qv,q2,ex,nu,RTTOT,RLTOT,RTQE,RLQE,RTIE,RLIE,RTE,RLE,RTNS,RLNS
0.649,0.4212,-0.00394,0.0001,2.070127e-23,4.7281590000000004e-17,0.0,0.0,-0.0,-0.0,0.0,0.0,2.070127e-23,4.7281590000000004e-17
0.649,0.4212,-0.00384,0.0002,2.3424280000000002e-23,5.1433010000000005e-17,0.0,0.0,-0.0,-0.0,0.0,0.0,2.3424280000000002e-23,5.1433010000000005e-17
0.649,0.4212,-0.00374,0.0003,2.6498970000000004e-23,5.594122e-17,0.0,0.0,-0.0,-0.0,0.0,0.0,2.6498970000000004e-23,5.594122e-17
0.649,0.4212,-0.00364,0.0004,2.99699e-23,6.083619e-17,0.0,0.0,-0.0,-0.0,0.0,0.0,2.99699e-23,6.083619e-17
0.649,0.4212,-0.00354,0.0005,3.388715e-23,6.615035000000001e-17,0.0,0.0,-0.0,-0.0,0.0,0.0,3.388715e-23,6.615035000000001e-17
0.649,0.4212,-0.00344,0.0006,3.830703e-23,7.191880000000001e-17,0.0,0.0,-0.0,-0.0,0.0,0.0,3.830703e-23,7.191880000000001e-17
0.649,0.4212,-0.00334,0.0007,4.329277e-23,7.817948e-17,0.0,0.0,-0.0,-0.0,0.0,0.0,4.329277e-23,7.817948e-17
0.649,0.4212,-0.00324,0.0008,4.8915420000000007e-23,8.497345000000001e-17,0.0,0.0,-0.0,-0.0,0.0,0.0,4.8915420000000007e-23,8.497345000000001e-17
0.649,0.4212,-0.00314,0.0009,5.525477e-23,9.234509000000001e-17,0.0,0.0,-0.0,-0.0,0.0,0.0,5.525477e-23,9.234509000000001e-17
0.649,0.4212,-0.00304,0.001,6.240039e-23,1.003424e-16,0.0,0.0,-0.0,-0.0,0.0,0.0,6.240039e-23,1.003424e-16
0.649,0.4212,-0.00294,0.0011,7.045281e-23,1.090172e-16,0.0,0.0,-0.0,-0.0,0.0,0.0,7.045281e-23,1.090172e-16
0.649,0.4212,-0.00284,0.0012,7.952486e-23,1.184257e-16,0.0,0.0,-0.0,-0.0,0.0,0.0,7.952486e-23,1.184257e-16
0.649,0.4212,-0.00274,0.0013,8.974308e-23,1.286284e-16,0.0,0.0,-0.0,-0.0,0.0,0.0,8.974308e-23,1.286284e-16
0.649,0.4212,-0.00264,0.0014,1.012494e-22,1.396908e-16,0.0,0.0,-0.0,-0.0,0.0,0.0,1.012494e-22,1.396908e-16
0.649,0.4212,-0.00254,0.0015,1.14203e-22,1.516837e-16,0.0,0.0,-0.0,-0.0,0.0,0.0,1.14203e-22,1.516837e-16
0.649,0.4212,-0.00244,0.0016,1.287823e-22,1.646835e-16,0.0,0.0,-0.0,-0.0,0.0,0.0,1.287823e-22,1.646835e-16
0.649,0.4212,-0.00234,0.0017,1.451872e-22,1.787727e-16,0.0,0.0,-0.0,-0.0,0.0,0.0,1.451872e-22,1.787727e-16
0.649,0.4212,-0.00224,0.0018,1.636417e-22,1.940406e-16,0.0,0.0,-0.0,-0.0,0.0,0.0,1.636417e-22,1.940406e-16
0.649,0.4212,-0.00214,0.0019,1.843967e-22,2.105833e-16,0.0,0.0,-0.0,-0.0,0.0,0.0,1.843967e-22,2.105833e-16
0.649,0.4212,-0.00204,0.002,2.0773310000000002e-22,2.285049e-16,0.0,0.0,-0.0,-0.0,0.0,0.0,2.0773310000000002e-22,2.285049e-16
0.649,0.4212,-0.00194,0.0021,2.339655e-22,2.479174e-16,0.0,0.0,-0.0,-0.0,0.0,0.0,2.339655e-22,2.479174e-16
0.649,0.4212,-0.00184,0.0022,2.634459e-22,2.68942e-16,0.0,0.0,-0.0,-0.0,0.0,0.0,2.634459e-22,2.68942e-16
0.649,0.4212,-0.00174,0.0023,2.9656820000000003e-22,2.917093e-16,0.0,0.0,-0.0,-0.0,0.0,0.0,2.9656820000000003e-22,2.917093e-16
0.649,0.4212,-0.00164,0.0024,3.3377290000000003e-22,3.163603e-16,0.0,0.0,-0.0,-0.0,0.0,0.0,3.3377290000000003e-22,3.163603e-16
0.649,0.42119,-0.00154,0.0025,3.755529e-22,3.430472e-16,0.0,0.0,-0.0,-0.0,0.0,0.0,3.755529e-22,3.430472e-16
0.649,0.42119,-0.00144,0.0026,4.224591e-22,3.719338e-16,0.0,0.0,-0.0,-0.0,0.0,0.0,4.224591e-22,3.719338e-16
0.649,0.42119,-0.00134,0.0027,4.751073e-22,4.031973e-16,0.0,0.0,-0.0,-0.0,0.0,0.0,4.751073e-22,4.031973e-16
0.649,0.42119,-0.00124,0.0028,5.341856e-22,4.370284e-16,0.0,0.0,-0.0,-0.0,0.0,0.0,5.341856e-22,4.370284e-16
0.649,0.42119,-0.00114,0.0029,6.004629e-22,4.736327e-16,0.0,0.0,-0.0,-0.0,0.0,0.0,6.004629e-22,4.736327e-16
0.649,0.42119,-0.00104,0.003,6.747977000000001e-22,5.132321e-16,0.0,0.0,-0.0,-0.0,0.0,0.0,6.747977000000001e-22,5.132321e-16
0.649,0.42119,-0.00094,0.0031,7.581489e-22,5.560655e-16,0.0,0.0,-0.0,-0.0,0.0,0.0,7.581489e-22,5.560655e-16
0.649,0.42119,-0.00084,0.0032,8.515867e-22,6.023906e-16,0.0,0.0,-0.0,-0.0,0.0,0.0,8.515867e-22,6.023906e-16
0.649,0.42119,-0.00074,0.0033,9.563056e-22,6.524849e-16,0.0,0.0,-0.0,-0.0,0.0,0.0,9.563056e-22,6.524849e-16
0.649,0.42119,-0.00064,0.0034,1.073638e-21,7.066475e-16,0.0,0.0,-0.0,-0.0,0.0,0.0,1.073638e-21,7.066475e-16
0.649,0.42119,-0.00054,0.0035,1.205071e-21,7.652004e-16,0.0,0.0,-0.0,-0.0,0.0,0.0,1.205071e-21,7.652004e-16
0.649,0.42119,-0.00044,0.0036,1.352262e-21,8.284907e-16,0.0,0.0,-0.0,-0.0,0.0,0.0,1.352262e-21,8.284907e-16
0.649,0.42119,-0.00034,0.0037,1.517059e-21,8.968919e-16,0.0,0.0,-0.0,-0.0,0.0,0.0,1.517059e-21,8.968919e-16
0.649,0.42119,-0.00024,0.0038,1.701522e-21,9.708064e-16,0.0,0.0,-0.0,-0.0,0.0,0.0,1.701522e-21,9.708064e-16
0.649,0.42119,-0.00014,0.0039,1.907947e-21,1.050667e-15,0.0,0.0,-0.0,-0.0,0.0,0.0,1.907947e-21,1.050667e-15
0.649,0.42119,-4e-05,0.004,2.138889e-21,1.136941e-15,0.0,0.0,-0.0,-0.0,0.0,0.0,2.138889e-21,1.136941e-15
0.649,0.42118,6e-05,0.0041,2.397196e-21,1.230129e-15,0.0,0.0,-0.0,-0.0,0.0,0.0,2.397196e-21,1.230129e-15
0.649,0.42118,0.00016,0.0042,2.68604e-21,1.330771e-15,0.0,0.0,-0.0,-0.0,0.0,0.0,2.68604e-21,1.330771e-15
0.649,0.42118,0.00026,0.0043,3.008948e-21,1.439448e-15,0.0,0.0,-0.0,-0.0,0.0,0.0,3.008948e-21,1.439448e-15
0.649,0.42118,0.00036,0.0044,3.369849e-21,1.556785e-15,0.0,0.0,-0.0,-0.0,0.0,0.0,3.369849e-21,1.556785e-15
0.649,0.42118,0.00046,0.0045,3.773111e-21,1.683455e-15,0.0,0.0,-0.0,-0.0,0.0,0.0,3.773111e-21,1.683455e-15
0.649,0.42118,0.00056,0.0046,4.223593e-21,1.82018e-15,0.0,0.0,-0.0,-0.0,0.0,0.0,4.223593e-21,1.82018e-15
0.649,0.42118,0.00066,0.0047,4.7267e-21,1.967738e-15,0.0,0.0,-0.0,-0.0,0.0,0.0,4.7267e-21,1.967738e-15
0.649,0.42118,0.00076,0.0048,5.288439e-21,2.126964e-15,0.0,0.0,-0.0,-0.0,0.0,0.0,5.288439e-21,2.126964e-15
0.649,0.42118,0.00086,0.0049,5.915484e-21,2.298757e-15,0.0,0.0,-0.0,-0.0,0.0,0.0,5.915484e-21,2.298757e-15
0.649,0.42118,0.00096,0.005,6.615253e-21,2.484082e-15,0.0,0.0,-0.0,-0.0,0.0,0.0,6.615253e-21,2.484082e-15
0.649,0.42117,0.00106,0.0051,7.395987e-21,2.683978e-15,0.0,0.0,-0.0,-0.0,0.0,0.0,7.395987e-21,2.683978e-15
0.649,0.42117,0.00116,0.0052,8.266833e-21,2.899559e-15,0.0,0.0,-0.0,-0.0,0.0,0.0,8.266833e-21,2.899559e-15
0.649,0.42117,0.00126,0.0053,9.23795e-21,3.132023e-15,0.0,0.0,-0.0,-0.0,0.0,0.0,9.23795e-21,3.132023e-15
0.649,0.42117,0.00136,0.0054,1.032061e-20,3.382657e-15,0.0,0.0,-0.0,-0.0,0.0,0.0,1.032061e-20,3.382657e-15
0.649,0.42117,0.00146,0.0055,1.152733e-20,3.652843e-15,0.0,0.0,-0.0,-0.0,0.0,0.0,1.152733e-20,3.652843e-15
0.649,0.42117,0.00156,0.0056,1.2871979999999999e-20,3.944065e-15,0.0,0.0,-0.0,-0.0,0.0,0.0,1.2871979999999999e-20,3.944065e-15
0.649,0.42117,0.00166,0.0057,1.436995e-20,4.257917e-15,0.0,0.0,-0.0,-0.0,0.0,0.0,1.436995e-20,4.257917e-15
0.649,0.42117,0.00176,0.0058,1.6038309999999998e-20,4.596109e-15,0.0,0.0,-0.0,-0.0,0.0,0.0,1.6038309999999998e-20,4.596109e-15
0.649,0.42117,0.00186,0.0059,1.7895979999999998e-20,4.960477e-15,0.0,0.0,-0.0,-0.0,0.0,0.0,1.7895979999999998e-20,4.960477e-15
0.649,0.42117,0.00196,0.006,1.996391e-20,5.352991e-15,0.0,0.0,-0.0,-0.0,0.0,0.0,1.996391e-20,5.352991e-15
0.649,0.42116,0.00206,0.0061,2.2265339999999998e-20,5.775767e-15,0.0,0.0,-0.0,-0.0,0.0,0.0,2.2265339999999998e-20,5.775767e-15
0.649,0.42116,0.00216,0.0062,2.482597e-20,6.231072e-15,0.0,0.0,-0.0,-0.0,0.0,0.0,2.482597e-20,6.231072e-15
0.649,0.42116,0.00226,0.0063,2.767429e-20,6.721341e-15,0.0,0.0,-0.0,-0.0,0.0,0.0,2.767429e-20,6.721341e-15
0.649,0.42116,0.00236,0.0064,3.084183e-20,7.249184e-15,0.0,0.0,-0.0,-0.0,0.0,0.0,3.084183e-20,7.249184e-15
0.649,0.42116,0.00246,0.0065,3.436349e-20,7.817398e-15,0.0,0.0,-0.0,-0.0,0.0,0.0,3.436349e-20,7.817398e-15
0.649,0.42116,0.00256,0.0066,3.827786e-20,8.428987e-15,0.0,0.0,-0.0,-0.0,0.0,0.0,3.827786e-20,8.428987e-15
0.649,0.42116,0.00266,0.0067,4.262766e-20,9.087168e-15,0.0,0.0,-0.0,-0.0,0.0,0.0,4.262766e-20,9.087168e-15
0.649,0.42115,0.00276,0.0068,4.746009e-20,9.795389e-15,0.0,0.0,-0.0,-0.0,0.0,0.0,4.746009e-20,9.795389e-15
0.649,0.42115,0.00286,0.0069,5.2827379999999996e-20,1.055735e-14,0.0,0.0,-0.0,-0.0,0.0,0.0,5.2827379999999996e-20,1.055735e-14
0.649,0.42115,0.00296,0.007,5.878721999999999e-20,1.137701e-14,0.0,0.0,-0.0,-0.0,0.0,0.0,5.878721999999999e-20,1.137701e-14
0.649,0.42115,0.00306,0.0071,6.540337e-20,1.225861e-14,0.0,0.0,-0.0,-0.0,0.0,0.0,6.540337e-20,1.225861e-14
0.649,0.42115,0.00316,0.0072,7.274627e-20,1.32067e-14,0.0,0.0,-0.0,-0.0,0.0,0.0,7.274627e-20,1.32067e-14
0.649,0.42115,0.00326,0.0073,8.089368e-20,1.422615e-14,0.0,0.0,-0.0,-0.0,0.0,0.0,8.089368e-20,1.422615e-14
0.649,0.42115,0.00336,0.0074,8.993149999999999e-20,1.532217e-14,0.0,0.0,-0.0,-0.0,0.0,0.0,8.993149999999999e-20,1.532217e-14
0.649,0.42114,0.00346,0.0075,9.995451999999999e-20,1.650036e-14,0.0,0.0,-0.0,-0.0,0.0,0.0,9.995451999999999e-20,1.650036e-14
0.649,0.42114,0.00356,0.0076,1.110673e-19,1.776669e-14,0.0,0.0,-0.0,-0.0,0.0,0.0,1.110673e-19,1.776669e-14
0.649,0.42114,0.00366,0.0077,1.233854e-19,1.912756e-14,0.0,0.0,-0.0,-0.0,0.0,0.0,1.233854e-19,1.912756e-14
0.649,0.42114,0.00376,0.0078,1.370358e-19,2.058982e-14,0.0,0.0,-0.0,-0.0,0.0,0.0,1.370358e-19,2.058982e-14
0.649,0.42114,0.00386,0.0079,1.521592e-19,2.216081e-14,0.0,0.0,-0.0,-0.0,0.0,0.0,1.521592e-19,2.216081e-14
0.649,0.42114,0.00396,0.008,1.6890999999999998e-19,2.384837e-14,0.0,0.0,-0.0,-0.0,0.0,0.0,1.6890999999999998e-19,2.384837e-14
0.649,0.42114,0.00406,0.0081,1.874588e-19,2.566088e-14,0.0,0.0,-0.0,-0.0,0.0,0.0,1.874588e-19,2.566088e-14
0.649,0.42113,0.00416,0.0082,2.079935e-19,2.760734e-14,0.0,0.0,-0.0,-0.0,0.0,0.0,2.079935e-19,2.760734e-14
0.649,0.42113,0.00426,0.0083,2.307209e-19,2.969733e-14,0.0,0.0,-0.0,-0.0,0.0,0.0,2.307209e-19,2.969733e-14
0.649,0.42113,0.00436,0.0084,2.5586889999999996e-19,3.194113e-14,0.0,0.0,-0.0,-0.0,0.0,0.0,2.5586889999999996e-19,3.194113e-14
0.649,0.42113,0.00446,0.0085,2.8368819999999997e-19,3.434972e-14,0.0,0.0,-0.0,-0.0,0.0,0.0,2.8368819999999997e-19,3.434972e-14
0.649,0.42113,0.00456,0.0086,3.1445499999999996e-19,3.693482e-14,0.0,0.0,-0.0,-0.0,0.0,0.0,3.1445499999999996e-19,3.693482e-14
0.649,0.42113,0.00466,0.0087,3.4847279999999995e-19,3.970898e-14,0.0,0.0,-0.0,-0.0,0.0,0.0,3.4847279999999995e-19,3.970898e-14
0.649,0.42112,0.00476,0.0088,3.8607589999999995e-19,4.268561e-14,0.0,0.0,-0.0,-0.0,0.0,0.0,3.8607589999999995e-19,4.268561e-14
0.649,0.42112,0.00486,0.0089,4.2763149999999997e-19,4.587903e-14,0.0,0.0,-0.0,-0.0,0.0,0.0,4.2763149999999997e-19,4.587903e-14
0.649,0.42112,0.00496,0.009,4.735436999999999e-19,4.930454e-14,0.0,0.0,-0.0,-0.0,0.0,0.0,4.735436999999999e-19,4.930454e-14
0.649,0.42112,0.00506,0.0091,5.242563e-19,5.297848e-14,0.0,0.0,-0.0,-0.0,0.0,0.0,5.242563e-19,5.297848e-14
0.649,0.42112,0.00516,0.0092,5.802573e-19,5.691832e-14,0.0,0.0,-0.0,-0.0,0.0,0.0,5.802573e-19,5.691832e-14
0.649,0.42111,0.00526,0.0093,6.420824999999999e-19,6.114271e-14,0.0,0.0,-0.0,-0.0,0.0,0.0,6.420824999999999e-19,6.114271e-14
0.649,0.42111,0.00536,0.0094,7.103204e-19,6.567153e-14,0.0,0.0,-0.0,-0.0,0.0,0.0,7.103204e-19,6.567153e-14
0.649,0.42111,0.00546,0.0095,7.856173999999999e-19,7.052606e-14,0.0,0.0,-0.0,-0.0,0.0,0.0,7.856173999999999e-19,7.052606e-14
0.649,0.42111,0.00556,0.0096,8.686826e-19,7.572897e-14,0.0,0.0,-0.0,-0.0,0.0,0.0,8.686826e-19,7.572897e-14
0.649,0.42111,0.00566,0.0097,9.602945999999998e-19,8.130446e-14,0.0,0.0,-0.0,-0.0,0.0,0.0,9.602945999999998e-19,8.130446e-14
0.649,0.4211,0.00576,0.0098,1.061307e-18,8.727838e-14,0.0,0.0,-0.0,-0.0,0.0,0.0,1.061307e-18,8.727838e-14
0.649,0.4211,0.00586,0.0099,1.172657e-18,9.367829e-14,0.0,0.0,-0.0,-0.0,0.0,0.0,1.172657e-18,9.367829e-14
0.649,0.4211,0.00596,0.01,1.295371e-18,1.005336e-13,0.0,0.0,-0.0,-0.0,0.0,0.0,1.295371e-18,1.005336e-13
0.649,0.4211,0.00606,0.0101,1.430575e-18,1.078756e-13,0.0,0.0,-0.0,-0.0,0.0,0.0,1.430575e-18,1.078756e-13
0.649,0.4211,0.00616,0.0102,1.579502e-18,1.157378e-13,0.0,0.0,-0.0,-0.0,0.0,0.0,1.579502e-18,1.157378e-13
0.649,0.42109,0.00626,0.0103,1.743505e-18,1.241559e-13,0.0,0.0,-0.0,-0.0,0.0,0.0,1.743505e-18,1.241559e-13
0.649,0.42109,0.00636,0.0104,1.924063e-18,1.331678e-13,0.0,0.0,-0.0,-0.0,0.0,0.0,1.924063e-18,1.331678e-13
0.649,0.42109,0.00646,0.0105,2.122799e-18,1.428142e-13,0.0,0.0,-0.0,-0.0,0.0,0.0,2.122799e-18,1.428142e-13
0.649,0.42109,0.00656,0.0106,2.341486e-18,1.53138e-13,0.0,0.0,-0.0,-0.0,0.0,0.0,2.341486e-18,1.53138e-13
0.649,0.42109,0.00666,0.0107,2.582067e-18,1.641855e-13,0.0,0.0,-0.0,-0.0,0.0,0.0,2.582067e-18,1.641855e-13
0.649,0.42108,0.00676,0.0108,2.846667e-18,1.760056e-13,0.0,0.0,-0.0,-0.0,0.0,0.0,2.846667e-18,1.760056e-13
0.649,0.42108,0.00686,0.0109,3.137611e-18,1.886506e-13,0.0,0.0,-0.0,-0.0,0.0,0.0,3.137611e-18,1.886506e-13
0.649,0.42108,0.00696,0.011,3.4574410000000002e-18,2.021761e-13,0.0,0.0,-0.0,-0.0,0.0,0.0,3.4574410000000002e-18,2.021761e-13
0.649,0.42108,0.00706,0.0111,3.808936e-18,2.166413e-13,0.0,0.0,-0.0,-0.0,0.0,0.0,3.808936e-18,2.166413e-13
0.649,0.42108,0.00716,0.0112,4.195134e-18,2.321094e-13,0.0,0.0,-0.0,-0.0,0.0,0.0,4.195134e-18,2.321094e-13
0.649,0.42107,0.00726,0.0113,4.619353e-18,2.486475e-13,0.0,0.0,-0.0,-0.0,0.0,0.0,4.619353e-18,2.486475e-13
0.649,0.42107,0.00736,0.0114,5.085221e-18,2.663271e-13,0.0,0.0,-0.0,-0.0,0.0,0.0,5.085221e-18,2.663271e-13
0.649,0.42107,0.00746,0.0115,5.596695e-18,2.852243e-13,0.0,0.0,-0.0,-0.0,0.0,0.0,5.596695e-18,2.852243e-13
0.649,0.42107,0.00756,0.0116,6.158099e-18,3.054201e-13,0.0,0.0,-0.0,-0.0,0.0,0.0,6.158099e-18,3.054201e-13
0.649,0.42106,0.00766,0.0117,6.774152e-18,3.270007e-13,0.0,0.0,-0.0,-0.0,0.0,0.0,6.774152e-18,3.270007e-13
0.649,0.42106,0.00776,0.0118,7.450003e-18,3.500576e-13,0.0,0.0,-0.0,-0.0,0.0,0.0,7.450003e-18,3.500576e-13
0.649,0.42106,0.00786,0.0119,8.191268e-18,3.746885e-13,0.0,0.0,-0.0,-0.0,0.0,0.0,8.191268e-18,3.746885e-13
0.649,0.42106,0.00796,0.012,9.004074e-18,4.009971e-13,0.0,0.0,-0.0,-0.0,0.0,0.0,9.004074e-18,4.009971e-13
0.649,0.42105,0.00806,0.0121,9.8951e-18,4.290934e-13,0.0,0.0,-0.0,-0.0,0.0,0.0,9.8951e-18,4.290934e-13
0.649,0.42105,0.00816,0.0122,1.087163e-17,4.590949e-13,0.0,0.0,-0.0,-0.0,0.0,0.0,1.087163e-17,4.590949e-13
0.649,0.42105,0.00826,0.0123,1.1941590000000001e-17,4.91126e-13,0.0,0.0,-0.0,-0.0,0.0,0.0,1.1941590000000001e-17,4.91126e-13
0.649,0.42105,0.00836,0.0124,1.3113630000000002e-17,5.253193e-13,0.0,0.0,-0.0,-0.0,0.0,0.0,1.3113630000000002e-17,5.253193e-13
0.649,0.42104,0.00846,0.0125,1.439716e-17,5.618154e-13,0.0,0.0,-0.0,-0.0,0.0,0.0,1.439716e-17,5.618154e-13
0.649,0.42104,0.00856,0.0126,1.5802430000000002e-17,6.00764e-13,0.0,0.0,-0.0,-0.0,0.0,0.0,1.5802430000000002e-17,6.00764e-13
0.649,0.42104,0.00866,0.0127,1.7340600000000002e-17,6.423238e-13,0.0,0.0,-0.0,-0.0,0.0,0.0,1.7340600000000002e-17,6.423238e-13
0.649,0.42104,0.00876,0.0128,1.902381e-17,6.866636e-13,0.0,0.0,-0.0,-0.0,0.0,0.0,1.902381e-17,6.866636e-13
0.649,0.42103,0.00886,0.0129,2.0865280000000003e-17,7.339626e-13,0.0,0.0,-0.0,-0.0,0.0,0.0,2.0865280000000003e-17,7.339626e-13
0.649,0.42103,0.00896,0.013,2.287937e-17,7.844111e-13,0.0,0.0,-0.0,-0.0,0.0,0.0,2.287937e-17,7.844111e-13
0.649,0.42103,0.00906,0.0131,2.5081710000000002e-17,8.382112e-13,0.0,0.0,-0.0,-0.0,0.0,0.0,2.5081710000000002e-17,8.382112e-13
0.649,0.42103,0.00916,0.0132,2.748928e-17,8.955772e-13,0.0,0.0,-0.0,-0.0,0.0,0.0,2.748928e-17,8.955772e-13
0.649,0.42102,0.00926,0.0133,3.0120540000000004e-17,9.567369e-13,0.0,0.0,-0.0,-0.0,0.0,0.0,3.0120540000000004e-17,9.567369e-13
0.649,0.42102,0.00936,0.0134,3.299555e-17,1.021932e-12,0.0,0.0,-0.0,-0.0,0.0,0.0,3.299555e-17,1.021932e-12
0.649,0.42102,0.00946,0.0135,3.6136080000000003e-17,1.091418e-12,0.0,0.0,-0.0,-0.0,0.0,0.0,3.6136080000000003e-17,1.091418e-12
0.649,0.42102,0.00956,0.0136,3.9565800000000006e-17,1.165468e-12,0.0,0.0,-0.0,-0.0,0.0,0.0,3.9565800000000006e-17,1.165468e-12
0.649,0.42101,0.00966,0.0137,4.3310390000000005e-17,1.24437e-12,0.0,0.0,-0.0,-0.0,0.0,0.0,4.3310390000000005e-17,1.24437e-12
0.649,0.42101,0.00976,0.0138,4.7397700000000005e-17,1.328429e-12,0.0,0.0,-0.0,-0.0,0.0,0.0,4.7397700000000005e-17,1.328429e-12
0.649,0.42101,0.00986,0.0139,5.1857990000000004e-17,1.41797e-12,0.0,0.0,-0.0,-0.0,0.0,0.0,5.1857990000000004e-17,1.41797e-12
0.649,0.42101,0.00996,0.014,5.672404e-17,1.513338e-12,0.0,0.0,-0.0,-0.0,0.0,0.0,5.672404e-17,1.513338e-12
0.649,0.421,0.01006,0.0141,6.203144000000001e-17,1.614895e-12,0.0,0.0,-0.0,-0.0,0.0,0.0,6.203144000000001e-17,1.614895e-12
0.649,0.421,0.01016,0.0142,6.781873e-17,1.72303e-12,0.0,0.0,-0.0,-0.0,0.0,0.0,6.781873e-17,1.72303e-12
0.649,0.421,0.01026,0.0143,7.412772000000001e-17,1.838151e-12,0.0,0.0,0.0,0.0,0.0,0.0,7.412772000000001e-17,1.838151e-12
0.649,0.42099,0.01036,0.0144,8.100368000000001e-17,1.960692e-12,0.0,0.0,0.0,0.0,0.0,0.0,8.100368000000001e-17,1.960692e-12
0.649,0.42099,0.01046,0.0145,8.849566000000001e-17,2.091112e-12,0.0,0.0,0.0,0.0,0.0,0.0,8.849566000000001e-17,2.091112e-12
0.649,0.42099,0.01056,0.0146,9.665679000000001e-17,2.2299e-12,0.0,0.0,0.0,0.0,0.0,0.0,9.665679000000001e-17,2.2299e-12
0.649,0.42098,0.01066,0.0147,1.055446e-16,2.377569e-12,0.0,0.0,0.0,0.0,0.0,0.0,1.055446e-16,2.377569e-12
0.649,0.42098,0.01076,0.0148,1.152212e-16,2.534666e-12,0.0,0.0,0.0,0.0,0.0,0.0,1.152212e-16,2.534666e-12
0.649,0.42098,0.01086,0.0149,1.257542e-16,2.70177e-12,0.0,0.0,0.0,0.0,0.0,0.0,1.257542e-16,2.70177e-12
0.649,0.42098,0.01096,0.015,1.372161e-16,2.879491e-12,0.0,0.0,0.0,0.0,0.0,0.0,1.372161e-16,2.879491e-12
0.649,0.42097,0.01106,0.0151,1.49686e-16,3.068478e-12,0.0,0.0,0.0,0.0,0.0,0.0,1.49686e-16,3.068478e-12
0.649,0.42097,0.01116,0.0152,1.632489e-16,3.269416e-12,0.0,0.0,0.0,0.0,0.0,0.0,1.632489e-16,3.269416e-12
0.649,0.42097,0.01126,0.0153,1.77997e-16,3.48303e-12,0.0,0.0,0.0,0.0,0.0,0.0,1.77997e-16,3.48303e-12
0.649,0.42096,0.01136,0.0154,1.940296e-16,3.710086e-12,0.0,0.0,0.0,0.0,0.0,0.0,1.940296e-16,3.710086e-12
0.649,0.42096,0.01147,0.0155,2.114543e-16,3.951397e-12,0.0,0.0,0.0,0.0,0.0,0.0,2.114543e-16,3.951397e-12
0.649,0.42096,0.01157,0.0156,2.303871e-16,4.207821e-12,0.0,0.0,0.0,0.0,0.0,0.0,2.303871e-16,4.207821e-12
0.649,0.42095,0.01167,0.0157,2.509532e-16,4.480265e-12,0.0,0.0,0.0,0.0,0.0,0.0,2.509532e-16,4.480265e-12
0.649,0.42095,0.01177,0.0158,2.73288e-16,4.769688e-12,0.0,0.0,0.0,0.0,0.0,0.0,2.73288e-16,4.769688e-12
0.649,0.42095,0.01187,0.0159,2.975373e-16,5.077104e-12,0.0,0.0,0.0,0.0,0.0,0.0,2.975373e-16,5.077104e-12
0.649,0.42095,0.01197,0.016,3.238586e-16,5.403586e-12,0.0,0.0,0.0,0.0,0.0,0.0,3.238586e-16,5.403586e-12
0.649,0.42094,0.01207,0.0161,3.524216e-16,5.750265e-12,0.0,0.0,0.0,0.0,0.0,0.0,3.524216e-16,5.750265e-12
0.649,0.42094,0.01217,0.0162,3.834094e-16,6.118338e-12,0.0,0.0,0.0,0.0,0.0,0.0,3.834094e-16,6.118338e-12
0.649,0.42094,0.01227,0.0163,4.170191e-16,6.509071e-12,0.0,0.0,0.0,0.0,0.0,0.0,4.170191e-16,6.509071e-12
0.649,0.42093,0.01237,0.0164,4.534635e-16,6.923797e-12,0.0,0.0,0.0,0.0,0.0,0.0,4.534635e-16,6.923797e-12
0.649,0.42093,0.01247,0.0165,4.929714e-16,7.363928e-12,0.0,0.0,0.0,0.0,0.0,0.0,4.929714e-16,7.363928e-12
0.649,0.42093,0.01257,0.0166,5.357896e-16,7.830951e-12,0.0,0.0,0.0,0.0,0.0,0.0,5.357896e-16,7.830951e-12
0.649,0.42092,0.01267,0.0167,5.821834e-16,8.326441e-12,0.0,0.0,0.0,0.0,0.0,0.0,5.821834e-16,8.326441e-12
0.649,0.42092,0.01277,0.0168,6.324388e-16,8.852055e-12,0.0,0.0,0.0,0.0,0.0,0.0,6.324388e-16,8.852055e-12
0.649,0.42092,0.01287,0.0169,6.868631e-16,9.409545e-12,0.0,0.0,0.0,0.0,0.0,0.0,6.868631e-16,9.409545e-12
0.649,0.42091,0.01297,0.017,7.457873e-16,1.000076e-11,0.0,0.0,0.0,0.0,0.0,0.0,7.457873e-16,1.000076e-11
0.649,0.42091,0.01307,0.0171,8.095671e-16,1.062765e-11,0.0,0.0,0.0,0.0,0.0,0.0,8.095671e-16,1.062765e-11
0.649,0.42091,0.01317,0.0172,8.78585e-16,1.129227e-11,0.0,0.0,0.0,0.0,0.0,0.0,8.78585e-16,1.129227e-11
0.649,0.4209,0.01327,0.0173,9.53252e-16,1.199679e-11,0.0,0.0,0.0,0.0,0.0,0.0,9.53252e-16,1.199679e-11
0.649,0.4209,0.01337,0.0174,1.03401e-15,1.27435e-11,0.0,0.0,0.0,0.0,0.0,0.0,1.03401e-15,1.27435e-11
0.649,0.42089,0.01347,0.0175,1.121334e-15,1.353481e-11,0.0,0.0,0.0,0.0,0.0,0.0,1.121334e-15,1.353481e-11
0.649,0.42089,0.01357,0.0176,1.215732e-15,1.437327e-11,0.0,0.0,0.0,0.0,0.0,0.0,1.215732e-15,1.437327e-11
0.649,0.42089,0.01367,0.0177,1.317753e-15,1.526155e-11,0.0,0.0,0.0,0.0,0.0,0.0,1.317753e-15,1.526155e-11
0.649,0.42088,0.01377,0.0178,1.427984e-15,1.620248e-11,0.0,0.0,0.0,0.0,0.0,0.0,1.427984e-15,1.620248e-11
0.649,0.42088,0.01387,0.0179,1.547055e-15,1.719905e-11,0.0,0.0,0.0,0.0,0.0,0.0,1.547055e-15,1.719905e-11
0.649,0.42088,0.01397,0.018,1.675641e-15,1.825437e-11,0.0,0.0,0.0,0.0,0.0,0.0,1.675641e-15,1.825437e-11
0.649,0.42087,0.01407,0.0181,1.814468e-15,1.937177e-11,0.0,0.0,0.0,0.0,0.0,0.0,1.814468e-15,1.937177e-11
0.649,0.42087,0.01417,0.0182,1.964313e-15,2.055472e-11,0.0,0.0,0.0,0.0,0.0,0.0,1.964313e-15,2.055472e-11
0.649,0.42087,0.01427,0.0183,2.126009e-15,2.180688e-11,0.0,0.0,0.0,0.0,0.0,0.0,2.126009e-15,2.180688e-11
0.649,0.42086,0.01437,0.0184,2.300448e-15,2.313212e-11,0.0,0.0,0.0,0.0,0.0,0.0,2.300448e-15,2.313212e-11
0.649,0.42086,0.01447,0.0185,2.488588e-15,2.453449e-11,0.0,0.0,0.0,0.0,0.0,0.0,2.488588e-15,2.453449e-11
0.649,0.42086,0.01457,0.0186,2.691451e-15,2.601828e-11,0.0,0.0,0.0,0.0,0.0,0.0,2.691451e-15,2.601828e-11
0.649,0.42085,0.01467,0.0187,2.910134e-15,2.758797e-11,0.0,0.0,0.0,0.0,0.0,0.0,2.910134e-15,2.758797e-11
0.649,0.42085,0.01477,0.0188,3.14581e-15,2.924831e-11,0.0,0.0,0.0,0.0,0.0,0.0,3.14581e-15,2.924831e-11
0.649,0.42084,0.01487,0.0189,3.399734e-15,3.100428e-11,0.0,0.0,0.0,0.0,0.0,0.0,3.399734e-15,3.100428e-11
0.649,0.42084,0.01497,0.019,3.67325e-15,3.286112e-11,0.0,0.0,0.0,0.0,0.0,0.0,3.67325e-15,3.286112e-11
0.649,0.42084,0.01507,0.0191,3.967793e-15,3.482433e-11,0.0,0.0,0.0,0.0,0.0,0.0,3.967793e-15,3.482433e-11
0.649,0.42083,0.01517,0.0192,4.284899e-15,3.689972e-11,0.0,0.0,0.0,0.0,0.0,0.0,4.284899e-15,3.689972e-11
0.649,0.42083,0.01527,0.0193,4.626207e-15,3.909337e-11,0.0,0.0,0.0,0.0,0.0,0.0,4.626207e-15,3.909337e-11
0.649,0.42082,0.01537,0.0194,4.993472e-15,4.141169e-11,0.0,0.0,0.0,0.0,0.0,0.0,4.993472e-15,4.141169e-11
0.649,0.42082,0.01547,0.0195,5.388566e-15,4.386141e-11,0.0,0.0,0.0,0.0,0.0,0.0,5.388566e-15,4.386141e-11
0.649,0.42082,0.01557,0.0196,5.813487e-15,4.64496e-11,0.0,0.0,0.0,0.0,0.0,0.0,5.813487e-15,4.64496e-11
0.649,0.42081,0.01567,0.0197,6.270371e-15,4.91837e-11,0.0,0.0,0.0,0.0,0.0,0.0,6.270371e-15,4.91837e-11
0.649,0.42081,0.01577,0.0198,6.761495e-15,5.207152e-11,0.0,0.0,0.0,0.0,0.0,0.0,6.761495e-15,5.207152e-11
0.649,0.4208,0.01587,0.0199,7.28929e-15,5.512125e-11,0.0,0.0,0.0,0.0,0.0,0.0,7.28929e-15,5.512125e-11
0.649,0.4208,0.01597,0.02,7.856347e-15,5.83415e-11,0.0,0.0,0.0,0.0,0.0,0.0,7.856347e-15,5.83415e-11
0.649,0.4208,0.01607,0.0201,8.465432e-15,6.174132e-11,0.0,0.0,0.0,0.0,0.0,0.0,8.465432e-15,6.174132e-11
0.649,0.42079,0.01617,0.0202,9.11949e-15,6.533021e-11,0.0,0.0,0.0,0.0,0.0,0.0,9.11949e-15,6.533021e-11
0.649,0.42079,0.01627,0.0203,9.821661e-15,6.911813e-11,0.0,0.0,0.0,0.0,0.0,0.0,9.821661e-15,6.911813e-11
0.649,0.42078,0.01637,0.0204,1.057529e-14,7.311554e-11,0.0,0.0,0.0,0.0,0.0,0.0,1.057529e-14,7.311554e-11
0.649,0.42078,0.01647,0.0205,1.138394e-14,7.73334e-11,0.0,0.0,0.0,0.0,0.0,0.0,1.138394e-14,7.73334e-11
0.649,0.42078,0.01657,0.0206,1.225141e-14,8.178325e-11,0.0,0.0,0.0,0.0,0.0,0.0,1.225141e-14,8.178325e-11
0.649,0.42077,0.01667,0.0207,1.318172e-14,8.647719e-11,0.0,0.0,0.0,0.0,0.0,0.0,1.318172e-14,8.647719e-11
0.649,0.42077,0.01677,0.0208,1.417919e-14,9.142816e-11,0.0,0.0,0.0,0.0,0.0,0.0,1.417919e-14,9.142816e-11
0.649,0.42076,0.01687,0.0209,1.524838e-14,9.66515e-11,0.0,0.0,0.0,0.0,0.0,0.0,1.524838e-14,9.66515e-11
0.649,0.42076,0.01697,0.021,1.639414e-14,1.021759e-10,0.0,0.0,0.0,0.0,0.0,0.0,1.639414e-14,1.021759e-10
0.649,0.42076,0.01707,0.0211,1.762166e-14,1.081127e-10,0.0,0.0,0.0,0.0,0.0,0.0,1.762166e-14,1.081127e-10
0.649,0.42075,0.01717,0.0212,1.893642e-14,1.150519e-10,0.0,0.0,0.0,0.0,0.0,0.0,1.893642e-14,1.150519e-10
0.649,0.42075,0.01727,0.0213,2.034425e-14,1.261277e-10,0.0,0.0,0.0,0.0,0.0,0.0,2.034425e-14,1.261277e-10
0.649,0.42074,0.01737,0.0214,2.185137e-14,1.567653e-10,0.0,0.0,0.0,0.0,0.0,0.0,2.185137e-14,1.567653e-10
0.649,0.42074,0.01747,0.0215,2.346435e-14,2.762644e-10,0.0,0.0,0.0,0.0,0.0,0.0,2.346435e-14,2.762644e-10
0.649,0.42073,0.01757,0.0216,2.519018e-14,7.677956e-10,0.0,0.0,0.0,0.0,0.0,0.0,2.519018e-14,7.677956e-10
0.649,0.42073,0.01767,0.0217,2.703628e-14,2.681697e-09,0.0,0.0,0.0,0.0,0.0,0.0,2.703628e-14,2.681697e-09
0.649,0.42073,0.01777,0.0218,2.901053e-14,9.54776e-09,0.0,0.0,0.0,0.0,0.0,0.0,2.901053e-14,9.54776e-09
0.649,0.42072,0.01787,0.0219,3.112127e-14,3.208869e-08,0.0,0.0,0.0,0.0,0.0,0.0,3.112127e-14,3.208869e-08
0.649,0.42072,0.01797,0.022,3.337734e-14,9.966002e-08,0.0,0.0,0.0,0.0,0.0,0.0,3.337734e-14,9.966002e-08
0.649,0.42071,0.01807,0.0221,3.578815e-14,2.843974e-07,0.0,0.0,0.0,0.0,0.0,0.0,3.578815e-14,2.843974e-07
0.649,0.42071,0.01817,0.0222,3.836362e-14,7.445031e-07,0.0,0.0,0.0,0.0,0.0,0.0,3.836362e-14,7.445031e-07
0.649,0.4207,0.01827,0.0223,4.111429e-14,1.787035e-06,0.0,0.0,0.0,0.0,0.0,0.0,4.111429e-14,1.787035e-06
0.649,0.4207,0.01837,0.0224,4.405133e-14,3.932391e-06,0.0,0.0,0.0,0.0,0.0,0.0,4.405133e-14,3.932391e-06
0.649,0.42069,0.01847,0.0225,4.718654e-14,7.932556e-06,0.0,0.0,0.0,0.0,0.0,0.0,4.718654e-14,7.932556e-06
0.649,0.42069,0.01857,0.0226,5.053243e-14,1.466874e-05,0.0,0.0,0.0,0.0,0.0,0.0,5.053243e-14,1.466874e-05
0.649,0.42069,0.01867,0.0227,5.410223e-14,2.486515e-05,0.0,0.0,0.0,0.0,0.0,0.0,5.410223e-14,2.486515e-05
0.649,0.42068,0.01877,0.0228,5.790993e-14,3.86372e-05,0.0,0.0,0.0,0.0,0.0,0.0,5.790993e-14,3.86372e-05
0.649,0.42068,0.01887,0.0229,6.197033e-14,5.503449e-05,0.0,0.0,0.0,0.0,0.0,0.0,6.197033e-14,5.503449e-05
0.649,0.42067,0.01897,0.023,6.629909e-14,7.185841e-05,0.0,0.0,0.0,0.0,0.0,0.0,6.629909e-14,7.185841e-05
0.649,0.42067,0.01907,0.0231,7.091272e-14,8.600674e-05,0.0,0.0,0.0,0.0,0.0,0.0,7.091272e-14,8.600674e-05
0.649,0.42066,0.01917,0.0232,7.582872e-14,9.43623e-05,0.0,0.0,0.0,0.0,0.0,0.0,7.582872e-14,9.43623e-05
0.649,0.42066,0.01927,0.0233,8.106553e-14,9.490184e-05,0.0,0.0,0.0,0.0,0.0,0.0,8.106553e-14,9.490184e-05
0.649,0.42065,0.01937,0.0234,8.664263e-14,8.749029e-05,0.0,0.0,0.0,0.0,0.0,0.0,8.664263e-14,8.749029e-05
0.649,0.42065,0.01947,0.0235,9.258059e-14,7.393554e-05,0.0,0.0,0.0,0.0,0.0,0.0,9.258059e-14,7.393554e-05
0.649,0.42064,0.01957,0.0236,9.890112e-14,5.727353e-05,0.0,0.0,0.0,0.0,0.0,0.0,9.890112e-14,5.727353e-05
0.649,0.42064,0.01967,0.0237,1.056271e-13,4.066879e-05,0.0,0.0,0.0,0.0,0.0,0.0,1.056271e-13,4.066879e-05
0.649,0.42063,0.01977,0.0238,1.127827e-13,2.647127e-05,0.0,0.0,0.0,0.0,0.0,0.0,1.127827e-13,2.647127e-05
0.649,0.42063,0.01987,0.0239,1.203934e-13,1.579411e-05,0.0,0.0,0.0,0.0,0.0,0.0,1.203934e-13,1.579411e-05
0.649,0.42063,0.01997,0.024,1.28486e-13,8.638231e-06,0.0,0.0,0.0,0.0,0.0,0.0,1.28486e-13,8.638231e-06
0.649,0.42062,0.02007,0.0241,1.370888e-13,4.33084e-06,0.0,0.0,0.0,0.0,0.0,0.0,1.370888e-13,4.33084e-06
0.649,0.42062,0.02017,0.0242,1.462316e-13,1.990495e-06,0.0,0.0,0.0,0.0,0.0,0.0,1.462316e-13,1.990495e-06
0.649,0.42061,0.02027,0.0243,1.559457e-13,8.388102e-07,0.0,0.0,0.0,0.0,0.0,0.0,1.559457e-13,8.388102e-07
0.649,0.42061,0.02037,0.0244,1.662641e-13,3.242708e-07,0.0,0.0,0.0,0.0,0.0,0.0,1.662641e-13,3.242708e-07
0.649,0.4206,0.02047,0.0245,1.772216e-13,1.152035e-07,0.0,0.0,0.0,0.0,0.0,0.0,1.772216e-13,1.152035e-07
0.649,0.4206,0.02057,0.0246,1.888549e-13,3.786323e-08,0.0,0.0,0.0,0.0,0.0,0.0,1.888549e-13,3.786323e-08
0.649,0.42059,0.02067,0.0247,2.012022e-13,1.184947e-08,0.0,0.0,0.0,0.0,0.0,0.0,2.012022e-13,1.184947e-08
0.649,0.42059,0.02077,0.0248,2.143041e-13,4.117034e-09,0.0,0.0,0.0,0.0,0.0,0.0,2.143041e-13,4.117034e-09
0.649,0.42058,0.02087,0.0249,2.282031e-13,2.960966e-09,0.0,0.0,0.0,0.0,0.0,0.0,2.282031e-13,2.960966e-09
0.649,0.42058,0.02097,0.025,2.429438e-13,6.265693e-09,0.0,0.0,0.0,0.0,0.0,0.0,2.429438e-13,6.265693e-09
0.649,0.42057,0.02107,0.0251,2.585732e-13,1.884536e-08,0.0,0.0,0.0,0.0,0.0,0.0,2.585732e-13,1.884536e-08
0.649,0.42057,0.02117,0.0252,2.751406e-13,5.698664e-08,0.0,0.0,0.0,0.0,0.0,0.0,2.751406e-13,5.698664e-08
0.649,0.42056,0.02127,0.0253,2.926978e-13,1.616132e-07,0.0,0.0,0.0,0.0,0.0,0.0,2.926978e-13,1.616132e-07
0.649,0.42056,0.02137,0.0254,3.11299e-13,4.230013e-07,0.0,0.0,0.0,0.0,0.0,0.0,3.11299e-13,4.230013e-07
0.649,0.42055,0.02147,0.0255,3.310014e-13,1.017152e-06,0.0,0.0,0.0,0.0,0.0,0.0,3.310014e-13,1.017152e-06
0.649,0.42055,0.02157,0.0256,3.518648e-13,2.243778e-06,0.0,0.0,0.0,0.0,0.0,0.0,3.518648e-13,2.243778e-06
0.649,0.42054,0.02167,0.0257,3.73952e-13,4.538437e-06,0.0,0.0,0.0,0.0,0.0,0.0,3.73952e-13,4.538437e-06
0.649,0.42054,0.02177,0.0258,3.973288e-13,8.415605e-06,0.0,0.0,0.0,0.0,0.0,0.0,3.973288e-13,8.415605e-06
0.649,0.42053,0.02187,0.0259,4.220643e-13,1.430492e-05,0.0,0.0,0.0,0.0,0.0,0.0,4.220643e-13,1.430492e-05
0.649,0.42053,0.02197,0.026,4.48231e-13,2.228918e-05,0.0,0.0,0.0,0.0,0.0,0.0,4.48231e-13,2.228918e-05
0.649,0.42052,0.02207,0.0261,4.759046e-13,3.183516e-05,0.0,0.0,0.0,0.0,0.0,0.0,4.759046e-13,3.183516e-05
0.649,0.42051,0.02217,0.0262,5.051647e-13,4.167985e-05,0.0,0.0,0.0,0.0,0.0,0.0,5.051647e-13,4.167985e-05
0.649,0.42051,0.02227,0.0263,5.360948e-13,5.002193e-05,0.0,0.0,0.0,0.0,0.0,0.0,5.360948e-13,5.002193e-05
0.649,0.4205,0.02237,0.0264,5.687821e-13,5.503441e-05,0.0,0.0,0.0,0.0,0.0,0.0,5.687821e-13,5.503441e-05
0.649,0.4205,0.02247,0.0265,6.033181e-13,5.551464e-05,0.0,0.0,0.0,0.0,0.0,0.0,6.033181e-13,5.551464e-05
0.649,0.42049,0.02257,0.0266,6.397987e-13,5.136083e-05,0.0,0.0,0.0,0.0,0.0,0.0,6.397987e-13,5.136083e-05
0.649,0.42049,0.02267,0.0267,6.783244e-13,4.362259e-05,0.0,0.0,0.0,0.0,0.0,0.0,6.783244e-13,4.362259e-05
0.649,0.42048,0.02277,0.0268,7.190003e-13,3.410182e-05,0.0,0.0,0.0,0.0,0.0,0.0,7.190003e-13,3.410182e-05
0.649,0.42048,0.02287,0.0269,7.619368e-13,2.47264e-05,0.0,0.0,0.0,0.0,0.0,0.0,7.619368e-13,2.47264e-05
0.649,0.42047,0.02297,0.027,8.072492e-13,1.701789e-05,0.0,0.0,0.0,0.0,0.0,0.0,8.072492e-13,1.701789e-05
0.649,0.42047,0.02307,0.0271,8.550587e-13,1.187958e-05,0.0,0.0,0.0,0.0,0.0,0.0,8.550587e-13,1.187958e-05
0.649,0.42046,0.02317,0.0272,9.054921e-13,9.738413e-06,0.0,0.0,0.0,0.0,0.0,0.0,9.054921e-13,9.738413e-06
0.649,0.42046,0.02327,0.0273,9.586823e-13,1.092861e-05,0.0,0.0,0.0,0.0,0.0,0.0,9.586823e-13,1.092861e-05
0.649,0.42045,0.02337,0.0274,1.014769e-12,1.617929e-05,0.0,0.0,0.0,0.0,0.0,0.0,1.014769e-12,1.617929e-05
0.649,0.42044,0.02347,0.0275,1.073898e-12,2.714174e-05,0.0,0.0,0.0,0.0,0.0,0.0,1.073898e-12,2.714174e-05
0.649,0.42044,0.02357,0.0276,1.136223e-12,4.698993e-05,0.0,0.0,0.0,0.0,0.0,0.0,1.136223e-12,4.698993e-05
0.649,0.42043,0.02367,0.0277,1.201906e-12,8.119989e-05,0.0,0.0,0.0,0.0,0.0,0.0,1.201906e-12,8.119989e-05
0.649,0.42043,0.02377,0.0278,1.271115e-12,0.0001386593,0.0,0.0,0.0,0.0,0.0,0.0,1.271115e-12,0.0001386593
0.649,0.42042,0.02387,0.0279,1.344028e-12,0.0002333176,0.0,0.0,0.0,0.0,0.0,0.0,1.344028e-12,0.0002333176
0.649,0.42042,0.02397,0.028,1.420833e-12,0.000386697,0.0,0.0,0.0,0.0,0.0,0.0,1.420833e-12,0.000386697
0.649,0.42041,0.02407,0.0281,1.501727e-12,0.0006317585,0.0,0.0,0.0,0.0,0.0,0.0,1.501727e-12,0.0006317585
0.649,0.42041,0.02417,0.0282,1.586917e-12,0.001018805,0.0,0.0,0.0,0.0,0.0,0.0,1.586917e-12,0.001018805
0.649,0.4204,0.02427,0.0283,1.676622e-12,0.001624259,0.0,0.0,0.0,0.0,0.0,0.0,1.676622e-12,0.001624259
0.649,0.42039,0.02437,0.0284,1.771072e-12,0.002563221,0.0,0.0,0.0,0.0,0.0,0.0,1.771072e-12,0.002563221
0.649,0.42039,0.02447,0.0285,1.870513e-12,0.004006813,0.0,0.0,0.0,0.0,0.0,0.0,1.870513e-12,0.004006813
0.649,0.42038,0.02457,0.0286,1.975203e-12,0.006205427,0.0,0.0,0.0,0.0,0.0,0.0,1.975203e-12,0.006205427
0.649,0.42038,0.02467,0.0287,2.085414e-12,0.009519361,0.0,0.0,0.0,0.0,0.0,0.0,2.085414e-12,0.009519361
0.649,0.42037,0.02477,0.0288,2.201437e-12,0.01445868,0.0,0.0,0.0,0.0,0.0,0.0,2.201437e-12,0.01445868
0.649,0.42037,0.02487,0.0289,2.32358e-12,0.02173448,0.0,0.0,0.0,0.0,0.0,0.0,2.32358e-12,0.02173448
0.649,0.42036,0.02497,0.029,2.452171e-12,0.03232363,0.0,0.0,0.0,0.0,0.0,0.0,2.452171e-12,0.03232363
0.649,0.42035,0.02507,0.0291,2.587558e-12,0.04754887,0.0,0.0,0.0,0.0,0.0,0.0,2.587558e-12,0.04754887
0.649,0.42035,0.02517,0.0292,2.730115e-12,0.06917498,0.0,0.0,0.0,0.0,0.0,0.0,2.730115e-12,0.06917498
0.649,0.42034,0.02527,0.0293,2.880239e-12,0.09952101,0.0,0.0,0.0,0.0,0.0,0.0,2.880239e-12,0.09952101
0.649,0.42034,0.02537,0.0294,3.038355e-12,0.1415866,0.0,0.0,0.0,0.0,0.0,0.0,3.038355e-12,0.1415866
0.649,0.42033,0.02547,0.0295,3.204921e-12,0.1991887,0.0,0.0,0.0,0.0,0.0,0.0,3.204921e-12,0.1991887
0.649,0.42032,0.02557,0.0296,3.380424e-12,0.2771021,0.0,0.0,0.0,0.0,0.0,0.0,3.380424e-12,0.2771021
0.649,0.42032,0.02567,0.0297,3.565393e-12,0.381194,0.0,0.0,0.0,0.0,0.0,0.0,3.565393e-12,0.381194
0.649,0.42031,0.02577,0.0298,3.760393e-12,0.5185413,0.0,0.0,0.0,0.0,0.0,0.0,3.760393e-12,0.5185413
0.649,0.42031,0.02587,0.0299,3.966036e-12,0.6975116,0.0,0.0,0.0,0.0,0.0,0.0,3.966036e-12,0.6975116
0.649,0.4203,0.02597,0.03,4.18298e-12,0.9277907,0.0,0.0,0.0,0.0,0.0,0.0,4.18298e-12,0.9277907
0.649,0.42029,0.02607,0.0301,4.411941e-12,1.220335,0.0,0.0,0.0,0.0,0.0,0.0,4.411941e-12,1.220335
0.649,0.42029,0.02617,0.0302,4.653689e-12,1.587225,0.0,0.0,0.0,0.0,0.0,0.0,4.653689e-12,1.587225
0.649,0.42028,0.02627,0.0303,4.90906e-12,2.041399,0.0,0.0,0.0,0.0,0.0,0.0,4.90906e-12,2.041399
0.649,0.42028,0.02637,0.0304,5.178963e-12,2.596256,0.0,0.0,0.0,0.0,0.0,0.0,5.178963e-12,2.596256
0.649,0.42027,0.02647,0.0305,5.464383e-12,3.265104,0.0,0.0,0.0,0.0,0.0,0.0,5.464383e-12,3.265104
0.649,0.42026,0.02657,0.0306,5.76639e-12,4.06047,0.0,0.0,0.0,0.0,0.0,0.0,5.76639e-12,4.06047
0.649,0.42026,0.02667,0.0307,6.086149e-12,4.993273,0.0,0.0,0.0,0.0,0.0,0.0,6.086149e-12,4.993273
0.649,0.42025,0.02677,0.0308,6.424928e-12,6.071889,0.0,0.0,0.0,0.0,0.0,0.0,6.424928e-12,6.071889
0.649,0.42025,0.02687,0.0309,6.784105e-12,7.301157,0.0,0.0,0.0,0.0,0.0,0.0,6.784105e-12,7.301157
0.649,0.42024,0.02697,0.031,7.165183e-12,8.681381,0.0,0.0,0.0,0.0,0.0,0.0,7.165183e-12,8.681381
0.649,0.42023,0.02707,0.0311,7.569799e-12,10.2074,0.0,0.0,0.0,0.0,0.0,0.0,7.569799e-12,10.2074
0.649,0.42023,0.02717,0.0312,7.999736e-12,11.86781,0.0,0.0,0.0,0.0,0.0,0.0,7.999736e-12,11.86781
0.649,0.42022,0.02727,0.0313,8.456937e-12,13.6444,0.0,0.0,0.0,0.0,0.0,0.0,8.456937e-12,13.6444
0.649,0.42022,0.02737,0.0314,8.943519e-12,15.51199,0.0,0.0,0.0,0.0,0.0,0.0,8.943519e-12,15.51199
0.649,0.42021,0.02747,0.0315,9.461788e-12,17.4385,0.0,0.0,0.0,0.0,0.0,0.0,9.461788e-12,17.4385
0.649,0.4202,0.02757,0.0316,1.001425e-11,19.38559,0.0,0.0,0.0,0.0,0.0,0.0,1.001425e-11,19.38559
0.649,0.4202,0.02767,0.0317,1.060365e-11,21.3097,0.0,0.0,0.0,0.0,0.0,0.0,1.060365e-11,21.3097
0.649,0.42019,0.02777,0.0318,1.123295e-11,23.16349,0.0,0.0,0.0,0.0,0.0,0.0,1.123295e-11,23.16349
0.649,0.42018,0.02787,0.0319,1.190538e-11,24.89767,0.0,0.0,0.0,0.0,0.0,0.0,1.190538e-11,24.89767
0.649,0.42018,0.02797,0.032,1.262447e-11,26.46314,0.0,0.0,0.0,0.0,0.0,0.0,1.262447e-11,26.46314
0.649,0.42017,0.02807,0.0321,1.339401e-11,27.81326,0.0,0.0,0.0,0.0,0.0,0.0,1.339401e-11,27.81326
0.649,0.42016,0.02817,0.0322,1.421816e-11,28.90613,0.0,0.0,0.0,0.0,0.0,0.0,1.421816e-11,28.90613
0.649,0.42016,0.02827,0.0323,1.510145e-11,29.70679,0.0,0.0,0.0,0.0,0.0,0.0,1.510145e-11,29.70679
0.649,0.42015,0.02837,0.0324,1.604928e-11,30.18902,0.0,0.0,0.0,0.0,0.0,0.0,1.604928e-11,30.18902
0.649,0.42014,0.02847,0.0325,1.707121e-11,30.33678,0.0,0.0,0.0,0.0,0.0,0.0,1.707121e-11,30.33678
0.649,0.42014,0.02857,0.0326,1.820478e-11,30.14513,0.0,0.0,0.0,0.0,0.0,0.0,1.820478e-11,30.14513
0.649,0.42013,0.02867,0.0327,1.967057e-11,29.62047,0.0,0.0,0.0,0.0,0.0,0.0,1.967057e-11,29.62047
0.649,0.42013,0.02877,0.0328,2.279226e-11,28.78018,0.0,0.0,0.0,0.0,0.0,0.0,2.279226e-11,28.78018
0.649,0.42012,0.02887,0.0329,3.495008e-11,27.65171,0.0,0.0,0.0,0.0,0.0,0.0,3.495008e-11,27.65171
0.649,0.42011,0.02897,0.033,9.375102e-11,26.27103,0.0,0.0,0.0,0.0,0.0,0.0,9.375102e-11,26.27103
0.649,0.42011,0.02907,0.0331,3.737048e-10,24.68077,0.0,0.0,0.0,0.0,0.0,0.0,3.737048e-10,24.68077
0.649,0.4201,0.02917,0.0332,1.611082e-09,22.92803,0.0,0.0,0.0,0.0,0.0,0.0,1.611082e-09,22.92803
0.649,0.42009,0.02927,0.0333,6.626197e-09,21.06207,0.0,0.0,0.0,0.0,0.0,0.0,6.626197e-09,21.06207
0.649,0.42009,0.02937,0.0334,2.521092e-08,19.13205,0.0,0.0,0.0,0.0,0.0,0.0,2.521092e-08,19.13205
0.649,0.42008,0.02947,0.0335,8.811349e-08,17.18494,0.0,0.0,0.0,0.0,0.0,0.0,8.811349e-08,17.18494
0.649,0.42007,0.02957,0.0336,2.824239e-07,15.26372,0.0,0.0,0.0,0.0,0.0,0.0,2.824239e-07,15.26372
0.649,0.42007,0.02967,0.0337,8.298164e-07,13.40598,0.0,0.0,0.0,0.0,0.0,0.0,8.298164e-07,13.40598
0.649,0.42006,0.02977,0.0338,2.234783e-06,11.64293,0.0,0.0,0.0,0.0,0.0,0.0,2.234783e-06,11.64293
0.649,0.42005,0.02987,0.0339,5.516321e-06,9.998879,0.0,0.0,0.0,0.0,0.0,0.0,5.516321e-06,9.998879
0.649,0.42005,0.02997,0.034,1.24803e-05,8.491137,0.0,0.0,0.0,0.0,0.0,0.0,1.24803e-05,8.491137
0.649,0.42004,0.03007,0.0341,2.58803e-05,7.130264,0.0,0.0,0.0,0.0,0.0,0.0,2.58803e-05,7.130264
0.649,0.42003,0.03017,0.0342,4.919211e-05,5.920665,0.0,0.0,0.0,0.0,0.0,0.0,4.919211e-05,5.920665
0.649,0.42002,0.03027,0.0343,8.570882e-05,4.861388,0.0,0.0,0.0,0.0,0.0,0.0,8.570882e-05,4.861388
0.649,0.42002,0.03037,0.0344,0.0001368971,3.947071,0.0,0.0,0.0,0.0,0.0,0.0,0.0001368971,3.947071
0.649,0.42001,0.03047,0.0345,0.000200473,3.168942,0.0,0.0,0.0,0.0,0.0,0.0,0.000200473,3.168942
0.649,0.42,0.03057,0.0346,0.0002692119,2.515812,0.0,0.0,0.0,0.0,0.0,0.0,0.0002692119,2.515812
0.649,0.42,0.03067,0.0347,0.0003316184,1.974998,0.0,0.0,0.0,0.0,0.0,0.0,0.0003316184,1.974998
0.649,0.41999,0.03077,0.0348,0.0003748762,1.533131,0.0,0.0,0.0,0.0,0.0,0.0,0.0003748762,1.533131
0.649,0.41998,0.03087,0.0349,0.0003891755,1.176837,0.0,0.0,0.0,0.0,0.0,0.0,0.0003891755,1.176837
0.649,0.41998,0.03097,0.035,0.0003714252,0.8932583,0.0,0.0,0.0,0.0,0.0,0.0,0.0003714252,0.8932583
0.649,0.41997,0.03107,0.0351,0.0003264035,0.6704431,0.0,0.0,0.0,0.0,0.0,0.0,0.0003264035,0.6704431
0.649,0.41996,0.03117,0.0352,0.0002647353,0.4975887,0.0,0.0,0.0,0.0,0.0,0.0,0.0002647353,0.4975887
0.649,0.41995,0.03127,0.0353,0.0002094701,0.365179,6.978348e-06,2.424261e-06,0.0,0.0,3.652519e-06,0.0,0.0001988392,0.3651765
0.649,0.41995,0.03137,0.0354,0.0001677718,0.2650144,1.890953e-05,6.56974e-06,0.0,0.0,9.916571e-06,0.0,0.0001389457,0.2650078
0.649,0.41994,0.03147,0.0355,0.000130488,0.1901772,2.596338e-05,9.02131e-06,0.0,0.0,1.364212e-05,0.0,9.088254e-05,0.1901682
0.649,0.41993,0.03157,0.0356,0.0001042814,0.1349509,3.159703e-05,1.097983e-05,0.0,0.0,1.663434e-05,0.0,5.605005e-05,0.1349399
0.649,0.41993,0.03167,0.0357,8.856123e-05,0.09469442,3.647588e-05,1.26764e-05,0.0,0.0,1.923988e-05,0.0,3.284547e-05,0.09468174
0.649,0.41992,0.03177,0.0358,8.08826e-05,0.06570659,4.087232e-05,1.420563e-05,0.0,0.0,2.160039e-05,0.0,1.840989e-05,0.06569239
0.649,0.41991,0.03188,0.0359,7.862615e-05,0.04508554,4.492926e-05,1.561713e-05,0.0,0.0,2.379008e-05,0.0,9.906816e-06,0.04506992
0.649,0.41991,0.03198,0.036,7.970274e-05,0.030593,4.873255e-05,1.694073e-05,0.0,0.0,2.585347e-05,0.0,5.116722e-06,0.03057606
0.649,0.4199,0.03208,0.0361,8.268381e-05,0.02052977,5.233846e-05,1.819596e-05,0.0,0.0,2.781968e-05,0.0,2.525666e-06,0.02051157
0.649,0.41989,0.03218,0.0362,8.667848e-05,0.01362568,5.578617e-05,1.939642e-05,0.0,0.0,2.970897e-05,0.0,1.183343e-06,0.01360628
0.649,0.41988,0.03228,0.0363,9.116254e-05,0.008945441,5.91042e-05,2.055201e-05,0.0,0.0,3.153609e-05,0.0,5.222545e-07,0.008924889
0.649,0.41988,0.03238,0.0364,9.584183e-05,0.005810483,6.231407e-05,2.167021e-05,0.0,0.0,3.331214e-05,0.0,2.156249e-07,0.005788813
0.649,0.41987,0.03248,0.0365,0.0001005611,0.003735545,6.543249e-05,2.275682e-05,0.0,0.0,3.504572e-05,0.0,8.2865e-08,0.003712788
0.649,0.41986,0.03258,0.0366,0.0001052459,0.002378517,6.847268e-05,2.381643e-05,0.0,0.0,3.674367e-05,0.0,2.95918e-08,0.002354701
0.649,0.41985,0.03268,0.0367,0.0001098667,0.001501573,7.144536e-05,2.485275e-05,0.0,0.0,3.841148e-05,0.0,9.884705e-09,0.001476721
0.649,0.41985,0.03278,0.0368,0.0001144162,0.0009416499,7.435932e-05,2.586884e-05,0.0,0.0,4.00537e-05,0.0,3.192529e-09,0.000915781
0.649,0.41984,0.03288,0.0369,0.0001188971,0.0005884608,7.722189e-05,2.686724e-05,0.0,0.0,4.167408e-05,0.0,1.117411e-09,0.0005615935
0.649,0.41983,0.03298,0.037,0.0001233156,0.0003684161,8.003922e-05,2.78501e-05,0.0,0.0,4.32758e-05,0.0,5.381903e-10,0.000340566
0.649,0.41982,0.03308,0.0371,0.0001276786,0.0002330636,8.281659e-05,2.881923e-05,0.0,0.0,4.486157e-05,0.0,4.015209e-10,0.0002042444
0.649,0.41982,0.03318,0.0372,0.0001319926,0.0001509215,8.55585e-05,2.977621e-05,0.0,0.0,4.64337e-05,0.0,3.847177e-10,0.0001211453
0.649,0.41981,0.03328,0.0373,0.0001362635,0.0001018011,8.826887e-05,3.07224e-05,0.0,0.0,4.799422e-05,0.0,3.980264e-10,7.107873e-05
0.649,0.4198,0.03338,0.0374,0.0001404964,7.292361e-05,9.095113e-05,3.165898e-05,0.0,0.0,4.954487e-05,0.0,4.188086e-10,4.126462e-05
0.649,0.41979,0.03348,0.0375,0.0001446959,5.630404e-05,9.360826e-05,3.2587e-05,0.0,0.0,5.108721e-05,0.0,4.419881e-10,2.371704e-05
0.649,0.41979,0.03358,0.0376,0.000148866,4.701682e-05,9.624293e-05,3.350737e-05,0.0,0.0,5.26226e-05,0.0,4.670501e-10,1.350945e-05
0.649,0.41978,0.03368,0.0377,0.0001530103,4.206204e-05,9.88575e-05,3.442092e-05,0.0,0.0,5.415226e-05,0.0,4.958646e-10,7.641121e-06
0.649,0.41977,0.03378,0.0378,0.0001571319,3.963573e-05,0.0001014541,3.532838e-05,0.0,0.0,5.567728e-05,0.0,5.352924e-10,4.307358e-06
0.649,0.41976,0.03388,0.0379,0.0001612337,3.866676e-05,0.0001040345,3.62304e-05,0.0,0.0,5.719862e-05,0.0,6.062033e-10,2.436362e-06
0.649,0.41976,0.03398,0.038,0.0001653185,3.852711e-05,0.0001066006,3.712758e-05,0.0,0.0,5.871718e-05,0.0,7.660855e-10,1.399532e-06
0.649,0.41975,0.03408,0.0381,0.0001693887,3.885322e-05,0.0001091538,3.802045e-05,0.0,0.0,6.023375e-05,0.0,1.158592e-09,8.327723e-07
0.649,0.41974,0.03418,0.0382,0.0001734467,3.94373e-05,0.0001116955,3.890951e-05,0.0,0.0,6.174906e-05,0.0,2.108102e-09,5.277997e-07
0.649,0.41973,0.03428,0.0383,0.0001774951,4.016211e-05,0.0001142271,3.979518e-05,0.0,0.0,6.326377e-05,0.0,4.272709e-09,3.669265e-07
0.649,0.41973,0.03438,0.0384,0.0001815369,4.096236e-05,0.0001167496,4.067789e-05,0.0,0.0,6.477848e-05,0.0,8.841499e-09,2.844671e-07
0.649,0.41972,0.03448,0.0385,0.0001855757,4.18022e-05,0.0001192642,4.1558e-05,0.0,0.0,6.629376e-05,0.0,1.770114e-08,2.442026e-07
0.649,0.41971,0.03458,0.0386,0.0001896154,4.266226e-05,0.0001217718,4.243586e-05,0.0,0.0,6.781011e-05,0.0,3.341409e-08,2.264007e-07
0.649,0.4197,0.03468,0.0387,0.0001936602,4.353221e-05,0.0001242734,4.331177e-05,0.0,0.0,6.932802e-05,0.0,5.879949e-08,2.204401e-07
0.649,0.4197,0.03478,0.0388,0.0001977137,4.440671e-05,0.0001267698,4.418604e-05,0.0,0.0,7.084791e-05,0.0,9.597741e-08,2.206746e-07
0.649,0.41969,0.03488,0.0389,0.0002017769,4.528307e-05,0.0001292617,4.505893e-05,0.0,0.0,7.237021e-05,0.0,1.44991e-07,2.24145e-07
0.649,0.41968,0.03498,0.039,0.0002058477,4.616002e-05,0.0001317499,4.593069e-05,0.0,0.0,7.389528e-05,0.0,2.025041e-07,2.293264e-07
0.649,0.41967,0.03508,0.0391,0.0002099199,4.703701e-05,0.0001342351,4.680156e-05,0.0,0.0,7.542349e-05,0.0,2.613513e-07,2.354498e-07
0.649,0.41966,0.03518,0.0392,0.0002139846,4.791357e-05,0.0001367178,4.767176e-05,0.0,0.0,7.695516e-05,0.0,3.116043e-07,2.418081e-07
0.649,0.41966,0.03528,0.0393,0.0002180325,4.879054e-05,0.0001391988,4.854148e-05,0.0,0.0,7.84906e-05,0.0,3.431756e-07,2.490531e-07
0.649,0.41965,0.03538,0.0394,0.0002220576,4.966743e-05,0.0001416784,4.941093e-05,0.0,0.0,8.003012e-05,0.0,3.490948e-07,2.565028e-07
0.649,0.41964,0.03548,0.0395,0.0002260592,5.054444e-05,0.0001441572,5.028028e-05,0.0,0.0,8.157397e-05,0.0,3.280112e-07,2.641641e-07
0.649,0.41963,0.03558,0.0396,0.0002300429,5.142173e-05,0.0001466358,5.114969e-05,0.0,0.0,8.312242e-05,0.0,2.846978e-07,2.720391e-07
0.649,0.41962,0.03568,0.0397,0.0002340185,5.229946e-05,0.0001491145,5.201933e-05,0.0,0.0,8.467571e-05,0.0,2.282985e-07,2.801272e-07
0.649,0.41962,0.03578,0.0398,0.0002379971,5.317778e-05,0.0001515939,5.288935e-05,0.0,0.0,8.623407e-05,0.0,1.691977e-07,2.884275e-07
0.649,0.41961,0.03588,0.0399,0.0002419879,5.405683e-05,0.0001540742,5.375989e-05,0.0,0.0,8.779773e-05,0.0,1.159745e-07,2.969396e-07
0.649,0.4196,0.03598,0.04,0.0002459964,5.493674e-05,0.0001565559,5.463107e-05,0.0,0.0,8.936688e-05,0.0,7.362832e-08,3.056643e-07
0.649,0.41959,0.03608,0.0401,0.0002500245,5.581764e-05,0.0001590393,5.550304e-05,0.0,0.0,9.094174e-05,0.0,4.343396e-08,3.146035e-07
0.649,0.41958,0.03618,0.0402,0.0002540713,5.669966e-05,0.0001615248,5.63759e-05,0.0,0.0,9.252247e-05,0.0,2.39798e-08,3.237599e-07
0.649,0.41958,0.03628,0.0403,0.0002581346,5.758291e-05,0.0001640127,5.724977e-05,0.0,0.0,9.410926e-05,0.0,1.259675e-08,3.331367e-07
0.649,0.41957,0.03638,0.0404,0.0002622122,5.84675e-05,0.0001665034,5.812476e-05,0.0,0.0,9.570229e-05,0.0,6.530344e-09,3.427374e-07
0.649,0.41956,0.03648,0.0405,0.0002663023,5.935354e-05,0.000168997,5.900098e-05,0.0,0.0,9.730171e-05,0.0,3.583123e-09,3.525656e-07
0.649,0.41955,0.03658,0.0406,0.0002704039,6.024114e-05,0.0001714939,5.987851e-05,0.0,0.0,9.890768e-05,0.0,2.281131e-09,3.626251e-07
0.649,0.41954,0.03668,0.0407,0.0002745165,6.113038e-05,0.0001739944,6.075746e-05,0.0,0.0,0.0001005203,0.0,1.763931e-09,3.729196e-07
0.649,0.41954,0.03678,0.0408,0.0002786402,6.202137e-05,0.0001764987,6.163792e-05,0.0,0.0,0.0001021399,0.0,1.586476e-09,3.834529e-07
0.649,0.41953,0.03688,0.0409,0.000282775,6.291419e-05,0.0001790071,6.251996e-05,0.0,0.0,0.0001037663,0.0,1.542607e-09,3.942286e-07
0.649,0.41952,0.03698,0.041,0.0002869212,6.380893e-05,0.0001815198,6.340368e-05,0.0,0.0,0.0001053999,0.0,1.546189e-09,4.052507e-07
0.649,0.41951,0.03708,0.0411,0.0002910793,6.470567e-05,0.0001840369,6.428915e-05,0.0,0.0,0.0001070408,0.0,1.564587e-09,4.165228e-07
0.649,0.4195,0.03718,0.0412,0.0002952494,6.560449e-05,0.0001865588,6.517644e-05,0.0,0.0,0.000108689,0.0,1.586531e-09,4.280487e-07
0.649,0.4195,0.03728,0.0413,0.0002994319,6.650547e-05,0.0001890856,6.606564e-05,0.0,0.0,0.0001103447,0.0,1.608443e-09,4.398322e-07
0.649,0.41949,0.03738,0.0414,0.0003036272,6.740868e-05,0.0001916176,6.69568e-05,0.0,0.0,0.0001120079,0.0,1.629254e-09,4.518771e-07
0.649,0.41948,0.03748,0.0415,0.0003078354,6.831419e-05,0.0001941549,6.785e-05,0.0,0.0,0.0001136789,0.0,1.648645e-09,4.64187e-07
0.649,0.41947,0.03758,0.0416,0.000312057,6.922207e-05,0.0001966977,6.87453e-05,0.0,0.0,0.0001153577,0.0,1.6665e-09,4.767658e-07
0.649,0.41946,0.03768,0.0417,0.0003162922,7.013239e-05,0.0001992462,6.964277e-05,0.0,0.0,0.0001170444,0.0,1.682758e-09,4.896171e-07
0.649,0.41945,0.03778,0.0418,0.0003205413,7.104521e-05,0.0002018005,7.054246e-05,0.0,0.0,0.0001187391,0.0,1.697375e-09,5.027448e-07
0.649,0.41945,0.03788,0.0419,0.0003248044,7.196059e-05,0.0002043609,7.144444e-05,0.0,0.0,0.0001204419,0.0,1.710316e-09,5.161524e-07
0.649,0.41944,0.03798,0.042,0.000329082,7.287859e-05,0.0002069274,7.234875e-05,0.0,0.0,0.0001221529,0.0,1.721552e-09,5.298437e-07
0.649,0.41943,0.03808,0.0421,0.0003333742,7.379928e-05,0.0002095003,7.325546e-05,0.0,0.0,0.0001238722,0.0,1.73106e-09,5.438223e-07
0.649,0.41942,0.03818,0.0422,0.0003376812,7.472271e-05,0.0002120796,7.416462e-05,0.0,0.0,0.0001255999,0.0,1.738825e-09,5.580918e-07
0.649,0.41941,0.03828,0.0423,0.0003420034,7.564893e-05,0.0002146656,7.507627e-05,0.0,0.0,0.000127336,0.0,1.744837e-09,5.72656e-07
0.649,0.4194,0.03838,0.0424,0.0003463408,7.657799e-05,0.0002172583,7.599047e-05,0.0,0.0,0.0001290807,0.0,1.749093e-09,5.875182e-07
0.649,0.41939,0.03848,0.0425,0.0003506938,7.750996e-05,0.000219858,7.690728e-05,0.0,0.0,0.0001308341,0.0,1.751597e-09,6.026821e-07
0.649,0.41939,0.03858,0.0426,0.0003550626,7.844487e-05,0.0002224647,7.782672e-05,0.0,0.0,0.0001325961,0.0,1.752359e-09,6.181511e-07
0.649,0.41938,0.03868,0.0427,0.0003594473,7.938278e-05,0.0002250785,7.874885e-05,0.0,0.0,0.000134367,0.0,1.751397e-09,6.339288e-07
0.649,0.41937,0.03878,0.0428,0.0003638481,8.032374e-05,0.0002276997,7.967372e-05,0.0,0.0,0.0001361467,0.0,1.748733e-09,6.500186e-07
0.649,0.41936,0.03888,0.0429,0.0003682653,8.12678e-05,0.0002303282,8.060137e-05,0.0,0.0,0.0001379354,0.0,1.744397e-09,6.664237e-07
0.649,0.41935,0.03898,0.043,0.0003726991,8.221499e-05,0.0002329643,8.153184e-05,0.0,0.0,0.000139733,0.0,1.738424e-09,6.831476e-07
0.649,0.41934,0.03908,0.0431,0.0003771496,8.316536e-05,0.000235608,8.246517e-05,0.0,0.0,0.0001415398,0.0,1.730857e-09,7.001936e-07
0.649,0.41933,0.03918,0.0432,0.000381617,8.411897e-05,0.0002382595,8.34014e-05,0.0,0.0,0.0001433557,0.0,1.721741e-09,7.175648e-07
0.649,0.41933,0.03928,0.0433,0.0003861014,8.507584e-05,0.0002409189,8.434057e-05,0.0,0.0,0.0001451809,0.0,1.711129e-09,7.352644e-07
0.649,0.41932,0.03938,0.0434,0.0003906032,8.603602e-05,0.0002435862,8.528273e-05,0.0,0.0,0.0001470153,0.0,1.699078e-09,7.532955e-07
0.649,0.41931,0.03948,0.0435,0.0003951224,8.699956e-05,0.0002462616,8.62279e-05,0.0,0.0,0.0001488591,0.0,1.68565e-09,7.716612e-07
0.649,0.4193,0.03958,0.0436,0.0003996592,8.796649e-05,0.0002489452,8.717612e-05,0.0,0.0,0.0001507123,0.0,1.670909e-09,7.903644e-07
0.649,0.41929,0.03968,0.0437,0.0004042137,8.893685e-05,0.000251637,8.812744e-05,0.0,0.0,0.000152575,0.0,1.654927e-09,8.094081e-07
0.649,0.41928,0.03978,0.0438,0.0004076815,8.966994e-05,0.00025365,8.884115e-05,0.0,0.0,0.0001540299,0.0,1.637775e-09,8.28795e-07
0.649,0.41927,0.03988,0.0439,0.0004098594,9.012187e-05,0.0002548588,8.927334e-05,0.0,0.0,0.0001549989,0.0,1.61953e-09,8.485279e-07
0.649,0.41927,0.03998,0.044,0.0004120438,9.05753e-05,0.0002560707,8.970669e-05,0.0,0.0,0.0001559715,0.0,1.60027e-09,8.686095e-07
0.649,0.41926,0.04008,0.0441,0.0004142348,9.103022e-05,0.0002572856,9.014118e-05,0.0,0.0,0.0001569476,0.0,1.580075e-09,8.890423e-07
0.649,0.41925,0.04018,0.0442,0.0004164323,9.148666e-05,0.0002585035,9.057683e-05,0.0,0.0,0.0001579273,0.0,1.559028e-09,9.098288e-07
0.649,0.41924,0.04028,0.0443,0.0004186365,9.194462e-05,0.0002597245,9.101365e-05,0.0,0.0,0.0001589105,0.0,1.537212e-09,9.309715e-07
0.649,0.41923,0.04038,0.0444,0.0004208473,9.24041e-05,0.0002609486,9.145163e-05,0.0,0.0,0.0001598972,0.0,1.51471e-09,9.524727e-07
0.649,0.41922,0.04048,0.0445,0.0004230648,9.286512e-05,0.0002621758,9.189079e-05,0.0,0.0,0.0001608875,0.0,1.491607e-09,9.743345e-07
0.649,0.41921,0.04058,0.0446,0.0004252889,9.332768e-05,0.000263406,9.233112e-05,0.0,0.0,0.0001618814,0.0,1.467986e-09,9.965591e-07
0.649,0.4192,0.04068,0.0447,0.0004275196,9.379178e-05,0.0002646394,9.277263e-05,0.0,0.0,0.0001628788,0.0,1.443932e-09,1.019148e-06
0.649,0.41919,0.04078,0.0448,0.0004297571,9.425744e-05,0.0002658759,9.321533e-05,0.0,0.0,0.0001638798,0.0,1.419526e-09,1.042104e-06
0.649,0.41918,0.04088,0.0449,0.0004320013,9.472465e-05,0.0002671155,9.365923e-05,0.0,0.0,0.0001648844,0.0,1.39485e-09,1.065429e-06
0.649,0.41918,0.04098,0.045,0.0004342522,9.519344e-05,0.0002683583,9.410432e-05,0.0,0.0,0.0001658925,0.0,1.369982e-09,1.089123e-06
0.649,0.41917,0.04108,0.0451,0.0004365099,9.56638e-05,0.0002696043,9.455061e-05,0.0,0.0,0.0001669043,0.0,1.345e-09,1.11319e-06
0.649,0.41916,0.04118,0.0452,0.0004387743,9.613574e-05,0.0002708534,9.499811e-05,0.0,0.0,0.0001679196,0.0,1.319978e-09,1.137629e-06
0.649,0.41915,0.04128,0.0453,0.0004410456,9.660926e-05,0.0002721057,9.544682e-05,0.0,0.0,0.0001689385,0.0,1.294989e-09,1.162442e-06
0.649,0.41914,0.04138,0.0454,0.0004433236,9.708438e-05,0.0002733613,9.589675e-05,0.0,0.0,0.0001699611,0.0,1.270101e-09,1.187632e-06
0.649,0.41913,0.04148,0.0455,0.0004456084,9.756109e-05,0.00027462,9.63479e-05,0.0,0.0,0.0001709872,0.0,1.245381e-09,1.213197e-06
0.649,0.41912,0.04158,0.0456,0.0004479001,9.803942e-05,0.000275882,9.680028e-05,0.0,0.0,0.0001720169,0.0,1.22089e-09,1.23914e-06
0.649,0.41911,0.04168,0.0457,0.0004501987,9.851935e-05,0.0002771472,9.725389e-05,0.0,0.0,0.0001730503,0.0,1.196687e-09,1.265461e-06
0.649,0.4191,0.04178,0.0458,0.0004525041,9.900089e-05,0.0002784157,9.770873e-05,0.0,0.0,0.0001740873,0.0,1.172828e-09,1.292161e-06
0.649,0.41909,0.04188,0.0459,0.0004548164,9.948406e-05,0.0002796874,9.816482e-05,0.0,0.0,0.0001751279,0.0,1.149362e-09,1.319241e-06
0.649,0.41909,0.04198,0.046,0.0004571356,9.996886e-05,0.0002809624,9.862216e-05,0.0,0.0,0.0001761721,0.0,1.126338e-09,1.3467e-06
0.649,0.41908,0.04208,0.0461,0.0004594618,0.0001004553,0.0002822408,9.908075e-05,0.0,0.0,0.0001772199,0.0,1.103797e-09,1.374538e-06
0.649,0.41907,0.04218,0.0462,0.0004617949,0.0001009434,0.0002835224,9.95406e-05,0.0,0.0,0.0001782714,0.0,1.08178e-09,1.402756e-06
0.649,0.41906,0.04228,0.0463,0.000464135,0.0001014331,0.0002848073,0.0001000017,0.0,0.0,0.0001793266,0.0,1.06032e-09,1.431354e-06
0.649,0.41905,0.04238,0.0464,0.0004664821,0.0001019244,0.0002860956,0.0001004641,0.0,0.0,0.0001803854,0.0,1.039448e-09,1.460331e-06
0.649,0.41904,0.04248,0.0465,0.0004688361,0.0001024174,0.0002873873,0.0001009277,0.0,0.0,0.0001814478,0.0,1.019191e-09,1.489686e-06
0.649,0.41903,0.04258,0.0466,0.0004711972,0.0001029121,0.0002886823,0.0001013927,0.0,0.0,0.000182514,0.0,9.995711e-10,1.519419e-06
0.649,0.41902,0.04268,0.0467,0.0004735654,0.0001034084,0.0002899807,0.0001018589,0.0,0.0,0.0001835837,0.0,9.80607e-10,1.54953e-06
0.649,0.41901,0.04278,0.0468,0.0004759406,0.0001039064,0.0002912824,0.0001023264,0.0,0.0,0.0001846572,0.0,9.623134e-10,1.580017e-06
0.649,0.419,0.04288,0.0469,0.0004783228,0.0001044061,0.0002925876,0.0001027952,0.0,0.0,0.0001857343,0.0,9.447015e-10,1.610878e-06
0.649,0.41899,0.04298,0.047,0.0004807122,0.0001049074,0.0002938962,0.0001032653,0.0,0.0,0.0001868151,0.0,9.277788e-10,1.642114e-06
0.649,0.41898,0.04308,0.0471,0.0004831087,0.0001054104,0.0002952082,0.0001037367,0.0,0.0,0.0001878996,0.0,9.115493e-10,1.673721e-06
0.649,0.41897,0.04318,0.0472,0.0004855123,0.0001059151,0.0002965237,0.0001042094,0.0,0.0,0.0001889877,0.0,8.960139e-10,1.705698e-06
0.649,0.41896,0.04328,0.0473,0.0004879231,0.0001064215,0.0002978426,0.0001046834,0.0,0.0,0.0001900796,0.0,8.811704e-10,1.738044e-06
0.649,0.41895,0.04338,0.0474,0.000490341,0.0001069295,0.000299165,0.0001051588,0.0,0.0,0.0001911752,0.0,8.670137e-10,1.770755e-06
0.649,0.41894,0.04348,0.0475,0.0004927661,0.0001074392,0.0003004908,0.0001056354,0.0,0.0,0.0001922744,0.0,8.53536e-10,1.803831e-06
0.649,0.41894,0.04358,0.0476,0.0004951985,0.0001079507,0.0003018202,0.0001061134,0.0,0.0,0.0001933774,0.0,8.40727e-10,1.837268e-06
0.649,0.41893,0.04368,0.0477,0.000497638,0.0001084638,0.0003031531,0.0001065928,0.0,0.0,0.0001944841,0.0,8.285742e-10,1.871063e-06
0.649,0.41892,0.04378,0.0478,0.0005000848,0.0001089786,0.0003044895,0.0001070734,0.0,0.0,0.0001955945,0.0,8.170627e-10,1.905213e-06
0.649,0.41891,0.04388,0.0479,0.0005025389,0.0001094952,0.0003058294,0.0001075554,0.0,0.0,0.0001967086,0.0,8.06176e-10,1.939716e-06
0.649,0.4189,0.04398,0.048,0.0005050002,0.0001100134,0.0003071729,0.0001080388,0.0,0.0,0.0001978265,0.0,7.958958e-10,1.974569e-06
0.649,0.41889,0.04408,0.0481,0.0005074689,0.0001105333,0.00030852,0.0001085235,0.0,0.0,0.0001989481,0.0,7.862023e-10,2.009766e-06
0.649,0.41888,0.04418,0.0482,0.0005099448,0.0001110549,0.0003098707,0.0001090096,0.0,0.0,0.0002000734,0.0,7.770743e-10,2.045306e-06
0.649,0.41887,0.04429,0.0483,0.0005124282,0.0001115783,0.0003112249,0.0001094971,0.0,0.0,0.0002012025,0.0,7.684897e-10,2.081183e-06
0.649,0.41886,0.04439,0.0484,0.0005149188,0.0001121033,0.0003125827,0.0001099859,0.0,0.0,0.0002023353,0.0,7.604253e-10,2.117393e-06
0.649,0.41885,0.04449,0.0485,0.0005174169,0.0001126301,0.0003139442,0.0001104761,0.0,0.0,0.0002034719,0.0,7.528572e-10,2.153933e-06
0.649,0.41884,0.04459,0.0486,0.0005199223,0.0001131585,0.0003153093,0.0001109677,0.0,0.0,0.0002046122,0.0,7.457608e-10,2.190797e-06
0.649,0.41883,0.04469,0.0487,0.0005224351,0.0001136887,0.0003166781,0.0001114607,0.0,0.0,0.0002057563,0.0,7.391113e-10,2.227981e-06
0.649,0.41882,0.04479,0.0488,0.0005249554,0.0001142205,0.0003180505,0.0001119551,0.0,0.0,0.0002069042,0.0,7.328833e-10,2.26548e-06
0.649,0.41881,0.04489,0.0489,0.0005274831,0.0001147541,0.0003194266,0.0001124508,0.0,0.0,0.0002080558,0.0,7.270516e-10,2.303287e-06
0.649,0.4188,0.04499,0.049,0.0005300183,0.0001152894,0.0003208063,0.000112948,0.0,0.0,0.0002092113,0.0,7.215909e-10,2.341399e-06
0.649,0.41879,0.04509,0.0491,0.000532561,0.0001158264,0.0003221898,0.0001134466,0.0,0.0,0.0002103705,0.0,7.164757e-10,2.379809e-06
0.649,0.41878,0.04519,0.0492,0.0005351112,0.0001163651,0.000323577,0.0001139466,0.0,0.0,0.0002115335,0.0,7.116813e-10,2.418511e-06
0.649,0.41877,0.04529,0.0493,0.0005376689,0.0001169055,0.000324968,0.000114448,0.0,0.0,0.0002127002,0.0,7.071829e-10,2.457498e-06
0.649,0.41876,0.04539,0.0494,0.0005402342,0.0001174476,0.0003263627,0.0001149509,0.0,0.0,0.0002138708,0.0,7.029564e-10,2.496766e-06
0.649,0.41875,0.04549,0.0495,0.000542807,0.0001179915,0.0003277611,0.0001154552,0.0,0.0,0.0002150452,0.0,6.989779e-10,2.536306e-06
0.649,0.41874,0.04559,0.0496,0.0005453874,0.000118537,0.0003291633,0.0001159609,0.0,0.0,0.0002162234,0.0,6.952245e-10,2.576113e-06
0.649,0.41873,0.04569,0.0497,0.0005479754,0.0001190842,0.0003305693,0.000116468,0.0,0.0,0.0002174054,0.0,6.916737e-10,2.616178e-06
0.649,0.41872,0.04579,0.0498,0.000550571,0.0001196331,0.0003319791,0.0001169766,0.0,0.0,0.0002185912,0.0,6.883037e-10,2.656496e-06
0.649,0.41871,0.04589,0.0499,0.0005531743,0.0001201838,0.0003333927,0.0001174867,0.0,0.0,0.0002197809,0.0,6.850936e-10,2.697058e-06
0.649,0.4187,0.04599,0.05,0.0005557852,0.0001207361,0.0003348102,0.0001179982,0.0,0.0,0.0002209744,0.0,6.820232e-10,2.737856e-06
0.649,0.41869,0.04609,0.0501,0.0005584038,0.0001212901,0.0003362315,0.0001185112,0.0,0.0,0.0002221717,0.0,6.790732e-10,2.778883e-06
0.649,0.41868,0.04619,0.0502,0.0005610301,0.0001218458,0.0003376566,0.0001190257,0.0,0.0,0.0002233728,0.0,6.762252e-10,2.820131e-06
0.649,0.41867,0.04629,0.0503,0.0005636642,0.0001224032,0.0003390857,0.0001195416,0.0,0.0,0.0002245778,0.0,6.734615e-10,2.861591e-06
0.649,0.41866,0.04639,0.0504,0.0005663059,0.0001229623,0.0003405186,0.000120059,0.0,0.0,0.0002257867,0.0,6.707655e-10,2.903255e-06
0.649,0.41865,0.04649,0.0505,0.0005689554,0.000123523,0.0003419554,0.0001205779,0.0,0.0,0.0002269994,0.0,6.681214e-10,2.945114e-06
0.649,0.41864,0.04659,0.0506,0.0005716127,0.0001240854,0.0003433961,0.0001210983,0.0,0.0,0.0002282159,0.0,6.655142e-10,2.987158e-06
0.649,0.41863,0.04669,0.0507,0.0005742778,0.0001246495,0.0003448408,0.0001216202,0.0,0.0,0.0002294364,0.0,6.629301e-10,3.02938e-06
0.649,0.41862,0.04679,0.0508,0.0005769507,0.0001252153,0.0003462894,0.0001221436,0.0,0.0,0.0002306606,0.0,6.603558e-10,3.071768e-06
0.649,0.41861,0.04689,0.0509,0.0005796314,0.0001257828,0.0003477419,0.0001226685,0.0,0.0,0.0002318888,0.0,6.577791e-10,3.114315e-06
0.649,0.4186,0.04699,0.051,0.0005823199,0.0001263519,0.0003491984,0.0001231949,0.0,0.0,0.0002331208,0.0,6.551888e-10,3.157009e-06
0.649,0.41859,0.04709,0.0511,0.0005850164,0.0001269226,0.0003506589,0.0001237228,0.0,0.0,0.0002343568,0.0,6.525741e-10,3.199841e-06
0.649,0.41858,0.04719,0.0512,0.0005877207,0.000127495,0.0003521235,0.0001242522,0.0,0.0,0.0002355966,0.0,6.499254e-10,3.242801e-06
0.649,0.41857,0.04729,0.0513,0.0005904329,0.0001280691,0.000353592,0.0001247832,0.0,0.0,0.0002368403,0.0,6.472337e-10,3.285878e-06
0.649,0.41856,0.04739,0.0514,0.0005931531,0.0001286448,0.0003550645,0.0001253158,0.0,0.0,0.0002380879,0.0,6.44491e-10,3.329062e-06
0.649,0.41855,0.04749,0.0515,0.0005958812,0.0001292222,0.0003565411,0.0001258498,0.0,0.0,0.0002393394,0.0,6.416897e-10,3.372341e-06
0.649,0.41854,0.04759,0.0516,0.0005986173,0.0001298011,0.0003580218,0.0001263854,0.0,0.0,0.0002405948,0.0,6.388232e-10,3.415706e-06
0.649,0.41853,0.04769,0.0517,0.0006013613,0.0001303817,0.0003595065,0.0001269226,0.0,0.0,0.0002418541,0.0,6.358854e-10,3.459145e-06
0.649,0.41852,0.04779,0.0518,0.0006041134,0.000130964,0.0003609954,0.0001274613,0.0,0.0,0.0002431174,0.0,6.328711e-10,3.502646e-06
0.649,0.41851,0.04789,0.0519,0.0006068735,0.0001315478,0.0003624883,0.0001280016,0.0,0.0,0.0002443846,0.0,6.297754e-10,3.546198e-06
0.649,0.4185,0.04799,0.052,0.0006096416,0.0001321333,0.0003639853,0.0001285435,0.0,0.0,0.0002456557,0.0,6.265942e-10,3.58979e-06
0.649,0.41849,0.04809,0.0521,0.0006124178,0.0001327203,0.0003654865,0.0001290869,0.0,0.0,0.0002469307,0.0,6.233239e-10,3.63341e-06
0.649,0.41848,0.04819,0.0522,0.000615202,0.000133309,0.0003669918,0.0001296319,0.0,0.0,0.0002482097,0.0,6.199616e-10,3.677045e-06
0.649,0.41847,0.04829,0.0523,0.0006179944,0.0001338992,0.0003685012,0.0001301785,0.0,0.0,0.0002494926,0.0,6.165047e-10,3.720684e-06
0.649,0.41846,0.04839,0.0524,0.0006207949,0.000134491,0.0003700149,0.0001307267,0.0,0.0,0.0002507794,0.0,6.129511e-10,3.764314e-06
0.649,0.41844,0.04849,0.0525,0.0006236036,0.0001350844,0.0003715327,0.0001312765,0.0,0.0,0.0002520702,0.0,6.092992e-10,3.807924e-06
0.649,0.41843,0.04859,0.0526,0.0006264204,0.0001356794,0.0003730547,0.0001318279,0.0,0.0,0.000253365,0.0,6.055479e-10,3.8515e-06
0.649,0.41842,0.04869,0.0527,0.0006292453,0.0001362759,0.000374581,0.0001323809,0.0,0.0,0.0002546638,0.0,6.016964e-10,3.895029e-06
0.649,0.41841,0.04879,0.0528,0.0006320785,0.000136874,0.0003761115,0.0001329355,0.0,0.0,0.0002559665,0.0,5.977444e-10,3.9385e-06
0.649,0.4184,0.04889,0.0529,0.0006349199,0.0001374737,0.0003776462,0.0001334918,0.0,0.0,0.0002572731,0.0,5.936916e-10,3.981898e-06
0.649,0.41839,0.04899,0.053,0.0006377696,0.0001380749,0.0003791852,0.0001340496,0.0,0.0,0.0002585838,0.0,5.895385e-10,4.025212e-06
0.649,0.41838,0.04909,0.0531,0.0006406274,0.0001386776,0.0003807284,0.0001346092,0.0,0.0,0.0002598984,0.0,5.852856e-10,4.068428e-06
0.649,0.41837,0.04919,0.0532,0.0006434936,0.0001392818,0.000382276,0.0001351703,0.0,0.0,0.0002612171,0.0,5.809338e-10,4.111533e-06
0.649,0.41836,0.04929,0.0533,0.0006463681,0.0001398876,0.0003838278,0.0001357331,0.0,0.0,0.0002625397,0.0,5.764842e-10,4.154513e-06
0.649,0.41835,0.04939,0.0534,0.0006492509,0.0001404949,0.000385384,0.0001362975,0.0,0.0,0.0002638663,0.0,5.71938e-10,4.197355e-06
0.649,0.41834,0.04949,0.0535,0.000652142,0.0001411037,0.0003869445,0.0001368636,0.0,0.0,0.0002651969,0.0,5.672971e-10,4.240045e-06
0.649,0.41833,0.04959,0.0536,0.0006550415,0.0001417139,0.0003885094,0.0001374314,0.0,0.0,0.0002665315,0.0,5.62563e-10,4.282571e-06
0.649,0.41832,0.04969,0.0537,0.0006579493,0.0001423257,0.0003900786,0.0001380008,0.0,0.0,0.0002678702,0.0,5.577378e-10,4.324918e-06
0.649,0.41831,0.04979,0.0538,0.0006608656,0.000142939,0.0003916522,0.0001385719,0.0,0.0,0.0002692128,0.0,5.528236e-10,4.367073e-06
0.649,0.4183,0.04989,0.0539,0.0006637903,0.0001435537,0.0003932302,0.0001391447,0.0,0.0,0.0002705595,0.0,5.478227e-10,4.409021e-06
0.649,0.41829,0.04999,0.054,0.0006667234,0.0001441699,0.0003948126,0.0001397191,0.0,0.0,0.0002719102,0.0,5.427376e-10,4.45075e-06
0.649,0.41827,0.05009,0.0541,0.0006696649,0.0001447875,0.0003963994,0.0001402953,0.0,0.0,0.000273265,0.0,5.375709e-10,4.492245e-06
0.649,0.41826,0.05019,0.0542,0.000672615,0.0001454066,0.0003979907,0.0001408731,0.0,0.0,0.0002746238,0.0,5.323252e-10,4.533493e-06
0.649,0.41825,0.05029,0.0543,0.0006755735,0.0001460272,0.0003995864,0.0001414527,0.0,0.0,0.0002759866,0.0,5.270033e-10,4.574479e-06
0.649,0.41824,0.05039,0.0544,0.0006785406,0.0001466491,0.0004011866,0.0001420339,0.0,0.0,0.0002773534,0.0,5.216081e-10,4.615189e-06
0.649,0.41823,0.05049,0.0545,0.0006815161,0.0001472725,0.0004027913,0.0001426169,0.0,0.0,0.0002787244,0.0,5.161426e-10,4.655611e-06
0.649,0.41822,0.05059,0.0546,0.0006845003,0.0001478973,0.0004044004,0.0001432016,0.0,0.0,0.0002800993,0.0,5.106099e-10,4.695729e-06
0.649,0.41821,0.05069,0.0547,0.000687493,0.0001485236,0.0004060141,0.000143788,0.0,0.0,0.0002814784,0.0,5.05013e-10,4.73553e-06
0.649,0.4182,0.05079,0.0548,0.0006904943,0.0001491512,0.0004076323,0.0001443762,0.0,0.0,0.0002828615,0.0,4.99355e-10,4.775001e-06
0.649,0.41819,0.05089,0.0549,0.0006935042,0.0001497802,0.0004092551,0.0001449661,0.0,0.0,0.0002842487,0.0,4.936394e-10,4.814126e-06
0.649,0.41818,0.05099,0.055,0.0006965228,0.0001504106,0.0004108824,0.0001455577,0.0,0.0,0.0002856399,0.0,4.878691e-10,4.852893e-06
0.649,0.41816,0.05109,0.0551,0.00069955,0.0001510424,0.0004125142,0.0001461511,0.0,0.0,0.0002870353,0.0,4.820476e-10,4.891287e-06
0.649,0.41815,0.05119,0.0552,0.0007025859,0.0001516755,0.0004141507,0.0001467463,0.0,0.0,0.0002884347,0.0,4.761782e-10,4.929295e-06
0.649,0.41814,0.05129,0.0553,0.0007056305,0.0001523101,0.0004157918,0.0001473432,0.0,0.0,0.0002898382,0.0,4.702642e-10,4.966903e-06
0.649,0.41813,0.05139,0.0554,0.0007086837,0.0001529459,0.0004174374,0.0001479418,0.0,0.0,0.0002912458,0.0,4.643089e-10,5.004098e-06
0.649,0.41812,0.05149,0.0555,0.0007117458,0.0001535831,0.0004190878,0.0001485423,0.0,0.0,0.0002926576,0.0,4.583156e-10,5.040865e-06
0.649,0.41811,0.05159,0.0556,0.0007148166,0.0001542217,0.0004207427,0.0001491445,0.0,0.0,0.0002940734,0.0,4.522877e-10,5.077192e-06
0.649,0.4181,0.05169,0.0557,0.0007178961,0.0001548616,0.0004224023,0.0001497485,0.0,0.0,0.0002954933,0.0,4.462287e-10,5.113065e-06
0.649,0.41809,0.05179,0.0558,0.0007209845,0.0001555028,0.0004240666,0.0001503543,0.0,0.0,0.0002969174,0.0,4.401416e-10,5.14847e-06
0.649,0.41808,0.05189,0.0559,0.0007240816,0.0001561453,0.0004257356,0.0001509619,0.0,0.0,0.0002983455,0.0,4.3403e-10,5.183395e-06
0.649,0.41807,0.05199,0.056,0.0007271876,0.0001567891,0.0004274093,0.0001515713,0.0,0.0,0.0002997778,0.0,4.278971e-10,5.217827e-06
0.649,0.41805,0.05209,0.0561,0.0007303025,0.0001574343,0.0004290878,0.0001521825,0.0,0.0,0.0003012143,0.0,4.217462e-10,5.251751e-06
0.649,0.41804,0.05219,0.0562,0.0007334262,0.0001580807,0.0004307709,0.0001527956,0.0,0.0,0.0003026548,0.0,4.155805e-10,5.285157e-06
0.649,0.41803,0.05229,0.0563,0.0007365588,0.0001587284,0.0004324589,0.0001534104,0.0,0.0,0.0003040996,0.0,4.094032e-10,5.31803e-06
0.649,0.41802,0.05239,0.0564,0.0007397004,0.0001593775,0.0004341515,0.0001540271,0.0,0.0,0.0003055484,0.0,4.032176e-10,5.350358e-06
0.649,0.41801,0.05249,0.0565,0.0007428508,0.0001600277,0.000435849,0.0001546456,0.0,0.0,0.0003070014,0.0,3.970268e-10,5.382129e-06
0.649,0.418,0.05259,0.0566,0.0007460103,0.0001606793,0.0004375513,0.000155266,0.0,0.0,0.0003084586,0.0,3.908339e-10,5.413331e-06
0.649,0.41799,0.05269,0.0567,0.0007491787,0.0001613321,0.0004392584,0.0001558882,0.0,0.0,0.0003099199,0.0,3.84642e-10,5.443952e-06
0.649,0.41797,0.05279,0.0568,0.0007523561,0.0001619862,0.0004409703,0.0001565122,0.0,0.0,0.0003113854,0.0,3.78454e-10,5.473979e-06
0.649,0.41796,0.05289,0.0569,0.0007555425,0.0001626415,0.000442687,0.0001571381,0.0,0.0,0.000312855,0.0,3.72273e-10,5.503401e-06
0.649,0.41795,0.05299,0.057,0.0007587379,0.0001632981,0.0004444087,0.0001577659,0.0,0.0,0.0003143289,0.0,3.661019e-10,5.532207e-06
0.649,0.41794,0.05309,0.0571,0.0007619424,0.0001639559,0.0004461352,0.0001583956,0.0,0.0,0.0003158069,0.0,3.599436e-10,5.560384e-06
0.649,0.41793,0.05319,0.0572,0.000765156,0.000164615,0.0004478665,0.0001590271,0.0,0.0,0.0003172891,0.0,3.538008e-10,5.587922e-06
0.649,0.41792,0.05329,0.0573,0.0007683787,0.0001652753,0.0004496028,0.0001596605,0.0,0.0,0.0003187755,0.0,3.476763e-10,5.614811e-06
0.649,0.41791,0.05339,0.0574,0.0007716105,0.0001659368,0.0004513441,0.0001602958,0.0,0.0,0.0003202661,0.0,3.415729e-10,5.641039e-06
0.649,0.41789,0.05349,0.0575,0.0007748514,0.0001665996,0.0004530902,0.000160933,0.0,0.0,0.0003217608,0.0,3.354931e-10,5.666595e-06
0.649,0.41788,0.05359,0.0576,0.0007781015,0.0001672635,0.0004548413,0.0001615721,0.0,0.0,0.0003232598,0.0,3.294395e-10,5.69147e-06
0.649,0.41787,0.05369,0.0577,0.0007813607,0.0001679287,0.0004565974,0.0001622131,0.0,0.0,0.000324763,0.0,3.234147e-10,5.715654e-06
0.649,0.41786,0.05379,0.0578,0.0007846292,0.0001685951,0.0004583584,0.000162856,0.0,0.0,0.0003262704,0.0,3.174211e-10,5.739137e-06
0.649,0.41785,0.05389,0.0579,0.0007879069,0.0001692627,0.0004601245,0.0001635008,0.0,0.0,0.000327782,0.0,3.11461e-10,5.761909e-06
0.649,0.41784,0.05399,0.058,0.0007911938,0.0001699315,0.0004618956,0.0001641476,0.0,0.0,0.0003292979,0.0,3.055367e-10,5.783961e-06
0.649,0.41783,0.0541,0.0581,0.0007944899,0.0001706015,0.0004636717,0.0001647962,0.0,0.0,0.000330818,0.0,2.996505e-10,5.805284e-06
0.649,0.41781,0.0542,0.0582,0.0007977954,0.0001712727,0.0004654528,0.0001654469,0.0,0.0,0.0003323423,0.0,2.938046e-10,5.825869e-06
0.649,0.4178,0.0543,0.0583,0.0008011101,0.0001719451,0.000467239,0.0001660994,0.0,0.0,0.0003338708,0.0,2.880011e-10,5.845709e-06
0.649,0.41779,0.0544,0.0584,0.0008056677,0.0001726351,0.0004690303,0.000166754,1.23354e-06,1.63443e-08,0.0003354036,0.0,2.822419e-10,5.864795e-06
0.649,0.41778,0.0545,0.0585,0.0008089902,0.0001733097,0.0004708267,0.0001674104,1.222579e-06,1.615826e-08,0.0003369407,0.0,2.76529e-10,5.883119e-06
0.649,0.41777,0.0546,0.0586,0.0008123227,0.0001739855,0.0004726281,0.0001680689,1.212338e-06,1.598416e-08,0.000338482,0.0,2.708643e-10,5.900673e-06
0.649,0.41776,0.0547,0.0587,0.0008156653,0.0001746626,0.0004744348,0.0001687293,1.202748e-06,1.582089e-08,0.0003400275,0.0,2.652496e-10,5.91745e-06
0.649,0.41774,0.0548,0.0588,0.0008190178,0.0001753408,0.0004762465,0.0001693917,1.193748e-06,1.566745e-08,0.0003415773,0.0,2.596866e-10,5.933444e-06
0.649,0.41773,0.0549,0.0589,0.0008223803,0.0001760202,0.0004780634,0.0001700561,1.185288e-06,1.5523e-08,0.0003431314,0.0,2.54177e-10,5.948648e-06
0.649,0.41772,0.055,0.059,0.0008257528,0.0001767009,0.0004798855,0.0001707224,1.177322e-06,1.538678e-08,0.0003446897,0.0,2.487223e-10,5.963055e-06
0.649,0.41771,0.0551,0.0591,0.0008291351,0.0001773827,0.0004817127,0.0001713908,1.169808e-06,1.525812e-08,0.0003462524,0.0,2.433241e-10,5.97666e-06
0.649,0.4177,0.0552,0.0592,0.0008325274,0.0001780657,0.0004835452,0.0001720611,1.162711e-06,1.513642e-08,0.0003478193,0.0,2.379838e-10,5.989456e-06
0.649,0.41768,0.0553,0.0593,0.0008359295,0.0001787499,0.0004853828,0.0001727335,1.155999e-06,1.502116e-08,0.0003493905,0.0,2.327028e-10,6.001438e-06
0.649,0.41767,0.0554,0.0594,0.0008393415,0.0001794354,0.0004872257,0.0001734079,1.149644e-06,1.491187e-08,0.0003509659,0.0,2.274822e-10,6.012602e-06
0.649,0.41766,0.0555,0.0595,0.0008427634,0.000180122,0.0004890739,0.0001740842,1.143619e-06,1.480811e-08,0.0003525457,0.0,2.223235e-10,6.022943e-06
0.649,0.41765,0.0556,0.0596,0.0008461952,0.0001808098,0.0004909273,0.0001747627,1.137901e-06,1.470951e-08,0.0003541298,0.0,2.172276e-10,6.032456e-06
0.649,0.41764,0.0557,0.0597,0.0008496368,0.0001814989,0.000492786,0.0001754431,1.13247e-06,1.461571e-08,0.0003557182,0.0,2.121956e-10,6.041138e-06
0.649,0.41762,0.0558,0.0598,0.0008530883,0.0001821891,0.0004946499,0.0001761256,1.127306e-06,1.452641e-08,0.0003573109,0.0,2.072286e-10,6.048984e-06
0.649,0.41761,0.0559,0.0599,0.0008565497,0.0001828806,0.0004965192,0.0001768101,1.122393e-06,1.444132e-08,0.0003589079,0.0,2.023275e-10,6.055992e-06
0.649,0.4176,0.056,0.06,0.000860021,0.0001835732,0.0004983939,0.0001774967,1.117715e-06,1.436017e-08,0.0003605092,0.0,1.974931e-10,6.062158e-06
0.649,0.41759,0.0561,0.0601,0.0008635021,0.0001842671,0.0005002738,0.0001781854,1.113257e-06,1.428272e-08,0.0003621149,0.0,1.927262e-10,6.06748e-06
0.649,0.41758,0.0562,0.0602,0.0008669932,0.0001849622,0.0005021591,0.0001788761,1.109006e-06,1.420877e-08,0.0003637248,0.0,1.880275e-10,6.071956e-06
0.649,0.41756,0.0563,0.0603,0.0008704941,0.0001856586,0.0005040498,0.0001795689,1.104951e-06,1.413811e-08,0.0003653391,0.0,1.833976e-10,6.075583e-06
0.649,0.41755,0.0564,0.0604,0.0008740049,0.0001863561,0.0005059459,0.0001802637,1.10108e-06,1.407055e-08,0.0003669578,0.0,1.788373e-10,6.07836e-06
0.649,0.41754,0.0565,0.0605,0.0008775257,0.0001870549,0.0005078474,0.0001809606,1.097382e-06,1.400592e-08,0.0003685808,0.0,1.743468e-10,6.080287e-06
0.649,0.41753,0.0566,0.0606,0.0008810564,0.000187755,0.0005097543,0.0001816597,1.09385e-06,1.394408e-08,0.0003702081,0.0,1.699268e-10,6.081361e-06
0.649,0.41752,0.0567,0.0607,0.0008845971,0.0001884563,0.0005116666,0.0001823608,1.090473e-06,1.388486e-08,0.0003718398,0.0,1.655776e-10,6.081583e-06
0.649,0.4175,0.0568,0.0608,0.0008881477,0.0001891588,0.0005135844,0.000183064,1.087244e-06,1.382815e-08,0.0003734758,0.0,1.612996e-10,6.080953e-06
0.649,0.41749,0.0569,0.0609,0.0008917082,0.0001898626,0.0005155077,0.0001837693,1.084156e-06,1.37738e-08,0.0003751163,0.0,1.570929e-10,6.079471e-06
0.649,0.41748,0.057,0.061,0.0008952788,0.0001905677,0.0005174364,0.0001844768,1.081201e-06,1.372172e-08,0.000376761,0.0,1.529578e-10,6.077136e-06
0.649,0.41747,0.0571,0.0611,0.0008988594,0.000191274,0.0005193707,0.0001851864,1.078374e-06,1.367178e-08,0.0003784102,0.0,1.488945e-10,6.073952e-06
0.649,0.41746,0.0572,0.0612,0.0009024499,0.0001919816,0.0005213104,0.0001858981,1.075667e-06,1.362388e-08,0.0003800637,0.0,1.44903e-10,6.069918e-06
0.649,0.41744,0.0573,0.0613,0.0009060505,0.0001926905,0.0005232557,0.0001866119,1.073076e-06,1.357795e-08,0.0003817216,0.0,1.409833e-10,6.065036e-06
0.649,0.41743,0.0574,0.0614,0.0009096611,0.0001934007,0.0005252065,0.0001873279,1.070595e-06,1.353387e-08,0.0003833839,0.0,1.371355e-10,6.059308e-06
0.649,0.41742,0.0575,0.0615,0.0009132818,0.0001941122,0.0005271629,0.000188046,1.068219e-06,1.349158e-08,0.0003850505,0.0,1.333595e-10,6.052738e-06
0.649,0.41741,0.0576,0.0616,0.0009169126,0.000194825,0.0005291249,0.0001887663,1.065944e-06,1.345099e-08,0.0003867216,0.0,1.296552e-10,6.045326e-06
0.649,0.41739,0.0577,0.0617,0.0009205535,0.0001955392,0.0005310925,0.0001894887,1.063765e-06,1.341204e-08,0.0003883971,0.0,1.260224e-10,6.037078e-06
0.649,0.41738,0.0578,0.0618,0.0009242044,0.0001962547,0.0005330657,0.0001902133,1.061679e-06,1.337465e-08,0.0003900769,0.0,1.224608e-10,6.027995e-06
0.649,0.41737,0.0579,0.0619,0.0009278655,0.0001969715,0.0005350445,0.0001909401,1.059681e-06,1.333876e-08,0.0003917612,0.0,1.189702e-10,6.018082e-06
0.649,0.41736,0.058,0.062,0.0009315367,0.0001976897,0.0005370289,0.000191669,1.057768e-06,1.330431e-08,0.0003934499,0.0,1.155503e-10,6.007343e-06
0.649,0.41734,0.0581,0.0621,0.0009352181,0.0001984092,0.000539019,0.0001924001,1.055937e-06,1.327124e-08,0.000395143,0.0,1.122008e-10,5.995782e-06
0.649,0.41733,0.0582,0.0622,0.0009389096,0.0001991301,0.0005410148,0.0001931335,1.054184e-06,1.32395e-08,0.0003968405,0.0,1.089212e-10,5.983404e-06
0.649,0.41732,0.0583,0.0623,0.0009426114,0.0001998524,0.0005430163,0.000193869,1.052506e-06,1.320903e-08,0.0003985425,0.0,1.057111e-10,5.970215e-06
0.649,0.41731,0.0584,0.0624,0.0009463233,0.0002005761,0.0005450235,0.0001946067,1.0509e-06,1.31798e-08,0.0004002488,0.0,1.025701e-10,5.95622e-06
0.649,0.41729,0.0585,0.0625,0.0009500455,0.0002013013,0.0005470364,0.0001953467,1.049365e-06,1.315175e-08,0.0004019597,0.0,9.949754e-11,5.941423e-06
0.649,0.41728,0.0586,0.0626,0.0009537779,0.0002020278,0.000549055,0.0001960888,1.047897e-06,1.312484e-08,0.0004036749,0.0,9.649302e-11,5.925833e-06
0.649,0.41727,0.0587,0.0627,0.0009575206,0.0002027558,0.0005510794,0.0001968332,1.046493e-06,1.309902e-08,0.0004053946,0.0,9.355589e-11,5.909455e-06
0.649,0.41726,0.0588,0.0628,0.0009612736,0.0002034852,0.0005531096,0.0001975798,1.045152e-06,1.307427e-08,0.0004071188,0.0,9.068557e-11,5.892295e-06
0.649,0.41724,0.0589,0.0629,0.0009650368,0.0002042161,0.0005551455,0.0001983287,1.043872e-06,1.305055e-08,0.0004088474,0.0,8.788139e-11,5.874361e-06
0.649,0.41723,0.059,0.063,0.0009688104,0.0002049485,0.0005571872,0.0001990798,1.042649e-06,1.302781e-08,0.0004105804,0.0,8.51427e-11,5.855661e-06
0.649,0.41722,0.0591,0.0631,0.0009725943,0.0002056824,0.0005592348,0.0001998332,1.041483e-06,1.300603e-08,0.0004123179,0.0,8.24688e-11,5.836201e-06
0.649,0.41721,0.0592,0.0632,0.0009763886,0.0002064177,0.0005612882,0.0002005888,1.040372e-06,1.298517e-08,0.0004140599,0.0,7.985896e-11,5.81599e-06
0.649,0.41719,0.0593,0.0633,0.0009801932,0.0002071546,0.0005633474,0.0002013466,1.039313e-06,1.296521e-08,0.0004158064,0.0,7.731244e-11,5.795036e-06
0.649,0.41718,0.0594,0.0634,0.0009840083,0.0002078931,0.0005654126,0.0002021068,1.038305e-06,1.294611e-08,0.0004175573,0.0,7.482846e-11,5.773348e-06
0.649,0.41717,0.0595,0.0635,0.0009878337,0.0002086331,0.0005674835,0.0002028692,1.037347e-06,1.292785e-08,0.0004193127,0.0,7.240624e-11,5.750934e-06
0.649,0.41716,0.0596,0.0636,0.0009916696,0.0002093746,0.0005695604,0.0002036339,1.036436e-06,1.29104e-08,0.0004210726,0.0,7.004496e-11,5.727804e-06
0.649,0.41714,0.0597,0.0637,0.0009955159,0.0002101178,0.0005716432,0.0002044009,1.035572e-06,1.289374e-08,0.000422837,0.0,6.77438e-11,5.703966e-06
0.649,0.41713,0.0598,0.0638,0.0009993727,0.0002108625,0.000573732,0.0002051702,1.034753e-06,1.287784e-08,0.0004246059,0.0,6.55019e-11,5.679431e-06
0.649,0.41712,0.0599,0.0639,0.00100324,0.0002116089,0.0005758266,0.0002059418,1.033977e-06,1.286268e-08,0.0004263793,0.0,6.33184e-11,5.654208e-06
0.649,0.41711,0.06,0.064,0.001007118,0.0002123569,0.0005779273,0.0002067157,1.033244e-06,1.284824e-08,0.0004281572,0.0,6.119243e-11,5.628308e-06
0.649,0.41709,0.0601,0.0641,0.001011006,0.0002131065,0.0005800339,0.0002074919,1.032552e-06,1.28345e-08,0.0004299396,0.0,5.91231e-11,5.60174e-06
0.649,0.41708,0.0602,0.0642,0.001014905,0.0002138578,0.0005821465,0.0002082705,1.0319e-06,1.282143e-08,0.0004317265,0.0,5.71095e-11,5.574515e-06
0.649,0.41707,0.0603,0.0643,0.001018814,0.0002146108,0.0005842651,0.0002090513,1.031286e-06,1.280902e-08,0.0004335179,0.0,5.515073e-11,5.546644e-06
0.649,0.41705,0.0604,0.0644,0.001022734,0.0002153655,0.0005863898,0.0002098346,1.030711e-06,1.279726e-08,0.0004353138,0.0,5.324586e-11,5.518138e-06
0.649,0.41704,0.0605,0.0645,0.001026665,0.0002161219,0.0005885205,0.0002106201,1.030172e-06,1.278611e-08,0.0004371143,0.0,5.139397e-11,5.489009e-06
0.649,0.41703,0.0606,0.0646,0.001030606,0.0002168801,0.0005906572,0.000211408,1.029669e-06,1.277557e-08,0.0004389193,0.0,4.959412e-11,5.459267e-06
0.649,0.41701,0.0607,0.0647,0.001034558,0.00021764,0.0005928,0.0002121983,1.0292e-06,1.276561e-08,0.0004407288,0.0,4.784536e-11,5.428925e-06
0.649,0.417,0.0608,0.0648,0.001039943,0.0002184251,0.0005949489,0.0002129909,2.451157e-06,3.61732e-08,0.0004425429,0.0,4.614676e-11,5.397993e-06
0.649,0.41699,0.0609,0.0649,0.001043904,0.0002191883,0.0005971039,0.0002137859,2.438052e-06,3.588733e-08,0.0004443615,0.0,4.449736e-11,5.366485e-06
0.649,0.41698,0.061,0.065,0.001047876,0.0002199533,0.0005992651,0.0002145833,2.425826e-06,3.561969e-08,0.0004461847,0.0,4.289622e-11,5.334412e-06
0.649,0.41696,0.0611,0.0651,0.001051859,0.0002207202,0.0006014323,0.000215383,2.414395e-06,3.536859e-08,0.0004480124,0.0,4.134238e-11,5.301787e-06
0.649,0.41695,0.0612,0.0652,0.001055854,0.0002214889,0.0006036057,0.0002161851,2.403688e-06,3.513255e-08,0.0004498446,0.0,3.983488e-11,5.268621e-06
0.649,0.41694,0.0613,0.0653,0.00105986,0.0002222595,0.0006057853,0.0002169897,2.393644e-06,3.491027e-08,0.0004516815,0.0,3.837279e-11,5.234929e-06
0.649,0.41692,0.0614,0.0654,0.001063878,0.000223032,0.0006079711,0.0002177966,2.384208e-06,3.470063e-08,0.0004535228,0.0,3.695514e-11,5.200721e-06
0.649,0.41691,0.0615,0.0655,0.001067907,0.0002238065,0.0006101631,0.000218606,2.37533e-06,3.450262e-08,0.0004553688,0.0,3.558098e-11,5.166013e-06
0.649,0.4169,0.0616,0.0656,0.001071948,0.0002245829,0.0006123613,0.0002194177,2.366968e-06,3.431535e-08,0.0004572193,0.0,3.424938e-11,5.130815e-06
0.649,0.41688,0.0617,0.0657,0.001075999,0.0002253612,0.0006145657,0.0002202319,2.359083e-06,3.413802e-08,0.0004590744,0.0,3.295939e-11,5.095143e-06
0.649,0.41687,0.0618,0.0658,0.001080062,0.0002261415,0.0006167764,0.0002210485,2.351641e-06,3.396992e-08,0.0004609341,0.0,3.171008e-11,5.059008e-06
0.649,0.41686,0.0619,0.0659,0.001084136,0.0002269238,0.0006189934,0.0002218676,2.344612e-06,3.38104e-08,0.0004627984,0.0,3.050051e-11,5.022424e-06
0.649,0.41685,0.062,0.066,0.001088222,0.0002277081,0.0006212166,0.0002226891,2.337966e-06,3.36589e-08,0.0004646673,0.0,2.932976e-11,4.985405e-06
0.649,0.41683,0.0621,0.0661,0.001092319,0.0002284945,0.0006234461,0.000223513,2.33168e-06,3.351488e-08,0.0004665407,0.0,2.819692e-11,4.947965e-06
0.649,0.41682,0.0622,0.0662,0.001096426,0.0002292829,0.000625682,0.0002243394,2.32573e-06,3.337787e-08,0.0004684188,0.0,2.710106e-11,4.910116e-06
0.649,0.41681,0.0623,0.0663,0.001100546,0.0002300734,0.0006279241,0.0002251683,2.320096e-06,3.324744e-08,0.0004703014,0.0,2.60413e-11,4.871873e-06
0.649,0.41679,0.0624,0.0664,0.001104676,0.000230866,0.0006301726,0.0002259996,2.314759e-06,3.312321e-08,0.0004721887,0.0,2.501674e-11,4.833249e-06
0.649,0.41678,0.06251,0.0665,0.001108818,0.0002316607,0.0006324275,0.0002268334,2.309701e-06,3.300479e-08,0.0004740806,0.0,2.402649e-11,4.794258e-06
0.649,0.41677,0.06261,0.0666,0.001112971,0.0002324575,0.0006346888,0.0002276697,2.304907e-06,3.289188e-08,0.0004759771,0.0,2.306969e-11,4.754914e-06
0.649,0.41675,0.06271,0.0667,0.001117135,0.0002332565,0.0006369564,0.0002285085,2.300363e-06,3.278416e-08,0.0004778782,0.0,2.214546e-11,4.715231e-06
0.649,0.41674,0.06281,0.0668,0.001121311,0.0002340577,0.0006392305,0.0002293498,2.296054e-06,3.268135e-08,0.0004797839,0.0,2.125295e-11,4.675222e-06
0.649,0.41673,0.06291,0.0669,0.001125497,0.000234861,0.000641511,0.0002301935,2.291968e-06,3.258319e-08,0.0004816943,0.0,2.039132e-11,4.634902e-06
0.649,0.41671,0.06301,0.067,0.001129695,0.0002356666,0.0006437979,0.0002310398,2.288094e-06,3.248946e-08,0.0004836093,0.0,1.955975e-11,4.594285e-06
0.649,0.4167,0.06311,0.0671,0.001133905,0.0002364744,0.0006460913,0.0002318886,2.284422e-06,3.239992e-08,0.0004855289,0.0,1.87574e-11,4.553385e-06
0.649,0.41669,0.06321,0.0672,0.001138125,0.0002372845,0.0006483912,0.0002327399,2.280942e-06,3.231437e-08,0.0004874532,0.0,1.798348e-11,4.512214e-06
0.649,0.41667,0.06331,0.0673,0.001142357,0.0002380968,0.0006506975,0.0002335938,2.277645e-06,3.223263e-08,0.0004893821,0.0,1.723719e-11,4.470789e-06
0.649,0.41666,0.06341,0.0674,0.001146601,0.0002389115,0.0006530104,0.0002344502,2.274521e-06,3.21545e-08,0.0004913157,0.0,1.651775e-11,4.429121e-06
0.649,0.41664,0.06351,0.0675,0.001150855,0.0002397284,0.0006553298,0.0002353091,2.271564e-06,3.207984e-08,0.0004932539,0.0,1.582438e-11,4.387226e-06
0.649,0.41663,0.06361,0.0676,0.001155121,0.0002405477,0.0006576557,0.0002361706,2.268766e-06,3.200848e-08,0.0004951968,0.0,1.515634e-11,4.345117e-06
0.649,0.41662,0.06371,0.0677,0.001159399,0.0002413694,0.0006599882,0.0002370346,2.26612e-06,3.194028e-08,0.0004971444,0.0,1.451287e-11,4.302808e-06
0.649,0.4166,0.06381,0.0678,0.001163687,0.0002421934,0.0006623272,0.0002379012,2.263619e-06,3.187511e-08,0.0004990966,0.0,1.389326e-11,4.260312e-06
0.649,0.41659,0.06391,0.0679,0.001167988,0.0002430199,0.0006646729,0.0002387704,2.261258e-06,3.181283e-08,0.0005010535,0.0,1.329678e-11,4.217644e-06
0.649,0.41658,0.06401,0.068,0.001172299,0.0002438487,0.0006670251,0.0002396422,2.259031e-06,3.175333e-08,0.000503015,0.0,1.272273e-11,4.174816e-06
0.649,0.41656,0.06411,0.0681,0.001176622,0.00024468,0.000669384,0.0002405165,2.256933e-06,3.16965e-08,0.0005049813,0.0,1.217043e-11,4.131843e-06
0.649,0.41655,0.06421,0.0682,0.001180957,0.0002455138,0.0006717494,0.0002413934,2.254958e-06,3.164224e-08,0.0005069522,0.0,1.16392e-11,4.088738e-06
0.649,0.41654,0.06431,0.0683,0.001185302,0.00024635,0.0006741216,0.0002422729,2.253102e-06,3.159043e-08,0.0005089278,0.0,1.112838e-11,4.045515e-06
0.649,0.41652,0.06441,0.0684,0.00118966,0.0002471888,0.0006765004,0.000243155,2.251361e-06,3.154099e-08,0.0005109081,0.0,1.063732e-11,4.002186e-06
0.649,0.41651,0.06451,0.0685,0.001194029,0.00024803,0.0006788859,0.0002440398,2.249729e-06,3.149384e-08,0.0005128931,0.0,1.016539e-11,3.958765e-06
0.649,0.4165,0.06461,0.0686,0.001198409,0.0002488738,0.0006812781,0.0002449271,2.248204e-06,3.144888e-08,0.0005148828,0.0,9.711974e-12,3.915266e-06
0.649,0.41648,0.06471,0.0687,0.001202801,0.0002497202,0.000683677,0.0002458171,2.246782e-06,3.140604e-08,0.0005168772,0.0,9.276466e-12,3.8717e-06
0.649,0.41647,0.06481,0.0688,0.001207204,0.0002505691,0.0006860826,0.0002467097,2.245458e-06,3.136524e-08,0.0005188763,0.0,8.858275e-12,3.828081e-06
0.649,0.41645,0.06491,0.0689,0.001211619,0.0002514207,0.000688495,0.0002476049,2.244231e-06,3.132641e-08,0.0005208801,0.0,8.456825e-12,3.784423e-06
0.649,0.41644,0.06501,0.069,0.001216046,0.0002522748,0.0006909141,0.0002485028,2.243095e-06,3.12895e-08,0.0005228886,0.0,8.071553e-12,3.740736e-06
0.649,0.41643,0.06511,0.0691,0.001220484,0.0002531316,0.00069334,0.0002494033,2.242049e-06,3.125442e-08,0.0005249018,0.0,7.70191e-12,3.697034e-06
0.649,0.41641,0.06521,0.0692,0.001224934,0.0002539911,0.0006957728,0.0002503065,2.24109e-06,3.122112e-08,0.0005269198,0.0,7.34736e-12,3.65333e-06
0.649,0.4164,0.06531,0.0693,0.001229395,0.0002548532,0.0006982123,0.0002512124,2.240214e-06,3.118955e-08,0.0005289425,0.0,7.007382e-12,3.609635e-06
0.649,0.41638,0.06541,0.0694,0.001233868,0.000255718,0.0007006586,0.0002521209,2.239419e-06,3.115965e-08,0.0005309699,0.0,6.681467e-12,3.565962e-06
0.649,0.41637,0.06551,0.0695,0.001238353,0.0002565856,0.0007031118,0.0002530321,2.238704e-06,3.113136e-08,0.0005330021,0.0,6.369119e-12,3.522322e-06
0.649,0.41636,0.06561,0.0696,0.001242849,0.0002574558,0.0007055719,0.000253946,2.238064e-06,3.110464e-08,0.000535039,0.0,6.069857e-12,3.478727e-06
0.649,0.41634,0.06571,0.0697,0.001247357,0.0002583288,0.0007080388,0.0002548626,2.237499e-06,3.107943e-08,0.0005370806,0.0,5.783212e-12,3.435189e-06
0.649,0.41633,0.06581,0.0698,0.001251877,0.0002592046,0.0007105126,0.0002557818,2.237006e-06,3.105571e-08,0.000539127,0.0,5.508728e-12,3.39172e-06
0.649,0.41631,0.06591,0.0699,0.001256408,0.0002600832,0.0007129933,0.0002567038,2.236582e-06,3.103341e-08,0.0005411781,0.0,5.245962e-12,3.34833e-06
0.649,0.4163,0.06601,0.07,0.001260951,0.0002609645,0.0007154809,0.0002576285,2.236227e-06,3.10125e-08,0.000543234,0.0,4.994482e-12,3.30503e-06
0.649,0.41629,0.06611,0.0701,0.001265506,0.0002618487,0.0007179755,0.0002585559,2.235938e-06,3.099294e-08,0.0005452947,0.0,4.753869e-12,3.261832e-06
0.649,0.41627,0.06621,0.0702,0.001270073,0.0002627357,0.000720477,0.000259486,2.235713e-06,3.097469e-08,0.0005473601,0.0,4.523719e-12,3.218747e-06
0.649,0.41626,0.06631,0.0703,0.001274651,0.0002636256,0.0007229855,0.0002604189,2.23555e-06,3.095772e-08,0.0005494303,0.0,4.303636e-12,3.175784e-06
0.649,0.41624,0.06641,0.0704,0.001279242,0.0002645184,0.000725501,0.0002613545,2.235449e-06,3.094198e-08,0.0005515052,0.0,4.093237e-12,3.132954e-06
0.649,0.41623,0.06651,0.0705,0.001283844,0.000265414,0.0007280235,0.0002622928,2.235407e-06,3.092746e-08,0.0005535849,0.0,3.892153e-12,3.090268e-06
0.649,0.41622,0.06661,0.0706,0.001288458,0.0002663126,0.000730553,0.0002632339,2.235422e-06,3.091411e-08,0.0005556694,0.0,3.700023e-12,3.047735e-06
0.649,0.4162,0.06671,0.0707,0.001293084,0.000267214,0.0007330895,0.0002641778,2.235495e-06,3.09019e-08,0.0005577587,0.0,3.516498e-12,3.005365e-06
0.649,0.41619,0.06681,0.0708,0.001297721,0.0002681184,0.0007356331,0.0002651244,2.235622e-06,3.089081e-08,0.0005598528,0.0,3.341242e-12,2.963167e-06
0.649,0.41617,0.06691,0.0709,0.001302371,0.0002690258,0.0007381837,0.0002660738,2.235803e-06,3.088081e-08,0.0005619516,0.0,3.173927e-12,2.921151e-06
0.649,0.41616,0.06701,0.071,0.001307033,0.0002699361,0.0007407414,0.0002670259,2.236036e-06,3.087187e-08,0.0005640553,0.0,3.014237e-12,2.879326e-06
0.649,0.41615,0.06711,0.0711,0.001311706,0.0002708494,0.0007433062,0.0002679809,2.236321e-06,3.086396e-08,0.0005661637,0.0,2.861867e-12,2.837701e-06
0.649,0.41613,0.06721,0.0712,0.001318024,0.0002717985,0.0007458781,0.0002689386,3.86935e-06,6.35535e-08,0.000568277,0.0,2.716521e-12,2.796285e-06
0.649,0.41612,0.06731,0.0713,0.001322708,0.0002727174,0.0007484571,0.0002698992,3.855446e-06,6.315681e-08,0.000570395,0.0,2.577912e-12,2.755086e-06
0.649,0.4161,0.06741,0.0714,0.001327404,0.0002736394,0.0007510433,0.0002708625,3.842542e-06,6.278561e-08,0.0005725179,0.0,2.445765e-12,2.714113e-06
0.649,0.41609,0.06751,0.0715,0.001332113,0.0002745645,0.0007536367,0.0002718287,3.830546e-06,6.243757e-08,0.0005746455,0.0,2.319812e-12,2.673373e-06
0.649,0.41607,0.06761,0.0716,0.001336835,0.0002754926,0.0007562372,0.0002727976,3.819379e-06,6.211066e-08,0.000576778,0.0,2.199795e-12,2.632874e-06
0.649,0.41606,0.06771,0.0717,0.001341569,0.0002764239,0.0007588449,0.0002737694,3.808971e-06,6.180309e-08,0.0005789153,0.0,2.085467e-12,2.592624e-06
0.649,0.41605,0.06781,0.0718,0.001346316,0.0002773582,0.0007614598,0.0002747441,3.799259e-06,6.15133e-08,0.0005810575,0.0,1.976586e-12,2.552631e-06
0.649,0.41603,0.06791,0.0719,0.001351076,0.0002782957,0.0007640819,0.0002757215,3.790189e-06,6.123989e-08,0.0005832044,0.0,1.872923e-12,2.512901e-06
0.649,0.41602,0.06801,0.072,0.001355849,0.0002792363,0.0007667112,0.0002767018,3.781714e-06,6.098162e-08,0.0005853562,0.0,1.774252e-12,2.473442e-06
0.649,0.416,0.06811,0.0721,0.001360634,0.00028018,0.0007693478,0.000277685,3.773788e-06,6.07374e-08,0.0005875128,0.0,1.68036e-12,2.43426e-06
0.649,0.41599,0.06821,0.0722,0.001365432,0.0002811269,0.0007719917,0.000278671,3.766374e-06,6.050623e-08,0.0005896743,0.0,1.591039e-12,2.395362e-06
0.649,0.41597,0.06831,0.0723,0.001370243,0.000282077,0.0007746428,0.0002796599,3.759437e-06,6.028722e-08,0.0005918406,0.0,1.506089e-12,2.356755e-06
0.649,0.41596,0.06841,0.0724,0.001375066,0.0002830302,0.0007773013,0.0002806517,3.752946e-06,6.007957e-08,0.0005940117,0.0,1.425319e-12,2.318443e-06
0.649,0.41594,0.06851,0.0725,0.001379902,0.0002839866,0.000779967,0.0002816463,3.746871e-06,5.988254e-08,0.0005961877,0.0,1.348543e-12,2.280434e-06
0.649,0.41593,0.06861,0.0726,0.00138475,0.0002849463,0.0007826401,0.0002826438,3.741187e-06,5.969549e-08,0.0005983685,0.0,1.275585e-12,2.242732e-06
0.649,0.41592,0.06871,0.0727,0.001389611,0.0002859091,0.0007853206,0.0002836443,3.735872e-06,5.95178e-08,0.0006005542,0.0,1.206271e-12,2.205344e-06
0.649,0.4159,0.06881,0.0728,0.001394484,0.0002868752,0.0007880083,0.0002846476,3.730902e-06,5.934893e-08,0.0006027448,0.0,1.14044e-12,2.168274e-06
0.649,0.41589,0.06891,0.0729,0.00139937,0.0002878445,0.0007907035,0.0002856538,3.726259e-06,5.918837e-08,0.0006049402,0.0,1.077931e-12,2.131527e-06
0.649,0.41587,0.06901,0.073,0.001404268,0.0002888171,0.000793406,0.0002866629,3.721925e-06,5.903566e-08,0.0006071405,0.0,1.018594e-12,2.095108e-06
0.649,0.41586,0.06911,0.0731,0.001409179,0.0002897929,0.000796116,0.000287675,3.717883e-06,5.889038e-08,0.0006093456,0.0,9.622829e-13,2.059022e-06
0.649,0.41584,0.06921,0.0732,0.001414103,0.000290772,0.0007988333,0.00028869,3.714118e-06,5.875213e-08,0.0006115557,0.0,9.088575e-13,2.023273e-06
0.649,0.41583,0.06931,0.0733,0.001419039,0.0002917544,0.0008015581,0.0002897079,3.710616e-06,5.862056e-08,0.0006137706,0.0,8.581838e-13,1.987865e-06
0.649,0.41581,0.06941,0.0734,0.001423988,0.00029274,0.0008042904,0.0002907287,3.707364e-06,5.849533e-08,0.0006159903,0.0,8.101329e-13,1.952802e-06
0.649,0.4158,0.06951,0.0735,0.001428949,0.000293729,0.0008070301,0.0002917525,3.70435e-06,5.837613e-08,0.000618215,0.0,7.645812e-13,1.918088e-06
0.649,0.41578,0.06961,0.0736,0.001433923,0.0002947212,0.0008097773,0.0002927793,3.701563e-06,5.826268e-08,0.0006204446,0.0,7.214105e-13,1.883725e-06
0.649,0.41577,0.06971,0.0737,0.00143891,0.0002957168,0.000812532,0.000293809,3.698992e-06,5.81547e-08,0.000622679,0.0,6.805072e-13,1.849718e-06
0.649,0.41575,0.06981,0.0738,0.001443909,0.0002967158,0.0008152942,0.0002948416,3.696628e-06,5.805194e-08,0.0006249183,0.0,6.417626e-13,1.81607e-06
0.649,0.41574,0.06992,0.0739,0.001448921,0.000297718,0.0008180639,0.0002958773,3.694462e-06,5.795419e-08,0.0006271626,0.0,6.050726e-13,1.782783e-06
0.649,0.41573,0.07002,0.074,0.001453945,0.0002987236,0.0008208412,0.0002969159,3.692486e-06,5.786121e-08,0.0006294117,0.0,5.703377e-13,1.74986e-06
0.649,0.41571,0.07012,0.0741,0.001458982,0.0002997326,0.000823626,0.0002979575,3.69069e-06,5.77728e-08,0.0006316658,0.0,5.374623e-13,1.717303e-06
0.649,0.4157,0.07022,0.0742,0.001464032,0.0003007449,0.0008264184,0.0002990021,3.68907e-06,5.768877e-08,0.0006339247,0.0,5.063553e-13,1.685115e-06
0.649,0.41568,0.07032,0.0743,0.001469095,0.0003017606,0.0008292184,0.0003000497,3.687616e-06,5.760895e-08,0.0006361886,0.0,4.769295e-13,1.653298e-06
0.649,0.41567,0.07042,0.0744,0.00147417,0.0003027797,0.000832026,0.0003011003,3.686323e-06,5.753317e-08,0.0006384574,0.0,4.491014e-13,1.621853e-06
0.649,0.41565,0.07052,0.0745,0.001479257,0.0003038021,0.0008348412,0.0003021539,3.685185e-06,5.746127e-08,0.000640731,0.0,4.227913e-13,1.590782e-06
0.649,0.41564,0.07062,0.0746,0.001484358,0.000304828,0.000837664,0.0003032105,3.684195e-06,5.739309e-08,0.0006430097,0.0,3.97923e-13,1.560087e-06
0.649,0.41562,0.07072,0.0747,0.001489471,0.0003058573,0.0008404945,0.0003042702,3.68335e-06,5.732851e-08,0.0006452932,0.0,3.744238e-13,1.52977e-06
0.649,0.41561,0.07082,0.0748,0.001494597,0.0003068899,0.0008433326,0.0003053328,3.682642e-06,5.726738e-08,0.0006475817,0.0,3.522243e-13,1.49983e-06
0.649,0.41559,0.07092,0.0749,0.001499736,0.000307926,0.0008461784,0.0003063986,3.682069e-06,5.720958e-08,0.0006498751,0.0,3.312581e-13,1.470269e-06
0.649,0.41558,0.07102,0.075,0.001504887,0.0003089656,0.0008490319,0.0003074673,3.681624e-06,5.7155e-08,0.0006521734,0.0,3.11462e-13,1.441088e-06
0.649,0.41556,0.07112,0.0751,0.001510051,0.0003100085,0.0008518931,0.0003085391,3.681304e-06,5.710353e-08,0.0006544767,0.0,2.927758e-13,1.412288e-06
0.649,0.41555,0.07122,0.0752,0.001515228,0.0003110549,0.000854762,0.000309614,3.681105e-06,5.705504e-08,0.0006567849,0.0,2.751418e-13,1.383869e-06
0.649,0.41553,0.07132,0.0753,0.001520418,0.0003121048,0.0008576387,0.000310692,3.681022e-06,5.700946e-08,0.0006590981,0.0,2.585052e-13,1.35583e-06
0.649,0.41552,0.07142,0.0754,0.00152562,0.0003131581,0.0008605231,0.000311773,3.681053e-06,5.696667e-08,0.0006614162,0.0,2.428139e-13,1.328173e-06
0.649,0.4155,0.07152,0.0755,0.001530836,0.0003142149,0.0008634153,0.000312857,3.681193e-06,5.69266e-08,0.0006637392,0.0,2.28018e-13,1.300897e-06
0.649,0.41549,0.07162,0.0756,0.001536064,0.0003152751,0.0008663152,0.0003139442,3.68144e-06,5.688915e-08,0.0006660672,0.0,2.140701e-13,1.274001e-06
0.649,0.41547,0.07172,0.0757,0.001541305,0.0003163388,0.000869223,0.0003150345,3.68179e-06,5.685424e-08,0.0006684002,0.0,2.009252e-13,1.247486e-06
0.649,0.41546,0.07182,0.0758,0.001546559,0.000317406,0.0008721385,0.0003161278,3.68224e-06,5.682179e-08,0.0006707381,0.0,1.885402e-13,1.221351e-06
0.649,0.41544,0.07192,0.0759,0.001551826,0.0003184767,0.0008750619,0.0003172243,3.682787e-06,5.679174e-08,0.000673081,0.0,1.768744e-13,1.195596e-06
0.649,0.41543,0.07202,0.076,0.001557105,0.0003195508,0.0008779931,0.0003183238,3.683428e-06,5.6764e-08,0.0006754289,0.0,1.65889e-13,1.170218e-06
0.649,0.41541,0.07212,0.0761,0.001562398,0.0003206285,0.0008809322,0.0003194265,3.684162e-06,5.673851e-08,0.0006777817,0.0,1.555469e-13,1.145219e-06
0.649,0.41539,0.07222,0.0762,0.001567704,0.0003217096,0.0008838791,0.0003205323,3.684985e-06,5.671521e-08,0.0006801395,0.0,1.458131e-13,1.120595e-06
0.649,0.41538,0.07232,0.0763,0.001573022,0.0003227943,0.0008868339,0.0003216413,3.685896e-06,5.669404e-08,0.0006825023,0.0,1.366542e-13,1.096347e-06
0.649,0.41536,0.07242,0.0764,0.001578354,0.0003238825,0.0008897966,0.0003227533,3.686891e-06,5.667493e-08,0.00068487,0.0,1.280386e-13,1.072472e-06
0.649,0.41535,0.07252,0.0765,0.001583698,0.0003249742,0.0008927672,0.0003238685,3.687969e-06,5.665782e-08,0.0006872428,0.0,1.199361e-13,1.04897e-06
0.649,0.41533,0.07262,0.0766,0.001589055,0.0003260694,0.0008957458,0.0003249869,3.689127e-06,5.664268e-08,0.0006896205,0.0,1.123183e-13,1.025838e-06
0.649,0.41532,0.07272,0.0767,0.001594426,0.0003271681,0.0008987322,0.0003261084,3.690364e-06,5.662943e-08,0.0006920032,0.0,1.05158e-13,1.003075e-06
0.649,0.4153,0.07282,0.0768,0.001599809,0.0003282704,0.0009017266,0.0003272331,3.691678e-06,5.661804e-08,0.0006943909,0.0,9.84296e-14,9.806791e-07
0.649,0.41529,0.07292,0.0769,0.001605206,0.0003293762,0.000904729,0.0003283609,3.693066e-06,5.660845e-08,0.0006967836,0.0,9.210863e-14,9.586483e-07
0.649,0.41527,0.07302,0.077,0.001610615,0.0003304855,0.0009077394,0.0003294919,3.694528e-06,5.660063e-08,0.0006991813,0.0,8.617202e-14,9.369805e-07
0.649,0.41526,0.07312,0.0771,0.001616038,0.0003315984,0.0009107578,0.0003306261,3.696061e-06,5.659452e-08,0.000701584,0.0,8.059786e-14,9.156735e-07
0.649,0.41524,0.07322,0.0772,0.001621474,0.0003327148,0.0009137841,0.0003317635,3.697664e-06,5.659008e-08,0.0007039917,0.0,7.536542e-14,8.94725e-07
0.649,0.41523,0.07332,0.0773,0.001626922,0.0003338348,0.0009168185,0.0003329041,3.699335e-06,5.658728e-08,0.0007064044,0.0,7.045504e-14,8.741328e-07
0.649,0.41521,0.07342,0.0774,0.001632384,0.0003349583,0.000919861,0.0003340478,3.701073e-06,5.658607e-08,0.0007088221,0.0,6.584811e-14,8.538942e-07
0.649,0.41519,0.07352,0.0775,0.001639742,0.0003361306,0.0009229115,0.0003351948,5.585698e-06,1.018026e-07,0.0007112449,0.0,6.152702e-14,8.340067e-07
0.649,0.41518,0.07362,0.0776,0.001645213,0.0003372607,0.00092597,0.000336345,5.570818e-06,1.012429e-07,0.0007136726,0.0,5.747511e-14,8.144678e-07
0.649,0.41516,0.07372,0.0777,0.001650699,0.0003383944,0.0009290366,0.0003374984,5.55714e-06,1.007203e-07,0.0007161054,0.0,5.36766e-14,7.952746e-07
0.649,0.41515,0.07382,0.0778,0.001656199,0.0003395317,0.0009321114,0.0003386551,5.544552e-06,1.002311e-07,0.0007185432,0.0,5.011659e-14,7.764244e-07
0.649,0.41513,0.07392,0.0779,0.001661713,0.0003406726,0.0009351942,0.0003398149,5.532959e-06,9.977258e-08,0.000720986,0.0,4.678099e-14,7.579142e-07
0.649,0.41512,0.07402,0.078,0.001667241,0.0003418171,0.0009382851,0.000340978,5.522274e-06,9.934199e-08,0.0007234338,0.0,4.365646e-14,7.397412e-07
0.649,0.4151,0.07412,0.0781,0.001672783,0.0003429652,0.0009413842,0.0003421444,5.512423e-06,9.893706e-08,0.0007258867,0.0,4.073043e-14,7.219022e-07
0.649,0.41509,0.07422,0.0782,0.001678339,0.0003441169,0.0009444914,0.000343314,5.503341e-06,9.855576e-08,0.0007283446,0.0,3.7991e-14,7.043942e-07
0.649,0.41507,0.07432,0.0783,0.001683909,0.0003452722,0.0009476068,0.0003444868,5.494969e-06,9.81963e-08,0.0007308075,0.0,3.542696e-14,6.872141e-07
0.649,0.41505,0.07442,0.0784,0.001689493,0.0003464311,0.0009507304,0.0003456629,5.487254e-06,9.785707e-08,0.0007332755,0.0,3.302769e-14,6.703585e-07
0.649,0.41504,0.07452,0.0785,0.001695091,0.0003475937,0.0009538621,0.0003468423,5.480151e-06,9.753662e-08,0.0007357485,0.0,3.078321e-14,6.538243e-07
0.649,0.41502,0.07462,0.0786,0.001700702,0.0003487598,0.0009570021,0.000348025,5.473618e-06,9.723368e-08,0.0007382265,0.0,2.868407e-14,6.376081e-07
0.649,0.41501,0.07472,0.0787,0.001706327,0.0003499296,0.0009601503,0.0003492109,5.467616e-06,9.694707e-08,0.0007407096,0.0,2.672139e-14,6.217065e-07
0.649,0.41499,0.07482,0.0788,0.001711967,0.0003511029,0.0009633067,0.0003504001,5.462113e-06,9.667573e-08,0.0007431978,0.0,2.488677e-14,6.061161e-07
0.649,0.41498,0.07492,0.0789,0.001717619,0.0003522799,0.0009664713,0.0003515926,5.457076e-06,9.641873e-08,0.000745691,0.0,2.317231e-14,5.908334e-07
0.649,0.41496,0.07502,0.079,0.001723286,0.0003534605,0.0009696442,0.0003527885,5.452479e-06,9.617517e-08,0.0007481892,0.0,2.157056e-14,5.758549e-07
0.649,0.41494,0.07512,0.0791,0.001728966,0.0003546447,0.0009728254,0.0003539876,5.448296e-06,9.594429e-08,0.0007506925,0.0,2.00745e-14,5.611772e-07
0.649,0.41493,0.07522,0.0792,0.00173466,0.0003558325,0.0009760148,0.00035519,5.444502e-06,9.572534e-08,0.0007532009,0.0,1.867753e-14,5.467965e-07
0.649,0.41491,0.07532,0.0793,0.001740368,0.000357024,0.0009792125,0.0003563958,5.441078e-06,9.551766e-08,0.0007557143,0.0,1.737342e-14,5.327092e-07
0.649,0.4149,0.07542,0.0794,0.001746089,0.0003582191,0.0009824186,0.0003576048,5.438003e-06,9.532065e-08,0.0007582328,0.0,1.615632e-14,5.189118e-07
0.649,0.41488,0.07552,0.0795,0.001751825,0.0003594178,0.000985633,0.0003588172,5.43526e-06,9.513373e-08,0.0007607564,0.0,1.502073e-14,5.054006e-07
0.649,0.41486,0.07562,0.0796,0.001757574,0.0003606201,0.0009888557,0.000360033,5.432831e-06,9.49564e-08,0.0007632851,0.0,1.396146e-14,4.921718e-07
0.649,0.41485,0.07572,0.0797,0.001763336,0.0003618261,0.0009920867,0.0003612521,5.430701e-06,9.478817e-08,0.0007658188,0.0,1.297363e-14,4.792218e-07
0.649,0.41483,0.07582,0.0798,0.001769113,0.0003630357,0.0009953261,0.0003624745,5.428856e-06,9.462859e-08,0.0007683576,0.0,1.205269e-14,4.665467e-07
0.649,0.41482,0.07592,0.0799,0.001774903,0.0003642489,0.0009985739,0.0003637003,5.427283e-06,9.447726e-08,0.0007709014,0.0,1.119431e-14,4.541429e-07
0.649,0.4148,0.07602,0.08,0.001780706,0.0003654658,0.00100183,0.0003649294,5.42597e-06,9.433379e-08,0.0007734504,0.0,1.039446e-14,4.420066e-07
0.649,0.41478,0.07612,0.0801,0.001786524,0.0003666863,0.001005095,0.000366162,5.424905e-06,9.419783e-08,0.0007760044,0.0,9.649351e-15,4.301341e-07
0.649,0.41477,0.07622,0.0802,0.001792355,0.0003679104,0.001008368,0.0003673978,5.424077e-06,9.406903e-08,0.0007785635,0.0,8.955407e-15,4.185214e-07
0.649,0.41475,0.07632,0.0803,0.0017982,0.0003691382,0.001011649,0.0003686371,5.423477e-06,9.39471e-08,0.0007811277,0.0,8.309287e-15,4.071649e-07
0.649,0.41474,0.07642,0.0804,0.001804059,0.0003703697,0.001014939,0.0003698798,5.423095e-06,9.383173e-08,0.000783697,0.0,7.707854e-15,3.960607e-07
0.649,0.41472,0.07652,0.0805,0.001809932,0.0003716047,0.001018237,0.0003711258,5.422922e-06,9.372266e-08,0.0007862714,0.0,7.148163e-15,3.852051e-07
0.649,0.4147,0.07662,0.0806,0.001815818,0.0003728435,0.001021544,0.0003723752,5.422951e-06,9.361963e-08,0.0007888509,0.0,6.627452e-15,3.745942e-07
0.649,0.41469,0.07673,0.0807,0.001821718,0.0003740858,0.001024859,0.0003736281,5.423174e-06,9.35224e-08,0.0007914355,0.0,6.143134e-15,3.642243e-07
0.649,0.41467,0.07683,0.0808,0.001827632,0.0003753318,0.001028183,0.0003748843,5.423583e-06,9.343074e-08,0.0007940251,0.0,5.692783e-15,3.540916e-07
0.649,0.41466,0.07693,0.0809,0.001833559,0.0003765815,0.001031515,0.000376144,5.424172e-06,9.334445e-08,0.0007966199,0.0,5.274126e-15,3.441922e-07
0.649,0.41464,0.07703,0.081,0.001839501,0.0003778349,0.001034856,0.0003774071,5.424935e-06,9.326332e-08,0.0007992198,0.0,4.885034e-15,3.345225e-07
0.649,0.41462,0.07713,0.0811,0.001845456,0.0003790918,0.001038205,0.0003786736,5.425865e-06,9.318716e-08,0.0008018248,0.0,4.523514e-15,3.250785e-07
0.649,0.41461,0.07723,0.0812,0.001851425,0.0003803525,0.001041563,0.0003799435,5.426956e-06,9.31158e-08,0.0008044349,0.0,4.187699e-15,3.158567e-07
0.649,0.41459,0.07733,0.0813,0.001857408,0.0003816168,0.001044929,0.0003812169,5.428204e-06,9.304906e-08,0.0008070501,0.0,3.875843e-15,3.068533e-07
0.649,0.41458,0.07743,0.0814,0.001863404,0.0003828848,0.001048304,0.0003824937,5.429604e-06,9.298679e-08,0.0008096705,0.0,3.586312e-15,2.980644e-07
0.649,0.41456,0.07753,0.0815,0.001869415,0.0003841564,0.001051688,0.000383774,5.43115e-06,9.292883e-08,0.0008122959,0.0,3.317579e-15,2.894865e-07
0.649,0.41454,0.07763,0.0816,0.001875439,0.0003854317,0.00105508,0.0003850577,5.432838e-06,9.287505e-08,0.0008149265,0.0,3.068214e-15,2.811158e-07
0.649,0.41453,0.07773,0.0817,0.001881477,0.0003867107,0.001058481,0.0003863449,5.434663e-06,9.28253e-08,0.0008175622,0.0,2.836881e-15,2.729487e-07
0.649,0.41451,0.07783,0.0818,0.001887529,0.0003879933,0.00106189,0.0003876356,5.436622e-06,9.277946e-08,0.000820203,0.0,2.622333e-15,2.649815e-07
0.649,0.41449,0.07793,0.0819,0.001893595,0.0003892796,0.001065308,0.0003889297,5.438711e-06,9.27374e-08,0.0008228489,0.0,2.423404e-15,2.572106e-07
0.649,0.41448,0.07803,0.082,0.001899675,0.0003905696,0.001068734,0.0003902273,5.440926e-06,9.269901e-08,0.0008255,0.0,2.239005e-15,2.496324e-07
0.649,0.41446,0.07813,0.0821,0.001905769,0.0003918633,0.001072169,0.0003915284,5.443263e-06,9.266417e-08,0.0008281562,0.0,2.068118e-15,2.422433e-07
0.649,0.41444,0.07823,0.0822,0.001911877,0.0003931606,0.001075613,0.000392833,5.445719e-06,9.263279e-08,0.0008308175,0.0,1.909796e-15,2.350398e-07
0.649,0.41443,0.07833,0.0823,0.001917998,0.0003944616,0.001079066,0.000394141,5.448291e-06,9.260475e-08,0.000833484,0.0,1.763151e-15,2.280184e-07
0.649,0.41441,0.07843,0.0824,0.001924134,0.0003957664,0.001082527,0.0003954526,5.450976e-06,9.257997e-08,0.0008361556,0.0,1.627359e-15,2.211755e-07
0.649,0.41439,0.07853,0.0825,0.001930283,0.0003970747,0.001085997,0.0003967677,5.453771e-06,9.255834e-08,0.0008388323,0.0,1.501649e-15,2.145077e-07
0.649,0.41438,0.07863,0.0826,0.001936446,0.0003983868,0.001089476,0.0003980863,5.456673e-06,9.253979e-08,0.0008415142,0.0,1.385303e-15,2.080116e-07
0.649,0.41436,0.07873,0.0827,0.001942624,0.0003997026,0.001092963,0.0003994084,5.45968e-06,9.252422e-08,0.0008442012,0.0,1.277651e-15,2.016838e-07
0.649,0.41435,0.07883,0.0828,0.001948815,0.000401022,0.001096459,0.000400734,5.462788e-06,9.251156e-08,0.0008468934,0.0,1.178069e-15,1.95521e-07
0.649,0.41433,0.07893,0.0829,0.00195502,0.0004023452,0.001099964,0.0004020632,5.465996e-06,9.250173e-08,0.0008495907,0.0,1.085977e-15,1.895197e-07
0.649,0.41431,0.07903,0.083,0.00196124,0.000403672,0.001103477,0.0004033959,5.469301e-06,9.249466e-08,0.0008522932,0.0,1.000833e-15,1.836767e-07
0.649,0.4143,0.07913,0.0831,0.001967473,0.0004050026,0.001106999,0.0004047321,5.472701e-06,9.249027e-08,0.0008550008,0.0,9.221331e-16,1.779888e-07
0.649,0.41428,0.07923,0.0832,0.00197372,0.0004063368,0.00111053,0.0004060719,5.476194e-06,9.248851e-08,0.0008577136,0.0,8.49409e-16,1.724527e-07
0.649,0.41426,0.07933,0.0833,0.001979982,0.0004076748,0.00111407,0.0004074152,5.479778e-06,9.248929e-08,0.0008604315,0.0,7.822242e-16,1.670652e-07
0.649,0.41425,0.07943,0.0834,0.001986257,0.0004090164,0.001117619,0.0004087621,5.48345e-06,9.249256e-08,0.0008631546,0.0,7.20173e-16,1.618232e-07
0.649,0.41423,0.07953,0.0835,0.001992546,0.0004103618,0.001121176,0.0004101126,5.487209e-06,9.249827e-08,0.0008658828,0.0,6.628779e-16,1.567235e-07
0.649,0.41421,0.07963,0.0836,0.00199885,0.0004117108,0.001124743,0.0004114666,5.491054e-06,9.250634e-08,0.0008686162,0.0,6.099881e-16,1.517632e-07
0.649,0.4142,0.07973,0.0837,0.002005167,0.0004130636,0.001128318,0.0004128242,5.494981e-06,9.251674e-08,0.0008713548,0.0,5.611776e-16,1.469392e-07
0.649,0.41418,0.07983,0.0838,0.00201366,0.0004144814,0.001131902,0.0004141853,7.6602e-06,1.538549e-07,0.0008740985,0.0,5.161435e-16,1.422484e-07
0.649,0.41416,0.07993,0.0839,0.002019987,0.0004158409,0.001135494,0.0004155501,7.645217e-06,1.530973e-07,0.0008768474,0.0,4.746044e-16,1.376879e-07
0.649,0.41415,0.08003,0.084,0.002026329,0.0004172041,0.001139096,0.0004169184,7.631621e-06,1.523903e-07,0.0008796015,0.0,4.36299e-16,1.332549e-07
0.649,0.41413,0.08013,0.0841,0.002032686,0.000418571,0.001142706,0.0004182904,7.619283e-06,1.517295e-07,0.0008823607,0.0,4.009846e-16,1.289464e-07
0.649,0.41411,0.08023,0.0842,0.002039059,0.0004199418,0.001146326,0.0004196659,7.608091e-06,1.511105e-07,0.0008851251,0.0,3.684363e-16,1.247596e-07
0.649,0.41409,0.08033,0.0843,0.002045447,0.0004213162,0.001149954,0.000421045,7.597948e-06,1.505299e-07,0.0008878947,0.0,3.384451e-16,1.206917e-07
0.649,0.41408,0.08043,0.0844,0.002051849,0.0004226945,0.001153591,0.0004224278,7.588768e-06,1.499846e-07,0.0008906694,0.0,3.108173e-16,1.1674e-07
0.649,0.41406,0.08053,0.0845,0.002058267,0.0004240765,0.001157237,0.0004238141,7.580477e-06,1.494717e-07,0.0008934493,0.0,2.853732e-16,1.129017e-07
0.649,0.41404,0.08063,0.0846,0.0020647,0.0004254623,0.001160892,0.0004252041,7.573006e-06,1.489889e-07,0.0008962345,0.0,2.619463e-16,1.091743e-07
0.649,0.41403,0.08073,0.0847,0.002071147,0.0004268518,0.001164556,0.0004265977,7.566296e-06,1.485338e-07,0.0008990247,0.0,2.403824e-16,1.05555e-07
0.649,0.41401,0.08083,0.0848,0.002077609,0.0004282451,0.001168229,0.000427995,7.560293e-06,1.481045e-07,0.0009018202,0.0,2.205383e-16,1.020413e-07
0.649,0.41399,0.08093,0.0849,0.002084086,0.0004296422,0.001171911,0.0004293958,7.554951e-06,1.476993e-07,0.0009046209,0.0,2.022817e-16,9.863064e-08
0.649,0.41398,0.08103,0.085,0.002090578,0.000431043,0.001175601,0.0004308004,7.550224e-06,1.473166e-07,0.0009074267,0.0,1.854898e-16,9.532054e-08
0.649,0.41396,0.08113,0.0851,0.002097085,0.0004324476,0.001179301,0.0004322085,7.546076e-06,1.469548e-07,0.0009102377,0.0,1.700493e-16,9.210853e-08
0.649,0.41394,0.08123,0.0852,0.002103606,0.0004338559,0.00118301,0.0004336203,7.542469e-06,1.466128e-07,0.000913054,0.0,1.55855e-16,8.899219e-08
0.649,0.41392,0.08133,0.0853,0.002110142,0.000435268,0.001186728,0.0004350358,7.539372e-06,1.462893e-07,0.0009158754,0.0,1.428097e-16,8.596917e-08
0.649,0.41391,0.08143,0.0854,0.002116693,0.0004366839,0.001190454,0.0004364549,7.536756e-06,1.459833e-07,0.000918702,0.0,1.308234e-16,8.303711e-08
0.649,0.41389,0.08153,0.0855,0.002123258,0.0004381036,0.00119419,0.0004378777,7.534594e-06,1.456937e-07,0.0009215337,0.0,1.198132e-16,8.019374e-08
0.649,0.41387,0.08163,0.0856,0.002129838,0.000439527,0.001197935,0.0004393042,7.532861e-06,1.454196e-07,0.0009243707,0.0,1.097021e-16,7.743681e-08
0.649,0.41386,0.08173,0.0857,0.002136433,0.0004409542,0.001201688,0.0004407343,7.531535e-06,1.451602e-07,0.0009272129,0.0,1.004191e-16,7.47641e-08
0.649,0.41384,0.08183,0.0858,0.002143042,0.0004423852,0.001205451,0.0004421681,7.530595e-06,1.449147e-07,0.0009300603,0.0,9.189852000000001e-17,7.217346e-08
0.649,0.41382,0.08193,0.0859,0.002149666,0.00044382,0.001209223,0.0004436056,7.530023e-06,1.446824e-07,0.0009329129,0.0,8.407985e-17,6.966275e-08
0.649,0.41381,0.08203,0.086,0.002156304,0.0004452585,0.001213004,0.0004450468,7.529799e-06,1.444627e-07,0.0009357707,0.0,7.690711e-17,6.72299e-08
0.649,0.41379,0.08213,0.0861,0.002162957,0.0004467009,0.001216794,0.0004464917,7.529909e-06,1.44255e-07,0.0009386336,0.0,7.032861e-17,6.487285e-08
0.649,0.41377,0.08223,0.0862,0.002169625,0.000448147,0.001220593,0.0004479403,7.530337e-06,1.440586e-07,0.0009415018,0.0,6.429671e-17,6.25896e-08
0.649,0.41375,0.08233,0.0863,0.002176307,0.0004495969,0.001224401,0.0004493926,7.531068e-06,1.438731e-07,0.0009443752,0.0,5.87674e-17,6.03782e-08
0.649,0.41374,0.08243,0.0864,0.002183004,0.0004510506,0.001228218,0.0004508486,7.53209e-06,1.436979e-07,0.0009472538,0.0,5.3700120000000005e-17,5.823671e-08
0.649,0.41372,0.08253,0.0865,0.002189715,0.0004525081,0.001232044,0.0004523084,7.533391e-06,1.435327e-07,0.0009501376,0.0,4.905747e-17,5.616324e-08
0.649,0.4137,0.08263,0.0866,0.002196441,0.0004539693,0.00123588,0.0004537718,7.534958e-06,1.433769e-07,0.0009530267,0.0,4.480496e-17,5.415595e-08
0.649,0.41368,0.08273,0.0867,0.002203182,0.0004554344,0.001239724,0.000455239,7.536783e-06,1.432302e-07,0.0009559209,0.0,4.0910810000000004e-17,5.221304e-08
0.649,0.41367,0.08283,0.0868,0.002209937,0.0004569033,0.001243578,0.0004567099,7.538853e-06,1.430922e-07,0.0009588203,0.0,3.734574e-17,5.033272e-08
0.649,0.41365,0.08294,0.0869,0.002216707,0.000458376,0.00124744,0.0004581845,7.541161e-06,1.429626e-07,0.000961725,0.0,3.408279e-17,4.851327e-08
0.649,0.41363,0.08304,0.087,0.002223491,0.0004598525,0.001251312,0.0004596629,7.543697e-06,1.42841e-07,0.0009646348,0.0,3.109713e-17,4.675299e-08
0.649,0.41361,0.08314,0.0871,0.00223029,0.0004613327,0.001255193,0.000461145,7.546454e-06,1.427271e-07,0.0009675499,0.0,2.836589e-17,4.505022e-08
0.649,0.4136,0.08324,0.0872,0.002237103,0.0004628168,0.001259084,0.0004626308,7.549422e-06,1.426207e-07,0.0009704702,0.0,2.5868050000000002e-17,4.340334e-08
0.649,0.41358,0.08334,0.0873,0.002243931,0.0004643048,0.001262983,0.0004641204,7.552596e-06,1.425214e-07,0.0009733957,0.0,2.358425e-17,4.181077e-08
0.649,0.41356,0.08344,0.0874,0.002250774,0.0004657965,0.001266891,0.0004656138,7.555968e-06,1.42429e-07,0.0009763265,0.0,2.1496670000000003e-17,4.027094e-08
0.649,0.41354,0.08354,0.0875,0.002257631,0.000467292,0.001270809,0.0004671109,7.559531e-06,1.423432e-07,0.0009792624,0.0,1.9588970000000002e-17,3.878234e-08
0.649,0.41353,0.08364,0.0876,0.002264503,0.0004687914,0.001274736,0.0004686118,7.563281e-06,1.422639e-07,0.0009822036,0.0,1.784609e-17,3.73435e-08
0.649,0.41351,0.08374,0.0877,0.002271389,0.0004702946,0.001278672,0.0004701165,7.567209e-06,1.421908e-07,0.00098515,0.0,1.6254190000000003e-17,3.595296e-08
0.649,0.41349,0.08384,0.0878,0.00227829,0.0004718016,0.001282617,0.0004716249,7.571313e-06,1.421236e-07,0.0009881016,0.0,1.4800580000000002e-17,3.460932e-08
0.649,0.41347,0.08394,0.0879,0.002285206,0.0004733125,0.001286572,0.0004731371,7.575585e-06,1.420623e-07,0.0009910585,0.0,1.347359e-17,3.331118e-08
0.649,0.41346,0.08404,0.088,0.002292136,0.0004748272,0.001290536,0.0004746531,7.580021e-06,1.420065e-07,0.0009940206,0.0,1.2262490000000001e-17,3.205721e-08
0.649,0.41344,0.08414,0.0881,0.002299081,0.0004763457,0.001294509,0.0004761729,7.584616e-06,1.419562e-07,0.0009969879,0.0,1.115746e-17,3.084609e-08
0.649,0.41342,0.08424,0.0882,0.002306041,0.000477868,0.001298491,0.0004776965,7.589366e-06,1.419112e-07,0.0009999604,0.0,1.0149450000000001e-17,2.967654e-08
0.649,0.4134,0.08434,0.0883,0.002313015,0.0004793942,0.001302482,0.0004792238,7.594267e-06,1.418712e-07,0.001002938,0.0,9.230203e-18,2.85473e-08
0.649,0.41339,0.08444,0.0884,0.002320004,0.0004809243,0.001306483,0.000480755,7.599315e-06,1.418362e-07,0.001005921,0.0,8.392102e-18,2.745715e-08
0.649,0.41337,0.08454,0.0885,0.002327007,0.0004824582,0.001310493,0.00048229,7.604505e-06,1.41806e-07,0.001008909,0.0,7.628186e-18,2.64049e-08
0.649,0.41335,0.08464,0.0886,0.002334025,0.0004839959,0.001314512,0.0004838287,7.609835e-06,1.417805e-07,0.001011903,0.0,6.9320680000000005e-18,2.538939e-08
0.649,0.41333,0.08474,0.0887,0.002341057,0.0004855375,0.001318541,0.0004853713,7.6153e-06,1.417595e-07,0.001014902,0.0,6.297894e-18,2.440949e-08
0.649,0.41332,0.08484,0.0888,0.002348105,0.0004870829,0.001322578,0.0004869177,7.620897e-06,1.417429e-07,0.001017905,0.0,5.720301e-18,2.346409e-08
0.649,0.4133,0.08494,0.0889,0.002355167,0.0004886323,0.001326625,0.000488468,7.626623e-06,1.417305e-07,0.001020915,0.0,5.194376e-18,2.255213e-08
0.649,0.41328,0.08504,0.089,0.002362243,0.0004901854,0.001330682,0.000490022,7.632476e-06,1.417224e-07,0.001023929,0.0,4.715621e-18,2.167254e-08
0.649,0.41326,0.08514,0.0891,0.002369334,0.0004917424,0.001334747,0.0004915799,7.638451e-06,1.417183e-07,0.001026949,0.0,4.279917e-18,2.082433e-08
0.649,0.41324,0.08524,0.0892,0.00237644,0.0004933033,0.001338822,0.0004931416,7.644547e-06,1.417182e-07,0.001029973,0.0,3.883496e-18,2.000648e-08
0.649,0.41323,0.08534,0.0893,0.002383561,0.0004948681,0.001342907,0.0004947072,7.650761e-06,1.417219e-07,0.001033004,0.0,3.522908e-18,1.921804e-08
0.649,0.41321,0.08544,0.0894,0.002390696,0.0004964367,0.001347,0.0004962766,7.657089e-06,1.417293e-07,0.001036039,0.0,3.194999e-18,1.845806e-08
0.649,0.41319,0.08554,0.0895,0.002397846,0.0004980093,0.001351103,0.0004978498,7.663531e-06,1.417405e-07,0.001039079,0.0,2.896885e-18,1.772564e-08
0.649,0.41317,0.08564,0.0896,0.002405011,0.0004995857,0.001355215,0.0004994269,7.670082e-06,1.417551e-07,0.001042125,0.0,2.625927e-18,1.701987e-08
0.649,0.41315,0.08574,0.0897,0.00241219,0.0005011659,0.001359337,0.0005010078,7.676742e-06,1.417733e-07,0.001045176,0.0,2.379715e-18,1.633989e-08
0.649,0.41314,0.08584,0.0898,0.002419384,0.0005027501,0.001363468,0.0005025926,7.683507e-06,1.417949e-07,0.001048233,0.0,2.156047e-18,1.568487e-08
0.649,0.41312,0.08594,0.0899,0.002426592,0.0005043381,0.001367608,0.0005041813,7.690377e-06,1.418198e-07,0.001051294,0.0,1.952912e-18,1.505397e-08
0.649,0.4131,0.08604,0.09,0.002433816,0.0005059301,0.001371757,0.0005057738,7.697348e-06,1.418479e-07,0.001054361,0.0,1.768471e-18,1.444642e-08
0.649,0.41308,0.08614,0.0901,0.002443523,0.0005076076,0.001375916,0.0005073701,1.017337e-05,2.235966e-07,0.001057433,0.0,1.601047e-18,1.386142e-08
0.649,0.41306,0.08624,0.0902,0.002450754,0.0005092063,0.001380085,0.0005089704,1.015945e-05,2.226098e-07,0.00106051,0.0,1.44911e-18,1.329823e-08
0.649,0.41305,0.08634,0.0903,0.002458002,0.000510809,0.001384262,0.0005105745,1.014706e-05,2.21689e-07,0.001063593,0.0,1.311262e-18,1.275613e-08
0.649,0.41303,0.08644,0.0904,0.002465266,0.0005124156,0.001388449,0.0005121825,1.013607e-05,2.208283e-07,0.00106668,0.0,1.186229e-18,1.223439e-08
0.649,0.41301,0.08654,0.0905,0.002472546,0.0005140262,0.001392646,0.0005137944,1.012635e-05,2.200224e-07,0.001069773,0.0,1.072849e-18,1.173234e-08
0.649,0.41299,0.08664,0.0906,0.002479841,0.0005156407,0.001396852,0.0005154102,1.01178e-05,2.192668e-07,0.001072872,0.0,9.700619e-19,1.12493e-08
0.649,0.41297,0.08674,0.0907,0.002487152,0.0005172592,0.001401067,0.0005170298,1.011033e-05,2.185573e-07,0.001075975,0.0,8.769025999999999e-19,1.078462e-08
0.649,0.41296,0.08684,0.0908,0.002494479,0.0005188816,0.001405291,0.0005186534,1.010385e-05,2.178905e-07,0.001079084,0.0,7.924907999999999e-19,1.033767e-08
0.649,0.41294,0.08694,0.0909,0.002501822,0.000520508,0.001409525,0.0005202808,1.009829e-05,2.17263e-07,0.001082198,0.0,7.160246999999999e-19,9.907853e-09
0.649,0.41292,0.08704,0.091,0.00250918,0.0005221383,0.001413769,0.0005219122,1.009359e-05,2.166722e-07,0.001085317,0.0,6.467743e-19,9.494561e-09
0.649,0.4129,0.08714,0.0911,0.002516553,0.0005237726,0.001418022,0.0005235474,1.008968e-05,2.161153e-07,0.001088442,0.0,5.840746999999999e-19,9.097223e-09
0.649,0.41288,0.08724,0.0912,0.002523942,0.0005254109,0.001422284,0.0005251866,1.008651e-05,2.155903e-07,0.001091571,0.0,5.273208999999999e-19,8.715282e-09
0.649,0.41287,0.08734,0.0913,0.002531346,0.0005270531,0.001426555,0.0005268296,1.008404e-05,2.150948e-07,0.001094706,0.0,4.759621999999999e-19,8.348196e-09
0.649,0.41285,0.08744,0.0914,0.002538765,0.0005286992,0.001430836,0.0005284766,1.008222e-05,2.146272e-07,0.001097847,0.0,4.2949779999999996e-19,7.995442e-09
0.649,0.41283,0.08754,0.0915,0.0025462,0.0005303494,0.001435127,0.0005301275,1.008101e-05,2.141856e-07,0.001100992,0.0,3.8747189999999998e-19,7.656511e-09
0.649,0.41281,0.08764,0.0916,0.00255365,0.0005320034,0.001439427,0.0005317823,1.008038e-05,2.137686e-07,0.001104143,0.0,3.4947049999999996e-19,7.330912e-09
0.649,0.41279,0.08774,0.0917,0.002561115,0.0005336614,0.001443736,0.000533441,1.00803e-05,2.133747e-07,0.001107299,0.0,3.1511689999999997e-19,7.018167e-09
0.649,0.41277,0.08784,0.0918,0.002568596,0.0005353234,0.001448055,0.0005351037,1.008073e-05,2.130026e-07,0.00111046,0.0,2.8406899999999996e-19,6.717815e-09
0.649,0.41276,0.08794,0.0919,0.002576091,0.0005369894,0.001452383,0.0005367703,1.008165e-05,2.126512e-07,0.001113626,0.0,2.5601579999999996e-19,6.429407e-09
0.649,0.41274,0.08804,0.092,0.002583602,0.0005386593,0.001456721,0.0005384408,1.008303e-05,2.123192e-07,0.001116798,0.0,2.3067509999999996e-19,6.152512e-09
0.649,0.41272,0.08814,0.0921,0.002591128,0.0005403331,0.001461068,0.0005401153,1.008486e-05,2.120058e-07,0.001119975,0.0,2.0779039999999998e-19,5.88671e-09
0.649,0.4127,0.08824,0.0922,0.002598669,0.000542011,0.001465425,0.0005417936,1.00871e-05,2.1171e-07,0.001123157,0.0,1.8712899999999997e-19,5.631595e-09
0.649,0.41268,0.08834,0.0923,0.002606225,0.0005436928,0.001469791,0.000543476,1.008974e-05,2.114309e-07,0.001126345,0.0,1.684798e-19,5.386774e-09
0.649,0.41266,0.08844,0.0924,0.002613796,0.0005453786,0.001474166,0.0005451622,1.009276e-05,2.111678e-07,0.001129537,0.0,1.51651e-19,5.151868e-09
0.649,0.41264,0.08854,0.0925,0.002621383,0.0005470683,0.001478551,0.0005468525,1.009615e-05,2.109198e-07,0.001132735,0.0,1.364689e-19,4.92651e-09
0.649,0.41263,0.08864,0.0926,0.002628984,0.000548762,0.001482945,0.0005485466,1.009989e-05,2.106863e-07,0.001135939,0.0,1.227758e-19,4.710343e-09
0.649,0.41261,0.08875,0.0927,0.0026366,0.0005504597,0.001487349,0.0005502447,1.010396e-05,2.104667e-07,0.001139147,0.0,1.1042899999999998e-19,4.503025e-09
0.649,0.41259,0.08885,0.0928,0.002644232,0.0005521614,0.001491763,0.0005519468,1.010835e-05,2.102603e-07,0.001142361,0.0,9.929880999999999e-20,4.304223e-09
0.649,0.41257,0.08895,0.0929,0.002651878,0.000553867,0.001496185,0.0005536528,1.011305e-05,2.100666e-07,0.00114558,0.0,8.926803e-20,4.113616e-09
0.649,0.41255,0.08905,0.093,0.00265954,0.0005555766,0.001500618,0.0005553628,1.011804e-05,2.09885e-07,0.001148804,0.0,8.023035999999999e-20,3.930894e-09
0.649,0.41253,0.08915,0.0931,0.002667216,0.0005572902,0.00150506,0.0005570768,1.012332e-05,2.097152e-07,0.001152033,0.0,7.208956e-20,3.755757e-09
0.649,0.41251,0.08925,0.0932,0.002674908,0.0005590078,0.001509511,0.0005587947,1.012887e-05,2.095565e-07,0.001155268,0.0,6.475852e-20,3.587916e-09
0.649,0.4125,0.08935,0.0933,0.002682614,0.0005607294,0.001513972,0.0005605166,1.013469e-05,2.094086e-07,0.001158508,0.0,5.815838e-20,3.427091e-09
0.649,0.41248,0.08945,0.0934,0.002690336,0.000562455,0.001518442,0.0005622424,1.014077e-05,2.09271e-07,0.001161753,0.0,5.2217799999999997e-20,3.273012e-09
0.649,0.41246,0.08955,0.0935,0.002698072,0.0005641845,0.001522921,0.0005639723,1.014709e-05,2.091435e-07,0.001165004,0.0,4.687223e-20,3.125419e-09
0.649,0.41244,0.08965,0.0936,0.002705824,0.0005659181,0.001527411,0.0005657061,1.015365e-05,2.090255e-07,0.00116826,0.0,4.2063329999999996e-20,2.984059e-09
0.649,0.41242,0.08975,0.0937,0.00271359,0.0005676556,0.001531909,0.0005674438,1.016044e-05,2.089168e-07,0.00117152,0.0,3.773831e-20,2.848689e-09
0.649,0.4124,0.08985,0.0938,0.002721372,0.0005693971,0.001536418,0.0005691856,1.016745e-05,2.088171e-07,0.001174787,0.0,3.384949e-20,2.719076e-09
0.649,0.41238,0.08995,0.0939,0.002729168,0.0005711427,0.001540935,0.0005709313,1.017468e-05,2.08726e-07,0.001178058,0.0,3.035377e-20,2.594994e-09
0.649,0.41237,0.09005,0.094,0.00273698,0.0005728922,0.001545463,0.0005726811,1.018212e-05,2.086433e-07,0.001181335,0.0,2.721222e-20,2.476223e-09
0.649,0.41235,0.09015,0.0941,0.002744806,0.0005746457,0.001549999,0.0005744348,1.018977e-05,2.085686e-07,0.001184617,0.0,2.438969e-20,2.362554e-09
0.649,0.41233,0.09025,0.0942,0.002752647,0.0005764033,0.001554545,0.0005761925,1.019761e-05,2.085017e-07,0.001187904,0.0,2.185442e-20,2.253785e-09
0.649,0.41231,0.09035,0.0943,0.002760503,0.0005781648,0.001559101,0.0005779542,1.020565e-05,2.084424e-07,0.001191196,0.0,1.957777e-20,2.149719e-09
0.649,0.41229,0.09045,0.0944,0.002768374,0.0005799303,0.001563666,0.0005797199,1.021387e-05,2.083904e-07,0.001194494,0.0,1.753388e-20,2.050168e-09
0.649,0.41227,0.09055,0.0945,0.00277626,0.0005816999,0.001568241,0.0005814896,1.022228e-05,2.083456e-07,0.001197797,0.0,1.569942e-20,1.954951e-09
0.649,0.41225,0.09065,0.0946,0.002784161,0.0005834734,0.001572825,0.0005832633,1.023086e-05,2.083076e-07,0.001201105,0.0,1.405335e-20,1.863892e-09
0.649,0.41223,0.09075,0.0947,0.002792077,0.000585251,0.001577419,0.0005850409,1.023962e-05,2.082763e-07,0.001204419,0.0,1.2576709999999999e-20,1.776823e-09
0.649,0.41221,0.09085,0.0948,0.002800008,0.0005870326,0.001582022,0.0005868226,1.024854e-05,2.082515e-07,0.001207737,0.0,1.1252399999999999e-20,1.693582e-09
0.649,0.41219,0.09095,0.0949,0.002807954,0.0005888182,0.001586635,0.0005886083,1.025763e-05,2.08233e-07,0.001211061,0.0,1.006501e-20,1.614013e-09
0.649,0.41218,0.09105,0.095,0.002815915,0.0005906078,0.001591257,0.000590398,1.026688e-05,2.082207e-07,0.00121439,0.0,9.000646e-21,1.537964e-09
0.649,0.41216,0.09115,0.0951,0.00282389,0.0005924014,0.001595889,0.0005921917,1.027629e-05,2.082143e-07,0.001217725,0.0,0.0,1.465291e-09
0.649,0.41214,0.09125,0.0952,0.002831881,0.0005941991,0.00160053,0.0005939894,1.028585e-05,2.082137e-07,0.001221065,0.0,0.0,1.395855e-09
0.649,0.41212,0.09135,0.0953,0.002839886,0.0005960007,0.001605181,0.0005957912,1.029556e-05,2.082188e-07,0.001224409,0.0,0.0,1.329521e-09
0.649,0.4121,0.09145,0.0954,0.002847906,0.0005978064,0.001609841,0.0005975969,1.030542e-05,2.082293e-07,0.00122776,0.0,0.0,1.26616e-09
0.649,0.41208,0.09155,0.0955,0.002855942,0.0005996161,0.001614511,0.0005994067,1.031542e-05,2.082453e-07,0.001231115,0.0,0.0,1.205648e-09
0.649,0.41206,0.09165,0.0956,0.002863992,0.0006014299,0.001619191,0.0006012205,1.032556e-05,2.082664e-07,0.001234476,0.0,0.0,1.147866e-09
0.649,0.41204,0.09175,0.0957,0.002872057,0.0006032476,0.001623879,0.0006030382,1.033584e-05,2.082927e-07,0.001237841,0.0,0.0,1.092698e-09
0.649,0.41202,0.09185,0.0958,0.002880136,0.0006050694,0.001628578,0.0006048601,1.034626e-05,2.083239e-07,0.001241212,0.0,0.0,1.040035e-09
0.649,0.412,0.09195,0.0959,0.002888231,0.0006068952,0.001633286,0.0006066859,1.03568e-05,2.0836e-07,0.001244589,0.0,0.0,9.897698e-10
0.649,0.41199,0.09205,0.096,0.002896341,0.0006087251,0.001638003,0.0006085158,1.036748e-05,2.084008e-07,0.00124797,0.0,0.0,9.418006e-10
0.649,0.41197,0.09215,0.0961,0.002904465,0.000610559,0.00164273,0.0006103496,1.037829e-05,2.084463e-07,0.001251357,0.0,0.0,8.960294e-10
0.649,0.41195,0.09225,0.0962,0.002912605,0.0006123969,0.001647466,0.0006121876,1.038922e-05,2.084962e-07,0.001254749,0.0,0.0,8.523621e-10
0.649,0.41193,0.09235,0.0963,0.00292359,0.0006143474,0.001652212,0.0006140295,1.3232e-05,3.170991e-07,0.001258146,0.0,0.0,8.107081e-10
0.649,0.41191,0.09245,0.0964,0.002931735,0.000616192,0.001656967,0.0006158755,1.321881e-05,3.157696e-07,0.001261549,0.0,0.0,7.709807e-10
0.649,0.41189,0.09255,0.0965,0.002939896,0.0006180407,0.001661732,0.0006177255,1.320743e-05,3.145304e-07,0.001264957,0.0,0.0,7.330962e-10
0.649,0.41187,0.09265,0.0966,0.002948074,0.0006198936,0.001666507,0.0006195795,1.319769e-05,3.133733e-07,0.00126837,0.0,0.0,6.969747e-10
0.649,0.41185,0.09275,0.0967,0.002956268,0.0006217505,0.001671291,0.0006214375,1.318945e-05,3.12291e-07,0.001271788,0.0,0.0,6.625392e-10
0.649,0.41183,0.09285,0.0968,0.002964478,0.0006236116,0.001676084,0.0006232996,1.318258e-05,3.112773e-07,0.001275211,0.0,0.0,6.297159e-10
0.649,0.41181,0.09295,0.0969,0.002972704,0.0006254767,0.001680887,0.0006251658,1.317698e-05,3.103265e-07,0.00127864,0.0,0.0,5.98434e-10
0.649,0.41179,0.09305,0.097,0.002980945,0.000627346,0.001685699,0.0006270359,1.317253e-05,3.094337e-07,0.001282074,0.0,0.0,5.686257e-10
0.649,0.41177,0.09315,0.0971,0.002989203,0.0006292193,0.001690521,0.0006289102,1.316917e-05,3.085946e-07,0.001285513,0.0,0.0,5.402256e-10
0.649,0.41175,0.09325,0.0972,0.002997476,0.0006310967,0.001695352,0.0006307884,1.31668e-05,3.078053e-07,0.001288957,0.0,0.0,5.131713e-10
0.649,0.41173,0.09335,0.0973,0.003005765,0.0006329782,0.001700193,0.0006326707,1.316537e-05,3.070624e-07,0.001292407,0.0,0.0,4.874029e-10
0.649,0.41171,0.09345,0.0974,0.00301407,0.0006348638,0.001705044,0.000634557,1.316481e-05,3.063625e-07,0.001295862,0.0,0.0,4.628629e-10
0.649,0.41169,0.09355,0.0975,0.00302239,0.0006367535,0.001709903,0.0006364474,1.316506e-05,3.05703e-07,0.001299322,0.0,0.0,4.394963e-10
0.649,0.41168,0.09365,0.0976,0.003030726,0.0006386473,0.001714773,0.0006383418,1.316608e-05,3.050813e-07,0.001302787,0.0,0.0,4.172502e-10
0.649,0.41166,0.09375,0.0977,0.003039076,0.0006405451,0.001719651,0.0006402402,1.316782e-05,3.04495e-07,0.001306257,0.0,0.0,3.96074e-10
0.649,0.41164,0.09385,0.0978,0.003047443,0.0006424471,0.00172454,0.0006421427,1.317023e-05,3.03942e-07,0.001309733,0.0,0.0,3.759194e-10
0.649,0.41162,0.09395,0.0979,0.003055824,0.0006443531,0.001729437,0.0006440493,1.317328e-05,3.034204e-07,0.001313214,0.0,0.0,3.567398e-10
0.649,0.4116,0.09405,0.098,0.003064221,0.0006462631,0.001734345,0.0006459599,1.317694e-05,3.029284e-07,0.0013167,0.0,0.0,3.384909e-10
0.649,0.41158,0.09415,0.0981,0.003072634,0.0006481773,0.001739261,0.0006478745,1.318117e-05,3.024644e-07,0.001320191,0.0,0.0,3.2113e-10
0.649,0.41156,0.09426,0.0982,0.003081061,0.0006500955,0.001744188,0.0006497932,1.318595e-05,3.02027e-07,0.001323688,0.0,0.0,3.046165e-10
0.649,0.41154,0.09436,0.0983,0.003089504,0.0006520178,0.001749123,0.0006517159,1.319124e-05,3.016147e-07,0.001327189,0.0,0.0,2.889111e-10
0.649,0.41152,0.09446,0.0984,0.003097961,0.0006539442,0.001754068,0.0006536427,1.319702e-05,3.012262e-07,0.001330696,0.0,0.0,2.739768e-10
0.649,0.4115,0.09456,0.0985,0.003106434,0.0006558746,0.001759023,0.0006555735,1.320328e-05,3.008604e-07,0.001334208,0.0,0.0,2.597776e-10
0.649,0.41148,0.09466,0.0986,0.003114922,0.0006578091,0.001763987,0.0006575084,1.320998e-05,3.005163e-07,0.001337726,0.0,0.0,2.462794e-10
0.649,0.41146,0.09476,0.0987,0.003123425,0.0006597477,0.00176896,0.0006594473,1.321711e-05,3.001927e-07,0.001341248,0.0,0.0,2.334496e-10
0.649,0.41144,0.09486,0.0988,0.003131944,0.0006616904,0.001773943,0.0006613903,1.322465e-05,2.998888e-07,0.001344776,0.0,0.0,2.212568e-10
0.649,0.41142,0.09496,0.0989,0.003140477,0.0006636371,0.001778935,0.0006633373,1.323259e-05,2.996037e-07,0.001348309,0.0,0.0,2.096711e-10
0.649,0.4114,0.09506,0.099,0.003149025,0.0006655879,0.001783937,0.0006652884,1.32409e-05,2.993366e-07,0.001351847,0.0,0.0,1.986639e-10
0.649,0.41138,0.09516,0.0991,0.003157588,0.0006675427,0.001788948,0.0006672435,1.324958e-05,2.990866e-07,0.00135539,0.0,0.0,1.88208e-10
0.649,0.41136,0.09526,0.0992,0.003166166,0.0006695017,0.001793969,0.0006692026,1.325861e-05,2.988532e-07,0.001358939,0.0,0.0,1.782771e-10
0.649,0.41134,0.09536,0.0993,0.003174759,0.0006714647,0.001798999,0.0006711659,1.326797e-05,2.986355e-07,0.001362493,0.0,0.0,1.688463e-10
0.649,0.41132,0.09546,0.0994,0.003183367,0.0006734317,0.001804038,0.0006731331,1.327766e-05,2.984331e-07,0.001366052,0.0,0.0,1.598917e-10
0.649,0.4113,0.09556,0.0995,0.00319199,0.0006754029,0.001809087,0.0006751045,1.328766e-05,2.982453e-07,0.001369616,0.0,0.0,1.513906e-10
0.649,0.41128,0.09566,0.0996,0.003200628,0.000677378,0.001814145,0.0006770798,1.329796e-05,2.980715e-07,0.001373185,0.0,0.0,1.433212e-10
0.649,0.41126,0.09576,0.0997,0.003209281,0.0006793573,0.001819213,0.0006790592,1.330856e-05,2.979112e-07,0.00137676,0.0,0.0,1.356626e-10
0.649,0.41124,0.09586,0.0998,0.003217949,0.0006813406,0.00182429,0.0006810427,1.331944e-05,2.97764e-07,0.001380339,0.0,0.0,1.283952e-10
0.649,0.41122,0.09596,0.0999,0.003226631,0.000683328,0.001829376,0.0006830302,1.333059e-05,2.976294e-07,0.001383924,0.0,0.0,1.214998e-10
0.649,0.4112,0.09606,0.1,0.003235328,0.0006853194,0.001834472,0.0006850218,1.334201e-05,2.975069e-07,0.001387514,0.0,0.0,1.149585e-10
0.649,0.41118,0.09616,0.1001,0.003244041,0.0006873149,0.001839577,0.0006870174,1.335368e-05,2.973961e-07,0.001391109,0.0,0.0,1.087539e-10
0.649,0.41116,0.09626,0.1002,0.003252767,0.0006893145,0.001844692,0.0006890171,1.336561e-05,2.972967e-07,0.00139471,0.0,0.0,1.028696e-10
0.649,0.41114,0.09636,0.1003,0.003261509,0.0006913181,0.001849816,0.0006910208,1.337777e-05,2.972082e-07,0.001398315,0.0,0.0,9.728994e-11
0.649,0.41112,0.09646,0.1004,0.003270266,0.0006933258,0.001854949,0.0006930286,1.339018e-05,2.971303e-07,0.001401926,0.0,0.0,9.199987e-11
0.649,0.4111,0.09656,0.1005,0.003279037,0.0006953376,0.001860092,0.0006950404,1.340281e-05,2.970626e-07,0.001405542,0.0,0.0,8.698513e-11
0.649,0.41108,0.09666,0.1006,0.003287823,0.0006973534,0.001865244,0.0006970563,1.341567e-05,2.970049e-07,0.001409163,0.0,0.0,8.223208e-11
0.649,0.41106,0.09676,0.1007,0.003296624,0.0006993732,0.001870405,0.0006990762,1.342875e-05,2.969569e-07,0.00141279,0.0,0.0,7.772773e-11
0.649,0.41104,0.09686,0.1008,0.003305439,0.0007013971,0.001875576,0.0007011001,1.344204e-05,2.969182e-07,0.001416421,0.0,0.0,7.34597e-11
0.649,0.41102,0.09696,0.1009,0.003314269,0.0007034251,0.001880756,0.0007031281,1.345553e-05,2.968885e-07,0.001420058,0.0,0.0,6.94162e-11
0.649,0.411,0.09706,0.101,0.003323114,0.0007054571,0.001885945,0.0007051602,1.346923e-05,2.968677e-07,0.001423699,0.0,0.0,6.558597e-11
0.649,0.41098,0.09716,0.1011,0.003331974,0.0007074932,0.001891144,0.0007071963,1.348313e-05,2.968555e-07,0.001427346,0.0,0.0,6.195831e-11
0.649,0.41096,0.09726,0.1012,0.003340848,0.0007095333,0.001896352,0.0007092364,1.349722e-05,2.968516e-07,0.001430998,0.0,0.0,5.8523e-11
0.649,0.41094,0.09736,0.1013,0.003349737,0.0007115775,0.001901569,0.0007112806,1.351149e-05,2.968558e-07,0.001434656,0.0,0.0,5.527034e-11
0.649,0.41092,0.09746,0.1014,0.00335864,0.0007136257,0.001906796,0.0007133288,1.352596e-05,2.968679e-07,0.001438318,0.0,0.0,5.219106e-11
0.649,0.4109,0.09756,0.1015,0.003367558,0.000715678,0.001912032,0.0007153811,1.35406e-05,2.968876e-07,0.001441986,0.0,0.0,4.927635e-11
0.649,0.41088,0.09766,0.1016,0.003376491,0.0007177344,0.001917277,0.0007174374,1.355542e-05,2.969149e-07,0.001445658,0.0,0.0,4.651783e-11
0.649,0.41086,0.09776,0.1017,0.003385438,0.0007197947,0.001922531,0.0007194977,1.357041e-05,2.969494e-07,0.001449336,0.0,0.0,4.390751e-11
0.649,0.41084,0.09786,0.1018,0.0033944,0.0007218592,0.001927795,0.0007215621,1.358558e-05,2.96991e-07,0.001453019,0.0,0.0,4.143779e-11
0.649,0.41082,0.09796,0.1019,0.003403376,0.0007239276,0.001933068,0.0007236305,1.360091e-05,2.970396e-07,0.001456707,0.0,0.0,3.910145e-11
0.649,0.4108,0.09806,0.102,0.003412367,0.0007260001,0.00193835,0.000725703,1.36164e-05,2.970949e-07,0.001460401,0.0,0.0,3.689161e-11
0.649,0.41078,0.09816,0.1021,0.003421373,0.0007280767,0.001943642,0.0007277795,1.363205e-05,2.971568e-07,0.001464099,0.0,0.0,3.480172e-11
0.649,0.41076,0.09826,0.1022,0.003430393,0.0007301573,0.001948942,0.00072986,1.364786e-05,2.972252e-07,0.001467803,0.0,0.0,3.282557e-11
0.649,0.41074,0.09836,0.1023,0.003439427,0.0007322419,0.001954252,0.0007319446,1.366383e-05,2.972998e-07,0.001471511,0.0,0.0,3.095725e-11
0.649,0.41072,0.09846,0.1024,0.003451737,0.0007344746,0.001959572,0.0007340332,1.694039e-05,4.413712e-07,0.001475225,0.0,0.0,2.919113e-11
0.649,0.41069,0.09856,0.1025,0.003460771,0.0007365653,0.0019649,0.0007361258,1.692722e-05,4.395126e-07,0.001478944,0.0,0.0,2.752186e-11
0.649,0.41067,0.09866,0.1026,0.003469822,0.0007386602,0.001970237,0.0007382224,1.691631e-05,4.377842e-07,0.001482668,0.0,0.0,2.594438e-11
0.649,0.41065,0.09876,0.1027,0.003478889,0.0007407593,0.001975584,0.0007403231,1.690744e-05,4.361734e-07,0.001486397,0.0,0.0,2.445384e-11
0.649,0.41063,0.09886,0.1028,0.003487972,0.0007428625,0.00198094,0.0007424278,1.690043e-05,4.346698e-07,0.001490131,0.0,0.0,2.304567e-11
0.649,0.41061,0.09896,0.1029,0.003497071,0.0007449698,0.001986305,0.0007445365,1.689511e-05,4.332639e-07,0.001493871,0.0,0.0,2.171551e-11
0.649,0.41059,0.09906,0.103,0.003506186,0.0007470812,0.001991679,0.0007466493,1.689136e-05,4.319475e-07,0.001497615,0.0,0.0,2.045922e-11
0.649,0.41057,0.09916,0.1031,0.003515317,0.0007491967,0.001997063,0.000748766,1.688903e-05,4.307134e-07,0.001501365,0.0,0.0,1.927288e-11
0.649,0.41055,0.09926,0.1032,0.003524463,0.0007513164,0.002002455,0.0007508868,1.688803e-05,4.295553e-07,0.00150512,0.0,0.0,1.815276e-11
0.649,0.41053,0.09936,0.1033,0.003533625,0.0007534401,0.002007857,0.0007530116,1.688826e-05,4.284674e-07,0.00150888,0.0,0.0,1.709531e-11
0.649,0.41051,0.09947,0.1034,0.003542802,0.0007555679,0.002013268,0.0007551404,1.688962e-05,4.274448e-07,0.001512645,0.0,0.0,1.609719e-11
0.649,0.41049,0.09957,0.1035,0.003551995,0.0007576997,0.002018688,0.0007572732,1.689205e-05,4.264828e-07,0.001516415,0.0,0.0,1.515518e-11
0.649,0.41047,0.09967,0.1036,0.003561202,0.0007598357,0.002024117,0.0007594101,1.689547e-05,4.255774e-07,0.00152019,0.0,0.0,1.426629e-11
0.649,0.41045,0.09977,0.1037,0.003570425,0.0007619757,0.002029555,0.0007615509,1.689983e-05,4.247249e-07,0.00152397,0.0,0.0,1.342762e-11
0.649,0.41043,0.09987,0.1038,0.003579663,0.0007641197,0.002035002,0.0007636958,1.690505e-05,4.23922e-07,0.001527755,0.0,0.0,1.263647e-11
0.649,0.41041,0.09997,0.1039,0.003588915,0.0007662678,0.002040459,0.0007658447,1.69111e-05,4.231655e-07,0.001531546,0.0,0.0,1.189024e-11
0.649,0.41039,0.10007,0.104,0.003598183,0.00076842,0.002045924,0.0007679975,1.691793e-05,4.224529e-07,0.001535341,0.0,0.0,1.118649e-11
0.649,0.41036,0.10017,0.1041,0.003607466,0.0007705762,0.002051398,0.0007701544,1.692549e-05,4.217815e-07,0.001539142,0.0,0.0,1.052291e-11
0.649,0.41034,0.10027,0.1042,0.003616763,0.0007727364,0.002056882,0.0007723153,1.693374e-05,4.21149e-07,0.001542947,0.0,0.0,9.897283e-12
0.649,0.41032,0.10037,0.1043,0.003626075,0.0007749007,0.002062374,0.0007744801,1.694265e-05,4.205533e-07,0.001546758,0.0,0.0,9.307534e-12
0.649,0.4103,0.10047,0.1044,0.003635402,0.000777069,0.002067876,0.000776649,1.695219e-05,4.199925e-07,0.001550574,0.0,0.0,8.751685e-12
0.649,0.41028,0.10057,0.1045,0.003644744,0.0007792413,0.002073387,0.0007788218,1.696232e-05,4.194648e-07,0.001554395,0.0,0.0,8.227864e-12
0.649,0.41026,0.10067,0.1046,0.0036541,0.0007814176,0.002078906,0.0007809987,1.697302e-05,4.189685e-07,0.001558221,0.0,0.0,7.7343e-12
0.649,0.41024,0.10077,0.1047,0.003663471,0.000783598,0.002084435,0.0007831795,1.698426e-05,4.185021e-07,0.001562052,0.0,0.0,7.269311e-12
0.649,0.41022,0.10087,0.1048,0.003672856,0.0007857824,0.002089972,0.0007853643,1.699602e-05,4.180642e-07,0.001565888,0.0,0.0,6.831309e-12
0.649,0.4102,0.10097,0.1049,0.003682256,0.0007879708,0.002095519,0.0007875531,1.700828e-05,4.176534e-07,0.001569729,0.0,0.0,6.418788e-12
0.649,0.41018,0.10107,0.105,0.00369167,0.0007901632,0.002101074,0.0007897459,1.702101e-05,4.172685e-07,0.001573575,0.0,0.0,6.030322e-12
0.649,0.41015,0.10117,0.1051,0.003701099,0.0007923596,0.002106638,0.0007919426,1.70342e-05,4.169084e-07,0.001577426,0.0,0.0,5.664563e-12
0.649,0.41013,0.10127,0.1052,0.003710542,0.00079456,0.002112212,0.0007941434,1.704782e-05,4.16572e-07,0.001581283,0.0,0.0,5.320233e-12
0.649,0.41011,0.10137,0.1053,0.00372,0.0007967643,0.002117794,0.0007963481,1.706187e-05,4.162583e-07,0.001585144,0.0,0.0,4.996125e-12
0.649,0.41009,0.10147,0.1054,0.003729472,0.0007989727,0.002123385,0.0007985567,1.707632e-05,4.159664e-07,0.00158901,0.0,0.0,4.691097e-12
0.649,0.41007,0.10157,0.1055,0.003738958,0.0008011851,0.002128985,0.0008007694,1.709117e-05,4.156953e-07,0.001592882,0.0,0.0,4.404067e-12
0.649,0.41005,0.10167,0.1056,0.003748458,0.0008034014,0.002134594,0.000802986,1.710639e-05,4.154444e-07,0.001596758,0.0,0.0,4.134012e-12
0.649,0.41003,0.10177,0.1057,0.003757973,0.0008056218,0.002140212,0.0008052065,1.712198e-05,4.152127e-07,0.001600639,0.0,0.0,3.879967e-12
0.649,0.41001,0.10187,0.1058,0.003767502,0.0008078461,0.002145838,0.0008074311,1.713792e-05,4.149996e-07,0.001604526,0.0,0.0,3.641016e-12
0.649,0.40999,0.10197,0.1059,0.003777045,0.0008100743,0.002151474,0.0008096595,1.71542e-05,4.148044e-07,0.001608417,0.0,0.0,3.416297e-12
0.649,0.40997,0.10207,0.106,0.003786603,0.0008123066,0.002157118,0.000811892,1.717082e-05,4.146264e-07,0.001612314,0.0,0.0,3.204993e-12
0.649,0.40994,0.10217,0.1061,0.003796174,0.0008145428,0.002162771,0.0008141283,1.718775e-05,4.144651e-07,0.001616215,0.0,0.0,3.006331e-12
0.649,0.40992,0.10227,0.1062,0.00380576,0.000816783,0.002168433,0.0008163687,1.720499e-05,4.143198e-07,0.001620122,0.0,0.0,2.819584e-12
0.649,0.4099,0.10237,0.1063,0.00381536,0.0008190271,0.002174104,0.0008186129,1.722254e-05,4.1419e-07,0.001624034,0.0,0.0,2.644062e-12
0.649,0.40988,0.10247,0.1064,0.003824974,0.0008212752,0.002179783,0.0008208611,1.724038e-05,4.140753e-07,0.00162795,0.0,0.0,2.479114e-12
0.649,0.40986,0.10257,0.1065,0.003834602,0.0008235272,0.002185472,0.0008231133,1.725851e-05,4.13975e-07,0.001631872,0.0,0.0,2.324127e-12
0.649,0.40984,0.10267,0.1066,0.003844244,0.0008257832,0.002191169,0.0008253693,1.727692e-05,4.138888e-07,0.001635798,0.0,0.0,2.17852e-12
0.649,0.40982,0.10277,0.1067,0.0038539,0.0008280431,0.002196874,0.0008276293,1.729559e-05,4.138161e-07,0.00163973,0.0,0.0,2.041745e-12
0.649,0.40979,0.10287,0.1068,0.003863569,0.000830307,0.002202589,0.0008298933,1.731453e-05,4.137567e-07,0.001643666,0.0,0.0,1.913287e-12
0.649,0.40977,0.10297,0.1069,0.003873253,0.0008325748,0.002208312,0.0008321611,1.733373e-05,4.1371e-07,0.001647608,0.0,0.0,1.792656e-12
0.649,0.40975,0.10307,0.107,0.003882951,0.0008348465,0.002214044,0.0008344329,1.735318e-05,4.136758e-07,0.001651554,0.0,0.0,1.679392e-12
0.649,0.40973,0.10317,0.1071,0.003892663,0.0008371222,0.002219784,0.0008367086,1.737288e-05,4.136536e-07,0.001655506,0.0,0.0,1.573061e-12
0.649,0.40971,0.10327,0.1072,0.003902388,0.0008394018,0.002225533,0.0008389881,1.739281e-05,4.13643e-07,0.001659462,0.0,0.0,1.473254e-12
0.649,0.40969,0.10337,0.1073,0.003912128,0.0008416853,0.002231291,0.0008412716,1.741298e-05,4.136439e-07,0.001663423,0.0,0.0,1.379583e-12
0.649,0.40967,0.10347,0.1074,0.003921881,0.0008439727,0.002237058,0.000843559,1.743338e-05,4.136558e-07,0.00166739,0.0,0.0,1.291684e-12
0.649,0.40964,0.10357,0.1075,0.003931648,0.000846264,0.002242833,0.0008458504,1.7454e-05,4.136785e-07,0.001671361,0.0,0.0,1.209215e-12
0.649,0.40962,0.10367,0.1076,0.003941429,0.0008485593,0.002248616,0.0008481456,1.747485e-05,4.137116e-07,0.001675337,0.0,0.0,1.13185e-12
0.649,0.4096,0.10377,0.1077,0.003951223,0.0008508584,0.002254409,0.0008504446,1.749591e-05,4.13755e-07,0.001679319,0.0,0.0,1.059284e-12
0.649,0.40958,0.10387,0.1078,0.003961032,0.0008531614,0.00226021,0.0008527476,1.751718e-05,4.138083e-07,0.001683305,0.0,0.0,9.912303e-13
0.649,0.40956,0.10397,0.1079,0.003970854,0.0008554684,0.002266019,0.0008550545,1.753865e-05,4.138713e-07,0.001687296,0.0,0.0,9.274169e-13
0.649,0.40954,0.10407,0.108,0.003980689,0.0008577792,0.002271837,0.0008573652,1.756034e-05,4.139437e-07,0.001691292,0.0,0.0,8.675885e-13
0.649,0.40952,0.10417,0.1081,0.003990539,0.0008600939,0.002277663,0.0008596799,1.758222e-05,4.140253e-07,0.001695293,0.0,0.0,8.115045e-13
0.649,0.40949,0.10427,0.1082,0.004000402,0.0008624125,0.002283498,0.0008619984,1.760429e-05,4.141159e-07,0.001699299,0.0,0.0,7.589382e-13
0.649,0.40947,0.10438,0.1083,0.004010278,0.000864735,0.002289342,0.0008643207,1.762656e-05,4.142154e-07,0.00170331,0.0,0.0,7.096762e-13
0.649,0.40945,0.10448,0.1084,0.004020168,0.0008670613,0.002295194,0.000866647,1.764902e-05,4.143233e-07,0.001707325,0.0,0.0,6.635175e-13
0.649,0.40943,0.10458,0.1085,0.004030072,0.0008693915,0.002301054,0.0008689771,1.767167e-05,4.144397e-07,0.001711346,0.0,0.0,6.202731e-13
0.649,0.40941,0.10468,0.1086,0.004043689,0.0008719113,0.002306923,0.000871311,2.139388e-05,6.003126e-07,0.001715372,0.0,0.0,5.797647e-13
0.649,0.40939,0.10478,0.1087,0.004053588,0.0008742468,0.0023128,0.0008736488,2.138484e-05,5.979803e-07,0.001719402,0.0,0.0,5.41825e-13
0.649,0.40936,0.10488,0.1088,0.004063502,0.0008765863,0.002318686,0.0008759905,2.137824e-05,5.958098e-07,0.001723438,0.0,0.0,5.062961e-13
0.649,0.40934,0.10498,0.1089,0.004073432,0.0008789297,0.00232458,0.0008783359,2.137388e-05,5.937862e-07,0.001727478,0.0,0.0,4.730297e-13
0.649,0.40932,0.10508,0.109,0.004083378,0.0008812772,0.002330483,0.0008806853,2.137154e-05,5.918964e-07,0.001731523,0.0,0.0,4.418864e-13
0.649,0.4093,0.10518,0.1091,0.004093338,0.0008836286,0.002336394,0.0008830384,2.137107e-05,5.90129e-07,0.001735573,0.0,0.0,4.127349e-13
0.649,0.40928,0.10528,0.1092,0.004103313,0.0008859839,0.002342313,0.0008853954,2.13723e-05,5.884739e-07,0.001739628,0.0,0.0,3.854518e-13
0.649,0.40925,0.10538,0.1093,0.004113304,0.0008883432,0.00234824,0.0008877562,2.137512e-05,5.869223e-07,0.001743688,0.0,0.0,3.599211e-13
0.649,0.40923,0.10548,0.1094,0.004123309,0.0008907063,0.002354176,0.0008901209,2.137939e-05,5.854663e-07,0.001747753,0.0,0.0,3.360338e-13
0.649,0.40921,0.10558,0.1095,0.004133328,0.0008930734,0.00236012,0.0008924893,2.138502e-05,5.840989e-07,0.001751822,0.0,0.0,3.136872e-13
0.649,0.40919,0.10568,0.1096,0.004143362,0.0008954444,0.002366073,0.0008948616,2.139192e-05,5.828139e-07,0.001755897,0.0,0.0,2.927851e-13
0.649,0.40917,0.10578,0.1097,0.00415341,0.0008978193,0.002372034,0.0008972376,2.139999e-05,5.816057e-07,0.001759976,0.0,0.0,2.73237e-13
0.649,0.40914,0.10588,0.1098,0.004163472,0.000900198,0.002378002,0.0008996175,2.140917e-05,5.804691e-07,0.00176406,0.0,0.0,2.549579e-13
0.649,0.40912,0.10598,0.1099,0.004173549,0.0009025806,0.00238398,0.0009020012,2.141939e-05,5.793995e-07,0.00176815,0.0,0.0,2.378678e-13
0.649,0.4091,0.10608,0.11,0.004183639,0.000904967,0.002389965,0.0009043886,2.143059e-05,5.783929e-07,0.001772243,0.0,0.0,2.218917e-13
0.649,0.40908,0.10618,0.1101,0.004193743,0.0009073573,0.002395958,0.0009067799,2.14427e-05,5.774454e-07,0.001776342,0.0,0.0,2.069593e-13
0.649,0.40906,0.10628,0.1102,0.004203862,0.0009097514,0.00240196,0.0009091749,2.145568e-05,5.765536e-07,0.001780446,0.0,0.0,1.930043e-13
0.649,0.40903,0.10638,0.1103,0.004213994,0.0009121494,0.00240797,0.0009115737,2.146949e-05,5.757144e-07,0.001784554,0.0,0.0,1.799648e-13
0.649,0.40901,0.10648,0.1104,0.00422414,0.0009145512,0.002413988,0.0009139762,2.148408e-05,5.749248e-07,0.001788667,0.0,0.0,1.677823e-13
0.649,0.40899,0.10658,0.1105,0.004234299,0.0009169568,0.002420014,0.0009163826,2.149941e-05,5.741821e-07,0.001792785,0.0,0.0,1.564024e-13
0.649,0.40897,0.10668,0.1106,0.004244472,0.0009193662,0.002426048,0.0009187927,2.151544e-05,5.734841e-07,0.001796908,0.0,0.0,1.457735e-13
0.649,0.40895,0.10678,0.1107,0.004254659,0.0009217793,0.002432091,0.0009212065,2.153215e-05,5.728283e-07,0.001801036,0.0,0.0,1.358477e-13
0.649,0.40892,0.10688,0.1108,0.004264859,0.0009241963,0.002438141,0.0009236241,2.15495e-05,5.722127e-07,0.001805169,0.0,0.0,1.265798e-13
0.649,0.4089,0.10698,0.1109,0.004275073,0.0009266171,0.002444199,0.0009260455,2.156747e-05,5.716354e-07,0.001809306,0.0,0.0,1.179274e-13
0.649,0.40888,0.10708,0.111,0.0042853,0.0009290416,0.002450266,0.0009284705,2.158602e-05,5.710946e-07,0.001813448,0.0,0.0,1.098508e-13
0.649,0.40886,0.10718,0.1111,0.00429554,0.0009314699,0.00245634,0.0009308994,2.160513e-05,5.705886e-07,0.001817595,0.0,0.0,1.023129e-13
0.649,0.40884,0.10728,0.1112,0.004305794,0.000933902,0.002462423,0.0009333319,2.162479e-05,5.701159e-07,0.001821746,0.0,0.0,9.527863e-14
0.649,0.40881,0.10738,0.1113,0.004316061,0.0009363378,0.002468513,0.0009357682,2.164497e-05,5.69675e-07,0.001825903,0.0,0.0,8.87154e-14
0.649,0.40879,0.10748,0.1114,0.004326341,0.0009387774,0.002474611,0.0009382081,2.166565e-05,5.692646e-07,0.001830064,0.0,0.0,8.259254e-14
0.649,0.40877,0.10758,0.1115,0.004336635,0.0009412207,0.002480718,0.0009406518,2.168681e-05,5.688834e-07,0.00183423,0.0,0.0,7.688134e-14
0.649,0.40875,0.10768,0.1116,0.004346941,0.0009436678,0.002486832,0.0009430992,2.170844e-05,5.685302e-07,0.001838401,0.0,0.0,7.15549e-14
0.649,0.40872,0.10778,0.1117,0.004357261,0.0009461185,0.002492954,0.0009455503,2.173051e-05,5.682039e-07,0.001842576,0.0,0.0,6.658801e-14
0.649,0.4087,0.10788,0.1118,0.004367593,0.000948573,0.002499084,0.0009480051,2.175302e-05,5.679035e-07,0.001846757,0.0,0.0,6.195709e-14
0.649,0.40868,0.10798,0.1119,0.004377939,0.0009510312,0.002505221,0.0009504636,2.177595e-05,5.676279e-07,0.001850942,0.0,0.0,5.764005e-14
0.649,0.40866,0.10808,0.112,0.004388298,0.0009534931,0.002511367,0.0009529258,2.179929e-05,5.673763e-07,0.001855132,0.0,0.0,5.361618e-14
0.649,0.40863,0.10818,0.1121,0.004398669,0.0009559588,0.00251752,0.0009553916,2.182302e-05,5.671479e-07,0.001859326,0.0,0.0,4.986614e-14
0.649,0.40861,0.10828,0.1122,0.004409054,0.0009584281,0.002523681,0.0009578611,2.184713e-05,5.669417e-07,0.001863525,0.0,0.0,4.637179e-14
0.649,0.40859,0.10838,0.1123,0.004419451,0.000960901,0.00252985,0.0009603343,2.187162e-05,5.667569e-07,0.001867729,0.0,0.0,4.311618e-14
0.649,0.40857,0.10848,0.1124,0.004429861,0.0009633777,0.002536027,0.0009628111,2.189646e-05,5.66593e-07,0.001871938,0.0,0.0,4.008344e-14
0.649,0.40854,0.10858,0.1125,0.004440284,0.0009658581,0.002542211,0.0009652916,2.192166e-05,5.664491e-07,0.001876151,0.0,0.0,3.725872e-14
0.649,0.40852,0.10868,0.1126,0.00445072,0.0009683421,0.002548403,0.0009677757,2.19472e-05,5.663246e-07,0.00188037,0.0,0.0,3.462815e-14
0.649,0.4085,0.10878,0.1127,0.004461168,0.0009708297,0.002554603,0.0009702635,2.197307e-05,5.66219e-07,0.001884592,0.0,0.0,3.217872e-14
0.649,0.40848,0.10888,0.1128,0.00447163,0.0009733211,0.00256081,0.0009727549,2.199926e-05,5.661315e-07,0.00188882,0.0,0.0,2.989831e-14
0.649,0.40845,0.10898,0.1129,0.004482103,0.000975816,0.002567026,0.00097525,2.202578e-05,5.660616e-07,0.001893052,0.0,0.0,2.777555e-14
0.649,0.40843,0.10909,0.113,0.00449259,0.0009783146,0.002573248,0.0009777486,2.20526e-05,5.660089e-07,0.001897289,0.0,0.0,2.579984e-14
0.649,0.40841,0.10919,0.1131,0.004503089,0.0009808169,0.002579478,0.0009802509,2.207972e-05,5.659727e-07,0.001901531,0.0,0.0,2.396126e-14
0.649,0.40839,0.10929,0.1132,0.0045136,0.0009833227,0.002585716,0.0009827568,2.210713e-05,5.659526e-07,0.001905777,0.0,0.0,2.225054e-14
0.649,0.40836,0.10939,0.1133,0.004524124,0.0009858322,0.002591962,0.0009852662,2.213484e-05,5.659482e-07,0.001910028,0.0,0.0,2.065902e-14
0.649,0.40834,0.10949,0.1134,0.004534661,0.0009883453,0.002598215,0.0009877793,2.216283e-05,5.65959e-07,0.001914283,0.0,0.0,1.917861e-14
0.649,0.40832,0.10959,0.1135,0.00454521,0.000990862,0.002604475,0.000990296,2.219109e-05,5.659846e-07,0.001918544,0.0,0.0,1.780176e-14
0.649,0.4083,0.10969,0.1136,0.004555771,0.0009933823,0.002610743,0.0009928162,2.221962e-05,5.660245e-07,0.001922808,0.0,0.0,1.65214e-14
0.649,0.40827,0.10979,0.1137,0.004566345,0.0009959061,0.002617018,0.0009953401,2.224842e-05,5.660785e-07,0.001927078,0.0,0.0,1.533095e-14
0.649,0.40825,0.10989,0.1138,0.004576931,0.0009984336,0.002623301,0.0009978675,2.227748e-05,5.661461e-07,0.001931352,0.0,0.0,1.422425e-14
0.649,0.40823,0.10999,0.1139,0.004587529,0.001000965,0.002629591,0.001000398,2.230679e-05,5.662269e-07,0.001935631,0.0,0.0,1.319557e-14
0.649,0.40821,0.11009,0.114,0.00459814,0.001003499,0.002635889,0.001002933,2.233635e-05,5.663207e-07,0.001939914,0.0,0.0,1.223954e-14
0.649,0.40818,0.11019,0.1141,0.004608762,0.001006037,0.002642194,0.001005471,2.236616e-05,5.664272e-07,0.001944202,0.0,0.0,1.135116e-14
0.649,0.40816,0.11029,0.1142,0.004619397,0.001008579,0.002648506,0.001008013,2.239621e-05,5.665459e-07,0.001948495,0.0,0.0,1.052577e-14
0.649,0.40814,0.11039,0.1143,0.004630045,0.001011124,0.002654826,0.001010558,2.24265e-05,5.666767e-07,0.001952792,0.0,0.0,9.759007e-15
0.649,0.40811,0.11049,0.1144,0.004640704,0.001013673,0.002661153,0.001013106,2.245702e-05,5.668192e-07,0.001957094,0.0,0.0,9.046813e-15
0.649,0.40809,0.11059,0.1145,0.004651376,0.001016226,0.002667487,0.001015659,2.248777e-05,5.669731e-07,0.001961401,0.0,0.0,8.385401e-15
0.649,0.40807,0.11069,0.1146,0.004662059,0.001018781,0.002673829,0.001018214,2.251875e-05,5.671383e-07,0.001965712,0.0,0.0,7.77124e-15
0.649,0.40804,0.11079,0.1147,0.004676967,0.001021581,0.002680177,0.001020774,2.676201e-05,8.070012e-07,0.001970027,0.0,0.0,7.201037e-15
0.649,0.40802,0.11089,0.1148,0.004687638,0.00102414,0.002686533,0.001023336,2.67569e-05,8.039591e-07,0.001974348,0.0,0.0,6.671723e-15
0.649,0.408,0.11099,0.1149,0.004698323,0.001026704,0.002692896,0.001025902,2.675462e-05,8.011298e-07,0.001978672,0.0,0.0,6.180437e-15
0.649,0.40798,0.11109,0.115,0.004709023,0.001029271,0.002699267,0.001028472,2.675492e-05,7.984936e-07,0.001983002,0.0,0.0,5.724514e-15
0.649,0.40795,0.11119,0.1151,0.004719737,0.001031841,0.002705644,0.001031045,2.675757e-05,7.96033e-07,0.001987336,0.0,0.0,5.30147e-15
0.649,0.40793,0.11129,0.1152,0.004730465,0.001034416,0.002712029,0.001033622,2.676236e-05,7.937332e-07,0.001991674,0.0,0.0,4.908991e-15
0.649,0.40791,0.11139,0.1153,0.004741207,0.001036994,0.002718421,0.001036202,2.676914e-05,7.915808e-07,0.001996017,0.0,0.0,4.544922e-15
0.649,0.40788,0.11149,0.1154,0.004751962,0.001039575,0.002724819,0.001038786,2.677774e-05,7.895643e-07,0.002000365,0.0,0.0,4.207254e-15
0.649,0.40786,0.11159,0.1155,0.00476273,0.00104216,0.002731225,0.001041373,2.678803e-05,7.876731e-07,0.002004717,0.0,0.0,3.894121e-15
0.649,0.40784,0.11169,0.1156,0.004773511,0.001044749,0.002737638,0.001043963,2.679989e-05,7.858983e-07,0.002009073,0.0,0.0,3.60378e-15
0.649,0.40781,0.11179,0.1157,0.004784305,0.001047341,0.002744058,0.001046557,2.681321e-05,7.842314e-07,0.002013434,0.0,0.0,3.334612e-15
0.649,0.40779,0.11189,0.1158,0.004795112,0.001049937,0.002750485,0.001049154,2.68279e-05,7.826651e-07,0.0020178,0.0,0.0,3.08511e-15
0.649,0.40777,0.11199,0.1159,0.004805932,0.001052536,0.002756918,0.001051755,2.684386e-05,7.811927e-07,0.00202217,0.0,0.0,2.85387e-15
0.649,0.40775,0.11209,0.116,0.004816765,0.001055139,0.002763359,0.001054359,2.686103e-05,7.798083e-07,0.002026545,0.0,0.0,2.639586e-15
0.649,0.40772,0.11219,0.1161,0.00482761,0.001057745,0.002769807,0.001056967,2.687933e-05,7.785063e-07,0.002030924,0.0,0.0,2.441045e-15
0.649,0.4077,0.11229,0.1162,0.004838467,0.001060355,0.002776261,0.001059578,2.68987e-05,7.772818e-07,0.002035307,0.0,0.0,2.257117e-15
0.649,0.40768,0.11239,0.1163,0.004849337,0.001062968,0.002782723,0.001062192,2.691908e-05,7.761302e-07,0.002039695,0.0,0.0,2.08675e-15
0.649,0.40765,0.11249,0.1164,0.004860219,0.001065585,0.002789191,0.00106481,2.694041e-05,7.750475e-07,0.002044088,0.0,0.0,1.928968e-15
0.649,0.40763,0.11259,0.1165,0.004871113,0.001068205,0.002795666,0.001067431,2.696265e-05,7.740298e-07,0.002048485,0.0,0.0,1.782862e-15
0.649,0.40761,0.11269,0.1166,0.004882019,0.001070829,0.002802147,0.001070056,2.698574e-05,7.730736e-07,0.002052886,0.0,0.0,1.647589e-15
0.649,0.40758,0.11279,0.1167,0.004892938,0.001073456,0.002808636,0.001072683,2.700966e-05,7.721758e-07,0.002057292,0.0,0.0,1.522363e-15
0.649,0.40756,0.11289,0.1168,0.004903868,0.001076086,0.002815131,0.001075315,2.703437e-05,7.713334e-07,0.002061702,0.0,0.0,1.406454e-15
0.649,0.40754,0.11299,0.1169,0.00491481,0.00107872,0.002821633,0.001077949,2.705982e-05,7.705436e-07,0.002066117,0.0,0.0,1.299186e-15
0.649,0.40751,0.11309,0.117,0.004925764,0.001081357,0.002828142,0.001080587,2.708598e-05,7.698039e-07,0.002070536,0.0,0.0,1.199928e-15
0.649,0.40749,0.11319,0.1171,0.00493673,0.001083997,0.002834657,0.001083228,2.711283e-05,7.69112e-07,0.00207496,0.0,0.0,1.108096e-15
0.649,0.40747,0.11329,0.1172,0.004947707,0.001086641,0.002841179,0.001085873,2.714034e-05,7.684657e-07,0.002079388,0.0,0.0,1.023146e-15
0.649,0.40744,0.11339,0.1173,0.004958696,0.001089288,0.002847707,0.001088521,2.716848e-05,7.67863e-07,0.00208382,0.0,0.0,9.44574e-16
0.649,0.40742,0.11349,0.1174,0.004969697,0.001091939,0.002854243,0.001091172,2.719723e-05,7.67302e-07,0.002088257,0.0,0.0,8.71912e-16
0.649,0.40739,0.1136,0.1175,0.004980709,0.001094593,0.002860784,0.001093826,2.722657e-05,7.667808e-07,0.002092698,0.0,0.0,8.047251e-16
0.649,0.40737,0.1137,0.1176,0.004991732,0.00109725,0.002867332,0.001096484,2.725646e-05,7.662979e-07,0.002097144,0.0,0.0,7.426097e-16
0.649,0.40735,0.1138,0.1177,0.005002768,0.001099911,0.002873887,0.001099145,2.728691e-05,7.658516e-07,0.002101594,0.0,0.0,6.851914e-16
0.649,0.40732,0.1139,0.1178,0.005013814,0.001102575,0.002880448,0.001101809,2.731788e-05,7.654406e-07,0.002106048,0.0,0.0,6.321227e-16
0.649,0.4073,0.114,0.1179,0.005024872,0.001105242,0.002887016,0.001104477,2.734936e-05,7.650635e-07,0.002110506,0.0,0.0,5.830812e-16
0.649,0.40728,0.1141,0.118,0.005035941,0.001107912,0.00289359,0.001107148,2.738133e-05,7.64719e-07,0.002114969,0.0,0.0,5.377679e-16
0.649,0.40725,0.1142,0.1181,0.005047021,0.001110586,0.00290017,0.001109822,2.741378e-05,7.644058e-07,0.002119437,0.0,0.0,4.959055e-16
0.649,0.40723,0.1143,0.1182,0.005058112,0.001113263,0.002906757,0.001112499,2.744669e-05,7.641229e-07,0.002123908,0.0,0.0,4.572368e-16
0.649,0.40721,0.1144,0.1183,0.005069215,0.001115943,0.00291335,0.001115179,2.748006e-05,7.638692e-07,0.002128384,0.0,0.0,4.215233e-16
0.649,0.40718,0.1145,0.1184,0.005080328,0.001118627,0.00291995,0.001117863,2.751386e-05,7.636436e-07,0.002132865,0.0,0.0,3.885439e-16
0.649,0.40716,0.1146,0.1185,0.005091453,0.001121313,0.002926555,0.00112055,2.754809e-05,7.634452e-07,0.002137349,0.0,0.0,3.580939e-16
0.649,0.40714,0.1147,0.1186,0.005102588,0.001124003,0.002933167,0.00112324,2.758273e-05,7.632731e-07,0.002141838,0.0,0.0,3.299832e-16
0.649,0.40711,0.1148,0.1187,0.005113735,0.001126697,0.002939786,0.001125934,2.761777e-05,7.631265e-07,0.002146332,0.0,0.0,3.04036e-16
0.649,0.40709,0.1149,0.1188,0.005124892,0.001129393,0.00294641,0.00112863,2.765321e-05,7.630044e-07,0.002150829,0.0,0.0,2.800892e-16
0.649,0.40706,0.115,0.1189,0.005136061,0.001132093,0.002953041,0.00113133,2.768903e-05,7.629062e-07,0.002155331,0.0,0.0,2.579917e-16
0.649,0.40704,0.1151,0.119,0.00514724,0.001134795,0.002959678,0.001134033,2.772523e-05,7.628311e-07,0.002159837,0.0,0.0,2.376038e-16
0.649,0.40702,0.1152,0.1191,0.00515843,0.001137501,0.00296632,0.001136739,2.776179e-05,7.627784e-07,0.002164347,0.0,0.0,2.187959e-16
0.649,0.40699,0.1153,0.1192,0.00516963,0.001140211,0.002972969,0.001139448,2.779872e-05,7.627474e-07,0.002168862,0.0,0.0,2.014481e-16
0.649,0.40697,0.1154,0.1193,0.005180841,0.001142923,0.002979625,0.00114216,2.783599e-05,7.627376e-07,0.002173381,0.0,0.0,1.854494e-16
0.649,0.40694,0.1155,0.1194,0.005192063,0.001145638,0.002986286,0.001144876,2.78736e-05,7.627482e-07,0.002177904,0.0,0.0,1.706969e-16
0.649,0.40692,0.1156,0.1195,0.005203296,0.001148357,0.002992953,0.001147594,2.791155e-05,7.627788e-07,0.002182431,0.0,0.0,1.570957e-16
0.649,0.4069,0.1157,0.1196,0.005214539,0.001151079,0.002999626,0.001150316,2.794983e-05,7.628287e-07,0.002186963,0.0,0.0,1.445576e-16
0.649,0.40687,0.1158,0.1197,0.005225792,0.001153804,0.003006305,0.001153041,2.798843e-05,7.628975e-07,0.002191498,0.0,0.0,1.330013e-16
0.649,0.40685,0.1159,0.1198,0.005237056,0.001156532,0.00301299,0.001155769,2.802735e-05,7.629847e-07,0.002196038,0.0,0.0,1.223513e-16
0.649,0.40682,0.116,0.1199,0.00524833,0.001159263,0.003019681,0.0011585,2.806657e-05,7.630897e-07,0.002200582,0.0,0.0,1.125382e-16
0.649,0.4068,0.1161,0.12,0.005259615,0.001161997,0.003026378,0.001161234,2.810611e-05,7.632122e-07,0.002205131,0.0,0.0,1.034973e-16
0.649,0.40678,0.1162,0.1201,0.00527091,0.001164734,0.003033081,0.001163971,2.814594e-05,7.633516e-07,0.002209683,0.0,0.0,9.516925000000001e-17
0.649,0.40675,0.1163,0.1202,0.005282216,0.001167475,0.00303979,0.001166711,2.818606e-05,7.635076e-07,0.00221424,0.0,0.0,8.749883e-17
0.649,0.40673,0.1164,0.1203,0.005293531,0.001170218,0.003046504,0.001169455,2.822648e-05,7.636797e-07,0.002218801,0.0,0.0,0.0
0.649,0.4067,0.1165,0.1204,0.005304857,0.001172965,0.003053224,0.001172201,2.826718e-05,7.638676e-07,0.002223366,0.0,0.0,0.0
0.649,0.40668,0.1166,0.1205,0.005316193,0.001175714,0.00305995,0.00117495,2.830816e-05,7.640709e-07,0.002227935,0.0,0.0,0.0
0.649,0.40666,0.1167,0.1206,0.00532754,0.001178467,0.003066682,0.001177703,2.834942e-05,7.642892e-07,0.002232508,0.0,0.0,0.0
0.649,0.40663,0.1168,0.1207,0.005343708,0.001181532,0.003073419,0.001180458,3.320278e-05,1.074231e-06,0.002237086,0.0,0.0,0.0
0.649,0.40661,0.1169,0.1208,0.00535503,0.001184287,0.003080162,0.001183217,3.320093e-05,1.070098e-06,0.002241667,0.0,0.0,0.0
0.649,0.40658,0.117,0.1209,0.005366366,0.001187044,0.003086911,0.001185978,3.320257e-05,1.066262e-06,0.002246253,0.0,0.0,0.0
0.649,0.40656,0.1171,0.121,0.005377715,0.001189805,0.003093665,0.001188742,3.320737e-05,1.062694e-06,0.002250843,0.0,0.0,0.0
0.649,0.40654,0.1172,0.1211,0.005389076,0.001192569,0.003100425,0.00119151,3.321504e-05,1.059369e-06,0.002255437,0.0,0.0,0.0
0.649,0.40651,0.1173,0.1212,0.00540045,0.001195336,0.00310719,0.00119428,3.322534e-05,1.056266e-06,0.002260035,0.0,0.0,0.0
0.649,0.40649,0.1174,0.1213,0.005411836,0.001198107,0.003113961,0.001197053,3.323804e-05,1.053366e-06,0.002264637,0.0,0.0,0.0
0.649,0.40646,0.1175,0.1214,0.005423233,0.00120088,0.003120737,0.00119983,3.325296e-05,1.050652e-06,0.002269243,0.0,0.0,0.0
0.649,0.40644,0.1176,0.1215,0.005434642,0.001203657,0.003127519,0.001202609,3.326993e-05,1.048109e-06,0.002273853,0.0,0.0,0.0
0.649,0.40641,0.1177,0.1216,0.005446062,0.001206437,0.003134306,0.001205391,3.328879e-05,1.045726e-06,0.002278467,0.0,0.0,0.0
0.649,0.40639,0.1178,0.1217,0.005457494,0.00120922,0.003141099,0.001208176,3.330943e-05,1.04349e-06,0.002283086,0.0,0.0,0.0
0.649,0.40637,0.1179,0.1218,0.005468937,0.001212006,0.003147897,0.001210964,3.333171e-05,1.04139e-06,0.002287708,0.0,0.0,0.0
0.649,0.40634,0.11801,0.1219,0.00548039,0.001214795,0.0031547,0.001213755,3.335553e-05,1.039419e-06,0.002292334,0.0,0.0,0.0
0.649,0.40632,0.11811,0.122,0.005491855,0.001217587,0.003161509,0.001216549,3.33808e-05,1.037566e-06,0.002296965,0.0,0.0,0.0
0.649,0.40629,0.11821,0.1221,0.00550333,0.001220382,0.003168323,0.001219346,3.340742e-05,1.035826e-06,0.002301599,0.0,0.0,0.0
0.649,0.40627,0.11831,0.1222,0.005514815,0.00122318,0.003175142,0.001222145,3.343533e-05,1.03419e-06,0.002306238,0.0,0.0,0.0
0.649,0.40624,0.11841,0.1223,0.005526311,0.00122598,0.003181967,0.001224948,3.346445e-05,1.032652e-06,0.00231088,0.0,0.0,0.0
0.649,0.40622,0.11851,0.1224,0.005537817,0.001228784,0.003188796,0.001227753,3.349471e-05,1.031208e-06,0.002315526,0.0,0.0,0.0
0.649,0.40619,0.11861,0.1225,0.005549334,0.001231591,0.003195631,0.001230561,3.352605e-05,1.029851e-06,0.002320177,0.0,0.0,0.0
0.649,0.40617,0.11871,0.1226,0.005560861,0.001234401,0.003202471,0.001233372,3.355843e-05,1.028576e-06,0.002324831,0.0,0.0,0.0
0.649,0.40615,0.11881,0.1227,0.005572397,0.001237213,0.003209316,0.001236186,3.35918e-05,1.027381e-06,0.002329489,0.0,0.0,0.0
0.649,0.40612,0.11891,0.1228,0.005583944,0.001240029,0.003216167,0.001239003,3.362609e-05,1.026259e-06,0.002334151,0.0,0.0,0.0
0.649,0.4061,0.11901,0.1229,0.005595501,0.001242847,0.003223022,0.001241822,3.366128e-05,1.025208e-06,0.002338817,0.0,0.0,0.0
0.649,0.40607,0.11911,0.123,0.005607067,0.001245669,0.003229882,0.001244644,3.369733e-05,1.024225e-06,0.002343488,0.0,0.0,0.0
0.649,0.40605,0.11921,0.1231,0.005618643,0.001248493,0.003236747,0.00124747,3.37342e-05,1.023305e-06,0.002348161,0.0,0.0,0.0
0.649,0.40602,0.11931,0.1232,0.005630229,0.00125132,0.003243618,0.001250297,3.377185e-05,1.022447e-06,0.002352839,0.0,0.0,0.0
0.649,0.406,0.11941,0.1233,0.005641824,0.00125415,0.003250493,0.001253128,3.381026e-05,1.021646e-06,0.002357521,0.0,0.0,0.0
0.649,0.40597,0.11951,0.1234,0.005653429,0.001256982,0.003257373,0.001255961,3.384939e-05,1.020902e-06,0.002362207,0.0,0.0,0.0
0.649,0.40595,0.11961,0.1235,0.005665044,0.001259818,0.003264258,0.001258797,3.388922e-05,1.02021e-06,0.002366896,0.0,0.0,0.0
0.649,0.40592,0.11971,0.1236,0.005676667,0.001262656,0.003271148,0.001261636,3.392973e-05,1.01957e-06,0.00237159,0.0,0.0,0.0
0.649,0.4059,0.11981,0.1237,0.0056883,0.001265497,0.003278042,0.001264478,3.397089e-05,1.018978e-06,0.002376287,0.0,0.0,0.0
0.649,0.40587,0.11991,0.1238,0.005699943,0.001268341,0.003284942,0.001267322,3.401268e-05,1.018434e-06,0.002380988,0.0,0.0,0.0
0.649,0.40585,0.12001,0.1239,0.005711594,0.001271187,0.003291846,0.001270169,3.405507e-05,1.017934e-06,0.002385693,0.0,0.0,0.0
0.649,0.40583,0.12011,0.124,0.005723255,0.001274036,0.003298755,0.001273019,3.409806e-05,1.017478e-06,0.002390402,0.0,0.0,0.0
0.649,0.4058,0.12021,0.1241,0.005734925,0.001276888,0.003305669,0.001275871,3.414162e-05,1.017064e-06,0.002395114,0.0,0.0,0.0
0.649,0.40578,0.12031,0.1242,0.005746604,0.001279743,0.003312587,0.001278727,3.418573e-05,1.01669e-06,0.002399831,0.0,0.0,0.0
0.649,0.40575,0.12041,0.1243,0.005758292,0.001282601,0.00331951,0.001281584,3.423038e-05,1.016355e-06,0.002404551,0.0,0.0,0.0
0.649,0.40573,0.12051,0.1244,0.005769988,0.001285461,0.003326438,0.001284445,3.427556e-05,1.016057e-06,0.002409275,0.0,0.0,0.0
0.649,0.4057,0.12061,0.1245,0.005781694,0.001288324,0.00333337,0.001287308,3.432124e-05,1.015795e-06,0.002414003,0.0,0.0,0.0
0.649,0.40568,0.12071,0.1246,0.005793408,0.001291189,0.003340306,0.001290174,3.436742e-05,1.015568e-06,0.002418734,0.0,0.0,0.0
0.649,0.40565,0.12081,0.1247,0.005805132,0.001294057,0.003347248,0.001293042,3.441409e-05,1.015375e-06,0.00242347,0.0,0.0,0.0
0.649,0.40563,0.12091,0.1248,0.005816864,0.001296928,0.003354193,0.001295913,3.446123e-05,1.015215e-06,0.002428209,0.0,0.0,0.0
0.649,0.4056,0.12101,0.1249,0.005828604,0.001299802,0.003361144,0.001298786,3.450882e-05,1.015086e-06,0.002432952,0.0,0.0,0.0
0.649,0.40558,0.12111,0.125,0.005840353,0.001302678,0.003368098,0.001301663,3.455687e-05,1.014987e-06,0.002437698,0.0,0.0,0.0
0.649,0.40555,0.12121,0.1251,0.005852111,0.001305556,0.003375057,0.001304541,3.460536e-05,1.014919e-06,0.002442449,0.0,0.0,0.0
0.649,0.40553,0.12131,0.1252,0.005863877,0.001308438,0.003382021,0.001307423,3.465427e-05,1.014879e-06,0.002447202,0.0,0.0,0.0
0.649,0.4055,0.12141,0.1253,0.005875652,0.001311322,0.003388988,0.001310307,3.470361e-05,1.014867e-06,0.00245196,0.0,0.0,0.0
0.649,0.40548,0.12151,0.1254,0.005887435,0.001314208,0.00339596,0.001313193,3.475336e-05,1.014882e-06,0.002456722,0.0,0.0,0.0
0.649,0.40545,0.12161,0.1255,0.005899227,0.001317097,0.003402937,0.001316082,3.480351e-05,1.014924e-06,0.002461487,0.0,0.0,0.0
0.649,0.40543,0.12171,0.1256,0.005911027,0.001319989,0.003409917,0.001318974,3.485406e-05,1.014991e-06,0.002466255,0.0,0.0,0.0
0.649,0.4054,0.12181,0.1257,0.005922835,0.001322883,0.003416902,0.001321868,3.4905e-05,1.015084e-06,0.002471028,0.0,0.0,0.0
0.649,0.40538,0.12191,0.1258,0.005934651,0.00132578,0.003423891,0.001324765,3.495632e-05,1.0152e-06,0.002475804,0.0,0.0,0.0
0.649,0.40535,0.12201,0.1259,0.005946475,0.001328679,0.003430884,0.001327664,3.500801e-05,1.01534e-06,0.002480583,0.0,0.0,0.0
0.649,0.40533,0.12211,0.126,0.005958308,0.001331581,0.003437881,0.001330565,3.506007e-05,1.015503e-06,0.002485367,0.0,0.0,0.0
0.649,0.4053,0.12222,0.1261,0.005970149,0.001334485,0.003444883,0.00133347,3.511249e-05,1.015689e-06,0.002490154,0.0,0.0,0.0
0.649,0.40527,0.12232,0.1262,0.005981997,0.001337392,0.003451888,0.001336376,3.516527e-05,1.015896e-06,0.002494944,0.0,0.0,0.0
0.649,0.40525,0.12242,0.1263,0.005993854,0.001340301,0.003458897,0.001339285,3.52184e-05,1.016125e-06,0.002499738,0.0,0.0,0.0
0.649,0.40522,0.12252,0.1264,0.006005719,0.001343213,0.003465911,0.001342197,3.527187e-05,1.016375e-06,0.002504536,0.0,0.0,0.0
0.649,0.4052,0.12262,0.1265,0.006017591,0.001346127,0.003472928,0.001345111,3.532569e-05,1.016645e-06,0.002509337,0.0,0.0,0.0
0.649,0.40517,0.12272,0.1266,0.006029471,0.001349044,0.00347995,0.001348027,3.537983e-05,1.016934e-06,0.002514142,0.0,0.0,0.0
0.649,0.40515,0.12282,0.1267,0.00604136,0.001351963,0.003486975,0.001350946,3.543431e-05,1.017244e-06,0.00251895,0.0,0.0,0.0
0.649,0.40512,0.12292,0.1268,0.006058669,0.001355274,0.003494004,0.001353867,4.090295e-05,1.407159e-06,0.002523762,0.0,0.0,0.0
0.649,0.4051,0.12302,0.1269,0.006070526,0.001358193,0.003501037,0.001356791,4.091121e-05,1.402121e-06,0.002528578,0.0,0.0,0.0
0.649,0.40507,0.12312,0.127,0.006082394,0.001361114,0.003508074,0.001359717,4.092321e-05,1.39744e-06,0.002533397,0.0,0.0,0.0
0.649,0.40505,0.12322,0.1271,0.006094272,0.001364038,0.003515114,0.001362645,4.093861e-05,1.393082e-06,0.002538219,0.0,0.0,0.0
0.649,0.40502,0.12332,0.1272,0.006106161,0.001366965,0.003522159,0.001365576,4.095711e-05,1.38902e-06,0.002543045,0.0,0.0,0.0
0.649,0.405,0.12342,0.1273,0.00611806,0.001369894,0.003529207,0.001368509,4.097845e-05,1.385226e-06,0.002547875,0.0,0.0,0.0
0.649,0.40497,0.12352,0.1274,0.006129969,0.001372826,0.003536259,0.001371445,4.10024e-05,1.381679e-06,0.002552708,0.0,0.0,0.0
0.649,0.40494,0.12362,0.1275,0.006141887,0.001375761,0.003543314,0.001374382,4.102877e-05,1.378359e-06,0.002557544,0.0,0.0,0.0
0.649,0.40492,0.12372,0.1276,0.006153815,0.001378698,0.003550373,0.001377323,4.105736e-05,1.375249e-06,0.002562384,0.0,0.0,0.0
0.649,0.40489,0.12382,0.1277,0.006165751,0.001381637,0.003557436,0.001380265,4.108804e-05,1.372334e-06,0.002567228,0.0,0.0,0.0
0.649,0.40487,0.12392,0.1278,0.006177697,0.001384579,0.003564502,0.00138321,4.112065e-05,1.369599e-06,0.002572074,0.0,0.0,0.0
0.649,0.40484,0.12402,0.1279,0.006189651,0.001387524,0.003571572,0.001386157,4.115507e-05,1.367032e-06,0.002576925,0.0,0.0,0.0
0.649,0.40482,0.12412,0.128,0.006201614,0.001390471,0.003578645,0.001389106,4.119118e-05,1.364622e-06,0.002581778,0.0,0.0,0.0
0.649,0.40479,0.12422,0.1281,0.006213586,0.00139342,0.003585722,0.001392058,4.12289e-05,1.362358e-06,0.002586635,0.0,0.0,0.0
0.649,0.40477,0.12432,0.1282,0.006225566,0.001396372,0.003592802,0.001395012,4.126811e-05,1.360233e-06,0.002591496,0.0,0.0,0.0
0.649,0.40474,0.12442,0.1283,0.006237554,0.001399326,0.003599886,0.001397968,4.130875e-05,1.358237e-06,0.002596359,0.0,0.0,0.0
0.649,0.40471,0.12452,0.1284,0.00624955,0.001402283,0.003606973,0.001400926,4.135073e-05,1.356362e-06,0.002601226,0.0,0.0,0.0
0.649,0.40469,0.12462,0.1285,0.006261554,0.001405242,0.003614063,0.001403887,4.139398e-05,1.354603e-06,0.002606097,0.0,0.0,0.0
0.649,0.40466,0.12472,0.1286,0.006273566,0.001408203,0.003621157,0.00140685,4.143845e-05,1.352952e-06,0.002610971,0.0,0.0,0.0
0.649,0.40464,0.12482,0.1287,0.006285586,0.001411166,0.003628253,0.001409815,4.148407e-05,1.351403e-06,0.002615848,0.0,0.0,0.0
0.649,0.40461,0.12492,0.1288,0.006297613,0.001414132,0.003635354,0.001412782,4.153078e-05,1.349952e-06,0.002620729,0.0,0.0,0.0
0.649,0.40459,0.12502,0.1289,0.006309648,0.0014171,0.003642457,0.001415752,4.157855e-05,1.348594e-06,0.002625612,0.0,0.0,0.0
0.649,0.40456,0.12512,0.129,0.006321691,0.001420071,0.003649564,0.001418723,4.162732e-05,1.347323e-06,0.002630499,0.0,0.0,0.0
0.649,0.40453,0.12522,0.1291,0.00633374,0.001423043,0.003656674,0.001421697,4.167705e-05,1.346136e-06,0.00263539,0.0,0.0,0.0
0.649,0.40451,0.12532,0.1292,0.006345798,0.001426018,0.003663787,0.001424673,4.172771e-05,1.345028e-06,0.002640283,0.0,0.0,0.0
0.649,0.40448,0.12542,0.1293,0.006357862,0.001428995,0.003670903,0.001427651,4.177925e-05,1.343997e-06,0.00264518,0.0,0.0,0.0
0.649,0.40446,0.12552,0.1294,0.006369934,0.001431975,0.003678022,0.001430632,4.183165e-05,1.343038e-06,0.002650081,0.0,0.0,0.0
0.649,0.40443,0.12562,0.1295,0.006382013,0.001434956,0.003685144,0.001433614,4.188487e-05,1.342149e-06,0.002654984,0.0,0.0,0.0
0.649,0.4044,0.12572,0.1296,0.006394099,0.00143794,0.003692269,0.001436598,4.193889e-05,1.341326e-06,0.002659891,0.0,0.0,0.0
0.649,0.40438,0.12582,0.1297,0.006406191,0.001440926,0.003699397,0.001439585,4.199367e-05,1.340568e-06,0.002664801,0.0,0.0,0.0
0.649,0.40435,0.12592,0.1298,0.006418291,0.001443914,0.003706528,0.001442574,4.204919e-05,1.33987e-06,0.002669714,0.0,0.0,0.0
0.649,0.40433,0.12602,0.1299,0.006430397,0.001446904,0.003713662,0.001445565,4.210543e-05,1.339231e-06,0.00267463,0.0,0.0,0.0
0.649,0.4043,0.12612,0.13,0.006442511,0.001449896,0.003720799,0.001448557,4.216237e-05,1.338649e-06,0.002679549,0.0,0.0,0.0
0.649,0.40427,0.12622,0.1301,0.006454631,0.00145289,0.003727939,0.001451552,4.221998e-05,1.338121e-06,0.002684472,0.0,0.0,0.0
0.649,0.40425,0.12633,0.1302,0.006466757,0.001455887,0.003735081,0.001454549,4.227825e-05,1.337646e-06,0.002689398,0.0,0.0,0.0
0.649,0.40422,0.12643,0.1303,0.00647889,0.001458885,0.003742227,0.001457548,4.233715e-05,1.337221e-06,0.002694327,0.0,0.0,0.0
0.649,0.4042,0.12653,0.1304,0.00649103,0.001461886,0.003749375,0.001460549,4.239667e-05,1.336844e-06,0.002699259,0.0,0.0,0.0
0.649,0.40417,0.12663,0.1305,0.006503176,0.001464889,0.003756526,0.001463552,4.24568e-05,1.336515e-06,0.002704194,0.0,0.0,0.0
0.649,0.40414,0.12673,0.1306,0.006515329,0.001467893,0.003763679,0.001466557,4.251751e-05,1.336231e-06,0.002709132,0.0,0.0,0.0
0.649,0.40412,0.12683,0.1307,0.006527487,0.0014709,0.003770835,0.001469564,4.25788e-05,1.335991e-06,0.002714073,0.0,0.0,0.0
0.649,0.40409,0.12693,0.1308,0.006539653,0.001473909,0.003777994,0.001472573,4.264064e-05,1.335794e-06,0.002719018,0.0,0.0,0.0
0.649,0.40407,0.12703,0.1309,0.006551824,0.00147692,0.003785156,0.001475584,4.270303e-05,1.335637e-06,0.002723965,0.0,0.0,0.0
0.649,0.40404,0.12713,0.131,0.006564001,0.001479933,0.00379232,0.001478597,4.276596e-05,1.335521e-06,0.002728916,0.0,0.0,0.0
0.649,0.40401,0.12723,0.1311,0.006576185,0.001482948,0.003799486,0.001481612,4.28294e-05,1.335443e-06,0.00273387,0.0,0.0,0.0
0.649,0.40399,0.12733,0.1312,0.006588375,0.001485964,0.003806655,0.001484629,4.289336e-05,1.335402e-06,0.002738826,0.0,0.0,0.0
0.649,0.40396,0.12743,0.1313,0.00660057,0.001488983,0.003813827,0.001487648,4.295782e-05,1.335398e-06,0.002743786,0.0,0.0,0.0
0.649,0.40394,0.12753,0.1314,0.006612772,0.001492004,0.003821001,0.001490668,4.302277e-05,1.335429e-06,0.002748749,0.0,0.0,0.0
0.649,0.40391,0.12763,0.1315,0.006624979,0.001495026,0.003828177,0.001493691,4.30882e-05,1.335494e-06,0.002753714,0.0,0.0,0.0
0.649,0.40388,0.12773,0.1316,0.006637193,0.001498051,0.003835356,0.001496715,4.31541e-05,1.335593e-06,0.002758683,0.0,0.0,0.0
0.649,0.40386,0.12783,0.1317,0.006649412,0.001501077,0.003842537,0.001499742,4.322046e-05,1.335724e-06,0.002763655,0.0,0.0,0.0
0.649,0.40383,0.12793,0.1318,0.006661637,0.001504106,0.00384972,0.00150277,4.328729e-05,1.335887e-06,0.002768629,0.0,0.0,0.0
0.649,0.4038,0.12803,0.1319,0.006673867,0.001507136,0.003856906,0.0015058,4.335455e-05,1.33608e-06,0.002773607,0.0,0.0,0.0
0.649,0.40378,0.12813,0.132,0.006686103,0.001510168,0.003864094,0.001508832,4.342226e-05,1.336303e-06,0.002778587,0.0,0.0,0.0
0.649,0.40375,0.12823,0.1321,0.006698345,0.001513202,0.003871284,0.001511866,4.34904e-05,1.336556e-06,0.002783571,0.0,0.0,0.0
0.649,0.40372,0.12833,0.1322,0.006710592,0.001516238,0.003878477,0.001514901,4.355897e-05,1.336836e-06,0.002788557,0.0,0.0,0.0
0.649,0.4037,0.12843,0.1323,0.006722845,0.001519276,0.003885671,0.001517939,4.362795e-05,1.337145e-06,0.002793546,0.0,0.0,0.0
0.649,0.40367,0.12853,0.1324,0.006735103,0.001522316,0.003892868,0.001520978,4.369735e-05,1.33748e-06,0.002798538,0.0,0.0,0.0
0.649,0.40364,0.12863,0.1325,0.006747367,0.001525357,0.003900067,0.001524019,4.376716e-05,1.337842e-06,0.002803533,0.0,0.0,0.0
0.649,0.40362,0.12873,0.1326,0.006759636,0.0015284,0.003907267,0.001527062,4.383737e-05,1.33823e-06,0.002808531,0.0,0.0,0.0
0.649,0.40359,0.12883,0.1327,0.00677191,0.001531445,0.00391447,0.001530107,4.390797e-05,1.338643e-06,0.002813532,0.0,0.0,0.0
0.649,0.40357,0.12893,0.1328,0.006790299,0.001534983,0.003921675,0.001533153,5.008876e-05,1.830304e-06,0.002818535,0.0,0.0,0.0
0.649,0.40354,0.12903,0.1329,0.006802531,0.001538025,0.003928882,0.001536201,5.010738e-05,1.823898e-06,0.002823541,0.0,0.0,0.0
0.649,0.40351,0.12913,0.133,0.006814772,0.001541069,0.003936091,0.001539251,5.013027e-05,1.817949e-06,0.00282855,0.0,0.0,0.0
0.649,0.40349,0.12923,0.1331,0.006827021,0.001544115,0.003943302,0.001542302,5.015703e-05,1.812413e-06,0.002833562,0.0,0.0,0.0
0.649,0.40346,0.12933,0.1332,0.006839279,0.001547163,0.003950514,0.001545356,5.018734e-05,1.807254e-06,0.002838577,0.0,0.0,0.0
0.649,0.40343,0.12943,0.1333,0.006851544,0.001550213,0.003957729,0.001548411,5.02209e-05,1.802439e-06,0.002843595,0.0,0.0,0.0
0.649,0.40341,0.12953,0.1334,0.006863817,0.001553265,0.003964945,0.001551467,5.025744e-05,1.797939e-06,0.002848615,0.0,0.0,0.0
0.649,0.40338,0.12963,0.1335,0.006876097,0.00155632,0.003972163,0.001554526,5.029673e-05,1.793729e-06,0.002853638,0.0,0.0,0.0
0.649,0.40335,0.12973,0.1336,0.006888385,0.001559376,0.003979383,0.001557586,5.033859e-05,1.789787e-06,0.002858663,0.0,0.0,0.0
0.649,0.40333,0.12983,0.1337,0.006900679,0.001562434,0.003986604,0.001560648,5.038282e-05,1.786094e-06,0.002863692,0.0,0.0,0.0
0.649,0.4033,0.12993,0.1338,0.00691298,0.001565494,0.003993828,0.001563711,5.042926e-05,1.782631e-06,0.002868723,0.0,0.0,0.0
0.649,0.40327,0.13003,0.1339,0.006925287,0.001568555,0.004001053,0.001566776,5.047778e-05,1.779382e-06,0.002873757,0.0,0.0,0.0
0.649,0.40325,0.13013,0.134,0.0069376,0.001571619,0.004008279,0.001569843,5.052824e-05,1.776334e-06,0.002878793,0.0,0.0,0.0
0.649,0.40322,0.13024,0.1341,0.00694992,0.001574684,0.004015507,0.001572911,5.058054e-05,1.773474e-06,0.002883832,0.0,0.0,0.0
0.649,0.40319,0.13034,0.1342,0.006962245,0.001577752,0.004022737,0.001575981,5.063455e-05,1.770789e-06,0.002888874,0.0,0.0,0.0
0.649,0.40316,0.13044,0.1343,0.006974577,0.001580821,0.004029968,0.001579052,5.06902e-05,1.768269e-06,0.002893918,0.0,0.0,0.0
0.649,0.40314,0.13054,0.1344,0.006986914,0.001583891,0.004037201,0.001582125,5.07474e-05,1.765904e-06,0.002898965,0.0,0.0,0.0
0.649,0.40311,0.13064,0.1345,0.006999256,0.001586964,0.004044435,0.0015852,5.080605e-05,1.763686e-06,0.002904015,0.0,0.0,0.0
0.649,0.40308,0.13074,0.1346,0.007011604,0.001590038,0.004051671,0.001588276,5.08661e-05,1.761607e-06,0.002909067,0.0,0.0,0.0
0.649,0.40306,0.13084,0.1347,0.007023957,0.001593114,0.004058908,0.001591354,5.092748e-05,1.759659e-06,0.002914122,0.0,0.0,0.0
0.649,0.40303,0.13094,0.1348,0.007036316,0.001596191,0.004066147,0.001594433,5.099012e-05,1.757835e-06,0.002919179,0.0,0.0,0.0
0.649,0.403,0.13104,0.1349,0.007048679,0.00159927,0.004073386,0.001597514,5.105397e-05,1.756129e-06,0.002924239,0.0,0.0,0.0
0.649,0.40298,0.13114,0.135,0.007061048,0.001602351,0.004080628,0.001600596,5.111899e-05,1.754535e-06,0.002929301,0.0,0.0,0.0
0.649,0.40295,0.13124,0.1351,0.007073422,0.001605433,0.00408787,0.00160368,5.118511e-05,1.753047e-06,0.002934366,0.0,0.0,0.0
0.649,0.40292,0.13134,0.1352,0.0070858,0.001608517,0.004095114,0.001606766,5.12523e-05,1.751662e-06,0.002939434,0.0,0.0,0.0
0.649,0.40289,0.13144,0.1353,0.007098183,0.001611603,0.004102359,0.001609852,5.132052e-05,1.750373e-06,0.002944504,0.0,0.0,0.0
0.649,0.40287,0.13154,0.1354,0.007110571,0.00161469,0.004109605,0.001612941,5.138972e-05,1.749177e-06,0.002949576,0.0,0.0,0.0
0.649,0.40284,0.13164,0.1355,0.007122963,0.001617779,0.004116852,0.001616031,5.145989e-05,1.74807e-06,0.002954651,0.0,0.0,0.0
0.649,0.40281,0.13174,0.1356,0.00713536,0.001620869,0.004124101,0.001619122,5.153097e-05,1.747048e-06,0.002959728,0.0,0.0,0.0
0.649,0.40279,0.13184,0.1357,0.007147762,0.001623961,0.00413135,0.001622214,5.160294e-05,1.746108e-06,0.002964808,0.0,0.0,0.0
0.649,0.40276,0.13194,0.1358,0.007160167,0.001627054,0.004138601,0.001625309,5.167577e-05,1.745245e-06,0.00296989,0.0,0.0,0.0
0.649,0.40273,0.13204,0.1359,0.007172577,0.001630149,0.004145853,0.001628404,5.174944e-05,1.744458e-06,0.002974975,0.0,0.0,0.0
0.649,0.40271,0.13214,0.136,0.007184992,0.001633245,0.004153106,0.001631501,5.182392e-05,1.743742e-06,0.002980062,0.0,0.0,0.0
0.649,0.40268,0.13224,0.1361,0.00719741,0.001636343,0.004160359,0.001634599,5.189918e-05,1.743096e-06,0.002985152,0.0,0.0,0.0
0.649,0.40265,0.13234,0.1362,0.007209833,0.001639442,0.004167614,0.001637699,5.197521e-05,1.742517e-06,0.002990243,0.0,0.0,0.0
0.649,0.40262,0.13244,0.1363,0.007222259,0.001642542,0.00417487,0.0016408,5.205198e-05,1.742003e-06,0.002995337,0.0,0.0,0.0
0.649,0.4026,0.13254,0.1364,0.00723469,0.001645644,0.004182126,0.001643903,5.212947e-05,1.74155e-06,0.003000434,0.0,0.0,0.0
0.649,0.40257,0.13264,0.1365,0.007247124,0.001648748,0.004189384,0.001647007,5.220767e-05,1.741158e-06,0.003005533,0.0,0.0,0.0
0.649,0.40254,0.13274,0.1366,0.007259562,0.001651853,0.004196642,0.001650112,5.228655e-05,1.740823e-06,0.003010634,0.0,0.0,0.0
0.649,0.40251,0.13284,0.1367,0.007272004,0.001654959,0.004203901,0.001653218,5.236611e-05,1.740545e-06,0.003015737,0.0,0.0,0.0
0.649,0.40249,0.13294,0.1368,0.00728445,0.001658066,0.00421116,0.001656326,5.244632e-05,1.740321e-06,0.003020843,0.0,0.0,0.0
0.649,0.40246,0.13304,0.1369,0.007296899,0.001661175,0.004218421,0.001659435,5.252718e-05,1.740149e-06,0.003025951,0.0,0.0,0.0
0.649,0.40243,0.13314,0.137,0.007309352,0.001664286,0.004225682,0.001662546,5.260866e-05,1.740028e-06,0.003031061,0.0,0.0,0.0
0.649,0.4024,0.13324,0.1371,0.007321809,0.001667397,0.004232944,0.001665657,5.269075e-05,1.739956e-06,0.003036174,0.0,0.0,0.0
0.649,0.40238,0.13334,0.1372,0.007334269,0.00167051,0.004240207,0.00166877,5.277345e-05,1.739933e-06,0.003041288,0.0,0.0,0.0
0.649,0.40235,0.13344,0.1373,0.007346732,0.001673625,0.00424747,0.001671885,5.285673e-05,1.739955e-06,0.003046405,0.0,0.0,0.0
0.649,0.40232,0.13354,0.1374,0.007359199,0.00167674,0.004254734,0.001675,5.29406e-05,1.740023e-06,0.003051524,0.0,0.0,0.0
0.649,0.40229,0.13364,0.1375,0.007371669,0.001679857,0.004261998,0.001678117,5.302503e-05,1.740135e-06,0.003056646,0.0,0.0,0.0
0.649,0.40227,0.13374,0.1376,0.007384142,0.001682975,0.004269263,0.001681235,5.311001e-05,1.740289e-06,0.003061769,0.0,0.0,0.0
0.649,0.40224,0.13384,0.1377,0.007396619,0.001686095,0.004276528,0.001684354,5.319555e-05,1.740484e-06,0.003066895,0.0,0.0,0.0
0.649,0.40221,0.13394,0.1378,0.007409098,0.001689216,0.004283794,0.001687475,5.328162e-05,1.74072e-06,0.003072022,0.0,0.0,0.0
0.649,0.40218,0.13404,0.1379,0.007421581,0.001692337,0.004291061,0.001690596,5.336823e-05,1.740995e-06,0.003077152,0.0,0.0,0.0
0.649,0.40216,0.13415,0.138,0.007434067,0.001695461,0.004298327,0.001693719,5.345535e-05,1.741308e-06,0.003082284,0.0,0.0,0.0
0.649,0.40213,0.13425,0.1381,0.007446556,0.001698585,0.004305594,0.001696843,5.354299e-05,1.741659e-06,0.003087418,0.0,0.0,0.0
0.649,0.4021,0.13435,0.1382,0.007459047,0.001701711,0.004312862,0.001699969,5.363114e-05,1.742045e-06,0.003092554,0.0,0.0,0.0
0.649,0.40207,0.13445,0.1383,0.007471542,0.001704837,0.00432013,0.001703095,5.371978e-05,1.742468e-06,0.003097693,0.0,0.0,0.0
0.649,0.40205,0.13455,0.1384,0.007484039,0.001707965,0.004327398,0.001706223,5.380891e-05,1.742924e-06,0.003102833,0.0,0.0,0.0
0.649,0.40202,0.13465,0.1385,0.00749654,0.001711095,0.004334666,0.001709351,5.389853e-05,1.743415e-06,0.003107975,0.0,0.0,0.0
0.649,0.40199,0.13475,0.1386,0.007509043,0.001714225,0.004341935,0.001712481,5.398863e-05,1.743938e-06,0.003113119,0.0,0.0,0.0
0.649,0.40196,0.13485,0.1387,0.007528463,0.001717978,0.004349203,0.001715612,6.099444e-05,2.365794e-06,0.003118266,0.0,0.0,0.0
0.649,0.40194,0.13495,0.1388,0.007540909,0.001721101,0.004356472,0.001718744,6.102307e-05,2.357285e-06,0.003123414,0.0,0.0,0.0
0.649,0.40191,0.13505,0.1389,0.007553362,0.001724226,0.004363741,0.001721877,6.10569e-05,2.349397e-06,0.003128564,0.0,0.0,0.0
0.649,0.40188,0.13515,0.139,0.007565822,0.001727353,0.004371011,0.001725011,6.109543e-05,2.34207e-06,0.003133716,0.0,0.0,0.0
0.649,0.40185,0.13525,0.1391,0.007578289,0.001730482,0.00437828,0.001728146,6.113825e-05,2.335251e-06,0.00313887,0.0,0.0,0.0
0.649,0.40182,0.13535,0.1392,0.007590761,0.001733612,0.004385549,0.001731283,6.118497e-05,2.328896e-06,0.003144027,0.0,0.0,0.0
0.649,0.4018,0.13545,0.1393,0.007603238,0.001736743,0.004392819,0.00173442,6.123529e-05,2.322964e-06,0.003149185,0.0,0.0,0.0
0.649,0.40177,0.13555,0.1394,0.007615721,0.001739876,0.004400088,0.001737559,6.128892e-05,2.317421e-06,0.003154344,0.0,0.0,0.0
0.649,0.40174,0.13565,0.1395,0.007628209,0.00174301,0.004407357,0.001740698,6.134561e-05,2.312236e-06,0.003159506,0.0,0.0,0.0
0.649,0.40171,0.13575,0.1396,0.007640702,0.001746146,0.004414627,0.001743838,6.140514e-05,2.307383e-06,0.00316467,0.0,0.0,0.0
0.649,0.40168,0.13585,0.1397,0.007653198,0.001749283,0.004421896,0.00174698,6.146733e-05,2.302837e-06,0.003169835,0.0,0.0,0.0
0.649,0.40166,0.13595,0.1398,0.007665699,0.001752421,0.004429165,0.001750122,6.153198e-05,2.298575e-06,0.003175003,0.0,0.0,0.0
0.649,0.40163,0.13605,0.1399,0.007678204,0.00175556,0.004436434,0.001753266,6.159895e-05,2.29458e-06,0.003180172,0.0,0.0,0.0
0.649,0.4016,0.13615,0.14,0.007690713,0.001758701,0.004443703,0.00175641,6.16681e-05,2.290833e-06,0.003185343,0.0,0.0,0.0
0.649,0.40157,0.13625,0.1401,0.007703226,0.001761843,0.004450971,0.001759556,6.17393e-05,2.287318e-06,0.003190515,0.0,0.0,0.0
0.649,0.40154,0.13635,0.1402,0.007715742,0.001764986,0.004458239,0.001762702,6.181244e-05,2.284021e-06,0.00319569,0.0,0.0,0.0
0.649,0.40152,0.13645,0.1403,0.007728261,0.00176813,0.004465507,0.001765849,6.188741e-05,2.28093e-06,0.003200866,0.0,0.0,0.0
0.649,0.40149,0.13655,0.1404,0.007740783,0.001771276,0.004472775,0.001768998,6.196411e-05,2.278031e-06,0.003206044,0.0,0.0,0.0
0.649,0.40146,0.13665,0.1405,0.007753309,0.001774422,0.004480043,0.001772147,6.204247e-05,2.275315e-06,0.003211224,0.0,0.0,0.0
0.649,0.40143,0.13675,0.1406,0.007765837,0.00177757,0.00448731,0.001775297,6.21224e-05,2.272771e-06,0.003216405,0.0,0.0,0.0
0.649,0.4014,0.13685,0.1407,0.007778368,0.001780718,0.004494576,0.001778448,6.220383e-05,2.27039e-06,0.003221588,0.0,0.0,0.0
0.649,0.40138,0.13695,0.1408,0.007790902,0.001783868,0.004501843,0.0017816,6.228669e-05,2.268164e-06,0.003226773,0.0,0.0,0.0
0.649,0.40135,0.13705,0.1409,0.007803439,0.001787018,0.004509108,0.001784752,6.237092e-05,2.266084e-06,0.00323196,0.0,0.0,0.0
0.649,0.40132,0.13715,0.141,0.007815978,0.00179017,0.004516374,0.001787906,6.245647e-05,2.264145e-06,0.003237148,0.0,0.0,0.0
0.649,0.40129,0.13725,0.1411,0.007828519,0.001793323,0.004523639,0.00179106,6.254328e-05,2.262338e-06,0.003242337,0.0,0.0,0.0
0.649,0.40126,0.13735,0.1412,0.007841063,0.001796476,0.004530903,0.001794216,6.263131e-05,2.260659e-06,0.003247529,0.0,0.0,0.0
0.649,0.40124,0.13745,0.1413,0.007853609,0.001799631,0.004538167,0.001797372,6.27205e-05,2.2591e-06,0.003252722,0.0,0.0,0.0
0.649,0.40121,0.13755,0.1414,0.007866157,0.001802787,0.00454543,0.001800529,6.281082e-05,2.257657e-06,0.003257916,0.0,0.0,0.0
0.649,0.40118,0.13765,0.1415,0.007878707,0.001805943,0.004552693,0.001803687,6.290224e-05,2.256325e-06,0.003263112,0.0,0.0,0.0
0.649,0.40115,0.13775,0.1416,0.007891259,0.001809101,0.004559955,0.001806845,6.29947e-05,2.255099e-06,0.00326831,0.0,0.0,0.0
0.649,0.40112,0.13786,0.1417,0.007903813,0.001812259,0.004567216,0.001810005,6.308819e-05,2.253975e-06,0.003273509,0.0,0.0,0.0
0.649,0.40109,0.13796,0.1418,0.007916369,0.001815418,0.004574477,0.001813165,6.318266e-05,2.252948e-06,0.00327871,0.0,0.0,0.0
0.649,0.40107,0.13806,0.1419,0.007928926,0.001818578,0.004581736,0.001816326,6.327809e-05,2.252016e-06,0.003283912,0.0,0.0,0.0
0.649,0.40104,0.13816,0.142,0.007941486,0.001821739,0.004588996,0.001819488,6.337445e-05,2.251173e-06,0.003289116,0.0,0.0,0.0
0.649,0.40101,0.13826,0.1421,0.007954046,0.001824901,0.004596254,0.00182265,6.347172e-05,2.250418e-06,0.003294321,0.0,0.0,0.0
0.649,0.40098,0.13836,0.1422,0.007966609,0.001828063,0.004603511,0.001825814,6.356986e-05,2.249746e-06,0.003299527,0.0,0.0,0.0
0.649,0.40095,0.13846,0.1423,0.007979172,0.001831227,0.004610768,0.001828978,6.366887e-05,2.249155e-06,0.003304735,0.0,0.0,0.0
0.649,0.40092,0.13856,0.1424,0.007991738,0.001834391,0.004618024,0.001832142,6.37687e-05,2.248641e-06,0.003309945,0.0,0.0,0.0
0.649,0.40089,0.13866,0.1425,0.008004304,0.001837556,0.004625279,0.001835308,6.386936e-05,2.248203e-06,0.003315156,0.0,0.0,0.0
0.649,0.40087,0.13876,0.1426,0.008016872,0.001840722,0.004632533,0.001838474,6.397081e-05,2.247838e-06,0.003320368,0.0,0.0,0.0
0.649,0.40084,0.13886,0.1427,0.008029441,0.001843888,0.004639786,0.001841641,6.407303e-05,2.247543e-06,0.003325582,0.0,0.0,0.0
0.649,0.40081,0.13896,0.1428,0.008042011,0.001847055,0.004647038,0.001844808,6.417602e-05,2.247316e-06,0.003330796,0.0,0.0,0.0
0.649,0.40078,0.13906,0.1429,0.008054582,0.001850223,0.004654289,0.001847976,6.427975e-05,2.247154e-06,0.003336013,0.0,0.0,0.0
0.649,0.40075,0.13916,0.143,0.008067154,0.001853392,0.004661539,0.001851145,6.438422e-05,2.247057e-06,0.00334123,0.0,0.0,0.0
0.649,0.40072,0.13926,0.1431,0.008079727,0.001856562,0.004668788,0.001854315,6.448939e-05,2.247021e-06,0.003346449,0.0,0.0,0.0
0.649,0.40069,0.13936,0.1432,0.008092301,0.001859732,0.004676036,0.001857485,6.459527e-05,2.247045e-06,0.00335167,0.0,0.0,0.0
0.649,0.40067,0.13946,0.1433,0.008104876,0.001862903,0.004683283,0.001860656,6.470183e-05,2.247128e-06,0.003356891,0.0,0.0,0.0
0.649,0.40064,0.13956,0.1434,0.008117452,0.001866074,0.004690529,0.001863827,6.480907e-05,2.247267e-06,0.003362114,0.0,0.0,0.0
0.649,0.40061,0.13966,0.1435,0.008130028,0.001869246,0.004697773,0.001866999,6.491698e-05,2.247461e-06,0.003367338,0.0,0.0,0.0
0.649,0.40058,0.13976,0.1436,0.008142605,0.001872419,0.004705017,0.001870172,6.502553e-05,2.247709e-06,0.003372563,0.0,0.0,0.0
0.649,0.40055,0.13986,0.1437,0.008155183,0.001875593,0.004712259,0.001873345,6.513473e-05,2.248009e-06,0.003377789,0.0,0.0,0.0
0.649,0.40052,0.13996,0.1438,0.008167761,0.001878767,0.0047195,0.001876518,6.524456e-05,2.248359e-06,0.003383017,0.0,0.0,0.0
0.649,0.40049,0.14006,0.1439,0.00818034,0.001881942,0.004726739,0.001879693,6.535501e-05,2.248759e-06,0.003388246,0.0,0.0,0.0
0.649,0.40047,0.14016,0.144,0.008192919,0.001885117,0.004733977,0.001882868,6.546607e-05,2.249207e-06,0.003393475,0.0,0.0,0.0
0.649,0.40044,0.14026,0.1441,0.008205499,0.001888293,0.004741214,0.001886043,6.557773e-05,2.249701e-06,0.003398706,0.0,0.0,0.0
0.649,0.40041,0.14036,0.1442,0.008218079,0.001891469,0.00474845,0.001889219,6.569e-05,2.250242e-06,0.003403939,0.0,0.0,0.0
0.649,0.40038,0.14046,0.1443,0.008230659,0.001894646,0.004755684,0.001892396,6.580284e-05,2.250826e-06,0.003409172,0.0,0.0,0.0
0.649,0.40035,0.14056,0.1444,0.008243239,0.001897824,0.004762917,0.001895573,6.591627e-05,2.251455e-06,0.003414406,0.0,0.0,0.0
0.649,0.40032,0.14066,0.1445,0.00825582,0.001901002,0.004770148,0.00189875,6.603027e-05,2.252126e-06,0.003419642,0.0,0.0,0.0
0.649,0.40029,0.14076,0.1446,0.008268401,0.001904181,0.004777378,0.001901928,6.614483e-05,2.252838e-06,0.003424878,0.0,0.0,0.0
0.649,0.40026,0.14086,0.1447,0.008288688,0.001908126,0.004784606,0.001905107,7.396603e-05,3.019012e-06,0.003430116,0.0,0.0,0.0
0.649,0.40023,0.14096,0.1448,0.008301203,0.001911295,0.004791833,0.001908286,7.401554e-05,3.008866e-06,0.003435354,0.0,0.0,0.0
0.649,0.4002,0.14106,0.1449,0.008313723,0.001914465,0.004799058,0.001911465,7.407056e-05,2.999452e-06,0.003440594,0.0,0.0,0.0
0.649,0.40018,0.14116,0.145,0.008326247,0.001917636,0.004806282,0.001914645,7.41306e-05,2.9907e-06,0.003445834,0.0,0.0,0.0
0.649,0.40015,0.14126,0.1451,0.008338775,0.001920808,0.004813504,0.001917826,7.41952e-05,2.98255e-06,0.003451075,0.0,0.0,0.0
0.649,0.40012,0.14136,0.1452,0.008351307,0.001923981,0.004820725,0.001921006,7.4264e-05,2.97495e-06,0.003456318,0.0,0.0,0.0
0.649,0.40009,0.14147,0.1453,0.008363841,0.001927156,0.004827944,0.001924188,7.433666e-05,2.967855e-06,0.003461561,0.0,0.0,0.0
0.649,0.40006,0.14157,0.1454,0.008376379,0.001930331,0.004835161,0.001927369,7.441288e-05,2.961224e-06,0.003466805,0.0,0.0,0.0
0.649,0.40003,0.14167,0.1455,0.008388919,0.001933507,0.004842376,0.001930551,7.449242e-05,2.95502e-06,0.003472051,0.0,0.0,0.0
0.649,0.4,0.14177,0.1456,0.008401461,0.001936683,0.00484959,0.001933734,7.457504e-05,2.949214e-06,0.003477297,0.0,0.0,0.0
0.649,0.39997,0.14187,0.1457,0.008414006,0.001939861,0.004856802,0.001936917,7.466053e-05,2.943775e-06,0.003482543,0.0,0.0,0.0
0.649,0.39994,0.14197,0.1458,0.008426552,0.001943039,0.004864012,0.0019401,7.474872e-05,2.938679e-06,0.003487791,0.0,0.0,0.0
0.649,0.39991,0.14207,0.1459,0.008439099,0.001946218,0.00487122,0.001943284,7.483944e-05,2.933902e-06,0.00349304,0.0,0.0,0.0
0.649,0.39989,0.14217,0.146,0.008451648,0.001949397,0.004878427,0.001946468,7.493255e-05,2.929425e-06,0.003498289,0.0,0.0,0.0
0.649,0.39986,0.14227,0.1461,0.008464198,0.001952577,0.004885631,0.001949652,7.50279e-05,2.925228e-06,0.003503539,0.0,0.0,0.0
0.649,0.39983,0.14237,0.1462,0.008476749,0.001955758,0.004892834,0.001952837,7.512538e-05,2.921295e-06,0.00350879,0.0,0.0,0.0
0.649,0.3998,0.14247,0.1463,0.008489301,0.001958939,0.004900035,0.001956022,7.522488e-05,2.917609e-06,0.003514042,0.0,0.0,0.0
0.649,0.39977,0.14257,0.1464,0.008501854,0.001962121,0.004907234,0.001959207,7.53263e-05,2.914158e-06,0.003519294,0.0,0.0,0.0
0.649,0.39974,0.14267,0.1465,0.008514407,0.001965304,0.004914431,0.001962393,7.542955e-05,2.910927e-06,0.003524547,0.0,0.0,0.0
0.649,0.39971,0.14277,0.1466,0.008526961,0.001968487,0.004921626,0.001965579,7.553454e-05,2.907905e-06,0.003529801,0.0,0.0,0.0
0.649,0.39968,0.14287,0.1467,0.008539515,0.00197167,0.004928819,0.001968765,7.564119e-05,2.905082e-06,0.003535055,0.0,0.0,0.0
0.649,0.39965,0.14297,0.1468,0.008552069,0.001974854,0.004936009,0.001971951,7.574944e-05,2.902447e-06,0.00354031,0.0,0.0,0.0
0.649,0.39962,0.14307,0.1469,0.008564624,0.001978038,0.004943198,0.001975138,7.585922e-05,2.89999e-06,0.003545566,0.0,0.0,0.0
0.649,0.39959,0.14317,0.147,0.008577178,0.001981223,0.004950385,0.001978325,7.597046e-05,2.897704e-06,0.003550823,0.0,0.0,0.0
0.649,0.39956,0.14327,0.1471,0.008589732,0.001984408,0.004957569,0.001981512,7.608313e-05,2.895579e-06,0.00355608,0.0,0.0,0.0
0.649,0.39953,0.14337,0.1472,0.008602286,0.001987594,0.004964752,0.0019847,7.619715e-05,2.89361e-06,0.003561337,0.0,0.0,0.0
0.649,0.3995,0.14347,0.1473,0.00861484,0.00199078,0.004971932,0.001987888,7.631248e-05,2.891789e-06,0.003566596,0.0,0.0,0.0
0.649,0.39947,0.14357,0.1474,0.008627394,0.001993966,0.00497911,0.001991076,7.642909e-05,2.890109e-06,0.003571854,0.0,0.0,0.0
0.649,0.39944,0.14367,0.1475,0.008639946,0.001997153,0.004986286,0.001994264,7.654692e-05,2.888564e-06,0.003577114,0.0,0.0,0.0
0.649,0.39942,0.14377,0.1476,0.008652499,0.00200034,0.00499346,0.001997452,7.666595e-05,2.88715e-06,0.003582373,0.0,0.0,0.0
0.649,0.39939,0.14387,0.1477,0.008665051,0.002003527,0.005000631,0.002000641,7.678612e-05,2.88586e-06,0.003587634,0.0,0.0,0.0
0.649,0.39936,0.14397,0.1478,0.008677602,0.002006714,0.0050078,0.00200383,7.690741e-05,2.884689e-06,0.003592895,0.0,0.0,0.0
0.649,0.39933,0.14407,0.1479,0.008690152,0.002009902,0.005014966,0.002007019,7.702979e-05,2.883634e-06,0.003598156,0.0,0.0,0.0
0.649,0.3993,0.14417,0.148,0.008702701,0.002013091,0.005022131,0.002010208,7.715323e-05,2.88269e-06,0.003603418,0.0,0.0,0.0
0.649,0.39927,0.14427,0.1481,0.00871525,0.002016279,0.005029293,0.002013397,7.727769e-05,2.881852e-06,0.00360868,0.0,0.0,0.0
0.649,0.39924,0.14437,0.1482,0.008727798,0.002019468,0.005036452,0.002016587,7.740316e-05,2.881117e-06,0.003613942,0.0,0.0,0.0
0.649,0.39921,0.14447,0.1483,0.008740344,0.002022657,0.005043609,0.002019776,7.75296e-05,2.880481e-06,0.003619205,0.0,0.0,0.0
0.649,0.39918,0.14457,0.1484,0.008752889,0.002025846,0.005050764,0.002022966,7.7657e-05,2.879941e-06,0.003624468,0.0,0.0,0.0
0.649,0.39915,0.14467,0.1485,0.008765434,0.002029035,0.005057916,0.002026156,7.778534e-05,2.879494e-06,0.003629732,0.0,0.0,0.0
0.649,0.39912,0.14477,0.1486,0.008777976,0.002032225,0.005065066,0.002029346,7.791458e-05,2.879136e-06,0.003634996,0.0,0.0,0.0
0.649,0.39909,0.14487,0.1487,0.008790518,0.002035414,0.005072213,0.002032536,7.804472e-05,2.878864e-06,0.003640261,0.0,0.0,0.0
0.649,0.39906,0.14497,0.1488,0.008803058,0.002038604,0.005079357,0.002035726,7.817573e-05,2.878676e-06,0.003645525,0.0,0.0,0.0
0.649,0.39903,0.14508,0.1489,0.008815597,0.002041794,0.005086499,0.002038916,7.83076e-05,2.87857e-06,0.00365079,0.0,0.0,0.0
0.649,0.399,0.14518,0.149,0.008828134,0.002044985,0.005093639,0.002042106,7.84403e-05,2.878542e-06,0.003656055,0.0,0.0,0.0
0.649,0.39897,0.14528,0.1491,0.00884067,0.002048175,0.005100776,0.002045296,7.857384e-05,2.878591e-06,0.003661321,0.0,0.0,0.0
0.649,0.39894,0.14538,0.1492,0.008853204,0.002051366,0.00510791,0.002048487,7.870818e-05,2.878713e-06,0.003666586,0.0,0.0,0.0
0.649,0.39891,0.14548,0.1493,0.008865737,0.002054556,0.005115041,0.002051677,7.884331e-05,2.878908e-06,0.003671852,0.0,0.0,0.0
0.649,0.39888,0.14558,0.1494,0.008878268,0.002057747,0.00512217,0.002054868,7.897923e-05,2.879173e-06,0.003677118,0.0,0.0,0.0
0.649,0.39885,0.14568,0.1495,0.008890797,0.002060938,0.005129296,0.002058058,7.911591e-05,2.879505e-06,0.003682384,0.0,0.0,0.0
0.649,0.39882,0.14578,0.1496,0.008903324,0.002064129,0.005136419,0.002061249,7.925336e-05,2.879904e-06,0.003687651,0.0,0.0,0.0
0.649,0.39879,0.14588,0.1497,0.008915849,0.00206732,0.00514354,0.002064439,7.939154e-05,2.880367e-06,0.003692917,0.0,0.0,0.0
0.649,0.39876,0.14598,0.1498,0.008928372,0.002070511,0.005150658,0.00206763,7.953046e-05,2.880893e-06,0.003698184,0.0,0.0,0.0
0.649,0.39873,0.14608,0.1499,0.008940893,0.002073702,0.005157773,0.00207082,7.967011e-05,2.88148e-06,0.003703451,0.0,0.0,0.0
0.649,0.3987,0.14618,0.15,0.008953413,0.002076893,0.005164885,0.002074011,7.981047e-05,2.882126e-06,0.003708717,0.0,0.0,0.0
0.649,0.39867,0.14628,0.1501,0.00896593,0.002080084,0.005171994,0.002077201,7.995153e-05,2.88283e-06,0.003713984,0.0,0.0,0.0
0.649,0.39864,0.14638,0.1502,0.008978445,0.002083275,0.0051791,0.002080391,8.009328e-05,2.883592e-06,0.003719251,0.0,0.0,0.0
0.649,0.39861,0.14648,0.1503,0.008990958,0.002086466,0.005186204,0.002083582,8.023573e-05,2.884408e-06,0.003724518,0.0,0.0,0.0
0.649,0.39858,0.14658,0.1504,0.009003468,0.002089657,0.005193304,0.002086772,8.037885e-05,2.885278e-06,0.003729785,0.0,0.0,0.0
0.649,0.39855,0.14668,0.1505,0.009024667,0.00209381,0.005200402,0.002089962,8.921303e-05,3.847385e-06,0.003735052,0.0,0.0,0.0
0.649,0.39852,0.14678,0.1506,0.009037093,0.002096986,0.005207496,0.002093152,8.927753e-05,3.833713e-06,0.003740319,0.0,0.0,0.0
0.649,0.39849,0.14688,0.1507,0.009049522,0.002100163,0.005214588,0.002096342,8.934892e-05,3.82106e-06,0.003745586,0.0,0.0,0.0
0.649,0.39846,0.14698,0.1508,0.009061955,0.002103342,0.005221676,0.002099532,8.942654e-05,3.809324e-06,0.003750852,0.0,0.0,0.0
0.649,0.39843,0.14708,0.1509,0.00907439,0.002106521,0.005228762,0.002102722,8.950983e-05,3.798419e-06,0.003756119,0.0,0.0,0.0
0.649,0.3984,0.14718,0.151,0.009086828,0.0021097,0.005235844,0.002105912,8.959829e-05,3.788269e-06,0.003761385,0.0,0.0,0.0
0.649,0.39837,0.14728,0.1511,0.009099267,0.00211288,0.005242923,0.002109101,8.96915e-05,3.778808e-06,0.003766652,0.0,0.0,0.0
0.649,0.39834,0.14738,0.1512,0.009111707,0.002116061,0.005249999,0.002112291,8.978907e-05,3.76998e-06,0.003771918,0.0,0.0,0.0
0.649,0.39831,0.14748,0.1513,0.009124147,0.002119242,0.005257072,0.00211548,8.989069e-05,3.761733e-06,0.003777184,0.0,0.0,0.0
0.649,0.39828,0.14758,0.1514,0.009136588,0.002122423,0.005264142,0.002118669,8.999606e-05,3.754022e-06,0.00378245,0.0,0.0,0.0
0.649,0.39825,0.14768,0.1515,0.009149029,0.002125605,0.005271209,0.002121858,9.010492e-05,3.746807e-06,0.003787716,0.0,0.0,0.0
0.649,0.39822,0.14778,0.1516,0.00916147,0.002128787,0.005278272,0.002125047,9.021704e-05,3.740054e-06,0.003792981,0.0,0.0,0.0
0.649,0.39819,0.14788,0.1517,0.009173911,0.00213197,0.005285332,0.002128236,9.033222e-05,3.733729e-06,0.003798246,0.0,0.0,0.0
0.649,0.39816,0.14798,0.1518,0.009186351,0.002135152,0.005292389,0.002131425,9.045027e-05,3.727805e-06,0.003803511,0.0,0.0,0.0
0.649,0.39813,0.14808,0.1519,0.00919879,0.002138335,0.005299443,0.002134613,9.057103e-05,3.722256e-06,0.003808776,0.0,0.0,0.0
0.649,0.3981,0.14818,0.152,0.009211228,0.002141518,0.005306493,0.002137801,9.069435e-05,3.717057e-06,0.00381404,0.0,0.0,0.0
0.649,0.39807,0.14828,0.1521,0.009223664,0.002144701,0.00531354,0.002140989,9.082008e-05,3.712188e-06,0.003819304,0.0,0.0,0.0
0.649,0.39804,0.14838,0.1522,0.009236099,0.002147884,0.005320584,0.002144176,9.094812e-05,3.70763e-06,0.003824568,0.0,0.0,0.0
0.649,0.39801,0.14849,0.1523,0.009248533,0.002151067,0.005327624,0.002147364,9.107834e-05,3.703364e-06,0.003829831,0.0,0.0,0.0
0.649,0.39798,0.14859,0.1524,0.009260965,0.00215425,0.005334661,0.002150551,9.121064e-05,3.699375e-06,0.003835094,0.0,0.0,0.0
0.649,0.39794,0.14869,0.1525,0.009273395,0.002157434,0.005341694,0.002153738,9.134492e-05,3.695647e-06,0.003840356,0.0,0.0,0.0
0.649,0.39791,0.14879,0.1526,0.009285824,0.002160617,0.005348724,0.002156925,9.148111e-05,3.692167e-06,0.003845618,0.0,0.0,0.0
0.649,0.39788,0.14889,0.1527,0.00929825,0.0021638,0.005355751,0.002160111,9.161912e-05,3.688923e-06,0.00385088,0.0,0.0,0.0
0.649,0.39785,0.14899,0.1528,0.009310674,0.002166983,0.005362774,0.002163297,9.175888e-05,3.685902e-06,0.003856141,0.0,0.0,0.0
0.649,0.39782,0.14909,0.1529,0.009323095,0.002170166,0.005369793,0.002166483,9.190032e-05,3.683094e-06,0.003861402,0.0,0.0,0.0
0.649,0.39779,0.14919,0.153,0.009335514,0.002173349,0.005376809,0.002169669,9.204338e-05,3.680489e-06,0.003866662,0.0,0.0,0.0
0.649,0.39776,0.14929,0.1531,0.009347931,0.002176532,0.005383821,0.002172854,9.2188e-05,3.678078e-06,0.003871921,0.0,0.0,0.0
0.649,0.39773,0.14939,0.1532,0.009360345,0.002179715,0.00539083,0.002176039,9.233413e-05,3.675851e-06,0.003877181,0.0,0.0,0.0
0.649,0.3977,0.14949,0.1533,0.009372756,0.002182897,0.005397835,0.002179223,9.248171e-05,3.673802e-06,0.003882439,0.0,0.0,0.0
0.649,0.39767,0.14959,0.1534,0.009385165,0.00218608,0.005404837,0.002182408,9.26307e-05,3.671922e-06,0.003887697,0.0,0.0,0.0
0.649,0.39764,0.14969,0.1535,0.00939757,0.002189262,0.005411835,0.002185592,9.278106e-05,3.670205e-06,0.003892954,0.0,0.0,0.0
0.649,0.39761,0.14979,0.1536,0.009409973,0.002192444,0.005418829,0.002188775,9.293274e-05,3.668644e-06,0.003898211,0.0,0.0,0.0
0.649,0.39758,0.14989,0.1537,0.009422373,0.002195626,0.00542582,0.002191959,9.308571e-05,3.667232e-06,0.003903467,0.0,0.0,0.0
0.649,0.39755,0.14999,0.1538,0.009434769,0.002198808,0.005432807,0.002195142,9.323993e-05,3.665965e-06,0.003908723,0.0,0.0,0.0
0.649,0.39752,0.15009,0.1539,0.009447162,0.002201989,0.00543979,0.002198324,9.339538e-05,3.664836e-06,0.003913977,0.0,0.0,0.0
0.649,0.39749,0.15019,0.154,0.009459552,0.00220517,0.005446769,0.002201506,9.355201e-05,3.66384e-06,0.003919231,0.0,0.0,0.0
0.649,0.39745,0.15029,0.1541,0.009471939,0.002208351,0.005453745,0.002204688,9.370979e-05,3.662973e-06,0.003924485,0.0,0.0,0.0
0.649,0.39742,0.15039,0.1542,0.009484322,0.002211532,0.005460716,0.002207869,9.386871e-05,3.66223e-06,0.003929737,0.0,0.0,0.0
0.649,0.39739,0.15049,0.1543,0.009496702,0.002214712,0.005467684,0.00221105,9.402873e-05,3.661607e-06,0.003934989,0.0,0.0,0.0
0.649,0.39736,0.15059,0.1544,0.009509078,0.002217892,0.005474648,0.002214231,9.418983e-05,3.6611e-06,0.00394024,0.0,0.0,0.0
0.649,0.39733,0.15069,0.1545,0.009521451,0.002221072,0.005481609,0.002217411,9.435199e-05,3.660704e-06,0.00394549,0.0,0.0,0.0
0.649,0.3973,0.15079,0.1546,0.00953382,0.002224251,0.005488565,0.002220591,9.451519e-05,3.660417e-06,0.00395074,0.0,0.0,0.0
0.649,0.39727,0.15089,0.1547,0.009546185,0.00222743,0.005495517,0.00222377,9.467939e-05,3.660235e-06,0.003955988,0.0,0.0,0.0
0.649,0.39724,0.15099,0.1548,0.009558547,0.002230609,0.005502466,0.002226949,9.48446e-05,3.660155e-06,0.003961236,0.0,0.0,0.0
0.649,0.39721,0.15109,0.1549,0.009570904,0.002233787,0.005509411,0.002230127,9.501077e-05,3.660172e-06,0.003966483,0.0,0.0,0.0
0.649,0.39718,0.15119,0.155,0.009583258,0.002236965,0.005516351,0.002233305,9.517791e-05,3.660286e-06,0.003971729,0.0,0.0,0.0
0.649,0.39714,0.15129,0.1551,0.009595607,0.002240143,0.005523288,0.002236482,9.534599e-05,3.660492e-06,0.003976974,0.0,0.0,0.0
0.649,0.39711,0.15139,0.1552,0.009607953,0.00224332,0.00553022,0.002239659,9.551499e-05,3.660788e-06,0.003982218,0.0,0.0,0.0
0.649,0.39708,0.15149,0.1553,0.009620295,0.002246497,0.005537149,0.002242836,9.568491e-05,3.661172e-06,0.003987461,0.0,0.0,0.0
0.649,0.39705,0.15159,0.1554,0.009632632,0.002249673,0.005544073,0.002246012,9.585572e-05,3.661641e-06,0.003992703,0.0,0.0,0.0
0.649,0.39702,0.15169,0.1555,0.009644965,0.002252849,0.005550994,0.002249187,9.602741e-05,3.662192e-06,0.003997944,0.0,0.0,0.0
0.649,0.39699,0.15179,0.1556,0.009657294,0.002256025,0.00555791,0.002252362,9.619998e-05,3.662825e-06,0.004003184,0.0,0.0,0.0
0.649,0.39696,0.1519,0.1557,0.009669619,0.0022592,0.005564822,0.002255537,9.63734e-05,3.663535e-06,0.004008423,0.0,0.0,0.0
0.649,0.39693,0.152,0.1558,0.009681939,0.002262375,0.00557173,0.00225871,9.654767e-05,3.664322e-06,0.004013661,0.0,0.0,0.0
0.649,0.3969,0.1521,0.1559,0.009694255,0.002265549,0.005578634,0.002261884,9.672277e-05,3.665184e-06,0.004018898,0.0,0.0,0.0
0.649,0.39687,0.1522,0.156,0.009706566,0.002268723,0.005585534,0.002265057,9.68987e-05,3.666118e-06,0.004024134,0.0,0.0,0.0
0.649,0.39683,0.1523,0.1561,0.009718873,0.002271896,0.005592429,0.002268229,9.707544e-05,3.667124e-06,0.004029368,0.0,0.0,0.0
0.649,0.3968,0.1524,0.1562,0.009731175,0.002275069,0.00559932,0.0022714,9.725299e-05,3.668198e-06,0.004034602,0.0,0.0,0.0
0.649,0.39677,0.1525,0.1563,0.009743473,0.002278241,0.005606207,0.002274571,9.743133e-05,3.66934e-06,0.004039834,0.0,0.0,0.0
0.649,0.39674,0.1526,0.1564,0.009765411,0.002282588,0.00561309,0.002277742,0.000107256,4.846225e-06,0.004045065,0.0,0.0,0.0
0.649,0.39671,0.1527,0.1565,0.009777613,0.002285742,0.005619968,0.002280912,0.0001073494,4.829693e-06,0.004050295,0.0,0.0,0.0
0.649,0.39668,0.1528,0.1566,0.009789817,0.002288896,0.005626842,0.002284081,0.0001074504,4.814389e-06,0.004055524,0.0,0.0,0.0
0.649,0.39665,0.1529,0.1567,0.009802022,0.00229205,0.005633712,0.00228725,0.0001075581,4.800192e-06,0.004060751,0.0,0.0,0.0
0.649,0.39661,0.153,0.1568,0.009814227,0.002295205,0.005640578,0.002290418,0.0001076721,4.786999e-06,0.004065977,0.0,0.0,0.0
0.649,0.39658,0.1531,0.1569,0.009826433,0.00229836,0.005647439,0.002293585,0.0001077917,4.774719e-06,0.004071202,0.0,0.0,0.0
0.649,0.39655,0.1532,0.157,0.009838638,0.002301516,0.005654295,0.002296752,0.0001079166,4.763275e-06,0.004076426,0.0,0.0,0.0
0.649,0.39652,0.1533,0.1571,0.009850842,0.002304671,0.005661148,0.002299918,0.0001080462,4.752596e-06,0.004081648,0.0,0.0,0.0
0.649,0.39649,0.1534,0.1572,0.009863045,0.002307827,0.005667996,0.002303084,0.0001081803,4.742623e-06,0.004086869,0.0,0.0,0.0
0.649,0.39646,0.1535,0.1573,0.009875246,0.002310982,0.005674839,0.002306249,0.0001083185,4.733301e-06,0.004092088,0.0,0.0,0.0
0.649,0.39643,0.1536,0.1574,0.009887445,0.002314138,0.005681678,0.002309413,0.0001084606,4.724582e-06,0.004097306,0.0,0.0,0.0
0.649,0.39639,0.1537,0.1575,0.009899642,0.002317293,0.005688512,0.002312577,0.0001086063,4.716424e-06,0.004102523,0.0,0.0,0.0
0.649,0.39636,0.1538,0.1576,0.009911836,0.002320448,0.005695342,0.00231574,0.0001087554,4.708787e-06,0.004107738,0.0,0.0,0.0
0.649,0.39633,0.1539,0.1577,0.009924027,0.002323603,0.005702167,0.002318902,0.0001089076,4.701639e-06,0.004112952,0.0,0.0,0.0
0.649,0.3963,0.154,0.1578,0.009936215,0.002326758,0.005708988,0.002322063,0.0001090629,4.694946e-06,0.004118164,0.0,0.0,0.0
0.649,0.39627,0.1541,0.1579,0.009948401,0.002329913,0.005715804,0.002325224,0.000109221,4.688681e-06,0.004123375,0.0,0.0,0.0
0.649,0.39624,0.1542,0.158,0.009960582,0.002333067,0.005722616,0.002328384,0.0001093818,4.682819e-06,0.004128584,0.0,0.0,0.0
0.649,0.39621,0.1543,0.1581,0.00997276,0.002336221,0.005729423,0.002331543,0.0001095452,4.677335e-06,0.004133792,0.0,0.0,0.0
0.649,0.39617,0.1544,0.1582,0.009984935,0.002339374,0.005736225,0.002334702,0.000109711,4.672209e-06,0.004138998,0.0,0.0,0.0
0.649,0.39614,0.1545,0.1583,0.009997105,0.002342527,0.005743023,0.00233786,0.0001098792,4.66742e-06,0.004144203,0.0,0.0,0.0
0.649,0.39611,0.1546,0.1584,0.01000927,0.00234568,0.005749816,0.002341017,0.0001100495,4.662951e-06,0.004149406,0.0,0.0,0.0
0.649,0.39608,0.1547,0.1585,0.01002143,0.002348832,0.005756605,0.002344173,0.000110222,4.658786e-06,0.004154607,0.0,0.0,0.0
0.649,0.39605,0.1548,0.1586,0.01003359,0.002351984,0.005763388,0.002347329,0.0001103966,4.654908e-06,0.004159807,0.0,0.0,0.0
0.649,0.39602,0.1549,0.1587,0.01004574,0.002355135,0.005770167,0.002350484,0.0001105731,4.651304e-06,0.004165005,0.0,0.0,0.0
0.649,0.39598,0.155,0.1588,0.01005789,0.002358286,0.005776941,0.002353638,0.0001107515,4.64796e-06,0.004170201,0.0,0.0,0.0
0.649,0.39595,0.1551,0.1589,0.01007004,0.002361436,0.005783711,0.002356791,0.0001109317,4.644865e-06,0.004175396,0.0,0.0,0.0
0.649,0.39592,0.15521,0.159,0.01008218,0.002364586,0.005790475,0.002359944,0.0001111137,4.642007e-06,0.004180588,0.0,0.0,0.0
0.649,0.39589,0.15531,0.1591,0.01009431,0.002367735,0.005797235,0.002363095,0.0001112973,4.639376e-06,0.004185779,0.0,0.0,0.0
0.649,0.39586,0.15541,0.1592,0.01010644,0.002370883,0.00580399,0.002366246,0.0001114827,4.636963e-06,0.004190969,0.0,0.0,0.0
0.649,0.39582,0.15551,0.1593,0.01011857,0.002374031,0.00581074,0.002369396,0.0001116696,4.634756e-06,0.004196156,0.0,0.0,0.0
0.649,0.39579,0.15561,0.1594,0.01013069,0.002377178,0.005817485,0.002372545,0.0001118581,4.63275e-06,0.004201342,0.0,0.0,0.0
0.649,0.39576,0.15571,0.1595,0.0101428,0.002380325,0.005824226,0.002375694,0.0001120481,4.630934e-06,0.004206526,0.0,0.0,0.0
0.649,0.39573,0.15581,0.1596,0.01015491,0.002383471,0.005830961,0.002378841,0.0001122395,4.629303e-06,0.004211708,0.0,0.0,0.0
0.649,0.3957,0.15591,0.1597,0.01016701,0.002386616,0.005837691,0.002381988,0.0001124324,4.627848e-06,0.004216888,0.0,0.0,0.0
0.649,0.39566,0.15601,0.1598,0.01017911,0.00238976,0.005844417,0.002385134,0.0001126266,4.626564e-06,0.004222066,0.0,0.0,0.0
0.649,0.39563,0.15611,0.1599,0.0101912,0.002392904,0.005851138,0.002388279,0.0001128222,4.625443e-06,0.004227242,0.0,0.0,0.0
0.649,0.3956,0.15621,0.16,0.01020329,0.002396047,0.005857853,0.002391423,0.0001130191,4.62448e-06,0.004232417,0.0,0.0,0.0
0.649,0.39557,0.15631,0.1601,0.01021537,0.00239919,0.005864564,0.002394566,0.0001132174,4.62367e-06,0.004237589,0.0,0.0,0.0
0.649,0.39554,0.15641,0.1602,0.01022745,0.002402331,0.005871269,0.002397708,0.0001134168,4.623008e-06,0.00424276,0.0,0.0,0.0
0.649,0.3955,0.15651,0.1603,0.01023952,0.002405472,0.00587797,0.00240085,0.0001136175,4.622487e-06,0.004247928,0.0,0.0,0.0
0.649,0.39547,0.15661,0.1604,0.01025158,0.002408613,0.005884665,0.00240399,0.0001138195,4.622105e-06,0.004253094,0.0,0.0,0.0
0.649,0.39544,0.15671,0.1605,0.01026364,0.002411752,0.005891356,0.00240713,0.0001140226,4.621856e-06,0.004258258,0.0,0.0,0.0
0.649,0.39541,0.15681,0.1606,0.01027569,0.00241489,0.005898041,0.002410269,0.0001142268,4.621735e-06,0.004263421,0.0,0.0,0.0
0.649,0.39538,0.15691,0.1607,0.01028773,0.002418028,0.005904721,0.002413406,0.0001144323,4.62174e-06,0.004268581,0.0,0.0,0.0
0.649,0.39534,0.15701,0.1608,0.01029977,0.002421165,0.005911396,0.002416543,0.0001146388,4.621866e-06,0.004273739,0.0,0.0,0.0
0.649,0.39531,0.15711,0.1609,0.01031181,0.002424301,0.005918066,0.002419679,0.0001148464,4.62211e-06,0.004278895,0.0,0.0,0.0
0.649,0.39528,0.15721,0.161,0.01032383,0.002427437,0.005924731,0.002422814,0.0001150552,4.622468e-06,0.004284048,0.0,0.0,0.0
0.649,0.39525,0.15731,0.1611,0.01033585,0.002430571,0.00593139,0.002425948,0.0001152649,4.622936e-06,0.0042892,0.0,0.0,0.0
0.649,0.39522,0.15741,0.1612,0.01034787,0.002433705,0.005938044,0.002429081,0.0001154758,4.623513e-06,0.004294349,0.0,0.0,0.0
0.649,0.39518,0.15751,0.1613,0.01035988,0.002436837,0.005944693,0.002432213,0.0001156877,4.624195e-06,0.004299496,0.0,0.0,0.0
0.649,0.39515,0.15761,0.1614,0.01037188,0.002439969,0.005951337,0.002435344,0.0001159006,4.624979e-06,0.004304641,0.0,0.0,0.0
0.649,0.39512,0.15771,0.1615,0.01038387,0.0024431,0.005957976,0.002438474,0.0001161145,4.625862e-06,0.004309783,0.0,0.0,0.0
0.649,0.39509,0.15781,0.1616,0.01039586,0.00244623,0.005964609,0.002441603,0.0001163293,4.626842e-06,0.004314923,0.0,0.0,0.0
0.649,0.39505,0.15791,0.1617,0.01040784,0.002449359,0.005971237,0.002444731,0.0001165452,4.627916e-06,0.004320061,0.0,0.0,0.0
0.649,0.39502,0.15801,0.1618,0.01041982,0.002452487,0.005977859,0.002447858,0.0001167621,4.629082e-06,0.004325197,0.0,0.0,0.0
0.649,0.39499,0.15811,0.1619,0.01043179,0.002455615,0.005984476,0.002450984,0.0001169799,4.630338e-06,0.00433033,0.0,0.0,0.0
0.649,0.39496,0.15821,0.162,0.01044375,0.002458741,0.005991088,0.002454109,0.0001171986,4.631681e-06,0.004335461,0.0,0.0,0.0
0.649,0.39492,0.15831,0.1621,0.0104557,0.002461866,0.005997695,0.002457233,0.0001174183,4.63311e-06,0.004340589,0.0,0.0,0.0
0.649,0.39489,0.15841,0.1622,0.01047838,0.002466436,0.006004296,0.002460356,0.0001283734,6.079815e-06,0.004345715,0.0,0.0,0.0
0.649,0.39486,0.15852,0.1623,0.01049023,0.002469537,0.006010892,0.002463478,0.0001284964,6.058843e-06,0.004350839,0.0,0.0,0.0
0.649,0.39483,0.15862,0.1624,0.01050207,0.002472638,0.006017482,0.002466599,0.0001286281,6.039454e-06,0.00435596,0.0,0.0,0.0
0.649,0.39479,0.15872,0.1625,0.01051391,0.00247574,0.006024067,0.002469719,0.0001287677,6.021489e-06,0.004361078,0.0,0.0,0.0
0.649,0.39476,0.15882,0.1626,0.01052576,0.002478842,0.006030646,0.002472837,0.0001289146,6.004812e-06,0.004366195,0.0,0.0,0.0
0.649,0.39473,0.15892,0.1627,0.0105376,0.002481944,0.00603722,0.002475955,0.000129068,5.989307e-06,0.004371308,0.0,0.0,0.0
0.649,0.3947,0.15902,0.1628,0.01054943,0.002485046,0.006043788,0.002479071,0.0001292274,5.974869e-06,0.004376419,0.0,0.0,0.0
0.649,0.39466,0.15912,0.1629,0.01056127,0.002488148,0.006050351,0.002482187,0.0001293923,5.961409e-06,0.004381527,0.0,0.0,0.0
0.649,0.39463,0.15922,0.163,0.0105731,0.00249125,0.006056908,0.002485301,0.0001295624,5.948849e-06,0.004386633,0.0,0.0,0.0
0.649,0.3946,0.15932,0.1631,0.01058493,0.002494351,0.00606346,0.002488414,0.0001297373,5.937118e-06,0.004391736,0.0,0.0,0.0
0.649,0.39457,0.15942,0.1632,0.01059676,0.002497452,0.006070006,0.002491526,0.0001299166,5.926155e-06,0.004396837,0.0,0.0,0.0
0.649,0.39453,0.15952,0.1633,0.01060858,0.002500553,0.006076546,0.002494637,0.0001301001,5.915904e-06,0.004401935,0.0,0.0,0.0
0.649,0.3945,0.15962,0.1634,0.0106204,0.002503653,0.006083081,0.002497747,0.0001302875,5.906315e-06,0.00440703,0.0,0.0,0.0
0.649,0.39447,0.15972,0.1635,0.01063221,0.002506753,0.00608961,0.002500856,0.0001304785,5.897345e-06,0.004412122,0.0,0.0,0.0
0.649,0.39444,0.15982,0.1636,0.01064402,0.002509852,0.006096134,0.002503963,0.000130673,5.888952e-06,0.004417212,0.0,0.0,0.0
0.649,0.3944,0.15992,0.1637,0.01065582,0.00251295,0.006102652,0.002507069,0.0001308708,5.881101e-06,0.004422299,0.0,0.0,0.0
0.649,0.39437,0.16002,0.1638,0.01066762,0.002516048,0.006109164,0.002510174,0.0001310716,5.873758e-06,0.004427383,0.0,0.0,0.0
0.649,0.39434,0.16012,0.1639,0.01067941,0.002519145,0.00611567,0.002513278,0.0001312754,5.866894e-06,0.004432465,0.0,0.0,0.0
0.649,0.39431,0.16022,0.164,0.0106912,0.002522242,0.006122171,0.002516381,0.000131482,5.860482e-06,0.004437543,0.0,0.0,0.0
0.649,0.39427,0.16032,0.1641,0.01070298,0.002525337,0.006128666,0.002519483,0.0001316913,5.854495e-06,0.004442619,0.0,0.0,0.0
0.649,0.39424,0.16042,0.1642,0.01071475,0.002528432,0.006135155,0.002522583,0.0001319031,5.848911e-06,0.004447692,0.0,0.0,0.0
0.649,0.39421,0.16052,0.1643,0.01072652,0.002531526,0.006141639,0.002525682,0.0001321174,5.84371e-06,0.004452762,0.0,0.0,0.0
0.649,0.39417,0.16062,0.1644,0.01073828,0.002534619,0.006148117,0.00252878,0.0001323341,5.838871e-06,0.004457829,0.0,0.0,0.0
0.649,0.39414,0.16072,0.1645,0.01075003,0.002537712,0.006154588,0.002531877,0.000132553,5.834376e-06,0.004462893,0.0,0.0,0.0
0.649,0.39411,0.16082,0.1646,0.01076178,0.002540803,0.006161054,0.002534973,0.000132774,5.830209e-06,0.004467954,0.0,0.0,0.0
0.649,0.39407,0.16092,0.1647,0.01077352,0.002543893,0.006167515,0.002538067,0.0001329972,5.826355e-06,0.004473012,0.0,0.0,0.0
0.649,0.39404,0.16102,0.1648,0.01078526,0.002546983,0.006173969,0.00254116,0.0001332224,5.822799e-06,0.004478067,0.0,0.0,0.0
0.649,0.39401,0.16112,0.1649,0.01079699,0.002550072,0.006180417,0.002544252,0.0001334495,5.819528e-06,0.004483119,0.0,0.0,0.0
0.649,0.39398,0.16122,0.165,0.01080871,0.002553159,0.00618686,0.002547343,0.0001336785,5.816529e-06,0.004488168,0.0,0.0,0.0
0.649,0.39394,0.16132,0.1651,0.01082042,0.002556246,0.006193296,0.002550432,0.0001339094,5.813792e-06,0.004493214,0.0,0.0,0.0
0.649,0.39391,0.16142,0.1652,0.01083213,0.002559331,0.006199727,0.00255352,0.0001341421,5.811304e-06,0.004498257,0.0,0.0,0.0
0.649,0.39388,0.16152,0.1653,0.01084383,0.002562416,0.006206152,0.002556607,0.0001343765,5.809056e-06,0.004503297,0.0,0.0,0.0
0.649,0.39384,0.16162,0.1654,0.01085552,0.002565499,0.006212571,0.002559692,0.0001346125,5.807039e-06,0.004508334,0.0,0.0,0.0
0.649,0.39381,0.16173,0.1655,0.0108672,0.002568581,0.006218983,0.002562776,0.0001348502,5.805243e-06,0.004513367,0.0,0.0,0.0
0.649,0.39378,0.16183,0.1656,0.01087888,0.002571663,0.00622539,0.002565859,0.0001350895,5.803661e-06,0.004518398,0.0,0.0,0.0
0.649,0.39374,0.16193,0.1657,0.01089055,0.002574743,0.006231791,0.002568941,0.0001353304,5.802284e-06,0.004523425,0.0,0.0,0.0
0.649,0.39371,0.16203,0.1658,0.01090221,0.002577822,0.006238185,0.002572021,0.0001355728,5.801104e-06,0.004528449,0.0,0.0,0.0
0.649,0.39368,0.16213,0.1659,0.01091386,0.0025809,0.006244574,0.0025751,0.0001358166,5.800116e-06,0.004533469,0.0,0.0,0.0
0.649,0.39365,0.16223,0.166,0.01092551,0.002583977,0.006250956,0.002578177,0.000136062,5.799312e-06,0.004538487,0.0,0.0,0.0
0.649,0.39361,0.16233,0.1661,0.01093714,0.002587052,0.006257333,0.002581254,0.0001363087,5.798687e-06,0.004543501,0.0,0.0,0.0
0.649,0.39358,0.16243,0.1662,0.01094877,0.002590127,0.006263703,0.002584329,0.0001365569,5.798233e-06,0.004548512,0.0,0.0,0.0
0.649,0.39355,0.16253,0.1663,0.01096039,0.0025932,0.006270067,0.002587402,0.0001368064,5.797946e-06,0.004553519,0.0,0.0,0.0
0.649,0.39351,0.16263,0.1664,0.01097201,0.002596272,0.006276425,0.002590474,0.0001370573,5.79782e-06,0.004558523,0.0,0.0,0.0
0.649,0.39348,0.16273,0.1665,0.01098361,0.002599343,0.006282777,0.002593545,0.0001373095,5.797851e-06,0.004563524,0.0,0.0,0.0
0.649,0.39345,0.16283,0.1666,0.01099521,0.002602413,0.006289123,0.002596614,0.0001375629,5.798033e-06,0.004568521,0.0,0.0,0.0
0.649,0.39341,0.16293,0.1667,0.0110068,0.002605481,0.006295462,0.002599683,0.0001378177,5.798362e-06,0.004573515,0.0,0.0,0.0
0.649,0.39338,0.16303,0.1668,0.01101837,0.002608548,0.006301796,0.002602749,0.0001380737,5.798834e-06,0.004578506,0.0,0.0,0.0
0.649,0.39335,0.16313,0.1669,0.01102995,0.002611614,0.006308123,0.002605814,0.0001383309,5.799445e-06,0.004583493,0.0,0.0,0.0
0.649,0.39331,0.16323,0.167,0.01104151,0.002614678,0.006314443,0.002608878,0.0001385894,5.80019e-06,0.004588476,0.0,0.0,0.0
0.649,0.39328,0.16333,0.1671,0.01105306,0.002617742,0.006320758,0.002611941,0.0001388491,5.801066e-06,0.004593456,0.0,0.0,0.0
0.649,0.39325,0.16343,0.1672,0.01106461,0.002620804,0.006327066,0.002615002,0.0001391099,5.80207e-06,0.004598432,0.0,0.0,0.0
0.649,0.39321,0.16353,0.1673,0.01107614,0.002623865,0.006333368,0.002618061,0.0001393719,5.803197e-06,0.004603405,0.0,0.0,0.0
0.649,0.39318,0.16363,0.1674,0.01108767,0.002626924,0.006339663,0.002621119,0.0001396351,5.804445e-06,0.004608374,0.0,0.0,0.0
0.649,0.39314,0.16373,0.1675,0.01109919,0.002629982,0.006345953,0.002624176,0.0001398993,5.805811e-06,0.00461334,0.0,0.0,0.0
0.649,0.39311,0.16383,0.1676,0.0111107,0.002633039,0.006352236,0.002627231,0.0001401648,5.807292e-06,0.004618302,0.0,0.0,0.0
0.649,0.39308,0.16393,0.1677,0.0111222,0.002636094,0.006358512,0.002630285,0.0001404313,5.808884e-06,0.00462326,0.0,0.0,0.0
0.649,0.39304,0.16403,0.1678,0.0111337,0.002639148,0.006364782,0.002633338,0.0001406989,5.810586e-06,0.004628215,0.0,0.0,0.0
0.649,0.39301,0.16413,0.1679,0.01114518,0.002642201,0.006371046,0.002636388,0.0001409676,5.812394e-06,0.004633166,0.0,0.0,0.0
0.649,0.39298,0.16423,0.168,0.01116852,0.00264701,0.006377303,0.002639438,0.0001531024,7.572051e-06,0.004638113,0.0,0.0,0.0
0.649,0.39294,0.16433,0.1681,0.01117987,0.002650032,0.006383554,0.002642486,0.0001532643,7.546237e-06,0.004643057,0.0,0.0,0.0
0.649,0.39291,0.16443,0.1682,0.01119123,0.002653055,0.006389799,0.002645532,0.000153436,7.522385e-06,0.004647996,0.0,0.0,0.0
0.649,0.39288,0.16453,0.1683,0.01120259,0.002656077,0.006396037,0.002648577,0.0001536166,7.500299e-06,0.004652932,0.0,0.0,0.0
0.649,0.39284,0.16463,0.1684,0.01121394,0.0026591,0.006402268,0.00265162,0.0001538052,7.479808e-06,0.004657864,0.0,0.0,0.0
0.649,0.39281,0.16473,0.1685,0.01122529,0.002662123,0.006408493,0.002654662,0.0001540013,7.460767e-06,0.004662792,0.0,0.0,0.0
0.649,0.39278,0.16484,0.1686,0.01123663,0.002665146,0.006414711,0.002657703,0.0001542041,7.443047e-06,0.004667717,0.0,0.0,0.0
0.649,0.39274,0.16494,0.1687,0.01124797,0.002668168,0.006420923,0.002660741,0.0001544131,7.426537e-06,0.004672637,0.0,0.0,0.0
0.649,0.39271,0.16504,0.1688,0.01125931,0.00267119,0.006427129,0.002663779,0.0001546279,7.411138e-06,0.004677554,0.0,0.0,0.0
0.649,0.39267,0.16514,0.1689,0.01127064,0.002674211,0.006433327,0.002666814,0.000154848,7.396765e-06,0.004682467,0.0,0.0,0.0
0.649,0.39264,0.16524,0.169,0.01128197,0.002677232,0.00643952,0.002669849,0.0001550731,7.38334e-06,0.004687375,0.0,0.0,0.0
0.649,0.39261,0.16534,0.1691,0.01129329,0.002680252,0.006445705,0.002672881,0.0001553029,7.370794e-06,0.00469228,0.0,0.0,0.0
0.649,0.39257,0.16544,0.1692,0.0113046,0.002683271,0.006451884,0.002675912,0.0001555371,7.359067e-06,0.004697181,0.0,0.0,0.0
0.649,0.39254,0.16554,0.1693,0.01131591,0.00268629,0.006458056,0.002678942,0.0001557753,7.348102e-06,0.004702078,0.0,0.0,0.0
0.649,0.3925,0.16564,0.1694,0.01132721,0.002689307,0.006464222,0.00268197,0.0001560175,7.337851e-06,0.00470697,0.0,0.0,0.0
0.649,0.39247,0.16574,0.1695,0.0113385,0.002692324,0.006470381,0.002684996,0.0001562634,7.328267e-06,0.004711859,0.0,0.0,0.0
0.649,0.39244,0.16584,0.1696,0.01134979,0.00269534,0.006476533,0.002688021,0.0001565127,7.319311e-06,0.004716743,0.0,0.0,0.0
0.649,0.3924,0.16594,0.1697,0.01136107,0.002698355,0.006482679,0.002691044,0.0001567653,7.310945e-06,0.004721624,0.0,0.0,0.0
0.649,0.39237,0.16604,0.1698,0.01137234,0.002701368,0.006488818,0.002694065,0.0001570211,7.303136e-06,0.0047265,0.0,0.0,0.0
0.649,0.39233,0.16614,0.1699,0.0113836,0.002704381,0.00649495,0.002697085,0.00015728,7.295851e-06,0.004731372,0.0,0.0,0.0
0.649,0.3923,0.16624,0.17,0.01139486,0.002707392,0.006501075,0.002700103,0.0001575416,7.289064e-06,0.00473624,0.0,0.0,0.0
0.649,0.39227,0.16634,0.1701,0.0114061,0.002710403,0.006507194,0.00270312,0.0001578061,7.282747e-06,0.004741104,0.0,0.0,0.0
0.649,0.39223,0.16644,0.1702,0.01141734,0.002713412,0.006513305,0.002706135,0.0001580732,7.276877e-06,0.004745963,0.0,0.0,0.0
0.649,0.3922,0.16654,0.1703,0.01142857,0.002716419,0.00651941,0.002709148,0.0001583429,7.271432e-06,0.004750819,0.0,0.0,0.0
0.649,0.39216,0.16664,0.1704,0.01143979,0.002719426,0.006525509,0.00271216,0.000158615,7.26639e-06,0.00475567,0.0,0.0,0.0
0.649,0.39213,0.16674,0.1705,0.01145101,0.002722431,0.0065316,0.00271517,0.0001588895,7.261734e-06,0.004760516,0.0,0.0,0.0
0.649,0.3921,0.16684,0.1706,0.01146221,0.002725435,0.006537684,0.002718178,0.0001591662,7.257444e-06,0.004765359,0.0,0.0,0.0
0.649,0.39206,0.16694,0.1707,0.0114734,0.002728438,0.006543762,0.002721185,0.0001594452,7.253506e-06,0.004770197,0.0,0.0,0.0
0.649,0.39203,0.16704,0.1708,0.01148459,0.002731439,0.006549833,0.00272419,0.0001597263,7.249903e-06,0.00477503,0.0,0.0,0.0
0.649,0.39199,0.16714,0.1709,0.01149577,0.002734439,0.006555896,0.002727193,0.0001600095,7.246621e-06,0.00477986,0.0,0.0,0.0
0.649,0.39196,0.16724,0.171,0.01150693,0.002737438,0.006561953,0.002730194,0.0001602947,7.243648e-06,0.004784685,0.0,0.0,0.0
0.649,0.39193,0.16734,0.1711,0.01151809,0.002740435,0.006568003,0.002733194,0.0001605819,7.240969e-06,0.004789505,0.0,0.0,0.0
0.649,0.39189,0.16744,0.1712,0.01152924,0.002743431,0.006574046,0.002736192,0.000160871,7.238575e-06,0.004794321,0.0,0.0,0.0
0.649,0.39186,0.16754,0.1713,0.01154038,0.002746425,0.006580082,0.002739189,0.000161162,7.236453e-06,0.004799132,0.0,0.0,0.0
0.649,0.39182,0.16764,0.1714,0.01155151,0.002749418,0.006586111,0.002742183,0.0001614547,7.234593e-06,0.004803939,0.0,0.0,0.0
0.649,0.39179,0.16774,0.1715,0.01156262,0.002752409,0.006592133,0.002745176,0.0001617493,7.232987e-06,0.004808742,0.0,0.0,0.0
0.649,0.39175,0.16784,0.1716,0.01157373,0.002755399,0.006598148,0.002748167,0.0001620455,7.231624e-06,0.00481354,0.0,0.0,0.0
0.649,0.39172,0.16795,0.1717,0.01158483,0.002758387,0.006604156,0.002751157,0.0001623435,7.230496e-06,0.004818333,0.0,0.0,0.0
0.649,0.39169,0.16805,0.1718,0.01159592,0.002761374,0.006610157,0.002754145,0.0001626431,7.229594e-06,0.004823122,0.0,0.0,0.0
0.649,0.39165,0.16815,0.1719,0.011607,0.002764359,0.006616151,0.00275713,0.0001629444,7.228912e-06,0.004827906,0.0,0.0,0.0
0.649,0.39162,0.16825,0.172,0.01161807,0.002767343,0.006622138,0.002760115,0.0001632472,7.228442e-06,0.004832685,0.0,0.0,0.0
0.649,0.39158,0.16835,0.1721,0.01162913,0.002770325,0.006628117,0.002763097,0.0001635516,7.228177e-06,0.00483746,0.0,0.0,0.0
0.649,0.39155,0.16845,0.1722,0.01164018,0.002773306,0.00663409,0.002766077,0.0001638575,7.22811e-06,0.00484223,0.0,0.0,0.0
0.649,0.39151,0.16855,0.1723,0.01165122,0.002776284,0.006640055,0.002769056,0.0001641649,7.228236e-06,0.004846996,0.0,0.0,0.0
0.649,0.39148,0.16865,0.1724,0.01166224,0.002779262,0.006646014,0.002772033,0.0001644739,7.228548e-06,0.004851756,0.0,0.0,0.0
0.649,0.39144,0.16875,0.1725,0.01167326,0.002782237,0.006651965,0.002775008,0.0001647842,7.229041e-06,0.004856512,0.0,0.0,0.0
0.649,0.39141,0.16885,0.1726,0.01168427,0.002785211,0.006657909,0.002777982,0.000165096,7.22971e-06,0.004861263,0.0,0.0,0.0
0.649,0.39138,0.16895,0.1727,0.01169526,0.002788184,0.006663845,0.002780953,0.0001654092,7.230549e-06,0.00486601,0.0,0.0,0.0
0.649,0.39134,0.16905,0.1728,0.01170625,0.002791154,0.006669775,0.002783923,0.0001657238,7.231554e-06,0.004870751,0.0,0.0,0.0
0.649,0.39131,0.16915,0.1729,0.01171722,0.002794123,0.006675697,0.002786891,0.0001660398,7.23272e-06,0.004875488,0.0,0.0,0.0
0.649,0.39127,0.16925,0.173,0.01172819,0.002797091,0.006681612,0.002789857,0.0001663571,7.234042e-06,0.00488022,0.0,0.0,0.0
0.649,0.39124,0.16935,0.1731,0.01173914,0.002800056,0.00668752,0.002792821,0.0001666758,7.235517e-06,0.004884947,0.0,0.0,0.0
0.649,0.3912,0.16945,0.1732,0.01175008,0.00280302,0.00669342,0.002795783,0.0001669957,7.237141e-06,0.004889669,0.0,0.0,0.0
0.649,0.39117,0.16955,0.1733,0.01176102,0.002805982,0.006699313,0.002798743,0.000167317,7.238909e-06,0.004894386,0.0,0.0,0.0
0.649,0.39113,0.16965,0.1734,0.01177194,0.002808943,0.006705199,0.002801702,0.0001676396,7.240819e-06,0.004899098,0.0,0.0,0.0
0.649,0.3911,0.16975,0.1735,0.01178285,0.002811901,0.006711078,0.002804658,0.0001679634,7.242866e-06,0.004903805,0.0,0.0,0.0
0.649,0.39106,0.16985,0.1736,0.01179374,0.002814858,0.006716949,0.002807613,0.0001682885,7.245047e-06,0.004908507,0.0,0.0,0.0
0.649,0.39103,0.16995,0.1737,0.01180463,0.002817813,0.006722813,0.002810566,0.0001686148,7.247359e-06,0.004913204,0.0,0.0,0.0
0.649,0.39099,0.17005,0.1738,0.01182853,0.002822882,0.006728669,0.002813517,0.0001819663,9.365136e-06,0.004917896,0.0,0.0,0.0
0.649,0.39096,0.17015,0.1739,0.01183928,0.0028258,0.006734518,0.002816466,0.0001821784,9.334305e-06,0.004922583,0.0,0.0,0.0
0.649,0.39093,0.17025,0.174,0.01185003,0.002828719,0.00674036,0.002819413,0.000182401,9.305816e-06,0.004927264,0.0,0.0,0.0
0.649,0.39089,0.17035,0.1741,0.01186077,0.002831638,0.006746194,0.002822358,0.0001826333,9.279435e-06,0.004931941,0.0,0.0,0.0
0.649,0.39086,0.17045,0.1742,0.01187151,0.002834556,0.006752021,0.002825301,0.0001828743,9.254961e-06,0.004936612,0.0,0.0,0.0
0.649,0.39082,0.17055,0.1743,0.01188224,0.002837475,0.00675784,0.002828243,0.0001831233,9.23222e-06,0.004941279,0.0,0.0,0.0
0.649,0.39079,0.17065,0.1744,0.01189297,0.002840393,0.006763652,0.002831182,0.0001833797,9.211061e-06,0.00494594,0.0,0.0,0.0
0.649,0.39075,0.17075,0.1745,0.01190369,0.002843311,0.006769456,0.002834119,0.0001836429,9.191351e-06,0.004950596,0.0,0.0,0.0
0.649,0.39072,0.17085,0.1746,0.01191441,0.002846228,0.006775253,0.002837055,0.0001839123,9.172974e-06,0.004955246,0.0,0.0,0.0
0.649,0.39068,0.17096,0.1747,0.01192512,0.002849144,0.006781042,0.002839988,0.0001841876,9.155827e-06,0.004959892,0.0,0.0,0.0
0.649,0.39065,0.17106,0.1748,0.01193582,0.002852059,0.006786824,0.002842919,0.0001844684,9.139817e-06,0.004964532,0.0,0.0,0.0
0.649,0.39061,0.17116,0.1749,0.01194652,0.002854974,0.006792598,0.002845849,0.0001847543,9.124864e-06,0.004969167,0.0,0.0,0.0
0.649,0.39058,0.17126,0.175,0.01195721,0.002857887,0.006798365,0.002848776,0.000185045,9.110894e-06,0.004973796,0.0,0.0,0.0
0.649,0.39054,0.17136,0.1751,0.01196788,0.0028608,0.006804124,0.002851702,0.0001853402,9.09784e-06,0.00497842,0.0,0.0,0.0
0.649,0.39051,0.17146,0.1752,0.01197855,0.002863711,0.006809876,0.002854625,0.0001856396,9.085644e-06,0.004983039,0.0,0.0,0.0
0.649,0.39047,0.17156,0.1753,0.01198921,0.002866621,0.006815619,0.002857547,0.0001859432,9.074252e-06,0.004987652,0.0,0.0,0.0
0.649,0.39044,0.17166,0.1754,0.01199987,0.00286953,0.006821356,0.002860466,0.0001862505,9.063615e-06,0.00499226,0.0,0.0,0.0
0.649,0.3904,0.17176,0.1755,0.01201051,0.002872437,0.006827084,0.002863383,0.0001865615,9.053688e-06,0.004996862,0.0,0.0,0.0
0.649,0.39037,0.17186,0.1756,0.01202114,0.002875343,0.006832805,0.002866299,0.000186876,9.044431e-06,0.005001459,0.0,0.0,0.0
0.649,0.39033,0.17196,0.1757,0.01203176,0.002878248,0.006838518,0.002869212,0.0001871938,9.035808e-06,0.005006051,0.0,0.0,0.0
0.649,0.3903,0.17206,0.1758,0.01204238,0.002881151,0.006844224,0.002872123,0.0001875148,9.027783e-06,0.005010637,0.0,0.0,0.0
0.649,0.39026,0.17216,0.1759,0.01205298,0.002884053,0.006849921,0.002875032,0.0001878389,9.020326e-06,0.005015217,0.0,0.0,0.0
0.649,0.39023,0.17226,0.176,0.01206357,0.002886953,0.006855612,0.002877939,0.0001881659,9.013408e-06,0.005019792,0.0,0.0,0.0
0.649,0.39019,0.17236,0.1761,0.01207415,0.002889851,0.006861294,0.002880844,0.0001884957,9.007002e-06,0.005024361,0.0,0.0,0.0
0.649,0.39015,0.17246,0.1762,0.01208472,0.002892748,0.006866968,0.002883747,0.0001888283,9.001083e-06,0.005028924,0.0,0.0,0.0
0.649,0.39012,0.17256,0.1763,0.01209528,0.002895644,0.006872635,0.002886648,0.0001891635,8.995629e-06,0.005033482,0.0,0.0,0.0
0.649,0.39008,0.17266,0.1764,0.01210583,0.002898537,0.006878294,0.002889547,0.0001895012,8.990618e-06,0.005038035,0.0,0.0,0.0
0.649,0.39005,0.17276,0.1765,0.01211637,0.002901429,0.006883945,0.002892443,0.0001898414,8.986032e-06,0.005042581,0.0,0.0,0.0
0.649,0.39001,0.17286,0.1766,0.01212689,0.00290432,0.006889589,0.002895338,0.000190184,8.98185e-06,0.005047122,0.0,0.0,0.0
0.649,0.38998,0.17296,0.1767,0.01213741,0.002907208,0.006895224,0.00289823,0.0001905289,8.978057e-06,0.005051657,0.0,0.0,0.0
0.649,0.38994,0.17306,0.1768,0.01214791,0.002910095,0.006900852,0.00290112,0.0001908761,8.974636e-06,0.005056187,0.0,0.0,0.0
0.649,0.38991,0.17316,0.1769,0.01215841,0.00291298,0.006906471,0.002904008,0.0001912254,8.971572e-06,0.00506071,0.0,0.0,0.0
0.649,0.38987,0.17326,0.177,0.01216889,0.002915863,0.006912083,0.002906894,0.0001915769,8.968851e-06,0.005065228,0.0,0.0,0.0
0.649,0.38984,0.17336,0.1771,0.01217936,0.002918745,0.006917687,0.002909778,0.0001919304,8.96646e-06,0.00506974,0.0,0.0,0.0
0.649,0.3898,0.17346,0.1772,0.01218982,0.002921624,0.006923283,0.00291266,0.000192286,8.964386e-06,0.005074246,0.0,0.0,0.0
0.649,0.38977,0.17356,0.1773,0.01220026,0.002924502,0.006928871,0.002915539,0.0001926436,8.962618e-06,0.005078747,0.0,0.0,0.0
0.649,0.38973,0.17366,0.1774,0.0122107,0.002927378,0.006934451,0.002918417,0.0001930031,8.961145e-06,0.005083241,0.0,0.0,0.0
0.649,0.38969,0.17376,0.1775,0.01222112,0.002930252,0.006940024,0.002921292,0.0001933646,8.959957e-06,0.005087729,0.0,0.0,0.0
0.649,0.38966,0.17387,0.1776,0.01223153,0.002933124,0.006945588,0.002924165,0.0001937279,8.959043e-06,0.005092212,0.0,0.0,0.0
0.649,0.38962,0.17397,0.1777,0.01224193,0.002935994,0.006951144,0.002927035,0.000194093,8.958394e-06,0.005096688,0.0,0.0,0.0
0.649,0.38959,0.17407,0.1778,0.01225231,0.002938862,0.006956692,0.002929904,0.0001944598,8.958002e-06,0.005101159,0.0,0.0,0.0
0.649,0.38955,0.17417,0.1779,0.01226268,0.002941728,0.006962232,0.00293277,0.0001948285,8.957859e-06,0.005105624,0.0,0.0,0.0
0.649,0.38952,0.17427,0.178,0.01227305,0.002944592,0.006967764,0.002935634,0.0001951989,8.957955e-06,0.005110082,0.0,0.0,0.0
0.649,0.38948,0.17437,0.1781,0.01228339,0.002947454,0.006973288,0.002938496,0.0001955709,8.958285e-06,0.005114535,0.0,0.0,0.0
0.649,0.38945,0.17447,0.1782,0.01229373,0.002950314,0.006978804,0.002941356,0.0001959447,8.958841e-06,0.005118981,0.0,0.0,0.0
0.649,0.38941,0.17457,0.1783,0.01230405,0.002953172,0.006984312,0.002944213,0.0001963201,8.959616e-06,0.005123421,0.0,0.0,0.0
0.649,0.38937,0.17467,0.1784,0.01231436,0.002956029,0.006989812,0.002947068,0.0001966971,8.960604e-06,0.005127856,0.0,0.0,0.0
0.649,0.38934,0.17477,0.1785,0.01232466,0.002958883,0.006995303,0.002949921,0.0001970756,8.961798e-06,0.005132284,0.0,0.0,0.0
0.649,0.3893,0.17487,0.1786,0.01233495,0.002961735,0.007000787,0.002952771,0.0001974558,8.963193e-06,0.005136705,0.0,0.0,0.0
0.649,0.38927,0.17497,0.1787,0.01234522,0.002964584,0.007006262,0.00295562,0.0001978375,8.964784e-06,0.005141121,0.0,0.0,0.0
0.649,0.38923,0.17507,0.1788,0.01235548,0.002967432,0.007011729,0.002958466,0.0001982207,8.966565e-06,0.005145531,0.0,0.0,0.0
0.649,0.3892,0.17517,0.1789,0.01236573,0.002970278,0.007017188,0.002961309,0.0001986055,8.96853e-06,0.005149934,0.0,0.0,0.0
0.649,0.38916,0.17527,0.179,0.01237596,0.002973122,0.007022639,0.002964151,0.0001989917,8.970676e-06,0.005154331,0.0,0.0,0.0
0.649,0.38912,0.17537,0.1791,0.01238618,0.002975963,0.007028081,0.00296699,0.0001993794,8.972998e-06,0.005158721,0.0,0.0,0.0
0.649,0.38909,0.17547,0.1792,0.01239639,0.002978802,0.007033515,0.002969827,0.0001997686,8.97549e-06,0.005163106,0.0,0.0,0.0
0.649,0.38905,0.17557,0.1793,0.01240658,0.002981639,0.007038941,0.002972661,0.0002001592,8.97815e-06,0.005167484,0.0,0.0,0.0
0.649,0.38902,0.17567,0.1794,0.01241677,0.002984474,0.007044359,0.002975493,0.0002005512,8.980973e-06,0.005171855,0.0,0.0,0.0
0.649,0.38898,0.17577,0.1795,0.01242693,0.002987307,0.007049768,0.002978323,0.0002009447,8.983954e-06,0.005176221,0.0,0.0,0.0
0.649,0.38894,0.17587,0.1796,0.01245129,0.002992657,0.007055169,0.002981151,0.0002155388,1.150651e-05,0.00518058,0.0,0.0,0.0
0.649,0.38891,0.17597,0.1797,0.01246131,0.002995447,0.007060562,0.002983976,0.0002158136,1.147076e-05,0.005184932,0.0,0.0,0.0
0.649,0.38887,0.17607,0.1798,0.01247132,0.002998236,0.007065947,0.002986799,0.0002160996,1.14377e-05,0.005189278,0.0,0.0,0.0
0.649,0.38884,0.17617,0.1799,0.01248134,0.003001026,0.007071323,0.002989619,0.0002163957,1.140707e-05,0.005193618,0.0,0.0,0.0
0.649,0.3888,0.17627,0.18,0.01249134,0.003003816,0.00707669,0.002992437,0.000216701,1.137864e-05,0.005197951,0.0,0.0,0.0
0.649,0.38876,0.17637,0.1801,0.01250134,0.003006605,0.00708205,0.002995253,0.0002170147,1.135222e-05,0.005202277,0.0,0.0,0.0
0.649,0.38873,0.17647,0.1802,0.01251133,0.003009394,0.007087401,0.002998066,0.0002173362,1.132763e-05,0.005206597,0.0,0.0,0.0
0.649,0.38869,0.17657,0.1803,0.01252132,0.003012182,0.007092743,0.003000877,0.0002176649,1.130473e-05,0.005210911,0.0,0.0,0.0
0.649,0.38866,0.17667,0.1804,0.0125313,0.003014969,0.007098077,0.003003685,0.0002180003,1.128337e-05,0.005215218,0.0,0.0,0.0
0.649,0.38862,0.17677,0.1805,0.01254126,0.003017755,0.007103403,0.003006491,0.0002183419,1.126345e-05,0.005219518,0.0,0.0,0.0
0.649,0.38858,0.17688,0.1806,0.01255122,0.00302054,0.00710872,0.003009295,0.0002186894,1.124486e-05,0.005223811,0.0,0.0,0.0
0.649,0.38855,0.17698,0.1807,0.01256117,0.003023324,0.007114029,0.003012096,0.0002190423,1.12275e-05,0.005228098,0.0,0.0,0.0
0.649,0.38851,0.17708,0.1808,0.01257111,0.003026106,0.007119329,0.003014895,0.0002194003,1.121129e-05,0.005232379,0.0,0.0,0.0
0.649,0.38848,0.17718,0.1809,0.01258104,0.003028888,0.007124621,0.003017691,0.0002197632,1.119616e-05,0.005236652,0.0,0.0,0.0
0.649,0.38844,0.17728,0.181,0.01259095,0.003031667,0.007129904,0.003020485,0.0002201307,1.118203e-05,0.005240919,0.0,0.0,0.0
0.649,0.3884,0.17738,0.1811,0.01260086,0.003034446,0.007135178,0.003023277,0.0002205026,1.116885e-05,0.005245179,0.0,0.0,0.0
0.649,0.38837,0.17748,0.1812,0.01261076,0.003037222,0.007140444,0.003026066,0.0002208786,1.115655e-05,0.005249433,0.0,0.0,0.0
0.649,0.38833,0.17758,0.1813,0.01262064,0.003039997,0.007145702,0.003028852,0.0002212586,1.114509e-05,0.005253679,0.0,0.0,0.0
0.649,0.3883,0.17768,0.1814,0.01263051,0.003042771,0.007150951,0.003031636,0.0002216423,1.113441e-05,0.005257919,0.0,0.0,0.0
0.649,0.38826,0.17778,0.1815,0.01264037,0.003045542,0.007156191,0.003034418,0.0002220296,1.112449e-05,0.005262152,0.0,0.0,0.0
0.649,0.38822,0.17788,0.1816,0.01265022,0.003048312,0.007161423,0.003037197,0.0002224204,1.111527e-05,0.005266378,0.0,0.0,0.0
0.649,0.38819,0.17798,0.1817,0.01266006,0.00305108,0.007166646,0.003039973,0.0002228145,1.110672e-05,0.005270597,0.0,0.0,0.0
0.649,0.38815,0.17808,0.1818,0.01266988,0.003053846,0.00717186,0.003042747,0.0002232119,1.10988e-05,0.005274809,0.0,0.0,0.0
0.649,0.38811,0.17818,0.1819,0.01267969,0.00305661,0.007177066,0.003045519,0.0002236123,1.109149e-05,0.005279015,0.0,0.0,0.0
0.649,0.38808,0.17828,0.182,0.01268949,0.003059372,0.007182263,0.003048288,0.0002240157,1.108476e-05,0.005283213,0.0,0.0,0.0
0.649,0.38804,0.17838,0.1821,0.01269928,0.003062133,0.007187451,0.003051054,0.0002244219,1.107858e-05,0.005287404,0.0,0.0,0.0
0.649,0.388,0.17848,0.1822,0.01270905,0.003064891,0.00719263,0.003053818,0.000224831,1.107292e-05,0.005291589,0.0,0.0,0.0
0.649,0.38797,0.17858,0.1823,0.01271881,0.003067647,0.007197801,0.003056579,0.0002252427,1.106777e-05,0.005295766,0.0,0.0,0.0
0.649,0.38793,0.17868,0.1824,0.01272856,0.003070401,0.007202963,0.003059338,0.0002256571,1.106309e-05,0.005299937,0.0,0.0,0.0
0.649,0.38789,0.17878,0.1825,0.01273829,0.003073153,0.007208117,0.003062094,0.000226074,1.105888e-05,0.0053041,0.0,0.0,0.0
0.649,0.38786,0.17888,0.1826,0.01274801,0.003075903,0.007213261,0.003064848,0.0002264934,1.105511e-05,0.005308256,0.0,0.0,0.0
0.649,0.38782,0.17898,0.1827,0.01275772,0.003078651,0.007218397,0.003067599,0.0002269152,1.105176e-05,0.005312405,0.0,0.0,0.0
0.649,0.38779,0.17908,0.1828,0.01276741,0.003081396,0.007223524,0.003070347,0.0002273394,1.104882e-05,0.005316547,0.0,0.0,0.0
0.649,0.38775,0.17918,0.1829,0.01277709,0.003084139,0.007228642,0.003073093,0.0002277659,1.104627e-05,0.005320682,0.0,0.0,0.0
0.649,0.38771,0.17928,0.183,0.01278676,0.003086881,0.007233751,0.003075836,0.0002281946,1.10441e-05,0.005324809,0.0,0.0,0.0
0.649,0.38768,0.17938,0.1831,0.01279641,0.003089619,0.007238852,0.003078577,0.0002286255,1.10423e-05,0.00532893,0.0,0.0,0.0
0.649,0.38764,0.17948,0.1832,0.01280604,0.003092356,0.007243943,0.003081315,0.0002290586,1.104084e-05,0.005333043,0.0,0.0,0.0
0.649,0.3876,0.17958,0.1833,0.01281567,0.00309509,0.007249026,0.00308405,0.0002294937,1.103973e-05,0.005337149,0.0,0.0,0.0
0.649,0.38757,0.17969,0.1834,0.01282528,0.003097822,0.0072541,0.003086783,0.0002299309,1.103894e-05,0.005341248,0.0,0.0,0.0
0.649,0.38753,0.17979,0.1835,0.01283487,0.003100552,0.007259164,0.003089513,0.0002303702,1.103846e-05,0.005345339,0.0,0.0,0.0
0.649,0.38749,0.17989,0.1836,0.01284446,0.003103279,0.00726422,0.003092241,0.0002308114,1.10383e-05,0.005349423,0.0,0.0,0.0
0.649,0.38746,0.17999,0.1837,0.01285402,0.003106004,0.007269267,0.003094966,0.0002312546,1.103842e-05,0.0053535,0.0,0.0,0.0
0.649,0.38742,0.18009,0.1838,0.01286357,0.003108726,0.007274305,0.003097688,0.0002316997,1.103884e-05,0.005357569,0.0,0.0,0.0
0.649,0.38738,0.18019,0.1839,0.01287311,0.003111447,0.007279334,0.003100407,0.0002321467,1.103953e-05,0.005361631,0.0,0.0,0.0
0.649,0.38735,0.18029,0.184,0.01288264,0.003114164,0.007284354,0.003103124,0.0002325955,1.10405e-05,0.005365686,0.0,0.0,0.0
0.649,0.38731,0.18039,0.1841,0.01289214,0.00311688,0.007289365,0.003105838,0.0002330462,1.104172e-05,0.005369733,0.0,0.0,0.0
0.649,0.38727,0.18049,0.1842,0.01290164,0.003119592,0.007294367,0.003108549,0.0002334987,1.10432e-05,0.005373773,0.0,0.0,0.0
0.649,0.38723,0.18059,0.1843,0.01291112,0.003122303,0.00729936,0.003111258,0.0002339529,1.104493e-05,0.005377805,0.0,0.0,0.0
0.649,0.3872,0.18069,0.1844,0.01292058,0.003125011,0.007304344,0.003113964,0.0002344089,1.10469e-05,0.00538183,0.0,0.0,0.0
0.649,0.38716,0.18079,0.1845,0.01293003,0.003127716,0.007309318,0.003116667,0.0002348667,1.10491e-05,0.005385847,0.0,0.0,0.0
0.649,0.38712,0.18089,0.1846,0.01293947,0.003130419,0.007314284,0.003119368,0.0002353261,1.105153e-05,0.005389857,0.0,0.0,0.0
0.649,0.38709,0.18099,0.1847,0.01294889,0.003133119,0.00731924,0.003122065,0.0002357873,1.105418e-05,0.005393859,0.0,0.0,0.0
0.649,0.38705,0.18109,0.1848,0.01295829,0.003135817,0.007324188,0.00312476,0.0002362501,1.105704e-05,0.005397854,0.0,0.0,0.0
0.649,0.38701,0.18119,0.1849,0.01296768,0.003138513,0.007329126,0.003127453,0.0002367145,1.106011e-05,0.005401841,0.0,0.0,0.0
0.649,0.38698,0.18129,0.185,0.01297706,0.003141205,0.007334055,0.003130142,0.0002371806,1.106339e-05,0.00540582,0.0,0.0,0.0
0.649,0.38694,0.18139,0.1851,0.01298641,0.003143896,0.007338975,0.003132829,0.0002376483,1.106687e-05,0.005409792,0.0,0.0,0.0
0.649,0.3869,0.18149,0.1852,0.01299576,0.003146583,0.007343886,0.003135513,0.0002381176,1.107055e-05,0.005413756,0.0,0.0,0.0
0.649,0.38686,0.18159,0.1853,0.0130206,0.003152287,0.007348787,0.003138194,0.0002541022,1.409315e-05,0.005417712,0.0,0.0,0.0
0.649,0.38683,0.18169,0.1854,0.01302978,0.003154922,0.007353679,0.003140872,0.0002544415,1.404954e-05,0.005421661,0.0,0.0,0.0
0.649,0.38679,0.18179,0.1855,0.01303896,0.003157557,0.007358562,0.003143548,0.0002547932,1.400925e-05,0.005425602,0.0,0.0,0.0
0.649,0.38675,0.18189,0.1856,0.01304813,0.003160192,0.007363436,0.00314622,0.0002551561,1.397194e-05,0.005429535,0.0,0.0,0.0
0.649,0.38672,0.18199,0.1857,0.01305729,0.003162828,0.007368301,0.00314889,0.0002555293,1.393734e-05,0.00543346,0.0,0.0,0.0
0.649,0.38668,0.18209,0.1858,0.01306645,0.003165463,0.007373156,0.003151557,0.000255912,1.390521e-05,0.005437378,0.0,0.0,0.0
0.649,0.38664,0.18219,0.1859,0.01307559,0.003168097,0.007378002,0.003154222,0.0002563033,1.387532e-05,0.005441287,0.0,0.0,0.0
0.649,0.38661,0.18229,0.186,0.01308473,0.003170731,0.007382838,0.003156883,0.0002567026,1.38475e-05,0.005445189,0.0,0.0,0.0
0.649,0.38657,0.18239,0.1861,0.01309386,0.003173363,0.007387665,0.003159542,0.0002571093,1.382158e-05,0.005449083,0.0,0.0,0.0
0.649,0.38653,0.1825,0.1862,0.01310298,0.003175995,0.007392483,0.003162197,0.0002575229,1.379742e-05,0.005452969,0.0,0.0,0.0
0.649,0.38649,0.1826,0.1863,0.01311208,0.003178625,0.007397292,0.00316485,0.0002579431,1.377488e-05,0.005456847,0.0,0.0,0.0
0.649,0.38646,0.1827,0.1864,0.01312118,0.003181254,0.007402091,0.0031675,0.0002583693,1.375385e-05,0.005460718,0.0,0.0,0.0
0.649,0.38642,0.1828,0.1865,0.01313026,0.003183881,0.007406881,0.003170147,0.0002588012,1.373422e-05,0.00546458,0.0,0.0,0.0
0.649,0.38638,0.1829,0.1866,0.01313933,0.003186507,0.007411661,0.003172791,0.0002592386,1.371591e-05,0.005468434,0.0,0.0,0.0
0.649,0.38634,0.183,0.1867,0.01314839,0.003189131,0.007416432,0.003175433,0.000259681,1.369882e-05,0.00547228,0.0,0.0,0.0
0.649,0.38631,0.1831,0.1868,0.01315744,0.003191754,0.007421193,0.003178071,0.0002601283,1.368289e-05,0.005476119,0.0,0.0,0.0
0.649,0.38627,0.1832,0.1869,0.01316647,0.003194374,0.007425945,0.003180706,0.0002605802,1.366804e-05,0.005479949,0.0,0.0,0.0
0.649,0.38623,0.1833,0.187,0.0131755,0.003196993,0.007430688,0.003183339,0.0002610365,1.365421e-05,0.005483771,0.0,0.0,0.0
0.649,0.38619,0.1834,0.1871,0.0131845,0.00319961,0.007435421,0.003185968,0.0002614969,1.364135e-05,0.005487585,0.0,0.0,0.0
0.649,0.38616,0.1835,0.1872,0.0131935,0.003202225,0.007440145,0.003188595,0.0002619614,1.362939e-05,0.005491391,0.0,0.0,0.0
0.649,0.38612,0.1836,0.1873,0.01320248,0.003204837,0.007444859,0.003191219,0.0002624298,1.361829e-05,0.005495189,0.0,0.0,0.0
0.649,0.38608,0.1837,0.1874,0.01321144,0.003207448,0.007449563,0.00319384,0.0002629018,1.360801e-05,0.005498978,0.0,0.0,0.0
0.649,0.38604,0.1838,0.1875,0.0132204,0.003210056,0.007454258,0.003196457,0.0002633774,1.35985e-05,0.00550276,0.0,0.0,0.0
0.649,0.38601,0.1839,0.1876,0.01322933,0.003212662,0.007458943,0.003199072,0.0002638565,1.358973e-05,0.005506533,0.0,0.0,0.0
0.649,0.38597,0.184,0.1877,0.01323826,0.003215266,0.007463619,0.003201684,0.0002643388,1.358166e-05,0.005510298,0.0,0.0,0.0
0.649,0.38593,0.1841,0.1878,0.01324716,0.003217867,0.007468285,0.003204293,0.0002648244,1.357427e-05,0.005514055,0.0,0.0,0.0
0.649,0.38589,0.1842,0.1879,0.01325606,0.003220466,0.007472942,0.003206899,0.000265313,1.356751e-05,0.005517803,0.0,0.0,0.0
0.649,0.38586,0.1843,0.188,0.01326494,0.003223063,0.007477589,0.003209502,0.0002658047,1.356136e-05,0.005521544,0.0,0.0,0.0
0.649,0.38582,0.1844,0.1881,0.0132738,0.003225657,0.007482226,0.003212101,0.0002662993,1.355579e-05,0.005525276,0.0,0.0,0.0
0.649,0.38578,0.1845,0.1882,0.01328265,0.003228249,0.007486853,0.003214698,0.0002667967,1.355079e-05,0.005528999,0.0,0.0,0.0
0.649,0.38574,0.1846,0.1883,0.01329148,0.003230838,0.007491471,0.003217292,0.0002672969,1.354632e-05,0.005532714,0.0,0.0,0.0
0.649,0.38571,0.1847,0.1884,0.0133003,0.003233425,0.007496079,0.003219883,0.0002677997,1.354237e-05,0.005536421,0.0,0.0,0.0
0.649,0.38567,0.1848,0.1885,0.0133091,0.003236009,0.007500678,0.00322247,0.0002683053,1.353891e-05,0.00554012,0.0,0.0,0.0
0.649,0.38563,0.1849,0.1886,0.01331789,0.003238591,0.007505267,0.003225055,0.0002688133,1.353593e-05,0.00554381,0.0,0.0,0.0
0.649,0.38559,0.185,0.1887,0.01332666,0.00324117,0.007509846,0.003227637,0.0002693239,1.353341e-05,0.005547491,0.0,0.0,0.0
0.649,0.38556,0.1851,0.1888,0.01333542,0.003243747,0.007514415,0.003230215,0.0002698369,1.353133e-05,0.005551165,0.0,0.0,0.0
0.649,0.38552,0.1852,0.1889,0.01334416,0.00324632,0.007518974,0.003232791,0.0002703523,1.352967e-05,0.005554829,0.0,0.0,0.0
0.649,0.38548,0.18531,0.189,0.01335288,0.003248891,0.007523524,0.003235363,0.0002708701,1.352843e-05,0.005558485,0.0,0.0,0.0
0.649,0.38544,0.18541,0.1891,0.01336159,0.00325146,0.007528064,0.003237932,0.0002713902,1.352759e-05,0.005562133,0.0,0.0,0.0
0.649,0.3854,0.18551,0.1892,0.01337028,0.003254026,0.007532594,0.003240498,0.0002719125,1.352712e-05,0.005565772,0.0,0.0,0.0
0.649,0.38537,0.18561,0.1893,0.01337895,0.003256588,0.007537114,0.003243061,0.0002724371,1.352703e-05,0.005569403,0.0,0.0,0.0
0.649,0.38533,0.18571,0.1894,0.01338761,0.003259149,0.007541625,0.003245621,0.0002729638,1.35273e-05,0.005573025,0.0,0.0,0.0
0.649,0.38529,0.18581,0.1895,0.01339626,0.003261706,0.007546125,0.003248178,0.0002734927,1.352792e-05,0.005576638,0.0,0.0,0.0
0.649,0.38525,0.18591,0.1896,0.01340488,0.003264261,0.007550616,0.003250732,0.0002740237,1.352887e-05,0.005580243,0.0,0.0,0.0
0.649,0.38521,0.18601,0.1897,0.01341349,0.003266813,0.007555097,0.003253282,0.0002745568,1.353016e-05,0.005583839,0.0,0.0,0.0
0.649,0.38518,0.18611,0.1898,0.01342209,0.003269361,0.007559567,0.00325583,0.0002750919,1.353175e-05,0.005587426,0.0,0.0,0.0
0.649,0.38514,0.18621,0.1899,0.01343066,0.003271908,0.007564028,0.003258374,0.000275629,1.353366e-05,0.005591005,0.0,0.0,0.0
0.649,0.3851,0.18631,0.19,0.01343922,0.003274451,0.007568479,0.003260915,0.0002761681,1.353587e-05,0.005594575,0.0,0.0,0.0
0.649,0.38506,0.18641,0.1901,0.01344777,0.003276991,0.00757292,0.003263453,0.0002767092,1.353837e-05,0.005598136,0.0,0.0,0.0
0.649,0.38502,0.18651,0.1902,0.01345629,0.003279529,0.007577351,0.003265988,0.0002772523,1.354115e-05,0.005601689,0.0,0.0,0.0
0.649,0.38499,0.18661,0.1903,0.0134648,0.003282063,0.007581772,0.003268519,0.0002777972,1.35442e-05,0.005605232,0.0,0.0,0.0
0.649,0.38495,0.18671,0.1904,0.01347329,0.003284595,0.007586183,0.003271047,0.000278344,1.354753e-05,0.005608767,0.0,0.0,0.0
0.649,0.38491,0.18681,0.1905,0.01348177,0.003287124,0.007590584,0.003273572,0.0002788927,1.355112e-05,0.005612293,0.0,0.0,0.0
0.649,0.38487,0.18691,0.1906,0.01349023,0.003289649,0.007594975,0.003276094,0.0002794433,1.355496e-05,0.00561581,0.0,0.0,0.0
0.649,0.38483,0.18701,0.1907,0.01349867,0.003292172,0.007599356,0.003278613,0.0002799957,1.355905e-05,0.005619319,0.0,0.0,0.0
0.649,0.3848,0.18711,0.1908,0.01350709,0.003294692,0.007603727,0.003281128,0.0002805499,1.356338e-05,0.005622818,0.0,0.0,0.0
0.649,0.38476,0.18721,0.1909,0.01353249,0.00330085,0.007608087,0.003283641,0.0002980923,1.720979e-05,0.005626309,0.0,0.0,0.0
0.649,0.38472,0.18731,0.191,0.01354072,0.003303303,0.007612438,0.003286149,0.0002984953,1.71537e-05,0.00562979,0.0,0.0,0.0
0.649,0.38468,0.18741,0.1911,0.01354895,0.003305757,0.007616779,0.003288655,0.0002989131,1.7102e-05,0.005633263,0.0,0.0,0.0
0.649,0.38464,0.18751,0.1912,0.01355718,0.003308212,0.007621109,0.003291157,0.0002993444,1.705423e-05,0.005636727,0.0,0.0,0.0
0.649,0.38461,0.18761,0.1913,0.0135654,0.003310667,0.007625429,0.003293657,0.0002997877,1.701002e-05,0.005640182,0.0,0.0,0.0
0.649,0.38457,0.18771,0.1914,0.01357361,0.003313121,0.007629739,0.003296152,0.0003002422,1.696903e-05,0.005643627,0.0,0.0,0.0
0.649,0.38453,0.18781,0.1915,0.01358181,0.003315576,0.007634039,0.003298645,0.0003007068,1.693097e-05,0.005647064,0.0,0.0,0.0
0.649,0.38449,0.18791,0.1916,0.01359,0.00331803,0.007638329,0.003301134,0.0003011808,1.689559e-05,0.005650492,0.0,0.0,0.0
0.649,0.38445,0.18801,0.1917,0.01359818,0.003320483,0.007642608,0.00330362,0.0003016635,1.686266e-05,0.00565391,0.0,0.0,0.0
0.649,0.38441,0.18812,0.1918,0.01360635,0.003322935,0.007646877,0.003306103,0.0003021542,1.6832e-05,0.00565732,0.0,0.0,0.0
0.649,0.38438,0.18822,0.1919,0.01361451,0.003325385,0.007651136,0.003308582,0.0003026524,1.680342e-05,0.00566072,0.0,0.0,0.0
0.649,0.38434,0.18832,0.192,0.01362265,0.003327835,0.007655385,0.003311058,0.0003031577,1.677679e-05,0.005664111,0.0,0.0,0.0
0.649,0.3843,0.18842,0.1921,0.01363079,0.003330283,0.007659624,0.003313531,0.0003036696,1.675194e-05,0.005667493,0.0,0.0,0.0
0.649,0.38426,0.18852,0.1922,0.01363891,0.003332729,0.007663852,0.003316,0.0003041877,1.672878e-05,0.005670866,0.0,0.0,0.0
0.649,0.38422,0.18862,0.1923,0.01364701,0.003335173,0.00766807,0.003318466,0.0003047116,1.670718e-05,0.00567423,0.0,0.0,0.0
0.649,0.38418,0.18872,0.1924,0.0136551,0.003337615,0.007672277,0.003320928,0.0003052411,1.668704e-05,0.005677584,0.0,0.0,0.0
0.649,0.38414,0.18882,0.1925,0.01366318,0.003340056,0.007676475,0.003323388,0.0003057759,1.666828e-05,0.00568093,0.0,0.0,0.0
0.649,0.38411,0.18892,0.1926,0.01367124,0.003342494,0.007680661,0.003325843,0.0003063157,1.66508e-05,0.005684266,0.0,0.0,0.0
0.649,0.38407,0.18902,0.1927,0.01367929,0.00334493,0.007684838,0.003328296,0.0003068603,1.663455e-05,0.005687592,0.0,0.0,0.0
0.649,0.38403,0.18912,0.1928,0.01368732,0.003347364,0.007689004,0.003330745,0.0003074095,1.661944e-05,0.00569091,0.0,0.0,0.0
0.649,0.38399,0.18922,0.1929,0.01369534,0.003349796,0.00769316,0.00333319,0.0003079631,1.660541e-05,0.005694218,0.0,0.0,0.0
0.649,0.38395,0.18932,0.193,0.01370334,0.003352225,0.007697305,0.003335633,0.0003085209,1.659242e-05,0.005697517,0.0,0.0,0.0
0.649,0.38391,0.18942,0.1931,0.01371133,0.003354652,0.00770144,0.003338071,0.0003090827,1.658039e-05,0.005700806,0.0,0.0,0.0
0.649,0.38387,0.18952,0.1932,0.0137193,0.003357076,0.007705564,0.003340507,0.0003096484,1.656929e-05,0.005704086,0.0,0.0,0.0
0.649,0.38384,0.18962,0.1933,0.01372725,0.003359498,0.007709678,0.003342939,0.0003102179,1.655908e-05,0.005707357,0.0,0.0,0.0
0.649,0.3838,0.18972,0.1934,0.01373519,0.003361917,0.007713782,0.003345367,0.000310791,1.654969e-05,0.005710618,0.0,0.0,0.0
0.649,0.38376,0.18982,0.1935,0.01374311,0.003364333,0.007717875,0.003347792,0.0003113676,1.654111e-05,0.00571387,0.0,0.0,0.0
0.649,0.38372,0.18992,0.1936,0.01375102,0.003366747,0.007721958,0.003350213,0.0003119476,1.653329e-05,0.005717112,0.0,0.0,0.0
0.649,0.38368,0.19002,0.1937,0.01375891,0.003369158,0.00772603,0.003352632,0.000312531,1.65262e-05,0.005720345,0.0,0.0,0.0
0.649,0.38364,0.19012,0.1938,0.01376678,0.003371566,0.007730091,0.003355046,0.0003131175,1.651981e-05,0.005723568,0.0,0.0,0.0
0.649,0.3836,0.19022,0.1939,0.01377463,0.003373971,0.007734142,0.003357457,0.0003137072,1.651409e-05,0.005726782,0.0,0.0,0.0
0.649,0.38357,0.19032,0.194,0.01378247,0.003376374,0.007738182,0.003359865,0.0003142999,1.6509e-05,0.005729986,0.0,0.0,0.0
0.649,0.38353,0.19042,0.1941,0.01379029,0.003378773,0.007742212,0.003362269,0.0003148955,1.650454e-05,0.005733181,0.0,0.0,0.0
0.649,0.38349,0.19052,0.1942,0.01379809,0.00338117,0.007746231,0.003364669,0.0003154941,1.650066e-05,0.005736366,0.0,0.0,0.0
0.649,0.38345,0.19062,0.1943,0.01380588,0.003383564,0.00775024,0.003367066,0.0003160955,1.649736e-05,0.005739541,0.0,0.0,0.0
0.649,0.38341,0.19072,0.1944,0.01381365,0.003385954,0.007754238,0.00336946,0.0003166996,1.64946e-05,0.005742707,0.0,0.0,0.0
0.649,0.38337,0.19083,0.1945,0.0138214,0.003388342,0.007758225,0.00337185,0.0003173065,1.649237e-05,0.005745864,0.0,0.0,0.0
0.649,0.38333,0.19093,0.1946,0.01382913,0.003390727,0.007762202,0.003374236,0.0003179159,1.649065e-05,0.00574901,0.0,0.0,0.0
0.649,0.38329,0.19103,0.1947,0.01383684,0.003393109,0.007766168,0.003376619,0.000318528,1.648942e-05,0.005752147,0.0,0.0,0.0
0.649,0.38325,0.19113,0.1948,0.01384454,0.003395487,0.007770123,0.003378998,0.0003191427,1.648867e-05,0.005755274,0.0,0.0,0.0
0.649,0.38321,0.19123,0.1949,0.01385222,0.003397862,0.007774068,0.003381374,0.0003197598,1.648837e-05,0.005758392,0.0,0.0,0.0
0.649,0.38318,0.19133,0.195,0.01385988,0.003400235,0.007778002,0.003383746,0.0003203794,1.648852e-05,0.0057615,0.0,0.0,0.0
0.649,0.38314,0.19143,0.1951,0.01386752,0.003402604,0.007781925,0.003386115,0.0003210014,1.64891e-05,0.005764598,0.0,0.0,0.0
0.649,0.3831,0.19153,0.1952,0.01387515,0.00340497,0.007785838,0.00338848,0.0003216257,1.649009e-05,0.005767686,0.0,0.0,0.0
0.649,0.38306,0.19163,0.1953,0.01388276,0.003407333,0.007789739,0.003390841,0.0003222524,1.649149e-05,0.005770764,0.0,0.0,0.0
0.649,0.38302,0.19173,0.1954,0.01389034,0.003409692,0.00779363,0.003393199,0.0003228814,1.649328e-05,0.005773833,0.0,0.0,0.0
0.649,0.38298,0.19183,0.1955,0.01389792,0.003412048,0.00779751,0.003395553,0.0003235127,1.649545e-05,0.005776892,0.0,0.0,0.0
0.649,0.38294,0.19193,0.1956,0.01390547,0.003414401,0.00780138,0.003397903,0.0003241462,1.649799e-05,0.005779941,0.0,0.0,0.0
0.649,0.3829,0.19203,0.1957,0.013913,0.003416751,0.007805238,0.00340025,0.0003247819,1.650088e-05,0.00578298,0.0,0.0,0.0
0.649,0.38286,0.19213,0.1958,0.01392051,0.003419097,0.007809086,0.003402593,0.0003254198,1.650413e-05,0.005786009,0.0,0.0,0.0
0.649,0.38282,0.19223,0.1959,0.01392801,0.003421441,0.007812923,0.003404933,0.0003260599,1.650771e-05,0.005789028,0.0,0.0,0.0
0.649,0.38279,0.19233,0.196,0.01393549,0.00342378,0.007816749,0.003407269,0.0003267021,1.651162e-05,0.005792038,0.0,0.0,0.0
0.649,0.38275,0.19243,0.1961,0.01394295,0.003426117,0.007820564,0.003409601,0.0003273463,1.651585e-05,0.005795037,0.0,0.0,0.0
0.649,0.38271,0.19253,0.1962,0.01395039,0.00342845,0.007824368,0.003411929,0.0003279927,1.65204e-05,0.005798027,0.0,0.0,0.0
0.649,0.38267,0.19263,0.1963,0.01395781,0.00343078,0.007828161,0.003414254,0.0003286411,1.652525e-05,0.005801006,0.0,0.0,0.0
0.649,0.38263,0.19273,0.1964,0.01396521,0.003433106,0.007831944,0.003416575,0.0003292915,1.65304e-05,0.005803976,0.0,0.0,0.0
0.649,0.38259,0.19283,0.1965,0.01397259,0.003435429,0.007835715,0.003418893,0.000329944,1.653583e-05,0.005806935,0.0,0.0,0.0
0.649,0.38255,0.19293,0.1966,0.01399825,0.003442025,0.007839476,0.003421206,0.0003488937,2.081814e-05,0.005809884,0.0,0.0,0.0
0.649,0.38251,0.19303,0.1967,0.01400544,0.00344427,0.007843225,0.003423516,0.0003493905,2.075353e-05,0.005812824,0.0,0.0,0.0
0.649,0.38247,0.19313,0.1968,0.01401262,0.003446517,0.007846964,0.003425823,0.0003499028,2.069394e-05,0.005815753,0.0,0.0,0.0
0.649,0.38243,0.19323,0.1969,0.01401979,0.003448764,0.007850691,0.003428125,0.000350429,2.063887e-05,0.005818672,0.0,0.0,0.0
0.649,0.38239,0.19333,0.197,0.01402696,0.003451012,0.007854408,0.003430424,0.0003509679,2.058789e-05,0.005821581,0.0,0.0,0.0
0.649,0.38235,0.19344,0.1971,0.01403411,0.00345326,0.007858113,0.003432719,0.0003515185,2.05406e-05,0.00582448,0.0,0.0,0.0
0.649,0.38231,0.19354,0.1972,0.01404126,0.003455507,0.007861808,0.00343501,0.0003520797,2.04967e-05,0.005827369,0.0,0.0,0.0
0.649,0.38227,0.19364,0.1973,0.01404839,0.003457754,0.007865491,0.003437298,0.0003526508,2.045589e-05,0.005830247,0.0,0.0,0.0
0.649,0.38223,0.19374,0.1974,0.01405551,0.003459999,0.007869163,0.003439581,0.0003532311,2.041792e-05,0.005833115,0.0,0.0,0.0
0.649,0.38219,0.19384,0.1975,0.01406262,0.003462244,0.007872825,0.003441861,0.0003538199,2.038257e-05,0.005835974,0.0,0.0,0.0
0.649,0.38216,0.19394,0.1976,0.01406971,0.003464487,0.007876475,0.003444137,0.0003544166,2.034963e-05,0.005838821,0.0,0.0,0.0
0.649,0.38212,0.19404,0.1977,0.01407679,0.003466729,0.007880114,0.00344641,0.0003550208,2.031895e-05,0.005841659,0.0,0.0,0.0
0.649,0.38208,0.19414,0.1978,0.01408386,0.003468968,0.007883742,0.003448678,0.000355632,2.029035e-05,0.005844487,0.0,0.0,0.0
0.649,0.38204,0.19424,0.1979,0.01409091,0.003471206,0.007887358,0.003450943,0.0003562498,2.026369e-05,0.005847304,0.0,0.0,0.0
0.649,0.382,0.19434,0.198,0.01409795,0.003473442,0.007890964,0.003453204,0.0003568738,2.023886e-05,0.00585011,0.0,0.0,0.0
0.649,0.38196,0.19444,0.1981,0.01410497,0.003475676,0.007894558,0.00345546,0.0003575038,2.021573e-05,0.005852907,0.0,0.0,0.0
0.649,0.38192,0.19454,0.1982,0.01411197,0.003477908,0.007898142,0.003457714,0.0003581394,2.01942e-05,0.005855693,0.0,0.0,0.0
0.649,0.38188,0.19464,0.1983,0.01411896,0.003480137,0.007901714,0.003459963,0.0003587804,2.017417e-05,0.005858469,0.0,0.0,0.0
0.649,0.38184,0.19474,0.1984,0.01412594,0.003482364,0.007905275,0.003462208,0.0003594265,2.015557e-05,0.005861234,0.0,0.0,0.0
0.649,0.3818,0.19484,0.1985,0.01413289,0.003484588,0.007908824,0.00346445,0.0003600776,2.01383e-05,0.005863989,0.0,0.0,0.0
0.649,0.38176,0.19494,0.1986,0.01413983,0.00348681,0.007912363,0.003466687,0.0003607333,2.01223e-05,0.005866734,0.0,0.0,0.0
0.649,0.38172,0.19504,0.1987,0.01414675,0.003489029,0.00791589,0.003468921,0.0003613936,2.01075e-05,0.005869468,0.0,0.0,0.0
0.649,0.38168,0.19514,0.1988,0.01415366,0.003491245,0.007919405,0.003471151,0.0003620582,2.009384e-05,0.005872192,0.0,0.0,0.0
0.649,0.38164,0.19524,0.1989,0.01416054,0.003493458,0.00792291,0.003473377,0.0003627271,2.008126e-05,0.005874905,0.0,0.0,0.0
0.649,0.3816,0.19534,0.199,0.01416741,0.003495669,0.007926403,0.003475599,0.0003634,2.006971e-05,0.005877608,0.0,0.0,0.0
0.649,0.38156,0.19544,0.1991,0.01417426,0.003497876,0.007929885,0.003477817,0.0003640768,2.005915e-05,0.0058803,0.0,0.0,0.0
0.649,0.38152,0.19554,0.1992,0.01418109,0.003500081,0.007933356,0.003480031,0.0003647574,2.004952e-05,0.005882982,0.0,0.0,0.0
0.649,0.38148,0.19564,0.1993,0.01418791,0.003502282,0.007936815,0.003482242,0.0003654417,2.004078e-05,0.005885653,0.0,0.0,0.0
0.649,0.38144,0.19574,0.1994,0.01419471,0.003504481,0.007940263,0.003484448,0.0003661296,2.00329e-05,0.005888313,0.0,0.0,0.0
0.649,0.3814,0.19584,0.1995,0.01420148,0.003506676,0.0079437,0.00348665,0.000366821,2.002584e-05,0.005890963,0.0,0.0,0.0
0.649,0.38136,0.19594,0.1996,0.01420824,0.003508868,0.007947125,0.003488849,0.0003675157,2.001956e-05,0.005893603,0.0,0.0,0.0
0.649,0.38132,0.19604,0.1997,0.01421498,0.003511057,0.007950539,0.003491043,0.0003682138,2.001404e-05,0.005896232,0.0,0.0,0.0
0.649,0.38128,0.19615,0.1998,0.01422171,0.003513243,0.007953941,0.003493234,0.0003689151,2.000924e-05,0.00589885,0.0,0.0,0.0
0.649,0.38124,0.19625,0.1999,0.01422841,0.003515425,0.007957332,0.00349542,0.0003696195,2.000513e-05,0.005901458,0.0,0.0,0.0
0.649,0.3812,0.19635,0.2,0.01423509,0.003517604,0.007960711,0.003497603,0.000370327,2.00017e-05,0.005904055,0.0,0.0,0.0
0.649,0.38116,0.19645,0.2001,0.01424176,0.00351978,0.007964079,0.003499781,0.0003710376,1.999891e-05,0.005906641,0.0,0.0,0.0
0.649,0.38112,0.19655,0.2002,0.0142484,0.003521952,0.007967436,0.003501955,0.000371751,1.999674e-05,0.005909216,0.0,0.0,0.0
0.649,0.38108,0.19665,0.2003,0.01425503,0.003524121,0.007970781,0.003504126,0.0003724674,1.999517e-05,0.005911781,0.0,0.0,0.0
0.649,0.38104,0.19675,0.2004,0.01426164,0.003526286,0.007974115,0.003506292,0.0003731866,1.999417e-05,0.005914335,0.0,0.0,0.0
0.649,0.381,0.19685,0.2005,0.01426822,0.003528448,0.007977437,0.003508455,0.0003739086,1.999374e-05,0.005916879,0.0,0.0,0.0
0.649,0.38096,0.19695,0.2006,0.01427479,0.003530607,0.007980747,0.003510613,0.0003746333,1.999385e-05,0.005919411,0.0,0.0,0.0
0.649,0.38092,0.19705,0.2007,0.01428134,0.003532762,0.007984046,0.003512767,0.0003753607,1.999448e-05,0.005921933,0.0,0.0,0.0
0.649,0.38088,0.19715,0.2008,0.01428787,0.003534913,0.007987334,0.003514917,0.0003760908,1.999561e-05,0.005924444,0.0,0.0,0.0
0.649,0.38084,0.19725,0.2009,0.01429438,0.003537061,0.00799061,0.003517063,0.0003768235,1.999724e-05,0.005926944,0.0,0.0,0.0
0.649,0.3808,0.19735,0.201,0.01430087,0.003539205,0.007993874,0.003519206,0.0003775587,1.999934e-05,0.005929434,0.0,0.0,0.0
0.649,0.38076,0.19745,0.2011,0.01430734,0.003541345,0.007997127,0.003521343,0.0003782964,2.000191e-05,0.005931912,0.0,0.0,0.0
0.649,0.38072,0.19755,0.2012,0.01431378,0.003543482,0.008000368,0.003523477,0.0003790367,2.000492e-05,0.00593438,0.0,0.0,0.0
0.649,0.38068,0.19765,0.2013,0.01432021,0.003545615,0.008003597,0.003525607,0.0003797794,2.000836e-05,0.005936836,0.0,0.0,0.0
0.649,0.38064,0.19775,0.2014,0.01432662,0.003547745,0.008006815,0.003527733,0.0003805246,2.001223e-05,0.005939282,0.0,0.0,0.0
0.649,0.3806,0.19785,0.2015,0.01433301,0.003549871,0.008010021,0.003529854,0.0003812721,2.001651e-05,0.005941717,0.0,0.0,0.0
0.649,0.38056,0.19795,0.2016,0.01433938,0.003551993,0.008013216,0.003531972,0.000382022,2.002119e-05,0.005944141,0.0,0.0,0.0
0.649,0.38052,0.19805,0.2017,0.01434573,0.003554111,0.008016399,0.003534085,0.0003827743,2.002626e-05,0.005946554,0.0,0.0,0.0
0.649,0.38048,0.19815,0.2018,0.01435206,0.003556226,0.00801957,0.003536194,0.0003835288,2.003171e-05,0.005948956,0.0,0.0,0.0
0.649,0.38044,0.19825,0.2019,0.01435836,0.003558337,0.00802273,0.003538299,0.0003842857,2.003753e-05,0.005951348,0.0,0.0,0.0
0.649,0.3804,0.19835,0.202,0.01436465,0.003560444,0.008025877,0.0035404,0.0003850448,2.004371e-05,0.005953728,0.0,0.0,0.0
0.649,0.38036,0.19845,0.2021,0.01437092,0.003562547,0.008029013,0.003542496,0.0003858062,2.005023e-05,0.005956097,0.0,0.0,0.0
0.649,0.38032,0.19855,0.2022,0.01439691,0.003569705,0.008032138,0.003544589,0.0004063141,2.511564e-05,0.005958455,0.0,0.0,0.0
0.649,0.38028,0.19865,0.2023,0.01440296,0.003571714,0.00803525,0.003546677,0.0004069055,2.503707e-05,0.005960802,0.0,0.0,0.0
0.649,0.38024,0.19876,0.2024,0.014409,0.003573726,0.008038351,0.003548761,0.0004075141,2.496471e-05,0.005963138,0.0,0.0,0.0
0.649,0.38019,0.19886,0.2025,0.01441504,0.003575739,0.00804144,0.003550841,0.0004081382,2.48979e-05,0.005965463,0.0,0.0,0.0
0.649,0.38015,0.19896,0.2026,0.01442107,0.003577753,0.008044517,0.003552917,0.0004087765,2.48361e-05,0.005967776,0.0,0.0,0.0
0.649,0.38011,0.19906,0.2027,0.01442709,0.003579767,0.008047583,0.003554988,0.0004094277,2.477885e-05,0.005970079,0.0,0.0,0.0
0.649,0.38007,0.19916,0.2028,0.0144331,0.003581781,0.008050637,0.003557056,0.0004100908,2.472574e-05,0.005972371,0.0,0.0,0.0
0.649,0.38003,0.19926,0.2029,0.01443909,0.003583795,0.008053678,0.003559119,0.0004107648,2.46764e-05,0.005974651,0.0,0.0,0.0
0.649,0.37999,0.19936,0.203,0.01444508,0.003585808,0.008056708,0.003561177,0.0004114489,2.463054e-05,0.00597692,0.0,0.0,0.0
0.649,0.37995,0.19946,0.2031,0.01445105,0.00358782,0.008059726,0.003563232,0.0004121424,2.458786e-05,0.005979178,0.0,0.0,0.0
0.649,0.37991,0.19956,0.2032,0.014457,0.00358983,0.008062733,0.003565282,0.0004128447,2.454814e-05,0.005981425,0.0,0.0,0.0
0.649,0.37987,0.19966,0.2033,0.01446294,0.003591839,0.008065727,0.003567328,0.0004135552,2.451114e-05,0.005983661,0.0,0.0,0.0
0.649,0.37983,0.19976,0.2034,0.01446887,0.003593847,0.008068709,0.00356937,0.0004142735,2.447669e-05,0.005985885,0.0,0.0,0.0
0.649,0.37979,0.19986,0.2035,0.01447478,0.003595852,0.00807168,0.003571407,0.0004149991,2.44446e-05,0.005988098,0.0,0.0,0.0
0.649,0.37975,0.19996,0.2036,0.01448067,0.003597855,0.008074639,0.003573441,0.0004157315,2.441472e-05,0.0059903,0.0,0.0,0.0
0.649,0.37971,0.20006,0.2037,0.01448655,0.003599856,0.008077585,0.003575469,0.0004164706,2.438691e-05,0.005992491,0.0,0.0,0.0
0.649,0.37967,0.20016,0.2038,0.01449241,0.003601855,0.00808052,0.003577494,0.0004172158,2.436103e-05,0.00599467,0.0,0.0,0.0
0.649,0.37963,0.20026,0.2039,0.01449825,0.003603851,0.008083443,0.003579514,0.0004179669,2.433698e-05,0.005996839,0.0,0.0,0.0
0.649,0.37959,0.20036,0.204,0.01450407,0.003605845,0.008086354,0.00358153,0.0004187237,2.431465e-05,0.005998995,0.0,0.0,0.0
0.649,0.37954,0.20046,0.2041,0.01450988,0.003607836,0.008089252,0.003583542,0.000419486,2.429394e-05,0.006001141,0.0,0.0,0.0
0.649,0.3795,0.20056,0.2042,0.01451567,0.003609824,0.008092139,0.003585549,0.0004202534,2.427476e-05,0.006003275,0.0,0.0,0.0
0.649,0.37946,0.20066,0.2043,0.01452144,0.003611809,0.008095014,0.003587552,0.0004210258,2.425703e-05,0.006005397,0.0,0.0,0.0
0.649,0.37942,0.20076,0.2044,0.01452719,0.003613791,0.008097877,0.003589551,0.000421803,2.424067e-05,0.006007509,0.0,0.0,0.0
0.649,0.37938,0.20086,0.2045,0.01453292,0.00361577,0.008100728,0.003591545,0.0004225848,2.422563e-05,0.006009609,0.0,0.0,0.0
0.649,0.37934,0.20096,0.2046,0.01453863,0.003617746,0.008103566,0.003593535,0.0004233711,2.421182e-05,0.006011697,0.0,0.0,0.0
0.649,0.3793,0.20106,0.2047,0.01454433,0.003619719,0.008106393,0.00359552,0.0004241617,2.41992e-05,0.006013774,0.0,0.0,0.0
0.649,0.37926,0.20116,0.2048,0.01455,0.003621689,0.008109208,0.003597501,0.0004249565,2.418771e-05,0.00601584,0.0,0.0,0.0
0.649,0.37922,0.20127,0.2049,0.01455566,0.003623655,0.00811201,0.003599478,0.0004257554,2.417729e-05,0.006017894,0.0,0.0,0.0
0.649,0.37918,0.20137,0.205,0.0145613,0.003625618,0.0081148,0.00360145,0.0004265582,2.41679e-05,0.006019937,0.0,0.0,0.0
0.649,0.37913,0.20147,0.2051,0.01456691,0.003627578,0.008117579,0.003603418,0.0004273649,2.415951e-05,0.006021968,0.0,0.0,0.0
0.649,0.37909,0.20157,0.2052,0.01457251,0.003629534,0.008120345,0.003605382,0.0004281753,2.415205e-05,0.006023988,0.0,0.0,0.0
0.649,0.37905,0.20167,0.2053,0.01457808,0.003631486,0.008123099,0.003607341,0.0004289893,2.41455e-05,0.006025996,0.0,0.0,0.0
0.649,0.37901,0.20177,0.2054,0.01458364,0.003633435,0.008125841,0.003609295,0.0004298069,2.413983e-05,0.006027993,0.0,0.0,0.0
0.649,0.37897,0.20187,0.2055,0.01458918,0.00363538,0.008128571,0.003611245,0.000430628,2.413499e-05,0.006029978,0.0,0.0,0.0
0.649,0.37893,0.20197,0.2056,0.01459469,0.003637322,0.008131288,0.003613191,0.0004314524,2.413095e-05,0.006031952,0.0,0.0,0.0
0.649,0.37889,0.20207,0.2057,0.01460019,0.00363926,0.008133994,0.003615132,0.0004322802,2.412769e-05,0.006033914,0.0,0.0,0.0
0.649,0.37885,0.20217,0.2058,0.01460566,0.003641194,0.008136687,0.003617069,0.0004331113,2.412517e-05,0.006035865,0.0,0.0,0.0
0.649,0.37881,0.20227,0.2059,0.01461112,0.003643125,0.008139368,0.003619002,0.0004339455,2.412337e-05,0.006037804,0.0,0.0,0.0
0.649,0.37877,0.20237,0.206,0.01461655,0.003645052,0.008142037,0.003620929,0.0004347829,2.412227e-05,0.006039731,0.0,0.0,0.0
0.649,0.37872,0.20247,0.2061,0.01462196,0.003646975,0.008144693,0.003622853,0.0004356234,2.412184e-05,0.006041647,0.0,0.0,0.0
0.649,0.37868,0.20257,0.2062,0.01462736,0.003648894,0.008147338,0.003624772,0.0004364668,2.412206e-05,0.006043551,0.0,0.0,0.0
0.649,0.37864,0.20267,0.2063,0.01463273,0.003650809,0.00814997,0.003626686,0.0004373133,2.412291e-05,0.006045443,0.0,0.0,0.0
0.649,0.3786,0.20277,0.2064,0.01463808,0.00365272,0.00815259,0.003628596,0.0004381627,2.412436e-05,0.006047324,0.0,0.0,0.0
0.649,0.37856,0.20287,0.2065,0.0146434,0.003654628,0.008155197,0.003630501,0.0004390149,2.41264e-05,0.006049193,0.0,0.0,0.0
0.649,0.37852,0.20297,0.2066,0.01464871,0.003656531,0.008157792,0.003632402,0.00043987,2.412901e-05,0.00605105,0.0,0.0,0.0
0.649,0.37848,0.20307,0.2067,0.014654,0.003658431,0.008160375,0.003634299,0.0004407279,2.413218e-05,0.006052896,0.0,0.0,0.0
0.649,0.37843,0.20317,0.2068,0.01465926,0.003660326,0.008162946,0.00363619,0.0004415886,2.413588e-05,0.00605473,0.0,0.0,0.0
0.649,0.37839,0.20327,0.2069,0.01466451,0.003662218,0.008165504,0.003638078,0.000442452,2.41401e-05,0.006056552,0.0,0.0,0.0
0.649,0.37835,0.20337,0.207,0.01466973,0.003664105,0.00816805,0.00363996,0.000443318,2.414483e-05,0.006058362,0.0,0.0,0.0
0.649,0.37831,0.20347,0.2071,0.01467493,0.003665989,0.008170584,0.003641839,0.0004441868,2.415005e-05,0.006060161,0.0,0.0,0.0
0.649,0.37827,0.20357,0.2072,0.01468011,0.003667868,0.008173105,0.003643712,0.0004450581,2.415575e-05,0.006061948,0.0,0.0,0.0
0.649,0.37823,0.20367,0.2073,0.01468527,0.003669743,0.008175614,0.003645581,0.0004459321,2.416192e-05,0.006063723,0.0,0.0,0.0
0.649,0.37819,0.20378,0.2074,0.01469041,0.003671614,0.008178111,0.003647446,0.0004468086,2.416854e-05,0.006065486,0.0,0.0,0.0
0.649,0.37814,0.20388,0.2075,0.01469552,0.003673481,0.008180595,0.003649305,0.0004476877,2.41756e-05,0.006067238,0.0,0.0,0.0
0.649,0.3781,0.20398,0.2076,0.01470061,0.003675344,0.008183067,0.003651161,0.0004485693,2.418309e-05,0.006068977,0.0,0.0,0.0
0.649,0.37806,0.20408,0.2077,0.01470568,0.003677202,0.008185526,0.003653011,0.0004494533,2.4191e-05,0.006070705,0.0,0.0,0.0
0.649,0.37802,0.20418,0.2078,0.01473189,0.003684981,0.008187973,0.003654857,0.0004714919,3.012413e-05,0.006072421,0.0,0.0,0.0
0.649,0.37798,0.20428,0.2079,0.01473673,0.00368673,0.008190408,0.003656699,0.0004721962,3.003125e-05,0.006074125,0.0,0.0,0.0
0.649,0.37794,0.20438,0.208,0.01474157,0.003688481,0.00819283,0.003658535,0.0004729191,2.994574e-05,0.006075817,0.0,0.0,0.0
0.649,0.3779,0.20448,0.2081,0.0147464,0.003690234,0.00819524,0.003660367,0.0004736588,2.986683e-05,0.006077497,0.0,0.0,0.0
0.649,0.37785,0.20458,0.2082,0.01475122,0.003691989,0.008197637,0.003662195,0.0004744137,2.979389e-05,0.006079166,0.0,0.0,0.0
0.649,0.37781,0.20468,0.2083,0.01475603,0.003693744,0.008200022,0.003664018,0.0004751825,2.972634e-05,0.006080822,0.0,0.0,0.0
0.649,0.37777,0.20478,0.2084,0.01476082,0.0036955,0.008202394,0.003665836,0.0004759641,2.966371e-05,0.006082467,0.0,0.0,0.0
0.649,0.37773,0.20488,0.2085,0.01476561,0.003697255,0.008204754,0.003667649,0.0004767574,2.960556e-05,0.006084099,0.0,0.0,0.0
0.649,0.37769,0.20498,0.2086,0.01477038,0.00369901,0.008207101,0.003669458,0.0004775617,2.955153e-05,0.00608572,0.0,0.0,0.0
0.649,0.37765,0.20508,0.2087,0.01477514,0.003700764,0.008209436,0.003671262,0.0004783762,2.950129e-05,0.006087329,0.0,0.0,0.0
0.649,0.3776,0.20518,0.2088,0.01477988,0.003702517,0.008211758,0.003673062,0.0004792001,2.945455e-05,0.006088925,0.0,0.0,0.0
0.649,0.37756,0.20528,0.2089,0.01478461,0.003704268,0.008214068,0.003674857,0.000480033,2.941105e-05,0.00609051,0.0,0.0,0.0
0.649,0.37752,0.20538,0.209,0.01478932,0.003706017,0.008216365,0.003676647,0.0004808742,2.937056e-05,0.006092083,0.0,0.0,0.0
0.649,0.37748,0.20548,0.2091,0.01479402,0.003707765,0.008218649,0.003678432,0.0004817233,2.933288e-05,0.006093643,0.0,0.0,0.0
0.649,0.37744,0.20558,0.2092,0.01479869,0.003709511,0.008220922,0.003680213,0.0004825799,2.929781e-05,0.006095192,0.0,0.0,0.0
0.649,0.37739,0.20568,0.2093,0.01480335,0.003711254,0.008223181,0.003681989,0.0004834435,2.92652e-05,0.006096729,0.0,0.0,0.0
0.649,0.37735,0.20578,0.2094,0.01480799,0.003712995,0.008225428,0.00368376,0.0004843138,2.923488e-05,0.006098253,0.0,0.0,0.0
0.649,0.37731,0.20588,0.2095,0.01481262,0.003714733,0.008227662,0.003685526,0.0004851906,2.920673e-05,0.006099766,0.0,0.0,0.0
0.649,0.37727,0.20598,0.2096,0.01481722,0.003716469,0.008229884,0.003687288,0.0004860735,2.918061e-05,0.006101266,0.0,0.0,0.0
0.649,0.37723,0.20608,0.2097,0.01482181,0.003718202,0.008232093,0.003689045,0.0004869623,2.915641e-05,0.006102754,0.0,0.0,0.0
0.649,0.37718,0.20618,0.2098,0.01482638,0.003719931,0.008234289,0.003690797,0.0004878567,2.913402e-05,0.00610423,0.0,0.0,0.0
0.649,0.37714,0.20629,0.2099,0.01483092,0.003721658,0.008236473,0.003692545,0.0004887565,2.911336e-05,0.006105694,0.0,0.0,0.0
0.649,0.3771,0.20639,0.21,0.01483545,0.003723382,0.008238644,0.003694287,0.0004896616,2.909432e-05,0.006107146,0.0,0.0,0.0
0.649,0.37706,0.20649,0.2101,0.01483996,0.003725102,0.008240803,0.003696025,0.0004905716,2.907683e-05,0.006108586,0.0,0.0,0.0
0.649,0.37702,0.20659,0.2102,0.01484445,0.003726819,0.008242949,0.003697758,0.0004914865,2.906081e-05,0.006110014,0.0,0.0,0.0
0.649,0.37697,0.20669,0.2103,0.01484892,0.003728533,0.008245082,0.003699487,0.0004924062,2.904619e-05,0.006111429,0.0,0.0,0.0
0.649,0.37693,0.20679,0.2104,0.01485337,0.003730243,0.008247202,0.00370121,0.0004933304,2.903291e-05,0.006112832,0.0,0.0,0.0
0.649,0.37689,0.20689,0.2105,0.01485779,0.00373195,0.00824931,0.003702929,0.000494259,2.902091e-05,0.006114224,0.0,0.0,0.0
0.649,0.37685,0.20699,0.2106,0.0148622,0.003733653,0.008251405,0.003704643,0.0004951919,2.901012e-05,0.006115602,0.0,0.0,0.0
0.649,0.37681,0.20709,0.2107,0.01486659,0.003735352,0.008253488,0.003706352,0.000496129,2.90005e-05,0.006116969,0.0,0.0,0.0
0.649,0.37676,0.20719,0.2108,0.01487095,0.003737048,0.008255557,0.003708056,0.0004970702,2.8992e-05,0.006118324,0.0,0.0,0.0
0.649,0.37672,0.20729,0.2109,0.0148753,0.00373874,0.008257614,0.003709756,0.0004980154,2.898458e-05,0.006119666,0.0,0.0,0.0
0.649,0.37668,0.20739,0.211,0.01487962,0.003740428,0.008259659,0.00371145,0.0004989644,2.897818e-05,0.006120996,0.0,0.0,0.0
0.649,0.37664,0.20749,0.2111,0.01488392,0.003742113,0.00826169,0.00371314,0.0004999173,2.897277e-05,0.006122314,0.0,0.0,0.0
0.649,0.3766,0.20759,0.2112,0.0148882,0.003743793,0.008263709,0.003714825,0.0005008738,2.896832e-05,0.006123619,0.0,0.0,0.0
0.649,0.37655,0.20769,0.2113,0.01489246,0.00374547,0.008265715,0.003716505,0.000501834,2.896478e-05,0.006124912,0.0,0.0,0.0
0.649,0.37651,0.20779,0.2114,0.0148967,0.003747142,0.008267708,0.00371818,0.0005027978,2.896212e-05,0.006126193,0.0,0.0,0.0
0.649,0.37647,0.20789,0.2115,0.01490092,0.00374881,0.008269688,0.00371985,0.0005037651,2.896032e-05,0.006127462,0.0,0.0,0.0
0.649,0.37643,0.20799,0.2116,0.01490511,0.003750475,0.008271656,0.003721516,0.0005047358,2.895934e-05,0.006128718,0.0,0.0,0.0
0.649,0.37638,0.20809,0.2117,0.01490928,0.003752135,0.008273611,0.003723176,0.0005057098,2.895915e-05,0.006129962,0.0,0.0,0.0
0.649,0.37634,0.20819,0.2118,0.01491343,0.003753791,0.008275553,0.003724832,0.0005066872,2.895973e-05,0.006131194,0.0,0.0,0.0
0.649,0.3763,0.20829,0.2119,0.01491756,0.003755443,0.008277482,0.003726482,0.0005076679,2.896105e-05,0.006132414,0.0,0.0,0.0
0.649,0.37626,0.20839,0.212,0.01492167,0.003757091,0.008279398,0.003728128,0.0005086518,2.896309e-05,0.006133621,0.0,0.0,0.0
0.649,0.37621,0.20849,0.2121,0.01492576,0.003758735,0.008281302,0.003729769,0.0005096388,2.896583e-05,0.006134815,0.0,0.0,0.0
0.649,0.37617,0.20859,0.2122,0.01492982,0.003760374,0.008283192,0.003731405,0.000510629,2.896924e-05,0.006135998,0.0,0.0,0.0
0.649,0.37613,0.20869,0.2123,0.01493386,0.003762009,0.00828507,0.003733036,0.0005116222,2.897331e-05,0.006137167,0.0,0.0,0.0
0.649,0.37609,0.2088,0.2124,0.01493788,0.00376364,0.008286935,0.003734662,0.0005126185,2.897801e-05,0.006138325,0.0,0.0,0.0
0.649,0.37604,0.2089,0.2125,0.01494188,0.003765266,0.008288787,0.003736283,0.0005136178,2.898333e-05,0.00613947,0.0,0.0,0.0
0.649,0.376,0.209,0.2126,0.01494585,0.003766888,0.008290627,0.003737899,0.00051462,2.898924e-05,0.006140603,0.0,0.0,0.0
0.649,0.37596,0.2091,0.2127,0.0149498,0.003768506,0.008292453,0.00373951,0.0005156252,2.899574e-05,0.006141723,0.0,0.0,0.0
0.649,0.37592,0.2092,0.2128,0.01495373,0.003770119,0.008294266,0.003741117,0.0005166332,2.900281e-05,0.006142831,0.0,0.0,0.0
0.649,0.37587,0.2093,0.2129,0.01495764,0.003771728,0.008296067,0.003742718,0.0005176441,2.901042e-05,0.006143927,0.0,0.0,0.0
0.649,0.37583,0.2094,0.213,0.01496152,0.003773333,0.008297855,0.003744314,0.0005186579,2.901858e-05,0.00614501,0.0,0.0,0.0
0.649,0.37579,0.2095,0.2131,0.01496538,0.003774933,0.008299629,0.003745905,0.0005196745,2.902725e-05,0.00614608,0.0,0.0,0.0
0.649,0.37575,0.2096,0.2132,0.01496922,0.003776528,0.008301391,0.003747492,0.0005206938,2.903644e-05,0.006147138,0.0,0.0,0.0
0.649,0.3757,0.2097,0.2133,0.01497304,0.003778119,0.00830314,0.003749073,0.0005217159,2.904612e-05,0.006148184,0.0,0.0,0.0
0.649,0.37566,0.2098,0.2134,0.01499933,0.003786577,0.008304876,0.003750649,0.0005452345,3.592744e-05,0.006149217,0.0,0.0,0.0
0.649,0.37562,0.2099,0.2135,0.01500291,0.003788041,0.008306599,0.003752221,0.0005460728,3.582067e-05,0.006150238,0.0,0.0,0.0
0.649,0.37558,0.21,0.2136,0.01500649,0.003789509,0.008308309,0.003753787,0.0005469305,3.572237e-05,0.006151246,0.0,0.0,0.0
0.649,0.37553,0.2101,0.2137,0.01501005,0.00379098,0.008310006,0.003755348,0.0005478057,3.563166e-05,0.006152241,0.0,0.0,0.0
0.649,0.37549,0.2102,0.2138,0.01501361,0.003792452,0.00831169,0.003756905,0.0005486969,3.554781e-05,0.006153225,0.0,0.0,0.0
0.649,0.37545,0.2103,0.2139,0.01501716,0.003793926,0.008313362,0.003758456,0.0005496026,3.547017e-05,0.006154195,0.0,0.0,0.0
0.649,0.37541,0.2104,0.214,0.01502069,0.0037954,0.00831502,0.003760002,0.0005505217,3.539819e-05,0.006155153,0.0,0.0,0.0
0.649,0.37536,0.2105,0.2141,0.01502422,0.003796875,0.008316665,0.003761543,0.0005514532,3.533139e-05,0.006156099,0.0,0.0,0.0
0.649,0.37532,0.2106,0.2142,0.01502773,0.003798349,0.008318297,0.003763079,0.0005523962,3.526933e-05,0.006157032,0.0,0.0,0.0
0.649,0.37528,0.2107,0.2143,0.01503122,0.003799822,0.008319916,0.00376461,0.0005533499,3.521166e-05,0.006157952,0.0,0.0,0.0
0.649,0.37523,0.2108,0.2144,0.0150347,0.003801294,0.008321523,0.003766136,0.0005543136,3.515803e-05,0.00615886,0.0,0.0,0.0
0.649,0.37519,0.2109,0.2145,0.01503816,0.003802765,0.008323116,0.003767657,0.0005552868,3.510815e-05,0.006159755,0.0,0.0,0.0
0.649,0.37515,0.211,0.2146,0.0150416,0.003804235,0.008324696,0.003769173,0.0005562687,3.506175e-05,0.006160638,0.0,0.0,0.0
0.649,0.3751,0.2111,0.2147,0.01504503,0.003805702,0.008326263,0.003770684,0.0005572591,3.50186e-05,0.006161508,0.0,0.0,0.0
0.649,0.37506,0.2112,0.2148,0.01504844,0.003807168,0.008327817,0.003772189,0.0005582573,3.497848e-05,0.006162365,0.0,0.0,0.0
0.649,0.37502,0.21131,0.2149,0.01505183,0.003808631,0.008329358,0.00377369,0.0005592631,3.49412e-05,0.00616321,0.0,0.0,0.0
0.649,0.37498,0.21141,0.215,0.0150552,0.003810092,0.008330886,0.003775185,0.000560276,3.490658e-05,0.006164042,0.0,0.0,0.0
0.649,0.37493,0.21151,0.2151,0.01505856,0.00381155,0.008332401,0.003776676,0.0005612957,3.487448e-05,0.006164862,0.0,0.0,0.0
0.649,0.37489,0.21161,0.2152,0.01506189,0.003813006,0.008333903,0.003778161,0.000562322,3.484473e-05,0.006165669,0.0,0.0,0.0
0.649,0.37485,0.21171,0.2153,0.01506521,0.003814458,0.008335392,0.003779641,0.0005633546,3.481721e-05,0.006166463,0.0,0.0,0.0
0.649,0.3748,0.21181,0.2154,0.01506851,0.003815908,0.008336868,0.003781116,0.0005643932,3.47918e-05,0.006167245,0.0,0.0,0.0
0.649,0.37476,0.21191,0.2155,0.01507178,0.003817354,0.00833833,0.003782586,0.0005654376,3.476838e-05,0.006168014,0.0,0.0,0.0
0.649,0.37472,0.21201,0.2156,0.01507504,0.003818798,0.00833978,0.003784051,0.0005664875,3.474686e-05,0.00616877,0.0,0.0,0.0
0.649,0.37467,0.21211,0.2157,0.01507827,0.003820237,0.008341216,0.00378551,0.0005675429,3.472713e-05,0.006169513,0.0,0.0,0.0
0.649,0.37463,0.21221,0.2158,0.01508149,0.003821674,0.00834264,0.003786965,0.0005686035,3.470912e-05,0.006170244,0.0,0.0,0.0
0.649,0.37459,0.21231,0.2159,0.01508468,0.003823107,0.00834405,0.003788414,0.0005696691,3.469273e-05,0.006170963,0.0,0.0,0.0
0.649,0.37455,0.21241,0.216,0.01508786,0.003824536,0.008345447,0.003789858,0.0005707397,3.46779e-05,0.006171668,0.0,0.0,0.0
0.649,0.3745,0.21251,0.2161,0.01509101,0.003825962,0.008346831,0.003791297,0.000571815,3.466456e-05,0.006172361,0.0,0.0,0.0
0.649,0.37446,0.21261,0.2162,0.01509414,0.003827384,0.008348202,0.003792731,0.000572895,3.465263e-05,0.006173041,0.0,0.0,0.0
0.649,0.37442,0.21271,0.2163,0.01509725,0.003828802,0.00834956,0.00379416,0.0005739795,3.464206e-05,0.006173709,0.0,0.0,0.0
0.649,0.37437,0.21281,0.2164,0.01510034,0.003830216,0.008350905,0.003795583,0.0005750684,3.46328e-05,0.006174363,0.0,0.0,0.0
0.649,0.37433,0.21291,0.2165,0.0151034,0.003831626,0.008352236,0.003797001,0.0005761616,3.462478e-05,0.006175005,0.0,0.0,0.0
0.649,0.37429,0.21301,0.2166,0.01510645,0.003833032,0.008353555,0.003798414,0.000577259,3.461797e-05,0.006175634,0.0,0.0,0.0
0.649,0.37424,0.21311,0.2167,0.01510947,0.003834435,0.00835486,0.003799822,0.0005783605,3.46123e-05,0.006176251,0.0,0.0,0.0
0.649,0.3742,0.21321,0.2168,0.01511247,0.003835833,0.008356152,0.003801225,0.0005794661,3.460775e-05,0.006176855,0.0,0.0,0.0
0.649,0.37416,0.21331,0.2169,0.01511545,0.003837227,0.008357431,0.003802622,0.0005805756,3.460427e-05,0.006177446,0.0,0.0,0.0
0.649,0.37411,0.21341,0.217,0.01511841,0.003838616,0.008358697,0.003804015,0.000581689,3.460181e-05,0.006178024,0.0,0.0,0.0
0.649,0.37407,0.21351,0.2171,0.01512134,0.003840002,0.00835995,0.003805402,0.0005828061,3.460035e-05,0.006178589,0.0,0.0,0.0
0.649,0.37403,0.21361,0.2172,0.01512426,0.003841383,0.008361189,0.003806783,0.0005839271,3.459984e-05,0.006179142,0.0,0.0,0.0
0.649,0.37398,0.21372,0.2173,0.01512715,0.00384276,0.008362415,0.00380816,0.0005850517,3.460027e-05,0.006179682,0.0,0.0,0.0
0.649,0.37394,0.21382,0.2174,0.01513002,0.003844133,0.008363628,0.003809531,0.0005861799,3.460158e-05,0.006180209,0.0,0.0,0.0
0.649,0.37389,0.21392,0.2175,0.01513286,0.003845501,0.008364828,0.003810897,0.0005873116,3.460377e-05,0.006180723,0.0,0.0,0.0
0.649,0.37385,0.21402,0.2176,0.01513569,0.003846865,0.008366015,0.003812258,0.0005884469,3.460679e-05,0.006181224,0.0,0.0,0.0
0.649,0.37381,0.21412,0.2177,0.01513849,0.003848224,0.008367189,0.003813614,0.0005895857,3.461062e-05,0.006181713,0.0,0.0,0.0
0.649,0.37376,0.21422,0.2178,0.01514127,0.003849579,0.008368349,0.003814964,0.0005907278,3.461525e-05,0.006182189,0.0,0.0,0.0
0.649,0.37372,0.21432,0.2179,0.01514402,0.00385093,0.008369496,0.003816309,0.0005918733,3.462063e-05,0.006182652,0.0,0.0,0.0
0.649,0.37368,0.21442,0.218,0.01514675,0.003852276,0.00837063,0.003817649,0.0005930222,3.462676e-05,0.006183102,0.0,0.0,0.0
0.649,0.37363,0.21452,0.2181,0.01514946,0.003853617,0.008371751,0.003818983,0.0005941743,3.463361e-05,0.006183539,0.0,0.0,0.0
0.649,0.37359,0.21462,0.2182,0.01515215,0.003854954,0.008372858,0.003820313,0.0005953297,3.464115e-05,0.006183964,0.0,0.0,0.0
0.649,0.37355,0.21472,0.2183,0.01515482,0.003856286,0.008373952,0.003821637,0.0005964883,3.464938e-05,0.006184375,0.0,0.0,0.0
0.649,0.3735,0.21482,0.2184,0.01515746,0.003857614,0.008375033,0.003822955,0.0005976501,3.465827e-05,0.006184774,0.0,0.0,0.0
0.649,0.37346,0.21492,0.2185,0.01516008,0.003858937,0.008376101,0.003824269,0.000598815,3.46678e-05,0.00618516,0.0,0.0,0.0
0.649,0.37342,0.21502,0.2186,0.01516267,0.003860255,0.008377156,0.003825577,0.000599983,3.467796e-05,0.006185533,0.0,0.0,0.0
0.649,0.37337,0.21512,0.2187,0.01516524,0.003861568,0.008378197,0.00382688,0.0006011541,3.468874e-05,0.006185893,0.0,0.0,0.0
0.649,0.37333,0.21522,0.2188,0.01516779,0.003862877,0.008379225,0.003828177,0.0006023283,3.47001e-05,0.006186241,0.0,0.0,0.0
0.649,0.37328,0.21532,0.2189,0.01519428,0.003872215,0.00838024,0.003829469,0.0006274607,4.274608e-05,0.006186575,0.0,0.0,0.0
0.649,0.37324,0.21542,0.219,0.01519657,0.003873372,0.008381241,0.003830756,0.0006284349,4.261624e-05,0.006186897,0.0,0.0,0.0
0.649,0.3732,0.21552,0.2191,0.01519887,0.003874535,0.00838223,0.003832038,0.0006294307,4.249687e-05,0.006187205,0.0,0.0,0.0
0.649,0.37315,0.21562,0.2192,0.01520115,0.003875701,0.008383205,0.003833314,0.000630446,4.238689e-05,0.006187501,0.0,0.0,0.0
0.649,0.37311,0.21572,0.2193,0.01520343,0.00387687,0.008384167,0.003834585,0.0006314791,4.228536e-05,0.006187784,0.0,0.0,0.0
0.649,0.37306,0.21582,0.2194,0.0152057,0.003878042,0.008385115,0.00383585,0.0006325283,4.219147e-05,0.006188054,0.0,0.0,0.0
0.649,0.37302,0.21592,0.2195,0.01520795,0.003879215,0.008386051,0.00383711,0.0006335925,4.210452e-05,0.006188311,0.0,0.0,0.0
0.649,0.37298,0.21602,0.2196,0.0152102,0.003880389,0.008386973,0.003838365,0.0006346703,4.20239e-05,0.006188555,0.0,0.0,0.0
0.649,0.37293,0.21613,0.2197,0.01521243,0.003881564,0.008387881,0.003839615,0.0006357608,4.194909e-05,0.006188786,0.0,0.0,0.0
0.649,0.37289,0.21623,0.2198,0.01521464,0.003882738,0.008388777,0.003840859,0.0006368631,4.187962e-05,0.006189005,0.0,0.0,0.0
0.649,0.37284,0.21633,0.2199,0.01521685,0.003883913,0.008389659,0.003842098,0.0006379764,4.181507e-05,0.00618921,0.0,0.0,0.0
0.649,0.3728,0.21643,0.22,0.01521903,0.003885086,0.008390528,0.003843331,0.0006391001,4.175508e-05,0.006189403,0.0,0.0,0.0
0.649,0.37276,0.21653,0.2201,0.0152212,0.003886258,0.008391384,0.003844559,0.0006402336,4.169932e-05,0.006189582,0.0,0.0,0.0
0.649,0.37271,0.21663,0.2202,0.01522335,0.003887429,0.008392226,0.003845782,0.0006413762,4.164749e-05,0.006189749,0.0,0.0,0.0
0.649,0.37267,0.21673,0.2203,0.01522549,0.003888598,0.008393055,0.003846999,0.0006425275,4.159933e-05,0.006189902,0.0,0.0,0.0
0.649,0.37262,0.21683,0.2204,0.0152276,0.003889766,0.008393871,0.003848211,0.0006436871,4.155461e-05,0.006190043,0.0,0.0,0.0
0.649,0.37258,0.21693,0.2205,0.0152297,0.003890931,0.008394674,0.003849417,0.0006448545,4.15131e-05,0.006190171,0.0,0.0,0.0
0.649,0.37254,0.21703,0.2206,0.01523178,0.003892093,0.008395463,0.003850619,0.0006460294,4.147462e-05,0.006190286,0.0,0.0,0.0
0.649,0.37249,0.21713,0.2207,0.01523384,0.003893253,0.008396239,0.003851814,0.0006472115,4.143899e-05,0.006190388,0.0,0.0,0.0
0.649,0.37245,0.21723,0.2208,0.01523588,0.003894411,0.008397001,0.003853005,0.0006484004,4.140604e-05,0.006190476,0.0,0.0,0.0
0.649,0.3724,0.21733,0.2209,0.0152379,0.003895565,0.008397751,0.00385419,0.000649596,4.137562e-05,0.006190552,0.0,0.0,0.0
0.649,0.37236,0.21743,0.221,0.0152399,0.003896717,0.008398487,0.003855369,0.0006507979,4.13476e-05,0.006190615,0.0,0.0,0.0
0.649,0.37232,0.21753,0.2211,0.01524188,0.003897865,0.008399209,0.003856543,0.0006520059,4.132186e-05,0.006190665,0.0,0.0,0.0
0.649,0.37227,0.21763,0.2212,0.01524384,0.00389901,0.008399919,0.003857712,0.0006532199,4.129827e-05,0.006190702,0.0,0.0,0.0
0.649,0.37223,0.21773,0.2213,0.01524578,0.003900152,0.008400615,0.003858875,0.0006544396,4.127674e-05,0.006190726,0.0,0.0,0.0
0.649,0.37218,0.21783,0.2214,0.0152477,0.00390129,0.008401298,0.003860033,0.0006556648,4.125716e-05,0.006190738,0.0,0.0,0.0
0.649,0.37214,0.21793,0.2215,0.0152496,0.003902425,0.008401967,0.003861185,0.0006568954,4.123944e-05,0.006190736,0.0,0.0,0.0
0.649,0.37209,0.21803,0.2216,0.01525148,0.003903556,0.008402624,0.003862332,0.0006581312,4.12235e-05,0.006190721,0.0,0.0,0.0
0.649,0.37205,0.21813,0.2217,0.01525333,0.003904683,0.008403266,0.003863474,0.0006593721,4.120926e-05,0.006190693,0.0,0.0,0.0
0.649,0.37201,0.21823,0.2218,0.01525517,0.003905807,0.008403896,0.00386461,0.000660618,4.119664e-05,0.006190652,0.0,0.0,0.0
0.649,0.37196,0.21833,0.2219,0.01525698,0.003906926,0.008404512,0.003865741,0.0006618687,4.118558e-05,0.006190598,0.0,0.0,0.0
0.649,0.37192,0.21844,0.222,0.01525877,0.003908042,0.008405115,0.003866866,0.0006631242,4.117601e-05,0.006190531,0.0,0.0,0.0
0.649,0.37187,0.21854,0.2221,0.01526054,0.003909154,0.008405705,0.003867986,0.0006643842,4.116787e-05,0.006190451,0.0,0.0,0.0
0.649,0.37183,0.21864,0.2222,0.01526229,0.003910261,0.008406281,0.0038691,0.0006656488,4.116111e-05,0.006190359,0.0,0.0,0.0
0.649,0.37178,0.21874,0.2223,0.01526401,0.003911364,0.008406844,0.003870209,0.0006669178,4.115567e-05,0.006190253,0.0,0.0,0.0
0.649,0.37174,0.21884,0.2224,0.01526572,0.003912464,0.008407394,0.003871312,0.0006681911,4.115151e-05,0.006190134,0.0,0.0,0.0
0.649,0.37169,0.21894,0.2225,0.0152674,0.003913559,0.00840793,0.00387241,0.0006694687,4.114857e-05,0.006190002,0.0,0.0,0.0
0.649,0.37165,0.21904,0.2226,0.01526906,0.003914649,0.008408453,0.003873503,0.0006707505,4.114681e-05,0.006189857,0.0,0.0,0.0
0.649,0.37161,0.21914,0.2227,0.0152707,0.003915736,0.008408963,0.003874589,0.0006720364,4.11462e-05,0.006189699,0.0,0.0,0.0
0.649,0.37156,0.21924,0.2228,0.01527231,0.003916818,0.008409459,0.003875671,0.0006733263,4.114669e-05,0.006189528,0.0,0.0,0.0
0.649,0.37152,0.21934,0.2229,0.01527391,0.003917895,0.008409942,0.003876747,0.0006746203,4.114824e-05,0.006189344,0.0,0.0,0.0
0.649,0.37147,0.21944,0.223,0.01527548,0.003918968,0.008410412,0.003877817,0.0006759181,4.115083e-05,0.006189147,0.0,0.0,0.0
0.649,0.37143,0.21954,0.2231,0.01527703,0.003920037,0.008410869,0.003878882,0.0006772198,4.115441e-05,0.006188938,0.0,0.0,0.0
0.649,0.37138,0.21964,0.2232,0.01527855,0.003921101,0.008411312,0.003879942,0.0006785253,4.115895e-05,0.006188715,0.0,0.0,0.0
0.649,0.37134,0.21974,0.2233,0.01528005,0.00392216,0.008411742,0.003880996,0.0006798345,4.116444e-05,0.006188479,0.0,0.0,0.0
0.649,0.37129,0.21984,0.2234,0.01528154,0.003923215,0.008412158,0.003882045,0.0006811475,4.117082e-05,0.00618823,0.0,0.0,0.0
0.649,0.37125,0.21994,0.2235,0.01528299,0.003924266,0.008412561,0.003883088,0.0006824641,4.117809e-05,0.006187968,0.0,0.0,0.0
0.649,0.3712,0.22004,0.2236,0.01528443,0.003925311,0.008412951,0.003884125,0.0006837844,4.118622e-05,0.006187692,0.0,0.0,0.0
0.649,0.37116,0.22014,0.2237,0.01528584,0.003926352,0.008413328,0.003885157,0.0006851082,4.119517e-05,0.006187404,0.0,0.0,0.0
0.649,0.37111,0.22024,0.2238,0.01528723,0.003927389,0.008413691,0.003886184,0.0006864356,4.120494e-05,0.006187103,0.0,0.0,0.0
0.649,0.37107,0.22034,0.2239,0.0152886,0.00392842,0.008414041,0.003887205,0.0006877665,4.121548e-05,0.006186789,0.0,0.0,0.0
0.649,0.37103,0.22044,0.224,0.01528994,0.003929447,0.008414377,0.00388822,0.0006891008,4.122679e-05,0.006186462,0.0,0.0,0.0
0.649,0.37098,0.22054,0.2241,0.01529126,0.003930469,0.008414701,0.00388923,0.0006904386,4.123885e-05,0.006186122,0.0,0.0,0.0
0.649,0.37094,0.22064,0.2242,0.01529256,0.003931486,0.008415011,0.003890234,0.0006917798,4.125163e-05,0.006185769,0.0,0.0,0.0
0.649,0.37089,0.22074,0.2243,0.01529383,0.003932498,0.008415307,0.003891233,0.0006931244,4.126511e-05,0.006185402,0.0,0.0,0.0
0.649,0.37085,0.22085,0.2244,0.0153204,0.003942811,0.008415591,0.003892227,0.0007197901,5.058397e-05,0.006185023,0.0,0.0,0.0
0.649,0.3708,0.22095,0.2245,0.01532142,0.003943645,0.008415861,0.003893215,0.0007209242,5.043028e-05,0.006184631,0.0,0.0,0.0
0.649,0.37076,0.22105,0.2246,0.01532242,0.003944486,0.008416117,0.003894197,0.0007220817,5.028914e-05,0.006184225,0.0,0.0,0.0
0.649,0.37071,0.22115,0.2247,0.01532343,0.003945333,0.008416361,0.003895174,0.0007232603,5.015923e-05,0.006183807,0.0,0.0,0.0
0.649,0.37067,0.22125,0.2248,0.01532442,0.003946184,0.008416591,0.003896145,0.000724458,5.003941e-05,0.006183376,0.0,0.0,0.0
0.649,0.37062,0.22135,0.2249,0.01532541,0.003947039,0.008416808,0.00389711,0.0007256732,4.992869e-05,0.006182931,0.0,0.0,0.0
0.649,0.37058,0.22145,0.225,0.01532639,0.003947897,0.008417011,0.003898071,0.0007269044,4.982625e-05,0.006182474,0.0,0.0,0.0
0.649,0.37053,0.22155,0.2251,0.01532735,0.003948756,0.008417201,0.003899025,0.0007281504,4.973135e-05,0.006182003,0.0,0.0,0.0
0.649,0.37049,0.22165,0.2252,0.01532831,0.003949617,0.008417378,0.003899974,0.00072941,4.964335e-05,0.00618152,0.0,0.0,0.0
0.649,0.37044,0.22175,0.2253,0.01532925,0.003950479,0.008417542,0.003900917,0.0007306824,4.95617e-05,0.006181023,0.0,0.0,0.0
0.649,0.3704,0.22185,0.2254,0.01533017,0.003951341,0.008417692,0.003901855,0.0007319667,4.948588e-05,0.006180513,0.0,0.0,0.0
0.649,0.37035,0.22195,0.2255,0.01533108,0.003952203,0.008417829,0.003902788,0.0007332621,4.941547e-05,0.006179991,0.0,0.0,0.0
0.649,0.37031,0.22205,0.2256,0.01533198,0.003953064,0.008417952,0.003903714,0.0007345679,4.935007e-05,0.006179455,0.0,0.0,0.0
0.649,0.37026,0.22215,0.2257,0.01533285,0.003953925,0.008418063,0.003904636,0.0007358837,4.928933e-05,0.006178906,0.0,0.0,0.0
0.649,0.37022,0.22225,0.2258,0.01533371,0.003954784,0.00841816,0.003905551,0.0007372089,4.923293e-05,0.006178345,0.0,0.0,0.0
0.649,0.37017,0.22235,0.2259,0.01533456,0.003955642,0.008418244,0.003906461,0.0007385429,4.91806e-05,0.00617777,0.0,0.0,0.0
0.649,0.37013,0.22245,0.226,0.01533538,0.003956498,0.008418314,0.003907366,0.0007398854,4.913208e-05,0.006177182,0.0,0.0,0.0
0.649,0.37008,0.22255,0.2261,0.01533619,0.003957352,0.008418372,0.003908265,0.000741236,4.908712e-05,0.006176581,0.0,0.0,0.0
0.649,0.37003,0.22265,0.2262,0.01533698,0.003958203,0.008418415,0.003909158,0.0007425944,4.904553e-05,0.006175968,0.0,0.0,0.0
0.649,0.36999,0.22275,0.2263,0.01533775,0.003959053,0.008418446,0.003910046,0.0007439601,4.90071e-05,0.006175341,0.0,0.0,0.0
0.649,0.36994,0.22285,0.2264,0.0153385,0.003959899,0.008418464,0.003910928,0.000745333,4.897167e-05,0.006174701,0.0,0.0,0.0
0.649,0.3699,0.22295,0.2265,0.01533923,0.003960743,0.008418468,0.003911804,0.0007467128,4.893906e-05,0.006174048,0.0,0.0,0.0
0.649,0.36985,0.22305,0.2266,0.01533994,0.003961584,0.008418459,0.003912675,0.0007480992,4.890913e-05,0.006173382,0.0,0.0,0.0
0.649,0.36981,0.22316,0.2267,0.01534063,0.003962422,0.008418436,0.003913541,0.0007494919,4.888175e-05,0.006172703,0.0,0.0,0.0
0.649,0.36976,0.22326,0.2268,0.0153413,0.003963257,0.008418401,0.0039144,0.0007508909,4.885679e-05,0.006172011,0.0,0.0,0.0
0.649,0.36972,0.22336,0.2269,0.01534195,0.003964089,0.008418352,0.003915254,0.0007522959,4.883413e-05,0.006171306,0.0,0.0,0.0
0.649,0.36967,0.22346,0.227,0.01534258,0.003964917,0.008418289,0.003916103,0.0007537067,4.881365e-05,0.006170588,0.0,0.0,0.0
0.649,0.36963,0.22356,0.2271,0.01534319,0.003965741,0.008418214,0.003916946,0.0007551231,4.879528e-05,0.006169857,0.0,0.0,0.0
0.649,0.36958,0.22366,0.2272,0.01534378,0.003966562,0.008418125,0.003917783,0.0007565451,4.877889e-05,0.006169113,0.0,0.0,0.0
0.649,0.36954,0.22376,0.2273,0.01534435,0.003967379,0.008418023,0.003918615,0.0007579725,4.876442e-05,0.006168356,0.0,0.0,0.0
0.649,0.36949,0.22386,0.2274,0.0153449,0.003968193,0.008417908,0.003919441,0.0007594051,4.875179e-05,0.006167586,0.0,0.0,0.0
0.649,0.36944,0.22396,0.2275,0.01534543,0.003969003,0.00841778,0.003920262,0.0007608429,4.87409e-05,0.006166803,0.0,0.0,0.0
0.649,0.3694,0.22406,0.2276,0.01534593,0.003969808,0.008417638,0.003921077,0.0007622857,4.87317e-05,0.006166007,0.0,0.0,0.0
0.649,0.36935,0.22416,0.2277,0.01534641,0.00397061,0.008417483,0.003921886,0.0007637334,4.872411e-05,0.006165198,0.0,0.0,0.0
0.649,0.36931,0.22426,0.2278,0.01534688,0.003971408,0.008417315,0.00392269,0.0007651859,4.871808e-05,0.006164376,0.0,0.0,0.0
0.649,0.36926,0.22436,0.2279,0.01534732,0.003972201,0.008417134,0.003923488,0.0007666431,4.871355e-05,0.006163541,0.0,0.0,0.0
0.649,0.36922,0.22446,0.228,0.01534774,0.003972991,0.008416939,0.00392428,0.000768105,4.871046e-05,0.006162693,0.0,0.0,0.0
0.649,0.36917,0.22456,0.2281,0.01534814,0.003973776,0.008416732,0.003925067,0.0007695714,4.870875e-05,0.006161832,0.0,0.0,0.0
0.649,0.36913,0.22466,0.2282,0.01534851,0.003974557,0.008416511,0.003925848,0.0007710423,4.870839e-05,0.006160958,0.0,0.0,0.0
0.649,0.36908,0.22476,0.2283,0.01534887,0.003975333,0.008416277,0.003926624,0.0007725177,4.870931e-05,0.006160071,0.0,0.0,0.0
0.649,0.36903,0.22486,0.2284,0.0153492,0.003976105,0.008416029,0.003927394,0.0007739974,4.871149e-05,0.006159171,0.0,0.0,0.0
0.649,0.36899,0.22496,0.2285,0.01534951,0.003976873,0.008415769,0.003928158,0.0007754813,4.871488e-05,0.006158259,0.0,0.0,0.0
0.649,0.36894,0.22506,0.2286,0.0153498,0.003977636,0.008415495,0.003928917,0.0007769695,4.871944e-05,0.006157333,0.0,0.0,0.0
0.649,0.3689,0.22516,0.2287,0.01535006,0.003978395,0.008415208,0.00392967,0.0007784619,4.872513e-05,0.006156394,0.0,0.0,0.0
0.649,0.36885,0.22526,0.2288,0.01535031,0.003979149,0.008414908,0.003930418,0.0007799583,4.873192e-05,0.006155442,0.0,0.0,0.0
0.649,0.36881,0.22536,0.2289,0.01535053,0.003979899,0.008414595,0.003931159,0.0007814589,4.873977e-05,0.006154477,0.0,0.0,0.0
0.649,0.36876,0.22547,0.229,0.01535073,0.003980644,0.008414268,0.003931896,0.0007829634,4.874865e-05,0.0061535,0.0,0.0,0.0
0.649,0.36871,0.22557,0.2291,0.01535091,0.003981385,0.008413929,0.003932626,0.0007844719,4.875854e-05,0.006152509,0.0,0.0,0.0
0.649,0.36867,0.22567,0.2292,0.01535107,0.00398212,0.008413576,0.003933351,0.0007859844,4.876939e-05,0.006151505,0.0,0.0,0.0
0.649,0.36862,0.22577,0.2293,0.0153512,0.003982852,0.00841321,0.00393407,0.0007875007,4.87812e-05,0.006150489,0.0,0.0,0.0
0.649,0.36858,0.22587,0.2294,0.01535131,0.003983578,0.008412831,0.003934784,0.0007890209,4.879392e-05,0.006149459,0.0,0.0,0.0
0.649,0.36853,0.22597,0.2295,0.0153514,0.0039843,0.008412438,0.003935492,0.0007905449,4.880754e-05,0.006148417,0.0,0.0,0.0
0.649,0.36848,0.22607,0.2296,0.01535147,0.003985016,0.008412033,0.003936194,0.0007920726,4.882204e-05,0.006147361,0.0,0.0,0.0
0.649,0.36844,0.22617,0.2297,0.01535151,0.003985729,0.008411615,0.003936891,0.0007936041,4.883737e-05,0.006146293,0.0,0.0,0.0
0.649,0.36839,0.22627,0.2298,0.01535153,0.003986436,0.008411183,0.003937582,0.0007951393,4.885354e-05,0.006145212,0.0,0.0,0.0
0.649,0.36835,0.22637,0.2299,0.01537808,0.00399781,0.008410738,0.003938268,0.0008232292,5.954244e-05,0.006144117,0.0,0.0,0.0
0.649,0.3683,0.22647,0.23,0.01537784,0.003998313,0.00841028,0.003938948,0.0008245508,5.93655e-05,0.00614301,0.0,0.0,0.0
0.649,0.36825,0.22657,0.2301,0.0153776,0.003998825,0.008409809,0.003939622,0.0008258967,5.920308e-05,0.00614189,0.0,0.0,0.0
0.649,0.36821,0.22667,0.2302,0.01537735,0.003999344,0.008409325,0.00394029,0.0008272647,5.905363e-05,0.006140757,0.0,0.0,0.0
0.649,0.36816,0.22677,0.2303,0.01537709,0.003999869,0.008408828,0.003940953,0.0008286528,5.891586e-05,0.006139612,0.0,0.0,0.0
0.649,0.36812,0.22687,0.2304,0.01537683,0.004000399,0.008408318,0.00394161,0.0008300591,5.878862e-05,0.006138453,0.0,0.0,0.0
0.649,0.36807,0.22697,0.2305,0.01537656,0.004000933,0.008407795,0.003942262,0.0008314822,5.867095e-05,0.006137281,0.0,0.0,0.0
0.649,0.36802,0.22707,0.2306,0.01537628,0.00400147,0.008407258,0.003942908,0.0008329208,5.856201e-05,0.006136097,0.0,0.0,0.0
0.649,0.36798,0.22717,0.2307,0.01537598,0.004002009,0.008406709,0.003943548,0.0008343738,5.846105e-05,0.006134899,0.0,0.0,0.0
0.649,0.36793,0.22727,0.2308,0.01537568,0.00400255,0.008406146,0.003944183,0.0008358402,5.836742e-05,0.006133689,0.0,0.0,0.0
0.649,0.36789,0.22737,0.2309,0.01537536,0.004003092,0.008405571,0.003944812,0.000837319,5.828055e-05,0.006132466,0.0,0.0,0.0
0.649,0.36784,0.22747,0.231,0.01537502,0.004003635,0.008404982,0.003945435,0.0008388097,5.819993e-05,0.00613123,0.0,0.0,0.0
0.649,0.36779,0.22757,0.2311,0.01537467,0.004004178,0.00840438,0.003946053,0.0008403113,5.812511e-05,0.006129981,0.0,0.0,0.0
0.649,0.36775,0.22768,0.2312,0.01537431,0.00400472,0.008403765,0.003946665,0.0008418235,5.805568e-05,0.006128719,0.0,0.0,0.0
0.649,0.3677,0.22778,0.2313,0.01537393,0.004005262,0.008403138,0.003947271,0.0008433455,5.799127e-05,0.006127445,0.0,0.0,0.0
0.649,0.36766,0.22788,0.2314,0.01537353,0.004005803,0.008402497,0.003947872,0.000844877,5.793157e-05,0.006126157,0.0,0.0,0.0
0.649,0.36761,0.22798,0.2315,0.01537312,0.004006343,0.008401843,0.003948467,0.0008464174,5.787627e-05,0.006124857,0.0,0.0,0.0
0.649,0.36756,0.22808,0.2316,0.01537269,0.004006881,0.008401176,0.003949056,0.0008479664,5.78251e-05,0.006123544,0.0,0.0,0.0
0.649,0.36752,0.22818,0.2317,0.01537224,0.004007418,0.008400497,0.00394964,0.0008495236,5.777782e-05,0.006122218,0.0,0.0,0.0
0.649,0.36747,0.22828,0.2318,0.01537177,0.004007952,0.008399804,0.003950218,0.0008510888,5.77342e-05,0.006120879,0.0,0.0,0.0
0.649,0.36742,0.22838,0.2319,0.01537129,0.004008485,0.008399098,0.00395079,0.0008526615,5.769405e-05,0.006119527,0.0,0.0,0.0
0.649,0.36738,0.22848,0.232,0.01537078,0.004009014,0.008398379,0.003951357,0.0008542415,5.765717e-05,0.006118163,0.0,0.0,0.0
0.649,0.36733,0.22858,0.2321,0.01537026,0.004009542,0.008397647,0.003951918,0.0008558285,5.762339e-05,0.006116786,0.0,0.0,0.0
0.649,0.36728,0.22868,0.2322,0.01536972,0.004010066,0.008396903,0.003952474,0.0008574224,5.759256e-05,0.006115396,0.0,0.0,0.0
0.649,0.36724,0.22878,0.2323,0.01536916,0.004010588,0.008396145,0.003953024,0.000859023,5.756452e-05,0.006113993,0.0,0.0,0.0
0.649,0.36719,0.22888,0.2324,0.01536858,0.004011107,0.008395375,0.003953568,0.0008606299,5.753914e-05,0.006112577,0.0,0.0,0.0
0.649,0.36714,0.22898,0.2325,0.01536798,0.004011623,0.008394591,0.003954106,0.0008622431,5.75163e-05,0.006111149,0.0,0.0,0.0
0.649,0.3671,0.22908,0.2326,0.01536736,0.004012135,0.008393795,0.003954639,0.0008638624,5.749589e-05,0.006109708,0.0,0.0,0.0
0.649,0.36705,0.22918,0.2327,0.01536673,0.004012644,0.008392985,0.003955166,0.0008654876,5.747778e-05,0.006108254,0.0,0.0,0.0
0.649,0.36701,0.22928,0.2328,0.01536607,0.00401315,0.008392163,0.003955688,0.0008671186,5.746189e-05,0.006106787,0.0,0.0,0.0
0.649,0.36696,0.22938,0.2329,0.01536539,0.004013652,0.008391328,0.003956204,0.0008687552,5.744811e-05,0.006105308,0.0,0.0,0.0
0.649,0.36691,0.22948,0.233,0.01536469,0.004014151,0.00839048,0.003956714,0.0008703974,5.743637e-05,0.006103816,0.0,0.0,0.0
0.649,0.36687,0.22958,0.2331,0.01536397,0.004014645,0.008389619,0.003957219,0.0008720449,5.742657e-05,0.006102311,0.0,0.0,0.0
0.649,0.36682,0.22968,0.2332,0.01536324,0.004015136,0.008388745,0.003957718,0.0008736978,5.741864e-05,0.006100793,0.0,0.0,0.0
0.649,0.36677,0.22978,0.2333,0.01536248,0.004015623,0.008387858,0.003958211,0.0008753559,5.741252e-05,0.006099263,0.0,0.0,0.0
0.649,0.36673,0.22988,0.2334,0.0153617,0.004016107,0.008386959,0.003958699,0.000877019,5.740812e-05,0.00609772,0.0,0.0,0.0
0.649,0.36668,0.22999,0.2335,0.0153609,0.004016586,0.008386046,0.003959181,0.0008786872,5.74054e-05,0.006096164,0.0,0.0,0.0
0.649,0.36663,0.23009,0.2336,0.01536008,0.004017061,0.008385121,0.003959657,0.0008803603,5.740428e-05,0.006094596,0.0,0.0,0.0
0.649,0.36659,0.23019,0.2337,0.01535924,0.004017532,0.008384183,0.003960128,0.0008820383,5.740471e-05,0.006093014,0.0,0.0,0.0
0.649,0.36654,0.23029,0.2338,0.01535837,0.004017999,0.008383232,0.003960593,0.0008837211,5.740664e-05,0.006091421,0.0,0.0,0.0
0.649,0.36649,0.23039,0.2339,0.01535749,0.004018462,0.008382269,0.003961052,0.0008854085,5.741002e-05,0.006089814,0.0,0.0,0.0
0.649,0.36645,0.23049,0.234,0.01535659,0.004018921,0.008381292,0.003961506,0.0008871006,5.741479e-05,0.006088195,0.0,0.0,0.0
0.649,0.3664,0.23059,0.2341,0.01535566,0.004019375,0.008380303,0.003961954,0.0008887973,5.742092e-05,0.006086563,0.0,0.0,0.0
0.649,0.36635,0.23069,0.2342,0.01535472,0.004019825,0.008379301,0.003962396,0.0008904986,5.742837e-05,0.006084919,0.0,0.0,0.0
0.649,0.3663,0.23079,0.2343,0.01535375,0.00402027,0.008378286,0.003962833,0.0008922043,5.743708e-05,0.006083262,0.0,0.0,0.0
0.649,0.36626,0.23089,0.2344,0.01535276,0.004020711,0.008377258,0.003963264,0.0008939144,5.744702e-05,0.006081592,0.0,0.0,0.0
0.649,0.36621,0.23099,0.2345,0.01535176,0.004021148,0.008376218,0.00396369,0.0008956289,5.745816e-05,0.006079909,0.0,0.0,0.0
0.649,0.36616,0.23109,0.2346,0.01535073,0.00402158,0.008375165,0.003964109,0.0008973477,5.747046e-05,0.006078214,0.0,0.0,0.0
0.649,0.36612,0.23119,0.2347,0.01534968,0.004022008,0.008374099,0.003964524,0.0008990708,5.748389e-05,0.006076507,0.0,0.0,0.0
0.649,0.36607,0.23129,0.2348,0.01534861,0.004022431,0.00837302,0.003964932,0.0009007981,5.749841e-05,0.006074787,0.0,0.0,0.0
0.649,0.36602,0.23139,0.2349,0.01534751,0.004022849,0.008371929,0.003965335,0.0009025296,5.7514e-05,0.006073054,0.0,0.0,0.0
0.649,0.36598,0.23149,0.235,0.0153464,0.004023263,0.008370825,0.003965732,0.0009042653,5.753062e-05,0.006071308,0.0,0.0,0.0
0.649,0.36593,0.23159,0.2351,0.01534526,0.004023672,0.008369709,0.003966124,0.0009060052,5.754825e-05,0.00606955,0.0,0.0,0.0
0.649,0.36588,0.23169,0.2352,0.01534411,0.004024077,0.008368579,0.00396651,0.0009077491,5.756687e-05,0.00606778,0.0,0.0,0.0
0.649,0.36583,0.23179,0.2353,0.01534293,0.004024477,0.008367437,0.00396689,0.0009094971,5.758644e-05,0.006065997,0.0,0.0,0.0
0.649,0.36579,0.23189,0.2354,0.01536936,0.004036994,0.008366283,0.003967265,0.0009388798,6.97285e-05,0.006064201,0.0,0.0,0.0
0.649,0.36574,0.23199,0.2355,0.01536793,0.004037165,0.008365115,0.003967634,0.0009404189,6.953035e-05,0.006062393,0.0,0.0,0.0
0.649,0.36569,0.23209,0.2356,0.01536649,0.004037346,0.008363935,0.003967998,0.0009419827,6.934842e-05,0.006060572,0.0,0.0,0.0
0.649,0.36565,0.2322,0.2357,0.01536505,0.004037537,0.008362743,0.003968356,0.0009435689,6.918102e-05,0.006058739,0.0,0.0,0.0
0.649,0.3656,0.2323,0.2358,0.01536361,0.004037734,0.008361537,0.003968708,0.0009451754,6.902669e-05,0.006056893,0.0,0.0,0.0
0.649,0.36555,0.2324,0.2359,0.01536216,0.004037939,0.00836032,0.003969054,0.0009468004,6.888419e-05,0.006055035,0.0,0.0,0.0
0.649,0.36551,0.2325,0.236,0.0153607,0.004038148,0.008359089,0.003969395,0.0009484427,6.875244e-05,0.006053165,0.0,0.0,0.0
0.649,0.36546,0.2326,0.2361,0.01535923,0.004038361,0.008357846,0.003969731,0.0009501007,6.86305e-05,0.006051281,0.0,0.0,0.0
0.649,0.36541,0.2327,0.2362,0.01535775,0.004038578,0.008356591,0.00397006,0.0009517735,6.851754e-05,0.006049386,0.0,0.0,0.0
0.649,0.36536,0.2328,0.2363,0.01535626,0.004038797,0.008355323,0.003970384,0.0009534601,6.841285e-05,0.006047478,0.0,0.0,0.0
0.649,0.36532,0.2329,0.2364,0.01535476,0.004039019,0.008354042,0.003970703,0.0009551595,6.831578e-05,0.006045557,0.0,0.0,0.0
0.649,0.36527,0.233,0.2365,0.01535324,0.004039241,0.008352749,0.003971016,0.0009568711,6.822577e-05,0.006043624,0.0,0.0,0.0
0.649,0.36522,0.2331,0.2366,0.01535172,0.004039465,0.008351443,0.003971323,0.0009585941,6.81423e-05,0.006041679,0.0,0.0,0.0
0.649,0.36517,0.2332,0.2367,0.01535017,0.004039689,0.008350125,0.003971624,0.0009603279,6.806493e-05,0.006039721,0.0,0.0,0.0
0.649,0.36513,0.2333,0.2368,0.01534862,0.004039914,0.008348794,0.00397192,0.000962072,6.799325e-05,0.006037751,0.0,0.0,0.0
0.649,0.36508,0.2334,0.2369,0.01534705,0.004040138,0.008347451,0.003972211,0.0009638259,6.792689e-05,0.006035768,0.0,0.0,0.0
0.649,0.36503,0.2335,0.237,0.01534546,0.004040361,0.008346095,0.003972496,0.0009655891,6.786551e-05,0.006033773,0.0,0.0,0.0
0.649,0.36498,0.2336,0.2371,0.01534385,0.004040584,0.008344727,0.003972775,0.0009673613,6.780881e-05,0.006031766,0.0,0.0,0.0
0.649,0.36494,0.2337,0.2372,0.01534223,0.004040805,0.008343347,0.003973048,0.0009691421,6.775653e-05,0.006029746,0.0,0.0,0.0
0.649,0.36489,0.2338,0.2373,0.0153406,0.004041025,0.008341954,0.003973316,0.0009709312,6.77084e-05,0.006027714,0.0,0.0,0.0
0.649,0.36484,0.2339,0.2374,0.01533895,0.004041243,0.008340548,0.003973579,0.0009727282,6.76642e-05,0.006025669,0.0,0.0,0.0
0.649,0.36479,0.234,0.2375,0.01533728,0.004041459,0.00833913,0.003973835,0.0009745329,6.762371e-05,0.006023613,0.0,0.0,0.0
0.649,0.36475,0.2341,0.2376,0.01533559,0.004041673,0.0083377,0.003974086,0.0009763451,6.758675e-05,0.006021544,0.0,0.0,0.0
0.649,0.3647,0.2342,0.2377,0.01533388,0.004041885,0.008336257,0.003974332,0.0009781644,6.755313e-05,0.006019462,0.0,0.0,0.0
0.649,0.36465,0.2343,0.2378,0.01533216,0.004042095,0.008334802,0.003974572,0.0009799908,6.75227e-05,0.006017369,0.0,0.0,0.0
0.649,0.3646,0.23441,0.2379,0.01533042,0.004042302,0.008333335,0.003974806,0.0009818239,6.749529e-05,0.006015263,0.0,0.0,0.0
0.649,0.36456,0.23451,0.238,0.01532866,0.004042506,0.008331855,0.003975035,0.0009836637,6.747077e-05,0.006013144,0.0,0.0,0.0
0.649,0.36451,0.23461,0.2381,0.01532689,0.004042707,0.008330363,0.003975258,0.0009855099,6.7449e-05,0.006011014,0.0,0.0,0.0
0.649,0.36446,0.23471,0.2382,0.01532509,0.004042906,0.008328859,0.003975476,0.0009873624,6.742986e-05,0.006008871,0.0,0.0,0.0
0.649,0.36441,0.23481,0.2383,0.01532328,0.004043101,0.008327342,0.003975688,0.000989221,6.741325e-05,0.006006716,0.0,0.0,0.0
0.649,0.36437,0.23491,0.2384,0.01532145,0.004043293,0.008325813,0.003975894,0.0009910857,6.739905e-05,0.006004549,0.0,0.0,0.0
0.649,0.36432,0.23501,0.2385,0.0153196,0.004043482,0.008324272,0.003976095,0.0009929562,6.738716e-05,0.00600237,0.0,0.0,0.0
0.649,0.36427,0.23511,0.2386,0.01531773,0.004043668,0.008322718,0.00397629,0.0009948326,6.737749e-05,0.006000178,0.0,0.0,0.0
0.649,0.36422,0.23521,0.2387,0.01531584,0.00404385,0.008321152,0.00397648,0.0009967146,6.736996e-05,0.005997974,0.0,0.0,0.0
0.649,0.36418,0.23531,0.2388,0.01531393,0.004044029,0.008319574,0.003976664,0.0009986021,6.736447e-05,0.005995758,0.0,0.0,0.0
0.649,0.36413,0.23541,0.2389,0.01531201,0.004044204,0.008317984,0.003976843,0.001000495,6.736097e-05,0.00599353,0.0,0.0,0.0
0.649,0.36408,0.23551,0.239,0.01531006,0.004044375,0.008316382,0.003977016,0.001002394,6.735936e-05,0.00599129,0.0,0.0,0.0
0.649,0.36403,0.23561,0.2391,0.0153081,0.004044543,0.008314767,0.003977183,0.001004297,6.735959e-05,0.005989038,0.0,0.0,0.0
0.649,0.36398,0.23571,0.2392,0.01530612,0.004044707,0.00831314,0.003977345,0.001006206,6.73616e-05,0.005986773,0.0,0.0,0.0
0.649,0.36394,0.23581,0.2393,0.01530412,0.004044867,0.008311501,0.003977501,0.00100812,6.736531e-05,0.005984496,0.0,0.0,0.0
0.649,0.36389,0.23591,0.2394,0.0153021,0.004045023,0.00830985,0.003977652,0.001010039,6.737067e-05,0.005982208,0.0,0.0,0.0
0.649,0.36384,0.23601,0.2395,0.01530006,0.004045175,0.008308186,0.003977797,0.001011963,6.737764e-05,0.005979907,0.0,0.0,0.0
0.649,0.36379,0.23611,0.2396,0.015298,0.004045323,0.008306511,0.003977937,0.001013893,6.738615e-05,0.005977594,0.0,0.0,0.0
0.649,0.36374,0.23621,0.2397,0.01529592,0.004045467,0.008304823,0.003978071,0.001015827,6.739615e-05,0.005975269,0.0,0.0,0.0
0.649,0.3637,0.23631,0.2398,0.01529382,0.004045607,0.008303123,0.0039782,0.001017765,6.740762e-05,0.005972932,0.0,0.0,0.0
0.649,0.36365,0.23641,0.2399,0.0152917,0.004045743,0.008301412,0.003978323,0.001019709,6.742048e-05,0.005970583,0.0,0.0,0.0
0.649,0.3636,0.23651,0.24,0.01528957,0.004045875,0.008299688,0.00397844,0.001021657,6.743472e-05,0.005968222,0.0,0.0,0.0
0.649,0.36355,0.23662,0.2401,0.01528741,0.004046002,0.008297952,0.003978552,0.00102361,6.745028e-05,0.005965849,0.0,0.0,0.0
0.649,0.3635,0.23672,0.2402,0.01528524,0.004046126,0.008296204,0.003978659,0.001025568,6.746714e-05,0.005963464,0.0,0.0,0.0
0.649,0.36346,0.23682,0.2403,0.01528304,0.004046245,0.008294444,0.003978759,0.00102753,6.748524e-05,0.005961067,0.0,0.0,0.0
0.649,0.36341,0.23692,0.2404,0.01528083,0.004046359,0.008292672,0.003978855,0.001029497,6.750457e-05,0.005958658,0.0,0.0,0.0
0.649,0.36336,0.23702,0.2405,0.01527859,0.00404647,0.008290888,0.003978945,0.001031468,6.752508e-05,0.005956237,0.0,0.0,0.0
0.649,0.36331,0.23712,0.2406,0.01527634,0.004046576,0.008289092,0.003979029,0.001033444,6.754674e-05,0.005953804,0.0,0.0,0.0
0.649,0.36326,0.23722,0.2407,0.01527407,0.004046677,0.008287284,0.003979108,0.001035424,6.756953e-05,0.005951359,0.0,0.0,0.0
0.649,0.36322,0.23732,0.2408,0.01530054,0.004060673,0.008285464,0.003979181,0.001066177,8.149164e-05,0.005948902,0.0,0.0,0.0
0.649,0.36317,0.23742,0.2409,0.015298,0.004060505,0.008283632,0.003979249,0.001067939,8.125603e-05,0.005946434,0.0,0.0,0.0
0.649,0.36312,0.23752,0.241,0.01529547,0.004060351,0.008281788,0.003979311,0.001069728,8.104009e-05,0.005943953,0.0,0.0,0.0
0.649,0.36307,0.23762,0.2411,0.01529293,0.00406021,0.008279932,0.003979368,0.001071541,8.084169e-05,0.005941461,0.0,0.0,0.0
0.649,0.36302,0.23772,0.2412,0.0152904,0.004060078,0.008278065,0.003979419,0.001073375,8.065904e-05,0.005938957,0.0,0.0,0.0
0.649,0.36298,0.23782,0.2413,0.01528786,0.004059956,0.008276185,0.003979465,0.00107523,8.049061e-05,0.005936441,0.0,0.0,0.0
0.649,0.36293,0.23792,0.2414,0.01528531,0.004059841,0.008274294,0.003979506,0.001077104,8.033507e-05,0.005933913,0.0,0.0,0.0
0.649,0.36288,0.23802,0.2415,0.01528276,0.004059732,0.008272391,0.00397954,0.001078994,8.019127e-05,0.005931373,0.0,0.0,0.0
0.649,0.36283,0.23812,0.2416,0.0152802,0.004059628,0.008270476,0.00397957,0.0010809,8.005822e-05,0.005928822,0.0,0.0,0.0
0.649,0.36278,0.23822,0.2417,0.01527763,0.004059529,0.008268549,0.003979594,0.001082821,7.993502e-05,0.005926258,0.0,0.0,0.0
0.649,0.36273,0.23832,0.2418,0.01527505,0.004059433,0.00826661,0.003979612,0.001084756,7.98209e-05,0.005923683,0.0,0.0,0.0
0.649,0.36269,0.23842,0.2419,0.01527246,0.00405934,0.00826466,0.003979625,0.001086704,7.971517e-05,0.005921097,0.0,0.0,0.0
0.649,0.36264,0.23852,0.242,0.01526986,0.00405925,0.008262697,0.003979632,0.001088664,7.961721e-05,0.005918498,0.0,0.0,0.0
0.649,0.36259,0.23862,0.2421,0.01526725,0.004059161,0.008260724,0.003979634,0.001090636,7.952649e-05,0.005915888,0.0,0.0,0.0
0.649,0.36254,0.23872,0.2422,0.01526462,0.004059073,0.008258738,0.003979631,0.001092619,7.94425e-05,0.005913266,0.0,0.0,0.0
0.649,0.36249,0.23883,0.2423,0.01526198,0.004058987,0.00825674,0.003979622,0.001094612,7.936481e-05,0.005910632,0.0,0.0,0.0
0.649,0.36244,0.23893,0.2424,0.01525933,0.004058901,0.008254731,0.003979608,0.001096615,7.929301e-05,0.005907987,0.0,0.0,0.0
0.649,0.36239,0.23903,0.2425,0.01525667,0.004058815,0.008252711,0.003979588,0.001098628,7.922675e-05,0.00590533,0.0,0.0,0.0
0.649,0.36235,0.23913,0.2426,0.01525399,0.004058728,0.008250678,0.003979563,0.00110065,7.916568e-05,0.005902662,0.0,0.0,0.0
0.649,0.3623,0.23923,0.2427,0.0152513,0.004058641,0.008248634,0.003979532,0.001102681,7.910952e-05,0.005899981,0.0,0.0,0.0
0.649,0.36225,0.23933,0.2428,0.01524859,0.004058554,0.008246578,0.003979496,0.00110472,7.905798e-05,0.00589729,0.0,0.0,0.0
0.649,0.3622,0.23943,0.2429,0.01524587,0.004058465,0.008244511,0.003979454,0.001106768,7.901082e-05,0.005894586,0.0,0.0,0.0
0.649,0.36215,0.23953,0.243,0.01524313,0.004058375,0.008242432,0.003979407,0.001108824,7.89678e-05,0.005891871,0.0,0.0,0.0
0.649,0.3621,0.23963,0.2431,0.01524037,0.004058283,0.008240341,0.003979355,0.001110887,7.892871e-05,0.005889145,0.0,0.0,0.0
0.649,0.36205,0.23973,0.2432,0.0152376,0.00405819,0.008238239,0.003979297,0.001112958,7.889336e-05,0.005886407,0.0,0.0,0.0
0.649,0.36201,0.23983,0.2433,0.01523482,0.004058095,0.008236126,0.003979234,0.001115036,7.886156e-05,0.005883657,0.0,0.0,0.0
0.649,0.36196,0.23993,0.2434,0.01523202,0.004057998,0.008234,0.003979165,0.001117122,7.883315e-05,0.005880896,0.0,0.0,0.0
0.649,0.36191,0.24003,0.2435,0.0152292,0.004057899,0.008231864,0.003979091,0.001119214,7.880796e-05,0.005878124,0.0,0.0,0.0
0.649,0.36186,0.24013,0.2436,0.01522637,0.004057797,0.008229715,0.003979011,0.001121313,7.878586e-05,0.00587534,0.0,0.0,0.0
0.649,0.36181,0.24023,0.2437,0.01522352,0.004057693,0.008227556,0.003978927,0.001123419,7.876671e-05,0.005872544,0.0,0.0,0.0
0.649,0.36176,0.24033,0.2438,0.01522065,0.004057587,0.008225385,0.003978836,0.001125531,7.875039e-05,0.005869737,0.0,0.0,0.0
0.649,0.36171,0.24043,0.2439,0.01521777,0.004057477,0.008223202,0.003978741,0.001127649,7.873677e-05,0.005866919,0.0,0.0,0.0
0.649,0.36167,0.24053,0.244,0.01521487,0.004057365,0.008221008,0.00397864,0.001129774,7.872575e-05,0.005864089,0.0,0.0,0.0
0.649,0.36162,0.24063,0.2441,0.01521196,0.00405725,0.008218802,0.003978533,0.001131905,7.871722e-05,0.005861248,0.0,0.0,0.0
0.649,0.36157,0.24073,0.2442,0.01520902,0.004057132,0.008216586,0.003978421,0.001134042,7.87111e-05,0.005858395,0.0,0.0,0.0
0.649,0.36152,0.24083,0.2443,0.01520607,0.004057011,0.008214357,0.003978304,0.001136185,7.870727e-05,0.005855531,0.0,0.0,0.0
0.649,0.36147,0.24094,0.2444,0.01520311,0.004056887,0.008212118,0.003978182,0.001138333,7.870567e-05,0.005852656,0.0,0.0,0.0
0.649,0.36142,0.24104,0.2445,0.01520012,0.00405676,0.008209867,0.003978054,0.001140488,7.870621e-05,0.005849769,0.0,0.0,0.0
0.649,0.36137,0.24114,0.2446,0.01519712,0.004056629,0.008207604,0.00397792,0.001142647,7.870882e-05,0.005846872,0.0,0.0,0.0
0.649,0.36132,0.24124,0.2447,0.01519411,0.004056495,0.008205331,0.003977782,0.001144813,7.871342e-05,0.005843962,0.0,0.0,0.0
0.649,0.36127,0.24134,0.2448,0.01519107,0.004056358,0.008203046,0.003977638,0.001146984,7.871994e-05,0.005841042,0.0,0.0,0.0
0.649,0.36122,0.24144,0.2449,0.01518802,0.004056217,0.00820075,0.003977489,0.00114916,7.872833e-05,0.00583811,0.0,0.0,0.0
0.649,0.36118,0.24154,0.245,0.01518495,0.004056073,0.008198442,0.003977334,0.001151342,7.873853e-05,0.005835167,0.0,0.0,0.0
0.649,0.36113,0.24164,0.2451,0.01518187,0.004055925,0.008196124,0.003977174,0.001153529,7.875046e-05,0.005832213,0.0,0.0,0.0
0.649,0.36108,0.24174,0.2452,0.01517876,0.004055773,0.008193794,0.003977009,0.001155722,7.876409e-05,0.005829248,0.0,0.0,0.0
0.649,0.36103,0.24184,0.2453,0.01517564,0.004055618,0.008191453,0.003976838,0.001157919,7.877936e-05,0.005826271,0.0,0.0,0.0
0.649,0.36098,0.24194,0.2454,0.01517251,0.004055458,0.008189101,0.003976662,0.001160122,7.879622e-05,0.005823283,0.0,0.0,0.0
0.649,0.36093,0.24204,0.2455,0.01516935,0.004055296,0.008186737,0.003976481,0.00116233,7.881462e-05,0.005820285,0.0,0.0,0.0
0.649,0.36088,0.24214,0.2456,0.01516618,0.004055129,0.008184363,0.003976294,0.001164542,7.883452e-05,0.005817275,0.0,0.0,0.0
0.649,0.36083,0.24224,0.2457,0.01516299,0.004054959,0.008181977,0.003976103,0.00116676,7.885588e-05,0.005814254,0.0,0.0,0.0
0.649,0.36078,0.24234,0.2458,0.01515978,0.004054784,0.008179581,0.003975906,0.001168983,7.887866e-05,0.005811221,0.0,0.0,0.0
0.649,0.36073,0.24244,0.2459,0.01515656,0.004054606,0.008177173,0.003975703,0.001171211,7.890281e-05,0.005808178,0.0,0.0,0.0
0.649,0.36069,0.24254,0.246,0.01515332,0.004054424,0.008174754,0.003975495,0.001173443,7.892831e-05,0.005805124,0.0,0.0,0.0
0.649,0.36064,0.24264,0.2461,0.01515006,0.004054237,0.008172324,0.003975282,0.001175681,7.895511e-05,0.005802059,0.0,0.0,0.0
0.649,0.36059,0.24274,0.2462,0.0151765,0.004069834,0.008169883,0.003975064,0.001207631,9.476946e-05,0.005798982,0.0,0.0,0.0
0.649,0.36054,0.24284,0.2463,0.01517297,0.004069337,0.008167431,0.003974841,0.001209649,9.449671e-05,0.005795895,0.0,0.0,0.0
0.649,0.36049,0.24294,0.2464,0.01516946,0.004068859,0.008164968,0.003974612,0.001211695,9.424699e-05,0.005792796,0.0,0.0,0.0
0.649,0.36044,0.24305,0.2465,0.01516595,0.004068395,0.008162494,0.003974378,0.001213767,9.40178e-05,0.005789687,0.0,0.0,0.0
0.649,0.36039,0.24315,0.2466,0.01516244,0.004067945,0.008160009,0.003974138,0.001215861,9.380701e-05,0.005786567,0.0,0.0,0.0
0.649,0.36034,0.24325,0.2467,0.01515893,0.004067507,0.008157513,0.003973894,0.001217976,9.361283e-05,0.005783436,0.0,0.0,0.0
0.649,0.36029,0.24335,0.2468,0.01515541,0.004067078,0.008155006,0.003973644,0.001220111,9.343367e-05,0.005780294,0.0,0.0,0.0
0.649,0.36024,0.24345,0.2469,0.01515189,0.004066657,0.008152489,0.003973389,0.001222264,9.32682e-05,0.005777141,0.0,0.0,0.0
0.649,0.36019,0.24355,0.247,0.01514837,0.004066244,0.00814996,0.003973129,0.001224433,9.311523e-05,0.005773977,0.0,0.0,0.0
0.649,0.36014,0.24365,0.2471,0.01514484,0.004065837,0.008147421,0.003972863,0.001226617,9.297372e-05,0.005770802,0.0,0.0,0.0
0.649,0.36009,0.24375,0.2472,0.0151413,0.004065435,0.008144871,0.003972592,0.001228817,9.284276e-05,0.005767617,0.0,0.0,0.0
0.649,0.36004,0.24385,0.2473,0.01513776,0.004065038,0.00814231,0.003972316,0.001231029,9.272155e-05,0.005764421,0.0,0.0,0.0
0.649,0.35999,0.24395,0.2474,0.01513421,0.004064645,0.008139738,0.003972035,0.001233255,9.260936e-05,0.005761214,0.0,0.0,0.0
0.649,0.35994,0.24405,0.2475,0.01513064,0.004064255,0.008137155,0.003971749,0.001235493,9.250556e-05,0.005757996,0.0,0.0,0.0
0.649,0.3599,0.24415,0.2476,0.01512707,0.004063867,0.008134562,0.003971457,0.001237742,9.240956e-05,0.005754767,0.0,0.0,0.0
0.649,0.35985,0.24425,0.2477,0.01512349,0.004063482,0.008131958,0.003971161,0.001240002,9.232086e-05,0.005751528,0.0,0.0,0.0
0.649,0.3598,0.24435,0.2478,0.01511989,0.004063098,0.008129343,0.003970859,0.001242273,9.223899e-05,0.005748278,0.0,0.0,0.0
0.649,0.35975,0.24445,0.2479,0.01511629,0.004062715,0.008126717,0.003970552,0.001244555,9.216351e-05,0.005745017,0.0,0.0,0.0
0.649,0.3597,0.24455,0.248,0.01511267,0.004062333,0.008124081,0.003970239,0.001246845,9.209406e-05,0.005741746,0.0,0.0,0.0
0.649,0.35965,0.24465,0.2481,0.01510904,0.004061952,0.008121434,0.003969922,0.001249146,9.203027e-05,0.005738464,0.0,0.0,0.0
0.649,0.3596,0.24475,0.2482,0.0151054,0.004061571,0.008118777,0.003969599,0.001251455,9.197183e-05,0.005735171,0.0,0.0,0.0
0.649,0.35955,0.24485,0.2483,0.01510175,0.00406119,0.008116109,0.003969271,0.001253773,9.191844e-05,0.005731868,0.0,0.0,0.0
0.649,0.3595,0.24495,0.2484,0.01509808,0.004060808,0.00811343,0.003968939,0.001256099,9.186985e-05,0.005728554,0.0,0.0,0.0
0.649,0.35945,0.24505,0.2485,0.0150944,0.004060426,0.008110741,0.003968601,0.001258434,9.182579e-05,0.00572523,0.0,0.0,0.0
0.649,0.3594,0.24516,0.2486,0.01509071,0.004060043,0.008108041,0.003968257,0.001260776,9.178604e-05,0.005721895,0.0,0.0,0.0
0.649,0.35935,0.24526,0.2487,0.01508701,0.004059659,0.00810533,0.003967909,0.001263126,9.17504e-05,0.00571855,0.0,0.0,0.0
0.649,0.3593,0.24536,0.2488,0.01508329,0.004059274,0.008102609,0.003967556,0.001265484,9.171866e-05,0.005715194,0.0,0.0,0.0
0.649,0.35925,0.24546,0.2489,0.01507956,0.004058888,0.008099878,0.003967197,0.001267849,9.169064e-05,0.005711828,0.0,0.0,0.0
0.649,0.3592,0.24556,0.249,0.01507581,0.004058499,0.008097136,0.003966833,0.001270222,9.166618e-05,0.005708451,0.0,0.0,0.0
0.649,0.35915,0.24566,0.2491,0.01507205,0.00405811,0.008094384,0.003966464,0.001272601,9.164513e-05,0.005705063,0.0,0.0,0.0
0.649,0.3591,0.24576,0.2492,0.01506827,0.004057718,0.008091621,0.003966091,0.001274988,9.162733e-05,0.005701666,0.0,0.0,0.0
0.649,0.35905,0.24586,0.2493,0.01506449,0.004057324,0.008088848,0.003965712,0.001277381,9.161264e-05,0.005698258,0.0,0.0,0.0
0.649,0.359,0.24596,0.2494,0.01506068,0.004056928,0.008086064,0.003965327,0.001279781,9.160095e-05,0.005694839,0.0,0.0,0.0
0.649,0.35895,0.24606,0.2495,0.01505687,0.00405653,0.00808327,0.003964938,0.001282187,9.159214e-05,0.00569141,0.0,0.0,0.0
0.649,0.3589,0.24616,0.2496,0.01505304,0.00405613,0.008080466,0.003964544,0.0012846,9.158608e-05,0.005687971,0.0,0.0,0.0
0.649,0.35885,0.24626,0.2497,0.01504919,0.004055727,0.008077651,0.003964145,0.001287019,9.158268e-05,0.005684522,0.0,0.0,0.0
0.649,0.3588,0.24636,0.2498,0.01504533,0.004055322,0.008074826,0.00396374,0.001289444,9.158184e-05,0.005681062,0.0,0.0,0.0
0.649,0.35875,0.24646,0.2499,0.01504146,0.004054914,0.008071991,0.003963331,0.001291876,9.158346e-05,0.005677592,0.0,0.0,0.0
0.649,0.3587,0.24656,0.25,0.01503757,0.004054504,0.008069146,0.003962916,0.001294313,9.158746e-05,0.005674112,0.0,0.0,0.0
0.649,0.35865,0.24666,0.2501,0.01503367,0.004054091,0.00806629,0.003962497,0.001296757,9.159375e-05,0.005670621,0.0,0.0,0.0
0.649,0.3586,0.24676,0.2502,0.01502975,0.004053675,0.008063424,0.003962072,0.001299206,9.160226e-05,0.005667121,0.0,0.0,0.0
0.649,0.35855,0.24686,0.2503,0.01502582,0.004053256,0.008060548,0.003961643,0.001301661,9.161291e-05,0.00566361,0.0,0.0,0.0
0.649,0.3585,0.24696,0.2504,0.01502187,0.004052834,0.008057661,0.003961208,0.001304122,9.162564e-05,0.005660089,0.0,0.0,0.0
0.649,0.35845,0.24706,0.2505,0.01501791,0.004052409,0.008054765,0.003960768,0.001306589,9.164037e-05,0.005656558,0.0,0.0,0.0
0.649,0.3584,0.24716,0.2506,0.01501394,0.004051981,0.008051858,0.003960324,0.001309061,9.165705e-05,0.005653017,0.0,0.0,0.0
0.649,0.35835,0.24727,0.2507,0.01500995,0.00405155,0.008048941,0.003959874,0.001311539,9.167562e-05,0.005649465,0.0,0.0,0.0
0.649,0.3583,0.24737,0.2508,0.01500594,0.004051116,0.008046015,0.00395942,0.001314023,9.169601e-05,0.005645904,0.0,0.0,0.0
0.649,0.35825,0.24747,0.2509,0.01500192,0.004050678,0.008043078,0.00395896,0.001316512,9.171817e-05,0.005642332,0.0,0.0,0.0
0.649,0.3582,0.24757,0.251,0.01499789,0.004050237,0.008040131,0.003958495,0.001319006,9.174206e-05,0.005638751,0.0,0.0,0.0
0.649,0.35815,0.24767,0.2511,0.01499384,0.004049793,0.008037174,0.003958026,0.001321506,9.176763e-05,0.00563516,0.0,0.0,0.0
0.649,0.3581,0.24777,0.2512,0.01498978,0.004049346,0.008034207,0.003957551,0.001324011,9.179482e-05,0.005631558,0.0,0.0,0.0
0.649,0.35805,0.24787,0.2513,0.0149857,0.004048895,0.00803123,0.003957072,0.001326522,9.182359e-05,0.005627947,0.0,0.0,0.0
0.649,0.358,0.24797,0.2514,0.01498161,0.004048441,0.008028243,0.003956587,0.001329037,9.185391e-05,0.005624326,0.0,0.0,0.0
0.649,0.35795,0.24807,0.2515,0.0149775,0.004047983,0.008025246,0.003956098,0.001331558,9.188573e-05,0.005620694,0.0,0.0,0.0
0.649,0.3579,0.24817,0.2516,0.0150038,0.004065282,0.008022239,0.003955603,0.001364511,0.0001096785,0.005617053,0.0,0.0,0.0
0.649,0.35785,0.24827,0.2517,0.01499945,0.004064475,0.008019222,0.003955104,0.001366821,0.0001093712,0.005613402,0.0,0.0,0.0
0.649,0.3578,0.24837,0.2518,0.0149951,0.00406369,0.008016195,0.0039546,0.001369159,0.00010909,0.005609742,0.0,0.0,0.0
0.649,0.35775,0.24847,0.2519,0.01499075,0.004062923,0.008013159,0.003954091,0.001371523,0.0001088321,0.005606071,0.0,0.0,0.0
0.649,0.3577,0.24857,0.252,0.01498641,0.004062172,0.008010112,0.003953577,0.001373911,0.000108595,0.005602391,0.0,0.0,0.0
0.649,0.35765,0.24867,0.2521,0.01498208,0.004061434,0.008007056,0.003953058,0.001376319,0.0001083767,0.0055987,0.0,0.0,0.0
0.649,0.3576,0.24877,0.2522,0.01497774,0.004060709,0.00800399,0.003952534,0.001378747,0.0001081755,0.005595,0.0,0.0,0.0
0.649,0.35755,0.24887,0.2523,0.0149734,0.004059995,0.008000915,0.003952005,0.001381194,0.0001079897,0.005591291,0.0,0.0,0.0
0.649,0.3575,0.24897,0.2524,0.01496906,0.00405929,0.007997829,0.003951471,0.001383657,0.0001078181,0.005587572,0.0,0.0,0.0
0.649,0.35744,0.24907,0.2525,0.01496471,0.004058592,0.007994734,0.003950933,0.001386137,0.0001076596,0.005583843,0.0,0.0,0.0
0.649,0.35739,0.24917,0.2526,0.01496036,0.004057902,0.007991629,0.00395039,0.001388631,0.0001075129,0.005580104,0.0,0.0,0.0
0.649,0.35734,0.24927,0.2527,0.01495601,0.004057219,0.007988514,0.003949841,0.001391139,0.0001073774,0.005576356,0.0,0.0,0.0
0.649,0.35729,0.24938,0.2528,0.01495165,0.00405654,0.00798539,0.003949288,0.00139366,0.000107252,0.005572598,0.0,0.0,0.0
0.649,0.35724,0.24948,0.2529,0.01494728,0.004055866,0.007982256,0.00394873,0.001396194,0.0001071362,0.00556883,0.0,0.0,0.0
0.649,0.35719,0.24958,0.253,0.01494291,0.004055197,0.007979113,0.003948167,0.00139874,0.0001070292,0.005565053,0.0,0.0,0.0
0.649,0.35714,0.24968,0.2531,0.01493852,0.00405453,0.00797596,0.0039476,0.001401297,0.0001069305,0.005561267,0.0,0.0,0.0
0.649,0.35709,0.24978,0.2532,0.01493413,0.004053867,0.007972797,0.003947027,0.001403865,0.0001068396,0.005557471,0.0,0.0,0.0
0.649,0.35704,0.24988,0.2533,0.01492973,0.004053206,0.007969625,0.00394645,0.001406444,0.0001067559,0.005553665,0.0,0.0,0.0
0.649,0.35699,0.24998,0.2534,0.01492533,0.004052547,0.007966443,0.003945868,0.001409033,0.000106679,0.00554985,0.0,0.0,0.0
0.649,0.35694,0.25008,0.2535,0.01492091,0.00405189,0.007963252,0.003945281,0.001411631,0.0001066085,0.005546026,0.0,0.0,0.0
0.649,0.35689,0.25018,0.2536,0.01491648,0.004051234,0.007960051,0.003944689,0.001414239,0.0001065442,0.005542192,0.0,0.0,0.0
0.649,0.35684,0.25028,0.2537,0.01491205,0.004050578,0.007956841,0.003944093,0.001416856,0.0001064855,0.005538349,0.0,0.0,0.0
0.649,0.35679,0.25038,0.2538,0.0149076,0.004049924,0.007953622,0.003943492,0.001419482,0.0001064323,0.005534497,0.0,0.0,0.0
0.649,0.35674,0.25048,0.2539,0.01490314,0.00404927,0.007950393,0.003942886,0.001422116,0.0001063842,0.005530635,0.0,0.0,0.0
0.649,0.35669,0.25058,0.254,0.01489868,0.004048616,0.007947154,0.003942275,0.001424759,0.0001063411,0.005526763,0.0,0.0,0.0
0.649,0.35663,0.25068,0.2541,0.0148942,0.004047962,0.007943906,0.003941659,0.00142741,0.0001063025,0.005522883,0.0,0.0,0.0
0.649,0.35658,0.25078,0.2542,0.01488971,0.004047307,0.007940649,0.003941039,0.001430068,0.0001062685,0.005518993,0.0,0.0,0.0
0.649,0.35653,0.25088,0.2543,0.01488521,0.004046653,0.007937383,0.003940414,0.001432735,0.0001062386,0.005515094,0.0,0.0,0.0
0.649,0.35648,0.25098,0.2544,0.0148807,0.004045997,0.007934107,0.003939784,0.001435409,0.0001062128,0.005511186,0.0,0.0,0.0
0.649,0.35643,0.25108,0.2545,0.01487618,0.00404534,0.007930822,0.00393915,0.001438091,0.0001061908,0.005507269,0.0,0.0,0.0
0.649,0.35638,0.25118,0.2546,0.01487165,0.004044683,0.007927528,0.00393851,0.001440779,0.0001061725,0.005503342,0.0,0.0,0.0
0.649,0.35633,0.25128,0.2547,0.01486711,0.004044024,0.007924225,0.003937866,0.001443475,0.0001061578,0.005499407,0.0,0.0,0.0
0.649,0.35628,0.25138,0.2548,0.01486255,0.004043364,0.007920912,0.003937218,0.001446178,0.0001061465,0.005495462,0.0,0.0,0.0
0.649,0.35623,0.25149,0.2549,0.01485799,0.004042703,0.00791759,0.003936565,0.001448888,0.0001061384,0.005491508,0.0,0.0,0.0
0.649,0.35618,0.25159,0.255,0.01485341,0.00404204,0.007914259,0.003935906,0.001451605,0.0001061335,0.005487545,0.0,0.0,0.0
0.649,0.35612,0.25169,0.2551,0.01484882,0.004041375,0.007910919,0.003935244,0.001454329,0.0001061316,0.005483573,0.0,0.0,0.0
0.649,0.35607,0.25179,0.2552,0.01484422,0.004040709,0.00790757,0.003934576,0.001457059,0.0001061325,0.005479592,0.0,0.0,0.0
0.649,0.35602,0.25189,0.2553,0.01483961,0.004040041,0.007904211,0.003933904,0.001459795,0.0001061363,0.005475602,0.0,0.0,0.0
0.649,0.35597,0.25199,0.2554,0.01483499,0.00403937,0.007900844,0.003933228,0.001462538,0.0001061428,0.005471604,0.0,0.0,0.0
0.649,0.35592,0.25209,0.2555,0.01483035,0.004038698,0.007897468,0.003932546,0.001465288,0.0001061519,0.005467596,0.0,0.0,0.0
0.649,0.35587,0.25219,0.2556,0.0148257,0.004038024,0.007894082,0.00393186,0.001468044,0.0001061635,0.005463579,0.0,0.0,0.0
0.649,0.35582,0.25229,0.2557,0.01482105,0.004037347,0.007890688,0.00393117,0.001470805,0.0001061775,0.005459554,0.0,0.0,0.0
0.649,0.35577,0.25239,0.2558,0.01481638,0.004036668,0.007887284,0.003930474,0.001473574,0.0001061939,0.005455519,0.0,0.0,0.0
0.649,0.35572,0.25249,0.2559,0.0148117,0.004035987,0.007883872,0.003929775,0.001476348,0.0001062126,0.005451476,0.0,0.0,0.0
0.649,0.35567,0.25259,0.256,0.014807,0.004035304,0.007880451,0.00392907,0.001479128,0.0001062335,0.005447424,0.0,0.0,0.0
0.649,0.35561,0.25269,0.2561,0.0148023,0.004034618,0.007877021,0.003928361,0.001481914,0.0001062565,0.005443363,0.0,0.0,0.0
0.649,0.35556,0.25279,0.2562,0.01479758,0.004033929,0.007873582,0.003927647,0.001484706,0.0001062816,0.005439293,0.0,0.0,0.0
0.649,0.35551,0.25289,0.2563,0.01479285,0.004033238,0.007870134,0.003926929,0.001487504,0.0001063087,0.005435215,0.0,0.0,0.0
0.649,0.35546,0.25299,0.2564,0.01478811,0.004032544,0.007866677,0.003926206,0.001490308,0.0001063378,0.005431128,0.0,0.0,0.0
0.649,0.35541,0.25309,0.2565,0.01478336,0.004031848,0.007863212,0.003925479,0.001493118,0.0001063687,0.005427033,0.0,0.0,0.0
0.649,0.35536,0.25319,0.2566,0.0147786,0.004031149,0.007859737,0.003924747,0.001495933,0.0001064015,0.005422928,0.0,0.0,0.0
0.649,0.35531,0.25329,0.2567,0.01477382,0.004030447,0.007856254,0.00392401,0.001498754,0.0001064362,0.005418815,0.0,0.0,0.0
0.649,0.35525,0.25339,0.2568,0.01476904,0.004029742,0.007852762,0.003923269,0.001501581,0.0001064725,0.005414694,0.0,0.0,0.0
0.649,0.3552,0.2535,0.2569,0.01476424,0.004029034,0.007849262,0.003922524,0.001504414,0.0001065106,0.005410564,0.0,0.0,0.0
0.649,0.35515,0.2536,0.257,0.01479034,0.004048113,0.007845753,0.003921774,0.00153816,0.0001263389,0.005406425,0.0,0.0,0.0
0.649,0.3551,0.2537,0.2571,0.01478531,0.004047021,0.007842235,0.003921019,0.001540799,0.000126002,0.005402278,0.0,0.0,0.0
0.649,0.35505,0.2538,0.2572,0.0147803,0.004045954,0.007838708,0.00392026,0.001543466,0.0001256937,0.005398123,0.0,0.0,0.0
0.649,0.355,0.2539,0.2573,0.01477529,0.004044907,0.007835173,0.003919496,0.001546158,0.0001254109,0.005393958,0.0,0.0,0.0
0.649,0.35495,0.254,0.2574,0.01477029,0.004043879,0.00783163,0.003918728,0.001548873,0.000125151,0.005389786,0.0,0.0,0.0
0.649,0.35489,0.2541,0.2575,0.01476529,0.004042867,0.007828077,0.003917956,0.001551609,0.0001249118,0.005385605,0.0,0.0,0.0
0.649,0.35484,0.2542,0.2576,0.0147603,0.00404187,0.007824516,0.003917179,0.001554364,0.0001246914,0.005381416,0.0,0.0,0.0
0.649,0.35479,0.2543,0.2577,0.0147553,0.004040885,0.007820947,0.003916397,0.001557138,0.0001244881,0.005377218,0.0,0.0,0.0
0.649,0.35474,0.2544,0.2578,0.01475031,0.004039911,0.007817369,0.003915611,0.001559929,0.0001243004,0.005373012,0.0,0.0,0.0
0.649,0.35469,0.2545,0.2579,0.01474532,0.004038948,0.007813783,0.003914821,0.001562735,0.0001241271,0.005368798,0.0,0.0,0.0
0.649,0.35464,0.2546,0.258,0.01474032,0.004037993,0.007810188,0.003914026,0.001565556,0.000123967,0.005364576,0.0,0.0,0.0
0.649,0.35459,0.2547,0.2581,0.01473532,0.004037045,0.007806585,0.003913226,0.001568392,0.0001238192,0.005360345,0.0,0.0,0.0
0.649,0.35453,0.2548,0.2582,0.01473032,0.004036105,0.007802974,0.003912423,0.00157124,0.0001236827,0.005356106,0.0,0.0,0.0
0.649,0.35448,0.2549,0.2583,0.01472531,0.004035171,0.007799354,0.003911614,0.001574102,0.0001235567,0.005351859,0.0,0.0,0.0
0.649,0.35443,0.255,0.2584,0.0147203,0.004034242,0.007795725,0.003910802,0.001576975,0.0001234406,0.005347604,0.0,0.0,0.0
0.649,0.35438,0.2551,0.2585,0.01471529,0.004033318,0.007792089,0.003909985,0.00157986,0.0001233336,0.005343341,0.0,0.0,0.0
0.649,0.35433,0.2552,0.2586,0.01471027,0.004032399,0.007788444,0.003909163,0.001582756,0.0001232353,0.005339069,0.0,0.0,0.0
0.649,0.35428,0.2553,0.2587,0.01470524,0.004031483,0.007784791,0.003908338,0.001585663,0.000123145,0.00533479,0.0,0.0,0.0
0.649,0.35422,0.2554,0.2588,0.01470021,0.00403057,0.007781129,0.003907507,0.001588581,0.0001230623,0.005330502,0.0,0.0,0.0
0.649,0.35417,0.25551,0.2589,0.01469517,0.00402966,0.00777746,0.003906673,0.001591508,0.0001229868,0.005326206,0.0,0.0,0.0
0.649,0.35412,0.25561,0.259,0.01469013,0.004028752,0.007773782,0.003905834,0.001594445,0.000122918,0.005321903,0.0,0.0,0.0
0.649,0.35407,0.25571,0.2591,0.01468508,0.004027847,0.007770096,0.003904991,0.001597391,0.0001228557,0.005317591,0.0,0.0,0.0
0.649,0.35402,0.25581,0.2592,0.01468002,0.004026943,0.007766401,0.003904143,0.001600346,0.0001227993,0.005313272,0.0,0.0,0.0
0.649,0.35396,0.25591,0.2593,0.01467495,0.00402604,0.007762699,0.003903291,0.00160331,0.0001227488,0.005308944,0.0,0.0,0.0
0.649,0.35391,0.25601,0.2594,0.01466988,0.004025139,0.007758989,0.003902435,0.001606283,0.0001227036,0.005304609,0.0,0.0,0.0
0.649,0.35386,0.25611,0.2595,0.0146648,0.004024238,0.00775527,0.003901575,0.001609264,0.0001226637,0.005300266,0.0,0.0,0.0
0.649,0.35381,0.25621,0.2596,0.01465971,0.004023339,0.007751544,0.00390071,0.001612254,0.0001226287,0.005295915,0.0,0.0,0.0
0.649,0.35376,0.25631,0.2597,0.01465462,0.004022439,0.007747809,0.003899841,0.001615251,0.0001225984,0.005291556,0.0,0.0,0.0
0.649,0.3537,0.25641,0.2598,0.01464951,0.00402154,0.007744066,0.003898967,0.001618256,0.0001225727,0.00528719,0.0,0.0,0.0
0.649,0.35365,0.25651,0.2599,0.0146444,0.004020641,0.007740316,0.00389809,0.00162127,0.0001225512,0.005282816,0.0,0.0,0.0
0.649,0.3536,0.25661,0.26,0.01463928,0.004019742,0.007736557,0.003897208,0.00162429,0.0001225339,0.005278434,0.0,0.0,0.0
0.649,0.35355,0.25671,0.2601,0.01463415,0.004018842,0.007732791,0.003896322,0.001627319,0.0001225206,0.005274044,0.0,0.0,0.0
0.649,0.3535,0.25681,0.2602,0.01462902,0.004017942,0.007729016,0.003895431,0.001630354,0.000122511,0.005269647,0.0,0.0,0.0
0.649,0.35344,0.25691,0.2603,0.01462387,0.004017042,0.007725234,0.003894537,0.001633397,0.0001225051,0.005265242,0.0,0.0,0.0
0.649,0.35339,0.25701,0.2604,0.01461872,0.00401614,0.007721444,0.003893638,0.001636447,0.0001225027,0.00526083,0.0,0.0,0.0
0.649,0.35334,0.25711,0.2605,0.01461356,0.004015238,0.007717646,0.003892734,0.001639505,0.0001225037,0.00525641,0.0,0.0,0.0
0.649,0.35329,0.25721,0.2606,0.01460839,0.004014335,0.00771384,0.003891827,0.001642569,0.0001225079,0.005251982,0.0,0.0,0.0
0.649,0.35324,0.25731,0.2607,0.01460321,0.004013431,0.007710026,0.003890916,0.00164564,0.0001225153,0.005247547,0.0,0.0,0.0
0.649,0.35318,0.25741,0.2608,0.01459803,0.004012525,0.007706205,0.00389,0.001648718,0.0001225257,0.005243105,0.0,0.0,0.0
0.649,0.35313,0.25752,0.2609,0.01459283,0.004011619,0.007702376,0.00388908,0.001651802,0.000122539,0.005238655,0.0,0.0,0.0
0.649,0.35308,0.25762,0.261,0.01458763,0.004010711,0.007698539,0.003888156,0.001654893,0.0001225551,0.005234197,0.0,0.0,0.0
0.649,0.35303,0.25772,0.2611,0.01458242,0.004009801,0.007694694,0.003887227,0.001657991,0.000122574,0.005229733,0.0,0.0,0.0
0.649,0.35298,0.25782,0.2612,0.0145772,0.00400889,0.007690842,0.003886295,0.001661095,0.0001225954,0.005225261,0.0,0.0,0.0
0.649,0.35292,0.25792,0.2613,0.01457197,0.004007978,0.007686982,0.003885358,0.001664206,0.0001226195,0.005220781,0.0,0.0,0.0
0.649,0.35287,0.25802,0.2614,0.01456673,0.004007064,0.007683115,0.003884418,0.001667323,0.000122646,0.005216294,0.0,0.0,0.0
0.649,0.35282,0.25812,0.2615,0.01456149,0.004006148,0.00767924,0.003883473,0.001670447,0.0001226749,0.0052118,0.0,0.0,0.0
0.649,0.35277,0.25822,0.2616,0.01455623,0.00400523,0.007675357,0.003882524,0.001673577,0.0001227062,0.005207299,0.0,0.0,0.0
0.649,0.35271,0.25832,0.2617,0.01455097,0.00400431,0.007671467,0.003881571,0.001676713,0.0001227397,0.005202791,0.0,0.0,0.0
0.649,0.35266,0.25842,0.2618,0.0145457,0.004003389,0.007667569,0.003880613,0.001679855,0.0001227754,0.005198275,0.0,0.0,0.0
0.649,0.35261,0.25852,0.2619,0.01454042,0.004002465,0.007663664,0.003879652,0.001683003,0.0001228133,0.005193752,0.0,0.0,0.0
0.649,0.35256,0.25862,0.262,0.01453513,0.00400154,0.007659752,0.003878687,0.001686158,0.0001228532,0.005189222,0.0,0.0,0.0
0.649,0.3525,0.25872,0.2621,0.01452984,0.004000612,0.007655832,0.003877717,0.001689319,0.0001228952,0.005184685,0.0,0.0,0.0
0.649,0.35245,0.25882,0.2622,0.01452453,0.003999683,0.007651904,0.003876743,0.001692486,0.0001229391,0.005180141,0.0,0.0,0.0
0.649,0.3524,0.25892,0.2623,0.01455057,0.004021035,0.007647969,0.003875766,0.00172701,0.0001452694,0.00517559,0.0,0.0,0.0
0.649,0.35235,0.25902,0.2624,0.01454505,0.00401966,0.007644027,0.003874784,0.001729987,0.0001448758,0.005171032,0.0,0.0,0.0
0.649,0.35229,0.25912,0.2625,0.01453954,0.004018315,0.007640077,0.003873798,0.001732993,0.0001445162,0.005166467,0.0,0.0,0.0
0.649,0.35224,0.25922,0.2626,0.01453404,0.004016996,0.00763612,0.003872809,0.001736025,0.000144187,0.005161895,0.0,0.0,0.0
0.649,0.35219,0.25932,0.2627,0.01452855,0.0040157,0.007632156,0.003871815,0.001739082,0.0001438849,0.005157316,0.0,0.0,0.0
0.649,0.35214,0.25942,0.2628,0.01452307,0.004014424,0.007628185,0.003870817,0.00174216,0.0001436073,0.00515273,0.0,0.0,0.0
0.649,0.35208,0.25953,0.2629,0.0145176,0.004013167,0.007624206,0.003869815,0.001745258,0.0001433519,0.005148137,0.0,0.0,0.0
0.649,0.35203,0.25963,0.263,0.01451213,0.004011926,0.00762022,0.003868809,0.001748376,0.0001431165,0.005143538,0.0,0.0,0.0
0.649,0.35198,0.25973,0.2631,0.01450667,0.004010699,0.007616227,0.0038678,0.001751511,0.0001428996,0.005138931,0.0,0.0,0.0
0.649,0.35193,0.25983,0.2632,0.01450121,0.004009485,0.007612227,0.003866786,0.001754662,0.0001426995,0.005134318,0.0,0.0,0.0
0.649,0.35187,0.25993,0.2633,0.01449575,0.004008283,0.007608219,0.003865768,0.001757829,0.0001425149,0.005129698,0.0,0.0,0.0
0.649,0.35182,0.26003,0.2634,0.01449029,0.004007091,0.007604205,0.003864747,0.00176101,0.0001423446,0.005125072,0.0,0.0,0.0
0.649,0.35177,0.26013,0.2635,0.01448483,0.004005908,0.007600183,0.003863721,0.001764206,0.0001421875,0.005120439,0.0,0.0,0.0
0.649,0.35172,0.26023,0.2636,0.01447937,0.004004734,0.007596154,0.003862691,0.001767414,0.0001420428,0.005115799,0.0,0.0,0.0
0.649,0.35166,0.26033,0.2637,0.01447391,0.004003567,0.007592118,0.003861658,0.001770635,0.0001419095,0.005111152,0.0,0.0,0.0
0.649,0.35161,0.26043,0.2638,0.01446844,0.004002407,0.007588076,0.00386062,0.001773869,0.0001417868,0.005106499,0.0,0.0,0.0
0.649,0.35156,0.26053,0.2639,0.01446298,0.004001253,0.007584026,0.003859579,0.001777113,0.0001416742,0.00510184,0.0,0.0,0.0
0.649,0.35151,0.26063,0.264,0.01445751,0.004000105,0.007579969,0.003858534,0.001780369,0.0001415709,0.005097174,0.0,0.0,0.0
0.649,0.35145,0.26073,0.2641,0.01445204,0.003998961,0.007575905,0.003857485,0.001783636,0.0001414764,0.005092501,0.0,0.0,0.0
0.649,0.3514,0.26083,0.2642,0.01444657,0.003997822,0.007571835,0.003856432,0.001786913,0.0001413902,0.005087822,0.0,0.0,0.0
0.649,0.35135,0.26093,0.2643,0.01444109,0.003996687,0.007567757,0.003855375,0.0017902,0.0001413118,0.005083136,0.0,0.0,0.0
0.649,0.35129,0.26103,0.2644,0.01443561,0.003995555,0.007563673,0.003854314,0.001793497,0.0001412408,0.005078444,0.0,0.0,0.0
0.649,0.35124,0.26113,0.2645,0.01443013,0.003994426,0.007559581,0.003853249,0.001796804,0.0001411768,0.005073746,0.0,0.0,0.0
0.649,0.35119,0.26123,0.2646,0.01442464,0.0039933,0.007555483,0.003852181,0.00180012,0.0001411195,0.005069041,0.0,0.0,0.0
0.649,0.35113,0.26133,0.2647,0.01441915,0.003992177,0.007551378,0.003851109,0.001803445,0.0001410684,0.005064331,0.0,0.0,0.0
0.649,0.35108,0.26143,0.2648,0.01441366,0.003991056,0.007547267,0.003850033,0.001806778,0.0001410233,0.005059613,0.0,0.0,0.0
0.649,0.35103,0.26154,0.2649,0.01440816,0.003989937,0.007543148,0.003848953,0.001810121,0.0001409839,0.00505489,0.0,0.0,0.0
0.649,0.35098,0.26164,0.265,0.01440265,0.003988819,0.007539023,0.003847869,0.001813472,0.00014095,0.00505016,0.0,0.0,0.0
0.649,0.35092,0.26174,0.2651,0.01439715,0.003987703,0.007534891,0.003846781,0.001816831,0.0001409212,0.005045424,0.0,0.0,0.0
0.649,0.35087,0.26184,0.2652,0.01439163,0.003986587,0.007530753,0.00384569,0.001820198,0.0001408974,0.005040682,0.0,0.0,0.0
0.649,0.35082,0.26194,0.2653,0.01438612,0.003985473,0.007526608,0.003844595,0.001823573,0.0001408784,0.005035934,0.0,0.0,0.0
0.649,0.35076,0.26204,0.2654,0.01438059,0.00398436,0.007522456,0.003843496,0.001826957,0.0001408639,0.00503118,0.0,0.0,0.0
0.649,0.35071,0.26214,0.2655,0.01437506,0.003983247,0.007518298,0.003842393,0.001830348,0.0001408538,0.00502642,0.0,0.0,0.0
0.649,0.35066,0.26224,0.2656,0.01436953,0.003982135,0.007514133,0.003841287,0.001833746,0.0001408478,0.005021653,0.0,0.0,0.0
0.649,0.3506,0.26234,0.2657,0.01436399,0.003981023,0.007509961,0.003840177,0.001837153,0.0001408459,0.005016881,0.0,0.0,0.0
0.649,0.35055,0.26244,0.2658,0.01435845,0.003979911,0.007505783,0.003839063,0.001840566,0.0001408479,0.005012103,0.0,0.0,0.0
0.649,0.3505,0.26254,0.2659,0.0143529,0.003978799,0.007501599,0.003837945,0.001843987,0.0001408535,0.005007319,0.0,0.0,0.0
0.649,0.35045,0.26264,0.266,0.01434735,0.003977687,0.007497408,0.003836824,0.001847416,0.0001408628,0.005002529,0.0,0.0,0.0
0.649,0.35039,0.26274,0.2661,0.01434179,0.003976575,0.00749321,0.003835699,0.001850851,0.0001408755,0.004997733,0.0,0.0,0.0
0.649,0.35034,0.26284,0.2662,0.01433623,0.003975462,0.007489006,0.00383457,0.001854294,0.0001408916,0.004992931,0.0,0.0,0.0
0.649,0.35029,0.26294,0.2663,0.01433066,0.003974349,0.007484796,0.003833438,0.001857744,0.0001409109,0.004988123,0.0,0.0,0.0
0.649,0.35023,0.26304,0.2664,0.01432509,0.003973235,0.007480579,0.003832302,0.001861201,0.0001409333,0.00498331,0.0,0.0,0.0
0.649,0.35018,0.26314,0.2665,0.01431951,0.003972121,0.007476356,0.003831162,0.001864664,0.0001409588,0.00497849,0.0,0.0,0.0
0.649,0.35013,0.26324,0.2666,0.01431393,0.003971006,0.007472127,0.003830019,0.001868135,0.0001409872,0.004973666,0.0,0.0,0.0
0.649,0.35007,0.26334,0.2667,0.01430834,0.00396989,0.007467891,0.003828872,0.001871612,0.0001410184,0.004968835,0.0,0.0,0.0
0.649,0.35002,0.26344,0.2668,0.01430274,0.003968774,0.00746365,0.003827721,0.001875096,0.0001410523,0.004963999,0.0,0.0,0.0
0.649,0.34997,0.26355,0.2669,0.01429715,0.003967656,0.007459401,0.003826567,0.001878587,0.0001410889,0.004959157,0.0,0.0,0.0
0.649,0.34991,0.26365,0.267,0.01429154,0.003966537,0.007455147,0.003825409,0.001882085,0.0001411281,0.004954309,0.0,0.0,0.0
0.649,0.34986,0.26375,0.2671,0.01428593,0.003965418,0.007450887,0.003824248,0.001885589,0.0001411698,0.004949457,0.0,0.0,0.0
0.649,0.34981,0.26385,0.2672,0.01428032,0.003964297,0.00744662,0.003823083,0.001889099,0.000141214,0.004944598,0.0,0.0,0.0
0.649,0.34975,0.26395,0.2673,0.0142747,0.003963174,0.007442347,0.003821914,0.001892617,0.0001412605,0.004939734,0.0,0.0,0.0
0.649,0.3497,0.26405,0.2674,0.01426907,0.003962051,0.007438068,0.003820742,0.00189614,0.0001413093,0.004934865,0.0,0.0,0.0
0.649,0.34964,0.26415,0.2675,0.01426344,0.003960926,0.007433783,0.003819566,0.001899671,0.0001413603,0.00492999,0.0,0.0,0.0
0.649,0.34959,0.26425,0.2676,0.01425781,0.0039598,0.007429492,0.003818386,0.001903207,0.0001414136,0.004925109,0.0,0.0,0.0
0.649,0.34954,0.26435,0.2677,0.01428349,0.003983033,0.007425194,0.003817204,0.001938075,0.0001658296,0.004920224,0.0,0.0,0.0
0.649,0.34948,0.26445,0.2678,0.01427768,0.003981438,0.007420891,0.003816017,0.001941458,0.0001654209,0.004915333,0.0,0.0,0.0
0.649,0.34943,0.26455,0.2679,0.01427189,0.003979874,0.007416582,0.003814827,0.001944868,0.0001650471,0.004910436,0.0,0.0,0.0
0.649,0.34938,0.26465,0.268,0.0142661,0.003978338,0.007412267,0.003813634,0.001948302,0.0001647046,0.004905535,0.0,0.0,0.0
0.649,0.34932,0.26475,0.2681,0.01426033,0.003976827,0.007407945,0.003812437,0.001951758,0.0001643902,0.004900628,0.0,0.0,0.0
0.649,0.34927,0.26485,0.2682,0.01425457,0.003975337,0.007403618,0.003811236,0.001955235,0.0001641013,0.004895716,0.0,0.0,0.0
0.649,0.34922,0.26495,0.2683,0.01424882,0.003973867,0.007399285,0.003810032,0.001958731,0.0001638354,0.004890799,0.0,0.0,0.0
0.649,0.34916,0.26505,0.2684,0.01424307,0.003972415,0.007394946,0.003808825,0.001962245,0.0001635906,0.004885876,0.0,0.0,0.0
0.649,0.34911,0.26515,0.2685,0.01423733,0.003970979,0.007390602,0.003807614,0.001965775,0.000163365,0.004880949,0.0,0.0,0.0
0.649,0.34906,0.26525,0.2686,0.01423159,0.003969556,0.007386251,0.003806399,0.001969321,0.0001631572,0.004876016,0.0,0.0,0.0
0.649,0.349,0.26535,0.2687,0.01422586,0.003968147,0.007381895,0.003805181,0.001972882,0.0001629657,0.004871079,0.0,0.0,0.0
0.649,0.34895,0.26546,0.2688,0.01422013,0.003966749,0.007377533,0.00380396,0.001976457,0.0001627893,0.004866136,0.0,0.0,0.0
0.649,0.34889,0.26556,0.2689,0.0142144,0.003965362,0.007373165,0.003802735,0.001980046,0.000162627,0.004861189,0.0,0.0,0.0
0.649,0.34884,0.26566,0.269,0.01420867,0.003963985,0.007368791,0.003801507,0.001983647,0.0001624777,0.004856236,0.0,0.0,0.0
0.649,0.34879,0.26576,0.2691,0.01420295,0.003962616,0.007364412,0.003800276,0.001987261,0.0001623406,0.004851279,0.0,0.0,0.0
0.649,0.34873,0.26586,0.2692,0.01419723,0.003961255,0.007360027,0.003799041,0.001990886,0.0001622148,0.004846316,0.0,0.0,0.0
0.649,0.34868,0.26596,0.2693,0.01419151,0.003959902,0.007355636,0.003797802,0.001994523,0.0001620997,0.004841349,0.0,0.0,0.0
0.649,0.34862,0.26606,0.2694,0.01418579,0.003958555,0.00735124,0.00379656,0.001998171,0.0001619947,0.004836377,0.0,0.0,0.0
0.649,0.34857,0.26616,0.2695,0.01418007,0.003957214,0.007346838,0.003795315,0.00200183,0.000161899,0.0048314,0.0,0.0,0.0
0.649,0.34852,0.26626,0.2696,0.01417435,0.003955879,0.00734243,0.003794067,0.002005499,0.0001618123,0.004826419,0.0,0.0,0.0
0.649,0.34846,0.26636,0.2697,0.01416863,0.003954549,0.007338017,0.003792815,0.002009178,0.0001617339,0.004821432,0.0,0.0,0.0
0.649,0.34841,0.26646,0.2698,0.01416291,0.003953223,0.007333599,0.00379156,0.002012867,0.0001616635,0.004816441,0.0,0.0,0.0
0.649,0.34835,0.26656,0.2699,0.01415719,0.003951902,0.007329175,0.003790301,0.002016566,0.0001616006,0.004811446,0.0,0.0,0.0
0.649,0.3483,0.26666,0.27,0.01415146,0.003950584,0.007324745,0.00378904,0.002020274,0.0001615448,0.004806446,0.0,0.0,0.0
0.649,0.34825,0.26676,0.2701,0.01414574,0.00394927,0.00732031,0.003787774,0.002023991,0.0001614959,0.004801441,0.0,0.0,0.0
0.649,0.34819,0.26686,0.2702,0.01414002,0.003947959,0.00731587,0.003786506,0.002027717,0.0001614534,0.004796431,0.0,0.0,0.0
0.649,0.34814,0.26696,0.2703,0.01413429,0.003946651,0.007311424,0.003785234,0.002031452,0.000161417,0.004791417,0.0,0.0,0.0
0.649,0.34808,0.26706,0.2704,0.01412857,0.003945346,0.007306972,0.003783959,0.002035196,0.0001613866,0.004786399,0.0,0.0,0.0
0.649,0.34803,0.26716,0.2705,0.01412284,0.003944043,0.007302516,0.003782681,0.002038948,0.0001613617,0.004781376,0.0,0.0,0.0
0.649,0.34798,0.26726,0.2706,0.01411711,0.003942742,0.007298054,0.003781399,0.002042708,0.0001613423,0.004776349,0.0,0.0,0.0
0.649,0.34792,0.26737,0.2707,0.01411138,0.003941442,0.007293587,0.003780114,0.002046477,0.000161328,0.004771317,0.0,0.0,0.0
0.649,0.34787,0.26747,0.2708,0.01410565,0.003940145,0.007289114,0.003778826,0.002050254,0.0001613186,0.004766281,0.0,0.0,0.0
0.649,0.34781,0.26757,0.2709,0.01409992,0.003938849,0.007284636,0.003777535,0.002054039,0.000161314,0.004761241,0.0,0.0,0.0
0.649,0.34776,0.26767,0.271,0.01409418,0.003937554,0.007280153,0.003776241,0.002057831,0.0001613139,0.004756196,0.0,0.0,0.0
0.649,0.34771,0.26777,0.2711,0.01408844,0.003936261,0.007275665,0.003774943,0.002061632,0.0001613182,0.004751147,0.0,0.0,0.0
0.649,0.34765,0.26787,0.2712,0.01408271,0.003934969,0.007271171,0.003773642,0.00206544,0.0001613268,0.004746094,0.0,0.0,0.0
0.649,0.3476,0.26797,0.2713,0.01407697,0.003933677,0.007266673,0.003772338,0.002069256,0.0001613394,0.004741036,0.0,0.0,0.0
0.649,0.34754,0.26807,0.2714,0.01407122,0.003932386,0.007262169,0.00377103,0.002073079,0.0001613559,0.004735975,0.0,0.0,0.0
0.649,0.34749,0.26817,0.2715,0.01406548,0.003931096,0.00725766,0.00376972,0.00207691,0.0001613761,0.004730909,0.0,0.0,0.0
0.649,0.34743,0.26827,0.2716,0.01405973,0.003929806,0.007253146,0.003768406,0.002080749,0.0001614001,0.004725839,0.0,0.0,0.0
0.649,0.34738,0.26837,0.2717,0.01405399,0.003928517,0.007248627,0.003767089,0.002084595,0.0001614275,0.004720765,0.0,0.0,0.0
0.649,0.34733,0.26847,0.2718,0.01404824,0.003927228,0.007244103,0.003765769,0.002088448,0.0001614584,0.004715687,0.0,0.0,0.0
0.649,0.34727,0.26857,0.2719,0.01404249,0.003925939,0.007239574,0.003764446,0.002092308,0.0001614926,0.004710605,0.0,0.0,0.0
0.649,0.34722,0.26867,0.272,0.01403673,0.00392465,0.00723504,0.00376312,0.002096175,0.00016153,0.00470552,0.0,0.0,0.0
0.649,0.34716,0.26877,0.2721,0.01403098,0.003923361,0.007230501,0.003761791,0.00210005,0.0001615705,0.00470043,0.0,0.0,0.0
0.649,0.34711,0.26887,0.2722,0.01402522,0.003922072,0.007225957,0.003760458,0.002103932,0.0001616139,0.004695336,0.0,0.0,0.0
0.649,0.34705,0.26897,0.2723,0.01401947,0.003920783,0.007221408,0.003759123,0.00210782,0.0001616603,0.004690238,0.0,0.0,0.0
0.649,0.347,0.26907,0.2724,0.01401371,0.003919494,0.007216854,0.003757784,0.002111716,0.0001617096,0.004685137,0.0,0.0,0.0
0.649,0.34694,0.26917,0.2725,0.01400795,0.003918204,0.007212296,0.003756442,0.002115619,0.0001617616,0.004680032,0.0,0.0,0.0
0.649,0.34689,0.26927,0.2726,0.01400218,0.003916914,0.007207732,0.003755097,0.002119528,0.0001618162,0.004674923,0.0,0.0,0.0
0.649,0.34684,0.26938,0.2727,0.01399642,0.003915623,0.007203164,0.00375375,0.002123445,0.0001618735,0.00466981,0.0,0.0,0.0
0.649,0.34678,0.26948,0.2728,0.01399065,0.003914332,0.007198591,0.003752399,0.002127368,0.0001619333,0.004664693,0.0,0.0,0.0
0.649,0.34673,0.26958,0.2729,0.01401627,0.00394052,0.007194013,0.003751045,0.002162683,0.0001894756,0.004659573,0.0,0.0,0.0
0.649,0.34667,0.26968,0.273,0.01401033,0.003938667,0.00718943,0.003749688,0.002166454,0.0001889791,0.004654449,0.0,0.0,0.0
0.649,0.34662,0.26978,0.2731,0.01400442,0.003936854,0.007184843,0.003748328,0.002170254,0.0001885265,0.004649322,0.0,0.0,0.0
0.649,0.34656,0.26988,0.2732,0.01399852,0.003935078,0.007180251,0.003746965,0.00217408,0.0001881129,0.004644191,0.0,0.0,0.0
0.649,0.34651,0.26998,0.2733,0.01399264,0.003933333,0.007175654,0.003745599,0.002177929,0.0001877343,0.004639057,0.0,0.0,0.0
0.649,0.34645,0.27008,0.2734,0.01398677,0.003931617,0.007171052,0.00374423,0.0021818,0.000187387,0.004633919,0.0,0.0,0.0
0.649,0.3464,0.27018,0.2735,0.01398091,0.003929926,0.007166446,0.003742858,0.002185691,0.0001870682,0.004628777,0.0,0.0,0.0
0.649,0.34634,0.27028,0.2736,0.01397507,0.003928258,0.007161836,0.003741483,0.002189601,0.0001867751,0.004623632,0.0,0.0,0.0
0.649,0.34629,0.27038,0.2737,0.01396923,0.003926611,0.00715722,0.003740105,0.002193528,0.0001865055,0.004618484,0.0,0.0,0.0
0.649,0.34623,0.27048,0.2738,0.0139634,0.003924982,0.0071526,0.003738724,0.002197472,0.0001862575,0.004613332,0.0,0.0,0.0
0.649,0.34618,0.27058,0.2739,0.01395759,0.00392337,0.007147976,0.00373734,0.002201432,0.0001860292,0.004608177,0.0,0.0,0.0
0.649,0.34613,0.27068,0.274,0.01395177,0.003921773,0.007143347,0.003735954,0.002205406,0.0001858192,0.004603019,0.0,0.0,0.0
0.649,0.34607,0.27078,0.2741,0.01394597,0.00392019,0.007138714,0.003734564,0.002209395,0.0001856261,0.004597857,0.0,0.0,0.0
0.649,0.34602,0.27088,0.2742,0.01394016,0.00391862,0.007134076,0.003733172,0.002213396,0.0001854486,0.004592692,0.0,0.0,0.0
0.649,0.34596,0.27098,0.2743,0.01393437,0.003917062,0.007129434,0.003731776,0.002217411,0.0001852856,0.004587524,0.0,0.0,0.0
0.649,0.34591,0.27108,0.2744,0.01392858,0.003915514,0.007124787,0.003730378,0.002221438,0.0001851363,0.004582353,0.0,0.0,0.0
0.649,0.34585,0.27118,0.2745,0.01392279,0.003913976,0.007120136,0.003728977,0.002225477,0.0001849997,0.004577178,0.0,0.0,0.0
0.649,0.3458,0.27129,0.2746,0.01391701,0.003912447,0.007115481,0.003727572,0.002229528,0.0001848749,0.004572001,0.0,0.0,0.0
0.649,0.34574,0.27139,0.2747,0.01391123,0.003910927,0.007110821,0.003726166,0.002233589,0.0001847613,0.00456682,0.0,0.0,0.0
0.649,0.34569,0.27149,0.2748,0.01390545,0.003909414,0.007106157,0.003724756,0.002237662,0.0001846583,0.004561637,0.0,0.0,0.0
0.649,0.34563,0.27159,0.2749,0.01389968,0.003907908,0.007101488,0.003723343,0.002241745,0.0001845652,0.00455645,0.0,0.0,0.0
0.649,0.34558,0.27169,0.275,0.01389391,0.003906409,0.007096815,0.003721928,0.002245838,0.0001844814,0.00455126,0.0,0.0,0.0
0.649,0.34552,0.27179,0.2751,0.01388815,0.003904916,0.007092139,0.003720509,0.002249941,0.0001844065,0.004546068,0.0,0.0,0.0
0.649,0.34547,0.27189,0.2752,0.01388238,0.003903428,0.007087457,0.003719088,0.002254054,0.00018434,0.004540872,0.0,0.0,0.0
0.649,0.34541,0.27199,0.2753,0.01387662,0.003901946,0.007082772,0.003717664,0.002258177,0.0001842815,0.004535674,0.0,0.0,0.0
0.649,0.34536,0.27209,0.2754,0.01387086,0.003900468,0.007078082,0.003716238,0.002262309,0.0001842305,0.004530473,0.0,0.0,0.0
0.649,0.3453,0.27219,0.2755,0.01386511,0.003898995,0.007073389,0.003714808,0.00226645,0.0001841868,0.004525269,0.0,0.0,0.0
0.649,0.34525,0.27229,0.2756,0.01385935,0.003897526,0.007068691,0.003713376,0.0022706,0.0001841499,0.004520062,0.0,0.0,0.0
0.649,0.34519,0.27239,0.2757,0.0138536,0.00389606,0.007063989,0.003711941,0.002274759,0.0001841197,0.004514853,0.0,0.0,0.0
0.649,0.34514,0.27249,0.2758,0.01384785,0.003894599,0.007059283,0.003710503,0.002278927,0.0001840956,0.00450964,0.0,0.0,0.0
0.649,0.34508,0.27259,0.2759,0.0138421,0.00389314,0.007054573,0.003709063,0.002283103,0.0001840776,0.004504426,0.0,0.0,0.0
0.649,0.34503,0.27269,0.276,0.01383636,0.003891685,0.007049859,0.003707619,0.002287288,0.0001840654,0.004499208,0.0,0.0,0.0
0.649,0.34497,0.27279,0.2761,0.01383061,0.003890232,0.007045141,0.003706173,0.002291482,0.0001840586,0.004493988,0.0,0.0,0.0
0.649,0.34491,0.27289,0.2762,0.01382487,0.003888782,0.007040418,0.003704725,0.002295683,0.0001840572,0.004488765,0.0,0.0,0.0
0.649,0.34486,0.27299,0.2763,0.01381913,0.003887334,0.007035692,0.003703273,0.002299893,0.0001840608,0.00448354,0.0,0.0,0.0
0.649,0.3448,0.27309,0.2764,0.01381339,0.003885888,0.007030962,0.003701819,0.002304111,0.0001840693,0.004478312,0.0,0.0,0.0
0.649,0.34475,0.2732,0.2765,0.01380765,0.003884445,0.007026228,0.003700362,0.002308337,0.0001840825,0.004473082,0.0,0.0,0.0
0.649,0.34469,0.2733,0.2766,0.01380191,0.003883003,0.00702149,0.003698903,0.002312571,0.0001841002,0.004467849,0.0,0.0,0.0
0.649,0.34464,0.2734,0.2767,0.01379618,0.003881563,0.007016748,0.003697441,0.002316813,0.0001841224,0.004462614,0.0,0.0,0.0
0.649,0.34458,0.2735,0.2768,0.01379044,0.003880125,0.007012003,0.003695976,0.002321063,0.0001841487,0.004457377,0.0,0.0,0.0
0.649,0.34453,0.2736,0.2769,0.01378471,0.003878688,0.007007253,0.003694508,0.00232532,0.0001841791,0.004452137,0.0,0.0,0.0
0.649,0.34447,0.2737,0.277,0.01377898,0.003877252,0.0070025,0.003693038,0.002329585,0.0001842135,0.004446895,0.0,0.0,0.0
0.649,0.34442,0.2738,0.2771,0.01377325,0.003875817,0.006997743,0.003691566,0.002333858,0.0001842516,0.00444165,0.0,0.0,0.0
0.649,0.34436,0.2739,0.2772,0.01376752,0.003874384,0.006992982,0.00369009,0.002338138,0.0001842935,0.004436404,0.0,0.0,0.0
0.649,0.34431,0.274,0.2773,0.0137618,0.003872951,0.006988218,0.003688612,0.002342426,0.0001843389,0.004431155,0.0,0.0,0.0
0.649,0.34425,0.2741,0.2774,0.01375607,0.00387152,0.006983449,0.003687132,0.002346722,0.0001843877,0.004425904,0.0,0.0,0.0
0.649,0.34419,0.2742,0.2775,0.01375035,0.003870089,0.006978678,0.003685649,0.002351024,0.00018444,0.004420651,0.0,0.0,0.0
0.649,0.34414,0.2743,0.2776,0.01374463,0.003868659,0.006973902,0.003684163,0.002355334,0.0001844954,0.004415395,0.0,0.0,0.0
0.649,0.34408,0.2744,0.2777,0.01373891,0.003867229,0.006969123,0.003682675,0.002359652,0.0001845541,0.004410138,0.0,0.0,0.0
0.649,0.34403,0.2745,0.2778,0.0137332,0.0038658,0.00696434,0.003681184,0.002363977,0.0001846158,0.004404879,0.0,0.0,0.0
0.649,0.34397,0.2746,0.2779,0.01372748,0.003864371,0.006959553,0.003679691,0.002368309,0.0001846805,0.004399617,0.0,0.0,0.0
0.649,0.34392,0.2747,0.278,0.01372177,0.003862943,0.006954763,0.003678195,0.002372648,0.0001847481,0.004394354,0.0,0.0,0.0
0.649,0.34386,0.2748,0.2781,0.01371605,0.003861515,0.006949969,0.003676696,0.002376995,0.0001848185,0.004389089,0.0,0.0,0.0
0.649,0.34381,0.2749,0.2782,0.01374131,0.00389017,0.006945172,0.003675195,0.002412318,0.0002149748,0.004383821,0.0,0.0,0.0
0.649,0.34375,0.27501,0.2783,0.01373547,0.003888131,0.006940372,0.003673692,0.002416546,0.0002144392,0.004378552,0.0,0.0,0.0
0.649,0.34369,0.27511,0.2784,0.01372965,0.003886137,0.006935567,0.003672186,0.0024208,0.0002139511,0.004373281,0.0,0.0,0.0
0.649,0.34364,0.27521,0.2785,0.01372385,0.003884183,0.00693076,0.003670677,0.002425079,0.0002135052,0.004368009,0.0,0.0,0.0
0.649,0.34358,0.27531,0.2786,0.01371806,0.003882264,0.006925949,0.003669167,0.002429381,0.0002130972,0.004362734,0.0,0.0,0.0
0.649,0.34353,0.27541,0.2787,0.0137123,0.003880376,0.006921134,0.003667653,0.002433703,0.0002127234,0.004357458,0.0,0.0,0.0
0.649,0.34347,0.27551,0.2788,0.01370654,0.003878517,0.006916316,0.003666137,0.002438044,0.0002123803,0.00435218,0.0,0.0,0.0
0.649,0.34342,0.27561,0.2789,0.0137008,0.003876684,0.006911495,0.003664619,0.002442404,0.0002120653,0.0043469,0.0,0.0,0.0
0.649,0.34336,0.27571,0.279,0.01369507,0.003874874,0.00690667,0.003663098,0.00244678,0.0002117759,0.004341619,0.0,0.0,0.0
0.649,0.3433,0.27581,0.2791,0.01368935,0.003873085,0.006901843,0.003661575,0.002451172,0.0002115099,0.004336336,0.0,0.0,0.0
0.649,0.34325,0.27591,0.2792,0.01368364,0.003871315,0.006897011,0.003660049,0.002455579,0.0002112655,0.004331052,0.0,0.0,0.0
0.649,0.34319,0.27601,0.2793,0.01367794,0.003869562,0.006892177,0.003658521,0.00246,0.000211041,0.004325766,0.0,0.0,0.0
0.649,0.34314,0.27611,0.2794,0.01367225,0.003867826,0.006887339,0.003656991,0.002464436,0.0002108349,0.004320478,0.0,0.0,0.0
0.649,0.34308,0.27621,0.2795,0.01366657,0.003866104,0.006882498,0.003655458,0.002468884,0.0002106459,0.004315189,0.0,0.0,0.0
0.649,0.34302,0.27631,0.2796,0.0136609,0.003864395,0.006877654,0.003653923,0.002473345,0.0002104728,0.004309899,0.0,0.0,0.0
0.649,0.34297,0.27641,0.2797,0.01365523,0.0038627,0.006872806,0.003652385,0.002477818,0.0002103146,0.004304607,0.0,0.0,0.0
0.649,0.34291,0.27651,0.2798,0.01364957,0.003861015,0.006867956,0.003650845,0.002482303,0.0002101703,0.004299314,0.0,0.0,0.0
0.649,0.34286,0.27661,0.2799,0.01364392,0.003859342,0.006863102,0.003649303,0.0024868,0.000210039,0.004294019,0.0,0.0,0.0
0.649,0.3428,0.27671,0.28,0.01363828,0.003857678,0.006858245,0.003647758,0.002491307,0.0002099199,0.004288724,0.0,0.0,0.0
0.649,0.34274,0.27681,0.2801,0.01363264,0.003856023,0.006853385,0.003646211,0.002495825,0.0002098124,0.004283426,0.0,0.0,0.0
0.649,0.34269,0.27692,0.2802,0.013627,0.003854377,0.006848522,0.003644661,0.002500354,0.0002097158,0.004278128,0.0,0.0,0.0
0.649,0.34263,0.27702,0.2803,0.01362138,0.003852739,0.006843656,0.00364311,0.002504893,0.0002096294,0.004272829,0.0,0.0,0.0
0.649,0.34258,0.27712,0.2804,0.01361576,0.003851109,0.006838786,0.003641556,0.002509443,0.0002095527,0.004267528,0.0,0.0,0.0
0.649,0.34252,0.27722,0.2805,0.01361014,0.003849485,0.006833914,0.003639999,0.002514002,0.0002094853,0.004262226,0.0,0.0,0.0
0.649,0.34246,0.27732,0.2806,0.01360453,0.003847868,0.006829039,0.003638441,0.00251857,0.0002094266,0.004256923,0.0,0.0,0.0
0.649,0.34241,0.27742,0.2807,0.01359893,0.003846256,0.006824161,0.00363688,0.002523148,0.0002093763,0.004251619,0.0,0.0,0.0
0.649,0.34235,0.27752,0.2808,0.01359333,0.003844651,0.006819279,0.003635317,0.002527736,0.0002093338,0.004246314,0.0,0.0,0.0
0.649,0.3423,0.27762,0.2809,0.01358774,0.00384305,0.006814395,0.003633751,0.002532333,0.000209299,0.004241008,0.0,0.0,0.0
0.649,0.34224,0.27772,0.281,0.01358215,0.003841455,0.006809508,0.003632184,0.002536938,0.0002092713,0.004235701,0.0,0.0,0.0
0.649,0.34218,0.27782,0.2811,0.01357656,0.003839864,0.006804618,0.003630614,0.002541553,0.0002092505,0.004230393,0.0,0.0,0.0
0.649,0.34213,0.27792,0.2812,0.01357099,0.003838278,0.006799726,0.003629042,0.002546176,0.0002092364,0.004225084,0.0,0.0,0.0
0.649,0.34207,0.27802,0.2813,0.01356541,0.003836696,0.00679483,0.003627467,0.002550809,0.0002092285,0.004219774,0.0,0.0,0.0
0.649,0.34202,0.27812,0.2814,0.01355984,0.003835117,0.006789932,0.003625891,0.002555449,0.0002092268,0.004214463,0.0,0.0,0.0
0.649,0.34196,0.27822,0.2815,0.01355428,0.003833543,0.00678503,0.003624312,0.002560099,0.0002092308,0.004209152,0.0,0.0,0.0
0.649,0.3419,0.27832,0.2816,0.01354872,0.003831971,0.006780126,0.003622731,0.002564756,0.0002092405,0.004203839,0.0,0.0,0.0
0.649,0.34185,0.27842,0.2817,0.01354317,0.003830403,0.00677522,0.003621148,0.002569423,0.0002092555,0.004198526,0.0,0.0,0.0
0.649,0.34179,0.27852,0.2818,0.01353762,0.003828838,0.00677031,0.003619562,0.002574097,0.0002092757,0.004193213,0.0,0.0,0.0
0.649,0.34173,0.27862,0.2819,0.01353208,0.003827276,0.006765398,0.003617975,0.002578779,0.0002093009,0.004187898,0.0,0.0,0.0
0.649,0.34168,0.27872,0.282,0.01352654,0.003825716,0.006760483,0.003616385,0.00258347,0.0002093309,0.004182583,0.0,0.0,0.0
0.649,0.34162,0.27883,0.2821,0.013521,0.003824159,0.006755565,0.003614793,0.002588169,0.0002093656,0.004177268,0.0,0.0,0.0
0.649,0.34156,0.27893,0.2822,0.01351547,0.003822604,0.006750645,0.003613199,0.002592876,0.0002094047,0.004171951,0.0,0.0,0.0
0.649,0.34151,0.27903,0.2823,0.01350995,0.003821051,0.006745722,0.003611603,0.002597591,0.0002094482,0.004166635,0.0,0.0,0.0
0.649,0.34145,0.27913,0.2824,0.01350443,0.003819501,0.006740797,0.003610005,0.002602313,0.0002094959,0.004161317,0.0,0.0,0.0
0.649,0.34139,0.27923,0.2825,0.01349891,0.003817952,0.006735869,0.003608405,0.002607044,0.0002095476,0.004155999,0.0,0.0,0.0
0.649,0.34134,0.27933,0.2826,0.0134934,0.003816405,0.006730938,0.003606802,0.002611782,0.0002096033,0.004150681,0.0,0.0,0.0
0.649,0.34128,0.27943,0.2827,0.0134879,0.00381486,0.006726005,0.003605198,0.002616528,0.0002096628,0.004145363,0.0,0.0,0.0
0.649,0.34123,0.27953,0.2828,0.0134824,0.003813317,0.006721069,0.003603591,0.002621282,0.000209726,0.004140044,0.0,0.0,0.0
0.649,0.34117,0.27963,0.2829,0.0134769,0.003811775,0.006716131,0.003601982,0.002626044,0.0002097929,0.004134724,0.0,0.0,0.0
0.649,0.34111,0.27973,0.283,0.01347141,0.003810235,0.00671119,0.003600371,0.002630813,0.0002098631,0.004129405,0.0,0.0,0.0
0.649,0.34106,0.27983,0.2831,0.01346592,0.003808695,0.006706247,0.003598759,0.00263559,0.0002099368,0.004124085,0.0,0.0,0.0
0.649,0.341,0.27993,0.2832,0.01346044,0.003807157,0.006701302,0.003597144,0.002640375,0.0002100138,0.004118764,0.0,0.0,0.0
0.649,0.34094,0.28003,0.2833,0.01345496,0.003805621,0.006696354,0.003595527,0.002645167,0.000210094,0.004113444,0.0,0.0,0.0
0.649,0.34089,0.28013,0.2834,0.01344949,0.003804085,0.006691403,0.003593908,0.002649966,0.0002101773,0.004108123,0.0,0.0,0.0
0.649,0.34083,0.28023,0.2835,0.01347431,0.003835175,0.006686451,0.003592287,0.002685058,0.0002428885,0.004102802,0.0,0.0,0.0
0.649,0.34077,0.28033,0.2836,0.01346876,0.00383299,0.006681495,0.003590664,0.002689781,0.0002423261,0.004097482,0.0,0.0,0.0
0.649,0.34072,0.28043,0.2837,0.01346323,0.003830852,0.006676538,0.003589039,0.002694528,0.0002418135,0.004092161,0.0,0.0,0.0
0.649,0.34066,0.28053,0.2838,0.01345771,0.003828757,0.006671578,0.003587412,0.002699296,0.0002413453,0.00408684,0.0,0.0,0.0
0.649,0.3406,0.28064,0.2839,0.01345222,0.0038267,0.006666616,0.003585783,0.002704086,0.000240917,0.004081518,0.0,0.0,0.0
0.649,0.34055,0.28074,0.284,0.01344674,0.003824676,0.006661652,0.003584152,0.002708894,0.0002405246,0.004076197,0.0,0.0,0.0
0.649,0.34049,0.28084,0.2841,0.01344128,0.003822684,0.006656685,0.003582519,0.00271372,0.0002401649,0.004070876,0.0,0.0,0.0
0.649,0.34043,0.28094,0.2842,0.01343584,0.003820719,0.006651716,0.003580884,0.002718563,0.000239835,0.004065555,0.0,0.0,0.0
0.649,0.34037,0.28104,0.2843,0.0134304,0.003818779,0.006646745,0.003579247,0.002723422,0.0002395322,0.004060235,0.0,0.0,0.0
0.649,0.34032,0.28114,0.2844,0.01342498,0.003816863,0.006641772,0.003577608,0.002728296,0.0002392543,0.004054914,0.0,0.0,0.0
0.649,0.34026,0.28124,0.2845,0.01341957,0.003814967,0.006636797,0.003575968,0.002733184,0.0002389995,0.004049593,0.0,0.0,0.0
0.649,0.3402,0.28134,0.2846,0.01341418,0.003813091,0.006631819,0.003574325,0.002738086,0.0002387658,0.004044273,0.0,0.0,0.0
0.649,0.34015,0.28144,0.2847,0.01340879,0.003811232,0.006626839,0.003572681,0.002743001,0.0002385519,0.004038953,0.0,0.0,0.0
0.649,0.34009,0.28154,0.2848,0.01340342,0.00380939,0.006621858,0.003571034,0.002747928,0.0002383562,0.004033633,0.0,0.0,0.0
0.649,0.34003,0.28164,0.2849,0.01339805,0.003807563,0.006616874,0.003569386,0.002752868,0.0002381776,0.004028314,0.0,0.0,0.0
0.649,0.33998,0.28174,0.285,0.0133927,0.00380575,0.006611888,0.003567736,0.002757819,0.0002380149,0.004022994,0.0,0.0,0.0
0.649,0.33992,0.28184,0.2851,0.01338736,0.003803951,0.0066069,0.003566083,0.002762782,0.0002378672,0.004017675,0.0,0.0,0.0
0.649,0.33986,0.28194,0.2852,0.01338202,0.003802163,0.00660191,0.003564429,0.002767756,0.0002377334,0.004012357,0.0,0.0,0.0
0.649,0.3398,0.28204,0.2853,0.0133767,0.003800386,0.006596918,0.003562774,0.002772742,0.0002376128,0.004007039,0.0,0.0,0.0
0.649,0.33975,0.28214,0.2854,0.01337138,0.003798621,0.006591924,0.003561116,0.002777737,0.0002375046,0.004001721,0.0,0.0,0.0
0.649,0.33969,0.28224,0.2855,0.01336608,0.003796865,0.006586928,0.003559456,0.002782743,0.0002374081,0.003996404,0.0,0.0,0.0
0.649,0.33963,0.28234,0.2856,0.01336078,0.003795118,0.00658193,0.003557795,0.00278776,0.0002373227,0.003991088,0.0,0.0,0.0
0.649,0.33958,0.28245,0.2857,0.01335549,0.00379338,0.00657693,0.003556132,0.002792786,0.0002372477,0.003985772,0.0,0.0,0.0
0.649,0.33952,0.28255,0.2858,0.01335021,0.00379165,0.006571928,0.003554467,0.002797822,0.0002371828,0.003980457,0.0,0.0,0.0
0.649,0.33946,0.28265,0.2859,0.01334493,0.003789927,0.006566924,0.0035528,0.002802868,0.0002371272,0.003975142,0.0,0.0,0.0
0.649,0.33941,0.28275,0.286,0.01333967,0.003788212,0.006561919,0.003551132,0.002807923,0.0002370807,0.003969828,0.0,0.0,0.0
0.649,0.33935,0.28285,0.2861,0.01333441,0.003786504,0.006556911,0.003549461,0.002812987,0.0002370428,0.003964514,0.0,0.0,0.0
0.649,0.33929,0.28295,0.2862,0.01332917,0.003784802,0.006551902,0.003547789,0.002818061,0.000237013,0.003959202,0.0,0.0,0.0
0.649,0.33923,0.28305,0.2863,0.01332393,0.003783106,0.006546891,0.003546115,0.002823144,0.000236991,0.00395389,0.0,0.0,0.0
0.649,0.33918,0.28315,0.2864,0.01331869,0.003781416,0.006541878,0.003544439,0.002828236,0.0002369766,0.003948578,0.0,0.0,0.0
0.649,0.33912,0.28325,0.2865,0.01331347,0.003779731,0.006536864,0.003542762,0.002833337,0.0002369692,0.003943268,0.0,0.0,0.0
0.649,0.33906,0.28335,0.2866,0.01330825,0.003778052,0.006531847,0.003541083,0.002838447,0.0002369688,0.003937958,0.0,0.0,0.0
0.649,0.339,0.28345,0.2867,0.01330304,0.003776377,0.006526829,0.003539402,0.002843566,0.0002369749,0.00393265,0.0,0.0,0.0
0.649,0.33895,0.28355,0.2868,0.01329784,0.003774707,0.00652181,0.003537719,0.002848693,0.0002369873,0.003927342,0.0,0.0,0.0
0.649,0.33889,0.28365,0.2869,0.01329265,0.003773041,0.006516788,0.003536035,0.002853829,0.0002370058,0.003922035,0.0,0.0,0.0
0.649,0.33883,0.28375,0.287,0.01328747,0.003771379,0.006511765,0.003534349,0.002858973,0.0002370301,0.003916729,0.0,0.0,0.0
0.649,0.33877,0.28385,0.2871,0.01328229,0.003769721,0.00650674,0.003532661,0.002864126,0.0002370601,0.003911425,0.0,0.0,0.0
0.649,0.33872,0.28395,0.2872,0.01327712,0.003768067,0.006501714,0.003530972,0.002869287,0.0002370955,0.003906121,0.0,0.0,0.0
0.649,0.33866,0.28405,0.2873,0.01327196,0.003766417,0.006496686,0.003529281,0.002874456,0.0002371362,0.003900818,0.0,0.0,0.0
0.649,0.3386,0.28415,0.2874,0.01326681,0.00376477,0.006491656,0.003527588,0.002879634,0.0002371819,0.003895516,0.0,0.0,0.0
0.649,0.33854,0.28425,0.2875,0.01326166,0.003763126,0.006486625,0.003525893,0.00288482,0.0002372325,0.003890216,0.0,0.0,0.0
0.649,0.33849,0.28436,0.2876,0.01325652,0.003761485,0.006481592,0.003524197,0.002890015,0.0002372878,0.003884917,0.0,0.0,0.0
0.649,0.33843,0.28446,0.2877,0.01325139,0.003759847,0.006476558,0.003522499,0.002895217,0.0002373477,0.003879618,0.0,0.0,0.0
0.649,0.33837,0.28456,0.2878,0.01324627,0.003758212,0.006471522,0.0035208,0.002900428,0.000237412,0.003874322,0.0,0.0,0.0
0.649,0.33831,0.28466,0.2879,0.01324116,0.00375658,0.006466485,0.003519099,0.002905646,0.0002374806,0.003869026,0.0,0.0,0.0
0.649,0.33826,0.28476,0.288,0.01323605,0.00375495,0.006461446,0.003517396,0.002910873,0.0002375534,0.003863731,0.0,0.0,0.0
0.649,0.3382,0.28486,0.2881,0.01323095,0.003753322,0.006456406,0.003515692,0.002916107,0.0002376302,0.003858438,0.0,0.0,0.0
0.649,0.33814,0.28496,0.2882,0.01322586,0.003751697,0.006451364,0.003513986,0.00292135,0.0002377109,0.003853147,0.0,0.0,0.0
0.649,0.33808,0.28506,0.2883,0.01322078,0.003750074,0.006446321,0.003512279,0.002926601,0.0002377955,0.003847856,0.0,0.0,0.0
0.649,0.33803,0.28516,0.2884,0.0132157,0.003748453,0.006441276,0.00351057,0.002931859,0.0002378837,0.003842567,0.0,0.0,0.0
0.649,0.33797,0.28526,0.2885,0.01321064,0.003746835,0.00643623,0.003508859,0.002937125,0.0002379755,0.00383728,0.0,0.0,0.0
0.649,0.33791,0.28536,0.2886,0.01320558,0.003745218,0.006431183,0.003507147,0.0029424,0.0002380709,0.003831994,0.0,0.0,0.0
0.649,0.33785,0.28546,0.2887,0.01322995,0.003779399,0.006426134,0.003505433,0.002977103,0.0002739661,0.003826709,0.0,0.0,0.0
0.649,0.3378,0.28556,0.2888,0.01322484,0.003777052,0.006421085,0.003503718,0.002982332,0.0002733341,0.003821426,0.0,0.0,0.0
0.649,0.33774,0.28566,0.2889,0.01321976,0.00377476,0.006416033,0.003502001,0.002987584,0.0002727591,0.003816145,0.0,0.0,0.0
0.649,0.33768,0.28576,0.289,0.0132147,0.003772517,0.006410981,0.003500283,0.002992857,0.0002722347,0.003810865,0.0,0.0,0.0
0.649,0.33762,0.28586,0.2891,0.01320966,0.003770318,0.006405927,0.003498563,0.002998149,0.0002717558,0.003805587,0.0,0.0,0.0
0.649,0.33756,0.28596,0.2892,0.01320464,0.003768159,0.006400872,0.003496841,0.00300346,0.0002713177,0.00380031,0.0,0.0,0.0
0.649,0.33751,0.28606,0.2893,0.01319964,0.003766035,0.006395815,0.003495118,0.003008788,0.0002709167,0.003795035,0.0,0.0,0.0
0.649,0.33745,0.28617,0.2894,0.01319465,0.003763943,0.006390758,0.003493394,0.003014132,0.0002705494,0.003789762,0.0,0.0,0.0
0.649,0.33739,0.28627,0.2895,0.01318968,0.003761881,0.006385699,0.003491668,0.003019491,0.0002702128,0.003784491,0.0,0.0,0.0
0.649,0.33733,0.28637,0.2896,0.01318472,0.003759845,0.006380639,0.00348994,0.003024864,0.0002699045,0.003779221,0.0,0.0,0.0
0.649,0.33727,0.28647,0.2897,0.01317978,0.003757834,0.006375578,0.003488212,0.003030252,0.0002696221,0.003773953,0.0,0.0,0.0
0.649,0.33722,0.28657,0.2898,0.01317486,0.003755845,0.006370516,0.003486481,0.003035652,0.0002693637,0.003768687,0.0,0.0,0.0
0.649,0.33716,0.28667,0.2899,0.01316994,0.003753877,0.006365453,0.003484749,0.003041066,0.0002691274,0.003763423,0.0,0.0,0.0
0.649,0.3371,0.28677,0.29,0.01316504,0.003751928,0.006360388,0.003483016,0.003046492,0.0002689118,0.003758161,0.0,0.0,0.0
0.649,0.33704,0.28687,0.2901,0.01316015,0.003749997,0.006355323,0.003481281,0.00305193,0.0002687153,0.003752901,0.0,0.0,0.0
0.649,0.33698,0.28697,0.2902,0.01315528,0.003748082,0.006350256,0.003479545,0.003057379,0.0002685368,0.003747642,0.0,0.0,0.0
0.649,0.33693,0.28707,0.2903,0.01315041,0.003746183,0.006345188,0.003477808,0.00306284,0.000268375,0.003742386,0.0,0.0,0.0
0.649,0.33687,0.28717,0.2904,0.01314556,0.003744298,0.00634012,0.003476069,0.003068312,0.0002682289,0.003737132,0.0,0.0,0.0
0.649,0.33681,0.28727,0.2905,0.01314072,0.003742426,0.00633505,0.003474328,0.003073794,0.0002680976,0.00373188,0.0,0.0,0.0
0.649,0.33675,0.28737,0.2906,0.0131359,0.003740567,0.006329979,0.003472586,0.003079287,0.0002679802,0.003726629,0.0,0.0,0.0
0.649,0.33669,0.28747,0.2907,0.01313108,0.003738719,0.006324907,0.003470843,0.003084791,0.0002678759,0.003721381,0.0,0.0,0.0
0.649,0.33664,0.28757,0.2908,0.01312627,0.003736883,0.006319835,0.003469099,0.003090304,0.000267784,0.003716135,0.0,0.0,0.0
0.649,0.33658,0.28767,0.2909,0.01312148,0.003735057,0.006314761,0.003467353,0.003095828,0.0002677038,0.003710892,0.0,0.0,0.0
0.649,0.33652,0.28777,0.291,0.0131167,0.00373324,0.006309687,0.003465605,0.003101362,0.0002676348,0.00370565,0.0,0.0,0.0
0.649,0.33646,0.28787,0.2911,0.01311193,0.003731433,0.006304611,0.003463857,0.003106905,0.0002675764,0.003700411,0.0,0.0,0.0
0.649,0.3364,0.28798,0.2912,0.01310717,0.003729635,0.006299535,0.003462107,0.003112457,0.000267528,0.003695174,0.0,0.0,0.0
0.649,0.33635,0.28808,0.2913,0.01310242,0.003727844,0.006294457,0.003460355,0.00311802,0.0002674892,0.003689939,0.0,0.0,0.0
0.649,0.33629,0.28818,0.2914,0.01309768,0.003726062,0.006289379,0.003458602,0.003123591,0.0002674596,0.003684707,0.0,0.0,0.0
0.649,0.33623,0.28828,0.2915,0.01309295,0.003724287,0.0062843,0.003456848,0.003129172,0.0002674387,0.003679477,0.0,0.0,0.0
0.649,0.33617,0.28838,0.2916,0.01308823,0.003722519,0.006279221,0.003455093,0.003134762,0.0002674261,0.003674249,0.0,0.0,0.0
0.649,0.33611,0.28848,0.2917,0.01308352,0.003720758,0.00627414,0.003453336,0.00314036,0.0002674214,0.003669024,0.0,0.0,0.0
0.649,0.33605,0.28858,0.2918,0.01307883,0.003719003,0.006269059,0.003451578,0.003145968,0.0002674245,0.003663801,0.0,0.0,0.0
0.649,0.336,0.28868,0.2919,0.01307414,0.003717254,0.006263977,0.003449819,0.003151585,0.0002674348,0.00365858,0.0,0.0,0.0
0.649,0.33594,0.28878,0.292,0.01306947,0.003715511,0.006258894,0.003448059,0.003157211,0.0002674523,0.003653362,0.0,0.0,0.0
0.649,0.33588,0.28888,0.2921,0.0130648,0.003713773,0.00625381,0.003446297,0.003162845,0.0002674764,0.003648147,0.0,0.0,0.0
0.649,0.33582,0.28898,0.2922,0.01306015,0.003712041,0.006248726,0.003444534,0.003168488,0.0002675071,0.003642934,0.0,0.0,0.0
0.649,0.33576,0.28908,0.2923,0.0130555,0.003710313,0.006243641,0.003442769,0.00317414,0.0002675441,0.003637724,0.0,0.0,0.0
0.649,0.3357,0.28918,0.2924,0.01305087,0.003708591,0.006238555,0.003441004,0.0031798,0.0002675871,0.003632516,0.0,0.0,0.0
0.649,0.33564,0.28928,0.2925,0.01304625,0.003706873,0.006233469,0.003439237,0.003185469,0.000267636,0.003627311,0.0,0.0,0.0
0.649,0.33559,0.28938,0.2926,0.01304164,0.003705159,0.006228382,0.003437469,0.003191146,0.0002676904,0.003622109,0.0,0.0,0.0
0.649,0.33553,0.28948,0.2927,0.01303704,0.00370345,0.006223294,0.003435699,0.003196832,0.0002677504,0.00361691,0.0,0.0,0.0
0.649,0.33547,0.28958,0.2928,0.01303244,0.003701744,0.006218206,0.003433929,0.003202526,0.0002678155,0.003611713,0.0,0.0,0.0
0.649,0.33541,0.28969,0.2929,0.01302786,0.003700043,0.006213117,0.003432157,0.003208229,0.0002678858,0.003606519,0.0,0.0,0.0
0.649,0.33535,0.28979,0.293,0.01302329,0.003698345,0.006208027,0.003430384,0.00321394,0.0002679609,0.003601327,0.0,0.0,0.0
0.649,0.33529,0.28989,0.2931,0.01301873,0.00369665,0.006202937,0.00342861,0.003219659,0.0002680409,0.003596139,0.0,0.0,0.0
0.649,0.33523,0.28999,0.2932,0.01301419,0.00369496,0.006197847,0.003426834,0.003225386,0.0002681255,0.003590953,0.0,0.0,0.0
0.649,0.33518,0.29009,0.2933,0.01300965,0.003693272,0.006192756,0.003425058,0.003231122,0.0002682145,0.00358577,0.0,0.0,0.0
0.649,0.33512,0.29019,0.2934,0.01300512,0.003691588,0.006187664,0.00342328,0.003236866,0.0002683079,0.003580591,0.0,0.0,0.0
0.649,0.33506,0.29029,0.2935,0.0130006,0.003689906,0.006182572,0.003421501,0.003242618,0.0002684055,0.003575414,0.0,0.0,0.0
0.649,0.335,0.29039,0.2936,0.0129961,0.003688228,0.006177479,0.003419721,0.003248379,0.0002685073,0.00357024,0.0,0.0,0.0
0.649,0.33494,0.29049,0.2937,0.0129916,0.003686553,0.006172386,0.00341794,0.003254147,0.000268613,0.003565069,0.0,0.0,0.0
0.649,0.33488,0.29059,0.2938,0.01298712,0.00368488,0.006167293,0.003416157,0.003259924,0.0002687226,0.003559901,0.0,0.0,0.0
0.649,0.33482,0.29069,0.2939,0.0130109,0.003722128,0.006162199,0.003414374,0.003293969,0.0003077539,0.003554736,0.0,0.0,0.0
0.649,0.33477,0.29079,0.294,0.01300642,0.003719651,0.006157104,0.003412589,0.003299741,0.000307062,0.003549574,0.0,0.0,0.0
0.649,0.33471,0.29089,0.2941,0.01300196,0.003717236,0.006152009,0.003410803,0.003305534,0.0003064332,0.003544415,0.0,0.0,0.0
0.649,0.33465,0.29099,0.2942,0.01299752,0.003714877,0.006146914,0.003409016,0.003311346,0.0003058605,0.00353926,0.0,0.0,0.0
0.649,0.33459,0.29109,0.2943,0.0129931,0.003712567,0.006141819,0.003407228,0.003317176,0.0003053381,0.003534107,0.0,0.0,0.0
0.649,0.33453,0.29119,0.2944,0.0129887,0.0037103,0.006136723,0.003405439,0.003323023,0.000304861,0.003528958,0.0,0.0,0.0
0.649,0.33447,0.29129,0.2945,0.01298432,0.003708074,0.006131626,0.003403649,0.003328885,0.0003044248,0.003523812,0.0,0.0,0.0
0.649,0.33441,0.29139,0.2946,0.01297996,0.003705884,0.00612653,0.003401858,0.003334763,0.0003040259,0.003518669,0.0,0.0,0.0
0.649,0.33435,0.2915,0.2947,0.01297562,0.003703726,0.006121433,0.003400066,0.003340654,0.0003036609,0.00351353,0.0,0.0,0.0
0.649,0.33429,0.2916,0.2948,0.01297129,0.003701599,0.006116336,0.003398272,0.003346559,0.0003033271,0.003508393,0.0,0.0,0.0
0.649,0.33423,0.2917,0.2949,0.01296698,0.0036995,0.006111238,0.003396478,0.003352477,0.000303022,0.003503261,0.0,0.0,0.0
0.649,0.33418,0.2918,0.295,0.01296268,0.003697425,0.006106141,0.003394682,0.003358408,0.0003027433,0.003498131,0.0,0.0,0.0
0.649,0.33412,0.2919,0.2951,0.0129584,0.003695375,0.006101043,0.003392886,0.003364351,0.0003024891,0.003493005,0.0,0.0,0.0
0.649,0.33406,0.292,0.2952,0.01295413,0.003693346,0.006095945,0.003391088,0.003370306,0.0003022577,0.003487882,0.0,0.0,0.0
0.649,0.334,0.2921,0.2953,0.01294988,0.003691337,0.006090846,0.003389289,0.003376272,0.0003020473,0.003482763,0.0,0.0,0.0
0.649,0.33394,0.2922,0.2954,0.01294564,0.003689346,0.006085748,0.00338749,0.00338225,0.0003018568,0.003477647,0.0,0.0,0.0
0.649,0.33388,0.2923,0.2955,0.01294142,0.003687374,0.006080649,0.003385689,0.003388238,0.0003016847,0.003472535,0.0,0.0,0.0
0.649,0.33382,0.2924,0.2956,0.01293721,0.003685417,0.00607555,0.003383887,0.003394237,0.0003015299,0.003467426,0.0,0.0,0.0
0.649,0.33376,0.2925,0.2957,0.01293302,0.003683476,0.006070451,0.003382085,0.003400247,0.0003013914,0.00346232,0.0,0.0,0.0
0.649,0.3337,0.2926,0.2958,0.01292884,0.003681549,0.006065352,0.003380281,0.003406266,0.0003012682,0.003457219,0.0,0.0,0.0
0.649,0.33364,0.2927,0.2959,0.01292467,0.003679636,0.006060253,0.003378476,0.003412296,0.0003011595,0.003452121,0.0,0.0,0.0
0.649,0.33359,0.2928,0.296,0.01292052,0.003677735,0.006055153,0.003376671,0.003418336,0.0003010644,0.003447026,0.0,0.0,0.0
0.649,0.33353,0.2929,0.2961,0.01291638,0.003675846,0.006050054,0.003374864,0.003424386,0.0003009822,0.003441935,0.0,0.0,0.0
0.649,0.33347,0.293,0.2962,0.01291225,0.003673969,0.006044954,0.003373057,0.003430445,0.0003009124,0.003436848,0.0,0.0,0.0
0.649,0.33341,0.2931,0.2963,0.01290813,0.003672102,0.006039855,0.003371248,0.003436514,0.0003008541,0.003431765,0.0,0.0,0.0
0.649,0.33335,0.2932,0.2964,0.01290403,0.003670245,0.006034755,0.003369439,0.003442593,0.0003008069,0.003426685,0.0,0.0,0.0
0.649,0.33329,0.29331,0.2965,0.01289995,0.003668398,0.006029656,0.003367628,0.003448681,0.0003007703,0.003421609,0.0,0.0,0.0
0.649,0.33323,0.29341,0.2966,0.01289587,0.003666561,0.006024556,0.003365817,0.003454778,0.0003007437,0.003416537,0.0,0.0,0.0
0.649,0.33317,0.29351,0.2967,0.01289181,0.003664731,0.006019456,0.003364005,0.003460885,0.0003007267,0.003411469,0.0,0.0,0.0
0.649,0.33311,0.29361,0.2968,0.01288776,0.00366291,0.006014357,0.003362191,0.003467,0.0003007189,0.003406404,0.0,0.0,0.0
0.649,0.33305,0.29371,0.2969,0.01288373,0.003661097,0.006009257,0.003360377,0.003473125,0.0003007199,0.003401344,0.0,0.0,0.0
0.649,0.33299,0.29381,0.297,0.0128797,0.003659291,0.006004158,0.003358562,0.003479259,0.0003007293,0.003396287,0.0,0.0,0.0
0.649,0.33293,0.29391,0.2971,0.01287569,0.003657493,0.005999058,0.003356746,0.003485401,0.0003007467,0.003391234,0.0,0.0,0.0
0.649,0.33287,0.29401,0.2972,0.0128717,0.003655701,0.005993959,0.00335493,0.003491553,0.0003007719,0.003386185,0.0,0.0,0.0
0.649,0.33281,0.29411,0.2973,0.01286771,0.003653916,0.005988859,0.003353112,0.003497713,0.0003008046,0.00338114,0.0,0.0,0.0
0.649,0.33275,0.29421,0.2974,0.01286374,0.003652138,0.00598376,0.003351293,0.003503882,0.0003008444,0.003376099,0.0,0.0,0.0
0.649,0.33269,0.29431,0.2975,0.01285978,0.003650365,0.005978661,0.003349474,0.00351006,0.0003008911,0.003371063,0.0,0.0,0.0
0.649,0.33264,0.29441,0.2976,0.01285584,0.003648598,0.005973562,0.003347654,0.003516247,0.0003009444,0.00336603,0.0,0.0,0.0
0.649,0.33258,0.29451,0.2977,0.01285191,0.003646837,0.005968464,0.003345832,0.003522442,0.0003010041,0.003361001,0.0,0.0,0.0
0.649,0.33252,0.29461,0.2978,0.01284799,0.003645081,0.005963365,0.00334401,0.003528646,0.0003010701,0.003355976,0.0,0.0,0.0
0.649,0.33246,0.29471,0.2979,0.01284408,0.00364333,0.005958267,0.003342188,0.003534859,0.000301142,0.003350956,0.0,0.0,0.0
0.649,0.3324,0.29481,0.298,0.01284019,0.003641584,0.005953168,0.003340364,0.00354108,0.0003012197,0.00334594,0.0,0.0,0.0
0.649,0.33234,0.29491,0.2981,0.01283631,0.003639842,0.00594807,0.003338539,0.003547309,0.0003013029,0.003340927,0.0,0.0,0.0
0.649,0.33228,0.29502,0.2982,0.01283244,0.003638106,0.005942973,0.003336714,0.003553548,0.0003013916,0.00333592,0.0,0.0,0.0
0.649,0.33222,0.29512,0.2983,0.01282859,0.003636374,0.005937875,0.003334888,0.003559794,0.0003014855,0.003330916,0.0,0.0,0.0
0.649,0.33216,0.29522,0.2984,0.01282474,0.003634646,0.005932778,0.003333061,0.003566049,0.0003015845,0.003325916,0.0,0.0,0.0
0.649,0.3321,0.29532,0.2985,0.01282092,0.003632922,0.005927681,0.003331233,0.003572313,0.0003016885,0.003320921,0.0,0.0,0.0
0.649,0.33204,0.29542,0.2986,0.0128171,0.003631202,0.005922584,0.003329405,0.003578585,0.0003017972,0.00331593,0.0,0.0,0.0
0.649,0.33198,0.29552,0.2987,0.0128133,0.003629486,0.005917488,0.003327576,0.003584865,0.0003019105,0.003310944,0.0,0.0,0.0
0.649,0.33192,0.29562,0.2988,0.01280951,0.003627774,0.005912392,0.003325746,0.003591154,0.0003020284,0.003305962,0.0,0.0,0.0
0.649,0.33186,0.29572,0.2989,0.01280573,0.003626065,0.005907296,0.003323915,0.003597451,0.0003021507,0.003300984,0.0,0.0,0.0
0.649,0.3318,0.29582,0.299,0.01280197,0.00362436,0.005902201,0.003322083,0.003603756,0.0003022772,0.003296011,0.0,0.0,0.0
0.649,0.33174,0.29592,0.2991,0.01282505,0.003664579,0.005897106,0.003320251,0.003636902,0.000344328,0.003291042,0.0,0.0,0.0
0.649,0.33168,0.29602,0.2992,0.01282134,0.003662008,0.005892011,0.003318418,0.003643251,0.0003435903,0.003286077,0.0,0.0,0.0
0.649,0.33162,0.29612,0.2993,0.01281765,0.003659504,0.005886917,0.003316584,0.003649618,0.0003429204,0.003281117,0.0,0.0,0.0
0.649,0.33156,0.29622,0.2994,0.01281399,0.00365706,0.005881823,0.003314749,0.003656001,0.0003423109,0.003276162,0.0,0.0,0.0
0.649,0.3315,0.29632,0.2995,0.01281034,0.003654669,0.00587673,0.003312914,0.0036624,0.0003417554,0.003271211,0.0,0.0,0.0
0.649,0.33144,0.29642,0.2996,0.01280671,0.003652327,0.005871637,0.003311078,0.003668814,0.0003412488,0.003266264,0.0,0.0,0.0
0.649,0.33138,0.29652,0.2997,0.01280311,0.003650027,0.005866544,0.003309241,0.003675242,0.0003407862,0.003261323,0.0,0.0,0.0
0.649,0.33132,0.29662,0.2998,0.01279952,0.003647767,0.005861452,0.003307404,0.003681683,0.0003403638,0.003256385,0.0,0.0,0.0
0.649,0.33126,0.29672,0.2999,0.01279595,0.003645544,0.00585636,0.003305565,0.003688136,0.0003399781,0.003251453,0.0,0.0,0.0
0.649,0.3312,0.29683,0.3,0.0127924,0.003643353,0.005851269,0.003303727,0.003694603,0.000339626,0.003246525,0.0,0.0,0.0
0.649,0.33114,0.29693,0.3001,0.01278886,0.003641192,0.005846179,0.003301887,0.003701081,0.0003393049,0.003241602,0.0,0.0,0.0
0.649,0.33108,0.29703,0.3002,0.01278534,0.003639059,0.005841088,0.003300047,0.00370757,0.0003390123,0.003236683,0.0,0.0,0.0
0.649,0.33102,0.29713,0.3003,0.01278184,0.003636952,0.005835999,0.003298206,0.003714071,0.0003387461,0.003231769,0.0,0.0,0.0
0.649,0.33096,0.29723,0.3004,0.01277835,0.003634869,0.00583091,0.003296364,0.003720583,0.0003385046,0.00322686,0.0,0.0,0.0
0.649,0.3309,0.29733,0.3005,0.01277488,0.003632808,0.005825821,0.003294522,0.003727106,0.0003382858,0.003221956,0.0,0.0,0.0
0.649,0.33084,0.29743,0.3006,0.01277143,0.003630768,0.005820733,0.003292679,0.003733639,0.0003380885,0.003217057,0.0,0.0,0.0
0.649,0.33078,0.29753,0.3007,0.01276799,0.003628747,0.005815646,0.003290836,0.003740183,0.0003379111,0.003212162,0.0,0.0,0.0
0.649,0.33072,0.29763,0.3008,0.01276457,0.003626744,0.005810559,0.003288992,0.003746737,0.0003377524,0.003207272,0.0,0.0,0.0
0.649,0.33066,0.29773,0.3009,0.01276116,0.003624758,0.005805473,0.003287147,0.003753301,0.0003376114,0.003202387,0.0,0.0,0.0
0.649,0.3306,0.29783,0.301,0.01275777,0.003622788,0.005800387,0.003285301,0.003759874,0.0003374869,0.003197507,0.0,0.0,0.0
0.649,0.33054,0.29793,0.3011,0.01275439,0.003620833,0.005795302,0.003283455,0.003766458,0.0003373781,0.003192632,0.0,0.0,0.0
0.649,0.33048,0.29803,0.3012,0.01275103,0.003618893,0.005790218,0.003281609,0.003773051,0.0003372841,0.003187762,0.0,0.0,0.0
0.649,0.33042,0.29813,0.3013,0.01274768,0.003616965,0.005785134,0.003279761,0.003779654,0.0003372041,0.003182897,0.0,0.0,0.0
0.649,0.33036,0.29823,0.3014,0.01274435,0.003615051,0.005780051,0.003277913,0.003786266,0.0003371374,0.003178037,0.0,0.0,0.0
0.649,0.3303,0.29833,0.3015,0.01274104,0.003613148,0.005774969,0.003276065,0.003792887,0.0003370833,0.003173181,0.0,0.0,0.0
0.649,0.33024,0.29843,0.3016,0.01273774,0.003611257,0.005769887,0.003274216,0.003799518,0.0003370412,0.003168331,0.0,0.0,0.0
0.649,0.33018,0.29854,0.3017,0.01273445,0.003609377,0.005764807,0.003272366,0.003806158,0.0003370105,0.003163486,0.0,0.0,0.0
0.649,0.33012,0.29864,0.3018,0.01273118,0.003607507,0.005759726,0.003270516,0.003812807,0.0003369907,0.003158646,0.0,0.0,0.0
0.649,0.33006,0.29874,0.3019,0.01272792,0.003605647,0.005754647,0.003268665,0.003819466,0.0003369813,0.003153811,0.0,0.0,0.0
0.649,0.33,0.29884,0.302,0.01272468,0.003603796,0.005749568,0.003266814,0.003826133,0.0003369819,0.003148981,0.0,0.0,0.0
0.649,0.32994,0.29894,0.3021,0.01272146,0.003601954,0.00574449,0.003264962,0.00383281,0.0003369919,0.003144157,0.0,0.0,0.0
0.649,0.32988,0.29904,0.3022,0.01271825,0.003600121,0.005739413,0.00326311,0.003839495,0.0003370111,0.003139337,0.0,0.0,0.0
0.649,0.32982,0.29914,0.3023,0.01271505,0.003598296,0.005734337,0.003261257,0.003846189,0.0003370391,0.003134523,0.0,0.0,0.0
0.649,0.32976,0.29924,0.3024,0.01271187,0.003596478,0.005729261,0.003259403,0.003852892,0.0003370755,0.003129714,0.0,0.0,0.0
0.649,0.32969,0.29934,0.3025,0.0127087,0.003594669,0.005724187,0.003257549,0.003859604,0.0003371199,0.00312491,0.0,0.0,0.0
0.649,0.32963,0.29944,0.3026,0.01270555,0.003592866,0.005719113,0.003255694,0.003866325,0.0003371721,0.003120112,0.0,0.0,0.0
0.649,0.32957,0.29954,0.3027,0.01270241,0.003591071,0.00571404,0.003253839,0.003873055,0.0003372318,0.003115318,0.0,0.0,0.0
0.649,0.32951,0.29964,0.3028,0.01269929,0.003589282,0.005708967,0.003251984,0.003879793,0.0003372987,0.00311053,0.0,0.0,0.0
0.649,0.32945,0.29974,0.3029,0.01269618,0.0035875,0.005703896,0.003250127,0.00388654,0.0003373726,0.003105748,0.0,0.0,0.0
0.649,0.32939,0.29984,0.303,0.01269309,0.003585724,0.005698825,0.003248271,0.003893296,0.0003374532,0.003100971,0.0,0.0,0.0
0.649,0.32933,0.29994,0.3031,0.01269001,0.003583954,0.005693756,0.003246414,0.00390006,0.0003375402,0.003096199,0.0,0.0,0.0
0.649,0.32927,0.30004,0.3032,0.01268695,0.00358219,0.005688687,0.003244556,0.003906833,0.0003376336,0.003091432,0.0,0.0,0.0
0.649,0.32921,0.30014,0.3033,0.01268391,0.003580431,0.005683619,0.003242698,0.003913615,0.000337733,0.003086671,0.0,0.0,0.0
0.649,0.32915,0.30025,0.3034,0.01268087,0.003578678,0.005678552,0.003240839,0.003920405,0.0003378382,0.003081915,0.0,0.0,0.0
0.649,0.32909,0.30035,0.3035,0.01267786,0.00357693,0.005673486,0.00323898,0.003927204,0.0003379492,0.003077165,0.0,0.0,0.0
0.649,0.32903,0.30045,0.3036,0.01267485,0.003575187,0.005668421,0.003237121,0.003934011,0.0003380657,0.00307242,0.0,0.0,0.0
0.649,0.32897,0.30055,0.3037,0.01267187,0.003573448,0.005663357,0.003235261,0.003940827,0.0003381875,0.003067681,0.0,0.0,0.0
0.649,0.32891,0.30065,0.3038,0.01266889,0.003571715,0.005658294,0.0032334,0.003947652,0.0003383146,0.003062948,0.0,0.0,0.0
0.649,0.32885,0.30075,0.3039,0.01266594,0.003569986,0.005653232,0.00323154,0.003954485,0.0003384467,0.003058219,0.0,0.0,0.0
0.649,0.32879,0.30085,0.304,0.01266299,0.003568262,0.005648171,0.003229678,0.003961326,0.0003385837,0.003053497,0.0,0.0,0.0
0.649,0.32872,0.30095,0.3041,0.01266007,0.003566542,0.005643111,0.003227817,0.003968176,0.0003387254,0.00304878,0.0,0.0,0.0
0.649,0.32866,0.30105,0.3042,0.01268226,0.003610561,0.005638052,0.003225954,0.004000141,0.000384607,0.003044068,0.0,0.0,0.0
0.649,0.3286,0.30115,0.3043,0.01267944,0.003607854,0.005632994,0.003224092,0.00400708,0.0003837616,0.003039363,0.0,0.0,0.0
0.649,0.32854,0.30125,0.3044,0.01267663,0.003605225,0.005627937,0.003222229,0.004014035,0.0003829959,0.003034663,0.0,0.0,0.0
0.649,0.32848,0.30135,0.3045,0.01267385,0.003602666,0.005622881,0.003220366,0.004021004,0.0003823009,0.003029968,0.0,0.0,0.0
0.649,0.32842,0.30145,0.3046,0.01267109,0.003600171,0.005617826,0.003218502,0.004027987,0.0003816689,0.003025279,0.0,0.0,0.0
0.649,0.32836,0.30155,0.3047,0.01266835,0.003597731,0.005612772,0.003216638,0.004034982,0.0003810937,0.003020596,0.0,0.0,0.0
0.649,0.3283,0.30165,0.3048,0.01266563,0.003595342,0.00560772,0.003214773,0.00404199,0.0003805695,0.003015919,0.0,0.0,0.0
0.649,0.32824,0.30175,0.3049,0.01266293,0.003593,0.005602668,0.003212908,0.00404901,0.0003800918,0.003011248,0.0,0.0,0.0
0.649,0.32818,0.30185,0.305,0.01266024,0.003590699,0.005597618,0.003211043,0.004056042,0.0003796563,0.003006582,0.0,0.0,0.0
0.649,0.32811,0.30195,0.3051,0.01265757,0.003588436,0.005592568,0.003209177,0.004063084,0.0003792594,0.003001922,0.0,0.0,0.0
0.649,0.32805,0.30206,0.3052,0.01265493,0.003586209,0.00558752,0.003207311,0.004070137,0.0003788979,0.002997268,0.0,0.0,0.0
0.649,0.32799,0.30216,0.3053,0.01265229,0.003584014,0.005582473,0.003205444,0.004077201,0.0003785692,0.002992619,0.0,0.0,0.0
0.649,0.32793,0.30226,0.3054,0.01264968,0.003581848,0.005577427,0.003203578,0.004084276,0.0003782706,0.002987977,0.0,0.0,0.0
0.649,0.32787,0.30236,0.3055,0.01264708,0.00357971,0.005572382,0.00320171,0.00409136,0.000378,0.00298334,0.0,0.0,0.0
0.649,0.32781,0.30246,0.3056,0.0126445,0.003577598,0.005567339,0.003199843,0.004098455,0.0003777555,0.002978709,0.0,0.0,0.0
0.649,0.32775,0.30256,0.3057,0.01264194,0.00357551,0.005562296,0.003197975,0.004105559,0.0003775351,0.002974085,0.0,0.0,0.0
0.649,0.32769,0.30266,0.3058,0.01263939,0.003573444,0.005557255,0.003196107,0.004112674,0.0003773374,0.002969466,0.0,0.0,0.0
0.649,0.32763,0.30276,0.3059,0.01263687,0.003571399,0.005552215,0.003194238,0.004119797,0.000377161,0.002964853,0.0,0.0,0.0
0.649,0.32757,0.30286,0.306,0.01263435,0.003569374,0.005547176,0.00319237,0.004126931,0.0003770044,0.002960246,0.0,0.0,0.0
0.649,0.3275,0.30296,0.3061,0.01263186,0.003567367,0.005542139,0.003190501,0.004134074,0.0003768666,0.002955645,0.0,0.0,0.0
0.649,0.32744,0.30306,0.3062,0.01262938,0.003565378,0.005537103,0.003188631,0.004141226,0.0003767464,0.00295105,0.0,0.0,0.0
0.649,0.32738,0.30316,0.3063,0.01262692,0.003563404,0.005532068,0.003186761,0.004148387,0.0003766429,0.002946461,0.0,0.0,0.0
0.649,0.32732,0.30326,0.3064,0.01262447,0.003561447,0.005527034,0.003184891,0.004155558,0.0003765551,0.002941878,0.0,0.0,0.0
0.649,0.32726,0.30336,0.3065,0.01262204,0.003559503,0.005522002,0.003183021,0.004162738,0.0003764823,0.002937301,0.0,0.0,0.0
0.649,0.3272,0.30346,0.3066,0.01261963,0.003557574,0.00551697,0.00318115,0.004169926,0.0003764236,0.002932731,0.0,0.0,0.0
0.649,0.32714,0.30356,0.3067,0.01261723,0.003555658,0.005511941,0.00317928,0.004177124,0.0003763784,0.002928166,0.0,0.0,0.0
0.649,0.32707,0.30366,0.3068,0.01261485,0.003553754,0.005506912,0.003177408,0.004184331,0.0003763459,0.002923608,0.0,0.0,0.0
0.649,0.32701,0.30377,0.3069,0.01261249,0.003551863,0.005501885,0.003175537,0.004191547,0.0003763257,0.002919055,0.0,0.0,0.0
0.649,0.32695,0.30387,0.307,0.01261014,0.003549982,0.005496859,0.003173665,0.004198772,0.0003763171,0.002914509,0.0,0.0,0.0
0.649,0.32689,0.30397,0.3071,0.01260781,0.003548113,0.005491834,0.003171793,0.004206006,0.0003763197,0.002909969,0.0,0.0,0.0
0.649,0.32683,0.30407,0.3072,0.0126055,0.003546254,0.005486811,0.003169921,0.004213249,0.0003763329,0.002905435,0.0,0.0,0.0
0.649,0.32677,0.30417,0.3073,0.0126032,0.003544405,0.005481789,0.003168049,0.0042205,0.0003763562,0.002900908,0.0,0.0,0.0
0.649,0.32671,0.30427,0.3074,0.01260092,0.003542565,0.005476769,0.003166176,0.00422776,0.0003763893,0.002896386,0.0,0.0,0.0
0.649,0.32664,0.30437,0.3075,0.01259865,0.003540735,0.00547175,0.003164303,0.004235029,0.0003764318,0.002891871,0.0,0.0,0.0
0.649,0.32658,0.30447,0.3076,0.0125964,0.003538913,0.005466732,0.00316243,0.004242307,0.0003764833,0.002887363,0.0,0.0,0.0
0.649,0.32652,0.30457,0.3077,0.01259417,0.0035371,0.005461716,0.003160557,0.004249594,0.0003765435,0.00288286,0.0,0.0,0.0
0.649,0.32646,0.30467,0.3078,0.01259195,0.003535295,0.005456701,0.003158683,0.004256889,0.0003766119,0.002878364,0.0,0.0,0.0
0.649,0.3264,0.30477,0.3079,0.01258975,0.003533497,0.005451688,0.003156809,0.004264193,0.0003766884,0.002873874,0.0,0.0,0.0
0.649,0.32634,0.30487,0.308,0.01258757,0.003531708,0.005446676,0.003154935,0.004271506,0.0003767726,0.00286939,0.0,0.0,0.0
0.649,0.32628,0.30497,0.3081,0.01258541,0.003529925,0.005441665,0.003153061,0.004278827,0.0003768643,0.002864913,0.0,0.0,0.0
0.649,0.32621,0.30507,0.3082,0.01258326,0.00352815,0.005436656,0.003151186,0.004286158,0.0003769632,0.002860442,0.0,0.0,0.0
0.649,0.32615,0.30517,0.3083,0.01258112,0.003526381,0.005431649,0.003149312,0.004293496,0.000377069,0.002855978,0.0,0.0,0.0
0.649,0.32609,0.30527,0.3084,0.01257901,0.003524619,0.005426643,0.003147437,0.004300844,0.0003771816,0.00285152,0.0,0.0,0.0
0.649,0.32603,0.30537,0.3085,0.01257691,0.003522863,0.005421638,0.003145562,0.0043082,0.0003773007,0.002847068,0.0,0.0,0.0
0.649,0.32597,0.30548,0.3086,0.01257482,0.003521113,0.005416635,0.003143687,0.004315565,0.0003774261,0.002842623,0.0,0.0,0.0
0.649,0.32591,0.30558,0.3087,0.01257276,0.003519369,0.005411633,0.003141811,0.004322938,0.0003775576,0.002838185,0.0,0.0,0.0
0.649,0.32584,0.30568,0.3088,0.01257071,0.003517631,0.005406633,0.003139936,0.00433032,0.000377695,0.002833752,0.0,0.0,0.0
0.649,0.32578,0.30578,0.3089,0.01256867,0.003515898,0.005401635,0.00313806,0.004337711,0.0003778382,0.002829327,0.0,0.0,0.0
0.649,0.32572,0.30588,0.309,0.01256666,0.003514171,0.005396638,0.003136184,0.00434511,0.0003779869,0.002824908,0.0,0.0,0.0
0.649,0.32566,0.30598,0.3091,0.01256465,0.00351245,0.005391642,0.003134309,0.004352517,0.0003781411,0.002820495,0.0,0.0,0.0
0.649,0.3256,0.30608,0.3092,0.01256267,0.003510733,0.005386648,0.003132432,0.004359934,0.0003783006,0.002816089,0.0,0.0,0.0
0.649,0.32553,0.30618,0.3093,0.0125607,0.003509021,0.005381656,0.003130556,0.004367359,0.0003784652,0.002811689,0.0,0.0,0.0
0.649,0.32547,0.30628,0.3094,0.01258197,0.003555662,0.005376665,0.00312868,0.00439801,0.0004269822,0.002807296,0.0,0.0,0.0
0.649,0.32541,0.30638,0.3095,0.01258017,0.003552931,0.005371676,0.003126803,0.004405583,0.000426128,0.00280291,0.0,0.0,0.0
0.649,0.32535,0.30648,0.3096,0.01257839,0.003550281,0.005366688,0.003124927,0.004413167,0.0004253544,0.00279853,0.0,0.0,0.0
0.649,0.32529,0.30658,0.3097,0.01257662,0.003547702,0.005361703,0.00312305,0.004420761,0.0004246524,0.002794157,0.0,0.0,0.0
0.649,0.32522,0.30668,0.3098,0.01257488,0.003545187,0.005356718,0.003121173,0.004428366,0.0004240146,0.002789791,0.0,0.0,0.0
0.649,0.32516,0.30678,0.3099,0.01257315,0.003542731,0.005351735,0.003119296,0.004435981,0.0004234346,0.002785431,0.0,0.0,0.0
0.649,0.3251,0.30688,0.31,0.01257144,0.003540326,0.005346754,0.003117419,0.004443606,0.0004229069,0.002781078,0.0,0.0,0.0
0.649,0.32504,0.30698,0.3101,0.01256975,0.003537968,0.005341775,0.003115542,0.004451241,0.0004224267,0.002776732,0.0,0.0,0.0
0.649,0.32498,0.30709,0.3102,0.01256807,0.003535654,0.005336797,0.003113664,0.004458885,0.00042199,0.002772392,0.0,0.0,0.0
0.649,0.32491,0.30719,0.3103,0.01256642,0.00353338,0.005331821,0.003111787,0.004466539,0.0004215931,0.002768059,0.0,0.0,0.0
0.649,0.32485,0.30729,0.3104,0.01256478,0.003531142,0.005326847,0.00310991,0.004474201,0.0004212327,0.002763733,0.0,0.0,0.0
0.649,0.32479,0.30739,0.3105,0.01256316,0.003528938,0.005321874,0.003108032,0.004481873,0.0004209062,0.002759413,0.0,0.0,0.0
0.649,0.32473,0.30749,0.3106,0.01256156,0.003526765,0.005316903,0.003106154,0.004489554,0.0004206109,0.002755101,0.0,0.0,0.0
0.649,0.32467,0.30759,0.3107,0.01255997,0.003524621,0.005311933,0.003104277,0.004497244,0.0004203446,0.002750795,0.0,0.0,0.0
0.649,0.3246,0.30769,0.3108,0.0125584,0.003522504,0.005306966,0.003102399,0.004504943,0.0004201053,0.002746496,0.0,0.0,0.0
0.649,0.32454,0.30779,0.3109,0.01255685,0.003520412,0.005302,0.003100521,0.004512651,0.0004198913,0.002742203,0.0,0.0,0.0
0.649,0.32448,0.30789,0.311,0.01255532,0.003518344,0.005297036,0.003098643,0.004520368,0.0004197008,0.002737918,0.0,0.0,0.0
0.649,0.32442,0.30799,0.3111,0.01255381,0.003516298,0.005292073,0.003096765,0.004528093,0.0004195325,0.002733639,0.0,0.0,0.0
0.649,0.32436,0.30809,0.3112,0.01255231,0.003514272,0.005287112,0.003094887,0.004535828,0.000419385,0.002729367,0.0,0.0,0.0
0.649,0.32429,0.30819,0.3113,0.01255083,0.003512267,0.005282153,0.003093009,0.004543571,0.000419257,0.002725103,0.0,0.0,0.0
0.649,0.32423,0.30829,0.3114,0.01254936,0.003510279,0.005277196,0.003091131,0.004551322,0.0004191475,0.002720845,0.0,0.0,0.0
0.649,0.32417,0.30839,0.3115,0.01254792,0.003508309,0.005272241,0.003089253,0.004559083,0.0004190555,0.002716594,0.0,0.0,0.0
0.649,0.32411,0.30849,0.3116,0.01254649,0.003506355,0.005267287,0.003087375,0.004566852,0.0004189799,0.002712349,0.0,0.0,0.0
0.649,0.32404,0.30859,0.3117,0.01254508,0.003504417,0.005262335,0.003085497,0.004574629,0.0004189201,0.002708112,0.0,0.0,0.0
0.649,0.32398,0.30869,0.3118,0.01254368,0.003502494,0.005257385,0.003083619,0.004582416,0.0004188751,0.002703882,0.0,0.0,0.0
0.649,0.32392,0.3088,0.3119,0.01254231,0.003500585,0.005252437,0.003081741,0.004590211,0.0004188442,0.002699659,0.0,0.0,0.0
0.649,0.32386,0.3089,0.312,0.01254095,0.00349869,0.005247491,0.003079863,0.004598014,0.0004188268,0.002695442,0.0,0.0,0.0
0.649,0.32379,0.309,0.3121,0.01253961,0.003496807,0.005242546,0.003077985,0.004605827,0.0004188222,0.002691233,0.0,0.0,0.0
0.649,0.32373,0.3091,0.3122,0.01253828,0.003494937,0.005237603,0.003076107,0.004613648,0.0004188299,0.002687031,0.0,0.0,0.0
0.649,0.32367,0.3092,0.3123,0.01253697,0.003493078,0.005232662,0.003074228,0.004621477,0.0004188493,0.002682835,0.0,0.0,0.0
0.649,0.32361,0.3093,0.3124,0.01253569,0.00349123,0.005227723,0.00307235,0.004629315,0.00041888,0.002678647,0.0,0.0,0.0
0.649,0.32354,0.3094,0.3125,0.01253441,0.003489394,0.005222786,0.003070472,0.004637162,0.0004189214,0.002674466,0.0,0.0,0.0
0.649,0.32348,0.3095,0.3126,0.01253316,0.003487567,0.005217851,0.003068594,0.004645017,0.0004189731,0.002670292,0.0,0.0,0.0
0.649,0.32342,0.3096,0.3127,0.01253192,0.003485751,0.005212917,0.003066716,0.004652881,0.0004190346,0.002666125,0.0,0.0,0.0
0.649,0.32336,0.3097,0.3128,0.0125307,0.003483944,0.005207986,0.003064838,0.004660754,0.0004191057,0.002661965,0.0,0.0,0.0
0.649,0.32329,0.3098,0.3129,0.0125295,0.003482146,0.005203056,0.00306296,0.004668635,0.000419186,0.002657812,0.0,0.0,0.0
0.649,0.32323,0.3099,0.313,0.01252832,0.003480357,0.005198128,0.003061082,0.004676524,0.000419275,0.002653666,0.0,0.0,0.0
0.649,0.32317,0.31,0.3131,0.01252715,0.003478577,0.005193202,0.003059204,0.004684423,0.0004193726,0.002649527,0.0,0.0,0.0
0.649,0.32311,0.3101,0.3132,0.012526,0.003476805,0.005188278,0.003057327,0.004692329,0.0004194783,0.002645396,0.0,0.0,0.0
0.649,0.32304,0.3102,0.3133,0.01252487,0.003475041,0.005183356,0.003055449,0.004700245,0.000419592,0.002641272,0.0,0.0,0.0
0.649,0.32298,0.3103,0.3134,0.01252376,0.003473284,0.005178436,0.003053571,0.004708169,0.0004197132,0.002637154,0.0,0.0,0.0
0.649,0.32292,0.3104,0.3135,0.01252266,0.003471535,0.005173518,0.003051693,0.004716102,0.0004198419,0.002633044,0.0,0.0,0.0
0.649,0.32286,0.31051,0.3136,0.01252159,0.003469793,0.005168602,0.003049816,0.004724043,0.0004199777,0.002628942,0.0,0.0,0.0
0.649,0.32279,0.31061,0.3137,0.01252053,0.003468059,0.005163688,0.003047938,0.004731993,0.0004201204,0.002624846,0.0,0.0,0.0
0.649,0.32273,0.31071,0.3138,0.01251948,0.003466331,0.005158775,0.003046061,0.004739951,0.0004202698,0.002620758,0.0,0.0,0.0
0.649,0.32267,0.31081,0.3139,0.01251846,0.003464609,0.005153865,0.003044183,0.004747918,0.0004204256,0.002616676,0.0,0.0,0.0
0.649,0.32261,0.31091,0.314,0.01251745,0.003462894,0.005148957,0.003042306,0.004755893,0.0004205878,0.002612602,0.0,0.0,0.0
0.649,0.32254,0.31101,0.3141,0.01251646,0.003461185,0.00514405,0.003040429,0.004763878,0.0004207561,0.002608536,0.0,0.0,0.0
0.649,0.32248,0.31111,0.3142,0.01251549,0.003459482,0.005139146,0.003038552,0.00477187,0.0004209303,0.002604476,0.0,0.0,0.0
0.649,0.32242,0.31121,0.3143,0.01251454,0.003457785,0.005134244,0.003036675,0.004779872,0.0004211103,0.002600424,0.0,0.0,0.0
0.649,0.32235,0.31131,0.3144,0.0125136,0.003456094,0.005129343,0.003034798,0.004787881,0.0004212959,0.002596379,0.0,0.0,0.0
0.649,0.32229,0.31141,0.3145,0.01253371,0.003506191,0.005124445,0.003032921,0.004816921,0.0004732702,0.002592342,0.0,0.0,0.0
0.649,0.32223,0.31151,0.3146,0.012533,0.003503386,0.005119549,0.003031045,0.004825136,0.0004723413,0.002588311,0.0,0.0,0.0
0.649,0.32216,0.31161,0.3147,0.0125323,0.003500669,0.005114655,0.003029168,0.004833359,0.0004715014,0.002584289,0.0,0.0,0.0
0.649,0.3221,0.31171,0.3148,0.01253163,0.003498032,0.005109763,0.003027292,0.00484159,0.0004707407,0.002580273,0.0,0.0,0.0
0.649,0.32204,0.31181,0.3149,0.01253096,0.003495466,0.005104872,0.003025415,0.004849827,0.0004700508,0.002576265,0.0,0.0,0.0
0.649,0.32198,0.31191,0.315,0.01253032,0.003492964,0.005099984,0.003023539,0.004858072,0.0004694246,0.002572264,0.0,0.0,0.0
0.649,0.32191,0.31201,0.3151,0.01252969,0.003490519,0.005095098,0.003021663,0.004866324,0.0004688559,0.00256827,0.0,0.0,0.0
0.649,0.32185,0.31211,0.3152,0.01252908,0.003488127,0.005090215,0.003019787,0.004874584,0.0004683396,0.002564284,0.0,0.0,0.0
0.649,0.32179,0.31222,0.3153,0.01252849,0.003485782,0.005085333,0.003017911,0.004882851,0.0004678709,0.002560305,0.0,0.0,0.0
0.649,0.32172,0.31232,0.3154,0.01252791,0.003483482,0.005080453,0.003016036,0.004891125,0.0004674459,0.002556334,0.0,0.0,0.0
0.649,0.32166,0.31242,0.3155,0.01252735,0.003481221,0.005075575,0.00301416,0.004899407,0.000467061,0.00255237,0.0,0.0,0.0
0.649,0.3216,0.31252,0.3156,0.01252681,0.003478998,0.0050707,0.003012285,0.004907697,0.0004667132,0.002548414,0.0,0.0,0.0
0.649,0.32153,0.31262,0.3157,0.01252629,0.003476809,0.005065826,0.00301041,0.004915994,0.0004663995,0.002544465,0.0,0.0,0.0
0.649,0.32147,0.31272,0.3158,0.01252578,0.003474653,0.005060955,0.003008535,0.0049243,0.0004661176,0.002540523,0.0,0.0,0.0
0.649,0.32141,0.31282,0.3159,0.01252529,0.003472525,0.005056086,0.00300666,0.004932613,0.0004658653,0.002536589,0.0,0.0,0.0
0.649,0.32135,0.31292,0.316,0.01252481,0.003470426,0.005051219,0.003004785,0.004940933,0.0004656405,0.002532662,0.0,0.0,0.0
0.649,0.32128,0.31302,0.3161,0.01252436,0.003468353,0.005046354,0.003002911,0.004949262,0.0004654415,0.002528743,0.0,0.0,0.0
0.649,0.32122,0.31312,0.3162,0.01252392,0.003466303,0.005041491,0.003001037,0.004957598,0.0004652667,0.002524831,0.0,0.0,0.0
0.649,0.32116,0.31322,0.3163,0.0125235,0.003464277,0.005036631,0.002999163,0.004965942,0.0004651145,0.002520927,0.0,0.0,0.0
0.649,0.32109,0.31332,0.3164,0.0125231,0.003462272,0.005031772,0.002997289,0.004974295,0.0004649836,0.00251703,0.0,0.0,0.0
0.649,0.32103,0.31342,0.3165,0.01252271,0.003460288,0.005026916,0.002995415,0.004982655,0.0004648729,0.002513141,0.0,0.0,0.0
0.649,0.32097,0.31352,0.3166,0.01252234,0.003458323,0.005022062,0.002993541,0.004991023,0.0004647812,0.002509259,0.0,0.0,0.0
0.649,0.3209,0.31362,0.3167,0.01252199,0.003456376,0.00501721,0.002991668,0.0049994,0.0004647075,0.002505385,0.0,0.0,0.0
0.649,0.32084,0.31372,0.3168,0.01252166,0.003454446,0.00501236,0.002989795,0.005007784,0.0004646509,0.002501518,0.0,0.0,0.0
0.649,0.32078,0.31383,0.3169,0.01252135,0.003452532,0.005007513,0.002987922,0.005016177,0.0004646104,0.002497659,0.0,0.0,0.0
0.649,0.32071,0.31393,0.317,0.01252105,0.003450635,0.005002668,0.002986049,0.005024577,0.0004645853,0.002493808,0.0,0.0,0.0
0.649,0.32065,0.31403,0.3171,0.01252077,0.003448752,0.004997825,0.002984177,0.005032986,0.0004645748,0.002489964,0.0,0.0,0.0
0.649,0.32059,0.31413,0.3172,0.01252051,0.003446883,0.004992984,0.002982305,0.005041403,0.0004645784,0.002486127,0.0,0.0,0.0
0.649,0.32052,0.31423,0.3173,0.01252027,0.003445028,0.004988145,0.002980433,0.005049828,0.0004645952,0.002482298,0.0,0.0,0.0
0.649,0.32046,0.31433,0.3174,0.01252005,0.003443186,0.004983309,0.002978561,0.005058262,0.0004646248,0.002478477,0.0,0.0,0.0
0.649,0.32039,0.31443,0.3175,0.01251984,0.003441356,0.004978475,0.002976689,0.005066704,0.0004646666,0.002474664,0.0,0.0,0.0
0.649,0.32033,0.31453,0.3176,0.01251965,0.003439538,0.004973643,0.002974818,0.005075153,0.00046472,0.002470858,0.0,0.0,0.0
0.649,0.32027,0.31463,0.3177,0.01251948,0.003437731,0.004968813,0.002972947,0.005083612,0.0004647846,0.002467059,0.0,0.0,0.0
0.649,0.3202,0.31473,0.3178,0.01251933,0.003435936,0.004963986,0.002971076,0.005092078,0.00046486,0.002463269,0.0,0.0,0.0
0.649,0.32014,0.31483,0.3179,0.0125192,0.003434151,0.00495916,0.002969205,0.005100553,0.0004649457,0.002459486,0.0,0.0,0.0
0.649,0.32008,0.31493,0.318,0.01251908,0.003432376,0.004954338,0.002967335,0.005109036,0.0004650413,0.00245571,0.0,0.0,0.0
0.649,0.32001,0.31503,0.3181,0.01251899,0.003430611,0.004949517,0.002965465,0.005117528,0.0004651465,0.002451942,0.0,0.0,0.0
0.649,0.31995,0.31513,0.3182,0.01251891,0.003428856,0.004944699,0.002963595,0.005126028,0.0004652609,0.002448182,0.0,0.0,0.0
0.649,0.31989,0.31523,0.3183,0.01251885,0.00342711,0.004939883,0.002961725,0.005134536,0.0004653842,0.00244443,0.0,0.0,0.0
0.649,0.31982,0.31533,0.3184,0.01251881,0.003425372,0.004935069,0.002959856,0.005143053,0.000465516,0.002440685,0.0,0.0,0.0
0.649,0.31976,0.31544,0.3185,0.01251878,0.003423643,0.004930258,0.002957987,0.005151578,0.0004656562,0.002436948,0.0,0.0,0.0
0.649,0.3197,0.31554,0.3186,0.01251878,0.003421922,0.004925449,0.002956118,0.005160112,0.0004658043,0.002433219,0.0,0.0,0.0
0.649,0.31963,0.31564,0.3187,0.01251879,0.00342021,0.004920642,0.00295425,0.005168654,0.0004659601,0.002429497,0.0,0.0,0.0
0.649,0.31957,0.31574,0.3188,0.01251883,0.003418505,0.004915837,0.002952381,0.005177204,0.0004661235,0.002425783,0.0,0.0,0.0
0.649,0.3195,0.31584,0.3189,0.01251888,0.003416808,0.004911035,0.002950514,0.005185763,0.0004662941,0.002422077,0.0,0.0,0.0
0.649,0.31944,0.31594,0.319,0.01251894,0.003415118,0.004906235,0.002948646,0.005194331,0.0004664717,0.002418379,0.0,0.0,0.0
0.649,0.31938,0.31604,0.3191,0.01251903,0.003413435,0.004901438,0.002946779,0.005202907,0.0004666561,0.002414688,0.0,0.0,0.0
0.649,0.31931,0.31614,0.3192,0.01251914,0.003411759,0.004896643,0.002944911,0.005211491,0.0004668472,0.002411005,0.0,0.0,0.0
0.649,0.31925,0.31624,0.3193,0.01251926,0.003410089,0.00489185,0.002943045,0.005220084,0.0004670447,0.00240733,0.0,0.0,0.0
0.649,0.31918,0.31634,0.3194,0.01251941,0.003408427,0.00488706,0.002941178,0.005228685,0.0004672484,0.002403662,0.0,0.0,0.0
0.649,0.31912,0.31644,0.3195,0.01251957,0.00340677,0.004882272,0.002939312,0.005237295,0.0004674582,0.002400002,0.0,0.0,0.0
0.649,0.31906,0.31654,0.3196,0.01253839,0.003460078,0.004877486,0.002937446,0.005264557,0.0005226317,0.00239635,0.0,0.0,0.0
0.649,0.31899,0.31664,0.3197,0.01253884,0.003457228,0.004872703,0.002935581,0.005273434,0.0005216476,0.002392706,0.0,0.0,0.0
0.649,0.31893,0.31674,0.3198,0.01253931,0.003454475,0.004867922,0.002933716,0.005282314,0.0005207592,0.00238907,0.0,0.0,0.0
0.649,0.31886,0.31684,0.3199,0.01253978,0.003451806,0.004863144,0.002931851,0.005291198,0.0005199559,0.002385441,0.0,0.0,0.0
0.649,0.3188,0.31694,0.32,0.01254027,0.003449215,0.004858368,0.002929986,0.005300085,0.0005192285,0.00238182,0.0,0.0,0.0
0.649,0.31874,0.31704,0.3201,0.01254078,0.003446691,0.004853594,0.002928122,0.005308976,0.0005185695,0.002378207,0.0,0.0,0.0
0.649,0.31867,0.31715,0.3202,0.0125413,0.00344423,0.004848823,0.002926258,0.005317872,0.0005179723,0.002374602,0.0,0.0,0.0
0.649,0.31861,0.31725,0.3203,0.01254183,0.003441826,0.004844054,0.002924394,0.005326773,0.0005174312,0.002371005,0.0,0.0,0.0
0.649,0.31854,0.31735,0.3204,0.01254238,0.003439472,0.004839287,0.002922531,0.005335679,0.0005169413,0.002367415,0.0,0.0,0.0
0.649,0.31848,0.31745,0.3205,0.01254295,0.003437167,0.004834523,0.002920668,0.005344591,0.0005164982,0.002363834,0.0,0.0,0.0
0.649,0.31842,0.31755,0.3206,0.01254353,0.003434904,0.004829762,0.002918806,0.005353508,0.0005160982,0.00236026,0.0,0.0,0.0
0.649,0.31835,0.31765,0.3207,0.01254413,0.003432681,0.004825003,0.002916944,0.005362431,0.0005157379,0.002356694,0.0,0.0,0.0
0.649,0.31829,0.31775,0.3208,0.01254474,0.003430496,0.004820246,0.002915082,0.00537136,0.0005154143,0.002353136,0.0,0.0,0.0
0.649,0.31822,0.31785,0.3209,0.01254537,0.003428345,0.004815492,0.00291322,0.005380295,0.0005151248,0.002349585,0.0,0.0,0.0
0.649,0.31816,0.31795,0.321,0.01254602,0.003426226,0.00481074,0.002911359,0.005389237,0.0005148669,0.002346043,0.0,0.0,0.0
0.649,0.3181,0.31805,0.3211,0.01254668,0.003424137,0.004805991,0.002909498,0.005398185,0.0005146386,0.002342508,0.0,0.0,0.0
0.649,0.31803,0.31815,0.3212,0.01254737,0.003422076,0.004801244,0.002907638,0.00540714,0.000514438,0.002338981,0.0,0.0,0.0
0.649,0.31797,0.31825,0.3213,0.01254806,0.003420041,0.004796499,0.002905778,0.005416102,0.0005142632,0.002335463,0.0,0.0,0.0
0.649,0.3179,0.31835,0.3214,0.01254878,0.003418031,0.004791757,0.002903918,0.005425071,0.0005141128,0.002331952,0.0,0.0,0.0
0.649,0.31784,0.31845,0.3215,0.01254951,0.003416044,0.004787018,0.002902059,0.005434046,0.0005139852,0.002328448,0.0,0.0,0.0
0.649,0.31777,0.31855,0.3216,0.01255026,0.003414079,0.004782281,0.0029002,0.005443029,0.0005138792,0.002324953,0.0,0.0,0.0
0.649,0.31771,0.31865,0.3217,0.01255103,0.003412135,0.004777547,0.002898342,0.005452019,0.0005137936,0.002321466,0.0,0.0,0.0
0.649,0.31765,0.31876,0.3218,0.01255182,0.003410211,0.004772815,0.002896483,0.005461016,0.0005137273,0.002317986,0.0,0.0,0.0
0.649,0.31758,0.31886,0.3219,0.01255262,0.003408305,0.004768085,0.002894626,0.005470021,0.0005136793,0.002314515,0.0,0.0,0.0
0.649,0.31752,0.31896,0.322,0.01255344,0.003406417,0.004763358,0.002892768,0.005479033,0.0005136486,0.002311051,0.0,0.0,0.0
0.649,0.31745,0.31906,0.3221,0.01255428,0.003404546,0.004758634,0.002890911,0.005488053,0.0005136344,0.002307596,0.0,0.0,0.0
0.649,0.31739,0.31916,0.3222,0.01255514,0.003402691,0.004753912,0.002889055,0.00549708,0.0005136359,0.002304148,0.0,0.0,0.0
0.649,0.31732,0.31926,0.3223,0.01255602,0.003400851,0.004749192,0.002887199,0.005506115,0.0005136524,0.002300708,0.0,0.0,0.0
0.649,0.31726,0.31936,0.3224,0.01255691,0.003399026,0.004744476,0.002885343,0.005515157,0.0005136831,0.002297276,0.0,0.0,0.0
0.649,0.31719,0.31946,0.3225,0.01255782,0.003397215,0.004739761,0.002883488,0.005524208,0.0005137275,0.002293852,0.0,0.0,0.0
0.649,0.31713,0.31956,0.3226,0.01255875,0.003395418,0.004735049,0.002881633,0.005533266,0.000513785,0.002290436,0.0,0.0,0.0
0.649,0.31707,0.31966,0.3227,0.0125597,0.003393633,0.00473034,0.002879778,0.005542332,0.000513855,0.002287028,0.0,0.0,0.0
0.649,0.317,0.31976,0.3228,0.01256067,0.003391861,0.004725634,0.002877924,0.005551405,0.000513937,0.002283628,0.0,0.0,0.0
0.649,0.31694,0.31986,0.3229,0.01256165,0.003390101,0.004720929,0.002876071,0.005560487,0.0005140304,0.002280235,0.0,0.0,0.0
0.649,0.31687,0.31996,0.323,0.01256266,0.003388352,0.004716228,0.002874217,0.005569577,0.000514135,0.002276851,0.0,0.0,0.0
0.649,0.31681,0.32006,0.3231,0.01256368,0.003386615,0.004711529,0.002872365,0.005578674,0.0005142502,0.002273475,0.0,0.0,0.0
0.649,0.31674,0.32016,0.3232,0.01256472,0.003384888,0.004706832,0.002870512,0.00558778,0.0005143756,0.002270106,0.0,0.0,0.0
0.649,0.31668,0.32026,0.3233,0.01256578,0.003383171,0.004702139,0.00286866,0.005596894,0.0005145109,0.002266746,0.0,0.0,0.0
0.649,0.31661,0.32037,0.3234,0.01256686,0.003381464,0.004697447,0.002866809,0.005606016,0.0005146557,0.002263393,0.0,0.0,0.0
0.649,0.31655,0.32047,0.3235,0.01256795,0.003379767,0.004692759,0.002864958,0.005615146,0.0005148096,0.002260049,0.0,0.0,0.0
0.649,0.31648,0.32057,0.3236,0.01256907,0.003378079,0.004688072,0.002863107,0.005624284,0.0005149725,0.002256712,0.0,0.0,0.0
0.649,0.31642,0.32067,0.3237,0.0125702,0.003376401,0.004683389,0.002861257,0.00563343,0.0005151439,0.002253384,0.0,0.0,0.0
0.649,0.31635,0.32077,0.3238,0.01257136,0.003374731,0.004678708,0.002859407,0.005642584,0.0005153236,0.002250063,0.0,0.0,0.0
0.649,0.31629,0.32087,0.3239,0.01257253,0.003373069,0.00467403,0.002857558,0.005651747,0.0005155113,0.002246751,0.0,0.0,0.0
0.649,0.31623,0.32097,0.324,0.01257372,0.003371416,0.004669354,0.002855709,0.005660918,0.0005157068,0.002243446,0.0,0.0,0.0
0.649,0.31616,0.32107,0.3241,0.01257493,0.003369771,0.004664681,0.002853861,0.005670097,0.0005159098,0.002240149,0.0,0.0,0.0
0.649,0.3161,0.32117,0.3242,0.01257616,0.003368133,0.00466001,0.002852013,0.005679284,0.0005161202,0.002236861,0.0,0.0,0.0
0.649,0.31603,0.32127,0.3243,0.0125774,0.003366503,0.004655342,0.002850165,0.00568848,0.0005163376,0.00223358,0.0,0.0,0.0
0.649,0.31597,0.32137,0.3244,0.01257867,0.00336488,0.004650677,0.002848318,0.005697684,0.0005165619,0.002230308,0.0,0.0,0.0
0.649,0.3159,0.32147,0.3245,0.01257995,0.003363265,0.004646015,0.002846472,0.005706896,0.0005167928,0.002227043,0.0,0.0,0.0
0.649,0.31584,0.32157,0.3246,0.01259708,0.003420819,0.004641355,0.002844626,0.005731943,0.0005761933,0.002223786,0.0,0.0,0.0
0.649,0.31577,0.32167,0.3247,0.01259873,0.003417846,0.004636697,0.00284278,0.005741496,0.0005750658,0.002220537,0.0,0.0,0.0
0.649,0.31571,0.32177,0.3248,0.01260039,0.003414986,0.004632043,0.002840935,0.005751046,0.0005740512,0.002217297,0.0,0.0,0.0
0.649,0.31564,0.32187,0.3249,0.01260205,0.003412227,0.004627391,0.002839091,0.005760594,0.0005731362,0.002214064,0.0,0.0,0.0
0.649,0.31558,0.32198,0.325,0.01260372,0.003409557,0.004622741,0.002837247,0.005770141,0.0005723101,0.002210839,0.0,0.0,0.0
0.649,0.31551,0.32208,0.3251,0.01260541,0.003406966,0.004618095,0.002835403,0.005779689,0.0005715633,0.002207623,0.0,0.0,0.0
0.649,0.31545,0.32218,0.3252,0.0126071,0.003404448,0.00461345,0.00283356,0.005789238,0.0005708881,0.002204414,0.0,0.0,0.0
0.649,0.31538,0.32228,0.3253,0.01260881,0.003401995,0.004608809,0.002831717,0.005798788,0.0005702776,0.002201213,0.0,0.0,0.0
0.649,0.31532,0.32238,0.3254,0.01261053,0.003399601,0.00460417,0.002829875,0.00580834,0.0005697258,0.002198021,0.0,0.0,0.0
0.649,0.31525,0.32248,0.3255,0.01261227,0.003397261,0.004599534,0.002828033,0.005817895,0.0005692277,0.002194836,0.0,0.0,0.0
0.649,0.31519,0.32258,0.3256,0.01261401,0.003394971,0.004594901,0.002826192,0.005827454,0.0005687788,0.00219166,0.0,0.0,0.0
0.649,0.31512,0.32268,0.3257,0.01261578,0.003392727,0.00459027,0.002824352,0.005837016,0.0005683751,0.002188491,0.0,0.0,0.0
0.649,0.31506,0.32278,0.3258,0.01261755,0.003390525,0.004585642,0.002822512,0.005846582,0.0005680131,0.00218533,0.0,0.0,0.0
0.649,0.31499,0.32288,0.3259,0.01261935,0.003388362,0.004581017,0.002820672,0.005856152,0.0005676896,0.002182178,0.0,0.0,0.0
0.649,0.31493,0.32298,0.326,0.01262116,0.003386235,0.004576394,0.002818833,0.005865727,0.000567402,0.002179033,0.0,0.0,0.0
0.649,0.31486,0.32308,0.3261,0.01262298,0.003384142,0.004571774,0.002816994,0.005875308,0.0005671478,0.002175897,0.0,0.0,0.0
0.649,0.31479,0.32318,0.3262,0.01262482,0.003382081,0.004567157,0.002815156,0.005884893,0.0005669246,0.002172768,0.0,0.0,0.0
0.649,0.31473,0.32328,0.3263,0.01262667,0.003380049,0.004562543,0.002813319,0.005894483,0.0005667306,0.002169648,0.0,0.0,0.0
0.649,0.31466,0.32338,0.3264,0.01262855,0.003378046,0.004557931,0.002811482,0.00590408,0.0005665638,0.002166535,0.0,0.0,0.0
0.649,0.3146,0.32348,0.3265,0.01263043,0.003376068,0.004553322,0.002809645,0.005913682,0.0005664227,0.002163431,0.0,0.0,0.0
0.649,0.31453,0.32359,0.3266,0.01263234,0.003374115,0.004548716,0.002807809,0.00592329,0.0005663057,0.002160334,0.0,0.0,0.0
0.649,0.31447,0.32369,0.3267,0.01263426,0.003372185,0.004544112,0.002805974,0.005932904,0.0005662114,0.002157246,0.0,0.0,0.0
0.649,0.3144,0.32379,0.3268,0.0126362,0.003370278,0.004539511,0.002804139,0.005942524,0.0005661387,0.002154166,0.0,0.0,0.0
0.649,0.31434,0.32389,0.3269,0.01263816,0.003368391,0.004534913,0.002802305,0.005952151,0.0005660863,0.002151093,0.0,0.0,0.0
0.649,0.31427,0.32399,0.327,0.01264013,0.003366524,0.004530317,0.002800471,0.005961785,0.0005660532,0.002148029,0.0,0.0,0.0
0.649,0.31421,0.32409,0.3271,0.01264212,0.003364676,0.004525725,0.002798637,0.005971425,0.0005660384,0.002144973,0.0,0.0,0.0
0.649,0.31414,0.32419,0.3272,0.01264413,0.003362846,0.004521135,0.002796805,0.005981072,0.000566041,0.002141924,0.0,0.0,0.0
0.649,0.31408,0.32429,0.3273,0.01264616,0.003361033,0.004516548,0.002794973,0.005990726,0.0005660602,0.002138884,0.0,0.0,0.0
0.649,0.31401,0.32439,0.3274,0.0126482,0.003359236,0.004511963,0.002793141,0.006000387,0.0005660953,0.002135852,0.0,0.0,0.0
0.649,0.31394,0.32449,0.3275,0.01265026,0.003357455,0.004507381,0.00279131,0.006010055,0.0005661454,0.002132828,0.0,0.0,0.0
0.649,0.31388,0.32459,0.3276,0.01265234,0.003355689,0.004502803,0.002789479,0.00601973,0.0005662099,0.002129811,0.0,0.0,0.0
0.649,0.31381,0.32469,0.3277,0.01265444,0.003353938,0.004498226,0.002787649,0.006029412,0.0005662883,0.002126803,0.0,0.0,0.0
0.649,0.31375,0.32479,0.3278,0.01265656,0.0033522,0.004493653,0.00278582,0.006039102,0.0005663799,0.002123803,0.0,0.0,0.0
0.649,0.31368,0.32489,0.3279,0.01265869,0.003350475,0.004489082,0.002783991,0.006048799,0.0005664841,0.002120811,0.0,0.0,0.0
0.649,0.31362,0.32499,0.328,0.01266084,0.003348763,0.004484514,0.002782163,0.006058503,0.0005666006,0.002117827,0.0,0.0,0.0
0.649,0.31355,0.32509,0.3281,0.01266301,0.003347064,0.004479949,0.002780335,0.006068215,0.0005667287,0.002114851,0.0,0.0,0.0
0.649,0.31349,0.3252,0.3282,0.0126652,0.003345376,0.004475387,0.002778508,0.006077934,0.0005668681,0.002111882,0.0,0.0,0.0
0.649,0.31342,0.3253,0.3283,0.01266741,0.0033437,0.004470828,0.002776681,0.006087661,0.0005670184,0.002108922,0.0,0.0,0.0
0.649,0.31335,0.3254,0.3284,0.01266964,0.003342034,0.004466271,0.002774855,0.006097396,0.000567179,0.00210597,0.0,0.0,0.0
0.649,0.31329,0.3255,0.3285,0.01267188,0.00334038,0.004461717,0.00277303,0.006107138,0.0005673498,0.002103026,0.0,0.0,0.0
0.649,0.31322,0.3256,0.3286,0.01267414,0.003338735,0.004457166,0.002771205,0.006116889,0.0005675303,0.00210009,0.0,0.0,0.0
0.649,0.31316,0.3257,0.3287,0.01267643,0.003337101,0.004452617,0.002769381,0.006126646,0.0005677201,0.002097162,0.0,0.0,0.0
0.649,0.31309,0.3258,0.3288,0.01267873,0.003335476,0.004448072,0.002767557,0.006136412,0.0005679191,0.002094242,0.0,0.0,0.0
0.649,0.31303,0.3259,0.3289,0.01268104,0.003333861,0.004443529,0.002765734,0.006146186,0.0005681268,0.00209133,0.0,0.0,0.0
0.649,0.31296,0.326,0.329,0.01268338,0.003332255,0.004438989,0.002763912,0.006155967,0.000568343,0.002088426,0.0,0.0,0.0
0.649,0.31289,0.3261,0.3291,0.01268574,0.003330657,0.004434452,0.00276209,0.006165756,0.0005685674,0.00208553,0.0,0.0,0.0
0.649,0.31283,0.3262,0.3292,0.01268811,0.003329068,0.004429918,0.002760268,0.006175554,0.0005687999,0.002082642,0.0,0.0,0.0
0.649,0.31276,0.3263,0.3293,0.01269051,0.003327488,0.004425386,0.002758448,0.006185359,0.00056904,0.002079762,0.0,0.0,0.0
0.649,0.3127,0.3264,0.3294,0.01269292,0.003325915,0.004420858,0.002756628,0.006195172,0.0005692877,0.00207689,0.0,0.0,0.0
0.649,0.31263,0.3265,0.3295,0.01269535,0.003324351,0.004416332,0.002754808,0.006204994,0.0005695426,0.002074026,0.0,0.0,0.0
0.649,0.31256,0.3266,0.3296,0.0126978,0.003322794,0.004411809,0.002752989,0.006214823,0.0005698047,0.00207117,0.0,0.0,0.0
0.649,0.3125,0.3267,0.3297,0.01271349,0.003382872,0.004407288,0.002751171,0.006237882,0.0006317012,0.002068322,0.0,0.0,0.0
0.649,0.31243,0.32681,0.3298,0.01271637,0.003379923,0.004402771,0.002749353,0.006248115,0.0006305693,0.002065482,0.0,0.0,0.0
0.649,0.31237,0.32691,0.3299,0.01271925,0.003377088,0.004398257,0.002747536,0.006258341,0.0006295515,0.00206265,0.0,0.0,0.0
0.649,0.3123,0.32701,0.33,0.01272213,0.003374354,0.004393745,0.00274572,0.00626856,0.0006286348,0.002059826,0.0,0.0,0.0
0.649,0.31223,0.32711,0.3301,0.01272502,0.003371712,0.004389236,0.002743904,0.006278774,0.0006278082,0.00205701,0.0,0.0,0.0
0.649,0.31217,0.32721,0.3302,0.01272792,0.003369151,0.00438473,0.002742089,0.006288985,0.0006270625,0.002054201,0.0,0.0,0.0
0.649,0.3121,0.32731,0.3303,0.01273082,0.003366664,0.004380227,0.002740274,0.006299195,0.0006263898,0.002051401,0.0,0.0,0.0
0.649,0.31204,0.32741,0.3304,0.01273374,0.003364243,0.004375727,0.00273846,0.006309402,0.0006257832,0.002048609,0.0,0.0,0.0
0.649,0.31197,0.32751,0.3305,0.01273666,0.003361883,0.004371229,0.002736647,0.00631961,0.0006252368,0.002045825,0.0,0.0,0.0
0.649,0.3119,0.32761,0.3306,0.0127396,0.003359579,0.004366735,0.002734834,0.006329818,0.0006247453,0.002043049,0.0,0.0,0.0
0.649,0.31184,0.32771,0.3307,0.01274255,0.003357326,0.004362243,0.002733022,0.006340027,0.0006243044,0.00204028,0.0,0.0,0.0
0.649,0.31177,0.32781,0.3308,0.01274551,0.00335512,0.004357754,0.00273121,0.006350237,0.0006239099,0.00203752,0.0,0.0,0.0
0.649,0.31171,0.32791,0.3309,0.01274849,0.003352958,0.004353268,0.002729399,0.00636045,0.0006235584,0.002034768,0.0,0.0,0.0
0.649,0.31164,0.32801,0.331,0.01275147,0.003350836,0.004348785,0.002727589,0.006370665,0.0006232466,0.002032023,0.0,0.0,0.0
0.649,0.31157,0.32811,0.3311,0.01275448,0.003348751,0.004344305,0.00272578,0.006380884,0.0006229718,0.002029287,0.0,0.0,0.0
0.649,0.31151,0.32821,0.3312,0.01275749,0.003346702,0.004339828,0.002723971,0.006391105,0.0006227314,0.002026558,0.0,0.0,0.0
0.649,0.31144,0.32831,0.3313,0.01276052,0.003344686,0.004335353,0.002722162,0.006401331,0.0006225232,0.002023838,0.0,0.0,0.0
0.649,0.31138,0.32842,0.3314,0.01276357,0.0033427,0.004330881,0.002720355,0.006411561,0.0006223451,0.002021125,0.0,0.0,0.0
0.649,0.31131,0.32852,0.3315,0.01276663,0.003340743,0.004326413,0.002718548,0.006421795,0.0006221952,0.002018421,0.0,0.0,0.0
0.649,0.31124,0.32862,0.3316,0.0127697,0.003338813,0.004321947,0.002716741,0.006432034,0.0006220719,0.002015724,0.0,0.0,0.0
0.649,0.31118,0.32872,0.3317,0.0127728,0.003336909,0.004317484,0.002714936,0.006442277,0.0006219736,0.002013035,0.0,0.0,0.0
0.649,0.31111,0.32882,0.3318,0.0127759,0.00333503,0.004313024,0.002713131,0.006452526,0.0006218989,0.002010354,0.0,0.0,0.0
0.649,0.31104,0.32892,0.3319,0.01277903,0.003333173,0.004308567,0.002711326,0.00646278,0.0006218466,0.002007681,0.0,0.0,0.0
0.649,0.31098,0.32902,0.332,0.01278217,0.003331338,0.004304113,0.002709523,0.00647304,0.0006218153,0.002005016,0.0,0.0,0.0
0.649,0.31091,0.32912,0.3321,0.01278533,0.003329524,0.004299661,0.002707719,0.006483305,0.0006218042,0.002002359,0.0,0.0,0.0
0.649,0.31084,0.32922,0.3322,0.0127885,0.003327729,0.004295213,0.002705917,0.006493576,0.0006218121,0.00199971,0.0,0.0,0.0
0.649,0.31078,0.32932,0.3323,0.01279169,0.003325953,0.004290767,0.002704115,0.006503854,0.0006218381,0.001997068,0.0,0.0,0.0
0.649,0.31071,0.32942,0.3324,0.0127949,0.003324196,0.004286325,0.002702314,0.006514137,0.0006218814,0.001994435,0.0,0.0,0.0
0.649,0.31064,0.32952,0.3325,0.01279812,0.003322455,0.004281885,0.002700514,0.006524426,0.0006219412,0.001991809,0.0,0.0,0.0
0.649,0.31058,0.32962,0.3326,0.01280136,0.003320731,0.004277448,0.002698714,0.006534722,0.0006220167,0.001989192,0.0,0.0,0.0
0.649,0.31051,0.32972,0.3327,0.01280462,0.003319022,0.004273014,0.002696915,0.006545025,0.0006221073,0.001986582,0.0,0.0,0.0
0.649,0.31045,0.32982,0.3328,0.0128079,0.003317329,0.004268583,0.002695116,0.006555334,0.0006222122,0.00198398,0.0,0.0,0.0
0.649,0.31038,0.32992,0.3329,0.01281119,0.00331565,0.004264155,0.002693319,0.006565649,0.000622331,0.001981386,0.0,0.0,0.0
0.649,0.31031,0.33003,0.333,0.0128145,0.003313985,0.00425973,0.002691522,0.006575972,0.000622463,0.0019788,0.0,0.0,0.0
0.649,0.31025,0.33013,0.3331,0.01281783,0.003312333,0.004255308,0.002689725,0.006586301,0.0006226077,0.001976222,0.0,0.0,0.0
0.649,0.31018,0.33023,0.3332,0.01282118,0.003310694,0.004250889,0.002687929,0.006596637,0.0006227647,0.001973651,0.0,0.0,0.0
0.649,0.31011,0.33033,0.3333,0.01282454,0.003309068,0.004246472,0.002686134,0.00660698,0.0006229334,0.001971089,0.0,0.0,0.0
0.649,0.31005,0.33043,0.3334,0.01282792,0.003307454,0.004242059,0.00268434,0.006617331,0.0006231134,0.001968534,0.0,0.0,0.0
0.649,0.30998,0.33053,0.3335,0.01283132,0.003305851,0.004237648,0.002682546,0.006627688,0.0006233044,0.001965987,0.0,0.0,0.0
0.649,0.30991,0.33063,0.3336,0.01283474,0.003304259,0.004233241,0.002680753,0.006638053,0.0006235059,0.001963448,0.0,0.0,0.0
0.649,0.30985,0.33073,0.3337,0.01283818,0.003302679,0.004228836,0.002678961,0.006648425,0.0006237176,0.001960917,0.0,0.0,0.0
0.649,0.30978,0.33083,0.3338,0.01284163,0.003301109,0.004224435,0.00267717,0.006658804,0.0006239391,0.001958394,0.0,0.0,0.0
0.649,0.30971,0.33093,0.3339,0.0128451,0.003299549,0.004220036,0.002675379,0.006669191,0.0006241701,0.001955878,0.0,0.0,0.0
0.649,0.30965,0.33103,0.334,0.0128486,0.003297999,0.00421564,0.002673588,0.006679585,0.0006244103,0.00195337,0.0,0.0,0.0
0.649,0.30958,0.33113,0.3341,0.0128521,0.003296458,0.004211247,0.002671799,0.006689986,0.0006246593,0.00195087,0.0,0.0,0.0
0.649,0.30951,0.33123,0.3342,0.01285563,0.003294927,0.004206858,0.00267001,0.006700395,0.0006249171,0.001948378,0.0,0.0,0.0
0.649,0.30944,0.33133,0.3343,0.01285918,0.003293405,0.004202471,0.002668222,0.006710812,0.0006251831,0.001945894,0.0,0.0,0.0
0.649,0.30938,0.33143,0.3344,0.01286274,0.003291892,0.004198087,0.002666435,0.006721236,0.0006254573,0.001943418,0.0,0.0,0.0
0.649,0.30931,0.33154,0.3345,0.01286632,0.003290387,0.004193706,0.002664648,0.006731668,0.0006257394,0.001940949,0.0,0.0,0.0
0.649,0.30924,0.33164,0.3346,0.01286992,0.003288891,0.004189328,0.002662862,0.006742107,0.0006260291,0.001938488,0.0,0.0,0.0
0.649,0.30918,0.33174,0.3347,0.01288372,0.003352551,0.004184953,0.002661077,0.006762733,0.0006914745,0.001936035,0.0,0.0,0.0
0.649,0.30911,0.33184,0.3348,0.01288782,0.003349535,0.004180581,0.002659292,0.006773654,0.000690243,0.001933589,0.0,0.0,0.0
0.649,0.30904,0.33194,0.3349,0.01289192,0.003346647,0.004176211,0.002657508,0.006784561,0.0006891384,0.001931152,0.0,0.0,0.0
0.649,0.30898,0.33204,0.335,0.01289602,0.003343871,0.004171845,0.002655725,0.006795455,0.0006881459,0.001928722,0.0,0.0,0.0
0.649,0.30891,0.33214,0.3351,0.01290012,0.003341196,0.004167482,0.002653943,0.00680634,0.0006872531,0.0019263,0.0,0.0,0.0
0.649,0.30884,0.33224,0.3352,0.01290422,0.00333861,0.004163122,0.002652161,0.006817217,0.0006864495,0.001923885,0.0,0.0,0.0
0.649,0.30877,0.33234,0.3353,0.01290833,0.003336106,0.004158765,0.00265038,0.006828087,0.0006857264,0.001921479,0.0,0.0,0.0
0.649,0.30871,0.33244,0.3354,0.01291244,0.003333675,0.00415441,0.002648599,0.006838952,0.0006850759,0.00191908,0.0,0.0,0.0
0.649,0.30864,0.33254,0.3355,0.01291656,0.003331311,0.004150059,0.00264682,0.006849814,0.0006844915,0.001916689,0.0,0.0,0.0
0.649,0.30857,0.33264,0.3356,0.01292069,0.003329008,0.004145711,0.002645041,0.006860672,0.0006839673,0.001914305,0.0,0.0,0.0
0.649,0.30851,0.33274,0.3357,0.01292482,0.003326761,0.004141365,0.002643263,0.006871529,0.0006834983,0.001911929,0.0,0.0,0.0
0.649,0.30844,0.33284,0.3358,0.01292897,0.003324566,0.004137023,0.002641486,0.006882385,0.0006830801,0.001909561,0.0,0.0,0.0
0.649,0.30837,0.33294,0.3359,0.01293313,0.003322418,0.004132684,0.002639709,0.006893241,0.0006827088,0.001907201,0.0,0.0,0.0
0.649,0.30831,0.33304,0.336,0.01293729,0.003320314,0.004128347,0.002637933,0.006904097,0.0006823807,0.001904848,0.0,0.0,0.0
0.649,0.30824,0.33315,0.3361,0.01294147,0.003318251,0.004124014,0.002636158,0.006914954,0.0006820929,0.001902503,0.0,0.0,0.0
0.649,0.30817,0.33325,0.3362,0.01294566,0.003316226,0.004119683,0.002634383,0.006925813,0.0006818426,0.001900166,0.0,0.0,0.0
0.649,0.3081,0.33335,0.3363,0.01294987,0.003314237,0.004115356,0.002632609,0.006936674,0.0006816271,0.001897836,0.0,0.0,0.0
0.649,0.30804,0.33345,0.3364,0.01295408,0.003312281,0.004111032,0.002630836,0.006947537,0.0006814443,0.001895514,0.0,0.0,0.0
0.649,0.30797,0.33355,0.3365,0.01295831,0.003310356,0.00410671,0.002629064,0.006958402,0.0006812921,0.0018932,0.0,0.0,0.0
0.649,0.3079,0.33365,0.3366,0.01296256,0.003308461,0.004102392,0.002627293,0.006969271,0.0006811687,0.001890893,0.0,0.0,0.0
0.649,0.30783,0.33375,0.3367,0.01296681,0.003306594,0.004098076,0.002625522,0.006980144,0.0006810724,0.001888594,0.0,0.0,0.0
0.649,0.30777,0.33385,0.3368,0.01297109,0.003304753,0.004093764,0.002623752,0.00699102,0.0006810016,0.001886303,0.0,0.0,0.0
0.649,0.3077,0.33395,0.3369,0.01297537,0.003302937,0.004089454,0.002621983,0.0070019,0.0006809549,0.001884019,0.0,0.0,0.0
0.649,0.30763,0.33405,0.337,0.01297968,0.003301145,0.004085148,0.002620214,0.007012785,0.000680931,0.001881743,0.0,0.0,0.0
0.649,0.30756,0.33415,0.3371,0.01298399,0.003299375,0.004080845,0.002618446,0.007023674,0.0006809288,0.001879474,0.0,0.0,0.0
0.649,0.3075,0.33425,0.3372,0.01298833,0.003297626,0.004076544,0.002616679,0.007034568,0.0006809472,0.001877213,0.0,0.0,0.0
0.649,0.30743,0.33435,0.3373,0.01299267,0.003295898,0.004072247,0.002614913,0.007045467,0.0006809851,0.00187496,0.0,0.0,0.0
0.649,0.30736,0.33445,0.3374,0.01299704,0.003294189,0.004067952,0.002613147,0.007056371,0.0006810415,0.001872714,0.0,0.0,0.0
0.649,0.30729,0.33455,0.3375,0.01300142,0.003292498,0.004063661,0.002611382,0.00706728,0.0006811158,0.001870476,0.0,0.0,0.0
0.649,0.30723,0.33466,0.3376,0.01300581,0.003290825,0.004059373,0.002609618,0.007078195,0.0006812069,0.001868245,0.0,0.0,0.0
0.649,0.30716,0.33476,0.3377,0.01301022,0.003289169,0.004055087,0.002607855,0.007089116,0.0006813142,0.001866022,0.0,0.0,0.0
0.649,0.30709,0.33486,0.3378,0.01301465,0.00328753,0.004050805,0.002606093,0.007100042,0.000681437,0.001863806,0.0,0.0,0.0
0.649,0.30702,0.33496,0.3379,0.0130191,0.003285905,0.004046526,0.002604331,0.007110974,0.0006815747,0.001861598,0.0,0.0,0.0
0.649,0.30696,0.33506,0.338,0.01302356,0.003284296,0.00404225,0.00260257,0.007121912,0.0006817265,0.001859398,0.0,0.0,0.0
0.649,0.30689,0.33516,0.3381,0.01302804,0.003282702,0.004037976,0.00260081,0.007132856,0.0006818921,0.001857205,0.0,0.0,0.0
0.649,0.30682,0.33526,0.3382,0.01303253,0.003281121,0.004033706,0.00259905,0.007143807,0.0006820707,0.001855019,0.0,0.0,0.0
0.649,0.30675,0.33536,0.3383,0.01303704,0.003279553,0.004029439,0.002597291,0.007154763,0.0006822619,0.001852841,0.0,0.0,0.0
0.649,0.30669,0.33546,0.3384,0.01304157,0.003277999,0.004025175,0.002595533,0.007165726,0.0006824654,0.001850671,0.0,0.0,0.0
0.649,0.30662,0.33556,0.3385,0.01304612,0.003276457,0.004020913,0.002593776,0.007176696,0.0006826805,0.001848508,0.0,0.0,0.0
0.649,0.30655,0.33566,0.3386,0.01305068,0.003274927,0.004016655,0.00259202,0.007187672,0.0006829069,0.001846352,0.0,0.0,0.0
0.649,0.30648,0.33576,0.3387,0.01305526,0.003273408,0.0040124,0.002590264,0.007198655,0.0006831441,0.001844204,0.0,0.0,0.0
0.649,0.30642,0.33586,0.3388,0.01305986,0.003271901,0.004008148,0.002588509,0.007209644,0.0006833919,0.001842063,0.0,0.0,0.0
0.649,0.30635,0.33596,0.3389,0.01306447,0.003270405,0.004003899,0.002586755,0.00722064,0.0006836499,0.00183993,0.0,0.0,0.0
0.649,0.30628,0.33606,0.339,0.0130691,0.003268919,0.003999653,0.002585002,0.007231644,0.0006839177,0.001837805,0.0,0.0,0.0
0.649,0.30621,0.33616,0.3391,0.01307375,0.003267444,0.00399541,0.002583249,0.007242653,0.0006841951,0.001835686,0.0,0.0,0.0
0.649,0.30614,0.33627,0.3392,0.01307842,0.003265979,0.00399117,0.002581497,0.00725367,0.0006844816,0.001833576,0.0,0.0,0.0
0.649,0.30608,0.33637,0.3393,0.0130831,0.003264524,0.003986933,0.002579746,0.007264694,0.0006847771,0.001831472,0.0,0.0,0.0
0.649,0.30601,0.33647,0.3394,0.0130878,0.003263077,0.003982699,0.002577996,0.007275725,0.0006850813,0.001829376,0.0,0.0,0.0
0.649,0.30594,0.33657,0.3395,0.01309252,0.003261641,0.003978469,0.002576247,0.007286763,0.0006853938,0.001827287,0.0,0.0,0.0
0.649,0.30587,0.33667,0.3396,0.01309726,0.003260213,0.003974241,0.002574498,0.007297809,0.0006857146,0.001825206,0.0,0.0,0.0
0.649,0.3058,0.33677,0.3397,0.01310911,0.00332704,0.003970016,0.00257275,0.007315962,0.0007542896,0.001823132,0.0,0.0,0.0
0.649,0.30574,0.33687,0.3398,0.01311443,0.003323987,0.003965794,0.002571003,0.007327566,0.0007529843,0.001821066,0.0,0.0,0.0
0.649,0.30567,0.33697,0.3399,0.01311973,0.003321073,0.003961576,0.002569257,0.007339148,0.000751816,0.001819007,0.0,0.0,0.0
0.649,0.3056,0.33707,0.34,0.01312503,0.00331828,0.00395736,0.002567511,0.007350713,0.0007507687,0.001816955,0.0,0.0,0.0
0.649,0.30553,0.33717,0.3401,0.01313032,0.003315595,0.003953148,0.002565767,0.007362262,0.0007498288,0.00181491,0.0,0.0,0.0
0.649,0.30546,0.33727,0.3402,0.01313561,0.003313008,0.003948938,0.002564023,0.007373799,0.000748985,0.001812873,0.0,0.0,0.0
0.649,0.3054,0.33737,0.3403,0.0131409,0.003310507,0.003944732,0.002562279,0.007385324,0.0007482275,0.001810843,0.0,0.0,0.0
0.649,0.30533,0.33747,0.3404,0.01314619,0.003308085,0.003940528,0.002560537,0.007396841,0.0007475481,0.001808821,0.0,0.0,0.0
0.649,0.30526,0.33757,0.3405,0.01315148,0.003305735,0.003936328,0.002558796,0.007408351,0.0007469395,0.001806806,0.0,0.0,0.0
0.649,0.30519,0.33767,0.3406,0.01315678,0.00330345,0.003932131,0.002557055,0.007419855,0.0007463955,0.001804798,0.0,0.0,0.0
0.649,0.30512,0.33778,0.3407,0.01316209,0.003301225,0.003927936,0.002555315,0.007431354,0.0007459106,0.001802797,0.0,0.0,0.0
0.649,0.30506,0.33788,0.3408,0.0131674,0.003299056,0.003923745,0.002553576,0.007442849,0.00074548,0.001800804,0.0,0.0,0.0
0.649,0.30499,0.33798,0.3409,0.01317272,0.003296937,0.003919557,0.002551837,0.007454341,0.0007450995,0.001798818,0.0,0.0,0.0
0.649,0.30492,0.33808,0.341,0.01317804,0.003294865,0.003915372,0.0025501,0.007465832,0.0007447653,0.001796839,0.0,0.0,0.0
0.649,0.30485,0.33818,0.3411,0.01318338,0.003292837,0.00391119,0.002548363,0.007477321,0.0007444741,0.001794867,0.0,0.0,0.0
0.649,0.30478,0.33828,0.3412,0.01318872,0.00329085,0.003907011,0.002546627,0.007488809,0.0007442228,0.001792903,0.0,0.0,0.0
0.649,0.30472,0.33838,0.3413,0.01319408,0.003288901,0.003902835,0.002544892,0.007500298,0.0007440088,0.001790945,0.0,0.0,0.0
0.649,0.30465,0.33848,0.3414,0.01319945,0.003286987,0.003898662,0.002543158,0.007511788,0.0007438296,0.001788995,0.0,0.0,0.0
0.649,0.30458,0.33858,0.3415,0.01320482,0.003285107,0.003894492,0.002541424,0.007523278,0.000743683,0.001787053,0.0,0.0,0.0
0.649,0.30451,0.33868,0.3416,0.01321021,0.003283258,0.003890326,0.002539691,0.00753477,0.0007435671,0.001785117,0.0,0.0,0.0
0.649,0.30444,0.33878,0.3417,0.01321561,0.003281439,0.003886162,0.002537959,0.007546264,0.00074348,0.001783188,0.0,0.0,0.0
0.649,0.30437,0.33888,0.3418,0.01322103,0.003279648,0.003882001,0.002536228,0.007557761,0.0007434201,0.001781267,0.0,0.0,0.0
0.649,0.30431,0.33898,0.3419,0.01322646,0.003277884,0.003877844,0.002534498,0.00756926,0.0007433858,0.001779353,0.0,0.0,0.0
0.649,0.30424,0.33908,0.342,0.0132319,0.003276144,0.003873689,0.002532768,0.007580762,0.0007433759,0.001777446,0.0,0.0,0.0
0.649,0.30417,0.33918,0.3421,0.01323735,0.003274429,0.003869538,0.00253104,0.007592267,0.0007433889,0.001775546,0.0,0.0,0.0
0.649,0.3041,0.33929,0.3422,0.01324282,0.003272736,0.003865389,0.002529312,0.007603776,0.0007434238,0.001773653,0.0,0.0,0.0
0.649,0.30403,0.33939,0.3423,0.0132483,0.003271064,0.003861244,0.002527585,0.007615289,0.0007434794,0.001771768,0.0,0.0,0.0
0.649,0.30396,0.33949,0.3424,0.0132538,0.003269413,0.003857102,0.002525858,0.007626806,0.0007435548,0.001769889,0.0,0.0,0.0
0.649,0.30389,0.33959,0.3425,0.01325931,0.003267782,0.003852963,0.002524133,0.007638327,0.000743649,0.001768018,0.0,0.0,0.0
0.649,0.30383,0.33969,0.3426,0.01326483,0.00326617,0.003848827,0.002522408,0.007649852,0.0007437612,0.001766153,0.0,0.0,0.0
0.649,0.30376,0.33979,0.3427,0.01327037,0.003264575,0.003844694,0.002520685,0.007661383,0.0007438905,0.001764296,0.0,0.0,0.0
0.649,0.30369,0.33989,0.3428,0.01327593,0.003262998,0.003840564,0.002518962,0.007672918,0.0007440363,0.001762445,0.0,0.0,0.0
0.649,0.30362,0.33999,0.3429,0.0132815,0.003261437,0.003836437,0.00251724,0.007684457,0.0007441978,0.001760602,0.0,0.0,0.0
0.649,0.30355,0.34009,0.343,0.01328708,0.003259893,0.003832313,0.002515518,0.007696003,0.0007443744,0.001758766,0.0,0.0,0.0
0.649,0.30348,0.34019,0.3431,0.01329268,0.003258363,0.003828192,0.002513798,0.007707553,0.0007445655,0.001756937,0.0,0.0,0.0
0.649,0.30341,0.34029,0.3432,0.0132983,0.003256848,0.003824075,0.002512078,0.007719108,0.0007447705,0.001755114,0.0,0.0,0.0
0.649,0.30335,0.34039,0.3433,0.01330393,0.003255348,0.00381996,0.002510359,0.00773067,0.0007449888,0.001753299,0.0,0.0,0.0
0.649,0.30328,0.34049,0.3434,0.01330958,0.003253861,0.003815849,0.002508641,0.007742236,0.00074522,0.001751491,0.0,0.0,0.0
0.649,0.30321,0.34059,0.3435,0.01331524,0.003252388,0.00381174,0.002506924,0.007753809,0.0007454636,0.00174969,0.0,0.0,0.0
0.649,0.30314,0.34069,0.3436,0.01332092,0.003250927,0.003807635,0.002505208,0.007765387,0.0007457192,0.001747895,0.0,0.0,0.0
0.649,0.30307,0.34079,0.3437,0.01332661,0.003249478,0.003803532,0.002503492,0.007776971,0.0007459863,0.001746108,0.0,0.0,0.0
0.649,0.303,0.3409,0.3438,0.01333232,0.003248042,0.003799433,0.002501777,0.007788562,0.0007462645,0.001744327,0.0,0.0,0.0
0.649,0.30293,0.341,0.3439,0.01333805,0.003246617,0.003795337,0.002500063,0.007800158,0.0007465535,0.001742554,0.0,0.0,0.0
0.649,0.30287,0.3411,0.344,0.01334379,0.003245203,0.003791244,0.00249835,0.00781176,0.0007468529,0.001740787,0.0,0.0,0.0
0.649,0.3028,0.3412,0.3441,0.01334955,0.003243801,0.003787154,0.002496638,0.007823369,0.0007471624,0.001739028,0.0,0.0,0.0
0.649,0.30273,0.3413,0.3442,0.01335533,0.003242408,0.003783067,0.002494927,0.007834984,0.0007474816,0.001737275,0.0,0.0,0.0
0.649,0.30266,0.3414,0.3443,0.01336112,0.003241027,0.003778983,0.002493216,0.007846605,0.0007478103,0.001735529,0.0,0.0,0.0
0.649,0.30259,0.3415,0.3444,0.01336692,0.003239655,0.003774903,0.002491507,0.007858233,0.0007481481,0.00173379,0.0,0.0,0.0
0.649,0.30252,0.3416,0.3445,0.01337275,0.003238293,0.003770825,0.002489798,0.007869867,0.0007484948,0.001732057,0.0,0.0,0.0
0.649,0.30245,0.3417,0.3446,0.01337859,0.00323694,0.00376675,0.00248809,0.007881508,0.0007488502,0.001730332,0.0,0.0,0.0
0.649,0.30238,0.3418,0.3447,0.01338852,0.003306424,0.003762679,0.002486382,0.007897225,0.0008200413,0.001728613,0.0,0.0,0.0
0.649,0.30231,0.3419,0.3448,0.01339501,0.003303371,0.00375861,0.002484676,0.007909496,0.0008186949,0.001726901,0.0,0.0,0.0
0.649,0.30224,0.342,0.3449,0.01340148,0.003300463,0.003754545,0.002482971,0.00792174,0.0008174922,0.001725196,0.0,0.0,0.0
0.649,0.30218,0.3421,0.345,0.01340794,0.003297682,0.003750483,0.002481266,0.007933959,0.0008164163,0.001723498,0.0,0.0,0.0
0.649,0.30211,0.3422,0.3451,0.01341439,0.003295015,0.003746424,0.002479562,0.007946158,0.0008154531,0.001721807,0.0,0.0,0.0
0.649,0.30204,0.3423,0.3452,0.01342083,0.00329245,0.003742367,0.002477859,0.00795834,0.0008145905,0.001720122,0.0,0.0,0.0
0.649,0.30197,0.34241,0.3453,0.01342727,0.003289975,0.003738314,0.002476157,0.007970507,0.0008138185,0.001718444,0.0,0.0,0.0
0.649,0.3019,0.34251,0.3454,0.0134337,0.003287584,0.003734265,0.002474456,0.007982661,0.0008131283,0.001716773,0.0,0.0,0.0
0.649,0.30183,0.34261,0.3455,0.01344013,0.003285268,0.003730218,0.002472755,0.007994805,0.0008125124,0.001715108,0.0,0.0,0.0
0.649,0.30176,0.34271,0.3456,0.01344656,0.00328302,0.003726174,0.002471056,0.008006939,0.0008119642,0.001713451,0.0,0.0,0.0
0.649,0.30169,0.34281,0.3457,0.013453,0.003280835,0.003722133,0.002469357,0.008019066,0.0008114779,0.0017118,0.0,0.0,0.0
0.649,0.30162,0.34291,0.3458,0.01345944,0.003278707,0.003718096,0.002467659,0.008031186,0.0008110485,0.001710155,0.0,0.0,0.0
0.649,0.30155,0.34301,0.3459,0.01346588,0.003276633,0.003714061,0.002465962,0.008043301,0.0008106716,0.001708518,0.0,0.0,0.0
0.649,0.30149,0.34311,0.346,0.01347233,0.003274609,0.00371003,0.002464266,0.008055412,0.0008103433,0.001706886,0.0,0.0,0.0
0.649,0.30142,0.34321,0.3461,0.01347878,0.00327263,0.003706001,0.00246257,0.008067519,0.0008100599,0.001705262,0.0,0.0,0.0
0.649,0.30135,0.34331,0.3462,0.01348524,0.003270694,0.003701976,0.002460876,0.008079623,0.0008098185,0.001703644,0.0,0.0,0.0
0.649,0.30128,0.34341,0.3463,0.01349171,0.003268798,0.003697954,0.002459182,0.008091726,0.000809616,0.001702033,0.0,0.0,0.0
0.649,0.30121,0.34351,0.3464,0.01349819,0.003266939,0.003693935,0.002457489,0.008103828,0.00080945,0.001700429,0.0,0.0,0.0
0.649,0.30114,0.34361,0.3465,0.01350468,0.003265116,0.003689919,0.002455797,0.008115929,0.0008093183,0.001698831,0.0,0.0,0.0
0.649,0.30107,0.34371,0.3466,0.01351117,0.003263325,0.003685906,0.002454106,0.00812803,0.0008092186,0.001697239,0.0,0.0,0.0
0.649,0.301,0.34381,0.3467,0.01351768,0.003261565,0.003681896,0.002452416,0.008140131,0.0008091491,0.001695654,0.0,0.0,0.0
0.649,0.30093,0.34392,0.3468,0.0135242,0.003259835,0.003677889,0.002450727,0.008152233,0.0008091081,0.001694076,0.0,0.0,0.0
0.649,0.30086,0.34402,0.3469,0.01353073,0.003258132,0.003673885,0.002449038,0.008164337,0.0008090939,0.001692504,0.0,0.0,0.0
0.649,0.30079,0.34412,0.347,0.01353727,0.003256456,0.003669885,0.00244735,0.008176442,0.0008091052,0.001690939,0.0,0.0,0.0
0.649,0.30072,0.34422,0.3471,0.01354382,0.003254804,0.003665887,0.002445664,0.008188549,0.0008091406,0.00168938,0.0,0.0,0.0
0.649,0.30065,0.34432,0.3472,0.01355038,0.003253177,0.003661893,0.002443978,0.008200658,0.0008091989,0.001687828,0.0,0.0,0.0
0.649,0.30058,0.34442,0.3473,0.01355695,0.003251571,0.003657902,0.002442293,0.00821277,0.0008092789,0.001686283,0.0,0.0,0.0
0.649,0.30051,0.34452,0.3474,0.01356354,0.003249988,0.003653913,0.002440608,0.008224885,0.0008093796,0.001684743,0.0,0.0,0.0
0.649,0.30044,0.34462,0.3475,0.01357014,0.003248425,0.003649928,0.002438925,0.008237003,0.0008095,0.001683211,0.0,0.0,0.0
0.649,0.30038,0.34472,0.3476,0.01357675,0.003246882,0.003645946,0.002437242,0.008249124,0.0008096392,0.001681684,0.0,0.0,0.0
0.649,0.30031,0.34482,0.3477,0.01358338,0.003245357,0.003641967,0.002435561,0.008261249,0.0008097964,0.001680164,0.0,0.0,0.0
0.649,0.30024,0.34492,0.3478,0.01359002,0.003243851,0.003637991,0.00243388,0.008273378,0.0008099708,0.001678651,0.0,0.0,0.0
0.649,0.30017,0.34502,0.3479,0.01359667,0.003242362,0.003634018,0.0024322,0.00828551,0.0008101617,0.001677144,0.0,0.0,0.0
0.649,0.3001,0.34512,0.348,0.01360334,0.003240889,0.003630049,0.002430521,0.008297647,0.0008103684,0.001675643,0.0,0.0,0.0
0.649,0.30003,0.34522,0.3481,0.01361002,0.003239433,0.003626082,0.002428843,0.008309788,0.0008105902,0.001674149,0.0,0.0,0.0
0.649,0.29996,0.34532,0.3482,0.01361671,0.003237992,0.003622118,0.002427166,0.008321934,0.0008108265,0.001672661,0.0,0.0,0.0
0.649,0.29989,0.34543,0.3483,0.01362342,0.003236566,0.003618158,0.002425489,0.008334084,0.0008110769,0.001671179,0.0,0.0,0.0
0.649,0.29982,0.34553,0.3484,0.01363014,0.003235154,0.003614201,0.002423814,0.008346239,0.0008113407,0.001669704,0.0,0.0,0.0
0.649,0.29975,0.34563,0.3485,0.01363688,0.003233756,0.003610246,0.002422139,0.008358398,0.0008116176,0.001668235,0.0,0.0,0.0
0.649,0.29968,0.34573,0.3486,0.01364363,0.003232372,0.003606295,0.002420465,0.008370563,0.0008119069,0.001666772,0.0,0.0,0.0
0.649,0.29961,0.34583,0.3487,0.0136504,0.003231,0.003602347,0.002418792,0.008382732,0.0008122083,0.001665316,0.0,0.0,0.0
0.649,0.29954,0.34593,0.3488,0.01365718,0.003229641,0.003598402,0.00241712,0.008394907,0.0008125213,0.001663866,0.0,0.0,0.0
0.649,0.29947,0.34603,0.3489,0.01366397,0.003228294,0.00359446,0.002415449,0.008407087,0.0008128456,0.001662422,0.0,0.0,0.0
0.649,0.2994,0.34613,0.349,0.01367078,0.003226959,0.003590521,0.002413778,0.008419273,0.0008131808,0.001660985,0.0,0.0,0.0
0.649,0.29933,0.34623,0.3491,0.0136776,0.003225635,0.003586585,0.002412109,0.008431464,0.0008135265,0.001659553,0.0,0.0,0.0
0.649,0.29926,0.34633,0.3492,0.01368444,0.003224323,0.003582652,0.00241044,0.00844366,0.0008138825,0.001658128,0.0,0.0,0.0
0.649,0.29919,0.34643,0.3493,0.01369129,0.003223021,0.003578723,0.002408772,0.008455862,0.0008142483,0.001656709,0.0,0.0,0.0
0.649,0.29912,0.34653,0.3494,0.01369816,0.003221729,0.003574796,0.002407105,0.00846807,0.0008146237,0.001655297,0.0,0.0,0.0
0.649,0.29905,0.34663,0.3495,0.01370505,0.003220448,0.003570873,0.002405439,0.008480283,0.0008150084,0.00165389,0.0,0.0,0.0
0.649,0.29898,0.34673,0.3496,0.01371194,0.003219177,0.003566952,0.002403774,0.008492503,0.0008154022,0.00165249,0.0,0.0,0.0
0.649,0.29891,0.34683,0.3497,0.01372003,0.003290733,0.003563035,0.00240211,0.008505898,0.0008886228,0.001651096,0.0,0.0,0.0
0.649,0.29884,0.34694,0.3498,0.01372764,0.003287719,0.003559121,0.002400447,0.008518809,0.0008872726,0.001649708,0.0,0.0,0.0
0.649,0.29877,0.34704,0.3499,0.01373522,0.003284853,0.00355521,0.002398784,0.008531687,0.0008860686,0.001648326,0.0,0.0,0.0
0.649,0.2987,0.34714,0.35,0.01374279,0.003282117,0.003551302,0.002397123,0.008544536,0.000884994,0.00164695,0.0,0.0,0.0
0.649,0.29863,0.34724,0.3501,0.01375034,0.003279496,0.003547397,0.002395462,0.00855736,0.0008840343,0.00164558,0.0,0.0,0.0
0.649,0.29856,0.34734,0.3502,0.01375787,0.003276979,0.003543495,0.002393802,0.008570163,0.0008831775,0.001644217,0.0,0.0,0.0
0.649,0.29849,0.34744,0.3503,0.0137654,0.003274556,0.003539596,0.002392143,0.008582948,0.0008824133,0.001642859,0.0,0.0,0.0
0.649,0.29842,0.34754,0.3504,0.01377292,0.003272218,0.0035357,0.002390485,0.008595716,0.0008817329,0.001641507,0.0,0.0,0.0
0.649,0.29835,0.34764,0.3505,0.01378044,0.003269956,0.003531808,0.002388828,0.008608471,0.0008811285,0.001640162,0.0,0.0,0.0
0.649,0.29828,0.34774,0.3506,0.01378795,0.003267765,0.003527918,0.002387171,0.008621213,0.0008805936,0.001638822,0.0,0.0,0.0
0.649,0.29821,0.34784,0.3507,0.01379547,0.003265638,0.003524032,0.002385516,0.008633945,0.0008801222,0.001637489,0.0,0.0,0.0
0.649,0.29814,0.34794,0.3508,0.01380298,0.00326357,0.003520148,0.002383861,0.008646668,0.0008797092,0.001636161,0.0,0.0,0.0
0.649,0.29807,0.34804,0.3509,0.01381049,0.003261558,0.003516268,0.002382208,0.008659384,0.0008793502,0.00163484,0.0,0.0,0.0
0.649,0.298,0.34814,0.351,0.01381801,0.003259596,0.003512391,0.002380555,0.008672093,0.000879041,0.001633524,0.0,0.0,0.0
0.649,0.29793,0.34824,0.3511,0.01382553,0.003257681,0.003508517,0.002378903,0.008684796,0.0008787781,0.001632215,0.0,0.0,0.0
0.649,0.29786,0.34834,0.3512,0.01383305,0.00325581,0.003504646,0.002377252,0.008697495,0.0008785583,0.001630911,0.0,0.0,0.0
0.649,0.29779,0.34845,0.3513,0.01384058,0.00325398,0.003500778,0.002375602,0.00871019,0.0008783786,0.001629613,0.0,0.0,0.0
0.649,0.29772,0.34855,0.3514,0.01384812,0.003252189,0.003496913,0.002373952,0.008722882,0.0008782365,0.001628322,0.0,0.0,0.0
0.649,0.29765,0.34865,0.3515,0.01385566,0.003250433,0.003493051,0.002372304,0.008735572,0.0008781296,0.001627036,0.0,0.0,0.0
0.649,0.29758,0.34875,0.3516,0.01386321,0.003248712,0.003489192,0.002370656,0.00874826,0.0008780558,0.001625756,0.0,0.0,0.0
0.649,0.29751,0.34885,0.3517,0.01387076,0.003247023,0.003485336,0.00236901,0.008760947,0.0008780131,0.001624481,0.0,0.0,0.0
0.649,0.29744,0.34895,0.3518,0.01387833,0.003245364,0.003481484,0.002367364,0.008773633,0.0008779998,0.001623213,0.0,0.0,0.0
0.649,0.29737,0.34905,0.3519,0.0138859,0.003243733,0.003477634,0.002365719,0.008786319,0.0008780142,0.00162195,0.0,0.0,0.0
0.649,0.2973,0.34915,0.352,0.01389349,0.00324213,0.003473788,0.002364075,0.008799005,0.0008780548,0.001620694,0.0,0.0,0.0
0.649,0.29723,0.34925,0.3521,0.01390108,0.003240552,0.003469944,0.002362432,0.008811692,0.0008781203,0.001619443,0.0,0.0,0.0
0.649,0.29716,0.34935,0.3522,0.01390868,0.003238999,0.003466104,0.00236079,0.00882438,0.0008782094,0.001618197,0.0,0.0,0.0
0.649,0.29709,0.34945,0.3523,0.01391629,0.003237469,0.003462267,0.002359148,0.008837069,0.0008783209,0.001616958,0.0,0.0,0.0
0.649,0.29702,0.34955,0.3524,0.01392392,0.003235962,0.003458433,0.002357508,0.00884976,0.0008784538,0.001615724,0.0,0.0,0.0
0.649,0.29694,0.34965,0.3525,0.01393155,0.003234475,0.003454601,0.002355868,0.008862453,0.000878607,0.001614496,0.0,0.0,0.0
0.649,0.29687,0.34975,0.3526,0.0139392,0.00323301,0.003450773,0.00235423,0.008875148,0.0008787797,0.001613274,0.0,0.0,0.0
0.649,0.2968,0.34986,0.3527,0.01394685,0.003231563,0.003446948,0.002352592,0.008887846,0.000878971,0.001612058,0.0,0.0,0.0
0.649,0.29673,0.34996,0.3528,0.01395452,0.003230135,0.003443127,0.002350955,0.008900546,0.00087918,0.001610847,0.0,0.0,0.0
0.649,0.29666,0.35006,0.3529,0.0139622,0.003228725,0.003439308,0.002349319,0.008913249,0.0008794061,0.001609642,0.0,0.0,0.0
0.649,0.29659,0.35016,0.353,0.01396989,0.003227333,0.003435492,0.002347684,0.008925955,0.0008796485,0.001608442,0.0,0.0,0.0
0.649,0.29652,0.35026,0.3531,0.01397759,0.003225956,0.003431679,0.00234605,0.008938664,0.0008799065,0.001607249,0.0,0.0,0.0
0.649,0.29645,0.35036,0.3532,0.01398531,0.003224596,0.00342787,0.002344417,0.008951377,0.0008801796,0.00160606,0.0,0.0,0.0
0.649,0.29638,0.35046,0.3533,0.01399303,0.003223251,0.003424063,0.002342784,0.008964093,0.0008804672,0.001604878,0.0,0.0,0.0
0.649,0.29631,0.35056,0.3534,0.01400077,0.003221921,0.00342026,0.002341153,0.008976814,0.0008807687,0.001603701,0.0,0.0,0.0
0.649,0.29624,0.35066,0.3535,0.01400853,0.003220606,0.003416459,0.002339522,0.008989538,0.0008810836,0.001602529,0.0,0.0,0.0
0.649,0.29617,0.35076,0.3536,0.01401629,0.003219304,0.003412662,0.002337892,0.009002266,0.0008814115,0.001601364,0.0,0.0,0.0
0.649,0.2961,0.35086,0.3537,0.01402407,0.003218015,0.003408868,0.002336263,0.009014998,0.0008817518,0.001600203,0.0,0.0,0.0
0.649,0.29603,0.35096,0.3538,0.01403186,0.00321674,0.003405077,0.002334635,0.009027734,0.0008821042,0.001599049,0.0,0.0,0.0
0.649,0.29596,0.35106,0.3539,0.01403966,0.003215477,0.003401288,0.002333008,0.009040475,0.0008824683,0.001597899,0.0,0.0,0.0
0.649,0.29589,0.35116,0.354,0.01404748,0.003214226,0.003397503,0.002331382,0.00905322,0.0008828436,0.001596756,0.0,0.0,0.0
0.649,0.29581,0.35126,0.3541,0.01405531,0.003212987,0.003393721,0.002329757,0.00906597,0.0008832298,0.001595617,0.0,0.0,0.0
0.649,0.29574,0.35137,0.3542,0.01406315,0.003211759,0.003389942,0.002328133,0.009078725,0.0008836266,0.001594485,0.0,0.0,0.0
0.649,0.29567,0.35147,0.3543,0.01407101,0.003210543,0.003386166,0.002326509,0.009091484,0.0008840336,0.001593357,0.0,0.0,0.0
0.649,0.2956,0.35157,0.3544,0.01407888,0.003209337,0.003382394,0.002324887,0.009104248,0.0008844506,0.001592235,0.0,0.0,0.0
0.649,0.29553,0.35167,0.3545,0.01408676,0.003208142,0.003378624,0.002323265,0.009117017,0.0008848772,0.001591119,0.0,0.0,0.0
0.649,0.29546,0.35177,0.3546,0.01409235,0.003283054,0.003374857,0.002321644,0.009127485,0.0009614102,0.001590008,0.0,0.0,0.0
0.649,0.29539,0.35187,0.3547,0.01410104,0.003279955,0.003371094,0.002320024,0.009141042,0.0009599304,0.001588902,0.0,0.0,0.0
0.649,0.29532,0.35197,0.3548,0.01410969,0.00327702,0.003367333,0.002318405,0.009154557,0.0009586151,0.001587802,0.0,0.0,0.0
0.649,0.29525,0.35207,0.3549,0.01411832,0.003274232,0.003363575,0.002316787,0.009168033,0.0009574446,0.001586707,0.0,0.0,0.0
0.649,0.29518,0.35217,0.355,0.01412692,0.003271572,0.003359821,0.00231517,0.009181477,0.0009564024,0.001585618,0.0,0.0,0.0
0.649,0.2951,0.35227,0.3551,0.0141355,0.003269028,0.00335607,0.002313554,0.009194893,0.0009554746,0.001584534,0.0,0.0,0.0
0.649,0.29503,0.35237,0.3552,0.01414406,0.003266587,0.003352321,0.002311938,0.009208284,0.0009546493,0.001583455,0.0,0.0,0.0
0.649,0.29496,0.35247,0.3553,0.01415261,0.00326424,0.003348576,0.002310324,0.009221653,0.0009539165,0.001582381,0.0,0.0,0.0
0.649,0.29489,0.35257,0.3554,0.01416115,0.003261977,0.003344834,0.00230871,0.009235004,0.0009532674,0.001581313,0.0,0.0,0.0
0.649,0.29482,0.35267,0.3555,0.01416968,0.003259792,0.003341094,0.002307097,0.009248338,0.0009526946,0.00158025,0.0,0.0,0.0
0.649,0.29475,0.35277,0.3556,0.01417821,0.003257677,0.003337358,0.002305486,0.009261657,0.0009521914,0.001579192,0.0,0.0,0.0
0.649,0.29468,0.35288,0.3557,0.01418673,0.003255627,0.003333625,0.002303875,0.009274964,0.0009517521,0.00157814,0.0,0.0,0.0
0.649,0.29461,0.35298,0.3558,0.01419525,0.003253636,0.003329895,0.002302265,0.009288259,0.0009513716,0.001577092,0.0,0.0,0.0
0.649,0.29454,0.35308,0.3559,0.01420376,0.003251701,0.003326168,0.002300655,0.009301545,0.0009510454,0.00157605,0.0,0.0,0.0
0.649,0.29447,0.35318,0.356,0.01421228,0.003249817,0.003322444,0.002299047,0.009314822,0.0009507695,0.001575013,0.0,0.0,0.0
0.649,0.29439,0.35328,0.3561,0.0142208,0.00324798,0.003318723,0.00229744,0.009328092,0.0009505403,0.001573982,0.0,0.0,0.0
0.649,0.29432,0.35338,0.3562,0.01422932,0.003246188,0.003315005,0.002295834,0.009341355,0.0009503546,0.001572955,0.0,0.0,0.0
0.649,0.29425,0.35348,0.3563,0.01423784,0.003244438,0.003311291,0.002294228,0.009354613,0.0009502095,0.001571934,0.0,0.0,0.0
0.649,0.29418,0.35358,0.3564,0.01424636,0.003242726,0.003307579,0.002292623,0.009367866,0.0009501025,0.001570917,0.0,0.0,0.0
0.649,0.29411,0.35368,0.3565,0.01425489,0.003241051,0.00330387,0.00229102,0.009381115,0.0009500311,0.001569906,0.0,0.0,0.0
0.649,0.29404,0.35378,0.3566,0.01426342,0.00323941,0.003300164,0.002289417,0.00939436,0.0009499933,0.0015689,0.0,0.0,0.0
0.649,0.29397,0.35388,0.3567,0.01427196,0.003237802,0.003296462,0.002287815,0.009407603,0.000949987,0.001567899,0.0,0.0,0.0
0.649,0.29389,0.35398,0.3568,0.01428051,0.003236224,0.003292762,0.002286214,0.009420844,0.0009500105,0.001566903,0.0,0.0,0.0
0.649,0.29382,0.35408,0.3569,0.01428906,0.003234676,0.003289066,0.002284614,0.009434084,0.0009500622,0.001565912,0.0,0.0,0.0
0.649,0.29375,0.35418,0.357,0.01429762,0.003233155,0.003285372,0.002283015,0.009447322,0.0009501405,0.001564926,0.0,0.0,0.0
0.649,0.29368,0.35429,0.3571,0.01430619,0.00323166,0.003281682,0.002281416,0.009460559,0.0009502442,0.001563946,0.0,0.0,0.0
0.649,0.29361,0.35439,0.3572,0.01431476,0.003230191,0.003277994,0.002279819,0.009473796,0.0009503718,0.00156297,0.0,0.0,0.0
0.649,0.29354,0.35449,0.3573,0.01432334,0.003228745,0.00327431,0.002278222,0.009487034,0.0009505223,0.001561999,0.0,0.0,0.0
0.649,0.29347,0.35459,0.3574,0.01433193,0.003227321,0.003270629,0.002276627,0.009500271,0.0009506945,0.001561033,0.0,0.0,0.0
0.649,0.29339,0.35469,0.3575,0.01434053,0.00322592,0.00326695,0.002275032,0.00951351,0.0009508875,0.001560072,0.0,0.0,0.0
0.649,0.29332,0.35479,0.3576,0.01434914,0.003224539,0.003263275,0.002273438,0.009526749,0.0009511003,0.001559116,0.0,0.0,0.0
0.649,0.29325,0.35489,0.3577,0.01435776,0.003223177,0.003259603,0.002271845,0.009539989,0.000951332,0.001558165,0.0,0.0,0.0
0.649,0.29318,0.35499,0.3578,0.01436638,0.003221835,0.003255934,0.002270253,0.009553232,0.0009515819,0.001557219,0.0,0.0,0.0
0.649,0.29311,0.35509,0.3579,0.01437502,0.003220511,0.003252267,0.002268662,0.009566475,0.0009518491,0.001556277,0.0,0.0,0.0
0.649,0.29304,0.35519,0.358,0.01438367,0.003219205,0.003248604,0.002267072,0.009579721,0.000952133,0.001555341,0.0,0.0,0.0
0.649,0.29297,0.35529,0.3581,0.01439232,0.003217916,0.003244944,0.002265483,0.009592969,0.0009524329,0.001554409,0.0,0.0,0.0
0.649,0.29289,0.35539,0.3582,0.01440099,0.003216643,0.003241287,0.002263894,0.00960622,0.0009527481,0.001553483,0.0,0.0,0.0
0.649,0.29282,0.35549,0.3583,0.01440967,0.003215385,0.003237633,0.002262307,0.009619472,0.0009530782,0.001552561,0.0,0.0,0.0
0.649,0.29275,0.35559,0.3584,0.01441835,0.003214143,0.003233982,0.00226072,0.009632728,0.0009534225,0.001551644,0.0,0.0,0.0
0.649,0.29268,0.35569,0.3585,0.01442705,0.003212915,0.003230334,0.002259135,0.009645986,0.0009537805,0.001550731,0.0,0.0,0.0
0.649,0.29261,0.3558,0.3586,0.01443576,0.003211702,0.003226689,0.00225755,0.009659248,0.0009541517,0.001549824,0.0,0.0,0.0
0.649,0.29254,0.3559,0.3587,0.01444448,0.003210502,0.003223047,0.002255966,0.009672512,0.0009545357,0.001548921,0.0,0.0,0.0
0.649,0.29246,0.356,0.3588,0.01445321,0.003209315,0.003219408,0.002254383,0.00968578,0.0009549321,0.001548023,0.0,0.0,0.0
0.649,0.29239,0.3561,0.3589,0.01446195,0.003208141,0.003215772,0.002252801,0.009699052,0.0009553403,0.00154713,0.0,0.0,0.0
0.649,0.29232,0.3562,0.359,0.01447071,0.00320698,0.003212139,0.00225122,0.009712326,0.0009557601,0.001546241,0.0,0.0,0.0
0.649,0.29225,0.3563,0.3591,0.01447947,0.003205831,0.003208509,0.00224964,0.009725605,0.0009561911,0.001545357,0.0,0.0,0.0
0.649,0.29218,0.3564,0.3592,0.01448825,0.003204693,0.003204882,0.00224806,0.009738887,0.0009566329,0.001544478,0.0,0.0,0.0
0.649,0.2921,0.3565,0.3593,0.01449703,0.003203567,0.003201259,0.002246482,0.009752173,0.0009570851,0.001543603,0.0,0.0,0.0
0.649,0.29203,0.3566,0.3594,0.01450583,0.003202452,0.003197638,0.002244904,0.009765462,0.0009575475,0.001542733,0.0,0.0,0.0
0.649,0.29196,0.3567,0.3595,0.01451464,0.003201347,0.00319402,0.002243328,0.009778756,0.0009580198,0.001541868,0.0,0.0,0.0
0.649,0.29189,0.3568,0.3596,0.01451869,0.003277018,0.003190405,0.002241752,0.009787277,0.001035266,0.001541007,0.0,0.0,0.0
0.649,0.29182,0.3569,0.3597,0.01452834,0.003274042,0.003186793,0.002240177,0.009801393,0.001033865,0.001540151,0.0,0.0,0.0
0.649,0.29174,0.357,0.3598,0.01453795,0.003271225,0.003183185,0.002238603,0.009815463,0.001032622,0.0015393,0.0,0.0,0.0
0.649,0.29167,0.3571,0.3599,0.01454752,0.003268549,0.003179579,0.00223703,0.009829493,0.001031519,0.001538453,0.0,0.0,0.0
0.649,0.2916,0.3572,0.36,0.01455707,0.003265998,0.003175976,0.002235458,0.009843488,0.001030539,0.00153761,0.0,0.0,0.0
0.649,0.29153,0.35731,0.3601,0.0145666,0.003263558,0.003172376,0.002233887,0.009857452,0.001029671,0.001536772,0.0,0.0,0.0
0.649,0.29146,0.35741,0.3602,0.01457611,0.003261219,0.00316878,0.002232317,0.009871389,0.001028903,0.001535939,0.0,0.0,0.0
0.649,0.29138,0.35751,0.3603,0.0145856,0.003258972,0.003165186,0.002230747,0.009885302,0.001028225,0.00153511,0.0,0.0,0.0
0.649,0.29131,0.35761,0.3604,0.01459508,0.003256807,0.003161595,0.002229179,0.009899194,0.001027628,0.001534286,0.0,0.0,0.0
0.649,0.29124,0.35771,0.3605,0.01460454,0.003254718,0.003158007,0.002227611,0.009913068,0.001027107,0.001533466,0.0,0.0,0.0
0.649,0.29117,0.35781,0.3606,0.014614,0.003252698,0.003154423,0.002226044,0.009926924,0.001026654,0.00153265,0.0,0.0,0.0
0.649,0.2911,0.35791,0.3607,0.01462345,0.003250743,0.003150841,0.002224479,0.009940767,0.001026264,0.001531839,0.0,0.0,0.0
0.649,0.29102,0.35801,0.3608,0.01463289,0.003248846,0.003147262,0.002222914,0.009954596,0.001025932,0.001531033,0.0,0.0,0.0
0.649,0.29095,0.35811,0.3609,0.01464233,0.003247003,0.003143687,0.00222135,0.009968413,0.001025654,0.00153023,0.0,0.0,0.0
0.649,0.29088,0.35821,0.361,0.01465177,0.003245212,0.003140114,0.002219787,0.00998222,0.001025425,0.001529432,0.0,0.0,0.0
0.649,0.29081,0.35831,0.3611,0.0146612,0.003243467,0.003136544,0.002218225,0.009996018,0.001025243,0.001528639,0.0,0.0,0.0
0.649,0.29074,0.35841,0.3612,0.01467064,0.003241767,0.003132977,0.002216663,0.01000981,0.001025104,0.00152785,0.0,0.0,0.0
0.649,0.29066,0.35851,0.3613,0.01468007,0.003240108,0.003129414,0.002215103,0.01002359,0.001025005,0.001527065,0.0,0.0,0.0
0.649,0.29059,0.35861,0.3614,0.0146895,0.003238488,0.003125853,0.002213544,0.01003737,0.001024944,0.001526284,0.0,0.0,0.0
0.649,0.29052,0.35872,0.3615,0.01469894,0.003236904,0.003122295,0.002211985,0.01005114,0.001024919,0.001525508,0.0,0.0,0.0
0.649,0.29045,0.35882,0.3616,0.01470838,0.003235355,0.00311874,0.002210427,0.0100649,0.001024927,0.001524736,0.0,0.0,0.0
0.649,0.29037,0.35892,0.3617,0.01471782,0.003233838,0.003115189,0.002208871,0.01007867,0.001024967,0.001523969,0.0,0.0,0.0
0.649,0.2903,0.35902,0.3618,0.01472727,0.003232352,0.00311164,0.002207315,0.01009243,0.001025037,0.001523205,0.0,0.0,0.0
0.649,0.29023,0.35912,0.3619,0.01473672,0.003230895,0.003108094,0.00220576,0.01010618,0.001025135,0.001522446,0.0,0.0,0.0
0.649,0.29016,0.35922,0.362,0.01474618,0.003229465,0.003104551,0.002204206,0.01011993,0.001025259,0.001521691,0.0,0.0,0.0
0.649,0.29008,0.35932,0.3621,0.01475564,0.003228062,0.003101011,0.002202653,0.01013369,0.001025409,0.001520941,0.0,0.0,0.0
0.649,0.29001,0.35942,0.3622,0.0147651,0.003226683,0.003097475,0.002201101,0.01014743,0.001025583,0.001520194,0.0,0.0,0.0
0.649,0.28994,0.35952,0.3623,0.01477458,0.003225329,0.003093941,0.002199549,0.01016118,0.00102578,0.001519452,0.0,0.0,0.0
0.649,0.28987,0.35962,0.3624,0.01478405,0.003223997,0.00309041,0.002197999,0.01017493,0.001025998,0.001518713,0.0,0.0,0.0
0.649,0.28979,0.35972,0.3625,0.01479354,0.003222687,0.003086882,0.002196449,0.01018868,0.001026238,0.001517979,0.0,0.0,0.0
0.649,0.28972,0.35982,0.3626,0.01480303,0.003221398,0.003083357,0.002194901,0.01020242,0.001026498,0.001517249,0.0,0.0,0.0
0.649,0.28965,0.35992,0.3627,0.01481253,0.003220129,0.003079835,0.002193353,0.01021617,0.001026776,0.001516524,0.0,0.0,0.0
0.649,0.28958,0.36002,0.3628,0.01482204,0.003218879,0.003076316,0.002191806,0.01022992,0.001027073,0.001515802,0.0,0.0,0.0
0.649,0.2895,0.36013,0.3629,0.01483155,0.003217648,0.0030728,0.00219026,0.01024367,0.001027387,0.001515084,0.0,0.0,0.0
0.649,0.28943,0.36023,0.363,0.01484107,0.003216434,0.003069287,0.002188715,0.01025741,0.001027718,0.001514371,0.0,0.0,0.0
0.649,0.28936,0.36033,0.3631,0.0148506,0.003215237,0.003065777,0.002187171,0.01027116,0.001028066,0.001513661,0.0,0.0,0.0
0.649,0.28929,0.36043,0.3632,0.01486014,0.003214057,0.00306227,0.002185628,0.01028491,0.001028428,0.001512955,0.0,0.0,0.0
0.649,0.28921,0.36053,0.3633,0.01486969,0.003212892,0.003058766,0.002184086,0.01029867,0.001028806,0.001512254,0.0,0.0,0.0
0.649,0.28914,0.36063,0.3634,0.01487924,0.003211743,0.003055265,0.002182545,0.01031242,0.001029198,0.001511556,0.0,0.0,0.0
0.649,0.28907,0.36073,0.3635,0.0148888,0.003210608,0.003051767,0.002181004,0.01032618,0.001029604,0.001510863,0.0,0.0,0.0
0.649,0.289,0.36083,0.3636,0.01489838,0.003209488,0.003048272,0.002179465,0.01033993,0.001030024,0.001510173,0.0,0.0,0.0
0.649,0.28892,0.36093,0.3637,0.01490796,0.003208382,0.003044779,0.002177926,0.01035369,0.001030456,0.001509487,0.0,0.0,0.0
0.649,0.28885,0.36103,0.3638,0.01491755,0.003207289,0.00304129,0.002176388,0.01036745,0.001030901,0.001508806,0.0,0.0,0.0
0.649,0.28878,0.36113,0.3639,0.01492715,0.003206209,0.003037804,0.002174851,0.01038122,0.001031357,0.001508128,0.0,0.0,0.0
0.649,0.28871,0.36123,0.364,0.01493676,0.003205141,0.00303432,0.002173315,0.01039498,0.001031826,0.001507454,0.0,0.0,0.0
0.649,0.28863,0.36133,0.3641,0.01494638,0.003204086,0.00303084,0.00217178,0.01040875,0.001032306,0.001506784,0.0,0.0,0.0
0.649,0.28856,0.36143,0.3642,0.01495601,0.003203043,0.003027363,0.002170246,0.01042253,0.001032796,0.001506118,0.0,0.0,0.0
0.649,0.28849,0.36153,0.3643,0.01496564,0.003202011,0.003023888,0.002168713,0.0104363,0.001033298,0.001505455,0.0,0.0,0.0
0.649,0.28841,0.36164,0.3644,0.01497529,0.00320099,0.003020417,0.002167181,0.01045008,0.001033809,0.001504797,0.0,0.0,0.0
0.649,0.28834,0.36174,0.3645,0.01497713,0.003278718,0.003016948,0.002165649,0.01045604,0.001113068,0.001504142,0.0,0.0,0.0
0.649,0.28827,0.36184,0.3646,0.01498769,0.003275735,0.003013482,0.002164119,0.01047072,0.001111616,0.001503491,0.0,0.0,0.0
0.649,0.28819,0.36194,0.3647,0.0149982,0.00327292,0.00301002,0.002162589,0.01048534,0.001110331,0.001502844,0.0,0.0,0.0
0.649,0.28812,0.36204,0.3648,0.01500867,0.003270254,0.00300656,0.00216106,0.01049991,0.001109194,0.0015022,0.0,0.0,0.0
0.649,0.28805,0.36214,0.3649,0.0150191,0.00326772,0.003003103,0.002159533,0.01051444,0.001108188,0.001501561,0.0,0.0,0.0
0.649,0.28798,0.36224,0.365,0.0150295,0.003265305,0.002999649,0.002158006,0.01052893,0.001107299,0.001500925,0.0,0.0,0.0
0.649,0.2879,0.36234,0.3651,0.01503988,0.003262996,0.002996198,0.00215648,0.01054339,0.001106516,0.001500293,0.0,0.0,0.0
0.649,0.28783,0.36244,0.3652,0.01505024,0.003260782,0.002992751,0.002154955,0.01055782,0.001105828,0.001499664,0.0,0.0,0.0
0.649,0.28776,0.36254,0.3653,0.01506058,0.003258656,0.002989306,0.00215343,0.01057223,0.001105226,0.001499039,0.0,0.0,0.0
0.649,0.28768,0.36264,0.3654,0.0150709,0.00325661,0.002985863,0.002151907,0.01058662,0.001104702,0.001498418,0.0,0.0,0.0
0.649,0.28761,0.36274,0.3655,0.01508121,0.003254636,0.002982424,0.002150385,0.01060098,0.001104251,0.001497801,0.0,0.0,0.0
0.649,0.28754,0.36284,0.3656,0.0150915,0.003252729,0.002978988,0.002148863,0.01061533,0.001103866,0.001497187,0.0,0.0,0.0
0.649,0.28746,0.36294,0.3657,0.01510179,0.003250884,0.002975555,0.002147343,0.01062966,0.001103541,0.001496577,0.0,0.0,0.0
0.649,0.28739,0.36305,0.3658,0.01511207,0.003249096,0.002972125,0.002145823,0.01064398,0.001103273,0.00149597,0.0,0.0,0.0
0.649,0.28732,0.36315,0.3659,0.01512234,0.003247361,0.002968697,0.002144304,0.01065828,0.001103057,0.001495367,0.0,0.0,0.0
0.649,0.28725,0.36325,0.366,0.01513261,0.003245675,0.002965273,0.002142786,0.01067257,0.001102889,0.001494767,0.0,0.0,0.0
0.649,0.28717,0.36335,0.3661,0.01514287,0.003244036,0.002961851,0.002141269,0.01068685,0.001102767,0.001494172,0.0,0.0,0.0
0.649,0.2871,0.36345,0.3662,0.01515313,0.003242439,0.002958433,0.002139753,0.01070112,0.001102686,0.001493579,0.0,0.0,0.0
0.649,0.28703,0.36355,0.3663,0.01516339,0.003240883,0.002955017,0.002138238,0.01071538,0.001102645,0.00149299,0.0,0.0,0.0
0.649,0.28695,0.36365,0.3664,0.01517365,0.003239365,0.002951604,0.002136723,0.01072964,0.001102642,0.001492405,0.0,0.0,0.0
0.649,0.28688,0.36375,0.3665,0.0151839,0.003237883,0.002948194,0.00213521,0.01074389,0.001102673,0.001491823,0.0,0.0,0.0
0.649,0.28681,0.36385,0.3666,0.01519416,0.003236435,0.002944788,0.002133698,0.01075813,0.001102737,0.001491245,0.0,0.0,0.0
0.649,0.28673,0.36395,0.3667,0.01520442,0.003235018,0.002941384,0.002132186,0.01077237,0.001102832,0.00149067,0.0,0.0,0.0
0.649,0.28666,0.36405,0.3668,0.01521468,0.003233632,0.002937983,0.002130675,0.0107866,0.001102957,0.001490098,0.0,0.0,0.0
0.649,0.28659,0.36415,0.3669,0.01522494,0.003232275,0.002934584,0.002129165,0.01080082,0.001103109,0.00148953,0.0,0.0,0.0
0.649,0.28651,0.36425,0.367,0.0152352,0.003230944,0.002931189,0.002127656,0.01081505,0.001103288,0.001488966,0.0,0.0,0.0
0.649,0.28644,0.36435,0.3671,0.01524547,0.00322964,0.002927797,0.002126148,0.01082927,0.001103492,0.001488404,0.0,0.0,0.0
0.649,0.28637,0.36446,0.3672,0.01525574,0.003228361,0.002924408,0.002124641,0.01084349,0.001103719,0.001487846,0.0,0.0,0.0
0.649,0.28629,0.36456,0.3673,0.01526601,0.003227105,0.002921021,0.002123135,0.0108577,0.00110397,0.001487292,0.0,0.0,0.0
0.649,0.28622,0.36466,0.3674,0.01527629,0.003225872,0.002917638,0.00212163,0.01087191,0.001104242,0.001486741,0.0,0.0,0.0
0.649,0.28614,0.36476,0.3675,0.01528657,0.00322466,0.002914257,0.002120125,0.01088612,0.001104534,0.001486193,0.0,0.0,0.0
0.649,0.28607,0.36486,0.3676,0.01529686,0.003223469,0.002910879,0.002118622,0.01090033,0.001104847,0.001485648,0.0,0.0,0.0
0.649,0.286,0.36496,0.3677,0.01530715,0.003222298,0.002907504,0.002117119,0.01091454,0.001105179,0.001485107,0.0,0.0,0.0
0.649,0.28592,0.36506,0.3678,0.01531745,0.003221146,0.002904132,0.002115617,0.01092875,0.001105528,0.001484569,0.0,0.0,0.0
0.649,0.28585,0.36516,0.3679,0.01532775,0.003220012,0.002900763,0.002114117,0.01094296,0.001105895,0.001484034,0.0,0.0,0.0
0.649,0.28578,0.36526,0.368,0.01533806,0.003218896,0.002897397,0.002112617,0.01095716,0.001106279,0.001483503,0.0,0.0,0.0
0.649,0.2857,0.36536,0.3681,0.01534838,0.003217797,0.002894034,0.002111118,0.01097137,0.001106679,0.001482975,0.0,0.0,0.0
0.649,0.28563,0.36546,0.3682,0.0153587,0.003216714,0.002890674,0.002109619,0.01098558,0.001107094,0.00148245,0.0,0.0,0.0
0.649,0.28556,0.36556,0.3683,0.01536903,0.003215647,0.002887316,0.002108122,0.01099978,0.001107525,0.001481928,0.0,0.0,0.0
0.649,0.28548,0.36566,0.3684,0.01537936,0.003214595,0.002883962,0.002106626,0.01101399,0.001107969,0.001481409,0.0,0.0,0.0
0.649,0.28541,0.36576,0.3685,0.0153897,0.003213558,0.00288061,0.00210513,0.0110282,0.001108428,0.001480894,0.0,0.0,0.0
0.649,0.28534,0.36587,0.3686,0.01540005,0.003212535,0.002877261,0.002103636,0.01104241,0.0011089,0.001480382,0.0,0.0,0.0
0.649,0.28526,0.36597,0.3687,0.0154104,0.003211527,0.002873916,0.002102142,0.01105662,0.001109385,0.001479873,0.0,0.0,0.0
0.649,0.28519,0.36607,0.3688,0.01542077,0.003210531,0.002870573,0.002100649,0.01107083,0.001109882,0.001479367,0.0,0.0,0.0
0.649,0.28511,0.36617,0.3689,0.01543113,0.003209549,0.002867233,0.002099157,0.01108504,0.001110391,0.001478864,0.0,0.0,0.0
0.649,0.28504,0.36627,0.369,0.01544151,0.003208579,0.002863895,0.002097666,0.01109925,0.001110912,0.001478364,0.0,0.0,0.0
0.649,0.28497,0.36637,0.3691,0.01545189,0.003207621,0.002860561,0.002096176,0.01111347,0.001111445,0.001477867,0.0,0.0,0.0
0.649,0.28489,0.36647,0.3692,0.01546229,0.003206675,0.00285723,0.002094687,0.01112768,0.001111988,0.001477374,0.0,0.0,0.0
0.649,0.28482,0.36657,0.3693,0.01547268,0.003205741,0.002853901,0.002093199,0.0111419,0.001112542,0.001476883,0.0,0.0,0.0
0.649,0.28474,0.36667,0.3694,0.01547254,0.003284836,0.002850576,0.002091711,0.01114556,0.001193125,0.001476395,0.0,0.0,0.0
0.649,0.28467,0.36677,0.3695,0.0154839,0.003281886,0.002847253,0.002090225,0.01116074,0.001191661,0.001475911,0.0,0.0,0.0
0.649,0.2846,0.36687,0.3696,0.01549521,0.003279109,0.002843933,0.002088739,0.01117585,0.00119037,0.001475429,0.0,0.0,0.0
0.649,0.28452,0.36697,0.3697,0.01550647,0.003276485,0.002840616,0.002087254,0.0111909,0.001189231,0.001474951,0.0,0.0,0.0
0.649,0.28445,0.36707,0.3698,0.01551769,0.003273997,0.002837302,0.00208577,0.01120591,0.001188227,0.001474475,0.0,0.0,0.0
0.649,0.28437,0.36717,0.3699,0.01552888,0.003271632,0.00283399,0.002084287,0.01122088,0.001187344,0.001474002,0.0,0.0,0.0
0.649,0.2843,0.36727,0.37,0.01554003,0.003269375,0.002830682,0.002082805,0.01123582,0.00118657,0.001473533,0.0,0.0,0.0
0.649,0.28423,0.36738,0.3701,0.01555116,0.003267217,0.002827376,0.002081324,0.01125072,0.001185893,0.001473066,0.0,0.0,0.0
0.649,0.28415,0.36748,0.3702,0.01556226,0.003265149,0.002824074,0.002079844,0.01126559,0.001185306,0.001472602,0.0,0.0,0.0
0.649,0.28408,0.36758,0.3703,0.01557335,0.003263163,0.002820774,0.002078364,0.01128043,0.001184799,0.001472141,0.0,0.0,0.0
0.649,0.284,0.36768,0.3704,0.01558441,0.003261252,0.002817477,0.002076886,0.01129525,0.001184366,0.001471683,0.0,0.0,0.0
0.649,0.28393,0.36778,0.3705,0.01559547,0.003259409,0.002814183,0.002075408,0.01131006,0.001184001,0.001471228,0.0,0.0,0.0
0.649,0.28386,0.36788,0.3706,0.0156065,0.00325763,0.002810892,0.002073931,0.01132484,0.001183699,0.001470775,0.0,0.0,0.0
0.649,0.28378,0.36798,0.3707,0.01561753,0.00325591,0.002807603,0.002072456,0.0113396,0.001183455,0.001470325,0.0,0.0,0.0
0.649,0.28371,0.36808,0.3708,0.01562855,0.003254244,0.002804318,0.002070981,0.01135435,0.001183264,0.001469879,0.0,0.0,0.0
0.649,0.28363,0.36818,0.3709,0.01563955,0.003252629,0.002801035,0.002069506,0.01136908,0.001183123,0.001469435,0.0,0.0,0.0
0.649,0.28356,0.36828,0.371,0.01565056,0.003251061,0.002797756,0.002068033,0.01138381,0.001183028,0.001468993,0.0,0.0,0.0
0.649,0.28349,0.36838,0.3711,0.01566155,0.003249538,0.002794479,0.002066561,0.01139852,0.001182977,0.001468555,0.0,0.0,0.0
0.649,0.28341,0.36848,0.3712,0.01567254,0.003248056,0.002791204,0.002065089,0.01141322,0.001182966,0.001468119,0.0,0.0,0.0
0.649,0.28334,0.36858,0.3713,0.01568353,0.003246613,0.002787933,0.002063619,0.01142791,0.001182994,0.001467686,0.0,0.0,0.0
0.649,0.28326,0.36868,0.3714,0.01569451,0.003245206,0.002784665,0.002062149,0.01144259,0.001183057,0.001467256,0.0,0.0,0.0
0.649,0.28319,0.36879,0.3715,0.01570549,0.003243835,0.002781399,0.002060681,0.01145726,0.001183154,0.001466829,0.0,0.0,0.0
0.649,0.28311,0.36889,0.3716,0.01571646,0.003242496,0.002778137,0.002059213,0.01147192,0.001183283,0.001466404,0.0,0.0,0.0
0.649,0.28304,0.36899,0.3717,0.01572744,0.003241188,0.002774877,0.002057746,0.01148658,0.001183442,0.001465982,0.0,0.0,0.0
0.649,0.28297,0.36909,0.3718,0.01573842,0.003239909,0.00277162,0.002056279,0.01150124,0.00118363,0.001465562,0.0,0.0,0.0
0.649,0.28289,0.36919,0.3719,0.01574939,0.003238659,0.002768366,0.002054814,0.01151588,0.001183845,0.001465145,0.0,0.0,0.0
0.649,0.28282,0.36929,0.372,0.01576037,0.003237435,0.002765114,0.00205335,0.01153052,0.001184085,0.001464731,0.0,0.0,0.0
0.649,0.28274,0.36939,0.3721,0.01577135,0.003236236,0.002761866,0.002051886,0.01154516,0.00118435,0.001464319,0.0,0.0,0.0
0.649,0.28267,0.36949,0.3722,0.01578233,0.003235062,0.00275862,0.002050424,0.0115598,0.001184638,0.00146391,0.0,0.0,0.0
0.649,0.28259,0.36959,0.3723,0.01579331,0.003233911,0.002755377,0.002048962,0.01157443,0.001184949,0.001463504,0.0,0.0,0.0
0.649,0.28252,0.36969,0.3724,0.01580429,0.003232782,0.002752137,0.002047501,0.01158905,0.00118528,0.0014631,0.0,0.0,0.0
0.649,0.28244,0.36979,0.3725,0.01581527,0.003231674,0.0027489,0.002046041,0.01160368,0.001185632,0.001462699,0.0,0.0,0.0
0.649,0.28237,0.36989,0.3726,0.01582626,0.003230586,0.002745666,0.002044582,0.0116183,0.001186004,0.0014623,0.0,0.0,0.0
0.649,0.2823,0.36999,0.3727,0.01583725,0.003229518,0.002742434,0.002043124,0.01163291,0.001186394,0.001461904,0.0,0.0,0.0
0.649,0.28222,0.37009,0.3728,0.01584825,0.003228468,0.002739205,0.002041667,0.01164753,0.001186801,0.00146151,0.0,0.0,0.0
0.649,0.28215,0.3702,0.3729,0.01585924,0.003227437,0.00273598,0.00204021,0.01166214,0.001187226,0.001461119,0.0,0.0,0.0
0.649,0.28207,0.3703,0.373,0.01587024,0.003226423,0.002732757,0.002038755,0.01167676,0.001187668,0.00146073,0.0,0.0,0.0
0.649,0.282,0.3704,0.3731,0.01588125,0.003225425,0.002729536,0.0020373,0.01169137,0.001188125,0.001460344,0.0,0.0,0.0
0.649,0.28192,0.3705,0.3732,0.01589226,0.003224444,0.002726319,0.002035846,0.01170598,0.001188598,0.00145996,0.0,0.0,0.0
0.649,0.28185,0.3706,0.3733,0.01590327,0.003223479,0.002723104,0.002034394,0.01172059,0.001189085,0.001459578,0.0,0.0,0.0
0.649,0.28177,0.3707,0.3734,0.01591429,0.003222528,0.002719893,0.002032942,0.0117352,0.001189587,0.001459199,0.0,0.0,0.0
0.649,0.2817,0.3708,0.3735,0.01592531,0.003221592,0.002716684,0.00203149,0.01174981,0.001190102,0.001458823,0.0,0.0,0.0
0.649,0.28162,0.3709,0.3736,0.01593634,0.003220671,0.002713477,0.00203004,0.01176441,0.00119063,0.001458448,0.0,0.0,0.0
0.649,0.28155,0.371,0.3737,0.01594737,0.003219762,0.002710274,0.002028591,0.01177902,0.001191172,0.001458077,0.0,0.0,0.0
0.649,0.28147,0.3711,0.3738,0.01595841,0.003218867,0.002707073,0.002027142,0.01179363,0.001191725,0.001457707,0.0,0.0,0.0
0.649,0.2814,0.3712,0.3739,0.01596945,0.003217985,0.002703876,0.002025695,0.01180823,0.001192291,0.00145734,0.0,0.0,0.0
0.649,0.28133,0.3713,0.374,0.0159805,0.003217116,0.002700681,0.002024248,0.01182284,0.001192868,0.001456975,0.0,0.0,0.0
0.649,0.28125,0.3714,0.3741,0.01599155,0.003216258,0.002697489,0.002022802,0.01183745,0.001193456,0.001456613,0.0,0.0,0.0
0.649,0.28118,0.3715,0.3742,0.01600261,0.003215413,0.002694299,0.002021357,0.01185206,0.001194056,0.001456253,0.0,0.0,0.0
0.649,0.2811,0.37161,0.3743,0.01600073,0.003295143,0.002691113,0.002019913,0.01185373,0.00127523,0.001455895,0.0,0.0,0.0
0.649,0.28103,0.37171,0.3744,0.0160128,0.003292267,0.002687929,0.00201847,0.01186933,0.001273797,0.001455539,0.0,0.0,0.0
0.649,0.28095,0.37181,0.3745,0.0160248,0.003289565,0.002684748,0.002017027,0.01188486,0.001272538,0.001455186,0.0,0.0,0.0
0.649,0.28088,0.37191,0.3746,0.01603674,0.003287017,0.00268157,0.002015586,0.01190034,0.001271431,0.001454835,0.0,0.0,0.0
0.649,0.2808,0.37201,0.3747,0.01604865,0.003284605,0.002678395,0.002014145,0.01191577,0.00127046,0.001454486,0.0,0.0,0.0
0.649,0.28073,0.37211,0.3748,0.01606051,0.003282316,0.002675222,0.002012705,0.01193115,0.001269611,0.001454139,0.0,0.0,0.0
0.649,0.28065,0.37221,0.3749,0.01607234,0.003280137,0.002672052,0.002011266,0.01194649,0.001268871,0.001453794,0.0,0.0,0.0
0.649,0.28058,0.37231,0.375,0.01608414,0.003278058,0.002668885,0.002009828,0.0119618,0.00126823,0.001453452,0.0,0.0,0.0
0.649,0.2805,0.37241,0.3751,0.01609591,0.003276069,0.002665721,0.002008391,0.01197707,0.001267677,0.001453112,0.0,0.0,0.0
0.649,0.28043,0.37251,0.3752,0.01610765,0.003274162,0.00266256,0.002006955,0.01199232,0.001267207,0.001452774,0.0,0.0,0.0
0.649,0.28035,0.37261,0.3753,0.01611938,0.00327233,0.002659401,0.00200552,0.01200754,0.001266811,0.001452438,0.0,0.0,0.0
0.649,0.28028,0.37271,0.3754,0.01613109,0.003270568,0.002656245,0.002004085,0.01202274,0.001266483,0.001452105,0.0,0.0,0.0
0.649,0.2802,0.37281,0.3755,0.01614278,0.00326887,0.002653092,0.002002651,0.01203791,0.001266219,0.001451773,0.0,0.0,0.0
0.649,0.28013,0.37291,0.3756,0.01615445,0.003267231,0.002649942,0.002001219,0.01205307,0.001266013,0.001451443,0.0,0.0,0.0
0.649,0.28005,0.37302,0.3757,0.01616611,0.003265647,0.002646794,0.001999787,0.0120682,0.001265861,0.001451116,0.0,0.0,0.0
0.649,0.27998,0.37312,0.3758,0.01617776,0.003264114,0.002643649,0.001998356,0.01208332,0.001265759,0.001450791,0.0,0.0,0.0
0.649,0.2799,0.37322,0.3759,0.0161894,0.003262629,0.002640507,0.001996925,0.01209843,0.001265704,0.001450467,0.0,0.0,0.0
0.649,0.27983,0.37332,0.376,0.01620104,0.003261189,0.002637368,0.001995496,0.01211352,0.001265693,0.001450146,0.0,0.0,0.0
0.649,0.27975,0.37342,0.3761,0.01621266,0.003259791,0.002634232,0.001994068,0.0121286,0.001265723,0.001449827,0.0,0.0,0.0
0.649,0.27967,0.37352,0.3762,0.01622428,0.003258432,0.002631098,0.00199264,0.01214367,0.001265792,0.00144951,0.0,0.0,0.0
0.649,0.2796,0.37362,0.3763,0.01623589,0.00325711,0.002627967,0.001991213,0.01215872,0.001265897,0.001449195,0.0,0.0,0.0
0.649,0.27952,0.37372,0.3764,0.01624749,0.003255823,0.002624839,0.001989787,0.01217377,0.001266035,0.001448881,0.0,0.0,0.0
0.649,0.27945,0.37382,0.3765,0.01625909,0.003254569,0.002621713,0.001988362,0.01218881,0.001266207,0.00144857,0.0,0.0,0.0
0.649,0.27937,0.37392,0.3766,0.01627069,0.003253347,0.002618591,0.001986938,0.01220384,0.001266408,0.001448261,0.0,0.0,0.0
0.649,0.2793,0.37402,0.3767,0.01628228,0.003252154,0.002615471,0.001985515,0.01221886,0.001266639,0.001447954,0.0,0.0,0.0
0.649,0.27922,0.37412,0.3768,0.01629388,0.003250989,0.002612354,0.001984093,0.01223387,0.001266897,0.001447648,0.0,0.0,0.0
0.649,0.27915,0.37422,0.3769,0.01630547,0.003249852,0.002609239,0.001982671,0.01224888,0.001267181,0.001447345,0.0,0.0,0.0
0.649,0.27907,0.37433,0.377,0.01631705,0.00324874,0.002606128,0.00198125,0.01226388,0.001267489,0.001447043,0.0,0.0,0.0
0.649,0.279,0.37443,0.3771,0.01632864,0.003247652,0.002603019,0.001979831,0.01227888,0.001267821,0.001446743,0.0,0.0,0.0
0.649,0.27892,0.37453,0.3772,0.01634023,0.003246588,0.002599913,0.001978412,0.01229387,0.001268176,0.001446446,0.0,0.0,0.0
0.649,0.27885,0.37463,0.3773,0.01635181,0.003245546,0.002596809,0.001976994,0.01230886,0.001268552,0.00144615,0.0,0.0,0.0
0.649,0.27877,0.37473,0.3774,0.0163634,0.003244526,0.002593709,0.001975576,0.01232384,0.001268949,0.001445855,0.0,0.0,0.0
0.649,0.27869,0.37483,0.3775,0.01637499,0.003243526,0.002590611,0.00197416,0.01233881,0.001269366,0.001445563,0.0,0.0,0.0
0.649,0.27862,0.37493,0.3776,0.01638657,0.003242545,0.002587515,0.001972745,0.01235379,0.001269801,0.001445273,0.0,0.0,0.0
0.649,0.27854,0.37503,0.3777,0.01639816,0.003241584,0.002584423,0.00197133,0.01236876,0.001270254,0.001444984,0.0,0.0,0.0
0.649,0.27847,0.37513,0.3778,0.01640975,0.003240641,0.002581333,0.001969916,0.01238372,0.001270725,0.001444697,0.0,0.0,0.0
0.649,0.27839,0.37523,0.3779,0.01642134,0.003239716,0.002578246,0.001968503,0.01239868,0.001271212,0.001444412,0.0,0.0,0.0
0.649,0.27832,0.37533,0.378,0.01643294,0.003238807,0.002575162,0.001967091,0.01241364,0.001271716,0.001444129,0.0,0.0,0.0
0.649,0.27824,0.37543,0.3781,0.01644453,0.003237915,0.002572081,0.00196568,0.0124286,0.001272235,0.001443847,0.0,0.0,0.0
0.649,0.27817,0.37553,0.3782,0.01645613,0.003237038,0.002569002,0.00196427,0.01244356,0.001272769,0.001443567,0.0,0.0,0.0
0.649,0.27809,0.37563,0.3783,0.01646772,0.003236177,0.002565926,0.00196286,0.01245851,0.001273317,0.001443289,0.0,0.0,0.0
0.649,0.27801,0.37574,0.3784,0.01647933,0.003235331,0.002562852,0.001961452,0.01247346,0.001273879,0.001443013,0.0,0.0,0.0
0.649,0.27794,0.37584,0.3785,0.01649093,0.003234498,0.002559782,0.001960044,0.01248841,0.001274454,0.001442738,0.0,0.0,0.0
0.649,0.27786,0.37594,0.3786,0.01650254,0.00323368,0.002556714,0.001958637,0.01250336,0.001275043,0.001442465,0.0,0.0,0.0
0.649,0.27779,0.37604,0.3787,0.01651415,0.003232875,0.002553649,0.001957231,0.0125183,0.001275644,0.001442194,0.0,0.0,0.0
0.649,0.27771,0.37614,0.3788,0.01652576,0.003232082,0.002550586,0.001955826,0.01253325,0.001276257,0.001441924,0.0,0.0,0.0
0.649,0.27764,0.37624,0.3789,0.01653737,0.003231303,0.002547527,0.001954421,0.01254819,0.001276882,0.001441656,0.0,0.0,0.0
0.649,0.27756,0.37634,0.379,0.01654899,0.003230535,0.00254447,0.001953018,0.01256313,0.001277518,0.001441389,0.0,0.0,0.0
0.649,0.27748,0.37644,0.3791,0.01654461,0.003312353,0.002541415,0.001951615,0.01256207,0.001360737,0.001441124,0.0,0.0,0.0
0.649,0.27741,0.37654,0.3792,0.01655732,0.0033094,0.002538364,0.001950213,0.0125781,0.001359186,0.001440861,0.0,0.0,0.0
0.649,0.27733,0.37664,0.3793,0.01656996,0.00330664,0.002535315,0.001948812,0.01259405,0.001357828,0.0014406,0.0,0.0,0.0
0.649,0.27726,0.37674,0.3794,0.01658254,0.00330405,0.002532269,0.001947412,0.01260993,0.001356638,0.00144034,0.0,0.0,0.0
0.649,0.27718,0.37684,0.3795,0.01659507,0.003301611,0.002529225,0.001946013,0.01262576,0.001355598,0.001440081,0.0,0.0,0.0
0.649,0.2771,0.37694,0.3796,0.01660754,0.003299306,0.002526185,0.001944615,0.01264153,0.001354691,0.001439824,0.0,0.0,0.0
0.649,0.27703,0.37704,0.3797,0.01661997,0.003297121,0.002523146,0.001943217,0.01265725,0.001353904,0.001439569,0.0,0.0,0.0
0.649,0.27695,0.37715,0.3798,0.01663236,0.003295043,0.002520111,0.00194182,0.01267294,0.001353223,0.001439315,0.0,0.0,0.0
0.649,0.27688,0.37725,0.3799,0.01664472,0.003293064,0.002517078,0.001940425,0.01268858,0.001352639,0.001439062,0.0,0.0,0.0
0.649,0.2768,0.37735,0.38,0.01665705,0.003291174,0.002514049,0.00193903,0.01270419,0.001352144,0.001438811,0.0,0.0,0.0
0.649,0.27672,0.37745,0.3801,0.01666935,0.003289364,0.002511021,0.001937635,0.01271977,0.001351729,0.001438562,0.0,0.0,0.0
0.649,0.27665,0.37755,0.3802,0.01668163,0.00328763,0.002507997,0.001936242,0.01273532,0.001351388,0.001438314,0.0,0.0,0.0
0.649,0.27657,0.37765,0.3803,0.01669389,0.003285964,0.002504975,0.00193485,0.01275085,0.001351114,0.001438068,0.0,0.0,0.0
0.649,0.2765,0.37775,0.3804,0.01670613,0.003284361,0.002501956,0.001933458,0.01276635,0.001350903,0.001437823,0.0,0.0,0.0
0.649,0.27642,0.37785,0.3805,0.01671835,0.003282817,0.002498939,0.001932067,0.01278183,0.001350749,0.001437579,0.0,0.0,0.0
0.649,0.27634,0.37795,0.3806,0.01673055,0.003281327,0.002495925,0.001930677,0.01279729,0.00135065,0.001437337,0.0,0.0,0.0
0.649,0.27627,0.37805,0.3807,0.01674274,0.003279888,0.002492914,0.001929288,0.01281273,0.0013506,0.001437096,0.0,0.0,0.0
0.649,0.27619,0.37815,0.3808,0.01675492,0.003278497,0.002489906,0.0019279,0.01282816,0.001350597,0.001436857,0.0,0.0,0.0
0.649,0.27612,0.37825,0.3809,0.01676708,0.00327715,0.0024869,0.001926513,0.01284356,0.001350637,0.001436619,0.0,0.0,0.0
0.649,0.27604,0.37835,0.381,0.01677924,0.003275844,0.002483897,0.001925126,0.01285896,0.001350718,0.001436382,0.0,0.0,0.0
0.649,0.27596,0.37845,0.3811,0.01679138,0.003274578,0.002480896,0.001923741,0.01287434,0.001350837,0.001436147,0.0,0.0,0.0
0.649,0.27589,0.37856,0.3812,0.01680352,0.003273349,0.002477899,0.001922356,0.01288971,0.001350993,0.001435913,0.0,0.0,0.0
0.649,0.27581,0.37866,0.3813,0.01681565,0.003272154,0.002474904,0.001920972,0.01290507,0.001351182,0.00143568,0.0,0.0,0.0
0.649,0.27574,0.37876,0.3814,0.01682778,0.003270992,0.002471911,0.001919589,0.01292042,0.001351404,0.001435449,0.0,0.0,0.0
0.649,0.27566,0.37886,0.3815,0.01683989,0.003269862,0.002468921,0.001918206,0.01293575,0.001351656,0.001435219,0.0,0.0,0.0
0.649,0.27558,0.37896,0.3816,0.016852,0.003268761,0.002465934,0.001916825,0.01295108,0.001351936,0.00143499,0.0,0.0,0.0
0.649,0.27551,0.37906,0.3817,0.01686411,0.003267689,0.00246295,0.001915444,0.0129664,0.001352245,0.001434763,0.0,0.0,0.0
0.649,0.27543,0.37916,0.3818,0.01687621,0.003266643,0.002459968,0.001914064,0.01298171,0.001352579,0.001434537,0.0,0.0,0.0
0.649,0.27535,0.37926,0.3819,0.01688831,0.003265623,0.002456989,0.001912685,0.01299701,0.001352937,0.001434312,0.0,0.0,0.0
0.649,0.27528,0.37936,0.382,0.01690041,0.003264627,0.002454013,0.001911307,0.01301231,0.00135332,0.001434088,0.0,0.0,0.0
0.649,0.2752,0.37946,0.3821,0.0169125,0.003263654,0.002451039,0.00190993,0.01302759,0.001353724,0.001433866,0.0,0.0,0.0
0.649,0.27512,0.37956,0.3822,0.01692459,0.003262704,0.002448068,0.001908554,0.01304288,0.00135415,0.001433645,0.0,0.0,0.0
0.649,0.27505,0.37966,0.3823,0.01693668,0.003261775,0.002445099,0.001907178,0.01305815,0.001354597,0.001433425,0.0,0.0,0.0
0.649,0.27497,0.37976,0.3824,0.01694876,0.003260867,0.002442134,0.001905803,0.01307342,0.001355064,0.001433206,0.0,0.0,0.0
0.649,0.27489,0.37987,0.3825,0.01696084,0.003259978,0.00243917,0.001904429,0.01308869,0.001355549,0.001432988,0.0,0.0,0.0
0.649,0.27482,0.37997,0.3826,0.01697293,0.003259108,0.00243621,0.001903056,0.01310395,0.001356052,0.001432772,0.0,0.0,0.0
0.649,0.27474,0.38007,0.3827,0.01698501,0.003258257,0.002433252,0.001901684,0.0131192,0.001356573,0.001432556,0.0,0.0,0.0
0.649,0.27467,0.38017,0.3828,0.01699709,0.003257423,0.002430297,0.001900312,0.01313445,0.00135711,0.001432342,0.0,0.0,0.0
0.649,0.27459,0.38027,0.3829,0.01700917,0.003256606,0.002427344,0.001898942,0.0131497,0.001357664,0.001432129,0.0,0.0,0.0
0.649,0.27451,0.38037,0.383,0.01702125,0.003255805,0.002424394,0.001897572,0.01316494,0.001358233,0.001431917,0.0,0.0,0.0
0.649,0.27444,0.38047,0.3831,0.01703333,0.00325502,0.002421447,0.001896203,0.01318018,0.001358817,0.001431706,0.0,0.0,0.0
0.649,0.27436,0.38057,0.3832,0.01704541,0.00325425,0.002418502,0.001894835,0.01319541,0.001359415,0.001431497,0.0,0.0,0.0
0.649,0.27428,0.38067,0.3833,0.01705749,0.003253495,0.00241556,0.001893468,0.01321064,0.001360027,0.001431288,0.0,0.0,0.0
0.649,0.27421,0.38077,0.3834,0.01706957,0.003252754,0.002412621,0.001892101,0.01322587,0.001360653,0.001431081,0.0,0.0,0.0
0.649,0.27413,0.38087,0.3835,0.01708165,0.003252027,0.002409684,0.001890736,0.01324109,0.001361291,0.001430874,0.0,0.0,0.0
0.649,0.27405,0.38097,0.3836,0.01709373,0.003251313,0.00240675,0.001889371,0.01325632,0.001361942,0.001430669,0.0,0.0,0.0
0.649,0.27398,0.38107,0.3837,0.01710582,0.003250612,0.002403819,0.001888007,0.01327153,0.001362605,0.001430464,0.0,0.0,0.0
0.649,0.2739,0.38117,0.3838,0.0171179,0.003249924,0.00240089,0.001886644,0.01328675,0.00136328,0.001430261,0.0,0.0,0.0
0.649,0.27382,0.38128,0.3839,0.01712999,0.003249248,0.002397963,0.001885281,0.01330196,0.001363966,0.001430058,0.0,0.0,0.0
0.649,0.27375,0.38138,0.384,0.01712452,0.003330157,0.00239504,0.00188392,0.01329962,0.001446237,0.001429857,0.0,0.0,0.0
0.649,0.27367,0.38148,0.3841,0.01713769,0.003327369,0.002392119,0.001882559,0.01331592,0.001444809,0.001429657,0.0,0.0,0.0
0.649,0.27359,0.38158,0.3842,0.0171508,0.003324764,0.0023892,0.0018812,0.01333214,0.001443564,0.001429457,0.0,0.0,0.0
0.649,0.27351,0.38168,0.3843,0.01716383,0.003322321,0.002386285,0.001879841,0.01334829,0.00144248,0.001429259,0.0,0.0,0.0
0.649,0.27344,0.38178,0.3844,0.01717681,0.00332002,0.002383372,0.001878482,0.01336438,0.001441538,0.001429061,0.0,0.0,0.0
0.649,0.27336,0.38188,0.3845,0.01718974,0.003317848,0.002380461,0.001877125,0.01338042,0.001440723,0.001428865,0.0,0.0,0.0
0.649,0.27328,0.38198,0.3846,0.01720263,0.003315792,0.002377553,0.001875768,0.0133964,0.001440023,0.001428669,0.0,0.0,0.0
0.649,0.27321,0.38208,0.3847,0.01721547,0.003313838,0.002374648,0.001874413,0.01341235,0.001439426,0.001428475,0.0,0.0,0.0
0.649,0.27313,0.38218,0.3848,0.01722828,0.00331198,0.002371745,0.001873058,0.01342826,0.001438922,0.001428281,0.0,0.0,0.0
0.649,0.27305,0.38228,0.3849,0.01724106,0.003310207,0.002368845,0.001871704,0.01344413,0.001438503,0.001428088,0.0,0.0,0.0
0.649,0.27298,0.38238,0.385,0.01725381,0.003308512,0.002365947,0.001870351,0.01345996,0.001438162,0.001427896,0.0,0.0,0.0
0.649,0.2729,0.38248,0.3851,0.01726653,0.00330689,0.002363053,0.001868998,0.01347577,0.001437892,0.001427705,0.0,0.0,0.0
0.649,0.27282,0.38258,0.3852,0.01727923,0.003305335,0.00236016,0.001867647,0.01349155,0.001437688,0.001427515,0.0,0.0,0.0
0.649,0.27274,0.38269,0.3853,0.01729191,0.00330384,0.00235727,0.001866296,0.01350731,0.001437545,0.001427325,0.0,0.0,0.0
0.649,0.27267,0.38279,0.3854,0.01730456,0.003302403,0.002354383,0.001864946,0.01352304,0.001437458,0.001427137,0.0,0.0,0.0
0.649,0.27259,0.38289,0.3855,0.0173172,0.00330102,0.002351499,0.001863597,0.01353875,0.001437423,0.001426949,0.0,0.0,0.0
0.649,0.27251,0.38299,0.3856,0.01732983,0.003299685,0.002348617,0.001862248,0.01355445,0.001437437,0.001426762,0.0,0.0,0.0
0.649,0.27244,0.38309,0.3857,0.01734243,0.003298397,0.002345738,0.001860901,0.01357012,0.001437496,0.001426576,0.0,0.0,0.0
0.649,0.27236,0.38319,0.3858,0.01735503,0.003297152,0.002342861,0.001859554,0.01358578,0.001437598,0.00142639,0.0,0.0,0.0
0.649,0.27228,0.38329,0.3859,0.01736761,0.003295948,0.002339987,0.001858208,0.01360142,0.00143774,0.001426206,0.0,0.0,0.0
0.649,0.27221,0.38339,0.386,0.01738018,0.003294782,0.002337115,0.001856863,0.01361704,0.001437919,0.001426022,0.0,0.0,0.0
0.649,0.27213,0.38349,0.3861,0.01739274,0.003293653,0.002334246,0.001855519,0.01363265,0.001438134,0.001425839,0.0,0.0,0.0
0.649,0.27205,0.38359,0.3862,0.01740529,0.003292558,0.00233138,0.001854176,0.01364825,0.001438382,0.001425657,0.0,0.0,0.0
0.649,0.27197,0.38369,0.3863,0.01741783,0.003291495,0.002328516,0.001852833,0.01366384,0.001438662,0.001425475,0.0,0.0,0.0
0.649,0.2719,0.38379,0.3864,0.01743036,0.003290462,0.002325655,0.001851491,0.01367941,0.001438971,0.001425295,0.0,0.0,0.0
0.649,0.27182,0.38389,0.3865,0.01744289,0.003289459,0.002322796,0.00185015,0.01369498,0.001439309,0.001425114,0.0,0.0,0.0
0.649,0.27174,0.384,0.3866,0.0174554,0.003288484,0.00231994,0.00184881,0.01371053,0.001439673,0.001424935,0.0,0.0,0.0
0.649,0.27166,0.3841,0.3867,0.01746792,0.003287534,0.002317086,0.001847471,0.01372607,0.001440064,0.001424756,0.0,0.0,0.0
0.649,0.27159,0.3842,0.3868,0.01748042,0.00328661,0.002314235,0.001846132,0.01374161,0.001440478,0.001424578,0.0,0.0,0.0
0.649,0.27151,0.3843,0.3869,0.01749292,0.00328571,0.002311387,0.001844794,0.01375713,0.001440916,0.001424401,0.0,0.0,0.0
0.649,0.27143,0.3844,0.387,0.01750541,0.003284833,0.002308541,0.001843457,0.01377265,0.001441376,0.001424224,0.0,0.0,0.0
0.649,0.27135,0.3845,0.3871,0.0175179,0.003283978,0.002305698,0.001842121,0.01378816,0.001441857,0.001424048,0.0,0.0,0.0
0.649,0.27128,0.3846,0.3872,0.01753039,0.003283144,0.002302857,0.001840786,0.01380366,0.001442358,0.001423873,0.0,0.0,0.0
0.649,0.2712,0.3847,0.3873,0.01754287,0.003282331,0.002300019,0.001839452,0.01381915,0.001442879,0.001423698,0.0,0.0,0.0
0.649,0.27112,0.3848,0.3874,0.01755535,0.003281536,0.002297183,0.001838118,0.01383464,0.001443419,0.001423524,0.0,0.0,0.0
0.649,0.27104,0.3849,0.3875,0.01756782,0.003280761,0.00229435,0.001836785,0.01385012,0.001443976,0.001423351,0.0,0.0,0.0
0.649,0.27097,0.385,0.3876,0.01758029,0.003280003,0.00229152,0.001835453,0.0138656,0.00144455,0.001423178,0.0,0.0,0.0
0.649,0.27089,0.3851,0.3877,0.01759276,0.003279263,0.002288692,0.001834122,0.01388106,0.001445141,0.001423006,0.0,0.0,0.0
0.649,0.27081,0.3852,0.3878,0.01760523,0.003278539,0.002285866,0.001832791,0.01389653,0.001445748,0.001422834,0.0,0.0,0.0
0.649,0.27073,0.3853,0.3879,0.01761769,0.003277832,0.002283044,0.001831461,0.01391198,0.00144637,0.001422663,0.0,0.0,0.0
0.649,0.27066,0.38541,0.388,0.01763015,0.00327714,0.002280223,0.001830133,0.01392744,0.001447007,0.001422492,0.0,0.0,0.0
0.649,0.27058,0.38551,0.3881,0.01764261,0.003276463,0.002277406,0.001828804,0.01394288,0.001447658,0.001422322,0.0,0.0,0.0
0.649,0.2705,0.38561,0.3882,0.01765507,0.003275801,0.00227459,0.001827477,0.01395832,0.001448323,0.001422152,0.0,0.0,0.0
0.649,0.27042,0.38571,0.3883,0.01766752,0.003275152,0.002271778,0.001826151,0.01397376,0.001449002,0.001421983,0.0,0.0,0.0
0.649,0.27035,0.38581,0.3884,0.01767998,0.003274518,0.002268968,0.001824825,0.01398919,0.001449693,0.001421815,0.0,0.0,0.0
0.649,0.27027,0.38591,0.3885,0.01769243,0.003273896,0.00226616,0.0018235,0.01400462,0.001450396,0.001421647,0.0,0.0,0.0
0.649,0.27019,0.38601,0.3886,0.01770488,0.003273288,0.002263355,0.001822176,0.01402004,0.001451112,0.00142148,0.0,0.0,0.0
0.649,0.27011,0.38611,0.3887,0.01771733,0.003272692,0.002260552,0.001820853,0.01403546,0.001451839,0.001421313,0.0,0.0,0.0
0.649,0.27004,0.38621,0.3888,0.01770999,0.003354179,0.002257752,0.00181953,0.01403109,0.001534649,0.001421146,0.0,0.0,0.0
0.649,0.26996,0.38631,0.3889,0.01772359,0.003351399,0.002254955,0.001818209,0.01404765,0.00153319,0.00142098,0.0,0.0,0.0
0.649,0.26988,0.38641,0.389,0.0177371,0.003348811,0.00225216,0.001816888,0.01406412,0.001531924,0.001420814,0.0,0.0,0.0
0.649,0.2698,0.38651,0.3891,0.01775054,0.003346393,0.002249368,0.001815568,0.01408052,0.001530825,0.001420649,0.0,0.0,0.0
0.649,0.26972,0.38661,0.3892,0.01776391,0.003344124,0.002246578,0.001814249,0.01409685,0.001529876,0.001420485,0.0,0.0,0.0
0.649,0.26965,0.38672,0.3893,0.01777723,0.003341989,0.00224379,0.00181293,0.01411312,0.001529059,0.00142032,0.0,0.0,0.0
0.649,0.26957,0.38682,0.3894,0.0177905,0.003339974,0.002241006,0.001811612,0.01412934,0.001528361,0.001420156,0.0,0.0,0.0
0.649,0.26949,0.38692,0.3895,0.01780372,0.003338066,0.002238223,0.001810295,0.01414551,0.001527771,0.001419993,0.0,0.0,0.0
0.649,0.26941,0.38702,0.3896,0.01781691,0.003336256,0.002235443,0.001808979,0.01416163,0.001527277,0.00141983,0.0,0.0,0.0
0.649,0.26933,0.38712,0.3897,0.01783005,0.003334536,0.002232666,0.001807664,0.01417772,0.001526872,0.001419667,0.0,0.0,0.0
0.649,0.26926,0.38722,0.3898,0.01784317,0.003332896,0.002229891,0.00180635,0.01419377,0.001526547,0.001419505,0.0,0.0,0.0
0.649,0.26918,0.38732,0.3899,0.01785625,0.003331332,0.002227119,0.001805036,0.01420979,0.001526296,0.001419343,0.0,0.0,0.0
0.649,0.2691,0.38742,0.39,0.01786931,0.003329836,0.002224349,0.001803723,0.01422577,0.001526113,0.001419181,0.0,0.0,0.0
0.649,0.26902,0.38752,0.3901,0.01788234,0.003328403,0.002221582,0.001802411,0.01424173,0.001525992,0.00141902,0.0,0.0,0.0
0.649,0.26894,0.38762,0.3902,0.01789534,0.003327029,0.002218817,0.001801099,0.01425767,0.00152593,0.001418859,0.0,0.0,0.0
0.649,0.26887,0.38772,0.3903,0.01790833,0.00332571,0.002216055,0.001799789,0.01427357,0.001525921,0.001418699,0.0,0.0,0.0
0.649,0.26879,0.38782,0.3904,0.01792129,0.003324441,0.002213295,0.001798479,0.01428946,0.001525962,0.001418538,0.0,0.0,0.0
0.649,0.26871,0.38792,0.3905,0.01793424,0.00332322,0.002210538,0.00179717,0.01430532,0.00152605,0.001418378,0.0,0.0,0.0
0.649,0.26863,0.38803,0.3906,0.01794717,0.003322044,0.002207783,0.001795862,0.01432117,0.001526182,0.001418219,0.0,0.0,0.0
0.649,0.26855,0.38813,0.3907,0.01796009,0.003320909,0.002205031,0.001794554,0.014337,0.001526355,0.001418059,0.0,0.0,0.0
0.649,0.26848,0.38823,0.3908,0.01797299,0.003319814,0.002202281,0.001793248,0.01435281,0.001526566,0.0014179,0.0,0.0,0.0
0.649,0.2684,0.38833,0.3909,0.01798588,0.003318755,0.002199534,0.001791942,0.0143686,0.001526813,0.001417742,0.0,0.0,0.0
0.649,0.26832,0.38843,0.391,0.01799875,0.003317732,0.002196789,0.001790637,0.01438438,0.001527095,0.001417583,0.0,0.0,0.0
0.649,0.26824,0.38853,0.3911,0.01801161,0.003316741,0.002194047,0.001789333,0.01440014,0.001527409,0.001417425,0.0,0.0,0.0
0.649,0.26816,0.38863,0.3912,0.01802447,0.003315782,0.002191307,0.001788029,0.01441589,0.001527753,0.001417267,0.0,0.0,0.0
0.649,0.26809,0.38873,0.3913,0.01803731,0.003314853,0.00218857,0.001786726,0.01443163,0.001528127,0.001417109,0.0,0.0,0.0
0.649,0.26801,0.38883,0.3914,0.01805014,0.003313952,0.002185835,0.001785425,0.01444735,0.001528527,0.001416951,0.0,0.0,0.0
0.649,0.26793,0.38893,0.3915,0.01806296,0.003313078,0.002183103,0.001784123,0.01446307,0.001528954,0.001416794,0.0,0.0,0.0
0.649,0.26785,0.38903,0.3916,0.01807578,0.003312229,0.002180373,0.001782823,0.01447877,0.001529406,0.001416637,0.0,0.0,0.0
0.649,0.26777,0.38913,0.3917,0.01808858,0.003311405,0.002177646,0.001781523,0.01449446,0.001529881,0.00141648,0.0,0.0,0.0
0.649,0.26769,0.38923,0.3918,0.01810138,0.003310604,0.002174921,0.001780225,0.01451014,0.001530379,0.001416323,0.0,0.0,0.0
0.649,0.26762,0.38933,0.3919,0.01811417,0.003309825,0.002172198,0.001778927,0.01452581,0.001530899,0.001416166,0.0,0.0,0.0
0.649,0.26754,0.38944,0.392,0.01812696,0.003309068,0.002169478,0.001777629,0.01454147,0.001531439,0.00141601,0.0,0.0,0.0
0.649,0.26746,0.38954,0.3921,0.01813974,0.003308332,0.002166761,0.001776333,0.01455712,0.001531999,0.001415854,0.0,0.0,0.0
0.649,0.26738,0.38964,0.3922,0.01815251,0.003307615,0.002164046,0.001775037,0.01457277,0.001532578,0.001415698,0.0,0.0,0.0
0.649,0.2673,0.38974,0.3923,0.01816528,0.003306917,0.002161333,0.001773742,0.0145884,0.001533175,0.001415542,0.0,0.0,0.0
0.649,0.26722,0.38984,0.3924,0.01817804,0.003306238,0.002158623,0.001772448,0.01460403,0.00153379,0.001415386,0.0,0.0,0.0
0.649,0.26714,0.38994,0.3925,0.01819079,0.003305576,0.002155915,0.001771155,0.01461965,0.001534421,0.00141523,0.0,0.0,0.0
0.649,0.26707,0.39004,0.3926,0.01820354,0.003304931,0.00215321,0.001769862,0.01463526,0.001535068,0.001415074,0.0,0.0,0.0
0.649,0.26699,0.39014,0.3927,0.01821629,0.003304302,0.002150507,0.00176857,0.01465086,0.001535731,0.001414919,0.0,0.0,0.0
0.649,0.26691,0.39024,0.3928,0.01822903,0.003303689,0.002147807,0.001767279,0.01466646,0.001536409,0.001414763,0.0,0.0,0.0
0.649,0.26683,0.39034,0.3929,0.01824177,0.003303091,0.002145109,0.001765989,0.01468205,0.001537102,0.001414608,0.0,0.0,0.0
0.649,0.26675,0.39044,0.393,0.0182545,0.003302508,0.002142414,0.0017647,0.01469764,0.001537808,0.001414453,0.0,0.0,0.0
0.649,0.26667,0.39054,0.3931,0.01826723,0.003301939,0.002139721,0.001763411,0.01471321,0.001538528,0.001414298,0.0,0.0,0.0
0.649,0.26659,0.39064,0.3932,0.01827996,0.003301384,0.002137031,0.001762123,0.01472879,0.001539261,0.001414143,0.0,0.0,0.0
0.649,0.26652,0.39075,0.3933,0.01829268,0.003300842,0.002134343,0.001760836,0.01474435,0.001540006,0.001413988,0.0,0.0,0.0
0.649,0.26644,0.39085,0.3934,0.0183054,0.003300313,0.002131657,0.001759549,0.01475991,0.001540764,0.001413833,0.0,0.0,0.0
0.649,0.26636,0.39095,0.3935,0.01831812,0.003299797,0.002128974,0.001758264,0.01477547,0.001541533,0.001413678,0.0,0.0,0.0
0.649,0.26628,0.39105,0.3936,0.01830926,0.003381111,0.002126293,0.001756979,0.01476945,0.001624132,0.001413523,0.0,0.0,0.0
0.649,0.2662,0.39115,0.3937,0.01832316,0.00337838,0.002123615,0.001755695,0.01478617,0.001622686,0.001413368,0.0,0.0,0.0
0.649,0.26612,0.39125,0.3938,0.01833696,0.003375846,0.002120939,0.001754411,0.01480281,0.001621435,0.001413213,0.0,0.0,0.0
0.649,0.26604,0.39135,0.3939,0.01835069,0.003373485,0.002118266,0.001753129,0.01481936,0.001620356,0.001413058,0.0,0.0,0.0
0.649,0.26597,0.39145,0.394,0.01836434,0.003371277,0.002115595,0.001751847,0.01483585,0.00161943,0.001412903,0.0,0.0,0.0
0.649,0.26589,0.39155,0.3941,0.01837794,0.003369204,0.002112926,0.001750566,0.01485226,0.001618638,0.001412748,0.0,0.0,0.0
0.649,0.26581,0.39165,0.3942,0.01839148,0.003367254,0.00211026,0.001749286,0.01486863,0.001617968,0.001412593,0.0,0.0,0.0
0.649,0.26573,0.39175,0.3943,0.01840497,0.003365413,0.002107596,0.001748006,0.01488494,0.001617407,0.001412438,0.0,0.0,0.0
0.649,0.26565,0.39185,0.3944,0.01841842,0.003363671,0.002104935,0.001746727,0.0149012,0.001616944,0.001412284,0.0,0.0,0.0
0.649,0.26557,0.39195,0.3945,0.01843182,0.00336202,0.002102276,0.001745449,0.01491742,0.001616571,0.001412128,0.0,0.0,0.0
0.649,0.26549,0.39206,0.3946,0.01844519,0.003360452,0.00209962,0.001744172,0.0149336,0.00161628,0.001411973,0.0,0.0,0.0
0.649,0.26541,0.39216,0.3947,0.01845853,0.003358959,0.002096966,0.001742895,0.01494975,0.001616063,0.001411818,0.0,0.0,0.0
0.649,0.26533,0.39226,0.3948,0.01847184,0.003357535,0.002094314,0.00174162,0.01496586,0.001615915,0.001411663,0.0,0.0,0.0
0.649,0.26525,0.39236,0.3949,0.01848511,0.003356176,0.002091665,0.001740345,0.01498194,0.001615831,0.001411508,0.0,0.0,0.0
0.649,0.26518,0.39246,0.395,0.01849836,0.003354876,0.002089019,0.001739071,0.01499799,0.001615805,0.001411352,0.0,0.0,0.0
0.649,0.2651,0.39256,0.3951,0.01851159,0.003353631,0.002086374,0.001737797,0.01501402,0.001615834,0.001411197,0.0,0.0,0.0
0.649,0.26502,0.39266,0.3952,0.01852479,0.003352438,0.002083732,0.001736524,0.01503002,0.001615914,0.001411041,0.0,0.0,0.0
0.649,0.26494,0.39276,0.3953,0.01853797,0.003351293,0.002081093,0.001735253,0.015046,0.001616041,0.001410886,0.0,0.0,0.0
0.649,0.26486,0.39286,0.3954,0.01855114,0.003350193,0.002078456,0.001733981,0.01506195,0.001616211,0.00141073,0.0,0.0,0.0
0.649,0.26478,0.39296,0.3955,0.01856428,0.003349135,0.002075821,0.001732711,0.01507789,0.001616424,0.001410574,0.0,0.0,0.0
0.649,0.2647,0.39306,0.3956,0.01857741,0.003348116,0.002073189,0.001731441,0.0150938,0.001616675,0.001410418,0.0,0.0,0.0
0.649,0.26462,0.39316,0.3957,0.01859052,0.003347135,0.002070559,0.001730172,0.0151097,0.001616963,0.001410262,0.0,0.0,0.0
0.649,0.26454,0.39326,0.3958,0.01860362,0.003346189,0.002067932,0.001728904,0.01512558,0.001617285,0.001410105,0.0,0.0,0.0
0.649,0.26446,0.39337,0.3959,0.0186167,0.003345276,0.002065306,0.001727637,0.01514145,0.00161764,0.001409949,0.0,0.0,0.0
0.649,0.26439,0.39347,0.396,0.01862977,0.003344395,0.002062684,0.00172637,0.01515729,0.001618025,0.001409792,0.0,0.0,0.0
0.649,0.26431,0.39357,0.3961,0.01864283,0.003343544,0.002060063,0.001725104,0.01517313,0.00161844,0.001409635,0.0,0.0,0.0
0.649,0.26423,0.39367,0.3962,0.01865587,0.003342721,0.002057446,0.001723839,0.01518895,0.001618882,0.001409478,0.0,0.0,0.0
0.649,0.26415,0.39377,0.3963,0.0186689,0.003341926,0.00205483,0.001722575,0.01520475,0.001619351,0.001409321,0.0,0.0,0.0
0.649,0.26407,0.39387,0.3964,0.01868193,0.003341156,0.002052217,0.001721311,0.01522054,0.001619845,0.001409164,0.0,0.0,0.0
0.649,0.26399,0.39397,0.3965,0.01869494,0.00334041,0.002049606,0.001720048,0.01523632,0.001620362,0.001409006,0.0,0.0,0.0
0.649,0.26391,0.39407,0.3966,0.01870794,0.003339688,0.002046998,0.001718786,0.01525209,0.001620902,0.001408848,0.0,0.0,0.0
0.649,0.26383,0.39417,0.3967,0.01872093,0.003338989,0.002044392,0.001717524,0.01526785,0.001621464,0.00140869,0.0,0.0,0.0
0.649,0.26375,0.39427,0.3968,0.01873391,0.003338311,0.002041788,0.001716264,0.01528359,0.001622047,0.001408532,0.0,0.0,0.0
0.649,0.26367,0.39437,0.3969,0.01874689,0.003337654,0.002039187,0.001715004,0.01529933,0.00162265,0.001408374,0.0,0.0,0.0
0.649,0.26359,0.39447,0.397,0.01875985,0.003337016,0.002036588,0.001713745,0.01531505,0.001623271,0.001408215,0.0,0.0,0.0
0.649,0.26351,0.39457,0.3971,0.01877281,0.003336397,0.002033992,0.001712486,0.01533076,0.001623911,0.001408056,0.0,0.0,0.0
0.649,0.26343,0.39467,0.3972,0.01878576,0.003335797,0.002031398,0.001711229,0.01534647,0.001624569,0.001407897,0.0,0.0,0.0
0.649,0.26335,0.39478,0.3973,0.01879871,0.003335215,0.002028806,0.001709972,0.01536216,0.001625243,0.001407737,0.0,0.0,0.0
0.649,0.26327,0.39488,0.3974,0.01881164,0.003334649,0.002026217,0.001708715,0.01537785,0.001625933,0.001407578,0.0,0.0,0.0
0.649,0.26319,0.39498,0.3975,0.01882457,0.003334099,0.00202363,0.00170746,0.01539352,0.00162664,0.001407418,0.0,0.0,0.0
0.649,0.26312,0.39508,0.3976,0.01883749,0.003333566,0.002021045,0.001706205,0.01540919,0.001627361,0.001407257,0.0,0.0,0.0
0.649,0.26304,0.39518,0.3977,0.01885041,0.003333048,0.002018463,0.001704951,0.01542485,0.001628096,0.001407097,0.0,0.0,0.0
0.649,0.26296,0.39528,0.3978,0.01886332,0.003332544,0.002015883,0.001703698,0.0154405,0.001628846,0.001406936,0.0,0.0,0.0
0.649,0.26288,0.39538,0.3979,0.01887622,0.003332054,0.002013306,0.001702445,0.01545614,0.001629609,0.001406775,0.0,0.0,0.0
0.649,0.2628,0.39548,0.398,0.01888912,0.003331579,0.00201073,0.001701194,0.01547178,0.001630385,0.001406613,0.0,0.0,0.0
0.649,0.26272,0.39558,0.3981,0.01890201,0.003331117,0.002008158,0.001699943,0.0154874,0.001631174,0.001406452,0.0,0.0,0.0
0.649,0.26264,0.39568,0.3982,0.0189149,0.003330667,0.002005587,0.001698692,0.01550302,0.001631975,0.001406289,0.0,0.0,0.0
0.649,0.26256,0.39578,0.3983,0.01892778,0.003330231,0.002003019,0.001697443,0.01551864,0.001632788,0.001406127,0.0,0.0,0.0
0.649,0.26248,0.39588,0.3984,0.01891779,0.003410607,0.002000453,0.001696194,0.01551138,0.001714413,0.001405964,0.0,0.0,0.0
0.649,0.2624,0.39598,0.3985,0.01893186,0.00340797,0.00199789,0.001694946,0.01552817,0.001713024,0.001405801,0.0,0.0,0.0
0.649,0.26232,0.39609,0.3986,0.01894584,0.003405529,0.001995329,0.001693699,0.01554487,0.00171183,0.001405638,0.0,0.0,0.0
0.649,0.26224,0.39619,0.3987,0.01895973,0.003403258,0.00199277,0.001692452,0.01556149,0.001710807,0.001405474,0.0,0.0,0.0
0.649,0.26216,0.39629,0.3988,0.01897356,0.00340114,0.001990214,0.001691206,0.01557803,0.001709934,0.00140531,0.0,0.0,0.0
0.649,0.26208,0.39639,0.3989,0.01898731,0.003399157,0.00198766,0.001689961,0.01559451,0.001709196,0.001405145,0.0,0.0,0.0
0.649,0.262,0.39649,0.399,0.01900101,0.003397295,0.001985108,0.001688716,0.01561092,0.001708579,0.00140498,0.0,0.0,0.0
0.649,0.26192,0.39659,0.3991,0.01901466,0.003395543,0.001982559,0.001687473,0.01562728,0.00170807,0.001404815,0.0,0.0,0.0
0.649,0.26184,0.39669,0.3992,0.01902826,0.003393889,0.001980012,0.00168623,0.0156436,0.001707659,0.001404649,0.0,0.0,0.0
0.649,0.26176,0.39679,0.3993,0.01904181,0.003392325,0.001977467,0.001684988,0.01565986,0.001707337,0.001404483,0.0,0.0,0.0
0.649,0.26168,0.39689,0.3994,0.01905533,0.003390842,0.001974925,0.001683746,0.01567609,0.001707096,0.001404316,0.0,0.0,0.0
0.649,0.2616,0.39699,0.3995,0.01906881,0.003389435,0.001972385,0.001682505,0.01569228,0.00170693,0.001404149,0.0,0.0,0.0
0.649,0.26152,0.39709,0.3996,0.01908226,0.003388098,0.001969847,0.001681265,0.01570843,0.001706832,0.001403982,0.0,0.0,0.0
0.649,0.26144,0.39719,0.3997,0.01909567,0.003386824,0.001967312,0.001680026,0.01572455,0.001706798,0.001403814,0.0,0.0,0.0
0.649,0.26136,0.39729,0.3998,0.01910906,0.003385609,0.001964779,0.001678787,0.01574063,0.001706822,0.001403646,0.0,0.0,0.0
0.649,0.26128,0.3974,0.3999,0.01912242,0.003384449,0.001962248,0.001677549,0.01575669,0.001706899,0.001403477,0.0,0.0,0.0
0.649,0.2612,0.3975,0.4,0.01913576,0.00338334,0.00195972,0.001676312,0.01577273,0.001707028,0.001403308,0.0,0.0,0.0
0.649,0.26112,0.3976,0.4001,0.01914907,0.003382279,0.001957194,0.001675076,0.01578874,0.001707203,0.001403139,0.0,0.0,0.0
0.649,0.26104,0.3977,0.4002,0.01916236,0.003381262,0.00195467,0.00167384,0.01580472,0.001707422,0.001402969,0.0,0.0,0.0
0.649,0.26096,0.3978,0.4003,0.01917563,0.003380288,0.001952149,0.001672605,0.01582068,0.001707683,0.001402798,0.0,0.0,0.0
0.649,0.26088,0.3979,0.4004,0.01918888,0.003379353,0.00194963,0.001671371,0.01583662,0.001707982,0.001402627,0.0,0.0,0.0
0.649,0.2608,0.398,0.4005,0.01920211,0.003378455,0.001947113,0.001670137,0.01585254,0.001708317,0.001402456,0.0,0.0,0.0
0.649,0.26072,0.3981,0.4006,0.01921533,0.003377591,0.001944598,0.001668905,0.01586844,0.001708687,0.001402284,0.0,0.0,0.0
0.649,0.26064,0.3982,0.4007,0.01922852,0.003376761,0.001942086,0.001667672,0.01588433,0.001709089,0.001402112,0.0,0.0,0.0
0.649,0.26056,0.3983,0.4008,0.01924171,0.003375962,0.001939576,0.001666441,0.01590019,0.001709521,0.001401939,0.0,0.0,0.0
0.649,0.26048,0.3984,0.4009,0.01925487,0.003375193,0.001937069,0.00166521,0.01591604,0.001709983,0.001401766,0.0,0.0,0.0
0.649,0.2604,0.3985,0.401,0.01926803,0.003374453,0.001934563,0.001663981,0.01593187,0.001710472,0.001401592,0.0,0.0,0.0
0.649,0.26032,0.3986,0.4011,0.01928117,0.003373739,0.001932061,0.001662751,0.01594769,0.001710987,0.001401417,0.0,0.0,0.0
0.649,0.26024,0.39871,0.4012,0.01929429,0.00337305,0.00192956,0.001661523,0.01596349,0.001711527,0.001401242,0.0,0.0,0.0
0.649,0.26016,0.39881,0.4013,0.01930741,0.003372386,0.001927062,0.001660295,0.01597928,0.001712091,0.001401067,0.0,0.0,0.0
0.649,0.26008,0.39891,0.4014,0.01932051,0.003371745,0.001924565,0.001659068,0.01599505,0.001712678,0.001400891,0.0,0.0,0.0
0.649,0.26,0.39901,0.4015,0.0193336,0.003371127,0.001922072,0.001657842,0.01601081,0.001713285,0.001400715,0.0,0.0,0.0
0.649,0.25992,0.39911,0.4016,0.01934668,0.00337053,0.00191958,0.001656616,0.01602656,0.001713914,0.001400538,0.0,0.0,0.0
0.649,0.25984,0.39921,0.4017,0.01935975,0.003369953,0.001917091,0.001655391,0.0160423,0.001714562,0.00140036,0.0,0.0,0.0
0.649,0.25976,0.39931,0.4018,0.01937281,0.003369396,0.001914604,0.001654167,0.01605802,0.00171523,0.001400182,0.0,0.0,0.0
0.649,0.25968,0.39941,0.4019,0.01938586,0.003368858,0.00191212,0.001652943,0.01607373,0.001715915,0.001400003,0.0,0.0,0.0
0.649,0.2596,0.39951,0.402,0.01939889,0.003368338,0.001909637,0.00165172,0.01608943,0.001716618,0.001399824,0.0,0.0,0.0
0.649,0.25952,0.39961,0.4021,0.01941192,0.003367835,0.001907157,0.001650498,0.01610512,0.001717337,0.001399644,0.0,0.0,0.0
0.649,0.25944,0.39971,0.4022,0.01942494,0.00336735,0.001904679,0.001649277,0.0161208,0.001718073,0.001399464,0.0,0.0,0.0
0.649,0.25936,0.39981,0.4023,0.01943795,0.00336688,0.001902204,0.001648056,0.01613647,0.001718824,0.001399283,0.0,0.0,0.0
0.649,0.25928,0.39991,0.4024,0.01945096,0.003366426,0.001899731,0.001646836,0.01615212,0.00171959,0.001399101,0.0,0.0,0.0
0.649,0.25919,0.40002,0.4025,0.01946395,0.003365987,0.00189726,0.001645617,0.01616777,0.00172037,0.001398919,0.0,0.0,0.0
0.649,0.25911,0.40012,0.4026,0.01947694,0.003365563,0.001894791,0.001644398,0.01618341,0.001721164,0.001398736,0.0,0.0,0.0
0.649,0.25903,0.40022,0.4027,0.01948991,0.003365153,0.001892325,0.001643181,0.01619904,0.001721972,0.001398553,0.0,0.0,0.0
0.649,0.25895,0.40032,0.4028,0.01950288,0.003364756,0.001889861,0.001641963,0.01621465,0.001722793,0.001398369,0.0,0.0,0.0
0.649,0.25887,0.40042,0.4029,0.01951585,0.003364373,0.001887399,0.001640747,0.01623026,0.001723626,0.001398185,0.0,0.0,0.0
0.649,0.25879,0.40052,0.403,0.0195288,0.003364002,0.001884939,0.001639531,0.01624586,0.001724471,0.001397999,0.0,0.0,0.0
0.649,0.25871,0.40062,0.4031,0.01954175,0.003363644,0.001882482,0.001638316,0.01626145,0.001725328,0.001397814,0.0,0.0,0.0
0.649,0.25863,0.40072,0.4032,0.01953102,0.003442345,0.001880027,0.001637102,0.01625337,0.001805243,0.001397627,0.0,0.0,0.0
0.649,0.25855,0.40082,0.4033,0.01954514,0.003439843,0.001877574,0.001635888,0.01627013,0.001803955,0.00139744,0.0,0.0,0.0
0.649,0.25847,0.40092,0.4034,0.01955917,0.003437531,0.001875124,0.001634675,0.01628679,0.001802855,0.001397252,0.0,0.0,0.0
0.649,0.25839,0.40102,0.4035,0.01957311,0.003435384,0.001872675,0.001633463,0.01630337,0.001801921,0.001397064,0.0,0.0,0.0
0.649,0.25831,0.40112,0.4036,0.01958698,0.003433385,0.001870229,0.001632252,0.01631987,0.001801133,0.001396875,0.0,0.0,0.0
0.649,0.25823,0.40122,0.4037,0.01960078,0.003431517,0.001867786,0.001631041,0.01633631,0.001800476,0.001396685,0.0,0.0,0.0
0.649,0.25815,0.40133,0.4038,0.01961452,0.003429766,0.001865344,0.001629831,0.01635269,0.001799936,0.001396495,0.0,0.0,0.0
0.649,0.25807,0.40143,0.4039,0.01962821,0.003428122,0.001862905,0.001628621,0.016369,0.001799501,0.001396304,0.0,0.0,0.0
0.649,0.25799,0.40153,0.404,0.01964185,0.003426574,0.001860468,0.001627412,0.01638527,0.001799161,0.001396112,0.0,0.0,0.0
0.649,0.2579,0.40163,0.4041,0.01965545,0.003425113,0.001858033,0.001626204,0.0164015,0.001798909,0.00139592,0.0,0.0,0.0
0.649,0.25782,0.40173,0.4042,0.019669,0.003423733,0.001855601,0.001624997,0.01641767,0.001798736,0.001395727,0.0,0.0,0.0
0.649,0.25774,0.40183,0.4043,0.01968252,0.003422425,0.001853171,0.00162379,0.01643381,0.001798635,0.001395533,0.0,0.0,0.0
0.649,0.25766,0.40193,0.4044,0.019696,0.003421185,0.001850743,0.001622584,0.01644992,0.001798601,0.001395339,0.0,0.0,0.0
0.649,0.25758,0.40203,0.4045,0.01970945,0.003420008,0.001848317,0.001621379,0.01646599,0.001798629,0.001395144,0.0,0.0,0.0
0.649,0.2575,0.40213,0.4046,0.01972286,0.003418888,0.001845893,0.001620175,0.01648202,0.001798713,0.001394948,0.0,0.0,0.0
0.649,0.25742,0.40223,0.4047,0.01973625,0.003417822,0.001843472,0.001618971,0.01649803,0.001798851,0.001394752,0.0,0.0,0.0
0.649,0.25734,0.40233,0.4048,0.01974961,0.003416806,0.001841053,0.001617767,0.01651401,0.001799038,0.001394554,0.0,0.0,0.0
0.649,0.25726,0.40243,0.4049,0.01976295,0.003415836,0.001838636,0.001616565,0.01652996,0.001799271,0.001394356,0.0,0.0,0.0
0.649,0.25718,0.40253,0.405,0.01977626,0.00341491,0.001836221,0.001615363,0.01654588,0.001799547,0.001394158,0.0,0.0,0.0
0.649,0.25709,0.40264,0.4051,0.01978955,0.003414025,0.001833809,0.001614162,0.01656179,0.001799863,0.001393958,0.0,0.0,0.0
0.649,0.25701,0.40274,0.4052,0.01980282,0.003413179,0.001831399,0.001612962,0.01657766,0.001800218,0.001393758,0.0,0.0,0.0
0.649,0.25693,0.40284,0.4053,0.01981607,0.003412369,0.001828991,0.001611762,0.01659352,0.001800607,0.001393557,0.0,0.0,0.0
0.649,0.25685,0.40294,0.4054,0.0198293,0.003411593,0.001826585,0.001610563,0.01660936,0.001801031,0.001393356,0.0,0.0,0.0
0.649,0.25677,0.40304,0.4055,0.01984251,0.00341085,0.001824182,0.001609364,0.01662518,0.001801486,0.001393153,0.0,0.0,0.0
0.649,0.25669,0.40314,0.4056,0.0198557,0.003410137,0.001821781,0.001608167,0.01664097,0.001801971,0.00139295,0.0,0.0,0.0
0.649,0.25661,0.40324,0.4057,0.01986888,0.003409454,0.001819382,0.00160697,0.01665675,0.001802484,0.001392746,0.0,0.0,0.0
0.649,0.25653,0.40334,0.4058,0.01988204,0.003408798,0.001816985,0.001605773,0.01667251,0.001803024,0.001392542,0.0,0.0,0.0
0.649,0.25645,0.40344,0.4059,0.01989518,0.003408168,0.00181459,0.001604578,0.01668826,0.00180359,0.001392336,0.0,0.0,0.0
0.649,0.25637,0.40354,0.406,0.01990831,0.003407563,0.001812198,0.001603383,0.01670399,0.001804181,0.00139213,0.0,0.0,0.0
0.649,0.25628,0.40364,0.4061,0.01992143,0.003406983,0.001809808,0.001602188,0.0167197,0.001804794,0.001391923,0.0,0.0,0.0
0.649,0.2562,0.40374,0.4062,0.01993453,0.003406425,0.00180742,0.001600995,0.0167354,0.00180543,0.001391716,0.0,0.0,0.0
0.649,0.25612,0.40385,0.4063,0.01994762,0.003405889,0.001805034,0.001599802,0.01675108,0.001806087,0.001391507,0.0,0.0,0.0
0.649,0.25604,0.40395,0.4064,0.01996069,0.003405374,0.00180265,0.00159861,0.01676674,0.001806764,0.001391298,0.0,0.0,0.0
0.649,0.25596,0.40405,0.4065,0.01997375,0.003404879,0.001800269,0.001597418,0.0167824,0.001807461,0.001391088,0.0,0.0,0.0
0.649,0.25588,0.40415,0.4066,0.0199868,0.003404403,0.00179789,0.001596227,0.01679804,0.001808176,0.001390877,0.0,0.0,0.0
0.649,0.2558,0.40425,0.4067,0.01999984,0.003403946,0.001795513,0.001595037,0.01681366,0.001808909,0.001390665,0.0,0.0,0.0
0.649,0.25571,0.40435,0.4068,0.02001287,0.003403506,0.001793138,0.001593848,0.01682928,0.001809659,0.001390453,0.0,0.0,0.0
0.649,0.25563,0.40445,0.4069,0.02002588,0.003403084,0.001790766,0.001592659,0.01684488,0.001810425,0.00139024,0.0,0.0,0.0
0.649,0.25555,0.40455,0.407,0.02003889,0.003402678,0.001788395,0.001591471,0.01686046,0.001811207,0.001390026,0.0,0.0,0.0
0.649,0.25547,0.40465,0.4071,0.02005188,0.003402288,0.001786027,0.001590283,0.01687604,0.001812005,0.001389811,0.0,0.0,0.0
0.649,0.25539,0.40475,0.4072,0.02006486,0.003401913,0.001783661,0.001589096,0.0168916,0.001812817,0.001389595,0.0,0.0,0.0
0.649,0.25531,0.40485,0.4073,0.02007783,0.003401553,0.001781297,0.00158791,0.01690716,0.001813643,0.001389379,0.0,0.0,0.0
0.649,0.25523,0.40495,0.4074,0.02009079,0.003401207,0.001778936,0.001586725,0.0169227,0.001814483,0.001389161,0.0,0.0,0.0
0.649,0.25514,0.40505,0.4075,0.02010374,0.003400875,0.001776577,0.00158554,0.01693823,0.001815335,0.001388943,0.0,0.0,0.0
0.649,0.25506,0.40516,0.4076,0.02011669,0.003400557,0.001774219,0.001584356,0.01695374,0.001816201,0.001388724,0.0,0.0,0.0
0.649,0.25498,0.40526,0.4077,0.02012962,0.003400251,0.001771864,0.001583172,0.01696925,0.001817079,0.001388504,0.0,0.0,0.0
0.649,0.2549,0.40536,0.4078,0.02014254,0.003399958,0.001769511,0.001581989,0.01698475,0.001817969,0.001388283,0.0,0.0,0.0
0.649,0.25482,0.40546,0.4079,0.02013022,0.003478553,0.001767161,0.001580807,0.016975,0.001897746,0.001388062,0.0,0.0,0.0
0.649,0.25474,0.40556,0.408,0.02014437,0.00347602,0.001764812,0.001579626,0.01699172,0.001896395,0.001387839,0.0,0.0,0.0
0.649,0.25466,0.40566,0.4081,0.02015842,0.003473691,0.001762466,0.001578445,0.01700834,0.001895246,0.001387616,0.0,0.0,0.0
0.649,0.25457,0.40576,0.4082,0.02017238,0.00347154,0.001760122,0.001577265,0.01702486,0.001894275,0.001387392,0.0,0.0,0.0
0.649,0.25449,0.40586,0.4083,0.02018625,0.003469545,0.00175778,0.001576085,0.0170413,0.00189346,0.001387167,0.0,0.0,0.0
0.649,0.25441,0.40596,0.4084,0.02020005,0.00346769,0.00175544,0.001574907,0.01705767,0.001892783,0.001386941,0.0,0.0,0.0
0.649,0.25433,0.40606,0.4085,0.02021378,0.003465959,0.001753103,0.001573728,0.01707397,0.001892231,0.001386714,0.0,0.0,0.0
0.649,0.25425,0.40616,0.4086,0.02022746,0.00346434,0.001750767,0.001572551,0.01709021,0.001891789,0.001386486,0.0,0.0,0.0
0.649,0.25417,0.40626,0.4087,0.02024108,0.003462823,0.001748434,0.001571374,0.01710639,0.001891448,0.001386258,0.0,0.0,0.0
0.649,0.25408,0.40636,0.4088,0.02025465,0.003461397,0.001746103,0.001570198,0.01712252,0.001891198,0.001386029,0.0,0.0,0.0
0.649,0.254,0.40647,0.4089,0.02026818,0.003460054,0.001743774,0.001569023,0.0171386,0.001891031,0.001385798,0.0,0.0,0.0
0.649,0.25392,0.40657,0.409,0.02028166,0.003458788,0.001741447,0.001567848,0.01715464,0.00189094,0.001385567,0.0,0.0,0.0
0.649,0.25384,0.40667,0.4091,0.0202951,0.003457592,0.001739122,0.001566674,0.01717064,0.001890918,0.001385335,0.0,0.0,0.0
0.649,0.25376,0.40677,0.4092,0.02030851,0.003456461,0.0017368,0.0015655,0.01718661,0.00189096,0.001385102,0.0,0.0,0.0
0.649,0.25367,0.40687,0.4093,0.02032188,0.003455389,0.00173448,0.001564327,0.01720253,0.001891062,0.001384868,0.0,0.0,0.0
0.649,0.25359,0.40697,0.4094,0.02033522,0.003454373,0.001732161,0.001563155,0.01721843,0.001891218,0.001384633,0.0,0.0,0.0
0.649,0.25351,0.40707,0.4095,0.02034853,0.003453408,0.001729845,0.001561984,0.01723429,0.001891425,0.001384397,0.0,0.0,0.0
0.649,0.25343,0.40717,0.4096,0.02036182,0.003452492,0.001727532,0.001560813,0.01725013,0.001891679,0.001384161,0.0,0.0,0.0
0.649,0.25335,0.40727,0.4097,0.02037507,0.00345162,0.00172522,0.001559643,0.01726593,0.001891978,0.001383923,0.0,0.0,0.0
0.649,0.25326,0.40737,0.4098,0.02038831,0.003450791,0.00172291,0.001558473,0.01728171,0.001892318,0.001383685,0.0,0.0,0.0
0.649,0.25318,0.40747,0.4099,0.02040151,0.003450001,0.001720603,0.001557304,0.01729746,0.001892697,0.001383445,0.0,0.0,0.0
0.649,0.2531,0.40757,0.41,0.0204147,0.003449248,0.001718298,0.001556136,0.01731319,0.001893112,0.001383205,0.0,0.0,0.0
0.649,0.25302,0.40767,0.4101,0.02042786,0.00344853,0.001715994,0.001554968,0.0173289,0.001893562,0.001382964,0.0,0.0,0.0
0.649,0.25294,0.40778,0.4102,0.020441,0.003447846,0.001713693,0.001553801,0.01734459,0.001894044,0.001382722,0.0,0.0,0.0
0.649,0.25285,0.40788,0.4103,0.02045412,0.003447192,0.001711395,0.001552635,0.01736025,0.001894557,0.001382478,0.0,0.0,0.0
0.649,0.25277,0.40798,0.4104,0.02046722,0.003446568,0.001709098,0.001551469,0.01737589,0.001895099,0.001382234,0.0,0.0,0.0
0.649,0.25269,0.40808,0.4105,0.02048031,0.003445973,0.001706803,0.001550304,0.01739151,0.001895668,0.001381989,0.0,0.0,0.0
0.649,0.25261,0.40818,0.4106,0.02049337,0.003445404,0.001704511,0.00154914,0.01740712,0.001896264,0.001381743,0.0,0.0,0.0
0.649,0.25253,0.40828,0.4107,0.02050642,0.00344486,0.001702221,0.001547976,0.0174227,0.001896884,0.001381496,0.0,0.0,0.0
0.649,0.25244,0.40838,0.4108,0.02051945,0.003444341,0.001699932,0.001546813,0.01743827,0.001897528,0.001381248,0.0,0.0,0.0
0.649,0.25236,0.40848,0.4109,0.02053247,0.003443845,0.001697646,0.001545651,0.01745382,0.001898194,0.001381,0.0,0.0,0.0
0.649,0.25228,0.40858,0.411,0.02054547,0.003443371,0.001695362,0.001544489,0.01746936,0.001898882,0.00138075,0.0,0.0,0.0
0.649,0.2522,0.40868,0.4111,0.02055845,0.003442918,0.001693081,0.001543328,0.01748487,0.00189959,0.001380499,0.0,0.0,0.0
0.649,0.25212,0.40878,0.4112,0.02057142,0.003442485,0.001690801,0.001542168,0.01750037,0.001900318,0.001380247,0.0,0.0,0.0
0.649,0.25203,0.40888,0.4113,0.02058438,0.003442072,0.001688523,0.001541008,0.01751586,0.001901064,0.001379994,0.0,0.0,0.0
0.649,0.25195,0.40898,0.4114,0.02059732,0.003441678,0.001686248,0.001539849,0.01753133,0.001901829,0.001379741,0.0,0.0,0.0
0.649,0.25187,0.40909,0.4115,0.02061025,0.003441301,0.001683975,0.00153869,0.01754679,0.001902611,0.001379486,0.0,0.0,0.0
0.649,0.25179,0.40919,0.4116,0.02062316,0.003440942,0.001681703,0.001537532,0.01756223,0.001903409,0.00137923,0.0,0.0,0.0
0.649,0.2517,0.40929,0.4117,0.02063606,0.003440599,0.001679434,0.001536375,0.01757765,0.001904223,0.001378974,0.0,0.0,0.0
0.649,0.25162,0.40939,0.4118,0.02064895,0.003440272,0.001677167,0.001535219,0.01759306,0.001905053,0.001378716,0.0,0.0,0.0
0.649,0.25154,0.40949,0.4119,0.02066182,0.00343996,0.001674903,0.001534063,0.01760846,0.001905898,0.001378457,0.0,0.0,0.0
0.649,0.25146,0.40959,0.412,0.02067469,0.003439664,0.00167264,0.001532907,0.01762385,0.001906756,0.001378198,0.0,0.0,0.0
0.649,0.25137,0.40969,0.4121,0.02068754,0.003439381,0.001670379,0.001531753,0.01763922,0.001907628,0.001377937,0.0,0.0,0.0
0.649,0.25129,0.40979,0.4122,0.02070037,0.003439113,0.001668121,0.001530599,0.01765458,0.001908514,0.001377675,0.0,0.0,0.0
0.649,0.25121,0.40989,0.4123,0.0207132,0.003438858,0.001665864,0.001529445,0.01766992,0.001909412,0.001377413,0.0,0.0,0.0
0.649,0.25113,0.40999,0.4124,0.02072602,0.003438615,0.00166361,0.001528293,0.01768526,0.001910323,0.001377149,0.0,0.0,0.0
0.649,0.25104,0.41009,0.4125,0.02073882,0.003438386,0.001661358,0.00152714,0.01770058,0.001911245,0.001376884,0.0,0.0,0.0
0.649,0.25096,0.41019,0.4126,0.02072528,0.00351619,0.001659108,0.001525989,0.01768955,0.001990201,0.001376619,0.0,0.0,0.0
0.649,0.25088,0.4103,0.4127,0.02073935,0.003513663,0.00165686,0.001524838,0.01770614,0.001988825,0.001376352,0.0,0.0,0.0
0.649,0.2508,0.4104,0.4128,0.02075331,0.003511349,0.001654614,0.001523688,0.01772261,0.001987661,0.001376084,0.0,0.0,0.0
0.649,0.25071,0.4105,0.4129,0.02076717,0.003509221,0.00165237,0.001522538,0.01773898,0.001986683,0.001375816,0.0,0.0,0.0
0.649,0.25063,0.4106,0.413,0.02078093,0.003507257,0.001650128,0.001521389,0.01775526,0.001985868,0.001375546,0.0,0.0,0.0
0.649,0.25055,0.4107,0.4131,0.02079462,0.003505438,0.001647888,0.001520241,0.01777146,0.001985197,0.001375275,0.0,0.0,0.0
0.649,0.25047,0.4108,0.4132,0.02080824,0.003503747,0.001645651,0.001519093,0.01778759,0.001984654,0.001375003,0.0,0.0,0.0
0.649,0.25038,0.4109,0.4133,0.0208218,0.003502172,0.001643415,0.001517946,0.01780365,0.001984226,0.00137473,0.0,0.0,0.0
0.649,0.2503,0.411,0.4134,0.02083529,0.003500701,0.001641182,0.0015168,0.01781966,0.001983901,0.001374456,0.0,0.0,0.0
0.649,0.25022,0.4111,0.4135,0.02084874,0.003499324,0.001638951,0.001515654,0.01783561,0.00198367,0.001374182,0.0,0.0,0.0
0.649,0.25014,0.4112,0.4136,0.02086213,0.003498033,0.001636721,0.001514509,0.0178515,0.001983524,0.001373906,0.0,0.0,0.0
0.649,0.25005,0.4113,0.4137,0.02087548,0.00349682,0.001634494,0.001513364,0.01786736,0.001983456,0.001373629,0.0,0.0,0.0
0.649,0.24997,0.4114,0.4138,0.02088878,0.003495679,0.001632269,0.001512221,0.01788316,0.001983458,0.001373351,0.0,0.0,0.0
0.649,0.24989,0.4115,0.4139,0.02090205,0.003494603,0.001630046,0.001511077,0.01789893,0.001983526,0.001373071,0.0,0.0,0.0
0.649,0.24981,0.41161,0.414,0.02091528,0.003493589,0.001627825,0.001509935,0.01791466,0.001983655,0.001372791,0.0,0.0,0.0
0.649,0.24972,0.41171,0.4141,0.02092847,0.003492631,0.001625607,0.001508793,0.01793036,0.001983839,0.00137251,0.0,0.0,0.0
0.649,0.24964,0.41181,0.4142,0.02094164,0.003491726,0.00162339,0.001507651,0.01794602,0.001984074,0.001372228,0.0,0.0,0.0
0.649,0.24956,0.41191,0.4143,0.02095477,0.003490869,0.001621175,0.00150651,0.01796165,0.001984358,0.001371944,0.0,0.0,0.0
0.649,0.24947,0.41201,0.4144,0.02096787,0.003490057,0.001618963,0.00150537,0.01797725,0.001984687,0.00137166,0.0,0.0,0.0
0.649,0.24939,0.41211,0.4145,0.02098094,0.003489289,0.001616752,0.001504231,0.01799282,0.001985058,0.001371375,0.0,0.0,0.0
0.649,0.24931,0.41221,0.4146,0.02099399,0.00348856,0.001614543,0.001503092,0.01800836,0.001985468,0.001371088,0.0,0.0,0.0
0.649,0.24922,0.41231,0.4147,0.02100702,0.003487868,0.001612337,0.001501953,0.01802388,0.001985915,0.0013708,0.0,0.0,0.0
0.649,0.24914,0.41241,0.4148,0.02102001,0.003487212,0.001610133,0.001500816,0.01803937,0.001986396,0.001370512,0.0,0.0,0.0
0.649,0.24906,0.41251,0.4149,0.02103299,0.003486589,0.00160793,0.001499679,0.01805484,0.001986911,0.001370222,0.0,0.0,0.0
0.649,0.24898,0.41261,0.415,0.02104594,0.003485998,0.00160573,0.001498542,0.01807028,0.001987456,0.001369931,0.0,0.0,0.0
0.649,0.24889,0.41271,0.4151,0.02105887,0.003485437,0.001603532,0.001497407,0.0180857,0.00198803,0.001369639,0.0,0.0,0.0
0.649,0.24881,0.41282,0.4152,0.02107179,0.003484903,0.001601336,0.001496271,0.0181011,0.001988632,0.001369346,0.0,0.0,0.0
0.649,0.24873,0.41292,0.4153,0.02108468,0.003484397,0.001599142,0.001495137,0.01811648,0.00198926,0.001369052,0.0,0.0,0.0
0.649,0.24864,0.41302,0.4154,0.02109755,0.003483916,0.00159695,0.001494003,0.01813184,0.001989913,0.001368757,0.0,0.0,0.0
0.649,0.24856,0.41312,0.4155,0.0211104,0.00348346,0.00159476,0.001492869,0.01814718,0.00199059,0.001368461,0.0,0.0,0.0
0.649,0.24848,0.41322,0.4156,0.02112324,0.003483026,0.001592572,0.001491737,0.0181625,0.00199129,0.001368164,0.0,0.0,0.0
0.649,0.24839,0.41332,0.4157,0.02113605,0.003482615,0.001590386,0.001490605,0.0181778,0.00199201,0.001367865,0.0,0.0,0.0
0.649,0.24831,0.41342,0.4158,0.02114885,0.003482225,0.001588202,0.001489473,0.01819308,0.001992752,0.001367566,0.0,0.0,0.0
0.649,0.24823,0.41352,0.4159,0.02116164,0.003481855,0.001586021,0.001488342,0.01820835,0.001993513,0.001367265,0.0,0.0,0.0
0.649,0.24815,0.41362,0.416,0.0211744,0.003481504,0.001583841,0.001487212,0.0182236,0.001994292,0.001366963,0.0,0.0,0.0
0.649,0.24806,0.41372,0.4161,0.02118715,0.003481172,0.001581663,0.001486082,0.01823883,0.00199509,0.001366661,0.0,0.0,0.0
0.649,0.24798,0.41382,0.4162,0.02119989,0.003480858,0.001579488,0.001484953,0.01825404,0.001995905,0.001366357,0.0,0.0,0.0
0.649,0.2479,0.41392,0.4163,0.02121261,0.003480561,0.001577314,0.001483825,0.01826924,0.001996737,0.001366052,0.0,0.0,0.0
0.649,0.24781,0.41402,0.4164,0.02122531,0.003480281,0.001575143,0.001482697,0.01828442,0.001997584,0.001365746,0.0,0.0,0.0
0.649,0.24773,0.41413,0.4165,0.021238,0.003480016,0.001572973,0.00148157,0.01829959,0.001998447,0.001365438,0.0,0.0,0.0
0.649,0.24765,0.41423,0.4166,0.02125068,0.003479767,0.001570806,0.001480443,0.01831474,0.001999324,0.00136513,0.0,0.0,0.0
0.649,0.24756,0.41433,0.4167,0.02126334,0.003479532,0.00156864,0.001479317,0.01832988,0.002000215,0.001364821,0.0,0.0,0.0
0.649,0.24748,0.41443,0.4168,0.02127598,0.003479312,0.001566477,0.001478192,0.018345,0.002001121,0.00136451,0.0,0.0,0.0
0.649,0.2474,0.41453,0.4169,0.02128862,0.003479106,0.001564315,0.001477067,0.0183601,0.002002039,0.001364198,0.0,0.0,0.0
0.649,0.24731,0.41463,0.417,0.02130123,0.003478912,0.001562156,0.001475943,0.01837519,0.00200297,0.001363886,0.0,0.0,0.0
0.649,0.24723,0.41473,0.4171,0.02131384,0.003478732,0.001559999,0.001474819,0.01839027,0.002003913,0.001363572,0.0,0.0,0.0
0.649,0.24715,0.41483,0.4172,0.02132643,0.003478564,0.001557843,0.001473696,0.01840533,0.002004868,0.001363257,0.0,0.0,0.0
0.649,0.24706,0.41493,0.4173,0.02133901,0.003478408,0.00155569,0.001472574,0.01842038,0.002005834,0.00136294,0.0,0.0,0.0
0.649,0.24698,0.41503,0.4174,0.02132594,0.003552396,0.001553539,0.001471452,0.01840978,0.002080944,0.001362623,0.0,0.0,0.0
0.649,0.24689,0.41513,0.4175,0.02133969,0.003550134,0.001551389,0.001470331,0.018426,0.002079804,0.001362305,0.0,0.0,0.0
0.649,0.24681,0.41523,0.4176,0.02135334,0.003548062,0.001549242,0.00146921,0.01844211,0.002078853,0.001361985,0.0,0.0,0.0
0.649,0.24673,0.41534,0.4177,0.0213669,0.003546157,0.001547097,0.00146809,0.01845813,0.002078067,0.001361664,0.0,0.0,0.0
0.649,0.24664,0.41544,0.4178,0.02138037,0.003544398,0.001544954,0.001466971,0.01847407,0.002077427,0.001361343,0.0,0.0,0.0
0.649,0.24656,0.41554,0.4179,0.02139377,0.003542769,0.001542813,0.001465852,0.01848993,0.002076917,0.00136102,0.0,0.0,0.0
0.649,0.24648,0.41564,0.418,0.0214071,0.003541257,0.001540673,0.001464734,0.01850573,0.002076524,0.001360696,0.0,0.0,0.0
0.649,0.24639,0.41574,0.4181,0.02142037,0.003539851,0.001538536,0.001463616,0.01852146,0.002076235,0.00136037,0.0,0.0,0.0
0.649,0.24631,0.41584,0.4182,0.02143358,0.003538539,0.001536401,0.001462499,0.01853713,0.00207604,0.001360044,0.0,0.0,0.0
0.649,0.24623,0.41594,0.4183,0.02144674,0.003537313,0.001534268,0.001461383,0.01855276,0.00207593,0.001359716,0.0,0.0,0.0
0.649,0.24614,0.41604,0.4184,0.02145985,0.003536166,0.001532137,0.001460267,0.01856833,0.002075899,0.001359388,0.0,0.0,0.0
0.649,0.24606,0.41614,0.4185,0.02147292,0.003535091,0.001530008,0.001459152,0.01858385,0.002075939,0.001359058,0.0,0.0,0.0
0.649,0.24598,0.41624,0.4186,0.02148595,0.003534082,0.001527881,0.001458037,0.01859934,0.002076045,0.001358727,0.0,0.0,0.0
0.649,0.24589,0.41634,0.4187,0.02149893,0.003533134,0.001525755,0.001456923,0.01861478,0.002076211,0.001358395,0.0,0.0,0.0
0.649,0.24581,0.41644,0.4188,0.02151188,0.003532242,0.001523632,0.001455809,0.01863019,0.002076433,0.001358062,0.0,0.0,0.0
0.649,0.24572,0.41654,0.4189,0.0215248,0.003531403,0.001521511,0.001454697,0.01864556,0.002076706,0.001357727,0.0,0.0,0.0
0.649,0.24564,0.41665,0.419,0.02153768,0.003530612,0.001519392,0.001453584,0.0186609,0.002077028,0.001357392,0.0,0.0,0.0
0.649,0.24556,0.41675,0.4191,0.02155053,0.003529867,0.001517275,0.001452473,0.0186762,0.002077394,0.001357055,0.0,0.0,0.0
0.649,0.24547,0.41685,0.4192,0.02156335,0.003529164,0.00151516,0.001451362,0.01869148,0.002077802,0.001356717,0.0,0.0,0.0
0.649,0.24539,0.41695,0.4193,0.02157615,0.003528501,0.001513047,0.001450251,0.01870672,0.00207825,0.001356378,0.0,0.0,0.0
0.649,0.2453,0.41705,0.4194,0.02158891,0.003527875,0.001510935,0.001449141,0.01872194,0.002078734,0.001356038,0.0,0.0,0.0
0.649,0.24522,0.41715,0.4195,0.02160165,0.003527284,0.001508826,0.001448032,0.01873713,0.002079252,0.001355696,0.0,0.0,0.0
0.649,0.24514,0.41725,0.4196,0.02161437,0.003526727,0.001506719,0.001446923,0.0187523,0.002079803,0.001355354,0.0,0.0,0.0
0.649,0.24505,0.41735,0.4197,0.02162706,0.0035262,0.001504614,0.001445815,0.01876744,0.002080385,0.00135501,0.0,0.0,0.0
0.649,0.24497,0.41745,0.4198,0.02163973,0.003525703,0.001502511,0.001444707,0.01878255,0.002080996,0.001354665,0.0,0.0,0.0
0.649,0.24488,0.41755,0.4199,0.02165237,0.003525235,0.001500409,0.0014436,0.01879764,0.002081634,0.001354319,0.0,0.0,0.0
0.649,0.2448,0.41765,0.42,0.021665,0.003524793,0.00149831,0.001442494,0.01881271,0.002082298,0.001353972,0.0,0.0,0.0
0.649,0.24472,0.41775,0.4201,0.0216776,0.003524376,0.001496213,0.001441388,0.01882776,0.002082987,0.001353624,0.0,0.0,0.0
0.649,0.24463,0.41786,0.4202,0.02169018,0.003523983,0.001494117,0.001440283,0.01884279,0.0020837,0.001353274,0.0,0.0,0.0
0.649,0.24455,0.41796,0.4203,0.02170274,0.003523613,0.001492024,0.001439178,0.01885779,0.002084434,0.001352923,0.0,0.0,0.0
0.649,0.24446,0.41806,0.4204,0.02171528,0.003523265,0.001489933,0.001438074,0.01887278,0.00208519,0.001352572,0.0,0.0,0.0
0.649,0.24438,0.41816,0.4205,0.02172781,0.003522937,0.001487843,0.001436971,0.01888774,0.002085967,0.001352218,0.0,0.0,0.0
0.649,0.2443,0.41826,0.4206,0.02174031,0.00352263,0.001485756,0.001435868,0.01890269,0.002086762,0.001351864,0.0,0.0,0.0
0.649,0.24421,0.41836,0.4207,0.0217528,0.003522342,0.001483671,0.001434766,0.01891762,0.002087576,0.001351509,0.0,0.0,0.0
0.649,0.24413,0.41846,0.4208,0.02176526,0.003522072,0.001481587,0.001433664,0.01893252,0.002088408,0.001351152,0.0,0.0,0.0
0.649,0.24404,0.41856,0.4209,0.02177771,0.00352182,0.001479506,0.001432563,0.01894741,0.002089257,0.001350794,0.0,0.0,0.0
0.649,0.24396,0.41866,0.421,0.02179015,0.003521585,0.001477426,0.001431462,0.01896229,0.002090123,0.001350435,0.0,0.0,0.0
0.649,0.24388,0.41876,0.4211,0.02180257,0.003521366,0.001475348,0.001430362,0.01897714,0.002091004,0.001350075,0.0,0.0,0.0
0.649,0.24379,0.41886,0.4212,0.02181497,0.003521162,0.001473273,0.001429263,0.01899198,0.0020919,0.001349714,0.0,0.0,0.0
0.649,0.24371,0.41896,0.4213,0.02182735,0.003520974,0.001471199,0.001428164,0.0190068,0.00209281,0.001349351,0.0,0.0,0.0
0.649,0.24362,0.41906,0.4214,0.02183972,0.0035208,0.001469127,0.001427065,0.0190216,0.002093735,0.001348988,0.0,0.0,0.0
0.649,0.24354,0.41917,0.4215,0.02185207,0.00352064,0.001467058,0.001425968,0.01903639,0.002094672,0.001348623,0.0,0.0,0.0
0.649,0.24345,0.41927,0.4216,0.02186441,0.003520494,0.00146499,0.001424871,0.01905116,0.002095623,0.001348257,0.0,0.0,0.0
0.649,0.24337,0.41937,0.4217,0.02187673,0.00352036,0.001462924,0.001423774,0.01906591,0.002096586,0.001347889,0.0,0.0,0.0
0.649,0.24329,0.41947,0.4218,0.02188903,0.00352024,0.00146086,0.001422678,0.01908065,0.002097562,0.001347521,0.0,0.0,0.0
0.649,0.2432,0.41957,0.4219,0.02190132,0.003520131,0.001458798,0.001421583,0.01909537,0.002098549,0.001347151,0.0,0.0,0.0
0.649,0.24312,0.41967,0.422,0.0219136,0.003520034,0.001456738,0.001420488,0.01911008,0.002099547,0.00134678,0.0,0.0,0.0
0.649,0.24303,0.41977,0.4221,0.02190009,0.003591875,0.00145468,0.001419393,0.019099,0.002172482,0.001346408,0.0,0.0,0.0
0.649,0.24295,0.41987,0.4222,0.02191353,0.003589704,0.001452624,0.0014183,0.01911487,0.002171404,0.001346035,0.0,0.0,0.0
0.649,0.24286,0.41997,0.4223,0.02192686,0.003587721,0.00145057,0.001417207,0.01913063,0.002170514,0.001345661,0.0,0.0,0.0
0.649,0.24278,0.42007,0.4224,0.02194009,0.003585902,0.001448518,0.001416114,0.01914629,0.002169789,0.001345285,0.0,0.0,0.0
0.649,0.24269,0.42017,0.4225,0.02195324,0.003584229,0.001446467,0.001415022,0.01916186,0.002169207,0.001344908,0.0,0.0,0.0
0.649,0.24261,0.42027,0.4226,0.02196631,0.003582685,0.001444419,0.00141393,0.01917736,0.002168755,0.00134453,0.0,0.0,0.0
0.649,0.24253,0.42038,0.4227,0.02197931,0.003581257,0.001442373,0.00141284,0.01919279,0.002168417,0.001344151,0.0,0.0,0.0
0.649,0.24244,0.42048,0.4228,0.02199226,0.003579932,0.001440328,0.001411749,0.01920816,0.002168182,0.00134377,0.0,0.0,0.0
0.649,0.24236,0.42058,0.4229,0.02200514,0.0035787,0.001438286,0.001410659,0.01922346,0.002168041,0.001343389,0.0,0.0,0.0
0.649,0.24227,0.42068,0.423,0.02201797,0.003577554,0.001436245,0.00140957,0.01923872,0.002167984,0.001343006,0.0,0.0,0.0
0.649,0.24219,0.42078,0.4231,0.02203075,0.003576485,0.001434207,0.001408482,0.01925392,0.002168003,0.001342622,0.0,0.0,0.0
0.649,0.2421,0.42088,0.4232,0.02204348,0.003575487,0.00143217,0.001407393,0.01926907,0.002168093,0.001342236,0.0,0.0,0.0
0.649,0.24202,0.42098,0.4233,0.02205617,0.003574554,0.001430135,0.001406306,0.01928418,0.002168248,0.00134185,0.0,0.0,0.0
0.649,0.24193,0.42108,0.4234,0.02206882,0.003573681,0.001428102,0.001405219,0.01929925,0.002168462,0.001341462,0.0,0.0,0.0
0.649,0.24185,0.42118,0.4235,0.02208143,0.003572864,0.001426071,0.001404133,0.01931428,0.002168731,0.001341073,0.0,0.0,0.0
0.649,0.24176,0.42128,0.4236,0.022094,0.003572097,0.001424042,0.001403047,0.01932928,0.002169051,0.001340683,0.0,0.0,0.0
0.649,0.24168,0.42138,0.4237,0.02210654,0.003571379,0.001422015,0.001401961,0.01934423,0.002169418,0.001340292,0.0,0.0,0.0
0.649,0.24159,0.42148,0.4238,0.02211905,0.003570705,0.00141999,0.001400877,0.01935916,0.002169829,0.001339899,0.0,0.0,0.0
0.649,0.24151,0.42159,0.4239,0.02213152,0.003570073,0.001417967,0.001399793,0.01937405,0.002170281,0.001339506,0.0,0.0,0.0
0.649,0.24143,0.42169,0.424,0.02214397,0.00356948,0.001415946,0.001398709,0.01938891,0.002170771,0.001339111,0.0,0.0,0.0
0.649,0.24134,0.42179,0.4241,0.02215639,0.003568924,0.001413926,0.001397626,0.01940375,0.002171298,0.001338714,0.0,0.0,0.0
0.649,0.24126,0.42189,0.4242,0.02216878,0.003568401,0.001411909,0.001396543,0.01941855,0.002171858,0.001338317,0.0,0.0,0.0
0.649,0.24117,0.42199,0.4243,0.02218114,0.003567912,0.001409893,0.001395461,0.01943333,0.00217245,0.001337918,0.0,0.0,0.0
0.649,0.24109,0.42209,0.4244,0.02219348,0.003567453,0.00140788,0.00139438,0.01944808,0.002173073,0.001337519,0.0,0.0,0.0
0.649,0.241,0.42219,0.4245,0.02220579,0.003567022,0.001405868,0.001393299,0.0194628,0.002173723,0.001337118,0.0,0.0,0.0
0.649,0.24092,0.42229,0.4246,0.02221808,0.00356662,0.001403858,0.001392219,0.0194775,0.002174401,0.001336715,0.0,0.0,0.0
0.649,0.24083,0.42239,0.4247,0.02223034,0.003566243,0.00140185,0.001391139,0.01949218,0.002175104,0.001336312,0.0,0.0,0.0
0.649,0.24075,0.42249,0.4248,0.02224259,0.003565891,0.001399844,0.00139006,0.01950683,0.002175831,0.001335907,0.0,0.0,0.0
0.649,0.24066,0.42259,0.4249,0.02225481,0.003565562,0.00139784,0.001388981,0.01952146,0.002176581,0.001335501,0.0,0.0,0.0
0.649,0.24058,0.42269,0.425,0.022267,0.003565256,0.001395838,0.001387903,0.01953607,0.002177353,0.001335094,0.0,0.0,0.0
0.649,0.24049,0.42279,0.4251,0.02227918,0.003564971,0.001393837,0.001386826,0.01955066,0.002178145,0.001334686,0.0,0.0,0.0
0.649,0.24041,0.4229,0.4252,0.02229134,0.003564707,0.001391839,0.001385749,0.01956522,0.002178958,0.001334276,0.0,0.0,0.0
0.649,0.24032,0.423,0.4253,0.02230347,0.003564462,0.001389843,0.001384672,0.01957977,0.002179789,0.001333866,0.0,0.0,0.0
0.649,0.24024,0.4231,0.4254,0.02231559,0.003564235,0.001387848,0.001383596,0.01959429,0.002180639,0.001333454,0.0,0.0,0.0
0.649,0.24015,0.4232,0.4255,0.02232769,0.003564027,0.001385855,0.001382521,0.01960879,0.002181506,0.00133304,0.0,0.0,0.0
0.649,0.24007,0.4233,0.4256,0.02233977,0.003563836,0.001383864,0.001381446,0.01962328,0.002182389,0.001332626,0.0,0.0,0.0
0.649,0.23998,0.4234,0.4257,0.02235183,0.003563661,0.001381876,0.001380372,0.01963774,0.002183289,0.00133221,0.0,0.0,0.0
0.649,0.2399,0.4235,0.4258,0.02236387,0.003563502,0.001379888,0.001379298,0.01965219,0.002184204,0.001331793,0.0,0.0,0.0
0.649,0.23981,0.4236,0.4259,0.02237589,0.003563358,0.001377903,0.001378225,0.01966661,0.002185133,0.001331375,0.0,0.0,0.0
0.649,0.23973,0.4237,0.426,0.0223879,0.003563229,0.00137592,0.001377152,0.01968102,0.002186077,0.001330956,0.0,0.0,0.0
0.649,0.23964,0.4238,0.4261,0.02239988,0.003563114,0.001373939,0.00137608,0.01969541,0.002187034,0.001330535,0.0,0.0,0.0
0.649,0.23955,0.4239,0.4262,0.02241185,0.003563012,0.001371959,0.001375008,0.01970978,0.002188004,0.001330113,0.0,0.0,0.0
0.649,0.23947,0.424,0.4263,0.02242381,0.003562924,0.001369982,0.001373937,0.01972413,0.002188986,0.00132969,0.0,0.0,0.0
0.649,0.23938,0.42411,0.4264,0.02243574,0.003562848,0.001368006,0.001372867,0.01973847,0.002189981,0.001329266,0.0,0.0,0.0
0.649,0.2393,0.42421,0.4265,0.02244766,0.003562785,0.001366032,0.001371797,0.01975279,0.002190988,0.001328841,0.0,0.0,0.0
0.649,0.23921,0.42431,0.4266,0.02245956,0.003562733,0.00136406,0.001370728,0.01976709,0.002192006,0.001328414,0.0,0.0,0.0
0.649,0.23913,0.42441,0.4267,0.02247145,0.003562693,0.00136209,0.001369659,0.01978137,0.002193035,0.001327986,0.0,0.0,0.0
0.649,0.23904,0.42451,0.4268,0.02245786,0.003631791,0.001360122,0.00136859,0.01977018,0.002263201,0.001327557,0.0,0.0,0.0
0.649,0.23896,0.42461,0.4269,0.02247087,0.003629747,0.001358156,0.001367523,0.01978559,0.002262225,0.001327127,0.0,0.0,0.0
0.649,0.23887,0.42471,0.427,0.02248377,0.003627884,0.001356191,0.001366455,0.01980089,0.002261429,0.001326695,0.0,0.0,0.0
0.649,0.23879,0.42481,0.4271,0.02249658,0.003626181,0.001354229,0.001365389,0.01981609,0.002260792,0.001326262,0.0,0.0,0.0
0.649,0.2387,0.42491,0.4272,0.0225093,0.003624617,0.001352268,0.001364322,0.01983121,0.002260295,0.001325828,0.0,0.0,0.0
0.649,0.23862,0.42501,0.4273,0.02252195,0.003623179,0.001350309,0.001363257,0.01984625,0.002259922,0.001325393,0.0,0.0,0.0
0.649,0.23853,0.42511,0.4274,0.02253453,0.003621851,0.001348352,0.001362192,0.01986122,0.00225966,0.001324956,0.0,0.0,0.0
0.649,0.23844,0.42521,0.4275,0.02254704,0.003620625,0.001346397,0.001361127,0.01987613,0.002259498,0.001324518,0.0,0.0,0.0
0.649,0.23836,0.42532,0.4276,0.0225595,0.003619488,0.001344444,0.001360063,0.01989098,0.002259425,0.001324079,0.0,0.0,0.0
0.649,0.23827,0.42542,0.4277,0.0225719,0.003618434,0.001342493,0.001358999,0.01990577,0.002259434,0.001323639,0.0,0.0,0.0
0.649,0.23819,0.42552,0.4278,0.02258425,0.003617454,0.001340543,0.001357936,0.01992051,0.002259518,0.001323198,0.0,0.0,0.0
0.649,0.2381,0.42562,0.4279,0.02259656,0.003616544,0.001338596,0.001356874,0.01993521,0.00225967,0.001322755,0.0,0.0,0.0
0.649,0.23802,0.42572,0.428,0.02260882,0.003615696,0.00133665,0.001355812,0.01994986,0.002259884,0.001322311,0.0,0.0,0.0
0.649,0.23793,0.42582,0.4281,0.02262104,0.003614906,0.001334706,0.00135475,0.01996447,0.002260155,0.001321866,0.0,0.0,0.0
0.649,0.23785,0.42592,0.4282,0.02263322,0.003614169,0.001332764,0.00135369,0.01997903,0.00226048,0.00132142,0.0,0.0,0.0
0.649,0.23776,0.42602,0.4283,0.02264536,0.003613482,0.001330824,0.001352629,0.01999356,0.002260853,0.001320972,0.0,0.0,0.0
0.649,0.23767,0.42612,0.4284,0.02265747,0.003612842,0.001328886,0.001351569,0.02000806,0.002261272,0.001320523,0.0,0.0,0.0
0.649,0.23759,0.42622,0.4285,0.02266954,0.003612244,0.001326949,0.00135051,0.02002252,0.002261734,0.001320073,0.0,0.0,0.0
0.649,0.2375,0.42632,0.4286,0.02268158,0.003611687,0.001325015,0.001349451,0.02003694,0.002262236,0.001319622,0.0,0.0,0.0
0.649,0.23742,0.42642,0.4287,0.02269359,0.003611167,0.001323082,0.001348393,0.02005134,0.002262774,0.001319169,0.0,0.0,0.0
0.649,0.23733,0.42653,0.4288,0.02270557,0.003610683,0.001321151,0.001347335,0.0200657,0.002263348,0.001318715,0.0,0.0,0.0
0.649,0.23725,0.42663,0.4289,0.02271752,0.003610232,0.001319222,0.001346278,0.02008004,0.002263954,0.00131826,0.0,0.0,0.0
0.649,0.23716,0.42673,0.429,0.02272944,0.003609812,0.001317295,0.001345221,0.02009435,0.002264591,0.001317804,0.0,0.0,0.0
0.649,0.23707,0.42683,0.4291,0.02274134,0.003609422,0.001315369,0.001344165,0.02010862,0.002265257,0.001317347,0.0,0.0,0.0
0.649,0.23699,0.42693,0.4292,0.02275321,0.00360906,0.001313446,0.001343109,0.02012288,0.00226595,0.001316888,0.0,0.0,0.0
0.649,0.2369,0.42703,0.4293,0.02276505,0.003608724,0.001311524,0.001342054,0.0201371,0.00226667,0.001316428,0.0,0.0,0.0
0.649,0.23682,0.42713,0.4294,0.02277687,0.003608413,0.001309604,0.001341,0.0201513,0.002267413,0.001315967,0.0,0.0,0.0
0.649,0.23673,0.42723,0.4295,0.02278867,0.003608126,0.001307686,0.001339945,0.02016548,0.002268181,0.001315504,0.0,0.0,0.0
0.649,0.23664,0.42733,0.4296,0.02280044,0.003607862,0.00130577,0.001338892,0.02017963,0.00226897,0.001315041,0.0,0.0,0.0
0.649,0.23656,0.42743,0.4297,0.02281219,0.003607619,0.001303856,0.001337839,0.02019376,0.00226978,0.001314576,0.0,0.0,0.0
0.649,0.23647,0.42753,0.4298,0.02282392,0.003607397,0.001301943,0.001336786,0.02020787,0.002270611,0.00131411,0.0,0.0,0.0
0.649,0.23639,0.42763,0.4299,0.02283563,0.003607195,0.001300033,0.001335734,0.02022195,0.002271461,0.001313642,0.0,0.0,0.0
0.649,0.2363,0.42774,0.43,0.02284731,0.003607011,0.001298124,0.001334683,0.02023601,0.002272329,0.001313174,0.0,0.0,0.0
0.649,0.23621,0.42784,0.4301,0.02285897,0.003606846,0.001296217,0.001333632,0.02025005,0.002273214,0.001312704,0.0,0.0,0.0
0.649,0.23613,0.42794,0.4302,0.02287061,0.003606697,0.001294312,0.001332581,0.02026407,0.002274116,0.001312233,0.0,0.0,0.0
0.649,0.23604,0.42804,0.4303,0.02288224,0.003606565,0.001292409,0.001331531,0.02027807,0.002275034,0.001311761,0.0,0.0,0.0
0.649,0.23596,0.42814,0.4304,0.02289384,0.003606449,0.001290507,0.001330482,0.02029204,0.002275968,0.001311287,0.0,0.0,0.0
0.649,0.23587,0.42824,0.4305,0.02290542,0.003606349,0.001288607,0.001329433,0.020306,0.002276916,0.001310812,0.0,0.0,0.0
0.649,0.23578,0.42834,0.4306,0.02291698,0.003606263,0.00128671,0.001328384,0.02031994,0.002277878,0.001310336,0.0,0.0,0.0
0.649,0.2357,0.42844,0.4307,0.02292852,0.003606191,0.001284813,0.001327336,0.02033385,0.002278854,0.001309859,0.0,0.0,0.0
0.649,0.23561,0.42854,0.4308,0.02294005,0.003606132,0.001282919,0.001326289,0.02034775,0.002279843,0.001309381,0.0,0.0,0.0
0.649,0.23553,0.42864,0.4309,0.02295155,0.003606087,0.001281027,0.001325242,0.02036163,0.002280845,0.001308901,0.0,0.0,0.0
0.649,0.23544,0.42874,0.431,0.02296304,0.003606054,0.001279136,0.001324195,0.02037548,0.002281859,0.00130842,0.0,0.0,0.0
0.649,0.23535,0.42884,0.4311,0.02297451,0.003606034,0.001277248,0.00132315,0.02038932,0.002282884,0.001307938,0.0,0.0,0.0
0.649,0.23527,0.42894,0.4312,0.02298596,0.003606025,0.001275361,0.001322104,0.02040314,0.002283921,0.001307455,0.0,0.0,0.0
0.649,0.23518,0.42905,0.4313,0.02299739,0.003606027,0.001273476,0.001321059,0.02041694,0.002284968,0.00130697,0.0,0.0,0.0
0.649,0.2351,0.42915,0.4314,0.02298286,0.003673955,0.001271592,0.001320015,0.02040478,0.00235394,0.001306484,0.0,0.0,0.0
0.649,0.23501,0.42925,0.4315,0.02299545,0.003671873,0.001269711,0.001318971,0.02041975,0.002352902,0.001305997,0.0,0.0,0.0
0.649,0.23492,0.42935,0.4316,0.02300793,0.003669987,0.001267831,0.001317928,0.02043459,0.00235206,0.001305509,0.0,0.0,0.0
0.649,0.23484,0.42945,0.4317,0.02302031,0.003668272,0.001265953,0.001316885,0.02044933,0.002351388,0.001305019,0.0,0.0,0.0
0.649,0.23475,0.42955,0.4318,0.02303259,0.003666707,0.001264077,0.001315842,0.02046399,0.002350865,0.001304528,0.0,0.0,0.0
0.649,0.23466,0.42965,0.4319,0.02304479,0.003665274,0.001262203,0.0013148,0.02047855,0.002350474,0.001304036,0.0,0.0,0.0
0.649,0.23458,0.42975,0.432,0.02305692,0.003663959,0.001260331,0.001313759,0.02049305,0.0023502,0.001303543,0.0,0.0,0.0
0.649,0.23449,0.42985,0.4321,0.02306898,0.003662749,0.00125846,0.001312718,0.02050747,0.002350031,0.001303049,0.0,0.0,0.0
0.649,0.2344,0.42995,0.4322,0.02308098,0.003661634,0.001256591,0.001311678,0.02052183,0.002349957,0.001302553,0.0,0.0,0.0
0.649,0.23432,0.43005,0.4323,0.02309291,0.003660605,0.001254724,0.001310638,0.02053613,0.002349967,0.001302056,0.0,0.0,0.0
0.649,0.23423,0.43015,0.4324,0.0231048,0.003659654,0.001252859,0.001309598,0.02055038,0.002350055,0.001301558,0.0,0.0,0.0
0.649,0.23414,0.43026,0.4325,0.02311663,0.003658773,0.001250995,0.00130856,0.02056458,0.002350214,0.001301059,0.0,0.0,0.0
0.649,0.23406,0.43036,0.4326,0.02312842,0.003657958,0.001249134,0.001307521,0.02057873,0.002350437,0.001300558,0.0,0.0,0.0
0.649,0.23397,0.43046,0.4327,0.02314017,0.003657202,0.001247274,0.001306483,0.02059284,0.002350719,0.001300056,0.0,0.0,0.0
0.649,0.23389,0.43056,0.4328,0.02315187,0.003656501,0.001245416,0.001305446,0.0206069,0.002351055,0.001299553,0.0,0.0,0.0
0.649,0.2338,0.43066,0.4329,0.02316353,0.003655851,0.00124356,0.001304409,0.02062092,0.002351442,0.001299049,0.0,0.0,0.0
0.649,0.23371,0.43076,0.433,0.02317516,0.003655249,0.001241705,0.001303373,0.02063491,0.002351876,0.001298543,0.0,0.0,0.0
0.649,0.23363,0.43086,0.4331,0.02318674,0.00365469,0.001239853,0.001302337,0.02064886,0.002352353,0.001298037,0.0,0.0,0.0
0.649,0.23354,0.43096,0.4332,0.0231983,0.003654172,0.001238002,0.001301301,0.02066277,0.002352871,0.001297529,0.0,0.0,0.0
0.649,0.23345,0.43106,0.4333,0.02320982,0.003653693,0.001236153,0.001300266,0.02067665,0.002353427,0.001297019,0.0,0.0,0.0
0.649,0.23337,0.43116,0.4334,0.02322131,0.003653249,0.001234305,0.001299232,0.0206905,0.002354017,0.001296509,0.0,0.0,0.0
0.649,0.23328,0.43126,0.4335,0.02323277,0.003652839,0.00123246,0.001298198,0.02070431,0.002354641,0.001295997,0.0,0.0,0.0
0.649,0.23319,0.43136,0.4336,0.0232442,0.003652461,0.001230616,0.001297164,0.0207181,0.002355296,0.001295484,0.0,0.0,0.0
0.649,0.23311,0.43147,0.4337,0.0232556,0.003652112,0.001228774,0.001296131,0.02073185,0.002355981,0.00129497,0.0,0.0,0.0
0.649,0.23302,0.43157,0.4338,0.02326697,0.003651792,0.001226934,0.001295099,0.02074558,0.002356693,0.001294455,0.0,0.0,0.0
0.649,0.23293,0.43167,0.4339,0.02327832,0.003651498,0.001225096,0.001294067,0.02075928,0.002357431,0.001293938,0.0,0.0,0.0
0.649,0.23285,0.43177,0.434,0.02328964,0.003651229,0.001223259,0.001293035,0.02077296,0.002358194,0.001293421,0.0,0.0,0.0
0.649,0.23276,0.43187,0.4341,0.02330093,0.003650984,0.001221424,0.001292004,0.0207866,0.00235898,0.001292902,0.0,0.0,0.0
0.649,0.23267,0.43197,0.4342,0.0233122,0.003650762,0.001219591,0.001290974,0.02080023,0.002359788,0.001292381,0.0,0.0,0.0
0.649,0.23258,0.43207,0.4343,0.02332344,0.003650562,0.00121776,0.001289944,0.02081382,0.002360618,0.00129186,0.0,0.0,0.0
0.649,0.2325,0.43217,0.4344,0.02333466,0.003650382,0.00121593,0.001288914,0.02082739,0.002361468,0.001291337,0.0,0.0,0.0
0.649,0.23241,0.43227,0.4345,0.02334586,0.003650222,0.001214103,0.001287885,0.02084094,0.002362337,0.001290813,0.0,0.0,0.0
0.649,0.23232,0.43237,0.4346,0.02335703,0.00365008,0.001212277,0.001286857,0.02085447,0.002363224,0.001290288,0.0,0.0,0.0
0.649,0.23224,0.43247,0.4347,0.02336818,0.003649957,0.001210452,0.001285829,0.02086797,0.002364128,0.001289762,0.0,0.0,0.0
0.649,0.23215,0.43257,0.4348,0.02337931,0.00364985,0.00120863,0.001284801,0.02088145,0.002365049,0.001289234,0.0,0.0,0.0
0.649,0.23206,0.43268,0.4349,0.02339042,0.00364976,0.001206809,0.001283774,0.0208949,0.002365986,0.001288706,0.0,0.0,0.0
0.649,0.23198,0.43278,0.435,0.0234015,0.003649686,0.00120499,0.001282747,0.02090834,0.002366939,0.001288176,0.0,0.0,0.0
0.649,0.23189,0.43288,0.4351,0.02341257,0.003649627,0.001203173,0.001281721,0.02092175,0.002367906,0.001287644,0.0,0.0,0.0
0.649,0.2318,0.43298,0.4352,0.02342361,0.003649582,0.001201358,0.001280695,0.02093514,0.002368887,0.001287112,0.0,0.0,0.0
0.649,0.23171,0.43308,0.4353,0.02343463,0.003649551,0.001199544,0.00127967,0.02094851,0.002369881,0.001286578,0.0,0.0,0.0
0.649,0.23163,0.43318,0.4354,0.02344564,0.003649534,0.001197732,0.001278645,0.02096186,0.002370889,0.001286044,0.0,0.0,0.0
0.649,0.23154,0.43328,0.4355,0.02345662,0.003649529,0.001195922,0.001277621,0.02097519,0.002371908,0.001285507,0.0,0.0,0.0
0.649,0.23145,0.43338,0.4356,0.02346758,0.003649537,0.001194114,0.001276597,0.0209885,0.00237294,0.00128497,0.0,0.0,0.0
0.649,0.23137,0.43348,0.4357,0.02347852,0.003649557,0.001192308,0.001275574,0.02100178,0.002373984,0.001284432,0.0,0.0,0.0
0.649,0.23128,0.43358,0.4358,0.02348944,0.003649589,0.001190503,0.001274551,0.02101505,0.002375038,0.001283892,0.0,0.0,0.0
0.649,0.23119,0.43368,0.4359,0.02350035,0.003649632,0.0011887,0.001273529,0.0210283,0.002376103,0.001283351,0.0,0.0,0.0
0.649,0.23111,0.43378,0.436,0.02351123,0.003649686,0.001186898,0.001272507,0.02104152,0.002377179,0.001282809,0.0,0.0,0.0
0.649,0.23102,0.43389,0.4361,0.02349729,0.003713767,0.001185099,0.001271485,0.02102993,0.002442281,0.001282266,0.0,0.0,0.0
0.649,0.23093,0.43399,0.4362,0.02350925,0.003711885,0.001183301,0.001270464,0.02104423,0.00244142,0.001281721,0.0,0.0,0.0
0.649,0.23084,0.43409,0.4363,0.02352111,0.003710182,0.001181505,0.001269444,0.02105843,0.002440738,0.001281175,0.0,0.0,0.0
0.649,0.23076,0.43419,0.4364,0.02353286,0.003708636,0.001179711,0.001268424,0.02107252,0.002440213,0.001280628,0.0,0.0,0.0
0.649,0.23067,0.43429,0.4365,0.02354453,0.003707228,0.001177918,0.001267404,0.02108653,0.002439824,0.00128008,0.0,0.0,0.0
0.649,0.23058,0.43439,0.4366,0.02355612,0.003705942,0.001176127,0.001266385,0.02110047,0.002439556,0.001279531,0.0,0.0,0.0
0.649,0.23049,0.43449,0.4367,0.02356764,0.003704764,0.001174338,0.001265367,0.02111432,0.002439397,0.00127898,0.0,0.0,0.0
0.649,0.23041,0.43459,0.4368,0.0235791,0.003703684,0.001172551,0.001264349,0.02112812,0.002439335,0.001278428,0.0,0.0,0.0
0.649,0.23032,0.43469,0.4369,0.02359049,0.003702692,0.001170765,0.001263331,0.02114185,0.002439361,0.001277875,0.0,0.0,0.0
0.649,0.23023,0.43479,0.437,0.02360183,0.003701779,0.001168981,0.001262314,0.02115553,0.002439465,0.001277321,0.0,0.0,0.0
0.649,0.23014,0.43489,0.4371,0.02361311,0.003700938,0.001167199,0.001261297,0.02116915,0.002439641,0.001276765,0.0,0.0,0.0
0.649,0.23006,0.43499,0.4372,0.02362435,0.003700164,0.001165419,0.001260281,0.02118272,0.002439883,0.001276209,0.0,0.0,0.0
0.649,0.22997,0.4351,0.4373,0.02363554,0.00369945,0.00116364,0.001259265,0.02119625,0.002440184,0.001275651,0.0,0.0,0.0
0.649,0.22988,0.4352,0.4374,0.02364668,0.003698791,0.001161863,0.00125825,0.02120973,0.002440541,0.001275092,0.0,0.0,0.0
0.649,0.22979,0.4353,0.4375,0.02365779,0.003698184,0.001160088,0.001257235,0.02122317,0.002440949,0.001274532,0.0,0.0,0.0
0.649,0.22971,0.4354,0.4376,0.02366885,0.003697625,0.001158315,0.00125622,0.02123657,0.002441404,0.00127397,0.0,0.0,0.0
0.649,0.22962,0.4355,0.4377,0.02367988,0.00369711,0.001156543,0.001255207,0.02124993,0.002441903,0.001273407,0.0,0.0,0.0
0.649,0.22953,0.4356,0.4378,0.02369087,0.003696635,0.001154773,0.001254193,0.02126325,0.002442442,0.001272844,0.0,0.0,0.0
0.649,0.22944,0.4357,0.4379,0.02370183,0.0036962,0.001153005,0.00125318,0.02127654,0.002443019,0.001272279,0.0,0.0,0.0
0.649,0.22936,0.4358,0.438,0.02371275,0.0036958,0.001151239,0.001252168,0.0212898,0.002443632,0.001271712,0.0,0.0,0.0
0.649,0.22927,0.4359,0.4381,0.02372364,0.003695433,0.001149474,0.001251155,0.02130302,0.002444278,0.001271145,0.0,0.0,0.0
0.649,0.22918,0.436,0.4382,0.0237345,0.003695098,0.001147711,0.001250144,0.02131622,0.002444954,0.001270576,0.0,0.0,0.0
0.649,0.22909,0.4361,0.4383,0.02374533,0.003694793,0.001145949,0.001249133,0.02132938,0.00244566,0.001270006,0.0,0.0,0.0
0.649,0.22901,0.4362,0.4384,0.02375613,0.003694516,0.00114419,0.001248122,0.02134251,0.002446394,0.001269435,0.0,0.0,0.0
0.649,0.22892,0.43631,0.4385,0.02376691,0.003694265,0.001142432,0.001247112,0.02135561,0.002447153,0.001268863,0.0,0.0,0.0
0.649,0.22883,0.43641,0.4386,0.02377765,0.00369404,0.001140676,0.001246102,0.02136869,0.002447938,0.00126829,0.0,0.0,0.0
0.649,0.22874,0.43651,0.4387,0.02378837,0.003693837,0.001138921,0.001245093,0.02138173,0.002448745,0.001267715,0.0,0.0,0.0
0.649,0.22866,0.43661,0.4388,0.02379906,0.003693658,0.001137169,0.001244084,0.02139475,0.002449574,0.001267139,0.0,0.0,0.0
0.649,0.22857,0.43671,0.4389,0.02380973,0.0036935,0.001135417,0.001243075,0.02140775,0.002450424,0.001266562,0.0,0.0,0.0
0.649,0.22848,0.43681,0.439,0.02382037,0.003693362,0.001133668,0.001242067,0.02142072,0.002451294,0.001265984,0.0,0.0,0.0
0.649,0.22839,0.43691,0.4391,0.02383098,0.003693243,0.001131921,0.00124106,0.02143366,0.002452183,0.001265404,0.0,0.0,0.0
0.649,0.2283,0.43701,0.4392,0.02384158,0.003693143,0.001130175,0.001240053,0.02144658,0.00245309,0.001264824,0.0,0.0,0.0
0.649,0.22822,0.43711,0.4393,0.02385214,0.003693061,0.001128431,0.001239046,0.02145947,0.002454014,0.001264242,0.0,0.0,0.0
0.649,0.22813,0.43721,0.4394,0.02386269,0.003692995,0.001126688,0.00123804,0.02147234,0.002454955,0.001263659,0.0,0.0,0.0
0.649,0.22804,0.43731,0.4395,0.02387321,0.003692946,0.001124947,0.001237034,0.02148519,0.002455911,0.001263075,0.0,0.0,0.0
0.649,0.22795,0.43742,0.4396,0.02388371,0.003692911,0.001123208,0.001236029,0.02149801,0.002456882,0.00126249,0.0,0.0,0.0
0.649,0.22786,0.43752,0.4397,0.02389418,0.003692892,0.001121471,0.001235024,0.02151081,0.002457868,0.001261903,0.0,0.0,0.0
0.649,0.22778,0.43762,0.4398,0.02390464,0.003692887,0.001119735,0.00123402,0.02152358,0.002458867,0.001261315,0.0,0.0,0.0
0.649,0.22769,0.43772,0.4399,0.02391507,0.003692896,0.001118002,0.001233016,0.02153634,0.00245988,0.001260727,0.0,0.0,0.0
0.649,0.2276,0.43782,0.44,0.02392548,0.003692918,0.001116269,0.001232013,0.02154907,0.002460905,0.001260137,0.0,0.0,0.0
0.649,0.22751,0.43792,0.4401,0.02393586,0.003692952,0.001114539,0.00123101,0.02156178,0.002461943,0.001259545,0.0,0.0,0.0
0.649,0.22742,0.43802,0.4402,0.02394623,0.003692999,0.00111281,0.001230007,0.02157447,0.002462992,0.001258953,0.0,0.0,0.0
0.649,0.22734,0.43812,0.4403,0.02395658,0.003693057,0.001111083,0.001229005,0.02158714,0.002464052,0.001258359,0.0,0.0,0.0
0.649,0.22725,0.43822,0.4404,0.0239669,0.003693127,0.001109357,0.001228003,0.02159978,0.002465124,0.001257765,0.0,0.0,0.0
0.649,0.22716,0.43832,0.4405,0.02397721,0.003693208,0.001107634,0.001227002,0.02161241,0.002466205,0.001257169,0.0,0.0,0.0
0.649,0.22707,0.43842,0.4406,0.02398749,0.003693299,0.001105912,0.001226001,0.02162501,0.002467297,0.001256571,0.0,0.0,0.0
0.649,0.22698,0.43852,0.4407,0.02397327,0.003755132,0.001104191,0.001225001,0.0216131,0.002530131,0.001255973,0.0,0.0,0.0
0.649,0.2269,0.43863,0.4408,0.02398463,0.003753286,0.001102473,0.001224001,0.02162678,0.002529285,0.001255374,0.0,0.0,0.0
0.649,0.22681,0.43873,0.4409,0.02399587,0.003751624,0.001100756,0.001223002,0.02164034,0.002528622,0.001254773,0.0,0.0,0.0
0.649,0.22672,0.43883,0.441,0.02400702,0.003750121,0.001099041,0.001222003,0.02165381,0.002528118,0.001254171,0.0,0.0,0.0
0.649,0.22663,0.43893,0.4411,0.02401807,0.003748758,0.001097327,0.001221004,0.02166718,0.002527754,0.001253568,0.0,0.0,0.0
0.649,0.22654,0.43903,0.4412,0.02402905,0.003747519,0.001095615,0.001220006,0.02168047,0.002527513,0.001252964,0.0,0.0,0.0
0.649,0.22646,0.43913,0.4413,0.02403995,0.00374639,0.001093905,0.001219008,0.02169369,0.002527381,0.001252359,0.0,0.0,0.0
0.649,0.22637,0.43923,0.4414,0.02405078,0.003745359,0.001092196,0.001218011,0.02170683,0.002527348,0.001251752,0.0,0.0,0.0
0.649,0.22628,0.43933,0.4415,0.02406155,0.003744416,0.00109049,0.001217014,0.02171992,0.002527402,0.001251145,0.0,0.0,0.0
0.649,0.22619,0.43943,0.4416,0.02407227,0.003743553,0.001088785,0.001216018,0.02173295,0.002527535,0.001250536,0.0,0.0,0.0
0.649,0.2261,0.43953,0.4417,0.02408293,0.003742762,0.001087081,0.001215022,0.02174592,0.00252774,0.001249926,0.0,0.0,0.0
0.649,0.22601,0.43963,0.4418,0.02409354,0.003742038,0.001085379,0.001214026,0.02175884,0.002528011,0.001249315,0.0,0.0,0.0
0.649,0.22593,0.43973,0.4419,0.0241041,0.003741373,0.001083679,0.001213031,0.02177172,0.002528342,0.001248702,0.0,0.0,0.0
0.649,0.22584,0.43984,0.442,0.02411461,0.003740764,0.001081981,0.001212037,0.02178454,0.002528727,0.001248089,0.0,0.0,0.0
0.649,0.22575,0.43994,0.4421,0.02412509,0.003740206,0.001080284,0.001211043,0.02179733,0.002529164,0.001247474,0.0,0.0,0.0
0.649,0.22566,0.44004,0.4422,0.02413552,0.003739695,0.001078589,0.001210049,0.02181007,0.002529647,0.001246858,0.0,0.0,0.0
0.649,0.22557,0.44014,0.4423,0.02414592,0.003739228,0.001076896,0.001209056,0.02182278,0.002530173,0.001246241,0.0,0.0,0.0
0.649,0.22548,0.44024,0.4424,0.02415627,0.003738802,0.001075204,0.001208063,0.02183545,0.002530739,0.001245623,0.0,0.0,0.0
0.649,0.22539,0.44034,0.4425,0.0241666,0.003738413,0.001073514,0.00120707,0.02184808,0.002531343,0.001245004,0.0,0.0,0.0
0.649,0.22531,0.44044,0.4426,0.02417688,0.00373806,0.001071826,0.001206078,0.02186067,0.002531982,0.001244384,0.0,0.0,0.0
0.649,0.22522,0.44054,0.4427,0.02418714,0.00373774,0.001070139,0.001205087,0.02187324,0.002532653,0.001243762,0.0,0.0,0.0
0.649,0.22513,0.44064,0.4428,0.02419736,0.003737451,0.001068454,0.001204095,0.02188577,0.002533355,0.001243139,0.0,0.0,0.0
0.649,0.22504,0.44074,0.4429,0.02420755,0.003737191,0.001066771,0.001203105,0.02189827,0.002534086,0.001242515,0.0,0.0,0.0
0.649,0.22495,0.44084,0.443,0.02421771,0.003736958,0.001065089,0.001202114,0.02191073,0.002534844,0.00124189,0.0,0.0,0.0
0.649,0.22486,0.44094,0.4431,0.02422784,0.003736752,0.001063409,0.001201125,0.02192317,0.002535627,0.001241264,0.0,0.0,0.0
0.649,0.22477,0.44105,0.4432,0.02423795,0.00373657,0.001061731,0.001200135,0.02193558,0.002536434,0.001240637,0.0,0.0,0.0
0.649,0.22469,0.44115,0.4433,0.02424802,0.003736411,0.001060054,0.001199146,0.02194796,0.002537265,0.001240008,0.0,0.0,0.0
0.649,0.2246,0.44125,0.4434,0.02425807,0.003736274,0.001058379,0.001198158,0.02196031,0.002538116,0.001239379,0.0,0.0,0.0
0.649,0.22451,0.44135,0.4435,0.02426809,0.003736158,0.001056705,0.001197169,0.02197264,0.002538988,0.001238748,0.0,0.0,0.0
0.649,0.22442,0.44145,0.4436,0.02427808,0.003736061,0.001055034,0.001196182,0.02198493,0.00253988,0.001238116,0.0,0.0,0.0
0.649,0.22433,0.44155,0.4437,0.02428805,0.003735984,0.001053364,0.001195194,0.02199721,0.00254079,0.001237483,0.0,0.0,0.0
0.649,0.22424,0.44165,0.4438,0.024298,0.003735925,0.001051695,0.001194207,0.02200945,0.002541717,0.001236849,0.0,0.0,0.0
0.649,0.22415,0.44175,0.4439,0.02430791,0.003735882,0.001050029,0.001193221,0.02202167,0.002542662,0.001236213,0.0,0.0,0.0
0.649,0.22407,0.44185,0.444,0.02431781,0.003735857,0.001048364,0.001192235,0.02203387,0.002543622,0.001235577,0.0,0.0,0.0
0.649,0.22398,0.44195,0.4441,0.02432768,0.003735847,0.0010467,0.001191249,0.02204604,0.002544597,0.001234939,0.0,0.0,0.0
0.649,0.22389,0.44205,0.4442,0.02433752,0.003735851,0.001045038,0.001190264,0.02205819,0.002545587,0.001234301,0.0,0.0,0.0
0.649,0.2238,0.44215,0.4443,0.02434735,0.003735871,0.001043378,0.001189279,0.02207031,0.002546591,0.001233661,0.0,0.0,0.0
0.649,0.22371,0.44226,0.4444,0.02435715,0.003735904,0.00104172,0.001188295,0.02208241,0.002547609,0.00123302,0.0,0.0,0.0
0.649,0.22362,0.44236,0.4445,0.02436692,0.00373595,0.001040063,0.001187311,0.02209448,0.002548639,0.001232378,0.0,0.0,0.0
0.649,0.22353,0.44246,0.4446,0.02437668,0.003736009,0.001038408,0.001186327,0.02210653,0.002549682,0.001231734,0.0,0.0,0.0
0.649,0.22344,0.44256,0.4447,0.02438641,0.00373608,0.001036754,0.001185344,0.02211856,0.002550736,0.00123109,0.0,0.0,0.0
0.649,0.22335,0.44266,0.4448,0.02439612,0.003736163,0.001035102,0.001184362,0.02213057,0.002551802,0.001230444,0.0,0.0,0.0
0.649,0.22326,0.44276,0.4449,0.0244058,0.003736258,0.001033452,0.001183379,0.02214255,0.002552878,0.001229798,0.0,0.0,0.0
0.649,0.22318,0.44286,0.445,0.02441547,0.003736363,0.001031804,0.001182398,0.02215451,0.002553966,0.00122915,0.0,0.0,0.0
0.649,0.22309,0.44296,0.4451,0.02442511,0.003736479,0.001030157,0.001181416,0.02216645,0.002555063,0.001228501,0.0,0.0,0.0
0.649,0.223,0.44306,0.4452,0.02443473,0.003736605,0.001028511,0.001180435,0.02217837,0.00255617,0.001227851,0.0,0.0,0.0
0.649,0.22291,0.44316,0.4453,0.02444433,0.003736741,0.001026868,0.001179454,0.02219026,0.002557286,0.0012272,0.0,0.0,0.0
0.649,0.22282,0.44326,0.4454,0.02443119,0.003793944,0.001025226,0.001178474,0.02217942,0.00261547,0.001226548,0.0,0.0,0.0
0.649,0.22273,0.44337,0.4455,0.02444175,0.00379235,0.001023585,0.001177495,0.02219227,0.002614856,0.001225894,0.0,0.0,0.0
0.649,0.22264,0.44347,0.4456,0.02445221,0.003790916,0.001021947,0.001176515,0.02220502,0.002614401,0.00122524,0.0,0.0,0.0
0.649,0.22255,0.44357,0.4457,0.02446257,0.00378962,0.00102031,0.001175536,0.02221768,0.002614084,0.001224584,0.0,0.0,0.0
0.649,0.22246,0.44367,0.4458,0.02447285,0.003788448,0.001018674,0.001174558,0.02223025,0.00261389,0.001223927,0.0,0.0,0.0
0.649,0.22237,0.44377,0.4459,0.02448306,0.003787383,0.00101704,0.001173579,0.02224275,0.002613804,0.00122327,0.0,0.0,0.0
0.649,0.22229,0.44387,0.446,0.02449321,0.003786416,0.001015408,0.001172602,0.02225519,0.002613814,0.001222611,0.0,0.0,0.0
0.649,0.2222,0.44397,0.4461,0.02450328,0.003785536,0.001013778,0.001171624,0.02226756,0.002613911,0.001221951,0.0,0.0,0.0
0.649,0.22211,0.44407,0.4462,0.0245133,0.003784734,0.001012149,0.001170648,0.02227987,0.002614086,0.001221289,0.0,0.0,0.0
0.649,0.22202,0.44417,0.4463,0.02452327,0.003784003,0.001010521,0.001169671,0.02229212,0.002614332,0.001220627,0.0,0.0,0.0
0.649,0.22193,0.44427,0.4464,0.02453318,0.003783337,0.001008896,0.001168695,0.02230432,0.002614642,0.001219964,0.0,0.0,0.0
0.649,0.22184,0.44437,0.4465,0.02454305,0.00378273,0.001007272,0.001167719,0.02231648,0.002615011,0.001219299,0.0,0.0,0.0
0.649,0.22175,0.44447,0.4466,0.02455287,0.003782177,0.001005649,0.001166744,0.02232859,0.002615433,0.001218634,0.0,0.0,0.0
0.649,0.22166,0.44458,0.4467,0.02456265,0.003781674,0.001004028,0.001165769,0.02234065,0.002615905,0.001217967,0.0,0.0,0.0
0.649,0.22157,0.44468,0.4468,0.02457239,0.003781217,0.001002409,0.001164795,0.02235268,0.002616422,0.001217299,0.0,0.0,0.0
0.649,0.22148,0.44478,0.4469,0.02458208,0.003780802,0.001000792,0.001163821,0.02236466,0.002616982,0.00121663,0.0,0.0,0.0
0.649,0.22139,0.44488,0.447,0.02459174,0.003780428,0.0009991758,0.001162847,0.02237661,0.002617581,0.00121596,0.0,0.0,0.0
0.649,0.2213,0.44498,0.4471,0.02460137,0.00378009,0.0009975615,0.001161874,0.02238852,0.002618216,0.001215289,0.0,0.0,0.0
0.649,0.22121,0.44508,0.4472,0.02461096,0.003779786,0.0009959489,0.001160901,0.02240039,0.002618885,0.001214617,0.0,0.0,0.0
0.649,0.22112,0.44518,0.4473,0.02462051,0.003779514,0.0009943378,0.001159928,0.02241223,0.002619586,0.001213943,0.0,0.0,0.0
0.649,0.22103,0.44528,0.4474,0.02463003,0.003779273,0.0009927284,0.001158956,0.02242404,0.002620316,0.001213269,0.0,0.0,0.0
0.649,0.22094,0.44538,0.4475,0.02463952,0.00377906,0.0009911205,0.001157985,0.02243581,0.002621075,0.001212593,0.0,0.0,0.0
0.649,0.22086,0.44548,0.4476,0.02464898,0.003778873,0.0009895143,0.001157013,0.02244755,0.002621859,0.001211917,0.0,0.0,0.0
0.649,0.22077,0.44558,0.4477,0.02465841,0.003778711,0.0009879097,0.001156043,0.02245926,0.002622669,0.001211239,0.0,0.0,0.0
0.649,0.22068,0.44568,0.4478,0.02466781,0.003778574,0.0009863068,0.001155072,0.02247095,0.002623501,0.00121056,0.0,0.0,0.0
0.649,0.22059,0.44579,0.4479,0.02467718,0.003778458,0.0009847054,0.001154102,0.0224826,0.002624356,0.001209881,0.0,0.0,0.0
0.649,0.2205,0.44589,0.448,0.02468653,0.003778364,0.0009831056,0.001153132,0.02249422,0.002625231,0.0012092,0.0,0.0,0.0
0.649,0.22041,0.44599,0.4481,0.02469584,0.00377829,0.0009815075,0.001152163,0.02250582,0.002626127,0.001208518,0.0,0.0,0.0
0.649,0.22032,0.44609,0.4482,0.02470513,0.003778235,0.0009799109,0.001151194,0.02251739,0.002627041,0.001207835,0.0,0.0,0.0
0.649,0.22023,0.44619,0.4483,0.02471439,0.003778198,0.000978316,0.001150226,0.02252893,0.002627972,0.00120715,0.0,0.0,0.0
0.649,0.22014,0.44629,0.4484,0.02472363,0.003778179,0.0009767227,0.001149258,0.02254044,0.002628921,0.001206465,0.0,0.0,0.0
0.649,0.22005,0.44639,0.4485,0.02473284,0.003778176,0.000975131,0.00114829,0.02255193,0.002629886,0.001205779,0.0,0.0,0.0
0.649,0.21996,0.44649,0.4486,0.02474203,0.003778188,0.0009735409,0.001147323,0.02256339,0.002630866,0.001205091,0.0,0.0,0.0
0.649,0.21987,0.44659,0.4487,0.02475119,0.003778216,0.0009719523,0.001146356,0.02257483,0.00263186,0.001204403,0.0,0.0,0.0
0.649,0.21978,0.44669,0.4488,0.02476032,0.003778259,0.0009703654,0.001145389,0.02258624,0.002632869,0.001203713,0.0,0.0,0.0
0.649,0.21969,0.44679,0.4489,0.02476943,0.003778315,0.0009687801,0.001144423,0.02259763,0.002633892,0.001203023,0.0,0.0,0.0
0.649,0.2196,0.4469,0.449,0.02477852,0.003778384,0.0009671964,0.001143458,0.02260899,0.002634927,0.001202331,0.0,0.0,0.0
0.649,0.21951,0.447,0.4491,0.02478758,0.003778466,0.0009656143,0.001142492,0.02262033,0.002635974,0.001201638,0.0,0.0,0.0
0.649,0.21942,0.4471,0.4492,0.02479662,0.003778561,0.0009640338,0.001141527,0.02263165,0.002637033,0.001200944,0.0,0.0,0.0
0.649,0.21933,0.4472,0.4493,0.02480564,0.003778667,0.0009624549,0.001140563,0.02264294,0.002638104,0.001200249,0.0,0.0,0.0
0.649,0.21924,0.4473,0.4494,0.02481463,0.003778784,0.0009608776,0.001139599,0.0226542,0.002639185,0.001199553,0.0,0.0,0.0
0.649,0.21915,0.4474,0.4495,0.02482361,0.003778912,0.0009593019,0.001138635,0.02266545,0.002640277,0.001198856,0.0,0.0,0.0
0.649,0.21906,0.4475,0.4496,0.02483255,0.003779051,0.0009577277,0.001137672,0.02267667,0.002641379,0.001198158,0.0,0.0,0.0
0.649,0.21897,0.4476,0.4497,0.02484148,0.003779199,0.0009561552,0.001136709,0.02268787,0.002642491,0.001197459,0.0,0.0,0.0
0.649,0.21888,0.4477,0.4498,0.02485038,0.003779358,0.0009545843,0.001135746,0.02269904,0.002643612,0.001196759,0.0,0.0,0.0
0.649,0.21879,0.4478,0.4499,0.02485927,0.003779526,0.0009530149,0.001134784,0.02271019,0.002644742,0.001196058,0.0,0.0,0.0
0.649,0.2187,0.4479,0.45,0.02484636,0.003833659,0.0009514472,0.001133822,0.02269956,0.002699837,0.001195355,0.0,0.0,0.0
0.649,0.21861,0.448,0.4501,0.02485616,0.003832162,0.000949881,0.00113286,0.02271163,0.002699302,0.001194652,0.0,0.0,0.0
0.649,0.21852,0.44811,0.4502,0.02486586,0.00383082,0.0009483164,0.001131899,0.02272359,0.002698921,0.001193947,0.0,0.0,0.0
0.649,0.21843,0.44821,0.4503,0.02487546,0.003829613,0.0009467534,0.001130939,0.02273547,0.002698675,0.001193242,0.0,0.0,0.0
0.649,0.21834,0.44831,0.4504,0.02488499,0.003828525,0.000945192,0.001129978,0.02274726,0.002698546,0.001192535,0.0,0.0,0.0
0.649,0.21825,0.44841,0.4505,0.02489444,0.003827541,0.0009436322,0.001129018,0.02275898,0.002698523,0.001191828,0.0,0.0,0.0
0.649,0.21816,0.44851,0.4506,0.02490382,0.003826652,0.0009420739,0.001128059,0.02277063,0.002698593,0.001191119,0.0,0.0,0.0
0.649,0.21807,0.44861,0.4507,0.02491315,0.003825846,0.0009405173,0.0011271,0.02278222,0.002698746,0.00119041,0.0,0.0,0.0
0.649,0.21798,0.44871,0.4508,0.02492241,0.003825116,0.0009389622,0.001126141,0.02279375,0.002698975,0.001189699,0.0,0.0,0.0
0.649,0.21789,0.44881,0.4509,0.02493162,0.003824454,0.0009374087,0.001125183,0.02280523,0.002699271,0.001188987,0.0,0.0,0.0
0.649,0.2178,0.44891,0.451,0.02494078,0.003823854,0.0009358568,0.001124225,0.02281665,0.00269963,0.001188274,0.0,0.0,0.0
0.649,0.21771,0.44901,0.4511,0.0249499,0.003823311,0.0009343065,0.001123267,0.02282803,0.002700045,0.00118756,0.0,0.0,0.0
0.649,0.21762,0.44911,0.4512,0.02495896,0.003822821,0.0009327577,0.00112231,0.02283936,0.002700511,0.001186846,0.0,0.0,0.0
0.649,0.21753,0.44921,0.4513,0.02496799,0.003822378,0.0009312105,0.001121353,0.02285065,0.002701025,0.00118613,0.0,0.0,0.0
0.649,0.21744,0.44932,0.4514,0.02497697,0.003821979,0.0009296649,0.001120396,0.02286189,0.002701583,0.001185413,0.0,0.0,0.0
0.649,0.21735,0.44942,0.4515,0.02498592,0.003821622,0.0009281209,0.00111944,0.0228731,0.002702181,0.001184695,0.0,0.0,0.0
0.649,0.21726,0.44952,0.4516,0.02499482,0.003821302,0.0009265784,0.001118484,0.02288427,0.002702817,0.001183976,0.0,0.0,0.0
0.649,0.21717,0.44962,0.4517,0.02500369,0.003821017,0.0009250375,0.001117529,0.0228954,0.002703488,0.001183256,0.0,0.0,0.0
0.649,0.21708,0.44972,0.4518,0.02501253,0.003820765,0.0009234982,0.001116574,0.02290649,0.002704191,0.001182535,0.0,0.0,0.0
0.649,0.21699,0.44982,0.4519,0.02502133,0.003820544,0.0009219605,0.001115619,0.02291755,0.002704925,0.001181812,0.0,0.0,0.0
0.649,0.2169,0.44992,0.452,0.02503009,0.003820352,0.0009204243,0.001114665,0.02292858,0.002705687,0.001181089,0.0,0.0,0.0
0.649,0.21681,0.45002,0.4521,0.02503883,0.003820187,0.0009188897,0.001113711,0.02293957,0.002706476,0.001180365,0.0,0.0,0.0
0.649,0.21672,0.45012,0.4522,0.02504753,0.003820047,0.0009173566,0.001112758,0.02295054,0.002707289,0.00117964,0.0,0.0,0.0
0.649,0.21663,0.45022,0.4523,0.02505621,0.003819931,0.0009158251,0.001111805,0.02296147,0.002708127,0.001178914,0.0,0.0,0.0
0.649,0.21654,0.45032,0.4524,0.02506485,0.003819838,0.0009142952,0.001110852,0.02297237,0.002708986,0.001178187,0.0,0.0,0.0
0.649,0.21644,0.45043,0.4525,0.02507347,0.003819766,0.0009127669,0.001109899,0.02298324,0.002709867,0.001177458,0.0,0.0,0.0
0.649,0.21635,0.45053,0.4526,0.02508205,0.003819714,0.0009112401,0.001108947,0.02299408,0.002710767,0.001176729,0.0,0.0,0.0
0.649,0.21626,0.45063,0.4527,0.02509061,0.003819682,0.0009097149,0.001107996,0.0230049,0.002711686,0.001175999,0.0,0.0,0.0
0.649,0.21617,0.45073,0.4528,0.02509914,0.003819668,0.0009081912,0.001107044,0.02301568,0.002712623,0.001175268,0.0,0.0,0.0
0.649,0.21608,0.45083,0.4529,0.02510765,0.003819671,0.0009066691,0.001106094,0.02302644,0.002713577,0.001174535,0.0,0.0,0.0
0.649,0.21599,0.45093,0.453,0.02511613,0.00381969,0.0009051486,0.001105143,0.02303717,0.002714547,0.001173802,0.0,0.0,0.0
0.649,0.2159,0.45103,0.4531,0.02512458,0.003819726,0.0009036296,0.001104193,0.02304788,0.002715533,0.001173068,0.0,0.0,0.0
0.649,0.21581,0.45113,0.4532,0.025133,0.003819776,0.0009021122,0.001103243,0.02305856,0.002716533,0.001172333,0.0,0.0,0.0
0.649,0.21572,0.45123,0.4533,0.0251414,0.00381984,0.0009005963,0.001102293,0.02306921,0.002717547,0.001171596,0.0,0.0,0.0
0.649,0.21563,0.45133,0.4534,0.02514978,0.003819919,0.000899082,0.001101344,0.02307984,0.002718574,0.001170859,0.0,0.0,0.0
0.649,0.21554,0.45143,0.4535,0.02515813,0.00382001,0.0008975692,0.001100396,0.02309044,0.002719615,0.001170121,0.0,0.0,0.0
0.649,0.21545,0.45153,0.4536,0.02516645,0.003820114,0.000896058,0.001099447,0.02310101,0.002720667,0.001169382,0.0,0.0,0.0
0.649,0.21536,0.45164,0.4537,0.02517476,0.00382023,0.0008945484,0.001098499,0.02311157,0.002721731,0.001168641,0.0,0.0,0.0
0.649,0.21527,0.45174,0.4538,0.02518303,0.003820358,0.0008930402,0.001097552,0.02312209,0.002722806,0.0011679,0.0,0.0,0.0
0.649,0.21518,0.45184,0.4539,0.02519129,0.003820497,0.0008915337,0.001096604,0.0231326,0.002723892,0.001167158,0.0,0.0,0.0
0.649,0.21509,0.45194,0.454,0.02519952,0.003820646,0.0008900287,0.001095657,0.02314307,0.002724989,0.001166414,0.0,0.0,0.0
0.649,0.21499,0.45204,0.4541,0.02520772,0.003820806,0.0008885252,0.001094711,0.02315353,0.002726095,0.00116567,0.0,0.0,0.0
0.649,0.2149,0.45214,0.4542,0.02521591,0.003820975,0.0008870233,0.001093765,0.02316396,0.002727211,0.001164925,0.0,0.0,0.0
0.649,0.21481,0.45224,0.4543,0.02522407,0.003821154,0.000885523,0.001092819,0.02317437,0.002728336,0.001164179,0.0,0.0,0.0
0.649,0.21472,0.45234,0.4544,0.02523221,0.003821343,0.0008840241,0.001091873,0.02318475,0.00272947,0.001163432,0.0,0.0,0.0
0.649,0.21463,0.45244,0.4545,0.02524032,0.00382154,0.0008825269,0.001090928,0.02319511,0.002730612,0.001162683,0.0,0.0,0.0
0.649,0.21454,0.45254,0.4546,0.02522787,0.003872282,0.0008810311,0.001089983,0.0231849,0.002782298,0.001161934,0.0,0.0,0.0
0.649,0.21445,0.45264,0.4547,0.02523684,0.003870908,0.0008795369,0.001089039,0.02319612,0.002781869,0.001161184,0.0,0.0,0.0
0.649,0.21436,0.45275,0.4548,0.02524572,0.00386968,0.0008780443,0.001088095,0.02320724,0.002781585,0.001160433,0.0,0.0,0.0
0.649,0.21427,0.45285,0.4549,0.0252545,0.00386858,0.0008765532,0.001087151,0.02321827,0.002781428,0.001159681,0.0,0.0,0.0
0.649,0.21418,0.45295,0.455,0.02526321,0.003867592,0.0008750636,0.001086208,0.02322922,0.002781384,0.001158928,0.0,0.0,0.0
0.649,0.21408,0.45305,0.4551,0.02527185,0.003866703,0.0008735756,0.001085265,0.0232401,0.002781438,0.001158174,0.0,0.0,0.0
0.649,0.21399,0.45315,0.4552,0.02528043,0.003865902,0.0008720891,0.001084322,0.02325092,0.00278158,0.001157419,0.0,0.0,0.0
0.649,0.2139,0.45325,0.4553,0.02528894,0.003865181,0.0008706041,0.00108338,0.02326168,0.002781801,0.001156663,0.0,0.0,0.0
0.649,0.21381,0.45335,0.4554,0.0252974,0.003864532,0.0008691207,0.001082438,0.02327237,0.002782094,0.001155906,0.0,0.0,0.0
0.649,0.21372,0.45345,0.4555,0.0253058,0.003863947,0.0008676388,0.001081496,0.02328302,0.002782451,0.001155148,0.0,0.0,0.0
0.649,0.21363,0.45355,0.4556,0.02531416,0.003863421,0.0008661585,0.001080555,0.02329361,0.002782866,0.001154389,0.0,0.0,0.0
0.649,0.21354,0.45365,0.4557,0.02532247,0.003862948,0.0008646797,0.001079614,0.02330416,0.002783334,0.001153629,0.0,0.0,0.0
0.649,0.21345,0.45375,0.4558,0.02533073,0.003862525,0.0008632024,0.001078674,0.02331466,0.002783851,0.001152868,0.0,0.0,0.0
0.649,0.21336,0.45385,0.4559,0.02533895,0.003862147,0.0008617266,0.001077734,0.02332512,0.002784413,0.001152107,0.0,0.0,0.0
0.649,0.21327,0.45396,0.456,0.02534713,0.00386181,0.0008602524,0.001076794,0.02333554,0.002785017,0.001151344,0.0,0.0,0.0
0.649,0.21317,0.45406,0.4561,0.02535528,0.003861512,0.0008587797,0.001075854,0.02334592,0.002785658,0.00115058,0.0,0.0,0.0
0.649,0.21308,0.45416,0.4562,0.02536338,0.00386125,0.0008573085,0.001074915,0.02335626,0.002786335,0.001149816,0.0,0.0,0.0
0.649,0.21299,0.45426,0.4563,0.02537145,0.003861021,0.0008558389,0.001073976,0.02336656,0.002787045,0.00114905,0.0,0.0,0.0
0.649,0.2129,0.45436,0.4564,0.02537948,0.003860823,0.0008543708,0.001073038,0.02337683,0.002787785,0.001148283,0.0,0.0,0.0
0.649,0.21281,0.45446,0.4565,0.02538748,0.003860654,0.0008529042,0.0010721,0.02338706,0.002788554,0.001147516,0.0,0.0,0.0
0.649,0.21272,0.45456,0.4566,0.02539545,0.003860512,0.0008514391,0.001071162,0.02339726,0.00278935,0.001146748,0.0,0.0,0.0
0.649,0.21263,0.45466,0.4567,0.02540339,0.003860396,0.0008499756,0.001070225,0.02340743,0.002790171,0.001145978,0.0,0.0,0.0
0.649,0.21253,0.45476,0.4568,0.02541129,0.003860304,0.0008485135,0.001069288,0.02341757,0.002791016,0.001145208,0.0,0.0,0.0
0.649,0.21244,0.45486,0.4569,0.02541916,0.003860234,0.000847053,0.001068351,0.02342767,0.002791883,0.001144437,0.0,0.0,0.0
0.649,0.21235,0.45496,0.457,0.02542701,0.003860185,0.000845594,0.001067415,0.02343775,0.002792771,0.001143665,0.0,0.0,0.0
0.649,0.21226,0.45507,0.4571,0.02543482,0.003860157,0.0008441366,0.001066479,0.0234478,0.002793678,0.001142891,0.0,0.0,0.0
0.649,0.21217,0.45517,0.4572,0.02544261,0.003860147,0.0008426806,0.001065543,0.02345781,0.002794604,0.001142117,0.0,0.0,0.0
0.649,0.21208,0.45527,0.4573,0.02545037,0.003860156,0.0008412262,0.001064608,0.0234678,0.002795548,0.001141342,0.0,0.0,0.0
0.649,0.21199,0.45537,0.4574,0.0254581,0.003860182,0.0008397733,0.001063673,0.02347776,0.002796509,0.001140566,0.0,0.0,0.0
0.649,0.21189,0.45547,0.4575,0.0254658,0.003860224,0.0008383219,0.001062738,0.02348769,0.002797486,0.00113979,0.0,0.0,0.0
0.649,0.2118,0.45557,0.4576,0.02547348,0.003860281,0.000836872,0.001061804,0.02349759,0.002798478,0.001139012,0.0,0.0,0.0
0.649,0.21171,0.45567,0.4577,0.02548113,0.003860354,0.0008354237,0.00106087,0.02350747,0.002799484,0.001138233,0.0,0.0,0.0
0.649,0.21162,0.45577,0.4578,0.02548875,0.00386044,0.0008339768,0.001059936,0.02351732,0.002800504,0.001137454,0.0,0.0,0.0
0.649,0.21153,0.45587,0.4579,0.02549635,0.00386054,0.0008325315,0.001059003,0.02352715,0.002801537,0.001136673,0.0,0.0,0.0
0.649,0.21144,0.45597,0.458,0.02550392,0.003860653,0.0008310876,0.00105807,0.02353695,0.002802583,0.001135892,0.0,0.0,0.0
0.649,0.21135,0.45607,0.4581,0.02551147,0.003860778,0.0008296453,0.001057137,0.02354672,0.002803641,0.001135109,0.0,0.0,0.0
0.649,0.21125,0.45618,0.4582,0.025519,0.003860915,0.0008282045,0.001056205,0.02355647,0.00280471,0.001134326,0.0,0.0,0.0
0.649,0.21116,0.45628,0.4583,0.0255265,0.003861063,0.0008267652,0.001055273,0.02356619,0.00280579,0.001133542,0.0,0.0,0.0
0.649,0.21107,0.45638,0.4584,0.02553397,0.003861222,0.0008253274,0.001054341,0.02357589,0.002806881,0.001132757,0.0,0.0,0.0
0.649,0.21098,0.45648,0.4585,0.02554142,0.003861391,0.0008238911,0.00105341,0.02358556,0.002807982,0.001131971,0.0,0.0,0.0
0.649,0.21089,0.45658,0.4586,0.02554885,0.003861571,0.0008224563,0.001052479,0.02359521,0.002809092,0.001131184,0.0,0.0,0.0
0.649,0.2108,0.45668,0.4587,0.02555625,0.00386176,0.000821023,0.001051548,0.02360483,0.002810212,0.001130396,0.0,0.0,0.0
0.649,0.2107,0.45678,0.4588,0.02556363,0.003861959,0.0008195913,0.001050618,0.02361443,0.002811341,0.001129607,0.0,0.0,0.0
0.649,0.21061,0.45688,0.4589,0.02557099,0.003862166,0.000818161,0.001049688,0.02362401,0.002812478,0.001128817,0.0,0.0,0.0
0.649,0.21052,0.45698,0.459,0.02557832,0.003862382,0.0008167322,0.001048758,0.02363356,0.002813624,0.001128027,0.0,0.0,0.0
0.649,0.21043,0.45708,0.4591,0.0255656,0.003911099,0.0008153049,0.001047829,0.02362306,0.00286327,0.001127235,0.0,0.0,0.0
0.649,0.21034,0.45718,0.4592,0.02557379,0.003909713,0.0008138792,0.0010469,0.02363347,0.002862813,0.001126443,0.0,0.0,0.0
0.649,0.21024,0.45728,0.4593,0.02558189,0.003908482,0.0008124549,0.001045971,0.02364378,0.002862511,0.00112565,0.0,0.0,0.0
0.649,0.21015,0.45739,0.4594,0.02558989,0.003907386,0.0008110321,0.001045043,0.023654,0.002862343,0.001124856,0.0,0.0,0.0
0.649,0.21006,0.45749,0.4595,0.02559781,0.003906408,0.0008096108,0.001044115,0.02366414,0.002862293,0.001124061,0.0,0.0,0.0
0.649,0.20997,0.45759,0.4596,0.02560566,0.003905533,0.0008081911,0.001043187,0.02367421,0.002862345,0.001123265,0.0,0.0,0.0
0.649,0.20988,0.45769,0.4597,0.02561344,0.00390475,0.0008067728,0.00104226,0.0236842,0.00286249,0.001122468,0.0,0.0,0.0
0.649,0.20978,0.45779,0.4598,0.02562116,0.003904048,0.000805356,0.001041333,0.02369414,0.002862715,0.00112167,0.0,0.0,0.0
0.649,0.20969,0.45789,0.4599,0.02562882,0.00390342,0.0008039407,0.001040406,0.02370401,0.002863014,0.001120871,0.0,0.0,0.0
0.649,0.2096,0.45799,0.46,0.02563643,0.003902858,0.0008025269,0.00103948,0.02371383,0.002863378,0.001120072,0.0,0.0,0.0
0.649,0.20951,0.45809,0.4601,0.02564399,0.003902357,0.0008011146,0.001038554,0.0237236,0.002863802,0.001119272,0.0,0.0,0.0
0.649,0.20942,0.45819,0.4602,0.0256515,0.003901909,0.0007997037,0.001037628,0.02373332,0.002864281,0.00111847,0.0,0.0,0.0
0.649,0.20932,0.45829,0.4603,0.02565896,0.003901511,0.0007982944,0.001036703,0.023743,0.002864808,0.001117668,0.0,0.0,0.0
0.649,0.20923,0.45839,0.4604,0.02566638,0.003901159,0.0007968866,0.001035778,0.02375263,0.002865381,0.001116865,0.0,0.0,0.0
0.649,0.20914,0.4585,0.4605,0.02567376,0.003900849,0.0007954802,0.001034853,0.02376222,0.002865996,0.001116061,0.0,0.0,0.0
0.649,0.20905,0.4586,0.4606,0.0256811,0.003900577,0.0007940753,0.001033929,0.02377177,0.002866648,0.001115257,0.0,0.0,0.0
0.649,0.20896,0.4587,0.4607,0.02568841,0.003900341,0.000792672,0.001033005,0.02378128,0.002867337,0.001114451,0.0,0.0,0.0
0.649,0.20886,0.4588,0.4608,0.02569567,0.003900139,0.0007912701,0.001032081,0.02379076,0.002868058,0.001113645,0.0,0.0,0.0
0.649,0.20877,0.4589,0.4609,0.0257029,0.003899967,0.0007898696,0.001031157,0.02380019,0.002868809,0.001112837,0.0,0.0,0.0
0.649,0.20868,0.459,0.461,0.0257101,0.003899824,0.0007884707,0.001030234,0.0238096,0.00286959,0.001112029,0.0,0.0,0.0
0.649,0.20859,0.4591,0.4611,0.02571726,0.003899708,0.0007870733,0.001029312,0.02381897,0.002870396,0.00111122,0.0,0.0,0.0
0.649,0.2085,0.4592,0.4612,0.02572439,0.003899617,0.0007856773,0.001028389,0.0238283,0.002871228,0.00111041,0.0,0.0,0.0
0.649,0.2084,0.4593,0.4613,0.02573149,0.00389955,0.0007842828,0.001027467,0.02383761,0.002872083,0.001109599,0.0,0.0,0.0
0.649,0.20831,0.4594,0.4614,0.02573856,0.003899505,0.0007828898,0.001026545,0.02384688,0.00287296,0.001108788,0.0,0.0,0.0
0.649,0.20822,0.4595,0.4615,0.0257456,0.003899481,0.0007814983,0.001025623,0.02385612,0.002873857,0.001107975,0.0,0.0,0.0
0.649,0.20813,0.45961,0.4616,0.0257526,0.003899477,0.0007801083,0.001024702,0.02386533,0.002874774,0.001107162,0.0,0.0,0.0
0.649,0.20803,0.45971,0.4617,0.02575958,0.003899491,0.0007787197,0.001023781,0.02387452,0.00287571,0.001106348,0.0,0.0,0.0
0.649,0.20794,0.45981,0.4618,0.02576654,0.003899523,0.0007773326,0.001022861,0.02388367,0.002876662,0.001105533,0.0,0.0,0.0
0.649,0.20785,0.45991,0.4619,0.02577346,0.003899572,0.000775947,0.00102194,0.0238928,0.002877632,0.001104717,0.0,0.0,0.0
0.649,0.20776,0.46001,0.462,0.02578036,0.003899637,0.0007745628,0.001021021,0.02390189,0.002878617,0.0011039,0.0,0.0,0.0
0.649,0.20766,0.46011,0.4621,0.02578722,0.003899717,0.0007731802,0.001020101,0.02391096,0.002879616,0.001103083,0.0,0.0,0.0
0.649,0.20757,0.46021,0.4622,0.02579407,0.003899812,0.000771799,0.001019182,0.02392,0.00288063,0.001102264,0.0,0.0,0.0
0.649,0.20748,0.46031,0.4623,0.02580088,0.00389992,0.0007704193,0.001018263,0.02392902,0.002881657,0.001101445,0.0,0.0,0.0
0.649,0.20739,0.46041,0.4624,0.02580767,0.003900041,0.000769041,0.001017344,0.02393801,0.002882697,0.001100625,0.0,0.0,0.0
0.649,0.20729,0.46051,0.4625,0.02581444,0.003900175,0.0007676642,0.001016425,0.02394697,0.002883749,0.001099804,0.0,0.0,0.0
0.649,0.2072,0.46061,0.4626,0.02582118,0.003900321,0.0007662889,0.001015507,0.02395591,0.002884813,0.001098982,0.0,0.0,0.0
0.649,0.20711,0.46071,0.4627,0.02582789,0.003900478,0.0007649151,0.00101459,0.02396482,0.002885888,0.00109816,0.0,0.0,0.0
0.649,0.20702,0.46082,0.4628,0.02583458,0.003900646,0.0007635427,0.001013672,0.0239737,0.002886974,0.001097336,0.0,0.0,0.0
0.649,0.20692,0.46092,0.4629,0.02584125,0.003900825,0.0007621718,0.001012755,0.02398256,0.00288807,0.001096512,0.0,0.0,0.0
0.649,0.20683,0.46102,0.463,0.02584789,0.003901014,0.0007608024,0.001011838,0.0239914,0.002889175,0.001095687,0.0,0.0,0.0
0.649,0.20674,0.46112,0.4631,0.0258545,0.003901212,0.0007594344,0.001010922,0.02400021,0.00289029,0.001094861,0.0,0.0,0.0
0.649,0.20665,0.46122,0.4632,0.02586109,0.00390142,0.0007580679,0.001010005,0.02400899,0.002891415,0.001094034,0.0,0.0,0.0
0.649,0.20655,0.46132,0.4633,0.02586766,0.003901637,0.0007567029,0.001009089,0.02401775,0.002892547,0.001093207,0.0,0.0,0.0
0.649,0.20646,0.46142,0.4634,0.02587421,0.003901862,0.0007553393,0.001008174,0.02402649,0.002893688,0.001092379,0.0,0.0,0.0
0.649,0.20637,0.46152,0.4635,0.02588073,0.003902096,0.0007539772,0.001007258,0.0240352,0.002894837,0.00109155,0.0,0.0,0.0
0.649,0.20628,0.46162,0.4636,0.02588723,0.003902337,0.0007526165,0.001006343,0.02404389,0.002895994,0.00109072,0.0,0.0,0.0
0.649,0.20618,0.46172,0.4637,0.02587532,0.003947116,0.0007512573,0.001005429,0.02403418,0.002941687,0.001089889,0.0,0.0,0.0
0.649,0.20609,0.46182,0.4638,0.0258826,0.003945903,0.0007498996,0.001004514,0.02404364,0.002941389,0.001089057,0.0,0.0,0.0
0.649,0.206,0.46193,0.4639,0.02588978,0.00394483,0.0007485433,0.0010036,0.02405301,0.00294123,0.001088225,0.0,0.0,0.0
0.649,0.20591,0.46203,0.464,0.02589687,0.003943878,0.0007471885,0.001002686,0.02406229,0.002941192,0.001087392,0.0,0.0,0.0
0.649,0.20581,0.46213,0.4641,0.02590389,0.003943032,0.0007458351,0.001001773,0.0240715,0.002941259,0.001086558,0.0,0.0,0.0
0.649,0.20572,0.46223,0.4642,0.02591085,0.003942279,0.0007444832,0.00100086,0.02408064,0.002941419,0.001085723,0.0,0.0,0.0
0.649,0.20563,0.46233,0.4643,0.02591774,0.003941609,0.0007431328,0.0009999468,0.02408972,0.002941662,0.001084887,0.0,0.0,0.0
0.649,0.20553,0.46243,0.4644,0.02592457,0.003941013,0.0007417838,0.0009990342,0.02409874,0.002941979,0.001084051,0.0,0.0,0.0
0.649,0.20544,0.46253,0.4645,0.02593135,0.003940483,0.0007404362,0.0009981219,0.0241077,0.002942361,0.001083214,0.0,0.0,0.0
0.649,0.20535,0.46263,0.4646,0.02593807,0.003940014,0.0007390902,0.0009972099,0.02411661,0.002942804,0.001082376,0.0,0.0,0.0
0.649,0.20525,0.46273,0.4647,0.02594475,0.003939599,0.0007377455,0.0009962982,0.02412547,0.002943301,0.001081537,0.0,0.0,0.0
0.649,0.20516,0.46283,0.4648,0.02595138,0.003939233,0.0007364023,0.0009953868,0.02413428,0.002943846,0.001080698,0.0,0.0,0.0
0.649,0.20507,0.46293,0.4649,0.02595797,0.003938913,0.0007350606,0.0009944757,0.02414306,0.002944437,0.001079857,0.0,0.0,0.0
0.649,0.20498,0.46304,0.465,0.02596452,0.003938634,0.0007337203,0.0009935649,0.02415179,0.00294507,0.001079016,0.0,0.0,0.0
0.649,0.20488,0.46314,0.4651,0.02597103,0.003938394,0.0007323815,0.0009926544,0.02416048,0.00294574,0.001078174,0.0,0.0,0.0
0.649,0.20479,0.46324,0.4652,0.0259775,0.003938189,0.0007310441,0.0009917442,0.02416913,0.002946445,0.001077331,0.0,0.0,0.0
0.649,0.2047,0.46334,0.4653,0.02598394,0.003938016,0.0007297082,0.0009908343,0.02417774,0.002947182,0.001076488,0.0,0.0,0.0
0.649,0.2046,0.46344,0.4654,0.02599034,0.003937874,0.0007283737,0.0009899247,0.02418632,0.00294795,0.001075644,0.0,0.0,0.0
0.649,0.20451,0.46354,0.4655,0.0259967,0.00393776,0.0007270406,0.0009890153,0.02419486,0.002948745,0.001074799,0.0,0.0,0.0
0.649,0.20442,0.46364,0.4656,0.02600303,0.003937673,0.000725709,0.0009881063,0.02420337,0.002949567,0.001073953,0.0,0.0,0.0
0.649,0.20432,0.46374,0.4657,0.02600933,0.00393761,0.0007243788,0.0009871976,0.02421185,0.002950412,0.001073107,0.0,0.0,0.0
0.649,0.20423,0.46384,0.4658,0.0260156,0.00393757,0.0007230501,0.0009862891,0.02422029,0.002951281,0.001072259,0.0,0.0,0.0
0.649,0.20414,0.46394,0.4659,0.02602184,0.003937552,0.0007217229,0.000985381,0.0242287,0.002952171,0.001071411,0.0,0.0,0.0
0.649,0.20405,0.46404,0.466,0.02602804,0.003937554,0.000720397,0.0009844731,0.02423708,0.002953081,0.001070562,0.0,0.0,0.0
0.649,0.20395,0.46415,0.4661,0.02603422,0.003937576,0.0007190726,0.0009835655,0.02424543,0.00295401,0.001069713,0.0,0.0,0.0
0.649,0.20386,0.46425,0.4662,0.02604037,0.003937615,0.0007177497,0.0009826582,0.02425376,0.002954957,0.001068862,0.0,0.0,0.0
0.649,0.20377,0.46435,0.4663,0.02604649,0.003937672,0.0007164282,0.0009817513,0.02426205,0.002955921,0.001068011,0.0,0.0,0.0
0.649,0.20367,0.46445,0.4664,0.02605258,0.003937745,0.0007151081,0.0009808445,0.02427031,0.002956901,0.001067159,0.0,0.0,0.0
0.649,0.20358,0.46455,0.4665,0.02605864,0.003937834,0.0007137894,0.0009799381,0.02427855,0.002957896,0.001066307,0.0,0.0,0.0
0.649,0.20349,0.46465,0.4666,0.02606468,0.003937937,0.0007124722,0.000979032,0.02428676,0.002958905,0.001065453,0.0,0.0,0.0
0.649,0.20339,0.46475,0.4667,0.02607069,0.003938054,0.0007111565,0.0009781262,0.02429494,0.002959928,0.001064599,0.0,0.0,0.0
0.649,0.2033,0.46485,0.4668,0.02607668,0.003938184,0.0007098421,0.0009772206,0.02430309,0.002960964,0.001063744,0.0,0.0,0.0
0.649,0.20321,0.46495,0.4669,0.02608264,0.003938327,0.0007085292,0.0009763154,0.02431122,0.002962012,0.001062889,0.0,0.0,0.0
0.649,0.20311,0.46505,0.467,0.02608857,0.003938482,0.0007072178,0.0009754104,0.02431932,0.002963072,0.001062032,0.0,0.0,0.0
0.649,0.20302,0.46515,0.4671,0.02609448,0.003938648,0.0007059077,0.0009745057,0.02432739,0.002964143,0.001061175,0.0,0.0,0.0
0.649,0.20293,0.46525,0.4672,0.02610036,0.003938826,0.0007045991,0.0009736013,0.02433544,0.002965225,0.001060317,0.0,0.0,0.0
0.649,0.20283,0.46536,0.4673,0.02610622,0.003939014,0.000703292,0.0009726972,0.02434347,0.002966317,0.001059459,0.0,0.0,0.0
0.649,0.20274,0.46546,0.4674,0.02611205,0.003939212,0.0007019862,0.0009717933,0.02435147,0.002967418,0.0010586,0.0,0.0,0.0
0.649,0.20264,0.46556,0.4675,0.02611786,0.00393942,0.0007006819,0.0009708898,0.02435944,0.00296853,0.00105774,0.0,0.0,0.0
0.649,0.20255,0.46566,0.4676,0.02612364,0.003939637,0.000699379,0.0009699865,0.02436739,0.00296965,0.001056879,0.0,0.0,0.0
0.649,0.20246,0.46576,0.4677,0.0261294,0.003939862,0.0006980776,0.0009690835,0.02437531,0.002970779,0.001056017,0.0,0.0,0.0
0.649,0.20236,0.46586,0.4678,0.02613514,0.003940097,0.0006967776,0.0009681808,0.02438321,0.002971916,0.001055155,0.0,0.0,0.0
0.649,0.20227,0.46596,0.4679,0.02614085,0.00394034,0.000695479,0.0009672783,0.02439108,0.002973061,0.001054292,0.0,0.0,0.0
0.649,0.20218,0.46606,0.468,0.02614654,0.00394059,0.0006941818,0.0009663762,0.02439893,0.002974214,0.001053428,0.0,0.0,0.0
0.649,0.20208,0.46616,0.4681,0.02615221,0.003940849,0.000692886,0.0009654743,0.02440676,0.002975374,0.001052564,0.0,0.0,0.0
0.649,0.20199,0.46626,0.4682,0.02614043,0.003983048,0.0006915917,0.0009645727,0.02439713,0.003018475,0.001051699,0.0,0.0,0.0
0.649,0.2019,0.46636,0.4683,0.02614684,0.003981878,0.0006902988,0.0009636714,0.02440571,0.003018206,0.001050833,0.0,0.0,0.0
0.649,0.2018,0.46647,0.4684,0.02615317,0.003980848,0.0006890073,0.0009627704,0.02441419,0.003018078,0.001049967,0.0,0.0,0.0
0.649,0.20171,0.46657,0.4685,0.02615941,0.00397994,0.0006877173,0.0009618696,0.02442259,0.003018071,0.001049099,0.0,0.0,0.0
0.649,0.20162,0.46667,0.4686,0.02616558,0.003979138,0.0006864286,0.0009609692,0.02443092,0.003018169,0.001048231,0.0,0.0,0.0
0.649,0.20152,0.46677,0.4687,0.02617167,0.00397843,0.0006851414,0.0009600689,0.02443917,0.003018361,0.001047363,0.0,0.0,0.0
0.649,0.20143,0.46687,0.4688,0.02617771,0.003977804,0.0006838556,0.000959169,0.02444736,0.003018635,0.001046493,0.0,0.0,0.0
0.649,0.20133,0.46697,0.4689,0.02618369,0.003977251,0.0006825712,0.0009582694,0.02445549,0.003018981,0.001045623,0.0,0.0,0.0
0.649,0.20124,0.46707,0.469,0.02618961,0.003976763,0.0006812883,0.00095737,0.02446357,0.003019393,0.001044753,0.0,0.0,0.0
0.649,0.20115,0.46717,0.4691,0.02619548,0.003976335,0.0006800067,0.0009564709,0.02447159,0.003019864,0.001043881,0.0,0.0,0.0
0.649,0.20105,0.46727,0.4692,0.02620131,0.003975961,0.0006787266,0.0009555721,0.02447957,0.003020388,0.001043009,0.0,0.0,0.0
0.649,0.20096,0.46737,0.4693,0.02620709,0.003975634,0.0006774479,0.0009546735,0.0244875,0.003020961,0.001042136,0.0,0.0,0.0
0.649,0.20086,0.46747,0.4694,0.02621282,0.003975352,0.0006761706,0.0009537752,0.02449539,0.003021577,0.001041262,0.0,0.0,0.0
0.649,0.20077,0.46758,0.4695,0.02621852,0.003975111,0.0006748947,0.0009528772,0.02450324,0.003022234,0.001040388,0.0,0.0,0.0
0.649,0.20068,0.46768,0.4696,0.02622418,0.003974907,0.0006736202,0.0009519795,0.02451104,0.003022927,0.001039513,0.0,0.0,0.0
0.649,0.20058,0.46778,0.4697,0.0262298,0.003974737,0.0006723472,0.000951082,0.02451881,0.003023655,0.001038638,0.0,0.0,0.0
0.649,0.20049,0.46788,0.4698,0.02623538,0.003974599,0.0006710755,0.0009501848,0.02452655,0.003024414,0.001037761,0.0,0.0,0.0
0.649,0.20039,0.46798,0.4699,0.02624093,0.00397449,0.0006698053,0.0009492879,0.02453424,0.003025202,0.001036884,0.0,0.0,0.0
0.649,0.2003,0.46808,0.47,0.02624645,0.003974409,0.0006685365,0.0009483912,0.0245419,0.003026017,0.001036007,0.0,0.0,0.0
0.649,0.20021,0.46818,0.4701,0.02625193,0.003974353,0.000667269,0.0009474948,0.02454953,0.003026858,0.001035128,0.0,0.0,0.0
0.649,0.20011,0.46828,0.4702,0.02625738,0.003974321,0.000666003,0.0009465987,0.02455713,0.003027722,0.001034249,0.0,0.0,0.0
0.649,0.20002,0.46838,0.4703,0.0262628,0.003974311,0.0006647384,0.0009457029,0.02456469,0.003028608,0.00103337,0.0,0.0,0.0
0.649,0.19992,0.46848,0.4704,0.02626819,0.003974321,0.0006634752,0.0009448073,0.02457222,0.003029514,0.001032489,0.0,0.0,0.0
0.649,0.19983,0.46858,0.4705,0.02627355,0.003974352,0.0006622134,0.000943912,0.02457973,0.00303044,0.001031608,0.0,0.0,0.0
0.649,0.19974,0.46869,0.4706,0.02627888,0.003974401,0.0006609531,0.0009430169,0.0245872,0.003031384,0.001030727,0.0,0.0,0.0
0.649,0.19964,0.46879,0.4707,0.02628418,0.003974467,0.0006596941,0.0009421221,0.02459464,0.003032345,0.001029844,0.0,0.0,0.0
0.649,0.19955,0.46889,0.4708,0.02628945,0.00397455,0.0006584365,0.0009412276,0.02460206,0.003033323,0.001028961,0.0,0.0,0.0
0.649,0.19945,0.46899,0.4709,0.0262947,0.003974649,0.0006571803,0.0009403333,0.02460944,0.003034315,0.001028078,0.0,0.0,0.0
0.649,0.19936,0.46909,0.471,0.02629992,0.003974762,0.0006559256,0.0009394394,0.0246168,0.003035322,0.001027193,0.0,0.0,0.0
0.649,0.19927,0.46919,0.4711,0.02630511,0.003974889,0.0006546722,0.0009385456,0.02462413,0.003036343,0.001026308,0.0,0.0,0.0
0.649,0.19917,0.46929,0.4712,0.02631028,0.003975029,0.0006534202,0.0009376522,0.02463143,0.003037377,0.001025423,0.0,0.0,0.0
0.649,0.19908,0.46939,0.4713,0.02631542,0.003975182,0.0006521697,0.000936759,0.02463871,0.003038423,0.001024536,0.0,0.0,0.0
0.649,0.19898,0.46949,0.4714,0.02632053,0.003975347,0.0006509205,0.000935866,0.02464596,0.003039481,0.001023649,0.0,0.0,0.0
0.649,0.19889,0.46959,0.4715,0.02632562,0.003975524,0.0006496727,0.0009349733,0.02465318,0.00304055,0.001022762,0.0,0.0,0.0
0.649,0.19879,0.46969,0.4716,0.02633068,0.003975711,0.0006484263,0.0009340809,0.02466038,0.00304163,0.001021874,0.0,0.0,0.0
0.649,0.1987,0.4698,0.4717,0.02633572,0.003975909,0.0006471814,0.0009331887,0.02466755,0.00304272,0.001020985,0.0,0.0,0.0
0.649,0.19861,0.4699,0.4718,0.02634073,0.003976117,0.0006459378,0.0009322968,0.0246747,0.00304382,0.001020095,0.0,0.0,0.0
0.649,0.19851,0.47,0.4719,0.02634572,0.003976335,0.0006446956,0.0009314052,0.02468182,0.00304493,0.001019205,0.0,0.0,0.0
0.649,0.19842,0.4701,0.472,0.02635069,0.003976562,0.0006434548,0.0009305138,0.02468892,0.003046048,0.001018314,0.0,0.0,0.0
0.649,0.19832,0.4702,0.4721,0.02635563,0.003976797,0.0006422154,0.0009296227,0.02469599,0.003047174,0.001017423,0.0,0.0,0.0
0.649,0.19823,0.4703,0.4722,0.02636055,0.003977041,0.0006409774,0.0009287318,0.02470304,0.003048309,0.001016531,0.0,0.0,0.0
0.649,0.19813,0.4704,0.4723,0.02636544,0.003977293,0.0006397408,0.0009278412,0.02471006,0.003049452,0.001015638,0.0,0.0,0.0
0.649,0.19804,0.4705,0.4724,0.02637031,0.003977553,0.0006385056,0.0009269509,0.02471706,0.003050602,0.001014745,0.0,0.0,0.0
0.649,0.19794,0.4706,0.4725,0.02637516,0.003977821,0.0006372718,0.0009260608,0.02472404,0.00305176,0.001013851,0.0,0.0,0.0
0.649,0.19785,0.4707,0.4726,0.02637998,0.003978095,0.0006360394,0.0009251709,0.02473099,0.003052925,0.001012956,0.0,0.0,0.0
0.649,0.19776,0.4708,0.4727,0.02638478,0.003978377,0.0006348083,0.0009242813,0.02473791,0.003054096,0.001012061,0.0,0.0,0.0
0.649,0.19766,0.47091,0.4728,0.02637402,0.004016396,0.0006335787,0.000923392,0.02472927,0.003093004,0.001011165,0.0,0.0,0.0
0.649,0.19757,0.47101,0.4729,0.02637947,0.004015431,0.0006323504,0.0009225029,0.02473685,0.003092928,0.001010269,0.0,0.0,0.0
0.649,0.19747,0.47111,0.473,0.02638483,0.004014586,0.0006311235,0.0009216141,0.02474434,0.003092972,0.001009372,0.0,0.0,0.0
0.649,0.19738,0.47121,0.4731,0.02639012,0.004013845,0.0006298981,0.0009207255,0.02475175,0.00309312,0.001008474,0.0,0.0,0.0
0.649,0.19728,0.47131,0.4732,0.02639535,0.004013195,0.000628674,0.0009198372,0.0247591,0.003093358,0.001007576,0.0,0.0,0.0
0.649,0.19719,0.47141,0.4733,0.02640051,0.004012625,0.0006274512,0.0009189491,0.02476639,0.003093676,0.001006677,0.0,0.0,0.0
0.649,0.19709,0.47151,0.4734,0.02640562,0.004012126,0.0006262299,0.0009180613,0.02477362,0.003094065,0.001005778,0.0,0.0,0.0
0.649,0.197,0.47161,0.4735,0.02641068,0.004011691,0.00062501,0.0009171738,0.02478079,0.003094517,0.001004878,0.0,0.0,0.0
0.649,0.1969,0.47171,0.4736,0.02641568,0.004011313,0.0006237914,0.0009162864,0.02478792,0.003095027,0.001003977,0.0,0.0,0.0
0.649,0.19681,0.47181,0.4737,0.02642064,0.004010986,0.0006225742,0.0009153994,0.02479499,0.003095587,0.001003076,0.0,0.0,0.0
0.649,0.19671,0.47191,0.4738,0.02642556,0.004010707,0.0006213584,0.0009145126,0.02480203,0.003096194,0.001002174,0.0,0.0,0.0
0.649,0.19662,0.47202,0.4739,0.02643043,0.004010469,0.000620144,0.000913626,0.02480902,0.003096843,0.001001271,0.0,0.0,0.0
0.649,0.19653,0.47212,0.474,0.02643527,0.004010271,0.000618931,0.0009127397,0.02481597,0.003097531,0.001000368,0.0,0.0,0.0
0.649,0.19643,0.47222,0.4741,0.02644007,0.004010108,0.0006177193,0.0009118536,0.02482288,0.003098255,0.0009994648,0.0,0.0,0.0
0.649,0.19634,0.47232,0.4742,0.02644483,0.004009978,0.000616509,0.0009109678,0.02482976,0.00309901,0.0009985605,0.0,0.0,0.0
0.649,0.19624,0.47242,0.4743,0.02644955,0.004009879,0.0006153001,0.0009100822,0.02483659,0.003099796,0.0009976557,0.0,0.0,0.0
0.649,0.19615,0.47252,0.4744,0.02645424,0.004009807,0.0006140926,0.0009091968,0.0248434,0.00310061,0.0009967503,0.0,0.0,0.0
0.649,0.19605,0.47262,0.4745,0.0264589,0.004009762,0.0006128865,0.0009083118,0.02485017,0.00310145,0.0009958444,0.0,0.0,0.0
0.649,0.19596,0.47272,0.4746,0.02646353,0.00400974,0.0006116817,0.0009074269,0.02485691,0.003102313,0.0009949378,0.0,0.0,0.0
0.649,0.19586,0.47282,0.4747,0.02646812,0.004009742,0.0006104783,0.0009065423,0.02486361,0.003103199,0.0009940307,0.0,0.0,0.0
0.649,0.19577,0.47292,0.4748,0.02647268,0.004009764,0.0006092763,0.000905658,0.02487029,0.003104106,0.000993123,0.0,0.0,0.0
0.649,0.19567,0.47302,0.4749,0.02647722,0.004009807,0.0006080757,0.0009047738,0.02487693,0.003105033,0.0009922147,0.0,0.0,0.0
0.649,0.19558,0.47313,0.475,0.02648172,0.004009868,0.0006068764,0.00090389,0.02488354,0.003105978,0.0009913059,0.0,0.0,0.0
0.649,0.19548,0.47323,0.4751,0.0264862,0.004009946,0.0006056785,0.0009030063,0.02489013,0.00310694,0.0009903964,0.0,0.0,0.0
0.649,0.19539,0.47333,0.4752,0.02649065,0.004010041,0.000604482,0.0009021229,0.02489668,0.003107918,0.0009894865,0.0,0.0,0.0
0.649,0.19529,0.47343,0.4753,0.02649507,0.004010152,0.0006032868,0.0009012398,0.02490321,0.003108912,0.0009885759,0.0,0.0,0.0
0.649,0.1952,0.47353,0.4754,0.02649947,0.004010277,0.000602093,0.0009003569,0.02490971,0.00310992,0.0009876648,0.0,0.0,0.0
0.649,0.1951,0.47363,0.4755,0.02650384,0.004010416,0.0006009006,0.0008994742,0.02491618,0.003110942,0.0009867532,0.0,0.0,0.0
0.649,0.19501,0.47373,0.4756,0.02650818,0.004010568,0.0005997096,0.0008985918,0.02492263,0.003111977,0.0009858409,0.0,0.0,0.0
0.649,0.19491,0.47383,0.4757,0.02651249,0.004010733,0.0005985199,0.0008977096,0.02492905,0.003113024,0.0009849282,0.0,0.0,0.0
0.649,0.19482,0.47393,0.4758,0.02651678,0.00401091,0.0005973316,0.0008968277,0.02493544,0.003114083,0.0009840148,0.0,0.0,0.0
0.649,0.19472,0.47403,0.4759,0.02652105,0.004011099,0.0005961447,0.000895946,0.0249418,0.003115153,0.000983101,0.0,0.0,0.0
0.649,0.19463,0.47413,0.476,0.02652529,0.004011298,0.0005949591,0.0008950645,0.02494814,0.003116233,0.0009821866,0.0,0.0,0.0
0.649,0.19453,0.47424,0.4761,0.02652951,0.004011507,0.0005937749,0.0008941832,0.02495446,0.003117324,0.0009812716,0.0,0.0,0.0
0.649,0.19443,0.47434,0.4762,0.0265337,0.004011726,0.0005925921,0.0008933022,0.02496075,0.003118424,0.0009803561,0.0,0.0,0.0
0.649,0.19434,0.47444,0.4763,0.02653787,0.004011955,0.0005914106,0.0008924215,0.02496701,0.003119534,0.00097944,0.0,0.0,0.0
0.649,0.19424,0.47454,0.4764,0.02654201,0.004012193,0.0005902305,0.000891541,0.02497326,0.003120652,0.0009785234,0.0,0.0,0.0
0.649,0.19415,0.47464,0.4765,0.02654613,0.004012439,0.0005890517,0.0008906607,0.02497947,0.003121779,0.0009776063,0.0,0.0,0.0
0.649,0.19405,0.47474,0.4766,0.02655023,0.004012694,0.0005878743,0.0008897806,0.02498566,0.003122913,0.0009766886,0.0,0.0,0.0
0.649,0.19396,0.47484,0.4767,0.0265543,0.004012957,0.0005866983,0.0008889008,0.02499183,0.003124056,0.0009757705,0.0,0.0,0.0
0.649,0.19386,0.47494,0.4768,0.02655835,0.004013227,0.0005855237,0.0008880212,0.02499797,0.003125206,0.0009748517,0.0,0.0,0.0
0.649,0.19377,0.47504,0.4769,0.02656237,0.004013505,0.0005843504,0.0008871418,0.02500409,0.003126363,0.0009739325,0.0,0.0,0.0
0.649,0.19367,0.47514,0.477,0.02656638,0.00401379,0.0005831784,0.0008862627,0.02501019,0.003127527,0.0009730127,0.0,0.0,0.0
0.649,0.19358,0.47524,0.4771,0.02657036,0.004014081,0.0005820078,0.0008853838,0.02501626,0.003128697,0.0009720924,0.0,0.0,0.0
0.649,0.19348,0.47535,0.4772,0.02657432,0.004014379,0.0005808386,0.0008845051,0.02502231,0.003129874,0.0009711716,0.0,0.0,0.0
0.649,0.19339,0.47545,0.4773,0.02656392,0.004049507,0.0005796707,0.0008836267,0.025014,0.00316588,0.0009702503,0.0,0.0,0.0
0.649,0.19329,0.47555,0.4774,0.02656848,0.004048628,0.0005785042,0.0008827485,0.02502065,0.00316588,0.0009693284,0.0,0.0,0.0
0.649,0.19319,0.47565,0.4775,0.02657296,0.004047864,0.0005773391,0.0008818705,0.02502722,0.003165994,0.000968406,0.0,0.0,0.0
0.649,0.1931,0.47575,0.4776,0.02657737,0.004047199,0.0005761753,0.0008809928,0.02503372,0.003166206,0.0009674832,0.0,0.0,0.0
0.649,0.193,0.47585,0.4777,0.02658172,0.004046621,0.0005750129,0.0008801153,0.02504015,0.003166506,0.0009665598,0.0,0.0,0.0
0.649,0.19291,0.47595,0.4778,0.02658601,0.004046119,0.0005738518,0.000879238,0.02504652,0.003166881,0.0009656359,0.0,0.0,0.0
0.649,0.19281,0.47605,0.4779,0.02659025,0.004045685,0.000572692,0.0008783609,0.02505284,0.003167324,0.0009647115,0.0,0.0,0.0
0.649,0.19272,0.47615,0.478,0.02659443,0.004045311,0.0005715337,0.0008774841,0.02505911,0.003167827,0.0009637866,0.0,0.0,0.0
0.649,0.19262,0.47625,0.4781,0.02659857,0.004044991,0.0005703766,0.0008766075,0.02506533,0.003168383,0.0009628612,0.0,0.0,0.0
0.649,0.19253,0.47635,0.4782,0.02660266,0.00404472,0.000569221,0.0008757311,0.0250715,0.003168989,0.0009619353,0.0,0.0,0.0
0.649,0.19243,0.47646,0.4783,0.02660671,0.004044493,0.0005680666,0.0008748549,0.02507764,0.003169638,0.0009610089,0.0,0.0,0.0
0.649,0.19233,0.47656,0.4784,0.02661072,0.004044306,0.0005669137,0.000873979,0.02508373,0.003170327,0.000960082,0.0,0.0,0.0
0.649,0.19224,0.47666,0.4785,0.02661469,0.004044156,0.000565762,0.0008731033,0.02508978,0.003171053,0.0009591546,0.0,0.0,0.0
0.649,0.19214,0.47676,0.4786,0.02661863,0.00404404,0.0005646118,0.0008722278,0.02509579,0.003171812,0.0009582267,0.0,0.0,0.0
0.649,0.19205,0.47686,0.4787,0.02662253,0.004043955,0.0005634629,0.0008713526,0.02510177,0.003172602,0.0009572984,0.0,0.0,0.0
0.649,0.19195,0.47696,0.4788,0.0266264,0.004043898,0.0005623153,0.0008704775,0.02510771,0.00317342,0.0009563695,0.0,0.0,0.0
0.649,0.19186,0.47706,0.4789,0.02663023,0.004043867,0.000561169,0.0008696027,0.02511362,0.003174265,0.0009554402,0.0,0.0,0.0
0.649,0.19176,0.47716,0.479,0.02663404,0.004043861,0.0005600242,0.0008687281,0.0251195,0.003175133,0.0009545104,0.0,0.0,0.0
0.649,0.19166,0.47726,0.4791,0.02663781,0.004043878,0.0005588806,0.0008678537,0.02512535,0.003176024,0.0009535801,0.0,0.0,0.0
0.649,0.19157,0.47736,0.4792,0.02664155,0.004043916,0.0005577384,0.0008669796,0.02513116,0.003176936,0.0009526494,0.0,0.0,0.0
0.649,0.19147,0.47746,0.4793,0.02664526,0.004043974,0.0005565976,0.0008661057,0.02513695,0.003177868,0.0009517181,0.0,0.0,0.0
0.649,0.19138,0.47757,0.4794,0.02664895,0.00404405,0.0005554581,0.000865232,0.0251427,0.003178818,0.0009507864,0.0,0.0,0.0
0.649,0.19128,0.47767,0.4795,0.0266526,0.004044144,0.0005543199,0.0008643585,0.02514843,0.003179786,0.0009498543,0.0,0.0,0.0
0.649,0.19118,0.47777,0.4796,0.02665623,0.004044254,0.0005531831,0.0008634852,0.02515412,0.003180769,0.0009489216,0.0,0.0,0.0
0.649,0.19109,0.47787,0.4797,0.02665983,0.00404438,0.0005520477,0.0008626122,0.02515979,0.003181768,0.0009479885,0.0,0.0,0.0
0.649,0.19099,0.47797,0.4798,0.0266634,0.004044521,0.0005509135,0.0008617393,0.02516544,0.003182781,0.0009470549,0.0,0.0,0.0
0.649,0.1909,0.47807,0.4799,0.02666695,0.004044675,0.0005497807,0.0008608667,0.02517105,0.003183808,0.0009461209,0.0,0.0,0.0
0.649,0.1908,0.47817,0.48,0.02667048,0.004044842,0.0005486493,0.0008599943,0.02517664,0.003184847,0.0009451864,0.0,0.0,0.0
0.649,0.1907,0.47827,0.4801,0.02667397,0.004045021,0.0005475192,0.0008591221,0.0251822,0.003185899,0.0009442515,0.0,0.0,0.0
0.649,0.19061,0.47837,0.4802,0.02667745,0.004045213,0.0005463904,0.0008582502,0.02518774,0.003186962,0.0009433161,0.0,0.0,0.0
0.649,0.19051,0.47847,0.4803,0.02668089,0.004045415,0.000545263,0.0008573784,0.02519325,0.003188037,0.0009423803,0.0,0.0,0.0
0.649,0.19042,0.47857,0.4804,0.02668432,0.004045628,0.0005441369,0.0008565069,0.02519874,0.003189121,0.000941444,0.0,0.0,0.0
0.649,0.19032,0.47868,0.4805,0.02668772,0.004045851,0.0005430121,0.0008556355,0.0252042,0.003190216,0.0009405073,0.0,0.0,0.0
0.649,0.19022,0.47878,0.4806,0.02669109,0.004046084,0.0005418887,0.0008547644,0.02520963,0.003191319,0.0009395701,0.0,0.0,0.0
0.649,0.19013,0.47888,0.4807,0.02669444,0.004046326,0.0005407666,0.0008538935,0.02521504,0.003192432,0.0009386325,0.0,0.0,0.0
0.649,0.19003,0.47898,0.4808,0.02669777,0.004046577,0.0005396459,0.0008530229,0.02522043,0.003193554,0.0009376944,0.0,0.0,0.0
0.649,0.18994,0.47908,0.4809,0.02670108,0.004046836,0.0005385265,0.0008521524,0.02522579,0.003194683,0.0009367559,0.0,0.0,0.0
0.649,0.18984,0.47918,0.481,0.02670436,0.004047103,0.0005374084,0.0008512821,0.02523113,0.003195821,0.000935817,0.0,0.0,0.0
0.649,0.18974,0.47928,0.4811,0.02670762,0.004047378,0.0005362916,0.0008504121,0.02523645,0.003196966,0.0009348776,0.0,0.0,0.0
0.649,0.18965,0.47938,0.4812,0.02671085,0.004047661,0.0005351762,0.0008495422,0.02524174,0.003198119,0.0009339378,0.0,0.0,0.0
0.649,0.18955,0.47948,0.4813,0.02671407,0.00404795,0.0005340621,0.0008486726,0.02524701,0.003199278,0.0009329976,0.0,0.0,0.0
0.649,0.18946,0.47958,0.4814,0.02671726,0.004048247,0.0005329494,0.0008478032,0.02525225,0.003200444,0.000932057,0.0,0.0,0.0
0.649,0.18936,0.47968,0.4815,0.02672043,0.00404855,0.0005318379,0.000846934,0.02525748,0.003201616,0.0009311159,0.0,0.0,0.0
0.649,0.18926,0.47979,0.4816,0.02672358,0.004048859,0.0005307279,0.000846065,0.02526268,0.003202794,0.0009301744,0.0,0.0,0.0
0.649,0.18917,0.47989,0.4817,0.0267267,0.004049175,0.0005296191,0.0008451962,0.02526785,0.003203979,0.0009292325,0.0,0.0,0.0
0.649,0.18907,0.47999,0.4818,0.02671677,0.00408132,0.0005285117,0.0008443276,0.02525997,0.003236992,0.0009282902,0.0,0.0,0.0
0.649,0.18897,0.48009,0.4819,0.02672044,0.004080545,0.0005274056,0.0008434592,0.02526569,0.003237086,0.0009273474,0.0,0.0,0.0
0.649,0.18888,0.48019,0.482,0.02672405,0.004079877,0.0005263008,0.0008425911,0.02527134,0.003237286,0.0009264043,0.0,0.0,0.0
0.649,0.18878,0.48029,0.4821,0.02672758,0.004079302,0.0005251973,0.0008417231,0.02527692,0.003237579,0.0009254607,0.0,0.0,0.0
0.649,0.18868,0.48039,0.4822,0.02673105,0.004078808,0.0005240952,0.0008408554,0.02528244,0.003237952,0.0009245168,0.0,0.0,0.0
0.649,0.18859,0.48049,0.4823,0.02673447,0.004078384,0.0005229944,0.0008399878,0.02528791,0.003238396,0.0009235724,0.0,0.0,0.0
0.649,0.18849,0.48059,0.4824,0.02673784,0.004078024,0.0005218949,0.0008391205,0.02529332,0.003238903,0.0009226276,0.0,0.0,0.0
0.649,0.18839,0.48069,0.4825,0.02674116,0.00407772,0.0005207968,0.0008382533,0.02529868,0.003239466,0.0009216824,0.0,0.0,0.0
0.649,0.1883,0.4808,0.4826,0.02674444,0.004077466,0.0005197,0.0008373864,0.025304,0.003240079,0.0009207369,0.0,0.0,0.0
0.649,0.1882,0.4809,0.4827,0.02674768,0.004077257,0.0005186045,0.0008365197,0.02530928,0.003240737,0.0009197909,0.0,0.0,0.0
0.649,0.18811,0.481,0.4828,0.02675087,0.004077089,0.0005175103,0.0008356531,0.02531452,0.003241436,0.0009188445,0.0,0.0,0.0
0.649,0.18801,0.4811,0.4829,0.02675403,0.004076959,0.0005164174,0.0008347868,0.02531971,0.003242172,0.0009178978,0.0,0.0,0.0
0.649,0.18791,0.4812,0.483,0.02675715,0.004076862,0.0005153259,0.0008339207,0.02532487,0.003242942,0.0009169506,0.0,0.0,0.0
0.649,0.18782,0.4813,0.4831,0.02676024,0.004076797,0.0005142357,0.0008330547,0.02533,0.003243743,0.0009160031,0.0,0.0,0.0
0.649,0.18772,0.4814,0.4832,0.02676329,0.004076761,0.0005131468,0.000832189,0.02533509,0.003244572,0.0009150552,0.0,0.0,0.0
0.649,0.18762,0.4815,0.4833,0.02676631,0.004076751,0.0005120592,0.0008313235,0.02534014,0.003245427,0.0009141069,0.0,0.0,0.0
0.649,0.18753,0.4816,0.4834,0.0267693,0.004076765,0.000510973,0.0008304582,0.02534517,0.003246307,0.0009131582,0.0,0.0,0.0
0.649,0.18743,0.4817,0.4835,0.02677226,0.004076802,0.0005098881,0.000829593,0.02535016,0.003247209,0.0009122092,0.0,0.0,0.0
0.649,0.18733,0.4818,0.4836,0.02677519,0.00407686,0.0005088044,0.0008287281,0.02535513,0.003248132,0.0009112598,0.0,0.0,0.0
0.649,0.18724,0.48191,0.4837,0.02677809,0.004076938,0.0005077221,0.0008278634,0.02536006,0.003249075,0.00091031,0.0,0.0,0.0
0.649,0.18714,0.48201,0.4838,0.02678097,0.004077034,0.0005066412,0.0008269988,0.02536496,0.003250035,0.0009093598,0.0,0.0,0.0
0.649,0.18704,0.48211,0.4839,0.02678381,0.004077148,0.0005055615,0.0008261345,0.02536984,0.003251013,0.0009084093,0.0,0.0,0.0
0.649,0.18695,0.48221,0.484,0.02678663,0.004077277,0.0005044831,0.0008252704,0.02537469,0.003252007,0.0009074584,0.0,0.0,0.0
0.649,0.18685,0.48231,0.4841,0.02678943,0.004077422,0.0005034061,0.0008244064,0.02537951,0.003253015,0.0009065071,0.0,0.0,0.0
0.649,0.18675,0.48241,0.4842,0.02679219,0.004077581,0.0005023304,0.0008235427,0.02538431,0.003254038,0.0009055555,0.0,0.0,0.0
0.649,0.18665,0.48251,0.4843,0.02679494,0.004077753,0.000501256,0.0008226791,0.02538908,0.003255074,0.0009046035,0.0,0.0,0.0
0.649,0.18656,0.48261,0.4844,0.02679765,0.004077939,0.0005001829,0.0008218158,0.02539382,0.003256123,0.0009036511,0.0,0.0,0.0
0.649,0.18646,0.48271,0.4845,0.02680035,0.004078136,0.0004991111,0.0008209526,0.02539854,0.003257183,0.0009026984,0.0,0.0,0.0
0.649,0.18636,0.48281,0.4846,0.02680301,0.004078345,0.0004980406,0.0008200897,0.02540323,0.003258255,0.0009017454,0.0,0.0,0.0
0.649,0.18627,0.48291,0.4847,0.02680566,0.004078564,0.0004969715,0.0008192269,0.0254079,0.003259338,0.000900792,0.0,0.0,0.0
0.649,0.18617,0.48302,0.4848,0.02680828,0.004078794,0.0004959036,0.0008183643,0.02541254,0.00326043,0.0008998383,0.0,0.0,0.0
0.649,0.18607,0.48312,0.4849,0.02681088,0.004079034,0.0004948371,0.0008175019,0.02541716,0.003261532,0.0008988842,0.0,0.0,0.0
0.649,0.18598,0.48322,0.485,0.02681345,0.004079283,0.0004937719,0.0008166397,0.02542175,0.003262644,0.0008979297,0.0,0.0,0.0
0.649,0.18588,0.48332,0.4851,0.026816,0.004079541,0.000492708,0.0008157777,0.02542632,0.003263764,0.000896975,0.0,0.0,0.0
0.649,0.18578,0.48342,0.4852,0.02681853,0.004079808,0.0004916453,0.0008149159,0.02543087,0.003264892,0.0008960198,0.0,0.0,0.0
0.649,0.18568,0.48352,0.4853,0.02682104,0.004080083,0.000490584,0.0008140543,0.02543539,0.003266029,0.0008950644,0.0,0.0,0.0
0.649,0.18559,0.48362,0.4854,0.02682352,0.004080366,0.0004895241,0.0008131929,0.02543989,0.003267173,0.0008941086,0.0,0.0,0.0
0.649,0.18549,0.48372,0.4855,0.02682598,0.004080656,0.0004884654,0.0008123316,0.02544437,0.003268324,0.0008931525,0.0,0.0,0.0
0.649,0.18539,0.48382,0.4856,0.02682842,0.004080953,0.000487408,0.0008114706,0.02544882,0.003269482,0.000892196,0.0,0.0,0.0
0.649,0.1853,0.48392,0.4857,0.02683084,0.004081257,0.0004863519,0.0008106097,0.02545325,0.003270647,0.0008912393,0.0,0.0,0.0
0.649,0.1852,0.48402,0.4858,0.02683324,0.004081568,0.0004852971,0.000809749,0.02545766,0.003271819,0.0008902822,0.0,0.0,0.0
0.649,0.1851,0.48413,0.4859,0.02683562,0.004081885,0.0004842437,0.0008088886,0.02546205,0.003272997,0.0008893248,0.0,0.0,0.0
0.649,0.18501,0.48423,0.486,0.02683797,0.004082209,0.0004831915,0.0008080283,0.02546641,0.00327418,0.000888367,0.0,0.0,0.0
0.649,0.18491,0.48433,0.4861,0.0268403,0.004082538,0.0004821407,0.0008071681,0.02547075,0.00327537,0.000887409,0.0,0.0,0.0
0.649,0.18481,0.48443,0.4862,0.02684262,0.004082873,0.0004810911,0.0008063082,0.02547507,0.003276564,0.0008864506,0.0,0.0,0.0
0.649,0.18471,0.48453,0.4863,0.02683321,0.004112,0.0004800429,0.0008054485,0.02546768,0.003306552,0.0008854919,0.0,0.0,0.0
0.649,0.18462,0.48463,0.4864,0.02683601,0.004111345,0.0004789959,0.0008045889,0.02547248,0.003306756,0.0008845329,0.0,0.0,0.0
0.649,0.18452,0.48473,0.4865,0.02683875,0.004110786,0.0004779503,0.0008037295,0.02547722,0.003307057,0.0008835736,0.0,0.0,0.0
0.649,0.18442,0.48483,0.4866,0.02684142,0.004110312,0.0004769059,0.0008028704,0.0254819,0.003307442,0.000882614,0.0,0.0,0.0
0.649,0.18432,0.48493,0.4867,0.02684404,0.004109912,0.0004758629,0.0008020114,0.02548652,0.0033079,0.0008816541,0.0,0.0,0.0
0.649,0.18423,0.48503,0.4868,0.02684661,0.004109576,0.0004748211,0.0008011525,0.02549109,0.003308423,0.0008806939,0.0,0.0,0.0
0.649,0.18413,0.48514,0.4869,0.02684913,0.004109297,0.0004737806,0.0008002939,0.02549561,0.003309003,0.0008797334,0.0,0.0,0.0
0.649,0.18403,0.48524,0.487,0.0268516,0.004109069,0.0004727415,0.0007994354,0.02550009,0.003309634,0.0008787726,0.0,0.0,0.0
0.649,0.18393,0.48534,0.4871,0.02685404,0.004108888,0.0004717036,0.0007985772,0.02550452,0.003310311,0.0008778115,0.0,0.0,0.0
0.649,0.18384,0.48544,0.4872,0.02685644,0.004108747,0.0004706671,0.0007977191,0.02550892,0.003311028,0.0008768501,0.0,0.0,0.0
0.649,0.18374,0.48554,0.4873,0.0268588,0.004108644,0.0004696318,0.0007968612,0.02551328,0.003311783,0.0008758884,0.0,0.0,0.0
0.649,0.18364,0.48564,0.4874,0.02686112,0.004108575,0.0004685979,0.0007960034,0.0255176,0.003312572,0.0008749264,0.0,0.0,0.0
0.649,0.18354,0.48574,0.4875,0.02686341,0.004108537,0.0004675652,0.0007951459,0.02552188,0.003313391,0.0008739642,0.0,0.0,0.0
0.649,0.18345,0.48584,0.4876,0.02686567,0.004108527,0.0004665338,0.0007942885,0.02552613,0.003314239,0.0008730017,0.0,0.0,0.0
0.649,0.18335,0.48594,0.4877,0.0268679,0.004108544,0.0004655037,0.0007934313,0.02553035,0.003315113,0.0008720388,0.0,0.0,0.0
0.649,0.18325,0.48604,0.4878,0.02687009,0.004108585,0.0004644749,0.0007925743,0.02553454,0.00331601,0.0008710757,0.0,0.0,0.0
0.649,0.18315,0.48614,0.4879,0.02687226,0.004108648,0.0004634474,0.0007917175,0.0255387,0.00331693,0.0008701124,0.0,0.0,0.0
0.649,0.18306,0.48625,0.488,0.0268744,0.004108731,0.0004624212,0.0007908608,0.02554283,0.003317871,0.0008691487,0.0,0.0,0.0
0.649,0.18296,0.48635,0.4881,0.02687651,0.004108834,0.0004613963,0.0007900043,0.02554693,0.00331883,0.0008681848,0.0,0.0,0.0
0.649,0.18286,0.48645,0.4882,0.0268786,0.004108955,0.0004603727,0.000789148,0.02555101,0.003319807,0.0008672206,0.0,0.0,0.0
0.649,0.18276,0.48655,0.4883,0.02688066,0.004109093,0.0004593504,0.0007882919,0.02555505,0.003320801,0.0008662562,0.0,0.0,0.0
0.649,0.18267,0.48665,0.4884,0.02688269,0.004109247,0.0004583293,0.0007874359,0.02555907,0.003321811,0.0008652914,0.0,0.0,0.0
0.649,0.18257,0.48675,0.4885,0.0268847,0.004109415,0.0004573096,0.0007865802,0.02556306,0.003322835,0.0008643265,0.0,0.0,0.0
0.649,0.18247,0.48685,0.4886,0.02688668,0.004109597,0.0004562911,0.0007857246,0.02556703,0.003323872,0.0008633612,0.0,0.0,0.0
0.649,0.18237,0.48695,0.4887,0.02688864,0.004109792,0.000455274,0.0007848691,0.02557097,0.003324923,0.0008623957,0.0,0.0,0.0
0.649,0.18228,0.48705,0.4888,0.02689058,0.00411,0.0004542581,0.0007840139,0.02557489,0.003325986,0.00086143,0.0,0.0,0.0
0.649,0.18218,0.48715,0.4889,0.02689249,0.004110219,0.0004532435,0.0007831588,0.02557878,0.00332706,0.000860464,0.0,0.0,0.0
0.649,0.18208,0.48725,0.489,0.02689437,0.004110449,0.0004522302,0.0007823039,0.02558265,0.003328145,0.0008594977,0.0,0.0,0.0
0.649,0.18198,0.48736,0.4891,0.02689624,0.00411069,0.0004512182,0.0007814492,0.02558649,0.003329241,0.0008585312,0.0,0.0,0.0
0.649,0.18188,0.48746,0.4892,0.02689808,0.004110941,0.0004502074,0.0007805946,0.02559031,0.003330346,0.0008575644,0.0,0.0,0.0
0.649,0.18179,0.48756,0.4893,0.0268999,0.004111201,0.000449198,0.0007797402,0.02559411,0.003331461,0.0008565975,0.0,0.0,0.0
0.649,0.18169,0.48766,0.4894,0.0269017,0.004111471,0.0004481898,0.000778886,0.02559788,0.003332585,0.0008556302,0.0,0.0,0.0
0.649,0.18159,0.48776,0.4895,0.02690348,0.004111748,0.0004471829,0.0007780319,0.02560163,0.003333717,0.0008546627,0.0,0.0,0.0
0.649,0.18149,0.48786,0.4896,0.02690523,0.004112035,0.0004461773,0.0007771781,0.02560536,0.003334857,0.000853695,0.0,0.0,0.0
0.649,0.18139,0.48796,0.4897,0.02690696,0.004112329,0.000445173,0.0007763243,0.02560906,0.003336004,0.0008527271,0.0,0.0,0.0
0.649,0.1813,0.48806,0.4898,0.02690867,0.00411263,0.00044417,0.0007754708,0.02561275,0.003337159,0.0008517589,0.0,0.0,0.0
0.649,0.1812,0.48816,0.4899,0.02691037,0.004112939,0.0004431682,0.0007746174,0.02561641,0.003338321,0.0008507905,0.0,0.0,0.0
0.649,0.1811,0.48826,0.49,0.02691203,0.004113254,0.0004421678,0.0007737642,0.02562005,0.00333949,0.0008498219,0.0,0.0,0.0
0.649,0.181,0.48837,0.4901,0.02691368,0.004113576,0.0004411686,0.0007729112,0.02562366,0.003340665,0.000848853,0.0,0.0,0.0
0.649,0.1809,0.48847,0.4902,0.02691531,0.004113905,0.0004401707,0.0007720583,0.02562726,0.003341847,0.0008478839,0.0,0.0,0.0
0.649,0.18081,0.48857,0.4903,0.02691692,0.00411424,0.0004391741,0.0007712056,0.02563083,0.003343034,0.0008469146,0.0,0.0,0.0
0.649,0.18071,0.48867,0.4904,0.02691851,0.00411458,0.0004381787,0.0007703531,0.02563438,0.003344227,0.0008459451,0.0,0.0,0.0
0.649,0.18061,0.48877,0.4905,0.02692007,0.004114926,0.0004371846,0.0007695007,0.02563791,0.003345426,0.0008449754,0.0,0.0,0.0
0.649,0.18051,0.48887,0.4906,0.02692162,0.004115278,0.0004361919,0.0007686485,0.02564143,0.00334663,0.0008440054,0.0,0.0,0.0
0.649,0.18041,0.48897,0.4907,0.02692315,0.004115635,0.0004352003,0.0007677965,0.02564491,0.003347839,0.0008430352,0.0,0.0,0.0
0.649,0.18032,0.48907,0.4908,0.02691431,0.004141772,0.0004342101,0.0007669446,0.02563803,0.003374828,0.0008420649,0.0,0.0,0.0
0.649,0.18022,0.48917,0.4909,0.02691626,0.004141247,0.0004332212,0.0007660929,0.02564195,0.003375154,0.0008410943,0.0,0.0,0.0
0.649,0.18012,0.48927,0.491,0.02691816,0.004140808,0.0004322335,0.0007652413,0.0256458,0.003375566,0.0008401235,0.0,0.0,0.0
0.649,0.18002,0.48937,0.4911,0.02692,0.004140443,0.0004312471,0.0007643899,0.0256496,0.003376053,0.0008391525,0.0,0.0,0.0
0.649,0.17992,0.48948,0.4912,0.02692179,0.004140144,0.0004302619,0.0007635387,0.02565335,0.003376605,0.0008381813,0.0,0.0,0.0
0.649,0.17983,0.48958,0.4913,0.02692354,0.004139902,0.0004292781,0.0007626877,0.02565705,0.003377214,0.0008372099,0.0,0.0,0.0
0.649,0.17973,0.48968,0.4914,0.02692524,0.004139711,0.0004282955,0.0007618368,0.0256607,0.003377875,0.0008362384,0.0,0.0,0.0
0.649,0.17963,0.48978,0.4915,0.0269269,0.004139566,0.0004273142,0.000760986,0.02566432,0.00337858,0.0008352666,0.0,0.0,0.0
0.649,0.17953,0.48988,0.4916,0.02692852,0.004139462,0.0004263342,0.0007601354,0.0256679,0.003379327,0.0008342946,0.0,0.0,0.0
0.649,0.17943,0.48998,0.4917,0.02693011,0.004139395,0.0004253554,0.000759285,0.02567144,0.00338011,0.0008333225,0.0,0.0,0.0
0.649,0.17933,0.49008,0.4918,0.02693167,0.004139361,0.0004243779,0.0007584348,0.02567494,0.003380927,0.0008323501,0.0,0.0,0.0
0.649,0.17924,0.49018,0.4919,0.02693319,0.004139358,0.0004234017,0.0007575847,0.02567841,0.003381774,0.0008313776,0.0,0.0,0.0
0.649,0.17914,0.49028,0.492,0.02693468,0.004139383,0.0004224268,0.0007567347,0.02568185,0.003382648,0.0008304049,0.0,0.0,0.0
0.649,0.17904,0.49038,0.4921,0.02693615,0.004139433,0.0004214531,0.000755885,0.02568526,0.003383548,0.000829432,0.0,0.0,0.0
0.649,0.17894,0.49048,0.4922,0.02693758,0.004139507,0.0004204807,0.0007550353,0.02568864,0.003384471,0.000828459,0.0,0.0,0.0
0.649,0.17884,0.49059,0.4923,0.02693898,0.004139602,0.0004195095,0.0007541859,0.02569199,0.003385416,0.0008274857,0.0,0.0,0.0
0.649,0.17874,0.49069,0.4924,0.02694036,0.004139717,0.0004185397,0.0007533366,0.02569531,0.003386381,0.0008265123,0.0,0.0,0.0
0.649,0.17864,0.49079,0.4925,0.02694172,0.004139851,0.0004175711,0.0007524874,0.02569861,0.003387364,0.0008255388,0.0,0.0,0.0
0.649,0.17855,0.49089,0.4926,0.02694304,0.004140003,0.0004166037,0.0007516384,0.02570187,0.003388365,0.000824565,0.0,0.0,0.0
0.649,0.17845,0.49099,0.4927,0.02694434,0.004140171,0.0004156377,0.0007507896,0.02570512,0.003389381,0.0008235911,0.0,0.0,0.0
0.649,0.17835,0.49109,0.4928,0.02694562,0.004140353,0.0004146729,0.0007499409,0.02570833,0.003390413,0.000822617,0.0,0.0,0.0
0.649,0.17825,0.49119,0.4929,0.02694687,0.004140551,0.0004137094,0.0007490924,0.02571152,0.003391458,0.0008216428,0.0,0.0,0.0
0.649,0.17815,0.49129,0.493,0.0269481,0.004140761,0.0004127471,0.000748244,0.02571469,0.003392517,0.0008206684,0.0,0.0,0.0
0.649,0.17805,0.49139,0.4931,0.02694931,0.004140984,0.0004117861,0.0007473958,0.02571783,0.003393588,0.0008196939,0.0,0.0,0.0
0.649,0.17795,0.49149,0.4932,0.0269505,0.004141219,0.0004108264,0.0007465477,0.02572095,0.003394671,0.0008187192,0.0,0.0,0.0
0.649,0.17786,0.4916,0.4933,0.02695166,0.004141465,0.0004098679,0.0007456998,0.02572405,0.003395765,0.0008177443,0.0,0.0,0.0
0.649,0.17776,0.4917,0.4934,0.0269528,0.004141722,0.0004089107,0.0007448521,0.02572712,0.00339687,0.0008167693,0.0,0.0,0.0
0.649,0.17766,0.4918,0.4935,0.02695392,0.004141988,0.0004079547,0.0007440045,0.02573017,0.003397984,0.0008157942,0.0,0.0,0.0
0.649,0.17756,0.4919,0.4936,0.02695501,0.004142265,0.0004070001,0.000743157,0.02573319,0.003399108,0.0008148189,0.0,0.0,0.0
0.649,0.17746,0.492,0.4937,0.02695609,0.00414255,0.0004060466,0.0007423097,0.0257362,0.00340024,0.0008138434,0.0,0.0,0.0
0.649,0.17736,0.4921,0.4938,0.02695714,0.004142844,0.0004050945,0.0007414626,0.02573918,0.003401381,0.0008128679,0.0,0.0,0.0
0.649,0.17726,0.4922,0.4939,0.02695818,0.004143146,0.0004041436,0.0007406156,0.02574214,0.003402531,0.0008118922,0.0,0.0,0.0
0.649,0.17716,0.4923,0.494,0.02695919,0.004143456,0.000403194,0.0007397687,0.02574508,0.003403688,0.0008109163,0.0,0.0,0.0
0.649,0.17707,0.4924,0.4941,0.02696018,0.004143774,0.0004022456,0.000738922,0.025748,0.003404852,0.0008099403,0.0,0.0,0.0
0.649,0.17697,0.4925,0.4942,0.02696116,0.004144099,0.0004012985,0.0007380755,0.02575089,0.003406023,0.0008089642,0.0,0.0,0.0
0.649,0.17687,0.4926,0.4943,0.02696211,0.00414443,0.0004003526,0.0007372291,0.02575377,0.003407201,0.000807988,0.0,0.0,0.0
0.649,0.17677,0.49271,0.4944,0.02696312,0.004144765,0.000399408,0.0007363828,0.0257567,0.003408382,0.0008070116,0.0,0.0,0.0
0.649,0.17667,0.49281,0.4945,0.02696404,0.004145107,0.0003984647,0.0007355367,0.02575954,0.003409571,0.0008060351,0.0,0.0,0.0
0.649,0.17657,0.49291,0.4946,0.02696494,0.004145457,0.0003975226,0.0007346907,0.02576236,0.003410766,0.0008050585,0.0,0.0,0.0
0.649,0.17647,0.49301,0.4947,0.02696582,0.004145812,0.0003965818,0.0007338449,0.02576516,0.003411967,0.0008040818,0.0,0.0,0.0
0.649,0.17637,0.49311,0.4948,0.02696668,0.004146173,0.0003956422,0.0007329993,0.02576793,0.003413174,0.0008031049,0.0,0.0,0.0
0.649,0.17627,0.49321,0.4949,0.02696752,0.004146539,0.0003947039,0.0007321537,0.02577069,0.003414386,0.000802128,0.0,0.0,0.0
0.649,0.17618,0.49331,0.495,0.02696834,0.004146911,0.0003937669,0.0007313084,0.02577342,0.003415603,0.0008011509,0.0,0.0,0.0
0.649,0.17608,0.49341,0.4951,0.02696914,0.004147288,0.0003928311,0.0007304631,0.02577613,0.003416825,0.0008001737,0.0,0.0,0.0
0.649,0.17598,0.49351,0.4952,0.02696044,0.004171377,0.0003918965,0.000729618,0.02576935,0.003441759,0.0007991964,0.0,0.0,0.0
0.649,0.17588,0.49361,0.4953,0.02696165,0.004170901,0.0003909632,0.0007287731,0.02577247,0.003442128,0.000798219,0.0,0.0,0.0
0.649,0.17578,0.49372,0.4954,0.0269628,0.004170512,0.0003900312,0.0007279283,0.02577553,0.003442584,0.0007972415,0.0,0.0,0.0
0.649,0.17568,0.49382,0.4955,0.0269639,0.004170197,0.0003891004,0.0007270837,0.02577853,0.003443113,0.0007962639,0.0,0.0,0.0
0.649,0.17558,0.49392,0.4956,0.02696494,0.004169947,0.0003881709,0.0007262391,0.02578149,0.003443708,0.0007952862,0.0,0.0,0.0
0.649,0.17548,0.49402,0.4957,0.02696609,0.004169754,0.0003872426,0.0007253948,0.02578454,0.003444359,0.0007943084,0.0,0.0,0.0
0.649,0.17538,0.49412,0.4958,0.02696707,0.004169611,0.0003863156,0.0007245506,0.02578743,0.00344506,0.0007933305,0.0,0.0,0.0
0.649,0.17528,0.49422,0.4959,0.026968,0.004169513,0.0003853898,0.0007237065,0.02579026,0.003445806,0.0007923525,0.0,0.0,0.0
0.649,0.17519,0.49432,0.496,0.0269689,0.004169454,0.0003844653,0.0007228625,0.02579306,0.003446592,0.0007913744,0.0,0.0,0.0
0.649,0.17509,0.49442,0.4961,0.02696975,0.004169432,0.000383542,0.0007220187,0.02579582,0.003447413,0.0007903962,0.0,0.0,0.0
0.649,0.17499,0.49452,0.4962,0.02697058,0.004169442,0.00038262,0.0007211751,0.02579854,0.003448266,0.000789418,0.0,0.0,0.0
0.649,0.17489,0.49462,0.4963,0.02697137,0.004169481,0.0003816992,0.0007203315,0.02580123,0.003449149,0.0007884397,0.0,0.0,0.0
0.649,0.17479,0.49472,0.4964,0.02697213,0.004169547,0.0003807797,0.0007194882,0.02580389,0.003450059,0.0007874612,0.0,0.0,0.0
0.649,0.17469,0.49483,0.4965,0.02697287,0.004169638,0.0003798614,0.0007186449,0.02580653,0.003450993,0.0007864828,0.0,0.0,0.0
0.649,0.17459,0.49493,0.4966,0.02697358,0.004169751,0.0003789444,0.0007178018,0.02580913,0.00345195,0.0007855042,0.0,0.0,0.0
0.649,0.17449,0.49503,0.4967,0.02697426,0.004169886,0.0003780286,0.0007169588,0.0258117,0.003452927,0.0007845255,0.0,0.0,0.0
0.649,0.17439,0.49513,0.4968,0.02697491,0.004170039,0.0003771141,0.000716116,0.02581425,0.003453923,0.0007835468,0.0,0.0,0.0
0.649,0.17429,0.49523,0.4969,0.02697555,0.004170211,0.0003762008,0.0007152733,0.02581678,0.003454937,0.000782568,0.0,0.0,0.0
0.649,0.17419,0.49533,0.497,0.02697615,0.004170399,0.0003752888,0.0007144308,0.02581927,0.003455968,0.0007815892,0.0,0.0,0.0
0.649,0.17409,0.49543,0.4971,0.02697674,0.004170602,0.000374378,0.0007135884,0.02582175,0.003457014,0.0007806103,0.0,0.0,0.0
0.649,0.17399,0.49553,0.4972,0.0269773,0.00417082,0.0003734684,0.0007127461,0.0258242,0.003458074,0.0007796313,0.0,0.0,0.0
0.649,0.17389,0.49563,0.4973,0.02697784,0.004171052,0.0003725601,0.0007119039,0.02582662,0.003459148,0.0007786523,0.0,0.0,0.0
0.649,0.17379,0.49573,0.4974,0.02697835,0.004171296,0.0003716531,0.0007110619,0.02582903,0.003460234,0.0007776732,0.0,0.0,0.0
0.649,0.17369,0.49584,0.4975,0.02697885,0.004171552,0.0003707473,0.00071022,0.0258314,0.003461332,0.000776694,0.0,0.0,0.0
0.649,0.1736,0.49594,0.4976,0.02697932,0.00417182,0.0003698427,0.0007093783,0.02583376,0.003462441,0.0007757148,0.0,0.0,0.0
0.649,0.1735,0.49604,0.4977,0.02697977,0.004172098,0.0003689394,0.0007085367,0.0258361,0.003463561,0.0007747355,0.0,0.0,0.0
0.649,0.1734,0.49614,0.4978,0.0269802,0.004172386,0.0003680373,0.0007076952,0.02583841,0.003464691,0.0007737562,0.0,0.0,0.0
0.649,0.1733,0.49624,0.4979,0.02698062,0.004172684,0.0003671364,0.0007068539,0.0258407,0.00346583,0.0007727769,0.0,0.0,0.0
0.649,0.1732,0.49634,0.498,0.02698101,0.004172991,0.0003662368,0.0007060127,0.02584297,0.003466978,0.0007717975,0.0,0.0,0.0
0.649,0.1731,0.49644,0.4981,0.02698138,0.004173307,0.0003653385,0.0007051716,0.02584522,0.003468135,0.000770818,0.0,0.0,0.0
0.649,0.173,0.49654,0.4982,0.02698173,0.00417363,0.0003644413,0.0007043307,0.02584745,0.0034693,0.0007698386,0.0,0.0,0.0
0.649,0.1729,0.49664,0.4983,0.02698207,0.004173962,0.0003635454,0.0007034899,0.02584966,0.003470472,0.000768859,0.0,0.0,0.0
0.649,0.1728,0.49674,0.4984,0.02698238,0.004174301,0.0003626508,0.0007026492,0.02585185,0.003471652,0.0007678795,0.0,0.0,0.0
0.649,0.1727,0.49684,0.4985,0.02698267,0.004174647,0.0003617574,0.0007018086,0.02585402,0.003472838,0.0007668999,0.0,0.0,0.0
0.649,0.1726,0.49695,0.4986,0.02698295,0.004175,0.0003608652,0.0007009682,0.02585617,0.003474032,0.0007659203,0.0,0.0,0.0
0.649,0.1725,0.49705,0.4987,0.02698321,0.00417536,0.0003599743,0.0007001279,0.02585829,0.003475232,0.0007649407,0.0,0.0,0.0
0.649,0.1724,0.49715,0.4988,0.02698353,0.004175722,0.0003590846,0.0006992878,0.02586048,0.003476435,0.000763961,0.0,0.0,0.0
0.649,0.1723,0.49725,0.4989,0.02698377,0.004176091,0.0003581962,0.0006984477,0.02586259,0.003477643,0.0007629813,0.0,0.0,0.0
0.649,0.1722,0.49735,0.499,0.02698398,0.004176467,0.0003573089,0.0006976078,0.02586467,0.003478859,0.0007620016,0.0,0.0,0.0
0.649,0.1721,0.49745,0.4991,0.02698417,0.004176848,0.000356423,0.000696768,0.02586673,0.00348008,0.0007610218,0.0,0.0,0.0
0.649,0.172,0.49755,0.4992,0.02698434,0.004177236,0.0003555382,0.0006959284,0.02586876,0.003481307,0.0007600421,0.0,0.0,0.0
0.649,0.1719,0.49765,0.4993,0.0269845,0.004177628,0.0003546547,0.0006950889,0.02587078,0.003482539,0.0007590623,0.0,0.0,0.0
0.649,0.1718,0.49775,0.4994,0.02698463,0.004178026,0.0003537724,0.0006942495,0.02587278,0.003483776,0.0007580825,0.0,0.0,0.0
0.649,0.1717,0.49785,0.4995,0.02698475,0.004178428,0.0003528914,0.0006934102,0.02587475,0.003485018,0.0007571027,0.0,0.0,0.0
0.649,0.1716,0.49796,0.4996,0.02698485,0.004178836,0.0003520116,0.0006925711,0.02587671,0.003486265,0.0007561229,0.0,0.0,0.0
0.649,0.1715,0.49806,0.4997,0.02697678,0.004200031,0.000351133,0.0006917321,0.0258705,0.003508299,0.0007551431,0.0,0.0,0.0
0.649,0.1714,0.49816,0.4998,0.02697722,0.004199709,0.0003502556,0.0006908932,0.0258728,0.003508815,0.0007541633,0.0,0.0,0.0
0.649,0.1713,0.49826,0.4999,0.02697761,0.004199459,0.0003493795,0.0006900544,0.02587504,0.003509404,0.0007531835,0.0,0.0,0.0
0.649,0.1712,0.49836,0.5,0.02697795,0.004199272,0.0003485047,0.0006892158,0.02587724,0.003510056,0.0007522037,0.0,0.0,0.0
0.649,0.1711,0.49846,0.5001,0.02697825,0.00419914,0.000347631,0.0006883773,0.0258794,0.003510763,0.0007512239,0.0,0.0,0.0
0.649,0.171,0.49856,0.5002,0.02697872,0.004199056,0.0003467586,0.0006875389,0.02588172,0.003511517,0.0007502441,0.0,0.0,0.0
0.649,0.1709,0.49866,0.5003,0.02697896,0.004199016,0.0003458874,0.0006867006,0.02588381,0.003512315,0.0007492643,0.0,0.0,0.0
0.649,0.1708,0.49876,0.5004,0.02697916,0.004199013,0.0003450175,0.0006858624,0.02588586,0.003513151,0.0007482845,0.0,0.0,0.0
0.649,0.1707,0.49886,0.5005,0.02697933,0.004199045,0.0003441487,0.0006850244,0.02588788,0.003514021,0.0007473047,0.0,0.0,0.0
0.649,0.1706,0.49896,0.5006,0.02697947,0.004199108,0.0003432812,0.0006841865,0.02588986,0.003514921,0.000746325,0.0,0.0,0.0
0.649,0.1705,0.49907,0.5007,0.02697957,0.004199199,0.000342415,0.0006833487,0.02589181,0.00351585,0.0007453452,0.0,0.0,0.0
0.649,0.1704,0.49917,0.5008,0.02697965,0.004199315,0.0003415499,0.0006825111,0.02589374,0.003516804,0.0007443655,0.0,0.0,0.0
0.649,0.1703,0.49927,0.5009,0.0269797,0.004199455,0.0003406861,0.0006816735,0.02589563,0.003517782,0.0007433858,0.0,0.0,0.0
0.649,0.1702,0.49937,0.501,0.02697973,0.004199616,0.0003398235,0.0006808361,0.0258975,0.00351878,0.0007424061,0.0,0.0,0.0
0.649,0.1701,0.49947,0.5011,0.02697973,0.004199797,0.0003389622,0.0006799988,0.02589934,0.003519799,0.0007414265,0.0,0.0,0.0
0.649,0.17,0.49957,0.5012,0.02697971,0.004199997,0.000338102,0.0006791617,0.02590116,0.003520835,0.0007404468,0.0,0.0,0.0
0.649,0.1699,0.49967,0.5013,0.02697967,0.004200213,0.0003372431,0.0006783246,0.02590296,0.003521888,0.0007394672,0.0,0.0,0.0
0.649,0.1698,0.49977,0.5014,0.0269796,0.004200444,0.0003363855,0.0006774877,0.02590473,0.003522957,0.0007384877,0.0,0.0,0.0
0.649,0.1697,0.49987,0.5015,0.02697951,0.004200691,0.000335529,0.0006766508,0.02590648,0.00352404,0.0007375081,0.0,0.0,0.0
0.649,0.1696,0.49997,0.5016,0.02697941,0.004200951,0.0003346738,0.0006758141,0.0259082,0.003525137,0.0007365286,0.0,0.0,0.0
0.649,0.1695,0.50008,0.5017,0.02697928,0.004201224,0.0003338198,0.0006749775,0.02590991,0.003526246,0.0007355492,0.0,0.0,0.0
0.649,0.1694,0.50018,0.5018,0.02697913,0.004201509,0.000332967,0.0006741411,0.02591159,0.003527368,0.0007345698,0.0,0.0,0.0
0.649,0.1693,0.50028,0.5019,0.02697896,0.004201805,0.0003321154,0.0006733047,0.02591325,0.0035285,0.0007335904,0.0,0.0,0.0
0.649,0.1692,0.50038,0.502,0.02697877,0.004202112,0.0003312651,0.0006724685,0.02591489,0.003529643,0.000732611,0.0,0.0,0.0
0.649,0.1691,0.50048,0.5021,0.02697856,0.004202429,0.000330416,0.0006716324,0.02591651,0.003530796,0.0007316318,0.0,0.0,0.0
0.649,0.169,0.50058,0.5022,0.02697833,0.004202755,0.0003295681,0.0006707964,0.02591811,0.003531959,0.0007306525,0.0,0.0,0.0
0.649,0.1689,0.50068,0.5023,0.02697809,0.004203091,0.0003287214,0.0006699605,0.02591969,0.00353313,0.0007296734,0.0,0.0,0.0
0.649,0.1688,0.50078,0.5024,0.02697782,0.004203435,0.000327876,0.0006691247,0.02592125,0.00353431,0.0007286942,0.0,0.0,0.0
0.649,0.16869,0.50088,0.5025,0.02697754,0.004203787,0.0003270317,0.000668289,0.02592279,0.003535498,0.0007277152,0.0,0.0,0.0
0.649,0.16859,0.50098,0.5026,0.02697724,0.004204147,0.0003261887,0.0006674535,0.02592431,0.003536693,0.0007267361,0.0,0.0,0.0
0.649,0.16849,0.50108,0.5027,0.02697692,0.004204514,0.000325347,0.0006666181,0.02592582,0.003537896,0.0007257572,0.0,0.0,0.0
0.649,0.16839,0.50119,0.5028,0.02697658,0.004204888,0.0003245064,0.0006657827,0.0259273,0.003539106,0.0007247783,0.0,0.0,0.0
0.649,0.16829,0.50129,0.5029,0.02697623,0.00420527,0.000323667,0.0006649475,0.02592877,0.003540322,0.0007237995,0.0,0.0,0.0
0.649,0.16819,0.50139,0.503,0.02697586,0.004205657,0.0003228289,0.0006641124,0.02593021,0.003541545,0.0007228207,0.0,0.0,0.0
0.649,0.16809,0.50149,0.5031,0.02697548,0.004206051,0.000321992,0.0006632775,0.02593164,0.003542774,0.0007218421,0.0,0.0,0.0
0.649,0.16799,0.50159,0.5032,0.02697507,0.004206451,0.0003211563,0.0006624426,0.02593305,0.003544008,0.0007208634,0.0,0.0,0.0
0.649,0.16789,0.50169,0.5033,0.02697477,0.00420685,0.0003203218,0.0006616078,0.02593456,0.003545242,0.0007198849,0.0,0.0,0.0
0.649,0.16779,0.50179,0.5034,0.02697435,0.004207258,0.0003194886,0.0006607732,0.02593595,0.003546485,0.0007189064,0.0,0.0,0.0
0.649,0.16769,0.50189,0.5035,0.0269739,0.004207673,0.0003186565,0.0006599386,0.02593732,0.003547734,0.0007179281,0.0,0.0,0.0
0.649,0.16759,0.50199,0.5036,0.02697344,0.004208092,0.0003178257,0.0006591042,0.02593866,0.003548988,0.0007169497,0.0,0.0,0.0
0.649,0.16749,0.50209,0.5037,0.02697295,0.004208517,0.0003169961,0.0006582699,0.02593999,0.003550247,0.0007159715,0.0,0.0,0.0
0.649,0.16739,0.5022,0.5038,0.02697246,0.004208947,0.0003161677,0.0006574357,0.0259413,0.003551511,0.0007149934,0.0,0.0,0.0
0.649,0.16729,0.5023,0.5039,0.02697194,0.004209381,0.0003153405,0.0006566016,0.02594259,0.00355278,0.0007140153,0.0,0.0,0.0
0.649,0.16719,0.5024,0.504,0.02697141,0.00420982,0.0003145145,0.0006557676,0.02594386,0.003554053,0.0007130374,0.0,0.0,0.0
0.649,0.16708,0.5025,0.5041,0.0269636,0.00422899,0.0003136897,0.0006549337,0.02593785,0.003574056,0.0007120595,0.0,0.0,0.0
0.649,0.16698,0.5026,0.5042,0.02696338,0.004228751,0.0003128662,0.0006540999,0.02593943,0.003574651,0.0007110817,0.0,0.0,0.0
0.649,0.16688,0.5027,0.5043,0.02696311,0.004228581,0.0003120439,0.0006532663,0.02594097,0.003575315,0.0007101041,0.0,0.0,0.0
0.649,0.16678,0.5028,0.5044,0.0269628,0.004228471,0.0003112227,0.0006524327,0.02594246,0.003576039,0.0007091265,0.0,0.0,0.0
0.649,0.16668,0.5029,0.5045,0.02696246,0.004228413,0.0003104028,0.0006515993,0.0259439,0.003576814,0.000708149,0.0,0.0,0.0
0.649,0.16658,0.503,0.5046,0.02696232,0.004228401,0.0003095841,0.0006507659,0.02594556,0.003577635,0.0007071716,0.0,0.0,0.0
0.649,0.16648,0.5031,0.5047,0.02696193,0.004228429,0.0003087667,0.0006499327,0.02594697,0.003578496,0.0007061944,0.0,0.0,0.0
0.649,0.16638,0.50321,0.5048,0.02696149,0.004228493,0.0003079504,0.0006490995,0.02594832,0.003579394,0.0007052172,0.0,0.0,0.0
0.649,0.16628,0.50331,0.5049,0.02696102,0.00422859,0.0003071353,0.0006482665,0.02594964,0.003580323,0.0007042401,0.0,0.0,0.0
0.649,0.16618,0.50341,0.505,0.02696052,0.004228715,0.0003063215,0.0006474336,0.02595094,0.003581282,0.0007032632,0.0,0.0,0.0
0.649,0.16607,0.50351,0.5051,0.02695999,0.004228867,0.0003055088,0.0006466008,0.0259522,0.003582266,0.0007022864,0.0,0.0,0.0
0.649,0.16597,0.50361,0.5052,0.02695944,0.004229043,0.0003046974,0.0006457681,0.02595343,0.003583274,0.0007013096,0.0,0.0,0.0
0.649,0.16587,0.50371,0.5053,0.02695887,0.00422924,0.0003038871,0.0006449354,0.02595465,0.003584305,0.000700333,0.0,0.0,0.0
0.649,0.16577,0.50381,0.5054,0.02695827,0.004229458,0.0003030781,0.0006441029,0.02595583,0.003585355,0.0006993566,0.0,0.0,0.0
0.649,0.16567,0.50391,0.5055,0.02695764,0.004229694,0.0003022703,0.0006432705,0.02595699,0.003586423,0.0006983802,0.0,0.0,0.0
0.649,0.16557,0.50401,0.5056,0.026957,0.004229947,0.0003014637,0.0006424382,0.02595813,0.003587508,0.000697404,0.0,0.0,0.0
0.649,0.16547,0.50411,0.5057,0.02695634,0.004230215,0.0003006583,0.000641606,0.02595925,0.003588609,0.0006964279,0.0,0.0,0.0
0.649,0.16537,0.50421,0.5058,0.02695565,0.004230499,0.0002998541,0.0006407739,0.02596035,0.003589725,0.0006954519,0.0,0.0,0.0
0.649,0.16527,0.50432,0.5059,0.02695495,0.004230796,0.0002990511,0.0006399419,0.02596142,0.003590854,0.000694476,0.0,0.0,0.0
0.649,0.16517,0.50442,0.506,0.02695423,0.004231106,0.0002982493,0.00063911,0.02596248,0.003591996,0.0006935003,0.0,0.0,0.0
0.649,0.16506,0.50452,0.5061,0.02695348,0.004231428,0.0002974488,0.0006382783,0.02596351,0.00359315,0.0006925248,0.0,0.0,0.0
0.649,0.16496,0.50462,0.5062,0.02695272,0.004231761,0.0002966494,0.0006374466,0.02596453,0.003594315,0.0006915493,0.0,0.0,0.0
0.649,0.16486,0.50472,0.5063,0.02695195,0.004232105,0.0002958512,0.000636615,0.02596552,0.00359549,0.000690574,0.0,0.0,0.0
0.649,0.16476,0.50482,0.5064,0.02695115,0.004232459,0.0002950543,0.0006357835,0.0259665,0.003596675,0.0006895989,0.0,0.0,0.0
0.649,0.16466,0.50492,0.5065,0.02695034,0.004232822,0.0002942585,0.0006349521,0.02596746,0.00359787,0.0006886238,0.0,0.0,0.0
0.649,0.16456,0.50502,0.5066,0.02694951,0.004233194,0.0002934639,0.0006341208,0.02596839,0.003599073,0.000687649,0.0,0.0,0.0
0.649,0.16446,0.50512,0.5067,0.02694866,0.004233574,0.0002926706,0.0006332896,0.02596932,0.003600285,0.0006866742,0.0,0.0,0.0
0.649,0.16435,0.50522,0.5068,0.0269478,0.004233963,0.0002918784,0.0006324585,0.02597022,0.003601505,0.0006856997,0.0,0.0,0.0
0.649,0.16425,0.50533,0.5069,0.02694692,0.004234359,0.0002910875,0.0006316275,0.02597111,0.003602732,0.0006847253,0.0,0.0,0.0
0.649,0.16415,0.50543,0.507,0.02694602,0.004234763,0.0002902977,0.0006307966,0.02597197,0.003603966,0.000683751,0.0,0.0,0.0
0.649,0.16405,0.50553,0.5071,0.02694511,0.004235174,0.0002895092,0.0006299658,0.02597282,0.003605208,0.0006827769,0.0,0.0,0.0
0.649,0.16395,0.50563,0.5072,0.02694418,0.004235591,0.0002887218,0.0006291351,0.02597366,0.003606456,0.0006818029,0.0,0.0,0.0
0.649,0.16385,0.50573,0.5073,0.02694324,0.004236014,0.0002879357,0.0006283045,0.02597448,0.00360771,0.0006808291,0.0,0.0,0.0
0.649,0.16375,0.50583,0.5074,0.02694228,0.004236444,0.0002871507,0.0006274739,0.02597528,0.00360897,0.0006798555,0.0,0.0,0.0
0.649,0.16364,0.50593,0.5075,0.02694131,0.00423688,0.000286367,0.0006266435,0.02597606,0.003610236,0.0006788821,0.0,0.0,0.0
0.649,0.16354,0.50603,0.5076,0.02694032,0.004237321,0.0002855844,0.0006258132,0.02597683,0.003611508,0.0006779088,0.0,0.0,0.0
0.649,0.16344,0.50613,0.5077,0.02693946,0.004237761,0.000284803,0.000624983,0.02597772,0.003612778,0.0006769356,0.0,0.0,0.0
0.649,0.16334,0.50623,0.5078,0.02693846,0.004238209,0.0002840229,0.0006241528,0.02597847,0.003614056,0.0006759627,0.0,0.0,0.0
0.649,0.16324,0.50634,0.5079,0.02693744,0.004238664,0.0002832439,0.0006233228,0.0259792,0.003615341,0.0006749899,0.0,0.0,0.0
0.649,0.16314,0.50644,0.508,0.0269364,0.004239123,0.0002824662,0.0006224928,0.02597991,0.003616631,0.0006740173,0.0,0.0,0.0
0.649,0.16304,0.50654,0.5081,0.02693534,0.004239588,0.0002816896,0.000621663,0.0259806,0.003617925,0.0006730449,0.0,0.0,0.0
0.649,0.16293,0.50664,0.5082,0.02693427,0.004240058,0.0002809142,0.0006208332,0.02598128,0.003619224,0.0006720726,0.0,0.0,0.0
0.649,0.16283,0.50674,0.5083,0.02693318,0.004240532,0.0002801401,0.0006200036,0.02598194,0.003620528,0.0006711006,0.0,0.0,0.0
0.649,0.16273,0.50684,0.5084,0.02693208,0.00424101,0.0002793671,0.000619174,0.02598258,0.003621836,0.0006701287,0.0,0.0,0.0
0.649,0.16263,0.50694,0.5085,0.02692458,0.004258194,0.0002785953,0.0006183445,0.02597683,0.003639849,0.000669157,0.0,0.0,0.0
0.649,0.16253,0.50704,0.5086,0.02692376,0.004258054,0.0002778247,0.0006175151,0.02597775,0.003640539,0.0006681855,0.0,0.0,0.0
0.649,0.16243,0.50714,0.5087,0.02692289,0.004257979,0.0002770553,0.0006166858,0.02597862,0.003641293,0.0006672142,0.0,0.0,0.0
0.649,0.16232,0.50724,0.5088,0.02692199,0.00425796,0.0002762871,0.0006158566,0.02597946,0.003642103,0.0006662431,0.0,0.0,0.0
0.649,0.16222,0.50735,0.5089,0.02692105,0.004257988,0.0002755201,0.0006150275,0.02598025,0.003642961,0.0006652721,0.0,0.0,0.0
0.649,0.16212,0.50745,0.509,0.02692037,0.004258059,0.0002747543,0.0006141985,0.02598132,0.00364386,0.0006643014,0.0,0.0,0.0
0.649,0.16202,0.50755,0.5091,0.02691941,0.004258167,0.0002739896,0.0006133696,0.02598209,0.003644798,0.0006633309,0.0,0.0,0.0
0.649,0.16192,0.50765,0.5092,0.0269184,0.004258309,0.0002732262,0.0006125407,0.02598281,0.003645768,0.0006623606,0.0,0.0,0.0
0.649,0.16181,0.50775,0.5093,0.02691735,0.00425848,0.000272464,0.000611712,0.0259835,0.003646768,0.0006613904,0.0,0.0,0.0
0.649,0.16171,0.50785,0.5094,0.02691628,0.004258678,0.0002717029,0.0006108833,0.02598415,0.003647795,0.0006604205,0.0,0.0,0.0
0.649,0.16161,0.50795,0.5095,0.02691518,0.0042589,0.0002709431,0.0006100547,0.02598478,0.003648846,0.0006594508,0.0,0.0,0.0
0.649,0.16151,0.50805,0.5096,0.02691406,0.004259145,0.0002701844,0.0006092262,0.02598539,0.003649918,0.0006584813,0.0,0.0,0.0
0.649,0.16141,0.50815,0.5097,0.02691291,0.004259409,0.0002694269,0.0006083979,0.02598597,0.003651011,0.000657512,0.0,0.0,0.0
0.649,0.1613,0.50825,0.5098,0.02691175,0.004259692,0.0002686706,0.0006075695,0.02598654,0.003652123,0.0006565429,0.0,0.0,0.0
0.649,0.1612,0.50835,0.5099,0.02691057,0.004259992,0.0002679155,0.0006067413,0.02598708,0.003653251,0.0006555741,0.0,0.0,0.0
0.649,0.1611,0.50846,0.51,0.02690936,0.004260308,0.0002671616,0.0006059132,0.02598759,0.003654395,0.0006546054,0.0,0.0,0.0
0.649,0.161,0.50856,0.5101,0.02690814,0.004260639,0.0002664089,0.0006050851,0.02598809,0.003655554,0.000653637,0.0,0.0,0.0
0.649,0.1609,0.50866,0.5102,0.0269069,0.004260983,0.0002656573,0.0006042572,0.02598857,0.003656726,0.0006526688,0.0,0.0,0.0
0.649,0.16079,0.50876,0.5103,0.02690564,0.00426134,0.000264907,0.0006034293,0.02598904,0.00365791,0.0006517008,0.0,0.0,0.0
0.649,0.16069,0.50886,0.5104,0.02690437,0.004261708,0.0002641578,0.0006026015,0.02598948,0.003659107,0.0006507331,0.0,0.0,0.0
0.649,0.16059,0.50896,0.5105,0.02690308,0.004262088,0.0002634099,0.0006017738,0.0259899,0.003660314,0.0006497656,0.0,0.0,0.0
0.649,0.16049,0.50906,0.5106,0.02690177,0.004262478,0.0002626631,0.0006009462,0.02599031,0.003661532,0.0006487983,0.0,0.0,0.0
0.649,0.16039,0.50916,0.5107,0.02690045,0.004262878,0.0002619175,0.0006001187,0.0259907,0.003662759,0.0006478312,0.0,0.0,0.0
0.649,0.16028,0.50926,0.5108,0.02689911,0.004263287,0.000261173,0.0005992912,0.02599107,0.003663996,0.0006468644,0.0,0.0,0.0
0.649,0.16018,0.50936,0.5109,0.02689776,0.004263705,0.0002604298,0.0005984639,0.02599143,0.003665241,0.0006458978,0.0,0.0,0.0
0.649,0.16008,0.50947,0.511,0.02689639,0.004264132,0.0002596878,0.0005976366,0.02599177,0.003666495,0.0006449315,0.0,0.0,0.0
0.649,0.15998,0.50957,0.5111,0.026895,0.004264566,0.0002589469,0.0005968094,0.02599209,0.003667757,0.0006439654,0.0,0.0,0.0
0.649,0.15988,0.50967,0.5112,0.0268936,0.004265008,0.0002582072,0.0005959823,0.0259924,0.003669026,0.0006429995,0.0,0.0,0.0
0.649,0.15977,0.50977,0.5113,0.02689219,0.004265457,0.0002574687,0.0005951553,0.02599269,0.003670302,0.0006420339,0.0,0.0,0.0
0.649,0.15967,0.50987,0.5114,0.02689077,0.004265913,0.0002567314,0.0005943283,0.02599297,0.003671585,0.0006410685,0.0,0.0,0.0
0.649,0.15957,0.50997,0.5115,0.02688932,0.004266376,0.0002559953,0.0005935015,0.02599323,0.003672874,0.0006401034,0.0,0.0,0.0
0.649,0.15947,0.51007,0.5116,0.02688787,0.004266845,0.0002552603,0.0005926747,0.02599347,0.00367417,0.0006391385,0.0,0.0,0.0
0.649,0.15936,0.51017,0.5117,0.0268864,0.00426732,0.0002545266,0.000591848,0.0259937,0.003675472,0.0006381739,0.0,0.0,0.0
0.649,0.15926,0.51027,0.5118,0.02688492,0.0042678,0.000253794,0.0005910214,0.02599392,0.003676779,0.0006372096,0.0,0.0,0.0
0.649,0.15916,0.51037,0.5119,0.02688343,0.004268287,0.0002530626,0.0005901948,0.02599412,0.003678092,0.0006362455,0.0,0.0,0.0
0.649,0.15906,0.51048,0.512,0.02688192,0.004268779,0.0002523323,0.0005893684,0.0259943,0.00367941,0.0006352816,0.0,0.0,0.0
0.649,0.15895,0.51058,0.5121,0.02688057,0.004269268,0.0002516033,0.000588542,0.02599464,0.003680726,0.000634318,0.0,0.0,0.0
0.649,0.15885,0.51068,0.5122,0.02687906,0.004269765,0.0002508754,0.0005877157,0.02599483,0.003682049,0.0006333547,0.0,0.0,0.0
0.649,0.15875,0.51078,0.5123,0.02687752,0.004270268,0.0002501487,0.0005868895,0.02599498,0.003683379,0.0006323917,0.0,0.0,0.0
0.649,0.15865,0.51088,0.5124,0.02687597,0.004270777,0.0002494232,0.0005860634,0.02599512,0.003684713,0.0006314289,0.0,0.0,0.0
0.649,0.15854,0.51098,0.5125,0.02687441,0.004271291,0.0002486989,0.0005852373,0.02599524,0.003686053,0.0006304664,0.0,0.0,0.0
0.649,0.15844,0.51108,0.5126,0.02687283,0.004271809,0.0002479757,0.0005844114,0.02599535,0.003687398,0.0006295041,0.0,0.0,0.0
0.649,0.15834,0.51118,0.5127,0.02687123,0.004272332,0.0002472538,0.0005835855,0.02599544,0.003688746,0.0006285421,0.0,0.0,0.0
0.649,0.15824,0.51128,0.5128,0.02686963,0.004272859,0.000246533,0.0005827597,0.02599551,0.003690099,0.0006275804,0.0,0.0,0.0
0.649,0.15813,0.51138,0.5129,0.02686249,0.004288126,0.0002458134,0.0005819339,0.02599005,0.003706192,0.000626619,0.0,0.0,0.0
0.649,0.15803,0.51149,0.513,0.02686112,0.004288101,0.0002450949,0.0005811083,0.02599037,0.003706993,0.0006256579,0.0,0.0,0.0
0.649,0.15793,0.51159,0.5131,0.02685972,0.004288135,0.0002443777,0.0005802827,0.02599065,0.003707852,0.000624697,0.0,0.0,0.0
0.649,0.15783,0.51169,0.5132,0.02685829,0.004288219,0.0002436616,0.0005794572,0.02599089,0.003708761,0.0006237365,0.0,0.0,0.0
0.649,0.15772,0.51179,0.5133,0.02685682,0.004288346,0.0002429466,0.0005786318,0.0259911,0.003709714,0.0006227762,0.0,0.0,0.0
0.649,0.15762,0.51189,0.5134,0.0268557,0.004288512,0.0002422329,0.0005778064,0.02599165,0.003710706,0.0006218162,0.0,0.0,0.0
0.649,0.15752,0.51199,0.5135,0.02685423,0.004288712,0.0002415203,0.0005769812,0.02599186,0.003711731,0.0006208565,0.0,0.0,0.0
0.649,0.15742,0.51209,0.5136,0.02685271,0.004288942,0.0002408089,0.000576156,0.025992,0.003712786,0.0006198971,0.0,0.0,0.0
0.649,0.15731,0.51219,0.5137,0.02685115,0.004289199,0.0002400987,0.0005753309,0.02599212,0.003713868,0.0006189379,0.0,0.0,0.0
0.649,0.15721,0.51229,0.5138,0.02684957,0.00428948,0.0002393897,0.0005745058,0.0259922,0.003714974,0.0006179791,0.0,0.0,0.0
0.649,0.15711,0.51239,0.5139,0.02684797,0.004289783,0.0002386818,0.0005736809,0.02599227,0.003716102,0.0006170206,0.0,0.0,0.0
0.649,0.15701,0.5125,0.514,0.02684635,0.004290107,0.0002379751,0.000572856,0.02599231,0.003717251,0.0006160624,0.0,0.0,0.0
0.649,0.1569,0.5126,0.5141,0.02684471,0.004290449,0.0002372696,0.0005720311,0.02599233,0.003718417,0.0006151045,0.0,0.0,0.0
0.649,0.1568,0.5127,0.5142,0.02684305,0.004290807,0.0002365652,0.0005712064,0.02599233,0.003719601,0.0006141468,0.0,0.0,0.0
0.649,0.1567,0.5128,0.5143,0.02684137,0.004291182,0.000235862,0.0005703817,0.02599232,0.0037208,0.0006131895,0.0,0.0,0.0
0.649,0.15659,0.5129,0.5144,0.02683967,0.00429157,0.00023516,0.0005695572,0.02599228,0.003722013,0.0006122325,0.0,0.0,0.0
0.649,0.15649,0.513,0.5145,0.02683796,0.004291972,0.0002344592,0.0005687326,0.02599223,0.00372324,0.0006112758,0.0,0.0,0.0
0.649,0.15639,0.5131,0.5146,0.02683624,0.004292387,0.0002337595,0.0005679082,0.02599216,0.003724479,0.0006103194,0.0,0.0,0.0
0.649,0.15628,0.5132,0.5147,0.0268345,0.004292813,0.000233061,0.0005670838,0.02599207,0.003725729,0.0006093634,0.0,0.0,0.0
0.649,0.15618,0.5133,0.5148,0.02683274,0.00429325,0.0002323637,0.0005662595,0.02599197,0.003726991,0.0006084076,0.0,0.0,0.0
0.649,0.15608,0.5134,0.5149,0.02683097,0.004293698,0.0002316675,0.0005654353,0.02599185,0.003728262,0.0006074522,0.0,0.0,0.0
0.649,0.15598,0.5135,0.515,0.02682918,0.004294155,0.0002309725,0.0005646111,0.02599172,0.003729544,0.0006064971,0.0,0.0,0.0
0.649,0.15587,0.51361,0.5151,0.02682739,0.004294621,0.0002302787,0.0005637871,0.02599157,0.003730834,0.0006055423,0.0,0.0,0.0
0.649,0.15577,0.51371,0.5152,0.02682558,0.004295096,0.000229586,0.0005629631,0.0259914,0.003732133,0.0006045878,0.0,0.0,0.0
0.649,0.15567,0.51381,0.5153,0.02682375,0.004295579,0.0002288945,0.0005621391,0.02599122,0.00373344,0.0006036337,0.0,0.0,0.0
0.649,0.15556,0.51391,0.5154,0.02682191,0.00429607,0.0002282042,0.0005613153,0.02599103,0.003734755,0.0006026798,0.0,0.0,0.0
0.649,0.15546,0.51401,0.5155,0.02682006,0.004296568,0.000227515,0.0005604915,0.02599082,0.003736077,0.0006017264,0.0,0.0,0.0
0.649,0.15536,0.51411,0.5156,0.0268182,0.004297074,0.000226827,0.0005596678,0.0259906,0.003737406,0.0006007732,0.0,0.0,0.0
0.649,0.15525,0.51421,0.5157,0.02681633,0.004297586,0.0002261402,0.0005588441,0.02599037,0.003738742,0.0005998204,0.0,0.0,0.0
0.649,0.15515,0.51431,0.5158,0.02681444,0.004298105,0.0002254546,0.0005580205,0.02599012,0.003740084,0.0005988679,0.0,0.0,0.0
0.649,0.15505,0.51441,0.5159,0.02681254,0.00429863,0.0002247701,0.000557197,0.02598985,0.003741432,0.0005979158,0.0,0.0,0.0
0.649,0.15495,0.51451,0.516,0.02681063,0.00429916,0.0002240867,0.0005563736,0.02598958,0.003742787,0.000596964,0.0,0.0,0.0
0.649,0.15484,0.51462,0.5161,0.02680871,0.004299697,0.0002234046,0.0005555502,0.02598929,0.003744147,0.0005960125,0.0,0.0,0.0
0.649,0.15474,0.51472,0.5162,0.02680677,0.004300239,0.0002227235,0.0005547269,0.02598899,0.003745512,0.0005950614,0.0,0.0,0.0
0.649,0.15464,0.51482,0.5163,0.02680483,0.004300787,0.0002220437,0.0005539037,0.02598867,0.003746883,0.0005941106,0.0,0.0,0.0
0.649,0.15453,0.51492,0.5164,0.02680287,0.00430134,0.000221365,0.0005530805,0.02598835,0.003748259,0.0005931602,0.0,0.0,0.0
0.649,0.15443,0.51502,0.5165,0.02680111,0.004301887,0.0002206875,0.0005522574,0.02598822,0.00374963,0.0005922101,0.0,0.0,0.0
0.649,0.15433,0.51512,0.5166,0.02679917,0.004302444,0.0002200112,0.0005514344,0.0259879,0.00375101,0.0005912604,0.0,0.0,0.0
0.649,0.15422,0.51522,0.5167,0.02679719,0.004303007,0.000219336,0.0005506114,0.02598755,0.003752396,0.000590311,0.0,0.0,0.0
0.649,0.15412,0.51532,0.5168,0.0267952,0.004303576,0.0002186619,0.0005497886,0.02598718,0.003753787,0.000589362,0.0,0.0,0.0
0.649,0.15402,0.51542,0.5169,0.0267932,0.004304149,0.0002179891,0.0005489657,0.0259868,0.003755183,0.0005884133,0.0,0.0,0.0
0.649,0.15391,0.51552,0.517,0.02679118,0.004304727,0.0002173173,0.000548143,0.0259864,0.003756584,0.000587465,0.0,0.0,0.0
0.649,0.15381,0.51563,0.5171,0.02678916,0.004305309,0.0002166468,0.0005473203,0.02598599,0.003757989,0.0005865171,0.0,0.0,0.0
0.649,0.15371,0.51573,0.5172,0.02678712,0.004305896,0.0002159774,0.0005464977,0.02598557,0.003759398,0.0005855695,0.0,0.0,0.0
0.649,0.1536,0.51583,0.5173,0.02678036,0.004319347,0.0002153092,0.0005456751,0.02598043,0.003773672,0.0005846223,0.0,0.0,0.0
0.649,0.1535,0.51593,0.5174,0.02677853,0.004319451,0.0002146421,0.0005448526,0.02598021,0.003774598,0.0005836755,0.0,0.0,0.0
0.649,0.15339,0.51603,0.5175,0.02677666,0.004319606,0.0002139762,0.0005440302,0.02597996,0.003775576,0.000582729,0.0,0.0,0.0
0.649,0.15329,0.51613,0.5176,0.02677477,0.004319806,0.0002133114,0.0005432079,0.02597968,0.003776599,0.0005817829,0.0,0.0,0.0
0.649,0.15319,0.51623,0.5177,0.02677286,0.004320045,0.0002126478,0.0005423856,0.02597937,0.00377766,0.0005808372,0.0,0.0,0.0
0.649,0.15308,0.51633,0.5178,0.0267714,0.004320318,0.0002119854,0.0005415634,0.02597952,0.003778755,0.0005798918,0.0,0.0,0.0
0.649,0.15298,0.51643,0.5179,0.02676949,0.004320621,0.0002113241,0.0005407412,0.02597922,0.00377988,0.0005789469,0.0,0.0,0.0
0.649,0.15288,0.51653,0.518,0.02676753,0.004320951,0.000210664,0.0005399191,0.02597886,0.003781032,0.0005780023,0.0,0.0,0.0
0.649,0.15277,0.51664,0.5181,0.02676554,0.004321305,0.000210005,0.0005390971,0.02597847,0.003782208,0.000577058,0.0,0.0,0.0
0.649,0.15267,0.51674,0.5182,0.02676352,0.004321681,0.0002093472,0.0005382751,0.02597806,0.003783406,0.0005761142,0.0,0.0,0.0
0.649,0.15257,0.51684,0.5183,0.02676149,0.004322077,0.0002086905,0.0005374532,0.02597763,0.003784624,0.0005751708,0.0,0.0,0.0
0.649,0.15246,0.51694,0.5184,0.02675944,0.004322491,0.000208035,0.0005366314,0.02597718,0.003785859,0.0005742277,0.0,0.0,0.0
0.649,0.15236,0.51704,0.5185,0.02675738,0.004322921,0.0002073807,0.0005358097,0.02597671,0.003787112,0.000573285,0.0,0.0,0.0
0.649,0.15226,0.51714,0.5186,0.02675529,0.004323367,0.0002067275,0.0005349879,0.02597622,0.003788379,0.0005723427,0.0,0.0,0.0
0.649,0.15215,0.51724,0.5187,0.0267532,0.004323827,0.0002060754,0.0005341663,0.02597572,0.003789661,0.0005714008,0.0,0.0,0.0
0.649,0.15205,0.51734,0.5188,0.02675109,0.0043243,0.0002054246,0.0005333447,0.0259752,0.003790955,0.0005704593,0.0,0.0,0.0
0.649,0.15194,0.51744,0.5189,0.02674896,0.004324785,0.0002047748,0.0005325232,0.02597467,0.003792262,0.0005695182,0.0,0.0,0.0
0.649,0.15184,0.51754,0.519,0.02674683,0.004325282,0.0002041262,0.0005317018,0.02597412,0.00379358,0.0005685775,0.0,0.0,0.0
0.649,0.15174,0.51765,0.5191,0.02674468,0.004325789,0.0002034788,0.0005308804,0.02597356,0.003794908,0.0005676372,0.0,0.0,0.0
0.649,0.15163,0.51775,0.5192,0.02674251,0.004326306,0.0002028325,0.0005300591,0.02597298,0.003796247,0.0005666973,0.0,0.0,0.0
0.649,0.15153,0.51785,0.5193,0.02674034,0.004326833,0.0002021874,0.0005292378,0.02597239,0.003797595,0.0005657578,0.0,0.0,0.0
0.649,0.15142,0.51795,0.5194,0.02673815,0.004327368,0.0002015434,0.0005284166,0.02597179,0.003798952,0.0005648187,0.0,0.0,0.0
0.649,0.15132,0.51805,0.5195,0.02673596,0.004327913,0.0002009006,0.0005275955,0.02597117,0.003800317,0.00056388,0.0,0.0,0.0
0.649,0.15122,0.51815,0.5196,0.02673375,0.004328465,0.0002002589,0.0005267744,0.02597055,0.00380169,0.0005629418,0.0,0.0,0.0
0.649,0.15111,0.51825,0.5197,0.02673153,0.004329025,0.0001996184,0.0005259534,0.0259699,0.003803071,0.0005620039,0.0,0.0,0.0
0.649,0.15101,0.51835,0.5198,0.0267293,0.004329592,0.000198979,0.0005251324,0.02596925,0.00380446,0.0005610664,0.0,0.0,0.0
0.649,0.1509,0.51845,0.5199,0.02672706,0.004330166,0.0001983408,0.0005243116,0.02596859,0.003805855,0.0005601294,0.0,0.0,0.0
0.649,0.1508,0.51855,0.52,0.02672481,0.004330747,0.0001977037,0.0005234907,0.02596791,0.003807256,0.0005591928,0.0,0.0,0.0
0.649,0.1507,0.51866,0.5201,0.02672254,0.004331334,0.0001970678,0.00052267,0.02596722,0.003808664,0.0005582566,0.0,0.0,0.0
0.649,0.15059,0.51876,0.5202,0.02672027,0.004331928,0.000196433,0.0005218493,0.02596652,0.003810079,0.0005573208,0.0,0.0,0.0
0.649,0.15049,0.51886,0.5203,0.02671799,0.004332527,0.0001957994,0.0005210286,0.02596581,0.003811499,0.0005563854,0.0,0.0,0.0
0.649,0.15038,0.51896,0.5204,0.0267157,0.004333133,0.0001951669,0.000520208,0.02596509,0.003812925,0.0005554505,0.0,0.0,0.0
0.649,0.15028,0.51906,0.5205,0.0267134,0.004333743,0.0001945355,0.0005193875,0.02596435,0.003814356,0.000554516,0.0,0.0,0.0
0.649,0.15018,0.51916,0.5206,0.02671109,0.004334359,0.0001939054,0.000518567,0.02596361,0.003815792,0.0005535819,0.0,0.0,0.0
0.649,0.15007,0.51926,0.5207,0.02670878,0.004334981,0.0001932763,0.0005177466,0.02596285,0.003817234,0.0005526482,0.0,0.0,0.0
0.649,0.14997,0.51936,0.5208,0.02670645,0.004335607,0.0001926484,0.0005169263,0.02596209,0.003818681,0.000551715,0.0,0.0,0.0
0.649,0.14986,0.51946,0.5209,0.02670438,0.004336224,0.0001920216,0.000516106,0.02596158,0.003820118,0.0005507822,0.0,0.0,0.0
0.649,0.14976,0.51956,0.521,0.02670207,0.004336854,0.000191396,0.0005152858,0.02596082,0.003821568,0.0005498498,0.0,0.0,0.0
0.649,0.14966,0.51967,0.5211,0.02669973,0.004337489,0.0001907716,0.0005144656,0.02596004,0.003823024,0.0005489179,0.0,0.0,0.0
0.649,0.14955,0.51977,0.5212,0.02669738,0.00433813,0.0001901482,0.0005136455,0.02595924,0.003824485,0.0005479864,0.0,0.0,0.0
0.649,0.14945,0.51987,0.5213,0.02669501,0.004338776,0.0001895261,0.0005128255,0.02595843,0.003825951,0.0005470554,0.0,0.0,0.0
0.649,0.14934,0.51997,0.5214,0.02669264,0.004339427,0.000188905,0.0005120055,0.02595761,0.003827421,0.0005461248,0.0,0.0,0.0
0.649,0.14924,0.52007,0.5215,0.02669025,0.004340082,0.0001882851,0.0005111855,0.02595677,0.003828896,0.0005451946,0.0,0.0,0.0
0.649,0.14913,0.52017,0.5216,0.02668786,0.004340741,0.0001876664,0.0005103657,0.02595593,0.003830375,0.0005442649,0.0,0.0,0.0
0.649,0.14903,0.52027,0.5217,0.0266815,0.004352503,0.0001870488,0.0005095459,0.02595112,0.003842957,0.0005433357,0.0,0.0,0.0
0.649,0.14893,0.52037,0.5218,0.02667928,0.004352749,0.0001864323,0.0005087261,0.02595044,0.003844022,0.0005424069,0.0,0.0,0.0
0.649,0.14882,0.52047,0.5219,0.02667704,0.004353039,0.000185817,0.0005079064,0.02594974,0.003845133,0.0005414785,0.0,0.0,0.0
0.649,0.14872,0.52057,0.522,0.02667477,0.004353368,0.0001852028,0.0005070868,0.02594902,0.003846281,0.0005405506,0.0,0.0,0.0
0.649,0.14861,0.52068,0.5221,0.02667248,0.004353731,0.0001845897,0.0005062672,0.02594827,0.003847464,0.0005396232,0.0,0.0,0.0
0.649,0.14851,0.52078,0.5222,0.0266708,0.004354123,0.0001839778,0.0005054477,0.02594812,0.003848676,0.0005386962,0.0,0.0,0.0
0.649,0.1484,0.52088,0.5223,0.02666852,0.004354542,0.0001833671,0.0005046282,0.02594739,0.003849914,0.0005377696,0.0,0.0,0.0
0.649,0.1483,0.52098,0.5224,0.0266662,0.004354985,0.0001827574,0.0005038088,0.0259466,0.003851176,0.0005368435,0.0,0.0,0.0
0.649,0.14819,0.52108,0.5225,0.02666385,0.004355449,0.0001821489,0.0005029894,0.02594579,0.00385246,0.0005359179,0.0,0.0,0.0
0.649,0.14809,0.52118,0.5226,0.02666149,0.004355933,0.0001815416,0.0005021701,0.02594495,0.003853762,0.0005349928,0.0,0.0,0.0
0.649,0.14799,0.52128,0.5227,0.02665911,0.004356434,0.0001809354,0.0005013509,0.0259441,0.003855083,0.0005340681,0.0,0.0,0.0
0.649,0.14788,0.52138,0.5228,0.02665671,0.004356951,0.0001803303,0.0005005317,0.02594324,0.003856419,0.0005331439,0.0,0.0,0.0
0.649,0.14778,0.52148,0.5229,0.0266543,0.004357483,0.0001797264,0.0004997126,0.02594235,0.00385777,0.0005322201,0.0,0.0,0.0
0.649,0.14767,0.52158,0.523,0.02665188,0.004358029,0.0001791236,0.0004988935,0.02594146,0.003859135,0.0005312969,0.0,0.0,0.0
0.649,0.14757,0.52169,0.5231,0.02664944,0.004358587,0.0001785219,0.0004980745,0.02594055,0.003860513,0.0005303741,0.0,0.0,0.0
0.649,0.14746,0.52179,0.5232,0.026647,0.004359157,0.0001779214,0.0004972555,0.02593962,0.003861902,0.0005294518,0.0,0.0,0.0
0.649,0.14736,0.52189,0.5233,0.02664454,0.004359739,0.000177322,0.0004964366,0.02593869,0.003863302,0.0005285299,0.0,0.0,0.0
0.649,0.14725,0.52199,0.5234,0.02664207,0.004360331,0.0001767237,0.0004956178,0.02593774,0.003864713,0.0005276085,0.0,0.0,0.0
0.649,0.14715,0.52209,0.5235,0.02663959,0.004360932,0.0001761266,0.000494799,0.02593678,0.003866133,0.0005266876,0.0,0.0,0.0
0.649,0.14704,0.52219,0.5236,0.0266371,0.004361543,0.0001755306,0.0004939803,0.0259358,0.003867563,0.0005257672,0.0,0.0,0.0
0.649,0.14694,0.52229,0.5237,0.0266346,0.004362163,0.0001749358,0.0004931616,0.02593482,0.003869002,0.0005248473,0.0,0.0,0.0
0.649,0.14683,0.52239,0.5238,0.0266321,0.004362791,0.000174342,0.000492343,0.02593383,0.003870448,0.0005239279,0.0,0.0,0.0
0.649,0.14673,0.52249,0.5239,0.02662958,0.004363427,0.0001737494,0.0004915244,0.02593282,0.003871903,0.0005230089,0.0,0.0,0.0
0.649,0.14663,0.52259,0.524,0.02662706,0.004364071,0.000173158,0.0004907059,0.02593181,0.003873365,0.0005220905,0.0,0.0,0.0
0.649,0.14652,0.5227,0.5241,0.02662452,0.004364721,0.0001725677,0.0004898874,0.02593078,0.003874834,0.0005211725,0.0,0.0,0.0
0.649,0.14642,0.5228,0.5242,0.02662198,0.004365379,0.0001719785,0.000489069,0.02592975,0.00387631,0.000520255,0.0,0.0,0.0
0.649,0.14631,0.5229,0.5243,0.02661943,0.004366043,0.0001713904,0.0004882507,0.0259287,0.003877793,0.000519338,0.0,0.0,0.0
0.649,0.14621,0.523,0.5244,0.02661687,0.004366714,0.0001708035,0.0004874324,0.02592765,0.003879282,0.0005184215,0.0,0.0,0.0
0.649,0.1461,0.5231,0.5245,0.02661431,0.004367391,0.0001702177,0.0004866142,0.02592658,0.003880777,0.0005175055,0.0,0.0,0.0
0.649,0.146,0.5232,0.5246,0.02661173,0.004368074,0.000169633,0.000485796,0.02592551,0.003882278,0.0005165901,0.0,0.0,0.0
0.649,0.14589,0.5233,0.5247,0.02660915,0.004368762,0.0001690495,0.0004849778,0.02592443,0.003883785,0.0005156751,0.0,0.0,0.0
0.649,0.14579,0.5234,0.5248,0.02660657,0.004369457,0.0001684671,0.0004841598,0.02592334,0.003885297,0.0005147606,0.0,0.0,0.0
0.649,0.14568,0.5235,0.5249,0.02660397,0.004370156,0.0001678858,0.0004833418,0.02592224,0.003886814,0.0005138466,0.0,0.0,0.0
0.649,0.14558,0.5236,0.525,0.02660137,0.004370861,0.0001673057,0.0004825238,0.02592113,0.003888337,0.0005129331,0.0,0.0,0.0
0.649,0.14547,0.52371,0.5251,0.02659876,0.004371571,0.0001667266,0.0004817059,0.02592001,0.003889865,0.0005120202,0.0,0.0,0.0
0.649,0.14537,0.52381,0.5252,0.02659638,0.004372279,0.0001661487,0.000480888,0.02591913,0.003891391,0.0005111077,0.0,0.0,0.0
0.649,0.14526,0.52391,0.5253,0.02659385,0.004372986,0.000165572,0.0004800702,0.02591809,0.003892916,0.0005101958,0.0,0.0,0.0
0.649,0.14516,0.52401,0.5254,0.02659125,0.004373703,0.0001649963,0.0004792525,0.02591697,0.003894451,0.0005092843,0.0,0.0,0.0
0.649,0.14505,0.52411,0.5255,0.02658863,0.004374427,0.0001644218,0.0004784348,0.02591584,0.003895992,0.0005083734,0.0,0.0,0.0
0.649,0.14495,0.52421,0.5256,0.026586,0.004375155,0.0001638484,0.0004776171,0.02591469,0.003897538,0.000507463,0.0,0.0,0.0
0.649,0.14484,0.52431,0.5257,0.02658336,0.004375889,0.0001632762,0.0004767995,0.02591353,0.00389909,0.0005065531,0.0,0.0,0.0
0.649,0.14474,0.52441,0.5258,0.02658071,0.004376628,0.0001627051,0.000475982,0.02591236,0.003900646,0.0005056438,0.0,0.0,0.0
0.649,0.14463,0.52451,0.5259,0.02657805,0.004377371,0.000162135,0.0004751645,0.02591118,0.003902207,0.0005047349,0.0,0.0,0.0
0.649,0.14453,0.52461,0.526,0.02657539,0.004378119,0.0001615662,0.0004743471,0.02590999,0.003903772,0.0005038266,0.0,0.0,0.0
0.649,0.14442,0.52472,0.5261,0.02656944,0.004388342,0.0001609984,0.0004735297,0.02590552,0.003914813,0.0005029188,0.0,0.0,0.0
0.649,0.14431,0.52482,0.5262,0.02656692,0.004388743,0.0001604318,0.0004727124,0.02590447,0.003916031,0.0005020116,0.0,0.0,0.0
0.649,0.14421,0.52492,0.5263,0.02656438,0.004389182,0.0001598663,0.0004718951,0.0259034,0.003917287,0.0005011048,0.0,0.0,0.0
0.649,0.1441,0.52502,0.5264,0.02656182,0.004389654,0.0001593019,0.0004710779,0.02590232,0.003918576,0.0005001986,0.0,0.0,0.0
0.649,0.144,0.52512,0.5265,0.02655924,0.004390155,0.0001587386,0.0004702608,0.02590121,0.003919894,0.000499293,0.0,0.0,0.0
0.649,0.14389,0.52522,0.5266,0.02655746,0.004390681,0.0001581765,0.0004694437,0.02590089,0.003921237,0.0004983878,0.0,0.0,0.0
0.649,0.14379,0.52532,0.5267,0.02655489,0.00439123,0.0001576154,0.0004686266,0.0258998,0.003922603,0.0004974832,0.0,0.0,0.0
0.649,0.14368,0.52542,0.5268,0.0265523,0.0043918,0.0001570555,0.0004678096,0.02589866,0.00392399,0.0004965791,0.0,0.0,0.0
0.649,0.14358,0.52552,0.5269,0.02654968,0.004392388,0.0001564968,0.0004669927,0.02589751,0.003925395,0.0004956756,0.0,0.0,0.0
0.649,0.14347,0.52562,0.527,0.02654704,0.004392994,0.0001559391,0.0004661758,0.02589633,0.003926818,0.0004947726,0.0,0.0,0.0
0.649,0.14337,0.52573,0.5271,0.0265444,0.004393615,0.0001553826,0.0004653589,0.02589514,0.003928256,0.0004938702,0.0,0.0,0.0
0.649,0.14326,0.52583,0.5272,0.02654174,0.00439425,0.0001548271,0.0004645421,0.02589394,0.003929708,0.0004929683,0.0,0.0,0.0
0.649,0.14316,0.52593,0.5273,0.02653907,0.004394899,0.0001542728,0.0004637254,0.02589273,0.003931174,0.0004920669,0.0,0.0,0.0
0.649,0.14305,0.52603,0.5274,0.02653639,0.00439556,0.0001537197,0.0004629087,0.0258915,0.003932652,0.0004911661,0.0,0.0,0.0
0.649,0.14294,0.52613,0.5275,0.0265337,0.004396233,0.0001531676,0.0004620921,0.02589026,0.003934141,0.0004902659,0.0,0.0,0.0
0.649,0.14284,0.52623,0.5276,0.026531,0.004396916,0.0001526166,0.0004612755,0.02588902,0.003935641,0.0004893662,0.0,0.0,0.0
0.649,0.14273,0.52633,0.5277,0.02652829,0.00439761,0.0001520668,0.000460459,0.02588776,0.003937151,0.000488467,0.0,0.0,0.0
0.649,0.14263,0.52643,0.5278,0.02652558,0.004398313,0.0001515181,0.0004596425,0.02588649,0.003938671,0.0004875684,0.0,0.0,0.0
0.649,0.14252,0.52653,0.5279,0.02652286,0.004399026,0.0001509705,0.0004588261,0.02588521,0.0039402,0.0004866704,0.0,0.0,0.0
0.649,0.14242,0.52663,0.528,0.02652013,0.004399747,0.000150424,0.0004580097,0.02588393,0.003941737,0.0004857729,0.0,0.0,0.0
0.649,0.14231,0.52674,0.5281,0.02651739,0.004400476,0.0001498787,0.0004571934,0.02588264,0.003943282,0.0004848759,0.0,0.0,0.0
0.649,0.14221,0.52684,0.5282,0.02651465,0.004401213,0.0001493344,0.0004563771,0.02588133,0.003944835,0.0004839796,0.0,0.0,0.0
0.649,0.1421,0.52694,0.5283,0.0265119,0.004401957,0.0001487913,0.0004555609,0.02588002,0.003946396,0.0004830838,0.0,0.0,0.0
0.649,0.14199,0.52704,0.5284,0.02650914,0.004402709,0.0001482493,0.0004547448,0.0258787,0.003947964,0.0004821885,0.0,0.0,0.0
0.649,0.14189,0.52714,0.5285,0.02650638,0.004403467,0.0001477084,0.0004539287,0.02587738,0.003949538,0.0004812938,0.0,0.0,0.0
0.649,0.14178,0.52724,0.5286,0.02650361,0.004404232,0.0001471686,0.0004531126,0.02587604,0.00395112,0.0004803997,0.0,0.0,0.0
0.649,0.14168,0.52734,0.5287,0.02650084,0.004405004,0.0001466299,0.0004522966,0.0258747,0.003952707,0.0004795062,0.0,0.0,0.0
0.649,0.14157,0.52744,0.5288,0.02649806,0.004405782,0.0001460924,0.0004514807,0.02587335,0.003954301,0.0004786132,0.0,0.0,0.0
0.649,0.14147,0.52754,0.5289,0.02649527,0.004406566,0.0001455559,0.0004506648,0.02587199,0.003955901,0.0004777208,0.0,0.0,0.0
0.649,0.14136,0.52765,0.529,0.02649248,0.004407355,0.0001450206,0.000449849,0.02587063,0.003957506,0.000476829,0.0,0.0,0.0
0.649,0.14125,0.52775,0.5291,0.02648968,0.004408151,0.0001444864,0.0004490332,0.02586926,0.003959117,0.0004759377,0.0,0.0,0.0
0.649,0.14115,0.52785,0.5292,0.02648688,0.004408951,0.0001439533,0.0004482174,0.02586788,0.003960734,0.0004750471,0.0,0.0,0.0
0.649,0.14104,0.52795,0.5293,0.02648408,0.004409758,0.0001434213,0.0004474018,0.0258665,0.003962356,0.000474157,0.0,0.0,0.0
0.649,0.14094,0.52805,0.5294,0.02648127,0.004410569,0.0001428904,0.0004465861,0.02586511,0.003963983,0.0004732674,0.0,0.0,0.0
0.649,0.14083,0.52815,0.5295,0.02647845,0.004411386,0.0001423606,0.0004457706,0.02586371,0.003965615,0.0004723785,0.0,0.0,0.0
0.649,0.14072,0.52825,0.5296,0.026476,0.004412191,0.0001418319,0.000444955,0.02586268,0.003967236,0.0004714902,0.0,0.0,0.0
0.649,0.14062,0.52835,0.5297,0.02647323,0.004413007,0.0001413044,0.0004441396,0.02586132,0.003968867,0.0004706024,0.0,0.0,0.0
0.649,0.14051,0.52845,0.5298,0.02647043,0.00441383,0.0001407779,0.0004433242,0.02585993,0.003970506,0.0004697152,0.0,0.0,0.0
0.649,0.14041,0.52855,0.5299,0.02646761,0.00441466,0.0001402526,0.0004425088,0.02585853,0.003972152,0.0004688286,0.0,0.0,0.0
0.649,0.1403,0.52866,0.53,0.02646478,0.004415496,0.0001397284,0.0004416935,0.02585711,0.003973802,0.0004679426,0.0,0.0,0.0
0.649,0.14019,0.52876,0.5301,0.02646195,0.004416337,0.0001392052,0.0004408782,0.02585569,0.003975458,0.0004670572,0.0,0.0,0.0
0.649,0.14009,0.52886,0.5302,0.02645911,0.004417182,0.0001386832,0.000440063,0.02585425,0.003977119,0.0004661724,0.0,0.0,0.0
0.649,0.13998,0.52896,0.5303,0.02645626,0.004418032,0.0001381623,0.0004392479,0.02585281,0.003978785,0.0004652881,0.0,0.0,0.0
0.649,0.13988,0.52906,0.5304,0.0264506,0.004427207,0.0001376425,0.0004384328,0.02584855,0.003988774,0.0004644045,0.0,0.0,0.0
0.649,0.13977,0.52916,0.5305,0.02644788,0.004427741,0.0001371238,0.0004376177,0.02584724,0.003990123,0.0004635215,0.0,0.0,0.0
0.649,0.13966,0.52926,0.5306,0.02644515,0.004428312,0.0001366062,0.0004368028,0.0258459,0.003991509,0.000462639,0.0,0.0,0.0
0.649,0.13956,0.52936,0.5307,0.0264424,0.004428914,0.0001360897,0.0004359878,0.02584455,0.003992926,0.0004617572,0.0,0.0,0.0
0.649,0.13945,0.52946,0.5308,0.02643964,0.004429544,0.0001355743,0.0004351729,0.02584319,0.003994371,0.000460876,0.0,0.0,0.0
0.649,0.13935,0.52956,0.5309,0.0264378,0.004430198,0.0001350601,0.0004343581,0.02584275,0.00399584,0.0004599953,0.0,0.0,0.0
0.649,0.13924,0.52967,0.531,0.02643511,0.004430874,0.0001345469,0.0004335433,0.02584145,0.003997331,0.0004591153,0.0,0.0,0.0
0.649,0.13913,0.52977,0.5311,0.02643235,0.004431571,0.0001340348,0.0004327286,0.02584008,0.003998842,0.0004582359,0.0,0.0,0.0
0.649,0.13903,0.52987,0.5312,0.02642956,0.004432285,0.0001335238,0.000431914,0.02583868,0.004000371,0.0004573571,0.0,0.0,0.0
0.649,0.13892,0.52997,0.5313,0.02642676,0.004433015,0.000133014,0.0004310993,0.02583727,0.004001916,0.0004564789,0.0,0.0,0.0
0.649,0.13882,0.53007,0.5314,0.02642394,0.00443376,0.0001325052,0.0004302848,0.02583584,0.004003476,0.0004556013,0.0,0.0,0.0
0.649,0.13871,0.53017,0.5315,0.02642112,0.00443452,0.0001319975,0.0004294703,0.0258344,0.004005049,0.0004547243,0.0,0.0,0.0
0.649,0.1386,0.53027,0.5316,0.02641828,0.004435292,0.000131491,0.0004286558,0.02583295,0.004006636,0.0004538479,0.0,0.0,0.0
0.649,0.1385,0.53037,0.5317,0.02641544,0.004436076,0.0001309855,0.0004278415,0.02583148,0.004008234,0.0004529722,0.0,0.0,0.0
0.649,0.13839,0.53047,0.5318,0.02641259,0.004436871,0.0001304812,0.0004270271,0.02583002,0.004009844,0.0004520971,0.0,0.0,0.0
0.649,0.13828,0.53057,0.5319,0.02640974,0.004437677,0.0001299779,0.0004262128,0.02582854,0.004011464,0.0004512226,0.0,0.0,0.0
0.649,0.13818,0.53068,0.532,0.02640688,0.004438493,0.0001294757,0.0004253986,0.02582705,0.004013094,0.0004503487,0.0,0.0,0.0
0.649,0.13807,0.53078,0.5321,0.02640401,0.004439318,0.0001289747,0.0004245844,0.02582556,0.004014733,0.0004494754,0.0,0.0,0.0
0.649,0.13796,0.53088,0.5322,0.02640114,0.004440152,0.0001284747,0.0004237703,0.02582406,0.004016381,0.0004486028,0.0,0.0,0.0
0.649,0.13786,0.53098,0.5323,0.02639826,0.004440994,0.0001279758,0.0004229562,0.02582255,0.004018038,0.0004477307,0.0,0.0,0.0
0.649,0.13775,0.53108,0.5324,0.02639538,0.004441845,0.0001274781,0.0004221422,0.02582104,0.004019703,0.0004468593,0.0,0.0,0.0
0.649,0.13764,0.53118,0.5325,0.02639249,0.004442704,0.0001269814,0.0004213283,0.02581952,0.004021375,0.0004459886,0.0,0.0,0.0
0.649,0.13754,0.53128,0.5326,0.0263896,0.00444357,0.0001264858,0.0004205144,0.02581799,0.004023055,0.0004451184,0.0,0.0,0.0
0.649,0.13743,0.53138,0.5327,0.0263867,0.004444443,0.0001259913,0.0004197005,0.02581646,0.004024742,0.0004442489,0.0,0.0,0.0
0.649,0.13733,0.53148,0.5328,0.0263838,0.004445323,0.000125498,0.0004188868,0.02581492,0.004026437,0.0004433801,0.0,0.0,0.0
0.649,0.13722,0.53158,0.5329,0.0263809,0.00444621,0.0001250057,0.000418073,0.02581338,0.004028137,0.0004425118,0.0,0.0,0.0
0.649,0.13711,0.53169,0.533,0.02637799,0.004447104,0.0001245145,0.0004172594,0.02581183,0.004029845,0.0004416442,0.0,0.0,0.0
0.649,0.13701,0.53179,0.5331,0.02637508,0.004448004,0.0001240244,0.0004164457,0.02581028,0.004031558,0.0004407772,0.0,0.0,0.0
0.649,0.1369,0.53189,0.5332,0.02637217,0.00444891,0.0001235354,0.0004156322,0.02580872,0.004033278,0.0004399109,0.0,0.0,0.0
0.649,0.13679,0.53199,0.5333,0.02636925,0.004449822,0.0001230475,0.0004148187,0.02580716,0.004035004,0.0004390452,0.0,0.0,0.0
0.649,0.13669,0.53209,0.5334,0.02636633,0.00445074,0.0001225607,0.0004140052,0.02580559,0.004036735,0.0004381802,0.0,0.0,0.0
0.649,0.13658,0.53219,0.5335,0.02636341,0.004451664,0.0001220749,0.0004131919,0.02580402,0.004038472,0.0004373158,0.0,0.0,0.0
0.649,0.13647,0.53229,0.5336,0.02636049,0.004452594,0.0001215903,0.0004123785,0.02580244,0.004040215,0.000436452,0.0,0.0,0.0
0.649,0.13637,0.53239,0.5337,0.02635756,0.004453528,0.0001211068,0.0004115652,0.02580086,0.004041963,0.0004355889,0.0,0.0,0.0
0.649,0.13626,0.53249,0.5338,0.02635463,0.004454469,0.0001206243,0.000410752,0.02579928,0.004043717,0.0004347264,0.0,0.0,0.0
0.649,0.13615,0.53259,0.5339,0.02635205,0.004455404,0.000120143,0.0004099389,0.02579804,0.004045465,0.0004338646,0.0,0.0,0.0
0.649,0.13605,0.5327,0.534,0.02634925,0.004456337,0.0001196627,0.0004091258,0.02579658,0.004047211,0.0004330035,0.0,0.0,0.0
0.649,0.13594,0.5328,0.5341,0.02634635,0.004457283,0.0001191835,0.0004083127,0.02579503,0.00404897,0.0004321429,0.0,0.0,0.0
0.649,0.13583,0.5329,0.5342,0.02634344,0.004458236,0.0001187054,0.0004074997,0.02579345,0.004050737,0.0004312831,0.0,0.0,0.0
0.649,0.13572,0.533,0.5343,0.02634051,0.004459196,0.0001182284,0.0004066868,0.02579186,0.004052509,0.0004304239,0.0,0.0,0.0
0.649,0.13562,0.5331,0.5344,0.02633757,0.004460161,0.0001177525,0.000405874,0.02579026,0.004054287,0.0004295653,0.0,0.0,0.0
0.649,0.13551,0.5332,0.5345,0.02633464,0.004461131,0.0001172777,0.0004050611,0.02578865,0.00405607,0.0004287074,0.0,0.0,0.0
0.649,0.1354,0.5333,0.5346,0.02633169,0.004462107,0.000116804,0.0004042484,0.02578704,0.004057859,0.0004278502,0.0,0.0,0.0
0.649,0.1353,0.5334,0.5347,0.02632875,0.004463088,0.0001163313,0.0004034357,0.02578542,0.004059652,0.0004269936,0.0,0.0,0.0
0.649,0.13519,0.5335,0.5348,0.02632354,0.004471011,0.0001158598,0.0004026231,0.02578154,0.004068388,0.0004261377,0.0,0.0,0.0
0.649,0.13508,0.53361,0.5349,0.0263207,0.004471739,0.0001153893,0.0004018105,0.02578003,0.004069928,0.0004252824,0.0,0.0,0.0
0.649,0.13498,0.53371,0.535,0.02631785,0.004472497,0.0001149199,0.000400998,0.0257785,0.004071499,0.0004244278,0.0,0.0,0.0
0.649,0.13487,0.53381,0.5351,0.02631499,0.004473281,0.0001144516,0.0004001856,0.02577696,0.004073095,0.0004235739,0.0,0.0,0.0
0.649,0.13476,0.53391,0.5352,0.02631295,0.004474088,0.0001139844,0.0003993732,0.02577624,0.004074715,0.0004227207,0.0,0.0,0.0
0.649,0.13465,0.53401,0.5353,0.02631048,0.004474915,0.0001135183,0.0003985608,0.02577509,0.004076354,0.0004218681,0.0,0.0,0.0
0.649,0.13455,0.53411,0.5354,0.02630765,0.004475762,0.0001130532,0.0003977486,0.02577358,0.004078013,0.0004210162,0.0,0.0,0.0
0.649,0.13444,0.53421,0.5355,0.02630478,0.004476625,0.0001125893,0.0003969364,0.02577202,0.004079689,0.0004201649,0.0,0.0,0.0
0.649,0.13433,0.53431,0.5356,0.02630189,0.004477505,0.0001121264,0.0003961242,0.02577045,0.004081381,0.0004193144,0.0,0.0,0.0
0.649,0.13423,0.53441,0.5357,0.026299,0.004478399,0.0001116646,0.0003953121,0.02576887,0.004083087,0.0004184645,0.0,0.0,0.0
0.649,0.13412,0.53451,0.5358,0.02629609,0.004479306,0.0001112039,0.0003945001,0.02576727,0.004084806,0.0004176152,0.0,0.0,0.0
0.649,0.13401,0.53462,0.5359,0.02629318,0.004480226,0.0001107442,0.0003936882,0.02576567,0.004086537,0.0004167667,0.0,0.0,0.0
0.649,0.1339,0.53472,0.536,0.02629026,0.004481157,0.0001102857,0.0003928763,0.02576406,0.004088281,0.0004159188,0.0,0.0,0.0
0.649,0.1338,0.53482,0.5361,0.02628734,0.004482099,0.0001098282,0.0003920644,0.02576244,0.004090035,0.0004150716,0.0,0.0,0.0
0.649,0.13369,0.53492,0.5362,0.02628441,0.004483052,0.0001093718,0.0003912527,0.02576081,0.004091799,0.0004142251,0.0,0.0,0.0
0.649,0.13358,0.53502,0.5363,0.02628148,0.004484014,0.0001089165,0.000390441,0.02575918,0.004093573,0.0004133793,0.0,0.0,0.0
0.649,0.13348,0.53512,0.5364,0.02627855,0.004484986,0.0001084623,0.0003896293,0.02575755,0.004095357,0.0004125342,0.0,0.0,0.0
0.649,0.13337,0.53522,0.5365,0.02627561,0.004485967,0.0001080091,0.0003888178,0.02575591,0.004097149,0.0004116897,0.0,0.0,0.0
0.649,0.13326,0.53532,0.5366,0.02627267,0.004486956,0.000107557,0.0003880062,0.02575427,0.00409895,0.000410846,0.0,0.0,0.0
0.649,0.13315,0.53542,0.5367,0.02626973,0.004487953,0.000107106,0.0003871948,0.02575262,0.004100759,0.0004100029,0.0,0.0,0.0
0.649,0.13305,0.53552,0.5368,0.02626678,0.004488959,0.0001066561,0.0003863834,0.02575096,0.004102575,0.0004091605,0.0,0.0,0.0
0.649,0.13294,0.53563,0.5369,0.02626383,0.004489972,0.0001062073,0.0003855721,0.02574931,0.0041044,0.0004083188,0.0,0.0,0.0
0.649,0.13283,0.53573,0.537,0.02626089,0.004490992,0.0001057595,0.0003847608,0.02574765,0.004106231,0.0004074778,0.0,0.0,0.0
0.649,0.13272,0.53583,0.5371,0.02625793,0.00449202,0.0001053128,0.0003839497,0.02574598,0.00410807,0.0004066375,0.0,0.0,0.0
0.649,0.13262,0.53593,0.5372,0.02625498,0.004493055,0.0001048672,0.0003831385,0.02574432,0.004109916,0.0004057979,0.0,0.0,0.0
0.649,0.13251,0.53603,0.5373,0.02625203,0.004494096,0.0001044227,0.0003823275,0.02574265,0.004111768,0.000404959,0.0,0.0,0.0
0.649,0.1324,0.53613,0.5374,0.02624908,0.004495144,0.0001039792,0.0003815165,0.02574098,0.004113628,0.0004041208,0.0,0.0,0.0
0.649,0.13229,0.53623,0.5375,0.02624612,0.004496199,0.0001035368,0.0003807056,0.0257393,0.004115493,0.0004032832,0.0,0.0,0.0
0.649,0.13219,0.53633,0.5376,0.02624316,0.00449726,0.0001030955,0.0003798947,0.02573762,0.004117365,0.0004024464,0.0,0.0,0.0
0.649,0.13208,0.53643,0.5377,0.02624021,0.004498327,0.0001026553,0.000379084,0.02573594,0.004119243,0.0004016103,0.0,0.0,0.0
0.649,0.13197,0.53654,0.5378,0.02623725,0.0044994,0.0001022161,0.0003782732,0.02573426,0.004121127,0.0004007749,0.0,0.0,0.0
0.649,0.13186,0.53664,0.5379,0.02623429,0.004500479,0.000101778,0.0003774626,0.02573257,0.004123017,0.0003999402,0.0,0.0,0.0
0.649,0.13176,0.53674,0.538,0.02623133,0.004501565,0.000101341,0.000376652,0.02573089,0.004124913,0.0003991062,0.0,0.0,0.0
0.649,0.13165,0.53684,0.5381,0.02622837,0.004502656,0.000100905,0.0003758415,0.0257292,0.004126814,0.0003982729,0.0,0.0,0.0
0.649,0.13154,0.53694,0.5382,0.02622541,0.004503753,0.0001004701,0.0003750311,0.0257275,0.004128722,0.0003974403,0.0,0.0,0.0
0.649,0.13143,0.53704,0.5383,0.02622302,0.004504827,0.0001000363,0.0003742207,0.02572637,0.004130606,0.0003966084,0.0,0.0,0.0
0.649,0.13133,0.53714,0.5384,0.02622012,0.004505921,9.960355e-05,0.0003734104,0.02572474,0.004132511,0.0003957772,0.0,0.0,0.0
0.649,0.13122,0.53724,0.5385,0.02621719,0.004507025,9.917187e-05,0.0003726002,0.02572307,0.004134425,0.0003949468,0.0,0.0,0.0
0.649,0.13111,0.53734,0.5386,0.02621425,0.004508136,9.874127e-05,0.0003717901,0.02572139,0.004136346,0.000394117,0.0,0.0,0.0
0.649,0.131,0.53744,0.5387,0.0262113,0.004509253,9.831173e-05,0.00037098,0.02571971,0.004138273,0.000393288,0.0,0.0,0.0
0.649,0.1309,0.53755,0.5388,0.02620835,0.004510377,9.788325e-05,0.00037017,0.02571801,0.004140207,0.0003924597,0.0,0.0,0.0
0.649,0.13079,0.53765,0.5389,0.0262054,0.004511506,9.745585e-05,0.00036936,0.02571631,0.004142146,0.0003916321,0.0,0.0,0.0
0.649,0.13068,0.53775,0.539,0.02620245,0.004512641,9.702951e-05,0.0003685502,0.02571461,0.004144091,0.0003908052,0.0,0.0,0.0
0.649,0.13057,0.53785,0.5391,0.02619762,0.004519734,9.660423e-05,0.0003677404,0.02571104,0.004151994,0.0003899791,0.0,0.0,0.0
0.649,0.13046,0.53795,0.5392,0.02619476,0.004520649,9.618002e-05,0.0003669307,0.02570942,0.004153719,0.0003891536,0.0,0.0,0.0
0.649,0.13036,0.53805,0.5393,0.02619189,0.004521593,9.575688e-05,0.000366121,0.0257078,0.004155472,0.0003883289,0.0,0.0,0.0
0.649,0.13025,0.53815,0.5394,0.02618901,0.004522561,9.53348e-05,0.0003653115,0.02570617,0.004157249,0.0003875049,0.0,0.0,0.0
0.649,0.13014,0.53825,0.5395,0.02618613,0.00452355,9.491379e-05,0.000364502,0.02570453,0.004159048,0.0003866817,0.0,0.0,0.0
0.649,0.13003,0.53835,0.5396,0.02618474,0.004524558,9.449384e-05,0.0003636926,0.02570438,0.004160865,0.0003858591,0.0,0.0,0.0
0.649,0.12992,0.53845,0.5397,0.02618193,0.004525584,9.407495e-05,0.0003628832,0.02570282,0.004162701,0.0003850373,0.0,0.0,0.0
0.649,0.12982,0.53856,0.5398,0.02617907,0.004526627,9.365713e-05,0.000362074,0.0257012,0.004164553,0.0003842163,0.0,0.0,0.0
0.649,0.12971,0.53866,0.5399,0.02617619,0.004527685,9.324036e-05,0.0003612648,0.02569955,0.00416642,0.0003833959,0.0,0.0,0.0
0.649,0.1296,0.53876,0.54,0.0261733,0.004528757,9.282466e-05,0.0003604557,0.0256979,0.004168301,0.0003825763,0.0,0.0,0.0
0.649,0.12949,0.53886,0.5401,0.0261704,0.004529842,9.241002e-05,0.0003596467,0.02569624,0.004170195,0.0003817574,0.0,0.0,0.0
0.649,0.12938,0.53896,0.5402,0.0261675,0.004530939,9.199644e-05,0.0003588377,0.02569456,0.004172101,0.0003809393,0.0,0.0,0.0
0.649,0.12928,0.53906,0.5403,0.02616459,0.004532048,9.158392e-05,0.0003580289,0.02569289,0.004174019,0.0003801218,0.0,0.0,0.0
0.649,0.12917,0.53916,0.5404,0.02616169,0.004533167,9.117246e-05,0.0003572201,0.02569121,0.004175947,0.0003793052,0.0,0.0,0.0
0.649,0.12906,0.53926,0.5405,0.02615877,0.004534297,9.076206e-05,0.0003564114,0.02568952,0.004177885,0.0003784892,0.0,0.0,0.0
0.649,0.12895,0.53936,0.5406,0.02615586,0.004535436,9.035271e-05,0.0003556027,0.02568783,0.004179834,0.000377674,0.0,0.0,0.0
0.649,0.12884,0.53946,0.5407,0.02615295,0.004536585,8.994443e-05,0.0003547942,0.02568614,0.004181791,0.0003768596,0.0,0.0,0.0
0.649,0.12874,0.53957,0.5408,0.02615003,0.004537744,8.95372e-05,0.0003539857,0.02568445,0.004183758,0.0003760458,0.0,0.0,0.0
0.649,0.12863,0.53967,0.5409,0.02614712,0.004538911,8.913103e-05,0.0003531774,0.02568275,0.004185733,0.0003752329,0.0,0.0,0.0
0.649,0.12852,0.53977,0.541,0.0261442,0.004540086,8.872591e-05,0.0003523691,0.02568106,0.004187717,0.0003744206,0.0,0.0,0.0
0.649,0.12841,0.53987,0.5411,0.02614129,0.004541269,8.832185e-05,0.0003515608,0.02567936,0.004189709,0.0003736091,0.0,0.0,0.0
0.649,0.1283,0.53997,0.5412,0.02613837,0.004542461,8.791884e-05,0.0003507527,0.02567766,0.004191708,0.0003727984,0.0,0.0,0.0
0.649,0.1282,0.54007,0.5413,0.02613546,0.00454366,8.751689e-05,0.0003499447,0.02567595,0.004193716,0.0003719884,0.0,0.0,0.0
0.649,0.12809,0.54017,0.5414,0.02613255,0.004544867,8.7116e-05,0.0003491367,0.02567425,0.004195731,0.0003711792,0.0,0.0,0.0
0.649,0.12798,0.54027,0.5415,0.02612963,0.004546082,8.671615e-05,0.0003483288,0.02567255,0.004197753,0.0003703707,0.0,0.0,0.0
0.649,0.12787,0.54037,0.5416,0.02612672,0.004547303,8.631736e-05,0.000347521,0.02567084,0.004199782,0.0003695629,0.0,0.0,0.0
0.649,0.12776,0.54048,0.5417,0.02612381,0.004548532,8.591963e-05,0.0003467133,0.02566914,0.004201819,0.0003687559,0.0,0.0,0.0
0.649,0.12765,0.54058,0.5418,0.0261209,0.004549768,8.552294e-05,0.0003459057,0.02566743,0.004203862,0.0003679497,0.0,0.0,0.0
0.649,0.12755,0.54068,0.5419,0.02611799,0.00455101,8.512731e-05,0.0003450982,0.02566572,0.004205912,0.0003671442,0.0,0.0,0.0
0.649,0.12744,0.54078,0.542,0.02611509,0.00455226,8.473272e-05,0.0003442908,0.02566401,0.004207969,0.0003663395,0.0,0.0,0.0
0.649,0.12733,0.54088,0.5421,0.02611218,0.004553516,8.433919e-05,0.0003434834,0.02566231,0.004210032,0.0003655355,0.0,0.0,0.0
0.649,0.12722,0.54098,0.5422,0.02610928,0.004554779,8.394671e-05,0.0003426762,0.0256606,0.004212102,0.0003647323,0.0,0.0,0.0
0.649,0.12711,0.54108,0.5423,0.02610638,0.004556048,8.355527e-05,0.000341869,0.02565889,0.004214179,0.0003639299,0.0,0.0,0.0
0.649,0.127,0.54118,0.5424,0.02610348,0.004557324,8.316489e-05,0.0003410619,0.02565718,0.004216262,0.0003631282,0.0,0.0,0.0
0.649,0.12689,0.54128,0.5425,0.02610058,0.004558606,8.277555e-05,0.0003402549,0.02565548,0.004218351,0.0003623273,0.0,0.0,0.0
0.649,0.12679,0.54138,0.5426,0.02609833,0.004559864,8.238726e-05,0.0003394481,0.02565442,0.004220416,0.0003615271,0.0,0.0,0.0
0.649,0.12668,0.54149,0.5427,0.02609552,0.004561142,8.200002e-05,0.0003386413,0.0256528,0.004222501,0.0003607277,0.0,0.0,0.0
0.649,0.12657,0.54159,0.5428,0.02609267,0.004562431,8.161382e-05,0.0003378346,0.02565113,0.004224596,0.0003599291,0.0,0.0,0.0
0.649,0.12646,0.54169,0.5429,0.02608981,0.004563728,8.122867e-05,0.0003370279,0.02564945,0.0042267,0.0003591312,0.0,0.0,0.0
0.649,0.12635,0.54179,0.543,0.02608694,0.004565033,8.084456e-05,0.0003362214,0.02564776,0.004228811,0.0003583341,0.0,0.0,0.0
0.649,0.12624,0.54189,0.5431,0.02608406,0.004566344,8.04615e-05,0.000335415,0.02564606,0.004230929,0.0003575378,0.0,0.0,0.0
0.649,0.12613,0.54199,0.5432,0.02608119,0.004567663,8.007949e-05,0.0003346087,0.02564437,0.004233054,0.0003567422,0.0,0.0,0.0
0.649,0.12603,0.54209,0.5433,0.02607831,0.004568988,7.969851e-05,0.0003338025,0.02564267,0.004235186,0.0003559474,0.0,0.0,0.0
0.649,0.12592,0.54219,0.5434,0.02607391,0.004575367,7.931858e-05,0.0003329963,0.02563944,0.004242371,0.0003551534,0.0,0.0,0.0
0.649,0.12581,0.54229,0.5435,0.02607112,0.004576506,7.893969e-05,0.0003321903,0.02563782,0.004244316,0.0003543601,0.0,0.0,0.0
0.649,0.1257,0.5424,0.5436,0.02606832,0.004577671,7.856185e-05,0.0003313844,0.02563619,0.004246287,0.0003535677,0.0,0.0,0.0
0.649,0.12559,0.5425,0.5437,0.02606552,0.004578859,7.818504e-05,0.0003305786,0.02563456,0.00424828,0.000352776,0.0,0.0,0.0
0.649,0.12548,0.5426,0.5438,0.02606271,0.004580067,7.780928e-05,0.0003297728,0.02563292,0.004250295,0.0003519851,0.0,0.0,0.0
0.649,0.12537,0.5427,0.5439,0.02606171,0.004581292,7.743456e-05,0.0003289672,0.02563308,0.004252325,0.0003511949,0.0,0.0,0.0
0.649,0.12527,0.5428,0.544,0.02605902,0.004582534,7.706087e-05,0.0003281617,0.02563156,0.004254373,0.0003504056,0.0,0.0,0.0
0.649,0.12516,0.5429,0.5441,0.02605626,0.004583793,7.668823e-05,0.0003273563,0.02562996,0.004256437,0.000349617,0.0,0.0,0.0
0.649,0.12505,0.543,0.5442,0.02605348,0.004585067,7.631662e-05,0.000326551,0.02562833,0.004258516,0.0003488292,0.0,0.0,0.0
0.649,0.12494,0.5431,0.5443,0.02605068,0.004586354,7.594605e-05,0.0003257457,0.02562669,0.004260608,0.0003480422,0.0,0.0,0.0
0.649,0.12483,0.5432,0.5444,0.02604788,0.004587654,7.557652e-05,0.0003249406,0.02562505,0.004262713,0.0003472559,0.0,0.0,0.0
0.649,0.12472,0.5433,0.5445,0.02604507,0.004588966,7.520802e-05,0.0003241356,0.0256234,0.00426483,0.0003464705,0.0,0.0,0.0
0.649,0.12461,0.54341,0.5446,0.02604227,0.00459029,7.484056e-05,0.0003233307,0.02562174,0.004266959,0.0003456858,0.0,0.0,0.0
0.649,0.1245,0.54351,0.5447,0.02603946,0.004591624,7.447414e-05,0.000322526,0.02562009,0.004269098,0.0003449019,0.0,0.0,0.0
0.649,0.12439,0.54361,0.5448,0.02603665,0.00459297,7.410875e-05,0.0003217213,0.02561843,0.004271248,0.0003441189,0.0,0.0,0.0
0.649,0.12428,0.54371,0.5449,0.02603385,0.004594325,7.37444e-05,0.0003209167,0.02561677,0.004273408,0.0003433366,0.0,0.0,0.0
0.649,0.12418,0.54381,0.545,0.02603104,0.00459569,7.338108e-05,0.0003201123,0.02561511,0.004275578,0.000342555,0.0,0.0,0.0
0.649,0.12407,0.54391,0.5451,0.02602824,0.004597065,7.301879e-05,0.0003193079,0.02561345,0.004277757,0.0003417743,0.0,0.0,0.0
0.649,0.12396,0.54401,0.5452,0.02602544,0.004598449,7.265753e-05,0.0003185037,0.02561179,0.004279945,0.0003409944,0.0,0.0,0.0
0.649,0.12385,0.54411,0.5453,0.02602264,0.004599842,7.229731e-05,0.0003176996,0.02561013,0.004282142,0.0003402153,0.0,0.0,0.0
0.649,0.12374,0.54421,0.5454,0.02601984,0.004601243,7.193812e-05,0.0003168956,0.02560847,0.004284348,0.0003394369,0.0,0.0,0.0
0.649,0.12363,0.54431,0.5455,0.02601705,0.004602654,7.157995e-05,0.0003160917,0.02560681,0.004286562,0.0003386594,0.0,0.0,0.0
0.649,0.12352,0.54442,0.5456,0.02601426,0.004604072,7.122282e-05,0.0003152879,0.02560515,0.004288784,0.0003378827,0.0,0.0,0.0
0.649,0.12341,0.54452,0.5457,0.02601147,0.004605499,7.086672e-05,0.0003144842,0.0256035,0.004291015,0.0003371067,0.0,0.0,0.0
0.649,0.1233,0.54462,0.5458,0.02600869,0.004606934,7.051165e-05,0.0003136807,0.02560184,0.004293254,0.0003363316,0.0,0.0,0.0
0.649,0.12319,0.54472,0.5459,0.0260059,0.004608377,7.01576e-05,0.0003128773,0.02560019,0.0042955,0.0003355572,0.0,0.0,0.0
0.649,0.12308,0.54482,0.546,0.02600313,0.004609828,6.980459e-05,0.0003120739,0.02559854,0.004297754,0.0003347837,0.0,0.0,0.0
0.649,0.12298,0.54492,0.5461,0.02600035,0.004611287,6.945259e-05,0.0003112708,0.02559689,0.004300016,0.0003340109,0.0,0.0,0.0
0.649,0.12287,0.54502,0.5462,0.02599758,0.004612753,6.910163e-05,0.0003104677,0.02559524,0.004302285,0.000333239,0.0,0.0,0.0
0.649,0.12276,0.54512,0.5463,0.02599481,0.004614227,6.875169e-05,0.0003096647,0.02559359,0.004304562,0.0003324678,0.0,0.0,0.0
0.649,0.12265,0.54522,0.5464,0.02599205,0.004615709,6.840278e-05,0.0003088619,0.02559195,0.004306847,0.0003316975,0.0,0.0,0.0
0.649,0.12254,0.54533,0.5465,0.02598929,0.004617198,6.805489e-05,0.0003080592,0.02559031,0.004309138,0.000330928,0.0,0.0,0.0
0.649,0.12243,0.54543,0.5466,0.02598653,0.004618694,6.770803e-05,0.0003072567,0.02558867,0.004311438,0.0003301593,0.0,0.0,0.0
0.649,0.12232,0.54553,0.5467,0.02598378,0.004620198,6.736218e-05,0.0003064542,0.02558703,0.004313744,0.0003293913,0.0,0.0,0.0
0.649,0.12221,0.54563,0.5468,0.02598103,0.004621709,6.701737e-05,0.0003056519,0.02558539,0.004316057,0.0003286242,0.0,0.0,0.0
0.649,0.1221,0.54573,0.5469,0.02597905,0.004623194,6.667357e-05,0.0003048497,0.02558452,0.004318344,0.000327858,0.0,0.0,0.0
0.649,0.12199,0.54583,0.547,0.02597642,0.004624699,6.633079e-05,0.0003040476,0.02558299,0.004320651,0.0003270925,0.0,0.0,0.0
0.649,0.12188,0.54593,0.5471,0.02597373,0.004626218,6.598904e-05,0.0003032457,0.02558141,0.004322972,0.0003263278,0.0,0.0,0.0
0.649,0.12177,0.54603,0.5472,0.02597103,0.004627746,6.56483e-05,0.0003024439,0.02557982,0.004325302,0.0003255639,0.0,0.0,0.0
0.649,0.12166,0.54613,0.5473,0.02596832,0.004629283,6.530859e-05,0.0003016422,0.02557821,0.004327641,0.0003248009,0.0,0.0,0.0
0.649,0.12155,0.54623,0.5474,0.02596561,0.004630828,6.496989e-05,0.0003008407,0.0255766,0.004329988,0.0003240387,0.0,0.0,0.0
0.649,0.12144,0.54634,0.5475,0.0259629,0.004632382,6.463222e-05,0.0003000393,0.025575,0.004332342,0.0003232773,0.0,0.0,0.0
0.649,0.12134,0.54644,0.5476,0.0259602,0.004633943,6.429555e-05,0.000299238,0.02557339,0.004334705,0.0003225167,0.0,0.0,0.0
0.649,0.12123,0.54654,0.5477,0.02595627,0.004639739,6.395991e-05,0.0002984368,0.02557055,0.004341302,0.0003217569,0.0,0.0,0.0
0.649,0.12112,0.54664,0.5478,0.02595363,0.004641148,6.362528e-05,0.0002976358,0.02556901,0.004343512,0.0003209979,0.0,0.0,0.0
0.649,0.12101,0.54674,0.5479,0.02595099,0.00464258,6.329167e-05,0.000296835,0.02556746,0.004345745,0.0003202398,0.0,0.0,0.0
0.649,0.1209,0.54684,0.548,0.02594836,0.004644034,6.295907e-05,0.0002960343,0.02556591,0.004348,0.0003194825,0.0,0.0,0.0
0.649,0.12079,0.54694,0.5481,0.02594572,0.004645508,6.262749e-05,0.0002952337,0.02556436,0.004350274,0.000318726,0.0,0.0,0.0
0.649,0.12068,0.54704,0.5482,0.02594529,0.004646995,6.229692e-05,0.0002944332,0.02556502,0.004352562,0.0003179703,0.0,0.0,0.0
0.649,0.12057,0.54714,0.5483,0.02594279,0.004648501,6.196737e-05,0.0002936329,0.02556361,0.004354868,0.0003172155,0.0,0.0,0.0
0.649,0.12046,0.54725,0.5484,0.02594021,0.004650022,6.163882e-05,0.0002928328,0.02556211,0.00435719,0.0003164615,0.0,0.0,0.0
0.649,0.12035,0.54735,0.5485,0.02593761,0.004651559,6.131129e-05,0.0002920328,0.02556059,0.004359526,0.0003157083,0.0,0.0,0.0
0.649,0.12024,0.54745,0.5486,0.025935,0.004653109,6.098477e-05,0.0002912329,0.02555906,0.004361876,0.0003149559,0.0,0.0,0.0
0.649,0.12013,0.54755,0.5487,0.02593238,0.004654672,6.065926e-05,0.0002904332,0.02555752,0.004364239,0.0003142044,0.0,0.0,0.0
0.649,0.12002,0.54765,0.5488,0.02592977,0.004656248,6.033476e-05,0.0002896336,0.02555598,0.004366614,0.0003134537,0.0,0.0,0.0
0.649,0.11991,0.54775,0.5489,0.02592715,0.004657836,6.001126e-05,0.0002888342,0.02555443,0.004369002,0.0003127038,0.0,0.0,0.0
0.649,0.1198,0.54785,0.549,0.02592453,0.004659435,5.968878e-05,0.0002880349,0.02555289,0.0043714,0.0003119547,0.0,0.0,0.0
0.649,0.11969,0.54795,0.5491,0.02592192,0.004661045,5.93673e-05,0.0002872358,0.02555135,0.00437381,0.0003112065,0.0,0.0,0.0
0.649,0.11958,0.54805,0.5492,0.02591931,0.004662667,5.904683e-05,0.0002864368,0.0255498,0.00437623,0.0003104591,0.0,0.0,0.0
0.649,0.11947,0.54815,0.5493,0.0259167,0.004664298,5.872737e-05,0.000285638,0.02554826,0.00437866,0.0003097126,0.0,0.0,0.0
0.649,0.11936,0.54826,0.5494,0.0259141,0.00466594,5.840891e-05,0.0002848393,0.02554673,0.004381101,0.0003089669,0.0,0.0,0.0
0.649,0.11925,0.54836,0.5495,0.0259115,0.004667592,5.809146e-05,0.0002840408,0.02554519,0.004383551,0.000308222,0.0,0.0,0.0
0.649,0.11914,0.54846,0.5496,0.02590891,0.004669254,5.777501e-05,0.0002832425,0.02554366,0.004386012,0.0003074779,0.0,0.0,0.0
0.649,0.11903,0.54856,0.5497,0.02590632,0.004670926,5.745956e-05,0.0002824443,0.02554212,0.004388481,0.0003067347,0.0,0.0,0.0
0.649,0.11892,0.54866,0.5498,0.02590373,0.004672607,5.714512e-05,0.0002816463,0.0255406,0.00439096,0.0003059924,0.0,0.0,0.0
0.649,0.11881,0.54876,0.5499,0.02590116,0.004674297,5.683168e-05,0.0002808484,0.02553907,0.004393449,0.0003052508,0.0,0.0,0.0
0.649,0.1187,0.54886,0.55,0.02589858,0.004675997,5.651924e-05,0.0002800507,0.02553755,0.004395946,0.0003045101,0.0,0.0,0.0
0.649,0.11859,0.54896,0.5501,0.02589601,0.004677706,5.62078e-05,0.0002792532,0.02553603,0.004398453,0.0003037703,0.0,0.0,0.0
0.649,0.11848,0.54906,0.5502,0.02589345,0.004679424,5.589736e-05,0.0002784558,0.02553452,0.004400968,0.0003030313,0.0,0.0,0.0
0.649,0.11837,0.54917,0.5503,0.02589089,0.004681151,5.558793e-05,0.0002776586,0.02553301,0.004403492,0.0003022931,0.0,0.0,0.0
0.649,0.11826,0.54927,0.5504,0.02588834,0.004682887,5.527948e-05,0.0002768616,0.0255315,0.004406025,0.0003015558,0.0,0.0,0.0
0.649,0.11815,0.54937,0.5505,0.02588579,0.004684632,5.497204e-05,0.0002760647,0.02553,0.004408567,0.0003008193,0.0,0.0,0.0
0.649,0.11804,0.54947,0.5506,0.02588325,0.004686386,5.46656e-05,0.000275268,0.02552851,0.004411117,0.0003000837,0.0,0.0,0.0
0.649,0.11793,0.54957,0.5507,0.02588072,0.004688148,5.436015e-05,0.0002744715,0.02552701,0.004413677,0.0002993489,0.0,0.0,0.0
0.649,0.11782,0.54967,0.5508,0.02587819,0.004689919,5.405569e-05,0.0002736751,0.02552552,0.004416244,0.000298615,0.0,0.0,0.0
0.649,0.11771,0.54977,0.5509,0.02587567,0.004691699,5.375223e-05,0.000272879,0.02552404,0.00441882,0.0002978819,0.0,0.0,0.0
0.649,0.1176,0.54987,0.551,0.02587316,0.004693488,5.344977e-05,0.000272083,0.02552256,0.004421405,0.0002971497,0.0,0.0,0.0
0.649,0.11749,0.54997,0.5511,0.02587065,0.004695285,5.31483e-05,0.0002712871,0.02552108,0.004423998,0.0002964183,0.0,0.0,0.0
0.649,0.11738,0.55007,0.5512,0.02586905,0.00469705,5.284782e-05,0.0002704915,0.02552052,0.004426558,0.0002956877,0.0,0.0,0.0
0.649,0.11727,0.55018,0.5513,0.02586667,0.004698841,5.254833e-05,0.000269696,0.02551917,0.004429145,0.0002949581,0.0,0.0,0.0
0.649,0.11716,0.55028,0.5514,0.02586424,0.004700648,5.224984e-05,0.0002689008,0.02551776,0.004431747,0.0002942292,0.0,0.0,0.0
0.649,0.11705,0.55038,0.5515,0.02586179,0.004702466,5.195233e-05,0.0002681057,0.02551633,0.004434361,0.0002935012,0.0,0.0,0.0
0.649,0.11694,0.55048,0.5516,0.02585933,0.004704295,5.165582e-05,0.0002673108,0.0255149,0.004436984,0.0002927741,0.0,0.0,0.0
0.649,0.11683,0.55058,0.5517,0.02585688,0.004706133,5.136029e-05,0.000266516,0.02551347,0.004439617,0.0002920478,0.0,0.0,0.0
0.649,0.11672,0.55068,0.5518,0.02585442,0.004707981,5.106576e-05,0.0002657215,0.02551204,0.00444226,0.0002913224,0.0,0.0,0.0
0.649,0.11661,0.55078,0.5519,0.02585197,0.004709839,5.077221e-05,0.0002649272,0.0255106,0.004444912,0.0002905979,0.0,0.0,0.0
0.649,0.1165,0.55088,0.552,0.02584856,0.004715202,5.047965e-05,0.000264133,0.02550821,0.004451068,0.0002898742,0.0,0.0,0.0
0.649,0.11639,0.55098,0.5521,0.02584617,0.004716939,5.018807e-05,0.0002633391,0.02550683,0.0044536,0.0002891513,0.0,0.0,0.0
0.649,0.11628,0.55109,0.5522,0.02584379,0.004718699,4.989748e-05,0.0002625453,0.02550546,0.004456153,0.0002884293,0.0,0.0,0.0
0.649,0.11617,0.55119,0.5523,0.0258414,0.004720479,4.960787e-05,0.0002617517,0.02550409,0.004458728,0.0002877082,0.0,0.0,0.0
0.649,0.11606,0.55129,0.5524,0.02583902,0.004722279,4.931925e-05,0.0002609583,0.02550271,0.004461321,0.000286988,0.0,0.0,0.0
0.649,0.11594,0.55139,0.5525,0.02583936,0.004724089,4.903161e-05,0.0002601652,0.02550406,0.004463924,0.0002862686,0.0,0.0,0.0
0.649,0.11583,0.55149,0.5526,0.02583713,0.004725918,4.874495e-05,0.0002593722,0.02550283,0.004466546,0.00028555,0.0,0.0,0.0
0.649,0.11572,0.55159,0.5527,0.02583482,0.004727765,4.845928e-05,0.0002585794,0.02550153,0.004469185,0.0002848324,0.0,0.0,0.0
0.649,0.11561,0.55169,0.5528,0.02583249,0.004729626,4.817458e-05,0.0002577869,0.0255002,0.004471839,0.0002841155,0.0,0.0,0.0
0.649,0.1155,0.55179,0.5529,0.02583015,0.004731502,4.789087e-05,0.0002569945,0.02549886,0.004474508,0.0002833996,0.0,0.0,0.0
0.649,0.11539,0.55189,0.553,0.02582781,0.004733392,4.760813e-05,0.0002562024,0.02549751,0.00447719,0.0002826845,0.0,0.0,0.0
0.649,0.11528,0.552,0.5531,0.02582546,0.004735296,4.732638e-05,0.0002554104,0.02549617,0.004479885,0.0002819703,0.0,0.0,0.0
0.649,0.11517,0.5521,0.5532,0.02582312,0.004737212,4.70456e-05,0.0002546187,0.02549482,0.004482593,0.000281257,0.0,0.0,0.0
0.649,0.11506,0.5522,0.5533,0.02582079,0.004739141,4.676579e-05,0.0002538272,0.02549348,0.004485313,0.0002805445,0.0,0.0,0.0
0.649,0.11495,0.5523,0.5534,0.02581846,0.004741082,4.648697e-05,0.0002530359,0.02549214,0.004488046,0.0002798329,0.0,0.0,0.0
0.649,0.11484,0.5524,0.5535,0.02581613,0.004743035,4.620912e-05,0.0002522448,0.0254908,0.00449079,0.0002791222,0.0,0.0,0.0
0.649,0.11473,0.5525,0.5536,0.02581381,0.004744999,4.593224e-05,0.0002514539,0.02548947,0.004493545,0.0002784123,0.0,0.0,0.0
0.649,0.11462,0.5526,0.5537,0.0258115,0.004746975,4.565634e-05,0.0002506632,0.02548814,0.004496312,0.0002777033,0.0,0.0,0.0
0.649,0.11451,0.5527,0.5538,0.02580919,0.004748963,4.538141e-05,0.0002498728,0.02548681,0.00449909,0.0002769952,0.0,0.0,0.0
0.649,0.1144,0.5528,0.5539,0.02580689,0.004750962,4.510745e-05,0.0002490826,0.02548549,0.004501879,0.0002762879,0.0,0.0,0.0
0.649,0.11428,0.5529,0.554,0.02580459,0.004752972,4.483446e-05,0.0002482926,0.02548418,0.004504679,0.0002755815,0.0,0.0,0.0
0.649,0.11417,0.55301,0.5541,0.02580231,0.004754993,4.456245e-05,0.0002475029,0.02548287,0.00450749,0.000274876,0.0,0.0,0.0
0.649,0.11406,0.55311,0.5542,0.02580003,0.004757025,4.42914e-05,0.0002467133,0.02548157,0.004510311,0.0002741714,0.0,0.0,0.0
0.649,0.11395,0.55321,0.5543,0.02579776,0.004759068,4.402132e-05,0.000245924,0.02548027,0.004513144,0.0002734677,0.0,0.0,0.0
0.649,0.11384,0.55331,0.5544,0.02579549,0.004761121,4.375222e-05,0.000245135,0.02547898,0.004515986,0.0002727648,0.0,0.0,0.0
0.649,0.11373,0.55341,0.5545,0.02579324,0.004763185,4.348407e-05,0.0002443461,0.02547769,0.004518839,0.0002720628,0.0,0.0,0.0
0.649,0.11362,0.55351,0.5546,0.02579099,0.00476526,4.32169e-05,0.0002435575,0.02547641,0.004521703,0.0002713617,0.0,0.0,0.0
0.649,0.11351,0.55361,0.5547,0.02578875,0.004767346,4.295069e-05,0.0002427692,0.02547514,0.004524577,0.0002706615,0.0,0.0,0.0
0.649,0.1134,0.55371,0.5548,0.02578652,0.004769442,4.268544e-05,0.000241981,0.02547387,0.004527461,0.0002699621,0.0,0.0,0.0
0.649,0.11329,0.55381,0.5549,0.02578429,0.004771549,4.242116e-05,0.0002411932,0.02547261,0.004530356,0.0002692636,0.0,0.0,0.0
0.649,0.11318,0.55392,0.555,0.02578208,0.004773666,4.215784e-05,0.0002404055,0.02547136,0.00453326,0.000268566,0.0,0.0,0.0
0.649,0.11306,0.55402,0.5551,0.02577987,0.004775794,4.189549e-05,0.0002396181,0.02547011,0.004536176,0.0002678693,0.0,0.0,0.0
0.649,0.11295,0.55412,0.5552,0.02577767,0.004777932,4.163409e-05,0.000238831,0.02546887,0.004539101,0.0002671735,0.0,0.0,0.0
0.649,0.11284,0.55422,0.5553,0.02577549,0.004780081,4.137366e-05,0.0002380441,0.02546763,0.004542037,0.0002664785,0.0,0.0,0.0
0.649,0.11273,0.55432,0.5554,0.0257733,0.004782241,4.111419e-05,0.0002372575,0.02546641,0.004544983,0.0002657845,0.0,0.0,0.0
0.649,0.11262,0.55442,0.5555,0.02577223,0.004784357,4.085567e-05,0.0002364711,0.02546628,0.004547885,0.0002650913,0.0,0.0,0.0
0.649,0.11251,0.55452,0.5556,0.02577018,0.004786513,4.059811e-05,0.000235685,0.02546518,0.004550828,0.000264399,0.0,0.0,0.0
0.649,0.1124,0.55462,0.5557,0.02576807,0.004788686,4.034151e-05,0.0002348991,0.02546403,0.004553787,0.0002637076,0.0,0.0,0.0
0.649,0.11229,0.55472,0.5558,0.02576596,0.004790872,4.008587e-05,0.0002341135,0.02546286,0.004556759,0.0002630171,0.0,0.0,0.0
0.649,0.11218,0.55482,0.5559,0.02576384,0.004793071,3.983118e-05,0.0002333281,0.02546168,0.004559743,0.0002623275,0.0,0.0,0.0
0.649,0.11206,0.55493,0.556,0.02576173,0.004795282,3.957745e-05,0.000232543,0.02546051,0.004562739,0.0002616387,0.0,0.0,0.0
0.649,0.11195,0.55503,0.5561,0.02575962,0.004797505,3.932467e-05,0.0002317582,0.02545934,0.004565747,0.0002609509,0.0,0.0,0.0
0.649,0.11184,0.55513,0.5562,0.02575751,0.004799739,3.907284e-05,0.0002309737,0.02545818,0.004568765,0.0002602639,0.0,0.0,0.0
0.649,0.11173,0.55523,0.5563,0.02575467,0.004804838,3.882197e-05,0.0002301894,0.02545627,0.004574649,0.0002595778,0.0,0.0,0.0
0.649,0.11162,0.55533,0.5564,0.02575262,0.004806983,3.857204e-05,0.0002294054,0.02545515,0.004577578,0.0002588927,0.0,0.0,0.0
0.649,0.11151,0.55543,0.5565,0.02575057,0.00480915,3.832307e-05,0.0002286216,0.02545404,0.004580529,0.0002582084,0.0,0.0,0.0
0.649,0.1114,0.55553,0.5566,0.02574853,0.004811338,3.807505e-05,0.0002278382,0.02545293,0.0045835,0.000257525,0.0,0.0,0.0
0.649,0.11129,0.55563,0.5567,0.02574649,0.004813544,3.782797e-05,0.000227055,0.02545182,0.004586489,0.0002568425,0.0,0.0,0.0
0.649,0.11117,0.55573,0.5568,0.02574781,0.004815755,3.758184e-05,0.0002262721,0.02545407,0.004589483,0.0002561609,0.0,0.0,0.0
0.649,0.11106,0.55584,0.5569,0.02574592,0.004817992,3.733666e-05,0.0002254895,0.0254531,0.004592502,0.0002554802,0.0,0.0,0.0
0.649,0.11095,0.55594,0.557,0.02574396,0.004820246,3.709243e-05,0.0002247072,0.02545207,0.004595538,0.0002548003,0.0,0.0,0.0
0.649,0.11084,0.55604,0.5571,0.02574199,0.004822516,3.684913e-05,0.0002239251,0.02545101,0.004598591,0.0002541214,0.0,0.0,0.0
0.649,0.11073,0.55614,0.5572,0.02574,0.004824803,3.660679e-05,0.0002231434,0.02544995,0.004601659,0.0002534434,0.0,0.0,0.0
0.649,0.11062,0.55624,0.5573,0.02573802,0.004827105,3.636538e-05,0.0002223619,0.02544889,0.004604743,0.0002527663,0.0,0.0,0.0
0.649,0.11051,0.55634,0.5574,0.02573604,0.004829421,3.612492e-05,0.0002215808,0.02544783,0.00460784,0.00025209,0.0,0.0,0.0
0.649,0.11039,0.55644,0.5575,0.02573407,0.004831753,3.58854e-05,0.0002207999,0.02544677,0.004610953,0.0002514147,0.0,0.0,0.0
0.649,0.11028,0.55654,0.5576,0.0257321,0.004834098,3.564682e-05,0.0002200194,0.02544571,0.004614079,0.0002507403,0.0,0.0,0.0
0.649,0.11017,0.55664,0.5577,0.02573014,0.004836458,3.540918e-05,0.0002192391,0.02544466,0.004617219,0.0002500668,0.0,0.0,0.0
0.649,0.11006,0.55675,0.5578,0.02572818,0.004838831,3.517248e-05,0.0002184592,0.02544362,0.004620372,0.0002493941,0.0,0.0,0.0
0.649,0.10995,0.55685,0.5579,0.02572624,0.004841219,3.493671e-05,0.0002176795,0.02544258,0.004623539,0.0002487224,0.0,0.0,0.0
0.649,0.10984,0.55695,0.558,0.0257243,0.004843619,3.470188e-05,0.0002169002,0.02544155,0.004626719,0.0002480516,0.0,0.0,0.0
0.649,0.10973,0.55705,0.5581,0.02572237,0.004846033,3.446799e-05,0.0002161212,0.02544052,0.004629912,0.0002473816,0.0,0.0,0.0
0.649,0.10961,0.55715,0.5582,0.02572045,0.004848461,3.423503e-05,0.0002153425,0.0254395,0.004633118,0.0002467126,0.0,0.0,0.0
0.649,0.1095,0.55725,0.5583,0.02571854,0.004850902,3.400301e-05,0.0002145641,0.02543849,0.004636338,0.0002460445,0.0,0.0,0.0
0.649,0.10939,0.55735,0.5584,0.02571664,0.004853356,3.377192e-05,0.000213786,0.02543749,0.00463957,0.0002453773,0.0,0.0,0.0
0.649,0.10928,0.55745,0.5585,0.02571475,0.004855823,3.354176e-05,0.0002130083,0.02543649,0.004642815,0.000244711,0.0,0.0,0.0
0.649,0.10917,0.55755,0.5586,0.02571287,0.004858303,3.331253e-05,0.0002122309,0.02543551,0.004646072,0.0002440456,0.0,0.0,0.0
0.649,0.10906,0.55765,0.5587,0.02571099,0.004860797,3.308423e-05,0.0002114538,0.02543453,0.004649343,0.0002433811,0.0,0.0,0.0
0.649,0.10894,0.55776,0.5588,0.02570913,0.004863303,3.285686e-05,0.000210677,0.02543356,0.004652626,0.0002427175,0.0,0.0,0.0
0.649,0.10883,0.55786,0.5589,0.02570728,0.004865822,3.263042e-05,0.0002099006,0.0254326,0.004655922,0.0002420548,0.0,0.0,0.0
0.649,0.10872,0.55796,0.559,0.02570544,0.004868355,3.240491e-05,0.0002091245,0.02543164,0.004659231,0.0002413931,0.0,0.0,0.0
0.649,0.10861,0.55806,0.5591,0.02570361,0.004870901,3.218032e-05,0.0002083487,0.0254307,0.004662552,0.0002407322,0.0,0.0,0.0
0.649,0.1085,0.55816,0.5592,0.02570179,0.004873459,3.195665e-05,0.0002075733,0.02542976,0.004665886,0.0002400722,0.0,0.0,0.0
0.649,0.10838,0.55826,0.5593,0.02569998,0.004876031,3.173392e-05,0.0002067983,0.02542883,0.004669233,0.0002394132,0.0,0.0,0.0
0.649,0.10827,0.55836,0.5594,0.02569818,0.004878616,3.15121e-05,0.0002060235,0.02542792,0.004672592,0.0002387551,0.0,0.0,0.0
0.649,0.10816,0.55846,0.5595,0.0256964,0.004881214,3.129121e-05,0.0002052492,0.02542701,0.004675965,0.0002380978,0.0,0.0,0.0
0.649,0.10805,0.55856,0.5596,0.02569462,0.004883825,3.107123e-05,0.0002044752,0.02542611,0.00467935,0.0002374415,0.0,0.0,0.0
0.649,0.10794,0.55867,0.5597,0.02569388,0.004886419,3.085218e-05,0.0002037015,0.02542624,0.004682717,0.0002367861,0.0,0.0,0.0
0.649,0.10782,0.55877,0.5598,0.02569243,0.004889015,3.063405e-05,0.0002029282,0.02542566,0.004686087,0.0002361316,0.0,0.0,0.0
0.649,0.10771,0.55887,0.5599,0.02569078,0.004891641,3.041683e-05,0.0002021553,0.02542488,0.004689486,0.0002354781,0.0,0.0,0.0
0.649,0.1076,0.55897,0.56,0.02568909,0.004894286,3.020053e-05,0.0002013827,0.02542407,0.004692903,0.0002348254,0.0,0.0,0.0
0.649,0.10749,0.55907,0.5601,0.0256874,0.004896947,2.998515e-05,0.0002006105,0.02542324,0.004696336,0.0002341737,0.0,0.0,0.0
0.649,0.10738,0.55917,0.5602,0.02568571,0.004899623,2.977069e-05,0.0001998386,0.02542241,0.004699784,0.0002335228,0.0,0.0,0.0
0.649,0.10726,0.55927,0.5603,0.02568402,0.004902314,2.955713e-05,0.0001990672,0.02542159,0.004703247,0.0002328729,0.0,0.0,0.0
0.649,0.10715,0.55937,0.5604,0.02568234,0.00490502,2.934449e-05,0.0001982961,0.02542077,0.004706723,0.0002322239,0.0,0.0,0.0
0.649,0.10704,0.55947,0.5605,0.02568066,0.004907739,2.913277e-05,0.0001975253,0.02541995,0.004710214,0.0002315758,0.0,0.0,0.0
0.649,0.10693,0.55958,0.5606,0.025679,0.004910474,2.892195e-05,0.000196755,0.02541915,0.004713719,0.0002309287,0.0,0.0,0.0
0.649,0.10682,0.55968,0.5607,0.02567734,0.004913222,2.871204e-05,0.0001959851,0.02541835,0.004717237,0.0002302824,0.0,0.0,0.0
0.649,0.1067,0.55978,0.5608,0.02567569,0.004915985,2.850305e-05,0.0001952155,0.02541755,0.004720769,0.0002296371,0.0,0.0,0.0
0.649,0.10659,0.55988,0.5609,0.02567406,0.004918762,2.829496e-05,0.0001944463,0.02541677,0.004724315,0.0002289927,0.0,0.0,0.0
0.649,0.10648,0.55998,0.561,0.02567618,0.00492154,2.808777e-05,0.0001936776,0.02541974,0.004727862,0.0002283492,0.0,0.0,0.0
0.649,0.10637,0.56008,0.5611,0.02567492,0.004924332,2.78815e-05,0.0001929092,0.02541933,0.004731423,0.0002277066,0.0,0.0,0.0
0.649,0.10626,0.56018,0.5612,0.02567343,0.004927143,2.767612e-05,0.0001921412,0.02541869,0.004735001,0.000227065,0.0,0.0,0.0
0.649,0.10614,0.56028,0.5613,0.02567189,0.00492997,2.747166e-05,0.0001913736,0.02541799,0.004738596,0.0002264243,0.0,0.0,0.0
0.649,0.10603,0.56038,0.5614,0.02567033,0.004932812,2.726809e-05,0.0001906065,0.02541728,0.004742205,0.0002257845,0.0,0.0,0.0
0.649,0.10592,0.56048,0.5615,0.02566878,0.004935669,2.706543e-05,0.0001898397,0.02541657,0.004745829,0.0002251456,0.0,0.0,0.0
0.649,0.10581,0.56059,0.5616,0.02566723,0.004938541,2.686366e-05,0.0001890734,0.02541586,0.004749467,0.0002245076,0.0,0.0,0.0
0.649,0.10569,0.56069,0.5617,0.02566568,0.004941427,2.66628e-05,0.0001883074,0.02541515,0.00475312,0.0002238706,0.0,0.0,0.0
0.649,0.10558,0.56079,0.5618,0.02566415,0.004944329,2.646283e-05,0.0001875419,0.02541445,0.004756787,0.0002232345,0.0,0.0,0.0
0.649,0.10547,0.56089,0.5619,0.02566262,0.004947245,2.626376e-05,0.0001867768,0.02541375,0.004760469,0.0002225993,0.0,0.0,0.0
0.649,0.10536,0.56099,0.562,0.0256611,0.004950177,2.606559e-05,0.0001860122,0.02541307,0.004764165,0.000221965,0.0,0.0,0.0
0.649,0.10524,0.56109,0.5621,0.02565959,0.004953123,2.586831e-05,0.000185248,0.02541239,0.004767875,0.0002213317,0.0,0.0,0.0
0.649,0.10513,0.56119,0.5622,0.02565809,0.004956084,2.567193e-05,0.0001844842,0.02541172,0.0047716,0.0002206993,0.0,0.0,0.0
0.649,0.10502,0.56129,0.5623,0.02565661,0.00495906,2.547644e-05,0.0001837208,0.02541107,0.00477534,0.0002200678,0.0,0.0,0.0
0.649,0.10491,0.56139,0.5624,0.02565514,0.004962052,2.528184e-05,0.0001829579,0.02541042,0.004779094,0.0002194372,0.0,0.0,0.0
0.649,0.10479,0.5615,0.5625,0.02565367,0.004965058,2.508813e-05,0.0001821954,0.02540978,0.004782863,0.0002188076,0.0,0.0,0.0
0.649,0.10468,0.5616,0.5626,0.02565222,0.00496808,2.489531e-05,0.0001814334,0.02540915,0.004786647,0.0002181789,0.0,0.0,0.0
0.649,0.10457,0.5617,0.5627,0.02565078,0.004971117,2.470338e-05,0.0001806718,0.02540853,0.004790445,0.0002175511,0.0,0.0,0.0
0.649,0.10446,0.5618,0.5628,0.02564936,0.004974169,2.451234e-05,0.0001799107,0.02540792,0.004794259,0.0002169242,0.0,0.0,0.0
0.649,0.10434,0.5619,0.5629,0.02564794,0.004977237,2.432218e-05,0.00017915,0.02540732,0.004798087,0.0002162983,0.0,0.0,0.0
0.649,0.10423,0.562,0.563,0.02564654,0.004980321,2.413291e-05,0.0001783898,0.02540674,0.004801931,0.0002156733,0.0,0.0,0.0
0.649,0.10412,0.5621,0.5631,0.02564516,0.00498342,2.394452e-05,0.0001776301,0.02540616,0.00480579,0.0002150493,0.0,0.0,0.0
0.649,0.10401,0.5622,0.5632,0.02564378,0.004986534,2.375702e-05,0.0001768708,0.0254056,0.004809663,0.0002144261,0.0,0.0,0.0
0.649,0.10389,0.5623,0.5633,0.02564242,0.004989665,2.357039e-05,0.000176112,0.02540504,0.004813553,0.0002138039,0.0,0.0,0.0
0.649,0.10378,0.56241,0.5634,0.02564107,0.004992811,2.338465e-05,0.0001753537,0.0254045,0.004817457,0.0002131826,0.0,0.0,0.0
0.649,0.10367,0.56251,0.5635,0.02563973,0.004995974,2.319979e-05,0.0001745959,0.02540397,0.004821378,0.0002125623,0.0,0.0,0.0
0.649,0.10356,0.56261,0.5636,0.02563841,0.004999152,2.30158e-05,0.0001738385,0.02540345,0.004825313,0.0002119429,0.0,0.0,0.0
0.649,0.10344,0.56271,0.5637,0.02563709,0.005002346,2.283269e-05,0.0001730817,0.02540294,0.004829265,0.0002113244,0.0,0.0,0.0
0.649,0.10333,0.56281,0.5638,0.0256358,0.005005557,2.265046e-05,0.0001723253,0.02540244,0.004833232,0.0002107069,0.0,0.0,0.0
0.649,0.10322,0.56291,0.5639,0.02563451,0.005008784,2.24691e-05,0.0001715694,0.02540195,0.004837215,0.0002100903,0.0,0.0,0.0
0.649,0.10311,0.56301,0.564,0.02563466,0.005011968,2.228862e-05,0.000170814,0.02540289,0.004841154,0.0002094746,0.0,0.0,0.0
0.649,0.10299,0.56311,0.5641,0.02563357,0.005015193,2.2109e-05,0.0001700591,0.02540261,0.004845134,0.0002088599,0.0,0.0,0.0
0.649,0.10288,0.56321,0.5642,0.02563241,0.005018445,2.193026e-05,0.0001693048,0.02540223,0.004849141,0.0002082461,0.0,0.0,0.0
0.649,0.10277,0.56331,0.5643,0.02563122,0.005021718,2.175239e-05,0.0001685509,0.02540183,0.004853167,0.0002076332,0.0,0.0,0.0
0.649,0.10265,0.56342,0.5644,0.02563003,0.005025011,2.157539e-05,0.0001677976,0.02540143,0.004857213,0.0002070213,0.0,0.0,0.0
0.649,0.10254,0.56352,0.5645,0.02562884,0.005028322,2.139925e-05,0.0001670447,0.02540103,0.004861278,0.0002064103,0.0,0.0,0.0
0.649,0.10243,0.56362,0.5646,0.02562765,0.005031652,2.122398e-05,0.0001662924,0.02540063,0.00486536,0.0002058002,0.0,0.0,0.0
0.649,0.10231,0.56372,0.5647,0.02562648,0.005035,2.104958e-05,0.0001655407,0.02540024,0.004869459,0.0002051911,0.0,0.0,0.0
0.649,0.1022,0.56382,0.5648,0.02562531,0.005038366,2.087604e-05,0.0001647894,0.02539986,0.004873577,0.0002045829,0.0,0.0,0.0
0.649,0.10209,0.56392,0.5649,0.02562416,0.00504175,2.070336e-05,0.0001640387,0.02539948,0.004877711,0.0002039756,0.0,0.0,0.0
0.649,0.10198,0.56402,0.565,0.02562302,0.005045152,2.053154e-05,0.0001632886,0.02539912,0.004881864,0.0002033693,0.0,0.0,0.0
0.649,0.10186,0.56412,0.5651,0.02562189,0.005048573,2.036059e-05,0.0001625389,0.02539877,0.004886034,0.000202764,0.0,0.0,0.0
0.649,0.10175,0.56422,0.5652,0.02562077,0.005052011,2.019049e-05,0.0001617899,0.02539842,0.004890221,0.0002021595,0.0,0.0,0.0
0.649,0.10164,0.56433,0.5653,0.02562446,0.005055435,2.002125e-05,0.0001610414,0.02540288,0.004894394,0.000201556,0.0,0.0,0.0
0.649,0.10152,0.56443,0.5654,0.02562357,0.005058893,1.985287e-05,0.0001602934,0.02540276,0.0048986,0.0002009535,0.0,0.0,0.0
0.649,0.10141,0.56453,0.5655,0.02562258,0.005062374,1.968534e-05,0.000159546,0.02540254,0.004902828,0.0002003519,0.0,0.0,0.0
0.649,0.1013,0.56463,0.5656,0.02562155,0.005065875,1.951866e-05,0.0001587992,0.02540228,0.004907076,0.0001997512,0.0,0.0,0.0
0.649,0.10118,0.56473,0.5657,0.02562052,0.005069396,1.935284e-05,0.0001580529,0.02540202,0.004911343,0.0001991514,0.0,0.0,0.0
0.649,0.10107,0.56483,0.5658,0.0256195,0.005072936,1.918787e-05,0.0001573072,0.02540176,0.004915629,0.0001985526,0.0,0.0,0.0
0.649,0.10096,0.56493,0.5659,0.02561848,0.005076495,1.902375e-05,0.0001565621,0.0254015,0.004919933,0.0001979548,0.0,0.0,0.0
0.649,0.10084,0.56503,0.566,0.02561746,0.005080074,1.886048e-05,0.0001558176,0.02540125,0.004924256,0.0001973579,0.0,0.0,0.0
0.649,0.10073,0.56513,0.5661,0.02561646,0.005083671,1.869806e-05,0.0001550737,0.025401,0.004928598,0.0001967619,0.0,0.0,0.0
0.649,0.10062,0.56524,0.5662,0.02561547,0.005087289,1.853648e-05,0.0001543303,0.02540077,0.004932958,0.0001961669,0.0,0.0,0.0
0.649,0.10051,0.56534,0.5663,0.02561449,0.005090925,1.837575e-05,0.0001535876,0.02540054,0.004937337,0.0001955728,0.0,0.0,0.0
0.649,0.10039,0.56544,0.5664,0.02561353,0.005094581,1.821586e-05,0.0001528454,0.02540033,0.004941735,0.0001949797,0.0,0.0,0.0
0.649,0.10028,0.56554,0.5665,0.02561257,0.005098256,1.805681e-05,0.0001521039,0.02540013,0.004946152,0.0001943875,0.0,0.0,0.0
0.649,0.10017,0.56564,0.5666,0.02561163,0.005101951,1.789861e-05,0.000151363,0.02539994,0.004950588,0.0001937962,0.0,0.0,0.0
0.649,0.10005,0.56574,0.5667,0.02561071,0.005105666,1.774124e-05,0.0001506227,0.02539976,0.004955043,0.0001932059,0.0,0.0,0.0
0.649,0.09994,0.56584,0.5668,0.02560979,0.0051094,1.758471e-05,0.000149883,0.02539959,0.004959517,0.0001926166,0.0,0.0,0.0
0.649,0.09983,0.56594,0.5669,0.0256089,0.005113155,1.742902e-05,0.0001491439,0.02539944,0.004964011,0.0001920281,0.0,0.0,0.0
0.649,0.09971,0.56604,0.567,0.02560801,0.005116929,1.727417e-05,0.0001484055,0.0253993,0.004968524,0.0001914407,0.0,0.0,0.0
0.649,0.0996,0.56615,0.5671,0.02560714,0.005120724,1.712015e-05,0.0001476677,0.02539917,0.004973056,0.0001908541,0.0,0.0,0.0
0.649,0.09949,0.56625,0.5672,0.02560629,0.005124539,1.696696e-05,0.0001469306,0.02539905,0.004977608,0.0001902686,0.0,0.0,0.0
0.649,0.09937,0.56635,0.5673,0.02560545,0.005128374,1.681461e-05,0.0001461941,0.02539895,0.00498218,0.0001896839,0.0,0.0,0.0
0.649,0.09926,0.56645,0.5674,0.02560462,0.00513223,1.666308e-05,0.0001454582,0.02539886,0.004986771,0.0001891002,0.0,0.0,0.0
0.649,0.09914,0.56655,0.5675,0.02560381,0.005136106,1.651239e-05,0.000144723,0.02539878,0.004991383,0.0001885175,0.0,0.0,0.0
0.649,0.09903,0.56665,0.5676,0.02560302,0.005140003,1.636252e-05,0.0001439885,0.02539872,0.004996015,0.0001879357,0.0,0.0,0.0
0.649,0.09892,0.56675,0.5677,0.02560224,0.005143921,1.621348e-05,0.0001432546,0.02539867,0.005000667,0.0001873549,0.0,0.0,0.0
0.649,0.0988,0.56685,0.5678,0.02560147,0.00514786,1.606526e-05,0.0001425215,0.02539863,0.005005339,0.000186775,0.0,0.0,0.0
0.649,0.09869,0.56695,0.5679,0.02560072,0.005151821,1.591787e-05,0.0001417889,0.02539861,0.005010032,0.000186196,0.0,0.0,0.0
0.649,0.09858,0.56706,0.568,0.02559999,0.005155802,1.57713e-05,0.0001410571,0.0253986,0.005014745,0.000185618,0.0,0.0,0.0
0.649,0.09846,0.56716,0.5681,0.02559927,0.005159805,1.562555e-05,0.000140326,0.0253986,0.00501948,0.000185041,0.0,0.0,0.0
0.649,0.09835,0.56726,0.5682,0.02559995,0.00516379,1.548062e-05,0.0001395955,0.0254,0.005024195,0.0001844648,0.0,0.0,0.0
0.649,0.09824,0.56736,0.5683,0.02559964,0.005167785,1.53365e-05,0.0001388658,0.02540042,0.005028919,0.0001838897,0.0,0.0,0.0
0.649,0.09812,0.56746,0.5684,0.02559909,0.005171822,1.519321e-05,0.0001381367,0.02540058,0.005033686,0.0001833155,0.0,0.0,0.0
0.649,0.09801,0.56756,0.5685,0.02559849,0.005175888,1.505073e-05,0.0001374084,0.02540069,0.00503848,0.0001827422,0.0,0.0,0.0
0.649,0.0979,0.56766,0.5686,0.02559788,0.005179979,1.490906e-05,0.0001366808,0.0254008,0.005043299,0.0001821699,0.0,0.0,0.0
0.649,0.09778,0.56776,0.5687,0.02559727,0.005184096,1.47682e-05,0.0001359539,0.02540091,0.005048142,0.0001815986,0.0,0.0,0.0
0.649,0.09767,0.56786,0.5688,0.02559667,0.005188236,1.462816e-05,0.0001352277,0.02540101,0.005053008,0.0001810282,0.0,0.0,0.0
0.649,0.09755,0.56796,0.5689,0.02559608,0.0051924,1.448892e-05,0.0001345022,0.02540113,0.005057898,0.0001804587,0.0,0.0,0.0
0.649,0.09744,0.56807,0.569,0.0255955,0.005196588,1.43505e-05,0.0001337775,0.02540126,0.005062811,0.0001798902,0.0,0.0,0.0
0.649,0.09733,0.56817,0.5691,0.02559493,0.0052008,1.421288e-05,0.0001330536,0.0254014,0.005067747,0.0001793227,0.0,0.0,0.0
0.649,0.09721,0.56827,0.5692,0.02559438,0.005205036,1.407606e-05,0.0001323304,0.02540154,0.005072705,0.0001787561,0.0,0.0,0.0
0.649,0.0971,0.56837,0.5693,0.02559384,0.005209295,1.394005e-05,0.0001316079,0.0254017,0.005077687,0.0001781904,0.0,0.0,0.0
0.649,0.09698,0.56847,0.5694,0.02559331,0.005213579,1.380484e-05,0.0001308862,0.02540188,0.005082692,0.0001776257,0.0,0.0,0.0
0.649,0.09687,0.56857,0.5695,0.02559828,0.005217849,1.367043e-05,0.0001301653,0.02540755,0.005087684,0.000177062,0.0,0.0,0.0
0.649,0.09676,0.56867,0.5696,0.02559819,0.005222148,1.353682e-05,0.0001294451,0.02540815,0.005092703,0.0001764992,0.0,0.0,0.0
0.649,0.09664,0.56877,0.5697,0.02559784,0.005226482,1.340401e-05,0.0001287257,0.02540849,0.005097757,0.0001759374,0.0,0.0,0.0
0.649,0.09653,0.56887,0.5698,0.02559743,0.005230845,1.327199e-05,0.0001280071,0.02540878,0.005102837,0.0001753765,0.0,0.0,0.0
0.649,0.09641,0.56898,0.5699,0.02559701,0.005235233,1.314077e-05,0.0001272893,0.02540905,0.005107944,0.0001748166,0.0,0.0,0.0
0.649,0.0963,0.56908,0.57,0.02559659,0.005239648,1.301034e-05,0.0001265723,0.02540932,0.005113076,0.0001742576,0.0,0.0,0.0
0.649,0.09619,0.56918,0.5701,0.02559617,0.005244089,1.288071e-05,0.0001258561,0.02540959,0.005118233,0.0001736996,0.0,0.0,0.0
0.649,0.09607,0.56928,0.5702,0.02559576,0.005248555,1.275186e-05,0.0001251407,0.02540987,0.005123415,0.0001731425,0.0,0.0,0.0
0.649,0.09596,0.56938,0.5703,0.02559536,0.005253047,1.26238e-05,0.0001244262,0.02541015,0.005128621,0.0001725864,0.0,0.0,0.0
0.649,0.09584,0.56948,0.5704,0.02559498,0.005257565,1.249653e-05,0.0001237124,0.02541045,0.005133853,0.0001720312,0.0,0.0,0.0
0.649,0.09573,0.56958,0.5705,0.02559461,0.005262108,1.237005e-05,0.0001229995,0.02541076,0.005139109,0.000171477,0.0,0.0,0.0
0.649,0.09562,0.56968,0.5706,0.02559426,0.005266678,1.224435e-05,0.0001222874,0.02541109,0.00514439,0.0001709238,0.0,0.0,0.0
0.649,0.0955,0.56978,0.5707,0.02559391,0.005271273,1.211943e-05,0.0001215761,0.02541142,0.005149697,0.0001703715,0.0,0.0,0.0
0.649,0.09539,0.56989,0.5708,0.02559359,0.005275895,1.199529e-05,0.0001208657,0.02541177,0.005155029,0.0001698202,0.0,0.0,0.0
0.649,0.09527,0.56999,0.5709,0.02559328,0.005280542,1.187193e-05,0.0001201562,0.02541214,0.005160386,0.0001692698,0.0,0.0,0.0
0.649,0.09516,0.57009,0.571,0.02559298,0.005285216,1.174935e-05,0.0001194475,0.02541251,0.005165769,0.0001687204,0.0,0.0,0.0
0.649,0.09505,0.57019,0.5711,0.02559271,0.005289917,1.162755e-05,0.0001187397,0.02541291,0.005171177,0.0001681719,0.0,0.0,0.0
0.649,0.09493,0.57029,0.5712,0.02559244,0.005294644,1.150652e-05,0.0001180327,0.02541331,0.005176611,0.0001676244,0.0,0.0,0.0
0.649,0.09482,0.57039,0.5713,0.0255922,0.005299398,1.138626e-05,0.0001173267,0.02541373,0.005182072,0.0001670778,0.0,0.0,0.0
0.649,0.0947,0.57049,0.5714,0.02559197,0.005304179,1.126678e-05,0.0001166215,0.02541417,0.005187558,0.0001665322,0.0,0.0,0.0
0.649,0.09459,0.57059,0.5715,0.02559176,0.005308988,1.114806e-05,0.0001159172,0.02541462,0.005193071,0.0001659876,0.0,0.0,0.0
0.649,0.09447,0.57069,0.5716,0.02559156,0.005313824,1.103012e-05,0.0001152138,0.02541509,0.00519861,0.0001654439,0.0,0.0,0.0
0.649,0.09436,0.5708,0.5717,0.02559138,0.005318687,1.091294e-05,0.0001145113,0.02541557,0.005204176,0.0001649012,0.0,0.0,0.0
0.649,0.09425,0.5709,0.5718,0.02559122,0.005323578,1.079652e-05,0.0001138098,0.02541607,0.005209768,0.0001643594,0.0,0.0,0.0
0.649,0.09413,0.571,0.5719,0.02559108,0.005328497,1.068087e-05,0.0001131092,0.02541658,0.005215388,0.0001638186,0.0,0.0,0.0
0.649,0.09402,0.5711,0.572,0.02559095,0.005333444,1.056598e-05,0.0001124095,0.02541711,0.005221035,0.0001632787,0.0,0.0,0.0
0.649,0.0939,0.5712,0.5721,0.02559084,0.005338419,1.045185e-05,0.0001117107,0.02541765,0.005226709,0.0001627398,0.0,0.0,0.0
0.649,0.09379,0.5713,0.5722,0.02559075,0.005343423,1.033848e-05,0.0001110129,0.02541821,0.00523241,0.0001622019,0.0,0.0,0.0
0.649,0.09367,0.5714,0.5723,0.02559068,0.005348456,1.022587e-05,0.000110316,0.02541879,0.00523814,0.0001616649,0.0,0.0,0.0
0.649,0.09356,0.5715,0.5724,0.02559062,0.005353517,1.011401e-05,0.0001096201,0.02541938,0.005243897,0.0001611289,0.0,0.0,0.0
0.649,0.09344,0.5716,0.5725,0.02559251,0.00535852,1.00029e-05,0.0001089251,0.02542192,0.005249595,0.0001605939,0.0,0.0,0.0
0.649,0.09333,0.57171,0.5726,0.02559266,0.005363602,9.892547e-06,0.0001082312,0.02542271,0.005255371,0.0001600597,0.0,0.0,0.0
0.649,0.09322,0.57181,0.5727,0.02559274,0.005368722,9.782944e-06,0.0001075382,0.02542343,0.005261184,0.0001595266,0.0,0.0,0.0
0.649,0.0931,0.57191,0.5728,0.02559279,0.005373877,9.674089e-06,0.0001068462,0.02542412,0.005267031,0.0001589944,0.0,0.0,0.0
0.649,0.09299,0.57201,0.5729,0.02559285,0.005379064,9.56598e-06,0.0001061552,0.02542482,0.005272909,0.0001584632,0.0,0.0,0.0
0.649,0.09287,0.57211,0.573,0.0255929,0.005384284,9.458617e-06,0.0001054652,0.02542551,0.005278819,0.0001579329,0.0,0.0,0.0
0.649,0.09276,0.57221,0.5731,0.02559297,0.005389536,9.351997e-06,0.0001047762,0.02542622,0.00528476,0.0001574036,0.0,0.0,0.0
0.649,0.09264,0.57231,0.5732,0.02559305,0.00539482,9.246118e-06,0.0001040882,0.02542693,0.005290731,0.0001568753,0.0,0.0,0.0
0.649,0.09253,0.57241,0.5733,0.02559315,0.005400135,9.14098e-06,0.0001034013,0.02542766,0.005296734,0.0001563479,0.0,0.0,0.0
0.649,0.09241,0.57251,0.5734,0.02559326,0.005405482,9.036579e-06,0.0001027154,0.0254284,0.005302767,0.0001558215,0.0,0.0,0.0
0.649,0.0923,0.57262,0.5735,0.02559338,0.005410861,8.932915e-06,0.0001020305,0.02542915,0.00530883,0.000155296,0.0,0.0,0.0
0.649,0.09218,0.57272,0.5736,0.02559352,0.005416272,8.829986e-06,0.0001013467,0.02542992,0.005314925,0.0001547715,0.0,0.0,0.0
0.649,0.09207,0.57282,0.5737,0.0255997,0.005421684,8.727789e-06,0.000100664,0.02543673,0.00532102,0.0001542479,0.0,0.0,0.0
0.649,0.09195,0.57292,0.5738,0.02560079,0.005427093,8.626324e-06,9.998231e-05,0.02543844,0.005327111,0.0001537254,0.0,0.0,0.0
0.649,0.09184,0.57302,0.5739,0.02560117,0.005432564,8.525588e-06,9.930171e-05,0.02543944,0.005333262,0.0001532037,0.0,0.0,0.0
0.649,0.09172,0.57312,0.574,0.02560145,0.005438075,8.42558e-06,9.862219e-05,0.02544035,0.005339453,0.0001526831,0.0,0.0,0.0
0.649,0.09161,0.57322,0.5741,0.02560172,0.005443623,8.326298e-06,9.794376e-05,0.02544123,0.005345679,0.0001521634,0.0,0.0,0.0
0.649,0.0915,0.57332,0.5742,0.02560198,0.005449206,8.227739e-06,9.726644e-05,0.02544211,0.00535194,0.0001516446,0.0,0.0,0.0
0.649,0.09138,0.57342,0.5743,0.02560224,0.005454825,8.129903e-06,9.659023e-05,0.02544299,0.005358235,0.0001511268,0.0,0.0,0.0
0.649,0.09127,0.57353,0.5744,0.02560252,0.005460479,8.032788e-06,9.591514e-05,0.02544387,0.005364563,0.00015061,0.0,0.0,0.0
0.649,0.09115,0.57363,0.5745,0.0256028,0.005466167,7.93639e-06,9.524117e-05,0.02544477,0.005370926,0.0001500942,0.0,0.0,0.0
0.649,0.09104,0.57373,0.5746,0.0256031,0.00547189,7.84071e-06,9.456834e-05,0.02544568,0.005377321,0.0001495793,0.0,0.0,0.0
0.649,0.09092,0.57383,0.5747,0.02560342,0.005477647,7.745745e-06,9.389666e-05,0.0254466,0.005383751,0.0001490653,0.0,0.0,0.0
0.649,0.09081,0.57393,0.5748,0.02560375,0.00548344,7.651493e-06,9.322612e-05,0.02544754,0.005390214,0.0001485523,0.0,0.0,0.0
0.649,0.09069,0.57403,0.5749,0.02560409,0.005489268,7.557952e-06,9.255675e-05,0.0254485,0.005396711,0.0001480403,0.0,0.0,0.0
0.649,0.09058,0.57413,0.575,0.02560446,0.005495131,7.46512e-06,9.188856e-05,0.02544946,0.005403242,0.0001475293,0.0,0.0,0.0
0.649,0.09046,0.57423,0.5751,0.02560484,0.005501029,7.372997e-06,9.122154e-05,0.02545045,0.005409808,0.0001470192,0.0,0.0,0.0
0.649,0.09035,0.57433,0.5752,0.02560524,0.005506963,7.281579e-06,9.055571e-05,0.02545145,0.005416408,0.0001465101,0.0,0.0,0.0
0.649,0.09023,0.57444,0.5753,0.02560566,0.005512933,7.190864e-06,8.989108e-05,0.02545246,0.005423042,0.0001460019,0.0,0.0,0.0
0.649,0.09012,0.57454,0.5754,0.02560609,0.00551894,7.100852e-06,8.922766e-05,0.0254535,0.005429712,0.0001454947,0.0,0.0,0.0
0.649,0.09,0.57464,0.5755,0.02560655,0.005524982,7.01154e-06,8.856546e-05,0.02545455,0.005436416,0.0001449884,0.0,0.0,0.0
0.649,0.08989,0.57474,0.5756,0.02560702,0.005531061,6.922926e-06,8.790448e-05,0.02545561,0.005443156,0.0001444832,0.0,0.0,0.0
0.649,0.08977,0.57484,0.5757,0.02560751,0.005537177,6.835008e-06,8.724474e-05,0.0254567,0.005449932,0.0001439788,0.0,0.0,0.0
0.649,0.08966,0.57494,0.5758,0.02560802,0.005543329,6.747784e-06,8.658624e-05,0.0254578,0.005456743,0.0001434755,0.0,0.0,0.0
0.649,0.08954,0.57504,0.5759,0.02560855,0.005549519,6.661253e-06,8.5929e-05,0.02545892,0.00546359,0.0001429731,0.0,0.0,0.0
0.649,0.08942,0.57514,0.576,0.0256091,0.005555747,6.575412e-06,8.527303e-05,0.02546006,0.005470474,0.0001424716,0.0,0.0,0.0
0.649,0.08931,0.57524,0.5761,0.02560967,0.005562013,6.49026e-06,8.461833e-05,0.02546121,0.005477394,0.0001419712,0.0,0.0,0.0
0.649,0.08919,0.57535,0.5762,0.02561026,0.005568316,6.405795e-06,8.396491e-05,0.02546238,0.005484351,0.0001414717,0.0,0.0,0.0
0.649,0.08908,0.57545,0.5763,0.02561087,0.005574658,6.322014e-06,8.331279e-05,0.02546357,0.005491345,0.0001409731,0.0,0.0,0.0
0.649,0.08896,0.57555,0.5764,0.02561149,0.005581038,6.238916e-06,8.266197e-05,0.02546478,0.005498376,0.0001404755,0.0,0.0,0.0
0.649,0.08885,0.57565,0.5765,0.02561214,0.005587458,6.156499e-06,8.201247e-05,0.025466,0.005505445,0.0001399789,0.0,0.0,0.0
0.649,0.08873,0.57575,0.5766,0.0256128,0.005593916,6.07476e-06,8.136429e-05,0.02546724,0.005512552,0.0001394833,0.0,0.0,0.0
0.649,0.08862,0.57585,0.5767,0.02561561,0.005600329,5.993698e-06,8.071745e-05,0.02547063,0.005519611,0.0001389886,0.0,0.0,0.0
0.649,0.0885,0.57595,0.5768,0.02561655,0.00560682,5.913311e-06,8.007195e-05,0.02547214,0.005526748,0.0001384948,0.0,0.0,0.0
0.649,0.08839,0.57605,0.5769,0.02561737,0.005613365,5.833596e-06,7.942781e-05,0.02547353,0.005533937,0.0001380021,0.0,0.0,0.0
0.649,0.08827,0.57615,0.577,0.02561816,0.005619955,5.754553e-06,7.878503e-05,0.0254749,0.00554117,0.0001375102,0.0,0.0,0.0
0.649,0.08816,0.57626,0.5771,0.02561895,0.00562659,5.676178e-06,7.814363e-05,0.02547625,0.005548446,0.0001370194,0.0,0.0,0.0
0.649,0.08804,0.57636,0.5772,0.02561974,0.005633268,5.598469e-06,7.750362e-05,0.02547761,0.005555764,0.0001365295,0.0,0.0,0.0
0.649,0.08793,0.57646,0.5773,0.02562055,0.005639989,5.521426e-06,7.6865e-05,0.02547898,0.005563124,0.0001360406,0.0,0.0,0.0
0.649,0.08781,0.57656,0.5774,0.02562136,0.005646753,5.445044e-06,7.62278e-05,0.02548036,0.005570525,0.0001355526,0.0,0.0,0.0
0.649,0.08769,0.57666,0.5775,0.02562219,0.005653559,5.369324e-06,7.559201e-05,0.02548176,0.005577967,0.0001350656,0.0,0.0,0.0
0.649,0.08758,0.57676,0.5776,0.02562304,0.005660409,5.294262e-06,7.495765e-05,0.02548317,0.005585452,0.0001345796,0.0,0.0,0.0
0.649,0.08746,0.57686,0.5777,0.02562391,0.005667303,5.219856e-06,7.432474e-05,0.02548459,0.005592978,0.0001340945,0.0,0.0,0.0
0.649,0.08735,0.57696,0.5778,0.02562479,0.005674239,5.146105e-06,7.369328e-05,0.02548604,0.005600546,0.0001336104,0.0,0.0,0.0
0.649,0.08723,0.57706,0.5779,0.02562569,0.005681219,5.073005e-06,7.306328e-05,0.02548749,0.005608156,0.0001331273,0.0,0.0,0.0
0.649,0.08712,0.57716,0.578,0.02563478,0.005688101,5.000556e-06,7.243475e-05,0.02549713,0.005615666,0.0001326451,0.0,0.0,0.0
0.649,0.087,0.57727,0.5781,0.02563596,0.005695107,4.928755e-06,7.180772e-05,0.02549886,0.005623299,0.0001321639,0.0,0.0,0.0
0.649,0.08689,0.57737,0.5782,0.02563701,0.005702171,4.8576e-06,7.118218e-05,0.02550047,0.005630989,0.0001316836,0.0,0.0,0.0
0.649,0.08677,0.57747,0.5783,0.02563803,0.005709287,4.787088e-06,7.055815e-05,0.02550204,0.005638729,0.0001312043,0.0,0.0,0.0
0.649,0.08665,0.57757,0.5784,0.02563905,0.005716452,4.717219e-06,6.993564e-05,0.0255036,0.005646516,0.000130726,0.0,0.0,0.0
0.649,0.08654,0.57767,0.5785,0.02564007,0.005723665,4.647988e-06,6.931466e-05,0.02550517,0.005654351,0.0001302486,0.0,0.0,0.0
0.649,0.08642,0.57777,0.5786,0.02564109,0.005730927,4.579395e-06,6.869523e-05,0.02550674,0.005662231,0.0001297722,0.0,0.0,0.0
0.649,0.08631,0.57787,0.5787,0.02564213,0.005738235,4.511437e-06,6.807736e-05,0.02550833,0.005670158,0.0001292968,0.0,0.0,0.0
0.649,0.08619,0.57797,0.5788,0.02564319,0.005745591,4.444112e-06,6.746105e-05,0.02550992,0.00567813,0.0001288223,0.0,0.0,0.0
0.649,0.08608,0.57807,0.5789,0.02564426,0.005752995,4.377418e-06,6.684633e-05,0.02551154,0.005686149,0.0001283488,0.0,0.0,0.0
0.649,0.08596,0.57818,0.579,0.02564535,0.005760447,4.311353e-06,6.62332e-05,0.02551317,0.005694214,0.0001278762,0.0,0.0,0.0
0.649,0.08584,0.57828,0.5791,0.02564646,0.005767946,4.245914e-06,6.562167e-05,0.02551481,0.005702325,0.0001274046,0.0,0.0,0.0
0.649,0.08573,0.57838,0.5792,0.02564759,0.005775494,4.181099e-06,6.501176e-05,0.02551648,0.005710482,0.000126934,0.0,0.0,0.0
0.649,0.08561,0.57848,0.5793,0.02564874,0.00578309,4.116906e-06,6.440348e-05,0.02551816,0.005718687,0.0001264643,0.0,0.0,0.0
0.649,0.0855,0.57858,0.5794,0.02564991,0.005790735,4.053333e-06,6.379685e-05,0.02551986,0.005726938,0.0001259956,0.0,0.0,0.0
0.649,0.08538,0.57868,0.5795,0.02565109,0.005798429,3.990377e-06,6.319187e-05,0.02552158,0.005735237,0.0001255278,0.0,0.0,0.0
0.649,0.08526,0.57878,0.5796,0.0256523,0.005806172,3.928037e-06,6.258856e-05,0.02552331,0.005743583,0.000125061,0.0,0.0,0.0
0.649,0.08515,0.57888,0.5797,0.02565353,0.005813965,3.86631e-06,6.198693e-05,0.02552507,0.005751978,0.0001245952,0.0,0.0,0.0
0.649,0.08503,0.57898,0.5798,0.02565478,0.005821807,3.805193e-06,6.138699e-05,0.02552684,0.00576042,0.0001241304,0.0,0.0,0.0
0.649,0.08492,0.57909,0.5799,0.02565605,0.0058297,3.744685e-06,6.078876e-05,0.02552864,0.005768912,0.0001236665,0.0,0.0,0.0
0.649,0.0848,0.57919,0.58,0.02565734,0.005837644,3.684783e-06,6.019225e-05,0.02553045,0.005777452,0.0001232035,0.0,0.0,0.0
0.649,0.08468,0.57929,0.5801,0.02565865,0.005845639,3.625485e-06,5.959748e-05,0.02553228,0.005786041,0.0001227415,0.0,0.0,0.0
0.649,0.08457,0.57939,0.5802,0.02565998,0.005853685,3.566789e-06,5.900445e-05,0.02553414,0.00579468,0.0001222805,0.0,0.0,0.0
0.649,0.08445,0.57949,0.5803,0.02566134,0.005861782,3.508691e-06,5.841318e-05,0.02553601,0.005803369,0.0001218205,0.0,0.0,0.0
0.649,0.08434,0.57959,0.5804,0.02566271,0.005869932,3.451191e-06,5.782369e-05,0.0255379,0.005812108,0.0001213614,0.0,0.0,0.0
0.649,0.08422,0.57969,0.5805,0.02566411,0.005878134,3.394286e-06,5.723599e-05,0.02553981,0.005820898,0.0001209032,0.0,0.0,0.0
0.649,0.0841,0.57979,0.5806,0.02566553,0.005886389,3.337972e-06,5.665009e-05,0.02554174,0.005829739,0.0001204461,0.0,0.0,0.0
0.649,0.08399,0.57989,0.5807,0.02566697,0.005894698,3.282249e-06,5.6066e-05,0.0255437,0.005838632,0.0001199899,0.0,0.0,0.0
0.649,0.08387,0.58,0.5808,0.02566843,0.00590306,3.227113e-06,5.548375e-05,0.02554567,0.005847576,0.0001195346,0.0,0.0,0.0
0.649,0.08376,0.5801,0.5809,0.02567226,0.005911388,3.172563e-06,5.490333e-05,0.02555001,0.005856485,0.0001190803,0.0,0.0,0.0
0.649,0.08364,0.5802,0.581,0.02567405,0.005919807,3.118595e-06,5.432478e-05,0.0255523,0.005865482,0.000118627,0.0,0.0,0.0
0.649,0.08352,0.5803,0.5811,0.02567568,0.005928295,3.065207e-06,5.37481e-05,0.02555444,0.005874547,0.0001181746,0.0,0.0,0.0
0.649,0.08341,0.5804,0.5812,0.02567728,0.005936846,3.012398e-06,5.317331e-05,0.02555655,0.005883672,0.0001177232,0.0,0.0,0.0
0.649,0.08329,0.5805,0.5813,0.02567888,0.005945456,2.960164e-06,5.260042e-05,0.02555865,0.005892855,0.0001172728,0.0,0.0,0.0
0.649,0.08318,0.5806,0.5814,0.02568048,0.005954125,2.908503e-06,5.202944e-05,0.02556075,0.005902095,0.0001168233,0.0,0.0,0.0
0.649,0.08306,0.5807,0.5815,0.02568209,0.005962852,2.857413e-06,5.14604e-05,0.02556286,0.005911392,0.0001163748,0.0,0.0,0.0
0.649,0.08294,0.5808,0.5816,0.02568371,0.005971638,2.806891e-06,5.08933e-05,0.02556498,0.005920744,0.0001159272,0.0,0.0,0.0
0.649,0.08283,0.58091,0.5817,0.02568536,0.005980482,2.756936e-06,5.032817e-05,0.02556712,0.005930154,0.0001154806,0.0,0.0,0.0
0.649,0.08271,0.58101,0.5818,0.02568702,0.005989386,2.707543e-06,4.976501e-05,0.02556927,0.005939621,0.000115035,0.0,0.0,0.0
0.649,0.08259,0.58111,0.5819,0.0256887,0.005998348,2.658711e-06,4.920385e-05,0.02557145,0.005949144,0.0001145903,0.0,0.0,0.0
0.649,0.08248,0.58121,0.582,0.02569039,0.00600737,2.610438e-06,4.864469e-05,0.02557364,0.005958725,0.0001141465,0.0,0.0,0.0
0.649,0.08236,0.58131,0.5821,0.02569211,0.006016452,2.562721e-06,4.808756e-05,0.02557585,0.005968364,0.0001137038,0.0,0.0,0.0
0.649,0.08224,0.58141,0.5822,0.02570347,0.006025374,2.515557e-06,4.753246e-05,0.02558769,0.005977842,0.000113262,0.0,0.0,0.0
0.649,0.08213,0.58151,0.5823,0.02570551,0.006034477,2.468944e-06,4.697942e-05,0.02559022,0.005987498,0.0001128211,0.0,0.0,0.0
0.649,0.08201,0.58161,0.5824,0.0257074,0.006043664,2.422879e-06,4.642846e-05,0.02559259,0.005997236,0.0001123812,0.0,0.0,0.0
0.649,0.08189,0.58172,0.5825,0.02570924,0.006052923,2.37736e-06,4.587957e-05,0.02559492,0.006007044,0.0001119423,0.0,0.0,0.0
0.649,0.08178,0.58182,0.5826,0.02571108,0.006062251,2.332384e-06,4.53328e-05,0.02559724,0.006016918,0.0001115043,0.0,0.0,0.0
0.649,0.08166,0.58192,0.5827,0.02571292,0.006071646,2.287949e-06,4.478814e-05,0.02559957,0.006026857,0.0001110673,0.0,0.0,0.0
0.649,0.08155,0.58202,0.5828,0.02571478,0.006081106,2.244052e-06,4.424561e-05,0.0256019,0.00603686,0.0001106313,0.0,0.0,0.0
0.649,0.08143,0.58212,0.5829,0.02571664,0.006090632,2.20069e-06,4.370524e-05,0.02560425,0.006046927,0.0001101962,0.0,0.0,0.0
0.649,0.08131,0.58222,0.583,0.02571853,0.006100224,2.157862e-06,4.316704e-05,0.02560661,0.006057057,0.000109762,0.0,0.0,0.0
0.649,0.0812,0.58232,0.5831,0.02572043,0.006109882,2.115564e-06,4.263103e-05,0.02560899,0.006067251,0.0001093289,0.0,0.0,0.0
0.649,0.08108,0.58242,0.5832,0.02572235,0.006119605,2.073793e-06,4.209722e-05,0.02561138,0.006077508,0.0001088966,0.0,0.0,0.0
0.649,0.08096,0.58252,0.5833,0.02572429,0.006129395,2.032548e-06,4.156563e-05,0.0256138,0.006087829,0.0001084654,0.0,0.0,0.0
0.649,0.08085,0.58263,0.5834,0.02572626,0.00613925,1.991825e-06,4.103628e-05,0.02561623,0.006098214,0.0001080351,0.0,0.0,0.0
0.649,0.08073,0.58273,0.5835,0.02572824,0.006149173,1.951621e-06,4.050918e-05,0.02561868,0.006108664,0.0001076057,0.0,0.0,0.0
0.649,0.08061,0.58283,0.5836,0.02573025,0.006159163,1.911935e-06,3.998436e-05,0.02562116,0.006119178,0.0001071773,0.0,0.0,0.0
0.649,0.0805,0.58293,0.5837,0.02573228,0.00616922,1.872763e-06,3.946182e-05,0.02562365,0.006129758,0.0001067499,0.0,0.0,0.0
0.649,0.08038,0.58303,0.5838,0.02573433,0.006179345,1.834104e-06,3.89416e-05,0.02562617,0.006140404,0.0001063234,0.0,0.0,0.0
0.649,0.08026,0.58313,0.5839,0.0257364,0.006189539,1.795953e-06,3.84237e-05,0.02562871,0.006151115,0.0001058979,0.0,0.0,0.0
0.649,0.08014,0.58323,0.584,0.0257385,0.006199802,1.758308e-06,3.790815e-05,0.02563127,0.006161893,0.0001054734,0.0,0.0,0.0
0.649,0.08003,0.58333,0.5841,0.02574062,0.006210133,1.721167e-06,3.739496e-05,0.02563384,0.006172738,0.0001050497,0.0,0.0,0.0
0.649,0.07991,0.58343,0.5842,0.02574276,0.006220535,1.684527e-06,3.688415e-05,0.02563645,0.006183651,0.0001046271,0.0,0.0,0.0
0.649,0.07979,0.58354,0.5843,0.02574492,0.006231007,1.648386e-06,3.637574e-05,0.02563907,0.006194632,0.0001042054,0.0,0.0,0.0
0.649,0.07968,0.58364,0.5844,0.02574711,0.00624155,1.612739e-06,3.586975e-05,0.02564171,0.006205681,0.0001037847,0.0,0.0,0.0
0.649,0.07956,0.58374,0.5845,0.02574932,0.006252165,1.577586e-06,3.53662e-05,0.02564438,0.006216798,0.0001033649,0.0,0.0,0.0
0.649,0.07944,0.58384,0.5846,0.02575156,0.006262851,1.542922e-06,3.48651e-05,0.02564707,0.006227986,0.0001029461,0.0,0.0,0.0
0.649,0.07933,0.58394,0.5847,0.02575382,0.006273609,1.508745e-06,3.436648e-05,0.02564978,0.006239243,0.0001025282,0.0,0.0,0.0
0.649,0.07921,0.58404,0.5848,0.0257561,0.006284441,1.475052e-06,3.387036e-05,0.02565251,0.006250571,0.0001021113,0.0,0.0,0.0
0.649,0.07909,0.58414,0.5849,0.02575841,0.006295346,1.441841e-06,3.337675e-05,0.02565527,0.006261969,0.0001016953,0.0,0.0,0.0
0.649,0.07898,0.58424,0.585,0.02576074,0.006306325,1.409109e-06,3.288568e-05,0.02565805,0.00627344,0.0001012803,0.0,0.0,0.0
0.649,0.07886,0.58434,0.5851,0.02576573,0.006317282,1.376852e-06,3.239716e-05,0.02566349,0.006284885,0.0001008662,0.0,0.0,0.0
0.649,0.07874,0.58445,0.5852,0.0257684,0.006328357,1.345069e-06,3.191122e-05,0.0256666,0.006296446,0.0001004531,0.0,0.0,0.0
0.649,0.07862,0.58455,0.5853,0.02577091,0.006339522,1.313755e-06,3.142787e-05,0.02566956,0.006308095,0.000100041,0.0,0.0,0.0
0.649,0.07851,0.58465,0.5854,0.02577339,0.006350771,1.282909e-06,3.094713e-05,0.02567247,0.006319824,9.96298e-05,0.0,0.0,0.0
0.649,0.07839,0.58475,0.5855,0.02577586,0.006362102,1.252527e-06,3.046903e-05,0.02567538,0.006331633,9.921956e-05,0.0,0.0,0.0
0.649,0.07827,0.58485,0.5856,0.02577833,0.006373512,1.222606e-06,2.999359e-05,0.0256783,0.006343519,9.881028e-05,0.0,0.0,0.0
0.649,0.07816,0.58495,0.5857,0.02578082,0.006385003,1.193144e-06,2.952083e-05,0.02568122,0.006355482,9.840194e-05,0.0,0.0,0.0
0.649,0.07804,0.58505,0.5858,0.02578332,0.006396574,1.164138e-06,2.905076e-05,0.02568416,0.006367524,9.799456e-05,0.0,0.0,0.0
0.649,0.07792,0.58515,0.5859,0.02578585,0.006408226,1.135584e-06,2.858341e-05,0.02568712,0.006379643,9.758814e-05,0.0,0.0,0.0
0.649,0.0778,0.58525,0.586,0.02578839,0.006419959,1.10748e-06,2.811881e-05,0.0256901,0.006391841,9.718266e-05,0.0,0.0,0.0
0.649,0.07769,0.58536,0.5861,0.02579095,0.006431774,1.079822e-06,2.765696e-05,0.02569309,0.006404117,9.677814e-05,0.0,0.0,0.0
0.649,0.07757,0.58546,0.5862,0.02579353,0.006443671,1.052609e-06,2.719791e-05,0.02569611,0.006416473,9.637456e-05,0.0,0.0,0.0
0.649,0.07745,0.58556,0.5863,0.02579614,0.00645565,1.025836e-06,2.674165e-05,0.02569914,0.006428908,9.597194e-05,0.0,0.0,0.0
0.649,0.07734,0.58566,0.5864,0.02581012,0.006467355,9.99501e-07,2.628823e-05,0.02571355,0.006441067,9.557028e-05,0.0,0.0,0.0
0.649,0.07722,0.58576,0.5865,0.02581305,0.00647935,9.736008e-07,2.583765e-05,0.02571691,0.006453512,9.516956e-05,0.0,0.0,0.0
0.649,0.0771,0.58586,0.5866,0.02581583,0.006491462,9.481323e-07,2.538995e-05,0.02572011,0.006466072,9.476979e-05,0.0,0.0,0.0
0.649,0.07698,0.58596,0.5867,0.02581857,0.006503676,9.230926e-07,2.494515e-05,0.02572327,0.006478731,9.437097e-05,0.0,0.0,0.0
0.649,0.07687,0.58606,0.5868,0.0258213,0.006515985,8.984785e-07,2.450326e-05,0.02572643,0.006491482,9.397311e-05,0.0,0.0,0.0
0.649,0.07675,0.58616,0.5869,0.02582403,0.006528387,8.74287e-07,2.406432e-05,0.02572958,0.006504323,9.357619e-05,0.0,0.0,0.0
0.649,0.07663,0.58627,0.587,0.02582678,0.006540882,8.505151e-07,2.362834e-05,0.02573275,0.006517253,9.318022e-05,0.0,0.0,0.0
0.649,0.07651,0.58637,0.5871,0.02582954,0.006553467,8.271595e-07,2.319535e-05,0.02573593,0.006530272,9.27852e-05,0.0,0.0,0.0
0.649,0.0764,0.58647,0.5872,0.02583232,0.006566144,8.042174e-07,2.276537e-05,0.02573912,0.006543379,9.239114e-05,0.0,0.0,0.0
0.649,0.07628,0.58657,0.5873,0.02583512,0.006578912,7.816854e-07,2.233842e-05,0.02574234,0.006556573,9.199802e-05,0.0,0.0,0.0
0.649,0.07616,0.58667,0.5874,0.02583794,0.006591771,7.595605e-07,2.191454e-05,0.02574558,0.006569857,9.160584e-05,0.0,0.0,0.0
0.649,0.07604,0.58677,0.5875,0.02584079,0.006604722,7.378396e-07,2.149374e-05,0.02574884,0.006583229,9.121462e-05,0.0,0.0,0.0
0.649,0.07593,0.58687,0.5876,0.02584366,0.006617766,7.165194e-07,2.107605e-05,0.02575211,0.00659669,9.082435e-05,0.0,0.0,0.0
0.649,0.07581,0.58697,0.5877,0.02584655,0.006630902,6.955969e-07,2.066149e-05,0.02575542,0.00661024,9.043502e-05,0.0,0.0,0.0
0.649,0.07569,0.58707,0.5878,0.02584946,0.006644131,6.750688e-07,2.025009e-05,0.02575874,0.006623881,9.004664e-05,0.0,0.0,0.0
0.649,0.07557,0.58718,0.5879,0.0258524,0.006657454,6.54932e-07,1.984187e-05,0.02576209,0.006637612,8.965921e-05,0.0,0.0,0.0
0.649,0.07546,0.58728,0.588,0.02585536,0.006670871,6.351832e-07,1.943686e-05,0.02576546,0.006651434,8.927272e-05,0.0,0.0,0.0
0.649,0.07534,0.58738,0.5881,0.02585835,0.006684383,6.158191e-07,1.903509e-05,0.02576885,0.006665348,8.888718e-05,0.0,0.0,0.0
0.649,0.07522,0.58748,0.5882,0.02586137,0.006697991,5.968367e-07,1.863657e-05,0.02577227,0.006679355,8.850259e-05,0.0,0.0,0.0
0.649,0.0751,0.58758,0.5883,0.02586441,0.006711695,5.782326e-07,1.824134e-05,0.02577571,0.006693454,8.811894e-05,0.0,0.0,0.0
0.649,0.07499,0.58768,0.5884,0.02586747,0.006725497,5.600035e-07,1.784942e-05,0.02577917,0.006707647,8.773624e-05,0.0,0.0,0.0
0.649,0.07487,0.58778,0.5885,0.02587056,0.006739395,5.421462e-07,1.746084e-05,0.02578266,0.006721935,8.735448e-05,0.0,0.0,0.0
0.649,0.07475,0.58788,0.5886,0.02587367,0.006753393,5.246573e-07,1.707562e-05,0.02578617,0.006736317,8.697367e-05,0.0,0.0,0.0
0.649,0.07463,0.58798,0.5887,0.02587681,0.006767489,5.075336e-07,1.66938e-05,0.02578971,0.006750795,8.65938e-05,0.0,0.0,0.0
0.649,0.07452,0.58809,0.5888,0.02587998,0.006781686,4.907718e-07,1.631539e-05,0.02579327,0.00676537,8.621488e-05,0.0,0.0,0.0
0.649,0.0744,0.58819,0.5889,0.02588317,0.006795983,4.743685e-07,1.594043e-05,0.02579686,0.006780042,8.58369e-05,0.0,0.0,0.0
0.649,0.07428,0.58829,0.589,0.02588639,0.006810381,4.583203e-07,1.556894e-05,0.02580047,0.006794812,8.545987e-05,0.0,0.0,0.0
0.649,0.07416,0.58839,0.5891,0.02588963,0.006824882,4.42624e-07,1.520095e-05,0.0258041,0.006809681,8.508377e-05,0.0,0.0,0.0
0.649,0.07404,0.58849,0.5892,0.0258929,0.006839485,4.27276e-07,1.483649e-05,0.02580776,0.006824649,8.470863e-05,0.0,0.0,0.0
0.649,0.07393,0.58859,0.5893,0.02589919,0.006854079,4.122731e-07,1.447559e-05,0.02581445,0.006839603,8.433442e-05,0.0,0.0,0.0
0.649,0.07381,0.58869,0.5894,0.02590277,0.006868837,3.976118e-07,1.411827e-05,0.02581841,0.006854719,8.396116e-05,0.0,0.0,0.0
0.649,0.07369,0.58879,0.5895,0.02590622,0.006883714,3.832886e-07,1.376457e-05,0.02582225,0.00686995,8.358884e-05,0.0,0.0,0.0
0.649,0.07357,0.58889,0.5896,0.02590964,0.006898705,3.693003e-07,1.341451e-05,0.02582605,0.00688529,8.321746e-05,0.0,0.0,0.0
0.649,0.07345,0.589,0.5897,0.02591305,0.006913806,3.556432e-07,1.306812e-05,0.02582984,0.006900738,8.284702e-05,0.0,0.0,0.0
0.649,0.07334,0.5891,0.5898,0.02591646,0.006929018,3.42314e-07,1.272543e-05,0.02583364,0.006916293,8.247752e-05,0.0,0.0,0.0
0.649,0.07322,0.5892,0.5899,0.0259199,0.006944342,3.293091e-07,1.238648e-05,0.02583746,0.006931955,8.210896e-05,0.0,0.0,0.0
0.649,0.0731,0.5893,0.59,0.02592335,0.006959776,3.16625e-07,1.205129e-05,0.02584129,0.006947725,8.174135e-05,0.0,0.0,0.0
0.649,0.07298,0.5894,0.5901,0.02592682,0.006975323,3.042584e-07,1.171988e-05,0.02584514,0.006963603,8.137467e-05,0.0,0.0,0.0
0.649,0.07286,0.5895,0.5902,0.02593031,0.006990982,2.922055e-07,1.13923e-05,0.02584901,0.006979589,8.100893e-05,0.0,0.0,0.0
0.649,0.07275,0.5896,0.5903,0.02593383,0.007006754,2.804629e-07,1.106857e-05,0.0258529,0.006995685,8.064414e-05,0.0,0.0,0.0
0.649,0.07263,0.5897,0.5904,0.02593736,0.00702264,2.690271e-07,1.074873e-05,0.02585682,0.007011891,8.028028e-05,0.0,0.0,0.0
0.649,0.07251,0.5898,0.5905,0.02595313,0.007038405,2.578943e-07,1.04328e-05,0.02587296,0.007027972,7.991736e-05,0.0,0.0,0.0
0.649,0.07239,0.58991,0.5906,0.0259579,0.00705415,2.470612e-07,1.012082e-05,0.0258781,0.007044029,7.955538e-05,0.0,0.0,0.0
0.649,0.07227,0.59001,0.5907,0.02596175,0.007070161,2.36524e-07,9.812812e-06,0.02588232,0.007060349,7.919433e-05,0.0,0.0,0.0
0.649,0.07216,0.59011,0.5908,0.02596548,0.007086334,2.262792e-07,9.508817e-06,0.02588642,0.007076825,7.883422e-05,0.0,0.0,0.0
0.649,0.07204,0.59021,0.5909,0.02596917,0.007102647,2.16323e-07,9.208865e-06,0.02589048,0.007093438,7.847505e-05,0.0,0.0,0.0
0.649,0.07192,0.59031,0.591,0.02597286,0.007119095,2.066519e-07,8.912988e-06,0.02589453,0.007110182,7.811682e-05,0.0,0.0,0.0
0.649,0.0718,0.59041,0.5911,0.02597655,0.007135672,1.972623e-07,8.621219e-06,0.02589859,0.007127051,7.775952e-05,0.0,0.0,0.0
0.649,0.07168,0.59051,0.5912,0.02598026,0.007152378,1.881503e-07,8.333591e-06,0.02590266,0.007144044,7.740316e-05,0.0,0.0,0.0
0.649,0.07157,0.59061,0.5913,0.02598398,0.007169211,1.793124e-07,8.050139e-06,0.02590675,0.007161161,7.704774e-05,0.0,0.0,0.0
0.649,0.07145,0.59072,0.5914,0.02598773,0.007186172,1.707447e-07,7.770895e-06,0.02591086,0.007178401,7.669325e-05,0.0,0.0,0.0
0.649,0.07133,0.59082,0.5915,0.02599149,0.007203259,1.624437e-07,7.495894e-06,0.02591499,0.007195763,7.633969e-05,0.0,0.0,0.0
0.649,0.07121,0.59092,0.5916,0.02599528,0.007220475,1.544055e-07,7.22517e-06,0.02591914,0.00721325,7.598707e-05,0.0,0.0,0.0
0.649,0.07109,0.59102,0.5917,0.0259991,0.007237818,1.466263e-07,6.958758e-06,0.02592332,0.007230859,7.563538e-05,0.0,0.0,0.0
0.649,0.07097,0.59112,0.5918,0.02600294,0.00725529,1.391025e-07,6.696693e-06,0.02592752,0.007248594,7.528463e-05,0.0,0.0,0.0
0.649,0.07086,0.59122,0.5919,0.02600681,0.007272892,1.318302e-07,6.43901e-06,0.02593174,0.007266453,7.493481e-05,0.0,0.0,0.0
0.649,0.07074,0.59132,0.592,0.0260107,0.007290623,1.248056e-07,6.185745e-06,0.02593599,0.007284438,7.458592e-05,0.0,0.0,0.0
0.649,0.07062,0.59142,0.5921,0.02601462,0.007308486,1.180249e-07,5.936933e-06,0.02594026,0.007302549,7.423796e-05,0.0,0.0,0.0
0.649,0.0705,0.59152,0.5922,0.02601857,0.00732648,1.114842e-07,5.692612e-06,0.02594456,0.007320787,7.389094e-05,0.0,0.0,0.0
0.649,0.07038,0.59163,0.5923,0.02602254,0.007344607,1.051797e-07,5.452817e-06,0.02594889,0.007339154,7.354485e-05,0.0,0.0,0.0
0.649,0.07026,0.59173,0.5924,0.02602654,0.007362867,9.910748e-08,5.217585e-06,0.02595324,0.00735765,7.319969e-05,0.0,0.0,0.0
0.649,0.07014,0.59183,0.5925,0.02603057,0.007381262,9.32637e-08,4.986954e-06,0.02595762,0.007376275,7.285546e-05,0.0,0.0,0.0
0.649,0.07003,0.59193,0.5926,0.02603462,0.007399792,8.764445e-08,4.760962e-06,0.02596202,0.007395031,7.251216e-05,0.0,0.0,0.0
0.649,0.06991,0.59203,0.5927,0.0260387,0.007418459,8.224578e-08,4.539645e-06,0.02596645,0.007413919,7.216979e-05,0.0,0.0,0.0
0.649,0.06979,0.59213,0.5928,0.02604281,0.007437263,7.706377e-08,4.323043e-06,0.02597091,0.00743294,7.182834e-05,0.0,0.0,0.0
0.649,0.06967,0.59223,0.5929,0.02604695,0.007456205,7.209445e-08,4.111193e-06,0.02597539,0.007452094,7.148783e-05,0.0,0.0,0.0
0.649,0.06955,0.59233,0.593,0.02605112,0.007475287,6.733385e-08,3.904136e-06,0.0259799,0.007471383,7.114825e-05,0.0,0.0,0.0
0.649,0.06943,0.59243,0.5931,0.02605531,0.00749451,6.277799e-08,3.701909e-06,0.02598444,0.007490808,7.080959e-05,0.0,0.0,0.0
0.649,0.06931,0.59254,0.5932,0.02605954,0.007513874,5.842284e-08,3.504553e-06,0.02598901,0.007510369,7.047186e-05,0.0,0.0,0.0
0.649,0.0692,0.59264,0.5933,0.02606379,0.007533381,5.42644e-08,3.312108e-06,0.0259936,0.007530069,7.013506e-05,0.0,0.0,0.0
0.649,0.06908,0.59274,0.5934,0.02607048,0.007552988,5.029862e-08,3.124614e-06,0.02600063,0.007549864,6.979919e-05,0.0,0.0,0.0
0.649,0.06896,0.59284,0.5935,0.02607577,0.007572691,4.652143e-08,2.942111e-06,0.02600626,0.007569749,6.946424e-05,0.0,0.0,0.0
0.649,0.06884,0.59294,0.5936,0.0260803,0.007592582,4.292877e-08,2.764641e-06,0.02601113,0.007589818,6.913022e-05,0.0,0.0,0.0
0.649,0.06872,0.59304,0.5937,0.02608474,0.007612632,3.951653e-08,2.592245e-06,0.02601591,0.00761004,6.879712e-05,0.0,0.0,0.0
0.649,0.0686,0.59314,0.5938,0.02608916,0.007632837,3.628061e-08,2.424964e-06,0.02602066,0.007630412,6.846495e-05,0.0,0.0,0.0
0.649,0.06848,0.59324,0.5939,0.02609358,0.007653195,3.321688e-08,2.262842e-06,0.02602541,0.007650932,6.813371e-05,0.0,0.0,0.0
0.649,0.06836,0.59334,0.594,0.02609801,0.007673707,3.032119e-08,2.10592e-06,0.02603017,0.007671601,6.780338e-05,0.0,0.0,0.0
0.649,0.06825,0.59345,0.5941,0.02610245,0.007694372,2.758937e-08,1.954242e-06,0.02603495,0.007692418,6.747398e-05,0.0,0.0,0.0
0.649,0.06813,0.59355,0.5942,0.02610692,0.007715193,2.501726e-08,1.807851e-06,0.02603975,0.007713385,6.714551e-05,0.0,0.0,0.0
0.649,0.06801,0.59365,0.5943,0.0261114,0.00773617,2.260063e-08,1.66679e-06,0.02604456,0.007734503,6.681795e-05,0.0,0.0,0.0
0.649,0.06789,0.59375,0.5944,0.02611592,0.007757304,2.033529e-08,1.531104e-06,0.0260494,0.007755772,6.649132e-05,0.0,0.0,0.0
0.649,0.06777,0.59385,0.5945,0.02612045,0.007778595,1.821699e-08,1.400836e-06,0.02605427,0.007777194,6.616561e-05,0.0,0.0,0.0
0.649,0.06765,0.59395,0.5946,0.02612502,0.007800046,1.624147e-08,1.276033e-06,0.02605916,0.00779877,6.584082e-05,0.0,0.0,0.0
0.649,0.06753,0.59405,0.5947,0.02614467,0.007821056,1.440447e-08,1.15674e-06,0.02607914,0.0078199,6.551696e-05,0.0,0.0,0.0
0.649,0.06741,0.59415,0.5948,0.02614994,0.007842375,1.27017e-08,1.043001e-06,0.02608474,0.007841332,6.519401e-05,0.0,0.0,0.0
0.649,0.06729,0.59425,0.5949,0.02615477,0.007863994,1.112885e-08,9.348637e-07,0.02608989,0.007863059,6.487198e-05,0.0,0.0,0.0
0.649,0.06718,0.59436,0.595,0.0261595,0.007885831,9.681586e-09,8.323742e-07,0.02609494,0.007884999,6.455087e-05,0.0,0.0,0.0
0.649,0.06706,0.59446,0.5951,0.02616421,0.007907865,8.35557e-09,7.355796e-07,0.02609997,0.007907129,6.423068e-05,0.0,0.0,0.0
0.649,0.06694,0.59456,0.5952,0.02616891,0.007930084,7.146435e-09,6.445272e-07,0.026105,0.00792944,6.391141e-05,0.0,0.0,0.0
0.649,0.06682,0.59466,0.5953,0.02617363,0.007952486,6.0498e-09,5.592651e-07,0.02611003,0.007951927,6.359306e-05,0.0,0.0,0.0
0.649,0.0667,0.59476,0.5954,0.02617836,0.007975067,5.061264e-09,4.798413e-07,0.02611508,0.007974587,6.327562e-05,0.0,0.0,0.0
0.649,0.06658,0.59486,0.5955,0.02618312,0.007997827,4.176406e-09,4.063049e-07,0.02612015,0.007997421,6.295911e-05,0.0,0.0,0.0
0.649,0.06646,0.59496,0.5956,0.02618789,0.008020765,3.390789e-09,3.387048e-07,0.02612525,0.008020426,6.26435e-05,0.0,0.0,0.0
0.649,0.06634,0.59506,0.5957,0.0261927,0.008043882,2.699954e-09,2.770909e-07,0.02613037,0.008043605,6.232882e-05,0.0,0.0,0.0
0.649,0.06622,0.59517,0.5958,0.02619753,0.008067177,2.099425e-09,2.215132e-07,0.02613551,0.008066956,6.201504e-05,0.0,0.0,0.0
0.649,0.0661,0.59527,0.5959,0.02620238,0.008090652,1.584706e-09,1.720222e-07,0.02614068,0.00809048,6.170219e-05,0.0,0.0,0.0
0.649,0.06599,0.59537,0.596,0.02620726,0.008114307,1.151283e-09,1.286692e-07,0.02614587,0.008114178,6.139025e-05,0.0,0.0,0.0
0.649,0.06587,0.59547,0.5961,0.02621218,0.008138143,7.946222e-10,9.15055e-08,0.0261511,0.008138052,6.107922e-05,0.0,0.0,0.0
0.649,0.06575,0.59557,0.5962,0.02621712,0.008162162,5.101693e-10,6.058322e-08,0.02615635,0.008162101,6.07691e-05,0.0,0.0,0.0
0.649,0.06563,0.59567,0.5963,0.02622208,0.008186364,2.93352e-10,3.595482e-08,0.02616162,0.008186328,6.04599e-05,0.0,0.0,0.0
0.649,0.06551,0.59577,0.5964,0.02622708,0.008210751,1.395782e-10,1.76733e-08,0.02616693,0.008210733,6.015161e-05,0.0,0.0,0.0
0.649,0.06539,0.59587,0.5965,0.02623211,0.008235323,4.423626e-11,5.792117e-09,0.02617227,0.008235317,5.984423e-05,0.0,0.0,0.0
0.649,0.06527,0.59597,0.5966,0.02623717,0.008260082,2.694796e-12,3.652573e-10,0.02617763,0.008260082,5.953776e-05,0.0,0.0,0.0
0.649,0.06515,0.59608,0.5967,0.02624226,0.008285029,0.0,0.0,0.02618302,0.008285029,5.923221e-05,0.0,0.0,0.0
0.649,0.06503,0.59618,0.5968,0.02624737,0.008310159,0.0,0.0,0.02618845,0.008310159,5.892756e-05,0.0,0.0,0.0
0.649,0.06491,0.59628,0.5969,0.02625252,0.008335474,0.0,0.0,0.0261939,0.008335474,5.862382e-05,0.0,0.0,0.0
0.649,0.06479,0.59638,0.597,0.0262577,0.008360975,0.0,0.0,0.02619938,0.008360975,5.832099e-05,0.0,0.0,0.0
0.649,0.06467,0.59648,0.5971,0.02626291,0.008386663,0.0,0.0,0.02620489,0.008386663,5.801908e-05,0.0,0.0,0.0
0.649,0.06455,0.59658,0.5972,0.02626814,0.00841254,0.0,0.0,0.02621043,0.00841254,5.771806e-05,0.0,0.0,0.0
0.649,0.06443,0.59668,0.5973,0.02627341,0.008438607,0.0,0.0,0.02621599,0.008438607,5.741796e-05,0.0,0.0,0.0
0.649,0.06431,0.59678,0.5974,0.02627871,0.008464866,0.0,0.0,0.02622159,0.008464866,5.711876e-05,0.0,0.0,0.0
0.649,0.06419,0.59688,0.5975,0.02628404,0.008491318,0.0,0.0,0.02622722,0.008491318,5.682047e-05,0.0,0.0,0.0
0.649,0.06408,0.59699,0.5976,0.02629273,0.008517871,0.0,0.0,0.02623621,0.008517871,5.652309e-05,0.0,0.0,0.0
0.649,0.06396,0.59709,0.5977,0.02629857,0.008544646,0.0,0.0,0.02624235,0.008544646,5.622661e-05,0.0,0.0,0.0
0.649,0.06384,0.59719,0.5978,0.02630413,0.008571641,0.0,0.0,0.0262482,0.008571641,5.593103e-05,0.0,0.0,0.0
0.649,0.06372,0.59729,0.5979,0.02630963,0.008598843,0.0,0.0,0.02625399,0.008598843,5.563636e-05,0.0,0.0,0.0
0.649,0.0636,0.59739,0.598,0.02631511,0.008626253,0.0,0.0,0.02625977,0.008626253,5.534259e-05,0.0,0.0,0.0
0.649,0.06348,0.59749,0.5981,0.02632061,0.008653868,0.0,0.0,0.02626556,0.008653868,5.504973e-05,0.0,0.0,0.0
0.649,0.06336,0.59759,0.5982,0.02632611,0.00868169,0.0,0.0,0.02627135,0.00868169,5.475776e-05,0.0,0.0,0.0
0.649,0.06324,0.59769,0.5983,0.02633164,0.00870972,0.0,0.0,0.02627717,0.00870972,5.44667e-05,0.0,0.0,0.0
0.649,0.06312,0.59779,0.5984,0.02633719,0.008737959,0.0,0.0,0.02628301,0.008737959,5.417654e-05,0.0,0.0,0.0
0.649,0.063,0.5979,0.5985,0.02634276,0.008766409,0.0,0.0,0.02628888,0.008766409,5.388728e-05,0.0,0.0,0.0
0.649,0.06288,0.598,0.5986,0.02634837,0.008795071,0.0,0.0,0.02629477,0.008795071,5.359892e-05,0.0,0.0,0.0
0.649,0.06276,0.5981,0.5987,0.026354,0.008823947,0.0,0.0,0.02630069,0.008823947,5.331146e-05,0.0,0.0,0.0
0.649,0.06264,0.5982,0.5988,0.02635966,0.008853037,0.0,0.0,0.02630663,0.008853037,5.30249e-05,0.0,0.0,0.0
0.649,0.06252,0.5983,0.5989,0.02638332,0.008881083,0.0,0.0,0.02633058,0.008881083,5.273924e-05,0.0,0.0,0.0
0.649,0.0624,0.5984,0.599,0.02638941,0.008910032,0.0,0.0,0.02633696,0.008910032,5.245448e-05,0.0,0.0,0.0
0.649,0.06228,0.5985,0.5991,0.02639528,0.008939334,0.0,0.0,0.02634311,0.008939334,5.217061e-05,0.0,0.0,0.0
0.649,0.06216,0.5986,0.5992,0.02640108,0.008968923,0.0,0.0,0.02634919,0.008968923,5.188764e-05,0.0,0.0,0.0
0.649,0.06204,0.59871,0.5993,0.02640686,0.008998773,0.0,0.0,0.02635526,0.008998773,5.160556e-05,0.0,0.0,0.0
0.649,0.06192,0.59881,0.5994,0.02641266,0.009028876,0.0,0.0,0.02636133,0.009028876,5.132438e-05,0.0,0.0,0.0
0.649,0.0618,0.59891,0.5995,0.02641847,0.009059225,0.0,0.0,0.02636742,0.009059225,5.10441e-05,0.0,0.0,0.0
0.649,0.06168,0.59901,0.5996,0.0264243,0.009089818,-0.0,0.0,0.02637353,0.009089818,5.076471e-05,0.0,0.0,0.0
0.649,0.06156,0.59911,0.5997,0.02643015,0.009120653,-0.0,0.0,0.02637966,0.009120653,5.048621e-05,0.0,0.0,0.0
0.649,0.06144,0.59921,0.5998,0.02643603,0.00915173,-0.0,0.0,0.02638582,0.00915173,5.02086e-05,0.0,0.0,0.0
0.649,0.06132,0.59931,0.5999,0.02644194,0.009183049,-0.0,0.0,0.02639201,0.009183049,4.993189e-05,0.0,0.0,0.0
0.649,0.0612,0.59941,0.6,0.02644788,0.00921461,-0.0,0.0,0.02639822,0.00921461,4.965607e-05,0.0,0.0,0.0
0.649,0.06108,0.59951,0.6001,0.02645384,0.009246415,-0.0,0.0,0.02640446,0.009246415,4.938114e-05,0.0,0.0,0.0
0.649,0.06096,0.59962,0.6002,0.02645984,0.009278464,-0.0,0.0,0.02641074,0.009278464,4.91071e-05,0.0,0.0,0.0
0.649,0.06084,0.59972,0.6003,0.02646587,0.009310759,-0.0,0.0,0.02641704,0.009310759,4.883395e-05,0.0,0.0,0.0
0.649,0.06072,0.59982,0.6004,0.02647193,0.009343301,-0.0,0.0,0.02642337,0.009343301,4.856169e-05,0.0,0.0,0.0
0.649,0.0606,0.59992,0.6005,0.02647803,0.009376092,-0.0,0.0,0.02642974,0.009376092,4.829031e-05,0.0,0.0,0.0
0.649,0.06048,0.60002,0.6006,0.02648415,0.009409133,-0.0,0.0,0.02643613,0.009409133,4.801983e-05,0.0,0.0,0.0
0.649,0.06036,0.60012,0.6007,0.02649031,0.009442426,-0.0,0.0,0.02644256,0.009442426,4.775023e-05,0.0,0.0,0.0
0.649,0.06024,0.60022,0.6008,0.0264965,0.009475973,-0.0,0.0,0.02644902,0.009475973,4.748152e-05,0.0,0.0,0.0
0.649,0.06012,0.60032,0.6009,0.02650272,0.009509776,-0.0,0.0,0.02645551,0.009509776,4.721369e-05,0.0,0.0,0.0
0.649,0.06,0.60042,0.601,0.02650898,0.009543836,-0.0,0.0,0.02646203,0.009543836,4.694675e-05,0.0,0.0,0.0
0.649,0.05988,0.60053,0.6011,0.02651527,0.009578155,-0.0,0.0,0.02646859,0.009578155,4.66807e-05,0.0,0.0,0.0
0.649,0.05976,0.60063,0.6012,0.02652159,0.009612736,-0.0,0.0,0.02647517,0.009612736,4.641552e-05,0.0,0.0,0.0
0.649,0.05964,0.60073,0.6013,0.02652794,0.009647579,-0.0,0.0,0.02648179,0.009647579,4.615124e-05,0.0,0.0,0.0
0.649,0.05952,0.60083,0.6014,0.02653433,0.009682688,-0.0,0.0,0.02648844,0.009682688,4.588783e-05,0.0,0.0,0.0
0.649,0.0594,0.60093,0.6015,0.02654075,0.009718065,-0.0,0.0,0.02649513,0.009718065,4.562531e-05,0.0,0.0,0.0
0.649,0.05928,0.60103,0.6016,0.02654721,0.00975371,-0.0,0.0,0.02650185,0.00975371,4.536366e-05,0.0,0.0,0.0
0.649,0.05916,0.60113,0.6017,0.0265537,0.009789628,-0.0,0.0,0.02650859,0.009789628,4.51029e-05,0.0,0.0,0.0
0.649,0.05904,0.60123,0.6018,0.02656411,0.009825684,-0.0,0.0,0.02651927,0.009825684,4.484302e-05,0.0,0.0,0.0
0.649,0.05892,0.60134,0.6019,0.0265709,0.009862096,-0.0,0.0,0.02652632,0.009862096,4.458401e-05,0.0,0.0,0.0
0.649,0.0588,0.60144,0.602,0.02657756,0.009898799,-0.0,0.0,0.02653324,0.009898799,4.432589e-05,0.0,0.0,0.0
0.649,0.05868,0.60154,0.6021,0.02658419,0.009935788,-0.0,0.0,0.02654012,0.009935788,4.406864e-05,0.0,0.0,0.0
0.649,0.05856,0.60164,0.6022,0.02659082,0.009973065,-0.0,0.0,0.02654701,0.009973065,4.381227e-05,0.0,0.0,0.0
0.649,0.05844,0.60174,0.6023,0.02659746,0.01001063,-0.0,0.0,0.02655391,0.01001063,4.355678e-05,0.0,0.0,0.0
0.649,0.05832,0.60184,0.6024,0.02660413,0.01004848,-0.0,0.0,0.02656082,0.01004848,4.330216e-05,0.0,0.0,0.0
0.649,0.05819,0.60194,0.6025,0.02661081,0.01008663,-0.0,0.0,0.02656777,0.01008663,4.304842e-05,0.0,0.0,0.0
0.649,0.05807,0.60204,0.6026,0.02661753,0.01012507,-0.0,0.0,0.02657473,0.01012507,4.279555e-05,0.0,0.0,0.0
0.649,0.05795,0.60214,0.6027,0.02662427,0.0101638,-0.0,0.0,0.02658173,0.0101638,4.254356e-05,0.0,0.0,0.0
0.649,0.05783,0.60225,0.6028,0.02663105,0.01020283,-0.0,0.0,0.02658875,0.01020283,4.229244e-05,0.0,0.0,0.0
0.649,0.05771,0.60235,0.6029,0.02663785,0.01024216,-0.0,0.0,0.02659581,0.01024216,4.204219e-05,0.0,0.0,0.0
0.649,0.05759,0.60245,0.603,0.02666494,0.01028046,-0.0,0.0,0.02662315,0.01028046,4.179281e-05,0.0,0.0,0.0
0.649,0.05747,0.60255,0.6031,0.02667264,0.0103193,-0.0,0.0,0.0266311,0.0103193,4.15443e-05,0.0,0.0,0.0
0.649,0.05735,0.60265,0.6032,0.02667974,0.01035879,-0.0,0.0,0.02663845,0.01035879,4.129667e-05,0.0,0.0,0.0
0.649,0.05723,0.60275,0.6033,0.02668672,0.01039872,-0.0,0.0,0.02664567,0.01039872,4.10499e-05,0.0,0.0,0.0
0.649,0.05711,0.60285,0.6034,0.02669367,0.01043904,-0.0,0.0,0.02665287,0.01043904,4.0804e-05,0.0,0.0,0.0
0.649,0.05699,0.60295,0.6035,0.02670062,0.01047973,-0.0,0.0,0.02666006,0.01047973,4.055897e-05,0.0,0.0,0.0
0.649,0.05687,0.60305,0.6036,0.02670758,0.01052076,-0.0,0.0,0.02666727,0.01052076,4.031481e-05,0.0,0.0,0.0
0.649,0.05675,0.60316,0.6037,0.02671456,0.01056214,-0.0,0.0,0.02667449,0.01056214,4.007152e-05,0.0,0.0,0.0
0.649,0.05663,0.60326,0.6038,0.02672157,0.01060386,-0.0,0.0,0.02668174,0.01060386,3.982909e-05,0.0,0.0,0.0
0.649,0.05651,0.60336,0.6039,0.02672861,0.01064592,-0.0,0.0,0.02668902,0.01064592,3.958752e-05,0.0,0.0,0.0
0.649,0.05639,0.60346,0.604,0.02673568,0.01068831,-0.0,0.0,0.02669633,0.01068831,3.934682e-05,0.0,0.0,0.0
0.649,0.05626,0.60356,0.6041,0.02674278,0.01073105,-0.0,0.0,0.02670367,0.01073105,3.910698e-05,0.0,0.0,0.0
0.649,0.05614,0.60366,0.6042,0.02674991,0.01077413,-0.0,0.0,0.02671104,0.01077413,3.886801e-05,0.0,0.0,0.0
0.649,0.05602,0.60376,0.6043,0.02675707,0.01081755,-0.0,0.0,0.02671844,0.01081755,3.86299e-05,0.0,0.0,0.0
0.649,0.0559,0.60386,0.6044,0.02676427,0.01086132,-0.0,0.0,0.02672588,0.01086132,3.839265e-05,0.0,0.0,0.0
0.649,0.05578,0.60397,0.6045,0.02677151,0.01090543,-0.0,0.0,0.02673335,0.01090543,3.815626e-05,0.0,0.0,0.0
0.649,0.05566,0.60407,0.6046,0.02677878,0.01094989,-0.0,0.0,0.02674086,0.01094989,3.792073e-05,0.0,0.0,0.0
0.649,0.05554,0.60417,0.6047,0.02678608,0.01099469,-0.0,0.0,0.0267484,0.01099469,3.768606e-05,0.0,0.0,0.0
0.649,0.05542,0.60427,0.6048,0.02679342,0.01103985,-0.0,0.0,0.02675597,0.01103985,3.745225e-05,0.0,0.0,0.0
0.649,0.0553,0.60437,0.6049,0.0268008,0.01108537,-0.0,0.0,0.02676358,0.01108537,3.721929e-05,0.0,0.0,0.0
0.649,0.05518,0.60447,0.605,0.02680821,0.01113124,-0.0,0.0,0.02677122,0.01113124,3.698719e-05,0.0,0.0,0.0
0.649,0.05505,0.60457,0.6051,0.02681566,0.01117747,-0.0,0.0,0.0267789,0.01117747,3.675595e-05,0.0,0.0,0.0
0.649,0.05493,0.60467,0.6052,0.02682314,0.01122406,-0.0,0.0,0.02678661,0.01122406,3.652557e-05,0.0,0.0,0.0
0.649,0.05481,0.60477,0.6053,0.02683066,0.01127102,-0.0,0.0,0.02679436,0.01127102,3.629603e-05,0.0,0.0,0.0
0.649,0.05469,0.60488,0.6054,0.02683822,0.01131835,-0.0,0.0,0.02680215,0.01131835,3.606736e-05,0.0,0.0,0.0
0.649,0.05457,0.60498,0.6055,0.02684581,0.01136604,-0.0,0.0,0.02680997,0.01136604,3.583953e-05,0.0,0.0,0.0
0.649,0.05445,0.60508,0.6056,0.02685344,0.01141411,-0.0,0.0,0.02681783,0.01141411,3.561256e-05,0.0,0.0,0.0
0.649,0.05433,0.60518,0.6057,0.02686111,0.01146255,-0.0,0.0,0.02682572,0.01146255,3.538644e-05,0.0,0.0,0.0
0.649,0.05421,0.60528,0.6058,0.02686881,0.01151138,-0.0,0.0,0.02683365,0.01151138,3.516117e-05,0.0,0.0,0.0
0.649,0.05409,0.60538,0.6059,0.02688044,0.01156048,-0.0,0.0,0.02684551,0.01156048,3.493675e-05,0.0,0.0,0.0
0.649,0.05397,0.60548,0.606,0.02688862,0.01161,-0.0,0.0,0.02685391,0.01161,3.471317e-05,0.0,0.0,0.0
0.649,0.05384,0.60558,0.6061,0.02689653,0.01165994,-0.0,0.0,0.02686204,0.01165994,3.449045e-05,0.0,0.0,0.0
0.649,0.05372,0.60569,0.6062,0.02690439,0.01171027,-0.0,0.0,0.02687012,0.01171027,3.426857e-05,0.0,0.0,0.0
0.649,0.0536,0.60579,0.6063,0.02691224,0.011761,-0.0,0.0,0.0268782,0.011761,3.404754e-05,0.0,0.0,0.0
0.649,0.05348,0.60589,0.6064,0.02692011,0.01181214,-0.0,0.0,0.02688628,0.01181214,3.382736e-05,0.0,0.0,0.0
0.649,0.05336,0.60599,0.6065,0.02692799,0.01186367,-0.0,0.0,0.02689438,0.01186367,3.360802e-05,0.0,0.0,0.0
0.649,0.05324,0.60609,0.6066,0.0269359,0.01191561,-0.0,0.0,0.02690251,0.01191561,3.338953e-05,0.0,0.0,0.0
0.649,0.05312,0.60619,0.6067,0.02694384,0.01196797,-0.0,0.0,0.02691067,0.01196797,3.317188e-05,0.0,0.0,0.0
0.649,0.05299,0.60629,0.6068,0.02695181,0.01202073,-0.0,0.0,0.02691886,0.01202073,3.295507e-05,0.0,0.0,0.0
0.649,0.05287,0.60639,0.6069,0.02695982,0.01207391,-0.0,0.0,0.02692708,0.01207391,3.27391e-05,0.0,0.0,0.0
0.649,0.05275,0.60649,0.607,0.02696786,0.0121275,-0.0,0.0,0.02693533,0.0121275,3.252397e-05,0.0,0.0,0.0
0.649,0.05263,0.6066,0.6071,0.02699756,0.01218064,-0.0,0.0,0.02696525,0.01218064,3.230969e-05,0.0,0.0,0.0
0.649,0.05251,0.6067,0.6072,0.02700816,0.01223275,-0.0,0.0,0.02697607,0.01223275,3.209624e-05,0.0,0.0,0.0
0.649,0.05239,0.6068,0.6073,0.02701662,0.01228636,-0.0,0.0,0.02698474,0.01228636,3.188363e-05,0.0,0.0,0.0
0.649,0.05227,0.6069,0.6074,0.02702487,0.01234067,-0.0,0.0,0.0269932,0.01234067,3.167186e-05,0.0,0.0,0.0
0.649,0.05214,0.607,0.6075,0.02703307,0.01239554,-0.0,0.0,0.02700161,0.01239554,3.146093e-05,0.0,0.0,0.0
0.649,0.05202,0.6071,0.6076,0.02704126,0.01245094,-0.0,0.0,0.02701001,0.01245094,3.125083e-05,0.0,0.0,0.0
0.649,0.0519,0.6072,0.6077,0.02704946,0.01250684,-0.0,0.0,0.02701842,0.01250684,3.104157e-05,0.0,0.0,0.0
0.649,0.05178,0.6073,0.6078,0.02705768,0.01256322,-0.0,0.0,0.02702685,0.01256322,3.083314e-05,0.0,0.0,0.0
0.649,0.05166,0.6074,0.6079,0.02706593,0.01262009,-0.0,0.0,0.02703531,0.01262009,3.062554e-05,0.0,0.0,0.0
0.649,0.05154,0.60751,0.608,0.02707421,0.01267744,-0.0,0.0,0.0270438,0.01267744,3.041878e-05,0.0,0.0,0.0
0.649,0.05142,0.60761,0.6081,0.02708253,0.01273526,-0.0,0.0,0.02705232,0.01273526,3.021285e-05,0.0,0.0,0.0
0.649,0.05129,0.60771,0.6082,0.02709088,0.01279356,-0.0,0.0,0.02706087,0.01279356,3.000775e-05,0.0,0.0,0.0
0.649,0.05117,0.60781,0.6083,0.02709927,0.01285233,-0.0,0.0,0.02706946,0.01285233,2.980348e-05,0.0,0.0,0.0
0.649,0.05105,0.60791,0.6084,0.02710769,0.01291159,-0.0,0.0,0.02707809,0.01291159,2.960003e-05,0.0,0.0,0.0
0.649,0.05093,0.60801,0.6085,0.02711615,0.01297133,-0.0,0.0,0.02708675,0.01297133,2.939742e-05,0.0,0.0,0.0
0.649,0.05081,0.60811,0.6086,0.02712465,0.01303155,-0.0,0.0,0.02709545,0.01303155,2.919563e-05,0.0,0.0,0.0
0.649,0.05069,0.60821,0.6087,0.02713319,0.01309225,-0.0,0.0,0.02710419,0.01309225,2.899467e-05,0.0,0.0,0.0
0.649,0.05056,0.60832,0.6088,0.02714176,0.01315345,-0.0,0.0,0.02711297,0.01315345,2.879454e-05,0.0,0.0,0.0
0.649,0.05044,0.60842,0.6089,0.02715038,0.01321514,-0.0,0.0,0.02712178,0.01321514,2.859523e-05,0.0,0.0,0.0
0.649,0.05032,0.60852,0.609,0.02715903,0.01327732,-0.0,0.0,0.02713064,0.01327732,2.839674e-05,0.0,0.0,0.0
0.649,0.0502,0.60862,0.6091,0.02716773,0.01334,-0.0,0.0,0.02713953,0.01334,2.819908e-05,0.0,0.0,0.0
0.649,0.05008,0.60872,0.6092,0.02717646,0.01340319,-0.0,0.0,0.02714846,0.01340319,2.800223e-05,0.0,0.0,0.0
0.649,0.04995,0.60882,0.6093,0.02718524,0.01346688,-0.0,0.0,0.02715743,0.01346688,2.780621e-05,0.0,0.0,0.0
0.649,0.04983,0.60892,0.6094,0.02719405,0.01353108,-0.0,0.0,0.02716644,0.01353108,2.761101e-05,0.0,0.0,0.0
0.649,0.04971,0.60902,0.6095,0.0272029,0.01359579,-0.0,0.0,0.02717549,0.01359579,2.741663e-05,0.0,0.0,0.0
0.649,0.04959,0.60912,0.6096,0.0272118,0.01366102,-0.0,0.0,0.02718458,0.01366102,2.722307e-05,0.0,0.0,0.0
0.649,0.04947,0.60923,0.6097,0.02722073,0.01372677,-0.0,0.0,0.0271937,0.01372677,2.703032e-05,0.0,0.0,0.0
0.649,0.04934,0.60933,0.6098,0.02722971,0.01379305,-0.0,0.0,0.02720287,0.01379305,2.683839e-05,0.0,0.0,0.0
0.649,0.04922,0.60943,0.6099,0.02723872,0.01385986,-0.0,0.0,0.02721208,0.01385986,2.664727e-05,0.0,0.0,0.0
0.649,0.0491,0.60953,0.61,0.02725153,0.01392712,-0.0,0.0,0.02722507,0.01392712,2.645697e-05,0.0,0.0,0.0
0.649,0.04898,0.60963,0.6101,0.02726129,0.01399493,-0.0,0.0,0.02723502,0.01399493,2.626749e-05,0.0,0.0,0.0
0.649,0.04886,0.60973,0.6102,0.02727055,0.0140633,-0.0,0.0,0.02724447,0.0140633,2.607881e-05,0.0,0.0,0.0
0.649,0.04873,0.60983,0.6103,0.02727973,0.01413223,-0.0,0.0,0.02725384,0.01413223,2.589095e-05,0.0,0.0,0.0
0.649,0.04861,0.60993,0.6104,0.0272889,0.01420171,-0.0,0.0,0.0272632,0.01420171,2.57039e-05,0.0,0.0,0.0
0.649,0.04849,0.61004,0.6105,0.02729808,0.01427176,-0.0,0.0,0.02727256,0.01427176,2.551766e-05,0.0,0.0,0.0
0.649,0.04837,0.61014,0.6106,0.02730728,0.01434236,-0.0,0.0,0.02728195,0.01434236,2.533223e-05,0.0,0.0,0.0
0.649,0.04825,0.61024,0.6107,0.02731651,0.01441354,-0.0,0.0,0.02729136,0.01441354,2.51476e-05,0.0,0.0,0.0
0.649,0.04812,0.61034,0.6108,0.02732577,0.01448528,-0.0,0.0,0.02730081,0.01448528,2.496379e-05,0.0,0.0,0.0
0.649,0.048,0.61044,0.6109,0.02733507,0.0145576,-0.0,0.0,0.02731029,0.0145576,2.478077e-05,0.0,0.0,0.0
0.649,0.04788,0.61054,0.611,0.02734441,0.01463049,-0.0,0.0,0.02731981,0.01463049,2.459857e-05,0.0,0.0,0.0
0.649,0.04776,0.61064,0.6111,0.02735378,0.01470397,-0.0,0.0,0.02732936,0.01470397,2.441717e-05,0.0,0.0,0.0
0.649,0.04764,0.61074,0.6112,0.02736319,0.01477804,-0.0,0.0,0.02733896,0.01477804,2.423657e-05,0.0,0.0,0.0
0.649,0.04751,0.61084,0.6113,0.02740017,0.01484845,-0.0,0.0,0.02737611,0.01484845,2.405677e-05,0.0,0.0,0.0
0.649,0.04739,0.61095,0.6114,0.02741011,0.01492164,-0.0,0.0,0.02738624,0.01492164,2.387777e-05,0.0,0.0,0.0
0.649,0.04727,0.61105,0.6115,0.02741973,0.01499592,-0.0,0.0,0.02739603,0.01499592,2.369958e-05,0.0,0.0,0.0
0.649,0.04715,0.61115,0.6116,0.02742928,0.01507105,-0.0,0.0,0.02740575,0.01507105,2.352218e-05,0.0,0.0,0.0
0.649,0.04702,0.61125,0.6117,0.0274388,0.01514693,-0.0,0.0,0.02741546,0.01514693,2.334558e-05,0.0,0.0,0.0
0.649,0.0469,0.61135,0.6118,0.02744834,0.01522352,-0.0,0.0,0.02742517,0.01522352,2.316978e-05,0.0,0.0,0.0
0.649,0.04678,0.61145,0.6119,0.02745791,0.01530081,-0.0,0.0,0.02743491,0.01530081,2.299478e-05,0.0,0.0,0.0
0.649,0.04666,0.61155,0.612,0.0274675,0.01537877,-0.0,0.0,0.02744468,0.01537877,2.282057e-05,0.0,0.0,0.0
0.649,0.04653,0.61165,0.6121,0.02747713,0.01545741,-0.0,0.0,0.02745448,0.01545741,2.264715e-05,0.0,0.0,0.0
0.649,0.04641,0.61176,0.6122,0.02748679,0.01553672,-0.0,0.0,0.02746432,0.01553672,2.247453e-05,0.0,0.0,0.0
0.649,0.04629,0.61186,0.6123,0.0274965,0.01561669,-0.0,0.0,0.0274742,0.01561669,2.23027e-05,0.0,0.0,0.0
0.649,0.04617,0.61196,0.6124,0.02750624,0.01569734,-0.0,0.0,0.02748411,0.01569734,2.213166e-05,0.0,0.0,0.0
0.649,0.04604,0.61206,0.6125,0.02751603,0.01577866,-0.0,0.0,0.02749407,0.01577866,2.196142e-05,0.0,0.0,0.0
0.649,0.04592,0.61216,0.6126,0.02752586,0.01586065,-0.0,0.0,0.02750407,0.01586065,2.179196e-05,0.0,0.0,0.0
0.649,0.0458,0.61226,0.6127,0.02753573,0.01594332,-0.0,0.0,0.02751411,0.01594332,2.162328e-05,0.0,0.0,0.0
0.649,0.04568,0.61236,0.6128,0.02754564,0.01602667,-0.0,0.0,0.02752419,0.01602667,2.14554e-05,0.0,0.0,0.0
0.649,0.04555,0.61246,0.6129,0.0275556,0.0161107,-0.0,0.0,0.02753431,0.0161107,2.12883e-05,0.0,0.0,0.0
0.649,0.04543,0.61256,0.613,0.0275656,0.01619542,-0.0,0.0,0.02754448,0.01619542,2.112199e-05,0.0,0.0,0.0
0.649,0.04531,0.61267,0.6131,0.02757564,0.01628084,-0.0,0.0,0.02755469,0.01628084,2.095646e-05,0.0,0.0,0.0
0.649,0.04519,0.61277,0.6132,0.02758573,0.01636695,-0.0,0.0,0.02756494,0.01636695,2.079172e-05,0.0,0.0,0.0
0.649,0.04506,0.61287,0.6133,0.02759586,0.01645376,-0.0,0.0,0.02757524,0.01645376,2.062775e-05,0.0,0.0,0.0
0.649,0.04494,0.61297,0.6134,0.02760604,0.01654128,-0.0,0.0,0.02758558,0.01654128,2.046457e-05,0.0,0.0,0.0
0.649,0.04482,0.61307,0.6135,0.02761626,0.01662952,-0.0,0.0,0.02759596,0.01662952,2.030217e-05,0.0,0.0,0.0
0.649,0.0447,0.61317,0.6136,0.02762653,0.01671847,-0.0,0.0,0.02760639,0.01671847,2.014054e-05,0.0,0.0,0.0
0.649,0.04457,0.61327,0.6137,0.02763684,0.01680814,-0.0,0.0,0.02761686,0.01680814,1.997969e-05,0.0,0.0,0.0
0.649,0.04445,0.61337,0.6138,0.02764719,0.01689855,-0.0,0.0,0.02762737,0.01689855,1.981962e-05,0.0,0.0,0.0
0.649,0.04433,0.61348,0.6139,0.02765759,0.01698968,-0.0,0.0,0.02763793,0.01698968,1.966033e-05,0.0,0.0,0.0
0.649,0.04421,0.61358,0.614,0.02766803,0.01708156,-0.0,0.0,0.02764853,0.01708156,1.950181e-05,0.0,0.0,0.0
0.649,0.04408,0.61368,0.6141,0.02768198,0.01717413,-0.0,0.0,0.02766264,0.01717413,1.934406e-05,0.0,0.0,0.0
0.649,0.04396,0.61378,0.6142,0.02769353,0.01726742,-0.0,0.0,0.02767435,0.01726742,1.918709e-05,0.0,0.0,0.0
0.649,0.04384,0.61388,0.6143,0.02770425,0.01736151,-0.0,0.0,0.02768522,0.01736151,1.903088e-05,0.0,0.0,0.0
0.649,0.04371,0.61398,0.6144,0.02771486,0.01745637,-0.0,0.0,0.02769598,0.01745637,1.887545e-05,0.0,0.0,0.0
0.649,0.04359,0.61408,0.6145,0.02772545,0.017552,-0.0,0.0,0.02770673,0.017552,1.872078e-05,0.0,0.0,0.0
0.649,0.04347,0.61418,0.6146,0.02773606,0.01764841,-0.0,0.0,0.02771749,0.01764841,1.856689e-05,0.0,0.0,0.0
0.649,0.04334,0.61428,0.6147,0.02774669,0.01774561,-0.0,0.0,0.02772828,0.01774561,1.841376e-05,0.0,0.0,0.0
0.649,0.04322,0.61439,0.6148,0.02775736,0.0178436,-0.0,0.0,0.0277391,0.0178436,1.826139e-05,0.0,0.0,0.0
0.649,0.0431,0.61449,0.6149,0.02776806,0.01794239,-0.0,0.0,0.02774995,0.01794239,1.810979e-05,0.0,0.0,0.0
0.649,0.04298,0.61459,0.615,0.02777881,0.01804197,-0.0,0.0,0.02776085,0.01804197,1.795896e-05,0.0,0.0,0.0
0.649,0.04285,0.61469,0.6151,0.02778959,0.01814237,-0.0,0.0,0.02777178,0.01814237,1.780888e-05,0.0,0.0,0.0
0.649,0.04273,0.61479,0.6152,0.02780042,0.01824358,-0.0,0.0,0.02778276,0.01824358,1.765957e-05,0.0,0.0,0.0
0.649,0.04261,0.61489,0.6153,0.02781129,0.01834562,-0.0,0.0,0.02779378,0.01834562,1.751101e-05,0.0,0.0,0.0
0.649,0.04248,0.61499,0.6154,0.02785357,0.01844263,-0.0,0.0,0.02783621,0.01844263,1.736322e-05,0.0,0.0,0.0
0.649,0.04236,0.61509,0.6155,0.02786511,0.01854305,-0.0,0.0,0.02784789,0.01854305,1.721618e-05,0.0,0.0,0.0
0.649,0.04224,0.6152,0.6156,0.0278762,0.01864516,-0.0,0.0,0.02785913,0.01864516,1.70699e-05,0.0,0.0,0.0
0.649,0.04211,0.6153,0.6157,0.0278872,0.0187485,-0.0,0.0,0.02787028,0.0187485,1.692438e-05,0.0,0.0,0.0
0.649,0.04199,0.6154,0.6158,0.02789818,0.01885292,-0.0,0.0,0.0278814,0.01885292,1.677961e-05,0.0,0.0,0.0
0.649,0.04187,0.6155,0.6159,0.02790918,0.01895835,-0.0,0.0,0.02789254,0.01895835,1.663559e-05,0.0,0.0,0.0
0.649,0.04175,0.6156,0.616,0.0279202,0.01906476,-0.0,0.0,0.02790371,0.01906476,1.649233e-05,0.0,0.0,0.0
0.649,0.04162,0.6157,0.6161,0.02793126,0.01917213,-0.0,0.0,0.02791491,0.01917213,1.634981e-05,0.0,0.0,0.0
0.649,0.0415,0.6158,0.6162,0.02794236,0.01928045,-0.0,0.0,0.02792615,0.01928045,1.620805e-05,0.0,0.0,0.0
0.649,0.04138,0.6159,0.6163,0.0279535,0.0193897,-0.0,0.0,0.02793744,0.0193897,1.606703e-05,0.0,0.0,0.0
0.649,0.04125,0.616,0.6164,0.02796469,0.0194999,-0.0,0.0,0.02794876,0.0194999,1.592676e-05,0.0,0.0,0.0
0.649,0.04113,0.61611,0.6165,0.02797592,0.01961104,-0.0,0.0,0.02796013,0.01961104,1.578724e-05,0.0,0.0,0.0
0.649,0.04101,0.61621,0.6166,0.0279872,0.01972311,-0.0,0.0,0.02797155,0.01972311,1.564846e-05,0.0,0.0,0.0
0.649,0.04088,0.61631,0.6167,0.02799852,0.01983613,-0.0,0.0,0.02798301,0.01983613,1.551043e-05,0.0,0.0,0.0
0.649,0.04076,0.61641,0.6168,0.02800989,0.0199501,-0.0,0.0,0.02799452,0.0199501,1.537314e-05,0.0,0.0,0.0
0.649,0.04064,0.61651,0.6169,0.02802132,0.02006502,-0.0,0.0,0.02800608,0.02006502,1.523659e-05,0.0,0.0,0.0
0.649,0.04051,0.61661,0.617,0.02803278,0.0201809,-0.0,0.0,0.02801768,0.0201809,1.510078e-05,0.0,0.0,0.0
0.649,0.04039,0.61671,0.6171,0.0280443,0.02029775,-0.0,0.0,0.02802934,0.02029775,1.496571e-05,0.0,0.0,0.0
0.649,0.04027,0.61681,0.6172,0.02805587,0.02041556,-0.0,0.0,0.02804104,0.02041556,1.483137e-05,0.0,0.0,0.0
0.649,0.04014,0.61692,0.6173,0.02806749,0.02053435,-0.0,0.0,0.02805279,0.02053435,1.469777e-05,0.0,0.0,0.0
0.649,0.04002,0.61702,0.6174,0.02807915,0.02065412,-0.0,0.0,0.02806459,0.02065412,1.456491e-05,0.0,0.0,0.0
0.649,0.03989,0.61712,0.6175,0.02809087,0.02077489,-0.0,0.0,0.02807643,0.02077489,1.443278e-05,0.0,0.0,0.0
0.649,0.03977,0.61722,0.6176,0.02810263,0.02089664,-0.0,0.0,0.02808833,0.02089664,1.430139e-05,0.0,0.0,0.0
0.649,0.03965,0.61732,0.6177,0.02811445,0.02101941,-0.0,0.0,0.02810028,0.02101941,1.417072e-05,0.0,0.0,0.0
0.649,0.03952,0.61742,0.6178,0.02812631,0.02114318,-0.0,0.0,0.02811227,0.02114318,1.404079e-05,0.0,0.0,0.0
0.649,0.0394,0.61752,0.6179,0.02813823,0.02126798,-0.0,0.0,0.02812432,0.02126798,1.391158e-05,0.0,0.0,0.0
0.649,0.03928,0.61762,0.618,0.02815019,0.0213938,-0.0,0.0,0.02813641,0.0213938,1.378311e-05,0.0,0.0,0.0
0.649,0.03915,0.61772,0.6181,0.02816221,0.02152066,-0.0,0.0,0.02814855,0.02152066,1.365536e-05,0.0,0.0,0.0
0.649,0.03903,0.61783,0.6182,0.02817753,0.02164852,-0.0,0.0,0.028164,0.02164852,1.352833e-05,0.0,0.0,0.0
0.649,0.03891,0.61793,0.6183,0.02819087,0.02177739,-0.0,0.0,0.02817747,0.02177739,1.340203e-05,0.0,0.0,0.0
0.649,0.03878,0.61803,0.6184,0.02820315,0.02190736,-0.0,0.0,0.02818987,0.02190736,1.327645e-05,0.0,0.0,0.0
0.649,0.03866,0.61813,0.6185,0.02821532,0.0220384,-0.0,0.0,0.02820217,0.0220384,1.315159e-05,0.0,0.0,0.0
0.649,0.03854,0.61823,0.6186,0.02822747,0.02217053,-0.0,0.0,0.02821444,0.02217053,1.302745e-05,0.0,0.0,0.0
0.649,0.03841,0.61833,0.6187,0.02823964,0.02230375,-0.0,0.0,0.02822674,0.02230375,1.290403e-05,0.0,0.0,0.0
0.649,0.03829,0.61843,0.6188,0.02825185,0.02243807,-0.0,0.0,0.02823907,0.02243807,1.278133e-05,0.0,0.0,0.0
0.649,0.03816,0.61853,0.6189,0.0282641,0.02257349,-0.0,0.0,0.02825144,0.02257349,1.265935e-05,0.0,0.0,0.0
0.649,0.03804,0.61864,0.619,0.02827638,0.02271002,-0.0,0.0,0.02826385,0.02271002,1.253808e-05,0.0,0.0,0.0
0.649,0.03792,0.61874,0.6191,0.02828872,0.02284768,-0.0,0.0,0.0282763,0.02284768,1.241752e-05,0.0,0.0,0.0
0.649,0.03779,0.61884,0.6192,0.0283011,0.02298647,-0.0,0.0,0.0282888,0.02298647,1.229767e-05,0.0,0.0,0.0
0.649,0.03767,0.61894,0.6193,0.02831353,0.0231264,-0.0,0.0,0.02830135,0.0231264,1.217854e-05,0.0,0.0,0.0
0.649,0.03754,0.61904,0.6194,0.02832602,0.02326748,-0.0,0.0,0.02831396,0.02326748,1.206012e-05,0.0,0.0,0.0
0.649,0.03742,0.61914,0.6195,0.02837431,0.02340116,-0.0,0.0,0.02836236,0.02340116,1.19424e-05,0.0,0.0,0.0
0.649,0.0373,0.61924,0.6196,0.02838748,0.02353963,-0.0,0.0,0.02837565,0.02353963,1.182539e-05,0.0,0.0,0.0
0.649,0.03717,0.61934,0.6197,0.02840017,0.02368058,-0.0,0.0,0.02838846,0.02368058,1.170909e-05,0.0,0.0,0.0
0.649,0.03705,0.61944,0.6198,0.02841277,0.0238233,-0.0,0.0,0.02840117,0.0238233,1.159349e-05,0.0,0.0,0.0
0.649,0.03692,0.61955,0.6199,0.02842535,0.02396756,-0.0,0.0,0.02841387,0.02396756,1.147859e-05,0.0,0.0,0.0
0.649,0.0368,0.61965,0.62,0.02843795,0.02411324,-0.0,0.0,0.02842659,0.02411324,1.136439e-05,0.0,0.0,0.0
0.649,0.03668,0.61975,0.6201,0.02845059,0.02426031,-0.0,0.0,0.02843933,0.02426031,1.12509e-05,0.0,0.0,0.0
0.649,0.03655,0.61985,0.6202,0.02846326,0.02440872,-0.0,0.0,0.02845212,0.02440872,1.11381e-05,0.0,0.0,0.0
0.649,0.03643,0.61995,0.6203,0.02847598,0.02455847,-0.0,0.0,0.02846496,0.02455847,1.1026e-05,0.0,0.0,0.0
0.649,0.0363,0.62005,0.6204,0.02848876,0.02470955,-0.0,0.0,0.02847784,0.02470955,1.09146e-05,0.0,0.0,0.0
0.649,0.03618,0.62015,0.6205,0.02850158,0.02486194,-0.0,0.0,0.02849078,0.02486194,1.080389e-05,0.0,0.0,0.0
0.649,0.03606,0.62025,0.6206,0.02851445,0.02501565,-0.0,0.0,0.02850376,0.02501565,1.069387e-05,0.0,0.0,0.0
0.649,0.03593,0.62036,0.6207,0.02852738,0.02517068,-0.0,0.0,0.0285168,0.02517068,1.058455e-05,0.0,0.0,0.0
0.649,0.03581,0.62046,0.6208,0.02854036,0.02532704,-0.0,0.0,0.02852989,0.02532704,1.047591e-05,0.0,0.0,0.0
0.649,0.03568,0.62056,0.6209,0.0285534,0.02548473,-0.0,0.0,0.02854303,0.02548473,1.036797e-05,0.0,0.0,0.0
0.649,0.03556,0.62066,0.621,0.02856649,0.02564376,-0.0,0.0,0.02855623,0.02564376,1.026071e-05,0.0,0.0,0.0
0.649,0.03544,0.62076,0.6211,0.02857964,0.02580413,-0.0,0.0,0.02856948,0.02580413,1.015414e-05,0.0,0.0,0.0
0.649,0.03531,0.62086,0.6212,0.02859284,0.02596585,-0.0,0.0,0.02858279,0.02596585,1.004825e-05,0.0,0.0,0.0
0.649,0.03519,0.62096,0.6213,0.0286061,0.02612894,-0.0,0.0,0.02859615,0.02612894,9.943052e-06,0.0,0.0,0.0
0.649,0.03506,0.62106,0.6214,0.02861941,0.02629339,-0.0,0.0,0.02860957,0.02629339,9.83853e-06,0.0,0.0,0.0
0.649,0.03494,0.62117,0.6215,0.02863278,0.02645923,-0.0,0.0,0.02862304,0.02645923,9.734689e-06,0.0,0.0,0.0
0.649,0.03481,0.62127,0.6216,0.0286462,0.02662645,-0.0,0.0,0.02863657,0.02662645,9.631526e-06,0.0,0.0,0.0
0.649,0.03469,0.62137,0.6217,0.02865968,0.02679507,-0.0,0.0,0.02865015,0.02679507,9.529041e-06,0.0,0.0,0.0
0.649,0.03457,0.62147,0.6218,0.02867322,0.0269651,-0.0,0.0,0.02866379,0.0269651,9.427232e-06,0.0,0.0,0.0
0.649,0.03444,0.62157,0.6219,0.02868681,0.02713655,-0.0,0.0,0.02867749,0.02713655,9.326097e-06,0.0,0.0,0.0
0.649,0.03432,0.62167,0.622,0.02870046,0.02730943,-0.0,0.0,0.02869124,0.02730943,9.225636e-06,0.0,0.0,0.0
0.649,0.03419,0.62177,0.6221,0.02871417,0.02748375,-0.0,0.0,0.02870505,0.02748375,9.125846e-06,0.0,0.0,0.0
0.649,0.03407,0.62187,0.6222,0.02872794,0.02765953,-0.0,0.0,0.02871891,0.02765953,9.026725e-06,0.0,0.0,0.0
0.649,0.03394,0.62197,0.6223,0.02874523,0.02783673,-0.0,0.0,0.0287363,0.02783673,8.928274e-06,0.0,0.0,0.0
0.649,0.03382,0.62208,0.6224,0.02876004,0.02801538,-0.0,0.0,0.02875121,0.02801538,8.830489e-06,0.0,0.0,0.0
0.649,0.03369,0.62218,0.6225,0.02877402,0.02819555,-0.0,0.0,0.02876528,0.02819555,8.73337e-06,0.0,0.0,0.0
0.649,0.03357,0.62228,0.6226,0.0287879,0.02837723,-0.0,0.0,0.02877926,0.02837723,8.636915e-06,0.0,0.0,0.0
0.649,0.03345,0.62238,0.6227,0.02880178,0.02856042,-0.0,0.0,0.02879324,0.02856042,8.541122e-06,0.0,0.0,0.0
0.649,0.03332,0.62248,0.6228,0.02881569,0.02874514,-0.0,0.0,0.02880725,0.02874514,8.44599e-06,0.0,0.0,0.0
0.649,0.0332,0.62258,0.6229,0.02882965,0.02893141,-0.0,0.0,0.0288213,0.02893141,8.351518e-06,0.0,0.0,0.0
0.649,0.03307,0.62268,0.623,0.02884365,0.02911922,-0.0,0.0,0.02883539,0.02911922,8.257703e-06,0.0,0.0,0.0
0.649,0.03295,0.62278,0.6231,0.02885771,0.0293086,-0.0,0.0,0.02884954,0.0293086,8.164545e-06,0.0,0.0,0.0
0.649,0.03282,0.62289,0.6232,0.02887181,0.02949956,-0.0,0.0,0.02886374,0.02949956,8.072042e-06,0.0,0.0,0.0
0.649,0.0327,0.62299,0.6233,0.02888598,0.02969211,-0.0,0.0,0.028878,0.02969211,7.980191e-06,0.0,0.0,0.0
0.649,0.03257,0.62309,0.6234,0.0289002,0.02988626,-0.0,0.0,0.02889231,0.02988626,7.888993e-06,0.0,0.0,0.0
0.649,0.03245,0.62319,0.6235,0.02891448,0.03008203,-0.0,0.0,0.02890668,0.03008203,7.798444e-06,0.0,0.0,0.0
0.649,0.03232,0.62329,0.6236,0.02896958,0.03026602,-0.0,0.0,0.02896187,0.03026602,7.708544e-06,0.0,0.0,0.0
0.649,0.0322,0.62339,0.6237,0.02898445,0.03045802,-0.0,0.0,0.02897683,0.03045802,7.619291e-06,0.0,0.0,0.0
0.649,0.03207,0.62349,0.6238,0.0289989,0.03065345,-0.0,0.0,0.02899137,0.03065345,7.530683e-06,0.0,0.0,0.0
0.649,0.03195,0.62359,0.6239,0.02901326,0.03085135,-0.0,0.0,0.02900582,0.03085135,7.442718e-06,0.0,0.0,0.0
0.649,0.03183,0.62369,0.624,0.02902763,0.03105143,-0.0,0.0,0.02902027,0.03105143,7.355396e-06,0.0,0.0,0.0
0.649,0.0317,0.6238,0.6241,0.02904202,0.03125352,-0.0,0.0,0.02903475,0.03125352,7.268714e-06,0.0,0.0,0.0
0.649,0.03158,0.6239,0.6242,0.02905645,0.03145757,-0.0,0.0,0.02904927,0.03145757,7.182671e-06,0.0,0.0,0.0
0.649,0.03145,0.624,0.6243,0.02907094,0.03166352,-0.0,0.0,0.02906384,0.03166352,7.097265e-06,0.0,0.0,0.0
0.649,0.03133,0.6241,0.6244,0.02908548,0.03187135,-0.0,0.0,0.02907846,0.03187135,7.012495e-06,0.0,0.0,0.0
0.649,0.0312,0.6242,0.6245,0.02910007,0.03208105,-0.0,0.0,0.02909314,0.03208105,6.928359e-06,0.0,0.0,0.0
0.649,0.03108,0.6243,0.6246,0.02911473,0.03229262,-0.0,0.0,0.02910788,0.03229262,6.844855e-06,0.0,0.0,0.0
0.649,0.03095,0.6244,0.6247,0.02912945,0.03250604,-0.0,0.0,0.02912268,0.03250604,6.761981e-06,0.0,0.0,0.0
0.649,0.03083,0.6245,0.6248,0.02914422,0.03272133,-0.0,0.0,0.02913754,0.03272133,6.679737e-06,0.0,0.0,0.0
0.649,0.0307,0.62461,0.6249,0.02915906,0.03293849,-0.0,0.0,0.02915247,0.03293849,6.598119e-06,0.0,0.0,0.0
0.649,0.03058,0.62471,0.625,0.02917397,0.03315753,-0.0,0.0,0.02916745,0.03315753,6.517128e-06,0.0,0.0,0.0
0.649,0.03045,0.62481,0.6251,0.02918893,0.03337846,-0.0,0.0,0.02918249,0.03337846,6.43676e-06,0.0,0.0,0.0
0.649,0.03033,0.62491,0.6252,0.02920396,0.03360129,-0.0,0.0,0.0291976,0.03360129,6.357015e-06,0.0,0.0,0.0
0.649,0.0302,0.62501,0.6253,0.02921905,0.03382603,-0.0,0.0,0.02921277,0.03382603,6.27789e-06,0.0,0.0,0.0
0.649,0.03008,0.62511,0.6254,0.02923421,0.03405268,-0.0,0.0,0.02922801,0.03405268,6.199384e-06,0.0,0.0,0.0
0.649,0.02995,0.62521,0.6255,0.02924942,0.03428128,-0.0,0.0,0.0292433,0.03428128,6.121495e-06,0.0,0.0,0.0
0.649,0.02983,0.62531,0.6256,0.02926471,0.03451182,-0.0,0.0,0.02925866,0.03451182,6.044221e-06,0.0,0.0,0.0
0.649,0.0297,0.62542,0.6257,0.02928005,0.03474432,-0.0,0.0,0.02927408,0.03474432,5.967561e-06,0.0,0.0,0.0
0.649,0.02958,0.62552,0.6258,0.02929546,0.03497881,-0.0,0.0,0.02928957,0.03497881,5.891513e-06,0.0,0.0,0.0
0.649,0.02945,0.62562,0.6259,0.02931094,0.03521528,-0.0,0.0,0.02930512,0.03521528,5.816075e-06,0.0,0.0,0.0
0.649,0.02933,0.62572,0.626,0.02932648,0.03545377,-0.0,0.0,0.02932074,0.03545377,5.741245e-06,0.0,0.0,0.0
0.649,0.0292,0.62582,0.6261,0.02934208,0.03569428,-0.0,0.0,0.02933641,0.03569428,5.667023e-06,0.0,0.0,0.0
0.649,0.02907,0.62592,0.6262,0.02935775,0.03593683,-0.0,0.0,0.02935216,0.03593683,5.593405e-06,0.0,0.0,0.0
0.649,0.02895,0.62602,0.6263,0.02937348,0.03618143,-0.0,0.0,0.02936796,0.03618143,5.52039e-06,0.0,0.0,0.0
0.649,0.02882,0.62612,0.6264,0.02939302,0.03642807,-0.0,0.0,0.02938757,0.03642807,5.447976e-06,0.0,0.0,0.0
0.649,0.0287,0.62622,0.6265,0.02940934,0.03667679,-0.0,0.0,0.02940396,0.03667679,5.376162e-06,0.0,0.0,0.0
0.649,0.02857,0.62633,0.6266,0.02942519,0.03692764,-0.0,0.0,0.02941989,0.03692764,5.304946e-06,0.0,0.0,0.0
0.649,0.02845,0.62643,0.6267,0.02944099,0.03718063,-0.0,0.0,0.02943576,0.03718063,5.234326e-06,0.0,0.0,0.0
0.649,0.02832,0.62653,0.6268,0.02945682,0.03743576,-0.0,0.0,0.02945166,0.03743576,5.1643e-06,0.0,0.0,0.0
0.649,0.0282,0.62663,0.6269,0.02947269,0.03769306,-0.0,0.0,0.02946759,0.03769306,5.094866e-06,0.0,0.0,0.0
0.649,0.02807,0.62673,0.627,0.02948861,0.03795255,-0.0,0.0,0.02948359,0.03795255,5.026022e-06,0.0,0.0,0.0
0.649,0.02795,0.62683,0.6271,0.0295046,0.03821423,-0.0,0.0,0.02949964,0.03821423,4.957767e-06,0.0,0.0,0.0
0.649,0.02782,0.62693,0.6272,0.02952064,0.03847814,-0.0,0.0,0.02951575,0.03847814,4.8901e-06,0.0,0.0,0.0
0.649,0.0277,0.62703,0.6273,0.02953675,0.03874429,-0.0,0.0,0.02953193,0.03874429,4.823016e-06,0.0,0.0,0.0
0.649,0.02757,0.62714,0.6274,0.02955292,0.0390127,-0.0,0.0,0.02954817,0.0390127,4.756516e-06,0.0,0.0,0.0
0.649,0.02744,0.62724,0.6275,0.02956916,0.03928338,-0.0,0.0,0.02956447,0.03928338,4.690598e-06,0.0,0.0,0.0
0.649,0.02732,0.62734,0.6276,0.02958547,0.03955637,-0.0,0.0,0.02958085,0.03955637,4.625258e-06,0.0,0.0,0.0
0.649,0.02719,0.62744,0.6277,0.0296482,0.03980967,-0.0,0.0,0.02964364,0.03980967,4.560496e-06,0.0,0.0,0.0
0.649,0.02707,0.62754,0.6278,0.0296649,0.04007772,-0.0,0.0,0.02966041,0.04007772,4.49631e-06,0.0,0.0,0.0
0.649,0.02694,0.62764,0.6279,0.02968131,0.04035028,-0.0,0.0,0.02967688,0.04035028,4.432697e-06,0.0,0.0,0.0
0.649,0.02682,0.62774,0.628,0.02969766,0.04062628,-0.0,0.0,0.02969329,0.04062628,4.369656e-06,0.0,0.0,0.0
0.649,0.02669,0.62784,0.6281,0.02971403,0.04090534,-0.0,0.0,0.02970972,0.04090534,4.307184e-06,0.0,0.0,0.0
0.649,0.02657,0.62795,0.6282,0.02973044,0.04118726,-0.0,0.0,0.0297262,0.04118726,4.245281e-06,0.0,0.0,0.0
0.649,0.02644,0.62805,0.6283,0.02974691,0.04147195,-0.0,0.0,0.02974272,0.04147195,4.183943e-06,0.0,0.0,0.0
0.649,0.02631,0.62815,0.6284,0.02976344,0.04175936,-0.0,0.0,0.02975931,0.04175936,4.12317e-06,0.0,0.0,0.0
0.649,0.02619,0.62825,0.6285,0.02978003,0.04204945,-0.0,0.0,0.02977597,0.04204945,4.062958e-06,0.0,0.0,0.0
0.649,0.02606,0.62835,0.6286,0.02979669,0.04234221,-0.0,0.0,0.02979269,0.04234221,4.003307e-06,0.0,0.0,0.0
0.649,0.02594,0.62845,0.6287,0.02981342,0.04263763,-0.0,0.0,0.02980948,0.04263763,3.944214e-06,0.0,0.0,0.0
0.649,0.02581,0.62855,0.6288,0.02983022,0.04293572,-0.0,0.0,0.02982634,0.04293572,3.885676e-06,0.0,0.0,0.0
0.649,0.02569,0.62865,0.6289,0.02984709,0.04323647,-0.0,0.0,0.02984327,0.04323647,3.827693e-06,0.0,0.0,0.0
0.649,0.02556,0.62876,0.629,0.02986404,0.04353991,-0.0,0.0,0.02986027,0.04353991,3.770262e-06,0.0,0.0,0.0
0.649,0.02543,0.62886,0.6291,0.02988105,0.04384603,-0.0,0.0,0.02987734,0.04384603,3.713381e-06,0.0,0.0,0.0
0.649,0.02531,0.62896,0.6292,0.02989814,0.04415486,-0.0,0.0,0.02989448,0.04415486,3.657049e-06,0.0,0.0,0.0
0.649,0.02518,0.62906,0.6293,0.0299153,0.04446641,-0.0,0.0,0.0299117,0.04446641,3.601262e-06,0.0,0.0,0.0
0.649,0.02506,0.62916,0.6294,0.02993253,0.04478071,-0.0,0.0,0.02992898,0.04478071,3.54602e-06,0.0,0.0,0.0
0.649,0.02493,0.62926,0.6295,0.02994983,0.04509776,-0.0,0.0,0.02994634,0.04509776,3.491319e-06,0.0,0.0,0.0
0.649,0.0248,0.62936,0.6296,0.02996721,0.0454176,-0.0,0.0,0.02996377,0.0454176,3.437158e-06,0.0,0.0,0.0
0.649,0.02468,0.62946,0.6297,0.02998466,0.04574024,-0.0,0.0,0.02998128,0.04574024,3.383536e-06,0.0,0.0,0.0
0.649,0.02455,0.62956,0.6298,0.03000219,0.04606571,-0.0,0.0,0.02999886,0.04606571,3.330449e-06,0.0,0.0,0.0
0.649,0.02443,0.62967,0.6299,0.03001978,0.04639402,-0.0,0.0,0.03001651,0.04639402,3.277895e-06,0.0,0.0,0.0
0.649,0.0243,0.62977,0.63,0.03003745,0.0467252,-0.0,0.0,0.03003423,0.0467252,3.225874e-06,0.0,0.0,0.0
0.649,0.02417,0.62987,0.6301,0.0300552,0.04705929,-0.0,0.0,0.03005202,0.04705929,3.174382e-06,0.0,0.0,0.0
0.649,0.02405,0.62997,0.6302,0.03007302,0.04739629,-0.0,0.0,0.03006989,0.04739629,3.123417e-06,0.0,0.0,0.0
0.649,0.02392,0.63007,0.6303,0.03009091,0.04773624,-0.0,0.0,0.03008783,0.04773624,3.072978e-06,0.0,0.0,0.0
0.649,0.0238,0.63017,0.6304,0.03010887,0.04807917,-0.0,0.0,0.03010585,0.04807917,3.023062e-06,0.0,0.0,0.0
0.649,0.02367,0.63027,0.6305,0.03013061,0.04842504,-0.0,0.0,0.03012764,0.04842504,2.973667e-06,0.0,0.0,0.0
0.649,0.02354,0.63037,0.6306,0.03014878,0.04877396,-0.0,0.0,0.03014586,0.04877396,2.924791e-06,0.0,0.0,0.0
0.649,0.02342,0.63048,0.6307,0.03016675,0.04912595,-0.0,0.0,0.03016388,0.04912595,2.876432e-06,0.0,0.0,0.0
0.649,0.02329,0.63058,0.6308,0.03018473,0.04948103,-0.0,0.0,0.0301819,0.04948103,2.828587e-06,0.0,0.0,0.0
0.649,0.02317,0.63068,0.6309,0.03020275,0.04983922,-0.0,0.0,0.03019997,0.04983922,2.781255e-06,0.0,0.0,0.0
0.649,0.02304,0.63078,0.631,0.03022083,0.05020056,-0.0,0.0,0.0302181,0.05020056,2.734433e-06,0.0,0.0,0.0
0.649,0.02291,0.63088,0.6311,0.03023898,0.05056507,-0.0,0.0,0.0302363,0.05056507,2.688119e-06,0.0,0.0,0.0
0.649,0.02279,0.63098,0.6312,0.03025721,0.05093279,-0.0,0.0,0.03025457,0.05093279,2.642311e-06,0.0,0.0,0.0
0.649,0.02266,0.63108,0.6313,0.03027551,0.05130374,-0.0,0.0,0.03027291,0.05130374,2.597007e-06,0.0,0.0,0.0
0.649,0.02254,0.63118,0.6314,0.03029388,0.05167795,-0.0,0.0,0.03029133,0.05167795,2.552204e-06,0.0,0.0,0.0
0.649,0.02241,0.63129,0.6315,0.03031233,0.05205546,-0.0,0.0,0.03030982,0.05205546,2.5079e-06,0.0,0.0,0.0
0.649,0.02228,0.63139,0.6316,0.03033086,0.05243631,-0.0,0.0,0.0303284,0.05243631,2.464093e-06,0.0,0.0,0.0
0.649,0.02216,0.63149,0.6317,0.03040032,0.05280404,-0.0,0.0,0.0303979,0.05280404,2.420781e-06,0.0,0.0,0.0
0.649,0.02203,0.63159,0.6318,0.03042058,0.05317141,-0.0,0.0,0.0304182,0.05317141,2.377961e-06,0.0,0.0,0.0
0.649,0.0219,0.63169,0.6319,0.03043936,0.05354972,-0.0,0.0,0.03043702,0.05354972,2.335632e-06,0.0,0.0,0.0
0.649,0.02178,0.63179,0.632,0.03045797,0.05393394,-0.0,0.0,0.03045567,0.05393394,2.29379e-06,0.0,0.0,0.0
0.649,0.02165,0.63189,0.6321,0.03047656,0.05432298,-0.0,0.0,0.03047431,0.05432298,2.252434e-06,0.0,0.0,0.0
0.649,0.02152,0.63199,0.6322,0.0304952,0.05471638,-0.0,0.0,0.03049299,0.05471638,2.211561e-06,0.0,0.0,0.0
0.649,0.0214,0.63209,0.6323,0.03051389,0.05511394,-0.0,0.0,0.03051172,0.05511394,2.171169e-06,0.0,0.0,0.0
0.649,0.02127,0.6322,0.6324,0.03053265,0.05551554,-0.0,0.0,0.03053052,0.05551554,2.131256e-06,0.0,0.0,0.0
0.649,0.02114,0.6323,0.6325,0.03055149,0.05592111,-0.0,0.0,0.0305494,0.05592111,2.091819e-06,0.0,0.0,0.0
0.649,0.02102,0.6324,0.6326,0.0305704,0.05633063,-0.0,0.0,0.03056835,0.05633063,2.052855e-06,0.0,0.0,0.0
0.649,0.02089,0.6325,0.6327,0.03058939,0.05674407,-0.0,0.0,0.03058738,0.05674407,2.014364e-06,0.0,0.0,0.0
0.649,0.02077,0.6326,0.6328,0.03060846,0.05716145,-0.0,0.0,0.03060649,0.05716145,1.976342e-06,0.0,0.0,0.0
0.649,0.02064,0.6327,0.6329,0.03062762,0.05758276,-0.0,0.0,0.03062568,0.05758276,1.938786e-06,0.0,0.0,0.0
0.649,0.02051,0.6328,0.633,0.03064685,0.05800803,-0.0,0.0,0.03064495,0.05800803,1.901696e-06,0.0,0.0,0.0
0.649,0.02039,0.6329,0.6331,0.03066616,0.05843728,-0.0,0.0,0.0306643,0.05843728,1.865067e-06,0.0,0.0,0.0
0.649,0.02026,0.63301,0.6332,0.03068556,0.05887053,-0.0,0.0,0.03068373,0.05887053,1.828898e-06,0.0,0.0,0.0
0.649,0.02013,0.63311,0.6333,0.03070503,0.05930782,-0.0,0.0,0.03070324,0.05930782,1.793186e-06,0.0,0.0,0.0
0.649,0.02001,0.63321,0.6334,0.03072459,0.05974917,-0.0,0.0,0.03072284,0.05974917,1.757929e-06,0.0,0.0,0.0
0.649,0.01988,0.63331,0.6335,0.03074423,0.06019461,-0.0,0.0,0.03074251,0.06019461,1.723124e-06,0.0,0.0,0.0
0.649,0.01975,0.63341,0.6336,0.03076396,0.06064419,-0.0,0.0,0.03076227,0.06064419,1.688769e-06,0.0,0.0,0.0
0.649,0.01963,0.63351,0.6337,0.03078376,0.06109795,-0.0,0.0,0.03078211,0.06109795,1.654862e-06,0.0,0.0,0.0
0.649,0.0195,0.63361,0.6338,0.03080365,0.06155591,-0.0,0.0,0.03080203,0.06155591,1.6214e-06,0.0,0.0,0.0
0.649,0.01937,0.63371,0.6339,0.03082362,0.06201813,-0.0,0.0,0.03082203,0.06201813,1.58838e-06,0.0,0.0,0.0
0.649,0.01925,0.63382,0.634,0.03084367,0.06248464,-0.0,0.0,0.03084211,0.06248464,1.555801e-06,0.0,0.0,0.0
0.649,0.01912,0.63392,0.6341,0.0308638,0.06295549,-0.0,0.0,0.03086228,0.06295549,1.523659e-06,0.0,0.0,0.0
0.649,0.01899,0.63402,0.6342,0.03088402,0.06343073,-0.0,0.0,0.03088252,0.06343073,1.491952e-06,0.0,0.0,0.0
0.649,0.01886,0.63412,0.6343,0.03090431,0.0639104,-0.0,0.0,0.03090285,0.0639104,1.460677e-06,0.0,0.0,0.0
0.649,0.01874,0.63422,0.6344,0.03092469,0.06439454,-0.0,0.0,0.03092326,0.06439454,1.429832e-06,0.0,0.0,0.0
0.649,0.01861,0.63432,0.6345,0.03094515,0.06488322,-0.0,0.0,0.03094376,0.06488322,1.399415e-06,0.0,0.0,0.0
0.649,0.01848,0.63442,0.6346,0.03096895,0.06537642,-0.0,0.0,0.03096758,0.06537642,1.369423e-06,0.0,0.0,0.0
0.649,0.01836,0.63452,0.6347,0.03098932,0.06587429,-0.0,0.0,0.03098798,0.06587429,1.339853e-06,0.0,0.0,0.0
0.649,0.01823,0.63463,0.6348,0.03100966,0.06637684,-0.0,0.0,0.03100835,0.06637684,1.310702e-06,0.0,0.0,0.0
0.649,0.0181,0.63473,0.6349,0.03103005,0.06688412,-0.0,0.0,0.03102877,0.06688412,1.281969e-06,0.0,0.0,0.0
0.649,0.01798,0.63483,0.635,0.03105052,0.0673962,-0.0,0.0,0.03104927,0.0673962,1.253651e-06,0.0,0.0,0.0
0.649,0.01785,0.63493,0.6351,0.03107106,0.06791312,-0.0,0.0,0.03106984,0.06791312,1.225744e-06,0.0,0.0,0.0
0.649,0.01772,0.63503,0.6352,0.03109169,0.06843495,-0.0,0.0,0.03109049,0.06843495,1.198246e-06,0.0,0.0,0.0
0.649,0.01759,0.63513,0.6353,0.0311124,0.06896174,-0.0,0.0,0.03111123,0.06896174,1.171155e-06,0.0,0.0,0.0
0.649,0.01747,0.63523,0.6354,0.03113319,0.06949356,-0.0,0.0,0.03113205,0.06949356,1.144469e-06,0.0,0.0,0.0
0.649,0.01734,0.63533,0.6355,0.03115407,0.07003045,-0.0,0.0,0.03115296,0.07003045,1.118183e-06,0.0,0.0,0.0
0.649,0.01721,0.63544,0.6356,0.03117504,0.0705725,-0.0,0.0,0.03117395,0.0705725,1.092296e-06,0.0,0.0,0.0
0.649,0.01709,0.63554,0.6357,0.03119609,0.07111975,-0.0,0.0,0.03119502,0.07111975,1.066805e-06,0.0,0.0,0.0
0.649,0.01696,0.63564,0.6358,0.03127578,0.07163399,-0.0,0.0,0.03127474,0.07163399,1.041708e-06,0.0,0.0,0.0
0.649,0.01683,0.63574,0.6359,0.03129741,0.0721692,-0.0,0.0,0.03129639,0.0721692,1.017001e-06,0.0,0.0,0.0
0.649,0.01671,0.63584,0.636,0.0313185,0.0727159,-0.0,0.0,0.03131751,0.0727159,9.926819e-07,0.0,0.0,0.0
0.649,0.01658,0.63594,0.6361,0.03133953,0.07327074,-0.0,0.0,0.03133856,0.07327074,9.687481e-07,0.0,0.0,0.0
0.649,0.01645,0.63604,0.6362,0.03136058,0.07383269,-0.0,0.0,0.03135963,0.07383269,9.451967e-07,0.0,0.0,0.0
0.649,0.01632,0.63614,0.6363,0.03138168,0.07440131,-0.0,0.0,0.03138076,0.07440131,9.22025e-07,0.0,0.0,0.0
0.649,0.0162,0.63624,0.6364,0.03140286,0.07497636,-0.0,0.0,0.03140196,0.07497636,8.992302e-07,0.0,0.0,0.0
0.649,0.01607,0.63635,0.6365,0.03142412,0.07555774,-0.0,0.0,0.03142324,0.07555774,8.768096e-07,0.0,0.0,0.0
0.649,0.01594,0.63645,0.6366,0.03144546,0.07614541,-0.0,0.0,0.03144461,0.07614541,8.547604e-07,0.0,0.0,0.0
0.649,0.01581,0.63655,0.6367,0.03146689,0.07673936,-0.0,0.0,0.03146605,0.07673936,8.330798e-07,0.0,0.0,0.0
0.649,0.01569,0.63665,0.6368,0.0314884,0.07733961,-0.0,0.0,0.03148759,0.07733961,8.11765e-07,0.0,0.0,0.0
0.649,0.01556,0.63675,0.6369,0.03151,0.07794618,-0.0,0.0,0.0315092,0.07794618,7.908131e-07,0.0,0.0,0.0
0.649,0.01543,0.63685,0.637,0.03153168,0.07855912,-0.0,0.0,0.03153091,0.07855912,7.702215e-07,0.0,0.0,0.0
0.649,0.0153,0.63695,0.6371,0.03155345,0.0791785,-0.0,0.0,0.0315527,0.0791785,7.499871e-07,0.0,0.0,0.0
0.649,0.01518,0.63705,0.6372,0.03157531,0.07980437,-0.0,0.0,0.03157458,0.07980437,7.301072e-07,0.0,0.0,0.0
0.649,0.01505,0.63716,0.6373,0.03159725,0.08043681,-0.0,0.0,0.03159654,0.08043681,7.105789e-07,0.0,0.0,0.0
0.649,0.01492,0.63726,0.6374,0.03161927,0.0810759,-0.0,0.0,0.03161858,0.0810759,6.913994e-07,0.0,0.0,0.0
0.649,0.01479,0.63736,0.6375,0.03164139,0.08172171,-0.0,0.0,0.03164071,0.08172171,6.725657e-07,0.0,0.0,0.0
0.649,0.01467,0.63746,0.6376,0.03166358,0.08237433,-0.0,0.0,0.03166293,0.08237433,6.540751e-07,0.0,0.0,0.0
0.649,0.01454,0.63756,0.6377,0.03168587,0.08303386,-0.0,0.0,0.03168523,0.08303386,6.359244e-07,0.0,0.0,0.0
0.649,0.01441,0.63766,0.6378,0.03170823,0.08370039,-0.0,0.0,0.03170761,0.08370039,6.18111e-07,0.0,0.0,0.0
0.649,0.01428,0.63776,0.6379,0.03173068,0.08437401,-0.0,0.0,0.03173008,0.08437401,6.006318e-07,0.0,0.0,0.0
0.649,0.01416,0.63786,0.638,0.03175321,0.08505484,-0.0,0.0,0.03175263,0.08505484,5.834839e-07,0.0,0.0,0.0
0.649,0.01403,0.63797,0.6381,0.03177583,0.08574298,-0.0,0.0,0.03177526,0.08574298,5.666643e-07,0.0,0.0,0.0
0.649,0.0139,0.63807,0.6382,0.03179853,0.08643854,-0.0,0.0,0.03179798,0.08643854,5.501701e-07,0.0,0.0,0.0
0.649,0.01377,0.63817,0.6383,0.0318213,0.08714163,-0.0,0.0,0.03182077,0.08714163,5.339984e-07,0.0,0.0,0.0
0.649,0.01365,0.63827,0.6384,0.03184416,0.08785238,-0.0,0.0,0.03184365,0.08785238,5.181461e-07,0.0,0.0,0.0
0.649,0.01352,0.63837,0.6385,0.0318671,0.08857091,-0.0,0.0,0.0318666,0.08857091,5.026103e-07,0.0,0.0,0.0
0.649,0.01339,0.63847,0.6386,0.03189271,0.08929732,-0.0,0.0,0.03189222,0.08929732,4.87388e-07,0.0,0.0,0.0
0.649,0.01326,0.63857,0.6387,0.03191553,0.09003178,-0.0,0.0,0.03191506,0.09003178,4.724761e-07,0.0,0.0,0.0
0.649,0.01314,0.63867,0.6388,0.03193822,0.09077441,-0.0,0.0,0.03193777,0.09077441,4.578716e-07,0.0,0.0,0.0
0.649,0.01301,0.63878,0.6389,0.03196097,0.09152536,-0.0,0.0,0.03196052,0.09152536,4.435715e-07,0.0,0.0,0.0
0.649,0.01288,0.63888,0.639,0.03198379,0.09228476,-0.0,0.0,0.03198336,0.09228476,4.295728e-07,0.0,0.0,0.0
0.649,0.01275,0.63898,0.6391,0.03200669,0.09305278,-0.0,0.0,0.03200627,0.09305278,4.158724e-07,0.0,0.0,0.0
0.649,0.01262,0.63908,0.6392,0.03202967,0.09382955,-0.0,0.0,0.03202927,0.09382955,4.024672e-07,0.0,0.0,0.0
0.649,0.0125,0.63918,0.6393,0.03205274,0.09461525,-0.0,0.0,0.03205235,0.09461525,3.893542e-07,0.0,0.0,0.0
0.649,0.01237,0.63928,0.6394,0.03207589,0.09541004,-0.0,0.0,0.03207551,0.09541004,3.765303e-07,0.0,0.0,0.0
0.649,0.01224,0.63938,0.6395,0.03209912,0.09621409,-0.0,0.0,0.03209875,0.09621409,3.639924e-07,0.0,0.0,0.0
0.649,0.01211,0.63948,0.6396,0.03212243,0.09702757,-0.0,0.0,0.03212208,0.09702757,3.517373e-07,0.0,0.0,0.0
0.649,0.01198,0.63959,0.6397,0.03214581,0.09785068,-0.0,0.0,0.03214547,0.09785068,3.39762e-07,0.0,0.0,0.0
0.649,0.01186,0.63969,0.6398,0.03223328,0.09865605,-0.0,0.0,0.03223295,0.09865605,3.280634e-07,0.0,0.0,0.0
0.649,0.01173,0.63979,0.6399,0.03225888,0.09945361,-0.0,0.0,0.03225857,0.09945361,3.166383e-07,0.0,0.0,0.0
0.649,0.0116,0.63989,0.64,0.03228235,0.1002799,-0.0,0.0,0.03228204,0.1002799,3.054835e-07,0.0,0.0,0.0
0.649,0.01147,0.63999,0.6401,0.03230561,0.1011221,-0.0,0.0,0.03230531,0.1011221,2.94596e-07,0.0,0.0,0.0
0.649,0.01134,0.64009,0.6402,0.03232885,0.1019777,-0.0,0.0,0.03232857,0.1019777,2.839725e-07,0.0,0.0,0.0
0.649,0.01122,0.64019,0.6403,0.03235213,0.1028459,-0.0,0.0,0.03235185,0.1028459,2.7361e-07,0.0,0.0,0.0
0.649,0.01109,0.64029,0.6404,0.03237546,0.1037265,-0.0,0.0,0.0323752,0.1037265,2.635051e-07,0.0,0.0,0.0
0.649,0.01096,0.64039,0.6405,0.03239885,0.1046194,-0.0,0.0,0.0323986,0.1046194,2.536547e-07,0.0,0.0,0.0
0.649,0.01083,0.6405,0.6406,0.03242231,0.1055246,-0.0,0.0,0.03242207,0.1055246,2.440557e-07,0.0,0.0,0.0
0.649,0.0107,0.6406,0.6407,0.03244583,0.1064422,-0.0,0.0,0.0324456,0.1064422,2.347048e-07,0.0,0.0,0.0
0.649,0.01058,0.6407,0.6408,0.03246942,0.1073723,-0.0,0.0,0.0324692,0.1073723,2.255988e-07,0.0,0.0,0.0
0.649,0.01045,0.6408,0.6409,0.03249308,0.1083153,-0.0,0.0,0.03249286,0.1083153,2.167345e-07,0.0,0.0,0.0
0.649,0.01032,0.6409,0.641,0.0325168,0.1092713,-0.0,0.0,0.03251659,0.1092713,2.081086e-07,0.0,0.0,0.0
0.649,0.01019,0.641,0.6411,0.03254058,0.1102406,-0.0,0.0,0.03254038,0.1102406,1.997179e-07,0.0,0.0,0.0
0.649,0.01006,0.6411,0.6412,0.03256441,0.1112235,-0.0,0.0,0.03256422,0.1112235,1.915591e-07,0.0,0.0,0.0
0.649,0.00994,0.6412,0.6413,0.03258831,0.1122202,-0.0,0.0,0.03258813,0.1122202,1.836291e-07,0.0,0.0,0.0
0.649,0.00981,0.64131,0.6414,0.03261226,0.1132311,-0.0,0.0,0.03261208,0.1132311,1.759245e-07,0.0,0.0,0.0
0.649,0.00968,0.64141,0.6415,0.03263626,0.1142566,-0.0,0.0,0.0326361,0.1142566,1.684421e-07,0.0,0.0,0.0
0.649,0.00955,0.64151,0.6416,0.03266032,0.115297,-0.0,0.0,0.03266016,0.115297,1.611786e-07,0.0,0.0,0.0
0.649,0.00942,0.64161,0.6417,0.03268442,0.1163527,-0.0,0.0,0.03268426,0.1163527,1.541307e-07,0.0,0.0,0.0
0.649,0.00929,0.64171,0.6418,0.03270856,0.1174241,-0.0,0.0,0.03270842,0.1174241,1.472951e-07,0.0,0.0,0.0
0.649,0.00917,0.64181,0.6419,0.03273275,0.1185116,-0.0,0.0,0.03273261,0.1185116,1.406686e-07,0.0,0.0,0.0
0.649,0.00904,0.64191,0.642,0.03275698,0.1196158,-0.0,0.0,0.03275684,0.1196158,1.342477e-07,0.0,0.0,0.0
0.649,0.00891,0.64201,0.6421,0.03278124,0.1207369,-0.0,0.0,0.03278111,0.1207369,1.280293e-07,0.0,0.0,0.0
0.649,0.00878,0.64212,0.6422,0.03280553,0.1218757,-0.0,0.0,0.03280541,0.1218757,1.2201e-07,0.0,0.0,0.0
0.649,0.00865,0.64222,0.6423,0.03282985,0.1230325,-0.0,0.0,0.03282974,0.1230325,1.161864e-07,0.0,0.0,0.0
0.649,0.00852,0.64232,0.6424,0.0328542,0.124208,-0.0,0.0,0.03285409,0.124208,1.105553e-07,0.0,0.0,0.0
0.649,0.00839,0.64242,0.6425,0.03287857,0.1254027,-0.0,0.0,0.03287846,0.1254027,1.051134e-07,0.0,0.0,0.0
0.649,0.00827,0.64252,0.6426,0.03290414,0.1266172,-0.0,0.0,0.03290404,0.1266172,9.985723e-08,0.0,0.0,0.0
0.649,0.00814,0.64262,0.6427,0.03292885,0.1278522,-0.0,0.0,0.03292876,0.1278522,9.478353e-08,0.0,0.0,0.0
0.649,0.00801,0.64272,0.6428,0.03295258,0.1291085,-0.0,0.0,0.03295249,0.1291085,8.988896e-08,0.0,0.0,0.0
0.649,0.00788,0.64282,0.6429,0.03297631,0.1303866,-0.0,0.0,0.03297623,0.1303866,8.517016e-08,0.0,0.0,0.0
0.649,0.00775,0.64293,0.643,0.03300007,0.1316874,-0.0,0.0,0.03299999,0.1316874,8.062379e-08,0.0,0.0,0.0
0.649,0.00762,0.64303,0.6431,0.03302384,0.1330118,-0.0,0.0,0.03302376,0.1330118,7.62465e-08,0.0,0.0,0.0
0.649,0.00749,0.64313,0.6432,0.03304762,0.1343604,-0.0,0.0,0.03304755,0.1343604,7.203494e-08,0.0,0.0,0.0
0.649,0.00737,0.64323,0.6433,0.0330714,0.1357344,-0.0,0.0,0.03307133,0.1357344,6.798576e-08,0.0,0.0,0.0
0.649,0.00724,0.64333,0.6434,0.03309517,0.1371346,-0.0,0.0,0.0330951,0.1371346,6.409561e-08,0.0,0.0,0.0
0.649,0.00711,0.64343,0.6435,0.03311892,0.1385621,-0.0,0.0,0.03311886,0.1385621,6.036112e-08,0.0,0.0,0.0
0.649,0.00698,0.64353,0.6436,0.03314265,0.140018,-0.0,0.0,0.03314259,0.140018,5.677895e-08,0.0,0.0,0.0
0.649,0.00685,0.64363,0.6437,0.03316635,0.1415034,-0.0,0.0,0.03316629,0.1415034,5.334574e-08,0.0,0.0,0.0
0.649,0.00672,0.64374,0.6438,0.03319,0.1430197,-0.0,0.0,0.03318995,0.1430197,5.005814e-08,0.0,0.0,0.0
0.649,0.00659,0.64384,0.6439,0.03328754,0.1444838,-0.0,0.0,0.03328749,0.1444838,4.691279e-08,0.0,0.0,0.0
0.649,0.00646,0.64394,0.644,0.03331108,0.1460225,-0.0,0.0,0.03331104,0.1460225,4.390635e-08,0.0,0.0,0.0
0.649,0.00634,0.64404,0.6441,0.03333406,0.147607,-0.0,0.0,0.03333402,0.147607,4.103547e-08,0.0,0.0,0.0
0.649,0.00621,0.64414,0.6442,0.03335683,0.1492332,-0.0,0.0,0.03335679,0.1492332,3.829679e-08,0.0,0.0,0.0
0.649,0.00608,0.64424,0.6443,0.03337947,0.1509009,-0.0,0.0,0.03337943,0.1509009,3.568699e-08,0.0,0.0,0.0
0.649,0.00595,0.64434,0.6444,0.033402,0.152611,-0.0,0.0,0.03340196,0.152611,3.320272e-08,0.0,0.0,0.0
0.649,0.00582,0.64444,0.6445,0.03342441,0.154365,-0.0,0.0,0.03342438,0.154365,3.084065e-08,0.0,0.0,0.0
0.649,0.00569,0.64455,0.6446,0.0334467,0.1561647,-0.0,0.0,0.03344667,0.1561647,2.859745e-08,0.0,0.0,0.0
0.649,0.00556,0.64465,0.6447,0.03346886,0.1580123,-0.0,0.0,0.03346883,0.1580123,2.646981e-08,0.0,0.0,0.0
0.649,0.00543,0.64475,0.6448,0.03349088,0.1599101,-0.0,0.0,0.03349085,0.1599101,2.445442e-08,0.0,0.0,0.0
0.649,0.0053,0.64485,0.6449,0.03351274,0.1618609,-0.0,0.0,0.03351271,0.1618609,2.254796e-08,0.0,0.0,0.0
0.649,0.00518,0.64495,0.645,0.03353443,0.1638675,-0.0,0.0,0.0335344,0.1638675,2.074714e-08,0.0,0.0,0.0
0.649,0.00505,0.64505,0.6451,0.03355592,0.1659333,-0.0,0.0,0.03355591,0.1659333,1.904868e-08,0.0,0.0,0.0
0.649,0.00492,0.64515,0.6452,0.03357722,0.1680617,-0.0,0.0,0.0335772,0.1680617,1.744931e-08,0.0,0.0,0.0
0.649,0.00479,0.64525,0.6453,0.03359828,0.1702567,-0.0,0.0,0.03359827,0.1702567,1.594575e-08,0.0,0.0,0.0
0.649,0.00466,0.64536,0.6454,0.03361911,0.1725225,-0.0,0.0,0.03361909,0.1725225,1.453476e-08,0.0,0.0,0.0
0.649,0.00453,0.64546,0.6455,0.03363966,0.1748639,-0.0,0.0,0.03363964,0.1748639,1.321311e-08,0.0,0.0,0.0
0.649,0.0044,0.64556,0.6456,0.03365992,0.1772862,-0.0,0.0,0.0336599,0.1772862,1.197756e-08,0.0,0.0,0.0
0.649,0.00427,0.64566,0.6457,0.03367986,0.179795,-0.0,0.0,0.03367985,0.179795,1.082492e-08,0.0,0.0,0.0
0.649,0.00414,0.64576,0.6458,0.03369946,0.182397,-0.0,0.0,0.03369945,0.182397,9.751986e-09,0.0,0.0,0.0
0.649,0.00401,0.64586,0.6459,0.03371868,0.1850991,-0.0,0.0,0.03371867,0.1850991,8.7556e-09,0.0,0.0,0.0
0.649,0.00389,0.64596,0.646,0.0337375,0.1879096,-0.0,0.0,0.03373749,0.1879096,7.832609e-09,0.0,0.0,0.0
0.649,0.00376,0.64606,0.6461,0.03375588,0.1908372,-0.0,0.0,0.03375587,0.1908372,6.979883e-09,0.0,0.0,0.0
0.649,0.00363,0.64617,0.6462,0.03377378,0.1938922,-0.0,0.0,0.03377378,0.1938922,6.194314e-09,0.0,0.0,0.0
0.649,0.0035,0.64627,0.6463,0.03379117,0.197086,-0.0,0.0,0.03379117,0.197086,5.472821e-09,0.0,0.0,0.0
0.649,0.00337,0.64637,0.6464,0.033808,0.2004315,-0.0,0.0,0.033808,0.2004315,4.812348e-09,0.0,0.0,0.0
0.649,0.00324,0.64647,0.6465,0.03382423,0.2039436,-0.0,0.0,0.03382423,0.2039436,4.209865e-09,0.0,0.0,0.0
0.649,0.00311,0.64657,0.6466,0.0338398,0.2076392,-0.0,0.0,0.0338398,0.2076392,3.662374e-09,0.0,0.0,0.0
0.649,0.00298,0.64667,0.6467,0.03385525,0.2115379,-0.0,0.0,0.03385525,0.2115379,3.166906e-09,0.0,0.0,0.0
0.649,0.00285,0.64677,0.6468,0.03386834,0.2156625,-0.0,0.0,0.03386834,0.2156625,2.720528e-09,0.0,0.0,0.0
0.649,0.00272,0.64687,0.6469,0.0338807,0.2200393,-0.0,0.0,0.03388069,0.2200393,2.320341e-09,0.0,0.0,0.0
0.649,0.00259,0.64698,0.647,0.03389221,0.2246998,-0.0,0.0,0.03389221,0.2246998,1.963483e-09,0.0,0.0,0.0
0.649,0.00246,0.64708,0.6471,0.0339028,0.2296806,-0.0,0.0,0.0339028,0.2296806,1.647135e-09,0.0,0.0,0.0
0.649,0.00233,0.64718,0.6472,0.03391236,0.2350262,-0.0,0.0,0.03391236,0.2350262,1.368521e-09,0.0,0.0,0.0
0.649,0.0022,0.64728,0.6473,0.03392081,0.2407898,-0.0,0.0,0.03392081,0.2407898,1.124909e-09,0.0,0.0,0.0
0.649,0.00207,0.64738,0.6474,0.03392803,0.2470366,-0.0,0.0,0.03392803,0.2470366,9.136177e-10,0.0,0.0,0.0
0.649,0.00194,0.64748,0.6475,0.03393392,0.253847,-0.0,0.0,0.03393392,0.253847,7.32018e-10,0.0,0.0,0.0
0.649,0.00182,0.64758,0.6476,0.03393835,0.2613217,-0.0,0.0,0.03393835,0.2613217,5.775371e-10,0.0,0.0,0.0
0.649,0.00169,0.64768,0.6477,0.03394121,0.2695885,-0.0,0.0,0.03394121,0.2695885,4.476622e-10,0.0,0.0,0.0
0.649,0.00156,0.64779,0.6478,0.03394237,0.2788131,-0.0,0.0,0.03394237,0.2788131,3.399451e-10,0.0,0.0,0.0
0.649,0.00143,0.64789,0.6479,0.03402488,0.28912,-0.0,0.0,0.03402488,0.28912,2.520067e-10,0.0,0.0,0.0
0.649,0.0013,0.64799,0.648,0.03402263,0.3009232,-0.0,0.0,0.03402263,0.3009232,1.815428e-10,0.0,0.0,0.0
0.649,0.00117,0.64809,0.6481,0.03401736,0.3146297,-0.0,0.0,0.03401736,0.3146297,1.263297e-10,0.0,0.0,0.0
0.649,0.00104,0.64819,0.6482,0.0340097,0.3308178,-0.0,0.0,0.0340097,0.3308178,8.42312e-11,0.0,0.0,0.0
0.649,0.00091,0.64829,0.6483,0.03399971,0.3503705,-0.0,0.0,0.03399971,0.3503705,5.320629e-11,0.0,0.0,0.0
0.649,0.00078,0.64839,0.6484,0.03398748,0.3746884,-0.0,0.0,0.03398748,0.3746884,3.131836e-11,0.0,0.0,0.0
0.649,0.00065,0.64849,0.6485,0.03397327,0.4061476,-0.0,0.0,0.03397327,0.4061476,1.674599e-11,0.0,0.0,0.0
0.649,0.00052,0.6486,0.6486,0.03395777,0.4491756,-0.0,0.0,0.03395777,0.4491756,7.796158e-12,0.0,0.0,0.0
0.649,0.00039,0.6487,0.6487,0.03394269,0.5132375,-0.0,0.0,0.03394269,0.5132375,2.921066e-12,0.0,0.0,0.0
0.649,0.00026,0.6488,0.6488,0.03393267,0.6236117,-0.0,0.0,0.03393267,0.6236117,0.0,0.0,0.0,0.0
0.649,0.00013,0.6489,0.6489,0.03394466,0.8855604,-0.0,0.0,0.03394466,0.8855604,0.0,0.0,0.0,0.0
