qv,q2,ex,nu,RTTOT,RLTOT,RTQE,RLQE,RTIE,RLIE,RTE,RLE,RTNS,RLNS
0.8,0.63996,0.0001,0.00623,0.0,0.0,0.0,0.0,-0.0,-0.0,0.0,0.0,0.0,0.0
0.8,0.63996,0.0002,0.00633,0.0,0.0,0.0,0.0,-0.0,-0.0,0.0,0.0,0.0,0.0
0.8,0.63996,0.0003,0.00643,0.0,0.0,0.0,0.0,-0.0,-0.0,0.0,0.0,0.0,0.0
0.8,0.63996,0.0004,0.00653,0.0,0.0,0.0,0.0,-0.0,-0.0,0.0,0.0,0.0,0.0
0.8,0.63996,0.0005,0.00663,0.0,0.0,0.0,0.0,-0.0,-0.0,0.0,0.0,0.0,0.0
0.8,0.63995,0.0006,0.00673,0.0,0.0,0.0,0.0,-0.0,-0.0,0.0,0.0,0.0,0.0
0.8,0.63995,0.0007,0.00683,0.0,0.0,0.0,0.0,-0.0,-0.0,0.0,0.0,0.0,0.0
0.8,0.63995,0.0008,0.00693,0.0,0.0,0.0,0.0,-0.0,-0.0,0.0,0.0,0.0,0.0
0.8,0.63995,0.0009,0.00703,0.0,0.0,0.0,0.0,-0.0,-0.0,0.0,0.0,0.0,0.0
0.8,0.63995,0.001,0.00713,0.0,0.0,0.0,0.0,-0.0,-0.0,0.0,0.0,0.0,0.0
0.8,0.63995,0.0011,0.00723,0.0,0.0,0.0,0.0,-0.0,-0.0,0.0,0.0,0.0,0.0
0.8,0.63995,0.0012,0.00733,0.0,0.0,0.0,0.0,-0.0,-0.0,0.0,0.0,0.0,0.0
0.8,0.63994,0.0013,0.00743,0.0,0.0,0.0,0.0,-0.0,-0.0,0.0,0.0,0.0,0.0
0.8,0.63994,0.0014,0.00753,0.0,0.0,0.0,0.0,-0.0,-0.0,0.0,0.0,0.0,0.0
0.8,0.63994,0.0015,0.00763,0.0,0.0,0.0,0.0,-0.0,-0.0,0.0,0.0,0.0,0.0
0.8,0.63994,0.0016,0.00773,0.0,0.0,0.0,0.0,-0.0,-0.0,0.0,0.0,0.0,0.0
0.8,0.63994,0.0017,0.00783,0.0,0.0,0.0,0.0,-0.0,-0.0,0.0,0.0,0.0,0.0
0.8,0.63994,0.0018,0.00793,0.0,0.0,0.0,0.0,-0.0,-0.0,0.0,0.0,0.0,0.0
0.8,0.63994,0.0019,0.00803,0.0,0.0,0.0,0.0,-0.0,-0.0,0.0,0.0,0.0,0.0
0.8,0.63993,0.002,0.00813,0.0,0.0,0.0,0.0,-0.0,-0.0,0.0,0.0,0.0,0.0
0.8,0.63993,0.0021,0.00823,0.0,0.0,0.0,0.0,-0.0,-0.0,0.0,0.0,0.0,0.0
0.8,0.63993,0.0022,0.00833,0.0,0.0,0.0,0.0,-0.0,-0.0,0.0,0.0,0.0,0.0
0.8,0.63993,0.0023,0.00843,0.0,0.0,0.0,0.0,-0.0,-0.0,0.0,0.0,0.0,0.0
0.8,0.63993,0.0024,0.00853,0.0,0.0,0.0,0.0,-0.0,-0.0,0.0,0.0,0.0,0.0
0.8,0.63993,0.0025,0.00863,0.0,0.0,0.0,0.0,-0.0,-0.0,0.0,0.0,0.0,0.0
0.8,0.63992,0.0026,0.00873,0.0,0.0,0.0,0.0,-0.0,-0.0,0.0,0.0,0.0,0.0
0.8,0.63992,0.0027,0.00883,0.0,0.0,0.0,0.0,-0.0,-0.0,0.0,0.0,0.0,0.0
0.8,0.63992,0.0028,0.00893,0.0,0.0,0.0,0.0,-0.0,-0.0,0.0,0.0,0.0,0.0
0.8,0.63992,0.0029,0.00903,0.0,0.0,0.0,0.0,-0.0,-0.0,0.0,0.0,0.0,0.0
0.8,0.63992,0.003,0.00913,0.0,0.0,0.0,0.0,-0.0,-0.0,0.0,0.0,0.0,0.0
0.8,0.63991,0.0031,0.00923,0.0,0.0,0.0,0.0,-0.0,-0.0,0.0,0.0,0.0,0.0
0.8,0.63991,0.0032,0.00933,0.0,0.0,0.0,0.0,-0.0,-0.0,0.0,0.0,0.0,0.0
0.8,0.63991,0.0033,0.00943,0.0,0.0,0.0,0.0,-0.0,-0.0,0.0,0.0,0.0,0.0
0.8,0.63991,0.0034,0.00953,0.0,0.0,0.0,0.0,-0.0,-0.0,0.0,0.0,0.0,0.0
0.8,0.63991,0.0035,0.00963,0.0,0.0,0.0,0.0,-0.0,-0.0,0.0,0.0,0.0,0.0
0.8,0.63991,0.0036,0.00973,0.0,0.0,0.0,0.0,-0.0,-0.0,0.0,0.0,0.0,0.0
0.8,0.6399,0.0037,0.00983,0.0,0.0,0.0,0.0,-0.0,-0.0,0.0,0.0,0.0,0.0
0.8,0.6399,0.0038,0.00993,0.0,0.0,0.0,0.0,-0.0,-0.0,0.0,0.0,0.0,0.0
0.8,0.6399,0.0039,0.01003,0.0,0.0,0.0,0.0,-0.0,-0.0,0.0,0.0,0.0,0.0
0.8,0.6399,0.004,0.01013,0.0,0.0,0.0,0.0,-0.0,-0.0,0.0,0.0,0.0,0.0
0.8,0.6399,0.0041,0.01023,0.0,0.0,0.0,0.0,-0.0,-0.0,0.0,0.0,0.0,0.0
0.8,0.63989,0.0042,0.01033,0.0,0.0,0.0,0.0,-0.0,-0.0,0.0,0.0,0.0,0.0
0.8,0.63989,0.0043,0.01043,0.0,0.0,0.0,0.0,-0.0,-0.0,0.0,0.0,0.0,0.0
0.8,0.63989,0.0044,0.01053,0.0,0.0,0.0,0.0,-0.0,-0.0,0.0,0.0,0.0,0.0
0.8,0.63989,0.0045,0.01063,0.0,0.0,0.0,0.0,-0.0,-0.0,0.0,0.0,0.0,0.0
0.8,0.63988,0.0046,0.01073,0.0,0.0,0.0,0.0,-0.0,-0.0,0.0,0.0,0.0,0.0
0.8,0.63988,0.0047,0.01083,0.0,0.0,0.0,0.0,-0.0,-0.0,0.0,0.0,0.0,0.0
0.8,0.63988,0.0048,0.01093,0.0,0.0,0.0,0.0,-0.0,-0.0,0.0,0.0,0.0,0.0
0.8,0.63988,0.0049,0.01103,0.0,0.0,0.0,0.0,-0.0,-0.0,0.0,0.0,0.0,0.0
0.8,0.63988,0.005,0.01113,0.0,0.0,0.0,0.0,-0.0,-0.0,0.0,0.0,0.0,0.0
0.8,0.63987,0.0051,0.01123,0.0,0.0,0.0,0.0,-0.0,-0.0,0.0,0.0,0.0,0.0
0.8,0.63987,0.0052,0.01133,0.0,0.0,0.0,0.0,-0.0,-0.0,0.0,0.0,0.0,0.0
0.8,0.63987,0.0053,0.01143,0.0,0.0,0.0,0.0,-0.0,-0.0,0.0,0.0,0.0,0.0
0.8,0.63987,0.0054,0.01153,0.0,0.0,0.0,0.0,-0.0,-0.0,0.0,0.0,0.0,0.0
0.8,0.63986,0.0055,0.01163,0.0,0.0,0.0,0.0,-0.0,-0.0,0.0,0.0,0.0,0.0
0.8,0.63986,0.0056,0.01173,0.0,0.0,0.0,0.0,-0.0,-0.0,0.0,0.0,0.0,0.0
0.8,0.63986,0.0057,0.01183,0.0,0.0,0.0,0.0,-0.0,-0.0,0.0,0.0,0.0,0.0
0.8,0.63986,0.0058,0.01193,0.0,0.0,0.0,0.0,-0.0,-0.0,0.0,0.0,0.0,0.0
0.8,0.63986,0.0059,0.01203,0.0,0.0,0.0,0.0,-0.0,-0.0,0.0,0.0,0.0,0.0
0.8,0.63985,0.006,0.01213,0.0,0.0,0.0,0.0,-0.0,-0.0,0.0,0.0,0.0,0.0
0.8,0.63985,0.0061,0.01223,0.0,0.0,0.0,0.0,-0.0,-0.0,0.0,0.0,0.0,0.0
0.8,0.63985,0.0062,0.01233,0.0,0.0,0.0,0.0,-0.0,-0.0,0.0,0.0,0.0,0.0
0.8,0.63985,0.0063,0.01243,0.0,0.0,0.0,0.0,-0.0,-0.0,0.0,0.0,0.0,0.0
0.8,0.63984,0.0064,0.01253,0.0,0.0,0.0,0.0,-0.0,-0.0,0.0,0.0,0.0,0.0
0.8,0.63984,0.0065,0.01263,0.0,0.0,0.0,0.0,-0.0,-0.0,0.0,0.0,0.0,0.0
0.8,0.63984,0.0066,0.01273,0.0,0.0,0.0,0.0,-0.0,-0.0,0.0,0.0,0.0,0.0
0.8,0.63984,0.0067,0.01283,0.0,0.0,0.0,0.0,-0.0,-0.0,0.0,0.0,0.0,0.0
0.8,0.63983,0.0068,0.01293,0.0,0.0,0.0,0.0,-0.0,-0.0,0.0,0.0,0.0,0.0
0.8,0.63983,0.0069,0.01303,0.0,0.0,0.0,0.0,-0.0,-0.0,0.0,0.0,0.0,0.0
0.8,0.63983,0.007,0.01313,0.0,0.0,0.0,0.0,-0.0,-0.0,0.0,0.0,0.0,0.0
0.8,0.63982,0.0071,0.01323,0.0,0.0,0.0,0.0,-0.0,-0.0,0.0,0.0,0.0,0.0
0.8,0.63982,0.0072,0.01333,0.0,0.0,0.0,0.0,-0.0,-0.0,0.0,0.0,0.0,0.0
0.8,0.63982,0.0073,0.01343,0.0,0.0,0.0,0.0,-0.0,-0.0,0.0,0.0,0.0,0.0
0.8,0.63982,0.0074,0.01353,0.0,0.0,0.0,0.0,-0.0,-0.0,0.0,0.0,0.0,0.0
0.8,0.63981,0.0075,0.01363,0.0,0.0,0.0,0.0,-0.0,-0.0,0.0,0.0,0.0,0.0
0.8,0.63981,0.0076,0.01373,0.0,0.0,0.0,0.0,-0.0,-0.0,0.0,0.0,0.0,0.0
0.8,0.63981,0.0077,0.01383,0.0,0.0,0.0,0.0,-0.0,-0.0,0.0,0.0,0.0,0.0
0.8,0.63981,0.0078,0.01393,0.0,0.0,0.0,0.0,-0.0,-0.0,0.0,0.0,0.0,0.0
0.8,0.6398,0.0079,0.01403,0.0,0.0,0.0,0.0,-0.0,-0.0,0.0,0.0,0.0,0.0
0.8,0.6398,0.008,0.01413,0.0,0.0,0.0,0.0,-0.0,-0.0,0.0,0.0,0.0,0.0
0.8,0.6398,0.0081,0.01423,0.0,0.0,0.0,0.0,-0.0,-0.0,0.0,0.0,0.0,0.0
0.8,0.63979,0.0082,0.01433,0.0,0.0,0.0,0.0,-0.0,-0.0,0.0,0.0,0.0,0.0
0.8,0.63979,0.0083,0.01443,0.0,0.0,0.0,0.0,-0.0,-0.0,0.0,0.0,0.0,0.0
0.8,0.63979,0.0084,0.01453,0.0,0.0,0.0,0.0,-0.0,-0.0,0.0,0.0,0.0,0.0
0.8,0.63979,0.0085,0.01463,0.0,0.0,0.0,0.0,-0.0,-0.0,0.0,0.0,0.0,0.0
0.8,0.63978,0.0086,0.01473,0.0,0.0,0.0,0.0,-0.0,-0.0,0.0,0.0,0.0,0.0
0.8,0.63978,0.0087,0.01483,0.0,0.0,0.0,0.0,-0.0,-0.0,0.0,0.0,0.0,0.0
0.8,0.63978,0.0088,0.01493,0.0,0.0,0.0,0.0,-0.0,-0.0,0.0,0.0,0.0,0.0
0.8,0.63977,0.0089,0.01503,0.0,0.0,0.0,0.0,-0.0,-0.0,0.0,0.0,0.0,0.0
0.8,0.63977,0.009,0.01513,0.0,0.0,0.0,0.0,-0.0,-0.0,0.0,0.0,0.0,0.0
0.8,0.63977,0.0091,0.01523,0.0,0.0,0.0,0.0,-0.0,-0.0,0.0,0.0,0.0,0.0
0.8,0.63976,0.0092,0.01533,0.0,0.0,0.0,0.0,-0.0,-0.0,0.0,0.0,0.0,0.0
0.8,0.63976,0.0093,0.01543,0.0,0.0,0.0,0.0,-0.0,-0.0,0.0,0.0,0.0,0.0
0.8,0.63976,0.0094,0.01553,0.0,0.0,0.0,0.0,-0.0,-0.0,0.0,0.0,0.0,0.0
0.8,0.63976,0.0095,0.01563,0.0,0.0,0.0,0.0,-0.0,-0.0,0.0,0.0,0.0,0.0
0.8,0.63975,0.0096,0.01573,0.0,0.0,0.0,0.0,-0.0,-0.0,0.0,0.0,0.0,0.0
0.8,0.63975,0.0097,0.01583,0.0,0.0,0.0,0.0,-0.0,-0.0,0.0,0.0,0.0,0.0
0.8,0.63975,0.0098,0.01593,0.0,0.0,0.0,0.0,-0.0,-0.0,0.0,0.0,0.0,0.0
0.8,0.63974,0.0099,0.01603,0.0,0.0,0.0,0.0,-0.0,-0.0,0.0,0.0,0.0,0.0
0.8,0.63974,0.01,0.01613,0.0,0.0,0.0,0.0,-0.0,-0.0,0.0,0.0,0.0,0.0
0.8,0.63974,0.0101,0.01623,0.0,0.0,0.0,0.0,-0.0,-0.0,0.0,0.0,0.0,0.0
0.8,0.63973,0.0102,0.01633,0.0,0.0,0.0,0.0,-0.0,-0.0,0.0,0.0,0.0,0.0
0.8,0.63973,0.0103,0.01643,0.0,0.0,0.0,0.0,-0.0,-0.0,0.0,0.0,0.0,0.0
0.8,0.63973,0.0104,0.01653,0.0,0.0,0.0,0.0,-0.0,-0.0,0.0,0.0,0.0,0.0
0.8,0.63972,0.0105,0.01663,0.0,0.0,0.0,0.0,-0.0,-0.0,0.0,0.0,0.0,0.0
0.8,0.63972,0.0106,0.01673,0.0,0.0,0.0,0.0,-0.0,-0.0,0.0,0.0,0.0,0.0
0.8,0.63972,0.0107,0.01683,0.0,0.0,0.0,0.0,-0.0,-0.0,0.0,0.0,0.0,0.0
0.8,0.63971,0.0108,0.01693,0.0,0.0,0.0,0.0,-0.0,-0.0,0.0,0.0,0.0,0.0
0.8,0.63971,0.0109,0.01703,0.0,0.0,0.0,0.0,-0.0,-0.0,0.0,0.0,0.0,0.0
0.8,0.63971,0.011,0.01713,0.0,0.0,0.0,0.0,-0.0,-0.0,0.0,0.0,0.0,0.0
0.8,0.6397,0.0111,0.01723,0.0,0.0,0.0,0.0,-0.0,-0.0,0.0,0.0,0.0,0.0
0.8,0.6397,0.0112,0.01733,0.0,0.0,0.0,0.0,-0.0,-0.0,0.0,0.0,0.0,0.0
0.8,0.6397,0.0113,0.01743,0.0,0.0,0.0,0.0,-0.0,-0.0,0.0,0.0,0.0,0.0
0.8,0.63969,0.0114,0.01753,0.0,0.0,0.0,0.0,-0.0,-0.0,0.0,0.0,0.0,0.0
0.8,0.63969,0.0115,0.01763,0.0,0.0,0.0,0.0,-0.0,-0.0,0.0,0.0,0.0,0.0
0.8,0.63969,0.0116,0.01773,0.0,0.0,0.0,0.0,-0.0,-0.0,0.0,0.0,0.0,0.0
0.8,0.63968,0.0117,0.01783,0.0,0.0,0.0,0.0,-0.0,-0.0,0.0,0.0,0.0,0.0
0.8,0.63968,0.0118,0.01793,0.0,0.0,0.0,0.0,-0.0,-0.0,0.0,0.0,0.0,0.0
0.8,0.63967,0.0119,0.01803,0.0,0.0,0.0,0.0,-0.0,-0.0,0.0,0.0,0.0,0.0
0.8,0.63967,0.012,0.01813,0.0,0.0,0.0,0.0,-0.0,-0.0,0.0,0.0,0.0,0.0
0.8,0.63967,0.0121,0.01823,0.0,0.0,0.0,0.0,-0.0,-0.0,0.0,0.0,0.0,0.0
0.8,0.63966,0.0122,0.01833,0.0,0.0,0.0,0.0,-0.0,-0.0,0.0,0.0,0.0,0.0
0.8,0.63966,0.0123,0.01843,0.0,0.0,0.0,0.0,-0.0,-0.0,0.0,0.0,0.0,0.0
0.8,0.63966,0.0124,0.01853,0.0,0.0,0.0,0.0,-0.0,-0.0,0.0,0.0,0.0,0.0
0.8,0.63965,0.0125,0.01863,0.0,0.0,0.0,0.0,-0.0,-0.0,0.0,0.0,0.0,0.0
0.8,0.63965,0.0126,0.01873,0.0,0.0,0.0,0.0,-0.0,-0.0,0.0,0.0,0.0,0.0
0.8,0.63965,0.0127,0.01883,0.0,0.0,0.0,0.0,-0.0,-0.0,0.0,0.0,0.0,0.0
0.8,0.63964,0.0128,0.01893,0.0,0.0,0.0,0.0,-0.0,-0.0,0.0,0.0,0.0,0.0
0.8,0.63964,0.0129,0.01903,0.0,0.0,0.0,0.0,-0.0,-0.0,0.0,0.0,0.0,0.0
0.8,0.63963,0.013,0.01913,0.0,0.0,0.0,0.0,-0.0,-0.0,0.0,0.0,0.0,0.0
0.8,0.63963,0.0131,0.01923,0.0,0.0,0.0,0.0,-0.0,-0.0,0.0,0.0,0.0,0.0
0.8,0.63963,0.0132,0.01933,0.0,0.0,0.0,0.0,-0.0,-0.0,0.0,0.0,0.0,0.0
0.8,0.63962,0.0133,0.01943,0.0,0.0,0.0,0.0,-0.0,-0.0,0.0,0.0,0.0,0.0
0.8,0.63962,0.0134,0.01953,0.0,0.0,0.0,0.0,-0.0,-0.0,0.0,0.0,0.0,0.0
0.8,0.63961,0.0135,0.01963,0.0,0.0,0.0,0.0,-0.0,-0.0,0.0,0.0,0.0,0.0
0.8,0.63961,0.0136,0.01973,0.0,0.0,0.0,0.0,-0.0,-0.0,0.0,0.0,0.0,0.0
0.8,0.63961,0.0137,0.01983,0.0,0.0,0.0,0.0,-0.0,-0.0,0.0,0.0,0.0,0.0
0.8,0.6396,0.0138,0.01993,0.0,0.0,0.0,0.0,-0.0,-0.0,0.0,0.0,0.0,0.0
0.8,0.6396,0.0139,0.02003,0.0,0.0,0.0,0.0,-0.0,-0.0,0.0,0.0,0.0,0.0
0.8,0.63959,0.014,0.02013,0.0,0.0,0.0,0.0,-0.0,-0.0,0.0,0.0,0.0,0.0
0.8,0.63959,0.0141,0.02023,0.0,0.0,0.0,0.0,-0.0,-0.0,0.0,0.0,0.0,0.0
0.8,0.63959,0.0142,0.02033,0.0,0.0,0.0,0.0,-0.0,-0.0,0.0,0.0,0.0,0.0
0.8,0.63958,0.0143,0.02043,0.0,0.0,0.0,0.0,-0.0,-0.0,0.0,0.0,0.0,0.0
0.8,0.63958,0.0144,0.02053,0.0,0.0,0.0,0.0,-0.0,-0.0,0.0,0.0,0.0,0.0
0.8,0.63957,0.0145,0.02063,0.0,0.0,0.0,0.0,-0.0,-0.0,0.0,0.0,0.0,0.0
0.8,0.63957,0.0146,0.02073,0.0,0.0,0.0,0.0,-0.0,-0.0,0.0,0.0,0.0,0.0
0.8,0.63957,0.0147,0.02083,0.0,0.0,0.0,0.0,-0.0,-0.0,0.0,0.0,0.0,0.0
0.8,0.63956,0.0148,0.02093,0.0,0.0,0.0,0.0,-0.0,-0.0,0.0,0.0,0.0,0.0
0.8,0.63956,0.0149,0.02103,0.0,0.0,0.0,0.0,-0.0,-0.0,0.0,0.0,0.0,0.0
0.8,0.63955,0.015,0.02113,0.0,0.0,0.0,0.0,-0.0,-0.0,0.0,0.0,0.0,0.0
0.8,0.63955,0.0151,0.02123,0.0,0.0,0.0,0.0,-0.0,-0.0,0.0,0.0,0.0,0.0
0.8,0.63954,0.0152,0.02133,0.0,0.0,0.0,0.0,-0.0,-0.0,0.0,0.0,0.0,0.0
0.8,0.63954,0.0153,0.02143,0.0,0.0,0.0,0.0,-0.0,-0.0,0.0,0.0,0.0,0.0
0.8,0.63954,0.0154,0.02153,0.0,0.0,0.0,0.0,-0.0,-0.0,0.0,0.0,0.0,0.0
0.8,0.63953,0.0155,0.02163,0.0,0.0,0.0,0.0,0.0,0.0,0.0,0.0,0.0,0.0
0.8,0.63953,0.0156,0.02173,0.0,0.0,0.0,0.0,0.0,0.0,0.0,0.0,0.0,0.0
0.8,0.63952,0.0157,0.02183,0.0,0.0,0.0,0.0,0.0,0.0,0.0,0.0,0.0,0.0
0.8,0.63952,0.0158,0.02193,0.0,0.0,0.0,0.0,0.0,0.0,0.0,0.0,0.0,0.0
0.8,0.63951,0.0159,0.02203,0.0,0.0,0.0,0.0,0.0,0.0,0.0,0.0,0.0,0.0
0.8,0.63951,0.016,0.02213,0.0,0.0,0.0,0.0,0.0,0.0,0.0,0.0,0.0,0.0
0.8,0.63951,0.0161,0.02223,0.0,0.0,0.0,0.0,0.0,0.0,0.0,0.0,0.0,0.0
0.8,0.6395,0.0162,0.02233,0.0,0.0,0.0,0.0,0.0,0.0,0.0,0.0,0.0,0.0
0.8,0.6395,0.0163,0.02243,0.0,0.0,0.0,0.0,0.0,0.0,0.0,0.0,0.0,0.0
0.8,0.63949,0.0164,0.02253,0.0,0.0,0.0,0.0,0.0,0.0,0.0,0.0,0.0,0.0
0.8,0.63949,0.0165,0.02263,0.0,0.0,0.0,0.0,0.0,0.0,0.0,0.0,0.0,0.0
0.8,0.63948,0.0166,0.02273,0.0,0.0,0.0,0.0,0.0,0.0,0.0,0.0,0.0,0.0
0.8,0.63948,0.0167,0.02283,0.0,0.0,0.0,0.0,0.0,0.0,0.0,0.0,0.0,0.0
0.8,0.63947,0.01681,0.02293,0.0,0.0,0.0,0.0,0.0,0.0,0.0,0.0,0.0,0.0
0.8,0.63947,0.01691,0.02303,0.0,0.0,0.0,0.0,0.0,0.0,0.0,0.0,0.0,0.0
0.8,0.63946,0.01701,0.02313,0.0,0.0,0.0,0.0,0.0,0.0,0.0,0.0,0.0,0.0
0.8,0.63946,0.01711,0.02323,0.0,0.0,0.0,0.0,0.0,0.0,0.0,0.0,0.0,0.0
0.8,0.63946,0.01721,0.02333,0.0,0.0,0.0,0.0,0.0,0.0,0.0,0.0,0.0,0.0
0.8,0.63945,0.01731,0.02343,0.0,0.0,0.0,0.0,0.0,0.0,0.0,0.0,0.0,0.0
0.8,0.63945,0.01741,0.02353,0.0,0.0,0.0,0.0,0.0,0.0,0.0,0.0,0.0,0.0
0.8,0.63944,0.01751,0.02363,0.0,0.0,0.0,0.0,0.0,0.0,0.0,0.0,0.0,0.0
0.8,0.63944,0.01761,0.02373,0.0,0.0,0.0,0.0,0.0,0.0,0.0,0.0,0.0,0.0
0.8,0.63943,0.01771,0.02383,0.0,0.0,0.0,0.0,0.0,0.0,0.0,0.0,0.0,0.0
0.8,0.63943,0.01781,0.02393,0.0,0.0,0.0,0.0,0.0,0.0,0.0,0.0,0.0,0.0
0.8,0.63942,0.01791,0.02403,0.0,0.0,0.0,0.0,0.0,0.0,0.0,0.0,0.0,0.0
0.8,0.63942,0.01801,0.02413,0.0,0.0,0.0,0.0,0.0,0.0,0.0,0.0,0.0,0.0
0.8,0.63941,0.01811,0.02423,0.0,0.0,0.0,0.0,0.0,0.0,0.0,0.0,0.0,0.0
0.8,0.63941,0.01821,0.02433,0.0,0.0,0.0,0.0,0.0,0.0,0.0,0.0,0.0,0.0
0.8,0.6394,0.01831,0.02443,0.0,0.0,0.0,0.0,0.0,0.0,0.0,0.0,0.0,0.0
0.8,0.6394,0.01841,0.02453,0.0,0.0,0.0,0.0,0.0,0.0,0.0,0.0,0.0,0.0
0.8,0.63939,0.01851,0.02463,0.0,0.0,0.0,0.0,0.0,0.0,0.0,0.0,0.0,0.0
0.8,0.63939,0.01861,0.02473,0.0,0.0,0.0,0.0,0.0,0.0,0.0,0.0,0.0,0.0
0.8,0.63938,0.01871,0.02483,0.0,0.0,0.0,0.0,0.0,0.0,0.0,0.0,0.0,0.0
0.8,0.63938,0.01881,0.02493,0.0,0.0,0.0,0.0,0.0,0.0,0.0,0.0,0.0,0.0
0.8,0.63937,0.01891,0.02503,0.0,0.0,0.0,0.0,0.0,0.0,0.0,0.0,0.0,0.0
0.8,0.63937,0.01901,0.02513,0.0,0.0,0.0,0.0,0.0,0.0,0.0,0.0,0.0,0.0
0.8,0.63936,0.01911,0.02523,0.0,0.0,0.0,0.0,0.0,0.0,0.0,0.0,0.0,0.0
0.8,0.63936,0.01921,0.02533,0.0,0.0,0.0,0.0,0.0,0.0,0.0,0.0,0.0,0.0
0.8,0.63935,0.01931,0.02543,0.0,0.0,0.0,0.0,0.0,0.0,0.0,0.0,0.0,0.0
0.8,0.63935,0.01941,0.02553,0.0,0.0,0.0,0.0,0.0,0.0,0.0,0.0,0.0,0.0
0.8,0.63934,0.01951,0.02563,0.0,0.0,0.0,0.0,0.0,0.0,0.0,0.0,0.0,0.0
0.8,0.63934,0.01961,0.02573,0.0,0.0,0.0,0.0,0.0,0.0,0.0,0.0,0.0,0.0
0.8,0.63933,0.01971,0.02583,0.0,0.0,0.0,0.0,0.0,0.0,0.0,0.0,0.0,0.0
0.8,0.63933,0.01981,0.02593,0.0,0.0,0.0,0.0,0.0,0.0,0.0,0.0,0.0,0.0
0.8,0.63932,0.01991,0.02603,0.0,0.0,0.0,0.0,0.0,0.0,0.0,0.0,0.0,0.0
0.8,0.63932,0.02001,0.02613,0.0,0.0,0.0,0.0,0.0,0.0,0.0,0.0,0.0,0.0
0.8,0.63931,0.02011,0.02623,0.0,0.0,0.0,0.0,0.0,0.0,0.0,0.0,0.0,0.0
0.8,0.63931,0.02021,0.02633,0.0,0.0,0.0,0.0,0.0,0.0,0.0,0.0,0.0,0.0
0.8,0.6393,0.02031,0.02643,0.0,0.0,0.0,0.0,0.0,0.0,0.0,0.0,0.0,0.0
0.8,0.6393,0.02041,0.02653,0.0,0.0,0.0,0.0,0.0,0.0,0.0,0.0,0.0,0.0
0.8,0.63929,0.02051,0.02663,0.0,0.0,0.0,0.0,0.0,0.0,0.0,0.0,0.0,0.0
0.8,0.63929,0.02061,0.02673,0.0,0.0,0.0,0.0,0.0,0.0,0.0,0.0,0.0,0.0
0.8,0.63928,0.02071,0.02683,0.0,0.0,0.0,0.0,0.0,0.0,0.0,0.0,0.0,0.0
0.8,0.63927,0.02081,0.02693,0.0,0.0,0.0,0.0,0.0,0.0,0.0,0.0,0.0,0.0
0.8,0.63927,0.02091,0.02703,0.0,0.0,0.0,0.0,0.0,0.0,0.0,0.0,0.0,0.0
0.8,0.63926,0.02101,0.02713,0.0,0.0,0.0,0.0,0.0,0.0,0.0,0.0,0.0,0.0
0.8,0.63926,0.02111,0.02723,0.0,0.0,0.0,0.0,0.0,0.0,0.0,0.0,0.0,0.0
0.8,0.63925,0.02121,0.02733,0.0,0.0,0.0,0.0,0.0,0.0,0.0,0.0,0.0,0.0
0.8,0.63925,0.02131,0.02743,0.0,0.0,0.0,0.0,0.0,0.0,0.0,0.0,0.0,0.0
0.8,0.63924,0.02141,0.02753,0.0,0.0,0.0,0.0,0.0,0.0,0.0,0.0,0.0,0.0
0.8,0.63924,0.02151,0.02763,0.0,0.0,0.0,0.0,0.0,0.0,0.0,0.0,0.0,0.0
0.8,0.63923,0.02161,0.02773,0.0,0.0,0.0,0.0,0.0,0.0,0.0,0.0,0.0,0.0
0.8,0.63923,0.02171,0.02783,0.0,0.0,0.0,0.0,0.0,0.0,0.0,0.0,0.0,0.0
0.8,0.63922,0.02181,0.02793,0.0,0.0,0.0,0.0,0.0,0.0,0.0,0.0,0.0,0.0
0.8,0.63921,0.02191,0.02803,0.0,0.0,0.0,0.0,0.0,0.0,0.0,0.0,0.0,0.0
0.8,0.63921,0.02201,0.02813,0.0,0.0,0.0,0.0,0.0,0.0,0.0,0.0,0.0,0.0
0.8,0.6392,0.02211,0.02823,0.0,0.0,0.0,0.0,0.0,0.0,0.0,0.0,0.0,0.0
0.8,0.6392,0.02221,0.02833,0.0,0.0,0.0,0.0,0.0,0.0,0.0,0.0,0.0,0.0
0.8,0.63919,0.02231,0.02843,0.0,0.0,0.0,0.0,0.0,0.0,0.0,0.0,0.0,0.0
0.8,0.63919,0.02241,0.02853,0.0,0.0,0.0,0.0,0.0,0.0,0.0,0.0,0.0,0.0
0.8,0.63918,0.02251,0.02863,0.0,0.0,0.0,0.0,0.0,0.0,0.0,0.0,0.0,0.0
0.8,0.63917,0.02261,0.02873,0.0,0.0,0.0,0.0,0.0,0.0,0.0,0.0,0.0,0.0
0.8,0.63917,0.02271,0.02883,0.0,0.0,0.0,0.0,0.0,0.0,0.0,0.0,0.0,0.0
0.8,0.63916,0.02281,0.02893,0.0,0.0,0.0,0.0,0.0,0.0,0.0,0.0,0.0,0.0
0.8,0.63916,0.02291,0.02903,0.0,0.0,0.0,0.0,0.0,0.0,0.0,0.0,0.0,0.0
0.8,0.63915,0.02301,0.02913,0.0,0.0,0.0,0.0,0.0,0.0,0.0,0.0,0.0,0.0
0.8,0.63915,0.02311,0.02923,0.0,0.0,0.0,0.0,0.0,0.0,0.0,0.0,0.0,0.0
0.8,0.63914,0.02321,0.02933,0.0,0.0,0.0,0.0,0.0,0.0,0.0,0.0,0.0,0.0
0.8,0.63913,0.02331,0.02943,0.0,0.0,0.0,0.0,0.0,0.0,0.0,0.0,0.0,0.0
0.8,0.63913,0.02341,0.02953,0.0,0.0,0.0,0.0,0.0,0.0,0.0,0.0,0.0,0.0
0.8,0.63912,0.02351,0.02963,0.0,0.0,0.0,0.0,0.0,0.0,0.0,0.0,0.0,0.0
0.8,0.63912,0.02361,0.02973,0.0,0.0,0.0,0.0,0.0,0.0,0.0,0.0,0.0,0.0
0.8,0.63911,0.02371,0.02983,0.0,0.0,0.0,0.0,0.0,0.0,0.0,0.0,0.0,0.0
0.8,0.6391,0.02381,0.02993,0.0,0.0,0.0,0.0,0.0,0.0,0.0,0.0,0.0,0.0
0.8,0.6391,0.02391,0.03003,0.0,0.0,0.0,0.0,0.0,0.0,0.0,0.0,0.0,0.0
0.8,0.63909,0.02401,0.03013,0.0,0.0,0.0,0.0,0.0,0.0,0.0,0.0,0.0,0.0
0.8,0.63909,0.02411,0.03023,0.0,0.0,0.0,0.0,0.0,0.0,0.0,0.0,0.0,0.0
0.8,0.63908,0.02421,0.03033,0.0,0.0,0.0,0.0,0.0,0.0,0.0,0.0,0.0,0.0
0.8,0.63907,0.02431,0.03043,0.0,0.0,0.0,0.0,0.0,0.0,0.0,0.0,0.0,0.0
0.8,0.63907,0.02441,0.03053,0.0,0.0,0.0,0.0,0.0,0.0,0.0,0.0,0.0,0.0
0.8,0.63906,0.02451,0.03063,0.0,0.0,0.0,0.0,0.0,0.0,0.0,0.0,0.0,0.0
0.8,0.63906,0.02461,0.03073,0.0,0.0,0.0,0.0,0.0,0.0,0.0,0.0,0.0,0.0
0.8,0.63905,0.02471,0.03083,0.0,0.0,0.0,0.0,0.0,0.0,0.0,0.0,0.0,0.0
0.8,0.63904,0.02481,0.03093,0.0,0.0,0.0,0.0,0.0,0.0,0.0,0.0,0.0,0.0
0.8,0.63904,0.02491,0.03103,0.0,0.0,0.0,0.0,0.0,0.0,0.0,0.0,0.0,0.0
0.8,0.63903,0.02501,0.03113,0.0,0.0,0.0,0.0,0.0,0.0,0.0,0.0,0.0,0.0
0.8,0.63902,0.02511,0.03123,0.0,0.0,0.0,0.0,0.0,0.0,0.0,0.0,0.0,0.0
0.8,0.63902,0.02521,0.03133,0.0,0.0,0.0,0.0,0.0,0.0,0.0,0.0,0.0,0.0
0.8,0.63901,0.02531,0.03143,0.0,0.0,0.0,0.0,0.0,0.0,0.0,0.0,0.0,0.0
0.8,0.63901,0.02541,0.03153,0.0,0.0,0.0,0.0,0.0,0.0,0.0,0.0,0.0,0.0
0.8,0.639,0.02551,0.03163,0.0,0.0,0.0,0.0,0.0,0.0,0.0,0.0,0.0,0.0
0.8,0.63899,0.02561,0.03173,0.0,0.0,0.0,0.0,0.0,0.0,0.0,0.0,0.0,0.0
0.8,0.63899,0.02571,0.03183,0.0,0.0,0.0,0.0,0.0,0.0,0.0,0.0,0.0,0.0
0.8,0.63898,0.02581,0.03193,0.0,0.0,0.0,0.0,0.0,0.0,0.0,0.0,0.0,0.0
0.8,0.63897,0.02591,0.03203,0.0,0.0,0.0,0.0,0.0,0.0,0.0,0.0,0.0,0.0
0.8,0.63897,0.02601,0.03213,0.0,0.0,0.0,0.0,0.0,0.0,0.0,0.0,0.0,0.0
0.8,0.63896,0.02611,0.03223,0.0,0.0,0.0,0.0,0.0,0.0,0.0,0.0,0.0,0.0
0.8,0.63895,0.02621,0.03233,0.0,0.0,0.0,0.0,0.0,0.0,0.0,0.0,0.0,0.0
0.8,0.63895,0.02631,0.03243,0.0,0.0,0.0,0.0,0.0,0.0,0.0,0.0,0.0,0.0
0.8,0.63894,0.02641,0.03253,0.0,0.0,0.0,0.0,0.0,0.0,0.0,0.0,0.0,0.0
0.8,0.63893,0.02651,0.03263,0.0,0.0,0.0,0.0,0.0,0.0,0.0,0.0,0.0,0.0
0.8,0.63893,0.02661,0.03273,0.0,0.0,0.0,0.0,0.0,0.0,0.0,0.0,0.0,0.0
0.8,0.63892,0.02671,0.03283,0.0,0.0,0.0,0.0,0.0,0.0,0.0,0.0,0.0,0.0
0.8,0.63892,0.02681,0.03293,0.0,0.0,0.0,0.0,0.0,0.0,0.0,0.0,0.0,0.0
0.8,0.63891,0.02691,0.03303,0.0,0.0,0.0,0.0,0.0,0.0,0.0,0.0,0.0,0.0
0.8,0.6389,0.02701,0.03313,0.0,0.0,0.0,0.0,0.0,0.0,0.0,0.0,0.0,0.0
0.8,0.6389,0.02711,0.03323,0.0,0.0,0.0,0.0,0.0,0.0,0.0,0.0,0.0,0.0
0.8,0.63889,0.02721,0.03333,0.0,0.0,0.0,0.0,0.0,0.0,0.0,0.0,0.0,0.0
0.8,0.63888,0.02731,0.03343,0.0,0.0,0.0,0.0,0.0,0.0,0.0,0.0,0.0,0.0
0.8,0.63888,0.02741,0.03353,0.0,0.0,0.0,0.0,0.0,0.0,0.0,0.0,0.0,0.0
0.8,0.63887,0.02751,0.03363,0.0,0.0,0.0,0.0,0.0,0.0,0.0,0.0,0.0,0.0
0.8,0.63886,0.02761,0.03373,0.0,0.0,0.0,0.0,0.0,0.0,0.0,0.0,0.0,0.0
0.8,0.63886,0.02771,0.03383,0.0,0.0,0.0,0.0,0.0,0.0,0.0,0.0,0.0,0.0
0.8,0.63885,0.02781,0.03393,0.0,0.0,0.0,0.0,0.0,0.0,0.0,0.0,0.0,0.0
0.8,0.63884,0.02791,0.03403,0.0,0.0,0.0,0.0,0.0,0.0,0.0,0.0,0.0,0.0
0.8,0.63883,0.02801,0.03413,0.0,0.0,0.0,0.0,0.0,0.0,0.0,0.0,0.0,0.0
0.8,0.63883,0.02811,0.03423,0.0,0.0,0.0,0.0,0.0,0.0,0.0,0.0,0.0,0.0
0.8,0.63882,0.02821,0.03433,0.0,0.0,0.0,0.0,0.0,0.0,0.0,0.0,0.0,0.0
0.8,0.63881,0.02831,0.03443,0.0,0.0,0.0,0.0,0.0,0.0,0.0,0.0,0.0,0.0
0.8,0.63881,0.02841,0.03453,0.0,0.0,0.0,0.0,0.0,0.0,0.0,0.0,0.0,0.0
0.8,0.6388,0.02851,0.03463,0.0,0.0,0.0,0.0,0.0,0.0,0.0,0.0,0.0,0.0
0.8,0.63879,0.02861,0.03473,0.0,0.0,0.0,0.0,0.0,0.0,0.0,0.0,0.0,0.0
0.8,0.63879,0.02871,0.03483,0.0,0.0,0.0,0.0,0.0,0.0,0.0,0.0,0.0,0.0
0.8,0.63878,0.02881,0.03493,0.0,0.0,0.0,0.0,0.0,0.0,0.0,0.0,0.0,0.0
0.8,0.63877,0.02891,0.03503,0.0,0.0,0.0,0.0,0.0,0.0,0.0,0.0,0.0,0.0
0.8,0.63877,0.02901,0.03513,0.0,0.0,0.0,0.0,0.0,0.0,0.0,0.0,0.0,0.0
0.8,0.63876,0.02911,0.03523,0.0,0.0,0.0,0.0,0.0,0.0,0.0,0.0,0.0,0.0
0.8,0.63875,0.02921,0.03533,0.0,0.0,0.0,0.0,0.0,0.0,0.0,0.0,0.0,0.0
0.8,0.63874,0.02931,0.03543,0.0,0.0,0.0,0.0,0.0,0.0,0.0,0.0,0.0,0.0
0.8,0.63874,0.02941,0.03553,0.0,0.0,0.0,0.0,0.0,0.0,0.0,0.0,0.0,0.0
0.8,0.63873,0.02951,0.03563,0.0,0.0,0.0,0.0,0.0,0.0,0.0,0.0,0.0,0.0
0.8,0.63872,0.02961,0.03573,0.0,0.0,0.0,0.0,0.0,0.0,0.0,0.0,0.0,0.0
0.8,0.63872,0.02971,0.03583,0.0,0.0,0.0,0.0,0.0,0.0,0.0,0.0,0.0,0.0
0.8,0.63871,0.02981,0.03593,0.0,0.0,0.0,0.0,0.0,0.0,0.0,0.0,0.0,0.0
0.8,0.6387,0.02991,0.03603,0.0,0.0,0.0,0.0,0.0,0.0,0.0,0.0,0.0,0.0
0.8,0.63869,0.03001,0.03613,0.0,0.0,0.0,0.0,0.0,0.0,0.0,0.0,0.0,0.0
0.8,0.63869,0.03011,0.03623,0.0,0.0,0.0,0.0,0.0,0.0,0.0,0.0,0.0,0.0
0.8,0.63868,0.03021,0.03633,0.0,0.0,0.0,0.0,0.0,0.0,0.0,0.0,0.0,0.0
0.8,0.63867,0.03031,0.03643,0.0,0.0,0.0,0.0,0.0,0.0,0.0,0.0,0.0,0.0
0.8,0.63867,0.03041,0.03653,0.0,0.0,0.0,0.0,0.0,0.0,0.0,0.0,0.0,0.0
0.8,0.63866,0.03051,0.03663,0.0,0.0,0.0,0.0,0.0,0.0,0.0,0.0,0.0,0.0
0.8,0.63865,0.03061,0.03673,0.0,0.0,0.0,0.0,0.0,0.0,0.0,0.0,0.0,0.0
0.8,0.63864,0.03071,0.03683,0.0,0.0,0.0,0.0,0.0,0.0,0.0,0.0,0.0,0.0
0.8,0.63864,0.03081,0.03693,0.0,0.0,0.0,0.0,0.0,0.0,0.0,0.0,0.0,0.0
0.8,0.63863,0.03091,0.03703,0.0,0.0,0.0,0.0,0.0,0.0,0.0,0.0,0.0,0.0
0.8,0.63862,0.03101,0.03713,0.0,0.0,0.0,0.0,0.0,0.0,0.0,0.0,0.0,0.0
0.8,0.63861,0.03111,0.03723,0.0,0.0,0.0,0.0,0.0,0.0,0.0,0.0,0.0,0.0
0.8,0.63861,0.03121,0.03733,0.0,0.0,0.0,0.0,0.0,0.0,0.0,0.0,0.0,0.0
0.8,0.6386,0.03131,0.03743,0.0,0.0,0.0,0.0,0.0,0.0,0.0,0.0,0.0,0.0
0.8,0.63859,0.03141,0.03753,0.0,0.0,0.0,0.0,0.0,0.0,0.0,0.0,0.0,0.0
0.8,0.63858,0.03151,0.03763,0.0,0.0,0.0,0.0,0.0,0.0,0.0,0.0,0.0,0.0
0.8,0.63858,0.03161,0.03773,0.0,0.0,0.0,0.0,0.0,0.0,0.0,0.0,0.0,0.0
0.8,0.63857,0.03171,0.03783,0.0,0.0,0.0,0.0,0.0,0.0,0.0,0.0,0.0,0.0
0.8,0.63856,0.03181,0.03793,0.0,0.0,0.0,0.0,0.0,0.0,0.0,0.0,0.0,0.0
0.8,0.63855,0.03191,0.03803,0.0,0.0,0.0,0.0,0.0,0.0,0.0,0.0,0.0,0.0
0.8,0.63855,0.03201,0.03813,0.0,0.0,0.0,0.0,0.0,0.0,0.0,0.0,0.0,0.0
0.8,0.63854,0.03211,0.03823,0.0,0.0,0.0,0.0,0.0,0.0,0.0,0.0,0.0,0.0
0.8,0.63853,0.03221,0.03833,0.0,0.0,0.0,0.0,0.0,0.0,0.0,0.0,0.0,0.0
0.8,0.63852,0.03231,0.03843,0.0,0.0,0.0,0.0,0.0,0.0,0.0,0.0,0.0,0.0
0.8,0.63852,0.03241,0.03853,0.0,0.0,0.0,0.0,0.0,0.0,0.0,0.0,0.0,0.0
0.8,0.63851,0.03251,0.03863,0.0,0.0,0.0,0.0,0.0,0.0,0.0,0.0,0.0,0.0
0.8,0.6385,0.03261,0.03873,0.0,0.0,0.0,0.0,0.0,0.0,0.0,0.0,0.0,0.0
0.8,0.63849,0.03271,0.03883,0.0,0.0,0.0,0.0,0.0,0.0,0.0,0.0,0.0,0.0
0.8,0.63848,0.03281,0.03893,0.0,0.0,0.0,0.0,0.0,0.0,0.0,0.0,0.0,0.0
0.8,0.63848,0.03291,0.03903,0.0,0.0,0.0,0.0,0.0,0.0,0.0,0.0,0.0,0.0
0.8,0.63847,0.03301,0.03913,0.0,0.0,0.0,0.0,0.0,0.0,0.0,0.0,0.0,0.0
0.8,0.63846,0.03311,0.03923,0.0,0.0,0.0,0.0,0.0,0.0,0.0,0.0,0.0,0.0
0.8,0.63845,0.03321,0.03933,0.0,0.0,0.0,0.0,0.0,0.0,0.0,0.0,0.0,0.0
0.8,0.63844,0.03331,0.03943,0.0,0.0,0.0,0.0,0.0,0.0,0.0,0.0,0.0,0.0
0.8,0.63844,0.03341,0.03953,0.0,0.0,0.0,0.0,0.0,0.0,0.0,0.0,0.0,0.0
0.8,0.63843,0.03352,0.03963,0.0,0.0,0.0,0.0,0.0,0.0,0.0,0.0,0.0,0.0
0.8,0.63842,0.03362,0.03973,0.0,0.0,0.0,0.0,0.0,0.0,0.0,0.0,0.0,0.0
0.8,0.63841,0.03372,0.03983,0.0,0.0,0.0,0.0,0.0,0.0,0.0,0.0,0.0,0.0
0.8,0.63841,0.03382,0.03993,0.0,0.0,0.0,0.0,0.0,0.0,0.0,0.0,0.0,0.0
0.8,0.6384,0.03392,0.04003,0.0,0.0,0.0,0.0,0.0,0.0,0.0,0.0,0.0,0.0
0.8,0.63839,0.03402,0.04013,0.0,0.0,0.0,0.0,0.0,0.0,0.0,0.0,0.0,0.0
0.8,0.63838,0.03412,0.04023,0.0,0.0,0.0,0.0,0.0,0.0,0.0,0.0,0.0,0.0
0.8,0.63837,0.03422,0.04033,0.0,0.0,0.0,0.0,0.0,0.0,0.0,0.0,0.0,0.0
0.8,0.63837,0.03432,0.04043,0.0,0.0,0.0,0.0,0.0,0.0,0.0,0.0,0.0,0.0
0.8,0.63836,0.03442,0.04053,0.0,0.0,0.0,0.0,0.0,0.0,0.0,0.0,0.0,0.0
0.8,0.63835,0.03452,0.04063,0.0,0.0,0.0,0.0,0.0,0.0,0.0,0.0,0.0,0.0
0.8,0.63834,0.03462,0.04073,0.0,0.0,0.0,0.0,0.0,0.0,0.0,0.0,0.0,0.0
0.8,0.63833,0.03472,0.04083,0.0,0.0,0.0,0.0,0.0,0.0,0.0,0.0,0.0,0.0
0.8,0.63832,0.03482,0.04093,0.0,0.0,0.0,0.0,0.0,0.0,0.0,0.0,0.0,0.0
0.8,0.63832,0.03492,0.04103,0.0,0.0,0.0,0.0,0.0,0.0,0.0,0.0,0.0,0.0
0.8,0.63831,0.03502,0.04113,0.0,0.0,0.0,0.0,0.0,0.0,0.0,0.0,0.0,0.0
0.8,0.6383,0.03512,0.04123,0.0,0.0,0.0,0.0,0.0,0.0,0.0,0.0,0.0,0.0
0.8,0.63829,0.03522,0.04133,0.0,0.0,0.0,0.0,0.0,0.0,0.0,0.0,0.0,0.0
0.8,0.63828,0.03532,0.04143,0.0,0.0,0.0,0.0,0.0,0.0,0.0,0.0,0.0,0.0
0.8,0.63827,0.03542,0.04153,0.0,0.0,0.0,0.0,0.0,0.0,0.0,0.0,0.0,0.0
0.8,0.63827,0.03552,0.04163,0.0,0.0,0.0,0.0,0.0,0.0,0.0,0.0,0.0,0.0
0.8,0.63826,0.03562,0.04173,0.0,0.0,0.0,0.0,0.0,0.0,0.0,0.0,0.0,0.0
0.8,0.63825,0.03572,0.04183,0.0,0.0,0.0,0.0,0.0,0.0,0.0,0.0,0.0,0.0
0.8,0.63824,0.03582,0.04193,0.0,0.0,0.0,0.0,0.0,0.0,0.0,0.0,0.0,0.0
0.8,0.63823,0.03592,0.04203,0.0,0.0,0.0,0.0,0.0,0.0,0.0,0.0,0.0,0.0
0.8,0.63822,0.03602,0.04213,0.0,0.0,0.0,0.0,0.0,0.0,0.0,0.0,0.0,0.0
0.8,0.63822,0.03612,0.04223,0.0,0.0,0.0,0.0,0.0,0.0,0.0,0.0,0.0,0.0
0.8,0.63821,0.03622,0.04233,0.0,0.0,0.0,0.0,0.0,0.0,0.0,0.0,0.0,0.0
0.8,0.6382,0.03632,0.04243,0.0,0.0,0.0,0.0,0.0,0.0,0.0,0.0,0.0,0.0
0.8,0.63819,0.03642,0.04253,0.0,0.0,0.0,0.0,0.0,0.0,0.0,0.0,0.0,0.0
0.8,0.63818,0.03652,0.04263,0.0,0.0,0.0,0.0,0.0,0.0,0.0,0.0,0.0,0.0
0.8,0.63817,0.03662,0.04273,0.0,0.0,0.0,0.0,0.0,0.0,0.0,0.0,0.0,0.0
0.8,0.63817,0.03672,0.04283,0.0,0.0,0.0,0.0,0.0,0.0,0.0,0.0,0.0,0.0
0.8,0.63816,0.03682,0.04293,0.0,0.0,0.0,0.0,0.0,0.0,0.0,0.0,0.0,0.0
0.8,0.63815,0.03692,0.04303,0.0,0.0,0.0,0.0,0.0,0.0,0.0,0.0,0.0,0.0
0.8,0.63814,0.03702,0.04313,0.0,0.0,0.0,0.0,0.0,0.0,0.0,0.0,0.0,0.0
0.8,0.63813,0.03712,0.04323,0.0,0.0,0.0,0.0,0.0,0.0,0.0,0.0,0.0,0.0
0.8,0.63812,0.03722,0.04333,0.0,0.0,0.0,0.0,0.0,0.0,0.0,0.0,0.0,0.0
0.8,0.63811,0.03732,0.04343,0.0,0.0,0.0,0.0,0.0,0.0,0.0,0.0,0.0,0.0
0.8,0.6381,0.03742,0.04353,0.0,0.0,0.0,0.0,0.0,0.0,0.0,0.0,0.0,0.0
0.8,0.6381,0.03752,0.04363,0.0,0.0,0.0,0.0,0.0,0.0,0.0,0.0,0.0,0.0
0.8,0.63809,0.03762,0.04373,0.0,0.0,0.0,0.0,0.0,0.0,0.0,0.0,0.0,0.0
0.8,0.63808,0.03772,0.04383,0.0,0.0,0.0,0.0,0.0,0.0,0.0,0.0,0.0,0.0
0.8,0.63807,0.03782,0.04393,0.0,0.0,0.0,0.0,0.0,0.0,0.0,0.0,0.0,0.0
0.8,0.63806,0.03792,0.04403,0.0,0.0,0.0,0.0,0.0,0.0,0.0,0.0,0.0,0.0
0.8,0.63805,0.03802,0.04413,0.0,0.0,0.0,0.0,0.0,0.0,0.0,0.0,0.0,0.0
0.8,0.63804,0.03812,0.04423,0.0,0.0,0.0,0.0,0.0,0.0,0.0,0.0,0.0,0.0
0.8,0.63803,0.03822,0.04433,0.0,0.0,0.0,0.0,0.0,0.0,0.0,0.0,0.0,0.0
0.8,0.63803,0.03832,0.04443,0.0,0.0,0.0,0.0,0.0,0.0,0.0,0.0,0.0,0.0
0.8,0.63802,0.03842,0.04453,0.0,0.0,0.0,0.0,0.0,0.0,0.0,0.0,0.0,0.0
0.8,0.63801,0.03852,0.04463,0.0,0.0,0.0,0.0,0.0,0.0,0.0,0.0,0.0,0.0
0.8,0.638,0.03862,0.04473,0.0,0.0,0.0,0.0,0.0,0.0,0.0,0.0,0.0,0.0
0.8,0.63799,0.03872,0.04483,0.0,0.0,0.0,0.0,0.0,0.0,0.0,0.0,0.0,0.0
0.8,0.63798,0.03882,0.04493,0.0,0.0,0.0,0.0,0.0,0.0,0.0,0.0,0.0,0.0
0.8,0.63797,0.03892,0.04503,0.0,0.0,0.0,0.0,0.0,0.0,0.0,0.0,0.0,0.0
0.8,0.63796,0.03902,0.04513,4.13e-06,5.78e-07,2.57e-06,5.78e-07,0.0,0.0,1.56e-06,0.0,0.0,0.0
0.8,0.63795,0.03912,0.04523,5.89e-06,8.24e-07,3.66e-06,8.24e-07,0.0,0.0,2.23e-06,0.0,0.0,0.0
0.8,0.63794,0.03922,0.04533,7.26e-06,1.01e-06,4.51e-06,1.01e-06,0.0,0.0,2.76e-06,0.0,0.0,0.0
0.8,0.63794,0.03932,0.04543,8.44e-06,1.18e-06,5.23e-06,1.18e-06,0.0,0.0,3.21e-06,0.0,0.0,0.0
0.8,0.63793,0.03942,0.04553,9.48e-06,1.32e-06,5.87e-06,1.32e-06,0.0,0.0,3.61e-06,0.0,0.0,0.0
0.8,0.63792,0.03952,0.04563,1.04e-05,1.46e-06,6.46e-06,1.46e-06,0.0,0.0,3.98e-06,0.0,0.0,0.0
0.8,0.63791,0.03962,0.04573,1.13e-05,1.58e-06,7.01e-06,1.58e-06,0.0,0.0,4.33e-06,0.0,0.0,0.0
0.8,0.6379,0.03972,0.04583,1.22e-05,1.7e-06,7.53e-06,1.7e-06,0.0,0.0,4.66e-06,0.0,0.0,0.0
0.8,0.63789,0.03982,0.04593,1.3e-05,1.81e-06,8.02e-06,1.81e-06,0.0,0.0,4.97e-06,0.0,0.0,0.0
0.8,0.63788,0.03992,0.04603,1.38e-05,1.92e-06,8.49e-06,1.92e-06,0.0,0.0,5.28e-06,0.0,0.0,0.0
0.8,0.63787,0.04002,0.04613,1.45e-05,2.02e-06,8.95e-06,2.02e-06,0.0,0.0,5.57e-06,0.0,0.0,0.0
0.8,0.63786,0.04012,0.04623,1.52e-05,2.12e-06,9.39e-06,2.12e-06,0.0,0.0,5.85e-06,0.0,0.0,0.0
0.8,0.63785,0.04022,0.04633,1.59e-05,2.21e-06,9.81e-06,2.21e-06,0.0,0.0,6.13e-06,0.0,0.0,0.0
0.8,0.63784,0.04032,0.04643,1.66e-05,2.31e-06,1.02e-05,2.31e-06,0.0,0.0,6.4e-06,0.0,0.0,0.0
0.8,0.63783,0.04042,0.04653,1.73e-05,2.4e-06,1.06e-05,2.4e-06,0.0,0.0,6.67e-06,0.0,0.0,0.0
0.8,0.63783,0.04052,0.04663,1.8e-05,2.49e-06,1.1e-05,2.49e-06,0.0,0.0,6.93e-06,0.0,0.0,0.0
0.8,0.63782,0.04062,0.04673,1.86e-05,2.58e-06,1.14e-05,2.58e-06,0.0,0.0,7.19e-06,0.0,0.0,0.0
0.8,0.63781,0.04072,0.04683,1.92e-05,2.66e-06,1.18e-05,2.66e-06,0.0,0.0,7.45e-06,0.0,0.0,0.0
0.8,0.6378,0.04082,0.04693,1.99e-05,2.75e-06,1.22e-05,2.75e-06,0.0,0.0,7.7e-06,0.0,0.0,0.0
0.8,0.63779,0.04092,0.04703,2.05e-05,2.83e-06,1.25e-05,2.83e-06,0.0,0.0,7.95e-06,0.0,0.0,0.0
0.8,0.63778,0.04102,0.04713,2.11e-05,2.91e-06,1.29e-05,2.91e-06,0.0,0.0,8.2e-06,0.0,0.0,0.0
0.8,0.63777,0.04112,0.04723,2.17e-05,2.99e-06,1.33e-05,2.99e-06,0.0,0.0,8.44e-06,0.0,0.0,0.0
0.8,0.63776,0.04122,0.04733,2.23e-05,3.07e-06,1.36e-05,3.07e-06,0.0,0.0,8.69e-06,0.0,0.0,0.0
0.8,0.63775,0.04132,0.04743,2.29e-05,3.15e-06,1.4e-05,3.15e-06,0.0,0.0,8.93e-06,0.0,0.0,0.0
0.8,0.63774,0.04142,0.04753,2.35e-05,3.23e-06,1.43e-05,3.23e-06,0.0,0.0,9.17e-06,0.0,0.0,0.0
0.8,0.63773,0.04152,0.04763,2.41e-05,3.31e-06,1.47e-05,3.31e-06,0.0,0.0,9.41e-06,0.0,0.0,0.0
0.8,0.63772,0.04162,0.04773,2.46e-05,3.39e-06,1.5e-05,3.39e-06,0.0,0.0,9.64e-06,0.0,0.0,0.0
0.8,0.63771,0.04172,0.04783,2.52e-05,3.47e-06,1.53e-05,3.47e-06,0.0,0.0,9.88e-06,0.0,0.0,0.0
0.8,0.6377,0.04182,0.04793,2.58e-05,3.54e-06,1.57e-05,3.54e-06,0.0,0.0,1.01e-05,0.0,0.0,0.0
0.8,0.63769,0.04192,0.04803,2.64e-05,3.62e-06,1.6e-05,3.62e-06,0.0,0.0,1.04e-05,0.0,0.0,0.0
0.8,0.63768,0.04202,0.04813,2.69e-05,3.69e-06,1.63e-05,3.69e-06,0.0,0.0,1.06e-05,0.0,0.0,0.0
0.8,0.63767,0.04212,0.04823,2.75e-05,3.77e-06,1.67e-05,3.77e-06,0.0,0.0,1.08e-05,0.0,0.0,0.0
0.8,0.63766,0.04222,0.04833,2.81e-05,3.84e-06,1.7e-05,3.84e-06,0.0,0.0,1.11e-05,0.0,0.0,0.0
0.8,0.63765,0.04232,0.04843,2.86e-05,3.92e-06,1.73e-05,3.92e-06,0.0,0.0,1.13e-05,0.0,0.0,0.0
0.8,0.63764,0.04242,0.04853,2.92e-05,3.99e-06,1.76e-05,3.99e-06,0.0,0.0,1.15e-05,0.0,0.0,0.0
0.8,0.63763,0.04252,0.04863,2.97e-05,4.07e-06,1.8e-05,4.07e-06,0.0,0.0,1.18e-05,0.0,0.0,0.0
0.8,0.63762,0.04262,0.04873,3.03e-05,4.14e-06,1.83e-05,4.14e-06,0.0,0.0,1.2e-05,0.0,0.0,0.0
0.8,0.63762,0.04272,0.04883,3.08e-05,4.21e-06,1.86e-05,4.21e-06,0.0,0.0,1.22e-05,0.0,0.0,0.0
0.8,0.63761,0.04282,0.04893,3.14e-05,4.28e-06,1.89e-05,4.28e-06,0.0,0.0,1.25e-05,0.0,0.0,0.0
0.8,0.6376,0.04292,0.04903,3.19e-05,4.36e-06,1.93e-05,4.36e-06,0.0,0.0,1.27e-05,0.0,0.0,0.0
0.8,0.63759,0.04302,0.04913,3.25e-05,4.43e-06,1.96e-05,4.43e-06,0.0,0.0,1.29e-05,0.0,0.0,0.0
0.8,0.63758,0.04312,0.04923,3.31e-05,4.5e-06,1.99e-05,4.5e-06,0.0,0.0,1.32e-05,0.0,0.0,0.0
0.8,0.63757,0.04322,0.04933,3.36e-05,4.57e-06,2.02e-05,4.57e-06,0.0,0.0,1.34e-05,0.0,0.0,0.0
0.8,0.63756,0.04332,0.04943,3.42e-05,4.65e-06,2.05e-05,4.65e-06,0.0,0.0,1.36e-05,0.0,0.0,0.0
0.8,0.63755,0.04342,0.04953,3.47e-05,4.72e-06,2.08e-05,4.72e-06,0.0,0.0,1.39e-05,0.0,0.0,0.0
0.8,0.63754,0.04352,0.04963,3.53e-05,4.79e-06,2.11e-05,4.79e-06,0.0,0.0,1.41e-05,0.0,0.0,0.0
0.8,0.63753,0.04362,0.04973,3.58e-05,4.86e-06,2.15e-05,4.86e-06,0.0,0.0,1.43e-05,0.0,0.0,0.0
0.8,0.63752,0.04372,0.04983,3.64e-05,4.93e-06,2.18e-05,4.93e-06,0.0,0.0,1.46e-05,0.0,0.0,0.0
0.8,0.63751,0.04382,0.04993,3.69e-05,5.01e-06,2.21e-05,5.01e-06,0.0,0.0,1.48e-05,0.0,0.0,0.0
0.8,0.6375,0.04392,0.05003,3.75e-05,5.08e-06,2.24e-05,5.08e-06,0.0,0.0,1.51e-05,0.0,0.0,0.0
0.8,0.63749,0.04402,0.05013,3.8e-05,5.15e-06,2.27e-05,5.15e-06,0.0,0.0,1.53e-05,0.0,0.0,0.0
0.8,0.63748,0.04412,0.05023,3.86e-05,5.22e-06,2.3e-05,5.22e-06,0.0,0.0,1.55e-05,0.0,0.0,0.0
0.8,0.63747,0.04422,0.05033,3.91e-05,5.29e-06,2.33e-05,5.29e-06,0.0,0.0,1.58e-05,0.0,0.0,0.0
0.8,0.63746,0.04432,0.05043,3.97e-05,5.36e-06,2.37e-05,5.36e-06,0.0,0.0,1.6e-05,0.0,0.0,0.0
0.8,0.63745,0.04442,0.05053,4.02e-05,5.43e-06,2.4e-05,5.43e-06,0.0,0.0,1.62e-05,0.0,0.0,0.0
0.8,0.63744,0.04452,0.05063,4.08e-05,5.51e-06,2.43e-05,5.51e-06,0.0,0.0,1.65e-05,0.0,0.0,0.0
0.8,0.63743,0.04462,0.05073,4.13e-05,5.58e-06,2.46e-05,5.58e-06,0.0,0.0,1.67e-05,0.0,0.0,0.0
0.8,0.63742,0.04472,0.05083,4.19e-05,5.65e-06,2.49e-05,5.65e-06,0.0,0.0,1.7e-05,0.0,0.0,0.0
0.8,0.63741,0.04482,0.05093,4.24e-05,5.72e-06,2.52e-05,5.72e-06,0.0,0.0,1.72e-05,0.0,0.0,0.0
0.8,0.6374,0.04492,0.05103,4.3e-05,5.79e-06,2.55e-05,5.79e-06,0.0,0.0,1.75e-05,0.0,0.0,0.0
0.8,0.63739,0.04503,0.05113,4.35e-05,5.86e-06,2.58e-05,5.86e-06,0.0,0.0,1.77e-05,0.0,0.0,0.0
0.8,0.63738,0.04513,0.05123,4.41e-05,5.94e-06,2.61e-05,5.94e-06,0.0,0.0,1.8e-05,0.0,0.0,0.0
0.8,0.63736,0.04523,0.05133,4.47e-05,6.01e-06,2.65e-05,6.01e-06,0.0,0.0,1.82e-05,0.0,0.0,0.0
0.8,0.63735,0.04533,0.05143,4.52e-05,6.08e-06,2.68e-05,6.08e-06,0.0,0.0,1.84e-05,0.0,0.0,0.0
0.8,0.63734,0.04543,0.05153,4.58e-05,6.15e-06,2.71e-05,6.15e-06,0.0,0.0,1.87e-05,0.0,0.0,0.0
0.8,0.63733,0.04553,0.05163,4.63e-05,6.22e-06,2.74e-05,6.22e-06,0.0,0.0,1.89e-05,0.0,0.0,0.0
0.8,0.63732,0.04563,0.05173,4.69e-05,6.29e-06,2.77e-05,6.29e-06,0.0,0.0,1.92e-05,0.0,0.0,0.0
0.8,0.63731,0.04573,0.05183,4.75e-05,6.37e-06,2.8e-05,6.37e-06,0.0,0.0,1.94e-05,0.0,0.0,0.0
0.8,0.6373,0.04583,0.05193,4.8e-05,6.44e-06,2.83e-05,6.44e-06,0.0,0.0,1.97e-05,0.0,0.0,0.0
0.8,0.63729,0.04593,0.05203,4.86e-05,6.51e-06,2.87e-05,6.51e-06,0.0,0.0,1.99e-05,0.0,0.0,0.0
0.8,0.63728,0.04603,0.05213,4.92e-05,6.58e-06,2.9e-05,6.58e-06,0.0,0.0,2.02e-05,0.0,0.0,0.0
0.8,0.63727,0.04613,0.05223,4.97e-05,6.66e-06,2.93e-05,6.66e-06,0.0,0.0,2.05e-05,0.0,0.0,0.0
0.8,0.63726,0.04623,0.05233,5.03e-05,6.73e-06,2.96e-05,6.73e-06,0.0,0.0,2.07e-05,0.0,0.0,0.0
0.8,0.63725,0.04633,0.05243,5.09e-05,6.8e-06,2.99e-05,6.8e-06,0.0,0.0,2.1e-05,0.0,0.0,0.0
0.8,0.63724,0.04643,0.05253,5.15e-05,6.87e-06,3.02e-05,6.87e-06,0.0,0.0,2.12e-05,0.0,0.0,0.0
0.8,0.63723,0.04653,0.05263,5.2e-05,6.95e-06,3.05e-05,6.95e-06,0.0,0.0,2.15e-05,0.0,0.0,0.0
0.8,0.63722,0.04663,0.05273,5.26e-05,7.02e-06,3.09e-05,7.02e-06,0.0,0.0,2.17e-05,0.0,0.0,0.0
0.8,0.63721,0.04673,0.05283,5.32e-05,7.09e-06,3.12e-05,7.09e-06,0.0,0.0,2.2e-05,0.0,0.0,0.0
0.8,0.6372,0.04683,0.05293,5.38e-05,7.17e-06,3.15e-05,7.17e-06,0.0,0.0,2.23e-05,0.0,0.0,0.0
0.8,0.63719,0.04693,0.05303,5.44e-05,7.24e-06,3.18e-05,7.24e-06,0.0,0.0,2.25e-05,0.0,0.0,0.0
0.8,0.63718,0.04703,0.05313,5.49e-05,7.31e-06,3.21e-05,7.31e-06,0.0,0.0,2.28e-05,0.0,0.0,0.0
0.8,0.63717,0.04713,0.05323,5.55e-05,7.39e-06,3.25e-05,7.39e-06,0.0,0.0,2.31e-05,0.0,0.0,0.0
0.8,0.63716,0.04723,0.05333,5.61e-05,7.46e-06,3.28e-05,7.46e-06,0.0,0.0,2.33e-05,0.0,0.0,0.0
0.8,0.63714,0.04733,0.05343,5.67e-05,7.54e-06,3.31e-05,7.54e-06,0.0,0.0,2.36e-05,0.0,0.0,0.0
0.8,0.63713,0.04743,0.05353,5.72e-05,7.59e-06,3.34e-05,7.59e-06,0.0,0.0,2.38e-05,0.0,0.0,0.0
0.8,0.63712,0.04753,0.05363,5.74e-05,7.62e-06,3.35e-05,7.62e-06,0.0,0.0,2.39e-05,0.0,0.0,0.0
0.8,0.63711,0.04763,0.05373,5.77e-05,7.65e-06,3.36e-05,7.65e-06,0.0,0.0,2.41e-05,0.0,0.0,0.0
0.8,0.6371,0.04773,0.05383,5.79e-05,7.68e-06,3.37e-05,7.68e-06,0.0,0.0,2.42e-05,0.0,0.0,0.0
0.8,0.63709,0.04783,0.05393,5.82e-05,7.71e-06,3.39e-05,7.71e-06,0.0,0.0,2.43e-05,0.0,0.0,0.0
0.8,0.63708,0.04793,0.05403,5.84e-05,7.74e-06,3.4e-05,7.74e-06,0.0,0.0,2.45e-05,0.0,0.0,0.0
0.8,0.63707,0.04803,0.05413,5.87e-05,7.77e-06,3.41e-05,7.77e-06,0.0,0.0,2.46e-05,0.0,0.0,0.0
0.8,0.63706,0.04813,0.05423,5.9e-05,7.8e-06,3.42e-05,7.8e-06,0.0,0.0,2.47e-05,0.0,0.0,0.0
0.8,0.63705,0.04823,0.05433,5.92e-05,7.83e-06,3.44e-05,7.83e-06,0.0,0.0,2.48e-05,0.0,0.0,0.0
0.8,0.63704,0.04833,0.05443,5.95e-05,7.86e-06,3.45e-05,7.86e-06,0.0,0.0,2.5e-05,0.0,0.0,0.0
0.8,0.63703,0.04843,0.05453,5.97e-05,7.89e-06,3.46e-05,7.89e-06,0.0,0.0,2.51e-05,0.0,0.0,0.0
0.8,0.63702,0.04853,0.05463,6e-05,7.92e-06,3.47e-05,7.92e-06,0.0,0.0,2.52e-05,0.0,0.0,0.0
0.8,0.637,0.04863,0.05473,6.03e-05,7.95e-06,3.49e-05,7.95e-06,0.0,0.0,2.54e-05,0.0,0.0,0.0
0.8,0.63699,0.04873,0.05483,6.05e-05,7.98e-06,3.5e-05,7.98e-06,0.0,0.0,2.55e-05,0.0,0.0,0.0
0.8,0.63698,0.04883,0.05493,6.08e-05,8.01e-06,3.51e-05,8.01e-06,0.0,0.0,2.56e-05,0.0,0.0,0.0
0.8,0.63697,0.04893,0.05503,6.1e-05,8.04e-06,3.53e-05,8.04e-06,0.0,0.0,2.58e-05,0.0,0.0,0.0
0.8,0.63696,0.04903,0.05513,6.13e-05,8.07e-06,3.54e-05,8.07e-06,0.0,0.0,2.59e-05,0.0,0.0,0.0
0.8,0.63695,0.04913,0.05523,6.16e-05,8.11e-06,3.55e-05,8.11e-06,0.0,0.0,2.61e-05,0.0,0.0,0.0
0.8,0.63694,0.04923,0.05533,6.18e-05,8.14e-06,3.57e-05,8.14e-06,0.0,0.0,2.62e-05,0.0,0.0,0.0
0.8,0.63693,0.04933,0.05543,6.21e-05,8.17e-06,3.58e-05,8.17e-06,0.0,0.0,2.63e-05,0.0,0.0,0.0
0.8,0.63692,0.04943,0.05553,6.24e-05,8.2e-06,3.59e-05,8.2e-06,0.0,0.0,2.65e-05,0.0,0.0,0.0
0.8,0.6369,0.04953,0.05563,6.26e-05,8.23e-06,3.6e-05,8.23e-06,0.0,0.0,2.66e-05,0.0,0.0,0.0
0.8,0.63689,0.04963,0.05573,6.29e-05,8.26e-06,3.62e-05,8.26e-06,0.0,0.0,2.67e-05,0.0,0.0,0.0
0.8,0.63688,0.04973,0.05583,6.32e-05,8.29e-06,3.63e-05,8.29e-06,0.0,0.0,2.69e-05,0.0,0.0,0.0
0.8,0.63687,0.04983,0.05593,6.35e-05,8.32e-06,3.64e-05,8.32e-06,0.0,0.0,2.7e-05,0.0,0.0,0.0
0.8,0.63686,0.04993,0.05603,6.37e-05,8.35e-06,3.66e-05,8.35e-06,0.0,0.0,2.71e-05,0.0,0.0,0.0
0.8,0.63685,0.05003,0.05613,6.4e-05,8.39e-06,3.67e-05,8.39e-06,0.0,0.0,2.73e-05,0.0,0.0,0.0
0.8,0.63684,0.05013,0.05623,6.43e-05,8.42e-06,3.68e-05,8.42e-06,0.0,0.0,2.74e-05,0.0,0.0,0.0
0.8,0.63683,0.05023,0.05633,6.45e-05,8.45e-06,3.7e-05,8.45e-06,0.0,0.0,2.76e-05,0.0,0.0,0.0
0.8,0.63682,0.05033,0.05643,6.48e-05,8.48e-06,3.71e-05,8.48e-06,0.0,0.0,2.77e-05,0.0,0.0,0.0
0.8,0.6368,0.05043,0.05653,6.51e-05,8.51e-06,3.72e-05,8.51e-06,0.0,0.0,2.79e-05,0.0,0.0,0.0
0.8,0.63679,0.05053,0.05663,6.54e-05,8.54e-06,3.74e-05,8.54e-06,0.0,0.0,2.8e-05,0.0,0.0,0.0
0.8,0.63678,0.05063,0.05673,6.56e-05,8.58e-06,3.75e-05,8.58e-06,0.0,0.0,2.81e-05,0.0,0.0,0.0
0.8,0.63677,0.05073,0.05683,6.59e-05,8.61e-06,3.76e-05,8.61e-06,0.0,0.0,2.83e-05,0.0,0.0,0.0
0.8,0.63676,0.05083,0.05693,6.62e-05,8.64e-06,3.78e-05,8.64e-06,0.0,0.0,2.84e-05,0.0,0.0,0.0
0.8,0.63675,0.05093,0.05703,6.65e-05,8.67e-06,3.79e-05,8.67e-06,0.0,0.0,2.86e-05,0.0,0.0,0.0
0.8,0.63674,0.05103,0.05713,6.68e-05,8.7e-06,3.81e-05,8.7e-06,0.0,0.0,2.87e-05,0.0,0.0,0.0
0.8,0.63672,0.05113,0.05723,6.7e-05,8.74e-06,3.82e-05,8.74e-06,0.0,0.0,2.89e-05,0.0,0.0,0.0
0.8,0.63671,0.05123,0.05733,6.73e-05,8.77e-06,3.83e-05,8.77e-06,0.0,0.0,2.9e-05,0.0,0.0,0.0
0.8,0.6367,0.05133,0.05743,6.76e-05,8.8e-06,3.85e-05,8.8e-06,0.0,0.0,2.91e-05,0.0,0.0,0.0
0.8,0.63669,0.05143,0.05753,6.79e-05,8.83e-06,3.86e-05,8.83e-06,0.0,0.0,2.93e-05,0.0,0.0,0.0
0.8,0.63668,0.05153,0.05763,6.82e-05,8.87e-06,3.87e-05,8.87e-06,0.0,0.0,2.94e-05,0.0,0.0,0.0
0.8,0.63667,0.05163,0.05773,6.85e-05,8.9e-06,3.89e-05,8.9e-06,0.0,0.0,2.96e-05,0.0,0.0,0.0
0.8,0.63666,0.05173,0.05783,6.87e-05,8.93e-06,3.9e-05,8.93e-06,0.0,0.0,2.97e-05,0.0,0.0,0.0
0.8,0.63664,0.05183,0.05793,6.9e-05,8.97e-06,3.92e-05,8.97e-06,0.0,0.0,2.99e-05,0.0,0.0,0.0
0.8,0.63663,0.05193,0.05803,6.93e-05,9e-06,3.93e-05,9e-06,0.0,0.0,3e-05,0.0,0.0,0.0
0.8,0.63662,0.05203,0.05813,6.96e-05,9.03e-06,3.94e-05,9.03e-06,0.0,0.0,3.02e-05,0.0,0.0,0.0
0.8,0.63661,0.05213,0.05823,6.99e-05,9.07e-06,3.96e-05,9.07e-06,0.0,0.0,3.03e-05,0.0,0.0,0.0
0.8,0.6366,0.05223,0.05833,7.02e-05,9.1e-06,3.97e-05,9.1e-06,0.0,0.0,3.05e-05,0.0,0.0,0.0
0.8,0.63659,0.05233,0.05843,7.05e-05,9.13e-06,3.99e-05,9.13e-06,0.0,0.0,3.06e-05,0.0,0.0,0.0
0.8,0.63657,0.05243,0.05853,7.08e-05,9.17e-06,4e-05,9.17e-06,0.0,0.0,3.08e-05,0.0,0.0,0.0
0.8,0.63656,0.05253,0.05863,7.11e-05,9.2e-06,4.01e-05,9.2e-06,0.0,0.0,3.09e-05,0.0,0.0,0.0
0.8,0.63655,0.05263,0.05873,7.14e-05,9.23e-06,4.03e-05,9.23e-06,0.0,0.0,3.11e-05,0.0,0.0,0.0
0.8,0.63654,0.05273,0.05883,7.16e-05,9.27e-06,4.04e-05,9.27e-06,0.0,0.0,3.12e-05,0.0,0.0,0.0
0.8,0.63653,0.05283,0.05893,7.19e-05,9.3e-06,4.06e-05,9.3e-06,0.0,0.0,3.14e-05,0.0,0.0,0.0
0.8,0.63651,0.05293,0.05903,7.22e-05,9.33e-06,4.07e-05,9.33e-06,0.0,0.0,3.15e-05,0.0,0.0,0.0
0.8,0.6365,0.05303,0.05913,7.25e-05,9.37e-06,4.08e-05,9.37e-06,0.0,0.0,3.17e-05,0.0,0.0,0.0
0.8,0.63649,0.05313,0.05923,7.28e-05,9.4e-06,4.1e-05,9.4e-06,0.0,0.0,3.18e-05,0.0,0.0,0.0
0.8,0.63648,0.05323,0.05933,7.31e-05,9.44e-06,4.11e-05,9.44e-06,0.0,0.0,3.2e-05,0.0,0.0,0.0
0.8,0.63647,0.05333,0.05943,7.34e-05,9.47e-06,4.13e-05,9.47e-06,0.0,0.0,3.21e-05,0.0,0.0,0.0
0.8,0.63646,0.05343,0.05953,7.37e-05,9.51e-06,4.14e-05,9.51e-06,0.0,0.0,3.23e-05,0.0,0.0,0.0
0.8,0.63644,0.05353,0.05963,7.4e-05,9.54e-06,4.16e-05,9.54e-06,0.0,0.0,3.25e-05,0.0,0.0,0.0
0.8,0.63643,0.05363,0.05973,7.43e-05,9.58e-06,4.17e-05,9.58e-06,0.0,0.0,3.26e-05,0.0,0.0,0.0
0.8,0.63642,0.05373,0.05983,7.46e-05,9.61e-06,4.19e-05,9.61e-06,0.0,0.0,3.28e-05,0.0,0.0,0.0
0.8,0.63641,0.05383,0.05993,7.49e-05,9.64e-06,4.2e-05,9.64e-06,0.0,0.0,3.29e-05,0.0,0.0,0.0
0.8,0.6364,0.05393,0.06003,7.52e-05,9.68e-06,4.22e-05,9.68e-06,0.0,0.0,3.31e-05,0.0,0.0,0.0
0.8,0.63638,0.05403,0.06013,7.55e-05,9.71e-06,4.23e-05,9.71e-06,0.0,0.0,3.32e-05,0.0,0.0,0.0
0.8,0.63637,0.05413,0.06023,7.59e-05,9.75e-06,4.24e-05,9.75e-06,0.0,0.0,3.34e-05,0.0,0.0,0.0
0.8,0.63636,0.05423,0.06033,7.62e-05,9.78e-06,4.26e-05,9.78e-06,0.0,0.0,3.36e-05,0.0,0.0,0.0
0.8,0.63635,0.05434,0.06043,7.65e-05,9.82e-06,4.27e-05,9.82e-06,0.0,0.0,3.37e-05,0.0,0.0,0.0
0.8,0.63634,0.05444,0.06053,7.68e-05,9.86e-06,4.29e-05,9.86e-06,0.0,0.0,3.39e-05,0.0,0.0,0.0
0.8,0.63632,0.05454,0.06063,7.71e-05,9.89e-06,4.3e-05,9.89e-06,0.0,0.0,3.4e-05,0.0,0.0,0.0
0.8,0.63631,0.05464,0.06073,7.74e-05,9.93e-06,4.32e-05,9.93e-06,0.0,0.0,3.42e-05,0.0,0.0,0.0
0.8,0.6363,0.05474,0.06083,7.77e-05,9.96e-06,4.33e-05,9.96e-06,0.0,0.0,3.44e-05,0.0,0.0,0.0
0.8,0.63629,0.05484,0.06093,7.8e-05,1e-05,4.35e-05,1e-05,0.0,0.0,3.45e-05,0.0,0.0,0.0
0.8,0.63627,0.05494,0.06103,7.83e-05,1e-05,4.36e-05,1e-05,0.0,0.0,3.47e-05,0.0,0.0,0.0
0.8,0.63626,0.05504,0.06113,7.86e-05,1.01e-05,4.38e-05,1.01e-05,0.0,0.0,3.49e-05,0.0,0.0,0.0
0.8,0.63625,0.05514,0.06123,7.9e-05,1.01e-05,4.39e-05,1.01e-05,0.0,0.0,3.5e-05,0.0,0.0,0.0
0.8,0.63624,0.05524,0.06133,7.93e-05,1.01e-05,4.41e-05,1.01e-05,0.0,0.0,3.52e-05,0.0,0.0,0.0
0.8,0.63623,0.05534,0.06143,7.96e-05,1.02e-05,4.42e-05,1.02e-05,0.0,0.0,3.53e-05,0.0,0.0,0.0
0.8,0.63621,0.05544,0.06153,7.99e-05,1.02e-05,4.44e-05,1.02e-05,0.0,0.0,3.55e-05,0.0,0.0,0.0
0.8,0.6362,0.05554,0.06163,8.02e-05,1.03e-05,4.45e-05,1.03e-05,0.0,0.0,3.57e-05,0.0,0.0,0.0
0.8,0.63619,0.05564,0.06173,8.05e-05,1.03e-05,4.47e-05,1.03e-05,0.0,0.0,3.58e-05,0.0,0.0,0.0
0.8,0.63618,0.05574,0.06183,8.09e-05,1.03e-05,4.49e-05,1.03e-05,0.0,0.0,3.6e-05,0.0,0.0,0.0
0.8,0.63616,0.05584,0.06193,8.12e-05,1.04e-05,4.5e-05,1.04e-05,0.0,0.0,3.62e-05,0.0,0.0,0.0
0.8,0.63615,0.05594,0.06203,8.15e-05,1.04e-05,4.52e-05,1.04e-05,0.0,0.0,3.63e-05,0.0,0.0,0.0
0.8,0.63614,0.05604,0.06213,8.18e-05,1.04e-05,4.53e-05,1.04e-05,0.0,0.0,3.65e-05,0.0,0.0,0.0
0.8,0.63613,0.05614,0.06223,8.22e-05,1.05e-05,4.55e-05,1.05e-05,0.0,0.0,3.67e-05,0.0,0.0,0.0
0.8,0.63611,0.05624,0.06233,8.25e-05,1.05e-05,4.56e-05,1.05e-05,0.0,0.0,3.69e-05,0.0,0.0,0.0
0.8,0.6361,0.05634,0.06243,8.28e-05,1.05e-05,4.58e-05,1.05e-05,0.0,0.0,3.7e-05,0.0,0.0,0.0
0.8,0.63609,0.05644,0.06253,8.31e-05,1.06e-05,4.59e-05,1.06e-05,0.0,0.0,3.72e-05,0.0,0.0,0.0
0.8,0.63608,0.05654,0.06263,8.35e-05,1.06e-05,4.61e-05,1.06e-05,0.0,0.0,3.74e-05,0.0,0.0,0.0
0.8,0.63606,0.05664,0.06273,8.38e-05,1.07e-05,4.63e-05,1.07e-05,0.0,0.0,3.75e-05,0.0,0.0,0.0
0.8,0.63605,0.05674,0.06283,8.41e-05,1.07e-05,4.64e-05,1.07e-05,0.0,0.0,3.77e-05,0.0,0.0,0.0
0.8,0.63604,0.05684,0.06293,8.44e-05,1.07e-05,4.66e-05,1.07e-05,0.0,0.0,3.79e-05,0.0,0.0,0.0
0.8,0.63603,0.05694,0.06303,8.48e-05,1.08e-05,4.67e-05,1.08e-05,0.0,0.0,3.81e-05,0.0,0.0,0.0
0.8,0.63601,0.05704,0.06313,8.51e-05,1.08e-05,4.69e-05,1.08e-05,0.0,0.0,3.82e-05,0.0,0.0,0.0
0.8,0.636,0.05714,0.06323,8.54e-05,1.08e-05,4.7e-05,1.08e-05,0.0,0.0,3.84e-05,0.0,0.0,0.0
0.8,0.63599,0.05724,0.06333,8.58e-05,1.09e-05,4.72e-05,1.09e-05,0.0,0.0,3.86e-05,0.0,0.0,0.0
0.8,0.63598,0.05734,0.06343,8.61e-05,1.09e-05,4.74e-05,1.09e-05,0.0,0.0,3.87e-05,0.0,0.0,0.0
0.8,0.63596,0.05744,0.06353,8.64e-05,1.1e-05,4.75e-05,1.1e-05,0.0,0.0,3.89e-05,0.0,0.0,0.0
0.8,0.63595,0.05754,0.06363,8.68e-05,1.1e-05,4.77e-05,1.1e-05,0.0,0.0,3.91e-05,0.0,0.0,0.0
0.8,0.63594,0.05764,0.06373,8.71e-05,1.1e-05,4.78e-05,1.1e-05,0.0,0.0,3.93e-05,0.0,0.0,0.0
0.8,0.63593,0.05774,0.06383,8.75e-05,1.11e-05,4.8e-05,1.11e-05,0.0,0.0,3.95e-05,0.0,0.0,0.0
0.8,0.63591,0.05784,0.06393,8.78e-05,1.11e-05,4.82e-05,1.11e-05,0.0,0.0,3.96e-05,0.0,0.0,0.0
0.8,0.6359,0.05794,0.06403,8.81e-05,1.12e-05,4.83e-05,1.12e-05,0.0,0.0,3.98e-05,0.0,0.0,0.0
0.8,0.63589,0.05804,0.06413,8.85e-05,1.12e-05,4.85e-05,1.12e-05,0.0,0.0,4e-05,0.0,0.0,0.0
0.8,0.63587,0.05814,0.06423,8.88e-05,1.12e-05,4.87e-05,1.12e-05,0.0,0.0,4.02e-05,0.0,0.0,0.0
0.8,0.63586,0.05824,0.06433,8.92e-05,1.13e-05,4.88e-05,1.13e-05,0.0,0.0,4.03e-05,0.0,0.0,0.0
0.8,0.63585,0.05834,0.06443,8.95e-05,1.13e-05,4.9e-05,1.13e-05,0.0,0.0,4.05e-05,0.0,0.0,0.0
0.8,0.63584,0.05844,0.06453,8.99e-05,1.14e-05,4.91e-05,1.14e-05,0.0,0.0,4.07e-05,0.0,0.0,0.0
0.8,0.63582,0.05854,0.06463,9.02e-05,1.14e-05,4.93e-05,1.14e-05,0.0,0.0,4.09e-05,0.0,0.0,0.0
0.8,0.63581,0.05864,0.06473,9.06e-05,1.14e-05,4.95e-05,1.14e-05,0.0,0.0,4.11e-05,0.0,0.0,0.0
0.8,0.6358,0.05874,0.06483,9.09e-05,1.15e-05,4.96e-05,1.15e-05,0.0,0.0,4.13e-05,0.0,0.0,0.0
0.8,0.63578,0.05884,0.06493,9.12e-05,1.15e-05,4.98e-05,1.15e-05,0.0,0.0,4.14e-05,0.0,0.0,0.0
0.8,0.63577,0.05894,0.06503,9.16e-05,1.16e-05,5e-05,1.16e-05,0.0,0.0,4.16e-05,0.0,0.0,0.0
0.8,0.63576,0.05904,0.06513,9.19e-05,1.16e-05,5.01e-05,1.16e-05,0.0,0.0,4.18e-05,0.0,0.0,0.0
0.8,0.63574,0.05914,0.06523,9.23e-05,1.16e-05,5.03e-05,1.16e-05,0.0,0.0,4.2e-05,0.0,0.0,0.0
0.8,0.63573,0.05924,0.06533,9.27e-05,1.17e-05,5.05e-05,1.17e-05,0.0,0.0,4.22e-05,0.0,0.0,0.0
0.8,0.63572,0.05934,0.06543,9.3e-05,1.17e-05,5.06e-05,1.17e-05,0.0,0.0,4.24e-05,0.0,0.0,0.0
0.8,0.63571,0.05944,0.06553,9.34e-05,1.18e-05,5.08e-05,1.18e-05,0.0,0.0,4.25e-05,0.0,0.0,0.0
0.8,0.63569,0.05954,0.06563,9.37e-05,1.18e-05,5.1e-05,1.18e-05,0.0,0.0,4.27e-05,0.0,0.0,0.0
0.8,0.63568,0.05964,0.06573,9.41e-05,1.18e-05,5.12e-05,1.18e-05,0.0,0.0,4.29e-05,0.0,0.0,0.0
0.8,0.63567,0.05974,0.06583,9.44e-05,1.19e-05,5.13e-05,1.19e-05,0.0,0.0,4.31e-05,0.0,0.0,0.0
0.8,0.63565,0.05984,0.06593,9.48e-05,1.19e-05,5.15e-05,1.19e-05,0.0,0.0,4.33e-05,0.0,0.0,0.0
0.8,0.63564,0.05994,0.06603,9.52e-05,1.2e-05,5.17e-05,1.2e-05,0.0,0.0,4.35e-05,0.0,0.0,0.0
0.8,0.63563,0.06004,0.06613,9.55e-05,1.2e-05,5.18e-05,1.2e-05,0.0,0.0,4.37e-05,0.0,0.0,0.0
0.8,0.63561,0.06014,0.06623,9.59e-05,1.2e-05,5.2e-05,1.2e-05,0.0,0.0,4.39e-05,0.0,0.0,0.0
0.8,0.6356,0.06024,0.06633,9.62e-05,1.21e-05,5.22e-05,1.21e-05,0.0,0.0,4.41e-05,0.0,0.0,0.0
0.8,0.63559,0.06034,0.06643,9.66e-05,1.21e-05,5.24e-05,1.21e-05,0.0,0.0,4.42e-05,0.0,0.0,0.0
0.8,0.63557,0.06044,0.06653,9.7e-05,1.22e-05,5.25e-05,1.22e-05,0.0,0.0,4.44e-05,0.0,0.0,0.0
0.8,0.63556,0.06054,0.06663,9.73e-05,1.22e-05,5.27e-05,1.22e-05,0.0,0.0,4.46e-05,0.0,0.0,0.0
0.8,0.63555,0.06064,0.06673,9.77e-05,1.23e-05,5.29e-05,1.23e-05,0.0,0.0,4.48e-05,0.0,0.0,0.0
0.8,0.63553,0.06074,0.06683,9.81e-05,1.23e-05,5.31e-05,1.23e-05,0.0,0.0,4.5e-05,0.0,0.0,0.0
0.8,0.63552,0.06084,0.06693,9.84e-05,1.23e-05,5.32e-05,1.23e-05,0.0,0.0,4.52e-05,0.0,0.0,0.0
0.8,0.63551,0.06094,0.06703,9.88e-05,1.24e-05,5.34e-05,1.24e-05,0.0,0.0,4.54e-05,0.0,0.0,0.0
0.8,0.63549,0.06104,0.06713,9.92e-05,1.24e-05,5.36e-05,1.24e-05,0.0,0.0,4.56e-05,0.0,0.0,0.0
0.8,0.63548,0.06114,0.06723,9.96e-05,1.25e-05,5.38e-05,1.25e-05,0.0,0.0,4.58e-05,0.0,0.0,0.0
0.8,0.63547,0.06124,0.06733,9.99e-05,1.25e-05,5.39e-05,1.25e-05,0.0,0.0,4.6e-05,0.0,0.0,0.0
0.8,0.63545,0.06134,0.06743,0.0001,1.25e-05,5.41e-05,1.25e-05,0.0,0.0,4.62e-05,0.0,0.0,0.0
0.8,0.63544,0.06144,0.06753,0.000101,1.26e-05,5.43e-05,1.26e-05,0.0,0.0,4.64e-05,0.0,0.0,0.0
0.8,0.63543,0.06154,0.06763,0.000101,1.26e-05,5.45e-05,1.26e-05,0.0,0.0,4.66e-05,0.0,0.0,0.0
0.8,0.63541,0.06164,0.06773,0.000101,1.27e-05,5.46e-05,1.27e-05,0.0,0.0,4.68e-05,0.0,0.0,0.0
0.8,0.6354,0.06174,0.06783,0.000102,1.27e-05,5.48e-05,1.27e-05,0.0,0.0,4.7e-05,0.0,0.0,0.0
0.8,0.63538,0.06184,0.06793,0.000102,1.28e-05,5.5e-05,1.28e-05,0.0,0.0,4.72e-05,0.0,0.0,0.0
0.8,0.63537,0.06194,0.06803,0.000103,1.28e-05,5.52e-05,1.28e-05,0.0,0.0,4.74e-05,0.0,0.0,0.0
0.8,0.63536,0.06204,0.06813,0.000103,1.29e-05,5.54e-05,1.29e-05,0.0,0.0,4.76e-05,0.0,0.0,0.0
0.8,0.63534,0.06214,0.06823,0.000103,1.29e-05,5.56e-05,1.29e-05,0.0,0.0,4.78e-05,0.0,0.0,0.0
0.8,0.63533,0.06224,0.06833,0.000104,1.29e-05,5.57e-05,1.29e-05,0.0,0.0,4.8e-05,0.0,0.0,0.0
0.8,0.63532,0.06234,0.06843,0.000104,1.3e-05,5.59e-05,1.3e-05,0.0,0.0,4.82e-05,0.0,0.0,0.0
0.8,0.6353,0.06245,0.06853,0.000104,1.3e-05,5.61e-05,1.3e-05,0.0,0.0,4.84e-05,0.0,0.0,0.0
0.8,0.63529,0.06255,0.06863,0.000105,1.31e-05,5.63e-05,1.31e-05,0.0,0.0,4.86e-05,0.0,0.0,0.0
0.8,0.63528,0.06265,0.06873,0.000105,1.31e-05,5.65e-05,1.31e-05,0.0,0.0,4.88e-05,0.0,0.0,0.0
0.8,0.63526,0.06275,0.06883,0.000106,1.32e-05,5.67e-05,1.32e-05,0.0,0.0,4.9e-05,0.0,0.0,0.0
0.8,0.63525,0.06285,0.06893,0.000106,1.32e-05,5.68e-05,1.32e-05,0.0,0.0,4.92e-05,0.0,0.0,0.0
0.8,0.63523,0.06295,0.06903,0.000106,1.33e-05,5.7e-05,1.33e-05,0.0,0.0,4.94e-05,0.0,0.0,0.0
0.8,0.63522,0.06305,0.06913,0.000107,1.33e-05,5.72e-05,1.33e-05,0.0,0.0,4.96e-05,0.0,0.0,0.0
0.8,0.63521,0.06315,0.06923,0.000107,1.33e-05,5.74e-05,1.33e-05,0.0,0.0,4.98e-05,0.0,0.0,0.0
0.8,0.63519,0.06325,0.06933,0.000108,1.34e-05,5.76e-05,1.34e-05,0.0,0.0,5e-05,0.0,0.0,0.0
0.8,0.63518,0.06335,0.06943,0.000108,1.34e-05,5.78e-05,1.34e-05,0.0,0.0,5.02e-05,0.0,0.0,0.0
0.8,0.63516,0.06345,0.06953,0.000108,1.35e-05,5.8e-05,1.35e-05,0.0,0.0,5.04e-05,0.0,0.0,0.0
0.8,0.63515,0.06355,0.06963,0.000109,1.35e-05,5.81e-05,1.35e-05,0.0,0.0,5.07e-05,0.0,0.0,0.0
0.8,0.63514,0.06365,0.06973,0.000109,1.36e-05,5.83e-05,1.36e-05,0.0,0.0,5.09e-05,0.0,0.0,0.0
0.8,0.63512,0.06375,0.06983,0.00011,1.36e-05,5.85e-05,1.36e-05,0.0,0.0,5.11e-05,0.0,0.0,0.0
0.8,0.63511,0.06385,0.06993,0.00011,1.37e-05,5.87e-05,1.37e-05,0.0,0.0,5.13e-05,0.0,0.0,0.0
0.8,0.6351,0.06395,0.07003,0.00011,1.37e-05,5.89e-05,1.37e-05,0.0,0.0,5.15e-05,0.0,0.0,0.0
0.8,0.63508,0.06405,0.07013,0.000111,1.38e-05,5.91e-05,1.38e-05,0.0,0.0,5.17e-05,0.0,0.0,0.0
0.8,0.63507,0.06415,0.07023,0.000111,1.38e-05,5.93e-05,1.38e-05,0.0,0.0,5.19e-05,0.0,0.0,0.0
0.8,0.63505,0.06425,0.07033,0.000112,1.38e-05,5.95e-05,1.38e-05,0.0,0.0,5.21e-05,0.0,0.0,0.0
0.8,0.63504,0.06435,0.07043,0.000112,1.39e-05,5.97e-05,1.39e-05,0.0,0.0,5.24e-05,0.0,0.0,0.0
0.8,0.63502,0.06445,0.07053,0.000112,1.39e-05,5.99e-05,1.39e-05,0.0,0.0,5.26e-05,0.0,0.0,0.0
0.8,0.63501,0.06455,0.07063,0.000113,1.4e-05,6.01e-05,1.4e-05,0.0,0.0,5.28e-05,0.0,0.0,0.0
0.8,0.635,0.06465,0.07073,0.000113,1.4e-05,6.03e-05,1.4e-05,0.0,0.0,5.3e-05,0.0,0.0,0.0
0.8,0.63498,0.06475,0.07083,0.000114,1.41e-05,6.05e-05,1.41e-05,0.0,0.0,5.32e-05,0.0,0.0,0.0
0.8,0.63497,0.06485,0.07093,0.000114,1.41e-05,6.06e-05,1.41e-05,0.0,0.0,5.34e-05,0.0,0.0,0.0
0.8,0.63495,0.06495,0.07103,0.000114,1.42e-05,6.08e-05,1.42e-05,0.0,0.0,5.36e-05,0.0,0.0,0.0
0.8,0.63494,0.06505,0.07113,0.000115,1.42e-05,6.1e-05,1.42e-05,0.0,0.0,5.39e-05,0.0,0.0,0.0
0.8,0.63493,0.06515,0.07123,0.000115,1.43e-05,6.12e-05,1.43e-05,0.0,0.0,5.41e-05,0.0,0.0,0.0
0.8,0.63491,0.06525,0.07133,0.000116,1.43e-05,6.14e-05,1.43e-05,0.0,0.0,5.43e-05,0.0,0.0,0.0
0.8,0.6349,0.06535,0.07143,0.000116,1.44e-05,6.16e-05,1.44e-05,0.0,0.0,5.45e-05,0.0,0.0,0.0
0.8,0.63488,0.06545,0.07153,0.000117,1.44e-05,6.18e-05,1.44e-05,0.0,0.0,5.47e-05,0.0,0.0,0.0
0.8,0.63487,0.06555,0.07163,0.000117,1.45e-05,6.2e-05,1.45e-05,0.0,0.0,5.5e-05,0.0,0.0,0.0
0.8,0.63485,0.06565,0.07173,0.000117,1.45e-05,6.22e-05,1.45e-05,0.0,0.0,5.52e-05,0.0,0.0,0.0
0.8,0.63484,0.06575,0.07183,0.000118,1.46e-05,6.24e-05,1.46e-05,0.0,0.0,5.54e-05,0.0,0.0,0.0
0.8,0.63483,0.06585,0.07193,0.000118,1.46e-05,6.26e-05,1.46e-05,0.0,0.0,5.56e-05,0.0,0.0,0.0
0.8,0.63481,0.06595,0.07203,0.000119,1.47e-05,6.28e-05,1.47e-05,0.0,0.0,5.59e-05,0.0,0.0,0.0
0.8,0.6348,0.06605,0.07213,0.000119,1.47e-05,6.3e-05,1.47e-05,0.0,0.0,5.61e-05,0.0,0.0,0.0
0.8,0.63478,0.06615,0.07223,0.00012,1.48e-05,6.32e-05,1.48e-05,0.0,0.0,5.63e-05,0.0,0.0,0.0
0.8,0.63477,0.06625,0.07233,0.00012,1.48e-05,6.34e-05,1.48e-05,0.0,0.0,5.65e-05,0.0,0.0,0.0
0.8,0.63475,0.06635,0.07243,0.00012,1.49e-05,6.36e-05,1.49e-05,0.0,0.0,5.68e-05,0.0,0.0,0.0
0.8,0.63474,0.06645,0.07253,0.000121,1.49e-05,6.38e-05,1.49e-05,0.0,0.0,5.7e-05,0.0,0.0,0.0
0.8,0.63472,0.06655,0.07263,0.000121,1.5e-05,6.41e-05,1.5e-05,0.0,0.0,5.72e-05,0.0,0.0,0.0
0.8,0.63471,0.06665,0.07273,0.000122,1.5e-05,6.43e-05,1.5e-05,0.0,0.0,5.74e-05,0.0,0.0,0.0
0.8,0.6347,0.06675,0.07283,0.000122,1.51e-05,6.45e-05,1.51e-05,0.0,0.0,5.77e-05,0.0,0.0,0.0
0.8,0.63468,0.06685,0.07293,0.000123,1.51e-05,6.47e-05,1.51e-05,0.0,0.0,5.79e-05,0.0,0.0,0.0
0.8,0.63467,0.06695,0.07303,0.000123,1.52e-05,6.49e-05,1.52e-05,0.0,0.0,5.81e-05,0.0,0.0,0.0
0.8,0.63465,0.06705,0.07313,0.000123,1.52e-05,6.51e-05,1.52e-05,0.0,0.0,5.84e-05,0.0,0.0,0.0
0.8,0.63464,0.06715,0.07323,0.000124,1.53e-05,6.53e-05,1.53e-05,0.0,0.0,5.86e-05,0.0,0.0,0.0
0.8,0.63462,0.06725,0.07333,0.000124,1.53e-05,6.55e-05,1.53e-05,0.0,0.0,5.88e-05,0.0,0.0,0.0
0.8,0.63461,0.06735,0.07343,0.000125,1.54e-05,6.57e-05,1.54e-05,0.0,0.0,5.91e-05,0.0,0.0,0.0
0.8,0.63459,0.06745,0.07353,0.000125,1.54e-05,6.59e-05,1.54e-05,0.0,0.0,5.93e-05,0.0,0.0,0.0
0.8,0.63458,0.06755,0.07363,0.000126,1.55e-05,6.61e-05,1.55e-05,0.0,0.0,5.95e-05,0.0,0.0,0.0
0.8,0.63456,0.06765,0.07373,0.000126,1.55e-05,6.63e-05,1.55e-05,0.0,0.0,5.98e-05,0.0,0.0,0.0
0.8,0.63455,0.06775,0.07383,0.000127,1.56e-05,6.66e-05,1.56e-05,0.0,0.0,6e-05,0.0,0.0,0.0
0.8,0.63453,0.06785,0.07393,0.000127,1.56e-05,6.68e-05,1.56e-05,0.0,0.0,6.02e-05,0.0,0.0,0.0
0.8,0.63452,0.06795,0.07403,0.000127,1.57e-05,6.7e-05,1.57e-05,0.0,0.0,6.05e-05,0.0,0.0,0.0
0.8,0.6345,0.06805,0.07413,0.000128,1.57e-05,6.72e-05,1.57e-05,0.0,0.0,6.07e-05,0.0,0.0,0.0
0.8,0.63449,0.06815,0.07423,0.000128,1.58e-05,6.74e-05,1.58e-05,0.0,0.0,6.09e-05,0.0,0.0,0.0
0.8,0.63447,0.06825,0.07433,0.000129,1.58e-05,6.76e-05,1.58e-05,0.0,0.0,6.12e-05,0.0,0.0,0.0
0.8,0.63446,0.06835,0.07443,0.000129,1.59e-05,6.78e-05,1.59e-05,0.0,0.0,6.14e-05,0.0,0.0,0.0
0.8,0.63444,0.06845,0.07453,0.00013,1.59e-05,6.81e-05,1.59e-05,0.0,0.0,6.16e-05,0.0,0.0,0.0
0.8,0.63443,0.06855,0.07463,0.00013,1.6e-05,6.83e-05,1.6e-05,0.0,0.0,6.19e-05,0.0,0.0,0.0
0.8,0.63441,0.06865,0.07473,0.000131,1.6e-05,6.85e-05,1.6e-05,0.0,0.0,6.21e-05,0.0,0.0,0.0
0.8,0.6344,0.06875,0.07483,0.000131,1.61e-05,6.87e-05,1.61e-05,0.0,0.0,6.24e-05,0.0,0.0,0.0
0.8,0.63438,0.06885,0.07493,0.000132,1.61e-05,6.89e-05,1.61e-05,0.0,0.0,6.26e-05,0.0,0.0,0.0
0.8,0.63437,0.06895,0.07503,0.000132,1.62e-05,6.91e-05,1.62e-05,0.0,0.0,6.29e-05,0.0,0.0,0.0
0.8,0.63435,0.06905,0.07513,0.000132,1.62e-05,6.94e-05,1.62e-05,0.0,0.0,6.31e-05,0.0,0.0,0.0
0.8,0.63434,0.06915,0.07523,0.000133,1.63e-05,6.96e-05,1.63e-05,0.0,0.0,6.33e-05,0.0,0.0,0.0
0.8,0.63432,0.06925,0.07533,0.000133,1.64e-05,6.98e-05,1.64e-05,0.0,0.0,6.36e-05,0.0,0.0,0.0
0.8,0.63431,0.06935,0.07543,0.000134,1.64e-05,7e-05,1.64e-05,0.0,0.0,6.38e-05,0.0,0.0,0.0
0.8,0.63429,0.06945,0.07553,0.000134,1.65e-05,7.02e-05,1.65e-05,0.0,0.0,6.41e-05,0.0,0.0,0.0
0.8,0.63428,0.06955,0.07563,0.000135,1.65e-05,7.05e-05,1.65e-05,0.0,0.0,6.43e-05,0.0,0.0,0.0
0.8,0.63426,0.06965,0.07573,0.000135,1.66e-05,7.07e-05,1.66e-05,0.0,0.0,6.46e-05,0.0,0.0,0.0
0.8,0.63425,0.06976,0.07583,0.000136,1.66e-05,7.09e-05,1.66e-05,0.0,0.0,6.48e-05,0.0,0.0,0.0
0.8,0.63423,0.06986,0.07593,0.000136,1.67e-05,7.11e-05,1.67e-05,0.0,0.0,6.51e-05,0.0,0.0,0.0
0.8,0.63422,0.06996,0.07603,0.000137,1.67e-05,7.14e-05,1.67e-05,0.0,0.0,6.53e-05,0.0,0.0,0.0
0.8,0.6342,0.07006,0.07613,0.000137,1.68e-05,7.16e-05,1.68e-05,0.0,0.0,6.56e-05,0.0,0.0,0.0
0.8,0.63419,0.07016,0.07623,0.000138,1.68e-05,7.18e-05,1.68e-05,0.0,0.0,6.58e-05,0.0,0.0,0.0
0.8,0.63417,0.07026,0.07633,0.000138,1.69e-05,7.2e-05,1.69e-05,0.0,0.0,6.61e-05,0.0,0.0,0.0
0.8,0.63416,0.07036,0.07643,0.000139,1.7e-05,7.23e-05,1.7e-05,0.0,0.0,6.63e-05,0.0,0.0,0.0
0.8,0.63414,0.07046,0.07653,0.000139,1.7e-05,7.25e-05,1.7e-05,0.0,0.0,6.66e-05,0.0,0.0,0.0
0.8,0.63413,0.07056,0.07663,0.00014,1.71e-05,7.27e-05,1.71e-05,0.0,0.0,6.68e-05,0.0,0.0,0.0
0.8,0.63411,0.07066,0.07673,0.00014,1.71e-05,7.3e-05,1.71e-05,0.0,0.0,6.71e-05,0.0,0.0,0.0
0.8,0.6341,0.07076,0.07683,0.000141,1.72e-05,7.32e-05,1.72e-05,0.0,0.0,6.73e-05,0.0,0.0,0.0
0.8,0.63408,0.07086,0.07693,0.000141,1.72e-05,7.34e-05,1.72e-05,0.0,0.0,6.76e-05,0.0,0.0,0.0
0.8,0.63407,0.07096,0.07703,0.000141,1.73e-05,7.36e-05,1.73e-05,0.0,0.0,6.78e-05,0.0,0.0,0.0
0.8,0.63405,0.07106,0.07713,0.000142,1.74e-05,7.39e-05,1.74e-05,0.0,0.0,6.81e-05,0.0,0.0,0.0
0.8,0.63403,0.07116,0.07723,0.000142,1.74e-05,7.41e-05,1.74e-05,0.0,0.0,6.84e-05,0.0,0.0,0.0
0.8,0.63402,0.07126,0.07733,0.000143,1.75e-05,7.43e-05,1.75e-05,0.0,0.0,6.86e-05,0.0,0.0,0.0
0.8,0.634,0.07136,0.07743,0.000143,1.75e-05,7.46e-05,1.75e-05,0.0,0.0,6.89e-05,0.0,0.0,0.0
0.8,0.63399,0.07146,0.07753,0.000144,1.76e-05,7.48e-05,1.76e-05,0.0,0.0,6.91e-05,0.0,0.0,0.0
0.8,0.63397,0.07156,0.07763,0.000144,1.76e-05,7.51e-05,1.76e-05,0.0,0.0,6.94e-05,0.0,0.0,0.0
0.8,0.63396,0.07166,0.07773,0.000145,1.77e-05,7.53e-05,1.77e-05,0.0,0.0,6.96e-05,0.0,0.0,0.0
0.8,0.63394,0.07176,0.07783,0.000145,1.78e-05,7.55e-05,1.78e-05,0.0,0.0,6.99e-05,0.0,0.0,0.0
0.8,0.63393,0.07186,0.07793,0.000146,1.78e-05,7.58e-05,1.78e-05,0.0,0.0,7.02e-05,0.0,0.0,0.0
0.8,0.63391,0.07196,0.07803,0.000146,1.79e-05,7.6e-05,1.79e-05,0.0,0.0,7.04e-05,0.0,0.0,0.0
0.8,0.63389,0.07206,0.07813,0.000147,1.79e-05,7.62e-05,1.79e-05,0.0,0.0,7.07e-05,0.0,0.0,0.0
0.8,0.63388,0.07216,0.07823,0.000147,1.8e-05,7.65e-05,1.8e-05,0.0,0.0,7.1e-05,0.0,0.0,0.0
0.8,0.63386,0.07226,0.07833,0.000148,1.8e-05,7.67e-05,1.8e-05,0.0,0.0,7.12e-05,0.0,0.0,0.0
0.8,0.63385,0.07236,0.07843,0.000148,1.81e-05,7.7e-05,1.81e-05,0.0,0.0,7.15e-05,0.0,0.0,0.0
0.8,0.63383,0.07246,0.07853,0.000149,1.82e-05,7.72e-05,1.82e-05,0.0,0.0,7.18e-05,0.0,0.0,0.0
0.8,0.63382,0.07256,0.07863,0.000149,1.82e-05,7.74e-05,1.82e-05,0.0,0.0,7.2e-05,0.0,0.0,0.0
0.8,0.6338,0.07266,0.07873,0.00015,1.83e-05,7.77e-05,1.83e-05,0.0,0.0,7.23e-05,0.0,0.0,0.0
0.8,0.63379,0.07276,0.07883,0.00015,1.83e-05,7.79e-05,1.83e-05,0.0,0.0,7.26e-05,0.0,0.0,0.0
0.8,0.63377,0.07286,0.07893,0.000151,1.84e-05,7.82e-05,1.84e-05,0.0,0.0,7.28e-05,0.0,0.0,0.0
0.8,0.63375,0.07296,0.07903,0.000152,1.85e-05,7.84e-05,1.85e-05,0.0,0.0,7.31e-05,0.0,0.0,0.0
0.8,0.63374,0.07306,0.07913,0.000152,1.85e-05,7.87e-05,1.85e-05,0.0,0.0,7.34e-05,0.0,0.0,0.0
0.8,0.63372,0.07316,0.07923,0.000153,1.86e-05,7.89e-05,1.86e-05,0.0,0.0,7.36e-05,0.0,0.0,0.0
0.8,0.63371,0.07326,0.07933,0.000153,1.86e-05,7.92e-05,1.86e-05,0.0,0.0,7.39e-05,0.0,0.0,0.0
0.8,0.63369,0.07336,0.07943,0.000154,1.87e-05,7.94e-05,1.87e-05,0.0,0.0,7.42e-05,0.0,0.0,0.0
0.8,0.63367,0.07346,0.07953,0.000154,1.88e-05,7.97e-05,1.88e-05,0.0,0.0,7.44e-05,0.0,0.0,0.0
0.8,0.63366,0.07356,0.07963,0.000155,1.88e-05,7.99e-05,1.88e-05,0.0,0.0,7.47e-05,0.0,0.0,0.0
0.8,0.63364,0.07366,0.07973,0.000155,1.89e-05,8.02e-05,1.89e-05,0.0,0.0,7.5e-05,0.0,0.0,0.0
0.8,0.63363,0.07376,0.07983,0.000156,1.9e-05,8.04e-05,1.9e-05,0.0,0.0,7.53e-05,0.0,0.0,0.0
0.8,0.63361,0.07386,0.07993,0.000156,1.9e-05,8.07e-05,1.9e-05,0.0,0.0,7.55e-05,0.0,0.0,0.0
0.8,0.63359,0.07396,0.08003,0.000157,1.91e-05,8.09e-05,1.91e-05,0.0,0.0,7.58e-05,0.0,0.0,0.0
0.8,0.63358,0.07406,0.08013,0.000157,1.91e-05,8.12e-05,1.91e-05,0.0,0.0,7.61e-05,0.0,0.0,0.0
0.8,0.63356,0.07416,0.08023,0.000158,1.92e-05,8.14e-05,1.92e-05,0.0,0.0,7.64e-05,0.0,0.0,0.0
0.8,0.63355,0.07426,0.08033,0.000158,1.93e-05,8.17e-05,1.93e-05,0.0,0.0,7.67e-05,0.0,0.0,0.0
0.8,0.63353,0.07436,0.08043,0.000159,1.93e-05,8.19e-05,1.93e-05,0.0,0.0,7.69e-05,0.0,0.0,0.0
0.8,0.63351,0.07446,0.08053,0.000159,1.94e-05,8.22e-05,1.94e-05,0.0,0.0,7.72e-05,0.0,0.0,0.0
0.8,0.6335,0.07456,0.08063,0.00016,1.95e-05,8.24e-05,1.95e-05,0.0,0.0,7.75e-05,0.0,0.0,0.0
0.8,0.63348,0.07466,0.08073,0.00016,1.95e-05,8.27e-05,1.95e-05,0.0,0.0,7.78e-05,0.0,0.0,0.0
0.8,0.63347,0.07476,0.08083,0.000161,1.96e-05,8.29e-05,1.96e-05,0.0,0.0,7.81e-05,0.0,0.0,0.0
0.8,0.63345,0.07486,0.08093,0.000162,1.96e-05,8.32e-05,1.96e-05,0.0,0.0,7.83e-05,0.0,0.0,0.0
0.8,0.63343,0.07496,0.08103,0.000162,1.97e-05,8.35e-05,1.97e-05,0.0,0.0,7.86e-05,0.0,0.0,0.0
0.8,0.63342,0.07506,0.08113,0.000163,1.98e-05,8.37e-05,1.98e-05,0.0,0.0,7.89e-05,0.0,0.0,0.0
0.8,0.6334,0.07516,0.08123,0.000163,1.98e-05,8.4e-05,1.98e-05,0.0,0.0,7.92e-05,0.0,0.0,0.0
0.8,0.63338,0.07526,0.08133,0.000164,1.99e-05,8.42e-05,1.99e-05,0.0,0.0,7.95e-05,0.0,0.0,0.0
0.8,0.63337,0.07536,0.08143,0.000164,2e-05,8.45e-05,2e-05,0.0,0.0,7.98e-05,0.0,0.0,0.0
0.8,0.63335,0.07546,0.08153,0.000165,2e-05,8.48e-05,2e-05,0.0,0.0,8e-05,0.0,0.0,0.0
0.8,0.63334,0.07556,0.08163,0.000165,2.01e-05,8.5e-05,2.01e-05,0.0,0.0,8.03e-05,0.0,0.0,0.0
0.8,0.63332,0.07566,0.08173,0.000166,2.02e-05,8.53e-05,2.02e-05,0.0,0.0,8.06e-05,0.0,0.0,0.0
0.8,0.6333,0.07576,0.08183,0.000166,2.02e-05,8.56e-05,2.02e-05,0.0,0.0,8.09e-05,0.0,0.0,0.0
0.8,0.63329,0.07586,0.08193,0.000167,2.03e-05,8.58e-05,2.03e-05,0.0,0.0,8.12e-05,0.0,0.0,0.0
0.8,0.63327,0.07596,0.08203,0.000168,2.04e-05,8.61e-05,2.04e-05,0.0,0.0,8.15e-05,0.0,0.0,0.0
0.8,0.63325,0.07606,0.08213,0.000168,2.04e-05,8.64e-05,2.04e-05,0.0,0.0,8.18e-05,0.0,0.0,0.0
0.8,0.63324,0.07616,0.08223,0.000169,2.05e-05,8.66e-05,2.05e-05,0.0,0.0,8.21e-05,0.0,0.0,0.0
0.8,0.63322,0.07626,0.08233,0.000169,2.06e-05,8.69e-05,2.06e-05,0.0,0.0,8.24e-05,0.0,0.0,0.0
0.8,0.6332,0.07637,0.08243,0.00017,2.06e-05,8.72e-05,2.06e-05,0.0,0.0,8.27e-05,0.0,0.0,0.0
0.8,0.63319,0.07647,0.08253,0.00017,2.07e-05,8.74e-05,2.07e-05,0.0,0.0,8.3e-05,0.0,0.0,0.0
0.8,0.63317,0.07657,0.08263,0.000171,2.08e-05,8.77e-05,2.08e-05,0.0,0.0,8.32e-05,0.0,0.0,0.0
0.8,0.63315,0.07667,0.08273,0.000172,2.08e-05,8.8e-05,2.08e-05,0.0,0.0,8.35e-05,0.0,0.0,0.0
0.8,0.63314,0.07677,0.08283,0.000172,2.09e-05,8.83e-05,2.09e-05,0.0,0.0,8.38e-05,0.0,0.0,0.0
0.8,0.63312,0.07687,0.08293,0.000173,2.1e-05,8.85e-05,2.1e-05,0.0,0.0,8.41e-05,0.0,0.0,0.0
0.8,0.63311,0.07697,0.08303,0.000173,2.1e-05,8.88e-05,2.1e-05,0.0,0.0,8.44e-05,0.0,0.0,0.0
0.8,0.63309,0.07707,0.08313,0.000174,2.11e-05,8.91e-05,2.11e-05,0.0,0.0,8.47e-05,0.0,0.0,0.0
0.8,0.63307,0.07717,0.08323,0.000174,2.12e-05,8.94e-05,2.12e-05,0.0,0.0,8.5e-05,0.0,0.0,0.0
0.8,0.63306,0.07727,0.08333,0.000175,2.12e-05,8.96e-05,2.12e-05,0.0,0.0,8.53e-05,0.0,0.0,0.0
0.8,0.63304,0.07737,0.08343,0.000176,2.13e-05,8.99e-05,2.13e-05,0.0,0.0,8.56e-05,0.0,0.0,0.0
0.8,0.63302,0.07747,0.08353,0.000176,2.14e-05,9.02e-05,2.14e-05,0.0,0.0,8.59e-05,0.0,0.0,0.0
0.8,0.63301,0.07757,0.08363,0.000177,2.14e-05,9.05e-05,2.14e-05,0.0,0.0,8.62e-05,0.0,0.0,0.0
0.8,0.63299,0.07767,0.08373,0.000177,2.15e-05,9.08e-05,2.15e-05,0.0,0.0,8.65e-05,0.0,0.0,0.0
0.8,0.63297,0.07777,0.08383,0.000178,2.16e-05,9.1e-05,2.16e-05,0.0,0.0,8.68e-05,0.0,0.0,0.0
0.8,0.63295,0.07787,0.08393,0.000178,2.16e-05,9.13e-05,2.16e-05,0.0,0.0,8.71e-05,0.0,0.0,0.0
0.8,0.63294,0.07797,0.08403,0.000179,2.17e-05,9.16e-05,2.17e-05,0.0,0.0,8.75e-05,0.0,0.0,0.0
0.8,0.63292,0.07807,0.08413,0.00018,2.18e-05,9.19e-05,2.18e-05,0.0,0.0,8.78e-05,0.0,0.0,0.0
0.8,0.6329,0.07817,0.08423,0.00018,2.19e-05,9.22e-05,2.19e-05,0.0,0.0,8.81e-05,0.0,0.0,0.0
0.8,0.63289,0.07827,0.08433,0.000181,2.19e-05,9.24e-05,2.19e-05,0.0,0.0,8.84e-05,0.0,0.0,0.0
0.8,0.63287,0.07837,0.08443,0.000181,2.2e-05,9.27e-05,2.2e-05,0.0,0.0,8.87e-05,0.0,0.0,0.0
0.8,0.63285,0.07847,0.08453,0.000182,2.21e-05,9.3e-05,2.21e-05,0.0,0.0,8.9e-05,0.0,0.0,0.0
0.8,0.63284,0.07857,0.08463,0.000183,2.21e-05,9.33e-05,2.21e-05,0.0,0.0,8.93e-05,0.0,0.0,0.0
0.8,0.63282,0.07867,0.08473,0.000183,2.22e-05,9.36e-05,2.22e-05,0.0,0.0,8.96e-05,0.0,0.0,0.0
0.8,0.6328,0.07877,0.08483,0.000184,2.23e-05,9.39e-05,2.23e-05,0.0,0.0,8.99e-05,0.0,0.0,0.0
0.8,0.63279,0.07887,0.08493,0.000184,2.24e-05,9.42e-05,2.24e-05,0.0,0.0,9.02e-05,0.0,0.0,0.0
0.8,0.63277,0.07897,0.08503,0.000185,2.24e-05,9.45e-05,2.24e-05,0.0,0.0,9.05e-05,0.0,0.0,0.0
0.8,0.63275,0.07907,0.08513,0.000186,2.25e-05,9.48e-05,2.25e-05,0.0,0.0,9.09e-05,0.0,0.0,0.0
0.8,0.63274,0.07917,0.08523,0.000186,2.26e-05,9.51e-05,2.26e-05,0.0,0.0,9.12e-05,0.0,0.0,0.0
0.8,0.63272,0.07927,0.08533,0.000187,2.26e-05,9.53e-05,2.26e-05,0.0,0.0,9.15e-05,0.0,0.0,0.0
0.8,0.6327,0.07937,0.08543,0.000187,2.27e-05,9.56e-05,2.27e-05,0.0,0.0,9.18e-05,0.0,0.0,0.0
0.8,0.63268,0.07947,0.08553,0.000188,2.28e-05,9.59e-05,2.28e-05,0.0,0.0,9.21e-05,0.0,0.0,0.0
0.8,0.63267,0.07957,0.08563,0.000189,2.29e-05,9.62e-05,2.29e-05,0.0,0.0,9.24e-05,0.0,0.0,0.0
0.8,0.63265,0.07967,0.08573,0.000189,2.29e-05,9.65e-05,2.29e-05,0.0,0.0,9.28e-05,0.0,0.0,0.0
0.8,0.63263,0.07977,0.08583,0.00019,2.3e-05,9.68e-05,2.3e-05,0.0,0.0,9.31e-05,0.0,0.0,0.0
0.8,0.63262,0.07987,0.08593,0.000191,2.31e-05,9.71e-05,2.31e-05,0.0,0.0,9.34e-05,0.0,0.0,0.0
0.8,0.6326,0.07997,0.08603,0.000191,2.32e-05,9.74e-05,2.32e-05,0.0,0.0,9.37e-05,0.0,0.0,0.0
0.8,0.63258,0.08007,0.08613,0.000192,2.32e-05,9.77e-05,2.32e-05,0.0,0.0,9.4e-05,0.0,0.0,0.0
0.8,0.63256,0.08017,0.08623,0.000192,2.33e-05,9.8e-05,2.33e-05,0.0,0.0,9.44e-05,0.0,0.0,0.0
0.8,0.63255,0.08027,0.08633,0.000193,2.34e-05,9.83e-05,2.34e-05,0.0,0.0,9.47e-05,0.0,0.0,0.0
0.8,0.63253,0.08037,0.08643,0.000194,2.35e-05,9.86e-05,2.35e-05,0.0,0.0,9.5e-05,0.0,0.0,0.0
0.8,0.63251,0.08047,0.08653,0.000194,2.35e-05,9.89e-05,2.35e-05,0.0,0.0,9.53e-05,0.0,0.0,0.0
0.8,0.63249,0.08057,0.08663,0.000195,2.36e-05,9.92e-05,2.36e-05,0.0,0.0,9.56e-05,0.0,0.0,0.0
0.8,0.63248,0.08067,0.08673,0.000196,2.37e-05,9.95e-05,2.37e-05,0.0,0.0,9.6e-05,0.0,0.0,0.0
0.8,0.63246,0.08077,0.08683,0.000196,2.38e-05,9.98e-05,2.38e-05,0.0,0.0,9.63e-05,0.0,0.0,0.0
0.8,0.63244,0.08087,0.08693,0.000197,2.38e-05,0.0001,2.38e-05,0.0,0.0,9.66e-05,0.0,0.0,0.0
0.8,0.63242,0.08097,0.08703,0.000197,2.39e-05,0.0001,2.39e-05,0.0,0.0,9.7e-05,0.0,0.0,0.0
0.8,0.63241,0.08107,0.08713,0.000198,2.4e-05,0.000101,2.4e-05,0.0,0.0,9.73e-05,0.0,0.0,0.0
0.8,0.63239,0.08117,0.08723,0.000199,2.41e-05,0.000101,2.41e-05,0.0,0.0,9.76e-05,0.0,0.0,0.0
0.8,0.63237,0.08127,0.08733,0.000199,2.41e-05,0.000101,2.41e-05,0.0,0.0,9.79e-05,0.0,0.0,0.0
0.8,0.63236,0.08137,0.08743,0.0002,2.42e-05,0.000102,2.42e-05,0.0,0.0,9.83e-05,0.0,0.0,0.0
0.8,0.63234,0.08147,0.08753,0.000201,2.43e-05,0.000102,2.43e-05,0.0,0.0,9.86e-05,0.0,0.0,0.0
0.8,0.63232,0.08157,0.08763,0.000201,2.44e-05,0.000102,2.44e-05,0.0,0.0,9.89e-05,0.0,0.0,0.0
0.8,0.6323,0.08167,0.08773,0.000202,2.45e-05,0.000103,2.45e-05,0.0,0.0,9.93e-05,0.0,0.0,0.0
0.8,0.63229,0.08177,0.08783,0.000203,2.45e-05,0.000103,2.45e-05,0.0,0.0,9.96e-05,0.0,0.0,0.0
0.8,0.63227,0.08187,0.08793,0.000203,2.46e-05,0.000103,2.46e-05,0.0,0.0,9.99e-05,0.0,0.0,0.0
0.8,0.63225,0.08197,0.08803,0.000204,2.47e-05,0.000104,2.47e-05,0.0,0.0,0.0001,0.0,0.0,0.0
0.8,0.63223,0.08207,0.08813,0.000205,2.48e-05,0.000104,2.48e-05,0.0,0.0,0.000101,0.0,0.0,0.0
0.8,0.63221,0.08217,0.08823,0.000205,2.49e-05,0.000104,2.49e-05,0.0,0.0,0.000101,0.0,0.0,0.0
0.8,0.6322,0.08227,0.08833,0.000206,2.49e-05,0.000105,2.49e-05,0.0,0.0,0.000101,0.0,0.0,0.0
0.8,0.63218,0.08237,0.08843,0.000206,2.5e-05,0.000105,2.5e-05,0.0,0.0,0.000102,0.0,0.0,0.0
0.8,0.63216,0.08248,0.08853,0.000207,2.51e-05,0.000105,2.51e-05,0.0,0.0,0.000102,0.0,0.0,0.0
0.8,0.63214,0.08258,0.08863,0.000208,2.52e-05,0.000106,2.52e-05,0.0,0.0,0.000102,0.0,0.0,0.0
0.8,0.63213,0.08268,0.08873,0.000208,2.53e-05,0.000106,2.53e-05,0.0,0.0,0.000103,0.0,0.0,0.0
0.8,0.63211,0.08278,0.08883,0.000209,2.53e-05,0.000106,2.53e-05,0.0,0.0,0.000103,0.0,0.0,0.0
0.8,0.63209,0.08288,0.08893,0.00021,2.54e-05,0.000106,2.54e-05,0.0,0.0,0.000103,0.0,0.0,0.0
0.8,0.63207,0.08298,0.08903,0.00021,2.55e-05,0.000107,2.55e-05,0.0,0.0,0.000104,0.0,0.0,0.0
0.8,0.63206,0.08308,0.08913,0.000211,2.56e-05,0.000107,2.56e-05,0.0,0.0,0.000104,0.0,0.0,0.0
0.8,0.63204,0.08318,0.08923,0.000212,2.57e-05,0.000107,2.57e-05,0.0,0.0,0.000104,0.0,0.0,0.0
0.8,0.63202,0.08328,0.08933,0.000213,2.57e-05,0.000108,2.57e-05,0.0,0.0,0.000105,0.0,0.0,0.0
0.8,0.632,0.08338,0.08943,0.000213,2.58e-05,0.000108,2.58e-05,0.0,0.0,0.000105,0.0,0.0,0.0
0.8,0.63198,0.08348,0.08953,0.000214,2.59e-05,0.000108,2.59e-05,0.0,0.0,0.000105,0.0,0.0,0.0
0.8,0.63197,0.08358,0.08963,0.000215,2.6e-05,0.000109,2.6e-05,0.0,0.0,0.000106,0.0,0.0,0.0
0.8,0.63195,0.08368,0.08973,0.000215,2.61e-05,0.000109,2.61e-05,0.0,0.0,0.000106,0.0,0.0,0.0
0.8,0.63193,0.08378,0.08983,0.000216,2.62e-05,0.000109,2.62e-05,0.0,0.0,0.000106,0.0,0.0,0.0
0.8,0.63191,0.08388,0.08993,0.000217,2.62e-05,0.00011,2.62e-05,0.0,0.0,0.000107,0.0,0.0,0.0
0.8,0.63189,0.08398,0.09003,0.000217,2.63e-05,0.00011,2.63e-05,0.0,0.0,0.000107,0.0,0.0,0.0
0.8,0.63188,0.08408,0.09013,0.000218,2.64e-05,0.00011,2.64e-05,0.0,0.0,0.000108,0.0,0.0,0.0
0.8,0.63186,0.08418,0.09023,0.000219,2.65e-05,0.000111,2.65e-05,0.0,0.0,0.000108,0.0,0.0,0.0
0.8,0.63184,0.08428,0.09033,0.000219,2.66e-05,0.000111,2.66e-05,0.0,0.0,0.000108,0.0,0.0,0.0
0.8,0.63182,0.08438,0.09043,0.00022,2.67e-05,0.000111,2.67e-05,0.0,0.0,0.000109,0.0,0.0,0.0
0.8,0.6318,0.08448,0.09053,0.000221,2.67e-05,0.000112,2.67e-05,0.0,0.0,0.000109,0.0,0.0,0.0
0.8,0.63179,0.08458,0.09063,0.000221,2.68e-05,0.000112,2.68e-05,0.0,0.0,0.000109,0.0,0.0,0.0
0.8,0.63177,0.08468,0.09073,0.000222,2.69e-05,0.000112,2.69e-05,0.0,0.0,0.00011,0.0,0.0,0.0
0.8,0.63175,0.08478,0.09083,0.000223,2.7e-05,0.000113,2.7e-05,0.0,0.0,0.00011,0.0,0.0,0.0
0.8,0.63173,0.08488,0.09093,0.000224,2.71e-05,0.000113,2.71e-05,0.0,0.0,0.00011,0.0,0.0,0.0
0.8,0.63171,0.08498,0.09103,0.000224,2.72e-05,0.000114,2.72e-05,0.0,0.0,0.000111,0.0,0.0,0.0
0.8,0.63169,0.08508,0.09113,0.000225,2.73e-05,0.000114,2.73e-05,0.0,0.0,0.000111,0.0,0.0,0.0
0.8,0.63168,0.08518,0.09123,0.000226,2.73e-05,0.000114,2.73e-05,0.0,0.0,0.000111,0.0,0.0,0.0
0.8,0.63166,0.08528,0.09133,0.000226,2.74e-05,0.000115,2.74e-05,0.0,0.0,0.000112,0.0,0.0,0.0
0.8,0.63164,0.08538,0.09143,0.000227,2.75e-05,0.000115,2.75e-05,0.0,0.0,0.000112,0.0,0.0,0.0
0.8,0.63162,0.08548,0.09153,0.000228,2.76e-05,0.000115,2.76e-05,0.0,0.0,0.000113,0.0,0.0,0.0
0.8,0.6316,0.08558,0.09163,0.000229,2.77e-05,0.000116,2.77e-05,0.0,0.0,0.000113,0.0,0.0,0.0
0.8,0.63158,0.08568,0.09173,0.000229,2.78e-05,0.000116,2.78e-05,0.0,0.0,0.000113,0.0,0.0,0.0
0.8,0.63157,0.08578,0.09183,0.00023,2.79e-05,0.000116,2.79e-05,0.0,0.0,0.000114,0.0,0.0,0.0
0.8,0.63155,0.08588,0.09193,0.000231,2.8e-05,0.000117,2.8e-05,0.0,0.0,0.000114,0.0,0.0,0.0
0.8,0.63153,0.08598,0.09203,0.000231,2.81e-05,0.000117,2.81e-05,0.0,0.0,0.000114,0.0,0.0,0.0
0.8,0.63151,0.08608,0.09213,0.000232,2.81e-05,0.000117,2.81e-05,0.0,0.0,0.000115,0.0,0.0,0.0
0.8,0.63149,0.08618,0.09223,0.000233,2.82e-05,0.000118,2.82e-05,0.0,0.0,0.000115,0.0,0.0,0.0
0.8,0.63147,0.08628,0.09233,0.000234,2.83e-05,0.000118,2.83e-05,0.0,0.0,0.000116,0.0,0.0,0.0
0.8,0.63146,0.08638,0.09243,0.000234,2.84e-05,0.000118,2.84e-05,0.0,0.0,0.000116,0.0,0.0,0.0
0.8,0.63144,0.08648,0.09253,0.000235,2.85e-05,0.000119,2.85e-05,0.0,0.0,0.000116,0.0,0.0,0.0
0.8,0.63142,0.08658,0.09263,0.000236,2.86e-05,0.000119,2.86e-05,0.0,0.0,0.000117,0.0,0.0,0.0
0.8,0.6314,0.08668,0.09273,0.000237,2.87e-05,0.00012,2.87e-05,0.0,0.0,0.000117,0.0,0.0,0.0
0.8,0.63138,0.08678,0.09283,0.000237,2.88e-05,0.00012,2.88e-05,0.0,0.0,0.000117,0.0,0.0,0.0
0.8,0.63136,0.08688,0.09293,0.000238,2.89e-05,0.00012,2.89e-05,0.0,0.0,0.000118,0.0,0.0,0.0
0.8,0.63134,0.08698,0.09303,0.000239,2.9e-05,0.000121,2.9e-05,0.0,0.0,0.000118,0.0,0.0,0.0
0.8,0.63133,0.08708,0.09313,0.00024,2.9e-05,0.000121,2.9e-05,0.0,0.0,0.000119,0.0,0.0,0.0
0.8,0.63131,0.08718,0.09323,0.00024,2.91e-05,0.000121,2.91e-05,0.0,0.0,0.000119,0.0,0.0,0.0
0.8,0.63129,0.08728,0.09333,0.000241,2.92e-05,0.000122,2.92e-05,0.0,0.0,0.000119,0.0,0.0,0.0
0.8,0.63127,0.08738,0.09343,0.000242,2.93e-05,0.000122,2.93e-05,0.0,0.0,0.00012,0.0,0.0,0.0
0.8,0.63125,0.08748,0.09353,0.000243,2.94e-05,0.000122,2.94e-05,0.0,0.0,0.00012,0.0,0.0,0.0
0.8,0.63123,0.08758,0.09363,0.000243,2.95e-05,0.000123,2.95e-05,0.0,0.0,0.00012,0.0,0.0,0.0
0.8,0.63121,0.08768,0.09373,0.000244,2.96e-05,0.000123,2.96e-05,0.0,0.0,0.000121,0.0,0.0,0.0
0.8,0.6312,0.08778,0.09383,0.000245,2.97e-05,0.000124,2.97e-05,0.0,0.0,0.000121,0.0,0.0,0.0
0.8,0.63118,0.08788,0.09393,0.000246,2.98e-05,0.000124,2.98e-05,0.0,0.0,0.000122,0.0,0.0,0.0
0.8,0.63116,0.08798,0.09403,0.000246,2.99e-05,0.000124,2.99e-05,0.0,0.0,0.000122,0.0,0.0,0.0
0.8,0.63114,0.08808,0.09413,0.000247,3e-05,0.000125,3e-05,0.0,0.0,0.000122,0.0,0.0,0.0
0.8,0.63112,0.08819,0.09423,0.000248,3.01e-05,0.000125,3.01e-05,0.0,0.0,0.000123,0.0,0.0,0.0
0.8,0.6311,0.08829,0.09433,0.000249,3.02e-05,0.000126,3.02e-05,0.0,0.0,0.000123,0.0,0.0,0.0
0.8,0.63108,0.08839,0.09443,0.000249,3.03e-05,0.000126,3.03e-05,0.0,0.0,0.000124,0.0,0.0,0.0
0.8,0.63106,0.08849,0.09453,0.00025,3.04e-05,0.000126,3.04e-05,0.0,0.0,0.000124,0.0,0.0,0.0
0.8,0.63104,0.08859,0.09463,0.000251,3.05e-05,0.000127,3.05e-05,0.0,0.0,0.000124,0.0,0.0,0.0
0.8,0.63103,0.08869,0.09473,0.000252,3.06e-05,0.000127,3.06e-05,0.0,0.0,0.000125,0.0,0.0,0.0
0.8,0.63101,0.08879,0.09483,0.000252,3.07e-05,0.000127,3.07e-05,0.0,0.0,0.000125,0.0,0.0,0.0
0.8,0.63099,0.08889,0.09493,0.000253,3.08e-05,0.000128,3.08e-05,0.0,0.0,0.000125,0.0,0.0,0.0
0.8,0.63097,0.08899,0.09503,0.000254,3.09e-05,0.000128,3.09e-05,0.0,0.0,0.000126,0.0,0.0,0.0
0.8,0.63095,0.08909,0.09513,0.000255,3.09e-05,0.000129,3.09e-05,0.0,0.0,0.000126,0.0,0.0,0.0
0.8,0.63093,0.08919,0.09523,0.000256,3.1e-05,0.000129,3.1e-05,0.0,0.0,0.000127,0.0,0.0,0.0
0.8,0.63091,0.08929,0.09533,0.000256,3.11e-05,0.000129,3.11e-05,0.0,0.0,0.000127,0.0,0.0,0.0
0.8,0.63089,0.08939,0.09543,0.000257,3.12e-05,0.00013,3.12e-05,0.0,0.0,0.000127,0.0,0.0,0.0
0.8,0.63087,0.08949,0.09553,0.000258,3.13e-05,0.00013,3.13e-05,0.0,0.0,0.000128,0.0,0.0,0.0
0.8,0.63085,0.08959,0.09563,0.000259,3.14e-05,0.000131,3.14e-05,0.0,0.0,0.000128,0.0,0.0,0.0
0.8,0.63083,0.08969,0.09573,0.00026,3.15e-05,0.000131,3.15e-05,0.0,0.0,0.000129,0.0,0.0,0.0
0.8,0.63082,0.08979,0.09583,0.00026,3.16e-05,0.000131,3.16e-05,0.0,0.0,0.000129,0.0,0.0,0.0
0.8,0.6308,0.08989,0.09593,0.000261,3.17e-05,0.000132,3.17e-05,0.0,0.0,0.000129,0.0,0.0,0.0
0.8,0.63078,0.08999,0.09603,0.000262,3.18e-05,0.000132,3.18e-05,0.0,0.0,0.00013,0.0,0.0,0.0
0.8,0.63076,0.09009,0.09613,0.000263,3.19e-05,0.000133,3.19e-05,0.0,0.0,0.00013,0.0,0.0,0.0
0.8,0.63074,0.09019,0.09623,0.000264,3.2e-05,0.000133,3.2e-05,0.0,0.0,0.000131,0.0,0.0,0.0
0.8,0.63072,0.09029,0.09633,0.000264,3.21e-05,0.000133,3.21e-05,0.0,0.0,0.000131,0.0,0.0,0.0
0.8,0.6307,0.09039,0.09643,0.000265,3.22e-05,0.000134,3.22e-05,0.0,0.0,0.000131,0.0,0.0,0.0
0.8,0.63068,0.09049,0.09653,0.000266,3.24e-05,0.000134,3.24e-05,0.0,0.0,0.000132,0.0,0.0,0.0
0.8,0.63066,0.09059,0.09663,0.000267,3.25e-05,0.000135,3.25e-05,0.0,0.0,0.000132,0.0,0.0,0.0
0.8,0.63064,0.09069,0.09673,0.000268,3.26e-05,0.000135,3.26e-05,0.0,0.0,0.000133,0.0,0.0,0.0
0.8,0.63062,0.09079,0.09683,0.000268,3.27e-05,0.000135,3.27e-05,0.0,0.0,0.000133,0.0,0.0,0.0
0.8,0.6306,0.09089,0.09693,0.000269,3.28e-05,0.000136,3.28e-05,0.0,0.0,0.000134,0.0,0.0,0.0
0.8,0.63058,0.09099,0.09703,0.00027,3.29e-05,0.000136,3.29e-05,0.0,0.0,0.000134,0.0,0.0,0.0
0.8,0.63056,0.09109,0.09713,0.000271,3.3e-05,0.000137,3.3e-05,0.0,0.0,0.000134,0.0,0.0,0.0
0.8,0.63055,0.09119,0.09723,0.000272,3.31e-05,0.000137,3.31e-05,0.0,0.0,0.000135,0.0,0.0,0.0
0.8,0.63053,0.09129,0.09733,0.000273,3.32e-05,0.000137,3.32e-05,0.0,0.0,0.000135,0.0,0.0,0.0
0.8,0.63051,0.09139,0.09743,0.000273,3.33e-05,0.000138,3.33e-05,0.0,0.0,0.000136,0.0,0.0,0.0
0.8,0.63049,0.09149,0.09753,0.000274,3.34e-05,0.000138,3.34e-05,0.0,0.0,0.000136,0.0,0.0,0.0
0.8,0.63047,0.09159,0.09763,0.000275,3.35e-05,0.000139,3.35e-05,0.0,0.0,0.000136,0.0,0.0,0.0
0.8,0.63045,0.09169,0.09773,0.000276,3.36e-05,0.000139,3.36e-05,0.0,0.0,0.000137,0.0,0.0,0.0
0.8,0.63043,0.09179,0.09783,0.000277,3.37e-05,0.00014,3.37e-05,0.0,0.0,0.000137,0.0,0.0,0.0
0.8,0.63041,0.09189,0.09793,0.000278,3.38e-05,0.00014,3.38e-05,0.0,0.0,0.000138,0.0,0.0,0.0
0.8,0.63039,0.09199,0.09803,0.000279,3.39e-05,0.00014,3.39e-05,0.0,0.0,0.000138,0.0,0.0,0.0
0.8,0.63037,0.09209,0.09813,0.000279,3.4e-05,0.000141,3.4e-05,0.0,0.0,0.000139,0.0,0.0,0.0
0.8,0.63035,0.09219,0.09823,0.00028,3.41e-05,0.000141,3.41e-05,0.0,0.0,0.000139,0.0,0.0,0.0
0.8,0.63033,0.09229,0.09833,0.000281,3.42e-05,0.000142,3.42e-05,0.0,0.0,0.000139,0.0,0.0,0.0
0.8,0.63031,0.09239,0.09843,0.000282,3.44e-05,0.000142,3.44e-05,0.0,0.0,0.00014,0.0,0.0,0.0
0.8,0.63029,0.09249,0.09853,0.000283,3.45e-05,0.000143,3.45e-05,0.0,0.0,0.00014,0.0,0.0,0.0
0.8,0.63027,0.09259,0.09863,0.000284,3.46e-05,0.000143,3.46e-05,0.0,0.0,0.000141,0.0,0.0,0.0
0.8,0.63025,0.09269,0.09873,0.000284,3.47e-05,0.000143,3.47e-05,0.0,0.0,0.000141,0.0,0.0,0.0
0.8,0.63023,0.09279,0.09883,0.000285,3.48e-05,0.000144,3.48e-05,0.0,0.0,0.000142,0.0,0.0,0.0
0.8,0.63021,0.09289,0.09893,0.000286,3.49e-05,0.000144,3.49e-05,0.0,0.0,0.000142,0.0,0.0,0.0
0.8,0.63019,0.09299,0.09903,0.000287,3.5e-05,0.000145,3.5e-05,0.0,0.0,0.000142,0.0,0.0,0.0
0.8,0.63017,0.09309,0.09913,0.000288,3.51e-05,0.000145,3.51e-05,0.0,0.0,0.000143,0.0,0.0,0.0
0.8,0.63015,0.09319,0.09923,0.000289,3.52e-05,0.000146,3.52e-05,0.0,0.0,0.000143,0.0,0.0,0.0
0.8,0.63013,0.09329,0.09933,0.00029,3.53e-05,0.000146,3.53e-05,0.0,0.0,0.000144,0.0,0.0,0.0
0.8,0.63011,0.09339,0.09943,0.000291,3.55e-05,0.000146,3.55e-05,0.0,0.0,0.000144,0.0,0.0,0.0
0.8,0.63009,0.09349,0.09953,0.000291,3.56e-05,0.000147,3.56e-05,0.0,0.0,0.000145,0.0,0.0,0.0
0.8,0.63007,0.0936,0.09963,0.000292,3.57e-05,0.000147,3.57e-05,0.0,0.0,0.000145,0.0,0.0,0.0
0.8,0.63005,0.0937,0.09973,0.000293,3.58e-05,0.000148,3.58e-05,0.0,0.0,0.000145,0.0,0.0,0.0
0.8,0.63003,0.0938,0.09983,0.000294,3.59e-05,0.000148,3.59e-05,0.0,0.0,0.000146,0.0,0.0,0.0
0.8,0.63001,0.0939,0.09993,0.000295,3.6e-05,0.000149,3.6e-05,0.0,0.0,0.000146,0.0,0.0,0.0
0.8,0.62999,0.094,0.10003,0.000296,3.61e-05,0.000149,3.61e-05,0.0,0.0,0.000147,0.0,0.0,0.0
0.8,0.62997,0.0941,0.10013,0.000297,3.62e-05,0.00015,3.62e-05,0.0,0.0,0.000147,0.0,0.0,0.0
0.8,0.62995,0.0942,0.10023,0.000298,3.64e-05,0.00015,3.64e-05,0.0,0.0,0.000148,0.0,0.0,0.0
0.8,0.62993,0.0943,0.10033,0.000299,3.65e-05,0.00015,3.65e-05,0.0,0.0,0.000148,0.0,0.0,0.0
0.8,0.62991,0.0944,0.10043,0.000299,3.66e-05,0.000151,3.66e-05,0.0,0.0,0.000149,0.0,0.0,0.0
0.8,0.62989,0.0945,0.10053,0.0003,3.67e-05,0.000151,3.67e-05,0.0,0.0,0.000149,0.0,0.0,0.0
0.8,0.62987,0.0946,0.10063,0.000301,3.68e-05,0.000152,3.68e-05,0.0,0.0,0.000149,0.0,0.0,0.0
0.8,0.62985,0.0947,0.10073,0.000302,3.69e-05,0.000152,3.69e-05,0.0,0.0,0.00015,0.0,0.0,0.0
0.8,0.62983,0.0948,0.10083,0.000303,3.71e-05,0.000153,3.71e-05,0.0,0.0,0.00015,0.0,0.0,0.0
0.8,0.62981,0.0949,0.10093,0.000304,3.72e-05,0.000153,3.72e-05,0.0,0.0,0.000151,0.0,0.0,0.0
0.8,0.62979,0.095,0.10103,0.000305,3.73e-05,0.000154,3.73e-05,0.0,0.0,0.000151,0.0,0.0,0.0
0.8,0.62977,0.0951,0.10113,0.000306,3.74e-05,0.000154,3.74e-05,0.0,0.0,0.000152,0.0,0.0,0.0
0.8,0.62975,0.0952,0.10123,0.000307,3.75e-05,0.000155,3.75e-05,0.0,0.0,0.000152,0.0,0.0,0.0
0.8,0.62973,0.0953,0.10133,0.000308,3.76e-05,0.000155,3.76e-05,0.0,0.0,0.000153,0.0,0.0,0.0
0.8,0.62971,0.0954,0.10143,0.000309,3.78e-05,0.000156,3.78e-05,0.0,0.0,0.000153,0.0,0.0,0.0
0.8,0.62969,0.0955,0.10153,0.000309,3.79e-05,0.000156,3.79e-05,0.0,0.0,0.000154,0.0,0.0,0.0
0.8,0.62967,0.0956,0.10163,0.00031,3.8e-05,0.000156,3.8e-05,0.0,0.0,0.000154,0.0,0.0,0.0
0.8,0.62965,0.0957,0.10173,0.000311,3.81e-05,0.000157,3.81e-05,0.0,0.0,0.000154,0.0,0.0,0.0
0.8,0.62963,0.0958,0.10183,0.000312,3.82e-05,0.000157,3.82e-05,0.0,0.0,0.000155,0.0,0.0,0.0
0.8,0.62961,0.0959,0.10193,0.000313,3.84e-05,0.000158,3.84e-05,0.0,0.0,0.000155,0.0,0.0,0.0
0.8,0.62959,0.096,0.10203,0.000314,3.85e-05,0.000158,3.85e-05,0.0,0.0,0.000156,0.0,0.0,0.0
0.8,0.62957,0.0961,0.10213,0.000315,3.86e-05,0.000159,3.86e-05,0.0,0.0,0.000156,0.0,0.0,0.0
0.8,0.62955,0.0962,0.10223,0.000316,3.87e-05,0.000159,3.87e-05,0.0,0.0,0.000157,0.0,0.0,0.0
0.8,0.62953,0.0963,0.10233,0.000317,3.88e-05,0.00016,3.88e-05,0.0,0.0,0.000157,0.0,0.0,0.0
0.8,0.62951,0.0964,0.10243,0.000318,3.9e-05,0.00016,3.9e-05,0.0,0.0,0.000158,0.0,0.0,0.0
0.8,0.62949,0.0965,0.10253,0.000319,3.91e-05,0.000161,3.91e-05,0.0,0.0,0.000158,0.0,0.0,0.0
0.8,0.62947,0.0966,0.10263,0.00032,3.92e-05,0.000161,3.92e-05,0.0,0.0,0.000159,0.0,0.0,0.0
0.8,0.62945,0.0967,0.10273,0.000321,3.93e-05,0.000162,3.93e-05,0.0,0.0,0.000159,0.0,0.0,0.0
0.8,0.62943,0.0968,0.10283,0.000322,3.95e-05,0.000162,3.95e-05,0.0,0.0,0.00016,0.0,0.0,0.0
0.8,0.6294,0.0969,0.10293,0.000323,3.96e-05,0.000163,3.96e-05,0.0,0.0,0.00016,0.0,0.0,0.0
0.8,0.62938,0.097,0.10303,0.000324,3.97e-05,0.000163,3.97e-05,0.0,0.0,0.00016,0.0,0.0,0.0
0.8,0.62936,0.0971,0.10313,0.000325,3.98e-05,0.000164,3.98e-05,0.0,0.0,0.000161,0.0,0.0,0.0
0.8,0.62934,0.0972,0.10323,0.000326,4e-05,0.000164,4e-05,0.0,0.0,0.000161,0.0,0.0,0.0
0.8,0.62932,0.0973,0.10333,0.000327,4.01e-05,0.000165,4.01e-05,0.0,0.0,0.000162,0.0,0.0,0.0
0.8,0.6293,0.0974,0.10343,0.000327,4.02e-05,0.000165,4.02e-05,0.0,0.0,0.000162,0.0,0.0,0.0
0.8,0.62928,0.0975,0.10353,0.000328,4.03e-05,0.000166,4.03e-05,0.0,0.0,0.000163,0.0,0.0,0.0
0.8,0.62926,0.0976,0.10363,0.000329,4.05e-05,0.000166,4.05e-05,0.0,0.0,0.000163,0.0,0.0,0.0
0.8,0.62924,0.0977,0.10373,0.00033,4.06e-05,0.000167,4.06e-05,0.0,0.0,0.000164,0.0,0.0,0.0
0.8,0.62922,0.0978,0.10383,0.000331,4.07e-05,0.000167,4.07e-05,0.0,0.0,0.000164,0.0,0.0,0.0
0.8,0.6292,0.0979,0.10393,0.000332,4.08e-05,0.000168,4.08e-05,0.0,0.0,0.000165,0.0,0.0,0.0
0.8,0.62918,0.098,0.10403,0.000333,4.1e-05,0.000168,4.1e-05,0.0,0.0,0.000165,0.0,0.0,0.0
0.8,0.62916,0.0981,0.10413,0.000334,4.11e-05,0.000169,4.11e-05,0.0,0.0,0.000166,0.0,0.0,0.0
0.8,0.62914,0.0982,0.10423,0.000335,4.12e-05,0.000169,4.12e-05,0.0,0.0,0.000166,0.0,0.0,0.0
0.8,0.62911,0.0983,0.10433,0.000336,4.14e-05,0.00017,4.14e-05,0.0,0.0,0.000167,0.0,0.0,0.0
0.8,0.62909,0.0984,0.10443,0.000337,4.15e-05,0.00017,4.15e-05,0.0,0.0,0.000167,0.0,0.0,0.0
0.8,0.62907,0.0985,0.10453,0.000338,4.16e-05,0.000171,4.16e-05,0.0,0.0,0.000168,0.0,0.0,0.0
0.8,0.62905,0.0986,0.10463,0.000339,4.17e-05,0.000171,4.17e-05,0.0,0.0,0.000168,0.0,0.0,0.0
0.8,0.62903,0.09871,0.10473,0.00034,4.19e-05,0.000172,4.19e-05,0.0,0.0,0.000169,0.0,0.0,0.0
0.8,0.62901,0.09881,0.10483,0.000341,4.2e-05,0.000172,4.2e-05,0.0,0.0,0.000169,0.0,0.0,0.0
0.8,0.62899,0.09891,0.10493,0.000342,4.21e-05,0.000173,4.21e-05,0.0,0.0,0.00017,0.0,0.0,0.0
0.8,0.62897,0.09901,0.10503,0.000343,4.23e-05,0.000173,4.23e-05,0.0,0.0,0.00017,0.0,0.0,0.0
0.8,0.62895,0.09911,0.10513,0.000344,4.24e-05,0.000174,4.24e-05,0.0,0.0,0.000171,0.0,0.0,0.0
0.8,0.62893,0.09921,0.10523,0.000345,4.25e-05,0.000174,4.25e-05,0.0,0.0,0.000171,0.0,0.0,0.0
0.8,0.6289,0.09931,0.10533,0.000346,4.27e-05,0.000175,4.27e-05,0.0,0.0,0.000172,0.0,0.0,0.0
0.8,0.62888,0.09941,0.10543,0.000347,4.28e-05,0.000175,4.28e-05,0.0,0.0,0.000172,0.0,0.0,0.0
0.8,0.62886,0.09951,0.10553,0.000348,4.29e-05,0.000176,4.29e-05,0.0,0.0,0.000173,0.0,0.0,0.0
0.8,0.62884,0.09961,0.10563,0.000349,4.31e-05,0.000176,4.31e-05,0.0,0.0,0.000173,0.0,0.0,0.0
0.8,0.62882,0.09971,0.10573,0.00035,4.32e-05,0.000177,4.32e-05,0.0,0.0,0.000174,0.0,0.0,0.0
0.8,0.6288,0.09981,0.10583,0.000352,4.34e-05,0.000177,4.33e-05,3.13e-07,7.43e-09,0.000174,0.0,0.0,0.0
0.8,0.62878,0.09991,0.10593,0.000353,4.35e-05,0.000178,4.35e-05,3.14e-07,7.41e-09,0.000175,0.0,0.0,0.0
0.8,0.62876,0.10001,0.10603,0.000354,4.36e-05,0.000179,4.36e-05,3.15e-07,7.4e-09,0.000175,0.0,0.0,0.0
0.8,0.62874,0.10011,0.10613,0.000355,4.38e-05,0.000179,4.38e-05,3.15e-07,7.38e-09,0.000176,0.0,0.0,0.0
0.8,0.62871,0.10021,0.10623,0.000356,4.39e-05,0.00018,4.39e-05,3.16e-07,7.37e-09,0.000176,0.0,0.0,0.0
0.8,0.62869,0.10031,0.10633,0.000357,4.4e-05,0.00018,4.4e-05,3.17e-07,7.36e-09,0.000177,0.0,0.0,0.0
0.8,0.62867,0.10041,0.10643,0.000358,4.42e-05,0.000181,4.42e-05,3.18e-07,7.35e-09,0.000177,0.0,0.0,0.0
0.8,0.62865,0.10051,0.10653,0.000359,4.43e-05,0.000181,4.43e-05,3.18e-07,7.34e-09,0.000178,0.0,0.0,0.0
0.8,0.62863,0.10061,0.10663,0.00036,4.45e-05,0.000182,4.44e-05,3.19e-07,7.33e-09,0.000178,0.0,0.0,0.0
0.8,0.62861,0.10071,0.10673,0.000361,4.46e-05,0.000182,4.46e-05,3.2e-07,7.32e-09,0.000179,0.0,0.0,0.0
0.8,0.62859,0.10081,0.10683,0.000362,4.47e-05,0.000183,4.47e-05,3.21e-07,7.31e-09,0.000179,0.0,0.0,0.0
0.8,0.62857,0.10091,0.10693,0.000363,4.49e-05,0.000183,4.49e-05,3.21e-07,7.31e-09,0.00018,0.0,0.0,0.0
0.8,0.62854,0.10101,0.10703,0.000364,4.5e-05,0.000184,4.5e-05,3.22e-07,7.3e-09,0.00018,0.0,0.0,0.0
0.8,0.62852,0.10111,0.10713,0.000365,4.52e-05,0.000184,4.51e-05,3.23e-07,7.3e-09,0.000181,0.0,0.0,0.0
0.8,0.6285,0.10121,0.10723,0.000366,4.53e-05,0.000185,4.53e-05,3.24e-07,7.29e-09,0.000181,0.0,0.0,0.0
0.8,0.62848,0.10131,0.10733,0.000368,4.54e-05,0.000186,4.54e-05,3.25e-07,7.29e-09,0.000182,0.0,0.0,0.0
0.8,0.62846,0.10141,0.10743,0.000369,4.56e-05,0.000186,4.56e-05,3.26e-07,7.29e-09,0.000182,0.0,0.0,0.0
0.8,0.62844,0.10151,0.10753,0.00037,4.57e-05,0.000187,4.57e-05,3.26e-07,7.29e-09,0.000183,0.0,0.0,0.0
0.8,0.62841,0.10161,0.10763,0.000371,4.59e-05,0.000187,4.59e-05,3.27e-07,7.29e-09,0.000183,0.0,0.0,0.0
0.8,0.62839,0.10171,0.10773,0.000372,4.6e-05,0.000188,4.6e-05,3.28e-07,7.28e-09,0.000184,0.0,0.0,0.0
0.8,0.62837,0.10181,0.10783,0.000373,4.62e-05,0.000188,4.61e-05,3.29e-07,7.28e-09,0.000184,0.0,0.0,0.0
0.8,0.62835,0.10191,0.10793,0.000374,4.63e-05,0.000189,4.63e-05,3.3e-07,7.29e-09,0.000185,0.0,0.0,0.0
0.8,0.62833,0.10201,0.10803,0.000375,4.64e-05,0.000189,4.64e-05,3.31e-07,7.29e-09,0.000185,0.0,0.0,0.0
0.8,0.62831,0.10211,0.10813,0.000376,4.66e-05,0.00019,4.66e-05,3.32e-07,7.29e-09,0.000186,0.0,0.0,0.0
0.8,0.62829,0.10221,0.10823,0.000377,4.67e-05,0.000191,4.67e-05,3.33e-07,7.29e-09,0.000186,0.0,0.0,0.0
0.8,0.62826,0.10231,0.10833,0.000378,4.69e-05,0.000191,4.69e-05,3.34e-07,7.29e-09,0.000187,0.0,0.0,0.0
0.8,0.62824,0.10241,0.10843,0.000379,4.7e-05,0.000192,4.7e-05,3.34e-07,7.29e-09,0.000187,0.0,0.0,0.0
0.8,0.62822,0.10251,0.10853,0.000381,4.72e-05,0.000192,4.72e-05,3.35e-07,7.3e-09,0.000188,0.0,0.0,0.0
0.8,0.6282,0.10261,0.10863,0.000382,4.73e-05,0.000193,4.73e-05,3.36e-07,7.3e-09,0.000188,0.0,0.0,0.0
0.8,0.62818,0.10271,0.10873,0.000383,4.75e-05,0.000193,4.75e-05,3.37e-07,7.3e-09,0.000189,0.0,0.0,0.0
0.8,0.62816,0.10281,0.10883,0.000384,4.76e-05,0.000194,4.76e-05,3.38e-07,7.31e-09,0.00019,0.0,0.0,0.0
0.8,0.62813,0.10291,0.10893,0.000385,4.78e-05,0.000195,4.78e-05,3.39e-07,7.31e-09,0.00019,0.0,0.0,0.0
0.8,0.62811,0.10301,0.10903,0.000386,4.79e-05,0.000195,4.79e-05,3.4e-07,7.32e-09,0.000191,0.0,0.0,0.0
0.8,0.62809,0.10311,0.10913,0.000387,4.81e-05,0.000196,4.81e-05,3.41e-07,7.32e-09,0.000191,0.0,0.0,0.0
0.8,0.62807,0.10321,0.10923,0.000388,4.82e-05,0.000196,4.82e-05,3.42e-07,7.33e-09,0.000192,0.0,0.0,0.0
0.8,0.62805,0.10331,0.10933,0.00039,4.84e-05,0.000197,4.84e-05,3.43e-07,7.33e-09,0.000192,0.0,0.0,0.0
0.8,0.62802,0.10341,0.10943,0.000391,4.85e-05,0.000198,4.85e-05,3.44e-07,7.34e-09,0.000193,0.0,0.0,0.0
0.8,0.628,0.10351,0.10953,0.000392,4.87e-05,0.000198,4.87e-05,3.45e-07,7.35e-09,0.000193,0.0,0.0,0.0
0.8,0.62798,0.10362,0.10963,0.000393,4.88e-05,0.000199,4.88e-05,3.46e-07,7.35e-09,0.000194,0.0,0.0,0.0
0.8,0.62796,0.10372,0.10973,0.000394,4.9e-05,0.000199,4.9e-05,3.47e-07,7.36e-09,0.000194,0.0,0.0,0.0
0.8,0.62794,0.10382,0.10983,0.000395,4.91e-05,0.0002,4.91e-05,3.48e-07,7.37e-09,0.000195,0.0,0.0,0.0
0.8,0.62791,0.10392,0.10993,0.000396,4.93e-05,0.000201,4.93e-05,3.49e-07,7.37e-09,0.000195,0.0,0.0,0.0
0.8,0.62789,0.10402,0.11003,0.000397,4.94e-05,0.000201,4.94e-05,3.5e-07,7.38e-09,0.000196,0.0,0.0,0.0
0.8,0.62787,0.10412,0.11013,0.000399,4.96e-05,0.000202,4.96e-05,3.51e-07,7.39e-09,0.000196,0.0,0.0,0.0
0.8,0.62785,0.10422,0.11023,0.0004,4.97e-05,0.000202,4.97e-05,3.52e-07,7.4e-09,0.000197,0.0,0.0,0.0
0.8,0.62783,0.10432,0.11033,0.000401,4.99e-05,0.000203,4.99e-05,3.53e-07,7.4e-09,0.000198,0.0,0.0,0.0
0.8,0.6278,0.10442,0.11043,0.000402,5.01e-05,0.000204,5e-05,3.54e-07,7.41e-09,0.000198,0.0,0.0,0.0
0.8,0.62778,0.10452,0.11053,0.000403,5.02e-05,0.000204,5.02e-05,3.54e-07,7.42e-09,0.000199,0.0,0.0,0.0
0.8,0.62776,0.10462,0.11063,0.000404,5.04e-05,0.000205,5.04e-05,3.55e-07,7.43e-09,0.000199,0.0,0.0,0.0
0.8,0.62774,0.10472,0.11073,0.000406,5.05e-05,0.000205,5.05e-05,3.56e-07,7.44e-09,0.0002,0.0,0.0,0.0
0.8,0.62772,0.10482,0.11083,0.000407,5.07e-05,0.000206,5.07e-05,3.57e-07,7.45e-09,0.0002,0.0,0.0,0.0
0.8,0.62769,0.10492,0.11093,0.000408,5.08e-05,0.000207,5.08e-05,3.58e-07,7.46e-09,0.000201,0.0,0.0,0.0
0.8,0.62767,0.10502,0.11103,0.000409,5.1e-05,0.000207,5.1e-05,3.59e-07,7.46e-09,0.000201,0.0,0.0,0.0
0.8,0.62765,0.10512,0.11113,0.00041,5.12e-05,0.000208,5.11e-05,3.6e-07,7.47e-09,0.000202,0.0,0.0,0.0
0.8,0.62763,0.10522,0.11123,0.000411,5.13e-05,0.000208,5.13e-05,3.61e-07,7.48e-09,0.000203,0.0,0.0,0.0
0.8,0.6276,0.10532,0.11133,0.000413,5.15e-05,0.000209,5.15e-05,3.62e-07,7.49e-09,0.000203,0.0,0.0,0.0
0.8,0.62758,0.10542,0.11143,0.000414,5.16e-05,0.00021,5.16e-05,3.63e-07,7.5e-09,0.000204,0.0,0.0,0.0
0.8,0.62756,0.10552,0.11153,0.000415,5.18e-05,0.00021,5.18e-05,3.64e-07,7.51e-09,0.000204,0.0,0.0,0.0
0.8,0.62754,0.10562,0.11163,0.000416,5.2e-05,0.000211,5.19e-05,3.65e-07,7.52e-09,0.000205,0.0,0.0,0.0
0.8,0.62752,0.10572,0.11173,0.000417,5.21e-05,0.000212,5.21e-05,3.66e-07,7.53e-09,0.000205,0.0,0.0,0.0
0.8,0.62749,0.10582,0.11183,0.000418,5.23e-05,0.000212,5.23e-05,3.68e-07,7.54e-09,0.000206,0.0,0.0,0.0
0.8,0.62747,0.10592,0.11193,0.00042,5.24e-05,0.000213,5.24e-05,3.69e-07,7.56e-09,0.000206,0.0,0.0,0.0
0.8,0.62745,0.10602,0.11203,0.000421,5.26e-05,0.000213,5.26e-05,3.7e-07,7.57e-09,0.000207,0.0,0.0,0.0
0.8,0.62743,0.10612,0.11213,0.000422,5.28e-05,0.000214,5.28e-05,3.71e-07,7.58e-09,0.000208,0.0,0.0,0.0
0.8,0.6274,0.10622,0.11223,0.000423,5.29e-05,0.000215,5.29e-05,3.72e-07,7.59e-09,0.000208,0.0,0.0,0.0
0.8,0.62738,0.10632,0.11233,0.000425,5.31e-05,0.000215,5.31e-05,3.73e-07,7.6e-09,0.000209,0.0,0.0,0.0
0.8,0.62736,0.10642,0.11243,0.000426,5.33e-05,0.000216,5.33e-05,3.74e-07,7.61e-09,0.000209,0.0,0.0,0.0
0.8,0.62734,0.10652,0.11253,0.000427,5.34e-05,0.000217,5.34e-05,3.75e-07,7.62e-09,0.00021,0.0,0.0,0.0
0.8,0.62731,0.10662,0.11263,0.000428,5.36e-05,0.000217,5.36e-05,3.76e-07,7.63e-09,0.00021,0.0,0.0,0.0
0.8,0.62729,0.10672,0.11273,0.000429,5.38e-05,0.000218,5.38e-05,3.77e-07,7.65e-09,0.000211,0.0,0.0,0.0
0.8,0.62727,0.10682,0.11283,0.000431,5.39e-05,0.000219,5.39e-05,3.78e-07,7.66e-09,0.000212,0.0,0.0,0.0
0.8,0.62725,0.10692,0.11293,0.000432,5.41e-05,0.000219,5.41e-05,3.79e-07,7.67e-09,0.000212,0.0,0.0,0.0
0.8,0.62722,0.10702,0.11303,0.000433,5.43e-05,0.00022,5.43e-05,3.8e-07,7.68e-09,0.000213,0.0,0.0,0.0
0.8,0.6272,0.10712,0.11313,0.000434,5.44e-05,0.000221,5.44e-05,3.81e-07,7.69e-09,0.000213,0.0,0.0,0.0
0.8,0.62718,0.10722,0.11323,0.000436,5.46e-05,0.000221,5.46e-05,3.82e-07,7.71e-09,0.000214,0.0,0.0,0.0
0.8,0.62716,0.10732,0.11333,0.000437,5.48e-05,0.000222,5.48e-05,3.83e-07,7.72e-09,0.000215,0.0,0.0,0.0
0.8,0.62713,0.10742,0.11343,0.000438,5.5e-05,0.000223,5.49e-05,7.54e-07,1.79e-08,0.000215,0.0,0.0,0.0
0.8,0.62711,0.10752,0.11353,0.00044,5.51e-05,0.000223,5.51e-05,7.56e-07,1.79e-08,0.000216,0.0,0.0,0.0
0.8,0.62709,0.10762,0.11363,0.000441,5.53e-05,0.000224,5.53e-05,7.57e-07,1.79e-08,0.000216,0.0,0.0,0.0
0.8,0.62706,0.10772,0.11373,0.000442,5.55e-05,0.000225,5.55e-05,7.59e-07,1.79e-08,0.000217,0.0,0.0,0.0
0.8,0.62704,0.10782,0.11383,0.000443,5.56e-05,0.000225,5.56e-05,7.61e-07,1.79e-08,0.000217,0.0,0.0,0.0
0.8,0.62702,0.10792,0.11393,0.000445,5.58e-05,0.000226,5.58e-05,7.63e-07,1.79e-08,0.000218,0.0,0.0,0.0
0.8,0.627,0.10802,0.11403,0.000446,5.6e-05,0.000227,5.6e-05,7.65e-07,1.79e-08,0.000219,0.0,0.0,0.0
0.8,0.62697,0.10812,0.11413,0.000447,5.62e-05,0.000227,5.61e-05,7.67e-07,1.79e-08,0.000219,0.0,0.0,0.0
0.8,0.62695,0.10823,0.11423,0.000448,5.63e-05,0.000228,5.63e-05,7.69e-07,1.79e-08,0.00022,0.0,0.0,0.0
0.8,0.62693,0.10833,0.11433,0.00045,5.65e-05,0.000229,5.65e-05,7.71e-07,1.79e-08,0.00022,0.0,0.0,0.0
0.8,0.6269,0.10843,0.11443,0.000451,5.67e-05,0.000229,5.67e-05,7.73e-07,1.79e-08,0.000221,0.0,0.0,0.0
0.8,0.62688,0.10853,0.11453,0.000452,5.69e-05,0.00023,5.68e-05,7.75e-07,1.79e-08,0.000222,0.0,0.0,0.0
0.8,0.62686,0.10863,0.11463,0.000454,5.7e-05,0.000231,5.7e-05,7.77e-07,1.79e-08,0.000222,0.0,0.0,0.0
0.8,0.62684,0.10873,0.11473,0.000455,5.72e-05,0.000231,5.72e-05,7.79e-07,1.79e-08,0.000223,0.0,0.0,0.0
0.8,0.62681,0.10883,0.11483,0.000456,5.74e-05,0.000232,5.74e-05,7.81e-07,1.79e-08,0.000223,0.0,0.0,0.0
0.8,0.62679,0.10893,0.11493,0.000457,5.76e-05,0.000233,5.76e-05,7.83e-07,1.79e-08,0.000224,0.0,0.0,0.0
0.8,0.62677,0.10903,0.11503,0.000459,5.78e-05,0.000233,5.77e-05,7.85e-07,1.79e-08,0.000225,0.0,0.0,0.0
0.8,0.62674,0.10913,0.11513,0.00046,5.79e-05,0.000234,5.79e-05,7.87e-07,1.79e-08,0.000225,0.0,0.0,0.0
0.8,0.62672,0.10923,0.11523,0.000461,5.81e-05,0.000235,5.81e-05,7.9e-07,1.79e-08,0.000226,0.0,0.0,0.0
0.8,0.6267,0.10933,0.11533,0.000463,5.83e-05,0.000235,5.83e-05,7.92e-07,1.79e-08,0.000226,0.0,0.0,0.0
0.8,0.62667,0.10943,0.11543,0.000464,5.85e-05,0.000236,5.85e-05,7.94e-07,1.8e-08,0.000227,0.0,0.0,0.0
0.8,0.62665,0.10953,0.11553,0.000465,5.87e-05,0.000237,5.86e-05,7.96e-07,1.8e-08,0.000228,0.0,0.0,0.0
0.8,0.62663,0.10963,0.11563,0.000466,5.88e-05,0.000238,5.88e-05,7.98e-07,1.8e-08,0.000228,0.0,0.0,0.0
0.8,0.62661,0.10973,0.11573,0.000468,5.9e-05,0.000238,5.9e-05,8e-07,1.8e-08,0.000229,0.0,0.0,0.0
0.8,0.62658,0.10983,0.11583,0.000469,5.92e-05,0.000239,5.92e-05,8.03e-07,1.8e-08,0.000229,0.0,0.0,0.0
0.8,0.62656,0.10993,0.11593,0.00047,5.94e-05,0.00024,5.94e-05,8.05e-07,1.8e-08,0.00023,0.0,0.0,0.0
0.8,0.62654,0.11003,0.11603,0.000472,5.96e-05,0.00024,5.96e-05,8.07e-07,1.81e-08,0.000231,0.0,0.0,0.0
0.8,0.62651,0.11013,0.11613,0.000473,5.98e-05,0.000241,5.97e-05,8.09e-07,1.81e-08,0.000231,0.0,0.0,0.0
0.8,0.62649,0.11023,0.11623,0.000474,5.99e-05,0.000242,5.99e-05,8.11e-07,1.81e-08,0.000232,0.0,0.0,0.0
0.8,0.62647,0.11033,0.11633,0.000476,6.01e-05,0.000242,6.01e-05,8.14e-07,1.81e-08,0.000232,0.0,0.0,0.0
0.8,0.62644,0.11043,0.11643,0.000477,6.03e-05,0.000243,6.03e-05,8.16e-07,1.81e-08,0.000233,0.0,0.0,0.0
0.8,0.62642,0.11053,0.11653,0.000478,6.05e-05,0.000244,6.05e-05,8.18e-07,1.81e-08,0.000234,0.0,0.0,0.0
0.8,0.6264,0.11063,0.11663,0.00048,6.07e-05,0.000245,6.07e-05,8.2e-07,1.82e-08,0.000234,0.0,0.0,0.0
0.8,0.62637,0.11073,0.11673,0.000481,6.09e-05,0.000245,6.09e-05,8.22e-07,1.82e-08,0.000235,0.0,0.0,0.0
0.8,0.62635,0.11083,0.11683,0.000482,6.11e-05,0.000246,6.1e-05,8.25e-07,1.82e-08,0.000236,0.0,0.0,0.0
0.8,0.62633,0.11093,0.11693,0.000484,6.13e-05,0.000247,6.12e-05,8.27e-07,1.82e-08,0.000236,0.0,0.0,0.0
0.8,0.6263,0.11103,0.11703,0.000485,6.14e-05,0.000248,6.14e-05,8.29e-07,1.83e-08,0.000237,0.0,0.0,0.0
0.8,0.62628,0.11113,0.11713,0.000487,6.16e-05,0.000248,6.16e-05,8.32e-07,1.83e-08,0.000237,0.0,0.0,0.0
0.8,0.62626,0.11123,0.11723,0.000488,6.18e-05,0.000249,6.18e-05,8.34e-07,1.83e-08,0.000238,0.0,0.0,0.0
0.8,0.62623,0.11133,0.11733,0.000489,6.2e-05,0.00025,6.2e-05,8.36e-07,1.83e-08,0.000239,0.0,0.0,0.0
0.8,0.62621,0.11143,0.11743,0.000491,6.22e-05,0.00025,6.22e-05,8.38e-07,1.84e-08,0.000239,0.0,0.0,0.0
0.8,0.62619,0.11153,0.11753,0.000492,6.24e-05,0.000251,6.24e-05,8.41e-07,1.84e-08,0.00024,0.0,0.0,0.0
0.8,0.62616,0.11163,0.11763,0.000493,6.26e-05,0.000252,6.26e-05,8.43e-07,1.84e-08,0.000241,0.0,0.0,0.0
0.8,0.62614,0.11173,0.11773,0.000495,6.28e-05,0.000253,6.28e-05,8.45e-07,1.84e-08,0.000241,0.0,0.0,0.0
0.8,0.62612,0.11183,0.11783,0.000496,6.3e-05,0.000253,6.3e-05,8.48e-07,1.85e-08,0.000242,0.0,0.0,0.0
0.8,0.62609,0.11193,0.11793,0.000498,6.32e-05,0.000254,6.32e-05,8.5e-07,1.85e-08,0.000242,0.0,0.0,0.0
0.8,0.62607,0.11203,0.11803,0.000499,6.34e-05,0.000255,6.34e-05,8.52e-07,1.85e-08,0.000243,0.0,0.0,0.0
0.8,0.62604,0.11213,0.11813,0.0005,6.36e-05,0.000256,6.36e-05,8.55e-07,1.85e-08,0.000244,0.0,0.0,0.0
0.8,0.62602,0.11223,0.11823,0.000502,6.38e-05,0.000256,6.37e-05,8.57e-07,1.86e-08,0.000244,0.0,0.0,0.0
0.8,0.626,0.11233,0.11833,0.000503,6.4e-05,0.000257,6.39e-05,8.59e-07,1.86e-08,0.000245,0.0,0.0,0.0
0.8,0.62597,0.11243,0.11843,0.000505,6.42e-05,0.000258,6.41e-05,8.62e-07,1.86e-08,0.000246,0.0,0.0,0.0
0.8,0.62595,0.11253,0.11853,0.000506,6.44e-05,0.000259,6.43e-05,8.64e-07,1.86e-08,0.000246,0.0,0.0,0.0
0.8,0.62593,0.11263,0.11863,0.000507,6.46e-05,0.000259,6.45e-05,8.66e-07,1.87e-08,0.000247,0.0,0.0,0.0
0.8,0.6259,0.11274,0.11873,0.000509,6.48e-05,0.00026,6.47e-05,8.69e-07,1.87e-08,0.000248,0.0,0.0,0.0
0.8,0.62588,0.11284,0.11883,0.00051,6.5e-05,0.000261,6.49e-05,8.71e-07,1.87e-08,0.000248,0.0,0.0,0.0
0.8,0.62585,0.11294,0.11893,0.000512,6.52e-05,0.000262,6.51e-05,8.73e-07,1.88e-08,0.000249,0.0,0.0,0.0
0.8,0.62583,0.11304,0.11903,0.000513,6.54e-05,0.000263,6.53e-05,8.76e-07,1.88e-08,0.00025,0.0,0.0,0.0
0.8,0.62581,0.11314,0.11913,0.000514,6.56e-05,0.000263,6.55e-05,8.78e-07,1.88e-08,0.00025,0.0,0.0,0.0
0.8,0.62578,0.11324,0.11923,0.000516,6.58e-05,0.000264,6.57e-05,8.8e-07,1.88e-08,0.000251,0.0,0.0,0.0
0.8,0.62576,0.11334,0.11933,0.000517,6.6e-05,0.000265,6.59e-05,8.83e-07,1.89e-08,0.000251,0.0,0.0,0.0
0.8,0.62574,0.11344,0.11943,0.000519,6.62e-05,0.000266,6.62e-05,8.85e-07,1.89e-08,0.000252,0.0,0.0,0.0
0.8,0.62571,0.11354,0.11953,0.00052,6.64e-05,0.000266,6.64e-05,8.88e-07,1.89e-08,0.000253,0.0,0.0,0.0
0.8,0.62569,0.11364,0.11963,0.000522,6.66e-05,0.000267,6.66e-05,8.9e-07,1.9e-08,0.000253,0.0,0.0,0.0
0.8,0.62566,0.11374,0.11973,0.000523,6.68e-05,0.000268,6.68e-05,8.92e-07,1.9e-08,0.000254,0.0,0.0,0.0
0.8,0.62564,0.11384,0.11983,0.000524,6.7e-05,0.000269,6.7e-05,8.95e-07,1.9e-08,0.000255,0.0,0.0,0.0
0.8,0.62562,0.11394,0.11993,0.000526,6.72e-05,0.00027,6.72e-05,8.97e-07,1.91e-08,0.000255,0.0,0.0,0.0
0.8,0.62559,0.11404,0.12003,0.000527,6.74e-05,0.00027,6.74e-05,9e-07,1.91e-08,0.000256,0.0,0.0,0.0
0.8,0.62557,0.11414,0.12013,0.000529,6.76e-05,0.000271,6.76e-05,9.02e-07,1.91e-08,0.000257,0.0,0.0,0.0
0.8,0.62554,0.11424,0.12023,0.00053,6.78e-05,0.000272,6.78e-05,9.04e-07,1.92e-08,0.000257,0.0,0.0,0.0
0.8,0.62552,0.11434,0.12033,0.000532,6.8e-05,0.000273,6.8e-05,9.07e-07,1.92e-08,0.000258,0.0,0.0,0.0
0.8,0.6255,0.11444,0.12043,0.000533,6.82e-05,0.000274,6.82e-05,9.09e-07,1.92e-08,0.000259,0.0,0.0,0.0
0.8,0.62547,0.11454,0.12053,0.000535,6.85e-05,0.000274,6.84e-05,9.12e-07,1.93e-08,0.000259,0.0,0.0,0.0
0.8,0.62545,0.11464,0.12063,0.000536,6.87e-05,0.000275,6.86e-05,9.14e-07,1.93e-08,0.00026,0.0,0.0,0.0
0.8,0.62542,0.11474,0.12073,0.000538,6.89e-05,0.000276,6.89e-05,9.17e-07,1.93e-08,0.000261,0.0,0.0,0.0
0.8,0.6254,0.11484,0.12083,0.000539,6.91e-05,0.000277,6.91e-05,9.19e-07,1.94e-08,0.000261,0.0,0.0,0.0
0.8,0.62537,0.11494,0.12093,0.000541,6.93e-05,0.000278,6.93e-05,9.22e-07,1.94e-08,0.000262,0.0,0.0,0.0
0.8,0.62535,0.11504,0.12103,0.000543,6.95e-05,0.000278,6.95e-05,1.36e-06,3.32e-08,0.000263,0.0,0.0,0.0
0.8,0.62533,0.11514,0.12113,0.000544,6.97e-05,0.000279,6.97e-05,1.36e-06,3.32e-08,0.000263,0.0,0.0,0.0
0.8,0.6253,0.11524,0.12123,0.000546,7e-05,0.00028,6.99e-05,1.37e-06,3.32e-08,0.000264,0.0,0.0,0.0
0.8,0.62528,0.11534,0.12133,0.000547,7.02e-05,0.000281,7.01e-05,1.37e-06,3.32e-08,0.000265,0.0,0.0,0.0
0.8,0.62525,0.11544,0.12143,0.000549,7.04e-05,0.000282,7.04e-05,1.37e-06,3.32e-08,0.000265,0.0,0.0,0.0
0.8,0.62523,0.11554,0.12153,0.00055,7.06e-05,0.000283,7.06e-05,1.38e-06,3.32e-08,0.000266,0.0,0.0,0.0
0.8,0.62521,0.11564,0.12163,0.000552,7.08e-05,0.000283,7.08e-05,1.38e-06,3.33e-08,0.000267,0.0,0.0,0.0
0.8,0.62518,0.11574,0.12173,0.000553,7.1e-05,0.000284,7.1e-05,1.38e-06,3.33e-08,0.000267,0.0,0.0,0.0
0.8,0.62516,0.11584,0.12183,0.000555,7.13e-05,0.000285,7.12e-05,1.39e-06,3.33e-08,0.000268,0.0,0.0,0.0
0.8,0.62513,0.11594,0.12193,0.000556,7.15e-05,0.000286,7.14e-05,1.39e-06,3.33e-08,0.000269,0.0,0.0,0.0
0.8,0.62511,0.11604,0.12203,0.000558,7.17e-05,0.000287,7.17e-05,1.39e-06,3.33e-08,0.00027,0.0,0.0,0.0
0.8,0.62508,0.11614,0.12213,0.000559,7.19e-05,0.000288,7.19e-05,1.4e-06,3.33e-08,0.00027,0.0,0.0,0.0
0.8,0.62506,0.11624,0.12223,0.000561,7.21e-05,0.000288,7.21e-05,1.4e-06,3.34e-08,0.000271,0.0,0.0,0.0
0.8,0.62503,0.11634,0.12233,0.000562,7.24e-05,0.000289,7.23e-05,1.41e-06,3.34e-08,0.000272,0.0,0.0,0.0
0.8,0.62501,0.11644,0.12243,0.000564,7.26e-05,0.00029,7.26e-05,1.41e-06,3.34e-08,0.000272,0.0,0.0,0.0
0.8,0.62499,0.11654,0.12253,0.000565,7.28e-05,0.000291,7.28e-05,1.41e-06,3.35e-08,0.000273,0.0,0.0,0.0
0.8,0.62496,0.11664,0.12263,0.000567,7.3e-05,0.000292,7.3e-05,1.42e-06,3.35e-08,0.000274,0.0,0.0,0.0
0.8,0.62494,0.11674,0.12273,0.000569,7.33e-05,0.000293,7.32e-05,1.42e-06,3.35e-08,0.000274,0.0,0.0,0.0
0.8,0.62491,0.11684,0.12283,0.00057,7.35e-05,0.000294,7.34e-05,1.42e-06,3.35e-08,0.000275,0.0,0.0,0.0
0.8,0.62489,0.11694,0.12293,0.000572,7.37e-05,0.000294,7.37e-05,1.43e-06,3.36e-08,0.000276,0.0,0.0,0.0
0.8,0.62486,0.11705,0.12303,0.000573,7.39e-05,0.000295,7.39e-05,1.43e-06,3.36e-08,0.000276,0.0,0.0,0.0
0.8,0.62484,0.11715,0.12313,0.000575,7.42e-05,0.000296,7.41e-05,1.44e-06,3.37e-08,0.000277,0.0,0.0,0.0
0.8,0.62481,0.11725,0.12323,0.000576,7.44e-05,0.000297,7.44e-05,1.44e-06,3.37e-08,0.000278,0.0,0.0,0.0
0.8,0.62479,0.11735,0.12333,0.000578,7.46e-05,0.000298,7.46e-05,1.44e-06,3.37e-08,0.000279,0.0,0.0,0.0
0.8,0.62476,0.11745,0.12343,0.000579,7.48e-05,0.000299,7.48e-05,1.45e-06,3.38e-08,0.000279,0.0,0.0,0.0
0.8,0.62474,0.11755,0.12353,0.000581,7.51e-05,0.0003,7.5e-05,1.45e-06,3.38e-08,0.00028,0.0,0.0,0.0
0.8,0.62471,0.11765,0.12363,0.000583,7.53e-05,0.000301,7.53e-05,1.46e-06,3.38e-08,0.000281,0.0,0.0,0.0
0.8,0.62469,0.11775,0.12373,0.000584,7.55e-05,0.000301,7.55e-05,1.46e-06,3.39e-08,0.000281,0.0,0.0,0.0
0.8,0.62467,0.11785,0.12383,0.000586,7.58e-05,0.000302,7.57e-05,1.46e-06,3.39e-08,0.000282,0.0,0.0,0.0
0.8,0.62464,0.11795,0.12393,0.000587,7.6e-05,0.000303,7.6e-05,1.47e-06,3.4e-08,0.000283,0.0,0.0,0.0
0.8,0.62462,0.11805,0.12403,0.000589,7.62e-05,0.000304,7.62e-05,1.47e-06,3.4e-08,0.000284,0.0,0.0,0.0
0.8,0.62459,0.11815,0.12413,0.000591,7.65e-05,0.000305,7.64e-05,1.48e-06,3.41e-08,0.000284,0.0,0.0,0.0
0.8,0.62457,0.11825,0.12423,0.000592,7.67e-05,0.000306,7.67e-05,1.48e-06,3.41e-08,0.000285,0.0,0.0,0.0
0.8,0.62454,0.11835,0.12433,0.000594,7.69e-05,0.000307,7.69e-05,1.48e-06,3.42e-08,0.000286,0.0,0.0,0.0
0.8,0.62452,0.11845,0.12443,0.000595,7.72e-05,0.000308,7.71e-05,1.49e-06,3.42e-08,0.000286,0.0,0.0,0.0
0.8,0.62449,0.11855,0.12453,0.000597,7.74e-05,0.000309,7.74e-05,1.49e-06,3.43e-08,0.000287,0.0,0.0,0.0
0.8,0.62447,0.11865,0.12463,0.000599,7.77e-05,0.000309,7.76e-05,1.5e-06,3.43e-08,0.000288,0.0,0.0,0.0
0.8,0.62444,0.11875,0.12473,0.0006,7.79e-05,0.00031,7.79e-05,1.5e-06,3.44e-08,0.000289,0.0,0.0,0.0
0.8,0.62442,0.11885,0.12483,0.000602,7.81e-05,0.000311,7.81e-05,1.5e-06,3.44e-08,0.000289,0.0,0.0,0.0
0.8,0.62439,0.11895,0.12493,0.000604,7.84e-05,0.000312,7.83e-05,1.51e-06,3.45e-08,0.00029,0.0,0.0,0.0
0.8,0.62437,0.11905,0.12503,0.000605,7.86e-05,0.000313,7.86e-05,1.51e-06,3.45e-08,0.000291,0.0,0.0,0.0
0.8,0.62434,0.11915,0.12513,0.000607,7.88e-05,0.000314,7.88e-05,1.52e-06,3.46e-08,0.000291,0.0,0.0,0.0
0.8,0.62432,0.11925,0.12523,0.000609,7.91e-05,0.000315,7.91e-05,1.52e-06,3.46e-08,0.000292,0.0,0.0,0.0
0.8,0.62429,0.11935,0.12533,0.00061,7.93e-05,0.000316,7.93e-05,1.52e-06,3.47e-08,0.000293,0.0,0.0,0.0
0.8,0.62427,0.11945,0.12543,0.000612,7.96e-05,0.000317,7.95e-05,1.53e-06,3.47e-08,0.000294,0.0,0.0,0.0
0.8,0.62424,0.11955,0.12553,0.000614,7.98e-05,0.000318,7.98e-05,1.53e-06,3.48e-08,0.000294,0.0,0.0,0.0
0.8,0.62422,0.11965,0.12563,0.000615,8.01e-05,0.000319,8e-05,1.54e-06,3.48e-08,0.000295,0.0,0.0,0.0
0.8,0.62419,0.11975,0.12573,0.000617,8.03e-05,0.00032,8.03e-05,1.54e-06,3.49e-08,0.000296,0.0,0.0,0.0
0.8,0.62417,0.11985,0.12583,0.000619,8.06e-05,0.00032,8.05e-05,1.54e-06,3.49e-08,0.000297,0.0,0.0,0.0
0.8,0.62414,0.11995,0.12593,0.00062,8.08e-05,0.000321,8.08e-05,1.55e-06,3.5e-08,0.000297,0.0,0.0,0.0
0.8,0.62412,0.12005,0.12603,0.000622,8.1e-05,0.000322,8.1e-05,1.55e-06,3.5e-08,0.000298,0.0,0.0,0.0
0.8,0.62409,0.12015,0.12613,0.000624,8.13e-05,0.000323,8.13e-05,1.56e-06,3.51e-08,0.000299,0.0,0.0,0.0
0.8,0.62406,0.12025,0.12623,0.000625,8.15e-05,0.000324,8.15e-05,1.56e-06,3.52e-08,0.000299,0.0,0.0,0.0
0.8,0.62404,0.12035,0.12633,0.000627,8.18e-05,0.000325,8.18e-05,1.56e-06,3.52e-08,0.0003,0.0,0.0,0.0
0.8,0.62401,0.12045,0.12643,0.000629,8.2e-05,0.000326,8.2e-05,1.57e-06,3.53e-08,0.000301,0.0,0.0,0.0
0.8,0.62399,0.12055,0.12653,0.00063,8.23e-05,0.000327,8.23e-05,1.57e-06,3.53e-08,0.000302,0.0,0.0,0.0
0.8,0.62396,0.12065,0.12663,0.000632,8.25e-05,0.000328,8.25e-05,1.58e-06,3.54e-08,0.000302,0.0,0.0,0.0
0.8,0.62394,0.12075,0.12673,0.000634,8.28e-05,0.000329,8.28e-05,1.58e-06,3.55e-08,0.000303,0.0,0.0,0.0
0.8,0.62391,0.12085,0.12683,0.000635,8.31e-05,0.00033,8.3e-05,1.59e-06,3.55e-08,0.000304,0.0,0.0,0.0
0.8,0.62389,0.12095,0.12693,0.000637,8.33e-05,0.000331,8.33e-05,1.59e-06,3.56e-08,0.000305,0.0,0.0,0.0
0.8,0.62386,0.12105,0.12703,0.000639,8.36e-05,0.000332,8.35e-05,1.59e-06,3.56e-08,0.000305,0.0,0.0,0.0
0.8,0.62384,0.12115,0.12713,0.000641,8.38e-05,0.000333,8.38e-05,1.6e-06,3.57e-08,0.000306,0.0,0.0,0.0
0.8,0.62381,0.12126,0.12723,0.000642,8.41e-05,0.000334,8.4e-05,1.6e-06,3.58e-08,0.000307,0.0,0.0,0.0
0.8,0.62379,0.12136,0.12733,0.000644,8.43e-05,0.000335,8.43e-05,1.61e-06,3.58e-08,0.000308,0.0,0.0,0.0
0.8,0.62376,0.12146,0.12743,0.000646,8.46e-05,0.000336,8.45e-05,1.61e-06,3.59e-08,0.000308,0.0,0.0,0.0
0.8,0.62373,0.12156,0.12753,0.000648,8.48e-05,0.000337,8.48e-05,1.61e-06,3.59e-08,0.000309,0.0,0.0,0.0
0.8,0.62371,0.12166,0.12763,0.000649,8.51e-05,0.000338,8.51e-05,1.62e-06,3.6e-08,0.00031,0.0,0.0,0.0
0.8,0.62368,0.12176,0.12773,0.000651,8.54e-05,0.000339,8.53e-05,1.62e-06,3.61e-08,0.000311,0.0,0.0,0.0
0.8,0.62366,0.12186,0.12783,0.000653,8.56e-05,0.00034,8.56e-05,1.63e-06,3.61e-08,0.000312,0.0,0.0,0.0
0.8,0.62363,0.12196,0.12793,0.000655,8.59e-05,0.000341,8.58e-05,1.63e-06,3.62e-08,0.000312,0.0,0.0,0.0
0.8,0.62361,0.12206,0.12803,0.000656,8.61e-05,0.000342,8.61e-05,1.64e-06,3.63e-08,0.000313,0.0,0.0,0.0
0.8,0.62358,0.12216,0.12813,0.000658,8.64e-05,0.000343,8.64e-05,1.64e-06,3.63e-08,0.000314,0.0,0.0,0.0
0.8,0.62356,0.12226,0.12823,0.00066,8.67e-05,0.000344,8.66e-05,1.64e-06,3.64e-08,0.000315,0.0,0.0,0.0
0.8,0.62353,0.12236,0.12833,0.000662,8.69e-05,0.000345,8.69e-05,1.65e-06,3.65e-08,0.000315,0.0,0.0,0.0
0.8,0.6235,0.12246,0.12843,0.000663,8.72e-05,0.000346,8.72e-05,1.65e-06,3.65e-08,0.000316,0.0,0.0,0.0
0.8,0.62348,0.12256,0.12853,0.000666,8.75e-05,0.000347,8.74e-05,2.17e-06,5.51e-08,0.000317,0.0,0.0,0.0
0.8,0.62345,0.12266,0.12863,0.000667,8.78e-05,0.000348,8.77e-05,2.18e-06,5.51e-08,0.000318,0.0,0.0,0.0
0.8,0.62343,0.12276,0.12873,0.000669,8.8e-05,0.000349,8.8e-05,2.18e-06,5.51e-08,0.000318,0.0,0.0,0.0
0.8,0.6234,0.12286,0.12883,0.000671,8.83e-05,0.00035,8.82e-05,2.19e-06,5.51e-08,0.000319,0.0,0.0,0.0
0.8,0.62338,0.12296,0.12893,0.000673,8.86e-05,0.000351,8.85e-05,2.19e-06,5.52e-08,0.00032,0.0,0.0,0.0
0.8,0.62335,0.12306,0.12903,0.000675,8.88e-05,0.000352,8.88e-05,2.2e-06,5.52e-08,0.000321,0.0,0.0,0.0
0.8,0.62332,0.12316,0.12913,0.000676,8.91e-05,0.000353,8.9e-05,2.2e-06,5.52e-08,0.000322,0.0,0.0,0.0
0.8,0.6233,0.12326,0.12923,0.000678,8.94e-05,0.000354,8.93e-05,2.21e-06,5.53e-08,0.000322,0.0,0.0,0.0
0.8,0.62327,0.12336,0.12933,0.00068,8.96e-05,0.000355,8.96e-05,2.21e-06,5.53e-08,0.000323,0.0,0.0,0.0
0.8,0.62325,0.12346,0.12943,0.000682,8.99e-05,0.000356,8.99e-05,2.22e-06,5.54e-08,0.000324,0.0,0.0,0.0
0.8,0.62322,0.12356,0.12953,0.000684,9.02e-05,0.000357,9.01e-05,2.23e-06,5.54e-08,0.000325,0.0,0.0,0.0
0.8,0.62319,0.12366,0.12963,0.000685,9.05e-05,0.000358,9.04e-05,2.23e-06,5.55e-08,0.000325,0.0,0.0,0.0
0.8,0.62317,0.12376,0.12973,0.000687,9.07e-05,0.000359,9.07e-05,2.24e-06,5.55e-08,0.000326,0.0,0.0,0.0
0.8,0.62314,0.12386,0.12983,0.000689,9.1e-05,0.00036,9.1e-05,2.24e-06,5.56e-08,0.000327,0.0,0.0,0.0
0.8,0.62312,0.12396,0.12993,0.000691,9.13e-05,0.000361,9.12e-05,2.25e-06,5.56e-08,0.000328,0.0,0.0,0.0
0.8,0.62309,0.12406,0.13003,0.000693,9.16e-05,0.000362,9.15e-05,2.26e-06,5.57e-08,0.000329,0.0,0.0,0.0
0.8,0.62307,0.12416,0.13013,0.000695,9.18e-05,0.000363,9.18e-05,2.26e-06,5.57e-08,0.000329,0.0,0.0,0.0
0.8,0.62304,0.12426,0.13023,0.000697,9.21e-05,0.000364,9.21e-05,2.27e-06,5.58e-08,0.00033,0.0,0.0,0.0
0.8,0.62301,0.12436,0.13033,0.000698,9.24e-05,0.000365,9.23e-05,2.27e-06,5.59e-08,0.000331,0.0,0.0,0.0
0.8,0.62299,0.12446,0.13043,0.0007,9.27e-05,0.000366,9.26e-05,2.28e-06,5.59e-08,0.000332,0.0,0.0,0.0
0.8,0.62296,0.12456,0.13053,0.000702,9.3e-05,0.000367,9.29e-05,2.28e-06,5.6e-08,0.000333,0.0,0.0,0.0
0.8,0.62293,0.12466,0.13063,0.000704,9.32e-05,0.000368,9.32e-05,2.29e-06,5.61e-08,0.000333,0.0,0.0,0.0
0.8,0.62291,0.12476,0.13073,0.000706,9.35e-05,0.000369,9.35e-05,2.3e-06,5.61e-08,0.000334,0.0,0.0,0.0
0.8,0.62288,0.12486,0.13083,0.000708,9.38e-05,0.00037,9.38e-05,2.3e-06,5.62e-08,0.000335,0.0,0.0,0.0
0.8,0.62286,0.12496,0.13093,0.00071,9.41e-05,0.000372,9.4e-05,2.31e-06,5.63e-08,0.000336,0.0,0.0,0.0
0.8,0.62283,0.12506,0.13103,0.000711,9.44e-05,0.000373,9.43e-05,2.32e-06,5.63e-08,0.000337,0.0,0.0,0.0
0.8,0.6228,0.12516,0.13113,0.000713,9.47e-05,0.000374,9.46e-05,2.32e-06,5.64e-08,0.000337,0.0,0.0,0.0
0.8,0.62278,0.12527,0.13123,0.000715,9.5e-05,0.000375,9.49e-05,2.33e-06,5.65e-08,0.000338,0.0,0.0,0.0
0.8,0.62275,0.12537,0.13133,0.000717,9.52e-05,0.000376,9.52e-05,2.33e-06,5.66e-08,0.000339,0.0,0.0,0.0
0.8,0.62272,0.12547,0.13143,0.000719,9.55e-05,0.000377,9.55e-05,2.34e-06,5.67e-08,0.00034,0.0,0.0,0.0
0.8,0.6227,0.12557,0.13153,0.000721,9.58e-05,0.000378,9.58e-05,2.35e-06,5.67e-08,0.000341,0.0,0.0,0.0
0.8,0.62267,0.12567,0.13163,0.000723,9.61e-05,0.000379,9.61e-05,2.35e-06,5.68e-08,0.000341,0.0,0.0,0.0
0.8,0.62265,0.12577,0.13173,0.000725,9.64e-05,0.00038,9.63e-05,2.36e-06,5.69e-08,0.000342,0.0,0.0,0.0
0.8,0.62262,0.12587,0.13183,0.000727,9.67e-05,0.000381,9.66e-05,2.36e-06,5.7e-08,0.000343,0.0,0.0,0.0
0.8,0.62259,0.12597,0.13193,0.000729,9.7e-05,0.000382,9.69e-05,2.37e-06,5.71e-08,0.000344,0.0,0.0,0.0
0.8,0.62257,0.12607,0.13203,0.000731,9.73e-05,0.000383,9.72e-05,2.38e-06,5.72e-08,0.000345,0.0,0.0,0.0
0.8,0.62254,0.12617,0.13213,0.000732,9.76e-05,0.000385,9.75e-05,2.38e-06,5.72e-08,0.000346,0.0,0.0,0.0
0.8,0.62251,0.12627,0.13223,0.000734,9.79e-05,0.000386,9.78e-05,2.39e-06,5.73e-08,0.000346,0.0,0.0,0.0
0.8,0.62249,0.12637,0.13233,0.000736,9.82e-05,0.000387,9.81e-05,2.4e-06,5.74e-08,0.000347,0.0,0.0,0.0
0.8,0.62246,0.12647,0.13243,0.000738,9.85e-05,0.000388,9.84e-05,2.4e-06,5.75e-08,0.000348,0.0,0.0,0.0
0.8,0.62243,0.12657,0.13253,0.00074,9.88e-05,0.000389,9.87e-05,2.41e-06,5.76e-08,0.000349,0.0,0.0,0.0
0.8,0.62241,0.12667,0.13263,0.000742,9.91e-05,0.00039,9.9e-05,2.41e-06,5.77e-08,0.00035,0.0,0.0,0.0
0.8,0.62238,0.12677,0.13273,0.000744,9.94e-05,0.000391,9.93e-05,2.42e-06,5.78e-08,0.00035,0.0,0.0,0.0
0.8,0.62235,0.12687,0.13283,0.000746,9.97e-05,0.000392,9.96e-05,2.43e-06,5.79e-08,0.000351,0.0,0.0,0.0
0.8,0.62233,0.12697,0.13293,0.000748,0.0001,0.000394,9.99e-05,2.43e-06,5.8e-08,0.000352,0.0,0.0,0.0
0.8,0.6223,0.12707,0.13303,0.00075,0.0001,0.000395,0.0001,2.44e-06,5.8e-08,0.000353,0.0,0.0,0.0
0.8,0.62228,0.12717,0.13313,0.000752,0.000101,0.000396,0.000101,2.45e-06,5.81e-08,0.000354,0.0,0.0,0.0
0.8,0.62225,0.12727,0.13323,0.000754,0.000101,0.000397,0.000101,2.45e-06,5.82e-08,0.000355,0.0,0.0,0.0
0.8,0.62222,0.12737,0.13333,0.000756,0.000101,0.000398,0.000101,2.46e-06,5.83e-08,0.000355,0.0,0.0,0.0
0.8,0.6222,0.12747,0.13343,0.000758,0.000101,0.000399,0.000101,2.47e-06,5.84e-08,0.000356,0.0,0.0,0.0
0.8,0.62217,0.12757,0.13353,0.00076,0.000102,0.0004,0.000102,2.47e-06,5.85e-08,0.000357,0.0,0.0,0.0
0.8,0.62214,0.12767,0.13363,0.000762,0.000102,0.000402,0.000102,2.48e-06,5.86e-08,0.000358,0.0,0.0,0.0
0.8,0.62212,0.12777,0.13373,0.000764,0.000102,0.000403,0.000102,2.49e-06,5.87e-08,0.000359,0.0,0.0,0.0
0.8,0.62209,0.12787,0.13383,0.000766,0.000103,0.000404,0.000103,2.49e-06,5.88e-08,0.00036,0.0,0.0,0.0
0.8,0.62206,0.12797,0.13393,0.000768,0.000103,0.000405,0.000103,2.5e-06,5.89e-08,0.000361,0.0,0.0,0.0
0.8,0.62203,0.12807,0.13403,0.00077,0.000103,0.000406,0.000103,2.5e-06,5.9e-08,0.000361,0.0,0.0,0.0
0.8,0.62201,0.12817,0.13413,0.000772,0.000104,0.000407,0.000104,2.51e-06,5.91e-08,0.000362,0.0,0.0,0.0
0.8,0.62198,0.12827,0.13423,0.000774,0.000104,0.000408,0.000104,2.52e-06,5.92e-08,0.000363,0.0,0.0,0.0
0.8,0.62195,0.12837,0.13433,0.000776,0.000104,0.00041,0.000104,2.52e-06,5.93e-08,0.000364,0.0,0.0,0.0
0.8,0.62193,0.12847,0.13443,0.000778,0.000105,0.000411,0.000105,2.53e-06,5.94e-08,0.000365,0.0,0.0,0.0
0.8,0.6219,0.12857,0.13453,0.00078,0.000105,0.000412,0.000105,2.54e-06,5.95e-08,0.000366,0.0,0.0,0.0
0.8,0.62187,0.12867,0.13463,0.000782,0.000105,0.000413,0.000105,2.54e-06,5.96e-08,0.000366,0.0,0.0,0.0
0.8,0.62185,0.12877,0.13473,0.000784,0.000106,0.000414,0.000105,2.55e-06,5.97e-08,0.000367,0.0,0.0,0.0
0.8,0.62182,0.12887,0.13483,0.000786,0.000106,0.000416,0.000106,2.56e-06,5.98e-08,0.000368,0.0,0.0,0.0
0.8,0.62179,0.12897,0.13493,0.000788,0.000106,0.000417,0.000106,2.56e-06,5.99e-08,0.000369,0.0,0.0,0.0
0.8,0.62177,0.12907,0.13503,0.00079,0.000106,0.000418,0.000106,2.57e-06,6.01e-08,0.00037,0.0,0.0,0.0
0.8,0.62174,0.12918,0.13513,0.000792,0.000107,0.000419,0.000107,2.58e-06,6.02e-08,0.000371,0.0,0.0,0.0
0.8,0.62171,0.12928,0.13523,0.000795,0.000107,0.00042,0.000107,2.58e-06,6.03e-08,0.000372,0.0,0.0,0.0
0.8,0.62168,0.12938,0.13533,0.000797,0.000107,0.000422,0.000107,2.59e-06,6.04e-08,0.000372,0.0,0.0,0.0
0.8,0.62166,0.12948,0.13543,0.000799,0.000108,0.000423,0.000108,2.6e-06,6.05e-08,0.000373,0.0,0.0,0.0
0.8,0.62163,0.12958,0.13553,0.000801,0.000108,0.000424,0.000108,2.6e-06,6.06e-08,0.000374,0.0,0.0,0.0
0.8,0.6216,0.12968,0.13563,0.000803,0.000108,0.000425,0.000108,2.61e-06,6.07e-08,0.000375,0.0,0.0,0.0
0.8,0.62158,0.12978,0.13573,0.000805,0.000109,0.000426,0.000109,2.62e-06,6.08e-08,0.000376,0.0,0.0,0.0
0.8,0.62155,0.12988,0.13583,0.000807,0.000109,0.000428,0.000109,2.62e-06,6.09e-08,0.000377,0.0,0.0,0.0
0.8,0.62152,0.12998,0.13593,0.00081,0.000109,0.000429,0.000109,3.23e-06,8.57e-08,0.000378,0.0,0.0,0.0
0.8,0.62149,0.13008,0.13603,0.000812,0.00011,0.00043,0.00011,3.24e-06,8.57e-08,0.000379,0.0,0.0,0.0
0.8,0.62147,0.13018,0.13613,0.000814,0.00011,0.000431,0.00011,3.25e-06,8.57e-08,0.000379,0.0,0.0,0.0
0.8,0.62144,0.13028,0.13623,0.000816,0.00011,0.000432,0.00011,3.25e-06,8.58e-08,0.00038,0.0,0.0,0.0
0.8,0.62141,0.13038,0.13633,0.000818,0.000111,0.000434,0.000111,3.26e-06,8.58e-08,0.000381,0.0,0.0,0.0
0.8,0.62139,0.13048,0.13643,0.00082,0.000111,0.000435,0.000111,3.27e-06,8.59e-08,0.000382,0.0,0.0,0.0
0.8,0.62136,0.13058,0.13653,0.000822,0.000111,0.000436,0.000111,3.28e-06,8.6e-08,0.000383,0.0,0.0,0.0
0.8,0.62133,0.13068,0.13663,0.000825,0.000112,0.000437,0.000112,3.29e-06,8.6e-08,0.000384,0.0,0.0,0.0
0.8,0.6213,0.13078,0.13673,0.000827,0.000112,0.000439,0.000112,3.3e-06,8.61e-08,0.000385,0.0,0.0,0.0
0.8,0.62128,0.13088,0.13683,0.000829,0.000112,0.00044,0.000112,3.3e-06,8.62e-08,0.000386,0.0,0.0,0.0
0.8,0.62125,0.13098,0.13693,0.000831,0.000113,0.000441,0.000113,3.31e-06,8.63e-08,0.000387,0.0,0.0,0.0
0.8,0.62122,0.13108,0.13703,0.000833,0.000113,0.000442,0.000113,3.32e-06,8.64e-08,0.000387,0.0,0.0,0.0
0.8,0.62119,0.13118,0.13713,0.000835,0.000113,0.000444,0.000113,3.33e-06,8.64e-08,0.000388,0.0,0.0,0.0
0.8,0.62117,0.13128,0.13723,0.000838,0.000114,0.000445,0.000114,3.34e-06,8.65e-08,0.000389,0.0,0.0,0.0
0.8,0.62114,0.13138,0.13733,0.00084,0.000114,0.000446,0.000114,3.35e-06,8.66e-08,0.00039,0.0,0.0,0.0
0.8,0.62111,0.13148,0.13743,0.000842,0.000114,0.000448,0.000114,3.36e-06,8.67e-08,0.000391,0.0,0.0,0.0
0.8,0.62108,0.13158,0.13753,0.000844,0.000115,0.000449,0.000115,3.37e-06,8.68e-08,0.000392,0.0,0.0,0.0
0.8,0.62106,0.13168,0.13763,0.000846,0.000115,0.00045,0.000115,3.37e-06,8.69e-08,0.000393,0.0,0.0,0.0
0.8,0.62103,0.13178,0.13773,0.000848,0.000115,0.000451,0.000115,3.38e-06,8.7e-08,0.000394,0.0,0.0,0.0
0.8,0.621,0.13188,0.13783,0.000851,0.000116,0.000453,0.000116,3.39e-06,8.71e-08,0.000395,0.0,0.0,0.0
0.8,0.62097,0.13198,0.13793,0.000853,0.000116,0.000454,0.000116,3.4e-06,8.72e-08,0.000396,0.0,0.0,0.0
0.8,0.62095,0.13208,0.13803,0.000855,0.000117,0.000455,0.000116,3.41e-06,8.74e-08,0.000396,0.0,0.0,0.0
0.8,0.62092,0.13218,0.13813,0.000857,0.000117,0.000456,0.000117,3.42e-06,8.75e-08,0.000397,0.0,0.0,0.0
0.8,0.62089,0.13228,0.13823,0.000859,0.000117,0.000458,0.000117,3.43e-06,8.76e-08,0.000398,0.0,0.0,0.0
0.8,0.62086,0.13238,0.13833,0.000862,0.000118,0.000459,0.000117,3.44e-06,8.77e-08,0.000399,0.0,0.0,0.0
0.8,0.62084,0.13248,0.13843,0.000864,0.000118,0.00046,0.000118,3.44e-06,8.78e-08,0.0004,0.0,0.0,0.0
0.8,0.62081,0.13258,0.13853,0.000866,0.000118,0.000462,0.000118,3.45e-06,8.79e-08,0.000401,0.0,0.0,0.0
0.8,0.62078,0.13268,0.13863,0.000868,0.000119,0.000463,0.000119,3.46e-06,8.81e-08,0.000402,0.0,0.0,0.0
0.8,0.62075,0.13278,0.13873,0.000871,0.000119,0.000464,0.000119,3.47e-06,8.82e-08,0.000403,0.0,0.0,0.0
0.8,0.62072,0.13288,0.13883,0.000873,0.000119,0.000466,0.000119,3.48e-06,8.83e-08,0.000404,0.0,0.0,0.0
0.8,0.6207,0.13299,0.13893,0.000875,0.00012,0.000467,0.00012,3.49e-06,8.85e-08,0.000405,0.0,0.0,0.0
0.8,0.62067,0.13309,0.13903,0.000877,0.00012,0.000468,0.00012,3.5e-06,8.86e-08,0.000406,0.0,0.0,0.0
0.8,0.62064,0.13319,0.13913,0.00088,0.00012,0.00047,0.00012,3.51e-06,8.87e-08,0.000406,0.0,0.0,0.0
0.8,0.62061,0.13329,0.13923,0.000882,0.000121,0.000471,0.000121,3.52e-06,8.88e-08,0.000407,0.0,0.0,0.0
0.8,0.62059,0.13339,0.13933,0.000884,0.000121,0.000472,0.000121,3.53e-06,8.9e-08,0.000408,0.0,0.0,0.0
0.8,0.62056,0.13349,0.13943,0.000886,0.000121,0.000474,0.000121,3.54e-06,8.91e-08,0.000409,0.0,0.0,0.0
0.8,0.62053,0.13359,0.13953,0.000889,0.000122,0.000475,0.000122,3.54e-06,8.93e-08,0.00041,0.0,0.0,0.0
0.8,0.6205,0.13369,0.13963,0.000891,0.000122,0.000476,0.000122,3.55e-06,8.94e-08,0.000411,0.0,0.0,0.0
0.8,0.62047,0.13379,0.13973,0.000893,0.000123,0.000478,0.000122,3.56e-06,8.95e-08,0.000412,0.0,0.0,0.0
0.8,0.62045,0.13389,0.13983,0.000896,0.000123,0.000479,0.000123,3.57e-06,8.97e-08,0.000413,0.0,0.0,0.0
0.8,0.62042,0.13399,0.13993,0.000898,0.000123,0.00048,0.000123,3.58e-06,8.98e-08,0.000414,0.0,0.0,0.0
0.8,0.62039,0.13409,0.14003,0.0009,0.000124,0.000482,0.000124,3.59e-06,9e-08,0.000415,0.0,0.0,0.0
0.8,0.62036,0.13419,0.14013,0.000902,0.000124,0.000483,0.000124,3.6e-06,9.01e-08,0.000416,0.0,0.0,0.0
0.8,0.62033,0.13429,0.14023,0.000905,0.000124,0.000484,0.000124,3.61e-06,9.02e-08,0.000417,0.0,0.0,0.0
0.8,0.62031,0.13439,0.14033,0.000907,0.000125,0.000486,0.000125,3.62e-06,9.04e-08,0.000418,0.0,0.0,0.0
0.8,0.62028,0.13449,0.14043,0.000909,0.000125,0.000487,0.000125,3.63e-06,9.05e-08,0.000419,0.0,0.0,0.0
0.8,0.62025,0.13459,0.14053,0.000912,0.000125,0.000489,0.000125,3.64e-06,9.07e-08,0.00042,0.0,0.0,0.0
0.8,0.62022,0.13469,0.14063,0.000914,0.000126,0.00049,0.000126,3.65e-06,9.08e-08,0.00042,0.0,0.0,0.0
0.8,0.62019,0.13479,0.14073,0.000916,0.000126,0.000491,0.000126,3.66e-06,9.1e-08,0.000421,0.0,0.0,0.0
0.8,0.62017,0.13489,0.14083,0.000919,0.000127,0.000493,0.000127,3.67e-06,9.11e-08,0.000422,0.0,0.0,0.0
0.8,0.62014,0.13499,0.14093,0.000921,0.000127,0.000494,0.000127,3.68e-06,9.13e-08,0.000423,0.0,0.0,0.0
0.8,0.62011,0.13509,0.14103,0.000923,0.000127,0.000495,0.000127,3.68e-06,9.14e-08,0.000424,0.0,0.0,0.0
0.8,0.62008,0.13519,0.14113,0.000926,0.000128,0.000497,0.000128,3.69e-06,9.16e-08,0.000425,0.0,0.0,0.0
0.8,0.62005,0.13529,0.14123,0.000928,0.000128,0.000498,0.000128,3.7e-06,9.18e-08,0.000426,0.0,0.0,0.0
0.8,0.62002,0.13539,0.14133,0.00093,0.000128,0.0005,0.000128,3.71e-06,9.19e-08,0.000427,0.0,0.0,0.0
0.8,0.62,0.13549,0.14143,0.000933,0.000129,0.000501,0.000129,3.72e-06,9.21e-08,0.000428,0.0,0.0,0.0
0.8,0.61997,0.13559,0.14153,0.000935,0.000129,0.000502,0.000129,3.73e-06,9.22e-08,0.000429,0.0,0.0,0.0
0.8,0.61994,0.13569,0.14163,0.000938,0.00013,0.000504,0.00013,3.74e-06,9.24e-08,0.00043,0.0,0.0,0.0
0.8,0.61991,0.13579,0.14173,0.00094,0.00013,0.000505,0.00013,3.75e-06,9.25e-08,0.000431,0.0,0.0,0.0
0.8,0.61988,0.13589,0.14183,0.000942,0.00013,0.000507,0.00013,3.76e-06,9.27e-08,0.000432,0.0,0.0,0.0
0.8,0.61985,0.13599,0.14193,0.000945,0.000131,0.000508,0.000131,3.77e-06,9.29e-08,0.000433,0.0,0.0,0.0
0.8,0.61983,0.13609,0.14203,0.000947,0.000131,0.00051,0.000131,3.78e-06,9.3e-08,0.000434,0.0,0.0,0.0
0.8,0.6198,0.13619,0.14213,0.00095,0.000132,0.000511,0.000131,3.79e-06,9.32e-08,0.000435,0.0,0.0,0.0
0.8,0.61977,0.13629,0.14223,0.000952,0.000132,0.000512,0.000132,3.8e-06,9.34e-08,0.000436,0.0,0.0,0.0
0.8,0.61974,0.13639,0.14233,0.000954,0.000132,0.000514,0.000132,3.81e-06,9.35e-08,0.000437,0.0,0.0,0.0
0.8,0.61971,0.13649,0.14243,0.000957,0.000133,0.000515,0.000133,3.82e-06,9.37e-08,0.000438,0.0,0.0,0.0
0.8,0.61968,0.13659,0.14253,0.000959,0.000133,0.000517,0.000133,3.83e-06,9.38e-08,0.000439,0.0,0.0,0.0
0.8,0.61966,0.1367,0.14263,0.000962,0.000134,0.000518,0.000133,3.84e-06,9.4e-08,0.00044,0.0,0.0,0.0
0.8,0.61963,0.1368,0.14273,0.000964,0.000134,0.00052,0.000134,3.85e-06,9.42e-08,0.000441,0.0,0.0,0.0
0.8,0.6196,0.1369,0.14283,0.000967,0.000134,0.000521,0.000134,3.86e-06,9.44e-08,0.000442,0.0,0.0,0.0
0.8,0.61957,0.137,0.14293,0.000969,0.000135,0.000523,0.000135,3.87e-06,9.45e-08,0.000443,0.0,0.0,0.0
0.8,0.61954,0.1371,0.14303,0.000971,0.000135,0.000524,0.000135,3.88e-06,9.47e-08,0.000444,0.0,0.0,0.0
0.8,0.61951,0.1372,0.14313,0.000974,0.000135,0.000526,0.000135,3.89e-06,9.49e-08,0.000445,0.0,0.0,0.0
0.8,0.61948,0.1373,0.14323,0.000976,0.000136,0.000527,0.000136,3.9e-06,9.5e-08,0.000446,0.0,0.0,0.0
0.8,0.61946,0.1374,0.14333,0.00098,0.000136,0.000528,0.000136,4.61e-06,1.28e-07,0.000447,0.0,0.0,0.0
0.8,0.61943,0.1375,0.14343,0.000982,0.000137,0.00053,0.000137,4.62e-06,1.28e-07,0.000448,0.0,0.0,0.0
0.8,0.6194,0.1376,0.14353,0.000985,0.000137,0.000531,0.000137,4.63e-06,1.28e-07,0.000448,0.0,0.0,0.0
0.8,0.61937,0.1377,0.14363,0.000987,0.000138,0.000533,0.000137,4.64e-06,1.28e-07,0.000449,0.0,0.0,0.0
0.8,0.61934,0.1378,0.14373,0.00099,0.000138,0.000534,0.000138,4.66e-06,1.28e-07,0.00045,0.0,0.0,0.0
0.8,0.61931,0.1379,0.14383,0.000992,0.000138,0.000536,0.000138,4.67e-06,1.28e-07,0.000451,0.0,0.0,0.0
0.8,0.61928,0.138,0.14393,0.000995,0.000139,0.000537,0.000139,4.68e-06,1.28e-07,0.000452,0.0,0.0,0.0
0.8,0.61925,0.1381,0.14403,0.000997,0.000139,0.000539,0.000139,4.69e-06,1.28e-07,0.000453,0.0,0.0,0.0
0.8,0.61923,0.1382,0.14413,0.001,0.00014,0.00054,0.000139,4.7e-06,1.28e-07,0.000454,0.0,0.0,0.0
0.8,0.6192,0.1383,0.14423,0.001,0.00014,0.000542,0.00014,4.72e-06,1.29e-07,0.000455,0.0,0.0,0.0
0.8,0.61917,0.1384,0.14433,0.001,0.00014,0.000543,0.00014,4.73e-06,1.29e-07,0.000456,0.0,0.0,0.0
0.8,0.61914,0.1385,0.14443,0.00101,0.000141,0.000545,0.000141,4.74e-06,1.29e-07,0.000457,0.0,0.0,0.0
0.8,0.61911,0.1386,0.14453,0.00101,0.000141,0.000546,0.000141,4.75e-06,1.29e-07,0.000458,0.0,0.0,0.0
0.8,0.61908,0.1387,0.14463,0.00101,0.000142,0.000548,0.000141,4.76e-06,1.29e-07,0.000459,0.0,0.0,0.0
0.8,0.61905,0.1388,0.14473,0.00101,0.000142,0.000549,0.000142,4.78e-06,1.29e-07,0.00046,0.0,0.0,0.0
0.8,0.61902,0.1389,0.14483,0.00102,0.000142,0.000551,0.000142,4.79e-06,1.29e-07,0.000461,0.0,0.0,0.0
0.8,0.61899,0.139,0.14493,0.00102,0.000143,0.000553,0.000143,4.8e-06,1.3e-07,0.000462,0.0,0.0,0.0
0.8,0.61896,0.1391,0.14503,0.00102,0.000143,0.000554,0.000143,4.81e-06,1.3e-07,0.000464,0.0,0.0,0.0
0.8,0.61894,0.1392,0.14513,0.00102,0.000144,0.000556,0.000144,4.83e-06,1.3e-07,0.000465,0.0,0.0,0.0
0.8,0.61891,0.1393,0.14523,0.00103,0.000144,0.000557,0.000144,4.84e-06,1.3e-07,0.000466,0.0,0.0,0.0
0.8,0.61888,0.1394,0.14533,0.00103,0.000145,0.000559,0.000144,4.85e-06,1.3e-07,0.000467,0.0,0.0,0.0
0.8,0.61885,0.1395,0.14543,0.00103,0.000145,0.00056,0.000145,4.86e-06,1.3e-07,0.000468,0.0,0.0,0.0
0.8,0.61882,0.1396,0.14553,0.00104,0.000145,0.000562,0.000145,4.88e-06,1.31e-07,0.000469,0.0,0.0,0.0
0.8,0.61879,0.1397,0.14563,0.00104,0.000146,0.000563,0.000146,4.89e-06,1.31e-07,0.00047,0.0,0.0,0.0
0.8,0.61876,0.1398,0.14573,0.00104,0.000146,0.000565,0.000146,4.9e-06,1.31e-07,0.000471,0.0,0.0,0.0
0.8,0.61873,0.1399,0.14583,0.00104,0.000147,0.000566,0.000147,4.91e-06,1.31e-07,0.000472,0.0,0.0,0.0
0.8,0.6187,0.14,0.14593,0.00105,0.000147,0.000568,0.000147,4.93e-06,1.31e-07,0.000473,0.0,0.0,0.0
0.8,0.61867,0.1401,0.14603,0.00105,0.000148,0.00057,0.000147,4.94e-06,1.32e-07,0.000474,0.0,0.0,0.0
0.8,0.61864,0.1402,0.14613,0.00105,0.000148,0.000571,0.000148,4.95e-06,1.32e-07,0.000475,0.0,0.0,0.0
0.8,0.61862,0.1403,0.14623,0.00105,0.000148,0.000573,0.000148,4.96e-06,1.32e-07,0.000476,0.0,0.0,0.0
0.8,0.61859,0.14041,0.14633,0.00106,0.000149,0.000574,0.000149,4.98e-06,1.32e-07,0.000477,0.0,0.0,0.0
0.8,0.61856,0.14051,0.14643,0.00106,0.000149,0.000576,0.000149,4.99e-06,1.32e-07,0.000478,0.0,0.0,0.0
0.8,0.61853,0.14061,0.14653,0.00106,0.00015,0.000578,0.00015,5e-06,1.32e-07,0.000479,0.0,0.0,0.0
0.8,0.6185,0.14071,0.14663,0.00106,0.00015,0.000579,0.00015,5.02e-06,1.33e-07,0.00048,0.0,0.0,0.0
0.8,0.61847,0.14081,0.14673,0.00107,0.000151,0.000581,0.00015,5.03e-06,1.33e-07,0.000481,0.0,0.0,0.0
0.8,0.61844,0.14091,0.14683,0.00107,0.000151,0.000582,0.000151,5.04e-06,1.33e-07,0.000482,0.0,0.0,0.0
0.8,0.61841,0.14101,0.14693,0.00107,0.000151,0.000584,0.000151,5.05e-06,1.33e-07,0.000483,0.0,0.0,0.0
0.8,0.61838,0.14111,0.14703,0.00107,0.000152,0.000586,0.000152,5.07e-06,1.33e-07,0.000484,0.0,0.0,0.0
0.8,0.61835,0.14121,0.14713,0.00108,0.000152,0.000587,0.000152,5.08e-06,1.34e-07,0.000485,0.0,0.0,0.0
0.8,0.61832,0.14131,0.14723,0.00108,0.000153,0.000589,0.000153,5.09e-06,1.34e-07,0.000486,0.0,0.0,0.0
0.8,0.61829,0.14141,0.14733,0.00108,0.000153,0.00059,0.000153,5.11e-06,1.34e-07,0.000487,0.0,0.0,0.0
0.8,0.61826,0.14151,0.14743,0.00109,0.000154,0.000592,0.000154,5.12e-06,1.34e-07,0.000488,0.0,0.0,0.0
0.8,0.61823,0.14161,0.14753,0.00109,0.000154,0.000594,0.000154,5.13e-06,1.35e-07,0.000489,0.0,0.0,0.0
0.8,0.6182,0.14171,0.14763,0.00109,0.000155,0.000595,0.000154,5.15e-06,1.35e-07,0.00049,0.0,0.0,0.0
0.8,0.61817,0.14181,0.14773,0.00109,0.000155,0.000597,0.000155,5.16e-06,1.35e-07,0.000491,0.0,0.0,0.0
0.8,0.61814,0.14191,0.14783,0.0011,0.000155,0.000599,0.000155,5.17e-06,1.35e-07,0.000492,0.0,0.0,0.0
0.8,0.61812,0.14201,0.14793,0.0011,0.000156,0.0006,0.000156,5.19e-06,1.35e-07,0.000494,0.0,0.0,0.0
0.8,0.61809,0.14211,0.14803,0.0011,0.000156,0.000602,0.000156,5.2e-06,1.36e-07,0.000495,0.0,0.0,0.0
0.8,0.61806,0.14221,0.14813,0.0011,0.000157,0.000604,0.000157,5.21e-06,1.36e-07,0.000496,0.0,0.0,0.0
0.8,0.61803,0.14231,0.14823,0.00111,0.000157,0.000605,0.000157,5.23e-06,1.36e-07,0.000497,0.0,0.0,0.0
0.8,0.618,0.14241,0.14833,0.00111,0.000158,0.000607,0.000158,5.24e-06,1.36e-07,0.000498,0.0,0.0,0.0
0.8,0.61797,0.14251,0.14843,0.00111,0.000158,0.000609,0.000158,5.25e-06,1.37e-07,0.000499,0.0,0.0,0.0
0.8,0.61794,0.14261,0.14853,0.00112,0.000159,0.00061,0.000159,5.27e-06,1.37e-07,0.0005,0.0,0.0,0.0
0.8,0.61791,0.14271,0.14863,0.00112,0.000159,0.000612,0.000159,5.28e-06,1.37e-07,0.000501,0.0,0.0,0.0
0.8,0.61788,0.14281,0.14873,0.00112,0.00016,0.000614,0.000159,5.29e-06,1.37e-07,0.000502,0.0,0.0,0.0
0.8,0.61785,0.14291,0.14883,0.00112,0.00016,0.000615,0.00016,5.31e-06,1.38e-07,0.000503,0.0,0.0,0.0
0.8,0.61782,0.14301,0.14893,0.00113,0.00016,0.000617,0.00016,5.32e-06,1.38e-07,0.000504,0.0,0.0,0.0
0.8,0.61779,0.14311,0.14903,0.00113,0.000161,0.000619,0.000161,5.33e-06,1.38e-07,0.000505,0.0,0.0,0.0
0.8,0.61776,0.14321,0.14913,0.00113,0.000161,0.00062,0.000161,5.35e-06,1.38e-07,0.000506,0.0,0.0,0.0
0.8,0.61773,0.14331,0.14923,0.00113,0.000162,0.000622,0.000162,5.36e-06,1.38e-07,0.000507,0.0,0.0,0.0
0.8,0.6177,0.14341,0.14933,0.00114,0.000162,0.000624,0.000162,5.37e-06,1.39e-07,0.000508,0.0,0.0,0.0
0.8,0.61767,0.14351,0.14943,0.00114,0.000163,0.000625,0.000163,5.39e-06,1.39e-07,0.00051,0.0,0.0,0.0
0.8,0.61764,0.14361,0.14953,0.00114,0.000163,0.000627,0.000163,5.4e-06,1.39e-07,0.000511,0.0,0.0,0.0
0.8,0.61761,0.14371,0.14963,0.00115,0.000164,0.000629,0.000164,5.41e-06,1.39e-07,0.000512,0.0,0.0,0.0
0.8,0.61758,0.14381,0.14973,0.00115,0.000164,0.000631,0.000164,5.43e-06,1.4e-07,0.000513,0.0,0.0,0.0
0.8,0.61755,0.14392,0.14983,0.00115,0.000165,0.000632,0.000165,5.44e-06,1.4e-07,0.000514,0.0,0.0,0.0
0.8,0.61752,0.14402,0.14993,0.00115,0.000165,0.000634,0.000165,5.46e-06,1.4e-07,0.000515,0.0,0.0,0.0
0.8,0.61749,0.14412,0.15003,0.00116,0.000166,0.000636,0.000166,5.47e-06,1.4e-07,0.000516,0.0,0.0,0.0
0.8,0.61746,0.14422,0.15013,0.00116,0.000166,0.000638,0.000166,5.48e-06,1.41e-07,0.000517,0.0,0.0,0.0
0.8,0.61743,0.14432,0.15023,0.00116,0.000167,0.000639,0.000166,5.5e-06,1.41e-07,0.000518,0.0,0.0,0.0
0.8,0.6174,0.14442,0.15033,0.00117,0.000167,0.000641,0.000167,5.51e-06,1.41e-07,0.000519,0.0,0.0,0.0
0.8,0.61737,0.14452,0.15043,0.00117,0.000168,0.000643,0.000167,5.53e-06,1.41e-07,0.00052,0.0,0.0,0.0
0.8,0.61734,0.14462,0.15053,0.00117,0.000168,0.000645,0.000168,5.54e-06,1.42e-07,0.000522,0.0,0.0,0.0
0.8,0.61731,0.14472,0.15063,0.00118,0.000169,0.000646,0.000168,6.37e-06,1.84e-07,0.000523,0.0,0.0,0.0
0.8,0.61728,0.14482,0.15073,0.00118,0.000169,0.000648,0.000169,6.39e-06,1.85e-07,0.000524,0.0,0.0,0.0
0.8,0.61725,0.14492,0.15083,0.00118,0.00017,0.00065,0.000169,6.4e-06,1.85e-07,0.000525,0.0,0.0,0.0
0.8,0.61722,0.14502,0.15093,0.00118,0.00017,0.000652,0.00017,6.42e-06,1.85e-07,0.000526,0.0,0.0,0.0
0.8,0.61719,0.14512,0.15103,0.00119,0.000171,0.000653,0.00017,6.43e-06,1.85e-07,0.000527,0.0,0.0,0.0
0.8,0.61716,0.14522,0.15113,0.00119,0.000171,0.000655,0.000171,6.45e-06,1.85e-07,0.000528,0.0,0.0,0.0
0.8,0.61713,0.14532,0.15123,0.00119,0.000171,0.000657,0.000171,6.47e-06,1.85e-07,0.000529,0.0,0.0,0.0
0.8,0.6171,0.14542,0.15133,0.0012,0.000172,0.000659,0.000172,6.48e-06,1.85e-07,0.00053,0.0,0.0,0.0
0.8,0.61707,0.14552,0.15143,0.0012,0.000172,0.00066,0.000172,6.5e-06,1.86e-07,0.000532,0.0,0.0,0.0
0.8,0.61704,0.14562,0.15153,0.0012,0.000173,0.000662,0.000173,6.52e-06,1.86e-07,0.000533,0.0,0.0,0.0
0.8,0.61701,0.14572,0.15163,0.0012,0.000173,0.000664,0.000173,6.53e-06,1.86e-07,0.000534,0.0,0.0,0.0
0.8,0.61698,0.14582,0.15173,0.00121,0.000174,0.000666,0.000174,6.55e-06,1.86e-07,0.000535,0.0,0.0,0.0
0.8,0.61695,0.14592,0.15183,0.00121,0.000174,0.000668,0.000174,6.57e-06,1.86e-07,0.000536,0.0,0.0,0.0
0.8,0.61692,0.14602,0.15193,0.00121,0.000175,0.00067,0.000175,6.58e-06,1.87e-07,0.000537,0.0,0.0,0.0
0.8,0.61689,0.14612,0.15203,0.00122,0.000175,0.000671,0.000175,6.6e-06,1.87e-07,0.000538,0.0,0.0,0.0
0.8,0.61686,0.14622,0.15213,0.00122,0.000176,0.000673,0.000176,6.62e-06,1.87e-07,0.000539,0.0,0.0,0.0
0.8,0.61682,0.14632,0.15223,0.00122,0.000176,0.000675,0.000176,6.63e-06,1.87e-07,0.000541,0.0,0.0,0.0
0.8,0.61679,0.14642,0.15233,0.00123,0.000177,0.000677,0.000177,6.65e-06,1.88e-07,0.000542,0.0,0.0,0.0
0.8,0.61676,0.14652,0.15243,0.00123,0.000177,0.000679,0.000177,6.67e-06,1.88e-07,0.000543,0.0,0.0,0.0
0.8,0.61673,0.14662,0.15253,0.00123,0.000178,0.00068,0.000178,6.68e-06,1.88e-07,0.000544,0.0,0.0,0.0
0.8,0.6167,0.14672,0.15263,0.00123,0.000178,0.000682,0.000178,6.7e-06,1.88e-07,0.000545,0.0,0.0,0.0
0.8,0.61667,0.14682,0.15273,0.00124,0.000179,0.000684,0.000179,6.72e-06,1.89e-07,0.000546,0.0,0.0,0.0
0.8,0.61664,0.14692,0.15283,0.00124,0.000179,0.000686,0.000179,6.74e-06,1.89e-07,0.000547,0.0,0.0,0.0
0.8,0.61661,0.14702,0.15293,0.00124,0.00018,0.000688,0.00018,6.75e-06,1.89e-07,0.000548,0.0,0.0,0.0
0.8,0.61658,0.14712,0.15303,0.00125,0.000181,0.00069,0.00018,6.77e-06,1.89e-07,0.00055,0.0,0.0,0.0
0.8,0.61655,0.14722,0.15313,0.00125,0.000181,0.000692,0.000181,6.79e-06,1.9e-07,0.000551,0.0,0.0,0.0
0.8,0.61652,0.14733,0.15323,0.00125,0.000182,0.000693,0.000181,6.8e-06,1.9e-07,0.000552,0.0,0.0,0.0
0.8,0.61649,0.14743,0.15333,0.00126,0.000182,0.000695,0.000182,6.82e-06,1.9e-07,0.000553,0.0,0.0,0.0
0.8,0.61646,0.14753,0.15343,0.00126,0.000183,0.000697,0.000182,6.84e-06,1.9e-07,0.000554,0.0,0.0,0.0
0.8,0.61643,0.14763,0.15353,0.00126,0.000183,0.000699,0.000183,6.86e-06,1.91e-07,0.000555,0.0,0.0,0.0
0.8,0.6164,0.14773,0.15363,0.00126,0.000184,0.000701,0.000183,6.87e-06,1.91e-07,0.000556,0.0,0.0,0.0
0.8,0.61637,0.14783,0.15373,0.00127,0.000184,0.000703,0.000184,6.89e-06,1.91e-07,0.000558,0.0,0.0,0.0
0.8,0.61633,0.14793,0.15383,0.00127,0.000185,0.000705,0.000184,6.91e-06,1.92e-07,0.000559,0.0,0.0,0.0
0.8,0.6163,0.14803,0.15393,0.00127,0.000185,0.000707,0.000185,6.93e-06,1.92e-07,0.00056,0.0,0.0,0.0
0.8,0.61627,0.14813,0.15403,0.00128,0.000186,0.000708,0.000186,6.95e-06,1.92e-07,0.000561,0.0,0.0,0.0
0.8,0.61624,0.14823,0.15413,0.00128,0.000186,0.00071,0.000186,6.96e-06,1.92e-07,0.000562,0.0,0.0,0.0
0.8,0.61621,0.14833,0.15423,0.00128,0.000187,0.000712,0.000187,6.98e-06,1.93e-07,0.000563,0.0,0.0,0.0
0.8,0.61618,0.14843,0.15433,0.00129,0.000187,0.000714,0.000187,7e-06,1.93e-07,0.000565,0.0,0.0,0.0
0.8,0.61615,0.14853,0.15443,0.00129,0.000188,0.000716,0.000188,7.02e-06,1.93e-07,0.000566,0.0,0.0,0.0
0.8,0.61612,0.14863,0.15453,0.00129,0.000188,0.000718,0.000188,7.03e-06,1.94e-07,0.000567,0.0,0.0,0.0
0.8,0.61609,0.14873,0.15463,0.0013,0.000189,0.00072,0.000189,7.05e-06,1.94e-07,0.000568,0.0,0.0,0.0
0.8,0.61606,0.14883,0.15473,0.0013,0.000189,0.000722,0.000189,7.07e-06,1.94e-07,0.000569,0.0,0.0,0.0
0.8,0.61603,0.14893,0.15483,0.0013,0.00019,0.000724,0.00019,7.09e-06,1.95e-07,0.00057,0.0,0.0,0.0
0.8,0.616,0.14903,0.15493,0.0013,0.00019,0.000726,0.00019,7.11e-06,1.95e-07,0.000572,0.0,0.0,0.0
0.8,0.61596,0.14913,0.15503,0.00131,0.000191,0.000728,0.000191,7.12e-06,1.95e-07,0.000573,0.0,0.0,0.0
0.8,0.61593,0.14923,0.15513,0.00131,0.000192,0.00073,0.000191,7.14e-06,1.96e-07,0.000574,0.0,0.0,0.0
0.8,0.6159,0.14933,0.15523,0.00131,0.000192,0.000732,0.000192,7.16e-06,1.96e-07,0.000575,0.0,0.0,0.0
0.8,0.61587,0.14943,0.15533,0.00132,0.000193,0.000734,0.000192,7.18e-06,1.96e-07,0.000576,0.0,0.0,0.0
0.8,0.61584,0.14953,0.15543,0.00132,0.000193,0.000735,0.000193,7.2e-06,1.97e-07,0.000577,0.0,0.0,0.0
0.8,0.61581,0.14963,0.15553,0.00132,0.000194,0.000737,0.000194,7.22e-06,1.97e-07,0.000579,0.0,0.0,0.0
0.8,0.61578,0.14973,0.15563,0.00133,0.000194,0.000739,0.000194,7.23e-06,1.97e-07,0.00058,0.0,0.0,0.0
0.8,0.61575,0.14983,0.15573,0.00133,0.000195,0.000741,0.000195,7.25e-06,1.98e-07,0.000581,0.0,0.0,0.0
0.8,0.61572,0.14993,0.15583,0.00133,0.000195,0.000743,0.000195,7.27e-06,1.98e-07,0.000582,0.0,0.0,0.0
0.8,0.61568,0.15003,0.15593,0.00134,0.000196,0.000745,0.000196,7.29e-06,1.98e-07,0.000583,0.0,0.0,0.0
0.8,0.61565,0.15013,0.15603,0.00134,0.000196,0.000747,0.000196,7.31e-06,1.99e-07,0.000585,0.0,0.0,0.0
0.8,0.61562,0.15023,0.15613,0.00134,0.000197,0.000749,0.000197,7.33e-06,1.99e-07,0.000586,0.0,0.0,0.0
0.8,0.61559,0.15033,0.15623,0.00135,0.000198,0.000751,0.000197,7.35e-06,1.99e-07,0.000587,0.0,0.0,0.0
0.8,0.61556,0.15043,0.15633,0.00135,0.000198,0.000753,0.000198,7.36e-06,2e-07,0.000588,0.0,0.0,0.0
0.8,0.61553,0.15053,0.15643,0.00135,0.000199,0.000755,0.000198,7.38e-06,2e-07,0.000589,0.0,0.0,0.0
0.8,0.6155,0.15063,0.15653,0.00136,0.000199,0.000757,0.000199,7.4e-06,2e-07,0.000591,0.0,0.0,0.0
0.8,0.61547,0.15074,0.15663,0.00136,0.0002,0.000759,0.0002,7.42e-06,2.01e-07,0.000592,0.0,0.0,0.0
0.8,0.61543,0.15084,0.15673,0.00136,0.0002,0.000761,0.0002,7.44e-06,2.01e-07,0.000593,0.0,0.0,0.0
0.8,0.6154,0.15094,0.15683,0.00136,0.000201,0.000763,0.000201,7.46e-06,2.01e-07,0.000594,0.0,0.0,0.0
0.8,0.61537,0.15104,0.15693,0.00137,0.000201,0.000765,0.000201,7.48e-06,2.02e-07,0.000595,0.0,0.0,0.0
0.8,0.61534,0.15114,0.15703,0.00137,0.000202,0.000767,0.000202,7.5e-06,2.02e-07,0.000597,0.0,0.0,0.0
0.8,0.61531,0.15124,0.15713,0.00137,0.000203,0.000769,0.000202,7.51e-06,2.02e-07,0.000598,0.0,0.0,0.0
0.8,0.61528,0.15134,0.15723,0.00138,0.000203,0.000771,0.000203,7.53e-06,2.03e-07,0.000599,0.0,0.0,0.0
0.8,0.61525,0.15144,0.15733,0.00138,0.000204,0.000774,0.000204,7.55e-06,2.03e-07,0.0006,0.0,0.0,0.0
0.8,0.61521,0.15154,0.15743,0.00138,0.000204,0.000776,0.000204,7.57e-06,2.03e-07,0.000601,0.0,0.0,0.0
0.8,0.61518,0.15164,0.15753,0.00139,0.000205,0.000778,0.000205,7.59e-06,2.04e-07,0.000603,0.0,0.0,0.0
0.8,0.61515,0.15174,0.15763,0.00139,0.000205,0.00078,0.000205,7.61e-06,2.04e-07,0.000604,0.0,0.0,0.0
0.8,0.61512,0.15184,0.15773,0.00139,0.000206,0.000782,0.000206,7.63e-06,2.04e-07,0.000605,0.0,0.0,0.0
0.8,0.61509,0.15194,0.15783,0.0014,0.000207,0.000784,0.000206,7.65e-06,2.05e-07,0.000606,0.0,0.0,0.0
0.8,0.61506,0.15204,0.15793,0.0014,0.000207,0.000786,0.000207,8.62e-06,2.6e-07,0.000608,0.0,0.0,0.0
0.8,0.61503,0.15214,0.15803,0.00141,0.000208,0.000788,0.000208,8.64e-06,2.61e-07,0.000609,0.0,0.0,0.0
0.8,0.61499,0.15224,0.15813,0.00141,0.000208,0.00079,0.000208,8.66e-06,2.61e-07,0.00061,0.0,0.0,0.0
0.8,0.61496,0.15234,0.15823,0.00141,0.000209,0.000792,0.000209,8.68e-06,2.61e-07,0.000611,0.0,0.0,0.0
0.8,0.61493,0.15244,0.15833,0.00142,0.00021,0.000794,0.000209,8.7e-06,2.61e-07,0.000612,0.0,0.0,0.0
0.8,0.6149,0.15254,0.15843,0.00142,0.00021,0.000796,0.00021,8.73e-06,2.61e-07,0.000614,0.0,0.0,0.0
0.8,0.61487,0.15264,0.15853,0.00142,0.000211,0.000798,0.00021,8.75e-06,2.62e-07,0.000615,0.0,0.0,0.0
0.8,0.61484,0.15274,0.15863,0.00143,0.000211,0.0008,0.000211,8.77e-06,2.62e-07,0.000616,0.0,0.0,0.0
0.8,0.6148,0.15284,0.15873,0.00143,0.000212,0.000803,0.000212,8.79e-06,2.62e-07,0.000617,0.0,0.0,0.0
0.8,0.61477,0.15294,0.15883,0.00143,0.000212,0.000805,0.000212,8.81e-06,2.62e-07,0.000619,0.0,0.0,0.0
0.8,0.61474,0.15304,0.15893,0.00144,0.000213,0.000807,0.000213,8.84e-06,2.63e-07,0.00062,0.0,0.0,0.0
0.8,0.61471,0.15314,0.15903,0.00144,0.000214,0.000809,0.000213,8.86e-06,2.63e-07,0.000621,0.0,0.0,0.0
0.8,0.61468,0.15324,0.15913,0.00144,0.000214,0.000811,0.000214,8.88e-06,2.63e-07,0.000622,0.0,0.0,0.0
0.8,0.61464,0.15334,0.15923,0.00145,0.000215,0.000813,0.000215,8.9e-06,2.64e-07,0.000624,0.0,0.0,0.0
0.8,0.61461,0.15344,0.15933,0.00145,0.000215,0.000815,0.000215,8.93e-06,2.64e-07,0.000625,0.0,0.0,0.0
0.8,0.61458,0.15354,0.15943,0.00145,0.000216,0.000817,0.000216,8.95e-06,2.64e-07,0.000626,0.0,0.0,0.0
0.8,0.61455,0.15364,0.15953,0.00146,0.000217,0.00082,0.000216,8.97e-06,2.65e-07,0.000627,0.0,0.0,0.0
0.8,0.61452,0.15374,0.15963,0.00146,0.000217,0.000822,0.000217,8.99e-06,2.65e-07,0.000629,0.0,0.0,0.0
0.8,0.61448,0.15384,0.15973,0.00146,0.000218,0.000824,0.000218,9.02e-06,2.65e-07,0.00063,0.0,0.0,0.0
0.8,0.61445,0.15394,0.15983,0.00147,0.000218,0.000826,0.000218,9.04e-06,2.66e-07,0.000631,0.0,0.0,0.0
0.8,0.61442,0.15405,0.15993,0.00147,0.000219,0.000828,0.000219,9.06e-06,2.66e-07,0.000632,0.0,0.0,0.0
0.8,0.61439,0.15415,0.16003,0.00147,0.00022,0.00083,0.000219,9.09e-06,2.66e-07,0.000634,0.0,0.0,0.0
0.8,0.61436,0.15425,0.16013,0.00148,0.00022,0.000832,0.00022,9.11e-06,2.67e-07,0.000635,0.0,0.0,0.0
0.8,0.61432,0.15435,0.16023,0.00148,0.000221,0.000835,0.000221,9.13e-06,2.67e-07,0.000636,0.0,0.0,0.0
0.8,0.61429,0.15445,0.16033,0.00148,0.000221,0.000837,0.000221,9.16e-06,2.67e-07,0.000637,0.0,0.0,0.0
0.8,0.61426,0.15455,0.16043,0.00149,0.000222,0.000839,0.000222,9.18e-06,2.68e-07,0.000639,0.0,0.0,0.0
0.8,0.61423,0.15465,0.16053,0.00149,0.000223,0.000841,0.000222,9.2e-06,2.68e-07,0.00064,0.0,0.0,0.0
0.8,0.6142,0.15475,0.16063,0.00149,0.000223,0.000843,0.000223,9.23e-06,2.69e-07,0.000641,0.0,0.0,0.0
0.8,0.61416,0.15485,0.16073,0.0015,0.000224,0.000846,0.000224,9.25e-06,2.69e-07,0.000642,0.0,0.0,0.0
0.8,0.61413,0.15495,0.16083,0.0015,0.000225,0.000848,0.000224,9.27e-06,2.69e-07,0.000644,0.0,0.0,0.0
0.8,0.6141,0.15505,0.16093,0.0015,0.000225,0.00085,0.000225,9.3e-06,2.7e-07,0.000645,0.0,0.0,0.0
0.8,0.61407,0.15515,0.16103,0.00151,0.000226,0.000852,0.000226,9.32e-06,2.7e-07,0.000646,0.0,0.0,0.0
0.8,0.61404,0.15525,0.16113,0.00151,0.000226,0.000854,0.000226,9.34e-06,2.71e-07,0.000648,0.0,0.0,0.0
0.8,0.614,0.15535,0.16123,0.00151,0.000227,0.000857,0.000227,9.37e-06,2.71e-07,0.000649,0.0,0.0,0.0
0.8,0.61397,0.15545,0.16133,0.00152,0.000228,0.000859,0.000227,9.39e-06,2.71e-07,0.00065,0.0,0.0,0.0
0.8,0.61394,0.15555,0.16143,0.00152,0.000228,0.000861,0.000228,9.42e-06,2.72e-07,0.000651,0.0,0.0,0.0
0.8,0.61391,0.15565,0.16153,0.00153,0.000229,0.000863,0.000229,9.44e-06,2.72e-07,0.000653,0.0,0.0,0.0
0.8,0.61387,0.15575,0.16163,0.00153,0.00023,0.000865,0.000229,9.46e-06,2.73e-07,0.000654,0.0,0.0,0.0
0.8,0.61384,0.15585,0.16173,0.00153,0.00023,0.000868,0.00023,9.49e-06,2.73e-07,0.000655,0.0,0.0,0.0
0.8,0.61381,0.15595,0.16183,0.00154,0.000231,0.00087,0.00023,9.51e-06,2.74e-07,0.000656,0.0,0.0,0.0
0.8,0.61378,0.15605,0.16193,0.00154,0.000231,0.000872,0.000231,9.54e-06,2.74e-07,0.000658,0.0,0.0,0.0
0.8,0.61374,0.15615,0.16203,0.00154,0.000232,0.000874,0.000232,9.56e-06,2.75e-07,0.000659,0.0,0.0,0.0
0.8,0.61371,0.15625,0.16213,0.00155,0.000233,0.000877,0.000232,9.58e-06,2.75e-07,0.00066,0.0,0.0,0.0
0.8,0.61368,0.15635,0.16223,0.00155,0.000233,0.000879,0.000233,9.61e-06,2.75e-07,0.000662,0.0,0.0,0.0
0.8,0.61365,0.15645,0.16233,0.00155,0.000234,0.000881,0.000234,9.63e-06,2.76e-07,0.000663,0.0,0.0,0.0
0.8,0.61362,0.15655,0.16243,0.00156,0.000235,0.000884,0.000234,9.66e-06,2.76e-07,0.000664,0.0,0.0,0.0
0.8,0.61358,0.15665,0.16253,0.00156,0.000235,0.000886,0.000235,9.68e-06,2.77e-07,0.000666,0.0,0.0,0.0
0.8,0.61355,0.15675,0.16263,0.00156,0.000236,0.000888,0.000236,9.71e-06,2.77e-07,0.000667,0.0,0.0,0.0
0.8,0.61352,0.15685,0.16273,0.00157,0.000236,0.00089,0.000236,9.73e-06,2.78e-07,0.000668,0.0,0.0,0.0
0.8,0.61348,0.15695,0.16283,0.00157,0.000237,0.000893,0.000237,9.76e-06,2.78e-07,0.000669,0.0,0.0,0.0
0.8,0.61345,0.15705,0.16293,0.00158,0.000238,0.000895,0.000238,9.78e-06,2.79e-07,0.000671,0.0,0.0,0.0
0.8,0.61342,0.15715,0.16303,0.00158,0.000238,0.000897,0.000238,9.81e-06,2.79e-07,0.000672,0.0,0.0,0.0
0.8,0.61339,0.15726,0.16313,0.00158,0.000239,0.0009,0.000239,9.83e-06,2.8e-07,0.000673,0.0,0.0,0.0
0.8,0.61335,0.15736,0.16323,0.00159,0.00024,0.000902,0.000239,9.86e-06,2.8e-07,0.000675,0.0,0.0,0.0
0.8,0.61332,0.15746,0.16333,0.00159,0.00024,0.000904,0.00024,9.88e-06,2.8e-07,0.000676,0.0,0.0,0.0
0.8,0.61329,0.15756,0.16343,0.00159,0.000241,0.000906,0.000241,9.91e-06,2.81e-07,0.000677,0.0,0.0,0.0
0.8,0.61326,0.15766,0.16353,0.0016,0.000242,0.000909,0.000241,9.93e-06,2.81e-07,0.000679,0.0,0.0,0.0
0.8,0.61322,0.15776,0.16363,0.0016,0.000242,0.000911,0.000242,9.96e-06,2.82e-07,0.00068,0.0,0.0,0.0
0.8,0.61319,0.15786,0.16373,0.0016,0.000243,0.000913,0.000243,9.98e-06,2.82e-07,0.000681,0.0,0.0,0.0
0.8,0.61316,0.15796,0.16383,0.00161,0.000244,0.000916,0.000243,1e-05,2.83e-07,0.000683,0.0,0.0,0.0
0.8,0.61313,0.15806,0.16393,0.00161,0.000244,0.000918,0.000244,1e-05,2.83e-07,0.000684,0.0,0.0,0.0
0.8,0.61309,0.15816,0.16403,0.00162,0.000245,0.00092,0.000245,1.01e-05,2.84e-07,0.000685,0.0,0.0,0.0
0.8,0.61306,0.15826,0.16413,0.00162,0.000246,0.000923,0.000245,1.01e-05,2.84e-07,0.000687,0.0,0.0,0.0
0.8,0.61303,0.15836,0.16423,0.00162,0.000246,0.000925,0.000246,1.01e-05,2.85e-07,0.000688,0.0,0.0,0.0
0.8,0.61299,0.15846,0.16433,0.00163,0.000247,0.000928,0.000247,1.01e-05,2.85e-07,0.000689,0.0,0.0,0.0
0.8,0.61296,0.15856,0.16443,0.00163,0.000248,0.00093,0.000247,1.02e-05,2.86e-07,0.000691,0.0,0.0,0.0
0.8,0.61293,0.15866,0.16453,0.00163,0.000248,0.000932,0.000248,1.02e-05,2.86e-07,0.000692,0.0,0.0,0.0
0.8,0.6129,0.15876,0.16463,0.00164,0.000249,0.000935,0.000249,1.02e-05,2.87e-07,0.000693,0.0,0.0,0.0
0.8,0.61286,0.15886,0.16473,0.00164,0.00025,0.000937,0.000249,1.02e-05,2.87e-07,0.000695,0.0,0.0,0.0
0.8,0.61283,0.15896,0.16483,0.00165,0.00025,0.000939,0.00025,1.03e-05,2.88e-07,0.000696,0.0,0.0,0.0
0.8,0.6128,0.15906,0.16493,0.00165,0.000251,0.000942,0.000251,1.03e-05,2.88e-07,0.000697,0.0,0.0,0.0
0.8,0.61276,0.15916,0.16503,0.00165,0.000252,0.000944,0.000251,1.03e-05,2.89e-07,0.000699,0.0,0.0,0.0
0.8,0.61273,0.15926,0.16513,0.00166,0.000252,0.000947,0.000252,1.14e-05,3.61e-07,0.0007,0.0,0.0,0.0
0.8,0.6127,0.15936,0.16523,0.00166,0.000253,0.000949,0.000253,1.15e-05,3.61e-07,0.000701,0.0,0.0,0.0
0.8,0.61266,0.15946,0.16533,0.00167,0.000254,0.000951,0.000253,1.15e-05,3.61e-07,0.000703,0.0,0.0,0.0
0.8,0.61263,0.15956,0.16543,0.00167,0.000254,0.000954,0.000254,1.15e-05,3.61e-07,0.000704,0.0,0.0,0.0
0.8,0.6126,0.15966,0.16553,0.00167,0.000255,0.000956,0.000255,1.16e-05,3.62e-07,0.000705,0.0,0.0,0.0
0.8,0.61257,0.15976,0.16563,0.00168,0.000256,0.000959,0.000255,1.16e-05,3.62e-07,0.000707,0.0,0.0,0.0
0.8,0.61253,0.15986,0.16573,0.00168,0.000256,0.000961,0.000256,1.16e-05,3.62e-07,0.000708,0.0,0.0,0.0
0.8,0.6125,0.15996,0.16583,0.00168,0.000257,0.000963,0.000257,1.16e-05,3.63e-07,0.000709,0.0,0.0,0.0
0.8,0.61247,0.16006,0.16593,0.00169,0.000258,0.000966,0.000258,1.17e-05,3.63e-07,0.000711,0.0,0.0,0.0
0.8,0.61243,0.16016,0.16603,0.00169,0.000259,0.000968,0.000258,1.17e-05,3.64e-07,0.000712,0.0,0.0,0.0
0.8,0.6124,0.16026,0.16613,0.0017,0.000259,0.000971,0.000259,1.17e-05,3.64e-07,0.000714,0.0,0.0,0.0
0.8,0.61237,0.16036,0.16623,0.0017,0.00026,0.000973,0.00026,1.18e-05,3.64e-07,0.000715,0.0,0.0,0.0
0.8,0.61233,0.16047,0.16633,0.0017,0.000261,0.000976,0.00026,1.18e-05,3.65e-07,0.000716,0.0,0.0,0.0
0.8,0.6123,0.16057,0.16643,0.00171,0.000261,0.000978,0.000261,1.18e-05,3.65e-07,0.000718,0.0,0.0,0.0
0.8,0.61227,0.16067,0.16653,0.00171,0.000262,0.000981,0.000262,1.18e-05,3.66e-07,0.000719,0.0,0.0,0.0
0.8,0.61223,0.16077,0.16663,0.00172,0.000263,0.000983,0.000262,1.19e-05,3.66e-07,0.00072,0.0,0.0,0.0
0.8,0.6122,0.16087,0.16673,0.00172,0.000263,0.000985,0.000263,1.19e-05,3.67e-07,0.000722,0.0,0.0,0.0
0.8,0.61217,0.16097,0.16683,0.00172,0.000264,0.000988,0.000264,1.19e-05,3.67e-07,0.000723,0.0,0.0,0.0
0.8,0.61213,0.16107,0.16693,0.00173,0.000265,0.00099,0.000264,1.2e-05,3.68e-07,0.000725,0.0,0.0,0.0
0.8,0.6121,0.16117,0.16703,0.00173,0.000266,0.000993,0.000265,1.2e-05,3.68e-07,0.000726,0.0,0.0,0.0
0.8,0.61207,0.16127,0.16713,0.00173,0.000266,0.000995,0.000266,1.2e-05,3.69e-07,0.000727,0.0,0.0,0.0
0.8,0.61203,0.16137,0.16723,0.00174,0.000267,0.000998,0.000267,1.21e-05,3.69e-07,0.000729,0.0,0.0,0.0
0.8,0.612,0.16147,0.16733,0.00174,0.000268,0.001,0.000267,1.21e-05,3.7e-07,0.00073,0.0,0.0,0.0
0.8,0.61197,0.16157,0.16743,0.00175,0.000268,0.001,0.000268,1.21e-05,3.7e-07,0.000731,0.0,0.0,0.0
0.8,0.61193,0.16167,0.16753,0.00175,0.000269,0.00101,0.000269,1.22e-05,3.71e-07,0.000733,0.0,0.0,0.0
0.8,0.6119,0.16177,0.16763,0.00175,0.00027,0.00101,0.000269,1.22e-05,3.71e-07,0.000734,0.0,0.0,0.0
0.8,0.61187,0.16187,0.16773,0.00176,0.00027,0.00101,0.00027,1.22e-05,3.72e-07,0.000736,0.0,0.0,0.0
0.8,0.61183,0.16197,0.16783,0.00176,0.000271,0.00101,0.000271,1.22e-05,3.72e-07,0.000737,0.0,0.0,0.0
0.8,0.6118,0.16207,0.16793,0.00177,0.000272,0.00102,0.000272,1.23e-05,3.73e-07,0.000738,0.0,0.0,0.0
0.8,0.61176,0.16217,0.16803,0.00177,0.000273,0.00102,0.000272,1.23e-05,3.73e-07,0.00074,0.0,0.0,0.0
0.8,0.61173,0.16227,0.16813,0.00177,0.000273,0.00102,0.000273,1.23e-05,3.74e-07,0.000741,0.0,0.0,0.0
0.8,0.6117,0.16237,0.16823,0.00178,0.000274,0.00102,0.000274,1.24e-05,3.74e-07,0.000743,0.0,0.0,0.0
0.8,0.61166,0.16247,0.16833,0.00178,0.000275,0.00103,0.000274,1.24e-05,3.75e-07,0.000744,0.0,0.0,0.0
0.8,0.61163,0.16257,0.16843,0.00179,0.000276,0.00103,0.000275,1.24e-05,3.76e-07,0.000745,0.0,0.0,0.0
0.8,0.6116,0.16267,0.16853,0.00179,0.000276,0.00103,0.000276,1.25e-05,3.76e-07,0.000747,0.0,0.0,0.0
0.8,0.61156,0.16277,0.16863,0.00179,0.000277,0.00103,0.000277,1.25e-05,3.77e-07,0.000748,0.0,0.0,0.0
0.8,0.61153,0.16287,0.16873,0.0018,0.000278,0.00104,0.000277,1.25e-05,3.77e-07,0.00075,0.0,0.0,0.0
0.8,0.61149,0.16297,0.16883,0.0018,0.000278,0.00104,0.000278,1.26e-05,3.78e-07,0.000751,0.0,0.0,0.0
0.8,0.61146,0.16307,0.16893,0.00181,0.000279,0.00104,0.000279,1.26e-05,3.78e-07,0.000752,0.0,0.0,0.0
0.8,0.61143,0.16317,0.16903,0.00181,0.00028,0.00104,0.00028,1.26e-05,3.79e-07,0.000754,0.0,0.0,0.0
0.8,0.61139,0.16327,0.16913,0.00181,0.000281,0.00105,0.00028,1.27e-05,3.8e-07,0.000755,0.0,0.0,0.0
0.8,0.61136,0.16337,0.16923,0.00182,0.000281,0.00105,0.000281,1.27e-05,3.8e-07,0.000757,0.0,0.0,0.0
0.8,0.61133,0.16347,0.16933,0.00182,0.000282,0.00105,0.000282,1.27e-05,3.81e-07,0.000758,0.0,0.0,0.0
0.8,0.61129,0.16358,0.16943,0.00183,0.000283,0.00105,0.000282,1.28e-05,3.81e-07,0.00076,0.0,0.0,0.0
0.8,0.61126,0.16368,0.16953,0.00183,0.000284,0.00106,0.000283,1.28e-05,3.82e-07,0.000761,0.0,0.0,0.0
0.8,0.61122,0.16378,0.16963,0.00183,0.000284,0.00106,0.000284,1.28e-05,3.83e-07,0.000762,0.0,0.0,0.0
0.8,0.61119,0.16388,0.16973,0.00184,0.000285,0.00106,0.000285,1.29e-05,3.83e-07,0.000764,0.0,0.0,0.0
0.8,0.61116,0.16398,0.16983,0.00184,0.000286,0.00106,0.000285,1.29e-05,3.84e-07,0.000765,0.0,0.0,0.0
0.8,0.61112,0.16408,0.16993,0.00185,0.000287,0.00107,0.000286,1.29e-05,3.85e-07,0.000767,0.0,0.0,0.0
0.8,0.61109,0.16418,0.17003,0.00185,0.000287,0.00107,0.000287,1.29e-05,3.85e-07,0.000768,0.0,0.0,0.0
0.8,0.61105,0.16428,0.17013,0.00185,0.000288,0.00107,0.000288,1.3e-05,3.86e-07,0.00077,0.0,0.0,0.0
0.8,0.61102,0.16438,0.17023,0.00186,0.000289,0.00107,0.000288,1.3e-05,3.87e-07,0.000771,0.0,0.0,0.0
0.8,0.61099,0.16448,0.17033,0.00186,0.00029,0.00108,0.000289,1.3e-05,3.87e-07,0.000772,0.0,0.0,0.0
0.8,0.61095,0.16458,0.17043,0.00187,0.00029,0.00108,0.00029,1.31e-05,3.88e-07,0.000774,0.0,0.0,0.0
0.8,0.61092,0.16468,0.17053,0.00187,0.000291,0.00108,0.000291,1.31e-05,3.88e-07,0.000775,0.0,0.0,0.0
0.8,0.61088,0.16478,0.17063,0.00188,0.000292,0.00109,0.000291,1.31e-05,3.89e-07,0.000777,0.0,0.0,0.0
0.8,0.61085,0.16488,0.17073,0.00188,0.000293,0.00109,0.000292,1.32e-05,3.9e-07,0.000778,0.0,0.0,0.0
0.8,0.61082,0.16498,0.17083,0.00188,0.000293,0.00109,0.000293,1.32e-05,3.9e-07,0.00078,0.0,0.0,0.0
0.8,0.61078,0.16508,0.17093,0.00189,0.000294,0.00109,0.000294,1.32e-05,3.91e-07,0.000781,0.0,0.0,0.0
0.8,0.61075,0.16518,0.17103,0.00189,0.000295,0.0011,0.000295,1.33e-05,3.92e-07,0.000782,0.0,0.0,0.0
0.8,0.61071,0.16528,0.17113,0.0019,0.000296,0.0011,0.000295,1.33e-05,3.92e-07,0.000784,0.0,0.0,0.0
0.8,0.61068,0.16538,0.17123,0.0019,0.000296,0.0011,0.000296,1.33e-05,3.93e-07,0.000785,0.0,0.0,0.0
0.8,0.61064,0.16548,0.17133,0.0019,0.000297,0.0011,0.000297,1.34e-05,3.94e-07,0.000787,0.0,0.0,0.0
0.8,0.61061,0.16558,0.17143,0.00191,0.000298,0.00111,0.000298,1.34e-05,3.95e-07,0.000788,0.0,0.0,0.0
0.8,0.61058,0.16568,0.17153,0.00191,0.000299,0.00111,0.000298,1.34e-05,3.95e-07,0.00079,0.0,0.0,0.0
0.8,0.61054,0.16578,0.17163,0.00192,0.0003,0.00111,0.000299,1.35e-05,3.96e-07,0.000791,0.0,0.0,0.0
0.8,0.61051,0.16588,0.17173,0.00192,0.0003,0.00111,0.0003,1.35e-05,3.97e-07,0.000793,0.0,0.0,0.0
0.8,0.61047,0.16598,0.17183,0.00193,0.000301,0.00112,0.000301,1.35e-05,3.97e-07,0.000794,0.0,0.0,0.0
0.8,0.61044,0.16608,0.17193,0.00193,0.000302,0.00112,0.000301,1.36e-05,3.98e-07,0.000796,0.0,0.0,0.0
0.8,0.6104,0.16618,0.17203,0.00193,0.000303,0.00112,0.000302,1.36e-05,3.99e-07,0.000797,0.0,0.0,0.0
0.8,0.61037,0.16628,0.17213,0.00194,0.000303,0.00113,0.000303,1.37e-05,3.99e-07,0.000799,0.0,0.0,0.0
0.8,0.61034,0.16638,0.17223,0.00194,0.000304,0.00113,0.000304,1.37e-05,4e-07,0.0008,0.0,0.0,0.0
0.8,0.6103,0.16648,0.17233,0.00195,0.000305,0.00113,0.000305,1.5e-05,4.92e-07,0.000801,0.0,0.0,0.0
0.8,0.61027,0.16658,0.17243,0.00195,0.000306,0.00113,0.000305,1.5e-05,4.92e-07,0.000803,0.0,0.0,0.0
0.8,0.61023,0.16669,0.17253,0.00196,0.000307,0.00114,0.000306,1.51e-05,4.93e-07,0.000804,0.0,0.0,0.0
0.8,0.6102,0.16679,0.17263,0.00196,0.000307,0.00114,0.000307,1.51e-05,4.93e-07,0.000806,0.0,0.0,0.0
0.8,0.61016,0.16689,0.17273,0.00196,0.000308,0.00114,0.000308,1.51e-05,4.94e-07,0.000807,0.0,0.0,0.0
0.8,0.61013,0.16699,0.17283,0.00197,0.000309,0.00114,0.000308,1.52e-05,4.94e-07,0.000809,0.0,0.0,0.0
0.8,0.61009,0.16709,0.17293,0.00197,0.00031,0.00115,0.000309,1.52e-05,4.95e-07,0.00081,0.0,0.0,0.0
0.8,0.61006,0.16719,0.17303,0.00198,0.000311,0.00115,0.00031,1.53e-05,4.95e-07,0.000812,0.0,0.0,0.0
0.8,0.61002,0.16729,0.17313,0.00198,0.000311,0.00115,0.000311,1.53e-05,4.96e-07,0.000813,0.0,0.0,0.0
0.8,0.60999,0.16739,0.17323,0.00199,0.000312,0.00116,0.000312,1.53e-05,4.96e-07,0.000815,0.0,0.0,0.0
0.8,0.60996,0.16749,0.17333,0.00199,0.000313,0.00116,0.000312,1.54e-05,4.97e-07,0.000816,0.0,0.0,0.0
0.8,0.60992,0.16759,0.17343,0.00199,0.000314,0.00116,0.000313,1.54e-05,4.97e-07,0.000818,0.0,0.0,0.0
0.8,0.60989,0.16769,0.17353,0.002,0.000315,0.00116,0.000314,1.55e-05,4.98e-07,0.000819,0.0,0.0,0.0
0.8,0.60985,0.16779,0.17363,0.002,0.000315,0.00117,0.000315,1.55e-05,4.98e-07,0.000821,0.0,0.0,0.0
0.8,0.60982,0.16789,0.17373,0.00201,0.000316,0.00117,0.000316,1.55e-05,4.99e-07,0.000822,0.0,0.0,0.0
0.8,0.60978,0.16799,0.17383,0.00201,0.000317,0.00117,0.000316,1.56e-05,5e-07,0.000824,0.0,0.0,0.0
0.8,0.60975,0.16809,0.17393,0.00202,0.000318,0.00118,0.000317,1.56e-05,5e-07,0.000825,0.0,0.0,0.0
0.8,0.60971,0.16819,0.17403,0.00202,0.000319,0.00118,0.000318,1.56e-05,5.01e-07,0.000827,0.0,0.0,0.0
0.8,0.60968,0.16829,0.17413,0.00203,0.000319,0.00118,0.000319,1.57e-05,5.02e-07,0.000828,0.0,0.0,0.0
0.8,0.60964,0.16839,0.17423,0.00203,0.00032,0.00118,0.00032,1.57e-05,5.02e-07,0.00083,0.0,0.0,0.0
0.8,0.60961,0.16849,0.17433,0.00203,0.000321,0.00119,0.000321,1.58e-05,5.03e-07,0.000831,0.0,0.0,0.0
0.8,0.60957,0.16859,0.17443,0.00204,0.000322,0.00119,0.000321,1.58e-05,5.04e-07,0.000833,0.0,0.0,0.0
0.8,0.60954,0.16869,0.17453,0.00204,0.000323,0.00119,0.000322,1.58e-05,5.04e-07,0.000834,0.0,0.0,0.0
0.8,0.6095,0.16879,0.17463,0.00205,0.000323,0.0012,0.000323,1.59e-05,5.05e-07,0.000836,0.0,0.0,0.0
0.8,0.60947,0.16889,0.17473,0.00205,0.000324,0.0012,0.000324,1.59e-05,5.06e-07,0.000837,0.0,0.0,0.0
0.8,0.60943,0.16899,0.17483,0.00206,0.000325,0.0012,0.000325,1.6e-05,5.06e-07,0.000839,0.0,0.0,0.0
0.8,0.6094,0.16909,0.17493,0.00206,0.000326,0.0012,0.000325,1.6e-05,5.07e-07,0.00084,0.0,0.0,0.0
0.8,0.60936,0.16919,0.17503,0.00206,0.000327,0.00121,0.000326,1.6e-05,5.08e-07,0.000842,0.0,0.0,0.0
0.8,0.60933,0.16929,0.17513,0.00207,0.000328,0.00121,0.000327,1.61e-05,5.09e-07,0.000843,0.0,0.0,0.0
0.8,0.60929,0.16939,0.17523,0.00207,0.000328,0.00121,0.000328,1.61e-05,5.09e-07,0.000845,0.0,0.0,0.0
0.8,0.60926,0.16949,0.17533,0.00208,0.000329,0.00122,0.000329,1.62e-05,5.1e-07,0.000846,0.0,0.0,0.0
0.8,0.60922,0.1696,0.17543,0.00208,0.00033,0.00122,0.00033,1.62e-05,5.11e-07,0.000848,0.0,0.0,0.0
0.8,0.60919,0.1697,0.17553,0.00209,0.000331,0.00122,0.00033,1.63e-05,5.12e-07,0.00085,0.0,0.0,0.0
0.8,0.60915,0.1698,0.17563,0.00209,0.000332,0.00122,0.000331,1.63e-05,5.13e-07,0.000851,0.0,0.0,0.0
0.8,0.60912,0.1699,0.17573,0.0021,0.000333,0.00123,0.000332,1.63e-05,5.13e-07,0.000853,0.0,0.0,0.0
0.8,0.60908,0.17,0.17583,0.0021,0.000333,0.00123,0.000333,1.64e-05,5.14e-07,0.000854,0.0,0.0,0.0
0.8,0.60905,0.1701,0.17593,0.0021,0.000334,0.00123,0.000334,1.64e-05,5.15e-07,0.000856,0.0,0.0,0.0
0.8,0.60901,0.1702,0.17603,0.00211,0.000335,0.00124,0.000335,1.65e-05,5.16e-07,0.000857,0.0,0.0,0.0
0.8,0.60898,0.1703,0.17613,0.00211,0.000336,0.00124,0.000335,1.65e-05,5.17e-07,0.000859,0.0,0.0,0.0
0.8,0.60894,0.1704,0.17623,0.00212,0.000337,0.00124,0.000336,1.65e-05,5.17e-07,0.00086,0.0,0.0,0.0
0.8,0.60891,0.1705,0.17633,0.00212,0.000338,0.00124,0.000337,1.66e-05,5.18e-07,0.000862,0.0,0.0,0.0
0.8,0.60887,0.1706,0.17643,0.00213,0.000338,0.00125,0.000338,1.66e-05,5.19e-07,0.000863,0.0,0.0,0.0
0.8,0.60884,0.1707,0.17653,0.00213,0.000339,0.00125,0.000339,1.67e-05,5.2e-07,0.000865,0.0,0.0,0.0
0.8,0.6088,0.1708,0.17663,0.00214,0.00034,0.00125,0.00034,1.67e-05,5.21e-07,0.000866,0.0,0.0,0.0
0.8,0.60876,0.1709,0.17673,0.00214,0.000341,0.00126,0.00034,1.68e-05,5.21e-07,0.000868,0.0,0.0,0.0
0.8,0.60873,0.171,0.17683,0.00215,0.000342,0.00126,0.000341,1.68e-05,5.22e-07,0.00087,0.0,0.0,0.0
0.8,0.60869,0.1711,0.17693,0.00215,0.000343,0.00126,0.000342,1.68e-05,5.23e-07,0.000871,0.0,0.0,0.0
0.8,0.60866,0.1712,0.17703,0.00215,0.000344,0.00126,0.000343,1.69e-05,5.24e-07,0.000873,0.0,0.0,0.0
0.8,0.60862,0.1713,0.17713,0.00216,0.000344,0.00127,0.000344,1.69e-05,5.25e-07,0.000874,0.0,0.0,0.0
0.8,0.60859,0.1714,0.17723,0.00216,0.000345,0.00127,0.000345,1.7e-05,5.26e-07,0.000876,0.0,0.0,0.0
0.8,0.60855,0.1715,0.17733,0.00217,0.000346,0.00127,0.000346,1.7e-05,5.27e-07,0.000877,0.0,0.0,0.0
0.8,0.60852,0.1716,0.17743,0.00217,0.000347,0.00128,0.000346,1.71e-05,5.28e-07,0.000879,0.0,0.0,0.0
0.8,0.60848,0.1717,0.17753,0.00218,0.000348,0.00128,0.000347,1.71e-05,5.28e-07,0.00088,0.0,0.0,0.0
0.8,0.60845,0.1718,0.17763,0.00218,0.000349,0.00128,0.000348,1.71e-05,5.29e-07,0.000882,0.0,0.0,0.0
0.8,0.60841,0.1719,0.17773,0.00219,0.00035,0.00129,0.000349,1.72e-05,5.3e-07,0.000884,0.0,0.0,0.0
0.8,0.60837,0.172,0.17783,0.00219,0.00035,0.00129,0.00035,1.72e-05,5.31e-07,0.000885,0.0,0.0,0.0
0.8,0.60834,0.1721,0.17793,0.0022,0.000351,0.00129,0.000351,1.73e-05,5.32e-07,0.000887,0.0,0.0,0.0
0.8,0.6083,0.1722,0.17803,0.0022,0.000352,0.00129,0.000352,1.73e-05,5.33e-07,0.000888,0.0,0.0,0.0
0.8,0.60827,0.1723,0.17813,0.0022,0.000353,0.0013,0.000352,1.74e-05,5.34e-07,0.00089,0.0,0.0,0.0
0.8,0.60823,0.1724,0.17823,0.00221,0.000354,0.0013,0.000353,1.74e-05,5.35e-07,0.000891,0.0,0.0,0.0
0.8,0.6082,0.1725,0.17833,0.00221,0.000355,0.0013,0.000354,1.74e-05,5.36e-07,0.000893,0.0,0.0,0.0
0.8,0.60816,0.17261,0.17843,0.00222,0.000356,0.00131,0.000355,1.75e-05,5.37e-07,0.000895,0.0,0.0,0.0
0.8,0.60813,0.17271,0.17853,0.00222,0.000357,0.00131,0.000356,1.75e-05,5.37e-07,0.000896,0.0,0.0,0.0
0.8,0.60809,0.17281,0.17863,0.00223,0.000357,0.00131,0.000357,1.76e-05,5.38e-07,0.000898,0.0,0.0,0.0
0.8,0.60805,0.17291,0.17873,0.00223,0.000358,0.00132,0.000358,1.76e-05,5.39e-07,0.000899,0.0,0.0,0.0
0.8,0.60802,0.17301,0.17883,0.00224,0.000359,0.00132,0.000359,1.77e-05,5.4e-07,0.000901,0.0,0.0,0.0
0.8,0.60798,0.17311,0.17893,0.00224,0.00036,0.00132,0.00036,1.77e-05,5.41e-07,0.000903,0.0,0.0,0.0
0.8,0.60795,0.17321,0.17903,0.00225,0.000361,0.00132,0.00036,1.78e-05,5.42e-07,0.000904,0.0,0.0,0.0
0.8,0.60791,0.17331,0.17913,0.00225,0.000362,0.00133,0.000361,1.78e-05,5.43e-07,0.000906,0.0,0.0,0.0
0.8,0.60787,0.17341,0.17923,0.00226,0.000363,0.00133,0.000362,1.78e-05,5.44e-07,0.000907,0.0,0.0,0.0
0.8,0.60784,0.17351,0.17933,0.00226,0.000364,0.00133,0.000363,1.79e-05,5.45e-07,0.000909,0.0,0.0,0.0
0.8,0.6078,0.17361,0.17943,0.00227,0.000365,0.00134,0.000364,1.94e-05,6.62e-07,0.000911,0.0,0.0,0.0
0.8,0.60777,0.17371,0.17953,0.00227,0.000365,0.00134,0.000365,1.94e-05,6.63e-07,0.000912,0.0,0.0,0.0
0.8,0.60773,0.17381,0.17963,0.00228,0.000366,0.00134,0.000366,1.95e-05,6.63e-07,0.000914,0.0,0.0,0.0
0.8,0.6077,0.17391,0.17973,0.00228,0.000367,0.00135,0.000367,1.95e-05,6.64e-07,0.000915,0.0,0.0,0.0
0.8,0.60766,0.17401,0.17983,0.00229,0.000368,0.00135,0.000368,1.96e-05,6.64e-07,0.000917,0.0,0.0,0.0
0.8,0.60762,0.17411,0.17993,0.00229,0.000369,0.00135,0.000368,1.96e-05,6.65e-07,0.000919,0.0,0.0,0.0
0.8,0.60759,0.17421,0.18003,0.0023,0.00037,0.00136,0.000369,1.97e-05,6.66e-07,0.00092,0.0,0.0,0.0
0.8,0.60755,0.17431,0.18013,0.0023,0.000371,0.00136,0.00037,1.97e-05,6.66e-07,0.000922,0.0,0.0,0.0
0.8,0.60752,0.17441,0.18023,0.0023,0.000372,0.00136,0.000371,1.98e-05,6.67e-07,0.000923,0.0,0.0,0.0
0.8,0.60748,0.17451,0.18033,0.00231,0.000373,0.00136,0.000372,1.98e-05,6.68e-07,0.000925,0.0,0.0,0.0
0.8,0.60744,0.17461,0.18043,0.00231,0.000374,0.00137,0.000373,1.99e-05,6.69e-07,0.000927,0.0,0.0,0.0
0.8,0.60741,0.17471,0.18053,0.00232,0.000374,0.00137,0.000374,1.99e-05,6.69e-07,0.000928,0.0,0.0,0.0
0.8,0.60737,0.17481,0.18063,0.00232,0.000375,0.00137,0.000375,2e-05,6.7e-07,0.00093,0.0,0.0,0.0
0.8,0.60734,0.17491,0.18073,0.00233,0.000376,0.00138,0.000376,2e-05,6.71e-07,0.000931,0.0,0.0,0.0
0.8,0.6073,0.17501,0.18083,0.00233,0.000377,0.00138,0.000377,2.01e-05,6.72e-07,0.000933,0.0,0.0,0.0
0.8,0.60726,0.17511,0.18093,0.00234,0.000378,0.00138,0.000377,2.01e-05,6.73e-07,0.000935,0.0,0.0,0.0
0.8,0.60723,0.17521,0.18103,0.00234,0.000379,0.00139,0.000378,2.02e-05,6.73e-07,0.000936,0.0,0.0,0.0
0.8,0.60719,0.17531,0.18113,0.00235,0.00038,0.00139,0.000379,2.02e-05,6.74e-07,0.000938,0.0,0.0,0.0
0.8,0.60715,0.17541,0.18123,0.00235,0.000381,0.00139,0.00038,2.03e-05,6.75e-07,0.00094,0.0,0.0,0.0
0.8,0.60712,0.17552,0.18133,0.00236,0.000382,0.0014,0.000381,2.03e-05,6.76e-07,0.000941,0.0,0.0,0.0
0.8,0.60708,0.17562,0.18143,0.00236,0.000383,0.0014,0.000382,2.04e-05,6.77e-07,0.000943,0.0,0.0,0.0
0.8,0.60705,0.17572,0.18153,0.00237,0.000384,0.0014,0.000383,2.05e-05,6.78e-07,0.000944,0.0,0.0,0.0
0.8,0.60701,0.17582,0.18163,0.00237,0.000385,0.00141,0.000384,2.05e-05,6.79e-07,0.000946,0.0,0.0,0.0
0.8,0.60697,0.17592,0.18173,0.00238,0.000385,0.00141,0.000385,2.06e-05,6.8e-07,0.000948,0.0,0.0,0.0
0.8,0.60694,0.17602,0.18183,0.00238,0.000386,0.00141,0.000386,2.06e-05,6.81e-07,0.000949,0.0,0.0,0.0
0.8,0.6069,0.17612,0.18193,0.00239,0.000387,0.00141,0.000387,2.07e-05,6.82e-07,0.000951,0.0,0.0,0.0
0.8,0.60686,0.17622,0.18203,0.00239,0.000388,0.00142,0.000388,2.07e-05,6.83e-07,0.000953,0.0,0.0,0.0
0.8,0.60683,0.17632,0.18213,0.0024,0.000389,0.00142,0.000389,2.08e-05,6.84e-07,0.000954,0.0,0.0,0.0
0.8,0.60679,0.17642,0.18223,0.0024,0.00039,0.00142,0.000389,2.08e-05,6.85e-07,0.000956,0.0,0.0,0.0
0.8,0.60675,0.17652,0.18233,0.00241,0.000391,0.00143,0.00039,2.09e-05,6.86e-07,0.000958,0.0,0.0,0.0
0.8,0.60672,0.17662,0.18243,0.00241,0.000392,0.00143,0.000391,2.09e-05,6.87e-07,0.000959,0.0,0.0,0.0
0.8,0.60668,0.17672,0.18253,0.00242,0.000393,0.00143,0.000392,2.1e-05,6.88e-07,0.000961,0.0,0.0,0.0
0.8,0.60664,0.17682,0.18263,0.00242,0.000394,0.00144,0.000393,2.1e-05,6.89e-07,0.000963,0.0,0.0,0.0
0.8,0.60661,0.17692,0.18273,0.00243,0.000395,0.00144,0.000394,2.11e-05,6.9e-07,0.000964,0.0,0.0,0.0
0.8,0.60657,0.17702,0.18283,0.00243,0.000396,0.00144,0.000395,2.11e-05,6.91e-07,0.000966,0.0,0.0,0.0
0.8,0.60653,0.17712,0.18293,0.00244,0.000397,0.00145,0.000396,2.12e-05,6.92e-07,0.000968,0.0,0.0,0.0
0.8,0.6065,0.17722,0.18303,0.00244,0.000398,0.00145,0.000397,2.12e-05,6.93e-07,0.000969,0.0,0.0,0.0
0.8,0.60646,0.17732,0.18313,0.00245,0.000399,0.00145,0.000398,2.13e-05,6.94e-07,0.000971,0.0,0.0,0.0
0.8,0.60643,0.17742,0.18323,0.00245,0.0004,0.00146,0.000399,2.14e-05,6.95e-07,0.000973,0.0,0.0,0.0
0.8,0.60639,0.17752,0.18333,0.00246,0.0004,0.00146,0.0004,2.14e-05,6.96e-07,0.000974,0.0,0.0,0.0
0.8,0.60635,0.17762,0.18343,0.00246,0.000401,0.00146,0.000401,2.15e-05,6.97e-07,0.000976,0.0,0.0,0.0
0.8,0.60632,0.17772,0.18353,0.00247,0.000402,0.00147,0.000402,2.15e-05,6.98e-07,0.000978,0.0,0.0,0.0
0.8,0.60628,0.17782,0.18363,0.00247,0.000403,0.00147,0.000403,2.16e-05,7e-07,0.000979,0.0,0.0,0.0
0.8,0.60624,0.17792,0.18373,0.00248,0.000404,0.00147,0.000404,2.16e-05,7.01e-07,0.000981,0.0,0.0,0.0
0.8,0.6062,0.17802,0.18383,0.00248,0.000405,0.00148,0.000405,2.17e-05,7.02e-07,0.000983,0.0,0.0,0.0
0.8,0.60617,0.17812,0.18393,0.00249,0.000406,0.00148,0.000405,2.17e-05,7.03e-07,0.000984,0.0,0.0,0.0
0.8,0.60613,0.17822,0.18403,0.00249,0.000407,0.00148,0.000406,2.18e-05,7.04e-07,0.000986,0.0,0.0,0.0
0.8,0.60609,0.17832,0.18413,0.0025,0.000408,0.00149,0.000407,2.18e-05,7.05e-07,0.000988,0.0,0.0,0.0
0.8,0.60606,0.17843,0.18423,0.0025,0.000409,0.00149,0.000408,2.19e-05,7.06e-07,0.000989,0.0,0.0,0.0
0.8,0.60602,0.17853,0.18433,0.00251,0.00041,0.00149,0.000409,2.2e-05,7.08e-07,0.000991,0.0,0.0,0.0
0.8,0.60598,0.17863,0.18443,0.00251,0.000411,0.0015,0.00041,2.2e-05,7.09e-07,0.000993,0.0,0.0,0.0
0.8,0.60595,0.17873,0.18453,0.00252,0.000412,0.0015,0.000411,2.21e-05,7.1e-07,0.000994,0.0,0.0,0.0
0.8,0.60591,0.17883,0.18463,0.00252,0.000413,0.0015,0.000412,2.21e-05,7.11e-07,0.000996,0.0,0.0,0.0
0.8,0.60587,0.17893,0.18473,0.00253,0.000414,0.00151,0.000413,2.22e-05,7.12e-07,0.000998,0.0,0.0,0.0
0.8,0.60584,0.17903,0.18483,0.00253,0.000415,0.00151,0.000414,2.22e-05,7.13e-07,0.000999,0.0,0.0,0.0
0.8,0.6058,0.17913,0.18493,0.00254,0.000416,0.00151,0.000415,2.23e-05,7.15e-07,0.001,0.0,0.0,0.0
0.8,0.60576,0.17923,0.18503,0.00254,0.000417,0.00152,0.000416,2.23e-05,7.16e-07,0.001,0.0,0.0,0.0
0.8,0.60573,0.17933,0.18513,0.00255,0.000418,0.00152,0.000417,2.24e-05,7.17e-07,0.001,0.0,0.0,0.0
0.8,0.60569,0.17943,0.18523,0.00255,0.000419,0.00152,0.000418,2.25e-05,7.18e-07,0.00101,0.0,0.0,0.0
0.8,0.60565,0.17953,0.18533,0.00256,0.00042,0.00153,0.000419,2.25e-05,7.19e-07,0.00101,0.0,0.0,0.0
0.8,0.60561,0.17963,0.18543,0.00256,0.000421,0.00153,0.00042,2.26e-05,7.21e-07,0.00101,0.0,0.0,0.0
0.8,0.60558,0.17973,0.18553,0.00257,0.000422,0.00153,0.000421,2.26e-05,7.22e-07,0.00101,0.0,0.0,0.0
0.8,0.60554,0.17983,0.18563,0.00257,0.000423,0.00154,0.000422,2.27e-05,7.23e-07,0.00101,0.0,0.0,0.0
0.8,0.6055,0.17993,0.18573,0.00258,0.000424,0.00154,0.000423,2.27e-05,7.24e-07,0.00101,0.0,0.0,0.0
0.8,0.60547,0.18003,0.18583,0.00258,0.000425,0.00154,0.000424,2.28e-05,7.26e-07,0.00102,0.0,0.0,0.0
0.8,0.60543,0.18013,0.18593,0.00259,0.000426,0.00155,0.000425,2.29e-05,7.27e-07,0.00102,0.0,0.0,0.0
0.8,0.60539,0.18023,0.18603,0.00259,0.000427,0.00155,0.000426,2.29e-05,7.28e-07,0.00102,0.0,0.0,0.0
0.8,0.60535,0.18033,0.18613,0.0026,0.000428,0.00155,0.000427,2.3e-05,7.29e-07,0.00102,0.0,0.0,0.0
0.8,0.60532,0.18043,0.18623,0.0026,0.000429,0.00156,0.000428,2.3e-05,7.31e-07,0.00102,0.0,0.0,0.0
0.8,0.60528,0.18053,0.18633,0.00261,0.00043,0.00156,0.000429,2.31e-05,7.32e-07,0.00103,0.0,0.0,0.0
0.8,0.60524,0.18063,0.18643,0.00261,0.000431,0.00156,0.00043,2.32e-05,7.33e-07,0.00103,0.0,0.0,0.0
0.8,0.6052,0.18073,0.18653,0.00262,0.000432,0.00157,0.000431,2.49e-05,8.82e-07,0.00103,0.0,0.0,0.0
0.8,0.60517,0.18083,0.18663,0.00262,0.000433,0.00157,0.000432,2.5e-05,8.83e-07,0.00103,0.0,0.0,0.0
0.8,0.60513,0.18093,0.18673,0.00263,0.000434,0.00157,0.000433,2.5e-05,8.83e-07,0.00103,0.0,0.0,0.0
0.8,0.60509,0.18103,0.18683,0.00263,0.000435,0.00158,0.000434,2.51e-05,8.84e-07,0.00103,0.0,0.0,0.0
0.8,0.60506,0.18113,0.18693,0.00264,0.000436,0.00158,0.000435,2.51e-05,8.85e-07,0.00104,0.0,0.0,0.0
0.8,0.60502,0.18124,0.18703,0.00264,0.000437,0.00158,0.000436,2.52e-05,8.86e-07,0.00104,0.0,0.0,0.0
0.8,0.60498,0.18134,0.18713,0.00265,0.000438,0.00159,0.000437,2.53e-05,8.86e-07,0.00104,0.0,0.0,0.0
0.8,0.60494,0.18144,0.18723,0.00265,0.000439,0.00159,0.000438,2.53e-05,8.87e-07,0.00104,0.0,0.0,0.0
0.8,0.60491,0.18154,0.18733,0.00266,0.00044,0.00159,0.000439,2.54e-05,8.88e-07,0.00104,0.0,0.0,0.0
0.8,0.60487,0.18164,0.18743,0.00267,0.000441,0.0016,0.00044,2.55e-05,8.89e-07,0.00104,0.0,0.0,0.0
0.8,0.60483,0.18174,0.18753,0.00267,0.000442,0.0016,0.000441,2.55e-05,8.9e-07,0.00105,0.0,0.0,0.0
0.8,0.60479,0.18184,0.18763,0.00268,0.000443,0.0016,0.000442,2.56e-05,8.91e-07,0.00105,0.0,0.0,0.0
0.8,0.60476,0.18194,0.18773,0.00268,0.000444,0.00161,0.000443,2.57e-05,8.92e-07,0.00105,0.0,0.0,0.0
0.8,0.60472,0.18204,0.18783,0.00269,0.000445,0.00161,0.000444,2.57e-05,8.93e-07,0.00105,0.0,0.0,0.0
0.8,0.60468,0.18214,0.18793,0.00269,0.000446,0.00161,0.000445,2.58e-05,8.94e-07,0.00105,0.0,0.0,0.0
0.8,0.60464,0.18224,0.18803,0.0027,0.000447,0.00162,0.000446,2.58e-05,8.96e-07,0.00105,0.0,0.0,0.0
0.8,0.60461,0.18234,0.18813,0.0027,0.000448,0.00162,0.000447,2.59e-05,8.97e-07,0.00106,0.0,0.0,0.0
0.8,0.60457,0.18244,0.18823,0.00271,0.000449,0.00162,0.000448,2.6e-05,8.98e-07,0.00106,0.0,0.0,0.0
0.8,0.60453,0.18254,0.18833,0.00271,0.00045,0.00163,0.000449,2.6e-05,8.99e-07,0.00106,0.0,0.0,0.0
0.8,0.60449,0.18264,0.18843,0.00272,0.000451,0.00163,0.00045,2.61e-05,9e-07,0.00106,0.0,0.0,0.0
0.8,0.60445,0.18274,0.18853,0.00272,0.000452,0.00163,0.000451,2.62e-05,9.01e-07,0.00106,0.0,0.0,0.0
0.8,0.60442,0.18284,0.18863,0.00273,0.000453,0.00164,0.000452,2.62e-05,9.03e-07,0.00107,0.0,0.0,0.0
0.8,0.60438,0.18294,0.18873,0.00273,0.000454,0.00164,0.000453,2.63e-05,9.04e-07,0.00107,0.0,0.0,0.0
0.8,0.60434,0.18304,0.18883,0.00274,0.000455,0.00164,0.000454,2.64e-05,9.05e-07,0.00107,0.0,0.0,0.0
0.8,0.6043,0.18314,0.18893,0.00274,0.000456,0.00165,0.000455,2.64e-05,9.06e-07,0.00107,0.0,0.0,0.0
0.8,0.60427,0.18324,0.18903,0.00275,0.000457,0.00165,0.000456,2.65e-05,9.08e-07,0.00107,0.0,0.0,0.0
0.8,0.60423,0.18334,0.18913,0.00275,0.000458,0.00165,0.000457,2.66e-05,9.09e-07,0.00107,0.0,0.0,0.0
0.8,0.60419,0.18344,0.18923,0.00276,0.000459,0.00166,0.000458,2.66e-05,9.1e-07,0.00108,0.0,0.0,0.0
0.8,0.60415,0.18354,0.18933,0.00277,0.00046,0.00166,0.000459,2.67e-05,9.12e-07,0.00108,0.0,0.0,0.0
0.8,0.60411,0.18364,0.18943,0.00277,0.000461,0.00166,0.00046,2.68e-05,9.13e-07,0.00108,0.0,0.0,0.0
0.8,0.60408,0.18374,0.18953,0.00278,0.000462,0.00167,0.000461,2.68e-05,9.14e-07,0.00108,0.0,0.0,0.0
0.8,0.60404,0.18384,0.18963,0.00278,0.000463,0.00167,0.000462,2.69e-05,9.16e-07,0.00108,0.0,0.0,0.0
0.8,0.604,0.18395,0.18973,0.00279,0.000464,0.00167,0.000463,2.7e-05,9.17e-07,0.00108,0.0,0.0,0.0
0.8,0.60396,0.18405,0.18983,0.00279,0.000465,0.00168,0.000464,2.71e-05,9.19e-07,0.00109,0.0,0.0,0.0
0.8,0.60392,0.18415,0.18993,0.0028,0.000466,0.00168,0.000466,2.71e-05,9.2e-07,0.00109,0.0,0.0,0.0
0.8,0.60389,0.18425,0.19003,0.0028,0.000467,0.00169,0.000467,2.72e-05,9.21e-07,0.00109,0.0,0.0,0.0
0.8,0.60385,0.18435,0.19013,0.00281,0.000469,0.00169,0.000468,2.73e-05,9.23e-07,0.00109,0.0,0.0,0.0
0.8,0.60381,0.18445,0.19023,0.00281,0.00047,0.00169,0.000469,2.73e-05,9.24e-07,0.00109,0.0,0.0,0.0
0.8,0.60377,0.18455,0.19033,0.00282,0.000471,0.0017,0.00047,2.74e-05,9.26e-07,0.0011,0.0,0.0,0.0
0.8,0.60373,0.18465,0.19043,0.00282,0.000472,0.0017,0.000471,2.75e-05,9.27e-07,0.0011,0.0,0.0,0.0
0.8,0.6037,0.18475,0.19053,0.00283,0.000473,0.0017,0.000472,2.75e-05,9.29e-07,0.0011,0.0,0.0,0.0
0.8,0.60366,0.18485,0.19063,0.00283,0.000474,0.00171,0.000473,2.76e-05,9.3e-07,0.0011,0.0,0.0,0.0
0.8,0.60362,0.18495,0.19073,0.00284,0.000475,0.00171,0.000474,2.77e-05,9.32e-07,0.0011,0.0,0.0,0.0
0.8,0.60358,0.18505,0.19083,0.00285,0.000476,0.00171,0.000475,2.77e-05,9.33e-07,0.0011,0.0,0.0,0.0
0.8,0.60354,0.18515,0.19093,0.00285,0.000477,0.00172,0.000476,2.78e-05,9.35e-07,0.00111,0.0,0.0,0.0
0.8,0.60351,0.18525,0.19103,0.00286,0.000478,0.00172,0.000477,2.79e-05,9.36e-07,0.00111,0.0,0.0,0.0
0.8,0.60347,0.18535,0.19113,0.00286,0.000479,0.00172,0.000478,2.8e-05,9.38e-07,0.00111,0.0,0.0,0.0
0.8,0.60343,0.18545,0.19123,0.00287,0.00048,0.00173,0.000479,2.8e-05,9.39e-07,0.00111,0.0,0.0,0.0
0.8,0.60339,0.18555,0.19133,0.00287,0.000481,0.00173,0.00048,2.81e-05,9.41e-07,0.00111,0.0,0.0,0.0
0.8,0.60335,0.18565,0.19143,0.00288,0.000482,0.00173,0.000481,2.82e-05,9.42e-07,0.00111,0.0,0.0,0.0
0.8,0.60331,0.18575,0.19153,0.00288,0.000483,0.00174,0.000482,2.82e-05,9.44e-07,0.00112,0.0,0.0,0.0
0.8,0.60328,0.18585,0.19163,0.00289,0.000484,0.00174,0.000483,2.83e-05,9.45e-07,0.00112,0.0,0.0,0.0
0.8,0.60324,0.18595,0.19173,0.00289,0.000485,0.00175,0.000485,2.84e-05,9.47e-07,0.00112,0.0,0.0,0.0
0.8,0.6032,0.18605,0.19183,0.0029,0.000487,0.00175,0.000486,2.85e-05,9.48e-07,0.00112,0.0,0.0,0.0
0.8,0.60316,0.18615,0.19193,0.00291,0.000488,0.00175,0.000487,2.85e-05,9.5e-07,0.00112,0.0,0.0,0.0
0.8,0.60312,0.18625,0.19203,0.00291,0.000489,0.00176,0.000488,2.86e-05,9.52e-07,0.00113,0.0,0.0,0.0
0.8,0.60308,0.18635,0.19213,0.00292,0.00049,0.00176,0.000489,2.87e-05,9.53e-07,0.00113,0.0,0.0,0.0
0.8,0.60305,0.18645,0.19223,0.00292,0.000491,0.00176,0.00049,2.87e-05,9.55e-07,0.00113,0.0,0.0,0.0
0.8,0.60301,0.18655,0.19233,0.00293,0.000492,0.00177,0.000491,2.88e-05,9.56e-07,0.00113,0.0,0.0,0.0
0.8,0.60297,0.18665,0.19243,0.00293,0.000493,0.00177,0.000492,2.89e-05,9.58e-07,0.00113,0.0,0.0,0.0
0.8,0.60293,0.18676,0.19253,0.00294,0.000494,0.00177,0.000493,2.9e-05,9.6e-07,0.00113,0.0,0.0,0.0
0.8,0.60289,0.18686,0.19263,0.00294,0.000495,0.00178,0.000494,2.9e-05,9.61e-07,0.00114,0.0,0.0,0.0
0.8,0.60285,0.18696,0.19273,0.00295,0.000496,0.00178,0.000495,2.91e-05,9.63e-07,0.00114,0.0,0.0,0.0
0.8,0.60281,0.18706,0.19283,0.00295,0.000497,0.00179,0.000496,2.92e-05,9.64e-07,0.00114,0.0,0.0,0.0
0.8,0.60278,0.18716,0.19293,0.00296,0.000498,0.00179,0.000497,2.93e-05,9.66e-07,0.00114,0.0,0.0,0.0
0.8,0.60274,0.18726,0.19303,0.00297,0.000499,0.00179,0.000499,2.93e-05,9.68e-07,0.00114,0.0,0.0,0.0
0.8,0.6027,0.18736,0.19313,0.00297,0.000501,0.0018,0.0005,2.94e-05,9.69e-07,0.00115,0.0,0.0,0.0
0.8,0.60266,0.18746,0.19323,0.00298,0.000502,0.0018,0.000501,2.95e-05,9.71e-07,0.00115,0.0,0.0,0.0
0.8,0.60262,0.18756,0.19333,0.00298,0.000503,0.0018,0.000502,2.96e-05,9.73e-07,0.00115,0.0,0.0,0.0
0.8,0.60258,0.18766,0.19343,0.00299,0.000504,0.00181,0.000503,2.96e-05,9.74e-07,0.00115,0.0,0.0,0.0
0.8,0.60254,0.18776,0.19353,0.00299,0.000505,0.00181,0.000504,2.97e-05,9.76e-07,0.00115,0.0,0.0,0.0
0.8,0.60251,0.18786,0.19363,0.003,0.000506,0.00181,0.000505,3.17e-05,1.16e-06,0.00116,0.0,0.0,0.0
0.8,0.60247,0.18796,0.19373,0.00301,0.000507,0.00182,0.000506,3.18e-05,1.16e-06,0.00116,0.0,0.0,0.0
0.8,0.60243,0.18806,0.19383,0.00301,0.000508,0.00182,0.000507,3.19e-05,1.16e-06,0.00116,0.0,0.0,0.0
0.8,0.60239,0.18816,0.19393,0.00302,0.000509,0.00182,0.000508,3.19e-05,1.17e-06,0.00116,0.0,0.0,0.0
0.8,0.60235,0.18826,0.19403,0.00302,0.000511,0.00183,0.000509,3.2e-05,1.17e-06,0.00116,0.0,0.0,0.0
0.8,0.60231,0.18836,0.19413,0.00303,0.000512,0.00183,0.000511,3.21e-05,1.17e-06,0.00116,0.0,0.0,0.0
0.8,0.60227,0.18846,0.19423,0.00303,0.000513,0.00184,0.000512,3.22e-05,1.17e-06,0.00117,0.0,0.0,0.0
0.8,0.60223,0.18856,0.19433,0.00304,0.000514,0.00184,0.000513,3.23e-05,1.17e-06,0.00117,0.0,0.0,0.0
0.8,0.6022,0.18866,0.19443,0.00305,0.000515,0.00184,0.000514,3.23e-05,1.17e-06,0.00117,0.0,0.0,0.0
0.8,0.60216,0.18876,0.19453,0.00305,0.000516,0.00185,0.000515,3.24e-05,1.17e-06,0.00117,0.0,0.0,0.0
0.8,0.60212,0.18886,0.19463,0.00306,0.000517,0.00185,0.000516,3.25e-05,1.17e-06,0.00117,0.0,0.0,0.0
0.8,0.60208,0.18896,0.19473,0.00306,0.000518,0.00185,0.000517,3.26e-05,1.18e-06,0.00118,0.0,0.0,0.0
0.8,0.60204,0.18906,0.19483,0.00307,0.000519,0.00186,0.000518,3.27e-05,1.18e-06,0.00118,0.0,0.0,0.0
0.8,0.602,0.18916,0.19493,0.00307,0.000521,0.00186,0.000519,3.28e-05,1.18e-06,0.00118,0.0,0.0,0.0
0.8,0.60196,0.18926,0.19503,0.00308,0.000522,0.00187,0.00052,3.28e-05,1.18e-06,0.00118,0.0,0.0,0.0
0.8,0.60192,0.18936,0.19513,0.00308,0.000523,0.00187,0.000522,3.29e-05,1.18e-06,0.00118,0.0,0.0,0.0
0.8,0.60188,0.18947,0.19523,0.00309,0.000524,0.00187,0.000523,3.3e-05,1.18e-06,0.00118,0.0,0.0,0.0
0.8,0.60184,0.18957,0.19533,0.0031,0.000525,0.00188,0.000524,3.31e-05,1.18e-06,0.00119,0.0,0.0,0.0
0.8,0.60181,0.18967,0.19543,0.0031,0.000526,0.00188,0.000525,3.32e-05,1.19e-06,0.00119,0.0,0.0,0.0
0.8,0.60177,0.18977,0.19553,0.00311,0.000527,0.00188,0.000526,3.33e-05,1.19e-06,0.00119,0.0,0.0,0.0
0.8,0.60173,0.18987,0.19563,0.00311,0.000528,0.00189,0.000527,3.33e-05,1.19e-06,0.00119,0.0,0.0,0.0
0.8,0.60169,0.18997,0.19573,0.00312,0.000529,0.00189,0.000528,3.34e-05,1.19e-06,0.00119,0.0,0.0,0.0
0.8,0.60165,0.19007,0.19583,0.00312,0.000531,0.00189,0.000529,3.35e-05,1.19e-06,0.0012,0.0,0.0,0.0
0.8,0.60161,0.19017,0.19593,0.00313,0.000532,0.0019,0.000531,3.36e-05,1.19e-06,0.0012,0.0,0.0,0.0
0.8,0.60157,0.19027,0.19603,0.00314,0.000533,0.0019,0.000532,3.37e-05,1.2e-06,0.0012,0.0,0.0,0.0
0.8,0.60153,0.19037,0.19613,0.00314,0.000534,0.00191,0.000533,3.38e-05,1.2e-06,0.0012,0.0,0.0,0.0
0.8,0.60149,0.19047,0.19623,0.00315,0.000535,0.00191,0.000534,3.39e-05,1.2e-06,0.0012,0.0,0.0,0.0
0.8,0.60145,0.19057,0.19633,0.00315,0.000536,0.00191,0.000535,3.39e-05,1.2e-06,0.00121,0.0,0.0,0.0
0.8,0.60141,0.19067,0.19643,0.00316,0.000537,0.00192,0.000536,3.4e-05,1.2e-06,0.00121,0.0,0.0,0.0
0.8,0.60137,0.19077,0.19653,0.00316,0.000539,0.00192,0.000537,3.41e-05,1.2e-06,0.00121,0.0,0.0,0.0
0.8,0.60133,0.19087,0.19663,0.00317,0.00054,0.00192,0.000538,3.42e-05,1.21e-06,0.00121,0.0,0.0,0.0
0.8,0.6013,0.19097,0.19673,0.00318,0.000541,0.00193,0.00054,3.43e-05,1.21e-06,0.00121,0.0,0.0,0.0
0.8,0.60126,0.19107,0.19683,0.00318,0.000542,0.00193,0.000541,3.44e-05,1.21e-06,0.00122,0.0,0.0,0.0
0.8,0.60122,0.19117,0.19693,0.00319,0.000543,0.00194,0.000542,3.45e-05,1.21e-06,0.00122,0.0,0.0,0.0
0.8,0.60118,0.19127,0.19703,0.00319,0.000544,0.00194,0.000543,3.45e-05,1.21e-06,0.00122,0.0,0.0,0.0
0.8,0.60114,0.19137,0.19713,0.0032,0.000545,0.00194,0.000544,3.46e-05,1.22e-06,0.00122,0.0,0.0,0.0
0.8,0.6011,0.19147,0.19723,0.0032,0.000546,0.00195,0.000545,3.47e-05,1.22e-06,0.00122,0.0,0.0,0.0
0.8,0.60106,0.19157,0.19733,0.00321,0.000548,0.00195,0.000546,3.48e-05,1.22e-06,0.00122,0.0,0.0,0.0
0.8,0.60102,0.19167,0.19743,0.00322,0.000549,0.00195,0.000548,3.49e-05,1.22e-06,0.00123,0.0,0.0,0.0
0.8,0.60098,0.19177,0.19753,0.00322,0.00055,0.00196,0.000549,3.5e-05,1.22e-06,0.00123,0.0,0.0,0.0
0.8,0.60094,0.19187,0.19763,0.00323,0.000551,0.00196,0.00055,3.51e-05,1.22e-06,0.00123,0.0,0.0,0.0
0.8,0.6009,0.19197,0.19773,0.00323,0.000552,0.00197,0.000551,3.52e-05,1.23e-06,0.00123,0.0,0.0,0.0
0.8,0.60086,0.19208,0.19783,0.00324,0.000553,0.00197,0.000552,3.53e-05,1.23e-06,0.00123,0.0,0.0,0.0
0.8,0.60082,0.19218,0.19793,0.00324,0.000554,0.00197,0.000553,3.53e-05,1.23e-06,0.00124,0.0,0.0,0.0
0.8,0.60078,0.19228,0.19803,0.00325,0.000556,0.00198,0.000554,3.54e-05,1.23e-06,0.00124,0.0,0.0,0.0
0.8,0.60074,0.19238,0.19813,0.00326,0.000557,0.00198,0.000556,3.55e-05,1.23e-06,0.00124,0.0,0.0,0.0
0.8,0.6007,0.19248,0.19823,0.00326,0.000558,0.00198,0.000557,3.56e-05,1.24e-06,0.00124,0.0,0.0,0.0
0.8,0.60066,0.19258,0.19833,0.00327,0.000559,0.00199,0.000558,3.57e-05,1.24e-06,0.00124,0.0,0.0,0.0
0.8,0.60062,0.19268,0.19843,0.00327,0.00056,0.00199,0.000559,3.58e-05,1.24e-06,0.00125,0.0,0.0,0.0
0.8,0.60058,0.19278,0.19853,0.00328,0.000561,0.002,0.00056,3.59e-05,1.24e-06,0.00125,0.0,0.0,0.0
0.8,0.60054,0.19288,0.19863,0.00329,0.000563,0.002,0.000561,3.6e-05,1.24e-06,0.00125,0.0,0.0,0.0
0.8,0.6005,0.19298,0.19873,0.00329,0.000564,0.002,0.000562,3.61e-05,1.25e-06,0.00125,0.0,0.0,0.0
0.8,0.60046,0.19308,0.19883,0.0033,0.000565,0.00201,0.000564,3.62e-05,1.25e-06,0.00125,0.0,0.0,0.0
0.8,0.60043,0.19318,0.19893,0.0033,0.000566,0.00201,0.000565,3.62e-05,1.25e-06,0.00126,0.0,0.0,0.0
0.8,0.60039,0.19328,0.19903,0.00331,0.000567,0.00202,0.000566,3.63e-05,1.25e-06,0.00126,0.0,0.0,0.0
0.8,0.60035,0.19338,0.19913,0.00331,0.000568,0.00202,0.000567,3.64e-05,1.26e-06,0.00126,0.0,0.0,0.0
0.8,0.60031,0.19348,0.19923,0.00332,0.00057,0.00202,0.000568,3.65e-05,1.26e-06,0.00126,0.0,0.0,0.0
0.8,0.60027,0.19358,0.19933,0.00333,0.000571,0.00203,0.000569,3.66e-05,1.26e-06,0.00126,0.0,0.0,0.0
0.8,0.60023,0.19368,0.19943,0.00333,0.000572,0.00203,0.000571,3.67e-05,1.26e-06,0.00126,0.0,0.0,0.0
0.8,0.60019,0.19378,0.19953,0.00334,0.000573,0.00203,0.000572,3.68e-05,1.26e-06,0.00127,0.0,0.0,0.0
0.8,0.60015,0.19388,0.19963,0.00334,0.000574,0.00204,0.000573,3.69e-05,1.27e-06,0.00127,0.0,0.0,0.0
0.8,0.60011,0.19398,0.19973,0.00335,0.000575,0.00204,0.000574,3.7e-05,1.27e-06,0.00127,0.0,0.0,0.0
0.8,0.60007,0.19408,0.19983,0.00336,0.000577,0.00205,0.000575,3.71e-05,1.27e-06,0.00127,0.0,0.0,0.0
0.8,0.60003,0.19418,0.19993,0.00336,0.000578,0.00205,0.000576,3.72e-05,1.27e-06,0.00127,0.0,0.0,0.0
0.8,0.59999,0.19428,0.20003,0.00337,0.000579,0.00205,0.000578,3.73e-05,1.27e-06,0.00128,0.0,0.0,0.0
0.8,0.59995,0.19438,0.20013,0.00337,0.00058,0.00206,0.000579,3.74e-05,1.28e-06,0.00128,0.0,0.0,0.0
0.8,0.59991,0.19448,0.20023,0.00338,0.000581,0.00206,0.00058,3.74e-05,1.28e-06,0.00128,0.0,0.0,0.0
0.8,0.59987,0.19458,0.20033,0.00338,0.000582,0.00207,0.000581,3.75e-05,1.28e-06,0.00128,0.0,0.0,0.0
0.8,0.59983,0.19469,0.20043,0.00339,0.000584,0.00207,0.000582,3.76e-05,1.28e-06,0.00128,0.0,0.0,0.0
0.8,0.59979,0.19479,0.20053,0.0034,0.000585,0.00207,0.000584,3.77e-05,1.29e-06,0.00129,0.0,0.0,0.0
0.8,0.59975,0.19489,0.20063,0.0034,0.000586,0.00208,0.000585,4e-05,1.52e-06,0.00129,0.0,0.0,0.0
0.8,0.59971,0.19499,0.20073,0.00341,0.000587,0.00208,0.000586,4.01e-05,1.52e-06,0.00129,0.0,0.0,0.0
0.8,0.59967,0.19509,0.20083,0.00342,0.000589,0.00208,0.000587,4.02e-05,1.52e-06,0.00129,0.0,0.0,0.0
0.8,0.59963,0.19519,0.20093,0.00342,0.00059,0.00209,0.000588,4.03e-05,1.52e-06,0.00129,0.0,0.0,0.0
0.8,0.59959,0.19529,0.20103,0.00343,0.000591,0.00209,0.000589,4.04e-05,1.52e-06,0.0013,0.0,0.0,0.0
0.8,0.59954,0.19539,0.20113,0.00343,0.000592,0.0021,0.000591,4.05e-05,1.53e-06,0.0013,0.0,0.0,0.0
0.8,0.5995,0.19549,0.20123,0.00344,0.000593,0.0021,0.000592,4.06e-05,1.53e-06,0.0013,0.0,0.0,0.0
0.8,0.59946,0.19559,0.20133,0.00345,0.000595,0.0021,0.000593,4.07e-05,1.53e-06,0.0013,0.0,0.0,0.0
0.8,0.59942,0.19569,0.20143,0.00345,0.000596,0.00211,0.000594,4.08e-05,1.53e-06,0.0013,0.0,0.0,0.0
0.8,0.59938,0.19579,0.20153,0.00346,0.000597,0.00211,0.000595,4.09e-05,1.53e-06,0.00131,0.0,0.0,0.0
0.8,0.59934,0.19589,0.20163,0.00346,0.000598,0.00212,0.000597,4.1e-05,1.53e-06,0.00131,0.0,0.0,0.0
0.8,0.5993,0.19599,0.20173,0.00347,0.000599,0.00212,0.000598,4.11e-05,1.54e-06,0.00131,0.0,0.0,0.0
0.8,0.59926,0.19609,0.20183,0.00348,0.0006,0.00212,0.000599,4.12e-05,1.54e-06,0.00131,0.0,0.0,0.0
0.8,0.59922,0.19619,0.20193,0.00348,0.000602,0.00213,0.0006,4.13e-05,1.54e-06,0.00131,0.0,0.0,0.0
0.8,0.59918,0.19629,0.20203,0.00349,0.000603,0.00213,0.000601,4.15e-05,1.54e-06,0.00132,0.0,0.0,0.0
0.8,0.59914,0.19639,0.20213,0.00349,0.000604,0.00213,0.000603,4.16e-05,1.54e-06,0.00132,0.0,0.0,0.0
0.8,0.5991,0.19649,0.20223,0.0035,0.000605,0.00214,0.000604,4.17e-05,1.55e-06,0.00132,0.0,0.0,0.0
0.8,0.59906,0.19659,0.20233,0.00351,0.000606,0.00214,0.000605,4.18e-05,1.55e-06,0.00132,0.0,0.0,0.0
0.8,0.59902,0.19669,0.20243,0.00351,0.000608,0.00215,0.000606,4.19e-05,1.55e-06,0.00132,0.0,0.0,0.0
0.8,0.59898,0.19679,0.20253,0.00352,0.000609,0.00215,0.000607,4.2e-05,1.55e-06,0.00133,0.0,0.0,0.0
0.8,0.59894,0.19689,0.20263,0.00352,0.00061,0.00215,0.000609,4.21e-05,1.55e-06,0.00133,0.0,0.0,0.0
0.8,0.5989,0.19699,0.20273,0.00353,0.000611,0.00216,0.00061,4.22e-05,1.56e-06,0.00133,0.0,0.0,0.0
0.8,0.59886,0.19709,0.20283,0.00354,0.000612,0.00216,0.000611,4.23e-05,1.56e-06,0.00133,0.0,0.0,0.0
0.8,0.59882,0.19719,0.20293,0.00354,0.000614,0.00217,0.000612,4.24e-05,1.56e-06,0.00133,0.0,0.0,0.0
0.8,0.59878,0.1973,0.20303,0.00355,0.000615,0.00217,0.000613,4.25e-05,1.56e-06,0.00134,0.0,0.0,0.0
0.8,0.59874,0.1974,0.20313,0.00355,0.000616,0.00217,0.000615,4.26e-05,1.56e-06,0.00134,0.0,0.0,0.0
0.8,0.5987,0.1975,0.20323,0.00356,0.000617,0.00218,0.000616,4.27e-05,1.57e-06,0.00134,0.0,0.0,0.0
0.8,0.59866,0.1976,0.20333,0.00357,0.000619,0.00218,0.000617,4.28e-05,1.57e-06,0.00134,0.0,0.0,0.0
0.8,0.59861,0.1977,0.20343,0.00357,0.00062,0.00219,0.000618,4.29e-05,1.57e-06,0.00134,0.0,0.0,0.0
0.8,0.59857,0.1978,0.20353,0.00358,0.000621,0.00219,0.000619,4.31e-05,1.57e-06,0.00135,0.0,0.0,0.0
0.8,0.59853,0.1979,0.20363,0.00358,0.000622,0.00219,0.000621,4.32e-05,1.58e-06,0.00135,0.0,0.0,0.0
0.8,0.59849,0.198,0.20373,0.00359,0.000623,0.0022,0.000622,4.33e-05,1.58e-06,0.00135,0.0,0.0,0.0
0.8,0.59845,0.1981,0.20383,0.0036,0.000625,0.0022,0.000623,4.34e-05,1.58e-06,0.00135,0.0,0.0,0.0
0.8,0.59841,0.1982,0.20393,0.0036,0.000626,0.00221,0.000624,4.35e-05,1.58e-06,0.00135,0.0,0.0,0.0
0.8,0.59837,0.1983,0.20403,0.00361,0.000627,0.00221,0.000625,4.36e-05,1.59e-06,0.00136,0.0,0.0,0.0
0.8,0.59833,0.1984,0.20413,0.00361,0.000628,0.00221,0.000627,4.37e-05,1.59e-06,0.00136,0.0,0.0,0.0
0.8,0.59829,0.1985,0.20423,0.00362,0.00063,0.00222,0.000628,4.38e-05,1.59e-06,0.00136,0.0,0.0,0.0
0.8,0.59825,0.1986,0.20433,0.00363,0.000631,0.00222,0.000629,4.39e-05,1.59e-06,0.00136,0.0,0.0,0.0
0.8,0.59821,0.1987,0.20443,0.00363,0.000632,0.00222,0.00063,4.4e-05,1.6e-06,0.00136,0.0,0.0,0.0
0.8,0.59817,0.1988,0.20453,0.00364,0.000633,0.00223,0.000632,4.42e-05,1.6e-06,0.00137,0.0,0.0,0.0
0.8,0.59812,0.1989,0.20463,0.00364,0.000634,0.00223,0.000633,4.43e-05,1.6e-06,0.00137,0.0,0.0,0.0
0.8,0.59808,0.199,0.20473,0.00365,0.000636,0.00224,0.000634,4.44e-05,1.6e-06,0.00137,0.0,0.0,0.0
0.8,0.59804,0.1991,0.20483,0.00366,0.000637,0.00224,0.000635,4.45e-05,1.61e-06,0.00137,0.0,0.0,0.0
0.8,0.598,0.1992,0.20493,0.00366,0.000638,0.00224,0.000636,4.46e-05,1.61e-06,0.00137,0.0,0.0,0.0
0.8,0.59796,0.1993,0.20503,0.00367,0.000639,0.00225,0.000638,4.47e-05,1.61e-06,0.00138,0.0,0.0,0.0
0.8,0.59792,0.1994,0.20513,0.00368,0.000641,0.00225,0.000639,4.48e-05,1.61e-06,0.00138,0.0,0.0,0.0
0.8,0.59788,0.1995,0.20523,0.00368,0.000642,0.00226,0.00064,4.49e-05,1.62e-06,0.00138,0.0,0.0,0.0
0.8,0.59784,0.1996,0.20533,0.00369,0.000643,0.00226,0.000641,4.51e-05,1.62e-06,0.00138,0.0,0.0,0.0
0.8,0.5978,0.1997,0.20543,0.00369,0.000644,0.00226,0.000643,4.52e-05,1.62e-06,0.00138,0.0,0.0,0.0
0.8,0.59776,0.1998,0.20553,0.0037,0.000645,0.00227,0.000644,4.53e-05,1.62e-06,0.00139,0.0,0.0,0.0
0.8,0.59771,0.19991,0.20563,0.00371,0.000647,0.00227,0.000645,4.54e-05,1.63e-06,0.00139,0.0,0.0,0.0
0.8,0.59767,0.20001,0.20573,0.00371,0.000648,0.00228,0.000646,4.55e-05,1.63e-06,0.00139,0.0,0.0,0.0
0.8,0.59763,0.20011,0.20583,0.00372,0.000649,0.00228,0.000648,4.56e-05,1.63e-06,0.00139,0.0,0.0,0.0
0.8,0.59759,0.20021,0.20593,0.00372,0.00065,0.00228,0.000649,4.57e-05,1.63e-06,0.00139,0.0,0.0,0.0
0.8,0.59755,0.20031,0.20603,0.00373,0.000652,0.00229,0.00065,4.59e-05,1.64e-06,0.0014,0.0,0.0,0.0
0.8,0.59751,0.20041,0.20613,0.00374,0.000653,0.00229,0.000651,4.6e-05,1.64e-06,0.0014,0.0,0.0,0.0
0.8,0.59747,0.20051,0.20623,0.00374,0.000654,0.0023,0.000653,4.61e-05,1.64e-06,0.0014,0.0,0.0,0.0
0.8,0.59743,0.20061,0.20633,0.00375,0.000655,0.0023,0.000654,4.62e-05,1.64e-06,0.0014,0.0,0.0,0.0
0.8,0.59738,0.20071,0.20643,0.00376,0.000657,0.0023,0.000655,4.63e-05,1.65e-06,0.0014,0.0,0.0,0.0
0.8,0.59734,0.20081,0.20653,0.00376,0.000658,0.00231,0.000656,4.64e-05,1.65e-06,0.00141,0.0,0.0,0.0
0.8,0.5973,0.20091,0.20663,0.00377,0.000659,0.00231,0.000658,4.65e-05,1.65e-06,0.00141,0.0,0.0,0.0
0.8,0.59726,0.20101,0.20673,0.00377,0.00066,0.00232,0.000659,4.67e-05,1.66e-06,0.00141,0.0,0.0,0.0
0.8,0.59722,0.20111,0.20683,0.00378,0.000662,0.00232,0.00066,4.68e-05,1.66e-06,0.00141,0.0,0.0,0.0
0.8,0.59718,0.20121,0.20693,0.00379,0.000663,0.00232,0.000661,4.69e-05,1.66e-06,0.00141,0.0,0.0,0.0
0.8,0.59714,0.20131,0.20703,0.00379,0.000664,0.00233,0.000662,4.7e-05,1.66e-06,0.00142,0.0,0.0,0.0
0.8,0.5971,0.20141,0.20713,0.0038,0.000665,0.00233,0.000664,4.71e-05,1.67e-06,0.00142,0.0,0.0,0.0
0.8,0.59705,0.20151,0.20723,0.0038,0.000667,0.00234,0.000665,4.73e-05,1.67e-06,0.00142,0.0,0.0,0.0
0.8,0.59701,0.20161,0.20733,0.00381,0.000668,0.00234,0.000666,4.74e-05,1.67e-06,0.00142,0.0,0.0,0.0
0.8,0.59697,0.20171,0.20743,0.00382,0.000669,0.00234,0.000667,4.75e-05,1.68e-06,0.00142,0.0,0.0,0.0
0.8,0.59693,0.20181,0.20753,0.00383,0.000671,0.00235,0.000669,5.01e-05,1.97e-06,0.00143,0.0,0.0,0.0
0.8,0.59689,0.20191,0.20763,0.00383,0.000672,0.00235,0.00067,5.02e-05,1.97e-06,0.00143,0.0,0.0,0.0
0.8,0.59685,0.20201,0.20773,0.00384,0.000673,0.00236,0.000671,5.03e-05,1.97e-06,0.00143,0.0,0.0,0.0
0.8,0.5968,0.20211,0.20783,0.00384,0.000674,0.00236,0.000673,5.05e-05,1.97e-06,0.00143,0.0,0.0,0.0
0.8,0.59676,0.20221,0.20793,0.00385,0.000676,0.00236,0.000674,5.06e-05,1.97e-06,0.00144,0.0,0.0,0.0
0.8,0.59672,0.20231,0.20803,0.00386,0.000677,0.00237,0.000675,5.07e-05,1.98e-06,0.00144,0.0,0.0,0.0
0.8,0.59668,0.20242,0.20813,0.00386,0.000678,0.00237,0.000676,5.09e-05,1.98e-06,0.00144,0.0,0.0,0.0
0.8,0.59664,0.20252,0.20823,0.00387,0.00068,0.00238,0.000678,5.1e-05,1.98e-06,0.00144,0.0,0.0,0.0
0.8,0.5966,0.20262,0.20833,0.00388,0.000681,0.00238,0.000679,5.11e-05,1.98e-06,0.00144,0.0,0.0,0.0
0.8,0.59656,0.20272,0.20843,0.00388,0.000682,0.00238,0.00068,5.12e-05,1.98e-06,0.00145,0.0,0.0,0.0
0.8,0.59651,0.20282,0.20853,0.00389,0.000683,0.00239,0.000681,5.14e-05,1.99e-06,0.00145,0.0,0.0,0.0
0.8,0.59647,0.20292,0.20863,0.00389,0.000685,0.00239,0.000683,5.15e-05,1.99e-06,0.00145,0.0,0.0,0.0
0.8,0.59643,0.20302,0.20873,0.0039,0.000686,0.0024,0.000684,5.16e-05,1.99e-06,0.00145,0.0,0.0,0.0
0.8,0.59639,0.20312,0.20883,0.00391,0.000687,0.0024,0.000685,5.18e-05,1.99e-06,0.00145,0.0,0.0,0.0
0.8,0.59635,0.20322,0.20893,0.00391,0.000688,0.0024,0.000686,5.19e-05,2e-06,0.00146,0.0,0.0,0.0
0.8,0.5963,0.20332,0.20903,0.00392,0.00069,0.00241,0.000688,5.2e-05,2e-06,0.00146,0.0,0.0,0.0
0.8,0.59626,0.20342,0.20913,0.00393,0.000691,0.00241,0.000689,5.21e-05,2e-06,0.00146,0.0,0.0,0.0
0.8,0.59622,0.20352,0.20923,0.00393,0.000692,0.00242,0.00069,5.23e-05,2e-06,0.00146,0.0,0.0,0.0
0.8,0.59618,0.20362,0.20933,0.00394,0.000693,0.00242,0.000691,5.24e-05,2.01e-06,0.00146,0.0,0.0,0.0
0.8,0.59614,0.20372,0.20943,0.00394,0.000695,0.00243,0.000693,5.25e-05,2.01e-06,0.00147,0.0,0.0,0.0
0.8,0.5961,0.20382,0.20953,0.00395,0.000696,0.00243,0.000694,5.27e-05,2.01e-06,0.00147,0.0,0.0,0.0
0.8,0.59605,0.20392,0.20963,0.00396,0.000697,0.00243,0.000695,5.28e-05,2.01e-06,0.00147,0.0,0.0,0.0
0.8,0.59601,0.20402,0.20973,0.00396,0.000699,0.00244,0.000697,5.29e-05,2.02e-06,0.00147,0.0,0.0,0.0
0.8,0.59597,0.20412,0.20983,0.00397,0.0007,0.00244,0.000698,5.31e-05,2.02e-06,0.00147,0.0,0.0,0.0
0.8,0.59593,0.20422,0.20993,0.00398,0.000701,0.00245,0.000699,5.32e-05,2.02e-06,0.00148,0.0,0.0,0.0
0.8,0.59589,0.20432,0.21003,0.00398,0.000702,0.00245,0.0007,5.33e-05,2.02e-06,0.00148,0.0,0.0,0.0
0.8,0.59584,0.20442,0.21013,0.00399,0.000704,0.00245,0.000702,5.35e-05,2.03e-06,0.00148,0.0,0.0,0.0
0.8,0.5958,0.20452,0.21023,0.00399,0.000705,0.00246,0.000703,5.36e-05,2.03e-06,0.00148,0.0,0.0,0.0
0.8,0.59576,0.20462,0.21033,0.004,0.000706,0.00246,0.000704,5.37e-05,2.03e-06,0.00149,0.0,0.0,0.0
0.8,0.59572,0.20472,0.21043,0.00401,0.000708,0.00247,0.000705,5.39e-05,2.04e-06,0.00149,0.0,0.0,0.0
0.8,0.59568,0.20482,0.21053,0.00401,0.000709,0.00247,0.000707,5.4e-05,2.04e-06,0.00149,0.0,0.0,0.0
0.8,0.59563,0.20493,0.21063,0.00402,0.00071,0.00247,0.000708,5.41e-05,2.04e-06,0.00149,0.0,0.0,0.0
0.8,0.59559,0.20503,0.21073,0.00403,0.000711,0.00248,0.000709,5.43e-05,2.05e-06,0.00149,0.0,0.0,0.0
0.8,0.59555,0.20513,0.21083,0.00403,0.000713,0.00248,0.000711,5.44e-05,2.05e-06,0.0015,0.0,0.0,0.0
0.8,0.59551,0.20523,0.21093,0.00404,0.000714,0.00249,0.000712,5.46e-05,2.05e-06,0.0015,0.0,0.0,0.0
0.8,0.59546,0.20533,0.21103,0.00404,0.000715,0.00249,0.000713,5.47e-05,2.06e-06,0.0015,0.0,0.0,0.0
0.8,0.59542,0.20543,0.21113,0.00405,0.000717,0.00249,0.000714,5.48e-05,2.06e-06,0.0015,0.0,0.0,0.0
0.8,0.59538,0.20553,0.21123,0.00406,0.000718,0.0025,0.000716,5.5e-05,2.06e-06,0.0015,0.0,0.0,0.0
0.8,0.59534,0.20563,0.21133,0.00406,0.000719,0.0025,0.000717,5.51e-05,2.06e-06,0.00151,0.0,0.0,0.0
0.8,0.5953,0.20573,0.21143,0.00407,0.00072,0.00251,0.000718,5.52e-05,2.07e-06,0.00151,0.0,0.0,0.0
0.8,0.59525,0.20583,0.21153,0.00408,0.000722,0.00251,0.00072,5.54e-05,2.07e-06,0.00151,0.0,0.0,0.0
0.8,0.59521,0.20593,0.21163,0.00408,0.000723,0.00251,0.000721,5.55e-05,2.07e-06,0.00151,0.0,0.0,0.0
0.8,0.59517,0.20603,0.21173,0.00409,0.000724,0.00252,0.000722,5.57e-05,2.08e-06,0.00151,0.0,0.0,0.0
0.8,0.59513,0.20613,0.21183,0.0041,0.000726,0.00252,0.000723,5.58e-05,2.08e-06,0.00152,0.0,0.0,0.0
0.8,0.59508,0.20623,0.21193,0.0041,0.000727,0.00253,0.000725,5.59e-05,2.08e-06,0.00152,0.0,0.0,0.0
0.8,0.59504,0.20633,0.21203,0.00411,0.000728,0.00253,0.000726,5.61e-05,2.09e-06,0.00152,0.0,0.0,0.0
0.8,0.595,0.20643,0.21213,0.00411,0.000729,0.00253,0.000727,5.62e-05,2.09e-06,0.00152,0.0,0.0,0.0
0.8,0.59496,0.20653,0.21223,0.00412,0.000731,0.00254,0.000729,5.64e-05,2.09e-06,0.00153,0.0,0.0,0.0
0.8,0.59491,0.20663,0.21233,0.00413,0.000732,0.00254,0.00073,5.65e-05,2.1e-06,0.00153,0.0,0.0,0.0
0.8,0.59487,0.20673,0.21243,0.00413,0.000733,0.00255,0.000731,5.66e-05,2.1e-06,0.00153,0.0,0.0,0.0
0.8,0.59483,0.20683,0.21253,0.00414,0.000735,0.00255,0.000733,5.68e-05,2.1e-06,0.00153,0.0,0.0,0.0
0.8,0.59479,0.20693,0.21263,0.00415,0.000736,0.00256,0.000734,5.69e-05,2.11e-06,0.00153,0.0,0.0,0.0
0.8,0.59474,0.20703,0.21273,0.00415,0.000737,0.00256,0.000735,5.71e-05,2.11e-06,0.00154,0.0,0.0,0.0
0.8,0.5947,0.20713,0.21283,0.00416,0.000739,0.00256,0.000736,5.72e-05,2.11e-06,0.00154,0.0,0.0,0.0
0.8,0.59466,0.20723,0.21293,0.00417,0.00074,0.00257,0.000738,5.74e-05,2.12e-06,0.00154,0.0,0.0,0.0
0.8,0.59462,0.20734,0.21303,0.00417,0.000741,0.00257,0.000739,5.75e-05,2.12e-06,0.00154,0.0,0.0,0.0
0.8,0.59457,0.20744,0.21313,0.00418,0.000742,0.00258,0.00074,5.76e-05,2.12e-06,0.00154,0.0,0.0,0.0
0.8,0.59453,0.20754,0.21323,0.00418,0.000744,0.00258,0.000742,5.78e-05,2.13e-06,0.00155,0.0,0.0,0.0
0.8,0.59449,0.20764,0.21333,0.00419,0.000745,0.00258,0.000743,5.79e-05,2.13e-06,0.00155,0.0,0.0,0.0
0.8,0.59445,0.20774,0.21343,0.0042,0.000746,0.00259,0.000744,5.81e-05,2.14e-06,0.00155,0.0,0.0,0.0
0.8,0.5944,0.20784,0.21353,0.0042,0.000748,0.00259,0.000746,5.82e-05,2.14e-06,0.00155,0.0,0.0,0.0
0.8,0.59436,0.20794,0.21363,0.00421,0.000749,0.0026,0.000747,5.84e-05,2.14e-06,0.00156,0.0,0.0,0.0
0.8,0.59432,0.20804,0.21373,0.00422,0.00075,0.0026,0.000748,5.85e-05,2.15e-06,0.00156,0.0,0.0,0.0
0.8,0.59427,0.20814,0.21383,0.00422,0.000752,0.0026,0.000749,5.87e-05,2.15e-06,0.00156,0.0,0.0,0.0
0.8,0.59423,0.20824,0.21393,0.00423,0.000753,0.00261,0.000751,5.88e-05,2.15e-06,0.00156,0.0,0.0,0.0
0.8,0.59419,0.20834,0.21403,0.00424,0.000754,0.00261,0.000752,5.89e-05,2.16e-06,0.00156,0.0,0.0,0.0
0.8,0.59415,0.20844,0.21413,0.00424,0.000756,0.00262,0.000753,5.91e-05,2.16e-06,0.00157,0.0,0.0,0.0
0.8,0.5941,0.20854,0.21423,0.00425,0.000757,0.00262,0.000755,5.92e-05,2.16e-06,0.00157,0.0,0.0,0.0
0.8,0.59406,0.20864,0.21433,0.00426,0.000758,0.00263,0.000756,5.94e-05,2.17e-06,0.00157,0.0,0.0,0.0
0.8,0.59402,0.20874,0.21443,0.00426,0.000759,0.00263,0.000757,5.95e-05,2.17e-06,0.00157,0.0,0.0,0.0
0.8,0.59397,0.20884,0.21453,0.00427,0.000761,0.00263,0.000759,6.25e-05,2.53e-06,0.00157,0.0,0.0,0.0
0.8,0.59393,0.20894,0.21463,0.00428,0.000762,0.00264,0.00076,6.27e-05,2.53e-06,0.00158,0.0,0.0,0.0
0.8,0.59389,0.20904,0.21473,0.00428,0.000764,0.00264,0.000761,6.28e-05,2.54e-06,0.00158,0.0,0.0,0.0
0.8,0.59385,0.20914,0.21483,0.00429,0.000765,0.00265,0.000763,6.3e-05,2.54e-06,0.00158,0.0,0.0,0.0
0.8,0.5938,0.20924,0.21493,0.0043,0.000766,0.00265,0.000764,6.31e-05,2.54e-06,0.00158,0.0,0.0,0.0
0.8,0.59376,0.20934,0.21503,0.0043,0.000768,0.00265,0.000765,6.33e-05,2.54e-06,0.00159,0.0,0.0,0.0
0.8,0.59372,0.20944,0.21513,0.00431,0.000769,0.00266,0.000767,6.34e-05,2.54e-06,0.00159,0.0,0.0,0.0
0.8,0.59367,0.20954,0.21523,0.00432,0.00077,0.00266,0.000768,6.36e-05,2.55e-06,0.00159,0.0,0.0,0.0
0.8,0.59363,0.20964,0.21533,0.00432,0.000772,0.00267,0.000769,6.38e-05,2.55e-06,0.00159,0.0,0.0,0.0
0.8,0.59359,0.20974,0.21543,0.00433,0.000773,0.00267,0.00077,6.39e-05,2.55e-06,0.00159,0.0,0.0,0.0
0.8,0.59354,0.20985,0.21553,0.00434,0.000774,0.00267,0.000772,6.41e-05,2.56e-06,0.0016,0.0,0.0,0.0
0.8,0.5935,0.20995,0.21563,0.00434,0.000776,0.00268,0.000773,6.42e-05,2.56e-06,0.0016,0.0,0.0,0.0
0.8,0.59346,0.21005,0.21573,0.00435,0.000777,0.00268,0.000774,6.44e-05,2.56e-06,0.0016,0.0,0.0,0.0
0.8,0.59342,0.21015,0.21583,0.00435,0.000778,0.00269,0.000776,6.46e-05,2.57e-06,0.0016,0.0,0.0,0.0
0.8,0.59337,0.21025,0.21593,0.00436,0.00078,0.00269,0.000777,6.47e-05,2.57e-06,0.00161,0.0,0.0,0.0
0.8,0.59333,0.21035,0.21603,0.00437,0.000781,0.0027,0.000778,6.49e-05,2.57e-06,0.00161,0.0,0.0,0.0
0.8,0.59329,0.21045,0.21613,0.00437,0.000782,0.0027,0.00078,6.5e-05,2.57e-06,0.00161,0.0,0.0,0.0
0.8,0.59324,0.21055,0.21623,0.00438,0.000784,0.0027,0.000781,6.52e-05,2.58e-06,0.00161,0.0,0.0,0.0
0.8,0.5932,0.21065,0.21633,0.00439,0.000785,0.00271,0.000782,6.54e-05,2.58e-06,0.00161,0.0,0.0,0.0
0.8,0.59316,0.21075,0.21643,0.00439,0.000786,0.00271,0.000784,6.55e-05,2.58e-06,0.00162,0.0,0.0,0.0
0.8,0.59311,0.21085,0.21653,0.0044,0.000788,0.00272,0.000785,6.57e-05,2.59e-06,0.00162,0.0,0.0,0.0
0.8,0.59307,0.21095,0.21663,0.00441,0.000789,0.00272,0.000786,6.59e-05,2.59e-06,0.00162,0.0,0.0,0.0
0.8,0.59303,0.21105,0.21673,0.00441,0.00079,0.00272,0.000788,6.6e-05,2.6e-06,0.00162,0.0,0.0,0.0
0.8,0.59298,0.21115,0.21683,0.00442,0.000792,0.00273,0.000789,6.62e-05,2.6e-06,0.00162,0.0,0.0,0.0
0.8,0.59294,0.21125,0.21693,0.00443,0.000793,0.00273,0.00079,6.64e-05,2.6e-06,0.00163,0.0,0.0,0.0
0.8,0.5929,0.21135,0.21703,0.00443,0.000794,0.00274,0.000792,6.65e-05,2.61e-06,0.00163,0.0,0.0,0.0
0.8,0.59285,0.21145,0.21713,0.00444,0.000796,0.00274,0.000793,6.67e-05,2.61e-06,0.00163,0.0,0.0,0.0
0.8,0.59281,0.21155,0.21723,0.00445,0.000797,0.00274,0.000794,6.69e-05,2.61e-06,0.00163,0.0,0.0,0.0
0.8,0.59277,0.21165,0.21733,0.00445,0.000798,0.00275,0.000796,6.7e-05,2.62e-06,0.00164,0.0,0.0,0.0
0.8,0.59272,0.21175,0.21743,0.00446,0.0008,0.00275,0.000797,6.72e-05,2.62e-06,0.00164,0.0,0.0,0.0
0.8,0.59268,0.21185,0.21753,0.00446,0.000801,0.00276,0.000798,6.74e-05,2.63e-06,0.00164,0.0,0.0,0.0
0.8,0.59264,0.21195,0.21763,0.00447,0.000802,0.00276,0.0008,6.75e-05,2.63e-06,0.00164,0.0,0.0,0.0
0.8,0.59259,0.21205,0.21773,0.00448,0.000804,0.00277,0.000801,6.77e-05,2.63e-06,0.00164,0.0,0.0,0.0
0.8,0.59255,0.21215,0.21783,0.00448,0.000805,0.00277,0.000802,6.79e-05,2.64e-06,0.00165,0.0,0.0,0.0
0.8,0.5925,0.21226,0.21793,0.00449,0.000806,0.00277,0.000804,6.8e-05,2.64e-06,0.00165,0.0,0.0,0.0
0.8,0.59246,0.21236,0.21803,0.0045,0.000808,0.00278,0.000805,6.82e-05,2.65e-06,0.00165,0.0,0.0,0.0
0.8,0.59242,0.21246,0.21813,0.0045,0.000809,0.00278,0.000806,6.84e-05,2.65e-06,0.00165,0.0,0.0,0.0
0.8,0.59237,0.21256,0.21823,0.00451,0.00081,0.00279,0.000808,6.85e-05,2.65e-06,0.00166,0.0,0.0,0.0
0.8,0.59233,0.21266,0.21833,0.00452,0.000812,0.00279,0.000809,6.87e-05,2.66e-06,0.00166,0.0,0.0,0.0
0.8,0.59229,0.21276,0.21843,0.00452,0.000813,0.00279,0.00081,6.89e-05,2.66e-06,0.00166,0.0,0.0,0.0
0.8,0.59224,0.21286,0.21853,0.00453,0.000814,0.0028,0.000812,6.91e-05,2.67e-06,0.00166,0.0,0.0,0.0
0.8,0.5922,0.21296,0.21863,0.00454,0.000816,0.0028,0.000813,6.92e-05,2.67e-06,0.00166,0.0,0.0,0.0
0.8,0.59216,0.21306,0.21873,0.00454,0.000817,0.00281,0.000814,6.94e-05,2.67e-06,0.00167,0.0,0.0,0.0
0.8,0.59211,0.21316,0.21883,0.00455,0.000818,0.00281,0.000816,6.96e-05,2.68e-06,0.00167,0.0,0.0,0.0
0.8,0.59207,0.21326,0.21893,0.00456,0.00082,0.00282,0.000817,6.97e-05,2.68e-06,0.00167,0.0,0.0,0.0
0.8,0.59202,0.21336,0.21903,0.00456,0.000821,0.00282,0.000818,6.99e-05,2.69e-06,0.00167,0.0,0.0,0.0
0.8,0.59198,0.21346,0.21913,0.00457,0.000822,0.00282,0.00082,7.01e-05,2.69e-06,0.00168,0.0,0.0,0.0
0.8,0.59194,0.21356,0.21923,0.00458,0.000824,0.00283,0.000821,7.03e-05,2.7e-06,0.00168,0.0,0.0,0.0
0.8,0.59189,0.21366,0.21933,0.00458,0.000825,0.00283,0.000822,7.04e-05,2.7e-06,0.00168,0.0,0.0,0.0
0.8,0.59185,0.21376,0.21943,0.00459,0.000826,0.00284,0.000824,7.06e-05,2.7e-06,0.00168,0.0,0.0,0.0
0.8,0.5918,0.21386,0.21953,0.0046,0.000828,0.00284,0.000825,7.08e-05,2.71e-06,0.00168,0.0,0.0,0.0
0.8,0.59176,0.21396,0.21963,0.0046,0.000829,0.00284,0.000826,7.1e-05,2.71e-06,0.00169,0.0,0.0,0.0
0.8,0.59172,0.21406,0.21973,0.00461,0.000831,0.00285,0.000828,7.11e-05,2.72e-06,0.00169,0.0,0.0,0.0
0.8,0.59167,0.21416,0.21983,0.00461,0.000832,0.00285,0.000829,7.13e-05,2.72e-06,0.00169,0.0,0.0,0.0
0.8,0.59163,0.21426,0.21993,0.00462,0.000833,0.00286,0.00083,7.15e-05,2.73e-06,0.00169,0.0,0.0,0.0
0.8,0.59158,0.21436,0.22003,0.00463,0.000835,0.00286,0.000832,7.17e-05,2.73e-06,0.0017,0.0,0.0,0.0
0.8,0.59154,0.21446,0.22013,0.00463,0.000836,0.00287,0.000833,7.18e-05,2.73e-06,0.0017,0.0,0.0,0.0
0.8,0.5915,0.21456,0.22023,0.00464,0.000837,0.00287,0.000835,7.2e-05,2.74e-06,0.0017,0.0,0.0,0.0
0.8,0.59145,0.21467,0.22033,0.00465,0.000839,0.00287,0.000836,7.22e-05,2.74e-06,0.0017,0.0,0.0,0.0
0.8,0.59141,0.21477,0.22043,0.00465,0.00084,0.00288,0.000837,7.24e-05,2.75e-06,0.0017,0.0,0.0,0.0
0.8,0.59136,0.21487,0.22053,0.00466,0.000841,0.00288,0.000839,7.25e-05,2.75e-06,0.00171,0.0,0.0,0.0
0.8,0.59132,0.21497,0.22063,0.00467,0.000843,0.00289,0.00084,7.27e-05,2.76e-06,0.00171,0.0,0.0,0.0
0.8,0.59128,0.21507,0.22073,0.00467,0.000844,0.00289,0.000841,7.29e-05,2.76e-06,0.00171,0.0,0.0,0.0
0.8,0.59123,0.21517,0.22083,0.00468,0.000845,0.00289,0.000843,7.31e-05,2.77e-06,0.00171,0.0,0.0,0.0
0.8,0.59119,0.21527,0.22093,0.00469,0.000847,0.0029,0.000844,7.33e-05,2.77e-06,0.00172,0.0,0.0,0.0
0.8,0.59114,0.21537,0.22103,0.00469,0.000848,0.0029,0.000845,7.34e-05,2.78e-06,0.00172,0.0,0.0,0.0
0.8,0.5911,0.21547,0.22113,0.0047,0.000849,0.00291,0.000847,7.36e-05,2.78e-06,0.00172,0.0,0.0,0.0
0.8,0.59106,0.21557,0.22123,0.00471,0.000851,0.00291,0.000848,7.38e-05,2.79e-06,0.00172,0.0,0.0,0.0
0.8,0.59101,0.21567,0.22133,0.00472,0.000853,0.00292,0.000849,7.72e-05,3.23e-06,0.00172,0.0,0.0,0.0
0.8,0.59097,0.21577,0.22143,0.00472,0.000854,0.00292,0.000851,7.74e-05,3.23e-06,0.00173,0.0,0.0,0.0
0.8,0.59092,0.21587,0.22153,0.00473,0.000855,0.00292,0.000852,7.75e-05,3.23e-06,0.00173,0.0,0.0,0.0
0.8,0.59088,0.21597,0.22163,0.00474,0.000857,0.00293,0.000853,7.77e-05,3.24e-06,0.00173,0.0,0.0,0.0
0.8,0.59083,0.21607,0.22173,0.00474,0.000858,0.00293,0.000855,7.79e-05,3.24e-06,0.00173,0.0,0.0,0.0
0.8,0.59079,0.21617,0.22183,0.00475,0.000859,0.00294,0.000856,7.81e-05,3.24e-06,0.00174,0.0,0.0,0.0
0.8,0.59075,0.21627,0.22193,0.00476,0.000861,0.00294,0.000858,7.83e-05,3.25e-06,0.00174,0.0,0.0,0.0
0.8,0.5907,0.21637,0.22203,0.00476,0.000862,0.00294,0.000859,7.85e-05,3.25e-06,0.00174,0.0,0.0,0.0
0.8,0.59066,0.21647,0.22213,0.00477,0.000864,0.00295,0.00086,7.87e-05,3.25e-06,0.00174,0.0,0.0,0.0
0.8,0.59061,0.21657,0.22223,0.00478,0.000865,0.00295,0.000862,7.89e-05,3.26e-06,0.00174,0.0,0.0,0.0
0.8,0.59057,0.21667,0.22233,0.00478,0.000866,0.00296,0.000863,7.91e-05,3.26e-06,0.00175,0.0,0.0,0.0
0.8,0.59052,0.21677,0.22243,0.00479,0.000868,0.00296,0.000864,7.93e-05,3.26e-06,0.00175,0.0,0.0,0.0
0.8,0.59048,0.21687,0.22253,0.0048,0.000869,0.00296,0.000866,7.95e-05,3.27e-06,0.00175,0.0,0.0,0.0
0.8,0.59043,0.21698,0.22263,0.0048,0.00087,0.00297,0.000867,7.97e-05,3.27e-06,0.00175,0.0,0.0,0.0
0.8,0.59039,0.21708,0.22273,0.00481,0.000872,0.00297,0.000868,7.99e-05,3.28e-06,0.00176,0.0,0.0,0.0
0.8,0.59034,0.21718,0.22283,0.00482,0.000873,0.00298,0.00087,8.01e-05,3.28e-06,0.00176,0.0,0.0,0.0
0.8,0.5903,0.21728,0.22293,0.00482,0.000874,0.00298,0.000871,8.03e-05,3.28e-06,0.00176,0.0,0.0,0.0
0.8,0.59026,0.21738,0.22303,0.00483,0.000876,0.00299,0.000873,8.05e-05,3.29e-06,0.00176,0.0,0.0,0.0
0.8,0.59021,0.21748,0.22313,0.00484,0.000877,0.00299,0.000874,8.07e-05,3.29e-06,0.00176,0.0,0.0,0.0
0.8,0.59017,0.21758,0.22323,0.00484,0.000879,0.00299,0.000875,8.09e-05,3.3e-06,0.00177,0.0,0.0,0.0
0.8,0.59012,0.21768,0.22333,0.00485,0.00088,0.003,0.000877,8.11e-05,3.3e-06,0.00177,0.0,0.0,0.0
0.8,0.59008,0.21778,0.22343,0.00485,0.000881,0.003,0.000878,8.13e-05,3.31e-06,0.00177,0.0,0.0,0.0
0.8,0.59003,0.21788,0.22353,0.00486,0.000883,0.00301,0.000879,8.15e-05,3.31e-06,0.00177,0.0,0.0,0.0
0.8,0.58999,0.21798,0.22363,0.00487,0.000884,0.00301,0.000881,8.17e-05,3.31e-06,0.00178,0.0,0.0,0.0
0.8,0.58994,0.21808,0.22373,0.00487,0.000885,0.00301,0.000882,8.19e-05,3.32e-06,0.00178,0.0,0.0,0.0
0.8,0.5899,0.21818,0.22383,0.00488,0.000887,0.00302,0.000883,8.21e-05,3.32e-06,0.00178,0.0,0.0,0.0
0.8,0.58985,0.21828,0.22393,0.00489,0.000888,0.00302,0.000885,8.23e-05,3.33e-06,0.00178,0.0,0.0,0.0
0.8,0.58981,0.21838,0.22403,0.00489,0.000889,0.00303,0.000886,8.25e-05,3.33e-06,0.00178,0.0,0.0,0.0
0.8,0.58976,0.21848,0.22413,0.0049,0.000891,0.00303,0.000888,8.27e-05,3.34e-06,0.00179,0.0,0.0,0.0
0.8,0.58972,0.21858,0.22423,0.00491,0.000892,0.00304,0.000889,8.29e-05,3.34e-06,0.00179,0.0,0.0,0.0
0.8,0.58967,0.21868,0.22433,0.00491,0.000894,0.00304,0.00089,8.31e-05,3.35e-06,0.00179,0.0,0.0,0.0
0.8,0.58963,0.21878,0.22443,0.00492,0.000895,0.00304,0.000892,8.33e-05,3.35e-06,0.00179,0.0,0.0,0.0
0.8,0.58958,0.21888,0.22453,0.00493,0.000896,0.00305,0.000893,8.35e-05,3.36e-06,0.0018,0.0,0.0,0.0
0.8,0.58954,0.21898,0.22463,0.00493,0.000898,0.00305,0.000894,8.37e-05,3.36e-06,0.0018,0.0,0.0,0.0
0.8,0.58949,0.21908,0.22473,0.00494,0.000899,0.00306,0.000896,8.39e-05,3.37e-06,0.0018,0.0,0.0,0.0
0.8,0.58945,0.21918,0.22483,0.00495,0.0009,0.00306,0.000897,8.41e-05,3.37e-06,0.0018,0.0,0.0,0.0
0.8,0.5894,0.21928,0.22493,0.00495,0.000902,0.00306,0.000898,8.43e-05,3.38e-06,0.00181,0.0,0.0,0.0
0.8,0.58936,0.21939,0.22503,0.00496,0.000903,0.00307,0.0009,8.45e-05,3.38e-06,0.00181,0.0,0.0,0.0
0.8,0.58931,0.21949,0.22513,0.00497,0.000905,0.00307,0.000901,8.47e-05,3.39e-06,0.00181,0.0,0.0,0.0
0.8,0.58927,0.21959,0.22523,0.00497,0.000906,0.00308,0.000903,8.49e-05,3.39e-06,0.00181,0.0,0.0,0.0
0.8,0.58922,0.21969,0.22533,0.00498,0.000907,0.00308,0.000904,8.51e-05,3.4e-06,0.00181,0.0,0.0,0.0
0.8,0.58918,0.21979,0.22543,0.00499,0.000909,0.00309,0.000905,8.54e-05,3.4e-06,0.00182,0.0,0.0,0.0
0.8,0.58913,0.21989,0.22553,0.00499,0.00091,0.00309,0.000907,8.56e-05,3.41e-06,0.00182,0.0,0.0,0.0
0.8,0.58909,0.21999,0.22563,0.005,0.000911,0.00309,0.000908,8.58e-05,3.41e-06,0.00182,0.0,0.0,0.0
0.8,0.58904,0.22009,0.22573,0.00501,0.000913,0.0031,0.000909,8.6e-05,3.42e-06,0.00182,0.0,0.0,0.0
0.8,0.589,0.22019,0.22583,0.00501,0.000914,0.0031,0.000911,8.62e-05,3.42e-06,0.00183,0.0,0.0,0.0
0.8,0.58895,0.22029,0.22593,0.00502,0.000916,0.00311,0.000912,8.64e-05,3.43e-06,0.00183,0.0,0.0,0.0
0.8,0.58891,0.22039,0.22603,0.00503,0.000917,0.00311,0.000914,8.66e-05,3.44e-06,0.00183,0.0,0.0,0.0
0.8,0.58886,0.22049,0.22613,0.00503,0.000918,0.00311,0.000915,8.68e-05,3.44e-06,0.00183,0.0,0.0,0.0
0.8,0.58882,0.22059,0.22623,0.00504,0.00092,0.00312,0.000916,8.7e-05,3.45e-06,0.00183,0.0,0.0,0.0
0.8,0.58877,0.22069,0.22633,0.00505,0.000921,0.00312,0.000918,8.72e-05,3.45e-06,0.00184,0.0,0.0,0.0
0.8,0.58873,0.22079,0.22643,0.00505,0.000923,0.00313,0.000919,8.75e-05,3.46e-06,0.00184,0.0,0.0,0.0
0.8,0.58868,0.22089,0.22653,0.00506,0.000924,0.00313,0.00092,8.77e-05,3.46e-06,0.00184,0.0,0.0,0.0
0.8,0.58864,0.22099,0.22663,0.00507,0.000925,0.00314,0.000922,8.79e-05,3.47e-06,0.00184,0.0,0.0,0.0
0.8,0.58859,0.22109,0.22673,0.00507,0.000927,0.00314,0.000923,8.81e-05,3.47e-06,0.00185,0.0,0.0,0.0
0.8,0.58855,0.22119,0.22683,0.00508,0.000928,0.00314,0.000925,8.83e-05,3.48e-06,0.00185,0.0,0.0,0.0
0.8,0.5885,0.22129,0.22693,0.00509,0.000929,0.00315,0.000926,8.85e-05,3.49e-06,0.00185,0.0,0.0,0.0
0.8,0.58846,0.22139,0.22703,0.00509,0.000931,0.00315,0.000927,8.87e-05,3.49e-06,0.00185,0.0,0.0,0.0
0.8,0.58841,0.22149,0.22713,0.0051,0.000932,0.00316,0.000929,8.9e-05,3.5e-06,0.00186,0.0,0.0,0.0
0.8,0.58836,0.22159,0.22723,0.00511,0.000934,0.00316,0.00093,8.92e-05,3.5e-06,0.00186,0.0,0.0,0.0
0.8,0.58832,0.2217,0.22733,0.00511,0.000935,0.00316,0.000931,8.94e-05,3.51e-06,0.00186,0.0,0.0,0.0
0.8,0.58827,0.2218,0.22743,0.00512,0.000936,0.00317,0.000933,8.96e-05,3.51e-06,0.00186,0.0,0.0,0.0
0.8,0.58823,0.2219,0.22753,0.00513,0.000938,0.00317,0.000934,8.98e-05,3.52e-06,0.00186,0.0,0.0,0.0
0.8,0.58818,0.222,0.22763,0.00513,0.000939,0.00318,0.000936,9e-05,3.53e-06,0.00187,0.0,0.0,0.0
0.8,0.58814,0.2221,0.22773,0.00514,0.000941,0.00318,0.000937,9.03e-05,3.53e-06,0.00187,0.0,0.0,0.0
0.8,0.58809,0.2222,0.22783,0.00515,0.000942,0.00319,0.000938,9.05e-05,3.54e-06,0.00187,0.0,0.0,0.0
0.8,0.58805,0.2223,0.22793,0.00515,0.000943,0.00319,0.00094,9.07e-05,3.54e-06,0.00187,0.0,0.0,0.0
0.8,0.588,0.2224,0.22803,0.00516,0.000945,0.00319,0.000941,9.09e-05,3.55e-06,0.00188,0.0,0.0,0.0
0.8,0.58795,0.2225,0.22813,0.00517,0.000946,0.0032,0.000943,9.11e-05,3.55e-06,0.00188,0.0,0.0,0.0
0.8,0.58791,0.2226,0.22823,0.00518,0.000948,0.0032,0.000944,9.49e-05,4.1e-06,0.00188,0.0,0.0,0.0
0.8,0.58786,0.2227,0.22833,0.00518,0.000949,0.00321,0.000945,9.52e-05,4.1e-06,0.00188,0.0,0.0,0.0
0.8,0.58782,0.2228,0.22843,0.00519,0.000951,0.00321,0.000947,9.54e-05,4.1e-06,0.00189,0.0,0.0,0.0
0.8,0.58777,0.2229,0.22853,0.0052,0.000952,0.00321,0.000948,9.56e-05,4.11e-06,0.00189,0.0,0.0,0.0
0.8,0.58773,0.223,0.22863,0.0052,0.000954,0.00322,0.000949,9.59e-05,4.11e-06,0.00189,0.0,0.0,0.0
0.8,0.58768,0.2231,0.22873,0.00521,0.000955,0.00322,0.000951,9.61e-05,4.11e-06,0.00189,0.0,0.0,0.0
0.8,0.58763,0.2232,0.22883,0.00522,0.000956,0.00323,0.000952,9.63e-05,4.12e-06,0.00189,0.0,0.0,0.0
0.8,0.58759,0.2233,0.22893,0.00522,0.000958,0.00323,0.000954,9.66e-05,4.12e-06,0.0019,0.0,0.0,0.0
0.8,0.58754,0.2234,0.22903,0.00523,0.000959,0.00323,0.000955,9.68e-05,4.13e-06,0.0019,0.0,0.0,0.0
0.8,0.5875,0.2235,0.22913,0.00524,0.00096,0.00324,0.000956,9.7e-05,4.13e-06,0.0019,0.0,0.0,0.0
0.8,0.58745,0.2236,0.22923,0.00524,0.000962,0.00324,0.000958,9.73e-05,4.14e-06,0.0019,0.0,0.0,0.0
0.8,0.58741,0.2237,0.22933,0.00525,0.000963,0.00325,0.000959,9.75e-05,4.14e-06,0.00191,0.0,0.0,0.0
0.8,0.58736,0.2238,0.22943,0.00526,0.000965,0.00325,0.000961,9.77e-05,4.15e-06,0.00191,0.0,0.0,0.0
0.8,0.58731,0.22391,0.22953,0.00526,0.000966,0.00326,0.000962,9.8e-05,4.15e-06,0.00191,0.0,0.0,0.0
0.8,0.58727,0.22401,0.22963,0.00527,0.000967,0.00326,0.000963,9.82e-05,4.16e-06,0.00191,0.0,0.0,0.0
0.8,0.58722,0.22411,0.22973,0.00528,0.000969,0.00326,0.000965,9.84e-05,4.16e-06,0.00191,0.0,0.0,0.0
0.8,0.58718,0.22421,0.22983,0.00528,0.00097,0.00327,0.000966,9.87e-05,4.17e-06,0.00192,0.0,0.0,0.0
0.8,0.58713,0.22431,0.22993,0.00529,0.000972,0.00327,0.000967,9.89e-05,4.17e-06,0.00192,0.0,0.0,0.0
0.8,0.58708,0.22441,0.23003,0.0053,0.000973,0.00328,0.000969,9.92e-05,4.18e-06,0.00192,0.0,0.0,0.0
0.8,0.58704,0.22451,0.23013,0.0053,0.000974,0.00328,0.00097,9.94e-05,4.18e-06,0.00192,0.0,0.0,0.0
0.8,0.58699,0.22461,0.23023,0.00531,0.000976,0.00328,0.000972,9.97e-05,4.19e-06,0.00193,0.0,0.0,0.0
0.8,0.58695,0.22471,0.23033,0.00532,0.000977,0.00329,0.000973,9.99e-05,4.19e-06,0.00193,0.0,0.0,0.0
0.8,0.5869,0.22481,0.23043,0.00532,0.000979,0.00329,0.000974,0.0001,4.2e-06,0.00193,0.0,0.0,0.0
0.8,0.58685,0.22491,0.23053,0.00533,0.00098,0.0033,0.000976,0.0001,4.2e-06,0.00193,0.0,0.0,0.0
0.8,0.58681,0.22501,0.23063,0.00534,0.000981,0.0033,0.000977,0.000101,4.21e-06,0.00194,0.0,0.0,0.0
0.8,0.58676,0.22511,0.23073,0.00534,0.000983,0.0033,0.000979,0.000101,4.22e-06,0.00194,0.0,0.0,0.0
0.8,0.58672,0.22521,0.23083,0.00535,0.000984,0.00331,0.00098,0.000101,4.22e-06,0.00194,0.0,0.0,0.0
0.8,0.58667,0.22531,0.23093,0.00536,0.000986,0.00331,0.000981,0.000101,4.23e-06,0.00194,0.0,0.0,0.0
0.8,0.58662,0.22541,0.23103,0.00536,0.000987,0.00332,0.000983,0.000102,4.23e-06,0.00195,0.0,0.0,0.0
0.8,0.58658,0.22551,0.23113,0.00537,0.000988,0.00332,0.000984,0.000102,4.24e-06,0.00195,0.0,0.0,0.0
0.8,0.58653,0.22561,0.23123,0.00538,0.00099,0.00333,0.000986,0.000102,4.25e-06,0.00195,0.0,0.0,0.0
0.8,0.58648,0.22571,0.23133,0.00538,0.000991,0.00333,0.000987,0.000102,4.25e-06,0.00195,0.0,0.0,0.0
0.8,0.58644,0.22581,0.23143,0.00539,0.000993,0.00333,0.000988,0.000103,4.26e-06,0.00195,0.0,0.0,0.0
0.8,0.58639,0.22591,0.23153,0.0054,0.000994,0.00334,0.00099,0.000103,4.27e-06,0.00196,0.0,0.0,0.0
0.8,0.58635,0.22601,0.23163,0.0054,0.000995,0.00334,0.000991,0.000103,4.27e-06,0.00196,0.0,0.0,0.0
0.8,0.5863,0.22611,0.23173,0.00541,0.000997,0.00335,0.000992,0.000103,4.28e-06,0.00196,0.0,0.0,0.0
0.8,0.58625,0.22622,0.23183,0.00542,0.000998,0.00335,0.000994,0.000104,4.28e-06,0.00196,0.0,0.0,0.0
0.8,0.58621,0.22632,0.23193,0.00542,0.001,0.00335,0.000995,0.000104,4.29e-06,0.00197,0.0,0.0,0.0
0.8,0.58616,0.22642,0.23203,0.00543,0.001,0.00336,0.000997,0.000104,4.3e-06,0.00197,0.0,0.0,0.0
0.8,0.58611,0.22652,0.23213,0.00544,0.001,0.00336,0.000998,0.000104,4.3e-06,0.00197,0.0,0.0,0.0
0.8,0.58607,0.22662,0.23223,0.00544,0.001,0.00337,0.000999,0.000105,4.31e-06,0.00197,0.0,0.0,0.0
0.8,0.58602,0.22672,0.23233,0.00545,0.00101,0.00337,0.001,0.000105,4.32e-06,0.00198,0.0,0.0,0.0
0.8,0.58597,0.22682,0.23243,0.00546,0.00101,0.00337,0.001,0.000105,4.32e-06,0.00198,0.0,0.0,0.0
0.8,0.58593,0.22692,0.23253,0.00546,0.00101,0.00338,0.001,0.000105,4.33e-06,0.00198,0.0,0.0,0.0
0.8,0.58588,0.22702,0.23263,0.00547,0.00101,0.00338,0.001,0.000106,4.34e-06,0.00198,0.0,0.0,0.0
0.8,0.58583,0.22712,0.23273,0.00548,0.00101,0.00339,0.00101,0.000106,4.34e-06,0.00198,0.0,0.0,0.0
0.8,0.58579,0.22722,0.23283,0.00548,0.00101,0.00339,0.00101,0.000106,4.35e-06,0.00199,0.0,0.0,0.0
0.8,0.58574,0.22732,0.23293,0.00549,0.00101,0.0034,0.00101,0.000106,4.36e-06,0.00199,0.0,0.0,0.0
0.8,0.58569,0.22742,0.23303,0.0055,0.00101,0.0034,0.00101,0.000107,4.36e-06,0.00199,0.0,0.0,0.0
0.8,0.58565,0.22752,0.23313,0.0055,0.00102,0.0034,0.00101,0.000107,4.37e-06,0.00199,0.0,0.0,0.0
0.8,0.5856,0.22762,0.23323,0.00551,0.00102,0.00341,0.00101,0.000107,4.38e-06,0.002,0.0,0.0,0.0
0.8,0.58555,0.22772,0.23333,0.00552,0.00102,0.00341,0.00101,0.000107,4.39e-06,0.002,0.0,0.0,0.0
0.8,0.58551,0.22782,0.23343,0.00552,0.00102,0.00342,0.00102,0.000108,4.39e-06,0.002,0.0,0.0,0.0
0.8,0.58546,0.22792,0.23353,0.00553,0.00102,0.00342,0.00102,0.000108,4.4e-06,0.002,0.0,0.0,0.0
0.8,0.58541,0.22802,0.23363,0.00554,0.00102,0.00342,0.00102,0.000108,4.41e-06,0.00201,0.0,0.0,0.0
0.8,0.58537,0.22812,0.23373,0.00554,0.00102,0.00343,0.00102,0.000108,4.41e-06,0.00201,0.0,0.0,0.0
0.8,0.58532,0.22822,0.23383,0.00555,0.00103,0.00343,0.00102,0.000109,4.42e-06,0.00201,0.0,0.0,0.0
0.8,0.58527,0.22832,0.23393,0.00556,0.00103,0.00344,0.00102,0.000109,4.43e-06,0.00201,0.0,0.0,0.0
0.8,0.58523,0.22842,0.23403,0.00556,0.00103,0.00344,0.00102,0.000109,4.43e-06,0.00201,0.0,0.0,0.0
0.8,0.58518,0.22853,0.23413,0.00557,0.00103,0.00344,0.00103,0.000109,4.44e-06,0.00202,0.0,0.0,0.0
0.8,0.58513,0.22863,0.23423,0.00558,0.00103,0.00345,0.00103,0.00011,4.45e-06,0.00202,0.0,0.0,0.0
0.8,0.58509,0.22873,0.23433,0.00558,0.00103,0.00345,0.00103,0.00011,4.46e-06,0.00202,0.0,0.0,0.0
0.8,0.58504,0.22883,0.23443,0.00559,0.00103,0.00346,0.00103,0.00011,4.46e-06,0.00202,0.0,0.0,0.0
0.8,0.58499,0.22893,0.23453,0.0056,0.00104,0.00346,0.00103,0.000111,4.47e-06,0.00203,0.0,0.0,0.0
0.8,0.58495,0.22903,0.23463,0.0056,0.00104,0.00346,0.00103,0.000111,4.48e-06,0.00203,0.0,0.0,0.0
0.8,0.5849,0.22913,0.23473,0.00561,0.00104,0.00347,0.00103,0.000111,4.49e-06,0.00203,0.0,0.0,0.0
0.8,0.58485,0.22923,0.23483,0.00562,0.00104,0.00347,0.00104,0.000111,4.49e-06,0.00203,0.0,0.0,0.0
0.8,0.58481,0.22933,0.23493,0.00562,0.00104,0.00348,0.00104,0.000112,4.5e-06,0.00204,0.0,0.0,0.0
0.8,0.58476,0.22943,0.23503,0.00564,0.00104,0.00348,0.00104,0.000116,5.16e-06,0.00204,0.0,0.0,0.0
0.8,0.58471,0.22953,0.23513,0.00564,0.00105,0.00349,0.00104,0.000116,5.16e-06,0.00204,0.0,0.0,0.0
0.8,0.58466,0.22963,0.23523,0.00565,0.00105,0.00349,0.00104,0.000116,5.17e-06,0.00204,0.0,0.0,0.0
0.8,0.58462,0.22973,0.23533,0.00566,0.00105,0.00349,0.00104,0.000117,5.17e-06,0.00205,0.0,0.0,0.0
0.8,0.58457,0.22983,0.23543,0.00566,0.00105,0.0035,0.00104,0.000117,5.18e-06,0.00205,0.0,0.0,0.0
0.8,0.58452,0.22993,0.23553,0.00567,0.00105,0.0035,0.00105,0.000117,5.18e-06,0.00205,0.0,0.0,0.0
0.8,0.58448,0.23003,0.23563,0.00568,0.00105,0.00351,0.00105,0.000117,5.19e-06,0.00205,0.0,0.0,0.0
0.8,0.58443,0.23013,0.23573,0.00568,0.00105,0.00351,0.00105,0.000118,5.19e-06,0.00205,0.0,0.0,0.0
0.8,0.58438,0.23023,0.23583,0.00569,0.00105,0.00351,0.00105,0.000118,5.2e-06,0.00206,0.0,0.0,0.0
0.8,0.58433,0.23033,0.23593,0.0057,0.00106,0.00352,0.00105,0.000118,5.2e-06,0.00206,0.0,0.0,0.0
0.8,0.58429,0.23043,0.23603,0.0057,0.00106,0.00352,0.00105,0.000119,5.21e-06,0.00206,0.0,0.0,0.0
0.8,0.58424,0.23053,0.23613,0.00571,0.00106,0.00353,0.00105,0.000119,5.22e-06,0.00206,0.0,0.0,0.0
0.8,0.58419,0.23063,0.23623,0.00572,0.00106,0.00353,0.00106,0.000119,5.22e-06,0.00207,0.0,0.0,0.0
0.8,0.58415,0.23074,0.23633,0.00572,0.00106,0.00353,0.00106,0.000119,5.23e-06,0.00207,0.0,0.0,0.0
0.8,0.5841,0.23084,0.23643,0.00573,0.00106,0.00354,0.00106,0.00012,5.23e-06,0.00207,0.0,0.0,0.0
0.8,0.58405,0.23094,0.23653,0.00574,0.00106,0.00354,0.00106,0.00012,5.24e-06,0.00207,0.0,0.0,0.0
0.8,0.584,0.23104,0.23663,0.00574,0.00107,0.00355,0.00106,0.00012,5.25e-06,0.00208,0.0,0.0,0.0
0.8,0.58396,0.23114,0.23673,0.00575,0.00107,0.00355,0.00106,0.000121,5.25e-06,0.00208,0.0,0.0,0.0
0.8,0.58391,0.23124,0.23683,0.00576,0.00107,0.00355,0.00106,0.000121,5.26e-06,0.00208,0.0,0.0,0.0
0.8,0.58386,0.23134,0.23693,0.00576,0.00107,0.00356,0.00106,0.000121,5.27e-06,0.00208,0.0,0.0,0.0
0.8,0.58381,0.23144,0.23703,0.00577,0.00107,0.00356,0.00107,0.000121,5.27e-06,0.00208,0.0,0.0,0.0
0.8,0.58377,0.23154,0.23713,0.00578,0.00107,0.00357,0.00107,0.000122,5.28e-06,0.00209,0.0,0.0,0.0
0.8,0.58372,0.23164,0.23723,0.00578,0.00107,0.00357,0.00107,0.000122,5.29e-06,0.00209,0.0,0.0,0.0
0.8,0.58367,0.23174,0.23733,0.00579,0.00108,0.00357,0.00107,0.000122,5.3e-06,0.00209,0.0,0.0,0.0
0.8,0.58362,0.23184,0.23743,0.0058,0.00108,0.00358,0.00107,0.000123,5.3e-06,0.00209,0.0,0.0,0.0
0.8,0.58358,0.23194,0.23753,0.0058,0.00108,0.00358,0.00107,0.000123,5.31e-06,0.0021,0.0,0.0,0.0
0.8,0.58353,0.23204,0.23763,0.00581,0.00108,0.00359,0.00107,0.000123,5.32e-06,0.0021,0.0,0.0,0.0
0.8,0.58348,0.23214,0.23773,0.00582,0.00108,0.00359,0.00108,0.000123,5.32e-06,0.0021,0.0,0.0,0.0
0.8,0.58343,0.23224,0.23783,0.00582,0.00108,0.00359,0.00108,0.000124,5.33e-06,0.0021,0.0,0.0,0.0
0.8,0.58339,0.23234,0.23793,0.00583,0.00108,0.0036,0.00108,0.000124,5.34e-06,0.00211,0.0,0.0,0.0
0.8,0.58334,0.23244,0.23803,0.00584,0.00109,0.0036,0.00108,0.000124,5.35e-06,0.00211,0.0,0.0,0.0
0.8,0.58329,0.23254,0.23813,0.00584,0.00109,0.00361,0.00108,0.000125,5.35e-06,0.00211,0.0,0.0,0.0
0.8,0.58324,0.23264,0.23823,0.00585,0.00109,0.00361,0.00108,0.000125,5.36e-06,0.00211,0.0,0.0,0.0
0.8,0.5832,0.23274,0.23833,0.00586,0.00109,0.00361,0.00108,0.000125,5.37e-06,0.00212,0.0,0.0,0.0
0.8,0.58315,0.23284,0.23843,0.00586,0.00109,0.00362,0.00109,0.000126,5.38e-06,0.00212,0.0,0.0,0.0
0.8,0.5831,0.23295,0.23853,0.00587,0.00109,0.00362,0.00109,0.000126,5.39e-06,0.00212,0.0,0.0,0.0
0.8,0.58305,0.23305,0.23863,0.00588,0.00109,0.00363,0.00109,0.000126,5.39e-06,0.00212,0.0,0.0,0.0
0.8,0.58301,0.23315,0.23873,0.00588,0.0011,0.00363,0.00109,0.000126,5.4e-06,0.00212,0.0,0.0,0.0
0.8,0.58296,0.23325,0.23883,0.00589,0.0011,0.00363,0.00109,0.000127,5.41e-06,0.00213,0.0,0.0,0.0
0.8,0.58291,0.23335,0.23893,0.0059,0.0011,0.00364,0.00109,0.000127,5.42e-06,0.00213,0.0,0.0,0.0
0.8,0.58286,0.23345,0.23903,0.0059,0.0011,0.00364,0.00109,0.000127,5.43e-06,0.00213,0.0,0.0,0.0
0.8,0.58281,0.23355,0.23913,0.00591,0.0011,0.00365,0.0011,0.000128,5.44e-06,0.00213,0.0,0.0,0.0
0.8,0.58277,0.23365,0.23923,0.00592,0.0011,0.00365,0.0011,0.000128,5.44e-06,0.00214,0.0,0.0,0.0
0.8,0.58272,0.23375,0.23933,0.00592,0.0011,0.00366,0.0011,0.000128,5.45e-06,0.00214,0.0,0.0,0.0
0.8,0.58267,0.23385,0.23943,0.00593,0.00111,0.00366,0.0011,0.000129,5.46e-06,0.00214,0.0,0.0,0.0
0.8,0.58262,0.23395,0.23953,0.00594,0.00111,0.00366,0.0011,0.000129,5.47e-06,0.00214,0.0,0.0,0.0
0.8,0.58258,0.23405,0.23963,0.00594,0.00111,0.00367,0.0011,0.000129,5.48e-06,0.00215,0.0,0.0,0.0
0.8,0.58253,0.23415,0.23973,0.00595,0.00111,0.00367,0.0011,0.000129,5.49e-06,0.00215,0.0,0.0,0.0
0.8,0.58248,0.23425,0.23983,0.00596,0.00111,0.00368,0.00111,0.00013,5.49e-06,0.00215,0.0,0.0,0.0
0.8,0.58243,0.23435,0.23993,0.00596,0.00111,0.00368,0.00111,0.00013,5.5e-06,0.00215,0.0,0.0,0.0
0.8,0.58238,0.23445,0.24003,0.00597,0.00111,0.00368,0.00111,0.00013,5.51e-06,0.00216,0.0,0.0,0.0
0.8,0.58234,0.23455,0.24013,0.00598,0.00112,0.00369,0.00111,0.000131,5.52e-06,0.00216,0.0,0.0,0.0
0.8,0.58229,0.23465,0.24023,0.00598,0.00112,0.00369,0.00111,0.000131,5.53e-06,0.00216,0.0,0.0,0.0
0.8,0.58224,0.23475,0.24033,0.00599,0.00112,0.0037,0.00111,0.000131,5.54e-06,0.00216,0.0,0.0,0.0
0.8,0.58219,0.23485,0.24043,0.006,0.00112,0.0037,0.00111,0.000132,5.55e-06,0.00216,0.0,0.0,0.0
0.8,0.58214,0.23495,0.24053,0.006,0.00112,0.0037,0.00112,0.000132,5.55e-06,0.00217,0.0,0.0,0.0
0.8,0.5821,0.23506,0.24063,0.00601,0.00112,0.00371,0.00112,0.000132,5.56e-06,0.00217,0.0,0.0,0.0
0.8,0.58205,0.23516,0.24073,0.00602,0.00112,0.00371,0.00112,0.000133,5.57e-06,0.00217,0.0,0.0,0.0
0.8,0.582,0.23526,0.24083,0.00602,0.00113,0.00371,0.00112,0.000133,5.58e-06,0.00217,0.0,0.0,0.0
0.8,0.58195,0.23536,0.24093,0.00603,0.00113,0.00372,0.00112,0.000133,5.59e-06,0.00218,0.0,0.0,0.0
0.8,0.5819,0.23546,0.24103,0.00604,0.00113,0.00372,0.00112,0.000133,5.6e-06,0.00218,0.0,0.0,0.0
0.8,0.58185,0.23556,0.24113,0.00604,0.00113,0.00373,0.00112,0.000134,5.61e-06,0.00218,0.0,0.0,0.0
0.8,0.58181,0.23566,0.24123,0.00605,0.00113,0.00373,0.00113,0.000134,5.62e-06,0.00218,0.0,0.0,0.0
0.8,0.58176,0.23576,0.24133,0.00605,0.00113,0.00373,0.00113,0.000134,5.63e-06,0.00219,0.0,0.0,0.0
0.8,0.58171,0.23586,0.24143,0.00606,0.00113,0.00374,0.00113,0.000135,5.64e-06,0.00219,0.0,0.0,0.0
0.8,0.58166,0.23596,0.24153,0.00607,0.00113,0.00374,0.00113,0.000135,5.64e-06,0.00219,0.0,0.0,0.0
0.8,0.58161,0.23606,0.24163,0.00607,0.00114,0.00375,0.00113,0.000135,5.65e-06,0.00219,0.0,0.0,0.0
0.8,0.58156,0.23616,0.24173,0.00609,0.00114,0.00375,0.00113,0.00014,6.46e-06,0.0022,0.0,0.0,0.0
0.8,0.58152,0.23626,0.24183,0.00609,0.00114,0.00375,0.00113,0.00014,6.46e-06,0.0022,0.0,0.0,0.0
0.8,0.58147,0.23636,0.24193,0.0061,0.00114,0.00376,0.00113,0.000141,6.47e-06,0.0022,0.0,0.0,0.0
0.8,0.58142,0.23646,0.24203,0.00611,0.00114,0.00376,0.00114,0.000141,6.47e-06,0.0022,0.0,0.0,0.0
0.8,0.58137,0.23656,0.24213,0.00611,0.00114,0.00377,0.00114,0.000141,6.48e-06,0.0022,0.0,0.0,0.0
0.8,0.58132,0.23666,0.24223,0.00612,0.00115,0.00377,0.00114,0.000142,6.48e-06,0.00221,0.0,0.0,0.0
0.8,0.58127,0.23676,0.24233,0.00613,0.00115,0.00377,0.00114,0.000142,6.49e-06,0.00221,0.0,0.0,0.0
0.8,0.58123,0.23686,0.24243,0.00613,0.00115,0.00378,0.00114,0.000142,6.49e-06,0.00221,0.0,0.0,0.0
0.8,0.58118,0.23696,0.24253,0.00614,0.00115,0.00378,0.00114,0.000143,6.5e-06,0.00221,0.0,0.0,0.0
0.8,0.58113,0.23706,0.24263,0.00615,0.00115,0.00379,0.00114,0.000143,6.51e-06,0.00222,0.0,0.0,0.0
0.8,0.58108,0.23716,0.24273,0.00615,0.00115,0.00379,0.00115,0.000143,6.51e-06,0.00222,0.0,0.0,0.0
0.8,0.58103,0.23727,0.24283,0.00616,0.00115,0.00379,0.00115,0.000144,6.52e-06,0.00222,0.0,0.0,0.0
0.8,0.58098,0.23737,0.24293,0.00617,0.00116,0.0038,0.00115,0.000144,6.53e-06,0.00222,0.0,0.0,0.0
0.8,0.58093,0.23747,0.24303,0.00617,0.00116,0.0038,0.00115,0.000144,6.54e-06,0.00223,0.0,0.0,0.0
0.8,0.58089,0.23757,0.24313,0.00618,0.00116,0.00381,0.00115,0.000145,6.54e-06,0.00223,0.0,0.0,0.0
0.8,0.58084,0.23767,0.24323,0.00619,0.00116,0.00381,0.00115,0.000145,6.55e-06,0.00223,0.0,0.0,0.0
0.8,0.58079,0.23777,0.24333,0.00619,0.00116,0.00381,0.00115,0.000145,6.56e-06,0.00223,0.0,0.0,0.0
0.8,0.58074,0.23787,0.24343,0.0062,0.00116,0.00382,0.00116,0.000146,6.57e-06,0.00224,0.0,0.0,0.0
0.8,0.58069,0.23797,0.24353,0.00621,0.00116,0.00382,0.00116,0.000146,6.58e-06,0.00224,0.0,0.0,0.0
0.8,0.58064,0.23807,0.24363,0.00621,0.00117,0.00383,0.00116,0.000146,6.59e-06,0.00224,0.0,0.0,0.0
0.8,0.58059,0.23817,0.24373,0.00622,0.00117,0.00383,0.00116,0.000147,6.59e-06,0.00224,0.0,0.0,0.0
0.8,0.58054,0.23827,0.24383,0.00623,0.00117,0.00383,0.00116,0.000147,6.6e-06,0.00224,0.0,0.0,0.0
0.8,0.5805,0.23837,0.24393,0.00623,0.00117,0.00384,0.00116,0.000147,6.61e-06,0.00225,0.0,0.0,0.0
0.8,0.58045,0.23847,0.24403,0.00624,0.00117,0.00384,0.00116,0.000148,6.62e-06,0.00225,0.0,0.0,0.0
0.8,0.5804,0.23857,0.24413,0.00624,0.00117,0.00385,0.00117,0.000148,6.63e-06,0.00225,0.0,0.0,0.0
0.8,0.58035,0.23867,0.24423,0.00625,0.00117,0.00385,0.00117,0.000148,6.64e-06,0.00225,0.0,0.0,0.0
0.8,0.5803,0.23877,0.24433,0.00626,0.00117,0.00385,0.00117,0.000149,6.65e-06,0.00226,0.0,0.0,0.0
0.8,0.58025,0.23887,0.24443,0.00626,0.00118,0.00386,0.00117,0.000149,6.66e-06,0.00226,0.0,0.0,0.0
0.8,0.5802,0.23897,0.24453,0.00627,0.00118,0.00386,0.00117,0.00015,6.67e-06,0.00226,0.0,0.0,0.0
0.8,0.58015,0.23907,0.24463,0.00628,0.00118,0.00386,0.00117,0.00015,6.67e-06,0.00226,0.0,0.0,0.0
0.8,0.58011,0.23917,0.24473,0.00628,0.00118,0.00387,0.00117,0.00015,6.68e-06,0.00227,0.0,0.0,0.0
0.8,0.58006,0.23927,0.24483,0.00629,0.00118,0.00387,0.00118,0.000151,6.69e-06,0.00227,0.0,0.0,0.0
0.8,0.58001,0.23938,0.24493,0.0063,0.00118,0.00388,0.00118,0.000151,6.7e-06,0.00227,0.0,0.0,0.0
0.8,0.57996,0.23948,0.24503,0.0063,0.00118,0.00388,0.00118,0.000151,6.71e-06,0.00227,0.0,0.0,0.0
0.8,0.57991,0.23958,0.24513,0.00631,0.00119,0.00388,0.00118,0.000152,6.72e-06,0.00228,0.0,0.0,0.0
0.8,0.57986,0.23968,0.24523,0.00632,0.00119,0.00389,0.00118,0.000152,6.73e-06,0.00228,0.0,0.0,0.0
0.8,0.57981,0.23978,0.24533,0.00632,0.00119,0.00389,0.00118,0.000152,6.74e-06,0.00228,0.0,0.0,0.0
0.8,0.57976,0.23988,0.24543,0.00633,0.00119,0.0039,0.00118,0.000153,6.75e-06,0.00228,0.0,0.0,0.0
0.8,0.57971,0.23998,0.24553,0.00634,0.00119,0.0039,0.00119,0.000153,6.76e-06,0.00228,0.0,0.0,0.0
0.8,0.57966,0.24008,0.24563,0.00634,0.00119,0.0039,0.00119,0.000153,6.77e-06,0.00229,0.0,0.0,0.0
0.8,0.57961,0.24018,0.24573,0.00635,0.00119,0.00391,0.00119,0.000154,6.78e-06,0.00229,0.0,0.0,0.0
0.8,0.57957,0.24028,0.24583,0.00636,0.0012,0.00391,0.00119,0.000154,6.79e-06,0.00229,0.0,0.0,0.0
0.8,0.57952,0.24038,0.24593,0.00636,0.0012,0.00392,0.00119,0.000154,6.8e-06,0.00229,0.0,0.0,0.0
0.8,0.57947,0.24048,0.24603,0.00637,0.0012,0.00392,0.00119,0.000155,6.81e-06,0.0023,0.0,0.0,0.0
0.8,0.57942,0.24058,0.24613,0.00638,0.0012,0.00392,0.00119,0.000155,6.82e-06,0.0023,0.0,0.0,0.0
0.8,0.57937,0.24068,0.24623,0.00638,0.0012,0.00393,0.00119,0.000155,6.83e-06,0.0023,0.0,0.0,0.0
0.8,0.57932,0.24078,0.24633,0.00639,0.0012,0.00393,0.0012,0.000156,6.84e-06,0.0023,0.0,0.0,0.0
0.8,0.57927,0.24088,0.24643,0.0064,0.0012,0.00393,0.0012,0.000156,6.85e-06,0.00231,0.0,0.0,0.0
0.8,0.57922,0.24098,0.24653,0.0064,0.00121,0.00394,0.0012,0.000157,6.86e-06,0.00231,0.0,0.0,0.0
0.8,0.57917,0.24108,0.24663,0.00641,0.00121,0.00394,0.0012,0.000157,6.87e-06,0.00231,0.0,0.0,0.0
0.8,0.57912,0.24118,0.24673,0.00642,0.00121,0.00395,0.0012,0.000157,6.89e-06,0.00231,0.0,0.0,0.0
0.8,0.57907,0.24128,0.24683,0.00642,0.00121,0.00395,0.0012,0.000158,6.9e-06,0.00231,0.0,0.0,0.0
0.8,0.57902,0.24138,0.24693,0.00643,0.00121,0.00395,0.0012,0.000158,6.91e-06,0.00232,0.0,0.0,0.0
0.8,0.57897,0.24148,0.24703,0.00644,0.00121,0.00396,0.00121,0.000158,6.92e-06,0.00232,0.0,0.0,0.0
0.8,0.57892,0.24159,0.24713,0.00644,0.00121,0.00396,0.00121,0.000159,6.93e-06,0.00232,0.0,0.0,0.0
0.8,0.57888,0.24169,0.24723,0.00645,0.00122,0.00397,0.00121,0.000159,6.94e-06,0.00232,0.0,0.0,0.0
0.8,0.57883,0.24179,0.24733,0.00646,0.00122,0.00397,0.00121,0.000159,6.95e-06,0.00233,0.0,0.0,0.0
0.8,0.57878,0.24189,0.24743,0.00646,0.00122,0.00397,0.00121,0.00016,6.96e-06,0.00233,0.0,0.0,0.0
0.8,0.57873,0.24199,0.24753,0.00647,0.00122,0.00398,0.00121,0.00016,6.97e-06,0.00233,0.0,0.0,0.0
0.8,0.57868,0.24209,0.24763,0.00648,0.00122,0.00398,0.00121,0.000161,6.98e-06,0.00233,0.0,0.0,0.0
0.8,0.57863,0.24219,0.24773,0.00648,0.00122,0.00398,0.00122,0.000161,6.99e-06,0.00234,0.0,0.0,0.0
0.8,0.57858,0.24229,0.24783,0.00649,0.00122,0.00399,0.00122,0.000161,7.01e-06,0.00234,0.0,0.0,0.0
0.8,0.57853,0.24239,0.24793,0.00649,0.00123,0.00399,0.00122,0.000162,7.02e-06,0.00234,0.0,0.0,0.0
0.8,0.57848,0.24249,0.24803,0.0065,0.00123,0.004,0.00122,0.000162,7.03e-06,0.00234,0.0,0.0,0.0
0.8,0.57843,0.24259,0.24813,0.00651,0.00123,0.004,0.00122,0.000162,7.04e-06,0.00235,0.0,0.0,0.0
0.8,0.57838,0.24269,0.24823,0.00651,0.00123,0.004,0.00122,0.000163,7.05e-06,0.00235,0.0,0.0,0.0
0.8,0.57833,0.24279,0.24833,0.00652,0.00123,0.00401,0.00122,0.000163,7.06e-06,0.00235,0.0,0.0,0.0
0.8,0.57828,0.24289,0.24843,0.00653,0.00123,0.00401,0.00123,0.000168,8.03e-06,0.00235,0.0,0.0,0.0
0.8,0.57823,0.24299,0.24853,0.00654,0.00123,0.00402,0.00123,0.000169,8.03e-06,0.00235,0.0,0.0,0.0
0.8,0.57818,0.24309,0.24863,0.00655,0.00124,0.00402,0.00123,0.000169,8.04e-06,0.00236,0.0,0.0,0.0
0.8,0.57813,0.24319,0.24873,0.00655,0.00124,0.00402,0.00123,0.00017,8.05e-06,0.00236,0.0,0.0,0.0
0.8,0.57808,0.24329,0.24883,0.00656,0.00124,0.00403,0.00123,0.00017,8.05e-06,0.00236,0.0,0.0,0.0
0.8,0.57803,0.24339,0.24893,0.00657,0.00124,0.00403,0.00123,0.00017,8.06e-06,0.00236,0.0,0.0,0.0
0.8,0.57798,0.24349,0.24903,0.00657,0.00124,0.00403,0.00123,0.000171,8.07e-06,0.00237,0.0,0.0,0.0
0.8,0.57793,0.24359,0.24913,0.00658,0.00124,0.00404,0.00123,0.000171,8.08e-06,0.00237,0.0,0.0,0.0
0.8,0.57788,0.2437,0.24923,0.00658,0.00124,0.00404,0.00124,0.000172,8.08e-06,0.00237,0.0,0.0,0.0
0.8,0.57783,0.2438,0.24933,0.00659,0.00125,0.00405,0.00124,0.000172,8.09e-06,0.00237,0.0,0.0,0.0
0.8,0.57778,0.2439,0.24943,0.0066,0.00125,0.00405,0.00124,0.000172,8.1e-06,0.00238,0.0,0.0,0.0
0.8,0.57773,0.244,0.24953,0.0066,0.00125,0.00405,0.00124,0.000173,8.11e-06,0.00238,0.0,0.0,0.0
0.8,0.57768,0.2441,0.24963,0.00661,0.00125,0.00406,0.00124,0.000173,8.12e-06,0.00238,0.0,0.0,0.0
0.8,0.57763,0.2442,0.24973,0.00662,0.00125,0.00406,0.00124,0.000173,8.13e-06,0.00238,0.0,0.0,0.0
0.8,0.57758,0.2443,0.24983,0.00662,0.00125,0.00406,0.00124,0.000174,8.14e-06,0.00239,0.0,0.0,0.0
0.8,0.57753,0.2444,0.24993,0.00663,0.00125,0.00407,0.00125,0.000174,8.15e-06,0.00239,0.0,0.0,0.0
0.8,0.57748,0.2445,0.25003,0.00664,0.00126,0.00407,0.00125,0.000175,8.16e-06,0.00239,0.0,0.0,0.0
0.8,0.57743,0.2446,0.25013,0.00664,0.00126,0.00408,0.00125,0.000175,8.17e-06,0.00239,0.0,0.0,0.0
0.8,0.57738,0.2447,0.25023,0.00665,0.00126,0.00408,0.00125,0.000175,8.18e-06,0.00239,0.0,0.0,0.0
0.8,0.57733,0.2448,0.25033,0.00666,0.00126,0.00408,0.00125,0.000176,8.19e-06,0.0024,0.0,0.0,0.0
0.8,0.57728,0.2449,0.25043,0.00666,0.00126,0.00409,0.00125,0.000176,8.2e-06,0.0024,0.0,0.0,0.0
0.8,0.57723,0.245,0.25053,0.00667,0.00126,0.00409,0.00125,0.000177,8.21e-06,0.0024,0.0,0.0,0.0
0.8,0.57718,0.2451,0.25063,0.00668,0.00126,0.00409,0.00126,0.000177,8.22e-06,0.0024,0.0,0.0,0.0
0.8,0.57713,0.2452,0.25073,0.00668,0.00127,0.0041,0.00126,0.000177,8.23e-06,0.00241,0.0,0.0,0.0
0.8,0.57708,0.2453,0.25083,0.00669,0.00127,0.0041,0.00126,0.000178,8.24e-06,0.00241,0.0,0.0,0.0
0.8,0.57703,0.2454,0.25093,0.0067,0.00127,0.00411,0.00126,0.000178,8.25e-06,0.00241,0.0,0.0,0.0
0.8,0.57698,0.2455,0.25103,0.0067,0.00127,0.00411,0.00126,0.000179,8.26e-06,0.00241,0.0,0.0,0.0
0.8,0.57693,0.2456,0.25113,0.00671,0.00127,0.00411,0.00126,0.000179,8.27e-06,0.00242,0.0,0.0,0.0
0.8,0.57688,0.24571,0.25123,0.00671,0.00127,0.00412,0.00126,0.000179,8.28e-06,0.00242,0.0,0.0,0.0
0.8,0.57683,0.24581,0.25133,0.00672,0.00127,0.00412,0.00127,0.00018,8.3e-06,0.00242,0.0,0.0,0.0
0.8,0.57678,0.24591,0.25143,0.00673,0.00127,0.00412,0.00127,0.00018,8.31e-06,0.00242,0.0,0.0,0.0
0.8,0.57673,0.24601,0.25153,0.00673,0.00128,0.00413,0.00127,0.000181,8.32e-06,0.00242,0.0,0.0,0.0
0.8,0.57668,0.24611,0.25163,0.00674,0.00128,0.00413,0.00127,0.000181,8.33e-06,0.00243,0.0,0.0,0.0
0.8,0.57663,0.24621,0.25173,0.00675,0.00128,0.00414,0.00127,0.000182,8.34e-06,0.00243,0.0,0.0,0.0
0.8,0.57658,0.24631,0.25183,0.00675,0.00128,0.00414,0.00127,0.000182,8.35e-06,0.00243,0.0,0.0,0.0
0.8,0.57653,0.24641,0.25193,0.00676,0.00128,0.00414,0.00127,0.000182,8.37e-06,0.00243,0.0,0.0,0.0
0.8,0.57648,0.24651,0.25203,0.00677,0.00128,0.00415,0.00127,0.000183,8.38e-06,0.00244,0.0,0.0,0.0
0.8,0.57643,0.24661,0.25213,0.00677,0.00128,0.00415,0.00128,0.000183,8.39e-06,0.00244,0.0,0.0,0.0
0.8,0.57638,0.24671,0.25223,0.00678,0.00129,0.00415,0.00128,0.000184,8.4e-06,0.00244,0.0,0.0,0.0
0.8,0.57633,0.24681,0.25233,0.00679,0.00129,0.00416,0.00128,0.000184,8.42e-06,0.00244,0.0,0.0,0.0
0.8,0.57628,0.24691,0.25243,0.00679,0.00129,0.00416,0.00128,0.000184,8.43e-06,0.00245,0.0,0.0,0.0
0.8,0.57623,0.24701,0.25253,0.0068,0.00129,0.00417,0.00128,0.000185,8.44e-06,0.00245,0.0,0.0,0.0
0.8,0.57618,0.24711,0.25263,0.00681,0.00129,0.00417,0.00128,0.000185,8.45e-06,0.00245,0.0,0.0,0.0
0.8,0.57613,0.24721,0.25273,0.00681,0.00129,0.00417,0.00128,0.000186,8.46e-06,0.00245,0.0,0.0,0.0
0.8,0.57607,0.24731,0.25283,0.00682,0.00129,0.00418,0.00129,0.000186,8.48e-06,0.00246,0.0,0.0,0.0
0.8,0.57602,0.24741,0.25293,0.00682,0.0013,0.00418,0.00129,0.000186,8.49e-06,0.00246,0.0,0.0,0.0
0.8,0.57597,0.24751,0.25303,0.00683,0.0013,0.00418,0.00129,0.000187,8.5e-06,0.00246,0.0,0.0,0.0
0.8,0.57592,0.24761,0.25313,0.00684,0.0013,0.00419,0.00129,0.000187,8.52e-06,0.00246,0.0,0.0,0.0
0.8,0.57587,0.24771,0.25323,0.00684,0.0013,0.00419,0.00129,0.000188,8.53e-06,0.00246,0.0,0.0,0.0
0.8,0.57582,0.24782,0.25333,0.00685,0.0013,0.0042,0.00129,0.000188,8.54e-06,0.00247,0.0,0.0,0.0
0.8,0.57577,0.24792,0.25343,0.00686,0.0013,0.0042,0.00129,0.000189,8.55e-06,0.00247,0.0,0.0,0.0
0.8,0.57572,0.24802,0.25353,0.00686,0.0013,0.0042,0.0013,0.000189,8.57e-06,0.00247,0.0,0.0,0.0
0.8,0.57567,0.24812,0.25363,0.00687,0.00131,0.00421,0.0013,0.000189,8.58e-06,0.00247,0.0,0.0,0.0
0.8,0.57562,0.24822,0.25373,0.00688,0.00131,0.00421,0.0013,0.00019,8.59e-06,0.00248,0.0,0.0,0.0
0.8,0.57557,0.24832,0.25383,0.00688,0.00131,0.00421,0.0013,0.00019,8.61e-06,0.00248,0.0,0.0,0.0
0.8,0.57552,0.24842,0.25393,0.00689,0.00131,0.00422,0.0013,0.000191,8.62e-06,0.00248,0.0,0.0,0.0
0.8,0.57547,0.24852,0.25403,0.0069,0.00131,0.00422,0.0013,0.000191,8.63e-06,0.00248,0.0,0.0,0.0
0.8,0.57542,0.24862,0.25413,0.0069,0.00131,0.00422,0.0013,0.000192,8.65e-06,0.00249,0.0,0.0,0.0
0.8,0.57536,0.24872,0.25423,0.00691,0.00131,0.00423,0.00131,0.000192,8.66e-06,0.00249,0.0,0.0,0.0
0.8,0.57531,0.24882,0.25433,0.00691,0.00132,0.00423,0.00131,0.000192,8.67e-06,0.00249,0.0,0.0,0.0
0.8,0.57526,0.24892,0.25443,0.00692,0.00132,0.00424,0.00131,0.000193,8.69e-06,0.00249,0.0,0.0,0.0
0.8,0.57521,0.24902,0.25453,0.00693,0.00132,0.00424,0.00131,0.000193,8.7e-06,0.00249,0.0,0.0,0.0
0.8,0.57516,0.24912,0.25463,0.00693,0.00132,0.00424,0.00131,0.000194,8.71e-06,0.0025,0.0,0.0,0.0
0.8,0.57511,0.24922,0.25473,0.00694,0.00132,0.00425,0.00131,0.000194,8.73e-06,0.0025,0.0,0.0,0.0
0.8,0.57506,0.24932,0.25483,0.00695,0.00132,0.00425,0.00131,0.000195,8.74e-06,0.0025,0.0,0.0,0.0
0.8,0.57501,0.24942,0.25493,0.00695,0.00132,0.00425,0.00131,0.000195,8.76e-06,0.0025,0.0,0.0,0.0
0.8,0.57496,0.24952,0.25503,0.00696,0.00132,0.00426,0.00132,0.000195,8.77e-06,0.00251,0.0,0.0,0.0
0.8,0.57491,0.24962,0.25513,0.00697,0.00133,0.00426,0.00132,0.000201,9.93e-06,0.00251,0.0,0.0,0.0
0.8,0.57486,0.24972,0.25523,0.00698,0.00133,0.00427,0.00132,0.000202,9.94e-06,0.00251,0.0,0.0,0.0
0.8,0.5748,0.24982,0.25533,0.00698,0.00133,0.00427,0.00132,0.000202,9.94e-06,0.00251,0.0,0.0,0.0
0.8,0.57475,0.24993,0.25543,0.00699,0.00133,0.00427,0.00132,0.000203,9.95e-06,0.00252,0.0,0.0,0.0
0.8,0.5747,0.25003,0.25553,0.007,0.00133,0.00428,0.00132,0.000203,9.96e-06,0.00252,0.0,0.0,0.0
0.8,0.57465,0.25013,0.25563,0.007,0.00133,0.00428,0.00132,0.000204,9.97e-06,0.00252,0.0,0.0,0.0
0.8,0.5746,0.25023,0.25573,0.00701,0.00134,0.00428,0.00133,0.000204,9.98e-06,0.00252,0.0,0.0,0.0
0.8,0.57455,0.25033,0.25583,0.00702,0.00134,0.00429,0.00133,0.000204,9.99e-06,0.00252,0.0,0.0,0.0
0.8,0.5745,0.25043,0.25593,0.00702,0.00134,0.00429,0.00133,0.000205,1e-05,0.00253,0.0,0.0,0.0
0.8,0.57445,0.25053,0.25603,0.00703,0.00134,0.00429,0.00133,0.000205,1e-05,0.00253,0.0,0.0,0.0
0.8,0.5744,0.25063,0.25613,0.00703,0.00134,0.0043,0.00133,0.000206,1e-05,0.00253,0.0,0.0,0.0
0.8,0.57434,0.25073,0.25623,0.00704,0.00134,0.0043,0.00133,0.000206,1e-05,0.00253,0.0,0.0,0.0
0.8,0.57429,0.25083,0.25633,0.00705,0.00134,0.0043,0.00133,0.000207,1e-05,0.00254,0.0,0.0,0.0
0.8,0.57424,0.25093,0.25643,0.00705,0.00135,0.00431,0.00134,0.000207,1.01e-05,0.00254,0.0,0.0,0.0
0.8,0.57419,0.25103,0.25653,0.00706,0.00135,0.00431,0.00134,0.000208,1.01e-05,0.00254,0.0,0.0,0.0
0.8,0.57414,0.25113,0.25663,0.00707,0.00135,0.00432,0.00134,0.000208,1.01e-05,0.00254,0.0,0.0,0.0
0.8,0.57409,0.25123,0.25673,0.00707,0.00135,0.00432,0.00134,0.000209,1.01e-05,0.00254,0.0,0.0,0.0
0.8,0.57404,0.25133,0.25683,0.00708,0.00135,0.00432,0.00134,0.000209,1.01e-05,0.00255,0.0,0.0,0.0
0.8,0.57398,0.25143,0.25693,0.00709,0.00135,0.00433,0.00134,0.000209,1.01e-05,0.00255,0.0,0.0,0.0
0.8,0.57393,0.25153,0.25703,0.00709,0.00135,0.00433,0.00134,0.00021,1.01e-05,0.00255,0.0,0.0,0.0
0.8,0.57388,0.25163,0.25713,0.0071,0.00135,0.00433,0.00134,0.00021,1.01e-05,0.00255,0.0,0.0,0.0
0.8,0.57383,0.25173,0.25723,0.0071,0.00136,0.00434,0.00135,0.000211,1.01e-05,0.00256,0.0,0.0,0.0
0.8,0.57378,0.25183,0.25733,0.00711,0.00136,0.00434,0.00135,0.000211,1.02e-05,0.00256,0.0,0.0,0.0
0.8,0.57373,0.25194,0.25743,0.00712,0.00136,0.00434,0.00135,0.000212,1.02e-05,0.00256,0.0,0.0,0.0
0.8,0.57368,0.25204,0.25753,0.00712,0.00136,0.00435,0.00135,0.000212,1.02e-05,0.00256,0.0,0.0,0.0
0.8,0.57362,0.25214,0.25763,0.00713,0.00136,0.00435,0.00135,0.000213,1.02e-05,0.00257,0.0,0.0,0.0
0.8,0.57357,0.25224,0.25773,0.00714,0.00136,0.00435,0.00135,0.000213,1.02e-05,0.00257,0.0,0.0,0.0
0.8,0.57352,0.25234,0.25783,0.00714,0.00136,0.00436,0.00135,0.000214,1.02e-05,0.00257,0.0,0.0,0.0
0.8,0.57347,0.25244,0.25793,0.00715,0.00137,0.00436,0.00136,0.000214,1.02e-05,0.00257,0.0,0.0,0.0
0.8,0.57342,0.25254,0.25803,0.00715,0.00137,0.00437,0.00136,0.000215,1.03e-05,0.00257,0.0,0.0,0.0
0.8,0.57337,0.25264,0.25813,0.00716,0.00137,0.00437,0.00136,0.000215,1.03e-05,0.00258,0.0,0.0,0.0
0.8,0.57331,0.25274,0.25823,0.00717,0.00137,0.00437,0.00136,0.000216,1.03e-05,0.00258,0.0,0.0,0.0
0.8,0.57326,0.25284,0.25833,0.00717,0.00137,0.00438,0.00136,0.000216,1.03e-05,0.00258,0.0,0.0,0.0
0.8,0.57321,0.25294,0.25843,0.00718,0.00137,0.00438,0.00136,0.000217,1.03e-05,0.00258,0.0,0.0,0.0
0.8,0.57316,0.25304,0.25853,0.00719,0.00137,0.00438,0.00136,0.000217,1.03e-05,0.00259,0.0,0.0,0.0
0.8,0.57311,0.25314,0.25863,0.00719,0.00138,0.00439,0.00136,0.000218,1.03e-05,0.00259,0.0,0.0,0.0
0.8,0.57306,0.25324,0.25873,0.0072,0.00138,0.00439,0.00137,0.000218,1.04e-05,0.00259,0.0,0.0,0.0
0.8,0.573,0.25334,0.25883,0.00721,0.00138,0.00439,0.00137,0.000218,1.04e-05,0.00259,0.0,0.0,0.0
0.8,0.57295,0.25344,0.25893,0.00721,0.00138,0.0044,0.00137,0.000219,1.04e-05,0.0026,0.0,0.0,0.0
0.8,0.5729,0.25354,0.25903,0.00722,0.00138,0.0044,0.00137,0.000219,1.04e-05,0.0026,0.0,0.0,0.0
0.8,0.57285,0.25364,0.25913,0.00722,0.00138,0.0044,0.00137,0.00022,1.04e-05,0.0026,0.0,0.0,0.0
0.8,0.5728,0.25374,0.25923,0.00723,0.00138,0.00441,0.00137,0.00022,1.04e-05,0.0026,0.0,0.0,0.0
0.8,0.57275,0.25384,0.25933,0.00724,0.00138,0.00441,0.00137,0.000221,1.04e-05,0.0026,0.0,0.0,0.0
0.8,0.57269,0.25395,0.25943,0.00724,0.00139,0.00441,0.00138,0.000221,1.05e-05,0.00261,0.0,0.0,0.0
0.8,0.57264,0.25405,0.25953,0.00725,0.00139,0.00442,0.00138,0.000222,1.05e-05,0.00261,0.0,0.0,0.0
0.8,0.57259,0.25415,0.25963,0.00726,0.00139,0.00442,0.00138,0.000222,1.05e-05,0.00261,0.0,0.0,0.0
0.8,0.57254,0.25425,0.25973,0.00726,0.00139,0.00443,0.00138,0.000223,1.05e-05,0.00261,0.0,0.0,0.0
0.8,0.57249,0.25435,0.25983,0.00727,0.00139,0.00443,0.00138,0.000223,1.05e-05,0.00262,0.0,0.0,0.0
0.8,0.57243,0.25445,0.25993,0.00727,0.00139,0.00443,0.00138,0.000224,1.05e-05,0.00262,0.0,0.0,0.0
0.8,0.57238,0.25455,0.26003,0.00728,0.00139,0.00444,0.00138,0.000224,1.06e-05,0.00262,0.0,0.0,0.0
0.8,0.57233,0.25465,0.26013,0.00729,0.0014,0.00444,0.00138,0.000225,1.06e-05,0.00262,0.0,0.0,0.0
0.8,0.57228,0.25475,0.26023,0.00729,0.0014,0.00444,0.00139,0.000225,1.06e-05,0.00262,0.0,0.0,0.0
0.8,0.57223,0.25485,0.26033,0.0073,0.0014,0.00445,0.00139,0.000226,1.06e-05,0.00263,0.0,0.0,0.0
0.8,0.57217,0.25495,0.26043,0.0073,0.0014,0.00445,0.00139,0.000226,1.06e-05,0.00263,0.0,0.0,0.0
0.8,0.57212,0.25505,0.26053,0.00731,0.0014,0.00445,0.00139,0.000227,1.06e-05,0.00263,0.0,0.0,0.0
0.8,0.57207,0.25515,0.26063,0.00732,0.0014,0.00446,0.00139,0.000227,1.07e-05,0.00263,0.0,0.0,0.0
0.8,0.57202,0.25525,0.26073,0.00732,0.0014,0.00446,0.00139,0.000228,1.07e-05,0.00264,0.0,0.0,0.0
0.8,0.57197,0.25535,0.26083,0.00733,0.0014,0.00446,0.00139,0.000228,1.07e-05,0.00264,0.0,0.0,0.0
0.8,0.57191,0.25545,0.26093,0.00734,0.00141,0.00447,0.0014,0.000229,1.07e-05,0.00264,0.0,0.0,0.0
0.8,0.57186,0.25555,0.26103,0.00734,0.00141,0.00447,0.0014,0.000229,1.07e-05,0.00264,0.0,0.0,0.0
0.8,0.57181,0.25565,0.26113,0.00735,0.00141,0.00447,0.0014,0.00023,1.07e-05,0.00264,0.0,0.0,0.0
0.8,0.57176,0.25575,0.26123,0.00735,0.00141,0.00448,0.0014,0.00023,1.07e-05,0.00265,0.0,0.0,0.0
0.8,0.5717,0.25585,0.26133,0.00736,0.00141,0.00448,0.0014,0.000231,1.08e-05,0.00265,0.0,0.0,0.0
0.8,0.57165,0.25596,0.26143,0.00737,0.00141,0.00448,0.0014,0.000231,1.08e-05,0.00265,0.0,0.0,0.0
0.8,0.5716,0.25606,0.26153,0.00737,0.00141,0.00449,0.0014,0.000232,1.08e-05,0.00265,0.0,0.0,0.0
0.8,0.57155,0.25616,0.26163,0.00738,0.00142,0.00449,0.0014,0.000232,1.08e-05,0.00266,0.0,0.0,0.0
0.8,0.5715,0.25626,0.26173,0.00739,0.00142,0.00449,0.00141,0.000239,1.22e-05,0.00266,0.0,0.0,0.0
0.8,0.57144,0.25636,0.26183,0.0074,0.00142,0.0045,0.00141,0.000239,1.22e-05,0.00266,0.0,0.0,0.0
0.8,0.57139,0.25646,0.26193,0.0074,0.00142,0.0045,0.00141,0.00024,1.22e-05,0.00266,0.0,0.0,0.0
0.8,0.57134,0.25656,0.26203,0.00741,0.00142,0.0045,0.00141,0.00024,1.22e-05,0.00266,0.0,0.0,0.0
0.8,0.57129,0.25666,0.26213,0.00742,0.00142,0.00451,0.00141,0.000241,1.22e-05,0.00267,0.0,0.0,0.0
0.8,0.57123,0.25676,0.26223,0.00742,0.00143,0.00451,0.00141,0.000241,1.22e-05,0.00267,0.0,0.0,0.0
0.8,0.57118,0.25686,0.26233,0.00743,0.00143,0.00451,0.00141,0.000242,1.23e-05,0.00267,0.0,0.0,0.0
0.8,0.57113,0.25696,0.26243,0.00743,0.00143,0.00452,0.00142,0.000242,1.23e-05,0.00267,0.0,0.0,0.0
0.8,0.57108,0.25706,0.26253,0.00744,0.00143,0.00452,0.00142,0.000243,1.23e-05,0.00268,0.0,0.0,0.0
0.8,0.57102,0.25716,0.26263,0.00745,0.00143,0.00452,0.00142,0.000243,1.23e-05,0.00268,0.0,0.0,0.0
0.8,0.57097,0.25726,0.26273,0.00745,0.00143,0.00453,0.00142,0.000244,1.23e-05,0.00268,0.0,0.0,0.0
0.8,0.57092,0.25736,0.26283,0.00746,0.00143,0.00453,0.00142,0.000244,1.23e-05,0.00268,0.0,0.0,0.0
0.8,0.57087,0.25746,0.26293,0.00747,0.00143,0.00454,0.00142,0.000245,1.23e-05,0.00268,0.0,0.0,0.0
0.8,0.57081,0.25756,0.26303,0.00747,0.00144,0.00454,0.00142,0.000246,1.23e-05,0.00269,0.0,0.0,0.0
0.8,0.57076,0.25766,0.26313,0.00748,0.00144,0.00454,0.00142,0.000246,1.24e-05,0.00269,0.0,0.0,0.0
0.8,0.57071,0.25776,0.26323,0.00748,0.00144,0.00455,0.00143,0.000247,1.24e-05,0.00269,0.0,0.0,0.0
0.8,0.57065,0.25786,0.26333,0.00749,0.00144,0.00455,0.00143,0.000247,1.24e-05,0.00269,0.0,0.0,0.0
0.8,0.5706,0.25797,0.26343,0.0075,0.00144,0.00455,0.00143,0.000248,1.24e-05,0.0027,0.0,0.0,0.0
0.8,0.57055,0.25807,0.26353,0.0075,0.00144,0.00456,0.00143,0.000248,1.24e-05,0.0027,0.0,0.0,0.0
0.8,0.5705,0.25817,0.26363,0.00751,0.00144,0.00456,0.00143,0.000249,1.24e-05,0.0027,0.0,0.0,0.0
0.8,0.57044,0.25827,0.26373,0.00751,0.00145,0.00456,0.00143,0.000249,1.24e-05,0.0027,0.0,0.0,0.0
0.8,0.57039,0.25837,0.26383,0.00752,0.00145,0.00457,0.00143,0.00025,1.25e-05,0.0027,0.0,0.0,0.0
0.8,0.57034,0.25847,0.26393,0.00753,0.00145,0.00457,0.00144,0.00025,1.25e-05,0.00271,0.0,0.0,0.0
0.8,0.57029,0.25857,0.26403,0.00753,0.00145,0.00457,0.00144,0.000251,1.25e-05,0.00271,0.0,0.0,0.0
0.8,0.57023,0.25867,0.26413,0.00754,0.00145,0.00458,0.00144,0.000251,1.25e-05,0.00271,0.0,0.0,0.0
0.8,0.57018,0.25877,0.26423,0.00754,0.00145,0.00458,0.00144,0.000252,1.25e-05,0.00271,0.0,0.0,0.0
0.8,0.57013,0.25887,0.26433,0.00755,0.00145,0.00458,0.00144,0.000253,1.25e-05,0.00272,0.0,0.0,0.0
0.8,0.57007,0.25897,0.26443,0.00756,0.00145,0.00459,0.00144,0.000253,1.26e-05,0.00272,0.0,0.0,0.0
0.8,0.57002,0.25907,0.26453,0.00756,0.00146,0.00459,0.00144,0.000254,1.26e-05,0.00272,0.0,0.0,0.0
0.8,0.56997,0.25917,0.26463,0.00757,0.00146,0.00459,0.00144,0.000254,1.26e-05,0.00272,0.0,0.0,0.0
0.8,0.56992,0.25927,0.26473,0.00757,0.00146,0.0046,0.00145,0.000255,1.26e-05,0.00272,0.0,0.0,0.0
0.8,0.56986,0.25937,0.26483,0.00758,0.00146,0.0046,0.00145,0.000255,1.26e-05,0.00273,0.0,0.0,0.0
0.8,0.56981,0.25947,0.26493,0.00759,0.00146,0.0046,0.00145,0.000256,1.26e-05,0.00273,0.0,0.0,0.0
0.8,0.56976,0.25957,0.26503,0.00759,0.00146,0.00461,0.00145,0.000256,1.27e-05,0.00273,0.0,0.0,0.0
0.8,0.5697,0.25967,0.26513,0.0076,0.00146,0.00461,0.00145,0.000257,1.27e-05,0.00273,0.0,0.0,0.0
0.8,0.56965,0.25977,0.26523,0.0076,0.00147,0.00461,0.00145,0.000258,1.27e-05,0.00274,0.0,0.0,0.0
0.8,0.5696,0.25987,0.26533,0.00761,0.00147,0.00462,0.00145,0.000258,1.27e-05,0.00274,0.0,0.0,0.0
0.8,0.56954,0.25998,0.26543,0.00762,0.00147,0.00462,0.00145,0.000259,1.27e-05,0.00274,0.0,0.0,0.0
0.8,0.56949,0.26008,0.26553,0.00762,0.00147,0.00462,0.00146,0.000259,1.28e-05,0.00274,0.0,0.0,0.0
0.8,0.56944,0.26018,0.26563,0.00763,0.00147,0.00462,0.00146,0.00026,1.28e-05,0.00274,0.0,0.0,0.0
0.8,0.56939,0.26028,0.26573,0.00764,0.00147,0.00463,0.00146,0.00026,1.28e-05,0.00275,0.0,0.0,0.0
0.8,0.56933,0.26038,0.26583,0.00764,0.00147,0.00463,0.00146,0.000261,1.28e-05,0.00275,0.0,0.0,0.0
0.8,0.56928,0.26048,0.26593,0.00765,0.00147,0.00463,0.00146,0.000261,1.28e-05,0.00275,0.0,0.0,0.0
0.8,0.56923,0.26058,0.26603,0.00765,0.00148,0.00464,0.00146,0.000262,1.28e-05,0.00275,0.0,0.0,0.0
0.8,0.56917,0.26068,0.26613,0.00766,0.00148,0.00464,0.00146,0.000263,1.29e-05,0.00276,0.0,0.0,0.0
0.8,0.56912,0.26078,0.26623,0.00767,0.00148,0.00464,0.00147,0.000263,1.29e-05,0.00276,0.0,0.0,0.0
0.8,0.56907,0.26088,0.26633,0.00767,0.00148,0.00465,0.00147,0.000264,1.29e-05,0.00276,0.0,0.0,0.0
0.8,0.56901,0.26098,0.26643,0.00768,0.00148,0.00465,0.00147,0.000264,1.29e-05,0.00276,0.0,0.0,0.0
0.8,0.56896,0.26108,0.26653,0.00768,0.00148,0.00465,0.00147,0.000265,1.29e-05,0.00276,0.0,0.0,0.0
0.8,0.56891,0.26118,0.26663,0.00769,0.00148,0.00466,0.00147,0.000265,1.3e-05,0.00277,0.0,0.0,0.0
0.8,0.56885,0.26128,0.26673,0.00769,0.00148,0.00466,0.00147,0.000266,1.3e-05,0.00277,0.0,0.0,0.0
0.8,0.5688,0.26138,0.26683,0.0077,0.00149,0.00466,0.00147,0.000267,1.3e-05,0.00277,0.0,0.0,0.0
0.8,0.56875,0.26148,0.26693,0.00771,0.00149,0.00467,0.00147,0.000267,1.3e-05,0.00277,0.0,0.0,0.0
0.8,0.56869,0.26158,0.26703,0.00771,0.00149,0.00467,0.00148,0.000268,1.3e-05,0.00277,0.0,0.0,0.0
0.8,0.56864,0.26168,0.26713,0.00772,0.00149,0.00467,0.00148,0.000268,1.31e-05,0.00278,0.0,0.0,0.0
0.8,0.56859,0.26178,0.26723,0.00772,0.00149,0.00468,0.00148,0.000269,1.31e-05,0.00278,0.0,0.0,0.0
0.8,0.56853,0.26189,0.26733,0.00773,0.00149,0.00468,0.00148,0.000269,1.31e-05,0.00278,0.0,0.0,0.0
0.8,0.56848,0.26199,0.26743,0.00774,0.00149,0.00468,0.00148,0.00027,1.31e-05,0.00278,0.0,0.0,0.0
0.8,0.56843,0.26209,0.26753,0.00774,0.0015,0.00469,0.00148,0.000271,1.31e-05,0.00279,0.0,0.0,0.0
0.8,0.56837,0.26219,0.26763,0.00775,0.0015,0.00469,0.00148,0.000271,1.32e-05,0.00279,0.0,0.0,0.0
0.8,0.56832,0.26229,0.26773,0.00775,0.0015,0.00469,0.00148,0.000272,1.32e-05,0.00279,0.0,0.0,0.0
0.8,0.56826,0.26239,0.26783,0.00776,0.0015,0.0047,0.00149,0.000272,1.32e-05,0.00279,0.0,0.0,0.0
0.8,0.56821,0.26249,0.26793,0.00777,0.0015,0.0047,0.00149,0.000273,1.32e-05,0.00279,0.0,0.0,0.0
0.8,0.56816,0.26259,0.26803,0.00777,0.0015,0.0047,0.00149,0.000273,1.32e-05,0.0028,0.0,0.0,0.0
0.8,0.5681,0.26269,0.26813,0.00778,0.0015,0.00471,0.00149,0.000274,1.33e-05,0.0028,0.0,0.0,0.0
0.8,0.56805,0.26279,0.26823,0.00778,0.0015,0.00471,0.00149,0.000275,1.33e-05,0.0028,0.0,0.0,0.0
0.8,0.568,0.26289,0.26833,0.0078,0.00151,0.00471,0.00149,0.000282,1.49e-05,0.0028,0.0,0.0,0.0
0.8,0.56794,0.26299,0.26843,0.0078,0.00151,0.00472,0.00149,0.000282,1.49e-05,0.0028,0.0,0.0,0.0
0.8,0.56789,0.26309,0.26853,0.00781,0.00151,0.00472,0.0015,0.000283,1.49e-05,0.00281,0.0,0.0,0.0
0.8,0.56784,0.26319,0.26863,0.00781,0.00151,0.00472,0.0015,0.000284,1.5e-05,0.00281,0.0,0.0,0.0
0.8,0.56778,0.26329,0.26873,0.00782,0.00151,0.00472,0.0015,0.000284,1.5e-05,0.00281,0.0,0.0,0.0
0.8,0.56773,0.26339,0.26883,0.00783,0.00151,0.00473,0.0015,0.000285,1.5e-05,0.00281,0.0,0.0,0.0
0.8,0.56767,0.26349,0.26893,0.00783,0.00152,0.00473,0.0015,0.000285,1.5e-05,0.00282,0.0,0.0,0.0
0.8,0.56762,0.26359,0.26903,0.00784,0.00152,0.00473,0.0015,0.000286,1.5e-05,0.00282,0.0,0.0,0.0
0.8,0.56757,0.26369,0.26913,0.00784,0.00152,0.00474,0.0015,0.000287,1.5e-05,0.00282,0.0,0.0,0.0
0.8,0.56751,0.26379,0.26923,0.00785,0.00152,0.00474,0.0015,0.000287,1.5e-05,0.00282,0.0,0.0,0.0
0.8,0.56746,0.2639,0.26933,0.00786,0.00152,0.00474,0.00151,0.000288,1.5e-05,0.00282,0.0,0.0,0.0
0.8,0.56741,0.264,0.26943,0.00786,0.00152,0.00475,0.00151,0.000288,1.51e-05,0.00283,0.0,0.0,0.0
0.8,0.56735,0.2641,0.26953,0.00787,0.00152,0.00475,0.00151,0.000289,1.51e-05,0.00283,0.0,0.0,0.0
0.8,0.5673,0.2642,0.26963,0.00787,0.00152,0.00475,0.00151,0.00029,1.51e-05,0.00283,0.0,0.0,0.0
0.8,0.56724,0.2643,0.26973,0.00788,0.00153,0.00476,0.00151,0.00029,1.51e-05,0.00283,0.0,0.0,0.0
0.8,0.56719,0.2644,0.26983,0.00788,0.00153,0.00476,0.00151,0.000291,1.51e-05,0.00283,0.0,0.0,0.0
0.8,0.56714,0.2645,0.26993,0.00789,0.00153,0.00476,0.00151,0.000291,1.51e-05,0.00284,0.0,0.0,0.0
0.8,0.56708,0.2646,0.27003,0.0079,0.00153,0.00477,0.00151,0.000292,1.52e-05,0.00284,0.0,0.0,0.0
0.8,0.56703,0.2647,0.27013,0.0079,0.00153,0.00477,0.00152,0.000293,1.52e-05,0.00284,0.0,0.0,0.0
0.8,0.56697,0.2648,0.27023,0.00791,0.00153,0.00477,0.00152,0.000293,1.52e-05,0.00284,0.0,0.0,0.0
0.8,0.56692,0.2649,0.27033,0.00791,0.00153,0.00477,0.00152,0.000294,1.52e-05,0.00285,0.0,0.0,0.0
0.8,0.56687,0.265,0.27043,0.00792,0.00153,0.00478,0.00152,0.000295,1.52e-05,0.00285,0.0,0.0,0.0
0.8,0.56681,0.2651,0.27053,0.00793,0.00154,0.00478,0.00152,0.000295,1.53e-05,0.00285,0.0,0.0,0.0
0.8,0.56676,0.2652,0.27063,0.00793,0.00154,0.00478,0.00152,0.000296,1.53e-05,0.00285,0.0,0.0,0.0
0.8,0.5667,0.2653,0.27073,0.00794,0.00154,0.00479,0.00152,0.000296,1.53e-05,0.00285,0.0,0.0,0.0
0.8,0.56665,0.2654,0.27083,0.00794,0.00154,0.00479,0.00152,0.000297,1.53e-05,0.00286,0.0,0.0,0.0
0.8,0.56659,0.2655,0.27093,0.00795,0.00154,0.00479,0.00153,0.000298,1.53e-05,0.00286,0.0,0.0,0.0
0.8,0.56654,0.2656,0.27103,0.00795,0.00154,0.0048,0.00153,0.000298,1.54e-05,0.00286,0.0,0.0,0.0
0.8,0.56649,0.2657,0.27113,0.00796,0.00154,0.0048,0.00153,0.000299,1.54e-05,0.00286,0.0,0.0,0.0
0.8,0.56643,0.26581,0.27123,0.00797,0.00154,0.0048,0.00153,0.0003,1.54e-05,0.00286,0.0,0.0,0.0
0.8,0.56638,0.26591,0.27133,0.00797,0.00155,0.00481,0.00153,0.0003,1.54e-05,0.00287,0.0,0.0,0.0
0.8,0.56632,0.26601,0.27143,0.00798,0.00155,0.00481,0.00153,0.000301,1.54e-05,0.00287,0.0,0.0,0.0
0.8,0.56627,0.26611,0.27153,0.00798,0.00155,0.00481,0.00153,0.000302,1.55e-05,0.00287,0.0,0.0,0.0
0.8,0.56621,0.26621,0.27163,0.00799,0.00155,0.00481,0.00153,0.000302,1.55e-05,0.00287,0.0,0.0,0.0
0.8,0.56616,0.26631,0.27173,0.00799,0.00155,0.00482,0.00154,0.000303,1.55e-05,0.00287,0.0,0.0,0.0
0.8,0.56611,0.26641,0.27183,0.008,0.00155,0.00482,0.00154,0.000303,1.55e-05,0.00288,0.0,0.0,0.0
0.8,0.56605,0.26651,0.27193,0.00801,0.00155,0.00482,0.00154,0.000304,1.55e-05,0.00288,0.0,0.0,0.0
0.8,0.566,0.26661,0.27203,0.00801,0.00156,0.00483,0.00154,0.000305,1.56e-05,0.00288,0.0,0.0,0.0
0.8,0.56594,0.26671,0.27213,0.00802,0.00156,0.00483,0.00154,0.000305,1.56e-05,0.00288,0.0,0.0,0.0
0.8,0.56589,0.26681,0.27223,0.00802,0.00156,0.00483,0.00154,0.000306,1.56e-05,0.00288,0.0,0.0,0.0
0.8,0.56583,0.26691,0.27233,0.00803,0.00156,0.00484,0.00154,0.000307,1.56e-05,0.00289,0.0,0.0,0.0
0.8,0.56578,0.26701,0.27243,0.00803,0.00156,0.00484,0.00154,0.000307,1.56e-05,0.00289,0.0,0.0,0.0
0.8,0.56572,0.26711,0.27253,0.00804,0.00156,0.00484,0.00155,0.000308,1.57e-05,0.00289,0.0,0.0,0.0
0.8,0.56567,0.26721,0.27263,0.00805,0.00156,0.00484,0.00155,0.000309,1.57e-05,0.00289,0.0,0.0,0.0
0.8,0.56562,0.26731,0.27273,0.00805,0.00156,0.00485,0.00155,0.000309,1.57e-05,0.00289,0.0,0.0,0.0
0.8,0.56556,0.26741,0.27283,0.00806,0.00157,0.00485,0.00155,0.00031,1.57e-05,0.0029,0.0,0.0,0.0
0.8,0.56551,0.26751,0.27293,0.00806,0.00157,0.00485,0.00155,0.000311,1.58e-05,0.0029,0.0,0.0,0.0
0.8,0.56545,0.26761,0.27303,0.00807,0.00157,0.00486,0.00155,0.000311,1.58e-05,0.0029,0.0,0.0,0.0
0.8,0.5654,0.26772,0.27313,0.00807,0.00157,0.00486,0.00155,0.000312,1.58e-05,0.0029,0.0,0.0,0.0
0.8,0.56534,0.26782,0.27323,0.00808,0.00157,0.00486,0.00155,0.000313,1.58e-05,0.00291,0.0,0.0,0.0
0.8,0.56529,0.26792,0.27333,0.00809,0.00157,0.00487,0.00156,0.000313,1.58e-05,0.00291,0.0,0.0,0.0
0.8,0.56523,0.26802,0.27343,0.00809,0.00157,0.00487,0.00156,0.000314,1.59e-05,0.00291,0.0,0.0,0.0
0.8,0.56518,0.26812,0.27353,0.0081,0.00157,0.00487,0.00156,0.000314,1.59e-05,0.00291,0.0,0.0,0.0
0.8,0.56512,0.26822,0.27363,0.0081,0.00158,0.00487,0.00156,0.000315,1.59e-05,0.00291,0.0,0.0,0.0
0.8,0.56507,0.26832,0.27373,0.00811,0.00158,0.00488,0.00156,0.000316,1.59e-05,0.00292,0.0,0.0,0.0
0.8,0.56501,0.26842,0.27383,0.00811,0.00158,0.00488,0.00156,0.000316,1.6e-05,0.00292,0.0,0.0,0.0
0.8,0.56496,0.26852,0.27393,0.00812,0.00158,0.00488,0.00156,0.000317,1.6e-05,0.00292,0.0,0.0,0.0
0.8,0.56491,0.26862,0.27403,0.00813,0.00158,0.00489,0.00156,0.000318,1.6e-05,0.00292,0.0,0.0,0.0
0.8,0.56485,0.26872,0.27413,0.00813,0.00158,0.00489,0.00157,0.000318,1.6e-05,0.00292,0.0,0.0,0.0
0.8,0.5648,0.26882,0.27423,0.00814,0.00158,0.00489,0.00157,0.000319,1.61e-05,0.00293,0.0,0.0,0.0
0.8,0.56474,0.26892,0.27433,0.00814,0.00158,0.0049,0.00157,0.00032,1.61e-05,0.00293,0.0,0.0,0.0
0.8,0.56469,0.26902,0.27443,0.00815,0.00159,0.0049,0.00157,0.00032,1.61e-05,0.00293,0.0,0.0,0.0
0.8,0.56463,0.26912,0.27453,0.00815,0.00159,0.0049,0.00157,0.000321,1.61e-05,0.00293,0.0,0.0,0.0
0.8,0.56458,0.26922,0.27463,0.00816,0.00159,0.0049,0.00157,0.000322,1.62e-05,0.00293,0.0,0.0,0.0
0.8,0.56452,0.26932,0.27473,0.00816,0.00159,0.00491,0.00157,0.000322,1.62e-05,0.00294,0.0,0.0,0.0
0.8,0.56447,0.26942,0.27483,0.00817,0.00159,0.00491,0.00157,0.000323,1.62e-05,0.00294,0.0,0.0,0.0
0.8,0.56441,0.26952,0.27493,0.00818,0.00159,0.00491,0.00158,0.000331,1.82e-05,0.00294,0.0,0.0,0.0
0.8,0.56436,0.26963,0.27503,0.00819,0.00159,0.00492,0.00158,0.000332,1.82e-05,0.00294,0.0,0.0,0.0
0.8,0.5643,0.26973,0.27513,0.00819,0.0016,0.00492,0.00158,0.000332,1.82e-05,0.00294,0.0,0.0,0.0
0.8,0.56425,0.26983,0.27523,0.0082,0.0016,0.00492,0.00158,0.000333,1.82e-05,0.00295,0.0,0.0,0.0
0.8,0.56419,0.26993,0.27533,0.00821,0.0016,0.00492,0.00158,0.000334,1.82e-05,0.00295,0.0,0.0,0.0
0.8,0.56414,0.27003,0.27543,0.00821,0.0016,0.00493,0.00158,0.000334,1.82e-05,0.00295,0.0,0.0,0.0
0.8,0.56408,0.27013,0.27553,0.00822,0.0016,0.00493,0.00158,0.000335,1.82e-05,0.00295,0.0,0.0,0.0
0.8,0.56403,0.27023,0.27563,0.00822,0.0016,0.00493,0.00158,0.000336,1.83e-05,0.00295,0.0,0.0,0.0
0.8,0.56397,0.27033,0.27573,0.00823,0.0016,0.00494,0.00159,0.000336,1.83e-05,0.00296,0.0,0.0,0.0
0.8,0.56392,0.27043,0.27583,0.00823,0.0016,0.00494,0.00159,0.000337,1.83e-05,0.00296,0.0,0.0,0.0
0.8,0.56386,0.27053,0.27593,0.00824,0.00161,0.00494,0.00159,0.000338,1.83e-05,0.00296,0.0,0.0,0.0
0.8,0.5638,0.27063,0.27603,0.00824,0.00161,0.00494,0.00159,0.000339,1.83e-05,0.00296,0.0,0.0,0.0
0.8,0.56375,0.27073,0.27613,0.00825,0.00161,0.00495,0.00159,0.000339,1.83e-05,0.00296,0.0,0.0,0.0
0.8,0.56369,0.27083,0.27623,0.00826,0.00161,0.00495,0.00159,0.00034,1.84e-05,0.00297,0.0,0.0,0.0
0.8,0.56364,0.27093,0.27633,0.00826,0.00161,0.00495,0.00159,0.000341,1.84e-05,0.00297,0.0,0.0,0.0
0.8,0.56358,0.27103,0.27643,0.00827,0.00161,0.00496,0.00159,0.000341,1.84e-05,0.00297,0.0,0.0,0.0
0.8,0.56353,0.27113,0.27653,0.00827,0.00161,0.00496,0.00159,0.000342,1.84e-05,0.00297,0.0,0.0,0.0
0.8,0.56347,0.27123,0.27663,0.00828,0.00161,0.00496,0.0016,0.000343,1.84e-05,0.00297,0.0,0.0,0.0
0.8,0.56342,0.27133,0.27673,0.00828,0.00162,0.00496,0.0016,0.000344,1.85e-05,0.00298,0.0,0.0,0.0
0.8,0.56336,0.27143,0.27683,0.00829,0.00162,0.00497,0.0016,0.000344,1.85e-05,0.00298,0.0,0.0,0.0
0.8,0.56331,0.27154,0.27693,0.00829,0.00162,0.00497,0.0016,0.000345,1.85e-05,0.00298,0.0,0.0,0.0
0.8,0.56325,0.27164,0.27703,0.0083,0.00162,0.00497,0.0016,0.000346,1.85e-05,0.00298,0.0,0.0,0.0
0.8,0.5632,0.27174,0.27713,0.0083,0.00162,0.00498,0.0016,0.000346,1.86e-05,0.00298,0.0,0.0,0.0
0.8,0.56314,0.27184,0.27723,0.00831,0.00162,0.00498,0.0016,0.000347,1.86e-05,0.00298,0.0,0.0,0.0
0.8,0.56309,0.27194,0.27733,0.00832,0.00162,0.00498,0.0016,0.000348,1.86e-05,0.00299,0.0,0.0,0.0
0.8,0.56303,0.27204,0.27743,0.00832,0.00162,0.00498,0.00161,0.000349,1.86e-05,0.00299,0.0,0.0,0.0
0.8,0.56297,0.27214,0.27753,0.00833,0.00163,0.00499,0.00161,0.000349,1.86e-05,0.00299,0.0,0.0,0.0
0.8,0.56292,0.27224,0.27763,0.00833,0.00163,0.00499,0.00161,0.00035,1.87e-05,0.00299,0.0,0.0,0.0
0.8,0.56286,0.27234,0.27773,0.00834,0.00163,0.00499,0.00161,0.000351,1.87e-05,0.00299,0.0,0.0,0.0
0.8,0.56281,0.27244,0.27783,0.00834,0.00163,0.00499,0.00161,0.000352,1.87e-05,0.003,0.0,0.0,0.0
0.8,0.56275,0.27254,0.27793,0.00835,0.00163,0.005,0.00161,0.000352,1.87e-05,0.003,0.0,0.0,0.0
0.8,0.5627,0.27264,0.27803,0.00835,0.00163,0.005,0.00161,0.000353,1.88e-05,0.003,0.0,0.0,0.0
0.8,0.56264,0.27274,0.27813,0.00836,0.00163,0.005,0.00161,0.000354,1.88e-05,0.003,0.0,0.0,0.0
0.8,0.56259,0.27284,0.27823,0.00836,0.00163,0.00501,0.00162,0.000354,1.88e-05,0.003,0.0,0.0,0.0
0.8,0.56253,0.27294,0.27833,0.00837,0.00164,0.00501,0.00162,0.000355,1.88e-05,0.00301,0.0,0.0,0.0
0.8,0.56247,0.27304,0.27843,0.00838,0.00164,0.00501,0.00162,0.000356,1.89e-05,0.00301,0.0,0.0,0.0
0.8,0.56242,0.27314,0.27853,0.00838,0.00164,0.00501,0.00162,0.000357,1.89e-05,0.00301,0.0,0.0,0.0
0.8,0.56236,0.27324,0.27863,0.00839,0.00164,0.00502,0.00162,0.000357,1.89e-05,0.00301,0.0,0.0,0.0
0.8,0.56231,0.27334,0.27873,0.00839,0.00164,0.00502,0.00162,0.000358,1.89e-05,0.00301,0.0,0.0,0.0
0.8,0.56225,0.27345,0.27883,0.0084,0.00164,0.00502,0.00162,0.000359,1.9e-05,0.00302,0.0,0.0,0.0
0.8,0.5622,0.27355,0.27893,0.0084,0.00164,0.00502,0.00162,0.00036,1.9e-05,0.00302,0.0,0.0,0.0
0.8,0.56214,0.27365,0.27903,0.00841,0.00164,0.00503,0.00162,0.00036,1.9e-05,0.00302,0.0,0.0,0.0
0.8,0.56208,0.27375,0.27913,0.00841,0.00165,0.00503,0.00163,0.000361,1.91e-05,0.00302,0.0,0.0,0.0
0.8,0.56203,0.27385,0.27923,0.00842,0.00165,0.00503,0.00163,0.000362,1.91e-05,0.00302,0.0,0.0,0.0
0.8,0.56197,0.27395,0.27933,0.00842,0.00165,0.00504,0.00163,0.000363,1.91e-05,0.00303,0.0,0.0,0.0
0.8,0.56192,0.27405,0.27943,0.00843,0.00165,0.00504,0.00163,0.000363,1.91e-05,0.00303,0.0,0.0,0.0
0.8,0.56186,0.27415,0.27953,0.00843,0.00165,0.00504,0.00163,0.000364,1.92e-05,0.00303,0.0,0.0,0.0
0.8,0.5618,0.27425,0.27963,0.00844,0.00165,0.00504,0.00163,0.000365,1.92e-05,0.00303,0.0,0.0,0.0
0.8,0.56175,0.27435,0.27973,0.00844,0.00165,0.00505,0.00163,0.000366,1.92e-05,0.00303,0.0,0.0,0.0
0.8,0.56169,0.27445,0.27983,0.00845,0.00165,0.00505,0.00163,0.000366,1.92e-05,0.00303,0.0,0.0,0.0
0.8,0.56164,0.27455,0.27993,0.00846,0.00165,0.00505,0.00164,0.000367,1.93e-05,0.00304,0.0,0.0,0.0
0.8,0.56158,0.27465,0.28003,0.00846,0.00166,0.00505,0.00164,0.000368,1.93e-05,0.00304,0.0,0.0,0.0
0.8,0.56152,0.27475,0.28013,0.00847,0.00166,0.00506,0.00164,0.000369,1.93e-05,0.00304,0.0,0.0,0.0
0.8,0.56147,0.27485,0.28023,0.00847,0.00166,0.00506,0.00164,0.000369,1.94e-05,0.00304,0.0,0.0,0.0
0.8,0.56141,0.27495,0.28033,0.00848,0.00166,0.00506,0.00164,0.00037,1.94e-05,0.00304,0.0,0.0,0.0
0.8,0.56136,0.27505,0.28043,0.00848,0.00166,0.00506,0.00164,0.000371,1.94e-05,0.00305,0.0,0.0,0.0
0.8,0.5613,0.27515,0.28053,0.00849,0.00166,0.00507,0.00164,0.000372,1.94e-05,0.00305,0.0,0.0,0.0
0.8,0.56124,0.27525,0.28063,0.00849,0.00166,0.00507,0.00164,0.000372,1.95e-05,0.00305,0.0,0.0,0.0
0.8,0.56119,0.27536,0.28073,0.0085,0.00166,0.00507,0.00164,0.000373,1.95e-05,0.00305,0.0,0.0,0.0
0.8,0.56113,0.27546,0.28083,0.0085,0.00167,0.00508,0.00165,0.000374,1.95e-05,0.00305,0.0,0.0,0.0
0.8,0.56108,0.27556,0.28093,0.00851,0.00167,0.00508,0.00165,0.000375,1.96e-05,0.00306,0.0,0.0,0.0
0.8,0.56102,0.27566,0.28103,0.00851,0.00167,0.00508,0.00165,0.000376,1.96e-05,0.00306,0.0,0.0,0.0
0.8,0.56096,0.27576,0.28113,0.00852,0.00167,0.00508,0.00165,0.000376,1.96e-05,0.00306,0.0,0.0,0.0
0.8,0.56091,0.27586,0.28123,0.00852,0.00167,0.00509,0.00165,0.000377,1.96e-05,0.00306,0.0,0.0,0.0
0.8,0.56085,0.27596,0.28133,0.00853,0.00167,0.00509,0.00165,0.000378,1.97e-05,0.00306,0.0,0.0,0.0
0.8,0.56079,0.27606,0.28143,0.00854,0.00168,0.00509,0.00165,0.000386,2.2e-05,0.00306,0.0,0.0,0.0
0.8,0.56074,0.27616,0.28153,0.00855,0.00168,0.00509,0.00165,0.000387,2.2e-05,0.00307,0.0,0.0,0.0
0.8,0.56068,0.27626,0.28163,0.00855,0.00168,0.0051,0.00166,0.000388,2.2e-05,0.00307,0.0,0.0,0.0
0.8,0.56063,0.27636,0.28173,0.00856,0.00168,0.0051,0.00166,0.000389,2.2e-05,0.00307,0.0,0.0,0.0
0.8,0.56057,0.27646,0.28183,0.00856,0.00168,0.0051,0.00166,0.00039,2.2e-05,0.00307,0.0,0.0,0.0
0.8,0.56051,0.27656,0.28193,0.00857,0.00168,0.0051,0.00166,0.00039,2.2e-05,0.00307,0.0,0.0,0.0
0.8,0.56046,0.27666,0.28203,0.00857,0.00168,0.00511,0.00166,0.000391,2.21e-05,0.00308,0.0,0.0,0.0
0.8,0.5604,0.27676,0.28213,0.00858,0.00168,0.00511,0.00166,0.000392,2.21e-05,0.00308,0.0,0.0,0.0
0.8,0.56034,0.27686,0.28223,0.00858,0.00168,0.00511,0.00166,0.000393,2.21e-05,0.00308,0.0,0.0,0.0
0.8,0.56029,0.27696,0.28233,0.00859,0.00169,0.00511,0.00166,0.000394,2.21e-05,0.00308,0.0,0.0,0.0
0.8,0.56023,0.27706,0.28243,0.00859,0.00169,0.00512,0.00166,0.000394,2.21e-05,0.00308,0.0,0.0,0.0
0.8,0.56017,0.27717,0.28253,0.0086,0.00169,0.00512,0.00167,0.000395,2.22e-05,0.00308,0.0,0.0,0.0
0.8,0.56012,0.27727,0.28263,0.0086,0.00169,0.00512,0.00167,0.000396,2.22e-05,0.00309,0.0,0.0,0.0
0.8,0.56006,0.27737,0.28273,0.00861,0.00169,0.00512,0.00167,0.000397,2.22e-05,0.00309,0.0,0.0,0.0
0.8,0.56,0.27747,0.28283,0.00861,0.00169,0.00513,0.00167,0.000398,2.22e-05,0.00309,0.0,0.0,0.0
0.8,0.55995,0.27757,0.28293,0.00862,0.00169,0.00513,0.00167,0.000398,2.23e-05,0.00309,0.0,0.0,0.0
0.8,0.55989,0.27767,0.28303,0.00862,0.00169,0.00513,0.00167,0.000399,2.23e-05,0.00309,0.0,0.0,0.0
0.8,0.55983,0.27777,0.28313,0.00863,0.00169,0.00513,0.00167,0.0004,2.23e-05,0.0031,0.0,0.0,0.0
0.8,0.55978,0.27787,0.28323,0.00863,0.0017,0.00514,0.00167,0.000401,2.23e-05,0.0031,0.0,0.0,0.0
0.8,0.55972,0.27797,0.28333,0.00864,0.0017,0.00514,0.00167,0.000402,2.24e-05,0.0031,0.0,0.0,0.0
0.8,0.55966,0.27807,0.28343,0.00864,0.0017,0.00514,0.00168,0.000403,2.24e-05,0.0031,0.0,0.0,0.0
0.8,0.55961,0.27817,0.28353,0.00865,0.0017,0.00514,0.00168,0.000403,2.24e-05,0.0031,0.0,0.0,0.0
0.8,0.55955,0.27827,0.28363,0.00866,0.0017,0.00515,0.00168,0.000404,2.24e-05,0.0031,0.0,0.0,0.0
0.8,0.55949,0.27837,0.28373,0.00866,0.0017,0.00515,0.00168,0.000405,2.25e-05,0.00311,0.0,0.0,0.0
0.8,0.55944,0.27847,0.28383,0.00867,0.0017,0.00515,0.00168,0.000406,2.25e-05,0.00311,0.0,0.0,0.0
0.8,0.55938,0.27857,0.28393,0.00867,0.0017,0.00515,0.00168,0.000407,2.25e-05,0.00311,0.0,0.0,0.0
0.8,0.55932,0.27867,0.28403,0.00868,0.00171,0.00516,0.00168,0.000408,2.25e-05,0.00311,0.0,0.0,0.0
0.8,0.55927,0.27877,0.28413,0.00868,0.00171,0.00516,0.00168,0.000408,2.26e-05,0.00311,0.0,0.0,0.0
0.8,0.55921,0.27887,0.28423,0.00869,0.00171,0.00516,0.00169,0.000409,2.26e-05,0.00311,0.0,0.0,0.0
0.8,0.55915,0.27897,0.28433,0.00869,0.00171,0.00516,0.00169,0.00041,2.26e-05,0.00312,0.0,0.0,0.0
0.8,0.5591,0.27908,0.28443,0.0087,0.00171,0.00517,0.00169,0.000411,2.27e-05,0.00312,0.0,0.0,0.0
0.8,0.55904,0.27918,0.28453,0.0087,0.00171,0.00517,0.00169,0.000412,2.27e-05,0.00312,0.0,0.0,0.0
0.8,0.55898,0.27928,0.28463,0.00871,0.00171,0.00517,0.00169,0.000413,2.27e-05,0.00312,0.0,0.0,0.0
0.8,0.55893,0.27938,0.28473,0.00871,0.00171,0.00517,0.00169,0.000413,2.28e-05,0.00312,0.0,0.0,0.0
0.8,0.55887,0.27948,0.28483,0.00872,0.00171,0.00518,0.00169,0.000414,2.28e-05,0.00313,0.0,0.0,0.0
0.8,0.55881,0.27958,0.28493,0.00872,0.00172,0.00518,0.00169,0.000415,2.28e-05,0.00313,0.0,0.0,0.0
0.8,0.55876,0.27968,0.28503,0.00873,0.00172,0.00518,0.00169,0.000416,2.28e-05,0.00313,0.0,0.0,0.0
0.8,0.5587,0.27978,0.28513,0.00873,0.00172,0.00518,0.0017,0.000417,2.29e-05,0.00313,0.0,0.0,0.0
0.8,0.55864,0.27988,0.28523,0.00874,0.00172,0.00519,0.0017,0.000418,2.29e-05,0.00313,0.0,0.0,0.0
0.8,0.55858,0.27998,0.28533,0.00874,0.00172,0.00519,0.0017,0.000418,2.29e-05,0.00313,0.0,0.0,0.0
0.8,0.55853,0.28008,0.28543,0.00875,0.00172,0.00519,0.0017,0.000419,2.3e-05,0.00314,0.0,0.0,0.0
0.8,0.55847,0.28018,0.28553,0.00875,0.00172,0.00519,0.0017,0.00042,2.3e-05,0.00314,0.0,0.0,0.0
0.8,0.55841,0.28028,0.28563,0.00876,0.00172,0.0052,0.0017,0.000421,2.3e-05,0.00314,0.0,0.0,0.0
0.8,0.55836,0.28038,0.28573,0.00876,0.00172,0.0052,0.0017,0.000422,2.31e-05,0.00314,0.0,0.0,0.0
0.8,0.5583,0.28048,0.28583,0.00877,0.00173,0.0052,0.0017,0.000423,2.31e-05,0.00314,0.0,0.0,0.0
0.8,0.55824,0.28058,0.28593,0.00877,0.00173,0.0052,0.0017,0.000424,2.31e-05,0.00314,0.0,0.0,0.0
0.8,0.55818,0.28068,0.28603,0.00878,0.00173,0.0052,0.00171,0.000424,2.32e-05,0.00315,0.0,0.0,0.0
0.8,0.55813,0.28078,0.28613,0.00878,0.00173,0.00521,0.00171,0.000425,2.32e-05,0.00315,0.0,0.0,0.0
0.8,0.55807,0.28089,0.28623,0.00878,0.00173,0.00521,0.00171,0.000426,2.32e-05,0.00315,0.0,0.0,0.0
0.8,0.55801,0.28099,0.28633,0.00879,0.00173,0.00521,0.00171,0.000427,2.33e-05,0.00315,0.0,0.0,0.0
0.8,0.55796,0.28109,0.28643,0.00879,0.00173,0.00521,0.00171,0.000428,2.33e-05,0.00315,0.0,0.0,0.0
0.8,0.5579,0.28119,0.28653,0.0088,0.00173,0.00522,0.00171,0.000429,2.33e-05,0.00315,0.0,0.0,0.0
0.8,0.55784,0.28129,0.28663,0.0088,0.00174,0.00522,0.00171,0.00043,2.34e-05,0.00316,0.0,0.0,0.0
0.8,0.55778,0.28139,0.28673,0.00881,0.00174,0.00522,0.00171,0.000431,2.34e-05,0.00316,0.0,0.0,0.0
0.8,0.55773,0.28149,0.28683,0.00881,0.00174,0.00522,0.00171,0.000431,2.34e-05,0.00316,0.0,0.0,0.0
0.8,0.55767,0.28159,0.28693,0.00882,0.00174,0.00523,0.00172,0.000432,2.35e-05,0.00316,0.0,0.0,0.0
0.8,0.55761,0.28169,0.28703,0.00882,0.00174,0.00523,0.00172,0.000433,2.35e-05,0.00316,0.0,0.0,0.0
0.8,0.55755,0.28179,0.28713,0.00883,0.00174,0.00523,0.00172,0.000434,2.35e-05,0.00316,0.0,0.0,0.0
0.8,0.5575,0.28189,0.28723,0.00883,0.00174,0.00523,0.00172,0.000435,2.36e-05,0.00317,0.0,0.0,0.0
0.8,0.55744,0.28199,0.28733,0.00884,0.00174,0.00523,0.00172,0.000436,2.36e-05,0.00317,0.0,0.0,0.0
0.8,0.55738,0.28209,0.28743,0.00884,0.00174,0.00524,0.00172,0.000437,2.36e-05,0.00317,0.0,0.0,0.0
0.8,0.55732,0.28219,0.28753,0.00885,0.00175,0.00524,0.00172,0.000437,2.37e-05,0.00317,0.0,0.0,0.0
0.8,0.55727,0.28229,0.28763,0.00885,0.00175,0.00524,0.00172,0.000438,2.37e-05,0.00317,0.0,0.0,0.0
0.8,0.55721,0.28239,0.28773,0.00886,0.00175,0.00524,0.00172,0.000439,2.37e-05,0.00317,0.0,0.0,0.0
0.8,0.55715,0.28249,0.28783,0.00886,0.00175,0.00525,0.00172,0.00044,2.38e-05,0.00318,0.0,0.0,0.0
0.8,0.55709,0.28259,0.28793,0.00888,0.00175,0.00525,0.00173,0.000449,2.65e-05,0.00318,0.0,0.0,0.0
0.8,0.55704,0.2827,0.28803,0.00888,0.00175,0.00525,0.00173,0.00045,2.65e-05,0.00318,0.0,0.0,0.0
0.8,0.55698,0.2828,0.28813,0.00889,0.00175,0.00525,0.00173,0.000451,2.65e-05,0.00318,0.0,0.0,0.0
0.8,0.55692,0.2829,0.28823,0.00889,0.00176,0.00526,0.00173,0.000452,2.65e-05,0.00318,0.0,0.0,0.0
0.8,0.55686,0.283,0.28833,0.00889,0.00176,0.00526,0.00173,0.000453,2.65e-05,0.00318,0.0,0.0,0.0
0.8,0.55681,0.2831,0.28843,0.0089,0.00176,0.00526,0.00173,0.000454,2.65e-05,0.00319,0.0,0.0,0.0
0.8,0.55675,0.2832,0.28853,0.0089,0.00176,0.00526,0.00173,0.000455,2.66e-05,0.00319,0.0,0.0,0.0
0.8,0.55669,0.2833,0.28863,0.00891,0.00176,0.00526,0.00173,0.000456,2.66e-05,0.00319,0.0,0.0,0.0
0.8,0.55663,0.2834,0.28873,0.00891,0.00176,0.00527,0.00173,0.000457,2.66e-05,0.00319,0.0,0.0,0.0
0.8,0.55657,0.2835,0.28883,0.00892,0.00176,0.00527,0.00174,0.000458,2.66e-05,0.00319,0.0,0.0,0.0
0.8,0.55652,0.2836,0.28893,0.00892,0.00176,0.00527,0.00174,0.000459,2.67e-05,0.00319,0.0,0.0,0.0
0.8,0.55646,0.2837,0.28903,0.00893,0.00176,0.00527,0.00174,0.000459,2.67e-05,0.0032,0.0,0.0,0.0
0.8,0.5564,0.2838,0.28913,0.00893,0.00177,0.00527,0.00174,0.00046,2.67e-05,0.0032,0.0,0.0,0.0
0.8,0.55634,0.2839,0.28923,0.00894,0.00177,0.00528,0.00174,0.000461,2.67e-05,0.0032,0.0,0.0,0.0
0.8,0.55629,0.284,0.28933,0.00894,0.00177,0.00528,0.00174,0.000462,2.68e-05,0.0032,0.0,0.0,0.0
0.8,0.55623,0.2841,0.28943,0.00895,0.00177,0.00528,0.00174,0.000463,2.68e-05,0.0032,0.0,0.0,0.0
0.8,0.55617,0.2842,0.28953,0.00895,0.00177,0.00528,0.00174,0.000464,2.68e-05,0.0032,0.0,0.0,0.0
0.8,0.55611,0.2843,0.28963,0.00896,0.00177,0.00529,0.00174,0.000465,2.69e-05,0.00321,0.0,0.0,0.0
0.8,0.55605,0.2844,0.28973,0.00896,0.00177,0.00529,0.00175,0.000466,2.69e-05,0.00321,0.0,0.0,0.0
0.8,0.556,0.28451,0.28983,0.00897,0.00177,0.00529,0.00175,0.000467,2.69e-05,0.00321,0.0,0.0,0.0
0.8,0.55594,0.28461,0.28993,0.00897,0.00177,0.00529,0.00175,0.000468,2.7e-05,0.00321,0.0,0.0,0.0
0.8,0.55588,0.28471,0.29003,0.00897,0.00178,0.00529,0.00175,0.000469,2.7e-05,0.00321,0.0,0.0,0.0
0.8,0.55582,0.28481,0.29013,0.00898,0.00178,0.0053,0.00175,0.00047,2.7e-05,0.00321,0.0,0.0,0.0
0.8,0.55576,0.28491,0.29023,0.00898,0.00178,0.0053,0.00175,0.000471,2.7e-05,0.00321,0.0,0.0,0.0
0.8,0.55571,0.28501,0.29033,0.00899,0.00178,0.0053,0.00175,0.000472,2.71e-05,0.00322,0.0,0.0,0.0
0.8,0.55565,0.28511,0.29043,0.00899,0.00178,0.0053,0.00175,0.000473,2.71e-05,0.00322,0.0,0.0,0.0
0.8,0.55559,0.28521,0.29053,0.009,0.00178,0.00531,0.00175,0.000474,2.71e-05,0.00322,0.0,0.0,0.0
0.8,0.55553,0.28531,0.29063,0.009,0.00178,0.00531,0.00175,0.000475,2.72e-05,0.00322,0.0,0.0,0.0
0.8,0.55547,0.28541,0.29073,0.00901,0.00178,0.00531,0.00176,0.000475,2.72e-05,0.00322,0.0,0.0,0.0
0.8,0.55542,0.28551,0.29083,0.00901,0.00178,0.00531,0.00176,0.000476,2.73e-05,0.00322,0.0,0.0,0.0
0.8,0.55536,0.28561,0.29093,0.00902,0.00178,0.00531,0.00176,0.000477,2.73e-05,0.00323,0.0,0.0,0.0
0.8,0.5553,0.28571,0.29103,0.00902,0.00179,0.00532,0.00176,0.000478,2.73e-05,0.00323,0.0,0.0,0.0
0.8,0.55524,0.28581,0.29113,0.00903,0.00179,0.00532,0.00176,0.000479,2.74e-05,0.00323,0.0,0.0,0.0
0.8,0.55518,0.28591,0.29123,0.00903,0.00179,0.00532,0.00176,0.00048,2.74e-05,0.00323,0.0,0.0,0.0
0.8,0.55512,0.28601,0.29133,0.00903,0.00179,0.00532,0.00176,0.000481,2.74e-05,0.00323,0.0,0.0,0.0
0.8,0.55507,0.28611,0.29143,0.00904,0.00179,0.00532,0.00176,0.000482,2.75e-05,0.00323,0.0,0.0,0.0
0.8,0.55501,0.28621,0.29153,0.00904,0.00179,0.00533,0.00176,0.000483,2.75e-05,0.00323,0.0,0.0,0.0
0.8,0.55495,0.28632,0.29163,0.00905,0.00179,0.00533,0.00176,0.000484,2.75e-05,0.00324,0.0,0.0,0.0
0.8,0.55489,0.28642,0.29173,0.00905,0.00179,0.00533,0.00177,0.000485,2.76e-05,0.00324,0.0,0.0,0.0
0.8,0.55483,0.28652,0.29183,0.00906,0.00179,0.00533,0.00177,0.000486,2.76e-05,0.00324,0.0,0.0,0.0
0.8,0.55477,0.28662,0.29193,0.00906,0.0018,0.00533,0.00177,0.000487,2.76e-05,0.00324,0.0,0.0,0.0
0.8,0.55472,0.28672,0.29203,0.00907,0.0018,0.00534,0.00177,0.000488,2.77e-05,0.00324,0.0,0.0,0.0
0.8,0.55466,0.28682,0.29213,0.00907,0.0018,0.00534,0.00177,0.000489,2.77e-05,0.00324,0.0,0.0,0.0
0.8,0.5546,0.28692,0.29223,0.00908,0.0018,0.00534,0.00177,0.00049,2.78e-05,0.00325,0.0,0.0,0.0
0.8,0.55454,0.28702,0.29233,0.00908,0.0018,0.00534,0.00177,0.000491,2.78e-05,0.00325,0.0,0.0,0.0
0.8,0.55448,0.28712,0.29243,0.00908,0.0018,0.00534,0.00177,0.000492,2.78e-05,0.00325,0.0,0.0,0.0
0.8,0.55442,0.28722,0.29253,0.00909,0.0018,0.00535,0.00177,0.000493,2.79e-05,0.00325,0.0,0.0,0.0
0.8,0.55437,0.28732,0.29263,0.00909,0.0018,0.00535,0.00178,0.000494,2.79e-05,0.00325,0.0,0.0,0.0
0.8,0.55431,0.28742,0.29273,0.0091,0.0018,0.00535,0.00178,0.000495,2.8e-05,0.00325,0.0,0.0,0.0
0.8,0.55425,0.28752,0.29283,0.0091,0.00181,0.00535,0.00178,0.000496,2.8e-05,0.00325,0.0,0.0,0.0
0.8,0.55419,0.28762,0.29293,0.00911,0.00181,0.00535,0.00178,0.000497,2.8e-05,0.00326,0.0,0.0,0.0
0.8,0.55413,0.28772,0.29303,0.00911,0.00181,0.00536,0.00178,0.000498,2.81e-05,0.00326,0.0,0.0,0.0
0.8,0.55407,0.28782,0.29313,0.00912,0.00181,0.00536,0.00178,0.000499,2.81e-05,0.00326,0.0,0.0,0.0
0.8,0.55401,0.28792,0.29323,0.00912,0.00181,0.00536,0.00178,0.0005,2.81e-05,0.00326,0.0,0.0,0.0
0.8,0.55395,0.28802,0.29333,0.00912,0.00181,0.00536,0.00178,0.000501,2.82e-05,0.00326,0.0,0.0,0.0
0.8,0.5539,0.28813,0.29343,0.00913,0.00181,0.00536,0.00178,0.000502,2.82e-05,0.00326,0.0,0.0,0.0
0.8,0.55384,0.28823,0.29353,0.00913,0.00181,0.00537,0.00178,0.000503,2.83e-05,0.00326,0.0,0.0,0.0
0.8,0.55378,0.28833,0.29363,0.00914,0.00181,0.00537,0.00179,0.000504,2.83e-05,0.00327,0.0,0.0,0.0
0.8,0.55372,0.28843,0.29373,0.00914,0.00181,0.00537,0.00179,0.000505,2.84e-05,0.00327,0.0,0.0,0.0
0.8,0.55366,0.28853,0.29383,0.00915,0.00182,0.00537,0.00179,0.000506,2.84e-05,0.00327,0.0,0.0,0.0
0.8,0.5536,0.28863,0.29393,0.00915,0.00182,0.00537,0.00179,0.000507,2.84e-05,0.00327,0.0,0.0,0.0
0.8,0.55354,0.28873,0.29403,0.00915,0.00182,0.00538,0.00179,0.000508,2.85e-05,0.00327,0.0,0.0,0.0
0.8,0.55348,0.28883,0.29413,0.00916,0.00182,0.00538,0.00179,0.000509,2.85e-05,0.00327,0.0,0.0,0.0
0.8,0.55343,0.28893,0.29423,0.00916,0.00182,0.00538,0.00179,0.00051,2.86e-05,0.00327,0.0,0.0,0.0
0.8,0.55337,0.28903,0.29433,0.00917,0.00182,0.00538,0.00179,0.000511,2.86e-05,0.00328,0.0,0.0,0.0
0.8,0.55331,0.28913,0.29443,0.00918,0.00182,0.00538,0.00179,0.000521,3.17e-05,0.00328,0.0,0.0,0.0
0.8,0.55325,0.28923,0.29453,0.00919,0.00183,0.00538,0.00179,0.000522,3.17e-05,0.00328,0.0,0.0,0.0
0.8,0.55319,0.28933,0.29463,0.00919,0.00183,0.00539,0.0018,0.000523,3.18e-05,0.00328,0.0,0.0,0.0
0.8,0.55313,0.28943,0.29473,0.00919,0.00183,0.00539,0.0018,0.000524,3.18e-05,0.00328,0.0,0.0,0.0
0.8,0.55307,0.28953,0.29483,0.0092,0.00183,0.00539,0.0018,0.000525,3.18e-05,0.00328,0.0,0.0,0.0
0.8,0.55301,0.28963,0.29493,0.0092,0.00183,0.00539,0.0018,0.000526,3.18e-05,0.00328,0.0,0.0,0.0
0.8,0.55295,0.28973,0.29503,0.00921,0.00183,0.00539,0.0018,0.000527,3.19e-05,0.00329,0.0,0.0,0.0
0.8,0.5529,0.28983,0.29513,0.00921,0.00183,0.0054,0.0018,0.000528,3.19e-05,0.00329,0.0,0.0,0.0
0.8,0.55284,0.28994,0.29523,0.00922,0.00183,0.0054,0.0018,0.000529,3.19e-05,0.00329,0.0,0.0,0.0
0.8,0.55278,0.29004,0.29533,0.00922,0.00183,0.0054,0.0018,0.00053,3.19e-05,0.00329,0.0,0.0,0.0
0.8,0.55272,0.29014,0.29543,0.00922,0.00183,0.0054,0.0018,0.000531,3.2e-05,0.00329,0.0,0.0,0.0
0.8,0.55266,0.29024,0.29553,0.00923,0.00184,0.0054,0.0018,0.000532,3.2e-05,0.00329,0.0,0.0,0.0
0.8,0.5526,0.29034,0.29563,0.00923,0.00184,0.00541,0.0018,0.000533,3.2e-05,0.00329,0.0,0.0,0.0
0.8,0.55254,0.29044,0.29573,0.00924,0.00184,0.00541,0.00181,0.000535,3.21e-05,0.0033,0.0,0.0,0.0
0.8,0.55248,0.29054,0.29583,0.00924,0.00184,0.00541,0.00181,0.000536,3.21e-05,0.0033,0.0,0.0,0.0
0.8,0.55242,0.29064,0.29593,0.00925,0.00184,0.00541,0.00181,0.000537,3.21e-05,0.0033,0.0,0.0,0.0
0.8,0.55236,0.29074,0.29603,0.00925,0.00184,0.00541,0.00181,0.000538,3.22e-05,0.0033,0.0,0.0,0.0
0.8,0.5523,0.29084,0.29613,0.00925,0.00184,0.00541,0.00181,0.000539,3.22e-05,0.0033,0.0,0.0,0.0
0.8,0.55225,0.29094,0.29623,0.00926,0.00184,0.00542,0.00181,0.00054,3.22e-05,0.0033,0.0,0.0,0.0
0.8,0.55219,0.29104,0.29633,0.00926,0.00184,0.00542,0.00181,0.000541,3.23e-05,0.0033,0.0,0.0,0.0
0.8,0.55213,0.29114,0.29643,0.00927,0.00184,0.00542,0.00181,0.000542,3.23e-05,0.0033,0.0,0.0,0.0
0.8,0.55207,0.29124,0.29653,0.00927,0.00185,0.00542,0.00181,0.000543,3.24e-05,0.00331,0.0,0.0,0.0
0.8,0.55201,0.29134,0.29663,0.00927,0.00185,0.00542,0.00181,0.000544,3.24e-05,0.00331,0.0,0.0,0.0
0.8,0.55195,0.29144,0.29673,0.00928,0.00185,0.00542,0.00182,0.000545,3.24e-05,0.00331,0.0,0.0,0.0
0.8,0.55189,0.29154,0.29683,0.00928,0.00185,0.00543,0.00182,0.000546,3.25e-05,0.00331,0.0,0.0,0.0
0.8,0.55183,0.29165,0.29693,0.00929,0.00185,0.00543,0.00182,0.000547,3.25e-05,0.00331,0.0,0.0,0.0
0.8,0.55177,0.29175,0.29703,0.00929,0.00185,0.00543,0.00182,0.000549,3.25e-05,0.00331,0.0,0.0,0.0
0.8,0.55171,0.29185,0.29713,0.0093,0.00185,0.00543,0.00182,0.00055,3.26e-05,0.00331,0.0,0.0,0.0
0.8,0.55165,0.29195,0.29723,0.0093,0.00185,0.00543,0.00182,0.000551,3.26e-05,0.00332,0.0,0.0,0.0
0.8,0.55159,0.29205,0.29733,0.0093,0.00185,0.00544,0.00182,0.000552,3.27e-05,0.00332,0.0,0.0,0.0
0.8,0.55153,0.29215,0.29743,0.00931,0.00185,0.00544,0.00182,0.000553,3.27e-05,0.00332,0.0,0.0,0.0
0.8,0.55147,0.29225,0.29753,0.00931,0.00186,0.00544,0.00182,0.000554,3.28e-05,0.00332,0.0,0.0,0.0
0.8,0.55141,0.29235,0.29763,0.00932,0.00186,0.00544,0.00182,0.000555,3.28e-05,0.00332,0.0,0.0,0.0
0.8,0.55135,0.29245,0.29773,0.00932,0.00186,0.00544,0.00182,0.000556,3.28e-05,0.00332,0.0,0.0,0.0
0.8,0.55129,0.29255,0.29783,0.00932,0.00186,0.00544,0.00183,0.000557,3.29e-05,0.00332,0.0,0.0,0.0
0.8,0.55124,0.29265,0.29793,0.00933,0.00186,0.00545,0.00183,0.000558,3.29e-05,0.00332,0.0,0.0,0.0
0.8,0.55118,0.29275,0.29803,0.00933,0.00186,0.00545,0.00183,0.00056,3.3e-05,0.00333,0.0,0.0,0.0
0.8,0.55112,0.29285,0.29813,0.00934,0.00186,0.00545,0.00183,0.000561,3.3e-05,0.00333,0.0,0.0,0.0
0.8,0.55106,0.29295,0.29823,0.00934,0.00186,0.00545,0.00183,0.000562,3.31e-05,0.00333,0.0,0.0,0.0
0.8,0.551,0.29305,0.29833,0.00934,0.00186,0.00545,0.00183,0.000563,3.31e-05,0.00333,0.0,0.0,0.0
0.8,0.55094,0.29315,0.29843,0.00935,0.00186,0.00545,0.00183,0.000564,3.31e-05,0.00333,0.0,0.0,0.0
0.8,0.55088,0.29325,0.29853,0.00935,0.00187,0.00546,0.00183,0.000565,3.32e-05,0.00333,0.0,0.0,0.0
0.8,0.55082,0.29335,0.29863,0.00936,0.00187,0.00546,0.00183,0.000566,3.32e-05,0.00333,0.0,0.0,0.0
0.8,0.55076,0.29346,0.29873,0.00936,0.00187,0.00546,0.00183,0.000567,3.33e-05,0.00333,0.0,0.0,0.0
0.8,0.5507,0.29356,0.29883,0.00936,0.00187,0.00546,0.00183,0.000568,3.33e-05,0.00334,0.0,0.0,0.0
0.8,0.55064,0.29366,0.29893,0.00937,0.00187,0.00546,0.00184,0.00057,3.34e-05,0.00334,0.0,0.0,0.0
0.8,0.55058,0.29376,0.29903,0.00937,0.00187,0.00546,0.00184,0.000571,3.34e-05,0.00334,0.0,0.0,0.0
0.8,0.55052,0.29386,0.29913,0.00938,0.00187,0.00546,0.00184,0.000572,3.35e-05,0.00334,0.0,0.0,0.0
0.8,0.55046,0.29396,0.29923,0.00938,0.00187,0.00547,0.00184,0.000573,3.35e-05,0.00334,0.0,0.0,0.0
0.8,0.5504,0.29406,0.29933,0.00938,0.00187,0.00547,0.00184,0.000574,3.36e-05,0.00334,0.0,0.0,0.0
0.8,0.55034,0.29416,0.29943,0.00939,0.00187,0.00547,0.00184,0.000575,3.36e-05,0.00334,0.0,0.0,0.0
0.8,0.55028,0.29426,0.29953,0.00939,0.00187,0.00547,0.00184,0.000576,3.36e-05,0.00334,0.0,0.0,0.0
0.8,0.55022,0.29436,0.29963,0.0094,0.00188,0.00547,0.00184,0.000577,3.37e-05,0.00335,0.0,0.0,0.0
0.8,0.55016,0.29446,0.29973,0.0094,0.00188,0.00547,0.00184,0.000579,3.37e-05,0.00335,0.0,0.0,0.0
0.8,0.5501,0.29456,0.29983,0.0094,0.00188,0.00548,0.00184,0.00058,3.38e-05,0.00335,0.0,0.0,0.0
0.8,0.55004,0.29466,0.29993,0.00941,0.00188,0.00548,0.00184,0.000581,3.38e-05,0.00335,0.0,0.0,0.0
0.8,0.54998,0.29476,0.30003,0.00941,0.00188,0.00548,0.00185,0.000582,3.39e-05,0.00335,0.0,0.0,0.0
0.8,0.54992,0.29486,0.30013,0.00942,0.00188,0.00548,0.00185,0.000583,3.39e-05,0.00335,0.0,0.0,0.0
0.8,0.54986,0.29496,0.30023,0.00942,0.00188,0.00548,0.00185,0.000584,3.4e-05,0.00335,0.0,0.0,0.0
0.8,0.5498,0.29506,0.30033,0.00942,0.00188,0.00548,0.00185,0.000585,3.4e-05,0.00335,0.0,0.0,0.0
0.8,0.54974,0.29517,0.30043,0.00943,0.00188,0.00549,0.00185,0.000587,3.41e-05,0.00335,0.0,0.0,0.0
0.8,0.54968,0.29527,0.30053,0.00943,0.00188,0.00549,0.00185,0.000588,3.41e-05,0.00336,0.0,0.0,0.0
0.8,0.54962,0.29537,0.30063,0.00943,0.00189,0.00549,0.00185,0.000589,3.42e-05,0.00336,0.0,0.0,0.0
0.8,0.54956,0.29547,0.30073,0.00944,0.00189,0.00549,0.00185,0.00059,3.42e-05,0.00336,0.0,0.0,0.0
0.8,0.5495,0.29557,0.30083,0.00945,0.00189,0.00549,0.00185,0.000601,3.79e-05,0.00336,0.0,0.0,0.0
0.8,0.54944,0.29567,0.30093,0.00946,0.00189,0.00549,0.00185,0.000602,3.79e-05,0.00336,0.0,0.0,0.0
0.8,0.54938,0.29577,0.30103,0.00946,0.00189,0.00549,0.00185,0.000603,3.79e-05,0.00336,0.0,0.0,0.0
0.8,0.54932,0.29587,0.30113,0.00946,0.00189,0.0055,0.00186,0.000604,3.79e-05,0.00336,0.0,0.0,0.0
0.8,0.54926,0.29597,0.30123,0.00947,0.00189,0.0055,0.00186,0.000605,3.8e-05,0.00336,0.0,0.0,0.0
0.8,0.5492,0.29607,0.30133,0.00947,0.0019,0.0055,0.00186,0.000607,3.8e-05,0.00337,0.0,0.0,0.0
0.8,0.54914,0.29617,0.30143,0.00947,0.0019,0.0055,0.00186,0.000608,3.8e-05,0.00337,0.0,0.0,0.0
0.8,0.54908,0.29627,0.30153,0.00948,0.0019,0.0055,0.00186,0.000609,3.8e-05,0.00337,0.0,0.0,0.0
0.8,0.54902,0.29637,0.30163,0.00948,0.0019,0.0055,0.00186,0.00061,3.81e-05,0.00337,0.0,0.0,0.0
0.8,0.54896,0.29647,0.30173,0.00949,0.0019,0.0055,0.00186,0.000611,3.81e-05,0.00337,0.0,0.0,0.0
0.8,0.5489,0.29657,0.30183,0.00949,0.0019,0.00551,0.00186,0.000613,3.81e-05,0.00337,0.0,0.0,0.0
0.8,0.54884,0.29667,0.30193,0.00949,0.0019,0.00551,0.00186,0.000614,3.82e-05,0.00337,0.0,0.0,0.0
0.8,0.54878,0.29677,0.30203,0.0095,0.0019,0.00551,0.00186,0.000615,3.82e-05,0.00337,0.0,0.0,0.0
0.8,0.54871,0.29687,0.30213,0.0095,0.0019,0.00551,0.00186,0.000616,3.83e-05,0.00337,0.0,0.0,0.0
0.8,0.54865,0.29698,0.30223,0.0095,0.0019,0.00551,0.00186,0.000617,3.83e-05,0.00338,0.0,0.0,0.0
0.8,0.54859,0.29708,0.30233,0.00951,0.0019,0.00551,0.00187,0.000619,3.83e-05,0.00338,0.0,0.0,0.0
0.8,0.54853,0.29718,0.30243,0.00951,0.00191,0.00551,0.00187,0.00062,3.84e-05,0.00338,0.0,0.0,0.0
0.8,0.54847,0.29728,0.30253,0.00952,0.00191,0.00552,0.00187,0.000621,3.84e-05,0.00338,0.0,0.0,0.0
0.8,0.54841,0.29738,0.30263,0.00952,0.00191,0.00552,0.00187,0.000622,3.85e-05,0.00338,0.0,0.0,0.0
0.8,0.54835,0.29748,0.30273,0.00952,0.00191,0.00552,0.00187,0.000624,3.85e-05,0.00338,0.0,0.0,0.0
0.8,0.54829,0.29758,0.30283,0.00953,0.00191,0.00552,0.00187,0.000625,3.85e-05,0.00338,0.0,0.0,0.0
0.8,0.54823,0.29768,0.30293,0.00953,0.00191,0.00552,0.00187,0.000626,3.86e-05,0.00338,0.0,0.0,0.0
0.8,0.54817,0.29778,0.30303,0.00953,0.00191,0.00552,0.00187,0.000627,3.86e-05,0.00338,0.0,0.0,0.0
0.8,0.54811,0.29788,0.30313,0.00954,0.00191,0.00552,0.00187,0.000628,3.87e-05,0.00338,0.0,0.0,0.0
0.8,0.54805,0.29798,0.30323,0.00954,0.00191,0.00553,0.00187,0.00063,3.87e-05,0.00339,0.0,0.0,0.0
0.8,0.54799,0.29808,0.30333,0.00954,0.00191,0.00553,0.00187,0.000631,3.88e-05,0.00339,0.0,0.0,0.0
0.8,0.54793,0.29818,0.30343,0.00955,0.00191,0.00553,0.00188,0.000632,3.88e-05,0.00339,0.0,0.0,0.0
0.8,0.54787,0.29828,0.30353,0.00955,0.00191,0.00553,0.00188,0.000633,3.89e-05,0.00339,0.0,0.0,0.0
0.8,0.54781,0.29838,0.30363,0.00956,0.00192,0.00553,0.00188,0.000635,3.89e-05,0.00339,0.0,0.0,0.0
0.8,0.54775,0.29848,0.30373,0.00956,0.00192,0.00553,0.00188,0.000636,3.9e-05,0.00339,0.0,0.0,0.0
0.8,0.54768,0.29858,0.30383,0.00956,0.00192,0.00553,0.00188,0.000637,3.9e-05,0.00339,0.0,0.0,0.0
0.8,0.54762,0.29869,0.30393,0.00957,0.00192,0.00553,0.00188,0.000638,3.91e-05,0.00339,0.0,0.0,0.0
0.8,0.54756,0.29879,0.30403,0.00957,0.00192,0.00554,0.00188,0.00064,3.91e-05,0.00339,0.0,0.0,0.0
0.8,0.5475,0.29889,0.30413,0.00957,0.00192,0.00554,0.00188,0.000641,3.92e-05,0.0034,0.0,0.0,0.0
0.8,0.54744,0.29899,0.30423,0.00958,0.00192,0.00554,0.00188,0.000642,3.92e-05,0.0034,0.0,0.0,0.0
0.8,0.54738,0.29909,0.30433,0.00958,0.00192,0.00554,0.00188,0.000643,3.93e-05,0.0034,0.0,0.0,0.0
0.8,0.54732,0.29919,0.30443,0.00958,0.00192,0.00554,0.00188,0.000645,3.93e-05,0.0034,0.0,0.0,0.0
0.8,0.54726,0.29929,0.30453,0.00959,0.00192,0.00554,0.00188,0.000646,3.94e-05,0.0034,0.0,0.0,0.0
0.8,0.5472,0.29939,0.30463,0.00959,0.00192,0.00554,0.00188,0.000647,3.94e-05,0.0034,0.0,0.0,0.0
0.8,0.54714,0.29949,0.30473,0.00959,0.00193,0.00554,0.00189,0.000648,3.95e-05,0.0034,0.0,0.0,0.0
0.8,0.54708,0.29959,0.30483,0.0096,0.00193,0.00555,0.00189,0.00065,3.95e-05,0.0034,0.0,0.0,0.0
0.8,0.54701,0.29969,0.30493,0.0096,0.00193,0.00555,0.00189,0.000651,3.96e-05,0.0034,0.0,0.0,0.0
0.8,0.54695,0.29979,0.30503,0.00961,0.00193,0.00555,0.00189,0.000652,3.96e-05,0.0034,0.0,0.0,0.0
0.8,0.54689,0.29989,0.30513,0.00961,0.00193,0.00555,0.00189,0.000653,3.97e-05,0.00341,0.0,0.0,0.0
0.8,0.54683,0.29999,0.30523,0.00961,0.00193,0.00555,0.00189,0.000655,3.97e-05,0.00341,0.0,0.0,0.0
0.8,0.54677,0.30009,0.30533,0.00962,0.00193,0.00555,0.00189,0.000656,3.98e-05,0.00341,0.0,0.0,0.0
0.8,0.54671,0.30019,0.30543,0.00962,0.00193,0.00555,0.00189,0.000657,3.98e-05,0.00341,0.0,0.0,0.0
0.8,0.54665,0.30029,0.30553,0.00962,0.00193,0.00555,0.00189,0.000659,3.99e-05,0.00341,0.0,0.0,0.0
0.8,0.54659,0.3004,0.30563,0.00963,0.00193,0.00556,0.00189,0.00066,3.99e-05,0.00341,0.0,0.0,0.0
0.8,0.54653,0.3005,0.30573,0.00963,0.00193,0.00556,0.00189,0.000661,4e-05,0.00341,0.0,0.0,0.0
0.8,0.54647,0.3006,0.30583,0.00963,0.00193,0.00556,0.00189,0.000662,4.01e-05,0.00341,0.0,0.0,0.0
0.8,0.5464,0.3007,0.30593,0.00964,0.00194,0.00556,0.0019,0.000664,4.01e-05,0.00341,0.0,0.0,0.0
0.8,0.54634,0.3008,0.30603,0.00964,0.00194,0.00556,0.0019,0.000665,4.02e-05,0.00341,0.0,0.0,0.0
0.8,0.54628,0.3009,0.30613,0.00964,0.00194,0.00556,0.0019,0.000666,4.02e-05,0.00341,0.0,0.0,0.0
0.8,0.54622,0.301,0.30623,0.00965,0.00194,0.00556,0.0019,0.000668,4.03e-05,0.00342,0.0,0.0,0.0
0.8,0.54616,0.3011,0.30633,0.00965,0.00194,0.00556,0.0019,0.000669,4.03e-05,0.00342,0.0,0.0,0.0
0.8,0.5461,0.3012,0.30643,0.00965,0.00194,0.00557,0.0019,0.00067,4.04e-05,0.00342,0.0,0.0,0.0
0.8,0.54604,0.3013,0.30653,0.00966,0.00194,0.00557,0.0019,0.000671,4.04e-05,0.00342,0.0,0.0,0.0
0.8,0.54598,0.3014,0.30663,0.00966,0.00194,0.00557,0.0019,0.000673,4.05e-05,0.00342,0.0,0.0,0.0
0.8,0.54591,0.3015,0.30673,0.00966,0.00194,0.00557,0.0019,0.000674,4.06e-05,0.00342,0.0,0.0,0.0
0.8,0.54585,0.3016,0.30683,0.00967,0.00194,0.00557,0.0019,0.000675,4.06e-05,0.00342,0.0,0.0,0.0
0.8,0.54579,0.3017,0.30693,0.00967,0.00194,0.00557,0.0019,0.000677,4.07e-05,0.00342,0.0,0.0,0.0
0.8,0.54573,0.3018,0.30703,0.00967,0.00194,0.00557,0.0019,0.000678,4.07e-05,0.00342,0.0,0.0,0.0
0.8,0.54567,0.3019,0.30713,0.00968,0.00195,0.00557,0.0019,0.000679,4.08e-05,0.00342,0.0,0.0,0.0
0.8,0.54561,0.302,0.30723,0.00969,0.00195,0.00557,0.00191,0.000691,4.5e-05,0.00342,0.0,0.0,0.0
0.8,0.54555,0.30211,0.30733,0.00969,0.00195,0.00558,0.00191,0.000692,4.5e-05,0.00343,0.0,0.0,0.0
0.8,0.54548,0.30221,0.30743,0.0097,0.00195,0.00558,0.00191,0.000693,4.5e-05,0.00343,0.0,0.0,0.0
0.8,0.54542,0.30231,0.30753,0.0097,0.00195,0.00558,0.00191,0.000695,4.51e-05,0.00343,0.0,0.0,0.0
0.8,0.54536,0.30241,0.30763,0.0097,0.00195,0.00558,0.00191,0.000696,4.51e-05,0.00343,0.0,0.0,0.0
0.8,0.5453,0.30251,0.30773,0.00971,0.00195,0.00558,0.00191,0.000697,4.51e-05,0.00343,0.0,0.0,0.0
0.8,0.54524,0.30261,0.30783,0.00971,0.00196,0.00558,0.00191,0.000699,4.52e-05,0.00343,0.0,0.0,0.0
0.8,0.54518,0.30271,0.30793,0.00971,0.00196,0.00558,0.00191,0.0007,4.52e-05,0.00343,0.0,0.0,0.0
0.8,0.54511,0.30281,0.30803,0.00972,0.00196,0.00558,0.00191,0.000701,4.52e-05,0.00343,0.0,0.0,0.0
0.8,0.54505,0.30291,0.30813,0.00972,0.00196,0.00558,0.00191,0.000703,4.53e-05,0.00343,0.0,0.0,0.0
0.8,0.54499,0.30301,0.30823,0.00972,0.00196,0.00558,0.00191,0.000704,4.53e-05,0.00343,0.0,0.0,0.0
0.8,0.54493,0.30311,0.30833,0.00973,0.00196,0.00559,0.00191,0.000706,4.54e-05,0.00343,0.0,0.0,0.0
0.8,0.54487,0.30321,0.30843,0.00973,0.00196,0.00559,0.00191,0.000707,4.54e-05,0.00343,0.0,0.0,0.0
0.8,0.54481,0.30331,0.30853,0.00973,0.00196,0.00559,0.00192,0.000708,4.55e-05,0.00344,0.0,0.0,0.0
0.8,0.54474,0.30341,0.30863,0.00973,0.00196,0.00559,0.00192,0.00071,4.55e-05,0.00344,0.0,0.0,0.0
0.8,0.54468,0.30351,0.30873,0.00974,0.00196,0.00559,0.00192,0.000711,4.56e-05,0.00344,0.0,0.0,0.0
0.8,0.54462,0.30361,0.30883,0.00974,0.00196,0.00559,0.00192,0.000712,4.56e-05,0.00344,0.0,0.0,0.0
0.8,0.54456,0.30371,0.30893,0.00974,0.00196,0.00559,0.00192,0.000714,4.56e-05,0.00344,0.0,0.0,0.0
0.8,0.5445,0.30382,0.30903,0.00975,0.00196,0.00559,0.00192,0.000715,4.57e-05,0.00344,0.0,0.0,0.0
0.8,0.54444,0.30392,0.30913,0.00975,0.00197,0.00559,0.00192,0.000717,4.57e-05,0.00344,0.0,0.0,0.0
0.8,0.54437,0.30402,0.30923,0.00975,0.00197,0.00559,0.00192,0.000718,4.58e-05,0.00344,0.0,0.0,0.0
0.8,0.54431,0.30412,0.30933,0.00976,0.00197,0.0056,0.00192,0.000719,4.58e-05,0.00344,0.0,0.0,0.0
0.8,0.54425,0.30422,0.30943,0.00976,0.00197,0.0056,0.00192,0.000721,4.59e-05,0.00344,0.0,0.0,0.0
0.8,0.54419,0.30432,0.30953,0.00976,0.00197,0.0056,0.00192,0.000722,4.6e-05,0.00344,0.0,0.0,0.0
0.8,0.54413,0.30442,0.30963,0.00977,0.00197,0.0056,0.00192,0.000724,4.6e-05,0.00344,0.0,0.0,0.0
0.8,0.54406,0.30452,0.30973,0.00977,0.00197,0.0056,0.00192,0.000725,4.61e-05,0.00344,0.0,0.0,0.0
0.8,0.544,0.30462,0.30983,0.00977,0.00197,0.0056,0.00192,0.000726,4.61e-05,0.00345,0.0,0.0,0.0
0.8,0.54394,0.30472,0.30993,0.00978,0.00197,0.0056,0.00193,0.000728,4.62e-05,0.00345,0.0,0.0,0.0
0.8,0.54388,0.30482,0.31003,0.00978,0.00197,0.0056,0.00193,0.000729,4.62e-05,0.00345,0.0,0.0,0.0
0.8,0.54382,0.30492,0.31013,0.00978,0.00197,0.0056,0.00193,0.000731,4.63e-05,0.00345,0.0,0.0,0.0
0.8,0.54375,0.30502,0.31023,0.00978,0.00197,0.0056,0.00193,0.000732,4.63e-05,0.00345,0.0,0.0,0.0
0.8,0.54369,0.30512,0.31033,0.00979,0.00197,0.0056,0.00193,0.000733,4.64e-05,0.00345,0.0,0.0,0.0
0.8,0.54363,0.30522,0.31043,0.00979,0.00198,0.00561,0.00193,0.000735,4.65e-05,0.00345,0.0,0.0,0.0
0.8,0.54357,0.30532,0.31053,0.00979,0.00198,0.00561,0.00193,0.000736,4.65e-05,0.00345,0.0,0.0,0.0
0.8,0.54351,0.30542,0.31063,0.0098,0.00198,0.00561,0.00193,0.000738,4.66e-05,0.00345,0.0,0.0,0.0
0.8,0.54344,0.30553,0.31073,0.0098,0.00198,0.00561,0.00193,0.000739,4.66e-05,0.00345,0.0,0.0,0.0
0.8,0.54338,0.30563,0.31083,0.0098,0.00198,0.00561,0.00193,0.000741,4.67e-05,0.00345,0.0,0.0,0.0
0.8,0.54332,0.30573,0.31093,0.00981,0.00198,0.00561,0.00193,0.000742,4.68e-05,0.00345,0.0,0.0,0.0
0.8,0.54326,0.30583,0.31103,0.00981,0.00198,0.00561,0.00193,0.000743,4.68e-05,0.00345,0.0,0.0,0.0
0.8,0.5432,0.30593,0.31113,0.00981,0.00198,0.00561,0.00193,0.000745,4.69e-05,0.00346,0.0,0.0,0.0
0.8,0.54313,0.30603,0.31123,0.00981,0.00198,0.00561,0.00193,0.000746,4.69e-05,0.00346,0.0,0.0,0.0
0.8,0.54307,0.30613,0.31133,0.00982,0.00198,0.00561,0.00194,0.000748,4.7e-05,0.00346,0.0,0.0,0.0
0.8,0.54301,0.30623,0.31143,0.00982,0.00198,0.00561,0.00194,0.000749,4.71e-05,0.00346,0.0,0.0,0.0
0.8,0.54295,0.30633,0.31153,0.00982,0.00198,0.00561,0.00194,0.000751,4.71e-05,0.00346,0.0,0.0,0.0
0.8,0.54288,0.30643,0.31163,0.00983,0.00198,0.00562,0.00194,0.000752,4.72e-05,0.00346,0.0,0.0,0.0
0.8,0.54282,0.30653,0.31173,0.00983,0.00199,0.00562,0.00194,0.000753,4.72e-05,0.00346,0.0,0.0,0.0
0.8,0.54276,0.30663,0.31183,0.00983,0.00199,0.00562,0.00194,0.000755,4.73e-05,0.00346,0.0,0.0,0.0
0.8,0.5427,0.30673,0.31193,0.00983,0.00199,0.00562,0.00194,0.000756,4.74e-05,0.00346,0.0,0.0,0.0
0.8,0.54263,0.30683,0.31203,0.00984,0.00199,0.00562,0.00194,0.000758,4.74e-05,0.00346,0.0,0.0,0.0
0.8,0.54257,0.30693,0.31213,0.00984,0.00199,0.00562,0.00194,0.000759,4.75e-05,0.00346,0.0,0.0,0.0
0.8,0.54251,0.30703,0.31223,0.00984,0.00199,0.00562,0.00194,0.000761,4.76e-05,0.00346,0.0,0.0,0.0
0.8,0.54245,0.30714,0.31233,0.00985,0.00199,0.00562,0.00194,0.000762,4.76e-05,0.00346,0.0,0.0,0.0
0.8,0.54238,0.30724,0.31243,0.00985,0.00199,0.00562,0.00194,0.000764,4.77e-05,0.00346,0.0,0.0,0.0
0.8,0.54232,0.30734,0.31253,0.00985,0.00199,0.00562,0.00194,0.000765,4.78e-05,0.00346,0.0,0.0,0.0
0.8,0.54226,0.30744,0.31263,0.00985,0.00199,0.00562,0.00194,0.000766,4.78e-05,0.00346,0.0,0.0,0.0
0.8,0.5422,0.30754,0.31273,0.00986,0.00199,0.00562,0.00194,0.000768,4.79e-05,0.00347,0.0,0.0,0.0
0.8,0.54213,0.30764,0.31283,0.00986,0.00199,0.00562,0.00195,0.000769,4.8e-05,0.00347,0.0,0.0,0.0
0.8,0.54207,0.30774,0.31293,0.00986,0.00199,0.00563,0.00195,0.000771,4.8e-05,0.00347,0.0,0.0,0.0
0.8,0.54201,0.30784,0.31303,0.00987,0.00199,0.00563,0.00195,0.000772,4.81e-05,0.00347,0.0,0.0,0.0
0.8,0.54195,0.30794,0.31313,0.00987,0.002,0.00563,0.00195,0.000774,4.82e-05,0.00347,0.0,0.0,0.0
0.8,0.54188,0.30804,0.31323,0.00987,0.002,0.00563,0.00195,0.000775,4.82e-05,0.00347,0.0,0.0,0.0
0.8,0.54182,0.30814,0.31333,0.00987,0.002,0.00563,0.00195,0.000777,4.83e-05,0.00347,0.0,0.0,0.0
0.8,0.54176,0.30824,0.31343,0.00988,0.002,0.00563,0.00195,0.000778,4.84e-05,0.00347,0.0,0.0,0.0
0.8,0.5417,0.30834,0.31353,0.00989,0.002,0.00563,0.00195,0.00079,5.32e-05,0.00347,0.0,0.0,0.0
0.8,0.54163,0.30844,0.31363,0.00989,0.002,0.00563,0.00195,0.000792,5.32e-05,0.00347,0.0,0.0,0.0
0.8,0.54157,0.30854,0.31373,0.0099,0.002,0.00563,0.00195,0.000793,5.33e-05,0.00347,0.0,0.0,0.0
0.8,0.54151,0.30864,0.31383,0.0099,0.002,0.00563,0.00195,0.000795,5.33e-05,0.00347,0.0,0.0,0.0
0.8,0.54145,0.30874,0.31393,0.0099,0.00201,0.00563,0.00195,0.000796,5.33e-05,0.00347,0.0,0.0,0.0
0.8,0.54138,0.30885,0.31403,0.0099,0.00201,0.00563,0.00195,0.000798,5.34e-05,0.00347,0.0,0.0,0.0
0.8,0.54132,0.30895,0.31413,0.00991,0.00201,0.00563,0.00195,0.0008,5.34e-05,0.00347,0.0,0.0,0.0
0.8,0.54126,0.30905,0.31423,0.00991,0.00201,0.00563,0.00195,0.000801,5.35e-05,0.00347,0.0,0.0,0.0
0.8,0.54119,0.30915,0.31433,0.00991,0.00201,0.00563,0.00195,0.000803,5.35e-05,0.00347,0.0,0.0,0.0
0.8,0.54113,0.30925,0.31443,0.00991,0.00201,0.00564,0.00196,0.000804,5.35e-05,0.00348,0.0,0.0,0.0
0.8,0.54107,0.30935,0.31453,0.00992,0.00201,0.00564,0.00196,0.000806,5.36e-05,0.00348,0.0,0.0,0.0
0.8,0.54101,0.30945,0.31463,0.00992,0.00201,0.00564,0.00196,0.000807,5.36e-05,0.00348,0.0,0.0,0.0
0.8,0.54094,0.30955,0.31473,0.00992,0.00201,0.00564,0.00196,0.000809,5.37e-05,0.00348,0.0,0.0,0.0
0.8,0.54088,0.30965,0.31483,0.00993,0.00201,0.00564,0.00196,0.00081,5.37e-05,0.00348,0.0,0.0,0.0
0.8,0.54082,0.30975,0.31493,0.00993,0.00201,0.00564,0.00196,0.000812,5.38e-05,0.00348,0.0,0.0,0.0
0.8,0.54075,0.30985,0.31503,0.00993,0.00201,0.00564,0.00196,0.000813,5.39e-05,0.00348,0.0,0.0,0.0
0.8,0.54069,0.30995,0.31513,0.00993,0.00201,0.00564,0.00196,0.000815,5.39e-05,0.00348,0.0,0.0,0.0
0.8,0.54063,0.31005,0.31523,0.00994,0.00201,0.00564,0.00196,0.000817,5.4e-05,0.00348,0.0,0.0,0.0
0.8,0.54056,0.31015,0.31533,0.00994,0.00201,0.00564,0.00196,0.000818,5.4e-05,0.00348,0.0,0.0,0.0
0.8,0.5405,0.31025,0.31543,0.00994,0.00202,0.00564,0.00196,0.00082,5.41e-05,0.00348,0.0,0.0,0.0
0.8,0.54044,0.31035,0.31553,0.00994,0.00202,0.00564,0.00196,0.000821,5.41e-05,0.00348,0.0,0.0,0.0
0.8,0.54037,0.31045,0.31563,0.00995,0.00202,0.00564,0.00196,0.000823,5.42e-05,0.00348,0.0,0.0,0.0
0.8,0.54031,0.31056,0.31573,0.00995,0.00202,0.00564,0.00196,0.000824,5.43e-05,0.00348,0.0,0.0,0.0
0.8,0.54025,0.31066,0.31583,0.00995,0.00202,0.00564,0.00196,0.000826,5.43e-05,0.00348,0.0,0.0,0.0
0.8,0.54019,0.31076,0.31593,0.00995,0.00202,0.00564,0.00196,0.000828,5.44e-05,0.00348,0.0,0.0,0.0
0.8,0.54012,0.31086,0.31603,0.00996,0.00202,0.00564,0.00197,0.000829,5.44e-05,0.00348,0.0,0.0,0.0
0.8,0.54006,0.31096,0.31613,0.00996,0.00202,0.00564,0.00197,0.000831,5.45e-05,0.00348,0.0,0.0,0.0
0.8,0.54,0.31106,0.31623,0.00996,0.00202,0.00564,0.00197,0.000832,5.46e-05,0.00348,0.0,0.0,0.0
0.8,0.53993,0.31116,0.31633,0.00996,0.00202,0.00565,0.00197,0.000834,5.46e-05,0.00348,0.0,0.0,0.0
0.8,0.53987,0.31126,0.31643,0.00997,0.00202,0.00565,0.00197,0.000836,5.47e-05,0.00348,0.0,0.0,0.0
0.8,0.53981,0.31136,0.31653,0.00997,0.00202,0.00565,0.00197,0.000837,5.48e-05,0.00349,0.0,0.0,0.0
0.8,0.53974,0.31146,0.31663,0.00997,0.00202,0.00565,0.00197,0.000839,5.48e-05,0.00349,0.0,0.0,0.0
0.8,0.53968,0.31156,0.31673,0.00997,0.00202,0.00565,0.00197,0.00084,5.49e-05,0.00349,0.0,0.0,0.0
0.8,0.53962,0.31166,0.31683,0.00998,0.00202,0.00565,0.00197,0.000842,5.5e-05,0.00349,0.0,0.0,0.0
0.8,0.53955,0.31176,0.31693,0.00998,0.00203,0.00565,0.00197,0.000843,5.5e-05,0.00349,0.0,0.0,0.0
0.8,0.53949,0.31186,0.31703,0.00998,0.00203,0.00565,0.00197,0.000845,5.51e-05,0.00349,0.0,0.0,0.0
0.8,0.53943,0.31196,0.31713,0.00998,0.00203,0.00565,0.00197,0.000847,5.52e-05,0.00349,0.0,0.0,0.0
0.8,0.53936,0.31206,0.31723,0.00999,0.00203,0.00565,0.00197,0.000848,5.53e-05,0.00349,0.0,0.0,0.0
0.8,0.5393,0.31217,0.31733,0.00999,0.00203,0.00565,0.00197,0.00085,5.53e-05,0.00349,0.0,0.0,0.0
0.8,0.53924,0.31227,0.31743,0.00999,0.00203,0.00565,0.00197,0.000852,5.54e-05,0.00349,0.0,0.0,0.0
0.8,0.53917,0.31237,0.31753,0.00999,0.00203,0.00565,0.00197,0.000853,5.55e-05,0.00349,0.0,0.0,0.0
0.8,0.53911,0.31247,0.31763,0.01,0.00203,0.00565,0.00197,0.000855,5.55e-05,0.00349,0.0,0.0,0.0
0.8,0.53904,0.31257,0.31773,0.01,0.00203,0.00565,0.00197,0.000856,5.56e-05,0.00349,0.0,0.0,0.0
0.8,0.53898,0.31267,0.31783,0.01,0.00203,0.00565,0.00198,0.000858,5.57e-05,0.00349,0.0,0.0,0.0
0.8,0.53892,0.31277,0.31793,0.01,0.00203,0.00565,0.00198,0.00086,5.58e-05,0.00349,0.0,0.0,0.0
0.8,0.53885,0.31287,0.31803,0.01,0.00203,0.00565,0.00198,0.000861,5.58e-05,0.00349,0.0,0.0,0.0
0.8,0.53879,0.31297,0.31813,0.01,0.00203,0.00565,0.00198,0.000863,5.59e-05,0.00349,0.0,0.0,0.0
0.8,0.53873,0.31307,0.31823,0.01,0.00203,0.00565,0.00198,0.000865,5.6e-05,0.00349,0.0,0.0,0.0
0.8,0.53866,0.31317,0.31833,0.01,0.00203,0.00565,0.00198,0.000866,5.6e-05,0.00349,0.0,0.0,0.0
0.8,0.5386,0.31327,0.31843,0.01,0.00203,0.00565,0.00198,0.000868,5.61e-05,0.00349,0.0,0.0,0.0
0.8,0.53854,0.31337,0.31853,0.01,0.00204,0.00565,0.00198,0.000869,5.62e-05,0.00349,0.0,0.0,0.0
0.8,0.53847,0.31347,0.31863,0.01,0.00204,0.00565,0.00198,0.000871,5.63e-05,0.00349,0.0,0.0,0.0
0.8,0.53841,0.31357,0.31873,0.01,0.00204,0.00566,0.00198,0.000873,5.63e-05,0.00349,0.0,0.0,0.0
0.8,0.53834,0.31367,0.31883,0.01,0.00204,0.00566,0.00198,0.000874,5.64e-05,0.00349,0.0,0.0,0.0
0.8,0.53828,0.31377,0.31893,0.01,0.00204,0.00566,0.00198,0.000876,5.65e-05,0.00349,0.0,0.0,0.0
0.8,0.53822,0.31388,0.31903,0.01,0.00204,0.00566,0.00198,0.000878,5.66e-05,0.00349,0.0,0.0,0.0
0.8,0.53815,0.31398,0.31913,0.01,0.00204,0.00566,0.00198,0.000879,5.67e-05,0.00349,0.0,0.0,0.0
0.8,0.53809,0.31408,0.31923,0.01,0.00204,0.00566,0.00198,0.000881,5.67e-05,0.00349,0.0,0.0,0.0
0.8,0.53803,0.31418,0.31933,0.01,0.00204,0.00566,0.00198,0.000883,5.68e-05,0.0035,0.0,0.0,0.0
0.8,0.53796,0.31428,0.31943,0.01,0.00204,0.00566,0.00198,0.000884,5.69e-05,0.0035,0.0,0.0,0.0
0.8,0.5379,0.31438,0.31953,0.01,0.00204,0.00566,0.00198,0.000886,5.7e-05,0.0035,0.0,0.0,0.0
0.8,0.53783,0.31448,0.31963,0.01,0.00204,0.00566,0.00198,0.000888,5.7e-05,0.0035,0.0,0.0,0.0
0.8,0.53777,0.31458,0.31973,0.01,0.00204,0.00566,0.00199,0.000889,5.71e-05,0.0035,0.0,0.0,0.0
0.8,0.53771,0.31468,0.31983,0.01,0.00204,0.00566,0.00199,0.000891,5.72e-05,0.0035,0.0,0.0,0.0
0.8,0.53764,0.31478,0.31993,0.0101,0.00205,0.00566,0.00199,0.000904,6.27e-05,0.0035,0.0,0.0,0.0
0.8,0.53758,0.31488,0.32003,0.0101,0.00205,0.00566,0.00199,0.000906,6.28e-05,0.0035,0.0,0.0,0.0
0.8,0.53751,0.31498,0.32013,0.0101,0.00205,0.00566,0.00199,0.000907,6.28e-05,0.0035,0.0,0.0,0.0
0.8,0.53745,0.31508,0.32023,0.0101,0.00205,0.00566,0.00199,0.000909,6.28e-05,0.0035,0.0,0.0,0.0
0.8,0.53739,0.31518,0.32033,0.0101,0.00205,0.00566,0.00199,0.000911,6.29e-05,0.0035,0.0,0.0,0.0
0.8,0.53732,0.31528,0.32043,0.0101,0.00205,0.00566,0.00199,0.000912,6.29e-05,0.0035,0.0,0.0,0.0
0.8,0.53726,0.31538,0.32053,0.0101,0.00205,0.00566,0.00199,0.000914,6.3e-05,0.0035,0.0,0.0,0.0
0.8,0.53719,0.31549,0.32063,0.0101,0.00205,0.00566,0.00199,0.000916,6.3e-05,0.0035,0.0,0.0,0.0
0.8,0.53713,0.31559,0.32073,0.0101,0.00205,0.00566,0.00199,0.000918,6.31e-05,0.0035,0.0,0.0,0.0
0.8,0.53707,0.31569,0.32083,0.0101,0.00205,0.00566,0.00199,0.000919,6.31e-05,0.0035,0.0,0.0,0.0
0.8,0.537,0.31579,0.32093,0.0101,0.00205,0.00566,0.00199,0.000921,6.32e-05,0.0035,0.0,0.0,0.0
0.8,0.53694,0.31589,0.32103,0.0101,0.00206,0.00566,0.00199,0.000923,6.32e-05,0.0035,0.0,0.0,0.0
0.8,0.53687,0.31599,0.32113,0.0101,0.00206,0.00566,0.00199,0.000925,6.33e-05,0.0035,0.0,0.0,0.0
0.8,0.53681,0.31609,0.32123,0.0101,0.00206,0.00566,0.00199,0.000926,6.34e-05,0.0035,0.0,0.0,0.0
0.8,0.53674,0.31619,0.32133,0.0101,0.00206,0.00566,0.00199,0.000928,6.34e-05,0.0035,0.0,0.0,0.0
0.8,0.53668,0.31629,0.32143,0.0101,0.00206,0.00566,0.00199,0.00093,6.35e-05,0.0035,0.0,0.0,0.0
0.8,0.53662,0.31639,0.32153,0.0101,0.00206,0.00566,0.00199,0.000932,6.36e-05,0.0035,0.0,0.0,0.0
0.8,0.53655,0.31649,0.32163,0.0101,0.00206,0.00566,0.00199,0.000933,6.36e-05,0.0035,0.0,0.0,0.0
0.8,0.53649,0.31659,0.32173,0.0101,0.00206,0.00566,0.002,0.000935,6.37e-05,0.0035,0.0,0.0,0.0
0.8,0.53642,0.31669,0.32183,0.0101,0.00206,0.00566,0.002,0.000937,6.38e-05,0.0035,0.0,0.0,0.0
0.8,0.53636,0.31679,0.32193,0.0101,0.00206,0.00566,0.002,0.000939,6.38e-05,0.0035,0.0,0.0,0.0
0.8,0.53629,0.31689,0.32203,0.0101,0.00206,0.00566,0.002,0.00094,6.39e-05,0.0035,0.0,0.0,0.0
0.8,0.53623,0.31699,0.32213,0.0101,0.00206,0.00566,0.002,0.000942,6.4e-05,0.0035,0.0,0.0,0.0
0.8,0.53616,0.3171,0.32223,0.0101,0.00206,0.00566,0.002,0.000944,6.4e-05,0.0035,0.0,0.0,0.0
0.8,0.5361,0.3172,0.32233,0.0101,0.00206,0.00566,0.002,0.000946,6.41e-05,0.0035,0.0,0.0,0.0
0.8,0.53604,0.3173,0.32243,0.0101,0.00206,0.00566,0.002,0.000948,6.42e-05,0.0035,0.0,0.0,0.0
0.8,0.53597,0.3174,0.32253,0.0101,0.00206,0.00566,0.002,0.000949,6.43e-05,0.0035,0.0,0.0,0.0
0.8,0.53591,0.3175,0.32263,0.0101,0.00206,0.00566,0.002,0.000951,6.43e-05,0.0035,0.0,0.0,0.0
0.8,0.53584,0.3176,0.32273,0.0101,0.00206,0.00566,0.002,0.000953,6.44e-05,0.0035,0.0,0.0,0.0
0.8,0.53578,0.3177,0.32283,0.0101,0.00206,0.00566,0.002,0.000955,6.45e-05,0.0035,0.0,0.0,0.0
0.8,0.53571,0.3178,0.32293,0.0101,0.00207,0.00566,0.002,0.000956,6.46e-05,0.0035,0.0,0.0,0.0
0.8,0.53565,0.3179,0.32303,0.0101,0.00207,0.00566,0.002,0.000958,6.47e-05,0.0035,0.0,0.0,0.0
0.8,0.53558,0.318,0.32313,0.0101,0.00207,0.00566,0.002,0.00096,6.47e-05,0.0035,0.0,0.0,0.0
0.8,0.53552,0.3181,0.32323,0.0101,0.00207,0.00566,0.002,0.000962,6.48e-05,0.0035,0.0,0.0,0.0
0.8,0.53545,0.3182,0.32333,0.0101,0.00207,0.00566,0.002,0.000964,6.49e-05,0.0035,0.0,0.0,0.0
0.8,0.53539,0.3183,0.32343,0.0101,0.00207,0.00566,0.002,0.000966,6.5e-05,0.0035,0.0,0.0,0.0
0.8,0.53533,0.3184,0.32353,0.0101,0.00207,0.00566,0.002,0.000967,6.51e-05,0.0035,0.0,0.0,0.0
0.8,0.53526,0.3185,0.32363,0.0101,0.00207,0.00566,0.002,0.000969,6.51e-05,0.0035,0.0,0.0,0.0
0.8,0.5352,0.3186,0.32373,0.0101,0.00207,0.00566,0.002,0.000971,6.52e-05,0.0035,0.0,0.0,0.0
0.8,0.53513,0.31871,0.32383,0.0101,0.00207,0.00566,0.002,0.000973,6.53e-05,0.0035,0.0,0.0,0.0
0.8,0.53507,0.31881,0.32393,0.0101,0.00207,0.00566,0.002,0.000975,6.54e-05,0.0035,0.0,0.0,0.0
0.8,0.535,0.31891,0.32403,0.0101,0.00207,0.00566,0.00201,0.000976,6.55e-05,0.0035,0.0,0.0,0.0
0.8,0.53494,0.31901,0.32413,0.0101,0.00207,0.00566,0.00201,0.000978,6.56e-05,0.0035,0.0,0.0,0.0
0.8,0.53487,0.31911,0.32423,0.0101,0.00207,0.00566,0.00201,0.00098,6.56e-05,0.0035,0.0,0.0,0.0
0.8,0.53481,0.31921,0.32433,0.0101,0.00207,0.00566,0.00201,0.000982,6.57e-05,0.0035,0.0,0.0,0.0
0.8,0.53474,0.31931,0.32443,0.0101,0.00207,0.00566,0.00201,0.000984,6.58e-05,0.0035,0.0,0.0,0.0
0.8,0.53468,0.31941,0.32453,0.0102,0.00207,0.00566,0.00201,0.000986,6.59e-05,0.0035,0.0,0.0,0.0
0.8,0.53461,0.31951,0.32463,0.0102,0.00207,0.00566,0.00201,0.000987,6.6e-05,0.0035,0.0,0.0,0.0
0.8,0.53455,0.31961,0.32473,0.0102,0.00207,0.00566,0.00201,0.000989,6.61e-05,0.0035,0.0,0.0,0.0
0.8,0.53448,0.31971,0.32483,0.0102,0.00207,0.00566,0.00201,0.000991,6.62e-05,0.0035,0.0,0.0,0.0
0.8,0.53442,0.31981,0.32493,0.0102,0.00208,0.00566,0.00201,0.000993,6.62e-05,0.0035,0.0,0.0,0.0
0.8,0.53435,0.31991,0.32503,0.0102,0.00208,0.00566,0.00201,0.000995,6.63e-05,0.0035,0.0,0.0,0.0
0.8,0.53429,0.32001,0.32513,0.0102,0.00208,0.00566,0.00201,0.000997,6.64e-05,0.0035,0.0,0.0,0.0
0.8,0.53422,0.32011,0.32523,0.0102,0.00208,0.00566,0.00201,0.000998,6.65e-05,0.0035,0.0,0.0,0.0
0.8,0.53416,0.32021,0.32533,0.0102,0.00208,0.00566,0.00201,0.001,6.66e-05,0.0035,0.0,0.0,0.0
0.8,0.53409,0.32032,0.32543,0.0102,0.00208,0.00566,0.00201,0.001,6.67e-05,0.0035,0.0,0.0,0.0
0.8,0.53403,0.32042,0.32553,0.0102,0.00208,0.00566,0.00201,0.001,6.68e-05,0.0035,0.0,0.0,0.0
0.8,0.53396,0.32052,0.32563,0.0102,0.00208,0.00566,0.00201,0.00101,6.69e-05,0.0035,0.0,0.0,0.0
0.8,0.5339,0.32062,0.32573,0.0102,0.00208,0.00566,0.00201,0.00101,6.7e-05,0.0035,0.0,0.0,0.0
0.8,0.53383,0.32072,0.32583,0.0102,0.00208,0.00566,0.00201,0.00101,6.7e-05,0.0035,0.0,0.0,0.0
0.8,0.53377,0.32082,0.32593,0.0102,0.00208,0.00566,0.00201,0.00101,6.71e-05,0.0035,0.0,0.0,0.0
0.8,0.5337,0.32092,0.32603,0.0102,0.00208,0.00566,0.00201,0.00101,6.72e-05,0.0035,0.0,0.0,0.0
0.8,0.53364,0.32102,0.32613,0.0102,0.00208,0.00566,0.00201,0.00102,6.73e-05,0.0035,0.0,0.0,0.0
0.8,0.53357,0.32112,0.32623,0.0102,0.00209,0.00566,0.00201,0.00103,7.36e-05,0.0035,0.0,0.0,0.0
0.8,0.53351,0.32122,0.32633,0.0102,0.00209,0.00566,0.00201,0.00103,7.37e-05,0.0035,0.0,0.0,0.0
0.8,0.53344,0.32132,0.32643,0.0102,0.00209,0.00566,0.00201,0.00103,7.37e-05,0.0035,0.0,0.0,0.0
0.8,0.53338,0.32142,0.32653,0.0102,0.00209,0.00566,0.00202,0.00103,7.37e-05,0.0035,0.0,0.0,0.0
0.8,0.53331,0.32152,0.32663,0.0102,0.00209,0.00566,0.00202,0.00104,7.38e-05,0.0035,0.0,0.0,0.0
0.8,0.53324,0.32162,0.32673,0.0102,0.00209,0.00566,0.00202,0.00104,7.38e-05,0.0035,0.0,0.0,0.0
0.8,0.53318,0.32172,0.32683,0.0102,0.00209,0.00566,0.00202,0.00104,7.39e-05,0.0035,0.0,0.0,0.0
0.8,0.53311,0.32182,0.32693,0.0102,0.00209,0.00566,0.00202,0.00104,7.4e-05,0.0035,0.0,0.0,0.0
0.8,0.53305,0.32193,0.32703,0.0102,0.00209,0.00566,0.00202,0.00104,7.4e-05,0.0035,0.0,0.0,0.0
0.8,0.53298,0.32203,0.32713,0.0102,0.00209,0.00566,0.00202,0.00105,7.41e-05,0.0035,0.0,0.0,0.0
0.8,0.53292,0.32213,0.32723,0.0102,0.00209,0.00566,0.00202,0.00105,7.42e-05,0.0035,0.0,0.0,0.0
0.8,0.53285,0.32223,0.32733,0.0102,0.00209,0.00566,0.00202,0.00105,7.42e-05,0.0035,0.0,0.0,0.0
0.8,0.53279,0.32233,0.32743,0.0102,0.00209,0.00566,0.00202,0.00105,7.43e-05,0.0035,0.0,0.0,0.0
0.8,0.53272,0.32243,0.32753,0.0102,0.00209,0.00566,0.00202,0.00105,7.44e-05,0.0035,0.0,0.0,0.0
0.8,0.53266,0.32253,0.32763,0.0102,0.00209,0.00566,0.00202,0.00106,7.44e-05,0.0035,0.0,0.0,0.0
0.8,0.53259,0.32263,0.32773,0.0102,0.00209,0.00566,0.00202,0.00106,7.45e-05,0.0035,0.0,0.0,0.0
0.8,0.53252,0.32273,0.32783,0.0102,0.00209,0.00566,0.00202,0.00106,7.46e-05,0.0035,0.0,0.0,0.0
0.8,0.53246,0.32283,0.32793,0.0102,0.00209,0.00566,0.00202,0.00106,7.47e-05,0.0035,0.0,0.0,0.0
0.8,0.53239,0.32293,0.32803,0.0102,0.00209,0.00566,0.00202,0.00106,7.47e-05,0.0035,0.0,0.0,0.0
0.8,0.53233,0.32303,0.32813,0.0102,0.0021,0.00566,0.00202,0.00107,7.48e-05,0.0035,0.0,0.0,0.0
0.8,0.53226,0.32313,0.32823,0.0102,0.0021,0.00565,0.00202,0.00107,7.49e-05,0.0035,0.0,0.0,0.0
0.8,0.5322,0.32323,0.32833,0.0102,0.0021,0.00565,0.00202,0.00107,7.5e-05,0.0035,0.0,0.0,0.0
0.8,0.53213,0.32333,0.32843,0.0102,0.0021,0.00565,0.00202,0.00107,7.51e-05,0.0035,0.0,0.0,0.0
0.8,0.53207,0.32343,0.32853,0.0102,0.0021,0.00565,0.00202,0.00107,7.51e-05,0.0035,0.0,0.0,0.0
0.8,0.532,0.32354,0.32863,0.0102,0.0021,0.00565,0.00202,0.00108,7.52e-05,0.0035,0.0,0.0,0.0
0.8,0.53193,0.32364,0.32873,0.0102,0.0021,0.00565,0.00202,0.00108,7.53e-05,0.0035,0.0,0.0,0.0
0.8,0.53187,0.32374,0.32883,0.0102,0.0021,0.00565,0.00202,0.00108,7.54e-05,0.0035,0.0,0.0,0.0
0.8,0.5318,0.32384,0.32893,0.0102,0.0021,0.00565,0.00202,0.00108,7.55e-05,0.0035,0.0,0.0,0.0
0.8,0.53174,0.32394,0.32903,0.0102,0.0021,0.00565,0.00202,0.00108,7.56e-05,0.0035,0.0,0.0,0.0
0.8,0.53167,0.32404,0.32913,0.0102,0.0021,0.00565,0.00202,0.00109,7.57e-05,0.0035,0.0,0.0,0.0
0.8,0.5316,0.32414,0.32923,0.0102,0.0021,0.00565,0.00202,0.00109,7.58e-05,0.0035,0.0,0.0,0.0
0.8,0.53154,0.32424,0.32933,0.0102,0.0021,0.00565,0.00202,0.00109,7.58e-05,0.0035,0.0,0.0,0.0
0.8,0.53147,0.32434,0.32943,0.0102,0.0021,0.00565,0.00202,0.00109,7.59e-05,0.0035,0.0,0.0,0.0
0.8,0.53141,0.32444,0.32953,0.0102,0.0021,0.00565,0.00202,0.00109,7.6e-05,0.0035,0.0,0.0,0.0
0.8,0.53134,0.32454,0.32963,0.0102,0.0021,0.00565,0.00203,0.0011,7.61e-05,0.0035,0.0,0.0,0.0
0.8,0.53128,0.32464,0.32973,0.0102,0.0021,0.00565,0.00203,0.0011,7.62e-05,0.0035,0.0,0.0,0.0
0.8,0.53121,0.32474,0.32983,0.0102,0.0021,0.00565,0.00203,0.0011,7.63e-05,0.0035,0.0,0.0,0.0
0.8,0.53114,0.32484,0.32993,0.0102,0.0021,0.00565,0.00203,0.0011,7.64e-05,0.0035,0.0,0.0,0.0
0.8,0.53108,0.32494,0.33003,0.0102,0.0021,0.00565,0.00203,0.0011,7.65e-05,0.0035,0.0,0.0,0.0
0.8,0.53101,0.32504,0.33013,0.0102,0.0021,0.00565,0.00203,0.00111,7.66e-05,0.00349,0.0,0.0,0.0
0.8,0.53095,0.32515,0.33023,0.0102,0.0021,0.00565,0.00203,0.00111,7.67e-05,0.00349,0.0,0.0,0.0
0.8,0.53088,0.32525,0.33033,0.0103,0.0021,0.00565,0.00203,0.00111,7.68e-05,0.00349,0.0,0.0,0.0
0.8,0.53081,0.32535,0.33043,0.0103,0.0021,0.00565,0.00203,0.00111,7.69e-05,0.00349,0.0,0.0,0.0
0.8,0.53075,0.32545,0.33053,0.0103,0.0021,0.00565,0.00203,0.00111,7.7e-05,0.00349,0.0,0.0,0.0
0.8,0.53068,0.32555,0.33063,0.0103,0.00211,0.00565,0.00203,0.00112,7.71e-05,0.00349,0.0,0.0,0.0
0.8,0.53061,0.32565,0.33073,0.0103,0.00211,0.00564,0.00203,0.00112,7.72e-05,0.00349,0.0,0.0,0.0
0.8,0.53055,0.32575,0.33083,0.0103,0.00211,0.00564,0.00203,0.00112,7.73e-05,0.00349,0.0,0.0,0.0
0.8,0.53048,0.32585,0.33093,0.0103,0.00211,0.00564,0.00203,0.00112,7.74e-05,0.00349,0.0,0.0,0.0
0.8,0.53042,0.32595,0.33103,0.0103,0.00211,0.00564,0.00203,0.00112,7.75e-05,0.00349,0.0,0.0,0.0
0.8,0.53035,0.32605,0.33113,0.0103,0.00211,0.00564,0.00203,0.00113,7.76e-05,0.00349,0.0,0.0,0.0
0.8,0.53028,0.32615,0.33123,0.0103,0.00211,0.00564,0.00203,0.00113,7.77e-05,0.00349,0.0,0.0,0.0
0.8,0.53022,0.32625,0.33133,0.0103,0.00211,0.00564,0.00203,0.00113,7.78e-05,0.00349,0.0,0.0,0.0
0.8,0.53015,0.32635,0.33143,0.0103,0.00211,0.00564,0.00203,0.00113,7.79e-05,0.00349,0.0,0.0,0.0
0.8,0.53008,0.32645,0.33153,0.0103,0.00211,0.00564,0.00203,0.00114,7.8e-05,0.00349,0.0,0.0,0.0
0.8,0.53002,0.32655,0.33163,0.0103,0.00211,0.00564,0.00203,0.00114,7.81e-05,0.00349,0.0,0.0,0.0
0.8,0.52995,0.32665,0.33173,0.0103,0.00211,0.00564,0.00203,0.00114,7.82e-05,0.00349,0.0,0.0,0.0
0.8,0.52989,0.32676,0.33183,0.0103,0.00211,0.00564,0.00203,0.00114,7.83e-05,0.00349,0.0,0.0,0.0
0.8,0.52982,0.32686,0.33193,0.0103,0.00211,0.00564,0.00203,0.00114,7.84e-05,0.00349,0.0,0.0,0.0
0.8,0.52975,0.32696,0.33203,0.0103,0.00211,0.00564,0.00203,0.00115,7.85e-05,0.00349,0.0,0.0,0.0
0.8,0.52969,0.32706,0.33213,0.0103,0.00211,0.00564,0.00203,0.00115,7.86e-05,0.00349,0.0,0.0,0.0
0.8,0.52962,0.32716,0.33223,0.0103,0.00211,0.00564,0.00203,0.00115,7.87e-05,0.00349,0.0,0.0,0.0
0.8,0.52955,0.32726,0.33233,0.0103,0.00211,0.00564,0.00203,0.00115,7.88e-05,0.00349,0.0,0.0,0.0
0.8,0.52949,0.32736,0.33243,0.0103,0.00212,0.00564,0.00203,0.00117,8.6e-05,0.00349,0.0,0.0,0.0
0.8,0.52942,0.32746,0.33253,0.0103,0.00212,0.00563,0.00203,0.00117,8.61e-05,0.00349,0.0,0.0,0.0
0.8,0.52935,0.32756,0.33263,0.0103,0.00212,0.00563,0.00203,0.00117,8.61e-05,0.00349,0.0,0.0,0.0
0.8,0.52929,0.32766,0.33273,0.0103,0.00212,0.00563,0.00203,0.00117,8.62e-05,0.00349,0.0,0.0,0.0
0.8,0.52922,0.32776,0.33283,0.0103,0.00212,0.00563,0.00203,0.00117,8.62e-05,0.00348,0.0,0.0,0.0
0.8,0.52915,0.32786,0.33293,0.0103,0.00212,0.00563,0.00203,0.00118,8.63e-05,0.00348,0.0,0.0,0.0
0.8,0.52909,0.32796,0.33303,0.0103,0.00212,0.00563,0.00203,0.00118,8.63e-05,0.00348,0.0,0.0,0.0
0.8,0.52902,0.32806,0.33313,0.0103,0.00212,0.00563,0.00203,0.00118,8.64e-05,0.00348,0.0,0.0,0.0
0.8,0.52895,0.32816,0.33323,0.0103,0.00212,0.00563,0.00203,0.00118,8.65e-05,0.00348,0.0,0.0,0.0
0.8,0.52889,0.32827,0.33333,0.0103,0.00212,0.00563,0.00203,0.00119,8.65e-05,0.00348,0.0,0.0,0.0
0.8,0.52882,0.32837,0.33343,0.0103,0.00212,0.00563,0.00203,0.00119,8.66e-05,0.00348,0.0,0.0,0.0
0.8,0.52875,0.32847,0.33353,0.0103,0.00212,0.00563,0.00204,0.00119,8.67e-05,0.00348,0.0,0.0,0.0
0.8,0.52869,0.32857,0.33363,0.0103,0.00212,0.00563,0.00204,0.00119,8.68e-05,0.00348,0.0,0.0,0.0
0.8,0.52862,0.32867,0.33373,0.0103,0.00212,0.00563,0.00204,0.00119,8.69e-05,0.00348,0.0,0.0,0.0
0.8,0.52855,0.32877,0.33383,0.0103,0.00212,0.00563,0.00204,0.0012,8.69e-05,0.00348,0.0,0.0,0.0
0.8,0.52849,0.32887,0.33393,0.0103,0.00212,0.00563,0.00204,0.0012,8.7e-05,0.00348,0.0,0.0,0.0
0.8,0.52842,0.32897,0.33403,0.0103,0.00212,0.00563,0.00204,0.0012,8.71e-05,0.00348,0.0,0.0,0.0
0.8,0.52835,0.32907,0.33413,0.0103,0.00212,0.00562,0.00204,0.0012,8.72e-05,0.00348,0.0,0.0,0.0
0.8,0.52829,0.32917,0.33423,0.0103,0.00212,0.00562,0.00204,0.00121,8.73e-05,0.00348,0.0,0.0,0.0
0.8,0.52822,0.32927,0.33433,0.0103,0.00212,0.00562,0.00204,0.00121,8.74e-05,0.00348,0.0,0.0,0.0
0.8,0.52815,0.32937,0.33443,0.0103,0.00212,0.00562,0.00204,0.00121,8.75e-05,0.00348,0.0,0.0,0.0
0.8,0.52809,0.32947,0.33453,0.0103,0.00212,0.00562,0.00204,0.00121,8.76e-05,0.00348,0.0,0.0,0.0
0.8,0.52802,0.32957,0.33463,0.0103,0.00212,0.00562,0.00204,0.00121,8.77e-05,0.00348,0.0,0.0,0.0
0.8,0.52795,0.32967,0.33473,0.0103,0.00213,0.00562,0.00204,0.00122,8.78e-05,0.00348,0.0,0.0,0.0
0.8,0.52789,0.32977,0.33483,0.0103,0.00213,0.00562,0.00204,0.00122,8.79e-05,0.00348,0.0,0.0,0.0
0.8,0.52782,0.32988,0.33493,0.0103,0.00213,0.00562,0.00204,0.00122,8.8e-05,0.00347,0.0,0.0,0.0
0.8,0.52775,0.32998,0.33503,0.0103,0.00213,0.00562,0.00204,0.00122,8.8e-05,0.00347,0.0,0.0,0.0
0.8,0.52768,0.33008,0.33513,0.0103,0.00213,0.00562,0.00204,0.00123,8.82e-05,0.00347,0.0,0.0,0.0
0.8,0.52762,0.33018,0.33523,0.0103,0.00213,0.00562,0.00204,0.00123,8.83e-05,0.00347,0.0,0.0,0.0
0.8,0.52755,0.33028,0.33533,0.0103,0.00213,0.00562,0.00204,0.00123,8.84e-05,0.00347,0.0,0.0,0.0
0.8,0.52748,0.33038,0.33543,0.0103,0.00213,0.00561,0.00204,0.00123,8.85e-05,0.00347,0.0,0.0,0.0
0.8,0.52742,0.33048,0.33553,0.0103,0.00213,0.00561,0.00204,0.00123,8.86e-05,0.00347,0.0,0.0,0.0
0.8,0.52735,0.33058,0.33563,0.0103,0.00213,0.00561,0.00204,0.00124,8.87e-05,0.00347,0.0,0.0,0.0
0.8,0.52728,0.33068,0.33573,0.0103,0.00213,0.00561,0.00204,0.00124,8.88e-05,0.00347,0.0,0.0,0.0
0.8,0.52722,0.33078,0.33583,0.0103,0.00213,0.00561,0.00204,0.00124,8.89e-05,0.00347,0.0,0.0,0.0
0.8,0.52715,0.33088,0.33593,0.0103,0.00213,0.00561,0.00204,0.00124,8.9e-05,0.00347,0.0,0.0,0.0
0.8,0.52708,0.33098,0.33603,0.0103,0.00213,0.00561,0.00204,0.00125,8.91e-05,0.00347,0.0,0.0,0.0
0.8,0.52701,0.33108,0.33613,0.0103,0.00213,0.00561,0.00204,0.00125,8.92e-05,0.00347,0.0,0.0,0.0
0.8,0.52695,0.33118,0.33623,0.0103,0.00213,0.00561,0.00204,0.00125,8.93e-05,0.00347,0.0,0.0,0.0
0.8,0.52688,0.33128,0.33633,0.0103,0.00213,0.00561,0.00204,0.00125,8.94e-05,0.00347,0.0,0.0,0.0
0.8,0.52681,0.33138,0.33643,0.0103,0.00213,0.00561,0.00204,0.00125,8.95e-05,0.00347,0.0,0.0,0.0
0.8,0.52674,0.33149,0.33653,0.0103,0.00213,0.00561,0.00204,0.00126,8.96e-05,0.00347,0.0,0.0,0.0
0.8,0.52668,0.33159,0.33663,0.0103,0.00213,0.0056,0.00204,0.00126,8.98e-05,0.00346,0.0,0.0,0.0
0.8,0.52661,0.33169,0.33673,0.0103,0.00213,0.0056,0.00204,0.00126,8.99e-05,0.00346,0.0,0.0,0.0
0.8,0.52654,0.33179,0.33683,0.0103,0.00213,0.0056,0.00204,0.00126,9e-05,0.00346,0.0,0.0,0.0
0.8,0.52648,0.33189,0.33693,0.0103,0.00213,0.0056,0.00204,0.00127,9.01e-05,0.00346,0.0,0.0,0.0
0.8,0.52641,0.33199,0.33703,0.0103,0.00213,0.0056,0.00204,0.00127,9.02e-05,0.00346,0.0,0.0,0.0
0.8,0.52634,0.33209,0.33713,0.0103,0.00213,0.0056,0.00204,0.00127,9.03e-05,0.00346,0.0,0.0,0.0
0.8,0.52627,0.33219,0.33723,0.0103,0.00213,0.0056,0.00204,0.00127,9.04e-05,0.00346,0.0,0.0,0.0
0.8,0.52621,0.33229,0.33733,0.0103,0.00213,0.0056,0.00204,0.00128,9.06e-05,0.00346,0.0,0.0,0.0
0.8,0.52614,0.33239,0.33743,0.0103,0.00213,0.0056,0.00204,0.00128,9.07e-05,0.00346,0.0,0.0,0.0
0.8,0.52607,0.33249,0.33753,0.0103,0.00213,0.0056,0.00204,0.00128,9.08e-05,0.00346,0.0,0.0,0.0
0.8,0.526,0.33259,0.33763,0.0103,0.00213,0.0056,0.00204,0.00128,9.09e-05,0.00346,0.0,0.0,0.0
0.8,0.52594,0.33269,0.33773,0.0103,0.00213,0.0056,0.00204,0.00128,9.1e-05,0.00346,0.0,0.0,0.0
0.8,0.52587,0.33279,0.33783,0.0103,0.00213,0.00559,0.00204,0.00129,9.12e-05,0.00346,0.0,0.0,0.0
0.8,0.5258,0.33289,0.33793,0.0103,0.00213,0.00559,0.00204,0.00129,9.13e-05,0.00346,0.0,0.0,0.0
0.8,0.52573,0.333,0.33803,0.0103,0.00213,0.00559,0.00204,0.00129,9.14e-05,0.00345,0.0,0.0,0.0
0.8,0.52567,0.3331,0.33813,0.0103,0.00213,0.00559,0.00204,0.00129,9.15e-05,0.00345,0.0,0.0,0.0
0.8,0.5256,0.3332,0.33823,0.0103,0.00213,0.00559,0.00204,0.0013,9.16e-05,0.00345,0.0,0.0,0.0
0.8,0.52553,0.3333,0.33833,0.0103,0.00213,0.00559,0.00204,0.0013,9.18e-05,0.00345,0.0,0.0,0.0
0.8,0.52546,0.3334,0.33843,0.0103,0.00213,0.00559,0.00204,0.0013,9.19e-05,0.00345,0.0,0.0,0.0
0.8,0.52539,0.3335,0.33853,0.0103,0.00213,0.00559,0.00204,0.0013,9.2e-05,0.00345,0.0,0.0,0.0
0.8,0.52533,0.3336,0.33863,0.0103,0.00214,0.00559,0.00204,0.00131,9.21e-05,0.00345,0.0,0.0,0.0
0.8,0.52526,0.3337,0.33873,0.0104,0.00214,0.00559,0.00204,0.00132,0.0001,0.00345,0.0,0.0,0.0
0.8,0.52519,0.3338,0.33883,0.0104,0.00214,0.00558,0.00204,0.00132,0.0001,0.00345,0.0,0.0,0.0
0.8,0.52512,0.3339,0.33893,0.0104,0.00214,0.00558,0.00204,0.00133,0.0001,0.00345,0.0,0.0,0.0
0.8,0.52506,0.334,0.33903,0.0104,0.00214,0.00558,0.00204,0.00133,0.0001,0.00345,0.0,0.0,0.0
0.8,0.52499,0.3341,0.33913,0.0104,0.00214,0.00558,0.00204,0.00133,0.0001,0.00345,0.0,0.0,0.0
0.8,0.52492,0.3342,0.33923,0.0104,0.00214,0.00558,0.00204,0.00133,0.000101,0.00345,0.0,0.0,0.0
0.8,0.52485,0.3343,0.33933,0.0104,0.00214,0.00558,0.00204,0.00134,0.000101,0.00345,0.0,0.0,0.0
0.8,0.52478,0.3344,0.33943,0.0104,0.00214,0.00558,0.00204,0.00134,0.000101,0.00344,0.0,0.0,0.0
0.8,0.52472,0.33451,0.33953,0.0104,0.00214,0.00558,0.00204,0.00134,0.000101,0.00344,0.0,0.0,0.0
0.8,0.52465,0.33461,0.33963,0.0104,0.00214,0.00558,0.00204,0.00134,0.000101,0.00344,0.0,0.0,0.0
0.8,0.52458,0.33471,0.33973,0.0104,0.00214,0.00558,0.00204,0.00134,0.000101,0.00344,0.0,0.0,0.0
0.8,0.52451,0.33481,0.33983,0.0104,0.00214,0.00557,0.00204,0.00135,0.000101,0.00344,0.0,0.0,0.0
0.8,0.52444,0.33491,0.33993,0.0104,0.00215,0.00557,0.00204,0.00135,0.000101,0.00344,0.0,0.0,0.0
0.8,0.52438,0.33501,0.34003,0.0104,0.00215,0.00557,0.00204,0.00135,0.000101,0.00344,0.0,0.0,0.0
0.8,0.52431,0.33511,0.34013,0.0104,0.00215,0.00557,0.00204,0.00135,0.000101,0.00344,0.0,0.0,0.0
0.8,0.52424,0.33521,0.34023,0.0104,0.00215,0.00557,0.00204,0.00136,0.000101,0.00344,0.0,0.0,0.0
0.8,0.52417,0.33531,0.34033,0.0104,0.00215,0.00557,0.00204,0.00136,0.000101,0.00344,0.0,0.0,0.0
0.8,0.5241,0.33541,0.34043,0.0104,0.00215,0.00557,0.00204,0.00136,0.000102,0.00344,0.0,0.0,0.0
0.8,0.52404,0.33551,0.34053,0.0104,0.00215,0.00557,0.00204,0.00136,0.000102,0.00344,0.0,0.0,0.0
0.8,0.52397,0.33561,0.34063,0.0104,0.00215,0.00557,0.00204,0.00137,0.000102,0.00343,0.0,0.0,0.0
0.8,0.5239,0.33571,0.34073,0.0104,0.00215,0.00556,0.00204,0.00137,0.000102,0.00343,0.0,0.0,0.0
0.8,0.52383,0.33581,0.34083,0.0104,0.00215,0.00556,0.00204,0.00137,0.000102,0.00343,0.0,0.0,0.0
0.8,0.52376,0.33591,0.34093,0.0104,0.00215,0.00556,0.00204,0.00137,0.000102,0.00343,0.0,0.0,0.0
0.8,0.5237,0.33601,0.34103,0.0104,0.00215,0.00556,0.00204,0.00138,0.000102,0.00343,0.0,0.0,0.0
0.8,0.52363,0.33612,0.34113,0.0104,0.00215,0.00556,0.00204,0.00138,0.000102,0.00343,0.0,0.0,0.0
0.8,0.52356,0.33622,0.34123,0.0104,0.00215,0.00556,0.00204,0.00138,0.000102,0.00343,0.0,0.0,0.0
0.8,0.52349,0.33632,0.34133,0.0104,0.00215,0.00556,0.00204,0.00138,0.000103,0.00343,0.0,0.0,0.0
0.8,0.52342,0.33642,0.34143,0.0104,0.00215,0.00556,0.00204,0.00139,0.000103,0.00343,0.0,0.0,0.0
0.8,0.52335,0.33652,0.34153,0.0104,0.00215,0.00556,0.00204,0.00139,0.000103,0.00343,0.0,0.0,0.0
0.8,0.52329,0.33662,0.34163,0.0104,0.00215,0.00555,0.00204,0.00139,0.000103,0.00343,0.0,0.0,0.0
0.8,0.52322,0.33672,0.34173,0.0104,0.00215,0.00555,0.00204,0.00139,0.000103,0.00342,0.0,0.0,0.0
0.8,0.52315,0.33682,0.34183,0.0104,0.00215,0.00555,0.00204,0.0014,0.000103,0.00342,0.0,0.0,0.0
0.8,0.52308,0.33692,0.34193,0.0104,0.00215,0.00555,0.00204,0.0014,0.000103,0.00342,0.0,0.0,0.0
0.8,0.52301,0.33702,0.34203,0.0104,0.00215,0.00555,0.00205,0.0014,0.000103,0.00342,0.0,0.0,0.0
0.8,0.52294,0.33712,0.34213,0.0104,0.00215,0.00555,0.00205,0.0014,0.000104,0.00342,0.0,0.0,0.0
0.8,0.52288,0.33722,0.34223,0.0104,0.00215,0.00555,0.00205,0.00141,0.000104,0.00342,0.0,0.0,0.0
0.8,0.52281,0.33732,0.34233,0.0104,0.00215,0.00555,0.00205,0.00141,0.000104,0.00342,0.0,0.0,0.0
0.8,0.52274,0.33742,0.34243,0.0104,0.00215,0.00554,0.00205,0.00141,0.000104,0.00342,0.0,0.0,0.0
0.8,0.52267,0.33752,0.34253,0.0104,0.00215,0.00554,0.00205,0.00141,0.000104,0.00342,0.0,0.0,0.0
0.8,0.5226,0.33763,0.34263,0.0104,0.00215,0.00554,0.00205,0.00142,0.000104,0.00342,0.0,0.0,0.0
0.8,0.52253,0.33773,0.34273,0.0104,0.00215,0.00554,0.00205,0.00142,0.000104,0.00342,0.0,0.0,0.0
0.8,0.52246,0.33783,0.34283,0.0104,0.00215,0.00554,0.00205,0.00142,0.000104,0.00341,0.0,0.0,0.0
0.8,0.5224,0.33793,0.34293,0.0104,0.00215,0.00554,0.00205,0.00142,0.000105,0.00341,0.0,0.0,0.0
0.8,0.52233,0.33803,0.34303,0.0104,0.00215,0.00554,0.00205,0.00143,0.000105,0.00341,0.0,0.0,0.0
0.8,0.52226,0.33813,0.34313,0.0104,0.00215,0.00554,0.00205,0.00143,0.000105,0.00341,0.0,0.0,0.0
0.8,0.52219,0.33823,0.34323,0.0104,0.00215,0.00553,0.00205,0.00143,0.000105,0.00341,0.0,0.0,0.0
0.8,0.52212,0.33833,0.34333,0.0104,0.00215,0.00553,0.00205,0.00143,0.000105,0.00341,0.0,0.0,0.0
0.8,0.52205,0.33843,0.34343,0.0104,0.00215,0.00553,0.00205,0.00144,0.000105,0.00341,0.0,0.0,0.0
0.8,0.52198,0.33853,0.34353,0.0104,0.00215,0.00553,0.00205,0.00144,0.000105,0.00341,0.0,0.0,0.0
0.8,0.52192,0.33863,0.34363,0.0104,0.00215,0.00553,0.00205,0.00144,0.000105,0.00341,0.0,0.0,0.0
0.8,0.52185,0.33873,0.34373,0.0104,0.00215,0.00553,0.00205,0.00145,0.000106,0.00341,0.0,0.0,0.0
0.8,0.52178,0.33883,0.34383,0.0104,0.00215,0.00553,0.00205,0.00145,0.000106,0.0034,0.0,0.0,0.0
0.8,0.52171,0.33893,0.34393,0.0104,0.00215,0.00553,0.00205,0.00145,0.000106,0.0034,0.0,0.0,0.0
0.8,0.52164,0.33903,0.34403,0.0104,0.00215,0.00552,0.00205,0.00145,0.000106,0.0034,0.0,0.0,0.0
0.8,0.52157,0.33914,0.34413,0.0104,0.00215,0.00552,0.00205,0.00146,0.000106,0.0034,0.0,0.0,0.0
0.8,0.5215,0.33924,0.34423,0.0104,0.00215,0.00552,0.00205,0.00146,0.000106,0.0034,0.0,0.0,0.0
0.8,0.52143,0.33934,0.34433,0.0104,0.00215,0.00552,0.00205,0.00146,0.000106,0.0034,0.0,0.0,0.0
0.8,0.52136,0.33944,0.34443,0.0104,0.00215,0.00552,0.00205,0.00146,0.000107,0.0034,0.0,0.0,0.0
0.8,0.5213,0.33954,0.34453,0.0104,0.00215,0.00552,0.00204,0.00147,0.000107,0.0034,0.0,0.0,0.0
0.8,0.52123,0.33964,0.34463,0.0104,0.00215,0.00552,0.00204,0.00147,0.000107,0.0034,0.0,0.0,0.0
0.8,0.52116,0.33974,0.34473,0.0104,0.00215,0.00552,0.00204,0.00147,0.000107,0.0034,0.0,0.0,0.0
0.8,0.52109,0.33984,0.34483,0.0104,0.00215,0.00551,0.00204,0.00147,0.000107,0.00339,0.0,0.0,0.0
0.8,0.52102,0.33994,0.34493,0.0104,0.00216,0.00551,0.00204,0.00149,0.000116,0.00339,0.0,0.0,0.0
0.8,0.52095,0.34004,0.34503,0.0104,0.00216,0.00551,0.00204,0.00149,0.000116,0.00339,0.0,0.0,0.0
0.8,0.52088,0.34014,0.34513,0.0104,0.00216,0.00551,0.00204,0.00149,0.000116,0.00339,0.0,0.0,0.0
0.8,0.52081,0.34024,0.34523,0.0104,0.00216,0.00551,0.00204,0.0015,0.000116,0.00339,0.0,0.0,0.0
0.8,0.52074,0.34034,0.34533,0.0104,0.00216,0.00551,0.00204,0.0015,0.000116,0.00339,0.0,0.0,0.0
0.8,0.52067,0.34044,0.34543,0.0104,0.00216,0.00551,0.00204,0.0015,0.000117,0.00339,0.0,0.0,0.0
0.8,0.52061,0.34054,0.34553,0.0104,0.00216,0.0055,0.00204,0.00151,0.000117,0.00339,0.0,0.0,0.0
0.8,0.52054,0.34065,0.34563,0.0104,0.00216,0.0055,0.00204,0.00151,0.000117,0.00339,0.0,0.0,0.0
0.8,0.52047,0.34075,0.34573,0.0104,0.00216,0.0055,0.00204,0.00151,0.000117,0.00338,0.0,0.0,0.0
0.8,0.5204,0.34085,0.34583,0.0104,0.00216,0.0055,0.00204,0.00151,0.000117,0.00338,0.0,0.0,0.0
0.8,0.52033,0.34095,0.34593,0.0104,0.00216,0.0055,0.00204,0.00152,0.000117,0.00338,0.0,0.0,0.0
0.8,0.52026,0.34105,0.34603,0.0104,0.00216,0.0055,0.00204,0.00152,0.000117,0.00338,0.0,0.0,0.0
0.8,0.52019,0.34115,0.34613,0.0104,0.00216,0.0055,0.00204,0.00152,0.000117,0.00338,0.0,0.0,0.0
0.8,0.52012,0.34125,0.34623,0.0104,0.00216,0.00549,0.00204,0.00152,0.000117,0.00338,0.0,0.0,0.0
0.8,0.52005,0.34135,0.34633,0.0104,0.00216,0.00549,0.00204,0.00153,0.000117,0.00338,0.0,0.0,0.0
0.8,0.51998,0.34145,0.34643,0.0104,0.00216,0.00549,0.00204,0.00153,0.000118,0.00338,0.0,0.0,0.0
0.8,0.51991,0.34155,0.34653,0.0104,0.00216,0.00549,0.00204,0.00153,0.000118,0.00338,0.0,0.0,0.0
0.8,0.51984,0.34165,0.34663,0.0104,0.00216,0.00549,0.00204,0.00154,0.000118,0.00337,0.0,0.0,0.0
0.8,0.51978,0.34175,0.34673,0.0104,0.00216,0.00549,0.00204,0.00154,0.000118,0.00337,0.0,0.0,0.0
0.8,0.51971,0.34185,0.34683,0.0104,0.00216,0.00549,0.00204,0.00154,0.000118,0.00337,0.0,0.0,0.0
0.8,0.51964,0.34195,0.34693,0.0104,0.00216,0.00548,0.00204,0.00154,0.000118,0.00337,0.0,0.0,0.0
0.8,0.51957,0.34205,0.34703,0.0104,0.00216,0.00548,0.00204,0.00155,0.000118,0.00337,0.0,0.0,0.0
0.8,0.5195,0.34216,0.34713,0.0104,0.00216,0.00548,0.00204,0.00155,0.000118,0.00337,0.0,0.0,0.0
0.8,0.51943,0.34226,0.34723,0.0104,0.00216,0.00548,0.00204,0.00155,0.000119,0.00337,0.0,0.0,0.0
0.8,0.51936,0.34236,0.34733,0.0104,0.00216,0.00548,0.00204,0.00155,0.000119,0.00337,0.0,0.0,0.0
0.8,0.51929,0.34246,0.34743,0.0104,0.00216,0.00548,0.00204,0.00156,0.000119,0.00336,0.0,0.0,0.0
0.8,0.51922,0.34256,0.34753,0.0104,0.00216,0.00548,0.00204,0.00156,0.000119,0.00336,0.0,0.0,0.0
0.8,0.51915,0.34266,0.34763,0.0104,0.00216,0.00547,0.00204,0.00156,0.000119,0.00336,0.0,0.0,0.0
0.8,0.51908,0.34276,0.34773,0.0104,0.00216,0.00547,0.00204,0.00157,0.000119,0.00336,0.0,0.0,0.0
0.8,0.51901,0.34286,0.34783,0.0104,0.00216,0.00547,0.00204,0.00157,0.000119,0.00336,0.0,0.0,0.0
0.8,0.51894,0.34296,0.34793,0.0104,0.00216,0.00547,0.00204,0.00157,0.000119,0.00336,0.0,0.0,0.0
0.8,0.51887,0.34306,0.34803,0.0104,0.00216,0.00547,0.00204,0.00157,0.00012,0.00336,0.0,0.0,0.0
0.8,0.5188,0.34316,0.34813,0.0104,0.00216,0.00547,0.00204,0.00158,0.00012,0.00336,0.0,0.0,0.0
0.8,0.51873,0.34326,0.34823,0.0104,0.00216,0.00546,0.00204,0.00158,0.00012,0.00335,0.0,0.0,0.0
0.8,0.51866,0.34336,0.34833,0.0104,0.00216,0.00546,0.00204,0.00158,0.00012,0.00335,0.0,0.0,0.0
0.8,0.51859,0.34346,0.34843,0.0104,0.00216,0.00546,0.00204,0.00159,0.00012,0.00335,0.0,0.0,0.0
0.8,0.51852,0.34356,0.34853,0.0104,0.00216,0.00546,0.00204,0.00159,0.00012,0.00335,0.0,0.0,0.0
0.8,0.51845,0.34367,0.34863,0.0104,0.00216,0.00546,0.00204,0.00159,0.00012,0.00335,0.0,0.0,0.0
0.8,0.51838,0.34377,0.34873,0.0104,0.00216,0.00546,0.00204,0.00159,0.000121,0.00335,0.0,0.0,0.0
0.8,0.51831,0.34387,0.34883,0.0104,0.00216,0.00546,0.00204,0.0016,0.000121,0.00335,0.0,0.0,0.0
0.8,0.51824,0.34397,0.34893,0.0104,0.00216,0.00545,0.00204,0.0016,0.000121,0.00335,0.0,0.0,0.0
0.8,0.51817,0.34407,0.34903,0.0104,0.00216,0.00545,0.00204,0.0016,0.000121,0.00334,0.0,0.0,0.0
0.8,0.51811,0.34417,0.34913,0.0104,0.00216,0.00545,0.00204,0.0016,0.000121,0.00334,0.0,0.0,0.0
0.8,0.51804,0.34427,0.34923,0.0104,0.00216,0.00545,0.00204,0.00161,0.000121,0.00334,0.0,0.0,0.0
0.8,0.51797,0.34437,0.34933,0.0104,0.00216,0.00545,0.00204,0.00161,0.000121,0.00334,0.0,0.0,0.0
0.8,0.5179,0.34447,0.34943,0.0104,0.00216,0.00545,0.00204,0.00161,0.000122,0.00334,0.0,0.0,0.0
0.8,0.51783,0.34457,0.34953,0.0104,0.00216,0.00544,0.00204,0.00162,0.000122,0.00334,0.0,0.0,0.0
0.8,0.51776,0.34467,0.34963,0.0104,0.00216,0.00544,0.00204,0.00162,0.000122,0.00334,0.0,0.0,0.0
0.8,0.51769,0.34477,0.34973,0.0104,0.00216,0.00544,0.00204,0.00162,0.000122,0.00334,0.0,0.0,0.0
0.8,0.51762,0.34487,0.34983,0.0104,0.00216,0.00544,0.00204,0.00162,0.000122,0.00333,0.0,0.0,0.0
0.8,0.51755,0.34497,0.34993,0.0104,0.00216,0.00544,0.00204,0.00163,0.000122,0.00333,0.0,0.0,0.0
0.8,0.51748,0.34507,0.35003,0.0104,0.00216,0.00544,0.00204,0.00163,0.000123,0.00333,0.0,0.0,0.0
0.8,0.51741,0.34518,0.35013,0.0104,0.00216,0.00543,0.00204,0.00163,0.000123,0.00333,0.0,0.0,0.0
0.8,0.51734,0.34528,0.35023,0.0104,0.00216,0.00543,0.00204,0.00164,0.000123,0.00333,0.0,0.0,0.0
0.8,0.51727,0.34538,0.35033,0.0104,0.00216,0.00543,0.00204,0.00164,0.000123,0.00333,0.0,0.0,0.0
0.8,0.5172,0.34548,0.35043,0.0104,0.00216,0.00543,0.00204,0.00164,0.000123,0.00333,0.0,0.0,0.0
0.8,0.51713,0.34558,0.35053,0.0104,0.00216,0.00543,0.00204,0.00164,0.000123,0.00332,0.0,0.0,0.0
0.8,0.51706,0.34568,0.35063,0.0104,0.00216,0.00543,0.00204,0.00165,0.000124,0.00332,0.0,0.0,0.0
0.8,0.51699,0.34578,0.35073,0.0104,0.00216,0.00542,0.00204,0.00165,0.000124,0.00332,0.0,0.0,0.0
0.8,0.51692,0.34588,0.35083,0.0104,0.00216,0.00542,0.00204,0.00165,0.000124,0.00332,0.0,0.0,0.0
0.8,0.51684,0.34598,0.35093,0.0104,0.00216,0.00542,0.00204,0.00166,0.000124,0.00332,0.0,0.0,0.0
0.8,0.51677,0.34608,0.35103,0.0104,0.00217,0.00542,0.00204,0.00167,0.000134,0.00332,0.0,0.0,0.0
0.8,0.5167,0.34618,0.35113,0.0104,0.00217,0.00542,0.00204,0.00168,0.000134,0.00332,0.0,0.0,0.0
0.8,0.51663,0.34628,0.35123,0.0104,0.00217,0.00542,0.00204,0.00168,0.000134,0.00332,0.0,0.0,0.0
0.8,0.51656,0.34638,0.35133,0.0104,0.00217,0.00541,0.00204,0.00168,0.000134,0.00331,0.0,0.0,0.0
0.8,0.51649,0.34648,0.35143,0.0104,0.00217,0.00541,0.00204,0.00168,0.000135,0.00331,0.0,0.0,0.0
0.8,0.51642,0.34658,0.35153,0.0104,0.00217,0.00541,0.00204,0.00169,0.000135,0.00331,0.0,0.0,0.0
0.8,0.51635,0.34669,0.35163,0.0104,0.00217,0.00541,0.00204,0.00169,0.000135,0.00331,0.0,0.0,0.0
0.8,0.51628,0.34679,0.35173,0.0104,0.00217,0.00541,0.00204,0.00169,0.000135,0.00331,0.0,0.0,0.0
0.8,0.51621,0.34689,0.35183,0.0104,0.00217,0.00541,0.00204,0.0017,0.000135,0.00331,0.0,0.0,0.0
0.8,0.51614,0.34699,0.35193,0.0104,0.00217,0.0054,0.00204,0.0017,0.000135,0.00331,0.0,0.0,0.0
0.8,0.51607,0.34709,0.35203,0.0104,0.00217,0.0054,0.00204,0.0017,0.000135,0.0033,0.0,0.0,0.0
0.8,0.516,0.34719,0.35213,0.0104,0.00217,0.0054,0.00204,0.00171,0.000135,0.0033,0.0,0.0,0.0
0.8,0.51593,0.34729,0.35223,0.0104,0.00217,0.0054,0.00204,0.00171,0.000135,0.0033,0.0,0.0,0.0
0.8,0.51586,0.34739,0.35233,0.0104,0.00217,0.0054,0.00204,0.00171,0.000135,0.0033,0.0,0.0,0.0
0.8,0.51579,0.34749,0.35243,0.0104,0.00217,0.0054,0.00204,0.00171,0.000136,0.0033,0.0,0.0,0.0
0.8,0.51572,0.34759,0.35253,0.0104,0.00217,0.00539,0.00204,0.00172,0.000136,0.0033,0.0,0.0,0.0
0.8,0.51565,0.34769,0.35263,0.0104,0.00217,0.00539,0.00204,0.00172,0.000136,0.0033,0.0,0.0,0.0
0.8,0.51558,0.34779,0.35273,0.0104,0.00217,0.00539,0.00204,0.00172,0.000136,0.00329,0.0,0.0,0.0
0.8,0.51551,0.34789,0.35283,0.0104,0.00217,0.00539,0.00204,0.00173,0.000136,0.00329,0.0,0.0,0.0
0.8,0.51544,0.34799,0.35293,0.0104,0.00217,0.00539,0.00204,0.00173,0.000136,0.00329,0.0,0.0,0.0
0.8,0.51537,0.34809,0.35303,0.0104,0.00217,0.00539,0.00204,0.00173,0.000136,0.00329,0.0,0.0,0.0
0.8,0.5153,0.3482,0.35313,0.0104,0.00217,0.00538,0.00204,0.00174,0.000137,0.00329,0.0,0.0,0.0
0.8,0.51523,0.3483,0.35323,0.0104,0.00217,0.00538,0.00203,0.00174,0.000137,0.00329,0.0,0.0,0.0
0.8,0.51515,0.3484,0.35333,0.0104,0.00217,0.00538,0.00203,0.00174,0.000137,0.00328,0.0,0.0,0.0
0.8,0.51508,0.3485,0.35343,0.0104,0.00217,0.00538,0.00203,0.00174,0.000137,0.00328,0.0,0.0,0.0
0.8,0.51501,0.3486,0.35353,0.0104,0.00217,0.00538,0.00203,0.00175,0.000137,0.00328,0.0,0.0,0.0
0.8,0.51494,0.3487,0.35363,0.0104,0.00217,0.00537,0.00203,0.00175,0.000137,0.00328,0.0,0.0,0.0
0.8,0.51487,0.3488,0.35373,0.0104,0.00217,0.00537,0.00203,0.00175,0.000137,0.00328,0.0,0.0,0.0
0.8,0.5148,0.3489,0.35383,0.0104,0.00217,0.00537,0.00203,0.00176,0.000138,0.00328,0.0,0.0,0.0
0.8,0.51473,0.349,0.35393,0.0104,0.00217,0.00537,0.00203,0.00176,0.000138,0.00328,0.0,0.0,0.0
0.8,0.51466,0.3491,0.35403,0.0104,0.00217,0.00537,0.00203,0.00176,0.000138,0.00327,0.0,0.0,0.0
0.8,0.51459,0.3492,0.35413,0.0104,0.00217,0.00537,0.00203,0.00177,0.000138,0.00327,0.0,0.0,0.0
0.8,0.51452,0.3493,0.35423,0.0104,0.00217,0.00536,0.00203,0.00177,0.000138,0.00327,0.0,0.0,0.0
0.8,0.51445,0.3494,0.35433,0.0104,0.00217,0.00536,0.00203,0.00177,0.000138,0.00327,0.0,0.0,0.0
0.8,0.51438,0.3495,0.35443,0.0104,0.00217,0.00536,0.00203,0.00178,0.000139,0.00327,0.0,0.0,0.0
0.8,0.51431,0.3496,0.35453,0.0104,0.00217,0.00536,0.00203,0.00178,0.000139,0.00327,0.0,0.0,0.0
0.8,0.51423,0.34971,0.35463,0.0104,0.00217,0.00536,0.00203,0.00178,0.000139,0.00326,0.0,0.0,0.0
0.8,0.51416,0.34981,0.35473,0.0104,0.00217,0.00535,0.00203,0.00178,0.000139,0.00326,0.0,0.0,0.0
0.8,0.51409,0.34991,0.35483,0.0104,0.00217,0.00535,0.00203,0.00179,0.000139,0.00326,0.0,0.0,0.0
0.8,0.51402,0.35001,0.35493,0.0104,0.00217,0.00535,0.00203,0.00179,0.000139,0.00326,0.0,0.0,0.0
0.8,0.51395,0.35011,0.35503,0.0104,0.00217,0.00535,0.00203,0.00179,0.000139,0.00326,0.0,0.0,0.0
0.8,0.51388,0.35021,0.35513,0.0104,0.00217,0.00535,0.00203,0.0018,0.00014,0.00326,0.0,0.0,0.0
0.8,0.51381,0.35031,0.35523,0.0104,0.00217,0.00534,0.00203,0.0018,0.00014,0.00326,0.0,0.0,0.0
0.8,0.51374,0.35041,0.35533,0.0104,0.00217,0.00534,0.00203,0.0018,0.00014,0.00325,0.0,0.0,0.0
0.8,0.51367,0.35051,0.35543,0.0104,0.00217,0.00534,0.00203,0.00181,0.00014,0.00325,0.0,0.0,0.0
0.8,0.5136,0.35061,0.35553,0.0104,0.00217,0.00534,0.00203,0.00181,0.00014,0.00325,0.0,0.0,0.0
0.8,0.51352,0.35071,0.35563,0.0104,0.00217,0.00534,0.00203,0.00181,0.000141,0.00325,0.0,0.0,0.0
0.8,0.51345,0.35081,0.35573,0.0104,0.00217,0.00534,0.00203,0.00182,0.000141,0.00325,0.0,0.0,0.0
0.8,0.51338,0.35091,0.35583,0.0104,0.00217,0.00533,0.00203,0.00182,0.000141,0.00325,0.0,0.0,0.0
0.8,0.51331,0.35101,0.35593,0.0104,0.00217,0.00533,0.00203,0.00182,0.000141,0.00324,0.0,0.0,0.0
0.8,0.51324,0.35112,0.35603,0.0104,0.00217,0.00533,0.00203,0.00183,0.000141,0.00324,0.0,0.0,0.0
0.8,0.51317,0.35122,0.35613,0.0104,0.00217,0.00533,0.00203,0.00183,0.000141,0.00324,0.0,0.0,0.0
0.8,0.5131,0.35132,0.35623,0.0104,0.00217,0.00533,0.00203,0.00183,0.000142,0.00324,0.0,0.0,0.0
0.8,0.51303,0.35142,0.35633,0.0104,0.00217,0.00532,0.00203,0.00183,0.000142,0.00324,0.0,0.0,0.0
0.8,0.51295,0.35152,0.35643,0.0104,0.00217,0.00532,0.00203,0.00184,0.000142,0.00324,0.0,0.0,0.0
0.8,0.51288,0.35162,0.35653,0.0104,0.00217,0.00532,0.00203,0.00184,0.000142,0.00323,0.0,0.0,0.0
0.8,0.51281,0.35172,0.35663,0.0104,0.00217,0.00532,0.00203,0.00184,0.000142,0.00323,0.0,0.0,0.0
0.8,0.51274,0.35182,0.35673,0.0104,0.00217,0.00532,0.00203,0.00185,0.000142,0.00323,0.0,0.0,0.0
0.8,0.51267,0.35192,0.35683,0.0104,0.00217,0.00531,0.00203,0.00185,0.000143,0.00323,0.0,0.0,0.0
0.8,0.5126,0.35202,0.35693,0.0104,0.00217,0.00531,0.00203,0.00185,0.000143,0.00323,0.0,0.0,0.0
0.8,0.51253,0.35212,0.35703,0.0104,0.00217,0.00531,0.00203,0.00186,0.000143,0.00323,0.0,0.0,0.0
0.8,0.51245,0.35222,0.35713,0.0104,0.00217,0.00531,0.00203,0.00186,0.000143,0.00322,0.0,0.0,0.0
0.8,0.51238,0.35232,0.35723,0.0104,0.00218,0.00531,0.00203,0.00188,0.000155,0.00322,0.0,0.0,0.0
0.8,0.51231,0.35242,0.35733,0.0104,0.00218,0.0053,0.00203,0.00188,0.000155,0.00322,0.0,0.0,0.0
0.8,0.51224,0.35252,0.35743,0.0104,0.00218,0.0053,0.00202,0.00188,0.000155,0.00322,0.0,0.0,0.0
0.8,0.51217,0.35263,0.35753,0.0104,0.00218,0.0053,0.00202,0.00189,0.000155,0.00322,0.0,0.0,0.0
0.8,0.5121,0.35273,0.35763,0.0104,0.00218,0.0053,0.00202,0.00189,0.000155,0.00322,0.0,0.0,0.0
0.8,0.51203,0.35283,0.35773,0.0104,0.00218,0.0053,0.00202,0.00189,0.000155,0.00321,0.0,0.0,0.0
0.8,0.51195,0.35293,0.35783,0.0104,0.00218,0.00529,0.00202,0.0019,0.000155,0.00321,0.0,0.0,0.0
0.8,0.51188,0.35303,0.35793,0.0104,0.00218,0.00529,0.00202,0.0019,0.000155,0.00321,0.0,0.0,0.0
0.8,0.51181,0.35313,0.35803,0.0104,0.00218,0.00529,0.00202,0.0019,0.000155,0.00321,0.0,0.0,0.0
0.8,0.51174,0.35323,0.35813,0.0104,0.00218,0.00529,0.00202,0.00191,0.000155,0.00321,0.0,0.0,0.0
0.8,0.51167,0.35333,0.35823,0.0104,0.00218,0.00529,0.00202,0.00191,0.000156,0.00321,0.0,0.0,0.0
0.8,0.5116,0.35343,0.35833,0.0104,0.00218,0.00528,0.00202,0.00191,0.000156,0.0032,0.0,0.0,0.0
0.8,0.51152,0.35353,0.35843,0.0104,0.00218,0.00528,0.00202,0.00192,0.000156,0.0032,0.0,0.0,0.0
0.8,0.51145,0.35363,0.35853,0.0104,0.00218,0.00528,0.00202,0.00192,0.000156,0.0032,0.0,0.0,0.0
0.8,0.51138,0.35373,0.35863,0.0104,0.00218,0.00528,0.00202,0.00192,0.000156,0.0032,0.0,0.0,0.0
0.8,0.51131,0.35383,0.35873,0.0104,0.00218,0.00528,0.00202,0.00193,0.000156,0.0032,0.0,0.0,0.0
0.8,0.51124,0.35393,0.35883,0.0104,0.00218,0.00527,0.00202,0.00193,0.000156,0.0032,0.0,0.0,0.0
0.8,0.51117,0.35403,0.35893,0.0104,0.00218,0.00527,0.00202,0.00193,0.000157,0.00319,0.0,0.0,0.0
0.8,0.51109,0.35414,0.35903,0.0104,0.00218,0.00527,0.00202,0.00194,0.000157,0.00319,0.0,0.0,0.0
0.8,0.51102,0.35424,0.35913,0.0104,0.00218,0.00527,0.00202,0.00194,0.000157,0.00319,0.0,0.0,0.0
0.8,0.51095,0.35434,0.35923,0.0104,0.00218,0.00527,0.00202,0.00194,0.000157,0.00319,0.0,0.0,0.0
0.8,0.51088,0.35444,0.35933,0.0104,0.00218,0.00526,0.00202,0.00195,0.000157,0.00319,0.0,0.0,0.0
0.8,0.51081,0.35454,0.35943,0.0104,0.00218,0.00526,0.00202,0.00195,0.000157,0.00318,0.0,0.0,0.0
0.8,0.51073,0.35464,0.35953,0.0104,0.00218,0.00526,0.00202,0.00195,0.000158,0.00318,0.0,0.0,0.0
0.8,0.51066,0.35474,0.35963,0.0104,0.00218,0.00526,0.00202,0.00196,0.000158,0.00318,0.0,0.0,0.0
0.8,0.51059,0.35484,0.35973,0.0104,0.00218,0.00526,0.00202,0.00196,0.000158,0.00318,0.0,0.0,0.0
0.8,0.51052,0.35494,0.35983,0.0104,0.00218,0.00525,0.00202,0.00196,0.000158,0.00318,0.0,0.0,0.0
0.8,0.51045,0.35504,0.35993,0.0104,0.00218,0.00525,0.00202,0.00197,0.000158,0.00318,0.0,0.0,0.0
0.8,0.51038,0.35514,0.36003,0.0104,0.00218,0.00525,0.00202,0.00197,0.000158,0.00317,0.0,0.0,0.0
0.8,0.5103,0.35524,0.36013,0.0104,0.00218,0.00525,0.00202,0.00197,0.000159,0.00317,0.0,0.0,0.0
0.8,0.51023,0.35534,0.36023,0.0104,0.00218,0.00524,0.00202,0.00198,0.000159,0.00317,0.0,0.0,0.0
0.8,0.51016,0.35544,0.36033,0.0104,0.00218,0.00524,0.00202,0.00198,0.000159,0.00317,0.0,0.0,0.0
0.8,0.51009,0.35555,0.36043,0.0104,0.00217,0.00524,0.00202,0.00198,0.000159,0.00317,0.0,0.0,0.0
0.8,0.51001,0.35565,0.36053,0.0104,0.00217,0.00524,0.00202,0.00199,0.000159,0.00317,0.0,0.0,0.0
0.8,0.50994,0.35575,0.36063,0.0104,0.00217,0.00524,0.00202,0.00199,0.000159,0.00316,0.0,0.0,0.0
0.8,0.50987,0.35585,0.36073,0.0104,0.00217,0.00523,0.00201,0.00199,0.00016,0.00316,0.0,0.0,0.0
0.8,0.5098,0.35595,0.36083,0.0104,0.00217,0.00523,0.00201,0.002,0.00016,0.00316,0.0,0.0,0.0
0.8,0.50973,0.35605,0.36093,0.0104,0.00217,0.00523,0.00201,0.002,0.00016,0.00316,0.0,0.0,0.0
0.8,0.50965,0.35615,0.36103,0.0104,0.00217,0.00523,0.00201,0.002,0.00016,0.00316,0.0,0.0,0.0
0.8,0.50958,0.35625,0.36113,0.0104,0.00217,0.00523,0.00201,0.00201,0.00016,0.00315,0.0,0.0,0.0
0.8,0.50951,0.35635,0.36123,0.0104,0.00217,0.00522,0.00201,0.00201,0.000161,0.00315,0.0,0.0,0.0
0.8,0.50944,0.35645,0.36133,0.0104,0.00217,0.00522,0.00201,0.00201,0.000161,0.00315,0.0,0.0,0.0
0.8,0.50937,0.35655,0.36143,0.0104,0.00217,0.00522,0.00201,0.00202,0.000161,0.00315,0.0,0.0,0.0
0.8,0.50929,0.35665,0.36153,0.0104,0.00217,0.00522,0.00201,0.00202,0.000161,0.00315,0.0,0.0,0.0
0.8,0.50922,0.35675,0.36163,0.0104,0.00217,0.00522,0.00201,0.00202,0.000161,0.00314,0.0,0.0,0.0
0.8,0.50915,0.35685,0.36173,0.0104,0.00217,0.00521,0.00201,0.00203,0.000162,0.00314,0.0,0.0,0.0
0.8,0.50908,0.35695,0.36183,0.0104,0.00217,0.00521,0.00201,0.00203,0.000162,0.00314,0.0,0.0,0.0
0.8,0.509,0.35706,0.36193,0.0104,0.00217,0.00521,0.00201,0.00203,0.000162,0.00314,0.0,0.0,0.0
0.8,0.50893,0.35716,0.36203,0.0104,0.00217,0.00521,0.00201,0.00204,0.000162,0.00314,0.0,0.0,0.0
0.8,0.50886,0.35726,0.36213,0.0104,0.00217,0.0052,0.00201,0.00204,0.000162,0.00314,0.0,0.0,0.0
0.8,0.50879,0.35736,0.36223,0.0104,0.00217,0.0052,0.00201,0.00204,0.000163,0.00313,0.0,0.0,0.0
0.8,0.50871,0.35746,0.36233,0.0104,0.00217,0.0052,0.00201,0.00205,0.000163,0.00313,0.0,0.0,0.0
0.8,0.50864,0.35756,0.36243,0.0104,0.00217,0.0052,0.00201,0.00205,0.000163,0.00313,0.0,0.0,0.0
0.8,0.50857,0.35766,0.36253,0.0104,0.00217,0.0052,0.00201,0.00206,0.000163,0.00313,0.0,0.0,0.0
0.8,0.5085,0.35776,0.36263,0.0104,0.00217,0.00519,0.00201,0.00206,0.000163,0.00313,0.0,0.0,0.0
0.8,0.50842,0.35786,0.36273,0.0104,0.00217,0.00519,0.00201,0.00206,0.000164,0.00312,0.0,0.0,0.0
0.8,0.50835,0.35796,0.36283,0.0104,0.00217,0.00519,0.00201,0.00207,0.000164,0.00312,0.0,0.0,0.0
0.8,0.50828,0.35806,0.36293,0.0104,0.00217,0.00519,0.00201,0.00207,0.000164,0.00312,0.0,0.0,0.0
0.8,0.50821,0.35816,0.36303,0.0104,0.00217,0.00518,0.00201,0.00207,0.000164,0.00312,0.0,0.0,0.0
0.8,0.50813,0.35826,0.36313,0.0104,0.00217,0.00518,0.00201,0.00208,0.000164,0.00312,0.0,0.0,0.0
0.8,0.50806,0.35836,0.36323,0.0104,0.00217,0.00518,0.00201,0.00208,0.000165,0.00311,0.0,0.0,0.0
0.8,0.50799,0.35847,0.36333,0.0104,0.00218,0.00518,0.00201,0.0021,0.000177,0.00311,0.0,0.0,0.0
0.8,0.50792,0.35857,0.36343,0.0104,0.00218,0.00518,0.00201,0.0021,0.000177,0.00311,0.0,0.0,0.0
0.8,0.50784,0.35867,0.36353,0.0104,0.00218,0.00517,0.002,0.0021,0.000177,0.00311,0.0,0.0,0.0
0.8,0.50777,0.35877,0.36363,0.0104,0.00218,0.00517,0.002,0.00211,0.000178,0.00311,0.0,0.0,0.0
0.8,0.5077,0.35887,0.36373,0.0104,0.00218,0.00517,0.002,0.00211,0.000178,0.0031,0.0,0.0,0.0
0.8,0.50762,0.35897,0.36383,0.0104,0.00218,0.00517,0.002,0.00211,0.000178,0.0031,0.0,0.0,0.0
0.8,0.50755,0.35907,0.36393,0.0104,0.00218,0.00516,0.002,0.00212,0.000178,0.0031,0.0,0.0,0.0
0.8,0.50748,0.35917,0.36403,0.0104,0.00218,0.00516,0.002,0.00212,0.000178,0.0031,0.0,0.0,0.0
0.8,0.50741,0.35927,0.36413,0.0104,0.00218,0.00516,0.002,0.00213,0.000178,0.0031,0.0,0.0,0.0
0.8,0.50733,0.35937,0.36423,0.0104,0.00218,0.00516,0.002,0.00213,0.000178,0.00309,0.0,0.0,0.0
0.8,0.50726,0.35947,0.36433,0.0104,0.00218,0.00516,0.002,0.00213,0.000178,0.00309,0.0,0.0,0.0
0.8,0.50719,0.35957,0.36443,0.0104,0.00218,0.00515,0.002,0.00214,0.000179,0.00309,0.0,0.0,0.0
0.8,0.50711,0.35967,0.36453,0.0104,0.00218,0.00515,0.002,0.00214,0.000179,0.00309,0.0,0.0,0.0
0.8,0.50704,0.35977,0.36463,0.0104,0.00218,0.00515,0.002,0.00214,0.000179,0.00309,0.0,0.0,0.0
0.8,0.50697,0.35988,0.36473,0.0104,0.00218,0.00515,0.002,0.00215,0.000179,0.00309,0.0,0.0,0.0
0.8,0.5069,0.35998,0.36483,0.0104,0.00218,0.00514,0.002,0.00215,0.000179,0.00308,0.0,0.0,0.0
0.8,0.50682,0.36008,0.36493,0.0104,0.00218,0.00514,0.002,0.00215,0.000179,0.00308,0.0,0.0,0.0
0.8,0.50675,0.36018,0.36503,0.0104,0.00218,0.00514,0.002,0.00216,0.00018,0.00308,0.0,0.0,0.0
0.8,0.50668,0.36028,0.36513,0.0104,0.00218,0.00514,0.002,0.00216,0.00018,0.00308,0.0,0.0,0.0
0.8,0.5066,0.36038,0.36523,0.0104,0.00218,0.00513,0.002,0.00217,0.00018,0.00308,0.0,0.0,0.0
0.8,0.50653,0.36048,0.36533,0.0104,0.00218,0.00513,0.002,0.00217,0.00018,0.00307,0.0,0.0,0.0
0.8,0.50646,0.36058,0.36543,0.0104,0.00218,0.00513,0.002,0.00217,0.00018,0.00307,0.0,0.0,0.0
0.8,0.50638,0.36068,0.36553,0.0104,0.00218,0.00513,0.002,0.00218,0.00018,0.00307,0.0,0.0,0.0
0.8,0.50631,0.36078,0.36563,0.0104,0.00218,0.00513,0.002,0.00218,0.000181,0.00307,0.0,0.0,0.0
0.8,0.50624,0.36088,0.36573,0.0104,0.00218,0.00512,0.002,0.00218,0.000181,0.00306,0.0,0.0,0.0
0.8,0.50617,0.36098,0.36583,0.0104,0.00218,0.00512,0.002,0.00219,0.000181,0.00306,0.0,0.0,0.0
0.8,0.50609,0.36108,0.36593,0.0104,0.00218,0.00512,0.002,0.00219,0.000181,0.00306,0.0,0.0,0.0
0.8,0.50602,0.36118,0.36603,0.0104,0.00218,0.00512,0.00199,0.0022,0.000181,0.00306,0.0,0.0,0.0
0.8,0.50595,0.36128,0.36613,0.0104,0.00218,0.00511,0.00199,0.0022,0.000182,0.00306,0.0,0.0,0.0
0.8,0.50587,0.36139,0.36623,0.0104,0.00218,0.00511,0.00199,0.0022,0.000182,0.00305,0.0,0.0,0.0
0.8,0.5058,0.36149,0.36633,0.0104,0.00218,0.00511,0.00199,0.00221,0.000182,0.00305,0.0,0.0,0.0
0.8,0.50573,0.36159,0.36643,0.0104,0.00218,0.00511,0.00199,0.00221,0.000182,0.00305,0.0,0.0,0.0
0.8,0.50565,0.36169,0.36653,0.0104,0.00218,0.0051,0.00199,0.00221,0.000182,0.00305,0.0,0.0,0.0
0.8,0.50558,0.36179,0.36663,0.0104,0.00217,0.0051,0.00199,0.00222,0.000183,0.00305,0.0,0.0,0.0
0.8,0.50551,0.36189,0.36673,0.0104,0.00217,0.0051,0.00199,0.00222,0.000183,0.00304,0.0,0.0,0.0
0.8,0.50543,0.36199,0.36683,0.0104,0.00217,0.0051,0.00199,0.00223,0.000183,0.00304,0.0,0.0,0.0
0.8,0.50536,0.36209,0.36693,0.0104,0.00217,0.0051,0.00199,0.00223,0.000183,0.00304,0.0,0.0,0.0
0.8,0.50529,0.36219,0.36703,0.0104,0.00217,0.00509,0.00199,0.00223,0.000183,0.00304,0.0,0.0,0.0
0.8,0.50521,0.36229,0.36713,0.0104,0.00217,0.00509,0.00199,0.00224,0.000184,0.00304,0.0,0.0,0.0
0.8,0.50514,0.36239,0.36723,0.0104,0.00217,0.00509,0.00199,0.00224,0.000184,0.00303,0.0,0.0,0.0
0.8,0.50507,0.36249,0.36733,0.0104,0.00217,0.00509,0.00199,0.00224,0.000184,0.00303,0.0,0.0,0.0
0.8,0.50499,0.36259,0.36743,0.0104,0.00217,0.00508,0.00199,0.00225,0.000184,0.00303,0.0,0.0,0.0
0.8,0.50492,0.36269,0.36753,0.0104,0.00217,0.00508,0.00199,0.00225,0.000185,0.00303,0.0,0.0,0.0
0.8,0.50484,0.3628,0.36763,0.0104,0.00217,0.00508,0.00199,0.00226,0.000185,0.00303,0.0,0.0,0.0
0.8,0.50477,0.3629,0.36773,0.0104,0.00217,0.00508,0.00199,0.00226,0.000185,0.00302,0.0,0.0,0.0
0.8,0.5047,0.363,0.36783,0.0104,0.00217,0.00507,0.00199,0.00226,0.000185,0.00302,0.0,0.0,0.0
0.8,0.50462,0.3631,0.36793,0.0104,0.00217,0.00507,0.00199,0.00227,0.000185,0.00302,0.0,0.0,0.0
0.8,0.50455,0.3632,0.36803,0.0104,0.00217,0.00507,0.00199,0.00227,0.000186,0.00302,0.0,0.0,0.0
0.8,0.50448,0.3633,0.36813,0.0104,0.00217,0.00507,0.00199,0.00227,0.000186,0.00302,0.0,0.0,0.0
0.8,0.5044,0.3634,0.36823,0.0104,0.00217,0.00506,0.00199,0.00228,0.000186,0.00301,0.0,0.0,0.0
0.8,0.50433,0.3635,0.36833,0.0104,0.00217,0.00506,0.00198,0.00228,0.000186,0.00301,0.0,0.0,0.0
0.8,0.50426,0.3636,0.36843,0.0104,0.00217,0.00506,0.00198,0.00229,0.000187,0.00301,0.0,0.0,0.0
0.8,0.50418,0.3637,0.36853,0.0104,0.00217,0.00506,0.00198,0.00229,0.000187,0.00301,0.0,0.0,0.0
0.8,0.50411,0.3638,0.36863,0.0104,0.00217,0.00505,0.00198,0.00229,0.000187,0.003,0.0,0.0,0.0
0.8,0.50403,0.3639,0.36873,0.0104,0.00217,0.00505,0.00198,0.0023,0.000187,0.003,0.0,0.0,0.0
0.8,0.50396,0.364,0.36883,0.0104,0.00217,0.00505,0.00198,0.0023,0.000187,0.003,0.0,0.0,0.0
0.8,0.50389,0.3641,0.36893,0.0104,0.00217,0.00505,0.00198,0.0023,0.000188,0.003,0.0,0.0,0.0
0.8,0.50381,0.36421,0.36903,0.0103,0.00217,0.00505,0.00198,0.00231,0.000188,0.003,0.0,0.0,0.0
0.8,0.50374,0.36431,0.36913,0.0103,0.00217,0.00504,0.00198,0.00231,0.000188,0.00299,0.0,0.0,0.0
0.8,0.50367,0.36441,0.36923,0.0103,0.00217,0.00504,0.00198,0.00232,0.000188,0.00299,0.0,0.0,0.0
0.8,0.50359,0.36451,0.36933,0.0104,0.00218,0.00504,0.00198,0.00233,0.000202,0.00299,0.0,0.0,0.0
0.8,0.50352,0.36461,0.36943,0.0104,0.00218,0.00504,0.00198,0.00234,0.000203,0.00299,0.0,0.0,0.0
0.8,0.50344,0.36471,0.36953,0.0104,0.00218,0.00503,0.00198,0.00234,0.000203,0.00299,0.0,0.0,0.0
0.8,0.50337,0.36481,0.36963,0.0104,0.00218,0.00503,0.00198,0.00234,0.000203,0.00298,0.0,0.0,0.0
0.8,0.5033,0.36491,0.36973,0.0104,0.00218,0.00503,0.00198,0.00235,0.000203,0.00298,0.0,0.0,0.0
0.8,0.50322,0.36501,0.36983,0.0104,0.00218,0.00503,0.00198,0.00235,0.000203,0.00298,0.0,0.0,0.0
0.8,0.50315,0.36511,0.36993,0.0104,0.00218,0.00502,0.00198,0.00236,0.000203,0.00298,0.0,0.0,0.0
0.8,0.50307,0.36521,0.37003,0.0104,0.00218,0.00502,0.00198,0.00236,0.000203,0.00297,0.0,0.0,0.0
0.8,0.503,0.36531,0.37013,0.0104,0.00218,0.00502,0.00198,0.00236,0.000203,0.00297,0.0,0.0,0.0
0.8,0.50293,0.36541,0.37023,0.0104,0.00218,0.00502,0.00198,0.00237,0.000204,0.00297,0.0,0.0,0.0
0.8,0.50285,0.36551,0.37033,0.0104,0.00218,0.00501,0.00198,0.00237,0.000204,0.00297,0.0,0.0,0.0
0.8,0.50278,0.36562,0.37043,0.0104,0.00218,0.00501,0.00197,0.00238,0.000204,0.00297,0.0,0.0,0.0
0.8,0.5027,0.36572,0.37053,0.0104,0.00218,0.00501,0.00197,0.00238,0.000204,0.00296,0.0,0.0,0.0
0.8,0.50263,0.36582,0.37063,0.0104,0.00218,0.00501,0.00197,0.00238,0.000204,0.00296,0.0,0.0,0.0
0.8,0.50256,0.36592,0.37073,0.0104,0.00218,0.005,0.00197,0.00239,0.000204,0.00296,0.0,0.0,0.0
0.8,0.50248,0.36602,0.37083,0.0104,0.00218,0.005,0.00197,0.00239,0.000205,0.00296,0.0,0.0,0.0
0.8,0.50241,0.36612,0.37093,0.0103,0.00218,0.005,0.00197,0.0024,0.000205,0.00295,0.0,0.0,0.0
0.8,0.50233,0.36622,0.37103,0.0103,0.00218,0.005,0.00197,0.0024,0.000205,0.00295,0.0,0.0,0.0
0.8,0.50226,0.36632,0.37113,0.0103,0.00218,0.00499,0.00197,0.0024,0.000205,0.00295,0.0,0.0,0.0
0.8,0.50218,0.36642,0.37123,0.0103,0.00218,0.00499,0.00197,0.00241,0.000205,0.00295,0.0,0.0,0.0
0.8,0.50211,0.36652,0.37133,0.0103,0.00218,0.00499,0.00197,0.00241,0.000206,0.00295,0.0,0.0,0.0
0.8,0.50204,0.36662,0.37143,0.0103,0.00218,0.00499,0.00197,0.00242,0.000206,0.00294,0.0,0.0,0.0
0.8,0.50196,0.36672,0.37153,0.0103,0.00218,0.00498,0.00197,0.00242,0.000206,0.00294,0.0,0.0,0.0
0.8,0.50189,0.36682,0.37163,0.0103,0.00218,0.00498,0.00197,0.00242,0.000206,0.00294,0.0,0.0,0.0
0.8,0.50181,0.36692,0.37173,0.0103,0.00217,0.00498,0.00197,0.00243,0.000206,0.00294,0.0,0.0,0.0
0.8,0.50174,0.36703,0.37183,0.0103,0.00217,0.00498,0.00197,0.00243,0.000207,0.00293,0.0,0.0,0.0
0.8,0.50166,0.36713,0.37193,0.0103,0.00217,0.00497,0.00197,0.00244,0.000207,0.00293,0.0,0.0,0.0
0.8,0.50159,0.36723,0.37203,0.0103,0.00217,0.00497,0.00197,0.00244,0.000207,0.00293,0.0,0.0,0.0
0.8,0.50152,0.36733,0.37213,0.0103,0.00217,0.00497,0.00197,0.00245,0.000207,0.00293,0.0,0.0,0.0
0.8,0.50144,0.36743,0.37223,0.0103,0.00217,0.00497,0.00197,0.00245,0.000207,0.00293,0.0,0.0,0.0
0.8,0.50137,0.36753,0.37233,0.0103,0.00217,0.00496,0.00197,0.00245,0.000208,0.00292,0.0,0.0,0.0
0.8,0.50129,0.36763,0.37243,0.0103,0.00217,0.00496,0.00196,0.00246,0.000208,0.00292,0.0,0.0,0.0
0.8,0.50122,0.36773,0.37253,0.0103,0.00217,0.00496,0.00196,0.00246,0.000208,0.00292,0.0,0.0,0.0
0.8,0.50114,0.36783,0.37263,0.0103,0.00217,0.00496,0.00196,0.00247,0.000208,0.00292,0.0,0.0,0.0
0.8,0.50107,0.36793,0.37273,0.0103,0.00217,0.00495,0.00196,0.00247,0.000209,0.00291,0.0,0.0,0.0
0.8,0.50099,0.36803,0.37283,0.0103,0.00217,0.00495,0.00196,0.00247,0.000209,0.00291,0.0,0.0,0.0
0.8,0.50092,0.36813,0.37293,0.0103,0.00217,0.00495,0.00196,0.00248,0.000209,0.00291,0.0,0.0,0.0
0.8,0.50085,0.36823,0.37303,0.0103,0.00217,0.00495,0.00196,0.00248,0.000209,0.00291,0.0,0.0,0.0
0.8,0.50077,0.36833,0.37313,0.0103,0.00217,0.00494,0.00196,0.00249,0.00021,0.00291,0.0,0.0,0.0
0.8,0.5007,0.36844,0.37323,0.0103,0.00217,0.00494,0.00196,0.00249,0.00021,0.0029,0.0,0.0,0.0
0.8,0.50062,0.36854,0.37333,0.0103,0.00217,0.00494,0.00196,0.00249,0.00021,0.0029,0.0,0.0,0.0
0.8,0.50055,0.36864,0.37343,0.0103,0.00217,0.00494,0.00196,0.0025,0.00021,0.0029,0.0,0.0,0.0
0.8,0.50047,0.36874,0.37353,0.0103,0.00217,0.00493,0.00196,0.0025,0.000211,0.0029,0.0,0.0,0.0
0.8,0.5004,0.36884,0.37363,0.0103,0.00217,0.00493,0.00196,0.00251,0.000211,0.00289,0.0,0.0,0.0
0.8,0.50032,0.36894,0.37373,0.0103,0.00217,0.00493,0.00196,0.00251,0.000211,0.00289,0.0,0.0,0.0
0.8,0.50025,0.36904,0.37383,0.0103,0.00217,0.00493,0.00196,0.00251,0.000211,0.00289,0.0,0.0,0.0
0.8,0.50017,0.36914,0.37393,0.0103,0.00217,0.00492,0.00196,0.00252,0.000211,0.00289,0.0,0.0,0.0
0.8,0.5001,0.36924,0.37403,0.0103,0.00217,0.00492,0.00196,0.00252,0.000212,0.00288,0.0,0.0,0.0
0.8,0.50002,0.36934,0.37413,0.0103,0.00217,0.00492,0.00196,0.00253,0.000212,0.00288,0.0,0.0,0.0
0.8,0.49995,0.36944,0.37423,0.0103,0.00217,0.00491,0.00196,0.00253,0.000212,0.00288,0.0,0.0,0.0
0.8,0.49987,0.36954,0.37433,0.0103,0.00217,0.00491,0.00195,0.00254,0.000213,0.00288,0.0,0.0,0.0
0.8,0.4998,0.36964,0.37443,0.0103,0.00217,0.00491,0.00195,0.00254,0.000213,0.00288,0.0,0.0,0.0
0.8,0.49972,0.36974,0.37453,0.0103,0.00217,0.00491,0.00195,0.00254,0.000213,0.00287,0.0,0.0,0.0
0.8,0.49965,0.36985,0.37463,0.0103,0.00217,0.0049,0.00195,0.00255,0.000213,0.00287,0.0,0.0,0.0
0.8,0.49957,0.36995,0.37473,0.0103,0.00217,0.0049,0.00195,0.00255,0.000214,0.00287,0.0,0.0,0.0
0.8,0.4995,0.37005,0.37483,0.0103,0.00217,0.0049,0.00195,0.00256,0.000214,0.00287,0.0,0.0,0.0
0.8,0.49942,0.37015,0.37493,0.0103,0.00217,0.0049,0.00195,0.00256,0.000214,0.00286,0.0,0.0,0.0
0.8,0.49935,0.37025,0.37503,0.0103,0.00217,0.00489,0.00195,0.00256,0.000214,0.00286,0.0,0.0,0.0
0.8,0.49927,0.37035,0.37513,0.0103,0.00217,0.00489,0.00195,0.00257,0.000215,0.00286,0.0,0.0,0.0
0.8,0.4992,0.37045,0.37523,0.0103,0.00216,0.00489,0.00195,0.00257,0.000215,0.00286,0.0,0.0,0.0
0.8,0.49912,0.37055,0.37533,0.0103,0.00216,0.00489,0.00195,0.00258,0.000215,0.00285,0.0,0.0,0.0
0.8,0.49905,0.37065,0.37543,0.0103,0.00218,0.00488,0.00195,0.00259,0.000231,0.00285,0.0,0.0,0.0
0.8,0.49897,0.37075,0.37553,0.0103,0.00218,0.00488,0.00195,0.0026,0.000231,0.00285,0.0,0.0,0.0
0.8,0.4989,0.37085,0.37563,0.0103,0.00218,0.00488,0.00195,0.0026,0.000231,0.00285,0.0,0.0,0.0
0.8,0.49882,0.37095,0.37573,0.0103,0.00218,0.00488,0.00195,0.00261,0.000231,0.00285,0.0,0.0,0.0
0.8,0.49875,0.37105,0.37583,0.0103,0.00218,0.00487,0.00195,0.00261,0.000231,0.00284,0.0,0.0,0.0
0.8,0.49867,0.37115,0.37593,0.0103,0.00218,0.00487,0.00195,0.00262,0.000231,0.00284,0.0,0.0,0.0
0.8,0.4986,0.37126,0.37603,0.0103,0.00218,0.00487,0.00195,0.00262,0.000231,0.00284,0.0,0.0,0.0
0.8,0.49852,0.37136,0.37613,0.0103,0.00218,0.00487,0.00195,0.00262,0.000231,0.00284,0.0,0.0,0.0
0.8,0.49845,0.37146,0.37623,0.0103,0.00218,0.00486,0.00194,0.00263,0.000232,0.00283,0.0,0.0,0.0
0.8,0.49837,0.37156,0.37633,0.0103,0.00218,0.00486,0.00194,0.00263,0.000232,0.00283,0.0,0.0,0.0
0.8,0.4983,0.37166,0.37643,0.0103,0.00218,0.00486,0.00194,0.00264,0.000232,0.00283,0.0,0.0,0.0
0.8,0.49822,0.37176,0.37653,0.0103,0.00218,0.00486,0.00194,0.00264,0.000232,0.00283,0.0,0.0,0.0
0.8,0.49815,0.37186,0.37663,0.0103,0.00217,0.00485,0.00194,0.00265,0.000232,0.00282,0.0,0.0,0.0
0.8,0.49807,0.37196,0.37673,0.0103,0.00217,0.00485,0.00194,0.00265,0.000233,0.00282,0.0,0.0,0.0
0.8,0.498,0.37206,0.37683,0.0103,0.00217,0.00485,0.00194,0.00265,0.000233,0.00282,0.0,0.0,0.0
0.8,0.49792,0.37216,0.37693,0.0103,0.00217,0.00484,0.00194,0.00266,0.000233,0.00282,0.0,0.0,0.0
0.8,0.49784,0.37226,0.37703,0.0103,0.00217,0.00484,0.00194,0.00266,0.000233,0.00281,0.0,0.0,0.0
0.8,0.49777,0.37236,0.37713,0.0103,0.00217,0.00484,0.00194,0.00267,0.000233,0.00281,0.0,0.0,0.0
0.8,0.49769,0.37246,0.37723,0.0103,0.00217,0.00484,0.00194,0.00267,0.000234,0.00281,0.0,0.0,0.0
0.8,0.49762,0.37256,0.37733,0.0103,0.00217,0.00483,0.00194,0.00268,0.000234,0.00281,0.0,0.0,0.0
0.8,0.49754,0.37267,0.37743,0.0103,0.00217,0.00483,0.00194,0.00268,0.000234,0.0028,0.0,0.0,0.0
0.8,0.49747,0.37277,0.37753,0.0103,0.00217,0.00483,0.00194,0.00269,0.000234,0.0028,0.0,0.0,0.0
0.8,0.49739,0.37287,0.37763,0.0103,0.00217,0.00483,0.00194,0.00269,0.000235,0.0028,0.0,0.0,0.0
0.8,0.49732,0.37297,0.37773,0.0103,0.00217,0.00482,0.00194,0.00269,0.000235,0.0028,0.0,0.0,0.0
0.8,0.49724,0.37307,0.37783,0.0103,0.00217,0.00482,0.00194,0.0027,0.000235,0.0028,0.0,0.0,0.0
0.8,0.49717,0.37317,0.37793,0.0103,0.00217,0.00482,0.00193,0.0027,0.000235,0.00279,0.0,0.0,0.0
0.8,0.49709,0.37327,0.37803,0.0103,0.00217,0.00482,0.00193,0.00271,0.000235,0.00279,0.0,0.0,0.0
0.8,0.49701,0.37337,0.37813,0.0103,0.00217,0.00481,0.00193,0.00271,0.000236,0.00279,0.0,0.0,0.0
0.8,0.49694,0.37347,0.37823,0.0103,0.00217,0.00481,0.00193,0.00272,0.000236,0.00279,0.0,0.0,0.0
0.8,0.49686,0.37357,0.37833,0.0103,0.00217,0.00481,0.00193,0.00272,0.000236,0.00278,0.0,0.0,0.0
0.8,0.49679,0.37367,0.37843,0.0103,0.00217,0.0048,0.00193,0.00273,0.000236,0.00278,0.0,0.0,0.0
0.8,0.49671,0.37377,0.37853,0.0103,0.00217,0.0048,0.00193,0.00273,0.000237,0.00278,0.0,0.0,0.0
0.8,0.49664,0.37387,0.37863,0.0103,0.00217,0.0048,0.00193,0.00273,0.000237,0.00278,0.0,0.0,0.0
0.8,0.49656,0.37397,0.37873,0.0103,0.00217,0.0048,0.00193,0.00274,0.000237,0.00277,0.0,0.0,0.0
0.8,0.49648,0.37408,0.37883,0.0103,0.00217,0.00479,0.00193,0.00274,0.000238,0.00277,0.0,0.0,0.0
0.8,0.49641,0.37418,0.37893,0.0103,0.00217,0.00479,0.00193,0.00275,0.000238,0.00277,0.0,0.0,0.0
0.8,0.49633,0.37428,0.37903,0.0103,0.00217,0.00479,0.00193,0.00275,0.000238,0.00277,0.0,0.0,0.0
0.8,0.49626,0.37438,0.37913,0.0103,0.00217,0.00479,0.00193,0.00276,0.000238,0.00276,0.0,0.0,0.0
0.8,0.49618,0.37448,0.37923,0.0103,0.00217,0.00478,0.00193,0.00276,0.000239,0.00276,0.0,0.0,0.0
0.8,0.49611,0.37458,0.37933,0.0103,0.00217,0.00478,0.00193,0.00277,0.000239,0.00276,0.0,0.0,0.0
0.8,0.49603,0.37468,0.37943,0.0103,0.00217,0.00478,0.00193,0.00277,0.000239,0.00276,0.0,0.0,0.0
0.8,0.49595,0.37478,0.37953,0.0103,0.00216,0.00478,0.00193,0.00277,0.000239,0.00275,0.0,0.0,0.0
0.8,0.49588,0.37488,0.37963,0.0103,0.00216,0.00477,0.00192,0.00278,0.00024,0.00275,0.0,0.0,0.0
0.8,0.4958,0.37498,0.37973,0.0103,0.00216,0.00477,0.00192,0.00278,0.00024,0.00275,0.0,0.0,0.0
0.8,0.49573,0.37508,0.37983,0.0103,0.00216,0.00477,0.00192,0.00279,0.00024,0.00275,0.0,0.0,0.0
0.8,0.49565,0.37518,0.37993,0.0103,0.00216,0.00476,0.00192,0.00279,0.00024,0.00274,0.0,0.0,0.0
0.8,0.49557,0.37528,0.38003,0.0103,0.00216,0.00476,0.00192,0.0028,0.000241,0.00274,0.0,0.0,0.0
0.8,0.4955,0.37539,0.38013,0.0103,0.00216,0.00476,0.00192,0.0028,0.000241,0.00274,0.0,0.0,0.0
0.8,0.49542,0.37549,0.38023,0.0103,0.00216,0.00476,0.00192,0.00281,0.000241,0.00274,0.0,0.0,0.0
0.8,0.49535,0.37559,0.38033,0.0103,0.00216,0.00475,0.00192,0.00281,0.000242,0.00273,0.0,0.0,0.0
0.8,0.49527,0.37569,0.38043,0.0103,0.00216,0.00475,0.00192,0.00281,0.000242,0.00273,0.0,0.0,0.0
0.8,0.49519,0.37579,0.38053,0.0103,0.00216,0.00475,0.00192,0.00282,0.000242,0.00273,0.0,0.0,0.0
0.8,0.49512,0.37589,0.38063,0.0103,0.00216,0.00475,0.00192,0.00282,0.000242,0.00273,0.0,0.0,0.0
0.8,0.49504,0.37599,0.38073,0.0103,0.00216,0.00474,0.00192,0.00283,0.000243,0.00272,0.0,0.0,0.0
0.8,0.49497,0.37609,0.38083,0.0103,0.00216,0.00474,0.00192,0.00283,0.000243,0.00272,0.0,0.0,0.0
0.8,0.49489,0.37619,0.38093,0.0103,0.00216,0.00474,0.00192,0.00284,0.000243,0.00272,0.0,0.0,0.0
0.8,0.49481,0.37629,0.38103,0.0103,0.00216,0.00473,0.00192,0.00284,0.000244,0.00272,0.0,0.0,0.0
0.8,0.49474,0.37639,0.38113,0.0103,0.00216,0.00473,0.00192,0.00285,0.000244,0.00271,0.0,0.0,0.0
0.8,0.49466,0.37649,0.38123,0.0103,0.00216,0.00473,0.00192,0.00285,0.000244,0.00271,0.0,0.0,0.0
0.8,0.49458,0.37659,0.38133,0.0103,0.00216,0.00473,0.00191,0.00286,0.000245,0.00271,0.0,0.0,0.0
0.8,0.49451,0.37669,0.38143,0.0103,0.00218,0.00472,0.00191,0.00287,0.000262,0.00271,0.0,0.0,0.0
0.8,0.49443,0.3768,0.38153,0.0103,0.00218,0.00472,0.00191,0.00288,0.000262,0.0027,0.0,0.0,0.0
0.8,0.49436,0.3769,0.38163,0.0103,0.00217,0.00472,0.00191,0.00288,0.000262,0.0027,0.0,0.0,0.0
0.8,0.49428,0.377,0.38173,0.0103,0.00217,0.00472,0.00191,0.00289,0.000262,0.0027,0.0,0.0,0.0
0.8,0.4942,0.3771,0.38183,0.0103,0.00217,0.00471,0.00191,0.00289,0.000262,0.0027,0.0,0.0,0.0
0.8,0.49413,0.3772,0.38193,0.0103,0.00217,0.00471,0.00191,0.0029,0.000262,0.00269,0.0,0.0,0.0
0.8,0.49405,0.3773,0.38203,0.0103,0.00217,0.00471,0.00191,0.0029,0.000262,0.00269,0.0,0.0,0.0
0.8,0.49397,0.3774,0.38213,0.0103,0.00217,0.0047,0.00191,0.00291,0.000263,0.00269,0.0,0.0,0.0
0.8,0.4939,0.3775,0.38223,0.0103,0.00217,0.0047,0.00191,0.00291,0.000263,0.00269,0.0,0.0,0.0
0.8,0.49382,0.3776,0.38233,0.0103,0.00217,0.0047,0.00191,0.00291,0.000263,0.00268,0.0,0.0,0.0
0.8,0.49374,0.3777,0.38243,0.0103,0.00217,0.0047,0.00191,0.00292,0.000263,0.00268,0.0,0.0,0.0
0.8,0.49367,0.3778,0.38253,0.0103,0.00217,0.00469,0.00191,0.00292,0.000263,0.00268,0.0,0.0,0.0
0.8,0.49359,0.3779,0.38263,0.0103,0.00217,0.00469,0.00191,0.00293,0.000264,0.00268,0.0,0.0,0.0
0.8,0.49351,0.378,0.38273,0.0103,0.00217,0.00469,0.00191,0.00293,0.000264,0.00267,0.0,0.0,0.0
0.8,0.49344,0.3781,0.38283,0.0103,0.00217,0.00469,0.00191,0.00294,0.000264,0.00267,0.0,0.0,0.0
0.8,0.49336,0.37821,0.38293,0.0103,0.00217,0.00468,0.0019,0.00294,0.000264,0.00267,0.0,0.0,0.0
0.8,0.49328,0.37831,0.38303,0.0103,0.00217,0.00468,0.0019,0.00295,0.000264,0.00267,0.0,0.0,0.0
0.8,0.49321,0.37841,0.38313,0.0103,0.00217,0.00468,0.0019,0.00295,0.000265,0.00266,0.0,0.0,0.0
0.8,0.49313,0.37851,0.38323,0.0103,0.00217,0.00467,0.0019,0.00296,0.000265,0.00266,0.0,0.0,0.0
0.8,0.49305,0.37861,0.38333,0.0103,0.00217,0.00467,0.0019,0.00296,0.000265,0.00266,0.0,0.0,0.0
0.8,0.49298,0.37871,0.38343,0.0103,0.00217,0.00467,0.0019,0.00297,0.000265,0.00266,0.0,0.0,0.0
0.8,0.4929,0.37881,0.38353,0.0103,0.00217,0.00467,0.0019,0.00297,0.000266,0.00265,0.0,0.0,0.0
0.8,0.49282,0.37891,0.38363,0.0103,0.00217,0.00466,0.0019,0.00298,0.000266,0.00265,0.0,0.0,0.0
0.8,0.49275,0.37901,0.38373,0.0103,0.00217,0.00466,0.0019,0.00298,0.000266,0.00265,0.0,0.0,0.0
0.8,0.49267,0.37911,0.38383,0.0103,0.00217,0.00466,0.0019,0.00299,0.000266,0.00265,0.0,0.0,0.0
0.8,0.49259,0.37921,0.38393,0.0103,0.00217,0.00465,0.0019,0.00299,0.000267,0.00264,0.0,0.0,0.0
0.8,0.49252,0.37931,0.38403,0.0103,0.00216,0.00465,0.0019,0.003,0.000267,0.00264,0.0,0.0,0.0
0.8,0.49244,0.37941,0.38413,0.0103,0.00216,0.00465,0.0019,0.003,0.000267,0.00264,0.0,0.0,0.0
0.8,0.49236,0.37952,0.38423,0.0103,0.00216,0.00465,0.0019,0.00301,0.000268,0.00264,0.0,0.0,0.0
0.8,0.49229,0.37962,0.38433,0.0103,0.00216,0.00464,0.0019,0.00301,0.000268,0.00263,0.0,0.0,0.0
0.8,0.49221,0.37972,0.38443,0.0103,0.00216,0.00464,0.0019,0.00301,0.000268,0.00263,0.0,0.0,0.0
0.8,0.49213,0.37982,0.38453,0.0103,0.00216,0.00464,0.00189,0.00302,0.000268,0.00263,0.0,0.0,0.0
0.8,0.49206,0.37992,0.38463,0.0103,0.00216,0.00464,0.00189,0.00302,0.000269,0.00263,0.0,0.0,0.0
0.8,0.49198,0.38002,0.38473,0.0103,0.00216,0.00463,0.00189,0.00303,0.000269,0.00262,0.0,0.0,0.0
0.8,0.4919,0.38012,0.38483,0.0103,0.00216,0.00463,0.00189,0.00303,0.000269,0.00262,0.0,0.0,0.0
0.8,0.49183,0.38022,0.38493,0.0103,0.00216,0.00463,0.00189,0.00304,0.00027,0.00262,0.0,0.0,0.0
0.8,0.49175,0.38032,0.38503,0.0103,0.00216,0.00462,0.00189,0.00304,0.00027,0.00262,0.0,0.0,0.0
0.8,0.49167,0.38042,0.38513,0.0103,0.00216,0.00462,0.00189,0.00305,0.00027,0.00261,0.0,0.0,0.0
0.8,0.49159,0.38052,0.38523,0.0103,0.00216,0.00462,0.00189,0.00305,0.00027,0.00261,0.0,0.0,0.0
0.8,0.49152,0.38062,0.38533,0.0103,0.00216,0.00462,0.00189,0.00306,0.000271,0.00261,0.0,0.0,0.0
0.8,0.49144,0.38072,0.38543,0.0103,0.00216,0.00461,0.00189,0.00306,0.000271,0.00261,0.0,0.0,0.0
0.8,0.49136,0.38082,0.38553,0.0103,0.00216,0.00461,0.00189,0.00307,0.000271,0.0026,0.0,0.0,0.0
0.8,0.49129,0.38093,0.38563,0.0103,0.00216,0.00461,0.00189,0.00307,0.000272,0.0026,0.0,0.0,0.0
0.8,0.49121,0.38103,0.38573,0.0103,0.00216,0.0046,0.00189,0.00308,0.000272,0.0026,0.0,0.0,0.0
0.8,0.49113,0.38113,0.38583,0.0103,0.00216,0.0046,0.00189,0.00308,0.000272,0.0026,0.0,0.0,0.0
0.8,0.49105,0.38123,0.38593,0.0103,0.00216,0.0046,0.00189,0.00309,0.000273,0.00259,0.0,0.0,0.0
0.8,0.49098,0.38133,0.38603,0.0103,0.00216,0.0046,0.00188,0.00309,0.000273,0.00259,0.0,0.0,0.0
0.8,0.4909,0.38143,0.38613,0.0103,0.00216,0.00459,0.00188,0.0031,0.000273,0.00259,0.0,0.0,0.0
0.8,0.49082,0.38153,0.38623,0.0103,0.00216,0.00459,0.00188,0.0031,0.000274,0.00259,0.0,0.0,0.0
0.8,0.49075,0.38163,0.38633,0.0103,0.00216,0.00459,0.00188,0.00311,0.000274,0.00258,0.0,0.0,0.0
0.8,0.49067,0.38173,0.38643,0.0103,0.00216,0.00459,0.00188,0.00311,0.000274,0.00258,0.0,0.0,0.0
0.8,0.49059,0.38183,0.38653,0.0103,0.00216,0.00458,0.00188,0.00312,0.000274,0.00258,0.0,0.0,0.0
0.8,0.49051,0.38193,0.38663,0.0103,0.00216,0.00458,0.00188,0.00312,0.000275,0.00258,0.0,0.0,0.0
0.8,0.49044,0.38203,0.38673,0.0103,0.00216,0.00458,0.00188,0.00313,0.000275,0.00257,0.0,0.0,0.0
0.8,0.49036,0.38213,0.38683,0.0103,0.00215,0.00457,0.00188,0.00313,0.000275,0.00257,0.0,0.0,0.0
0.8,0.49028,0.38224,0.38693,0.0103,0.00215,0.00457,0.00188,0.00314,0.000276,0.00257,0.0,0.0,0.0
0.8,0.4902,0.38234,0.38703,0.0103,0.00215,0.00457,0.00188,0.00314,0.000276,0.00256,0.0,0.0,0.0
0.8,0.49013,0.38244,0.38713,0.0103,0.00215,0.00457,0.00188,0.00315,0.000276,0.00256,0.0,0.0,0.0
0.8,0.49005,0.38254,0.38723,0.0103,0.00215,0.00456,0.00188,0.00315,0.000277,0.00256,0.0,0.0,0.0
0.8,0.48997,0.38264,0.38733,0.0103,0.00215,0.00456,0.00188,0.00316,0.000277,0.00256,0.0,0.0,0.0
0.8,0.48989,0.38274,0.38743,0.0103,0.00217,0.00456,0.00188,0.00317,0.000296,0.00255,0.0,0.0,0.0
0.8,0.48982,0.38284,0.38753,0.0103,0.00217,0.00455,0.00187,0.00318,0.000296,0.00255,0.0,0.0,0.0
0.8,0.48974,0.38294,0.38763,0.0103,0.00217,0.00455,0.00187,0.00318,0.000296,0.00255,0.0,0.0,0.0
0.8,0.48966,0.38304,0.38773,0.0103,0.00217,0.00455,0.00187,0.00319,0.000296,0.00255,0.0,0.0,0.0
0.8,0.48958,0.38314,0.38783,0.0103,0.00217,0.00455,0.00187,0.00319,0.000296,0.00254,0.0,0.0,0.0
0.8,0.48951,0.38324,0.38793,0.0103,0.00217,0.00454,0.00187,0.0032,0.000296,0.00254,0.0,0.0,0.0
0.8,0.48943,0.38334,0.38803,0.0103,0.00217,0.00454,0.00187,0.0032,0.000297,0.00254,0.0,0.0,0.0
0.8,0.48935,0.38344,0.38813,0.0103,0.00217,0.00454,0.00187,0.00321,0.000297,0.00254,0.0,0.0,0.0
0.8,0.48927,0.38354,0.38823,0.0103,0.00217,0.00453,0.00187,0.00321,0.000297,0.00253,0.0,0.0,0.0
0.8,0.4892,0.38365,0.38833,0.0103,0.00217,0.00453,0.00187,0.00322,0.000297,0.00253,0.0,0.0,0.0
0.8,0.48912,0.38375,0.38843,0.0103,0.00217,0.00453,0.00187,0.00322,0.000297,0.00253,0.0,0.0,0.0
0.8,0.48904,0.38385,0.38853,0.0103,0.00217,0.00453,0.00187,0.00323,0.000298,0.00253,0.0,0.0,0.0
0.8,0.48896,0.38395,0.38863,0.0103,0.00217,0.00452,0.00187,0.00323,0.000298,0.00252,0.0,0.0,0.0
0.8,0.48889,0.38405,0.38873,0.0103,0.00216,0.00452,0.00187,0.00324,0.000298,0.00252,0.0,0.0,0.0
0.8,0.48881,0.38415,0.38883,0.0103,0.00216,0.00452,0.00187,0.00324,0.000298,0.00252,0.0,0.0,0.0
0.8,0.48873,0.38425,0.38893,0.0103,0.00216,0.00451,0.00187,0.00325,0.000299,0.00252,0.0,0.0,0.0
0.8,0.48865,0.38435,0.38903,0.0103,0.00216,0.00451,0.00186,0.00325,0.000299,0.00251,0.0,0.0,0.0
0.8,0.48857,0.38445,0.38913,0.0103,0.00216,0.00451,0.00186,0.00326,0.000299,0.00251,0.0,0.0,0.0
0.8,0.4885,0.38455,0.38923,0.0103,0.00216,0.00451,0.00186,0.00327,0.000299,0.00251,0.0,0.0,0.0
0.8,0.48842,0.38465,0.38933,0.0103,0.00216,0.0045,0.00186,0.00327,0.0003,0.00251,0.0,0.0,0.0
0.8,0.48834,0.38475,0.38943,0.0103,0.00216,0.0045,0.00186,0.00328,0.0003,0.0025,0.0,0.0,0.0
0.8,0.48826,0.38485,0.38953,0.0103,0.00216,0.0045,0.00186,0.00328,0.0003,0.0025,0.0,0.0,0.0
0.8,0.48818,0.38496,0.38963,0.0103,0.00216,0.00449,0.00186,0.00329,0.000301,0.0025,0.0,0.0,0.0
0.8,0.48811,0.38506,0.38973,0.0103,0.00216,0.00449,0.00186,0.00329,0.000301,0.00249,0.0,0.0,0.0
0.8,0.48803,0.38516,0.38983,0.0103,0.00216,0.00449,0.00186,0.0033,0.000301,0.00249,0.0,0.0,0.0
0.8,0.48795,0.38526,0.38993,0.0103,0.00216,0.00449,0.00186,0.0033,0.000301,0.00249,0.0,0.0,0.0
0.8,0.48787,0.38536,0.39003,0.0103,0.00216,0.00448,0.00186,0.00331,0.000302,0.00249,0.0,0.0,0.0
0.8,0.4878,0.38546,0.39013,0.0103,0.00216,0.00448,0.00186,0.00331,0.000302,0.00248,0.0,0.0,0.0
0.8,0.48772,0.38556,0.39023,0.0103,0.00216,0.00448,0.00186,0.00332,0.000302,0.00248,0.0,0.0,0.0
0.8,0.48764,0.38566,0.39033,0.0103,0.00216,0.00447,0.00186,0.00332,0.000303,0.00248,0.0,0.0,0.0
0.8,0.48756,0.38576,0.39043,0.0103,0.00216,0.00447,0.00185,0.00333,0.000303,0.00248,0.0,0.0,0.0
0.8,0.48748,0.38586,0.39053,0.0103,0.00216,0.00447,0.00185,0.00333,0.000303,0.00247,0.0,0.0,0.0
0.8,0.4874,0.38596,0.39063,0.0103,0.00216,0.00447,0.00185,0.00334,0.000304,0.00247,0.0,0.0,0.0
0.8,0.48733,0.38606,0.39073,0.0103,0.00216,0.00446,0.00185,0.00334,0.000304,0.00247,0.0,0.0,0.0
0.8,0.48725,0.38616,0.39083,0.0103,0.00216,0.00446,0.00185,0.00335,0.000304,0.00247,0.0,0.0,0.0
0.8,0.48717,0.38626,0.39093,0.0103,0.00216,0.00446,0.00185,0.00335,0.000305,0.00246,0.0,0.0,0.0
0.8,0.48709,0.38637,0.39103,0.0103,0.00216,0.00445,0.00185,0.00336,0.000305,0.00246,0.0,0.0,0.0
0.8,0.48701,0.38647,0.39113,0.0103,0.00216,0.00445,0.00185,0.00336,0.000305,0.00246,0.0,0.0,0.0
0.8,0.48694,0.38657,0.39123,0.0103,0.00215,0.00445,0.00185,0.00337,0.000306,0.00246,0.0,0.0,0.0
0.8,0.48686,0.38667,0.39133,0.0103,0.00215,0.00445,0.00185,0.00337,0.000306,0.00245,0.0,0.0,0.0
0.8,0.48678,0.38677,0.39143,0.0103,0.00215,0.00444,0.00185,0.00338,0.000306,0.00245,0.0,0.0,0.0
0.8,0.4867,0.38687,0.39153,0.0103,0.00215,0.00444,0.00185,0.00338,0.000307,0.00245,0.0,0.0,0.0
0.8,0.48662,0.38697,0.39163,0.0103,0.00215,0.00444,0.00185,0.00339,0.000307,0.00244,0.0,0.0,0.0
0.8,0.48654,0.38707,0.39173,0.0103,0.00215,0.00443,0.00185,0.00339,0.000307,0.00244,0.0,0.0,0.0
0.8,0.48647,0.38717,0.39183,0.0103,0.00215,0.00443,0.00185,0.0034,0.000308,0.00244,0.0,0.0,0.0
0.8,0.48639,0.38727,0.39193,0.0103,0.00215,0.00443,0.00184,0.00341,0.000308,0.00244,0.0,0.0,0.0
0.8,0.48631,0.38737,0.39203,0.0103,0.00215,0.00443,0.00184,0.00341,0.000308,0.00243,0.0,0.0,0.0
0.8,0.48623,0.38747,0.39213,0.0103,0.00215,0.00442,0.00184,0.00342,0.000309,0.00243,0.0,0.0,0.0
0.8,0.48615,0.38757,0.39223,0.0103,0.00215,0.00442,0.00184,0.00342,0.000309,0.00243,0.0,0.0,0.0
0.8,0.48607,0.38768,0.39233,0.0103,0.00215,0.00442,0.00184,0.00343,0.000309,0.00243,0.0,0.0,0.0
0.8,0.486,0.38778,0.39243,0.0103,0.00215,0.00441,0.00184,0.00343,0.00031,0.00242,0.0,0.0,0.0
0.8,0.48592,0.38788,0.39253,0.0103,0.00215,0.00441,0.00184,0.00344,0.00031,0.00242,0.0,0.0,0.0
0.8,0.48584,0.38798,0.39263,0.0103,0.00215,0.00441,0.00184,0.00344,0.00031,0.00242,0.0,0.0,0.0
0.8,0.48576,0.38808,0.39273,0.0103,0.00215,0.00441,0.00184,0.00345,0.000311,0.00242,0.0,0.0,0.0
0.8,0.48568,0.38818,0.39283,0.0103,0.00215,0.0044,0.00184,0.00345,0.000311,0.00241,0.0,0.0,0.0
0.8,0.4856,0.38828,0.39293,0.0103,0.00215,0.0044,0.00184,0.00346,0.000312,0.00241,0.0,0.0,0.0
0.8,0.48552,0.38838,0.39303,0.0103,0.00215,0.0044,0.00184,0.00346,0.000312,0.00241,0.0,0.0,0.0
0.8,0.48545,0.38848,0.39313,0.0103,0.00215,0.00439,0.00184,0.00347,0.000312,0.00241,0.0,0.0,0.0
0.8,0.48537,0.38858,0.39323,0.0103,0.00215,0.00439,0.00184,0.00347,0.000313,0.0024,0.0,0.0,0.0
0.8,0.48529,0.38868,0.39333,0.0103,0.00215,0.00439,0.00183,0.00348,0.000313,0.0024,0.0,0.0,0.0
0.8,0.48521,0.38878,0.39343,0.0103,0.00217,0.00439,0.00183,0.0035,0.000333,0.0024,0.0,0.0,0.0
0.8,0.48513,0.38888,0.39353,0.0103,0.00217,0.00438,0.00183,0.0035,0.000333,0.00239,0.0,0.0,0.0
0.8,0.48505,0.38899,0.39363,0.0103,0.00217,0.00438,0.00183,0.00351,0.000333,0.00239,0.0,0.0,0.0
0.8,0.48497,0.38909,0.39373,0.0103,0.00216,0.00438,0.00183,0.00351,0.000334,0.00239,0.0,0.0,0.0
0.8,0.48489,0.38919,0.39383,0.0103,0.00216,0.00437,0.00183,0.00352,0.000334,0.00239,0.0,0.0,0.0
0.8,0.48482,0.38929,0.39393,0.0103,0.00216,0.00437,0.00183,0.00352,0.000334,0.00238,0.0,0.0,0.0
0.8,0.48474,0.38939,0.39403,0.0103,0.00216,0.00437,0.00183,0.00353,0.000334,0.00238,0.0,0.0,0.0
0.8,0.48466,0.38949,0.39413,0.0103,0.00216,0.00437,0.00183,0.00353,0.000334,0.00238,0.0,0.0,0.0
0.8,0.48458,0.38959,0.39423,0.0103,0.00216,0.00436,0.00183,0.00354,0.000335,0.00238,0.0,0.0,0.0
0.8,0.4845,0.38969,0.39433,0.0103,0.00216,0.00436,0.00183,0.00355,0.000335,0.00237,0.0,0.0,0.0
0.8,0.48442,0.38979,0.39443,0.0103,0.00216,0.00436,0.00183,0.00355,0.000335,0.00237,0.0,0.0,0.0
0.8,0.48434,0.38989,0.39453,0.0103,0.00216,0.00435,0.00183,0.00356,0.000335,0.00237,0.0,0.0,0.0
0.8,0.48426,0.38999,0.39463,0.0103,0.00216,0.00435,0.00182,0.00356,0.000336,0.00237,0.0,0.0,0.0
0.8,0.48418,0.39009,0.39473,0.0103,0.00216,0.00435,0.00182,0.00357,0.000336,0.00236,0.0,0.0,0.0
0.8,0.48411,0.39019,0.39483,0.0103,0.00216,0.00434,0.00182,0.00357,0.000336,0.00236,0.0,0.0,0.0
0.8,0.48403,0.3903,0.39493,0.0103,0.00216,0.00434,0.00182,0.00358,0.000336,0.00236,0.0,0.0,0.0
0.8,0.48395,0.3904,0.39503,0.0103,0.00216,0.00434,0.00182,0.00358,0.000337,0.00236,0.0,0.0,0.0
0.8,0.48387,0.3905,0.39513,0.0103,0.00216,0.00434,0.00182,0.00359,0.000337,0.00235,0.0,0.0,0.0
0.8,0.48379,0.3906,0.39523,0.0103,0.00216,0.00433,0.00182,0.0036,0.000337,0.00235,0.0,0.0,0.0
0.8,0.48371,0.3907,0.39533,0.0103,0.00216,0.00433,0.00182,0.0036,0.000338,0.00235,0.0,0.0,0.0
0.8,0.48363,0.3908,0.39543,0.0103,0.00216,0.00433,0.00182,0.00361,0.000338,0.00234,0.0,0.0,0.0
0.8,0.48355,0.3909,0.39553,0.0103,0.00216,0.00432,0.00182,0.00361,0.000338,0.00234,0.0,0.0,0.0
0.8,0.48347,0.391,0.39563,0.0103,0.00216,0.00432,0.00182,0.00362,0.000339,0.00234,0.0,0.0,0.0
0.8,0.48339,0.3911,0.39573,0.0103,0.00216,0.00432,0.00182,0.00362,0.000339,0.00234,0.0,0.0,0.0
0.8,0.48332,0.3912,0.39583,0.0103,0.00216,0.00432,0.00182,0.00363,0.000339,0.00233,0.0,0.0,0.0
0.8,0.48324,0.3913,0.39593,0.0103,0.00216,0.00431,0.00182,0.00363,0.00034,0.00233,0.0,0.0,0.0
0.8,0.48316,0.3914,0.39603,0.0103,0.00215,0.00431,0.00181,0.00364,0.00034,0.00233,0.0,0.0,0.0
0.8,0.48308,0.3915,0.39613,0.0103,0.00215,0.00431,0.00181,0.00365,0.00034,0.00233,0.0,0.0,0.0
0.8,0.483,0.3916,0.39623,0.0103,0.00215,0.0043,0.00181,0.00365,0.000341,0.00232,0.0,0.0,0.0
0.8,0.48292,0.39171,0.39633,0.0103,0.00215,0.0043,0.00181,0.00366,0.000341,0.00232,0.0,0.0,0.0
0.8,0.48284,0.39181,0.39643,0.0103,0.00215,0.0043,0.00181,0.00366,0.000341,0.00232,0.0,0.0,0.0
0.8,0.48276,0.39191,0.39653,0.0103,0.00215,0.0043,0.00181,0.00367,0.000342,0.00232,0.0,0.0,0.0
0.8,0.48268,0.39201,0.39663,0.0103,0.00215,0.00429,0.00181,0.00367,0.000342,0.00231,0.0,0.0,0.0
0.8,0.4826,0.39211,0.39673,0.0103,0.00215,0.00429,0.00181,0.00368,0.000342,0.00231,0.0,0.0,0.0
0.8,0.48252,0.39221,0.39683,0.0103,0.00215,0.00429,0.00181,0.00368,0.000343,0.00231,0.0,0.0,0.0
0.8,0.48244,0.39231,0.39693,0.0103,0.00215,0.00428,0.00181,0.00369,0.000343,0.0023,0.0,0.0,0.0
0.8,0.48236,0.39241,0.39703,0.0103,0.00215,0.00428,0.00181,0.0037,0.000343,0.0023,0.0,0.0,0.0
0.8,0.48228,0.39251,0.39713,0.0103,0.00215,0.00428,0.00181,0.0037,0.000344,0.0023,0.0,0.0,0.0
0.8,0.4822,0.39261,0.39723,0.0103,0.00215,0.00428,0.00181,0.00371,0.000344,0.0023,0.0,0.0,0.0
0.8,0.48213,0.39271,0.39733,0.0103,0.00215,0.00427,0.00181,0.00371,0.000345,0.00229,0.0,0.0,0.0
0.8,0.48205,0.39281,0.39743,0.0103,0.00215,0.00427,0.0018,0.00372,0.000345,0.00229,0.0,0.0,0.0
0.8,0.48197,0.39291,0.39753,0.0103,0.00215,0.00427,0.0018,0.00372,0.000345,0.00229,0.0,0.0,0.0
0.8,0.48189,0.39302,0.39763,0.0103,0.00215,0.00426,0.0018,0.00373,0.000346,0.00229,0.0,0.0,0.0
0.8,0.48181,0.39312,0.39773,0.0103,0.00215,0.00426,0.0018,0.00374,0.000346,0.00228,0.0,0.0,0.0
0.8,0.48173,0.39322,0.39783,0.0103,0.00215,0.00426,0.0018,0.00374,0.000346,0.00228,0.0,0.0,0.0
0.8,0.48165,0.39332,0.39793,0.0103,0.00215,0.00426,0.0018,0.00375,0.000347,0.00228,0.0,0.0,0.0
0.8,0.48157,0.39342,0.39803,0.0103,0.00215,0.00425,0.0018,0.00375,0.000347,0.00228,0.0,0.0,0.0
0.8,0.48149,0.39352,0.39813,0.0103,0.00215,0.00425,0.0018,0.00376,0.000348,0.00227,0.0,0.0,0.0
0.8,0.48141,0.39362,0.39823,0.0103,0.00215,0.00425,0.0018,0.00376,0.000348,0.00227,0.0,0.0,0.0
0.8,0.48133,0.39372,0.39833,0.0103,0.00215,0.00424,0.0018,0.00377,0.000348,0.00227,0.0,0.0,0.0
0.8,0.48125,0.39382,0.39843,0.0103,0.00215,0.00424,0.0018,0.00377,0.000349,0.00227,0.0,0.0,0.0
0.8,0.48117,0.39392,0.39853,0.0103,0.00215,0.00424,0.0018,0.00378,0.000349,0.00226,0.0,0.0,0.0
0.8,0.48109,0.39402,0.39863,0.0103,0.00215,0.00423,0.0018,0.00379,0.00035,0.00226,0.0,0.0,0.0
0.8,0.48101,0.39412,0.39873,0.0103,0.00214,0.00423,0.00179,0.00379,0.00035,0.00226,0.0,0.0,0.0
0.8,0.48093,0.39422,0.39883,0.0103,0.00214,0.00423,0.00179,0.0038,0.00035,0.00225,0.0,0.0,0.0
0.8,0.48085,0.39433,0.39893,0.0103,0.00214,0.00423,0.00179,0.0038,0.000351,0.00225,0.0,0.0,0.0
0.8,0.48077,0.39443,0.39903,0.0103,0.00214,0.00422,0.00179,0.00381,0.000351,0.00225,0.0,0.0,0.0
0.8,0.48069,0.39453,0.39913,0.0103,0.00214,0.00422,0.00179,0.00381,0.000352,0.00225,0.0,0.0,0.0
0.8,0.48061,0.39463,0.39923,0.0103,0.00214,0.00422,0.00179,0.00382,0.000352,0.00224,0.0,0.0,0.0
0.8,0.48053,0.39473,0.39933,0.0103,0.00216,0.00421,0.00179,0.00384,0.000374,0.00224,0.0,0.0,0.0
0.8,0.48045,0.39483,0.39943,0.0103,0.00216,0.00421,0.00179,0.00384,0.000374,0.00224,0.0,0.0,0.0
0.8,0.48037,0.39493,0.39953,0.0103,0.00216,0.00421,0.00179,0.00385,0.000374,0.00224,0.0,0.0,0.0
0.8,0.48029,0.39503,0.39963,0.0103,0.00216,0.00421,0.00179,0.00385,0.000374,0.00223,0.0,0.0,0.0
0.8,0.48021,0.39513,0.39973,0.0103,0.00216,0.0042,0.00179,0.00386,0.000375,0.00223,0.0,0.0,0.0
0.8,0.48013,0.39523,0.39983,0.0103,0.00216,0.0042,0.00179,0.00387,0.000375,0.00223,0.0,0.0,0.0
0.8,0.48005,0.39533,0.39993,0.0103,0.00216,0.0042,0.00179,0.00387,0.000375,0.00223,0.0,0.0,0.0
0.8,0.47997,0.39543,0.40003,0.0103,0.00216,0.00419,0.00179,0.00388,0.000375,0.00222,0.0,0.0,0.0
0.8,0.47989,0.39553,0.40013,0.0103,0.00216,0.00419,0.00178,0.00388,0.000375,0.00222,0.0,0.0,0.0
0.8,0.47981,0.39564,0.40023,0.0103,0.00216,0.00419,0.00178,0.00389,0.000376,0.00222,0.0,0.0,0.0
0.8,0.47973,0.39574,0.40033,0.0103,0.00216,0.00419,0.00178,0.0039,0.000376,0.00221,0.0,0.0,0.0
0.8,0.47965,0.39584,0.40043,0.0103,0.00216,0.00418,0.00178,0.0039,0.000376,0.00221,0.0,0.0,0.0
0.8,0.47957,0.39594,0.40053,0.0103,0.00216,0.00418,0.00178,0.00391,0.000377,0.00221,0.0,0.0,0.0
0.8,0.47949,0.39604,0.40063,0.0103,0.00216,0.00418,0.00178,0.00391,0.000377,0.00221,0.0,0.0,0.0
0.8,0.47941,0.39614,0.40073,0.0103,0.00216,0.00417,0.00178,0.00392,0.000377,0.0022,0.0,0.0,0.0
0.8,0.47933,0.39624,0.40083,0.0103,0.00216,0.00417,0.00178,0.00393,0.000377,0.0022,0.0,0.0,0.0
0.8,0.47925,0.39634,0.40093,0.0103,0.00216,0.00417,0.00178,0.00393,0.000378,0.0022,0.0,0.0,0.0
0.8,0.47917,0.39644,0.40103,0.0103,0.00216,0.00416,0.00178,0.00394,0.000378,0.0022,0.0,0.0,0.0
0.8,0.47909,0.39654,0.40113,0.0103,0.00216,0.00416,0.00178,0.00394,0.000378,0.00219,0.0,0.0,0.0
0.8,0.47901,0.39664,0.40123,0.0103,0.00215,0.00416,0.00178,0.00395,0.000379,0.00219,0.0,0.0,0.0
0.8,0.47893,0.39674,0.40133,0.0103,0.00215,0.00416,0.00178,0.00396,0.000379,0.00219,0.0,0.0,0.0
0.8,0.47885,0.39684,0.40143,0.0103,0.00215,0.00415,0.00177,0.00396,0.000379,0.00219,0.0,0.0,0.0
0.8,0.47877,0.39695,0.40153,0.0103,0.00215,0.00415,0.00177,0.00397,0.00038,0.00218,0.0,0.0,0.0
0.8,0.47869,0.39705,0.40163,0.0103,0.00215,0.00415,0.00177,0.00397,0.00038,0.00218,0.0,0.0,0.0
0.8,0.47861,0.39715,0.40173,0.0103,0.00215,0.00414,0.00177,0.00398,0.000381,0.00218,0.0,0.0,0.0
0.8,0.47853,0.39725,0.40183,0.0103,0.00215,0.00414,0.00177,0.00399,0.000381,0.00218,0.0,0.0,0.0
0.8,0.47845,0.39735,0.40193,0.0103,0.00215,0.00414,0.00177,0.00399,0.000381,0.00217,0.0,0.0,0.0
0.8,0.47837,0.39745,0.40203,0.0103,0.00215,0.00414,0.00177,0.004,0.000382,0.00217,0.0,0.0,0.0
0.8,0.47829,0.39755,0.40213,0.0103,0.00215,0.00413,0.00177,0.004,0.000382,0.00217,0.0,0.0,0.0
0.8,0.47821,0.39765,0.40223,0.0103,0.00215,0.00413,0.00177,0.00401,0.000382,0.00216,0.0,0.0,0.0
0.8,0.47813,0.39775,0.40233,0.0103,0.00215,0.00413,0.00177,0.00402,0.000383,0.00216,0.0,0.0,0.0
0.8,0.47805,0.39785,0.40243,0.0103,0.00215,0.00412,0.00177,0.00402,0.000383,0.00216,0.0,0.0,0.0
0.8,0.47797,0.39795,0.40253,0.0103,0.00215,0.00412,0.00177,0.00403,0.000384,0.00216,0.0,0.0,0.0
0.8,0.47789,0.39805,0.40263,0.0103,0.00215,0.00412,0.00177,0.00403,0.000384,0.00215,0.0,0.0,0.0
0.8,0.4778,0.39815,0.40273,0.0103,0.00215,0.00412,0.00176,0.00404,0.000384,0.00215,0.0,0.0,0.0
0.8,0.47772,0.39826,0.40283,0.0103,0.00215,0.00411,0.00176,0.00405,0.000385,0.00215,0.0,0.0,0.0
0.8,0.47764,0.39836,0.40293,0.0103,0.00215,0.00411,0.00176,0.00405,0.000385,0.00215,0.0,0.0,0.0
0.8,0.47756,0.39846,0.40303,0.0103,0.00215,0.00411,0.00176,0.00406,0.000386,0.00214,0.0,0.0,0.0
0.8,0.47748,0.39856,0.40313,0.0103,0.00215,0.0041,0.00176,0.00406,0.000386,0.00214,0.0,0.0,0.0
0.8,0.4774,0.39866,0.40323,0.0103,0.00215,0.0041,0.00176,0.00407,0.000386,0.00214,0.0,0.0,0.0
0.8,0.47732,0.39876,0.40333,0.0103,0.00215,0.0041,0.00176,0.00408,0.000387,0.00214,0.0,0.0,0.0
0.8,0.47724,0.39886,0.40343,0.0103,0.00215,0.00409,0.00176,0.00408,0.000387,0.00213,0.0,0.0,0.0
0.8,0.47716,0.39896,0.40353,0.0103,0.00215,0.00409,0.00176,0.00409,0.000388,0.00213,0.0,0.0,0.0
0.8,0.47708,0.39906,0.40363,0.0103,0.00215,0.00409,0.00176,0.00409,0.000388,0.00213,0.0,0.0,0.0
0.8,0.477,0.39916,0.40373,0.0103,0.00215,0.00409,0.00176,0.0041,0.000389,0.00213,0.0,0.0,0.0
0.8,0.47692,0.39926,0.40383,0.0103,0.00215,0.00408,0.00176,0.00411,0.000389,0.00212,0.0,0.0,0.0
0.8,0.47684,0.39936,0.40393,0.0103,0.00214,0.00408,0.00176,0.00411,0.000389,0.00212,0.0,0.0,0.0
0.8,0.47676,0.39946,0.40403,0.0103,0.00214,0.00408,0.00175,0.00412,0.00039,0.00212,0.0,0.0,0.0
0.8,0.47668,0.39957,0.40413,0.0103,0.00214,0.00407,0.00175,0.00412,0.00039,0.00211,0.0,0.0,0.0
0.8,0.47659,0.39967,0.40423,0.0103,0.00214,0.00407,0.00175,0.00413,0.000391,0.00211,0.0,0.0,0.0
0.8,0.47651,0.39977,0.40433,0.0103,0.00214,0.00407,0.00175,0.00414,0.000391,0.00211,0.0,0.0,0.0
0.8,0.47643,0.39987,0.40443,0.0103,0.00214,0.00407,0.00175,0.00414,0.000392,0.00211,0.0,0.0,0.0
0.8,0.47635,0.39997,0.40453,0.0103,0.00214,0.00406,0.00175,0.00415,0.000392,0.0021,0.0,0.0,0.0
0.8,0.47627,0.40007,0.40463,0.0103,0.00214,0.00406,0.00175,0.00415,0.000392,0.0021,0.0,0.0,0.0
0.8,0.47619,0.40017,0.40473,0.0103,0.00214,0.00406,0.00175,0.00416,0.000393,0.0021,0.0,0.0,0.0
0.8,0.47611,0.40027,0.40483,0.0103,0.00214,0.00405,0.00175,0.00417,0.000393,0.0021,0.0,0.0,0.0
0.8,0.47603,0.40037,0.40493,0.0103,0.00214,0.00405,0.00175,0.00417,0.000394,0.00209,0.0,0.0,0.0
0.8,0.47595,0.40047,0.40503,0.0103,0.00214,0.00405,0.00175,0.00418,0.000394,0.00209,0.0,0.0,0.0
0.8,0.47587,0.40057,0.40513,0.0103,0.00214,0.00405,0.00175,0.00418,0.000395,0.00209,0.0,0.0,0.0
0.8,0.47578,0.40067,0.40523,0.0103,0.00216,0.00404,0.00175,0.0042,0.000418,0.00209,0.0,0.0,0.0
0.8,0.4757,0.40077,0.40533,0.0103,0.00216,0.00404,0.00174,0.00421,0.000418,0.00208,0.0,0.0,0.0
0.8,0.47562,0.40088,0.40543,0.0103,0.00216,0.00404,0.00174,0.00421,0.000419,0.00208,0.0,0.0,0.0
0.8,0.47554,0.40098,0.40553,0.0103,0.00216,0.00403,0.00174,0.00422,0.000419,0.00208,0.0,0.0,0.0
0.8,0.47546,0.40108,0.40563,0.0103,0.00216,0.00403,0.00174,0.00423,0.000419,0.00208,0.0,0.0,0.0
0.8,0.47538,0.40118,0.40573,0.0103,0.00216,0.00403,0.00174,0.00423,0.000419,0.00207,0.0,0.0,0.0
0.8,0.4753,0.40128,0.40583,0.0103,0.00216,0.00402,0.00174,0.00424,0.000419,0.00207,0.0,0.0,0.0
0.8,0.47522,0.40138,0.40593,0.0103,0.00216,0.00402,0.00174,0.00424,0.00042,0.00207,0.0,0.0,0.0
0.8,0.47514,0.40148,0.40603,0.0103,0.00216,0.00402,0.00174,0.00425,0.00042,0.00207,0.0,0.0,0.0
0.8,0.47505,0.40158,0.40613,0.0103,0.00216,0.00402,0.00174,0.00426,0.00042,0.00206,0.0,0.0,0.0
0.8,0.47497,0.40168,0.40623,0.0103,0.00216,0.00401,0.00174,0.00426,0.000421,0.00206,0.0,0.0,0.0
0.8,0.47489,0.40178,0.40633,0.0103,0.00216,0.00401,0.00174,0.00427,0.000421,0.00206,0.0,0.0,0.0
0.8,0.47481,0.40188,0.40643,0.0103,0.00216,0.00401,0.00174,0.00428,0.000421,0.00205,0.0,0.0,0.0
0.8,0.47473,0.40198,0.40653,0.0103,0.00216,0.004,0.00174,0.00428,0.000421,0.00205,0.0,0.0,0.0
0.8,0.47465,0.40208,0.40663,0.0103,0.00216,0.004,0.00173,0.00429,0.000422,0.00205,0.0,0.0,0.0
0.8,0.47457,0.40219,0.40673,0.0103,0.00216,0.004,0.00173,0.0043,0.000422,0.00205,0.0,0.0,0.0
0.8,0.47449,0.40229,0.40683,0.0103,0.00216,0.004,0.00173,0.0043,0.000423,0.00204,0.0,0.0,0.0
0.8,0.4744,0.40239,0.40693,0.0103,0.00215,0.00399,0.00173,0.00431,0.000423,0.00204,0.0,0.0,0.0
0.8,0.47432,0.40249,0.40703,0.0103,0.00215,0.00399,0.00173,0.00431,0.000423,0.00204,0.0,0.0,0.0
0.8,0.47424,0.40259,0.40713,0.0103,0.00215,0.00399,0.00173,0.00432,0.000424,0.00204,0.0,0.0,0.0
0.8,0.47416,0.40269,0.40723,0.0103,0.00215,0.00398,0.00173,0.00433,0.000424,0.00203,0.0,0.0,0.0
0.8,0.47408,0.40279,0.40733,0.0103,0.00215,0.00398,0.00173,0.00433,0.000424,0.00203,0.0,0.0,0.0
0.8,0.474,0.40289,0.40743,0.0103,0.00215,0.00398,0.00173,0.00434,0.000425,0.00203,0.0,0.0,0.0
0.8,0.47392,0.40299,0.40753,0.0103,0.00215,0.00398,0.00173,0.00435,0.000425,0.00203,0.0,0.0,0.0
0.8,0.47383,0.40309,0.40763,0.0103,0.00215,0.00397,0.00173,0.00435,0.000426,0.00202,0.0,0.0,0.0
0.8,0.47375,0.40319,0.40773,0.0103,0.00215,0.00397,0.00173,0.00436,0.000426,0.00202,0.0,0.0,0.0
0.8,0.47367,0.40329,0.40783,0.0104,0.00215,0.00397,0.00173,0.00437,0.000426,0.00202,0.0,0.0,0.0
0.8,0.47359,0.4034,0.40793,0.0104,0.00215,0.00396,0.00172,0.00437,0.000427,0.00202,0.0,0.0,0.0
0.8,0.47351,0.4035,0.40803,0.0104,0.00215,0.00396,0.00172,0.00438,0.000427,0.00201,0.0,0.0,0.0
0.8,0.47343,0.4036,0.40813,0.0104,0.00215,0.00396,0.00172,0.00438,0.000428,0.00201,0.0,0.0,0.0
0.8,0.47334,0.4037,0.40823,0.0104,0.00215,0.00395,0.00172,0.00439,0.000428,0.00201,0.0,0.0,0.0
0.8,0.47326,0.4038,0.40833,0.0104,0.00215,0.00395,0.00172,0.0044,0.000428,0.00201,0.0,0.0,0.0
0.8,0.47318,0.4039,0.40843,0.0104,0.00215,0.00395,0.00172,0.0044,0.000429,0.002,0.0,0.0,0.0
0.8,0.4731,0.404,0.40853,0.0104,0.00215,0.00395,0.00172,0.00441,0.000429,0.002,0.0,0.0,0.0
0.8,0.47302,0.4041,0.40863,0.0104,0.00215,0.00394,0.00172,0.00442,0.00043,0.002,0.0,0.0,0.0
0.8,0.47294,0.4042,0.40873,0.0104,0.00215,0.00394,0.00172,0.00442,0.00043,0.002,0.0,0.0,0.0
0.8,0.47285,0.4043,0.40883,0.0104,0.00215,0.00394,0.00172,0.00443,0.000431,0.00199,0.0,0.0,0.0
0.8,0.47277,0.4044,0.40893,0.0104,0.00215,0.00393,0.00172,0.00444,0.000431,0.00199,0.0,0.0,0.0
0.8,0.47269,0.4045,0.40903,0.0104,0.00215,0.00393,0.00172,0.00444,0.000432,0.00199,0.0,0.0,0.0
0.8,0.47261,0.4046,0.40913,0.0104,0.00215,0.00393,0.00171,0.00445,0.000432,0.00199,0.0,0.0,0.0
0.8,0.47253,0.40471,0.40923,0.0104,0.00215,0.00393,0.00171,0.00446,0.000432,0.00198,0.0,0.0,0.0
0.8,0.47245,0.40481,0.40933,0.0104,0.00215,0.00392,0.00171,0.00446,0.000433,0.00198,0.0,0.0,0.0
0.8,0.47236,0.40491,0.40943,0.0104,0.00215,0.00392,0.00171,0.00447,0.000433,0.00198,0.0,0.0,0.0
0.8,0.47228,0.40501,0.40953,0.0104,0.00215,0.00392,0.00171,0.00447,0.000434,0.00197,0.0,0.0,0.0
0.8,0.4722,0.40511,0.40963,0.0104,0.00215,0.00391,0.00171,0.00448,0.000434,0.00197,0.0,0.0,0.0
0.8,0.47212,0.40521,0.40973,0.0104,0.00214,0.00391,0.00171,0.00449,0.000435,0.00197,0.0,0.0,0.0
0.8,0.47204,0.40531,0.40983,0.0104,0.00214,0.00391,0.00171,0.00449,0.000435,0.00197,0.0,0.0,0.0
0.8,0.47195,0.40541,0.40993,0.0104,0.00214,0.00391,0.00171,0.0045,0.000436,0.00196,0.0,0.0,0.0
0.8,0.47187,0.40551,0.41003,0.0104,0.00214,0.0039,0.00171,0.00451,0.000436,0.00196,0.0,0.0,0.0
0.8,0.47179,0.40561,0.41013,0.0104,0.00214,0.0039,0.00171,0.00451,0.000437,0.00196,0.0,0.0,0.0
0.8,0.47171,0.40571,0.41023,0.0104,0.00214,0.0039,0.00171,0.00452,0.000437,0.00196,0.0,0.0,0.0
0.8,0.47163,0.40581,0.41033,0.0104,0.00214,0.00389,0.00171,0.00453,0.000438,0.00195,0.0,0.0,0.0
0.8,0.47154,0.40591,0.41043,0.0104,0.00214,0.00389,0.0017,0.00453,0.000438,0.00195,0.0,0.0,0.0
0.8,0.47146,0.40602,0.41053,0.0104,0.00214,0.00389,0.0017,0.00454,0.000439,0.00195,0.0,0.0,0.0
0.8,0.47138,0.40612,0.41063,0.0104,0.00214,0.00388,0.0017,0.00455,0.000439,0.00195,0.0,0.0,0.0
0.8,0.4713,0.40622,0.41073,0.0104,0.00214,0.00388,0.0017,0.00455,0.00044,0.00194,0.0,0.0,0.0
0.8,0.47121,0.40632,0.41083,0.0104,0.00214,0.00388,0.0017,0.00456,0.00044,0.00194,0.0,0.0,0.0
0.8,0.47113,0.40642,0.41093,0.0104,0.00214,0.00388,0.0017,0.00457,0.000441,0.00194,0.0,0.0,0.0
0.8,0.47105,0.40652,0.41103,0.0104,0.00214,0.00387,0.0017,0.00457,0.000441,0.00194,0.0,0.0,0.0
0.8,0.47097,0.40662,0.41113,0.0104,0.00217,0.00387,0.0017,0.00459,0.000466,0.00193,0.0,0.0,0.0
0.8,0.47089,0.40672,0.41123,0.0104,0.00216,0.00387,0.0017,0.00459,0.000467,0.00193,0.0,0.0,0.0
0.8,0.4708,0.40682,0.41133,0.0104,0.00216,0.00386,0.0017,0.0046,0.000467,0.00193,0.0,0.0,0.0
0.8,0.47072,0.40692,0.41143,0.0104,0.00216,0.00386,0.0017,0.00461,0.000467,0.00193,0.0,0.0,0.0
0.8,0.47064,0.40702,0.41153,0.0104,0.00216,0.00386,0.0017,0.00461,0.000467,0.00192,0.0,0.0,0.0
0.8,0.47056,0.40712,0.41163,0.0104,0.00216,0.00386,0.0017,0.00462,0.000467,0.00192,0.0,0.0,0.0
0.8,0.47047,0.40722,0.41173,0.0104,0.00216,0.00385,0.00169,0.00463,0.000468,0.00192,0.0,0.0,0.0
0.8,0.47039,0.40733,0.41183,0.0104,0.00216,0.00385,0.00169,0.00463,0.000468,0.00192,0.0,0.0,0.0
0.8,0.47031,0.40743,0.41193,0.0104,0.00216,0.00385,0.00169,0.00464,0.000468,0.00191,0.0,0.0,0.0
0.8,0.47023,0.40753,0.41203,0.0104,0.00216,0.00384,0.00169,0.00465,0.000469,0.00191,0.0,0.0,0.0
0.8,0.47015,0.40763,0.41213,0.0104,0.00216,0.00384,0.00169,0.00465,0.000469,0.00191,0.0,0.0,0.0
0.8,0.47006,0.40773,0.41223,0.0104,0.00216,0.00384,0.00169,0.00466,0.000469,0.00191,0.0,0.0,0.0
0.8,0.46998,0.40783,0.41233,0.0104,0.00216,0.00384,0.00169,0.00467,0.00047,0.0019,0.0,0.0,0.0
0.8,0.4699,0.40793,0.41243,0.0104,0.00216,0.00383,0.00169,0.00467,0.00047,0.0019,0.0,0.0,0.0
0.8,0.46982,0.40803,0.41253,0.0104,0.00216,0.00383,0.00169,0.00468,0.00047,0.0019,0.0,0.0,0.0
0.8,0.46973,0.40813,0.41263,0.0104,0.00216,0.00383,0.00169,0.00469,0.000471,0.0019,0.0,0.0,0.0
0.8,0.46965,0.40823,0.41273,0.0104,0.00216,0.00382,0.00169,0.0047,0.000471,0.00189,0.0,0.0,0.0
0.8,0.46957,0.40833,0.41283,0.0104,0.00216,0.00382,0.00169,0.0047,0.000471,0.00189,0.0,0.0,0.0
0.8,0.46949,0.40843,0.41293,0.0104,0.00216,0.00382,0.00168,0.00471,0.000472,0.00189,0.0,0.0,0.0
0.8,0.4694,0.40854,0.41303,0.0104,0.00216,0.00382,0.00168,0.00472,0.000472,0.00189,0.0,0.0,0.0
0.8,0.46932,0.40864,0.41313,0.0104,0.00216,0.00381,0.00168,0.00472,0.000473,0.00188,0.0,0.0,0.0
0.8,0.46924,0.40874,0.41323,0.0104,0.00216,0.00381,0.00168,0.00473,0.000473,0.00188,0.0,0.0,0.0
0.8,0.46915,0.40884,0.41333,0.0104,0.00216,0.00381,0.00168,0.00474,0.000474,0.00188,0.0,0.0,0.0
0.8,0.46907,0.40894,0.41343,0.0104,0.00215,0.0038,0.00168,0.00474,0.000474,0.00188,0.0,0.0,0.0
0.8,0.46899,0.40904,0.41353,0.0104,0.00215,0.0038,0.00168,0.00475,0.000474,0.00187,0.0,0.0,0.0
0.8,0.46891,0.40914,0.41363,0.0104,0.00215,0.0038,0.00168,0.00476,0.000475,0.00187,0.0,0.0,0.0
0.8,0.46882,0.40924,0.41373,0.0104,0.00215,0.00379,0.00168,0.00476,0.000475,0.00187,0.0,0.0,0.0
0.8,0.46874,0.40934,0.41383,0.0104,0.00215,0.00379,0.00168,0.00477,0.000476,0.00187,0.0,0.0,0.0
0.8,0.46866,0.40944,0.41393,0.0104,0.00215,0.00379,0.00168,0.00478,0.000476,0.00186,0.0,0.0,0.0
0.8,0.46858,0.40954,0.41403,0.0104,0.00215,0.00379,0.00168,0.00478,0.000477,0.00186,0.0,0.0,0.0
0.8,0.46849,0.40964,0.41413,0.0104,0.00215,0.00378,0.00168,0.00479,0.000477,0.00186,0.0,0.0,0.0
0.8,0.46841,0.40974,0.41423,0.0104,0.00215,0.00378,0.00167,0.0048,0.000478,0.00186,0.0,0.0,0.0
0.8,0.46833,0.40985,0.41433,0.0104,0.00215,0.00378,0.00167,0.0048,0.000478,0.00185,0.0,0.0,0.0
0.8,0.46824,0.40995,0.41443,0.0104,0.00215,0.00377,0.00167,0.00481,0.000479,0.00185,0.0,0.0,0.0
0.8,0.46816,0.41005,0.41453,0.0104,0.00215,0.00377,0.00167,0.00482,0.000479,0.00185,0.0,0.0,0.0
0.8,0.46808,0.41015,0.41463,0.0104,0.00215,0.00377,0.00167,0.00482,0.00048,0.00185,0.0,0.0,0.0
0.8,0.468,0.41025,0.41473,0.0104,0.00215,0.00377,0.00167,0.00483,0.00048,0.00184,0.0,0.0,0.0
0.8,0.46791,0.41035,0.41483,0.0104,0.00215,0.00376,0.00167,0.00484,0.000481,0.00184,0.0,0.0,0.0
0.8,0.46783,0.41045,0.41493,0.0104,0.00215,0.00376,0.00167,0.00484,0.000481,0.00184,0.0,0.0,0.0
0.8,0.46775,0.41055,0.41503,0.0104,0.00215,0.00376,0.00167,0.00485,0.000481,0.00184,0.0,0.0,0.0
0.8,0.46766,0.41065,0.41513,0.0104,0.00215,0.00375,0.00167,0.00486,0.000482,0.00183,0.0,0.0,0.0
0.8,0.46758,0.41075,0.41523,0.0104,0.00215,0.00375,0.00167,0.00486,0.000483,0.00183,0.0,0.0,0.0
0.8,0.4675,0.41085,0.41533,0.0104,0.00215,0.00375,0.00167,0.00487,0.000483,0.00183,0.0,0.0,0.0
0.8,0.46741,0.41095,0.41543,0.0105,0.00215,0.00375,0.00166,0.00488,0.000484,0.00183,0.0,0.0,0.0
0.8,0.46733,0.41106,0.41553,0.0105,0.00215,0.00374,0.00166,0.00489,0.000484,0.00182,0.0,0.0,0.0
0.8,0.46725,0.41116,0.41563,0.0105,0.00215,0.00374,0.00166,0.00489,0.000485,0.00182,0.0,0.0,0.0
0.8,0.46716,0.41126,0.41573,0.0105,0.00215,0.00374,0.00166,0.0049,0.000485,0.00182,0.0,0.0,0.0
0.8,0.46708,0.41136,0.41583,0.0105,0.00215,0.00373,0.00166,0.00491,0.000486,0.00182,0.0,0.0,0.0
0.8,0.467,0.41146,0.41593,0.0105,0.00215,0.00373,0.00166,0.00491,0.000486,0.00181,0.0,0.0,0.0
0.8,0.46692,0.41156,0.41603,0.0105,0.00215,0.00373,0.00166,0.00492,0.000487,0.00181,0.0,0.0,0.0
0.8,0.46683,0.41166,0.41613,0.0105,0.00215,0.00373,0.00166,0.00493,0.000487,0.00181,0.0,0.0,0.0
0.8,0.46675,0.41176,0.41623,0.0105,0.00215,0.00372,0.00166,0.00493,0.000488,0.00181,0.0,0.0,0.0
0.8,0.46667,0.41186,0.41633,0.0105,0.00215,0.00372,0.00166,0.00494,0.000488,0.0018,0.0,0.0,0.0
0.8,0.46658,0.41196,0.41643,0.0105,0.00215,0.00372,0.00166,0.00495,0.000489,0.0018,0.0,0.0,0.0
0.8,0.4665,0.41206,0.41653,0.0105,0.00215,0.00371,0.00166,0.00495,0.000489,0.0018,0.0,0.0,0.0
0.8,0.46642,0.41216,0.41663,0.0105,0.00215,0.00371,0.00166,0.00496,0.00049,0.0018,0.0,0.0,0.0
0.8,0.46633,0.41226,0.41673,0.0105,0.00214,0.00371,0.00165,0.00497,0.00049,0.00179,0.0,0.0,0.0
0.8,0.46625,0.41237,0.41683,0.0105,0.00214,0.00371,0.00165,0.00497,0.000491,0.00179,0.0,0.0,0.0
0.8,0.46617,0.41247,0.41693,0.0105,0.00214,0.0037,0.00165,0.00498,0.000491,0.00179,0.0,0.0,0.0
0.8,0.46608,0.41257,0.41703,0.0105,0.00217,0.0037,0.00165,0.005,0.000518,0.00179,0.0,0.0,0.0
0.8,0.466,0.41267,0.41713,0.0105,0.00217,0.0037,0.00165,0.005,0.000519,0.00179,0.0,0.0,0.0
0.8,0.46592,0.41277,0.41723,0.0105,0.00217,0.00369,0.00165,0.00501,0.000519,0.00178,0.0,0.0,0.0
0.8,0.46583,0.41287,0.41733,0.0105,0.00217,0.00369,0.00165,0.00502,0.000519,0.00178,0.0,0.0,0.0
0.8,0.46575,0.41297,0.41743,0.0105,0.00217,0.00369,0.00165,0.00503,0.000519,0.00178,0.0,0.0,0.0
0.8,0.46566,0.41307,0.41753,0.0105,0.00217,0.00369,0.00165,0.00503,0.00052,0.00178,0.0,0.0,0.0
0.8,0.46558,0.41317,0.41763,0.0105,0.00217,0.00368,0.00165,0.00504,0.00052,0.00177,0.0,0.0,0.0
0.8,0.4655,0.41327,0.41773,0.0105,0.00217,0.00368,0.00165,0.00505,0.00052,0.00177,0.0,0.0,0.0
0.8,0.46541,0.41337,0.41783,0.0105,0.00217,0.00368,0.00165,0.00505,0.00052,0.00177,0.0,0.0,0.0
0.8,0.46533,0.41347,0.41793,0.0105,0.00217,0.00367,0.00164,0.00506,0.000521,0.00177,0.0,0.0,0.0
0.8,0.46525,0.41358,0.41803,0.0105,0.00217,0.00367,0.00164,0.00507,0.000521,0.00176,0.0,0.0,0.0
0.8,0.46516,0.41368,0.41813,0.0105,0.00216,0.00367,0.00164,0.00508,0.000522,0.00176,0.0,0.0,0.0
0.8,0.46508,0.41378,0.41823,0.0105,0.00216,0.00367,0.00164,0.00508,0.000522,0.00176,0.0,0.0,0.0
0.8,0.465,0.41388,0.41833,0.0105,0.00216,0.00366,0.00164,0.00509,0.000522,0.00176,0.0,0.0,0.0
0.8,0.46491,0.41398,0.41843,0.0105,0.00216,0.00366,0.00164,0.0051,0.000523,0.00175,0.0,0.0,0.0
0.8,0.46483,0.41408,0.41853,0.0105,0.00216,0.00366,0.00164,0.0051,0.000523,0.00175,0.0,0.0,0.0
0.8,0.46475,0.41418,0.41863,0.0105,0.00216,0.00365,0.00164,0.00511,0.000524,0.00175,0.0,0.0,0.0
0.8,0.46466,0.41428,0.41873,0.0105,0.00216,0.00365,0.00164,0.00512,0.000524,0.00175,0.0,0.0,0.0
0.8,0.46458,0.41438,0.41883,0.0105,0.00216,0.00365,0.00164,0.00513,0.000524,0.00174,0.0,0.0,0.0
0.8,0.46449,0.41448,0.41893,0.0105,0.00216,0.00365,0.00164,0.00513,0.000525,0.00174,0.0,0.0,0.0
0.8,0.46441,0.41458,0.41903,0.0105,0.00216,0.00364,0.00164,0.00514,0.000525,0.00174,0.0,0.0,0.0
0.8,0.46433,0.41468,0.41913,0.0105,0.00216,0.00364,0.00164,0.00515,0.000526,0.00174,0.0,0.0,0.0
0.8,0.46424,0.41478,0.41923,0.0105,0.00216,0.00364,0.00163,0.00515,0.000526,0.00173,0.0,0.0,0.0
0.8,0.46416,0.41489,0.41933,0.0105,0.00216,0.00363,0.00163,0.00516,0.000527,0.00173,0.0,0.0,0.0
0.8,0.46407,0.41499,0.41943,0.0105,0.00216,0.00363,0.00163,0.00517,0.000527,0.00173,0.0,0.0,0.0
0.8,0.46399,0.41509,0.41953,0.0105,0.00216,0.00363,0.00163,0.00518,0.000528,0.00173,0.0,0.0,0.0
0.8,0.46391,0.41519,0.41963,0.0105,0.00216,0.00363,0.00163,0.00518,0.000528,0.00173,0.0,0.0,0.0
0.8,0.46382,0.41529,0.41973,0.0105,0.00216,0.00362,0.00163,0.00519,0.000529,0.00172,0.0,0.0,0.0
0.8,0.46374,0.41539,0.41983,0.0105,0.00216,0.00362,0.00163,0.0052,0.000529,0.00172,0.0,0.0,0.0
0.8,0.46365,0.41549,0.41993,0.0105,0.00216,0.00362,0.00163,0.0052,0.00053,0.00172,0.0,0.0,0.0
0.8,0.46357,0.41559,0.42003,0.0105,0.00216,0.00361,0.00163,0.00521,0.00053,0.00172,0.0,0.0,0.0
0.8,0.46349,0.41569,0.42013,0.0105,0.00216,0.00361,0.00163,0.00522,0.000531,0.00171,0.0,0.0,0.0
0.8,0.4634,0.41579,0.42023,0.0105,0.00216,0.00361,0.00163,0.00523,0.000531,0.00171,0.0,0.0,0.0
0.8,0.46332,0.41589,0.42033,0.0105,0.00216,0.00361,0.00163,0.00523,0.000532,0.00171,0.0,0.0,0.0
0.8,0.46323,0.41599,0.42043,0.0106,0.00216,0.0036,0.00162,0.00524,0.000532,0.00171,0.0,0.0,0.0
0.8,0.46315,0.4161,0.42053,0.0106,0.00216,0.0036,0.00162,0.00525,0.000533,0.0017,0.0,0.0,0.0
0.8,0.46307,0.4162,0.42063,0.0106,0.00216,0.0036,0.00162,0.00526,0.000533,0.0017,0.0,0.0,0.0
0.8,0.46298,0.4163,0.42073,0.0106,0.00216,0.00359,0.00162,0.00526,0.000534,0.0017,0.0,0.0,0.0
0.8,0.4629,0.4164,0.42083,0.0106,0.00216,0.00359,0.00162,0.00527,0.000534,0.0017,0.0,0.0,0.0
0.8,0.46281,0.4165,0.42093,0.0106,0.00216,0.00359,0.00162,0.00528,0.000535,0.00169,0.0,0.0,0.0
0.8,0.46273,0.4166,0.42103,0.0106,0.00216,0.00359,0.00162,0.00528,0.000536,0.00169,0.0,0.0,0.0
0.8,0.46265,0.4167,0.42113,0.0106,0.00216,0.00358,0.00162,0.00529,0.000536,0.00169,0.0,0.0,0.0
0.8,0.46256,0.4168,0.42123,0.0106,0.00216,0.00358,0.00162,0.0053,0.000537,0.00169,0.0,0.0,0.0
0.8,0.46248,0.4169,0.42133,0.0106,0.00215,0.00358,0.00162,0.00531,0.000537,0.00169,0.0,0.0,0.0
0.8,0.46239,0.417,0.42143,0.0106,0.00215,0.00357,0.00162,0.00531,0.000538,0.00168,0.0,0.0,0.0
0.8,0.46231,0.4171,0.42153,0.0106,0.00215,0.00357,0.00162,0.00532,0.000538,0.00168,0.0,0.0,0.0
0.8,0.46222,0.4172,0.42163,0.0106,0.00215,0.00357,0.00162,0.00533,0.000539,0.00168,0.0,0.0,0.0
0.8,0.46214,0.4173,0.42173,0.0106,0.00215,0.00357,0.00161,0.00533,0.000539,0.00168,0.0,0.0,0.0
0.8,0.46206,0.41741,0.42183,0.0106,0.00215,0.00356,0.00161,0.00534,0.00054,0.00167,0.0,0.0,0.0
0.8,0.46197,0.41751,0.42193,0.0106,0.00215,0.00356,0.00161,0.00535,0.000541,0.00167,0.0,0.0,0.0
0.8,0.46189,0.41761,0.42203,0.0106,0.00215,0.00356,0.00161,0.00536,0.000541,0.00167,0.0,0.0,0.0
0.8,0.4618,0.41771,0.42213,0.0106,0.00215,0.00355,0.00161,0.00536,0.000542,0.00167,0.0,0.0,0.0
0.8,0.46172,0.41781,0.42223,0.0106,0.00215,0.00355,0.00161,0.00537,0.000542,0.00166,0.0,0.0,0.0
0.8,0.46163,0.41791,0.42233,0.0106,0.00215,0.00355,0.00161,0.00538,0.000543,0.00166,0.0,0.0,0.0
0.8,0.46155,0.41801,0.42243,0.0106,0.00215,0.00355,0.00161,0.00539,0.000543,0.00166,0.0,0.0,0.0
0.8,0.46146,0.41811,0.42253,0.0106,0.00215,0.00354,0.00161,0.00539,0.000544,0.00166,0.0,0.0,0.0
0.8,0.46138,0.41821,0.42263,0.0106,0.00215,0.00354,0.00161,0.0054,0.000545,0.00166,0.0,0.0,0.0
0.8,0.4613,0.41831,0.42273,0.0106,0.00215,0.00354,0.00161,0.00541,0.000545,0.00165,0.0,0.0,0.0
0.8,0.46121,0.41841,0.42283,0.0106,0.00218,0.00354,0.00161,0.00542,0.000574,0.00165,0.0,0.0,0.0
0.8,0.46113,0.41851,0.42293,0.0106,0.00218,0.00353,0.0016,0.00543,0.000574,0.00165,0.0,0.0,0.0
0.8,0.46104,0.41862,0.42303,0.0106,0.00218,0.00353,0.0016,0.00544,0.000574,0.00165,0.0,0.0,0.0
0.8,0.46096,0.41872,0.42313,0.0106,0.00218,0.00353,0.0016,0.00544,0.000575,0.00164,0.0,0.0,0.0
0.8,0.46087,0.41882,0.42323,0.0106,0.00218,0.00352,0.0016,0.00545,0.000575,0.00164,0.0,0.0,0.0
0.8,0.46079,0.41892,0.42333,0.0106,0.00218,0.00352,0.0016,0.00546,0.000575,0.00164,0.0,0.0,0.0
0.8,0.4607,0.41902,0.42343,0.0106,0.00218,0.00352,0.0016,0.00547,0.000576,0.00164,0.0,0.0,0.0
0.8,0.46062,0.41912,0.42353,0.0106,0.00218,0.00352,0.0016,0.00548,0.000576,0.00164,0.0,0.0,0.0
0.8,0.46053,0.41922,0.42363,0.0106,0.00218,0.00351,0.0016,0.00548,0.000576,0.00163,0.0,0.0,0.0
0.8,0.46045,0.41932,0.42373,0.0106,0.00218,0.00351,0.0016,0.00549,0.000577,0.00163,0.0,0.0,0.0
0.8,0.46036,0.41942,0.42383,0.0106,0.00217,0.00351,0.0016,0.0055,0.000577,0.00163,0.0,0.0,0.0
0.8,0.46028,0.41952,0.42393,0.0106,0.00217,0.0035,0.0016,0.00551,0.000577,0.00163,0.0,0.0,0.0
0.8,0.46019,0.41962,0.42403,0.0106,0.00217,0.0035,0.0016,0.00551,0.000578,0.00162,0.0,0.0,0.0
0.8,0.46011,0.41972,0.42413,0.0106,0.00217,0.0035,0.0016,0.00552,0.000578,0.00162,0.0,0.0,0.0
0.8,0.46003,0.41983,0.42423,0.0106,0.00217,0.0035,0.00159,0.00553,0.000579,0.00162,0.0,0.0,0.0
0.8,0.45994,0.41993,0.42433,0.0106,0.00217,0.00349,0.00159,0.00554,0.000579,0.00162,0.0,0.0,0.0
0.8,0.45986,0.42003,0.42443,0.0106,0.00217,0.00349,0.00159,0.00554,0.00058,0.00161,0.0,0.0,0.0
0.8,0.45977,0.42013,0.42453,0.0107,0.00217,0.00349,0.00159,0.00555,0.00058,0.00161,0.0,0.0,0.0
0.8,0.45969,0.42023,0.42463,0.0107,0.00217,0.00348,0.00159,0.00556,0.000581,0.00161,0.0,0.0,0.0
0.8,0.4596,0.42033,0.42473,0.0107,0.00217,0.00348,0.00159,0.00557,0.000581,0.00161,0.0,0.0,0.0
0.8,0.45952,0.42043,0.42483,0.0107,0.00217,0.00348,0.00159,0.00557,0.000582,0.00161,0.0,0.0,0.0
0.8,0.45943,0.42053,0.42493,0.0107,0.00217,0.00348,0.00159,0.00558,0.000582,0.0016,0.0,0.0,0.0
0.8,0.45935,0.42063,0.42503,0.0107,0.00217,0.00347,0.00159,0.00559,0.000583,0.0016,0.0,0.0,0.0
0.8,0.45926,0.42073,0.42513,0.0107,0.00217,0.00347,0.00159,0.0056,0.000583,0.0016,0.0,0.0,0.0
0.8,0.45918,0.42083,0.42523,0.0107,0.00217,0.00347,0.00159,0.0056,0.000584,0.0016,0.0,0.0,0.0
0.8,0.45909,0.42093,0.42533,0.0107,0.00217,0.00346,0.00159,0.00561,0.000584,0.00159,0.0,0.0,0.0
0.8,0.45901,0.42103,0.42543,0.0107,0.00217,0.00346,0.00158,0.00562,0.000585,0.00159,0.0,0.0,0.0
0.8,0.45892,0.42114,0.42553,0.0107,0.00217,0.00346,0.00158,0.00563,0.000585,0.00159,0.0,0.0,0.0
0.8,0.45884,0.42124,0.42563,0.0107,0.00217,0.00346,0.00158,0.00563,0.000586,0.00159,0.0,0.0,0.0
0.8,0.45875,0.42134,0.42573,0.0107,0.00217,0.00345,0.00158,0.00564,0.000586,0.00159,0.0,0.0,0.0
0.8,0.45866,0.42144,0.42583,0.0107,0.00217,0.00345,0.00158,0.00565,0.000587,0.00158,0.0,0.0,0.0
0.8,0.45858,0.42154,0.42593,0.0107,0.00217,0.00345,0.00158,0.00566,0.000587,0.00158,0.0,0.0,0.0
0.8,0.45849,0.42164,0.42603,0.0107,0.00217,0.00345,0.00158,0.00566,0.000588,0.00158,0.0,0.0,0.0
0.8,0.45841,0.42174,0.42613,0.0107,0.00217,0.00344,0.00158,0.00567,0.000589,0.00158,0.0,0.0,0.0
0.8,0.45832,0.42184,0.42623,0.0107,0.00217,0.00344,0.00158,0.00568,0.000589,0.00158,0.0,0.0,0.0
0.8,0.45824,0.42194,0.42633,0.0107,0.00217,0.00344,0.00158,0.00569,0.00059,0.00157,0.0,0.0,0.0
0.8,0.45815,0.42204,0.42643,0.0107,0.00217,0.00343,0.00158,0.00569,0.00059,0.00157,0.0,0.0,0.0
0.8,0.45807,0.42214,0.42653,0.0107,0.00217,0.00343,0.00158,0.0057,0.000591,0.00157,0.0,0.0,0.0
0.8,0.45798,0.42224,0.42663,0.0107,0.00217,0.00343,0.00158,0.00571,0.000591,0.00157,0.0,0.0,0.0
0.8,0.4579,0.42235,0.42673,0.0107,0.00217,0.00343,0.00157,0.00572,0.000592,0.00156,0.0,0.0,0.0
0.8,0.45781,0.42245,0.42683,0.0107,0.00217,0.00342,0.00157,0.00573,0.000593,0.00156,0.0,0.0,0.0
0.8,0.45773,0.42255,0.42693,0.0107,0.00217,0.00342,0.00157,0.00573,0.000593,0.00156,0.0,0.0,0.0
0.8,0.45764,0.42265,0.42703,0.0107,0.00217,0.00342,0.00157,0.00574,0.000594,0.00156,0.0,0.0,0.0
0.8,0.45756,0.42275,0.42713,0.0107,0.00217,0.00341,0.00157,0.00575,0.000594,0.00156,0.0,0.0,0.0
0.8,0.45747,0.42285,0.42723,0.0107,0.00217,0.00341,0.00157,0.00576,0.000595,0.00155,0.0,0.0,0.0
0.8,0.45739,0.42295,0.42733,0.0107,0.00217,0.00341,0.00157,0.00576,0.000596,0.00155,0.0,0.0,0.0
0.8,0.4573,0.42305,0.42743,0.0107,0.00216,0.00341,0.00157,0.00577,0.000596,0.00155,0.0,0.0,0.0
0.8,0.45721,0.42315,0.42753,0.0107,0.00216,0.0034,0.00157,0.00578,0.000597,0.00155,0.0,0.0,0.0
0.8,0.45713,0.42325,0.42763,0.0107,0.00216,0.0034,0.00157,0.00579,0.000598,0.00154,0.0,0.0,0.0
0.8,0.45704,0.42335,0.42773,0.0107,0.00216,0.0034,0.00157,0.00579,0.000598,0.00154,0.0,0.0,0.0
0.8,0.45696,0.42345,0.42783,0.0107,0.00216,0.0034,0.00157,0.0058,0.000599,0.00154,0.0,0.0,0.0
0.8,0.45687,0.42356,0.42793,0.0107,0.00216,0.00339,0.00156,0.00581,0.000599,0.00154,0.0,0.0,0.0
0.8,0.45679,0.42366,0.42803,0.0107,0.00216,0.00339,0.00156,0.00582,0.0006,0.00154,0.0,0.0,0.0
0.8,0.4567,0.42376,0.42813,0.0107,0.00216,0.00339,0.00156,0.00582,0.000601,0.00153,0.0,0.0,0.0
0.8,0.45662,0.42386,0.42823,0.0107,0.00216,0.00338,0.00156,0.00583,0.000601,0.00153,0.0,0.0,0.0
0.8,0.45653,0.42396,0.42833,0.0108,0.00216,0.00338,0.00156,0.00584,0.000602,0.00153,0.0,0.0,0.0
0.8,0.45644,0.42406,0.42843,0.0108,0.00216,0.00338,0.00156,0.00585,0.000603,0.00153,0.0,0.0,0.0
0.8,0.45636,0.42416,0.42853,0.0108,0.00216,0.00338,0.00156,0.00586,0.000603,0.00153,0.0,0.0,0.0
0.8,0.45627,0.42426,0.42863,0.0108,0.00219,0.00337,0.00156,0.00587,0.000634,0.00152,0.0,0.0,0.0
0.8,0.45619,0.42436,0.42873,0.0108,0.00219,0.00337,0.00156,0.00588,0.000634,0.00152,0.0,0.0,0.0
0.8,0.4561,0.42446,0.42883,0.0108,0.00219,0.00337,0.00156,0.00588,0.000634,0.00152,0.0,0.0,0.0
0.8,0.45602,0.42456,0.42893,0.0108,0.00219,0.00336,0.00156,0.00589,0.000634,0.00152,0.0,0.0,0.0
0.8,0.45593,0.42466,0.42903,0.0108,0.00219,0.00336,0.00156,0.0059,0.000635,0.00152,0.0,0.0,0.0
0.8,0.45584,0.42477,0.42913,0.0108,0.00219,0.00336,0.00156,0.00591,0.000635,0.00151,0.0,0.0,0.0
0.8,0.45576,0.42487,0.42923,0.0108,0.00219,0.00336,0.00155,0.00592,0.000635,0.00151,0.0,0.0,0.0
0.8,0.45567,0.42497,0.42933,0.0108,0.00219,0.00335,0.00155,0.00592,0.000636,0.00151,0.0,0.0,0.0
0.8,0.45559,0.42507,0.42943,0.0108,0.00219,0.00335,0.00155,0.00593,0.000636,0.00151,0.0,0.0,0.0
0.8,0.4555,0.42517,0.42953,0.0108,0.00219,0.00335,0.00155,0.00594,0.000637,0.0015,0.0,0.0,0.0
0.8,0.45541,0.42527,0.42963,0.0108,0.00219,0.00335,0.00155,0.00595,0.000637,0.0015,0.0,0.0,0.0
0.8,0.45533,0.42537,0.42973,0.0108,0.00219,0.00334,0.00155,0.00596,0.000637,0.0015,0.0,0.0,0.0
0.8,0.45524,0.42547,0.42983,0.0108,0.00219,0.00334,0.00155,0.00596,0.000638,0.0015,0.0,0.0,0.0
0.8,0.45516,0.42557,0.42993,0.0108,0.00219,0.00334,0.00155,0.00597,0.000638,0.0015,0.0,0.0,0.0
0.8,0.45507,0.42567,0.43003,0.0108,0.00219,0.00333,0.00155,0.00598,0.000639,0.00149,0.0,0.0,0.0
0.8,0.45498,0.42577,0.43013,0.0108,0.00219,0.00333,0.00155,0.00599,0.000639,0.00149,0.0,0.0,0.0
0.8,0.4549,0.42587,0.43023,0.0108,0.00219,0.00333,0.00155,0.006,0.00064,0.00149,0.0,0.0,0.0
0.8,0.45481,0.42598,0.43033,0.0108,0.00219,0.00333,0.00155,0.006,0.00064,0.00149,0.0,0.0,0.0
0.8,0.45473,0.42608,0.43043,0.0108,0.00219,0.00332,0.00154,0.00601,0.000641,0.00149,0.0,0.0,0.0
0.8,0.45464,0.42618,0.43053,0.0108,0.00219,0.00332,0.00154,0.00602,0.000641,0.00148,0.0,0.0,0.0
0.8,0.45455,0.42628,0.43063,0.0108,0.00218,0.00332,0.00154,0.00603,0.000642,0.00148,0.0,0.0,0.0
0.8,0.45447,0.42638,0.43073,0.0108,0.00218,0.00332,0.00154,0.00604,0.000642,0.00148,0.0,0.0,0.0
0.8,0.45438,0.42648,0.43083,0.0108,0.00218,0.00331,0.00154,0.00604,0.000643,0.00148,0.0,0.0,0.0
0.8,0.4543,0.42658,0.43093,0.0108,0.00218,0.00331,0.00154,0.00605,0.000644,0.00148,0.0,0.0,0.0
0.8,0.45421,0.42668,0.43103,0.0108,0.00218,0.00331,0.00154,0.00606,0.000644,0.00147,0.0,0.0,0.0
0.8,0.45412,0.42678,0.43113,0.0108,0.00218,0.0033,0.00154,0.00607,0.000645,0.00147,0.0,0.0,0.0
0.8,0.45404,0.42688,0.43123,0.0108,0.00218,0.0033,0.00154,0.00608,0.000645,0.00147,0.0,0.0,0.0
0.8,0.45395,0.42698,0.43133,0.0109,0.00218,0.0033,0.00154,0.00608,0.000646,0.00147,0.0,0.0,0.0
0.8,0.45386,0.42708,0.43143,0.0109,0.00218,0.0033,0.00154,0.00609,0.000646,0.00147,0.0,0.0,0.0
0.8,0.45378,0.42718,0.43153,0.0109,0.00218,0.00329,0.00154,0.0061,0.000647,0.00146,0.0,0.0,0.0
0.8,0.45369,0.42729,0.43163,0.0109,0.00218,0.00329,0.00154,0.00611,0.000648,0.00146,0.0,0.0,0.0
0.8,0.45361,0.42739,0.43173,0.0109,0.00218,0.00329,0.00153,0.00612,0.000648,0.00146,0.0,0.0,0.0
0.8,0.45352,0.42749,0.43183,0.0109,0.00218,0.00329,0.00153,0.00612,0.000649,0.00146,0.0,0.0,0.0
0.8,0.45343,0.42759,0.43193,0.0109,0.00218,0.00328,0.00153,0.00613,0.000649,0.00146,0.0,0.0,0.0
0.8,0.45335,0.42769,0.43203,0.0109,0.00218,0.00328,0.00153,0.00614,0.00065,0.00145,0.0,0.0,0.0
0.8,0.45326,0.42779,0.43213,0.0109,0.00218,0.00328,0.00153,0.00615,0.000651,0.00145,0.0,0.0,0.0
0.8,0.45317,0.42789,0.43223,0.0109,0.00218,0.00327,0.00153,0.00616,0.000651,0.00145,0.0,0.0,0.0
0.8,0.45309,0.42799,0.43233,0.0109,0.00218,0.00327,0.00153,0.00616,0.000652,0.00145,0.0,0.0,0.0
0.8,0.453,0.42809,0.43243,0.0109,0.00218,0.00327,0.00153,0.00617,0.000653,0.00145,0.0,0.0,0.0
0.8,0.45291,0.42819,0.43253,0.0109,0.00218,0.00327,0.00153,0.00618,0.000653,0.00144,0.0,0.0,0.0
0.8,0.45283,0.42829,0.43263,0.0109,0.00218,0.00326,0.00153,0.00619,0.000654,0.00144,0.0,0.0,0.0
0.8,0.45274,0.42839,0.43273,0.0109,0.00218,0.00326,0.00153,0.0062,0.000655,0.00144,0.0,0.0,0.0
0.8,0.45265,0.4285,0.43283,0.0109,0.00218,0.00326,0.00153,0.0062,0.000655,0.00144,0.0,0.0,0.0
0.8,0.45257,0.4286,0.43293,0.0109,0.00218,0.00326,0.00152,0.00621,0.000656,0.00144,0.0,0.0,0.0
0.8,0.45248,0.4287,0.43303,0.0109,0.00218,0.00325,0.00152,0.00622,0.000656,0.00143,0.0,0.0,0.0
0.8,0.45239,0.4288,0.43313,0.0109,0.00218,0.00325,0.00152,0.00623,0.000657,0.00143,0.0,0.0,0.0
0.8,0.45231,0.4289,0.43323,0.0109,0.00218,0.00325,0.00152,0.00624,0.000658,0.00143,0.0,0.0,0.0
0.8,0.45222,0.429,0.43333,0.0109,0.00218,0.00324,0.00152,0.00624,0.000658,0.00143,0.0,0.0,0.0
0.8,0.45213,0.4291,0.43343,0.0109,0.00218,0.00324,0.00152,0.00625,0.000659,0.00143,0.0,0.0,0.0
0.8,0.45205,0.4292,0.43353,0.0109,0.00218,0.00324,0.00152,0.00626,0.00066,0.00142,0.0,0.0,0.0
0.8,0.45196,0.4293,0.43363,0.0109,0.00218,0.00324,0.00152,0.00627,0.00066,0.00142,0.0,0.0,0.0
0.8,0.45187,0.4294,0.43373,0.0109,0.00218,0.00323,0.00152,0.00628,0.000661,0.00142,0.0,0.0,0.0
0.8,0.45179,0.4295,0.43383,0.0109,0.00218,0.00323,0.00152,0.00628,0.000662,0.00142,0.0,0.0,0.0
0.8,0.4517,0.4296,0.43393,0.0109,0.00218,0.00323,0.00152,0.00629,0.000663,0.00142,0.0,0.0,0.0
0.8,0.45161,0.42971,0.43403,0.0109,0.00218,0.00323,0.00152,0.0063,0.000663,0.00141,0.0,0.0,0.0
0.8,0.45153,0.42981,0.43413,0.0109,0.00218,0.00322,0.00152,0.00631,0.000664,0.00141,0.0,0.0,0.0
0.8,0.45144,0.42991,0.43423,0.0109,0.00218,0.00322,0.00151,0.00632,0.000665,0.00141,0.0,0.0,0.0
0.8,0.45135,0.43001,0.43433,0.0109,0.00218,0.00322,0.00151,0.00632,0.000665,0.00141,0.0,0.0,0.0
0.8,0.45127,0.43011,0.43443,0.011,0.00221,0.00322,0.00151,0.00634,0.000697,0.00141,0.0,0.0,0.0
0.8,0.45118,0.43021,0.43453,0.011,0.00221,0.00321,0.00151,0.00634,0.000698,0.0014,0.0,0.0,0.0
0.8,0.45109,0.43031,0.43463,0.011,0.00221,0.00321,0.00151,0.00635,0.000698,0.0014,0.0,0.0,0.0
0.8,0.45101,0.43041,0.43473,0.011,0.00221,0.00321,0.00151,0.00636,0.000698,0.0014,0.0,0.0,0.0
0.8,0.45092,0.43051,0.43483,0.011,0.00221,0.0032,0.00151,0.00637,0.000699,0.0014,0.0,0.0,0.0
0.8,0.45083,0.43061,0.43493,0.011,0.00221,0.0032,0.00151,0.00638,0.000699,0.0014,0.0,0.0,0.0
0.8,0.45074,0.43071,0.43503,0.011,0.00221,0.0032,0.00151,0.00639,0.000699,0.00139,0.0,0.0,0.0
0.8,0.45066,0.43081,0.43513,0.011,0.00221,0.0032,0.00151,0.0064,0.0007,0.00139,0.0,0.0,0.0
0.8,0.45057,0.43092,0.43523,0.011,0.00221,0.00319,0.00151,0.0064,0.0007,0.00139,0.0,0.0,0.0
0.8,0.45048,0.43102,0.43533,0.011,0.00221,0.00319,0.00151,0.00641,0.000701,0.00139,0.0,0.0,0.0
0.8,0.4504,0.43112,0.43543,0.011,0.00221,0.00319,0.0015,0.00642,0.000701,0.00139,0.0,0.0,0.0
0.8,0.45031,0.43122,0.43553,0.011,0.00221,0.00319,0.0015,0.00643,0.000702,0.00138,0.0,0.0,0.0
0.8,0.45022,0.43132,0.43563,0.011,0.00221,0.00318,0.0015,0.00644,0.000702,0.00138,0.0,0.0,0.0
0.8,0.45014,0.43142,0.43573,0.011,0.0022,0.00318,0.0015,0.00644,0.000702,0.00138,0.0,0.0,0.0
0.8,0.45005,0.43152,0.43583,0.011,0.0022,0.00318,0.0015,0.00645,0.000703,0.00138,0.0,0.0,0.0
0.8,0.44996,0.43162,0.43593,0.011,0.0022,0.00317,0.0015,0.00646,0.000704,0.00138,0.0,0.0,0.0
0.8,0.44987,0.43172,0.43603,0.011,0.0022,0.00317,0.0015,0.00647,0.000704,0.00138,0.0,0.0,0.0
0.8,0.44979,0.43182,0.43613,0.011,0.0022,0.00317,0.0015,0.00648,0.000705,0.00137,0.0,0.0,0.0
0.8,0.4497,0.43192,0.43623,0.011,0.0022,0.00317,0.0015,0.00649,0.000705,0.00137,0.0,0.0,0.0
0.8,0.44961,0.43202,0.43633,0.011,0.0022,0.00316,0.0015,0.00649,0.000706,0.00137,0.0,0.0,0.0
0.8,0.44952,0.43213,0.43643,0.011,0.0022,0.00316,0.0015,0.0065,0.000706,0.00137,0.0,0.0,0.0
0.8,0.44944,0.43223,0.43653,0.011,0.0022,0.00316,0.0015,0.00651,0.000707,0.00137,0.0,0.0,0.0
0.8,0.44935,0.43233,0.43663,0.011,0.0022,0.00316,0.0015,0.00652,0.000708,0.00136,0.0,0.0,0.0
0.8,0.44926,0.43243,0.43673,0.011,0.0022,0.00315,0.00149,0.00653,0.000708,0.00136,0.0,0.0,0.0
0.8,0.44918,0.43253,0.43683,0.011,0.0022,0.00315,0.00149,0.00654,0.000709,0.00136,0.0,0.0,0.0
0.8,0.44909,0.43263,0.43693,0.0111,0.0022,0.00315,0.00149,0.00654,0.000709,0.00136,0.0,0.0,0.0
0.8,0.449,0.43273,0.43703,0.0111,0.0022,0.00315,0.00149,0.00655,0.00071,0.00136,0.0,0.0,0.0
0.8,0.44891,0.43283,0.43713,0.0111,0.0022,0.00314,0.00149,0.00656,0.000711,0.00135,0.0,0.0,0.0
0.8,0.44883,0.43293,0.43723,0.0111,0.0022,0.00314,0.00149,0.00657,0.000711,0.00135,0.0,0.0,0.0
0.8,0.44874,0.43303,0.43733,0.0111,0.0022,0.00314,0.00149,0.00658,0.000712,0.00135,0.0,0.0,0.0
0.8,0.44865,0.43313,0.43743,0.0111,0.0022,0.00313,0.00149,0.00659,0.000713,0.00135,0.0,0.0,0.0
0.8,0.44856,0.43323,0.43753,0.0111,0.0022,0.00313,0.00149,0.00659,0.000713,0.00135,0.0,0.0,0.0
0.8,0.44848,0.43334,0.43763,0.0111,0.0022,0.00313,0.00149,0.0066,0.000714,0.00135,0.0,0.0,0.0
0.8,0.44839,0.43344,0.43773,0.0111,0.0022,0.00313,0.00149,0.00661,0.000715,0.00134,0.0,0.0,0.0
0.8,0.4483,0.43354,0.43783,0.0111,0.0022,0.00312,0.00149,0.00662,0.000715,0.00134,0.0,0.0,0.0
0.8,0.44821,0.43364,0.43793,0.0111,0.0022,0.00312,0.00149,0.00663,0.000716,0.00134,0.0,0.0,0.0
0.8,0.44813,0.43374,0.43803,0.0111,0.0022,0.00312,0.00148,0.00664,0.000717,0.00134,0.0,0.0,0.0
0.8,0.44804,0.43384,0.43813,0.0111,0.0022,0.00312,0.00148,0.00664,0.000717,0.00134,0.0,0.0,0.0
0.8,0.44795,0.43394,0.43823,0.0111,0.0022,0.00311,0.00148,0.00665,0.000718,0.00133,0.0,0.0,0.0
0.8,0.44786,0.43404,0.43833,0.0111,0.0022,0.00311,0.00148,0.00666,0.000719,0.00133,0.0,0.0,0.0
0.8,0.44778,0.43414,0.43843,0.0111,0.0022,0.00311,0.00148,0.00667,0.000719,0.00133,0.0,0.0,0.0
0.8,0.44769,0.43424,0.43853,0.0111,0.0022,0.00311,0.00148,0.00668,0.00072,0.00133,0.0,0.0,0.0
0.8,0.4476,0.43434,0.43863,0.0111,0.0022,0.0031,0.00148,0.00669,0.000721,0.00133,0.0,0.0,0.0
0.8,0.44751,0.43445,0.43873,0.0111,0.0022,0.0031,0.00148,0.0067,0.000721,0.00133,0.0,0.0,0.0
0.8,0.44742,0.43455,0.43883,0.0111,0.0022,0.0031,0.00148,0.0067,0.000722,0.00132,0.0,0.0,0.0
0.8,0.44734,0.43465,0.43893,0.0111,0.0022,0.0031,0.00148,0.00671,0.000723,0.00132,0.0,0.0,0.0
0.8,0.44725,0.43475,0.43903,0.0111,0.0022,0.00309,0.00148,0.00672,0.000724,0.00132,0.0,0.0,0.0
0.8,0.44716,0.43485,0.43913,0.0111,0.0022,0.00309,0.00148,0.00673,0.000724,0.00132,0.0,0.0,0.0
0.8,0.44707,0.43495,0.43923,0.0111,0.0022,0.00309,0.00147,0.00674,0.000725,0.00132,0.0,0.0,0.0
0.8,0.44699,0.43505,0.43933,0.0111,0.0022,0.00308,0.00147,0.00675,0.000726,0.00131,0.0,0.0,0.0
0.8,0.4469,0.43515,0.43943,0.0111,0.0022,0.00308,0.00147,0.00675,0.000726,0.00131,0.0,0.0,0.0
0.8,0.44681,0.43525,0.43953,0.0112,0.0022,0.00308,0.00147,0.00676,0.000727,0.00131,0.0,0.0,0.0
0.8,0.44672,0.43535,0.43963,0.0112,0.0022,0.00308,0.00147,0.00677,0.000728,0.00131,0.0,0.0,0.0
0.8,0.44663,0.43545,0.43973,0.0112,0.0022,0.00307,0.00147,0.00678,0.000729,0.00131,0.0,0.0,0.0
0.8,0.44655,0.43555,0.43983,0.0112,0.0022,0.00307,0.00147,0.00679,0.000729,0.00131,0.0,0.0,0.0
0.8,0.44646,0.43566,0.43993,0.0112,0.0022,0.00307,0.00147,0.0068,0.00073,0.0013,0.0,0.0,0.0
0.8,0.44637,0.43576,0.44003,0.0112,0.0022,0.00307,0.00147,0.0068,0.000731,0.0013,0.0,0.0,0.0
0.8,0.44628,0.43586,0.44013,0.0112,0.0022,0.00306,0.00147,0.00681,0.000732,0.0013,0.0,0.0,0.0
0.8,0.44619,0.43596,0.44023,0.0112,0.00223,0.00306,0.00147,0.00682,0.000765,0.0013,0.0,0.0,0.0
0.8,0.44611,0.43606,0.44033,0.0112,0.00223,0.00306,0.00147,0.00683,0.000766,0.0013,0.0,0.0,0.0
0.8,0.44602,0.43616,0.44043,0.0112,0.00223,0.00306,0.00147,0.00684,0.000766,0.0013,0.0,0.0,0.0
0.8,0.44593,0.43626,0.44053,0.0112,0.00223,0.00305,0.00146,0.00685,0.000766,0.00129,0.0,0.0,0.0
0.8,0.44584,0.43636,0.44063,0.0112,0.00223,0.00305,0.00146,0.00686,0.000766,0.00129,0.0,0.0,0.0
0.8,0.44575,0.43646,0.44073,0.0112,0.00223,0.00305,0.00146,0.00687,0.000767,0.00129,0.0,0.0,0.0
0.8,0.44566,0.43656,0.44083,0.0112,0.00223,0.00305,0.00146,0.00688,0.000767,0.00129,0.0,0.0,0.0
0.8,0.44558,0.43666,0.44093,0.0112,0.00223,0.00304,0.00146,0.00689,0.000768,0.00129,0.0,0.0,0.0
0.8,0.44549,0.43676,0.44103,0.0112,0.00223,0.00304,0.00146,0.00689,0.000768,0.00129,0.0,0.0,0.0
0.8,0.4454,0.43687,0.44113,0.0112,0.00223,0.00304,0.00146,0.0069,0.000769,0.00128,0.0,0.0,0.0
0.8,0.44531,0.43697,0.44123,0.0112,0.00223,0.00304,0.00146,0.00691,0.000769,0.00128,0.0,0.0,0.0
0.8,0.44522,0.43707,0.44133,0.0112,0.00223,0.00303,0.00146,0.00692,0.00077,0.00128,0.0,0.0,0.0
0.8,0.44514,0.43717,0.44143,0.0112,0.00223,0.00303,0.00146,0.00693,0.00077,0.00128,0.0,0.0,0.0
0.8,0.44505,0.43727,0.44153,0.0112,0.00223,0.00303,0.00146,0.00694,0.000771,0.00128,0.0,0.0,0.0
0.8,0.44496,0.43737,0.44163,0.0112,0.00223,0.00302,0.00146,0.00695,0.000771,0.00128,0.0,0.0,0.0
0.8,0.44487,0.43747,0.44173,0.0113,0.00223,0.00302,0.00146,0.00695,0.000772,0.00127,0.0,0.0,0.0
0.8,0.44478,0.43757,0.44183,0.0113,0.00223,0.00302,0.00145,0.00696,0.000773,0.00127,0.0,0.0,0.0
0.8,0.44469,0.43767,0.44193,0.0113,0.00223,0.00302,0.00145,0.00697,0.000773,0.00127,0.0,0.0,0.0
0.8,0.44461,0.43777,0.44203,0.0113,0.00223,0.00301,0.00145,0.00698,0.000774,0.00127,0.0,0.0,0.0
0.8,0.44452,0.43787,0.44213,0.0113,0.00223,0.00301,0.00145,0.00699,0.000774,0.00127,0.0,0.0,0.0
0.8,0.44443,0.43797,0.44223,0.0113,0.00223,0.00301,0.00145,0.007,0.000775,0.00126,0.0,0.0,0.0
0.8,0.44434,0.43808,0.44233,0.0113,0.00223,0.00301,0.00145,0.00701,0.000776,0.00126,0.0,0.0,0.0
0.8,0.44425,0.43818,0.44243,0.0113,0.00223,0.003,0.00145,0.00702,0.000776,0.00126,0.0,0.0,0.0
0.8,0.44416,0.43828,0.44253,0.0113,0.00223,0.003,0.00145,0.00702,0.000777,0.00126,0.0,0.0,0.0
0.8,0.44407,0.43838,0.44263,0.0113,0.00223,0.003,0.00145,0.00703,0.000778,0.00126,0.0,0.0,0.0
0.8,0.44399,0.43848,0.44273,0.0113,0.00223,0.003,0.00145,0.00704,0.000778,0.00126,0.0,0.0,0.0
0.8,0.4439,0.43858,0.44283,0.0113,0.00223,0.00299,0.00145,0.00705,0.000779,0.00126,0.0,0.0,0.0
0.8,0.44381,0.43868,0.44293,0.0113,0.00223,0.00299,0.00145,0.00706,0.00078,0.00125,0.0,0.0,0.0
0.8,0.44372,0.43878,0.44303,0.0113,0.00223,0.00299,0.00144,0.00707,0.00078,0.00125,0.0,0.0,0.0
0.8,0.44363,0.43888,0.44313,0.0113,0.00223,0.00299,0.00144,0.00708,0.000781,0.00125,0.0,0.0,0.0
0.8,0.44354,0.43898,0.44323,0.0113,0.00223,0.00298,0.00144,0.00708,0.000782,0.00125,0.0,0.0,0.0
0.8,0.44345,0.43908,0.44333,0.0113,0.00222,0.00298,0.00144,0.00709,0.000782,0.00125,0.0,0.0,0.0
0.8,0.44337,0.43918,0.44343,0.0113,0.00222,0.00298,0.00144,0.0071,0.000783,0.00125,0.0,0.0,0.0
0.8,0.44328,0.43929,0.44353,0.0113,0.00222,0.00298,0.00144,0.00711,0.000784,0.00124,0.0,0.0,0.0
0.8,0.44319,0.43939,0.44363,0.0113,0.00222,0.00297,0.00144,0.00712,0.000784,0.00124,0.0,0.0,0.0
0.8,0.4431,0.43949,0.44373,0.0113,0.00222,0.00297,0.00144,0.00713,0.000785,0.00124,0.0,0.0,0.0
0.8,0.44301,0.43959,0.44383,0.0113,0.00222,0.00297,0.00144,0.00714,0.000786,0.00124,0.0,0.0,0.0
0.8,0.44292,0.43969,0.44393,0.0113,0.00222,0.00297,0.00144,0.00715,0.000787,0.00124,0.0,0.0,0.0
0.8,0.44283,0.43979,0.44403,0.0114,0.00222,0.00296,0.00144,0.00715,0.000787,0.00124,0.0,0.0,0.0
0.8,0.44274,0.43989,0.44413,0.0114,0.00222,0.00296,0.00144,0.00716,0.000788,0.00123,0.0,0.0,0.0
0.8,0.44266,0.43999,0.44423,0.0114,0.00222,0.00296,0.00144,0.00717,0.000789,0.00123,0.0,0.0,0.0
0.8,0.44257,0.44009,0.44433,0.0114,0.00222,0.00296,0.00143,0.00718,0.00079,0.00123,0.0,0.0,0.0
0.8,0.44248,0.44019,0.44443,0.0114,0.00222,0.00295,0.00143,0.00719,0.00079,0.00123,0.0,0.0,0.0
0.8,0.44239,0.44029,0.44453,0.0114,0.00222,0.00295,0.00143,0.0072,0.000791,0.00123,0.0,0.0,0.0
0.8,0.4423,0.44039,0.44463,0.0114,0.00222,0.00295,0.00143,0.00721,0.000792,0.00123,0.0,0.0,0.0
0.8,0.44221,0.4405,0.44473,0.0114,0.00222,0.00294,0.00143,0.00722,0.000793,0.00122,0.0,0.0,0.0
0.8,0.44212,0.4406,0.44483,0.0114,0.00222,0.00294,0.00143,0.00722,0.000793,0.00122,0.0,0.0,0.0
0.8,0.44203,0.4407,0.44493,0.0114,0.00222,0.00294,0.00143,0.00723,0.000794,0.00122,0.0,0.0,0.0
0.8,0.44194,0.4408,0.44503,0.0114,0.00222,0.00294,0.00143,0.00724,0.000795,0.00122,0.0,0.0,0.0
0.8,0.44186,0.4409,0.44513,0.0114,0.00222,0.00293,0.00143,0.00725,0.000796,0.00122,0.0,0.0,0.0
0.8,0.44177,0.441,0.44523,0.0114,0.00222,0.00293,0.00143,0.00726,0.000797,0.00122,0.0,0.0,0.0
0.8,0.44168,0.4411,0.44533,0.0114,0.00222,0.00293,0.00143,0.00727,0.000797,0.00121,0.0,0.0,0.0
0.8,0.44159,0.4412,0.44543,0.0114,0.00222,0.00293,0.00143,0.00728,0.000798,0.00121,0.0,0.0,0.0
0.8,0.4415,0.4413,0.44553,0.0114,0.00222,0.00292,0.00143,0.00729,0.000799,0.00121,0.0,0.0,0.0
0.8,0.44141,0.4414,0.44563,0.0114,0.00222,0.00292,0.00142,0.00729,0.0008,0.00121,0.0,0.0,0.0
0.8,0.44132,0.4415,0.44573,0.0114,0.00222,0.00292,0.00142,0.0073,0.000801,0.00121,0.0,0.0,0.0
0.8,0.44123,0.44161,0.44583,0.0114,0.00222,0.00292,0.00142,0.00731,0.000801,0.00121,0.0,0.0,0.0
0.8,0.44114,0.44171,0.44593,0.0114,0.00226,0.00291,0.00142,0.00732,0.000837,0.00121,0.0,0.0,0.0
0.8,0.44105,0.44181,0.44603,0.0114,0.00226,0.00291,0.00142,0.00733,0.000837,0.0012,0.0,0.0,0.0
0.8,0.44096,0.44191,0.44613,0.0115,0.00226,0.00291,0.00142,0.00734,0.000837,0.0012,0.0,0.0,0.0
0.8,0.44087,0.44201,0.44623,0.0115,0.00226,0.00291,0.00142,0.00735,0.000838,0.0012,0.0,0.0,0.0
0.8,0.44079,0.44211,0.44633,0.0115,0.00226,0.0029,0.00142,0.00736,0.000838,0.0012,0.0,0.0,0.0
0.8,0.4407,0.44221,0.44643,0.0115,0.00226,0.0029,0.00142,0.00737,0.000838,0.0012,0.0,0.0,0.0
0.8,0.44061,0.44231,0.44653,0.0115,0.00226,0.0029,0.00142,0.00738,0.000839,0.0012,0.0,0.0,0.0
0.8,0.44052,0.44241,0.44663,0.0115,0.00226,0.0029,0.00142,0.00739,0.000839,0.00119,0.0,0.0,0.0
0.8,0.44043,0.44251,0.44673,0.0115,0.00226,0.00289,0.00142,0.00739,0.00084,0.00119,0.0,0.0,0.0
0.8,0.44034,0.44261,0.44683,0.0115,0.00226,0.00289,0.00142,0.0074,0.00084,0.00119,0.0,0.0,0.0
0.8,0.44025,0.44271,0.44693,0.0115,0.00226,0.00289,0.00141,0.00741,0.000841,0.00119,0.0,0.0,0.0
0.8,0.44016,0.44282,0.44703,0.0115,0.00226,0.00289,0.00141,0.00742,0.000841,0.00119,0.0,0.0,0.0
0.8,0.44007,0.44292,0.44713,0.0115,0.00226,0.00288,0.00141,0.00743,0.000842,0.00119,0.0,0.0,0.0
0.8,0.43998,0.44302,0.44723,0.0115,0.00226,0.00288,0.00141,0.00744,0.000843,0.00119,0.0,0.0,0.0
0.8,0.43989,0.44312,0.44733,0.0115,0.00225,0.00288,0.00141,0.00745,0.000843,0.00118,0.0,0.0,0.0
0.8,0.4398,0.44322,0.44743,0.0115,0.00225,0.00288,0.00141,0.00746,0.000844,0.00118,0.0,0.0,0.0
0.8,0.43971,0.44332,0.44753,0.0115,0.00225,0.00287,0.00141,0.00747,0.000844,0.00118,0.0,0.0,0.0
0.8,0.43962,0.44342,0.44763,0.0115,0.00225,0.00287,0.00141,0.00748,0.000845,0.00118,0.0,0.0,0.0
0.8,0.43953,0.44352,0.44773,0.0115,0.00225,0.00287,0.00141,0.00748,0.000846,0.00118,0.0,0.0,0.0
0.8,0.43944,0.44362,0.44783,0.0115,0.00225,0.00287,0.00141,0.00749,0.000846,0.00118,0.0,0.0,0.0
0.8,0.43935,0.44372,0.44793,0.0115,0.00225,0.00286,0.00141,0.0075,0.000847,0.00118,0.0,0.0,0.0
0.8,0.43927,0.44382,0.44803,0.0115,0.00225,0.00286,0.00141,0.00751,0.000848,0.00117,0.0,0.0,0.0
0.8,0.43918,0.44392,0.44813,0.0116,0.00225,0.00286,0.00141,0.00752,0.000848,0.00117,0.0,0.0,0.0
0.8,0.43909,0.44403,0.44823,0.0116,0.00225,0.00286,0.0014,0.00753,0.000849,0.00117,0.0,0.0,0.0
0.8,0.439,0.44413,0.44833,0.0116,0.00225,0.00285,0.0014,0.00754,0.00085,0.00117,0.0,0.0,0.0
0.8,0.43891,0.44423,0.44843,0.0116,0.00225,0.00285,0.0014,0.00755,0.000851,0.00117,0.0,0.0,0.0
0.8,0.43882,0.44433,0.44853,0.0116,0.00225,0.00285,0.0014,0.00756,0.000851,0.00117,0.0,0.0,0.0
0.8,0.43873,0.44443,0.44863,0.0116,0.00225,0.00285,0.0014,0.00757,0.000852,0.00116,0.0,0.0,0.0
0.8,0.43864,0.44453,0.44873,0.0116,0.00225,0.00284,0.0014,0.00757,0.000853,0.00116,0.0,0.0,0.0
0.8,0.43855,0.44463,0.44883,0.0116,0.00225,0.00284,0.0014,0.00758,0.000853,0.00116,0.0,0.0,0.0
0.8,0.43846,0.44473,0.44893,0.0116,0.00225,0.00284,0.0014,0.00759,0.000854,0.00116,0.0,0.0,0.0
0.8,0.43837,0.44483,0.44903,0.0116,0.00225,0.00284,0.0014,0.0076,0.000855,0.00116,0.0,0.0,0.0
0.8,0.43828,0.44493,0.44913,0.0116,0.00225,0.00283,0.0014,0.00761,0.000856,0.00116,0.0,0.0,0.0
0.8,0.43819,0.44503,0.44923,0.0116,0.00225,0.00283,0.0014,0.00762,0.000856,0.00116,0.0,0.0,0.0
0.8,0.4381,0.44514,0.44933,0.0116,0.00225,0.00283,0.0014,0.00763,0.000857,0.00115,0.0,0.0,0.0
0.8,0.43801,0.44524,0.44943,0.0116,0.00225,0.00283,0.0014,0.00764,0.000858,0.00115,0.0,0.0,0.0
0.8,0.43792,0.44534,0.44953,0.0116,0.00225,0.00282,0.00139,0.00765,0.000859,0.00115,0.0,0.0,0.0
0.8,0.43783,0.44544,0.44963,0.0116,0.00225,0.00282,0.00139,0.00766,0.00086,0.00115,0.0,0.0,0.0
0.8,0.43774,0.44554,0.44973,0.0116,0.00225,0.00282,0.00139,0.00766,0.00086,0.00115,0.0,0.0,0.0
0.8,0.43765,0.44564,0.44983,0.0116,0.00225,0.00282,0.00139,0.00767,0.000861,0.00115,0.0,0.0,0.0
0.8,0.43756,0.44574,0.44993,0.0116,0.00225,0.00281,0.00139,0.00768,0.000862,0.00115,0.0,0.0,0.0
0.8,0.43747,0.44584,0.45003,0.0116,0.00225,0.00281,0.00139,0.00769,0.000863,0.00114,0.0,0.0,0.0
0.8,0.43738,0.44594,0.45013,0.0117,0.00225,0.00281,0.00139,0.0077,0.000864,0.00114,0.0,0.0,0.0
0.8,0.43729,0.44604,0.45023,0.0117,0.00225,0.00281,0.00139,0.00771,0.000864,0.00114,0.0,0.0,0.0
0.8,0.4372,0.44614,0.45033,0.0117,0.00225,0.0028,0.00139,0.00772,0.000865,0.00114,0.0,0.0,0.0
0.8,0.43711,0.44624,0.45043,0.0117,0.00225,0.0028,0.00139,0.00773,0.000866,0.00114,0.0,0.0,0.0
0.8,0.43702,0.44635,0.45053,0.0117,0.00225,0.0028,0.00139,0.00774,0.000867,0.00114,0.0,0.0,0.0
0.8,0.43693,0.44645,0.45063,0.0117,0.00225,0.0028,0.00139,0.00775,0.000868,0.00114,0.0,0.0,0.0
0.8,0.43684,0.44655,0.45073,0.0117,0.00225,0.00279,0.00139,0.00776,0.000869,0.00113,0.0,0.0,0.0
0.8,0.43675,0.44665,0.45083,0.0117,0.00225,0.00279,0.00138,0.00776,0.000869,0.00113,0.0,0.0,0.0
0.8,0.43666,0.44675,0.45093,0.0117,0.00225,0.00279,0.00138,0.00777,0.00087,0.00113,0.0,0.0,0.0
0.8,0.43657,0.44685,0.45103,0.0117,0.00225,0.00279,0.00138,0.00778,0.000871,0.00113,0.0,0.0,0.0
0.8,0.43648,0.44695,0.45113,0.0117,0.00225,0.00278,0.00138,0.00779,0.000872,0.00113,0.0,0.0,0.0
0.8,0.43639,0.44705,0.45123,0.0117,0.00225,0.00278,0.00138,0.0078,0.000873,0.00113,0.0,0.0,0.0
0.8,0.4363,0.44715,0.45133,0.0117,0.00225,0.00278,0.00138,0.00781,0.000874,0.00113,0.0,0.0,0.0
0.8,0.43621,0.44725,0.45143,0.0117,0.00225,0.00278,0.00138,0.00782,0.000874,0.00113,0.0,0.0,0.0
0.8,0.43612,0.44735,0.45153,0.0117,0.00225,0.00277,0.00138,0.00783,0.000875,0.00112,0.0,0.0,0.0
0.8,0.43603,0.44746,0.45163,0.0117,0.00229,0.00277,0.00138,0.00784,0.000912,0.00112,0.0,0.0,0.0
0.8,0.43594,0.44756,0.45173,0.0117,0.00229,0.00277,0.00138,0.00785,0.000913,0.00112,0.0,0.0,0.0
0.8,0.43585,0.44766,0.45183,0.0117,0.00229,0.00277,0.00138,0.00786,0.000913,0.00112,0.0,0.0,0.0
0.8,0.43576,0.44776,0.45193,0.0117,0.00229,0.00276,0.00138,0.00786,0.000913,0.00112,0.0,0.0,0.0
0.8,0.43566,0.44786,0.45203,0.0118,0.00229,0.00276,0.00138,0.00787,0.000914,0.00112,0.0,0.0,0.0
0.8,0.43557,0.44796,0.45213,0.0118,0.00229,0.00276,0.00137,0.00788,0.000914,0.00112,0.0,0.0,0.0
0.8,0.43548,0.44806,0.45223,0.0118,0.00229,0.00276,0.00137,0.00789,0.000915,0.00111,0.0,0.0,0.0
0.8,0.43539,0.44816,0.45233,0.0118,0.00229,0.00276,0.00137,0.0079,0.000915,0.00111,0.0,0.0,0.0
0.8,0.4353,0.44826,0.45243,0.0118,0.00229,0.00275,0.00137,0.00791,0.000916,0.00111,0.0,0.0,0.0
0.8,0.43521,0.44836,0.45253,0.0118,0.00229,0.00275,0.00137,0.00792,0.000916,0.00111,0.0,0.0,0.0
0.8,0.43512,0.44846,0.45263,0.0118,0.00229,0.00275,0.00137,0.00793,0.000917,0.00111,0.0,0.0,0.0
0.8,0.43503,0.44856,0.45273,0.0118,0.00229,0.00275,0.00137,0.00794,0.000917,0.00111,0.0,0.0,0.0
0.8,0.43494,0.44867,0.45283,0.0118,0.00229,0.00274,0.00137,0.00795,0.000918,0.00111,0.0,0.0,0.0
0.8,0.43485,0.44877,0.45293,0.0118,0.00229,0.00274,0.00137,0.00796,0.000918,0.00111,0.0,0.0,0.0
0.8,0.43476,0.44887,0.45303,0.0118,0.00229,0.00274,0.00137,0.00797,0.000919,0.0011,0.0,0.0,0.0
0.8,0.43467,0.44897,0.45313,0.0118,0.00229,0.00274,0.00137,0.00798,0.00092,0.0011,0.0,0.0,0.0
0.8,0.43458,0.44907,0.45323,0.0118,0.00229,0.00273,0.00137,0.00799,0.00092,0.0011,0.0,0.0,0.0
0.8,0.43449,0.44917,0.45333,0.0118,0.00229,0.00273,0.00137,0.008,0.000921,0.0011,0.0,0.0,0.0
0.8,0.4344,0.44927,0.45343,0.0118,0.00229,0.00273,0.00137,0.008,0.000922,0.0011,0.0,0.0,0.0
0.8,0.43431,0.44937,0.45353,0.0118,0.00229,0.00273,0.00136,0.00801,0.000923,0.0011,0.0,0.0,0.0
0.8,0.43422,0.44947,0.45363,0.0118,0.00229,0.00272,0.00136,0.00802,0.000923,0.0011,0.0,0.0,0.0
0.8,0.43412,0.44957,0.45373,0.0118,0.00229,0.00272,0.00136,0.00803,0.000924,0.00109,0.0,0.0,0.0
0.8,0.43403,0.44967,0.45383,0.0119,0.00229,0.00272,0.00136,0.00804,0.000925,0.00109,0.0,0.0,0.0
0.8,0.43394,0.44978,0.45393,0.0119,0.00229,0.00272,0.00136,0.00805,0.000925,0.00109,0.0,0.0,0.0
0.8,0.43385,0.44988,0.45403,0.0119,0.00229,0.00271,0.00136,0.00806,0.000926,0.00109,0.0,0.0,0.0
0.8,0.43376,0.44998,0.45413,0.0119,0.00229,0.00271,0.00136,0.00807,0.000927,0.00109,0.0,0.0,0.0
0.8,0.43367,0.45008,0.45423,0.0119,0.00229,0.00271,0.00136,0.00808,0.000928,0.00109,0.0,0.0,0.0
0.8,0.43358,0.45018,0.45433,0.0119,0.00229,0.00271,0.00136,0.00809,0.000928,0.00109,0.0,0.0,0.0
0.8,0.43349,0.45028,0.45443,0.0119,0.00229,0.0027,0.00136,0.0081,0.000929,0.00109,0.0,0.0,0.0
0.8,0.4334,0.45038,0.45453,0.0119,0.00229,0.0027,0.00136,0.00811,0.00093,0.00108,0.0,0.0,0.0
0.8,0.43331,0.45048,0.45463,0.0119,0.00229,0.0027,0.00136,0.00812,0.000931,0.00108,0.0,0.0,0.0
0.8,0.43322,0.45058,0.45473,0.0119,0.00229,0.0027,0.00136,0.00813,0.000932,0.00108,0.0,0.0,0.0
0.8,0.43313,0.45068,0.45483,0.0119,0.00229,0.00269,0.00135,0.00814,0.000932,0.00108,0.0,0.0,0.0
0.8,0.43303,0.45078,0.45493,0.0119,0.00229,0.00269,0.00135,0.00814,0.000933,0.00108,0.0,0.0,0.0
0.8,0.43294,0.45088,0.45503,0.0119,0.00229,0.00269,0.00135,0.00815,0.000934,0.00108,0.0,0.0,0.0
0.8,0.43285,0.45099,0.45513,0.0119,0.00229,0.00269,0.00135,0.00816,0.000935,0.00108,0.0,0.0,0.0
0.8,0.43276,0.45109,0.45523,0.0119,0.00229,0.00268,0.00135,0.00817,0.000936,0.00108,0.0,0.0,0.0
0.8,0.43267,0.45119,0.45533,0.0119,0.00229,0.00268,0.00135,0.00818,0.000937,0.00107,0.0,0.0,0.0
0.8,0.43258,0.45129,0.45543,0.0119,0.00229,0.00268,0.00135,0.00819,0.000937,0.00107,0.0,0.0,0.0
0.8,0.43249,0.45139,0.45553,0.0119,0.00229,0.00268,0.00135,0.0082,0.000938,0.00107,0.0,0.0,0.0
0.8,0.4324,0.45149,0.45563,0.012,0.00229,0.00268,0.00135,0.00821,0.000939,0.00107,0.0,0.0,0.0
0.8,0.43231,0.45159,0.45573,0.012,0.00229,0.00267,0.00135,0.00822,0.00094,0.00107,0.0,0.0,0.0
0.8,0.43221,0.45169,0.45583,0.012,0.00229,0.00267,0.00135,0.00823,0.000941,0.00107,0.0,0.0,0.0
0.8,0.43212,0.45179,0.45593,0.012,0.00229,0.00267,0.00135,0.00824,0.000942,0.00107,0.0,0.0,0.0
0.8,0.43203,0.45189,0.45603,0.012,0.00229,0.00267,0.00135,0.00825,0.000943,0.00107,0.0,0.0,0.0
0.8,0.43194,0.45199,0.45613,0.012,0.00229,0.00266,0.00134,0.00826,0.000943,0.00106,0.0,0.0,0.0
0.8,0.43185,0.4521,0.45623,0.012,0.00229,0.00266,0.00134,0.00827,0.000944,0.00106,0.0,0.0,0.0
0.8,0.43176,0.4522,0.45633,0.012,0.00229,0.00266,0.00134,0.00827,0.000945,0.00106,0.0,0.0,0.0
0.8,0.43167,0.4523,0.45643,0.012,0.00229,0.00266,0.00134,0.00828,0.000946,0.00106,0.0,0.0,0.0
0.8,0.43158,0.4524,0.45653,0.012,0.00229,0.00265,0.00134,0.00829,0.000947,0.00106,0.0,0.0,0.0
0.8,0.43148,0.4525,0.45663,0.012,0.00229,0.00265,0.00134,0.0083,0.000948,0.00106,0.0,0.0,0.0
0.8,0.43139,0.4526,0.45673,0.012,0.00229,0.00265,0.00134,0.00831,0.000949,0.00106,0.0,0.0,0.0
0.8,0.4313,0.4527,0.45683,0.012,0.00229,0.00265,0.00134,0.00832,0.00095,0.00106,0.0,0.0,0.0
0.8,0.43121,0.4528,0.45693,0.012,0.00229,0.00264,0.00134,0.00833,0.000951,0.00105,0.0,0.0,0.0
0.8,0.43112,0.4529,0.45703,0.012,0.00229,0.00264,0.00134,0.00834,0.000951,0.00105,0.0,0.0,0.0
0.8,0.43103,0.453,0.45713,0.012,0.00229,0.00264,0.00134,0.00835,0.000952,0.00105,0.0,0.0,0.0
0.8,0.43094,0.4531,0.45723,0.012,0.00229,0.00264,0.00134,0.00836,0.000953,0.00105,0.0,0.0,0.0
0.8,0.43085,0.4532,0.45733,0.0121,0.00233,0.00263,0.00134,0.00837,0.000992,0.00105,0.0,0.0,0.0
0.8,0.43075,0.45331,0.45743,0.0121,0.00233,0.00263,0.00134,0.00838,0.000992,0.00105,0.0,0.0,0.0
0.8,0.43066,0.45341,0.45753,0.0121,0.00233,0.00263,0.00133,0.00839,0.000992,0.00105,0.0,0.0,0.0
0.8,0.43057,0.45351,0.45763,0.0121,0.00233,0.00263,0.00133,0.0084,0.000993,0.00105,0.0,0.0,0.0
0.8,0.43048,0.45361,0.45773,0.0121,0.00233,0.00263,0.00133,0.00841,0.000993,0.00105,0.0,0.0,0.0
0.8,0.43039,0.45371,0.45783,0.0121,0.00233,0.00262,0.00133,0.00842,0.000994,0.00104,0.0,0.0,0.0
0.8,0.4303,0.45381,0.45793,0.0121,0.00233,0.00262,0.00133,0.00842,0.000994,0.00104,0.0,0.0,0.0
0.8,0.4302,0.45391,0.45803,0.0121,0.00233,0.00262,0.00133,0.00843,0.000995,0.00104,0.0,0.0,0.0
0.8,0.43011,0.45401,0.45813,0.0121,0.00233,0.00262,0.00133,0.00844,0.000995,0.00104,0.0,0.0,0.0
0.8,0.43002,0.45411,0.45823,0.0121,0.00232,0.00261,0.00133,0.00845,0.000996,0.00104,0.0,0.0,0.0
0.8,0.42993,0.45421,0.45833,0.0121,0.00232,0.00261,0.00133,0.00846,0.000996,0.00104,0.0,0.0,0.0
0.8,0.42984,0.45431,0.45843,0.0121,0.00232,0.00261,0.00133,0.00847,0.000997,0.00104,0.0,0.0,0.0
0.8,0.42975,0.45442,0.45853,0.0121,0.00232,0.00261,0.00133,0.00848,0.000998,0.00104,0.0,0.0,0.0
0.8,0.42965,0.45452,0.45863,0.0121,0.00232,0.0026,0.00133,0.00849,0.000998,0.00104,0.0,0.0,0.0
0.8,0.42956,0.45462,0.45873,0.0121,0.00232,0.0026,0.00133,0.0085,0.000999,0.00103,0.0,0.0,0.0
0.8,0.42947,0.45472,0.45883,0.0121,0.00232,0.0026,0.00132,0.00851,0.001,0.00103,0.0,0.0,0.0
0.8,0.42938,0.45482,0.45893,0.0121,0.00232,0.0026,0.00132,0.00852,0.001,0.00103,0.0,0.0,0.0
0.8,0.42929,0.45492,0.45903,0.0122,0.00232,0.00259,0.00132,0.00853,0.001,0.00103,0.0,0.0,0.0
0.8,0.4292,0.45502,0.45913,0.0122,0.00232,0.00259,0.00132,0.00854,0.001,0.00103,0.0,0.0,0.0
0.8,0.4291,0.45512,0.45923,0.0122,0.00232,0.00259,0.00132,0.00855,0.001,0.00103,0.0,0.0,0.0
0.8,0.42901,0.45522,0.45933,0.0122,0.00232,0.00259,0.00132,0.00856,0.001,0.00103,0.0,0.0,0.0
0.8,0.42892,0.45532,0.45943,0.0122,0.00232,0.00259,0.00132,0.00857,0.001,0.00103,0.0,0.0,0.0
0.8,0.42883,0.45542,0.45953,0.0122,0.00232,0.00258,0.00132,0.00858,0.001,0.00103,0.0,0.0,0.0
0.8,0.42874,0.45552,0.45963,0.0122,0.00232,0.00258,0.00132,0.00859,0.00101,0.00102,0.0,0.0,0.0
0.8,0.42864,0.45563,0.45973,0.0122,0.00232,0.00258,0.00132,0.0086,0.00101,0.00102,0.0,0.0,0.0
0.8,0.42855,0.45573,0.45983,0.0122,0.00232,0.00258,0.00132,0.00861,0.00101,0.00102,0.0,0.0,0.0
0.8,0.42846,0.45583,0.45993,0.0122,0.00232,0.00257,0.00132,0.00862,0.00101,0.00102,0.0,0.0,0.0
0.8,0.42837,0.45593,0.46003,0.0122,0.00232,0.00257,0.00132,0.00863,0.00101,0.00102,0.0,0.0,0.0
0.8,0.42828,0.45603,0.46013,0.0122,0.00232,0.00257,0.00132,0.00864,0.00101,0.00102,0.0,0.0,0.0
0.8,0.42818,0.45613,0.46023,0.0122,0.00233,0.00257,0.00131,0.00865,0.00101,0.00102,0.0,0.0,0.0
0.8,0.42809,0.45623,0.46033,0.0122,0.00233,0.00256,0.00131,0.00865,0.00101,0.00102,0.0,0.0,0.0
0.8,0.428,0.45633,0.46043,0.0122,0.00233,0.00256,0.00131,0.00866,0.00101,0.00102,0.0,0.0,0.0
0.8,0.42791,0.45643,0.46053,0.0122,0.00233,0.00256,0.00131,0.00867,0.00101,0.00101,0.0,0.0,0.0
0.8,0.42782,0.45653,0.46063,0.0123,0.00233,0.00256,0.00131,0.00868,0.00101,0.00101,0.0,0.0,0.0
0.8,0.42772,0.45663,0.46073,0.0123,0.00233,0.00256,0.00131,0.00869,0.00101,0.00101,0.0,0.0,0.0
0.8,0.42763,0.45674,0.46083,0.0123,0.00233,0.00255,0.00131,0.0087,0.00102,0.00101,0.0,0.0,0.0
0.8,0.42754,0.45684,0.46093,0.0123,0.00233,0.00255,0.00131,0.00871,0.00102,0.00101,0.0,0.0,0.0
0.8,0.42745,0.45694,0.46103,0.0123,0.00233,0.00255,0.00131,0.00872,0.00102,0.00101,0.0,0.0,0.0
0.8,0.42735,0.45704,0.46113,0.0123,0.00233,0.00255,0.00131,0.00873,0.00102,0.00101,0.0,0.0,0.0
0.8,0.42726,0.45714,0.46123,0.0123,0.00233,0.00254,0.00131,0.00874,0.00102,0.00101,0.0,0.0,0.0
0.8,0.42717,0.45724,0.46133,0.0123,0.00233,0.00254,0.00131,0.00875,0.00102,0.00101,0.0,0.0,0.0
0.8,0.42708,0.45734,0.46143,0.0123,0.00233,0.00254,0.00131,0.00876,0.00102,0.001,0.0,0.0,0.0
0.8,0.42699,0.45744,0.46153,0.0123,0.00233,0.00254,0.0013,0.00877,0.00102,0.001,0.0,0.0,0.0
0.8,0.42689,0.45754,0.46163,0.0123,0.00233,0.00253,0.0013,0.00878,0.00102,0.001,0.0,0.0,0.0
0.8,0.4268,0.45764,0.46173,0.0123,0.00233,0.00253,0.0013,0.00879,0.00102,0.001,0.0,0.0,0.0
0.8,0.42671,0.45774,0.46183,0.0123,0.00233,0.00253,0.0013,0.0088,0.00102,0.001,0.0,0.0,0.0
0.8,0.42662,0.45785,0.46193,0.0123,0.00233,0.00253,0.0013,0.00881,0.00103,0.000999,0.0,0.0,0.0
0.8,0.42652,0.45795,0.46203,0.0123,0.00233,0.00252,0.0013,0.00882,0.00103,0.000998,0.0,0.0,0.0
0.8,0.42643,0.45805,0.46213,0.0123,0.00233,0.00252,0.0013,0.00883,0.00103,0.000997,0.0,0.0,0.0
0.8,0.42634,0.45815,0.46223,0.0124,0.00233,0.00252,0.0013,0.00884,0.00103,0.000996,0.0,0.0,0.0
0.8,0.42625,0.45825,0.46233,0.0124,0.00233,0.00252,0.0013,0.00885,0.00103,0.000995,0.0,0.0,0.0
0.8,0.42615,0.45835,0.46243,0.0124,0.00233,0.00252,0.0013,0.00886,0.00103,0.000994,0.0,0.0,0.0
0.8,0.42606,0.45845,0.46253,0.0124,0.00233,0.00251,0.0013,0.00887,0.00103,0.000993,0.0,0.0,0.0
0.8,0.42597,0.45855,0.46263,0.0124,0.00233,0.00251,0.0013,0.00887,0.00103,0.000992,0.0,0.0,0.0
0.8,0.42588,0.45865,0.46273,0.0124,0.00233,0.00251,0.0013,0.00888,0.00103,0.000991,0.0,0.0,0.0
0.8,0.42578,0.45875,0.46283,0.0124,0.00233,0.00251,0.0013,0.00889,0.00103,0.00099,0.0,0.0,0.0
0.8,0.42569,0.45885,0.46293,0.0124,0.00233,0.0025,0.00129,0.0089,0.00104,0.000989,0.0,0.0,0.0
0.8,0.4256,0.45896,0.46303,0.0124,0.00237,0.0025,0.00129,0.00891,0.00107,0.000988,0.0,0.0,0.0
0.8,0.42551,0.45906,0.46313,0.0124,0.00237,0.0025,0.00129,0.00892,0.00108,0.000987,0.0,0.0,0.0
0.8,0.42541,0.45916,0.46323,0.0124,0.00237,0.0025,0.00129,0.00893,0.00108,0.000986,0.0,0.0,0.0
0.8,0.42532,0.45926,0.46333,0.0124,0.00237,0.0025,0.00129,0.00894,0.00108,0.000985,0.0,0.0,0.0
0.8,0.42523,0.45936,0.46343,0.0124,0.00237,0.00249,0.00129,0.00895,0.00108,0.000984,0.0,0.0,0.0
0.8,0.42514,0.45946,0.46353,0.0124,0.00237,0.00249,0.00129,0.00896,0.00108,0.000983,0.0,0.0,0.0
0.8,0.42504,0.45956,0.46363,0.0124,0.00237,0.00249,0.00129,0.00897,0.00108,0.000982,0.0,0.0,0.0
0.8,0.42495,0.45966,0.46373,0.0124,0.00237,0.00249,0.00129,0.00898,0.00108,0.000981,0.0,0.0,0.0
0.8,0.42486,0.45976,0.46383,0.0125,0.00237,0.00248,0.00129,0.00899,0.00108,0.00098,0.0,0.0,0.0
0.8,0.42476,0.45986,0.46393,0.0125,0.00237,0.00248,0.00129,0.009,0.00108,0.000979,0.0,0.0,0.0
0.8,0.42467,0.45996,0.46403,0.0125,0.00237,0.00248,0.00129,0.00901,0.00108,0.000978,0.0,0.0,0.0
0.8,0.42458,0.46006,0.46413,0.0125,0.00237,0.00248,0.00129,0.00902,0.00108,0.000977,0.0,0.0,0.0
0.8,0.42449,0.46017,0.46423,0.0125,0.00237,0.00247,0.00129,0.00903,0.00108,0.000976,0.0,0.0,0.0
0.8,0.42439,0.46027,0.46433,0.0125,0.00237,0.00247,0.00128,0.00904,0.00108,0.000975,0.0,0.0,0.0
0.8,0.4243,0.46037,0.46443,0.0125,0.00237,0.00247,0.00128,0.00905,0.00108,0.000974,0.0,0.0,0.0
0.8,0.42421,0.46047,0.46453,0.0125,0.00237,0.00247,0.00128,0.00906,0.00108,0.000973,0.0,0.0,0.0
0.8,0.42411,0.46057,0.46463,0.0125,0.00237,0.00247,0.00128,0.00907,0.00108,0.000972,0.0,0.0,0.0
0.8,0.42402,0.46067,0.46473,0.0125,0.00237,0.00246,0.00128,0.00908,0.00109,0.000971,0.0,0.0,0.0
0.8,0.42393,0.46077,0.46483,0.0125,0.00237,0.00246,0.00128,0.00909,0.00109,0.00097,0.0,0.0,0.0
0.8,0.42384,0.46087,0.46493,0.0125,0.00237,0.00246,0.00128,0.0091,0.00109,0.000969,0.0,0.0,0.0
0.8,0.42374,0.46097,0.46503,0.0125,0.00237,0.00246,0.00128,0.00911,0.00109,0.000968,0.0,0.0,0.0
0.8,0.42365,0.46107,0.46513,0.0125,0.00237,0.00245,0.00128,0.00912,0.00109,0.000967,0.0,0.0,0.0
0.8,0.42356,0.46117,0.46523,0.0125,0.00237,0.00245,0.00128,0.00913,0.00109,0.000967,0.0,0.0,0.0
0.8,0.42346,0.46128,0.46533,0.0126,0.00237,0.00245,0.00128,0.00914,0.00109,0.000966,0.0,0.0,0.0
0.8,0.42337,0.46138,0.46543,0.0126,0.00237,0.00245,0.00128,0.00915,0.00109,0.000965,0.0,0.0,0.0
0.8,0.42328,0.46148,0.46553,0.0126,0.00237,0.00245,0.00128,0.00916,0.00109,0.000964,0.0,0.0,0.0
0.8,0.42318,0.46158,0.46563,0.0126,0.00237,0.00244,0.00128,0.00917,0.00109,0.000963,0.0,0.0,0.0
0.8,0.42309,0.46168,0.46573,0.0126,0.00237,0.00244,0.00127,0.00918,0.00109,0.000962,0.0,0.0,0.0
0.8,0.423,0.46178,0.46583,0.0126,0.00237,0.00244,0.00127,0.00919,0.00109,0.000961,0.0,0.0,0.0
0.8,0.42291,0.46188,0.46593,0.0126,0.00237,0.00244,0.00127,0.0092,0.0011,0.00096,0.0,0.0,0.0
0.8,0.42281,0.46198,0.46603,0.0126,0.00237,0.00243,0.00127,0.00921,0.0011,0.000959,0.0,0.0,0.0
0.8,0.42272,0.46208,0.46613,0.0126,0.00237,0.00243,0.00127,0.00922,0.0011,0.000958,0.0,0.0,0.0
0.8,0.42263,0.46218,0.46623,0.0126,0.00237,0.00243,0.00127,0.00923,0.0011,0.000957,0.0,0.0,0.0
0.8,0.42253,0.46228,0.46633,0.0126,0.00237,0.00243,0.00127,0.00924,0.0011,0.000956,0.0,0.0,0.0
0.8,0.42244,0.46239,0.46643,0.0126,0.00237,0.00243,0.00127,0.00924,0.0011,0.000955,0.0,0.0,0.0
0.8,0.42235,0.46249,0.46653,0.0126,0.00237,0.00242,0.00127,0.00925,0.0011,0.000954,0.0,0.0,0.0
0.8,0.42225,0.46259,0.46663,0.0126,0.00237,0.00242,0.00127,0.00926,0.0011,0.000954,0.0,0.0,0.0
0.8,0.42216,0.46269,0.46673,0.0126,0.00237,0.00242,0.00127,0.00927,0.0011,0.000953,0.0,0.0,0.0
0.8,0.42207,0.46279,0.46683,0.0127,0.00237,0.00242,0.00127,0.00928,0.0011,0.000952,0.0,0.0,0.0
0.8,0.42197,0.46289,0.46693,0.0127,0.00237,0.00241,0.00127,0.00929,0.0011,0.000951,0.0,0.0,0.0
0.8,0.42188,0.46299,0.46703,0.0127,0.00237,0.00241,0.00126,0.0093,0.00111,0.00095,0.0,0.0,0.0
0.8,0.42179,0.46309,0.46713,0.0127,0.00237,0.00241,0.00126,0.00931,0.00111,0.000949,0.0,0.0,0.0
0.8,0.42169,0.46319,0.46723,0.0127,0.00237,0.00241,0.00126,0.00932,0.00111,0.000948,0.0,0.0,0.0
0.8,0.4216,0.46329,0.46733,0.0127,0.00237,0.00241,0.00126,0.00933,0.00111,0.000947,0.0,0.0,0.0
0.8,0.4215,0.46339,0.46743,0.0127,0.00237,0.0024,0.00126,0.00934,0.00111,0.000946,0.0,0.0,0.0
0.8,0.42141,0.4635,0.46753,0.0127,0.00237,0.0024,0.00126,0.00935,0.00111,0.000945,0.0,0.0,0.0
0.8,0.42132,0.4636,0.46763,0.0127,0.00237,0.0024,0.00126,0.00936,0.00111,0.000945,0.0,0.0,0.0
0.8,0.42122,0.4637,0.46773,0.0127,0.00237,0.0024,0.00126,0.00937,0.00111,0.000944,0.0,0.0,0.0
0.8,0.42113,0.4638,0.46783,0.0127,0.00237,0.00239,0.00126,0.00938,0.00111,0.000943,0.0,0.0,0.0
0.8,0.42104,0.4639,0.46793,0.0127,0.00237,0.00239,0.00126,0.00939,0.00111,0.000942,0.0,0.0,0.0
0.8,0.42094,0.464,0.46803,0.0127,0.00237,0.00239,0.00126,0.0094,0.00112,0.000941,0.0,0.0,0.0
0.8,0.42085,0.4641,0.46813,0.0127,0.00237,0.00239,0.00126,0.00941,0.00112,0.00094,0.0,0.0,0.0
0.8,0.42076,0.4642,0.46823,0.0127,0.00237,0.00239,0.00126,0.00942,0.00112,0.000939,0.0,0.0,0.0
0.8,0.42066,0.4643,0.46833,0.0128,0.00237,0.00238,0.00126,0.00943,0.00112,0.000938,0.0,0.0,0.0
0.8,0.42057,0.4644,0.46843,0.0128,0.00237,0.00238,0.00125,0.00944,0.00112,0.000938,0.0,0.0,0.0
0.8,0.42048,0.4645,0.46853,0.0128,0.00237,0.00238,0.00125,0.00945,0.00112,0.000937,0.0,0.0,0.0
0.8,0.42038,0.46461,0.46863,0.0128,0.00242,0.00238,0.00125,0.00946,0.00116,0.000936,0.0,0.0,0.0
0.8,0.42029,0.46471,0.46873,0.0128,0.00241,0.00237,0.00125,0.00947,0.00116,0.000935,0.0,0.0,0.0
0.8,0.42019,0.46481,0.46883,0.0128,0.00241,0.00237,0.00125,0.00948,0.00116,0.000934,0.0,0.0,0.0
0.8,0.4201,0.46491,0.46893,0.0128,0.00241,0.00237,0.00125,0.00949,0.00116,0.000933,0.0,0.0,0.0
0.8,0.42001,0.46501,0.46903,0.0128,0.00241,0.00237,0.00125,0.0095,0.00116,0.000932,0.0,0.0,0.0
0.8,0.41991,0.46511,0.46913,0.0128,0.00241,0.00237,0.00125,0.00951,0.00116,0.000932,0.0,0.0,0.0
0.8,0.41982,0.46521,0.46923,0.0128,0.00241,0.00236,0.00125,0.00952,0.00116,0.000931,0.0,0.0,0.0
0.8,0.41973,0.46531,0.46933,0.0128,0.00241,0.00236,0.00125,0.00953,0.00116,0.00093,0.0,0.0,0.0
0.8,0.41963,0.46541,0.46943,0.0128,0.00241,0.00236,0.00125,0.00954,0.00117,0.000929,0.0,0.0,0.0
0.8,0.41954,0.46551,0.46953,0.0128,0.00241,0.00236,0.00125,0.00955,0.00117,0.000928,0.0,0.0,0.0
0.8,0.41944,0.46561,0.46963,0.0128,0.00241,0.00235,0.00125,0.00956,0.00117,0.000927,0.0,0.0,0.0
0.8,0.41935,0.46571,0.46973,0.0128,0.00241,0.00235,0.00125,0.00957,0.00117,0.000927,0.0,0.0,0.0
0.8,0.41926,0.46582,0.46983,0.0129,0.00241,0.00235,0.00125,0.00958,0.00117,0.000926,0.0,0.0,0.0
0.8,0.41916,0.46592,0.46993,0.0129,0.00241,0.00235,0.00124,0.00959,0.00117,0.000925,0.0,0.0,0.0
0.8,0.41907,0.46602,0.47003,0.0129,0.00241,0.00235,0.00124,0.0096,0.00117,0.000924,0.0,0.0,0.0
0.8,0.41897,0.46612,0.47013,0.0129,0.00241,0.00234,0.00124,0.00961,0.00117,0.000923,0.0,0.0,0.0
0.8,0.41888,0.46622,0.47023,0.0129,0.00241,0.00234,0.00124,0.00962,0.00117,0.000922,0.0,0.0,0.0
0.8,0.41879,0.46632,0.47033,0.0129,0.00241,0.00234,0.00124,0.00963,0.00117,0.000922,0.0,0.0,0.0
0.8,0.41869,0.46642,0.47043,0.0129,0.00241,0.00234,0.00124,0.00964,0.00117,0.000921,0.0,0.0,0.0
0.8,0.4186,0.46652,0.47053,0.0129,0.00241,0.00233,0.00124,0.00965,0.00117,0.00092,0.0,0.0,0.0
0.8,0.4185,0.46662,0.47063,0.0129,0.00241,0.00233,0.00124,0.00966,0.00117,0.000919,0.0,0.0,0.0
0.8,0.41841,0.46672,0.47073,0.0129,0.00241,0.00233,0.00124,0.00967,0.00118,0.000918,0.0,0.0,0.0
0.8,0.41831,0.46682,0.47083,0.0129,0.00241,0.00233,0.00124,0.00968,0.00118,0.000918,0.0,0.0,0.0
0.8,0.41822,0.46693,0.47093,0.0129,0.00241,0.00233,0.00124,0.00969,0.00118,0.000917,0.0,0.0,0.0
0.8,0.41813,0.46703,0.47103,0.0129,0.00241,0.00232,0.00124,0.0097,0.00118,0.000916,0.0,0.0,0.0
0.8,0.41803,0.46713,0.47113,0.0129,0.00241,0.00232,0.00124,0.00971,0.00118,0.000915,0.0,0.0,0.0
0.8,0.41794,0.46723,0.47123,0.013,0.00242,0.00232,0.00124,0.00972,0.00118,0.000914,0.0,0.0,0.0
0.8,0.41784,0.46733,0.47133,0.013,0.00242,0.00232,0.00123,0.00973,0.00118,0.000914,0.0,0.0,0.0
0.8,0.41775,0.46743,0.47143,0.013,0.00242,0.00232,0.00123,0.00974,0.00118,0.000913,0.0,0.0,0.0
0.8,0.41766,0.46753,0.47153,0.013,0.00242,0.00231,0.00123,0.00975,0.00118,0.000912,0.0,0.0,0.0
0.8,0.41756,0.46763,0.47163,0.013,0.00242,0.00231,0.00123,0.00976,0.00118,0.000911,0.0,0.0,0.0
0.8,0.41747,0.46773,0.47173,0.013,0.00242,0.00231,0.00123,0.00977,0.00118,0.00091,0.0,0.0,0.0
0.8,0.41737,0.46783,0.47183,0.013,0.00242,0.00231,0.00123,0.00978,0.00119,0.00091,0.0,0.0,0.0
0.8,0.41728,0.46793,0.47193,0.013,0.00242,0.0023,0.00123,0.00979,0.00119,0.000909,0.0,0.0,0.0
0.8,0.41718,0.46804,0.47203,0.013,0.00242,0.0023,0.00123,0.0098,0.00119,0.000908,0.0,0.0,0.0
0.8,0.41709,0.46814,0.47213,0.013,0.00242,0.0023,0.00123,0.00981,0.00119,0.000907,0.0,0.0,0.0
0.8,0.41699,0.46824,0.47223,0.013,0.00242,0.0023,0.00123,0.00982,0.00119,0.000907,0.0,0.0,0.0
0.8,0.4169,0.46834,0.47233,0.013,0.00242,0.0023,0.00123,0.00983,0.00119,0.000906,0.0,0.0,0.0
0.8,0.41681,0.46844,0.47243,0.013,0.00242,0.00229,0.00123,0.00984,0.00119,0.000905,0.0,0.0,0.0
0.8,0.41671,0.46854,0.47253,0.013,0.00242,0.00229,0.00123,0.00985,0.00119,0.000904,0.0,0.0,0.0
0.8,0.41662,0.46864,0.47263,0.013,0.00242,0.00229,0.00123,0.00986,0.00119,0.000903,0.0,0.0,0.0
0.8,0.41652,0.46874,0.47273,0.0131,0.00242,0.00229,0.00122,0.00987,0.00119,0.000903,0.0,0.0,0.0
0.8,0.41643,0.46884,0.47283,0.0131,0.00242,0.00229,0.00122,0.00988,0.0012,0.000902,0.0,0.0,0.0
0.8,0.41633,0.46894,0.47293,0.0131,0.00242,0.00228,0.00122,0.00989,0.0012,0.000901,0.0,0.0,0.0
0.8,0.41624,0.46904,0.47303,0.0131,0.00242,0.00228,0.00122,0.0099,0.0012,0.0009,0.0,0.0,0.0
0.8,0.41614,0.46915,0.47313,0.0131,0.00242,0.00228,0.00122,0.00991,0.0012,0.0009,0.0,0.0,0.0
0.8,0.41605,0.46925,0.47323,0.0131,0.00242,0.00228,0.00122,0.00992,0.0012,0.000899,0.0,0.0,0.0
0.8,0.41595,0.46935,0.47333,0.0131,0.00242,0.00227,0.00122,0.00993,0.0012,0.000898,0.0,0.0,0.0
0.8,0.41586,0.46945,0.47343,0.0131,0.00242,0.00227,0.00122,0.00994,0.0012,0.000897,0.0,0.0,0.0
0.8,0.41577,0.46955,0.47353,0.0131,0.00242,0.00227,0.00122,0.00995,0.0012,0.000897,0.0,0.0,0.0
0.8,0.41567,0.46965,0.47363,0.0131,0.00242,0.00227,0.00122,0.00996,0.0012,0.000896,0.0,0.0,0.0
0.8,0.41558,0.46975,0.47373,0.0131,0.00242,0.00227,0.00122,0.00997,0.0012,0.000895,0.0,0.0,0.0
0.8,0.41548,0.46985,0.47383,0.0131,0.00242,0.00226,0.00122,0.00998,0.00121,0.000894,0.0,0.0,0.0
0.8,0.41539,0.46995,0.47393,0.0131,0.00242,0.00226,0.00122,0.00999,0.00121,0.000894,0.0,0.0,0.0
0.8,0.41529,0.47005,0.47403,0.0131,0.00242,0.00226,0.00122,0.01,0.00121,0.000893,0.0,0.0,0.0
0.8,0.4152,0.47015,0.47413,0.0132,0.00242,0.00226,0.00121,0.01,0.00121,0.000892,0.0,0.0,0.0
0.8,0.4151,0.47026,0.47423,0.0132,0.00242,0.00226,0.00121,0.01,0.00121,0.000892,0.0,0.0,0.0
0.8,0.41501,0.47036,0.47433,0.0132,0.00247,0.00225,0.00121,0.01,0.00125,0.000891,0.0,0.0,0.0
0.8,0.41491,0.47046,0.47443,0.0132,0.00246,0.00225,0.00121,0.01,0.00125,0.00089,0.0,0.0,0.0
0.8,0.41482,0.47056,0.47453,0.0132,0.00246,0.00225,0.00121,0.01,0.00125,0.000889,0.0,0.0,0.0
0.8,0.41472,0.47066,0.47463,0.0132,0.00246,0.00225,0.00121,0.0101,0.00125,0.000889,0.0,0.0,0.0
0.8,0.41463,0.47076,0.47473,0.0132,0.00246,0.00224,0.00121,0.0101,0.00125,0.000888,0.0,0.0,0.0
0.8,0.41453,0.47086,0.47483,0.0132,0.00246,0.00224,0.00121,0.0101,0.00125,0.000887,0.0,0.0,0.0
0.8,0.41444,0.47096,0.47493,0.0132,0.00246,0.00224,0.00121,0.0101,0.00125,0.000886,0.0,0.0,0.0
0.8,0.41434,0.47106,0.47503,0.0132,0.00246,0.00224,0.00121,0.0101,0.00126,0.000886,0.0,0.0,0.0
0.8,0.41425,0.47116,0.47513,0.0132,0.00246,0.00224,0.00121,0.0101,0.00126,0.000885,0.0,0.0,0.0
0.8,0.41415,0.47126,0.47523,0.0132,0.00246,0.00223,0.00121,0.0101,0.00126,0.000884,0.0,0.0,0.0
0.8,0.41406,0.47137,0.47533,0.0132,0.00246,0.00223,0.00121,0.0101,0.00126,0.000884,0.0,0.0,0.0
0.8,0.41396,0.47147,0.47543,0.0132,0.00246,0.00223,0.00121,0.0101,0.00126,0.000883,0.0,0.0,0.0
0.8,0.41387,0.47157,0.47553,0.0133,0.00246,0.00223,0.00121,0.0101,0.00126,0.000882,0.0,0.0,0.0
0.8,0.41377,0.47167,0.47563,0.0133,0.00246,0.00223,0.0012,0.0102,0.00126,0.000882,0.0,0.0,0.0
0.8,0.41368,0.47177,0.47573,0.0133,0.00246,0.00222,0.0012,0.0102,0.00126,0.000881,0.0,0.0,0.0
0.8,0.41358,0.47187,0.47583,0.0133,0.00246,0.00222,0.0012,0.0102,0.00126,0.00088,0.0,0.0,0.0
0.8,0.41349,0.47197,0.47593,0.0133,0.00246,0.00222,0.0012,0.0102,0.00126,0.000879,0.0,0.0,0.0
0.8,0.41339,0.47207,0.47603,0.0133,0.00247,0.00222,0.0012,0.0102,0.00126,0.000879,0.0,0.0,0.0
0.8,0.4133,0.47217,0.47613,0.0133,0.00247,0.00222,0.0012,0.0102,0.00126,0.000878,0.0,0.0,0.0
0.8,0.4132,0.47227,0.47623,0.0133,0.00247,0.00221,0.0012,0.0102,0.00127,0.000877,0.0,0.0,0.0
0.8,0.41311,0.47237,0.47633,0.0133,0.00247,0.00221,0.0012,0.0102,0.00127,0.000877,0.0,0.0,0.0
0.8,0.41301,0.47248,0.47643,0.0133,0.00247,0.00221,0.0012,0.0102,0.00127,0.000876,0.0,0.0,0.0
0.8,0.41291,0.47258,0.47653,0.0133,0.00247,0.00221,0.0012,0.0102,0.00127,0.000875,0.0,0.0,0.0
0.8,0.41282,0.47268,0.47663,0.0133,0.00247,0.0022,0.0012,0.0103,0.00127,0.000875,0.0,0.0,0.0
0.8,0.41272,0.47278,0.47673,0.0133,0.00247,0.0022,0.0012,0.0103,0.00127,0.000874,0.0,0.0,0.0
0.8,0.41263,0.47288,0.47683,0.0133,0.00247,0.0022,0.0012,0.0103,0.00127,0.000873,0.0,0.0,0.0
0.8,0.41253,0.47298,0.47693,0.0134,0.00247,0.0022,0.0012,0.0103,0.00127,0.000873,0.0,0.0,0.0
0.8,0.41244,0.47308,0.47703,0.0134,0.00247,0.0022,0.00119,0.0103,0.00127,0.000872,0.0,0.0,0.0
0.8,0.41234,0.47318,0.47713,0.0134,0.00247,0.00219,0.00119,0.0103,0.00127,0.000871,0.0,0.0,0.0
0.8,0.41225,0.47328,0.47723,0.0134,0.00247,0.00219,0.00119,0.0103,0.00127,0.000871,0.0,0.0,0.0
0.8,0.41215,0.47338,0.47733,0.0134,0.00247,0.00219,0.00119,0.0103,0.00128,0.00087,0.0,0.0,0.0
0.8,0.41206,0.47348,0.47743,0.0134,0.00247,0.00219,0.00119,0.0103,0.00128,0.000869,0.0,0.0,0.0
0.8,0.41196,0.47359,0.47753,0.0134,0.00247,0.00219,0.00119,0.0103,0.00128,0.000869,0.0,0.0,0.0
0.8,0.41187,0.47369,0.47763,0.0134,0.00247,0.00218,0.00119,0.0104,0.00128,0.000868,0.0,0.0,0.0
0.8,0.41177,0.47379,0.47773,0.0134,0.00247,0.00218,0.00119,0.0104,0.00128,0.000867,0.0,0.0,0.0
0.8,0.41167,0.47389,0.47783,0.0134,0.00247,0.00218,0.00119,0.0104,0.00128,0.000867,0.0,0.0,0.0
0.8,0.41158,0.47399,0.47793,0.0134,0.00247,0.00218,0.00119,0.0104,0.00128,0.000866,0.0,0.0,0.0
0.8,0.41148,0.47409,0.47803,0.0134,0.00247,0.00218,0.00119,0.0104,0.00128,0.000865,0.0,0.0,0.0
0.8,0.41139,0.47419,0.47813,0.0134,0.00247,0.00217,0.00119,0.0104,0.00128,0.000865,0.0,0.0,0.0
0.8,0.41129,0.47429,0.47823,0.0135,0.00247,0.00217,0.00119,0.0104,0.00129,0.000864,0.0,0.0,0.0
0.8,0.4112,0.47439,0.47833,0.0135,0.00247,0.00217,0.00119,0.0104,0.00129,0.000863,0.0,0.0,0.0
0.8,0.4111,0.47449,0.47843,0.0135,0.00247,0.00217,0.00119,0.0104,0.00129,0.000863,0.0,0.0,0.0
0.8,0.411,0.47459,0.47853,0.0135,0.00247,0.00217,0.00118,0.0104,0.00129,0.000862,0.0,0.0,0.0
0.8,0.41091,0.4747,0.47863,0.0135,0.00247,0.00216,0.00118,0.0105,0.00129,0.000862,0.0,0.0,0.0
0.8,0.41081,0.4748,0.47873,0.0135,0.00247,0.00216,0.00118,0.0105,0.00129,0.000861,0.0,0.0,0.0
0.8,0.41072,0.4749,0.47883,0.0135,0.00247,0.00216,0.00118,0.0105,0.00129,0.00086,0.0,0.0,0.0
0.8,0.41062,0.475,0.47893,0.0135,0.00247,0.00216,0.00118,0.0105,0.00129,0.00086,0.0,0.0,0.0
0.8,0.41053,0.4751,0.47903,0.0135,0.00247,0.00216,0.00118,0.0105,0.00129,0.000859,0.0,0.0,0.0
0.8,0.41043,0.4752,0.47913,0.0135,0.00248,0.00215,0.00118,0.0105,0.00129,0.000858,0.0,0.0,0.0
0.8,0.41033,0.4753,0.47923,0.0135,0.00248,0.00215,0.00118,0.0105,0.0013,0.000858,0.0,0.0,0.0
0.8,0.41024,0.4754,0.47933,0.0135,0.00248,0.00215,0.00118,0.0105,0.0013,0.000857,0.0,0.0,0.0
0.8,0.41014,0.4755,0.47943,0.0135,0.00248,0.00215,0.00118,0.0105,0.0013,0.000856,0.0,0.0,0.0
0.8,0.41005,0.4756,0.47953,0.0135,0.00248,0.00214,0.00118,0.0105,0.0013,0.000856,0.0,0.0,0.0
0.8,0.40995,0.47571,0.47963,0.0136,0.00248,0.00214,0.00118,0.0106,0.0013,0.000855,0.0,0.0,0.0
0.8,0.40985,0.47581,0.47973,0.0136,0.00248,0.00214,0.00118,0.0106,0.0013,0.000855,0.0,0.0,0.0
0.8,0.40976,0.47591,0.47983,0.0136,0.00248,0.00214,0.00118,0.0106,0.0013,0.000854,0.0,0.0,0.0
0.8,0.40966,0.47601,0.47993,0.0136,0.00252,0.00214,0.00118,0.0106,0.00135,0.000853,0.0,0.0,0.0
0.8,0.40957,0.47611,0.48003,0.0136,0.00252,0.00213,0.00117,0.0106,0.00135,0.000853,0.0,0.0,0.0
0.8,0.40947,0.47621,0.48013,0.0136,0.00252,0.00213,0.00117,0.0106,0.00135,0.000852,0.0,0.0,0.0
0.8,0.40937,0.47631,0.48023,0.0136,0.00252,0.00213,0.00117,0.0106,0.00135,0.000852,0.0,0.0,0.0
0.8,0.40928,0.47641,0.48033,0.0136,0.00252,0.00213,0.00117,0.0106,0.00135,0.000851,0.0,0.0,0.0
0.8,0.40918,0.47651,0.48043,0.0136,0.00252,0.00213,0.00117,0.0106,0.00135,0.00085,0.0,0.0,0.0
0.8,0.40909,0.47661,0.48053,0.0136,0.00252,0.00212,0.00117,0.0106,0.00135,0.00085,0.0,0.0,0.0
0.8,0.40899,0.47671,0.48063,0.0136,0.00252,0.00212,0.00117,0.0107,0.00135,0.000849,0.0,0.0,0.0
0.8,0.40889,0.47682,0.48073,0.0136,0.00252,0.00212,0.00117,0.0107,0.00135,0.000848,0.0,0.0,0.0
0.8,0.4088,0.47692,0.48083,0.0136,0.00252,0.00212,0.00117,0.0107,0.00135,0.000848,0.0,0.0,0.0
0.8,0.4087,0.47702,0.48093,0.0136,0.00252,0.00212,0.00117,0.0107,0.00135,0.000847,0.0,0.0,0.0
0.8,0.40861,0.47712,0.48103,0.0137,0.00252,0.00211,0.00117,0.0107,0.00135,0.000847,0.0,0.0,0.0
0.8,0.40851,0.47722,0.48113,0.0137,0.00252,0.00211,0.00117,0.0107,0.00135,0.000846,0.0,0.0,0.0
0.8,0.40841,0.47732,0.48123,0.0137,0.00252,0.00211,0.00117,0.0107,0.00135,0.000846,0.0,0.0,0.0
0.8,0.40832,0.47742,0.48133,0.0137,0.00252,0.00211,0.00117,0.0107,0.00135,0.000845,0.0,0.0,0.0
0.8,0.40822,0.47752,0.48143,0.0137,0.00252,0.00211,0.00117,0.0107,0.00136,0.000844,0.0,0.0,0.0
0.8,0.40812,0.47762,0.48153,0.0137,0.00252,0.0021,0.00116,0.0107,0.00136,0.000844,0.0,0.0,0.0
0.8,0.40803,0.47772,0.48163,0.0137,0.00252,0.0021,0.00116,0.0108,0.00136,0.000843,0.0,0.0,0.0
0.8,0.40793,0.47782,0.48173,0.0137,0.00252,0.0021,0.00116,0.0108,0.00136,0.000843,0.0,0.0,0.0
0.8,0.40784,0.47793,0.48183,0.0137,0.00252,0.0021,0.00116,0.0108,0.00136,0.000842,0.0,0.0,0.0
0.8,0.40774,0.47803,0.48193,0.0137,0.00252,0.0021,0.00116,0.0108,0.00136,0.000841,0.0,0.0,0.0
0.8,0.40764,0.47813,0.48203,0.0137,0.00252,0.00209,0.00116,0.0108,0.00136,0.000841,0.0,0.0,0.0
0.8,0.40755,0.47823,0.48213,0.0137,0.00252,0.00209,0.00116,0.0108,0.00136,0.00084,0.0,0.0,0.0
0.8,0.40745,0.47833,0.48223,0.0137,0.00252,0.00209,0.00116,0.0108,0.00136,0.00084,0.0,0.0,0.0
0.8,0.40735,0.47843,0.48233,0.0138,0.00252,0.00209,0.00116,0.0108,0.00136,0.000839,0.0,0.0,0.0
0.8,0.40726,0.47853,0.48243,0.0138,0.00252,0.00209,0.00116,0.0108,0.00136,0.000839,0.0,0.0,0.0
0.8,0.40716,0.47863,0.48253,0.0138,0.00252,0.00208,0.00116,0.0108,0.00137,0.000838,0.0,0.0,0.0
0.8,0.40706,0.47873,0.48263,0.0138,0.00252,0.00208,0.00116,0.0109,0.00137,0.000837,0.0,0.0,0.0
0.8,0.40697,0.47883,0.48273,0.0138,0.00252,0.00208,0.00116,0.0109,0.00137,0.000837,0.0,0.0,0.0
0.8,0.40687,0.47893,0.48283,0.0138,0.00252,0.00208,0.00116,0.0109,0.00137,0.000836,0.0,0.0,0.0
0.8,0.40677,0.47904,0.48293,0.0138,0.00253,0.00208,0.00116,0.0109,0.00137,0.000836,0.0,0.0,0.0
0.8,0.40668,0.47914,0.48303,0.0138,0.00253,0.00207,0.00115,0.0109,0.00137,0.000835,0.0,0.0,0.0
0.8,0.40658,0.47924,0.48313,0.0138,0.00253,0.00207,0.00115,0.0109,0.00137,0.000835,0.0,0.0,0.0
0.8,0.40648,0.47934,0.48323,0.0138,0.00253,0.00207,0.00115,0.0109,0.00137,0.000834,0.0,0.0,0.0
0.8,0.40639,0.47944,0.48333,0.0138,0.00253,0.00207,0.00115,0.0109,0.00137,0.000833,0.0,0.0,0.0
0.8,0.40629,0.47954,0.48343,0.0138,0.00253,0.00207,0.00115,0.0109,0.00138,0.000833,0.0,0.0,0.0
0.8,0.40619,0.47964,0.48353,0.0138,0.00253,0.00206,0.00115,0.011,0.00138,0.000832,0.0,0.0,0.0
0.8,0.4061,0.47974,0.48363,0.0139,0.00253,0.00206,0.00115,0.011,0.00138,0.000832,0.0,0.0,0.0
0.8,0.406,0.47984,0.48373,0.0139,0.00253,0.00206,0.00115,0.011,0.00138,0.000831,0.0,0.0,0.0
0.8,0.4059,0.47994,0.48383,0.0139,0.00253,0.00206,0.00115,0.011,0.00138,0.000831,0.0,0.0,0.0
0.8,0.40581,0.48004,0.48393,0.0139,0.00253,0.00206,0.00115,0.011,0.00138,0.00083,0.0,0.0,0.0
0.8,0.40571,0.48015,0.48403,0.0139,0.00253,0.00205,0.00115,0.011,0.00138,0.00083,0.0,0.0,0.0
0.8,0.40561,0.48025,0.48413,0.0139,0.00253,0.00205,0.00115,0.011,0.00138,0.000829,0.0,0.0,0.0
0.8,0.40552,0.48035,0.48423,0.0139,0.00253,0.00205,0.00115,0.011,0.00138,0.000828,0.0,0.0,0.0
0.8,0.40542,0.48045,0.48433,0.0139,0.00253,0.00205,0.00115,0.011,0.00139,0.000828,0.0,0.0,0.0
0.8,0.40532,0.48055,0.48443,0.0139,0.00253,0.00205,0.00115,0.011,0.00139,0.000827,0.0,0.0,0.0
0.8,0.40523,0.48065,0.48453,0.0139,0.00253,0.00204,0.00114,0.0111,0.00139,0.000827,0.0,0.0,0.0
0.8,0.40513,0.48075,0.48463,0.0139,0.00253,0.00204,0.00114,0.0111,0.00139,0.000826,0.0,0.0,0.0
0.8,0.40503,0.48085,0.48473,0.0139,0.00253,0.00204,0.00114,0.0111,0.00139,0.000826,0.0,0.0,0.0
0.8,0.40494,0.48095,0.48483,0.0139,0.00253,0.00204,0.00114,0.0111,0.00139,0.000825,0.0,0.0,0.0
0.8,0.40484,0.48105,0.48493,0.014,0.00253,0.00204,0.00114,0.0111,0.00139,0.000825,0.0,0.0,0.0
0.8,0.40474,0.48115,0.48503,0.014,0.00253,0.00203,0.00114,0.0111,0.00139,0.000824,0.0,0.0,0.0
0.8,0.40464,0.48126,0.48513,0.014,0.00254,0.00203,0.00114,0.0111,0.00139,0.000824,0.0,0.0,0.0
0.8,0.40455,0.48136,0.48523,0.014,0.00254,0.00203,0.00114,0.0111,0.0014,0.000823,0.0,0.0,0.0
0.8,0.40445,0.48146,0.48533,0.014,0.00254,0.00203,0.00114,0.0111,0.0014,0.000823,0.0,0.0,0.0
0.8,0.40435,0.48156,0.48543,0.014,0.00258,0.00203,0.00114,0.0111,0.00144,0.000822,0.0,0.0,0.0
0.8,0.40426,0.48166,0.48553,0.014,0.00258,0.00202,0.00114,0.0111,0.00144,0.000821,0.0,0.0,0.0
0.8,0.40416,0.48176,0.48563,0.014,0.00258,0.00202,0.00114,0.0112,0.00144,0.000821,0.0,0.0,0.0
0.8,0.40406,0.48186,0.48573,0.014,0.00258,0.00202,0.00114,0.0112,0.00144,0.00082,0.0,0.0,0.0
0.8,0.40396,0.48196,0.48583,0.014,0.00258,0.00202,0.00114,0.0112,0.00144,0.00082,0.0,0.0,0.0
0.8,0.40387,0.48206,0.48593,0.014,0.00258,0.00202,0.00114,0.0112,0.00144,0.000819,0.0,0.0,0.0
0.8,0.40377,0.48216,0.48603,0.014,0.00258,0.00201,0.00113,0.0112,0.00144,0.000819,0.0,0.0,0.0
0.8,0.40367,0.48227,0.48613,0.014,0.00258,0.00201,0.00113,0.0112,0.00144,0.000818,0.0,0.0,0.0
0.8,0.40358,0.48237,0.48623,0.014,0.00258,0.00201,0.00113,0.0112,0.00145,0.000818,0.0,0.0,0.0
0.8,0.40348,0.48247,0.48633,0.0141,0.00258,0.00201,0.00113,0.0112,0.00145,0.000817,0.0,0.0,0.0
0.8,0.40338,0.48257,0.48643,0.0141,0.00258,0.00201,0.00113,0.0112,0.00145,0.000817,0.0,0.0,0.0
0.8,0.40328,0.48267,0.48653,0.0141,0.00258,0.00201,0.00113,0.0113,0.00145,0.000816,0.0,0.0,0.0
0.8,0.40319,0.48277,0.48663,0.0141,0.00258,0.002,0.00113,0.0113,0.00145,0.000816,0.0,0.0,0.0
0.8,0.40309,0.48287,0.48673,0.0141,0.00258,0.002,0.00113,0.0113,0.00145,0.000815,0.0,0.0,0.0
0.8,0.40299,0.48297,0.48683,0.0141,0.00258,0.002,0.00113,0.0113,0.00145,0.000815,0.0,0.0,0.0
0.8,0.40289,0.48307,0.48693,0.0141,0.00258,0.002,0.00113,0.0113,0.00145,0.000814,0.0,0.0,0.0
0.8,0.4028,0.48317,0.48703,0.0141,0.00258,0.002,0.00113,0.0113,0.00145,0.000814,0.0,0.0,0.0
0.8,0.4027,0.48327,0.48713,0.0141,0.00258,0.00199,0.00113,0.0113,0.00145,0.000813,0.0,0.0,0.0
0.8,0.4026,0.48338,0.48723,0.0141,0.00258,0.00199,0.00113,0.0113,0.00145,0.000813,0.0,0.0,0.0
0.8,0.40251,0.48348,0.48733,0.0141,0.00258,0.00199,0.00113,0.0113,0.00146,0.000812,0.0,0.0,0.0
0.8,0.40241,0.48358,0.48743,0.0141,0.00258,0.00199,0.00113,0.0113,0.00146,0.000812,0.0,0.0,0.0
0.8,0.40231,0.48368,0.48753,0.0142,0.00258,0.00199,0.00112,0.0114,0.00146,0.000811,0.0,0.0,0.0
0.8,0.40221,0.48378,0.48763,0.0142,0.00258,0.00198,0.00112,0.0114,0.00146,0.000811,0.0,0.0,0.0
0.8,0.40212,0.48388,0.48773,0.0142,0.00258,0.00198,0.00112,0.0114,0.00146,0.00081,0.0,0.0,0.0
0.8,0.40202,0.48398,0.48783,0.0142,0.00258,0.00198,0.00112,0.0114,0.00146,0.00081,0.0,0.0,0.0
0.8,0.40192,0.48408,0.48793,0.0142,0.00258,0.00198,0.00112,0.0114,0.00146,0.000809,0.0,0.0,0.0
0.8,0.40182,0.48418,0.48803,0.0142,0.00258,0.00198,0.00112,0.0114,0.00146,0.000809,0.0,0.0,0.0
0.8,0.40172,0.48428,0.48813,0.0142,0.00258,0.00197,0.00112,0.0114,0.00146,0.000808,0.0,0.0,0.0
0.8,0.40163,0.48438,0.48823,0.0142,0.00258,0.00197,0.00112,0.0114,0.00146,0.000808,0.0,0.0,0.0
0.8,0.40153,0.48449,0.48833,0.0142,0.00259,0.00197,0.00112,0.0114,0.00147,0.000807,0.0,0.0,0.0
0.8,0.40143,0.48459,0.48843,0.0142,0.00259,0.00197,0.00112,0.0114,0.00147,0.000807,0.0,0.0,0.0
0.8,0.40133,0.48469,0.48853,0.0142,0.00259,0.00197,0.00112,0.0115,0.00147,0.000806,0.0,0.0,0.0
0.8,0.40124,0.48479,0.48863,0.0142,0.00259,0.00196,0.00112,0.0115,0.00147,0.000806,0.0,0.0,0.0
0.8,0.40114,0.48489,0.48873,0.0142,0.00259,0.00196,0.00112,0.0115,0.00147,0.000805,0.0,0.0,0.0
0.8,0.40104,0.48499,0.48883,0.0143,0.00259,0.00196,0.00112,0.0115,0.00147,0.000805,0.0,0.0,0.0
0.8,0.40094,0.48509,0.48893,0.0143,0.00259,0.00196,0.00112,0.0115,0.00147,0.000804,0.0,0.0,0.0
0.8,0.40085,0.48519,0.48903,0.0143,0.00259,0.00196,0.00111,0.0115,0.00147,0.000804,0.0,0.0,0.0
0.8,0.40075,0.48529,0.48913,0.0143,0.00259,0.00196,0.00111,0.0115,0.00147,0.000803,0.0,0.0,0.0
0.8,0.40065,0.48539,0.48923,0.0143,0.00259,0.00195,0.00111,0.0115,0.00148,0.000803,0.0,0.0,0.0
0.8,0.40055,0.4855,0.48933,0.0143,0.00259,0.00195,0.00111,0.0115,0.00148,0.000802,0.0,0.0,0.0
0.8,0.40045,0.4856,0.48943,0.0143,0.00259,0.00195,0.00111,0.0115,0.00148,0.000802,0.0,0.0,0.0
0.8,0.40036,0.4857,0.48953,0.0143,0.00259,0.00195,0.00111,0.0116,0.00148,0.000801,0.0,0.0,0.0
0.8,0.40026,0.4858,0.48963,0.0143,0.00259,0.00195,0.00111,0.0116,0.00148,0.000801,0.0,0.0,0.0
0.8,0.40016,0.4859,0.48973,0.0143,0.00259,0.00194,0.00111,0.0116,0.00148,0.000801,0.0,0.0,0.0
0.8,0.40006,0.486,0.48983,0.0143,0.00259,0.00194,0.00111,0.0116,0.00148,0.0008,0.0,0.0,0.0
0.8,0.39996,0.4861,0.48993,0.0143,0.00259,0.00194,0.00111,0.0116,0.00148,0.0008,0.0,0.0,0.0
0.8,0.39987,0.4862,0.49003,0.0143,0.00259,0.00194,0.00111,0.0116,0.00149,0.000799,0.0,0.0,0.0
0.8,0.39977,0.4863,0.49013,0.0144,0.00259,0.00194,0.00111,0.0116,0.00149,0.000799,0.0,0.0,0.0
0.8,0.39967,0.4864,0.49023,0.0144,0.00259,0.00193,0.00111,0.0116,0.00149,0.000798,0.0,0.0,0.0
0.8,0.39957,0.4865,0.49033,0.0144,0.0026,0.00193,0.00111,0.0116,0.00149,0.000798,0.0,0.0,0.0
0.8,0.39947,0.48661,0.49043,0.0144,0.0026,0.00193,0.00111,0.0117,0.00149,0.000797,0.0,0.0,0.0
0.8,0.39938,0.48671,0.49053,0.0144,0.0026,0.00193,0.00111,0.0117,0.00149,0.000797,0.0,0.0,0.0
0.8,0.39928,0.48681,0.49063,0.0144,0.0026,0.00193,0.0011,0.0117,0.00149,0.000796,0.0,0.0,0.0
0.8,0.39918,0.48691,0.49073,0.0144,0.0026,0.00192,0.0011,0.0117,0.00149,0.000796,0.0,0.0,0.0
0.8,0.39908,0.48701,0.49083,0.0144,0.0026,0.00192,0.0011,0.0117,0.0015,0.000795,0.0,0.0,0.0
0.8,0.39898,0.48711,0.49093,0.0144,0.0026,0.00192,0.0011,0.0117,0.0015,0.000795,0.0,0.0,0.0
0.8,0.39889,0.48721,0.49103,0.0144,0.00264,0.00192,0.0011,0.0117,0.00154,0.000794,0.0,0.0,0.0
0.8,0.39879,0.48731,0.49113,0.0144,0.00264,0.00192,0.0011,0.0117,0.00154,0.000794,0.0,0.0,0.0
0.8,0.39869,0.48741,0.49123,0.0144,0.00264,0.00192,0.0011,0.0117,0.00154,0.000794,0.0,0.0,0.0
0.8,0.39859,0.48751,0.49133,0.0144,0.00264,0.00191,0.0011,0.0117,0.00154,0.000793,0.0,0.0,0.0
0.8,0.39849,0.48761,0.49143,0.0144,0.00264,0.00191,0.0011,0.0117,0.00154,0.000793,0.0,0.0,0.0
0.8,0.39839,0.48772,0.49153,0.0145,0.00264,0.00191,0.0011,0.0118,0.00154,0.000792,0.0,0.0,0.0
0.8,0.3983,0.48782,0.49163,0.0145,0.00264,0.00191,0.0011,0.0118,0.00154,0.000792,0.0,0.0,0.0
0.8,0.3982,0.48792,0.49173,0.0145,0.00264,0.00191,0.0011,0.0118,0.00154,0.000791,0.0,0.0,0.0
0.8,0.3981,0.48802,0.49183,0.0145,0.00264,0.0019,0.0011,0.0118,0.00155,0.000791,0.0,0.0,0.0
0.8,0.398,0.48812,0.49193,0.0145,0.00264,0.0019,0.0011,0.0118,0.00155,0.00079,0.0,0.0,0.0
0.8,0.3979,0.48822,0.49203,0.0145,0.00264,0.0019,0.0011,0.0118,0.00155,0.00079,0.0,0.0,0.0
0.8,0.3978,0.48832,0.49213,0.0145,0.00264,0.0019,0.0011,0.0118,0.00155,0.00079,0.0,0.0,0.0
0.8,0.39771,0.48842,0.49223,0.0145,0.00264,0.0019,0.00109,0.0118,0.00155,0.000789,0.0,0.0,0.0
0.8,0.39761,0.48852,0.49233,0.0145,0.00264,0.00189,0.00109,0.0118,0.00155,0.000789,0.0,0.0,0.0
0.8,0.39751,0.48862,0.49243,0.0145,0.00264,0.00189,0.00109,0.0118,0.00155,0.000788,0.0,0.0,0.0
0.8,0.39741,0.48873,0.49253,0.0145,0.00264,0.00189,0.00109,0.0119,0.00155,0.000788,0.0,0.0,0.0
0.8,0.39731,0.48883,0.49263,0.0145,0.00264,0.00189,0.00109,0.0119,0.00155,0.000787,0.0,0.0,0.0
0.8,0.39721,0.48893,0.49273,0.0146,0.00264,0.00189,0.00109,0.0119,0.00155,0.000787,0.0,0.0,0.0
0.8,0.39711,0.48903,0.49283,0.0146,0.00264,0.00189,0.00109,0.0119,0.00155,0.000786,0.0,0.0,0.0
0.8,0.39702,0.48913,0.49293,0.0146,0.00265,0.00188,0.00109,0.0119,0.00156,0.000786,0.0,0.0,0.0
0.8,0.39692,0.48923,0.49303,0.0146,0.00265,0.00188,0.00109,0.0119,0.00156,0.000786,0.0,0.0,0.0
0.8,0.39682,0.48933,0.49313,0.0146,0.00265,0.00188,0.00109,0.0119,0.00156,0.000785,0.0,0.0,0.0
0.8,0.39672,0.48943,0.49323,0.0146,0.00265,0.00188,0.00109,0.0119,0.00156,0.000785,0.0,0.0,0.0
0.8,0.39662,0.48953,0.49333,0.0146,0.00265,0.00188,0.00109,0.0119,0.00156,0.000784,0.0,0.0,0.0
0.8,0.39652,0.48963,0.49343,0.0146,0.00265,0.00187,0.00109,0.012,0.00156,0.000784,0.0,0.0,0.0
0.8,0.39642,0.48973,0.49353,0.0146,0.00265,0.00187,0.00109,0.012,0.00156,0.000783,0.0,0.0,0.0
0.8,0.39632,0.48984,0.49363,0.0146,0.00265,0.00187,0.00109,0.012,0.00156,0.000783,0.0,0.0,0.0
0.8,0.39623,0.48994,0.49373,0.0146,0.00265,0.00187,0.00108,0.012,0.00156,0.000782,0.0,0.0,0.0
0.8,0.39613,0.49004,0.49383,0.0146,0.00265,0.00187,0.00108,0.012,0.00157,0.000782,0.0,0.0,0.0
0.8,0.39603,0.49014,0.49393,0.0147,0.00265,0.00186,0.00108,0.012,0.00157,0.000782,0.0,0.0,0.0
0.8,0.39593,0.49024,0.49403,0.0147,0.00265,0.00186,0.00108,0.012,0.00157,0.000781,0.0,0.0,0.0
0.8,0.39583,0.49034,0.49413,0.0147,0.00265,0.00186,0.00108,0.012,0.00157,0.000781,0.0,0.0,0.0
0.8,0.39573,0.49044,0.49423,0.0147,0.00265,0.00186,0.00108,0.012,0.00157,0.00078,0.0,0.0,0.0
0.8,0.39563,0.49054,0.49433,0.0147,0.00265,0.00186,0.00108,0.012,0.00157,0.00078,0.0,0.0,0.0
0.8,0.39553,0.49064,0.49443,0.0147,0.00265,0.00186,0.00108,0.0121,0.00157,0.000779,0.0,0.0,0.0
0.8,0.39544,0.49074,0.49453,0.0147,0.00265,0.00185,0.00108,0.0121,0.00157,0.000779,0.0,0.0,0.0
0.8,0.39534,0.49085,0.49463,0.0147,0.00265,0.00185,0.00108,0.0121,0.00157,0.000779,0.0,0.0,0.0
0.8,0.39524,0.49095,0.49473,0.0147,0.00265,0.00185,0.00108,0.0121,0.00158,0.000778,0.0,0.0,0.0
0.8,0.39514,0.49105,0.49483,0.0147,0.00265,0.00185,0.00108,0.0121,0.00158,0.000778,0.0,0.0,0.0
0.8,0.39504,0.49115,0.49493,0.0147,0.00266,0.00185,0.00108,0.0121,0.00158,0.000777,0.0,0.0,0.0
0.8,0.39494,0.49125,0.49503,0.0147,0.00266,0.00184,0.00108,0.0121,0.00158,0.000777,0.0,0.0,0.0
0.8,0.39484,0.49135,0.49513,0.0147,0.00266,0.00184,0.00108,0.0121,0.00158,0.000776,0.0,0.0,0.0
0.8,0.39474,0.49145,0.49523,0.0148,0.00266,0.00184,0.00108,0.0121,0.00158,0.000776,0.0,0.0,0.0
0.8,0.39464,0.49155,0.49533,0.0148,0.00266,0.00184,0.00107,0.0121,0.00158,0.000776,0.0,0.0,0.0
0.8,0.39454,0.49165,0.49543,0.0148,0.00266,0.00184,0.00107,0.0122,0.00158,0.000775,0.0,0.0,0.0
0.8,0.39445,0.49175,0.49553,0.0148,0.00266,0.00184,0.00107,0.0122,0.00159,0.000775,0.0,0.0,0.0
0.8,0.39435,0.49185,0.49563,0.0148,0.00266,0.00183,0.00107,0.0122,0.00159,0.000774,0.0,0.0,0.0
0.8,0.39425,0.49196,0.49573,0.0148,0.00266,0.00183,0.00107,0.0122,0.00159,0.000774,0.0,0.0,0.0
0.8,0.39415,0.49206,0.49583,0.0148,0.00266,0.00183,0.00107,0.0122,0.00159,0.000774,0.0,0.0,0.0
0.8,0.39405,0.49216,0.49593,0.0148,0.00266,0.00183,0.00107,0.0122,0.00159,0.000773,0.0,0.0,0.0
0.8,0.39395,0.49226,0.49603,0.0148,0.00266,0.00183,0.00107,0.0122,0.00159,0.000773,0.0,0.0,0.0
0.8,0.39385,0.49236,0.49613,0.0148,0.00266,0.00182,0.00107,0.0122,0.00159,0.000772,0.0,0.0,0.0
0.8,0.39375,0.49246,0.49623,0.0148,0.00266,0.00182,0.00107,0.0122,0.00159,0.000772,0.0,0.0,0.0
0.8,0.39365,0.49256,0.49633,0.0148,0.00266,0.00182,0.00107,0.0122,0.0016,0.000772,0.0,0.0,0.0
0.8,0.39355,0.49266,0.49643,0.0148,0.00266,0.00182,0.00107,0.0123,0.0016,0.000771,0.0,0.0,0.0
0.8,0.39345,0.49276,0.49653,0.0148,0.00271,0.00182,0.00107,0.0123,0.00164,0.000771,0.0,0.0,0.0
0.8,0.39335,0.49286,0.49663,0.0149,0.00271,0.00182,0.00107,0.0123,0.00164,0.00077,0.0,0.0,0.0
0.8,0.39325,0.49297,0.49673,0.0149,0.00271,0.00181,0.00107,0.0123,0.00164,0.00077,0.0,0.0,0.0
0.8,0.39316,0.49307,0.49683,0.0149,0.00271,0.00181,0.00107,0.0123,0.00164,0.000769,0.0,0.0,0.0
0.8,0.39306,0.49317,0.49693,0.0149,0.00271,0.00181,0.00106,0.0123,0.00164,0.000769,0.0,0.0,0.0
0.8,0.39296,0.49327,0.49703,0.0149,0.00271,0.00181,0.00106,0.0123,0.00164,0.000769,0.0,0.0,0.0
0.8,0.39286,0.49337,0.49713,0.0149,0.00271,0.00181,0.00106,0.0123,0.00165,0.000768,0.0,0.0,0.0
0.8,0.39276,0.49347,0.49723,0.0149,0.00271,0.0018,0.00106,0.0123,0.00165,0.000768,0.0,0.0,0.0
0.8,0.39266,0.49357,0.49733,0.0149,0.00271,0.0018,0.00106,0.0123,0.00165,0.000767,0.0,0.0,0.0
0.8,0.39256,0.49367,0.49743,0.0149,0.00271,0.0018,0.00106,0.0124,0.00165,0.000767,0.0,0.0,0.0
0.8,0.39246,0.49377,0.49753,0.0149,0.00271,0.0018,0.00106,0.0124,0.00165,0.000767,0.0,0.0,0.0
0.8,0.39236,0.49387,0.49763,0.0149,0.00271,0.0018,0.00106,0.0124,0.00165,0.000766,0.0,0.0,0.0
0.8,0.39226,0.49397,0.49773,0.0149,0.00271,0.0018,0.00106,0.0124,0.00165,0.000766,0.0,0.0,0.0
0.8,0.39216,0.49408,0.49783,0.015,0.00271,0.00179,0.00106,0.0124,0.00165,0.000765,0.0,0.0,0.0
0.8,0.39206,0.49418,0.49793,0.015,0.00271,0.00179,0.00106,0.0124,0.00165,0.000765,0.0,0.0,0.0
0.8,0.39196,0.49428,0.49803,0.015,0.00271,0.00179,0.00106,0.0124,0.00165,0.000765,0.0,0.0,0.0
0.8,0.39186,0.49438,0.49813,0.015,0.00271,0.00179,0.00106,0.0124,0.00165,0.000764,0.0,0.0,0.0
0.8,0.39176,0.49448,0.49823,0.015,0.00271,0.00179,0.00106,0.0124,0.00166,0.000764,0.0,0.0,0.0
0.8,0.39166,0.49458,0.49833,0.015,0.00271,0.00178,0.00106,0.0124,0.00166,0.000763,0.0,0.0,0.0
0.8,0.39156,0.49468,0.49843,0.015,0.00271,0.00178,0.00106,0.0125,0.00166,0.000763,0.0,0.0,0.0
0.8,0.39146,0.49478,0.49853,0.015,0.00271,0.00178,0.00105,0.0125,0.00166,0.000763,0.0,0.0,0.0
0.8,0.39136,0.49488,0.49863,0.015,0.00271,0.00178,0.00105,0.0125,0.00166,0.000762,0.0,0.0,0.0
0.8,0.39126,0.49498,0.49873,0.015,0.00271,0.00178,0.00105,0.0125,0.00166,0.000762,0.0,0.0,0.0
0.8,0.39116,0.49509,0.49883,0.015,0.00271,0.00178,0.00105,0.0125,0.00166,0.000761,0.0,0.0,0.0
0.8,0.39106,0.49519,0.49893,0.015,0.00272,0.00177,0.00105,0.0125,0.00166,0.000761,0.0,0.0,0.0
0.8,0.39096,0.49529,0.49903,0.0151,0.00272,0.00177,0.00105,0.0125,0.00166,0.000761,0.0,0.0,0.0
0.8,0.39086,0.49539,0.49913,0.0151,0.00272,0.00177,0.00105,0.0125,0.00167,0.00076,0.0,0.0,0.0
0.8,0.39076,0.49549,0.49923,0.0151,0.00272,0.00177,0.00105,0.0125,0.00167,0.00076,0.0,0.0,0.0
0.8,0.39067,0.49559,0.49933,0.0151,0.00272,0.00177,0.00105,0.0125,0.00167,0.000759,0.0,0.0,0.0
0.8,0.39057,0.49569,0.49943,0.0151,0.00272,0.00177,0.00105,0.0126,0.00167,0.000759,0.0,0.0,0.0
0.8,0.39047,0.49579,0.49953,0.0151,0.00272,0.00176,0.00105,0.0126,0.00167,0.000759,0.0,0.0,0.0
0.8,0.39037,0.49589,0.49963,0.0151,0.00272,0.00176,0.00105,0.0126,0.00167,0.000758,0.0,0.0,0.0
0.8,0.39027,0.49599,0.49973,0.0151,0.00272,0.00176,0.00105,0.0126,0.00167,0.000758,0.0,0.0,0.0
0.8,0.39017,0.49609,0.49983,0.0151,0.00272,0.00176,0.00105,0.0126,0.00167,0.000758,0.0,0.0,0.0
0.8,0.39007,0.4962,0.49993,0.0151,0.00272,0.00176,0.00105,0.0126,0.00167,0.000757,0.0,0.0,0.0
0.8,0.38997,0.4963,0.50003,0.0151,0.00272,0.00175,0.00105,0.0126,0.00168,0.000757,0.0,0.0,0.0
0.8,0.38987,0.4964,0.50013,0.0151,0.00272,0.00175,0.00104,0.0126,0.00168,0.000756,0.0,0.0,0.0
0.8,0.38977,0.4965,0.50023,0.0151,0.00272,0.00175,0.00104,0.0126,0.00168,0.000756,0.0,0.0,0.0
0.8,0.38967,0.4966,0.50033,0.0152,0.00272,0.00175,0.00104,0.0127,0.00168,0.000756,0.0,0.0,0.0
0.8,0.38957,0.4967,0.50043,0.0152,0.00272,0.00175,0.00104,0.0127,0.00168,0.000755,0.0,0.0,0.0
0.8,0.38947,0.4968,0.50053,0.0152,0.00272,0.00175,0.00104,0.0127,0.00168,0.000755,0.0,0.0,0.0
0.8,0.38937,0.4969,0.50063,0.0152,0.00273,0.00174,0.00104,0.0127,0.00168,0.000754,0.0,0.0,0.0
0.8,0.38926,0.497,0.50073,0.0152,0.00273,0.00174,0.00104,0.0127,0.00168,0.000754,0.0,0.0,0.0
0.8,0.38916,0.4971,0.50083,0.0152,0.00273,0.00174,0.00104,0.0127,0.00169,0.000754,0.0,0.0,0.0
0.8,0.38906,0.49721,0.50093,0.0152,0.00273,0.00174,0.00104,0.0127,0.00169,0.000753,0.0,0.0,0.0
0.8,0.38896,0.49731,0.50103,0.0152,0.00273,0.00174,0.00104,0.0127,0.00169,0.000753,0.0,0.0,0.0
0.8,0.38886,0.49741,0.50113,0.0152,0.00273,0.00174,0.00104,0.0127,0.00169,0.000753,0.0,0.0,0.0
0.8,0.38876,0.49751,0.50123,0.0152,0.00273,0.00173,0.00104,0.0127,0.00169,0.000752,0.0,0.0,0.0
0.8,0.38866,0.49761,0.50133,0.0152,0.00273,0.00173,0.00104,0.0128,0.00169,0.000752,0.0,0.0,0.0
0.8,0.38856,0.49771,0.50143,0.0152,0.00273,0.00173,0.00104,0.0128,0.00169,0.000751,0.0,0.0,0.0
0.8,0.38846,0.49781,0.50153,0.0153,0.00273,0.00173,0.00104,0.0128,0.0017,0.000751,0.0,0.0,0.0
0.8,0.38836,0.49791,0.50163,0.0153,0.00273,0.00173,0.00104,0.0128,0.0017,0.000751,0.0,0.0,0.0
0.8,0.38826,0.49801,0.50173,0.0153,0.00273,0.00172,0.00104,0.0128,0.0017,0.00075,0.0,0.0,0.0
0.8,0.38816,0.49811,0.50183,0.0153,0.00273,0.00172,0.00103,0.0128,0.0017,0.00075,0.0,0.0,0.0
0.8,0.38806,0.49821,0.50193,0.0153,0.00273,0.00172,0.00103,0.0128,0.0017,0.000749,0.0,0.0,0.0
0.8,0.38796,0.49832,0.50203,0.0153,0.00278,0.00172,0.00103,0.0128,0.00175,0.000749,0.0,0.0,0.0
0.8,0.38786,0.49842,0.50213,0.0153,0.00278,0.00172,0.00103,0.0128,0.00175,0.000749,0.0,0.0,0.0
0.8,0.38776,0.49852,0.50223,0.0153,0.00278,0.00172,0.00103,0.0128,0.00175,0.000748,0.0,0.0,0.0
0.8,0.38766,0.49862,0.50233,0.0153,0.00278,0.00171,0.00103,0.0128,0.00175,0.000748,0.0,0.0,0.0
0.8,0.38756,0.49872,0.50243,0.0153,0.00278,0.00171,0.00103,0.0129,0.00175,0.000748,0.0,0.0,0.0
0.8,0.38746,0.49882,0.50253,0.0153,0.00278,0.00171,0.00103,0.0129,0.00175,0.000747,0.0,0.0,0.0
0.8,0.38736,0.49892,0.50263,0.0153,0.00278,0.00171,0.00103,0.0129,0.00175,0.000747,0.0,0.0,0.0
0.8,0.38726,0.49902,0.50273,0.0153,0.00278,0.00171,0.00103,0.0129,0.00175,0.000746,0.0,0.0,0.0
0.8,0.38716,0.49912,0.50283,0.0153,0.00278,0.00171,0.00103,0.0129,0.00175,0.000746,0.0,0.0,0.0
0.8,0.38706,0.49922,0.50293,0.0154,0.00278,0.0017,0.00103,0.0129,0.00175,0.000746,0.0,0.0,0.0
0.8,0.38696,0.49933,0.50303,0.0154,0.00278,0.0017,0.00103,0.0129,0.00175,0.000745,0.0,0.0,0.0
0.8,0.38686,0.49943,0.50313,0.0154,0.00278,0.0017,0.00103,0.0129,0.00175,0.000745,0.0,0.0,0.0
0.8,0.38676,0.49953,0.50323,0.0154,0.00278,0.0017,0.00103,0.0129,0.00175,0.000745,0.0,0.0,0.0
0.8,0.38665,0.49963,0.50333,0.0154,0.00278,0.0017,0.00103,0.0129,0.00176,0.000744,0.0,0.0,0.0
0.8,0.38655,0.49973,0.50343,0.0154,0.00278,0.0017,0.00102,0.013,0.00176,0.000744,0.0,0.0,0.0
0.8,0.38645,0.49983,0.50353,0.0154,0.00278,0.00169,0.00102,0.013,0.00176,0.000743,0.0,0.0,0.0
0.8,0.38635,0.49993,0.50363,0.0154,0.00278,0.00169,0.00102,0.013,0.00176,0.000743,0.0,0.0,0.0
0.8,0.38625,0.50003,0.50373,0.0154,0.00278,0.00169,0.00102,0.013,0.00176,0.000743,0.0,0.0,0.0
0.8,0.38615,0.50013,0.50383,0.0154,0.00278,0.00169,0.00102,0.013,0.00176,0.000742,0.0,0.0,0.0
0.8,0.38605,0.50023,0.50393,0.0154,0.00278,0.00169,0.00102,0.013,0.00176,0.000742,0.0,0.0,0.0
0.8,0.38595,0.50034,0.50403,0.0154,0.00278,0.00169,0.00102,0.013,0.00176,0.000742,0.0,0.0,0.0
0.8,0.38585,0.50044,0.50413,0.0155,0.00278,0.00168,0.00102,0.013,0.00176,0.000741,0.0,0.0,0.0
0.8,0.38575,0.50054,0.50423,0.0155,0.00279,0.00168,0.00102,0.013,0.00177,0.000741,0.0,0.0,0.0
0.8,0.38565,0.50064,0.50433,0.0155,0.00279,0.00168,0.00102,0.013,0.00177,0.000741,0.0,0.0,0.0
0.8,0.38555,0.50074,0.50443,0.0155,0.00279,0.00168,0.00102,0.0131,0.00177,0.00074,0.0,0.0,0.0
0.8,0.38544,0.50084,0.50453,0.0155,0.00279,0.00168,0.00102,0.0131,0.00177,0.00074,0.0,0.0,0.0
0.8,0.38534,0.50094,0.50463,0.0155,0.00279,0.00167,0.00102,0.0131,0.00177,0.000739,0.0,0.0,0.0
0.8,0.38524,0.50104,0.50473,0.0155,0.00279,0.00167,0.00102,0.0131,0.00177,0.000739,0.0,0.0,0.0
0.8,0.38514,0.50114,0.50483,0.0155,0.00279,0.00167,0.00102,0.0131,0.00177,0.000739,0.0,0.0,0.0
0.8,0.38504,0.50124,0.50493,0.0155,0.00279,0.00167,0.00102,0.0131,0.00177,0.000738,0.0,0.0,0.0
0.8,0.38494,0.50134,0.50503,0.0155,0.00279,0.00167,0.00102,0.0131,0.00177,0.000738,0.0,0.0,0.0
0.8,0.38484,0.50145,0.50513,0.0155,0.00279,0.00167,0.00101,0.0131,0.00178,0.000738,0.0,0.0,0.0
0.8,0.38474,0.50155,0.50523,0.0155,0.00279,0.00166,0.00101,0.0131,0.00178,0.000737,0.0,0.0,0.0
0.8,0.38464,0.50165,0.50533,0.0155,0.00279,0.00166,0.00101,0.0131,0.00178,0.000737,0.0,0.0,0.0
0.8,0.38454,0.50175,0.50543,0.0156,0.00279,0.00166,0.00101,0.0132,0.00178,0.000736,0.0,0.0,0.0
0.8,0.38443,0.50185,0.50553,0.0156,0.00279,0.00166,0.00101,0.0132,0.00178,0.000736,0.0,0.0,0.0
0.8,0.38433,0.50195,0.50563,0.0156,0.00279,0.00166,0.00101,0.0132,0.00178,0.000736,0.0,0.0,0.0
0.8,0.38423,0.50205,0.50573,0.0156,0.00279,0.00166,0.00101,0.0132,0.00178,0.000735,0.0,0.0,0.0
0.8,0.38413,0.50215,0.50583,0.0156,0.0028,0.00165,0.00101,0.0132,0.00178,0.000735,0.0,0.0,0.0
0.8,0.38403,0.50225,0.50593,0.0156,0.0028,0.00165,0.00101,0.0132,0.00179,0.000735,0.0,0.0,0.0
0.8,0.38393,0.50235,0.50603,0.0156,0.0028,0.00165,0.00101,0.0132,0.00179,0.000734,0.0,0.0,0.0
0.8,0.38383,0.50246,0.50613,0.0156,0.0028,0.00165,0.00101,0.0132,0.00179,0.000734,0.0,0.0,0.0
0.8,0.38373,0.50256,0.50623,0.0156,0.0028,0.00165,0.00101,0.0132,0.00179,0.000734,0.0,0.0,0.0
0.8,0.38363,0.50266,0.50633,0.0156,0.0028,0.00165,0.00101,0.0132,0.00179,0.000733,0.0,0.0,0.0
0.8,0.38352,0.50276,0.50643,0.0156,0.0028,0.00164,0.00101,0.0133,0.00179,0.000733,0.0,0.0,0.0
0.8,0.38342,0.50286,0.50653,0.0156,0.0028,0.00164,0.00101,0.0133,0.00179,0.000732,0.0,0.0,0.0
0.8,0.38332,0.50296,0.50663,0.0157,0.0028,0.00164,0.00101,0.0133,0.0018,0.000732,0.0,0.0,0.0
0.8,0.38322,0.50306,0.50673,0.0157,0.0028,0.00164,0.001,0.0133,0.0018,0.000732,0.0,0.0,0.0
0.8,0.38312,0.50316,0.50683,0.0157,0.0028,0.00164,0.001,0.0133,0.0018,0.000731,0.0,0.0,0.0
0.8,0.38302,0.50326,0.50693,0.0157,0.0028,0.00164,0.001,0.0133,0.0018,0.000731,0.0,0.0,0.0
0.8,0.38292,0.50336,0.50703,0.0157,0.0028,0.00163,0.001,0.0133,0.0018,0.000731,0.0,0.0,0.0
0.8,0.38281,0.50347,0.50713,0.0157,0.0028,0.00163,0.001,0.0133,0.0018,0.00073,0.0,0.0,0.0
0.8,0.38271,0.50357,0.50723,0.0157,0.00281,0.00163,0.001,0.0133,0.0018,0.00073,0.0,0.0,0.0
0.8,0.38261,0.50367,0.50733,0.0157,0.00281,0.00163,0.001,0.0133,0.00181,0.00073,0.0,0.0,0.0
0.8,0.38251,0.50377,0.50743,0.0157,0.00281,0.00163,0.001,0.0134,0.00181,0.000729,0.0,0.0,0.0
0.8,0.38241,0.50387,0.50753,0.0157,0.00285,0.00163,0.001,0.0134,0.00185,0.000729,0.0,0.0,0.0
0.8,0.38231,0.50397,0.50763,0.0157,0.00285,0.00162,0.001,0.0134,0.00185,0.000728,0.0,0.0,0.0
0.8,0.38221,0.50407,0.50773,0.0157,0.00285,0.00162,0.000999,0.0134,0.00185,0.000728,0.0,0.0,0.0
0.8,0.3821,0.50417,0.50783,0.0157,0.00285,0.00162,0.000998,0.0134,0.00185,0.000728,0.0,0.0,0.0
0.8,0.382,0.50427,0.50793,0.0157,0.00285,0.00162,0.000998,0.0134,0.00185,0.000727,0.0,0.0,0.0
0.8,0.3819,0.50437,0.50803,0.0158,0.00285,0.00162,0.000997,0.0134,0.00185,0.000727,0.0,0.0,0.0
0.8,0.3818,0.50447,0.50813,0.0158,0.00285,0.00162,0.000997,0.0134,0.00186,0.000727,0.0,0.0,0.0
0.8,0.3817,0.50458,0.50823,0.0158,0.00285,0.00161,0.000996,0.0134,0.00186,0.000726,0.0,0.0,0.0
0.8,0.3816,0.50468,0.50833,0.0158,0.00285,0.00161,0.000995,0.0134,0.00186,0.000726,0.0,0.0,0.0
0.8,0.38149,0.50478,0.50843,0.0158,0.00285,0.00161,0.000995,0.0134,0.00186,0.000726,0.0,0.0,0.0
0.8,0.38139,0.50488,0.50853,0.0158,0.00285,0.00161,0.000994,0.0135,0.00186,0.000725,0.0,0.0,0.0
0.8,0.38129,0.50498,0.50863,0.0158,0.00285,0.00161,0.000994,0.0135,0.00186,0.000725,0.0,0.0,0.0
0.8,0.38119,0.50508,0.50873,0.0158,0.00285,0.00161,0.000993,0.0135,0.00186,0.000725,0.0,0.0,0.0
0.8,0.38109,0.50518,0.50883,0.0158,0.00285,0.0016,0.000992,0.0135,0.00186,0.000724,0.0,0.0,0.0
0.8,0.38099,0.50528,0.50893,0.0158,0.00285,0.0016,0.000992,0.0135,0.00186,0.000724,0.0,0.0,0.0
0.8,0.38088,0.50538,0.50903,0.0158,0.00286,0.0016,0.000991,0.0135,0.00186,0.000723,0.0,0.0,0.0
0.8,0.38078,0.50548,0.50913,0.0158,0.00286,0.0016,0.000991,0.0135,0.00187,0.000723,0.0,0.0,0.0
0.8,0.38068,0.50559,0.50923,0.0159,0.00286,0.0016,0.00099,0.0135,0.00187,0.000723,0.0,0.0,0.0
0.8,0.38058,0.50569,0.50933,0.0159,0.00286,0.0016,0.000989,0.0135,0.00187,0.000722,0.0,0.0,0.0
0.8,0.38048,0.50579,0.50943,0.0159,0.00286,0.00159,0.000989,0.0136,0.00187,0.000722,0.0,0.0,0.0
0.8,0.38037,0.50589,0.50953,0.0159,0.00286,0.00159,0.000988,0.0136,0.00187,0.000722,0.0,0.0,0.0
0.8,0.38027,0.50599,0.50963,0.0159,0.00286,0.00159,0.000988,0.0136,0.00187,0.000721,0.0,0.0,0.0
0.8,0.38017,0.50609,0.50973,0.0159,0.00286,0.00159,0.000987,0.0136,0.00187,0.000721,0.0,0.0,0.0
0.8,0.38007,0.50619,0.50983,0.0159,0.00286,0.00159,0.000987,0.0136,0.00187,0.000721,0.0,0.0,0.0
0.8,0.37997,0.50629,0.50993,0.0159,0.00286,0.00159,0.000986,0.0136,0.00187,0.00072,0.0,0.0,0.0
0.8,0.37986,0.50639,0.51003,0.0159,0.00286,0.00158,0.000985,0.0136,0.00188,0.00072,0.0,0.0,0.0
0.8,0.37976,0.50649,0.51013,0.0159,0.00286,0.00158,0.000985,0.0136,0.00188,0.00072,0.0,0.0,0.0
0.8,0.37966,0.5066,0.51023,0.0159,0.00286,0.00158,0.000984,0.0136,0.00188,0.000719,0.0,0.0,0.0
0.8,0.37956,0.5067,0.51033,0.0159,0.00286,0.00158,0.000984,0.0136,0.00188,0.000719,0.0,0.0,0.0
0.8,0.37946,0.5068,0.51043,0.0159,0.00286,0.00158,0.000983,0.0137,0.00188,0.000718,0.0,0.0,0.0
0.8,0.37935,0.5069,0.51053,0.016,0.00286,0.00158,0.000982,0.0137,0.00188,0.000718,0.0,0.0,0.0
0.8,0.37925,0.507,0.51063,0.016,0.00287,0.00157,0.000982,0.0137,0.00188,0.000718,0.0,0.0,0.0
0.8,0.37915,0.5071,0.51073,0.016,0.00287,0.00157,0.000981,0.0137,0.00188,0.000717,0.0,0.0,0.0
0.8,0.37905,0.5072,0.51083,0.016,0.00287,0.00157,0.000981,0.0137,0.00189,0.000717,0.0,0.0,0.0
0.8,0.37895,0.5073,0.51093,0.016,0.00287,0.00157,0.00098,0.0137,0.00189,0.000717,0.0,0.0,0.0
0.8,0.37884,0.5074,0.51103,0.016,0.00287,0.00157,0.00098,0.0137,0.00189,0.000716,0.0,0.0,0.0
0.8,0.37874,0.5075,0.51113,0.016,0.00287,0.00157,0.000979,0.0137,0.00189,0.000716,0.0,0.0,0.0
0.8,0.37864,0.50761,0.51123,0.016,0.00287,0.00156,0.000978,0.0137,0.00189,0.000716,0.0,0.0,0.0
0.8,0.37854,0.50771,0.51133,0.016,0.00287,0.00156,0.000978,0.0137,0.00189,0.000715,0.0,0.0,0.0
0.8,0.37843,0.50781,0.51143,0.016,0.00287,0.00156,0.000977,0.0137,0.00189,0.000715,0.0,0.0,0.0
0.8,0.37833,0.50791,0.51153,0.016,0.00287,0.00156,0.000977,0.0138,0.0019,0.000715,0.0,0.0,0.0
0.8,0.37823,0.50801,0.51163,0.016,0.00287,0.00156,0.000976,0.0138,0.0019,0.000714,0.0,0.0,0.0
0.8,0.37813,0.50811,0.51173,0.016,0.00287,0.00156,0.000975,0.0138,0.0019,0.000714,0.0,0.0,0.0
0.8,0.37803,0.50821,0.51183,0.0161,0.00287,0.00155,0.000975,0.0138,0.0019,0.000714,0.0,0.0,0.0
0.8,0.37792,0.50831,0.51193,0.0161,0.00287,0.00155,0.000974,0.0138,0.0019,0.000713,0.0,0.0,0.0
0.8,0.37782,0.50841,0.51203,0.0161,0.00288,0.00155,0.000974,0.0138,0.0019,0.000713,0.0,0.0,0.0
0.8,0.37772,0.50851,0.51213,0.0161,0.00288,0.00155,0.000973,0.0138,0.0019,0.000712,0.0,0.0,0.0
0.8,0.37762,0.50861,0.51223,0.0161,0.00288,0.00155,0.000973,0.0138,0.0019,0.000712,0.0,0.0,0.0
0.8,0.37751,0.50872,0.51233,0.0161,0.00288,0.00155,0.000972,0.0138,0.00191,0.000712,0.0,0.0,0.0
0.8,0.37741,0.50882,0.51243,0.0161,0.00288,0.00155,0.000971,0.0138,0.00191,0.000711,0.0,0.0,0.0
0.8,0.37731,0.50892,0.51253,0.0161,0.00288,0.00154,0.000971,0.0139,0.00191,0.000711,0.0,0.0,0.0
0.8,0.37721,0.50902,0.51263,0.0161,0.00288,0.00154,0.00097,0.0139,0.00191,0.000711,0.0,0.0,0.0
0.8,0.3771,0.50912,0.51273,0.0161,0.00288,0.00154,0.00097,0.0139,0.00191,0.00071,0.0,0.0,0.0
0.8,0.377,0.50922,0.51283,0.0161,0.00288,0.00154,0.000969,0.0139,0.00191,0.00071,0.0,0.0,0.0
0.8,0.3769,0.50932,0.51293,0.0161,0.00288,0.00154,0.000968,0.0139,0.00191,0.00071,0.0,0.0,0.0
0.8,0.3768,0.50942,0.51303,0.0161,0.00293,0.00154,0.000968,0.0139,0.00196,0.000709,0.0,0.0,0.0
0.8,0.37669,0.50952,0.51313,0.0161,0.00293,0.00153,0.000967,0.0139,0.00196,0.000709,0.0,0.0,0.0
0.8,0.37659,0.50962,0.51323,0.0162,0.00293,0.00153,0.000967,0.0139,0.00196,0.000709,0.0,0.0,0.0
0.8,0.37649,0.50973,0.51333,0.0162,0.00293,0.00153,0.000966,0.0139,0.00196,0.000708,0.0,0.0,0.0
0.8,0.37638,0.50983,0.51343,0.0162,0.00293,0.00153,0.000966,0.0139,0.00196,0.000708,0.0,0.0,0.0
0.8,0.37628,0.50993,0.51353,0.0162,0.00293,0.00153,0.000965,0.0139,0.00196,0.000707,0.0,0.0,0.0
0.8,0.37618,0.51003,0.51363,0.0162,0.00293,0.00153,0.000964,0.014,0.00196,0.000707,0.0,0.0,0.0
0.8,0.37608,0.51013,0.51373,0.0162,0.00293,0.00152,0.000964,0.014,0.00196,0.000707,0.0,0.0,0.0
0.8,0.37597,0.51023,0.51383,0.0162,0.00293,0.00152,0.000963,0.014,0.00197,0.000706,0.0,0.0,0.0
0.8,0.37587,0.51033,0.51393,0.0162,0.00293,0.00152,0.000963,0.014,0.00197,0.000706,0.0,0.0,0.0
0.8,0.37577,0.51043,0.51403,0.0162,0.00293,0.00152,0.000962,0.014,0.00197,0.000706,0.0,0.0,0.0
0.8,0.37567,0.51053,0.51413,0.0162,0.00293,0.00152,0.000962,0.014,0.00197,0.000705,0.0,0.0,0.0
0.8,0.37556,0.51063,0.51423,0.0162,0.00293,0.00152,0.000961,0.014,0.00197,0.000705,0.0,0.0,0.0
0.8,0.37546,0.51074,0.51433,0.0162,0.00293,0.00151,0.00096,0.014,0.00197,0.000705,0.0,0.0,0.0
0.8,0.37536,0.51084,0.51443,0.0163,0.00293,0.00151,0.00096,0.014,0.00197,0.000704,0.0,0.0,0.0
0.8,0.37525,0.51094,0.51453,0.0163,0.00293,0.00151,0.000959,0.014,0.00197,0.000704,0.0,0.0,0.0
0.8,0.37515,0.51104,0.51463,0.0163,0.00293,0.00151,0.000959,0.0141,0.00197,0.000704,0.0,0.0,0.0
0.8,0.37505,0.51114,0.51473,0.0163,0.00293,0.00151,0.000958,0.0141,0.00197,0.000703,0.0,0.0,0.0
0.8,0.37495,0.51124,0.51483,0.0163,0.00293,0.00151,0.000957,0.0141,0.00198,0.000703,0.0,0.0,0.0
0.8,0.37484,0.51134,0.51493,0.0163,0.00293,0.00151,0.000957,0.0141,0.00198,0.000703,0.0,0.0,0.0
0.8,0.37474,0.51144,0.51503,0.0163,0.00293,0.0015,0.000956,0.0141,0.00198,0.000702,0.0,0.0,0.0
0.8,0.37464,0.51154,0.51513,0.0163,0.00294,0.0015,0.000956,0.0141,0.00198,0.000702,0.0,0.0,0.0
0.8,0.37453,0.51164,0.51523,0.0163,0.00294,0.0015,0.000955,0.0141,0.00198,0.000701,0.0,0.0,0.0
0.8,0.37443,0.51175,0.51533,0.0163,0.00294,0.0015,0.000955,0.0141,0.00198,0.000701,0.0,0.0,0.0
0.8,0.37433,0.51185,0.51543,0.0163,0.00294,0.0015,0.000954,0.0141,0.00198,0.000701,0.0,0.0,0.0
0.8,0.37422,0.51195,0.51553,0.0163,0.00294,0.0015,0.000953,0.0141,0.00198,0.0007,0.0,0.0,0.0
0.8,0.37412,0.51205,0.51563,0.0163,0.00294,0.00149,0.000953,0.0142,0.00199,0.0007,0.0,0.0,0.0
0.8,0.37402,0.51215,0.51573,0.0164,0.00294,0.00149,0.000952,0.0142,0.00199,0.0007,0.0,0.0,0.0
0.8,0.37391,0.51225,0.51583,0.0164,0.00294,0.00149,0.000952,0.0142,0.00199,0.000699,0.0,0.0,0.0
0.8,0.37381,0.51235,0.51593,0.0164,0.00294,0.00149,0.000951,0.0142,0.00199,0.000699,0.0,0.0,0.0
0.8,0.37371,0.51245,0.51603,0.0164,0.00294,0.00149,0.000951,0.0142,0.00199,0.000699,0.0,0.0,0.0
0.8,0.37361,0.51255,0.51613,0.0164,0.00294,0.00149,0.00095,0.0142,0.00199,0.000698,0.0,0.0,0.0
0.8,0.3735,0.51265,0.51623,0.0164,0.00294,0.00148,0.000949,0.0142,0.00199,0.000698,0.0,0.0,0.0
0.8,0.3734,0.51276,0.51633,0.0164,0.00294,0.00148,0.000949,0.0142,0.002,0.000698,0.0,0.0,0.0
0.8,0.3733,0.51286,0.51643,0.0164,0.00294,0.00148,0.000948,0.0142,0.002,0.000697,0.0,0.0,0.0
0.8,0.37319,0.51296,0.51653,0.0164,0.00295,0.00148,0.000948,0.0142,0.002,0.000697,0.0,0.0,0.0
0.8,0.37309,0.51306,0.51663,0.0164,0.00295,0.00148,0.000947,0.0143,0.002,0.000696,0.0,0.0,0.0
0.8,0.37299,0.51316,0.51673,0.0164,0.00295,0.00148,0.000947,0.0143,0.002,0.000696,0.0,0.0,0.0
0.8,0.37288,0.51326,0.51683,0.0164,0.00295,0.00148,0.000946,0.0143,0.002,0.000696,0.0,0.0,0.0
0.8,0.37278,0.51336,0.51693,0.0164,0.00295,0.00147,0.000945,0.0143,0.002,0.000695,0.0,0.0,0.0
0.8,0.37268,0.51346,0.51703,0.0165,0.00295,0.00147,0.000945,0.0143,0.002,0.000695,0.0,0.0,0.0
0.8,0.37257,0.51356,0.51713,0.0165,0.00295,0.00147,0.000944,0.0143,0.00201,0.000695,0.0,0.0,0.0
0.8,0.37247,0.51366,0.51723,0.0165,0.00295,0.00147,0.000944,0.0143,0.00201,0.000694,0.0,0.0,0.0
0.8,0.37236,0.51377,0.51733,0.0165,0.00295,0.00147,0.000943,0.0143,0.00201,0.000694,0.0,0.0,0.0
0.8,0.37226,0.51387,0.51743,0.0165,0.00295,0.00147,0.000943,0.0143,0.00201,0.000694,0.0,0.0,0.0
0.8,0.37216,0.51397,0.51753,0.0165,0.00295,0.00146,0.000942,0.0143,0.00201,0.000693,0.0,0.0,0.0
0.8,0.37205,0.51407,0.51763,0.0165,0.00295,0.00146,0.000942,0.0143,0.00201,0.000693,0.0,0.0,0.0
0.8,0.37195,0.51417,0.51773,0.0165,0.00296,0.00146,0.000941,0.0144,0.00201,0.000693,0.0,0.0,0.0
0.8,0.37185,0.51427,0.51783,0.0165,0.00296,0.00146,0.00094,0.0144,0.00202,0.000692,0.0,0.0,0.0
0.8,0.37174,0.51437,0.51793,0.0165,0.00296,0.00146,0.00094,0.0144,0.00202,0.000692,0.0,0.0,0.0
0.8,0.37164,0.51447,0.51803,0.0165,0.00296,0.00146,0.000939,0.0144,0.00202,0.000691,0.0,0.0,0.0
0.8,0.37154,0.51457,0.51813,0.0165,0.00296,0.00146,0.000939,0.0144,0.00202,0.000691,0.0,0.0,0.0
0.8,0.37143,0.51467,0.51823,0.0165,0.00296,0.00145,0.000938,0.0144,0.00202,0.000691,0.0,0.0,0.0
0.8,0.37133,0.51478,0.51833,0.0166,0.00296,0.00145,0.000938,0.0144,0.00202,0.00069,0.0,0.0,0.0
0.8,0.37123,0.51488,0.51843,0.0165,0.003,0.00145,0.000937,0.0144,0.00207,0.00069,0.0,0.0,0.0
0.8,0.37112,0.51498,0.51853,0.0166,0.003,0.00145,0.000936,0.0144,0.00207,0.00069,0.0,0.0,0.0
0.8,0.37102,0.51508,0.51863,0.0166,0.003,0.00145,0.000936,0.0144,0.00207,0.000689,0.0,0.0,0.0
0.8,0.37091,0.51518,0.51873,0.0166,0.00301,0.00145,0.000935,0.0144,0.00207,0.000689,0.0,0.0,0.0
0.8,0.37081,0.51528,0.51883,0.0166,0.00301,0.00144,0.000935,0.0144,0.00207,0.000689,0.0,0.0,0.0
0.8,0.37071,0.51538,0.51893,0.0166,0.00301,0.00144,0.000934,0.0145,0.00207,0.000688,0.0,0.0,0.0
0.8,0.3706,0.51548,0.51903,0.0166,0.00301,0.00144,0.000934,0.0145,0.00207,0.000688,0.0,0.0,0.0
0.8,0.3705,0.51558,0.51913,0.0166,0.00301,0.00144,0.000933,0.0145,0.00207,0.000688,0.0,0.0,0.0
0.8,0.3704,0.51568,0.51923,0.0166,0.00301,0.00144,0.000932,0.0145,0.00207,0.000687,0.0,0.0,0.0
0.8,0.37029,0.51579,0.51933,0.0166,0.00301,0.00144,0.000932,0.0145,0.00208,0.000687,0.0,0.0,0.0
0.8,0.37019,0.51589,0.51943,0.0166,0.00301,0.00144,0.000931,0.0145,0.00208,0.000686,0.0,0.0,0.0
0.8,0.37008,0.51599,0.51953,0.0166,0.00301,0.00143,0.000931,0.0145,0.00208,0.000686,0.0,0.0,0.0
0.8,0.36998,0.51609,0.51963,0.0166,0.00301,0.00143,0.00093,0.0145,0.00208,0.000686,0.0,0.0,0.0
0.8,0.36988,0.51619,0.51973,0.0167,0.00301,0.00143,0.00093,0.0145,0.00208,0.000685,0.0,0.0,0.0
0.8,0.36977,0.51629,0.51983,0.0167,0.00301,0.00143,0.000929,0.0145,0.00208,0.000685,0.0,0.0,0.0
0.8,0.36967,0.51639,0.51993,0.0167,0.00301,0.00143,0.000929,0.0146,0.00208,0.000685,0.0,0.0,0.0
0.8,0.36956,0.51649,0.52003,0.0167,0.00301,0.00143,0.000928,0.0146,0.00208,0.000684,0.0,0.0,0.0
0.8,0.36946,0.51659,0.52013,0.0167,0.00301,0.00142,0.000927,0.0146,0.00208,0.000684,0.0,0.0,0.0
0.8,0.36936,0.51669,0.52023,0.0167,0.00301,0.00142,0.000927,0.0146,0.00209,0.000684,0.0,0.0,0.0
0.8,0.36925,0.5168,0.52033,0.0167,0.00301,0.00142,0.000926,0.0146,0.00209,0.000683,0.0,0.0,0.0
0.8,0.36915,0.5169,0.52043,0.0167,0.00301,0.00142,0.000926,0.0146,0.00209,0.000683,0.0,0.0,0.0
0.8,0.36904,0.517,0.52053,0.0167,0.00301,0.00142,0.000925,0.0146,0.00209,0.000682,0.0,0.0,0.0
0.8,0.36894,0.5171,0.52063,0.0167,0.00301,0.00142,0.000925,0.0146,0.00209,0.000682,0.0,0.0,0.0
0.8,0.36884,0.5172,0.52073,0.0167,0.00302,0.00142,0.000924,0.0146,0.00209,0.000682,0.0,0.0,0.0
0.8,0.36873,0.5173,0.52083,0.0167,0.00302,0.00141,0.000923,0.0146,0.00209,0.000681,0.0,0.0,0.0
0.8,0.36863,0.5174,0.52093,0.0167,0.00302,0.00141,0.000923,0.0147,0.00209,0.000681,0.0,0.0,0.0
0.8,0.36852,0.5175,0.52103,0.0168,0.00302,0.00141,0.000922,0.0147,0.0021,0.000681,0.0,0.0,0.0
0.8,0.36842,0.5176,0.52113,0.0168,0.00302,0.00141,0.000922,0.0147,0.0021,0.00068,0.0,0.0,0.0
0.8,0.36831,0.5177,0.52123,0.0168,0.00302,0.00141,0.000921,0.0147,0.0021,0.00068,0.0,0.0,0.0
0.8,0.36821,0.51781,0.52133,0.0168,0.00302,0.00141,0.000921,0.0147,0.0021,0.00068,0.0,0.0,0.0
0.8,0.36811,0.51791,0.52143,0.0168,0.00302,0.0014,0.00092,0.0147,0.0021,0.000679,0.0,0.0,0.0
0.8,0.368,0.51801,0.52153,0.0168,0.00302,0.0014,0.00092,0.0147,0.0021,0.000679,0.0,0.0,0.0
0.8,0.3679,0.51811,0.52163,0.0168,0.00302,0.0014,0.000919,0.0147,0.0021,0.000679,0.0,0.0,0.0
0.8,0.36779,0.51821,0.52173,0.0168,0.00302,0.0014,0.000918,0.0147,0.0021,0.000678,0.0,0.0,0.0
0.8,0.36769,0.51831,0.52183,0.0168,0.00302,0.0014,0.000918,0.0147,0.00211,0.000678,0.0,0.0,0.0
0.8,0.36758,0.51841,0.52193,0.0168,0.00303,0.0014,0.000917,0.0147,0.00211,0.000677,0.0,0.0,0.0
0.8,0.36748,0.51851,0.52203,0.0168,0.00303,0.0014,0.000917,0.0148,0.00211,0.000677,0.0,0.0,0.0
0.8,0.36738,0.51861,0.52213,0.0168,0.00303,0.00139,0.000916,0.0148,0.00211,0.000677,0.0,0.0,0.0
0.8,0.36727,0.51871,0.52223,0.0168,0.00303,0.00139,0.000916,0.0148,0.00211,0.000676,0.0,0.0,0.0
0.8,0.36717,0.51882,0.52233,0.0169,0.00303,0.00139,0.000915,0.0148,0.00211,0.000676,0.0,0.0,0.0
0.8,0.36706,0.51892,0.52243,0.0169,0.00303,0.00139,0.000915,0.0148,0.00211,0.000676,0.0,0.0,0.0
0.8,0.36696,0.51902,0.52253,0.0169,0.00303,0.00139,0.000914,0.0148,0.00212,0.000675,0.0,0.0,0.0
0.8,0.36685,0.51912,0.52263,0.0169,0.00303,0.00139,0.000913,0.0148,0.00212,0.000675,0.0,0.0,0.0
0.8,0.36675,0.51922,0.52273,0.0169,0.00303,0.00139,0.000913,0.0148,0.00212,0.000674,0.0,0.0,0.0
0.8,0.36664,0.51932,0.52283,0.0169,0.00303,0.00138,0.000912,0.0148,0.00212,0.000674,0.0,0.0,0.0
0.8,0.36654,0.51942,0.52293,0.0169,0.00303,0.00138,0.000912,0.0148,0.00212,0.000674,0.0,0.0,0.0
0.8,0.36643,0.51952,0.52303,0.0169,0.00303,0.00138,0.000911,0.0149,0.00212,0.000673,0.0,0.0,0.0
0.8,0.36633,0.51962,0.52313,0.0169,0.00304,0.00138,0.000911,0.0149,0.00213,0.000673,0.0,0.0,0.0
0.8,0.36623,0.51972,0.52323,0.0169,0.00304,0.00138,0.00091,0.0149,0.00213,0.000673,0.0,0.0,0.0
0.8,0.36612,0.51983,0.52333,0.0169,0.00304,0.00138,0.00091,0.0149,0.00213,0.000672,0.0,0.0,0.0
0.8,0.36602,0.51993,0.52343,0.0169,0.00304,0.00137,0.000909,0.0149,0.00213,0.000672,0.0,0.0,0.0
0.8,0.36591,0.52003,0.52353,0.0169,0.00304,0.00137,0.000908,0.0149,0.00213,0.000672,0.0,0.0,0.0
0.8,0.36581,0.52013,0.52363,0.0169,0.00304,0.00137,0.000908,0.0149,0.00213,0.000671,0.0,0.0,0.0
0.8,0.3657,0.52023,0.52373,0.017,0.00304,0.00137,0.000907,0.0149,0.00213,0.000671,0.0,0.0,0.0
0.8,0.3656,0.52033,0.52383,0.017,0.00304,0.00137,0.000907,0.0149,0.00214,0.00067,0.0,0.0,0.0
0.8,0.36549,0.52043,0.52393,0.017,0.00309,0.00137,0.000906,0.0149,0.00218,0.00067,0.0,0.0,0.0
0.8,0.36539,0.52053,0.52403,0.017,0.00309,0.00137,0.000906,0.0149,0.00218,0.00067,0.0,0.0,0.0
0.8,0.36528,0.52063,0.52413,0.017,0.00309,0.00136,0.000905,0.0149,0.00218,0.000669,0.0,0.0,0.0
0.8,0.36518,0.52073,0.52423,0.017,0.00309,0.00136,0.000905,0.015,0.00218,0.000669,0.0,0.0,0.0
0.8,0.36507,0.52084,0.52433,0.017,0.00309,0.00136,0.000904,0.015,0.00218,0.000669,0.0,0.0,0.0
0.8,0.36497,0.52094,0.52443,0.017,0.00309,0.00136,0.000904,0.015,0.00218,0.000668,0.0,0.0,0.0
0.8,0.36486,0.52104,0.52453,0.017,0.00309,0.00136,0.000903,0.015,0.00218,0.000668,0.0,0.0,0.0
0.8,0.36476,0.52114,0.52463,0.017,0.00309,0.00136,0.000902,0.015,0.00218,0.000668,0.0,0.0,0.0
0.8,0.36465,0.52124,0.52473,0.017,0.00309,0.00136,0.000902,0.015,0.00219,0.000667,0.0,0.0,0.0
0.8,0.36455,0.52134,0.52483,0.017,0.00309,0.00135,0.000901,0.015,0.00219,0.000667,0.0,0.0,0.0
0.8,0.36444,0.52144,0.52493,0.017,0.00309,0.00135,0.000901,0.015,0.00219,0.000666,0.0,0.0,0.0
0.8,0.36434,0.52154,0.52503,0.017,0.00309,0.00135,0.0009,0.015,0.00219,0.000666,0.0,0.0,0.0
0.8,0.36423,0.52164,0.52513,0.0171,0.00309,0.00135,0.0009,0.015,0.00219,0.000666,0.0,0.0,0.0
0.8,0.36413,0.52174,0.52523,0.0171,0.00309,0.00135,0.000899,0.015,0.00219,0.000665,0.0,0.0,0.0
0.8,0.36402,0.52185,0.52533,0.0171,0.00309,0.00135,0.000899,0.0151,0.00219,0.000665,0.0,0.0,0.0
0.8,0.36392,0.52195,0.52543,0.0171,0.00309,0.00135,0.000898,0.0151,0.00219,0.000665,0.0,0.0,0.0
0.8,0.36381,0.52205,0.52553,0.0171,0.00309,0.00134,0.000897,0.0151,0.00219,0.000664,0.0,0.0,0.0
0.8,0.36371,0.52215,0.52563,0.0171,0.00309,0.00134,0.000897,0.0151,0.0022,0.000664,0.0,0.0,0.0
0.8,0.3636,0.52225,0.52573,0.0171,0.00309,0.00134,0.000896,0.0151,0.0022,0.000663,0.0,0.0,0.0
0.8,0.3635,0.52235,0.52583,0.0171,0.00309,0.00134,0.000896,0.0151,0.0022,0.000663,0.0,0.0,0.0
0.8,0.36339,0.52245,0.52593,0.0171,0.0031,0.00134,0.000895,0.0151,0.0022,0.000663,0.0,0.0,0.0
0.8,0.36329,0.52255,0.52603,0.0171,0.0031,0.00134,0.000895,0.0151,0.0022,0.000662,0.0,0.0,0.0
0.8,0.36318,0.52265,0.52613,0.0171,0.0031,0.00133,0.000894,0.0151,0.0022,0.000662,0.0,0.0,0.0
0.8,0.36308,0.52275,0.52623,0.0171,0.0031,0.00133,0.000894,0.0151,0.0022,0.000662,0.0,0.0,0.0
0.8,0.36297,0.52286,0.52633,0.0171,0.0031,0.00133,0.000893,0.0151,0.00221,0.000661,0.0,0.0,0.0
0.8,0.36287,0.52296,0.52643,0.0171,0.0031,0.00133,0.000893,0.0152,0.00221,0.000661,0.0,0.0,0.0
0.8,0.36276,0.52306,0.52653,0.0172,0.0031,0.00133,0.000892,0.0152,0.00221,0.00066,0.0,0.0,0.0
0.8,0.36266,0.52316,0.52663,0.0172,0.0031,0.00133,0.000891,0.0152,0.00221,0.00066,0.0,0.0,0.0
0.8,0.36255,0.52326,0.52673,0.0172,0.0031,0.00133,0.000891,0.0152,0.00221,0.00066,0.0,0.0,0.0
0.8,0.36245,0.52336,0.52683,0.0172,0.0031,0.00132,0.00089,0.0152,0.00221,0.000659,0.0,0.0,0.0
0.8,0.36234,0.52346,0.52693,0.0172,0.0031,0.00132,0.00089,0.0152,0.00221,0.000659,0.0,0.0,0.0
0.8,0.36223,0.52356,0.52703,0.0172,0.0031,0.00132,0.000889,0.0152,0.00221,0.000659,0.0,0.0,0.0
0.8,0.36213,0.52366,0.52713,0.0172,0.0031,0.00132,0.000889,0.0152,0.00222,0.000658,0.0,0.0,0.0
0.8,0.36202,0.52376,0.52723,0.0172,0.00311,0.00132,0.000888,0.0152,0.00222,0.000658,0.0,0.0,0.0
0.8,0.36192,0.52387,0.52733,0.0172,0.00311,0.00132,0.000888,0.0152,0.00222,0.000657,0.0,0.0,0.0
0.8,0.36181,0.52397,0.52743,0.0172,0.00311,0.00132,0.000887,0.0152,0.00222,0.000657,0.0,0.0,0.0
0.8,0.36171,0.52407,0.52753,0.0172,0.00311,0.00131,0.000887,0.0153,0.00222,0.000657,0.0,0.0,0.0
0.8,0.3616,0.52417,0.52763,0.0172,0.00311,0.00131,0.000886,0.0153,0.00222,0.000656,0.0,0.0,0.0
0.8,0.3615,0.52427,0.52773,0.0172,0.00311,0.00131,0.000885,0.0153,0.00222,0.000656,0.0,0.0,0.0
0.8,0.36139,0.52437,0.52783,0.0173,0.00311,0.00131,0.000885,0.0153,0.00223,0.000656,0.0,0.0,0.0
0.8,0.36129,0.52447,0.52793,0.0173,0.00311,0.00131,0.000884,0.0153,0.00223,0.000655,0.0,0.0,0.0
0.8,0.36118,0.52457,0.52803,0.0173,0.00311,0.00131,0.000884,0.0153,0.00223,0.000655,0.0,0.0,0.0
0.8,0.36107,0.52467,0.52813,0.0173,0.00311,0.00131,0.000883,0.0153,0.00223,0.000654,0.0,0.0,0.0
0.8,0.36097,0.52477,0.52823,0.0173,0.00312,0.0013,0.000883,0.0153,0.00223,0.000654,0.0,0.0,0.0
0.8,0.36086,0.52488,0.52833,0.0173,0.00312,0.0013,0.000882,0.0153,0.00223,0.000654,0.0,0.0,0.0
0.8,0.36076,0.52498,0.52843,0.0173,0.00312,0.0013,0.000882,0.0153,0.00224,0.000653,0.0,0.0,0.0
0.8,0.36065,0.52508,0.52853,0.0173,0.00312,0.0013,0.000881,0.0153,0.00224,0.000653,0.0,0.0,0.0
0.8,0.36055,0.52518,0.52863,0.0173,0.00312,0.0013,0.000881,0.0154,0.00224,0.000652,0.0,0.0,0.0
0.8,0.36044,0.52528,0.52873,0.0173,0.00312,0.0013,0.00088,0.0154,0.00224,0.000652,0.0,0.0,0.0
0.8,0.36033,0.52538,0.52883,0.0173,0.00312,0.0013,0.00088,0.0154,0.00224,0.000652,0.0,0.0,0.0
0.8,0.36023,0.52548,0.52893,0.0173,0.00312,0.00129,0.000879,0.0154,0.00224,0.000651,0.0,0.0,0.0
0.8,0.36012,0.52558,0.52903,0.0173,0.00312,0.00129,0.000878,0.0154,0.00224,0.000651,0.0,0.0,0.0
0.8,0.36002,0.52568,0.52913,0.0173,0.00312,0.00129,0.000878,0.0154,0.00225,0.000651,0.0,0.0,0.0
0.8,0.35991,0.52578,0.52923,0.0174,0.00313,0.00129,0.000877,0.0154,0.00225,0.00065,0.0,0.0,0.0
0.8,0.3598,0.52589,0.52933,0.0173,0.00317,0.00129,0.000877,0.0154,0.00229,0.00065,0.0,0.0,0.0
0.8,0.3597,0.52599,0.52943,0.0174,0.00317,0.00129,0.000876,0.0154,0.00229,0.000649,0.0,0.0,0.0
0.8,0.35959,0.52609,0.52953,0.0174,0.00317,0.00129,0.000876,0.0154,0.00229,0.000649,0.0,0.0,0.0
0.8,0.35949,0.52619,0.52963,0.0174,0.00317,0.00128,0.000875,0.0154,0.00229,0.000649,0.0,0.0,0.0
0.8,0.35938,0.52629,0.52973,0.0174,0.00317,0.00128,0.000875,0.0154,0.00229,0.000648,0.0,0.0,0.0
0.8,0.35928,0.52639,0.52983,0.0174,0.00317,0.00128,0.000874,0.0155,0.00229,0.000648,0.0,0.0,0.0
0.8,0.35917,0.52649,0.52993,0.0174,0.00317,0.00128,0.000874,0.0155,0.0023,0.000647,0.0,0.0,0.0
0.8,0.35906,0.52659,0.53003,0.0174,0.00317,0.00128,0.000873,0.0155,0.0023,0.000647,0.0,0.0,0.0
0.8,0.35896,0.52669,0.53013,0.0174,0.00317,0.00128,0.000873,0.0155,0.0023,0.000647,0.0,0.0,0.0
0.8,0.35885,0.52679,0.53023,0.0174,0.00317,0.00128,0.000872,0.0155,0.0023,0.000646,0.0,0.0,0.0
0.8,0.35875,0.5269,0.53033,0.0174,0.00317,0.00127,0.000871,0.0155,0.0023,0.000646,0.0,0.0,0.0
0.8,0.35864,0.527,0.53043,0.0174,0.00317,0.00127,0.000871,0.0155,0.0023,0.000646,0.0,0.0,0.0
0.8,0.35853,0.5271,0.53053,0.0174,0.00317,0.00127,0.00087,0.0155,0.0023,0.000645,0.0,0.0,0.0
0.8,0.35843,0.5272,0.53063,0.0174,0.00317,0.00127,0.00087,0.0155,0.0023,0.000645,0.0,0.0,0.0
0.8,0.35832,0.5273,0.53073,0.0175,0.00317,0.00127,0.000869,0.0155,0.0023,0.000644,0.0,0.0,0.0
0.8,0.35821,0.5274,0.53083,0.0175,0.00317,0.00127,0.000869,0.0155,0.00231,0.000644,0.0,0.0,0.0
0.8,0.35811,0.5275,0.53093,0.0175,0.00318,0.00127,0.000868,0.0156,0.00231,0.000644,0.0,0.0,0.0
0.8,0.358,0.5276,0.53103,0.0175,0.00318,0.00126,0.000868,0.0156,0.00231,0.000643,0.0,0.0,0.0
0.8,0.3579,0.5277,0.53113,0.0175,0.00318,0.00126,0.000867,0.0156,0.00231,0.000643,0.0,0.0,0.0
0.8,0.35779,0.52781,0.53123,0.0175,0.00318,0.00126,0.000867,0.0156,0.00231,0.000642,0.0,0.0,0.0
0.8,0.35768,0.52791,0.53133,0.0175,0.00318,0.00126,0.000866,0.0156,0.00231,0.000642,0.0,0.0,0.0
0.8,0.35758,0.52801,0.53143,0.0175,0.00318,0.00126,0.000866,0.0156,0.00231,0.000642,0.0,0.0,0.0
0.8,0.35747,0.52811,0.53153,0.0175,0.00318,0.00126,0.000865,0.0156,0.00231,0.000641,0.0,0.0,0.0
0.8,0.35736,0.52821,0.53163,0.0175,0.00318,0.00126,0.000864,0.0156,0.00232,0.000641,0.0,0.0,0.0
0.8,0.35726,0.52831,0.53173,0.0175,0.00318,0.00125,0.000864,0.0156,0.00232,0.00064,0.0,0.0,0.0
0.8,0.35715,0.52841,0.53183,0.0175,0.00318,0.00125,0.000863,0.0156,0.00232,0.00064,0.0,0.0,0.0
0.8,0.35705,0.52851,0.53193,0.0175,0.00318,0.00125,0.000863,0.0156,0.00232,0.00064,0.0,0.0,0.0
0.8,0.35694,0.52861,0.53203,0.0175,0.00318,0.00125,0.000862,0.0157,0.00232,0.000639,0.0,0.0,0.0
0.8,0.35683,0.52871,0.53213,0.0176,0.00318,0.00125,0.000862,0.0157,0.00232,0.000639,0.0,0.0,0.0
0.8,0.35673,0.52882,0.53223,0.0176,0.00319,0.00125,0.000861,0.0157,0.00232,0.000639,0.0,0.0,0.0
0.8,0.35662,0.52892,0.53233,0.0176,0.00319,0.00125,0.000861,0.0157,0.00233,0.000638,0.0,0.0,0.0
0.8,0.35651,0.52902,0.53243,0.0176,0.00319,0.00125,0.00086,0.0157,0.00233,0.000638,0.0,0.0,0.0
0.8,0.35641,0.52912,0.53253,0.0176,0.00319,0.00124,0.00086,0.0157,0.00233,0.000637,0.0,0.0,0.0
0.8,0.3563,0.52922,0.53263,0.0176,0.00319,0.00124,0.000859,0.0157,0.00233,0.000637,0.0,0.0,0.0
0.8,0.35619,0.52932,0.53273,0.0176,0.00319,0.00124,0.000859,0.0157,0.00233,0.000637,0.0,0.0,0.0
0.8,0.35609,0.52942,0.53283,0.0176,0.00319,0.00124,0.000858,0.0157,0.00233,0.000636,0.0,0.0,0.0
0.8,0.35598,0.52952,0.53293,0.0176,0.00319,0.00124,0.000858,0.0157,0.00233,0.000636,0.0,0.0,0.0
0.8,0.35587,0.52962,0.53303,0.0176,0.00319,0.00124,0.000857,0.0157,0.00234,0.000635,0.0,0.0,0.0
0.8,0.35577,0.52972,0.53313,0.0176,0.00319,0.00124,0.000856,0.0158,0.00234,0.000635,0.0,0.0,0.0
0.8,0.35566,0.52983,0.53323,0.0176,0.0032,0.00123,0.000856,0.0158,0.00234,0.000635,0.0,0.0,0.0
0.8,0.35555,0.52993,0.53333,0.0176,0.0032,0.00123,0.000855,0.0158,0.00234,0.000634,0.0,0.0,0.0
0.8,0.35545,0.53003,0.53343,0.0176,0.0032,0.00123,0.000855,0.0158,0.00234,0.000634,0.0,0.0,0.0
0.8,0.35534,0.53013,0.53353,0.0176,0.0032,0.00123,0.000854,0.0158,0.00234,0.000633,0.0,0.0,0.0
0.8,0.35523,0.53023,0.53363,0.0177,0.0032,0.00123,0.000854,0.0158,0.00235,0.000633,0.0,0.0,0.0
0.8,0.35513,0.53033,0.53373,0.0177,0.0032,0.00123,0.000853,0.0158,0.00235,0.000633,0.0,0.0,0.0
0.8,0.35502,0.53043,0.53383,0.0177,0.0032,0.00123,0.000853,0.0158,0.00235,0.000632,0.0,0.0,0.0
0.8,0.35491,0.53053,0.53393,0.0177,0.0032,0.00122,0.000852,0.0158,0.00235,0.000632,0.0,0.0,0.0
0.8,0.35481,0.53063,0.53403,0.0177,0.0032,0.00122,0.000852,0.0158,0.00235,0.000631,0.0,0.0,0.0
0.8,0.3547,0.53073,0.53413,0.0177,0.0032,0.00122,0.000851,0.0158,0.00235,0.000631,0.0,0.0,0.0
0.8,0.35459,0.53084,0.53423,0.0177,0.00321,0.00122,0.000851,0.0158,0.00235,0.000631,0.0,0.0,0.0
0.8,0.35449,0.53094,0.53433,0.0177,0.00321,0.00122,0.00085,0.0159,0.00236,0.00063,0.0,0.0,0.0
0.8,0.35438,0.53104,0.53443,0.0177,0.00321,0.00122,0.00085,0.0159,0.00236,0.00063,0.0,0.0,0.0
0.8,0.35427,0.53114,0.53453,0.0177,0.00321,0.00122,0.000849,0.0159,0.00236,0.000629,0.0,0.0,0.0
0.8,0.35417,0.53124,0.53463,0.0177,0.00325,0.00121,0.000849,0.0159,0.0024,0.000629,0.0,0.0,0.0
0.8,0.35406,0.53134,0.53473,0.0177,0.00325,0.00121,0.000848,0.0159,0.0024,0.000629,0.0,0.0,0.0
0.8,0.35395,0.53144,0.53483,0.0177,0.00325,0.00121,0.000847,0.0159,0.0024,0.000628,0.0,0.0,0.0
0.8,0.35385,0.53154,0.53493,0.0177,0.00325,0.00121,0.000847,0.0159,0.0024,0.000628,0.0,0.0,0.0
0.8,0.35374,0.53164,0.53503,0.0177,0.00325,0.00121,0.000846,0.0159,0.00241,0.000627,0.0,0.0,0.0
0.8,0.35363,0.53174,0.53513,0.0177,0.00325,0.00121,0.000846,0.0159,0.00241,0.000627,0.0,0.0,0.0
0.8,0.35352,0.53185,0.53523,0.0178,0.00325,0.00121,0.000845,0.0159,0.00241,0.000627,0.0,0.0,0.0
0.8,0.35342,0.53195,0.53533,0.0178,0.00325,0.00121,0.000845,0.0159,0.00241,0.000626,0.0,0.0,0.0
0.8,0.35331,0.53205,0.53543,0.0178,0.00325,0.0012,0.000844,0.0159,0.00241,0.000626,0.0,0.0,0.0
0.8,0.3532,0.53215,0.53553,0.0178,0.00325,0.0012,0.000844,0.0159,0.00241,0.000625,0.0,0.0,0.0
0.8,0.3531,0.53225,0.53563,0.0178,0.00325,0.0012,0.000843,0.016,0.00241,0.000625,0.0,0.0,0.0
0.8,0.35299,0.53235,0.53573,0.0178,0.00326,0.0012,0.000843,0.016,0.00241,0.000625,0.0,0.0,0.0
0.8,0.35288,0.53245,0.53583,0.0178,0.00326,0.0012,0.000842,0.016,0.00241,0.000624,0.0,0.0,0.0
0.8,0.35277,0.53255,0.53593,0.0178,0.00326,0.0012,0.000842,0.016,0.00242,0.000624,0.0,0.0,0.0
0.8,0.35267,0.53265,0.53603,0.0178,0.00326,0.0012,0.000841,0.016,0.00242,0.000623,0.0,0.0,0.0
0.8,0.35256,0.53276,0.53613,0.0178,0.00326,0.00119,0.000841,0.016,0.00242,0.000623,0.0,0.0,0.0
0.8,0.35245,0.53286,0.53623,0.0178,0.00326,0.00119,0.00084,0.016,0.00242,0.000623,0.0,0.0,0.0
0.8,0.35235,0.53296,0.53633,0.0178,0.00326,0.00119,0.00084,0.016,0.00242,0.000622,0.0,0.0,0.0
0.8,0.35224,0.53306,0.53643,0.0178,0.00326,0.00119,0.000839,0.016,0.00242,0.000622,0.0,0.0,0.0
0.8,0.35213,0.53316,0.53653,0.0178,0.00326,0.00119,0.000839,0.016,0.00242,0.000621,0.0,0.0,0.0
0.8,0.35202,0.53326,0.53663,0.0179,0.00326,0.00119,0.000838,0.016,0.00242,0.000621,0.0,0.0,0.0
0.8,0.35192,0.53336,0.53673,0.0179,0.00326,0.00119,0.000838,0.0161,0.00243,0.00062,0.0,0.0,0.0
0.8,0.35181,0.53346,0.53683,0.0179,0.00326,0.00118,0.000837,0.0161,0.00243,0.00062,0.0,0.0,0.0
0.8,0.3517,0.53356,0.53693,0.0179,0.00326,0.00118,0.000836,0.0161,0.00243,0.00062,0.0,0.0,0.0
0.8,0.35159,0.53366,0.53703,0.0179,0.00327,0.00118,0.000836,0.0161,0.00243,0.000619,0.0,0.0,0.0
0.8,0.35149,0.53377,0.53713,0.0179,0.00327,0.00118,0.000835,0.0161,0.00243,0.000619,0.0,0.0,0.0
0.8,0.35138,0.53387,0.53723,0.0179,0.00327,0.00118,0.000835,0.0161,0.00243,0.000618,0.0,0.0,0.0
0.8,0.35127,0.53397,0.53733,0.0179,0.00327,0.00118,0.000834,0.0161,0.00243,0.000618,0.0,0.0,0.0
0.8,0.35116,0.53407,0.53743,0.0179,0.00327,0.00118,0.000834,0.0161,0.00244,0.000618,0.0,0.0,0.0
0.8,0.35106,0.53417,0.53753,0.0179,0.00327,0.00118,0.000833,0.0161,0.00244,0.000617,0.0,0.0,0.0
0.8,0.35095,0.53427,0.53763,0.0179,0.00327,0.00117,0.000833,0.0161,0.00244,0.000617,0.0,0.0,0.0
0.8,0.35084,0.53437,0.53773,0.0179,0.00327,0.00117,0.000832,0.0161,0.00244,0.000616,0.0,0.0,0.0
0.8,0.35073,0.53447,0.53783,0.0179,0.00327,0.00117,0.000832,0.0161,0.00244,0.000616,0.0,0.0,0.0
0.8,0.35063,0.53457,0.53793,0.0179,0.00327,0.00117,0.000831,0.0162,0.00244,0.000616,0.0,0.0,0.0
0.8,0.35052,0.53467,0.53803,0.0179,0.00328,0.00117,0.000831,0.0162,0.00244,0.000615,0.0,0.0,0.0
0.8,0.35041,0.53478,0.53813,0.018,0.00328,0.00117,0.00083,0.0162,0.00245,0.000615,0.0,0.0,0.0
0.8,0.3503,0.53488,0.53823,0.018,0.00328,0.00117,0.00083,0.0162,0.00245,0.000614,0.0,0.0,0.0
0.8,0.3502,0.53498,0.53833,0.018,0.00328,0.00116,0.000829,0.0162,0.00245,0.000614,0.0,0.0,0.0
0.8,0.35009,0.53508,0.53843,0.018,0.00328,0.00116,0.000829,0.0162,0.00245,0.000613,0.0,0.0,0.0
0.8,0.34998,0.53518,0.53853,0.018,0.00328,0.00116,0.000828,0.0162,0.00245,0.000613,0.0,0.0,0.0
0.8,0.34987,0.53528,0.53863,0.018,0.00328,0.00116,0.000828,0.0162,0.00245,0.000613,0.0,0.0,0.0
0.8,0.34977,0.53538,0.53873,0.018,0.00328,0.00116,0.000827,0.0162,0.00246,0.000612,0.0,0.0,0.0
0.8,0.34966,0.53548,0.53883,0.018,0.00328,0.00116,0.000827,0.0162,0.00246,0.000612,0.0,0.0,0.0
0.8,0.34955,0.53558,0.53893,0.018,0.00328,0.00116,0.000826,0.0162,0.00246,0.000611,0.0,0.0,0.0
0.8,0.34944,0.53569,0.53903,0.018,0.00329,0.00116,0.000826,0.0162,0.00246,0.000611,0.0,0.0,0.0
0.8,0.34933,0.53579,0.53913,0.018,0.00329,0.00115,0.000825,0.0163,0.00246,0.000611,0.0,0.0,0.0
0.8,0.34923,0.53589,0.53923,0.018,0.00329,0.00115,0.000825,0.0163,0.00246,0.00061,0.0,0.0,0.0
0.8,0.34912,0.53599,0.53933,0.018,0.00329,0.00115,0.000824,0.0163,0.00246,0.00061,0.0,0.0,0.0
0.8,0.34901,0.53609,0.53943,0.018,0.00329,0.00115,0.000823,0.0163,0.00247,0.000609,0.0,0.0,0.0
0.8,0.3489,0.53619,0.53953,0.018,0.00329,0.00115,0.000823,0.0163,0.00247,0.000609,0.0,0.0,0.0
0.8,0.34879,0.53629,0.53963,0.0181,0.00329,0.00115,0.000822,0.0163,0.00247,0.000609,0.0,0.0,0.0
0.8,0.34869,0.53639,0.53973,0.0181,0.00329,0.00115,0.000822,0.0163,0.00247,0.000608,0.0,0.0,0.0
0.8,0.34858,0.53649,0.53983,0.0181,0.00329,0.00114,0.000821,0.0163,0.00247,0.000608,0.0,0.0,0.0
0.8,0.34847,0.53659,0.53993,0.0181,0.0033,0.00114,0.000821,0.0163,0.00247,0.000607,0.0,0.0,0.0
0.8,0.34836,0.5367,0.54003,0.0181,0.00334,0.00114,0.00082,0.0163,0.00252,0.000607,0.0,0.0,0.0
0.8,0.34825,0.5368,0.54013,0.0181,0.00334,0.00114,0.00082,0.0163,0.00252,0.000606,0.0,0.0,0.0
0.8,0.34815,0.5369,0.54023,0.0181,0.00334,0.00114,0.000819,0.0163,0.00252,0.000606,0.0,0.0,0.0
0.8,0.34804,0.537,0.54033,0.0181,0.00334,0.00114,0.000819,0.0163,0.00252,0.000606,0.0,0.0,0.0
0.8,0.34793,0.5371,0.54043,0.0181,0.00334,0.00114,0.000818,0.0164,0.00252,0.000605,0.0,0.0,0.0
0.8,0.34782,0.5372,0.54053,0.0181,0.00334,0.00114,0.000818,0.0164,0.00252,0.000605,0.0,0.0,0.0
0.8,0.34771,0.5373,0.54063,0.0181,0.00334,0.00113,0.000817,0.0164,0.00252,0.000604,0.0,0.0,0.0
0.8,0.34761,0.5374,0.54073,0.0181,0.00334,0.00113,0.000817,0.0164,0.00252,0.000604,0.0,0.0,0.0
0.8,0.3475,0.5375,0.54083,0.0181,0.00334,0.00113,0.000816,0.0164,0.00252,0.000603,0.0,0.0,0.0
0.8,0.34739,0.5376,0.54093,0.0181,0.00334,0.00113,0.000816,0.0164,0.00252,0.000603,0.0,0.0,0.0
0.8,0.34728,0.53771,0.54103,0.0181,0.00334,0.00113,0.000815,0.0164,0.00253,0.000603,0.0,0.0,0.0
0.8,0.34717,0.53781,0.54113,0.0181,0.00334,0.00113,0.000815,0.0164,0.00253,0.000602,0.0,0.0,0.0
0.8,0.34707,0.53791,0.54123,0.0181,0.00334,0.00113,0.000814,0.0164,0.00253,0.000602,0.0,0.0,0.0
0.8,0.34696,0.53801,0.54133,0.0182,0.00334,0.00113,0.000814,0.0164,0.00253,0.000601,0.0,0.0,0.0
0.8,0.34685,0.53811,0.54143,0.0182,0.00334,0.00112,0.000813,0.0164,0.00253,0.000601,0.0,0.0,0.0
0.8,0.34674,0.53821,0.54153,0.0182,0.00334,0.00112,0.000813,0.0164,0.00253,0.0006,0.0,0.0,0.0
0.8,0.34663,0.53831,0.54163,0.0182,0.00335,0.00112,0.000812,0.0165,0.00253,0.0006,0.0,0.0,0.0
0.8,0.34652,0.53841,0.54173,0.0182,0.00335,0.00112,0.000812,0.0165,0.00253,0.0006,0.0,0.0,0.0
0.8,0.34642,0.53851,0.54183,0.0182,0.00335,0.00112,0.000811,0.0165,0.00254,0.000599,0.0,0.0,0.0
0.8,0.34631,0.53862,0.54193,0.0182,0.00335,0.00112,0.000811,0.0165,0.00254,0.000599,0.0,0.0,0.0
0.8,0.3462,0.53872,0.54203,0.0182,0.00335,0.00112,0.00081,0.0165,0.00254,0.000598,0.0,0.0,0.0
0.8,0.34609,0.53882,0.54213,0.0182,0.00335,0.00111,0.00081,0.0165,0.00254,0.000598,0.0,0.0,0.0
0.8,0.34598,0.53892,0.54223,0.0182,0.00335,0.00111,0.000809,0.0165,0.00254,0.000598,0.0,0.0,0.0
0.8,0.34587,0.53902,0.54233,0.0182,0.00335,0.00111,0.000809,0.0165,0.00254,0.000597,0.0,0.0,0.0
0.8,0.34576,0.53912,0.54243,0.0182,0.00335,0.00111,0.000808,0.0165,0.00254,0.000597,0.0,0.0,0.0
0.8,0.34566,0.53922,0.54253,0.0182,0.00335,0.00111,0.000808,0.0165,0.00255,0.000596,0.0,0.0,0.0
0.8,0.34555,0.53932,0.54263,0.0182,0.00335,0.00111,0.000807,0.0165,0.00255,0.000596,0.0,0.0,0.0
0.8,0.34544,0.53942,0.54273,0.0182,0.00336,0.00111,0.000807,0.0165,0.00255,0.000595,0.0,0.0,0.0
0.8,0.34533,0.53952,0.54283,0.0183,0.00336,0.00111,0.000806,0.0166,0.00255,0.000595,0.0,0.0,0.0
0.8,0.34522,0.53963,0.54293,0.0183,0.00336,0.0011,0.000805,0.0166,0.00255,0.000595,0.0,0.0,0.0
0.8,0.34511,0.53973,0.54303,0.0183,0.00336,0.0011,0.000805,0.0166,0.00255,0.000594,0.0,0.0,0.0
0.8,0.345,0.53983,0.54313,0.0183,0.00336,0.0011,0.000804,0.0166,0.00256,0.000594,0.0,0.0,0.0
0.8,0.3449,0.53993,0.54323,0.0183,0.00336,0.0011,0.000804,0.0166,0.00256,0.000593,0.0,0.0,0.0
0.8,0.34479,0.54003,0.54333,0.0183,0.00336,0.0011,0.000803,0.0166,0.00256,0.000593,0.0,0.0,0.0
0.8,0.34468,0.54013,0.54343,0.0183,0.00336,0.0011,0.000803,0.0166,0.00256,0.000592,0.0,0.0,0.0
0.8,0.34457,0.54023,0.54353,0.0183,0.00336,0.0011,0.000802,0.0166,0.00256,0.000592,0.0,0.0,0.0
0.8,0.34446,0.54033,0.54363,0.0183,0.00336,0.0011,0.000802,0.0166,0.00256,0.000591,0.0,0.0,0.0
0.8,0.34435,0.54043,0.54373,0.0183,0.00337,0.00109,0.000801,0.0166,0.00256,0.000591,0.0,0.0,0.0
0.8,0.34424,0.54053,0.54383,0.0183,0.00337,0.00109,0.000801,0.0166,0.00257,0.000591,0.0,0.0,0.0
0.8,0.34414,0.54064,0.54393,0.0183,0.00337,0.00109,0.0008,0.0166,0.00257,0.00059,0.0,0.0,0.0
0.8,0.34403,0.54074,0.54403,0.0183,0.00337,0.00109,0.0008,0.0166,0.00257,0.00059,0.0,0.0,0.0
0.8,0.34392,0.54084,0.54413,0.0183,0.00337,0.00109,0.000799,0.0167,0.00257,0.000589,0.0,0.0,0.0
0.8,0.34381,0.54094,0.54423,0.0183,0.00337,0.00109,0.000799,0.0167,0.00257,0.000589,0.0,0.0,0.0
0.8,0.3437,0.54104,0.54433,0.0183,0.00337,0.00109,0.000798,0.0167,0.00257,0.000588,0.0,0.0,0.0
0.8,0.34359,0.54114,0.54443,0.0184,0.00337,0.00109,0.000798,0.0167,0.00258,0.000588,0.0,0.0,0.0
0.8,0.34348,0.54124,0.54453,0.0184,0.00337,0.00108,0.000797,0.0167,0.00258,0.000588,0.0,0.0,0.0
0.8,0.34337,0.54134,0.54463,0.0184,0.00338,0.00108,0.000797,0.0167,0.00258,0.000587,0.0,0.0,0.0
0.8,0.34326,0.54144,0.54473,0.0184,0.00338,0.00108,0.000796,0.0167,0.00258,0.000587,0.0,0.0,0.0
0.8,0.34316,0.54155,0.54483,0.0184,0.00338,0.00108,0.000796,0.0167,0.00258,0.000586,0.0,0.0,0.0
0.8,0.34305,0.54165,0.54493,0.0184,0.00338,0.00108,0.000795,0.0167,0.00258,0.000586,0.0,0.0,0.0
0.8,0.34294,0.54175,0.54503,0.0184,0.00338,0.00108,0.000795,0.0167,0.00259,0.000585,0.0,0.0,0.0
0.8,0.34283,0.54185,0.54513,0.0184,0.00338,0.00108,0.000794,0.0167,0.00259,0.000585,0.0,0.0,0.0
0.8,0.34272,0.54195,0.54523,0.0184,0.00338,0.00108,0.000794,0.0167,0.00259,0.000585,0.0,0.0,0.0
0.8,0.34261,0.54205,0.54533,0.0184,0.00338,0.00107,0.000793,0.0168,0.00259,0.000584,0.0,0.0,0.0
0.8,0.3425,0.54215,0.54543,0.0184,0.00342,0.00107,0.000793,0.0167,0.00263,0.000584,0.0,0.0,0.0
0.8,0.34239,0.54225,0.54553,0.0184,0.00342,0.00107,0.000792,0.0168,0.00263,0.000583,0.0,0.0,0.0
0.8,0.34228,0.54235,0.54563,0.0184,0.00342,0.00107,0.000792,0.0168,0.00263,0.000583,0.0,0.0,0.0
0.8,0.34217,0.54245,0.54573,0.0184,0.00342,0.00107,0.000791,0.0168,0.00263,0.000582,0.0,0.0,0.0
0.8,0.34206,0.54256,0.54583,0.0184,0.00342,0.00107,0.000791,0.0168,0.00263,0.000582,0.0,0.0,0.0
0.8,0.34196,0.54266,0.54593,0.0184,0.00343,0.00107,0.00079,0.0168,0.00263,0.000581,0.0,0.0,0.0
0.8,0.34185,0.54276,0.54603,0.0184,0.00343,0.00107,0.00079,0.0168,0.00264,0.000581,0.0,0.0,0.0
0.8,0.34174,0.54286,0.54613,0.0184,0.00343,0.00106,0.000789,0.0168,0.00264,0.000581,0.0,0.0,0.0
0.8,0.34163,0.54296,0.54623,0.0185,0.00343,0.00106,0.000789,0.0168,0.00264,0.00058,0.0,0.0,0.0
0.8,0.34152,0.54306,0.54633,0.0185,0.00343,0.00106,0.000788,0.0168,0.00264,0.00058,0.0,0.0,0.0
0.8,0.34141,0.54316,0.54643,0.0185,0.00343,0.00106,0.000788,0.0168,0.00264,0.000579,0.0,0.0,0.0
0.8,0.3413,0.54326,0.54653,0.0185,0.00343,0.00106,0.000787,0.0168,0.00264,0.000579,0.0,0.0,0.0
0.8,0.34119,0.54336,0.54663,0.0185,0.00343,0.00106,0.000787,0.0168,0.00264,0.000578,0.0,0.0,0.0
0.8,0.34108,0.54347,0.54673,0.0185,0.00343,0.00106,0.000786,0.0169,0.00264,0.000578,0.0,0.0,0.0
0.8,0.34097,0.54357,0.54683,0.0185,0.00343,0.00106,0.000786,0.0169,0.00265,0.000577,0.0,0.0,0.0
0.8,0.34086,0.54367,0.54693,0.0185,0.00343,0.00105,0.000785,0.0169,0.00265,0.000577,0.0,0.0,0.0
0.8,0.34075,0.54377,0.54703,0.0185,0.00343,0.00105,0.000785,0.0169,0.00265,0.000577,0.0,0.0,0.0
0.8,0.34064,0.54387,0.54713,0.0185,0.00343,0.00105,0.000784,0.0169,0.00265,0.000576,0.0,0.0,0.0
0.8,0.34053,0.54397,0.54723,0.0185,0.00344,0.00105,0.000784,0.0169,0.00265,0.000576,0.0,0.0,0.0
0.8,0.34042,0.54407,0.54733,0.0185,0.00344,0.00105,0.000783,0.0169,0.00265,0.000575,0.0,0.0,0.0
0.8,0.34032,0.54417,0.54743,0.0185,0.00344,0.00105,0.000783,0.0169,0.00265,0.000575,0.0,0.0,0.0
0.8,0.34021,0.54427,0.54753,0.0185,0.00344,0.00105,0.000782,0.0169,0.00266,0.000574,0.0,0.0,0.0
0.8,0.3401,0.54437,0.54763,0.0185,0.00344,0.00105,0.000782,0.0169,0.00266,0.000574,0.0,0.0,0.0
0.8,0.33999,0.54448,0.54773,0.0185,0.00344,0.00104,0.000781,0.0169,0.00266,0.000574,0.0,0.0,0.0
0.8,0.33988,0.54458,0.54783,0.0186,0.00344,0.00104,0.000781,0.0169,0.00266,0.000573,0.0,0.0,0.0
0.8,0.33977,0.54468,0.54793,0.0186,0.00344,0.00104,0.00078,0.0169,0.00266,0.000573,0.0,0.0,0.0
0.8,0.33966,0.54478,0.54803,0.0186,0.00344,0.00104,0.00078,0.017,0.00266,0.000572,0.0,0.0,0.0
0.8,0.33955,0.54488,0.54813,0.0186,0.00344,0.00104,0.000779,0.017,0.00266,0.000572,0.0,0.0,0.0
0.8,0.33944,0.54498,0.54823,0.0186,0.00345,0.00104,0.000779,0.017,0.00267,0.000571,0.0,0.0,0.0
0.8,0.33933,0.54508,0.54833,0.0186,0.00345,0.00104,0.000778,0.017,0.00267,0.000571,0.0,0.0,0.0
0.8,0.33922,0.54518,0.54843,0.0186,0.00345,0.00104,0.000778,0.017,0.00267,0.00057,0.0,0.0,0.0
0.8,0.33911,0.54528,0.54853,0.0186,0.00345,0.00103,0.000777,0.017,0.00267,0.00057,0.0,0.0,0.0
0.8,0.339,0.54539,0.54863,0.0186,0.00345,0.00103,0.000777,0.017,0.00267,0.000569,0.0,0.0,0.0
0.8,0.33889,0.54549,0.54873,0.0186,0.00345,0.00103,0.000776,0.017,0.00267,0.000569,0.0,0.0,0.0
0.8,0.33878,0.54559,0.54883,0.0186,0.00345,0.00103,0.000776,0.017,0.00268,0.000569,0.0,0.0,0.0
0.8,0.33867,0.54569,0.54893,0.0186,0.00345,0.00103,0.000775,0.017,0.00268,0.000568,0.0,0.0,0.0
0.8,0.33856,0.54579,0.54903,0.0186,0.00345,0.00103,0.000775,0.017,0.00268,0.000568,0.0,0.0,0.0
0.8,0.33845,0.54589,0.54913,0.0186,0.00346,0.00103,0.000774,0.017,0.00268,0.000567,0.0,0.0,0.0
0.8,0.33834,0.54599,0.54923,0.0186,0.00346,0.00103,0.000774,0.017,0.00268,0.000567,0.0,0.0,0.0
0.8,0.33823,0.54609,0.54933,0.0186,0.00346,0.00102,0.000773,0.0171,0.00268,0.000566,0.0,0.0,0.0
0.8,0.33812,0.54619,0.54943,0.0186,0.00346,0.00102,0.000773,0.0171,0.00269,0.000566,0.0,0.0,0.0
0.8,0.33801,0.54629,0.54953,0.0187,0.00346,0.00102,0.000772,0.0171,0.00269,0.000565,0.0,0.0,0.0
0.8,0.3379,0.5464,0.54963,0.0187,0.00346,0.00102,0.000772,0.0171,0.00269,0.000565,0.0,0.0,0.0
0.8,0.33779,0.5465,0.54973,0.0187,0.00346,0.00102,0.000771,0.0171,0.00269,0.000565,0.0,0.0,0.0
0.8,0.33768,0.5466,0.54983,0.0187,0.00346,0.00102,0.000771,0.0171,0.00269,0.000564,0.0,0.0,0.0
0.8,0.33757,0.5467,0.54993,0.0187,0.00346,0.00102,0.00077,0.0171,0.00269,0.000564,0.0,0.0,0.0
0.8,0.33746,0.5468,0.55003,0.0187,0.00347,0.00102,0.00077,0.0171,0.0027,0.000563,0.0,0.0,0.0
0.8,0.33735,0.5469,0.55013,0.0187,0.00347,0.00101,0.000769,0.0171,0.0027,0.000563,0.0,0.0,0.0
0.8,0.33724,0.547,0.55023,0.0187,0.00347,0.00101,0.000769,0.0171,0.0027,0.000562,0.0,0.0,0.0
0.8,0.33713,0.5471,0.55033,0.0187,0.00347,0.00101,0.000768,0.0171,0.0027,0.000562,0.0,0.0,0.0
0.8,0.33702,0.5472,0.55043,0.0187,0.00347,0.00101,0.000768,0.0171,0.0027,0.000561,0.0,0.0,0.0
0.8,0.33691,0.54731,0.55053,0.0187,0.00347,0.00101,0.000767,0.0171,0.0027,0.000561,0.0,0.0,0.0
0.8,0.3368,0.54741,0.55063,0.0187,0.00347,0.00101,0.000767,0.0172,0.00271,0.00056,0.0,0.0,0.0
0.8,0.33669,0.54751,0.55073,0.0187,0.00351,0.00101,0.000766,0.0171,0.00274,0.00056,0.0,0.0,0.0
0.8,0.33658,0.54761,0.55083,0.0187,0.00351,0.00101,0.000766,0.0172,0.00275,0.00056,0.0,0.0,0.0
0.8,0.33647,0.54771,0.55093,0.0187,0.00351,0.001,0.000765,0.0172,0.00275,0.000559,0.0,0.0,0.0
0.8,0.33636,0.54781,0.55103,0.0187,0.00351,0.001,0.000765,0.0172,0.00275,0.000559,0.0,0.0,0.0
0.8,0.33625,0.54791,0.55113,0.0187,0.00351,0.001,0.000764,0.0172,0.00275,0.000558,0.0,0.0,0.0
0.8,0.33614,0.54801,0.55123,0.0187,0.00351,0.001,0.000764,0.0172,0.00275,0.000558,0.0,0.0,0.0
0.8,0.33603,0.54811,0.55133,0.0187,0.00351,0.001,0.000763,0.0172,0.00275,0.000557,0.0,0.0,0.0
0.8,0.33592,0.54821,0.55143,0.0188,0.00351,0.000999,0.000763,0.0172,0.00275,0.000557,0.0,0.0,0.0
0.8,0.33581,0.54832,0.55153,0.0188,0.00352,0.000997,0.000762,0.0172,0.00275,0.000556,0.0,0.0,0.0
0.8,0.3357,0.54842,0.55163,0.0188,0.00352,0.000996,0.000762,0.0172,0.00275,0.000556,0.0,0.0,0.0
0.8,0.33559,0.54852,0.55173,0.0188,0.00352,0.000995,0.000761,0.0172,0.00276,0.000555,0.0,0.0,0.0
0.8,0.33548,0.54862,0.55183,0.0188,0.00352,0.000994,0.000761,0.0172,0.00276,0.000555,0.0,0.0,0.0
0.8,0.33537,0.54872,0.55193,0.0188,0.00352,0.000992,0.00076,0.0172,0.00276,0.000555,0.0,0.0,0.0
0.8,0.33526,0.54882,0.55203,0.0188,0.00352,0.000991,0.00076,0.0172,0.00276,0.000554,0.0,0.0,0.0
0.8,0.33515,0.54892,0.55213,0.0188,0.00352,0.00099,0.000759,0.0173,0.00276,0.000554,0.0,0.0,0.0
0.8,0.33504,0.54902,0.55223,0.0188,0.00352,0.000989,0.000759,0.0173,0.00276,0.000553,0.0,0.0,0.0
0.8,0.33493,0.54912,0.55233,0.0188,0.00352,0.000988,0.000758,0.0173,0.00276,0.000553,0.0,0.0,0.0
0.8,0.33482,0.54923,0.55243,0.0188,0.00352,0.000986,0.000758,0.0173,0.00277,0.000552,0.0,0.0,0.0
0.8,0.33471,0.54933,0.55253,0.0188,0.00352,0.000985,0.000757,0.0173,0.00277,0.000552,0.0,0.0,0.0
0.8,0.3346,0.54943,0.55263,0.0188,0.00352,0.000984,0.000757,0.0173,0.00277,0.000551,0.0,0.0,0.0
0.8,0.33448,0.54953,0.55273,0.0188,0.00353,0.000983,0.000756,0.0173,0.00277,0.000551,0.0,0.0,0.0
0.8,0.33437,0.54963,0.55283,0.0188,0.00353,0.000982,0.000756,0.0173,0.00277,0.00055,0.0,0.0,0.0
0.8,0.33426,0.54973,0.55293,0.0188,0.00353,0.00098,0.000755,0.0173,0.00277,0.00055,0.0,0.0,0.0
0.8,0.33415,0.54983,0.55303,0.0188,0.00353,0.000979,0.000755,0.0173,0.00277,0.000549,0.0,0.0,0.0
0.8,0.33404,0.54993,0.55313,0.0189,0.00353,0.000978,0.000754,0.0173,0.00278,0.000549,0.0,0.0,0.0
0.8,0.33393,0.55003,0.55323,0.0189,0.00353,0.000977,0.000754,0.0173,0.00278,0.000549,0.0,0.0,0.0
0.8,0.33382,0.55013,0.55333,0.0189,0.00353,0.000976,0.000753,0.0173,0.00278,0.000548,0.0,0.0,0.0
0.8,0.33371,0.55024,0.55343,0.0189,0.00353,0.000975,0.000753,0.0173,0.00278,0.000548,0.0,0.0,0.0
0.8,0.3336,0.55034,0.55353,0.0189,0.00353,0.000973,0.000752,0.0174,0.00278,0.000547,0.0,0.0,0.0
0.8,0.33349,0.55044,0.55363,0.0189,0.00354,0.000972,0.000752,0.0174,0.00278,0.000547,0.0,0.0,0.0
0.8,0.33338,0.55054,0.55373,0.0189,0.00354,0.000971,0.000751,0.0174,0.00279,0.000546,0.0,0.0,0.0
0.8,0.33327,0.55064,0.55383,0.0189,0.00354,0.00097,0.000751,0.0174,0.00279,0.000546,0.0,0.0,0.0
0.8,0.33316,0.55074,0.55393,0.0189,0.00354,0.000969,0.00075,0.0174,0.00279,0.000545,0.0,0.0,0.0
0.8,0.33305,0.55084,0.55403,0.0189,0.00354,0.000967,0.00075,0.0174,0.00279,0.000545,0.0,0.0,0.0
0.8,0.33293,0.55094,0.55413,0.0189,0.00354,0.000966,0.000749,0.0174,0.00279,0.000544,0.0,0.0,0.0
0.8,0.33282,0.55104,0.55423,0.0189,0.00354,0.000965,0.000749,0.0174,0.00279,0.000544,0.0,0.0,0.0
0.8,0.33271,0.55115,0.55433,0.0189,0.00354,0.000964,0.000749,0.0174,0.0028,0.000543,0.0,0.0,0.0
0.8,0.3326,0.55125,0.55443,0.0189,0.00354,0.000963,0.000748,0.0174,0.0028,0.000543,0.0,0.0,0.0
0.8,0.33249,0.55135,0.55453,0.0189,0.00355,0.000962,0.000748,0.0174,0.0028,0.000543,0.0,0.0,0.0
0.8,0.33238,0.55145,0.55463,0.0189,0.00355,0.00096,0.000747,0.0174,0.0028,0.000542,0.0,0.0,0.0
0.8,0.33227,0.55155,0.55473,0.0189,0.00355,0.000959,0.000747,0.0174,0.0028,0.000542,0.0,0.0,0.0
0.8,0.33216,0.55165,0.55483,0.0189,0.00355,0.000958,0.000746,0.0174,0.0028,0.000541,0.0,0.0,0.0
0.8,0.33205,0.55175,0.55493,0.019,0.00355,0.000957,0.000746,0.0175,0.00281,0.000541,0.0,0.0,0.0
0.8,0.33194,0.55185,0.55503,0.019,0.00355,0.000956,0.000745,0.0175,0.00281,0.00054,0.0,0.0,0.0
0.8,0.33183,0.55195,0.55513,0.019,0.00355,0.000954,0.000745,0.0175,0.00281,0.00054,0.0,0.0,0.0
0.8,0.33171,0.55205,0.55523,0.019,0.00355,0.000953,0.000744,0.0175,0.00281,0.000539,0.0,0.0,0.0
0.8,0.3316,0.55216,0.55533,0.019,0.00356,0.000952,0.000744,0.0175,0.00281,0.000539,0.0,0.0,0.0
0.8,0.33149,0.55226,0.55543,0.019,0.00356,0.000951,0.000743,0.0175,0.00281,0.000538,0.0,0.0,0.0
0.8,0.33138,0.55236,0.55553,0.019,0.00356,0.00095,0.000743,0.0175,0.00282,0.000538,0.0,0.0,0.0
0.8,0.33127,0.55246,0.55563,0.019,0.00356,0.000949,0.000742,0.0175,0.00282,0.000537,0.0,0.0,0.0
0.8,0.33116,0.55256,0.55573,0.019,0.00356,0.000947,0.000742,0.0175,0.00282,0.000537,0.0,0.0,0.0
0.8,0.33105,0.55266,0.55583,0.019,0.00356,0.000946,0.000741,0.0175,0.00282,0.000536,0.0,0.0,0.0
0.8,0.33094,0.55276,0.55593,0.019,0.00356,0.000945,0.000741,0.0175,0.00282,0.000536,0.0,0.0,0.0
0.8,0.33083,0.55286,0.55603,0.019,0.0036,0.000944,0.00074,0.0175,0.00286,0.000536,0.0,0.0,0.0
0.8,0.33071,0.55296,0.55613,0.019,0.0036,0.000943,0.00074,0.0175,0.00286,0.000535,0.0,0.0,0.0
0.8,0.3306,0.55307,0.55623,0.019,0.0036,0.000942,0.000739,0.0175,0.00286,0.000535,0.0,0.0,0.0
0.8,0.33049,0.55317,0.55633,0.019,0.0036,0.00094,0.000739,0.0175,0.00286,0.000534,0.0,0.0,0.0
0.8,0.33038,0.55327,0.55643,0.019,0.0036,0.000939,0.000738,0.0175,0.00286,0.000534,0.0,0.0,0.0
0.8,0.33027,0.55337,0.55653,0.019,0.0036,0.000938,0.000738,0.0176,0.00287,0.000533,0.0,0.0,0.0
0.8,0.33016,0.55347,0.55663,0.019,0.0036,0.000937,0.000737,0.0176,0.00287,0.000533,0.0,0.0,0.0
0.8,0.33005,0.55357,0.55673,0.019,0.0036,0.000936,0.000737,0.0176,0.00287,0.000532,0.0,0.0,0.0
0.8,0.32994,0.55367,0.55683,0.019,0.0036,0.000935,0.000736,0.0176,0.00287,0.000532,0.0,0.0,0.0
0.8,0.32982,0.55377,0.55693,0.019,0.00361,0.000933,0.000736,0.0176,0.00287,0.000531,0.0,0.0,0.0
0.8,0.32971,0.55387,0.55703,0.0191,0.00361,0.000932,0.000735,0.0176,0.00287,0.000531,0.0,0.0,0.0
0.8,0.3296,0.55398,0.55713,0.0191,0.00361,0.000931,0.000735,0.0176,0.00287,0.00053,0.0,0.0,0.0
0.8,0.32949,0.55408,0.55723,0.0191,0.00361,0.00093,0.000734,0.0176,0.00287,0.00053,0.0,0.0,0.0
0.8,0.32938,0.55418,0.55733,0.0191,0.00361,0.000929,0.000734,0.0176,0.00288,0.000529,0.0,0.0,0.0
0.8,0.32927,0.55428,0.55743,0.0191,0.00361,0.000928,0.000733,0.0176,0.00288,0.000529,0.0,0.0,0.0
0.8,0.32916,0.55438,0.55753,0.0191,0.00361,0.000927,0.000733,0.0176,0.00288,0.000528,0.0,0.0,0.0
0.8,0.32904,0.55448,0.55763,0.0191,0.00361,0.000925,0.000732,0.0176,0.00288,0.000528,0.0,0.0,0.0
0.8,0.32893,0.55458,0.55773,0.0191,0.00361,0.000924,0.000732,0.0176,0.00288,0.000528,0.0,0.0,0.0
0.8,0.32882,0.55468,0.55783,0.0191,0.00361,0.000923,0.000731,0.0176,0.00288,0.000527,0.0,0.0,0.0
0.8,0.32871,0.55478,0.55793,0.0191,0.00362,0.000922,0.000731,0.0177,0.00288,0.000527,0.0,0.0,0.0
0.8,0.3286,0.55488,0.55803,0.0191,0.00362,0.000921,0.00073,0.0177,0.00289,0.000526,0.0,0.0,0.0
0.8,0.32849,0.55499,0.55813,0.0191,0.00362,0.00092,0.00073,0.0177,0.00289,0.000526,0.0,0.0,0.0
0.8,0.32837,0.55509,0.55823,0.0191,0.00362,0.000918,0.00073,0.0177,0.00289,0.000525,0.0,0.0,0.0
0.8,0.32826,0.55519,0.55833,0.0191,0.00362,0.000917,0.000729,0.0177,0.00289,0.000525,0.0,0.0,0.0
0.8,0.32815,0.55529,0.55843,0.0191,0.00362,0.000916,0.000729,0.0177,0.00289,0.000524,0.0,0.0,0.0
0.8,0.32804,0.55539,0.55853,0.0191,0.00362,0.000915,0.000728,0.0177,0.00289,0.000524,0.0,0.0,0.0
0.8,0.32793,0.55549,0.55863,0.0191,0.00362,0.000914,0.000728,0.0177,0.0029,0.000523,0.0,0.0,0.0
0.8,0.32782,0.55559,0.55873,0.0191,0.00362,0.000913,0.000727,0.0177,0.0029,0.000523,0.0,0.0,0.0
0.8,0.3277,0.55569,0.55883,0.0192,0.00363,0.000912,0.000727,0.0177,0.0029,0.000522,0.0,0.0,0.0
0.8,0.32759,0.55579,0.55893,0.0192,0.00363,0.00091,0.000726,0.0177,0.0029,0.000522,0.0,0.0,0.0
0.8,0.32748,0.5559,0.55903,0.0192,0.00363,0.000909,0.000726,0.0177,0.0029,0.000521,0.0,0.0,0.0
0.8,0.32737,0.556,0.55913,0.0192,0.00363,0.000908,0.000725,0.0177,0.0029,0.000521,0.0,0.0,0.0
0.8,0.32726,0.5561,0.55923,0.0192,0.00363,0.000907,0.000725,0.0177,0.00291,0.00052,0.0,0.0,0.0
0.8,0.32714,0.5562,0.55933,0.0192,0.00363,0.000906,0.000724,0.0178,0.00291,0.00052,0.0,0.0,0.0
0.8,0.32703,0.5563,0.55943,0.0192,0.00363,0.000905,0.000724,0.0178,0.00291,0.000519,0.0,0.0,0.0
0.8,0.32692,0.5564,0.55953,0.0192,0.00363,0.000904,0.000723,0.0178,0.00291,0.000519,0.0,0.0,0.0
0.8,0.32681,0.5565,0.55963,0.0192,0.00363,0.000903,0.000723,0.0178,0.00291,0.000518,0.0,0.0,0.0
0.8,0.3267,0.5566,0.55973,0.0192,0.00364,0.000901,0.000722,0.0178,0.00291,0.000518,0.0,0.0,0.0
0.8,0.32659,0.5567,0.55983,0.0192,0.00364,0.0009,0.000722,0.0178,0.00292,0.000518,0.0,0.0,0.0
0.8,0.32647,0.55681,0.55993,0.0192,0.00364,0.000899,0.000721,0.0178,0.00292,0.000517,0.0,0.0,0.0
0.8,0.32636,0.55691,0.56003,0.0192,0.00364,0.000898,0.000721,0.0178,0.00292,0.000517,0.0,0.0,0.0
0.8,0.32625,0.55701,0.56013,0.0192,0.00364,0.000897,0.00072,0.0178,0.00292,0.000516,0.0,0.0,0.0
0.8,0.32614,0.55711,0.56023,0.0192,0.00364,0.000896,0.00072,0.0178,0.00292,0.000516,0.0,0.0,0.0
0.8,0.32603,0.55721,0.56033,0.0192,0.00364,0.000895,0.000719,0.0178,0.00292,0.000515,0.0,0.0,0.0
0.8,0.32591,0.55731,0.56043,0.0192,0.00364,0.000893,0.000719,0.0178,0.00293,0.000515,0.0,0.0,0.0
0.8,0.3258,0.55741,0.56053,0.0192,0.00365,0.000892,0.000718,0.0178,0.00293,0.000514,0.0,0.0,0.0
0.8,0.32569,0.55751,0.56063,0.0192,0.00365,0.000891,0.000718,0.0178,0.00293,0.000514,0.0,0.0,0.0
0.8,0.32558,0.55761,0.56073,0.0192,0.00365,0.00089,0.000717,0.0178,0.00293,0.000513,0.0,0.0,0.0
0.8,0.32546,0.55771,0.56083,0.0193,0.00365,0.000889,0.000717,0.0179,0.00293,0.000513,0.0,0.0,0.0
0.8,0.32535,0.55782,0.56093,0.0193,0.00365,0.000888,0.000717,0.0179,0.00293,0.000512,0.0,0.0,0.0
0.8,0.32524,0.55792,0.56103,0.0193,0.00365,0.000887,0.000716,0.0179,0.00294,0.000512,0.0,0.0,0.0
0.8,0.32513,0.55802,0.56113,0.0193,0.00365,0.000886,0.000716,0.0179,0.00294,0.000511,0.0,0.0,0.0
0.8,0.32502,0.55812,0.56123,0.0193,0.00366,0.000884,0.000715,0.0179,0.00294,0.000511,0.0,0.0,0.0
0.8,0.3249,0.55822,0.56133,0.0193,0.00369,0.000883,0.000715,0.0179,0.00298,0.00051,0.0,0.0,0.0
0.8,0.32479,0.55832,0.56143,0.0193,0.00369,0.000882,0.000714,0.0179,0.00298,0.00051,0.0,0.0,0.0
0.8,0.32468,0.55842,0.56153,0.0193,0.00369,0.000881,0.000714,0.0179,0.00298,0.000509,0.0,0.0,0.0
0.8,0.32457,0.55852,0.56163,0.0193,0.00369,0.00088,0.000713,0.0179,0.00298,0.000509,0.0,0.0,0.0
0.8,0.32445,0.55862,0.56173,0.0193,0.00369,0.000879,0.000713,0.0179,0.00298,0.000508,0.0,0.0,0.0
0.8,0.32434,0.55873,0.56183,0.0193,0.00369,0.000878,0.000712,0.0179,0.00298,0.000508,0.0,0.0,0.0
0.8,0.32423,0.55883,0.56193,0.0193,0.00369,0.000877,0.000712,0.0179,0.00298,0.000507,0.0,0.0,0.0
0.8,0.32412,0.55893,0.56203,0.0193,0.0037,0.000876,0.000711,0.0179,0.00298,0.000507,0.0,0.0,0.0
0.8,0.324,0.55903,0.56213,0.0193,0.0037,0.000874,0.000711,0.0179,0.00299,0.000506,0.0,0.0,0.0
0.8,0.32389,0.55913,0.56223,0.0193,0.0037,0.000873,0.00071,0.0179,0.00299,0.000506,0.0,0.0,0.0
0.8,0.32378,0.55923,0.56233,0.0193,0.0037,0.000872,0.00071,0.0179,0.00299,0.000506,0.0,0.0,0.0
0.8,0.32367,0.55933,0.56243,0.0193,0.0037,0.000871,0.000709,0.0179,0.00299,0.000505,0.0,0.0,0.0
0.8,0.32355,0.55943,0.56253,0.0193,0.0037,0.00087,0.000709,0.018,0.00299,0.000505,0.0,0.0,0.0
0.8,0.32344,0.55953,0.56263,0.0193,0.0037,0.000869,0.000708,0.018,0.00299,0.000504,0.0,0.0,0.0
0.8,0.32333,0.55964,0.56273,0.0193,0.0037,0.000868,0.000708,0.018,0.00299,0.000504,0.0,0.0,0.0
0.8,0.32322,0.55974,0.56283,0.0193,0.0037,0.000867,0.000707,0.018,0.003,0.000503,0.0,0.0,0.0
0.8,0.3231,0.55984,0.56293,0.0193,0.0037,0.000866,0.000707,0.018,0.003,0.000503,0.0,0.0,0.0
0.8,0.32299,0.55994,0.56303,0.0194,0.0037,0.000864,0.000706,0.018,0.003,0.000502,0.0,0.0,0.0
0.8,0.32288,0.56004,0.56313,0.0194,0.00371,0.000863,0.000706,0.018,0.003,0.000502,0.0,0.0,0.0
0.8,0.32277,0.56014,0.56323,0.0194,0.00371,0.000862,0.000706,0.018,0.003,0.000501,0.0,0.0,0.0
0.8,0.32265,0.56024,0.56333,0.0194,0.00371,0.000861,0.000705,0.018,0.003,0.000501,0.0,0.0,0.0
0.8,0.32254,0.56034,0.56343,0.0194,0.00371,0.00086,0.000705,0.018,0.003,0.0005,0.0,0.0,0.0
0.8,0.32243,0.56044,0.56353,0.0194,0.00371,0.000859,0.000704,0.018,0.00301,0.0005,0.0,0.0,0.0
0.8,0.32232,0.56055,0.56363,0.0194,0.00371,0.000858,0.000704,0.018,0.00301,0.000499,0.0,0.0,0.0
0.8,0.3222,0.56065,0.56373,0.0194,0.00371,0.000857,0.000703,0.018,0.00301,0.000499,0.0,0.0,0.0
0.8,0.32209,0.56075,0.56383,0.0194,0.00371,0.000856,0.000703,0.018,0.00301,0.000498,0.0,0.0,0.0
0.8,0.32198,0.56085,0.56393,0.0194,0.00372,0.000855,0.000702,0.018,0.00301,0.000498,0.0,0.0,0.0
0.8,0.32187,0.56095,0.56403,0.0194,0.00372,0.000853,0.000702,0.018,0.00301,0.000497,0.0,0.0,0.0
0.8,0.32175,0.56105,0.56413,0.0194,0.00372,0.000852,0.000701,0.0181,0.00302,0.000497,0.0,0.0,0.0
0.8,0.32164,0.56115,0.56423,0.0194,0.00372,0.000851,0.000701,0.0181,0.00302,0.000496,0.0,0.0,0.0
0.8,0.32153,0.56125,0.56433,0.0194,0.00372,0.00085,0.0007,0.0181,0.00302,0.000496,0.0,0.0,0.0
0.8,0.32141,0.56135,0.56443,0.0194,0.00372,0.000849,0.0007,0.0181,0.00302,0.000495,0.0,0.0,0.0
0.8,0.3213,0.56145,0.56453,0.0194,0.00372,0.000848,0.000699,0.0181,0.00302,0.000495,0.0,0.0,0.0
0.8,0.32119,0.56156,0.56463,0.0194,0.00372,0.000847,0.000699,0.0181,0.00302,0.000494,0.0,0.0,0.0
0.8,0.32107,0.56166,0.56473,0.0194,0.00372,0.000846,0.000698,0.0181,0.00303,0.000494,0.0,0.0,0.0
0.8,0.32096,0.56176,0.56483,0.0194,0.00373,0.000845,0.000698,0.0181,0.00303,0.000493,0.0,0.0,0.0
0.8,0.32085,0.56186,0.56493,0.0194,0.00373,0.000844,0.000697,0.0181,0.00303,0.000493,0.0,0.0,0.0
0.8,0.32074,0.56196,0.56503,0.0194,0.00373,0.000843,0.000697,0.0181,0.00303,0.000492,0.0,0.0,0.0
0.8,0.32062,0.56206,0.56513,0.0195,0.00373,0.000841,0.000697,0.0181,0.00303,0.000492,0.0,0.0,0.0
0.8,0.32051,0.56216,0.56523,0.0195,0.00373,0.00084,0.000696,0.0181,0.00304,0.000491,0.0,0.0,0.0
0.8,0.3204,0.56226,0.56533,0.0195,0.00373,0.000839,0.000696,0.0181,0.00304,0.000491,0.0,0.0,0.0
0.8,0.32028,0.56236,0.56543,0.0195,0.00373,0.000838,0.000695,0.0181,0.00304,0.00049,0.0,0.0,0.0
0.8,0.32017,0.56247,0.56553,0.0195,0.00374,0.000837,0.000695,0.0181,0.00304,0.00049,0.0,0.0,0.0
0.8,0.32006,0.56257,0.56563,0.0195,0.00374,0.000836,0.000694,0.0181,0.00304,0.00049,0.0,0.0,0.0
0.8,0.31994,0.56267,0.56573,0.0195,0.00374,0.000835,0.000694,0.0182,0.00304,0.000489,0.0,0.0,0.0
0.8,0.31983,0.56277,0.56583,0.0195,0.00374,0.000834,0.000693,0.0182,0.00305,0.000489,0.0,0.0,0.0
0.8,0.31972,0.56287,0.56593,0.0195,0.00374,0.000833,0.000693,0.0182,0.00305,0.000488,0.0,0.0,0.0
0.8,0.3196,0.56297,0.56603,0.0195,0.00374,0.000832,0.000692,0.0182,0.00305,0.000488,0.0,0.0,0.0
0.8,0.31949,0.56307,0.56613,0.0195,0.00374,0.000831,0.000692,0.0182,0.00305,0.000487,0.0,0.0,0.0
0.8,0.31938,0.56317,0.56623,0.0195,0.00374,0.00083,0.000691,0.0182,0.00305,0.000487,0.0,0.0,0.0
0.8,0.31927,0.56327,0.56633,0.0195,0.00375,0.000828,0.000691,0.0182,0.00306,0.000486,0.0,0.0,0.0
0.8,0.31915,0.56338,0.56643,0.0195,0.00375,0.000827,0.00069,0.0182,0.00306,0.000486,0.0,0.0,0.0
0.8,0.31904,0.56348,0.56653,0.0195,0.00375,0.000826,0.00069,0.0182,0.00306,0.000485,0.0,0.0,0.0
0.8,0.31893,0.56358,0.56663,0.0195,0.00378,0.000825,0.000689,0.0182,0.00309,0.000485,0.0,0.0,0.0
0.8,0.31881,0.56368,0.56673,0.0195,0.00378,0.000824,0.000689,0.0182,0.00309,0.000484,0.0,0.0,0.0
0.8,0.3187,0.56378,0.56683,0.0195,0.00378,0.000823,0.000689,0.0182,0.0031,0.000484,0.0,0.0,0.0
0.8,0.31859,0.56388,0.56693,0.0195,0.00378,0.000822,0.000688,0.0182,0.0031,0.000483,0.0,0.0,0.0
0.8,0.31847,0.56398,0.56703,0.0195,0.00379,0.000821,0.000688,0.0182,0.0031,0.000483,0.0,0.0,0.0
0.8,0.31836,0.56408,0.56713,0.0195,0.00379,0.00082,0.000687,0.0182,0.0031,0.000482,0.0,0.0,0.0
0.8,0.31824,0.56418,0.56723,0.0195,0.00379,0.000819,0.000687,0.0182,0.0031,0.000482,0.0,0.0,0.0
0.8,0.31813,0.56429,0.56733,0.0195,0.00379,0.000818,0.000686,0.0182,0.0031,0.000481,0.0,0.0,0.0
0.8,0.31802,0.56439,0.56743,0.0195,0.00379,0.000817,0.000686,0.0182,0.0031,0.000481,0.0,0.0,0.0
0.8,0.3179,0.56449,0.56753,0.0196,0.00379,0.000816,0.000685,0.0183,0.0031,0.00048,0.0,0.0,0.0
0.8,0.31779,0.56459,0.56763,0.0196,0.00379,0.000815,0.000685,0.0183,0.00311,0.00048,0.0,0.0,0.0
0.8,0.31768,0.56469,0.56773,0.0196,0.00379,0.000813,0.000684,0.0183,0.00311,0.000479,0.0,0.0,0.0
0.8,0.31756,0.56479,0.56783,0.0196,0.00379,0.000812,0.000684,0.0183,0.00311,0.000479,0.0,0.0,0.0
0.8,0.31745,0.56489,0.56793,0.0196,0.00379,0.000811,0.000683,0.0183,0.00311,0.000478,0.0,0.0,0.0
0.8,0.31734,0.56499,0.56803,0.0196,0.00379,0.00081,0.000683,0.0183,0.00311,0.000478,0.0,0.0,0.0
0.8,0.31722,0.56509,0.56813,0.0196,0.0038,0.000809,0.000682,0.0183,0.00311,0.000477,0.0,0.0,0.0
0.8,0.31711,0.56519,0.56823,0.0196,0.0038,0.000808,0.000682,0.0183,0.00312,0.000477,0.0,0.0,0.0
0.8,0.317,0.5653,0.56833,0.0196,0.0038,0.000807,0.000681,0.0183,0.00312,0.000476,0.0,0.0,0.0
0.8,0.31688,0.5654,0.56843,0.0196,0.0038,0.000806,0.000681,0.0183,0.00312,0.000476,0.0,0.0,0.0
0.8,0.31677,0.5655,0.56853,0.0196,0.0038,0.000805,0.000681,0.0183,0.00312,0.000475,0.0,0.0,0.0
0.8,0.31665,0.5656,0.56863,0.0196,0.0038,0.000804,0.00068,0.0183,0.00312,0.000475,0.0,0.0,0.0
0.8,0.31654,0.5657,0.56873,0.0196,0.0038,0.000803,0.00068,0.0183,0.00312,0.000474,0.0,0.0,0.0
0.8,0.31643,0.5658,0.56883,0.0196,0.0038,0.000802,0.000679,0.0183,0.00312,0.000474,0.0,0.0,0.0
0.8,0.31631,0.5659,0.56893,0.0196,0.00381,0.000801,0.000679,0.0183,0.00313,0.000473,0.0,0.0,0.0
0.8,0.3162,0.566,0.56903,0.0196,0.00381,0.0008,0.000678,0.0183,0.00313,0.000473,0.0,0.0,0.0
0.8,0.31609,0.5661,0.56913,0.0196,0.00381,0.000799,0.000678,0.0184,0.00313,0.000472,0.0,0.0,0.0
0.8,0.31597,0.56621,0.56923,0.0196,0.00381,0.000798,0.000677,0.0184,0.00313,0.000472,0.0,0.0,0.0
0.8,0.31586,0.56631,0.56933,0.0196,0.00381,0.000797,0.000677,0.0184,0.00313,0.000471,0.0,0.0,0.0
0.8,0.31574,0.56641,0.56943,0.0196,0.00381,0.000795,0.000676,0.0184,0.00314,0.000471,0.0,0.0,0.0
0.8,0.31563,0.56651,0.56953,0.0196,0.00381,0.000794,0.000676,0.0184,0.00314,0.00047,0.0,0.0,0.0
0.8,0.31552,0.56661,0.56963,0.0196,0.00381,0.000793,0.000675,0.0184,0.00314,0.00047,0.0,0.0,0.0
0.8,0.3154,0.56671,0.56973,0.0196,0.00382,0.000792,0.000675,0.0184,0.00314,0.000469,0.0,0.0,0.0
0.8,0.31529,0.56681,0.56983,0.0197,0.00382,0.000791,0.000674,0.0184,0.00314,0.000469,0.0,0.0,0.0
0.8,0.31517,0.56691,0.56993,0.0197,0.00382,0.00079,0.000674,0.0184,0.00314,0.000468,0.0,0.0,0.0
0.8,0.31506,0.56701,0.57003,0.0197,0.00382,0.000789,0.000674,0.0184,0.00315,0.000468,0.0,0.0,0.0
0.8,0.31495,0.56712,0.57013,0.0197,0.00382,0.000788,0.000673,0.0184,0.00315,0.000467,0.0,0.0,0.0
0.8,0.31483,0.56722,0.57023,0.0197,0.00382,0.000787,0.000673,0.0184,0.00315,0.000467,0.0,0.0,0.0
0.8,0.31472,0.56732,0.57033,0.0197,0.00382,0.000786,0.000672,0.0184,0.00315,0.000466,0.0,0.0,0.0
0.8,0.3146,0.56742,0.57043,0.0197,0.00382,0.000785,0.000672,0.0184,0.00315,0.000466,0.0,0.0,0.0
0.8,0.31449,0.56752,0.57053,0.0197,0.00383,0.000784,0.000671,0.0184,0.00315,0.000465,0.0,0.0,0.0
0.8,0.31438,0.56762,0.57063,0.0197,0.00383,0.000783,0.000671,0.0184,0.00316,0.000465,0.0,0.0,0.0
0.8,0.31426,0.56772,0.57073,0.0197,0.00383,0.000782,0.00067,0.0184,0.00316,0.000464,0.0,0.0,0.0
0.8,0.31415,0.56782,0.57083,0.0197,0.00383,0.000781,0.00067,0.0185,0.00316,0.000464,0.0,0.0,0.0
0.8,0.31403,0.56792,0.57093,0.0197,0.00383,0.00078,0.000669,0.0185,0.00316,0.000463,0.0,0.0,0.0
0.8,0.31392,0.56803,0.57103,0.0197,0.00383,0.000779,0.000669,0.0185,0.00316,0.000463,0.0,0.0,0.0
0.8,0.31381,0.56813,0.57113,0.0197,0.00383,0.000778,0.000668,0.0185,0.00317,0.000462,0.0,0.0,0.0
0.8,0.31369,0.56823,0.57123,0.0197,0.00384,0.000777,0.000668,0.0185,0.00317,0.000462,0.0,0.0,0.0
0.8,0.31358,0.56833,0.57133,0.0197,0.00384,0.000776,0.000667,0.0185,0.00317,0.000462,0.0,0.0,0.0
0.8,0.31346,0.56843,0.57143,0.0197,0.00384,0.000775,0.000667,0.0185,0.00317,0.000461,0.0,0.0,0.0
0.8,0.31335,0.56853,0.57153,0.0197,0.00384,0.000774,0.000667,0.0185,0.00317,0.000461,0.0,0.0,0.0
0.8,0.31323,0.56863,0.57163,0.0197,0.00384,0.000773,0.000666,0.0185,0.00318,0.00046,0.0,0.0,0.0
0.8,0.31312,0.56873,0.57173,0.0197,0.00384,0.000771,0.000666,0.0185,0.00318,0.00046,0.0,0.0,0.0
0.8,0.31301,0.56883,0.57183,0.0197,0.00388,0.00077,0.000665,0.0185,0.00321,0.000459,0.0,0.0,0.0
0.8,0.31289,0.56894,0.57193,0.0197,0.00388,0.000769,0.000665,0.0185,0.00321,0.000459,0.0,0.0,0.0
0.8,0.31278,0.56904,0.57203,0.0197,0.00388,0.000768,0.000664,0.0185,0.00321,0.000458,0.0,0.0,0.0
0.8,0.31266,0.56914,0.57213,0.0197,0.00388,0.000767,0.000664,0.0185,0.00321,0.000458,0.0,0.0,0.0
0.8,0.31255,0.56924,0.57223,0.0197,0.00388,0.000766,0.000663,0.0185,0.00322,0.000457,0.0,0.0,0.0
0.8,0.31243,0.56934,0.57233,0.0197,0.00388,0.000765,0.000663,0.0185,0.00322,0.000457,0.0,0.0,0.0
0.8,0.31232,0.56944,0.57243,0.0198,0.00388,0.000764,0.000662,0.0185,0.00322,0.000456,0.0,0.0,0.0
0.8,0.3122,0.56954,0.57253,0.0198,0.00388,0.000763,0.000662,0.0185,0.00322,0.000456,0.0,0.0,0.0
0.8,0.31209,0.56964,0.57263,0.0198,0.00388,0.000762,0.000661,0.0185,0.00322,0.000455,0.0,0.0,0.0
0.8,0.31198,0.56974,0.57273,0.0198,0.00388,0.000761,0.000661,0.0185,0.00322,0.000455,0.0,0.0,0.0
0.8,0.31186,0.56985,0.57283,0.0198,0.00388,0.00076,0.000661,0.0186,0.00322,0.000454,0.0,0.0,0.0
0.8,0.31175,0.56995,0.57293,0.0198,0.00389,0.000759,0.00066,0.0186,0.00323,0.000454,0.0,0.0,0.0
0.8,0.31163,0.57005,0.57303,0.0198,0.00389,0.000758,0.00066,0.0186,0.00323,0.000453,0.0,0.0,0.0
0.8,0.31152,0.57015,0.57313,0.0198,0.00389,0.000757,0.000659,0.0186,0.00323,0.000453,0.0,0.0,0.0
0.8,0.3114,0.57025,0.57323,0.0198,0.00389,0.000756,0.000659,0.0186,0.00323,0.000452,0.0,0.0,0.0
0.8,0.31129,0.57035,0.57333,0.0198,0.00389,0.000755,0.000658,0.0186,0.00323,0.000452,0.0,0.0,0.0
0.8,0.31117,0.57045,0.57343,0.0198,0.00389,0.000754,0.000658,0.0186,0.00323,0.000451,0.0,0.0,0.0
0.8,0.31106,0.57055,0.57353,0.0198,0.00389,0.000753,0.000657,0.0186,0.00323,0.000451,0.0,0.0,0.0
0.8,0.31094,0.57065,0.57363,0.0198,0.00389,0.000752,0.000657,0.0186,0.00324,0.00045,0.0,0.0,0.0
0.8,0.31083,0.57076,0.57373,0.0198,0.00389,0.000751,0.000656,0.0186,0.00324,0.00045,0.0,0.0,0.0
0.8,0.31071,0.57086,0.57383,0.0198,0.0039,0.00075,0.000656,0.0186,0.00324,0.000449,0.0,0.0,0.0
0.8,0.3106,0.57096,0.57393,0.0198,0.0039,0.000749,0.000655,0.0186,0.00324,0.000449,0.0,0.0,0.0
0.8,0.31048,0.57106,0.57403,0.0198,0.0039,0.000748,0.000655,0.0186,0.00324,0.000448,0.0,0.0,0.0
0.8,0.31037,0.57116,0.57413,0.0198,0.0039,0.000747,0.000654,0.0186,0.00325,0.000448,0.0,0.0,0.0
0.8,0.31025,0.57126,0.57423,0.0198,0.0039,0.000746,0.000654,0.0186,0.00325,0.000447,0.0,0.0,0.0
0.8,0.31014,0.57136,0.57433,0.0198,0.0039,0.000745,0.000654,0.0186,0.00325,0.000447,0.0,0.0,0.0
0.8,0.31002,0.57146,0.57443,0.0198,0.0039,0.000744,0.000653,0.0186,0.00325,0.000446,0.0,0.0,0.0
0.8,0.30991,0.57156,0.57453,0.0198,0.0039,0.000743,0.000653,0.0186,0.00325,0.000446,0.0,0.0,0.0
0.8,0.3098,0.57167,0.57463,0.0198,0.00391,0.000742,0.000652,0.0187,0.00325,0.000445,0.0,0.0,0.0
0.8,0.30968,0.57177,0.57473,0.0198,0.00391,0.000741,0.000652,0.0187,0.00326,0.000445,0.0,0.0,0.0
0.8,0.30957,0.57187,0.57483,0.0198,0.00391,0.00074,0.000651,0.0187,0.00326,0.000444,0.0,0.0,0.0
0.8,0.30945,0.57197,0.57493,0.0199,0.00391,0.000739,0.000651,0.0187,0.00326,0.000444,0.0,0.0,0.0
0.8,0.30934,0.57207,0.57503,0.0199,0.00391,0.000738,0.00065,0.0187,0.00326,0.000443,0.0,0.0,0.0
0.8,0.30922,0.57217,0.57513,0.0199,0.00391,0.000737,0.00065,0.0187,0.00326,0.000443,0.0,0.0,0.0
0.8,0.30911,0.57227,0.57523,0.0199,0.00391,0.000736,0.000649,0.0187,0.00327,0.000442,0.0,0.0,0.0
0.8,0.30899,0.57237,0.57533,0.0199,0.00392,0.000735,0.000649,0.0187,0.00327,0.000442,0.0,0.0,0.0
0.8,0.30888,0.57247,0.57543,0.0199,0.00392,0.000734,0.000649,0.0187,0.00327,0.000441,0.0,0.0,0.0
0.8,0.30876,0.57257,0.57553,0.0199,0.00392,0.000733,0.000648,0.0187,0.00327,0.000441,0.0,0.0,0.0
0.8,0.30864,0.57268,0.57563,0.0199,0.00392,0.000732,0.000648,0.0187,0.00327,0.00044,0.0,0.0,0.0
0.8,0.30853,0.57278,0.57573,0.0199,0.00392,0.000731,0.000647,0.0187,0.00327,0.00044,0.0,0.0,0.0
0.8,0.30841,0.57288,0.57583,0.0199,0.00392,0.00073,0.000647,0.0187,0.00328,0.000439,0.0,0.0,0.0
0.8,0.3083,0.57298,0.57593,0.0199,0.00392,0.000729,0.000646,0.0187,0.00328,0.000439,0.0,0.0,0.0
0.8,0.30818,0.57308,0.57603,0.0199,0.00393,0.000728,0.000646,0.0187,0.00328,0.000438,0.0,0.0,0.0
0.8,0.30807,0.57318,0.57613,0.0199,0.00393,0.000727,0.000645,0.0187,0.00328,0.000438,0.0,0.0,0.0
0.8,0.30795,0.57328,0.57623,0.0199,0.00393,0.000726,0.000645,0.0187,0.00328,0.000437,0.0,0.0,0.0
0.8,0.30784,0.57338,0.57633,0.0199,0.00393,0.000725,0.000644,0.0187,0.00329,0.000437,0.0,0.0,0.0
0.8,0.30772,0.57348,0.57643,0.0199,0.00393,0.000724,0.000644,0.0188,0.00329,0.000436,0.0,0.0,0.0
0.8,0.30761,0.57359,0.57653,0.0199,0.00393,0.000723,0.000643,0.0188,0.00329,0.000436,0.0,0.0,0.0
0.8,0.30749,0.57369,0.57663,0.0199,0.00393,0.000722,0.000643,0.0188,0.00329,0.000435,0.0,0.0,0.0
0.8,0.30738,0.57379,0.57673,0.0199,0.00394,0.000721,0.000643,0.0188,0.00329,0.000435,0.0,0.0,0.0
0.8,0.30726,0.57389,0.57683,0.0199,0.00394,0.00072,0.000642,0.0188,0.0033,0.000434,0.0,0.0,0.0
0.8,0.30715,0.57399,0.57693,0.0199,0.00394,0.000719,0.000642,0.0188,0.0033,0.000434,0.0,0.0,0.0
0.8,0.30703,0.57409,0.57703,0.0199,0.00397,0.000718,0.000641,0.0188,0.00333,0.000433,0.0,0.0,0.0
0.8,0.30692,0.57419,0.57713,0.0199,0.00397,0.000717,0.000641,0.0188,0.00333,0.000433,0.0,0.0,0.0
0.8,0.3068,0.57429,0.57723,0.0199,0.00397,0.000716,0.00064,0.0188,0.00333,0.000432,0.0,0.0,0.0
0.8,0.30668,0.57439,0.57733,0.0199,0.00397,0.000715,0.00064,0.0188,0.00333,0.000432,0.0,0.0,0.0
0.8,0.30657,0.5745,0.57743,0.0199,0.00397,0.000714,0.000639,0.0188,0.00333,0.000431,0.0,0.0,0.0
0.8,0.30645,0.5746,0.57753,0.0199,0.00397,0.000713,0.000639,0.0188,0.00334,0.000431,0.0,0.0,0.0
0.8,0.30634,0.5747,0.57763,0.0199,0.00398,0.000712,0.000638,0.0188,0.00334,0.00043,0.0,0.0,0.0
0.8,0.30622,0.5748,0.57773,0.0199,0.00398,0.000711,0.000638,0.0188,0.00334,0.00043,0.0,0.0,0.0
0.8,0.30611,0.5749,0.57783,0.02,0.00398,0.00071,0.000638,0.0188,0.00334,0.000429,0.0,0.0,0.0
0.8,0.30599,0.575,0.57793,0.02,0.00398,0.000709,0.000637,0.0188,0.00334,0.000429,0.0,0.0,0.0
0.8,0.30588,0.5751,0.57803,0.02,0.00398,0.000708,0.000637,0.0188,0.00334,0.000428,0.0,0.0,0.0
0.8,0.30576,0.5752,0.57813,0.02,0.00398,0.000707,0.000636,0.0188,0.00334,0.000428,0.0,0.0,0.0
0.8,0.30564,0.5753,0.57823,0.02,0.00398,0.000706,0.000636,0.0188,0.00335,0.000427,0.0,0.0,0.0
0.8,0.30553,0.57541,0.57833,0.02,0.00398,0.000705,0.000635,0.0188,0.00335,0.000427,0.0,0.0,0.0
0.8,0.30541,0.57551,0.57843,0.02,0.00398,0.000704,0.000635,0.0188,0.00335,0.000426,0.0,0.0,0.0
0.8,0.3053,0.57561,0.57853,0.02,0.00399,0.000703,0.000634,0.0189,0.00335,0.000426,0.0,0.0,0.0
0.8,0.30518,0.57571,0.57863,0.02,0.00399,0.000702,0.000634,0.0189,0.00335,0.000425,0.0,0.0,0.0
0.8,0.30507,0.57581,0.57873,0.02,0.00399,0.000701,0.000633,0.0189,0.00335,0.000425,0.0,0.0,0.0
0.8,0.30495,0.57591,0.57883,0.02,0.00399,0.0007,0.000633,0.0189,0.00336,0.000424,0.0,0.0,0.0
0.8,0.30483,0.57601,0.57893,0.02,0.00399,0.000699,0.000632,0.0189,0.00336,0.000424,0.0,0.0,0.0
0.8,0.30472,0.57611,0.57903,0.02,0.00399,0.000698,0.000632,0.0189,0.00336,0.000423,0.0,0.0,0.0
0.8,0.3046,0.57621,0.57913,0.02,0.00399,0.000697,0.000632,0.0189,0.00336,0.000423,0.0,0.0,0.0
0.8,0.30449,0.57632,0.57923,0.02,0.00399,0.000696,0.000631,0.0189,0.00336,0.000422,0.0,0.0,0.0
0.8,0.30437,0.57642,0.57933,0.02,0.004,0.000695,0.000631,0.0189,0.00337,0.000422,0.0,0.0,0.0
0.8,0.30426,0.57652,0.57943,0.02,0.004,0.000694,0.00063,0.0189,0.00337,0.000421,0.0,0.0,0.0
0.8,0.30414,0.57662,0.57953,0.02,0.004,0.000693,0.00063,0.0189,0.00337,0.000421,0.0,0.0,0.0
0.8,0.30402,0.57672,0.57963,0.02,0.004,0.000692,0.000629,0.0189,0.00337,0.00042,0.0,0.0,0.0
0.8,0.30391,0.57682,0.57973,0.02,0.004,0.000691,0.000629,0.0189,0.00337,0.00042,0.0,0.0,0.0
0.8,0.30379,0.57692,0.57983,0.02,0.004,0.00069,0.000628,0.0189,0.00337,0.000419,0.0,0.0,0.0
0.8,0.30368,0.57702,0.57993,0.02,0.004,0.000689,0.000628,0.0189,0.00338,0.000419,0.0,0.0,0.0
0.8,0.30356,0.57712,0.58003,0.02,0.00401,0.000689,0.000627,0.0189,0.00338,0.000418,0.0,0.0,0.0
0.8,0.30344,0.57723,0.58013,0.02,0.00401,0.000688,0.000627,0.0189,0.00338,0.000418,0.0,0.0,0.0
0.8,0.30333,0.57733,0.58023,0.02,0.00401,0.000687,0.000627,0.0189,0.00338,0.000417,0.0,0.0,0.0
0.8,0.30321,0.57743,0.58033,0.02,0.00401,0.000686,0.000626,0.0189,0.00338,0.000417,0.0,0.0,0.0
0.8,0.3031,0.57753,0.58043,0.02,0.00401,0.000685,0.000626,0.0189,0.00339,0.000416,0.0,0.0,0.0
0.8,0.30298,0.57763,0.58053,0.0201,0.00401,0.000684,0.000625,0.019,0.00339,0.000416,0.0,0.0,0.0
0.8,0.30286,0.57773,0.58063,0.0201,0.00401,0.000683,0.000625,0.019,0.00339,0.000415,0.0,0.0,0.0
0.8,0.30275,0.57783,0.58073,0.0201,0.00402,0.000682,0.000624,0.019,0.00339,0.000415,0.0,0.0,0.0
0.8,0.30263,0.57793,0.58083,0.0201,0.00402,0.000681,0.000624,0.019,0.00339,0.000414,0.0,0.0,0.0
0.8,0.30252,0.57803,0.58093,0.0201,0.00402,0.00068,0.000623,0.019,0.0034,0.000414,0.0,0.0,0.0
0.8,0.3024,0.57814,0.58103,0.0201,0.00402,0.000679,0.000623,0.019,0.0034,0.000413,0.0,0.0,0.0
0.8,0.30228,0.57824,0.58113,0.0201,0.00402,0.000678,0.000622,0.019,0.0034,0.000413,0.0,0.0,0.0
0.8,0.30217,0.57834,0.58123,0.0201,0.00402,0.000677,0.000622,0.019,0.0034,0.000412,0.0,0.0,0.0
0.8,0.30205,0.57844,0.58133,0.0201,0.00403,0.000676,0.000622,0.019,0.0034,0.000412,0.0,0.0,0.0
0.8,0.30193,0.57854,0.58143,0.0201,0.00403,0.000675,0.000621,0.019,0.00341,0.000411,0.0,0.0,0.0
0.8,0.30182,0.57864,0.58153,0.0201,0.00403,0.000674,0.000621,0.019,0.00341,0.000411,0.0,0.0,0.0
0.8,0.3017,0.57874,0.58163,0.0201,0.00403,0.000673,0.00062,0.019,0.00341,0.00041,0.0,0.0,0.0
0.8,0.30158,0.57884,0.58173,0.0201,0.00403,0.000672,0.00062,0.019,0.00341,0.00041,0.0,0.0,0.0
0.8,0.30147,0.57894,0.58183,0.0201,0.00403,0.000671,0.000619,0.019,0.00341,0.000409,0.0,0.0,0.0
0.8,0.30135,0.57905,0.58193,0.0201,0.00403,0.00067,0.000619,0.019,0.00342,0.000409,0.0,0.0,0.0
0.8,0.30124,0.57915,0.58203,0.0201,0.00404,0.000669,0.000618,0.019,0.00342,0.000408,0.0,0.0,0.0
0.8,0.30112,0.57925,0.58213,0.0201,0.00404,0.000668,0.000618,0.019,0.00342,0.000408,0.0,0.0,0.0
0.8,0.301,0.57935,0.58223,0.0201,0.00407,0.000667,0.000618,0.019,0.00345,0.000407,0.0,0.0,0.0
0.8,0.30089,0.57945,0.58233,0.0201,0.00407,0.000666,0.000617,0.019,0.00345,0.000407,0.0,0.0,0.0
0.8,0.30077,0.57955,0.58243,0.0201,0.00407,0.000666,0.000617,0.019,0.00345,0.000406,0.0,0.0,0.0
0.8,0.30065,0.57965,0.58253,0.0201,0.00407,0.000665,0.000616,0.019,0.00345,0.000406,0.0,0.0,0.0
0.8,0.30054,0.57975,0.58263,0.0201,0.00407,0.000664,0.000616,0.019,0.00346,0.000405,0.0,0.0,0.0
0.8,0.30042,0.57985,0.58273,0.0201,0.00407,0.000663,0.000615,0.019,0.00346,0.000405,0.0,0.0,0.0
0.8,0.3003,0.57996,0.58283,0.0201,0.00407,0.000662,0.000615,0.0191,0.00346,0.000404,0.0,0.0,0.0
0.8,0.30019,0.58006,0.58293,0.0201,0.00407,0.000661,0.000614,0.0191,0.00346,0.000404,0.0,0.0,0.0
0.8,0.30007,0.58016,0.58303,0.0201,0.00408,0.00066,0.000614,0.0191,0.00346,0.000403,0.0,0.0,0.0
0.8,0.29995,0.58026,0.58313,0.0201,0.00408,0.000659,0.000613,0.0191,0.00346,0.000403,0.0,0.0,0.0
0.8,0.29984,0.58036,0.58323,0.0201,0.00408,0.000658,0.000613,0.0191,0.00346,0.000402,0.0,0.0,0.0
0.8,0.29972,0.58046,0.58333,0.0201,0.00408,0.000657,0.000613,0.0191,0.00347,0.000402,0.0,0.0,0.0
0.8,0.2996,0.58056,0.58343,0.0201,0.00408,0.000656,0.000612,0.0191,0.00347,0.000401,0.0,0.0,0.0
0.8,0.29949,0.58066,0.58353,0.0201,0.00408,0.000655,0.000612,0.0191,0.00347,0.000401,0.0,0.0,0.0
0.8,0.29937,0.58076,0.58363,0.0201,0.00408,0.000654,0.000611,0.0191,0.00347,0.0004,0.0,0.0,0.0
0.8,0.29925,0.58087,0.58373,0.0201,0.00408,0.000653,0.000611,0.0191,0.00347,0.0004,0.0,0.0,0.0
0.8,0.29914,0.58097,0.58383,0.0202,0.00409,0.000652,0.00061,0.0191,0.00347,0.000399,0.0,0.0,0.0
0.8,0.29902,0.58107,0.58393,0.0202,0.00409,0.000651,0.00061,0.0191,0.00348,0.000399,0.0,0.0,0.0
0.8,0.2989,0.58117,0.58403,0.0202,0.00409,0.00065,0.000609,0.0191,0.00348,0.000398,0.0,0.0,0.0
0.8,0.29879,0.58127,0.58413,0.0202,0.00409,0.00065,0.000609,0.0191,0.00348,0.000398,0.0,0.0,0.0
0.8,0.29867,0.58137,0.58423,0.0202,0.00409,0.000649,0.000608,0.0191,0.00348,0.000397,0.0,0.0,0.0
0.8,0.29855,0.58147,0.58433,0.0202,0.00409,0.000648,0.000608,0.0191,0.00348,0.000397,0.0,0.0,0.0
0.8,0.29844,0.58157,0.58443,0.0202,0.00409,0.000647,0.000608,0.0191,0.00349,0.000397,0.0,0.0,0.0
0.8,0.29832,0.58168,0.58453,0.0202,0.0041,0.000646,0.000607,0.0191,0.00349,0.000396,0.0,0.0,0.0
0.8,0.2982,0.58178,0.58463,0.0202,0.0041,0.000645,0.000607,0.0191,0.00349,0.000396,0.0,0.0,0.0
0.8,0.29809,0.58188,0.58473,0.0202,0.0041,0.000644,0.000606,0.0191,0.00349,0.000395,0.0,0.0,0.0
0.8,0.29797,0.58198,0.58483,0.0202,0.0041,0.000643,0.000606,0.0191,0.00349,0.000395,0.0,0.0,0.0
0.8,0.29785,0.58208,0.58493,0.0202,0.0041,0.000642,0.000605,0.0192,0.0035,0.000394,0.0,0.0,0.0
0.8,0.29773,0.58218,0.58503,0.0202,0.0041,0.000641,0.000605,0.0192,0.0035,0.000394,0.0,0.0,0.0
0.8,0.29762,0.58228,0.58513,0.0202,0.0041,0.00064,0.000604,0.0192,0.0035,0.000393,0.0,0.0,0.0
0.8,0.2975,0.58238,0.58523,0.0202,0.00411,0.000639,0.000604,0.0192,0.0035,0.000393,0.0,0.0,0.0
0.8,0.29738,0.58248,0.58533,0.0202,0.00411,0.000638,0.000604,0.0192,0.0035,0.000392,0.0,0.0,0.0
0.8,0.29727,0.58259,0.58543,0.0202,0.00411,0.000637,0.000603,0.0192,0.00351,0.000392,0.0,0.0,0.0
0.8,0.29715,0.58269,0.58553,0.0202,0.00411,0.000637,0.000603,0.0192,0.00351,0.000391,0.0,0.0,0.0
0.8,0.29703,0.58279,0.58563,0.0202,0.00411,0.000636,0.000602,0.0192,0.00351,0.000391,0.0,0.0,0.0
0.8,0.29692,0.58289,0.58573,0.0202,0.00411,0.000635,0.000602,0.0192,0.00351,0.00039,0.0,0.0,0.0
0.8,0.2968,0.58299,0.58583,0.0202,0.00411,0.000634,0.000601,0.0192,0.00351,0.00039,0.0,0.0,0.0
0.8,0.29668,0.58309,0.58593,0.0202,0.00412,0.000633,0.000601,0.0192,0.00352,0.000389,0.0,0.0,0.0
0.8,0.29656,0.58319,0.58603,0.0202,0.00412,0.000632,0.0006,0.0192,0.00352,0.000389,0.0,0.0,0.0
0.8,0.29645,0.58329,0.58613,0.0202,0.00412,0.000631,0.0006,0.0192,0.00352,0.000388,0.0,0.0,0.0
0.8,0.29633,0.58339,0.58623,0.0202,0.00412,0.00063,0.0006,0.0192,0.00352,0.000388,0.0,0.0,0.0
0.8,0.29621,0.5835,0.58633,0.0202,0.00412,0.000629,0.000599,0.0192,0.00352,0.000387,0.0,0.0,0.0
0.8,0.29609,0.5836,0.58643,0.0202,0.00412,0.000628,0.000599,0.0192,0.00353,0.000387,0.0,0.0,0.0
0.8,0.29598,0.5837,0.58653,0.0202,0.00413,0.000627,0.000598,0.0192,0.00353,0.000386,0.0,0.0,0.0
0.8,0.29586,0.5838,0.58663,0.0202,0.00413,0.000626,0.000598,0.0192,0.00353,0.000386,0.0,0.0,0.0
0.8,0.29574,0.5839,0.58673,0.0202,0.00413,0.000625,0.000597,0.0192,0.00353,0.000385,0.0,0.0,0.0
0.8,0.29563,0.584,0.58683,0.0202,0.00413,0.000625,0.000597,0.0192,0.00353,0.000385,0.0,0.0,0.0
0.8,0.29551,0.5841,0.58693,0.0203,0.00413,0.000624,0.000596,0.0192,0.00354,0.000384,0.0,0.0,0.0
0.8,0.29539,0.5842,0.58703,0.0203,0.00413,0.000623,0.000596,0.0192,0.00354,0.000384,0.0,0.0,0.0
0.8,0.29527,0.5843,0.58713,0.0203,0.00414,0.000622,0.000595,0.0193,0.00354,0.000383,0.0,0.0,0.0
0.8,0.29516,0.58441,0.58723,0.0203,0.00414,0.000621,0.000595,0.0193,0.00354,0.000383,0.0,0.0,0.0
0.8,0.29504,0.58451,0.58733,0.0203,0.00414,0.00062,0.000595,0.0193,0.00354,0.000382,0.0,0.0,0.0
0.8,0.29492,0.58461,0.58743,0.0203,0.00417,0.000619,0.000594,0.0193,0.00357,0.000382,0.0,0.0,0.0
0.8,0.2948,0.58471,0.58753,0.0203,0.00417,0.000618,0.000594,0.0193,0.00357,0.000381,0.0,0.0,0.0
0.8,0.29469,0.58481,0.58763,0.0203,0.00417,0.000617,0.000593,0.0193,0.00358,0.000381,0.0,0.0,0.0
0.8,0.29457,0.58491,0.58773,0.0203,0.00417,0.000616,0.000593,0.0193,0.00358,0.00038,0.0,0.0,0.0
0.8,0.29445,0.58501,0.58783,0.0203,0.00417,0.000615,0.000592,0.0193,0.00358,0.00038,0.0,0.0,0.0
0.8,0.29433,0.58511,0.58793,0.0203,0.00417,0.000615,0.000592,0.0193,0.00358,0.000379,0.0,0.0,0.0
0.8,0.29422,0.58521,0.58803,0.0203,0.00417,0.000614,0.000591,0.0193,0.00358,0.000379,0.0,0.0,0.0
0.8,0.2941,0.58532,0.58813,0.0203,0.00417,0.000613,0.000591,0.0193,0.00358,0.000378,0.0,0.0,0.0
0.8,0.29398,0.58542,0.58823,0.0203,0.00418,0.000612,0.000591,0.0193,0.00359,0.000378,0.0,0.0,0.0
0.8,0.29386,0.58552,0.58833,0.0203,0.00418,0.000611,0.00059,0.0193,0.00359,0.000377,0.0,0.0,0.0
0.8,0.29374,0.58562,0.58843,0.0203,0.00418,0.00061,0.00059,0.0193,0.00359,0.000377,0.0,0.0,0.0
0.8,0.29363,0.58572,0.58853,0.0203,0.00418,0.000609,0.000589,0.0193,0.00359,0.000376,0.0,0.0,0.0
0.8,0.29351,0.58582,0.58863,0.0203,0.00418,0.000608,0.000589,0.0193,0.00359,0.000376,0.0,0.0,0.0
0.8,0.29339,0.58592,0.58873,0.0203,0.00418,0.000607,0.000588,0.0193,0.00359,0.000375,0.0,0.0,0.0
0.8,0.29327,0.58602,0.58883,0.0203,0.00418,0.000606,0.000588,0.0193,0.0036,0.000375,0.0,0.0,0.0
0.8,0.29316,0.58612,0.58893,0.0203,0.00419,0.000606,0.000587,0.0193,0.0036,0.000374,0.0,0.0,0.0
0.8,0.29304,0.58623,0.58903,0.0203,0.00419,0.000605,0.000587,0.0193,0.0036,0.000374,0.0,0.0,0.0
0.8,0.29292,0.58633,0.58913,0.0203,0.00419,0.000604,0.000587,0.0193,0.0036,0.000373,0.0,0.0,0.0
0.8,0.2928,0.58643,0.58923,0.0203,0.00419,0.000603,0.000586,0.0193,0.0036,0.000373,0.0,0.0,0.0
0.8,0.29268,0.58653,0.58933,0.0203,0.00419,0.000602,0.000586,0.0193,0.00361,0.000372,0.0,0.0,0.0
0.8,0.29257,0.58663,0.58943,0.0203,0.00419,0.000601,0.000585,0.0193,0.00361,0.000372,0.0,0.0,0.0
0.8,0.29245,0.58673,0.58953,0.0203,0.00419,0.0006,0.000585,0.0193,0.00361,0.000371,0.0,0.0,0.0
0.8,0.29233,0.58683,0.58963,0.0203,0.0042,0.000599,0.000584,0.0194,0.00361,0.000371,0.0,0.0,0.0
0.8,0.29221,0.58693,0.58973,0.0203,0.0042,0.000598,0.000584,0.0194,0.00361,0.00037,0.0,0.0,0.0
0.8,0.2921,0.58703,0.58983,0.0203,0.0042,0.000597,0.000583,0.0194,0.00361,0.00037,0.0,0.0,0.0
0.8,0.29198,0.58714,0.58993,0.0203,0.0042,0.000597,0.000583,0.0194,0.00362,0.000369,0.0,0.0,0.0
0.8,0.29186,0.58724,0.59003,0.0203,0.0042,0.000596,0.000583,0.0194,0.00362,0.000369,0.0,0.0,0.0
0.8,0.29174,0.58734,0.59013,0.0203,0.0042,0.000595,0.000582,0.0194,0.00362,0.000368,0.0,0.0,0.0
0.8,0.29162,0.58744,0.59023,0.0203,0.0042,0.000594,0.000582,0.0194,0.00362,0.000368,0.0,0.0,0.0
0.8,0.29151,0.58754,0.59033,0.0203,0.00421,0.000593,0.000581,0.0194,0.00363,0.000367,0.0,0.0,0.0
0.8,0.29139,0.58764,0.59043,0.0203,0.00421,0.000592,0.000581,0.0194,0.00363,0.000367,0.0,0.0,0.0
0.8,0.29127,0.58774,0.59053,0.0203,0.00421,0.000591,0.00058,0.0194,0.00363,0.000366,0.0,0.0,0.0
0.8,0.29115,0.58784,0.59063,0.0204,0.00421,0.00059,0.00058,0.0194,0.00363,0.000366,0.0,0.0,0.0
0.8,0.29103,0.58794,0.59073,0.0204,0.00421,0.000589,0.000579,0.0194,0.00363,0.000366,0.0,0.0,0.0
0.8,0.29091,0.58805,0.59083,0.0204,0.00421,0.000589,0.000579,0.0194,0.00364,0.000365,0.0,0.0,0.0
0.8,0.2908,0.58815,0.59093,0.0204,0.00422,0.000588,0.000579,0.0194,0.00364,0.000365,0.0,0.0,0.0
0.8,0.29068,0.58825,0.59103,0.0204,0.00422,0.000587,0.000578,0.0194,0.00364,0.000364,0.0,0.0,0.0
0.8,0.29056,0.58835,0.59113,0.0204,0.00422,0.000586,0.000578,0.0194,0.00364,0.000364,0.0,0.0,0.0
0.8,0.29044,0.58845,0.59123,0.0204,0.00422,0.000585,0.000577,0.0194,0.00364,0.000363,0.0,0.0,0.0
0.8,0.29032,0.58855,0.59133,0.0204,0.00422,0.000584,0.000577,0.0194,0.00365,0.000363,0.0,0.0,0.0
0.8,0.29021,0.58865,0.59143,0.0204,0.00422,0.000583,0.000576,0.0194,0.00365,0.000362,0.0,0.0,0.0
0.8,0.29009,0.58875,0.59153,0.0204,0.00423,0.000582,0.000576,0.0194,0.00365,0.000362,0.0,0.0,0.0
0.8,0.28997,0.58886,0.59163,0.0204,0.00423,0.000582,0.000575,0.0194,0.00365,0.000361,0.0,0.0,0.0
0.8,0.28985,0.58896,0.59173,0.0204,0.00423,0.000581,0.000575,0.0194,0.00365,0.000361,0.0,0.0,0.0
0.8,0.28973,0.58906,0.59183,0.0204,0.00423,0.00058,0.000575,0.0194,0.00366,0.00036,0.0,0.0,0.0
0.8,0.28961,0.58916,0.59193,0.0204,0.00423,0.000579,0.000574,0.0194,0.00366,0.00036,0.0,0.0,0.0
0.8,0.2895,0.58926,0.59203,0.0204,0.00423,0.000578,0.000574,0.0195,0.00366,0.000359,0.0,0.0,0.0
0.8,0.28938,0.58936,0.59213,0.0204,0.00424,0.000577,0.000573,0.0195,0.00366,0.000359,0.0,0.0,0.0
0.8,0.28926,0.58946,0.59223,0.0204,0.00424,0.000576,0.000573,0.0195,0.00367,0.000358,0.0,0.0,0.0
0.8,0.28914,0.58956,0.59233,0.0204,0.00424,0.000575,0.000572,0.0195,0.00367,0.000358,0.0,0.0,0.0
0.8,0.28902,0.58966,0.59243,0.0204,0.00424,0.000574,0.000572,0.0195,0.00367,0.000357,0.0,0.0,0.0
0.8,0.2889,0.58977,0.59253,0.0204,0.00424,0.000574,0.000571,0.0195,0.00367,0.000357,0.0,0.0,0.0
0.8,0.28878,0.58987,0.59263,0.0204,0.00427,0.000573,0.000571,0.0195,0.0037,0.000356,0.0,0.0,0.0
0.8,0.28867,0.58997,0.59273,0.0204,0.00427,0.000572,0.000571,0.0195,0.0037,0.000356,0.0,0.0,0.0
0.8,0.28855,0.59007,0.59283,0.0204,0.00427,0.000571,0.00057,0.0195,0.0037,0.000355,0.0,0.0,0.0
0.8,0.28843,0.59017,0.59293,0.0204,0.00427,0.00057,0.00057,0.0195,0.0037,0.000355,0.0,0.0,0.0
0.8,0.28831,0.59027,0.59303,0.0204,0.00427,0.000569,0.000569,0.0195,0.0037,0.000354,0.0,0.0,0.0
0.8,0.28819,0.59037,0.59313,0.0204,0.00428,0.000568,0.000569,0.0195,0.00371,0.000354,0.0,0.0,0.0
0.8,0.28807,0.59047,0.59323,0.0204,0.00428,0.000568,0.000568,0.0195,0.00371,0.000353,0.0,0.0,0.0
0.8,0.28795,0.59057,0.59333,0.0204,0.00428,0.000567,0.000568,0.0195,0.00371,0.000353,0.0,0.0,0.0
0.8,0.28784,0.59068,0.59343,0.0204,0.00428,0.000566,0.000567,0.0195,0.00371,0.000352,0.0,0.0,0.0
0.8,0.28772,0.59078,0.59353,0.0204,0.00428,0.000565,0.000567,0.0195,0.00371,0.000352,0.0,0.0,0.0
0.8,0.2876,0.59088,0.59363,0.0204,0.00428,0.000564,0.000567,0.0195,0.00372,0.000351,0.0,0.0,0.0
0.8,0.28748,0.59098,0.59373,0.0204,0.00428,0.000563,0.000566,0.0195,0.00372,0.000351,0.0,0.0,0.0
0.8,0.28736,0.59108,0.59383,0.0204,0.00428,0.000562,0.000566,0.0195,0.00372,0.00035,0.0,0.0,0.0
0.8,0.28724,0.59118,0.59393,0.0204,0.00429,0.000561,0.000565,0.0195,0.00372,0.00035,0.0,0.0,0.0
0.8,0.28712,0.59128,0.59403,0.0204,0.00429,0.000561,0.000565,0.0195,0.00372,0.000349,0.0,0.0,0.0
0.8,0.287,0.59138,0.59413,0.0204,0.00429,0.00056,0.000564,0.0195,0.00373,0.000349,0.0,0.0,0.0
0.8,0.28689,0.59148,0.59423,0.0204,0.00429,0.000559,0.000564,0.0195,0.00373,0.000349,0.0,0.0,0.0
0.8,0.28677,0.59159,0.59433,0.0204,0.00429,0.000558,0.000564,0.0195,0.00373,0.000348,0.0,0.0,0.0
0.8,0.28665,0.59169,0.59443,0.0204,0.00429,0.000557,0.000563,0.0195,0.00373,0.000348,0.0,0.0,0.0
0.8,0.28653,0.59179,0.59453,0.0204,0.0043,0.000556,0.000563,0.0195,0.00373,0.000347,0.0,0.0,0.0
0.8,0.28641,0.59189,0.59463,0.0204,0.0043,0.000555,0.000562,0.0195,0.00374,0.000347,0.0,0.0,0.0
0.8,0.28629,0.59199,0.59473,0.0205,0.0043,0.000555,0.000562,0.0195,0.00374,0.000346,0.0,0.0,0.0
0.8,0.28617,0.59209,0.59483,0.0205,0.0043,0.000554,0.000561,0.0196,0.00374,0.000346,0.0,0.0,0.0
0.8,0.28605,0.59219,0.59493,0.0205,0.0043,0.000553,0.000561,0.0196,0.00374,0.000345,0.0,0.0,0.0
0.8,0.28593,0.59229,0.59503,0.0205,0.0043,0.000552,0.00056,0.0196,0.00374,0.000345,0.0,0.0,0.0
0.8,0.28581,0.59239,0.59513,0.0205,0.00431,0.000551,0.00056,0.0196,0.00375,0.000344,0.0,0.0,0.0
0.8,0.2857,0.5925,0.59523,0.0205,0.00431,0.00055,0.00056,0.0196,0.00375,0.000344,0.0,0.0,0.0
0.8,0.28558,0.5926,0.59533,0.0205,0.00431,0.000549,0.000559,0.0196,0.00375,0.000343,0.0,0.0,0.0
0.8,0.28546,0.5927,0.59543,0.0205,0.00431,0.000549,0.000559,0.0196,0.00375,0.000343,0.0,0.0,0.0
0.8,0.28534,0.5928,0.59553,0.0205,0.00431,0.000548,0.000558,0.0196,0.00375,0.000342,0.0,0.0,0.0
0.8,0.28522,0.5929,0.59563,0.0205,0.00431,0.000547,0.000558,0.0196,0.00376,0.000342,0.0,0.0,0.0
0.8,0.2851,0.593,0.59573,0.0205,0.00432,0.000546,0.000557,0.0196,0.00376,0.000341,0.0,0.0,0.0
0.8,0.28498,0.5931,0.59583,0.0205,0.00432,0.000545,0.000557,0.0196,0.00376,0.000341,0.0,0.0,0.0
0.8,0.28486,0.5932,0.59593,0.0205,0.00432,0.000544,0.000556,0.0196,0.00376,0.00034,0.0,0.0,0.0
0.8,0.28474,0.59331,0.59603,0.0205,0.00432,0.000544,0.000556,0.0196,0.00376,0.00034,0.0,0.0,0.0
0.8,0.28462,0.59341,0.59613,0.0205,0.00432,0.000543,0.000556,0.0196,0.00377,0.000339,0.0,0.0,0.0
0.8,0.2845,0.59351,0.59623,0.0205,0.00432,0.000542,0.000555,0.0196,0.00377,0.000339,0.0,0.0,0.0
0.8,0.28439,0.59361,0.59633,0.0205,0.00433,0.000541,0.000555,0.0196,0.00377,0.000338,0.0,0.0,0.0
0.8,0.28427,0.59371,0.59643,0.0205,0.00433,0.00054,0.000554,0.0196,0.00377,0.000338,0.0,0.0,0.0
0.8,0.28415,0.59381,0.59653,0.0205,0.00433,0.000539,0.000554,0.0196,0.00378,0.000337,0.0,0.0,0.0
0.8,0.28403,0.59391,0.59663,0.0205,0.00433,0.000538,0.000553,0.0196,0.00378,0.000337,0.0,0.0,0.0
0.8,0.28391,0.59401,0.59673,0.0205,0.00433,0.000538,0.000553,0.0196,0.00378,0.000336,0.0,0.0,0.0
0.8,0.28379,0.59411,0.59683,0.0205,0.00433,0.000537,0.000553,0.0196,0.00378,0.000336,0.0,0.0,0.0
0.8,0.28367,0.59422,0.59693,0.0205,0.00434,0.000536,0.000552,0.0196,0.00378,0.000336,0.0,0.0,0.0
0.8,0.28355,0.59432,0.59703,0.0205,0.00434,0.000535,0.000552,0.0196,0.00379,0.000335,0.0,0.0,0.0
0.8,0.28343,0.59442,0.59713,0.0205,0.00434,0.000534,0.000551,0.0196,0.00379,0.000335,0.0,0.0,0.0
0.8,0.28331,0.59452,0.59723,0.0205,0.00434,0.000533,0.000551,0.0196,0.00379,0.000334,0.0,0.0,0.0
0.8,0.28319,0.59462,0.59733,0.0205,0.00434,0.000533,0.00055,0.0196,0.00379,0.000334,0.0,0.0,0.0
0.8,0.28307,0.59472,0.59743,0.0205,0.00435,0.000532,0.00055,0.0197,0.0038,0.000333,0.0,0.0,0.0
0.8,0.28295,0.59482,0.59753,0.0205,0.00435,0.000531,0.000549,0.0197,0.0038,0.000333,0.0,0.0,0.0
0.8,0.28283,0.59492,0.59763,0.0205,0.00435,0.00053,0.000549,0.0197,0.0038,0.000332,0.0,0.0,0.0
0.8,0.28271,0.59502,0.59773,0.0205,0.00435,0.000529,0.000549,0.0197,0.0038,0.000332,0.0,0.0,0.0
0.8,0.28259,0.59513,0.59783,0.0205,0.00438,0.000528,0.000548,0.0197,0.00383,0.000331,0.0,0.0,0.0
0.8,0.28247,0.59523,0.59793,0.0205,0.00438,0.000528,0.000548,0.0197,0.00383,0.000331,0.0,0.0,0.0
0.8,0.28235,0.59533,0.59803,0.0205,0.00438,0.000527,0.000547,0.0197,0.00383,0.00033,0.0,0.0,0.0
0.8,0.28224,0.59543,0.59813,0.0205,0.00438,0.000526,0.000547,0.0197,0.00383,0.00033,0.0,0.0,0.0
0.8,0.28212,0.59553,0.59823,0.0205,0.00438,0.000525,0.000546,0.0197,0.00383,0.000329,0.0,0.0,0.0
0.8,0.282,0.59563,0.59833,0.0205,0.00438,0.000524,0.000546,0.0197,0.00384,0.000329,0.0,0.0,0.0
0.8,0.28188,0.59573,0.59843,0.0205,0.00438,0.000523,0.000545,0.0197,0.00384,0.000328,0.0,0.0,0.0
0.8,0.28176,0.59583,0.59853,0.0205,0.00439,0.000523,0.000545,0.0197,0.00384,0.000328,0.0,0.0,0.0
0.8,0.28164,0.59593,0.59863,0.0205,0.00439,0.000522,0.000545,0.0197,0.00384,0.000327,0.0,0.0,0.0
0.8,0.28152,0.59604,0.59873,0.0205,0.00439,0.000521,0.000544,0.0197,0.00384,0.000327,0.0,0.0,0.0
0.8,0.2814,0.59614,0.59883,0.0205,0.00439,0.00052,0.000544,0.0197,0.00385,0.000326,0.0,0.0,0.0
0.8,0.28128,0.59624,0.59893,0.0205,0.00439,0.000519,0.000543,0.0197,0.00385,0.000326,0.0,0.0,0.0
0.8,0.28116,0.59634,0.59903,0.0205,0.00439,0.000518,0.000543,0.0197,0.00385,0.000326,0.0,0.0,0.0
0.8,0.28104,0.59644,0.59913,0.0205,0.00439,0.000518,0.000542,0.0197,0.00385,0.000325,0.0,0.0,0.0
0.8,0.28092,0.59654,0.59923,0.0206,0.0044,0.000517,0.000542,0.0197,0.00385,0.000325,0.0,0.0,0.0
0.8,0.2808,0.59664,0.59933,0.0206,0.0044,0.000516,0.000542,0.0197,0.00386,0.000324,0.0,0.0,0.0
0.8,0.28068,0.59674,0.59943,0.0206,0.0044,0.000515,0.000541,0.0197,0.00386,0.000324,0.0,0.0,0.0
0.8,0.28056,0.59685,0.59953,0.0206,0.0044,0.000514,0.000541,0.0197,0.00386,0.000323,0.0,0.0,0.0
0.8,0.28044,0.59695,0.59963,0.0206,0.0044,0.000514,0.00054,0.0197,0.00386,0.000323,0.0,0.0,0.0
0.8,0.28032,0.59705,0.59973,0.0206,0.0044,0.000513,0.00054,0.0197,0.00386,0.000322,0.0,0.0,0.0
0.8,0.2802,0.59715,0.59983,0.0206,0.00441,0.000512,0.000539,0.0197,0.00387,0.000322,0.0,0.0,0.0
0.8,0.28008,0.59725,0.59993,0.0206,0.00441,0.000511,0.000539,0.0197,0.00387,0.000321,0.0,0.0,0.0
0.8,0.27996,0.59735,0.60003,0.0206,0.00441,0.00051,0.000538,0.0197,0.00387,0.000321,0.0,0.0,0.0
0.8,0.27984,0.59745,0.60013,0.0206,0.00441,0.000509,0.000538,0.0197,0.00387,0.00032,0.0,0.0,0.0
0.8,0.27972,0.59755,0.60023,0.0206,0.00441,0.000509,0.000538,0.0197,0.00388,0.00032,0.0,0.0,0.0
0.8,0.2796,0.59765,0.60033,0.0206,0.00441,0.000508,0.000537,0.0197,0.00388,0.000319,0.0,0.0,0.0
0.8,0.27948,0.59776,0.60043,0.0206,0.00442,0.000507,0.000537,0.0198,0.00388,0.000319,0.0,0.0,0.0
0.8,0.27936,0.59786,0.60053,0.0206,0.00442,0.000506,0.000536,0.0198,0.00388,0.000318,0.0,0.0,0.0
0.8,0.27924,0.59796,0.60063,0.0206,0.00442,0.000505,0.000536,0.0198,0.00388,0.000318,0.0,0.0,0.0
0.8,0.27912,0.59806,0.60073,0.0206,0.00442,0.000505,0.000535,0.0198,0.00389,0.000318,0.0,0.0,0.0
0.8,0.279,0.59816,0.60083,0.0206,0.00442,0.000504,0.000535,0.0198,0.00389,0.000317,0.0,0.0,0.0
0.8,0.27888,0.59826,0.60093,0.0206,0.00443,0.000503,0.000535,0.0198,0.00389,0.000317,0.0,0.0,0.0
0.8,0.27876,0.59836,0.60103,0.0206,0.00443,0.000502,0.000534,0.0198,0.00389,0.000316,0.0,0.0,0.0
0.8,0.27864,0.59846,0.60113,0.0206,0.00443,0.000501,0.000534,0.0198,0.0039,0.000316,0.0,0.0,0.0
0.8,0.27852,0.59856,0.60123,0.0206,0.00443,0.0005,0.000533,0.0198,0.0039,0.000315,0.0,0.0,0.0
0.8,0.2784,0.59867,0.60133,0.0206,0.00443,0.0005,0.000533,0.0198,0.0039,0.000315,0.0,0.0,0.0
0.8,0.27828,0.59877,0.60143,0.0206,0.00444,0.000499,0.000532,0.0198,0.0039,0.000314,0.0,0.0,0.0
0.8,0.27816,0.59887,0.60153,0.0206,0.00444,0.000498,0.000532,0.0198,0.0039,0.000314,0.0,0.0,0.0
0.8,0.27804,0.59897,0.60163,0.0206,0.00444,0.000497,0.000532,0.0198,0.00391,0.000313,0.0,0.0,0.0
0.8,0.27792,0.59907,0.60173,0.0206,0.00444,0.000496,0.000531,0.0198,0.00391,0.000313,0.0,0.0,0.0
0.8,0.2778,0.59917,0.60183,0.0206,0.00444,0.000496,0.000531,0.0198,0.00391,0.000312,0.0,0.0,0.0
0.8,0.27767,0.59927,0.60193,0.0206,0.00444,0.000495,0.00053,0.0198,0.00391,0.000312,0.0,0.0,0.0
0.8,0.27755,0.59937,0.60203,0.0206,0.00445,0.000494,0.00053,0.0198,0.00392,0.000311,0.0,0.0,0.0
0.8,0.27743,0.59948,0.60213,0.0206,0.00445,0.000493,0.000529,0.0198,0.00392,0.000311,0.0,0.0,0.0
0.8,0.27731,0.59958,0.60223,0.0206,0.00445,0.000492,0.000529,0.0198,0.00392,0.000311,0.0,0.0,0.0
0.8,0.27719,0.59968,0.60233,0.0206,0.00445,0.000492,0.000528,0.0198,0.00392,0.00031,0.0,0.0,0.0
0.8,0.27707,0.59978,0.60243,0.0206,0.00445,0.000491,0.000528,0.0198,0.00393,0.00031,0.0,0.0,0.0
0.8,0.27695,0.59988,0.60253,0.0206,0.00446,0.00049,0.000528,0.0198,0.00393,0.000309,0.0,0.0,0.0
0.8,0.27683,0.59998,0.60263,0.0206,0.00446,0.000489,0.000527,0.0198,0.00393,0.000309,0.0,0.0,0.0
0.8,0.27671,0.60008,0.60273,0.0206,0.00446,0.000488,0.000527,0.0198,0.00393,0.000308,0.0,0.0,0.0
0.8,0.27659,0.60018,0.60283,0.0206,0.00446,0.000488,0.000526,0.0198,0.00394,0.000308,0.0,0.0,0.0
0.8,0.27647,0.60028,0.60293,0.0206,0.00449,0.000487,0.000526,0.0198,0.00396,0.000307,0.0,0.0,0.0
0.8,0.27635,0.60039,0.60303,0.0206,0.00449,0.000486,0.000525,0.0198,0.00396,0.000307,0.0,0.0,0.0
0.8,0.27623,0.60049,0.60313,0.0206,0.00449,0.000485,0.000525,0.0198,0.00396,0.000306,0.0,0.0,0.0
0.8,0.27611,0.60059,0.60323,0.0206,0.00449,0.000484,0.000525,0.0198,0.00396,0.000306,0.0,0.0,0.0
0.8,0.27599,0.60069,0.60333,0.0206,0.00449,0.000484,0.000524,0.0198,0.00397,0.000305,0.0,0.0,0.0
0.8,0.27587,0.60079,0.60343,0.0206,0.00449,0.000483,0.000524,0.0198,0.00397,0.000305,0.0,0.0,0.0
0.8,0.27575,0.60089,0.60353,0.0206,0.00449,0.000482,0.000523,0.0198,0.00397,0.000304,0.0,0.0,0.0
0.8,0.27563,0.60099,0.60363,0.0206,0.0045,0.000481,0.000523,0.0199,0.00397,0.000304,0.0,0.0,0.0
0.8,0.2755,0.60109,0.60373,0.0206,0.0045,0.00048,0.000522,0.0199,0.00397,0.000304,0.0,0.0,0.0
0.8,0.27538,0.60119,0.60383,0.0206,0.0045,0.00048,0.000522,0.0199,0.00398,0.000303,0.0,0.0,0.0
0.8,0.27526,0.6013,0.60393,0.0206,0.0045,0.000479,0.000521,0.0199,0.00398,0.000303,0.0,0.0,0.0
0.8,0.27514,0.6014,0.60403,0.0206,0.0045,0.000478,0.000521,0.0199,0.00398,0.000302,0.0,0.0,0.0
0.8,0.27502,0.6015,0.60413,0.0206,0.0045,0.000477,0.000521,0.0199,0.00398,0.000302,0.0,0.0,0.0
0.8,0.2749,0.6016,0.60423,0.0207,0.00451,0.000477,0.00052,0.0199,0.00399,0.000301,0.0,0.0,0.0
0.8,0.27478,0.6017,0.60433,0.0207,0.00451,0.000476,0.00052,0.0199,0.00399,0.000301,0.0,0.0,0.0
0.8,0.27466,0.6018,0.60443,0.0207,0.00451,0.000475,0.000519,0.0199,0.00399,0.0003,0.0,0.0,0.0
0.8,0.27454,0.6019,0.60453,0.0207,0.00451,0.000474,0.000519,0.0199,0.00399,0.0003,0.0,0.0,0.0
0.8,0.27442,0.602,0.60463,0.0207,0.00451,0.000473,0.000518,0.0199,0.00399,0.000299,0.0,0.0,0.0
0.8,0.2743,0.60211,0.60473,0.0207,0.00451,0.000473,0.000518,0.0199,0.004,0.000299,0.0,0.0,0.0
0.8,0.27418,0.60221,0.60483,0.0207,0.00452,0.000472,0.000518,0.0199,0.004,0.000298,0.0,0.0,0.0
0.8,0.27405,0.60231,0.60493,0.0207,0.00452,0.000471,0.000517,0.0199,0.004,0.000298,0.0,0.0,0.0
0.8,0.27393,0.60241,0.60503,0.0207,0.00452,0.00047,0.000517,0.0199,0.004,0.000298,0.0,0.0,0.0
0.8,0.27381,0.60251,0.60513,0.0207,0.00452,0.000469,0.000516,0.0199,0.00401,0.000297,0.0,0.0,0.0
0.8,0.27369,0.60261,0.60523,0.0207,0.00452,0.000469,0.000516,0.0199,0.00401,0.000297,0.0,0.0,0.0
0.8,0.27357,0.60271,0.60533,0.0207,0.00453,0.000468,0.000515,0.0199,0.00401,0.000296,0.0,0.0,0.0
0.8,0.27345,0.60281,0.60543,0.0207,0.00453,0.000467,0.000515,0.0199,0.00401,0.000296,0.0,0.0,0.0
0.8,0.27333,0.60291,0.60553,0.0207,0.00453,0.000466,0.000515,0.0199,0.00401,0.000295,0.0,0.0,0.0
0.8,0.27321,0.60302,0.60563,0.0207,0.00453,0.000466,0.000514,0.0199,0.00402,0.000295,0.0,0.0,0.0
0.8,0.27309,0.60312,0.60573,0.0207,0.00453,0.000465,0.000514,0.0199,0.00402,0.000294,0.0,0.0,0.0
0.8,0.27296,0.60322,0.60583,0.0207,0.00454,0.000464,0.000513,0.0199,0.00402,0.000294,0.0,0.0,0.0
0.8,0.27284,0.60332,0.60593,0.0207,0.00454,0.000463,0.000513,0.0199,0.00402,0.000293,0.0,0.0,0.0
0.8,0.27272,0.60342,0.60603,0.0207,0.00454,0.000462,0.000512,0.0199,0.00403,0.000293,0.0,0.0,0.0
0.8,0.2726,0.60352,0.60613,0.0207,0.00454,0.000462,0.000512,0.0199,0.00403,0.000293,0.0,0.0,0.0
0.8,0.27248,0.60362,0.60623,0.0207,0.00454,0.000461,0.000512,0.0199,0.00403,0.000292,0.0,0.0,0.0
0.8,0.27236,0.60372,0.60633,0.0207,0.00454,0.00046,0.000511,0.0199,0.00403,0.000292,0.0,0.0,0.0
0.8,0.27224,0.60383,0.60643,0.0207,0.00455,0.000459,0.000511,0.0199,0.00404,0.000291,0.0,0.0,0.0
0.8,0.27212,0.60393,0.60653,0.0207,0.00455,0.000459,0.00051,0.0199,0.00404,0.000291,0.0,0.0,0.0
0.8,0.27199,0.60403,0.60663,0.0207,0.00455,0.000458,0.00051,0.02,0.00404,0.00029,0.0,0.0,0.0
0.8,0.27187,0.60413,0.60673,0.0207,0.00455,0.000457,0.000509,0.02,0.00404,0.00029,0.0,0.0,0.0
0.8,0.27175,0.60423,0.60683,0.0207,0.00455,0.000456,0.000509,0.02,0.00405,0.000289,0.0,0.0,0.0
0.8,0.27163,0.60433,0.60693,0.0207,0.00456,0.000455,0.000508,0.02,0.00405,0.000289,0.0,0.0,0.0
0.8,0.27151,0.60443,0.60703,0.0207,0.00456,0.000455,0.000508,0.02,0.00405,0.000288,0.0,0.0,0.0
0.8,0.27139,0.60453,0.60713,0.0207,0.00456,0.000454,0.000508,0.02,0.00405,0.000288,0.0,0.0,0.0
0.8,0.27127,0.60463,0.60723,0.0207,0.00456,0.000453,0.000507,0.02,0.00406,0.000288,0.0,0.0,0.0
0.8,0.27114,0.60474,0.60733,0.0207,0.00456,0.000452,0.000507,0.02,0.00406,0.000287,0.0,0.0,0.0
0.8,0.27102,0.60484,0.60743,0.0207,0.00457,0.000452,0.000506,0.02,0.00406,0.000287,0.0,0.0,0.0
0.8,0.2709,0.60494,0.60753,0.0207,0.00457,0.000451,0.000506,0.02,0.00406,0.000286,0.0,0.0,0.0
0.8,0.27078,0.60504,0.60763,0.0207,0.00457,0.00045,0.000505,0.02,0.00407,0.000286,0.0,0.0,0.0
0.8,0.27066,0.60514,0.60773,0.0207,0.00457,0.000449,0.000505,0.02,0.00407,0.000285,0.0,0.0,0.0
0.8,0.27054,0.60524,0.60783,0.0207,0.00458,0.000449,0.000505,0.02,0.00407,0.000285,0.0,0.0,0.0
0.8,0.27042,0.60534,0.60793,0.0207,0.00458,0.000448,0.000504,0.02,0.00407,0.000284,0.0,0.0,0.0
0.8,0.27029,0.60544,0.60803,0.0207,0.00458,0.000447,0.000504,0.02,0.00408,0.000284,0.0,0.0,0.0
0.8,0.27017,0.60554,0.60813,0.0207,0.0046,0.000446,0.000503,0.02,0.0041,0.000283,0.0,0.0,0.0
0.8,0.27005,0.60565,0.60823,0.0207,0.0046,0.000446,0.000503,0.02,0.0041,0.000283,0.0,0.0,0.0
0.8,0.26993,0.60575,0.60833,0.0207,0.0046,0.000445,0.000502,0.02,0.0041,0.000283,0.0,0.0,0.0
0.8,0.26981,0.60585,0.60843,0.0207,0.00461,0.000444,0.000502,0.02,0.0041,0.000282,0.0,0.0,0.0
0.8,0.26969,0.60595,0.60853,0.0207,0.00461,0.000443,0.000502,0.02,0.00411,0.000282,0.0,0.0,0.0
0.8,0.26956,0.60605,0.60863,0.0207,0.00461,0.000443,0.000501,0.02,0.00411,0.000281,0.0,0.0,0.0
0.8,0.26944,0.60615,0.60873,0.0207,0.00461,0.000442,0.000501,0.02,0.00411,0.000281,0.0,0.0,0.0
0.8,0.26932,0.60625,0.60883,0.0207,0.00461,0.000441,0.0005,0.02,0.00411,0.00028,0.0,0.0,0.0
0.8,0.2692,0.60635,0.60893,0.0207,0.00461,0.00044,0.0005,0.02,0.00411,0.00028,0.0,0.0,0.0
0.8,0.26908,0.60646,0.60903,0.0207,0.00462,0.000439,0.000499,0.02,0.00412,0.000279,0.0,0.0,0.0
0.8,0.26896,0.60656,0.60913,0.0207,0.00462,0.000439,0.000499,0.02,0.00412,0.000279,0.0,0.0,0.0
0.8,0.26883,0.60666,0.60923,0.0207,0.00462,0.000438,0.000499,0.02,0.00412,0.000279,0.0,0.0,0.0
0.8,0.26871,0.60676,0.60933,0.0207,0.00462,0.000437,0.000498,0.02,0.00412,0.000278,0.0,0.0,0.0
0.8,0.26859,0.60686,0.60943,0.0207,0.00462,0.000436,0.000498,0.02,0.00413,0.000278,0.0,0.0,0.0
0.8,0.26847,0.60696,0.60953,0.0207,0.00463,0.000436,0.000497,0.02,0.00413,0.000277,0.0,0.0,0.0
0.8,0.26835,0.60706,0.60963,0.0207,0.00463,0.000435,0.000497,0.02,0.00413,0.000277,0.0,0.0,0.0
0.8,0.26822,0.60716,0.60973,0.0208,0.00463,0.000434,0.000496,0.02,0.00413,0.000276,0.0,0.0,0.0
0.8,0.2681,0.60726,0.60983,0.0208,0.00463,0.000433,0.000496,0.02,0.00414,0.000276,0.0,0.0,0.0
0.8,0.26798,0.60737,0.60993,0.0208,0.00463,0.000433,0.000496,0.02,0.00414,0.000275,0.0,0.0,0.0
0.8,0.26786,0.60747,0.61003,0.0208,0.00464,0.000432,0.000495,0.02,0.00414,0.000275,0.0,0.0,0.0
0.8,0.26774,0.60757,0.61013,0.0208,0.00464,0.000431,0.000495,0.0201,0.00414,0.000275,0.0,0.0,0.0
0.8,0.26761,0.60767,0.61023,0.0208,0.00464,0.00043,0.000494,0.0201,0.00414,0.000274,0.0,0.0,0.0
0.8,0.26749,0.60777,0.61033,0.0208,0.00464,0.00043,0.000494,0.0201,0.00415,0.000274,0.0,0.0,0.0
0.8,0.26737,0.60787,0.61043,0.0208,0.00464,0.000429,0.000493,0.0201,0.00415,0.000273,0.0,0.0,0.0
0.8,0.26725,0.60797,0.61053,0.0208,0.00465,0.000428,0.000493,0.0201,0.00415,0.000273,0.0,0.0,0.0
0.8,0.26713,0.60807,0.61063,0.0208,0.00465,0.000427,0.000492,0.0201,0.00415,0.000272,0.0,0.0,0.0
0.8,0.267,0.60818,0.61073,0.0208,0.00465,0.000427,0.000492,0.0201,0.00416,0.000272,0.0,0.0,0.0
0.8,0.26688,0.60828,0.61083,0.0208,0.00465,0.000426,0.000492,0.0201,0.00416,0.000271,0.0,0.0,0.0
0.8,0.26676,0.60838,0.61093,0.0208,0.00465,0.000425,0.000491,0.0201,0.00416,0.000271,0.0,0.0,0.0
0.8,0.26664,0.60848,0.61103,0.0208,0.00466,0.000425,0.000491,0.0201,0.00416,0.000271,0.0,0.0,0.0
0.8,0.26651,0.60858,0.61113,0.0208,0.00466,0.000424,0.00049,0.0201,0.00417,0.00027,0.0,0.0,0.0
0.8,0.26639,0.60868,0.61123,0.0208,0.00466,0.000423,0.00049,0.0201,0.00417,0.00027,0.0,0.0,0.0
0.8,0.26627,0.60878,0.61133,0.0208,0.00466,0.000422,0.000489,0.0201,0.00417,0.000269,0.0,0.0,0.0
0.8,0.26615,0.60888,0.61143,0.0208,0.00466,0.000422,0.000489,0.0201,0.00417,0.000269,0.0,0.0,0.0
0.8,0.26603,0.60898,0.61153,0.0208,0.00467,0.000421,0.000489,0.0201,0.00418,0.000268,0.0,0.0,0.0
0.8,0.2659,0.60909,0.61163,0.0208,0.00467,0.00042,0.000488,0.0201,0.00418,0.000268,0.0,0.0,0.0
0.8,0.26578,0.60919,0.61173,0.0208,0.00467,0.000419,0.000488,0.0201,0.00418,0.000267,0.0,0.0,0.0
0.8,0.26566,0.60929,0.61183,0.0208,0.00467,0.000419,0.000487,0.0201,0.00419,0.000267,0.0,0.0,0.0
0.8,0.26554,0.60939,0.61193,0.0208,0.00467,0.000418,0.000487,0.0201,0.00419,0.000267,0.0,0.0,0.0
0.8,0.26541,0.60949,0.61203,0.0208,0.00468,0.000417,0.000486,0.0201,0.00419,0.000266,0.0,0.0,0.0
0.8,0.26529,0.60959,0.61213,0.0208,0.00468,0.000416,0.000486,0.0201,0.00419,0.000266,0.0,0.0,0.0
0.8,0.26517,0.60969,0.61223,0.0208,0.00468,0.000416,0.000486,0.0201,0.0042,0.000265,0.0,0.0,0.0
0.8,0.26505,0.60979,0.61233,0.0208,0.00468,0.000415,0.000485,0.0201,0.0042,0.000265,0.0,0.0,0.0
0.8,0.26492,0.6099,0.61243,0.0208,0.00469,0.000414,0.000485,0.0201,0.0042,0.000264,0.0,0.0,0.0
0.8,0.2648,0.61,0.61253,0.0208,0.00469,0.000413,0.000484,0.0201,0.0042,0.000264,0.0,0.0,0.0
0.8,0.26468,0.6101,0.61263,0.0208,0.00469,0.000413,0.000484,0.0201,0.00421,0.000263,0.0,0.0,0.0
0.8,0.26456,0.6102,0.61273,0.0208,0.00469,0.000412,0.000483,0.0201,0.00421,0.000263,0.0,0.0,0.0
0.8,0.26443,0.6103,0.61283,0.0208,0.00469,0.000411,0.000483,0.0201,0.00421,0.000263,0.0,0.0,0.0
0.8,0.26431,0.6104,0.61293,0.0208,0.0047,0.000411,0.000483,0.0201,0.00421,0.000262,0.0,0.0,0.0
0.8,0.26419,0.6105,0.61303,0.0208,0.0047,0.00041,0.000482,0.0201,0.00422,0.000262,0.0,0.0,0.0
0.8,0.26407,0.6106,0.61313,0.0208,0.0047,0.000409,0.000482,0.0201,0.00422,0.000261,0.0,0.0,0.0
0.8,0.26394,0.6107,0.61323,0.0208,0.00472,0.000408,0.000481,0.0201,0.00424,0.000261,0.0,0.0,0.0
0.8,0.26382,0.61081,0.61333,0.0208,0.00472,0.000408,0.000481,0.0201,0.00424,0.00026,0.0,0.0,0.0
0.8,0.2637,0.61091,0.61343,0.0208,0.00472,0.000407,0.00048,0.0201,0.00424,0.00026,0.0,0.0,0.0
0.8,0.26358,0.61101,0.61353,0.0208,0.00473,0.000406,0.00048,0.0201,0.00425,0.00026,0.0,0.0,0.0
0.8,0.26345,0.61111,0.61363,0.0208,0.00473,0.000405,0.00048,0.0201,0.00425,0.000259,0.0,0.0,0.0
0.8,0.26333,0.61121,0.61373,0.0208,0.00473,0.000405,0.000479,0.0202,0.00425,0.000259,0.0,0.0,0.0
0.8,0.26321,0.61131,0.61383,0.0208,0.00473,0.000404,0.000479,0.0202,0.00425,0.000258,0.0,0.0,0.0
0.8,0.26308,0.61141,0.61393,0.0208,0.00473,0.000403,0.000478,0.0202,0.00426,0.000258,0.0,0.0,0.0
0.8,0.26296,0.61151,0.61403,0.0208,0.00474,0.000403,0.000478,0.0202,0.00426,0.000257,0.0,0.0,0.0
0.8,0.26284,0.61162,0.61413,0.0208,0.00474,0.000402,0.000477,0.0202,0.00426,0.000257,0.0,0.0,0.0
0.8,0.26272,0.61172,0.61423,0.0208,0.00474,0.000401,0.000477,0.0202,0.00426,0.000257,0.0,0.0,0.0
0.8,0.26259,0.61182,0.61433,0.0208,0.00474,0.0004,0.000477,0.0202,0.00426,0.000256,0.0,0.0,0.0
0.8,0.26247,0.61192,0.61443,0.0208,0.00474,0.0004,0.000476,0.0202,0.00427,0.000256,0.0,0.0,0.0
0.8,0.26235,0.61202,0.61453,0.0208,0.00475,0.000399,0.000476,0.0202,0.00427,0.000255,0.0,0.0,0.0
0.8,0.26222,0.61212,0.61463,0.0208,0.00475,0.000398,0.000475,0.0202,0.00427,0.000255,0.0,0.0,0.0
0.8,0.2621,0.61222,0.61473,0.0208,0.00475,0.000398,0.000475,0.0202,0.00427,0.000254,0.0,0.0,0.0
0.8,0.26198,0.61232,0.61483,0.0208,0.00475,0.000397,0.000474,0.0202,0.00428,0.000254,0.0,0.0,0.0
0.8,0.26186,0.61242,0.61493,0.0208,0.00475,0.000396,0.000474,0.0202,0.00428,0.000254,0.0,0.0,0.0
0.8,0.26173,0.61253,0.61503,0.0208,0.00476,0.000395,0.000474,0.0202,0.00428,0.000253,0.0,0.0,0.0
0.8,0.26161,0.61263,0.61513,0.0208,0.00476,0.000395,0.000473,0.0202,0.00428,0.000253,0.0,0.0,0.0
0.8,0.26149,0.61273,0.61523,0.0208,0.00476,0.000394,0.000473,0.0202,0.00429,0.000252,0.0,0.0,0.0
0.8,0.26136,0.61283,0.61533,0.0208,0.00476,0.000393,0.000472,0.0202,0.00429,0.000252,0.0,0.0,0.0
0.8,0.26124,0.61293,0.61543,0.0208,0.00476,0.000393,0.000472,0.0202,0.00429,0.000251,0.0,0.0,0.0
0.8,0.26112,0.61303,0.61553,0.0208,0.00477,0.000392,0.000471,0.0202,0.0043,0.000251,0.0,0.0,0.0
0.8,0.26099,0.61313,0.61563,0.0209,0.00477,0.000391,0.000471,0.0202,0.0043,0.000251,0.0,0.0,0.0
0.8,0.26087,0.61323,0.61573,0.0209,0.00477,0.00039,0.000471,0.0202,0.0043,0.00025,0.0,0.0,0.0
0.8,0.26075,0.61334,0.61583,0.0209,0.00477,0.00039,0.00047,0.0202,0.0043,0.00025,0.0,0.0,0.0
0.8,0.26062,0.61344,0.61593,0.0209,0.00478,0.000389,0.00047,0.0202,0.00431,0.000249,0.0,0.0,0.0
0.8,0.2605,0.61354,0.61603,0.0209,0.00478,0.000388,0.000469,0.0202,0.00431,0.000249,0.0,0.0,0.0
0.8,0.26038,0.61364,0.61613,0.0209,0.00478,0.000388,0.000469,0.0202,0.00431,0.000248,0.0,0.0,0.0
0.8,0.26026,0.61374,0.61623,0.0209,0.00478,0.000387,0.000468,0.0202,0.00431,0.000248,0.0,0.0,0.0
0.8,0.26013,0.61384,0.61633,0.0209,0.00478,0.000386,0.000468,0.0202,0.00432,0.000248,0.0,0.0,0.0
0.8,0.26001,0.61394,0.61643,0.0209,0.00479,0.000386,0.000468,0.0202,0.00432,0.000247,0.0,0.0,0.0
0.8,0.25989,0.61404,0.61653,0.0209,0.00479,0.000385,0.000467,0.0202,0.00432,0.000247,0.0,0.0,0.0
0.8,0.25976,0.61414,0.61663,0.0209,0.00479,0.000384,0.000467,0.0202,0.00432,0.000246,0.0,0.0,0.0
0.8,0.25964,0.61425,0.61673,0.0209,0.00479,0.000383,0.000466,0.0202,0.00433,0.000246,0.0,0.0,0.0
0.8,0.25952,0.61435,0.61683,0.0209,0.0048,0.000383,0.000466,0.0202,0.00433,0.000245,0.0,0.0,0.0
0.8,0.25939,0.61445,0.61693,0.0209,0.0048,0.000382,0.000465,0.0202,0.00433,0.000245,0.0,0.0,0.0
0.8,0.25927,0.61455,0.61703,0.0209,0.0048,0.000381,0.000465,0.0202,0.00434,0.000245,0.0,0.0,0.0
0.8,0.25914,0.61465,0.61713,0.0209,0.0048,0.000381,0.000465,0.0202,0.00434,0.000244,0.0,0.0,0.0
0.8,0.25902,0.61475,0.61723,0.0209,0.00481,0.00038,0.000464,0.0203,0.00434,0.000244,0.0,0.0,0.0
0.8,0.2589,0.61485,0.61733,0.0209,0.00481,0.000379,0.000464,0.0203,0.00434,0.000243,0.0,0.0,0.0
0.8,0.25877,0.61495,0.61743,0.0209,0.00481,0.000379,0.000463,0.0203,0.00435,0.000243,0.0,0.0,0.0
0.8,0.25865,0.61506,0.61753,0.0209,0.00481,0.000378,0.000463,0.0203,0.00435,0.000242,0.0,0.0,0.0
0.8,0.25853,0.61516,0.61763,0.0209,0.00481,0.000377,0.000462,0.0203,0.00435,0.000242,0.0,0.0,0.0
0.8,0.2584,0.61526,0.61773,0.0209,0.00482,0.000376,0.000462,0.0203,0.00435,0.000242,0.0,0.0,0.0
0.8,0.25828,0.61536,0.61783,0.0209,0.00482,0.000376,0.000462,0.0203,0.00436,0.000241,0.0,0.0,0.0
0.8,0.25816,0.61546,0.61793,0.0209,0.00482,0.000375,0.000461,0.0203,0.00436,0.000241,0.0,0.0,0.0
0.8,0.25803,0.61556,0.61803,0.0209,0.00482,0.000374,0.000461,0.0203,0.00436,0.00024,0.0,0.0,0.0
0.8,0.25791,0.61566,0.61813,0.0209,0.00483,0.000374,0.00046,0.0203,0.00437,0.00024,0.0,0.0,0.0
0.8,0.25779,0.61576,0.61823,0.0209,0.00483,0.000373,0.00046,0.0203,0.00437,0.00024,0.0,0.0,0.0
0.8,0.25766,0.61586,0.61833,0.0209,0.00485,0.000372,0.000459,0.0203,0.00439,0.000239,0.0,0.0,0.0
0.8,0.25754,0.61597,0.61843,0.0209,0.00485,0.000372,0.000459,0.0203,0.00439,0.000239,0.0,0.0,0.0
0.8,0.25742,0.61607,0.61853,0.0209,0.00485,0.000371,0.000459,0.0203,0.00439,0.000238,0.0,0.0,0.0
0.8,0.25729,0.61617,0.61863,0.0209,0.00485,0.00037,0.000458,0.0203,0.0044,0.000238,0.0,0.0,0.0
0.8,0.25717,0.61627,0.61873,0.0209,0.00486,0.00037,0.000458,0.0203,0.0044,0.000237,0.0,0.0,0.0
0.8,0.25704,0.61637,0.61883,0.0209,0.00486,0.000369,0.000457,0.0203,0.0044,0.000237,0.0,0.0,0.0
0.8,0.25692,0.61647,0.61893,0.0209,0.00486,0.000368,0.000457,0.0203,0.0044,0.000237,0.0,0.0,0.0
0.8,0.2568,0.61657,0.61903,0.0209,0.00486,0.000367,0.000456,0.0203,0.00441,0.000236,0.0,0.0,0.0
0.8,0.25667,0.61667,0.61913,0.0209,0.00486,0.000367,0.000456,0.0203,0.00441,0.000236,0.0,0.0,0.0
0.8,0.25655,0.61678,0.61923,0.0209,0.00487,0.000366,0.000456,0.0203,0.00441,0.000235,0.0,0.0,0.0
0.8,0.25642,0.61688,0.61933,0.0209,0.00487,0.000365,0.000455,0.0203,0.00441,0.000235,0.0,0.0,0.0
0.8,0.2563,0.61698,0.61943,0.0209,0.00487,0.000365,0.000455,0.0203,0.00442,0.000235,0.0,0.0,0.0
0.8,0.25618,0.61708,0.61953,0.0209,0.00487,0.000364,0.000454,0.0203,0.00442,0.000234,0.0,0.0,0.0
0.8,0.25605,0.61718,0.61963,0.0209,0.00487,0.000363,0.000454,0.0203,0.00442,0.000234,0.0,0.0,0.0
0.8,0.25593,0.61728,0.61973,0.0209,0.00488,0.000363,0.000453,0.0203,0.00442,0.000233,0.0,0.0,0.0
0.8,0.25581,0.61738,0.61983,0.0209,0.00488,0.000362,0.000453,0.0203,0.00443,0.000233,0.0,0.0,0.0
0.8,0.25568,0.61748,0.61993,0.0209,0.00488,0.000361,0.000453,0.0203,0.00443,0.000233,0.0,0.0,0.0
0.8,0.25556,0.61758,0.62003,0.0209,0.00488,0.000361,0.000452,0.0203,0.00443,0.000232,0.0,0.0,0.0
0.8,0.25543,0.61769,0.62013,0.0209,0.00489,0.00036,0.000452,0.0203,0.00443,0.000232,0.0,0.0,0.0
0.8,0.25531,0.61779,0.62023,0.0209,0.00489,0.000359,0.000451,0.0203,0.00444,0.000231,0.0,0.0,0.0
0.8,0.25519,0.61789,0.62033,0.0209,0.00489,0.000359,0.000451,0.0203,0.00444,0.000231,0.0,0.0,0.0
0.8,0.25506,0.61799,0.62043,0.0209,0.00489,0.000358,0.00045,0.0203,0.00444,0.00023,0.0,0.0,0.0
0.8,0.25494,0.61809,0.62053,0.0209,0.00489,0.000357,0.00045,0.0203,0.00444,0.00023,0.0,0.0,0.0
0.8,0.25481,0.61819,0.62063,0.0209,0.0049,0.000357,0.00045,0.0203,0.00445,0.00023,0.0,0.0,0.0
0.8,0.25469,0.61829,0.62073,0.0209,0.0049,0.000356,0.000449,0.0203,0.00445,0.000229,0.0,0.0,0.0
0.8,0.25456,0.61839,0.62083,0.0209,0.0049,0.000355,0.000449,0.0203,0.00445,0.000229,0.0,0.0,0.0
0.8,0.25444,0.6185,0.62093,0.0209,0.0049,0.000355,0.000448,0.0203,0.00446,0.000228,0.0,0.0,0.0
0.8,0.25432,0.6186,0.62103,0.0209,0.00491,0.000354,0.000448,0.0204,0.00446,0.000228,0.0,0.0,0.0
0.8,0.25419,0.6187,0.62113,0.0209,0.00491,0.000353,0.000447,0.0204,0.00446,0.000228,0.0,0.0,0.0
0.8,0.25407,0.6188,0.62123,0.0209,0.00491,0.000353,0.000447,0.0204,0.00446,0.000227,0.0,0.0,0.0
0.8,0.25394,0.6189,0.62133,0.0209,0.00491,0.000352,0.000447,0.0204,0.00447,0.000227,0.0,0.0,0.0
0.8,0.25382,0.619,0.62143,0.0209,0.00492,0.000351,0.000446,0.0204,0.00447,0.000226,0.0,0.0,0.0
0.8,0.25369,0.6191,0.62153,0.0209,0.00492,0.000351,0.000446,0.0204,0.00447,0.000226,0.0,0.0,0.0
0.8,0.25357,0.6192,0.62163,0.0209,0.00492,0.00035,0.000445,0.0204,0.00448,0.000226,0.0,0.0,0.0
0.8,0.25345,0.61931,0.62173,0.0209,0.00492,0.000349,0.000445,0.0204,0.00448,0.000225,0.0,0.0,0.0
0.8,0.25332,0.61941,0.62183,0.0209,0.00493,0.000349,0.000444,0.0204,0.00448,0.000225,0.0,0.0,0.0
0.8,0.2532,0.61951,0.62193,0.0209,0.00493,0.000348,0.000444,0.0204,0.00448,0.000224,0.0,0.0,0.0
0.8,0.25307,0.61961,0.62203,0.0209,0.00493,0.000347,0.000444,0.0204,0.00449,0.000224,0.0,0.0,0.0
0.8,0.25295,0.61971,0.62213,0.0209,0.00493,0.000347,0.000443,0.0204,0.00449,0.000224,0.0,0.0,0.0
0.8,0.25282,0.61981,0.62223,0.021,0.00494,0.000346,0.000443,0.0204,0.00449,0.000223,0.0,0.0,0.0
0.8,0.2527,0.61991,0.62233,0.021,0.00494,0.000345,0.000442,0.0204,0.0045,0.000223,0.0,0.0,0.0
0.8,0.25258,0.62001,0.62243,0.021,0.00494,0.000345,0.000442,0.0204,0.0045,0.000222,0.0,0.0,0.0
0.8,0.25245,0.62011,0.62253,0.021,0.00494,0.000344,0.000441,0.0204,0.0045,0.000222,0.0,0.0,0.0
0.8,0.25233,0.62022,0.62263,0.021,0.00495,0.000343,0.000441,0.0204,0.00451,0.000222,0.0,0.0,0.0
0.8,0.2522,0.62032,0.62273,0.021,0.00495,0.000343,0.000441,0.0204,0.00451,0.000221,0.0,0.0,0.0
0.8,0.25208,0.62042,0.62283,0.021,0.00495,0.000342,0.00044,0.0204,0.00451,0.000221,0.0,0.0,0.0
0.8,0.25195,0.62052,0.62293,0.021,0.00495,0.000341,0.00044,0.0204,0.00451,0.00022,0.0,0.0,0.0
0.8,0.25183,0.62062,0.62303,0.021,0.00496,0.000341,0.000439,0.0204,0.00452,0.00022,0.0,0.0,0.0
0.8,0.2517,0.62072,0.62313,0.021,0.00496,0.00034,0.000439,0.0204,0.00452,0.00022,0.0,0.0,0.0
0.8,0.25158,0.62082,0.62323,0.021,0.00496,0.000339,0.000438,0.0204,0.00452,0.000219,0.0,0.0,0.0
0.8,0.25145,0.62092,0.62333,0.021,0.00498,0.000339,0.000438,0.0204,0.00454,0.000219,0.0,0.0,0.0
0.8,0.25133,0.62103,0.62343,0.021,0.00498,0.000338,0.000438,0.0204,0.00454,0.000218,0.0,0.0,0.0
0.8,0.2512,0.62113,0.62353,0.021,0.00498,0.000337,0.000437,0.0204,0.00455,0.000218,0.0,0.0,0.0
0.8,0.25108,0.62123,0.62363,0.021,0.00499,0.000337,0.000437,0.0204,0.00455,0.000218,0.0,0.0,0.0
0.8,0.25096,0.62133,0.62373,0.021,0.00499,0.000336,0.000436,0.0204,0.00455,0.000217,0.0,0.0,0.0
0.8,0.25083,0.62143,0.62383,0.021,0.00499,0.000335,0.000436,0.0204,0.00455,0.000217,0.0,0.0,0.0
0.8,0.25071,0.62153,0.62393,0.021,0.00499,0.000335,0.000435,0.0204,0.00456,0.000216,0.0,0.0,0.0
0.8,0.25058,0.62163,0.62403,0.021,0.00499,0.000334,0.000435,0.0204,0.00456,0.000216,0.0,0.0,0.0
0.8,0.25046,0.62173,0.62413,0.021,0.005,0.000333,0.000435,0.0204,0.00456,0.000216,0.0,0.0,0.0
0.8,0.25033,0.62184,0.62423,0.021,0.005,0.000333,0.000434,0.0204,0.00456,0.000215,0.0,0.0,0.0
0.8,0.25021,0.62194,0.62433,0.021,0.005,0.000332,0.000434,0.0204,0.00457,0.000215,0.0,0.0,0.0
0.8,0.25008,0.62204,0.62443,0.021,0.005,0.000331,0.000433,0.0204,0.00457,0.000214,0.0,0.0,0.0
0.8,0.24996,0.62214,0.62453,0.021,0.00501,0.000331,0.000433,0.0204,0.00457,0.000214,0.0,0.0,0.0
0.8,0.24983,0.62224,0.62463,0.021,0.00501,0.00033,0.000432,0.0204,0.00458,0.000214,0.0,0.0,0.0
0.8,0.24971,0.62234,0.62473,0.021,0.00501,0.000329,0.000432,0.0204,0.00458,0.000213,0.0,0.0,0.0
0.8,0.24958,0.62244,0.62483,0.021,0.00501,0.000329,0.000432,0.0204,0.00458,0.000213,0.0,0.0,0.0
0.8,0.24946,0.62254,0.62493,0.021,0.00502,0.000328,0.000431,0.0204,0.00458,0.000212,0.0,0.0,0.0
0.8,0.24933,0.62264,0.62503,0.021,0.00502,0.000327,0.000431,0.0204,0.00459,0.000212,0.0,0.0,0.0
0.8,0.24921,0.62275,0.62513,0.021,0.00502,0.000327,0.00043,0.0205,0.00459,0.000212,0.0,0.0,0.0
0.8,0.24908,0.62285,0.62523,0.021,0.00502,0.000326,0.00043,0.0205,0.00459,0.000211,0.0,0.0,0.0
0.8,0.24896,0.62295,0.62533,0.021,0.00503,0.000326,0.000429,0.0205,0.0046,0.000211,0.0,0.0,0.0
0.8,0.24883,0.62305,0.62543,0.021,0.00503,0.000325,0.000429,0.0205,0.0046,0.00021,0.0,0.0,0.0
0.8,0.24871,0.62315,0.62553,0.021,0.00503,0.000324,0.000429,0.0205,0.0046,0.00021,0.0,0.0,0.0
0.8,0.24858,0.62325,0.62563,0.021,0.00503,0.000324,0.000428,0.0205,0.0046,0.00021,0.0,0.0,0.0
0.8,0.24846,0.62335,0.62573,0.021,0.00504,0.000323,0.000428,0.0205,0.00461,0.000209,0.0,0.0,0.0
0.8,0.24833,0.62345,0.62583,0.021,0.00504,0.000322,0.000427,0.0205,0.00461,0.000209,0.0,0.0,0.0
0.8,0.24821,0.62356,0.62593,0.021,0.00504,0.000322,0.000427,0.0205,0.00461,0.000208,0.0,0.0,0.0
0.8,0.24808,0.62366,0.62603,0.021,0.00504,0.000321,0.000426,0.0205,0.00462,0.000208,0.0,0.0,0.0
0.8,0.24796,0.62376,0.62613,0.021,0.00505,0.00032,0.000426,0.0205,0.00462,0.000208,0.0,0.0,0.0
0.8,0.24783,0.62386,0.62623,0.021,0.00505,0.00032,0.000426,0.0205,0.00462,0.000207,0.0,0.0,0.0
0.8,0.24771,0.62396,0.62633,0.021,0.00505,0.000319,0.000425,0.0205,0.00463,0.000207,0.0,0.0,0.0
0.8,0.24758,0.62406,0.62643,0.021,0.00505,0.000319,0.000425,0.0205,0.00463,0.000207,0.0,0.0,0.0
0.8,0.24745,0.62416,0.62653,0.021,0.00506,0.000318,0.000424,0.0205,0.00463,0.000206,0.0,0.0,0.0
0.8,0.24733,0.62426,0.62663,0.021,0.00506,0.000317,0.000424,0.0205,0.00464,0.000206,0.0,0.0,0.0
0.8,0.2472,0.62437,0.62673,0.021,0.00506,0.000317,0.000423,0.0205,0.00464,0.000205,0.0,0.0,0.0
0.8,0.24708,0.62447,0.62683,0.021,0.00506,0.000316,0.000423,0.0205,0.00464,0.000205,0.0,0.0,0.0
0.8,0.24695,0.62457,0.62693,0.021,0.00507,0.000315,0.000423,0.0205,0.00464,0.000205,0.0,0.0,0.0
0.8,0.24683,0.62467,0.62703,0.021,0.00507,0.000315,0.000422,0.0205,0.00465,0.000204,0.0,0.0,0.0
0.8,0.2467,0.62477,0.62713,0.021,0.00507,0.000314,0.000422,0.0205,0.00465,0.000204,0.0,0.0,0.0
0.8,0.24658,0.62487,0.62723,0.021,0.00507,0.000313,0.000421,0.0205,0.00465,0.000203,0.0,0.0,0.0
0.8,0.24645,0.62497,0.62733,0.021,0.00508,0.000313,0.000421,0.0205,0.00466,0.000203,0.0,0.0,0.0
0.8,0.24633,0.62507,0.62743,0.021,0.00508,0.000312,0.00042,0.0205,0.00466,0.000203,0.0,0.0,0.0
0.8,0.2462,0.62517,0.62753,0.021,0.00508,0.000312,0.00042,0.0205,0.00466,0.000202,0.0,0.0,0.0
0.8,0.24607,0.62528,0.62763,0.021,0.00509,0.000311,0.00042,0.0205,0.00467,0.000202,0.0,0.0,0.0
0.8,0.24595,0.62538,0.62773,0.021,0.00509,0.00031,0.000419,0.0205,0.00467,0.000202,0.0,0.0,0.0
0.8,0.24582,0.62548,0.62783,0.021,0.00509,0.00031,0.000419,0.0205,0.00467,0.000201,0.0,0.0,0.0
0.8,0.2457,0.62558,0.62793,0.021,0.00509,0.000309,0.000418,0.0205,0.00468,0.000201,0.0,0.0,0.0
0.8,0.24557,0.62568,0.62803,0.021,0.0051,0.000308,0.000418,0.0205,0.00468,0.0002,0.0,0.0,0.0
0.8,0.24545,0.62578,0.62813,0.021,0.0051,0.000308,0.000417,0.0205,0.00468,0.0002,0.0,0.0,0.0
0.8,0.24532,0.62588,0.62823,0.021,0.0051,0.000307,0.000417,0.0205,0.00468,0.0002,0.0,0.0,0.0
0.8,0.2452,0.62598,0.62833,0.021,0.0051,0.000307,0.000417,0.0205,0.00469,0.000199,0.0,0.0,0.0
0.8,0.24507,0.62609,0.62843,0.021,0.00512,0.000306,0.000416,0.0205,0.0047,0.000199,0.0,0.0,0.0
0.8,0.24494,0.62619,0.62853,0.021,0.00512,0.000305,0.000416,0.0205,0.00471,0.000199,0.0,0.0,0.0
0.8,0.24482,0.62629,0.62863,0.021,0.00513,0.000305,0.000415,0.0205,0.00471,0.000198,0.0,0.0,0.0
0.8,0.24469,0.62639,0.62873,0.021,0.00513,0.000304,0.000415,0.0205,0.00471,0.000198,0.0,0.0,0.0
0.8,0.24457,0.62649,0.62883,0.021,0.00513,0.000303,0.000415,0.0205,0.00472,0.000197,0.0,0.0,0.0
0.8,0.24444,0.62659,0.62893,0.021,0.00513,0.000303,0.000414,0.0205,0.00472,0.000197,0.0,0.0,0.0
0.8,0.24432,0.62669,0.62903,0.021,0.00514,0.000302,0.000414,0.0205,0.00472,0.000197,0.0,0.0,0.0
0.8,0.24419,0.62679,0.62913,0.021,0.00514,0.000302,0.000413,0.0205,0.00472,0.000196,0.0,0.0,0.0
0.8,0.24406,0.6269,0.62923,0.021,0.00514,0.000301,0.000413,0.0206,0.00473,0.000196,0.0,0.0,0.0
0.8,0.24394,0.627,0.62933,0.0211,0.00514,0.0003,0.000412,0.0206,0.00473,0.000195,0.0,0.0,0.0
0.8,0.24381,0.6271,0.62943,0.0211,0.00515,0.0003,0.000412,0.0206,0.00473,0.000195,0.0,0.0,0.0
0.8,0.24369,0.6272,0.62953,0.0211,0.00515,0.000299,0.000412,0.0206,0.00474,0.000195,0.0,0.0,0.0
0.8,0.24356,0.6273,0.62963,0.0211,0.00515,0.000298,0.000411,0.0206,0.00474,0.000194,0.0,0.0,0.0
0.8,0.24343,0.6274,0.62973,0.0211,0.00515,0.000298,0.000411,0.0206,0.00474,0.000194,0.0,0.0,0.0
0.8,0.24331,0.6275,0.62983,0.0211,0.00516,0.000297,0.00041,0.0206,0.00475,0.000194,0.0,0.0,0.0
0.8,0.24318,0.6276,0.62993,0.0211,0.00516,0.000297,0.00041,0.0206,0.00475,0.000193,0.0,0.0,0.0
0.8,0.24306,0.6277,0.63003,0.0211,0.00516,0.000296,0.000409,0.0206,0.00475,0.000193,0.0,0.0,0.0
0.8,0.24293,0.62781,0.63013,0.0211,0.00516,0.000295,0.000409,0.0206,0.00475,0.000192,0.0,0.0,0.0
0.8,0.2428,0.62791,0.63023,0.0211,0.00517,0.000295,0.000409,0.0206,0.00476,0.000192,0.0,0.0,0.0
0.8,0.24268,0.62801,0.63033,0.0211,0.00517,0.000294,0.000408,0.0206,0.00476,0.000192,0.0,0.0,0.0
0.8,0.24255,0.62811,0.63043,0.0211,0.00517,0.000294,0.000408,0.0206,0.00476,0.000191,0.0,0.0,0.0
0.8,0.24243,0.62821,0.63053,0.0211,0.00517,0.000293,0.000407,0.0206,0.00477,0.000191,0.0,0.0,0.0
0.8,0.2423,0.62831,0.63063,0.0211,0.00518,0.000292,0.000407,0.0206,0.00477,0.000191,0.0,0.0,0.0
0.8,0.24217,0.62841,0.63073,0.0211,0.00518,0.000292,0.000406,0.0206,0.00477,0.00019,0.0,0.0,0.0
0.8,0.24205,0.62851,0.63083,0.0211,0.00518,0.000291,0.000406,0.0206,0.00478,0.00019,0.0,0.0,0.0
0.8,0.24192,0.62862,0.63093,0.0211,0.00519,0.000291,0.000406,0.0206,0.00478,0.00019,0.0,0.0,0.0
0.8,0.2418,0.62872,0.63103,0.0211,0.00519,0.00029,0.000405,0.0206,0.00478,0.000189,0.0,0.0,0.0
0.8,0.24167,0.62882,0.63113,0.0211,0.00519,0.000289,0.000405,0.0206,0.00479,0.000189,0.0,0.0,0.0
0.8,0.24154,0.62892,0.63123,0.0211,0.00519,0.000289,0.000404,0.0206,0.00479,0.000188,0.0,0.0,0.0
0.8,0.24142,0.62902,0.63133,0.0211,0.0052,0.000288,0.000404,0.0206,0.00479,0.000188,0.0,0.0,0.0
0.8,0.24129,0.62912,0.63143,0.0211,0.0052,0.000288,0.000403,0.0206,0.0048,0.000188,0.0,0.0,0.0
0.8,0.24116,0.62922,0.63153,0.0211,0.0052,0.000287,0.000403,0.0206,0.0048,0.000187,0.0,0.0,0.0
0.8,0.24104,0.62932,0.63163,0.0211,0.00521,0.000286,0.000403,0.0206,0.0048,0.000187,0.0,0.0,0.0
0.8,0.24091,0.62943,0.63173,0.0211,0.00521,0.000286,0.000402,0.0206,0.00481,0.000187,0.0,0.0,0.0
0.8,0.24079,0.62953,0.63183,0.0211,0.00521,0.000285,0.000402,0.0206,0.00481,0.000186,0.0,0.0,0.0
0.8,0.24066,0.62963,0.63193,0.0211,0.00521,0.000285,0.000401,0.0206,0.00481,0.000186,0.0,0.0,0.0
0.8,0.24053,0.62973,0.63203,0.0211,0.00522,0.000284,0.000401,0.0206,0.00482,0.000185,0.0,0.0,0.0
0.8,0.24041,0.62983,0.63213,0.0211,0.00522,0.000283,0.0004,0.0206,0.00482,0.000185,0.0,0.0,0.0
0.8,0.24028,0.62993,0.63223,0.0211,0.00522,0.000283,0.0004,0.0206,0.00482,0.000185,0.0,0.0,0.0
0.8,0.24015,0.63003,0.63233,0.0211,0.00523,0.000282,0.0004,0.0206,0.00483,0.000184,0.0,0.0,0.0
0.8,0.24003,0.63013,0.63243,0.0211,0.00523,0.000282,0.000399,0.0206,0.00483,0.000184,0.0,0.0,0.0
0.8,0.2399,0.63024,0.63253,0.0211,0.00523,0.000281,0.000399,0.0206,0.00483,0.000184,0.0,0.0,0.0
0.8,0.23977,0.63034,0.63263,0.0211,0.00523,0.00028,0.000398,0.0206,0.00484,0.000183,0.0,0.0,0.0
0.8,0.23965,0.63044,0.63273,0.0211,0.00524,0.00028,0.000398,0.0206,0.00484,0.000183,0.0,0.0,0.0
0.8,0.23952,0.63054,0.63283,0.0211,0.00524,0.000279,0.000397,0.0206,0.00484,0.000183,0.0,0.0,0.0
0.8,0.23939,0.63064,0.63293,0.0211,0.00524,0.000279,0.000397,0.0206,0.00485,0.000182,0.0,0.0,0.0
0.8,0.23927,0.63074,0.63303,0.0211,0.00525,0.000278,0.000397,0.0207,0.00485,0.000182,0.0,0.0,0.0
0.8,0.23914,0.63084,0.63313,0.0211,0.00525,0.000277,0.000396,0.0207,0.00485,0.000182,0.0,0.0,0.0
0.8,0.23901,0.63094,0.63323,0.0211,0.00525,0.000277,0.000396,0.0207,0.00486,0.000181,0.0,0.0,0.0
0.8,0.23889,0.63104,0.63333,0.0211,0.00525,0.000276,0.000395,0.0207,0.00486,0.000181,0.0,0.0,0.0
0.8,0.23876,0.63115,0.63343,0.0211,0.00527,0.000276,0.000395,0.0207,0.00488,0.00018,0.0,0.0,0.0
0.8,0.23863,0.63125,0.63353,0.0211,0.00527,0.000275,0.000394,0.0207,0.00488,0.00018,0.0,0.0,0.0
0.8,0.23851,0.63135,0.63363,0.0211,0.00528,0.000274,0.000394,0.0207,0.00488,0.00018,0.0,0.0,0.0
0.8,0.23838,0.63145,0.63373,0.0211,0.00528,0.000274,0.000394,0.0207,0.00488,0.000179,0.0,0.0,0.0
0.8,0.23825,0.63155,0.63383,0.0211,0.00528,0.000273,0.000393,0.0207,0.00489,0.000179,0.0,0.0,0.0
0.8,0.23813,0.63165,0.63393,0.0211,0.00528,0.000273,0.000393,0.0207,0.00489,0.000179,0.0,0.0,0.0
0.8,0.238,0.63175,0.63403,0.0211,0.00529,0.000272,0.000392,0.0207,0.00489,0.000178,0.0,0.0,0.0
0.8,0.23787,0.63185,0.63413,0.0211,0.00529,0.000271,0.000392,0.0207,0.0049,0.000178,0.0,0.0,0.0
0.8,0.23775,0.63196,0.63423,0.0211,0.00529,0.000271,0.000391,0.0207,0.0049,0.000178,0.0,0.0,0.0
0.8,0.23762,0.63206,0.63433,0.0211,0.00529,0.00027,0.000391,0.0207,0.0049,0.000177,0.0,0.0,0.0
0.8,0.23749,0.63216,0.63443,0.0211,0.0053,0.00027,0.000391,0.0207,0.00491,0.000177,0.0,0.0,0.0
0.8,0.23737,0.63226,0.63453,0.0211,0.0053,0.000269,0.00039,0.0207,0.00491,0.000177,0.0,0.0,0.0
0.8,0.23724,0.63236,0.63463,0.0211,0.0053,0.000269,0.00039,0.0207,0.00491,0.000176,0.0,0.0,0.0
0.8,0.23711,0.63246,0.63473,0.0211,0.0053,0.000268,0.000389,0.0207,0.00492,0.000176,0.0,0.0,0.0
0.8,0.23699,0.63256,0.63483,0.0211,0.00531,0.000267,0.000389,0.0207,0.00492,0.000175,0.0,0.0,0.0
0.8,0.23686,0.63266,0.63493,0.0211,0.00531,0.000267,0.000388,0.0207,0.00492,0.000175,0.0,0.0,0.0
0.8,0.23673,0.63277,0.63503,0.0211,0.00531,0.000266,0.000388,0.0207,0.00493,0.000175,0.0,0.0,0.0
0.8,0.2366,0.63287,0.63513,0.0211,0.00532,0.000266,0.000388,0.0207,0.00493,0.000174,0.0,0.0,0.0
0.8,0.23648,0.63297,0.63523,0.0211,0.00532,0.000265,0.000387,0.0207,0.00493,0.000174,0.0,0.0,0.0
0.8,0.23635,0.63307,0.63533,0.0211,0.00532,0.000265,0.000387,0.0207,0.00494,0.000174,0.0,0.0,0.0
0.8,0.23622,0.63317,0.63543,0.0211,0.00533,0.000264,0.000386,0.0207,0.00494,0.000173,0.0,0.0,0.0
0.8,0.2361,0.63327,0.63553,0.0211,0.00533,0.000263,0.000386,0.0207,0.00494,0.000173,0.0,0.0,0.0
0.8,0.23597,0.63337,0.63563,0.0212,0.00533,0.000263,0.000386,0.0207,0.00495,0.000173,0.0,0.0,0.0
0.8,0.23584,0.63347,0.63573,0.0212,0.00533,0.000262,0.000385,0.0207,0.00495,0.000172,0.0,0.0,0.0
0.8,0.23571,0.63358,0.63583,0.0212,0.00534,0.000262,0.000385,0.0207,0.00495,0.000172,0.0,0.0,0.0
0.8,0.23559,0.63368,0.63593,0.0212,0.00534,0.000261,0.000384,0.0207,0.00496,0.000172,0.0,0.0,0.0
0.8,0.23546,0.63378,0.63603,0.0212,0.00534,0.00026,0.000384,0.0207,0.00496,0.000171,0.0,0.0,0.0
0.8,0.23533,0.63388,0.63613,0.0212,0.00535,0.00026,0.000383,0.0207,0.00496,0.000171,0.0,0.0,0.0
0.8,0.23521,0.63398,0.63623,0.0212,0.00535,0.000259,0.000383,0.0207,0.00497,0.000171,0.0,0.0,0.0
0.8,0.23508,0.63408,0.63633,0.0212,0.00535,0.000259,0.000383,0.0207,0.00497,0.00017,0.0,0.0,0.0
0.8,0.23495,0.63418,0.63643,0.0212,0.00535,0.000258,0.000382,0.0207,0.00497,0.00017,0.0,0.0,0.0
0.8,0.23482,0.63428,0.63653,0.0212,0.00536,0.000258,0.000382,0.0207,0.00498,0.00017,0.0,0.0,0.0
0.8,0.2347,0.63438,0.63663,0.0212,0.00536,0.000257,0.000381,0.0207,0.00498,0.000169,0.0,0.0,0.0
0.8,0.23457,0.63449,0.63673,0.0212,0.00536,0.000256,0.000381,0.0207,0.00498,0.000169,0.0,0.0,0.0
0.8,0.23444,0.63459,0.63683,0.0212,0.00537,0.000256,0.00038,0.0207,0.00499,0.000168,0.0,0.0,0.0
0.8,0.23431,0.63469,0.63693,0.0212,0.00537,0.000255,0.00038,0.0208,0.00499,0.000168,0.0,0.0,0.0
0.8,0.23419,0.63479,0.63703,0.0212,0.00537,0.000255,0.00038,0.0208,0.00499,0.000168,0.0,0.0,0.0
0.8,0.23406,0.63489,0.63713,0.0212,0.00538,0.000254,0.000379,0.0208,0.005,0.000167,0.0,0.0,0.0
0.8,0.23393,0.63499,0.63723,0.0212,0.00538,0.000254,0.000379,0.0208,0.005,0.000167,0.0,0.0,0.0
0.8,0.2338,0.63509,0.63733,0.0212,0.00538,0.000253,0.000378,0.0208,0.005,0.000167,0.0,0.0,0.0
0.8,0.23368,0.63519,0.63743,0.0212,0.00539,0.000253,0.000378,0.0208,0.00501,0.000166,0.0,0.0,0.0
0.8,0.23355,0.6353,0.63753,0.0212,0.00539,0.000252,0.000377,0.0208,0.00501,0.000166,0.0,0.0,0.0
0.8,0.23342,0.6354,0.63763,0.0212,0.00539,0.000251,0.000377,0.0208,0.00501,0.000166,0.0,0.0,0.0
0.8,0.23329,0.6355,0.63773,0.0212,0.0054,0.000251,0.000377,0.0208,0.00502,0.000165,0.0,0.0,0.0
0.8,0.23317,0.6356,0.63783,0.0212,0.0054,0.00025,0.000376,0.0208,0.00502,0.000165,0.0,0.0,0.0
0.8,0.23304,0.6357,0.63793,0.0212,0.0054,0.00025,0.000376,0.0208,0.00503,0.000165,0.0,0.0,0.0
0.8,0.23291,0.6358,0.63803,0.0212,0.0054,0.000249,0.000375,0.0208,0.00503,0.000164,0.0,0.0,0.0
0.8,0.23278,0.6359,0.63813,0.0212,0.00541,0.000249,0.000375,0.0208,0.00503,0.000164,0.0,0.0,0.0
0.8,0.23266,0.636,0.63823,0.0212,0.00541,0.000248,0.000374,0.0208,0.00504,0.000164,0.0,0.0,0.0
0.8,0.23253,0.63611,0.63833,0.0212,0.00541,0.000247,0.000374,0.0208,0.00504,0.000163,0.0,0.0,0.0
0.8,0.2324,0.63621,0.63843,0.0212,0.00542,0.000247,0.000374,0.0208,0.00504,0.000163,0.0,0.0,0.0
0.8,0.23227,0.63631,0.63853,0.0212,0.00543,0.000246,0.000373,0.0208,0.00506,0.000163,0.0,0.0,0.0
0.8,0.23215,0.63641,0.63863,0.0212,0.00543,0.000246,0.000373,0.0208,0.00506,0.000162,0.0,0.0,0.0
0.8,0.23202,0.63651,0.63873,0.0212,0.00544,0.000245,0.000372,0.0208,0.00506,0.000162,0.0,0.0,0.0
0.8,0.23189,0.63661,0.63883,0.0212,0.00544,0.000245,0.000372,0.0208,0.00507,0.000162,0.0,0.0,0.0
0.8,0.23176,0.63671,0.63893,0.0212,0.00544,0.000244,0.000371,0.0208,0.00507,0.000161,0.0,0.0,0.0
0.8,0.23163,0.63681,0.63903,0.0212,0.00545,0.000244,0.000371,0.0208,0.00507,0.000161,0.0,0.0,0.0
0.8,0.23151,0.63692,0.63913,0.0212,0.00545,0.000243,0.000371,0.0208,0.00508,0.000161,0.0,0.0,0.0
0.8,0.23138,0.63702,0.63923,0.0212,0.00545,0.000242,0.00037,0.0208,0.00508,0.00016,0.0,0.0,0.0
0.8,0.23125,0.63712,0.63933,0.0212,0.00545,0.000242,0.00037,0.0208,0.00509,0.00016,0.0,0.0,0.0
0.8,0.23112,0.63722,0.63943,0.0212,0.00546,0.000241,0.000369,0.0208,0.00509,0.00016,0.0,0.0,0.0
0.8,0.231,0.63732,0.63953,0.0212,0.00546,0.000241,0.000369,0.0208,0.00509,0.000159,0.0,0.0,0.0
0.8,0.23087,0.63742,0.63963,0.0212,0.00546,0.00024,0.000368,0.0208,0.0051,0.000159,0.0,0.0,0.0
0.8,0.23074,0.63752,0.63973,0.0212,0.00547,0.00024,0.000368,0.0208,0.0051,0.000159,0.0,0.0,0.0
0.8,0.23061,0.63762,0.63983,0.0212,0.00547,0.000239,0.000368,0.0208,0.0051,0.000158,0.0,0.0,0.0
0.8,0.23048,0.63773,0.63993,0.0212,0.00547,0.000239,0.000367,0.0208,0.00511,0.000158,0.0,0.0,0.0
0.8,0.23036,0.63783,0.64003,0.0212,0.00548,0.000238,0.000367,0.0208,0.00511,0.000158,0.0,0.0,0.0
0.8,0.23023,0.63793,0.64013,0.0212,0.00548,0.000238,0.000366,0.0208,0.00511,0.000157,0.0,0.0,0.0
0.8,0.2301,0.63803,0.64023,0.0212,0.00548,0.000237,0.000366,0.0208,0.00512,0.000157,0.0,0.0,0.0
0.8,0.22997,0.63813,0.64033,0.0212,0.00549,0.000236,0.000365,0.0208,0.00512,0.000157,0.0,0.0,0.0
0.8,0.22984,0.63823,0.64043,0.0212,0.00549,0.000236,0.000365,0.0208,0.00512,0.000156,0.0,0.0,0.0
0.8,0.22972,0.63833,0.64053,0.0212,0.00549,0.000235,0.000365,0.0208,0.00513,0.000156,0.0,0.0,0.0
0.8,0.22959,0.63843,0.64063,0.0212,0.00549,0.000235,0.000364,0.0209,0.00513,0.000156,0.0,0.0,0.0
0.8,0.22946,0.63854,0.64073,0.0212,0.0055,0.000234,0.000364,0.0209,0.00513,0.000155,0.0,0.0,0.0
0.8,0.22933,0.63864,0.64083,0.0212,0.0055,0.000234,0.000363,0.0209,0.00514,0.000155,0.0,0.0,0.0
0.8,0.2292,0.63874,0.64093,0.0212,0.0055,0.000233,0.000363,0.0209,0.00514,0.000155,0.0,0.0,0.0
0.8,0.22907,0.63884,0.64103,0.0212,0.00551,0.000233,0.000362,0.0209,0.00515,0.000154,0.0,0.0,0.0
0.8,0.22895,0.63894,0.64113,0.0213,0.00551,0.000232,0.000362,0.0209,0.00515,0.000154,0.0,0.0,0.0
0.8,0.22882,0.63904,0.64123,0.0213,0.00551,0.000232,0.000362,0.0209,0.00515,0.000154,0.0,0.0,0.0
0.8,0.22869,0.63914,0.64133,0.0213,0.00552,0.000231,0.000361,0.0209,0.00516,0.000153,0.0,0.0,0.0
0.8,0.22856,0.63924,0.64143,0.0213,0.00552,0.00023,0.000361,0.0209,0.00516,0.000153,0.0,0.0,0.0
0.8,0.22843,0.63934,0.64153,0.0213,0.00552,0.00023,0.00036,0.0209,0.00516,0.000153,0.0,0.0,0.0
0.8,0.22831,0.63945,0.64163,0.0213,0.00553,0.000229,0.00036,0.0209,0.00517,0.000152,0.0,0.0,0.0
0.8,0.22818,0.63955,0.64173,0.0213,0.00553,0.000229,0.000359,0.0209,0.00517,0.000152,0.0,0.0,0.0
0.8,0.22805,0.63965,0.64183,0.0213,0.00553,0.000228,0.000359,0.0209,0.00517,0.000152,0.0,0.0,0.0
0.8,0.22792,0.63975,0.64193,0.0213,0.00554,0.000228,0.000359,0.0209,0.00518,0.000151,0.0,0.0,0.0
0.8,0.22779,0.63985,0.64203,0.0213,0.00554,0.000227,0.000358,0.0209,0.00518,0.000151,0.0,0.0,0.0
0.8,0.22766,0.63995,0.64213,0.0213,0.00554,0.000227,0.000358,0.0209,0.00519,0.000151,0.0,0.0,0.0
0.8,0.22753,0.64005,0.64223,0.0213,0.00555,0.000226,0.000357,0.0209,0.00519,0.00015,0.0,0.0,0.0
0.8,0.22741,0.64015,0.64233,0.0213,0.00555,0.000226,0.000357,0.0209,0.00519,0.00015,0.0,0.0,0.0
0.8,0.22728,0.64026,0.64243,0.0213,0.00555,0.000225,0.000356,0.0209,0.0052,0.00015,0.0,0.0,0.0
0.8,0.22715,0.64036,0.64253,0.0213,0.00556,0.000225,0.000356,0.0209,0.0052,0.000149,0.0,0.0,0.0
0.8,0.22702,0.64046,0.64263,0.0213,0.00556,0.000224,0.000356,0.0209,0.0052,0.000149,0.0,0.0,0.0
0.8,0.22689,0.64056,0.64273,0.0213,0.00556,0.000224,0.000355,0.0209,0.00521,0.000149,0.0,0.0,0.0
0.8,0.22676,0.64066,0.64283,0.0213,0.00557,0.000223,0.000355,0.0209,0.00521,0.000149,0.0,0.0,0.0
0.8,0.22664,0.64076,0.64293,0.0213,0.00557,0.000223,0.000354,0.0209,0.00522,0.000148,0.0,0.0,0.0
0.8,0.22651,0.64086,0.64303,0.0213,0.00557,0.000222,0.000354,0.0209,0.00522,0.000148,0.0,0.0,0.0
0.8,0.22638,0.64096,0.64313,0.0213,0.00558,0.000221,0.000353,0.0209,0.00522,0.000148,0.0,0.0,0.0
0.8,0.22625,0.64107,0.64323,0.0213,0.00558,0.000221,0.000353,0.0209,0.00523,0.000147,0.0,0.0,0.0
0.8,0.22612,0.64117,0.64333,0.0213,0.00558,0.00022,0.000353,0.0209,0.00523,0.000147,0.0,0.0,0.0
0.8,0.22599,0.64127,0.64343,0.0213,0.00559,0.00022,0.000352,0.0209,0.00524,0.000147,0.0,0.0,0.0
0.8,0.22586,0.64137,0.64353,0.0213,0.0056,0.000219,0.000352,0.0209,0.00525,0.000146,0.0,0.0,0.0
0.8,0.22573,0.64147,0.64363,0.0213,0.0056,0.000219,0.000351,0.0209,0.00525,0.000146,0.0,0.0,0.0
0.8,0.22561,0.64157,0.64373,0.0213,0.00561,0.000218,0.000351,0.0209,0.00526,0.000146,0.0,0.0,0.0
0.8,0.22548,0.64167,0.64383,0.0213,0.00561,0.000218,0.000351,0.0209,0.00526,0.000145,0.0,0.0,0.0
0.8,0.22535,0.64177,0.64393,0.0213,0.00561,0.000217,0.00035,0.0209,0.00526,0.000145,0.0,0.0,0.0
0.8,0.22522,0.64188,0.64403,0.0213,0.00562,0.000217,0.00035,0.0209,0.00527,0.000145,0.0,0.0,0.0
0.8,0.22509,0.64198,0.64413,0.0213,0.00562,0.000216,0.000349,0.0209,0.00527,0.000144,0.0,0.0,0.0
0.8,0.22496,0.64208,0.64423,0.0213,0.00562,0.000216,0.000349,0.0209,0.00527,0.000144,0.0,0.0,0.0
0.8,0.22483,0.64218,0.64433,0.0213,0.00563,0.000215,0.000348,0.0209,0.00528,0.000144,0.0,0.0,0.0
0.8,0.2247,0.64228,0.64443,0.0213,0.00563,0.000215,0.000348,0.021,0.00528,0.000143,0.0,0.0,0.0
0.8,0.22458,0.64238,0.64453,0.0213,0.00563,0.000214,0.000348,0.021,0.00529,0.000143,0.0,0.0,0.0
0.8,0.22445,0.64248,0.64463,0.0213,0.00564,0.000214,0.000347,0.021,0.00529,0.000143,0.0,0.0,0.0
0.8,0.22432,0.64258,0.64473,0.0213,0.00564,0.000213,0.000347,0.021,0.00529,0.000143,0.0,0.0,0.0
0.8,0.22419,0.64269,0.64483,0.0213,0.00564,0.000213,0.000346,0.021,0.0053,0.000142,0.0,0.0,0.0
0.8,0.22406,0.64279,0.64493,0.0213,0.00565,0.000212,0.000346,0.021,0.0053,0.000142,0.0,0.0,0.0
0.8,0.22393,0.64289,0.64503,0.0213,0.00565,0.000212,0.000345,0.021,0.0053,0.000142,0.0,0.0,0.0
0.8,0.2238,0.64299,0.64513,0.0213,0.00565,0.000211,0.000345,0.021,0.00531,0.000141,0.0,0.0,0.0
0.8,0.22367,0.64309,0.64523,0.0213,0.00566,0.000211,0.000345,0.021,0.00531,0.000141,0.0,0.0,0.0
0.8,0.22354,0.64319,0.64533,0.0213,0.00566,0.00021,0.000344,0.021,0.00532,0.000141,0.0,0.0,0.0
0.8,0.22341,0.64329,0.64543,0.0213,0.00566,0.00021,0.000344,0.021,0.00532,0.00014,0.0,0.0,0.0
0.8,0.22329,0.64339,0.64553,0.0213,0.00567,0.000209,0.000343,0.021,0.00532,0.00014,0.0,0.0,0.0
0.8,0.22316,0.6435,0.64563,0.0213,0.00567,0.000208,0.000343,0.021,0.00533,0.00014,0.0,0.0,0.0
0.8,0.22303,0.6436,0.64573,0.0213,0.00567,0.000208,0.000342,0.021,0.00533,0.000139,0.0,0.0,0.0
0.8,0.2229,0.6437,0.64583,0.0213,0.00568,0.000207,0.000342,0.021,0.00533,0.000139,0.0,0.0,0.0
0.8,0.22277,0.6438,0.64593,0.0213,0.00568,0.000207,0.000342,0.021,0.00534,0.000139,0.0,0.0,0.0
0.8,0.22264,0.6439,0.64603,0.0213,0.00568,0.000206,0.000341,0.021,0.00534,0.000139,0.0,0.0,0.0
0.8,0.22251,0.644,0.64613,0.0213,0.00569,0.000206,0.000341,0.021,0.00535,0.000138,0.0,0.0,0.0
0.8,0.22238,0.6441,0.64623,0.0214,0.00569,0.000205,0.00034,0.021,0.00535,0.000138,0.0,0.0,0.0
0.8,0.22225,0.6442,0.64633,0.0214,0.00569,0.000205,0.00034,0.021,0.00535,0.000138,0.0,0.0,0.0
0.8,0.22212,0.64431,0.64643,0.0214,0.0057,0.000204,0.000339,0.021,0.00536,0.000137,0.0,0.0,0.0
0.8,0.22199,0.64441,0.64653,0.0214,0.0057,0.000204,0.000339,0.021,0.00536,0.000137,0.0,0.0,0.0
0.8,0.22186,0.64451,0.64663,0.0214,0.00571,0.000203,0.000339,0.021,0.00537,0.000137,0.0,0.0,0.0
0.8,0.22173,0.64461,0.64673,0.0214,0.00571,0.000203,0.000338,0.021,0.00537,0.000136,0.0,0.0,0.0
0.8,0.22161,0.64471,0.64683,0.0214,0.00571,0.000202,0.000338,0.021,0.00537,0.000136,0.0,0.0,0.0
0.8,0.22148,0.64481,0.64693,0.0214,0.00572,0.000202,0.000337,0.021,0.00538,0.000136,0.0,0.0,0.0
0.8,0.22135,0.64491,0.64703,0.0214,0.00572,0.000201,0.000337,0.021,0.00538,0.000135,0.0,0.0,0.0
0.8,0.22122,0.64501,0.64713,0.0214,0.00572,0.000201,0.000336,0.021,0.00539,0.000135,0.0,0.0,0.0
0.8,0.22109,0.64512,0.64723,0.0214,0.00573,0.0002,0.000336,0.021,0.00539,0.000135,0.0,0.0,0.0
0.8,0.22096,0.64522,0.64733,0.0214,0.00573,0.0002,0.000336,0.021,0.00539,0.000135,0.0,0.0,0.0
0.8,0.22083,0.64532,0.64743,0.0214,0.00573,0.000199,0.000335,0.021,0.0054,0.000134,0.0,0.0,0.0
0.8,0.2207,0.64542,0.64753,0.0214,0.00574,0.000199,0.000335,0.021,0.0054,0.000134,0.0,0.0,0.0
0.8,0.22057,0.64552,0.64763,0.0214,0.00574,0.000198,0.000334,0.021,0.00541,0.000134,0.0,0.0,0.0
0.8,0.22044,0.64562,0.64773,0.0214,0.00574,0.000198,0.000334,0.021,0.00541,0.000133,0.0,0.0,0.0
0.8,0.22031,0.64572,0.64783,0.0214,0.00575,0.000197,0.000333,0.0211,0.00541,0.000133,0.0,0.0,0.0
0.8,0.22018,0.64582,0.64793,0.0214,0.00575,0.000197,0.000333,0.0211,0.00542,0.000133,0.0,0.0,0.0
0.8,0.22005,0.64593,0.64803,0.0214,0.00576,0.000196,0.000333,0.0211,0.00542,0.000133,0.0,0.0,0.0
0.8,0.21992,0.64603,0.64813,0.0214,0.00576,0.000196,0.000332,0.0211,0.00543,0.000132,0.0,0.0,0.0
0.8,0.21979,0.64613,0.64823,0.0214,0.00576,0.000195,0.000332,0.0211,0.00543,0.000132,0.0,0.0,0.0
0.8,0.21966,0.64623,0.64833,0.0214,0.00577,0.000195,0.000331,0.0211,0.00544,0.000132,0.0,0.0,0.0
0.8,0.21953,0.64633,0.64843,0.0214,0.00577,0.000194,0.000331,0.0211,0.00544,0.000131,0.0,0.0,0.0
0.8,0.2194,0.64643,0.64853,0.0214,0.00578,0.000194,0.00033,0.0211,0.00545,0.000131,0.0,0.0,0.0
0.8,0.21927,0.64653,0.64863,0.0214,0.00579,0.000193,0.00033,0.0211,0.00546,0.000131,0.0,0.0,0.0
0.8,0.21914,0.64663,0.64873,0.0214,0.00579,0.000193,0.00033,0.0211,0.00546,0.00013,0.0,0.0,0.0
0.8,0.21901,0.64674,0.64883,0.0214,0.00579,0.000193,0.000329,0.0211,0.00546,0.00013,0.0,0.0,0.0
0.8,0.21888,0.64684,0.64893,0.0214,0.0058,0.000192,0.000329,0.0211,0.00547,0.00013,0.0,0.0,0.0
0.8,0.21875,0.64694,0.64903,0.0214,0.0058,0.000192,0.000328,0.0211,0.00547,0.00013,0.0,0.0,0.0
0.8,0.21862,0.64704,0.64913,0.0214,0.0058,0.000191,0.000328,0.0211,0.00548,0.000129,0.0,0.0,0.0
0.8,0.21849,0.64714,0.64923,0.0214,0.00581,0.000191,0.000327,0.0211,0.00548,0.000129,0.0,0.0,0.0
0.8,0.21836,0.64724,0.64933,0.0214,0.00581,0.00019,0.000327,0.0211,0.00548,0.000129,0.0,0.0,0.0
0.8,0.21823,0.64734,0.64943,0.0214,0.00581,0.00019,0.000327,0.0211,0.00549,0.000128,0.0,0.0,0.0
0.8,0.2181,0.64744,0.64953,0.0214,0.00582,0.000189,0.000326,0.0211,0.00549,0.000128,0.0,0.0,0.0
0.8,0.21797,0.64755,0.64963,0.0214,0.00582,0.000189,0.000326,0.0211,0.0055,0.000128,0.0,0.0,0.0
0.8,0.21785,0.64765,0.64973,0.0214,0.00582,0.000188,0.000325,0.0211,0.0055,0.000128,0.0,0.0,0.0
0.8,0.21772,0.64775,0.64983,0.0214,0.00583,0.000188,0.000325,0.0211,0.0055,0.000127,0.0,0.0,0.0
0.8,0.21759,0.64785,0.64993,0.0214,0.00583,0.000187,0.000324,0.0211,0.00551,0.000127,0.0,0.0,0.0
0.8,0.21746,0.64795,0.65003,0.0214,0.00584,0.000187,0.000324,0.0211,0.00551,0.000127,0.0,0.0,0.0
0.8,0.21733,0.64805,0.65013,0.0214,0.00584,0.000186,0.000324,0.0211,0.00552,0.000126,0.0,0.0,0.0
0.8,0.2172,0.64815,0.65023,0.0214,0.00584,0.000186,0.000323,0.0211,0.00552,0.000126,0.0,0.0,0.0
0.8,0.21707,0.64825,0.65033,0.0214,0.00585,0.000185,0.000323,0.0211,0.00552,0.000126,0.0,0.0,0.0
0.8,0.21693,0.64836,0.65043,0.0214,0.00585,0.000185,0.000322,0.0211,0.00553,0.000125,0.0,0.0,0.0
0.8,0.2168,0.64846,0.65053,0.0214,0.00585,0.000184,0.000322,0.0211,0.00553,0.000125,0.0,0.0,0.0
0.8,0.21667,0.64856,0.65063,0.0214,0.00586,0.000184,0.000321,0.0211,0.00554,0.000125,0.0,0.0,0.0
0.8,0.21654,0.64866,0.65073,0.0215,0.00586,0.000183,0.000321,0.0211,0.00554,0.000125,0.0,0.0,0.0
0.8,0.21641,0.64876,0.65083,0.0215,0.00586,0.000183,0.000321,0.0211,0.00554,0.000124,0.0,0.0,0.0
0.8,0.21628,0.64886,0.65093,0.0215,0.00587,0.000182,0.00032,0.0211,0.00555,0.000124,0.0,0.0,0.0
0.8,0.21615,0.64896,0.65103,0.0215,0.00587,0.000182,0.00032,0.0212,0.00555,0.000124,0.0,0.0,0.0
0.8,0.21602,0.64906,0.65113,0.0215,0.00588,0.000181,0.000319,0.0212,0.00556,0.000123,0.0,0.0,0.0
0.8,0.21589,0.64917,0.65123,0.0215,0.00588,0.000181,0.000319,0.0212,0.00556,0.000123,0.0,0.0,0.0
0.8,0.21576,0.64927,0.65133,0.0215,0.00588,0.00018,0.000318,0.0212,0.00557,0.000123,0.0,0.0,0.0
0.8,0.21563,0.64937,0.65143,0.0215,0.00589,0.00018,0.000318,0.0212,0.00557,0.000123,0.0,0.0,0.0
0.8,0.2155,0.64947,0.65153,0.0215,0.00589,0.00018,0.000318,0.0212,0.00557,0.000122,0.0,0.0,0.0
0.8,0.21537,0.64957,0.65163,0.0215,0.0059,0.000179,0.000317,0.0212,0.00558,0.000122,0.0,0.0,0.0
0.8,0.21524,0.64967,0.65173,0.0215,0.0059,0.000179,0.000317,0.0212,0.00558,0.000122,0.0,0.0,0.0
0.8,0.21511,0.64977,0.65183,0.0215,0.0059,0.000178,0.000316,0.0212,0.00559,0.000122,0.0,0.0,0.0
0.8,0.21498,0.64987,0.65193,0.0215,0.00591,0.000178,0.000316,0.0212,0.00559,0.000121,0.0,0.0,0.0
0.8,0.21485,0.64998,0.65203,0.0215,0.00591,0.000177,0.000315,0.0212,0.0056,0.000121,0.0,0.0,0.0
0.8,0.21472,0.65008,0.65213,0.0215,0.00591,0.000177,0.000315,0.0212,0.0056,0.000121,0.0,0.0,0.0
0.8,0.21459,0.65018,0.65223,0.0215,0.00592,0.000176,0.000315,0.0212,0.0056,0.00012,0.0,0.0,0.0
0.8,0.21446,0.65028,0.65233,0.0215,0.00592,0.000176,0.000314,0.0212,0.00561,0.00012,0.0,0.0,0.0
0.8,0.21433,0.65038,0.65243,0.0215,0.00593,0.000175,0.000314,0.0212,0.00561,0.00012,0.0,0.0,0.0
0.8,0.2142,0.65048,0.65253,0.0215,0.00593,0.000175,0.000313,0.0212,0.00562,0.00012,0.0,0.0,0.0
0.8,0.21407,0.65058,0.65263,0.0215,0.00593,0.000174,0.000313,0.0212,0.00562,0.000119,0.0,0.0,0.0
0.8,0.21394,0.65068,0.65273,0.0215,0.00594,0.000174,0.000312,0.0212,0.00563,0.000119,0.0,0.0,0.0
0.8,0.21381,0.65079,0.65283,0.0215,0.00594,0.000173,0.000312,0.0212,0.00563,0.000119,0.0,0.0,0.0
0.8,0.21368,0.65089,0.65293,0.0215,0.00595,0.000173,0.000312,0.0212,0.00563,0.000118,0.0,0.0,0.0
0.8,0.21355,0.65099,0.65303,0.0215,0.00595,0.000173,0.000311,0.0212,0.00564,0.000118,0.0,0.0,0.0
0.8,0.21342,0.65109,0.65313,0.0215,0.00595,0.000172,0.000311,0.0212,0.00564,0.000118,0.0,0.0,0.0
0.8,0.21328,0.65119,0.65323,0.0215,0.00596,0.000172,0.00031,0.0212,0.00565,0.000118,0.0,0.0,0.0
0.8,0.21315,0.65129,0.65333,0.0215,0.00596,0.000171,0.00031,0.0212,0.00565,0.000117,0.0,0.0,0.0
0.8,0.21302,0.65139,0.65343,0.0215,0.00597,0.000171,0.000309,0.0212,0.00566,0.000117,0.0,0.0,0.0
0.8,0.21289,0.65149,0.65353,0.0215,0.00598,0.00017,0.000309,0.0212,0.00567,0.000117,0.0,0.0,0.0
0.8,0.21276,0.6516,0.65363,0.0215,0.00598,0.00017,0.000309,0.0212,0.00567,0.000117,0.0,0.0,0.0
0.8,0.21263,0.6517,0.65373,0.0215,0.00598,0.000169,0.000308,0.0212,0.00568,0.000116,0.0,0.0,0.0
0.8,0.2125,0.6518,0.65383,0.0215,0.00599,0.000169,0.000308,0.0212,0.00568,0.000116,0.0,0.0,0.0
0.8,0.21237,0.6519,0.65393,0.0215,0.00599,0.000168,0.000307,0.0212,0.00568,0.000116,0.0,0.0,0.0
0.8,0.21224,0.652,0.65403,0.0215,0.006,0.000168,0.000307,0.0212,0.00569,0.000115,0.0,0.0,0.0
0.8,0.21211,0.6521,0.65413,0.0215,0.006,0.000167,0.000306,0.0212,0.00569,0.000115,0.0,0.0,0.0
0.8,0.21198,0.6522,0.65423,0.0215,0.006,0.000167,0.000306,0.0212,0.0057,0.000115,0.0,0.0,0.0
0.8,0.21185,0.6523,0.65433,0.0215,0.00601,0.000167,0.000306,0.0213,0.0057,0.000115,0.0,0.0,0.0
0.8,0.21172,0.65241,0.65443,0.0215,0.00601,0.000166,0.000305,0.0213,0.00571,0.000114,0.0,0.0,0.0
0.8,0.21158,0.65251,0.65453,0.0215,0.00601,0.000166,0.000305,0.0213,0.00571,0.000114,0.0,0.0,0.0
0.8,0.21145,0.65261,0.65463,0.0215,0.00602,0.000165,0.000304,0.0213,0.00571,0.000114,0.0,0.0,0.0
0.8,0.21132,0.65271,0.65473,0.0215,0.00602,0.000165,0.000304,0.0213,0.00572,0.000114,0.0,0.0,0.0
0.8,0.21119,0.65281,0.65483,0.0215,0.00603,0.000164,0.000303,0.0213,0.00572,0.000113,0.0,0.0,0.0
0.8,0.21106,0.65291,0.65493,0.0216,0.00603,0.000164,0.000303,0.0213,0.00573,0.000113,0.0,0.0,0.0
0.8,0.21093,0.65301,0.65503,0.0216,0.00603,0.000163,0.000303,0.0213,0.00573,0.000113,0.0,0.0,0.0
0.8,0.2108,0.65311,0.65513,0.0216,0.00604,0.000163,0.000302,0.0213,0.00574,0.000112,0.0,0.0,0.0
0.8,0.21067,0.65322,0.65523,0.0216,0.00604,0.000163,0.000302,0.0213,0.00574,0.000112,0.0,0.0,0.0
0.8,0.21054,0.65332,0.65533,0.0216,0.00605,0.000162,0.000301,0.0213,0.00574,0.000112,0.0,0.0,0.0
0.8,0.21041,0.65342,0.65543,0.0216,0.00605,0.000162,0.000301,0.0213,0.00575,0.000112,0.0,0.0,0.0
0.8,0.21027,0.65352,0.65553,0.0216,0.00605,0.000161,0.0003,0.0213,0.00575,0.000111,0.0,0.0,0.0
0.8,0.21014,0.65362,0.65563,0.0216,0.00606,0.000161,0.0003,0.0213,0.00576,0.000111,0.0,0.0,0.0
0.8,0.21001,0.65372,0.65573,0.0216,0.00606,0.00016,0.0003,0.0213,0.00576,0.000111,0.0,0.0,0.0
0.8,0.20988,0.65382,0.65583,0.0216,0.00607,0.00016,0.000299,0.0213,0.00577,0.000111,0.0,0.0,0.0
0.8,0.20975,0.65392,0.65593,0.0216,0.00607,0.000159,0.000299,0.0213,0.00577,0.00011,0.0,0.0,0.0
0.8,0.20962,0.65403,0.65603,0.0216,0.00607,0.000159,0.000298,0.0213,0.00578,0.00011,0.0,0.0,0.0
0.8,0.20949,0.65413,0.65613,0.0216,0.00608,0.000159,0.000298,0.0213,0.00578,0.00011,0.0,0.0,0.0
0.8,0.20936,0.65423,0.65623,0.0216,0.00608,0.000158,0.000297,0.0213,0.00578,0.00011,0.0,0.0,0.0
0.8,0.20922,0.65433,0.65633,0.0216,0.00609,0.000158,0.000297,0.0213,0.00579,0.000109,0.0,0.0,0.0
0.8,0.20909,0.65443,0.65643,0.0216,0.00609,0.000157,0.000297,0.0213,0.00579,0.000109,0.0,0.0,0.0
0.8,0.20896,0.65453,0.65653,0.0216,0.00609,0.000157,0.000296,0.0213,0.0058,0.000109,0.0,0.0,0.0
0.8,0.20883,0.65463,0.65663,0.0216,0.0061,0.000156,0.000296,0.0213,0.0058,0.000108,0.0,0.0,0.0
0.8,0.2087,0.65473,0.65673,0.0216,0.0061,0.000156,0.000295,0.0213,0.00581,0.000108,0.0,0.0,0.0
0.8,0.20857,0.65484,0.65683,0.0216,0.00611,0.000155,0.000295,0.0213,0.00581,0.000108,0.0,0.0,0.0
0.8,0.20844,0.65494,0.65693,0.0216,0.00611,0.000155,0.000294,0.0213,0.00582,0.000108,0.0,0.0,0.0
0.8,0.20831,0.65504,0.65703,0.0216,0.00612,0.000155,0.000294,0.0214,0.00582,0.000107,0.0,0.0,0.0
0.8,0.20817,0.65514,0.65713,0.0216,0.00612,0.000154,0.000294,0.0214,0.00583,0.000107,0.0,0.0,0.0
0.8,0.20804,0.65524,0.65723,0.0216,0.00612,0.000154,0.000293,0.0214,0.00583,0.000107,0.0,0.0,0.0
0.8,0.20791,0.65534,0.65733,0.0216,0.00613,0.000153,0.000293,0.0214,0.00584,0.000107,0.0,0.0,0.0
0.8,0.20778,0.65544,0.65743,0.0216,0.00613,0.000153,0.000292,0.0214,0.00584,0.000106,0.0,0.0,0.0
0.8,0.20765,0.65554,0.65753,0.0216,0.00614,0.000152,0.000292,0.0214,0.00584,0.000106,0.0,0.0,0.0
0.8,0.20752,0.65565,0.65763,0.0216,0.00614,0.000152,0.000291,0.0214,0.00585,0.000106,0.0,0.0,0.0
0.8,0.20739,0.65575,0.65773,0.0216,0.00614,0.000152,0.000291,0.0214,0.00585,0.000106,0.0,0.0,0.0
0.8,0.20725,0.65585,0.65783,0.0216,0.00615,0.000151,0.00029,0.0214,0.00586,0.000105,0.0,0.0,0.0
0.8,0.20712,0.65595,0.65793,0.0216,0.00615,0.000151,0.00029,0.0214,0.00586,0.000105,0.0,0.0,0.0
0.8,0.20699,0.65605,0.65803,0.0216,0.00616,0.00015,0.00029,0.0214,0.00587,0.000105,0.0,0.0,0.0
0.8,0.20686,0.65615,0.65813,0.0216,0.00616,0.00015,0.000289,0.0214,0.00587,0.000105,0.0,0.0,0.0
0.8,0.20673,0.65625,0.65823,0.0216,0.00617,0.000149,0.000289,0.0214,0.00588,0.000104,0.0,0.0,0.0
0.8,0.2066,0.65635,0.65833,0.0216,0.00617,0.000149,0.000288,0.0214,0.00588,0.000104,0.0,0.0,0.0
0.8,0.20646,0.65646,0.65843,0.0216,0.00618,0.000149,0.000288,0.0214,0.00589,0.000104,0.0,0.0,0.0
0.8,0.20633,0.65656,0.65853,0.0216,0.00619,0.000148,0.000287,0.0214,0.0059,0.000104,0.0,0.0,0.0
0.8,0.2062,0.65666,0.65863,0.0217,0.00619,0.000148,0.000287,0.0214,0.0059,0.000103,0.0,0.0,0.0
0.8,0.20607,0.65676,0.65873,0.0217,0.00619,0.000147,0.000287,0.0214,0.00591,0.000103,0.0,0.0,0.0
0.8,0.20594,0.65686,0.65883,0.0217,0.0062,0.000147,0.000286,0.0214,0.00591,0.000103,0.0,0.0,0.0
0.8,0.20581,0.65696,0.65893,0.0217,0.0062,0.000146,0.000286,0.0214,0.00592,0.000103,0.0,0.0,0.0
0.8,0.20567,0.65706,0.65903,0.0217,0.00621,0.000146,0.000285,0.0214,0.00592,0.000102,0.0,0.0,0.0
0.8,0.20554,0.65716,0.65913,0.0217,0.00621,0.000146,0.000285,0.0214,0.00593,0.000102,0.0,0.0,0.0
0.8,0.20541,0.65727,0.65923,0.0217,0.00621,0.000145,0.000284,0.0214,0.00593,0.000102,0.0,0.0,0.0
0.8,0.20528,0.65737,0.65933,0.0217,0.00622,0.000145,0.000284,0.0214,0.00593,0.000102,0.0,0.0,0.0
0.8,0.20515,0.65747,0.65943,0.0217,0.00622,0.000144,0.000284,0.0214,0.00594,0.000101,0.0,0.0,0.0
0.8,0.20501,0.65757,0.65953,0.0217,0.00623,0.000144,0.000283,0.0214,0.00594,0.000101,0.0,0.0,0.0
0.8,0.20488,0.65767,0.65963,0.0217,0.00623,0.000143,0.000283,0.0214,0.00595,0.000101,0.0,0.0,0.0
0.8,0.20475,0.65777,0.65973,0.0217,0.00623,0.000143,0.000282,0.0214,0.00595,0.000101,0.0,0.0,0.0
0.8,0.20462,0.65787,0.65983,0.0217,0.00624,0.000143,0.000282,0.0214,0.00596,0.0001,0.0,0.0,0.0
0.8,0.20449,0.65797,0.65993,0.0217,0.00624,0.000142,0.000281,0.0215,0.00596,0.0001,0.0,0.0,0.0
0.8,0.20435,0.65808,0.66003,0.0217,0.00625,0.000142,0.000281,0.0215,0.00597,9.99e-05,0.0,0.0,0.0
0.8,0.20422,0.65818,0.66013,0.0217,0.00625,0.000141,0.000281,0.0215,0.00597,9.96e-05,0.0,0.0,0.0
0.8,0.20409,0.65828,0.66023,0.0217,0.00626,0.000141,0.00028,0.0215,0.00598,9.94e-05,0.0,0.0,0.0
0.8,0.20396,0.65838,0.66033,0.0217,0.00626,0.000141,0.00028,0.0215,0.00598,9.91e-05,0.0,0.0,0.0
0.8,0.20383,0.65848,0.66043,0.0217,0.00626,0.00014,0.000279,0.0215,0.00598,9.89e-05,0.0,0.0,0.0
0.8,0.20369,0.65858,0.66053,0.0217,0.00627,0.00014,0.000279,0.0215,0.00599,9.86e-05,0.0,0.0,0.0
0.8,0.20356,0.65868,0.66063,0.0217,0.00627,0.000139,0.000278,0.0215,0.00599,9.84e-05,0.0,0.0,0.0
0.8,0.20343,0.65878,0.66073,0.0217,0.00628,0.000139,0.000278,0.0215,0.006,9.81e-05,0.0,0.0,0.0
0.8,0.2033,0.65889,0.66083,0.0217,0.00628,0.000138,0.000278,0.0215,0.006,9.79e-05,0.0,0.0,0.0
0.8,0.20317,0.65899,0.66093,0.0217,0.00629,0.000138,0.000277,0.0215,0.00601,9.77e-05,0.0,0.0,0.0
0.8,0.20303,0.65909,0.66103,0.0217,0.00629,0.000138,0.000277,0.0215,0.00601,9.74e-05,0.0,0.0,0.0
0.8,0.2029,0.65919,0.66113,0.0217,0.00629,0.000137,0.000276,0.0215,0.00602,9.72e-05,0.0,0.0,0.0
0.8,0.20277,0.65929,0.66123,0.0217,0.0063,0.000137,0.000276,0.0215,0.00602,9.69e-05,0.0,0.0,0.0
0.8,0.20264,0.65939,0.66133,0.0217,0.0063,0.000136,0.000275,0.0215,0.00603,9.67e-05,0.0,0.0,0.0
0.8,0.2025,0.65949,0.66143,0.0217,0.00631,0.000136,0.000275,0.0215,0.00603,9.65e-05,0.0,0.0,0.0
0.8,0.20237,0.65959,0.66153,0.0218,0.00631,0.000136,0.000275,0.0215,0.00604,9.62e-05,0.0,0.0,0.0
0.8,0.20224,0.6597,0.66163,0.0218,0.00632,0.000135,0.000274,0.0215,0.00604,9.6e-05,0.0,0.0,0.0
0.8,0.20211,0.6598,0.66173,0.0218,0.00632,0.000135,0.000274,0.0215,0.00605,9.57e-05,0.0,0.0,0.0
0.8,0.20198,0.6599,0.66183,0.0218,0.00633,0.000134,0.000273,0.0215,0.00605,9.55e-05,0.0,0.0,0.0
0.8,0.20184,0.66,0.66193,0.0218,0.00633,0.000134,0.000273,0.0215,0.00606,9.53e-05,0.0,0.0,0.0
0.8,0.20171,0.6601,0.66203,0.0218,0.00633,0.000134,0.000272,0.0215,0.00606,9.5e-05,0.0,0.0,0.0
0.8,0.20158,0.6602,0.66213,0.0218,0.00634,0.000133,0.000272,0.0215,0.00607,9.48e-05,0.0,0.0,0.0
0.8,0.20145,0.6603,0.66223,0.0218,0.00634,0.000133,0.000272,0.0215,0.00607,9.45e-05,0.0,0.0,0.0
0.8,0.20131,0.6604,0.66233,0.0218,0.00635,0.000132,0.000271,0.0215,0.00608,9.43e-05,0.0,0.0,0.0
0.8,0.20118,0.66051,0.66243,0.0218,0.00635,0.000132,0.000271,0.0216,0.00608,9.41e-05,0.0,0.0,0.0
0.8,0.20105,0.66061,0.66253,0.0218,0.00636,0.000132,0.00027,0.0216,0.00609,9.38e-05,0.0,0.0,0.0
0.8,0.20092,0.66071,0.66263,0.0218,0.00636,0.000131,0.00027,0.0216,0.00609,9.36e-05,0.0,0.0,0.0
0.8,0.20078,0.66081,0.66273,0.0218,0.00637,0.000131,0.000269,0.0216,0.0061,9.34e-05,0.0,0.0,0.0
0.8,0.20065,0.66091,0.66283,0.0218,0.00637,0.00013,0.000269,0.0216,0.0061,9.31e-05,0.0,0.0,0.0
0.8,0.20052,0.66101,0.66293,0.0218,0.00637,0.00013,0.000268,0.0216,0.00611,9.29e-05,0.0,0.0,0.0
0.8,0.20039,0.66111,0.66303,0.0218,0.00638,0.00013,0.000268,0.0216,0.00611,9.26e-05,0.0,0.0,0.0
0.8,0.20025,0.66122,0.66313,0.0218,0.00638,0.000129,0.000268,0.0216,0.00612,9.24e-05,0.0,0.0,0.0
0.8,0.20012,0.66132,0.66323,0.0218,0.00639,0.000129,0.000267,0.0216,0.00612,9.22e-05,0.0,0.0,0.0
0.8,0.19999,0.66142,0.66333,0.0218,0.0064,0.000128,0.000267,0.0216,0.00613,9.19e-05,0.0,0.0,0.0
0.8,0.19985,0.66152,0.66343,0.0218,0.0064,0.000128,0.000266,0.0216,0.00614,9.17e-05,0.0,0.0,0.0
0.8,0.19972,0.66162,0.66353,0.0218,0.00641,0.000128,0.000266,0.0216,0.00614,9.15e-05,0.0,0.0,0.0
0.8,0.19959,0.66172,0.66363,0.0218,0.00641,0.000127,0.000265,0.0216,0.00615,9.12e-05,0.0,0.0,0.0
0.8,0.19946,0.66182,0.66373,0.0218,0.00642,0.000127,0.000265,0.0216,0.00615,9.1e-05,0.0,0.0,0.0
0.8,0.19932,0.66192,0.66383,0.0218,0.00642,0.000126,0.000265,0.0216,0.00616,9.08e-05,0.0,0.0,0.0
0.8,0.19919,0.66203,0.66393,0.0218,0.00643,0.000126,0.000264,0.0216,0.00616,9.06e-05,0.0,0.0,0.0
0.8,0.19906,0.66213,0.66403,0.0218,0.00643,0.000126,0.000264,0.0216,0.00617,9.03e-05,0.0,0.0,0.0
0.8,0.19893,0.66223,0.66413,0.0218,0.00644,0.000125,0.000263,0.0216,0.00617,9.01e-05,0.0,0.0,0.0
0.8,0.19879,0.66233,0.66423,0.0218,0.00644,0.000125,0.000263,0.0216,0.00618,8.99e-05,0.0,0.0,0.0
0.8,0.19866,0.66243,0.66433,0.0218,0.00644,0.000124,0.000262,0.0216,0.00618,8.96e-05,0.0,0.0,0.0
0.8,0.19853,0.66253,0.66443,0.0218,0.00645,0.000124,0.000262,0.0216,0.00619,8.94e-05,0.0,0.0,0.0
0.8,0.19839,0.66263,0.66453,0.0218,0.00645,0.000124,0.000262,0.0216,0.00619,8.92e-05,0.0,0.0,0.0
0.8,0.19826,0.66273,0.66463,0.0219,0.00646,0.000123,0.000261,0.0216,0.0062,8.89e-05,0.0,0.0,0.0
0.8,0.19813,0.66284,0.66473,0.0219,0.00646,0.000123,0.000261,0.0216,0.0062,8.87e-05,0.0,0.0,0.0
0.8,0.198,0.66294,0.66483,0.0219,0.00647,0.000123,0.00026,0.0216,0.00621,8.85e-05,0.0,0.0,0.0
0.8,0.19786,0.66304,0.66493,0.0219,0.00647,0.000122,0.00026,0.0217,0.00621,8.83e-05,0.0,0.0,0.0
0.8,0.19773,0.66314,0.66503,0.0219,0.00647,0.000122,0.000259,0.0217,0.00622,8.8e-05,0.0,0.0,0.0
0.8,0.1976,0.66324,0.66513,0.0219,0.00648,0.000121,0.000259,0.0217,0.00622,8.78e-05,0.0,0.0,0.0
0.8,0.19746,0.66334,0.66523,0.0219,0.00648,0.000121,0.000259,0.0217,0.00623,8.76e-05,0.0,0.0,0.0
0.8,0.19733,0.66344,0.66533,0.0219,0.00649,0.000121,0.000258,0.0217,0.00623,8.74e-05,0.0,0.0,0.0
0.8,0.1972,0.66354,0.66543,0.0219,0.00649,0.00012,0.000258,0.0217,0.00624,8.71e-05,0.0,0.0,0.0
0.8,0.19706,0.66365,0.66553,0.0219,0.0065,0.00012,0.000257,0.0217,0.00624,8.69e-05,0.0,0.0,0.0
0.8,0.19693,0.66375,0.66563,0.0219,0.0065,0.000119,0.000257,0.0217,0.00625,8.67e-05,0.0,0.0,0.0
0.8,0.1968,0.66385,0.66573,0.0219,0.00651,0.000119,0.000256,0.0217,0.00625,8.65e-05,0.0,0.0,0.0
0.8,0.19666,0.66395,0.66583,0.0219,0.00651,0.000119,0.000256,0.0217,0.00626,8.62e-05,0.0,0.0,0.0
0.8,0.19653,0.66405,0.66593,0.0219,0.00652,0.000118,0.000256,0.0217,0.00626,8.6e-05,0.0,0.0,0.0
0.8,0.1964,0.66415,0.66603,0.0219,0.00652,0.000118,0.000255,0.0217,0.00627,8.58e-05,0.0,0.0,0.0
0.8,0.19626,0.66425,0.66613,0.0219,0.00653,0.000118,0.000255,0.0217,0.00627,8.56e-05,0.0,0.0,0.0
0.8,0.19613,0.66435,0.66623,0.0219,0.00653,0.000117,0.000254,0.0217,0.00628,8.53e-05,0.0,0.0,0.0
0.8,0.196,0.66446,0.66633,0.0219,0.00654,0.000117,0.000254,0.0217,0.00628,8.51e-05,0.0,0.0,0.0
0.8,0.19587,0.66456,0.66643,0.0219,0.00654,0.000116,0.000253,0.0217,0.00629,8.49e-05,0.0,0.0,0.0
0.8,0.19573,0.66466,0.66653,0.0219,0.00654,0.000116,0.000253,0.0217,0.00629,8.47e-05,0.0,0.0,0.0
0.8,0.1956,0.66476,0.66663,0.0219,0.00655,0.000116,0.000252,0.0217,0.0063,8.45e-05,0.0,0.0,0.0
0.8,0.19547,0.66486,0.66673,0.0219,0.00655,0.000115,0.000252,0.0217,0.0063,8.42e-05,0.0,0.0,0.0
0.8,0.19533,0.66496,0.66683,0.0219,0.00656,0.000115,0.000252,0.0217,0.00631,8.4e-05,0.0,0.0,0.0
0.8,0.1952,0.66506,0.66693,0.0219,0.00656,0.000115,0.000251,0.0217,0.00631,8.38e-05,0.0,0.0,0.0
0.8,0.19506,0.66516,0.66703,0.0219,0.00657,0.000114,0.000251,0.0217,0.00632,8.36e-05,0.0,0.0,0.0
0.8,0.19493,0.66527,0.66713,0.0219,0.00657,0.000114,0.00025,0.0218,0.00632,8.34e-05,0.0,0.0,0.0
0.8,0.1948,0.66537,0.66723,0.022,0.00658,0.000113,0.00025,0.0218,0.00633,8.32e-05,0.0,0.0,0.0
0.8,0.19466,0.66547,0.66733,0.022,0.00658,0.000113,0.000249,0.0218,0.00633,8.29e-05,0.0,0.0,0.0
0.8,0.19453,0.66557,0.66743,0.022,0.00659,0.000113,0.000249,0.0218,0.00634,8.27e-05,0.0,0.0,0.0
0.8,0.1944,0.66567,0.66753,0.022,0.00659,0.000112,0.000249,0.0218,0.00634,8.25e-05,0.0,0.0,0.0
0.8,0.19426,0.66577,0.66763,0.022,0.0066,0.000112,0.000248,0.0218,0.00635,8.23e-05,0.0,0.0,0.0
0.8,0.19413,0.66587,0.66773,0.022,0.0066,0.000112,0.000248,0.0218,0.00635,8.21e-05,0.0,0.0,0.0
0.8,0.194,0.66598,0.66783,0.022,0.00661,0.000111,0.000247,0.0218,0.00636,8.19e-05,0.0,0.0,0.0
0.8,0.19386,0.66608,0.66793,0.022,0.00661,0.000111,0.000247,0.0218,0.00637,8.16e-05,0.0,0.0,0.0
0.8,0.19373,0.66618,0.66803,0.022,0.00662,0.00011,0.000246,0.0218,0.00637,8.14e-05,0.0,0.0,0.0
0.8,0.1936,0.66628,0.66813,0.022,0.00662,0.00011,0.000246,0.0218,0.00638,8.12e-05,0.0,0.0,0.0
0.8,0.19346,0.66638,0.66823,0.022,0.00663,0.00011,0.000246,0.0218,0.00638,8.1e-05,0.0,0.0,0.0
0.8,0.19333,0.66648,0.66833,0.022,0.00664,0.000109,0.000245,0.0218,0.00639,8.08e-05,0.0,0.0,0.0
0.8,0.1932,0.66658,0.66843,0.022,0.00664,0.000109,0.000245,0.0218,0.0064,8.06e-05,0.0,0.0,0.0
0.8,0.19306,0.66668,0.66853,0.022,0.00665,0.000109,0.000244,0.0218,0.0064,8.04e-05,0.0,0.0,0.0
0.8,0.19293,0.66679,0.66863,0.022,0.00665,0.000108,0.000244,0.0218,0.00641,8.01e-05,0.0,0.0,0.0
0.8,0.19279,0.66689,0.66873,0.022,0.00666,0.000108,0.000243,0.0218,0.00641,7.99e-05,0.0,0.0,0.0
0.8,0.19266,0.66699,0.66883,0.022,0.00666,0.000108,0.000243,0.0218,0.00642,7.97e-05,0.0,0.0,0.0
0.8,0.19253,0.66709,0.66893,0.022,0.00667,0.000107,0.000243,0.0218,0.00642,7.95e-05,0.0,0.0,0.0
0.8,0.19239,0.66719,0.66903,0.022,0.00667,0.000107,0.000242,0.0218,0.00643,7.93e-05,0.0,0.0,0.0
0.8,0.19226,0.66729,0.66913,0.022,0.00668,0.000107,0.000242,0.0218,0.00643,7.91e-05,0.0,0.0,0.0
0.8,0.19213,0.66739,0.66923,0.022,0.00668,0.000106,0.000241,0.0218,0.00644,7.89e-05,0.0,0.0,0.0
0.8,0.19199,0.66749,0.66933,0.022,0.00668,0.000106,0.000241,0.0218,0.00644,7.87e-05,0.0,0.0,0.0
0.8,0.19186,0.6676,0.66943,0.022,0.00669,0.000105,0.00024,0.0219,0.00645,7.85e-05,0.0,0.0,0.0
0.8,0.19172,0.6677,0.66953,0.022,0.00669,0.000105,0.00024,0.0219,0.00645,7.82e-05,0.0,0.0,0.0
0.8,0.19159,0.6678,0.66963,0.022,0.0067,0.000105,0.000239,0.0219,0.00646,7.8e-05,0.0,0.0,0.0
0.8,0.19146,0.6679,0.66973,0.022,0.0067,0.000104,0.000239,0.0219,0.00646,7.78e-05,0.0,0.0,0.0
0.8,0.19132,0.668,0.66983,0.0221,0.00671,0.000104,0.000239,0.0219,0.00647,7.76e-05,0.0,0.0,0.0
0.8,0.19119,0.6681,0.66993,0.0221,0.00671,0.000104,0.000238,0.0219,0.00648,7.74e-05,0.0,0.0,0.0
0.8,0.19105,0.6682,0.67003,0.0221,0.00672,0.000103,0.000238,0.0219,0.00648,7.72e-05,0.0,0.0,0.0
0.8,0.19092,0.6683,0.67013,0.0221,0.00672,0.000103,0.000237,0.0219,0.00649,7.7e-05,0.0,0.0,0.0
0.8,0.19079,0.66841,0.67023,0.0221,0.00673,0.000103,0.000237,0.0219,0.00649,7.68e-05,0.0,0.0,0.0
0.8,0.19065,0.66851,0.67033,0.0221,0.00673,0.000102,0.000236,0.0219,0.0065,7.66e-05,0.0,0.0,0.0
0.8,0.19052,0.66861,0.67043,0.0221,0.00674,0.000102,0.000236,0.0219,0.0065,7.64e-05,0.0,0.0,0.0
0.8,0.19038,0.66871,0.67053,0.0221,0.00674,0.000102,0.000236,0.0219,0.00651,7.62e-05,0.0,0.0,0.0
0.8,0.19025,0.66881,0.67063,0.0221,0.00675,0.000101,0.000235,0.0219,0.00651,7.6e-05,0.0,0.0,0.0
0.8,0.19012,0.66891,0.67073,0.0221,0.00675,0.000101,0.000235,0.0219,0.00652,7.58e-05,0.0,0.0,0.0
0.8,0.18998,0.66901,0.67083,0.0221,0.00676,0.000101,0.000234,0.0219,0.00652,7.56e-05,0.0,0.0,0.0
0.8,0.18985,0.66911,0.67093,0.0221,0.00676,0.0001,0.000234,0.0219,0.00653,7.54e-05,0.0,0.0,0.0
0.8,0.18971,0.66922,0.67103,0.0221,0.00677,9.98e-05,0.000233,0.0219,0.00653,7.52e-05,0.0,0.0,0.0
0.8,0.18958,0.66932,0.67113,0.0221,0.00677,9.95e-05,0.000233,0.0219,0.00654,7.5e-05,0.0,0.0,0.0
0.8,0.18944,0.66942,0.67123,0.0221,0.00678,9.91e-05,0.000233,0.0219,0.00655,7.48e-05,0.0,0.0,0.0
0.8,0.18931,0.66952,0.67133,0.0221,0.00678,9.88e-05,0.000232,0.0219,0.00655,7.46e-05,0.0,0.0,0.0
0.8,0.18918,0.66962,0.67143,0.0221,0.00679,9.84e-05,0.000232,0.022,0.00656,7.44e-05,0.0,0.0,0.0
0.8,0.18904,0.66972,0.67153,0.0221,0.00679,9.81e-05,0.000231,0.022,0.00656,7.41e-05,0.0,0.0,0.0
0.8,0.18891,0.66982,0.67163,0.0221,0.0068,9.78e-05,0.000231,0.022,0.00657,7.39e-05,0.0,0.0,0.0
0.8,0.18877,0.66993,0.67173,0.0221,0.0068,9.74e-05,0.00023,0.022,0.00657,7.37e-05,0.0,0.0,0.0
0.8,0.18864,0.67003,0.67183,0.0221,0.00681,9.71e-05,0.00023,0.022,0.00658,7.35e-05,0.0,0.0,0.0
0.8,0.1885,0.67013,0.67193,0.0221,0.00681,9.67e-05,0.00023,0.022,0.00658,7.33e-05,0.0,0.0,0.0
0.8,0.18837,0.67023,0.67203,0.0221,0.00682,9.64e-05,0.000229,0.022,0.00659,7.31e-05,0.0,0.0,0.0
0.8,0.18824,0.67033,0.67213,0.0222,0.00682,9.61e-05,0.000229,0.022,0.0066,7.3e-05,0.0,0.0,0.0
0.8,0.1881,0.67043,0.67223,0.0222,0.00683,9.57e-05,0.000228,0.022,0.0066,7.28e-05,0.0,0.0,0.0
0.8,0.18797,0.67053,0.67233,0.0222,0.00683,9.54e-05,0.000228,0.022,0.00661,7.26e-05,0.0,0.0,0.0
0.8,0.18783,0.67063,0.67243,0.0222,0.00684,9.5e-05,0.000227,0.022,0.00661,7.24e-05,0.0,0.0,0.0
0.8,0.1877,0.67074,0.67253,0.0222,0.00684,9.47e-05,0.000227,0.022,0.00662,7.22e-05,0.0,0.0,0.0
0.8,0.18756,0.67084,0.67263,0.0222,0.00685,9.44e-05,0.000226,0.022,0.00662,7.2e-05,0.0,0.0,0.0
0.8,0.18743,0.67094,0.67273,0.0222,0.00686,9.4e-05,0.000226,0.022,0.00663,7.18e-05,0.0,0.0,0.0
0.8,0.18729,0.67104,0.67283,0.0222,0.00686,9.37e-05,0.000226,0.022,0.00664,7.16e-05,0.0,0.0,0.0
0.8,0.18716,0.67114,0.67293,0.0222,0.00687,9.34e-05,0.000225,0.022,0.00664,7.14e-05,0.0,0.0,0.0
0.8,0.18702,0.67124,0.67303,0.0222,0.00687,9.3e-05,0.000225,0.022,0.00665,7.12e-05,0.0,0.0,0.0
0.8,0.18689,0.67134,0.67313,0.0222,0.00688,9.27e-05,0.000224,0.022,0.00665,7.1e-05,0.0,0.0,0.0
0.8,0.18676,0.67144,0.67323,0.0222,0.00689,9.24e-05,0.000224,0.022,0.00666,7.08e-05,0.0,0.0,0.0
0.8,0.18662,0.67155,0.67333,0.0222,0.00689,9.2e-05,0.000223,0.022,0.00667,7.06e-05,0.0,0.0,0.0
0.8,0.18649,0.67165,0.67343,0.0222,0.0069,9.17e-05,0.000223,0.022,0.00667,7.04e-05,0.0,0.0,0.0
0.8,0.18635,0.67175,0.67353,0.0222,0.0069,9.14e-05,0.000223,0.022,0.00668,7.02e-05,0.0,0.0,0.0
0.8,0.18622,0.67185,0.67363,0.0222,0.00691,9.1e-05,0.000222,0.0221,0.00668,7e-05,0.0,0.0,0.0
0.8,0.18608,0.67195,0.67373,0.0222,0.00691,9.07e-05,0.000222,0.0221,0.00669,6.98e-05,0.0,0.0,0.0
0.8,0.18595,0.67205,0.67383,0.0222,0.00692,9.04e-05,0.000221,0.0221,0.0067,6.96e-05,0.0,0.0,0.0
0.8,0.18581,0.67215,0.67393,0.0222,0.00692,9.01e-05,0.000221,0.0221,0.0067,6.94e-05,0.0,0.0,0.0
0.8,0.18568,0.67225,0.67403,0.0222,0.00693,8.97e-05,0.00022,0.0221,0.00671,6.92e-05,0.0,0.0,0.0
0.8,0.18554,0.67236,0.67413,0.0222,0.00693,8.94e-05,0.00022,0.0221,0.00671,6.91e-05,0.0,0.0,0.0
0.8,0.18541,0.67246,0.67423,0.0222,0.00694,8.91e-05,0.00022,0.0221,0.00672,6.89e-05,0.0,0.0,0.0
0.8,0.18527,0.67256,0.67433,0.0222,0.00694,8.87e-05,0.000219,0.0221,0.00672,6.87e-05,0.0,0.0,0.0
0.8,0.18514,0.67266,0.67443,0.0223,0.00695,8.84e-05,0.000219,0.0221,0.00673,6.85e-05,0.0,0.0,0.0
0.8,0.185,0.67276,0.67453,0.0223,0.00695,8.81e-05,0.000218,0.0221,0.00673,6.83e-05,0.0,0.0,0.0
0.8,0.18487,0.67286,0.67463,0.0223,0.00696,8.78e-05,0.000218,0.0221,0.00674,6.81e-05,0.0,0.0,0.0
0.8,0.18473,0.67296,0.67473,0.0223,0.00696,8.75e-05,0.000217,0.0221,0.00675,6.79e-05,0.0,0.0,0.0
0.8,0.1846,0.67307,0.67483,0.0223,0.00697,8.71e-05,0.000217,0.0221,0.00675,6.77e-05,0.0,0.0,0.0
0.8,0.18446,0.67317,0.67493,0.0223,0.00697,8.68e-05,0.000216,0.0221,0.00676,6.75e-05,0.0,0.0,0.0
0.8,0.18433,0.67327,0.67503,0.0223,0.00698,8.65e-05,0.000216,0.0221,0.00676,6.73e-05,0.0,0.0,0.0
0.8,0.18419,0.67337,0.67513,0.0223,0.00698,8.62e-05,0.000216,0.0221,0.00677,6.72e-05,0.0,0.0,0.0
0.8,0.18406,0.67347,0.67523,0.0223,0.00699,8.59e-05,0.000215,0.0221,0.00677,6.7e-05,0.0,0.0,0.0
0.8,0.18392,0.67357,0.67533,0.0223,0.00699,8.55e-05,0.000215,0.0222,0.00678,6.68e-05,0.0,0.0,0.0
0.8,0.18379,0.67367,0.67543,0.0223,0.007,8.52e-05,0.000214,0.0222,0.00679,6.66e-05,0.0,0.0,0.0
0.8,0.18365,0.67377,0.67553,0.0223,0.00701,8.49e-05,0.000214,0.0222,0.00679,6.64e-05,0.0,0.0,0.0
0.8,0.18352,0.67388,0.67563,0.0223,0.00701,8.46e-05,0.000213,0.0222,0.0068,6.62e-05,0.0,0.0,0.0
0.8,0.18338,0.67398,0.67573,0.0223,0.00702,8.43e-05,0.000213,0.0222,0.0068,6.6e-05,0.0,0.0,0.0
0.8,0.18325,0.67408,0.67583,0.0223,0.00702,8.39e-05,0.000213,0.0222,0.00681,6.59e-05,0.0,0.0,0.0
0.8,0.18311,0.67418,0.67593,0.0223,0.00703,8.36e-05,0.000212,0.0222,0.00681,6.57e-05,0.0,0.0,0.0
0.8,0.18298,0.67428,0.67603,0.0223,0.00703,8.33e-05,0.000212,0.0222,0.00682,6.55e-05,0.0,0.0,0.0
0.8,0.18284,0.67438,0.67613,0.0223,0.00704,8.3e-05,0.000211,0.0222,0.00683,6.53e-05,0.0,0.0,0.0
0.8,0.18271,0.67448,0.67623,0.0223,0.00704,8.27e-05,0.000211,0.0222,0.00683,6.51e-05,0.0,0.0,0.0
0.8,0.18257,0.67458,0.67633,0.0224,0.00705,8.24e-05,0.00021,0.0222,0.00684,6.49e-05,0.0,0.0,0.0
0.8,0.18244,0.67469,0.67643,0.0224,0.00705,8.21e-05,0.00021,0.0222,0.00684,6.48e-05,0.0,0.0,0.0
0.8,0.1823,0.67479,0.67653,0.0224,0.00706,8.18e-05,0.000209,0.0222,0.00685,6.46e-05,0.0,0.0,0.0
0.8,0.18217,0.67489,0.67663,0.0224,0.00706,8.14e-05,0.000209,0.0222,0.00686,6.44e-05,0.0,0.0,0.0
0.8,0.18203,0.67499,0.67673,0.0224,0.00707,8.11e-05,0.000209,0.0222,0.00686,6.42e-05,0.0,0.0,0.0
0.8,0.1819,0.67509,0.67683,0.0224,0.00708,8.08e-05,0.000208,0.0222,0.00687,6.4e-05,0.0,0.0,0.0
0.8,0.18176,0.67519,0.67693,0.0224,0.00708,8.05e-05,0.000208,0.0222,0.00687,6.38e-05,0.0,0.0,0.0
0.8,0.18162,0.67529,0.67703,0.0224,0.00709,8.02e-05,0.000207,0.0222,0.00688,6.37e-05,0.0,0.0,0.0
0.8,0.18149,0.67539,0.67713,0.0224,0.00709,7.99e-05,0.000207,0.0222,0.00689,6.35e-05,0.0,0.0,0.0
0.8,0.18135,0.6755,0.67723,0.0224,0.0071,7.96e-05,0.000206,0.0223,0.00689,6.33e-05,0.0,0.0,0.0
0.8,0.18122,0.6756,0.67733,0.0224,0.0071,7.93e-05,0.000206,0.0223,0.0069,6.31e-05,0.0,0.0,0.0
0.8,0.18108,0.6757,0.67743,0.0224,0.00711,7.9e-05,0.000206,0.0223,0.0069,6.29e-05,0.0,0.0,0.0
0.8,0.18095,0.6758,0.67753,0.0224,0.00711,7.87e-05,0.000205,0.0223,0.00691,6.28e-05,0.0,0.0,0.0
0.8,0.18081,0.6759,0.67763,0.0224,0.00712,7.84e-05,0.000205,0.0223,0.00692,6.26e-05,0.0,0.0,0.0
0.8,0.18068,0.676,0.67773,0.0224,0.00713,7.81e-05,0.000204,0.0223,0.00692,6.24e-05,0.0,0.0,0.0
0.8,0.18054,0.6761,0.67783,0.0224,0.00713,7.78e-05,0.000204,0.0223,0.00693,6.22e-05,0.0,0.0,0.0
0.8,0.1804,0.67621,0.67793,0.0224,0.00714,7.75e-05,0.000203,0.0223,0.00693,6.21e-05,0.0,0.0,0.0
0.8,0.18027,0.67631,0.67803,0.0224,0.00714,7.72e-05,0.000203,0.0223,0.00694,6.19e-05,0.0,0.0,0.0
0.8,0.18013,0.67641,0.67813,0.0224,0.00715,7.69e-05,0.000203,0.0223,0.00695,6.17e-05,0.0,0.0,0.0
0.8,0.18,0.67651,0.67823,0.0224,0.00716,7.66e-05,0.000202,0.0223,0.00696,6.15e-05,0.0,0.0,0.0
0.8,0.17986,0.67661,0.67833,0.0224,0.00716,7.63e-05,0.000202,0.0223,0.00696,6.14e-05,0.0,0.0,0.0
0.8,0.17973,0.67671,0.67843,0.0224,0.00717,7.6e-05,0.000201,0.0223,0.00697,6.12e-05,0.0,0.0,0.0
0.8,0.17959,0.67681,0.67853,0.0225,0.00717,7.57e-05,0.000201,0.0223,0.00697,6.1e-05,0.0,0.0,0.0
0.8,0.17946,0.67691,0.67863,0.0225,0.00718,7.54e-05,0.0002,0.0223,0.00698,6.08e-05,0.0,0.0,0.0
0.8,0.17932,0.67702,0.67873,0.0225,0.00719,7.51e-05,0.0002,0.0223,0.00699,6.07e-05,0.0,0.0,0.0
0.8,0.17918,0.67712,0.67883,0.0225,0.00719,7.48e-05,0.000199,0.0223,0.00699,6.05e-05,0.0,0.0,0.0
0.8,0.17905,0.67722,0.67893,0.0225,0.0072,7.45e-05,0.000199,0.0223,0.007,6.03e-05,0.0,0.0,0.0
0.8,0.17891,0.67732,0.67903,0.0225,0.0072,7.42e-05,0.000199,0.0223,0.007,6.01e-05,0.0,0.0,0.0
0.8,0.17878,0.67742,0.67913,0.0225,0.00721,7.39e-05,0.000198,0.0224,0.00701,6e-05,0.0,0.0,0.0
0.8,0.17864,0.67752,0.67923,0.0225,0.00721,7.36e-05,0.000198,0.0224,0.00701,5.98e-05,0.0,0.0,0.0
0.8,0.1785,0.67762,0.67933,0.0225,0.00722,7.33e-05,0.000197,0.0224,0.00702,5.96e-05,0.0,0.0,0.0
0.8,0.17837,0.67772,0.67943,0.0225,0.00722,7.3e-05,0.000197,0.0224,0.00703,5.94e-05,0.0,0.0,0.0
0.8,0.17823,0.67783,0.67953,0.0225,0.00723,7.27e-05,0.000196,0.0224,0.00703,5.93e-05,0.0,0.0,0.0
0.8,0.1781,0.67793,0.67963,0.0225,0.00723,7.24e-05,0.000196,0.0224,0.00704,5.91e-05,0.0,0.0,0.0
0.8,0.17796,0.67803,0.67973,0.0225,0.00724,7.21e-05,0.000196,0.0224,0.00704,5.89e-05,0.0,0.0,0.0
0.8,0.17783,0.67813,0.67983,0.0225,0.00725,7.18e-05,0.000195,0.0224,0.00705,5.88e-05,0.0,0.0,0.0
0.8,0.17769,0.67823,0.67993,0.0225,0.00725,7.16e-05,0.000195,0.0224,0.00706,5.86e-05,0.0,0.0,0.0
0.8,0.17755,0.67833,0.68003,0.0225,0.00726,7.13e-05,0.000194,0.0224,0.00706,5.84e-05,0.0,0.0,0.0
0.8,0.17742,0.67843,0.68013,0.0225,0.00726,7.1e-05,0.000194,0.0224,0.00707,5.82e-05,0.0,0.0,0.0
0.8,0.17728,0.67854,0.68023,0.0226,0.00727,7.07e-05,0.000193,0.0224,0.00707,5.81e-05,0.0,0.0,0.0
0.8,0.17714,0.67864,0.68033,0.0226,0.00727,7.04e-05,0.000193,0.0224,0.00708,5.79e-05,0.0,0.0,0.0
0.8,0.17701,0.67874,0.68043,0.0226,0.00728,7.01e-05,0.000193,0.0224,0.00709,5.77e-05,0.0,0.0,0.0
0.8,0.17687,0.67884,0.68053,0.0226,0.00728,6.98e-05,0.000192,0.0224,0.00709,5.76e-05,0.0,0.0,0.0
0.8,0.17674,0.67894,0.68063,0.0226,0.00729,6.95e-05,0.000192,0.0225,0.0071,5.74e-05,0.0,0.0,0.0
0.8,0.1766,0.67904,0.68073,0.0226,0.0073,6.93e-05,0.000191,0.0225,0.00711,5.72e-05,0.0,0.0,0.0
0.8,0.17646,0.67914,0.68083,0.0226,0.0073,6.9e-05,0.000191,0.0225,0.00711,5.71e-05,0.0,0.0,0.0
0.8,0.17633,0.67924,0.68093,0.0226,0.00731,6.87e-05,0.00019,0.0225,0.00712,5.69e-05,0.0,0.0,0.0
0.8,0.17619,0.67935,0.68103,0.0226,0.00731,6.84e-05,0.00019,0.0225,0.00712,5.67e-05,0.0,0.0,0.0
0.8,0.17606,0.67945,0.68113,0.0226,0.00732,6.81e-05,0.000189,0.0225,0.00713,5.66e-05,0.0,0.0,0.0
0.8,0.17592,0.67955,0.68123,0.0226,0.00733,6.78e-05,0.000189,0.0225,0.00714,5.64e-05,0.0,0.0,0.0
0.8,0.17578,0.67965,0.68133,0.0226,0.00733,6.76e-05,0.000189,0.0225,0.00714,5.62e-05,0.0,0.0,0.0
0.8,0.17565,0.67975,0.68143,0.0226,0.00734,6.73e-05,0.000188,0.0225,0.00715,5.61e-05,0.0,0.0,0.0
0.8,0.17551,0.67985,0.68153,0.0226,0.00734,6.7e-05,0.000188,0.0225,0.00716,5.59e-05,0.0,0.0,0.0
0.8,0.17537,0.67995,0.68163,0.0226,0.00735,6.67e-05,0.000187,0.0225,0.00716,5.57e-05,0.0,0.0,0.0
0.8,0.17524,0.68005,0.68173,0.0226,0.00735,6.64e-05,0.000187,0.0225,0.00717,5.56e-05,0.0,0.0,0.0
0.8,0.1751,0.68016,0.68183,0.0226,0.00736,6.62e-05,0.000186,0.0225,0.00717,5.54e-05,0.0,0.0,0.0
0.8,0.17497,0.68026,0.68193,0.0226,0.00737,6.59e-05,0.000186,0.0225,0.00718,5.53e-05,0.0,0.0,0.0
0.8,0.17483,0.68036,0.68203,0.0227,0.00737,6.56e-05,0.000186,0.0225,0.00719,5.51e-05,0.0,0.0,0.0
0.8,0.17469,0.68046,0.68213,0.0227,0.00738,6.53e-05,0.000185,0.0225,0.00719,5.49e-05,0.0,0.0,0.0
0.8,0.17456,0.68056,0.68223,0.0227,0.00738,6.51e-05,0.000185,0.0225,0.0072,5.48e-05,0.0,0.0,0.0
0.8,0.17442,0.68066,0.68233,0.0227,0.00739,6.48e-05,0.000184,0.0225,0.00721,5.46e-05,0.0,0.0,0.0
0.8,0.17428,0.68076,0.68243,0.0227,0.0074,6.45e-05,0.000184,0.0226,0.00721,5.44e-05,0.0,0.0,0.0
0.8,0.17415,0.68087,0.68253,0.0227,0.0074,6.42e-05,0.000183,0.0226,0.00722,5.43e-05,0.0,0.0,0.0
0.8,0.17401,0.68097,0.68263,0.0227,0.00741,6.4e-05,0.000183,0.0226,0.00722,5.41e-05,0.0,0.0,0.0
0.8,0.17387,0.68107,0.68273,0.0227,0.00741,6.37e-05,0.000183,0.0226,0.00723,5.4e-05,0.0,0.0,0.0
0.8,0.17374,0.68117,0.68283,0.0227,0.00742,6.34e-05,0.000182,0.0226,0.00724,5.38e-05,0.0,0.0,0.0
0.8,0.1736,0.68127,0.68293,0.0227,0.00743,6.32e-05,0.000182,0.0226,0.00724,5.36e-05,0.0,0.0,0.0
0.8,0.17346,0.68137,0.68303,0.0227,0.00744,6.29e-05,0.000181,0.0226,0.00725,5.35e-05,0.0,0.0,0.0
0.8,0.17333,0.68147,0.68313,0.0227,0.00744,6.26e-05,0.000181,0.0226,0.00726,5.33e-05,0.0,0.0,0.0
0.8,0.17319,0.68157,0.68323,0.0227,0.00745,6.23e-05,0.00018,0.0226,0.00727,5.32e-05,0.0,0.0,0.0
0.8,0.17305,0.68168,0.68333,0.0227,0.00745,6.21e-05,0.00018,0.0226,0.00727,5.3e-05,0.0,0.0,0.0
0.8,0.17292,0.68178,0.68343,0.0227,0.00746,6.18e-05,0.000179,0.0226,0.00728,5.28e-05,0.0,0.0,0.0
0.8,0.17278,0.68188,0.68353,0.0227,0.00746,6.15e-05,0.000179,0.0226,0.00729,5.27e-05,0.0,0.0,0.0
0.8,0.17264,0.68198,0.68363,0.0227,0.00747,6.13e-05,0.000179,0.0226,0.00729,5.25e-05,0.0,0.0,0.0
0.8,0.17251,0.68208,0.68373,0.0227,0.00748,6.1e-05,0.000178,0.0226,0.0073,5.24e-05,0.0,0.0,0.0
0.8,0.17237,0.68218,0.68383,0.0228,0.00748,6.07e-05,0.000178,0.0226,0.0073,5.22e-05,0.0,0.0,0.0
0.8,0.17223,0.68228,0.68393,0.0228,0.00749,6.05e-05,0.000177,0.0226,0.00731,5.21e-05,0.0,0.0,0.0
0.8,0.1721,0.68238,0.68403,0.0228,0.00749,6.02e-05,0.000177,0.0227,0.00732,5.19e-05,0.0,0.0,0.0
0.8,0.17196,0.68249,0.68413,0.0228,0.0075,6e-05,0.000176,0.0227,0.00732,5.18e-05,0.0,0.0,0.0
0.8,0.17182,0.68259,0.68423,0.0228,0.00751,5.97e-05,0.000176,0.0227,0.00733,5.16e-05,0.0,0.0,0.0
0.8,0.17169,0.68269,0.68433,0.0228,0.00751,5.94e-05,0.000176,0.0227,0.00734,5.14e-05,0.0,0.0,0.0
0.8,0.17155,0.68279,0.68443,0.0228,0.00752,5.92e-05,0.000175,0.0227,0.00734,5.13e-05,0.0,0.0,0.0
0.8,0.17141,0.68289,0.68453,0.0228,0.00752,5.89e-05,0.000175,0.0227,0.00735,5.11e-05,0.0,0.0,0.0
0.8,0.17128,0.68299,0.68463,0.0228,0.00753,5.86e-05,0.000174,0.0227,0.00735,5.1e-05,0.0,0.0,0.0
0.8,0.17114,0.68309,0.68473,0.0228,0.00753,5.84e-05,0.000174,0.0227,0.00736,5.08e-05,0.0,0.0,0.0
0.8,0.171,0.6832,0.68483,0.0228,0.00754,5.81e-05,0.000173,0.0227,0.00737,5.07e-05,0.0,0.0,0.0
0.8,0.17086,0.6833,0.68493,0.0228,0.00755,5.79e-05,0.000173,0.0227,0.00737,5.05e-05,0.0,0.0,0.0
0.8,0.17073,0.6834,0.68503,0.0228,0.00755,5.76e-05,0.000172,0.0227,0.00738,5.04e-05,0.0,0.0,0.0
0.8,0.17059,0.6835,0.68513,0.0228,0.00756,5.74e-05,0.000172,0.0227,0.00739,5.02e-05,0.0,0.0,0.0
0.8,0.17045,0.6836,0.68523,0.0229,0.00757,5.71e-05,0.000172,0.0227,0.00739,5.01e-05,0.0,0.0,0.0
0.8,0.17032,0.6837,0.68533,0.0229,0.00757,5.68e-05,0.000171,0.0228,0.0074,4.99e-05,0.0,0.0,0.0
0.8,0.17018,0.6838,0.68543,0.0229,0.00758,5.66e-05,0.000171,0.0228,0.00741,4.98e-05,0.0,0.0,0.0
0.8,0.17004,0.6839,0.68553,0.0229,0.00758,5.63e-05,0.00017,0.0228,0.00741,4.96e-05,0.0,0.0,0.0
0.8,0.16991,0.68401,0.68563,0.0229,0.00759,5.61e-05,0.00017,0.0228,0.00742,4.95e-05,0.0,0.0,0.0
0.8,0.16977,0.68411,0.68573,0.0229,0.0076,5.58e-05,0.000169,0.0228,0.00743,4.93e-05,0.0,0.0,0.0
0.8,0.16963,0.68421,0.68583,0.0229,0.0076,5.56e-05,0.000169,0.0228,0.00743,4.92e-05,0.0,0.0,0.0
0.8,0.16949,0.68431,0.68593,0.0229,0.00761,5.53e-05,0.000169,0.0228,0.00744,4.9e-05,0.0,0.0,0.0
0.8,0.16936,0.68441,0.68603,0.0229,0.00761,5.51e-05,0.000168,0.0228,0.00745,4.89e-05,0.0,0.0,0.0
0.8,0.16922,0.68451,0.68613,0.0229,0.00762,5.48e-05,0.000168,0.0228,0.00745,4.87e-05,0.0,0.0,0.0
0.8,0.16908,0.68461,0.68623,0.0229,0.00763,5.46e-05,0.000167,0.0228,0.00746,4.86e-05,0.0,0.0,0.0
0.8,0.16894,0.68472,0.68633,0.0229,0.00763,5.43e-05,0.000167,0.0228,0.00747,4.84e-05,0.0,0.0,0.0
0.8,0.16881,0.68482,0.68643,0.0229,0.00764,5.41e-05,0.000166,0.0228,0.00747,4.83e-05,0.0,0.0,0.0
0.8,0.16867,0.68492,0.68653,0.0229,0.00765,5.38e-05,0.000166,0.0228,0.00748,4.81e-05,0.0,0.0,0.0
0.8,0.16853,0.68502,0.68663,0.0229,0.00765,5.36e-05,0.000166,0.0228,0.00749,4.8e-05,0.0,0.0,0.0
0.8,0.1684,0.68512,0.68673,0.0229,0.00766,5.33e-05,0.000165,0.0228,0.00749,4.78e-05,0.0,0.0,0.0
0.8,0.16826,0.68522,0.68683,0.0229,0.00766,5.31e-05,0.000165,0.0228,0.0075,4.77e-05,0.0,0.0,0.0
0.8,0.16812,0.68532,0.68693,0.023,0.00767,5.28e-05,0.000164,0.0229,0.00751,4.75e-05,0.0,0.0,0.0
0.8,0.16798,0.68542,0.68703,0.023,0.00768,5.26e-05,0.000164,0.0229,0.00751,4.74e-05,0.0,0.0,0.0
0.8,0.16785,0.68553,0.68713,0.023,0.00768,5.24e-05,0.000163,0.0229,0.00752,4.72e-05,0.0,0.0,0.0
0.8,0.16771,0.68563,0.68723,0.023,0.00769,5.21e-05,0.000163,0.0229,0.00753,4.71e-05,0.0,0.0,0.0
0.8,0.16757,0.68573,0.68733,0.023,0.0077,5.19e-05,0.000162,0.0229,0.00753,4.69e-05,0.0,0.0,0.0
0.8,0.16743,0.68583,0.68743,0.023,0.0077,5.16e-05,0.000162,0.0229,0.00754,4.68e-05,0.0,0.0,0.0
0.8,0.1673,0.68593,0.68753,0.023,0.00771,5.14e-05,0.000162,0.0229,0.00755,4.67e-05,0.0,0.0,0.0
0.8,0.16716,0.68603,0.68763,0.023,0.00771,5.11e-05,0.000161,0.0229,0.00755,4.65e-05,0.0,0.0,0.0
0.8,0.16702,0.68613,0.68773,0.023,0.00772,5.09e-05,0.000161,0.0229,0.00756,4.64e-05,0.0,0.0,0.0
0.8,0.16688,0.68623,0.68783,0.023,0.00773,5.07e-05,0.00016,0.0229,0.00757,4.62e-05,0.0,0.0,0.0
0.8,0.16675,0.68634,0.68793,0.023,0.00773,5.04e-05,0.00016,0.0229,0.00757,4.61e-05,0.0,0.0,0.0
0.8,0.16661,0.68644,0.68803,0.023,0.00774,5.02e-05,0.000159,0.0229,0.00758,4.59e-05,0.0,0.0,0.0
0.8,0.16647,0.68654,0.68813,0.023,0.00775,4.99e-05,0.000159,0.0229,0.00759,4.58e-05,0.0,0.0,0.0
0.8,0.16633,0.68664,0.68823,0.023,0.00775,4.97e-05,0.000159,0.0229,0.00759,4.57e-05,0.0,0.0,0.0
0.8,0.1662,0.68674,0.68833,0.023,0.00776,4.95e-05,0.000158,0.0229,0.0076,4.55e-05,0.0,0.0,0.0
0.8,0.16606,0.68684,0.68843,0.023,0.00777,4.92e-05,0.000158,0.0229,0.00761,4.54e-05,0.0,0.0,0.0
0.8,0.16592,0.68694,0.68853,0.023,0.00777,4.9e-05,0.000157,0.023,0.00762,4.52e-05,0.0,0.0,0.0
0.8,0.16578,0.68705,0.68863,0.0231,0.00778,4.88e-05,0.000157,0.023,0.00762,4.51e-05,0.0,0.0,0.0
0.8,0.16564,0.68715,0.68873,0.0231,0.00778,4.85e-05,0.000156,0.023,0.00763,4.5e-05,0.0,0.0,0.0
0.8,0.16551,0.68725,0.68883,0.0231,0.00779,4.83e-05,0.000156,0.023,0.00763,4.48e-05,0.0,0.0,0.0
0.8,0.16537,0.68735,0.68893,0.0231,0.0078,4.81e-05,0.000156,0.023,0.00764,4.47e-05,0.0,0.0,0.0
0.8,0.16523,0.68745,0.68903,0.0231,0.0078,4.78e-05,0.000155,0.023,0.00765,4.45e-05,0.0,0.0,0.0
0.8,0.16509,0.68755,0.68913,0.0231,0.00781,4.76e-05,0.000155,0.023,0.00765,4.44e-05,0.0,0.0,0.0
0.8,0.16496,0.68765,0.68923,0.0231,0.00782,4.74e-05,0.000154,0.023,0.00766,4.43e-05,0.0,0.0,0.0
0.8,0.16482,0.68775,0.68933,0.0231,0.00782,4.71e-05,0.000154,0.023,0.00767,4.41e-05,0.0,0.0,0.0
0.8,0.16468,0.68786,0.68943,0.0231,0.00783,4.69e-05,0.000153,0.023,0.00768,4.4e-05,0.0,0.0,0.0
0.8,0.16454,0.68796,0.68953,0.0231,0.00783,4.67e-05,0.000153,0.023,0.00768,4.38e-05,0.0,0.0,0.0
0.8,0.1644,0.68806,0.68963,0.0231,0.00784,4.64e-05,0.000153,0.023,0.00769,4.37e-05,0.0,0.0,0.0
0.8,0.16427,0.68816,0.68973,0.0231,0.00785,4.62e-05,0.000152,0.023,0.0077,4.36e-05,0.0,0.0,0.0
0.8,0.16413,0.68826,0.68983,0.0231,0.00785,4.6e-05,0.000152,0.023,0.0077,4.34e-05,0.0,0.0,0.0
0.8,0.16399,0.68836,0.68993,0.0232,0.00786,4.58e-05,0.000151,0.0231,0.00771,4.33e-05,0.0,0.0,0.0
0.8,0.16385,0.68846,0.69003,0.0232,0.00787,4.55e-05,0.000151,0.0231,0.00772,4.32e-05,0.0,0.0,0.0
0.8,0.16371,0.68857,0.69013,0.0232,0.00787,4.53e-05,0.00015,0.0231,0.00772,4.3e-05,0.0,0.0,0.0
0.8,0.16358,0.68867,0.69023,0.0232,0.00788,4.51e-05,0.00015,0.0231,0.00773,4.29e-05,0.0,0.0,0.0
0.8,0.16344,0.68877,0.69033,0.0232,0.00789,4.49e-05,0.000149,0.0231,0.00774,4.27e-05,0.0,0.0,0.0
0.8,0.1633,0.68887,0.69043,0.0232,0.00789,4.46e-05,0.000149,0.0231,0.00774,4.26e-05,0.0,0.0,0.0
0.8,0.16316,0.68897,0.69053,0.0232,0.0079,4.44e-05,0.000149,0.0231,0.00775,4.25e-05,0.0,0.0,0.0
0.8,0.16302,0.68907,0.69063,0.0232,0.00791,4.42e-05,0.000148,0.0231,0.00776,4.23e-05,0.0,0.0,0.0
0.8,0.16289,0.68917,0.69073,0.0232,0.00791,4.4e-05,0.000148,0.0231,0.00777,4.22e-05,0.0,0.0,0.0
0.8,0.16275,0.68927,0.69083,0.0232,0.00792,4.37e-05,0.000147,0.0231,0.00777,4.21e-05,0.0,0.0,0.0
0.8,0.16261,0.68938,0.69093,0.0232,0.00793,4.35e-05,0.000147,0.0231,0.00778,4.19e-05,0.0,0.0,0.0
0.8,0.16247,0.68948,0.69103,0.0232,0.00793,4.33e-05,0.000146,0.0232,0.00779,4.18e-05,0.0,0.0,0.0
0.8,0.16233,0.68958,0.69113,0.0232,0.00794,4.31e-05,0.000146,0.0232,0.00779,4.17e-05,0.0,0.0,0.0
0.8,0.16219,0.68968,0.69123,0.0232,0.00795,4.29e-05,0.000146,0.0232,0.0078,4.15e-05,0.0,0.0,0.0
0.8,0.16206,0.68978,0.69133,0.0233,0.00795,4.27e-05,0.000145,0.0232,0.00781,4.14e-05,0.0,0.0,0.0
0.8,0.16192,0.68988,0.69143,0.0233,0.00796,4.24e-05,0.000145,0.0232,0.00781,4.13e-05,0.0,0.0,0.0
0.8,0.16178,0.68998,0.69153,0.0233,0.00797,4.22e-05,0.000144,0.0232,0.00782,4.11e-05,0.0,0.0,0.0
0.8,0.16164,0.69009,0.69163,0.0233,0.00797,4.2e-05,0.000144,0.0232,0.00783,4.1e-05,0.0,0.0,0.0
0.8,0.1615,0.69019,0.69173,0.0233,0.00798,4.18e-05,0.000143,0.0232,0.00784,4.09e-05,0.0,0.0,0.0
0.8,0.16136,0.69029,0.69183,0.0233,0.00799,4.16e-05,0.000143,0.0232,0.00784,4.08e-05,0.0,0.0,0.0
0.8,0.16123,0.69039,0.69193,0.0233,0.00799,4.14e-05,0.000143,0.0232,0.00785,4.06e-05,0.0,0.0,0.0
0.8,0.16109,0.69049,0.69203,0.0233,0.008,4.11e-05,0.000142,0.0232,0.00786,4.05e-05,0.0,0.0,0.0
0.8,0.16095,0.69059,0.69213,0.0233,0.00801,4.09e-05,0.000142,0.0232,0.00786,4.04e-05,0.0,0.0,0.0
0.8,0.16081,0.69069,0.69223,0.0233,0.00801,4.07e-05,0.000141,0.0232,0.00787,4.02e-05,0.0,0.0,0.0
0.8,0.16067,0.69079,0.69233,0.0233,0.00802,4.05e-05,0.000141,0.0232,0.00788,4.01e-05,0.0,0.0,0.0
0.8,0.16053,0.6909,0.69243,0.0233,0.00803,4.03e-05,0.00014,0.0232,0.00789,4e-05,0.0,0.0,0.0
0.8,0.1604,0.691,0.69253,0.0233,0.00803,4.01e-05,0.00014,0.0233,0.00789,3.98e-05,0.0,0.0,0.0
0.8,0.16026,0.6911,0.69263,0.0233,0.00804,3.99e-05,0.00014,0.0233,0.0079,3.97e-05,0.0,0.0,0.0
0.8,0.16012,0.6912,0.69273,0.0233,0.00805,3.97e-05,0.000139,0.0233,0.00791,3.96e-05,0.0,0.0,0.0
0.8,0.15998,0.6913,0.69283,0.0234,0.00805,3.95e-05,0.000139,0.0233,0.00792,3.95e-05,0.0,0.0,0.0
0.8,0.15984,0.6914,0.69293,0.0234,0.00806,3.92e-05,0.000138,0.0233,0.00792,3.93e-05,0.0,0.0,0.0
0.8,0.1597,0.6915,0.69303,0.0234,0.00807,3.9e-05,0.000138,0.0233,0.00793,3.92e-05,0.0,0.0,0.0
0.8,0.15956,0.69161,0.69313,0.0234,0.00807,3.88e-05,0.000137,0.0233,0.00794,3.91e-05,0.0,0.0,0.0
0.8,0.15943,0.69171,0.69323,0.0234,0.00808,3.86e-05,0.000137,0.0233,0.00794,3.9e-05,0.0,0.0,0.0
0.8,0.15929,0.69181,0.69333,0.0234,0.00809,3.84e-05,0.000137,0.0233,0.00795,3.88e-05,0.0,0.0,0.0
0.8,0.15915,0.69191,0.69343,0.0234,0.0081,3.82e-05,0.000136,0.0233,0.00796,3.87e-05,0.0,0.0,0.0
0.8,0.15901,0.69201,0.69353,0.0234,0.0081,3.8e-05,0.000136,0.0233,0.00797,3.86e-05,0.0,0.0,0.0
0.8,0.15887,0.69211,0.69363,0.0234,0.00811,3.78e-05,0.000135,0.0233,0.00797,3.84e-05,0.0,0.0,0.0
0.8,0.15873,0.69221,0.69373,0.0234,0.00811,3.76e-05,0.000135,0.0233,0.00798,3.83e-05,0.0,0.0,0.0
0.8,0.15859,0.69231,0.69383,0.0234,0.00812,3.74e-05,0.000134,0.0234,0.00799,3.82e-05,0.0,0.0,0.0
0.8,0.15845,0.69242,0.69393,0.0234,0.00813,3.72e-05,0.000134,0.0234,0.00799,3.81e-05,0.0,0.0,0.0
0.8,0.15832,0.69252,0.69403,0.0234,0.00813,3.7e-05,0.000134,0.0234,0.008,3.8e-05,0.0,0.0,0.0
0.8,0.15818,0.69262,0.69413,0.0235,0.00814,3.68e-05,0.000133,0.0234,0.00801,3.78e-05,0.0,0.0,0.0
0.8,0.15804,0.69272,0.69423,0.0235,0.00815,3.66e-05,0.000133,0.0234,0.00802,3.77e-05,0.0,0.0,0.0
0.8,0.1579,0.69282,0.69433,0.0235,0.00816,3.64e-05,0.000132,0.0234,0.00802,3.76e-05,0.0,0.0,0.0
0.8,0.15776,0.69292,0.69443,0.0235,0.00816,3.62e-05,0.000132,0.0234,0.00803,3.75e-05,0.0,0.0,0.0
0.8,0.15762,0.69302,0.69453,0.0235,0.00817,3.6e-05,0.000131,0.0234,0.00804,3.73e-05,0.0,0.0,0.0
0.8,0.15748,0.69313,0.69463,0.0235,0.00818,3.58e-05,0.000131,0.0234,0.00804,3.72e-05,0.0,0.0,0.0
0.8,0.15734,0.69323,0.69473,0.0235,0.00818,3.56e-05,0.000131,0.0234,0.00805,3.71e-05,0.0,0.0,0.0
0.8,0.1572,0.69333,0.69483,0.0235,0.00819,3.54e-05,0.00013,0.0235,0.00806,3.7e-05,0.0,0.0,0.0
0.8,0.15707,0.69343,0.69493,0.0235,0.0082,3.52e-05,0.00013,0.0235,0.00807,3.68e-05,0.0,0.0,0.0
0.8,0.15693,0.69353,0.69503,0.0235,0.0082,3.5e-05,0.000129,0.0235,0.00807,3.67e-05,0.0,0.0,0.0
0.8,0.15679,0.69363,0.69513,0.0235,0.00821,3.48e-05,0.000129,0.0235,0.00808,3.66e-05,0.0,0.0,0.0
0.8,0.15665,0.69373,0.69523,0.0236,0.00822,3.46e-05,0.000128,0.0235,0.00809,3.65e-05,0.0,0.0,0.0
0.8,0.15651,0.69383,0.69533,0.0236,0.00822,3.44e-05,0.000128,0.0235,0.0081,3.64e-05,0.0,0.0,0.0
0.8,0.15637,0.69394,0.69543,0.0236,0.00823,3.42e-05,0.000128,0.0235,0.0081,3.62e-05,0.0,0.0,0.0
0.8,0.15623,0.69404,0.69553,0.0236,0.00824,3.4e-05,0.000127,0.0235,0.00811,3.61e-05,0.0,0.0,0.0
0.8,0.15609,0.69414,0.69563,0.0236,0.00825,3.38e-05,0.000127,0.0235,0.00812,3.6e-05,0.0,0.0,0.0
0.8,0.15595,0.69424,0.69573,0.0236,0.00825,3.37e-05,0.000126,0.0235,0.00813,3.59e-05,0.0,0.0,0.0
0.8,0.15581,0.69434,0.69583,0.0236,0.00826,3.35e-05,0.000126,0.0235,0.00813,3.58e-05,0.0,0.0,0.0
0.8,0.15568,0.69444,0.69593,0.0236,0.00827,3.33e-05,0.000125,0.0235,0.00814,3.56e-05,0.0,0.0,0.0
0.8,0.15554,0.69454,0.69603,0.0236,0.00827,3.31e-05,0.000125,0.0235,0.00815,3.55e-05,0.0,0.0,0.0
0.8,0.1554,0.69465,0.69613,0.0236,0.00828,3.29e-05,0.000125,0.0236,0.00816,3.54e-05,0.0,0.0,0.0
0.8,0.15526,0.69475,0.69623,0.0236,0.00829,3.27e-05,0.000124,0.0236,0.00816,3.53e-05,0.0,0.0,0.0
0.8,0.15512,0.69485,0.69633,0.0236,0.0083,3.25e-05,0.000124,0.0236,0.00817,3.52e-05,0.0,0.0,0.0
0.8,0.15498,0.69495,0.69643,0.0236,0.0083,3.23e-05,0.000123,0.0236,0.00818,3.51e-05,0.0,0.0,0.0
0.8,0.15484,0.69505,0.69653,0.0236,0.00831,3.21e-05,0.000123,0.0236,0.00819,3.49e-05,0.0,0.0,0.0
0.8,0.1547,0.69515,0.69663,0.0237,0.00832,3.2e-05,0.000122,0.0236,0.00819,3.48e-05,0.0,0.0,0.0
0.8,0.15456,0.69525,0.69673,0.0237,0.00832,3.18e-05,0.000122,0.0236,0.0082,3.47e-05,0.0,0.0,0.0
0.8,0.15442,0.69535,0.69683,0.0237,0.00833,3.16e-05,0.000122,0.0236,0.00821,3.46e-05,0.0,0.0,0.0
0.8,0.15428,0.69546,0.69693,0.0237,0.00834,3.14e-05,0.000121,0.0236,0.00822,3.45e-05,0.0,0.0,0.0
0.8,0.15414,0.69556,0.69703,0.0237,0.00835,3.12e-05,0.000121,0.0236,0.00822,3.44e-05,0.0,0.0,0.0
0.8,0.154,0.69566,0.69713,0.0237,0.00835,3.1e-05,0.00012,0.0236,0.00823,3.42e-05,0.0,0.0,0.0
0.8,0.15386,0.69576,0.69723,0.0237,0.00836,3.09e-05,0.00012,0.0236,0.00824,3.41e-05,0.0,0.0,0.0
0.8,0.15372,0.69586,0.69733,0.0237,0.00837,3.07e-05,0.000119,0.0236,0.00825,3.4e-05,0.0,0.0,0.0
0.8,0.15359,0.69596,0.69743,0.0237,0.00837,3.05e-05,0.000119,0.0236,0.00826,3.39e-05,0.0,0.0,0.0
0.8,0.15345,0.69606,0.69753,0.0237,0.00838,3.03e-05,0.000119,0.0237,0.00826,3.38e-05,0.0,0.0,0.0
0.8,0.15331,0.69617,0.69763,0.0237,0.00839,3.01e-05,0.000118,0.0237,0.00827,3.37e-05,0.0,0.0,0.0
0.8,0.15317,0.69627,0.69773,0.0237,0.0084,3e-05,0.000118,0.0237,0.00828,3.36e-05,0.0,0.0,0.0
0.8,0.15303,0.69637,0.69783,0.0237,0.0084,2.98e-05,0.000117,0.0237,0.00829,3.35e-05,0.0,0.0,0.0
0.8,0.15289,0.69647,0.69793,0.0237,0.00841,2.96e-05,0.000117,0.0237,0.00829,3.33e-05,0.0,0.0,0.0
0.8,0.15275,0.69657,0.69803,0.0238,0.00842,2.94e-05,0.000116,0.0237,0.0083,3.32e-05,0.0,0.0,0.0
0.8,0.15261,0.69667,0.69813,0.0238,0.00843,2.92e-05,0.000116,0.0237,0.00831,3.31e-05,0.0,0.0,0.0
0.8,0.15247,0.69677,0.69823,0.0238,0.00843,2.91e-05,0.000116,0.0237,0.00832,3.3e-05,0.0,0.0,0.0
0.8,0.15233,0.69687,0.69833,0.0238,0.00844,2.89e-05,0.000115,0.0237,0.00833,3.29e-05,0.0,0.0,0.0
0.8,0.15219,0.69698,0.69843,0.0238,0.00845,2.87e-05,0.000115,0.0237,0.00833,3.28e-05,0.0,0.0,0.0
0.8,0.15205,0.69708,0.69853,0.0238,0.00845,2.85e-05,0.000114,0.0237,0.00834,3.27e-05,0.0,0.0,0.0
0.8,0.15191,0.69718,0.69863,0.0238,0.00846,2.84e-05,0.000114,0.0238,0.00835,3.26e-05,0.0,0.0,0.0
0.8,0.15177,0.69728,0.69873,0.0238,0.00847,2.82e-05,0.000114,0.0238,0.00835,3.24e-05,0.0,0.0,0.0
0.8,0.15163,0.69738,0.69883,0.0238,0.00848,2.8e-05,0.000113,0.0238,0.00836,3.23e-05,0.0,0.0,0.0
0.8,0.15149,0.69748,0.69893,0.0238,0.00848,2.78e-05,0.000113,0.0238,0.00837,3.22e-05,0.0,0.0,0.0
0.8,0.15135,0.69758,0.69903,0.0238,0.00849,2.77e-05,0.000112,0.0238,0.00838,3.21e-05,0.0,0.0,0.0
0.8,0.15121,0.69769,0.69913,0.0239,0.0085,2.75e-05,0.000112,0.0238,0.00838,3.2e-05,0.0,0.0,0.0
0.8,0.15107,0.69779,0.69923,0.0239,0.0085,2.73e-05,0.000111,0.0238,0.00839,3.19e-05,0.0,0.0,0.0
0.8,0.15093,0.69789,0.69933,0.0239,0.00851,2.72e-05,0.000111,0.0238,0.0084,3.18e-05,0.0,0.0,0.0
0.8,0.15079,0.69799,0.69943,0.0239,0.00852,2.7e-05,0.000111,0.0238,0.00841,3.17e-05,0.0,0.0,0.0
0.8,0.15065,0.69809,0.69953,0.0239,0.00853,2.68e-05,0.00011,0.0238,0.00842,3.16e-05,0.0,0.0,0.0
0.8,0.15051,0.69819,0.69963,0.0239,0.00853,2.67e-05,0.00011,0.0239,0.00842,3.15e-05,0.0,0.0,0.0
0.8,0.15037,0.69829,0.69973,0.0239,0.00854,2.65e-05,0.000109,0.0239,0.00843,3.14e-05,0.0,0.0,0.0
0.8,0.15023,0.69839,0.69983,0.0239,0.00855,2.63e-05,0.000109,0.0239,0.00844,3.12e-05,0.0,0.0,0.0
0.8,0.15009,0.6985,0.69993,0.0239,0.00856,2.62e-05,0.000108,0.0239,0.00845,3.11e-05,0.0,0.0,0.0
0.8,0.14995,0.6986,0.70003,0.024,0.00856,2.6e-05,0.000108,0.0239,0.00846,3.1e-05,0.0,0.0,0.0
0.8,0.14981,0.6987,0.70013,0.024,0.00857,2.58e-05,0.000108,0.0239,0.00846,3.09e-05,0.0,0.0,0.0
0.8,0.14967,0.6988,0.70023,0.024,0.00858,2.57e-05,0.000107,0.0239,0.00847,3.08e-05,0.0,0.0,0.0
0.8,0.14953,0.6989,0.70033,0.024,0.00859,2.55e-05,0.000107,0.0239,0.00848,3.07e-05,0.0,0.0,0.0
0.8,0.14939,0.699,0.70043,0.024,0.00859,2.53e-05,0.000106,0.0239,0.00849,3.06e-05,0.0,0.0,0.0
0.8,0.14925,0.6991,0.70053,0.024,0.0086,2.52e-05,0.000106,0.0239,0.00849,3.05e-05,0.0,0.0,0.0
0.8,0.14911,0.69921,0.70063,0.024,0.00861,2.5e-05,0.000105,0.0239,0.0085,3.04e-05,0.0,0.0,0.0
0.8,0.14897,0.69931,0.70073,0.024,0.00862,2.49e-05,0.000105,0.024,0.00851,3.03e-05,0.0,0.0,0.0
0.8,0.14883,0.69941,0.70083,0.024,0.00862,2.47e-05,0.000105,0.024,0.00852,3.02e-05,0.0,0.0,0.0
0.8,0.14869,0.69951,0.70093,0.024,0.00863,2.45e-05,0.000104,0.024,0.00853,3.01e-05,0.0,0.0,0.0
0.8,0.14855,0.69961,0.70103,0.024,0.00864,2.44e-05,0.000104,0.024,0.00853,3e-05,0.0,0.0,0.0
0.8,0.14841,0.69971,0.70113,0.024,0.00865,2.42e-05,0.000103,0.024,0.00854,2.99e-05,0.0,0.0,0.0
0.8,0.14827,0.69981,0.70123,0.024,0.00865,2.41e-05,0.000103,0.024,0.00855,2.98e-05,0.0,0.0,0.0
0.8,0.14813,0.69991,0.70133,0.0241,0.00866,2.39e-05,0.000103,0.024,0.00856,2.97e-05,0.0,0.0,0.0
0.8,0.14799,0.70002,0.70143,0.0241,0.00867,2.37e-05,0.000102,0.024,0.00857,2.96e-05,0.0,0.0,0.0
0.8,0.14785,0.70012,0.70153,0.0241,0.00868,2.36e-05,0.000102,0.024,0.00857,2.95e-05,0.0,0.0,0.0
0.8,0.14771,0.70022,0.70163,0.0241,0.00868,2.34e-05,0.000101,0.024,0.00858,2.94e-05,0.0,0.0,0.0
0.8,0.14757,0.70032,0.70173,0.0241,0.00869,2.33e-05,0.000101,0.024,0.00859,2.93e-05,0.0,0.0,0.0
0.8,0.14743,0.70042,0.70183,0.0241,0.0087,2.31e-05,0.0001,0.024,0.0086,2.92e-05,0.0,0.0,0.0
0.8,0.14729,0.70052,0.70193,0.0241,0.00871,2.3e-05,0.0001,0.024,0.00861,2.91e-05,0.0,0.0,0.0
0.8,0.14715,0.70062,0.70203,0.0241,0.00872,2.28e-05,9.96e-05,0.0241,0.00862,2.89e-05,0.0,0.0,0.0
0.8,0.14701,0.70073,0.70213,0.0241,0.00872,2.27e-05,9.92e-05,0.0241,0.00862,2.88e-05,0.0,0.0,0.0
0.8,0.14687,0.70083,0.70223,0.0241,0.00873,2.25e-05,9.88e-05,0.0241,0.00863,2.87e-05,0.0,0.0,0.0
0.8,0.14673,0.70093,0.70233,0.0241,0.00874,2.23e-05,9.84e-05,0.0241,0.00864,2.86e-05,0.0,0.0,0.0
0.8,0.14659,0.70103,0.70243,0.0241,0.00875,2.22e-05,9.8e-05,0.0241,0.00865,2.85e-05,0.0,0.0,0.0
0.8,0.14645,0.70113,0.70253,0.0242,0.00875,2.2e-05,9.76e-05,0.0241,0.00866,2.84e-05,0.0,0.0,0.0
0.8,0.1463,0.70123,0.70263,0.0242,0.00876,2.19e-05,9.72e-05,0.0241,0.00866,2.83e-05,0.0,0.0,0.0
0.8,0.14616,0.70133,0.70273,0.0242,0.00877,2.17e-05,9.67e-05,0.0241,0.00867,2.82e-05,0.0,0.0,0.0
0.8,0.14602,0.70143,0.70283,0.0242,0.00878,2.16e-05,9.63e-05,0.0241,0.00868,2.81e-05,0.0,0.0,0.0
0.8,0.14588,0.70154,0.70293,0.0242,0.00879,2.14e-05,9.59e-05,0.0241,0.00869,2.8e-05,0.0,0.0,0.0
0.8,0.14574,0.70164,0.70303,0.0242,0.00879,2.13e-05,9.55e-05,0.0241,0.0087,2.79e-05,0.0,0.0,0.0
0.8,0.1456,0.70174,0.70313,0.0242,0.0088,2.12e-05,9.51e-05,0.0242,0.00871,2.78e-05,0.0,0.0,0.0
0.8,0.14546,0.70184,0.70323,0.0242,0.00881,2.1e-05,9.47e-05,0.0242,0.00871,2.77e-05,0.0,0.0,0.0
0.8,0.14532,0.70194,0.70333,0.0242,0.00882,2.09e-05,9.43e-05,0.0242,0.00872,2.77e-05,0.0,0.0,0.0
0.8,0.14518,0.70204,0.70343,0.0242,0.00882,2.07e-05,9.38e-05,0.0242,0.00873,2.76e-05,0.0,0.0,0.0
0.8,0.14504,0.70214,0.70353,0.0242,0.00883,2.06e-05,9.34e-05,0.0242,0.00874,2.75e-05,0.0,0.0,0.0
0.8,0.1449,0.70225,0.70363,0.0243,0.00884,2.04e-05,9.3e-05,0.0242,0.00875,2.74e-05,0.0,0.0,0.0
0.8,0.14476,0.70235,0.70373,0.0243,0.00885,2.03e-05,9.26e-05,0.0242,0.00875,2.73e-05,0.0,0.0,0.0
0.8,0.14462,0.70245,0.70383,0.0243,0.00885,2.01e-05,9.22e-05,0.0242,0.00876,2.72e-05,0.0,0.0,0.0
0.8,0.14448,0.70255,0.70393,0.0243,0.00886,2e-05,9.18e-05,0.0242,0.00877,2.71e-05,0.0,0.0,0.0
0.8,0.14434,0.70265,0.70403,0.0243,0.00887,1.99e-05,9.14e-05,0.0242,0.00878,2.7e-05,0.0,0.0,0.0
0.8,0.14419,0.70275,0.70413,0.0243,0.00888,1.97e-05,9.1e-05,0.0243,0.00879,2.69e-05,0.0,0.0,0.0
0.8,0.14405,0.70285,0.70423,0.0243,0.00889,1.96e-05,9.06e-05,0.0243,0.00879,2.68e-05,0.0,0.0,0.0
0.8,0.14391,0.70296,0.70433,0.0243,0.00889,1.94e-05,9.01e-05,0.0243,0.0088,2.67e-05,0.0,0.0,0.0
0.8,0.14377,0.70306,0.70443,0.0243,0.0089,1.93e-05,8.97e-05,0.0243,0.00881,2.66e-05,0.0,0.0,0.0
0.8,0.14363,0.70316,0.70453,0.0244,0.00891,1.91e-05,8.93e-05,0.0243,0.00882,2.65e-05,0.0,0.0,0.0
0.8,0.14349,0.70326,0.70463,0.0244,0.00892,1.9e-05,8.89e-05,0.0243,0.00883,2.64e-05,0.0,0.0,0.0
0.8,0.14335,0.70336,0.70473,0.0244,0.00892,1.89e-05,8.85e-05,0.0243,0.00884,2.63e-05,0.0,0.0,0.0
0.8,0.14321,0.70346,0.70483,0.0244,0.00893,1.87e-05,8.81e-05,0.0243,0.00884,2.62e-05,0.0,0.0,0.0
0.8,0.14307,0.70356,0.70493,0.0244,0.00894,1.86e-05,8.77e-05,0.0244,0.00885,2.61e-05,0.0,0.0,0.0
0.8,0.14293,0.70366,0.70503,0.0244,0.00895,1.85e-05,8.73e-05,0.0244,0.00886,2.6e-05,0.0,0.0,0.0
0.8,0.14279,0.70377,0.70513,0.0244,0.00896,1.83e-05,8.69e-05,0.0244,0.00887,2.59e-05,0.0,0.0,0.0
0.8,0.14264,0.70387,0.70523,0.0244,0.00896,1.82e-05,8.65e-05,0.0244,0.00888,2.58e-05,0.0,0.0,0.0
0.8,0.1425,0.70397,0.70533,0.0244,0.00897,1.81e-05,8.61e-05,0.0244,0.00889,2.57e-05,0.0,0.0,0.0
0.8,0.14236,0.70407,0.70543,0.0244,0.00898,1.79e-05,8.56e-05,0.0244,0.0089,2.56e-05,0.0,0.0,0.0
0.8,0.14222,0.70417,0.70553,0.0244,0.00899,1.78e-05,8.52e-05,0.0244,0.0089,2.56e-05,0.0,0.0,0.0
0.8,0.14208,0.70427,0.70563,0.0245,0.009,1.77e-05,8.48e-05,0.0244,0.00891,2.55e-05,0.0,0.0,0.0
0.8,0.14194,0.70437,0.70573,0.0245,0.00901,1.75e-05,8.44e-05,0.0244,0.00892,2.54e-05,0.0,0.0,0.0
0.8,0.1418,0.70448,0.70583,0.0245,0.00901,1.74e-05,8.4e-05,0.0244,0.00893,2.53e-05,0.0,0.0,0.0
0.8,0.14166,0.70458,0.70593,0.0245,0.00902,1.73e-05,8.36e-05,0.0244,0.00894,2.52e-05,0.0,0.0,0.0
0.8,0.14152,0.70468,0.70603,0.0245,0.00903,1.71e-05,8.32e-05,0.0244,0.00895,2.51e-05,0.0,0.0,0.0
0.8,0.14137,0.70478,0.70613,0.0245,0.00904,1.7e-05,8.28e-05,0.0245,0.00896,2.5e-05,0.0,0.0,0.0
0.8,0.14123,0.70488,0.70623,0.0245,0.00905,1.69e-05,8.24e-05,0.0245,0.00896,2.49e-05,0.0,0.0,0.0
0.8,0.14109,0.70498,0.70633,0.0245,0.00905,1.67e-05,8.2e-05,0.0245,0.00897,2.48e-05,0.0,0.0,0.0
0.8,0.14095,0.70508,0.70643,0.0245,0.00906,1.66e-05,8.16e-05,0.0245,0.00898,2.47e-05,0.0,0.0,0.0
0.8,0.14081,0.70518,0.70653,0.0245,0.00907,1.65e-05,8.12e-05,0.0245,0.00899,2.46e-05,0.0,0.0,0.0
0.8,0.14067,0.70529,0.70663,0.0245,0.00908,1.64e-05,8.08e-05,0.0245,0.009,2.45e-05,0.0,0.0,0.0
0.8,0.14053,0.70539,0.70673,0.0246,0.00909,1.62e-05,8.04e-05,0.0245,0.00901,2.45e-05,0.0,0.0,0.0
0.8,0.14038,0.70549,0.70683,0.0246,0.0091,1.61e-05,8e-05,0.0245,0.00902,2.44e-05,0.0,0.0,0.0
0.8,0.14024,0.70559,0.70693,0.0246,0.0091,1.6e-05,7.96e-05,0.0245,0.00902,2.43e-05,0.0,0.0,0.0
0.8,0.1401,0.70569,0.70703,0.0246,0.00911,1.59e-05,7.92e-05,0.0245,0.00903,2.42e-05,0.0,0.0,0.0
0.8,0.13996,0.70579,0.70713,0.0246,0.00912,1.57e-05,7.88e-05,0.0245,0.00904,2.41e-05,0.0,0.0,0.0
0.8,0.13982,0.70589,0.70723,0.0246,0.00913,1.56e-05,7.84e-05,0.0246,0.00905,2.4e-05,0.0,0.0,0.0
0.8,0.13968,0.706,0.70733,0.0246,0.00914,1.55e-05,7.8e-05,0.0246,0.00906,2.39e-05,0.0,0.0,0.0
0.8,0.13954,0.7061,0.70743,0.0246,0.00915,1.54e-05,7.76e-05,0.0246,0.00907,2.38e-05,0.0,0.0,0.0
0.8,0.13939,0.7062,0.70753,0.0246,0.00915,1.52e-05,7.72e-05,0.0246,0.00908,2.38e-05,0.0,0.0,0.0
0.8,0.13925,0.7063,0.70763,0.0246,0.00916,1.51e-05,7.68e-05,0.0246,0.00909,2.37e-05,0.0,0.0,0.0
0.8,0.13911,0.7064,0.70773,0.0246,0.00917,1.5e-05,7.64e-05,0.0246,0.0091,2.36e-05,0.0,0.0,0.0
0.8,0.13897,0.7065,0.70783,0.0247,0.00918,1.49e-05,7.6e-05,0.0246,0.0091,2.35e-05,0.0,0.0,0.0
0.8,0.13883,0.7066,0.70793,0.0247,0.00919,1.48e-05,7.56e-05,0.0246,0.00911,2.34e-05,0.0,0.0,0.0
0.8,0.13869,0.70671,0.70803,0.0247,0.0092,1.46e-05,7.52e-05,0.0246,0.00912,2.33e-05,0.0,0.0,0.0
0.8,0.13855,0.70681,0.70813,0.0247,0.0092,1.45e-05,7.48e-05,0.0247,0.00913,2.32e-05,0.0,0.0,0.0
0.8,0.1384,0.70691,0.70823,0.0247,0.00921,1.44e-05,7.44e-05,0.0247,0.00914,2.31e-05,0.0,0.0,0.0
0.8,0.13826,0.70701,0.70833,0.0247,0.00922,1.43e-05,7.4e-05,0.0247,0.00915,2.31e-05,0.0,0.0,0.0
0.8,0.13812,0.70711,0.70843,0.0247,0.00923,1.42e-05,7.36e-05,0.0247,0.00916,2.3e-05,0.0,0.0,0.0
0.8,0.13798,0.70721,0.70853,0.0247,0.00924,1.4e-05,7.32e-05,0.0247,0.00916,2.29e-05,0.0,0.0,0.0
0.8,0.13784,0.70731,0.70863,0.0247,0.00925,1.39e-05,7.28e-05,0.0247,0.00917,2.28e-05,0.0,0.0,0.0
0.8,0.1377,0.70741,0.70873,0.0247,0.00925,1.38e-05,7.24e-05,0.0247,0.00918,2.27e-05,0.0,0.0,0.0
0.8,0.13755,0.70752,0.70883,0.0248,0.00926,1.37e-05,7.2e-05,0.0247,0.00919,2.26e-05,0.0,0.0,0.0
0.8,0.13741,0.70762,0.70893,0.0248,0.00927,1.36e-05,7.16e-05,0.0247,0.0092,2.25e-05,0.0,0.0,0.0
0.8,0.13727,0.70772,0.70903,0.0248,0.00928,1.35e-05,7.12e-05,0.0247,0.00921,2.25e-05,0.0,0.0,0.0
0.8,0.13713,0.70782,0.70913,0.0248,0.00929,1.34e-05,7.08e-05,0.0248,0.00922,2.24e-05,0.0,0.0,0.0
0.8,0.13699,0.70792,0.70923,0.0248,0.0093,1.32e-05,7.04e-05,0.0248,0.00923,2.23e-05,0.0,0.0,0.0
0.8,0.13684,0.70802,0.70933,0.0248,0.0093,1.31e-05,7e-05,0.0248,0.00923,2.22e-05,0.0,0.0,0.0
0.8,0.1367,0.70812,0.70943,0.0248,0.00931,1.3e-05,6.97e-05,0.0248,0.00924,2.21e-05,0.0,0.0,0.0
0.8,0.13656,0.70823,0.70953,0.0249,0.00932,1.29e-05,6.93e-05,0.0248,0.00925,2.2e-05,0.0,0.0,0.0
0.8,0.13642,0.70833,0.70963,0.0249,0.00933,1.28e-05,6.89e-05,0.0248,0.00926,2.2e-05,0.0,0.0,0.0
0.8,0.13628,0.70843,0.70973,0.0249,0.00934,1.27e-05,6.85e-05,0.0248,0.00927,2.19e-05,0.0,0.0,0.0
0.8,0.13613,0.70853,0.70983,0.0249,0.00935,1.26e-05,6.81e-05,0.0249,0.00928,2.18e-05,0.0,0.0,0.0
0.8,0.13599,0.70863,0.70993,0.0249,0.00936,1.25e-05,6.77e-05,0.0249,0.00929,2.17e-05,0.0,0.0,0.0
0.8,0.13585,0.70873,0.71003,0.0249,0.00937,1.24e-05,6.73e-05,0.0249,0.0093,2.16e-05,0.0,0.0,0.0
0.8,0.13571,0.70883,0.71013,0.0249,0.00937,1.22e-05,6.69e-05,0.0249,0.00931,2.16e-05,0.0,0.0,0.0
0.8,0.13557,0.70894,0.71023,0.0249,0.00938,1.21e-05,6.65e-05,0.0249,0.00932,2.15e-05,0.0,0.0,0.0
0.8,0.13542,0.70904,0.71033,0.0249,0.00939,1.2e-05,6.61e-05,0.0249,0.00933,2.14e-05,0.0,0.0,0.0
0.8,0.13528,0.70914,0.71043,0.0249,0.0094,1.19e-05,6.58e-05,0.0249,0.00933,2.13e-05,0.0,0.0,0.0
0.8,0.13514,0.70924,0.71053,0.025,0.00941,1.18e-05,6.54e-05,0.0249,0.00934,2.12e-05,0.0,0.0,0.0
0.8,0.135,0.70934,0.71063,0.025,0.00942,1.17e-05,6.5e-05,0.0249,0.00935,2.11e-05,0.0,0.0,0.0
0.8,0.13486,0.70944,0.71073,0.025,0.00943,1.16e-05,6.46e-05,0.0249,0.00936,2.11e-05,0.0,0.0,0.0
0.8,0.13471,0.70954,0.71083,0.025,0.00944,1.15e-05,6.42e-05,0.0249,0.00937,2.1e-05,0.0,0.0,0.0
0.8,0.13457,0.70964,0.71093,0.025,0.00944,1.14e-05,6.38e-05,0.025,0.00938,2.09e-05,0.0,0.0,0.0
0.8,0.13443,0.70975,0.71103,0.025,0.00945,1.13e-05,6.34e-05,0.025,0.00939,2.08e-05,0.0,0.0,0.0
0.8,0.13429,0.70985,0.71113,0.025,0.00946,1.12e-05,6.31e-05,0.025,0.0094,2.07e-05,0.0,0.0,0.0
0.8,0.13415,0.70995,0.71123,0.025,0.00947,1.11e-05,6.27e-05,0.025,0.00941,2.07e-05,0.0,0.0,0.0
0.8,0.134,0.71005,0.71133,0.025,0.00948,1.1e-05,6.23e-05,0.025,0.00942,2.06e-05,0.0,0.0,0.0
0.8,0.13386,0.71015,0.71143,0.025,0.00949,1.09e-05,6.19e-05,0.025,0.00943,2.05e-05,0.0,0.0,0.0
0.8,0.13372,0.71025,0.71153,0.025,0.0095,1.08e-05,6.15e-05,0.025,0.00944,2.04e-05,0.0,0.0,0.0
0.8,0.13358,0.71035,0.71163,0.0251,0.00951,1.07e-05,6.11e-05,0.025,0.00945,2.04e-05,0.0,0.0,0.0
0.8,0.13343,0.71046,0.71173,0.0251,0.00952,1.06e-05,6.08e-05,0.025,0.00946,2.03e-05,0.0,0.0,0.0
0.8,0.13329,0.71056,0.71183,0.0251,0.00952,1.05e-05,6.04e-05,0.025,0.00946,2.02e-05,0.0,0.0,0.0
0.8,0.13315,0.71066,0.71193,0.0251,0.00953,1.04e-05,6e-05,0.0251,0.00947,2.01e-05,0.0,0.0,0.0
0.8,0.13301,0.71076,0.71203,0.0251,0.00954,1.03e-05,5.96e-05,0.0251,0.00948,2e-05,0.0,0.0,0.0
0.8,0.13286,0.71086,0.71213,0.0251,0.00955,1.02e-05,5.92e-05,0.0251,0.00949,2e-05,0.0,0.0,0.0
0.8,0.13272,0.71096,0.71223,0.0251,0.00956,1.01e-05,5.89e-05,0.0251,0.0095,1.99e-05,0.0,0.0,0.0
0.8,0.13258,0.71106,0.71233,0.0251,0.00957,1e-05,5.85e-05,0.0251,0.00951,1.98e-05,0.0,0.0,0.0
0.8,0.13244,0.71117,0.71243,0.0251,0.00958,9.91e-06,5.81e-05,0.0251,0.00952,1.97e-05,0.0,0.0,0.0
0.8,0.13229,0.71127,0.71253,0.0251,0.00959,9.82e-06,5.77e-05,0.0251,0.00953,1.97e-05,0.0,0.0,0.0
0.8,0.13215,0.71137,0.71263,0.0252,0.0096,9.73e-06,5.74e-05,0.0251,0.00954,1.96e-05,0.0,0.0,0.0
0.8,0.13201,0.71147,0.71273,0.0252,0.00961,9.63e-06,5.7e-05,0.0251,0.00955,1.95e-05,0.0,0.0,0.0
0.8,0.13187,0.71157,0.71283,0.0252,0.00962,9.54e-06,5.66e-05,0.0252,0.00956,1.94e-05,0.0,0.0,0.0
0.8,0.13172,0.71167,0.71293,0.0252,0.00962,9.44e-06,5.62e-05,0.0252,0.00957,1.94e-05,0.0,0.0,0.0
0.8,0.13158,0.71177,0.71303,0.0252,0.00963,9.35e-06,5.59e-05,0.0252,0.00958,1.93e-05,0.0,0.0,0.0
0.8,0.13144,0.71187,0.71313,0.0252,0.00964,9.26e-06,5.55e-05,0.0252,0.00959,1.92e-05,0.0,0.0,0.0
0.8,0.1313,0.71198,0.71323,0.0252,0.00965,9.17e-06,5.51e-05,0.0252,0.0096,1.91e-05,0.0,0.0,0.0
0.8,0.13115,0.71208,0.71333,0.0252,0.00966,9.08e-06,5.47e-05,0.0252,0.00961,1.91e-05,0.0,0.0,0.0
0.8,0.13101,0.71218,0.71343,0.0252,0.00967,8.99e-06,5.44e-05,0.0252,0.00961,1.9e-05,0.0,0.0,0.0
0.8,0.13087,0.71228,0.71353,0.0253,0.00968,8.9e-06,5.4e-05,0.0252,0.00962,1.89e-05,0.0,0.0,0.0
0.8,0.13073,0.71238,0.71363,0.0253,0.00969,8.81e-06,5.36e-05,0.0252,0.00963,1.88e-05,0.0,0.0,0.0
0.8,0.13058,0.71248,0.71373,0.0253,0.0097,8.72e-06,5.33e-05,0.0253,0.00964,1.88e-05,0.0,0.0,0.0
0.8,0.13044,0.71258,0.71383,0.0253,0.00971,8.63e-06,5.29e-05,0.0253,0.00965,1.87e-05,0.0,0.0,0.0
0.8,0.1303,0.71269,0.71393,0.0253,0.00972,8.54e-06,5.25e-05,0.0253,0.00966,1.86e-05,0.0,0.0,0.0
0.8,0.13015,0.71279,0.71403,0.0253,0.00972,8.46e-06,5.22e-05,0.0253,0.00967,1.85e-05,0.0,0.0,0.0
0.8,0.13001,0.71289,0.71413,0.0254,0.00973,8.37e-06,5.18e-05,0.0253,0.00968,1.85e-05,0.0,0.0,0.0
0.8,0.12987,0.71299,0.71423,0.0254,0.00974,8.28e-06,5.14e-05,0.0253,0.00969,1.84e-05,0.0,0.0,0.0
0.8,0.12973,0.71309,0.71433,0.0254,0.00975,8.2e-06,5.11e-05,0.0254,0.0097,1.83e-05,0.0,0.0,0.0
0.8,0.12958,0.71319,0.71443,0.0254,0.00976,8.11e-06,5.07e-05,0.0254,0.00971,1.82e-05,0.0,0.0,0.0
0.8,0.12944,0.71329,0.71453,0.0254,0.00977,8.03e-06,5.03e-05,0.0254,0.00972,1.82e-05,0.0,0.0,0.0
0.8,0.1293,0.7134,0.71463,0.0254,0.00978,7.94e-06,5e-05,0.0254,0.00973,1.81e-05,0.0,0.0,0.0
0.8,0.12915,0.7135,0.71473,0.0254,0.00979,7.86e-06,4.96e-05,0.0254,0.00974,1.8e-05,0.0,0.0,0.0
0.8,0.12901,0.7136,0.71483,0.0254,0.0098,7.78e-06,4.92e-05,0.0254,0.00975,1.8e-05,0.0,0.0,0.0
0.8,0.12887,0.7137,0.71493,0.0254,0.00981,7.69e-06,4.89e-05,0.0254,0.00976,1.79e-05,0.0,0.0,0.0
0.8,0.12873,0.7138,0.71503,0.0254,0.00982,7.61e-06,4.85e-05,0.0254,0.00977,1.78e-05,0.0,0.0,0.0
0.8,0.12858,0.7139,0.71513,0.0255,0.00983,7.53e-06,4.81e-05,0.0254,0.00978,1.77e-05,0.0,0.0,0.0
0.8,0.12844,0.714,0.71523,0.0255,0.00984,7.45e-06,4.78e-05,0.0254,0.00979,1.77e-05,0.0,0.0,0.0
0.8,0.1283,0.7141,0.71533,0.0255,0.00985,7.37e-06,4.74e-05,0.0255,0.0098,1.76e-05,0.0,0.0,0.0
0.8,0.12815,0.71421,0.71543,0.0255,0.00986,7.29e-06,4.71e-05,0.0255,0.00981,1.75e-05,0.0,0.0,0.0
0.8,0.12801,0.71431,0.71553,0.0255,0.00987,7.21e-06,4.67e-05,0.0255,0.00982,1.75e-05,0.0,0.0,0.0
0.8,0.12787,0.71441,0.71563,0.0255,0.00988,7.13e-06,4.64e-05,0.0255,0.00983,1.74e-05,0.0,0.0,0.0
0.8,0.12772,0.71451,0.71573,0.0255,0.00989,7.05e-06,4.6e-05,0.0255,0.00984,1.73e-05,0.0,0.0,0.0
0.8,0.12758,0.71461,0.71583,0.0255,0.0099,6.97e-06,4.56e-05,0.0255,0.00985,1.73e-05,0.0,0.0,0.0
0.8,0.12744,0.71471,0.71593,0.0255,0.00991,6.9e-06,4.53e-05,0.0255,0.00986,1.72e-05,0.0,0.0,0.0
0.8,0.12729,0.71481,0.71603,0.0256,0.00992,6.82e-06,4.49e-05,0.0255,0.00987,1.71e-05,0.0,0.0,0.0
0.8,0.12715,0.71492,0.71613,0.0256,0.00993,6.74e-06,4.46e-05,0.0255,0.00988,1.71e-05,0.0,0.0,0.0
0.8,0.12701,0.71502,0.71623,0.0256,0.00994,6.67e-06,4.42e-05,0.0256,0.00989,1.7e-05,0.0,0.0,0.0
0.8,0.12686,0.71512,0.71633,0.0256,0.00995,6.59e-06,4.39e-05,0.0256,0.0099,1.69e-05,0.0,0.0,0.0
0.8,0.12672,0.71522,0.71643,0.0256,0.00995,6.52e-06,4.35e-05,0.0256,0.00991,1.68e-05,0.0,0.0,0.0
0.8,0.12658,0.71532,0.71653,0.0256,0.00996,6.44e-06,4.32e-05,0.0256,0.00992,1.68e-05,0.0,0.0,0.0
0.8,0.12643,0.71542,0.71663,0.0256,0.00997,6.37e-06,4.28e-05,0.0256,0.00993,1.67e-05,0.0,0.0,0.0
0.8,0.12629,0.71552,0.71673,0.0256,0.00998,6.29e-06,4.25e-05,0.0256,0.00994,1.66e-05,0.0,0.0,0.0
0.8,0.12615,0.71563,0.71683,0.0256,0.00999,6.22e-06,4.21e-05,0.0256,0.00995,1.66e-05,0.0,0.0,0.0
0.8,0.126,0.71573,0.71693,0.0256,0.01,6.15e-06,4.18e-05,0.0256,0.00996,1.65e-05,0.0,0.0,0.0
0.8,0.12586,0.71583,0.71703,0.0257,0.01,6.08e-06,4.14e-05,0.0256,0.00997,1.64e-05,0.0,0.0,0.0
0.8,0.12572,0.71593,0.71713,0.0257,0.01,6e-06,4.11e-05,0.0256,0.00998,1.64e-05,0.0,0.0,0.0
0.8,0.12557,0.71603,0.71723,0.0257,0.01,5.93e-06,4.07e-05,0.0257,0.00999,1.63e-05,0.0,0.0,0.0
0.8,0.12543,0.71613,0.71733,0.0257,0.01,5.86e-06,4.04e-05,0.0257,0.01,1.62e-05,0.0,0.0,0.0
0.8,0.12529,0.71623,0.71743,0.0257,0.0101,5.79e-06,4.01e-05,0.0257,0.01,1.62e-05,0.0,0.0,0.0
0.8,0.12514,0.71633,0.71753,0.0257,0.0101,5.72e-06,3.97e-05,0.0257,0.01,1.61e-05,0.0,0.0,0.0
0.8,0.125,0.71644,0.71763,0.0257,0.0101,5.65e-06,3.94e-05,0.0257,0.01,1.6e-05,0.0,0.0,0.0
0.8,0.12486,0.71654,0.71773,0.0257,0.0101,5.59e-06,3.9e-05,0.0257,0.01,1.6e-05,0.0,0.0,0.0
0.8,0.12471,0.71664,0.71783,0.0258,0.0101,5.52e-06,3.87e-05,0.0257,0.0101,1.59e-05,0.0,0.0,0.0
0.8,0.12457,0.71674,0.71793,0.0258,0.0101,5.45e-06,3.84e-05,0.0257,0.0101,1.59e-05,0.0,0.0,0.0
0.8,0.12443,0.71684,0.71803,0.0258,0.0101,5.38e-06,3.8e-05,0.0258,0.0101,1.58e-05,0.0,0.0,0.0
0.8,0.12428,0.71694,0.71813,0.0258,0.0101,5.32e-06,3.77e-05,0.0258,0.0101,1.57e-05,0.0,0.0,0.0
0.8,0.12414,0.71704,0.71823,0.0258,0.0101,5.25e-06,3.73e-05,0.0258,0.0101,1.57e-05,0.0,0.0,0.0
0.8,0.124,0.71715,0.71833,0.0258,0.0101,5.18e-06,3.7e-05,0.0258,0.0101,1.56e-05,0.0,0.0,0.0
0.8,0.12385,0.71725,0.71843,0.0258,0.0102,5.12e-06,3.67e-05,0.0258,0.0101,1.55e-05,0.0,0.0,0.0
0.8,0.12371,0.71735,0.71853,0.0258,0.0102,5.05e-06,3.63e-05,0.0258,0.0101,1.55e-05,0.0,0.0,0.0
0.8,0.12356,0.71745,0.71863,0.0258,0.0102,4.99e-06,3.6e-05,0.0258,0.0101,1.54e-05,0.0,0.0,0.0
0.8,0.12342,0.71755,0.71873,0.0259,0.0102,4.93e-06,3.57e-05,0.0258,0.0101,1.53e-05,0.0,0.0,0.0
0.8,0.12328,0.71765,0.71883,0.0259,0.0102,4.86e-06,3.53e-05,0.0259,0.0102,1.53e-05,0.0,0.0,0.0
0.8,0.12313,0.71775,0.71893,0.0259,0.0102,4.8e-06,3.5e-05,0.0259,0.0102,1.52e-05,0.0,0.0,0.0
0.8,0.12299,0.71786,0.71903,0.0259,0.0102,4.74e-06,3.47e-05,0.0259,0.0102,1.51e-05,0.0,0.0,0.0
0.8,0.12285,0.71796,0.71913,0.0259,0.0102,4.68e-06,3.44e-05,0.0259,0.0102,1.51e-05,0.0,0.0,0.0
0.8,0.1227,0.71806,0.71923,0.026,0.0102,4.61e-06,3.4e-05,0.0259,0.0102,1.5e-05,0.0,0.0,0.0
0.8,0.12256,0.71816,0.71933,0.026,0.0102,4.55e-06,3.37e-05,0.0259,0.0102,1.5e-05,0.0,0.0,0.0
0.8,0.12241,0.71826,0.71943,0.026,0.0103,4.49e-06,3.34e-05,0.026,0.0102,1.49e-05,0.0,0.0,0.0
0.8,0.12227,0.71836,0.71953,0.026,0.0103,4.43e-06,3.3e-05,0.026,0.0102,1.48e-05,0.0,0.0,0.0
0.8,0.12213,0.71846,0.71963,0.026,0.0103,4.37e-06,3.27e-05,0.026,0.0102,1.48e-05,0.0,0.0,0.0
0.8,0.12198,0.71857,0.71973,0.026,0.0103,4.31e-06,3.24e-05,0.026,0.0103,1.47e-05,0.0,0.0,0.0
0.8,0.12184,0.71867,0.71983,0.026,0.0103,4.25e-06,3.21e-05,0.026,0.0103,1.47e-05,0.0,0.0,0.0
0.8,0.12169,0.71877,0.71993,0.026,0.0103,4.2e-06,3.18e-05,0.026,0.0103,1.46e-05,0.0,0.0,0.0
0.8,0.12155,0.71887,0.72003,0.026,0.0103,4.14e-06,3.14e-05,0.026,0.0103,1.45e-05,0.0,0.0,0.0
0.8,0.12141,0.71897,0.72013,0.0261,0.0103,4.08e-06,3.11e-05,0.026,0.0103,1.45e-05,0.0,0.0,0.0
0.8,0.12126,0.71907,0.72023,0.0261,0.0103,4.03e-06,3.08e-05,0.026,0.0103,1.44e-05,0.0,0.0,0.0
0.8,0.12112,0.71917,0.72033,0.0261,0.0104,3.97e-06,3.05e-05,0.0261,0.0103,1.43e-05,0.0,0.0,0.0
0.8,0.12097,0.71927,0.72043,0.0261,0.0104,3.91e-06,3.02e-05,0.0261,0.0103,1.43e-05,0.0,0.0,0.0
0.8,0.12083,0.71938,0.72053,0.0261,0.0104,3.86e-06,2.99e-05,0.0261,0.0103,1.42e-05,0.0,0.0,0.0
0.8,0.12069,0.71948,0.72063,0.0261,0.0104,3.8e-06,2.95e-05,0.0261,0.0104,1.42e-05,0.0,0.0,0.0
0.8,0.12054,0.71958,0.72073,0.0261,0.0104,3.75e-06,2.92e-05,0.0261,0.0104,1.41e-05,0.0,0.0,0.0
0.8,0.1204,0.71968,0.72083,0.0261,0.0104,3.69e-06,2.89e-05,0.0261,0.0104,1.4e-05,0.0,0.0,0.0
0.8,0.12025,0.71978,0.72093,0.0261,0.0104,3.64e-06,2.86e-05,0.0261,0.0104,1.4e-05,0.0,0.0,0.0
0.8,0.12011,0.71988,0.72103,0.0262,0.0104,3.59e-06,2.83e-05,0.0261,0.0104,1.39e-05,0.0,0.0,0.0
0.8,0.11997,0.71998,0.72113,0.0262,0.0104,3.53e-06,2.8e-05,0.0261,0.0104,1.39e-05,0.0,0.0,0.0
0.8,0.11982,0.72009,0.72123,0.0262,0.0105,3.48e-06,2.77e-05,0.0262,0.0104,1.38e-05,0.0,0.0,0.0
0.8,0.11968,0.72019,0.72133,0.0262,0.0105,3.43e-06,2.74e-05,0.0262,0.0104,1.38e-05,0.0,0.0,0.0
0.8,0.11953,0.72029,0.72143,0.0262,0.0105,3.38e-06,2.71e-05,0.0262,0.0104,1.37e-05,0.0,0.0,0.0
0.8,0.11939,0.72039,0.72153,0.0262,0.0105,3.33e-06,2.68e-05,0.0262,0.0105,1.36e-05,0.0,0.0,0.0
0.8,0.11924,0.72049,0.72163,0.0262,0.0105,3.28e-06,2.65e-05,0.0262,0.0105,1.36e-05,0.0,0.0,0.0
0.8,0.1191,0.72059,0.72173,0.0262,0.0105,3.23e-06,2.62e-05,0.0262,0.0105,1.35e-05,0.0,0.0,0.0
0.8,0.11895,0.72069,0.72183,0.0262,0.0105,3.18e-06,2.59e-05,0.0262,0.0105,1.35e-05,0.0,0.0,0.0
0.8,0.11881,0.7208,0.72193,0.0263,0.0105,3.13e-06,2.56e-05,0.0262,0.0105,1.34e-05,0.0,0.0,0.0
0.8,0.11867,0.7209,0.72203,0.0263,0.0105,3.08e-06,2.53e-05,0.0263,0.0105,1.33e-05,0.0,0.0,0.0
0.8,0.11852,0.721,0.72213,0.0263,0.0106,3.03e-06,2.5e-05,0.0263,0.0105,1.33e-05,0.0,0.0,0.0
0.8,0.11838,0.7211,0.72223,0.0263,0.0106,2.98e-06,2.47e-05,0.0263,0.0105,1.32e-05,0.0,0.0,0.0
0.8,0.11823,0.7212,0.72233,0.0263,0.0106,2.94e-06,2.44e-05,0.0263,0.0106,1.32e-05,0.0,0.0,0.0
0.8,0.11809,0.7213,0.72243,0.0263,0.0106,2.89e-06,2.41e-05,0.0263,0.0106,1.31e-05,0.0,0.0,0.0
0.8,0.11794,0.7214,0.72253,0.0263,0.0106,2.84e-06,2.38e-05,0.0263,0.0106,1.31e-05,0.0,0.0,0.0
0.8,0.1178,0.72151,0.72263,0.0264,0.0106,2.8e-06,2.35e-05,0.0263,0.0106,1.3e-05,0.0,0.0,0.0
0.8,0.11765,0.72161,0.72273,0.0264,0.0106,2.75e-06,2.32e-05,0.0264,0.0106,1.3e-05,0.0,0.0,0.0
0.8,0.11751,0.72171,0.72283,0.0264,0.0106,2.71e-06,2.29e-05,0.0264,0.0106,1.29e-05,0.0,0.0,0.0
0.8,0.11737,0.72181,0.72293,0.0264,0.0106,2.66e-06,2.26e-05,0.0264,0.0106,1.28e-05,0.0,0.0,0.0
0.8,0.11722,0.72191,0.72303,0.0264,0.0107,2.62e-06,2.23e-05,0.0264,0.0106,1.28e-05,0.0,0.0,0.0
0.8,0.11708,0.72201,0.72313,0.0264,0.0107,2.57e-06,2.21e-05,0.0264,0.0106,1.27e-05,0.0,0.0,0.0
0.8,0.11693,0.72211,0.72323,0.0264,0.0107,2.53e-06,2.18e-05,0.0264,0.0107,1.27e-05,0.0,0.0,0.0
0.8,0.11679,0.72222,0.72333,0.0264,0.0107,2.49e-06,2.15e-05,0.0264,0.0107,1.26e-05,0.0,0.0,0.0
0.8,0.11664,0.72232,0.72343,0.0264,0.0107,2.45e-06,2.12e-05,0.0264,0.0107,1.26e-05,0.0,0.0,0.0
0.8,0.1165,0.72242,0.72353,0.0265,0.0107,2.4e-06,2.09e-05,0.0265,0.0107,1.25e-05,0.0,0.0,0.0
0.8,0.11635,0.72252,0.72363,0.0265,0.0107,2.36e-06,2.06e-05,0.0265,0.0107,1.25e-05,0.0,0.0,0.0
0.8,0.11621,0.72262,0.72373,0.0265,0.0107,2.32e-06,2.04e-05,0.0265,0.0107,1.24e-05,0.0,0.0,0.0
0.8,0.11606,0.72272,0.72383,0.0265,0.0107,2.28e-06,2.01e-05,0.0265,0.0107,1.23e-05,0.0,0.0,0.0
0.8,0.11592,0.72282,0.72393,0.0266,0.0108,2.24e-06,1.98e-05,0.0265,0.0107,1.23e-05,0.0,0.0,0.0
0.8,0.11577,0.72292,0.72403,0.0266,0.0108,2.2e-06,1.95e-05,0.0266,0.0107,1.22e-05,0.0,0.0,0.0
0.8,0.11563,0.72303,0.72413,0.0266,0.0108,2.16e-06,1.93e-05,0.0266,0.0108,1.22e-05,0.0,0.0,0.0
0.8,0.11548,0.72313,0.72423,0.0266,0.0108,2.12e-06,1.9e-05,0.0266,0.0108,1.21e-05,0.0,0.0,0.0
0.8,0.11534,0.72323,0.72433,0.0266,0.0108,2.08e-06,1.87e-05,0.0266,0.0108,1.21e-05,0.0,0.0,0.0
0.8,0.11519,0.72333,0.72443,0.0266,0.0108,2.04e-06,1.85e-05,0.0266,0.0108,1.2e-05,0.0,0.0,0.0
0.8,0.11505,0.72343,0.72453,0.0266,0.0108,2.01e-06,1.82e-05,0.0266,0.0108,1.2e-05,0.0,0.0,0.0
0.8,0.1149,0.72353,0.72463,0.0266,0.0108,1.97e-06,1.79e-05,0.0266,0.0108,1.19e-05,0.0,0.0,0.0
0.8,0.11476,0.72363,0.72473,0.0266,0.0109,1.93e-06,1.77e-05,0.0266,0.0108,1.19e-05,0.0,0.0,0.0
0.8,0.11461,0.72374,0.72483,0.0267,0.0109,1.89e-06,1.74e-05,0.0266,0.0108,1.18e-05,0.0,0.0,0.0
0.8,0.11447,0.72384,0.72493,0.0267,0.0109,1.86e-06,1.71e-05,0.0267,0.0109,1.18e-05,0.0,0.0,0.0
0.8,0.11432,0.72394,0.72503,0.0267,0.0109,1.82e-06,1.69e-05,0.0267,0.0109,1.17e-05,0.0,0.0,0.0
0.8,0.11418,0.72404,0.72513,0.0267,0.0109,1.79e-06,1.66e-05,0.0267,0.0109,1.17e-05,0.0,0.0,0.0
0.8,0.11403,0.72414,0.72523,0.0267,0.0109,1.75e-06,1.64e-05,0.0267,0.0109,1.16e-05,0.0,0.0,0.0
0.8,0.11389,0.72424,0.72533,0.0267,0.0109,1.72e-06,1.61e-05,0.0267,0.0109,1.16e-05,0.0,0.0,0.0
0.8,0.11374,0.72434,0.72543,0.0267,0.0109,1.68e-06,1.59e-05,0.0267,0.0109,1.15e-05,0.0,0.0,0.0
0.8,0.1136,0.72445,0.72553,0.0267,0.011,1.65e-06,1.56e-05,0.0267,0.0109,1.15e-05,0.0,0.0,0.0
0.8,0.11345,0.72455,0.72563,0.0268,0.011,1.61e-06,1.53e-05,0.0267,0.0109,1.14e-05,0.0,0.0,0.0
0.8,0.11331,0.72465,0.72573,0.0268,0.011,1.58e-06,1.51e-05,0.0268,0.011,1.14e-05,0.0,0.0,0.0
0.8,0.11316,0.72475,0.72583,0.0268,0.011,1.55e-06,1.49e-05,0.0268,0.011,1.13e-05,0.0,0.0,0.0
0.8,0.11302,0.72485,0.72593,0.0268,0.011,1.52e-06,1.46e-05,0.0268,0.011,1.13e-05,0.0,0.0,0.0
0.8,0.11287,0.72495,0.72603,0.0268,0.011,1.48e-06,1.44e-05,0.0268,0.011,1.12e-05,0.0,0.0,0.0
0.8,0.11273,0.72505,0.72613,0.0268,0.011,1.45e-06,1.41e-05,0.0268,0.011,1.12e-05,0.0,0.0,0.0
0.8,0.11258,0.72516,0.72623,0.0268,0.011,1.42e-06,1.39e-05,0.0268,0.011,1.11e-05,0.0,0.0,0.0
0.8,0.11244,0.72526,0.72633,0.0268,0.0111,1.39e-06,1.36e-05,0.0268,0.011,1.11e-05,0.0,0.0,0.0
0.8,0.11229,0.72536,0.72643,0.0269,0.0111,1.36e-06,1.34e-05,0.0268,0.0111,1.1e-05,0.0,0.0,0.0
0.8,0.11215,0.72546,0.72653,0.0269,0.0111,1.33e-06,1.32e-05,0.0269,0.0111,1.1e-05,0.0,0.0,0.0
0.8,0.112,0.72556,0.72663,0.0269,0.0111,1.3e-06,1.29e-05,0.0269,0.0111,1.09e-05,0.0,0.0,0.0
0.8,0.11186,0.72566,0.72673,0.0269,0.0111,1.27e-06,1.27e-05,0.0269,0.0111,1.09e-05,0.0,0.0,0.0
0.8,0.11171,0.72576,0.72683,0.0269,0.0111,1.24e-06,1.25e-05,0.0269,0.0111,1.08e-05,0.0,0.0,0.0
0.8,0.11157,0.72587,0.72693,0.0269,0.0111,1.21e-06,1.22e-05,0.0269,0.0111,1.08e-05,0.0,0.0,0.0
0.8,0.11142,0.72597,0.72703,0.0269,0.0111,1.19e-06,1.2e-05,0.0269,0.0111,1.07e-05,0.0,0.0,0.0
0.8,0.11128,0.72607,0.72713,0.027,0.0112,1.16e-06,1.18e-05,0.0269,0.0111,1.07e-05,0.0,0.0,0.0
0.8,0.11113,0.72617,0.72723,0.027,0.0112,1.13e-06,1.15e-05,0.027,0.0112,1.06e-05,0.0,0.0,0.0
0.8,0.11098,0.72627,0.72733,0.027,0.0112,1.1e-06,1.13e-05,0.027,0.0112,1.06e-05,0.0,0.0,0.0
0.8,0.11084,0.72637,0.72743,0.027,0.0112,1.08e-06,1.11e-05,0.027,0.0112,1.05e-05,0.0,0.0,0.0
0.8,0.11069,0.72647,0.72753,0.027,0.0112,1.05e-06,1.09e-05,0.027,0.0112,1.05e-05,0.0,0.0,0.0
0.8,0.11055,0.72657,0.72763,0.027,0.0112,1.03e-06,1.07e-05,0.027,0.0112,1.04e-05,0.0,0.0,0.0
0.8,0.1104,0.72668,0.72773,0.027,0.0112,1e-06,1.04e-05,0.027,0.0112,1.04e-05,0.0,0.0,0.0
0.8,0.11026,0.72678,0.72783,0.027,0.0112,9.75e-07,1.02e-05,0.027,0.0112,1.03e-05,0.0,0.0,0.0
0.8,0.11011,0.72688,0.72793,0.0271,0.0113,9.5e-07,1e-05,0.027,0.0113,1.03e-05,0.0,0.0,0.0
0.8,0.10997,0.72698,0.72803,0.0271,0.0113,9.26e-07,9.8e-06,0.0271,0.0113,1.02e-05,0.0,0.0,0.0
0.8,0.10982,0.72708,0.72813,0.0271,0.0113,9.02e-07,9.59e-06,0.0271,0.0113,1.02e-05,0.0,0.0,0.0
0.8,0.10967,0.72718,0.72823,0.0271,0.0113,8.78e-07,9.38e-06,0.0271,0.0113,1.01e-05,0.0,0.0,0.0
0.8,0.10953,0.72728,0.72833,0.0272,0.0113,8.55e-07,9.18e-06,0.0271,0.0113,1.01e-05,0.0,0.0,0.0
0.8,0.10938,0.72739,0.72843,0.0272,0.0113,8.32e-07,8.97e-06,0.0272,0.0113,1e-05,0.0,0.0,0.0
0.8,0.10924,0.72749,0.72853,0.0272,0.0113,8.09e-07,8.77e-06,0.0272,0.0113,1e-05,0.0,0.0,0.0
0.8,0.10909,0.72759,0.72863,0.0272,0.0114,7.87e-07,8.57e-06,0.0272,0.0113,9.95e-06,0.0,0.0,0.0
0.8,0.10895,0.72769,0.72873,0.0272,0.0114,7.65e-07,8.37e-06,0.0272,0.0114,9.9e-06,0.0,0.0,0.0
0.8,0.1088,0.72779,0.72883,0.0272,0.0114,7.44e-07,8.18e-06,0.0272,0.0114,9.86e-06,0.0,0.0,0.0
0.8,0.10865,0.72789,0.72893,0.0272,0.0114,7.22e-07,7.98e-06,0.0272,0.0114,9.81e-06,0.0,0.0,0.0
0.8,0.10851,0.72799,0.72903,0.0272,0.0114,7.02e-07,7.79e-06,0.0272,0.0114,9.77e-06,0.0,0.0,0.0
0.8,0.10836,0.7281,0.72913,0.0273,0.0114,6.81e-07,7.6e-06,0.0272,0.0114,9.72e-06,0.0,0.0,0.0
0.8,0.10822,0.7282,0.72923,0.0273,0.0114,6.61e-07,7.41e-06,0.0273,0.0114,9.68e-06,0.0,0.0,0.0
0.8,0.10807,0.7283,0.72933,0.0273,0.0115,6.41e-07,7.22e-06,0.0273,0.0114,9.63e-06,0.0,0.0,0.0
0.8,0.10793,0.7284,0.72943,0.0273,0.0115,6.22e-07,7.03e-06,0.0273,0.0115,9.59e-06,0.0,0.0,0.0
0.8,0.10778,0.7285,0.72953,0.0273,0.0115,6.03e-07,6.85e-06,0.0273,0.0115,9.54e-06,0.0,0.0,0.0
0.8,0.10763,0.7286,0.72963,0.0273,0.0115,5.84e-07,6.67e-06,0.0273,0.0115,9.5e-06,0.0,0.0,0.0
0.8,0.10749,0.7287,0.72973,0.0273,0.0115,5.65e-07,6.49e-06,0.0273,0.0115,9.45e-06,0.0,0.0,0.0
0.8,0.10734,0.72881,0.72983,0.0273,0.0115,5.47e-07,6.31e-06,0.0273,0.0115,9.41e-06,0.0,0.0,0.0
0.8,0.1072,0.72891,0.72993,0.0274,0.0115,5.29e-07,6.14e-06,0.0274,0.0115,9.36e-06,0.0,0.0,0.0
0.8,0.10705,0.72901,0.73003,0.0274,0.0116,5.12e-07,5.97e-06,0.0274,0.0115,9.32e-06,0.0,0.0,0.0
0.8,0.1069,0.72911,0.73013,0.0274,0.0116,4.95e-07,5.8e-06,0.0274,0.0116,9.28e-06,0.0,0.0,0.0
0.8,0.10676,0.72921,0.73023,0.0274,0.0116,4.78e-07,5.63e-06,0.0274,0.0116,9.23e-06,0.0,0.0,0.0
0.8,0.10661,0.72931,0.73033,0.0274,0.0116,4.62e-07,5.46e-06,0.0274,0.0116,9.19e-06,0.0,0.0,0.0
0.8,0.10647,0.72941,0.73043,0.0274,0.0116,4.45e-07,5.3e-06,0.0274,0.0116,9.15e-06,0.0,0.0,0.0
0.8,0.10632,0.72952,0.73053,0.0274,0.0116,4.3e-07,5.13e-06,0.0274,0.0116,9.1e-06,0.0,0.0,0.0
0.8,0.10617,0.72962,0.73063,0.0275,0.0116,4.14e-07,4.97e-06,0.0274,0.0116,9.06e-06,0.0,0.0,0.0
0.8,0.10603,0.72972,0.73073,0.0275,0.0117,3.99e-07,4.81e-06,0.0275,0.0117,9.02e-06,0.0,0.0,0.0
0.8,0.10588,0.72982,0.73083,0.0275,0.0117,3.84e-07,4.66e-06,0.0275,0.0117,8.97e-06,0.0,0.0,0.0
0.8,0.10573,0.72992,0.73093,0.0275,0.0117,3.69e-07,4.5e-06,0.0275,0.0117,8.93e-06,0.0,0.0,0.0
0.8,0.10559,0.73002,0.73103,0.0275,0.0117,3.55e-07,4.35e-06,0.0275,0.0117,8.89e-06,0.0,0.0,0.0
0.8,0.10544,0.73012,0.73113,0.0275,0.0117,3.41e-07,4.2e-06,0.0275,0.0117,8.85e-06,0.0,0.0,0.0
0.8,0.1053,0.73023,0.73123,0.0275,0.0117,3.28e-07,4.06e-06,0.0275,0.0117,8.8e-06,0.0,0.0,0.0
0.8,0.10515,0.73033,0.73133,0.0275,0.0117,3.14e-07,3.91e-06,0.0275,0.0117,8.76e-06,0.0,0.0,0.0
0.8,0.105,0.73043,0.73143,0.0276,0.0118,3.01e-07,3.77e-06,0.0275,0.0118,8.72e-06,0.0,0.0,0.0
0.8,0.10486,0.73053,0.73153,0.0276,0.0118,2.89e-07,3.63e-06,0.0276,0.0118,8.68e-06,0.0,0.0,0.0
0.8,0.10471,0.73063,0.73163,0.0276,0.0118,2.76e-07,3.49e-06,0.0276,0.0118,8.64e-06,0.0,0.0,0.0
0.8,0.10456,0.73073,0.73173,0.0276,0.0118,2.64e-07,3.36e-06,0.0276,0.0118,8.6e-06,0.0,0.0,0.0
0.8,0.10442,0.73083,0.73183,0.0276,0.0118,2.52e-07,3.22e-06,0.0276,0.0118,8.55e-06,0.0,0.0,0.0
0.8,0.10427,0.73094,0.73193,0.0276,0.0118,2.41e-07,3.09e-06,0.0276,0.0118,8.51e-06,0.0,0.0,0.0
0.8,0.10413,0.73104,0.73203,0.0277,0.0119,2.3e-07,2.97e-06,0.0276,0.0119,8.47e-06,0.0,0.0,0.0
0.8,0.10398,0.73114,0.73213,0.0277,0.0119,2.19e-07,2.84e-06,0.0277,0.0119,8.43e-06,0.0,0.0,0.0
0.8,0.10383,0.73124,0.73223,0.0277,0.0119,2.08e-07,2.72e-06,0.0277,0.0119,8.39e-06,0.0,0.0,0.0
0.8,0.10369,0.73134,0.73233,0.0277,0.0119,1.98e-07,2.6e-06,0.0277,0.0119,8.35e-06,0.0,0.0,0.0
0.8,0.10354,0.73144,0.73243,0.0277,0.0119,1.88e-07,2.48e-06,0.0277,0.0119,8.31e-06,0.0,0.0,0.0
0.8,0.10339,0.73154,0.73253,0.0277,0.0119,1.78e-07,2.36e-06,0.0277,0.0119,8.27e-06,0.0,0.0,0.0
0.8,0.10325,0.73164,0.73263,0.0277,0.012,1.69e-07,2.25e-06,0.0277,0.012,8.23e-06,0.0,0.0,0.0
0.8,0.1031,0.73175,0.73273,0.0277,0.012,1.59e-07,2.14e-06,0.0277,0.012,8.19e-06,0.0,0.0,0.0
0.8,0.10295,0.73185,0.73283,0.0278,0.012,1.5e-07,2.03e-06,0.0278,0.012,8.15e-06,0.0,0.0,0.0
0.8,0.10281,0.73195,0.73293,0.0278,0.012,1.42e-07,1.92e-06,0.0278,0.012,8.11e-06,0.0,0.0,0.0
0.8,0.10266,0.73205,0.73303,0.0278,0.012,1.34e-07,1.82e-06,0.0278,0.012,8.07e-06,0.0,0.0,0.0
0.8,0.10251,0.73215,0.73313,0.0279,0.012,1.25e-07,1.72e-06,0.0278,0.012,8.03e-06,0.0,0.0,0.0
0.8,0.10237,0.73225,0.73323,0.0279,0.012,1.18e-07,1.62e-06,0.0279,0.012,7.99e-06,0.0,0.0,0.0
0.8,0.10222,0.73235,0.73333,0.0279,0.0121,1.1e-07,1.53e-06,0.0279,0.0121,7.95e-06,0.0,0.0,0.0
0.8,0.10207,0.73246,0.73343,0.0279,0.0121,1.03e-07,1.43e-06,0.0279,0.0121,7.91e-06,0.0,0.0,0.0
0.8,0.10193,0.73256,0.73353,0.0279,0.0121,9.59e-08,1.34e-06,0.0279,0.0121,7.87e-06,0.0,0.0,0.0
0.8,0.10178,0.73266,0.73363,0.0279,0.0121,8.91e-08,1.26e-06,0.0279,0.0121,7.84e-06,0.0,0.0,0.0
0.8,0.10163,0.73276,0.73373,0.0279,0.0121,8.27e-08,1.17e-06,0.0279,0.0121,7.8e-06,0.0,0.0,0.0
0.8,0.10149,0.73286,0.73383,0.0279,0.0122,7.65e-08,1.09e-06,0.0279,0.0121,7.76e-06,0.0,0.0,0.0
0.8,0.10134,0.73296,0.73393,0.028,0.0122,7.05e-08,1.01e-06,0.028,0.0122,7.72e-06,0.0,0.0,0.0
0.8,0.10119,0.73306,0.73403,0.028,0.0122,6.48e-08,9.35e-07,0.028,0.0122,7.68e-06,0.0,0.0,0.0
0.8,0.10105,0.73317,0.73413,0.028,0.0122,5.94e-08,8.61e-07,0.028,0.0122,7.64e-06,0.0,0.0,0.0
0.8,0.1009,0.73327,0.73423,0.028,0.0122,5.42e-08,7.91e-07,0.028,0.0122,7.61e-06,0.0,0.0,0.0
0.8,0.10075,0.73337,0.73433,0.028,0.0122,4.93e-08,7.23e-07,0.028,0.0122,7.57e-06,0.0,0.0,0.0
0.8,0.10061,0.73347,0.73443,0.028,0.0123,4.46e-08,6.58e-07,0.028,0.0123,7.53e-06,0.0,0.0,0.0
0.8,0.10046,0.73357,0.73453,0.028,0.0123,4.02e-08,5.96e-07,0.028,0.0123,7.49e-06,0.0,0.0,0.0
0.8,0.10031,0.73367,0.73463,0.0281,0.0123,3.6e-08,5.37e-07,0.028,0.0123,7.46e-06,0.0,0.0,0.0
0.8,0.10017,0.73377,0.73473,0.0281,0.0123,3.21e-08,4.81e-07,0.0281,0.0123,7.42e-06,0.0,0.0,0.0
0.8,0.10002,0.73388,0.73483,0.0281,0.0123,2.84e-08,4.28e-07,0.0281,0.0123,7.38e-06,0.0,0.0,0.0
0.8,0.09987,0.73398,0.73493,0.0281,0.0123,2.49e-08,3.78e-07,0.0281,0.0123,7.35e-06,0.0,0.0,0.0
0.8,0.09972,0.73408,0.73503,0.0281,0.0124,2.17e-08,3.31e-07,0.0281,0.0124,7.31e-06,0.0,0.0,0.0
0.8,0.09958,0.73418,0.73513,0.0281,0.0124,1.87e-08,2.87e-07,0.0281,0.0124,7.27e-06,0.0,0.0,0.0
0.8,0.09943,0.73428,0.73523,0.0281,0.0124,1.59e-08,2.46e-07,0.0281,0.0124,7.24e-06,0.0,0.0,0.0
0.8,0.09928,0.73438,0.73533,0.0282,0.0124,1.34e-08,2.08e-07,0.0281,0.0124,7.2e-06,0.0,0.0,0.0
0.8,0.09914,0.73448,0.73543,0.0282,0.0124,1.11e-08,1.73e-07,0.0282,0.0124,7.16e-06,0.0,0.0,0.0
0.8,0.09899,0.73459,0.73553,0.0282,0.0125,8.97e-09,1.41e-07,0.0282,0.0125,7.13e-06,0.0,0.0,0.0
0.8,0.09884,0.73469,0.73563,0.0282,0.0125,7.11e-09,1.13e-07,0.0282,0.0125,7.09e-06,0.0,0.0,0.0
0.8,0.09869,0.73479,0.73573,0.0282,0.0125,5.48e-09,8.73e-08,0.0282,0.0125,7.05e-06,0.0,0.0,0.0
0.8,0.09855,0.73489,0.73583,0.0282,0.0125,4.06e-09,6.5e-08,0.0282,0.0125,7.02e-06,0.0,0.0,0.0
0.8,0.0984,0.73499,0.73593,0.0282,0.0125,2.85e-09,4.6e-08,0.0282,0.0125,6.98e-06,0.0,0.0,0.0
0.8,0.09825,0.73509,0.73603,0.0282,0.0125,1.86e-09,3.03e-08,0.0282,0.0125,6.95e-06,0.0,0.0,0.0
0.8,0.09811,0.73519,0.73613,0.0283,0.0126,1.09e-09,1.78e-08,0.0283,0.0126,6.91e-06,0.0,0.0,0.0
0.8,0.09796,0.7353,0.73623,0.0283,0.0126,5.2e-10,8.55e-09,0.0283,0.0126,6.88e-06,0.0,0.0,0.0
0.8,0.09781,0.7354,0.73633,0.0283,0.0126,1.61e-10,2.66e-09,0.0283,0.0126,6.84e-06,0.0,0.0,0.0
0.8,0.09766,0.7355,0.73643,0.0283,0.0126,6.74e-12,1.12e-10,0.0283,0.0126,6.81e-06,0.0,0.0,0.0
0.8,0.09752,0.7356,0.73653,0.0283,0.0126,0.0,0.0,0.0283,0.0126,6.77e-06,0.0,0.0,0.0
0.8,0.09737,0.7357,0.73663,0.0283,0.0127,0.0,0.0,0.0283,0.0127,6.74e-06,0.0,0.0,0.0
0.8,0.09722,0.7358,0.73673,0.0284,0.0127,0.0,0.0,0.0284,0.0127,6.7e-06,0.0,0.0,0.0
0.8,0.09707,0.7359,0.73683,0.0284,0.0127,0.0,0.0,0.0284,0.0127,6.67e-06,0.0,0.0,0.0
0.8,0.09693,0.73601,0.73693,0.0284,0.0127,0.0,0.0,0.0284,0.0127,6.63e-06,0.0,0.0,0.0
0.8,0.09678,0.73611,0.73703,0.0284,0.0127,0.0,0.0,0.0284,0.0127,6.6e-06,0.0,0.0,0.0
0.8,0.09663,0.73621,0.73713,0.0284,0.0128,0.0,0.0,0.0284,0.0128,6.57e-06,0.0,0.0,0.0
0.8,0.09649,0.73631,0.73723,0.0284,0.0128,0.0,0.0,0.0284,0.0128,6.53e-06,0.0,0.0,0.0
0.8,0.09634,0.73641,0.73733,0.0284,0.0128,0.0,0.0,0.0284,0.0128,6.5e-06,0.0,0.0,0.0
0.8,0.09619,0.73651,0.73743,0.0285,0.0128,0.0,0.0,0.0285,0.0128,6.46e-06,0.0,0.0,0.0
0.8,0.09604,0.73661,0.73753,0.0285,0.0128,0.0,0.0,0.0285,0.0128,6.43e-06,0.0,0.0,0.0
0.8,0.0959,0.73672,0.73763,0.0285,0.0129,0.0,0.0,0.0285,0.0129,6.4e-06,0.0,0.0,0.0
0.8,0.09575,0.73682,0.73773,0.0285,0.0129,0.0,0.0,0.0285,0.0129,6.36e-06,0.0,0.0,0.0
0.8,0.0956,0.73692,0.73783,0.0286,0.0129,0.0,0.0,0.0286,0.0129,6.33e-06,0.0,0.0,0.0
0.8,0.09545,0.73702,0.73793,0.0286,0.0129,0.0,0.0,0.0286,0.0129,6.3e-06,0.0,0.0,0.0
0.8,0.09531,0.73712,0.73803,0.0286,0.0129,0.0,0.0,0.0286,0.0129,6.27e-06,0.0,0.0,0.0
0.8,0.09516,0.73722,0.73813,0.0286,0.013,0.0,0.0,0.0286,0.013,6.23e-06,0.0,0.0,0.0
0.8,0.09501,0.73732,0.73823,0.0286,0.013,0.0,0.0,0.0286,0.013,6.2e-06,0.0,0.0,0.0
0.8,0.09486,0.73743,0.73833,0.0287,0.013,0.0,0.0,0.0286,0.013,6.17e-06,0.0,0.0,0.0
0.8,0.09471,0.73753,0.73843,0.0287,0.013,0.0,0.0,0.0287,0.013,6.14e-06,0.0,0.0,0.0
0.8,0.09457,0.73763,0.73853,0.0287,0.013,0.0,0.0,0.0287,0.013,6.1e-06,0.0,0.0,0.0
0.8,0.09442,0.73773,0.73863,0.0287,0.0131,0.0,0.0,0.0287,0.0131,6.07e-06,0.0,0.0,0.0
0.8,0.09427,0.73783,0.73873,0.0287,0.0131,0.0,0.0,0.0287,0.0131,6.04e-06,0.0,0.0,0.0
0.8,0.09412,0.73793,0.73883,0.0287,0.0131,0.0,0.0,0.0287,0.0131,6.01e-06,0.0,0.0,0.0
0.8,0.09398,0.73803,0.73893,0.0287,0.0131,0.0,0.0,0.0287,0.0131,5.98e-06,0.0,0.0,0.0
0.8,0.09383,0.73814,0.73903,0.0287,0.0132,0.0,0.0,0.0287,0.0132,5.94e-06,0.0,0.0,0.0
0.8,0.09368,0.73824,0.73913,0.0288,0.0132,0.0,0.0,0.0288,0.0132,5.91e-06,0.0,0.0,0.0
0.8,0.09353,0.73834,0.73923,0.0288,0.0132,0.0,0.0,0.0288,0.0132,5.88e-06,0.0,0.0,0.0
0.8,0.09338,0.73844,0.73933,0.0288,0.0132,0.0,0.0,0.0288,0.0132,5.85e-06,0.0,0.0,0.0
0.8,0.09324,0.73854,0.73943,0.0288,0.0132,0.0,0.0,0.0288,0.0132,5.82e-06,0.0,0.0,0.0
0.8,0.09309,0.73864,0.73953,0.0288,0.0133,0.0,0.0,0.0288,0.0133,5.79e-06,0.0,0.0,0.0
0.8,0.09294,0.73874,0.73963,0.0288,0.0133,0.0,0.0,0.0288,0.0133,5.76e-06,0.0,0.0,0.0
0.8,0.09279,0.73885,0.73973,0.0289,0.0133,0.0,0.0,0.0288,0.0133,5.73e-06,0.0,0.0,0.0
0.8,0.09264,0.73895,0.73983,0.0289,0.0133,0.0,0.0,0.0289,0.0133,5.69e-06,0.0,0.0,0.0
0.8,0.0925,0.73905,0.73993,0.0289,0.0134,0.0,0.0,0.0289,0.0134,5.66e-06,0.0,0.0,0.0
0.8,0.09235,0.73915,0.74003,0.0289,0.0134,0.0,0.0,0.0289,0.0134,5.63e-06,0.0,0.0,0.0
0.8,0.0922,0.73925,0.74013,0.0289,0.0134,0.0,0.0,0.0289,0.0134,5.6e-06,0.0,0.0,0.0
0.8,0.09205,0.73935,0.74023,0.0289,0.0134,0.0,0.0,0.0289,0.0134,5.57e-06,0.0,0.0,0.0
0.8,0.0919,0.73945,0.74033,0.0289,0.0135,0.0,0.0,0.0289,0.0135,5.54e-06,0.0,0.0,0.0
0.8,0.09176,0.73956,0.74043,0.029,0.0135,0.0,0.0,0.0289,0.0135,5.51e-06,0.0,0.0,0.0
0.8,0.09161,0.73966,0.74053,0.029,0.0135,0.0,0.0,0.029,0.0135,5.48e-06,0.0,0.0,0.0
0.8,0.09146,0.73976,0.74063,0.029,0.0135,0.0,0.0,0.029,0.0135,5.45e-06,0.0,0.0,0.0
0.8,0.09131,0.73986,0.74073,0.029,0.0135,0.0,0.0,0.029,0.0135,5.42e-06,0.0,0.0,0.0
0.8,0.09116,0.73996,0.74083,0.029,0.0136,0.0,0.0,0.029,0.0136,5.39e-06,0.0,0.0,0.0
0.8,0.09102,0.74006,0.74093,0.029,0.0136,0.0,0.0,0.029,0.0136,5.36e-06,0.0,0.0,0.0
0.8,0.09087,0.74016,0.74103,0.029,0.0136,0.0,0.0,0.029,0.0136,5.34e-06,0.0,0.0,0.0
0.8,0.09072,0.74026,0.74113,0.0291,0.0136,0.0,0.0,0.029,0.0136,5.31e-06,0.0,0.0,0.0
0.8,0.09057,0.74037,0.74123,0.0291,0.0137,0.0,0.0,0.0291,0.0137,5.28e-06,0.0,0.0,0.0
0.8,0.09042,0.74047,0.74133,0.0291,0.0137,0.0,0.0,0.0291,0.0137,5.25e-06,0.0,0.0,0.0
0.8,0.09027,0.74057,0.74143,0.0291,0.0137,0.0,0.0,0.0291,0.0137,5.22e-06,0.0,0.0,0.0
0.8,0.09013,0.74067,0.74153,0.0291,0.0137,0.0,0.0,0.0291,0.0137,5.19e-06,0.0,0.0,0.0
0.8,0.08998,0.74077,0.74163,0.0291,0.0138,0.0,0.0,0.0291,0.0138,5.16e-06,0.0,0.0,0.0
0.8,0.08983,0.74087,0.74173,0.0292,0.0138,0.0,0.0,0.0292,0.0138,5.13e-06,0.0,0.0,0.0
0.8,0.08968,0.74097,0.74183,0.0292,0.0138,0.0,0.0,0.0292,0.0138,5.11e-06,0.0,0.0,0.0
0.8,0.08953,0.74108,0.74193,0.0292,0.0138,0.0,0.0,0.0292,0.0138,5.08e-06,0.0,0.0,0.0
0.8,0.08938,0.74118,0.74203,0.0292,0.0139,0.0,0.0,0.0292,0.0139,5.05e-06,0.0,0.0,0.0
0.8,0.08924,0.74128,0.74213,0.0292,0.0139,0.0,0.0,0.0292,0.0139,5.02e-06,0.0,0.0,0.0
0.8,0.08909,0.74138,0.74223,0.0292,0.0139,0.0,0.0,0.0292,0.0139,4.99e-06,0.0,0.0,0.0
0.8,0.08894,0.74148,0.74233,0.0293,0.014,0.0,0.0,0.0292,0.014,4.97e-06,0.0,0.0,0.0
0.8,0.08879,0.74158,0.74243,0.0293,0.014,0.0,0.0,0.0293,0.014,4.94e-06,0.0,0.0,0.0
0.8,0.08864,0.74168,0.74253,0.0293,0.014,0.0,0.0,0.0293,0.014,4.91e-06,0.0,0.0,0.0
0.8,0.08849,0.74179,0.74263,0.0294,0.014,0.0,0.0,0.0294,0.014,4.88e-06,0.0,0.0,0.0
0.8,0.08835,0.74189,0.74273,0.0294,0.0141,0.0,0.0,0.0294,0.0141,4.85e-06,0.0,0.0,0.0
0.8,0.0882,0.74199,0.74283,0.0294,0.0141,0.0,0.0,0.0294,0.0141,4.83e-06,0.0,0.0,0.0
0.8,0.08805,0.74209,0.74293,0.0294,0.0141,0.0,0.0,0.0294,0.0141,4.8e-06,0.0,0.0,0.0
0.8,0.0879,0.74219,0.74303,0.0294,0.0141,0.0,0.0,0.0294,0.0141,4.77e-06,0.0,0.0,0.0
0.8,0.08775,0.74229,0.74313,0.0294,0.0142,0.0,0.0,0.0294,0.0142,4.75e-06,0.0,0.0,0.0
0.8,0.0876,0.74239,0.74323,0.0295,0.0142,0.0,0.0,0.0294,0.0142,4.72e-06,0.0,0.0,0.0
0.8,0.08745,0.7425,0.74333,0.0295,0.0142,0.0,0.0,0.0295,0.0142,4.69e-06,0.0,0.0,0.0
0.8,0.08731,0.7426,0.74343,0.0295,0.0143,0.0,0.0,0.0295,0.0143,4.67e-06,0.0,0.0,0.0
0.8,0.08716,0.7427,0.74353,0.0295,0.0143,0.0,0.0,0.0295,0.0143,4.64e-06,0.0,0.0,0.0
0.8,0.08701,0.7428,0.74363,0.0295,0.0143,0.0,0.0,0.0295,0.0143,4.61e-06,0.0,0.0,0.0
0.8,0.08686,0.7429,0.74373,0.0295,0.0143,0.0,0.0,0.0295,0.0143,4.59e-06,0.0,0.0,0.0
0.8,0.08671,0.743,0.74383,0.0295,0.0144,0.0,0.0,0.0295,0.0144,4.56e-06,0.0,0.0,0.0
0.8,0.08656,0.7431,0.74393,0.0296,0.0144,0.0,0.0,0.0296,0.0144,4.54e-06,0.0,0.0,0.0
0.8,0.08641,0.74321,0.74403,0.0296,0.0144,0.0,0.0,0.0296,0.0144,4.51e-06,0.0,0.0,0.0
0.8,0.08626,0.74331,0.74413,0.0296,0.0145,0.0,0.0,0.0296,0.0145,4.48e-06,0.0,0.0,0.0
0.8,0.08611,0.74341,0.74423,0.0296,0.0145,0.0,0.0,0.0296,0.0145,4.46e-06,0.0,0.0,0.0
0.8,0.08597,0.74351,0.74433,0.0296,0.0145,0.0,0.0,0.0296,0.0145,4.43e-06,0.0,0.0,0.0
0.8,0.08582,0.74361,0.74443,0.0296,0.0145,0.0,0.0,0.0296,0.0145,4.41e-06,0.0,0.0,0.0
0.8,0.08567,0.74371,0.74453,0.0296,0.0146,0.0,0.0,0.0296,0.0146,4.38e-06,0.0,0.0,0.0
0.8,0.08552,0.74381,0.74463,0.0297,0.0146,0.0,0.0,0.0297,0.0146,4.36e-06,0.0,0.0,0.0
0.8,0.08537,0.74392,0.74473,0.0297,0.0146,0.0,0.0,0.0297,0.0146,4.33e-06,0.0,0.0,0.0
0.8,0.08522,0.74402,0.74483,0.0297,0.0147,0.0,0.0,0.0297,0.0147,4.31e-06,0.0,0.0,0.0
0.8,0.08507,0.74412,0.74493,0.0297,0.0147,0.0,0.0,0.0297,0.0147,4.28e-06,0.0,0.0,0.0
0.8,0.08492,0.74422,0.74503,0.0297,0.0147,0.0,0.0,0.0297,0.0147,4.26e-06,0.0,0.0,0.0
0.8,0.08477,0.74432,0.74513,0.0297,0.0148,0.0,0.0,0.0297,0.0148,4.23e-06,0.0,0.0,0.0
0.8,0.08463,0.74442,0.74523,0.0298,0.0148,0.0,0.0,0.0297,0.0148,4.21e-06,0.0,0.0,0.0
0.8,0.08448,0.74452,0.74533,0.0298,0.0148,0.0,0.0,0.0298,0.0148,4.18e-06,0.0,0.0,0.0
0.8,0.08433,0.74463,0.74543,0.0298,0.0149,0.0,0.0,0.0298,0.0149,4.16e-06,0.0,0.0,0.0
0.8,0.08418,0.74473,0.74553,0.0298,0.0149,0.0,0.0,0.0298,0.0149,4.13e-06,0.0,0.0,0.0
0.8,0.08403,0.74483,0.74563,0.0298,0.0149,0.0,0.0,0.0298,0.0149,4.11e-06,0.0,0.0,0.0
0.8,0.08388,0.74493,0.74573,0.0298,0.015,0.0,0.0,0.0298,0.015,4.08e-06,0.0,0.0,0.0
0.8,0.08373,0.74503,0.74583,0.0298,0.015,0.0,0.0,0.0298,0.015,4.06e-06,0.0,0.0,0.0
0.8,0.08358,0.74513,0.74593,0.0299,0.015,0.0,0.0,0.0299,0.015,4.04e-06,0.0,0.0,0.0
0.8,0.08343,0.74523,0.74603,0.0299,0.0151,0.0,0.0,0.0299,0.0151,4.01e-06,0.0,0.0,0.0
0.8,0.08328,0.74534,0.74613,0.0299,0.0151,0.0,0.0,0.0299,0.0151,3.99e-06,0.0,0.0,0.0
0.8,0.08313,0.74544,0.74623,0.0299,0.0151,0.0,0.0,0.0299,0.0151,3.96e-06,0.0,0.0,0.0
0.8,0.08298,0.74554,0.74633,0.0299,0.0152,0.0,0.0,0.0299,0.0152,3.94e-06,0.0,0.0,0.0
0.8,0.08284,0.74564,0.74643,0.03,0.0152,0.0,0.0,0.03,0.0152,3.92e-06,0.0,0.0,0.0
0.8,0.08269,0.74574,0.74653,0.03,0.0152,0.0,0.0,0.03,0.0152,3.89e-06,0.0,0.0,0.0
0.8,0.08254,0.74584,0.74663,0.03,0.0153,0.0,0.0,0.03,0.0153,3.87e-06,0.0,0.0,0.0
0.8,0.08239,0.74594,0.74673,0.03,0.0153,0.0,0.0,0.03,0.0153,3.85e-06,0.0,0.0,0.0
0.8,0.08224,0.74605,0.74683,0.03,0.0153,0.0,0.0,0.03,0.0153,3.83e-06,0.0,0.0,0.0
0.8,0.08209,0.74615,0.74693,0.03,0.0154,0.0,0.0,0.03,0.0154,3.8e-06,0.0,0.0,0.0
0.8,0.08194,0.74625,0.74703,0.0301,0.0154,0.0,0.0,0.0301,0.0154,3.78e-06,0.0,0.0,0.0
0.8,0.08179,0.74635,0.74713,0.0301,0.0154,0.0,0.0,0.0301,0.0154,3.76e-06,0.0,0.0,0.0
0.8,0.08164,0.74645,0.74723,0.0302,0.0155,0.0,0.0,0.0301,0.0155,3.73e-06,0.0,0.0,0.0
0.8,0.08149,0.74655,0.74733,0.0302,0.0155,0.0,0.0,0.0302,0.0155,3.71e-06,0.0,0.0,0.0
0.8,0.08134,0.74665,0.74743,0.0302,0.0155,0.0,0.0,0.0302,0.0155,3.69e-06,0.0,0.0,0.0
0.8,0.08119,0.74676,0.74753,0.0302,0.0156,0.0,0.0,0.0302,0.0156,3.67e-06,0.0,0.0,0.0
0.8,0.08104,0.74686,0.74763,0.0302,0.0156,0.0,0.0,0.0302,0.0156,3.64e-06,0.0,0.0,0.0
0.8,0.08089,0.74696,0.74773,0.0302,0.0157,0.0,0.0,0.0302,0.0157,3.62e-06,0.0,0.0,0.0
0.8,0.08074,0.74706,0.74783,0.0302,0.0157,0.0,0.0,0.0302,0.0157,3.6e-06,0.0,0.0,0.0
0.8,0.08059,0.74716,0.74793,0.0303,0.0157,0.0,0.0,0.0303,0.0157,3.58e-06,0.0,0.0,0.0
0.8,0.08044,0.74726,0.74803,0.0303,0.0158,0.0,0.0,0.0303,0.0158,3.56e-06,0.0,0.0,0.0
0.8,0.08029,0.74736,0.74813,0.0303,0.0158,0.0,0.0,0.0303,0.0158,3.53e-06,0.0,0.0,0.0
0.8,0.08015,0.74747,0.74823,0.0303,0.0158,0.0,0.0,0.0303,0.0158,3.51e-06,0.0,0.0,0.0
0.8,0.08,0.74757,0.74833,0.0303,0.0159,0.0,0.0,0.0303,0.0159,3.49e-06,0.0,0.0,0.0
0.8,0.07985,0.74767,0.74843,0.0303,0.0159,0.0,0.0,0.0303,0.0159,3.47e-06,0.0,0.0,0.0
0.8,0.0797,0.74777,0.74853,0.0304,0.016,0.0,0.0,0.0304,0.016,3.45e-06,0.0,0.0,0.0
0.8,0.07955,0.74787,0.74863,0.0304,0.016,0.0,0.0,0.0304,0.016,3.43e-06,0.0,0.0,0.0
0.8,0.0794,0.74797,0.74873,0.0304,0.016,0.0,0.0,0.0304,0.016,3.41e-06,0.0,0.0,0.0
0.8,0.07925,0.74807,0.74883,0.0304,0.0161,0.0,0.0,0.0304,0.0161,3.38e-06,0.0,0.0,0.0
0.8,0.0791,0.74818,0.74893,0.0304,0.0161,0.0,0.0,0.0304,0.0161,3.36e-06,0.0,0.0,0.0
0.8,0.07895,0.74828,0.74903,0.0304,0.0162,0.0,0.0,0.0304,0.0162,3.34e-06,0.0,0.0,0.0
0.8,0.0788,0.74838,0.74913,0.0305,0.0162,0.0,0.0,0.0304,0.0162,3.32e-06,0.0,0.0,0.0
0.8,0.07865,0.74848,0.74923,0.0305,0.0162,0.0,0.0,0.0305,0.0162,3.3e-06,0.0,0.0,0.0
0.8,0.0785,0.74858,0.74933,0.0305,0.0163,0.0,0.0,0.0305,0.0163,3.28e-06,0.0,0.0,0.0
0.8,0.07835,0.74868,0.74943,0.0305,0.0163,0.0,0.0,0.0305,0.0163,3.26e-06,0.0,0.0,0.0
0.8,0.0782,0.74878,0.74953,0.0305,0.0164,0.0,0.0,0.0305,0.0164,3.24e-06,0.0,0.0,0.0
0.8,0.07805,0.74889,0.74963,0.0305,0.0164,0.0,0.0,0.0305,0.0164,3.22e-06,0.0,0.0,0.0
0.8,0.0779,0.74899,0.74973,0.0305,0.0165,0.0,0.0,0.0305,0.0165,3.2e-06,0.0,0.0,0.0
0.8,0.07775,0.74909,0.74983,0.0306,0.0165,0.0,0.0,0.0306,0.0165,3.18e-06,0.0,0.0,0.0
0.8,0.0776,0.74919,0.74993,0.0306,0.0165,0.0,0.0,0.0306,0.0165,3.16e-06,0.0,0.0,0.0
0.8,0.07745,0.74929,0.75003,0.0306,0.0166,0.0,0.0,0.0306,0.0166,3.14e-06,0.0,0.0,0.0
0.8,0.0773,0.74939,0.75013,0.0306,0.0166,0.0,0.0,0.0306,0.0166,3.12e-06,0.0,0.0,0.0
0.8,0.07715,0.7495,0.75023,0.0306,0.0167,0.0,0.0,0.0306,0.0167,3.1e-06,0.0,0.0,0.0
0.8,0.077,0.7496,0.75033,0.0306,0.0167,0.0,0.0,0.0306,0.0167,3.08e-06,0.0,0.0,0.0
0.8,0.07685,0.7497,0.75043,0.0307,0.0168,0.0,0.0,0.0307,0.0168,3.06e-06,0.0,0.0,0.0
0.8,0.0767,0.7498,0.75053,0.0307,0.0168,0.0,0.0,0.0307,0.0168,3.04e-06,0.0,0.0,0.0
0.8,0.07655,0.7499,0.75063,0.0307,0.0169,0.0,0.0,0.0307,0.0169,3.02e-06,0.0,0.0,0.0
0.8,0.0764,0.75,0.75073,0.0307,0.0169,0.0,0.0,0.0307,0.0169,3e-06,0.0,0.0,0.0
0.8,0.07625,0.7501,0.75083,0.0307,0.017,0.0,0.0,0.0307,0.017,2.98e-06,0.0,0.0,0.0
0.8,0.0761,0.75021,0.75093,0.0308,0.017,0.0,0.0,0.0308,0.017,2.96e-06,0.0,0.0,0.0
0.8,0.07595,0.75031,0.75103,0.0308,0.0171,0.0,0.0,0.0308,0.0171,2.94e-06,0.0,0.0,0.0
0.8,0.0758,0.75041,0.75113,0.0308,0.0171,0.0,0.0,0.0308,0.0171,2.92e-06,0.0,0.0,0.0
0.8,0.07565,0.75051,0.75123,0.0308,0.0171,0.0,0.0,0.0308,0.0171,2.9e-06,0.0,0.0,0.0
0.8,0.0755,0.75061,0.75133,0.0308,0.0172,0.0,0.0,0.0308,0.0172,2.89e-06,0.0,0.0,0.0
0.8,0.07535,0.75071,0.75143,0.0308,0.0172,0.0,0.0,0.0308,0.0172,2.87e-06,0.0,0.0,0.0
0.8,0.0752,0.75081,0.75153,0.0309,0.0173,0.0,0.0,0.0309,0.0173,2.85e-06,0.0,0.0,0.0
0.8,0.07505,0.75092,0.75163,0.0309,0.0173,0.0,0.0,0.0309,0.0173,2.83e-06,0.0,0.0,0.0
0.8,0.0749,0.75102,0.75173,0.0309,0.0174,0.0,0.0,0.0309,0.0174,2.81e-06,0.0,0.0,0.0
0.8,0.07474,0.75112,0.75183,0.031,0.0174,0.0,0.0,0.031,0.0174,2.79e-06,0.0,0.0,0.0
0.8,0.07459,0.75122,0.75193,0.031,0.0175,0.0,0.0,0.031,0.0175,2.77e-06,0.0,0.0,0.0
0.8,0.07444,0.75132,0.75203,0.031,0.0175,0.0,0.0,0.031,0.0175,2.76e-06,0.0,0.0,0.0
0.8,0.07429,0.75142,0.75213,0.031,0.0176,0.0,0.0,0.031,0.0176,2.74e-06,0.0,0.0,0.0
0.8,0.07414,0.75152,0.75223,0.031,0.0176,0.0,0.0,0.031,0.0176,2.72e-06,0.0,0.0,0.0
0.8,0.07399,0.75163,0.75233,0.0311,0.0177,0.0,0.0,0.0311,0.0177,2.7e-06,0.0,0.0,0.0
0.8,0.07384,0.75173,0.75243,0.0311,0.0177,0.0,0.0,0.0311,0.0177,2.68e-06,0.0,0.0,0.0
0.8,0.07369,0.75183,0.75253,0.0311,0.0178,0.0,0.0,0.0311,0.0178,2.67e-06,0.0,0.0,0.0
0.8,0.07354,0.75193,0.75263,0.0311,0.0179,0.0,0.0,0.0311,0.0179,2.65e-06,0.0,0.0,0.0
0.8,0.07339,0.75203,0.75273,0.0311,0.0179,0.0,0.0,0.0311,0.0179,2.63e-06,0.0,0.0,0.0
0.8,0.07324,0.75213,0.75283,0.0311,0.018,0.0,0.0,0.0311,0.018,2.61e-06,0.0,0.0,0.0
0.8,0.07309,0.75223,0.75293,0.0312,0.018,0.0,0.0,0.0312,0.018,2.6e-06,0.0,0.0,0.0
0.8,0.07294,0.75234,0.75303,0.0312,0.0181,0.0,0.0,0.0312,0.0181,2.58e-06,0.0,0.0,0.0
0.8,0.07279,0.75244,0.75313,0.0312,0.0181,0.0,0.0,0.0312,0.0181,2.56e-06,0.0,0.0,0.0
0.8,0.07264,0.75254,0.75323,0.0312,0.0182,0.0,0.0,0.0312,0.0182,2.54e-06,0.0,0.0,0.0
0.8,0.07249,0.75264,0.75333,0.0312,0.0182,0.0,0.0,0.0312,0.0182,2.53e-06,0.0,0.0,0.0
0.8,0.07234,0.75274,0.75343,0.0312,0.0183,0.0,0.0,0.0312,0.0183,2.51e-06,0.0,0.0,0.0
0.8,0.07219,0.75284,0.75353,0.0313,0.0184,0.0,0.0,0.0313,0.0184,2.49e-06,0.0,0.0,0.0
0.8,0.07204,0.75294,0.75363,0.0313,0.0184,0.0,0.0,0.0313,0.0184,2.47e-06,0.0,0.0,0.0
0.8,0.07188,0.75305,0.75373,0.0313,0.0185,0.0,0.0,0.0313,0.0185,2.46e-06,0.0,0.0,0.0
0.8,0.07173,0.75315,0.75383,0.0313,0.0185,0.0,0.0,0.0313,0.0185,2.44e-06,0.0,0.0,0.0
0.8,0.07158,0.75325,0.75393,0.0313,0.0186,0.0,0.0,0.0313,0.0186,2.42e-06,0.0,0.0,0.0
0.8,0.07143,0.75335,0.75403,0.0313,0.0186,0.0,0.0,0.0313,0.0186,2.41e-06,0.0,0.0,0.0
0.8,0.07128,0.75345,0.75413,0.0314,0.0187,0.0,0.0,0.0314,0.0187,2.39e-06,0.0,0.0,0.0
0.8,0.07113,0.75355,0.75423,0.0314,0.0188,0.0,0.0,0.0314,0.0188,2.37e-06,0.0,0.0,0.0
0.8,0.07098,0.75365,0.75433,0.0314,0.0188,0.0,0.0,0.0314,0.0188,2.36e-06,0.0,0.0,0.0
0.8,0.07083,0.75376,0.75443,0.0314,0.0189,0.0,0.0,0.0314,0.0189,2.34e-06,0.0,0.0,0.0
0.8,0.07068,0.75386,0.75453,0.0314,0.019,0.0,0.0,0.0314,0.019,2.33e-06,0.0,0.0,0.0
0.8,0.07053,0.75396,0.75463,0.0314,0.019,0.0,0.0,0.0314,0.019,2.31e-06,0.0,0.0,0.0
0.8,0.07038,0.75406,0.75473,0.0315,0.0191,0.0,0.0,0.0315,0.0191,2.29e-06,0.0,0.0,0.0
0.8,0.07022,0.75416,0.75483,0.0315,0.0191,0.0,0.0,0.0315,0.0191,2.28e-06,0.0,0.0,0.0
0.8,0.07007,0.75426,0.75493,0.0315,0.0192,0.0,0.0,0.0315,0.0192,2.26e-06,0.0,0.0,0.0
0.8,0.06992,0.75436,0.75503,0.0315,0.0193,0.0,0.0,0.0315,0.0193,2.25e-06,0.0,0.0,0.0
0.8,0.06977,0.75447,0.75513,0.0315,0.0193,0.0,0.0,0.0315,0.0193,2.23e-06,0.0,0.0,0.0
0.8,0.06962,0.75457,0.75523,0.0315,0.0194,0.0,0.0,0.0315,0.0194,2.21e-06,0.0,0.0,0.0
0.8,0.06947,0.75467,0.75533,0.0316,0.0195,0.0,0.0,0.0316,0.0195,2.2e-06,0.0,0.0,0.0
0.8,0.06932,0.75477,0.75543,0.0316,0.0195,0.0,0.0,0.0316,0.0195,2.18e-06,0.0,0.0,0.0
0.8,0.06917,0.75487,0.75553,0.0316,0.0196,0.0,0.0,0.0316,0.0196,2.17e-06,0.0,0.0,0.0
0.8,0.06902,0.75497,0.75563,0.0316,0.0197,0.0,0.0,0.0316,0.0197,2.15e-06,0.0,0.0,0.0
0.8,0.06887,0.75507,0.75573,0.0317,0.0197,0.0,0.0,0.0317,0.0197,2.14e-06,0.0,0.0,0.0
0.8,0.06871,0.75518,0.75583,0.0317,0.0198,0.0,0.0,0.0317,0.0198,2.12e-06,0.0,0.0,0.0
0.8,0.06856,0.75528,0.75593,0.0317,0.0199,0.0,0.0,0.0317,0.0199,2.11e-06,0.0,0.0,0.0
0.8,0.06841,0.75538,0.75603,0.0317,0.0199,0.0,0.0,0.0317,0.0199,2.09e-06,0.0,0.0,0.0
0.8,0.06826,0.75548,0.75613,0.0317,0.02,0.0,0.0,0.0317,0.02,2.08e-06,0.0,0.0,0.0
0.8,0.06811,0.75558,0.75623,0.0317,0.0201,0.0,0.0,0.0317,0.0201,2.06e-06,0.0,0.0,0.0
0.8,0.06796,0.75568,0.75633,0.0318,0.0202,0.0,0.0,0.0318,0.0202,2.05e-06,0.0,0.0,0.0
0.8,0.06781,0.75578,0.75643,0.0318,0.0202,0.0,0.0,0.0318,0.0202,2.03e-06,0.0,0.0,0.0
0.8,0.06766,0.75589,0.75653,0.0319,0.0203,0.0,0.0,0.0319,0.0203,2.02e-06,0.0,0.0,0.0
0.8,0.0675,0.75599,0.75663,0.0319,0.0204,0.0,0.0,0.0319,0.0204,2e-06,0.0,0.0,0.0
0.8,0.06735,0.75609,0.75673,0.0319,0.0204,0.0,0.0,0.0319,0.0204,1.99e-06,0.0,0.0,0.0
0.8,0.0672,0.75619,0.75683,0.0319,0.0205,0.0,0.0,0.0319,0.0205,1.97e-06,0.0,0.0,0.0
0.8,0.06705,0.75629,0.75693,0.0319,0.0206,0.0,0.0,0.0319,0.0206,1.96e-06,0.0,0.0,0.0
0.8,0.0669,0.75639,0.75703,0.032,0.0207,-0.0,0.0,0.032,0.0207,1.95e-06,0.0,0.0,0.0
0.8,0.06675,0.75649,0.75713,0.032,0.0207,-0.0,0.0,0.032,0.0207,1.93e-06,0.0,0.0,0.0
0.8,0.0666,0.7566,0.75723,0.032,0.0208,-0.0,0.0,0.032,0.0208,1.92e-06,0.0,0.0,0.0
0.8,0.06644,0.7567,0.75733,0.032,0.0209,-0.0,0.0,0.032,0.0209,1.9e-06,0.0,0.0,0.0
0.8,0.06629,0.7568,0.75743,0.032,0.021,-0.0,0.0,0.032,0.021,1.89e-06,0.0,0.0,0.0
0.8,0.06614,0.7569,0.75753,0.032,0.021,-0.0,0.0,0.032,0.021,1.88e-06,0.0,0.0,0.0
0.8,0.06599,0.757,0.75763,0.0321,0.0211,-0.0,0.0,0.0321,0.0211,1.86e-06,0.0,0.0,0.0
0.8,0.06584,0.7571,0.75773,0.0321,0.0212,-0.0,0.0,0.0321,0.0212,1.85e-06,0.0,0.0,0.0
0.8,0.06569,0.7572,0.75783,0.0321,0.0213,-0.0,0.0,0.0321,0.0213,1.83e-06,0.0,0.0,0.0
0.8,0.06554,0.75731,0.75793,0.0321,0.0214,-0.0,0.0,0.0321,0.0214,1.82e-06,0.0,0.0,0.0
0.8,0.06538,0.75741,0.75803,0.0321,0.0214,-0.0,0.0,0.0321,0.0214,1.81e-06,0.0,0.0,0.0
0.8,0.06523,0.75751,0.75813,0.0321,0.0215,-0.0,0.0,0.0321,0.0215,1.79e-06,0.0,0.0,0.0
0.8,0.06508,0.75761,0.75823,0.0322,0.0216,-0.0,0.0,0.0322,0.0216,1.78e-06,0.0,0.0,0.0
0.8,0.06493,0.75771,0.75833,0.0322,0.0217,-0.0,0.0,0.0322,0.0217,1.77e-06,0.0,0.0,0.0
0.8,0.06478,0.75781,0.75843,0.0322,0.0218,-0.0,0.0,0.0322,0.0218,1.75e-06,0.0,0.0,0.0
0.8,0.06463,0.75792,0.75853,0.0322,0.0219,-0.0,0.0,0.0322,0.0219,1.74e-06,0.0,0.0,0.0
0.8,0.06447,0.75802,0.75863,0.0322,0.022,-0.0,0.0,0.0322,0.022,1.73e-06,0.0,0.0,0.0
0.8,0.06432,0.75812,0.75873,0.0322,0.022,-0.0,0.0,0.0322,0.022,1.71e-06,0.0,0.0,0.0
0.8,0.06417,0.75822,0.75883,0.0323,0.0221,-0.0,0.0,0.0323,0.0221,1.7e-06,0.0,0.0,0.0
0.8,0.06402,0.75832,0.75893,0.0323,0.0222,-0.0,0.0,0.0323,0.0222,1.69e-06,0.0,0.0,0.0
0.8,0.06387,0.75842,0.75903,0.0323,0.0223,-0.0,0.0,0.0323,0.0223,1.67e-06,0.0,0.0,0.0
0.8,0.06371,0.75852,0.75913,0.0323,0.0224,-0.0,0.0,0.0323,0.0224,1.66e-06,0.0,0.0,0.0
0.8,0.06356,0.75863,0.75923,0.0323,0.0225,-0.0,0.0,0.0323,0.0225,1.65e-06,0.0,0.0,0.0
0.8,0.06341,0.75873,0.75933,0.0324,0.0226,-0.0,0.0,0.0324,0.0226,1.64e-06,0.0,0.0,0.0
0.8,0.06326,0.75883,0.75943,0.0324,0.0227,-0.0,0.0,0.0324,0.0227,1.62e-06,0.0,0.0,0.0
0.8,0.06311,0.75893,0.75953,0.0324,0.0228,-0.0,0.0,0.0324,0.0228,1.61e-06,0.0,0.0,0.0
0.8,0.06296,0.75903,0.75963,0.0324,0.0229,-0.0,0.0,0.0324,0.0229,1.6e-06,0.0,0.0,0.0
0.8,0.0628,0.75913,0.75973,0.0324,0.023,-0.0,0.0,0.0324,0.023,1.59e-06,0.0,0.0,0.0
0.8,0.06265,0.75923,0.75983,0.0324,0.023,-0.0,0.0,0.0324,0.023,1.57e-06,0.0,0.0,0.0
0.8,0.0625,0.75934,0.75993,0.0325,0.0231,-0.0,0.0,0.0325,0.0231,1.56e-06,0.0,0.0,0.0
0.8,0.06235,0.75944,0.76003,0.0325,0.0232,-0.0,0.0,0.0325,0.0232,1.55e-06,0.0,0.0,0.0
0.8,0.0622,0.75954,0.76013,0.0325,0.0233,-0.0,0.0,0.0325,0.0233,1.54e-06,0.0,0.0,0.0
0.8,0.06204,0.75964,0.76023,0.0325,0.0234,-0.0,0.0,0.0325,0.0234,1.52e-06,0.0,0.0,0.0
0.8,0.06189,0.75974,0.76033,0.0325,0.0235,-0.0,0.0,0.0325,0.0235,1.51e-06,0.0,0.0,0.0
0.8,0.06174,0.75984,0.76043,0.0326,0.0236,-0.0,0.0,0.0326,0.0236,1.5e-06,0.0,0.0,0.0
0.8,0.06159,0.75994,0.76053,0.0326,0.0237,-0.0,0.0,0.0326,0.0237,1.49e-06,0.0,0.0,0.0
0.8,0.06144,0.76005,0.76063,0.0326,0.0238,-0.0,0.0,0.0326,0.0238,1.48e-06,0.0,0.0,0.0
0.8,0.06128,0.76015,0.76073,0.0326,0.0239,-0.0,0.0,0.0326,0.0239,1.47e-06,0.0,0.0,0.0
0.8,0.06113,0.76025,0.76083,0.0326,0.0241,-0.0,0.0,0.0326,0.0241,1.45e-06,0.0,0.0,0.0
0.8,0.06098,0.76035,0.76093,0.0327,0.0242,-0.0,0.0,0.0327,0.0242,1.44e-06,0.0,0.0,0.0
0.8,0.06083,0.76045,0.76103,0.0327,0.0243,-0.0,0.0,0.0327,0.0243,1.43e-06,0.0,0.0,0.0
0.8,0.06067,0.76055,0.76113,0.0327,0.0244,-0.0,0.0,0.0327,0.0244,1.42e-06,0.0,0.0,0.0
0.8,0.06052,0.76065,0.76123,0.0328,0.0245,-0.0,0.0,0.0328,0.0245,1.41e-06,0.0,0.0,0.0
0.8,0.06037,0.76076,0.76133,0.0328,0.0246,-0.0,0.0,0.0328,0.0246,1.4e-06,0.0,0.0,0.0
0.8,0.06022,0.76086,0.76143,0.0328,0.0247,-0.0,0.0,0.0328,0.0247,1.38e-06,0.0,0.0,0.0
0.8,0.06007,0.76096,0.76153,0.0328,0.0248,-0.0,0.0,0.0328,0.0248,1.37e-06,0.0,0.0,0.0
0.8,0.05991,0.76106,0.76163,0.0329,0.0249,-0.0,0.0,0.0329,0.0249,1.36e-06,0.0,0.0,0.0
0.8,0.05976,0.76116,0.76173,0.0329,0.025,-0.0,0.0,0.0329,0.025,1.35e-06,0.0,0.0,0.0
0.8,0.05961,0.76126,0.76183,0.0329,0.0251,-0.0,0.0,0.0329,0.0251,1.34e-06,0.0,0.0,0.0
0.8,0.05946,0.76136,0.76193,0.0329,0.0252,-0.0,0.0,0.0329,0.0252,1.33e-06,0.0,0.0,0.0
0.8,0.0593,0.76147,0.76203,0.0329,0.0253,-0.0,0.0,0.0329,0.0253,1.32e-06,0.0,0.0,0.0
0.8,0.05915,0.76157,0.76213,0.033,0.0255,-0.0,0.0,0.033,0.0255,1.31e-06,0.0,0.0,0.0
0.8,0.059,0.76167,0.76223,0.033,0.0256,-0.0,0.0,0.033,0.0256,1.3e-06,0.0,0.0,0.0
0.8,0.05885,0.76177,0.76233,0.033,0.0257,-0.0,0.0,0.033,0.0257,1.29e-06,0.0,0.0,0.0
0.8,0.05869,0.76187,0.76243,0.033,0.0258,-0.0,0.0,0.033,0.0258,1.28e-06,0.0,0.0,0.0
0.8,0.05854,0.76197,0.76253,0.033,0.0259,-0.0,0.0,0.033,0.0259,1.26e-06,0.0,0.0,0.0
0.8,0.05839,0.76207,0.76263,0.033,0.026,-0.0,0.0,0.033,0.026,1.25e-06,0.0,0.0,0.0
0.8,0.05824,0.76218,0.76273,0.0331,0.0262,-0.0,0.0,0.0331,0.0262,1.24e-06,0.0,0.0,0.0
0.8,0.05808,0.76228,0.76283,0.0331,0.0263,-0.0,0.0,0.0331,0.0263,1.23e-06,0.0,0.0,0.0
0.8,0.05793,0.76238,0.76293,0.0331,0.0264,-0.0,0.0,0.0331,0.0264,1.22e-06,0.0,0.0,0.0
0.8,0.05778,0.76248,0.76303,0.0331,0.0265,-0.0,0.0,0.0331,0.0265,1.21e-06,0.0,0.0,0.0
0.8,0.05763,0.76258,0.76313,0.0331,0.0267,-0.0,0.0,0.0331,0.0267,1.2e-06,0.0,0.0,0.0
0.8,0.05747,0.76268,0.76323,0.0331,0.0268,-0.0,0.0,0.0331,0.0268,1.19e-06,0.0,0.0,0.0
0.8,0.05732,0.76279,0.76333,0.0332,0.0269,-0.0,0.0,0.0332,0.0269,1.18e-06,0.0,0.0,0.0
0.8,0.05717,0.76289,0.76343,0.0332,0.027,-0.0,0.0,0.0332,0.027,1.17e-06,0.0,0.0,0.0
0.8,0.05702,0.76299,0.76353,0.0332,0.0272,-0.0,0.0,0.0332,0.0272,1.16e-06,0.0,0.0,0.0
0.8,0.05686,0.76309,0.76363,0.0332,0.0273,-0.0,0.0,0.0332,0.0273,1.15e-06,0.0,0.0,0.0
0.8,0.05671,0.76319,0.76373,0.0332,0.0274,-0.0,0.0,0.0332,0.0274,1.14e-06,0.0,0.0,0.0
0.8,0.05656,0.76329,0.76383,0.0333,0.0276,-0.0,0.0,0.0333,0.0276,1.13e-06,0.0,0.0,0.0
0.8,0.0564,0.76339,0.76393,0.0333,0.0277,-0.0,0.0,0.0333,0.0277,1.12e-06,0.0,0.0,0.0
0.8,0.05625,0.7635,0.76403,0.0333,0.0278,-0.0,0.0,0.0333,0.0278,1.11e-06,0.0,0.0,0.0
0.8,0.0561,0.7636,0.76413,0.0333,0.028,-0.0,0.0,0.0333,0.028,1.1e-06,0.0,0.0,0.0
0.8,0.05595,0.7637,0.76423,0.0333,0.0281,-0.0,0.0,0.0333,0.0281,1.09e-06,0.0,0.0,0.0
0.8,0.05579,0.7638,0.76433,0.0334,0.0283,-0.0,0.0,0.0333,0.0283,1.08e-06,0.0,0.0,0.0
0.8,0.05564,0.7639,0.76443,0.0334,0.0284,-0.0,0.0,0.0334,0.0284,1.07e-06,0.0,0.0,0.0
0.8,0.05549,0.764,0.76453,0.0334,0.0285,-0.0,0.0,0.0334,0.0285,1.06e-06,0.0,0.0,0.0
0.8,0.05533,0.7641,0.76463,0.0334,0.0287,-0.0,0.0,0.0334,0.0287,1.06e-06,0.0,0.0,0.0
0.8,0.05518,0.76421,0.76473,0.0334,0.0288,-0.0,0.0,0.0334,0.0288,1.05e-06,0.0,0.0,0.0
0.8,0.05503,0.76431,0.76483,0.0335,0.029,-0.0,0.0,0.0335,0.029,1.04e-06,0.0,0.0,0.0
0.8,0.05488,0.76441,0.76493,0.0335,0.0291,-0.0,0.0,0.0335,0.0291,1.03e-06,0.0,0.0,0.0
0.8,0.05472,0.76451,0.76503,0.0335,0.0293,-0.0,0.0,0.0335,0.0293,1.02e-06,0.0,0.0,0.0
0.8,0.05457,0.76461,0.76513,0.0335,0.0294,-0.0,0.0,0.0335,0.0294,1.01e-06,0.0,0.0,0.0
0.8,0.05442,0.76471,0.76523,0.0335,0.0296,-0.0,0.0,0.0335,0.0296,1e-06,0.0,0.0,0.0
0.8,0.05426,0.76481,0.76533,0.0336,0.0297,-0.0,0.0,0.0336,0.0297,9.91e-07,0.0,0.0,0.0
0.8,0.05411,0.76492,0.76543,0.0336,0.0299,-0.0,0.0,0.0336,0.0299,9.82e-07,0.0,0.0,0.0
0.8,0.05396,0.76502,0.76553,0.0336,0.03,-0.0,0.0,0.0336,0.03,9.74e-07,0.0,0.0,0.0
0.8,0.0538,0.76512,0.76563,0.0336,0.0302,-0.0,0.0,0.0336,0.0302,9.65e-07,0.0,0.0,0.0
0.8,0.05365,0.76522,0.76573,0.0336,0.0303,-0.0,0.0,0.0336,0.0303,9.56e-07,0.0,0.0,0.0
0.8,0.0535,0.76532,0.76583,0.0337,0.0305,-0.0,0.0,0.0337,0.0305,9.47e-07,0.0,0.0,0.0
0.8,0.05334,0.76542,0.76593,0.0338,0.0307,-0.0,0.0,0.0338,0.0307,9.39e-07,0.0,0.0,0.0
0.8,0.05319,0.76552,0.76603,0.0338,0.0308,-0.0,0.0,0.0338,0.0308,9.3e-07,0.0,0.0,0.0
0.8,0.05304,0.76563,0.76613,0.0338,0.031,-0.0,0.0,0.0338,0.031,9.21e-07,0.0,0.0,0.0
0.8,0.05288,0.76573,0.76623,0.0338,0.0311,-0.0,0.0,0.0338,0.0311,9.13e-07,0.0,0.0,0.0
0.8,0.05273,0.76583,0.76633,0.0338,0.0313,-0.0,0.0,0.0338,0.0313,9.05e-07,0.0,0.0,0.0
0.8,0.05258,0.76593,0.76643,0.0338,0.0315,-0.0,0.0,0.0338,0.0315,8.96e-07,0.0,0.0,0.0
0.8,0.05242,0.76603,0.76653,0.0339,0.0316,-0.0,0.0,0.0339,0.0316,8.88e-07,0.0,0.0,0.0
0.8,0.05227,0.76613,0.76663,0.0339,0.0318,-0.0,0.0,0.0339,0.0318,8.79e-07,0.0,0.0,0.0
0.8,0.05212,0.76623,0.76673,0.0339,0.032,-0.0,0.0,0.0339,0.032,8.71e-07,0.0,0.0,0.0
0.8,0.05196,0.76634,0.76683,0.0339,0.0321,-0.0,0.0,0.0339,0.0321,8.63e-07,0.0,0.0,0.0
0.8,0.05181,0.76644,0.76693,0.0339,0.0323,-0.0,0.0,0.0339,0.0323,8.55e-07,0.0,0.0,0.0
0.8,0.05166,0.76654,0.76703,0.034,0.0325,-0.0,0.0,0.034,0.0325,8.47e-07,0.0,0.0,0.0
0.8,0.0515,0.76664,0.76713,0.034,0.0327,-0.0,0.0,0.034,0.0327,8.39e-07,0.0,0.0,0.0
0.8,0.05135,0.76674,0.76723,0.034,0.0328,-0.0,0.0,0.034,0.0328,8.31e-07,0.0,0.0,0.0
0.8,0.0512,0.76684,0.76733,0.034,0.033,-0.0,0.0,0.034,0.033,8.23e-07,0.0,0.0,0.0
0.8,0.05104,0.76695,0.76743,0.034,0.0332,-0.0,0.0,0.034,0.0332,8.15e-07,0.0,0.0,0.0
0.8,0.05089,0.76705,0.76753,0.034,0.0334,-0.0,0.0,0.034,0.0334,8.07e-07,0.0,0.0,0.0
0.8,0.05074,0.76715,0.76763,0.0341,0.0336,-0.0,0.0,0.0341,0.0336,8e-07,0.0,0.0,0.0
0.8,0.05058,0.76725,0.76773,0.0341,0.0338,-0.0,0.0,0.0341,0.0338,7.92e-07,0.0,0.0,0.0
0.8,0.05043,0.76735,0.76783,0.0341,0.0339,-0.0,0.0,0.0341,0.0339,7.84e-07,0.0,0.0,0.0
0.8,0.05028,0.76745,0.76793,0.0341,0.0341,-0.0,0.0,0.0341,0.0341,7.77e-07,0.0,0.0,0.0
0.8,0.05012,0.76755,0.76803,0.0341,0.0343,-0.0,0.0,0.0341,0.0343,7.69e-07,0.0,0.0,0.0
0.8,0.04997,0.76766,0.76813,0.0342,0.0345,-0.0,0.0,0.0342,0.0345,7.61e-07,0.0,0.0,0.0
0.8,0.04982,0.76776,0.76823,0.0342,0.0347,-0.0,0.0,0.0342,0.0347,7.54e-07,0.0,0.0,0.0
0.8,0.04966,0.76786,0.76833,0.0342,0.0349,-0.0,0.0,0.0342,0.0349,7.47e-07,0.0,0.0,0.0
0.8,0.04951,0.76796,0.76843,0.0342,0.0351,-0.0,0.0,0.0342,0.0351,7.39e-07,0.0,0.0,0.0
0.8,0.04935,0.76806,0.76853,0.0342,0.0353,-0.0,0.0,0.0342,0.0353,7.32e-07,0.0,0.0,0.0
0.8,0.0492,0.76816,0.76863,0.0343,0.0355,-0.0,0.0,0.0343,0.0355,7.25e-07,0.0,0.0,0.0
0.8,0.04905,0.76826,0.76873,0.0343,0.0357,-0.0,0.0,0.0343,0.0357,7.17e-07,0.0,0.0,0.0
0.8,0.04889,0.76837,0.76883,0.0343,0.0359,-0.0,0.0,0.0343,0.0359,7.1e-07,0.0,0.0,0.0
0.8,0.04874,0.76847,0.76893,0.0343,0.0361,-0.0,0.0,0.0343,0.0361,7.03e-07,0.0,0.0,0.0
0.8,0.04859,0.76857,0.76903,0.0343,0.0363,-0.0,0.0,0.0343,0.0363,6.96e-07,0.0,0.0,0.0
0.8,0.04843,0.76867,0.76913,0.0344,0.0366,-0.0,0.0,0.0344,0.0366,6.89e-07,0.0,0.0,0.0
0.8,0.04828,0.76877,0.76923,0.0344,0.0368,-0.0,0.0,0.0344,0.0368,6.82e-07,0.0,0.0,0.0
0.8,0.04812,0.76887,0.76933,0.0344,0.037,-0.0,0.0,0.0344,0.037,6.75e-07,0.0,0.0,0.0
0.8,0.04797,0.76897,0.76943,0.0344,0.0372,-0.0,0.0,0.0344,0.0372,6.68e-07,0.0,0.0,0.0
0.8,0.04782,0.76908,0.76953,0.0344,0.0374,-0.0,0.0,0.0344,0.0374,6.62e-07,0.0,0.0,0.0
0.8,0.04766,0.76918,0.76963,0.0345,0.0376,-0.0,0.0,0.0345,0.0376,6.55e-07,0.0,0.0,0.0
0.8,0.04751,0.76928,0.76973,0.0345,0.0379,-0.0,0.0,0.0345,0.0379,6.48e-07,0.0,0.0,0.0
0.8,0.04735,0.76938,0.76983,0.0345,0.0381,-0.0,0.0,0.0345,0.0381,6.41e-07,0.0,0.0,0.0
0.8,0.0472,0.76948,0.76993,0.0345,0.0383,-0.0,0.0,0.0345,0.0383,6.35e-07,0.0,0.0,0.0
0.8,0.04705,0.76958,0.77003,0.0345,0.0386,-0.0,0.0,0.0345,0.0386,6.28e-07,0.0,0.0,0.0
0.8,0.04689,0.76969,0.77013,0.0346,0.0388,-0.0,0.0,0.0346,0.0388,6.22e-07,0.0,0.0,0.0
0.8,0.04674,0.76979,0.77023,0.0346,0.039,-0.0,0.0,0.0346,0.039,6.15e-07,0.0,0.0,0.0
0.8,0.04658,0.76989,0.77033,0.0346,0.0393,-0.0,0.0,0.0346,0.0393,6.09e-07,0.0,0.0,0.0
0.8,0.04643,0.76999,0.77043,0.0347,0.0395,-0.0,0.0,0.0347,0.0395,6.02e-07,0.0,0.0,0.0
0.8,0.04628,0.77009,0.77053,0.0347,0.0397,-0.0,0.0,0.0347,0.0397,5.96e-07,0.0,0.0,0.0
0.8,0.04612,0.77019,0.77063,0.0348,0.0399,-0.0,0.0,0.0348,0.0399,5.9e-07,0.0,0.0,0.0
0.8,0.04597,0.77029,0.77073,0.0348,0.0402,-0.0,0.0,0.0348,0.0402,5.83e-07,0.0,0.0,0.0
0.8,0.04581,0.7704,0.77083,0.0348,0.0404,-0.0,0.0,0.0348,0.0404,5.77e-07,0.0,0.0,0.0
0.8,0.04566,0.7705,0.77093,0.0348,0.0407,-0.0,0.0,0.0348,0.0407,5.71e-07,0.0,0.0,0.0
0.8,0.04551,0.7706,0.77103,0.0348,0.0409,-0.0,0.0,0.0348,0.0409,5.65e-07,0.0,0.0,0.0
0.8,0.04535,0.7707,0.77113,0.0349,0.0412,-0.0,0.0,0.0349,0.0412,5.59e-07,0.0,0.0,0.0
0.8,0.0452,0.7708,0.77123,0.0349,0.0414,-0.0,0.0,0.0349,0.0414,5.53e-07,0.0,0.0,0.0
0.8,0.04504,0.7709,0.77133,0.0349,0.0417,-0.0,0.0,0.0349,0.0417,5.47e-07,0.0,0.0,0.0
0.8,0.04489,0.771,0.77143,0.0349,0.0419,-0.0,0.0,0.0349,0.0419,5.41e-07,0.0,0.0,0.0
0.8,0.04473,0.77111,0.77153,0.0349,0.0422,-0.0,0.0,0.0349,0.0422,5.35e-07,0.0,0.0,0.0
0.8,0.04458,0.77121,0.77163,0.0349,0.0424,-0.0,0.0,0.0349,0.0424,5.29e-07,0.0,0.0,0.0
0.8,0.04443,0.77131,0.77173,0.035,0.0427,-0.0,0.0,0.035,0.0427,5.23e-07,0.0,0.0,0.0
0.8,0.04427,0.77141,0.77183,0.035,0.043,-0.0,0.0,0.035,0.043,5.17e-07,0.0,0.0,0.0
0.8,0.04412,0.77151,0.77193,0.035,0.0433,-0.0,0.0,0.035,0.0433,5.12e-07,0.0,0.0,0.0
0.8,0.04396,0.77161,0.77203,0.035,0.0435,-0.0,0.0,0.035,0.0435,5.06e-07,0.0,0.0,0.0
0.8,0.04381,0.77171,0.77213,0.035,0.0438,-0.0,0.0,0.035,0.0438,5e-07,0.0,0.0,0.0
0.8,0.04365,0.77182,0.77223,0.0351,0.0441,-0.0,0.0,0.0351,0.0441,4.95e-07,0.0,0.0,0.0
0.8,0.0435,0.77192,0.77233,0.0351,0.0444,-0.0,0.0,0.0351,0.0444,4.89e-07,0.0,0.0,0.0
0.8,0.04334,0.77202,0.77243,0.0351,0.0446,-0.0,0.0,0.0351,0.0446,4.84e-07,0.0,0.0,0.0
0.8,0.04319,0.77212,0.77253,0.0351,0.0449,-0.0,0.0,0.0351,0.0449,4.78e-07,0.0,0.0,0.0
0.8,0.04304,0.77222,0.77263,0.0351,0.0452,-0.0,0.0,0.0351,0.0452,4.73e-07,0.0,0.0,0.0
0.8,0.04288,0.77232,0.77273,0.0352,0.0455,-0.0,0.0,0.0352,0.0455,4.67e-07,0.0,0.0,0.0
0.8,0.04273,0.77242,0.77283,0.0352,0.0458,-0.0,0.0,0.0352,0.0458,4.62e-07,0.0,0.0,0.0
0.8,0.04257,0.77253,0.77293,0.0352,0.0461,-0.0,0.0,0.0352,0.0461,4.57e-07,0.0,0.0,0.0
0.8,0.04242,0.77263,0.77303,0.0352,0.0464,-0.0,0.0,0.0352,0.0464,4.51e-07,0.0,0.0,0.0
0.8,0.04226,0.77273,0.77313,0.0352,0.0467,-0.0,0.0,0.0352,0.0467,4.46e-07,0.0,0.0,0.0
0.8,0.04211,0.77283,0.77323,0.0353,0.047,-0.0,0.0,0.0353,0.047,4.41e-07,0.0,0.0,0.0
0.8,0.04195,0.77293,0.77333,0.0353,0.0473,-0.0,0.0,0.0353,0.0473,4.36e-07,0.0,0.0,0.0
0.8,0.0418,0.77303,0.77343,0.0353,0.0476,-0.0,0.0,0.0353,0.0476,4.31e-07,0.0,0.0,0.0
0.8,0.04164,0.77314,0.77353,0.0353,0.0479,-0.0,0.0,0.0353,0.0479,4.26e-07,0.0,0.0,0.0
0.8,0.04149,0.77324,0.77363,0.0353,0.0483,-0.0,0.0,0.0353,0.0483,4.21e-07,0.0,0.0,0.0
0.8,0.04133,0.77334,0.77373,0.0354,0.0486,-0.0,0.0,0.0354,0.0486,4.16e-07,0.0,0.0,0.0
0.8,0.04118,0.77344,0.77383,0.0354,0.0489,-0.0,0.0,0.0354,0.0489,4.11e-07,0.0,0.0,0.0
0.8,0.04103,0.77354,0.77393,0.0354,0.0492,-0.0,0.0,0.0354,0.0492,4.06e-07,0.0,0.0,0.0
0.8,0.04087,0.77364,0.77403,0.0354,0.0495,-0.0,0.0,0.0354,0.0495,4.01e-07,0.0,0.0,0.0
0.8,0.04072,0.77374,0.77413,0.0355,0.0499,-0.0,0.0,0.0355,0.0499,3.96e-07,0.0,0.0,0.0
0.8,0.04056,0.77385,0.77423,0.0355,0.0502,-0.0,0.0,0.0355,0.0502,3.91e-07,0.0,0.0,0.0
0.8,0.04041,0.77395,0.77433,0.0355,0.0506,-0.0,0.0,0.0355,0.0506,3.86e-07,0.0,0.0,0.0
0.8,0.04025,0.77405,0.77443,0.0355,0.0509,-0.0,0.0,0.0355,0.0509,3.82e-07,0.0,0.0,0.0
0.8,0.0401,0.77415,0.77453,0.0355,0.0512,-0.0,0.0,0.0355,0.0512,3.77e-07,0.0,0.0,0.0
0.8,0.03994,0.77425,0.77463,0.0356,0.0516,-0.0,0.0,0.0356,0.0516,3.72e-07,0.0,0.0,0.0
0.8,0.03979,0.77435,0.77473,0.0356,0.0519,-0.0,0.0,0.0356,0.0519,3.68e-07,0.0,0.0,0.0
0.8,0.03963,0.77445,0.77483,0.0356,0.0523,-0.0,0.0,0.0356,0.0523,3.63e-07,0.0,0.0,0.0
0.8,0.03948,0.77456,0.77493,0.0356,0.0526,-0.0,0.0,0.0356,0.0526,3.59e-07,0.0,0.0,0.0
0.8,0.03932,0.77466,0.77503,0.0356,0.053,-0.0,0.0,0.0356,0.053,3.54e-07,0.0,0.0,0.0
0.8,0.03917,0.77476,0.77513,0.0358,0.0533,-0.0,0.0,0.0358,0.0533,3.5e-07,0.0,0.0,0.0
0.8,0.03901,0.77486,0.77523,0.0358,0.0537,-0.0,0.0,0.0358,0.0537,3.45e-07,0.0,0.0,0.0
0.8,0.03886,0.77496,0.77533,0.0358,0.054,-0.0,0.0,0.0358,0.054,3.41e-07,0.0,0.0,0.0
0.8,0.0387,0.77506,0.77543,0.0358,0.0544,-0.0,0.0,0.0358,0.0544,3.37e-07,0.0,0.0,0.0
0.8,0.03855,0.77517,0.77553,0.0358,0.0548,-0.0,0.0,0.0358,0.0548,3.32e-07,0.0,0.0,0.0
0.8,0.03839,0.77527,0.77563,0.0359,0.0551,-0.0,0.0,0.0359,0.0551,3.28e-07,0.0,0.0,0.0
0.8,0.03824,0.77537,0.77573,0.0359,0.0555,-0.0,0.0,0.0359,0.0555,3.24e-07,0.0,0.0,0.0
0.8,0.03808,0.77547,0.77583,0.0359,0.0559,-0.0,0.0,0.0359,0.0559,3.2e-07,0.0,0.0,0.0
0.8,0.03793,0.77557,0.77593,0.0359,0.0563,-0.0,0.0,0.0359,0.0563,3.16e-07,0.0,0.0,0.0
0.8,0.03777,0.77567,0.77603,0.0359,0.0567,-0.0,0.0,0.0359,0.0567,3.12e-07,0.0,0.0,0.0
0.8,0.03762,0.77577,0.77613,0.036,0.0571,-0.0,0.0,0.036,0.0571,3.07e-07,0.0,0.0,0.0
0.8,0.03746,0.77588,0.77623,0.036,0.0574,-0.0,0.0,0.036,0.0574,3.03e-07,0.0,0.0,0.0
0.8,0.0373,0.77598,0.77633,0.036,0.0578,-0.0,0.0,0.036,0.0578,2.99e-07,0.0,0.0,0.0
0.8,0.03715,0.77608,0.77643,0.036,0.0583,-0.0,0.0,0.036,0.0583,2.95e-07,0.0,0.0,0.0
0.8,0.03699,0.77618,0.77653,0.036,0.0587,-0.0,0.0,0.036,0.0587,2.92e-07,0.0,0.0,0.0
0.8,0.03684,0.77628,0.77663,0.0361,0.0591,-0.0,0.0,0.0361,0.0591,2.88e-07,0.0,0.0,0.0
0.8,0.03668,0.77638,0.77673,0.0361,0.0595,-0.0,0.0,0.0361,0.0595,2.84e-07,0.0,0.0,0.0
0.8,0.03653,0.77648,0.77683,0.0361,0.0599,-0.0,0.0,0.0361,0.0599,2.8e-07,0.0,0.0,0.0
0.8,0.03637,0.77659,0.77693,0.0361,0.0603,-0.0,0.0,0.0361,0.0603,2.76e-07,0.0,0.0,0.0
0.8,0.03622,0.77669,0.77703,0.0361,0.0608,-0.0,0.0,0.0361,0.0608,2.72e-07,0.0,0.0,0.0
0.8,0.03606,0.77679,0.77713,0.0362,0.0612,-0.0,0.0,0.0362,0.0612,2.69e-07,0.0,0.0,0.0
0.8,0.03591,0.77689,0.77723,0.0362,0.0616,-0.0,0.0,0.0362,0.0616,2.65e-07,0.0,0.0,0.0
0.8,0.03575,0.77699,0.77733,0.0362,0.0621,-0.0,0.0,0.0362,0.0621,2.61e-07,0.0,0.0,0.0
0.8,0.0356,0.77709,0.77743,0.0362,0.0625,-0.0,0.0,0.0362,0.0625,2.58e-07,0.0,0.0,0.0
0.8,0.03544,0.77719,0.77753,0.0362,0.063,-0.0,0.0,0.0362,0.063,2.54e-07,0.0,0.0,0.0
0.8,0.03528,0.7773,0.77763,0.0363,0.0634,-0.0,0.0,0.0363,0.0634,2.51e-07,0.0,0.0,0.0
0.8,0.03513,0.7774,0.77773,0.0363,0.0639,-0.0,0.0,0.0363,0.0639,2.47e-07,0.0,0.0,0.0
0.8,0.03497,0.7775,0.77783,0.0363,0.0643,-0.0,0.0,0.0363,0.0643,2.44e-07,0.0,0.0,0.0
0.8,0.03482,0.7776,0.77793,0.0363,0.0648,-0.0,0.0,0.0363,0.0648,2.4e-07,0.0,0.0,0.0
0.8,0.03466,0.7777,0.77803,0.0364,0.0653,-0.0,0.0,0.0364,0.0653,2.37e-07,0.0,0.0,0.0
0.8,0.03451,0.7778,0.77813,0.0364,0.0657,-0.0,0.0,0.0364,0.0657,2.33e-07,0.0,0.0,0.0
0.8,0.03435,0.77791,0.77823,0.0364,0.0662,-0.0,0.0,0.0364,0.0662,2.3e-07,0.0,0.0,0.0
0.8,0.0342,0.77801,0.77833,0.0364,0.0667,-0.0,0.0,0.0364,0.0667,2.27e-07,0.0,0.0,0.0
0.8,0.03404,0.77811,0.77843,0.0364,0.0672,-0.0,0.0,0.0364,0.0672,2.23e-07,0.0,0.0,0.0
0.8,0.03388,0.77821,0.77853,0.0365,0.0677,-0.0,0.0,0.0365,0.0677,2.2e-07,0.0,0.0,0.0
0.8,0.03373,0.77831,0.77863,0.0365,0.0682,-0.0,0.0,0.0365,0.0682,2.17e-07,0.0,0.0,0.0
0.8,0.03357,0.77841,0.77873,0.0365,0.0687,-0.0,0.0,0.0365,0.0687,2.14e-07,0.0,0.0,0.0
0.8,0.03342,0.77851,0.77883,0.0365,0.0692,-0.0,0.0,0.0365,0.0692,2.11e-07,0.0,0.0,0.0
0.8,0.03326,0.77862,0.77893,0.0366,0.0697,-0.0,0.0,0.0366,0.0697,2.07e-07,0.0,0.0,0.0
0.8,0.03311,0.77872,0.77903,0.0366,0.0702,-0.0,0.0,0.0366,0.0702,2.04e-07,0.0,0.0,0.0
0.8,0.03295,0.77882,0.77913,0.0366,0.0707,-0.0,0.0,0.0366,0.0707,2.01e-07,0.0,0.0,0.0
0.8,0.03279,0.77892,0.77923,0.0366,0.0713,-0.0,0.0,0.0366,0.0713,1.98e-07,0.0,0.0,0.0
0.8,0.03264,0.77902,0.77933,0.0366,0.0718,-0.0,0.0,0.0366,0.0718,1.95e-07,0.0,0.0,0.0
0.8,0.03248,0.77912,0.77943,0.0367,0.0723,-0.0,0.0,0.0367,0.0723,1.92e-07,0.0,0.0,0.0
0.8,0.03233,0.77922,0.77953,0.0367,0.0729,-0.0,0.0,0.0367,0.0729,1.89e-07,0.0,0.0,0.0
0.8,0.03217,0.77933,0.77963,0.0367,0.0734,-0.0,0.0,0.0367,0.0734,1.86e-07,0.0,0.0,0.0
0.8,0.03201,0.77943,0.77973,0.0368,0.0739,-0.0,0.0,0.0368,0.0739,1.84e-07,0.0,0.0,0.0
0.8,0.03186,0.77953,0.77983,0.0369,0.0744,-0.0,0.0,0.0369,0.0744,1.81e-07,0.0,0.0,0.0
0.8,0.0317,0.77963,0.77993,0.0369,0.075,-0.0,0.0,0.0369,0.075,1.78e-07,0.0,0.0,0.0
0.8,0.03155,0.77973,0.78003,0.0369,0.0755,-0.0,0.0,0.0369,0.0755,1.75e-07,0.0,0.0,0.0
0.8,0.03139,0.77983,0.78013,0.0369,0.0761,-0.0,0.0,0.0369,0.0761,1.72e-07,0.0,0.0,0.0
0.8,0.03123,0.77994,0.78023,0.0369,0.0766,-0.0,0.0,0.0369,0.0766,1.7e-07,0.0,0.0,0.0
0.8,0.03108,0.78004,0.78033,0.037,0.0772,-0.0,0.0,0.037,0.0772,1.67e-07,0.0,0.0,0.0
0.8,0.03092,0.78014,0.78043,0.037,0.0778,-0.0,0.0,0.037,0.0778,1.64e-07,0.0,0.0,0.0
0.8,0.03077,0.78024,0.78053,0.037,0.0784,-0.0,0.0,0.037,0.0784,1.62e-07,0.0,0.0,0.0
0.8,0.03061,0.78034,0.78063,0.037,0.079,-0.0,0.0,0.037,0.079,1.59e-07,0.0,0.0,0.0
0.8,0.03045,0.78044,0.78073,0.037,0.0795,-0.0,0.0,0.037,0.0795,1.56e-07,0.0,0.0,0.0
0.8,0.0303,0.78054,0.78083,0.0371,0.0801,-0.0,0.0,0.0371,0.0801,1.54e-07,0.0,0.0,0.0
0.8,0.03014,0.78065,0.78093,0.0371,0.0808,-0.0,0.0,0.0371,0.0808,1.51e-07,0.0,0.0,0.0
0.8,0.02999,0.78075,0.78103,0.0371,0.0814,-0.0,0.0,0.0371,0.0814,1.49e-07,0.0,0.0,0.0
0.8,0.02983,0.78085,0.78113,0.0371,0.082,-0.0,0.0,0.0371,0.082,1.46e-07,0.0,0.0,0.0
0.8,0.02967,0.78095,0.78123,0.0371,0.0826,-0.0,0.0,0.0371,0.0826,1.44e-07,0.0,0.0,0.0
0.8,0.02952,0.78105,0.78133,0.0372,0.0832,-0.0,0.0,0.0372,0.0832,1.41e-07,0.0,0.0,0.0
0.8,0.02936,0.78115,0.78143,0.0372,0.0839,-0.0,0.0,0.0372,0.0839,1.39e-07,0.0,0.0,0.0
0.8,0.0292,0.78125,0.78153,0.0372,0.0845,-0.0,0.0,0.0372,0.0845,1.37e-07,0.0,0.0,0.0
0.8,0.02905,0.78136,0.78163,0.0372,0.0852,-0.0,0.0,0.0372,0.0852,1.34e-07,0.0,0.0,0.0
0.8,0.02889,0.78146,0.78173,0.0373,0.0858,-0.0,0.0,0.0373,0.0858,1.32e-07,0.0,0.0,0.0
0.8,0.02873,0.78156,0.78183,0.0373,0.0865,-0.0,0.0,0.0373,0.0865,1.3e-07,0.0,0.0,0.0
0.8,0.02858,0.78166,0.78193,0.0373,0.0872,-0.0,0.0,0.0373,0.0872,1.27e-07,0.0,0.0,0.0
0.8,0.02842,0.78176,0.78203,0.0373,0.0878,-0.0,0.0,0.0373,0.0878,1.25e-07,0.0,0.0,0.0
0.8,0.02827,0.78186,0.78213,0.0373,0.0885,-0.0,0.0,0.0373,0.0885,1.23e-07,0.0,0.0,0.0
0.8,0.02811,0.78197,0.78223,0.0374,0.0892,-0.0,0.0,0.0374,0.0892,1.21e-07,0.0,0.0,0.0
0.8,0.02795,0.78207,0.78233,0.0374,0.0899,-0.0,0.0,0.0374,0.0899,1.19e-07,0.0,0.0,0.0
0.8,0.0278,0.78217,0.78243,0.0374,0.0906,-0.0,0.0,0.0374,0.0906,1.17e-07,0.0,0.0,0.0
0.8,0.02764,0.78227,0.78253,0.0374,0.0913,-0.0,0.0,0.0374,0.0913,1.14e-07,0.0,0.0,0.0
0.8,0.02748,0.78237,0.78263,0.0375,0.092,-0.0,0.0,0.0375,0.092,1.12e-07,0.0,0.0,0.0
0.8,0.02733,0.78247,0.78273,0.0375,0.0927,-0.0,0.0,0.0375,0.0927,1.1e-07,0.0,0.0,0.0
0.8,0.02717,0.78257,0.78283,0.0375,0.0935,-0.0,0.0,0.0375,0.0935,1.08e-07,0.0,0.0,0.0
0.8,0.02701,0.78268,0.78293,0.0375,0.0942,-0.0,0.0,0.0375,0.0942,1.06e-07,0.0,0.0,0.0
0.8,0.02686,0.78278,0.78303,0.0375,0.095,-0.0,0.0,0.0375,0.095,1.04e-07,0.0,0.0,0.0
0.8,0.0267,0.78288,0.78313,0.0376,0.0957,-0.0,0.0,0.0376,0.0957,1.02e-07,0.0,0.0,0.0
0.8,0.02654,0.78298,0.78323,0.0376,0.0965,-0.0,0.0,0.0376,0.0965,1e-07,0.0,0.0,0.0
0.8,0.02639,0.78308,0.78333,0.0376,0.0972,-0.0,0.0,0.0376,0.0972,9.86e-08,0.0,0.0,0.0
0.8,0.02623,0.78318,0.78343,0.0376,0.098,-0.0,0.0,0.0376,0.098,9.67e-08,0.0,0.0,0.0
0.8,0.02607,0.78328,0.78353,0.0377,0.0988,-0.0,0.0,0.0377,0.0988,9.48e-08,0.0,0.0,0.0
0.8,0.02592,0.78339,0.78363,0.0377,0.0996,-0.0,0.0,0.0377,0.0996,9.3e-08,0.0,0.0,0.0
0.8,0.02576,0.78349,0.78373,0.0377,0.1,-0.0,0.0,0.0377,0.1,9.12e-08,0.0,0.0,0.0
0.8,0.0256,0.78359,0.78383,0.0377,0.101,-0.0,0.0,0.0377,0.101,8.94e-08,0.0,0.0,0.0
0.8,0.02545,0.78369,0.78393,0.0378,0.102,-0.0,0.0,0.0378,0.102,8.77e-08,0.0,0.0,0.0
0.8,0.02529,0.78379,0.78403,0.0378,0.103,-0.0,0.0,0.0378,0.103,8.59e-08,0.0,0.0,0.0
0.8,0.02513,0.78389,0.78413,0.0378,0.104,-0.0,0.0,0.0378,0.104,8.42e-08,0.0,0.0,0.0
0.8,0.02498,0.784,0.78423,0.0378,0.104,-0.0,0.0,0.0378,0.104,8.25e-08,0.0,0.0,0.0
0.8,0.02482,0.7841,0.78433,0.038,0.105,-0.0,0.0,0.038,0.105,8.09e-08,0.0,0.0,0.0
0.8,0.02466,0.7842,0.78443,0.038,0.106,-0.0,0.0,0.038,0.106,7.92e-08,0.0,0.0,0.0
0.8,0.02451,0.7843,0.78453,0.038,0.107,-0.0,0.0,0.038,0.107,7.76e-08,0.0,0.0,0.0
0.8,0.02435,0.7844,0.78463,0.038,0.108,-0.0,0.0,0.038,0.108,7.6e-08,0.0,0.0,0.0
0.8,0.02419,0.7845,0.78473,0.038,0.109,-0.0,0.0,0.038,0.109,7.44e-08,0.0,0.0,0.0
0.8,0.02403,0.7846,0.78483,0.0381,0.109,-0.0,0.0,0.0381,0.109,7.29e-08,0.0,0.0,0.0
0.8,0.02388,0.78471,0.78493,0.0381,0.11,-0.0,0.0,0.0381,0.11,7.14e-08,0.0,0.0,0.0
0.8,0.02372,0.78481,0.78503,0.0381,0.111,-0.0,0.0,0.0381,0.111,6.98e-08,0.0,0.0,0.0
0.8,0.02356,0.78491,0.78513,0.0381,0.112,-0.0,0.0,0.0381,0.112,6.84e-08,0.0,0.0,0.0
0.8,0.02341,0.78501,0.78523,0.0382,0.113,-0.0,0.0,0.0382,0.113,6.69e-08,0.0,0.0,0.0
0.8,0.02325,0.78511,0.78533,0.0382,0.114,-0.0,0.0,0.0382,0.114,6.55e-08,0.0,0.0,0.0
0.8,0.02309,0.78521,0.78543,0.0382,0.115,-0.0,0.0,0.0382,0.115,6.4e-08,0.0,0.0,0.0
0.8,0.02294,0.78531,0.78553,0.0382,0.116,-0.0,0.0,0.0382,0.116,6.26e-08,0.0,0.0,0.0
0.8,0.02278,0.78542,0.78563,0.0382,0.117,-0.0,0.0,0.0382,0.117,6.12e-08,0.0,0.0,0.0
0.8,0.02262,0.78552,0.78573,0.0383,0.118,-0.0,0.0,0.0383,0.118,5.99e-08,0.0,0.0,0.0
0.8,0.02246,0.78562,0.78583,0.0383,0.119,-0.0,0.0,0.0383,0.119,5.85e-08,0.0,0.0,0.0
0.8,0.02231,0.78572,0.78593,0.0383,0.12,-0.0,0.0,0.0383,0.12,5.72e-08,0.0,0.0,0.0
0.8,0.02215,0.78582,0.78603,0.0383,0.121,-0.0,0.0,0.0383,0.121,5.59e-08,0.0,0.0,0.0
0.8,0.02199,0.78592,0.78613,0.0384,0.122,-0.0,0.0,0.0384,0.122,5.46e-08,0.0,0.0,0.0
0.8,0.02184,0.78603,0.78623,0.0384,0.123,-0.0,0.0,0.0384,0.123,5.34e-08,0.0,0.0,0.0
0.8,0.02168,0.78613,0.78633,0.0384,0.124,-0.0,0.0,0.0384,0.124,5.21e-08,0.0,0.0,0.0
0.8,0.02152,0.78623,0.78643,0.0384,0.125,-0.0,0.0,0.0384,0.125,5.09e-08,0.0,0.0,0.0
0.8,0.02136,0.78633,0.78653,0.0385,0.126,-0.0,0.0,0.0385,0.126,4.97e-08,0.0,0.0,0.0
0.8,0.02121,0.78643,0.78663,0.0385,0.127,-0.0,0.0,0.0385,0.127,4.85e-08,0.0,0.0,0.0
0.8,0.02105,0.78653,0.78673,0.0385,0.128,-0.0,0.0,0.0385,0.128,4.74e-08,0.0,0.0,0.0
0.8,0.02089,0.78663,0.78683,0.0385,0.129,-0.0,0.0,0.0385,0.129,4.62e-08,0.0,0.0,0.0
0.8,0.02073,0.78674,0.78693,0.0385,0.13,-0.0,0.0,0.0385,0.13,4.51e-08,0.0,0.0,0.0
0.8,0.02058,0.78684,0.78703,0.0386,0.131,-0.0,0.0,0.0386,0.131,4.4e-08,0.0,0.0,0.0
0.8,0.02042,0.78694,0.78713,0.0386,0.132,-0.0,0.0,0.0386,0.132,4.29e-08,0.0,0.0,0.0
0.8,0.02026,0.78704,0.78723,0.0386,0.133,-0.0,0.0,0.0386,0.133,4.18e-08,0.0,0.0,0.0
0.8,0.0201,0.78714,0.78733,0.0386,0.134,-0.0,0.0,0.0386,0.134,4.08e-08,0.0,0.0,0.0
0.8,0.01995,0.78724,0.78743,0.0387,0.135,-0.0,0.0,0.0387,0.135,3.98e-08,0.0,0.0,0.0
0.8,0.01979,0.78734,0.78753,0.0387,0.137,-0.0,0.0,0.0387,0.137,3.87e-08,0.0,0.0,0.0
0.8,0.01963,0.78745,0.78763,0.0387,0.138,-0.0,0.0,0.0387,0.138,3.77e-08,0.0,0.0,0.0
0.8,0.01947,0.78755,0.78773,0.0387,0.139,-0.0,0.0,0.0387,0.139,3.68e-08,0.0,0.0,0.0
0.8,0.01932,0.78765,0.78783,0.0388,0.14,-0.0,0.0,0.0388,0.14,3.58e-08,0.0,0.0,0.0
0.8,0.01916,0.78775,0.78793,0.0388,0.141,-0.0,0.0,0.0388,0.141,3.49e-08,0.0,0.0,0.0
0.8,0.019,0.78785,0.78803,0.0388,0.142,-0.0,0.0,0.0388,0.142,3.39e-08,0.0,0.0,0.0
0.8,0.01884,0.78795,0.78813,0.0388,0.144,-0.0,0.0,0.0388,0.144,3.3e-08,0.0,0.0,0.0
0.8,0.01869,0.78806,0.78823,0.0389,0.145,-0.0,0.0,0.0389,0.145,3.21e-08,0.0,0.0,0.0
0.8,0.01853,0.78816,0.78833,0.0389,0.146,-0.0,0.0,0.0389,0.146,3.12e-08,0.0,0.0,0.0
0.8,0.01837,0.78826,0.78843,0.0389,0.147,-0.0,0.0,0.0389,0.147,3.04e-08,0.0,0.0,0.0
0.8,0.01821,0.78836,0.78853,0.0389,0.149,-0.0,0.0,0.0389,0.149,2.95e-08,0.0,0.0,0.0
0.8,0.01806,0.78846,0.78863,0.039,0.15,-0.0,0.0,0.039,0.15,2.87e-08,0.0,0.0,0.0
0.8,0.0179,0.78856,0.78873,0.039,0.151,-0.0,0.0,0.039,0.151,2.79e-08,0.0,0.0,0.0
0.8,0.01774,0.78866,0.78883,0.0391,0.153,-0.0,0.0,0.0391,0.153,2.71e-08,0.0,0.0,0.0
0.8,0.01758,0.78877,0.78893,0.0391,0.154,-0.0,0.0,0.0391,0.154,2.63e-08,0.0,0.0,0.0
0.8,0.01742,0.78887,0.78903,0.0392,0.155,-0.0,0.0,0.0392,0.155,2.55e-08,0.0,0.0,0.0
0.8,0.01727,0.78897,0.78913,0.0392,0.156,-0.0,0.0,0.0392,0.156,2.48e-08,0.0,0.0,0.0
0.8,0.01711,0.78907,0.78923,0.0392,0.158,-0.0,0.0,0.0392,0.158,2.41e-08,0.0,0.0,0.0
0.8,0.01695,0.78917,0.78933,0.0392,0.159,-0.0,0.0,0.0392,0.159,2.33e-08,0.0,0.0,0.0
0.8,0.01679,0.78927,0.78943,0.0393,0.16,-0.0,0.0,0.0393,0.16,2.26e-08,0.0,0.0,0.0
0.8,0.01664,0.78938,0.78953,0.0393,0.162,-0.0,0.0,0.0393,0.162,2.19e-08,0.0,0.0,0.0
0.8,0.01648,0.78948,0.78963,0.0393,0.163,-0.0,0.0,0.0393,0.163,2.13e-08,0.0,0.0,0.0
0.8,0.01632,0.78958,0.78973,0.0393,0.165,-0.0,0.0,0.0393,0.165,2.06e-08,0.0,0.0,0.0
0.8,0.01616,0.78968,0.78983,0.0394,0.166,-0.0,0.0,0.0394,0.166,1.99e-08,0.0,0.0,0.0
0.8,0.016,0.78978,0.78993,0.0394,0.167,-0.0,0.0,0.0394,0.167,1.93e-08,0.0,0.0,0.0
0.8,0.01585,0.78988,0.79003,0.0394,0.169,-0.0,0.0,0.0394,0.169,1.87e-08,0.0,0.0,0.0
0.8,0.01569,0.78998,0.79013,0.0394,0.17,-0.0,0.0,0.0394,0.17,1.81e-08,0.0,0.0,0.0
0.8,0.01553,0.79009,0.79023,0.0394,0.172,-0.0,0.0,0.0394,0.172,1.75e-08,0.0,0.0,0.0
0.8,0.01537,0.79019,0.79033,0.0395,0.173,-0.0,0.0,0.0395,0.173,1.69e-08,0.0,0.0,0.0
0.8,0.01521,0.79029,0.79043,0.0395,0.175,-0.0,0.0,0.0395,0.175,1.63e-08,0.0,0.0,0.0
0.8,0.01506,0.79039,0.79053,0.0395,0.177,-0.0,0.0,0.0395,0.177,1.58e-08,0.0,0.0,0.0
0.8,0.0149,0.79049,0.79063,0.0395,0.178,-0.0,0.0,0.0395,0.178,1.52e-08,0.0,0.0,0.0
0.8,0.01474,0.79059,0.79073,0.0396,0.18,-0.0,0.0,0.0396,0.18,1.47e-08,0.0,0.0,0.0
0.8,0.01458,0.79069,0.79083,0.0396,0.181,-0.0,0.0,0.0396,0.181,1.42e-08,0.0,0.0,0.0
0.8,0.01442,0.7908,0.79093,0.0396,0.183,-0.0,0.0,0.0396,0.183,1.37e-08,0.0,0.0,0.0
0.8,0.01426,0.7909,0.79103,0.0396,0.185,-0.0,0.0,0.0396,0.185,1.32e-08,0.0,0.0,0.0
0.8,0.01411,0.791,0.79113,0.0397,0.186,-0.0,0.0,0.0397,0.186,1.27e-08,0.0,0.0,0.0
0.8,0.01395,0.7911,0.79123,0.0397,0.188,-0.0,0.0,0.0397,0.188,1.23e-08,0.0,0.0,0.0
0.8,0.01379,0.7912,0.79133,0.0397,0.19,-0.0,0.0,0.0397,0.19,1.18e-08,0.0,0.0,0.0
0.8,0.01363,0.7913,0.79143,0.0397,0.192,-0.0,0.0,0.0397,0.192,1.14e-08,0.0,0.0,0.0
0.8,0.01347,0.79141,0.79153,0.0398,0.193,-0.0,0.0,0.0398,0.193,1.09e-08,0.0,0.0,0.0
0.8,0.01331,0.79151,0.79163,0.0398,0.195,-0.0,0.0,0.0398,0.195,1.05e-08,0.0,0.0,0.0
0.8,0.01316,0.79161,0.79173,0.0398,0.197,-0.0,0.0,0.0398,0.197,1.01e-08,0.0,0.0,0.0
0.8,0.013,0.79171,0.79183,0.0398,0.199,-0.0,0.0,0.0398,0.199,9.7e-09,0.0,0.0,0.0
0.8,0.01284,0.79181,0.79193,0.0399,0.201,-0.0,0.0,0.0399,0.201,9.32e-09,0.0,0.0,0.0
0.8,0.01268,0.79191,0.79203,0.0399,0.202,-0.0,0.0,0.0399,0.202,8.94e-09,0.0,0.0,0.0
0.8,0.01252,0.79201,0.79213,0.0399,0.204,-0.0,0.0,0.0399,0.204,8.57e-09,0.0,0.0,0.0
0.8,0.01236,0.79212,0.79223,0.0399,0.206,-0.0,0.0,0.0399,0.206,8.22e-09,0.0,0.0,0.0
0.8,0.01221,0.79222,0.79233,0.04,0.208,-0.0,0.0,0.04,0.208,7.87e-09,0.0,0.0,0.0
0.8,0.01205,0.79232,0.79243,0.04,0.21,-0.0,0.0,0.04,0.21,7.54e-09,0.0,0.0,0.0
0.8,0.01189,0.79242,0.79253,0.04,0.212,-0.0,0.0,0.04,0.212,7.21e-09,0.0,0.0,0.0
0.8,0.01173,0.79252,0.79263,0.04,0.214,-0.0,0.0,0.04,0.214,6.9e-09,0.0,0.0,0.0
0.8,0.01157,0.79262,0.79273,0.0401,0.216,-0.0,0.0,0.0401,0.216,6.59e-09,0.0,0.0,0.0
0.8,0.01141,0.79273,0.79283,0.0401,0.218,-0.0,0.0,0.0401,0.218,6.29e-09,0.0,0.0,0.0
0.8,0.01125,0.79283,0.79293,0.0401,0.221,-0.0,0.0,0.0401,0.221,6.01e-09,0.0,0.0,0.0
0.8,0.0111,0.79293,0.79303,0.0401,0.223,-0.0,0.0,0.0401,0.223,5.73e-09,0.0,0.0,0.0
0.8,0.01094,0.79303,0.79313,0.0401,0.225,-0.0,0.0,0.0401,0.225,5.46e-09,0.0,0.0,0.0
0.8,0.01078,0.79313,0.79323,0.0402,0.227,-0.0,0.0,0.0402,0.227,5.2e-09,0.0,0.0,0.0
0.8,0.01062,0.79323,0.79333,0.0402,0.229,-0.0,0.0,0.0402,0.229,4.95e-09,0.0,0.0,0.0
0.8,0.01046,0.79333,0.79343,0.0403,0.232,-0.0,0.0,0.0403,0.232,4.7e-09,0.0,0.0,0.0
0.8,0.0103,0.79344,0.79353,0.0404,0.234,-0.0,0.0,0.0404,0.234,4.47e-09,0.0,0.0,0.0
0.8,0.01014,0.79354,0.79363,0.0404,0.236,-0.0,0.0,0.0404,0.236,4.24e-09,0.0,0.0,0.0
0.8,0.00999,0.79364,0.79373,0.0404,0.238,-0.0,0.0,0.0404,0.238,4.02e-09,0.0,0.0,0.0
0.8,0.00983,0.79374,0.79383,0.0404,0.241,-0.0,0.0,0.0404,0.241,3.81e-09,0.0,0.0,0.0
0.8,0.00967,0.79384,0.79393,0.0404,0.243,-0.0,0.0,0.0404,0.243,3.61e-09,0.0,0.0,0.0
0.8,0.00951,0.79394,0.79403,0.0405,0.246,-0.0,0.0,0.0405,0.246,3.42e-09,0.0,0.0,0.0
0.8,0.00935,0.79404,0.79413,0.0405,0.248,-0.0,0.0,0.0405,0.248,3.23e-09,0.0,0.0,0.0
0.8,0.00919,0.79415,0.79423,0.0405,0.251,-0.0,0.0,0.0405,0.251,3.05e-09,0.0,0.0,0.0
0.8,0.00903,0.79425,0.79433,0.0405,0.253,-0.0,0.0,0.0405,0.253,2.87e-09,0.0,0.0,0.0
0.8,0.00887,0.79435,0.79443,0.0406,0.256,-0.0,0.0,0.0406,0.256,2.71e-09,0.0,0.0,0.0
0.8,0.00871,0.79445,0.79453,0.0406,0.259,-0.0,0.0,0.0406,0.259,2.55e-09,0.0,0.0,0.0
0.8,0.00856,0.79455,0.79463,0.0406,0.261,-0.0,0.0,0.0406,0.261,2.39e-09,0.0,0.0,0.0
0.8,0.0084,0.79465,0.79473,0.0406,0.264,-0.0,0.0,0.0406,0.264,2.25e-09,0.0,0.0,0.0
0.8,0.00824,0.79476,0.79483,0.0406,0.267,-0.0,0.0,0.0406,0.267,2.11e-09,0.0,0.0,0.0
0.8,0.00808,0.79486,0.79493,0.0407,0.27,-0.0,0.0,0.0407,0.27,1.97e-09,0.0,0.0,0.0
0.8,0.00792,0.79496,0.79503,0.0407,0.273,-0.0,0.0,0.0407,0.273,1.84e-09,0.0,0.0,0.0
0.8,0.00776,0.79506,0.79513,0.0407,0.276,-0.0,0.0,0.0407,0.276,1.72e-09,0.0,0.0,0.0
0.8,0.0076,0.79516,0.79523,0.0407,0.279,-0.0,0.0,0.0407,0.279,1.61e-09,0.0,0.0,0.0
0.8,0.00744,0.79526,0.79533,0.0407,0.282,-0.0,0.0,0.0407,0.282,1.5e-09,0.0,0.0,0.0
0.8,0.00728,0.79536,0.79543,0.0408,0.286,-0.0,0.0,0.0408,0.286,1.39e-09,0.0,0.0,0.0
0.8,0.00712,0.79547,0.79553,0.0408,0.289,-0.0,0.0,0.0408,0.289,1.29e-09,0.0,0.0,0.0
0.8,0.00697,0.79557,0.79563,0.0408,0.292,-0.0,0.0,0.0408,0.292,1.19e-09,0.0,0.0,0.0
0.8,0.00681,0.79567,0.79573,0.0408,0.296,-0.0,0.0,0.0408,0.296,1.1e-09,0.0,0.0,0.0
0.8,0.00665,0.79577,0.79583,0.0408,0.299,-0.0,0.0,0.0408,0.299,1.02e-09,0.0,0.0,0.0
0.8,0.00649,0.79587,0.79593,0.0409,0.303,-0.0,0.0,0.0409,0.303,9.39e-10,0.0,0.0,0.0
0.8,0.00633,0.79597,0.79603,0.0409,0.307,-0.0,0.0,0.0409,0.307,8.63e-10,0.0,0.0,0.0
0.8,0.00617,0.79608,0.79613,0.0409,0.311,-0.0,0.0,0.0409,0.311,7.91e-10,0.0,0.0,0.0
0.8,0.00601,0.79618,0.79623,0.0409,0.314,-0.0,0.0,0.0409,0.314,7.24e-10,0.0,0.0,0.0
0.8,0.00585,0.79628,0.79633,0.0409,0.319,-0.0,0.0,0.0409,0.319,6.61e-10,0.0,0.0,0.0
0.8,0.00569,0.79638,0.79643,0.041,0.323,-0.0,0.0,0.041,0.323,6.02e-10,0.0,0.0,0.0
0.8,0.00553,0.79648,0.79653,0.041,0.327,-0.0,0.0,0.041,0.327,5.46e-10,0.0,0.0,0.0
0.8,0.00537,0.79658,0.79663,0.041,0.331,-0.0,0.0,0.041,0.331,4.94e-10,0.0,0.0,0.0
0.8,0.00521,0.79668,0.79673,0.041,0.336,-0.0,0.0,0.041,0.336,4.46e-10,0.0,0.0,0.0
0.8,0.00505,0.79679,0.79683,0.041,0.341,-0.0,0.0,0.041,0.341,4.01e-10,0.0,0.0,0.0
0.8,0.0049,0.79689,0.79693,0.041,0.346,-0.0,0.0,0.041,0.346,3.6e-10,0.0,0.0,0.0
0.8,0.00474,0.79699,0.79703,0.0411,0.351,-0.0,0.0,0.0411,0.351,3.21e-10,0.0,0.0,0.0
0.8,0.00458,0.79709,0.79713,0.0411,0.356,-0.0,0.0,0.0411,0.356,2.86e-10,0.0,0.0,0.0
0.8,0.00442,0.79719,0.79723,0.0411,0.362,-0.0,0.0,0.0411,0.362,2.53e-10,0.0,0.0,0.0
0.8,0.00426,0.79729,0.79733,0.0411,0.367,-0.0,0.0,0.0411,0.367,2.23e-10,0.0,0.0,0.0
0.8,0.0041,0.7974,0.79743,0.0411,0.373,-0.0,0.0,0.0411,0.373,1.96e-10,0.0,0.0,0.0
0.8,0.00394,0.7975,0.79753,0.0411,0.38,-0.0,0.0,0.0411,0.38,1.71e-10,0.0,0.0,0.0
0.8,0.00378,0.7976,0.79763,0.0411,0.386,-0.0,0.0,0.0411,0.386,1.48e-10,0.0,0.0,0.0
0.8,0.00362,0.7977,0.79773,0.0411,0.393,-0.0,0.0,0.0411,0.393,1.28e-10,0.0,0.0,0.0
0.8,0.00346,0.7978,0.79783,0.0411,0.4,-0.0,0.0,0.0411,0.4,1.1e-10,0.0,0.0,0.0
0.8,0.0033,0.7979,0.79793,0.0411,0.408,-0.0,0.0,0.0411,0.408,9.32e-11,0.0,0.0,0.0
0.8,0.00314,0.798,0.79803,0.0413,0.416,-0.0,0.0,0.0413,0.416,7.86e-11,0.0,0.0,0.0
0.8,0.00298,0.79811,0.79813,0.0413,0.425,-0.0,0.0,0.0413,0.425,6.57e-11,0.0,0.0,0.0
0.8,0.00282,0.79821,0.79823,0.0413,0.434,-0.0,0.0,0.0413,0.434,5.44e-11,0.0,0.0,0.0
0.8,0.00266,0.79831,0.79833,0.0413,0.444,-0.0,0.0,0.0413,0.444,4.45e-11,0.0,0.0,0.0
0.8,0.0025,0.79841,0.79843,0.0413,0.455,-0.0,0.0,0.0413,0.455,3.6e-11,0.0,0.0,0.0
0.8,0.00234,0.79851,0.79853,0.0413,0.466,-0.0,0.0,0.0413,0.466,2.86e-11,0.0,0.0,0.0
0.8,0.00218,0.79861,0.79863,0.0413,0.479,-0.0,0.0,0.0413,0.479,2.25e-11,0.0,0.0,0.0
0.8,0.00202,0.79872,0.79873,0.0412,0.493,-0.0,0.0,0.0412,0.493,1.73e-11,0.0,0.0,0.0
0.8,0.00186,0.79882,0.79883,0.0412,0.509,-0.0,0.0,0.0412,0.509,1.3e-11,0.0,0.0,0.0
0.8,0.0017,0.79892,0.79893,0.0412,0.527,-0.0,0.0,0.0412,0.527,9.55e-12,0.0,0.0,0.0
0.8,0.00154,0.79902,0.79903,0.0412,0.548,-0.0,0.0,0.0412,0.548,6.8e-12,0.0,0.0,0.0
0.8,0.00138,0.79912,0.79913,0.0412,0.571,-0.0,0.0,0.0412,0.571,4.66e-12,0.0,0.0,0.0
0.8,0.00122,0.79922,0.79923,0.0412,0.599,-0.0,0.0,0.0412,0.599,3.05e-12,0.0,0.0,0.0
0.8,0.00106,0.79932,0.79933,0.0411,0.633,-0.0,0.0,0.0411,0.633,0.0,0.0,0.0,0.0
0.8,0.0009,0.79943,0.79943,0.0411,0.676,-0.0,0.0,0.0411,0.676,0.0,0.0,0.0,0.0
0.8,0.00074,0.79953,0.79953,0.0411,0.732,-0.0,0.0,0.0411,0.732,0.0,0.0,0.0,0.0
0.8,0.00058,0.79963,0.79963,0.041,0.81,-0.0,0.0,0.041,0.81,0.0,0.0,0.0,0.0
0.8,0.00042,0.79973,0.79973,0.041,0.93,-0.0,0.0,0.041,0.93,0.0,0.0,0.0,0.0
0.8,0.00026,0.79983,0.79983,0.041,1.15,-0.0,0.0,0.041,1.15,0.0,0.0,0.0,0.0
0.8,0.0001,0.79993,0.79993,0.041,1.83,-0.0,0.0,0.041,1.83,0.0,0.0,0.0,0.0
