qv,q2,ex,nu,RTTOT,RLTOT,RTQE,RLQE,RTIE,RLIE,RTE,RLE,RTNS,RLNS
0.205,0.04202,-0.00178,0.0001,1.276107e-10,1.751887e-08,0.0,0.0,-0.0,-0.0,0.0,0.0,1.276107e-10,1.751887e-08
0.205,0.04202,-0.00168,0.0002,1.384905e-10,1.890091e-08,0.0,0.0,-0.0,-0.0,0.0,0.0,1.384905e-10,1.890091e-08
0.205,0.04202,-0.00158,0.0003,1.50261e-10,2.03894e-08,0.0,0.0,-0.0,-0.0,0.0,0.0,1.50261e-10,2.03894e-08
0.205,0.04202,-0.00148,0.0004,1.629918e-10,2.199229e-08,0.0,0.0,-0.0,-0.0,0.0,0.0,1.629918e-10,2.199229e-08
0.205,0.04202,-0.00138,0.0005,1.767579e-10,2.371807e-08,0.0,0.0,-0.0,-0.0,0.0,0.0,1.767579e-10,2.371807e-08
0.205,0.04202,-0.00128,0.0006,1.916395e-10,2.557587e-08,0.0,0.0,-0.0,-0.0,0.0,0.0,1.916395e-10,2.557587e-08
0.205,0.04202,-0.00118,0.0007,2.077231e-10,2.757545e-08,0.0,0.0,-0.0,-0.0,0.0,0.0,2.077231e-10,2.757545e-08
0.205,0.04202,-0.00108,0.0008,2.251012e-10,2.972729e-08,0.0,0.0,-0.0,-0.0,0.0,0.0,2.251012e-10,2.972729e-08
0.205,0.04202,-0.00098,0.0009,2.438733e-10,3.204258e-08,0.0,0.0,-0.0,-0.0,0.0,0.0,2.438733e-10,3.204258e-08
0.205,0.04202,-0.00088,0.001,2.641461e-10,3.453331e-08,0.0,0.0,-0.0,-0.0,0.0,0.0,2.641461e-10,3.453331e-08
0.205,0.04202,-0.00078,0.0011,2.860338e-10,3.721231e-08,0.0,0.0,-0.0,-0.0,0.0,0.0,2.860338e-10,3.721231e-08
0.205,0.04202,-0.00068,0.0012,3.096591e-10,4.009331e-08,0.0,0.0,-0.0,-0.0,0.0,0.0,3.096591e-10,4.009331e-08
0.205,0.04202,-0.00058,0.0013,3.351535e-10,4.319099e-08,0.0,0.0,-0.0,-0.0,0.0,0.0,3.351535e-10,4.319099e-08
0.205,0.04202,-0.00048,0.0014,3.626578e-10,4.652107e-08,0.0,0.0,-0.0,-0.0,0.0,0.0,3.626578e-10,4.652107e-08
0.205,0.04202,-0.00038,0.0015,3.923228e-10,5.010034e-08,0.0,0.0,0.0,0.0,0.0,0.0,3.923228e-10,5.010034e-08
0.205,0.04202,-0.00028,0.0016,4.243102e-10,5.394674e-08,0.0,0.0,0.0,0.0,0.0,0.0,4.243102e-10,5.394674e-08
0.205,0.04202,-0.00018,0.0017,4.58793e-10,5.807945e-08,0.0,0.0,0.0,0.0,0.0,0.0,4.58793e-10,5.807945e-08
0.205,0.04202,-8e-05,0.0018,4.959563e-10,6.251899e-08,0.0,0.0,0.0,0.0,0.0,0.0,4.959563e-10,6.251899e-08
0.205,0.04202,2e-05,0.0019,5.359982e-10,6.728723e-08,0.0,0.0,0.0,0.0,0.0,0.0,5.359982e-10,6.728723e-08
0.205,0.04202,0.00012,0.002,5.791308e-10,7.240756e-08,0.0,0.0,0.0,0.0,0.0,0.0,5.791308e-10,7.240756e-08
0.205,0.04202,0.00022,0.0021,6.255806e-10,7.790494e-08,0.0,0.0,0.0,0.0,0.0,0.0,6.255806e-10,7.790494e-08
0.205,0.04202,0.00032,0.0022,6.7559e-10,8.380603e-08,0.0,0.0,0.0,0.0,0.0,0.0,6.7559e-10,8.380603e-08
0.205,0.04202,0.00042,0.0023,7.294181e-10,9.013926e-08,0.0,0.0,0.0,0.0,0.0,0.0,7.294181e-10,9.013926e-08
0.205,0.04202,0.00052,0.0024,7.873415e-10,9.693497e-08,0.0,0.0,0.0,0.0,0.0,0.0,7.873415e-10,9.693497e-08
0.205,0.04202,0.00062,0.0025,8.496559e-10,1.042255e-07,0.0,0.0,0.0,0.0,0.0,0.0,8.496559e-10,1.042255e-07
0.205,0.04202,0.00072,0.0026,9.16677e-10,1.120454e-07,0.0,0.0,0.0,0.0,0.0,0.0,9.16677e-10,1.120454e-07
0.205,0.04202,0.00082,0.0027,9.887418e-10,1.204315e-07,0.0,0.0,0.0,0.0,0.0,0.0,9.887418e-10,1.204315e-07
0.205,0.04202,0.00092,0.0028,1.06621e-09,1.29423e-07,0.0,0.0,0.0,0.0,0.0,0.0,1.06621e-09,1.29423e-07
0.205,0.04202,0.00102,0.0029,1.149466e-09,1.390616e-07,0.0,0.0,0.0,0.0,0.0,0.0,1.149466e-09,1.390616e-07
0.205,0.04202,0.00112,0.003,1.238918e-09,1.49392e-07,0.0,0.0,0.0,0.0,0.0,0.0,1.238918e-09,1.49392e-07
0.205,0.04202,0.00122,0.0031,1.335003e-09,1.604615e-07,0.0,0.0,0.0,0.0,0.0,0.0,1.335003e-09,1.604615e-07
0.205,0.04201,0.00132,0.0032,1.438187e-09,1.723207e-07,0.0,0.0,0.0,0.0,0.0,0.0,1.438187e-09,1.723207e-07
0.205,0.04201,0.00142,0.0033,1.548966e-09,1.850233e-07,0.0,0.0,0.0,0.0,0.0,0.0,1.548966e-09,1.850233e-07
0.205,0.04201,0.00152,0.0034,1.667868e-09,1.986267e-07,0.0,0.0,0.0,0.0,0.0,0.0,1.667868e-09,1.986267e-07
0.205,0.04201,0.00162,0.0035,1.795455e-09,2.131917e-07,0.0,0.0,0.0,0.0,0.0,0.0,1.795455e-09,2.131917e-07
0.205,0.04201,0.00172,0.0036,1.932328e-09,2.287833e-07,0.0,0.0,0.0,0.0,0.0,0.0,1.932328e-09,2.287833e-07
0.205,0.04201,0.00182,0.0037,2.079125e-09,2.454703e-07,0.0,0.0,0.0,0.0,0.0,0.0,2.079125e-09,2.454703e-07
0.205,0.04201,0.00192,0.0038,2.236523e-09,2.633267e-07,0.0,0.0,0.0,0.0,0.0,0.0,2.236523e-09,2.633267e-07
0.205,0.04201,0.00202,0.0039,2.405247e-09,2.824341e-07,0.0,0.0,0.0,0.0,0.0,0.0,2.405247e-09,2.824341e-07
0.205,0.04201,0.00212,0.004,2.586063e-09,3.02903e-07,0.0,0.0,0.0,0.0,0.0,0.0,2.586063e-09,3.02903e-07
0.205,0.04201,0.00222,0.0041,2.77979e-09,3.250114e-07,0.0,0.0,0.0,0.0,0.0,0.0,2.77979e-09,3.250114e-07
0.205,0.04201,0.00232,0.0042,2.987295e-09,3.500399e-07,0.0,0.0,0.0,0.0,0.0,0.0,2.987295e-09,3.500399e-07
0.205,0.04201,0.00242,0.0043,3.209501e-09,3.848683e-07,0.0,0.0,0.0,0.0,0.0,0.0,3.209501e-09,3.848683e-07
0.205,0.04201,0.00252,0.0044,3.447388e-09,4.648971e-07,0.0,0.0,0.0,0.0,0.0,0.0,3.447388e-09,4.648971e-07
0.205,0.042,0.00262,0.0045,3.701998e-09,7.575775e-07,0.0,0.0,0.0,0.0,0.0,0.0,3.701998e-09,7.575775e-07
0.205,0.042,0.00272,0.0046,3.974436e-09,1.984867e-06,0.0,0.0,0.0,0.0,0.0,0.0,3.974436e-09,1.984867e-06
0.205,0.042,0.00282,0.0047,4.265876e-09,6.976272e-06,0.0,0.0,0.0,0.0,0.0,0.0,4.265876e-09,6.976272e-06
0.205,0.042,0.00292,0.0048,4.577561e-09,2.579369e-05,0.0,0.0,0.0,0.0,0.0,0.0,4.577561e-09,2.579369e-05
0.205,0.042,0.00302,0.0049,4.910814e-09,9.083634e-05,0.0,0.0,0.0,0.0,0.0,0.0,4.910814e-09,9.083634e-05
0.205,0.042,0.00312,0.005,5.267035e-09,0.0002963294,0.0,0.0,0.0,0.0,0.0,0.0,5.267035e-09,0.0002963294
0.205,0.042,0.00322,0.0051,5.647708e-09,0.0008889439,0.0,0.0,0.0,0.0,0.0,0.0,5.647708e-09,0.0008889439
0.205,0.042,0.00332,0.0052,6.054408e-09,0.002447293,0.0,0.0,0.0,0.0,0.0,0.0,6.054408e-09,0.002447293
0.205,0.042,0.00342,0.0053,6.488802e-09,0.006179521,0.0,0.0,0.0,0.0,0.0,0.0,6.488802e-09,0.006179521
0.205,0.042,0.00352,0.0054,6.952657e-09,0.0143087,0.0,0.0,0.0,0.0,0.0,0.0,6.952657e-09,0.0143087
0.205,0.04199,0.00362,0.0055,7.447844e-09,0.03038047,0.0,0.0,0.0,0.0,0.0,0.0,7.447844e-09,0.03038047
0.205,0.04199,0.00372,0.0056,7.976343e-09,0.05914622,0.0,0.0,0.0,0.0,0.0,0.0,7.976343e-09,0.05914622
0.205,0.04199,0.00382,0.0057,8.540252e-09,0.1055828,0.0,0.0,0.0,0.0,0.0,0.0,8.540252e-09,0.1055828
0.205,0.04199,0.00392,0.0058,9.141789e-09,0.1728186,0.0,0.0,0.0,0.0,0.0,0.0,9.141789e-09,0.1728186
0.205,0.04199,0.00402,0.0059,9.783299e-09,0.2593686,0.0,0.0,0.0,0.0,0.0,0.0,9.783299e-09,0.2593686
0.205,0.04199,0.00412,0.006,1.046727e-08,0.3569212,0.0,0.0,0.0,0.0,0.0,0.0,1.046727e-08,0.3569212
0.205,0.04199,0.00422,0.0061,1.119631e-08,0.4503544,0.0,0.0,0.0,0.0,0.0,0.0,1.119631e-08,0.4503544
0.205,0.04199,0.00432,0.0062,1.197322e-08,0.5210295,0.0,0.0,0.0,0.0,0.0,0.0,1.197322e-08,0.5210295
0.205,0.04199,0.00442,0.0063,1.280091e-08,0.5527073,0.0,0.0,0.0,0.0,0.0,0.0,1.280091e-08,0.5527073
0.205,0.04198,0.00452,0.0064,1.368248e-08,0.5375909,0.0,0.0,0.0,0.0,0.0,0.0,1.368248e-08,0.5375909
0.205,0.04198,0.00462,0.0065,1.462121e-08,0.479437,0.0,0.0,0.0,0.0,0.0,0.0,1.462121e-08,0.479437
0.205,0.04198,0.00472,0.0066,1.562055e-08,0.3920425,0.0,0.0,0.0,0.0,0.0,0.0,1.562055e-08,0.3920425
0.205,0.04198,0.00482,0.0067,1.668416e-08,0.2939381,0.0,0.0,0.0,0.0,0.0,0.0,1.668416e-08,0.2939381
0.205,0.04198,0.00492,0.0068,1.781589e-08,0.2020687,0.0,0.0,0.0,0.0,0.0,0.0,1.781589e-08,0.2020687
0.205,0.04198,0.00502,0.0069,1.90198e-08,0.1273686,0.0,0.0,0.0,0.0,0.0,0.0,1.90198e-08,0.1273686
0.205,0.04198,0.00512,0.007,2.03002e-08,0.07361167,0.0,0.0,0.0,0.0,0.0,0.0,2.03002e-08,0.07361167
0.205,0.04197,0.00522,0.0071,2.166161e-08,0.03900812,0.0,0.0,0.0,0.0,0.0,0.0,2.166161e-08,0.03900812
0.205,0.04197,0.00532,0.0072,2.310883e-08,0.01895386,0.0,0.0,0.0,0.0,0.0,0.0,2.310883e-08,0.01895386
0.205,0.04197,0.00542,0.0073,2.46469e-08,0.008445101,0.0,0.0,0.0,0.0,0.0,0.0,2.46469e-08,0.008445101
0.205,0.04197,0.00552,0.0074,2.628115e-08,0.003451204,0.0,0.0,0.0,0.0,0.0,0.0,2.628115e-08,0.003451204
0.205,0.04197,0.00562,0.0075,2.801723e-08,0.001294497,0.0,0.0,0.0,0.0,0.0,0.0,2.801723e-08,0.001294497
0.205,0.04197,0.00572,0.0076,2.986107e-08,0.0004467535,0.0,0.0,0.0,0.0,0.0,0.0,2.986107e-08,0.0004467535
0.205,0.04197,0.00582,0.0077,3.181896e-08,0.0001432043,0.0,0.0,0.0,0.0,0.0,0.0,3.181896e-08,0.0001432043
0.205,0.04196,0.00592,0.0078,3.389753e-08,4.437532e-05,0.0,0.0,0.0,0.0,0.0,0.0,3.389753e-08,4.437532e-05
0.205,0.04196,0.00602,0.0079,3.610379e-08,1.600842e-05,0.0,0.0,0.0,0.0,0.0,0.0,3.610379e-08,1.600842e-05
0.205,0.04196,0.00612,0.008,3.844515e-08,1.208142e-05,0.0,0.0,0.0,0.0,0.0,0.0,3.844515e-08,1.208142e-05
0.205,0.04196,0.00622,0.0081,4.092948e-08,2.390788e-05,0.0,0.0,0.0,0.0,0.0,0.0,4.092948e-08,2.390788e-05
0.205,0.04196,0.00632,0.0082,4.356507e-08,6.693466e-05,0.0,0.0,0.0,0.0,0.0,0.0,4.356507e-08,6.693466e-05
0.205,0.04196,0.00642,0.0083,4.636074e-08,0.0001926876,0.0,0.0,0.0,0.0,0.0,0.0,4.636074e-08,0.0001926876
0.205,0.04195,0.00652,0.0084,4.932582e-08,0.000525698,0.0,0.0,0.0,0.0,0.0,0.0,4.932582e-08,0.000525698
0.205,0.04195,0.00662,0.0085,5.247025e-08,0.001329116,0.0,0.0,0.0,0.0,0.0,0.0,5.247025e-08,0.001329116
0.205,0.04195,0.00672,0.0086,5.580458e-08,0.003092536,0.0,0.0,0.0,0.0,0.0,0.0,5.580458e-08,0.003092536
0.205,0.04195,0.00682,0.0087,5.934003e-08,0.006606633,0.0,0.0,0.0,0.0,0.0,0.0,5.934003e-08,0.006606633
0.205,0.04195,0.00692,0.0088,6.308862e-08,0.01294782,0.0,0.0,0.0,0.0,0.0,0.0,6.308862e-08,0.01294782
0.205,0.04195,0.00702,0.0089,6.706314e-08,0.02327155,0.0,0.0,0.0,0.0,0.0,0.0,6.706314e-08,0.02327155
0.205,0.04194,0.00712,0.009,7.127731e-08,0.03835389,0.0,0.0,0.0,0.0,0.0,0.0,7.127731e-08,0.03835389
0.205,0.04194,0.00722,0.0091,7.574587e-08,0.05795939,0.0,0.0,0.0,0.0,0.0,0.0,7.574587e-08,0.05795939
0.205,0.04194,0.00732,0.0092,8.048465e-08,0.08030758,0.0,0.0,0.0,0.0,0.0,0.0,8.048465e-08,0.08030758
0.205,0.04194,0.00742,0.0093,8.551072e-08,0.1020238,0.0,0.0,0.0,0.0,0.0,0.0,8.551072e-08,0.1020238
0.205,0.04194,0.00752,0.0094,9.084257e-08,0.1188379,0.0,0.0,0.0,0.0,0.0,0.0,9.084257e-08,0.1188379
0.205,0.04193,0.00762,0.0095,9.650021e-08,0.1269157,0.0,0.0,0.0,0.0,0.0,0.0,9.650021e-08,0.1269157
0.205,0.04193,0.00772,0.0096,1.025054e-07,0.1242743,0.0,0.0,0.0,0.0,0.0,0.0,1.025054e-07,0.1242743
0.205,0.04193,0.00782,0.0097,1.08882e-07,0.1115716,0.0,0.0,0.0,0.0,0.0,0.0,1.08882e-07,0.1115716
0.205,0.04193,0.00792,0.0098,1.156559e-07,0.09184063,0.0,0.0,0.0,0.0,0.0,0.0,1.156559e-07,0.09184063
0.205,0.04193,0.00802,0.0099,1.228558e-07,0.06931661,0.0,0.0,0.0,0.0,0.0,0.0,1.228558e-07,0.06931661
0.205,0.04192,0.00812,0.01,1.30513e-07,0.04797506,0.0,0.0,0.0,0.0,0.0,0.0,1.30513e-07,0.04797506
0.205,0.04192,0.00822,0.0101,1.386624e-07,0.03046763,0.0,0.0,0.0,0.0,0.0,0.0,1.386624e-07,0.03046763
0.205,0.04192,0.00832,0.0102,1.473424e-07,0.01781253,0.0,0.0,0.0,0.0,0.0,0.0,1.473424e-07,0.01781253
0.205,0.04192,0.00842,0.0103,1.565961e-07,0.009755858,0.0,0.0,0.0,0.0,0.0,0.0,1.565961e-07,0.009755858
0.205,0.04192,0.00853,0.0104,1.664711e-07,0.005457426,0.0,0.0,0.0,0.0,0.0,0.0,1.664711e-07,0.005457426
0.205,0.04191,0.00863,0.0105,1.77021e-07,0.004158245,0.0,0.0,0.0,0.0,0.0,0.0,1.77021e-07,0.004158245
0.205,0.04191,0.00873,0.0106,1.883058e-07,0.005640834,0.0,0.0,0.0,0.0,0.0,0.0,1.883058e-07,0.005640834
0.205,0.04191,0.00883,0.0107,2.003928e-07,0.01042792,0.0,0.0,0.0,0.0,0.0,0.0,2.003928e-07,0.01042792
0.205,0.04191,0.00893,0.0108,2.13358e-07,0.01969744,0.0,0.0,0.0,0.0,0.0,0.0,2.13358e-07,0.01969744
0.205,0.04191,0.00903,0.0109,2.272874e-07,0.03486718,0.0,0.0,0.0,0.0,0.0,0.0,2.272874e-07,0.03486718
0.205,0.0419,0.00913,0.011,2.422778e-07,0.05683657,0.0,0.0,0.0,0.0,0.0,0.0,2.422778e-07,0.05683657
0.205,0.0419,0.00923,0.0111,2.584395e-07,0.08504401,0.0,0.0,0.0,0.0,0.0,0.0,2.584395e-07,0.08504401
0.205,0.0419,0.00933,0.0112,2.75897e-07,0.1167482,0.0,0.0,0.0,0.0,0.0,0.0,2.75897e-07,0.1167482
0.205,0.0419,0.00943,0.0113,2.947924e-07,0.1470652,0.0,0.0,0.0,0.0,0.0,0.0,2.947924e-07,0.1470652
0.205,0.0419,0.00953,0.0114,3.152868e-07,0.1700792,0.0,0.0,0.0,0.0,0.0,0.0,3.152868e-07,0.1700792
0.205,0.04189,0.00963,0.0115,3.375637e-07,0.1807857,0.0,0.0,0.0,0.0,0.0,0.0,3.375637e-07,0.1807857
0.205,0.04189,0.00973,0.0116,3.618322e-07,0.177049,0.0,0.0,0.0,0.0,0.0,0.0,3.618322e-07,0.177049
0.205,0.04189,0.00983,0.0117,3.883304e-07,0.1605925,0.0,0.0,0.0,0.0,0.0,0.0,3.883304e-07,0.1605925
0.205,0.04189,0.00993,0.0118,4.173296e-07,0.1365079,0.0,0.0,0.0,0.0,0.0,0.0,4.173296e-07,0.1365079
0.205,0.04188,0.01003,0.0119,4.491389e-07,0.1115735,0.0,0.0,0.0,0.0,0.0,0.0,4.491389e-07,0.1115735
0.205,0.04188,0.01013,0.012,4.841107e-07,0.09227218,0.0,0.0,0.0,0.0,0.0,0.0,4.841107e-07,0.09227218
0.205,0.04188,0.01023,0.0121,5.226463e-07,0.08340943,0.0,0.0,0.0,0.0,0.0,0.0,5.226463e-07,0.08340943
0.205,0.04188,0.01033,0.0122,5.652028e-07,0.0877351,0.0,0.0,0.0,0.0,0.0,0.0,5.652028e-07,0.0877351
0.205,0.04187,0.01043,0.0123,6.123006e-07,0.1064069,0.0,0.0,0.0,0.0,0.0,0.0,6.123006e-07,0.1064069
0.205,0.04187,0.01053,0.0124,6.645316e-07,0.1398571,0.0,0.0,0.0,0.0,0.0,0.0,6.645316e-07,0.1398571
0.205,0.04187,0.01063,0.0125,7.225688e-07,0.1886986,0.0,0.0,0.0,0.0,0.0,0.0,7.225688e-07,0.1886986
0.205,0.04187,0.01073,0.0126,7.87177e-07,0.2545122,0.0,0.0,0.0,0.0,0.0,0.0,7.87177e-07,0.2545122
0.205,0.04186,0.01083,0.0127,8.592242e-07,0.3404845,0.0,0.0,0.0,0.0,0.0,0.0,8.592242e-07,0.3404845
0.205,0.04186,0.01093,0.0128,9.396949e-07,0.451853,0.0,0.0,0.0,0.0,0.0,0.0,9.396949e-07,0.451853
0.205,0.04186,0.01103,0.0129,1.029705e-06,0.5960752,0.0,0.0,0.0,0.0,0.0,0.0,1.029705e-06,0.5960752
0.205,0.04186,0.01113,0.013,1.130516e-06,0.7826747,0.0,0.0,0.0,0.0,0.0,0.0,1.130516e-06,0.7826747
0.205,0.04185,0.01123,0.0131,1.243557e-06,1.022828,0.0,0.0,0.0,0.0,0.0,0.0,1.243557e-06,1.022828
0.205,0.04185,0.01133,0.0132,1.37044e-06,1.328847,0.0,0.0,0.0,0.0,0.0,0.0,1.37044e-06,1.328847
0.205,0.04185,0.01143,0.0133,1.512983e-06,1.713712,0.0,0.0,0.0,0.0,0.0,0.0,1.512983e-06,1.713712
0.205,0.04185,0.01153,0.0134,1.673238e-06,2.190702,0.0,0.0,0.0,0.0,0.0,0.0,1.673238e-06,2.190702
0.205,0.04184,0.01163,0.0135,1.853509e-06,2.773064,0.0,0.0,0.0,0.0,0.0,0.0,1.853509e-06,2.773064
0.205,0.04184,0.01173,0.0136,2.05639e-06,3.473609,0.0,0.0,0.0,0.0,0.0,0.0,2.05639e-06,3.473609
0.205,0.04184,0.01183,0.0137,2.28479e-06,4.304136,0.0,0.0,0.0,0.0,0.0,0.0,2.28479e-06,4.304136
0.205,0.04183,0.01193,0.0138,2.541971e-06,5.274667,0.0,0.0,0.0,0.0,0.0,0.0,2.541971e-06,5.274667
0.205,0.04183,0.01203,0.0139,2.831582e-06,6.392513,0.0,0.0,0.0,0.0,0.0,0.0,2.831582e-06,6.392513
0.205,0.04183,0.01213,0.014,3.157704e-06,7.661272,0.0,0.0,0.0,0.0,0.0,0.0,3.157704e-06,7.661272
0.205,0.04183,0.01223,0.0141,3.524893e-06,9.079816,0.0,0.0,0.0,0.0,0.0,0.0,3.524893e-06,9.079816
0.205,0.04182,0.01233,0.0142,3.938223e-06,10.64138,0.0,0.0,0.0,0.0,0.0,0.0,3.938223e-06,10.64138
0.205,0.04182,0.01243,0.0143,4.403345e-06,12.33284,0.0,0.0,0.0,0.0,0.0,0.0,4.403345e-06,12.33284
0.205,0.04182,0.01253,0.0144,4.926536e-06,14.13423,0.0,0.0,0.0,0.0,0.0,0.0,4.926536e-06,14.13423
0.205,0.04181,0.01263,0.0145,5.514761e-06,16.0186,0.0,0.0,0.0,0.0,0.0,0.0,5.514761e-06,16.0186
0.205,0.04181,0.01273,0.0146,6.175739e-06,17.95232,0.0,0.0,0.0,0.0,0.0,0.0,6.175739e-06,17.95232
0.205,0.04181,0.01283,0.0147,6.918005e-06,19.89572,0.0,0.0,0.0,0.0,0.0,0.0,6.918005e-06,19.89572
0.205,0.04181,0.01293,0.0148,7.750994e-06,21.80429,0.0,0.0,0.0,0.0,0.0,0.0,7.750994e-06,21.80429
0.205,0.0418,0.01303,0.0149,8.685139e-06,23.6302,0.0,0.0,0.0,0.0,0.0,0.0,8.685139e-06,23.6302
0.205,0.0418,0.01313,0.015,9.732101e-06,25.32419,0.0,0.0,0.0,0.0,0.0,0.0,9.732101e-06,25.32419
0.205,0.0418,0.01323,0.0151,1.090554e-05,26.83777,0.0,0.0,0.0,0.0,0.0,0.0,1.090554e-05,26.83777
0.205,0.04179,0.01333,0.0152,1.222418e-05,28.12548,0.0,0.0,0.0,0.0,0.0,0.0,1.222418e-05,28.12548
0.205,0.04179,0.01343,0.0153,1.372342e-05,29.14714,0.0,0.0,0.0,0.0,0.0,0.0,1.372342e-05,29.14714
0.205,0.04179,0.01353,0.0154,1.549566e-05,29.86993,0.0,0.0,0.0,0.0,0.0,0.0,1.549566e-05,29.86993
0.205,0.04178,0.01363,0.0155,1.78162e-05,30.27017,0.0,0.0,0.0,0.0,0.0,0.0,1.78162e-05,30.27017
0.205,0.04178,0.01373,0.0156,2.149332e-05,30.33456,0.0,0.0,0.0,0.0,0.0,0.0,2.149332e-05,30.33456
0.205,0.04178,0.01383,0.0157,2.872821e-05,30.06095,0.0,0.0,0.0,0.0,0.0,0.0,2.872821e-05,30.06095
0.205,0.04178,0.01393,0.0158,4.495502e-05,29.45847,0.0,0.0,0.0,0.0,0.0,0.0,4.495502e-05,29.45847
0.205,0.04177,0.01403,0.0159,8.219602e-05,28.54699,0.0,0.0,0.0,0.0,0.0,0.0,8.219602e-05,28.54699
0.205,0.04177,0.01413,0.016,0.0001640459,27.35613,0.0,0.0,0.0,0.0,0.0,0.0,0.0001640459,27.35613
0.205,0.04177,0.01423,0.0161,0.0003310337,25.92361,0.0,0.0,0.0,0.0,0.0,0.0,0.0003310337,25.92361
0.205,0.04176,0.01433,0.0162,0.000642733,24.29333,0.0,0.0,0.0,0.0,0.0,0.0,0.000642733,24.29333
0.205,0.04176,0.01443,0.0163,0.001170723,22.51313,0.0,0.0,0.0,0.0,0.0,0.0,0.001170723,22.51313
0.205,0.04176,0.01453,0.0164,0.00197701,20.63243,0.0,0.0,0.0,0.0,0.0,0.0,0.00197701,20.63243
0.205,0.04175,0.01463,0.0165,0.003078625,18.69991,0.0,0.0,0.0,0.0,0.0,0.0,0.003078625,18.69991
0.205,0.04175,0.01473,0.0166,0.004410611,16.76137,0.0,0.0,0.0,0.0,0.0,0.0,0.004410611,16.76137
0.205,0.04175,0.01483,0.0167,0.005810407,14.85799,0.0,0.0,0.0,0.0,0.0,0.0,0.005810407,14.85799
0.205,0.04174,0.01493,0.0168,0.007046523,13.0251,0.0,0.0,0.0,0.0,0.0,0.0,0.007046523,13.0251
0.205,0.04174,0.01503,0.0169,0.007897095,11.29157,0.0,0.0,0.0,0.0,0.0,0.0,0.007897095,11.29157
0.205,0.04174,0.01513,0.017,0.008255025,9.679628,0.0,0.0,0.0,0.0,0.0,0.0,0.008255025,9.679628
0.205,0.04173,0.01523,0.0171,0.008213267,8.205148,0.0,0.0,0.0,0.0,0.0,0.0,0.008213267,8.205148
0.205,0.04173,0.01533,0.0172,0.008082768,6.878012,0.0,0.0,0.0,0.0,0.0,0.0,0.008082768,6.878012
0.205,0.04173,0.01543,0.0173,0.008319453,5.702542,0.0,0.0,0.0,0.0,0.0,0.0,0.008319453,5.702542
0.205,0.04172,0.01553,0.0174,0.009372996,4.677928,0.0,0.0,0.0,0.0,0.0,0.0,0.009372996,4.677928
0.205,0.04172,0.01563,0.0175,0.01150341,3.798708,0.0,0.0,0.0,0.0,0.0,0.0,0.01150341,3.798708
0.205,0.04172,0.01573,0.0176,0.01463235,3.055401,0.0,0.0,0.0,0.0,0.0,0.0,0.01463235,3.055401
0.205,0.04171,0.01583,0.0177,0.01829788,2.435385,0.0,0.0,0.0,0.0,0.0,0.0,0.01829788,2.435385
0.205,0.04171,0.01593,0.0178,0.02175499,1.924049,0.0,0.0,0.0,0.0,0.0,0.0,0.02175499,1.924049
0.205,0.0417,0.01603,0.0179,0.02420595,1.506139,0.0,0.0,0.0,0.0,0.0,0.0,0.02420595,1.506139
0.205,0.0417,0.01613,0.018,0.02507363,1.167065,0.0,0.0,0.0,0.0,0.0,0.0,0.02507363,1.167065
0.205,0.0417,0.01623,0.0181,0.024194,0.8938762,0.0,0.0,0.0,0.0,0.0,0.0,0.024194,0.8938762
0.205,0.04169,0.01633,0.0182,0.02183709,0.6756788,0.0,0.0,0.0,0.0,0.0,0.0,0.02183709,0.6756788
0.205,0.04169,0.01644,0.0183,0.01855809,0.5034974,0.0,0.0,0.0,0.0,0.0,0.0,0.01855809,0.5034974
0.205,0.04169,0.01654,0.0184,0.01506441,0.3698987,7.523132e-05,0.0001065242,0.0,0.0,1.836803e-05,0.0,0.01497081,0.3697922
0.205,0.04168,0.01664,0.0185,0.01175205,0.2681689,0.0001539082,0.000217959,0.0,0.0,3.633083e-05,0.0,0.01156181,0.267951
0.205,0.04168,0.01674,0.0186,0.008876623,0.1922851,0.0002133445,0.0003021749,0.0,0.0,4.882706e-05,0.0,0.008614451,0.1919829
0.205,0.04168,0.01684,0.0187,0.006562038,0.1368428,0.000267267,0.0003786056,0.0,0.0,5.945337e-05,0.0,0.006235318,0.1364642
0.205,0.04167,0.01694,0.0188,0.004815195,0.09708823,0.0003189386,0.0004518708,0.0,0.0,6.911385e-05,0.0,0.004427142,0.09663636
0.205,0.04167,0.01704,0.0189,0.003603102,0.06904362,0.0003696922,0.0005238581,0.0,0.0,7.819937e-05,0.0,0.00315521,0.06851976
0.205,0.04166,0.01714,0.019,0.00289235,0.04954609,0.0004202005,0.0005955205,0.0,0.0,8.69196e-05,0.0,0.00238523,0.04895057
0.205,0.04166,0.01724,0.0191,0.002663401,0.03619357,0.0004708442,0.0006673979,0.0,0.0,9.540168e-05,0.0,0.002097155,0.03552617
0.205,0.04166,0.01734,0.0192,0.002911002,0.02723145,0.0005218556,0.00073982,0.0,0.0,0.0001037291,0.0,0.002285418,0.02649163
0.205,0.04165,0.01744,0.0193,0.003634137,0.02142197,0.0005733826,0.0008129973,0.0,0.0,0.0001119599,0.0,0.002948795,0.02060898
0.205,0.04165,0.01754,0.0194,0.00481358,0.01792148,0.0006255229,0.0008870686,0.0,0.0,0.0001201361,0.0,0.004067921,0.01703441
0.205,0.04164,0.01764,0.0195,0.006379592,0.01617013,0.0006783414,0.0009621272,0.0,0.0,0.0001282892,0.0,0.005572962,0.015208
0.205,0.04164,0.01774,0.0196,0.008183072,0.01578709,0.0007318822,0.001038236,0.0,0.0,0.0001364432,0.0,0.007314746,0.01474886
0.205,0.04164,0.01784,0.0197,0.009990472,0.01646787,0.0007861743,0.001115438,0.0,0.0,0.0001446169,0.0,0.009059681,0.01535244
0.205,0.04163,0.01794,0.0198,0.01151785,0.01789485,0.000841237,0.00119376,0.0,0.0,0.0001528255,0.0,0.01052379,0.01670109
0.205,0.04163,0.01804,0.0199,0.01250185,0.01968657,0.0008970817,0.00127322,0.0,0.0,0.0001610809,0.0,0.01144368,0.01841335
0.205,0.04162,0.01814,0.02,0.01278404,0.02141053,0.0009537149,0.001353828,0.0,0.0,0.0001693931,0.0,0.01166093,0.0200567
0.205,0.04162,0.01824,0.0201,0.01237379,0.02266097,0.001011139,0.001435588,0.0,0.0,0.0001777701,0.0,0.01118488,0.02122539
0.205,0.04162,0.01834,0.0202,0.01146165,0.02316723,0.001069354,0.001518502,0.0,0.0,0.0001862186,0.0,0.01020608,0.02164873
0.205,0.04161,0.01844,0.0203,0.01037799,0.0228744,0.001128356,0.001602564,0.0,0.0,0.0001947441,0.0,0.009054893,0.02127184
0.205,0.04161,0.01854,0.0204,0.009515826,0.02194878,0.001188141,0.001687772,0.0,0.0,0.0002033513,0.0,0.008124334,0.02026101
0.205,0.0416,0.01864,0.0205,0.009247581,0.02070155,0.001248705,0.001774117,0.0,0.0,0.000212044,0.0,0.007786833,0.01892744
0.205,0.0416,0.01874,0.0206,0.009858854,0.01947007,0.001310039,0.001861591,0.0,0.0,0.0002208256,0.0,0.00832799,0.01760848
0.205,0.0416,0.01884,0.0207,0.01150567,0.01851467,0.001372137,0.001950185,0.0,0.0,0.0002296986,0.0,0.009903833,0.01656448
0.205,0.04159,0.01894,0.0208,0.01418913,0.01797139,0.001434991,0.002039888,0.0,0.0,0.0002386654,0.0,0.01251547,0.0159315
0.205,0.04159,0.01904,0.0209,0.01774107,0.01786467,0.001498593,0.00213069,0.0,0.0,0.0002477278,0.0,0.01599475,0.01573398
0.205,0.04158,0.01914,0.021,0.02182407,0.01815424,0.001562934,0.00222258,0.0,0.0,0.0002568873,0.0,0.02000425,0.01593166
0.205,0.04158,0.01924,0.0211,0.02595831,0.0187829,0.001628005,0.002315546,0.0,0.0,0.0002661453,0.0,0.02406416,0.01646735
0.205,0.04158,0.01934,0.0212,0.02958714,0.01970243,0.001693797,0.002409576,0.0,0.0,0.0002755027,0.0,0.02761784,0.01729285
0.205,0.04157,0.01944,0.0213,0.0321793,0.02087264,0.001760302,0.002504659,0.0,0.0,0.0002849603,0.0,0.03013403,0.01836798
0.205,0.04157,0.01954,0.0214,0.03334611,0.0222424,0.001827509,0.002600782,0.0,0.0,0.0002945187,0.0,0.03122409,0.01964162
0.205,0.04156,0.01964,0.0215,0.0329379,0.02372862,0.001895411,0.002697934,0.0,0.0,0.0003041783,0.0,0.03073831,0.02103068
0.205,0.04156,0.01974,0.0216,0.03108471,0.0252086,0.001963997,0.002796102,0.0,0.0,0.0003139395,0.0,0.02880677,0.0224125
0.205,0.04155,0.01984,0.0217,0.02816382,0.02653471,0.002033259,0.002895275,0.0,0.0,0.0003238023,0.0,0.02580676,0.02363943
0.205,0.04155,0.01994,0.0218,0.02470188,0.02756889,0.002103187,0.00299544,0.0,0.0,0.0003337669,0.0,0.02226492,0.02457345
0.205,0.04155,0.02004,0.0219,0.02124256,0.02822367,0.002173773,0.003096586,0.0,0.0,0.0003438331,0.0,0.01872496,0.02512709
0.205,0.04154,0.02014,0.022,0.01822091,0.02849081,0.002245006,0.0031987,0.0,0.0,0.0003540008,0.0,0.01562191,0.02529211
0.205,0.04154,0.02024,0.0221,0.01588066,0.02844355,0.002316879,0.003301772,0.0,0.0,0.0003642697,0.0,0.01319951,0.02514177
0.205,0.04153,0.02034,0.0222,0.01425472,0.02821119,0.002389383,0.003405788,0.0,0.0,0.0003746396,0.0,0.01149069,0.0248054
0.205,0.04153,0.02044,0.0223,0.01320728,0.02793761,0.002462508,0.003510739,0.0,0.0,0.00038511,0.0,0.01035966,0.02442687
0.205,0.04152,0.02054,0.0224,0.01251672,0.02774177,0.002536246,0.003616612,0.0,0.0,0.0003956805,0.0,0.00958479,0.02412516
0.205,0.04152,0.02064,0.0225,0.01196646,0.02769452,0.002610588,0.003723396,0.0,0.0,0.0004063506,0.0,0.008949524,0.02397112
0.205,0.04151,0.02074,0.0226,0.01141225,0.02781603,0.002685525,0.003831079,0.0,0.0,0.0004171198,0.0,0.008309604,0.02398495
0.205,0.04151,0.02084,0.0227,0.01080671,0.02808863,0.002761049,0.003939651,0.0,0.0,0.0004279873,0.0,0.007617676,0.02414898
0.205,0.04151,0.02094,0.0228,0.01018223,0.02847543,0.002837152,0.0040491,0.0,0.0,0.0004389526,0.0,0.006906123,0.02442633
0.205,0.0415,0.02104,0.0229,0.009609442,0.02893639,0.002913824,0.004159416,0.0,0.0,0.000450015,0.0,0.006245603,0.02477698
0.205,0.0415,0.02114,0.023,0.009154856,0.02943797,0.002991058,0.004270587,0.0,0.0,0.0004611738,0.0,0.005702624,0.02516738
0.205,0.04149,0.02124,0.0231,0.008854607,0.02995632,0.003068845,0.004382603,0.0,0.0,0.0004724283,0.0,0.005313333,0.02557372
0.205,0.04149,0.02134,0.0232,0.008709243,0.0304765,0.003147177,0.004495453,0.0,0.0,0.0004837776,0.0,0.005078288,0.02598105
0.205,0.04148,0.02144,0.0233,0.008693585,0.03098997,0.003226047,0.004609126,0.0,0.0,0.0004952209,0.0,0.004972317,0.02638084
0.205,0.04148,0.02154,0.0234,0.008771713,0.03149213,0.003305444,0.004723612,0.0,0.0,0.0005067574,0.0,0.004959511,0.02676852
0.205,0.04147,0.02164,0.0235,0.008909224,0.03198051,0.003385363,0.004838901,0.0,0.0,0.0005183863,0.0,0.005005475,0.02714161
0.205,0.04147,0.02175,0.0236,0.009079586,0.03245368,0.003465795,0.004954982,0.0,0.0,0.0005301067,0.0,0.005083685,0.0274987
0.205,0.04146,0.02185,0.0237,0.009265295,0.03291068,0.003546731,0.005071845,0.0,0.0,0.0005419176,0.0,0.005176647,0.02783883
0.205,0.04146,0.02195,0.0238,0.009456167,0.03335074,0.003628164,0.00518948,0.0,0.0,0.0005538183,0.0,0.005274184,0.02816126
0.205,0.04145,0.02205,0.0239,0.009646842,0.03377323,0.003710086,0.005307876,0.0,0.0,0.0005658077,0.0,0.005370948,0.02846535
0.205,0.04145,0.02215,0.024,0.00983469,0.03417754,0.00379249,0.005427024,0.0,0.0,0.0005778848,0.0,0.005464314,0.02875051
0.205,0.04144,0.02225,0.0241,0.01001844,0.03456313,0.003875368,0.005546914,0.0,0.0,0.0005900489,0.0,0.005553021,0.02901622
0.205,0.04144,0.02235,0.0242,0.01019742,0.03492953,0.003958711,0.005667535,0.0,0.0,0.0006022988,0.0,0.005636408,0.02926199
0.205,0.04143,0.02245,0.0243,0.01037121,0.03527629,0.004042513,0.005788878,0.0,0.0,0.0006146336,0.0,0.005714067,0.02948741
0.205,0.04143,0.02255,0.0244,0.01053951,0.03560304,0.004126766,0.005910933,0.0,0.0,0.0006270523,0.0,0.005785689,0.0296921
0.205,0.04142,0.02265,0.0245,0.01070203,0.03590944,0.004211462,0.006033691,0.0,0.0,0.0006395539,0.0,0.005851011,0.02987575
0.205,0.04142,0.02275,0.0246,0.01085853,0.03619524,0.004296594,0.006157141,0.0,0.0,0.0006521374,0.0,0.005909799,0.0300381
0.205,0.04141,0.02285,0.0247,0.0110088,0.03646021,0.004382154,0.006281274,0.0,0.0,0.0006648018,0.0,0.005961842,0.03017894
0.205,0.04141,0.02295,0.0248,0.01115264,0.0367042,0.004468136,0.00640608,0.0,0.0,0.000677546,0.0,0.006006955,0.03029812
0.205,0.0414,0.02305,0.0249,0.01128987,0.03692712,0.00455453,0.006531551,0.0,0.0,0.0006903691,0.0,0.006044975,0.03039557
0.205,0.0414,0.02315,0.025,0.01142037,0.03712893,0.004641331,0.006657675,0.0,0.0,0.0007032699,0.0,0.006075765,0.03047126
0.205,0.04139,0.02325,0.0251,0.01154399,0.03730966,0.004728531,0.006784445,0.0,0.0,0.0007162475,0.0,0.006099216,0.03052521
0.205,0.04139,0.02335,0.0252,0.01166067,0.03746937,0.004816123,0.006911851,0.0,0.0,0.0007293007,0.0,0.006115242,0.03055752
0.205,0.04138,0.02345,0.0253,0.01177031,0.03760821,0.004904099,0.007039883,0.0,0.0,0.0007424286,0.0,0.006123788,0.03056833
0.205,0.04138,0.02355,0.0254,0.01187291,0.03772638,0.004992452,0.007168531,0.0,0.0,0.0007556301,0.0,0.006124824,0.03055785
0.205,0.04137,0.02365,0.0255,0.01196843,0.03782413,0.005081175,0.007297788,0.0,0.0,0.000768904,0.0,0.006118351,0.03052634
0.205,0.04137,0.02375,0.0256,0.01205691,0.03790177,0.005170261,0.007427642,0.0,0.0,0.0007822494,0.0,0.006104395,0.03047412
0.205,0.04136,0.02385,0.0257,0.01213838,0.03795965,0.005259702,0.007558086,0.0,0.0,0.0007956652,0.0,0.006083011,0.03040156
0.205,0.04136,0.02395,0.0258,0.01221292,0.03799819,0.005349492,0.00768911,0.0,0.0,0.0008091503,0.0,0.006054281,0.03030908
0.205,0.04135,0.02405,0.0259,0.01228064,0.03801785,0.005439624,0.007820705,0.0,0.0,0.0008227036,0.0,0.006018314,0.03019714
0.205,0.04135,0.02415,0.026,0.01234166,0.03801914,0.005530089,0.007952861,0.0,0.0,0.000836324,0.0,0.005975245,0.03006628
0.205,0.04134,0.02425,0.0261,0.01239613,0.03800262,0.005620882,0.00808557,0.0,0.0,0.0008500106,0.0,0.005925234,0.02991705
0.205,0.04134,0.02435,0.0262,0.01244423,0.03796889,0.005711996,0.008218823,0.0,0.0,0.0008637621,0.0,0.005868468,0.02975007
0.205,0.04133,0.02445,0.0263,0.01248615,0.03791858,0.005803422,0.00835261,0.0,0.0,0.0008775776,0.0,0.005805153,0.02956597
0.205,0.04133,0.02455,0.0264,0.01252213,0.03785236,0.005895155,0.008486922,0.0,0.0,0.0008914559,0.0,0.005735519,0.02936544
0.205,0.04132,0.02465,0.0265,0.0125524,0.03777096,0.005987187,0.008621751,0.0,0.0,0.000905396,0.0,0.005659819,0.02914921
0.205,0.04132,0.02475,0.0266,0.01257723,0.0376751,0.006079511,0.008757087,0.0,0.0,0.0009193967,0.0,0.005578321,0.02891802
0.205,0.04131,0.02485,0.0267,0.01259689,0.03756557,0.006172121,0.008892922,0.0,0.0,0.0009334571,0.0,0.005491314,0.02867264
0.205,0.04131,0.02495,0.0268,0.01261168,0.03744314,0.006265009,0.009029246,0.0,0.0,0.000947576,0.0,0.0053991,0.02841389
0.205,0.0413,0.02505,0.0269,0.01259895,0.03727988,0.00633822,0.009137292,0.0,0.0,0.0009587348,0.0,0.005301997,0.02814258
0.205,0.0413,0.02515,0.027,0.0125616,0.03707983,0.006393994,0.009220268,0.0,0.0,0.0009672716,0.0,0.005200335,0.02785956
0.205,0.04129,0.02525,0.0271,0.01251984,0.03686873,0.006449592,0.009303051,0.0,0.0,0.0009757966,0.0,0.005094454,0.02756568
0.205,0.04129,0.02535,0.0272,0.01247403,0.03664745,0.006505013,0.009385638,0.0,0.0,0.0009843095,0.0,0.004984704,0.02726181
0.205,0.04128,0.02545,0.0273,0.0124245,0.03641685,0.006560255,0.009468028,0.0,0.0,0.0009928097,0.0,0.004871439,0.02694882
0.205,0.04127,0.02555,0.0274,0.01237163,0.03617781,0.006615316,0.009550218,0.0,0.0,0.001001296,0.0,0.004755021,0.0266276
0.205,0.04127,0.02565,0.0275,0.01231578,0.03593122,0.006670193,0.009632204,0.0,0.0,0.001009769,0.0,0.004635814,0.02629901
0.205,0.04126,0.02575,0.0276,0.01225729,0.03567794,0.006724886,0.009713986,0.0,0.0,0.001018228,0.0,0.004514181,0.02596395
0.205,0.04126,0.02585,0.0277,0.01219655,0.03541884,0.006779392,0.009795559,0.0,0.0,0.001026672,0.0,0.004390486,0.02562328
0.205,0.04125,0.02595,0.0278,0.0121339,0.03515479,0.006833708,0.009876922,0.0,0.0,0.0010351,0.0,0.004265092,0.02527787
0.205,0.04125,0.02605,0.0279,0.0120697,0.03488663,0.006887835,0.009958072,0.0,0.0,0.001043512,0.0,0.004138355,0.02492856
0.205,0.04124,0.02616,0.028,0.0120043,0.03461521,0.006941769,0.01003901,0.0,0.0,0.001051908,0.0,0.004010627,0.0245762
0.205,0.04124,0.02626,0.0281,0.01193805,0.03434134,0.006995508,0.01011972,0.0,0.0,0.001060287,0.0,0.003882251,0.02422162
0.205,0.04123,0.02636,0.0282,0.01187126,0.03406582,0.007049051,0.01020022,0.0,0.0,0.001068648,0.0,0.003753565,0.0238656
0.205,0.04122,0.02646,0.0283,0.01180428,0.03378943,0.007102396,0.01028049,0.0,0.0,0.001076992,0.0,0.003624892,0.02350894
0.205,0.04122,0.02656,0.0284,0.0117374,0.03351292,0.007155541,0.01036054,0.0,0.0,0.001085317,0.0,0.003496547,0.02315238
0.205,0.04121,0.02666,0.0285,0.01167094,0.03323702,0.007208484,0.01044035,0.0,0.0,0.001093623,0.0,0.003368831,0.02279667
0.205,0.04121,0.02676,0.0286,0.01160516,0.03296243,0.007261223,0.01051994,0.0,0.0,0.00110191,0.0,0.003242032,0.02244249
0.205,0.0412,0.02686,0.0287,0.01154036,0.03268982,0.007313756,0.01059929,0.0,0.0,0.001110177,0.0,0.003116424,0.02209052
0.205,0.0412,0.02696,0.0288,0.01147677,0.03241982,0.007366082,0.01067841,0.0,0.0,0.001118423,0.0,0.002992265,0.02174141
0.205,0.04119,0.02706,0.0289,0.01141465,0.03215305,0.007418199,0.01075729,0.0,0.0,0.001126649,0.0,0.002869798,0.02139576
0.205,0.04118,0.02716,0.029,0.01135421,0.03189007,0.007470104,0.01083593,0.0,0.0,0.001134854,0.0,0.002749249,0.02105414
0.205,0.04118,0.02726,0.0291,0.01129566,0.03163142,0.007521796,0.01091432,0.0,0.0,0.001143037,0.0,0.002630828,0.0207171
0.205,0.04117,0.02736,0.0292,0.0112392,0.03137761,0.007573274,0.01099247,0.0,0.0,0.001151199,0.0,0.002514726,0.02038514
0.205,0.04117,0.02746,0.0293,0.01118499,0.03112909,0.007624534,0.01107037,0.0,0.0,0.001159337,0.0,0.00240112,0.02005872
0.205,0.04116,0.02756,0.0294,0.0111332,0.0308863,0.007675576,0.01114802,0.0,0.0,0.001167453,0.0,0.002290167,0.01973829
0.205,0.04115,0.02766,0.0295,0.01108395,0.03064963,0.007726398,0.01122541,0.0,0.0,0.001175546,0.0,0.002182008,0.01942422
0.205,0.04115,0.02776,0.0296,0.01103738,0.03041944,0.007776997,0.01130255,0.0,0.0,0.001183615,0.0,0.002076767,0.01911689
0.205,0.04114,0.02786,0.0297,0.01099358,0.03019604,0.007827373,0.01137943,0.0,0.0,0.00119166,0.0,0.00197455,0.01881662
0.205,0.04114,0.02796,0.0298,0.01095265,0.02997972,0.007877522,0.01145604,0.0,0.0,0.001199681,0.0,0.001875449,0.01852367
0.205,0.04113,0.02806,0.0299,0.01091466,0.02977072,0.007927444,0.0115324,0.0,0.0,0.001207676,0.0,0.001779537,0.01823832
0.205,0.04112,0.02816,0.03,0.01087966,0.02956925,0.007977137,0.01160848,0.0,0.0,0.001215647,0.0,0.001686874,0.01796077
0.205,0.04112,0.02826,0.0301,0.01084769,0.02937549,0.008026599,0.0116843,0.0,0.0,0.001223592,0.0,0.001597502,0.01769119
0.205,0.04111,0.02836,0.0302,0.01081879,0.02918959,0.008075827,0.01175985,0.0,0.0,0.001231511,0.0,0.001511452,0.01742974
0.205,0.04111,0.02846,0.0303,0.01079296,0.02901164,0.008124821,0.01183512,0.0,0.0,0.001239403,0.0,0.001428738,0.01717652
0.205,0.0411,0.02856,0.0304,0.01077021,0.02884174,0.008173578,0.01191011,0.0,0.0,0.001247269,0.0,0.001349364,0.01693162
0.205,0.04109,0.02866,0.0305,0.01075053,0.02867992,0.008222098,0.01198483,0.0,0.0,0.001255108,0.0,0.00127332,0.01669509
0.205,0.04109,0.02876,0.0306,0.01073388,0.0285262,0.008270377,0.01205927,0.0,0.0,0.00126292,0.0,0.001200584,0.01646693
0.205,0.04108,0.02886,0.0307,0.01072024,0.02838057,0.008318415,0.01213342,0.0,0.0,0.001270704,0.0,0.001131125,0.01624715
0.205,0.04108,0.02896,0.0308,0.01070957,0.02824299,0.008366209,0.01220728,0.0,0.0,0.001278459,0.0,0.001064901,0.01603571
0.205,0.04107,0.02906,0.0309,0.01070181,0.0281134,0.008413759,0.01228086,0.0,0.0,0.001286187,0.0,0.001001862,0.01583254
0.205,0.04106,0.02916,0.031,0.01069689,0.02799171,0.008461062,0.01235415,0.0,0.0,0.001293885,0.0,0.0009419472,0.01563757
0.205,0.04106,0.02926,0.0311,0.01069476,0.02787781,0.008508116,0.01242714,0.0,0.0,0.001301555,0.0,0.0008850915,0.01545067
0.205,0.04105,0.02936,0.0312,0.01069534,0.02777156,0.00855492,0.01249983,0.0,0.0,0.001309195,0.0,0.0008312218,0.01527173
0.205,0.04105,0.02946,0.0313,0.01069854,0.02767282,0.008601473,0.01257223,0.0,0.0,0.001316805,0.0,0.0007802593,0.01510059
0.205,0.04104,0.02956,0.0314,0.01070428,0.02758142,0.008647772,0.01264433,0.0,0.0,0.001324386,0.0,0.0007321202,0.01493709
0.205,0.04103,0.02966,0.0315,0.01071247,0.02749716,0.008693817,0.01271612,0.0,0.0,0.001331936,0.0,0.0006867166,0.01478104
0.205,0.04103,0.02976,0.0316,0.01072302,0.02741986,0.008739605,0.01278761,0.0,0.0,0.001339455,0.0,0.0006439568,0.01463224
0.205,0.04102,0.02987,0.0317,0.01073583,0.02734928,0.008785134,0.01285879,0.0,0.0,0.001346944,0.0,0.0006037466,0.01449049
0.205,0.04101,0.02997,0.0318,0.0107508,0.02728522,0.008830404,0.01292966,0.0,0.0,0.001354402,0.0,0.0005659894,0.01435556
0.205,0.04101,0.03007,0.0319,0.01076783,0.02722743,0.008875413,0.01300022,0.0,0.0,0.001361828,0.0,0.0005305871,0.01422721
0.205,0.041,0.03017,0.032,0.01078682,0.02717566,0.008920159,0.01307046,0.0,0.0,0.001369222,0.0,0.0004974405,0.0141052
0.205,0.04099,0.03027,0.0321,0.01080767,0.02712967,0.00896464,0.01314039,0.0,0.0,0.001376584,0.0,0.0004664503,0.01398928
0.205,0.04099,0.03037,0.0322,0.01083029,0.02708918,0.009008856,0.01321,0.0,0.0,0.001383914,0.0,0.0004375169,0.01387919
0.205,0.04098,0.03047,0.0323,0.01085456,0.02705395,0.009052804,0.01327928,0.0,0.0,0.001391211,0.0,0.0004105415,0.01377467
0.205,0.04098,0.03057,0.0324,0.01088039,0.0270237,0.009096483,0.01334824,0.0,0.0,0.001398476,0.0,0.0003854262,0.01367546
0.205,0.04097,0.03067,0.0325,0.01090767,0.02699816,0.009139892,0.01341688,0.0,0.0,0.001405707,0.0,0.0003620745,0.01358128
0.205,0.04096,0.03077,0.0326,0.01093633,0.02697705,0.009183029,0.01348519,0.0,0.0,0.001412906,0.0,0.0003403916,0.01349187
0.205,0.04096,0.03087,0.0327,0.01096625,0.02696011,0.009225893,0.01355316,0.0,0.0,0.00142007,0.0,0.0003202845,0.01340695
0.205,0.04095,0.03097,0.0328,0.01099735,0.02694707,0.009268482,0.01362081,0.0,0.0,0.001427201,0.0,0.0003016629,0.01332626
0.205,0.04094,0.03107,0.0329,0.01102953,0.02693764,0.009310795,0.01368812,0.0,0.0,0.001434297,0.0,0.0002844387,0.01324953
0.205,0.04094,0.03117,0.033,0.01106272,0.02693158,0.00935283,0.01375509,0.0,0.0,0.001441359,0.0,0.0002685266,0.01317649
0.205,0.04093,0.03127,0.0331,0.01109682,0.0269286,0.009394587,0.01382173,0.0,0.0,0.001448387,0.0,0.0002538441,0.01310688
0.205,0.04092,0.03137,0.0332,0.01113175,0.02692846,0.009436063,0.01388802,0.0,0.0,0.00145538,0.0,0.0002403118,0.01304044
0.205,0.04092,0.03147,0.0333,0.01116745,0.0269309,0.009477257,0.01395397,0.0,0.0,0.001462338,0.0,0.0002278535,0.01297693
0.205,0.04091,0.03157,0.0334,0.01120383,0.02693566,0.009518169,0.01401957,0.0,0.0,0.00146926,0.0,0.000216396,0.01291609
0.205,0.0409,0.03167,0.0335,0.01124081,0.02694251,0.009558796,0.01408483,0.0,0.0,0.001476147,0.0,0.0002058695,0.01285767
0.205,0.0409,0.03177,0.0336,0.01127834,0.0269512,0.009599138,0.01414974,0.0,0.0,0.001482999,0.0,0.0001962073,0.01280146
0.205,0.04089,0.03187,0.0337,0.01131635,0.02696151,0.009639193,0.0142143,0.0,0.0,0.001489814,0.0,0.000187346,0.01274721
0.205,0.04088,0.03197,0.0338,0.01135478,0.02697321,0.009678961,0.0142785,0.0,0.0,0.001496594,0.0,0.0001792257,0.01269471
0.205,0.04088,0.03207,0.0339,0.01139356,0.0269861,0.009718439,0.01434235,0.0,0.0,0.001503337,0.0,0.0001717893,0.01264374
0.205,0.04087,0.03217,0.034,0.01143265,0.02699995,0.009757626,0.01440585,0.0,0.0,0.001510043,0.0,0.0001649833,0.0125941
0.205,0.04086,0.03227,0.0341,0.01147199,0.02701458,0.009796522,0.01446898,0.0,0.0,0.001516713,0.0,0.000158757,0.0125456
0.205,0.04086,0.03237,0.0342,0.01151153,0.02702979,0.009835125,0.01453175,0.0,0.0,0.001523346,0.0,0.0001530629,0.01249803
0.205,0.04085,0.03247,0.0343,0.01155123,0.0270454,0.009873434,0.01459416,0.0,0.0,0.001529942,0.0,0.0001478564,0.01245123
0.205,0.04084,0.03257,0.0344,0.01159104,0.02706124,0.009911448,0.01465621,0.0,0.0,0.001536501,0.0,0.0001430957,0.01240503
0.205,0.04083,0.03267,0.0345,0.01163093,0.02707714,0.009949166,0.01471789,0.0,0.0,0.001543022,0.0,0.0001387419,0.01235925
0.205,0.04083,0.03277,0.0346,0.01167085,0.02709295,0.009986586,0.0147792,0.0,0.0,0.001549505,0.0,0.0001347585,0.01231374
0.205,0.04082,0.03287,0.0347,0.01171077,0.02710852,0.01002371,0.01484015,0.0,0.0,0.001555951,0.0,0.0001311119,0.01226837
0.205,0.04081,0.03297,0.0348,0.01175066,0.02712371,0.01006053,0.01490072,0.0,0.0,0.001562359,0.0,0.0001277707,0.01222299
0.205,0.04081,0.03307,0.0349,0.01179049,0.02713839,0.01009705,0.01496092,0.0,0.0,0.001568728,0.0,0.0001247058,0.01217748
0.205,0.0408,0.03317,0.035,0.01183023,0.02715245,0.01013328,0.01502074,0.0,0.0,0.00157506,0.0,0.0001218904,0.01213171
0.205,0.04079,0.03328,0.0351,0.01186985,0.02716576,0.01016919,0.01508019,0.0,0.0,0.001581353,0.0,0.0001192997,0.01208557
0.205,0.04079,0.03338,0.0352,0.01190933,0.02717823,0.01020481,0.01513926,0.0,0.0,0.001587607,0.0,0.000116911,0.01203897
0.205,0.04078,0.03348,0.0353,0.01194865,0.02718975,0.01024012,0.01519794,0.0,0.0,0.001593822,0.0,0.0001147033,0.01199181
0.205,0.04077,0.03358,0.0354,0.01198778,0.02720024,0.01027513,0.01525625,0.0,0.0,0.001599999,0.0,0.0001126574,0.01194399
0.205,0.04076,0.03368,0.0355,0.01202672,0.02720962,0.01030983,0.01531418,0.0,0.0,0.001606136,0.0,0.0001107557,0.01189544
0.205,0.04076,0.03378,0.0356,0.01206544,0.02721781,0.01034422,0.01537172,0.0,0.0,0.001612234,0.0,0.0001089824,0.01184609
0.205,0.04075,0.03388,0.0357,0.01210392,0.02722474,0.01037831,0.01542888,0.0,0.0,0.001618293,0.0,0.0001073226,0.01179587
0.205,0.04074,0.03398,0.0358,0.01214216,0.02723037,0.01041208,0.01548565,0.0,0.0,0.001624312,0.0,0.0001057633,0.01174472
0.205,0.04074,0.03408,0.0359,0.01218014,0.02723462,0.01044555,0.01554203,0.0,0.0,0.001630292,0.0,0.0001042922,0.0116926
0.205,0.04073,0.03418,0.036,0.01221784,0.02723747,0.01047871,0.01559802,0.0,0.0,0.001636231,0.0,0.0001028987,0.01163945
0.205,0.04072,0.03428,0.0361,0.01225526,0.02723886,0.01051156,0.01565362,0.0,0.0,0.001642131,0.0,0.0001015728,0.01158524
0.205,0.04071,0.03438,0.0362,0.01229239,0.02723876,0.01054409,0.01570882,0.0,0.0,0.001647991,0.0,0.0001003056,0.01152994
0.205,0.04071,0.03448,0.0363,0.01232922,0.02723715,0.01057632,0.01576364,0.0,0.0,0.001653811,0.0,9.908926e-05,0.01147351
0.205,0.0407,0.03458,0.0364,0.01236573,0.02723399,0.01060823,0.01581805,0.0,0.0,0.00165959,0.0,9.791662e-05,0.01141594
0.205,0.04069,0.03468,0.0365,0.01240193,0.02722928,0.01063982,0.01587208,0.0,0.0,0.001665329,0.0,9.67813e-05,0.01135721
0.205,0.04069,0.03478,0.0366,0.01243781,0.027223,0.0106711,0.0159257,0.0,0.0,0.001671028,0.0,9.567764e-05,0.0112973
0.205,0.04068,0.03488,0.0367,0.01247336,0.02721514,0.01070207,0.01597893,0.0,0.0,0.001676686,0.0,9.460059e-05,0.01123622
0.205,0.04067,0.03498,0.0368,0.01250857,0.0272057,0.01073272,0.01603175,0.0,0.0,0.001682303,0.0,9.35457e-05,0.01117395
0.205,0.04066,0.03508,0.0369,0.01254345,0.02719467,0.01076306,0.01608417,0.0,0.0,0.001687879,0.0,9.250903e-05,0.0111105
0.205,0.04066,0.03518,0.037,0.01257798,0.02718207,0.01079308,0.0161362,0.0,0.0,0.001693414,0.0,9.148714e-05,0.01104587
0.205,0.04065,0.03528,0.0371,0.01261217,0.02716789,0.01082278,0.01618782,0.0,0.0,0.001698909,0.0,9.047699e-05,0.01098007
0.205,0.04064,0.03538,0.0372,0.01264601,0.02715215,0.01085217,0.01623903,0.0,0.0,0.001704362,0.0,8.947595e-05,0.01091312
0.205,0.04063,0.03548,0.0373,0.01267949,0.02713487,0.01088124,0.01628984,0.0,0.0,0.001709774,0.0,8.848177e-05,0.01084503
0.205,0.04063,0.03558,0.0374,0.01271262,0.02711606,0.01090999,0.01634024,0.0,0.0,0.001715144,0.0,8.749247e-05,0.01077582
0.205,0.04062,0.03568,0.0375,0.0127454,0.02709574,0.01093842,0.01639024,0.0,0.0,0.001720474,0.0,8.65064e-05,0.0107055
0.205,0.04061,0.03578,0.0376,0.01277781,0.02707394,0.01096653,0.01643983,0.0,0.0,0.001725761,0.0,8.552213e-05,0.01063411
0.205,0.0406,0.03588,0.0377,0.01280987,0.02705067,0.01099432,0.016489,0.0,0.0,0.001731008,0.0,8.45385e-05,0.01056167
0.205,0.0406,0.03598,0.0378,0.01284156,0.02702597,0.01102179,0.01653777,0.0,0.0,0.001736212,0.0,8.355453e-05,0.0104882
0.205,0.04059,0.03608,0.0379,0.01287289,0.02699987,0.01104895,0.01658613,0.0,0.0,0.001741375,0.0,8.256943e-05,0.01041374
0.205,0.04058,0.03618,0.038,0.01290386,0.0269724,0.01107578,0.01663408,0.0,0.0,0.001746496,0.0,8.158257e-05,0.01033832
0.205,0.04057,0.03629,0.0381,0.01293446,0.02694358,0.01110229,0.01668161,0.0,0.0,0.001751575,0.0,8.059348e-05,0.01026197
0.205,0.04057,0.03639,0.0382,0.01296469,0.02691347,0.01112848,0.01672874,0.0,0.0,0.001756612,0.0,7.960181e-05,0.01018473
0.205,0.04056,0.03649,0.0383,0.01299456,0.02688208,0.01115435,0.01677544,0.0,0.0,0.001761607,0.0,7.860731e-05,0.01010663
0.205,0.04055,0.03659,0.0384,0.01302407,0.02684945,0.0111799,0.01682174,0.0,0.0,0.00176656,0.0,7.760985e-05,0.01002772
0.205,0.04054,0.03669,0.0385,0.0130532,0.02681564,0.01120512,0.01686762,0.0,0.0,0.001771471,0.0,7.660939e-05,0.009948019
0.205,0.04054,0.03679,0.0386,0.01308197,0.02678066,0.01123003,0.01691308,0.0,0.0,0.00177634,0.0,7.560595e-05,0.009867581
0.205,0.04053,0.03689,0.0387,0.01311038,0.02674457,0.01125461,0.01695813,0.0,0.0,0.001781167,0.0,7.459962e-05,0.009786442
0.205,0.04052,0.03699,0.0388,0.01313841,0.02670741,0.01127887,0.01700276,0.0,0.0,0.001785951,0.0,7.359056e-05,0.009704644
0.205,0.04051,0.03709,0.0389,0.01316608,0.0266692,0.01130281,0.01704698,0.0,0.0,0.001790693,0.0,7.257897e-05,0.009622225
0.205,0.0405,0.03719,0.039,0.01319339,0.02663,0.01132643,0.01709077,0.0,0.0,0.001795392,0.0,7.15651e-05,0.00953923
0.205,0.0405,0.03729,0.0391,0.01322033,0.02658985,0.01134973,0.01713415,0.0,0.0,0.001800049,0.0,7.054924e-05,0.009455699
0.205,0.04049,0.03739,0.0392,0.0132469,0.02654879,0.0113727,0.01717712,0.0,0.0,0.001804664,0.0,6.953169e-05,0.009371674
0.205,0.04048,0.03749,0.0393,0.0132731,0.02650686,0.01139535,0.01721966,0.0,0.0,0.001809236,0.0,6.85128e-05,0.009287198
0.205,0.04047,0.03759,0.0394,0.01329894,0.02646409,0.01141768,0.01726178,0.0,0.0,0.001813765,0.0,6.749293e-05,0.009202313
0.205,0.04046,0.03769,0.0395,0.01332442,0.02642055,0.01143969,0.01730349,0.0,0.0,0.001818252,0.0,6.647245e-05,0.00911706
0.205,0.04046,0.03779,0.0396,0.01334953,0.02637625,0.01146138,0.01734477,0.0,0.0,0.001822696,0.0,6.545178e-05,0.009031482
0.205,0.04045,0.03789,0.0397,0.01337427,0.02633126,0.01148275,0.01738564,0.0,0.0,0.001827097,0.0,6.44313e-05,0.008945619
0.205,0.04044,0.03799,0.0398,0.01339866,0.0262856,0.01150379,0.01742608,0.0,0.0,0.001831456,0.0,6.341144e-05,0.008859514
0.205,0.04043,0.03809,0.0399,0.01342268,0.02623931,0.01152451,0.01746611,0.0,0.0,0.001835772,0.0,6.23926e-05,0.008773208
0.205,0.04042,0.03819,0.04,0.01344634,0.02619245,0.01154492,0.01750571,0.0,0.0,0.001840045,0.0,6.137522e-05,0.00868674
0.205,0.04042,0.03829,0.0401,0.01346963,0.02614504,0.011565,0.01754489,0.0,0.0,0.001844276,0.0,6.035971e-05,0.00860015
0.205,0.04041,0.03839,0.0402,0.01349257,0.02609714,0.01158476,0.01758366,0.0,0.0,0.001848464,0.0,5.934649e-05,0.008513479
0.205,0.0404,0.03849,0.0403,0.01351514,0.02604876,0.0116042,0.017622,0.0,0.0,0.001852608,0.0,5.8336e-05,0.008426764
0.205,0.04039,0.03859,0.0404,0.01353736,0.02599997,0.01162332,0.01765992,0.0,0.0,0.00185671,0.0,5.732864e-05,0.008340044
0.205,0.04038,0.03869,0.0405,0.01355922,0.02595078,0.01164212,0.01769742,0.0,0.0,0.00186077,0.0,5.632483e-05,0.008253356
0.205,0.04038,0.03879,0.0406,0.01358072,0.02590124,0.01166061,0.01773451,0.0,0.0,0.001864786,0.0,5.532498e-05,0.008166736
0.205,0.04037,0.03889,0.0407,0.01360186,0.02585139,0.01167877,0.01777117,0.0,0.0,0.001868759,0.0,5.432949e-05,0.008080222
0.205,0.04036,0.03899,0.0408,0.01362264,0.02580125,0.01169661,0.01780741,0.0,0.0,0.00187269,0.0,5.333874e-05,0.007993846
0.205,0.04035,0.0391,0.0409,0.01364307,0.02575087,0.01171414,0.01784323,0.0,0.0,0.001876578,0.0,5.235314e-05,0.007907645
0.205,0.04034,0.0392,0.041,0.01366315,0.02570028,0.01173135,0.01787863,0.0,0.0,0.001880422,0.0,5.137305e-05,0.007821651
0.205,0.04034,0.0393,0.0411,0.01368286,0.0256495,0.01174824,0.01791361,0.0,0.0,0.001884224,0.0,5.039884e-05,0.007735896
0.205,0.04033,0.0394,0.0412,0.01370223,0.02559858,0.01176482,0.01794817,0.0,0.0,0.001887983,0.0,4.943088e-05,0.007650413
0.205,0.04032,0.0395,0.0413,0.01372124,0.02554754,0.01178108,0.01798231,0.0,0.0,0.0018917,0.0,4.84695e-05,0.007565231
0.205,0.04031,0.0396,0.0414,0.01373991,0.02549641,0.01179702,0.01801603,0.0,0.0,0.001895373,0.0,4.751506e-05,0.00748038
0.205,0.0403,0.0397,0.0415,0.01375822,0.02544522,0.01181265,0.01804933,0.0,0.0,0.001899003,0.0,4.656787e-05,0.007395888
0.205,0.04029,0.0398,0.0416,0.01377618,0.025394,0.01182796,0.01808221,0.0,0.0,0.001902591,0.0,4.562825e-05,0.007311785
0.205,0.04029,0.0399,0.0417,0.01379379,0.02534277,0.01184296,0.01811468,0.0,0.0,0.001906136,0.0,4.469651e-05,0.007228095
0.205,0.04028,0.04,0.0418,0.01381106,0.02529157,0.01185764,0.01814673,0.0,0.0,0.001909638,0.0,4.377294e-05,0.007144844
0.205,0.04027,0.0401,0.0419,0.01382797,0.02524041,0.01187202,0.01817836,0.0,0.0,0.001913097,0.0,4.285782e-05,0.007062058
0.205,0.04026,0.0402,0.042,0.01384454,0.02518933,0.01188608,0.01820957,0.0,0.0,0.001916513,0.0,4.195143e-05,0.00697976
0.205,0.04025,0.0403,0.0421,0.01386077,0.02513834,0.01189983,0.01824037,0.0,0.0,0.001919887,0.0,4.105402e-05,0.006897972
0.205,0.04024,0.0404,0.0422,0.01387665,0.02508746,0.01191327,0.01827075,0.0,0.0,0.001923218,0.0,4.016584e-05,0.006816715
0.205,0.04024,0.0405,0.0423,0.01389219,0.02503672,0.01192639,0.01830071,0.0,0.0,0.001926506,0.0,3.928712e-05,0.006736011
0.205,0.04023,0.0406,0.0424,0.01390738,0.02498614,0.01193921,0.01833026,0.0,0.0,0.001929751,0.0,3.84181e-05,0.006655879
0.205,0.04022,0.0407,0.0425,0.01392223,0.02493574,0.01195172,0.0183594,0.0,0.0,0.001932954,0.0,3.755897e-05,0.006576337
0.205,0.04021,0.0408,0.0426,0.01393675,0.02488552,0.01196392,0.01838812,0.0,0.0,0.001936114,0.0,3.670994e-05,0.006497403
0.205,0.0402,0.0409,0.0427,0.01395092,0.02483552,0.01197582,0.01841643,0.0,0.0,0.001939231,0.0,3.58712e-05,0.006419093
0.205,0.04019,0.041,0.0428,0.01396475,0.02478575,0.01198741,0.01844433,0.0,0.0,0.001942306,0.0,3.504292e-05,0.006341423
0.205,0.04018,0.0411,0.0429,0.01397825,0.02473622,0.01199869,0.01847181,0.0,0.0,0.001945338,0.0,3.422526e-05,0.006264406
0.205,0.04018,0.0412,0.043,0.01399141,0.02468694,0.01200967,0.01849889,0.0,0.0,0.001948328,0.0,3.341839e-05,0.006188057
0.205,0.04017,0.0413,0.0431,0.01400424,0.02463794,0.01202034,0.01852555,0.0,0.0,0.001951275,0.0,3.262244e-05,0.006112388
0.205,0.04016,0.0414,0.0432,0.01401673,0.02458922,0.01203071,0.0185518,0.0,0.0,0.00195418,0.0,3.183754e-05,0.006037411
0.205,0.04015,0.0415,0.0433,0.01402889,0.02454079,0.01204078,0.01857765,0.0,0.0,0.001957043,0.0,3.106381e-05,0.005963136
0.205,0.04014,0.0416,0.0434,0.01404071,0.02449266,0.01205055,0.01860309,0.0,0.0,0.001959863,0.0,3.030136e-05,0.005889573
0.205,0.04013,0.0417,0.0435,0.0140522,0.02444485,0.01206001,0.01862812,0.0,0.0,0.001962641,0.0,2.955028e-05,0.005816731
0.205,0.04012,0.04181,0.0436,0.01406337,0.02439736,0.01206918,0.01865274,0.0,0.0,0.001965376,0.0,2.881067e-05,0.005744617
0.205,0.04012,0.04191,0.0437,0.0140742,0.0243502,0.01207805,0.01867696,0.0,0.0,0.00196807,0.0,2.808259e-05,0.005673239
0.205,0.04011,0.04201,0.0438,0.01408471,0.02430338,0.01208662,0.01870078,0.0,0.0,0.001970721,0.0,2.736611e-05,0.005602603
0.205,0.0401,0.04211,0.0439,0.01409489,0.0242569,0.0120949,0.01872419,0.0,0.0,0.00197333,0.0,2.666129e-05,0.005532714
0.205,0.04009,0.04221,0.044,0.01410474,0.02421077,0.01210288,0.0187472,0.0,0.0,0.001975897,0.0,2.596817e-05,0.005463577
0.205,0.04008,0.04231,0.0441,0.01411427,0.024165,0.01211056,0.0187698,0.0,0.0,0.001978422,0.0,2.528679e-05,0.005395196
0.205,0.04007,0.04241,0.0442,0.01412347,0.02411958,0.01211795,0.01879201,0.0,0.0,0.001980905,0.0,2.461717e-05,0.005327572
0.205,0.04006,0.04251,0.0443,0.01413236,0.02407453,0.01212505,0.01881382,0.0,0.0,0.001983347,0.0,2.395933e-05,0.00526071
0.205,0.04005,0.04261,0.0444,0.01414092,0.02402984,0.01213186,0.01883523,0.0,0.0,0.001985746,0.0,2.331328e-05,0.00519461
0.205,0.04004,0.04271,0.0445,0.01414916,0.02398551,0.01213838,0.01885624,0.0,0.0,0.001988104,0.0,2.267901e-05,0.005129272
0.205,0.04004,0.04281,0.0446,0.01415708,0.02394155,0.0121446,0.01887685,0.0,0.0,0.00199042,0.0,2.205652e-05,0.005064698
0.205,0.04003,0.04291,0.0447,0.01416468,0.02389796,0.01215054,0.01889707,0.0,0.0,0.001992694,0.0,2.144579e-05,0.005000887
0.205,0.04002,0.04301,0.0448,0.01417197,0.02385473,0.0121562,0.0189169,0.0,0.0,0.001994927,0.0,2.084679e-05,0.004937836
0.205,0.04001,0.04311,0.0449,0.01417894,0.02381188,0.01216156,0.01893633,0.0,0.0,0.001997118,0.0,2.025949e-05,0.004875545
0.205,0.04,0.04321,0.045,0.0141856,0.02376938,0.01216665,0.01895537,0.0,0.0,0.001999268,0.0,1.968384e-05,0.004814012
0.205,0.03999,0.04331,0.0451,0.01419194,0.02372725,0.01217145,0.01897402,0.0,0.0,0.002001377,0.0,1.91198e-05,0.004753232
0.205,0.03998,0.04341,0.0452,0.01419797,0.02368549,0.01217596,0.01899228,0.0,0.0,0.002003444,0.0,1.85673e-05,0.004693203
0.205,0.03997,0.04351,0.0453,0.0142037,0.02364408,0.0121802,0.01901016,0.0,0.0,0.00200547,0.0,1.802629e-05,0.004633921
0.205,0.03996,0.04361,0.0454,0.01420911,0.02360302,0.01218416,0.01902764,0.0,0.0,0.002007455,0.0,1.74967e-05,0.004575381
0.205,0.03995,0.04371,0.0455,0.01421421,0.02356232,0.01218783,0.01904474,0.0,0.0,0.002009399,0.0,1.697844e-05,0.004517578
0.205,0.03995,0.04381,0.0456,0.014219,0.02352197,0.01219123,0.01906146,0.0,0.0,0.002011302,0.0,1.647145e-05,0.004460507
0.205,0.03994,0.04391,0.0457,0.01422349,0.02348195,0.01219435,0.01907779,0.0,0.0,0.002013164,0.0,1.597562e-05,0.004404162
0.205,0.03993,0.04401,0.0458,0.01422768,0.02344228,0.0121972,0.01909374,0.0,0.0,0.002014985,0.0,1.549087e-05,0.004348537
0.205,0.03992,0.04411,0.0459,0.01423156,0.02340294,0.01219978,0.01910932,0.0,0.0,0.002016765,0.0,1.501709e-05,0.004293625
0.205,0.03991,0.04421,0.046,0.01423514,0.02336393,0.01220208,0.01912451,0.0,0.0,0.002018505,0.0,1.455419e-05,0.004239418
0.205,0.0399,0.04432,0.0461,0.01423842,0.02332523,0.01220411,0.01913932,0.0,0.0,0.002020204,0.0,1.410205e-05,0.004185911
0.205,0.03989,0.04442,0.0462,0.01424139,0.02328686,0.01220587,0.01915376,0.0,0.0,0.002021863,0.0,1.366056e-05,0.004133095
0.205,0.03988,0.04452,0.0463,0.01424407,0.02324879,0.01220736,0.01916783,0.0,0.0,0.002023481,0.0,1.32296e-05,0.004080962
0.205,0.03987,0.04462,0.0464,0.01424646,0.02321102,0.01220859,0.01918152,0.0,0.0,0.00202506,0.0,1.280906e-05,0.004029505
0.205,0.03986,0.04472,0.0465,0.01424854,0.02317355,0.01220955,0.01919484,0.0,0.0,0.002026597,0.0,1.23988e-05,0.003978714
0.205,0.03985,0.04482,0.0466,0.01425034,0.02313637,0.01221024,0.01920778,0.0,0.0,0.002028095,0.0,1.19987e-05,0.003928581
0.205,0.03984,0.04492,0.0467,0.01425183,0.02309946,0.01221067,0.01922036,0.0,0.0,0.002029553,0.0,1.160863e-05,0.003879099
0.205,0.03983,0.04502,0.0468,0.01425304,0.02306283,0.01221084,0.01923258,0.0,0.0,0.002030971,0.0,1.122844e-05,0.003830256
0.205,0.03983,0.04512,0.0469,0.01425396,0.02302647,0.01221075,0.01924442,0.0,0.0,0.002032349,0.0,1.085801e-05,0.003782045
0.205,0.03982,0.04522,0.047,0.01425458,0.02299036,0.0122104,0.0192559,0.0,0.0,0.002033687,0.0,1.049719e-05,0.003734456
0.205,0.03981,0.04532,0.0471,0.01425492,0.0229545,0.01220979,0.01926702,0.0,0.0,0.002034985,0.0,1.014583e-05,0.00368748
0.205,0.0398,0.04542,0.0472,0.01425498,0.02291889,0.01220893,0.01927778,0.0,0.0,0.002036244,0.0,9.803799e-06,0.003641107
0.205,0.03979,0.04552,0.0473,0.01425474,0.0228835,0.01220781,0.01928818,0.0,0.0,0.002037464,0.0,9.470943e-06,0.003595328
0.205,0.03978,0.04562,0.0474,0.01425423,0.02284835,0.01220643,0.01929822,0.0,0.0,0.002038644,0.0,9.147114e-06,0.003550133
0.205,0.03977,0.04572,0.0475,0.01425343,0.02281341,0.01220481,0.0193079,0.0,0.0,0.002039785,0.0,8.832161e-06,0.003505512
0.205,0.03976,0.04582,0.0476,0.01425235,0.02277868,0.01220293,0.01931723,0.0,0.0,0.002040887,0.0,8.525932e-06,0.003461456
0.205,0.03975,0.04592,0.0477,0.01425098,0.02274416,0.01220081,0.0193262,0.0,0.0,0.00204195,0.0,8.228275e-06,0.003417955
0.205,0.03974,0.04602,0.0478,0.01424935,0.02270982,0.01219843,0.01933482,0.0,0.0,0.002042974,0.0,7.939035e-06,0.003374999
0.205,0.03973,0.04612,0.0479,0.01424743,0.02267567,0.01219581,0.0193431,0.0,0.0,0.002043959,0.0,7.658059e-06,0.003332579
0.205,0.03972,0.04622,0.048,0.01424524,0.0226417,0.01219295,0.01935102,0.0,0.0,0.002044906,0.0,7.38519e-06,0.003290685
0.205,0.03971,0.04632,0.0481,0.01424277,0.0226079,0.01218984,0.0193586,0.0,0.0,0.002045814,0.0,7.120273e-06,0.003249306
0.205,0.0397,0.04642,0.0482,0.01424003,0.02257426,0.01218649,0.01936583,0.0,0.0,0.002046683,0.0,6.863152e-06,0.003208435
0.205,0.03969,0.04652,0.0483,0.01423702,0.02254078,0.0121829,0.01937272,0.0,0.0,0.002047514,0.0,6.613671e-06,0.003168061
0.205,0.03968,0.04662,0.0484,0.01423374,0.02250744,0.01217907,0.01937926,0.0,0.0,0.002048307,0.0,6.371675e-06,0.003128174
0.205,0.03967,0.04673,0.0485,0.0142302,0.02247423,0.012175,0.01938547,0.0,0.0,0.002049062,0.0,6.137006e-06,0.003088766
0.205,0.03966,0.04683,0.0486,0.01422638,0.02244116,0.01217069,0.01939134,0.0,0.0,0.002049778,0.0,5.909511e-06,0.003049827
0.205,0.03965,0.04693,0.0487,0.0142223,0.02240822,0.01216615,0.01939687,0.0,0.0,0.002050457,0.0,5.689034e-06,0.003011348
0.205,0.03964,0.04703,0.0488,0.01421795,0.02237538,0.01216138,0.01940206,0.0,0.0,0.002051098,0.0,5.475421e-06,0.00297332
0.205,0.03963,0.04713,0.0489,0.01421335,0.02234266,0.01215638,0.01940693,0.0,0.0,0.002051701,0.0,5.268518e-06,0.002935734
0.205,0.03962,0.04723,0.049,0.01420848,0.02231004,0.01215114,0.01941146,0.0,0.0,0.002052267,0.0,5.068173e-06,0.002898581
0.205,0.03961,0.04733,0.0491,0.01420335,0.02227751,0.01214568,0.01941566,0.0,0.0,0.002052795,0.0,4.874233e-06,0.002861853
0.205,0.0396,0.04743,0.0492,0.01419796,0.02224508,0.01213999,0.01941953,0.0,0.0,0.002053286,0.0,4.686549e-06,0.002825541
0.205,0.03959,0.04753,0.0493,0.01419232,0.02221272,0.01213407,0.01942308,0.0,0.0,0.00205374,0.0,4.504972e-06,0.002789637
0.205,0.03958,0.04763,0.0494,0.01418642,0.02218044,0.01212793,0.01942631,0.0,0.0,0.002054157,0.0,4.329352e-06,0.002754133
0.205,0.03957,0.04773,0.0495,0.01418027,0.02214823,0.01212157,0.01942921,0.0,0.0,0.002054536,0.0,4.159544e-06,0.002719021
0.205,0.03956,0.04783,0.0496,0.01417386,0.02211608,0.01211499,0.01943179,0.0,0.0,0.002054879,0.0,3.995402e-06,0.002684293
0.205,0.03955,0.04793,0.0497,0.01416802,0.022084,0.01210819,0.01943405,8.111394e-07,1.661345e-08,0.002055186,0.0,3.836783e-06,0.002649941
0.205,0.03954,0.04803,0.0498,0.01416111,0.02205196,0.01210116,0.01943599,8.091345e-07,1.634153e-08,0.002055455,0.0,3.683545e-06,0.002615958
0.205,0.03953,0.04813,0.0499,0.01415396,0.02201997,0.01209393,0.01943762,8.07297e-07,1.608712e-08,0.002055689,0.0,3.535547e-06,0.002582336
0.205,0.03952,0.04823,0.05,0.01414656,0.02198802,0.01208647,0.01943893,8.056092e-07,1.584852e-08,0.002055886,0.0,3.392651e-06,0.002549069
0.205,0.03951,0.04833,0.0501,0.01413891,0.0219561,0.01207881,0.01943994,8.040559e-07,1.562423e-08,0.002056046,0.0,3.254721e-06,0.00251615
0.205,0.0395,0.04843,0.0502,0.01413103,0.02192422,0.01207093,0.01944063,8.026242e-07,1.541296e-08,0.002056171,0.0,3.121622e-06,0.002483572
0.205,0.03949,0.04853,0.0503,0.0141229,0.02189236,0.01206284,0.01944101,8.013024e-07,1.521356e-08,0.00205626,0.0,2.993221e-06,0.002451328
0.205,0.03948,0.04863,0.0504,0.01411453,0.02186052,0.01205454,0.01944109,8.000806e-07,1.502504e-08,0.002056313,0.0,2.869387e-06,0.002419413
0.205,0.03947,0.04873,0.0505,0.01410592,0.0218287,0.01204604,0.01944087,7.989499e-07,1.484651e-08,0.002056331,0.0,2.749993e-06,0.002387819
0.205,0.03946,0.04883,0.0506,0.01409708,0.0217969,0.01203733,0.01944034,7.979028e-07,1.467717e-08,0.002056312,0.0,2.63491e-06,0.002356542
0.205,0.03945,0.04894,0.0507,0.014088,0.0217651,0.01202842,0.01943951,7.969321e-07,1.451632e-08,0.002056259,0.0,2.524016e-06,0.002325575
0.205,0.03944,0.04904,0.0508,0.01407868,0.02173331,0.0120193,0.01943838,7.960319e-07,1.436333e-08,0.00205617,0.0,2.417187e-06,0.002294913
0.205,0.03943,0.04914,0.0509,0.01406914,0.02170152,0.01200998,0.01943696,7.951967e-07,1.421763e-08,0.002056046,0.0,2.314303e-06,0.002264551
0.205,0.03942,0.04924,0.051,0.01405936,0.02166974,0.01200047,0.01943524,7.944216e-07,1.407872e-08,0.002055888,0.0,2.215248e-06,0.002234483
0.205,0.03941,0.04934,0.0511,0.01404936,0.02163794,0.01199075,0.01943323,7.937022e-07,1.394612e-08,0.002055694,0.0,2.119904e-06,0.002204704
0.205,0.0394,0.04944,0.0512,0.01403913,0.02160615,0.01198084,0.01943092,7.930346e-07,1.381942e-08,0.002055466,0.0,2.028159e-06,0.00217521
0.205,0.03939,0.04954,0.0513,0.01402867,0.02157434,0.01197074,0.01942833,7.924152e-07,1.369824e-08,0.002055203,0.0,1.939902e-06,0.002145997
0.205,0.03938,0.04964,0.0514,0.01401799,0.02154252,0.01196044,0.01942545,7.918408e-07,1.358223e-08,0.002054906,0.0,1.855024e-06,0.002117059
0.205,0.03937,0.04974,0.0515,0.01400708,0.02151069,0.01194995,0.01942228,7.913085e-07,1.347108e-08,0.002054574,0.0,1.773418e-06,0.002088392
0.205,0.03936,0.04984,0.0516,0.01399596,0.02147884,0.01193926,0.01941883,7.908156e-07,1.336449e-08,0.002054208,0.0,1.69498e-06,0.002059993
0.205,0.03935,0.04994,0.0517,0.01398558,0.02144699,0.0119284,0.0194151,1.756371e-06,3.467345e-08,0.002053809,0.0,1.619608e-06,0.002031858
0.205,0.03934,0.05004,0.0518,0.01397402,0.0214151,0.01191734,0.01941108,1.753705e-06,3.421988e-08,0.002053375,0.0,1.547203e-06,0.002003983
0.205,0.03933,0.05014,0.0519,0.01396223,0.02138319,0.0119061,0.01940679,1.751269e-06,3.379318e-08,0.002052908,0.0,1.477667e-06,0.001976365
0.205,0.03932,0.05024,0.052,0.01395024,0.02135126,0.01189467,0.01940223,1.74904e-06,3.339087e-08,0.002052407,0.0,1.410905e-06,0.001948999
0.205,0.03931,0.05034,0.0521,0.01393803,0.0213193,0.01188306,0.01939739,1.746999e-06,3.301079e-08,0.002051873,0.0,1.346823e-06,0.001921884
0.205,0.0393,0.05044,0.0522,0.01392561,0.02128732,0.01187128,0.01939227,1.745128e-06,3.265103e-08,0.002051305,0.0,1.285333e-06,0.001895016
0.205,0.03929,0.05054,0.0523,0.01391298,0.02125531,0.01185931,0.01938689,1.743412e-06,3.230992e-08,0.002050705,0.0,1.226344e-06,0.001868392
0.205,0.03928,0.05064,0.0524,0.01390015,0.02122328,0.01184716,0.01938124,1.741838e-06,3.198599e-08,0.002050071,0.0,1.169771e-06,0.001842009
0.205,0.03927,0.05074,0.0525,0.0138871,0.02119121,0.01183484,0.01937532,1.740394e-06,3.167791e-08,0.002049405,0.0,1.115531e-06,0.001815866
0.205,0.03926,0.05084,0.0526,0.01387385,0.02115912,0.01182234,0.01936913,1.73907e-06,3.13845e-08,0.002048706,0.0,1.06354e-06,0.001789959
0.205,0.03925,0.05094,0.0527,0.0138604,0.021127,0.01180968,0.01936268,1.737856e-06,3.110473e-08,0.002047974,0.0,1.013721e-06,0.001764286
0.205,0.03924,0.05104,0.0528,0.01384675,0.02109485,0.01179683,0.01935598,1.736745e-06,3.083763e-08,0.00204721,0.0,9.659942e-07,0.001738846
0.205,0.03923,0.05115,0.0529,0.01383289,0.02106267,0.01178382,0.01934901,1.73573e-06,3.058235e-08,0.002046414,0.0,9.202855e-07,0.001713635
0.205,0.03922,0.05125,0.053,0.01381884,0.02103047,0.01177065,0.01934178,1.734802e-06,3.033812e-08,0.002045585,0.0,8.765214e-07,0.001688653
0.205,0.03921,0.05135,0.0531,0.01380459,0.02099823,0.0117573,0.0193343,1.733958e-06,3.010424e-08,0.002044725,0.0,8.346306e-07,0.001663898
0.205,0.03919,0.05145,0.0532,0.01379015,0.02096597,0.01174379,0.01932657,1.73319e-06,2.988006e-08,0.002043833,0.0,7.94544e-07,0.001639367
0.205,0.03918,0.05155,0.0533,0.01377551,0.02093367,0.01173011,0.01931858,1.732495e-06,2.966499e-08,0.002042909,0.0,7.561944e-07,0.00161506
0.205,0.03917,0.05165,0.0534,0.01376068,0.02090135,0.01171628,0.01931035,1.731868e-06,2.945852e-08,0.002041954,0.0,7.195166e-07,0.001590975
0.205,0.03916,0.05175,0.0535,0.01374566,0.02086901,0.01170228,0.01930187,1.731305e-06,2.926013e-08,0.002040968,0.0,6.844474e-07,0.00156711
0.205,0.03915,0.05185,0.0536,0.01373045,0.02083663,0.01168812,0.01929314,1.730802e-06,2.906938e-08,0.00203995,0.0,6.509253e-07,0.001543465
0.205,0.03914,0.05195,0.0537,0.01371621,0.02080426,0.01167381,0.01928417,2.877147e-06,5.628358e-08,0.002038901,0.0,6.188909e-07,0.001520038
0.205,0.03913,0.05205,0.0538,0.01370062,0.02077184,0.01165934,0.01927495,2.874269e-06,5.564713e-08,0.002037822,0.0,5.882864e-07,0.001496828
0.205,0.03912,0.05215,0.0539,0.01368485,0.02073939,0.01164471,0.0192655,2.871673e-06,5.504716e-08,0.002036712,0.0,5.590562e-07,0.001473835
0.205,0.03911,0.05225,0.054,0.0136689,0.02070692,0.01162993,0.01925581,2.86933e-06,5.448036e-08,0.002035571,0.0,5.31146e-07,0.001451057
0.205,0.0391,0.05235,0.0541,0.01365277,0.02067442,0.011615,0.01924588,2.867218e-06,5.394383e-08,0.0020344,0.0,5.045035e-07,0.001428493
0.205,0.03909,0.05245,0.0542,0.01363647,0.02064191,0.01159992,0.01923571,2.865315e-06,5.343504e-08,0.002033198,0.0,4.790781e-07,0.001406144
0.205,0.03908,0.05255,0.0543,0.01361998,0.02060938,0.01158469,0.01922532,2.863603e-06,5.295176e-08,0.002031967,0.0,4.548207e-07,0.001384008
0.205,0.03907,0.05265,0.0544,0.01360332,0.02057683,0.01156932,0.01921469,2.862067e-06,5.249201e-08,0.002030705,0.0,4.316841e-07,0.001362084
0.205,0.03905,0.05275,0.0545,0.01358648,0.02054426,0.0115538,0.01920384,2.860693e-06,5.205401e-08,0.002029414,0.0,4.096224e-07,0.001340372
0.205,0.03904,0.05285,0.0546,0.01356947,0.02051168,0.01153813,0.01919275,2.859467e-06,5.163621e-08,0.002028093,0.0,3.885913e-07,0.001318872
0.205,0.03903,0.05295,0.0547,0.01355229,0.02047908,0.01152232,0.01918145,2.85838e-06,5.123719e-08,0.002026743,0.0,3.685482e-07,0.001297583
0.205,0.03902,0.05305,0.0548,0.01353494,0.02044647,0.01150637,0.01916991,2.857421e-06,5.085567e-08,0.002025363,0.0,3.494519e-07,0.001276504
0.205,0.03901,0.05315,0.0549,0.01351743,0.02041385,0.01149028,0.01915816,2.856581e-06,5.04905e-08,0.002023955,0.0,3.312625e-07,0.001255636
0.205,0.039,0.05326,0.055,0.01349974,0.02038122,0.01147406,0.01914619,2.855853e-06,5.014066e-08,0.002022517,0.0,3.139417e-07,0.001234978
0.205,0.03899,0.05336,0.0551,0.01348189,0.02034858,0.01145769,0.019134,2.855229e-06,4.980518e-08,0.00202105,0.0,2.974524e-07,0.001214529
0.205,0.03898,0.05346,0.0552,0.01346388,0.02031593,0.01144119,0.01912159,2.854702e-06,4.948321e-08,0.002019555,0.0,2.81759e-07,0.00119429
0.205,0.03897,0.05356,0.0553,0.01344571,0.02028328,0.01142456,0.01910898,2.854267e-06,4.917395e-08,0.002018031,0.0,2.668271e-07,0.001174259
0.205,0.03896,0.05366,0.0554,0.01342738,0.02025063,0.01140779,0.01909614,2.853919e-06,4.887668e-08,0.002016479,0.0,2.526235e-07,0.001154438
0.205,0.03894,0.05376,0.0555,0.01340889,0.02021798,0.0113909,0.0190831,2.853653e-06,4.859074e-08,0.002014899,0.0,2.391165e-07,0.001134824
0.205,0.03893,0.05386,0.0556,0.01339024,0.02018532,0.01137387,0.01906985,2.853463e-06,4.831551e-08,0.002013291,0.0,2.262752e-07,0.00111542
0.205,0.03892,0.05396,0.0557,0.0133728,0.0201527,0.01135672,0.0190564,4.21031e-06,8.286185e-08,0.002011655,0.0,2.140702e-07,0.001096223
0.205,0.03891,0.05406,0.0558,0.01335384,0.02012005,0.01133944,0.01904273,4.207546e-06,8.201724e-08,0.002009991,0.0,2.024731e-07,0.001077235
0.205,0.0389,0.05416,0.0559,0.01333473,0.0200874,0.01132203,0.01902887,4.205115e-06,8.122039e-08,0.0020083,0.0,1.914565e-07,0.001058454
0.205,0.03889,0.05426,0.056,0.01331547,0.02005476,0.0113045,0.0190148,4.202984e-06,8.046697e-08,0.002006581,0.0,1.809943e-07,0.00103988
0.205,0.03888,0.05436,0.0561,0.01329606,0.02002213,0.01128685,0.01900054,4.201126e-06,7.975323e-08,0.002004836,0.0,1.710611e-07,0.001021514
0.205,0.03887,0.05446,0.0562,0.0132765,0.01998951,0.01126908,0.01898608,4.199516e-06,7.907586e-08,0.002003063,0.0,1.616328e-07,0.001003355
0.205,0.03886,0.05456,0.0563,0.0132568,0.0199569,0.01125119,0.01897142,4.198133e-06,7.843197e-08,0.002001263,0.0,1.526861e-07,0.0009854035
0.205,0.03884,0.05466,0.0564,0.01323695,0.0199243,0.01123318,0.01895657,4.196958e-06,7.781898e-08,0.001999436,0.0,1.441986e-07,0.0009676584
0.205,0.03883,0.05476,0.0565,0.01321696,0.01989172,0.01121505,0.01894152,4.195976e-06,7.723459e-08,0.001997583,0.0,1.361491e-07,0.0009501197
0.205,0.03882,0.05486,0.0566,0.01319683,0.01985915,0.01119681,0.01892629,4.195171e-06,7.667677e-08,0.001995704,0.0,1.285168e-07,0.0009327872
0.205,0.03881,0.05496,0.0567,0.01317656,0.0198266,0.01117845,0.01891086,4.194531e-06,7.614367e-08,0.001993798,0.0,1.212822e-07,0.0009156608
0.205,0.0388,0.05506,0.0568,0.01315616,0.01979407,0.01115998,0.01889525,4.194044e-06,7.563363e-08,0.001991867,0.0,1.144263e-07,0.00089874
0.205,0.03879,0.05517,0.0569,0.01313561,0.01976156,0.0111414,0.01887946,4.193699e-06,7.514518e-08,0.001989909,0.0,1.07931e-07,0.0008820247
0.205,0.03878,0.05527,0.057,0.01311493,0.01972907,0.01112271,0.01886348,4.193488e-06,7.467693e-08,0.001987926,0.0,1.017791e-07,0.0008655144
0.205,0.03876,0.05537,0.0571,0.01309412,0.01969661,0.01110391,0.01884732,4.193403e-06,7.422768e-08,0.001985917,0.0,9.595391e-08,0.0008492088
0.205,0.03875,0.05547,0.0572,0.01307318,0.01966417,0.01108501,0.01883098,4.193434e-06,7.379629e-08,0.001983883,0.0,9.043957e-08,0.0008331076
0.205,0.03874,0.05557,0.0573,0.0130521,0.01963175,0.011066,0.01881447,4.193577e-06,7.338172e-08,0.001981823,0.0,8.522088e-08,0.0008172104
0.205,0.03873,0.05567,0.0574,0.0130309,0.01959936,0.01104688,0.01879777,4.193824e-06,7.298305e-08,0.001979739,0.0,8.028332e-08,0.0008015167
0.205,0.03872,0.05577,0.0575,0.01300956,0.019567,0.01102767,0.01878091,4.194169e-06,7.25994e-08,0.001977629,0.0,7.561298e-08,0.000786026
0.205,0.03871,0.05587,0.0576,0.01298811,0.01953468,0.01100835,0.01876387,4.194608e-06,7.222998e-08,0.001975495,0.0,7.119658e-08,0.000770738
0.205,0.0387,0.05597,0.0577,0.01296812,0.01950242,0.01098893,0.01874665,5.795443e-06,1.157984e-07,0.001973336,0.0,6.702142e-08,0.000755652
0.205,0.03868,0.05607,0.0578,0.01294642,0.01947016,0.01096941,0.01872927,5.793131e-06,1.147075e-07,0.001971153,0.0,6.307537e-08,0.0007407676
0.205,0.03867,0.05617,0.0579,0.01292459,0.01943792,0.01094979,0.01871173,5.791204e-06,1.136779e-07,0.001968946,0.0,5.934686e-08,0.0007260841
0.205,0.03866,0.05627,0.058,0.01290264,0.01940572,0.01093008,0.01869401,5.789625e-06,1.127041e-07,0.001966714,0.0,5.582483e-08,0.0007116009
0.205,0.03865,0.05637,0.0581,0.01288057,0.01937356,0.01091027,0.01867613,5.788363e-06,1.117813e-07,0.001964459,0.0,5.249874e-08,0.0006973174
0.205,0.03864,0.05647,0.0582,0.01285838,0.01934144,0.01089037,0.01865809,5.78739e-06,1.109052e-07,0.00196218,0.0,4.93585e-08,0.0006832329
0.205,0.03863,0.05657,0.0583,0.01283608,0.01930935,0.01087037,0.01863989,5.78668e-06,1.100722e-07,0.001959877,0.0,4.639453e-08,0.0006693467
0.205,0.03861,0.05667,0.0584,0.01281367,0.0192773,0.01085029,0.01862153,5.786212e-06,1.092789e-07,0.001957551,0.0,4.359768e-08,0.000655658
0.205,0.0386,0.05677,0.0585,0.01279114,0.01924529,0.01083011,0.01860301,5.785969e-06,1.085224e-07,0.001955202,0.0,4.095921e-08,0.000642166
0.205,0.03859,0.05687,0.0586,0.0127685,0.01921332,0.01080985,0.01858434,5.785932e-06,1.078001e-07,0.001952829,0.0,3.847083e-08,0.0006288699
0.205,0.03858,0.05697,0.0587,0.01274575,0.01918139,0.01078949,0.01856551,5.786087e-06,1.071097e-07,0.001950434,0.0,3.612461e-08,0.0006157689
0.205,0.03857,0.05707,0.0588,0.01272289,0.0191495,0.01076906,0.01854653,5.786421e-06,1.064489e-07,0.001948016,0.0,3.391303e-08,0.000602862
0.205,0.03856,0.05718,0.0589,0.01269993,0.01911765,0.01074853,0.0185274,5.786922e-06,1.05816e-07,0.001945575,0.0,3.18289e-08,0.0005901483
0.205,0.03854,0.05728,0.059,0.01267686,0.01908585,0.01072793,0.01850812,5.787579e-06,1.052091e-07,0.001943112,0.0,2.98654e-08,0.0005776268
0.205,0.03853,0.05738,0.0591,0.01265368,0.01905409,0.01070724,0.01848869,5.788383e-06,1.046268e-07,0.001940627,0.0,2.801605e-08,0.0005652966
0.205,0.03852,0.05748,0.0592,0.0126304,0.01902238,0.01068647,0.01846912,5.789324e-06,1.040674e-07,0.00193812,0.0,2.627465e-08,0.0005531565
0.205,0.03851,0.05758,0.0593,0.01260702,0.01899071,0.01066562,0.0184494,5.790396e-06,1.035299e-07,0.00193559,0.0,2.463536e-08,0.0005412055
0.205,0.0385,0.05768,0.0594,0.01258354,0.01895908,0.01064469,0.01842954,5.79159e-06,1.030128e-07,0.001933039,0.0,2.309257e-08,0.0005294425
0.205,0.03848,0.05778,0.0595,0.01255996,0.01892751,0.01062368,0.01840954,5.7929e-06,1.025152e-07,0.001930467,0.0,2.164101e-08,0.0005178664
0.205,0.03847,0.05788,0.0596,0.01253629,0.01889597,0.0106026,0.0183894,5.794321e-06,1.02036e-07,0.001927873,0.0,2.027563e-08,0.0005064759
0.205,0.03846,0.05798,0.0597,0.01251439,0.01886454,0.01058144,0.01836912,7.676751e-06,1.566176e-07,0.001925258,0.0,1.899166e-08,0.0004952698
0.205,0.03845,0.05808,0.0598,0.01249052,0.0188331,0.01056021,0.0183487,7.675283e-06,1.552322e-07,0.001922622,0.0,1.778456e-08,0.000484247
0.205,0.03844,0.05818,0.0599,0.01246656,0.01880171,0.0105389,0.01832815,7.674255e-06,1.539245e-07,0.001919964,0.0,1.665003e-08,0.0004734061
0.205,0.03842,0.05828,0.06,0.0124425,0.01877036,0.01051753,0.01830747,7.673627e-06,1.526875e-07,0.001917287,0.0,1.558399e-08,0.0004627457
0.205,0.03841,0.05838,0.0601,0.01241836,0.01873907,0.01049608,0.01828665,7.673361e-06,1.515151e-07,0.001914588,0.0,1.458256e-08,0.0004522646
0.205,0.0384,0.05848,0.0602,0.01239412,0.01870782,0.01047456,0.01826571,7.673425e-06,1.504019e-07,0.001911869,0.0,1.364208e-08,0.0004419614
0.205,0.03839,0.05858,0.0603,0.0123698,0.01867662,0.01045298,0.01824463,7.673791e-06,1.493432e-07,0.00190913,0.0,1.275908e-08,0.0004318347
0.205,0.03838,0.05868,0.0604,0.01234539,0.01864546,0.01043133,0.01822343,7.674436e-06,1.48335e-07,0.001906371,0.0,1.193025e-08,0.000421883
0.205,0.03836,0.05878,0.0605,0.01232089,0.01861436,0.01040961,0.01820211,7.675337e-06,1.473734e-07,0.001903592,0.0,1.115248e-08,0.0004121049
0.205,0.03835,0.05888,0.0606,0.01229631,0.0185833,0.01038783,0.01818065,7.676476e-06,1.464551e-07,0.001900793,0.0,1.042281e-08,0.000402499
0.205,0.03834,0.05898,0.0607,0.01227165,0.01855229,0.01036598,0.01815908,7.677835e-06,1.455773e-07,0.001897975,0.0,9.738452e-09,0.0003930635
0.205,0.03833,0.05909,0.0608,0.0122469,0.01852133,0.01034408,0.01813739,7.679399e-06,1.447372e-07,0.001895137,0.0,9.09676e-09,0.0003837972
0.205,0.03832,0.05919,0.0609,0.01222208,0.01849042,0.01032211,0.01811558,7.681156e-06,1.439324e-07,0.00189228,0.0,8.49523e-09,0.0003746983
0.205,0.0383,0.05929,0.061,0.01219717,0.01845955,0.01030008,0.01809364,7.683092e-06,1.431607e-07,0.001889404,0.0,7.931498e-09,0.0003657653
0.205,0.03829,0.05939,0.0611,0.01217219,0.01842874,0.01027799,0.0180716,7.685198e-06,1.424201e-07,0.001886509,0.0,7.403327e-09,0.0003569966
0.205,0.03828,0.05949,0.0612,0.01214713,0.01839797,0.01025584,0.01804943,7.687463e-06,1.417089e-07,0.001883595,0.0,6.908603e-09,0.0003483905
0.205,0.03827,0.05959,0.0613,0.012122,0.01836724,0.01023364,0.01802716,7.689877e-06,1.410252e-07,0.001880663,0.0,6.445331e-09,0.0003399455
0.205,0.03826,0.05969,0.0614,0.01209679,0.01833657,0.01021138,0.01800477,7.692434e-06,1.403677e-07,0.001877712,0.0,6.011624e-09,0.0003316597
0.205,0.03824,0.05979,0.0615,0.01207151,0.01830594,0.01018907,0.01798227,7.695126e-06,1.39735e-07,0.001874743,0.0,5.605702e-09,0.0003235317
0.205,0.03823,0.05989,0.0616,0.01204616,0.01827536,0.0101667,0.01795966,7.697945e-06,1.391256e-07,0.001871756,0.0,5.225885e-09,0.0003155595
0.205,0.03822,0.05999,0.0617,0.01202294,0.01824489,0.01014428,0.01793695,9.904006e-06,2.070489e-07,0.001868751,0.0,4.870587e-09,0.0003077415
0.205,0.03821,0.06009,0.0618,0.01199744,0.0182144,0.01012181,0.01791412,9.903859e-06,2.053117e-07,0.001865729,0.0,4.538312e-09,0.000300076
0.205,0.03819,0.06019,0.0619,0.01197188,0.01818396,0.01009928,0.0178912,9.90421e-06,2.036718e-07,0.001862688,0.0,4.22765e-09,0.0002925613
0.205,0.03818,0.06029,0.062,0.01194625,0.01815356,0.01007671,0.01786816,9.905012e-06,2.021203e-07,0.001859631,0.0,3.937271e-09,0.0002851954
0.205,0.03817,0.06039,0.0621,0.01192056,0.01812321,0.01005409,0.01784503,9.906225e-06,2.006497e-07,0.001856556,0.0,3.665922e-09,0.0002779767
0.205,0.03816,0.06049,0.0622,0.0118948,0.0180929,0.01003142,0.0178218,9.907811e-06,1.992533e-07,0.001853464,0.0,3.412421e-09,0.0002709034
0.205,0.03814,0.06059,0.0623,0.01186898,0.01806264,0.01000871,0.01779846,9.909739e-06,1.979253e-07,0.001850355,0.0,3.175658e-09,0.0002639737
0.205,0.03813,0.06069,0.0624,0.01184309,0.01803241,0.009985947,0.01777503,9.911982e-06,1.966603e-07,0.001847229,0.0,2.954585e-09,0.0002571857
0.205,0.03812,0.06079,0.0625,0.01181715,0.01800224,0.009963142,0.0177515,9.914516e-06,1.954539e-07,0.001844087,0.0,2.748215e-09,0.0002505376
0.205,0.03811,0.0609,0.0626,0.01179114,0.0179721,0.009940294,0.01772788,9.917319e-06,1.943018e-07,0.001840928,0.0,2.555622e-09,0.0002440277
0.205,0.03809,0.061,0.0627,0.01176508,0.01794201,0.009917403,0.01770416,9.920373e-06,1.932004e-07,0.001837753,0.0,2.375932e-09,0.000237654
0.205,0.03808,0.0611,0.0628,0.01173896,0.01791196,0.00989447,0.01768035,9.92366e-06,1.921463e-07,0.001834562,0.0,2.208326e-09,0.0002314148
0.205,0.03807,0.0612,0.0629,0.01171278,0.01788195,0.009871497,0.01765645,9.927165e-06,1.911365e-07,0.001831355,0.0,2.05203e-09,0.0002253082
0.205,0.03806,0.0613,0.063,0.01168655,0.01785198,0.009848484,0.01763246,9.930874e-06,1.901682e-07,0.001828132,0.0,1.906321e-09,0.0002193323
0.205,0.03804,0.0614,0.0631,0.01166026,0.01782205,0.009825433,0.01760838,9.934777e-06,1.892391e-07,0.001824893,0.0,1.770516e-09,0.0002134853
0.205,0.03803,0.0615,0.0632,0.01163392,0.01779217,0.009802344,0.01758421,9.93886e-06,1.883467e-07,0.001821639,0.0,1.643975e-09,0.0002077653
0.205,0.03802,0.0616,0.0633,0.01160753,0.01776232,0.009779218,0.01755996,9.943115e-06,1.874891e-07,0.00181837,0.0,1.526097e-09,0.0002021705
0.205,0.03801,0.0617,0.0634,0.01158109,0.01773251,0.009756057,0.01753562,9.947532e-06,1.866643e-07,0.001815086,0.0,1.416317e-09,0.000196699
0.205,0.03799,0.0618,0.0635,0.0115546,0.01770273,0.00973286,0.0175112,9.952103e-06,1.858705e-07,0.001811786,0.0,1.314107e-09,0.0001913491
0.205,0.03798,0.0619,0.0636,0.01152806,0.017673,0.00970963,0.0174867,9.95682e-06,1.851062e-07,0.001808472,0.0,1.218968e-09,0.0001861187
0.205,0.03797,0.062,0.0637,0.01150404,0.01764339,0.009686366,0.01746211,1.253327e-05,2.690725e-07,0.001805143,0.0,1.130435e-09,0.0001810062
0.205,0.03795,0.0621,0.0638,0.01147741,0.01761372,0.00966307,0.01743745,1.253502e-05,2.669173e-07,0.0018018,0.0,1.04807e-09,0.0001760096
0.205,0.03794,0.0622,0.0639,0.01145072,0.01758409,0.009639743,0.0174127,1.253734e-05,2.648824e-07,0.001798442,0.0,9.714635e-10,0.0001711271
0.205,0.03793,0.0623,0.064,0.011424,0.0175545,0.009616386,0.01738788,1.254016e-05,2.629571e-07,0.00179507,0.0,9.002318e-10,0.0001663568
0.205,0.03792,0.0624,0.0641,0.01139723,0.01752494,0.009592999,0.01736299,1.254343e-05,2.61132e-07,0.001791685,0.0,8.340148e-10,0.000161697
0.205,0.0379,0.0625,0.0642,0.01137042,0.01749542,0.009569584,0.01733802,1.254713e-05,2.593989e-07,0.001788285,0.0,7.724755e-10,0.0001571459
0.205,0.03789,0.06261,0.0643,0.01134356,0.01746593,0.009546141,0.01731297,1.255121e-05,2.577504e-07,0.001784871,0.0,7.152983e-10,0.0001527015
0.205,0.03788,0.06271,0.0644,0.01131667,0.01743647,0.009522671,0.01728785,1.255564e-05,2.561802e-07,0.001781444,0.0,6.621879e-10,0.0001483621
0.205,0.03786,0.06281,0.0645,0.01128974,0.01740705,0.009499175,0.01726267,1.25604e-05,2.546826e-07,0.001778004,0.0,6.128678e-10,0.0001441259
0.205,0.03785,0.06291,0.0646,0.01126277,0.01737765,0.009475653,0.01723741,1.256545e-05,2.532524e-07,0.00177455,0.0,5.670794e-10,0.0001399912
0.205,0.03784,0.06301,0.0647,0.01123576,0.01734829,0.009452108,0.01721208,1.257079e-05,2.518851e-07,0.001771084,0.0,5.24581e-10,0.000135956
0.205,0.03783,0.06311,0.0648,0.01120872,0.01731896,0.009428539,0.01718669,1.25764e-05,2.505765e-07,0.001767604,0.0,4.851463e-10,0.0001320188
0.205,0.03781,0.06321,0.0649,0.01118164,0.01728965,0.009404947,0.01716123,1.258224e-05,2.493229e-07,0.001764112,0.0,4.48564e-10,0.0001281776
0.205,0.0378,0.06331,0.065,0.01115453,0.01726038,0.009381334,0.0171357,1.258832e-05,2.48121e-07,0.001760607,0.0,4.146366e-10,0.0001244309
0.205,0.03779,0.06341,0.0651,0.01112738,0.01723113,0.0093577,0.01711011,1.259462e-05,2.469676e-07,0.00175709,0.0,3.831795e-10,0.0001207767
0.205,0.03777,0.06351,0.0652,0.01110021,0.01720192,0.009334045,0.01708446,1.260112e-05,2.4586e-07,0.00175356,0.0,3.540206e-10,0.0001172135
0.205,0.03776,0.06361,0.0653,0.011073,0.01717273,0.009310371,0.01705874,1.260781e-05,2.447955e-07,0.001750018,0.0,3.269989e-10,0.0001137395
0.205,0.03775,0.06371,0.0654,0.01104576,0.01714356,0.009286678,0.01703297,1.261468e-05,2.437719e-07,0.001746465,0.0,3.019643e-10,0.000110353
0.205,0.03773,0.06381,0.0655,0.01101849,0.01711442,0.009262968,0.01700713,1.262173e-05,2.427869e-07,0.001742899,0.0,2.787766e-10,0.0001070524
0.205,0.03772,0.06391,0.0656,0.01099119,0.01708531,0.009239241,0.01698124,1.262895e-05,2.418386e-07,0.001739322,0.0,2.573052e-10,0.0001038359
0.205,0.03771,0.06401,0.0657,0.01096686,0.01705633,0.009215497,0.01695528,1.562752e-05,3.449552e-07,0.001735733,0.0,2.374283e-10,0.000100702
0.205,0.0377,0.06411,0.0658,0.0109395,0.01702727,0.009191738,0.01692928,1.563189e-05,3.42307e-07,0.001732133,0.0,2.190321e-10,9.764903e-05
0.205,0.03768,0.06421,0.0659,0.01091212,0.01699823,0.009167964,0.01690321,1.563688e-05,3.398062e-07,0.001728522,0.0,2.020108e-10,9.467533e-05
0.205,0.03767,0.06432,0.066,0.01088472,0.01696921,0.009144176,0.0168771,1.564242e-05,3.374397e-07,0.001724899,0.0,1.862656e-10,9.177934e-05
0.205,0.03766,0.06442,0.0661,0.01085729,0.01694022,0.009120375,0.01685093,1.564847e-05,3.35196e-07,0.001721266,0.0,1.717048e-10,8.895946e-05
0.205,0.03764,0.06452,0.0662,0.01082984,0.01691125,0.009096562,0.0168247,1.565499e-05,3.330651e-07,0.001717622,0.0,1.582427e-10,8.621414e-05
0.205,0.03763,0.06462,0.0663,0.01080237,0.0168823,0.009072737,0.01679843,1.566193e-05,3.310382e-07,0.001713967,0.0,1.457997e-10,8.354184e-05
0.205,0.03762,0.06472,0.0664,0.01077487,0.01685338,0.009048901,0.01677211,1.566926e-05,3.291073e-07,0.001710302,0.0,1.343015e-10,8.094102e-05
0.205,0.0376,0.06482,0.0665,0.01074736,0.01682447,0.009025055,0.01674574,1.567695e-05,3.272656e-07,0.001706627,0.0,1.236791e-10,7.841017e-05
0.205,0.03759,0.06492,0.0666,0.01071983,0.01679559,0.009001199,0.01671932,1.568498e-05,3.255067e-07,0.001702942,0.0,1.138685e-10,7.594781e-05
0.205,0.03758,0.06502,0.0667,0.01069227,0.01676672,0.008977334,0.01669285,1.569332e-05,3.238251e-07,0.001699246,0.0,1.048099e-10,7.355245e-05
0.205,0.03756,0.06512,0.0668,0.0106647,0.01673788,0.008953461,0.01666634,1.570195e-05,3.222157e-07,0.001695541,0.0,9.644781e-11,7.122266e-05
0.205,0.03755,0.06522,0.0669,0.01063712,0.01670906,0.008929581,0.01663978,1.571086e-05,3.20674e-07,0.001691826,0.0,8.873071e-11,6.895699e-05
0.205,0.03754,0.06532,0.067,0.01060952,0.01668025,0.008905694,0.01661318,1.572002e-05,3.191959e-07,0.001688101,0.0,8.161068e-11,6.675402e-05
0.205,0.03752,0.06542,0.0671,0.0105819,0.01665146,0.008881801,0.01658653,1.572942e-05,3.177775e-07,0.001684367,0.0,7.504323e-11,6.461237e-05
0.205,0.03751,0.06552,0.0672,0.01055427,0.01662269,0.008857902,0.01655985,1.573905e-05,3.164154e-07,0.001680624,0.0,6.898703e-11,6.253065e-05
0.205,0.0375,0.06562,0.0673,0.01052662,0.01659394,0.008833999,0.01653312,1.57489e-05,3.151065e-07,0.001676872,0.0,6.340374e-11,6.050751e-05
0.205,0.03748,0.06572,0.0674,0.01049896,0.01656521,0.008810092,0.01650635,1.575895e-05,3.13848e-07,0.001673111,0.0,5.825776e-11,5.854161e-05
0.205,0.03747,0.06582,0.0675,0.01047129,0.01653649,0.008786182,0.01647955,1.57692e-05,3.12637e-07,0.00166934,0.0,5.351606e-11,5.663163e-05
0.205,0.03746,0.06592,0.0676,0.01044361,0.01650779,0.008762269,0.0164527,1.577963e-05,3.114713e-07,0.001665562,0.0,4.9148e-11,5.477627e-05
0.205,0.03744,0.06603,0.0677,0.01041939,0.01647923,0.008738353,0.01642582,1.925728e-05,4.372827e-07,0.001661774,0.0,4.512519e-11,5.297426e-05
0.205,0.03743,0.06613,0.0678,0.01039168,0.01645056,0.008714437,0.0163989,1.926512e-05,4.340579e-07,0.001657979,0.0,4.14213e-11,5.122433e-05
0.205,0.03741,0.06623,0.0679,0.01036397,0.01642191,0.008690519,0.01637195,1.927364e-05,4.31012e-07,0.001654175,0.0,3.801192e-11,4.952526e-05
0.205,0.0374,0.06633,0.068,0.01033625,0.01639327,0.008666601,0.01634496,1.928277e-05,4.28129e-07,0.001650363,0.0,3.487445e-11,4.787582e-05
0.205,0.03739,0.06643,0.0681,0.01030852,0.01636464,0.008642684,0.01631794,1.929246e-05,4.253952e-07,0.001646543,0.0,3.198795e-11,4.627481e-05
0.205,0.03737,0.06653,0.0682,0.01028079,0.01633603,0.008618768,0.01629089,1.930265e-05,4.227983e-07,0.001642715,0.0,2.933302e-11,4.472106e-05
0.205,0.03736,0.06663,0.0683,0.01025305,0.01630744,0.008594854,0.01626381,1.93133e-05,4.203278e-07,0.00163888,0.0,2.689172e-11,4.321341e-05
0.205,0.03735,0.06673,0.0684,0.0102253,0.01627886,0.008570942,0.01623669,1.932439e-05,4.179742e-07,0.001635037,0.0,2.464744e-11,4.175071e-05
0.205,0.03733,0.06683,0.0685,0.01019756,0.01625029,0.008547032,0.01620955,1.933587e-05,4.15729e-07,0.001631187,0.0,2.258481e-11,4.033186e-05
0.205,0.03732,0.06693,0.0686,0.0101698,0.01622174,0.008523127,0.01618237,1.934772e-05,4.135846e-07,0.00162733,0.0,2.068962e-11,3.895575e-05
0.205,0.03731,0.06703,0.0687,0.01014205,0.0161932,0.008499225,0.01615517,1.935992e-05,4.115344e-07,0.001623465,0.0,1.894873e-11,3.762131e-05
0.205,0.03729,0.06713,0.0688,0.01011429,0.01616468,0.008475328,0.01612794,1.937243e-05,4.095722e-07,0.001619594,0.0,1.734998e-11,3.632747e-05
0.205,0.03728,0.06723,0.0689,0.01008654,0.01613617,0.008451437,0.01610068,1.938525e-05,4.076925e-07,0.001615715,0.0,1.588215e-11,3.50732e-05
0.205,0.03726,0.06733,0.069,0.01005878,0.01610767,0.008427551,0.0160734,1.939835e-05,4.058902e-07,0.00161183,0.0,1.453487e-11,3.385747e-05
0.205,0.03725,0.06743,0.0691,0.01003102,0.01607918,0.008403671,0.0160461,1.941172e-05,4.041609e-07,0.001607939,0.0,1.329855e-11,3.267929e-05
0.205,0.03724,0.06753,0.0692,0.01000326,0.01605071,0.008379799,0.01601877,1.942534e-05,4.025003e-07,0.001604041,0.0,1.216435e-11,3.153767e-05
0.205,0.03722,0.06763,0.0693,0.00997551,0.01602225,0.008355934,0.01599141,1.943919e-05,4.009046e-07,0.001600137,0.0,1.112409e-11,3.043166e-05
0.205,0.03721,0.06774,0.0694,0.009947756,0.0159938,0.008332077,0.01596404,1.945328e-05,3.993704e-07,0.001596227,0.0,1.017026e-11,2.936031e-05
0.205,0.03719,0.06784,0.0695,0.009920006,0.01596536,0.008308228,0.01593664,1.946758e-05,3.978943e-07,0.00159231,0.0,9.295885e-12,2.832268e-05
0.205,0.03718,0.06794,0.0696,0.009892259,0.01593694,0.008284389,0.01590922,1.948209e-05,3.964735e-07,0.001588388,0.0,8.494559e-12,2.731789e-05
0.205,0.03717,0.06804,0.0697,0.009868521,0.01590868,0.008260559,0.01588179,2.350117e-05,5.489876e-07,0.00158446,0.0,7.760369e-12,2.634504e-05
0.205,0.03715,0.06814,0.0698,0.00984078,0.01588028,0.00823674,0.01585433,2.351352e-05,5.450949e-07,0.001580527,0.0,7.087862e-12,2.540326e-05
0.205,0.03714,0.06824,0.0699,0.009813046,0.01585189,0.008212931,0.01582686,2.35266e-05,5.41417e-07,0.001576588,0.0,6.472015e-12,2.449171e-05
0.205,0.03712,0.06834,0.07,0.009785318,0.01582351,0.008189133,0.01579936,2.354034e-05,5.379348e-07,0.001572644,0.0,5.908199e-12,2.360954e-05
0.205,0.03711,0.06844,0.0701,0.009757597,0.01579514,0.008165347,0.01577185,2.355468e-05,5.346321e-07,0.001568695,0.0,5.392153e-12,2.275594e-05
0.205,0.0371,0.06854,0.0702,0.009729884,0.01576679,0.008141574,0.01574433,2.356957e-05,5.314942e-07,0.00156474,0.0,4.919949e-12,2.193013e-05
0.205,0.03708,0.06864,0.0703,0.009702179,0.01573845,0.008117813,0.01571679,2.358497e-05,5.285084e-07,0.001560781,0.0,4.487974e-12,2.11313e-05
0.205,0.03707,0.06874,0.0704,0.009674483,0.01571012,0.008094065,0.01568923,2.360083e-05,5.256635e-07,0.001556817,0.0,4.092903e-12,2.035871e-05
0.205,0.03705,0.06884,0.0705,0.009646797,0.0156818,0.008070331,0.01566167,2.361712e-05,5.229493e-07,0.001552848,0.0,3.731676e-12,1.961161e-05
0.205,0.03704,0.06894,0.0706,0.00961912,0.01565349,0.008046611,0.01563408,2.363381e-05,5.203568e-07,0.001548875,0.0,3.401479e-12,1.888927e-05
0.205,0.03703,0.06904,0.0707,0.009591454,0.0156252,0.008022906,0.01560649,2.365088e-05,5.178778e-07,0.001544898,0.0,3.099724e-12,1.819097e-05
0.205,0.03701,0.06914,0.0708,0.0095638,0.01559692,0.007999216,0.01557888,2.36683e-05,5.155052e-07,0.001540916,0.0,2.824032e-12,1.751603e-05
0.205,0.037,0.06925,0.0709,0.009536157,0.01556864,0.007975541,0.01555127,2.368604e-05,5.132322e-07,0.00153693,0.0,2.572216e-12,1.686375e-05
0.205,0.03698,0.06935,0.071,0.009508527,0.01554039,0.007951883,0.01552364,2.37041e-05,5.110529e-07,0.00153294,0.0,2.342269e-12,1.623348e-05
0.205,0.03697,0.06945,0.0711,0.00948091,0.01551214,0.007928241,0.015496,2.372245e-05,5.089617e-07,0.001528946,0.0,2.132344e-12,1.562456e-05
0.205,0.03696,0.06955,0.0712,0.009453306,0.0154839,0.007904616,0.01546836,2.374107e-05,5.069538e-07,0.001524949,0.0,1.940749e-12,1.503637e-05
0.205,0.03694,0.06965,0.0713,0.009425716,0.01545568,0.007881009,0.01544071,2.375996e-05,5.050244e-07,0.001520947,0.0,1.765926e-12,1.446829e-05
0.205,0.03693,0.06975,0.0714,0.009398141,0.01542747,0.007857419,0.01541305,2.377909e-05,5.031694e-07,0.001516943,0.0,1.60645e-12,1.39197e-05
0.205,0.03691,0.06985,0.0715,0.009370581,0.01539927,0.007833848,0.01538538,2.379847e-05,5.013849e-07,0.001512935,0.0,1.46101e-12,1.339004e-05
0.205,0.0369,0.06995,0.0716,0.009343036,0.01537108,0.007810295,0.01535771,2.381807e-05,4.996674e-07,0.001508924,0.0,1.328405e-12,1.287871e-05
0.205,0.03688,0.07005,0.0717,0.009320117,0.01534309,0.007786761,0.01533003,2.84465e-05,6.833765e-07,0.001504909,0.0,1.207533e-12,1.238517e-05
0.205,0.03687,0.07015,0.0718,0.009292604,0.01531493,0.007763247,0.01530234,2.846458e-05,6.787174e-07,0.001500892,0.0,1.097385e-12,1.190887e-05
0.205,0.03686,0.07025,0.0719,0.009265108,0.01528678,0.007739753,0.01527465,2.848344e-05,6.743137e-07,0.001496872,0.0,9.970349e-13,1.144927e-05
0.205,0.03684,0.07035,0.072,0.009237631,0.01525864,0.00771628,0.01524696,2.850301e-05,6.701431e-07,0.001492849,0.0,9.056345e-13,1.100585e-05
0.205,0.03683,0.07045,0.0721,0.009210173,0.01523051,0.007692827,0.01521927,2.852322e-05,6.661861e-07,0.001488823,0.0,8.224071e-13,1.057813e-05
0.205,0.03681,0.07055,0.0722,0.009182734,0.0152024,0.007669395,0.01519157,2.854402e-05,6.624257e-07,0.001484795,0.0,7.466414e-13,1.016559e-05
0.205,0.0368,0.07065,0.0723,0.009155315,0.0151743,0.007645985,0.01516387,2.856537e-05,6.588469e-07,0.001480764,0.0,6.776862e-13,9.767766e-06
0.205,0.03678,0.07075,0.0724,0.009127916,0.01514621,0.007622597,0.01513618,2.858721e-05,6.554363e-07,0.001476732,0.0,6.149453e-13,9.38419e-06
0.205,0.03677,0.07086,0.0725,0.009100538,0.01511814,0.007599232,0.01510848,2.860952e-05,6.521818e-07,0.001472697,0.0,5.578734e-13,9.014407e-06
0.205,0.03675,0.07096,0.0726,0.009073181,0.01509008,0.007575889,0.01508078,2.863226e-05,6.490729e-07,0.00146866,0.0,5.059715e-13,8.657977e-06
0.205,0.03674,0.07106,0.0727,0.009045846,0.01506204,0.007552569,0.01505308,2.86554e-05,6.460999e-07,0.001464621,0.0,4.587836e-13,8.314468e-06
0.205,0.03673,0.07116,0.0728,0.009018532,0.01503401,0.007529273,0.01502538,2.867892e-05,6.432542e-07,0.001460581,0.0,4.158923e-13,7.983465e-06
0.205,0.03671,0.07126,0.0729,0.008991242,0.01500599,0.007506,0.01499768,2.87028e-05,6.405278e-07,0.001456538,0.0,3.769166e-13,7.664559e-06
0.205,0.0367,0.07136,0.073,0.008963974,0.01497799,0.007482752,0.01496999,2.872701e-05,6.379137e-07,0.001452495,0.0,3.41508e-13,7.357356e-06
0.205,0.03668,0.07146,0.0731,0.00893673,0.01495,0.007459529,0.0149423,2.875154e-05,6.354053e-07,0.001448449,0.0,3.093484e-13,7.061471e-06
0.205,0.03667,0.07156,0.0732,0.008909509,0.01492203,0.00743633,0.01491462,2.877637e-05,6.329968e-07,0.001444403,0.0,2.80147e-13,6.776532e-06
0.205,0.03665,0.07166,0.0733,0.008882313,0.01489407,0.007413157,0.01488693,2.880149e-05,6.306826e-07,0.001440355,0.0,2.536387e-13,6.502174e-06
0.205,0.03664,0.07176,0.0734,0.008855142,0.01486612,0.007390009,0.01485926,2.882688e-05,6.284577e-07,0.001436306,0.0,2.295812e-13,6.238045e-06
0.205,0.03662,0.07186,0.0735,0.008827997,0.01483819,0.007366888,0.01483158,2.885253e-05,6.263176e-07,0.001432257,0.0,2.077535e-13,5.983803e-06
0.205,0.03661,0.07196,0.0736,0.008800877,0.01481028,0.007343792,0.01480392,2.887842e-05,6.24258e-07,0.001428206,0.0,1.87954e-13,5.739114e-06
0.205,0.03659,0.07206,0.0737,0.008779068,0.01478261,0.007320724,0.01477626,3.418973e-05,8.441532e-07,0.001424155,0.0,1.69999e-13,5.503656e-06
0.205,0.03658,0.07216,0.0738,0.008752,0.01475472,0.007297682,0.01474861,3.421499e-05,8.386233e-07,0.001420103,0.0,1.537206e-13,5.277114e-06
0.205,0.03656,0.07226,0.0739,0.008724959,0.01472685,0.007274668,0.01472096,3.424107e-05,8.333942e-07,0.00141605,0.0,1.389662e-13,5.059185e-06
0.205,0.03655,0.07237,0.074,0.008697946,0.014699,0.007251681,0.01469332,3.42679e-05,8.2844e-07,0.001411997,0.0,1.255965e-13,4.849572e-06
0.205,0.03653,0.07247,0.0741,0.008670961,0.01467117,0.007228722,0.01466569,3.429541e-05,8.23738e-07,0.001407944,0.0,1.134847e-13,4.64799e-06
0.205,0.03652,0.07257,0.0742,0.008644006,0.01464335,0.007205792,0.01463807,3.432355e-05,8.192684e-07,0.00140389,0.0,1.025152e-13,4.454158e-06
0.205,0.0365,0.07267,0.0743,0.008617079,0.01461555,0.00718289,0.01461046,3.435227e-05,8.150134e-07,0.001399837,0.0,9.258282e-14,4.267809e-06
0.205,0.03649,0.07277,0.0744,0.008590182,0.01458776,0.007160017,0.01458286,3.438152e-05,8.109575e-07,0.001395783,0.0,8.359183e-14,4.08868e-06
0.205,0.03647,0.07287,0.0745,0.008563314,0.01456,0.007137173,0.01455527,3.441126e-05,8.070867e-07,0.00139173,0.0,7.545508e-14,3.916518e-06
0.205,0.03646,0.07297,0.0746,0.008536477,0.01453225,0.007114359,0.01452769,3.444146e-05,8.033884e-07,0.001387677,0.0,6.80933e-14,3.751076e-06
0.205,0.03644,0.07307,0.0747,0.00850967,0.01450452,0.007091574,0.01450013,3.44721e-05,7.998514e-07,0.001383624,0.0,6.143439e-14,3.592117e-06
0.205,0.03643,0.07317,0.0748,0.008482895,0.01447681,0.00706882,0.01447257,3.450314e-05,7.964655e-07,0.001379572,0.0,5.541278e-14,3.439409e-06
0.205,0.03641,0.07327,0.0749,0.00845615,0.01444911,0.007046096,0.01444503,3.453456e-05,7.932214e-07,0.00137552,0.0,4.996887e-14,3.292729e-06
0.205,0.0364,0.07337,0.075,0.008429437,0.01442144,0.007023402,0.0144175,3.456634e-05,7.901107e-07,0.001371469,0.0,4.504851e-14,3.15186e-06
0.205,0.03638,0.07347,0.0751,0.008402756,0.01439378,0.00700074,0.01438998,3.459846e-05,7.871258e-07,0.001367418,0.0,4.060247e-14,3.016593e-06
0.205,0.03637,0.07357,0.0752,0.008376108,0.01436615,0.006978108,0.01436248,3.46309e-05,7.842597e-07,0.001363369,0.0,3.658607e-14,2.886724e-06
0.205,0.03635,0.07367,0.0753,0.008349492,0.01433853,0.006955508,0.01433499,3.466366e-05,7.815059e-07,0.00135932,0.0,3.295872e-14,2.762057e-06
0.205,0.03634,0.07377,0.0754,0.00832291,0.01431094,0.00693294,0.01430751,3.469671e-05,7.788586e-07,0.001355273,0.0,2.968357e-14,2.642402e-06
0.205,0.03632,0.07388,0.0755,0.00829636,0.01428336,0.006910404,0.01428005,3.473004e-05,7.763123e-07,0.001351227,0.0,2.672718e-14,2.527573e-06
0.205,0.03631,0.07398,0.0756,0.008275885,0.01425607,0.0068879,0.01425261,4.080382e-05,1.042333e-06,0.001347182,0.0,2.405921e-14,2.417395e-06
0.205,0.03629,0.07408,0.0757,0.008249403,0.01422853,0.006865428,0.01422518,4.083699e-05,1.035439e-06,0.001343138,0.0,2.165213e-14,2.311693e-06
0.205,0.03628,0.07418,0.0758,0.008222956,0.01420101,0.006842989,0.01419777,4.087111e-05,1.028929e-06,0.001339096,0.0,1.9481e-14,2.210301e-06
0.205,0.03626,0.07428,0.0759,0.008196545,0.01417351,0.006820583,0.01417038,4.09061e-05,1.022771e-06,0.001335055,0.0,1.752319e-14,2.113059e-06
0.205,0.03625,0.07438,0.076,0.008170169,0.01414604,0.006798211,0.014143,4.094187e-05,1.016933e-06,0.001331016,0.0,1.575819e-14,2.01981e-06
0.205,0.03623,0.07448,0.0761,0.008143829,0.01411858,0.006775871,0.01411564,4.097836e-05,1.011391e-06,0.001326979,0.0,1.416741e-14,1.930404e-06
0.205,0.03622,0.07458,0.0762,0.008117525,0.01409115,0.006753566,0.0140883,4.10155e-05,1.006122e-06,0.001322944,0.0,1.273403e-14,1.844695e-06
0.205,0.0362,0.07468,0.0763,0.008091258,0.01406374,0.006731294,0.01406097,4.105325e-05,1.001103e-06,0.001318911,0.0,1.144281e-14,1.762543e-06
0.205,0.03619,0.07478,0.0764,0.008065028,0.01403635,0.006709057,0.01403367,4.109156e-05,9.963189e-07,0.00131488,0.0,1.027993e-14,1.683813e-06
0.205,0.03617,0.07488,0.0765,0.008038834,0.01400898,0.006686854,0.01400638,4.113039e-05,9.917517e-07,0.00131085,0.0,9.232926e-15,1.608372e-06
0.205,0.03616,0.07498,0.0766,0.008012679,0.01398164,0.006664685,0.01397912,4.116971e-05,9.873874e-07,0.001306824,0.0,8.290478e-15,1.536095e-06
0.205,0.03614,0.07508,0.0767,0.00798656,0.01395432,0.006642552,0.01395187,4.120949e-05,9.832128e-07,0.001302799,0.0,7.442365e-15,1.46686e-06
0.205,0.03613,0.07518,0.0768,0.00796048,0.01392703,0.006620453,0.01392465,4.124969e-05,9.792161e-07,0.001298777,0.0,6.67934e-15,1.400547e-06
0.205,0.03611,0.07528,0.0769,0.007934437,0.01389975,0.00659839,0.01389744,4.12903e-05,9.753865e-07,0.001294758,0.0,5.993041e-15,1.337044e-06
0.205,0.0361,0.07539,0.077,0.007908434,0.01387251,0.006576362,0.01387026,4.133129e-05,9.717143e-07,0.001290741,0.0,5.375913e-15,1.27624e-06
0.205,0.03608,0.07549,0.0771,0.007882469,0.01384528,0.00655437,0.0138431,4.137265e-05,9.681905e-07,0.001286726,0.0,4.821124e-15,1.218029e-06
0.205,0.03607,0.07559,0.0772,0.007856543,0.01381808,0.006532413,0.01381596,4.141435e-05,9.648069e-07,0.001282715,0.0,4.322506e-15,1.162309e-06
0.205,0.03605,0.07569,0.0773,0.007830656,0.01379091,0.006510493,0.01378884,4.145638e-05,9.615561e-07,0.001278707,0.0,3.874485e-15,1.108983e-06
0.205,0.03603,0.07579,0.0774,0.007804809,0.01376376,0.006488609,0.01376174,4.149873e-05,9.584311e-07,0.001274701,0.0,3.472031e-15,1.057953e-06
0.205,0.03602,0.07589,0.0775,0.007779001,0.01373663,0.006466761,0.01373467,4.154138e-05,9.554255e-07,0.001270699,0.0,3.110601e-15,1.009129e-06
0.205,0.036,0.07599,0.0776,0.00776011,0.01370985,0.00644495,0.01370762,4.846048e-05,1.269831e-06,0.001266699,0.0,2.786097e-15,9.624233e-07
0.205,0.03599,0.07609,0.0777,0.007734384,0.01368277,0.006423176,0.01368059,4.850445e-05,1.261786e-06,0.001262703,0.0,2.494821e-15,9.177494e-07
0.205,0.03597,0.07619,0.0778,0.007708699,0.01365572,0.006401439,0.01365359,4.854941e-05,1.254186e-06,0.001258711,0.0,2.233436e-15,8.750257e-07
0.205,0.03596,0.07629,0.0779,0.007683056,0.01362869,0.006379739,0.01362661,4.859525e-05,1.246992e-06,0.001254721,0.0,1.998936e-15,8.341734e-07
0.205,0.03594,0.07639,0.078,0.007657454,0.01360169,0.006358077,0.01359966,4.864191e-05,1.24017e-06,0.001250736,0.0,1.788609e-15,7.951161e-07
0.205,0.03593,0.07649,0.0781,0.007631894,0.01357472,0.006336452,0.01357273,4.86893e-05,1.23369e-06,0.001246753,0.0,1.600012e-15,7.577807e-07
0.205,0.03591,0.07659,0.0782,0.007606376,0.01354778,0.006314864,0.01354583,4.873738e-05,1.227527e-06,0.001242775,0.0,0.0,7.220964e-07
0.205,0.03589,0.07669,0.0783,0.007580901,0.01352086,0.006293315,0.01351895,4.878609e-05,1.221656e-06,0.0012388,0.0,0.0,6.879956e-07
0.205,0.03588,0.0768,0.0784,0.007555468,0.01349397,0.006271803,0.01349209,4.883538e-05,1.216057e-06,0.001234829,0.0,0.0,6.554128e-07
0.205,0.03586,0.0769,0.0785,0.007530078,0.0134671,0.00625033,0.01346527,4.888522e-05,1.210711e-06,0.001230862,0.0,0.0,6.242849e-07
0.205,0.03585,0.077,0.0786,0.00750473,0.01344027,0.006228895,0.01343847,4.893557e-05,1.205602e-06,0.001226899,0.0,0.0,5.945516e-07
0.205,0.03583,0.0771,0.0787,0.007479426,0.01341346,0.006207499,0.0134117,4.898639e-05,1.200714e-06,0.00122294,0.0,0.0,5.661546e-07
0.205,0.03582,0.0772,0.0788,0.007454165,0.01338668,0.006186141,0.01338495,4.903767e-05,1.196034e-06,0.001218986,0.0,0.0,5.390378e-07
0.205,0.0358,0.0773,0.0789,0.007428947,0.01335993,0.006164823,0.01335823,4.908937e-05,1.191549e-06,0.001215035,0.0,0.0,5.131474e-07
0.205,0.03578,0.0774,0.079,0.007403773,0.01333321,0.006143543,0.01333154,4.914148e-05,1.187248e-06,0.001211089,0.0,0.0,4.884316e-07
0.205,0.03577,0.0775,0.0791,0.007378643,0.01330652,0.006122302,0.01330487,4.919397e-05,1.183121e-06,0.001207147,0.0,0.0,4.648407e-07
0.205,0.03575,0.0776,0.0792,0.007353558,0.01327986,0.006101101,0.01327824,4.924683e-05,1.179158e-06,0.00120321,0.0,0.0,4.423269e-07
0.205,0.03574,0.0777,0.0793,0.007328516,0.01325323,0.006079939,0.01325163,4.930004e-05,1.175351e-06,0.001199277,0.0,0.0,4.20844e-07
0.205,0.03572,0.0778,0.0794,0.007303519,0.01322662,0.006058816,0.01322505,4.935359e-05,1.171692e-06,0.001195349,0.0,0.0,4.003481e-07
0.205,0.0357,0.0779,0.0795,0.007278567,0.01320005,0.006037733,0.0131985,4.940746e-05,1.168173e-06,0.001191426,0.0,0.0,3.807966e-07
0.205,0.03569,0.078,0.0796,0.007261459,0.01317388,0.00601669,0.01317198,5.726165e-05,1.537505e-06,0.001187507,0.0,0.0,3.621488e-07
0.205,0.03567,0.0781,0.0797,0.0072366,0.01314736,0.005995687,0.01314549,5.731868e-05,1.528193e-06,0.001183594,0.0,0.0,3.443657e-07
0.205,0.03566,0.07821,0.0798,0.007211786,0.01312087,0.005974724,0.01311903,5.737672e-05,1.519392e-06,0.001179685,0.0,0.0,3.274095e-07
0.205,0.03564,0.07831,0.0799,0.007187018,0.01309442,0.005953801,0.01309259,5.743567e-05,1.511056e-06,0.001175781,0.0,0.0,3.112444e-07
0.205,0.03562,0.07841,0.08,0.007162297,0.01306799,0.005932919,0.01306619,5.749545e-05,1.503147e-06,0.001171882,0.0,0.0,2.958356e-07
0.205,0.03561,0.07851,0.0801,0.007137622,0.0130416,0.005912077,0.01303982,5.755598e-05,1.495632e-06,0.001167989,0.0,0.0,2.8115e-07
0.205,0.03559,0.07861,0.0802,0.007112993,0.01301524,0.005891275,0.01301348,5.761722e-05,1.488481e-06,0.001164101,0.0,0.0,2.671557e-07
0.205,0.03558,0.07871,0.0803,0.007088411,0.01298891,0.005870514,0.01298717,5.76791e-05,1.481667e-06,0.001160218,0.0,0.0,2.538221e-07
0.205,0.03556,0.07881,0.0804,0.007063876,0.01296261,0.005849794,0.01296089,5.774159e-05,1.475167e-06,0.00115634,0.0,0.0,2.4112e-07
0.205,0.03554,0.07891,0.0805,0.007039387,0.01293634,0.005829115,0.01293464,5.780464e-05,1.46896e-06,0.001152468,0.0,0.0,2.290212e-07
0.205,0.03553,0.07901,0.0806,0.007014946,0.01291011,0.005808477,0.01290843,5.786821e-05,1.463026e-06,0.001148601,0.0,0.0,2.174988e-07
0.205,0.03551,0.07911,0.0807,0.006990552,0.01288391,0.00578788,0.01288224,5.793229e-05,1.457349e-06,0.00114474,0.0,0.0,2.06527e-07
0.205,0.0355,0.07921,0.0808,0.006966205,0.01285774,0.005767324,0.01285609,5.799683e-05,1.451912e-06,0.001140884,0.0,0.0,1.960809e-07
0.205,0.03548,0.07931,0.0809,0.006941906,0.0128316,0.005746809,0.01282997,5.806182e-05,1.446702e-06,0.001137035,0.0,0.0,1.86137e-07
0.205,0.03546,0.07941,0.081,0.006917654,0.0128055,0.005726336,0.01280388,5.812724e-05,1.441705e-06,0.001133191,0.0,0.0,1.766724e-07
0.205,0.03545,0.07951,0.0811,0.00689345,0.01277943,0.005705904,0.01277783,5.819305e-05,1.43691e-06,0.001129353,0.0,0.0,1.676654e-07
0.205,0.03543,0.07962,0.0812,0.006869293,0.0127534,0.005685514,0.0127518,5.825926e-05,1.432307e-06,0.00112552,0.0,0.0,1.590951e-07
0.205,0.03542,0.07972,0.0813,0.006845185,0.01272739,0.005665165,0.01272581,5.832583e-05,1.427884e-06,0.001121694,0.0,0.0,1.509416e-07
0.205,0.0354,0.07982,0.0814,0.006821125,0.01270143,0.005644858,0.01269986,5.839277e-05,1.423633e-06,0.001117874,0.0,0.0,1.431857e-07
0.205,0.03538,0.07992,0.0815,0.006805926,0.01267593,0.005624593,0.01267394,6.727259e-05,1.862121e-06,0.00111406,0.0,0.0,1.358092e-07
0.205,0.03537,0.08002,0.0816,0.006781967,0.01265003,0.00560437,0.01264805,6.734417e-05,1.850797e-06,0.001110252,0.0,0.0,1.287945e-07
0.205,0.03535,0.08012,0.0817,0.006758056,0.01262415,0.005584189,0.01262219,6.741686e-05,1.840108e-06,0.00110645,0.0,0.0,1.221249e-07
0.205,0.03533,0.08022,0.0818,0.006734196,0.01259831,0.005564051,0.01259637,6.749056e-05,1.829997e-06,0.001102655,0.0,0.0,1.157843e-07
0.205,0.03532,0.08032,0.0819,0.006710385,0.01257251,0.005543954,0.01257058,6.756518e-05,1.820415e-06,0.001098866,0.0,0.0,1.097574e-07
0.205,0.0353,0.08042,0.082,0.006686623,0.01254674,0.005523899,0.01254483,6.764063e-05,1.81132e-06,0.001095083,0.0,0.0,1.040296e-07
0.205,0.03528,0.08052,0.0821,0.006662911,0.01252101,0.005503887,0.01251911,6.771685e-05,1.802674e-06,0.001091307,0.0,0.0,9.858675e-08
0.205,0.03527,0.08062,0.0822,0.006639248,0.01249531,0.005483917,0.01249343,6.779378e-05,1.794443e-06,0.001087537,0.0,0.0,9.341548e-08
0.205,0.03525,0.08072,0.0823,0.006615636,0.01246965,0.00546399,0.01246778,6.787137e-05,1.786599e-06,0.001083774,0.0,0.0,8.850297e-08
0.205,0.03524,0.08082,0.0824,0.006592073,0.01244403,0.005444105,0.01244216,6.794958e-05,1.779113e-06,0.001080018,0.0,0.0,8.383695e-08
0.205,0.03522,0.08092,0.0825,0.00656856,0.01241843,0.005424263,0.01241658,6.802837e-05,1.771963e-06,0.001076268,0.0,0.0,7.940573e-08
0.205,0.0352,0.08103,0.0826,0.006545096,0.01239288,0.005404464,0.01239104,6.810769e-05,1.765127e-06,0.001072525,0.0,0.0,7.519809e-08
0.205,0.03519,0.08113,0.0827,0.006521683,0.01236736,0.005384707,0.01236553,6.818753e-05,1.758585e-06,0.001068789,0.0,0.0,7.120336e-08
0.205,0.03517,0.08123,0.0828,0.00649832,0.01234188,0.005364993,0.01234006,6.826785e-05,1.75232e-06,0.00106506,0.0,0.0,6.741133e-08
0.205,0.03515,0.08133,0.0829,0.006475008,0.01231643,0.005345322,0.01231462,6.834864e-05,1.746316e-06,0.001061337,0.0,0.0,6.381223e-08
0.205,0.03514,0.08143,0.083,0.006451745,0.01229102,0.005325694,0.01228922,6.842986e-05,1.740558e-06,0.001057622,0.0,0.0,6.039675e-08
0.205,0.03512,0.08153,0.0831,0.006428533,0.01226565,0.005306108,0.01226386,6.851151e-05,1.735033e-06,0.001053914,0.0,0.0,5.715602e-08
0.205,0.0351,0.08163,0.0832,0.006405372,0.01224031,0.005286566,0.01223853,6.859356e-05,1.729728e-06,0.001050212,0.0,0.0,5.408153e-08
0.205,0.03509,0.08173,0.0833,0.006382261,0.01221501,0.005267067,0.01221324,6.8676e-05,1.724632e-06,0.001046518,0.0,0.0,5.11652e-08
0.205,0.03507,0.08183,0.0834,0.006359201,0.01218975,0.005247611,0.01218798,6.875881e-05,1.719734e-06,0.001042831,0.0,0.0,4.83993e-08
0.205,0.03505,0.08193,0.0835,0.006346115,0.01216504,0.005228198,0.01216276,7.876545e-05,2.228483e-06,0.001039152,0.0,0.0,4.577644e-08
0.205,0.03504,0.08203,0.0836,0.006323163,0.01213984,0.005208828,0.01213758,7.885562e-05,2.215597e-06,0.001035479,0.0,0.0,4.328962e-08
0.205,0.03502,0.08213,0.0837,0.006300263,0.01211468,0.005189502,0.01211243,7.894691e-05,2.203425e-06,0.001031814,0.0,0.0,4.09321e-08
0.205,0.035,0.08223,0.0838,0.006277414,0.01208956,0.005170218,0.01208733,7.903919e-05,2.191903e-06,0.001028157,0.0,0.0,3.869751e-08
0.205,0.03499,0.08234,0.0839,0.006254617,0.01206447,0.005150978,0.01206226,7.913238e-05,2.180978e-06,0.001024506,0.0,0.0,3.657975e-08
0.205,0.03497,0.08244,0.084,0.006231872,0.01203943,0.005131782,0.01203722,7.922641e-05,2.170602e-06,0.001020864,0.0,0.0,3.4573e-08
0.205,0.03495,0.08254,0.0841,0.006209179,0.01201442,0.005112629,0.01201223,7.932121e-05,2.160735e-06,0.001017229,0.0,0.0,3.267172e-08
0.205,0.03494,0.08264,0.0842,0.006186537,0.01198945,0.005093519,0.01198727,7.941672e-05,2.151338e-06,0.001013601,0.0,0.0,3.087064e-08
0.205,0.03492,0.08274,0.0843,0.006163947,0.01196452,0.005074453,0.01196235,7.95129e-05,2.142379e-06,0.001009981,0.0,0.0,2.916472e-08
0.205,0.0349,0.08284,0.0844,0.006141409,0.01193963,0.00505543,0.01193746,7.96097e-05,2.133828e-06,0.001006369,0.0,0.0,2.754918e-08
0.205,0.03488,0.08294,0.0845,0.006118923,0.01191477,0.005036451,0.01191262,7.970708e-05,2.125658e-06,0.001002764,0.0,0.0,2.601946e-08
0.205,0.03487,0.08304,0.0846,0.006096488,0.01188995,0.005017516,0.01188781,7.980502e-05,2.117846e-06,0.0009991676,0.0,0.0,2.45712e-08
0.205,0.03485,0.08314,0.0847,0.006074106,0.01186518,0.004998624,0.01186304,7.990348e-05,2.11037e-06,0.0009955787,0.0,0.0,2.320028e-08
0.205,0.03483,0.08324,0.0848,0.006051776,0.01184044,0.004979776,0.01183831,8.000243e-05,2.103209e-06,0.0009919976,0.0,0.0,2.190275e-08
0.205,0.03482,0.08334,0.0849,0.006029497,0.01181574,0.004960971,0.01181362,8.010186e-05,2.096346e-06,0.0009884245,0.0,0.0,2.067487e-08
0.205,0.0348,0.08344,0.085,0.006007271,0.01179107,0.00494221,0.01178896,8.020174e-05,2.089765e-06,0.0009848592,0.0,0.0,1.951307e-08
0.205,0.03478,0.08354,0.0851,0.005985097,0.01176645,0.004923493,0.01176435,8.030206e-05,2.08345e-06,0.000981302,0.0,0.0,1.841395e-08
0.205,0.03477,0.08364,0.0852,0.005962975,0.01174187,0.004904819,0.01173977,8.04028e-05,2.077387e-06,0.0009777528,0.0,0.0,1.737429e-08
0.205,0.03475,0.08375,0.0853,0.005940905,0.01171732,0.004886189,0.01171523,8.050394e-05,2.071564e-06,0.0009742117,0.0,0.0,1.639101e-08
0.205,0.03473,0.08385,0.0854,0.005918887,0.01169282,0.004867603,0.01169073,8.060548e-05,2.065968e-06,0.0009706787,0.0,0.0,1.546119e-08
0.205,0.03471,0.08395,0.0855,0.005908057,0.01166894,0.004849061,0.01166627,9.184221e-05,2.652775e-06,0.0009671538,0.0,0.0,1.458206e-08
0.205,0.0347,0.08405,0.0856,0.005886154,0.0116445,0.004830562,0.01164185,9.195431e-05,2.638231e-06,0.0009636371,0.0,0.0,1.375097e-08
0.205,0.03468,0.08415,0.0857,0.005864304,0.01162011,0.004812108,0.01161747,9.206749e-05,2.624481e-06,0.0009601287,0.0,0.0,1.296542e-08
0.205,0.03466,0.08425,0.0858,0.005842507,0.01159575,0.004793697,0.01159313,9.218165e-05,2.611457e-06,0.0009566285,0.0,0.0,1.222301e-08
0.205,0.03465,0.08435,0.0859,0.005820763,0.01157143,0.00477533,0.01156882,9.22967e-05,2.599101e-06,0.0009531366,0.0,0.0,1.152149e-08
0.205,0.03463,0.08445,0.086,0.005799072,0.01154716,0.004757006,0.01154456,9.241258e-05,2.58736e-06,0.0009496531,0.0,0.0,1.085869e-08
0.205,0.03461,0.08455,0.0861,0.005777434,0.01152292,0.004738727,0.01152033,9.252922e-05,2.57619e-06,0.0009461779,0.0,0.0,1.023258e-08
0.205,0.03459,0.08465,0.0862,0.005755849,0.01149872,0.004720491,0.01149615,9.264656e-05,2.565548e-06,0.0009427112,0.0,0.0,9.641209e-09
0.205,0.03458,0.08475,0.0863,0.005734317,0.01147456,0.0047023,0.011472,9.276457e-05,2.555399e-06,0.0009392529,0.0,0.0,9.082729e-09
0.205,0.03456,0.08485,0.0864,0.005712838,0.01145045,0.004684152,0.01144789,9.28832e-05,2.54571e-06,0.0009358031,0.0,0.0,8.555391e-09
0.205,0.03454,0.08495,0.0865,0.005691412,0.01142637,0.004666048,0.01142382,9.300242e-05,2.536452e-06,0.0009323618,0.0,0.0,8.05753e-09
0.205,0.03453,0.08506,0.0866,0.005670039,0.01140233,0.004647988,0.0113998,9.312219e-05,2.527597e-06,0.0009289291,0.0,0.0,7.587569e-09
0.205,0.03451,0.08516,0.0867,0.005648719,0.01137834,0.004629971,0.01137581,9.324249e-05,2.519123e-06,0.0009255049,0.0,0.0,7.144008e-09
0.205,0.03449,0.08526,0.0868,0.005627452,0.01135438,0.004611999,0.01135186,9.33633e-05,2.511006e-06,0.0009220894,0.0,0.0,6.725427e-09
0.205,0.03447,0.08536,0.0869,0.005606238,0.01133046,0.004594071,0.01132795,9.348459e-05,2.503227e-06,0.0009186825,0.0,0.0,6.330477e-09
0.205,0.03446,0.08546,0.087,0.005585077,0.01130659,0.004576186,0.01130409,9.360634e-05,2.495767e-06,0.0009152843,0.0,0.0,5.957877e-09
0.205,0.03444,0.08556,0.0871,0.005563968,0.01128275,0.004558345,0.01128026,9.372855e-05,2.488609e-06,0.0009118949,0.0,0.0,5.606415e-09
0.205,0.03442,0.08566,0.0872,0.005542913,0.01125896,0.004540548,0.01125647,9.385118e-05,2.481739e-06,0.0009085141,0.0,0.0,5.274941e-09
0.205,0.0344,0.08576,0.0873,0.005521911,0.0112352,0.004522795,0.01123272,9.397424e-05,2.475141e-06,0.0009051422,0.0,0.0,4.962363e-09
0.205,0.03439,0.08586,0.0874,0.005513399,0.01121218,0.004505086,0.01120902,0.0001065348,3.158978e-06,0.000901779,0.0,0.0,4.667648e-09
0.205,0.03437,0.08596,0.0875,0.005492516,0.0111885,0.00448742,0.01118535,0.0001066714,3.141733e-06,0.0008984247,0.0,0.0,4.389815e-09
0.205,0.03435,0.08606,0.0876,0.005471687,0.01116485,0.004469799,0.01116172,0.0001068091,3.125449e-06,0.0008950792,0.0,0.0,4.127936e-09
0.205,0.03433,0.08616,0.0877,0.005450911,0.01114125,0.004452221,0.01113814,0.0001069479,3.110042e-06,0.0008917427,0.0,0.0,3.88113e-09
0.205,0.03432,0.08627,0.0878,0.005430189,0.01111769,0.004434687,0.01111459,0.0001070876,3.095439e-06,0.000888415,0.0,0.0,3.648565e-09
0.205,0.0343,0.08637,0.0879,0.005409521,0.01109417,0.004417196,0.01109108,0.0001072282,3.081577e-06,0.0008850963,0.0,0.0,3.429451e-09
0.205,0.03428,0.08647,0.088,0.005388906,0.01107069,0.00439975,0.01106762,0.0001073696,3.068399e-06,0.0008817866,0.0,0.0,3.22304e-09
0.205,0.03426,0.08657,0.0881,0.005368345,0.01104725,0.004382347,0.01104419,0.0001075117,3.055856e-06,0.0008784859,0.0,0.0,3.028624e-09
0.205,0.03425,0.08667,0.0882,0.005347837,0.01102386,0.004364988,0.01102081,0.0001076546,3.043903e-06,0.0008751941,0.0,0.0,2.845533e-09
0.205,0.03423,0.08677,0.0883,0.005327382,0.0110005,0.004347673,0.01099747,0.000107798,3.032501e-06,0.0008719115,0.0,0.0,2.673132e-09
0.205,0.03421,0.08687,0.0884,0.005306981,0.01097719,0.004330401,0.01097416,0.0001079421,3.021613e-06,0.0008686379,0.0,0.0,2.510822e-09
0.205,0.03419,0.08697,0.0885,0.005286634,0.01095392,0.004313174,0.0109509,0.0001080868,3.011207e-06,0.0008653734,0.0,0.0,2.358033e-09
0.205,0.03418,0.08707,0.0886,0.005266339,0.01093069,0.004295989,0.01092768,0.000108232,3.001255e-06,0.000862118,0.0,0.0,2.214229e-09
0.205,0.03416,0.08717,0.0887,0.005246098,0.01090749,0.004278849,0.0109045,0.0001083778,2.991729e-06,0.0008588718,0.0,0.0,2.0789e-09
0.205,0.03414,0.08727,0.0888,0.005225911,0.01088435,0.004261752,0.01088136,0.0001085241,2.982606e-06,0.0008556347,0.0,0.0,1.951566e-09
0.205,0.03412,0.08737,0.0889,0.005205776,0.01086124,0.004244698,0.01085826,0.0001086708,2.973862e-06,0.0008524068,0.0,0.0,1.831773e-09
0.205,0.0341,0.08747,0.089,0.005185695,0.01083817,0.004227689,0.0108352,0.0001088181,2.965479e-06,0.0008491881,0.0,0.0,1.71909e-09
0.205,0.03409,0.08758,0.0891,0.005165667,0.01081515,0.004210722,0.01081219,0.0001089658,2.957436e-06,0.0008459787,0.0,0.0,1.61311e-09
0.205,0.03407,0.08768,0.0892,0.005145692,0.01079216,0.0041938,0.01078921,0.0001091139,2.949718e-06,0.0008427785,0.0,0.0,1.51345e-09
0.205,0.03405,0.08778,0.0893,0.005125771,0.01076922,0.004176921,0.01076627,0.0001092625,2.942308e-06,0.0008395876,0.0,0.0,1.419746e-09
0.205,0.03403,0.08788,0.0894,0.005119756,0.0107471,0.004160085,0.01074338,0.0001232654,3.721622e-06,0.0008364059,0.0,0.0,1.331655e-09
0.205,0.03401,0.08798,0.0895,0.005099958,0.01072423,0.004143293,0.01072053,0.0001234318,3.702487e-06,0.0008332336,0.0,0.0,1.248853e-09
0.205,0.034,0.08808,0.0896,0.005080214,0.0107014,0.004126544,0.01069771,0.0001235993,3.684401e-06,0.0008300706,0.0,0.0,1.171034e-09
0.205,0.03398,0.08818,0.0897,0.005060523,0.01067861,0.004109838,0.01067494,0.0001237678,3.667277e-06,0.000826917,0.0,0.0,1.097909e-09
0.205,0.03396,0.08828,0.0898,0.005040886,0.01065586,0.004093176,0.01065221,0.0001239371,3.651037e-06,0.0008237727,0.0,0.0,1.029205e-09
0.205,0.03394,0.08838,0.0899,0.005021303,0.01063316,0.004076558,0.01062952,0.0001241074,3.635612e-06,0.0008206377,0.0,0.0,9.646633e-10
0.205,0.03392,0.08848,0.09,0.005001773,0.01061049,0.004059982,0.01060687,0.0001242783,3.620943e-06,0.0008175122,0.0,0.0,9.040413e-10
0.205,0.03391,0.08858,0.0901,0.004982296,0.01058787,0.00404345,0.01058427,0.00012445,3.606975e-06,0.0008143961,0.0,0.0,8.47109e-10
0.205,0.03389,0.08868,0.0902,0.004962873,0.01056529,0.004026961,0.0105617,0.0001246224,3.593661e-06,0.0008112894,0.0,0.0,7.936498e-10
0.205,0.03387,0.08878,0.0903,0.004943503,0.01054275,0.004010515,0.01053917,0.0001247954,3.580957e-06,0.0008081922,0.0,0.0,7.434591e-10
0.205,0.03385,0.08889,0.0904,0.004924186,0.01052026,0.003994113,0.01051669,0.000124969,3.568824e-06,0.0008051044,0.0,0.0,6.963439e-10
0.205,0.03383,0.08899,0.0905,0.004904923,0.0104978,0.003977753,0.01049424,0.0001251432,3.557228e-06,0.0008020261,0.0,0.0,6.521222e-10
0.205,0.03382,0.08909,0.0906,0.004885712,0.01047539,0.003961437,0.01047184,0.0001253179,3.546137e-06,0.0007989573,0.0,0.0,6.106225e-10
0.205,0.0338,0.08919,0.0907,0.004866555,0.01045302,0.003945164,0.01044948,0.0001254932,3.535521e-06,0.000795898,0.0,0.0,5.716828e-10
0.205,0.03378,0.08929,0.0908,0.00484745,0.01043069,0.003928933,0.01042716,0.000125669,3.525354e-06,0.0007928482,0.0,0.0,5.351506e-10
0.205,0.03376,0.08939,0.0909,0.004828399,0.0104084,0.003912746,0.01040488,0.0001258452,3.515612e-06,0.0007898079,0.0,0.0,5.00882e-10
0.205,0.03374,0.08949,0.091,0.004809401,0.01038615,0.003896602,0.01038264,0.000126022,3.506273e-06,0.0007867772,0.0,0.0,4.687415e-10
0.205,0.03373,0.08959,0.0911,0.004790455,0.01036394,0.0038805,0.01036045,0.0001261992,3.497316e-06,0.000783756,0.0,0.0,4.386013e-10
0.205,0.03371,0.08969,0.0912,0.004771563,0.01034178,0.003864441,0.01033829,0.0001263769,3.488722e-06,0.0007807444,0.0,0.0,4.10341e-10
0.205,0.03369,0.08979,0.0913,0.00476808,0.01032056,0.003848426,0.01031617,0.0001419116,4.385905e-06,0.0007777423,0.0,0.0,3.838473e-10
0.205,0.03367,0.08989,0.0914,0.004749314,0.01029846,0.003832453,0.0102941,0.0001421113,4.363596e-06,0.0007747498,0.0,0.0,3.590133e-10
0.205,0.03365,0.08999,0.0915,0.004730601,0.01027641,0.003816522,0.01027207,0.0001423121,4.342534e-06,0.000771767,0.0,0.0,3.357385e-10
0.205,0.03363,0.0901,0.0916,0.004711942,0.0102544,0.003800635,0.01025008,0.0001425139,4.322611e-06,0.0007687937,0.0,0.0,3.139282e-10
0.205,0.03362,0.0902,0.0917,0.004693336,0.01023243,0.00378479,0.01022813,0.0001427166,4.303735e-06,0.00076583,0.0,0.0,2.934932e-10
0.205,0.0336,0.0903,0.0918,0.004674784,0.0102105,0.003768987,0.01020622,0.0001429202,4.285822e-06,0.000762876,0.0,0.0,2.743496e-10
0.205,0.03358,0.0904,0.0919,0.004656284,0.01018862,0.003753228,0.01018435,0.0001431245,4.268802e-06,0.0007599316,0.0,0.0,2.564183e-10
0.205,0.03356,0.0905,0.092,0.004637837,0.01016677,0.00373751,0.01016252,0.0001433296,4.252608e-06,0.0007569968,0.0,0.0,2.396251e-10
0.205,0.03354,0.0906,0.0921,0.004619443,0.01014497,0.003721836,0.01014073,0.0001435353,4.237184e-06,0.0007540716,0.0,0.0,2.239e-10
0.205,0.03352,0.0907,0.0922,0.004601101,0.01012321,0.003706203,0.01011899,0.0001437418,4.222478e-06,0.0007511561,0.0,0.0,2.091772e-10
0.205,0.03351,0.0908,0.0923,0.004582812,0.01010149,0.003690613,0.01009728,0.0001439488,4.208444e-06,0.0007482503,0.0,0.0,1.953949e-10
0.205,0.03349,0.0909,0.0924,0.004564576,0.01007981,0.003675065,0.01007562,0.0001441564,4.195041e-06,0.0007453541,0.0,0.0,1.824948e-10
0.205,0.03347,0.091,0.0925,0.004546392,0.01005818,0.00365956,0.010054,0.0001443646,4.18223e-06,0.0007424676,0.0,0.0,1.704223e-10
0.205,0.03345,0.0911,0.0926,0.004528261,0.01003658,0.003644097,0.01003241,0.0001445733,4.169977e-06,0.0007395908,0.0,0.0,1.591258e-10
0.205,0.03343,0.0912,0.0927,0.004510182,0.01001503,0.003628676,0.01001087,0.0001447826,4.15825e-06,0.0007367236,0.0,0.0,1.485571e-10
0.205,0.03341,0.09131,0.0928,0.004492156,0.009993519,0.003613297,0.009989372,0.0001449923,4.147022e-06,0.0007338662,0.0,0.0,1.386708e-10
0.205,0.03339,0.09141,0.0929,0.004474181,0.009972049,0.00359796,0.009967912,0.0001452026,4.136265e-06,0.0007310184,0.0,0.0,1.29424e-10
0.205,0.03338,0.09151,0.093,0.004456259,0.00995062,0.003582665,0.009946494,0.0001454133,4.125956e-06,0.0007281803,0.0,0.0,1.207767e-10
0.205,0.03336,0.09161,0.0931,0.004438389,0.009929232,0.003567413,0.009925116,0.0001456246,4.116072e-06,0.0007253519,0.0,0.0,1.126912e-10
0.205,0.03334,0.09171,0.0932,0.004437528,0.009908922,0.003552202,0.009903779,0.0001627925,5.142832e-06,0.0007225332,0.0,0.0,1.051321e-10
0.205,0.03332,0.09181,0.0933,0.004419788,0.0098876,0.003537033,0.009882483,0.0001630306,5.117031e-06,0.0007197242,0.0,0.0,9.806621e-11
0.205,0.0333,0.09191,0.0934,0.0044021,0.009866321,0.003521906,0.009861228,0.0001632698,5.092698e-06,0.0007169249,0.0,0.0,9.146224e-11
0.205,0.03328,0.09201,0.0935,0.004384466,0.009845083,0.00350682,0.009840013,0.0001635101,5.069705e-06,0.0007141353,0.0,0.0,8.52909e-11
0.205,0.03326,0.09211,0.0936,0.004366883,0.009823887,0.003491777,0.009818839,0.0001637512,5.04794e-06,0.0007113554,0.0,0.0,7.952471e-11
0.205,0.03325,0.09221,0.0937,0.004349353,0.009802734,0.003476775,0.009797706,0.0001639931,5.027305e-06,0.0007085853,0.0,0.0,7.413785e-11
0.205,0.03323,0.09231,0.0938,0.004331875,0.009781621,0.003461814,0.009776614,0.0001642359,5.007714e-06,0.0007058248,0.0,0.0,6.91061e-11
0.205,0.03321,0.09241,0.0939,0.004314449,0.009760551,0.003446895,0.009755562,0.0001644793,4.989091e-06,0.000703074,0.0,0.0,6.440673e-11
0.205,0.03319,0.09252,0.094,0.004297075,0.009739522,0.003432018,0.00973455,0.0001647235,4.971367e-06,0.000700333,0.0,0.0,6.001843e-11
0.205,0.03317,0.09262,0.0941,0.004279752,0.009718534,0.003417182,0.009713579,0.0001649683,4.954481e-06,0.0006976016,0.0,0.0,5.59212e-11
0.205,0.03315,0.09272,0.0942,0.004262481,0.009697588,0.003402388,0.009692649,0.0001652137,4.938379e-06,0.00069488,0.0,0.0,5.209629e-11
0.205,0.03313,0.09282,0.0943,0.004245262,0.009676682,0.003387634,0.009671759,0.0001654597,4.923013e-06,0.000692168,0.0,0.0,4.852613e-11
0.205,0.03311,0.09292,0.0944,0.004228095,0.009655818,0.003372923,0.00965091,0.0001657063,4.908336e-06,0.0006894658,0.0,0.0,4.519423e-11
0.205,0.03309,0.09302,0.0945,0.004210979,0.009634995,0.003358252,0.009630101,0.0001659534,4.894309e-06,0.0006867733,0.0,0.0,4.208514e-11
0.205,0.03308,0.09312,0.0946,0.004193914,0.009614213,0.003343622,0.009609333,0.0001662011,4.880895e-06,0.0006840904,0.0,0.0,3.918438e-11
0.205,0.03306,0.09322,0.0947,0.0041769,0.009593472,0.003329034,0.009588604,0.0001664493,4.86806e-06,0.0006814173,0.0,0.0,3.64784e-11
0.205,0.03304,0.09332,0.0948,0.004159938,0.009572772,0.003314486,0.009567916,0.000166698,4.855774e-06,0.0006787539,0.0,0.0,3.395447e-11
0.205,0.03302,0.09342,0.0949,0.004143027,0.009552113,0.00329998,0.009547269,0.0001669471,4.844007e-06,0.0006761001,0.0,0.0,3.16007e-11
0.205,0.033,0.09352,0.095,0.004126167,0.009531494,0.003285514,0.009526662,0.0001671968,4.832735e-06,0.0006734561,0.0,0.0,2.940593e-11
0.205,0.03298,0.09362,0.0951,0.004109359,0.009510916,0.00327109,0.009506095,0.000167447,4.821932e-06,0.0006708217,0.0,0.0,2.735971e-11
0.205,0.03296,0.09373,0.0952,0.004111283,0.009491539,0.003256706,0.009485568,0.0001863796,5.971218e-06,0.000668197,0.0,0.0,2.545228e-11
0.205,0.03294,0.09383,0.0953,0.004094608,0.009471024,0.003242363,0.009465081,0.0001866628,5.943335e-06,0.000665582,0.0,0.0,2.367447e-11
0.205,0.03292,0.09393,0.0954,0.004077984,0.009450551,0.00322806,0.009444634,0.000186947,5.917014e-06,0.0006629766,0.0,0.0,2.201772e-11
0.205,0.0329,0.09403,0.0955,0.004061412,0.00943012,0.003213799,0.009424228,0.0001872321,5.892123e-06,0.0006603809,0.0,0.0,2.047401e-11
0.205,0.03289,0.09413,0.0956,0.00404489,0.009409729,0.003199577,0.009403861,0.000187518,5.868545e-06,0.0006577949,0.0,0.0,1.903583e-11
0.205,0.03287,0.09423,0.0957,0.00402842,0.00938938,0.003185397,0.009383534,0.0001878047,5.84618e-06,0.0006552185,0.0,0.0,1.769617e-11
0.205,0.03285,0.09433,0.0958,0.004012,0.009369073,0.003171256,0.009363248,0.000188092,5.824937e-06,0.0006526518,0.0,0.0,1.644846e-11
0.205,0.03283,0.09443,0.0959,0.003995631,0.009348806,0.003157156,0.009343001,0.0001883801,5.804737e-06,0.0006500947,0.0,0.0,1.528655e-11
0.205,0.03281,0.09453,0.096,0.003979313,0.009328579,0.003143097,0.009322794,0.0001886687,5.785508e-06,0.0006475472,0.0,0.0,1.420471e-11
0.205,0.03279,0.09463,0.0961,0.003963045,0.009308394,0.003129077,0.009302627,0.000188958,5.767186e-06,0.0006450094,0.0,0.0,1.319756e-11
0.205,0.03277,0.09473,0.0962,0.003946827,0.009288249,0.003115098,0.009282499,0.0001892479,5.749715e-06,0.0006424812,0.0,0.0,1.226008e-11
0.205,0.03275,0.09484,0.0963,0.00393066,0.009268145,0.003101159,0.009262412,0.0001895383,5.733041e-06,0.0006399626,0.0,0.0,1.138758e-11
0.205,0.03273,0.09494,0.0964,0.003914543,0.009248081,0.00308726,0.009242363,0.0001898293,5.717118e-06,0.0006374535,0.0,0.0,1.057568e-11
0.205,0.03271,0.09504,0.0965,0.003898476,0.009228057,0.003073401,0.009222355,0.0001901208,5.701902e-06,0.0006349541,0.0,0.0,9.820267e-12
0.205,0.03269,0.09514,0.0966,0.003882459,0.009208074,0.003059582,0.009202386,0.0001904128,5.687356e-06,0.0006324643,0.0,0.0,9.117522e-12
0.205,0.03267,0.09524,0.0967,0.003866492,0.00918813,0.003045803,0.009182457,0.0001907053,5.673442e-06,0.000629984,0.0,0.0,8.463867e-12
0.205,0.03265,0.09534,0.0968,0.003850575,0.009168227,0.003032064,0.009162567,0.0001909984,5.660128e-06,0.0006275134,0.0,0.0,7.85596e-12
0.205,0.03264,0.09544,0.0969,0.003834708,0.009148364,0.003018364,0.009142717,0.0001912919,5.647383e-06,0.0006250522,0.0,0.0,7.290681e-12
0.205,0.03262,0.09554,0.097,0.003818891,0.009128541,0.003004704,0.009122906,0.000191586,5.63518e-06,0.0006226006,0.0,0.0,6.765119e-12
0.205,0.0326,0.09564,0.0971,0.003823595,0.009110069,0.002991084,0.009103134,0.0002123532,6.934666e-06,0.0006201586,0.0,0.0,6.276553e-12
0.205,0.03258,0.09574,0.0972,0.003807916,0.009090304,0.002977503,0.009083401,0.0002126866,6.90298e-06,0.0006177261,0.0,0.0,5.822445e-12
0.205,0.03256,0.09584,0.0973,0.003792286,0.009070581,0.002963962,0.009063708,0.0002130209,6.8731e-06,0.0006153031,0.0,0.0,5.400426e-12
0.205,0.03254,0.09594,0.0974,0.003776705,0.009050899,0.00295046,0.009044054,0.0002133561,6.844869e-06,0.0006128896,0.0,0.0,5.008285e-12
0.205,0.03252,0.09605,0.0975,0.003761175,0.009031258,0.002936997,0.009024439,0.000213692,6.818152e-06,0.0006104855,0.0,0.0,4.643961e-12
0.205,0.0325,0.09615,0.0976,0.003745693,0.009011656,0.002923574,0.009004864,0.0002140287,6.792832e-06,0.000608091,0.0,0.0,4.305528e-12
0.205,0.03248,0.09625,0.0977,0.003730262,0.008992096,0.00291019,0.008985327,0.000214366,6.768804e-06,0.0006057059,0.0,0.0,3.991194e-12
0.205,0.03246,0.09635,0.0978,0.003714879,0.008972575,0.002896845,0.008965829,0.0002147039,6.745974e-06,0.0006033303,0.0,0.0,3.699283e-12
0.205,0.03244,0.09645,0.0979,0.003699545,0.008953094,0.002883539,0.00894637,0.0002150424,6.724261e-06,0.0006009642,0.0,0.0,3.428237e-12
0.205,0.03242,0.09655,0.098,0.003684261,0.008933654,0.002870272,0.00892695,0.0002153815,6.70359e-06,0.0005986074,0.0,0.0,3.176599e-12
0.205,0.0324,0.09665,0.0981,0.003669026,0.008914253,0.002857044,0.008907569,0.0002157212,6.683894e-06,0.0005962601,0.0,0.0,2.943015e-12
0.205,0.03238,0.09675,0.0982,0.003653839,0.008894891,0.002843855,0.008888226,0.0002160614,6.665113e-06,0.0005939222,0.0,0.0,2.72622e-12
0.205,0.03236,0.09685,0.0983,0.003638701,0.00887557,0.002830705,0.008868922,0.0002164022,6.647193e-06,0.0005915937,0.0,0.0,2.525038e-12
0.205,0.03234,0.09695,0.0984,0.003623612,0.008856287,0.002817594,0.008849657,0.0002167435,6.630084e-06,0.0005892745,0.0,0.0,2.33837e-12
0.205,0.03232,0.09705,0.0985,0.003608571,0.008837044,0.002804521,0.008830431,0.0002170853,6.613741e-06,0.0005869648,0.0,0.0,2.165194e-12
0.205,0.0323,0.09716,0.0986,0.003593579,0.008817841,0.002791487,0.008811243,0.0002174276,6.598123e-06,0.0005846643,0.0,0.0,2.00456e-12
0.205,0.03228,0.09726,0.0987,0.003578635,0.008798676,0.002778491,0.008792093,0.0002177704,6.583191e-06,0.0005823732,0.0,0.0,1.85558e-12
0.205,0.03226,0.09736,0.0988,0.003563739,0.008779551,0.002765534,0.008772982,0.0002181138,6.568912e-06,0.0005800914,0.0,0.0,1.717428e-12
0.205,0.03224,0.09746,0.0989,0.003548892,0.008760464,0.002752615,0.008753909,0.0002184576,6.555252e-06,0.000577819,0.0,0.0,1.589337e-12
0.205,0.03222,0.09756,0.099,0.003556442,0.00874289,0.002739735,0.008734875,0.0002411511,8.015875e-06,0.0005755558,0.0,0.0,1.47059e-12
0.205,0.0322,0.09766,0.0991,0.003541736,0.008723858,0.002726893,0.008715878,0.0002415414,7.980173e-06,0.0005733019,0.0,0.0,1.360523e-12
0.205,0.03218,0.09776,0.0992,0.003527078,0.008704867,0.002714089,0.00869692,0.0002419325,7.946538e-06,0.0005710572,0.0,0.0,1.258515e-12
0.205,0.03216,0.09786,0.0993,0.003512469,0.008685915,0.002701323,0.008678,0.0002423243,7.91479e-06,0.0005688218,0.0,0.0,1.163991e-12
0.205,0.03214,0.09796,0.0994,0.003497908,0.008667003,0.002688595,0.008659118,0.0002427168,7.884775e-06,0.0005665956,0.0,0.0,1.076413e-12
0.205,0.03212,0.09806,0.0995,0.003483394,0.008648131,0.002675905,0.008640274,0.00024311,7.856354e-06,0.0005643786,0.0,0.0,9.952834e-13
0.205,0.0321,0.09816,0.0996,0.003468928,0.008629298,0.002663254,0.008621468,0.0002435038,7.829407e-06,0.0005621708,0.0,0.0,9.20138e-13
0.205,0.03208,0.09826,0.0997,0.00345451,0.008610504,0.00265064,0.0086027,0.0002438982,7.803827e-06,0.0005599722,0.0,0.0,8.505455e-13
0.205,0.03206,0.09837,0.0998,0.003440139,0.00859175,0.002638064,0.00858397,0.0002442931,7.77952e-06,0.0005577827,0.0,0.0,7.86105e-13
0.205,0.03204,0.09847,0.0999,0.003425816,0.008573034,0.002625525,0.008565278,0.0002446885,7.7564e-06,0.0005556024,0.0,0.0,7.264437e-13
0.205,0.03202,0.09857,0.1,0.00341154,0.008554357,0.002613024,0.008546623,0.0002450845,7.73439e-06,0.0005534312,0.0,0.0,6.712152e-13
0.205,0.032,0.09867,0.1001,0.003397311,0.008535719,0.002600561,0.008528006,0.000245481,7.713422e-06,0.0005512691,0.0,0.0,6.200974e-13
0.205,0.03198,0.09877,0.1002,0.003383129,0.008517119,0.002588135,0.008509426,0.000245878,7.693433e-06,0.0005491161,0.0,0.0,5.727914e-13
0.205,0.03196,0.09887,0.1003,0.003368995,0.008498558,0.002575747,0.008490884,0.0002462756,7.674367e-06,0.0005469721,0.0,0.0,5.290192e-13
0.205,0.03194,0.09897,0.1004,0.003354907,0.008480035,0.002563396,0.008472379,0.0002466736,7.656171e-06,0.0005448372,0.0,0.0,4.885227e-13
0.205,0.03192,0.09907,0.1005,0.003340866,0.008461551,0.002551082,0.008453912,0.0002470722,7.638799e-06,0.0005427114,0.0,0.0,4.510623e-13
0.205,0.0319,0.09917,0.1006,0.003326872,0.008443104,0.002538806,0.008435482,0.0002474712,7.622208e-06,0.0005405945,0.0,0.0,4.164152e-13
0.205,0.03188,0.09927,0.1007,0.003312924,0.008424696,0.002526567,0.008417089,0.0002478708,7.606358e-06,0.0005384867,0.0,0.0,3.84375e-13
0.205,0.03186,0.09937,0.1008,0.003299023,0.008406325,0.002514365,0.008398734,0.0002482709,7.591212e-06,0.0005363878,0.0,0.0,3.547496e-13
0.205,0.03184,0.09948,0.1009,0.003285169,0.008387992,0.002502199,0.008380416,0.0002486715,7.576736e-06,0.0005342978,0.0,0.0,3.273612e-13
0.205,0.03182,0.09958,0.101,0.003295718,0.008371318,0.002490071,0.008362134,0.0002734302,9.18336e-06,0.0005322168,0.0,0.0,3.020444e-13
0.205,0.0318,0.09968,0.1011,0.00328201,0.008353036,0.00247798,0.00834389,0.0002738852,9.145826e-06,0.0005301447,0.0,0.0,2.78646e-13
0.205,0.03178,0.09978,0.1012,0.003268348,0.008334793,0.002465925,0.008325683,0.0002743409,9.110434e-06,0.0005280815,0.0,0.0,2.570237e-13
0.205,0.03176,0.09988,0.1013,0.003254732,0.008316589,0.002453908,0.008307512,0.0002747971,9.077005e-06,0.0005260272,0.0,0.0,2.370456e-13
0.205,0.03174,0.09998,0.1014,0.003241162,0.008298424,0.002441926,0.008289379,0.000275254,9.045382e-06,0.0005239817,0.0,0.0,2.185894e-13
0.205,0.03172,0.10008,0.1015,0.003227638,0.008280297,0.002429982,0.008271282,0.0002757113,9.015427e-06,0.0005219451,0.0,0.0,2.015415e-13
0.205,0.0317,0.10018,0.1016,0.00321416,0.008262208,0.002418074,0.008253221,0.0002761692,8.987019e-06,0.0005199173,0.0,0.0,1.857968e-13
0.205,0.03168,0.10028,0.1017,0.003200728,0.008244158,0.002406202,0.008235198,0.0002766275,8.96005e-06,0.0005178982,0.0,0.0,1.712579e-13
0.205,0.03166,0.10038,0.1018,0.003187341,0.008226145,0.002394367,0.008217211,0.0002770863,8.934421e-06,0.0005158879,0.0,0.0,1.578342e-13
0.205,0.03164,0.10048,0.1019,0.003174,0.00820817,0.002382568,0.00819926,0.0002775456,8.910048e-06,0.0005138864,0.0,0.0,1.454421e-13
0.205,0.03162,0.10059,0.102,0.003160705,0.008190233,0.002370806,0.008181346,0.0002780054,8.88685e-06,0.0005118936,0.0,0.0,1.340039e-13
0.205,0.0316,0.10069,0.1021,0.003147454,0.008172333,0.002359079,0.008163468,0.0002784657,8.864759e-06,0.0005099095,0.0,0.0,1.234477e-13
0.205,0.03158,0.10079,0.1022,0.003134249,0.00815447,0.002347389,0.008145626,0.0002789265,8.843708e-06,0.0005079341,0.0,0.0,1.137069e-13
0.205,0.03156,0.10089,0.1023,0.003121089,0.008136645,0.002335734,0.008127821,0.0002793877,8.82364e-06,0.0005059673,0.0,0.0,1.047199e-13
0.205,0.03154,0.10099,0.1024,0.003107975,0.008118856,0.002324116,0.008110052,0.0002798494,8.804501e-06,0.0005040092,0.0,0.0,9.642952e-14
0.205,0.03152,0.10109,0.1025,0.003094905,0.008101105,0.002312533,0.008092318,0.0002803117,8.786243e-06,0.0005020597,0.0,0.0,8.878285e-14
0.205,0.0315,0.10119,0.1026,0.00308188,0.00808339,0.002300987,0.008074621,0.0002807744,8.76882e-06,0.0005001188,0.0,0.0,8.173094e-14
0.205,0.03148,0.10129,0.1027,0.0030689,0.008065712,0.002289476,0.00805696,0.0002812377,8.752191e-06,0.0004981865,0.0,0.0,7.522847e-14
0.205,0.03146,0.10139,0.1028,0.003055965,0.008048071,0.002278001,0.008039335,0.0002817015,8.736319e-06,0.0004962627,0.0,0.0,6.923351e-14
0.205,0.03144,0.10149,0.1029,0.003069466,0.008032266,0.002266561,0.008021745,0.0003085578,1.05208e-05,0.0004943474,0.0,0.0,6.370724e-14
0.205,0.03142,0.10159,0.103,0.003056682,0.00801467,0.002255157,0.008004191,0.0003090845,1.047929e-05,0.0004924406,0.0,0.0,5.861376e-14
0.205,0.0314,0.1017,0.1031,0.003043942,0.007997113,0.002243788,0.007986673,0.0003096116,1.044019e-05,0.0004905423,0.0,0.0,5.391986e-14
0.205,0.03137,0.1018,0.1032,0.003031246,0.007979594,0.002232455,0.00796919,0.0003101393,1.040329e-05,0.0004886525,0.0,0.0,4.959481e-14
0.205,0.03135,0.1019,0.1033,0.003018595,0.007962112,0.002221157,0.007951743,0.0003106674,1.036842e-05,0.0004867711,0.0,0.0,4.56102e-14
0.205,0.03133,0.102,0.1034,0.003005988,0.007944667,0.002209894,0.007934332,0.0003111959,1.033542e-05,0.0004848981,0.0,0.0,4.193978e-14
0.205,0.03131,0.1021,0.1035,0.002993425,0.00792726,0.002198666,0.007916955,0.0003117248,1.030416e-05,0.0004830334,0.0,0.0,0.0
0.205,0.03129,0.1022,0.1036,0.002980905,0.007909889,0.002187474,0.007899615,0.0003122541,1.027451e-05,0.0004811772,0.0,0.0,0.0
0.205,0.03127,0.1023,0.1037,0.00296843,0.007892555,0.002176316,0.007882309,0.0003127839,1.024637e-05,0.0004793292,0.0,0.0,0.0
0.205,0.03125,0.1024,0.1038,0.002955998,0.007875258,0.002165194,0.007865038,0.000313314,1.021963e-05,0.0004774896,0.0,0.0,0.0
0.205,0.03123,0.1025,0.1039,0.002943609,0.007857997,0.002154106,0.007847803,0.0003138446,1.019421e-05,0.0004756583,0.0,0.0,0.0
0.205,0.03121,0.1026,0.104,0.002931264,0.007840773,0.002143054,0.007830603,0.0003143757,1.017002e-05,0.0004738352,0.0,0.0,0.0
0.205,0.03119,0.1027,0.1041,0.002918963,0.007823584,0.002132036,0.007813437,0.0003149071,1.014701e-05,0.0004720204,0.0,0.0,0.0
0.205,0.03117,0.10281,0.1042,0.002906705,0.007806432,0.002121052,0.007796307,0.0003154391,1.012509e-05,0.0004702137,0.0,0.0,0.0
0.205,0.03115,0.10291,0.1043,0.00289449,0.007789315,0.002110103,0.007779211,0.0003159715,1.010422e-05,0.0004684153,0.0,0.0,0.0
0.205,0.03113,0.10301,0.1044,0.002882319,0.007772234,0.002099189,0.00776215,0.0003165044,1.008433e-05,0.000466625,0.0,0.0,0.0
0.205,0.0311,0.10311,0.1045,0.00287019,0.007755189,0.00208831,0.007745124,0.0003170379,1.006537e-05,0.0004648428,0.0,0.0,0.0
0.205,0.03108,0.10321,0.1046,0.002858105,0.00773818,0.002077464,0.007728132,0.0003175718,1.00473e-05,0.0004630688,0.0,0.0,0.0
0.205,0.03106,0.10331,0.1047,0.002846062,0.007721205,0.002066653,0.007711175,0.0003181063,1.003009e-05,0.0004613028,0.0,0.0,0.0
0.205,0.03104,0.10341,0.1048,0.00286255,0.007706253,0.002055876,0.007694253,0.0003471291,1.200048e-05,0.0004595449,0.0,0.0,0.0
0.205,0.03102,0.10351,0.1049,0.002850664,0.007689319,0.002045134,0.007677364,0.0003477357,1.195499e-05,0.000457795,0.0,0.0,0.0
0.205,0.031,0.10361,0.105,0.002838821,0.007672423,0.002034425,0.00766051,0.0003483425,1.191218e-05,0.0004560532,0.0,0.0,0.0
0.205,0.03098,0.10371,0.1051,0.00282702,0.007655563,0.002023751,0.007643691,0.0003489497,1.187183e-05,0.0004543193,0.0,0.0,0.0
0.205,0.03096,0.10382,0.1052,0.002815261,0.007638739,0.00201311,0.007626905,0.0003495572,1.183374e-05,0.0004525934,0.0,0.0,0.0
0.205,0.03094,0.10392,0.1053,0.002803544,0.007621952,0.002002504,0.007610154,0.0003501649,1.179773e-05,0.0004508754,0.0,0.0,0.0
0.205,0.03092,0.10402,0.1054,0.002791869,0.0076052,0.001991931,0.007593437,0.000350773,1.176366e-05,0.0004491653,0.0,0.0,0.0
0.205,0.03089,0.10412,0.1055,0.002780237,0.007588485,0.001981392,0.007576754,0.0003513814,1.173137e-05,0.0004474631,0.0,0.0,0.0
0.205,0.03087,0.10422,0.1056,0.002768646,0.007571805,0.001970887,0.007560104,0.0003519901,1.170076e-05,0.0004457687,0.0,0.0,0.0
0.205,0.03085,0.10432,0.1057,0.002757096,0.00755516,0.001960415,0.007543489,0.0003525992,1.167172e-05,0.0004440821,0.0,0.0,0.0
0.205,0.03083,0.10442,0.1058,0.002745589,0.007538551,0.001949977,0.007526907,0.0003532086,1.164413e-05,0.0004424034,0.0,0.0,0.0
0.205,0.03081,0.10452,0.1059,0.002734123,0.007521977,0.001939572,0.007510359,0.0003538184,1.161793e-05,0.0004407324,0.0,0.0,0.0
0.205,0.03079,0.10462,0.106,0.002722699,0.007505437,0.001929201,0.007493844,0.0003544287,1.159302e-05,0.0004390692,0.0,0.0,0.0
0.205,0.03077,0.10472,0.1061,0.002711316,0.007488932,0.001918863,0.007477363,0.0003550393,1.156933e-05,0.0004374137,0.0,0.0,0.0
0.205,0.03075,0.10482,0.1062,0.002699975,0.007472462,0.001908559,0.007460916,0.0003556504,1.15468e-05,0.0004357658,0.0,0.0,0.0
0.205,0.03073,0.10493,0.1063,0.002688675,0.007456027,0.001898287,0.007444502,0.000356262,1.152536e-05,0.0004341257,0.0,0.0,0.0
0.205,0.0307,0.10503,0.1064,0.002677416,0.007439626,0.001888049,0.007428121,0.0003568741,1.150497e-05,0.0004324931,0.0,0.0,0.0
0.205,0.03068,0.10513,0.1065,0.002666198,0.007423259,0.001877844,0.007411773,0.0003574867,1.148556e-05,0.0004308682,0.0,0.0,0.0
0.205,0.03066,0.10523,0.1066,0.002655022,0.007406926,0.001867671,0.007395459,0.0003580999,1.146709e-05,0.0004292509,0.0,0.0,0.0
0.205,0.03064,0.10533,0.1067,0.002674521,0.007392808,0.001857532,0.007379178,0.0003893477,1.363002e-05,0.0004276411,0.0,0.0,0.0
0.205,0.03062,0.10543,0.1068,0.002663507,0.00737651,0.001847425,0.00736293,0.0003900428,1.358064e-05,0.0004260388,0.0,0.0,0.0
0.205,0.0306,0.10553,0.1069,0.002652534,0.007360249,0.001837352,0.007346714,0.000390738,1.353423e-05,0.000424444,0.0,0.0,0.0
0.205,0.03058,0.10563,0.107,0.002641601,0.007344023,0.001827311,0.007330532,0.0003914333,1.349052e-05,0.0004228567,0.0,0.0,0.0
0.205,0.03055,0.10573,0.1071,0.002630708,0.007327832,0.001817302,0.007314382,0.0003921287,1.344932e-05,0.0004212769,0.0,0.0,0.0
0.205,0.03053,0.10583,0.1072,0.002619855,0.007311676,0.001807327,0.007298266,0.0003928243,1.341041e-05,0.0004197045,0.0,0.0,0.0
0.205,0.03051,0.10594,0.1073,0.002609043,0.007295555,0.001797383,0.007282182,0.0003935201,1.337363e-05,0.0004181394,0.0,0.0,0.0
0.205,0.03049,0.10604,0.1074,0.00259827,0.007279469,0.001787472,0.00726613,0.0003942161,1.333883e-05,0.0004165817,0.0,0.0,0.0
0.205,0.03047,0.10614,0.1075,0.002587538,0.007263417,0.001777594,0.007250111,0.0003949124,1.330587e-05,0.0004150314,0.0,0.0,0.0
0.205,0.03045,0.10624,0.1076,0.002576845,0.007247399,0.001767748,0.007234125,0.0003956089,1.327464e-05,0.0004134883,0.0,0.0,0.0
0.205,0.03043,0.10634,0.1077,0.002566192,0.007231416,0.001757934,0.007218171,0.0003963057,1.324503e-05,0.0004119525,0.0,0.0,0.0
0.205,0.0304,0.10644,0.1078,0.002555579,0.007215466,0.001748152,0.007202249,0.0003970028,1.321693e-05,0.000410424,0.0,0.0,0.0
0.205,0.03038,0.10654,0.1079,0.002545005,0.00719955,0.001738402,0.007186359,0.0003977003,1.319026e-05,0.0004089027,0.0,0.0,0.0
0.205,0.03036,0.10664,0.108,0.002534471,0.007183667,0.001728684,0.007170502,0.0003983982,1.316494e-05,0.0004073886,0.0,0.0,0.0
0.205,0.03034,0.10674,0.1081,0.002523977,0.007167818,0.001718999,0.007154677,0.0003990965,1.31409e-05,0.0004058816,0.0,0.0,0.0
0.205,0.03032,0.10684,0.1082,0.002513522,0.007152002,0.001709345,0.007138883,0.0003997953,1.311806e-05,0.0004043818,0.0,0.0,0.0
0.205,0.0303,0.10694,0.1083,0.002503106,0.007136219,0.001699723,0.007123122,0.0004004946,1.309638e-05,0.0004028891,0.0,0.0,0.0
0.205,0.03027,0.10705,0.1084,0.00249273,0.007120469,0.001690132,0.007107393,0.0004011943,1.307578e-05,0.0004014034,0.0,0.0,0.0
0.205,0.03025,0.10715,0.1085,0.002482393,0.007104751,0.001680574,0.007091695,0.0004018947,1.305622e-05,0.0003999248,0.0,0.0,0.0
0.205,0.03023,0.10725,0.1086,0.002504914,0.007091446,0.001671047,0.007076029,0.0004354138,1.541662e-05,0.0003984533,0.0,0.0,0.0
0.205,0.03021,0.10735,0.1087,0.002494746,0.007075759,0.001661551,0.007060395,0.0004362065,1.536355e-05,0.0003969887,0.0,0.0,0.0
0.205,0.03019,0.10745,0.1088,0.002484617,0.007060106,0.001652087,0.007044793,0.0004369992,1.531372e-05,0.0003955311,0.0,0.0,0.0
0.205,0.03017,0.10755,0.1089,0.002474527,0.007044488,0.001642655,0.007029221,0.0004377917,1.526686e-05,0.0003940804,0.0,0.0,0.0
0.205,0.03014,0.10765,0.109,0.002464474,0.007028905,0.001633253,0.007013682,0.0004385842,1.522273e-05,0.0003926366,0.0,0.0,0.0
0.205,0.03012,0.10775,0.1091,0.00245446,0.007013355,0.001623883,0.006998174,0.0004393767,1.518111e-05,0.0003911997,0.0,0.0,0.0
0.205,0.0301,0.10785,0.1092,0.002444484,0.006997838,0.001614545,0.006982697,0.0004401693,1.514183e-05,0.0003897697,0.0,0.0,0.0
0.205,0.03008,0.10795,0.1093,0.002434545,0.006982356,0.001605237,0.006967251,0.0004409619,1.510471e-05,0.0003883465,0.0,0.0,0.0
0.205,0.03006,0.10806,0.1094,0.002424645,0.006966906,0.00159596,0.006951836,0.0004417547,1.506961e-05,0.00038693,0.0,0.0,0.0
0.205,0.03003,0.10816,0.1095,0.002414783,0.006951489,0.001586715,0.006936453,0.0004425476,1.50364e-05,0.0003855204,0.0,0.0,0.0
0.205,0.03001,0.10826,0.1096,0.002404958,0.006936105,0.0015775,0.0069211,0.0004433408,1.500496e-05,0.0003841174,0.0,0.0,0.0
0.205,0.02999,0.10836,0.1097,0.002395172,0.006920754,0.001568316,0.006905779,0.0004441343,1.497518e-05,0.0003827212,0.0,0.0,0.0
0.205,0.02997,0.10846,0.1098,0.002385423,0.006905435,0.001559163,0.006890488,0.000444928,1.494696e-05,0.0003813317,0.0,0.0,0.0
0.205,0.02995,0.10856,0.1099,0.002375712,0.006890149,0.001550041,0.006875228,0.0004457221,1.492022e-05,0.0003799488,0.0,0.0,0.0
0.205,0.02992,0.10866,0.11,0.002366038,0.006874894,0.001540949,0.006859999,0.0004465167,1.489487e-05,0.0003785725,0.0,0.0,0.0
0.205,0.0299,0.10876,0.1101,0.002356403,0.006859672,0.001531888,0.006844801,0.0004473116,1.487085e-05,0.0003772028,0.0,0.0,0.0
0.205,0.02988,0.10886,0.1102,0.002346805,0.006844481,0.001522858,0.006829633,0.0004481071,1.484808e-05,0.0003758396,0.0,0.0,0.0
0.205,0.02986,0.10896,0.1103,0.002337244,0.006829322,0.001513858,0.006814495,0.000448903,1.482651e-05,0.000374483,0.0,0.0,0.0
0.205,0.02984,0.10907,0.1104,0.002327721,0.006814194,0.001504888,0.006799388,0.0004496995,1.480607e-05,0.0003731329,0.0,0.0,0.0
0.205,0.02981,0.10917,0.1105,0.002318235,0.006799099,0.001495949,0.006784312,0.0004504966,1.478672e-05,0.0003717893,0.0,0.0,0.0
0.205,0.02979,0.10927,0.1106,0.002343915,0.006786576,0.00148704,0.006769266,0.0004864229,1.731052e-05,0.0003704521,0.0,0.0,0.0
0.205,0.02977,0.10937,0.1107,0.002334605,0.006771507,0.001478161,0.006754249,0.0004873225,1.725758e-05,0.0003691214,0.0,0.0,0.0
0.205,0.02975,0.10947,0.1108,0.002325331,0.006756471,0.001469312,0.006739264,0.0004882218,1.720787e-05,0.000367797,0.0,0.0,0.0
0.205,0.02973,0.10957,0.1109,0.002316094,0.006741469,0.001460494,0.006724308,0.0004891208,1.716111e-05,0.000366479,0.0,0.0,0.0
0.205,0.0297,0.10967,0.111,0.002306892,0.006726499,0.001451705,0.006709382,0.0004900197,1.711709e-05,0.0003651673,0.0,0.0,0.0
0.205,0.02968,0.10977,0.1111,0.002297727,0.006711562,0.001442947,0.006694486,0.0004909185,1.707559e-05,0.0003638619,0.0,0.0,0.0
0.205,0.02966,0.10987,0.1112,0.002288598,0.006696656,0.001434218,0.00667962,0.0004918172,1.703645e-05,0.0003625627,0.0,0.0,0.0
0.205,0.02964,0.10997,0.1113,0.002279505,0.006681783,0.001425519,0.006664784,0.000492716,1.69995e-05,0.0003612699,0.0,0.0,0.0
0.205,0.02962,0.11008,0.1114,0.002270448,0.006666942,0.00141685,0.006649977,0.0004936149,1.696459e-05,0.0003599832,0.0,0.0,0.0
0.205,0.02959,0.11018,0.1115,0.002261427,0.006652132,0.00140821,0.0066352,0.0004945139,1.693161e-05,0.0003587027,0.0,0.0,0.0
0.205,0.02957,0.11028,0.1116,0.002252442,0.006637354,0.0013996,0.006620453,0.0004954131,1.690043e-05,0.0003574284,0.0,0.0,0.0
0.205,0.02955,0.11038,0.1117,0.002243492,0.006622606,0.00139102,0.006605735,0.0004963126,1.687094e-05,0.0003561602,0.0,0.0,0.0
0.205,0.02953,0.11048,0.1118,0.002234579,0.00660789,0.001382469,0.006591047,0.0004972124,1.684307e-05,0.0003548981,0.0,0.0,0.0
0.205,0.0295,0.11058,0.1119,0.002225702,0.006593205,0.001373947,0.006576388,0.0004981126,1.681671e-05,0.000353642,0.0,0.0,0.0
0.205,0.02948,0.11068,0.112,0.00221686,0.00657855,0.001365455,0.006561758,0.0004990132,1.679178e-05,0.000352392,0.0,0.0,0.0
0.205,0.02946,0.11078,0.1121,0.002208055,0.006563926,0.001356992,0.006547158,0.0004999142,1.676822e-05,0.000351148,0.0,0.0,0.0
0.205,0.02944,0.11088,0.1122,0.002199284,0.006549333,0.001348559,0.006532587,0.0005008158,1.674596e-05,0.00034991,0.0,0.0,0.0
0.205,0.02941,0.11098,0.1123,0.00219055,0.006534769,0.001340154,0.006518044,0.000501718,1.672494e-05,0.000348678,0.0,0.0,0.0
0.205,0.02939,0.11109,0.1124,0.002181851,0.006520236,0.001331779,0.006503531,0.0005026208,1.670509e-05,0.0003474518,0.0,0.0,0.0
0.205,0.02937,0.11119,0.1125,0.002210545,0.006508475,0.001323432,0.006489047,0.0005408813,1.942788e-05,0.0003462316,0.0,0.0,0.0
0.205,0.02935,0.11129,0.1126,0.00220203,0.006493964,0.001315115,0.006474592,0.0005418977,1.937225e-05,0.0003450172,0.0,0.0,0.0
0.205,0.02932,0.11139,0.1127,0.002193549,0.006479485,0.001306827,0.006460165,0.0005429137,1.932009e-05,0.0003438087,0.0,0.0,0.0
0.205,0.0293,0.11149,0.1128,0.002185102,0.006465038,0.001298567,0.006445767,0.0005439292,1.927112e-05,0.0003426059,0.0,0.0,0.0
0.205,0.02928,0.11159,0.1129,0.002176689,0.006450623,0.001290336,0.006431398,0.0005449443,1.922509e-05,0.000341409,0.0,0.0,0.0
0.205,0.02926,0.11169,0.113,0.002168311,0.006436239,0.001282134,0.006417057,0.0005459592,1.918178e-05,0.0003402178,0.0,0.0,0.0
0.205,0.02923,0.11179,0.1131,0.002159967,0.006421886,0.00127396,0.006402745,0.0005469739,1.9141e-05,0.0003390323,0.0,0.0,0.0
0.205,0.02921,0.11189,0.1132,0.002151657,0.006407564,0.001265816,0.006388462,0.0005479885,1.910258e-05,0.0003378525,0.0,0.0,0.0
0.205,0.02919,0.11199,0.1133,0.002143381,0.006393273,0.001257699,0.006374206,0.0005490032,1.906636e-05,0.0003366783,0.0,0.0,0.0
0.205,0.02917,0.1121,0.1134,0.002135139,0.006379012,0.001249611,0.00635998,0.0005500179,1.903221e-05,0.0003355098,0.0,0.0,0.0
0.205,0.02914,0.1122,0.1135,0.002126931,0.006364781,0.001241552,0.006345781,0.0005510327,1.900001e-05,0.0003343469,0.0,0.0,0.0
0.205,0.02912,0.1123,0.1136,0.002118758,0.00635058,0.001233521,0.00633161,0.0005520478,1.896964e-05,0.0003331896,0.0,0.0,0.0
0.205,0.0291,0.1124,0.1137,0.002110619,0.006336409,0.001225518,0.006317468,0.0005530632,1.8941e-05,0.0003320378,0.0,0.0,0.0
0.205,0.02907,0.1125,0.1138,0.002102514,0.006322268,0.001217543,0.006303354,0.0005540789,1.891399e-05,0.0003308916,0.0,0.0,0.0
0.205,0.02905,0.1126,0.1139,0.002094442,0.006308156,0.001209596,0.006289267,0.000555095,1.888853e-05,0.0003297508,0.0,0.0,0.0
0.205,0.02903,0.1127,0.114,0.002086405,0.006294073,0.001201678,0.006275209,0.0005561117,1.886455e-05,0.0003286155,0.0,0.0,0.0
0.205,0.02901,0.1128,0.1141,0.002078402,0.00628002,0.001193788,0.006261178,0.0005571288,1.884197e-05,0.0003274857,0.0,0.0,0.0
0.205,0.02898,0.1129,0.1142,0.002070433,0.006265996,0.001185925,0.006247175,0.0005581466,1.882072e-05,0.0003263612,0.0,0.0,0.0
0.205,0.02896,0.113,0.1143,0.002062498,0.006252,0.001178091,0.0062332,0.000559165,1.880075e-05,0.0003252421,0.0,0.0,0.0
0.205,0.02894,0.11311,0.1144,0.002094175,0.006240973,0.001170284,0.006219252,0.0005997629,2.172138e-05,0.0003241284,0.0,0.0,0.0
0.205,0.02891,0.11321,0.1145,0.002086431,0.006226996,0.001162505,0.006205332,0.0006009065,2.166362e-05,0.00032302,0.0,0.0,0.0
0.205,0.02889,0.11331,0.1146,0.00207872,0.006213049,0.001154754,0.006191439,0.0006020493,2.160956e-05,0.0003219169,0.0,0.0,0.0
0.205,0.02887,0.11341,0.1147,0.002071041,0.006199133,0.00114703,0.006177574,0.0006031914,2.155889e-05,0.000320819,0.0,0.0,0.0
0.205,0.02885,0.11351,0.1148,0.002063394,0.006185248,0.001139334,0.006163736,0.000604333,2.151137e-05,0.0003197264,0.0,0.0,0.0
0.205,0.02882,0.11361,0.1149,0.002055779,0.006171392,0.001131666,0.006149926,0.0006054743,2.146674e-05,0.000318639,0.0,0.0,0.0
0.205,0.0288,0.11371,0.115,0.002048197,0.006157567,0.001124025,0.006136142,0.0006066152,2.142482e-05,0.0003175567,0.0,0.0,0.0
0.205,0.02878,0.11381,0.1151,0.002040647,0.006143772,0.001116411,0.006122386,0.000607756,2.138542e-05,0.0003164796,0.0,0.0,0.0
0.205,0.02875,0.11391,0.1152,0.002033129,0.006130005,0.001108825,0.006108657,0.0006088966,2.134838e-05,0.0003154077,0.0,0.0,0.0
0.205,0.02873,0.11401,0.1153,0.002025644,0.006116268,0.001101266,0.006094955,0.0006100373,2.131354e-05,0.0003143408,0.0,0.0,0.0
0.205,0.02871,0.11412,0.1154,0.002018191,0.00610256,0.001093734,0.00608128,0.000611178,2.128079e-05,0.000313279,0.0,0.0,0.0
0.205,0.02868,0.11422,0.1155,0.002010771,0.006088881,0.00108623,0.006067631,0.000612319,2.124999e-05,0.0003122222,0.0,0.0,0.0
0.205,0.02866,0.11432,0.1156,0.002003383,0.006075231,0.001078752,0.00605401,0.0006134602,2.122105e-05,0.0003111705,0.0,0.0,0.0
0.205,0.02864,0.11442,0.1157,0.001996028,0.006061609,0.001071302,0.006040415,0.0006146018,2.119385e-05,0.0003101237,0.0,0.0,0.0
0.205,0.02862,0.11452,0.1158,0.001988704,0.006048015,0.001063879,0.006026847,0.0006157438,2.116832e-05,0.0003090819,0.0,0.0,0.0
0.205,0.02859,0.11462,0.1159,0.001981414,0.006034449,0.001056482,0.006013305,0.0006168862,2.114437e-05,0.000308045,0.0,0.0,0.0
0.205,0.02857,0.11472,0.116,0.001974155,0.006020912,0.001049113,0.00599979,0.0006180293,2.112192e-05,0.000307013,0.0,0.0,0.0
0.205,0.02855,0.11482,0.1161,0.001966929,0.006007402,0.00104177,0.005986301,0.000619173,2.11009e-05,0.0003059859,0.0,0.0,0.0
0.205,0.02852,0.11492,0.1162,0.001959735,0.005993921,0.001034454,0.005972839,0.0006203173,2.108125e-05,0.0003049636,0.0,0.0,0.0
0.205,0.0285,0.11503,0.1163,0.00199435,0.0059836,0.001027165,0.005959403,0.0006632392,2.419628e-05,0.0003039461,0.0,0.0,0.0
0.205,0.02848,0.11513,0.1164,0.001987356,0.005970131,0.001019902,0.005945994,0.0006645204,2.413707e-05,0.0003029335,0.0,0.0,0.0
0.205,0.02845,0.11523,0.1165,0.001980392,0.005956692,0.001012666,0.00593261,0.0006658006,2.408176e-05,0.0003019256,0.0,0.0,0.0
0.205,0.02843,0.11533,0.1166,0.001973459,0.005943283,0.001005457,0.005919253,0.00066708,2.403005e-05,0.0003009224,0.0,0.0,0.0
0.205,0.02841,0.11543,0.1167,0.001966556,0.005929904,0.0009982734,0.005905922,0.0006683587,2.398165e-05,0.0002999239,0.0,0.0,0.0
0.205,0.02838,0.11553,0.1168,0.001959684,0.005916553,0.0009911167,0.005892617,0.0006696368,2.393634e-05,0.0002989301,0.0,0.0,0.0
0.205,0.02836,0.11563,0.1169,0.001952842,0.005903231,0.0009839864,0.005879337,0.0006709145,2.389388e-05,0.000297941,0.0,0.0,0.0
0.205,0.02834,0.11573,0.117,0.001946031,0.005889938,0.0009768823,0.005866084,0.000672192,2.385409e-05,0.0002969565,0.0,0.0,0.0
0.205,0.02831,0.11583,0.1171,0.00193925,0.005876673,0.0009698044,0.005852856,0.0006734693,2.381681e-05,0.0002959766,0.0,0.0,0.0
0.205,0.02829,0.11593,0.1172,0.0019325,0.005863436,0.0009627527,0.005839654,0.0006747465,2.378187e-05,0.0002950013,0.0,0.0,0.0
0.205,0.02827,0.11604,0.1173,0.001925781,0.005850227,0.0009557272,0.005826478,0.0006760238,2.374913e-05,0.0002940305,0.0,0.0,0.0
0.205,0.02824,0.11614,0.1174,0.001919093,0.005837046,0.0009487276,0.005813328,0.0006773012,2.371848e-05,0.0002930642,0.0,0.0,0.0
0.205,0.02822,0.11624,0.1175,0.001912435,0.005823892,0.0009417541,0.005800202,0.0006785789,2.368979e-05,0.0002921024,0.0,0.0,0.0
0.205,0.0282,0.11634,0.1176,0.001905809,0.005810766,0.0009348065,0.005787103,0.000679857,2.366296e-05,0.0002911451,0.0,0.0,0.0
0.205,0.02817,0.11644,0.1177,0.001899213,0.005797666,0.0009278848,0.005774029,0.0006811355,2.36379e-05,0.0002901922,0.0,0.0,0.0
0.205,0.02815,0.11654,0.1178,0.001892647,0.005784594,0.0009209889,0.00576098,0.0006824145,2.361452e-05,0.0002892438,0.0,0.0,0.0
0.205,0.02812,0.11664,0.1179,0.001886113,0.005771549,0.0009141188,0.005747956,0.0006836941,2.359274e-05,0.0002882997,0.0,0.0,0.0
0.205,0.0281,0.11674,0.118,0.001879609,0.00575853,0.0009072743,0.005734958,0.0006849744,2.357248e-05,0.00028736,0.0,0.0,0.0
0.205,0.02808,0.11684,0.1181,0.001873136,0.005745538,0.0009004556,0.005721984,0.0006862555,2.355368e-05,0.0002864246,0.0,0.0,0.0
0.205,0.02805,0.11695,0.1182,0.001910626,0.005735893,0.0008936624,0.005709036,0.0007314706,2.685731e-05,0.0002854935,0.0,0.0,0.0
0.205,0.02803,0.11705,0.1183,0.001904362,0.00572291,0.0008868947,0.005696113,0.0007329002,2.679745e-05,0.0002845667,0.0,0.0,0.0
0.205,0.02801,0.11715,0.1184,0.001898125,0.005709956,0.0008801526,0.005683215,0.0007343286,2.674169e-05,0.0002836441,0.0,0.0,0.0
0.205,0.02798,0.11725,0.1185,0.001891918,0.005697031,0.0008734359,0.005670341,0.000735756,2.66897e-05,0.0002827258,0.0,0.0,0.0
0.205,0.02796,0.11735,0.1186,0.001885739,0.005684134,0.0008667445,0.005657493,0.0007371826,2.664119e-05,0.0002818117,0.0,0.0,0.0
0.205,0.02794,0.11745,0.1187,0.001879589,0.005671265,0.0008600784,0.005644669,0.0007386084,2.659591e-05,0.0002809017,0.0,0.0,0.0
0.205,0.02791,0.11755,0.1188,0.001873467,0.005658424,0.0008534376,0.00563187,0.0007400338,2.655364e-05,0.0002799959,0.0,0.0,0.0
0.205,0.02789,0.11765,0.1189,0.001867375,0.00564561,0.000846822,0.005619095,0.0007414588,2.651417e-05,0.0002790943,0.0,0.0,0.0
0.205,0.02786,0.11775,0.119,0.001861312,0.005632823,0.0008402316,0.005606346,0.0007428836,2.647734e-05,0.0002781967,0.0,0.0,0.0
0.205,0.02784,0.11785,0.1191,0.001855278,0.005620063,0.0008336662,0.00559362,0.0007443083,2.644298e-05,0.0002773032,0.0,0.0,0.0
0.205,0.02782,0.11796,0.1192,0.001849273,0.00560733,0.0008271259,0.005580919,0.000745733,2.641093e-05,0.0002764137,0.0,0.0,0.0
0.205,0.02779,0.11806,0.1193,0.001843297,0.005594624,0.0008206105,0.005568243,0.0007471579,2.638109e-05,0.0002755283,0.0,0.0,0.0
0.205,0.02777,0.11816,0.1194,0.00183735,0.005581944,0.0008141201,0.00555559,0.0007485831,2.635331e-05,0.0002746469,0.0,0.0,0.0
0.205,0.02774,0.11826,0.1195,0.001831432,0.00556929,0.0008076545,0.005542962,0.0007500086,2.63275e-05,0.0002737694,0.0,0.0,0.0
0.205,0.02772,0.11836,0.1196,0.001825544,0.005556662,0.0008012138,0.005530358,0.0007514346,2.630356e-05,0.0002728959,0.0,0.0,0.0
0.205,0.0277,0.11846,0.1197,0.001819685,0.00554406,0.0007947978,0.005517779,0.0007528612,2.628139e-05,0.0002720263,0.0,0.0,0.0
0.205,0.02767,0.11856,0.1198,0.001813855,0.005531484,0.0007884065,0.005505223,0.0007542884,2.626091e-05,0.0002711606,0.0,0.0,0.0
0.205,0.02765,0.11866,0.1199,0.001808055,0.005518933,0.0007820398,0.005492691,0.0007557164,2.624204e-05,0.0002702987,0.0,0.0,0.0
0.205,0.02762,0.11876,0.12,0.001848153,0.005509957,0.0007756978,0.005480184,0.0008030142,2.977293e-05,0.0002694407,0.0,0.0,0.0
0.205,0.0276,0.11887,0.1201,0.001842572,0.005497409,0.0007693803,0.0054677,0.0008046049,2.970874e-05,0.0002685866,0.0,0.0,0.0
0.205,0.02758,0.11897,0.1202,0.001837017,0.005484889,0.0007630872,0.00545524,0.0008061939,2.964919e-05,0.0002677362,0.0,0.0,0.0
0.205,0.02755,0.11907,0.1203,0.00183149,0.005472397,0.0007568186,0.005442803,0.0008077815,2.959389e-05,0.0002668896,0.0,0.0,0.0
0.205,0.02753,0.11917,0.1204,0.001825989,0.005459933,0.0007505744,0.005430391,0.0008093679,2.954251e-05,0.0002660468,0.0,0.0,0.0
0.205,0.0275,0.11927,0.1205,0.001820516,0.005447496,0.0007443545,0.005418002,0.0008109534,2.949475e-05,0.0002652076,0.0,0.0,0.0
0.205,0.02748,0.11937,0.1206,0.001815069,0.005435087,0.0007381589,0.005405636,0.0008125381,2.945037e-05,0.0002643722,0.0,0.0,0.0
0.205,0.02746,0.11947,0.1207,0.00180965,0.005422703,0.0007319875,0.005393294,0.0008141221,2.940911e-05,0.0002635404,0.0,0.0,0.0
0.205,0.02743,0.11957,0.1208,0.001804258,0.005410347,0.0007258403,0.005380976,0.0008157058,2.937079e-05,0.0002627123,0.0,0.0,0.0
0.205,0.02741,0.11967,0.1209,0.001798894,0.005398016,0.0007197171,0.005368681,0.0008172892,2.933521e-05,0.0002618878,0.0,0.0,0.0
0.205,0.02738,0.11978,0.121,0.001793558,0.005385711,0.0007136181,0.005356409,0.0008188726,2.930221e-05,0.000261067,0.0,0.0,0.0
0.205,0.02736,0.11988,0.1211,0.001788249,0.005373432,0.000707543,0.00534416,0.0008204559,2.927164e-05,0.0002602497,0.0,0.0,0.0
0.205,0.02734,0.11998,0.1212,0.001782967,0.005361178,0.0007014919,0.005331935,0.0008220395,2.924337e-05,0.0002594359,0.0,0.0,0.0
0.205,0.02731,0.12008,0.1213,0.001777714,0.00534895,0.0006954646,0.005319733,0.0008236233,2.921727e-05,0.0002586257,0.0,0.0,0.0
0.205,0.02729,0.12018,0.1214,0.001772488,0.005336747,0.0006894613,0.005307553,0.0008252076,2.919322e-05,0.000257819,0.0,0.0,0.0
0.205,0.02726,0.12028,0.1215,0.00176729,0.005324568,0.0006834817,0.005295397,0.0008267924,2.917114e-05,0.0002570157,0.0,0.0,0.0
0.205,0.02724,0.12038,0.1216,0.00176212,0.005312415,0.0006775258,0.005283264,0.0008283779,2.915091e-05,0.000256216,0.0,0.0,0.0
0.205,0.02721,0.12048,0.1217,0.001756977,0.005300286,0.0006715937,0.005271154,0.0008299641,2.913246e-05,0.0002554196,0.0,0.0,0.0
0.205,0.02719,0.12058,0.1218,0.001751863,0.005288182,0.0006656851,0.005259066,0.0008315511,2.91157e-05,0.0002546267,0.0,0.0,0.0
0.205,0.02717,0.12068,0.1219,0.001794652,0.005279819,0.0006598002,0.005247001,0.000881015,3.281744e-05,0.0002538372,0.0,0.0,0.0
0.205,0.02714,0.12079,0.122,0.001789766,0.005267714,0.0006539388,0.005234959,0.0008827764,3.275448e-05,0.000253051,0.0,0.0,0.0
0.205,0.02712,0.12089,0.1221,0.001784905,0.005255636,0.0006481008,0.00522294,0.0008845359,3.26963e-05,0.0002522682,0.0,0.0,0.0
0.205,0.02709,0.12099,0.1222,0.001780069,0.005243586,0.0006422863,0.005210943,0.0008862939,3.26425e-05,0.0002514887,0.0,0.0,0.0
0.205,0.02707,0.12109,0.1223,0.001775258,0.005231562,0.0006364952,0.005198969,0.0008880505,3.259275e-05,0.0002507125,0.0,0.0,0.0
0.205,0.02704,0.12119,0.1224,0.001770473,0.005219564,0.0006307274,0.005187017,0.0008898061,3.254674e-05,0.0002499396,0.0,0.0,0.0
0.205,0.02702,0.12129,0.1225,0.001765714,0.005207592,0.0006249829,0.005175088,0.0008915608,3.250421e-05,0.0002491699,0.0,0.0,0.0
0.205,0.02699,0.12139,0.1226,0.00176098,0.005195646,0.0006192616,0.005163181,0.000893315,3.246492e-05,0.0002484034,0.0,0.0,0.0
0.205,0.02697,0.12149,0.1227,0.001756272,0.005183725,0.0006135634,0.005151296,0.0008950686,3.242866e-05,0.0002476402,0.0,0.0,0.0
0.205,0.02695,0.12159,0.1228,0.001751591,0.005171829,0.0006078884,0.005139434,0.000896822,3.239525e-05,0.0002468801,0.0,0.0,0.0
0.205,0.02692,0.1217,0.1229,0.001746935,0.005159958,0.0006022365,0.005127593,0.0008985754,3.236452e-05,0.0002461232,0.0,0.0,0.0
0.205,0.0269,0.1218,0.123,0.001742306,0.005148111,0.0005966075,0.005115775,0.0009003288,3.23363e-05,0.0002453695,0.0,0.0,0.0
0.205,0.02687,0.1219,0.1231,0.001737703,0.005136289,0.0005910016,0.005103979,0.0009020824,3.231048e-05,0.0002446188,0.0,0.0,0.0
0.205,0.02685,0.122,0.1232,0.001733126,0.005124492,0.0005854185,0.005092205,0.0009038365,3.22869e-05,0.0002438713,0.0,0.0,0.0
0.205,0.02682,0.1221,0.1233,0.001728576,0.005112718,0.0005798583,0.005080453,0.000905591,3.226548e-05,0.0002431268,0.0,0.0,0.0
0.205,0.0268,0.1222,0.1234,0.001724052,0.005100968,0.000574321,0.005068722,0.0009073461,3.224609e-05,0.0002423854,0.0,0.0,0.0
0.205,0.02677,0.1223,0.1235,0.001719555,0.005089242,0.0005688064,0.005057014,0.000909102,3.222863e-05,0.000241647,0.0,0.0,0.0
0.205,0.02675,0.1224,0.1236,0.001715085,0.00507754,0.0005633145,0.005045327,0.0009108587,3.221303e-05,0.0002409116,0.0,0.0,0.0
0.205,0.02672,0.1225,0.1237,0.001710641,0.005065861,0.0005578453,0.005033662,0.0009126165,3.21992e-05,0.0002401792,0.0,0.0,0.0
0.205,0.0267,0.12261,0.1238,0.00175601,0.005058077,0.0005523987,0.005022019,0.0009641617,3.605865e-05,0.0002394498,0.0,0.0,0.0
0.205,0.02667,0.12271,0.1239,0.001751803,0.005046395,0.0005469746,0.005010397,0.000966105,3.599816e-05,0.0002387233,0.0,0.0,0.0
0.205,0.02665,0.12281,0.124,0.001747619,0.005034739,0.0005415731,0.004998797,0.0009680462,3.594254e-05,0.0002379998,0.0,0.0,0.0
0.205,0.02662,0.12291,0.1241,0.001743459,0.005023109,0.000536194,0.004987218,0.0009699858,3.58914e-05,0.0002372791,0.0,0.0,0.0
0.205,0.0266,0.12301,0.1242,0.001739323,0.005011505,0.0005308374,0.004975661,0.000971924,3.58444e-05,0.0002365613,0.0,0.0,0.0
0.205,0.02657,0.12311,0.1243,0.001735211,0.004999926,0.0005255032,0.004964125,0.0009738611,3.580123e-05,0.0002358464,0.0,0.0,0.0
0.205,0.02655,0.12321,0.1244,0.001731123,0.004988372,0.0005201912,0.00495261,0.0009757973,3.576163e-05,0.0002351344,0.0,0.0,0.0
0.205,0.02652,0.12331,0.1245,0.00172706,0.004976842,0.0005149015,0.004941117,0.0009777329,3.572536e-05,0.0002344251,0.0,0.0,0.0
0.205,0.0265,0.12341,0.1246,0.001723021,0.004965337,0.0005096341,0.004929644,0.000979668,3.569221e-05,0.0002337186,0.0,0.0,0.0
0.205,0.02647,0.12352,0.1247,0.001719007,0.004953855,0.0005043888,0.004918193,0.000981603,3.566198e-05,0.000233015,0.0,0.0,0.0
0.205,0.02645,0.12362,0.1248,0.001715018,0.004942398,0.0004991656,0.004906763,0.0009835379,3.563451e-05,0.000232314,0.0,0.0,0.0
0.205,0.02642,0.12372,0.1249,0.001711053,0.004930964,0.0004939646,0.004895354,0.0009854729,3.560964e-05,0.0002316159,0.0,0.0,0.0
0.205,0.0264,0.12382,0.125,0.001707114,0.004919554,0.0004887855,0.004883966,0.0009874083,3.558723e-05,0.0002309204,0.0,0.0,0.0
0.205,0.02637,0.12392,0.1251,0.0017032,0.004908167,0.0004836284,0.004872599,0.0009893441,3.556715e-05,0.0002302276,0.0,0.0,0.0
0.205,0.02635,0.12402,0.1252,0.001699311,0.004896802,0.0004784933,0.004861253,0.0009912806,3.554928e-05,0.0002295375,0.0,0.0,0.0
0.205,0.02632,0.12412,0.1253,0.001695448,0.004885461,0.00047338,0.004849928,0.0009932178,3.553352e-05,0.0002288501,0.0,0.0,0.0
0.205,0.0263,0.12422,0.1254,0.00169161,0.004874143,0.0004682886,0.004838623,0.0009951558,3.551977e-05,0.0002281653,0.0,0.0,0.0
0.205,0.02627,0.12432,0.1255,0.001687797,0.004862847,0.000463219,0.004827339,0.0009970949,3.550794e-05,0.0002274831,0.0,0.0,0.0
0.205,0.02625,0.12443,0.1256,0.00168401,0.004851574,0.0004581711,0.004816076,0.0009990351,3.549794e-05,0.0002268035,0.0,0.0,0.0
0.205,0.02622,0.12453,0.1257,0.001731831,0.004844333,0.0004531449,0.004804833,0.001052559,3.949991e-05,0.0002261265,0.0,0.0,0.0
0.205,0.0262,0.12463,0.1258,0.001728288,0.004833054,0.0004481403,0.004793611,0.001054696,3.944322e-05,0.0002254521,0.0,0.0,0.0
0.205,0.02617,0.12473,0.1259,0.001724767,0.004821801,0.0004431573,0.004782409,0.00105683,3.939147e-05,0.0002247801,0.0,0.0,0.0
0.205,0.02615,0.12483,0.126,0.001721269,0.004810572,0.0004381959,0.004771228,0.001058962,3.934426e-05,0.0002241108,0.0,0.0,0.0
0.205,0.02612,0.12493,0.1261,0.001717793,0.004799368,0.000433256,0.004760067,0.001061094,3.930124e-05,0.0002234439,0.0,0.0,0.0
0.205,0.0261,0.12503,0.1262,0.001714341,0.004788188,0.0004283375,0.004748926,0.001063224,3.926213e-05,0.0002227794,0.0,0.0,0.0
0.205,0.02607,0.12513,0.1263,0.001710911,0.004777032,0.0004234405,0.004737806,0.001065353,3.922664e-05,0.0002221175,0.0,0.0,0.0
0.205,0.02605,0.12523,0.1264,0.001707504,0.0047659,0.0004185648,0.004726706,0.001067481,3.919455e-05,0.000221458,0.0,0.0,0.0
0.205,0.02602,0.12534,0.1265,0.001704121,0.004754791,0.0004137104,0.004715626,0.00106961,3.916563e-05,0.0002208009,0.0,0.0,0.0
0.205,0.026,0.12544,0.1266,0.001700761,0.004743705,0.0004088773,0.004704566,0.001071738,3.913971e-05,0.0002201463,0.0,0.0,0.0
0.205,0.02597,0.12554,0.1267,0.001697425,0.004732642,0.0004040654,0.004693526,0.001073866,3.91166e-05,0.000219494,0.0,0.0,0.0
0.205,0.02595,0.12564,0.1268,0.001694113,0.004721602,0.0003992747,0.004682506,0.001075994,3.909616e-05,0.0002188441,0.0,0.0,0.0
0.205,0.02592,0.12574,0.1269,0.001690825,0.004710584,0.0003945051,0.004671506,0.001078123,3.907823e-05,0.0002181965,0.0,0.0,0.0
0.205,0.0259,0.12584,0.127,0.00168756,0.004699588,0.0003897566,0.004660526,0.001080253,3.90627e-05,0.0002175513,0.0,0.0,0.0
0.205,0.02587,0.12594,0.1271,0.00168432,0.004688615,0.0003850291,0.004649565,0.001082383,3.904944e-05,0.0002169084,0.0,0.0,0.0
0.205,0.02585,0.12604,0.1272,0.001681104,0.004677663,0.0003803227,0.004638625,0.001084514,3.903834e-05,0.0002162677,0.0,0.0,0.0
0.205,0.02582,0.12615,0.1273,0.001677913,0.004666733,0.0003756371,0.004627704,0.001086646,3.902931e-05,0.0002156294,0.0,0.0,0.0
0.205,0.02579,0.12625,0.1274,0.001674745,0.004655825,0.0003709725,0.004616803,0.001088779,3.902225e-05,0.0002149933,0.0,0.0,0.0
0.205,0.02577,0.12635,0.1275,0.001671602,0.004644938,0.0003663287,0.004605921,0.001090914,3.901709e-05,0.0002143595,0.0,0.0,0.0
0.205,0.02574,0.12645,0.1276,0.00172173,0.004638204,0.0003617057,0.004595059,0.001146297,4.314457e-05,0.0002137279,0.0,0.0,0.0
0.205,0.02572,0.12655,0.1277,0.00171884,0.00462731,0.0003571035,0.004584217,0.001148638,4.309313e-05,0.0002130985,0.0,0.0,0.0
0.205,0.02569,0.12665,0.1278,0.00171597,0.00461644,0.000352522,0.004573394,0.001150976,4.304664e-05,0.0002124713,0.0,0.0,0.0
0.205,0.02567,0.12675,0.1279,0.001713121,0.004605595,0.0003479612,0.00456259,0.001153313,4.300472e-05,0.0002118463,0.0,0.0,0.0
0.205,0.02564,0.12685,0.128,0.001710293,0.004594773,0.0003434209,0.004551806,0.001155649,4.296702e-05,0.0002112234,0.0,0.0,0.0
0.205,0.02562,0.12695,0.1281,0.001707487,0.004583974,0.0003389013,0.004541041,0.001157983,4.293326e-05,0.0002106027,0.0,0.0,0.0
0.205,0.02559,0.12706,0.1282,0.001704703,0.004573198,0.0003344022,0.004530295,0.001160317,4.290317e-05,0.000209984,0.0,0.0,0.0
0.205,0.02556,0.12716,0.1283,0.001701941,0.004562445,0.0003299236,0.004519569,0.00116265,4.28765e-05,0.0002093675,0.0,0.0,0.0
0.205,0.02554,0.12726,0.1284,0.001699202,0.004551715,0.0003254655,0.004508861,0.001164983,4.285306e-05,0.0002087531,0.0,0.0,0.0
0.205,0.02551,0.12736,0.1285,0.001696485,0.004541006,0.0003210277,0.004498173,0.001167316,4.283265e-05,0.0002081408,0.0,0.0,0.0
0.205,0.02549,0.12746,0.1286,0.00169379,0.004530319,0.0003166103,0.004487504,0.001169649,4.28151e-05,0.0002075305,0.0,0.0,0.0
0.205,0.02546,0.12756,0.1287,0.001691118,0.004519654,0.0003122132,0.004476854,0.001171983,4.280026e-05,0.0002069222,0.0,0.0,0.0
0.205,0.02544,0.12766,0.1288,0.00168847,0.00450901,0.0003078364,0.004466222,0.001174317,4.278798e-05,0.000206316,0.0,0.0,0.0
0.205,0.02541,0.12776,0.1289,0.001685844,0.004498388,0.0003034798,0.00445561,0.001176652,4.277813e-05,0.0002057118,0.0,0.0,0.0
0.205,0.02538,0.12786,0.129,0.001683241,0.004487787,0.0002991434,0.004445016,0.001178988,4.277061e-05,0.0002051096,0.0,0.0,0.0
0.205,0.02536,0.12797,0.1291,0.001680662,0.004477207,0.0002948271,0.004434442,0.001181325,4.27653e-05,0.0002045093,0.0,0.0,0.0
0.205,0.02533,0.12807,0.1292,0.001678105,0.004466648,0.0002905309,0.004423886,0.001183664,4.27621e-05,0.000203911,0.0,0.0,0.0
0.205,0.02531,0.12817,0.1293,0.001675573,0.004456109,0.0002862548,0.004413348,0.001186003,4.276092e-05,0.0002033147,0.0,0.0,0.0
0.205,0.02528,0.12827,0.1294,0.001673063,0.004445591,0.0002819986,0.004402829,0.001188345,4.276168e-05,0.0002027203,0.0,0.0,0.0
0.205,0.02525,0.12837,0.1295,0.001725339,0.004439325,0.0002777624,0.004392329,0.001245449,4.699612e-05,0.0002021277,0.0,0.0,0.0
0.205,0.02523,0.12847,0.1296,0.001723089,0.004428799,0.0002735462,0.004381848,0.001248006,4.695145e-05,0.0002015371,0.0,0.0,0.0
0.205,0.0252,0.12857,0.1297,0.001720858,0.004418296,0.0002693498,0.004371385,0.00125056,4.691171e-05,0.0002009484,0.0,0.0,0.0
0.205,0.02518,0.12867,0.1298,0.001718647,0.004407816,0.0002651732,0.00436094,0.001253113,4.687652e-05,0.0002003615,0.0,0.0,0.0
0.205,0.02515,0.12877,0.1299,0.001716457,0.004397359,0.0002610164,0.004350513,0.001255664,4.684557e-05,0.0001997765,0.0,0.0,0.0
0.205,0.02512,0.12888,0.13,0.001714287,0.004386924,0.0002568794,0.004340105,0.001258215,4.681855e-05,0.0001991933,0.0,0.0,0.0
0.205,0.0251,0.12898,0.1301,0.001712138,0.004376511,0.000252762,0.004329716,0.001260764,4.679521e-05,0.000198612,0.0,0.0,0.0
0.205,0.02507,0.12908,0.1302,0.001710011,0.00436612,0.0002486643,0.004319344,0.001263314,4.677532e-05,0.0001980324,0.0,0.0,0.0
0.205,0.02505,0.12918,0.1303,0.001707904,0.00435575,0.0002445863,0.004308991,0.001265863,4.675867e-05,0.0001974546,0.0,0.0,0.0
0.205,0.02502,0.12928,0.1304,0.001705819,0.004345401,0.0002405278,0.004298656,0.001268413,4.674507e-05,0.0001968786,0.0,0.0,0.0
0.205,0.02499,0.12938,0.1305,0.001703756,0.004335073,0.0002364888,0.004288339,0.001270963,4.673436e-05,0.0001963044,0.0,0.0,0.0
0.205,0.02497,0.12948,0.1306,0.001701715,0.004324766,0.0002324693,0.00427804,0.001273514,4.672638e-05,0.0001957319,0.0,0.0,0.0
0.205,0.02494,0.12958,0.1307,0.001699696,0.00431448,0.0002284693,0.004267759,0.001276065,4.672099e-05,0.0001951611,0.0,0.0,0.0
0.205,0.02492,0.12969,0.1308,0.001697698,0.004304214,0.0002244886,0.004257496,0.001278618,4.671808e-05,0.0001945921,0.0,0.0,0.0
0.205,0.02489,0.12979,0.1309,0.001695723,0.004293968,0.0002205273,0.004247251,0.001281171,4.671751e-05,0.0001940248,0.0,0.0,0.0
0.205,0.02486,0.12989,0.131,0.001693771,0.004283742,0.0002165854,0.004237023,0.001283726,4.671919e-05,0.0001934591,0.0,0.0,0.0
0.205,0.02484,0.12999,0.1311,0.001691841,0.004273537,0.0002126627,0.004226814,0.001286283,4.672302e-05,0.0001928951,0.0,0.0,0.0
0.205,0.02481,0.13009,0.1312,0.001689933,0.004263351,0.0002087592,0.004216622,0.001288841,4.67289e-05,0.0001923328,0.0,0.0,0.0
0.205,0.02479,0.13019,0.1313,0.001743937,0.004257548,0.0002048749,0.004206448,0.001347289,5.109999e-05,0.0001917722,0.0,0.0,0.0
0.205,0.02476,0.13029,0.1314,0.001742298,0.00424735,0.0002010098,0.004196291,0.001350075,5.105838e-05,0.0001912131,0.0,0.0,0.0
0.205,0.02473,0.13039,0.1315,0.001740678,0.004237175,0.0001971637,0.004186153,0.001352859,5.102206e-05,0.0001906557,0.0,0.0,0.0
0.205,0.02471,0.13049,0.1316,0.001739077,0.004227022,0.0001933368,0.004176031,0.00135564,5.099063e-05,0.0001900999,0.0,0.0,0.0
0.205,0.02468,0.1306,0.1317,0.001737494,0.004216891,0.0001895288,0.004165928,0.00135842,5.096371e-05,0.0001895457,0.0,0.0,0.0
0.205,0.02465,0.1307,0.1318,0.001735932,0.004206782,0.0001857399,0.004155841,0.001361199,5.094099e-05,0.0001889931,0.0,0.0,0.0
0.205,0.02463,0.1308,0.1319,0.001734389,0.004196695,0.0001819698,0.004145772,0.001363977,5.092218e-05,0.000188442,0.0,0.0,0.0
0.205,0.0246,0.1309,0.132,0.001732865,0.004186628,0.0001782187,0.004135721,0.001366754,5.090704e-05,0.0001878925,0.0,0.0,0.0
0.205,0.02457,0.131,0.1321,0.001731363,0.004176582,0.0001744864,0.004125687,0.001369532,5.089533e-05,0.0001873445,0.0,0.0,0.0
0.205,0.02455,0.1311,0.1322,0.00172988,0.004166557,0.000170773,0.00411567,0.001372309,5.088686e-05,0.000186798,0.0,0.0,0.0
0.205,0.02452,0.1312,0.1323,0.001728419,0.004156552,0.0001670783,0.00410567,0.001375087,5.088145e-05,0.0001862531,0.0,0.0,0.0
0.205,0.0245,0.1313,0.1324,0.001726978,0.004146566,0.0001634023,0.004095688,0.001377866,5.087894e-05,0.0001857097,0.0,0.0,0.0
0.205,0.02447,0.13141,0.1325,0.001725558,0.004136601,0.0001597451,0.004085722,0.001380646,5.087916e-05,0.0001851677,0.0,0.0,0.0
0.205,0.02444,0.13151,0.1326,0.00172416,0.004126656,0.0001561065,0.004075774,0.001383426,5.0882e-05,0.0001846273,0.0,0.0,0.0
0.205,0.02442,0.13161,0.1327,0.001722783,0.00411673,0.0001524865,0.004065843,0.001386208,5.088732e-05,0.0001840883,0.0,0.0,0.0
0.205,0.02439,0.13171,0.1328,0.001721428,0.004106823,0.000148885,0.004055928,0.001388992,5.089501e-05,0.0001835507,0.0,0.0,0.0
0.205,0.02436,0.13181,0.1329,0.001720094,0.004096936,0.0001453021,0.004046031,0.001391777,5.090496e-05,0.0001830146,0.0,0.0,0.0
0.205,0.02434,0.13191,0.133,0.001718782,0.004087068,0.0001417377,0.004036151,0.001394564,5.091709e-05,0.0001824799,0.0,0.0,0.0
0.205,0.02431,0.13201,0.1331,0.001717491,0.004077218,0.0001381918,0.004026287,0.001397353,5.093129e-05,0.0001819466,0.0,0.0,0.0
0.205,0.02428,0.13211,0.1332,0.001773276,0.004071808,0.0001346642,0.00401644,0.001457197,5.536713e-05,0.0001814147,0.0,0.0,0.0
0.205,0.02426,0.13221,0.1333,0.00177226,0.004061946,0.000131155,0.004006611,0.00146022,5.533564e-05,0.0001808843,0.0,0.0,0.0
0.205,0.02423,0.13232,0.1334,0.001771261,0.004052107,0.0001276641,0.003996797,0.001463242,5.530934e-05,0.0001803552,0.0,0.0,0.0
0.205,0.0242,0.13242,0.1335,0.00177028,0.004042289,0.0001241916,0.003987001,0.001466261,5.528783e-05,0.0001798274,0.0,0.0,0.0
0.205,0.02418,0.13252,0.1336,0.001769318,0.004032492,0.0001207372,0.003977221,0.00146928,5.527075e-05,0.000179301,0.0,0.0,0.0
0.205,0.02415,0.13262,0.1337,0.001768374,0.004022715,0.0001173011,0.003967457,0.001472297,5.525782e-05,0.000178776,0.0,0.0,0.0
0.205,0.02412,0.13272,0.1338,0.00176745,0.004012959,0.0001138831,0.003957711,0.001475314,5.524875e-05,0.0001782523,0.0,0.0,0.0
0.205,0.0241,0.13282,0.1339,0.001766544,0.004003224,0.0001104833,0.00394798,0.001478331,5.524331e-05,0.0001777299,0.0,0.0,0.0
0.205,0.02407,0.13292,0.134,0.001765659,0.003993508,0.0001071015,0.003938266,0.001481348,5.524128e-05,0.0001772089,0.0,0.0,0.0
0.205,0.02404,0.13302,0.1341,0.001764793,0.003983812,0.0001037378,0.003928569,0.001484366,5.524246e-05,0.0001766891,0.0,0.0,0.0
0.205,0.02402,0.13313,0.1342,0.001763947,0.003974135,0.0001003921,0.003918888,0.001487384,5.524668e-05,0.0001761706,0.0,0.0,0.0
0.205,0.02399,0.13323,0.1343,0.001763121,0.003964477,9.706441e-05,0.003909223,0.001490403,5.525378e-05,0.0001756534,0.0,0.0,0.0
0.205,0.02396,0.13333,0.1344,0.001762315,0.003954838,9.375461e-05,0.003899575,0.001493423,5.526363e-05,0.0001751375,0.0,0.0,0.0
0.205,0.02393,0.13343,0.1345,0.001761531,0.003945218,9.04627e-05,0.003889942,0.001496445,5.527608e-05,0.0001746228,0.0,0.0,0.0
0.205,0.02391,0.13353,0.1346,0.001760767,0.003935617,8.718864e-05,0.003880326,0.001499469,5.529101e-05,0.0001741093,0.0,0.0,0.0
0.205,0.02388,0.13363,0.1347,0.001760024,0.003926035,8.393239e-05,0.003870726,0.001502494,5.530832e-05,0.0001735971,0.0,0.0,0.0
0.205,0.02385,0.13373,0.1348,0.001759301,0.00391647,8.069391e-05,0.003861143,0.001505521,5.532791e-05,0.0001730861,0.0,0.0,0.0
0.205,0.02383,0.13383,0.1349,0.0017586,0.003906924,7.747316e-05,0.003851575,0.001508551,5.534968e-05,0.0001725764,0.0,0.0,0.0
0.205,0.0238,0.13394,0.135,0.001757921,0.003897396,7.427011e-05,0.003842023,0.001511583,5.537354e-05,0.0001720678,0.0,0.0,0.0
0.205,0.02377,0.13404,0.1351,0.001815289,0.00389234,7.108471e-05,0.003832487,0.001572643,5.985256e-05,0.0001715604,0.0,0.0,0.0
0.205,0.02375,0.13414,0.1352,0.001814887,0.0038828,6.791692e-05,0.003822967,0.001575916,5.983291e-05,0.0001710542,0.0,0.0,0.0
0.205,0.02372,0.13424,0.1353,0.001814502,0.003873281,6.476672e-05,0.003813463,0.001579186,5.981831e-05,0.0001705492,0.0,0.0,0.0
0.205,0.02369,0.13434,0.1354,0.001814135,0.003863783,6.163405e-05,0.003803975,0.001582455,5.980838e-05,0.0001700454,0.0,0.0,0.0
0.205,0.02366,0.13444,0.1355,0.001813785,0.003854305,5.851888e-05,0.003794503,0.001585724,5.980278e-05,0.0001695427,0.0,0.0,0.0
0.205,0.02364,0.13454,0.1356,0.001813454,0.003844847,5.542117e-05,0.003785046,0.001588991,5.980124e-05,0.0001690411,0.0,0.0,0.0
0.205,0.02361,0.13464,0.1357,0.00181314,0.003835409,5.234088e-05,0.003775605,0.001592259,5.980349e-05,0.0001685407,0.0,0.0,0.0
0.205,0.02358,0.13475,0.1358,0.001812846,0.003825989,4.927797e-05,0.00376618,0.001595526,5.980931e-05,0.0001680414,0.0,0.0,0.0
0.205,0.02356,0.13485,0.1359,0.00181257,0.003816589,4.623242e-05,0.00375677,0.001598795,5.981848e-05,0.0001675432,0.0,0.0,0.0
0.205,0.02353,0.13495,0.136,0.001812314,0.003807207,4.320416e-05,0.003747376,0.001602064,5.983083e-05,0.0001670461,0.0,0.0,0.0
0.205,0.0235,0.13505,0.1361,0.001812077,0.003797844,4.019318e-05,0.003737997,0.001605334,5.984619e-05,0.0001665501,0.0,0.0,0.0
0.205,0.02347,0.13515,0.1362,0.00181186,0.003788499,3.719943e-05,0.003728634,0.001608605,5.98644e-05,0.0001660552,0.0,0.0,0.0
0.205,0.02345,0.13525,0.1363,0.001811662,0.003779172,3.422287e-05,0.003719287,0.001611878,5.988533e-05,0.0001655614,0.0,0.0,0.0
0.205,0.02342,0.13535,0.1364,0.001811485,0.003769863,3.126347e-05,0.003709955,0.001615153,5.990885e-05,0.0001650686,0.0,0.0,0.0
0.205,0.02339,0.13545,0.1365,0.001811328,0.003760573,2.832118e-05,0.003700638,0.00161843,5.993485e-05,0.0001645769,0.0,0.0,0.0
0.205,0.02337,0.13555,0.1366,0.001811191,0.0037513,2.539597e-05,0.003691336,0.001621709,5.996321e-05,0.0001640863,0.0,0.0,0.0
0.205,0.02334,0.13566,0.1367,0.001811075,0.003742044,2.248781e-05,0.00368205,0.00162499,5.999385e-05,0.0001635967,0.0,0.0,0.0
0.205,0.02331,0.13576,0.1368,0.001810979,0.003732806,1.959664e-05,0.003672779,0.001628275,6.002667e-05,0.0001631081,0.0,0.0,0.0
0.205,0.02328,0.13586,0.1369,0.001869458,0.003728097,1.672244e-05,0.003663523,0.001690115,6.457345e-05,0.0001626206,0.0,0.0,0.0
0.205,0.02326,0.13596,0.137,0.001869649,0.003718845,1.386517e-05,0.003654283,0.001693649,6.456212e-05,0.000162134,0.0,0.0,0.0
0.205,0.02323,0.13606,0.1371,0.001869855,0.003709613,1.102479e-05,0.003645057,0.001697182,6.455606e-05,0.0001616485,0.0,0.0,0.0
0.205,0.0232,0.13616,0.1372,0.001870077,0.003700402,8.201265e-06,0.003635847,0.001700712,6.455487e-05,0.000161164,0.0,0.0,0.0
0.205,0.02317,0.13626,0.1373,0.001870317,0.00369121,5.394554e-06,0.003626651,0.001704242,6.455821e-05,0.0001606804,0.0,0.0,0.0
0.205,0.02315,0.13636,0.1374,0.001870573,0.003682037,2.604621e-06,0.003617471,0.001707771,6.456575e-05,0.0001601979,0.0,0.0,0.0
0.205,0.02312,0.13647,0.1375,0.001871016,0.00367273,0.0,0.003608152,0.0017113,6.457724e-05,0.0001597163,0.0,0.0,0.0
0.205,0.02309,0.13657,0.1376,0.001874065,0.003661086,0.0,0.003596493,0.001714829,6.459243e-05,0.0001592357,0.0,0.0,0.0
0.205,0.02306,0.13667,0.1377,0.001877115,0.003649469,0.0,0.003584858,0.001718359,6.46111e-05,0.000158756,0.0,0.0,0.0
0.205,0.02304,0.13677,0.1378,0.001880167,0.00363788,0.0,0.003573247,0.00172189,6.463307e-05,0.0001582773,0.0,0.0,0.0
0.205,0.02301,0.13687,0.1379,0.001883221,0.003626319,0.0,0.00356166,0.001725422,6.465815e-05,0.0001577996,0.0,0.0,0.0
0.205,0.02298,0.13697,0.138,0.001886278,0.003614784,0.0,0.003550097,0.001728955,6.468619e-05,0.0001573227,0.0,0.0,0.0
0.205,0.02295,0.13707,0.1381,0.001889338,0.003603275,0.0,0.003538558,0.001732491,6.471705e-05,0.0001568468,0.0,0.0,0.0
0.205,0.02293,0.13717,0.1382,0.0018924,0.003591793,0.0,0.003527043,0.001736028,6.475059e-05,0.0001563719,0.0,0.0,0.0
0.205,0.0229,0.13728,0.1383,0.001895466,0.003580338,0.0,0.003515551,0.001739568,6.478669e-05,0.0001558978,0.0,0.0,0.0
0.205,0.02287,0.13738,0.1384,0.001898535,0.003568909,0.0,0.003504083,0.00174311,6.482524e-05,0.0001554246,0.0,0.0,0.0
0.205,0.02284,0.13748,0.1385,0.001901607,0.003557505,0.0,0.003492639,0.001746655,6.486614e-05,0.0001549524,0.0,0.0,0.0
0.205,0.02282,0.13758,0.1386,0.001904684,0.003546128,0.0,0.003481219,0.001750203,6.490931e-05,0.000154481,0.0,0.0,0.0
0.205,0.02279,0.13768,0.1387,0.001907764,0.003534776,0.0,0.003469822,0.001753754,6.495464e-05,0.0001540105,0.0,0.0,0.0
0.205,0.02276,0.13778,0.1388,0.00196996,0.003527947,0.0,0.003458448,0.00181642,6.949851e-05,0.0001535409,0.0,0.0,0.0
0.205,0.02273,0.13788,0.1389,0.001973296,0.003516601,0.0,0.003447099,0.001820224,6.950274e-05,0.0001530721,0.0,0.0,0.0
0.205,0.0227,0.13798,0.139,0.001976631,0.003505284,0.0,0.003435772,0.001824027,6.951202e-05,0.0001526042,0.0,0.0,0.0
0.205,0.02268,0.13809,0.1391,0.001979965,0.003493995,0.0,0.003424469,0.001827828,6.952597e-05,0.0001521372,0.0,0.0,0.0
0.205,0.02265,0.13819,0.1392,0.0019833,0.003482734,0.0,0.00341319,0.001831629,6.954427e-05,0.000151671,0.0,0.0,0.0
0.205,0.02262,0.13829,0.1393,0.001986636,0.0034715,0.0,0.003401933,0.001835431,6.956664e-05,0.0001512057,0.0,0.0,0.0
0.205,0.02259,0.13839,0.1394,0.001989973,0.003460293,0.0,0.0033907,0.001839232,6.959282e-05,0.0001507412,0.0,0.0,0.0
0.205,0.02256,0.13849,0.1395,0.001993312,0.003449113,0.0,0.00337949,0.001843034,6.96226e-05,0.0001502775,0.0,0.0,0.0
0.205,0.02254,0.13859,0.1396,0.001996652,0.003437959,0.0,0.003368304,0.001846838,6.965576e-05,0.0001498146,0.0,0.0,0.0
0.205,0.02251,0.13869,0.1397,0.001999995,0.003426832,0.0,0.00335714,0.001850643,6.969213e-05,0.0001493526,0.0,0.0,0.0
0.205,0.02248,0.13879,0.1398,0.00200334,0.003415731,0.0,0.003346,0.001854449,6.973155e-05,0.0001488914,0.0,0.0,0.0
0.205,0.02245,0.1389,0.1399,0.002006689,0.003404656,0.0,0.003334882,0.001858258,6.977386e-05,0.000148431,0.0,0.0,0.0
0.205,0.02242,0.139,0.14,0.00201004,0.003393607,0.0,0.003323788,0.001862069,6.981893e-05,0.0001479713,0.0,0.0,0.0
0.205,0.0224,0.1391,0.1401,0.002013395,0.003382583,0.0,0.003312717,0.001865882,6.986664e-05,0.0001475125,0.0,0.0,0.0
0.205,0.02237,0.1392,0.1402,0.002016753,0.003371585,0.0,0.003301668,0.001869698,6.991688e-05,0.0001470544,0.0,0.0,0.0
0.205,0.02234,0.1393,0.1403,0.002020115,0.003360612,0.0,0.003290643,0.001873518,6.996953e-05,0.0001465972,0.0,0.0,0.0
0.205,0.02231,0.1394,0.1404,0.002023481,0.003349665,0.0,0.00327964,0.00187734,7.002451e-05,0.0001461407,0.0,0.0,0.0
0.205,0.02228,0.1395,0.1405,0.002026851,0.003338742,0.0,0.00326866,0.001881166,7.008173e-05,0.000145685,0.0,0.0,0.0
0.205,0.02226,0.1396,0.1406,0.002089426,0.003332347,0.0,0.003257703,0.001944196,7.464467e-05,0.00014523,0.0,0.0,0.0
0.205,0.02223,0.13971,0.1407,0.002093058,0.003321429,0.0,0.003246768,0.001948282,7.466105e-05,0.0001447758,0.0,0.0,0.0
0.205,0.0222,0.13981,0.1408,0.00209669,0.003310539,0.0,0.003235856,0.001952367,7.46826e-05,0.0001443223,0.0,0.0,0.0
0.205,0.02217,0.13991,0.1409,0.002100321,0.003299676,0.0,0.003224967,0.001956451,7.470895e-05,0.0001438696,0.0,0.0,0.0
0.205,0.02214,0.14001,0.141,0.002103952,0.00328884,0.0,0.003214101,0.001960535,7.473977e-05,0.0001434176,0.0,0.0,0.0
0.205,0.02212,0.14011,0.1411,0.002107585,0.003278031,0.0,0.003203256,0.001964618,7.477475e-05,0.0001429664,0.0,0.0,0.0
0.205,0.02209,0.14021,0.1412,0.002111218,0.003267248,0.0,0.003192435,0.001968702,7.481363e-05,0.0001425159,0.0,0.0,0.0
0.205,0.02206,0.14031,0.1413,0.002114854,0.003256492,0.0,0.003181636,0.001972788,7.485619e-05,0.0001420661,0.0,0.0,0.0
0.205,0.02203,0.14041,0.1414,0.002118491,0.003245761,0.0,0.003170859,0.001976874,7.490222e-05,0.000141617,0.0,0.0,0.0
0.205,0.022,0.14052,0.1415,0.002122131,0.003235056,0.0,0.003160104,0.001980962,7.495153e-05,0.0001411687,0.0,0.0,0.0
0.205,0.02197,0.14062,0.1416,0.002125773,0.003224376,0.0,0.003149372,0.001985052,7.500395e-05,0.0001407211,0.0,0.0,0.0
0.205,0.02195,0.14072,0.1417,0.002129419,0.003213722,0.0,0.003138662,0.001989145,7.505933e-05,0.0001402741,0.0,0.0,0.0
0.205,0.02192,0.14082,0.1418,0.002133068,0.003203092,0.0,0.003127975,0.00199324,7.511753e-05,0.0001398279,0.0,0.0,0.0
0.205,0.02189,0.14092,0.1419,0.00213672,0.003192488,0.0,0.003117309,0.001997338,7.517843e-05,0.0001393824,0.0,0.0,0.0
0.205,0.02186,0.14102,0.142,0.002140376,0.003181908,0.0,0.003106666,0.002001439,7.524191e-05,0.0001389375,0.0,0.0,0.0
0.205,0.02183,0.14112,0.1421,0.002144037,0.003171353,0.0,0.003096045,0.002005543,7.530786e-05,0.0001384933,0.0,0.0,0.0
0.205,0.0218,0.14122,0.1422,0.002147701,0.003160822,0.0,0.003085446,0.002009651,7.53762e-05,0.0001380499,0.0,0.0,0.0
0.205,0.02178,0.14133,0.1423,0.00215137,0.003150316,0.0,0.003074869,0.002013763,7.544682e-05,0.0001376071,0.0,0.0,0.0
0.205,0.02175,0.14143,0.1424,0.002155044,0.003139833,0.0,0.003064314,0.002017879,7.551966e-05,0.0001371649,0.0,0.0,0.0
0.205,0.02172,0.14153,0.1425,0.002218044,0.003133816,0.0,0.003053781,0.00208132,8.003496e-05,0.0001367235,0.0,0.0,0.0
0.205,0.02169,0.14163,0.1426,0.00222198,0.00312334,0.0,0.00304327,0.002085697,8.00707e-05,0.0001362827,0.0,0.0,0.0
0.205,0.02166,0.14173,0.1427,0.002225916,0.003112892,0.0,0.00303278,0.002090073,8.011132e-05,0.0001358425,0.0,0.0,0.0
0.205,0.02163,0.14183,0.1428,0.002229852,0.003102469,0.0,0.003022313,0.002094449,8.015648e-05,0.000135403,0.0,0.0,0.0
0.205,0.0216,0.14193,0.1429,0.002233789,0.003092073,0.0,0.003011867,0.002098825,8.020588e-05,0.0001349642,0.0,0.0,0.0
0.205,0.02158,0.14203,0.143,0.002237728,0.003081702,0.0,0.003001443,0.002103202,8.025924e-05,0.000134526,0.0,0.0,0.0
0.205,0.02155,0.14214,0.1431,0.002241668,0.003071357,0.0,0.002991041,0.00210758,8.031634e-05,0.0001340885,0.0,0.0,0.0
0.205,0.02152,0.14224,0.1432,0.002245611,0.003061037,0.0,0.00298066,0.00211196,8.037697e-05,0.0001336516,0.0,0.0,0.0
0.205,0.02149,0.14234,0.1433,0.002249557,0.003050743,0.0,0.002970302,0.002116341,8.044092e-05,0.0001332153,0.0,0.0,0.0
0.205,0.02146,0.14244,0.1434,0.002253505,0.003040472,0.0,0.002959964,0.002120725,8.050804e-05,0.0001327796,0.0,0.0,0.0
0.205,0.02143,0.14254,0.1435,0.002257457,0.003030227,0.0,0.002949649,0.002125112,8.057816e-05,0.0001323446,0.0,0.0,0.0
0.205,0.0214,0.14264,0.1436,0.002261412,0.003020006,0.0,0.002939354,0.002129501,8.065115e-05,0.0001319103,0.0,0.0,0.0
0.205,0.02138,0.14274,0.1437,0.002265371,0.003009809,0.0,0.002929082,0.002133894,8.072689e-05,0.0001314765,0.0,0.0,0.0
0.205,0.02135,0.14285,0.1438,0.002269334,0.002999636,0.0,0.00291883,0.002138291,8.080525e-05,0.0001310433,0.0,0.0,0.0
0.205,0.02132,0.14295,0.1439,0.002273301,0.002989487,0.0,0.0029086,0.002142691,8.088612e-05,0.0001306108,0.0,0.0,0.0
0.205,0.02129,0.14305,0.144,0.002277274,0.002979361,0.0,0.002898392,0.002147095,8.096942e-05,0.0001301789,0.0,0.0,0.0
0.205,0.02126,0.14315,0.1441,0.002281251,0.00296926,0.0,0.002888205,0.002151503,8.105505e-05,0.0001297476,0.0,0.0,0.0
0.205,0.02123,0.14325,0.1442,0.002285232,0.002959182,0.0,0.002878039,0.002155916,8.114293e-05,0.0001293169,0.0,0.0,0.0
0.205,0.0212,0.14335,0.1443,0.002348184,0.002953524,0.0,0.002867894,0.002219298,8.563005e-05,0.0001288868,0.0,0.0,0.0
0.205,0.02117,0.14345,0.1444,0.002352433,0.002943453,0.0,0.002857771,0.002223976,8.568192e-05,0.0001284572,0.0,0.0,0.0
0.205,0.02114,0.14355,0.1445,0.002356682,0.002933407,0.0,0.002847669,0.002228654,8.573873e-05,0.0001280283,0.0,0.0,0.0
0.205,0.02112,0.14366,0.1446,0.002360931,0.002923388,0.0,0.002837588,0.002233331,8.580013e-05,0.0001276,0.0,0.0,0.0
0.205,0.02109,0.14376,0.1447,0.002365182,0.002913393,0.0,0.002827528,0.00223801,8.586581e-05,0.0001271723,0.0,0.0,0.0
0.205,0.02106,0.14386,0.1448,0.002369434,0.002903424,0.0,0.002817489,0.002242689,8.59355e-05,0.0001267451,0.0,0.0,0.0
0.205,0.02103,0.14396,0.1449,0.002373688,0.00289348,0.0,0.002807471,0.00224737,8.600895e-05,0.0001263185,0.0,0.0,0.0
0.205,0.021,0.14406,0.145,0.002377945,0.00288356,0.0,0.002797474,0.002252052,8.608596e-05,0.0001258926,0.0,0.0,0.0
0.205,0.02097,0.14416,0.1451,0.002382204,0.002873664,0.0,0.002787498,0.002256737,8.616633e-05,0.0001254671,0.0,0.0,0.0
0.205,0.02094,0.14426,0.1452,0.002386467,0.002863793,0.0,0.002777543,0.002261425,8.62499e-05,0.0001250423,0.0,0.0,0.0
0.205,0.02091,0.14436,0.1453,0.002390734,0.002853945,0.0,0.002767609,0.002266116,8.63365e-05,0.000124618,0.0,0.0,0.0
0.205,0.02088,0.14447,0.1454,0.002395004,0.002844122,0.0,0.002757696,0.00227081,8.6426e-05,0.0001241943,0.0,0.0,0.0
0.205,0.02085,0.14457,0.1455,0.002399279,0.002834321,0.0,0.002747803,0.002275508,8.651827e-05,0.0001237712,0.0,0.0,0.0
0.205,0.02083,0.14467,0.1456,0.002403558,0.002824545,0.0,0.002737932,0.002280209,8.661319e-05,0.0001233487,0.0,0.0,0.0
0.205,0.0208,0.14477,0.1457,0.002407842,0.002814791,0.0,0.002728081,0.002284915,8.671067e-05,0.0001229267,0.0,0.0,0.0
0.205,0.02077,0.14487,0.1458,0.002412131,0.002805061,0.0,0.002718251,0.002289626,8.681059e-05,0.0001225052,0.0,0.0,0.0
0.205,0.02074,0.14497,0.1459,0.002416425,0.002795354,0.0,0.002708441,0.002294341,8.691288e-05,0.0001220843,0.0,0.0,0.0
0.205,0.02071,0.14507,0.146,0.002420725,0.00278567,0.0,0.002698652,0.002299061,8.701745e-05,0.000121664,0.0,0.0,0.0
0.205,0.02068,0.14517,0.1461,0.00242503,0.002776008,0.0,0.002688884,0.002303786,8.712422e-05,0.0001212442,0.0,0.0,0.0
0.205,0.02065,0.14528,0.1462,0.002487987,0.00277066,0.0,0.002679136,0.002367162,9.152366e-05,0.000120825,0.0,0.0,0.0
0.205,0.02062,0.14538,0.1463,0.002492557,0.002761008,0.0,0.002669409,0.002372151,9.159864e-05,0.0001204063,0.0,0.0,0.0
0.205,0.02059,0.14548,0.1464,0.002497128,0.002751381,0.0,0.002659702,0.002377139,9.167822e-05,0.0001199882,0.0,0.0,0.0
0.205,0.02056,0.14558,0.1465,0.0025017,0.002741778,0.0,0.002650016,0.002382129,9.176209e-05,0.0001195706,0.0,0.0,0.0
0.205,0.02053,0.14568,0.1466,0.002506274,0.0027322,0.0,0.00264035,0.00238712,9.184998e-05,0.0001191536,0.0,0.0,0.0
0.205,0.0205,0.14578,0.1467,0.00251085,0.002722647,0.0,0.002630705,0.002392113,9.194164e-05,0.0001187371,0.0,0.0,0.0
0.205,0.02047,0.14588,0.1468,0.002515429,0.002713117,0.0,0.00262108,0.002397108,9.203687e-05,0.0001183211,0.0,0.0,0.0
0.205,0.02045,0.14599,0.1469,0.002520012,0.002703611,0.0,0.002611476,0.002402106,9.213548e-05,0.0001179057,0.0,0.0,0.0
0.205,0.02042,0.14609,0.147,0.002524598,0.002694129,0.0,0.002601891,0.002407107,9.223728e-05,0.0001174908,0.0,0.0,0.0
0.205,0.02039,0.14619,0.1471,0.002529188,0.002684669,0.0,0.002592327,0.002412112,9.234214e-05,0.0001170765,0.0,0.0,0.0
0.205,0.02036,0.14629,0.1472,0.002533783,0.002675233,0.0,0.002582783,0.00241712,9.244991e-05,0.0001166627,0.0,0.0,0.0
0.205,0.02033,0.14639,0.1473,0.002538382,0.00266582,0.0,0.00257326,0.002422133,9.256047e-05,0.0001162494,0.0,0.0,0.0
0.205,0.0203,0.14649,0.1474,0.002542986,0.00265643,0.0,0.002563756,0.002427149,9.267369e-05,0.0001158366,0.0,0.0,0.0
0.205,0.02027,0.14659,0.1475,0.002547595,0.002647062,0.0,0.002554273,0.002432171,9.278948e-05,0.0001154244,0.0,0.0,0.0
0.205,0.02024,0.14669,0.1476,0.00255221,0.002637717,0.0,0.00254481,0.002437198,9.290775e-05,0.0001150127,0.0,0.0,0.0
0.205,0.02021,0.1468,0.1477,0.002556831,0.002628395,0.0,0.002535367,0.002442229,9.302839e-05,0.0001146015,0.0,0.0,0.0
0.205,0.02018,0.1469,0.1478,0.002561457,0.002619095,0.0,0.002525944,0.002447266,9.315134e-05,0.0001141909,0.0,0.0,0.0
0.205,0.02015,0.147,0.1479,0.00256609,0.002609817,0.0,0.00251654,0.002452309,9.327651e-05,0.0001137807,0.0,0.0,0.0
0.205,0.02012,0.1471,0.148,0.002628586,0.002604763,0.0,0.002507157,0.002515214,9.76053e-05,0.0001133711,0.0,0.0,0.0
0.205,0.02009,0.1472,0.1481,0.002633485,0.002595495,0.0,0.002497794,0.002520523,9.770045e-05,0.000112962,0.0,0.0,0.0
0.205,0.02006,0.1473,0.1482,0.002638385,0.002586251,0.0,0.002488451,0.002525831,9.780019e-05,0.0001125535,0.0,0.0,0.0
0.205,0.02003,0.1474,0.1483,0.002643287,0.002577032,0.0,0.002479127,0.002531141,9.790419e-05,0.0001121454,0.0,0.0,0.0
0.205,0.02,0.14751,0.1484,0.002648191,0.002567836,0.0,0.002469824,0.002536453,9.80122e-05,0.0001117379,0.0,0.0,0.0
0.205,0.01997,0.14761,0.1485,0.002653098,0.002558664,0.0,0.00246054,0.002541767,9.812397e-05,0.0001113309,0.0,0.0,0.0
0.205,0.01994,0.14771,0.1486,0.002658009,0.002549516,0.0,0.002451276,0.002547084,9.823929e-05,0.0001109244,0.0,0.0,0.0
0.205,0.01991,0.14781,0.1487,0.002662923,0.00254039,0.0,0.002442032,0.002552404,9.835798e-05,0.0001105184,0.0,0.0,0.0
0.205,0.01988,0.14791,0.1488,0.002667841,0.002531287,0.0,0.002432808,0.002557728,9.847986e-05,0.000110113,0.0,0.0,0.0
0.205,0.01985,0.14801,0.1489,0.002672764,0.002522208,0.0,0.002423603,0.002563056,9.860479e-05,0.000109708,0.0,0.0,0.0
0.205,0.01982,0.14811,0.149,0.002677691,0.00251315,0.0,0.002414418,0.002568388,9.873263e-05,0.0001093036,0.0,0.0,0.0
0.205,0.01979,0.14821,0.1491,0.002682624,0.002504116,0.0,0.002405252,0.002573724,9.886325e-05,0.0001088996,0.0,0.0,0.0
0.205,0.01976,0.14832,0.1492,0.002687562,0.002495103,0.0,0.002396106,0.002579066,9.899655e-05,0.0001084962,0.0,0.0,0.0
0.205,0.01973,0.14842,0.1493,0.002692506,0.002486113,0.0,0.00238698,0.002584413,9.913243e-05,0.0001080933,0.0,0.0,0.0
0.205,0.0197,0.14852,0.1494,0.002697456,0.002477144,0.0,0.002377873,0.002589765,9.927078e-05,0.0001076909,0.0,0.0,0.0
0.205,0.01967,0.14862,0.1495,0.002702412,0.002468198,0.0,0.002368786,0.002595123,9.941153e-05,0.000107289,0.0,0.0,0.0
0.205,0.01964,0.14872,0.1496,0.002707375,0.002459273,0.0,0.002359718,0.002600488,9.955459e-05,0.0001068876,0.0,0.0,0.0
0.205,0.01961,0.14882,0.1497,0.002712345,0.00245037,0.0,0.00235067,0.002605858,9.969989e-05,0.0001064868,0.0,0.0,0.0
0.205,0.01958,0.14892,0.1498,0.002717321,0.002441489,0.0,0.002341641,0.002611234,9.984736e-05,0.0001060864,0.0,0.0,0.0
0.205,0.01955,0.14903,0.1499,0.002779419,0.002436688,0.0,0.002332632,0.002673732,0.0001040558,0.0001056866,0.0,0.0,0.0
0.205,0.01952,0.14913,0.15,0.002784657,0.002427819,0.0,0.002323642,0.00267937,0.0001041777,0.0001052872,0.0,0.0,0.0
0.205,0.01949,0.14923,0.1501,0.002789897,0.002418975,0.0,0.002314671,0.002685009,0.0001043038,0.0001048884,0.0,0.0,0.0
0.205,0.01946,0.14933,0.1502,0.00279514,0.002410153,0.0,0.002305719,0.00269065,0.0001044339,0.00010449,0.0,0.0,0.0
0.205,0.01943,0.14943,0.1503,0.002800386,0.002401355,0.0,0.002296787,0.002696294,0.0001045677,0.0001040922,0.0,0.0,0.0
0.205,0.0194,0.14953,0.1504,0.002805636,0.002392579,0.0,0.002287874,0.002701942,0.000104705,0.0001036949,0.0,0.0,0.0
0.205,0.01937,0.14963,0.1505,0.002810891,0.002383826,0.0,0.00227898,0.002707593,0.0001048456,0.0001032981,0.0,0.0,0.0
0.205,0.01934,0.14973,0.1506,0.00281615,0.002375095,0.0,0.002270106,0.002713248,0.0001049894,0.0001029018,0.0,0.0,0.0
0.205,0.01931,0.14984,0.1507,0.002821414,0.002366387,0.0,0.00226125,0.002718908,0.0001051363,0.000102506,0.0,0.0,0.0
0.205,0.01928,0.14994,0.1508,0.002826683,0.0023577,0.0,0.002252414,0.002724573,0.000105286,0.0001021107,0.0,0.0,0.0
0.205,0.01925,0.15004,0.1509,0.002831958,0.002349036,0.0,0.002243597,0.002730243,0.0001054385,0.0001017159,0.0,0.0,0.0
0.205,0.01922,0.15014,0.151,0.00283724,0.002340393,0.0,0.002234799,0.002735918,0.0001055937,0.0001013216,0.0,0.0,0.0
0.205,0.01919,0.15024,0.1511,0.002842527,0.002331771,0.0,0.00222602,0.002741599,0.0001057515,0.0001009279,0.0,0.0,0.0
0.205,0.01916,0.15034,0.1512,0.002847822,0.002323172,0.0,0.00221726,0.002747287,0.0001059117,0.0001005346,0.0,0.0,0.0
0.205,0.01913,0.15044,0.1513,0.002853123,0.002314593,0.0,0.002208519,0.002752981,0.0001060743,0.0001001418,0.0,0.0,0.0
0.205,0.0191,0.15055,0.1514,0.002858431,0.002306036,0.0,0.002199797,0.002758681,0.0001062393,9.974959e-05,0.0,0.0,0.0
0.205,0.01907,0.15065,0.1515,0.002863746,0.0022975,0.0,0.002191094,0.002764388,0.0001064065,9.935784e-05,0.0,0.0,0.0
0.205,0.01904,0.15075,0.1516,0.002869069,0.002288985,0.0,0.00218241,0.002770102,0.0001065758,9.896661e-05,0.0,0.0,0.0
0.205,0.01901,0.15085,0.1517,0.002930324,0.002284423,0.0,0.002173744,0.002831748,0.0001106789,9.857588e-05,0.0,0.0,0.0
0.205,0.01898,0.15095,0.1518,0.002935908,0.002275923,0.0,0.002165098,0.002837722,0.0001108249,9.818566e-05,0.0,0.0,0.0
0.205,0.01895,0.15105,0.1519,0.002941494,0.002267445,0.0,0.00215647,0.002843698,0.000110975,9.779595e-05,0.0,0.0,0.0
0.205,0.01892,0.15115,0.152,0.002947084,0.002258991,0.0,0.002147861,0.002849677,0.0001111291,9.740676e-05,0.0,0.0,0.0
0.205,0.01889,0.15126,0.1521,0.002952678,0.002250558,0.0,0.002139271,0.00285566,0.0001112868,9.701807e-05,0.0,0.0,0.0
0.205,0.01886,0.15136,0.1522,0.002958276,0.002242148,0.0,0.0021307,0.002861646,0.000111448,9.662989e-05,0.0,0.0,0.0
0.205,0.01883,0.15146,0.1523,0.002963879,0.00223376,0.0,0.002122148,0.002867637,0.0001116125,9.624222e-05,0.0,0.0,0.0
0.205,0.0188,0.15156,0.1524,0.002969488,0.002225394,0.0,0.002113614,0.002873633,0.0001117802,9.585506e-05,0.0,0.0,0.0
0.205,0.01877,0.15166,0.1525,0.002975102,0.002217049,0.0,0.002105099,0.002879633,0.0001119508,9.546842e-05,0.0,0.0,0.0
0.205,0.01874,0.15176,0.1526,0.002980722,0.002208726,0.0,0.002096602,0.00288564,0.0001121243,9.508229e-05,0.0,0.0,0.0
0.205,0.01871,0.15186,0.1527,0.002986348,0.002200425,0.0,0.002088124,0.002891652,0.0001123006,9.469667e-05,0.0,0.0,0.0
0.205,0.01868,0.15196,0.1528,0.002991982,0.002192144,0.0,0.002079665,0.00289767,0.0001124795,9.431157e-05,0.0,0.0,0.0
0.205,0.01865,0.15207,0.1529,0.002997622,0.002183885,0.0,0.002071224,0.002903695,0.0001126609,9.392698e-05,0.0,0.0,0.0
0.205,0.01862,0.15217,0.153,0.003003269,0.002175647,0.0,0.002062802,0.002909726,0.0001128449,9.354291e-05,0.0,0.0,0.0
0.205,0.01859,0.15227,0.1531,0.003008924,0.00216743,0.0,0.002054398,0.002915765,0.0001130312,9.315935e-05,0.0,0.0,0.0
0.205,0.01855,0.15237,0.1532,0.003014587,0.002159233,0.0,0.002046013,0.002921811,0.0001132198,9.277632e-05,0.0,0.0,0.0
0.205,0.01852,0.15247,0.1533,0.003020258,0.002151057,0.0,0.002037647,0.002927864,0.0001134107,9.23938e-05,0.0,0.0,0.0
0.205,0.01849,0.15257,0.1534,0.003025936,0.002142902,0.0,0.002029298,0.002933925,0.0001136038,9.20118e-05,0.0,0.0,0.0
0.205,0.01846,0.15267,0.1535,0.003031624,0.002134768,0.0,0.002020969,0.002939993,0.0001137991,9.163032e-05,0.0,0.0,0.0
0.205,0.01843,0.15278,0.1536,0.003092112,0.002130416,0.0,0.002012657,0.003000863,0.0001177584,9.124936e-05,0.0,0.0,0.0
0.205,0.0184,0.15288,0.1537,0.003098054,0.002122299,0.0,0.002004364,0.003007185,0.0001179346,9.086892e-05,0.0,0.0,0.0
0.205,0.01837,0.15298,0.1538,0.003103999,0.002114204,0.0,0.00199609,0.00301351,0.0001181146,9.048901e-05,0.0,0.0,0.0
0.205,0.01834,0.15308,0.1539,0.003109949,0.002106131,0.0,0.001987833,0.003019839,0.0001182983,9.010962e-05,0.0,0.0,0.0
0.205,0.01831,0.15318,0.154,0.003115904,0.00209808,0.0,0.001979595,0.003026173,0.0001184853,8.973076e-05,0.0,0.0,0.0
0.205,0.01828,0.15328,0.1541,0.003121864,0.002090051,0.0,0.001971375,0.003032512,0.0001186756,8.935242e-05,0.0,0.0,0.0
0.205,0.01825,0.15338,0.1542,0.00312783,0.002082043,0.0,0.001963174,0.003038856,0.000118869,8.897461e-05,0.0,0.0,0.0
0.205,0.01822,0.15349,0.1543,0.003133803,0.002074056,0.0,0.00195499,0.003045206,0.0001190653,8.859733e-05,0.0,0.0,0.0
0.205,0.01819,0.15359,0.1544,0.003139783,0.00206609,0.0,0.001946825,0.003051562,0.0001192644,8.822058e-05,0.0,0.0,0.0
0.205,0.01815,0.15369,0.1545,0.003145769,0.002058145,0.0,0.001938678,0.003057925,0.0001194663,8.784436e-05,0.0,0.0,0.0
0.205,0.01812,0.15379,0.1546,0.003151763,0.002050221,0.0,0.00193055,0.003064294,0.0001196708,8.746868e-05,0.0,0.0,0.0
0.205,0.01809,0.15389,0.1547,0.003157765,0.002042317,0.0,0.001922439,0.003070671,0.0001198778,8.709353e-05,0.0,0.0,0.0
0.205,0.01806,0.15399,0.1548,0.003163774,0.002034434,0.0,0.001914347,0.003077055,0.0001200873,8.671891e-05,0.0,0.0,0.0
0.205,0.01803,0.15409,0.1549,0.003169792,0.002026571,0.0,0.001906272,0.003083447,0.0001202992,8.634483e-05,0.0,0.0,0.0
0.205,0.018,0.15419,0.155,0.003175818,0.002018729,0.0,0.001898216,0.003089847,0.0001205134,8.597128e-05,0.0,0.0,0.0
0.205,0.01797,0.1543,0.1551,0.003181853,0.002010907,0.0,0.001890178,0.003096255,0.0001207299,8.559828e-05,0.0,0.0,0.0
0.205,0.01794,0.1544,0.1552,0.003187897,0.002003106,0.0,0.001882157,0.003102671,0.0001209485,8.522581e-05,0.0,0.0,0.0
0.205,0.01791,0.1545,0.1553,0.00319395,0.001995324,0.0,0.001874155,0.003109096,0.0001211693,8.485389e-05,0.0,0.0,0.0
0.205,0.01788,0.1546,0.1554,0.003253261,0.001991169,0.0,0.001866171,0.003168778,0.0001249979,8.448251e-05,0.0,0.0,0.0
0.205,0.01784,0.1547,0.1555,0.003259565,0.001983406,0.0,0.001858204,0.003175453,0.0001252022,8.411168e-05,0.0,0.0,0.0
0.205,0.01781,0.1548,0.1556,0.003265874,0.001975666,0.0,0.001850256,0.003182132,0.0001254101,8.374139e-05,0.0,0.0,0.0
0.205,0.01778,0.1549,0.1557,0.003272188,0.001967947,0.0,0.001842325,0.003188816,0.0001256216,8.337166e-05,0.0,0.0,0.0
0.205,0.01775,0.15501,0.1558,0.003278507,0.001960249,0.0,0.001834413,0.003195505,0.0001258365,8.300247e-05,0.0,0.0,0.0
0.205,0.01772,0.15511,0.1559,0.003284833,0.001952572,0.0,0.001826518,0.003202199,0.0001260544,8.263383e-05,0.0,0.0,0.0
0.205,0.01769,0.15521,0.156,0.003291166,0.001944917,0.0,0.001818641,0.0032089,0.0001262755,8.226574e-05,0.0,0.0,0.0
0.205,0.01766,0.15531,0.1561,0.003297506,0.001937281,0.0,0.001810782,0.003215608,0.0001264994,8.189821e-05,0.0,0.0,0.0
0.205,0.01763,0.15541,0.1562,0.003303853,0.001929667,0.0,0.001802941,0.003222322,0.0001267261,8.153124e-05,0.0,0.0,0.0
0.205,0.0176,0.15551,0.1563,0.003310208,0.001922073,0.0,0.001795117,0.003229044,0.0001269555,8.116482e-05,0.0,0.0,0.0
0.205,0.01756,0.15561,0.1564,0.003316572,0.001914499,0.0,0.001787311,0.003235773,0.0001271875,8.079896e-05,0.0,0.0,0.0
0.205,0.01753,0.15572,0.1565,0.003322944,0.001906946,0.0,0.001779523,0.00324251,0.0001274221,8.043366e-05,0.0,0.0,0.0
0.205,0.0175,0.15582,0.1566,0.003329324,0.001899412,0.0,0.001771753,0.003249255,0.0001276591,8.006893e-05,0.0,0.0,0.0
0.205,0.01747,0.15592,0.1567,0.003335714,0.001891899,0.0,0.001764001,0.003256009,0.0001278984,7.970476e-05,0.0,0.0,0.0
0.205,0.01744,0.15602,0.1568,0.003342112,0.001884406,0.0,0.001756266,0.003262771,0.0001281401,7.934115e-05,0.0,0.0,0.0
0.205,0.01741,0.15612,0.1569,0.003348521,0.001876932,0.0,0.001748548,0.003269542,0.000128384,7.897812e-05,0.0,0.0,0.0
0.205,0.01738,0.15622,0.157,0.003354938,0.001869479,0.0,0.001740849,0.003276323,0.0001286301,7.861565e-05,0.0,0.0,0.0
0.205,0.01734,0.15632,0.1571,0.003361366,0.001862045,0.0,0.001733167,0.003283112,0.0001288784,7.825376e-05,0.0,0.0,0.0
0.205,0.01731,0.15643,0.1572,0.003419356,0.001858068,0.0,0.001725502,0.003341464,0.0001325662,7.789244e-05,0.0,0.0,0.0
0.205,0.01728,0.15653,0.1573,0.003426031,0.001850656,0.0,0.001717855,0.003348499,0.0001328005,7.753169e-05,0.0,0.0,0.0
0.205,0.01725,0.15663,0.1574,0.003432711,0.001843265,0.0,0.001710226,0.00335554,0.0001330384,7.717153e-05,0.0,0.0,0.0
0.205,0.01722,0.15673,0.1575,0.003439397,0.001835894,0.0,0.001702614,0.003362585,0.0001332798,7.681194e-05,0.0,0.0,0.0
0.205,0.01719,0.15683,0.1576,0.00344609,0.001828544,0.0,0.00169502,0.003369637,0.0001335243,7.645293e-05,0.0,0.0,0.0
0.205,0.01716,0.15693,0.1577,0.00345279,0.001821215,0.0,0.001687443,0.003376696,0.000133772,7.609451e-05,0.0,0.0,0.0
0.205,0.01712,0.15703,0.1578,0.003459498,0.001813907,0.0,0.001679884,0.003383761,0.0001340227,7.573667e-05,0.0,0.0,0.0
0.205,0.01709,0.15714,0.1579,0.003466213,0.001806618,0.0,0.001672342,0.003390833,0.0001342762,7.537942e-05,0.0,0.0,0.0
0.205,0.01706,0.15724,0.158,0.003472937,0.00179935,0.0,0.001664818,0.003397914,0.0001345325,7.502276e-05,0.0,0.0,0.0
0.205,0.01703,0.15734,0.1581,0.003479669,0.001792102,0.0,0.001657311,0.003405002,0.0001347914,7.466669e-05,0.0,0.0,0.0
0.205,0.017,0.15744,0.1582,0.00348641,0.001784874,0.0,0.001649821,0.003412099,0.0001350529,7.431121e-05,0.0,0.0,0.0
0.205,0.01697,0.15754,0.1583,0.003493161,0.001777666,0.0,0.001642349,0.003419204,0.0001353169,7.395633e-05,0.0,0.0,0.0
0.205,0.01693,0.15764,0.1584,0.003499921,0.001770478,0.0,0.001634894,0.003426319,0.0001355833,7.360205e-05,0.0,0.0,0.0
0.205,0.0169,0.15774,0.1585,0.003506691,0.001763309,0.0,0.001627457,0.003433442,0.0001358521,7.324836e-05,0.0,0.0,0.0
0.205,0.01687,0.15785,0.1586,0.003513471,0.00175616,0.0,0.001620037,0.003440575,0.0001361232,7.289528e-05,0.0,0.0,0.0
0.205,0.01684,0.15795,0.1587,0.003520261,0.00174903,0.0,0.001612634,0.003447718,0.0001363966,7.25428e-05,0.0,0.0,0.0
0.205,0.01681,0.15805,0.1588,0.003527061,0.00174192,0.0,0.001605248,0.00345487,0.0001366722,7.219093e-05,0.0,0.0,0.0
0.205,0.01678,0.15815,0.1589,0.003533873,0.00173483,0.0,0.00159788,0.003462033,0.0001369499,7.183966e-05,0.0,0.0,0.0
0.205,0.01674,0.15825,0.159,0.003590417,0.001731018,0.0,0.001590529,0.003518928,0.0001404895,7.148901e-05,0.0,0.0,0.0
0.205,0.01671,0.15835,0.1591,0.00359747,0.001723951,0.0,0.001583195,0.003526331,0.000140756,7.113896e-05,0.0,0.0,0.0
0.205,0.01668,0.15845,0.1592,0.00360453,0.001716904,0.0,0.001575878,0.00353374,0.0001410259,7.078954e-05,0.0,0.0,0.0
0.205,0.01665,0.15856,0.1593,0.003611596,0.001709878,0.0,0.001568579,0.003541156,0.0001412991,7.044073e-05,0.0,0.0,0.0
0.205,0.01662,0.15866,0.1594,0.00361867,0.001702872,0.0,0.001561296,0.003548578,0.0001415755,7.009253e-05,0.0,0.0,0.0
0.205,0.01658,0.15876,0.1595,0.003625752,0.001695886,0.0,0.001554031,0.003556007,0.0001418549,6.974496e-05,0.0,0.0,0.0
0.205,0.01655,0.15886,0.1596,0.003632843,0.001688921,0.0,0.001546783,0.003563445,0.0001421372,6.939802e-05,0.0,0.0,0.0
0.205,0.01652,0.15896,0.1597,0.003639942,0.001681975,0.0,0.001539553,0.00357089,0.0001424224,6.90517e-05,0.0,0.0,0.0
0.205,0.01649,0.15906,0.1598,0.00364705,0.001675049,0.0,0.001532339,0.003578344,0.0001427102,6.8706e-05,0.0,0.0,0.0
0.205,0.01646,0.15916,0.1599,0.003654168,0.001668143,0.0,0.001525142,0.003585807,0.0001430007,6.836094e-05,0.0,0.0,0.0
0.205,0.01642,0.15927,0.16,0.003661295,0.001661256,0.0,0.001517963,0.003593279,0.0001432938,6.801651e-05,0.0,0.0,0.0
0.205,0.01639,0.15937,0.1601,0.003668433,0.001654389,0.0,0.0015108,0.00360076,0.0001435893,6.767272e-05,0.0,0.0,0.0
0.205,0.01636,0.15947,0.1602,0.003675581,0.001647542,0.0,0.001503655,0.003608252,0.0001438872,6.732956e-05,0.0,0.0,0.0
0.205,0.01633,0.15957,0.1603,0.00368274,0.001640714,0.0,0.001496526,0.003615753,0.0001441876,6.698704e-05,0.0,0.0,0.0
0.205,0.0163,0.15967,0.1604,0.003689909,0.001633905,0.0,0.001489415,0.003623264,0.0001444902,6.664517e-05,0.0,0.0,0.0
0.205,0.01626,0.15977,0.1605,0.00369709,0.001627115,0.0,0.00148232,0.003630786,0.0001447951,6.630394e-05,0.0,0.0,0.0
0.205,0.01623,0.15987,0.1606,0.003704282,0.001620345,0.0,0.001475243,0.003638319,0.0001451022,6.596335e-05,0.0,0.0,0.0
0.205,0.0162,0.15998,0.1607,0.003711486,0.001613594,0.0,0.001468182,0.003645862,0.0001454115,6.562342e-05,0.0,0.0,0.0
0.205,0.01617,0.16008,0.1608,0.003718701,0.001606861,0.0,0.001461138,0.003653417,0.0001457229,6.528414e-05,0.0,0.0,0.0
0.205,0.01614,0.16018,0.1609,0.003773917,0.001603211,0.0,0.001454112,0.003708971,0.0001490989,6.494551e-05,0.0,0.0,0.0
0.205,0.0161,0.16028,0.161,0.003781364,0.001596505,0.0,0.001447102,0.003716756,0.0001494029,6.460754e-05,0.0,0.0,0.0
0.205,0.01607,0.16038,0.1611,0.003788818,0.001589819,0.0,0.001440109,0.003724548,0.0001497102,6.427022e-05,0.0,0.0,0.0
0.205,0.01604,0.16048,0.1612,0.003796281,0.001583154,0.0,0.001433133,0.003732348,0.0001500205,6.393357e-05,0.0,0.0,0.0
0.205,0.01601,0.16058,0.1613,0.003803753,0.001576508,0.0,0.001426174,0.003740156,0.0001503338,6.359759e-05,0.0,0.0,0.0
0.205,0.01598,0.16069,0.1614,0.003811235,0.001569881,0.0,0.001419232,0.003747972,0.0001506499,6.326227e-05,0.0,0.0,0.0
0.205,0.01594,0.16079,0.1615,0.003818725,0.001563275,0.0,0.001412306,0.003755798,0.0001509689,6.292761e-05,0.0,0.0,0.0
0.205,0.01591,0.16089,0.1616,0.003826226,0.001556688,0.0,0.001405397,0.003763633,0.0001512905,6.259363e-05,0.0,0.0,0.0
0.205,0.01588,0.16099,0.1617,0.003833738,0.00155012,0.0,0.001398505,0.003771477,0.0001516147,6.226033e-05,0.0,0.0,0.0
0.205,0.01585,0.16109,0.1618,0.00384126,0.001543572,0.0,0.00139163,0.003779332,0.0001519414,6.19277e-05,0.0,0.0,0.0
0.205,0.01581,0.16119,0.1619,0.003848793,0.001537043,0.0,0.001384772,0.003787197,0.0001522707,6.159574e-05,0.0,0.0,0.0
0.205,0.01578,0.16129,0.162,0.003856337,0.001530533,0.0,0.00137793,0.003795073,0.0001526023,6.126447e-05,0.0,0.0,0.0
0.205,0.01575,0.1614,0.1621,0.003863893,0.001524042,0.0,0.001371106,0.003802959,0.0001529364,6.093389e-05,0.0,0.0,0.0
0.205,0.01572,0.1615,0.1622,0.00387146,0.00151757,0.0,0.001364297,0.003810856,0.0001532727,6.060399e-05,0.0,0.0,0.0
0.205,0.01568,0.1616,0.1623,0.00387904,0.001511117,0.0,0.001357506,0.003818765,0.0001536114,6.027478e-05,0.0,0.0,0.0
0.205,0.01565,0.1617,0.1624,0.003886632,0.001504683,0.0,0.001350731,0.003826686,0.0001539523,5.994626e-05,0.0,0.0,0.0
0.205,0.01562,0.1618,0.1625,0.003894236,0.001498269,0.0,0.001343973,0.003834617,0.0001542954,5.961843e-05,0.0,0.0,0.0
0.205,0.01559,0.1619,0.1626,0.003901853,0.001491872,0.0,0.001337232,0.003842561,0.0001546407,5.92913e-05,0.0,0.0,0.0
0.205,0.01555,0.162,0.1627,0.00395542,0.001488371,0.0,0.001330507,0.003896455,0.0001578644,5.896488e-05,0.0,0.0,0.0
0.205,0.01552,0.16211,0.1628,0.003963262,0.001482004,0.0,0.001323799,0.003904623,0.0001582048,5.863915e-05,0.0,0.0,0.0
0.205,0.01549,0.16221,0.1629,0.003971113,0.001475656,0.0,0.001317107,0.003912798,0.0001585483,5.831412e-05,0.0,0.0,0.0
0.205,0.01546,0.16231,0.163,0.003978972,0.001469327,0.0,0.001310432,0.003920983,0.0001588948,5.798981e-05,0.0,0.0,0.0
0.205,0.01542,0.16241,0.1631,0.003986842,0.001463018,0.0,0.001303774,0.003929176,0.0001592442,5.76662e-05,0.0,0.0,0.0
0.205,0.01539,0.16251,0.1632,0.003994722,0.001456729,0.0,0.001297132,0.003937379,0.0001595965,5.734331e-05,0.0,0.0,0.0
0.205,0.01536,0.16261,0.1633,0.004002613,0.001450459,0.0,0.001290507,0.003945591,0.0001599515,5.702113e-05,0.0,0.0,0.0
0.205,0.01533,0.16271,0.1634,0.004010514,0.001444208,0.0,0.001283898,0.003953814,0.0001603092,5.669967e-05,0.0,0.0,0.0
0.205,0.01529,0.16282,0.1635,0.004018427,0.001437976,0.0,0.001277306,0.003962048,0.0001606695,5.637892e-05,0.0,0.0,0.0
0.205,0.01526,0.16292,0.1636,0.004026351,0.001431763,0.0,0.001270731,0.003970293,0.0001610323,5.60589e-05,0.0,0.0,0.0
0.205,0.01523,0.16302,0.1637,0.004034288,0.001425569,0.0,0.001264172,0.003978548,0.0001613976,5.573961e-05,0.0,0.0,0.0
0.205,0.01519,0.16312,0.1638,0.004042236,0.001419395,0.0,0.001257629,0.003986815,0.0001617654,5.542104e-05,0.0,0.0,0.0
0.205,0.01516,0.16322,0.1639,0.004050197,0.001413239,0.0,0.001251103,0.003995094,0.0001621355,5.51032e-05,0.0,0.0,0.0
0.205,0.01513,0.16332,0.164,0.004058171,0.001407101,0.0,0.001244593,0.004003385,0.000162508,5.47861e-05,0.0,0.0,0.0
0.205,0.0151,0.16342,0.1641,0.004066157,0.001400983,0.0,0.0012381,0.004011688,0.0001628829,5.446973e-05,0.0,0.0,0.0
0.205,0.01506,0.16353,0.1642,0.004074157,0.001394884,0.0,0.001231624,0.004020003,0.00016326,5.41541e-05,0.0,0.0,0.0
0.205,0.01503,0.16363,0.1643,0.00408217,0.001388803,0.0,0.001225163,0.00402833,0.0001636395,5.383922e-05,0.0,0.0,0.0
0.205,0.015,0.16373,0.1644,0.004090196,0.00138274,0.0,0.001218719,0.004036671,0.0001640211,5.352507e-05,0.0,0.0,0.0
0.205,0.01496,0.16383,0.1645,0.004142046,0.001379385,0.0,0.001212292,0.004088834,0.0001670931,5.321167e-05,0.0,0.0,0.0
0.205,0.01493,0.16393,0.1646,0.00415029,0.001373353,0.0,0.001205881,0.004097391,0.0001674722,5.289902e-05,0.0,0.0,0.0
0.205,0.0149,0.16403,0.1647,0.004158544,0.001367341,0.0,0.001199486,0.004105957,0.0001678545,5.258712e-05,0.0,0.0,0.0
0.205,0.01487,0.16414,0.1648,0.004166808,0.001361347,0.0,0.001193108,0.004114532,0.0001682397,5.227598e-05,0.0,0.0,0.0
0.205,0.01483,0.16424,0.1649,0.004175083,0.001355374,0.0,0.001186746,0.004123118,0.0001686278,5.196559e-05,0.0,0.0,0.0
0.205,0.0148,0.16434,0.165,0.004183369,0.001349419,0.0,0.0011804,0.004131713,0.0001690187,5.165596e-05,0.0,0.0,0.0
0.205,0.01477,0.16444,0.1651,0.004191667,0.001343483,0.0,0.001174071,0.00414032,0.0001694123,5.13471e-05,0.0,0.0,0.0
0.205,0.01473,0.16454,0.1652,0.004199977,0.001337566,0.0,0.001167758,0.004148938,0.0001698086,5.1039e-05,0.0,0.0,0.0
0.205,0.0147,0.16464,0.1653,0.004208299,0.001331669,0.0,0.001161461,0.004157567,0.0001702075,5.073166e-05,0.0,0.0,0.0
0.205,0.01467,0.16474,0.1654,0.004216634,0.00132579,0.0,0.001155181,0.004166209,0.000170609,5.04251e-05,0.0,0.0,0.0
0.205,0.01463,0.16485,0.1655,0.004224981,0.00131993,0.0,0.001148917,0.004174862,0.0001710131,5.011931e-05,0.0,0.0,0.0
0.205,0.0146,0.16495,0.1656,0.004233342,0.001314088,0.0,0.001142669,0.004183527,0.0001714196,4.981429e-05,0.0,0.0,0.0
0.205,0.01457,0.16505,0.1657,0.004241715,0.001308266,0.0,0.001136437,0.004192205,0.0001718285,4.951006e-05,0.0,0.0,0.0
0.205,0.01454,0.16515,0.1658,0.004250103,0.001302462,0.0,0.001130222,0.004200896,0.0001722399,4.92066e-05,0.0,0.0,0.0
0.205,0.0145,0.16525,0.1659,0.004258504,0.001296676,0.0,0.001124023,0.0042096,0.0001726537,4.890393e-05,0.0,0.0,0.0
0.205,0.01447,0.16535,0.166,0.004266919,0.00129091,0.0,0.00111784,0.004218317,0.0001730698,4.860204e-05,0.0,0.0,0.0
0.205,0.01444,0.16545,0.1661,0.004275348,0.001285162,0.0,0.001111673,0.004227047,0.0001734883,4.830094e-05,0.0,0.0,0.0
0.205,0.0144,0.16556,0.1662,0.004283792,0.001279432,0.0,0.001105523,0.004235791,0.0001739091,4.800063e-05,0.0,0.0,0.0
0.205,0.01437,0.16566,0.1663,0.004333874,0.001276221,0.0,0.001099388,0.004286173,0.0001768326,4.770112e-05,0.0,0.0,0.0
0.205,0.01434,0.16576,0.1664,0.004342527,0.001270524,0.0,0.00109327,0.004295125,0.0001772532,4.74024e-05,0.0,0.0,0.0
0.205,0.0143,0.16586,0.1665,0.004351192,0.001264845,0.0,0.001087168,0.004304087,0.0001776769,4.710448e-05,0.0,0.0,0.0
0.205,0.01427,0.16596,0.1666,0.004359868,0.001259186,0.0,0.001081083,0.00431306,0.0001781036,4.680737e-05,0.0,0.0,0.0
0.205,0.01424,0.16606,0.1667,0.004368556,0.001253546,0.0,0.001075013,0.004322045,0.0001785332,4.651105e-05,0.0,0.0,0.0
0.205,0.0142,0.16616,0.1668,0.004377255,0.001247925,0.0,0.00106896,0.00433104,0.0001789655,4.621555e-05,0.0,0.0,0.0
0.205,0.01417,0.16627,0.1669,0.004385968,0.001242323,0.0,0.001062922,0.004340047,0.0001794007,4.592085e-05,0.0,0.0,0.0
0.205,0.01414,0.16637,0.167,0.004394693,0.00123674,0.0,0.001056901,0.004349066,0.0001798386,4.562697e-05,0.0,0.0,0.0
0.205,0.0141,0.16647,0.1671,0.004403432,0.001231175,0.0,0.001050896,0.004358098,0.0001802791,4.53339e-05,0.0,0.0,0.0
0.205,0.01407,0.16657,0.1672,0.004412184,0.001225629,0.0,0.001044907,0.004367142,0.0001807223,4.504165e-05,0.0,0.0,0.0
0.205,0.01404,0.16667,0.1673,0.00442095,0.001220102,0.0,0.001038934,0.0043762,0.000181168,4.475022e-05,0.0,0.0,0.0
0.205,0.014,0.16677,0.1674,0.00442973,0.001214593,0.0,0.001032977,0.00438527,0.0001816163,4.445961e-05,0.0,0.0,0.0
0.205,0.01397,0.16688,0.1675,0.004438524,0.001209103,0.0,0.001027036,0.004394354,0.0001820672,4.416983e-05,0.0,0.0,0.0
0.205,0.01394,0.16698,0.1676,0.004447333,0.001203632,0.0,0.001021111,0.004403452,0.0001825205,4.388088e-05,0.0,0.0,0.0
0.205,0.0139,0.16708,0.1677,0.004456156,0.001198179,0.0,0.001015203,0.004412563,0.0001829764,4.359275e-05,0.0,0.0,0.0
0.205,0.01387,0.16718,0.1678,0.004464994,0.001192745,0.0,0.00100931,0.004421688,0.0001834347,4.330546e-05,0.0,0.0,0.0
0.205,0.01383,0.16728,0.1679,0.004473847,0.001187329,0.0,0.001003433,0.004430828,0.0001838955,4.301901e-05,0.0,0.0,0.0
0.205,0.0138,0.16738,0.168,0.004482715,0.001181931,0.0,0.0009975727,0.004439982,0.0001843587,4.273339e-05,0.0,0.0,0.0
0.205,0.01377,0.16748,0.1681,0.004530997,0.001178867,0.0,0.000991728,0.004488549,0.0001871392,4.244862e-05,0.0,0.0,0.0
0.205,0.01373,0.16759,0.1682,0.004540068,0.001173504,0.0,0.0009858994,0.004497903,0.0001876046,4.216468e-05,0.0,0.0,0.0
0.205,0.0137,0.16769,0.1683,0.00454915,0.00116816,0.0,0.0009800867,0.004507268,0.000188073,4.18816e-05,0.0,0.0,0.0
0.205,0.01367,0.16779,0.1684,0.004558245,0.001162834,0.0,0.0009742901,0.004516645,0.0001885444,4.159936e-05,0.0,0.0,0.0
0.205,0.01363,0.16789,0.1685,0.004567352,0.001157528,0.0,0.0009685094,0.004526034,0.0001890187,4.131797e-05,0.0,0.0,0.0
0.205,0.0136,0.16799,0.1686,0.004576473,0.001152241,0.0,0.0009627446,0.004535435,0.0001894959,4.103744e-05,0.0,0.0,0.0
0.205,0.01357,0.16809,0.1687,0.004585607,0.001146972,0.0,0.0009569958,0.004544849,0.000189976,4.075776e-05,0.0,0.0,0.0
0.205,0.01353,0.16819,0.1688,0.004594755,0.001141722,0.0,0.0009512629,0.004554276,0.0001904588,4.047894e-05,0.0,0.0,0.0
0.205,0.0135,0.1683,0.1689,0.004603917,0.00113649,0.0,0.000945546,0.004563716,0.0001909444,4.020099e-05,0.0,0.0,0.0
0.205,0.01346,0.1684,0.169,0.004613094,0.001131278,0.0,0.000939845,0.00457317,0.0001914328,3.992389e-05,0.0,0.0,0.0
0.205,0.01343,0.1685,0.1691,0.004622285,0.001126084,0.0,0.0009341599,0.004582638,0.0001919238,3.964767e-05,0.0,0.0,0.0
0.205,0.0134,0.1686,0.1692,0.004631492,0.001120908,0.0,0.0009284907,0.004592119,0.0001924175,3.937231e-05,0.0,0.0,0.0
0.205,0.01336,0.1687,0.1693,0.004640713,0.001115751,0.0,0.0009228374,0.004601615,0.0001929139,3.909782e-05,0.0,0.0,0.0
0.205,0.01333,0.1688,0.1694,0.00464995,0.001110613,0.0,0.0009172,0.004611126,0.000193413,3.882421e-05,0.0,0.0,0.0
0.205,0.01329,0.16891,0.1695,0.004659202,0.001105493,0.0,0.0009115784,0.004620651,0.0001939147,3.855147e-05,0.0,0.0,0.0
0.205,0.01326,0.16901,0.1696,0.00466847,0.001100392,0.0,0.0009059728,0.004630191,0.000194419,3.827961e-05,0.0,0.0,0.0
0.205,0.01323,0.16911,0.1697,0.004677754,0.001095309,0.0,0.000900383,0.004639746,0.0001949259,3.800863e-05,0.0,0.0,0.0
0.205,0.01319,0.16921,0.1698,0.004687054,0.001090244,0.0,0.000894809,0.004649316,0.0001954354,3.773854e-05,0.0,0.0,0.0
0.205,0.01316,0.16931,0.1699,0.004733523,0.001087332,0.0,0.0008892509,0.004696054,0.0001980811,3.746933e-05,0.0,0.0,0.0
0.205,0.01312,0.16941,0.17,0.004743017,0.001082304,0.0,0.0008837086,0.004705816,0.000198595,3.720101e-05,0.0,0.0,0.0
0.205,0.01309,0.16951,0.1701,0.004752523,0.001077294,0.0,0.0008781822,0.00471559,0.0001991119,3.693358e-05,0.0,0.0,0.0
0.205,0.01306,0.16962,0.1702,0.004762043,0.001072304,0.0,0.0008726716,0.004725376,0.000199632,3.666704e-05,0.0,0.0,0.0
0.205,0.01302,0.16972,0.1703,0.004771577,0.001067332,0.0,0.0008671768,0.004735176,0.0002001551,3.64014e-05,0.0,0.0,0.0
0.205,0.01299,0.16982,0.1704,0.004781125,0.001062379,0.0,0.0008616978,0.004744988,0.0002006812,3.613666e-05,0.0,0.0,0.0
0.205,0.01295,0.16992,0.1705,0.004790688,0.001057445,0.0,0.0008562346,0.004754815,0.0002012102,3.587281e-05,0.0,0.0,0.0
0.205,0.01292,0.17002,0.1706,0.004800265,0.001052529,0.0,0.0008507871,0.004764655,0.0002017422,3.560987e-05,0.0,0.0,0.0
0.205,0.01289,0.17012,0.1707,0.004809858,0.001047633,0.0,0.0008453555,0.00477451,0.0002022771,3.534784e-05,0.0,0.0,0.0
0.205,0.01285,0.17023,0.1708,0.004819466,0.001042755,0.0,0.0008399396,0.004784379,0.000202815,3.508671e-05,0.0,0.0,0.0
0.205,0.01282,0.17033,0.1709,0.004829089,0.001037895,0.0,0.0008345395,0.004794263,0.0002033557,3.482649e-05,0.0,0.0,0.0
0.205,0.01278,0.17043,0.171,0.004838728,0.001033054,0.0,0.0008291552,0.004804161,0.0002038992,3.456718e-05,0.0,0.0,0.0
0.205,0.01275,0.17053,0.1711,0.004848384,0.001028232,0.0,0.0008237866,0.004814075,0.0002044456,3.430879e-05,0.0,0.0,0.0
0.205,0.01272,0.17063,0.1712,0.004858055,0.001023429,0.0,0.0008184338,0.004824004,0.0002049949,3.405132e-05,0.0,0.0,0.0
0.205,0.01268,0.17073,0.1713,0.004867744,0.001018644,0.0,0.0008130966,0.004833949,0.000205547,3.379476e-05,0.0,0.0,0.0
0.205,0.01265,0.17083,0.1714,0.004877448,0.001013877,0.0,0.0008077753,0.004843909,0.000206102,3.353912e-05,0.0,0.0,0.0
0.205,0.01261,0.17094,0.1715,0.00488717,0.001009129,0.0,0.0008024696,0.004853885,0.0002066598,3.328441e-05,0.0,0.0,0.0
0.205,0.01258,0.17104,0.1716,0.004896908,0.0010044,0.0,0.0007971796,0.004863877,0.0002072205,3.303062e-05,0.0,0.0,0.0
0.205,0.01254,0.17114,0.1717,0.004941567,0.001001647,0.0,0.0007919054,0.004908789,0.000209742,3.277776e-05,0.0,0.0,0.0
0.205,0.01251,0.17124,0.1718,0.00495149,0.0009969559,0.0,0.0007866469,0.004918964,0.0002103091,3.252583e-05,0.0,0.0,0.0
0.205,0.01248,0.17134,0.1719,0.004961427,0.0009922834,0.0,0.000781404,0.004929153,0.0002108794,3.227484e-05,0.0,0.0,0.0
0.205,0.01244,0.17144,0.172,0.004971379,0.0009876299,0.0,0.0007761768,0.004939354,0.0002114531,3.202477e-05,0.0,0.0,0.0
0.205,0.01241,0.17155,0.1721,0.004981346,0.0009829953,0.0,0.0007709654,0.00494957,0.0002120299,3.177565e-05,0.0,0.0,0.0
0.205,0.01237,0.17165,0.1722,0.004991327,0.0009783795,0.0,0.0007657695,0.0049598,0.00021261,3.152746e-05,0.0,0.0,0.0
0.205,0.01234,0.17175,0.1723,0.005001324,0.0009737826,0.0,0.0007605894,0.004970044,0.0002131932,3.128021e-05,0.0,0.0,0.0
0.205,0.0123,0.17185,0.1724,0.005011337,0.0009692045,0.0,0.0007554249,0.004980303,0.0002137796,3.103391e-05,0.0,0.0,0.0
0.205,0.01227,0.17195,0.1725,0.005021366,0.0009646452,0.0,0.0007502761,0.004990578,0.0002143691,3.078855e-05,0.0,0.0,0.0
0.205,0.01223,0.17205,0.1726,0.005031412,0.0009601047,0.0,0.0007451429,0.005000867,0.0002149618,3.054414e-05,0.0,0.0,0.0
0.205,0.0122,0.17215,0.1727,0.005041473,0.000955583,0.0,0.0007400253,0.005011173,0.0002155577,3.030067e-05,0.0,0.0,0.0
0.205,0.01217,0.17226,0.1728,0.005051552,0.00095108,0.0,0.0007349234,0.005021494,0.0002161566,3.005816e-05,0.0,0.0,0.0
0.205,0.01213,0.17236,0.1729,0.005061647,0.0009465958,0.0,0.0007298371,0.005031831,0.0002167588,2.98166e-05,0.0,0.0,0.0
0.205,0.0121,0.17246,0.173,0.00507176,0.0009421304,0.0,0.0007247664,0.005042184,0.000217364,2.9576e-05,0.0,0.0,0.0
0.205,0.01206,0.17256,0.1731,0.00508189,0.0009376838,0.0,0.0007197113,0.005052553,0.0002179724,2.933635e-05,0.0,0.0,0.0
0.205,0.01203,0.17266,0.1732,0.005092037,0.0009332559,0.0,0.0007146719,0.005062939,0.000218584,2.909767e-05,0.0,0.0,0.0
0.205,0.01199,0.17276,0.1733,0.005102202,0.0009288467,0.0,0.000709648,0.005073342,0.0002191987,2.885994e-05,0.0,0.0,0.0
0.205,0.01196,0.17287,0.1734,0.005112384,0.0009244564,0.0,0.0007046397,0.005083761,0.0002198166,2.862318e-05,0.0,0.0,0.0
0.205,0.01192,0.17297,0.1735,0.005155253,0.0009218743,0.0,0.0006996471,0.005126866,0.0002222273,2.838738e-05,0.0,0.0,0.0
0.205,0.01189,0.17307,0.1736,0.005165612,0.0009175237,0.0,0.00069467,0.005137459,0.0002228537,2.815255e-05,0.0,0.0,0.0
0.205,0.01185,0.17317,0.1737,0.005175986,0.0009131922,0.0,0.0006897085,0.005148067,0.0002234837,2.791869e-05,0.0,0.0,0.0
0.205,0.01182,0.17327,0.1738,0.005186375,0.0009088797,0.0,0.0006847625,0.005158689,0.0002241172,2.76858e-05,0.0,0.0,0.0
0.205,0.01178,0.17337,0.1739,0.00519678,0.0009045864,0.0,0.0006798321,0.005169326,0.0002247543,2.745388e-05,0.0,0.0,0.0
0.205,0.01175,0.17347,0.174,0.005207201,0.0009003122,0.0,0.0006749173,0.005179978,0.0002253949,2.722294e-05,0.0,0.0,0.0
0.205,0.01171,0.17358,0.1741,0.005217638,0.000896057,0.0,0.000670018,0.005190645,0.0002260389,2.699298e-05,0.0,0.0,0.0
0.205,0.01168,0.17368,0.1742,0.005228092,0.0008918208,0.0,0.0006651343,0.005201328,0.0002266865,2.676399e-05,0.0,0.0,0.0
0.205,0.01164,0.17378,0.1743,0.005238563,0.0008876037,0.0,0.0006602661,0.005212027,0.0002273376,2.653598e-05,0.0,0.0,0.0
0.205,0.01161,0.17388,0.1744,0.005249052,0.0008834057,0.0,0.0006554135,0.005222743,0.0002279922,2.630895e-05,0.0,0.0,0.0
0.205,0.01157,0.17398,0.1745,0.005259557,0.0008792267,0.0,0.0006505764,0.005233474,0.0002286504,2.608291e-05,0.0,0.0,0.0
0.205,0.01154,0.17408,0.1746,0.00527008,0.0008750668,0.0,0.0006457548,0.005244222,0.000229312,2.585785e-05,0.0,0.0,0.0
0.205,0.0115,0.17419,0.1747,0.005280621,0.0008709259,0.0,0.0006409487,0.005254987,0.0002299772,2.563378e-05,0.0,0.0,0.0
0.205,0.01147,0.17429,0.1748,0.00529118,0.0008668042,0.0,0.0006361581,0.005265769,0.000230646,2.54107e-05,0.0,0.0,0.0
0.205,0.01143,0.17439,0.1749,0.005301757,0.0008627015,0.0,0.0006313831,0.005276568,0.0002313184,2.518861e-05,0.0,0.0,0.0
0.205,0.0114,0.17449,0.175,0.005312352,0.0008586179,0.0,0.0006266235,0.005287385,0.0002319943,2.496751e-05,0.0,0.0,0.0
0.205,0.01136,0.17459,0.1751,0.005322966,0.0008545534,0.0,0.0006218795,0.005298218,0.0002326739,2.474741e-05,0.0,0.0,0.0
0.205,0.01133,0.17469,0.1752,0.005333598,0.0008505081,0.0,0.0006171509,0.005309069,0.0002333571,2.45283e-05,0.0,0.0,0.0
0.205,0.01129,0.17479,0.1753,0.005374712,0.000848111,0.0,0.0006124379,0.005350402,0.0002356732,2.431019e-05,0.0,0.0,0.0
0.205,0.01126,0.1749,0.1754,0.005385511,0.0008441074,0.0,0.0006077403,0.005361418,0.0002363671,2.409307e-05,0.0,0.0,0.0
0.205,0.01122,0.175,0.1755,0.005396326,0.0008401232,0.0,0.0006030582,0.005372449,0.000237065,2.387696e-05,0.0,0.0,0.0
0.205,0.01119,0.1751,0.1756,0.005407158,0.0008361584,0.0,0.0005983916,0.005383496,0.0002377669,2.366184e-05,0.0,0.0,0.0
0.205,0.01115,0.1752,0.1757,0.005418006,0.0008322131,0.0,0.0005937404,0.005394558,0.0002384727,2.344774e-05,0.0,0.0,0.0
0.205,0.01112,0.1753,0.1758,0.005428872,0.0008282873,0.0,0.0005891047,0.005405637,0.0002391826,2.323463e-05,0.0,0.0,0.0
0.205,0.01108,0.1754,0.1759,0.005439754,0.0008243809,0.0,0.0005844844,0.005416732,0.0002398964,2.302253e-05,0.0,0.0,0.0
0.205,0.01105,0.17551,0.176,0.005450655,0.0008204939,0.0,0.0005798797,0.005427843,0.0002406143,2.281144e-05,0.0,0.0,0.0
0.205,0.01101,0.17561,0.1761,0.005461573,0.0008166265,0.0,0.0005752903,0.005438971,0.0002413361,2.260136e-05,0.0,0.0,0.0
0.205,0.01098,0.17571,0.1762,0.005472509,0.0008127785,0.0,0.0005707164,0.005450116,0.0002420621,2.239229e-05,0.0,0.0,0.0
0.205,0.01094,0.17581,0.1763,0.005483463,0.0008089501,0.0,0.000566158,0.005461279,0.0002427921,2.218423e-05,0.0,0.0,0.0
0.205,0.01091,0.17591,0.1764,0.005494436,0.0008051412,0.0,0.0005616149,0.005472458,0.0002435262,2.197718e-05,0.0,0.0,0.0
0.205,0.01087,0.17601,0.1765,0.005505427,0.0008013518,0.0,0.0005570873,0.005483656,0.0002442645,2.177114e-05,0.0,0.0,0.0
0.205,0.01084,0.17612,0.1766,0.005516437,0.0007975821,0.0,0.0005525752,0.005494871,0.0002450069,2.156613e-05,0.0,0.0,0.0
0.205,0.0108,0.17622,0.1767,0.005527465,0.0007938319,0.0,0.0005480784,0.005506103,0.0002457535,2.136213e-05,0.0,0.0,0.0
0.205,0.01077,0.17632,0.1768,0.005538513,0.0007901015,0.0,0.0005435971,0.005517354,0.0002465044,2.115914e-05,0.0,0.0,0.0
0.205,0.01073,0.17642,0.1769,0.00554958,0.0007863907,0.0,0.0005391312,0.005528623,0.0002472595,2.095718e-05,0.0,0.0,0.0
0.205,0.0107,0.17652,0.177,0.005560666,0.0007826996,0.0,0.0005346807,0.00553991,0.0002480189,2.075624e-05,0.0,0.0,0.0
0.205,0.01066,0.17662,0.1771,0.005600073,0.0007805059,0.0,0.0005302456,0.005579516,0.0002502604,2.055632e-05,0.0,0.0,0.0
0.205,0.01063,0.17672,0.1772,0.005611317,0.0007768588,0.0,0.0005258259,0.005590959,0.0002510329,2.035742e-05,0.0,0.0,0.0
0.205,0.01059,0.17683,0.1773,0.005622578,0.0007732316,0.0,0.0005214216,0.005602419,0.00025181,2.015955e-05,0.0,0.0,0.0
0.205,0.01055,0.17693,0.1774,0.005633857,0.0007696244,0.0,0.0005170326,0.005613894,0.0002525918,1.99627e-05,0.0,0.0,0.0
0.205,0.01052,0.17703,0.1775,0.005645153,0.0007660373,0.0,0.0005126591,0.005625386,0.0002533782,1.976688e-05,0.0,0.0,0.0
0.205,0.01048,0.17713,0.1776,0.005656467,0.0007624702,0.0,0.000508301,0.005636895,0.0002541693,1.957208e-05,0.0,0.0,0.0
0.205,0.01045,0.17723,0.1777,0.0056678,0.0007589233,0.0,0.0005039582,0.005648421,0.0002549651,1.937832e-05,0.0,0.0,0.0
0.205,0.01041,0.17733,0.1778,0.00567915,0.0007553965,0.0,0.0004996308,0.005659965,0.0002557657,1.918558e-05,0.0,0.0,0.0
0.205,0.01038,0.17744,0.1779,0.005690519,0.0007518899,0.0,0.0004953188,0.005671526,0.000256571,1.899387e-05,0.0,0.0,0.0
0.205,0.01034,0.17754,0.178,0.005701907,0.0007484035,0.0,0.0004910222,0.005683104,0.0002573813,1.88032e-05,0.0,0.0,0.0
0.205,0.01031,0.17764,0.1781,0.005713314,0.0007449373,0.0,0.0004867409,0.005694701,0.0002581964,1.861356e-05,0.0,0.0,0.0
0.205,0.01027,0.17774,0.1782,0.00572474,0.0007414914,0.0,0.000482475,0.005706315,0.0002590164,1.842495e-05,0.0,0.0,0.0
0.205,0.01023,0.17784,0.1783,0.005736186,0.0007380659,0.0,0.0004782245,0.005717948,0.0002598415,1.823737e-05,0.0,0.0,0.0
0.205,0.0102,0.17794,0.1784,0.00574765,0.0007346608,0.0,0.0004739893,0.0057296,0.0002606715,1.805083e-05,0.0,0.0,0.0
0.205,0.01016,0.17805,0.1785,0.005759135,0.0007312761,0.0,0.0004697694,0.005741269,0.0002615067,1.786532e-05,0.0,0.0,0.0
0.205,0.01013,0.17815,0.1786,0.005770639,0.0007279119,0.0,0.0004655649,0.005752958,0.000262347,1.768085e-05,0.0,0.0,0.0
0.205,0.01009,0.17825,0.1787,0.005782162,0.0007245683,0.0,0.0004613758,0.005764665,0.0002631925,1.749742e-05,0.0,0.0,0.0
0.205,0.01006,0.17835,0.1788,0.005793706,0.0007212452,0.0,0.000457202,0.005776391,0.0002640432,1.731503e-05,0.0,0.0,0.0
0.205,0.01002,0.17845,0.1789,0.005831465,0.0007192786,0.0,0.0004530436,0.005814331,0.000266235,1.713367e-05,0.0,0.0,0.0
0.205,0.00998,0.17855,0.179,0.005843158,0.0007160021,0.0,0.0004489004,0.005826205,0.0002671016,1.695335e-05,0.0,0.0,0.0
0.205,0.00995,0.17866,0.1791,0.005854869,0.0007127465,0.0,0.0004447727,0.005838095,0.0002679738,1.677408e-05,0.0,0.0,0.0
0.205,0.00991,0.17876,0.1792,0.005866598,0.0007095118,0.0,0.0004406602,0.005850002,0.0002688516,1.659584e-05,0.0,0.0,0.0
0.205,0.00988,0.17886,0.1793,0.005878346,0.0007062982,0.0,0.0004365631,0.005861927,0.0002697351,1.641865e-05,0.0,0.0,0.0
0.205,0.00984,0.17896,0.1794,0.005890112,0.0007031056,0.0,0.0004324813,0.00587387,0.0002706243,1.624249e-05,0.0,0.0,0.0
0.205,0.0098,0.17906,0.1795,0.005901897,0.0006999342,0.0,0.0004284148,0.00588583,0.0002715193,1.606738e-05,0.0,0.0,0.0
0.205,0.00977,0.17916,0.1796,0.005913702,0.0006967839,0.0,0.0004243637,0.005897808,0.0002724202,1.589331e-05,0.0,0.0,0.0
0.205,0.00973,0.17926,0.1797,0.005925525,0.0006936549,0.0,0.0004203279,0.005909805,0.000273327,1.572029e-05,0.0,0.0,0.0
0.205,0.0097,0.17937,0.1798,0.005937368,0.0006905472,0.0,0.0004163074,0.00592182,0.0002742398,1.554831e-05,0.0,0.0,0.0
0.205,0.00966,0.17947,0.1799,0.005949231,0.0006874609,0.0,0.0004123022,0.005933854,0.0002751587,1.537737e-05,0.0,0.0,0.0
0.205,0.00962,0.17957,0.18,0.005961113,0.0006843961,0.0,0.0004083124,0.005945906,0.0002760837,1.520747e-05,0.0,0.0,0.0
0.205,0.00959,0.17967,0.1801,0.005973016,0.0006813528,0.0,0.0004043378,0.005957977,0.000277015,1.503863e-05,0.0,0.0,0.0
0.205,0.00955,0.17977,0.1802,0.005984938,0.0006783311,0.0,0.0004003786,0.005970067,0.0002779526,1.487082e-05,0.0,0.0,0.0
0.205,0.00952,0.17987,0.1803,0.005996881,0.0006753312,0.0,0.0003964347,0.005982177,0.0002788965,1.470406e-05,0.0,0.0,0.0
0.205,0.00948,0.17998,0.1804,0.006008843,0.000672353,0.0,0.0003925061,0.005994305,0.000279847,1.453835e-05,0.0,0.0,0.0
0.205,0.00944,0.18008,0.1805,0.006020827,0.0006693967,0.0,0.0003885928,0.006006453,0.000280804,1.437368e-05,0.0,0.0,0.0
0.205,0.00941,0.18018,0.1806,0.00603283,0.0006664624,0.0,0.0003846948,0.00601862,0.0002817676,1.421006e-05,0.0,0.0,0.0
0.205,0.00937,0.18028,0.1807,0.006069012,0.0006647537,0.0,0.0003808121,0.006054964,0.0002839416,1.404748e-05,0.0,0.0,0.0
0.205,0.00934,0.18038,0.1808,0.006081156,0.0006618693,0.0,0.0003769447,0.00606727,0.0002849246,1.388595e-05,0.0,0.0,0.0
0.205,0.0093,0.18048,0.1809,0.006093319,0.0006590073,0.0,0.0003730927,0.006079594,0.0002859146,1.372547e-05,0.0,0.0,0.0
0.205,0.00926,0.18059,0.181,0.006105502,0.0006561677,0.0,0.0003692559,0.006091936,0.0002869118,1.356603e-05,0.0,0.0,0.0
0.205,0.00923,0.18069,0.1811,0.006117703,0.0006533506,0.0,0.0003654345,0.006104295,0.0002879161,1.340764e-05,0.0,0.0,0.0
0.205,0.00919,0.18079,0.1812,0.006129924,0.0006505561,0.0,0.0003616284,0.006116673,0.0002889277,1.325029e-05,0.0,0.0,0.0
0.205,0.00916,0.18089,0.1813,0.006142164,0.0006477843,0.0,0.0003578375,0.00612907,0.0002899468,1.3094e-05,0.0,0.0,0.0
0.205,0.00912,0.18099,0.1814,0.006154424,0.0006450353,0.0,0.000354062,0.006141485,0.0002909733,1.293874e-05,0.0,0.0,0.0
0.205,0.00908,0.18109,0.1815,0.006166704,0.0006423093,0.0,0.0003503018,0.00615392,0.0002920075,1.278454e-05,0.0,0.0,0.0
0.205,0.00905,0.1812,0.1816,0.006179004,0.0006396063,0.0,0.0003465569,0.006166373,0.0002930494,1.263137e-05,0.0,0.0,0.0
0.205,0.00901,0.1813,0.1817,0.006191324,0.0006369264,0.0,0.0003428274,0.006178845,0.0002940991,1.247926e-05,0.0,0.0,0.0
0.205,0.00897,0.1814,0.1818,0.006203665,0.0006342699,0.0,0.0003391131,0.006191337,0.0002951568,1.232819e-05,0.0,0.0,0.0
0.205,0.00894,0.1815,0.1819,0.006216026,0.0006316367,0.0,0.0003354142,0.006203848,0.0002962225,1.217816e-05,0.0,0.0,0.0
0.205,0.0089,0.1816,0.182,0.006228408,0.0006290271,0.0,0.0003317305,0.006216379,0.0002972965,1.202918e-05,0.0,0.0,0.0
0.205,0.00886,0.1817,0.1821,0.00624081,0.0006264411,0.0,0.0003280623,0.006228929,0.0002983788,1.188125e-05,0.0,0.0,0.0
0.205,0.00883,0.18181,0.1822,0.006253233,0.0006238789,0.0,0.0003244093,0.006241499,0.0002994696,1.173436e-05,0.0,0.0,0.0
0.205,0.00879,0.18191,0.1823,0.006265677,0.0006213406,0.0,0.0003207716,0.006254089,0.000300569,1.158851e-05,0.0,0.0,0.0
0.205,0.00876,0.18201,0.1824,0.006278142,0.0006188264,0.0,0.0003171493,0.006266699,0.0003016771,1.14437e-05,0.0,0.0,0.0
0.205,0.00872,0.18211,0.1825,0.006312824,0.0006174177,0.0,0.0003135424,0.006301524,0.0003038753,1.129994e-05,0.0,0.0,0.0
0.205,0.00868,0.18221,0.1826,0.006325421,0.0006149583,0.0,0.0003099507,0.006314264,0.0003050076,1.115722e-05,0.0,0.0,0.0
0.205,0.00865,0.18231,0.1827,0.006338038,0.0006125234,0.0,0.0003063744,0.006327023,0.000306149,1.101555e-05,0.0,0.0,0.0
0.205,0.00861,0.18241,0.1828,0.006350675,0.0006101133,0.0,0.0003028135,0.0063398,0.0003072998,1.087491e-05,0.0,0.0,0.0
0.205,0.00857,0.18252,0.1829,0.006363331,0.000607728,0.0,0.0002992679,0.006352596,0.0003084601,1.073531e-05,0.0,0.0,0.0
0.205,0.00854,0.18262,0.183,0.006376008,0.0006053677,0.0,0.0002957377,0.006365411,0.00030963,1.059676e-05,0.0,0.0,0.0
0.205,0.0085,0.18272,0.1831,0.006388704,0.0006030327,0.0,0.0002922228,0.006378245,0.0003108098,1.045924e-05,0.0,0.0,0.0
0.205,0.00846,0.18282,0.1832,0.006401421,0.000600723,0.0,0.0002887234,0.006391098,0.0003119996,1.032276e-05,0.0,0.0,0.0
0.205,0.00843,0.18292,0.1833,0.006414158,0.0005984388,0.0,0.0002852393,0.006403971,0.0003131996,1.018732e-05,0.0,0.0,0.0
0.205,0.00839,0.18302,0.1834,0.006426916,0.0005961804,0.0,0.0002817705,0.006416863,0.0003144099,1.005292e-05,0.0,0.0,0.0
0.205,0.00835,0.18313,0.1835,0.006439694,0.0005939479,0.0,0.0002783172,0.006429775,0.0003156307,9.919553e-06,0.0,0.0,0.0
0.205,0.00832,0.18323,0.1836,0.006452493,0.0005917415,0.0,0.0002748793,0.006442706,0.0003168622,9.787221e-06,0.0,0.0,0.0
0.205,0.00828,0.18333,0.1837,0.006465314,0.0005895614,0.0,0.0002714568,0.006455658,0.0003181046,9.655924e-06,0.0,0.0,0.0
0.205,0.00824,0.18343,0.1838,0.006478155,0.0005874079,0.0,0.0002680498,0.006468629,0.0003193581,9.52566e-06,0.0,0.0,0.0
0.205,0.00821,0.18353,0.1839,0.006491017,0.0005852811,0.0,0.0002646581,0.006481621,0.0003206229,9.396428e-06,0.0,0.0,0.0
0.205,0.00817,0.18363,0.184,0.006503901,0.0005831812,0.0,0.000261282,0.006494633,0.0003218992,9.268228e-06,0.0,0.0,0.0
0.205,0.00813,0.18374,0.1841,0.006516806,0.0005811084,0.0,0.0002579212,0.006507665,0.0003231872,9.141058e-06,0.0,0.0,0.0
0.205,0.0081,0.18384,0.1842,0.006529732,0.0005790631,0.0,0.000254576,0.006520717,0.0003244871,9.014917e-06,0.0,0.0,0.0
0.205,0.00806,0.18394,0.1843,0.006562998,0.0005780141,0.0,0.0002512462,0.006554108,0.0003267679,8.889804e-06,0.0,0.0,0.0
0.205,0.00802,0.18404,0.1844,0.006576048,0.0005760307,0.0,0.0002479319,0.006567283,0.0003280987,8.765718e-06,0.0,0.0,0.0
0.205,0.00798,0.18414,0.1845,0.006589119,0.0005740754,0.0,0.0002446332,0.006580476,0.0003294422,8.642658e-06,0.0,0.0,0.0
0.205,0.00795,0.18424,0.1846,0.00660221,0.0005721484,0.0,0.00024135,0.006593689,0.0003307985,8.520622e-06,0.0,0.0,0.0
0.205,0.00791,0.18435,0.1847,0.006615321,0.0005702501,0.0,0.0002380823,0.006606921,0.0003321678,8.399609e-06,0.0,0.0,0.0
0.205,0.00787,0.18445,0.1848,0.006628452,0.0005683806,0.0,0.0002348302,0.006620172,0.0003335505,8.279617e-06,0.0,0.0,0.0
0.205,0.00784,0.18455,0.1849,0.006641604,0.0005665404,0.0,0.0002315936,0.006633443,0.0003349467,8.160646e-06,0.0,0.0,0.0
0.205,0.0078,0.18465,0.185,0.006654777,0.0005647295,0.0,0.0002283727,0.006646734,0.0003363568,8.042694e-06,0.0,0.0,0.0
0.205,0.00776,0.18475,0.1851,0.00666797,0.0005629484,0.0,0.0002251674,0.006660045,0.0003377811,7.925759e-06,0.0,0.0,0.0
0.205,0.00773,0.18485,0.1852,0.006681185,0.0005611974,0.0,0.0002219777,0.006673375,0.0003392197,7.80984e-06,0.0,0.0,0.0
0.205,0.00769,0.18496,0.1853,0.006694421,0.0005594766,0.0,0.0002188037,0.006686726,0.0003406729,7.694935e-06,0.0,0.0,0.0
0.205,0.00765,0.18506,0.1854,0.006707677,0.0005577865,0.0,0.0002156454,0.006700096,0.0003421412,7.581043e-06,0.0,0.0,0.0
0.205,0.00761,0.18516,0.1855,0.006720956,0.0005561274,0.0,0.0002125028,0.006713487,0.0003436247,7.468163e-06,0.0,0.0,0.0
0.205,0.00758,0.18526,0.1856,0.006734255,0.0005544997,0.0,0.0002093759,0.006726899,0.0003451237,7.356291e-06,0.0,0.0,0.0
0.205,0.00754,0.18536,0.1857,0.006747576,0.0005529035,0.0,0.0002062648,0.006740331,0.0003466387,7.245427e-06,0.0,0.0,0.0
0.205,0.0075,0.18546,0.1858,0.006760918,0.0005513394,0.0,0.0002031695,0.006753783,0.0003481699,7.13557e-06,0.0,0.0,0.0
0.205,0.00747,0.18557,0.1859,0.006774282,0.0005498076,0.0,0.00020009,0.006767256,0.0003497176,7.026716e-06,0.0,0.0,0.0
0.205,0.00743,0.18567,0.186,0.006787668,0.0005483086,0.0,0.0001970264,0.006780749,0.0003512821,6.918864e-06,0.0,0.0,0.0
0.205,0.00739,0.18577,0.1861,0.006819607,0.0005477085,0.0,0.0001939787,0.006812795,0.0003537298,6.812013e-06,0.0,0.0,0.0
0.205,0.00735,0.18587,0.1862,0.006833109,0.0005462827,0.0,0.0001909469,0.006826403,0.0003553358,6.706161e-06,0.0,0.0,0.0
0.205,0.00732,0.18597,0.1863,0.006846632,0.0005448907,0.0,0.0001879311,0.00684003,0.0003569596,6.601305e-06,0.0,0.0,0.0
0.205,0.00728,0.18607,0.1864,0.006860175,0.0005435331,0.0,0.0001849313,0.006853677,0.0003586018,6.497443e-06,0.0,0.0,0.0
0.205,0.00724,0.18618,0.1865,0.006873738,0.0005422102,0.0,0.0001819475,0.006867344,0.0003602627,6.394574e-06,0.0,0.0,0.0
0.205,0.00721,0.18628,0.1866,0.006887323,0.0005409225,0.0,0.0001789798,0.00688103,0.0003619427,6.292695e-06,0.0,0.0,0.0
0.205,0.00717,0.18638,0.1867,0.006900928,0.0005396705,0.0,0.0001760282,0.006894736,0.0003636423,6.191804e-06,0.0,0.0,0.0
0.205,0.00713,0.18648,0.1868,0.006914554,0.0005384545,0.0,0.0001730928,0.006908462,0.0003653617,6.091899e-06,0.0,0.0,0.0
0.205,0.00709,0.18658,0.1869,0.006928202,0.0005372752,0.0,0.0001701736,0.006922209,0.0003671015,5.992978e-06,0.0,0.0,0.0
0.205,0.00706,0.18668,0.187,0.006941871,0.0005361329,0.0,0.0001672707,0.006935976,0.0003688622,5.895039e-06,0.0,0.0,0.0
0.205,0.00702,0.18679,0.1871,0.006955561,0.0005350283,0.0,0.0001643842,0.006949763,0.0003706441,5.798078e-06,0.0,0.0,0.0
0.205,0.00698,0.18689,0.1872,0.006969272,0.0005339618,0.0,0.000161514,0.00696357,0.0003724478,5.702095e-06,0.0,0.0,0.0
0.205,0.00694,0.18699,0.1873,0.006983005,0.0005329339,0.0,0.0001586603,0.006977398,0.0003742736,5.607085e-06,0.0,0.0,0.0
0.205,0.00691,0.18709,0.1874,0.00699676,0.0005319453,0.0,0.000155823,0.006991247,0.0003761222,5.513048e-06,0.0,0.0,0.0
0.205,0.00687,0.18719,0.1875,0.007010536,0.0005309965,0.0,0.0001530024,0.007005116,0.0003779941,5.41998e-06,0.0,0.0,0.0
0.205,0.00683,0.18729,0.1876,0.007024334,0.000530088,0.0,0.0001501983,0.007019006,0.0003798897,5.327879e-06,0.0,0.0,0.0
0.205,0.00679,0.1874,0.1877,0.007038153,0.0005292206,0.0,0.000147411,0.007032917,0.0003818096,5.236742e-06,0.0,0.0,0.0
0.205,0.00676,0.1875,0.1878,0.007068769,0.0005291605,0.0,0.0001446405,0.007063623,0.00038452,5.146567e-06,0.0,0.0,0.0
0.205,0.00672,0.1876,0.1879,0.007082699,0.0005283836,0.0,0.0001418868,0.007077641,0.0003864967,5.057351e-06,0.0,0.0,0.0
0.205,0.00668,0.1877,0.188,0.007096649,0.0005276495,0.0,0.0001391501,0.00709168,0.0003884995,4.969091e-06,0.0,0.0,0.0
0.205,0.00664,0.1878,0.1881,0.00711062,0.0005269591,0.0,0.0001364303,0.007105738,0.0003905288,4.881785e-06,0.0,0.0,0.0
0.205,0.00661,0.1879,0.1882,0.007124611,0.000526313,0.0,0.0001337277,0.007119816,0.0003925853,4.795429e-06,0.0,0.0,0.0
0.205,0.00657,0.18801,0.1883,0.007138623,0.0005257119,0.0,0.0001310423,0.007133913,0.0003946696,4.710021e-06,0.0,0.0,0.0
0.205,0.00653,0.18811,0.1884,0.007152657,0.0005251567,0.0,0.0001283742,0.007148031,0.0003967825,4.625558e-06,0.0,0.0,0.0
0.205,0.00649,0.18821,0.1885,0.007166711,0.000524648,0.0,0.0001257235,0.007162169,0.0003989245,4.542037e-06,0.0,0.0,0.0
0.205,0.00646,0.18831,0.1886,0.007180787,0.0005241866,0.0,0.0001230903,0.007176327,0.0004010964,4.459456e-06,0.0,0.0,0.0
0.205,0.00642,0.18841,0.1887,0.007194884,0.0005237735,0.0,0.0001204747,0.007190506,0.0004032988,4.37781e-06,0.0,0.0,0.0
0.205,0.00638,0.18851,0.1888,0.007209002,0.0005234095,0.0,0.0001178768,0.007204705,0.0004055327,4.297096e-06,0.0,0.0,0.0
0.205,0.00634,0.18862,0.1889,0.007223142,0.0005230953,0.0,0.0001152968,0.007218924,0.0004077986,4.217313e-06,0.0,0.0,0.0
0.205,0.0063,0.18872,0.189,0.007237303,0.0005228321,0.0,0.0001127347,0.007233164,0.0004100973,4.138456e-06,0.0,0.0,0.0
0.205,0.00627,0.18882,0.1891,0.007251486,0.0005226206,0.0,0.0001101908,0.007247425,0.0004124298,4.060523e-06,0.0,0.0,0.0
0.205,0.00623,0.18892,0.1892,0.00726569,0.0005224619,0.0,0.0001076651,0.007261706,0.0004147968,3.983509e-06,0.0,0.0,0.0
0.205,0.00619,0.18902,0.1893,0.007279916,0.0005223569,0.0,0.0001051578,0.007276008,0.0004171991,3.907412e-06,0.0,0.0,0.0
0.205,0.00615,0.18912,0.1894,0.007294163,0.0005223068,0.0,0.0001026691,0.007290331,0.0004196377,3.832229e-06,0.0,0.0,0.0
0.205,0.00611,0.18923,0.1895,0.007308433,0.0005223125,0.0,0.000100199,0.007304675,0.0004221135,3.757956e-06,0.0,0.0,0.0
0.205,0.00608,0.18933,0.1896,0.007337914,0.0005230561,0.0,9.774781e-05,0.007334229,0.0004253083,3.684589e-06,0.0,0.0,0.0
0.205,0.00604,0.18943,0.1897,0.007352286,0.0005231834,0.0,9.531566e-05,0.007348673,0.0004278677,3.612125e-06,0.0,0.0,0.0
0.205,0.006,0.18953,0.1898,0.007366678,0.0005233698,0.0,9.290272e-05,0.007363137,0.0004304671,3.54056e-06,0.0,0.0,0.0
0.205,0.00596,0.18963,0.1899,0.007381091,0.0005236167,0.0,9.050919e-05,0.007377621,0.0004331075,3.469892e-06,0.0,0.0,0.0
0.205,0.00592,0.18973,0.19,0.007395525,0.0005239253,0.0,8.813526e-05,0.007392125,0.00043579,3.400115e-06,0.0,0.0,0.0
0.205,0.00589,0.18984,0.1901,0.00740998,0.0005242968,0.0,8.578114e-05,0.007406649,0.0004385157,3.331227e-06,0.0,0.0,0.0
0.205,0.00585,0.18994,0.1902,0.007424456,0.0005247327,0.0,8.344705e-05,0.007421193,0.0004412856,3.263224e-06,0.0,0.0,0.0
0.205,0.00581,0.19004,0.1903,0.007438953,0.0005252343,0.0,8.113321e-05,0.007435757,0.0004441011,3.196102e-06,0.0,0.0,0.0
0.205,0.00577,0.19014,0.1904,0.007453471,0.000525803,0.0,7.883986e-05,0.007450341,0.0004469631,3.129857e-06,0.0,0.0,0.0
0.205,0.00573,0.19024,0.1905,0.00746801,0.0005264404,0.0,7.656724e-05,0.007464946,0.0004498731,3.064486e-06,0.0,0.0,0.0
0.205,0.0057,0.19035,0.1906,0.007482571,0.0005271479,0.0,7.431562e-05,0.007479571,0.0004528323,2.999983e-06,0.0,0.0,0.0
0.205,0.00566,0.19045,0.1907,0.007497153,0.0005279272,0.0,7.208527e-05,0.007494217,0.0004558419,2.936347e-06,0.0,0.0,0.0
0.205,0.00562,0.19055,0.1908,0.007511757,0.0005287798,0.0,6.987647e-05,0.007508883,0.0004589034,2.873571e-06,0.0,0.0,0.0
0.205,0.00558,0.19065,0.1909,0.007526382,0.0005297076,0.0,6.768951e-05,0.00752357,0.0004620181,2.811653e-06,0.0,0.0,0.0
0.205,0.00554,0.19075,0.191,0.007541028,0.0005307122,0.0,6.552471e-05,0.007538278,0.0004651875,2.750588e-06,0.0,0.0,0.0
0.205,0.00551,0.19085,0.1911,0.007555696,0.0005317954,0.0,6.338239e-05,0.007553006,0.000468413,2.690372e-06,0.0,0.0,0.0
0.205,0.00547,0.19096,0.1912,0.007570386,0.0005329592,0.0,6.126289e-05,0.007567755,0.0004716963,2.631001e-06,0.0,0.0,0.0
0.205,0.00543,0.19106,0.1913,0.007585097,0.0005342055,0.0,5.916656e-05,0.007582524,0.0004750389,2.57247e-06,0.0,0.0,0.0
0.205,0.00539,0.19116,0.1914,0.007613535,0.000536141,0.0,5.709379e-05,0.00761102,0.0004790472,2.514776e-06,0.0,0.0,0.0
0.205,0.00535,0.19126,0.1915,0.007628341,0.0005375647,0.0,5.504496e-05,0.007625883,0.0004825197,2.457913e-06,0.0,0.0,0.0
0.205,0.00531,0.19136,0.1916,0.007643167,0.000539077,0.0,5.302048e-05,0.007640765,0.0004860566,2.401878e-06,0.0,0.0,0.0
0.205,0.00528,0.19146,0.1917,0.007658014,0.0005406803,0.0,5.102077e-05,0.007655668,0.0004896596,2.346666e-06,0.0,0.0,0.0
0.205,0.00524,0.19157,0.1918,0.007672882,0.0005423769,0.0,4.904629e-05,0.00767059,0.0004933306,2.292273e-06,0.0,0.0,0.0
0.205,0.0052,0.19167,0.1919,0.007687771,0.0005441692,0.0,4.70975e-05,0.007685532,0.0004970717,2.238694e-06,0.0,0.0,0.0
0.205,0.00516,0.19177,0.192,0.007702681,0.0005460596,0.0,4.51749e-05,0.007700495,0.0005008847,2.185924e-06,0.0,0.0,0.0
0.205,0.00512,0.19187,0.1921,0.007717611,0.0005480509,0.0,4.327901e-05,0.007715477,0.0005047719,2.133959e-06,0.0,0.0,0.0
0.205,0.00508,0.19197,0.1922,0.007732563,0.0005501456,0.0,4.141035e-05,0.00773048,0.0005087352,2.082794e-06,0.0,0.0,0.0
0.205,0.00505,0.19207,0.1923,0.007747536,0.0005523466,0.0,3.95695e-05,0.007745503,0.0005127771,2.032424e-06,0.0,0.0,0.0
0.205,0.00501,0.19218,0.1924,0.007762529,0.0005546567,0.0,3.775705e-05,0.007760547,0.0005168996,1.982846e-06,0.0,0.0,0.0
0.205,0.00497,0.19228,0.1925,0.007777544,0.000557079,0.0,3.597362e-05,0.00777561,0.0005211054,1.934052e-06,0.0,0.0,0.0
0.205,0.00493,0.19238,0.1926,0.00779258,0.0005596166,0.0,3.421986e-05,0.007790694,0.0005253967,1.88604e-06,0.0,0.0,0.0
0.205,0.00489,0.19248,0.1927,0.007807637,0.0005622727,0.0,3.249647e-05,0.007805799,0.0005297762,1.838804e-06,0.0,0.0,0.0
0.205,0.00485,0.19258,0.1928,0.007822716,0.0005650506,0.0,3.080414e-05,0.007820923,0.0005342465,1.792339e-06,0.0,0.0,0.0
0.205,0.00481,0.19268,0.1929,0.007837815,0.000567954,0.0,2.914365e-05,0.007836069,0.0005388103,1.74664e-06,0.0,0.0,0.0
0.205,0.00478,0.19279,0.193,0.007852936,0.0005709863,0.0,2.751577e-05,0.007851234,0.0005434706,1.701702e-06,0.0,0.0,0.0
0.205,0.00474,0.19289,0.1931,0.007868078,0.0005741514,0.0,2.592133e-05,0.00786642,0.0005482301,1.65752e-06,0.0,0.0,0.0
0.205,0.0047,0.19299,0.1932,0.007895562,0.0005779896,0.0,2.436121e-05,0.007893948,0.0005536284,1.614088e-06,0.0,0.0,0.0
0.205,0.00466,0.19309,0.1933,0.007910792,0.0005814382,0.0,2.28363e-05,0.007909221,0.0005586019,1.571402e-06,0.0,0.0,0.0
0.205,0.00462,0.19319,0.1934,0.007926042,0.0005850317,0.0,2.134758e-05,0.007924513,0.0005636842,1.529457e-06,0.0,0.0,0.0
0.205,0.00458,0.1933,0.1935,0.007941313,0.0005887746,0.0,1.989605e-05,0.007939824,0.0005688785,1.488246e-06,0.0,0.0,0.0
0.205,0.00454,0.1934,0.1936,0.007956603,0.0005926714,0.0,1.848276e-05,0.007955156,0.0005741886,1.447765e-06,0.0,0.0,0.0
0.205,0.00451,0.1935,0.1937,0.007971915,0.0005967268,0.0,1.710882e-05,0.007970507,0.000579618,1.408009e-06,0.0,0.0,0.0
0.205,0.00447,0.1936,0.1938,0.007987247,0.000600946,0.0,1.57754e-05,0.007985878,0.0005851706,1.368971e-06,0.0,0.0,0.0
0.205,0.00443,0.1937,0.1939,0.0080026,0.0006053339,0.0,1.448373e-05,0.008001269,0.0005908502,1.330647e-06,0.0,0.0,0.0
0.205,0.00439,0.1938,0.194,0.008017973,0.0006098961,0.0,1.323508e-05,0.00801668,0.0005966611,1.293031e-06,0.0,0.0,0.0
0.205,0.00435,0.19391,0.1941,0.008033367,0.0006146382,0.0,1.203082e-05,0.008032111,0.0006026073,1.256117e-06,0.0,0.0,0.0
0.205,0.00431,0.19401,0.1942,0.008048781,0.0006195659,0.0,1.087237e-05,0.008047561,0.0006086935,1.2199e-06,0.0,0.0,0.0
0.205,0.00427,0.19411,0.1943,0.008064217,0.0006246853,0.0,9.761221e-06,0.008063032,0.0006149241,1.184374e-06,0.0,0.0,0.0
0.205,0.00423,0.19421,0.1944,0.008079673,0.0006300029,0.0,8.698959e-06,0.008078523,0.000621304,1.149533e-06,0.0,0.0,0.0
0.205,0.00419,0.19431,0.1945,0.00809515,0.0006355252,0.0,7.687238e-06,0.008094034,0.000627838,1.115372e-06,0.0,0.0,0.0
0.205,0.00416,0.19441,0.1946,0.008110647,0.0006412592,0.0,6.727806e-06,0.008109565,0.0006345314,1.081885e-06,0.0,0.0,0.0
0.205,0.00412,0.19452,0.1947,0.008126165,0.0006472121,0.0,5.822501e-06,0.008125116,0.0006413896,1.049066e-06,0.0,0.0,0.0
0.205,0.00408,0.19462,0.1948,0.008141704,0.0006533913,0.0,4.97326e-06,0.008140687,0.000648418,1.016909e-06,0.0,0.0,0.0
0.205,0.00404,0.19472,0.1949,0.008168261,0.0006602742,0.0,4.182126e-06,0.008167276,0.0006560921,9.854087e-07,0.0,0.0,0.0
0.205,0.004,0.19482,0.195,0.008183882,0.0006669359,0.0,3.451248e-06,0.008182927,0.0006634847,9.545586e-07,0.0,0.0,0.0
0.205,0.00396,0.19492,0.1951,0.008199522,0.0006738486,0.0,2.782894e-06,0.008198598,0.0006710657,9.243529e-07,0.0,0.0,0.0
0.205,0.00392,0.19502,0.1952,0.008215183,0.0006810211,0.0,2.179457e-06,0.008214288,0.0006788417,8.947856e-07,0.0,0.0,0.0
0.205,0.00388,0.19513,0.1953,0.008230863,0.000688463,0.0,1.643459e-06,0.008229997,0.0006868195,8.658505e-07,0.0,0.0,0.0
0.205,0.00384,0.19523,0.1954,0.008246564,0.0006961839,0.0,1.177563e-06,0.008245726,0.0006950064,8.375416e-07,0.0,0.0,0.0
0.205,0.0038,0.19533,0.1955,0.008262284,0.0007041942,0.0,7.845797e-07,0.008261474,0.0007034096,8.098527e-07,0.0,0.0,0.0
0.205,0.00377,0.19543,0.1956,0.008278025,0.0007125045,0.0,4.674765e-07,0.008277242,0.000712037,7.827775e-07,0.0,0.0,0.0
0.205,0.00373,0.19553,0.1957,0.008293786,0.0007211262,0.0,2.293888e-07,0.00829303,0.0007208968,7.563099e-07,0.0,0.0,0.0
0.205,0.00369,0.19564,0.1958,0.008309567,0.0007300709,0.0,7.362963e-08,0.008308837,0.0007299973,7.304436e-07,0.0,0.0,0.0
0.205,0.00365,0.19574,0.1959,0.008325368,0.000739351,0.0,3.701462e-09,0.008324663,0.0007393473,7.051723e-07,0.0,0.0,0.0
0.205,0.00361,0.19584,0.196,0.00834119,0.0007489561,-0.0,0.0,0.00834051,0.0007489561,6.804895e-07,0.0,0.0,0.0
0.205,0.00357,0.19594,0.1961,0.008357032,0.0007588334,-0.0,0.0,0.008356375,0.0007588334,6.56389e-07,0.0,0.0,0.0
0.205,0.00353,0.19604,0.1962,0.008372894,0.0007689891,-0.0,0.0,0.008372261,0.0007689891,6.328642e-07,0.0,0.0,0.0
0.205,0.00349,0.19614,0.1963,0.008388776,0.0007794339,-0.0,0.0,0.008388166,0.0007794339,6.099088e-07,0.0,0.0,0.0
0.205,0.00345,0.19625,0.1964,0.008404678,0.0007901786,-0.0,0.0,0.008404091,0.0007901786,5.875161e-07,0.0,0.0,0.0
0.205,0.00341,0.19635,0.1965,0.008420601,0.000801235,-0.0,0.0,0.008420035,0.000801235,5.656796e-07,0.0,0.0,0.0
0.205,0.00337,0.19645,0.1966,0.008436544,0.0008126149,-0.0,0.0,0.008435999,0.0008126149,5.443928e-07,0.0,0.0,0.0
0.205,0.00333,0.19655,0.1967,0.008462324,0.0008247464,-0.0,0.0,0.0084618,0.0008247464,5.236491e-07,0.0,0.0,0.0
0.205,0.00329,0.19665,0.1968,0.008478341,0.0008368175,-0.0,0.0,0.008477838,0.0008368175,5.034418e-07,0.0,0.0,0.0
0.205,0.00326,0.19675,0.1969,0.008494379,0.0008492518,-0.0,0.0,0.008493895,0.0008492518,4.837641e-07,0.0,0.0,0.0
0.205,0.00322,0.19686,0.197,0.008510436,0.0008620639,-0.0,0.0,0.008509971,0.0008620639,4.646095e-07,0.0,0.0,0.0
0.205,0.00318,0.19696,0.1971,0.008526512,0.0008752691,-0.0,0.0,0.008526066,0.0008752691,4.45971e-07,0.0,0.0,0.0
0.205,0.00314,0.19706,0.1972,0.008542609,0.0008888834,-0.0,0.0,0.008542181,0.0008888834,4.27842e-07,0.0,0.0,0.0
0.205,0.0031,0.19716,0.1973,0.008558725,0.0009029237,-0.0,0.0,0.008558314,0.0009029237,4.102156e-07,0.0,0.0,0.0
0.205,0.00306,0.19726,0.1974,0.00857486,0.0009174075,-0.0,0.0,0.008574467,0.0009174075,3.93085e-07,0.0,0.0,0.0
0.205,0.00302,0.19736,0.1975,0.008591016,0.0009323535,-0.0,0.0,0.00859064,0.0009323535,3.764433e-07,0.0,0.0,0.0
0.205,0.00298,0.19747,0.1976,0.008607191,0.0009477813,-0.0,0.0,0.008606831,0.0009477813,3.602835e-07,0.0,0.0,0.0
0.205,0.00294,0.19757,0.1977,0.008623387,0.0009637113,-0.0,0.0,0.008623042,0.0009637113,3.445988e-07,0.0,0.0,0.0
0.205,0.0029,0.19767,0.1978,0.008639602,0.0009801653,-0.0,0.0,0.008639272,0.0009801653,3.293821e-07,0.0,0.0,0.0
0.205,0.00286,0.19777,0.1979,0.008655837,0.000997166,-0.0,0.0,0.008655522,0.000997166,3.146265e-07,0.0,0.0,0.0
0.205,0.00282,0.19787,0.198,0.008672092,0.001014738,-0.0,0.0,0.008671791,0.001014738,3.00325e-07,0.0,0.0,0.0
0.205,0.00278,0.19798,0.1981,0.008688367,0.001032905,-0.0,0.0,0.00868808,0.001032905,2.864704e-07,0.0,0.0,0.0
0.205,0.00274,0.19808,0.1982,0.008704662,0.001051696,-0.0,0.0,0.008704389,0.001051696,2.730557e-07,0.0,0.0,0.0
0.205,0.0027,0.19818,0.1983,0.008720977,0.001071138,-0.0,0.0,0.008720717,0.001071138,2.600738e-07,0.0,0.0,0.0
0.205,0.00266,0.19828,0.1984,0.008737312,0.001091261,-0.0,0.0,0.008737064,0.001091261,2.475176e-07,0.0,0.0,0.0
0.205,0.00262,0.19838,0.1985,0.008762399,0.001112464,-0.0,0.0,0.008762163,0.001112464,2.353799e-07,0.0,0.0,0.0
0.205,0.00258,0.19848,0.1986,0.008778803,0.00113405,-0.0,0.0,0.00877858,0.00113405,2.236536e-07,0.0,0.0,0.0
0.205,0.00254,0.19859,0.1987,0.008795228,0.001156418,-0.0,0.0,0.008795015,0.001156418,2.123315e-07,0.0,0.0,0.0
0.205,0.0025,0.19869,0.1988,0.008811672,0.001179606,-0.0,0.0,0.008811471,0.001179606,2.014063e-07,0.0,0.0,0.0
0.205,0.00246,0.19879,0.1989,0.008828136,0.001203651,-0.0,0.0,0.008827945,0.001203651,1.908709e-07,0.0,0.0,0.0
0.205,0.00242,0.19889,0.199,0.00884462,0.001228598,-0.0,0.0,0.008844439,0.001228598,1.80718e-07,0.0,0.0,0.0
0.205,0.00238,0.19899,0.1991,0.008861124,0.001254491,-0.0,0.0,0.008860953,0.001254491,1.709403e-07,0.0,0.0,0.0
0.205,0.00234,0.1991,0.1992,0.008877649,0.001281377,-0.0,0.0,0.008877487,0.001281377,1.615305e-07,0.0,0.0,0.0
0.205,0.0023,0.1992,0.1993,0.008894193,0.001309308,-0.0,0.0,0.008894041,0.001309308,1.524814e-07,0.0,0.0,0.0
0.205,0.00226,0.1993,0.1994,0.008910758,0.001338337,-0.0,0.0,0.008910614,0.001338337,1.437857e-07,0.0,0.0,0.0
0.205,0.00222,0.1994,0.1995,0.008927344,0.001368523,-0.0,0.0,0.008927208,0.001368523,1.35436e-07,0.0,0.0,0.0
0.205,0.00218,0.1995,0.1996,0.00894395,0.001399927,-0.0,0.0,0.008943823,0.001399927,1.27425e-07,0.0,0.0,0.0
0.205,0.00214,0.1996,0.1997,0.008960577,0.001432614,-0.0,0.0,0.008960457,0.001432614,1.197454e-07,0.0,0.0,0.0
0.205,0.0021,0.19971,0.1998,0.008977225,0.001466655,-0.0,0.0,0.008977113,0.001466655,1.123898e-07,0.0,0.0,0.0
0.205,0.00206,0.19981,0.1999,0.008993895,0.001502126,-0.0,0.0,0.008993789,0.001502126,1.05351e-07,0.0,0.0,0.0
0.205,0.00202,0.19991,0.2,0.009010585,0.001539107,-0.0,0.0,0.009010487,0.001539107,9.862144e-08,0.0,0.0,0.0
0.205,0.00198,0.20001,0.2001,0.009027298,0.001577685,-0.0,0.0,0.009027205,0.001577685,9.219392e-08,0.0,0.0,0.0
0.205,0.00194,0.20011,0.2002,0.009051745,0.001618273,-0.0,0.0,0.009051659,0.001618273,8.606104e-08,0.0,0.0,0.0
0.205,0.0019,0.20021,0.2003,0.009068527,0.001660337,-0.0,0.0,0.009068447,0.001660337,8.021544e-08,0.0,0.0,0.0
0.205,0.00186,0.20032,0.2004,0.009085331,0.0017043,-0.0,0.0,0.009085256,0.0017043,7.464977e-08,0.0,0.0,0.0
0.205,0.00182,0.20042,0.2005,0.009102157,0.001750278,-0.0,0.0,0.009102087,0.001750278,6.935669e-08,0.0,0.0,0.0
0.205,0.00178,0.20052,0.2006,0.009119005,0.001798398,-0.0,0.0,0.009118941,0.001798398,6.432886e-08,0.0,0.0,0.0
0.205,0.00174,0.20062,0.2007,0.009135877,0.001848797,-0.0,0.0,0.009135818,0.001848797,5.955893e-08,0.0,0.0,0.0
0.205,0.0017,0.20072,0.2008,0.009152773,0.001901622,-0.0,0.0,0.009152718,0.001901622,5.50396e-08,0.0,0.0,0.0
0.205,0.00166,0.20083,0.2009,0.009169692,0.001957036,-0.0,0.0,0.009169641,0.001957036,5.076354e-08,0.0,0.0,0.0
0.205,0.00162,0.20093,0.201,0.009186636,0.002015212,-0.0,0.0,0.009186589,0.002015212,4.672347e-08,0.0,0.0,0.0
0.205,0.00158,0.20103,0.2011,0.009203605,0.002076343,-0.0,0.0,0.009203562,0.002076343,4.29121e-08,0.0,0.0,0.0
0.205,0.00154,0.20113,0.2012,0.0092206,0.002140637,-0.0,0.0,0.009220561,0.002140637,3.932217e-08,0.0,0.0,0.0
0.205,0.0015,0.20123,0.2013,0.009237622,0.002208324,-0.0,0.0,0.009237586,0.002208324,3.594644e-08,0.0,0.0,0.0
0.205,0.00146,0.20133,0.2014,0.00925467,0.002279654,-0.0,0.0,0.009254638,0.002279654,3.277769e-08,0.0,0.0,0.0
0.205,0.00142,0.20144,0.2015,0.009271747,0.002354904,-0.0,0.0,0.009271717,0.002354904,2.980874e-08,0.0,0.0,0.0
0.205,0.00138,0.20154,0.2016,0.009288853,0.002434379,-0.0,0.0,0.009288826,0.002434379,2.703243e-08,0.0,0.0,0.0
0.205,0.00134,0.20164,0.2017,0.009305989,0.002518418,-0.0,0.0,0.009305965,0.002518418,2.444163e-08,0.0,0.0,0.0
0.205,0.0013,0.20174,0.2018,0.009323157,0.002607393,-0.0,0.0,0.009323135,0.002607393,2.202924e-08,0.0,0.0,0.0
0.205,0.00126,0.20184,0.2019,0.009340357,0.002701723,-0.0,0.0,0.009340337,0.002701723,1.978821e-08,0.0,0.0,0.0
0.205,0.00122,0.20195,0.202,0.009364404,0.002802155,-0.0,0.0,0.009364386,0.002802155,1.771153e-08,0.0,0.0,0.0
0.205,0.00118,0.20205,0.2021,0.009381695,0.00290865,-0.0,0.0,0.009381679,0.00290865,1.579222e-08,0.0,0.0,0.0
0.205,0.00114,0.20215,0.2022,0.009399024,0.003022072,-0.0,0.0,0.00939901,0.003022072,1.402337e-08,0.0,0.0,0.0
0.205,0.0011,0.20225,0.2023,0.009416392,0.003143085,-0.0,0.0,0.009416379,0.003143085,1.23981e-08,0.0,0.0,0.0
0.205,0.00106,0.20235,0.2024,0.009433801,0.003272439,-0.0,0.0,0.00943379,0.003272439,1.090961e-08,0.0,0.0,0.0
0.205,0.00102,0.20245,0.2025,0.009451256,0.003410991,-0.0,0.0,0.009451246,0.003410991,9.551139e-09,0.0,0.0,0.0
0.205,0.00098,0.20256,0.2026,0.009468757,0.003559721,-0.0,0.0,0.009468749,0.003559721,8.315998e-09,0.0,0.0,0.0
0.205,0.00094,0.20266,0.2027,0.00948631,0.003719759,-0.0,0.0,0.009486302,0.003719759,7.197569e-09,0.0,0.0,0.0
0.205,0.0009,0.20276,0.2028,0.009503917,0.003892412,-0.0,0.0,0.009503911,0.003892412,6.189303e-09,0.0,0.0,0.0
0.205,0.00086,0.20286,0.2029,0.009521584,0.004079207,-0.0,0.0,0.009521578,0.004079207,5.284734e-09,0.0,0.0,0.0
0.205,0.00082,0.20296,0.203,0.009539315,0.004281933,-0.0,0.0,0.009539311,0.004281933,4.477476e-09,0.0,0.0,0.0
0.205,0.00078,0.20307,0.2031,0.009557118,0.004502709,-0.0,0.0,0.009557114,0.004502709,3.761235e-09,0.0,0.0,0.0
0.205,0.00073,0.20317,0.2032,0.009574998,0.004744066,-0.0,0.0,0.009574995,0.004744066,3.129812e-09,0.0,0.0,0.0
0.205,0.00069,0.20327,0.2033,0.009592965,0.00500905,-0.0,0.0,0.009592963,0.00500905,2.577112e-09,0.0,0.0,0.0
0.205,0.00065,0.20337,0.2034,0.009611029,0.005301373,-0.0,0.0,0.009611027,0.005301373,2.097146e-09,0.0,0.0,0.0
0.205,0.00061,0.20347,0.2035,0.009629202,0.005625607,-0.0,0.0,0.0096292,0.005625607,1.684044e-09,0.0,0.0,0.0
0.205,0.00057,0.20357,0.2036,0.009647498,0.005987463,-0.0,0.0,0.009647497,0.005987463,1.332062e-09,0.0,0.0,0.0
0.205,0.00053,0.20368,0.2037,0.009671916,0.006394435,-0.0,0.0,0.009671915,0.006394435,1.035586e-09,0.0,0.0,0.0
0.205,0.00049,0.20378,0.2038,0.009690537,0.006855369,-0.0,0.0,0.009690536,0.006855369,7.891493e-10,0.0,0.0,0.0
0.205,0.00045,0.20388,0.2039,0.009709349,0.007382813,-0.0,0.0,0.009709349,0.007382813,5.874367e-10,0.0,0.0,0.0
0.205,0.00041,0.20398,0.204,0.009728391,0.007993349,-0.0,0.0,0.009728391,0.007993349,4.252998e-10,0.0,0.0,0.0
0.205,0.00037,0.20408,0.2041,0.00974771,0.00870997,-0.0,0.0,0.009747709,0.00870997,2.977686e-10,0.0,0.0,0.0
0.205,0.00033,0.20419,0.2042,0.009767371,0.009565649,-0.0,0.0,0.00976737,0.009565649,2.000667e-10,0.0,0.0,0.0
0.205,0.00029,0.20429,0.2043,0.009787466,0.01060969,-0.0,0.0,0.009787466,0.01060969,1.276284e-10,0.0,0.0,0.0
0.205,0.00025,0.20439,0.2044,0.009808129,0.01191981,-0.0,0.0,0.009808129,0.01191981,7.61178e-11,0.0,0.0,0.0
0.205,0.0002,0.20449,0.2045,0.009829568,0.0136272,-0.0,0.0,0.009829568,0.0136272,4.145241e-11,0.0,0.0,0.0
0.205,0.00016,0.20459,0.2046,0.009852131,0.01597519,-0.0,0.0,0.009852131,0.01597519,1.983112e-11,0.0,0.0,0.0
0.205,0.00012,0.20469,0.2047,0.009876467,0.01948105,-0.0,0.0,0.009876467,0.01948105,7.76968e-12,0.0,0.0,0.0
0.205,8e-05,0.2048,0.2048,0.009904035,0.02551576,-0.0,0.0,0.009904035,0.02551576,2.1474e-12,0.0,0.0,0.0
0.205,4e-05,0.2049,0.2049,0.009939474,0.03970814,-0.0,0.0,0.009939474,0.03970814,0.0,0.0,0.0,0.0
