qv,q2,ex,nu,RTTOT,RLTOT,RTQE,RLQE,RTIE,RLIE,RTE,RLE,RTNS,RLNS
0.6167,0.38,0.001,0.018,1.115914e-12,6.428683e-06,0.0,0.0,0.0,0.0,0.0,0.0,1.115914e-12,6.428683e-06
0.61673,0.38,0.002,0.019,1.212192e-11,1.10393e-05,0.0,0.0,0.0,0.0,0.0,0.0,1.212192e-11,1.10393e-05
0.61677,0.38,0.003,0.02,1.118676e-10,1.672794e-05,0.0,0.0,0.0,0.0,0.0,0.0,1.118676e-10,1.672794e-05
0.6168,0.38,0.004,0.021,8.770481e-10,2.278758e-05,0.0,0.0,0.0,0.0,0.0,0.0,8.770481e-10,2.278758e-05
0.61683,0.38,0.005,0.022,5.841586e-09,2.848392e-05,0.0,0.0,0.0,0.0,0.0,0.0,5.841586e-09,2.848392e-05
0.61687,0.38,0.006,0.023,3.305465e-08,3.320008e-05,0.0,0.0,0.0,0.0,0.0,0.0,3.305465e-08,3.320008e-05
0.61691,0.38,0.007,0.024,1.589047e-07,3.626767e-05,0.0,0.0,0.0,0.0,0.0,0.0,1.589047e-07,3.626767e-05
0.61695,0.38,0.008,0.025,6.490114e-07,3.685924e-05,0.0,0.0,0.0,0.0,0.0,0.0,6.490114e-07,3.685924e-05
0.61699,0.38,0.009,0.026,2.252107e-06,3.434342e-05,0.0,0.0,0.0,0.0,0.0,0.0,2.252107e-06,3.434342e-05
0.61703,0.38,0.01,0.027,6.639837e-06,2.889319e-05,0.0,0.0,0.0,0.0,0.0,0.0,6.639837e-06,2.889319e-05
0.61708,0.38,0.011,0.028,1.663296e-05,2.169782e-05,0.0,0.0,0.0,0.0,0.0,0.0,1.663296e-05,2.169782e-05
0.61712,0.38,0.012,0.029,3.540293e-05,1.446321e-05,0.0,0.0,0.0,0.0,0.0,0.0,3.540293e-05,1.446321e-05
0.61717,0.38,0.013,0.03,6.402981e-05,8.582215e-06,0.0,0.0,0.0,0.0,0.0,0.0,6.402981e-05,8.582215e-06
0.61722,0.38,0.014,0.031,9.840565e-05,4.616297e-06,0.0,0.0,0.0,0.0,0.0,0.0,9.840565e-05,4.616297e-06
0.61727,0.38,0.015,0.032,0.0001285236,2.361795e-06,0.0,0.0,0.0,0.0,0.0,0.0,0.0001285236,2.361795e-06
0.61732,0.38,0.016,0.033,0.0001426659,1.267691e-06,0.0,0.0,0.0,0.0,0.0,0.0,0.0001426659,1.267691e-06
0.61738,0.38,0.017,0.034,0.0001970628,1.078717e-05,2.550309e-05,9.969465e-06,0.0,0.0,3.693731e-05,0.0,0.0001346224,8.177017e-07
0.61743,0.38,0.018,0.035,0.0002244814,1.916288e-05,4.722931e-05,1.847598e-05,0.0,0.0,6.922396e-05,0.0,0.0001080282,6.869087e-07
0.61749,0.38,0.019,0.036,0.0002352948,2.619296e-05,6.506628e-05,2.547236e-05,0.0,0.0,9.645589e-05,0.0,7.377261e-05,7.20598e-07
0.61755,0.38,0.02,0.037,0.000247761,3.297745e-05,8.1983e-05,3.211849e-05,0.0,0.0,0.0001228418,0.0,4.293624e-05,8.589596e-07
0.61761,0.38,0.021,0.038,0.0002696969,3.981808e-05,9.880319e-05,3.873655e-05,0.0,0.0,0.0001495341,0.0,2.135959e-05,1.081529e-06
0.61767,0.38,0.022,0.039,0.0003020774,4.685493e-05,0.0001158991,4.547256e-05,0.0,0.0,0.0001770426,0.0,9.135598e-06,1.382365e-06
0.61774,0.38,0.023,0.04,0.0003425293,5.417233e-05,0.0001334835,5.241031e-05,0.0,0.0,0.000205648,0.0,3.397898e-06,1.762021e-06
0.6178,0.38,0.024,0.041,0.000388348,6.183062e-05,0.0001516982,5.960605e-05,0.0,0.0,0.0002355272,0.0,1.122687e-06,2.224576e-06
0.61787,0.38,0.025,0.042,0.0004377676,6.987347e-05,0.000170639,6.709801e-05,0.0,0.0,0.0002667868,0.0,3.417976e-07,2.775459e-06
0.61794,0.38,0.026,0.043,0.0004635634,7.429582e-05,0.000180114,7.087626e-05,0.0,0.0,0.0002833481,0.0,1.013586e-07,3.419551e-06
0.61801,0.38,0.027,0.044,0.0004903602,7.895227e-05,0.0001899251,7.479258e-05,0.0,0.0,0.0003004036,0.0,3.150488e-08,4.159698e-06
0.61808,0.38,0.028,0.045,0.0005180534,8.384955e-05,0.0002000894,7.885396e-05,0.0,0.0,0.0003179529,0.0,1.11558e-08,4.995595e-06
0.61816,0.38,0.029,0.046,0.0005466246,8.899057e-05,0.0002106242,8.306763e-05,0.0,0.0,0.0003359956,0.0,4.775885e-09,5.922942e-06
0.61823,0.38,0.03,0.047,0.0005760814,9.437381e-05,0.0002215475,8.7441e-05,0.0,0.0,0.0003545314,0.0,2.416227e-09,6.932812e-06
0.61831,0.38,0.031,0.048,0.0006064386,9.999296e-05,0.0002328776,9.198169e-05,0.0,0.0,0.0003735597,0.0,1.320222e-09,8.011271e-06
0.61839,0.38,0.032,0.049,0.000637714,0.0001058368,0.0002446334,9.669755e-05,0.0,0.0,0.0003930799,0.0,7.188791e-10,9.139292e-06
0.61847,0.38,0.033,0.05,0.0006699258,0.0001118896,0.0002568342,0.0001015966,0.0,0.0,0.0004130913,0.0,3.738973e-10,1.0293e-05
0.61855,0.38,0.034,0.051,0.0007030931,0.0001181315,0.0002694998,0.0001066872,0.0,0.0,0.0004335931,0.0,1.826307e-10,1.14443e-05
0.61863,0.38,0.035,0.052,0.0007372351,0.0001245396,0.0002826505,0.0001119778,0.0,0.0,0.0004545845,0.0,8.329614e-11,1.256186e-05
0.61872,0.38,0.036,0.053,0.0007723717,0.0001310895,0.0002963072,0.0001174771,0.0,0.0,0.0004760645,0.0,3.541191e-11,1.361244e-05
0.6188,0.38,0.037,0.054,0.0008085231,0.0001377565,0.0003104912,0.0001231941,0.0,0.0,0.0004980319,0.0,1.402633e-11,1.456247e-05
0.61889,0.38,0.038,0.055,0.0008457096,0.0001445177,0.0003252242,0.0001291379,0.0,0.0,0.0005204854,0.0,5.17558e-12,1.537982e-05
0.61898,0.38,0.039,0.056,0.0008839524,0.0001513535,0.0003405287,0.000135318,0.0,0.0,0.0005434237,0.0,1.77903e-12,1.603558e-05
0.61907,0.38,0.04,0.057,0.0009232726,0.0001582497,0.0003564274,0.0001417439,0.0,0.0,0.0005668451,0.0,5.696592e-13,1.650574e-05
0.61916,0.38,0.041,0.058,0.0009636917,0.0001651983,0.0003729436,0.0001484256,0.0,0.0,0.0005907481,0.0,1.699235e-13,1.677268e-05
0.61926,0.38,0.042,0.059,0.001005232,0.0001721994,0.0003901011,0.0001553731,0.0,0.0,0.0006151307,0.0,4.721702e-14,1.682623e-05
0.61935,0.38,0.043,0.06,0.001047915,0.0001792611,0.0004079241,0.0001625968,0.0,0.0,0.0006399909,0.0,1.222223e-14,1.666434e-05
0.61945,0.38,0.044,0.061,0.001091764,0.0001864002,0.0004264372,0.000170107,0.0,0.0,0.0006653266,0.0,2.947194e-15,1.629321e-05
0.61955,0.38,0.045,0.062,0.001136801,0.0001936413,0.0004456656,0.0001779145,0.0,0.0,0.0006911353,0.0,6.620238e-16,1.572685e-05
0.61965,0.38,0.046,0.063,0.001183049,0.0002010164,0.0004656346,0.0001860301,0.0,0.0,0.0007174147,0.0,1.385304e-16,1.498629e-05
0.61975,0.38,0.047,0.064,0.001230532,0.0002085633,0.0004863701,0.0001944651,0.0,0.0,0.0007441619,0.0,2.70037e-17,1.409819e-05
0.61986,0.38,0.048,0.065,0.001279272,0.0002163238,0.0005078984,0.0002032305,0.0,0.0,0.0007713741,0.0,4.903519e-18,1.309332e-05
0.61996,0.38,0.049,0.066,0.001329294,0.0002243425,0.0005302459,0.0002123378,0.0,0.0,0.0007990482,0.0,8.294668e-19,1.200474e-05
0.62007,0.38,0.05,0.067,0.00138062,0.0002326646,0.0005534392,0.0002217986,0.0,0.0,0.0008271811,0.0,1.307063e-19,1.086608e-05
0.62018,0.38,0.051,0.068,0.001433275,0.0002413342,0.0005775055,0.0002316244,0.0,0.0,0.0008557693,0.0,8.708321e-43,9.709787e-06
0.62029,0.38,0.052,0.069,0.001487281,0.0002503929,0.0006024717,0.0002418272,0.0,0.0,0.0008848092,0.0,5.477506e-43,8.565713e-06
0.6204,0.38,0.053,0.07,0.001542662,0.0002598787,0.0006283652,0.0002524187,0.0,0.0,0.0009142969,0.0,3.370517e-43,7.459921e-06
0.62052,0.38,0.054,0.071,0.001599442,0.0002698248,0.0006552133,0.0002634109,0.0,0.0,0.0009442285,0.0,2.028968e-43,6.413894e-06
0.62063,0.38,0.055,0.072,0.001657643,0.0002802599,0.0006830432,0.0002748158,0.0,0.0,0.0009745999,0.0,1.194866e-43,5.444101e-06
0.62075,0.38,0.056,0.073,0.001717289,0.0002912072,0.0007118823,0.0002866453,0.0,0.0,0.001005407,0.0,6.883799e-44,4.561918e-06
0.62087,0.38,0.057,0.074,0.001778402,0.0003026852,0.0007417575,0.0002989113,0.0,0.0,0.001036644,0.0,3.879738e-44,3.773858e-06
0.62099,0.38,0.058,0.075,0.001841003,0.000314708,0.0007726957,0.0003116259,0.0,0.0,0.001068308,0.0,2.139152e-44,3.082056e-06
0.62111,0.38,0.059,0.076,0.001905116,0.0003272857,0.0008047236,0.0003248008,0.0,0.0,0.001100392,0.0,1.153841e-44,2.484919e-06
0.62123,0.38,0.06,0.077,0.00197076,0.0003404257,0.0008378673,0.0003384478,0.0,0.0,0.001132893,0.0,6.088573e-45,1.977884e-06
0.62136,0.38,0.061,0.078,0.002037957,0.0003541325,0.0008721526,0.0003525783,0.0,0.0,0.001165804,0.0,3.143041e-45,1.554197e-06
0.62148,0.38,0.062,0.079,0.002106725,0.0003684096,0.0009076044,0.0003672039,0.0,0.0,0.00119912,0.0,1.587265e-45,1.205669e-06
0.62161,0.38,0.063,0.08,0.002177083,0.000383259,0.0009442475,0.0003823356,0.0,0.0,0.001232836,0.0,7.84177e-46,9.233513e-07
0.62174,0.38,0.064,0.081,0.00224905,0.0003986825,0.0009821053,0.0003979844,0.0,0.0,0.001266945,0.0,3.790039e-46,6.981078e-07
0.62187,0.38,0.065,0.082,0.002322642,0.0004146817,0.001021201,0.0004141607,0.0,0.0,0.001301441,0.0,1.792001e-46,5.210685e-07
0.622,0.38,0.066,0.083,0.002397874,0.0004312587,0.001061556,0.0004308747,0.0,0.0,0.001336318,0.0,8.288917e-47,3.839581e-07
0.62214,0.38,0.067,0.084,0.002474761,0.0004484156,0.001103191,0.0004481363,0.0,0.0,0.00137157,0.0,3.750786e-47,2.79312e-07
0.62227,0.38,0.068,0.085,0.002553315,0.0004661554,0.001146126,0.0004659548,0.0,0.0,0.001407189,0.0,1.660396e-47,2.005912e-07
0.62241,0.38,0.069,0.086,0.002633548,0.0004844812,0.001190379,0.000484339,0.0,0.0,0.001443169,0.0,7.190616e-48,1.422169e-07
0.62255,0.38,0.07,0.087,0.00271547,0.0005033966,0.001235967,0.0005032971,0.0,0.0,0.001479503,0.0,3.046389e-48,9.95421e-08
0.62269,0.38,0.071,0.088,0.002800108,0.00052294,0.001282905,0.0005228369,1.018696e-06,3.43697e-08,0.001516184,0.0,1.262611e-48,6.87827e-08
0.62283,0.38,0.072,0.089,0.002885369,0.0005430436,0.001331206,0.0005429653,9.588095e-07,3.136034e-08,0.001553204,0.0,5.119394e-49,4.69211e-08
0.62298,0.38,0.073,0.09,0.00297236,0.0005637497,0.001380883,0.0005636887,9.21389e-07,2.936768e-08,0.001590555,0.0,2.030638e-49,3.159904e-08
0.62312,0.38,0.074,0.091,0.003061073,0.0005850617,0.001431946,0.0005850128,8.967169e-07,2.795478e-08,0.00162823,0.0,7.879726e-50,2.100855e-08
0.62327,0.38,0.075,0.092,0.003151502,0.0006069829,0.001484401,0.0006069422,8.801441e-07,2.691076e-08,0.001666221,0.0,2.991263e-50,1.378907e-08
0.62342,0.38,0.076,0.093,0.003244879,0.0006295644,0.001538256,0.000629481,2.103305e-06,7.444965e-08,0.001704519,0.0,1.110869e-50,8.934914e-09
0.62357,0.38,0.077,0.094,0.003338637,0.0006527066,0.001593514,0.0006526322,2.006083e-06,6.870309e-08,0.001743117,0.0,4.035859e-51,5.715607e-09
0.62372,0.38,0.078,0.095,0.00343413,0.0006764667,0.001650176,0.0006763981,1.948716e-06,6.499973e-08,0.001782005,0.0,1.434412e-51,3.609532e-09
0.62387,0.38,0.079,0.096,0.00353133,0.0007008446,0.001708242,0.0007007799,1.912994e-06,6.240697e-08,0.001821175,0.0,4.987426e-52,2.25038e-09
0.62403,0.38,0.08,0.097,0.003630217,0.0007258397,0.001767707,0.0007257778,1.890825e-06,6.050713e-08,0.001860619,0.0,0.0,1.385088e-09
0.62418,0.38,0.081,0.098,0.003730772,0.0007514511,0.001828568,0.0007513912,1.877952e-06,5.907893e-08,0.001900327,0.0,0.0,8.41619e-10
0.62434,0.38,0.082,0.099,0.003834346,0.0007777362,0.001890814,0.0007776181,3.242535e-06,1.175507e-07,0.001940289,0.0,0.0,5.04859e-10
0.6245,0.38,0.083,0.1,0.003938097,0.0008045676,0.001954436,0.0008044559,3.163481e-06,1.114199e-07,0.001980498,0.0,0.0,2.989793e-10
0.62466,0.38,0.084,0.101,0.004043481,0.0008320079,0.00201942,0.0008319005,3.118607e-06,1.072735e-07,0.002020942,0.0,0.0,1.747948e-10
0.62482,0.38,0.085,0.102,0.004150457,0.0008600514,0.00208575,0.000859947,3.094141e-06,1.043043e-07,0.002061614,0.0,0.0,1.008864e-10
0.62499,0.38,0.086,0.103,0.004258992,0.0008886914,0.002153407,0.0008885892,3.083326e-06,1.021134e-07,0.002102502,0.0,0.0,5.748476e-11
0.62515,0.38,0.087,0.104,0.004370702,0.0009180031,0.00222237,0.0009178201,4.735735e-06,1.82995e-07,0.002143597,0.0,0.0,3.233624e-11
0.62532,0.38,0.088,0.105,0.004482128,0.0009478042,0.002292615,0.0009476313,4.624261e-06,1.72889e-07,0.002184888,0.0,0.0,1.795736e-11
0.62549,0.38,0.089,0.106,0.004595052,0.00097818,0.002364117,0.0009780136,4.567777e-06,1.663904e-07,0.002226367,0.0,0.0,9.844916e-12
0.62566,0.38,0.09,0.107,0.004709409,0.001009118,0.002436845,0.001008957,4.541795e-06,1.618778e-07,0.002268022,0.0,0.0,5.328413e-12
0.62583,0.38,0.091,0.108,0.004825148,0.001040607,0.00251077,0.001040449,4.535397e-06,1.586222e-07,0.002309843,0.0,0.0,2.847082e-12
0.626,0.38,0.092,0.109,0.004942218,0.001072634,0.002585856,0.001072478,4.542808e-06,1.562354e-07,0.002351819,0.0,0.0,1.501822e-12
0.62618,0.38,0.093,0.11,0.0050624,0.001105284,0.002662069,0.00110503,6.391236e-06,2.546281e-07,0.00239394,0.0,0.0,7.820837e-13
0.62635,0.38,0.094,0.111,0.005181881,0.001138335,0.002739371,0.001138091,6.315968e-06,2.443438e-07,0.002436194,0.0,0.0,4.020725e-13
0.62653,0.38,0.095,0.112,0.00530258,0.001171884,0.002817721,0.001171646,6.287225e-06,2.374733e-07,0.002478572,0.0,0.0,2.040665e-13
0.62671,0.38,0.096,0.113,0.005424426,0.001205912,0.002897078,0.001205679,6.286687e-06,2.326408e-07,0.002521061,0.0,0.0,1.022481e-13
0.62689,0.38,0.097,0.114,0.005547354,0.001240402,0.002977398,0.001240173,6.305366e-06,2.291659e-07,0.002563652,0.0,0.0,5.057723e-14
0.62708,0.38,0.098,0.115,0.005673501,0.001275473,0.003058635,0.00127511,8.53484e-06,3.63629e-07,0.002606331,0.0,0.0,2.469853e-14
0.62726,0.38,0.099,0.116,0.005798258,0.001310819,0.003140743,0.001310472,8.425393e-06,3.469521e-07,0.00264909,0.0,0.0,1.190702e-14
0.62745,0.38,0.1,0.117,0.005923978,0.001346576,0.003223673,0.00134624,8.389747e-06,3.363597e-07,0.002691915,0.0,0.0,5.666979e-15
0.62763,0.38,0.101,0.118,0.006050568,0.001382724,0.003307377,0.001382395,8.395435e-06,3.291251e-07,0.002734795,0.0,0.0,2.662663e-15
0.62782,0.38,0.102,0.119,0.006177952,0.001419241,0.003391805,0.001418916,8.428024e-06,3.240244e-07,0.002777719,0.0,0.0,1.235085e-15
0.62801,0.38,0.103,0.12,0.00630606,0.001456105,0.003476904,0.001455785,8.479892e-06,3.204053e-07,0.002820676,0.0,0.0,5.655795e-16
0.6282,0.38,0.104,0.121,0.006437247,0.001493461,0.003562625,0.001492979,1.096913e-05,4.818569e-07,0.002863653,0.0,0.0,2.556858e-16
0.6284,0.38,0.105,0.122,0.00656647,0.001530943,0.003648913,0.001530478,1.09172e-05,4.652043e-07,0.002906639,0.0,0.0,0.0
0.62859,0.38,0.106,0.123,0.006696268,0.001568715,0.003735718,0.001568261,1.092767e-05,4.542391e-07,0.002949622,0.0,0.0,0.0
0.62879,0.38,0.107,0.124,0.006826553,0.001606753,0.003822986,0.001606306,1.097634e-05,4.466735e-07,0.00299259,0.0,0.0,0.0
0.62899,0.38,0.108,0.125,0.006957249,0.001645034,0.003910666,0.001644593,1.105139e-05,4.413782e-07,0.003035532,0.0,0.0,0.0
0.62919,0.38,0.109,0.126,0.007091176,0.00168376,0.003998704,0.0016831,1.403683e-05,6.595263e-07,0.003078435,0.0,0.0,0.0
0.62939,0.38,0.11,0.127,0.007222285,0.001722439,0.004087049,0.001721806,1.39487e-05,6.325948e-07,0.003121287,0.0,0.0,0.0
0.62959,0.38,0.111,0.128,0.007353686,0.001761306,0.00417565,0.00176069,1.395911e-05,6.157114e-07,0.003164077,0.0,0.0,0.0
0.62979,0.38,0.112,0.129,0.007485273,0.001800336,0.004264456,0.001799732,1.4025e-05,6.043637e-07,0.003206792,0.0,0.0,0.0
0.63,0.38,0.113,0.13,0.007616965,0.001839506,0.004353416,0.001838909,1.412739e-05,5.965349e-07,0.003249421,0.0,0.0,0.0
0.63021,0.38,0.114,0.131,0.00774869,0.001878794,0.004442483,0.001878203,1.425628e-05,5.911535e-07,0.003291951,0.0,0.0,0.0
0.63042,0.38,0.115,0.132,0.007883556,0.001918443,0.004531607,0.001917594,1.757861e-05,8.4988e-07,0.00333437,0.0,0.0,0.0
0.63063,0.38,0.116,0.133,0.008014986,0.001957884,0.004620742,0.001957061,1.757729e-05,8.233322e-07,0.003376667,0.0,0.0,0.0
0.63084,0.38,0.117,0.134,0.00814633,0.001997392,0.004709841,0.001996585,1.76594e-05,8.060954e-07,0.003418829,0.0,0.0,0.0
0.63105,0.38,0.118,0.135,0.008277499,0.002036944,0.004798861,0.002036149,1.779291e-05,7.944106e-07,0.003460844,0.0,0.0,0.0
0.63126,0.38,0.119,0.136,0.008408422,0.00207652,0.004887759,0.002075734,1.796229e-05,7.864325e-07,0.003502701,0.0,0.0,0.0
0.63148,0.38,0.12,0.137,0.008542802,0.002116455,0.004976492,0.002115322,2.192383e-05,1.132751e-06,0.003544386,0.0,0.0,0.0
0.6317,0.38,0.121,0.138,0.008672794,0.002155986,0.005065019,0.002154896,2.188475e-05,1.089715e-06,0.003585889,0.0,0.0,0.0
0.63192,0.38,0.122,0.139,0.008802479,0.002195503,0.005153303,0.00219444,2.197758e-05,1.063111e-06,0.003627198,0.0,0.0,0.0
0.63214,0.38,0.123,0.14,0.00893175,0.002234983,0.005241305,0.002233938,2.214477e-05,1.045499e-06,0.0036683,0.0,0.0,0.0
0.63236,0.38,0.124,0.141,0.009060535,0.002274407,0.00532899,0.002273374,2.236122e-05,1.033584e-06,0.003709184,0.0,0.0,0.0
0.63258,0.38,0.125,0.142,0.009188775,0.002313759,0.005416323,0.002312733,2.261385e-05,1.025629e-06,0.003749838,0.0,0.0,0.0
0.63281,0.38,0.126,0.143,0.009320525,0.002353433,0.005503271,0.002352002,2.700411e-05,1.431609e-06,0.00379025,0.0,0.0,0.0
0.63304,0.38,0.127,0.144,0.009447304,0.002392556,0.005589802,0.002391166,2.709283e-05,1.38962e-06,0.003830409,0.0,0.0,0.0
0.63326,0.38,0.128,0.145,0.009573483,0.002431576,0.005675887,0.002430213,2.729341e-05,1.362751e-06,0.003870302,0.0,0.0,0.0
0.63349,0.38,0.129,0.146,0.009698979,0.002470475,0.005761496,0.00246913,2.756307e-05,1.344833e-06,0.00390992,0.0,0.0,0.0
0.63373,0.38,0.13,0.147,0.009823733,0.002509238,0.005846603,0.002507905,2.788134e-05,1.332869e-06,0.003949249,0.0,0.0,0.0
0.63396,0.38,0.131,0.148,0.009952548,0.002548399,0.00593118,0.002546526,3.308859e-05,1.872543e-06,0.003988279,0.0,0.0,0.0
0.63419,0.38,0.132,0.149,0.01007534,0.002586787,0.006015204,0.002584983,3.313775e-05,1.803971e-06,0.004026999,0.0,0.0,0.0
0.63443,0.38,0.133,0.15,0.01019741,0.002625027,0.00609865,0.002623265,3.33652e-05,1.762288e-06,0.004065398,0.0,0.0,0.0
0.63467,0.38,0.134,0.151,0.01031865,0.002663096,0.006181497,0.002661361,3.369257e-05,1.735108e-06,0.004103463,0.0,0.0,0.0
0.6349,0.38,0.135,0.152,0.01043899,0.00270098,0.006263723,0.002699263,3.408635e-05,1.717052e-06,0.004141186,0.0,0.0,0.0
0.63514,0.38,0.136,0.153,0.01055839,0.002738667,0.006345308,0.002736961,3.452931e-05,1.705309e-06,0.004178553,0.0,0.0,0.0
0.63539,0.38,0.137,0.154,0.01068206,0.002776778,0.006426232,0.002774447,4.027151e-05,2.330814e-06,0.004215556,0.0,0.0,0.0
0.63563,0.38,0.138,0.155,0.01079917,0.002813976,0.006506477,0.002811711,4.050576e-05,2.2645e-06,0.004252184,0.0,0.0,0.0
0.63587,0.38,0.139,0.156,0.01091534,0.002850969,0.006586026,0.002848746,4.089125e-05,2.22276e-06,0.004288425,0.0,0.0,0.0
0.63612,0.38,0.14,0.157,0.0110305,0.002887739,0.006664861,0.002885544,4.136977e-05,2.19537e-06,0.00432427,0.0,0.0,0.0
0.63637,0.38,0.141,0.158,0.01114459,0.002924274,0.006742967,0.002922097,4.1914e-05,2.177452e-06,0.004359708,0.0,0.0,0.0
0.63662,0.38,0.142,0.159,0.01125757,0.002960564,0.006820328,0.002958398,4.250912e-05,2.166305e-06,0.00439473,0.0,0.0,0.0
0.63687,0.38,0.143,0.16,0.01137514,0.002997336,0.00689693,0.00299444,4.888561e-05,2.895945e-06,0.004429325,0.0,0.0,0.0
0.63712,0.38,0.144,0.161,0.01148556,0.003033046,0.006972758,0.003030216,4.93204e-05,2.830622e-06,0.004463484,0.0,0.0,0.0
0.63737,0.38,0.145,0.162,0.01159489,0.003068508,0.007047797,0.003065719,4.989037e-05,2.788726e-06,0.004497198,0.0,0.0,0.0
0.63763,0.38,0.146,0.163,0.01170304,0.003103704,0.007122036,0.003100943,5.054995e-05,2.76137e-06,0.004530456,0.0,0.0,0.0
0.63788,0.38,0.147,0.164,0.01180999,0.003138625,0.007195459,0.003135881,5.127621e-05,2.743993e-06,0.00456325,0.0,0.0,0.0
0.63814,0.38,0.148,0.165,0.01192234,0.00317422,0.007268056,0.003170527,5.871129e-05,3.693136e-06,0.004595571,0.0,0.0,0.0
0.6384,0.38,0.149,0.166,0.01202639,0.003208462,0.007339812,0.003204875,5.916553e-05,3.587763e-06,0.004627409,0.0,0.0,0.0
0.63866,0.38,0.15,0.167,0.0121293,0.00324244,0.007410715,0.003238917,5.982733e-05,3.522784e-06,0.004658757,0.0,0.0,0.0
0.63892,0.38,0.151,0.168,0.01223097,0.00327613,0.007480754,0.003272649,6.061506e-05,3.480851e-06,0.004689604,0.0,0.0,0.0
0.63919,0.38,0.152,0.169,0.01233135,0.003309518,0.007549916,0.003306064,6.149162e-05,3.453928e-06,0.004719944,0.0,0.0,0.0
0.63945,0.38,0.153,0.17,0.01243039,0.003342593,0.007618188,0.003339156,6.243726e-05,3.437645e-06,0.004749768,0.0,0.0,0.0
0.63972,0.38,0.154,0.171,0.01253527,0.00337645,0.007685559,0.003371918,7.064468e-05,4.532776e-06,0.004779068,0.0,0.0,0.0
0.63999,0.38,0.155,0.172,0.01263124,0.003408774,0.007752016,0.003404344,7.138394e-05,4.429644e-06,0.004807837,0.0,0.0,0.0
0.64026,0.38,0.156,0.173,0.01272592,0.003440793,0.007817548,0.003436428,7.230834e-05,4.364772e-06,0.004836066,0.0,0.0,0.0
0.64053,0.38,0.157,0.174,0.01281924,0.003472488,0.007882141,0.003468165,7.335407e-05,4.323127e-06,0.004863748,0.0,0.0,0.0
0.6408,0.38,0.158,0.175,0.01291115,0.003503843,0.007945785,0.003499546,7.448997e-05,4.297209e-06,0.004890877,0.0,0.0,0.0
0.64107,0.38,0.159,0.176,0.01300994,0.003536288,0.008008466,0.003530567,8.402711e-05,5.721021e-06,0.004917445,0.0,0.0,0.0
0.64135,0.38,0.16,0.177,0.01309841,0.00356677,0.008070171,0.003561219,8.479405e-05,5.550844e-06,0.004943445,0.0,0.0,0.0
0.64163,0.38,0.161,0.178,0.01318561,0.003596947,0.00813089,0.003591498,8.585296e-05,5.448738e-06,0.004968872,0.0,0.0,0.0
0.6419,0.38,0.162,0.179,0.01327141,0.00362678,0.008190608,0.003621396,8.708397e-05,5.384058e-06,0.004993719,0.0,0.0,0.0
0.64218,0.38,0.163,0.18,0.01335573,0.003656249,0.008249313,0.003650906,8.843514e-05,5.343234e-06,0.005017979,0.0,0.0,0.0
0.64246,0.38,0.164,0.181,0.01343852,0.003685341,0.008306992,0.003680022,8.987962e-05,5.319091e-06,0.005041648,0.0,0.0,0.0
0.64275,0.38,0.165,0.182,0.01352869,0.00371568,0.008363631,0.003708737,0.0001003355,6.943576e-06,0.005064719,0.0,0.0,0.0
0.64303,0.38,0.166,0.183,0.01360791,0.003743821,0.008419219,0.003737043,0.0001015012,6.777931e-06,0.005087186,0.0,0.0,0.0
0.64332,0.38,0.167,0.184,0.01368571,0.003771611,0.008473742,0.003764934,0.0001029257,6.676282e-06,0.005109046,0.0,0.0,0.0
0.6436,0.38,0.168,0.185,0.01376199,0.003799015,0.008527185,0.003792403,0.0001045155,6.612159e-06,0.005130293,0.0,0.0,0.0
0.64389,0.38,0.169,0.186,0.01383669,0.003826015,0.008579537,0.003819442,0.000106227,6.572914e-06,0.005150922,0.0,0.0,0.0
0.64418,0.38,0.17,0.187,0.01390975,0.003852596,0.008630783,0.003846045,0.0001080365,6.551536e-06,0.005170929,0.0,0.0,0.0
0.64447,0.38,0.171,0.188,0.01399076,0.003880616,0.00868091,0.003872203,0.0001195446,8.412743e-06,0.005190309,0.0,0.0,0.0
0.64476,0.38,0.172,0.189,0.01406012,0.003906159,0.008729905,0.00389791,0.0001211513,8.249226e-06,0.00520906,0.0,0.0,0.0
0.64506,0.38,0.173,0.19,0.01412793,0.003931306,0.008777754,0.003923158,0.000122997,8.147927e-06,0.005227176,0.0,0.0,0.0
0.64535,0.38,0.174,0.191,0.0141941,0.003956025,0.008824444,0.00394794,0.0001250058,8.084993e-06,0.005244655,0.0,0.0,0.0
0.64565,0.38,0.175,0.192,0.01425859,0.003980297,0.008869961,0.003972249,0.0001271399,8.048327e-06,0.005261493,0.0,0.0,0.0
0.64595,0.38,0.176,0.193,0.01433232,0.004006519,0.008914291,0.003996077,0.000140339,1.044202e-05,0.005277688,0.0,0.0,0.0
0.64625,0.38,0.177,0.194,0.01439273,0.004029584,0.008957423,0.004019417,0.000142068,1.016751e-05,0.005293236,0.0,0.0,0.0
0.64655,0.38,0.178,0.195,0.01445165,0.004052266,0.008999343,0.004042261,0.0001441715,1.000475e-05,0.005308135,0.0,0.0,0.0
0.64685,0.38,0.179,0.196,0.01450892,0.004074507,0.009040038,0.004064603,0.0001465031,9.904063e-06,0.005322384,0.0,0.0,0.0
0.64715,0.38,0.18,0.197,0.01456447,0.004096278,0.009079495,0.004086435,0.0001489986,9.843221e-06,0.005335979,0.0,0.0,0.0
0.64746,0.38,0.181,0.198,0.01461825,0.00411756,0.009117702,0.00410775,0.0001516249,9.810393e-06,0.005348919,0.0,0.0,0.0
0.64777,0.38,0.182,0.199,0.01468189,0.004141064,0.009154647,0.004128541,0.000166037,1.25229e-05,0.005361202,0.0,0.0,0.0
0.64807,0.38,0.183,0.2,0.01473151,0.004161054,0.009190318,0.004148801,0.0001683619,1.225231e-05,0.005372828,0.0,0.0,0.0
0.64838,0.38,0.184,0.201,0.01477953,0.004180614,0.009224705,0.004168524,0.0001710287,1.208962e-05,0.005383796,0.0,0.0,0.0
0.64869,0.38,0.185,0.202,0.01482582,0.004199693,0.009257795,0.004187703,0.0001739183,1.199013e-05,0.005394104,0.0,0.0,0.0
0.64901,0.38,0.186,0.203,0.0148703,0.004218264,0.009289578,0.004206331,0.0001769755,1.193255e-05,0.005403751,0.0,0.0,0.0
0.64932,0.38,0.187,0.204,0.01491295,0.004236308,0.009320044,0.004224402,0.0001801704,1.19051e-05,0.005412739,0.0,0.0,0.0
0.64963,0.38,0.188,0.205,0.01496619,0.004256898,0.009349184,0.004241911,0.0001959363,1.49871e-05,0.005421066,0.0,0.0,0.0
0.64995,0.38,0.189,0.206,0.01500464,0.004273567,0.009376987,0.00425885,0.0001989191,1.471714e-05,0.005428733,0.0,0.0,0.0
0.65027,0.38,0.19,0.207,0.01504141,0.004289769,0.009403446,0.004275215,0.0002022242,1.455429e-05,0.00543574,0.0,0.0,0.0
0.65059,0.38,0.191,0.208,0.01507639,0.004305457,0.009428553,0.004291,0.0002057511,1.445686e-05,0.005442088,0.0,0.0,0.0
0.65091,0.38,0.192,0.209,0.01510953,0.004320604,0.0094523,0.0043062,0.000209451,1.440399e-05,0.005447778,0.0,0.0,0.0
0.65123,0.38,0.193,0.21,0.01514079,0.004335193,0.00947468,0.00432081,0.0002132966,1.438375e-05,0.00545281,0.0,0.0,0.0
0.65155,0.38,0.194,0.211,0.01518342,0.004352714,0.009495687,0.004334825,0.0002305488,1.788923e-05,0.005457187,0.0,0.0,0.0
0.65188,0.38,0.195,0.212,0.01521049,0.004365859,0.009515316,0.004348241,0.0002342628,1.761764e-05,0.00546091,0.0,0.0,0.0
0.6522,0.38,0.196,0.213,0.01523583,0.004378509,0.009533562,0.004361054,0.0002382878,1.745475e-05,0.005463981,0.0,0.0,0.0
0.65253,0.38,0.197,0.214,0.01525936,0.004390622,0.009550421,0.004373261,0.0002425368,1.736051e-05,0.005466401,0.0,0.0,0.0
0.65286,0.38,0.198,0.215,0.01528103,0.004402172,0.00956589,0.004384858,0.0002469656,1.731406e-05,0.005468174,0.0,0.0,0.0
0.65319,0.38,0.199,0.216,0.01531563,0.004417605,0.009579966,0.004395841,0.0002663654,2.176401e-05,0.005469301,0.0,0.0,0.0
0.65352,0.38,0.2,0.217,0.01533285,0.0044275,0.009592648,0.004406209,0.0002704116,2.129013e-05,0.005469786,0.0,0.0,0.0
0.65385,0.38,0.201,0.218,0.0153485,0.004436975,0.009603936,0.004415959,0.0002749381,2.101523e-05,0.005469631,0.0,0.0,0.0
0.65419,0.38,0.202,0.219,0.01536244,0.004445942,0.009613828,0.00442509,0.0002797702,2.085265e-05,0.005468839,0.0,0.0,0.0
0.65452,0.38,0.203,0.22,0.01537457,0.004454361,0.009622326,0.004433598,0.0002848305,2.076295e-05,0.005467414,0.0,0.0,0.0
0.65486,0.38,0.204,0.221,0.01538487,0.004462209,0.009629431,0.004441484,0.0002900787,2.072491e-05,0.00546536,0.0,0.0,0.0
0.6552,0.38,0.205,0.222,0.01540894,0.004474485,0.009635147,0.004448747,0.0003111102,2.573795e-05,0.005462679,0.0,0.0,0.0
0.65554,0.38,0.206,0.223,0.01541493,0.004480642,0.009639476,0.004455386,0.0003160795,2.525674e-05,0.005459378,0.0,0.0,0.0
0.65588,0.38,0.207,0.224,0.01541939,0.004486378,0.009642424,0.004461401,0.0003215055,2.497715e-05,0.005455458,0.0,0.0,0.0
0.65622,0.38,0.208,0.225,0.01542216,0.004491608,0.009643994,0.004466793,0.0003272359,2.481541e-05,0.005450925,0.0,0.0,0.0
0.65656,0.38,0.209,0.226,0.01542318,0.004496294,0.009644194,0.004471562,0.0003332007,2.47318e-05,0.005445784,0.0,0.0,0.0
0.65691,0.38,0.21,0.227,0.01542243,0.004500414,0.00964303,0.00447571,0.000339362,2.470438e-05,0.005440039,0.0,0.0,0.0
0.65725,0.38,0.211,0.228,0.01543635,0.004509595,0.00964051,0.004479238,0.0003621437,3.035637e-05,0.005433695,0.0,0.0,0.0
0.6576,0.38,0.212,0.229,0.01543152,0.004512011,0.009636642,0.004482149,0.0003681182,2.986214e-05,0.005426757,0.0,0.0,0.0
0.65795,0.38,0.213,0.23,0.0154252,0.004514022,0.009631437,0.004484445,0.0003745356,2.957652e-05,0.005419231,0.0,0.0,0.0
0.6583,0.38,0.214,0.231,0.01541729,0.004515545,0.009624905,0.004486129,0.0003812595,2.94162e-05,0.005411123,0.0,0.0,0.0
0.65865,0.38,0.215,0.232,0.01540772,0.004516544,0.009617056,0.004487203,0.0003882252,2.934037e-05,0.005402437,0.0,0.0,0.0
0.65901,0.38,0.216,0.233,0.01539648,0.004516999,0.009607903,0.004487673,0.0003953969,2.932603e-05,0.00539318,0.0,0.0,0.0
0.65936,0.38,0.217,0.234,0.01540085,0.004523239,0.009597459,0.004487541,0.0004200336,3.56984e-05,0.005383358,0.0,0.0,0.0
0.65972,0.38,0.218,0.235,0.01538582,0.004521997,0.009585737,0.004486812,0.0004271024,3.518544e-05,0.005372977,0.0,0.0,0.0
0.66007,0.38,0.219,0.236,0.0153694,0.004520383,0.009572751,0.004485491,0.0004346075,3.489231e-05,0.005362043,0.0,0.0,0.0
0.66043,0.38,0.22,0.237,0.0153515,0.004518317,0.009558518,0.004483583,0.000442424,3.473394e-05,0.005350563,0.0,0.0,0.0
0.66079,0.38,0.221,0.238,0.01533209,0.004515762,0.009543052,0.004481094,0.0004504909,3.466767e-05,0.005338543,0.0,0.0,0.0
0.66115,0.38,0.222,0.239,0.01531113,0.004512699,0.00952637,0.00447803,0.0004587743,3.466905e-05,0.005325991,0.0,0.0,0.0
0.66151,0.38,0.223,0.24,0.01530676,0.004516246,0.009508489,0.004474396,0.000485358,4.184984e-05,0.005312912,0.0,0.0,0.0
0.66188,0.38,0.224,0.241,0.01528236,0.004511511,0.009489428,0.004470199,0.0004936166,4.131184e-05,0.005299315,0.0,0.0,0.0
0.66224,0.38,0.225,0.242,0.01525672,0.004506456,0.009469205,0.004465447,0.0005023109,4.100928e-05,0.005285207,0.0,0.0,0.0
0.66261,0.38,0.226,0.243,0.01522976,0.004501,0.009447838,0.004460146,0.0005113235,4.085325e-05,0.005270594,0.0,0.0,0.0
0.66297,0.38,0.227,0.244,0.01520143,0.004495103,0.009425348,0.004454304,0.0005205966,4.079834e-05,0.005255485,0.0,0.0,0.0
0.66334,0.38,0.228,0.245,0.01517174,0.004488747,0.009401755,0.004447929,0.0005300975,4.081822e-05,0.005239886,0.0,0.0,0.0
0.66371,0.38,0.229,0.246,0.01515959,0.004489932,0.009377078,0.004441029,0.0005587083,4.890319e-05,0.005223806,0.0,0.0,0.0
0.66408,0.38,0.23,0.247,0.01512685,0.004481943,0.009351341,0.004433611,0.0005682585,4.833258e-05,0.005207252,0.0,0.0,0.0
0.66446,0.38,0.231,0.248,0.01509304,0.004473703,0.009324563,0.004425685,0.0005782485,4.801796e-05,0.005190232,0.0,0.0,0.0
0.66483,0.38,0.232,0.249,0.01505809,0.004465123,0.009296768,0.004417259,0.0005885662,4.78643e-05,0.005172755,0.0,0.0,0.0
0.66521,0.38,0.233,0.25,0.01502196,0.004456165,0.009267977,0.004408342,0.0005991556,4.782246e-05,0.005154828,0.0,0.0,0.0
0.66558,0.38,0.234,0.251,0.01498466,0.004446808,0.009238214,0.004398944,0.000609985,4.786374e-05,0.005136459,0.0,0.0,0.0
0.66596,0.38,0.235,0.252,0.01496585,0.004446032,0.009207501,0.004389074,0.0006406911,5.695782e-05,0.005117657,0.0,0.0,0.0
0.66634,0.38,0.236,0.253,0.01492593,0.004435086,0.009175861,0.004378742,0.0006516411,5.634495e-05,0.00509843,0.0,0.0,0.0
0.66672,0.38,0.237,0.254,0.01488514,0.004423971,0.009143319,0.004367956,0.0006630391,5.601455e-05,0.005078786,0.0,0.0,0.0
0.6671,0.38,0.238,0.255,0.01484341,0.00441259,0.009109898,0.004356727,0.0006747761,5.586272e-05,0.005058735,0.0,0.0,0.0
0.66748,0.38,0.239,0.256,0.0148007,0.004400901,0.009075622,0.004345066,0.0006867973,5.583542e-05,0.005038284,0.0,0.0,0.0
0.66787,0.38,0.24,0.257,0.01475703,0.004388883,0.009040516,0.004332982,0.0006990717,5.590095e-05,0.005017442,0.0,0.0,0.0
0.66825,0.38,0.241,0.258,0.01473275,0.004386605,0.009004602,0.004320485,0.0007319294,6.612025e-05,0.004996218,0.0,0.0,0.0
0.66864,0.38,0.242,0.259,0.01468692,0.004373038,0.008967907,0.004307586,0.0007443927,6.545233e-05,0.004974621,0.0,0.0,0.0
0.66903,0.38,0.243,0.26,0.01464043,0.004359395,0.008930454,0.004294294,0.0007573164,6.510074e-05,0.00495266,0.0,0.0,0.0
0.66942,0.38,0.244,0.261,0.0145932,0.004345571,0.008892268,0.004280622,0.0007705922,6.494932e-05,0.004930342,0.0,0.0,0.0
0.66981,0.38,0.245,0.262,0.01454522,0.004331516,0.008853374,0.004266578,0.0007841657,6.49376e-05,0.004907678,0.0,0.0,0.0
0.6702,0.38,0.246,0.263,0.01449648,0.004317205,0.008813795,0.004252175,0.0007980063,6.50301e-05,0.004884676,0.0,0.0,0.0
0.67059,0.38,0.247,0.264,0.01446796,0.004313926,0.008773556,0.004237421,0.0008330589,7.650473e-05,0.004861345,0.0,0.0,0.0
0.67099,0.38,0.248,0.265,0.01441753,0.004298092,0.008732682,0.004222328,0.0008471539,7.576429e-05,0.004837694,0.0,0.0,0.0
0.67138,0.38,0.249,0.266,0.01436665,0.00428229,0.008691196,0.004206906,0.0008617253,7.538368e-05,0.004813732,0.0,0.0,0.0
0.67178,0.38,0.25,0.267,0.01431526,0.004266397,0.008649124,0.004191167,0.0008766635,7.522988e-05,0.004789468,0.0,0.0,0.0
0.67218,0.38,0.251,0.268,0.01426331,0.004250353,0.008606488,0.004175119,0.0008919138,7.523403e-05,0.004764912,0.0,0.0,0.0
0.67258,0.38,0.252,0.269,0.01421083,0.004234131,0.008563313,0.004158775,0.0009074455,7.535582e-05,0.004740071,0.0,0.0,0.0
0.67298,0.38,0.253,0.27,0.0141793,0.004230378,0.008519623,0.004142144,0.0009447221,8.823423e-05,0.004714955,0.0,0.0,0.0
0.67338,0.38,0.254,0.271,0.01412558,0.004212634,0.00847544,0.004125237,0.00096057,8.739679e-05,0.004689574,0.0,0.0,0.0
0.67378,0.38,0.255,0.272,0.01407164,0.00419504,0.008430788,0.004108064,0.0009769141,8.697571e-05,0.004663936,0.0,0.0,0.0
0.67419,0.38,0.256,0.273,0.01401738,0.00417745,0.008385691,0.004090636,0.0009936408,8.681475e-05,0.00463805,0.0,0.0,0.0
0.67459,0.38,0.257,0.274,0.01396279,0.004159796,0.008340169,0.004072962,0.001010695,8.683387e-05,0.004611926,0.0,0.0,0.0
0.675,0.38,0.258,0.275,0.01390786,0.004142039,0.008294247,0.004055053,0.001028045,8.698664e-05,0.004585571,0.0,0.0,0.0
0.67541,0.38,0.259,0.276,0.0138745,0.004138361,0.008247946,0.004036918,0.001067558,0.0001014423,0.004558997,0.0,0.0,0.0
0.67582,0.38,0.26,0.277,0.01381878,0.004119041,0.008201287,0.004018569,0.001085281,0.0001004727,0.00453221,0.0,0.0,0.0
0.67623,0.38,0.261,0.278,0.01376304,0.004100008,0.008154293,0.004000013,0.001103524,9.999445e-05,0.00450522,0.0,0.0,0.0
0.67664,0.38,0.262,0.279,0.01370719,0.00408108,0.008106985,0.003981262,0.001122166,9.981854e-05,0.004478037,0.0,0.0,0.0
0.67705,0.38,0.263,0.28,0.0136512,0.004062174,0.008059382,0.003962324,0.001141151,9.984999e-05,0.004450669,0.0,0.0,0.0
0.67747,0.38,0.264,0.281,0.01359508,0.004043243,0.008011506,0.003943209,0.001160446,0.0001000343,0.004423124,0.0,0.0,0.0
0.67788,0.38,0.265,0.282,0.01356098,0.004040203,0.007963377,0.003923926,0.001202192,0.0001162767,0.004395412,0.0,0.0,0.0
0.6783,0.38,0.266,0.283,0.01350447,0.004019608,0.007915014,0.003904485,0.00122191,0.0001151231,0.004367541,0.0,0.0,0.0
0.67872,0.38,0.267,0.284,0.01344813,0.003999457,0.007866437,0.003884894,0.001242176,0.0001145629,0.004339521,0.0,0.0,0.0
0.67913,0.38,0.268,0.285,0.01339188,0.003979522,0.007817665,0.003865162,0.00126286,0.0001143599,0.004311359,0.0,0.0,0.0
0.67955,0.38,0.269,0.286,0.01333568,0.003959696,0.007768715,0.003845298,0.001283901,0.0001143983,0.004283064,0.0,0.0,0.0
0.67998,0.38,0.27,0.287,0.01327952,0.003939923,0.007719607,0.00382531,0.001305266,0.0001146132,0.004254645,0.0,0.0,0.0
0.6804,0.38,0.271,0.288,0.01324569,0.003938113,0.007670358,0.003805207,0.001349223,0.0001329059,0.00422611,0.0,0.0,0.0
0.68082,0.38,0.272,0.289,0.0131895,0.003916486,0.007620985,0.003784996,0.00137105,0.0001314892,0.004197467,0.0,0.0,0.0
0.68125,0.38,0.273,0.29,0.01313369,0.003895497,0.007571504,0.003764687,0.001393461,0.0001308102,0.004168726,0.0,0.0,0.0
0.68167,0.38,0.274,0.291,0.01307814,0.003874847,0.007521934,0.003744286,0.001416309,0.0001305614,0.004139894,0.0,0.0,0.0
0.6821,0.38,0.275,0.292,0.0130228,0.003854398,0.007472289,0.003723801,0.001439528,0.0001305976,0.004110979,0.0,0.0,0.0
0.68253,0.38,0.276,0.293,0.01296766,0.003834079,0.007422585,0.00370324,0.001463084,0.0001308394,0.004081989,0.0,0.0,0.0
0.68296,0.38,0.277,0.294,0.01293498,0.003834143,0.007372838,0.00368261,0.001509208,0.0001515332,0.004052933,0.0,0.0,0.0
0.68339,0.38,0.278,0.295,0.01288013,0.003811645,0.007323062,0.003661918,0.001533252,0.0001497273,0.004023818,0.0,0.0,0.0
0.68382,0.38,0.279,0.296,0.01282585,0.003790045,0.007273271,0.003641172,0.001557923,0.0001488734,0.003994653,0.0,0.0,0.0
0.68426,0.38,0.28,0.297,0.01277198,0.003768927,0.00722348,0.003620377,0.001583051,0.00014855,0.003965444,0.0,0.0,0.0
0.68469,0.38,0.281,0.298,0.01271847,0.00374811,0.007173702,0.003599541,0.001608564,0.0001485691,0.0039362,0.0,0.0,0.0
0.68513,0.38,0.282,0.299,0.0126653,0.003727501,0.007123951,0.00357867,0.001634425,0.0001488305,0.003906928,0.0,0.0,0.0
0.68556,0.38,0.283,0.3,0.01261249,0.003707046,0.007074239,0.003557771,0.001660615,0.0001492747,0.003877636,0.0,0.0,0.0
0.686,0.38,0.284,0.301,0.01258192,0.003706867,0.007024578,0.003536849,0.001709007,0.000170018,0.003848331,0.0,0.0,0.0
0.68644,0.38,0.285,0.302,0.01253005,0.003684811,0.00697498,0.00351591,0.001736047,0.0001689006,0.00381902,0.0,0.0,0.0
0.68688,0.38,0.286,0.303,0.01247873,0.00366342,0.006925458,0.003494961,0.001763565,0.0001684586,0.00378971,0.0,0.0,0.0
0.68732,0.38,0.287,0.304,0.01242791,0.003642443,0.006876021,0.003474006,0.001791479,0.0001684367,0.003760409,0.0,0.0,0.0
0.68777,0.38,0.288,0.305,0.01237756,0.003621757,0.006826682,0.003453052,0.00181975,0.0001687051,0.003731124,0.0,0.0,0.0
0.68821,0.38,0.289,0.306,0.01232767,0.003601292,0.00677745,0.003432103,0.001848359,0.0001691889,0.003701861,0.0,0.0,0.0
0.68866,0.38,0.29,0.307,0.0122997,0.00360375,0.006728335,0.003411165,0.001898739,0.0001925857,0.003672627,0.0,0.0,0.0
0.6891,0.38,0.291,0.308,0.01225102,0.0035813,0.006679347,0.003390242,0.001928245,0.0001910588,0.003643428,0.0,0.0,0.0
0.68955,0.38,0.292,0.309,0.01220302,0.003559767,0.006630496,0.003369339,0.001958252,0.0001904285,0.003614272,0.0,0.0,0.0
0.69,0.38,0.293,0.31,0.01215562,0.003538789,0.006581789,0.003348461,0.001988666,0.0001903284,0.003585165,0.0,0.0,0.0
0.69045,0.38,0.294,0.311,0.01210879,0.003518195,0.006533237,0.003327612,0.002019444,0.0001905831,0.003556112,0.0,0.0,0.0
0.6909,0.38,0.295,0.312,0.01206253,0.003497892,0.006484847,0.003306797,0.002050563,0.0001910952,0.003527121,0.0,0.0,0.0
0.69135,0.38,0.296,0.313,0.01201684,0.003477825,0.006436627,0.00328602,0.002082013,0.0001918048,0.003498196,0.0,0.0,0.0
0.69181,0.38,0.297,0.314,0.01199277,0.003480833,0.006388584,0.003265285,0.002134843,0.0002155482,0.003469345,0.0,0.0,0.0
0.69226,0.38,0.298,0.315,0.01194873,0.003459211,0.006340727,0.003244595,0.002167431,0.0002146162,0.003440573,0.0,0.0,0.0
0.69272,0.38,0.299,0.316,0.01190538,0.003438333,0.006293061,0.003223954,0.002200431,0.0002143789,0.003411885,0.0,0.0,0.0
0.69317,0.38,0.3,0.317,0.01186268,0.003417954,0.006245594,0.003203367,0.002233798,0.0002145867,0.003383287,0.0,0.0,0.0
0.69363,0.38,0.301,0.318,0.01182063,0.003397944,0.006198332,0.003182836,0.002267509,0.0002151079,0.003354785,0.0,0.0,0.0
0.69409,0.38,0.302,0.319,0.01177922,0.003378229,0.006151281,0.003162364,0.002301551,0.0002158648,0.003326384,0.0,0.0,0.0
0.69455,0.38,0.303,0.32,0.0117586,0.003384591,0.006104446,0.003141956,0.002356068,0.0002426359,0.003298089,0.0,0.0,0.0
0.69501,0.38,0.304,0.321,0.01171906,0.003362819,0.006057834,0.003121613,0.002391316,0.0002412059,0.003269905,0.0,0.0,0.0
0.69547,0.38,0.305,0.322,0.01168027,0.003342074,0.006011449,0.003101339,0.002426979,0.0002407354,0.003241838,0.0,0.0,0.0
0.69594,0.38,0.306,0.323,0.01164219,0.003321979,0.005965296,0.003081136,0.002463006,0.000240843,0.003213891,0.0,0.0,0.0
0.6964,0.38,0.307,0.324,0.01160482,0.00330235,0.00591938,0.003061008,0.002499373,0.0002413423,0.00318607,0.0,0.0,0.0
0.69687,0.38,0.308,0.325,0.01156815,0.003283084,0.005873706,0.003040956,0.002536069,0.0002421281,0.00315838,0.0,0.0,0.0
0.69733,0.38,0.309,0.326,0.01153219,0.003264119,0.005828277,0.003020984,0.002573086,0.0002431353,0.003130824,0.0,0.0,0.0
0.6978,0.38,0.31,0.327,0.01151651,0.003271531,0.005783097,0.003001093,0.002630009,0.0002704378,0.003103407,0.0,0.0,0.0
0.69827,0.38,0.311,0.328,0.01148271,0.003250856,0.005738171,0.002981286,0.002668402,0.0002695695,0.003076133,0.0,0.0,0.0
0.69874,0.38,0.312,0.329,0.01144965,0.003231055,0.005693501,0.002961565,0.002707147,0.0002694904,0.003049007,0.0,0.0,0.0
0.69921,0.38,0.313,0.33,0.01141734,0.003211849,0.005649091,0.002941932,0.002746222,0.0002699176,0.003022032,0.0,0.0,0.0
0.69969,0.38,0.314,0.331,0.01138577,0.00319309,0.005604945,0.002922388,0.002785616,0.0002707018,0.002995211,0.0,0.0,0.0
0.70016,0.38,0.315,0.332,0.01135494,0.00317469,0.005561064,0.002902936,0.002825326,0.0002717547,0.00296855,0.0,0.0,0.0
0.70063,0.38,0.316,0.333,0.01134298,0.003186252,0.005517451,0.002883577,0.002883477,0.0003026754,0.002942051,0.0,0.0,0.0
0.70111,0.38,0.317,0.334,0.01131449,0.003165416,0.005474109,0.002864313,0.002924664,0.0003011037,0.002915718,0.0,0.0,0.0
0.70159,0.38,0.318,0.335,0.01128677,0.003145835,0.00543104,0.002845145,0.002966176,0.00030069,0.002889554,0.0,0.0,0.0
0.70206,0.38,0.319,0.336,0.0112598,0.003127038,0.005388247,0.002826075,0.003007996,0.0003009628,0.002863562,0.0,0.0,0.0
0.70254,0.38,0.32,0.337,0.01123359,0.0031088,0.00534573,0.002807104,0.003050119,0.000301696,0.002837745,0.0,0.0,0.0
0.70302,0.38,0.321,0.338,0.01120814,0.003090997,0.005303492,0.002788233,0.003092543,0.0003027636,0.002812107,0.0,0.0,0.0
0.70351,0.38,0.322,0.339,0.01118345,0.003073553,0.005261534,0.002769464,0.003135266,0.0003040883,0.00278665,0.0,0.0,0.0
0.70399,0.38,0.323,0.34,0.01117682,0.003086471,0.005219859,0.002750798,0.003195585,0.0003356724,0.002761377,0.0,0.0,0.0
0.70447,0.38,0.324,0.341,0.01115467,0.003066887,0.005178466,0.002732236,0.003239912,0.0003346516,0.00273629,0.0,0.0,0.0
0.70496,0.38,0.325,0.342,0.01113325,0.003048407,0.005137357,0.002713778,0.003284506,0.0003346298,0.002711392,0.0,0.0,0.0
0.70544,0.38,0.326,0.343,0.01111259,0.003030656,0.005096533,0.002695425,0.003329373,0.0003352306,0.002686685,0.0,0.0,0.0
0.70593,0.38,0.327,0.344,0.01109268,0.003013441,0.005055994,0.002677179,0.003374516,0.0003362624,0.002662172,0.0,0.0,0.0
0.70642,0.38,0.328,0.345,0.01107354,0.002996654,0.005015743,0.00265904,0.003419941,0.0003376144,0.002637854,0.0,0.0,0.0
0.7069,0.38,0.329,0.346,0.01105516,0.002980225,0.004975778,0.002641009,0.003465647,0.0003392165,0.002613734,0.0,0.0,0.0
0.70739,0.38,0.33,0.347,0.01105393,0.002994781,0.004936101,0.002623086,0.003528016,0.0003716952,0.002589814,0.0,0.0,0.0
0.70789,0.38,0.331,0.348,0.01103822,0.002976392,0.004896711,0.002605272,0.003575413,0.0003711201,0.002566094,0.0,0.0,0.0
0.70838,0.38,0.332,0.349,0.01102322,0.002959016,0.004857609,0.002587567,0.003623029,0.0003714491,0.002542578,0.0,0.0,0.0
0.70887,0.38,0.333,0.35,0.01100895,0.002942335,0.004818796,0.002569973,0.003670885,0.0003723618,0.002519266,0.0,0.0,0.0
0.70937,0.38,0.334,0.351,0.01099542,0.002926176,0.00478027,0.002552488,0.003718992,0.0003736879,0.00249616,0.0,0.0,0.0
0.70986,0.38,0.335,0.352,0.01098265,0.002910441,0.004742032,0.002535115,0.003767356,0.000375326,0.002473261,0.0,0.0,0.0
0.71036,0.38,0.336,0.353,0.01098461,0.002930271,0.004704082,0.002517852,0.003829955,0.0004124191,0.00245057,0.0,0.0,0.0
0.71085,0.38,0.337,0.354,0.01097472,0.00291145,0.00466642,0.002500701,0.003880215,0.0004107498,0.00242809,0.0,0.0,0.0
0.71135,0.38,0.338,0.355,0.01096545,0.002894209,0.004629044,0.00248366,0.003930591,0.0004105489,0.002405819,0.0,0.0,0.0
0.71185,0.38,0.339,0.356,0.01095686,0.00287793,0.004591955,0.002466732,0.003981143,0.0004111986,0.00238376,0.0,0.0,0.0
0.71235,0.38,0.34,0.357,0.01094896,0.002862325,0.004555152,0.002449915,0.004031899,0.0004124106,0.002361914,0.0,0.0,0.0
0.71286,0.38,0.341,0.358,0.01094179,0.002847237,0.004518634,0.00243321,0.004082876,0.0004140272,0.00234028,0.0,0.0,0.0
0.71336,0.38,0.342,0.359,0.01093535,0.002832569,0.0044824,0.002416616,0.004134085,0.0004159525,0.00231886,0.0,0.0,0.0
0.71386,0.38,0.343,0.36,0.0109423,0.002854264,0.004446451,0.002400134,0.004198198,0.0004541295,0.002297655,0.0,0.0,0.0
0.71437,0.38,0.344,0.361,0.01093883,0.002836617,0.004410784,0.002383764,0.004251386,0.0004528532,0.002276663,0.0,0.0,0.0
0.71487,0.38,0.345,0.362,0.01093591,0.002820476,0.004375399,0.002367506,0.004304625,0.0004529707,0.002255887,0.0,0.0,0.0
0.71538,0.38,0.346,0.363,0.01093361,0.002805274,0.004340296,0.002351359,0.004357993,0.0004539151,0.002235326,0.0,0.0,0.0
0.71589,0.38,0.347,0.364,0.01093198,0.002790738,0.004305472,0.002335323,0.004411527,0.0004554143,0.00221498,0.0,0.0,0.0
0.7164,0.38,0.348,0.365,0.01093103,0.002776716,0.004270927,0.002319399,0.00446525,0.0004573166,0.002194849,0.0,0.0,0.0
0.71691,0.38,0.349,0.366,0.01093077,0.002763114,0.00423666,0.002303586,0.004519172,0.0004595287,0.002174934,0.0,0.0,0.0
0.71742,0.38,0.35,0.367,0.01094242,0.0027869,0.00420267,0.002287883,0.004584511,0.0004990171,0.002155234,0.0,0.0,0.0
0.71793,0.38,0.351,0.368,0.01094519,0.002770312,0.004168955,0.002272291,0.004640487,0.0004980214,0.002135749,0.0,0.0,0.0
0.71844,0.38,0.352,0.369,0.01094844,0.002755215,0.004135514,0.002256809,0.004696444,0.0004984059,0.002116479,0.0,0.0,0.0
0.71896,0.38,0.353,0.37,0.01095225,0.002741056,0.004102346,0.002241437,0.004752477,0.0004996188,0.002097423,0.0,0.0,0.0
0.71947,0.38,0.354,0.371,0.01095666,0.002727566,0.004069449,0.002226175,0.004808634,0.0005013912,0.002078581,0.0,0.0,0.0
0.71999,0.38,0.355,0.372,0.01096172,0.002714594,0.004036822,0.002211021,0.004864941,0.0005035721,0.002059952,0.0,0.0,0.0
0.7205,0.38,0.356,0.373,0.01096741,0.002702045,0.004004464,0.002195977,0.004921411,0.000506068,0.002041536,0.0,0.0,0.0
0.72102,0.38,0.357,0.374,0.01098334,0.002728132,0.003972373,0.002181041,0.00498763,0.0005470911,0.002023333,0.0,0.0,0.0
0.72154,0.38,0.358,0.375,0.01099212,0.002712478,0.003940547,0.002166214,0.00504623,0.0005462641,0.002005341,0.0,0.0,0.0
0.72206,0.38,0.359,0.376,0.01100128,0.002698354,0.003908985,0.002151493,0.005104731,0.0005468608,0.001987559,0.0,0.0,0.0
0.72258,0.38,0.36,0.377,0.01101092,0.002685192,0.003877686,0.00213688,0.005163248,0.0005483117,0.001969988,0.0,0.0,0.0
0.72311,0.38,0.361,0.378,0.01102111,0.002672714,0.003846647,0.002122374,0.005221839,0.0005503395,0.001952625,0.0,0.0,0.0
0.72363,0.38,0.362,0.379,0.01103187,0.002660762,0.003815868,0.002107974,0.005280536,0.0005527883,0.00193547,0.0,0.0,0.0
0.72415,0.38,0.363,0.38,0.01104322,0.002649241,0.003785346,0.00209368,0.005339356,0.0005555614,0.001918522,0.0,0.0,0.0
0.72468,0.38,0.364,0.381,0.0110629,0.002677865,0.003755081,0.00207949,0.005406044,0.0005983747,0.00190178,0.0,0.0,0.0
0.72521,0.38,0.365,0.382,0.0110774,0.002662991,0.003725069,0.002065406,0.005467088,0.0005975849,0.001885242,0.0,0.0,0.0
0.72573,0.38,0.366,0.383,0.01109215,0.002649753,0.003695311,0.002051426,0.005527933,0.0005983275,0.001868907,0.0,0.0,0.0
0.72626,0.38,0.367,0.384,0.0111073,0.002637527,0.003665803,0.002037549,0.005588723,0.0005999782,0.001852775,0.0,0.0,0.0
0.72679,0.38,0.368,0.385,0.01112292,0.002626012,0.003636544,0.002023775,0.005649529,0.0006022373,0.001836843,0.0,0.0,0.0
0.72732,0.38,0.369,0.386,0.01113903,0.002615042,0.003607533,0.002010104,0.005710391,0.000604938,0.001821111,0.0,0.0,0.0
0.72785,0.38,0.37,0.387,0.01115567,0.002604512,0.003578767,0.001996535,0.00577133,0.0006079774,0.001805576,0.0,0.0,0.0
0.72838,0.38,0.371,0.388,0.01117849,0.002635984,0.003550246,0.001983067,0.005838006,0.0006529172,0.001790238,0.0,0.0,0.0
0.72892,0.38,0.372,0.389,0.01119837,0.002621686,0.003521966,0.001969699,0.005901305,0.0006519865,0.001775095,0.0,0.0,0.0
0.72945,0.38,0.373,0.39,0.01121834,0.002609219,0.003493927,0.001956432,0.005964272,0.0006527865,0.001760145,0.0,0.0,0.0
0.72999,0.38,0.374,0.391,0.01123861,0.00259785,0.003466127,0.001943265,0.006027098,0.0006545856,0.001745386,0.0,0.0,0.0
0.73052,0.38,0.375,0.392,0.01125926,0.002587239,0.003438563,0.001930196,0.006089874,0.0006570431,0.001730818,0.0,0.0,0.0
0.73106,0.38,0.376,0.393,0.01128032,0.002577198,0.003411235,0.001917225,0.006152647,0.0006599729,0.001716438,0.0,0.0,0.0
0.7316,0.38,0.377,0.394,0.01130183,0.002567614,0.003384139,0.001904352,0.006215446,0.000663262,0.001702245,0.0,0.0,0.0
0.73214,0.38,0.378,0.395,0.0113238,0.002558413,0.003357275,0.001891576,0.006278287,0.0006668367,0.001688236,0.0,0.0,0.0
0.73268,0.38,0.379,0.396,0.01135196,0.00258838,0.003330641,0.001878897,0.006346908,0.0007094832,0.001674411,0.0,0.0,0.0
0.73322,0.38,0.38,0.397,0.01137677,0.002576526,0.003304235,0.001866313,0.006411765,0.0007102131,0.001660767,0.0,0.0,0.0
0.73376,0.38,0.381,0.398,0.01140173,0.002565913,0.003278054,0.001853824,0.006476372,0.0007120884,0.001647302,0.0,0.0,0.0
0.7343,0.38,0.382,0.399,0.01142696,0.002556128,0.003252098,0.00184143,0.006540849,0.0007146981,0.001634014,0.0,0.0,0.0
0.73485,0.38,0.383,0.4,0.01145252,0.002546955,0.003226364,0.00182913,0.006605257,0.000717825,0.001620902,0.0,0.0,0.0
0.73539,0.38,0.384,0.401,0.01147845,0.002538262,0.003200851,0.001816922,0.006669632,0.00072134,0.001607964,0.0,0.0,0.0
0.73594,0.38,0.385,0.402,0.01150475,0.002529968,0.003175556,0.001804807,0.006733995,0.0007251604,0.001595198,0.0,0.0,0.0
0.73648,0.38,0.386,0.403,0.0115348,0.002562913,0.003150479,0.001792784,0.006801722,0.000770129,0.001582601,0.0,0.0,0.0
0.73703,0.38,0.387,0.404,0.01156403,0.002551442,0.003125617,0.001780852,0.006868242,0.0007705898,0.001570171,0.0,0.0,0.0
0.73758,0.38,0.388,0.405,0.01159324,0.002541446,0.003100968,0.001769011,0.006934365,0.0007724349,0.001557907,0.0,0.0,0.0
0.73813,0.38,0.389,0.406,0.0116226,0.00253239,0.003076531,0.001757259,0.007000257,0.0007751309,0.001545807,0.0,0.0,0.0
0.73868,0.38,0.39,0.407,0.01165218,0.002524006,0.003052304,0.001745597,0.007066004,0.0007784097,0.001533869,0.0,0.0,0.0
0.73923,0.38,0.391,0.408,0.01168203,0.00251614,0.003028284,0.001734023,0.007131653,0.0007821173,0.001522089,0.0,0.0,0.0
0.73978,0.38,0.392,0.409,0.01171217,0.002508694,0.003004471,0.001722536,0.007197229,0.0007861572,0.001510467,0.0,0.0,0.0
0.74034,0.38,0.393,0.41,0.01174323,0.002545221,0.002980863,0.001711137,0.007263369,0.0008340834,0.001499001,0.0,0.0,0.0
0.74089,0.38,0.394,0.411,0.01177651,0.002533757,0.002957457,0.001699825,0.007331363,0.0008339322,0.001487687,0.0,0.0,0.0
0.74145,0.38,0.395,0.412,0.01180952,0.002524178,0.002934253,0.001688598,0.007398741,0.0008355801,0.001476524,0.0,0.0,0.0
0.742,0.38,0.396,0.413,0.01184252,0.002515721,0.002911247,0.001677457,0.00746576,0.0008382647,0.001465511,0.0,0.0,0.0
0.74256,0.38,0.397,0.414,0.01187562,0.00250803,0.00288844,0.001666399,0.007532539,0.0008416308,0.001454643,0.0,0.0,0.0
0.74312,0.38,0.398,0.415,0.01190889,0.002500911,0.002865828,0.001655426,0.007599144,0.0008454846,0.001443921,0.0,0.0,0.0
0.74368,0.38,0.399,0.416,0.01194236,0.002494245,0.00284341,0.001644536,0.00766561,0.0008497083,0.001433341,0.0,0.0,0.0
0.74424,0.38,0.4,0.417,0.01197604,0.002487954,0.002821184,0.001633729,0.00773196,0.0008542248,0.001422901,0.0,0.0,0.0
0.7448,0.38,0.401,0.418,0.01201037,0.002523351,0.00279915,0.001623003,0.007798626,0.0009003476,0.001412599,0.0,0.0,0.0
0.74536,0.38,0.402,0.419,0.01204677,0.002513871,0.002777304,0.001612359,0.007867035,0.0009015119,0.001402433,0.0,0.0,0.0
0.74592,0.38,0.403,0.42,0.01208294,0.002505827,0.002755645,0.001601795,0.007934899,0.0009040318,0.001392401,0.0,0.0,0.0
0.74648,0.38,0.404,0.421,0.01211908,0.002498701,0.002734173,0.001591311,0.008002403,0.0009073899,0.0013825,0.0,0.0,0.0
0.74705,0.38,0.405,0.422,0.01215525,0.00249223,0.002712884,0.001580907,0.008069641,0.0009113239,0.001372729,0.0,0.0,0.0
0.74761,0.38,0.406,0.423,0.01219153,0.002486263,0.002691777,0.001570581,0.008136666,0.0009156821,0.001363085,0.0,0.0,0.0
0.74818,0.38,0.407,0.424,0.01222793,0.002480701,0.002670851,0.001560333,0.008203508,0.0009203688,0.001353566,0.0,0.0,0.0
0.74875,0.38,0.408,0.425,0.01226446,0.002475482,0.002650105,0.001550162,0.008270185,0.0009253196,0.001344171,0.0,0.0,0.0
0.74932,0.38,0.409,0.426,0.01230109,0.002510377,0.002629535,0.001540068,0.008336654,0.0009703094,0.001334896,0.0,0.0,0.0
0.74988,0.38,0.41,0.427,0.01234,0.002502452,0.002609142,0.00153005,0.008405121,0.0009724014,0.00132574,0.0,0.0,0.0
0.75045,0.38,0.411,0.428,0.01237868,0.002495709,0.002588923,0.001520108,0.008473057,0.0009756016,0.0013167,0.0,0.0,0.0
0.75103,0.38,0.412,0.429,0.01241726,0.002489759,0.002568876,0.00151024,0.008540613,0.0009795185,0.001307775,0.0,0.0,0.0
0.7516,0.38,0.413,0.43,0.01245583,0.002484389,0.002549001,0.001500447,0.008607866,0.0009839419,0.001298963,0.0,0.0,0.0
0.75217,0.38,0.414,0.431,0.01249442,0.002479473,0.002529295,0.001490727,0.008674861,0.0009887458,0.00129026,0.0,0.0,0.0
0.75274,0.38,0.415,0.432,0.01253305,0.002474929,0.002509757,0.00148108,0.008741625,0.0009938485,0.001281666,0.0,0.0,0.0
0.75332,0.38,0.416,0.433,0.01256841,0.002513802,0.002490385,0.001471506,0.008804851,0.001042296,0.001273178,0.0,0.0,0.0
0.75389,0.38,0.417,0.434,0.01260976,0.002505446,0.002471179,0.001462003,0.008873786,0.001043443,0.001264794,0.0,0.0,0.0
0.75447,0.38,0.418,0.435,0.01265056,0.002498798,0.002452135,0.001452572,0.008941909,0.001046226,0.001256512,0.0,0.0,0.0
0.75505,0.38,0.419,0.436,0.01269107,0.002493183,0.002433254,0.001443211,0.009009488,0.001049972,0.001248331,0.0,0.0,0.0
0.75562,0.38,0.42,0.437,0.01273143,0.002488278,0.002414533,0.00143392,0.009076651,0.001054358,0.001240247,0.0,0.0,0.0
0.7562,0.38,0.421,0.438,0.0127717,0.002483903,0.002395971,0.001424698,0.009143468,0.001059205,0.001232259,0.0,0.0,0.0
0.75678,0.38,0.422,0.439,0.01281191,0.002479947,0.002377566,0.001415545,0.009209979,0.001064402,0.001224365,0.0,0.0,0.0
0.75736,0.38,0.423,0.44,0.01285209,0.002476336,0.002359318,0.00140646,0.009276209,0.001069876,0.001216564,0.0,0.0,0.0
0.75794,0.38,0.424,0.441,0.0128882,0.002514936,0.002341224,0.001397443,0.009338125,0.001117493,0.001208852,0.0,0.0,0.0
0.75853,0.38,0.425,0.442,0.01293082,0.002507833,0.002323283,0.001388493,0.009406307,0.00111934,0.001201229,0.0,0.0,0.0
0.75911,0.38,0.426,0.443,0.01297286,0.002502255,0.002305493,0.001379609,0.009473672,0.001122645,0.001193692,0.0,0.0,0.0
0.75969,0.38,0.427,0.444,0.01301455,0.002497623,0.002287854,0.001370792,0.00954046,0.001126831,0.001186239,0.0,0.0,0.0
0.76028,0.38,0.428,0.445,0.01305602,0.002493649,0.002270364,0.001362039,0.009606788,0.00113161,0.001178869,0.0,0.0,0.0
0.76086,0.38,0.429,0.446,0.01309732,0.002490171,0.002253021,0.001353351,0.009672722,0.00113682,0.00117158,0.0,0.0,0.0
0.76145,0.38,0.43,0.447,0.01313849,0.002487087,0.002235825,0.001344728,0.009738301,0.001142359,0.001164369,0.0,0.0,0.0
0.76204,0.38,0.431,0.448,0.01317956,0.002484328,0.002218773,0.001336168,0.009803547,0.001148161,0.001157236,0.0,0.0,0.0
0.76263,0.38,0.432,0.449,0.01321553,0.002523011,0.002201865,0.001327671,0.009863491,0.00119534,0.001150178,0.0,0.0,0.0
0.76322,0.38,0.433,0.45,0.01325884,0.002516882,0.002185099,0.001319236,0.009930546,0.001197645,0.001143193,0.0,0.0,0.0
0.76381,0.38,0.434,0.451,0.0133015,0.002512199,0.002168473,0.001310864,0.009996742,0.001201335,0.00113628,0.0,0.0,0.0
0.7644,0.38,0.435,0.452,0.01334374,0.002508419,0.002151987,0.001302553,0.01006231,0.001205866,0.001129438,0.0,0.0,0.0
0.76499,0.38,0.436,0.453,0.01338568,0.00250527,0.002135639,0.001294303,0.01012738,0.001210966,0.001122663,0.0,0.0,0.0
0.76558,0.38,0.437,0.454,0.01342738,0.002502595,0.002119428,0.001286114,0.01019199,0.001216482,0.001115956,0.0,0.0,0.0
0.76617,0.38,0.438,0.455,0.01346887,0.002500298,0.002103353,0.001277984,0.01025621,0.001222314,0.001109313,0.0,0.0,0.0
0.76677,0.38,0.439,0.456,0.01351018,0.002498312,0.002087412,0.001269913,0.01032003,0.001228399,0.001102734,0.0,0.0,0.0
0.76736,0.38,0.44,0.457,0.01354519,0.002537393,0.002071604,0.001261902,0.01037737,0.001275491,0.001096216,0.0,0.0,0.0
0.76796,0.38,0.441,0.458,0.01358863,0.002531985,0.002055928,0.001253949,0.01044294,0.001278036,0.001089759,0.0,0.0,0.0
0.76856,0.38,0.442,0.459,0.01363132,0.002528033,0.002040382,0.001246053,0.01050758,0.00128198,0.001083361,0.0,0.0,0.0
0.76915,0.38,0.443,0.46,0.01367351,0.00252498,0.002024966,0.001238215,0.01057153,0.001286765,0.001077019,0.0,0.0,0.0
0.76975,0.38,0.444,0.461,0.01371532,0.002522551,0.002009678,0.001230434,0.01063491,0.001292117,0.001070734,0.0,0.0,0.0
0.77035,0.38,0.445,0.462,0.01375682,0.002520588,0.001994517,0.001222709,0.0106978,0.001297879,0.001064502,0.0,0.0,0.0
0.77095,0.38,0.446,0.463,0.01379804,0.002518994,0.001979482,0.00121504,0.01076024,0.001303954,0.001058324,0.0,0.0,0.0
0.77155,0.38,0.447,0.464,0.01383901,0.002517702,0.001964571,0.001207426,0.01082224,0.001310276,0.001052197,0.0,0.0,0.0
0.77215,0.38,0.448,0.465,0.01387223,0.002557543,0.001949784,0.001199867,0.01087633,0.001357676,0.001046119,0.0,0.0,0.0
0.77276,0.38,0.449,0.466,0.01391531,0.002552586,0.001935119,0.001192363,0.0109401,0.001360223,0.00104009,0.0,0.0,0.0
0.77336,0.38,0.45,0.467,0.0139575,0.002549192,0.001920575,0.001184912,0.01100282,0.00136428,0.001034109,0.0,0.0,0.0
0.77397,0.38,0.451,0.468,0.0139991,0.002546738,0.001906152,0.001177515,0.01106477,0.001369223,0.001028173,0.0,0.0,0.0
0.77457,0.38,0.452,0.469,0.01404023,0.002544923,0.001891847,0.001170171,0.0111261,0.001374752,0.001022282,0.0,0.0,0.0
0.77518,0.38,0.453,0.47,0.01408098,0.002543579,0.00187766,0.001162879,0.01118688,0.0013807,0.001016434,0.0,0.0,0.0
0.77578,0.38,0.454,0.471,0.01412138,0.002542604,0.00186359,0.00115564,0.01124716,0.001386964,0.001010628,0.0,0.0,0.0
0.77639,0.38,0.455,0.472,0.01416146,0.002541928,0.001849636,0.001148452,0.01130696,0.001393477,0.001004864,0.0,0.0,0.0
0.777,0.38,0.456,0.473,0.01420123,0.002541504,0.001835796,0.001141315,0.0113663,0.00140019,0.0009991384,0.0,0.0,0.0
0.77761,0.38,0.457,0.474,0.01423436,0.002578191,0.001822069,0.001134228,0.01141884,0.001443963,0.0009934517,0.0,0.0,0.0
0.77822,0.38,0.458,0.475,0.0142756,0.002575153,0.001808456,0.001127193,0.01147934,0.00144796,0.0009878023,0.0,0.0,0.0
0.77883,0.38,0.459,0.476,0.01431611,0.002573155,0.001794953,0.001120206,0.01153897,0.001452948,0.0009821891,0.0,0.0,0.0
0.77944,0.38,0.46,0.477,0.01435608,0.002571842,0.001781561,0.00111327,0.01159791,0.001458572,0.0009766111,0.0,0.0,0.0
0.78005,0.38,0.461,0.478,0.01439558,0.002571022,0.001768278,0.001106382,0.01165624,0.00146464,0.0009710671,0.0,0.0,0.0
0.78067,0.38,0.462,0.479,0.01443467,0.00257058,0.001755104,0.001099543,0.01171401,0.001471037,0.0009655562,0.0,0.0,0.0
0.78128,0.38,0.463,0.48,0.01447337,0.002570441,0.001742037,0.001092752,0.01177126,0.001477689,0.0009600773,0.0,0.0,0.0
0.78189,0.38,0.464,0.481,0.01451172,0.002570554,0.001729076,0.001086008,0.01182801,0.001484546,0.0009546293,0.0,0.0,0.0
0.78251,0.38,0.465,0.482,0.01454168,0.002608422,0.001716221,0.001079312,0.01187625,0.001529109,0.0009492114,0.0,0.0,0.0
0.78313,0.38,0.466,0.483,0.01458159,0.002605459,0.00170347,0.001072663,0.0119343,0.001532796,0.0009438226,0.0,0.0,0.0
0.78374,0.38,0.467,0.484,0.01462062,0.002603742,0.001690822,0.00106606,0.01199134,0.001537682,0.000938462,0.0,0.0,0.0
0.78436,0.38,0.468,0.485,0.01465899,0.002602802,0.001678277,0.001059503,0.01204759,0.001543299,0.0009331287,0.0,0.0,0.0
0.78498,0.38,0.469,0.486,0.01469682,0.002602402,0.001665834,0.001052992,0.01210317,0.001549409,0.0009278218,0.0,0.0,0.0
0.7856,0.38,0.47,0.487,0.01473417,0.002602403,0.001653491,0.001046526,0.01215814,0.001555877,0.0009225404,0.0,0.0,0.0
0.78622,0.38,0.471,0.488,0.01477108,0.002602721,0.001641248,0.001040105,0.01221254,0.001562615,0.0009172838,0.0,0.0,0.0
0.78684,0.38,0.472,0.489,0.01480756,0.002603297,0.001629103,0.001033729,0.01226641,0.001569568,0.0009120511,0.0,0.0,0.0
0.78746,0.38,0.473,0.49,0.01484365,0.002604089,0.001617057,0.001027396,0.01231975,0.001576693,0.0009068415,0.0,0.0,0.0
0.78809,0.38,0.474,0.491,0.0148719,0.002639765,0.001605107,0.001021108,0.01236514,0.001618658,0.0009016544,0.0,0.0,0.0
0.78871,0.38,0.475,0.492,0.01490914,0.002638082,0.001593254,0.001014862,0.01241939,0.001623219,0.000896489,0.0,0.0,0.0
0.78933,0.38,0.476,0.493,0.01494557,0.002637353,0.001581495,0.00100866,0.01247273,0.001628693,0.0008913445,0.0,0.0,0.0
0.78996,0.38,0.477,0.494,0.01498137,0.00263725,0.001569832,0.0010025,0.01252532,0.00163475,0.0008862203,0.0,0.0,0.0
0.79058,0.38,0.478,0.495,0.01501662,0.002637596,0.001558261,0.0009963825,0.01257724,0.001641214,0.0008811157,0.0,0.0,0.0
0.79121,0.38,0.479,0.496,0.01505137,0.002638285,0.001546783,0.0009903067,0.01262855,0.001647978,0.0008760301,0.0,0.0,0.0
0.79184,0.38,0.48,0.497,0.01508564,0.002639246,0.001535397,0.0009842724,0.01267928,0.001654974,0.0008709629,0.0,0.0,0.0
0.79247,0.38,0.481,0.498,0.01511947,0.002640432,0.001524102,0.0009782792,0.01272946,0.001662153,0.0008659134,0.0,0.0,0.0
0.79309,0.38,0.482,0.499,0.01514334,0.002677965,0.001512897,0.0009723268,0.01276956,0.001705638,0.0008608811,0.0,0.0,0.0
0.79372,0.38,0.483,0.5,0.01517863,0.002675882,0.001501781,0.0009664148,0.01282099,0.001709468,0.0008558654,0.0,0.0,0.0
0.79435,0.38,0.484,0.501,0.01521289,0.002675126,0.001490754,0.0009605429,0.01287127,0.001714583,0.0008508658,0.0,0.0,0.0
0.79499,0.38,0.485,0.502,0.01524639,0.002675163,0.001479814,0.0009547107,0.0129207,0.001720452,0.0008458818,0.0,0.0,0.0
0.79562,0.38,0.486,0.503,0.01527926,0.002675735,0.001468962,0.0009489179,0.01296938,0.001726818,0.0008409129,0.0,0.0,0.0
0.79625,0.38,0.487,0.504,0.01531156,0.002676698,0.001458195,0.0009431642,0.0130174,0.001733534,0.0008359585,0.0,0.0,0.0
0.79688,0.38,0.488,0.505,0.01534334,0.002677962,0.001447514,0.0009374491,0.0130648,0.001740513,0.0008310183,0.0,0.0,0.0
0.79752,0.38,0.489,0.506,0.01537462,0.002679469,0.001436917,0.0009317724,0.01311161,0.001747696,0.0008260918,0.0,0.0,0.0
0.79815,0.38,0.49,0.507,0.01540544,0.002681176,0.001426404,0.0009261338,0.01315785,0.001755042,0.0008211786,0.0,0.0,0.0
0.79879,0.38,0.491,0.508,0.01542647,0.002717122,0.001415974,0.0009205328,0.01319422,0.001796589,0.0008162782,0.0,0.0,0.0
0.79942,0.38,0.492,0.509,0.01545849,0.002715901,0.001405627,0.0009149693,0.01324148,0.001800932,0.0008113904,0.0,0.0,0.0
0.80006,0.38,0.493,0.51,0.01548953,0.002715834,0.001395361,0.0009094428,0.01328766,0.001806391,0.0008065147,0.0,0.0,0.0
0.8007,0.38,0.494,0.511,0.01551981,0.002716472,0.001385175,0.0009039531,0.01333299,0.001812519,0.0008016508,0.0,0.0,0.0
0.80134,0.38,0.495,0.512,0.01554946,0.00271759,0.00137507,0.0008984998,0.01337759,0.001819091,0.0007967983,0.0,0.0,0.0
0.80198,0.38,0.496,0.513,0.01557852,0.002719062,0.001365044,0.0008930826,0.01342152,0.00182598,0.000791957,0.0,0.0,0.0
0.80262,0.38,0.497,0.514,0.01560706,0.002720809,0.001355097,0.0008877012,0.01346483,0.001833107,0.0007871266,0.0,0.0,0.0
0.80326,0.38,0.498,0.515,0.01563508,0.002722776,0.001345228,0.0008823554,0.01350755,0.00184042,0.0007823067,0.0,0.0,0.0
0.8039,0.38,0.499,0.516,0.01566261,0.002724926,0.001335436,0.0008770447,0.01354968,0.001847881,0.0007774971,0.0,0.0,0.0
0.80454,0.38,0.5,0.517,0.01568026,0.002759795,0.001325721,0.0008717689,0.01358184,0.001888026,0.0007726976,0.0,0.0,0.0
0.80518,0.38,0.501,0.518,0.01570887,0.00275914,0.001316082,0.0008665277,0.01362488,0.001892612,0.0007679079,0.0,0.0,0.0
0.80583,0.38,0.502,0.519,0.0157365,0.002759577,0.001306517,0.0008613208,0.01366685,0.001898256,0.0007631279,0.0,0.0,0.0
0.80647,0.38,0.503,0.52,0.01576336,0.00276068,0.001297028,0.0008561479,0.01370798,0.001904532,0.0007583572,0.0,0.0,0.0
0.80712,0.38,0.504,0.521,0.01578959,0.002762237,0.001287612,0.0008510087,0.01374838,0.001911228,0.0007535958,0.0,0.0,0.0
0.80776,0.38,0.505,0.522,0.01581522,0.002764127,0.00127827,0.000845903,0.01378811,0.001918224,0.0007488434,0.0,0.0,0.0
0.80841,0.38,0.506,0.523,0.01584031,0.002766274,0.001269,0.0008408303,0.01382721,0.001925444,0.0007441,0.0,0.0,0.0
0.80906,0.38,0.507,0.524,0.01586488,0.002768628,0.001259802,0.0008357905,0.01386572,0.001932837,0.0007393652,0.0,0.0,0.0
0.80971,0.38,0.508,0.525,0.01588895,0.002771153,0.001250675,0.0008307833,0.01390364,0.00194037,0.0007346391,0.0,0.0,0.0
0.81035,0.38,0.509,0.526,0.01591253,0.002773824,0.001241619,0.0008258083,0.01394099,0.001948016,0.0007299215,0.0,0.0,0.0
0.811,0.38,0.51,0.527,0.01592789,0.002805063,0.001232633,0.0008208654,0.01397005,0.001984198,0.0007252123,0.0,0.0,0.0
0.81165,0.38,0.511,0.528,0.01595201,0.002805839,0.001223717,0.0008159541,0.01400778,0.001989885,0.0007205114,0.0,0.0,0.0
0.8123,0.38,0.512,0.529,0.01597535,0.002807288,0.001214869,0.0008110744,0.01404466,0.001996214,0.0007158187,0.0,0.0,0.0
0.81296,0.38,0.513,0.53,0.01599803,0.002809188,0.00120609,0.0008062258,0.01408081,0.002002962,0.0007111341,0.0,0.0,0.0
0.81361,0.38,0.514,0.531,0.01602012,0.002811415,0.001197378,0.0008014081,0.01411628,0.002010006,0.0007064576,0.0,0.0,0.0
0.81426,0.38,0.515,0.532,0.01604165,0.002813892,0.001188734,0.000796621,0.01415113,0.002017271,0.0007017892,0.0,0.0,0.0
0.81492,0.38,0.516,0.533,0.01606266,0.002816569,0.001180155,0.0007918643,0.01418538,0.002024705,0.0006971288,0.0,0.0,0.0
0.81557,0.38,0.517,0.534,0.01608317,0.00281941,0.001171643,0.0007871378,0.01421905,0.002032273,0.0006924763,0.0,0.0,0.0
0.81622,0.38,0.518,0.535,0.01610318,0.00282239,0.001163196,0.000782441,0.01425215,0.002039949,0.0006878318,0.0,0.0,0.0
0.81688,0.38,0.519,0.536,0.01611444,0.002853282,0.001154814,0.0007777739,0.01427643,0.002075508,0.0006831952,0.0,0.0,0.0
0.81754,0.38,0.52,0.537,0.01613503,0.002854222,0.001146496,0.0007731361,0.01430997,0.002081086,0.0006785666,0.0,0.0,0.0
0.81819,0.38,0.521,0.538,0.01615481,0.002855897,0.001138241,0.0007685273,0.01434263,0.00208737,0.000673946,0.0,0.0,0.0
0.81885,0.38,0.522,0.539,0.01617391,0.002858049,0.00113005,0.0007639474,0.01437453,0.002094102,0.0006693334,0.0,0.0,0.0
0.81951,0.38,0.523,0.54,0.01619241,0.002860538,0.001121921,0.000759396,0.01440577,0.002101142,0.0006647288,0.0,0.0,0.0
0.82017,0.38,0.524,0.541,0.01621036,0.002863282,0.001113854,0.0007548729,0.01443637,0.002108409,0.0006601322,0.0,0.0,0.0
0.82083,0.38,0.525,0.542,0.01622778,0.002866226,0.001105848,0.0007503779,0.01446639,0.002115848,0.0006555438,0.0,0.0,0.0
0.82149,0.38,0.526,0.543,0.01624469,0.002869333,0.001097904,0.0007459106,0.01449583,0.002123422,0.0006509635,0.0,0.0,0.0
0.82215,0.38,0.527,0.544,0.01626112,0.002872575,0.001090019,0.0007414709,0.01452471,0.002131104,0.0006463915,0.0,0.0,0.0
0.82281,0.38,0.528,0.545,0.01626802,0.002903589,0.001082195,0.0007370585,0.01454399,0.002166531,0.0006418277,0.0,0.0,0.0
0.82348,0.38,0.529,0.546,0.01628519,0.002904459,0.00107443,0.0007326731,0.01457349,0.002171786,0.0006372724,0.0,0.0,0.0
0.82414,0.38,0.53,0.547,0.01630147,0.00290622,0.001066724,0.0007283145,0.01460202,0.002177906,0.0006327255,0.0,0.0,0.0
0.8248,0.38,0.531,0.548,0.01631703,0.002908527,0.001059076,0.0007239825,0.01462977,0.002184545,0.0006281871,0.0,0.0,0.0
0.82547,0.38,0.532,0.549,0.01633199,0.002911206,0.001051486,0.0007196767,0.01465684,0.002191529,0.0006236574,0.0,0.0,0.0
0.82613,0.38,0.533,0.55,0.01634638,0.002914156,0.001043954,0.000715397,0.01468329,0.002198759,0.0006191365,0.0,0.0,0.0
0.8268,0.38,0.534,0.551,0.01636025,0.002917315,0.001036478,0.0007111431,0.01470915,0.002206172,0.0006146245,0.0,0.0,0.0
0.82747,0.38,0.535,0.552,0.01637362,0.002920642,0.001029059,0.0007069147,0.01473444,0.002213727,0.0006101214,0.0,0.0,0.0
0.82813,0.38,0.536,0.553,0.01638651,0.002924107,0.001021695,0.0007027116,0.01475919,0.002221396,0.0006056275,0.0,0.0,0.0
0.8288,0.38,0.537,0.554,0.01639894,0.002927689,0.001014387,0.0006985336,0.01478341,0.002229156,0.0006011428,0.0,0.0,0.0
0.82947,0.38,0.538,0.555,0.01640269,0.002956465,0.001007134,0.0006943803,0.01479889,0.002262085,0.0005966674,0.0,0.0,0.0
0.83014,0.38,0.539,0.556,0.01641563,0.002958104,0.0009999353,0.0006902515,0.0148235,0.002267853,0.0005922016,0.0,0.0,0.0
0.83081,0.38,0.54,0.557,0.01642779,0.002960441,0.0009927907,0.000686147,0.01484726,0.002274295,0.0005877454,0.0,0.0,0.0
0.83148,0.38,0.541,0.558,0.01643931,0.002963223,0.0009856997,0.0006820664,0.01487031,0.002281157,0.000583299,0.0,0.0,0.0
0.83215,0.38,0.542,0.559,0.01645026,0.002966316,0.0009786618,0.0006780095,0.01489274,0.002288306,0.0005788625,0.0,0.0,0.0
0.83283,0.38,0.543,0.56,0.01646069,0.00296964,0.0009716765,0.0006739761,0.01491458,0.002295664,0.0005744361,0.0,0.0,0.0
0.8335,0.38,0.544,0.561,0.01647063,0.002973145,0.0009647434,0.0006699657,0.01493587,0.002303179,0.00057002,0.0,0.0,0.0
0.83417,0.38,0.545,0.562,0.0164801,0.002976796,0.0009578622,0.0006659781,0.01495663,0.002310818,0.0005656143,0.0,0.0,0.0
0.83485,0.38,0.546,0.563,0.01648912,0.002980569,0.0009510322,0.000662013,0.01497687,0.002318556,0.0005612191,0.0,0.0,0.0
0.83552,0.38,0.547,0.564,0.01649769,0.002984446,0.0009442532,0.0006580699,0.0149966,0.002326376,0.0005568347,0.0,0.0,0.0
0.8362,0.38,0.548,0.565,0.01649811,0.003011584,0.0009375247,0.0006541486,0.01500813,0.002357436,0.0005524613,0.0,0.0,0.0
0.83687,0.38,0.549,0.566,0.0165071,0.003013738,0.0009308462,0.0006502485,0.01502816,0.00236349,0.0005480988,0.0,0.0,0.0
0.83755,0.38,0.55,0.567,0.01651538,0.003016497,0.0009242174,0.000646369,0.01504741,0.002370128,0.0005437477,0.0,0.0,0.0
0.83823,0.38,0.551,0.568,0.01652306,0.003019646,0.0009176378,0.0006425096,0.01506602,0.002377137,0.000539408,0.0,0.0,0.0
0.8389,0.38,0.552,0.569,0.01653022,0.00302307,0.0009111071,0.0006386691,0.01508404,0.002384401,0.0005350799,0.0,0.0,0.0
0.83958,0.38,0.553,0.57,0.0165369,0.003026699,0.0009046247,0.0006348459,0.01510151,0.002391853,0.0005307635,0.0,0.0,0.0
0.84026,0.38,0.554,0.571,0.01654311,0.00303714,0.0008981904,0.0006376921,0.01511847,0.002399448,0.0005264592,0.0,0.0,0.0
0.84094,0.38,0.555,0.572,0.01654889,0.003041009,0.0008918036,0.0006338533,0.01513492,0.002407156,0.000522167,0.0,0.0,0.0
0.84162,0.38,0.556,0.573,0.01655425,0.003044995,0.0008854641,0.0006300387,0.0151509,0.002414956,0.0005178871,0.0,0.0,0.0
0.8423,0.38,0.557,0.574,0.01655919,0.003049079,0.0008791714,0.0006262481,0.0151664,0.002422831,0.0005136198,0.0,0.0,0.0
0.84298,0.38,0.558,0.575,0.01655629,0.003074981,0.0008729252,0.0006224812,0.015174,0.0024525,0.0005093652,0.0,0.0,0.0
0.84367,0.38,0.559,0.576,0.01656165,0.003077428,0.000866725,0.0006187381,0.01518981,0.00245869,0.0005051235,0.0,0.0,0.0
0.84435,0.38,0.56,0.577,0.0165664,0.003080459,0.0008605705,0.0006150184,0.01520493,0.00246544,0.0005008949,0.0,0.0,0.0
0.84503,0.38,0.561,0.578,0.01657053,0.003083868,0.0008544612,0.0006113219,0.01521939,0.002472546,0.0004966795,0.0,0.0,0.0
0.84572,0.38,0.562,0.579,0.01657417,0.003087544,0.0008483969,0.0006076486,0.0152333,0.002479895,0.0004924776,0.0,0.0,0.0
0.8464,0.38,0.563,0.58,0.01657735,0.003091422,0.0008423772,0.0006039982,0.01524669,0.002487424,0.0004882894,0.0,0.0,0.0
0.84709,0.38,0.564,0.581,0.01658011,0.00309546,0.0008364017,0.0006003706,0.01525959,0.00249509,0.000484115,0.0,0.0,0.0
0.84777,0.38,0.565,0.582,0.01658254,0.00309962,0.0008304699,0.0005967656,0.01527211,0.002502854,0.0004799547,0.0,0.0,0.0
0.84846,0.38,0.566,0.583,0.01658456,0.003103895,0.0008245817,0.0005931831,0.01528417,0.002510712,0.0004758086,0.0,0.0,0.0
0.84915,0.38,0.567,0.584,0.01658618,0.003108268,0.0008187365,0.0005896228,0.01529577,0.002518645,0.0004716769,0.0,0.0,0.0
0.84984,0.38,0.568,0.585,0.01657993,0.00313347,0.0008129342,0.0005860846,0.01529944,0.002547385,0.0004675597,0.0,0.0,0.0
0.85053,0.38,0.569,0.586,0.01658198,0.003136162,0.0008071742,0.0005825684,0.01531135,0.002553593,0.0004634574,0.0,0.0,0.0
0.85121,0.38,0.57,0.587,0.01658338,0.003139471,0.0008014563,0.0005790739,0.01532256,0.002560397,0.0004593701,0.0,0.0,0.0
0.8519,0.38,0.571,0.588,0.01658432,0.003143162,0.0007957801,0.0005756011,0.01533324,0.002567561,0.0004552979,0.0,0.0,0.0
0.8526,0.38,0.572,0.589,0.01658476,0.003147123,0.0007901453,0.0005721498,0.01534337,0.002574973,0.0004512411,0.0,0.0,0.0
0.85329,0.38,0.573,0.59,0.01658485,0.00315129,0.0007845516,0.0005687197,0.0153531,0.002582571,0.0004471998,0.0,0.0,0.0
0.85398,0.38,0.574,0.591,0.01658447,0.003155619,0.0007789986,0.0005653109,0.0153623,0.002590308,0.0004431742,0.0,0.0,0.0
0.85467,0.38,0.575,0.592,0.01658371,0.003160079,0.0007734859,0.000561923,0.01537106,0.002598156,0.0004391645,0.0,0.0,0.0
0.85536,0.38,0.576,0.593,0.01658258,0.003164651,0.0007680134,0.000558556,0.0153794,0.002606095,0.0004351709,0.0,0.0,0.0
0.85606,0.38,0.577,0.594,0.01658111,0.003169318,0.0007625805,0.0005552096,0.01538734,0.002614108,0.0004311936,0.0,0.0,0.0
0.85675,0.38,0.578,0.595,0.01657942,0.003174054,0.0007571871,0.0005518839,0.015395,0.00262217,0.0004272327,0.0,0.0,0.0
0.85745,0.38,0.579,0.596,0.01657093,0.00319709,0.0007518328,0.0005485785,0.01539581,0.002648512,0.0004232884,0.0,0.0,0.0
0.85814,0.38,0.58,0.597,0.0165695,0.003200582,0.0007465173,0.0005452934,0.01540362,0.002655288,0.0004193608,0.0,0.0,0.0
0.85884,0.38,0.581,0.598,0.01656747,0.003204517,0.0007412402,0.0005420284,0.01541078,0.002662489,0.0004154503,0.0,0.0,0.0
0.85953,0.38,0.582,0.599,0.01656501,0.003208751,0.0007360013,0.0005387833,0.01541745,0.002669968,0.0004115568,0.0,0.0,0.0
0.86023,0.38,0.583,0.6,0.01656214,0.003213203,0.0007308002,0.0005355581,0.01542366,0.002677645,0.0004076807,0.0,0.0,0.0
0.86093,0.38,0.584,0.601,0.01655901,0.003217816,0.0007256368,0.0005323526,0.01542955,0.002685464,0.000403822,0.0,0.0,0.0
0.86163,0.38,0.585,0.602,0.01655551,0.003222557,0.0007205105,0.0005291666,0.01543502,0.002693391,0.0003999809,0.0,0.0,0.0
0.86233,0.38,0.586,0.603,0.01655179,0.003227421,0.0007154213,0.000526,0.01544021,0.002701421,0.0003961576,0.0,0.0,0.0
0.86303,0.38,0.587,0.604,0.01654763,0.003232386,0.0007103686,0.0005228527,0.01544491,0.002709533,0.0003923523,0.0,0.0,0.0
0.86373,0.38,0.588,0.605,0.01654316,0.00323744,0.0007053524,0.0005197245,0.01544924,0.002717716,0.0003885651,0.0,0.0,0.0
0.86443,0.38,0.589,0.606,0.01653839,0.003242574,0.0007003722,0.0005166153,0.01545323,0.002725958,0.0003847961,0.0,0.0,0.0
0.86513,0.38,0.59,0.607,0.01652757,0.003264133,0.0006954279,0.0005135249,0.0154511,0.002750608,0.0003810455,0.0,0.0,0.0
0.86583,0.38,0.591,0.608,0.01652318,0.003268223,0.000690519,0.0005104533,0.01545534,0.00275777,0.0003773135,0.0,0.0,0.0
0.86653,0.38,0.592,0.609,0.01651824,0.003272679,0.0006856454,0.0005074002,0.01545899,0.002765279,0.0003736002,0.0,0.0,0.0
0.86724,0.38,0.593,0.61,0.01651308,0.003277393,0.0006808067,0.0005043656,0.01546237,0.002773027,0.0003699057,0.0,0.0,0.0
0.86794,0.38,0.594,0.611,0.01650743,0.003282299,0.0006760027,0.0005013494,0.0154652,0.002780949,0.0003662303,0.0,0.0,0.0
0.86864,0.38,0.595,0.612,0.01650146,0.003287356,0.0006712331,0.0004983513,0.01546765,0.002789005,0.0003625739,0.0,0.0,0.0
0.86935,0.38,0.596,0.613,0.01649519,0.00329254,0.0006664976,0.0004953713,0.01546976,0.002797169,0.0003589368,0.0,0.0,0.0
0.87005,0.38,0.597,0.614,0.01648865,0.003297832,0.000661796,0.0004924093,0.01547154,0.002805422,0.0003553192,0.0,0.0,0.0
0.87076,0.38,0.598,0.615,0.01648204,0.003303189,0.000657128,0.0004894651,0.01547319,0.002813723,0.000351721,0.0,0.0,0.0
0.87147,0.38,0.599,0.616,0.01647502,0.003308642,0.0006524933,0.0004865386,0.01547439,0.002822104,0.0003481425,0.0,0.0,0.0
0.87217,0.38,0.6,0.617,0.01646797,0.003314179,0.0006478916,0.0004836296,0.01547549,0.002830549,0.0003445838,0.0,0.0,0.0
0.87288,0.38,0.601,0.618,0.01645512,0.003334719,0.0006433228,0.0004807381,0.01547075,0.002853981,0.000341045,0.0,0.0,0.0
0.87359,0.38,0.602,0.619,0.01644806,0.003339354,0.0006387865,0.0004778639,0.01547175,0.00286149,0.0003375262,0.0,0.0,0.0
0.8743,0.38,0.603,0.62,0.01644062,0.003344319,0.0006342825,0.000475007,0.01547231,0.002869312,0.0003340275,0.0,0.0,0.0
0.87501,0.38,0.604,0.621,0.01643287,0.003349517,0.0006298106,0.0004721671,0.01547251,0.00287735,0.0003305491,0.0,0.0,0.0
0.87572,0.38,0.605,0.622,0.01642509,0.003354854,0.0006253705,0.0004693442,0.01547262,0.00288551,0.000327091,0.0,0.0,0.0
0.87643,0.38,0.606,0.623,0.01641702,0.003360356,0.0006209619,0.0004665382,0.01547241,0.002893818,0.0003236534,0.0,0.0,0.0
0.87714,0.38,0.607,0.624,0.0164086,0.003365984,0.0006165846,0.0004637489,0.01547178,0.002902235,0.0003202363,0.0,0.0,0.0
0.87785,0.38,0.608,0.625,0.01639988,0.00337172,0.0006122383,0.0004609762,0.0154708,0.002910744,0.0003168399,0.0,0.0,0.0
0.87856,0.38,0.609,0.626,0.01639091,0.003377552,0.0006079229,0.00045822,0.01546953,0.002919332,0.0003134643,0.0,0.0,0.0
0.87928,0.38,0.61,0.627,0.01638174,0.00338347,0.000603638,0.0004554803,0.01546799,0.00292799,0.0003101095,0.0,0.0,0.0
0.87999,0.38,0.611,0.628,0.01637236,0.003389469,0.0005993835,0.0004527568,0.0154662,0.002936712,0.0003067756,0.0,0.0,0.0
0.8807,0.38,0.612,0.629,0.016358,0.00340935,0.0005951591,0.0004500495,0.01545938,0.002959301,0.0003034628,0.0,0.0,0.0
0.88142,0.38,0.613,0.63,0.0163492,0.003414459,0.0005909646,0.0004473582,0.01545807,0.002967101,0.0003001711,0.0,0.0,0.0
0.88213,0.38,0.614,0.631,0.01633989,0.003419905,0.0005867997,0.0004446829,0.01545619,0.002975222,0.0002969006,0.0,0.0,0.0
0.88285,0.38,0.615,0.632,0.01633023,0.003425587,0.0005826642,0.0004420234,0.01545391,0.002983563,0.0002936513,0.0,0.0,0.0
0.88356,0.38,0.616,0.633,0.01632031,0.00343145,0.0005785579,0.0004393797,0.01545133,0.00299207,0.0002904234,0.0,0.0,0.0
0.88428,0.38,0.617,0.634,0.01631018,0.003437459,0.0005744805,0.0004367516,0.01544848,0.003000708,0.0002872169,0.0,0.0,0.0
0.885,0.38,0.618,0.635,0.01629985,0.003443593,0.0005704319,0.0004341391,0.01544538,0.003009454,0.0002840318,0.0,0.0,0.0
0.88572,0.38,0.619,0.636,0.0162897,0.00344977,0.0005664118,0.0004315419,0.01544242,0.003018228,0.0002808683,0.0,0.0,0.0
0.88643,0.38,0.62,0.637,0.01627937,0.003456083,0.00056242,0.0004289601,0.01543922,0.003027123,0.0002777264,0.0,0.0,0.0
0.88715,0.38,0.621,0.638,0.01626864,0.003462491,0.0005584563,0.0004263935,0.01543557,0.003036098,0.0002746061,0.0,0.0,0.0
0.88787,0.38,0.622,0.639,0.01625766,0.003468987,0.0005545205,0.000423842,0.01543163,0.003045145,0.0002715076,0.0,0.0,0.0
0.88859,0.38,0.623,0.64,0.0162415,0.003488707,0.0005506123,0.0004213055,0.01542245,0.003067401,0.0002684308,0.0,0.0,0.0
0.88931,0.38,0.624,0.641,0.01623087,0.00349429,0.0005467316,0.0004187839,0.01541877,0.003075506,0.0002653758,0.0,0.0,0.0
0.89003,0.38,0.625,0.642,0.01621994,0.003500246,0.000542878,0.0004162771,0.01541472,0.003083969,0.0002623426,0.0,0.0,0.0
0.89076,0.38,0.626,0.643,0.01620921,0.003506379,0.0005390515,0.000413785,0.01541082,0.003092594,0.0002593314,0.0,0.0,0.0
0.89148,0.38,0.627,0.644,0.01619825,0.003512748,0.0005352519,0.0004113075,0.01540666,0.003101441,0.0002563421,0.0,0.0,0.0
0.8922,0.38,0.628,0.645,0.01618688,0.00351928,0.0005314788,0.0004088446,0.01540203,0.003110436,0.0002533747,0.0,0.0,0.0
0.89292,0.38,0.629,0.646,0.01617523,0.003525948,0.0005277322,0.000406396,0.01539707,0.003119552,0.0002504293,0.0,0.0,0.0
0.89365,0.38,0.63,0.647,0.01616342,0.003532734,0.0005240117,0.0004039618,0.0153919,0.003128772,0.000247506,0.0,0.0,0.0
0.89437,0.38,0.631,0.648,0.01615145,0.003539626,0.0005203173,0.0004015418,0.01538653,0.003138084,0.0002446046,0.0,0.0,0.0
0.8951,0.38,0.632,0.649,0.01613936,0.003546615,0.0005166487,0.0003991359,0.01538098,0.003147479,0.0002417254,0.0,0.0,0.0
0.89582,0.38,0.633,0.65,0.01612765,0.003553609,0.0005130058,0.0003967441,0.01537577,0.003156865,0.0002388682,0.0,0.0,0.0
0.89655,0.38,0.634,0.651,0.01611541,0.003560731,0.0005093882,0.0003943662,0.01536999,0.003166365,0.0002360331,0.0,0.0,0.0
0.89727,0.38,0.635,0.652,0.01609918,0.003579554,0.0005057959,0.0003920022,0.01536016,0.003187551,0.0002332202,0.0,0.0,0.0
0.898,0.38,0.636,0.653,0.01608727,0.003585978,0.0005022286,0.0003896519,0.01535461,0.003196326,0.0002304293,0.0,0.0,0.0
0.89873,0.38,0.637,0.654,0.0160751,0.003592716,0.0004986862,0.0003873153,0.01534876,0.003205401,0.0002276606,0.0,0.0,0.0
0.89946,0.38,0.638,0.655,0.01606275,0.00359968,0.0004951685,0.0003849923,0.01534267,0.003214687,0.000224914,0.0,0.0,0.0
0.90019,0.38,0.639,0.656,0.01605024,0.00360682,0.0004916752,0.0003826828,0.01533637,0.003224137,0.0002221895,0.0,0.0,0.0
0.90091,0.38,0.64,0.657,0.01603816,0.003614019,0.0004882063,0.0003803867,0.01533047,0.003233632,0.0002194871,0.0,0.0,0.0
0.90164,0.38,0.641,0.658,0.01602555,0.003621375,0.0004847614,0.0003781039,0.01532398,0.003243271,0.0002168069,0.0,0.0,0.0
0.90237,0.38,0.642,0.659,0.01601341,0.003628864,0.0004813406,0.0003758343,0.01531792,0.003253029,0.0002141487,0.0,0.0,0.0
0.9031,0.38,0.643,0.66,0.01600058,0.003636465,0.0004779434,0.0003735779,0.01531112,0.003262887,0.0002115126,0.0,0.0,0.0
0.90384,0.38,0.644,0.661,0.01598762,0.00364417,0.0004745699,0.0003713345,0.01530415,0.003272835,0.0002088987,0.0,0.0,0.0
0.90457,0.38,0.645,0.662,0.01597455,0.003651971,0.0004712197,0.0003691041,0.01529703,0.003282867,0.0002063067,0.0,0.0,0.0
0.9053,0.38,0.646,0.663,0.01596141,0.003659866,0.0004678928,0.0003668866,0.01528978,0.003292979,0.0002037369,0.0,0.0,0.0
0.90603,0.38,0.647,0.664,0.01594474,0.003678262,0.000464589,0.0003646819,0.01527896,0.00331358,0.000201189,0.0,0.0,0.0
0.90676,0.38,0.648,0.665,0.01593218,0.003685457,0.000461308,0.0003624899,0.01527221,0.003322967,0.0001986631,0.0,0.0,0.0
0.9075,0.38,0.649,0.666,0.01592001,0.003692976,0.0004580497,0.0003603106,0.0152658,0.003332665,0.0001961592,0.0,0.0,0.0
0.90823,0.38,0.65,0.667,0.01590709,0.003700721,0.000454814,0.0003581438,0.0152586,0.003342577,0.0001936772,0.0,0.0,0.0
0.90897,0.38,0.651,0.668,0.01589399,0.003708644,0.0004516007,0.0003559895,0.01525117,0.003352655,0.0001912171,0.0,0.0,0.0
0.9097,0.38,0.652,0.669,0.01588077,0.003716718,0.0004484096,0.0003538476,0.01524359,0.003362871,0.0001887788,0.0,0.0,0.0
0.91044,0.38,0.653,0.67,0.01586747,0.003724925,0.0004452405,0.000351718,0.01523587,0.003373207,0.0001863624,0.0,0.0,0.0
0.91117,0.38,0.654,0.671,0.0158541,0.003733251,0.0004420934,0.0003496007,0.01522804,0.003383651,0.0001839678,0.0,0.0,0.0
0.91191,0.38,0.655,0.672,0.01584152,0.00374153,0.0004389679,0.0003474955,0.01522096,0.003394035,0.0001815948,0.0,0.0,0.0
0.91265,0.38,0.656,0.673,0.01582878,0.00375,0.000435864,0.0003454024,0.01521368,0.003404598,0.0001792436,0.0,0.0,0.0
0.91339,0.38,0.657,0.674,0.01581567,0.003758588,0.0004327816,0.0003433213,0.01520597,0.003415266,0.0001769139,0.0,0.0,0.0
0.91412,0.38,0.658,0.675,0.01580224,0.003767281,0.0004297203,0.0003412521,0.01519792,0.003426029,0.0001746059,0.0,0.0,0.0
0.91486,0.38,0.659,0.676,0.01578494,0.00378578,0.0004266802,0.0003391948,0.01518594,0.003446585,0.0001723194,0.0,0.0,0.0
0.9156,0.38,0.66,0.677,0.01577186,0.003793884,0.000423661,0.0003371493,0.01517815,0.003456735,0.0001700543,0.0,0.0,0.0
0.91634,0.38,0.661,0.678,0.01575863,0.003802299,0.0004206626,0.0003351154,0.01517015,0.003467184,0.0001678107,0.0,0.0,0.0
0.91708,0.38,0.662,0.679,0.01574613,0.003810812,0.0004176848,0.0003330932,0.01516286,0.003477719,0.0001655884,0.0,0.0,0.0
0.91782,0.38,0.663,0.68,0.01573298,0.003819527,0.0004147275,0.0003310826,0.01515487,0.003488444,0.0001633873,0.0,0.0,0.0
0.91856,0.38,0.664,0.681,0.01572064,0.003828431,0.0004117905,0.0003290834,0.01514764,0.003499347,0.0001612075,0.0,0.0,0.0
0.9193,0.38,0.665,0.682,0.01570736,0.003837485,0.0004088737,0.0003270956,0.01513944,0.00351039,0.0001590489,0.0,0.0,0.0
0.92005,0.38,0.666,0.683,0.01569396,0.003846673,0.0004059769,0.0003251192,0.01513107,0.003521554,0.0001569113,0.0,0.0,0.0
0.92079,0.38,0.667,0.684,0.0156805,0.003855983,0.0004031001,0.0003231541,0.0151226,0.003532829,0.0001547947,0.0,0.0,0.0
0.92153,0.38,0.668,0.685,0.015667,0.00386541,0.0004002429,0.0003212001,0.01511406,0.00354421,0.000152699,0.0,0.0,0.0
0.92228,0.38,0.669,0.686,0.01565348,0.003874947,0.0003974054,0.0003192573,0.01510545,0.003555689,0.0001506242,0.0,0.0,0.0
0.92302,0.38,0.67,0.687,0.0156411,0.00388437,0.0003945873,0.0003173255,0.01509794,0.003567044,0.0001485702,0.0,0.0,0.0
0.92376,0.38,0.671,0.688,0.01562841,0.003894012,0.0003917885,0.0003154047,0.01509009,0.003578608,0.0001465369,0.0,0.0,0.0
0.92451,0.38,0.672,0.689,0.01561236,0.003912184,0.0003890089,0.0003134949,0.01507882,0.003598689,0.0001445241,0.0,0.0,0.0
0.92526,0.38,0.673,0.69,0.01559939,0.003921449,0.0003862484,0.0003115958,0.01507061,0.003609853,0.0001425319,0.0,0.0,0.0
0.926,0.38,0.674,0.691,0.01558628,0.00393098,0.0003835067,0.0003097076,0.01506221,0.003621272,0.0001405602,0.0,0.0,0.0
0.92675,0.38,0.675,0.692,0.01557309,0.003940716,0.0003807838,0.0003078301,0.0150537,0.003632886,0.0001386088,0.0,0.0,0.0
0.92749,0.38,0.676,0.693,0.01555986,0.003950625,0.0003780795,0.0003059632,0.0150451,0.003644662,0.0001366776,0.0,0.0,0.0
0.92824,0.38,0.677,0.694,0.01554756,0.003960558,0.0003753937,0.0003041069,0.0150374,0.003656451,0.0001347666,0.0,0.0,0.0
0.92899,0.38,0.678,0.695,0.01553478,0.003970575,0.0003727262,0.0003022612,0.01502918,0.003668314,0.0001328757,0.0,0.0,0.0
0.92974,0.38,0.679,0.696,0.01552294,0.003980791,0.000370077,0.0003004258,0.01502186,0.003680365,0.0001310048,0.0,0.0,0.0
0.93049,0.38,0.68,0.697,0.01551008,0.00399115,0.0003674459,0.0002986009,0.01501348,0.003692549,0.0001291538,0.0,0.0,0.0
0.93124,0.38,0.681,0.698,0.01549703,0.004001638,0.0003648327,0.0002967863,0.01500487,0.003704852,0.0001273226,0.0,0.0,0.0
0.93199,0.38,0.682,0.699,0.01548394,0.004012247,0.0003622374,0.000294982,0.01499619,0.003717266,0.000125511,0.0,0.0,0.0
0.93274,0.38,0.683,0.7,0.01547085,0.004022974,0.0003596597,0.0002931878,0.01498747,0.003729786,0.000123719,0.0,0.0,0.0
0.93349,0.38,0.684,0.701,0.01545777,0.004033814,0.0003570997,0.0002914038,0.01497872,0.00374241,0.0001219466,0.0,0.0,0.0
0.93424,0.38,0.685,0.702,0.01544315,0.004052019,0.0003545571,0.0002896298,0.0149684,0.00376239,0.0001201935,0.0,0.0,0.0
0.93499,0.38,0.686,0.703,0.01543084,0.004062364,0.0003520318,0.0002878659,0.01496035,0.003774499,0.0001184596,0.0,0.0,0.0
0.93574,0.38,0.687,0.704,0.0154198,0.004073009,0.0003495237,0.0002861119,0.01495353,0.003786898,0.000116745,0.0,0.0,0.0
0.93649,0.38,0.688,0.705,0.01540738,0.004083872,0.0003470327,0.0002843678,0.0149453,0.003799504,0.0001150494,0.0,0.0,0.0
0.93725,0.38,0.689,0.706,0.01539482,0.004094915,0.0003445586,0.0002826335,0.01493689,0.003812281,0.0001133728,0.0,0.0,0.0
0.938,0.38,0.69,0.707,0.01538222,0.004106116,0.0003421014,0.000280909,0.0149284,0.003825207,0.000111715,0.0,0.0,0.0
0.93875,0.38,0.691,0.708,0.01536961,0.004117463,0.0003396609,0.0002791942,0.01491987,0.003838269,0.0001100759,0.0,0.0,0.0
0.93951,0.38,0.692,0.709,0.01535702,0.004128947,0.000337237,0.0002774891,0.01491133,0.003851458,0.0001084555,0.0,0.0,0.0
0.94026,0.38,0.693,0.71,0.01534607,0.004140263,0.0003348295,0.0002757935,0.01490439,0.003864469,0.0001068536,0.0,0.0,0.0
0.94102,0.38,0.694,0.711,0.01533393,0.004151814,0.0003324385,0.0002741075,0.01489622,0.003877706,0.00010527,0.0,0.0,0.0
0.94178,0.38,0.695,0.712,0.01532344,0.004163538,0.0003300636,0.000272431,0.01488967,0.003891107,0.0001037048,0.0,0.0,0.0
0.94253,0.38,0.696,0.713,0.01531135,0.004175404,0.0003277049,0.0002707638,0.01488149,0.00390464,0.0001021577,0.0,0.0,0.0
0.94329,0.38,0.697,0.714,0.01529917,0.004187401,0.0003253622,0.0002691061,0.01487317,0.003918295,0.0001006286,0.0,0.0,0.0
0.94405,0.38,0.698,0.715,0.01528431,0.004206357,0.0003230354,0.0002674576,0.01486215,0.0039389,9.91175e-05,0.0,0.0,0.0
0.9448,0.38,0.699,0.716,0.01527245,0.00421807,0.0003207244,0.0002658184,0.0148541,0.003952251,9.762417e-05,0.0,0.0,0.0
0.94556,0.38,0.7,0.717,0.01526055,0.004230044,0.0003184291,0.0002641883,0.01484598,0.003965856,9.614853e-05,0.0,0.0,0.0
0.94632,0.38,0.701,0.718,0.01525054,0.004241864,0.0003161493,0.0002625675,0.0148397,0.003979297,9.469046e-05,0.0,0.0,0.0
0.94708,0.38,0.702,0.719,0.01523909,0.004254009,0.0003138849,0.0002609557,0.01483196,0.003993053,9.324982e-05,0.0,0.0,0.0
0.94784,0.38,0.703,0.72,0.01522954,0.004266369,0.000311636,0.0002593529,0.01482608,0.004007016,9.182651e-05,0.0,0.0,0.0
0.9486,0.38,0.704,0.721,0.01521815,0.004278902,0.0003094022,0.0002577591,0.01481832,0.004021143,9.042039e-05,0.0,0.0,0.0
0.94936,0.38,0.705,0.722,0.01520664,0.004291589,0.0003071836,0.0002561742,0.01481043,0.004035415,8.903134e-05,0.0,0.0,0.0
0.95012,0.38,0.706,0.723,0.01519512,0.004304421,0.00030498,0.0002545982,0.01480248,0.004049823,8.765925e-05,0.0,0.0,0.0
0.95088,0.38,0.707,0.724,0.01518363,0.004317391,0.0003027913,0.0002530309,0.01479453,0.00406436,8.630397e-05,0.0,0.0,0.0
0.95164,0.38,0.708,0.725,0.01517218,0.004330494,0.0003006175,0.0002514725,0.0147866,0.004079021,8.49654e-05,0.0,0.0,0.0
0.9524,0.38,0.709,0.726,0.01516288,0.004343326,0.0002984583,0.0002499228,0.01478077,0.004093403,8.364339e-05,0.0,0.0,0.0
0.95317,0.38,0.71,0.727,0.01515205,0.004356433,0.0002963137,0.0002483817,0.01477339,0.004108051,8.233784e-05,0.0,0.0,0.0
0.95393,0.38,0.711,0.728,0.01514334,0.004369734,0.0002941837,0.0002468492,0.01476811,0.004122885,8.104859e-05,0.0,0.0,0.0
0.95469,0.38,0.712,0.729,0.01513035,0.004389079,0.000292068,0.0002453253,0.01475851,0.004143754,7.977554e-05,0.0,0.0,0.0
0.95546,0.38,0.713,0.73,0.01511974,0.004402252,0.0002899667,0.0002438099,0.01475125,0.004158442,7.851856e-05,0.0,0.0,0.0
0.95622,0.38,0.714,0.731,0.01510906,0.004415665,0.0002878795,0.0002423029,0.01474391,0.004173362,7.72775e-05,0.0,0.0,0.0
0.95699,0.38,0.715,0.732,0.01509839,0.004429278,0.0002858064,0.0002408044,0.01473653,0.004188474,7.605226e-05,0.0,0.0,0.0
0.95775,0.38,0.716,0.733,0.01508775,0.004443067,0.0002837474,0.0002393142,0.01472916,0.004203753,7.484269e-05,0.0,0.0,0.0
0.95852,0.38,0.717,0.734,0.01507935,0.00445662,0.0002817022,0.0002378323,0.01472399,0.004218788,7.364866e-05,0.0,0.0,0.0
0.95928,0.38,0.718,0.735,0.01506947,0.004470403,0.0002796709,0.0002363587,0.01471733,0.004234045,7.247006e-05,0.0,0.0,0.0
0.96005,0.38,0.719,0.736,0.01506182,0.004484428,0.0002776532,0.0002348932,0.01471286,0.004249535,7.130674e-05,0.0,0.0,0.0
0.96082,0.38,0.72,0.737,0.01505202,0.004498631,0.0002756492,0.000233436,0.01470621,0.004265195,7.015859e-05,0.0,0.0,0.0
0.96158,0.38,0.721,0.738,0.01504202,0.004512991,0.0002736587,0.0002319868,0.01469933,0.004281004,6.902546e-05,0.0,0.0,0.0
0.96235,0.38,0.722,0.739,0.01503199,0.004527498,0.0002716816,0.0002305457,0.0146924,0.004296953,6.790723e-05,0.0,0.0,0.0
0.96312,0.38,0.723,0.74,0.01502199,0.004542148,0.0002697178,0.0002291126,0.01468547,0.004313035,6.680376e-05,0.0,0.0,0.0
0.96389,0.38,0.724,0.741,0.01501204,0.004556936,0.0002677673,0.0002276875,0.01467856,0.004329248,6.571494e-05,0.0,0.0,0.0
0.96466,0.38,0.725,0.742,0.01500414,0.00457157,0.0002658299,0.0002262704,0.01467367,0.0043453,6.464062e-05,0.0,0.0,0.0
0.96543,0.38,0.726,0.743,0.01499342,0.004591412,0.0002639056,0.0002248611,0.01466594,0.004366551,6.358068e-05,0.0,0.0,0.0
0.96619,0.38,0.727,0.744,0.01498682,0.004605948,0.0002619943,0.0002234596,0.01466229,0.004382488,6.253499e-05,0.0,0.0,0.0
0.96697,0.38,0.728,0.745,0.01497829,0.004620763,0.0002600958,0.0002220659,0.01465669,0.004398697,6.150341e-05,0.0,0.0,0.0
0.96774,0.38,0.729,0.746,0.01496929,0.004635797,0.0002582101,0.00022068,0.0146506,0.004415118,6.048581e-05,0.0,0.0,0.0
0.96851,0.38,0.73,0.747,0.01496021,0.004651022,0.0002563371,0.0002193017,0.01464439,0.00443172,5.948208e-05,0.0,0.0,0.0
0.96928,0.38,0.731,0.748,0.01495113,0.004666419,0.0002544767,0.0002179311,0.01463816,0.004448487,5.849206e-05,0.0,0.0,0.0
0.97005,0.38,0.732,0.749,0.01494209,0.004681976,0.0002526289,0.0002165682,0.01463195,0.004465408,5.751565e-05,0.0,0.0,0.0
0.97082,0.38,0.733,0.75,0.01493311,0.004697687,0.0002507935,0.0002152127,0.01462577,0.004482474,5.655269e-05,0.0,0.0,0.0
0.9716,0.38,0.734,0.751,0.01492737,0.004712854,0.0002489704,0.0002138648,0.01462279,0.004498989,5.560308e-05,0.0,0.0,0.0
0.97237,0.38,0.735,0.752,0.01491916,0.004728504,0.0002471596,0.0002125244,0.01461733,0.00451598,5.466666e-05,0.0,0.0,0.0
0.97314,0.38,0.736,0.753,0.01491411,0.00474438,0.000245361,0.0002111914,0.01461501,0.004533188,5.374333e-05,0.0,0.0,0.0
0.97392,0.38,0.737,0.754,0.01490605,0.004760433,0.0002435745,0.0002098658,0.01460964,0.004550567,5.283294e-05,0.0,0.0,0.0
0.97469,0.38,0.738,0.755,0.01489783,0.004776646,0.0002418,0.0002085476,0.01460409,0.004568098,5.193537e-05,0.0,0.0,0.0
0.97547,0.38,0.739,0.756,0.0148896,0.004793011,0.0002400374,0.0002072367,0.01459851,0.004585774,5.105049e-05,0.0,0.0,0.0
0.97624,0.38,0.74,0.757,0.01488141,0.004809522,0.0002382867,0.000205933,0.01459295,0.004603589,5.017817e-05,0.0,0.0,0.0
0.97702,0.38,0.741,0.758,0.01487162,0.004830601,0.0002365478,0.0002046365,0.01458575,0.004625965,4.931829e-05,0.0,0.0,0.0
0.97779,0.38,0.742,0.759,0.01486653,0.004846627,0.0002348205,0.0002033473,0.01458324,0.004643279,4.847071e-05,0.0,0.0,0.0
0.97857,0.38,0.743,0.76,0.01485982,0.004862816,0.0002331049,0.0002020651,0.01457908,0.004660751,4.76353e-05,0.0,0.0,0.0
0.97935,0.38,0.744,0.761,0.0148558,0.00487937,0.0002314007,0.0002007901,0.01457758,0.00467858,4.681195e-05,0.0,0.0,0.0
0.98012,0.38,0.745,0.762,0.01484914,0.004896153,0.0002297081,0.0001995221,0.01457343,0.00469663,4.600053e-05,0.0,0.0,0.0
0.9809,0.38,0.746,0.763,0.01484202,0.004913127,0.0002280268,0.0001982612,0.01456879,0.004714866,4.52009e-05,0.0,0.0,0.0
0.98168,0.38,0.747,0.764,0.01483482,0.004930276,0.0002263568,0.0001970072,0.01456405,0.004733269,4.441295e-05,0.0,0.0,0.0
0.98246,0.38,0.748,0.765,0.01482762,0.004947587,0.000224698,0.0001957602,0.01455929,0.004751827,4.363655e-05,0.0,0.0,0.0
0.98324,0.38,0.749,0.766,0.01482047,0.004965055,0.0002230504,0.0001945201,0.01455455,0.004770535,4.287157e-05,0.0,0.0,0.0
0.98402,0.38,0.75,0.767,0.01481339,0.004982673,0.0002214138,0.0001932868,0.01454985,0.004789386,4.211789e-05,0.0,0.0,0.0
0.98479,0.38,0.751,0.768,0.01481015,0.004999616,0.0002197882,0.0001920604,0.01454898,0.004807556,4.137538e-05,0.0,0.0,0.0
0.98557,0.38,0.752,0.769,0.01480407,0.005017052,0.0002181735,0.0001908407,0.01454525,0.004826211,4.064393e-05,0.0,0.0,0.0
0.98636,0.38,0.753,0.77,0.01480172,0.005034752,0.0002165697,0.0001896278,0.01454523,0.004845124,3.99234e-05,0.0,0.0,0.0
0.98714,0.38,0.754,0.771,0.0147958,0.005052646,0.0002149767,0.0001884216,0.0145416,0.004864224,3.921369e-05,0.0,0.0,0.0
0.98792,0.38,0.755,0.772,0.01478961,0.00507071,0.0002133943,0.000187222,0.0145377,0.004883488,3.851466e-05,0.0,0.0,0.0
0.9887,0.38,0.756,0.773,0.01478194,0.005092799,0.0002118226,0.0001860291,0.01453229,0.00490677,3.782619e-05,0.0,0.0,0.0
0.98948,0.38,0.757,0.774,0.01477587,0.00511093,0.0002102614,0.0001848428,0.01452847,0.004926087,3.714817e-05,0.0,0.0,0.0
0.99026,0.38,0.758,0.775,0.01476983,0.005129266,0.0002087107,0.0001836631,0.01452464,0.004945603,3.648047e-05,0.0,0.0,0.0
0.99105,0.38,0.759,0.776,0.01476384,0.005147786,0.0002071704,0.0001824899,0.01452085,0.004965296,3.582298e-05,0.0,0.0,0.0
0.99183,0.38,0.76,0.777,0.01476241,0.005165387,0.0002056404,0.0001813231,0.01452159,0.004984064,3.517557e-05,0.0,0.0,0.0
0.99261,0.38,0.761,0.778,0.01475734,0.005183754,0.0002041207,0.0001801628,0.01451868,0.005003591,3.453813e-05,0.0,0.0,0.0
0.9934,0.38,0.762,0.779,0.01475668,0.005202383,0.0002026112,0.000179009,0.01452015,0.005023374,3.391054e-05,0.0,0.0,0.0
0.99418,0.38,0.763,0.78,0.01475177,0.005221213,0.0002011119,0.0001778615,0.01451736,0.005043352,3.329269e-05,0.0,0.0,0.0
0.99497,0.38,0.764,0.781,0.01474665,0.005240223,0.0001996226,0.0001767203,0.01451435,0.005063503,3.268446e-05,0.0,0.0,0.0
0.99575,0.38,0.765,0.782,0.0147415,0.0052594,0.0001981433,0.0001755854,0.01451127,0.005083814,3.208573e-05,0.0,0.0,0.0
0.99654,0.38,0.766,0.783,0.01473637,0.005278735,0.0001966739,0.0001744569,0.0145082,0.005104278,3.149639e-05,0.0,0.0,0.0
0.99732,0.38,0.767,0.784,0.01473129,0.005298224,0.0001952144,0.0001733345,0.01450516,0.005124889,3.091632e-05,0.0,0.0,0.0
0.99811,0.38,0.768,0.785,0.01472892,0.005317523,0.0001937646,0.0001722184,0.01450481,0.005145305,3.034541e-05,0.0,0.0,0.0
0.9989,0.38,0.769,0.786,0.01472643,0.005336343,0.0001923246,0.0001711084,0.01450433,0.005165235,2.978356e-05,0.0,0.0,0.0
0.99968,0.38,0.77,0.787,0.01472574,0.005355753,0.0001908943,0.0001700046,0.01450561,0.005185749,2.923064e-05,0.0,0.0,0.0
1.00047,0.38,0.771,0.788,0.0147218,0.005379164,0.0001894736,0.0001689068,0.01450364,0.005210257,2.868655e-05,0.0,0.0,0.0
1.00126,0.38,0.772,0.789,0.0147177,0.005399259,0.0001880623,0.0001678151,0.01450149,0.005231443,2.815117e-05,0.0,0.0,0.0
1.00205,0.38,0.773,0.79,0.01471337,0.005419617,0.0001866606,0.0001667295,0.01449908,0.005252888,2.76244e-05,0.0,0.0,0.0
1.00283,0.38,0.774,0.791,0.01470897,0.005440201,0.0001852683,0.0001656498,0.0144966,0.005274551,2.710613e-05,0.0,0.0,0.0
1.00362,0.38,0.775,0.792,0.01470459,0.005460988,0.0001838853,0.0001645761,0.01449411,0.005296412,2.659625e-05,0.0,0.0,0.0
1.00441,0.38,0.776,0.793,0.01470026,0.005481965,0.0001825116,0.0001635084,0.01449165,0.005318456,2.609465e-05,0.0,0.0,0.0
1.0052,0.38,0.777,0.794,0.01470088,0.00550203,0.0001811471,0.0001624465,0.01449413,0.005339584,2.560122e-05,0.0,0.0,0.0
1.00599,0.38,0.778,0.795,0.01469798,0.005522623,0.0001797918,0.0001613906,0.01449307,0.005361232,2.511587e-05,0.0,0.0,0.0
1.00678,0.38,0.779,0.796,0.01469995,0.00554359,0.0001784455,0.0001603404,0.01449686,0.00538325,2.463849e-05,0.0,0.0,0.0
1.00757,0.38,0.78,0.797,0.01469707,0.005564806,0.0001771083,0.0001592961,0.01449579,0.00540551,2.416896e-05,0.0,0.0,0.0
1.00837,0.38,0.781,0.798,0.01469381,0.005586233,0.0001757801,0.0001582575,0.01449432,0.005427976,2.37072e-05,0.0,0.0,0.0
1.00916,0.38,0.782,0.799,0.01469045,0.005607852,0.0001744608,0.0001572247,0.01449274,0.005450627,2.325309e-05,0.0,0.0,0.0
1.00995,0.38,0.783,0.8,0.01468709,0.00562965,0.0001731503,0.0001561975,0.01449114,0.005473453,2.280653e-05,0.0,0.0,0.0
1.01074,0.38,0.784,0.801,0.01468378,0.005651623,0.0001718487,0.0001551761,0.01448956,0.005496447,2.236743e-05,0.0,0.0,0.0
1.01153,0.38,0.785,0.802,0.01468309,0.00567617,0.0001705558,0.0001541603,0.0144906,0.00552201,2.193569e-05,0.0,0.0,0.0
1.01233,0.38,0.786,0.803,0.01468262,0.005697101,0.0001692715,0.0001531501,0.01449184,0.005543951,2.15112e-05,0.0,0.0,0.0
1.01312,0.38,0.787,0.804,0.01468555,0.005718742,0.0001679959,0.0001521455,0.01449646,0.005566597,2.109386e-05,0.0,0.0,0.0
1.01391,0.38,0.788,0.805,0.01468458,0.005740709,0.0001667289,0.0001511465,0.01449717,0.005589563,2.068359e-05,0.0,0.0,0.0
1.01471,0.38,0.789,0.806,0.01468261,0.005762925,0.0001654703,0.000150153,0.01449686,0.005612772,2.028028e-05,0.0,0.0,0.0
1.0155,0.38,0.79,0.807,0.01468043,0.005785357,0.0001642202,0.0001491649,0.01449633,0.005636192,1.988383e-05,0.0,0.0,0.0
1.0163,0.38,0.791,0.808,0.0146782,0.005807985,0.0001629785,0.0001481824,0.01449573,0.005659803,1.949416e-05,0.0,0.0,0.0
1.01709,0.38,0.792,0.809,0.01467598,0.005830798,0.0001617452,0.0001472053,0.01449512,0.005683593,1.911117e-05,0.0,0.0,0.0
1.01789,0.38,0.793,0.81,0.0146738,0.005853788,0.0001605201,0.0001462335,0.01449455,0.005707554,1.873476e-05,0.0,0.0,0.0
1.01868,0.38,0.794,0.811,0.01467751,0.00587559,0.0001593033,0.0001452672,0.01449984,0.005730323,1.836484e-05,0.0,0.0,0.0
1.01948,0.38,0.795,0.812,0.01467698,0.005898018,0.0001580946,0.0001443062,0.01450088,0.005753712,1.800133e-05,0.0,0.0,0.0
1.02028,0.38,0.796,0.813,0.01468219,0.005920855,0.0001568941,0.0001433505,0.01450765,0.005777505,1.764412e-05,0.0,0.0,0.0
1.02107,0.38,0.797,0.814,0.01468166,0.005943955,0.0001557016,0.0001424001,0.01450867,0.005801555,1.729314e-05,0.0,0.0,0.0
1.02187,0.38,0.798,0.815,0.01468066,0.00596727,0.0001545172,0.000141455,0.01450919,0.005825815,1.694829e-05,0.0,0.0,0.0
1.02267,0.38,0.799,0.816,0.01467854,0.005993408,0.0001533407,0.0001405151,0.01450859,0.005852892,1.660948e-05,0.0,0.0,0.0
1.02347,0.38,0.8,0.817,0.01467748,0.006016887,0.0001521721,0.0001395805,0.01450903,0.005877307,1.627663e-05,0.0,0.0,0.0
1.02427,0.38,0.801,0.818,0.01467641,0.006040597,0.0001510114,0.000138651,0.01450945,0.005901946,1.594965e-05,0.0,0.0,0.0
1.02506,0.38,0.802,0.819,0.01467539,0.006064509,0.0001498585,0.0001377266,0.0145099,0.005926782,1.562846e-05,0.0,0.0,0.0
1.02586,0.38,0.803,0.82,0.01468142,0.006086719,0.0001487133,0.0001368074,0.01451739,0.005949912,1.531296e-05,0.0,0.0,0.0
1.02666,0.38,0.804,0.821,0.01468556,0.006110136,0.0001475758,0.0001358932,0.01452298,0.005974242,1.500309e-05,0.0,0.0,0.0
1.02746,0.38,0.805,0.822,0.01468893,0.00613391,0.000146446,0.0001349842,0.01452778,0.005998926,1.469874e-05,0.0,0.0,0.0
1.02826,0.38,0.806,0.823,0.01468934,0.006157939,0.0001453238,0.0001340801,0.01452961,0.006023859,1.439985e-05,0.0,0.0,0.0
1.02906,0.38,0.807,0.824,0.0146894,0.006182182,0.0001442092,0.0001331811,0.01453108,0.006049001,1.410633e-05,0.0,0.0,0.0
1.02986,0.38,0.808,0.825,0.01468934,0.00620662,0.000143102,0.0001322871,0.01453242,0.006074333,1.38181e-05,0.0,0.0,0.0
1.03067,0.38,0.809,0.826,0.01468927,0.006231239,0.0001420024,0.000131398,0.01453373,0.006099841,1.353508e-05,0.0,0.0,0.0
1.03147,0.38,0.81,0.827,0.01468921,0.00625603,0.0001409101,0.0001305139,0.01453504,0.006125516,1.325719e-05,0.0,0.0,0.0
1.03227,0.38,0.811,0.828,0.01469402,0.006280167,0.0001398251,0.0001296346,0.01454121,0.006150533,1.298435e-05,0.0,0.0,0.0
1.03307,0.38,0.812,0.829,0.01469718,0.006303792,0.0001387475,0.0001287603,0.01454572,0.006175032,1.271649e-05,0.0,0.0,0.0
1.03387,0.38,0.813,0.83,0.0147047,0.006328193,0.0001376772,0.0001278908,0.01455456,0.006200302,1.245354e-05,0.0,0.0,0.0
1.03468,0.38,0.814,0.831,0.01470662,0.006355104,0.000136614,0.0001270261,0.01455781,0.006228078,1.219541e-05,0.0,0.0,0.0
1.03548,0.38,0.815,0.832,0.01470809,0.006379908,0.0001355581,0.0001261663,0.01456059,0.006253742,1.194203e-05,0.0,0.0,0.0
1.03628,0.38,0.816,0.833,0.01470924,0.006404959,0.0001345092,0.0001253112,0.01456303,0.006279648,1.169333e-05,0.0,0.0,0.0
1.03709,0.38,0.817,0.834,0.01471027,0.006430221,0.0001334674,0.0001244609,0.01456535,0.00630576,1.144923e-05,0.0,0.0,0.0
1.03789,0.38,0.818,0.835,0.01471127,0.006455675,0.0001324327,0.0001236153,0.01456762,0.00633206,1.120967e-05,0.0,0.0,0.0
1.0387,0.38,0.819,0.836,0.01471228,0.006481309,0.0001314049,0.0001227744,0.0145699,0.006358534,1.097457e-05,0.0,0.0,0.0
1.0395,0.38,0.82,0.837,0.01471926,0.006505927,0.0001303841,0.0001219382,0.01457813,0.006383989,1.074386e-05,0.0,0.0,0.0
1.04031,0.38,0.821,0.838,0.01472309,0.006530437,0.0001293701,0.0001211066,0.01458321,0.00640933,1.051748e-05,0.0,0.0,0.0
1.04111,0.38,0.822,0.839,0.01473249,0.006555636,0.000128363,0.0001202797,0.01459383,0.006435356,1.029535e-05,0.0,0.0,0.0
1.04192,0.38,0.823,0.84,0.01473608,0.006581159,0.0001273627,0.0001194573,0.01459864,0.006461701,1.00774e-05,0.0,0.0,0.0
1.04273,0.38,0.824,0.841,0.01473851,0.006606922,0.0001263692,0.0001186396,0.01460228,0.006488283,9.863574e-06,0.0,0.0,0.0
1.04353,0.38,0.825,0.842,0.01474064,0.006632891,0.0001253823,0.0001178264,0.0146056,0.006515065,9.653801e-06,0.0,0.0,0.0
1.04434,0.38,0.826,0.843,0.01474265,0.006659046,0.0001244022,0.0001170177,0.0146088,0.006542028,9.448015e-06,0.0,0.0,0.0
1.04515,0.38,0.827,0.844,0.01474462,0.006685373,0.0001234286,0.0001162136,0.01461195,0.006569159,9.246153e-06,0.0,0.0,0.0
1.04595,0.38,0.828,0.845,0.01474661,0.006711864,0.0001224617,0.0001154139,0.0146151,0.00659645,9.048149e-06,0.0,0.0,0.0
1.04676,0.38,0.829,0.846,0.01475421,0.006739133,0.0001215013,0.0001146187,0.01462385,0.006624514,8.853942e-06,0.0,0.0,0.0
1.04757,0.38,0.83,0.847,0.01475931,0.006764197,0.0001205474,0.000113828,0.0146301,0.006650369,8.663468e-06,0.0,0.0,0.0
1.04838,0.38,0.831,0.848,0.01477018,0.006790037,0.0001195999,0.0001130416,0.0146421,0.006676995,8.476668e-06,0.0,0.0,0.0
1.04919,0.38,0.832,0.849,0.014775,0.006816231,0.0001186589,0.0001122597,0.01464805,0.006703972,8.293479e-06,0.0,0.0,0.0
1.05,0.38,0.833,0.85,0.01477851,0.006842683,0.0001177242,0.0001114821,0.01465267,0.006731201,8.113842e-06,0.0,0.0,0.0
1.05081,0.38,0.834,0.851,0.01478167,0.00686935,0.0001167959,0.0001107089,0.01465694,0.006758641,7.937698e-06,0.0,0.0,0.0
1.05162,0.38,0.835,0.852,0.01478468,0.006896207,0.0001158738,0.00010994,0.01466105,0.006786267,7.764989e-06,0.0,0.0,0.0
1.05243,0.38,0.836,0.853,0.01478765,0.006923239,0.000114958,0.0001091753,0.01466509,0.006814064,7.595656e-06,0.0,0.0,0.0
1.05324,0.38,0.837,0.854,0.0147906,0.006950436,0.0001140485,0.000108415,0.01466912,0.006842021,7.429644e-06,0.0,0.0,0.0
1.05405,0.38,0.838,0.855,0.01479896,0.006976895,0.000113145,0.0001076589,0.01467855,0.006869236,7.266895e-06,0.0,0.0,0.0
1.05486,0.38,0.839,0.856,0.01480613,0.007002385,0.0001122478,0.0001069071,0.01468678,0.006895478,7.107356e-06,0.0,0.0,0.0
1.05567,0.38,0.84,0.857,0.01481768,0.007028905,0.0001113566,0.0001061595,0.01469937,0.006922746,6.95097e-06,0.0,0.0,0.0
1.05648,0.38,0.841,0.858,0.01482429,0.007055792,0.0001104714,0.0001054161,0.01470702,0.006950376,6.797684e-06,0.0,0.0,0.0
1.0573,0.38,0.842,0.859,0.01482886,0.007082934,0.0001095923,0.0001046768,0.01471262,0.006978257,6.647446e-06,0.0,0.0,0.0
1.05811,0.38,0.843,0.86,0.014833,0.007110285,0.0001087191,0.0001039417,0.01471778,0.007006343,6.500202e-06,0.0,0.0,0.0
1.05892,0.38,0.844,0.861,0.01483695,0.007137819,0.0001078519,0.0001032107,0.01472274,0.007034608,6.3559e-06,0.0,0.0,0.0
1.05974,0.38,0.845,0.862,0.01484029,0.007167049,0.0001069906,0.0001024838,0.01472708,0.007064566,6.214491e-06,0.0,0.0,0.0
1.06055,0.38,0.846,0.863,0.01484419,0.00719481,0.0001061351,0.000101761,0.01473198,0.007093049,6.075923e-06,0.0,0.0,0.0
1.06136,0.38,0.847,0.864,0.0148481,0.007222745,0.0001052855,0.0001010423,0.01473687,0.007121703,5.940147e-06,0.0,0.0,0.0
1.06218,0.38,0.848,0.865,0.01486149,0.007248108,0.0001044416,0.0001003276,0.01475124,0.00714778,5.807114e-06,0.0,0.0,0.0
1.06299,0.38,0.849,0.866,0.01486728,0.007275022,0.0001036035,9.961694e-05,0.014758,0.007175405,5.676775e-06,0.0,0.0,0.0
1.06381,0.38,0.85,0.867,0.01488213,0.007302389,0.0001027711,9.891028e-05,0.01477381,0.007203479,5.549084e-06,0.0,0.0,0.0
1.06462,0.38,0.851,0.868,0.01488792,0.007330039,0.0001019444,9.820759e-05,0.01478055,0.007231832,5.423993e-06,0.0,0.0,0.0
1.06544,0.38,0.852,0.869,0.01489307,0.007357911,0.0001011233,9.750887e-05,0.01478665,0.007260402,5.301456e-06,0.0,0.0,0.0
1.06625,0.38,0.853,0.87,0.01489797,0.007385973,0.0001003078,9.681409e-05,0.01479249,0.007289159,5.181427e-06,0.0,0.0,0.0
1.06707,0.38,0.854,0.871,0.01490276,0.007414206,9.949787e-05,9.612322e-05,0.0147982,0.007318083,5.063862e-06,0.0,0.0,0.0
1.06789,0.38,0.855,0.872,0.01490749,0.007442597,9.869347e-05,9.543626e-05,0.01480385,0.007347161,4.948716e-06,0.0,0.0,0.0
1.0687,0.38,0.856,0.873,0.01491221,0.007471138,9.789457e-05,9.475317e-05,0.01480948,0.007376384,4.835946e-06,0.0,0.0,0.0
1.06952,0.38,0.857,0.874,0.01492553,0.007497686,9.710112e-05,9.407395e-05,0.0148237,0.007403612,4.725509e-06,0.0,0.0,0.0
1.07034,0.38,0.858,0.875,0.01493299,0.007524789,9.63131e-05,9.339856e-05,0.01483206,0.007431391,4.617363e-06,0.0,0.0,0.0
1.07115,0.38,0.859,0.876,0.01494852,0.007552549,9.553047e-05,9.2727e-05,0.01484847,0.007459822,4.511465e-06,0.0,0.0,0.0
1.07197,0.38,0.86,0.877,0.01495589,0.007580638,9.475319e-05,9.205924e-05,0.01485673,0.007488579,4.407775e-06,0.0,0.0,0.0
1.07279,0.38,0.861,0.878,0.01496166,0.00761025,9.398123e-05,9.139526e-05,0.01486337,0.007518854,4.306252e-06,0.0,0.0,0.0
1.07361,0.38,0.862,0.879,0.01496753,0.00763869,9.321456e-05,9.073504e-05,0.01487011,0.007547954,4.206856e-06,0.0,0.0,0.0
1.07443,0.38,0.863,0.88,0.01497321,0.00766732,9.245315e-05,9.007857e-05,0.01487665,0.007577241,4.109549e-06,0.0,0.0,0.0
1.07525,0.38,0.864,0.881,0.0149788,0.007696119,9.169695e-05,8.942582e-05,0.01488309,0.007606693,4.014291e-06,0.0,0.0,0.0
1.07607,0.38,0.865,0.882,0.01498435,0.007725074,9.094594e-05,8.877678e-05,0.01488948,0.007636297,3.921045e-06,0.0,0.0,0.0
1.07689,0.38,0.866,0.883,0.01498989,0.007754173,9.020008e-05,8.813142e-05,0.01489586,0.007666041,3.829772e-06,0.0,0.0,0.0
1.07771,0.38,0.867,0.884,0.0150061,0.007780143,8.945934e-05,8.748973e-05,0.0149129,0.007692654,3.740437e-06,0.0,0.0,0.0
1.07853,0.38,0.868,0.885,0.0150136,0.007808032,8.872369e-05,8.68517e-05,0.01492122,0.00772118,3.653002e-06,0.0,0.0,0.0
1.07935,0.38,0.869,0.886,0.0150312,0.007836373,8.799309e-05,8.621729e-05,0.01493964,0.007750156,3.567432e-06,0.0,0.0,0.0
1.08017,0.38,0.87,0.887,0.0150387,0.007864996,8.726752e-05,8.558649e-05,0.01494795,0.007779409,3.483692e-06,0.0,0.0,0.0
1.08099,0.38,0.871,0.888,0.01504553,0.007893833,8.654694e-05,8.49593e-05,0.01495558,0.007808874,3.401747e-06,0.0,0.0,0.0
1.08181,0.38,0.872,0.889,0.01505206,0.007922852,8.583132e-05,8.433567e-05,0.01496291,0.007838516,3.321563e-06,0.0,0.0,0.0
1.08263,0.38,0.873,0.89,0.01505845,0.007952032,8.512063e-05,8.371561e-05,0.01497008,0.007868316,3.243106e-06,0.0,0.0,0.0
1.08346,0.38,0.874,0.891,0.01506476,0.00798136,8.441483e-05,8.309908e-05,0.01497718,0.007898261,3.166344e-06,0.0,0.0,0.0
1.08428,0.38,0.875,0.892,0.01507104,0.008010825,8.37139e-05,8.248608e-05,0.01498423,0.007928339,3.091244e-06,0.0,0.0,0.0
1.0851,0.38,0.876,0.893,0.01508546,0.008038603,8.301781e-05,8.187659e-05,0.01499942,0.007956726,3.017773e-06,0.0,0.0,0.0
1.08592,0.38,0.877,0.894,0.01509515,0.008067199,8.232651e-05,8.127058e-05,0.01500988,0.007985929,2.945902e-06,0.0,0.0,0.0
1.08675,0.38,0.878,0.895,0.01511234,0.008095545,8.164e-05,8.066804e-05,0.01502783,0.008014877,2.875597e-06,0.0,0.0,0.0
1.08757,0.38,0.879,0.896,0.01512232,0.008124287,8.095822e-05,8.006896e-05,0.01503856,0.008044218,2.80683e-06,0.0,0.0,0.0
1.0884,0.38,0.88,0.897,0.01513033,0.008153293,8.028116e-05,7.947331e-05,0.01504731,0.008073819,2.73957e-06,0.0,0.0,0.0
1.08922,0.38,0.881,0.898,0.0151378,0.008182506,7.960878e-05,7.888107e-05,0.01505552,0.008103625,2.673787e-06,0.0,0.0,0.0
1.09004,0.38,0.882,0.899,0.01514502,0.008211894,7.894106e-05,7.829224e-05,0.01506347,0.008133602,2.609453e-06,0.0,0.0,0.0
1.09087,0.38,0.883,0.9,0.01515211,0.008241438,7.827796e-05,7.770679e-05,0.01507128,0.008163732,2.54654e-06,0.0,0.0,0.0
1.09169,0.38,0.884,0.901,0.01515912,0.008271124,7.761946e-05,7.712471e-05,0.01507902,0.008194,2.485018e-06,0.0,0.0,0.0
1.09252,0.38,0.885,0.902,0.0151661,0.008300942,7.696552e-05,7.654598e-05,0.01508671,0.008224396,2.424862e-06,0.0,0.0,0.0
1.09335,0.38,0.886,0.903,0.01518278,0.008328335,7.631612e-05,7.597058e-05,0.0151041,0.008252364,2.366043e-06,0.0,0.0,0.0
1.09417,0.38,0.887,0.904,0.01519285,0.008356334,7.567123e-05,7.53985e-05,0.01511487,0.008280935,2.308535e-06,0.0,0.0,0.0
1.095,0.38,0.888,0.905,0.01521183,0.008385079,7.503082e-05,7.482972e-05,0.01513454,0.008310249,2.252311e-06,0.0,0.0,0.0
1.09582,0.38,0.889,0.906,0.01522185,0.008414175,7.439486e-05,7.426423e-05,0.01514526,0.00833991,2.197347e-06,0.0,0.0,0.0
1.09665,0.38,0.89,0.907,0.01523043,0.008443511,7.376332e-05,7.3702e-05,0.01515452,0.008369809,2.143617e-06,0.0,0.0,0.0
1.09748,0.38,0.891,0.908,0.01523853,0.008473037,7.313618e-05,7.314302e-05,0.0151633,0.008399894,2.091096e-06,0.0,0.0,0.0
1.09831,0.38,0.892,0.909,0.01524638,0.008502726,7.251341e-05,7.258728e-05,0.01517183,0.008430139,2.039759e-06,0.0,0.0,0.0
1.09913,0.38,0.893,0.91,0.01525411,0.00853256,7.189498e-05,7.203476e-05,0.01518022,0.008460525,1.989583e-06,0.0,0.0,0.0
1.09996,0.38,0.894,0.911,0.01526145,0.008563451,7.128086e-05,7.148544e-05,0.01518822,0.008491965,1.940543e-06,0.0,0.0,0.0
1.10079,0.38,0.895,0.912,0.01526909,0.008593478,7.067103e-05,7.09393e-05,0.01519652,0.008522539,1.892618e-06,0.0,0.0,0.0
1.10162,0.38,0.896,0.913,0.01528698,0.008620815,7.006546e-05,7.039634e-05,0.01521507,0.008550419,1.845783e-06,0.0,0.0,0.0
1.10245,0.38,0.897,0.914,0.01529765,0.008648978,6.946412e-05,6.985654e-05,0.01522639,0.008579121,1.800018e-06,0.0,0.0,0.0
1.10328,0.38,0.898,0.915,0.01531775,0.008677879,6.886699e-05,6.931987e-05,0.01524713,0.008608559,1.755299e-06,0.0,0.0,0.0
1.10411,0.38,0.899,0.916,0.01532841,0.008707132,6.827403e-05,6.878633e-05,0.01525842,0.008638346,1.711605e-06,0.0,0.0,0.0
1.10494,0.38,0.9,0.917,0.01533763,0.008736626,6.768523e-05,6.82559e-05,0.01526828,0.008668371,1.668915e-06,0.0,0.0,0.0
1.10577,0.38,0.901,0.918,0.01534636,0.00876631,6.710056e-05,6.772856e-05,0.01527764,0.008698581,1.627208e-06,0.0,0.0,0.0
1.1066,0.38,0.902,0.919,0.01535484,0.008796153,6.651998e-05,6.72043e-05,0.01528674,0.008728949,1.586464e-06,0.0,0.0,0.0
1.10743,0.38,0.903,0.92,0.01536318,0.008826137,6.594348e-05,6.66831e-05,0.01529569,0.008759454,1.546663e-06,0.0,0.0,0.0
1.10826,0.38,0.904,0.921,0.01537144,0.008856249,6.537104e-05,6.616495e-05,0.01530456,0.008790084,1.507785e-06,0.0,0.0,0.0
1.10909,0.38,0.905,0.922,0.01537965,0.008886479,6.480261e-05,6.564984e-05,0.01531337,0.008820829,1.46981e-06,0.0,0.0,0.0
1.10992,0.38,0.906,0.923,0.01539781,0.008914194,6.423819e-05,6.513774e-05,0.01533214,0.008849056,1.432719e-06,0.0,0.0,0.0
1.11075,0.38,0.907,0.924,0.01540951,0.008942279,6.367774e-05,6.462865e-05,0.01534443,0.00887765,1.396495e-06,0.0,0.0,0.0
1.11158,0.38,0.908,0.925,0.01543007,0.008971226,6.312123e-05,6.412254e-05,0.01536559,0.008907103,1.361118e-06,0.0,0.0,0.0
1.11242,0.38,0.909,0.926,0.0154418,0.009000547,6.256866e-05,6.361941e-05,0.01537791,0.008936927,1.326571e-06,0.0,0.0,0.0
1.11325,0.38,0.91,0.927,0.01545172,0.009030113,6.201998e-05,6.311924e-05,0.01538841,0.008966994,1.292836e-06,0.0,0.0,0.0
1.11408,0.38,0.911,0.928,0.01546107,0.009059869,6.147518e-05,6.262202e-05,0.01539834,0.008997247,1.259896e-06,0.0,0.0,0.0
1.11492,0.38,0.912,0.929,0.01547014,0.009089782,6.093422e-05,6.212772e-05,0.01540798,0.009027654,1.227733e-06,0.0,0.0,0.0
1.11575,0.38,0.913,0.93,0.01547905,0.009119831,6.03971e-05,6.163634e-05,0.01541746,0.009058195,1.196332e-06,0.0,0.0,0.0
1.11658,0.38,0.914,0.931,0.01548786,0.009150005,5.986378e-05,6.114786e-05,0.01542683,0.009088857,1.165675e-06,0.0,0.0,0.0
1.11742,0.38,0.915,0.932,0.01549661,0.009180291,5.933424e-05,6.066227e-05,0.01543614,0.009119629,1.135747e-06,0.0,0.0,0.0
1.11825,0.38,0.916,0.933,0.01551307,0.009209104,5.880845e-05,6.017956e-05,0.01545316,0.009148924,1.106532e-06,0.0,0.0,0.0
1.11909,0.38,0.917,0.934,0.01552722,0.009236483,5.828639e-05,5.96997e-05,0.01546786,0.009176783,1.078014e-06,0.0,0.0,0.0
1.11992,0.38,0.918,0.935,0.01554616,0.00926528,5.776805e-05,5.922269e-05,0.01548734,0.009206057,1.050178e-06,0.0,0.0,0.0
1.12076,0.38,0.919,0.936,0.01556091,0.009294521,5.725339e-05,5.874851e-05,0.01550264,0.009235772,1.02301e-06,0.0,0.0,0.0
1.12159,0.38,0.92,0.937,0.01557166,0.009324031,5.674239e-05,5.827715e-05,0.01551392,0.009265754,9.964949e-07,0.0,0.0,0.0
1.12243,0.38,0.921,0.938,0.01558166,0.009353741,5.623503e-05,5.780859e-05,0.01552445,0.009295932,9.706183e-07,0.0,0.0,0.0
1.12326,0.38,0.922,0.939,0.01559131,0.009383612,5.573129e-05,5.734282e-05,0.01553464,0.009326269,9.453662e-07,0.0,0.0,0.0
1.1241,0.38,0.923,0.94,0.01560077,0.00941362,5.523114e-05,5.687983e-05,0.01554461,0.00935674,9.207249e-07,0.0,0.0,0.0
1.12493,0.38,0.924,0.941,0.0156101,0.009443751,5.473457e-05,5.641961e-05,0.01555447,0.009387331,8.966809e-07,0.0,0.0,0.0
1.12577,0.38,0.925,0.942,0.01561935,0.009473993,5.424154e-05,5.596213e-05,0.01556424,0.009418031,8.73221e-07,0.0,0.0,0.0
1.12661,0.38,0.926,0.943,0.01562856,0.009504337,5.375205e-05,5.550739e-05,0.01557396,0.00944883,8.503323e-07,0.0,0.0,0.0
1.12744,0.38,0.927,0.944,0.01564983,0.009530909,5.326606e-05,5.505538e-05,0.01559573,0.009475854,8.28002e-07,0.0,0.0,0.0
1.12828,0.38,0.928,0.945,0.01566172,0.009559285,5.278355e-05,5.460607e-05,0.01560813,0.009504679,8.062177e-07,0.0,0.0,0.0
1.12912,0.38,0.929,0.946,0.01568473,0.009588292,5.23045e-05,5.415946e-05,0.01563164,0.009534132,7.849671e-07,0.0,0.0,0.0
1.12996,0.38,0.93,0.947,0.01569667,0.009617624,5.18289e-05,5.371554e-05,0.01564408,0.009563908,7.642384e-07,0.0,0.0,0.0
1.1308,0.38,0.931,0.948,0.01570741,0.009647178,5.135671e-05,5.327429e-05,0.01565531,0.009593904,7.440197e-07,0.0,0.0,0.0
1.13163,0.38,0.932,0.949,0.01571767,0.009676905,5.088792e-05,5.283569e-05,0.01566605,0.009624069,7.242997e-07,0.0,0.0,0.0
1.13247,0.38,0.933,0.95,0.01572766,0.009706776,5.042251e-05,5.239974e-05,0.01567653,0.009654376,7.050669e-07,0.0,0.0,0.0
1.13331,0.38,0.934,0.951,0.0157375,0.009736771,4.996046e-05,5.196643e-05,0.01568685,0.009684805,6.863104e-07,0.0,0.0,0.0
1.13415,0.38,0.935,0.952,0.01574723,0.009766878,4.950174e-05,5.153573e-05,0.01569706,0.009715342,6.680194e-07,0.0,0.0,0.0
1.13499,0.38,0.936,0.953,0.0157569,0.009797086,4.904633e-05,5.110764e-05,0.01570721,0.009745979,6.501833e-07,0.0,0.0,0.0
1.13583,0.38,0.937,0.954,0.01577462,0.009825661,4.859422e-05,5.068214e-05,0.01572539,0.009774979,6.327916e-07,0.0,0.0,0.0
1.13667,0.38,0.938,0.955,0.01578982,0.009852725,4.814538e-05,5.025923e-05,0.01574106,0.009802465,6.158343e-07,0.0,0.0,0.0
1.13751,0.38,0.939,0.956,0.01580926,0.009881279,4.769979e-05,4.983889e-05,0.01576096,0.00983144,5.993014e-07,0.0,0.0,0.0
1.13835,0.38,0.94,0.957,0.01582584,0.009910293,4.725743e-05,4.94211e-05,0.015778,0.009860872,5.83183e-07,0.0,0.0,0.0
1.13919,0.38,0.941,0.958,0.01583757,0.00993958,4.681829e-05,4.900586e-05,0.01579018,0.009890574,5.674697e-07,0.0,0.0,0.0
1.14003,0.38,0.942,0.959,0.01584851,0.009969064,4.638234e-05,4.859315e-05,0.01580157,0.00992047,5.521521e-07,0.0,0.0,0.0
1.14088,0.38,0.943,0.96,0.01585907,0.009998704,4.594956e-05,4.818296e-05,0.01581258,0.009950521,5.37221e-07,0.0,0.0,0.0
1.14172,0.38,0.944,0.961,0.01586941,0.01002848,4.551994e-05,4.777529e-05,0.01582336,0.009980702,5.226675e-07,0.0,0.0,0.0
1.14256,0.38,0.945,0.962,0.01587961,0.01005837,4.509345e-05,4.73701e-05,0.01583401,0.010011,5.084827e-07,0.0,0.0,0.0
1.1434,0.38,0.946,0.963,0.01588972,0.01008836,4.467007e-05,4.696741e-05,0.01584455,0.01004139,4.946581e-07,0.0,0.0,0.0
1.14424,0.38,0.947,0.964,0.01589977,0.01011844,4.424979e-05,4.656718e-05,0.01585504,0.01007188,4.811852e-07,0.0,0.0,0.0
1.14509,0.38,0.948,0.965,0.01592047,0.01014558,4.383258e-05,4.616942e-05,0.01587617,0.01009941,4.680559e-07,0.0,0.0,0.0
1.14593,0.38,0.949,0.966,0.01593426,0.01017311,4.341843e-05,4.57741e-05,0.01589039,0.01012734,4.552619e-07,0.0,0.0,0.0
1.14677,0.38,0.95,0.967,0.01595711,0.0102016,4.300732e-05,4.538122e-05,0.01591366,0.01015622,4.427954e-07,0.0,0.0,0.0
1.14761,0.38,0.951,0.968,0.01597121,0.01023048,4.259923e-05,4.499077e-05,0.01592818,0.01018549,4.306487e-07,0.0,0.0,0.0
1.14846,0.38,0.952,0.969,0.01598308,0.01025962,4.219414e-05,4.460273e-05,0.01594047,0.01021502,4.188142e-07,0.0,0.0,0.0
1.1493,0.38,0.953,0.97,0.01599429,0.01028894,4.179202e-05,4.42171e-05,0.0159521,0.01024472,4.072845e-07,0.0,0.0,0.0
1.15015,0.38,0.954,0.971,0.01600517,0.01031841,4.139287e-05,4.383385e-05,0.01596338,0.01027457,3.960524e-07,0.0,0.0,0.0
1.15099,0.38,0.955,0.972,0.01601585,0.010348,4.099667e-05,4.345299e-05,0.01597446,0.01030455,3.851107e-07,0.0,0.0,0.0
1.15184,0.38,0.956,0.973,0.01602639,0.0103777,4.060339e-05,4.307449e-05,0.01598541,0.01033463,3.744525e-07,0.0,0.0,0.0
1.15268,0.38,0.957,0.974,0.01603684,0.0104075,4.021302e-05,4.269836e-05,0.01599626,0.0103648,3.64071e-07,0.0,0.0,0.0
1.15353,0.38,0.958,0.975,0.01604724,0.01043739,3.982555e-05,4.232456e-05,0.01600706,0.01039507,3.539596e-07,0.0,0.0,0.0
1.15437,0.38,0.959,0.976,0.01606886,0.01046394,3.944094e-05,4.19531e-05,0.01602907,0.01042199,3.441118e-07,0.0,0.0,0.0
1.15522,0.38,0.96,0.977,0.0160827,0.01049133,3.905919e-05,4.158397e-05,0.01604331,0.01044975,3.345212e-07,0.0,0.0,0.0
1.15606,0.38,0.961,0.978,0.0161063,0.0105196,3.868027e-05,4.121715e-05,0.01606729,0.01047838,3.251815e-07,0.0,0.0,0.0
1.15691,0.38,0.962,0.979,0.01612043,0.01054825,3.830418e-05,4.085263e-05,0.01608181,0.0105074,3.160868e-07,0.0,0.0,0.0
1.15775,0.38,0.963,0.98,0.01613258,0.01057715,3.793089e-05,4.04904e-05,0.01609435,0.01053666,3.07231e-07,0.0,0.0,0.0
1.1586,0.38,0.964,0.981,0.01614411,0.01060622,3.756038e-05,4.013045e-05,0.01610625,0.01056609,2.986084e-07,0.0,0.0,0.0
1.15945,0.38,0.965,0.982,0.01615531,0.01063544,3.719264e-05,3.977277e-05,0.01611783,0.01059567,2.902132e-07,0.0,0.0,0.0
1.1603,0.38,0.966,0.983,0.0161663,0.01066479,3.682765e-05,3.941735e-05,0.01612919,0.01062537,2.820399e-07,0.0,0.0,0.0
1.16114,0.38,0.967,0.984,0.01617716,0.01069424,3.64654e-05,3.906417e-05,0.01614042,0.01065517,2.74083e-07,0.0,0.0,0.0
1.16199,0.38,0.968,0.985,0.01618793,0.01072378,3.610586e-05,3.871323e-05,0.01615156,0.01068507,2.663373e-07,0.0,0.0,0.0
1.16284,0.38,0.969,0.986,0.01619864,0.01075341,3.574902e-05,3.836452e-05,0.01616263,0.01071505,2.587975e-07,0.0,0.0,0.0
1.16369,0.38,0.97,0.987,0.01621997,0.01078001,3.539486e-05,3.801803e-05,0.01618432,0.01074199,2.514585e-07,0.0,0.0,0.0
1.16453,0.38,0.971,0.988,0.01623452,0.01080691,3.504337e-05,3.767374e-05,0.01619924,0.01076923,2.443154e-07,0.0,0.0,0.0
1.16538,0.38,0.972,0.989,0.01625777,0.01083483,3.469454e-05,3.733164e-05,0.01622284,0.01079749,2.373633e-07,0.0,0.0,0.0
1.16623,0.38,0.973,0.99,0.01627286,0.01086315,3.434833e-05,3.699173e-05,0.01623828,0.01082616,2.305974e-07,0.0,0.0,0.0
1.16708,0.38,0.974,0.991,0.01628543,0.01089174,3.400475e-05,3.6654e-05,0.0162512,0.01085508,2.240132e-07,0.0,0.0,0.0
1.16793,0.38,0.975,0.992,0.01629731,0.0109205,3.366376e-05,3.631842e-05,0.01626343,0.01088418,2.176061e-07,0.0,0.0,0.0
1.16878,0.38,0.976,0.993,0.01630883,0.01094942,3.332536e-05,3.5985e-05,0.01627529,0.01091343,2.113716e-07,0.0,0.0,0.0
1.16963,0.38,0.977,0.994,0.01632014,0.01097845,3.298953e-05,3.565373e-05,0.01628694,0.0109428,2.053054e-07,0.0,0.0,0.0
1.17048,0.38,0.978,0.995,0.0163313,0.01100759,3.265626e-05,3.532459e-05,0.01629844,0.01097227,1.994034e-07,0.0,0.0,0.0
1.17133,0.38,0.979,0.996,0.01634236,0.01103683,3.232552e-05,3.499757e-05,0.01630984,0.01100183,1.936613e-07,0.0,0.0,0.0
1.17218,0.38,0.98,0.997,0.01635335,0.01106616,3.199731e-05,3.467267e-05,0.01632116,0.01103148,1.880751e-07,0.0,0.0,0.0
1.17303,0.38,0.981,0.998,0.01637172,0.011094,3.16716e-05,3.434987e-05,0.01633986,0.01105965,1.826409e-07,0.0,0.0,0.0
1.17388,0.38,0.982,0.999,0.016389,0.01111959,3.134838e-05,3.402916e-05,0.01635748,0.01108557,1.773548e-07,0.0,0.0,0.0
1.17473,0.38,0.983,1.0,0.01640211,0.01114701,3.102764e-05,3.371054e-05,0.01637091,0.0111133,1.722131e-07,0.0,0.0,0.0
1.17558,0.38,0.984,1.001,0.01642776,0.01117493,3.070936e-05,3.339399e-05,0.01639688,0.01114153,1.67212e-07,0.0,0.0,0.0
1.17644,0.38,0.985,1.002,0.01644095,0.01120313,3.039353e-05,3.307951e-05,0.0164104,0.01117005,1.62348e-07,0.0,0.0,0.0
1.17729,0.38,0.986,1.003,0.01645324,0.01123153,3.008013e-05,3.276708e-05,0.016423,0.01119876,1.576177e-07,0.0,0.0,0.0
1.17814,0.38,0.987,1.004,0.01646511,0.01126008,2.976914e-05,3.24567e-05,0.01643519,0.01122762,1.530174e-07,0.0,0.0,0.0
1.17899,0.38,0.988,1.005,0.01647672,0.01128876,2.946056e-05,3.214835e-05,0.01644711,0.01125662,1.48544e-07,0.0,0.0,0.0
1.17984,0.38,0.989,1.006,0.01648817,0.01131756,2.915436e-05,3.184203e-05,0.01645887,0.01128572,1.441942e-07,0.0,0.0,0.0
1.1807,0.38,0.99,1.007,0.0164995,0.01134645,2.885053e-05,3.153772e-05,0.01647051,0.01131491,1.399647e-07,0.0,0.0,0.0
1.18155,0.38,0.991,1.008,0.01651076,0.01137543,2.854906e-05,3.123542e-05,0.01648207,0.01134419,1.358524e-07,0.0,0.0,0.0
1.1824,0.38,0.992,1.009,0.01652196,0.01140449,2.824993e-05,3.093512e-05,0.01649358,0.01137355,1.318544e-07,0.0,0.0,0.0
1.18326,0.38,0.993,1.01,0.01654511,0.01142946,2.795313e-05,3.063681e-05,0.01651702,0.01139882,1.279676e-07,0.0,0.0,0.0
1.18411,0.38,0.994,1.011,0.01655927,0.01145608,2.765865e-05,3.034048e-05,0.01653149,0.01142574,1.241891e-07,0.0,0.0,0.0
1.18496,0.38,0.995,1.012,0.01658393,0.01148347,2.736646e-05,3.004612e-05,0.01655645,0.01145343,1.205162e-07,0.0,0.0,0.0
1.18582,0.38,0.996,1.013,0.01659842,0.01151122,2.707656e-05,2.975371e-05,0.01657122,0.01148147,1.16946e-07,0.0,0.0,0.0
1.18667,0.38,0.997,1.014,0.01661126,0.0115392,2.678893e-05,2.946326e-05,0.01658436,0.01150974,1.134759e-07,0.0,0.0,0.0
1.18753,0.38,0.998,1.015,0.01662352,0.01156736,2.650356e-05,2.917476e-05,0.0165969,0.01153818,1.101033e-07,0.0,0.0,0.0
1.18838,0.38,0.999,1.016,0.01663546,0.01159565,2.622043e-05,2.888818e-05,0.01660913,0.01156676,1.068255e-07,0.0,0.0,0.0
1.18924,0.38,1.0,1.017,0.01664719,0.01162406,2.593953e-05,2.860353e-05,0.01662115,0.01159546,1.036401e-07,0.0,0.0,0.0
1.19009,0.38,1.001,1.018,0.01665879,0.01165258,2.566085e-05,2.83208e-05,0.01663303,0.01162425,1.005447e-07,0.0,0.0,0.0
1.19095,0.38,1.002,1.019,0.01667029,0.01168118,2.538437e-05,2.803997e-05,0.01664481,0.01165314,9.753678e-08,0.0,0.0,0.0
1.1918,0.38,1.003,1.02,0.01668172,0.01170987,2.511007e-05,2.776104e-05,0.01665652,0.01168211,9.461413e-08,0.0,0.0,0.0
1.19266,0.38,1.004,1.021,0.0166931,0.01173864,2.483796e-05,2.7484e-05,0.01666817,0.01171115,9.177446e-08,0.0,0.0,0.0
1.19352,0.38,1.005,1.022,0.0167176,0.01176226,2.456801e-05,2.720884e-05,0.01669294,0.01173505,8.901555e-08,0.0,0.0,0.0
1.19437,0.38,1.006,1.023,0.01673128,0.0117889,2.43002e-05,2.693555e-05,0.01670689,0.01176196,8.633525e-08,0.0,0.0,0.0
1.19523,0.38,1.007,1.024,0.01675678,0.01181609,2.403453e-05,2.666412e-05,0.01673267,0.01178943,8.373146e-08,0.0,0.0,0.0
1.19609,0.38,1.008,1.025,0.01677063,0.0118436,2.377099e-05,2.639455e-05,0.01674678,0.0118172,8.120213e-08,0.0,0.0,0.0
1.19694,0.38,1.009,1.026,0.01678341,0.01187131,2.350955e-05,2.612682e-05,0.01675983,0.01184518,7.874524e-08,0.0,0.0,0.0
1.1978,0.38,1.01,1.027,0.01679573,0.01189918,2.325021e-05,2.586093e-05,0.01677241,0.01187332,7.635887e-08,0.0,0.0,0.0
1.19866,0.38,1.011,1.028,0.01680778,0.01192719,2.299295e-05,2.559687e-05,0.01678471,0.01190159,7.404111e-08,0.0,0.0,0.0
1.19952,0.38,1.012,1.029,0.01681964,0.0119553,2.273777e-05,2.533463e-05,0.01679683,0.01192997,7.179009e-08,0.0,0.0,0.0
1.20037,0.38,1.013,1.03,0.01683139,0.01198352,2.248464e-05,2.50742e-05,0.01680883,0.01195844,6.960402e-08,0.0,0.0,0.0
1.20123,0.38,1.014,1.031,0.01684304,0.01201182,2.223356e-05,2.481557e-05,0.01682074,0.011987,6.748114e-08,0.0,0.0,0.0
1.20209,0.38,1.015,1.032,0.01685462,0.0120402,2.198451e-05,2.455874e-05,0.01683257,0.01201565,6.541972e-08,0.0,0.0,0.0
1.20295,0.38,1.016,1.033,0.0168735,0.01206698,2.173748e-05,2.43037e-05,0.0168517,0.01204268,6.341809e-08,0.0,0.0,0.0
1.20381,0.38,1.017,1.034,0.01689103,0.01209159,2.149246e-05,2.405043e-05,0.01686948,0.01206754,6.147463e-08,0.0,0.0,0.0
1.20467,0.38,1.018,1.035,0.01690465,0.01211802,2.124944e-05,2.379893e-05,0.01688334,0.01209422,5.958773e-08,0.0,0.0,0.0
1.20553,0.38,1.019,1.036,0.01693029,0.01214494,2.10084e-05,2.35492e-05,0.01690922,0.01212139,5.775585e-08,0.0,0.0,0.0
1.20638,0.38,1.02,1.037,0.01694406,0.01217216,2.076933e-05,2.330122e-05,0.01692323,0.01214886,5.597749e-08,0.0,0.0,0.0
1.20724,0.38,1.021,1.038,0.01695691,0.01219957,2.053222e-05,2.305498e-05,0.01693632,0.01217652,5.425116e-08,0.0,0.0,0.0
1.2081,0.38,1.022,1.039,0.01696933,0.01222714,2.029706e-05,2.281049e-05,0.01694898,0.01220433,5.257543e-08,0.0,0.0,0.0
1.20896,0.38,1.023,1.04,0.01698149,0.01225485,2.006384e-05,2.256772e-05,0.01696138,0.01223228,5.094891e-08,0.0,0.0,0.0
1.20982,0.38,1.024,1.041,0.01699348,0.01228266,1.983254e-05,2.232667e-05,0.0169736,0.01226033,4.937023e-08,0.0,0.0,0.0
1.21069,0.38,1.025,1.042,0.01700536,0.01231057,1.960315e-05,2.208734e-05,0.01698571,0.01228848,4.783807e-08,0.0,0.0,0.0
1.21155,0.38,1.026,1.043,0.01701714,0.01233857,1.937566e-05,2.184971e-05,0.01699772,0.01231672,4.635114e-08,0.0,0.0,0.0
1.21241,0.38,1.027,1.044,0.01702886,0.01236665,1.915005e-05,2.161379e-05,0.01700967,0.01234503,4.490817e-08,0.0,0.0,0.0
1.21327,0.38,1.028,1.045,0.01704584,0.01239386,1.892633e-05,2.137955e-05,0.01702687,0.01237248,4.350794e-08,0.0,0.0,0.0
1.21413,0.38,1.029,1.046,0.01706507,0.0124176,1.870447e-05,2.114699e-05,0.01704632,0.01239646,4.214925e-08,0.0,0.0,0.0
1.21499,0.38,1.03,1.047,0.01707887,0.01244368,1.848447e-05,2.091611e-05,0.01706034,0.01242276,4.083095e-08,0.0,0.0,0.0
1.21585,0.38,1.031,1.048,0.01710419,0.01247028,1.82663e-05,2.06869e-05,0.01708589,0.01244959,3.95519e-08,0.0,0.0,0.0
1.21672,0.38,1.032,1.049,0.01711818,0.01249718,1.804997e-05,2.045935e-05,0.01710009,0.01247672,3.831099e-08,0.0,0.0,0.0
1.21758,0.38,1.033,1.05,0.01713118,0.01252429,1.783546e-05,2.023344e-05,0.0171133,0.01250405,3.710716e-08,0.0,0.0,0.0
1.21844,0.38,1.034,1.051,0.01714373,0.01255155,1.762276e-05,2.000919e-05,0.01712607,0.01253155,3.593935e-08,0.0,0.0,0.0
1.2193,0.38,1.035,1.052,0.01715602,0.01257895,1.741185e-05,1.978657e-05,0.01713857,0.01255917,3.480654e-08,0.0,0.0,0.0
1.22017,0.38,1.036,1.053,0.01716813,0.01260646,1.720274e-05,1.956557e-05,0.0171509,0.0125869,3.370776e-08,0.0,0.0,0.0
1.22103,0.38,1.037,1.054,0.01718012,0.01263407,1.69954e-05,1.93462e-05,0.01716309,0.01261473,3.264202e-08,0.0,0.0,0.0
1.22189,0.38,1.038,1.055,0.01719202,0.01266178,1.678982e-05,1.912845e-05,0.0171752,0.01264265,3.160839e-08,0.0,0.0,0.0
1.22276,0.38,1.039,1.056,0.01720385,0.01268956,1.6586e-05,1.89123e-05,0.01718723,0.01267065,3.060596e-08,0.0,0.0,0.0
1.22362,0.38,1.04,1.057,0.01721563,0.01271742,1.638392e-05,1.869775e-05,0.01719921,0.01269872,2.963384e-08,0.0,0.0,0.0
1.22448,0.38,1.041,1.058,0.01723904,0.01274075,1.618357e-05,1.84848e-05,0.01722283,0.01272226,2.869115e-08,0.0,0.0,0.0
1.22535,0.38,1.042,1.059,0.01725332,0.0127663,1.598495e-05,1.827342e-05,0.01723731,0.01274803,2.777706e-08,0.0,0.0,0.0
1.22621,0.38,1.043,1.06,0.01727772,0.01279253,1.578803e-05,1.806363e-05,0.01726191,0.01277447,2.689074e-08,0.0,0.0,0.0
1.22708,0.38,1.044,1.061,0.01729238,0.0128191,1.559282e-05,1.785541e-05,0.01727677,0.01280124,2.603139e-08,0.0,0.0,0.0
1.22794,0.38,1.045,1.062,0.01730564,0.01284589,1.53993e-05,1.764875e-05,0.01729021,0.01282825,2.519825e-08,0.0,0.0,0.0
1.22881,0.38,1.046,1.063,0.01731836,0.01287286,1.520746e-05,1.744364e-05,0.01730313,0.01285542,2.439055e-08,0.0,0.0,0.0
1.22967,0.38,1.047,1.064,0.01733079,0.01289996,1.501729e-05,1.724009e-05,0.01731575,0.01288272,2.360755e-08,0.0,0.0,0.0
1.23054,0.38,1.048,1.065,0.01734302,0.01292719,1.482878e-05,1.703808e-05,0.01732817,0.01291015,2.284855e-08,0.0,0.0,0.0
1.2314,0.38,1.049,1.066,0.01735511,0.01295451,1.464192e-05,1.68376e-05,0.01734045,0.01293767,2.211283e-08,0.0,0.0,0.0
1.23227,0.38,1.05,1.067,0.01736711,0.01298193,1.44567e-05,1.663865e-05,0.01735263,0.01296529,2.139974e-08,0.0,0.0,0.0
1.23313,0.38,1.051,1.068,0.01737903,0.01300944,1.42731e-05,1.644123e-05,0.01736473,0.012993,2.07086e-08,0.0,0.0,0.0
1.234,0.38,1.052,1.069,0.01739089,0.01303703,1.409113e-05,1.624531e-05,0.01737678,0.01302078,2.003878e-08,0.0,0.0,0.0
1.23487,0.38,1.053,1.07,0.01741137,0.01306204,1.391077e-05,1.605091e-05,0.01739743,0.01304599,1.938965e-08,0.0,0.0,0.0
1.23573,0.38,1.054,1.071,0.01742729,0.01308653,1.3732e-05,1.5858e-05,0.01741354,0.01307067,1.876061e-08,0.0,0.0,0.0
1.2366,0.38,1.055,1.072,0.01744089,0.01311228,1.355483e-05,1.566659e-05,0.01742732,0.01309661,1.815106e-08,0.0,0.0,0.0
1.23747,0.38,1.056,1.073,0.0174659,0.01313848,1.337923e-05,1.547666e-05,0.0174525,0.01312301,1.756044e-08,0.0,0.0,0.0
1.23833,0.38,1.057,1.074,0.01747965,0.01316496,1.320521e-05,1.528822e-05,0.01746643,0.01314967,1.698819e-08,0.0,0.0,0.0
1.2392,0.38,1.058,1.075,0.01749263,0.01319163,1.303275e-05,1.510125e-05,0.01747958,0.01317652,1.643376e-08,0.0,0.0,0.0
1.24007,0.38,1.059,1.076,0.01750522,0.01321845,1.286184e-05,1.491574e-05,0.01749234,0.01320353,1.589663e-08,0.0,0.0,0.0
1.24094,0.38,1.06,1.077,0.01751757,0.0132454,1.269247e-05,1.47317e-05,0.01750487,0.01323067,1.537628e-08,0.0,0.0,0.0
1.2418,0.38,1.061,1.078,0.01752977,0.01327246,1.252463e-05,1.454911e-05,0.01751723,0.01325791,1.487222e-08,0.0,0.0,0.0
1.24267,0.38,1.062,1.079,0.01754185,0.01329963,1.235831e-05,1.436796e-05,0.01752948,0.01328526,1.438396e-08,0.0,0.0,0.0
1.24354,0.38,1.063,1.08,0.01755384,0.01332688,1.219351e-05,1.418826e-05,0.01754163,0.01331269,1.391104e-08,0.0,0.0,0.0
1.24441,0.38,1.064,1.081,0.01756576,0.01335422,1.203021e-05,1.400999e-05,0.01755372,0.01334021,1.345298e-08,0.0,0.0,0.0
1.24528,0.38,1.065,1.082,0.01757763,0.01338164,1.186841e-05,1.383314e-05,0.01756575,0.01336781,1.300936e-08,0.0,0.0,0.0
1.24615,0.38,1.066,1.083,0.01759952,0.01340536,1.170809e-05,1.365772e-05,0.0175878,0.0133917,1.257974e-08,0.0,0.0,0.0
1.24702,0.38,1.067,1.084,0.01761423,0.01343027,1.154925e-05,1.348371e-05,0.01760267,0.01341679,1.216369e-08,0.0,0.0,0.0
1.24789,0.38,1.068,1.085,0.01763684,0.01345602,1.139188e-05,1.331111e-05,0.01762544,0.01344271,1.176082e-08,0.0,0.0,0.0
1.24876,0.38,1.069,1.086,0.01765243,0.01348215,1.123596e-05,1.313991e-05,0.01764119,0.01346901,1.137072e-08,0.0,0.0,0.0
1.24963,0.38,1.07,1.087,0.01766588,0.01350852,1.10815e-05,1.297011e-05,0.01765479,0.01349555,1.0993e-08,0.0,0.0,0.0
1.2505,0.38,1.071,1.088,0.01767872,0.01353507,1.092847e-05,1.280169e-05,0.01766778,0.01352227,1.06273e-08,0.0,0.0,0.0
1.25137,0.38,1.072,1.089,0.01769123,0.01356177,1.077688e-05,1.263466e-05,0.01768044,0.01354914,1.027325e-08,0.0,0.0,0.0
1.25224,0.38,1.073,1.09,0.01770353,0.0135886,1.062671e-05,1.2469e-05,0.0176929,0.01357613,9.930502e-09,0.0,0.0,0.0
1.25311,0.38,1.074,1.091,0.0177157,0.01361553,1.047796e-05,1.230472e-05,0.01770521,0.01360323,9.598704e-09,0.0,0.0,0.0
1.25398,0.38,1.075,1.092,0.01772775,0.01364256,1.033061e-05,1.214179e-05,0.01771741,0.01363042,9.277527e-09,0.0,0.0,0.0
1.25485,0.38,1.076,1.093,0.01773972,0.01366969,1.018466e-05,1.198023e-05,0.01772953,0.01365771,8.966647e-09,0.0,0.0,0.0
1.25572,0.38,1.077,1.094,0.01775163,0.0136969,1.004009e-05,1.182002e-05,0.01774158,0.01368508,8.665749e-09,0.0,0.0,0.0
1.25659,0.38,1.078,1.095,0.01776348,0.01372419,9.896907e-06,1.166115e-05,0.01775358,0.01371253,8.374529e-09,0.0,0.0,0.0
1.25746,0.38,1.079,1.096,0.01778517,0.0137477,9.755094e-06,1.150362e-05,0.0177754,0.01373619,8.09269e-09,0.0,0.0,0.0
1.25833,0.38,1.08,1.097,0.01779965,0.01377258,9.614644e-06,1.134743e-05,0.01779003,0.01376124,7.819944e-09,0.0,0.0,0.0
1.25921,0.38,1.081,1.098,0.01782194,0.01379826,9.475549e-06,1.119256e-05,0.01781246,0.01378707,7.556011e-09,0.0,0.0,0.0
1.26008,0.38,1.082,1.099,0.01783726,0.0138243,9.337799e-06,1.103901e-05,0.01782792,0.01381326,7.30062e-09,0.0,0.0,0.0
1.26095,0.38,1.083,1.1,0.01785061,0.01385058,9.201388e-06,1.088678e-05,0.0178414,0.01383969,7.053508e-09,0.0,0.0,0.0
1.26182,0.38,1.084,1.101,0.01786338,0.01387704,9.066306e-06,1.073586e-05,0.01785431,0.0138663,6.814418e-09,0.0,0.0,0.0
1.2627,0.38,1.085,1.102,0.01787584,0.01390365,8.932546e-06,1.058625e-05,0.0178669,0.01389306,6.583103e-09,0.0,0.0,0.0
1.26357,0.38,1.086,1.103,0.0178881,0.01393038,8.800099e-06,1.043793e-05,0.01787929,0.01391994,6.35932e-09,0.0,0.0,0.0
1.26444,0.38,1.087,1.104,0.01790022,0.01395722,8.668958e-06,1.02909e-05,0.01789154,0.01394693,6.142837e-09,0.0,0.0,0.0
1.26531,0.38,1.088,1.105,0.01791223,0.01398416,8.539113e-06,1.014516e-05,0.01790368,0.01397401,5.933425e-09,0.0,0.0,0.0
1.26619,0.38,1.089,1.106,0.01792416,0.01401119,8.410558e-06,1.00007e-05,0.01791574,0.01400119,5.730865e-09,0.0,0.0,0.0
1.26706,0.38,1.09,1.107,0.01793602,0.01403831,8.283284e-06,9.85751e-06,0.01792774,0.01402845,5.534943e-09,0.0,0.0,0.0
1.26794,0.38,1.091,1.108,0.01794784,0.01406551,8.157284e-06,9.715592e-06,0.01793967,0.0140558,5.345451e-09,0.0,0.0,0.0
1.26881,0.38,1.092,1.109,0.01796812,0.01408974,8.032549e-06,9.574937e-06,0.01796008,0.01408017,5.162187e-09,0.0,0.0,0.0
1.26968,0.38,1.093,1.11,0.01798303,0.01411429,7.909072e-06,9.43554e-06,0.01797511,0.01410486,4.984956e-09,0.0,0.0,0.0
1.27056,0.38,1.094,1.111,0.01800233,0.01413984,7.786845e-06,9.297394e-06,0.01799454,0.01413054,4.813569e-09,0.0,0.0,0.0
1.27143,0.38,1.095,1.112,0.01801987,0.01416579,7.665861e-06,9.160495e-06,0.0180122,0.01415663,4.647841e-09,0.0,0.0,0.0
1.27231,0.38,1.096,1.113,0.0180333,0.014192,7.546111e-06,9.024835e-06,0.01802575,0.01418297,4.487594e-09,0.0,0.0,0.0
1.27318,0.38,1.097,1.114,0.01804606,0.01421839,7.427588e-06,8.890411e-06,0.01803863,0.0142095,4.332655e-09,0.0,0.0,0.0
1.27406,0.38,1.098,1.115,0.01805848,0.01424494,7.310284e-06,8.757216e-06,0.01805117,0.01423618,4.182855e-09,0.0,0.0,0.0
1.27493,0.38,1.099,1.116,0.0180707,0.01427161,7.194192e-06,8.625245e-06,0.0180635,0.01426298,4.038032e-09,0.0,0.0,0.0
1.27581,0.38,1.1,1.117,0.01808276,0.0142984,7.079305e-06,8.494493e-06,0.01807568,0.0142899,3.898028e-09,0.0,0.0,0.0
1.27668,0.38,1.101,1.118,0.01809472,0.01432529,6.965615e-06,8.364953e-06,0.01808775,0.01431692,3.762689e-09,0.0,0.0,0.0
1.27756,0.38,1.102,1.119,0.01810659,0.01435228,6.853114e-06,8.23662e-06,0.01809973,0.01434404,3.631867e-09,0.0,0.0,0.0
1.27843,0.38,1.103,1.12,0.01811839,0.01437935,6.741796e-06,8.10949e-06,0.01811164,0.01437124,3.505418e-09,0.0,0.0,0.0
1.27931,0.38,1.104,1.121,0.01813013,0.01440651,6.631653e-06,7.983556e-06,0.0181235,0.01439853,3.383201e-09,0.0,0.0,0.0
1.28019,0.38,1.105,1.122,0.01814183,0.01443375,6.522677e-06,7.858814e-06,0.01813531,0.01442589,3.265082e-09,0.0,0.0,0.0
1.28106,0.38,1.106,1.123,0.01816365,0.01445639,6.414862e-06,7.735257e-06,0.01815723,0.01444866,3.150929e-09,0.0,0.0,0.0
1.28194,0.38,1.107,1.124,0.01817719,0.01448169,6.3082e-06,7.612881e-06,0.01817087,0.01447408,3.040615e-09,0.0,0.0,0.0
1.28282,0.38,1.108,1.125,0.01819941,0.01450754,6.202684e-06,7.491681e-06,0.01819321,0.01450004,2.934015e-09,0.0,0.0,0.0
1.28369,0.38,1.109,1.126,0.01821333,0.01453368,6.098307e-06,7.37165e-06,0.01820723,0.01452631,2.831011e-09,0.0,0.0,0.0
1.28457,0.38,1.11,1.127,0.01822618,0.01456003,5.995062e-06,7.252784e-06,0.01822018,0.01455278,2.731486e-09,0.0,0.0,0.0
1.28545,0.38,1.111,1.128,0.0182386,0.01458655,5.892943e-06,7.135078e-06,0.01823271,0.01457941,2.635327e-09,0.0,0.0,0.0
1.28633,0.38,1.112,1.129,0.01825078,0.0146132,5.791941e-06,7.018526e-06,0.01824499,0.01460618,2.542426e-09,0.0,0.0,0.0
1.2872,0.38,1.113,1.13,0.01826279,0.01463998,5.69205e-06,6.903123e-06,0.0182571,0.01463308,2.452678e-09,0.0,0.0,0.0
1.28808,0.38,1.114,1.131,0.01827468,0.01466686,5.593264e-06,6.788864e-06,0.01826908,0.01466007,2.365978e-09,0.0,0.0,0.0
1.28896,0.38,1.115,1.132,0.01828647,0.01469385,5.495575e-06,6.675744e-06,0.01828097,0.01468717,2.282229e-09,0.0,0.0,0.0
1.28984,0.38,1.116,1.133,0.01829818,0.01472092,5.398976e-06,6.563758e-06,0.01829278,0.01471436,2.201334e-09,0.0,0.0,0.0
1.29072,0.38,1.117,1.134,0.01830983,0.01474809,5.303461e-06,6.452901e-06,0.01830453,0.01474164,2.1232e-09,0.0,0.0,0.0
1.2916,0.38,1.118,1.135,0.01832144,0.01477534,5.209024e-06,6.343167e-06,0.01831622,0.01476899,2.047737e-09,0.0,0.0,0.0
1.29247,0.38,1.119,1.136,0.01833977,0.01480043,5.115656e-06,6.234552e-06,0.01833465,0.0147942,1.974856e-09,0.0,0.0,0.0
1.29335,0.38,1.12,1.137,0.01835483,0.01482486,5.023353e-06,6.127051e-06,0.0183498,0.01481873,1.904475e-09,0.0,0.0,0.0
1.29423,0.38,1.121,1.138,0.01836786,0.01485049,4.932106e-06,6.020658e-06,0.01836292,0.01484447,1.836509e-09,0.0,0.0,0.0
1.29511,0.38,1.122,1.139,0.01838986,0.01487655,4.84191e-06,5.915369e-06,0.01838502,0.01487064,1.77088e-09,0.0,0.0,0.0
1.29599,0.38,1.123,1.14,0.01840311,0.01490288,4.752758e-06,5.811179e-06,0.01839836,0.01489707,1.70751e-09,0.0,0.0,0.0
1.29687,0.38,1.124,1.141,0.01841563,0.01492939,4.664644e-06,5.708082e-06,0.01841096,0.01492368,1.646326e-09,0.0,0.0,0.0
1.29775,0.38,1.125,1.142,0.0184278,0.01495606,4.577561e-06,5.606075e-06,0.01842322,0.01495045,1.587255e-09,0.0,0.0,0.0
1.29863,0.38,1.126,1.143,0.01843976,0.01498286,4.491502e-06,5.505151e-06,0.01843527,0.01497736,1.530226e-09,0.0,0.0,0.0
1.29951,0.38,1.127,1.144,0.01845158,0.01500978,4.406461e-06,5.405307e-06,0.01844717,0.01500437,1.475172e-09,0.0,0.0,0.0
1.30039,0.38,1.128,1.145,0.01846328,0.0150368,4.322433e-06,5.306537e-06,0.01845895,0.0150315,1.422028e-09,0.0,0.0,0.0
1.30127,0.38,1.129,1.146,0.01847489,0.01506392,4.23941e-06,5.208836e-06,0.01847065,0.01505872,1.37073e-09,0.0,0.0,0.0
1.30215,0.38,1.13,1.147,0.01848644,0.01509114,4.157386e-06,5.112201e-06,0.01848228,0.01508603,1.321215e-09,0.0,0.0,0.0
1.30303,0.38,1.131,1.148,0.01849792,0.01511844,4.076355e-06,5.016625e-06,0.01849384,0.01511343,1.273426e-09,0.0,0.0,0.0
1.30392,0.38,1.132,1.149,0.01850935,0.01514583,3.996312e-06,4.922105e-06,0.01850536,0.01514091,1.227304e-09,0.0,0.0,0.0
1.3048,0.38,1.133,1.15,0.01852737,0.01517099,3.917249e-06,4.828635e-06,0.01852346,0.01516616,1.182792e-09,0.0,0.0,0.0
1.30568,0.38,1.134,1.151,0.01854192,0.01519574,3.839161e-06,4.736211e-06,0.01853808,0.015191,1.139838e-09,0.0,0.0,0.0
1.30656,0.38,1.135,1.152,0.01855468,0.01522159,3.762041e-06,4.644829e-06,0.01855091,0.01521695,1.098389e-09,0.0,0.0,0.0
1.30744,0.38,1.136,1.153,0.01857595,0.01524786,3.685883e-06,4.554482e-06,0.01857226,0.0152433,1.058394e-09,0.0,0.0,0.0
1.30832,0.38,1.137,1.154,0.01858892,0.01527437,3.610683e-06,4.465168e-06,0.01858531,0.01526991,1.019804e-09,0.0,0.0,0.0
1.30921,0.38,1.138,1.155,0.01860121,0.01530108,3.536432e-06,4.376881e-06,0.01859767,0.0152967,9.825721e-10,0.0,0.0,0.0
1.31009,0.38,1.139,1.156,0.01861317,0.01532793,3.463126e-06,4.289617e-06,0.01860971,0.01532364,9.466518e-10,0.0,0.0,0.0
1.31097,0.38,1.14,1.157,0.01862493,0.01535492,3.390759e-06,4.20337e-06,0.01862154,0.01535071,9.119989e-10,0.0,0.0,0.0
1.31185,0.38,1.141,1.158,0.01863655,0.01538202,3.319324e-06,4.118138e-06,0.01863323,0.0153779,8.785705e-10,0.0,0.0,0.0
1.31274,0.38,1.142,1.159,0.01864805,0.01540923,3.248816e-06,4.033914e-06,0.0186448,0.01540519,8.463249e-10,0.0,0.0,0.0
1.31362,0.38,1.143,1.16,0.01865948,0.01543653,3.17923e-06,3.950695e-06,0.0186563,0.01543258,8.15222e-10,0.0,0.0,0.0
1.3145,0.38,1.144,1.161,0.01867083,0.01546393,3.110558e-06,3.868476e-06,0.01866772,0.01546007,7.852227e-10,0.0,0.0,0.0
1.31539,0.38,1.145,1.162,0.01868212,0.01549142,3.042796e-06,3.787252e-06,0.01867908,0.01548764,7.562894e-10,0.0,0.0,0.0
1.31627,0.38,1.146,1.163,0.01869337,0.015519,2.975938e-06,3.707019e-06,0.01869039,0.01551529,7.283857e-10,0.0,0.0,0.0
1.31715,0.38,1.147,1.164,0.01870743,0.01554615,2.909978e-06,3.627773e-06,0.01870452,0.01554252,7.014764e-10,0.0,0.0,0.0
1.31804,0.38,1.148,1.165,0.01872451,0.01556998,2.84491e-06,3.54951e-06,0.01872167,0.01556643,6.755273e-10,0.0,0.0,0.0
1.31892,0.38,1.149,1.166,0.01873719,0.01559596,2.780729e-06,3.472224e-06,0.01873441,0.01559249,6.505055e-10,0.0,0.0,0.0
1.3198,0.38,1.15,1.167,0.01875729,0.01562242,2.71743e-06,3.395911e-06,0.01875457,0.01561902,6.263791e-10,0.0,0.0,0.0
1.32069,0.38,1.151,1.168,0.01877031,0.01564914,2.655006e-06,3.320568e-06,0.01876766,0.01564582,6.031173e-10,0.0,0.0,0.0
1.32157,0.38,1.152,1.169,0.01878246,0.01567606,2.593453e-06,3.24619e-06,0.01877987,0.01567281,5.806902e-10,0.0,0.0,0.0
1.32246,0.38,1.153,1.17,0.01879424,0.01570313,2.532764e-06,3.172771e-06,0.01879171,0.01569996,5.590691e-10,0.0,0.0,0.0
1.32334,0.38,1.154,1.171,0.01880581,0.01573034,2.472934e-06,3.100309e-06,0.01880334,0.01572724,5.38226e-10,0.0,0.0,0.0
1.32423,0.38,1.155,1.172,0.01881723,0.01575767,2.413958e-06,3.028799e-06,0.01881481,0.01575464,5.18134e-10,0.0,0.0,0.0
1.32511,0.38,1.156,1.173,0.01882853,0.0157851,2.355831e-06,2.958237e-06,0.01882618,0.01578214,4.98767e-10,0.0,0.0,0.0
1.326,0.38,1.157,1.174,0.01883975,0.01581264,2.298546e-06,2.888618e-06,0.01883745,0.01580975,4.800998e-10,0.0,0.0,0.0
1.32688,0.38,1.158,1.175,0.0188509,0.01584027,2.242099e-06,2.819938e-06,0.01884866,0.01583745,4.621082e-10,0.0,0.0,0.0
1.32777,0.38,1.159,1.176,0.01886198,0.01586799,2.186485e-06,2.752192e-06,0.0188598,0.01586523,4.447684e-10,0.0,0.0,0.0
1.32865,0.38,1.16,1.177,0.01887302,0.01589579,2.131698e-06,2.685378e-06,0.01887089,0.01589311,4.280578e-10,0.0,0.0,0.0
1.32954,0.38,1.161,1.178,0.01888401,0.01592368,2.077733e-06,2.61949e-06,0.01888193,0.01592106,4.119544e-10,0.0,0.0,0.0
1.33043,0.38,1.162,1.179,0.01890184,0.01594872,2.024584e-06,2.554525e-06,0.01889981,0.01594616,3.96437e-10,0.0,0.0,0.0
1.33131,0.38,1.163,1.18,0.01891489,0.01597458,1.972247e-06,2.490478e-06,0.01891292,0.01597209,3.814849e-10,0.0,0.0,0.0
1.3322,0.38,1.164,1.181,0.01893142,0.01600117,1.920716e-06,2.427344e-06,0.0189295,0.01599874,3.670783e-10,0.0,0.0,0.0
1.33309,0.38,1.165,1.182,0.01894675,0.0160281,1.869986e-06,2.365122e-06,0.01894488,0.01602574,3.531981e-10,0.0,0.0,0.0
1.33397,0.38,1.166,1.183,0.01895892,0.01605525,1.820053e-06,2.303804e-06,0.0189571,0.01605295,3.398257e-10,0.0,0.0,0.0
1.33486,0.38,1.167,1.184,0.01897059,0.01608257,1.77091e-06,2.243389e-06,0.01896882,0.01608033,3.269432e-10,0.0,0.0,0.0
1.33575,0.38,1.168,1.185,0.01898199,0.01611004,1.722554e-06,2.183872e-06,0.01898026,0.01610785,3.145333e-10,0.0,0.0,0.0
1.33663,0.38,1.169,1.186,0.01899321,0.01613763,1.674978e-06,2.125249e-06,0.01899154,0.0161355,3.025792e-10,0.0,0.0,0.0
1.33752,0.38,1.17,1.187,0.01900432,0.01616533,1.628178e-06,2.067515e-06,0.01900269,0.01616326,2.910649e-10,0.0,0.0,0.0
1.33841,0.38,1.171,1.188,0.01901532,0.01619313,1.58215e-06,2.010667e-06,0.01901374,0.01619112,2.799747e-10,0.0,0.0,0.0
1.3393,0.38,1.172,1.189,0.01902625,0.01622103,1.536887e-06,1.954701e-06,0.01902472,0.01621908,2.692936e-10,0.0,0.0,0.0
1.34018,0.38,1.173,1.19,0.01903712,0.01624902,1.492386e-06,1.899613e-06,0.01903562,0.01624712,2.590069e-10,0.0,0.0,0.0
1.34107,0.38,1.174,1.191,0.01904793,0.0162771,1.448641e-06,1.845398e-06,0.01904648,0.01627526,2.491008e-10,0.0,0.0,0.0
1.34196,0.38,1.175,1.192,0.01905869,0.01630527,1.405647e-06,1.792054e-06,0.01905728,0.01630348,2.395614e-10,0.0,0.0,0.0
1.34285,0.38,1.176,1.193,0.01906941,0.01633352,1.3634e-06,1.739576e-06,0.01906804,0.01633178,2.303759e-10,0.0,0.0,0.0
1.34374,0.38,1.177,1.194,0.01908703,0.01635857,1.321895e-06,1.68796e-06,0.01908571,0.01635689,2.215314e-10,0.0,0.0,0.0
1.34463,0.38,1.178,1.195,0.01909939,0.01638508,1.281127e-06,1.637202e-06,0.01909811,0.01638344,2.130158e-10,0.0,0.0,0.0
1.34552,0.38,1.179,1.196,0.01911679,0.01641216,1.241091e-06,1.587298e-06,0.01911554,0.01641057,2.048172e-10,0.0,0.0,0.0
1.3464,0.38,1.18,1.197,0.01913007,0.01643954,1.201783e-06,1.538245e-06,0.01912887,0.016438,1.969244e-10,0.0,0.0,0.0
1.34729,0.38,1.181,1.198,0.01914179,0.01646712,1.163198e-06,1.490039e-06,0.01914062,0.01646563,1.893262e-10,0.0,0.0,0.0
1.34818,0.38,1.182,1.199,0.01915308,0.01649486,1.125331e-06,1.442676e-06,0.01915196,0.01649342,1.82012e-10,0.0,0.0,0.0
1.34907,0.38,1.183,1.2,0.01916415,0.01652274,1.088178e-06,1.396152e-06,0.01916306,0.01652134,1.749717e-10,0.0,0.0,0.0
1.34996,0.38,1.184,1.201,0.01917506,0.01655074,1.051734e-06,1.350463e-06,0.01917401,0.01654939,1.681952e-10,0.0,0.0,0.0
1.35085,0.38,1.185,1.202,0.01918586,0.01657884,1.015994e-06,1.305605e-06,0.01918484,0.01657754,1.616731e-10,0.0,0.0,0.0
1.35174,0.38,1.186,1.203,0.01919657,0.01660705,9.809537e-07,1.261575e-06,0.01919559,0.01660579,1.55396e-10,0.0,0.0,0.0
1.35263,0.38,1.187,1.204,0.01920721,0.01663535,9.46609e-07,1.21837e-06,0.01920626,0.01663414,1.493552e-10,0.0,0.0,0.0
1.35352,0.38,1.188,1.205,0.01921778,0.01666375,9.129551e-07,1.175984e-06,0.01921687,0.01666257,1.435421e-10,0.0,0.0,0.0
1.35441,0.38,1.189,1.206,0.01922831,0.01669223,8.799876e-07,1.134415e-06,0.01922743,0.01669109,1.379482e-10,0.0,0.0,0.0
1.3553,0.38,1.19,1.207,0.01923878,0.01672079,8.477018e-07,1.093659e-06,0.01923794,0.0167197,1.325658e-10,0.0,0.0,0.0
1.35619,0.38,1.191,1.208,0.01924922,0.01674944,8.160935e-07,1.053712e-06,0.0192484,0.01674839,1.273869e-10,0.0,0.0,0.0
1.35708,0.38,1.192,1.209,0.01926576,0.01677536,7.851581e-07,1.014571e-06,0.01926497,0.01677434,1.224042e-10,0.0,0.0,0.0
1.35797,0.38,1.193,1.21,0.01927788,0.01680224,7.548914e-07,9.762311e-07,0.01927713,0.01680127,1.176105e-10,0.0,0.0,0.0
1.35887,0.38,1.194,1.211,0.01929327,0.01682976,7.252888e-07,9.386896e-07,0.01929254,0.01682882,1.129989e-10,0.0,0.0,0.0
1.35976,0.38,1.195,1.212,0.01930727,0.01685758,6.963462e-07,9.019427e-07,0.01930657,0.01685668,1.085627e-10,0.0,0.0,0.0
1.36065,0.38,1.196,1.213,0.01931871,0.0168856,6.680591e-07,8.659867e-07,0.01931805,0.01688473,1.042954e-10,0.0,0.0,0.0
1.36154,0.38,1.197,1.214,0.01932971,0.01691378,6.404232e-07,8.30818e-07,0.01932907,0.01691295,1.001908e-10,0.0,0.0,0.0
1.36243,0.38,1.198,1.215,0.01934048,0.0169421,6.134343e-07,7.964331e-07,0.01933987,0.0169413,9.624294e-11,0.0,0.0,0.0
1.36332,0.38,1.199,1.216,0.01935109,0.01697053,5.870881e-07,7.628283e-07,0.01935051,0.01696977,9.244599e-11,0.0,0.0,0.0
1.36422,0.38,1.2,1.217,0.0193616,0.01699907,5.613804e-07,7.300001e-07,0.01936104,0.01699834,8.879438e-11,0.0,0.0,0.0
1.36511,0.38,1.201,1.218,0.01937201,0.01702772,5.36307e-07,6.979449e-07,0.01937148,0.01702702,8.528273e-11,0.0,0.0,0.0
1.366,0.38,1.202,1.219,0.01938236,0.01705646,5.118636e-07,6.666591e-07,0.01938184,0.01705579,8.190586e-11,0.0,0.0,0.0
1.36689,0.38,1.203,1.22,0.01939264,0.01708529,4.880462e-07,6.361394e-07,0.01939215,0.01708465,7.865875e-11,0.0,0.0,0.0
1.36778,0.38,1.204,1.221,0.01940287,0.0171142,4.648505e-07,6.063821e-07,0.0194024,0.0171136,7.553658e-11,0.0,0.0,0.0
1.36868,0.38,1.205,1.222,0.01941305,0.0171432,4.422725e-07,5.773837e-07,0.01941261,0.01714263,7.253471e-11,0.0,0.0,0.0
1.36957,0.38,1.206,1.223,0.0194232,0.01717228,4.20308e-07,5.491408e-07,0.01942278,0.01717174,6.964864e-11,0.0,0.0,0.0
1.37046,0.38,1.207,1.224,0.01943711,0.01720023,3.989529e-07,5.216498e-07,0.01943671,0.01719971,6.687404e-11,0.0,0.0,0.0
1.37136,0.38,1.208,1.225,0.01945013,0.0172269,3.782033e-07,4.949074e-07,0.01944975,0.0172264,6.420676e-11,0.0,0.0,0.0
1.37225,0.38,1.209,1.226,0.01946128,0.01725477,3.58055e-07,4.6891e-07,0.01946092,0.0172543,6.164278e-11,0.0,0.0,0.0
1.37314,0.38,1.21,1.227,0.01947803,0.01728301,3.38504e-07,4.436543e-07,0.01947769,0.01728256,5.917821e-11,0.0,0.0,0.0
1.37404,0.38,1.211,1.228,0.01948948,0.01731147,3.195464e-07,4.191367e-07,0.01948916,0.01731105,5.680933e-11,0.0,0.0,0.0
1.37493,0.38,1.212,1.229,0.01950027,0.01734011,3.011781e-07,3.953538e-07,0.01949997,0.01733971,5.453254e-11,0.0,0.0,0.0
1.37583,0.38,1.213,1.23,0.01951078,0.01736888,2.833953e-07,3.723024e-07,0.0195105,0.01736851,5.234438e-11,0.0,0.0,0.0
1.37672,0.38,1.214,1.231,0.01952112,0.01739778,2.661938e-07,3.499788e-07,0.01952085,0.01739743,5.02415e-11,0.0,0.0,0.0
1.37761,0.38,1.215,1.232,0.01953134,0.01742679,2.495699e-07,3.283799e-07,0.01953109,0.01742646,4.822068e-11,0.0,0.0,0.0
1.37851,0.38,1.216,1.233,0.01954147,0.01745589,2.335197e-07,3.075022e-07,0.01954123,0.01745559,4.627882e-11,0.0,0.0,0.0
1.3794,0.38,1.217,1.234,0.01955152,0.0174851,2.180391e-07,2.873422e-07,0.0195513,0.01748481,4.441294e-11,0.0,0.0,0.0
1.3803,0.38,1.218,1.235,0.01956151,0.01751439,2.031245e-07,2.678968e-07,0.01956131,0.01751412,4.262014e-11,0.0,0.0,0.0
1.38119,0.38,1.219,1.236,0.01957145,0.01754377,1.887719e-07,2.491625e-07,0.01957126,0.01754353,4.089767e-11,0.0,0.0,0.0
1.38209,0.38,1.22,1.237,0.01958133,0.01757324,1.749775e-07,2.31136e-07,0.01958116,0.01757301,3.924284e-11,0.0,0.0,0.0
1.38298,0.38,1.221,1.238,0.01959118,0.01760279,1.617375e-07,2.138139e-07,0.01959102,0.01760258,3.765308e-11,0.0,0.0,0.0
1.38388,0.38,1.222,1.239,0.01960099,0.01763242,1.490481e-07,1.97193e-07,0.01960084,0.01763222,3.612591e-11,0.0,0.0,0.0
1.38477,0.38,1.223,1.24,0.01961545,0.01766011,1.369055e-07,1.8127e-07,0.01961531,0.01765993,3.465894e-11,0.0,0.0,0.0
1.38567,0.38,1.224,1.241,0.01962703,0.01768797,1.253061e-07,1.660415e-07,0.0196269,0.01768781,3.324988e-11,0.0,0.0,0.0
1.38656,0.38,1.225,1.242,0.01963764,0.01771656,1.142459e-07,1.515043e-07,0.01963753,0.01771641,3.18965e-11,0.0,0.0,0.0
1.38746,0.38,1.226,1.243,0.01965376,0.01774545,1.037214e-07,1.37655e-07,0.01965366,0.01774531,3.059667e-11,0.0,0.0,0.0
1.38836,0.38,1.227,1.244,0.01966457,0.01777454,9.372884e-08,1.244905e-07,0.01966448,0.01777441,2.934835e-11,0.0,0.0,0.0
1.38925,0.38,1.228,1.245,0.01967491,0.01780378,8.42645e-08,1.120075e-07,0.01967482,0.01780367,2.814954e-11,0.0,0.0,0.0
1.39015,0.38,1.229,1.246,0.01968501,0.01783316,7.532471e-08,1.002026e-07,0.01968494,0.01783306,2.699834e-11,0.0,0.0,0.0
1.39104,0.38,1.23,1.247,0.01969497,0.01786265,6.690583e-08,8.907271e-08,0.01969491,0.01786256,2.589293e-11,0.0,0.0,0.0
1.39194,0.38,1.231,1.248,0.01970483,0.01789225,5.900422e-08,7.861454e-08,0.01970477,0.01789217,2.483153e-11,0.0,0.0,0.0
1.39284,0.38,1.232,1.249,0.0197146,0.01792194,5.161625e-08,6.882485e-08,0.01971455,0.01792187,2.381245e-11,0.0,0.0,0.0
1.39373,0.38,1.233,1.25,0.0197243,0.01795173,4.473833e-08,5.970043e-08,0.01972426,0.01795167,2.283404e-11,0.0,0.0,0.0
1.39463,0.38,1.234,1.251,0.01973395,0.0179816,3.836685e-08,5.123807e-08,0.01973391,0.01798155,2.189474e-11,0.0,0.0,0.0
1.39553,0.38,1.235,1.252,0.01974355,0.01801156,3.249825e-08,4.343454e-08,0.01974351,0.01801152,2.099302e-11,0.0,0.0,0.0
1.39643,0.38,1.236,1.253,0.0197531,0.0180416,2.712895e-08,3.628666e-08,0.01975307,0.01804157,2.012743e-11,0.0,0.0,0.0
1.39732,0.38,1.237,1.254,0.01976261,0.01807172,2.225541e-08,2.979122e-08,0.01976259,0.01807169,1.929657e-11,0.0,0.0,0.0
1.39822,0.38,1.238,1.255,0.01977209,0.01810192,1.787409e-08,2.394503e-08,0.01977207,0.0181019,1.849907e-11,0.0,0.0,0.0
1.39912,0.38,1.239,1.256,0.01978549,0.01813059,1.398149e-08,1.87449e-08,0.01978548,0.01813057,1.773364e-11,0.0,0.0,0.0
1.40002,0.38,1.24,1.257,0.01979682,0.018159,1.057408e-08,1.418767e-08,0.01979681,0.01815899,1.699903e-11,0.0,0.0,0.0
1.40091,0.38,1.241,1.258,0.01980707,0.01818821,7.648383e-09,1.027014e-08,0.01980706,0.0181882,1.629404e-11,0.0,0.0,0.0
1.40181,0.38,1.242,1.259,0.01982221,0.01821772,5.200912e-09,6.989154e-09,0.0198222,0.01821771,1.56175e-11,0.0,0.0,0.0
1.40271,0.38,1.243,1.26,0.0198327,0.01824742,3.228203e-09,4.341544e-09,0.01983269,0.01824742,1.49683e-11,0.0,0.0,0.0
1.40361,0.38,1.244,1.261,0.01984268,0.01827728,1.7268e-09,2.324147e-09,0.01984268,0.01827728,1.434537e-11,0.0,0.0,0.0
1.40451,0.38,1.245,1.262,0.01985244,0.01830727,6.932601e-10,9.338045e-10,0.01985244,0.01830726,1.374767e-11,0.0,0.0,0.0
1.40541,0.38,1.246,1.263,0.01986205,0.01833736,1.241533e-10,1.673618e-10,0.01986205,0.01833736,1.317422e-11,0.0,0.0,0.0
1.4063,0.38,1.247,1.264,0.01987157,0.01836757,0.0,0.0,0.01987157,0.01836757,1.262405e-11,0.0,0.0,0.0
1.4072,0.38,1.248,1.265,0.019881,0.01839786,0.0,0.0,0.019881,0.01839786,1.209625e-11,0.0,0.0,0.0
1.4081,0.38,1.249,1.266,0.01989037,0.01842825,0.0,0.0,0.01989037,0.01842825,1.158994e-11,0.0,0.0,0.0
1.409,0.38,1.25,1.267,0.01989969,0.01845872,0.0,0.0,0.01989969,0.01845872,1.110426e-11,0.0,0.0,0.0
1.4099,0.38,1.251,1.268,0.01990895,0.01848928,0.0,0.0,0.01990895,0.01848928,1.06384e-11,0.0,0.0,0.0
1.4108,0.38,1.252,1.269,0.01991817,0.01851992,0.0,0.0,0.01991817,0.01851992,1.019157e-11,0.0,0.0,0.0
1.4117,0.38,1.253,1.27,0.01992735,0.01855063,0.0,0.0,0.01992735,0.01855063,9.763026e-12,0.0,0.0,0.0
1.4126,0.38,1.254,1.271,0.0199365,0.01858143,0.0,0.0,0.0199365,0.01858143,9.35203e-12,0.0,0.0,0.0
1.4135,0.38,1.255,1.272,0.01994561,0.01861229,0.0,0.0,0.01994561,0.01861229,8.957886e-12,0.0,0.0,0.0
1.4144,0.38,1.256,1.273,0.01995952,0.01864057,0.0,0.0,0.01995952,0.01864057,8.579923e-12,0.0,0.0,0.0
1.4153,0.38,1.257,1.274,0.01996961,0.01867026,0.0,0.0,0.0199696,0.01867026,8.217495e-12,0.0,0.0,0.0
1.4162,0.38,1.258,1.275,0.01998312,0.01870035,0.0,0.0,0.01998312,0.01870035,7.869983e-12,0.0,0.0,0.0
1.4171,0.38,1.259,1.276,0.01999388,0.01873065,0.0,0.0,0.01999388,0.01873065,7.536788e-12,0.0,0.0,0.0
1.418,0.38,1.26,1.277,0.02000363,0.01876112,0.0,0.0,0.02000363,0.01876112,7.217338e-12,0.0,0.0,0.0
1.4189,0.38,1.261,1.278,0.02001309,0.01879171,0.0,0.0,0.02001309,0.01879171,6.911082e-12,0.0,0.0,0.0
1.4198,0.38,1.262,1.279,0.02002239,0.01882242,0.0,0.0,0.02002239,0.01882242,6.617489e-12,0.0,0.0,0.0
1.4207,0.38,1.263,1.28,0.02003159,0.01885323,0.0,0.0,0.02003159,0.01885323,6.336051e-12,0.0,0.0,0.0
1.4216,0.38,1.264,1.281,0.0200407,0.01888414,0.0,0.0,0.0200407,0.01888414,6.066278e-12,0.0,0.0,0.0
1.4225,0.38,1.265,1.282,0.02004975,0.01891514,0.0,0.0,0.02004975,0.01891514,5.8077e-12,0.0,0.0,0.0
1.42341,0.38,1.266,1.283,0.02005874,0.01894622,0.0,0.0,0.02005874,0.01894622,5.559865e-12,0.0,0.0,0.0
1.42431,0.38,1.267,1.284,0.02006768,0.01897739,0.0,0.0,0.02006768,0.01897739,5.322339e-12,0.0,0.0,0.0
1.42521,0.38,1.268,1.285,0.02007658,0.01900863,0.0,0.0,0.02007658,0.01900863,5.094706e-12,0.0,0.0,0.0
1.42611,0.38,1.269,1.286,0.02008544,0.01903996,0.0,0.0,0.02008544,0.01903996,4.876563e-12,0.0,0.0,0.0
1.42701,0.38,1.27,1.287,0.02009427,0.01907136,0.0,0.0,0.02009427,0.01907136,4.667527e-12,0.0,0.0,0.0
1.42791,0.38,1.271,1.288,0.02010306,0.01910283,0.0,0.0,0.02010306,0.01910283,4.467227e-12,0.0,0.0,0.0
1.42882,0.38,1.272,1.289,0.02011307,0.01913415,0.0,0.0,0.02011307,0.01913415,4.275308e-12,0.0,0.0,0.0
1.42972,0.38,1.273,1.29,0.02012518,0.01916325,0.0,0.0,0.02012518,0.01916325,4.09143e-12,0.0,0.0,0.0
1.43062,0.38,1.274,1.291,0.02013471,0.01919379,0.0,0.0,0.02013471,0.01919379,3.915263e-12,0.0,0.0,0.0
1.43152,0.38,1.275,1.292,0.02014783,0.01922466,0.0,0.0,0.02014783,0.01922466,3.746494e-12,0.0,0.0,0.0
1.43243,0.38,1.276,1.293,0.02015776,0.01925572,0.0,0.0,0.02015776,0.01925572,3.58482e-12,0.0,0.0,0.0
1.43333,0.38,1.277,1.294,0.02016704,0.01928692,0.0,0.0,0.02016704,0.01928692,3.429951e-12,0.0,0.0,0.0
1.43423,0.38,1.278,1.295,0.0201761,0.01931825,0.0,0.0,0.0201761,0.01931825,3.281607e-12,0.0,0.0,0.0
1.43513,0.38,1.279,1.296,0.02018501,0.01934968,0.0,0.0,0.02018501,0.01934968,3.139523e-12,0.0,0.0,0.0
1.43604,0.38,1.28,1.297,0.02019384,0.01938121,0.0,0.0,0.02019384,0.01938121,3.003439e-12,0.0,0.0,0.0
1.43694,0.38,1.281,1.298,0.02020259,0.01941284,0.0,0.0,0.02020259,0.01941284,2.87311e-12,0.0,0.0,0.0
1.43784,0.38,1.282,1.299,0.02021128,0.01944455,0.0,0.0,0.02021128,0.01944455,2.748298e-12,0.0,0.0,0.0
1.43875,0.38,1.283,1.3,0.02021992,0.01947634,0.0,0.0,0.02021992,0.01947634,2.628777e-12,0.0,0.0,0.0
1.43965,0.38,1.284,1.301,0.02022851,0.01950822,0.0,0.0,0.02022851,0.01950822,2.514327e-12,0.0,0.0,0.0
1.44055,0.38,1.285,1.302,0.02023707,0.01954017,0.0,0.0,0.02023707,0.01954017,2.40474e-12,0.0,0.0,0.0
1.44146,0.38,1.286,1.303,0.02024559,0.01957219,0.0,0.0,0.02024559,0.01957219,2.299814e-12,0.0,0.0,0.0
1.44236,0.38,1.287,1.304,0.02025408,0.0196043,0.0,0.0,0.02025408,0.0196043,2.199355e-12,0.0,0.0,0.0
1.44327,0.38,1.288,1.305,0.02026254,0.01963647,0.0,0.0,0.02026254,0.01963647,0.0,0.0,0.0,0.0
1.44417,0.38,1.289,1.306,0.02027097,0.01966872,0.0,0.0,0.02027097,0.01966872,0.0,0.0,0.0,0.0
1.44508,0.38,1.29,1.307,0.02028336,0.01969873,0.0,0.0,0.02028336,0.01969873,0.0,0.0,0.0,0.0
1.44598,0.38,1.291,1.308,0.02029258,0.01972998,0.0,0.0,0.02029258,0.01972998,0.0,0.0,0.0,0.0
1.44688,0.38,1.292,1.309,0.02030447,0.01976158,0.0,0.0,0.02030447,0.01976158,0.0,0.0,0.0,0.0
1.44779,0.38,1.293,1.31,0.02031439,0.01979337,0.0,0.0,0.02031439,0.01979337,0.0,0.0,0.0,0.0
1.44869,0.38,1.294,1.311,0.02032335,0.01982531,0.0,0.0,0.02032335,0.01982531,0.0,0.0,0.0,0.0
1.4496,0.38,1.295,1.312,0.02033207,0.01985737,0.0,0.0,0.02033207,0.01985737,0.0,0.0,0.0,0.0
1.4505,0.38,1.296,1.313,0.02034065,0.01988954,0.0,0.0,0.02034065,0.01988954,0.0,0.0,0.0,0.0
1.45141,0.38,1.297,1.314,0.02034915,0.0199218,0.0,0.0,0.02034915,0.0199218,0.0,0.0,0.0,0.0
1.45232,0.38,1.298,1.315,0.02035757,0.01995415,0.0,0.0,0.02035757,0.01995415,0.0,0.0,0.0,0.0
1.45322,0.38,1.299,1.316,0.02036594,0.01998659,0.0,0.0,0.02036594,0.01998659,0.0,0.0,0.0,0.0
1.45413,0.38,1.3,1.317,0.02037426,0.02001911,0.0,0.0,0.02037426,0.02001911,0.0,0.0,0.0,0.0
1.45503,0.38,1.301,1.318,0.02038254,0.0200517,0.0,0.0,0.02038254,0.0200517,0.0,0.0,0.0,0.0
1.45594,0.38,1.302,1.319,0.02039078,0.02008438,0.0,0.0,0.02039078,0.02008438,0.0,0.0,0.0,0.0
1.45684,0.38,1.303,1.32,0.02039899,0.02011712,0.0,0.0,0.02039899,0.02011712,0.0,0.0,0.0,0.0
1.45775,0.38,1.304,1.321,0.02040717,0.02014994,0.0,0.0,0.02040717,0.02014994,0.0,0.0,0.0,0.0
1.45866,0.38,1.305,1.322,0.02041531,0.02018284,0.0,0.0,0.02041531,0.02018284,0.0,0.0,0.0,0.0
1.45956,0.38,1.306,1.323,0.02042344,0.0202158,0.0,0.0,0.02042344,0.0202158,0.0,0.0,0.0,0.0
1.46047,0.38,1.307,1.324,0.0204342,0.02024765,0.0,0.0,0.0204342,0.02024765,0.0,0.0,0.0,0.0
1.46138,0.38,1.308,1.325,0.02044359,0.02027931,0.0,0.0,0.02044359,0.02027931,0.0,0.0,0.0,0.0
1.46228,0.38,1.309,1.326,0.02045223,0.02031158,0.0,0.0,0.02045223,0.02031158,0.0,0.0,0.0,0.0
1.46319,0.38,1.31,1.327,0.02046407,0.02034409,0.0,0.0,0.02046407,0.02034409,0.0,0.0,0.0,0.0
1.4641,0.38,1.311,1.328,0.02047295,0.02037675,0.0,0.0,0.02047295,0.02037675,0.0,0.0,0.0,0.0
1.465,0.38,1.312,1.329,0.02048143,0.02040955,0.0,0.0,0.02048143,0.02040955,0.0,0.0,0.0,0.0
1.46591,0.38,1.313,1.33,0.02048974,0.02044245,0.0,0.0,0.02048974,0.02044245,0.0,0.0,0.0,0.0
1.46682,0.38,1.314,1.331,0.02049796,0.02047545,0.0,0.0,0.02049796,0.02047545,0.0,0.0,0.0,0.0
1.46773,0.38,1.315,1.332,0.02050609,0.02050854,0.0,0.0,0.02050609,0.02050854,0.0,0.0,0.0,0.0
1.46863,0.38,1.316,1.333,0.02051417,0.02054172,0.0,0.0,0.02051417,0.02054172,0.0,0.0,0.0,0.0
1.46954,0.38,1.317,1.334,0.02052221,0.02057497,0.0,0.0,0.02052221,0.02057497,0.0,0.0,0.0,0.0
1.47045,0.38,1.318,1.335,0.0205302,0.02060831,0.0,0.0,0.0205302,0.02060831,0.0,0.0,0.0,0.0
1.47136,0.38,1.319,1.336,0.02053816,0.02064172,0.0,0.0,0.02053816,0.02064172,0.0,0.0,0.0,0.0
1.47226,0.38,1.32,1.337,0.02054608,0.0206752,0.0,0.0,0.02054608,0.0206752,0.0,0.0,0.0,0.0
1.47317,0.38,1.321,1.338,0.02055398,0.02070876,0.0,0.0,0.02055398,0.02070876,0.0,0.0,0.0,0.0
1.47408,0.38,1.322,1.339,0.02056185,0.02074239,0.0,0.0,0.02056185,0.02074239,0.0,0.0,0.0,0.0
1.47499,0.38,1.323,1.34,0.02056969,0.02077609,0.0,0.0,0.02056969,0.02077609,0.0,0.0,0.0,0.0
1.4759,0.38,1.324,1.341,0.02057751,0.02080986,0.0,0.0,0.02057751,0.02080986,0.0,0.0,0.0,0.0
1.47681,0.38,1.325,1.342,0.02058776,0.02084256,0.0,0.0,0.02058776,0.02084256,0.0,0.0,0.0,0.0
1.47772,0.38,1.326,1.343,0.02059667,0.02087517,0.0,0.0,0.02059667,0.02087517,0.0,0.0,0.0,0.0
1.47862,0.38,1.327,1.344,0.02060496,0.02090832,0.0,0.0,0.02060496,0.02090832,0.0,0.0,0.0,0.0
1.47953,0.38,1.328,1.345,0.0206161,0.02094169,0.0,0.0,0.0206161,0.02094169,0.0,0.0,0.0,0.0
1.48044,0.38,1.329,1.346,0.02062461,0.02097521,0.0,0.0,0.02062461,0.02097521,0.0,0.0,0.0,0.0
1.48135,0.38,1.33,1.347,0.02063275,0.02100885,0.0,0.0,0.02063275,0.02100885,0.0,0.0,0.0,0.0
1.48226,0.38,1.331,1.348,0.02064074,0.0210426,0.0,0.0,0.02064074,0.0210426,0.0,0.0,0.0,0.0
1.48317,0.38,1.332,1.349,0.02064865,0.02107644,0.0,0.0,0.02064865,0.02107644,0.0,0.0,0.0,0.0
1.48408,0.38,1.333,1.35,0.02065648,0.02111037,0.0,0.0,0.02065648,0.02111037,0.0,0.0,0.0,0.0
1.48499,0.38,1.334,1.351,0.02066427,0.02114438,0.0,0.0,0.02066427,0.02114438,0.0,0.0,0.0,0.0
1.4859,0.38,1.335,1.352,0.02067201,0.02117847,0.0,0.0,0.02067201,0.02117847,0.0,0.0,0.0,0.0
1.48681,0.38,1.336,1.353,0.02067972,0.02121263,0.0,0.0,0.02067972,0.02121263,0.0,0.0,0.0,0.0
1.48772,0.38,1.337,1.354,0.0206874,0.02124687,0.0,0.0,0.0206874,0.02124687,0.0,0.0,0.0,0.0
1.48863,0.38,1.338,1.355,0.02069504,0.02128118,0.0,0.0,0.02069504,0.02128118,0.0,0.0,0.0,0.0
1.48954,0.38,1.339,1.356,0.02070266,0.02131557,0.0,0.0,0.02070266,0.02131557,0.0,0.0,0.0,0.0
1.49045,0.38,1.34,1.357,0.02071026,0.02135002,0.0,0.0,0.02071026,0.02135002,0.0,0.0,0.0,0.0
1.49136,0.38,1.341,1.358,0.02071783,0.02138455,0.0,0.0,0.02071783,0.02138455,0.0,0.0,0.0,0.0
1.49227,0.38,1.342,1.359,0.02072539,0.02141914,0.0,0.0,0.02072539,0.02141914,0.0,0.0,0.0,0.0
1.49318,0.38,1.343,1.36,0.02073292,0.0214538,0.0,0.0,0.02073292,0.0214538,0.0,0.0,0.0,0.0
1.49409,0.38,1.344,1.361,0.02074336,0.02148668,0.0,0.0,0.02074336,0.02148668,0.0,0.0,0.0,0.0
1.495,0.38,1.345,1.362,0.02075145,0.02152062,0.0,0.0,0.02075145,0.02152062,0.0,0.0,0.0,0.0
1.49592,0.38,1.346,1.363,0.02076137,0.02155482,0.0,0.0,0.02076137,0.02155482,0.0,0.0,0.0,0.0
1.49683,0.38,1.347,1.364,0.02077007,0.02158919,0.0,0.0,0.02077007,0.02158919,0.0,0.0,0.0,0.0
1.49774,0.38,1.348,1.365,0.020778,0.02162368,0.0,0.0,0.020778,0.02162368,0.0,0.0,0.0,0.0
1.49865,0.38,1.349,1.366,0.02078576,0.02165827,0.0,0.0,0.02078576,0.02165827,0.0,0.0,0.0,0.0
1.49956,0.38,1.35,1.367,0.02079341,0.02169296,0.0,0.0,0.02079341,0.02169296,0.0,0.0,0.0,0.0
1.50047,0.38,1.351,1.368,0.020801,0.02172774,0.0,0.0,0.020801,0.02172774,0.0,0.0,0.0,0.0
1.50138,0.38,1.352,1.369,0.02080854,0.02176259,0.0,0.0,0.02080854,0.02176259,0.0,0.0,0.0,0.0
1.5023,0.38,1.353,1.37,0.02081604,0.02179753,0.0,0.0,0.02081604,0.02179753,0.0,0.0,0.0,0.0
1.50321,0.38,1.354,1.371,0.0208235,0.02183254,0.0,0.0,0.0208235,0.02183254,0.0,0.0,0.0,0.0
1.50412,0.38,1.355,1.372,0.02083094,0.02186763,0.0,0.0,0.02083094,0.02186763,0.0,0.0,0.0,0.0
1.50503,0.38,1.356,1.373,0.02083834,0.02190279,0.0,0.0,0.02083834,0.02190279,0.0,0.0,0.0,0.0
1.50594,0.38,1.357,1.374,0.02084573,0.02193801,0.0,0.0,0.02084573,0.02193801,0.0,0.0,0.0,0.0
1.50686,0.38,1.358,1.375,0.02085309,0.02197331,0.0,0.0,0.02085309,0.02197331,0.0,0.0,0.0,0.0
1.50777,0.38,1.359,1.376,0.02086044,0.02200868,0.0,0.0,0.02086044,0.02200868,0.0,0.0,0.0,0.0
1.50868,0.38,1.36,1.377,0.02086776,0.02204412,0.0,0.0,0.02086776,0.02204412,0.0,0.0,0.0,0.0
1.5096,0.38,1.361,1.378,0.02087507,0.02207962,0.0,0.0,0.02087507,0.02207962,0.0,0.0,0.0,0.0
1.51051,0.38,1.362,1.379,0.02088365,0.02211475,0.0,0.0,0.02088365,0.02211475,0.0,0.0,0.0,0.0
1.51142,0.38,1.363,1.38,0.02089235,0.02214898,0.0,0.0,0.02089235,0.02214898,0.0,0.0,0.0,0.0
1.51233,0.38,1.364,1.381,0.02090009,0.02218395,0.0,0.0,0.02090009,0.02218395,0.0,0.0,0.0,0.0
1.51325,0.38,1.365,1.382,0.02090976,0.02221914,0.0,0.0,0.02090976,0.02221914,0.0,0.0,0.0,0.0
1.51416,0.38,1.366,1.383,0.02091785,0.02225448,0.0,0.0,0.02091785,0.02225448,0.0,0.0,0.0,0.0
1.51507,0.38,1.367,1.384,0.02092547,0.02228992,0.0,0.0,0.02092547,0.02228992,0.0,0.0,0.0,0.0
1.51599,0.38,1.368,1.385,0.02093295,0.02232547,0.0,0.0,0.02093295,0.02232547,0.0,0.0,0.0,0.0
1.5169,0.38,1.369,1.386,0.02094035,0.0223611,0.0,0.0,0.02094035,0.0223611,0.0,0.0,0.0,0.0
1.51782,0.38,1.37,1.387,0.02094769,0.02239682,0.0,0.0,0.02094769,0.02239682,0.0,0.0,0.0,0.0
1.51873,0.38,1.371,1.388,0.02095499,0.02243262,0.0,0.0,0.02095499,0.02243262,0.0,0.0,0.0,0.0
1.51964,0.38,1.372,1.389,0.02096226,0.0224685,0.0,0.0,0.02096226,0.0224685,0.0,0.0,0.0,0.0
1.52056,0.38,1.373,1.39,0.0209695,0.02250445,0.0,0.0,0.0209695,0.02250445,0.0,0.0,0.0,0.0
1.52147,0.38,1.374,1.391,0.02097671,0.02254047,0.0,0.0,0.02097671,0.02254047,0.0,0.0,0.0,0.0
1.52239,0.38,1.375,1.392,0.0209839,0.02257656,0.0,0.0,0.0209839,0.02257656,0.0,0.0,0.0,0.0
1.5233,0.38,1.376,1.393,0.02099107,0.02261272,0.0,0.0,0.02099107,0.02261272,0.0,0.0,0.0,0.0
1.52421,0.38,1.377,1.394,0.02099822,0.02264895,0.0,0.0,0.02099822,0.02264895,0.0,0.0,0.0,0.0
1.52513,0.38,1.378,1.395,0.02100536,0.02268525,0.0,0.0,0.02100536,0.02268525,0.0,0.0,0.0,0.0
1.52604,0.38,1.379,1.396,0.02101248,0.02272162,0.0,0.0,0.02101248,0.02272162,0.0,0.0,0.0,0.0
1.52696,0.38,1.38,1.397,0.02101958,0.02275805,0.0,0.0,0.02101958,0.02275805,0.0,0.0,0.0,0.0
1.52787,0.38,1.381,1.398,0.02102667,0.02279455,0.0,0.0,0.02102667,0.02279455,0.0,0.0,0.0,0.0
1.52879,0.38,1.382,1.399,0.02103598,0.02282969,0.0,0.0,0.02103598,0.02282969,0.0,0.0,0.0,0.0
1.5297,0.38,1.383,1.4,0.02104354,0.02286558,0.0,0.0,0.02104354,0.02286558,0.0,0.0,0.0,0.0
1.53062,0.38,1.384,1.401,0.0210509,0.02290173,0.0,0.0,0.0210509,0.02290173,0.0,0.0,0.0,0.0
1.53153,0.38,1.385,1.402,0.0210605,0.02293802,0.0,0.0,0.0210605,0.02293802,0.0,0.0,0.0,0.0
1.53245,0.38,1.386,1.403,0.02106795,0.02297442,0.0,0.0,0.02106795,0.02297442,0.0,0.0,0.0,0.0
1.53337,0.38,1.387,1.404,0.02107524,0.02301093,0.0,0.0,0.02107524,0.02301093,0.0,0.0,0.0,0.0
1.53428,0.38,1.388,1.405,0.02108245,0.02304752,0.0,0.0,0.02108245,0.02304752,0.0,0.0,0.0,0.0
1.5352,0.38,1.389,1.406,0.02108961,0.0230842,0.0,0.0,0.02108961,0.0230842,0.0,0.0,0.0,0.0
1.53611,0.38,1.39,1.407,0.02109672,0.02312095,0.0,0.0,0.02109672,0.02312095,0.0,0.0,0.0,0.0
1.53703,0.38,1.391,1.408,0.02110381,0.02315778,0.0,0.0,0.02110381,0.02315778,0.0,0.0,0.0,0.0
1.53795,0.38,1.392,1.409,0.02111087,0.02319469,0.0,0.0,0.02111087,0.02319469,0.0,0.0,0.0,0.0
1.53886,0.38,1.393,1.41,0.0211179,0.02323166,0.0,0.0,0.0211179,0.02323166,0.0,0.0,0.0,0.0
1.53978,0.38,1.394,1.411,0.02112492,0.02326871,0.0,0.0,0.02112492,0.02326871,0.0,0.0,0.0,0.0
1.54069,0.38,1.395,1.412,0.02113192,0.02330582,0.0,0.0,0.02113192,0.02330582,0.0,0.0,0.0,0.0
1.54161,0.38,1.396,1.413,0.02113891,0.02334301,0.0,0.0,0.02113891,0.02334301,0.0,0.0,0.0,0.0
1.54253,0.38,1.397,1.414,0.02114588,0.02338026,0.0,0.0,0.02114588,0.02338026,0.0,0.0,0.0,0.0
1.54344,0.38,1.398,1.415,0.02115284,0.02341758,0.0,0.0,0.02115284,0.02341758,0.0,0.0,0.0,0.0
1.54436,0.38,1.399,1.416,0.02115978,0.02345496,0.0,0.0,0.02115978,0.02345496,0.0,0.0,0.0,0.0
1.54528,0.38,1.4,1.417,0.02116672,0.02349241,0.0,0.0,0.02116672,0.02349241,0.0,0.0,0.0,0.0
1.54619,0.38,1.401,1.418,0.02117442,0.02352971,0.0,0.0,0.02117442,0.02352971,0.0,0.0,0.0,0.0
1.54711,0.38,1.402,1.419,0.02118265,0.02356603,0.0,0.0,0.02118265,0.02356603,0.0,0.0,0.0,0.0
1.54803,0.38,1.403,1.42,0.02118994,0.02360307,0.0,0.0,0.02118994,0.02360307,0.0,0.0,0.0,0.0
1.54895,0.38,1.404,1.421,0.02119858,0.02364031,0.0,0.0,0.02119858,0.02364031,0.0,0.0,0.0,0.0
1.54986,0.38,1.405,1.422,0.02120627,0.02367767,0.0,0.0,0.02120627,0.02367767,0.0,0.0,0.0,0.0
1.55078,0.38,1.406,1.423,0.02121348,0.02371514,0.0,0.0,0.02121348,0.02371514,0.0,0.0,0.0,0.0
1.5517,0.38,1.407,1.424,0.02122057,0.0237527,0.0,0.0,0.02122057,0.0237527,0.0,0.0,0.0,0.0
1.55262,0.38,1.408,1.425,0.02122759,0.02379035,0.0,0.0,0.02122759,0.02379035,0.0,0.0,0.0,0.0
1.55353,0.38,1.409,1.426,0.02123458,0.02382808,0.0,0.0,0.02123458,0.02382808,0.0,0.0,0.0,0.0
1.55445,0.38,1.41,1.427,0.02124153,0.02386588,0.0,0.0,0.02124153,0.02386588,0.0,0.0,0.0,0.0
1.55537,0.38,1.411,1.428,0.02124846,0.02390376,0.0,0.0,0.02124846,0.02390376,0.0,0.0,0.0,0.0
1.55629,0.38,1.412,1.429,0.02125537,0.02394171,0.0,0.0,0.02125537,0.02394171,0.0,0.0,0.0,0.0
1.55721,0.38,1.413,1.43,0.02126226,0.02397973,0.0,0.0,0.02126226,0.02397973,0.0,0.0,0.0,0.0
1.55813,0.38,1.414,1.431,0.02126913,0.02401782,0.0,0.0,0.02126913,0.02401782,0.0,0.0,0.0,0.0
1.55904,0.38,1.415,1.432,0.021276,0.02405598,0.0,0.0,0.021276,0.02405598,0.0,0.0,0.0,0.0
1.55996,0.38,1.416,1.433,0.02128284,0.0240942,0.0,0.0,0.02128284,0.0240942,0.0,0.0,0.0,0.0
1.56088,0.38,1.417,1.434,0.02128968,0.02413249,0.0,0.0,0.02128968,0.02413249,0.0,0.0,0.0,0.0
1.5618,0.38,1.418,1.435,0.02129651,0.02417085,0.0,0.0,0.02129651,0.02417085,0.0,0.0,0.0,0.0
1.56272,0.38,1.419,1.436,0.02130333,0.02420928,0.0,0.0,0.02130333,0.02420928,0.0,0.0,0.0,0.0
1.56364,0.38,1.42,1.437,0.02131014,0.02424777,0.0,0.0,0.02131014,0.02424777,0.0,0.0,0.0,0.0
1.56456,0.38,1.421,1.438,0.02131694,0.02428632,0.0,0.0,0.02131694,0.02428632,0.0,0.0,0.0,0.0
1.56548,0.38,1.422,1.439,0.02132546,0.02432378,0.0,0.0,0.02132546,0.02432378,0.0,0.0,0.0,0.0
1.5664,0.38,1.423,1.44,0.02133263,0.02436187,0.0,0.0,0.02133263,0.02436187,0.0,0.0,0.0,0.0
1.56731,0.38,1.424,1.441,0.02133965,0.02440017,0.0,0.0,0.02133965,0.02440017,0.0,0.0,0.0,0.0
1.56823,0.38,1.425,1.442,0.02134838,0.0244386,0.0,0.0,0.02134838,0.0244386,0.0,0.0,0.0,0.0
1.56915,0.38,1.426,1.443,0.02135548,0.02447714,0.0,0.0,0.02135548,0.02447714,0.0,0.0,0.0,0.0
1.57007,0.38,1.427,1.444,0.02136246,0.02451577,0.0,0.0,0.02136246,0.02451577,0.0,0.0,0.0,0.0
1.57099,0.38,1.428,1.445,0.02136938,0.02455448,0.0,0.0,0.02136938,0.02455448,0.0,0.0,0.0,0.0
1.57191,0.38,1.429,1.446,0.02137625,0.02459328,0.0,0.0,0.02137625,0.02459328,0.0,0.0,0.0,0.0
1.57283,0.38,1.43,1.447,0.0213831,0.02463215,0.0,0.0,0.0213831,0.02463215,0.0,0.0,0.0,0.0
1.57375,0.38,1.431,1.448,0.02138992,0.02467109,0.0,0.0,0.02138992,0.02467109,0.0,0.0,0.0,0.0
1.57467,0.38,1.432,1.449,0.02139672,0.0247101,0.0,0.0,0.02139672,0.0247101,0.0,0.0,0.0,0.0
1.57559,0.38,1.433,1.45,0.02140351,0.02474918,0.0,0.0,0.02140351,0.02474918,0.0,0.0,0.0,0.0
1.57651,0.38,1.434,1.451,0.02141029,0.02478833,0.0,0.0,0.02141029,0.02478833,0.0,0.0,0.0,0.0
1.57743,0.38,1.435,1.452,0.02141706,0.02482755,0.0,0.0,0.02141706,0.02482755,0.0,0.0,0.0,0.0
1.57835,0.38,1.436,1.453,0.02142382,0.02486684,0.0,0.0,0.02142382,0.02486684,0.0,0.0,0.0,0.0
1.57928,0.38,1.437,1.454,0.02143057,0.0249062,0.0,0.0,0.02143057,0.0249062,0.0,0.0,0.0,0.0
1.5802,0.38,1.438,1.455,0.02143731,0.02494562,0.0,0.0,0.02143731,0.02494562,0.0,0.0,0.0,0.0
1.58112,0.38,1.439,1.456,0.02144404,0.0249851,0.0,0.0,0.02144404,0.0249851,0.0,0.0,0.0,0.0
1.58204,0.38,1.44,1.457,0.02145077,0.02502465,0.0,0.0,0.02145077,0.02502465,0.0,0.0,0.0,0.0
1.58296,0.38,1.441,1.458,0.02145749,0.02506427,0.0,0.0,0.02145749,0.02506427,0.0,0.0,0.0,0.0
1.58388,0.38,1.442,1.459,0.02146481,0.02510377,0.0,0.0,0.02146481,0.02510377,0.0,0.0,0.0,0.0
1.5848,0.38,1.443,1.46,0.02147253,0.0251425,0.0,0.0,0.02147253,0.0251425,0.0,0.0,0.0,0.0
1.58572,0.38,1.444,1.461,0.02147953,0.02518183,0.0,0.0,0.02147953,0.02518183,0.0,0.0,0.0,0.0
1.58664,0.38,1.445,1.462,0.02148743,0.02522132,0.0,0.0,0.02148743,0.02522132,0.0,0.0,0.0,0.0
1.58757,0.38,1.446,1.463,0.02149487,0.02526093,0.0,0.0,0.02149487,0.02526093,0.0,0.0,0.0,0.0
1.58849,0.38,1.447,1.464,0.02150183,0.02530063,0.0,0.0,0.02150183,0.02530063,0.0,0.0,0.0,0.0
1.58941,0.38,1.448,1.465,0.02150869,0.02534042,0.0,0.0,0.02150869,0.02534042,0.0,0.0,0.0,0.0
1.59033,0.38,1.449,1.466,0.02151551,0.0253803,0.0,0.0,0.02151551,0.0253803,0.0,0.0,0.0,0.0
1.59125,0.38,1.45,1.467,0.0215223,0.02542025,0.0,0.0,0.0215223,0.02542025,0.0,0.0,0.0,0.0
1.59217,0.38,1.451,1.468,0.02152906,0.02546027,0.0,0.0,0.02152906,0.02546027,0.0,0.0,0.0,0.0
1.5931,0.38,1.452,1.469,0.02153581,0.02550036,0.0,0.0,0.02153581,0.02550036,0.0,0.0,0.0,0.0
1.59402,0.38,1.453,1.47,0.02154255,0.02554053,0.0,0.0,0.02154255,0.02554053,0.0,0.0,0.0,0.0
1.59494,0.38,1.454,1.471,0.02154927,0.02558076,0.0,0.0,0.02154927,0.02558076,0.0,0.0,0.0,0.0
1.59586,0.38,1.455,1.472,0.02155599,0.02562106,0.0,0.0,0.02155599,0.02562106,0.0,0.0,0.0,0.0
1.59679,0.38,1.456,1.473,0.02156269,0.02566143,0.0,0.0,0.02156269,0.02566143,0.0,0.0,0.0,0.0
1.59771,0.38,1.457,1.474,0.02156939,0.02570187,0.0,0.0,0.02156939,0.02570187,0.0,0.0,0.0,0.0
1.59863,0.38,1.458,1.475,0.02157609,0.02574237,0.0,0.0,0.02157609,0.02574237,0.0,0.0,0.0,0.0
1.59955,0.38,1.459,1.476,0.02158277,0.02578294,0.0,0.0,0.02158277,0.02578294,0.0,0.0,0.0,0.0
1.60048,0.38,1.46,1.477,0.02158946,0.02582357,0.0,0.0,0.02158946,0.02582357,0.0,0.0,0.0,0.0
1.6014,0.38,1.461,1.478,0.02159614,0.02586427,0.0,0.0,0.02159614,0.02586427,0.0,0.0,0.0,0.0
1.60232,0.38,1.462,1.479,0.02160281,0.02590503,0.0,0.0,0.02160281,0.02590503,0.0,0.0,0.0,0.0
1.60324,0.38,1.463,1.48,0.02160949,0.02594586,0.0,0.0,0.02160949,0.02594586,0.0,0.0,0.0,0.0
1.60417,0.38,1.464,1.481,0.02161745,0.02598585,0.0,0.0,0.02161745,0.02598585,0.0,0.0,0.0,0.0
1.60509,0.38,1.465,1.482,0.02162442,0.02602632,0.0,0.0,0.02162442,0.02602632,0.0,0.0,0.0,0.0
1.60601,0.38,1.466,1.483,0.02163127,0.02606698,0.0,0.0,0.02163127,0.02606698,0.0,0.0,0.0,0.0
1.60694,0.38,1.467,1.484,0.02163939,0.02610776,0.0,0.0,0.02163939,0.02610776,0.0,0.0,0.0,0.0
1.60786,0.38,1.468,1.485,0.02164633,0.02614864,0.0,0.0,0.02164633,0.02614864,0.0,0.0,0.0,0.0
1.60879,0.38,1.469,1.486,0.02165316,0.0261896,0.0,0.0,0.02165316,0.0261896,0.0,0.0,0.0,0.0
1.60971,0.38,1.47,1.487,0.02165994,0.02623064,0.0,0.0,0.02165994,0.02623064,0.0,0.0,0.0,0.0
1.61063,0.38,1.471,1.488,0.0216667,0.02627176,0.0,0.0,0.0216667,0.02627176,0.0,0.0,0.0,0.0
1.61156,0.38,1.472,1.489,0.02167343,0.02631295,0.0,0.0,0.02167343,0.02631295,0.0,0.0,0.0,0.0
1.61248,0.38,1.473,1.49,0.02168015,0.02635421,0.0,0.0,0.02168015,0.02635421,0.0,0.0,0.0,0.0
1.6134,0.38,1.474,1.491,0.02168686,0.02639555,0.0,0.0,0.02168686,0.02639555,0.0,0.0,0.0,0.0
1.61433,0.38,1.475,1.492,0.02169356,0.02643695,0.0,0.0,0.02169356,0.02643695,0.0,0.0,0.0,0.0
1.61525,0.38,1.476,1.493,0.02170025,0.02647842,0.0,0.0,0.02170025,0.02647842,0.0,0.0,0.0,0.0
1.61618,0.38,1.477,1.494,0.02170694,0.02651995,0.0,0.0,0.02170694,0.02651995,0.0,0.0,0.0,0.0
1.6171,0.38,1.478,1.495,0.02171362,0.02656155,0.0,0.0,0.02171362,0.02656155,0.0,0.0,0.0,0.0
1.61803,0.38,1.479,1.496,0.0217203,0.02660322,0.0,0.0,0.0217203,0.02660322,0.0,0.0,0.0,0.0
1.61895,0.38,1.48,1.497,0.02172697,0.02664496,0.0,0.0,0.02172697,0.02664496,0.0,0.0,0.0,0.0
1.61988,0.38,1.481,1.498,0.02173364,0.02668675,0.0,0.0,0.02173364,0.02668675,0.0,0.0,0.0,0.0
1.6208,0.38,1.482,1.499,0.02174031,0.02672862,0.0,0.0,0.02174031,0.02672862,0.0,0.0,0.0,0.0
1.62173,0.38,1.483,1.5,0.02174698,0.02677055,0.0,0.0,0.02174698,0.02677055,0.0,0.0,0.0,0.0
1.62265,0.38,1.484,1.501,0.02175364,0.02681254,0.0,0.0,0.02175364,0.02681254,0.0,0.0,0.0,0.0
1.62358,0.38,1.485,1.502,0.02176031,0.02685459,0.0,0.0,0.02176031,0.02685459,0.0,0.0,0.0,0.0
1.6245,0.38,1.486,1.503,0.02176815,0.02689583,0.0,0.0,0.02176815,0.02689583,0.0,0.0,0.0,0.0
1.62543,0.38,1.487,1.504,0.02177505,0.02693761,0.0,0.0,0.02177505,0.02693761,0.0,0.0,0.0,0.0
1.62635,0.38,1.488,1.505,0.02178186,0.02697955,0.0,0.0,0.02178186,0.02697955,0.0,0.0,0.0,0.0
1.62728,0.38,1.489,1.506,0.02178981,0.0270216,0.0,0.0,0.02178981,0.0270216,0.0,0.0,0.0,0.0
1.6282,0.38,1.49,1.507,0.02179669,0.02706374,0.0,0.0,0.02179669,0.02706374,0.0,0.0,0.0,0.0
1.62913,0.38,1.491,1.508,0.0218035,0.02710596,0.0,0.0,0.0218035,0.02710596,0.0,0.0,0.0,0.0
1.63005,0.38,1.492,1.509,0.02181027,0.02714826,0.0,0.0,0.02181027,0.02714826,0.0,0.0,0.0,0.0
1.63098,0.38,1.493,1.51,0.02181701,0.02719063,0.0,0.0,0.02181701,0.02719063,0.0,0.0,0.0,0.0
1.63191,0.38,1.494,1.511,0.02182374,0.02723307,0.0,0.0,0.02182374,0.02723307,0.0,0.0,0.0,0.0
1.63283,0.38,1.495,1.512,0.02183046,0.02727558,0.0,0.0,0.02183046,0.02727558,0.0,0.0,0.0,0.0
1.63376,0.38,1.496,1.513,0.02183717,0.02731817,0.0,0.0,0.02183717,0.02731817,0.0,0.0,0.0,0.0
1.63468,0.38,1.497,1.514,0.02184388,0.02736081,0.0,0.0,0.02184388,0.02736081,0.0,0.0,0.0,0.0
1.63561,0.38,1.498,1.515,0.02185058,0.02740353,0.0,0.0,0.02185058,0.02740353,0.0,0.0,0.0,0.0
1.63654,0.38,1.499,1.516,0.02185727,0.02744631,0.0,0.0,0.02185727,0.02744631,0.0,0.0,0.0,0.0
1.63746,0.38,1.5,1.517,0.02186397,0.02748916,0.0,0.0,0.02186397,0.02748916,0.0,0.0,0.0,0.0
1.63839,0.38,1.501,1.518,0.02187066,0.02753208,0.0,0.0,0.02187066,0.02753208,0.0,0.0,0.0,0.0
1.63932,0.38,1.502,1.519,0.02187735,0.02757506,0.0,0.0,0.02187735,0.02757506,0.0,0.0,0.0,0.0
1.64024,0.38,1.503,1.52,0.02188404,0.0276181,0.0,0.0,0.02188404,0.0276181,0.0,0.0,0.0,0.0
1.64117,0.38,1.504,1.521,0.02189073,0.02766121,0.0,0.0,0.02189073,0.02766121,0.0,0.0,0.0,0.0
1.6421,0.38,1.505,1.522,0.02189742,0.02770438,0.0,0.0,0.02189742,0.02770438,0.0,0.0,0.0,0.0
1.64302,0.38,1.506,1.523,0.02190411,0.02774761,0.0,0.0,0.02190411,0.02774761,0.0,0.0,0.0,0.0
1.64395,0.38,1.507,1.524,0.0219108,0.02779091,0.0,0.0,0.0219108,0.02779091,0.0,0.0,0.0,0.0
1.64488,0.38,1.508,1.525,0.02191836,0.02783371,0.0,0.0,0.02191836,0.02783371,0.0,0.0,0.0,0.0
1.6458,0.38,1.509,1.526,0.02192533,0.0278767,0.0,0.0,0.02192533,0.0278767,0.0,0.0,0.0,0.0
1.64673,0.38,1.51,1.527,0.02193217,0.02791989,0.0,0.0,0.02193217,0.02791989,0.0,0.0,0.0,0.0
1.64766,0.38,1.511,1.528,0.02193987,0.0279632,0.0,0.0,0.02193987,0.0279632,0.0,0.0,0.0,0.0
1.64859,0.38,1.512,1.529,0.02194684,0.0280066,0.0,0.0,0.02194684,0.0280066,0.0,0.0,0.0,0.0
1.64951,0.38,1.513,1.53,0.02195368,0.02805008,0.0,0.0,0.02195368,0.02805008,0.0,0.0,0.0,0.0
1.65044,0.38,1.514,1.531,0.02196048,0.02809364,0.0,0.0,0.02196048,0.02809364,0.0,0.0,0.0,0.0
1.65137,0.38,1.515,1.532,0.02196726,0.02813727,0.0,0.0,0.02196726,0.02813727,0.0,0.0,0.0,0.0
1.6523,0.38,1.516,1.533,0.02197403,0.02818097,0.0,0.0,0.02197403,0.02818097,0.0,0.0,0.0,0.0
1.65322,0.38,1.517,1.534,0.02198078,0.02822474,0.0,0.0,0.02198078,0.02822474,0.0,0.0,0.0,0.0
1.65415,0.38,1.518,1.535,0.02198753,0.02826858,0.0,0.0,0.02198753,0.02826858,0.0,0.0,0.0,0.0
1.65508,0.38,1.519,1.536,0.02199427,0.02831249,0.0,0.0,0.02199427,0.02831249,0.0,0.0,0.0,0.0
1.65601,0.38,1.52,1.537,0.02200102,0.02835647,0.0,0.0,0.02200102,0.02835647,0.0,0.0,0.0,0.0
1.65694,0.38,1.521,1.538,0.02200775,0.02840051,0.0,0.0,0.02200775,0.02840051,0.0,0.0,0.0,0.0
1.65786,0.38,1.522,1.539,0.02201449,0.02844461,0.0,0.0,0.02201449,0.02844461,0.0,0.0,0.0,0.0
1.65879,0.38,1.523,1.54,0.02202123,0.02848878,0.0,0.0,0.02202123,0.02848878,0.0,0.0,0.0,0.0
1.65972,0.38,1.524,1.541,0.02202797,0.02853301,0.0,0.0,0.02202797,0.02853301,0.0,0.0,0.0,0.0
1.66065,0.38,1.525,1.542,0.0220347,0.02857731,0.0,0.0,0.0220347,0.02857731,0.0,0.0,0.0,0.0
1.66158,0.38,1.526,1.543,0.02204144,0.02862168,0.0,0.0,0.02204144,0.02862168,0.0,0.0,0.0,0.0
1.66251,0.38,1.527,1.544,0.02204818,0.0286661,0.0,0.0,0.02204818,0.0286661,0.0,0.0,0.0,0.0
1.66344,0.38,1.528,1.545,0.02205492,0.02871059,0.0,0.0,0.02205492,0.02871059,0.0,0.0,0.0,0.0
1.66436,0.38,1.529,1.546,0.02206166,0.02875515,0.0,0.0,0.02206166,0.02875515,0.0,0.0,0.0,0.0
1.66529,0.38,1.53,1.547,0.0220684,0.02879976,0.0,0.0,0.0220684,0.02879976,0.0,0.0,0.0,0.0
1.66622,0.38,1.531,1.548,0.02207588,0.02884395,0.0,0.0,0.02207588,0.02884395,0.0,0.0,0.0,0.0
1.66715,0.38,1.532,1.549,0.02208288,0.02888831,0.0,0.0,0.02208288,0.02888831,0.0,0.0,0.0,0.0
1.66808,0.38,1.533,1.55,0.02208976,0.02893285,0.0,0.0,0.02208976,0.02893285,0.0,0.0,0.0,0.0
1.66901,0.38,1.534,1.551,0.02209735,0.0289775,0.0,0.0,0.02209735,0.0289775,0.0,0.0,0.0,0.0
1.66994,0.38,1.535,1.552,0.02210436,0.02902224,0.0,0.0,0.02210436,0.02902224,0.0,0.0,0.0,0.0
1.67087,0.38,1.536,1.553,0.02211125,0.02906706,0.0,0.0,0.02211125,0.02906706,0.0,0.0,0.0,0.0
1.6718,0.38,1.537,1.554,0.0221181,0.02911195,0.0,0.0,0.0221181,0.02911195,0.0,0.0,0.0,0.0
1.67273,0.38,1.538,1.555,0.02212493,0.02915691,0.0,0.0,0.02212493,0.02915691,0.0,0.0,0.0,0.0
1.67366,0.38,1.539,1.556,0.02213175,0.02920195,0.0,0.0,0.02213175,0.02920195,0.0,0.0,0.0,0.0
1.67459,0.38,1.54,1.557,0.02213856,0.02924705,0.0,0.0,0.02213856,0.02924705,0.0,0.0,0.0,0.0
1.67552,0.38,1.541,1.558,0.02214537,0.02929222,0.0,0.0,0.02214537,0.02929222,0.0,0.0,0.0,0.0
1.67645,0.38,1.542,1.559,0.02215218,0.02933746,0.0,0.0,0.02215218,0.02933746,0.0,0.0,0.0,0.0
1.67738,0.38,1.543,1.56,0.02215898,0.02938276,0.0,0.0,0.02215898,0.02938276,0.0,0.0,0.0,0.0
1.67831,0.38,1.544,1.561,0.02216579,0.02942813,0.0,0.0,0.02216579,0.02942813,0.0,0.0,0.0,0.0
1.67924,0.38,1.545,1.562,0.02217259,0.02947356,0.0,0.0,0.02217259,0.02947356,0.0,0.0,0.0,0.0
1.68017,0.38,1.546,1.563,0.0221794,0.02951905,0.0,0.0,0.0221794,0.02951905,0.0,0.0,0.0,0.0
1.6811,0.38,1.547,1.564,0.0221862,0.02956461,0.0,0.0,0.0221862,0.02956461,0.0,0.0,0.0,0.0
1.68203,0.38,1.548,1.565,0.02219301,0.02961024,0.0,0.0,0.02219301,0.02961024,0.0,0.0,0.0,0.0
1.68296,0.38,1.549,1.566,0.02219982,0.02965592,0.0,0.0,0.02219982,0.02965592,0.0,0.0,0.0,0.0
1.68389,0.38,1.55,1.567,0.02220663,0.02970167,0.0,0.0,0.02220663,0.02970167,0.0,0.0,0.0,0.0
1.68482,0.38,1.551,1.568,0.02221344,0.02974748,0.0,0.0,0.02221344,0.02974748,0.0,0.0,0.0,0.0
1.68575,0.38,1.552,1.569,0.02222026,0.02979336,0.0,0.0,0.02222026,0.02979336,0.0,0.0,0.0,0.0
1.68668,0.38,1.553,1.57,0.02222708,0.02983929,0.0,0.0,0.02222708,0.02983929,0.0,0.0,0.0,0.0
1.68761,0.38,1.554,1.571,0.0222339,0.02988529,0.0,0.0,0.0222339,0.02988529,0.0,0.0,0.0,0.0
1.68854,0.38,1.555,1.572,0.02224145,0.02993079,0.0,0.0,0.02224145,0.02993079,0.0,0.0,0.0,0.0
1.68947,0.38,1.556,1.573,0.02224844,0.02997662,0.0,0.0,0.02224844,0.02997662,0.0,0.0,0.0,0.0
1.69041,0.38,1.557,1.574,0.02225537,0.0300226,0.0,0.0,0.02225537,0.0300226,0.0,0.0,0.0,0.0
1.69134,0.38,1.558,1.575,0.02226298,0.03006866,0.0,0.0,0.02226298,0.03006866,0.0,0.0,0.0,0.0
1.69227,0.38,1.559,1.576,0.02226998,0.03011481,0.0,0.0,0.02226998,0.03011481,0.0,0.0,0.0,0.0
1.6932,0.38,1.56,1.577,0.02227692,0.03016103,0.0,0.0,0.02227692,0.03016103,0.0,0.0,0.0,0.0
1.69413,0.38,1.561,1.578,0.02228384,0.03020733,0.0,0.0,0.02228384,0.03020733,0.0,0.0,0.0,0.0
1.69506,0.38,1.562,1.579,0.02229074,0.03025369,0.0,0.0,0.02229074,0.03025369,0.0,0.0,0.0,0.0
1.69599,0.38,1.563,1.58,0.02229764,0.03030012,0.0,0.0,0.02229764,0.03030012,0.0,0.0,0.0,0.0
1.69692,0.38,1.564,1.581,0.02230453,0.03034662,0.0,0.0,0.02230453,0.03034662,0.0,0.0,0.0,0.0
1.69786,0.38,1.565,1.582,0.02231142,0.03039319,0.0,0.0,0.02231142,0.03039319,0.0,0.0,0.0,0.0
1.69879,0.38,1.566,1.583,0.02231831,0.03043981,0.0,0.0,0.02231831,0.03043981,0.0,0.0,0.0,0.0
1.69972,0.38,1.567,1.584,0.0223252,0.03048651,0.0,0.0,0.0223252,0.03048651,0.0,0.0,0.0,0.0
1.70065,0.38,1.568,1.585,0.02233209,0.03053326,0.0,0.0,0.02233209,0.03053326,0.0,0.0,0.0,0.0
1.70158,0.38,1.569,1.586,0.02233898,0.03058008,0.0,0.0,0.02233898,0.03058008,0.0,0.0,0.0,0.0
1.70252,0.38,1.57,1.587,0.02234587,0.03062697,0.0,0.0,0.02234587,0.03062697,0.0,0.0,0.0,0.0
1.70345,0.38,1.571,1.588,0.02235277,0.03067391,0.0,0.0,0.02235277,0.03067391,0.0,0.0,0.0,0.0
1.70438,0.38,1.572,1.589,0.02235967,0.03072092,0.0,0.0,0.02235967,0.03072092,0.0,0.0,0.0,0.0
1.70531,0.38,1.573,1.59,0.02236657,0.03076799,0.0,0.0,0.02236657,0.03076799,0.0,0.0,0.0,0.0
1.70625,0.38,1.574,1.591,0.02237347,0.03081512,0.0,0.0,0.02237347,0.03081512,0.0,0.0,0.0,0.0
1.70718,0.38,1.575,1.592,0.02238038,0.03086232,0.0,0.0,0.02238038,0.03086232,0.0,0.0,0.0,0.0
1.70811,0.38,1.576,1.593,0.02238729,0.03090958,0.0,0.0,0.02238729,0.03090958,0.0,0.0,0.0,0.0
1.70904,0.38,1.577,1.594,0.0223942,0.03095689,0.0,0.0,0.0223942,0.03095689,0.0,0.0,0.0,0.0
1.70998,0.38,1.578,1.595,0.02240112,0.03100427,0.0,0.0,0.02240112,0.03100427,0.0,0.0,0.0,0.0
1.71091,0.38,1.579,1.596,0.02240858,0.03105132,0.0,0.0,0.02240858,0.03105132,0.0,0.0,0.0,0.0
1.71184,0.38,1.58,1.597,0.02241568,0.03109854,0.0,0.0,0.02241568,0.03109854,0.0,0.0,0.0,0.0
1.71277,0.38,1.581,1.598,0.0224227,0.0311459,0.0,0.0,0.0224227,0.0311459,0.0,0.0,0.0,0.0
1.71371,0.38,1.582,1.599,0.02243023,0.03119336,0.0,0.0,0.02243023,0.03119336,0.0,0.0,0.0,0.0
1.71464,0.38,1.583,1.6,0.02243736,0.0312409,0.0,0.0,0.02243736,0.0312409,0.0,0.0,0.0,0.0
1.71557,0.38,1.584,1.601,0.0224444,0.03128852,0.0,0.0,0.0224444,0.03128852,0.0,0.0,0.0,0.0
1.71651,0.38,1.585,1.602,0.02245141,0.0313362,0.0,0.0,0.02245141,0.0313362,0.0,0.0,0.0,0.0
1.71744,0.38,1.586,1.603,0.0224584,0.03138395,0.0,0.0,0.0224584,0.03138395,0.0,0.0,0.0,0.0
1.71837,0.38,1.587,1.604,0.0224654,0.03143177,0.0,0.0,0.0224654,0.03143177,0.0,0.0,0.0,0.0
1.71931,0.38,1.588,1.605,0.02247238,0.03147966,0.0,0.0,0.02247238,0.03147966,0.0,0.0,0.0,0.0
1.72024,0.38,1.589,1.606,0.02247937,0.03152761,0.0,0.0,0.02247937,0.03152761,0.0,0.0,0.0,0.0
1.72117,0.38,1.59,1.607,0.02248636,0.03157562,0.0,0.0,0.02248636,0.03157562,0.0,0.0,0.0,0.0
1.72211,0.38,1.591,1.608,0.02249335,0.03162369,0.0,0.0,0.02249335,0.03162369,0.0,0.0,0.0,0.0
1.72304,0.38,1.592,1.609,0.02250034,0.03167183,0.0,0.0,0.02250034,0.03167183,0.0,0.0,0.0,0.0
1.72398,0.38,1.593,1.61,0.02250733,0.03172003,0.0,0.0,0.02250733,0.03172003,0.0,0.0,0.0,0.0
1.72491,0.38,1.594,1.611,0.02251433,0.0317683,0.0,0.0,0.02251433,0.0317683,0.0,0.0,0.0,0.0
1.72584,0.38,1.595,1.612,0.02252132,0.03181662,0.0,0.0,0.02252132,0.03181662,0.0,0.0,0.0,0.0
1.72678,0.38,1.596,1.613,0.02252832,0.03186501,0.0,0.0,0.02252832,0.03186501,0.0,0.0,0.0,0.0
1.72771,0.38,1.597,1.614,0.02253533,0.03191346,0.0,0.0,0.02253533,0.03191346,0.0,0.0,0.0,0.0
1.72865,0.38,1.598,1.615,0.02254233,0.03196197,0.0,0.0,0.02254233,0.03196197,0.0,0.0,0.0,0.0
1.72958,0.38,1.599,1.616,0.02254934,0.03201054,0.0,0.0,0.02254934,0.03201054,0.0,0.0,0.0,0.0
1.73051,0.38,1.6,1.617,0.02255636,0.03205917,0.0,0.0,0.02255636,0.03205917,0.0,0.0,0.0,0.0
1.73145,0.38,1.601,1.618,0.02256337,0.03210786,0.0,0.0,0.02256337,0.03210786,0.0,0.0,0.0,0.0
1.73238,0.38,1.602,1.619,0.02257039,0.03215661,0.0,0.0,0.02257039,0.03215661,0.0,0.0,0.0,0.0
1.73332,0.38,1.603,1.62,0.02257742,0.03220542,0.0,0.0,0.02257742,0.03220542,0.0,0.0,0.0,0.0
1.73425,0.38,1.604,1.621,0.02258491,0.03225396,0.0,0.0,0.02258491,0.03225396,0.0,0.0,0.0,0.0
1.73519,0.38,1.605,1.622,0.02259209,0.03230264,0.0,0.0,0.02259209,0.03230264,0.0,0.0,0.0,0.0
1.73612,0.38,1.606,1.623,0.02259921,0.03235146,0.0,0.0,0.02259921,0.03235146,0.0,0.0,0.0,0.0
1.73706,0.38,1.607,1.624,0.02260674,0.03240037,0.0,0.0,0.02260674,0.03240037,0.0,0.0,0.0,0.0
1.73799,0.38,1.608,1.625,0.02261396,0.03244935,0.0,0.0,0.02261396,0.03244935,0.0,0.0,0.0,0.0
1.73893,0.38,1.609,1.626,0.02262109,0.03249841,0.0,0.0,0.02262109,0.03249841,0.0,0.0,0.0,0.0
1.73986,0.38,1.61,1.627,0.02262821,0.03254754,0.0,0.0,0.02262821,0.03254754,0.0,0.0,0.0,0.0
1.7408,0.38,1.611,1.628,0.02263531,0.03259673,0.0,0.0,0.02263531,0.03259673,0.0,0.0,0.0,0.0
1.74173,0.38,1.612,1.629,0.0226424,0.03264599,0.0,0.0,0.0226424,0.03264599,0.0,0.0,0.0,0.0
1.74267,0.38,1.613,1.63,0.0226495,0.03269531,0.0,0.0,0.0226495,0.03269531,0.0,0.0,0.0,0.0
1.7436,0.38,1.614,1.631,0.0226566,0.0327447,0.0,0.0,0.0226566,0.0327447,0.0,0.0,0.0,0.0
1.74454,0.38,1.615,1.632,0.02266369,0.03279414,0.0,0.0,0.02266369,0.03279414,0.0,0.0,0.0,0.0
1.74547,0.38,1.616,1.633,0.02267079,0.03284365,0.0,0.0,0.02267079,0.03284365,0.0,0.0,0.0,0.0
1.74641,0.38,1.617,1.634,0.02267789,0.03289322,0.0,0.0,0.02267789,0.03289322,0.0,0.0,0.0,0.0
1.74735,0.38,1.618,1.635,0.02268499,0.03294285,0.0,0.0,0.02268499,0.03294285,0.0,0.0,0.0,0.0
1.74828,0.38,1.619,1.636,0.0226921,0.03299254,0.0,0.0,0.0226921,0.03299254,0.0,0.0,0.0,0.0
1.74922,0.38,1.62,1.637,0.0226992,0.03304229,0.0,0.0,0.0226992,0.03304229,0.0,0.0,0.0,0.0
1.75015,0.38,1.621,1.638,0.02270631,0.03309211,0.0,0.0,0.02270631,0.03309211,0.0,0.0,0.0,0.0
1.75109,0.38,1.622,1.639,0.02271343,0.03314198,0.0,0.0,0.02271343,0.03314198,0.0,0.0,0.0,0.0
1.75203,0.38,1.623,1.64,0.02272055,0.03319191,0.0,0.0,0.02272055,0.03319191,0.0,0.0,0.0,0.0
1.75296,0.38,1.624,1.641,0.02272767,0.03324191,0.0,0.0,0.02272767,0.03324191,0.0,0.0,0.0,0.0
1.7539,0.38,1.625,1.642,0.02273479,0.03329196,0.0,0.0,0.02273479,0.03329196,0.0,0.0,0.0,0.0
1.75483,0.38,1.626,1.643,0.02274192,0.03334207,0.0,0.0,0.02274192,0.03334207,0.0,0.0,0.0,0.0
1.75577,0.38,1.627,1.644,0.02274906,0.03339224,0.0,0.0,0.02274906,0.03339224,0.0,0.0,0.0,0.0
1.75671,0.38,1.628,1.645,0.02275619,0.03344247,0.0,0.0,0.02275619,0.03344247,0.0,0.0,0.0,0.0
1.75764,0.38,1.629,1.646,0.02276334,0.03349276,0.0,0.0,0.02276334,0.03349276,0.0,0.0,0.0,0.0
1.75858,0.38,1.63,1.647,0.02277092,0.03354275,0.0,0.0,0.02277092,0.03354275,0.0,0.0,0.0,0.0
1.75952,0.38,1.631,1.648,0.02277817,0.03359297,0.0,0.0,0.02277817,0.03359297,0.0,0.0,0.0,0.0
1.76045,0.38,1.632,1.649,0.02278538,0.03364329,0.0,0.0,0.02278538,0.03364329,0.0,0.0,0.0,0.0
1.76139,0.38,1.633,1.65,0.02279299,0.0336937,0.0,0.0,0.02279299,0.0336937,0.0,0.0,0.0,0.0
1.76233,0.38,1.634,1.651,0.02280027,0.03374418,0.0,0.0,0.02280027,0.03374418,0.0,0.0,0.0,0.0
1.76326,0.38,1.635,1.652,0.0228075,0.03379472,0.0,0.0,0.0228075,0.03379472,0.0,0.0,0.0,0.0
1.7642,0.38,1.636,1.653,0.02281472,0.03384534,0.0,0.0,0.02281472,0.03384534,0.0,0.0,0.0,0.0
1.76514,0.38,1.637,1.654,0.02282193,0.03389601,0.0,0.0,0.02282193,0.03389601,0.0,0.0,0.0,0.0
1.76607,0.38,1.638,1.655,0.02282914,0.03394675,0.0,0.0,0.02282914,0.03394675,0.0,0.0,0.0,0.0
1.76701,0.38,1.639,1.656,0.02283634,0.03399755,0.0,0.0,0.02283634,0.03399755,0.0,0.0,0.0,0.0
1.76795,0.38,1.64,1.657,0.02284355,0.03404842,0.0,0.0,0.02284355,0.03404842,0.0,0.0,0.0,0.0
1.76889,0.38,1.641,1.658,0.02285076,0.03409934,0.0,0.0,0.02285076,0.03409934,0.0,0.0,0.0,0.0
1.76982,0.38,1.642,1.659,0.02285797,0.03415032,0.0,0.0,0.02285797,0.03415032,0.0,0.0,0.0,0.0
1.77076,0.38,1.643,1.66,0.02286519,0.03420136,0.0,0.0,0.02286519,0.03420136,0.0,0.0,0.0,0.0
1.7717,0.38,1.644,1.661,0.0228724,0.03425247,0.0,0.0,0.0228724,0.03425247,0.0,0.0,0.0,0.0
1.77264,0.38,1.645,1.662,0.02287962,0.03430363,0.0,0.0,0.02287962,0.03430363,0.0,0.0,0.0,0.0
1.77357,0.38,1.646,1.663,0.02288685,0.03435485,0.0,0.0,0.02288685,0.03435485,0.0,0.0,0.0,0.0
1.77451,0.38,1.647,1.664,0.02289407,0.03440613,0.0,0.0,0.02289407,0.03440613,0.0,0.0,0.0,0.0
1.77545,0.38,1.648,1.665,0.0229013,0.03445747,0.0,0.0,0.0229013,0.03445747,0.0,0.0,0.0,0.0
1.77639,0.38,1.649,1.666,0.02290854,0.03450887,0.0,0.0,0.02290854,0.03450887,0.0,0.0,0.0,0.0
1.77732,0.38,1.65,1.667,0.02291577,0.03456033,0.0,0.0,0.02291577,0.03456033,0.0,0.0,0.0,0.0
1.77826,0.38,1.651,1.668,0.02292301,0.03461184,0.0,0.0,0.02292301,0.03461184,0.0,0.0,0.0,0.0
1.7792,0.38,1.652,1.669,0.02293026,0.03466342,0.0,0.0,0.02293026,0.03466342,0.0,0.0,0.0,0.0
1.78014,0.38,1.653,1.67,0.02293751,0.03471505,0.0,0.0,0.02293751,0.03471505,0.0,0.0,0.0,0.0
1.78108,0.38,1.654,1.671,0.02294476,0.03476674,0.0,0.0,0.02294476,0.03476674,0.0,0.0,0.0,0.0
1.78201,0.38,1.655,1.672,0.02295202,0.03481849,0.0,0.0,0.02295202,0.03481849,0.0,0.0,0.0,0.0
1.78295,0.38,1.656,1.673,0.02295957,0.03487009,0.0,0.0,0.02295957,0.03487009,0.0,0.0,0.0,0.0
1.78389,0.38,1.657,1.674,0.02296696,0.03492175,0.0,0.0,0.02296696,0.03492175,0.0,0.0,0.0,0.0
1.78483,0.38,1.658,1.675,0.02297429,0.03497353,0.0,0.0,0.02297429,0.03497353,0.0,0.0,0.0,0.0
1.78577,0.38,1.659,1.676,0.02298161,0.0350254,0.0,0.0,0.02298161,0.0350254,0.0,0.0,0.0,0.0
1.78671,0.38,1.66,1.677,0.0229893,0.03507734,0.0,0.0,0.0229893,0.03507734,0.0,0.0,0.0,0.0
1.78765,0.38,1.661,1.678,0.02299665,0.03512935,0.0,0.0,0.02299665,0.03512935,0.0,0.0,0.0,0.0
1.78858,0.38,1.662,1.679,0.02300398,0.03518142,0.0,0.0,0.02300398,0.03518142,0.0,0.0,0.0,0.0
1.78952,0.38,1.663,1.68,0.0230113,0.03523356,0.0,0.0,0.0230113,0.03523356,0.0,0.0,0.0,0.0
1.79046,0.38,1.664,1.681,0.02301862,0.03528576,0.0,0.0,0.02301862,0.03528576,0.0,0.0,0.0,0.0
1.7914,0.38,1.665,1.682,0.02302594,0.03533801,0.0,0.0,0.02302594,0.03533801,0.0,0.0,0.0,0.0
1.79234,0.38,1.666,1.683,0.02303326,0.03539033,0.0,0.0,0.02303326,0.03539033,0.0,0.0,0.0,0.0
1.79328,0.38,1.667,1.684,0.02304059,0.03544271,0.0,0.0,0.02304059,0.03544271,0.0,0.0,0.0,0.0
1.79422,0.38,1.668,1.685,0.02304791,0.03549514,0.0,0.0,0.02304791,0.03549514,0.0,0.0,0.0,0.0
1.79516,0.38,1.669,1.686,0.02305524,0.03554763,0.0,0.0,0.02305524,0.03554763,0.0,0.0,0.0,0.0
1.7961,0.38,1.67,1.687,0.02306256,0.03560019,0.0,0.0,0.02306256,0.03560019,0.0,0.0,0.0,0.0
1.79704,0.38,1.671,1.688,0.02306989,0.0356528,0.0,0.0,0.02306989,0.0356528,0.0,0.0,0.0,0.0
1.79797,0.38,1.672,1.689,0.02307723,0.03570547,0.0,0.0,0.02307723,0.03570547,0.0,0.0,0.0,0.0
1.79891,0.38,1.673,1.69,0.02308457,0.03575819,0.0,0.0,0.02308457,0.03575819,0.0,0.0,0.0,0.0
1.79985,0.38,1.674,1.691,0.02309191,0.03581098,0.0,0.0,0.02309191,0.03581098,0.0,0.0,0.0,0.0
1.80079,0.38,1.675,1.692,0.02309925,0.03586382,0.0,0.0,0.02309925,0.03586382,0.0,0.0,0.0,0.0
1.80173,0.38,1.676,1.693,0.0231066,0.03591672,0.0,0.0,0.0231066,0.03591672,0.0,0.0,0.0,0.0
1.80267,0.38,1.677,1.694,0.02311395,0.03596968,0.0,0.0,0.02311395,0.03596968,0.0,0.0,0.0,0.0
1.80361,0.38,1.678,1.695,0.02312131,0.03602269,0.0,0.0,0.02312131,0.03602269,0.0,0.0,0.0,0.0
1.80455,0.38,1.679,1.696,0.02312866,0.03607577,0.0,0.0,0.02312866,0.03607577,0.0,0.0,0.0,0.0
1.80549,0.38,1.68,1.697,0.02313603,0.03612889,0.0,0.0,0.02313603,0.03612889,0.0,0.0,0.0,0.0
1.80643,0.38,1.681,1.698,0.02314339,0.03618208,0.0,0.0,0.02314339,0.03618208,0.0,0.0,0.0,0.0
1.80737,0.38,1.682,1.699,0.02315076,0.03623532,0.0,0.0,0.02315076,0.03623532,0.0,0.0,0.0,0.0
1.80831,0.38,1.683,1.7,0.02315828,0.03628856,0.0,0.0,0.02315828,0.03628856,0.0,0.0,0.0,0.0
1.80925,0.38,1.684,1.701,0.02316584,0.03634166,0.0,0.0,0.02316584,0.03634166,0.0,0.0,0.0,0.0
1.81019,0.38,1.685,1.702,0.02317328,0.03639495,0.0,0.0,0.02317328,0.03639495,0.0,0.0,0.0,0.0
1.81113,0.38,1.686,1.703,0.02318071,0.03644832,0.0,0.0,0.02318071,0.03644832,0.0,0.0,0.0,0.0
1.81207,0.38,1.687,1.704,0.02318843,0.03650176,0.0,0.0,0.02318843,0.03650176,0.0,0.0,0.0,0.0
1.81301,0.38,1.688,1.705,0.02319589,0.03655527,0.0,0.0,0.02319589,0.03655527,0.0,0.0,0.0,0.0
1.81395,0.38,1.689,1.706,0.02320333,0.03660883,0.0,0.0,0.02320333,0.03660883,0.0,0.0,0.0,0.0
1.81489,0.38,1.69,1.707,0.02321076,0.03666246,0.0,0.0,0.02321076,0.03666246,0.0,0.0,0.0,0.0
1.81583,0.38,1.691,1.708,0.02321819,0.03671615,0.0,0.0,0.02321819,0.03671615,0.0,0.0,0.0,0.0
1.81678,0.38,1.692,1.709,0.02322562,0.0367699,0.0,0.0,0.02322562,0.0367699,0.0,0.0,0.0,0.0
1.81772,0.38,1.693,1.71,0.02323304,0.03682371,0.0,0.0,0.02323304,0.03682371,0.0,0.0,0.0,0.0
1.81866,0.38,1.694,1.711,0.02324047,0.03687757,0.0,0.0,0.02324047,0.03687757,0.0,0.0,0.0,0.0
1.8196,0.38,1.695,1.712,0.0232479,0.0369315,0.0,0.0,0.0232479,0.0369315,0.0,0.0,0.0,0.0
1.82054,0.38,1.696,1.713,0.02325534,0.03698548,0.0,0.0,0.02325534,0.03698548,0.0,0.0,0.0,0.0
1.82148,0.38,1.697,1.714,0.02326277,0.03703952,0.0,0.0,0.02326277,0.03703952,0.0,0.0,0.0,0.0
1.82242,0.38,1.698,1.715,0.02327021,0.03709361,0.0,0.0,0.02327021,0.03709361,0.0,0.0,0.0,0.0
1.82336,0.38,1.699,1.716,0.02327765,0.03714776,0.0,0.0,0.02327765,0.03714776,0.0,0.0,0.0,0.0
1.8243,0.38,1.7,1.717,0.0232851,0.03720197,0.0,0.0,0.0232851,0.03720197,0.0,0.0,0.0,0.0
1.82524,0.38,1.701,1.718,0.02329254,0.03725624,0.0,0.0,0.02329254,0.03725624,0.0,0.0,0.0,0.0
1.82619,0.38,1.702,1.719,0.02329999,0.03731056,0.0,0.0,0.02329999,0.03731056,0.0,0.0,0.0,0.0
1.82713,0.38,1.703,1.72,0.02330745,0.03736494,0.0,0.0,0.02330745,0.03736494,0.0,0.0,0.0,0.0
1.82807,0.38,1.704,1.721,0.0233149,0.03741937,0.0,0.0,0.0233149,0.03741937,0.0,0.0,0.0,0.0
1.82901,0.38,1.705,1.722,0.02332236,0.03747386,0.0,0.0,0.02332236,0.03747386,0.0,0.0,0.0,0.0
1.82995,0.38,1.706,1.723,0.02332983,0.03752841,0.0,0.0,0.02332983,0.03752841,0.0,0.0,0.0,0.0
1.83089,0.38,1.707,1.724,0.02333729,0.03758301,0.0,0.0,0.02333729,0.03758301,0.0,0.0,0.0,0.0
1.83183,0.38,1.708,1.725,0.02334476,0.03763767,0.0,0.0,0.02334476,0.03763767,0.0,0.0,0.0,0.0
1.83278,0.38,1.709,1.726,0.02335224,0.03769239,0.0,0.0,0.02335224,0.03769239,0.0,0.0,0.0,0.0
1.83372,0.38,1.71,1.727,0.02335971,0.03774716,0.0,0.0,0.02335971,0.03774716,0.0,0.0,0.0,0.0
1.83466,0.38,1.711,1.728,0.02336719,0.03780198,0.0,0.0,0.02336719,0.03780198,0.0,0.0,0.0,0.0
1.8356,0.38,1.712,1.729,0.02337494,0.03785661,0.0,0.0,0.02337494,0.03785661,0.0,0.0,0.0,0.0
1.83654,0.38,1.713,1.73,0.02338248,0.03791143,0.0,0.0,0.02338248,0.03791143,0.0,0.0,0.0,0.0
1.83749,0.38,1.714,1.731,0.02339001,0.03796634,0.0,0.0,0.02339001,0.03796634,0.0,0.0,0.0,0.0
1.83843,0.38,1.715,1.732,0.02339777,0.03802131,0.0,0.0,0.02339777,0.03802131,0.0,0.0,0.0,0.0
1.83937,0.38,1.716,1.733,0.02340533,0.03807635,0.0,0.0,0.02340533,0.03807635,0.0,0.0,0.0,0.0
1.84031,0.38,1.717,1.734,0.02341287,0.03813145,0.0,0.0,0.02341287,0.03813145,0.0,0.0,0.0,0.0
1.84125,0.38,1.718,1.735,0.0234204,0.03818661,0.0,0.0,0.0234204,0.03818661,0.0,0.0,0.0,0.0
1.8422,0.38,1.719,1.736,0.02342792,0.03824183,0.0,0.0,0.02342792,0.03824183,0.0,0.0,0.0,0.0
1.84314,0.38,1.72,1.737,0.02343545,0.0382971,0.0,0.0,0.02343545,0.0382971,0.0,0.0,0.0,0.0
1.84408,0.38,1.721,1.738,0.02344298,0.03835243,0.0,0.0,0.02344298,0.03835243,0.0,0.0,0.0,0.0
1.84502,0.38,1.722,1.739,0.02345051,0.03840782,0.0,0.0,0.02345051,0.03840782,0.0,0.0,0.0,0.0
1.84597,0.38,1.723,1.74,0.02345804,0.03846327,0.0,0.0,0.02345804,0.03846327,0.0,0.0,0.0,0.0
1.84691,0.38,1.724,1.741,0.02346557,0.03851877,0.0,0.0,0.02346557,0.03851877,0.0,0.0,0.0,0.0
1.84785,0.38,1.725,1.742,0.02347311,0.03857433,0.0,0.0,0.02347311,0.03857433,0.0,0.0,0.0,0.0
1.84879,0.38,1.726,1.743,0.02348064,0.03862994,0.0,0.0,0.02348064,0.03862994,0.0,0.0,0.0,0.0
1.84974,0.38,1.727,1.744,0.02348818,0.03868561,0.0,0.0,0.02348818,0.03868561,0.0,0.0,0.0,0.0
1.85068,0.38,1.728,1.745,0.02349572,0.03874133,0.0,0.0,0.02349572,0.03874133,0.0,0.0,0.0,0.0
1.85162,0.38,1.729,1.746,0.02350327,0.03879712,0.0,0.0,0.02350327,0.03879712,0.0,0.0,0.0,0.0
1.85257,0.38,1.73,1.747,0.02351082,0.03885295,0.0,0.0,0.02351082,0.03885295,0.0,0.0,0.0,0.0
1.85351,0.38,1.731,1.748,0.02351837,0.03890884,0.0,0.0,0.02351837,0.03890884,0.0,0.0,0.0,0.0
1.85445,0.38,1.732,1.749,0.02352592,0.03896479,0.0,0.0,0.02352592,0.03896479,0.0,0.0,0.0,0.0
1.8554,0.38,1.733,1.75,0.02353348,0.03902079,0.0,0.0,0.02353348,0.03902079,0.0,0.0,0.0,0.0
1.85634,0.38,1.734,1.751,0.02354103,0.03907685,0.0,0.0,0.02354103,0.03907685,0.0,0.0,0.0,0.0
1.85728,0.38,1.735,1.752,0.0235486,0.03913297,0.0,0.0,0.0235486,0.03913297,0.0,0.0,0.0,0.0
1.85823,0.38,1.736,1.753,0.02355616,0.03918913,0.0,0.0,0.02355616,0.03918913,0.0,0.0,0.0,0.0
1.85917,0.38,1.737,1.754,0.02356373,0.03924536,0.0,0.0,0.02356373,0.03924536,0.0,0.0,0.0,0.0
1.86011,0.38,1.738,1.755,0.0235713,0.03930163,0.0,0.0,0.0235713,0.03930163,0.0,0.0,0.0,0.0
1.86106,0.38,1.739,1.756,0.02357887,0.03935797,0.0,0.0,0.02357887,0.03935797,0.0,0.0,0.0,0.0
1.862,0.38,1.74,1.757,0.02358645,0.03941436,0.0,0.0,0.02358645,0.03941436,0.0,0.0,0.0,0.0
1.86294,0.38,1.741,1.758,0.02359425,0.03947057,0.0,0.0,0.02359425,0.03947057,0.0,0.0,0.0,0.0
1.86389,0.38,1.742,1.759,0.02360188,0.03952697,0.0,0.0,0.02360188,0.03952697,0.0,0.0,0.0,0.0
1.86483,0.38,1.743,1.76,0.02360949,0.03958345,0.0,0.0,0.02360949,0.03958345,0.0,0.0,0.0,0.0
1.86577,0.38,1.744,1.761,0.0236173,0.03964,0.0,0.0,0.0236173,0.03964,0.0,0.0,0.0,0.0
1.86672,0.38,1.745,1.762,0.02362494,0.0396966,0.0,0.0,0.02362494,0.0396966,0.0,0.0,0.0,0.0
1.86766,0.38,1.746,1.763,0.02363257,0.03975327,0.0,0.0,0.02363257,0.03975327,0.0,0.0,0.0,0.0
1.86861,0.38,1.747,1.764,0.02364019,0.03980999,0.0,0.0,0.02364019,0.03980999,0.0,0.0,0.0,0.0
1.86955,0.38,1.748,1.765,0.0236478,0.03986677,0.0,0.0,0.0236478,0.03986677,0.0,0.0,0.0,0.0
1.87049,0.38,1.749,1.766,0.02365542,0.0399236,0.0,0.0,0.02365542,0.0399236,0.0,0.0,0.0,0.0
1.87144,0.38,1.75,1.767,0.02366303,0.03998049,0.0,0.0,0.02366303,0.03998049,0.0,0.0,0.0,0.0
1.87238,0.38,1.751,1.768,0.02367065,0.04003744,0.0,0.0,0.02367065,0.04003744,0.0,0.0,0.0,0.0
1.87333,0.38,1.752,1.769,0.02367827,0.04009445,0.0,0.0,0.02367827,0.04009445,0.0,0.0,0.0,0.0
1.87427,0.38,1.753,1.77,0.02368589,0.04015151,0.0,0.0,0.02368589,0.04015151,0.0,0.0,0.0,0.0
1.87522,0.38,1.754,1.771,0.02369351,0.04020862,0.0,0.0,0.02369351,0.04020862,0.0,0.0,0.0,0.0
1.87616,0.38,1.755,1.772,0.02370114,0.04026579,0.0,0.0,0.02370114,0.04026579,0.0,0.0,0.0,0.0
1.8771,0.38,1.756,1.773,0.02370876,0.04032301,0.0,0.0,0.02370876,0.04032301,0.0,0.0,0.0,0.0
1.87805,0.38,1.757,1.774,0.02371639,0.04038029,0.0,0.0,0.02371639,0.04038029,0.0,0.0,0.0,0.0
1.87899,0.38,1.758,1.775,0.02372402,0.04043763,0.0,0.0,0.02372402,0.04043763,0.0,0.0,0.0,0.0
1.87994,0.38,1.759,1.776,0.02373166,0.04049502,0.0,0.0,0.02373166,0.04049502,0.0,0.0,0.0,0.0
1.88088,0.38,1.76,1.777,0.02373929,0.04055246,0.0,0.0,0.02373929,0.04055246,0.0,0.0,0.0,0.0
1.88183,0.38,1.761,1.778,0.02374693,0.04060996,0.0,0.0,0.02374693,0.04060996,0.0,0.0,0.0,0.0
1.88277,0.38,1.762,1.779,0.02375457,0.04066751,0.0,0.0,0.02375457,0.04066751,0.0,0.0,0.0,0.0
1.88372,0.38,1.763,1.78,0.02376221,0.04072512,0.0,0.0,0.02376221,0.04072512,0.0,0.0,0.0,0.0
1.88466,0.38,1.764,1.781,0.02376986,0.04078278,0.0,0.0,0.02376986,0.04078278,0.0,0.0,0.0,0.0
1.88561,0.38,1.765,1.782,0.02377751,0.0408405,0.0,0.0,0.02377751,0.0408405,0.0,0.0,0.0,0.0
1.88655,0.38,1.766,1.783,0.02378516,0.04089827,0.0,0.0,0.02378516,0.04089827,0.0,0.0,0.0,0.0
1.8875,0.38,1.767,1.784,0.02379281,0.04095609,0.0,0.0,0.02379281,0.04095609,0.0,0.0,0.0,0.0
1.88844,0.38,1.768,1.785,0.02380046,0.04101397,0.0,0.0,0.02380046,0.04101397,0.0,0.0,0.0,0.0
1.88939,0.38,1.769,1.786,0.02380812,0.04107191,0.0,0.0,0.02380812,0.04107191,0.0,0.0,0.0,0.0
1.89033,0.38,1.77,1.787,0.02381589,0.04112982,0.0,0.0,0.02381589,0.04112982,0.0,0.0,0.0,0.0
1.89128,0.38,1.771,1.788,0.02382363,0.04118773,0.0,0.0,0.02382363,0.04118773,0.0,0.0,0.0,0.0
1.89222,0.38,1.772,1.789,0.02383133,0.04124575,0.0,0.0,0.02383133,0.04124575,0.0,0.0,0.0,0.0
1.89317,0.38,1.773,1.79,0.02383902,0.04130384,0.0,0.0,0.02383902,0.04130384,0.0,0.0,0.0,0.0
1.89412,0.38,1.774,1.791,0.02384687,0.04136199,0.0,0.0,0.02384687,0.04136199,0.0,0.0,0.0,0.0
1.89506,0.38,1.775,1.792,0.02385459,0.0414202,0.0,0.0,0.02385459,0.0414202,0.0,0.0,0.0,0.0
1.89601,0.38,1.776,1.793,0.02386228,0.04147847,0.0,0.0,0.02386228,0.04147847,0.0,0.0,0.0,0.0
1.89695,0.38,1.777,1.794,0.02386998,0.0415368,0.0,0.0,0.02386998,0.0415368,0.0,0.0,0.0,0.0
1.8979,0.38,1.778,1.795,0.02387767,0.04159518,0.0,0.0,0.02387767,0.04159518,0.0,0.0,0.0,0.0
1.89884,0.38,1.779,1.796,0.02388536,0.04165362,0.0,0.0,0.02388536,0.04165362,0.0,0.0,0.0,0.0
1.89979,0.38,1.78,1.797,0.02389305,0.04171211,0.0,0.0,0.02389305,0.04171211,0.0,0.0,0.0,0.0
1.90074,0.38,1.781,1.798,0.02390075,0.04177066,0.0,0.0,0.02390075,0.04177066,0.0,0.0,0.0,0.0
1.90168,0.38,1.782,1.799,0.02390844,0.04182926,0.0,0.0,0.02390844,0.04182926,0.0,0.0,0.0,0.0
1.90263,0.38,1.783,1.8,0.02391614,0.04188792,0.0,0.0,0.02391614,0.04188792,0.0,0.0,0.0,0.0
1.90357,0.38,1.784,1.801,0.02392383,0.04194663,0.0,0.0,0.02392383,0.04194663,0.0,0.0,0.0,0.0
1.90452,0.38,1.785,1.802,0.02393153,0.0420054,0.0,0.0,0.02393153,0.0420054,0.0,0.0,0.0,0.0
1.90547,0.38,1.786,1.803,0.02393923,0.04206422,0.0,0.0,0.02393923,0.04206422,0.0,0.0,0.0,0.0
1.90641,0.38,1.787,1.804,0.02394693,0.0421231,0.0,0.0,0.02394693,0.0421231,0.0,0.0,0.0,0.0
1.90736,0.38,1.788,1.805,0.02395464,0.04218203,0.0,0.0,0.02395464,0.04218203,0.0,0.0,0.0,0.0
1.90831,0.38,1.789,1.806,0.02396234,0.04224102,0.0,0.0,0.02396234,0.04224102,0.0,0.0,0.0,0.0
1.90925,0.38,1.79,1.807,0.02397005,0.04230006,0.0,0.0,0.02397005,0.04230006,0.0,0.0,0.0,0.0
1.9102,0.38,1.791,1.808,0.02397776,0.04235915,0.0,0.0,0.02397776,0.04235915,0.0,0.0,0.0,0.0
1.91114,0.38,1.792,1.809,0.02398547,0.0424183,0.0,0.0,0.02398547,0.0424183,0.0,0.0,0.0,0.0
1.91209,0.38,1.793,1.81,0.02399318,0.0424775,0.0,0.0,0.02399318,0.0424775,0.0,0.0,0.0,0.0
1.91304,0.38,1.794,1.811,0.0240009,0.04253676,0.0,0.0,0.0240009,0.04253676,0.0,0.0,0.0,0.0
1.91398,0.38,1.795,1.812,0.02400861,0.04259607,0.0,0.0,0.02400861,0.04259607,0.0,0.0,0.0,0.0
1.91493,0.38,1.796,1.813,0.02401633,0.04265543,0.0,0.0,0.02401633,0.04265543,0.0,0.0,0.0,0.0
1.91588,0.38,1.797,1.814,0.02402405,0.04271485,0.0,0.0,0.02402405,0.04271485,0.0,0.0,0.0,0.0
1.91682,0.38,1.798,1.815,0.02403177,0.04277432,0.0,0.0,0.02403177,0.04277432,0.0,0.0,0.0,0.0
1.91777,0.38,1.799,1.816,0.0240395,0.04283385,0.0,0.0,0.0240395,0.04283385,0.0,0.0,0.0,0.0
1.91872,0.38,1.8,1.817,0.02404722,0.04289343,0.0,0.0,0.02404722,0.04289343,0.0,0.0,0.0,0.0
1.91967,0.38,1.801,1.818,0.02405506,0.04295298,0.0,0.0,0.02405506,0.04295298,0.0,0.0,0.0,0.0
1.92061,0.38,1.802,1.819,0.02406284,0.04301257,0.0,0.0,0.02406284,0.04301257,0.0,0.0,0.0,0.0
1.92156,0.38,1.803,1.82,0.0240706,0.04307225,0.0,0.0,0.0240706,0.04307225,0.0,0.0,0.0,0.0
1.92251,0.38,1.804,1.821,0.02407835,0.043132,0.0,0.0,0.02407835,0.043132,0.0,0.0,0.0,0.0
1.92345,0.38,1.805,1.822,0.02408624,0.0431918,0.0,0.0,0.02408624,0.0431918,0.0,0.0,0.0,0.0
1.9244,0.38,1.806,1.823,0.02409401,0.04325167,0.0,0.0,0.02409401,0.04325167,0.0,0.0,0.0,0.0
1.92535,0.38,1.807,1.824,0.02410177,0.04331159,0.0,0.0,0.02410177,0.04331159,0.0,0.0,0.0,0.0
1.9263,0.38,1.808,1.825,0.02410952,0.04337157,0.0,0.0,0.02410952,0.04337157,0.0,0.0,0.0,0.0
1.92724,0.38,1.809,1.826,0.02411727,0.0434316,0.0,0.0,0.02411727,0.0434316,0.0,0.0,0.0,0.0
1.92819,0.38,1.81,1.827,0.02412503,0.04349169,0.0,0.0,0.02412503,0.04349169,0.0,0.0,0.0,0.0
1.92914,0.38,1.811,1.828,0.02413278,0.04355184,0.0,0.0,0.02413278,0.04355184,0.0,0.0,0.0,0.0
1.93009,0.38,1.812,1.829,0.02414053,0.04361203,0.0,0.0,0.02414053,0.04361203,0.0,0.0,0.0,0.0
1.93103,0.38,1.813,1.83,0.02414829,0.04367229,0.0,0.0,0.02414829,0.04367229,0.0,0.0,0.0,0.0
1.93198,0.38,1.814,1.831,0.02415604,0.0437326,0.0,0.0,0.02415604,0.0437326,0.0,0.0,0.0,0.0
1.93293,0.38,1.815,1.832,0.0241638,0.04379296,0.0,0.0,0.0241638,0.04379296,0.0,0.0,0.0,0.0
1.93388,0.38,1.816,1.833,0.02417156,0.04385338,0.0,0.0,0.02417156,0.04385338,0.0,0.0,0.0,0.0
1.93483,0.38,1.817,1.834,0.02417932,0.04391385,0.0,0.0,0.02417932,0.04391385,0.0,0.0,0.0,0.0
1.93577,0.38,1.818,1.835,0.02418708,0.04397438,0.0,0.0,0.02418708,0.04397438,0.0,0.0,0.0,0.0
1.93672,0.38,1.819,1.836,0.02419484,0.04403496,0.0,0.0,0.02419484,0.04403496,0.0,0.0,0.0,0.0
1.93767,0.38,1.82,1.837,0.0242026,0.04409559,0.0,0.0,0.0242026,0.04409559,0.0,0.0,0.0,0.0
1.93862,0.38,1.821,1.838,0.02421036,0.04415628,0.0,0.0,0.02421036,0.04415628,0.0,0.0,0.0,0.0
1.93957,0.38,1.822,1.839,0.02421813,0.04421703,0.0,0.0,0.02421813,0.04421703,0.0,0.0,0.0,0.0
1.94051,0.38,1.823,1.84,0.02422589,0.04427783,0.0,0.0,0.02422589,0.04427783,0.0,0.0,0.0,0.0
1.94146,0.38,1.824,1.841,0.02423366,0.04433868,0.0,0.0,0.02423366,0.04433868,0.0,0.0,0.0,0.0
1.94241,0.38,1.825,1.842,0.02424143,0.04439958,0.0,0.0,0.02424143,0.04439958,0.0,0.0,0.0,0.0
1.94336,0.38,1.826,1.843,0.0242492,0.04446055,0.0,0.0,0.0242492,0.04446055,0.0,0.0,0.0,0.0
1.94431,0.38,1.827,1.844,0.02425697,0.04452156,0.0,0.0,0.02425697,0.04452156,0.0,0.0,0.0,0.0
1.94526,0.38,1.828,1.845,0.02426475,0.04458263,0.0,0.0,0.02426475,0.04458263,0.0,0.0,0.0,0.0
1.9462,0.38,1.829,1.846,0.02427252,0.04464375,0.0,0.0,0.02427252,0.04464375,0.0,0.0,0.0,0.0
1.94715,0.38,1.83,1.847,0.0242803,0.04470493,0.0,0.0,0.0242803,0.04470493,0.0,0.0,0.0,0.0
1.9481,0.38,1.831,1.848,0.02428808,0.04476616,0.0,0.0,0.02428808,0.04476616,0.0,0.0,0.0,0.0
1.94905,0.38,1.832,1.849,0.02429585,0.04482745,0.0,0.0,0.02429585,0.04482745,0.0,0.0,0.0,0.0
1.95,0.38,1.833,1.85,0.02430374,0.04488869,0.0,0.0,0.02430374,0.04488869,0.0,0.0,0.0,0.0
1.95095,0.38,1.834,1.851,0.02431155,0.04495002,0.0,0.0,0.02431155,0.04495002,0.0,0.0,0.0,0.0
1.9519,0.38,1.835,1.852,0.02431935,0.04501141,0.0,0.0,0.02431935,0.04501141,0.0,0.0,0.0,0.0
1.95284,0.38,1.836,1.853,0.02432715,0.04507288,0.0,0.0,0.02432715,0.04507288,0.0,0.0,0.0,0.0
1.95379,0.38,1.837,1.854,0.02433507,0.0451344,0.0,0.0,0.02433507,0.0451344,0.0,0.0,0.0,0.0
1.95474,0.38,1.838,1.855,0.02434288,0.04519598,0.0,0.0,0.02434288,0.04519598,0.0,0.0,0.0,0.0
1.95569,0.38,1.839,1.856,0.02435068,0.04525761,0.0,0.0,0.02435068,0.04525761,0.0,0.0,0.0,0.0
1.95664,0.38,1.84,1.857,0.02435848,0.0453193,0.0,0.0,0.02435848,0.0453193,0.0,0.0,0.0,0.0
1.95759,0.38,1.841,1.858,0.02436628,0.04538105,0.0,0.0,0.02436628,0.04538105,0.0,0.0,0.0,0.0
1.95854,0.38,1.842,1.859,0.02437408,0.04544285,0.0,0.0,0.02437408,0.04544285,0.0,0.0,0.0,0.0
1.95949,0.38,1.843,1.86,0.02438188,0.04550471,0.0,0.0,0.02438188,0.04550471,0.0,0.0,0.0,0.0
1.96044,0.38,1.844,1.861,0.02438968,0.04556662,0.0,0.0,0.02438968,0.04556662,0.0,0.0,0.0,0.0
1.96139,0.38,1.845,1.862,0.02439748,0.04562859,0.0,0.0,0.02439748,0.04562859,0.0,0.0,0.0,0.0
1.96234,0.38,1.846,1.863,0.02440528,0.04569062,0.0,0.0,0.02440528,0.04569062,0.0,0.0,0.0,0.0
1.96329,0.38,1.847,1.864,0.02441308,0.04575269,0.0,0.0,0.02441308,0.04575269,0.0,0.0,0.0,0.0
1.96423,0.38,1.848,1.865,0.02442088,0.04581483,0.0,0.0,0.02442088,0.04581483,0.0,0.0,0.0,0.0
1.96518,0.38,1.849,1.866,0.02442868,0.04587701,0.0,0.0,0.02442868,0.04587701,0.0,0.0,0.0,0.0
1.96613,0.38,1.85,1.867,0.02443648,0.04593926,0.0,0.0,0.02443648,0.04593926,0.0,0.0,0.0,0.0
1.96708,0.38,1.851,1.868,0.02444429,0.04600155,0.0,0.0,0.02444429,0.04600155,0.0,0.0,0.0,0.0
1.96803,0.38,1.852,1.869,0.02445209,0.04606391,0.0,0.0,0.02445209,0.04606391,0.0,0.0,0.0,0.0
1.96898,0.38,1.853,1.87,0.0244599,0.04612631,0.0,0.0,0.0244599,0.04612631,0.0,0.0,0.0,0.0
1.96993,0.38,1.854,1.871,0.0244677,0.04618878,0.0,0.0,0.0244677,0.04618878,0.0,0.0,0.0,0.0
1.97088,0.38,1.855,1.872,0.02447551,0.04625129,0.0,0.0,0.02447551,0.04625129,0.0,0.0,0.0,0.0
1.97183,0.38,1.856,1.873,0.02448332,0.04631386,0.0,0.0,0.02448332,0.04631386,0.0,0.0,0.0,0.0
1.97278,0.38,1.857,1.874,0.02449113,0.04637649,0.0,0.0,0.02449113,0.04637649,0.0,0.0,0.0,0.0
1.97373,0.38,1.858,1.875,0.02449894,0.04643917,0.0,0.0,0.02449894,0.04643917,0.0,0.0,0.0,0.0
1.97468,0.38,1.859,1.876,0.02450675,0.04650191,0.0,0.0,0.02450675,0.04650191,0.0,0.0,0.0,0.0
1.97563,0.38,1.86,1.877,0.02451456,0.0465647,0.0,0.0,0.02451456,0.0465647,0.0,0.0,0.0,0.0
1.97658,0.38,1.861,1.878,0.02452237,0.04662754,0.0,0.0,0.02452237,0.04662754,0.0,0.0,0.0,0.0
1.97753,0.38,1.862,1.879,0.02453018,0.04669044,0.0,0.0,0.02453018,0.04669044,0.0,0.0,0.0,0.0
1.97848,0.38,1.863,1.88,0.024538,0.0467534,0.0,0.0,0.024538,0.0467534,0.0,0.0,0.0,0.0
1.97943,0.38,1.864,1.881,0.02454581,0.04681641,0.0,0.0,0.02454581,0.04681641,0.0,0.0,0.0,0.0
1.98038,0.38,1.865,1.882,0.02455363,0.04687947,0.0,0.0,0.02455363,0.04687947,0.0,0.0,0.0,0.0
1.98133,0.38,1.866,1.883,0.02456153,0.04694251,0.0,0.0,0.02456153,0.04694251,0.0,0.0,0.0,0.0
1.98228,0.38,1.867,1.884,0.02456937,0.04700563,0.0,0.0,0.02456937,0.04700563,0.0,0.0,0.0,0.0
1.98323,0.38,1.868,1.885,0.02457721,0.04706881,0.0,0.0,0.02457721,0.04706881,0.0,0.0,0.0,0.0
1.98418,0.38,1.869,1.886,0.02458504,0.04713207,0.0,0.0,0.02458504,0.04713207,0.0,0.0,0.0,0.0
1.98514,0.38,1.87,1.887,0.02459296,0.04719538,0.0,0.0,0.02459296,0.04719538,0.0,0.0,0.0,0.0
1.98609,0.38,1.871,1.888,0.0246008,0.04725875,0.0,0.0,0.0246008,0.04725875,0.0,0.0,0.0,0.0
1.98704,0.38,1.872,1.889,0.02460864,0.04732217,0.0,0.0,0.02460864,0.04732217,0.0,0.0,0.0,0.0
1.98799,0.38,1.873,1.89,0.02461647,0.04738565,0.0,0.0,0.02461647,0.04738565,0.0,0.0,0.0,0.0
1.98894,0.38,1.874,1.891,0.0246243,0.04744919,0.0,0.0,0.0246243,0.04744919,0.0,0.0,0.0,0.0
1.98989,0.38,1.875,1.892,0.02463213,0.04751279,0.0,0.0,0.02463213,0.04751279,0.0,0.0,0.0,0.0
1.99084,0.38,1.876,1.893,0.02463996,0.04757644,0.0,0.0,0.02463996,0.04757644,0.0,0.0,0.0,0.0
1.99179,0.38,1.877,1.894,0.02464779,0.04764014,0.0,0.0,0.02464779,0.04764014,0.0,0.0,0.0,0.0
1.99274,0.38,1.878,1.895,0.02465562,0.04770391,0.0,0.0,0.02465562,0.04770391,0.0,0.0,0.0,0.0
1.99369,0.38,1.879,1.896,0.02466344,0.04776773,0.0,0.0,0.02466344,0.04776773,0.0,0.0,0.0,0.0
1.99464,0.38,1.88,1.897,0.02467127,0.0478316,0.0,0.0,0.02467127,0.0478316,0.0,0.0,0.0,0.0
1.99559,0.38,1.881,1.898,0.0246791,0.04789553,0.0,0.0,0.0246791,0.04789553,0.0,0.0,0.0,0.0
1.99655,0.38,1.882,1.899,0.02468694,0.04795952,0.0,0.0,0.02468694,0.04795952,0.0,0.0,0.0,0.0
1.9975,0.38,1.883,1.9,0.02469477,0.04802356,0.0,0.0,0.02469477,0.04802356,0.0,0.0,0.0,0.0
1.99845,0.38,1.884,1.901,0.0247026,0.04808766,0.0,0.0,0.0247026,0.04808766,0.0,0.0,0.0,0.0
1.9994,0.38,1.885,1.902,0.02471043,0.04815181,0.0,0.0,0.02471043,0.04815181,0.0,0.0,0.0,0.0
2.00035,0.38,1.886,1.903,0.02471826,0.04821602,0.0,0.0,0.02471826,0.04821602,0.0,0.0,0.0,0.0
2.0013,0.38,1.887,1.904,0.02472609,0.04828029,0.0,0.0,0.02472609,0.04828029,0.0,0.0,0.0,0.0
2.00225,0.38,1.888,1.905,0.02473393,0.04834461,0.0,0.0,0.02473393,0.04834461,0.0,0.0,0.0,0.0
2.0032,0.38,1.889,1.906,0.02474176,0.04840899,0.0,0.0,0.02474176,0.04840899,0.0,0.0,0.0,0.0
2.00416,0.38,1.89,1.907,0.02474959,0.04847342,0.0,0.0,0.02474959,0.04847342,0.0,0.0,0.0,0.0
2.00511,0.38,1.891,1.908,0.02475743,0.04853791,0.0,0.0,0.02475743,0.04853791,0.0,0.0,0.0,0.0
2.00606,0.38,1.892,1.909,0.02476526,0.04860246,0.0,0.0,0.02476526,0.04860246,0.0,0.0,0.0,0.0
2.00701,0.38,1.893,1.91,0.0247731,0.04866706,0.0,0.0,0.0247731,0.04866706,0.0,0.0,0.0,0.0
2.00796,0.38,1.894,1.911,0.02478093,0.04873172,0.0,0.0,0.02478093,0.04873172,0.0,0.0,0.0,0.0
2.00891,0.38,1.895,1.912,0.02478877,0.04879643,0.0,0.0,0.02478877,0.04879643,0.0,0.0,0.0,0.0
2.00987,0.38,1.896,1.913,0.02479661,0.0488612,0.0,0.0,0.02479661,0.0488612,0.0,0.0,0.0,0.0
2.01082,0.38,1.897,1.914,0.02480444,0.04892603,0.0,0.0,0.02480444,0.04892603,0.0,0.0,0.0,0.0
2.01177,0.38,1.898,1.915,0.02481228,0.04899091,0.0,0.0,0.02481228,0.04899091,0.0,0.0,0.0,0.0
2.01272,0.38,1.899,1.916,0.02482012,0.04905585,0.0,0.0,0.02482012,0.04905585,0.0,0.0,0.0,0.0
2.01367,0.38,1.9,1.917,0.02482803,0.04912078,0.0,0.0,0.02482803,0.04912078,0.0,0.0,0.0,0.0
2.01463,0.38,1.901,1.918,0.02483589,0.04918578,0.0,0.0,0.02483589,0.04918578,0.0,0.0,0.0,0.0
2.01558,0.38,1.902,1.919,0.02484374,0.04925086,0.0,0.0,0.02484374,0.04925086,0.0,0.0,0.0,0.0
2.01653,0.38,1.903,1.92,0.02485159,0.049316,0.0,0.0,0.02485159,0.049316,0.0,0.0,0.0,0.0
2.01748,0.38,1.904,1.921,0.02485951,0.04938119,0.0,0.0,0.02485951,0.04938119,0.0,0.0,0.0,0.0
2.01843,0.38,1.905,1.922,0.02486737,0.04944645,0.0,0.0,0.02486737,0.04944645,0.0,0.0,0.0,0.0
2.01939,0.38,1.906,1.923,0.02487522,0.04951177,0.0,0.0,0.02487522,0.04951177,0.0,0.0,0.0,0.0
2.02034,0.38,1.907,1.924,0.02488307,0.04957714,0.0,0.0,0.02488307,0.04957714,0.0,0.0,0.0,0.0
2.02129,0.38,1.908,1.925,0.02489092,0.04964257,0.0,0.0,0.02489092,0.04964257,0.0,0.0,0.0,0.0
2.02224,0.38,1.909,1.926,0.02489876,0.04970806,0.0,0.0,0.02489876,0.04970806,0.0,0.0,0.0,0.0
2.0232,0.38,1.91,1.927,0.02490661,0.04977361,0.0,0.0,0.02490661,0.04977361,0.0,0.0,0.0,0.0
2.02415,0.38,1.911,1.928,0.02491445,0.04983921,0.0,0.0,0.02491445,0.04983921,0.0,0.0,0.0,0.0
2.0251,0.38,1.912,1.929,0.0249223,0.04990487,0.0,0.0,0.0249223,0.04990487,0.0,0.0,0.0,0.0
2.02605,0.38,1.913,1.93,0.02493015,0.04997059,0.0,0.0,0.02493015,0.04997059,0.0,0.0,0.0,0.0
2.02701,0.38,1.914,1.931,0.02493799,0.05003637,0.0,0.0,0.02493799,0.05003637,0.0,0.0,0.0,0.0
2.02796,0.38,1.915,1.932,0.02494584,0.0501022,0.0,0.0,0.02494584,0.0501022,0.0,0.0,0.0,0.0
2.02891,0.38,1.916,1.933,0.02495368,0.0501681,0.0,0.0,0.02495368,0.0501681,0.0,0.0,0.0,0.0
2.02986,0.38,1.917,1.934,0.02496153,0.05023405,0.0,0.0,0.02496153,0.05023405,0.0,0.0,0.0,0.0
2.03082,0.38,1.918,1.935,0.02496937,0.05030006,0.0,0.0,0.02496937,0.05030006,0.0,0.0,0.0,0.0
2.03177,0.38,1.919,1.936,0.02497722,0.05036612,0.0,0.0,0.02497722,0.05036612,0.0,0.0,0.0,0.0
2.03272,0.38,1.92,1.937,0.02498506,0.05043224,0.0,0.0,0.02498506,0.05043224,0.0,0.0,0.0,0.0
2.03368,0.38,1.921,1.938,0.02499291,0.05049843,0.0,0.0,0.02499291,0.05049843,0.0,0.0,0.0,0.0
2.03463,0.38,1.922,1.939,0.02500076,0.05056467,0.0,0.0,0.02500076,0.05056467,0.0,0.0,0.0,0.0
2.03558,0.38,1.923,1.94,0.0250086,0.05063096,0.0,0.0,0.0250086,0.05063096,0.0,0.0,0.0,0.0
2.03653,0.38,1.924,1.941,0.02501645,0.05069732,0.0,0.0,0.02501645,0.05069732,0.0,0.0,0.0,0.0
2.03749,0.38,1.925,1.942,0.02502429,0.05076373,0.0,0.0,0.02502429,0.05076373,0.0,0.0,0.0,0.0
2.03844,0.38,1.926,1.943,0.02503214,0.0508302,0.0,0.0,0.02503214,0.0508302,0.0,0.0,0.0,0.0
2.03939,0.38,1.927,1.944,0.02503999,0.05089673,0.0,0.0,0.02503999,0.05089673,0.0,0.0,0.0,0.0
2.04035,0.38,1.928,1.945,0.02504783,0.05096332,0.0,0.0,0.02504783,0.05096332,0.0,0.0,0.0,0.0
2.0413,0.38,1.929,1.946,0.02505568,0.05102997,0.0,0.0,0.02505568,0.05102997,0.0,0.0,0.0,0.0
2.04225,0.38,1.93,1.947,0.02506353,0.05109668,0.0,0.0,0.02506353,0.05109668,0.0,0.0,0.0,0.0
2.04321,0.38,1.931,1.948,0.02507137,0.05116344,0.0,0.0,0.02507137,0.05116344,0.0,0.0,0.0,0.0
2.04416,0.38,1.932,1.949,0.02507922,0.05123026,0.0,0.0,0.02507922,0.05123026,0.0,0.0,0.0,0.0
2.04511,0.38,1.933,1.95,0.02508707,0.05129714,0.0,0.0,0.02508707,0.05129714,0.0,0.0,0.0,0.0
2.04607,0.38,1.934,1.951,0.02509491,0.05136408,0.0,0.0,0.02509491,0.05136408,0.0,0.0,0.0,0.0
2.04702,0.38,1.935,1.952,0.02510276,0.05143108,0.0,0.0,0.02510276,0.05143108,0.0,0.0,0.0,0.0
2.04797,0.38,1.936,1.953,0.02511061,0.05149814,0.0,0.0,0.02511061,0.05149814,0.0,0.0,0.0,0.0
2.04893,0.38,1.937,1.954,0.02511846,0.05156526,0.0,0.0,0.02511846,0.05156526,0.0,0.0,0.0,0.0
2.04988,0.38,1.938,1.955,0.0251263,0.05163243,0.0,0.0,0.0251263,0.05163243,0.0,0.0,0.0,0.0
2.05084,0.38,1.939,1.956,0.02513415,0.05169967,0.0,0.0,0.02513415,0.05169967,0.0,0.0,0.0,0.0
2.05179,0.38,1.94,1.957,0.025142,0.05176696,0.0,0.0,0.025142,0.05176696,0.0,0.0,0.0,0.0
2.05274,0.38,1.941,1.958,0.02514985,0.05183432,0.0,0.0,0.02514985,0.05183432,0.0,0.0,0.0,0.0
2.0537,0.38,1.942,1.959,0.02515769,0.05190173,0.0,0.0,0.02515769,0.05190173,0.0,0.0,0.0,0.0
2.05465,0.38,1.943,1.96,0.02516554,0.0519692,0.0,0.0,0.02516554,0.0519692,0.0,0.0,0.0,0.0
2.05561,0.38,1.944,1.961,0.02517339,0.05203674,0.0,0.0,0.02517339,0.05203674,0.0,0.0,0.0,0.0
2.05656,0.38,1.945,1.962,0.02518124,0.05210433,0.0,0.0,0.02518124,0.05210433,0.0,0.0,0.0,0.0
2.05751,0.38,1.946,1.963,0.02518908,0.05217198,0.0,0.0,0.02518908,0.05217198,0.0,0.0,0.0,0.0
2.05847,0.38,1.947,1.964,0.02519693,0.05223969,0.0,0.0,0.02519693,0.05223969,0.0,0.0,0.0,0.0
2.05942,0.38,1.948,1.965,0.02520478,0.05230746,0.0,0.0,0.02520478,0.05230746,0.0,0.0,0.0,0.0
2.06038,0.38,1.949,1.966,0.02521263,0.05237529,0.0,0.0,0.02521263,0.05237529,0.0,0.0,0.0,0.0
2.06133,0.38,1.95,1.967,0.02522048,0.05244319,0.0,0.0,0.02522048,0.05244319,0.0,0.0,0.0,0.0
2.06228,0.38,1.951,1.968,0.02522832,0.05251114,0.0,0.0,0.02522832,0.05251114,0.0,0.0,0.0,0.0
2.06324,0.38,1.952,1.969,0.02523617,0.05257915,0.0,0.0,0.02523617,0.05257915,0.0,0.0,0.0,0.0
2.06419,0.38,1.953,1.97,0.02524402,0.05264722,0.0,0.0,0.02524402,0.05264722,0.0,0.0,0.0,0.0
2.06515,0.38,1.954,1.971,0.02525187,0.05271535,0.0,0.0,0.02525187,0.05271535,0.0,0.0,0.0,0.0
2.0661,0.38,1.955,1.972,0.02525971,0.05278355,0.0,0.0,0.02525971,0.05278355,0.0,0.0,0.0,0.0
2.06706,0.38,1.956,1.973,0.02526756,0.0528518,0.0,0.0,0.02526756,0.0528518,0.0,0.0,0.0,0.0
2.06801,0.38,1.957,1.974,0.02527541,0.05292012,0.0,0.0,0.02527541,0.05292012,0.0,0.0,0.0,0.0
2.06897,0.38,1.958,1.975,0.02528326,0.05298849,0.0,0.0,0.02528326,0.05298849,0.0,0.0,0.0,0.0
2.06992,0.38,1.959,1.976,0.0252911,0.05305693,0.0,0.0,0.0252911,0.05305693,0.0,0.0,0.0,0.0
2.07087,0.38,1.96,1.977,0.02529895,0.05312543,0.0,0.0,0.02529895,0.05312543,0.0,0.0,0.0,0.0
2.07183,0.38,1.961,1.978,0.0253068,0.05319399,0.0,0.0,0.0253068,0.05319399,0.0,0.0,0.0,0.0
2.07278,0.38,1.962,1.979,0.02531465,0.0532626,0.0,0.0,0.02531465,0.0532626,0.0,0.0,0.0,0.0
2.07374,0.38,1.963,1.98,0.02532249,0.05333129,0.0,0.0,0.02532249,0.05333129,0.0,0.0,0.0,0.0
2.07469,0.38,1.964,1.981,0.02533034,0.05340003,0.0,0.0,0.02533034,0.05340003,0.0,0.0,0.0,0.0
2.07565,0.38,1.965,1.982,0.02533819,0.05346883,0.0,0.0,0.02533819,0.05346883,0.0,0.0,0.0,0.0
2.0766,0.38,1.966,1.983,0.02534603,0.0535377,0.0,0.0,0.02534603,0.0535377,0.0,0.0,0.0,0.0
2.07756,0.38,1.967,1.984,0.02535388,0.05360662,0.0,0.0,0.02535388,0.05360662,0.0,0.0,0.0,0.0
2.07851,0.38,1.968,1.985,0.02536173,0.05367561,0.0,0.0,0.02536173,0.05367561,0.0,0.0,0.0,0.0
2.07947,0.38,1.969,1.986,0.02536957,0.05374466,0.0,0.0,0.02536957,0.05374466,0.0,0.0,0.0,0.0
2.08042,0.38,1.97,1.987,0.02537742,0.05381378,0.0,0.0,0.02537742,0.05381378,0.0,0.0,0.0,0.0
2.08138,0.38,1.971,1.988,0.02538527,0.05388295,0.0,0.0,0.02538527,0.05388295,0.0,0.0,0.0,0.0
2.08233,0.38,1.972,1.989,0.02539311,0.05395219,0.0,0.0,0.02539311,0.05395219,0.0,0.0,0.0,0.0
2.08329,0.38,1.973,1.99,0.02540096,0.05402149,0.0,0.0,0.02540096,0.05402149,0.0,0.0,0.0,0.0
2.08424,0.38,1.974,1.991,0.0254088,0.05409085,0.0,0.0,0.0254088,0.05409085,0.0,0.0,0.0,0.0
2.0852,0.38,1.975,1.992,0.02541665,0.05416027,0.0,0.0,0.02541665,0.05416027,0.0,0.0,0.0,0.0
2.08615,0.38,1.976,1.993,0.02542449,0.05422976,0.0,0.0,0.02542449,0.05422976,0.0,0.0,0.0,0.0
2.08711,0.38,1.977,1.994,0.02543234,0.05429931,0.0,0.0,0.02543234,0.05429931,0.0,0.0,0.0,0.0
2.08807,0.38,1.978,1.995,0.02544018,0.05436892,0.0,0.0,0.02544018,0.05436892,0.0,0.0,0.0,0.0
2.08902,0.38,1.979,1.996,0.02544803,0.05443859,0.0,0.0,0.02544803,0.05443859,0.0,0.0,0.0,0.0
2.08998,0.38,1.98,1.997,0.02545587,0.05450833,0.0,0.0,0.02545587,0.05450833,0.0,0.0,0.0,0.0
2.09093,0.38,1.981,1.998,0.02546372,0.05457813,0.0,0.0,0.02546372,0.05457813,0.0,0.0,0.0,0.0
2.09189,0.38,1.982,1.999,0.02547156,0.05464799,0.0,0.0,0.02547156,0.05464799,0.0,0.0,0.0,0.0
2.09284,0.38,1.983,2.0,0.02547941,0.05471792,0.0,0.0,0.02547941,0.05471792,0.0,0.0,0.0,0.0
2.0938,0.38,1.984,2.001,0.02548725,0.05478791,0.0,0.0,0.02548725,0.05478791,0.0,0.0,0.0,0.0
2.09475,0.38,1.985,2.002,0.02549509,0.05485796,0.0,0.0,0.02549509,0.05485796,0.0,0.0,0.0,0.0
2.09571,0.38,1.986,2.003,0.02550294,0.05492808,0.0,0.0,0.02550294,0.05492808,0.0,0.0,0.0,0.0
2.09667,0.38,1.987,2.004,0.02551078,0.05499826,0.0,0.0,0.02551078,0.05499826,0.0,0.0,0.0,0.0
2.09762,0.38,1.988,2.005,0.02551862,0.0550685,0.0,0.0,0.02551862,0.0550685,0.0,0.0,0.0,0.0
2.09858,0.38,1.989,2.006,0.02552647,0.05513881,0.0,0.0,0.02552647,0.05513881,0.0,0.0,0.0,0.0
2.09953,0.38,1.99,2.007,0.02553431,0.05520918,0.0,0.0,0.02553431,0.05520918,0.0,0.0,0.0,0.0
2.10049,0.38,1.991,2.008,0.02554215,0.05527961,0.0,0.0,0.02554215,0.05527961,0.0,0.0,0.0,0.0
2.10145,0.38,1.992,2.009,0.02555,0.05535011,0.0,0.0,0.02555,0.05535011,0.0,0.0,0.0,0.0
2.1024,0.38,1.993,2.01,0.02555784,0.05542068,0.0,0.0,0.02555784,0.05542068,0.0,0.0,0.0,0.0
2.10336,0.38,1.994,2.011,0.02556568,0.0554913,0.0,0.0,0.02556568,0.0554913,0.0,0.0,0.0,0.0
2.10431,0.38,1.995,2.012,0.02557352,0.05556199,0.0,0.0,0.02557352,0.05556199,0.0,0.0,0.0,0.0
2.10527,0.38,1.996,2.013,0.02558136,0.05563275,0.0,0.0,0.02558136,0.05563275,0.0,0.0,0.0,0.0
2.10623,0.38,1.997,2.014,0.0255892,0.05570357,0.0,0.0,0.0255892,0.05570357,0.0,0.0,0.0,0.0
2.10718,0.38,1.998,2.015,0.02559704,0.05577446,0.0,0.0,0.02559704,0.05577446,0.0,0.0,0.0,0.0
2.10814,0.38,1.999,2.016,0.02560488,0.05584541,0.0,0.0,0.02560488,0.05584541,0.0,0.0,0.0,0.0
2.10909,0.38,2.0,2.017,0.02561272,0.05591642,0.0,0.0,0.02561272,0.05591642,0.0,0.0,0.0,0.0
2.11005,0.38,2.001,2.018,0.02562056,0.0559875,0.0,0.0,0.02562056,0.0559875,0.0,0.0,0.0,0.0
2.11101,0.38,2.002,2.019,0.0256284,0.05605864,0.0,0.0,0.0256284,0.05605864,0.0,0.0,0.0,0.0
2.11196,0.38,2.003,2.02,0.02563624,0.05612985,0.0,0.0,0.02563624,0.05612985,0.0,0.0,0.0,0.0
2.11292,0.38,2.004,2.021,0.02564408,0.05620113,0.0,0.0,0.02564408,0.05620113,0.0,0.0,0.0,0.0
2.11388,0.38,2.005,2.022,0.02565192,0.05627247,0.0,0.0,0.02565192,0.05627247,0.0,0.0,0.0,0.0
2.11483,0.38,2.006,2.023,0.02565976,0.05634387,0.0,0.0,0.02565976,0.05634387,0.0,0.0,0.0,0.0
2.11579,0.38,2.007,2.024,0.0256676,0.05641534,0.0,0.0,0.0256676,0.05641534,0.0,0.0,0.0,0.0
2.11675,0.38,2.008,2.025,0.02567543,0.05648688,0.0,0.0,0.02567543,0.05648688,0.0,0.0,0.0,0.0
2.1177,0.38,2.009,2.026,0.02568327,0.05655848,0.0,0.0,0.02568327,0.05655848,0.0,0.0,0.0,0.0
2.11866,0.38,2.01,2.027,0.02569111,0.05663015,0.0,0.0,0.02569111,0.05663015,0.0,0.0,0.0,0.0
2.11962,0.38,2.011,2.028,0.02569895,0.05670188,0.0,0.0,0.02569895,0.05670188,0.0,0.0,0.0,0.0
2.12057,0.38,2.012,2.029,0.02570678,0.05677368,0.0,0.0,0.02570678,0.05677368,0.0,0.0,0.0,0.0
2.12153,0.38,2.013,2.03,0.02571462,0.05684554,0.0,0.0,0.02571462,0.05684554,0.0,0.0,0.0,0.0
2.12249,0.38,2.014,2.031,0.02572245,0.05691747,0.0,0.0,0.02572245,0.05691747,0.0,0.0,0.0,0.0
2.12344,0.38,2.015,2.032,0.02573029,0.05698947,0.0,0.0,0.02573029,0.05698947,0.0,0.0,0.0,0.0
2.1244,0.38,2.016,2.033,0.02573812,0.05706153,0.0,0.0,0.02573812,0.05706153,0.0,0.0,0.0,0.0
2.12536,0.38,2.017,2.034,0.02574596,0.05713366,0.0,0.0,0.02574596,0.05713366,0.0,0.0,0.0,0.0
2.12632,0.38,2.018,2.035,0.02575379,0.05720586,0.0,0.0,0.02575379,0.05720586,0.0,0.0,0.0,0.0
2.12727,0.38,2.019,2.036,0.02576163,0.05727812,0.0,0.0,0.02576163,0.05727812,0.0,0.0,0.0,0.0
2.12823,0.38,2.02,2.037,0.02576946,0.05735045,0.0,0.0,0.02576946,0.05735045,0.0,0.0,0.0,0.0
2.12919,0.38,2.021,2.038,0.02577729,0.05742284,0.0,0.0,0.02577729,0.05742284,0.0,0.0,0.0,0.0
2.13014,0.38,2.022,2.039,0.02578513,0.0574953,0.0,0.0,0.02578513,0.0574953,0.0,0.0,0.0,0.0
2.1311,0.38,2.023,2.04,0.02579296,0.05756783,0.0,0.0,0.02579296,0.05756783,0.0,0.0,0.0,0.0
2.13206,0.38,2.024,2.041,0.02580079,0.05764043,0.0,0.0,0.02580079,0.05764043,0.0,0.0,0.0,0.0
2.13302,0.38,2.025,2.042,0.02580862,0.05771309,0.0,0.0,0.02580862,0.05771309,0.0,0.0,0.0,0.0
2.13397,0.38,2.026,2.043,0.02581646,0.05778582,0.0,0.0,0.02581646,0.05778582,0.0,0.0,0.0,0.0
2.13493,0.38,2.027,2.044,0.02582429,0.05785862,0.0,0.0,0.02582429,0.05785862,0.0,0.0,0.0,0.0
2.13589,0.38,2.028,2.045,0.02583212,0.05793148,0.0,0.0,0.02583212,0.05793148,0.0,0.0,0.0,0.0
2.13685,0.38,2.029,2.046,0.02583995,0.05800442,0.0,0.0,0.02583995,0.05800442,0.0,0.0,0.0,0.0
2.1378,0.38,2.03,2.047,0.02584778,0.05807741,0.0,0.0,0.02584778,0.05807741,0.0,0.0,0.0,0.0
2.13876,0.38,2.031,2.048,0.02585561,0.05815048,0.0,0.0,0.02585561,0.05815048,0.0,0.0,0.0,0.0
2.13972,0.38,2.032,2.049,0.02586344,0.05822362,0.0,0.0,0.02586344,0.05822362,0.0,0.0,0.0,0.0
2.14068,0.38,2.033,2.05,0.02587126,0.05829682,0.0,0.0,0.02587126,0.05829682,0.0,0.0,0.0,0.0
2.14163,0.38,2.034,2.051,0.02587909,0.05837009,0.0,0.0,0.02587909,0.05837009,0.0,0.0,0.0,0.0
2.14259,0.38,2.035,2.052,0.02588692,0.05844343,0.0,0.0,0.02588692,0.05844343,0.0,0.0,0.0,0.0
2.14355,0.38,2.036,2.053,0.02589475,0.05851683,0.0,0.0,0.02589475,0.05851683,0.0,0.0,0.0,0.0
2.14451,0.38,2.037,2.054,0.02590257,0.0585903,0.0,0.0,0.02590257,0.0585903,0.0,0.0,0.0,0.0
2.14546,0.38,2.038,2.055,0.0259104,0.05866385,0.0,0.0,0.0259104,0.05866385,0.0,0.0,0.0,0.0
2.14642,0.38,2.039,2.056,0.02591823,0.05873746,0.0,0.0,0.02591823,0.05873746,0.0,0.0,0.0,0.0
2.14738,0.38,2.04,2.057,0.02592605,0.05881114,0.0,0.0,0.02592605,0.05881114,0.0,0.0,0.0,0.0
2.14834,0.38,2.041,2.058,0.02593388,0.05888488,0.0,0.0,0.02593388,0.05888488,0.0,0.0,0.0,0.0
2.1493,0.38,2.042,2.059,0.0259417,0.0589587,0.0,0.0,0.0259417,0.0589587,0.0,0.0,0.0,0.0
2.15025,0.38,2.043,2.06,0.02594953,0.05903258,0.0,0.0,0.02594953,0.05903258,0.0,0.0,0.0,0.0
2.15121,0.38,2.044,2.061,0.02595735,0.05910653,0.0,0.0,0.02595735,0.05910653,0.0,0.0,0.0,0.0
2.15217,0.38,2.045,2.062,0.02596517,0.05918056,0.0,0.0,0.02596517,0.05918056,0.0,0.0,0.0,0.0
2.15313,0.38,2.046,2.063,0.025973,0.05925465,0.0,0.0,0.025973,0.05925465,0.0,0.0,0.0,0.0
2.15409,0.38,2.047,2.064,0.02598082,0.05932881,0.0,0.0,0.02598082,0.05932881,0.0,0.0,0.0,0.0
2.15504,0.38,2.048,2.065,0.02598864,0.05940303,0.0,0.0,0.02598864,0.05940303,0.0,0.0,0.0,0.0
2.156,0.38,2.049,2.066,0.02599646,0.05947733,0.0,0.0,0.02599646,0.05947733,0.0,0.0,0.0,0.0
2.15696,0.38,2.05,2.067,0.02600429,0.0595517,0.0,0.0,0.02600429,0.0595517,0.0,0.0,0.0,0.0
2.15792,0.38,2.051,2.068,0.02601211,0.05962613,0.0,0.0,0.02601211,0.05962613,0.0,0.0,0.0,0.0
2.15888,0.38,2.052,2.069,0.02601993,0.05970064,0.0,0.0,0.02601993,0.05970064,0.0,0.0,0.0,0.0
2.15984,0.38,2.053,2.07,0.02602775,0.05977521,0.0,0.0,0.02602775,0.05977521,0.0,0.0,0.0,0.0
2.16079,0.38,2.054,2.071,0.02603557,0.05984986,0.0,0.0,0.02603557,0.05984986,0.0,0.0,0.0,0.0
2.16175,0.38,2.055,2.072,0.02604338,0.05992457,0.0,0.0,0.02604338,0.05992457,0.0,0.0,0.0,0.0
2.16271,0.38,2.056,2.073,0.0260512,0.05999936,0.0,0.0,0.0260512,0.05999936,0.0,0.0,0.0,0.0
2.16367,0.38,2.057,2.074,0.02605902,0.06007421,0.0,0.0,0.02605902,0.06007421,0.0,0.0,0.0,0.0
2.16463,0.38,2.058,2.075,0.02606684,0.06014913,0.0,0.0,0.02606684,0.06014913,0.0,0.0,0.0,0.0
2.16559,0.38,2.059,2.076,0.02607466,0.06022413,0.0,0.0,0.02607466,0.06022413,0.0,0.0,0.0,0.0
2.16655,0.38,2.06,2.077,0.02608247,0.06029919,0.0,0.0,0.02608247,0.06029919,0.0,0.0,0.0,0.0
2.1675,0.38,2.061,2.078,0.02609029,0.06037432,0.0,0.0,0.02609029,0.06037432,0.0,0.0,0.0,0.0
2.16846,0.38,2.062,2.079,0.0260981,0.06044953,0.0,0.0,0.0260981,0.06044953,0.0,0.0,0.0,0.0
2.16942,0.38,2.063,2.08,0.02610592,0.0605248,0.0,0.0,0.02610592,0.0605248,0.0,0.0,0.0,0.0
2.17038,0.38,2.064,2.081,0.02611373,0.06060015,0.0,0.0,0.02611373,0.06060015,0.0,0.0,0.0,0.0
2.17134,0.38,2.065,2.082,0.02612155,0.06067556,0.0,0.0,0.02612155,0.06067556,0.0,0.0,0.0,0.0
2.1723,0.38,2.066,2.083,0.02612936,0.06075105,0.0,0.0,0.02612936,0.06075105,0.0,0.0,0.0,0.0
2.17326,0.38,2.067,2.084,0.02613717,0.06082661,0.0,0.0,0.02613717,0.06082661,0.0,0.0,0.0,0.0
2.17422,0.38,2.068,2.085,0.02614499,0.06090223,0.0,0.0,0.02614499,0.06090223,0.0,0.0,0.0,0.0
2.17518,0.38,2.069,2.086,0.0261528,0.06097793,0.0,0.0,0.0261528,0.06097793,0.0,0.0,0.0,0.0
2.17613,0.38,2.07,2.087,0.02616061,0.0610537,0.0,0.0,0.02616061,0.0610537,0.0,0.0,0.0,0.0
2.17709,0.38,2.071,2.088,0.02616842,0.06112954,0.0,0.0,0.02616842,0.06112954,0.0,0.0,0.0,0.0
2.17805,0.38,2.072,2.089,0.02617623,0.06120545,0.0,0.0,0.02617623,0.06120545,0.0,0.0,0.0,0.0
2.17901,0.38,2.073,2.09,0.02618404,0.06128144,0.0,0.0,0.02618404,0.06128144,0.0,0.0,0.0,0.0
2.17997,0.38,2.074,2.091,0.02619185,0.06135749,0.0,0.0,0.02619185,0.06135749,0.0,0.0,0.0,0.0
2.18093,0.38,2.075,2.092,0.02619966,0.06143362,0.0,0.0,0.02619966,0.06143362,0.0,0.0,0.0,0.0
2.18189,0.38,2.076,2.093,0.02620747,0.06150981,0.0,0.0,0.02620747,0.06150981,0.0,0.0,0.0,0.0
2.18285,0.38,2.077,2.094,0.02621528,0.06158608,0.0,0.0,0.02621528,0.06158608,0.0,0.0,0.0,0.0
2.18381,0.38,2.078,2.095,0.02622308,0.06166242,0.0,0.0,0.02622308,0.06166242,0.0,0.0,0.0,0.0
2.18477,0.38,2.079,2.096,0.02623089,0.06173883,0.0,0.0,0.02623089,0.06173883,0.0,0.0,0.0,0.0
2.18573,0.38,2.08,2.097,0.0262387,0.06181532,0.0,0.0,0.0262387,0.06181532,0.0,0.0,0.0,0.0
2.18669,0.38,2.081,2.098,0.0262465,0.06189187,0.0,0.0,0.0262465,0.06189187,0.0,0.0,0.0,0.0
2.18765,0.38,2.082,2.099,0.02625431,0.0619685,0.0,0.0,0.02625431,0.0619685,0.0,0.0,0.0,0.0
2.1886,0.38,2.083,2.1,0.02626211,0.0620452,0.0,0.0,0.02626211,0.0620452,0.0,0.0,0.0,0.0
2.18956,0.38,2.084,2.101,0.02626992,0.06212197,0.0,0.0,0.02626992,0.06212197,0.0,0.0,0.0,0.0
2.19052,0.38,2.085,2.102,0.02627772,0.06219882,0.0,0.0,0.02627772,0.06219882,0.0,0.0,0.0,0.0
2.19148,0.38,2.086,2.103,0.02628553,0.06227573,0.0,0.0,0.02628553,0.06227573,0.0,0.0,0.0,0.0
2.19244,0.38,2.087,2.104,0.02629333,0.06235272,0.0,0.0,0.02629333,0.06235272,0.0,0.0,0.0,0.0
2.1934,0.38,2.088,2.105,0.02630113,0.06242979,0.0,0.0,0.02630113,0.06242979,0.0,0.0,0.0,0.0
2.19436,0.38,2.089,2.106,0.02630893,0.06250692,0.0,0.0,0.02630893,0.06250692,0.0,0.0,0.0,0.0
2.19532,0.38,2.09,2.107,0.02631673,0.06258413,0.0,0.0,0.02631673,0.06258413,0.0,0.0,0.0,0.0
2.19628,0.38,2.091,2.108,0.02632453,0.06266141,0.0,0.0,0.02632453,0.06266141,0.0,0.0,0.0,0.0
2.19724,0.38,2.092,2.109,0.02633234,0.06273876,0.0,0.0,0.02633234,0.06273876,0.0,0.0,0.0,0.0
2.1982,0.38,2.093,2.11,0.02634013,0.06281619,0.0,0.0,0.02634013,0.06281619,0.0,0.0,0.0,0.0
2.19916,0.38,2.094,2.111,0.02634793,0.06289369,0.0,0.0,0.02634793,0.06289369,0.0,0.0,0.0,0.0
2.20012,0.38,2.095,2.112,0.02635573,0.06297126,0.0,0.0,0.02635573,0.06297126,0.0,0.0,0.0,0.0
2.20108,0.38,2.096,2.113,0.02636353,0.06304891,0.0,0.0,0.02636353,0.06304891,0.0,0.0,0.0,0.0
2.20204,0.38,2.097,2.114,0.02637133,0.06312662,0.0,0.0,0.02637133,0.06312662,0.0,0.0,0.0,0.0
2.203,0.38,2.098,2.115,0.02637912,0.06320442,0.0,0.0,0.02637912,0.06320442,0.0,0.0,0.0,0.0
2.20396,0.38,2.099,2.116,0.02638692,0.06328228,0.0,0.0,0.02638692,0.06328228,0.0,0.0,0.0,0.0
2.20492,0.38,2.1,2.117,0.02639472,0.06336022,0.0,0.0,0.02639472,0.06336022,0.0,0.0,0.0,0.0
2.20588,0.38,2.101,2.118,0.02640251,0.06343824,0.0,0.0,0.02640251,0.06343824,0.0,0.0,0.0,0.0
2.20684,0.38,2.102,2.119,0.02641031,0.06351633,0.0,0.0,0.02641031,0.06351633,0.0,0.0,0.0,0.0
2.2078,0.38,2.103,2.12,0.0264181,0.06359449,0.0,0.0,0.0264181,0.06359449,0.0,0.0,0.0,0.0
2.20876,0.38,2.104,2.121,0.0264259,0.06367272,0.0,0.0,0.0264259,0.06367272,0.0,0.0,0.0,0.0
2.20972,0.38,2.105,2.122,0.02643369,0.06375103,0.0,0.0,0.02643369,0.06375103,0.0,0.0,0.0,0.0
2.21068,0.38,2.106,2.123,0.02644148,0.06382942,0.0,0.0,0.02644148,0.06382942,0.0,0.0,0.0,0.0
2.21164,0.38,2.107,2.124,0.02644927,0.06390788,0.0,0.0,0.02644927,0.06390788,0.0,0.0,0.0,0.0
2.2126,0.38,2.108,2.125,0.02645706,0.06398641,0.0,0.0,0.02645706,0.06398641,0.0,0.0,0.0,0.0
2.21356,0.38,2.109,2.126,0.02646486,0.06406502,0.0,0.0,0.02646486,0.06406502,0.0,0.0,0.0,0.0
2.21452,0.38,2.11,2.127,0.02647265,0.0641437,0.0,0.0,0.02647265,0.0641437,0.0,0.0,0.0,0.0
2.21549,0.38,2.111,2.128,0.02648044,0.06422245,0.0,0.0,0.02648044,0.06422245,0.0,0.0,0.0,0.0
2.21645,0.38,2.112,2.129,0.02648822,0.06430128,0.0,0.0,0.02648822,0.06430128,0.0,0.0,0.0,0.0
2.21741,0.38,2.113,2.13,0.02649601,0.06438019,0.0,0.0,0.02649601,0.06438019,0.0,0.0,0.0,0.0
2.21837,0.38,2.114,2.131,0.0265038,0.06445917,0.0,0.0,0.0265038,0.06445917,0.0,0.0,0.0,0.0
2.21933,0.38,2.115,2.132,0.02651159,0.06453823,0.0,0.0,0.02651159,0.06453823,0.0,0.0,0.0,0.0
2.22029,0.38,2.116,2.133,0.02651938,0.06461736,0.0,0.0,0.02651938,0.06461736,0.0,0.0,0.0,0.0
2.22125,0.38,2.117,2.134,0.02652716,0.06469657,0.0,0.0,0.02652716,0.06469657,0.0,0.0,0.0,0.0
2.22221,0.38,2.118,2.135,0.02653495,0.06477585,0.0,0.0,0.02653495,0.06477585,0.0,0.0,0.0,0.0
2.22317,0.38,2.119,2.136,0.02654273,0.06485521,0.0,0.0,0.02654273,0.06485521,0.0,0.0,0.0,0.0
2.22413,0.38,2.12,2.137,0.02655052,0.06493464,0.0,0.0,0.02655052,0.06493464,0.0,0.0,0.0,0.0
2.22509,0.38,2.121,2.138,0.0265583,0.06501415,0.0,0.0,0.0265583,0.06501415,0.0,0.0,0.0,0.0
2.22605,0.38,2.122,2.139,0.02656609,0.06509373,0.0,0.0,0.02656609,0.06509373,0.0,0.0,0.0,0.0
2.22701,0.38,2.123,2.14,0.02657387,0.06517339,0.0,0.0,0.02657387,0.06517339,0.0,0.0,0.0,0.0
2.22797,0.38,2.124,2.141,0.02658165,0.06525313,0.0,0.0,0.02658165,0.06525313,0.0,0.0,0.0,0.0
2.22894,0.38,2.125,2.142,0.02658944,0.06533294,0.0,0.0,0.02658944,0.06533294,0.0,0.0,0.0,0.0
2.2299,0.38,2.126,2.143,0.02659722,0.06541283,0.0,0.0,0.02659722,0.06541283,0.0,0.0,0.0,0.0
2.23086,0.38,2.127,2.144,0.026605,0.06549279,0.0,0.0,0.026605,0.06549279,0.0,0.0,0.0,0.0
2.23182,0.38,2.128,2.145,0.02661278,0.06557283,0.0,0.0,0.02661278,0.06557283,0.0,0.0,0.0,0.0
2.23278,0.38,2.129,2.146,0.02662056,0.06565295,0.0,0.0,0.02662056,0.06565295,0.0,0.0,0.0,0.0
2.23374,0.38,2.13,2.147,0.02662834,0.06573314,0.0,0.0,0.02662834,0.06573314,0.0,0.0,0.0,0.0
2.2347,0.38,2.131,2.148,0.02663612,0.06581341,0.0,0.0,0.02663612,0.06581341,0.0,0.0,0.0,0.0
2.23566,0.38,2.132,2.149,0.0266439,0.06589376,0.0,0.0,0.0266439,0.06589376,0.0,0.0,0.0,0.0
2.23662,0.38,2.133,2.15,0.02665167,0.06597418,0.0,0.0,0.02665167,0.06597418,0.0,0.0,0.0,0.0
2.23759,0.38,2.134,2.151,0.02665945,0.06605468,0.0,0.0,0.02665945,0.06605468,0.0,0.0,0.0,0.0
2.23855,0.38,2.135,2.152,0.02666723,0.06613526,0.0,0.0,0.02666723,0.06613526,0.0,0.0,0.0,0.0
2.23951,0.38,2.136,2.153,0.026675,0.06621591,0.0,0.0,0.026675,0.06621591,0.0,0.0,0.0,0.0
2.24047,0.38,2.137,2.154,0.02668278,0.06629664,0.0,0.0,0.02668278,0.06629664,0.0,0.0,0.0,0.0
2.24143,0.38,2.138,2.155,0.02669055,0.06637745,0.0,0.0,0.02669055,0.06637745,0.0,0.0,0.0,0.0
2.24239,0.38,2.139,2.156,0.02669833,0.06645834,0.0,0.0,0.02669833,0.06645834,0.0,0.0,0.0,0.0
2.24335,0.38,2.14,2.157,0.0267061,0.0665393,0.0,0.0,0.0267061,0.0665393,0.0,0.0,0.0,0.0
2.24432,0.38,2.141,2.158,0.02671388,0.06662034,0.0,0.0,0.02671388,0.06662034,0.0,0.0,0.0,0.0
2.24528,0.38,2.142,2.159,0.02672165,0.06670146,0.0,0.0,0.02672165,0.06670146,0.0,0.0,0.0,0.0
2.24624,0.38,2.143,2.16,0.02672942,0.06678266,0.0,0.0,0.02672942,0.06678266,0.0,0.0,0.0,0.0
2.2472,0.38,2.144,2.161,0.02673719,0.06686393,0.0,0.0,0.02673719,0.06686393,0.0,0.0,0.0,0.0
2.24816,0.38,2.145,2.162,0.02674496,0.06694528,0.0,0.0,0.02674496,0.06694528,0.0,0.0,0.0,0.0
2.24912,0.38,2.146,2.163,0.02675274,0.06702671,0.0,0.0,0.02675274,0.06702671,0.0,0.0,0.0,0.0
2.25009,0.38,2.147,2.164,0.02676051,0.06710822,0.0,0.0,0.02676051,0.06710822,0.0,0.0,0.0,0.0
2.25105,0.38,2.148,2.165,0.02676828,0.0671898,0.0,0.0,0.02676828,0.0671898,0.0,0.0,0.0,0.0
2.25201,0.38,2.149,2.166,0.02677604,0.06727147,0.0,0.0,0.02677604,0.06727147,0.0,0.0,0.0,0.0
2.25297,0.38,2.15,2.167,0.02678381,0.06735321,0.0,0.0,0.02678381,0.06735321,0.0,0.0,0.0,0.0
2.25393,0.38,2.151,2.168,0.02679158,0.06743503,0.0,0.0,0.02679158,0.06743503,0.0,0.0,0.0,0.0
2.2549,0.38,2.152,2.169,0.02679935,0.06751693,0.0,0.0,0.02679935,0.06751693,0.0,0.0,0.0,0.0
2.25586,0.38,2.153,2.17,0.02680712,0.06759891,0.0,0.0,0.02680712,0.06759891,0.0,0.0,0.0,0.0
2.25682,0.38,2.154,2.171,0.02681488,0.06768097,0.0,0.0,0.02681488,0.06768097,0.0,0.0,0.0,0.0
2.25778,0.38,2.155,2.172,0.02682265,0.0677631,0.0,0.0,0.02682265,0.0677631,0.0,0.0,0.0,0.0
2.25874,0.38,2.156,2.173,0.02683041,0.06784532,0.0,0.0,0.02683041,0.06784532,0.0,0.0,0.0,0.0
2.25971,0.38,2.157,2.174,0.02683818,0.06792761,0.0,0.0,0.02683818,0.06792761,0.0,0.0,0.0,0.0
2.26067,0.38,2.158,2.175,0.02684594,0.06800998,0.0,0.0,0.02684594,0.06800998,0.0,0.0,0.0,0.0
2.26163,0.38,2.159,2.176,0.02685371,0.06809243,0.0,0.0,0.02685371,0.06809243,0.0,0.0,0.0,0.0
2.26259,0.38,2.16,2.177,0.02686147,0.06817496,0.0,0.0,0.02686147,0.06817496,0.0,0.0,0.0,0.0
2.26355,0.38,2.161,2.178,0.02686923,0.06825758,0.0,0.0,0.02686923,0.06825758,0.0,0.0,0.0,0.0
2.26452,0.38,2.162,2.179,0.02687699,0.06834027,0.0,0.0,0.02687699,0.06834027,0.0,0.0,0.0,0.0
2.26548,0.38,2.163,2.18,0.02688476,0.06842304,0.0,0.0,0.02688476,0.06842304,0.0,0.0,0.0,0.0
2.26644,0.38,2.164,2.181,0.02689252,0.06850588,0.0,0.0,0.02689252,0.06850588,0.0,0.0,0.0,0.0
2.2674,0.38,2.165,2.182,0.02690028,0.06858881,0.0,0.0,0.02690028,0.06858881,0.0,0.0,0.0,0.0
2.26836,0.38,2.166,2.183,0.02690804,0.06867182,0.0,0.0,0.02690804,0.06867182,0.0,0.0,0.0,0.0
2.26933,0.38,2.167,2.184,0.0269158,0.06875491,0.0,0.0,0.0269158,0.06875491,0.0,0.0,0.0,0.0
2.27029,0.38,2.168,2.185,0.02692356,0.06883808,0.0,0.0,0.02692356,0.06883808,0.0,0.0,0.0,0.0
2.27125,0.38,2.169,2.186,0.02693131,0.06892133,0.0,0.0,0.02693131,0.06892133,0.0,0.0,0.0,0.0
2.27221,0.38,2.17,2.187,0.02693907,0.06900466,0.0,0.0,0.02693907,0.06900466,0.0,0.0,0.0,0.0
2.27318,0.38,2.171,2.188,0.02694683,0.06908807,0.0,0.0,0.02694683,0.06908807,0.0,0.0,0.0,0.0
2.27414,0.38,2.172,2.189,0.02695459,0.06917156,0.0,0.0,0.02695459,0.06917156,0.0,0.0,0.0,0.0
2.2751,0.38,2.173,2.19,0.02696234,0.06925513,0.0,0.0,0.02696234,0.06925513,0.0,0.0,0.0,0.0
2.27606,0.38,2.174,2.191,0.0269701,0.06933878,0.0,0.0,0.0269701,0.06933878,0.0,0.0,0.0,0.0
2.27703,0.38,2.175,2.192,0.02697785,0.06942251,0.0,0.0,0.02697785,0.06942251,0.0,0.0,0.0,0.0
2.27799,0.38,2.176,2.193,0.02698561,0.06950633,0.0,0.0,0.02698561,0.06950633,0.0,0.0,0.0,0.0
2.27895,0.38,2.177,2.194,0.02699336,0.06959022,0.0,0.0,0.02699336,0.06959022,0.0,0.0,0.0,0.0
2.27992,0.38,2.178,2.195,0.02700112,0.06967419,0.0,0.0,0.02700112,0.06967419,0.0,0.0,0.0,0.0
2.28088,0.38,2.179,2.196,0.02700887,0.06975825,0.0,0.0,0.02700887,0.06975825,0.0,0.0,0.0,0.0
2.28184,0.38,2.18,2.197,0.02701662,0.06984239,0.0,0.0,0.02701662,0.06984239,0.0,0.0,0.0,0.0
2.2828,0.38,2.181,2.198,0.02702438,0.06992661,0.0,0.0,0.02702438,0.06992661,0.0,0.0,0.0,0.0
2.28377,0.38,2.182,2.199,0.02703213,0.07001091,0.0,0.0,0.02703213,0.07001091,0.0,0.0,0.0,0.0
2.28473,0.38,2.183,2.2,0.02703988,0.07009529,0.0,0.0,0.02703988,0.07009529,0.0,0.0,0.0,0.0
2.28569,0.38,2.184,2.201,0.02704763,0.07017975,0.0,0.0,0.02704763,0.07017975,0.0,0.0,0.0,0.0
2.28666,0.38,2.185,2.202,0.02705538,0.0702643,0.0,0.0,0.02705538,0.0702643,0.0,0.0,0.0,0.0
2.28762,0.38,2.186,2.203,0.02706313,0.07034892,0.0,0.0,0.02706313,0.07034892,0.0,0.0,0.0,0.0
2.28858,0.38,2.187,2.204,0.02707088,0.07043363,0.0,0.0,0.02707088,0.07043363,0.0,0.0,0.0,0.0
2.28954,0.38,2.188,2.205,0.02707863,0.07051842,0.0,0.0,0.02707863,0.07051842,0.0,0.0,0.0,0.0
2.29051,0.38,2.189,2.206,0.02708638,0.07060329,0.0,0.0,0.02708638,0.07060329,0.0,0.0,0.0,0.0
2.29147,0.38,2.19,2.207,0.02709412,0.07068825,0.0,0.0,0.02709412,0.07068825,0.0,0.0,0.0,0.0
2.29243,0.38,2.191,2.208,0.02710187,0.07077328,0.0,0.0,0.02710187,0.07077328,0.0,0.0,0.0,0.0
2.2934,0.38,2.192,2.209,0.02710962,0.0708584,0.0,0.0,0.02710962,0.0708584,0.0,0.0,0.0,0.0
2.29436,0.38,2.193,2.21,0.02711736,0.0709436,0.0,0.0,0.02711736,0.0709436,0.0,0.0,0.0,0.0
2.29532,0.38,2.194,2.211,0.02712511,0.07102889,0.0,0.0,0.02712511,0.07102889,0.0,0.0,0.0,0.0
2.29629,0.38,2.195,2.212,0.02713285,0.07111426,0.0,0.0,0.02713285,0.07111426,0.0,0.0,0.0,0.0
2.29725,0.38,2.196,2.213,0.0271406,0.0711997,0.0,0.0,0.0271406,0.0711997,0.0,0.0,0.0,0.0
2.29821,0.38,2.197,2.214,0.02714834,0.07128524,0.0,0.0,0.02714834,0.07128524,0.0,0.0,0.0,0.0
2.29918,0.38,2.198,2.215,0.02715609,0.07137085,0.0,0.0,0.02715609,0.07137085,0.0,0.0,0.0,0.0
2.30014,0.38,2.199,2.216,0.02716383,0.07145655,0.0,0.0,0.02716383,0.07145655,0.0,0.0,0.0,0.0
2.3011,0.38,2.2,2.217,0.02717157,0.07154233,0.0,0.0,0.02717157,0.07154233,0.0,0.0,0.0,0.0
2.30207,0.38,2.201,2.218,0.02717932,0.0716282,0.0,0.0,0.02717932,0.0716282,0.0,0.0,0.0,0.0
2.30303,0.38,2.202,2.219,0.02718706,0.07171414,0.0,0.0,0.02718706,0.07171414,0.0,0.0,0.0,0.0
2.30399,0.38,2.203,2.22,0.0271948,0.07180018,0.0,0.0,0.0271948,0.07180018,0.0,0.0,0.0,0.0
2.30496,0.38,2.204,2.221,0.02720254,0.07188629,0.0,0.0,0.02720254,0.07188629,0.0,0.0,0.0,0.0
2.30592,0.38,2.205,2.222,0.02721028,0.07197249,0.0,0.0,0.02721028,0.07197249,0.0,0.0,0.0,0.0
2.30689,0.38,2.206,2.223,0.02721802,0.07205877,0.0,0.0,0.02721802,0.07205877,0.0,0.0,0.0,0.0
2.30785,0.38,2.207,2.224,0.02722576,0.07214514,0.0,0.0,0.02722576,0.07214514,0.0,0.0,0.0,0.0
2.30881,0.38,2.208,2.225,0.0272335,0.07223159,0.0,0.0,0.0272335,0.07223159,0.0,0.0,0.0,0.0
2.30978,0.38,2.209,2.226,0.02724124,0.07231812,0.0,0.0,0.02724124,0.07231812,0.0,0.0,0.0,0.0
2.31074,0.38,2.21,2.227,0.02724898,0.07240474,0.0,0.0,0.02724898,0.07240474,0.0,0.0,0.0,0.0
2.3117,0.38,2.211,2.228,0.02725671,0.07249144,0.0,0.0,0.02725671,0.07249144,0.0,0.0,0.0,0.0
2.31267,0.38,2.212,2.229,0.02726445,0.07257823,0.0,0.0,0.02726445,0.07257823,0.0,0.0,0.0,0.0
2.31363,0.38,2.213,2.23,0.02727219,0.0726651,0.0,0.0,0.02727219,0.0726651,0.0,0.0,0.0,0.0
2.3146,0.38,2.214,2.231,0.02727992,0.07275205,0.0,0.0,0.02727992,0.07275205,0.0,0.0,0.0,0.0
2.31556,0.38,2.215,2.232,0.02728766,0.07283909,0.0,0.0,0.02728766,0.07283909,0.0,0.0,0.0,0.0
2.31652,0.38,2.216,2.233,0.0272954,0.07292621,0.0,0.0,0.0272954,0.07292621,0.0,0.0,0.0,0.0
2.31749,0.38,2.217,2.234,0.02730313,0.07301342,0.0,0.0,0.02730313,0.07301342,0.0,0.0,0.0,0.0
2.31845,0.38,2.218,2.235,0.02731087,0.07310072,0.0,0.0,0.02731087,0.07310072,0.0,0.0,0.0,0.0
2.31942,0.38,2.219,2.236,0.0273186,0.07318809,0.0,0.0,0.0273186,0.07318809,0.0,0.0,0.0,0.0
2.32038,0.38,2.22,2.237,0.02732633,0.07327556,0.0,0.0,0.02732633,0.07327556,0.0,0.0,0.0,0.0
2.32134,0.38,2.221,2.238,0.02733407,0.07336311,0.0,0.0,0.02733407,0.07336311,0.0,0.0,0.0,0.0
2.32231,0.38,2.222,2.239,0.0273418,0.07345074,0.0,0.0,0.0273418,0.07345074,0.0,0.0,0.0,0.0
2.32327,0.38,2.223,2.24,0.02734953,0.07353846,0.0,0.0,0.02734953,0.07353846,0.0,0.0,0.0,0.0
2.32424,0.38,2.224,2.241,0.02735726,0.07362626,0.0,0.0,0.02735726,0.07362626,0.0,0.0,0.0,0.0
2.3252,0.38,2.225,2.242,0.02736499,0.07371415,0.0,0.0,0.02736499,0.07371415,0.0,0.0,0.0,0.0
2.32616,0.38,2.226,2.243,0.02737273,0.07380213,0.0,0.0,0.02737273,0.07380213,0.0,0.0,0.0,0.0
2.32713,0.38,2.227,2.244,0.02738046,0.07389019,0.0,0.0,0.02738046,0.07389019,0.0,0.0,0.0,0.0
2.32809,0.38,2.228,2.245,0.02738819,0.07397834,0.0,0.0,0.02738819,0.07397834,0.0,0.0,0.0,0.0
2.32906,0.38,2.229,2.246,0.02739592,0.07406657,0.0,0.0,0.02739592,0.07406657,0.0,0.0,0.0,0.0
2.33002,0.38,2.23,2.247,0.02740364,0.07415489,0.0,0.0,0.02740364,0.07415489,0.0,0.0,0.0,0.0
2.33099,0.38,2.231,2.248,0.02741137,0.07424329,0.0,0.0,0.02741137,0.07424329,0.0,0.0,0.0,0.0
2.33195,0.38,2.232,2.249,0.0274191,0.07433178,0.0,0.0,0.0274191,0.07433178,0.0,0.0,0.0,0.0
2.33291,0.38,2.233,2.25,0.02742683,0.07442036,0.0,0.0,0.02742683,0.07442036,0.0,0.0,0.0,0.0
2.33388,0.38,2.234,2.251,0.02743456,0.07450902,0.0,0.0,0.02743456,0.07450902,0.0,0.0,0.0,0.0
2.33484,0.38,2.235,2.252,0.02744228,0.07459777,0.0,0.0,0.02744228,0.07459777,0.0,0.0,0.0,0.0
2.33581,0.38,2.236,2.253,0.02745001,0.07468661,0.0,0.0,0.02745001,0.07468661,0.0,0.0,0.0,0.0
2.33677,0.38,2.237,2.254,0.02745774,0.07477553,0.0,0.0,0.02745774,0.07477553,0.0,0.0,0.0,0.0
2.33774,0.38,2.238,2.255,0.02746546,0.07486454,0.0,0.0,0.02746546,0.07486454,0.0,0.0,0.0,0.0
2.3387,0.38,2.239,2.256,0.02747319,0.07495364,0.0,0.0,0.02747319,0.07495364,0.0,0.0,0.0,0.0
2.33967,0.38,2.24,2.257,0.02748091,0.07504282,0.0,0.0,0.02748091,0.07504282,0.0,0.0,0.0,0.0
2.34063,0.38,2.241,2.258,0.02748864,0.07513209,0.0,0.0,0.02748864,0.07513209,0.0,0.0,0.0,0.0
2.3416,0.38,2.242,2.259,0.02749636,0.07522145,0.0,0.0,0.02749636,0.07522145,0.0,0.0,0.0,0.0
2.34256,0.38,2.243,2.26,0.02750409,0.07531089,0.0,0.0,0.02750409,0.07531089,0.0,0.0,0.0,0.0
2.34353,0.38,2.244,2.261,0.02751181,0.07540042,0.0,0.0,0.02751181,0.07540042,0.0,0.0,0.0,0.0
2.34449,0.38,2.245,2.262,0.02751953,0.07549004,0.0,0.0,0.02751953,0.07549004,0.0,0.0,0.0,0.0
2.34546,0.38,2.246,2.263,0.02752726,0.07557975,0.0,0.0,0.02752726,0.07557975,0.0,0.0,0.0,0.0
2.34642,0.38,2.247,2.264,0.02753498,0.07566954,0.0,0.0,0.02753498,0.07566954,0.0,0.0,0.0,0.0
2.34738,0.38,2.248,2.265,0.0275427,0.07575942,0.0,0.0,0.0275427,0.07575942,0.0,0.0,0.0,0.0
2.34835,0.38,2.249,2.266,0.02755042,0.07584939,0.0,0.0,0.02755042,0.07584939,0.0,0.0,0.0,0.0
2.34931,0.38,2.25,2.267,0.02755814,0.07593945,0.0,0.0,0.02755814,0.07593945,0.0,0.0,0.0,0.0
2.35028,0.38,2.251,2.268,0.02756586,0.07602959,0.0,0.0,0.02756586,0.07602959,0.0,0.0,0.0,0.0
2.35124,0.38,2.252,2.269,0.02757358,0.07611982,0.0,0.0,0.02757358,0.07611982,0.0,0.0,0.0,0.0
2.35221,0.38,2.253,2.27,0.0275813,0.07621014,0.0,0.0,0.0275813,0.07621014,0.0,0.0,0.0,0.0
2.35317,0.38,2.254,2.271,0.02758902,0.07630055,0.0,0.0,0.02758902,0.07630055,0.0,0.0,0.0,0.0
2.35414,0.38,2.255,2.272,0.02759674,0.07639105,0.0,0.0,0.02759674,0.07639105,0.0,0.0,0.0,0.0
2.3551,0.38,2.256,2.273,0.02760446,0.07648163,0.0,0.0,0.02760446,0.07648163,0.0,0.0,0.0,0.0
2.35607,0.38,2.257,2.274,0.02761218,0.07657231,0.0,0.0,0.02761218,0.07657231,0.0,0.0,0.0,0.0
2.35704,0.38,2.258,2.275,0.0276199,0.07666307,0.0,0.0,0.0276199,0.07666307,0.0,0.0,0.0,0.0
2.358,0.38,2.259,2.276,0.02762761,0.07675392,0.0,0.0,0.02762761,0.07675392,0.0,0.0,0.0,0.0
2.35897,0.38,2.26,2.277,0.02763533,0.07684486,0.0,0.0,0.02763533,0.07684486,0.0,0.0,0.0,0.0
2.35993,0.38,2.261,2.278,0.02764305,0.07693589,0.0,0.0,0.02764305,0.07693589,0.0,0.0,0.0,0.0
2.3609,0.38,2.262,2.279,0.02765077,0.077027,0.0,0.0,0.02765077,0.077027,0.0,0.0,0.0,0.0
2.36186,0.38,2.263,2.28,0.02765848,0.07711821,0.0,0.0,0.02765848,0.07711821,0.0,0.0,0.0,0.0
2.36283,0.38,2.264,2.281,0.0276662,0.07720951,0.0,0.0,0.0276662,0.07720951,0.0,0.0,0.0,0.0
2.36379,0.38,2.265,2.282,0.02767391,0.07730089,0.0,0.0,0.02767391,0.07730089,0.0,0.0,0.0,0.0
2.36476,0.38,2.266,2.283,0.02768163,0.07739236,0.0,0.0,0.02768163,0.07739236,0.0,0.0,0.0,0.0
2.36572,0.38,2.267,2.284,0.02768934,0.07748393,0.0,0.0,0.02768934,0.07748393,0.0,0.0,0.0,0.0
2.36669,0.38,2.268,2.285,0.02769706,0.07757558,0.0,0.0,0.02769706,0.07757558,0.0,0.0,0.0,0.0
2.36765,0.38,2.269,2.286,0.02770477,0.07766732,0.0,0.0,0.02770477,0.07766732,0.0,0.0,0.0,0.0
2.36862,0.38,2.27,2.287,0.02771249,0.07775915,0.0,0.0,0.02771249,0.07775915,0.0,0.0,0.0,0.0
2.36959,0.38,2.271,2.288,0.0277202,0.07785107,0.0,0.0,0.0277202,0.07785107,0.0,0.0,0.0,0.0
2.37055,0.38,2.272,2.289,0.02772791,0.07794308,0.0,0.0,0.02772791,0.07794308,0.0,0.0,0.0,0.0
2.37152,0.38,2.273,2.29,0.02773562,0.07803518,0.0,0.0,0.02773562,0.07803518,0.0,0.0,0.0,0.0
2.37248,0.38,2.274,2.291,0.02774334,0.07812737,0.0,0.0,0.02774334,0.07812737,0.0,0.0,0.0,0.0
2.37345,0.38,2.275,2.292,0.02775105,0.07821966,0.0,0.0,0.02775105,0.07821966,0.0,0.0,0.0,0.0
2.37441,0.38,2.276,2.293,0.02775876,0.07831203,0.0,0.0,0.02775876,0.07831203,0.0,0.0,0.0,0.0
2.37538,0.38,2.277,2.294,0.02776647,0.07840449,0.0,0.0,0.02776647,0.07840449,0.0,0.0,0.0,0.0
2.37634,0.38,2.278,2.295,0.02777418,0.07849704,0.0,0.0,0.02777418,0.07849704,0.0,0.0,0.0,0.0
2.37731,0.38,2.279,2.296,0.02778189,0.07858968,0.0,0.0,0.02778189,0.07858968,0.0,0.0,0.0,0.0
2.37828,0.38,2.28,2.297,0.0277896,0.07868241,0.0,0.0,0.0277896,0.07868241,0.0,0.0,0.0,0.0
2.37924,0.38,2.281,2.298,0.02779731,0.07877524,0.0,0.0,0.02779731,0.07877524,0.0,0.0,0.0,0.0
2.38021,0.38,2.282,2.299,0.02780502,0.07886815,0.0,0.0,0.02780502,0.07886815,0.0,0.0,0.0,0.0
2.38117,0.38,2.283,2.3,0.02781273,0.07896115,0.0,0.0,0.02781273,0.07896115,0.0,0.0,0.0,0.0
2.38214,0.38,2.284,2.301,0.02782044,0.07905425,0.0,0.0,0.02782044,0.07905425,0.0,0.0,0.0,0.0
2.38311,0.38,2.285,2.302,0.02782815,0.07914743,0.0,0.0,0.02782815,0.07914743,0.0,0.0,0.0,0.0
2.38407,0.38,2.286,2.303,0.02783586,0.07924071,0.0,0.0,0.02783586,0.07924071,0.0,0.0,0.0,0.0
2.38504,0.38,2.287,2.304,0.02784357,0.07933408,0.0,0.0,0.02784357,0.07933408,0.0,0.0,0.0,0.0
2.386,0.38,2.288,2.305,0.02785127,0.07942754,0.0,0.0,0.02785127,0.07942754,0.0,0.0,0.0,0.0
2.38697,0.38,2.289,2.306,0.02785898,0.07952109,0.0,0.0,0.02785898,0.07952109,0.0,0.0,0.0,0.0
2.38794,0.38,2.29,2.307,0.02786669,0.07961473,0.0,0.0,0.02786669,0.07961473,0.0,0.0,0.0,0.0
2.3889,0.38,2.291,2.308,0.0278744,0.07970846,0.0,0.0,0.0278744,0.07970846,0.0,0.0,0.0,0.0
2.38987,0.38,2.292,2.309,0.0278821,0.07980229,0.0,0.0,0.0278821,0.07980229,0.0,0.0,0.0,0.0
2.39083,0.38,2.293,2.31,0.02788981,0.07989621,0.0,0.0,0.02788981,0.07989621,0.0,0.0,0.0,0.0
2.3918,0.38,2.294,2.311,0.02789751,0.07999022,0.0,0.0,0.02789751,0.07999022,0.0,0.0,0.0,0.0
2.39277,0.38,2.295,2.312,0.02790522,0.08008432,0.0,0.0,0.02790522,0.08008432,0.0,0.0,0.0,0.0
2.39373,0.38,2.296,2.313,0.02791293,0.08017851,0.0,0.0,0.02791293,0.08017851,0.0,0.0,0.0,0.0
2.3947,0.38,2.297,2.314,0.02792063,0.08027279,0.0,0.0,0.02792063,0.08027279,0.0,0.0,0.0,0.0
2.39567,0.38,2.298,2.315,0.02792834,0.08036717,0.0,0.0,0.02792834,0.08036717,0.0,0.0,0.0,0.0
2.39663,0.38,2.299,2.316,0.02793604,0.08046164,0.0,0.0,0.02793604,0.08046164,0.0,0.0,0.0,0.0
2.3976,0.38,2.3,2.317,0.02794374,0.0805562,0.0,0.0,0.02794374,0.0805562,0.0,0.0,0.0,0.0
2.39857,0.38,2.301,2.318,0.02795145,0.08065085,0.0,0.0,0.02795145,0.08065085,0.0,0.0,0.0,0.0
2.39953,0.38,2.302,2.319,0.02795915,0.08074559,0.0,0.0,0.02795915,0.08074559,0.0,0.0,0.0,0.0
2.4005,0.38,2.303,2.32,0.02796685,0.08084043,0.0,0.0,0.02796685,0.08084043,0.0,0.0,0.0,0.0
2.40146,0.38,2.304,2.321,0.02797456,0.08093536,0.0,0.0,0.02797456,0.08093536,0.0,0.0,0.0,0.0
2.40243,0.38,2.305,2.322,0.02798226,0.08103039,0.0,0.0,0.02798226,0.08103039,0.0,0.0,0.0,0.0
2.4034,0.38,2.306,2.323,0.02798996,0.0811255,0.0,0.0,0.02798996,0.0811255,0.0,0.0,0.0,0.0
2.40436,0.38,2.307,2.324,0.02799767,0.08122071,0.0,0.0,0.02799767,0.08122071,0.0,0.0,0.0,0.0
2.40533,0.38,2.308,2.325,0.02800537,0.08131601,0.0,0.0,0.02800537,0.08131601,0.0,0.0,0.0,0.0
2.4063,0.38,2.309,2.326,0.02801307,0.08141141,0.0,0.0,0.02801307,0.08141141,0.0,0.0,0.0,0.0
2.40726,0.38,2.31,2.327,0.02802077,0.08150689,0.0,0.0,0.02802077,0.08150689,0.0,0.0,0.0,0.0
2.40823,0.38,2.311,2.328,0.02802847,0.08160248,0.0,0.0,0.02802847,0.08160248,0.0,0.0,0.0,0.0
2.4092,0.38,2.312,2.329,0.02803617,0.08169815,0.0,0.0,0.02803617,0.08169815,0.0,0.0,0.0,0.0
2.41016,0.38,2.313,2.33,0.02804387,0.08179392,0.0,0.0,0.02804387,0.08179392,0.0,0.0,0.0,0.0
2.41113,0.38,2.314,2.331,0.02805157,0.08188978,0.0,0.0,0.02805157,0.08188978,0.0,0.0,0.0,0.0
2.4121,0.38,2.315,2.332,0.02805927,0.08198573,0.0,0.0,0.02805927,0.08198573,0.0,0.0,0.0,0.0
2.41306,0.38,2.316,2.333,0.02806697,0.08208178,0.0,0.0,0.02806697,0.08208178,0.0,0.0,0.0,0.0
2.41403,0.38,2.317,2.334,0.02807467,0.08217792,0.0,0.0,0.02807467,0.08217792,0.0,0.0,0.0,0.0
2.415,0.38,2.318,2.335,0.02808237,0.08227416,0.0,0.0,0.02808237,0.08227416,0.0,0.0,0.0,0.0
2.41596,0.38,2.319,2.336,0.02809007,0.08237049,0.0,0.0,0.02809007,0.08237049,0.0,0.0,0.0,0.0
2.41693,0.38,2.32,2.337,0.02809777,0.08246691,0.0,0.0,0.02809777,0.08246691,0.0,0.0,0.0,0.0
2.4179,0.38,2.321,2.338,0.02810547,0.08256343,0.0,0.0,0.02810547,0.08256343,0.0,0.0,0.0,0.0
2.41887,0.38,2.322,2.339,0.02811317,0.08266004,0.0,0.0,0.02811317,0.08266004,0.0,0.0,0.0,0.0
2.41983,0.38,2.323,2.34,0.02812087,0.08275675,0.0,0.0,0.02812087,0.08275675,0.0,0.0,0.0,0.0
2.4208,0.38,2.324,2.341,0.02812856,0.08285355,0.0,0.0,0.02812856,0.08285355,0.0,0.0,0.0,0.0
2.42177,0.38,2.325,2.342,0.02813626,0.08295044,0.0,0.0,0.02813626,0.08295044,0.0,0.0,0.0,0.0
2.42273,0.38,2.326,2.343,0.02814396,0.08304743,0.0,0.0,0.02814396,0.08304743,0.0,0.0,0.0,0.0
2.4237,0.38,2.327,2.344,0.02815166,0.08314452,0.0,0.0,0.02815166,0.08314452,0.0,0.0,0.0,0.0
2.42467,0.38,2.328,2.345,0.02815935,0.08324169,0.0,0.0,0.02815935,0.08324169,0.0,0.0,0.0,0.0
2.42564,0.38,2.329,2.346,0.02816705,0.08333897,0.0,0.0,0.02816705,0.08333897,0.0,0.0,0.0,0.0
2.4266,0.38,2.33,2.347,0.02817475,0.08343634,0.0,0.0,0.02817475,0.08343634,0.0,0.0,0.0,0.0
2.42757,0.38,2.331,2.348,0.02818244,0.0835338,0.0,0.0,0.02818244,0.0835338,0.0,0.0,0.0,0.0
2.42854,0.38,2.332,2.349,0.02819014,0.08363136,0.0,0.0,0.02819014,0.08363136,0.0,0.0,0.0,0.0
2.4295,0.38,2.333,2.35,0.02819783,0.08372901,0.0,0.0,0.02819783,0.08372901,0.0,0.0,0.0,0.0
2.43047,0.38,2.334,2.351,0.02820553,0.08382676,0.0,0.0,0.02820553,0.08382676,0.0,0.0,0.0,0.0
2.43144,0.38,2.335,2.352,0.02821323,0.0839246,0.0,0.0,0.02821323,0.0839246,0.0,0.0,0.0,0.0
2.43241,0.38,2.336,2.353,0.02822092,0.08402254,0.0,0.0,0.02822092,0.08402254,0.0,0.0,0.0,0.0
2.43337,0.38,2.337,2.354,0.02822862,0.08412057,0.0,0.0,0.02822862,0.08412057,0.0,0.0,0.0,0.0
2.43434,0.38,2.338,2.355,0.02823631,0.0842187,0.0,0.0,0.02823631,0.0842187,0.0,0.0,0.0,0.0
2.43531,0.38,2.339,2.356,0.02824401,0.08431693,0.0,0.0,0.02824401,0.08431693,0.0,0.0,0.0,0.0
2.43628,0.38,2.34,2.357,0.0282517,0.08441525,0.0,0.0,0.0282517,0.08441525,0.0,0.0,0.0,0.0
2.43724,0.38,2.341,2.358,0.02825939,0.08451366,0.0,0.0,0.02825939,0.08451366,0.0,0.0,0.0,0.0
2.43821,0.38,2.342,2.359,0.02826709,0.08461217,0.0,0.0,0.02826709,0.08461217,0.0,0.0,0.0,0.0
2.43918,0.38,2.343,2.36,0.02827478,0.08471078,0.0,0.0,0.02827478,0.08471078,0.0,0.0,0.0,0.0
2.44015,0.38,2.344,2.361,0.02828248,0.08480949,0.0,0.0,0.02828248,0.08480949,0.0,0.0,0.0,0.0
2.44111,0.38,2.345,2.362,0.02829017,0.08490829,0.0,0.0,0.02829017,0.08490829,0.0,0.0,0.0,0.0
2.44208,0.38,2.346,2.363,0.02829786,0.08500718,0.0,0.0,0.02829786,0.08500718,0.0,0.0,0.0,0.0
2.44305,0.38,2.347,2.364,0.02830556,0.08510617,0.0,0.0,0.02830556,0.08510617,0.0,0.0,0.0,0.0
2.44402,0.38,2.348,2.365,0.02831325,0.08520526,0.0,0.0,0.02831325,0.08520526,0.0,0.0,0.0,0.0
2.44498,0.38,2.349,2.366,0.02832094,0.08530445,0.0,0.0,0.02832094,0.08530445,0.0,0.0,0.0,0.0
2.44595,0.38,2.35,2.367,0.02832863,0.08540373,0.0,0.0,0.02832863,0.08540373,0.0,0.0,0.0,0.0
2.44692,0.38,2.351,2.368,0.02833633,0.08550311,0.0,0.0,0.02833633,0.08550311,0.0,0.0,0.0,0.0
2.44789,0.38,2.352,2.369,0.02834402,0.08560258,0.0,0.0,0.02834402,0.08560258,0.0,0.0,0.0,0.0
2.44885,0.38,2.353,2.37,0.02835171,0.08570215,0.0,0.0,0.02835171,0.08570215,0.0,0.0,0.0,0.0
2.44982,0.38,2.354,2.371,0.0283594,0.08580182,0.0,0.0,0.0283594,0.08580182,0.0,0.0,0.0,0.0
2.45079,0.38,2.355,2.372,0.02836709,0.08590158,0.0,0.0,0.02836709,0.08590158,0.0,0.0,0.0,0.0
2.45176,0.38,2.356,2.373,0.02837478,0.08600145,0.0,0.0,0.02837478,0.08600145,0.0,0.0,0.0,0.0
2.45273,0.38,2.357,2.374,0.02838248,0.0861014,0.0,0.0,0.02838248,0.0861014,0.0,0.0,0.0,0.0
2.45369,0.38,2.358,2.375,0.02839017,0.08620146,0.0,0.0,0.02839017,0.08620146,0.0,0.0,0.0,0.0
2.45466,0.38,2.359,2.376,0.02839786,0.08630161,0.0,0.0,0.02839786,0.08630161,0.0,0.0,0.0,0.0
2.45563,0.38,2.36,2.377,0.02840555,0.08640186,0.0,0.0,0.02840555,0.08640186,0.0,0.0,0.0,0.0
2.4566,0.38,2.361,2.378,0.02841324,0.08650221,0.0,0.0,0.02841324,0.08650221,0.0,0.0,0.0,0.0
2.45757,0.38,2.362,2.379,0.02842093,0.08660265,0.0,0.0,0.02842093,0.08660265,0.0,0.0,0.0,0.0
2.45853,0.38,2.363,2.38,0.02842862,0.0867032,0.0,0.0,0.02842862,0.0867032,0.0,0.0,0.0,0.0
2.4595,0.38,2.364,2.381,0.02843631,0.08680384,0.0,0.0,0.02843631,0.08680384,0.0,0.0,0.0,0.0
2.46047,0.38,2.365,2.382,0.028444,0.08690457,0.0,0.0,0.028444,0.08690457,0.0,0.0,0.0,0.0
2.46144,0.38,2.366,2.383,0.02845169,0.08700541,0.0,0.0,0.02845169,0.08700541,0.0,0.0,0.0,0.0
2.46241,0.38,2.367,2.384,0.02845938,0.08710634,0.0,0.0,0.02845938,0.08710634,0.0,0.0,0.0,0.0
2.46337,0.38,2.368,2.385,0.02846707,0.08720737,0.0,0.0,0.02846707,0.08720737,0.0,0.0,0.0,0.0
2.46434,0.38,2.369,2.386,0.02847476,0.0873085,0.0,0.0,0.02847476,0.0873085,0.0,0.0,0.0,0.0
2.46531,0.38,2.37,2.387,0.02848245,0.08740973,0.0,0.0,0.02848245,0.08740973,0.0,0.0,0.0,0.0
2.46628,0.38,2.371,2.388,0.02849014,0.08751106,0.0,0.0,0.02849014,0.08751106,0.0,0.0,0.0,0.0
2.46725,0.38,2.372,2.389,0.02849782,0.08761248,0.0,0.0,0.02849782,0.08761248,0.0,0.0,0.0,0.0
2.46822,0.38,2.373,2.39,0.02850551,0.087714,0.0,0.0,0.02850551,0.087714,0.0,0.0,0.0,0.0
2.46918,0.38,2.374,2.391,0.0285132,0.08781562,0.0,0.0,0.0285132,0.08781562,0.0,0.0,0.0,0.0
2.47015,0.38,2.375,2.392,0.02852089,0.08791734,0.0,0.0,0.02852089,0.08791734,0.0,0.0,0.0,0.0
2.47112,0.38,2.376,2.393,0.02852858,0.08801916,0.0,0.0,0.02852858,0.08801916,0.0,0.0,0.0,0.0
2.47209,0.38,2.377,2.394,0.02853627,0.08812107,0.0,0.0,0.02853627,0.08812107,0.0,0.0,0.0,0.0
2.47306,0.38,2.378,2.395,0.02854395,0.08822309,0.0,0.0,0.02854395,0.08822309,0.0,0.0,0.0,0.0
2.47403,0.38,2.379,2.396,0.02855164,0.0883252,0.0,0.0,0.02855164,0.0883252,0.0,0.0,0.0,0.0
2.47499,0.38,2.38,2.397,0.02855933,0.08842741,0.0,0.0,0.02855933,0.08842741,0.0,0.0,0.0,0.0
2.47596,0.38,2.381,2.398,0.02856702,0.08852972,0.0,0.0,0.02856702,0.08852972,0.0,0.0,0.0,0.0
2.47693,0.38,2.382,2.399,0.0285747,0.08863213,0.0,0.0,0.0285747,0.08863213,0.0,0.0,0.0,0.0
2.4779,0.38,2.383,2.4,0.02858239,0.08873464,0.0,0.0,0.02858239,0.08873464,0.0,0.0,0.0,0.0
2.47887,0.38,2.384,2.401,0.02859008,0.08883725,0.0,0.0,0.02859008,0.08883725,0.0,0.0,0.0,0.0
2.47984,0.38,2.385,2.402,0.02859777,0.08893995,0.0,0.0,0.02859777,0.08893995,0.0,0.0,0.0,0.0
2.48081,0.38,2.386,2.403,0.02860545,0.08904276,0.0,0.0,0.02860545,0.08904276,0.0,0.0,0.0,0.0
2.48177,0.38,2.387,2.404,0.02861314,0.08914567,0.0,0.0,0.02861314,0.08914567,0.0,0.0,0.0,0.0
2.48274,0.38,2.388,2.405,0.02862083,0.08924867,0.0,0.0,0.02862083,0.08924867,0.0,0.0,0.0,0.0
2.48371,0.38,2.389,2.406,0.02862851,0.08935178,0.0,0.0,0.02862851,0.08935178,0.0,0.0,0.0,0.0
2.48468,0.38,2.39,2.407,0.0286362,0.08945498,0.0,0.0,0.0286362,0.08945498,0.0,0.0,0.0,0.0
2.48565,0.38,2.391,2.408,0.02864389,0.08955828,0.0,0.0,0.02864389,0.08955828,0.0,0.0,0.0,0.0
2.48662,0.38,2.392,2.409,0.02865157,0.08966169,0.0,0.0,0.02865157,0.08966169,0.0,0.0,0.0,0.0
2.48759,0.38,2.393,2.41,0.02865926,0.08976519,0.0,0.0,0.02865926,0.08976519,0.0,0.0,0.0,0.0
2.48856,0.38,2.394,2.411,0.02866694,0.08986879,0.0,0.0,0.02866694,0.08986879,0.0,0.0,0.0,0.0
2.48952,0.38,2.395,2.412,0.02867463,0.0899725,0.0,0.0,0.02867463,0.0899725,0.0,0.0,0.0,0.0
2.49049,0.38,2.396,2.413,0.02868232,0.0900763,0.0,0.0,0.02868232,0.0900763,0.0,0.0,0.0,0.0
2.49146,0.38,2.397,2.414,0.02869,0.0901802,0.0,0.0,0.02869,0.0901802,0.0,0.0,0.0,0.0
2.49243,0.38,2.398,2.415,0.02869769,0.09028421,0.0,0.0,0.02869769,0.09028421,0.0,0.0,0.0,0.0
2.4934,0.38,2.399,2.416,0.02870537,0.09038831,0.0,0.0,0.02870537,0.09038831,0.0,0.0,0.0,0.0
2.49437,0.38,2.4,2.417,0.02871306,0.09049252,0.0,0.0,0.02871306,0.09049252,0.0,0.0,0.0,0.0
2.49534,0.38,2.401,2.418,0.02872074,0.09059682,0.0,0.0,0.02872074,0.09059682,0.0,0.0,0.0,0.0
2.49631,0.38,2.402,2.419,0.02872843,0.09070122,0.0,0.0,0.02872843,0.09070122,0.0,0.0,0.0,0.0
2.49728,0.38,2.403,2.42,0.02873611,0.09080573,0.0,0.0,0.02873611,0.09080573,0.0,0.0,0.0,0.0
2.49825,0.38,2.404,2.421,0.0287438,0.09091034,0.0,0.0,0.0287438,0.09091034,0.0,0.0,0.0,0.0
2.49921,0.38,2.405,2.422,0.02875148,0.09101504,0.0,0.0,0.02875148,0.09101504,0.0,0.0,0.0,0.0
2.50018,0.38,2.406,2.423,0.02875917,0.09111985,0.0,0.0,0.02875917,0.09111985,0.0,0.0,0.0,0.0
2.50115,0.38,2.407,2.424,0.02876685,0.09122476,0.0,0.0,0.02876685,0.09122476,0.0,0.0,0.0,0.0
2.50212,0.38,2.408,2.425,0.02877454,0.09132977,0.0,0.0,0.02877454,0.09132977,0.0,0.0,0.0,0.0
2.50309,0.38,2.409,2.426,0.02878222,0.09143488,0.0,0.0,0.02878222,0.09143488,0.0,0.0,0.0,0.0
2.50406,0.38,2.41,2.427,0.02878991,0.09154009,0.0,0.0,0.02878991,0.09154009,0.0,0.0,0.0,0.0
2.50503,0.38,2.411,2.428,0.02879759,0.09164541,0.0,0.0,0.02879759,0.09164541,0.0,0.0,0.0,0.0
2.506,0.38,2.412,2.429,0.02880528,0.09175082,0.0,0.0,0.02880528,0.09175082,0.0,0.0,0.0,0.0
2.50697,0.38,2.413,2.43,0.02881296,0.09185634,0.0,0.0,0.02881296,0.09185634,0.0,0.0,0.0,0.0
2.50794,0.38,2.414,2.431,0.02882065,0.09196195,0.0,0.0,0.02882065,0.09196195,0.0,0.0,0.0,0.0
2.50891,0.38,2.415,2.432,0.02882833,0.09206767,0.0,0.0,0.02882833,0.09206767,0.0,0.0,0.0,0.0
2.50988,0.38,2.416,2.433,0.02883601,0.09217349,0.0,0.0,0.02883601,0.09217349,0.0,0.0,0.0,0.0
2.51085,0.38,2.417,2.434,0.0288437,0.09227941,0.0,0.0,0.0288437,0.09227941,0.0,0.0,0.0,0.0
2.51182,0.38,2.418,2.435,0.02885138,0.09238544,0.0,0.0,0.02885138,0.09238544,0.0,0.0,0.0,0.0
2.51278,0.38,2.419,2.436,0.02885907,0.09249156,0.0,0.0,0.02885907,0.09249156,0.0,0.0,0.0,0.0
2.51375,0.38,2.42,2.437,0.02886675,0.09259779,0.0,0.0,0.02886675,0.09259779,0.0,0.0,0.0,0.0
2.51472,0.38,2.421,2.438,0.02887443,0.09270412,0.0,0.0,0.02887443,0.09270412,0.0,0.0,0.0,0.0
2.51569,0.38,2.422,2.439,0.02888212,0.09281055,0.0,0.0,0.02888212,0.09281055,0.0,0.0,0.0,0.0
2.51666,0.38,2.423,2.44,0.0288898,0.09291708,0.0,0.0,0.0288898,0.09291708,0.0,0.0,0.0,0.0
2.51763,0.38,2.424,2.441,0.02889748,0.09302371,0.0,0.0,0.02889748,0.09302371,0.0,0.0,0.0,0.0
2.5186,0.38,2.425,2.442,0.02890517,0.09313045,0.0,0.0,0.02890517,0.09313045,0.0,0.0,0.0,0.0
2.51957,0.38,2.426,2.443,0.02891285,0.09323729,0.0,0.0,0.02891285,0.09323729,0.0,0.0,0.0,0.0
2.52054,0.38,2.427,2.444,0.02892053,0.09334423,0.0,0.0,0.02892053,0.09334423,0.0,0.0,0.0,0.0
2.52151,0.38,2.428,2.445,0.02892822,0.09345127,0.0,0.0,0.02892822,0.09345127,0.0,0.0,0.0,0.0
2.52248,0.38,2.429,2.446,0.0289359,0.09355842,0.0,0.0,0.0289359,0.09355842,0.0,0.0,0.0,0.0
2.52345,0.38,2.43,2.447,0.02894358,0.09366567,0.0,0.0,0.02894358,0.09366567,0.0,0.0,0.0,0.0
2.52442,0.38,2.431,2.448,0.02895127,0.09377302,0.0,0.0,0.02895127,0.09377302,0.0,0.0,0.0,0.0
2.52539,0.38,2.432,2.449,0.02895895,0.09388048,0.0,0.0,0.02895895,0.09388048,0.0,0.0,0.0,0.0
2.52636,0.38,2.433,2.45,0.02896663,0.09398803,0.0,0.0,0.02896663,0.09398803,0.0,0.0,0.0,0.0
2.52733,0.38,2.434,2.451,0.02897432,0.09409569,0.0,0.0,0.02897432,0.09409569,0.0,0.0,0.0,0.0
2.5283,0.38,2.435,2.452,0.028982,0.09420345,0.0,0.0,0.028982,0.09420345,0.0,0.0,0.0,0.0
2.52927,0.38,2.436,2.453,0.02898968,0.09431132,0.0,0.0,0.02898968,0.09431132,0.0,0.0,0.0,0.0
2.53024,0.38,2.437,2.454,0.02899736,0.09441929,0.0,0.0,0.02899736,0.09441929,0.0,0.0,0.0,0.0
2.53121,0.38,2.438,2.455,0.02900505,0.09452736,0.0,0.0,0.02900505,0.09452736,0.0,0.0,0.0,0.0
2.53218,0.38,2.439,2.456,0.02901273,0.09463553,0.0,0.0,0.02901273,0.09463553,0.0,0.0,0.0,0.0
2.53315,0.38,2.44,2.457,0.02902041,0.09474381,0.0,0.0,0.02902041,0.09474381,0.0,0.0,0.0,0.0
2.53412,0.38,2.441,2.458,0.0290281,0.09485219,0.0,0.0,0.0290281,0.09485219,0.0,0.0,0.0,0.0
2.53509,0.38,2.442,2.459,0.02903578,0.09496068,0.0,0.0,0.02903578,0.09496068,0.0,0.0,0.0,0.0
2.53606,0.38,2.443,2.46,0.02904346,0.09506927,0.0,0.0,0.02904346,0.09506927,0.0,0.0,0.0,0.0
2.53703,0.38,2.444,2.461,0.02905114,0.09517796,0.0,0.0,0.02905114,0.09517796,0.0,0.0,0.0,0.0
2.538,0.38,2.445,2.462,0.02905883,0.09528675,0.0,0.0,0.02905883,0.09528675,0.0,0.0,0.0,0.0
2.53897,0.38,2.446,2.463,0.02906651,0.09539565,0.0,0.0,0.02906651,0.09539565,0.0,0.0,0.0,0.0
2.53994,0.38,2.447,2.464,0.02907419,0.09550466,0.0,0.0,0.02907419,0.09550466,0.0,0.0,0.0,0.0
2.54091,0.38,2.448,2.465,0.02908187,0.09561376,0.0,0.0,0.02908187,0.09561376,0.0,0.0,0.0,0.0
2.54188,0.38,2.449,2.466,0.02908956,0.09572297,0.0,0.0,0.02908956,0.09572297,0.0,0.0,0.0,0.0
2.54285,0.38,2.45,2.467,0.02909724,0.09583229,0.0,0.0,0.02909724,0.09583229,0.0,0.0,0.0,0.0
2.54382,0.38,2.451,2.468,0.02910492,0.09594171,0.0,0.0,0.02910492,0.09594171,0.0,0.0,0.0,0.0
2.54479,0.38,2.452,2.469,0.0291126,0.09605123,0.0,0.0,0.0291126,0.09605123,0.0,0.0,0.0,0.0
2.54576,0.38,2.453,2.47,0.02912029,0.09616086,0.0,0.0,0.02912029,0.09616086,0.0,0.0,0.0,0.0
2.54673,0.38,2.454,2.471,0.02912797,0.09627059,0.0,0.0,0.02912797,0.09627059,0.0,0.0,0.0,0.0
2.5477,0.38,2.455,2.472,0.02913565,0.09638042,0.0,0.0,0.02913565,0.09638042,0.0,0.0,0.0,0.0
2.54867,0.38,2.456,2.473,0.02914333,0.09649036,0.0,0.0,0.02914333,0.09649036,0.0,0.0,0.0,0.0
2.54964,0.38,2.457,2.474,0.02915102,0.0966004,0.0,0.0,0.02915102,0.0966004,0.0,0.0,0.0,0.0
2.55061,0.38,2.458,2.475,0.0291587,0.09671055,0.0,0.0,0.0291587,0.09671055,0.0,0.0,0.0,0.0
2.55158,0.38,2.459,2.476,0.02916638,0.09682081,0.0,0.0,0.02916638,0.09682081,0.0,0.0,0.0,0.0
2.55255,0.38,2.46,2.477,0.02917406,0.09693116,0.0,0.0,0.02917406,0.09693116,0.0,0.0,0.0,0.0
2.55352,0.38,2.461,2.478,0.02918174,0.09704163,0.0,0.0,0.02918174,0.09704163,0.0,0.0,0.0,0.0
2.55449,0.38,2.462,2.479,0.02918943,0.09715219,0.0,0.0,0.02918943,0.09715219,0.0,0.0,0.0,0.0
2.55546,0.38,2.463,2.48,0.02919711,0.09726286,0.0,0.0,0.02919711,0.09726286,0.0,0.0,0.0,0.0
2.55643,0.38,2.464,2.481,0.02920479,0.09737364,0.0,0.0,0.02920479,0.09737364,0.0,0.0,0.0,0.0
2.5574,0.38,2.465,2.482,0.02921247,0.09748452,0.0,0.0,0.02921247,0.09748452,0.0,0.0,0.0,0.0
2.55837,0.38,2.466,2.483,0.02922016,0.09759551,0.0,0.0,0.02922016,0.09759551,0.0,0.0,0.0,0.0
2.55934,0.38,2.467,2.484,0.02922784,0.0977066,0.0,0.0,0.02922784,0.0977066,0.0,0.0,0.0,0.0
2.56032,0.38,2.468,2.485,0.02923552,0.0978178,0.0,0.0,0.02923552,0.0978178,0.0,0.0,0.0,0.0
2.56129,0.38,2.469,2.486,0.0292432,0.0979291,0.0,0.0,0.0292432,0.0979291,0.0,0.0,0.0,0.0
2.56226,0.38,2.47,2.487,0.02925089,0.09804051,0.0,0.0,0.02925089,0.09804051,0.0,0.0,0.0,0.0
2.56323,0.38,2.471,2.488,0.02925857,0.09815202,0.0,0.0,0.02925857,0.09815202,0.0,0.0,0.0,0.0
2.5642,0.38,2.472,2.489,0.02926625,0.09826364,0.0,0.0,0.02926625,0.09826364,0.0,0.0,0.0,0.0
2.56517,0.38,2.473,2.49,0.02927393,0.09837536,0.0,0.0,0.02927393,0.09837536,0.0,0.0,0.0,0.0
2.56614,0.38,2.474,2.491,0.02928161,0.09848719,0.0,0.0,0.02928161,0.09848719,0.0,0.0,0.0,0.0
2.56711,0.38,2.475,2.492,0.0292893,0.09859913,0.0,0.0,0.0292893,0.09859913,0.0,0.0,0.0,0.0
2.56808,0.38,2.476,2.493,0.02929698,0.09871117,0.0,0.0,0.02929698,0.09871117,0.0,0.0,0.0,0.0
2.56905,0.38,2.477,2.494,0.02930466,0.09882331,0.0,0.0,0.02930466,0.09882331,0.0,0.0,0.0,0.0
2.57002,0.38,2.478,2.495,0.02931234,0.09893557,0.0,0.0,0.02931234,0.09893557,0.0,0.0,0.0,0.0
2.57099,0.38,2.479,2.496,0.02932003,0.09904792,0.0,0.0,0.02932003,0.09904792,0.0,0.0,0.0,0.0
2.57196,0.38,2.48,2.497,0.02932771,0.09916039,0.0,0.0,0.02932771,0.09916039,0.0,0.0,0.0,0.0
2.57293,0.38,2.481,2.498,0.02933539,0.09927296,0.0,0.0,0.02933539,0.09927296,0.0,0.0,0.0,0.0
2.57391,0.38,2.482,2.499,0.02934308,0.09938563,0.0,0.0,0.02934308,0.09938563,0.0,0.0,0.0,0.0
2.57488,0.38,2.483,2.5,0.02935076,0.09949842,0.0,0.0,0.02935076,0.09949842,0.0,0.0,0.0,0.0
2.57585,0.38,2.484,2.501,0.02935844,0.09961131,0.0,0.0,0.02935844,0.09961131,0.0,0.0,0.0,0.0
2.57682,0.38,2.485,2.502,0.02936612,0.0997243,0.0,0.0,0.02936612,0.0997243,0.0,0.0,0.0,0.0
2.57779,0.38,2.486,2.503,0.02937381,0.0998374,0.0,0.0,0.02937381,0.0998374,0.0,0.0,0.0,0.0
2.57876,0.38,2.487,2.504,0.02938149,0.09995061,0.0,0.0,0.02938149,0.09995061,0.0,0.0,0.0,0.0
2.57973,0.38,2.488,2.505,0.02938917,0.1000639,0.0,0.0,0.02938917,0.1000639,0.0,0.0,0.0,0.0
2.5807,0.38,2.489,2.506,0.02939685,0.1001773,0.0,0.0,0.02939685,0.1001773,0.0,0.0,0.0,0.0
2.58167,0.38,2.49,2.507,0.02940454,0.1002909,0.0,0.0,0.02940454,0.1002909,0.0,0.0,0.0,0.0
2.58264,0.38,2.491,2.508,0.02941222,0.1004045,0.0,0.0,0.02941222,0.1004045,0.0,0.0,0.0,0.0
2.58362,0.38,2.492,2.509,0.0294199,0.1005182,0.0,0.0,0.0294199,0.1005182,0.0,0.0,0.0,0.0
2.58459,0.38,2.493,2.51,0.02942759,0.1006321,0.0,0.0,0.02942759,0.1006321,0.0,0.0,0.0,0.0
2.58556,0.38,2.494,2.511,0.02943527,0.100746,0.0,0.0,0.02943527,0.100746,0.0,0.0,0.0,0.0
2.58653,0.38,2.495,2.512,0.02944295,0.1008601,0.0,0.0,0.02944295,0.1008601,0.0,0.0,0.0,0.0
2.5875,0.38,2.496,2.513,0.02945064,0.1009743,0.0,0.0,0.02945064,0.1009743,0.0,0.0,0.0,0.0
2.58847,0.38,2.497,2.514,0.02945832,0.1010886,0.0,0.0,0.02945832,0.1010886,0.0,0.0,0.0,0.0
2.58944,0.38,2.498,2.515,0.029466,0.1012029,0.0,0.0,0.029466,0.1012029,0.0,0.0,0.0,0.0
2.59041,0.38,2.499,2.516,0.02947369,0.1013174,0.0,0.0,0.02947369,0.1013174,0.0,0.0,0.0,0.0
2.59139,0.38,2.5,2.517,0.02948137,0.101432,0.0,0.0,0.02948137,0.101432,0.0,0.0,0.0,0.0
2.59236,0.38,2.501,2.518,0.02948906,0.1015467,0.0,0.0,0.02948906,0.1015467,0.0,0.0,0.0,0.0
2.59333,0.38,2.502,2.519,0.02949674,0.1016615,0.0,0.0,0.02949674,0.1016615,0.0,0.0,0.0,0.0
2.5943,0.38,2.503,2.52,0.02950442,0.1017765,0.0,0.0,0.02950442,0.1017765,0.0,0.0,0.0,0.0
2.59527,0.38,2.504,2.521,0.02951211,0.1018915,0.0,0.0,0.02951211,0.1018915,0.0,0.0,0.0,0.0
2.59624,0.38,2.505,2.522,0.02951979,0.1020066,0.0,0.0,0.02951979,0.1020066,0.0,0.0,0.0,0.0
2.59721,0.38,2.506,2.523,0.02952748,0.1021219,0.0,0.0,0.02952748,0.1021219,0.0,0.0,0.0,0.0
2.59819,0.38,2.507,2.524,0.02953516,0.1022372,0.0,0.0,0.02953516,0.1022372,0.0,0.0,0.0,0.0
2.59916,0.38,2.508,2.525,0.02954285,0.1023527,0.0,0.0,0.02954285,0.1023527,0.0,0.0,0.0,0.0
2.60013,0.38,2.509,2.526,0.02955053,0.1024682,0.0,0.0,0.02955053,0.1024682,0.0,0.0,0.0,0.0
2.6011,0.38,2.51,2.527,0.02955821,0.1025839,0.0,0.0,0.02955821,0.1025839,0.0,0.0,0.0,0.0
2.60207,0.38,2.511,2.528,0.0295659,0.1026997,0.0,0.0,0.0295659,0.1026997,0.0,0.0,0.0,0.0
2.60304,0.38,2.512,2.529,0.02957358,0.1028156,0.0,0.0,0.02957358,0.1028156,0.0,0.0,0.0,0.0
2.60401,0.38,2.513,2.53,0.02958127,0.1029316,0.0,0.0,0.02958127,0.1029316,0.0,0.0,0.0,0.0
2.60499,0.38,2.514,2.531,0.02958895,0.1030477,0.0,0.0,0.02958895,0.1030477,0.0,0.0,0.0,0.0
2.60596,0.38,2.515,2.532,0.02959664,0.1031639,0.0,0.0,0.02959664,0.1031639,0.0,0.0,0.0,0.0
2.60693,0.38,2.516,2.533,0.02960432,0.1032802,0.0,0.0,0.02960432,0.1032802,0.0,0.0,0.0,0.0
2.6079,0.38,2.517,2.534,0.02961201,0.1033966,0.0,0.0,0.02961201,0.1033966,0.0,0.0,0.0,0.0
2.60887,0.38,2.518,2.535,0.0296197,0.1035132,0.0,0.0,0.0296197,0.1035132,0.0,0.0,0.0,0.0
2.60984,0.38,2.519,2.536,0.02962738,0.1036298,0.0,0.0,0.02962738,0.1036298,0.0,0.0,0.0,0.0
2.61082,0.38,2.52,2.537,0.02963507,0.1037466,0.0,0.0,0.02963507,0.1037466,0.0,0.0,0.0,0.0
2.61179,0.38,2.521,2.538,0.02964275,0.1038634,0.0,0.0,0.02964275,0.1038634,0.0,0.0,0.0,0.0
2.61276,0.38,2.522,2.539,0.02965044,0.1039804,0.0,0.0,0.02965044,0.1039804,0.0,0.0,0.0,0.0
2.61373,0.38,2.523,2.54,0.02965813,0.1040975,0.0,0.0,0.02965813,0.1040975,0.0,0.0,0.0,0.0
2.6147,0.38,2.524,2.541,0.02966581,0.1042147,0.0,0.0,0.02966581,0.1042147,0.0,0.0,0.0,0.0
2.61567,0.38,2.525,2.542,0.0296735,0.104332,0.0,0.0,0.0296735,0.104332,0.0,0.0,0.0,0.0
2.61665,0.38,2.526,2.543,0.02968119,0.1044494,0.0,0.0,0.02968119,0.1044494,0.0,0.0,0.0,0.0
2.61762,0.38,2.527,2.544,0.02968887,0.1045669,0.0,0.0,0.02968887,0.1045669,0.0,0.0,0.0,0.0
2.61859,0.38,2.528,2.545,0.02969656,0.1046845,0.0,0.0,0.02969656,0.1046845,0.0,0.0,0.0,0.0
2.61956,0.38,2.529,2.546,0.02970425,0.1048023,0.0,0.0,0.02970425,0.1048023,0.0,0.0,0.0,0.0
2.62053,0.38,2.53,2.547,0.02971194,0.1049201,0.0,0.0,0.02971194,0.1049201,0.0,0.0,0.0,0.0
2.62151,0.38,2.531,2.548,0.02971962,0.1050381,0.0,0.0,0.02971962,0.1050381,0.0,0.0,0.0,0.0
2.62248,0.38,2.532,2.549,0.02972731,0.1051561,0.0,0.0,0.02972731,0.1051561,0.0,0.0,0.0,0.0
2.62345,0.38,2.533,2.55,0.029735,0.1052743,0.0,0.0,0.029735,0.1052743,0.0,0.0,0.0,0.0
2.62442,0.38,2.534,2.551,0.02974269,0.1053926,0.0,0.0,0.02974269,0.1053926,0.0,0.0,0.0,0.0
2.62539,0.38,2.535,2.552,0.02975038,0.105511,0.0,0.0,0.02975038,0.105511,0.0,0.0,0.0,0.0
2.62637,0.38,2.536,2.553,0.02975806,0.1056295,0.0,0.0,0.02975806,0.1056295,0.0,0.0,0.0,0.0
2.62734,0.38,2.537,2.554,0.02976575,0.1057481,0.0,0.0,0.02976575,0.1057481,0.0,0.0,0.0,0.0
2.62831,0.38,2.538,2.555,0.02977344,0.1058668,0.0,0.0,0.02977344,0.1058668,0.0,0.0,0.0,0.0
2.62928,0.38,2.539,2.556,0.02978113,0.1059856,0.0,0.0,0.02978113,0.1059856,0.0,0.0,0.0,0.0
2.63025,0.38,2.54,2.557,0.02978882,0.1061046,0.0,0.0,0.02978882,0.1061046,0.0,0.0,0.0,0.0
2.63123,0.38,2.541,2.558,0.02979651,0.1062236,0.0,0.0,0.02979651,0.1062236,0.0,0.0,0.0,0.0
2.6322,0.38,2.542,2.559,0.0298042,0.1063428,0.0,0.0,0.0298042,0.1063428,0.0,0.0,0.0,0.0
2.63317,0.38,2.543,2.56,0.02981189,0.106462,0.0,0.0,0.02981189,0.106462,0.0,0.0,0.0,0.0
2.63414,0.38,2.544,2.561,0.02981958,0.1065814,0.0,0.0,0.02981958,0.1065814,0.0,0.0,0.0,0.0
2.63512,0.38,2.545,2.562,0.02982727,0.1067009,0.0,0.0,0.02982727,0.1067009,0.0,0.0,0.0,0.0
2.63609,0.38,2.546,2.563,0.02983496,0.1068205,0.0,0.0,0.02983496,0.1068205,0.0,0.0,0.0,0.0
2.63706,0.38,2.547,2.564,0.02984265,0.1069402,0.0,0.0,0.02984265,0.1069402,0.0,0.0,0.0,0.0
2.63803,0.38,2.548,2.565,0.02985034,0.10706,0.0,0.0,0.02985034,0.10706,0.0,0.0,0.0,0.0
2.639,0.38,2.549,2.566,0.02985803,0.10718,0.0,0.0,0.02985803,0.10718,0.0,0.0,0.0,0.0
2.63998,0.38,2.55,2.567,0.02986573,0.1073,0.0,0.0,0.02986573,0.1073,0.0,0.0,0.0,0.0
2.64095,0.38,2.551,2.568,0.02987342,0.1074202,0.0,0.0,0.02987342,0.1074202,0.0,0.0,0.0,0.0
2.64192,0.38,2.552,2.569,0.02988111,0.1075404,0.0,0.0,0.02988111,0.1075404,0.0,0.0,0.0,0.0
2.64289,0.38,2.553,2.57,0.0298888,0.1076608,0.0,0.0,0.0298888,0.1076608,0.0,0.0,0.0,0.0
2.64387,0.38,2.554,2.571,0.02989649,0.1077813,0.0,0.0,0.02989649,0.1077813,0.0,0.0,0.0,0.0
2.64484,0.38,2.555,2.572,0.02990419,0.1079019,0.0,0.0,0.02990419,0.1079019,0.0,0.0,0.0,0.0
2.64581,0.38,2.556,2.573,0.02991188,0.1080226,0.0,0.0,0.02991188,0.1080226,0.0,0.0,0.0,0.0
2.64678,0.38,2.557,2.574,0.02991957,0.1081434,0.0,0.0,0.02991957,0.1081434,0.0,0.0,0.0,0.0
2.64776,0.38,2.558,2.575,0.02992727,0.1082643,0.0,0.0,0.02992727,0.1082643,0.0,0.0,0.0,0.0
2.64873,0.38,2.559,2.576,0.02993496,0.1083853,0.0,0.0,0.02993496,0.1083853,0.0,0.0,0.0,0.0
2.6497,0.38,2.56,2.577,0.02994265,0.1085065,0.0,0.0,0.02994265,0.1085065,0.0,0.0,0.0,0.0
2.65067,0.38,2.561,2.578,0.02995035,0.1086278,0.0,0.0,0.02995035,0.1086278,0.0,0.0,0.0,0.0
2.65165,0.38,2.562,2.579,0.02995804,0.1087491,0.0,0.0,0.02995804,0.1087491,0.0,0.0,0.0,0.0
2.65262,0.38,2.563,2.58,0.02996574,0.1088706,0.0,0.0,0.02996574,0.1088706,0.0,0.0,0.0,0.0
2.65359,0.38,2.564,2.581,0.02997343,0.1089922,0.0,0.0,0.02997343,0.1089922,0.0,0.0,0.0,0.0
2.65456,0.38,2.565,2.582,0.02998113,0.1091139,0.0,0.0,0.02998113,0.1091139,0.0,0.0,0.0,0.0
2.65554,0.38,2.566,2.583,0.02998882,0.1092357,0.0,0.0,0.02998882,0.1092357,0.0,0.0,0.0,0.0
2.65651,0.38,2.567,2.584,0.02999652,0.1093576,0.0,0.0,0.02999652,0.1093576,0.0,0.0,0.0,0.0
2.65748,0.38,2.568,2.585,0.03000421,0.1094797,0.0,0.0,0.03000421,0.1094797,0.0,0.0,0.0,0.0
2.65846,0.38,2.569,2.586,0.03001191,0.1096018,0.0,0.0,0.03001191,0.1096018,0.0,0.0,0.0,0.0
2.65943,0.38,2.57,2.587,0.03001961,0.1097241,0.0,0.0,0.03001961,0.1097241,0.0,0.0,0.0,0.0
2.6604,0.38,2.571,2.588,0.0300273,0.1098465,0.0,0.0,0.0300273,0.1098465,0.0,0.0,0.0,0.0
2.66137,0.38,2.572,2.589,0.030035,0.1099689,0.0,0.0,0.030035,0.1099689,0.0,0.0,0.0,0.0
2.66235,0.38,2.573,2.59,0.0300427,0.1100915,0.0,0.0,0.0300427,0.1100915,0.0,0.0,0.0,0.0
2.66332,0.38,2.574,2.591,0.03005039,0.1102142,0.0,0.0,0.03005039,0.1102142,0.0,0.0,0.0,0.0
2.66429,0.38,2.575,2.592,0.03005809,0.1103371,0.0,0.0,0.03005809,0.1103371,0.0,0.0,0.0,0.0
2.66527,0.38,2.576,2.593,0.03006579,0.11046,0.0,0.0,0.03006579,0.11046,0.0,0.0,0.0,0.0
2.66624,0.38,2.577,2.594,0.03007349,0.110583,0.0,0.0,0.03007349,0.110583,0.0,0.0,0.0,0.0
2.66721,0.38,2.578,2.595,0.03008119,0.1107062,0.0,0.0,0.03008119,0.1107062,0.0,0.0,0.0,0.0
2.66818,0.38,2.579,2.596,0.03008889,0.1108295,0.0,0.0,0.03008889,0.1108295,0.0,0.0,0.0,0.0
2.66916,0.38,2.58,2.597,0.03009658,0.1109528,0.0,0.0,0.03009658,0.1109528,0.0,0.0,0.0,0.0
2.67013,0.38,2.581,2.598,0.03010428,0.1110763,0.0,0.0,0.03010428,0.1110763,0.0,0.0,0.0,0.0
2.6711,0.38,2.582,2.599,0.03011198,0.1111999,0.0,0.0,0.03011198,0.1111999,0.0,0.0,0.0,0.0
2.67208,0.38,2.583,2.6,0.03011968,0.1113237,0.0,0.0,0.03011968,0.1113237,0.0,0.0,0.0,0.0
2.67305,0.38,2.584,2.601,0.03012738,0.1114475,0.0,0.0,0.03012738,0.1114475,0.0,0.0,0.0,0.0
2.67402,0.38,2.585,2.602,0.03013508,0.1115714,0.0,0.0,0.03013508,0.1115714,0.0,0.0,0.0,0.0
2.67499,0.38,2.586,2.603,0.03014279,0.1116955,0.0,0.0,0.03014279,0.1116955,0.0,0.0,0.0,0.0
2.67597,0.38,2.587,2.604,0.03015049,0.1118196,0.0,0.0,0.03015049,0.1118196,0.0,0.0,0.0,0.0
2.67694,0.38,2.588,2.605,0.03015819,0.1119439,0.0,0.0,0.03015819,0.1119439,0.0,0.0,0.0,0.0
2.67791,0.38,2.589,2.606,0.03016589,0.1120683,0.0,0.0,0.03016589,0.1120683,0.0,0.0,0.0,0.0
2.67889,0.38,2.59,2.607,0.03017359,0.1121928,0.0,0.0,0.03017359,0.1121928,0.0,0.0,0.0,0.0
2.67986,0.38,2.591,2.608,0.03018129,0.1123174,0.0,0.0,0.03018129,0.1123174,0.0,0.0,0.0,0.0
2.68083,0.38,2.592,2.609,0.030189,0.1124422,0.0,0.0,0.030189,0.1124422,0.0,0.0,0.0,0.0
2.68181,0.38,2.593,2.61,0.0301967,0.112567,0.0,0.0,0.0301967,0.112567,0.0,0.0,0.0,0.0
2.68278,0.38,2.594,2.611,0.0302044,0.112692,0.0,0.0,0.0302044,0.112692,0.0,0.0,0.0,0.0
2.68375,0.38,2.595,2.612,0.03021211,0.112817,0.0,0.0,0.03021211,0.112817,0.0,0.0,0.0,0.0
2.68473,0.38,2.596,2.613,0.03021981,0.1129422,0.0,0.0,0.03021981,0.1129422,0.0,0.0,0.0,0.0
2.6857,0.38,2.597,2.614,0.03022751,0.1130675,0.0,0.0,0.03022751,0.1130675,0.0,0.0,0.0,0.0
2.68667,0.38,2.598,2.615,0.03023522,0.1131929,0.0,0.0,0.03023522,0.1131929,0.0,0.0,0.0,0.0
2.68765,0.38,2.599,2.616,0.03024292,0.1133185,0.0,0.0,0.03024292,0.1133185,0.0,0.0,0.0,0.0
2.68862,0.38,2.6,2.617,0.03025063,0.1134441,0.0,0.0,0.03025063,0.1134441,0.0,0.0,0.0,0.0
2.68959,0.38,2.601,2.618,0.03025833,0.1135699,0.0,0.0,0.03025833,0.1135699,0.0,0.0,0.0,0.0
2.69057,0.38,2.602,2.619,0.03026604,0.1136957,0.0,0.0,0.03026604,0.1136957,0.0,0.0,0.0,0.0
2.69154,0.38,2.603,2.62,0.03027374,0.1138217,0.0,0.0,0.03027374,0.1138217,0.0,0.0,0.0,0.0
2.69251,0.38,2.604,2.621,0.03028145,0.1139478,0.0,0.0,0.03028145,0.1139478,0.0,0.0,0.0,0.0
2.69349,0.38,2.605,2.622,0.03028916,0.114074,0.0,0.0,0.03028916,0.114074,0.0,0.0,0.0,0.0
2.69446,0.38,2.606,2.623,0.03029686,0.1142003,0.0,0.0,0.03029686,0.1142003,0.0,0.0,0.0,0.0
2.69543,0.38,2.607,2.624,0.03030457,0.1143267,0.0,0.0,0.03030457,0.1143267,0.0,0.0,0.0,0.0
2.69641,0.38,2.608,2.625,0.03031228,0.1144533,0.0,0.0,0.03031228,0.1144533,0.0,0.0,0.0,0.0
2.69738,0.38,2.609,2.626,0.03031999,0.11458,0.0,0.0,0.03031999,0.11458,0.0,0.0,0.0,0.0
2.69835,0.38,2.61,2.627,0.03032769,0.1147067,0.0,0.0,0.03032769,0.1147067,0.0,0.0,0.0,0.0
2.69933,0.38,2.611,2.628,0.0303354,0.1148336,0.0,0.0,0.0303354,0.1148336,0.0,0.0,0.0,0.0
2.7003,0.38,2.612,2.629,0.03034311,0.1149606,0.0,0.0,0.03034311,0.1149606,0.0,0.0,0.0,0.0
2.70128,0.38,2.613,2.63,0.03035082,0.1150878,0.0,0.0,0.03035082,0.1150878,0.0,0.0,0.0,0.0
2.70225,0.38,2.614,2.631,0.03035853,0.115215,0.0,0.0,0.03035853,0.115215,0.0,0.0,0.0,0.0
2.70322,0.38,2.615,2.632,0.03036624,0.1153423,0.0,0.0,0.03036624,0.1153423,0.0,0.0,0.0,0.0
2.7042,0.38,2.616,2.633,0.03037395,0.1154698,0.0,0.0,0.03037395,0.1154698,0.0,0.0,0.0,0.0
2.70517,0.38,2.617,2.634,0.03038166,0.1155974,0.0,0.0,0.03038166,0.1155974,0.0,0.0,0.0,0.0
2.70614,0.38,2.618,2.635,0.03038937,0.1157251,0.0,0.0,0.03038937,0.1157251,0.0,0.0,0.0,0.0
2.70712,0.38,2.619,2.636,0.03039708,0.1158529,0.0,0.0,0.03039708,0.1158529,0.0,0.0,0.0,0.0
2.70809,0.38,2.62,2.637,0.03040479,0.1159808,0.0,0.0,0.03040479,0.1159808,0.0,0.0,0.0,0.0
2.70906,0.38,2.621,2.638,0.0304125,0.1161088,0.0,0.0,0.0304125,0.1161088,0.0,0.0,0.0,0.0
2.71004,0.38,2.622,2.639,0.03042021,0.116237,0.0,0.0,0.03042021,0.116237,0.0,0.0,0.0,0.0
2.71101,0.38,2.623,2.64,0.03042792,0.1163652,0.0,0.0,0.03042792,0.1163652,0.0,0.0,0.0,0.0
2.71199,0.38,2.624,2.641,0.03043563,0.1164936,0.0,0.0,0.03043563,0.1164936,0.0,0.0,0.0,0.0
2.71296,0.38,2.625,2.642,0.03044335,0.1166221,0.0,0.0,0.03044335,0.1166221,0.0,0.0,0.0,0.0
2.71393,0.38,2.626,2.643,0.03045106,0.1167507,0.0,0.0,0.03045106,0.1167507,0.0,0.0,0.0,0.0
2.71491,0.38,2.627,2.644,0.03045877,0.1168795,0.0,0.0,0.03045877,0.1168795,0.0,0.0,0.0,0.0
2.71588,0.38,2.628,2.645,0.03046649,0.1170083,0.0,0.0,0.03046649,0.1170083,0.0,0.0,0.0,0.0
2.71686,0.38,2.629,2.646,0.0304742,0.1171373,0.0,0.0,0.0304742,0.1171373,0.0,0.0,0.0,0.0
2.71783,0.38,2.63,2.647,0.03048191,0.1172663,0.0,0.0,0.03048191,0.1172663,0.0,0.0,0.0,0.0
2.7188,0.38,2.631,2.648,0.03048963,0.1173955,0.0,0.0,0.03048963,0.1173955,0.0,0.0,0.0,0.0
2.71978,0.38,2.632,2.649,0.03049734,0.1175248,0.0,0.0,0.03049734,0.1175248,0.0,0.0,0.0,0.0
2.72075,0.38,2.633,2.65,0.03050506,0.1176542,0.0,0.0,0.03050506,0.1176542,0.0,0.0,0.0,0.0
2.72173,0.38,2.634,2.651,0.03051277,0.1177838,0.0,0.0,0.03051277,0.1177838,0.0,0.0,0.0,0.0
2.7227,0.38,2.635,2.652,0.03052049,0.1179134,0.0,0.0,0.03052049,0.1179134,0.0,0.0,0.0,0.0
2.72367,0.38,2.636,2.653,0.0305282,0.1180432,0.0,0.0,0.0305282,0.1180432,0.0,0.0,0.0,0.0
2.72465,0.38,2.637,2.654,0.03053592,0.1181731,0.0,0.0,0.03053592,0.1181731,0.0,0.0,0.0,0.0
2.72562,0.38,2.638,2.655,0.03054363,0.1183031,0.0,0.0,0.03054363,0.1183031,0.0,0.0,0.0,0.0
2.7266,0.38,2.639,2.656,0.03055135,0.1184332,0.0,0.0,0.03055135,0.1184332,0.0,0.0,0.0,0.0
2.72757,0.38,2.64,2.657,0.03055907,0.1185634,0.0,0.0,0.03055907,0.1185634,0.0,0.0,0.0,0.0
2.72854,0.38,2.641,2.658,0.03056678,0.1186938,0.0,0.0,0.03056678,0.1186938,0.0,0.0,0.0,0.0
2.72952,0.38,2.642,2.659,0.0305745,0.1188242,0.0,0.0,0.0305745,0.1188242,0.0,0.0,0.0,0.0
2.73049,0.38,2.643,2.66,0.03058222,0.1189548,0.0,0.0,0.03058222,0.1189548,0.0,0.0,0.0,0.0
2.73147,0.38,2.644,2.661,0.03058994,0.1190855,0.0,0.0,0.03058994,0.1190855,0.0,0.0,0.0,0.0
2.73244,0.38,2.645,2.662,0.03059765,0.1192163,0.0,0.0,0.03059765,0.1192163,0.0,0.0,0.0,0.0
2.73342,0.38,2.646,2.663,0.03060537,0.1193472,0.0,0.0,0.03060537,0.1193472,0.0,0.0,0.0,0.0
2.73439,0.38,2.647,2.664,0.03061309,0.1194783,0.0,0.0,0.03061309,0.1194783,0.0,0.0,0.0,0.0
2.73536,0.38,2.648,2.665,0.03062081,0.1196094,0.0,0.0,0.03062081,0.1196094,0.0,0.0,0.0,0.0
2.73634,0.38,2.649,2.666,0.03062853,0.1197407,0.0,0.0,0.03062853,0.1197407,0.0,0.0,0.0,0.0
2.73731,0.38,2.65,2.667,0.03063625,0.1198721,0.0,0.0,0.03063625,0.1198721,0.0,0.0,0.0,0.0
2.73829,0.38,2.651,2.668,0.03064397,0.1200036,0.0,0.0,0.03064397,0.1200036,0.0,0.0,0.0,0.0
2.73926,0.38,2.652,2.669,0.03065169,0.1201352,0.0,0.0,0.03065169,0.1201352,0.0,0.0,0.0,0.0
2.74024,0.38,2.653,2.67,0.03065941,0.120267,0.0,0.0,0.03065941,0.120267,0.0,0.0,0.0,0.0
2.74121,0.38,2.654,2.671,0.03066713,0.1203988,0.0,0.0,0.03066713,0.1203988,0.0,0.0,0.0,0.0
2.74218,0.38,2.655,2.672,0.03067485,0.1205308,0.0,0.0,0.03067485,0.1205308,0.0,0.0,0.0,0.0
2.74316,0.38,2.656,2.673,0.03068257,0.1206629,0.0,0.0,0.03068257,0.1206629,0.0,0.0,0.0,0.0
2.74413,0.38,2.657,2.674,0.03069029,0.1207951,0.0,0.0,0.03069029,0.1207951,0.0,0.0,0.0,0.0
2.74511,0.38,2.658,2.675,0.03069801,0.1209274,0.0,0.0,0.03069801,0.1209274,0.0,0.0,0.0,0.0
2.74608,0.38,2.659,2.676,0.03070574,0.1210599,0.0,0.0,0.03070574,0.1210599,0.0,0.0,0.0,0.0
2.74706,0.38,2.66,2.677,0.03071346,0.1211924,0.0,0.0,0.03071346,0.1211924,0.0,0.0,0.0,0.0
2.74803,0.38,2.661,2.678,0.03072118,0.1213251,0.0,0.0,0.03072118,0.1213251,0.0,0.0,0.0,0.0
2.74901,0.38,2.662,2.679,0.0307289,0.1214579,0.0,0.0,0.0307289,0.1214579,0.0,0.0,0.0,0.0
2.74998,0.38,2.663,2.68,0.03073663,0.1215908,0.0,0.0,0.03073663,0.1215908,0.0,0.0,0.0,0.0
2.75095,0.38,2.664,2.681,0.03074435,0.1217239,0.0,0.0,0.03074435,0.1217239,0.0,0.0,0.0,0.0
2.75193,0.38,2.665,2.682,0.03075207,0.121857,0.0,0.0,0.03075207,0.121857,0.0,0.0,0.0,0.0
2.7529,0.38,2.666,2.683,0.0307598,0.1219903,0.0,0.0,0.0307598,0.1219903,0.0,0.0,0.0,0.0
2.75388,0.38,2.667,2.684,0.03076752,0.1221237,0.0,0.0,0.03076752,0.1221237,0.0,0.0,0.0,0.0
2.75485,0.38,2.668,2.685,0.03077525,0.1222572,0.0,0.0,0.03077525,0.1222572,0.0,0.0,0.0,0.0
2.75583,0.38,2.669,2.686,0.03078297,0.1223908,0.0,0.0,0.03078297,0.1223908,0.0,0.0,0.0,0.0
2.7568,0.38,2.67,2.687,0.0307907,0.1225245,0.0,0.0,0.0307907,0.1225245,0.0,0.0,0.0,0.0
2.75778,0.38,2.671,2.688,0.03079842,0.1226584,0.0,0.0,0.03079842,0.1226584,0.0,0.0,0.0,0.0
2.75875,0.38,2.672,2.689,0.03080615,0.1227924,0.0,0.0,0.03080615,0.1227924,0.0,0.0,0.0,0.0
2.75973,0.38,2.673,2.69,0.03081387,0.1229265,0.0,0.0,0.03081387,0.1229265,0.0,0.0,0.0,0.0
2.7607,0.38,2.674,2.691,0.0308216,0.1230607,0.0,0.0,0.0308216,0.1230607,0.0,0.0,0.0,0.0
2.76168,0.38,2.675,2.692,0.03082933,0.123195,0.0,0.0,0.03082933,0.123195,0.0,0.0,0.0,0.0
2.76265,0.38,2.676,2.693,0.03083705,0.1233294,0.0,0.0,0.03083705,0.1233294,0.0,0.0,0.0,0.0
2.76363,0.38,2.677,2.694,0.03084478,0.123464,0.0,0.0,0.03084478,0.123464,0.0,0.0,0.0,0.0
2.7646,0.38,2.678,2.695,0.03085251,0.1235987,0.0,0.0,0.03085251,0.1235987,0.0,0.0,0.0,0.0
2.76557,0.38,2.679,2.696,0.03086024,0.1237335,0.0,0.0,0.03086024,0.1237335,0.0,0.0,0.0,0.0
2.76655,0.38,2.68,2.697,0.03086796,0.1238684,0.0,0.0,0.03086796,0.1238684,0.0,0.0,0.0,0.0
2.76752,0.38,2.681,2.698,0.03087569,0.1240034,0.0,0.0,0.03087569,0.1240034,0.0,0.0,0.0,0.0
2.7685,0.38,2.682,2.699,0.03088342,0.1241386,0.0,0.0,0.03088342,0.1241386,0.0,0.0,0.0,0.0
2.76947,0.38,2.683,2.7,0.03089115,0.1242739,0.0,0.0,0.03089115,0.1242739,0.0,0.0,0.0,0.0
2.77045,0.38,2.684,2.701,0.03089888,0.1244093,0.0,0.0,0.03089888,0.1244093,0.0,0.0,0.0,0.0
2.77142,0.38,2.685,2.702,0.03090661,0.1245448,0.0,0.0,0.03090661,0.1245448,0.0,0.0,0.0,0.0
2.7724,0.38,2.686,2.703,0.03091434,0.1246804,0.0,0.0,0.03091434,0.1246804,0.0,0.0,0.0,0.0
2.77337,0.38,2.687,2.704,0.03092207,0.1248162,0.0,0.0,0.03092207,0.1248162,0.0,0.0,0.0,0.0
2.77435,0.38,2.688,2.705,0.0309298,0.124952,0.0,0.0,0.0309298,0.124952,0.0,0.0,0.0,0.0
2.77532,0.38,2.689,2.706,0.03093753,0.125088,0.0,0.0,0.03093753,0.125088,0.0,0.0,0.0,0.0
2.7763,0.38,2.69,2.707,0.03094526,0.1252241,0.0,0.0,0.03094526,0.1252241,0.0,0.0,0.0,0.0
2.77727,0.38,2.691,2.708,0.03095299,0.1253603,0.0,0.0,0.03095299,0.1253603,0.0,0.0,0.0,0.0
2.77825,0.38,2.692,2.709,0.03096072,0.1254967,0.0,0.0,0.03096072,0.1254967,0.0,0.0,0.0,0.0
2.77922,0.38,2.693,2.71,0.03096845,0.1256331,0.0,0.0,0.03096845,0.1256331,0.0,0.0,0.0,0.0
2.7802,0.38,2.694,2.711,0.03097618,0.1257697,0.0,0.0,0.03097618,0.1257697,0.0,0.0,0.0,0.0
2.78117,0.38,2.695,2.712,0.03098391,0.1259064,0.0,0.0,0.03098391,0.1259064,0.0,0.0,0.0,0.0
2.78215,0.38,2.696,2.713,0.03099165,0.1260432,0.0,0.0,0.03099165,0.1260432,0.0,0.0,0.0,0.0
2.78312,0.38,2.697,2.714,0.03099938,0.1261802,0.0,0.0,0.03099938,0.1261802,0.0,0.0,0.0,0.0
2.7841,0.38,2.698,2.715,0.03100711,0.1263172,0.0,0.0,0.03100711,0.1263172,0.0,0.0,0.0,0.0
2.78508,0.38,2.699,2.716,0.03101484,0.1264544,0.0,0.0,0.03101484,0.1264544,0.0,0.0,0.0,0.0
2.78605,0.38,2.7,2.717,0.03102258,0.1265917,0.0,0.0,0.03102258,0.1265917,0.0,0.0,0.0,0.0
2.78703,0.38,2.701,2.718,0.03103031,0.1267291,0.0,0.0,0.03103031,0.1267291,0.0,0.0,0.0,0.0
2.788,0.38,2.702,2.719,0.03103804,0.1268667,0.0,0.0,0.03103804,0.1268667,0.0,0.0,0.0,0.0
2.78898,0.38,2.703,2.72,0.03104578,0.1270043,0.0,0.0,0.03104578,0.1270043,0.0,0.0,0.0,0.0
2.78995,0.38,2.704,2.721,0.03105351,0.1271421,0.0,0.0,0.03105351,0.1271421,0.0,0.0,0.0,0.0
2.79093,0.38,2.705,2.722,0.03106125,0.12728,0.0,0.0,0.03106125,0.12728,0.0,0.0,0.0,0.0
2.7919,0.38,2.706,2.723,0.03106898,0.127418,0.0,0.0,0.03106898,0.127418,0.0,0.0,0.0,0.0
2.79288,0.38,2.707,2.724,0.03107672,0.1275562,0.0,0.0,0.03107672,0.1275562,0.0,0.0,0.0,0.0
2.79385,0.38,2.708,2.725,0.03108445,0.1276944,0.0,0.0,0.03108445,0.1276944,0.0,0.0,0.0,0.0
2.79483,0.38,2.709,2.726,0.03109219,0.1278328,0.0,0.0,0.03109219,0.1278328,0.0,0.0,0.0,0.0
2.7958,0.38,2.71,2.727,0.03109992,0.1279713,0.0,0.0,0.03109992,0.1279713,0.0,0.0,0.0,0.0
2.79678,0.38,2.711,2.728,0.03110766,0.1281099,0.0,0.0,0.03110766,0.1281099,0.0,0.0,0.0,0.0
2.79775,0.38,2.712,2.729,0.03111539,0.1282486,0.0,0.0,0.03111539,0.1282486,0.0,0.0,0.0,0.0
2.79873,0.38,2.713,2.73,0.03112313,0.1283875,0.0,0.0,0.03112313,0.1283875,0.0,0.0,0.0,0.0
2.79971,0.38,2.714,2.731,0.03113087,0.1285265,0.0,0.0,0.03113087,0.1285265,0.0,0.0,0.0,0.0
2.80068,0.38,2.715,2.732,0.03113861,0.1286656,0.0,0.0,0.03113861,0.1286656,0.0,0.0,0.0,0.0
2.80166,0.38,2.716,2.733,0.03114634,0.1288048,0.0,0.0,0.03114634,0.1288048,0.0,0.0,0.0,0.0
2.80263,0.38,2.717,2.734,0.03115408,0.1289441,0.0,0.0,0.03115408,0.1289441,0.0,0.0,0.0,0.0
2.80361,0.38,2.718,2.735,0.03116182,0.1290836,0.0,0.0,0.03116182,0.1290836,0.0,0.0,0.0,0.0
2.80458,0.38,2.719,2.736,0.03116956,0.1292231,0.0,0.0,0.03116956,0.1292231,0.0,0.0,0.0,0.0
2.80556,0.38,2.72,2.737,0.03117729,0.1293628,0.0,0.0,0.03117729,0.1293628,0.0,0.0,0.0,0.0
2.80653,0.38,2.721,2.738,0.03118503,0.1295027,0.0,0.0,0.03118503,0.1295027,0.0,0.0,0.0,0.0
2.80751,0.38,2.722,2.739,0.03119277,0.1296426,0.0,0.0,0.03119277,0.1296426,0.0,0.0,0.0,0.0
2.80849,0.38,2.723,2.74,0.03120051,0.1297826,0.0,0.0,0.03120051,0.1297826,0.0,0.0,0.0,0.0
2.80946,0.38,2.724,2.741,0.03120825,0.1299228,0.0,0.0,0.03120825,0.1299228,0.0,0.0,0.0,0.0
2.81044,0.38,2.725,2.742,0.03121599,0.1300631,0.0,0.0,0.03121599,0.1300631,0.0,0.0,0.0,0.0
2.81141,0.38,2.726,2.743,0.03122373,0.1302035,0.0,0.0,0.03122373,0.1302035,0.0,0.0,0.0,0.0
2.81239,0.38,2.727,2.744,0.03123147,0.1303441,0.0,0.0,0.03123147,0.1303441,0.0,0.0,0.0,0.0
2.81336,0.38,2.728,2.745,0.03123921,0.1304848,0.0,0.0,0.03123921,0.1304848,0.0,0.0,0.0,0.0
2.81434,0.38,2.729,2.746,0.03124695,0.1306255,0.0,0.0,0.03124695,0.1306255,0.0,0.0,0.0,0.0
2.81531,0.38,2.73,2.747,0.03125469,0.1307664,0.0,0.0,0.03125469,0.1307664,0.0,0.0,0.0,0.0
2.81629,0.38,2.731,2.748,0.03126243,0.1309075,0.0,0.0,0.03126243,0.1309075,0.0,0.0,0.0,0.0
2.81727,0.38,2.732,2.749,0.03127017,0.1310486,0.0,0.0,0.03127017,0.1310486,0.0,0.0,0.0,0.0
2.81824,0.38,2.733,2.75,0.03127792,0.1311899,0.0,0.0,0.03127792,0.1311899,0.0,0.0,0.0,0.0
2.81922,0.38,2.734,2.751,0.03128566,0.1313313,0.0,0.0,0.03128566,0.1313313,0.0,0.0,0.0,0.0
2.82019,0.38,2.735,2.752,0.0312934,0.1314728,0.0,0.0,0.0312934,0.1314728,0.0,0.0,0.0,0.0
2.82117,0.38,2.736,2.753,0.03130114,0.1316144,0.0,0.0,0.03130114,0.1316144,0.0,0.0,0.0,0.0
2.82215,0.38,2.737,2.754,0.03130888,0.1317562,0.0,0.0,0.03130888,0.1317562,0.0,0.0,0.0,0.0
2.82312,0.38,2.738,2.755,0.03131663,0.131898,0.0,0.0,0.03131663,0.131898,0.0,0.0,0.0,0.0
2.8241,0.38,2.739,2.756,0.03132437,0.13204,0.0,0.0,0.03132437,0.13204,0.0,0.0,0.0,0.0
2.82507,0.38,2.74,2.757,0.03133211,0.1321821,0.0,0.0,0.03133211,0.1321821,0.0,0.0,0.0,0.0
2.82605,0.38,2.741,2.758,0.03133986,0.1323244,0.0,0.0,0.03133986,0.1323244,0.0,0.0,0.0,0.0
2.82702,0.38,2.742,2.759,0.0313476,0.1324667,0.0,0.0,0.0313476,0.1324667,0.0,0.0,0.0,0.0
2.828,0.38,2.743,2.76,0.03135534,0.1326092,0.0,0.0,0.03135534,0.1326092,0.0,0.0,0.0,0.0
2.82898,0.38,2.744,2.761,0.03136309,0.1327518,0.0,0.0,0.03136309,0.1327518,0.0,0.0,0.0,0.0
2.82995,0.38,2.745,2.762,0.03137083,0.1328945,0.0,0.0,0.03137083,0.1328945,0.0,0.0,0.0,0.0
2.83093,0.38,2.746,2.763,0.03137858,0.1330374,0.0,0.0,0.03137858,0.1330374,0.0,0.0,0.0,0.0
2.8319,0.38,2.747,2.764,0.03138632,0.1331804,0.0,0.0,0.03138632,0.1331804,0.0,0.0,0.0,0.0
2.83288,0.38,2.748,2.765,0.03139407,0.1333234,0.0,0.0,0.03139407,0.1333234,0.0,0.0,0.0,0.0
2.83386,0.38,2.749,2.766,0.03140181,0.1334667,0.0,0.0,0.03140181,0.1334667,0.0,0.0,0.0,0.0
2.83483,0.38,2.75,2.767,0.03140956,0.13361,0.0,0.0,0.03140956,0.13361,0.0,0.0,0.0,0.0
2.83581,0.38,2.751,2.768,0.03141731,0.1337534,0.0,0.0,0.03141731,0.1337534,0.0,0.0,0.0,0.0
2.83679,0.38,2.752,2.769,0.03142505,0.133897,0.0,0.0,0.03142505,0.133897,0.0,0.0,0.0,0.0
2.83776,0.38,2.753,2.77,0.0314328,0.1340407,0.0,0.0,0.0314328,0.1340407,0.0,0.0,0.0,0.0
2.83874,0.38,2.754,2.771,0.03144055,0.1341845,0.0,0.0,0.03144055,0.1341845,0.0,0.0,0.0,0.0
2.83971,0.38,2.755,2.772,0.03144829,0.1343285,0.0,0.0,0.03144829,0.1343285,0.0,0.0,0.0,0.0
2.84069,0.38,2.756,2.773,0.03145604,0.1344725,0.0,0.0,0.03145604,0.1344725,0.0,0.0,0.0,0.0
2.84167,0.38,2.757,2.774,0.03146379,0.1346167,0.0,0.0,0.03146379,0.1346167,0.0,0.0,0.0,0.0
2.84264,0.38,2.758,2.775,0.03147153,0.134761,0.0,0.0,0.03147153,0.134761,0.0,0.0,0.0,0.0
2.84362,0.38,2.759,2.776,0.03147928,0.1349055,0.0,0.0,0.03147928,0.1349055,0.0,0.0,0.0,0.0
2.84459,0.38,2.76,2.777,0.03148703,0.13505,0.0,0.0,0.03148703,0.13505,0.0,0.0,0.0,0.0
2.84557,0.38,2.761,2.778,0.03149478,0.1351947,0.0,0.0,0.03149478,0.1351947,0.0,0.0,0.0,0.0
2.84655,0.38,2.762,2.779,0.03150253,0.1353395,0.0,0.0,0.03150253,0.1353395,0.0,0.0,0.0,0.0
2.84752,0.38,2.763,2.78,0.03151028,0.1354844,0.0,0.0,0.03151028,0.1354844,0.0,0.0,0.0,0.0
2.8485,0.38,2.764,2.781,0.03151803,0.1356295,0.0,0.0,0.03151803,0.1356295,0.0,0.0,0.0,0.0
2.84948,0.38,2.765,2.782,0.03152578,0.1357746,0.0,0.0,0.03152578,0.1357746,0.0,0.0,0.0,0.0
2.85045,0.38,2.766,2.783,0.03153352,0.1359199,0.0,0.0,0.03153352,0.1359199,0.0,0.0,0.0,0.0
2.85143,0.38,2.767,2.784,0.03154127,0.1360653,0.0,0.0,0.03154127,0.1360653,0.0,0.0,0.0,0.0
2.8524,0.38,2.768,2.785,0.03154902,0.1362109,0.0,0.0,0.03154902,0.1362109,0.0,0.0,0.0,0.0
2.85338,0.38,2.769,2.786,0.03155678,0.1363565,0.0,0.0,0.03155678,0.1363565,0.0,0.0,0.0,0.0
2.85436,0.38,2.77,2.787,0.03156453,0.1365023,0.0,0.0,0.03156453,0.1365023,0.0,0.0,0.0,0.0
2.85533,0.38,2.771,2.788,0.03157228,0.1366482,0.0,0.0,0.03157228,0.1366482,0.0,0.0,0.0,0.0
2.85631,0.38,2.772,2.789,0.03158003,0.1367942,0.0,0.0,0.03158003,0.1367942,0.0,0.0,0.0,0.0
2.85729,0.38,2.773,2.79,0.03158778,0.1369404,0.0,0.0,0.03158778,0.1369404,0.0,0.0,0.0,0.0
2.85826,0.38,2.774,2.791,0.03159553,0.1370866,0.0,0.0,0.03159553,0.1370866,0.0,0.0,0.0,0.0
2.85924,0.38,2.775,2.792,0.03160328,0.137233,0.0,0.0,0.03160328,0.137233,0.0,0.0,0.0,0.0
2.86022,0.38,2.776,2.793,0.03161103,0.1373795,0.0,0.0,0.03161103,0.1373795,0.0,0.0,0.0,0.0
2.86119,0.38,2.777,2.794,0.03161879,0.1375262,0.0,0.0,0.03161879,0.1375262,0.0,0.0,0.0,0.0
2.86217,0.38,2.778,2.795,0.03162654,0.137673,0.0,0.0,0.03162654,0.137673,0.0,0.0,0.0,0.0
2.86315,0.38,2.779,2.796,0.03163429,0.1378198,0.0,0.0,0.03163429,0.1378198,0.0,0.0,0.0,0.0
2.86412,0.38,2.78,2.797,0.03164204,0.1379668,0.0,0.0,0.03164204,0.1379668,0.0,0.0,0.0,0.0
2.8651,0.38,2.781,2.798,0.0316498,0.138114,0.0,0.0,0.0316498,0.138114,0.0,0.0,0.0,0.0
2.86608,0.38,2.782,2.799,0.03165755,0.1382612,0.0,0.0,0.03165755,0.1382612,0.0,0.0,0.0,0.0
2.86705,0.38,2.783,2.8,0.0316653,0.1384086,0.0,0.0,0.0316653,0.1384086,0.0,0.0,0.0,0.0
2.86803,0.38,2.784,2.801,0.03167306,0.1385561,0.0,0.0,0.03167306,0.1385561,0.0,0.0,0.0,0.0
2.86901,0.38,2.785,2.802,0.03168081,0.1387037,0.0,0.0,0.03168081,0.1387037,0.0,0.0,0.0,0.0
2.86998,0.38,2.786,2.803,0.03168857,0.1388515,0.0,0.0,0.03168857,0.1388515,0.0,0.0,0.0,0.0
2.87096,0.38,2.787,2.804,0.03169632,0.1389994,0.0,0.0,0.03169632,0.1389994,0.0,0.0,0.0,0.0
2.87194,0.38,2.788,2.805,0.03170407,0.1391474,0.0,0.0,0.03170407,0.1391474,0.0,0.0,0.0,0.0
2.87291,0.38,2.789,2.806,0.03171183,0.1392955,0.0,0.0,0.03171183,0.1392955,0.0,0.0,0.0,0.0
2.87389,0.38,2.79,2.807,0.03171958,0.1394437,0.0,0.0,0.03171958,0.1394437,0.0,0.0,0.0,0.0
2.87487,0.38,2.791,2.808,0.03172734,0.1395921,0.0,0.0,0.03172734,0.1395921,0.0,0.0,0.0,0.0
2.87584,0.38,2.792,2.809,0.0317351,0.1397406,0.0,0.0,0.0317351,0.1397406,0.0,0.0,0.0,0.0
2.87682,0.38,2.793,2.81,0.03174285,0.1398892,0.0,0.0,0.03174285,0.1398892,0.0,0.0,0.0,0.0
2.8778,0.38,2.794,2.811,0.03175061,0.1400379,0.0,0.0,0.03175061,0.1400379,0.0,0.0,0.0,0.0
2.87877,0.38,2.795,2.812,0.03175836,0.1401868,0.0,0.0,0.03175836,0.1401868,0.0,0.0,0.0,0.0
2.87975,0.38,2.796,2.813,0.03176612,0.1403358,0.0,0.0,0.03176612,0.1403358,0.0,0.0,0.0,0.0
2.88073,0.38,2.797,2.814,0.03177388,0.1404849,0.0,0.0,0.03177388,0.1404849,0.0,0.0,0.0,0.0
2.8817,0.38,2.798,2.815,0.03178163,0.1406341,0.0,0.0,0.03178163,0.1406341,0.0,0.0,0.0,0.0
2.88268,0.38,2.799,2.816,0.03178939,0.1407835,0.0,0.0,0.03178939,0.1407835,0.0,0.0,0.0,0.0
2.88366,0.38,2.8,2.817,0.03179715,0.140933,0.0,0.0,0.03179715,0.140933,0.0,0.0,0.0,0.0
2.88463,0.38,2.801,2.818,0.03180491,0.1410826,0.0,0.0,0.03180491,0.1410826,0.0,0.0,0.0,0.0
2.88561,0.38,2.802,2.819,0.03181266,0.1412323,0.0,0.0,0.03181266,0.1412323,0.0,0.0,0.0,0.0
2.88659,0.38,2.803,2.82,0.03182042,0.1413822,0.0,0.0,0.03182042,0.1413822,0.0,0.0,0.0,0.0
2.88756,0.38,2.804,2.821,0.03182818,0.1415321,0.0,0.0,0.03182818,0.1415321,0.0,0.0,0.0,0.0
2.88854,0.38,2.805,2.822,0.03183594,0.1416822,0.0,0.0,0.03183594,0.1416822,0.0,0.0,0.0,0.0
2.88952,0.38,2.806,2.823,0.0318437,0.1418325,0.0,0.0,0.0318437,0.1418325,0.0,0.0,0.0,0.0
2.8905,0.38,2.807,2.824,0.03185146,0.1419828,0.0,0.0,0.03185146,0.1419828,0.0,0.0,0.0,0.0
2.89147,0.38,2.808,2.825,0.03185922,0.1421333,0.0,0.0,0.03185922,0.1421333,0.0,0.0,0.0,0.0
2.89245,0.38,2.809,2.826,0.03186697,0.1422839,0.0,0.0,0.03186697,0.1422839,0.0,0.0,0.0,0.0
2.89343,0.38,2.81,2.827,0.03187473,0.1424346,0.0,0.0,0.03187473,0.1424346,0.0,0.0,0.0,0.0
2.8944,0.38,2.811,2.828,0.03188249,0.1425855,0.0,0.0,0.03188249,0.1425855,0.0,0.0,0.0,0.0
2.89538,0.38,2.812,2.829,0.03189025,0.1427365,0.0,0.0,0.03189025,0.1427365,0.0,0.0,0.0,0.0
2.89636,0.38,2.813,2.83,0.03189801,0.1428876,0.0,0.0,0.03189801,0.1428876,0.0,0.0,0.0,0.0
2.89733,0.38,2.814,2.831,0.03190577,0.1430388,0.0,0.0,0.03190577,0.1430388,0.0,0.0,0.0,0.0
2.89831,0.38,2.815,2.832,0.03191354,0.1431901,0.0,0.0,0.03191354,0.1431901,0.0,0.0,0.0,0.0
2.89929,0.38,2.816,2.833,0.0319213,0.1433416,0.0,0.0,0.0319213,0.1433416,0.0,0.0,0.0,0.0
2.90027,0.38,2.817,2.834,0.03192906,0.1434932,0.0,0.0,0.03192906,0.1434932,0.0,0.0,0.0,0.0
2.90124,0.38,2.818,2.835,0.03193682,0.1436449,0.0,0.0,0.03193682,0.1436449,0.0,0.0,0.0,0.0
2.90222,0.38,2.819,2.836,0.03194458,0.1437968,0.0,0.0,0.03194458,0.1437968,0.0,0.0,0.0,0.0
2.9032,0.38,2.82,2.837,0.03195234,0.1439488,0.0,0.0,0.03195234,0.1439488,0.0,0.0,0.0,0.0
2.90417,0.38,2.821,2.838,0.0319601,0.1441008,0.0,0.0,0.0319601,0.1441008,0.0,0.0,0.0,0.0
2.90515,0.38,2.822,2.839,0.03196787,0.1442531,0.0,0.0,0.03196787,0.1442531,0.0,0.0,0.0,0.0
2.90613,0.38,2.823,2.84,0.03197563,0.1444054,0.0,0.0,0.03197563,0.1444054,0.0,0.0,0.0,0.0
2.90711,0.38,2.824,2.841,0.03198339,0.1445579,0.0,0.0,0.03198339,0.1445579,0.0,0.0,0.0,0.0
2.90808,0.38,2.825,2.842,0.03199115,0.1447105,0.0,0.0,0.03199115,0.1447105,0.0,0.0,0.0,0.0
2.90906,0.38,2.826,2.843,0.03199892,0.1448632,0.0,0.0,0.03199892,0.1448632,0.0,0.0,0.0,0.0
2.91004,0.38,2.827,2.844,0.03200668,0.1450161,0.0,0.0,0.03200668,0.1450161,0.0,0.0,0.0,0.0
2.91102,0.38,2.828,2.845,0.03201444,0.145169,0.0,0.0,0.03201444,0.145169,0.0,0.0,0.0,0.0
2.91199,0.38,2.829,2.846,0.03202221,0.1453221,0.0,0.0,0.03202221,0.1453221,0.0,0.0,0.0,0.0
2.91297,0.38,2.83,2.847,0.03202997,0.1454754,0.0,0.0,0.03202997,0.1454754,0.0,0.0,0.0,0.0
2.91395,0.38,2.831,2.848,0.03203774,0.1456287,0.0,0.0,0.03203774,0.1456287,0.0,0.0,0.0,0.0
2.91493,0.38,2.832,2.849,0.0320455,0.1457822,0.0,0.0,0.0320455,0.1457822,0.0,0.0,0.0,0.0
2.9159,0.38,2.833,2.85,0.03205326,0.1459358,0.0,0.0,0.03205326,0.1459358,0.0,0.0,0.0,0.0
2.91688,0.38,2.834,2.851,0.03206103,0.1460895,0.0,0.0,0.03206103,0.1460895,0.0,0.0,0.0,0.0
2.91786,0.38,2.835,2.852,0.03206879,0.1462434,0.0,0.0,0.03206879,0.1462434,0.0,0.0,0.0,0.0
2.91883,0.38,2.836,2.853,0.03207656,0.1463974,0.0,0.0,0.03207656,0.1463974,0.0,0.0,0.0,0.0
2.91981,0.38,2.837,2.854,0.03208432,0.1465515,0.0,0.0,0.03208432,0.1465515,0.0,0.0,0.0,0.0
2.92079,0.38,2.838,2.855,0.03209209,0.1467057,0.0,0.0,0.03209209,0.1467057,0.0,0.0,0.0,0.0
2.92177,0.38,2.839,2.856,0.03209986,0.1468601,0.0,0.0,0.03209986,0.1468601,0.0,0.0,0.0,0.0
2.92274,0.38,2.84,2.857,0.03210762,0.1470145,0.0,0.0,0.03210762,0.1470145,0.0,0.0,0.0,0.0
2.92372,0.38,2.841,2.858,0.03211539,0.1471691,0.0,0.0,0.03211539,0.1471691,0.0,0.0,0.0,0.0
2.9247,0.38,2.842,2.859,0.03212315,0.1473239,0.0,0.0,0.03212315,0.1473239,0.0,0.0,0.0,0.0
2.92568,0.38,2.843,2.86,0.03213092,0.1474787,0.0,0.0,0.03213092,0.1474787,0.0,0.0,0.0,0.0
2.92665,0.38,2.844,2.861,0.03213869,0.1476337,0.0,0.0,0.03213869,0.1476337,0.0,0.0,0.0,0.0
2.92763,0.38,2.845,2.862,0.03214645,0.1477888,0.0,0.0,0.03214645,0.1477888,0.0,0.0,0.0,0.0
2.92861,0.38,2.846,2.863,0.03215422,0.1479441,0.0,0.0,0.03215422,0.1479441,0.0,0.0,0.0,0.0
2.92959,0.38,2.847,2.864,0.03216199,0.1480994,0.0,0.0,0.03216199,0.1480994,0.0,0.0,0.0,0.0
2.93057,0.38,2.848,2.865,0.03216976,0.1482549,0.0,0.0,0.03216976,0.1482549,0.0,0.0,0.0,0.0
2.93154,0.38,2.849,2.866,0.03217752,0.1484106,0.0,0.0,0.03217752,0.1484106,0.0,0.0,0.0,0.0
2.93252,0.38,2.85,2.867,0.03218529,0.1485663,0.0,0.0,0.03218529,0.1485663,0.0,0.0,0.0,0.0
2.9335,0.38,2.851,2.868,0.03219306,0.1487222,0.0,0.0,0.03219306,0.1487222,0.0,0.0,0.0,0.0
2.93448,0.38,2.852,2.869,0.03220083,0.1488782,0.0,0.0,0.03220083,0.1488782,0.0,0.0,0.0,0.0
2.93545,0.38,2.853,2.87,0.0322086,0.1490343,0.0,0.0,0.0322086,0.1490343,0.0,0.0,0.0,0.0
2.93643,0.38,2.854,2.871,0.03221637,0.1491905,0.0,0.0,0.03221637,0.1491905,0.0,0.0,0.0,0.0
2.93741,0.38,2.855,2.872,0.03222413,0.1493469,0.0,0.0,0.03222413,0.1493469,0.0,0.0,0.0,0.0
2.93839,0.38,2.856,2.873,0.0322319,0.1495034,0.0,0.0,0.0322319,0.1495034,0.0,0.0,0.0,0.0
2.93936,0.38,2.857,2.874,0.03223967,0.14966,0.0,0.0,0.03223967,0.14966,0.0,0.0,0.0,0.0
2.94034,0.38,2.858,2.875,0.03224744,0.1498168,0.0,0.0,0.03224744,0.1498168,0.0,0.0,0.0,0.0
2.94132,0.38,2.859,2.876,0.03225521,0.1499737,0.0,0.0,0.03225521,0.1499737,0.0,0.0,0.0,0.0
2.9423,0.38,2.86,2.877,0.03226298,0.1501307,0.0,0.0,0.03226298,0.1501307,0.0,0.0,0.0,0.0
2.94328,0.38,2.861,2.878,0.03227075,0.1502878,0.0,0.0,0.03227075,0.1502878,0.0,0.0,0.0,0.0
2.94425,0.38,2.862,2.879,0.03227852,0.1504451,0.0,0.0,0.03227852,0.1504451,0.0,0.0,0.0,0.0
2.94523,0.38,2.863,2.88,0.03228629,0.1506025,0.0,0.0,0.03228629,0.1506025,0.0,0.0,0.0,0.0
2.94621,0.38,2.864,2.881,0.03229406,0.15076,0.0,0.0,0.03229406,0.15076,0.0,0.0,0.0,0.0
2.94719,0.38,2.865,2.882,0.03230184,0.1509176,0.0,0.0,0.03230184,0.1509176,0.0,0.0,0.0,0.0
2.94817,0.38,2.866,2.883,0.03230961,0.1510754,0.0,0.0,0.03230961,0.1510754,0.0,0.0,0.0,0.0
2.94914,0.38,2.867,2.884,0.03231738,0.1512333,0.0,0.0,0.03231738,0.1512333,0.0,0.0,0.0,0.0
2.95012,0.38,2.868,2.885,0.03232515,0.1513913,0.0,0.0,0.03232515,0.1513913,0.0,0.0,0.0,0.0
2.9511,0.38,2.869,2.886,0.03233292,0.1515495,0.0,0.0,0.03233292,0.1515495,0.0,0.0,0.0,0.0
2.95208,0.38,2.87,2.887,0.03234069,0.1517077,0.0,0.0,0.03234069,0.1517077,0.0,0.0,0.0,0.0
2.95305,0.38,2.871,2.888,0.03234847,0.1518662,0.0,0.0,0.03234847,0.1518662,0.0,0.0,0.0,0.0
2.95403,0.38,2.872,2.889,0.03235624,0.1520247,0.0,0.0,0.03235624,0.1520247,0.0,0.0,0.0,0.0
2.95501,0.38,2.873,2.89,0.03236401,0.1521833,0.0,0.0,0.03236401,0.1521833,0.0,0.0,0.0,0.0
2.95599,0.38,2.874,2.891,0.03237178,0.1523421,0.0,0.0,0.03237178,0.1523421,0.0,0.0,0.0,0.0
2.95697,0.38,2.875,2.892,0.03237956,0.1525011,0.0,0.0,0.03237956,0.1525011,0.0,0.0,0.0,0.0
2.95794,0.38,2.876,2.893,0.03238733,0.1526601,0.0,0.0,0.03238733,0.1526601,0.0,0.0,0.0,0.0
2.95892,0.38,2.877,2.894,0.0323951,0.1528193,0.0,0.0,0.0323951,0.1528193,0.0,0.0,0.0,0.0
2.9599,0.38,2.878,2.895,0.03240288,0.1529786,0.0,0.0,0.03240288,0.1529786,0.0,0.0,0.0,0.0
2.96088,0.38,2.879,2.896,0.03241065,0.153138,0.0,0.0,0.03241065,0.153138,0.0,0.0,0.0,0.0
2.96186,0.38,2.88,2.897,0.03241842,0.1532975,0.0,0.0,0.03241842,0.1532975,0.0,0.0,0.0,0.0
2.96284,0.38,2.881,2.898,0.0324262,0.1534572,0.0,0.0,0.0324262,0.1534572,0.0,0.0,0.0,0.0
2.96381,0.38,2.882,2.899,0.03243397,0.153617,0.0,0.0,0.03243397,0.153617,0.0,0.0,0.0,0.0
2.96479,0.38,2.883,2.9,0.03244175,0.153777,0.0,0.0,0.03244175,0.153777,0.0,0.0,0.0,0.0
2.96577,0.38,2.884,2.901,0.03244952,0.153937,0.0,0.0,0.03244952,0.153937,0.0,0.0,0.0,0.0
2.96675,0.38,2.885,2.902,0.03245729,0.1540972,0.0,0.0,0.03245729,0.1540972,0.0,0.0,0.0,0.0
2.96773,0.38,2.886,2.903,0.03246507,0.1542575,0.0,0.0,0.03246507,0.1542575,0.0,0.0,0.0,0.0
2.9687,0.38,2.887,2.904,0.03247284,0.154418,0.0,0.0,0.03247284,0.154418,0.0,0.0,0.0,0.0
2.96968,0.38,2.888,2.905,0.03248062,0.1545786,0.0,0.0,0.03248062,0.1545786,0.0,0.0,0.0,0.0
2.97066,0.38,2.889,2.906,0.0324884,0.1547393,0.0,0.0,0.0324884,0.1547393,0.0,0.0,0.0,0.0
2.97164,0.38,2.89,2.907,0.03249617,0.1549001,0.0,0.0,0.03249617,0.1549001,0.0,0.0,0.0,0.0
2.97262,0.38,2.891,2.908,0.03250395,0.155061,0.0,0.0,0.03250395,0.155061,0.0,0.0,0.0,0.0
2.9736,0.38,2.892,2.909,0.03251172,0.1552221,0.0,0.0,0.03251172,0.1552221,0.0,0.0,0.0,0.0
2.97457,0.38,2.893,2.91,0.0325195,0.1553833,0.0,0.0,0.0325195,0.1553833,0.0,0.0,0.0,0.0
2.97555,0.38,2.894,2.911,0.03252728,0.1555447,0.0,0.0,0.03252728,0.1555447,0.0,0.0,0.0,0.0
2.97653,0.38,2.895,2.912,0.03253505,0.1557062,0.0,0.0,0.03253505,0.1557062,0.0,0.0,0.0,0.0
2.97751,0.38,2.896,2.913,0.03254283,0.1558678,0.0,0.0,0.03254283,0.1558678,0.0,0.0,0.0,0.0
2.97849,0.38,2.897,2.914,0.03255061,0.1560295,0.0,0.0,0.03255061,0.1560295,0.0,0.0,0.0,0.0
2.97947,0.38,2.898,2.915,0.03255838,0.1561913,0.0,0.0,0.03255838,0.1561913,0.0,0.0,0.0,0.0
2.98044,0.38,2.899,2.916,0.03256616,0.1563533,0.0,0.0,0.03256616,0.1563533,0.0,0.0,0.0,0.0
2.98142,0.38,2.9,2.917,0.03257394,0.1565154,0.0,0.0,0.03257394,0.1565154,0.0,0.0,0.0,0.0
2.9824,0.38,2.901,2.918,0.03258172,0.1566777,0.0,0.0,0.03258172,0.1566777,0.0,0.0,0.0,0.0
2.98338,0.38,2.902,2.919,0.03258949,0.1568401,0.0,0.0,0.03258949,0.1568401,0.0,0.0,0.0,0.0
2.98436,0.38,2.903,2.92,0.03259727,0.1570026,0.0,0.0,0.03259727,0.1570026,0.0,0.0,0.0,0.0
2.98534,0.38,2.904,2.921,0.03260505,0.1571652,0.0,0.0,0.03260505,0.1571652,0.0,0.0,0.0,0.0
2.98631,0.38,2.905,2.922,0.03261283,0.1573279,0.0,0.0,0.03261283,0.1573279,0.0,0.0,0.0,0.0
2.98729,0.38,2.906,2.923,0.03262061,0.1574908,0.0,0.0,0.03262061,0.1574908,0.0,0.0,0.0,0.0
2.98827,0.38,2.907,2.924,0.03262839,0.1576538,0.0,0.0,0.03262839,0.1576538,0.0,0.0,0.0,0.0
2.98925,0.38,2.908,2.925,0.03263616,0.157817,0.0,0.0,0.03263616,0.157817,0.0,0.0,0.0,0.0
2.99023,0.38,2.909,2.926,0.03264394,0.1579803,0.0,0.0,0.03264394,0.1579803,0.0,0.0,0.0,0.0
2.99121,0.38,2.91,2.927,0.03265172,0.1581437,0.0,0.0,0.03265172,0.1581437,0.0,0.0,0.0,0.0
2.99219,0.38,2.911,2.928,0.0326595,0.1583072,0.0,0.0,0.0326595,0.1583072,0.0,0.0,0.0,0.0
2.99316,0.38,2.912,2.929,0.03266728,0.1584708,0.0,0.0,0.03266728,0.1584708,0.0,0.0,0.0,0.0
2.99414,0.38,2.913,2.93,0.03267506,0.1586346,0.0,0.0,0.03267506,0.1586346,0.0,0.0,0.0,0.0
2.99512,0.38,2.914,2.931,0.03268284,0.1587985,0.0,0.0,0.03268284,0.1587985,0.0,0.0,0.0,0.0
2.9961,0.38,2.915,2.932,0.03269062,0.1589626,0.0,0.0,0.03269062,0.1589626,0.0,0.0,0.0,0.0
2.99708,0.38,2.916,2.933,0.0326984,0.1591268,0.0,0.0,0.0326984,0.1591268,0.0,0.0,0.0,0.0
2.99806,0.38,2.917,2.934,0.03270618,0.1592911,0.0,0.0,0.03270618,0.1592911,0.0,0.0,0.0,0.0
2.99904,0.38,2.918,2.935,0.03271396,0.1594555,0.0,0.0,0.03271396,0.1594555,0.0,0.0,0.0,0.0
3.00001,0.38,2.919,2.936,0.03272174,0.1596201,0.0,0.0,0.03272174,0.1596201,0.0,0.0,0.0,0.0
3.00099,0.38,2.92,2.937,0.03272952,0.1597848,0.0,0.0,0.03272952,0.1597848,0.0,0.0,0.0,0.0
3.00197,0.38,2.921,2.938,0.03273731,0.1599496,0.0,0.0,0.03273731,0.1599496,0.0,0.0,0.0,0.0
3.00295,0.38,2.922,2.939,0.03274509,0.1601145,0.0,0.0,0.03274509,0.1601145,0.0,0.0,0.0,0.0
3.00393,0.38,2.923,2.94,0.03275287,0.1602796,0.0,0.0,0.03275287,0.1602796,0.0,0.0,0.0,0.0
3.00491,0.38,2.924,2.941,0.03276065,0.1604448,0.0,0.0,0.03276065,0.1604448,0.0,0.0,0.0,0.0
3.00589,0.38,2.925,2.942,0.03276843,0.1606102,0.0,0.0,0.03276843,0.1606102,0.0,0.0,0.0,0.0
3.00686,0.38,2.926,2.943,0.03277621,0.1607756,0.0,0.0,0.03277621,0.1607756,0.0,0.0,0.0,0.0
3.00784,0.38,2.927,2.944,0.032784,0.1609412,0.0,0.0,0.032784,0.1609412,0.0,0.0,0.0,0.0
3.00882,0.38,2.928,2.945,0.03279178,0.1611069,0.0,0.0,0.03279178,0.1611069,0.0,0.0,0.0,0.0
3.0098,0.38,2.929,2.946,0.03279956,0.1612728,0.0,0.0,0.03279956,0.1612728,0.0,0.0,0.0,0.0
3.01078,0.38,2.93,2.947,0.03280734,0.1614388,0.0,0.0,0.03280734,0.1614388,0.0,0.0,0.0,0.0
3.01176,0.38,2.931,2.948,0.03281513,0.1616049,0.0,0.0,0.03281513,0.1616049,0.0,0.0,0.0,0.0
3.01274,0.38,2.932,2.949,0.03282291,0.1617712,0.0,0.0,0.03282291,0.1617712,0.0,0.0,0.0,0.0
3.01372,0.38,2.933,2.95,0.03283069,0.1619375,0.0,0.0,0.03283069,0.1619375,0.0,0.0,0.0,0.0
3.0147,0.38,2.934,2.951,0.03283848,0.162104,0.0,0.0,0.03283848,0.162104,0.0,0.0,0.0,0.0
3.01567,0.38,2.935,2.952,0.03284626,0.1622707,0.0,0.0,0.03284626,0.1622707,0.0,0.0,0.0,0.0
3.01665,0.38,2.936,2.953,0.03285404,0.1624374,0.0,0.0,0.03285404,0.1624374,0.0,0.0,0.0,0.0
3.01763,0.38,2.937,2.954,0.03286183,0.1626043,0.0,0.0,0.03286183,0.1626043,0.0,0.0,0.0,0.0
3.01861,0.38,2.938,2.955,0.03286961,0.1627714,0.0,0.0,0.03286961,0.1627714,0.0,0.0,0.0,0.0
3.01959,0.38,2.939,2.956,0.03287739,0.1629385,0.0,0.0,0.03287739,0.1629385,0.0,0.0,0.0,0.0
3.02057,0.38,2.94,2.957,0.03288518,0.1631058,0.0,0.0,0.03288518,0.1631058,0.0,0.0,0.0,0.0
3.02155,0.38,2.941,2.958,0.03289296,0.1632732,0.0,0.0,0.03289296,0.1632732,0.0,0.0,0.0,0.0
3.02253,0.38,2.942,2.959,0.03290075,0.1634408,0.0,0.0,0.03290075,0.1634408,0.0,0.0,0.0,0.0
3.02351,0.38,2.943,2.96,0.03290853,0.1636085,0.0,0.0,0.03290853,0.1636085,0.0,0.0,0.0,0.0
3.02448,0.38,2.944,2.961,0.03291632,0.1637763,0.0,0.0,0.03291632,0.1637763,0.0,0.0,0.0,0.0
3.02546,0.38,2.945,2.962,0.0329241,0.1639442,0.0,0.0,0.0329241,0.1639442,0.0,0.0,0.0,0.0
3.02644,0.38,2.946,2.963,0.03293189,0.1641123,0.0,0.0,0.03293189,0.1641123,0.0,0.0,0.0,0.0
3.02742,0.38,2.947,2.964,0.03293967,0.1642805,0.0,0.0,0.03293967,0.1642805,0.0,0.0,0.0,0.0
3.0284,0.38,2.948,2.965,0.03294746,0.1644488,0.0,0.0,0.03294746,0.1644488,0.0,0.0,0.0,0.0
3.02938,0.38,2.949,2.966,0.03295524,0.1646173,0.0,0.0,0.03295524,0.1646173,0.0,0.0,0.0,0.0
3.03036,0.38,2.95,2.967,0.03296303,0.1647859,0.0,0.0,0.03296303,0.1647859,0.0,0.0,0.0,0.0
3.03134,0.38,2.951,2.968,0.03297081,0.1649546,0.0,0.0,0.03297081,0.1649546,0.0,0.0,0.0,0.0
3.03232,0.38,2.952,2.969,0.0329786,0.1651234,0.0,0.0,0.0329786,0.1651234,0.0,0.0,0.0,0.0
3.0333,0.38,2.953,2.97,0.03298639,0.1652924,0.0,0.0,0.03298639,0.1652924,0.0,0.0,0.0,0.0
3.03428,0.38,2.954,2.971,0.03299417,0.1654615,0.0,0.0,0.03299417,0.1654615,0.0,0.0,0.0,0.0
3.03525,0.38,2.955,2.972,0.03300196,0.1656308,0.0,0.0,0.03300196,0.1656308,0.0,0.0,0.0,0.0
3.03623,0.38,2.956,2.973,0.03300975,0.1658002,0.0,0.0,0.03300975,0.1658002,0.0,0.0,0.0,0.0
3.03721,0.38,2.957,2.974,0.03301753,0.1659697,0.0,0.0,0.03301753,0.1659697,0.0,0.0,0.0,0.0
3.03819,0.38,2.958,2.975,0.03302532,0.1661393,0.0,0.0,0.03302532,0.1661393,0.0,0.0,0.0,0.0
3.03917,0.38,2.959,2.976,0.03303311,0.1663091,0.0,0.0,0.03303311,0.1663091,0.0,0.0,0.0,0.0
3.04015,0.38,2.96,2.977,0.03304089,0.166479,0.0,0.0,0.03304089,0.166479,0.0,0.0,0.0,0.0
3.04113,0.38,2.961,2.978,0.03304868,0.166649,0.0,0.0,0.03304868,0.166649,0.0,0.0,0.0,0.0
3.04211,0.38,2.962,2.979,0.03305647,0.1668192,0.0,0.0,0.03305647,0.1668192,0.0,0.0,0.0,0.0
3.04309,0.38,2.963,2.98,0.03306426,0.1669895,0.0,0.0,0.03306426,0.1669895,0.0,0.0,0.0,0.0
3.04407,0.38,2.964,2.981,0.03307205,0.1671599,0.0,0.0,0.03307205,0.1671599,0.0,0.0,0.0,0.0
3.04505,0.38,2.965,2.982,0.03307983,0.1673304,0.0,0.0,0.03307983,0.1673304,0.0,0.0,0.0,0.0
3.04603,0.38,2.966,2.983,0.03308762,0.1675011,0.0,0.0,0.03308762,0.1675011,0.0,0.0,0.0,0.0
3.04701,0.38,2.967,2.984,0.03309541,0.1676719,0.0,0.0,0.03309541,0.1676719,0.0,0.0,0.0,0.0
3.04799,0.38,2.968,2.985,0.0331032,0.1678429,0.0,0.0,0.0331032,0.1678429,0.0,0.0,0.0,0.0
3.04896,0.38,2.969,2.986,0.03311099,0.168014,0.0,0.0,0.03311099,0.168014,0.0,0.0,0.0,0.0
3.04994,0.38,2.97,2.987,0.03311878,0.1681852,0.0,0.0,0.03311878,0.1681852,0.0,0.0,0.0,0.0
3.05092,0.38,2.971,2.988,0.03312656,0.1683565,0.0,0.0,0.03312656,0.1683565,0.0,0.0,0.0,0.0
3.0519,0.38,2.972,2.989,0.03313435,0.168528,0.0,0.0,0.03313435,0.168528,0.0,0.0,0.0,0.0
3.05288,0.38,2.973,2.99,0.03314214,0.1686996,0.0,0.0,0.03314214,0.1686996,0.0,0.0,0.0,0.0
3.05386,0.38,2.974,2.991,0.03314993,0.1688714,0.0,0.0,0.03314993,0.1688714,0.0,0.0,0.0,0.0
3.05484,0.38,2.975,2.992,0.03315772,0.1690432,0.0,0.0,0.03315772,0.1690432,0.0,0.0,0.0,0.0
3.05582,0.38,2.976,2.993,0.03316551,0.1692152,0.0,0.0,0.03316551,0.1692152,0.0,0.0,0.0,0.0
3.0568,0.38,2.977,2.994,0.0331733,0.1693874,0.0,0.0,0.0331733,0.1693874,0.0,0.0,0.0,0.0
3.05778,0.38,2.978,2.995,0.03318109,0.1695596,0.0,0.0,0.03318109,0.1695596,0.0,0.0,0.0,0.0
3.05876,0.38,2.979,2.996,0.03318888,0.169732,0.0,0.0,0.03318888,0.169732,0.0,0.0,0.0,0.0
3.05974,0.38,2.98,2.997,0.03319667,0.1699046,0.0,0.0,0.03319667,0.1699046,0.0,0.0,0.0,0.0
3.06072,0.38,2.981,2.998,0.03320446,0.1700772,0.0,0.0,0.03320446,0.1700772,0.0,0.0,0.0,0.0
3.0617,0.38,2.982,2.999,0.03321225,0.17025,0.0,0.0,0.03321225,0.17025,0.0,0.0,0.0,0.0
3.06268,0.38,2.983,3.0,0.03322004,0.170423,0.0,0.0,0.03322004,0.170423,0.0,0.0,0.0,0.0
3.06366,0.38,2.984,3.001,0.03322783,0.170596,0.0,0.0,0.03322783,0.170596,0.0,0.0,0.0,0.0
3.06464,0.38,2.985,3.002,0.03323562,0.1707692,0.0,0.0,0.03323562,0.1707692,0.0,0.0,0.0,0.0
3.06562,0.38,2.986,3.003,0.03324341,0.1709425,0.0,0.0,0.03324341,0.1709425,0.0,0.0,0.0,0.0
3.06659,0.38,2.987,3.004,0.03325121,0.171116,0.0,0.0,0.03325121,0.171116,0.0,0.0,0.0,0.0
3.06757,0.38,2.988,3.005,0.033259,0.1712896,0.0,0.0,0.033259,0.1712896,0.0,0.0,0.0,0.0
3.06855,0.38,2.989,3.006,0.03326679,0.1714633,0.0,0.0,0.03326679,0.1714633,0.0,0.0,0.0,0.0
3.06953,0.38,2.99,3.007,0.03327458,0.1716371,0.0,0.0,0.03327458,0.1716371,0.0,0.0,0.0,0.0
3.07051,0.38,2.991,3.008,0.03328237,0.1718111,0.0,0.0,0.03328237,0.1718111,0.0,0.0,0.0,0.0
3.07149,0.38,2.992,3.009,0.03329016,0.1719852,0.0,0.0,0.03329016,0.1719852,0.0,0.0,0.0,0.0
3.07247,0.38,2.993,3.01,0.03329795,0.1721595,0.0,0.0,0.03329795,0.1721595,0.0,0.0,0.0,0.0
3.07345,0.38,2.994,3.011,0.03330575,0.1723339,0.0,0.0,0.03330575,0.1723339,0.0,0.0,0.0,0.0
3.07443,0.38,2.995,3.012,0.03331354,0.1725084,0.0,0.0,0.03331354,0.1725084,0.0,0.0,0.0,0.0
3.07541,0.38,2.996,3.013,0.03332133,0.172683,0.0,0.0,0.03332133,0.172683,0.0,0.0,0.0,0.0
3.07639,0.38,2.997,3.014,0.03332912,0.1728578,0.0,0.0,0.03332912,0.1728578,0.0,0.0,0.0,0.0
3.07737,0.38,2.998,3.015,0.03333692,0.1730327,0.0,0.0,0.03333692,0.1730327,0.0,0.0,0.0,0.0
3.07835,0.38,2.999,3.016,0.03334471,0.1732078,0.0,0.0,0.03334471,0.1732078,0.0,0.0,0.0,0.0
3.07933,0.38,3.0,3.017,0.0333525,0.173383,0.0,0.0,0.0333525,0.173383,0.0,0.0,0.0,0.0
3.08031,0.38,3.001,3.018,0.03336029,0.1735583,0.0,0.0,0.03336029,0.1735583,0.0,0.0,0.0,0.0
3.08129,0.38,3.002,3.019,0.03336809,0.1737337,0.0,0.0,0.03336809,0.1737337,0.0,0.0,0.0,0.0
3.08227,0.38,3.003,3.02,0.03337588,0.1739093,0.0,0.0,0.03337588,0.1739093,0.0,0.0,0.0,0.0
3.08325,0.38,3.004,3.021,0.03338367,0.174085,0.0,0.0,0.03338367,0.174085,0.0,0.0,0.0,0.0
3.08423,0.38,3.005,3.022,0.03339147,0.1742608,0.0,0.0,0.03339147,0.1742608,0.0,0.0,0.0,0.0
3.08521,0.38,3.006,3.023,0.03339926,0.1744368,0.0,0.0,0.03339926,0.1744368,0.0,0.0,0.0,0.0
3.08619,0.38,3.007,3.024,0.03340705,0.1746129,0.0,0.0,0.03340705,0.1746129,0.0,0.0,0.0,0.0
3.08717,0.38,3.008,3.025,0.03341485,0.1747892,0.0,0.0,0.03341485,0.1747892,0.0,0.0,0.0,0.0
3.08815,0.38,3.009,3.026,0.03342264,0.1749655,0.0,0.0,0.03342264,0.1749655,0.0,0.0,0.0,0.0
3.08913,0.38,3.01,3.027,0.03343044,0.1751421,0.0,0.0,0.03343044,0.1751421,0.0,0.0,0.0,0.0
3.09011,0.38,3.011,3.028,0.03343823,0.1753187,0.0,0.0,0.03343823,0.1753187,0.0,0.0,0.0,0.0
3.09109,0.38,3.012,3.029,0.03344602,0.1754955,0.0,0.0,0.03344602,0.1754955,0.0,0.0,0.0,0.0
3.09207,0.38,3.013,3.03,0.03345382,0.1756724,0.0,0.0,0.03345382,0.1756724,0.0,0.0,0.0,0.0
3.09305,0.38,3.014,3.031,0.03346161,0.1758494,0.0,0.0,0.03346161,0.1758494,0.0,0.0,0.0,0.0
3.09403,0.38,3.015,3.032,0.03346941,0.1760266,0.0,0.0,0.03346941,0.1760266,0.0,0.0,0.0,0.0
3.09501,0.38,3.016,3.033,0.0334772,0.1762039,0.0,0.0,0.0334772,0.1762039,0.0,0.0,0.0,0.0
3.09599,0.38,3.017,3.034,0.033485,0.1763814,0.0,0.0,0.033485,0.1763814,0.0,0.0,0.0,0.0
3.09697,0.38,3.018,3.035,0.03349279,0.1765589,0.0,0.0,0.03349279,0.1765589,0.0,0.0,0.0,0.0
3.09795,0.38,3.019,3.036,0.03350059,0.1767366,0.0,0.0,0.03350059,0.1767366,0.0,0.0,0.0,0.0
3.09893,0.38,3.02,3.037,0.03350838,0.1769145,0.0,0.0,0.03350838,0.1769145,0.0,0.0,0.0,0.0
3.09991,0.38,3.021,3.038,0.03351618,0.1770925,0.0,0.0,0.03351618,0.1770925,0.0,0.0,0.0,0.0
3.10089,0.38,3.022,3.039,0.03352397,0.1772706,0.0,0.0,0.03352397,0.1772706,0.0,0.0,0.0,0.0
3.10187,0.38,3.023,3.04,0.03353177,0.1774488,0.0,0.0,0.03353177,0.1774488,0.0,0.0,0.0,0.0
3.10285,0.38,3.024,3.041,0.03353956,0.1776272,0.0,0.0,0.03353956,0.1776272,0.0,0.0,0.0,0.0
3.10383,0.38,3.025,3.042,0.03354736,0.1778057,0.0,0.0,0.03354736,0.1778057,0.0,0.0,0.0,0.0
3.10481,0.38,3.026,3.043,0.03355515,0.1779844,0.0,0.0,0.03355515,0.1779844,0.0,0.0,0.0,0.0
3.10579,0.38,3.027,3.044,0.03356295,0.1781631,0.0,0.0,0.03356295,0.1781631,0.0,0.0,0.0,0.0
3.10677,0.38,3.028,3.045,0.03357075,0.178342,0.0,0.0,0.03357075,0.178342,0.0,0.0,0.0,0.0
3.10775,0.38,3.029,3.046,0.03357854,0.1785211,0.0,0.0,0.03357854,0.1785211,0.0,0.0,0.0,0.0
3.10873,0.38,3.03,3.047,0.03358634,0.1787003,0.0,0.0,0.03358634,0.1787003,0.0,0.0,0.0,0.0
3.10971,0.38,3.031,3.048,0.03359414,0.1788796,0.0,0.0,0.03359414,0.1788796,0.0,0.0,0.0,0.0
3.11069,0.38,3.032,3.049,0.03360193,0.179059,0.0,0.0,0.03360193,0.179059,0.0,0.0,0.0,0.0
3.11167,0.38,3.033,3.05,0.03360973,0.1792386,0.0,0.0,0.03360973,0.1792386,0.0,0.0,0.0,0.0
3.11265,0.38,3.034,3.051,0.03361753,0.1794183,0.0,0.0,0.03361753,0.1794183,0.0,0.0,0.0,0.0
3.11363,0.38,3.035,3.052,0.03362532,0.1795982,0.0,0.0,0.03362532,0.1795982,0.0,0.0,0.0,0.0
3.11461,0.38,3.036,3.053,0.03363312,0.1797782,0.0,0.0,0.03363312,0.1797782,0.0,0.0,0.0,0.0
3.11559,0.38,3.037,3.054,0.03364092,0.1799583,0.0,0.0,0.03364092,0.1799583,0.0,0.0,0.0,0.0
3.11657,0.38,3.038,3.055,0.03364871,0.1801386,0.0,0.0,0.03364871,0.1801386,0.0,0.0,0.0,0.0
3.11755,0.38,3.039,3.056,0.03365651,0.180319,0.0,0.0,0.03365651,0.180319,0.0,0.0,0.0,0.0
3.11853,0.38,3.04,3.057,0.03366431,0.1804995,0.0,0.0,0.03366431,0.1804995,0.0,0.0,0.0,0.0
3.11951,0.38,3.041,3.058,0.03367211,0.1806801,0.0,0.0,0.03367211,0.1806801,0.0,0.0,0.0,0.0
3.12049,0.38,3.042,3.059,0.0336799,0.1808609,0.0,0.0,0.0336799,0.1808609,0.0,0.0,0.0,0.0
3.12147,0.38,3.043,3.06,0.0336877,0.1810419,0.0,0.0,0.0336877,0.1810419,0.0,0.0,0.0,0.0
3.12245,0.38,3.044,3.061,0.0336955,0.1812229,0.0,0.0,0.0336955,0.1812229,0.0,0.0,0.0,0.0
3.12343,0.38,3.045,3.062,0.0337033,0.1814041,0.0,0.0,0.0337033,0.1814041,0.0,0.0,0.0,0.0
3.12441,0.38,3.046,3.063,0.03371109,0.1815855,0.0,0.0,0.03371109,0.1815855,0.0,0.0,0.0,0.0
3.12539,0.38,3.047,3.064,0.03371889,0.1817669,0.0,0.0,0.03371889,0.1817669,0.0,0.0,0.0,0.0
3.12637,0.38,3.048,3.065,0.03372669,0.1819485,0.0,0.0,0.03372669,0.1819485,0.0,0.0,0.0,0.0
3.12735,0.38,3.049,3.066,0.03373449,0.1821303,0.0,0.0,0.03373449,0.1821303,0.0,0.0,0.0,0.0
3.12833,0.38,3.05,3.067,0.03374229,0.1823121,0.0,0.0,0.03374229,0.1823121,0.0,0.0,0.0,0.0
3.12931,0.38,3.051,3.068,0.03375009,0.1824942,0.0,0.0,0.03375009,0.1824942,0.0,0.0,0.0,0.0
3.1303,0.38,3.052,3.069,0.03375788,0.1826763,0.0,0.0,0.03375788,0.1826763,0.0,0.0,0.0,0.0
3.13128,0.38,3.053,3.07,0.03376568,0.1828586,0.0,0.0,0.03376568,0.1828586,0.0,0.0,0.0,0.0
3.13226,0.38,3.054,3.071,0.03377348,0.183041,0.0,0.0,0.03377348,0.183041,0.0,0.0,0.0,0.0
3.13324,0.38,3.055,3.072,0.03378128,0.1832235,0.0,0.0,0.03378128,0.1832235,0.0,0.0,0.0,0.0
3.13422,0.38,3.056,3.073,0.03378908,0.1834062,0.0,0.0,0.03378908,0.1834062,0.0,0.0,0.0,0.0
3.1352,0.38,3.057,3.074,0.03379688,0.183589,0.0,0.0,0.03379688,0.183589,0.0,0.0,0.0,0.0
3.13618,0.38,3.058,3.075,0.03380468,0.183772,0.0,0.0,0.03380468,0.183772,0.0,0.0,0.0,0.0
3.13716,0.38,3.059,3.076,0.03381248,0.1839551,0.0,0.0,0.03381248,0.1839551,0.0,0.0,0.0,0.0
3.13814,0.38,3.06,3.077,0.03382028,0.1841383,0.0,0.0,0.03382028,0.1841383,0.0,0.0,0.0,0.0
3.13912,0.38,3.061,3.078,0.03382807,0.1843217,0.0,0.0,0.03382807,0.1843217,0.0,0.0,0.0,0.0
3.1401,0.38,3.062,3.079,0.03383587,0.1845052,0.0,0.0,0.03383587,0.1845052,0.0,0.0,0.0,0.0
3.14108,0.38,3.063,3.08,0.03384367,0.1846888,0.0,0.0,0.03384367,0.1846888,0.0,0.0,0.0,0.0
3.14206,0.38,3.064,3.081,0.03385147,0.1848726,0.0,0.0,0.03385147,0.1848726,0.0,0.0,0.0,0.0
3.14304,0.38,3.065,3.082,0.03385927,0.1850565,0.0,0.0,0.03385927,0.1850565,0.0,0.0,0.0,0.0
3.14402,0.38,3.066,3.083,0.03386707,0.1852405,0.0,0.0,0.03386707,0.1852405,0.0,0.0,0.0,0.0
3.145,0.38,3.067,3.084,0.03387487,0.1854247,0.0,0.0,0.03387487,0.1854247,0.0,0.0,0.0,0.0
3.14598,0.38,3.068,3.085,0.03388267,0.185609,0.0,0.0,0.03388267,0.185609,0.0,0.0,0.0,0.0
3.14696,0.38,3.069,3.086,0.03389047,0.1857934,0.0,0.0,0.03389047,0.1857934,0.0,0.0,0.0,0.0
3.14794,0.38,3.07,3.087,0.03389827,0.185978,0.0,0.0,0.03389827,0.185978,0.0,0.0,0.0,0.0
3.14893,0.38,3.071,3.088,0.03390607,0.1861627,0.0,0.0,0.03390607,0.1861627,0.0,0.0,0.0,0.0
3.14991,0.38,3.072,3.089,0.03391387,0.1863476,0.0,0.0,0.03391387,0.1863476,0.0,0.0,0.0,0.0
3.15089,0.38,3.073,3.09,0.03392167,0.1865326,0.0,0.0,0.03392167,0.1865326,0.0,0.0,0.0,0.0
3.15187,0.38,3.074,3.091,0.03392947,0.1867177,0.0,0.0,0.03392947,0.1867177,0.0,0.0,0.0,0.0
3.15285,0.38,3.075,3.092,0.03393728,0.186903,0.0,0.0,0.03393728,0.186903,0.0,0.0,0.0,0.0
3.15383,0.38,3.076,3.093,0.03394508,0.1870884,0.0,0.0,0.03394508,0.1870884,0.0,0.0,0.0,0.0
3.15481,0.38,3.077,3.094,0.03395288,0.1872739,0.0,0.0,0.03395288,0.1872739,0.0,0.0,0.0,0.0
3.15579,0.38,3.078,3.095,0.03396068,0.1874596,0.0,0.0,0.03396068,0.1874596,0.0,0.0,0.0,0.0
3.15677,0.38,3.079,3.096,0.03396848,0.1876454,0.0,0.0,0.03396848,0.1876454,0.0,0.0,0.0,0.0
3.15775,0.38,3.08,3.097,0.03397628,0.1878313,0.0,0.0,0.03397628,0.1878313,0.0,0.0,0.0,0.0
3.15873,0.38,3.081,3.098,0.03398408,0.1880174,0.0,0.0,0.03398408,0.1880174,0.0,0.0,0.0,0.0
3.15971,0.38,3.082,3.099,0.03399188,0.1882036,0.0,0.0,0.03399188,0.1882036,0.0,0.0,0.0,0.0
3.16069,0.38,3.083,3.1,0.03399968,0.1883899,0.0,0.0,0.03399968,0.1883899,0.0,0.0,0.0,0.0
3.16167,0.38,3.084,3.101,0.03400748,0.1885764,0.0,0.0,0.03400748,0.1885764,0.0,0.0,0.0,0.0
3.16266,0.38,3.085,3.102,0.03401529,0.188763,0.0,0.0,0.03401529,0.188763,0.0,0.0,0.0,0.0
3.16364,0.38,3.086,3.103,0.03402309,0.1889498,0.0,0.0,0.03402309,0.1889498,0.0,0.0,0.0,0.0
3.16462,0.38,3.087,3.104,0.03403089,0.1891367,0.0,0.0,0.03403089,0.1891367,0.0,0.0,0.0,0.0
3.1656,0.38,3.088,3.105,0.03403869,0.1893237,0.0,0.0,0.03403869,0.1893237,0.0,0.0,0.0,0.0
3.16658,0.38,3.089,3.106,0.03404649,0.1895109,0.0,0.0,0.03404649,0.1895109,0.0,0.0,0.0,0.0
3.16756,0.38,3.09,3.107,0.03405429,0.1896982,0.0,0.0,0.03405429,0.1896982,0.0,0.0,0.0,0.0
3.16854,0.38,3.091,3.108,0.0340621,0.1898857,0.0,0.0,0.0340621,0.1898857,0.0,0.0,0.0,0.0
3.16952,0.38,3.092,3.109,0.0340699,0.1900732,0.0,0.0,0.0340699,0.1900732,0.0,0.0,0.0,0.0
3.1705,0.38,3.093,3.11,0.0340777,0.190261,0.0,0.0,0.0340777,0.190261,0.0,0.0,0.0,0.0
3.17148,0.38,3.094,3.111,0.0340855,0.1904488,0.0,0.0,0.0340855,0.1904488,0.0,0.0,0.0,0.0
3.17246,0.38,3.095,3.112,0.0340933,0.1906368,0.0,0.0,0.0340933,0.1906368,0.0,0.0,0.0,0.0
3.17345,0.38,3.096,3.113,0.03410111,0.1908249,0.0,0.0,0.03410111,0.1908249,0.0,0.0,0.0,0.0
3.17443,0.38,3.097,3.114,0.03410891,0.1910132,0.0,0.0,0.03410891,0.1910132,0.0,0.0,0.0,0.0
3.17541,0.38,3.098,3.115,0.03411671,0.1912016,0.0,0.0,0.03411671,0.1912016,0.0,0.0,0.0,0.0
3.17639,0.38,3.099,3.116,0.03412451,0.1913901,0.0,0.0,0.03412451,0.1913901,0.0,0.0,0.0,0.0
3.17737,0.38,3.1,3.117,0.03413232,0.1915788,0.0,0.0,0.03413232,0.1915788,0.0,0.0,0.0,0.0
3.17835,0.38,3.101,3.118,0.03414012,0.1917676,0.0,0.0,0.03414012,0.1917676,0.0,0.0,0.0,0.0
3.17933,0.38,3.102,3.119,0.03414792,0.1919566,0.0,0.0,0.03414792,0.1919566,0.0,0.0,0.0,0.0
3.18031,0.38,3.103,3.12,0.03415572,0.1921456,0.0,0.0,0.03415572,0.1921456,0.0,0.0,0.0,0.0
3.18129,0.38,3.104,3.121,0.03416353,0.1923349,0.0,0.0,0.03416353,0.1923349,0.0,0.0,0.0,0.0
3.18227,0.38,3.105,3.122,0.03417133,0.1925242,0.0,0.0,0.03417133,0.1925242,0.0,0.0,0.0,0.0
3.18326,0.38,3.106,3.123,0.03417913,0.1927137,0.0,0.0,0.03417913,0.1927137,0.0,0.0,0.0,0.0
3.18424,0.38,3.107,3.124,0.03418693,0.1929034,0.0,0.0,0.03418693,0.1929034,0.0,0.0,0.0,0.0
3.18522,0.38,3.108,3.125,0.03419474,0.1930931,0.0,0.0,0.03419474,0.1930931,0.0,0.0,0.0,0.0
3.1862,0.38,3.109,3.126,0.03420254,0.1932831,0.0,0.0,0.03420254,0.1932831,0.0,0.0,0.0,0.0
3.18718,0.38,3.11,3.127,0.03421034,0.1934731,0.0,0.0,0.03421034,0.1934731,0.0,0.0,0.0,0.0
3.18816,0.38,3.111,3.128,0.03421815,0.1936633,0.0,0.0,0.03421815,0.1936633,0.0,0.0,0.0,0.0
3.18914,0.38,3.112,3.129,0.03422595,0.1938536,0.0,0.0,0.03422595,0.1938536,0.0,0.0,0.0,0.0
3.19012,0.38,3.113,3.13,0.03423375,0.1940441,0.0,0.0,0.03423375,0.1940441,0.0,0.0,0.0,0.0
3.1911,0.38,3.114,3.131,0.03424156,0.1942347,0.0,0.0,0.03424156,0.1942347,0.0,0.0,0.0,0.0
3.19209,0.38,3.115,3.132,0.03424936,0.1944254,0.0,0.0,0.03424936,0.1944254,0.0,0.0,0.0,0.0
3.19307,0.38,3.116,3.133,0.03425716,0.1946163,0.0,0.0,0.03425716,0.1946163,0.0,0.0,0.0,0.0
3.19405,0.38,3.117,3.134,0.03426497,0.1948073,0.0,0.0,0.03426497,0.1948073,0.0,0.0,0.0,0.0
3.19503,0.38,3.118,3.135,0.03427277,0.1949984,0.0,0.0,0.03427277,0.1949984,0.0,0.0,0.0,0.0
3.19601,0.38,3.119,3.136,0.03428058,0.1951897,0.0,0.0,0.03428058,0.1951897,0.0,0.0,0.0,0.0
3.19699,0.38,3.12,3.137,0.03428838,0.1953812,0.0,0.0,0.03428838,0.1953812,0.0,0.0,0.0,0.0
3.19797,0.38,3.121,3.138,0.03429618,0.1955727,0.0,0.0,0.03429618,0.1955727,0.0,0.0,0.0,0.0
3.19895,0.38,3.122,3.139,0.03430399,0.1957644,0.0,0.0,0.03430399,0.1957644,0.0,0.0,0.0,0.0
3.19994,0.38,3.123,3.14,0.03431179,0.1959563,0.0,0.0,0.03431179,0.1959563,0.0,0.0,0.0,0.0
3.20092,0.38,3.124,3.141,0.03431959,0.1961482,0.0,0.0,0.03431959,0.1961482,0.0,0.0,0.0,0.0
3.2019,0.38,3.125,3.142,0.0343274,0.1963404,0.0,0.0,0.0343274,0.1963404,0.0,0.0,0.0,0.0
3.20288,0.38,3.126,3.143,0.0343352,0.1965326,0.0,0.0,0.0343352,0.1965326,0.0,0.0,0.0,0.0
3.20386,0.38,3.127,3.144,0.03434301,0.196725,0.0,0.0,0.03434301,0.196725,0.0,0.0,0.0,0.0
3.20484,0.38,3.128,3.145,0.03435081,0.1969175,0.0,0.0,0.03435081,0.1969175,0.0,0.0,0.0,0.0
3.20582,0.38,3.129,3.146,0.03435862,0.1971102,0.0,0.0,0.03435862,0.1971102,0.0,0.0,0.0,0.0
3.2068,0.38,3.13,3.147,0.03436642,0.197303,0.0,0.0,0.03436642,0.197303,0.0,0.0,0.0,0.0
3.20779,0.38,3.131,3.148,0.03437422,0.197496,0.0,0.0,0.03437422,0.197496,0.0,0.0,0.0,0.0
3.20877,0.38,3.132,3.149,0.03438203,0.197689,0.0,0.0,0.03438203,0.197689,0.0,0.0,0.0,0.0
3.20975,0.38,3.133,3.15,0.03438983,0.1978823,0.0,0.0,0.03438983,0.1978823,0.0,0.0,0.0,0.0
3.21073,0.38,3.134,3.151,0.03439764,0.1980756,0.0,0.0,0.03439764,0.1980756,0.0,0.0,0.0,0.0
3.21171,0.38,3.135,3.152,0.03440544,0.1982691,0.0,0.0,0.03440544,0.1982691,0.0,0.0,0.0,0.0
3.21269,0.38,3.136,3.153,0.03441325,0.1984628,0.0,0.0,0.03441325,0.1984628,0.0,0.0,0.0,0.0
3.21367,0.38,3.137,3.154,0.03442105,0.1986565,0.0,0.0,0.03442105,0.1986565,0.0,0.0,0.0,0.0
3.21466,0.38,3.138,3.155,0.03442886,0.1988505,0.0,0.0,0.03442886,0.1988505,0.0,0.0,0.0,0.0
3.21564,0.38,3.139,3.156,0.03443666,0.1990445,0.0,0.0,0.03443666,0.1990445,0.0,0.0,0.0,0.0
3.21662,0.38,3.14,3.157,0.03444447,0.1992387,0.0,0.0,0.03444447,0.1992387,0.0,0.0,0.0,0.0
3.2176,0.38,3.141,3.158,0.03445227,0.199433,0.0,0.0,0.03445227,0.199433,0.0,0.0,0.0,0.0
3.21858,0.38,3.142,3.159,0.03446008,0.1996275,0.0,0.0,0.03446008,0.1996275,0.0,0.0,0.0,0.0
3.21956,0.38,3.143,3.16,0.03446788,0.1998221,0.0,0.0,0.03446788,0.1998221,0.0,0.0,0.0,0.0
3.22054,0.38,3.144,3.161,0.03447569,0.2000169,0.0,0.0,0.03447569,0.2000169,0.0,0.0,0.0,0.0
3.22153,0.38,3.145,3.162,0.03448349,0.2002118,0.0,0.0,0.03448349,0.2002118,0.0,0.0,0.0,0.0
3.22251,0.38,3.146,3.163,0.0344913,0.2004068,0.0,0.0,0.0344913,0.2004068,0.0,0.0,0.0,0.0
3.22349,0.38,3.147,3.164,0.0344991,0.200602,0.0,0.0,0.0344991,0.200602,0.0,0.0,0.0,0.0
3.22447,0.38,3.148,3.165,0.03450691,0.2007973,0.0,0.0,0.03450691,0.2007973,0.0,0.0,0.0,0.0
3.22545,0.38,3.149,3.166,0.03451471,0.2009927,0.0,0.0,0.03451471,0.2009927,0.0,0.0,0.0,0.0
3.22643,0.38,3.15,3.167,0.03452252,0.2011883,0.0,0.0,0.03452252,0.2011883,0.0,0.0,0.0,0.0
3.22742,0.38,3.151,3.168,0.03453032,0.201384,0.0,0.0,0.03453032,0.201384,0.0,0.0,0.0,0.0
3.2284,0.38,3.152,3.169,0.03453813,0.2015799,0.0,0.0,0.03453813,0.2015799,0.0,0.0,0.0,0.0
3.22938,0.38,3.153,3.17,0.03454593,0.2017759,0.0,0.0,0.03454593,0.2017759,0.0,0.0,0.0,0.0
3.23036,0.38,3.154,3.171,0.03455374,0.201972,0.0,0.0,0.03455374,0.201972,0.0,0.0,0.0,0.0
3.23134,0.38,3.155,3.172,0.03456154,0.2021683,0.0,0.0,0.03456154,0.2021683,0.0,0.0,0.0,0.0
3.23232,0.38,3.156,3.173,0.03456935,0.2023647,0.0,0.0,0.03456935,0.2023647,0.0,0.0,0.0,0.0
3.23331,0.38,3.157,3.174,0.03457715,0.2025613,0.0,0.0,0.03457715,0.2025613,0.0,0.0,0.0,0.0
3.23429,0.38,3.158,3.175,0.03458496,0.202758,0.0,0.0,0.03458496,0.202758,0.0,0.0,0.0,0.0
3.23527,0.38,3.159,3.176,0.03459277,0.2029548,0.0,0.0,0.03459277,0.2029548,0.0,0.0,0.0,0.0
3.23625,0.38,3.16,3.177,0.03460057,0.2031518,0.0,0.0,0.03460057,0.2031518,0.0,0.0,0.0,0.0
3.23723,0.38,3.161,3.178,0.03460838,0.2033489,0.0,0.0,0.03460838,0.2033489,0.0,0.0,0.0,0.0
3.23821,0.38,3.162,3.179,0.03461618,0.2035462,0.0,0.0,0.03461618,0.2035462,0.0,0.0,0.0,0.0
3.2392,0.38,3.163,3.18,0.03462399,0.2037436,0.0,0.0,0.03462399,0.2037436,0.0,0.0,0.0,0.0
3.24018,0.38,3.164,3.181,0.03463179,0.2039411,0.0,0.0,0.03463179,0.2039411,0.0,0.0,0.0,0.0
3.24116,0.38,3.165,3.182,0.0346396,0.2041388,0.0,0.0,0.0346396,0.2041388,0.0,0.0,0.0,0.0
3.24214,0.38,3.166,3.183,0.03464741,0.2043366,0.0,0.0,0.03464741,0.2043366,0.0,0.0,0.0,0.0
3.24312,0.38,3.167,3.184,0.03465521,0.2045346,0.0,0.0,0.03465521,0.2045346,0.0,0.0,0.0,0.0
3.2441,0.38,3.168,3.185,0.03466302,0.2047327,0.0,0.0,0.03466302,0.2047327,0.0,0.0,0.0,0.0
3.24509,0.38,3.169,3.186,0.03467082,0.2049309,0.0,0.0,0.03467082,0.2049309,0.0,0.0,0.0,0.0
3.24607,0.38,3.17,3.187,0.03467863,0.2051293,0.0,0.0,0.03467863,0.2051293,0.0,0.0,0.0,0.0
3.24705,0.38,3.171,3.188,0.03468643,0.2053278,0.0,0.0,0.03468643,0.2053278,0.0,0.0,0.0,0.0
3.24803,0.38,3.172,3.189,0.03469424,0.2055265,0.0,0.0,0.03469424,0.2055265,0.0,0.0,0.0,0.0
3.24901,0.38,3.173,3.19,0.03470205,0.2057253,0.0,0.0,0.03470205,0.2057253,0.0,0.0,0.0,0.0
3.25,0.38,3.174,3.191,0.03470985,0.2059242,0.0,0.0,0.03470985,0.2059242,0.0,0.0,0.0,0.0
3.25098,0.38,3.175,3.192,0.03471766,0.2061233,0.0,0.0,0.03471766,0.2061233,0.0,0.0,0.0,0.0
3.25196,0.38,3.176,3.193,0.03472546,0.2063225,0.0,0.0,0.03472546,0.2063225,0.0,0.0,0.0,0.0
3.25294,0.38,3.177,3.194,0.03473327,0.2065219,0.0,0.0,0.03473327,0.2065219,0.0,0.0,0.0,0.0
3.25392,0.38,3.178,3.195,0.03474108,0.2067214,0.0,0.0,0.03474108,0.2067214,0.0,0.0,0.0,0.0
3.2549,0.38,3.179,3.196,0.03474888,0.206921,0.0,0.0,0.03474888,0.206921,0.0,0.0,0.0,0.0
3.25589,0.38,3.18,3.197,0.03475669,0.2071208,0.0,0.0,0.03475669,0.2071208,0.0,0.0,0.0,0.0
3.25687,0.38,3.181,3.198,0.0347645,0.2073207,0.0,0.0,0.0347645,0.2073207,0.0,0.0,0.0,0.0
3.25785,0.38,3.182,3.199,0.0347723,0.2075208,0.0,0.0,0.0347723,0.2075208,0.0,0.0,0.0,0.0
3.25883,0.38,3.183,3.2,0.03478011,0.207721,0.0,0.0,0.03478011,0.207721,0.0,0.0,0.0,0.0
3.25981,0.38,3.184,3.201,0.03478791,0.2079213,0.0,0.0,0.03478791,0.2079213,0.0,0.0,0.0,0.0
3.2608,0.38,3.185,3.202,0.03479572,0.2081218,0.0,0.0,0.03479572,0.2081218,0.0,0.0,0.0,0.0
3.26178,0.38,3.186,3.203,0.03480353,0.2083224,0.0,0.0,0.03480353,0.2083224,0.0,0.0,0.0,0.0
3.26276,0.38,3.187,3.204,0.03481133,0.2085232,0.0,0.0,0.03481133,0.2085232,0.0,0.0,0.0,0.0
3.26374,0.38,3.188,3.205,0.03481914,0.2087241,0.0,0.0,0.03481914,0.2087241,0.0,0.0,0.0,0.0
3.26472,0.38,3.189,3.206,0.03482695,0.2089252,0.0,0.0,0.03482695,0.2089252,0.0,0.0,0.0,0.0
3.26571,0.38,3.19,3.207,0.03483475,0.2091264,0.0,0.0,0.03483475,0.2091264,0.0,0.0,0.0,0.0
3.26669,0.38,3.191,3.208,0.03484256,0.2093277,0.0,0.0,0.03484256,0.2093277,0.0,0.0,0.0,0.0
3.26767,0.38,3.192,3.209,0.03485037,0.2095292,0.0,0.0,0.03485037,0.2095292,0.0,0.0,0.0,0.0
3.26865,0.38,3.193,3.21,0.03485817,0.2097308,0.0,0.0,0.03485817,0.2097308,0.0,0.0,0.0,0.0
3.26963,0.38,3.194,3.211,0.03486598,0.2099325,0.0,0.0,0.03486598,0.2099325,0.0,0.0,0.0,0.0
3.27062,0.38,3.195,3.212,0.03487378,0.2101344,0.0,0.0,0.03487378,0.2101344,0.0,0.0,0.0,0.0
3.2716,0.38,3.196,3.213,0.03488159,0.2103365,0.0,0.0,0.03488159,0.2103365,0.0,0.0,0.0,0.0
3.27258,0.38,3.197,3.214,0.0348894,0.2105386,0.0,0.0,0.0348894,0.2105386,0.0,0.0,0.0,0.0
3.27356,0.38,3.198,3.215,0.0348972,0.210741,0.0,0.0,0.0348972,0.210741,0.0,0.0,0.0,0.0
3.27454,0.38,3.199,3.216,0.03490501,0.2109434,0.0,0.0,0.03490501,0.2109434,0.0,0.0,0.0,0.0
3.27553,0.38,3.2,3.217,0.03491282,0.211146,0.0,0.0,0.03491282,0.211146,0.0,0.0,0.0,0.0
3.27651,0.38,3.201,3.218,0.03492062,0.2113488,0.0,0.0,0.03492062,0.2113488,0.0,0.0,0.0,0.0
3.27749,0.38,3.202,3.219,0.03492843,0.2115516,0.0,0.0,0.03492843,0.2115516,0.0,0.0,0.0,0.0
3.27847,0.38,3.203,3.22,0.03493624,0.2117547,0.0,0.0,0.03493624,0.2117547,0.0,0.0,0.0,0.0
3.27946,0.38,3.204,3.221,0.03494404,0.2119578,0.0,0.0,0.03494404,0.2119578,0.0,0.0,0.0,0.0
3.28044,0.38,3.205,3.222,0.03495185,0.2121611,0.0,0.0,0.03495185,0.2121611,0.0,0.0,0.0,0.0
3.28142,0.38,3.206,3.223,0.03495966,0.2123646,0.0,0.0,0.03495966,0.2123646,0.0,0.0,0.0,0.0
3.2824,0.38,3.207,3.224,0.03496746,0.2125682,0.0,0.0,0.03496746,0.2125682,0.0,0.0,0.0,0.0
3.28338,0.38,3.208,3.225,0.03497527,0.2127719,0.0,0.0,0.03497527,0.2127719,0.0,0.0,0.0,0.0
3.28437,0.38,3.209,3.226,0.03498308,0.2129758,0.0,0.0,0.03498308,0.2129758,0.0,0.0,0.0,0.0
3.28535,0.38,3.21,3.227,0.03499088,0.2131798,0.0,0.0,0.03499088,0.2131798,0.0,0.0,0.0,0.0
3.28633,0.38,3.211,3.228,0.03499869,0.213384,0.0,0.0,0.03499869,0.213384,0.0,0.0,0.0,0.0
3.28731,0.38,3.212,3.229,0.0350065,0.2135883,0.0,0.0,0.0350065,0.2135883,0.0,0.0,0.0,0.0
3.2883,0.38,3.213,3.23,0.0350143,0.2137927,0.0,0.0,0.0350143,0.2137927,0.0,0.0,0.0,0.0
3.28928,0.38,3.214,3.231,0.03502211,0.2139973,0.0,0.0,0.03502211,0.2139973,0.0,0.0,0.0,0.0
3.29026,0.38,3.215,3.232,0.03502992,0.214202,0.0,0.0,0.03502992,0.214202,0.0,0.0,0.0,0.0
3.29124,0.38,3.216,3.233,0.03503772,0.2144069,0.0,0.0,0.03503772,0.2144069,0.0,0.0,0.0,0.0
3.29222,0.38,3.217,3.234,0.03504553,0.2146119,0.0,0.0,0.03504553,0.2146119,0.0,0.0,0.0,0.0
3.29321,0.38,3.218,3.235,0.03505334,0.2148171,0.0,0.0,0.03505334,0.2148171,0.0,0.0,0.0,0.0
3.29419,0.38,3.219,3.236,0.03506114,0.2150224,0.0,0.0,0.03506114,0.2150224,0.0,0.0,0.0,0.0
3.29517,0.38,3.22,3.237,0.03506895,0.2152278,0.0,0.0,0.03506895,0.2152278,0.0,0.0,0.0,0.0
3.29615,0.38,3.221,3.238,0.03507676,0.2154334,0.0,0.0,0.03507676,0.2154334,0.0,0.0,0.0,0.0
3.29714,0.38,3.222,3.239,0.03508456,0.2156391,0.0,0.0,0.03508456,0.2156391,0.0,0.0,0.0,0.0
3.29812,0.38,3.223,3.24,0.03509237,0.215845,0.0,0.0,0.03509237,0.215845,0.0,0.0,0.0,0.0
3.2991,0.38,3.224,3.241,0.03510018,0.216051,0.0,0.0,0.03510018,0.216051,0.0,0.0,0.0,0.0
3.30008,0.38,3.225,3.242,0.03510798,0.2162571,0.0,0.0,0.03510798,0.2162571,0.0,0.0,0.0,0.0
3.30107,0.38,3.226,3.243,0.03511579,0.2164634,0.0,0.0,0.03511579,0.2164634,0.0,0.0,0.0,0.0
3.30205,0.38,3.227,3.244,0.0351236,0.2166699,0.0,0.0,0.0351236,0.2166699,0.0,0.0,0.0,0.0
3.30303,0.38,3.228,3.245,0.0351314,0.2168764,0.0,0.0,0.0351314,0.2168764,0.0,0.0,0.0,0.0
3.30401,0.38,3.229,3.246,0.03513921,0.2170832,0.0,0.0,0.03513921,0.2170832,0.0,0.0,0.0,0.0
3.305,0.38,3.23,3.247,0.03514702,0.21729,0.0,0.0,0.03514702,0.21729,0.0,0.0,0.0,0.0
3.30598,0.38,3.231,3.248,0.03515482,0.217497,0.0,0.0,0.03515482,0.217497,0.0,0.0,0.0,0.0
3.30696,0.38,3.232,3.249,0.03516263,0.2177042,0.0,0.0,0.03516263,0.2177042,0.0,0.0,0.0,0.0
3.30794,0.38,3.233,3.25,0.03517044,0.2179115,0.0,0.0,0.03517044,0.2179115,0.0,0.0,0.0,0.0
3.30893,0.38,3.234,3.251,0.03517824,0.2181189,0.0,0.0,0.03517824,0.2181189,0.0,0.0,0.0,0.0
3.30991,0.38,3.235,3.252,0.03518605,0.2183265,0.0,0.0,0.03518605,0.2183265,0.0,0.0,0.0,0.0
3.31089,0.38,3.236,3.253,0.03519386,0.2185342,0.0,0.0,0.03519386,0.2185342,0.0,0.0,0.0,0.0
3.31187,0.38,3.237,3.254,0.03520166,0.2187421,0.0,0.0,0.03520166,0.2187421,0.0,0.0,0.0,0.0
3.31286,0.38,3.238,3.255,0.03520947,0.2189501,0.0,0.0,0.03520947,0.2189501,0.0,0.0,0.0,0.0
3.31384,0.38,3.239,3.256,0.03521728,0.2191582,0.0,0.0,0.03521728,0.2191582,0.0,0.0,0.0,0.0
3.31482,0.38,3.24,3.257,0.03522508,0.2193665,0.0,0.0,0.03522508,0.2193665,0.0,0.0,0.0,0.0
3.3158,0.38,3.241,3.258,0.03523289,0.219575,0.0,0.0,0.03523289,0.219575,0.0,0.0,0.0,0.0
3.31679,0.38,3.242,3.259,0.0352407,0.2197835,0.0,0.0,0.0352407,0.2197835,0.0,0.0,0.0,0.0
3.31777,0.38,3.243,3.26,0.0352485,0.2199923,0.0,0.0,0.0352485,0.2199923,0.0,0.0,0.0,0.0
3.31875,0.38,3.244,3.261,0.03525631,0.2202011,0.0,0.0,0.03525631,0.2202011,0.0,0.0,0.0,0.0
3.31973,0.38,3.245,3.262,0.03526412,0.2204101,0.0,0.0,0.03526412,0.2204101,0.0,0.0,0.0,0.0
3.32072,0.38,3.246,3.263,0.03527192,0.2206193,0.0,0.0,0.03527192,0.2206193,0.0,0.0,0.0,0.0
3.3217,0.38,3.247,3.264,0.03527973,0.2208286,0.0,0.0,0.03527973,0.2208286,0.0,0.0,0.0,0.0
3.32268,0.38,3.248,3.265,0.03528754,0.221038,0.0,0.0,0.03528754,0.221038,0.0,0.0,0.0,0.0
3.32366,0.38,3.249,3.266,0.03529534,0.2212476,0.0,0.0,0.03529534,0.2212476,0.0,0.0,0.0,0.0
3.32465,0.38,3.25,3.267,0.03530315,0.2214573,0.0,0.0,0.03530315,0.2214573,0.0,0.0,0.0,0.0
3.32563,0.38,3.251,3.268,0.03531096,0.2216672,0.0,0.0,0.03531096,0.2216672,0.0,0.0,0.0,0.0
3.32661,0.38,3.252,3.269,0.03531876,0.2218772,0.0,0.0,0.03531876,0.2218772,0.0,0.0,0.0,0.0
3.32759,0.38,3.253,3.27,0.03532657,0.2220874,0.0,0.0,0.03532657,0.2220874,0.0,0.0,0.0,0.0
3.32858,0.38,3.254,3.271,0.03533438,0.2222977,0.0,0.0,0.03533438,0.2222977,0.0,0.0,0.0,0.0
3.32956,0.38,3.255,3.272,0.03534218,0.2225081,0.0,0.0,0.03534218,0.2225081,0.0,0.0,0.0,0.0
3.33054,0.38,3.256,3.273,0.03534999,0.2227187,0.0,0.0,0.03534999,0.2227187,0.0,0.0,0.0,0.0
3.33153,0.38,3.257,3.274,0.03535779,0.2229295,0.0,0.0,0.03535779,0.2229295,0.0,0.0,0.0,0.0
3.33251,0.38,3.258,3.275,0.0353656,0.2231403,0.0,0.0,0.0353656,0.2231403,0.0,0.0,0.0,0.0
3.33349,0.38,3.259,3.276,0.03537341,0.2233514,0.0,0.0,0.03537341,0.2233514,0.0,0.0,0.0,0.0
3.33447,0.38,3.26,3.277,0.03538121,0.2235625,0.0,0.0,0.03538121,0.2235625,0.0,0.0,0.0,0.0
3.33546,0.38,3.261,3.278,0.03538902,0.2237738,0.0,0.0,0.03538902,0.2237738,0.0,0.0,0.0,0.0
3.33644,0.38,3.262,3.279,0.03539683,0.2239853,0.0,0.0,0.03539683,0.2239853,0.0,0.0,0.0,0.0
3.33742,0.38,3.263,3.28,0.03540463,0.2241969,0.0,0.0,0.03540463,0.2241969,0.0,0.0,0.0,0.0
3.3384,0.38,3.264,3.281,0.03541244,0.2244086,0.0,0.0,0.03541244,0.2244086,0.0,0.0,0.0,0.0
3.33939,0.38,3.265,3.282,0.03542025,0.2246205,0.0,0.0,0.03542025,0.2246205,0.0,0.0,0.0,0.0
3.34037,0.38,3.266,3.283,0.03542805,0.2248325,0.0,0.0,0.03542805,0.2248325,0.0,0.0,0.0,0.0
3.34135,0.38,3.267,3.284,0.03543586,0.2250447,0.0,0.0,0.03543586,0.2250447,0.0,0.0,0.0,0.0
3.34234,0.38,3.268,3.285,0.03544366,0.225257,0.0,0.0,0.03544366,0.225257,0.0,0.0,0.0,0.0
3.34332,0.38,3.269,3.286,0.03545147,0.2254695,0.0,0.0,0.03545147,0.2254695,0.0,0.0,0.0,0.0
3.3443,0.38,3.27,3.287,0.03545928,0.2256821,0.0,0.0,0.03545928,0.2256821,0.0,0.0,0.0,0.0
3.34528,0.38,3.271,3.288,0.03546708,0.2258948,0.0,0.0,0.03546708,0.2258948,0.0,0.0,0.0,0.0
3.34627,0.38,3.272,3.289,0.03547489,0.2261077,0.0,0.0,0.03547489,0.2261077,0.0,0.0,0.0,0.0
3.34725,0.38,3.273,3.29,0.03548269,0.2263208,0.0,0.0,0.03548269,0.2263208,0.0,0.0,0.0,0.0
3.34823,0.38,3.274,3.291,0.0354905,0.226534,0.0,0.0,0.0354905,0.226534,0.0,0.0,0.0,0.0
3.34922,0.38,3.275,3.292,0.03549831,0.2267473,0.0,0.0,0.03549831,0.2267473,0.0,0.0,0.0,0.0
3.3502,0.38,3.276,3.293,0.03550611,0.2269608,0.0,0.0,0.03550611,0.2269608,0.0,0.0,0.0,0.0
3.35118,0.38,3.277,3.294,0.03551392,0.2271744,0.0,0.0,0.03551392,0.2271744,0.0,0.0,0.0,0.0
3.35217,0.38,3.278,3.295,0.03552172,0.2273882,0.0,0.0,0.03552172,0.2273882,0.0,0.0,0.0,0.0
3.35315,0.38,3.279,3.296,0.03552953,0.2276021,0.0,0.0,0.03552953,0.2276021,0.0,0.0,0.0,0.0
3.35413,0.38,3.28,3.297,0.03553734,0.2278161,0.0,0.0,0.03553734,0.2278161,0.0,0.0,0.0,0.0
3.35511,0.38,3.281,3.298,0.03554514,0.2280303,0.0,0.0,0.03554514,0.2280303,0.0,0.0,0.0,0.0
3.3561,0.38,3.282,3.299,0.03555295,0.2282447,0.0,0.0,0.03555295,0.2282447,0.0,0.0,0.0,0.0
3.35708,0.38,3.283,3.3,0.03556075,0.2284591,0.0,0.0,0.03556075,0.2284591,0.0,0.0,0.0,0.0
3.35806,0.38,3.284,3.301,0.03556856,0.2286738,0.0,0.0,0.03556856,0.2286738,0.0,0.0,0.0,0.0
3.35905,0.38,3.285,3.302,0.03557636,0.2288886,0.0,0.0,0.03557636,0.2288886,0.0,0.0,0.0,0.0
3.36003,0.38,3.286,3.303,0.03558417,0.2291035,0.0,0.0,0.03558417,0.2291035,0.0,0.0,0.0,0.0
3.36101,0.38,3.287,3.304,0.03559198,0.2293186,0.0,0.0,0.03559198,0.2293186,0.0,0.0,0.0,0.0
3.362,0.38,3.288,3.305,0.03559978,0.2295338,0.0,0.0,0.03559978,0.2295338,0.0,0.0,0.0,0.0
3.36298,0.38,3.289,3.306,0.03560759,0.2297491,0.0,0.0,0.03560759,0.2297491,0.0,0.0,0.0,0.0
3.36396,0.38,3.29,3.307,0.03561539,0.2299646,0.0,0.0,0.03561539,0.2299646,0.0,0.0,0.0,0.0
3.36494,0.38,3.291,3.308,0.0356232,0.2301803,0.0,0.0,0.0356232,0.2301803,0.0,0.0,0.0,0.0
3.36593,0.38,3.292,3.309,0.035631,0.2303961,0.0,0.0,0.035631,0.2303961,0.0,0.0,0.0,0.0
3.36691,0.38,3.293,3.31,0.03563881,0.230612,0.0,0.0,0.03563881,0.230612,0.0,0.0,0.0,0.0
3.36789,0.38,3.294,3.311,0.03564661,0.2308281,0.0,0.0,0.03564661,0.2308281,0.0,0.0,0.0,0.0
3.36888,0.38,3.295,3.312,0.03565442,0.2310443,0.0,0.0,0.03565442,0.2310443,0.0,0.0,0.0,0.0
3.36986,0.38,3.296,3.313,0.03566222,0.2312607,0.0,0.0,0.03566222,0.2312607,0.0,0.0,0.0,0.0
3.37084,0.38,3.297,3.314,0.03567003,0.2314772,0.0,0.0,0.03567003,0.2314772,0.0,0.0,0.0,0.0
3.37183,0.38,3.298,3.315,0.03567784,0.2316939,0.0,0.0,0.03567784,0.2316939,0.0,0.0,0.0,0.0
3.37281,0.38,3.299,3.316,0.03568564,0.2319107,0.0,0.0,0.03568564,0.2319107,0.0,0.0,0.0,0.0
3.37379,0.38,3.3,3.317,0.03569345,0.2321277,0.0,0.0,0.03569345,0.2321277,0.0,0.0,0.0,0.0
3.37478,0.38,3.301,3.318,0.03570125,0.2323448,0.0,0.0,0.03570125,0.2323448,0.0,0.0,0.0,0.0
3.37576,0.38,3.302,3.319,0.03570906,0.232562,0.0,0.0,0.03570906,0.232562,0.0,0.0,0.0,0.0
3.37674,0.38,3.303,3.32,0.03571686,0.2327794,0.0,0.0,0.03571686,0.2327794,0.0,0.0,0.0,0.0
3.37773,0.38,3.304,3.321,0.03572467,0.232997,0.0,0.0,0.03572467,0.232997,0.0,0.0,0.0,0.0
3.37871,0.38,3.305,3.322,0.03573247,0.2332147,0.0,0.0,0.03573247,0.2332147,0.0,0.0,0.0,0.0
3.37969,0.38,3.306,3.323,0.03574028,0.2334325,0.0,0.0,0.03574028,0.2334325,0.0,0.0,0.0,0.0
3.38067,0.38,3.307,3.324,0.03574808,0.2336505,0.0,0.0,0.03574808,0.2336505,0.0,0.0,0.0,0.0
3.38166,0.38,3.308,3.325,0.03575589,0.2338686,0.0,0.0,0.03575589,0.2338686,0.0,0.0,0.0,0.0
3.38264,0.38,3.309,3.326,0.03576369,0.2340869,0.0,0.0,0.03576369,0.2340869,0.0,0.0,0.0,0.0
3.38362,0.38,3.31,3.327,0.03577149,0.2343053,0.0,0.0,0.03577149,0.2343053,0.0,0.0,0.0,0.0
3.38461,0.38,3.311,3.328,0.0357793,0.2345239,0.0,0.0,0.0357793,0.2345239,0.0,0.0,0.0,0.0
3.38559,0.38,3.312,3.329,0.0357871,0.2347426,0.0,0.0,0.0357871,0.2347426,0.0,0.0,0.0,0.0
3.38657,0.38,3.313,3.33,0.03579491,0.2349614,0.0,0.0,0.03579491,0.2349614,0.0,0.0,0.0,0.0
3.38756,0.38,3.314,3.331,0.03580271,0.2351804,0.0,0.0,0.03580271,0.2351804,0.0,0.0,0.0,0.0
3.38854,0.38,3.315,3.332,0.03581052,0.2353996,0.0,0.0,0.03581052,0.2353996,0.0,0.0,0.0,0.0
3.38952,0.38,3.316,3.333,0.03581832,0.2356189,0.0,0.0,0.03581832,0.2356189,0.0,0.0,0.0,0.0
3.39051,0.38,3.317,3.334,0.03582613,0.2358383,0.0,0.0,0.03582613,0.2358383,0.0,0.0,0.0,0.0
3.39149,0.38,3.318,3.335,0.03583393,0.2360579,0.0,0.0,0.03583393,0.2360579,0.0,0.0,0.0,0.0
3.39247,0.38,3.319,3.336,0.03584174,0.2362777,0.0,0.0,0.03584174,0.2362777,0.0,0.0,0.0,0.0
3.39346,0.38,3.32,3.337,0.03584954,0.2364976,0.0,0.0,0.03584954,0.2364976,0.0,0.0,0.0,0.0
3.39444,0.38,3.321,3.338,0.03585734,0.2367176,0.0,0.0,0.03585734,0.2367176,0.0,0.0,0.0,0.0
3.39542,0.38,3.322,3.339,0.03586515,0.2369378,0.0,0.0,0.03586515,0.2369378,0.0,0.0,0.0,0.0
3.39641,0.38,3.323,3.34,0.03587295,0.2371581,0.0,0.0,0.03587295,0.2371581,0.0,0.0,0.0,0.0
3.39739,0.38,3.324,3.341,0.03588076,0.2373786,0.0,0.0,0.03588076,0.2373786,0.0,0.0,0.0,0.0
3.39837,0.38,3.325,3.342,0.03588856,0.2375992,0.0,0.0,0.03588856,0.2375992,0.0,0.0,0.0,0.0
3.39936,0.38,3.326,3.343,0.03589636,0.2378199,0.0,0.0,0.03589636,0.2378199,0.0,0.0,0.0,0.0
3.40034,0.38,3.327,3.344,0.03590417,0.2380408,0.0,0.0,0.03590417,0.2380408,0.0,0.0,0.0,0.0
3.40132,0.38,3.328,3.345,0.03591197,0.2382619,0.0,0.0,0.03591197,0.2382619,0.0,0.0,0.0,0.0
3.40231,0.38,3.329,3.346,0.03591978,0.2384831,0.0,0.0,0.03591978,0.2384831,0.0,0.0,0.0,0.0
3.40329,0.38,3.33,3.347,0.03592758,0.2387045,0.0,0.0,0.03592758,0.2387045,0.0,0.0,0.0,0.0
3.40428,0.38,3.331,3.348,0.03593538,0.238926,0.0,0.0,0.03593538,0.238926,0.0,0.0,0.0,0.0
3.40526,0.38,3.332,3.349,0.03594319,0.2391476,0.0,0.0,0.03594319,0.2391476,0.0,0.0,0.0,0.0
3.40624,0.38,3.333,3.35,0.03595099,0.2393694,0.0,0.0,0.03595099,0.2393694,0.0,0.0,0.0,0.0
3.40723,0.38,3.334,3.351,0.03595879,0.2395913,0.0,0.0,0.03595879,0.2395913,0.0,0.0,0.0,0.0
3.40821,0.38,3.335,3.352,0.0359666,0.2398134,0.0,0.0,0.0359666,0.2398134,0.0,0.0,0.0,0.0
3.40919,0.38,3.336,3.353,0.0359744,0.2400357,0.0,0.0,0.0359744,0.2400357,0.0,0.0,0.0,0.0
3.41018,0.38,3.337,3.354,0.0359822,0.2402581,0.0,0.0,0.0359822,0.2402581,0.0,0.0,0.0,0.0
3.41116,0.38,3.338,3.355,0.03599001,0.2404806,0.0,0.0,0.03599001,0.2404806,0.0,0.0,0.0,0.0
3.41214,0.38,3.339,3.356,0.03599781,0.2407033,0.0,0.0,0.03599781,0.2407033,0.0,0.0,0.0,0.0
3.41313,0.38,3.34,3.357,0.03600561,0.2409261,0.0,0.0,0.03600561,0.2409261,0.0,0.0,0.0,0.0
3.41411,0.38,3.341,3.358,0.03601342,0.2411491,0.0,0.0,0.03601342,0.2411491,0.0,0.0,0.0,0.0
3.41509,0.38,3.342,3.359,0.03602122,0.2413722,0.0,0.0,0.03602122,0.2413722,0.0,0.0,0.0,0.0
3.41608,0.38,3.343,3.36,0.03602902,0.2415954,0.0,0.0,0.03602902,0.2415954,0.0,0.0,0.0,0.0
3.41706,0.38,3.344,3.361,0.03603682,0.2418189,0.0,0.0,0.03603682,0.2418189,0.0,0.0,0.0,0.0
3.41804,0.38,3.345,3.362,0.03604463,0.2420424,0.0,0.0,0.03604463,0.2420424,0.0,0.0,0.0,0.0
3.41903,0.38,3.346,3.363,0.03605243,0.2422661,0.0,0.0,0.03605243,0.2422661,0.0,0.0,0.0,0.0
3.42001,0.38,3.347,3.364,0.03606023,0.24249,0.0,0.0,0.03606023,0.24249,0.0,0.0,0.0,0.0
3.421,0.38,3.348,3.365,0.03606804,0.242714,0.0,0.0,0.03606804,0.242714,0.0,0.0,0.0,0.0
3.42198,0.38,3.349,3.366,0.03607584,0.2429382,0.0,0.0,0.03607584,0.2429382,0.0,0.0,0.0,0.0
3.42296,0.38,3.35,3.367,0.03608364,0.2431625,0.0,0.0,0.03608364,0.2431625,0.0,0.0,0.0,0.0
3.42395,0.38,3.351,3.368,0.03609144,0.2433869,0.0,0.0,0.03609144,0.2433869,0.0,0.0,0.0,0.0
3.42493,0.38,3.352,3.369,0.03609925,0.2436115,0.0,0.0,0.03609925,0.2436115,0.0,0.0,0.0,0.0
3.42591,0.38,3.353,3.37,0.03610705,0.2438363,0.0,0.0,0.03610705,0.2438363,0.0,0.0,0.0,0.0
3.4269,0.38,3.354,3.371,0.03611485,0.2440611,0.0,0.0,0.03611485,0.2440611,0.0,0.0,0.0,0.0
3.42788,0.38,3.355,3.372,0.03612265,0.2442862,0.0,0.0,0.03612265,0.2442862,0.0,0.0,0.0,0.0
3.42886,0.38,3.356,3.373,0.03613045,0.2445114,0.0,0.0,0.03613045,0.2445114,0.0,0.0,0.0,0.0
3.42985,0.38,3.357,3.374,0.03613826,0.2447367,0.0,0.0,0.03613826,0.2447367,0.0,0.0,0.0,0.0
3.43083,0.38,3.358,3.375,0.03614606,0.2449622,0.0,0.0,0.03614606,0.2449622,0.0,0.0,0.0,0.0
3.43182,0.38,3.359,3.376,0.03615386,0.2451878,0.0,0.0,0.03615386,0.2451878,0.0,0.0,0.0,0.0
3.4328,0.38,3.36,3.377,0.03616166,0.2454136,0.0,0.0,0.03616166,0.2454136,0.0,0.0,0.0,0.0
3.43378,0.38,3.361,3.378,0.03616946,0.2456396,0.0,0.0,0.03616946,0.2456396,0.0,0.0,0.0,0.0
3.43477,0.38,3.362,3.379,0.03617727,0.2458656,0.0,0.0,0.03617727,0.2458656,0.0,0.0,0.0,0.0
3.43575,0.38,3.363,3.38,0.03618507,0.2460919,0.0,0.0,0.03618507,0.2460919,0.0,0.0,0.0,0.0
3.43673,0.38,3.364,3.381,0.03619287,0.2463182,0.0,0.0,0.03619287,0.2463182,0.0,0.0,0.0,0.0
3.43772,0.38,3.365,3.382,0.03620067,0.2465448,0.0,0.0,0.03620067,0.2465448,0.0,0.0,0.0,0.0
3.4387,0.38,3.366,3.383,0.03620847,0.2467714,0.0,0.0,0.03620847,0.2467714,0.0,0.0,0.0,0.0
3.43969,0.38,3.367,3.384,0.03621627,0.2469983,0.0,0.0,0.03621627,0.2469983,0.0,0.0,0.0,0.0
3.44067,0.38,3.368,3.385,0.03622407,0.2472252,0.0,0.0,0.03622407,0.2472252,0.0,0.0,0.0,0.0
3.44165,0.38,3.369,3.386,0.03623188,0.2474524,0.0,0.0,0.03623188,0.2474524,0.0,0.0,0.0,0.0
3.44264,0.38,3.37,3.387,0.03623968,0.2476796,0.0,0.0,0.03623968,0.2476796,0.0,0.0,0.0,0.0
3.44362,0.38,3.371,3.388,0.03624748,0.247907,0.0,0.0,0.03624748,0.247907,0.0,0.0,0.0,0.0
3.44461,0.38,3.372,3.389,0.03625528,0.2481346,0.0,0.0,0.03625528,0.2481346,0.0,0.0,0.0,0.0
3.44559,0.38,3.373,3.39,0.03626308,0.2483623,0.0,0.0,0.03626308,0.2483623,0.0,0.0,0.0,0.0
3.44657,0.38,3.374,3.391,0.03627088,0.2485902,0.0,0.0,0.03627088,0.2485902,0.0,0.0,0.0,0.0
3.44756,0.38,3.375,3.392,0.03627868,0.2488182,0.0,0.0,0.03627868,0.2488182,0.0,0.0,0.0,0.0
3.44854,0.38,3.376,3.393,0.03628648,0.2490464,0.0,0.0,0.03628648,0.2490464,0.0,0.0,0.0,0.0
3.44952,0.38,3.377,3.394,0.03629428,0.2492747,0.0,0.0,0.03629428,0.2492747,0.0,0.0,0.0,0.0
3.45051,0.38,3.378,3.395,0.03630208,0.2495031,0.0,0.0,0.03630208,0.2495031,0.0,0.0,0.0,0.0
3.45149,0.38,3.379,3.396,0.03630988,0.2497318,0.0,0.0,0.03630988,0.2497318,0.0,0.0,0.0,0.0
3.45248,0.38,3.38,3.397,0.03631768,0.2499605,0.0,0.0,0.03631768,0.2499605,0.0,0.0,0.0,0.0
3.45346,0.38,3.381,3.398,0.03632548,0.2501894,0.0,0.0,0.03632548,0.2501894,0.0,0.0,0.0,0.0
3.45444,0.38,3.382,3.399,0.03633328,0.2504185,0.0,0.0,0.03633328,0.2504185,0.0,0.0,0.0,0.0
3.45543,0.38,3.383,3.4,0.03634108,0.2506477,0.0,0.0,0.03634108,0.2506477,0.0,0.0,0.0,0.0
3.45641,0.38,3.384,3.401,0.03634889,0.250877,0.0,0.0,0.03634889,0.250877,0.0,0.0,0.0,0.0
3.4574,0.38,3.385,3.402,0.03635668,0.2511066,0.0,0.0,0.03635668,0.2511066,0.0,0.0,0.0,0.0
3.45838,0.38,3.386,3.403,0.03636448,0.2513362,0.0,0.0,0.03636448,0.2513362,0.0,0.0,0.0,0.0
3.45936,0.38,3.387,3.404,0.03637228,0.251566,0.0,0.0,0.03637228,0.251566,0.0,0.0,0.0,0.0
3.46035,0.38,3.388,3.405,0.03638008,0.251796,0.0,0.0,0.03638008,0.251796,0.0,0.0,0.0,0.0
3.46133,0.38,3.389,3.406,0.03638788,0.2520261,0.0,0.0,0.03638788,0.2520261,0.0,0.0,0.0,0.0
3.46232,0.38,3.39,3.407,0.03639568,0.2522563,0.0,0.0,0.03639568,0.2522563,0.0,0.0,0.0,0.0
3.4633,0.38,3.391,3.408,0.03640348,0.2524867,0.0,0.0,0.03640348,0.2524867,0.0,0.0,0.0,0.0
3.46428,0.38,3.392,3.409,0.03641128,0.2527173,0.0,0.0,0.03641128,0.2527173,0.0,0.0,0.0,0.0
3.46527,0.38,3.393,3.41,0.03641908,0.252948,0.0,0.0,0.03641908,0.252948,0.0,0.0,0.0,0.0
3.46625,0.38,3.394,3.411,0.03642688,0.2531788,0.0,0.0,0.03642688,0.2531788,0.0,0.0,0.0,0.0
3.46724,0.38,3.395,3.412,0.03643468,0.2534099,0.0,0.0,0.03643468,0.2534099,0.0,0.0,0.0,0.0
3.46822,0.38,3.396,3.413,0.03644248,0.253641,0.0,0.0,0.03644248,0.253641,0.0,0.0,0.0,0.0
3.4692,0.38,3.397,3.414,0.03645028,0.2538723,0.0,0.0,0.03645028,0.2538723,0.0,0.0,0.0,0.0
3.47019,0.38,3.398,3.415,0.03645808,0.2541038,0.0,0.0,0.03645808,0.2541038,0.0,0.0,0.0,0.0
3.47117,0.38,3.399,3.416,0.03646588,0.2543354,0.0,0.0,0.03646588,0.2543354,0.0,0.0,0.0,0.0
3.47216,0.38,3.4,3.417,0.03647367,0.2545671,0.0,0.0,0.03647367,0.2545671,0.0,0.0,0.0,0.0
3.47314,0.38,3.401,3.418,0.03648147,0.254799,0.0,0.0,0.03648147,0.254799,0.0,0.0,0.0,0.0
3.47413,0.38,3.402,3.419,0.03648927,0.2550311,0.0,0.0,0.03648927,0.2550311,0.0,0.0,0.0,0.0
3.47511,0.38,3.403,3.42,0.03649707,0.2552633,0.0,0.0,0.03649707,0.2552633,0.0,0.0,0.0,0.0
3.47609,0.38,3.404,3.421,0.03650487,0.2554956,0.0,0.0,0.03650487,0.2554956,0.0,0.0,0.0,0.0
3.47708,0.38,3.405,3.422,0.03651267,0.2557281,0.0,0.0,0.03651267,0.2557281,0.0,0.0,0.0,0.0
3.47806,0.38,3.406,3.423,0.03652047,0.2559608,0.0,0.0,0.03652047,0.2559608,0.0,0.0,0.0,0.0
3.47905,0.38,3.407,3.424,0.03652826,0.2561936,0.0,0.0,0.03652826,0.2561936,0.0,0.0,0.0,0.0
3.48003,0.38,3.408,3.425,0.03653606,0.2564266,0.0,0.0,0.03653606,0.2564266,0.0,0.0,0.0,0.0
3.48101,0.38,3.409,3.426,0.03654386,0.2566597,0.0,0.0,0.03654386,0.2566597,0.0,0.0,0.0,0.0
3.482,0.38,3.41,3.427,0.03655166,0.2568929,0.0,0.0,0.03655166,0.2568929,0.0,0.0,0.0,0.0
3.48298,0.38,3.411,3.428,0.03655945,0.2571263,0.0,0.0,0.03655945,0.2571263,0.0,0.0,0.0,0.0
3.48397,0.38,3.412,3.429,0.03656725,0.2573599,0.0,0.0,0.03656725,0.2573599,0.0,0.0,0.0,0.0
3.48495,0.38,3.413,3.43,0.03657505,0.2575936,0.0,0.0,0.03657505,0.2575936,0.0,0.0,0.0,0.0
3.48594,0.38,3.414,3.431,0.03658285,0.2578274,0.0,0.0,0.03658285,0.2578274,0.0,0.0,0.0,0.0
3.48692,0.38,3.415,3.432,0.03659064,0.2580615,0.0,0.0,0.03659064,0.2580615,0.0,0.0,0.0,0.0
3.4879,0.38,3.416,3.433,0.03659844,0.2582956,0.0,0.0,0.03659844,0.2582956,0.0,0.0,0.0,0.0
3.48889,0.38,3.417,3.434,0.03660624,0.2585299,0.0,0.0,0.03660624,0.2585299,0.0,0.0,0.0,0.0
3.48987,0.38,3.418,3.435,0.03661404,0.2587644,0.0,0.0,0.03661404,0.2587644,0.0,0.0,0.0,0.0
3.49086,0.38,3.419,3.436,0.03662183,0.258999,0.0,0.0,0.03662183,0.258999,0.0,0.0,0.0,0.0
3.49184,0.38,3.42,3.437,0.03662963,0.2592338,0.0,0.0,0.03662963,0.2592338,0.0,0.0,0.0,0.0
3.49283,0.38,3.421,3.438,0.03663743,0.2594687,0.0,0.0,0.03663743,0.2594687,0.0,0.0,0.0,0.0
3.49381,0.38,3.422,3.439,0.03664522,0.2597038,0.0,0.0,0.03664522,0.2597038,0.0,0.0,0.0,0.0
3.49479,0.38,3.423,3.44,0.03665302,0.259939,0.0,0.0,0.03665302,0.259939,0.0,0.0,0.0,0.0
3.49578,0.38,3.424,3.441,0.03666082,0.2601743,0.0,0.0,0.03666082,0.2601743,0.0,0.0,0.0,0.0
3.49676,0.38,3.425,3.442,0.03666861,0.2604099,0.0,0.0,0.03666861,0.2604099,0.0,0.0,0.0,0.0
3.49775,0.38,3.426,3.443,0.03667641,0.2606455,0.0,0.0,0.03667641,0.2606455,0.0,0.0,0.0,0.0
3.49873,0.38,3.427,3.444,0.03668421,0.2608814,0.0,0.0,0.03668421,0.2608814,0.0,0.0,0.0,0.0
3.49972,0.38,3.428,3.445,0.036692,0.2611173,0.0,0.0,0.036692,0.2611173,0.0,0.0,0.0,0.0
3.5007,0.38,3.429,3.446,0.0366998,0.2613535,0.0,0.0,0.0366998,0.2613535,0.0,0.0,0.0,0.0
3.50168,0.38,3.43,3.447,0.03670759,0.2615897,0.0,0.0,0.03670759,0.2615897,0.0,0.0,0.0,0.0
3.50267,0.38,3.431,3.448,0.03671539,0.2618262,0.0,0.0,0.03671539,0.2618262,0.0,0.0,0.0,0.0
3.50365,0.38,3.432,3.449,0.03672319,0.2620627,0.0,0.0,0.03672319,0.2620627,0.0,0.0,0.0,0.0
3.50464,0.38,3.433,3.45,0.03673098,0.2622995,0.0,0.0,0.03673098,0.2622995,0.0,0.0,0.0,0.0
3.50562,0.38,3.434,3.451,0.03673878,0.2625364,0.0,0.0,0.03673878,0.2625364,0.0,0.0,0.0,0.0
3.50661,0.38,3.435,3.452,0.03674657,0.2627734,0.0,0.0,0.03674657,0.2627734,0.0,0.0,0.0,0.0
3.50759,0.38,3.436,3.453,0.03675437,0.2630106,0.0,0.0,0.03675437,0.2630106,0.0,0.0,0.0,0.0
3.50858,0.38,3.437,3.454,0.03676216,0.2632479,0.0,0.0,0.03676216,0.2632479,0.0,0.0,0.0,0.0
3.50956,0.38,3.438,3.455,0.03676996,0.2634854,0.0,0.0,0.03676996,0.2634854,0.0,0.0,0.0,0.0
3.51054,0.38,3.439,3.456,0.03677775,0.263723,0.0,0.0,0.03677775,0.263723,0.0,0.0,0.0,0.0
3.51153,0.38,3.44,3.457,0.03678555,0.2639608,0.0,0.0,0.03678555,0.2639608,0.0,0.0,0.0,0.0
3.51251,0.38,3.441,3.458,0.03679334,0.2641988,0.0,0.0,0.03679334,0.2641988,0.0,0.0,0.0,0.0
3.5135,0.38,3.442,3.459,0.03680114,0.2644369,0.0,0.0,0.03680114,0.2644369,0.0,0.0,0.0,0.0
3.51448,0.38,3.443,3.46,0.03680893,0.2646751,0.0,0.0,0.03680893,0.2646751,0.0,0.0,0.0,0.0
3.51547,0.38,3.444,3.461,0.03681673,0.2649135,0.0,0.0,0.03681673,0.2649135,0.0,0.0,0.0,0.0
3.51645,0.38,3.445,3.462,0.03682452,0.2651521,0.0,0.0,0.03682452,0.2651521,0.0,0.0,0.0,0.0
3.51744,0.38,3.446,3.463,0.03683231,0.2653908,0.0,0.0,0.03683231,0.2653908,0.0,0.0,0.0,0.0
3.51842,0.38,3.447,3.464,0.03684011,0.2656296,0.0,0.0,0.03684011,0.2656296,0.0,0.0,0.0,0.0
3.5194,0.38,3.448,3.465,0.0368479,0.2658687,0.0,0.0,0.0368479,0.2658687,0.0,0.0,0.0,0.0
3.52039,0.38,3.449,3.466,0.0368557,0.2661078,0.0,0.0,0.0368557,0.2661078,0.0,0.0,0.0,0.0
3.52137,0.38,3.45,3.467,0.03686349,0.2663471,0.0,0.0,0.03686349,0.2663471,0.0,0.0,0.0,0.0
3.52236,0.38,3.451,3.468,0.03687128,0.2665866,0.0,0.0,0.03687128,0.2665866,0.0,0.0,0.0,0.0
3.52334,0.38,3.452,3.469,0.03687908,0.2668262,0.0,0.0,0.03687908,0.2668262,0.0,0.0,0.0,0.0
3.52433,0.38,3.453,3.47,0.03688687,0.267066,0.0,0.0,0.03688687,0.267066,0.0,0.0,0.0,0.0
3.52531,0.38,3.454,3.471,0.03689467,0.2673059,0.0,0.0,0.03689467,0.2673059,0.0,0.0,0.0,0.0
3.5263,0.38,3.455,3.472,0.03690246,0.267546,0.0,0.0,0.03690246,0.267546,0.0,0.0,0.0,0.0
3.52728,0.38,3.456,3.473,0.03691025,0.2677862,0.0,0.0,0.03691025,0.2677862,0.0,0.0,0.0,0.0
3.52827,0.38,3.457,3.474,0.03691804,0.2680266,0.0,0.0,0.03691804,0.2680266,0.0,0.0,0.0,0.0
3.52925,0.38,3.458,3.475,0.03692584,0.2682671,0.0,0.0,0.03692584,0.2682671,0.0,0.0,0.0,0.0
3.53024,0.38,3.459,3.476,0.03693363,0.2685078,0.0,0.0,0.03693363,0.2685078,0.0,0.0,0.0,0.0
3.53122,0.38,3.46,3.477,0.03694142,0.2687487,0.0,0.0,0.03694142,0.2687487,0.0,0.0,0.0,0.0
3.5322,0.38,3.461,3.478,0.03694922,0.2689896,0.0,0.0,0.03694922,0.2689896,0.0,0.0,0.0,0.0
3.53319,0.38,3.462,3.479,0.03695701,0.2692308,0.0,0.0,0.03695701,0.2692308,0.0,0.0,0.0,0.0
3.53417,0.38,3.463,3.48,0.0369648,0.2694721,0.0,0.0,0.0369648,0.2694721,0.0,0.0,0.0,0.0
3.53516,0.38,3.464,3.481,0.03697259,0.2697135,0.0,0.0,0.03697259,0.2697135,0.0,0.0,0.0,0.0
3.53614,0.38,3.465,3.482,0.03698039,0.2699551,0.0,0.0,0.03698039,0.2699551,0.0,0.0,0.0,0.0
3.53713,0.38,3.466,3.483,0.03698818,0.2701969,0.0,0.0,0.03698818,0.2701969,0.0,0.0,0.0,0.0
3.53811,0.38,3.467,3.484,0.03699597,0.2704388,0.0,0.0,0.03699597,0.2704388,0.0,0.0,0.0,0.0
3.5391,0.38,3.468,3.485,0.03700376,0.2706809,0.0,0.0,0.03700376,0.2706809,0.0,0.0,0.0,0.0
3.54008,0.38,3.469,3.486,0.03701155,0.2709231,0.0,0.0,0.03701155,0.2709231,0.0,0.0,0.0,0.0
3.54107,0.38,3.47,3.487,0.03701934,0.2711655,0.0,0.0,0.03701934,0.2711655,0.0,0.0,0.0,0.0
3.54205,0.38,3.471,3.488,0.03702714,0.271408,0.0,0.0,0.03702714,0.271408,0.0,0.0,0.0,0.0
3.54304,0.38,3.472,3.489,0.03703493,0.2716507,0.0,0.0,0.03703493,0.2716507,0.0,0.0,0.0,0.0
3.54402,0.38,3.473,3.49,0.03704272,0.2718935,0.0,0.0,0.03704272,0.2718935,0.0,0.0,0.0,0.0
3.54501,0.38,3.474,3.491,0.03705051,0.2721365,0.0,0.0,0.03705051,0.2721365,0.0,0.0,0.0,0.0
3.54599,0.38,3.475,3.492,0.0370583,0.2723796,0.0,0.0,0.0370583,0.2723796,0.0,0.0,0.0,0.0
3.54698,0.38,3.476,3.493,0.03706609,0.2726229,0.0,0.0,0.03706609,0.2726229,0.0,0.0,0.0,0.0
3.54796,0.38,3.477,3.494,0.03707388,0.2728663,0.0,0.0,0.03707388,0.2728663,0.0,0.0,0.0,0.0
3.54895,0.38,3.478,3.495,0.03708167,0.2731099,0.0,0.0,0.03708167,0.2731099,0.0,0.0,0.0,0.0
3.54993,0.38,3.479,3.496,0.03708946,0.2733537,0.0,0.0,0.03708946,0.2733537,0.0,0.0,0.0,0.0
3.55091,0.38,3.48,3.497,0.03709725,0.2735976,0.0,0.0,0.03709725,0.2735976,0.0,0.0,0.0,0.0
3.5519,0.38,3.481,3.498,0.03710504,0.2738416,0.0,0.0,0.03710504,0.2738416,0.0,0.0,0.0,0.0
3.55288,0.38,3.482,3.499,0.03711283,0.2740859,0.0,0.0,0.03711283,0.2740859,0.0,0.0,0.0,0.0
3.55387,0.38,3.483,3.5,0.03712062,0.2743302,0.0,0.0,0.03712062,0.2743302,0.0,0.0,0.0,0.0
3.55485,0.38,3.484,3.501,0.03712841,0.2745747,0.0,0.0,0.03712841,0.2745747,0.0,0.0,0.0,0.0
3.55584,0.38,3.485,3.502,0.0371362,0.2748194,0.0,0.0,0.0371362,0.2748194,0.0,0.0,0.0,0.0
3.55682,0.38,3.486,3.503,0.03714399,0.2750642,0.0,0.0,0.03714399,0.2750642,0.0,0.0,0.0,0.0
3.55781,0.38,3.487,3.504,0.03715178,0.2753092,0.0,0.0,0.03715178,0.2753092,0.0,0.0,0.0,0.0
3.55879,0.38,3.488,3.505,0.03715957,0.2755543,0.0,0.0,0.03715957,0.2755543,0.0,0.0,0.0,0.0
3.55978,0.38,3.489,3.506,0.03716736,0.2757996,0.0,0.0,0.03716736,0.2757996,0.0,0.0,0.0,0.0
3.56076,0.38,3.49,3.507,0.03717515,0.2760451,0.0,0.0,0.03717515,0.2760451,0.0,0.0,0.0,0.0
3.56175,0.38,3.491,3.508,0.03718294,0.2762907,0.0,0.0,0.03718294,0.2762907,0.0,0.0,0.0,0.0
3.56273,0.38,3.492,3.509,0.03719073,0.2765364,0.0,0.0,0.03719073,0.2765364,0.0,0.0,0.0,0.0
3.56372,0.38,3.493,3.51,0.03719852,0.2767823,0.0,0.0,0.03719852,0.2767823,0.0,0.0,0.0,0.0
3.5647,0.38,3.494,3.511,0.03720631,0.2770284,0.0,0.0,0.03720631,0.2770284,0.0,0.0,0.0,0.0
3.56569,0.38,3.495,3.512,0.0372141,0.2772746,0.0,0.0,0.0372141,0.2772746,0.0,0.0,0.0,0.0
3.56667,0.38,3.496,3.513,0.03722188,0.277521,0.0,0.0,0.03722188,0.277521,0.0,0.0,0.0,0.0
3.56766,0.38,3.497,3.514,0.03722967,0.2777675,0.0,0.0,0.03722967,0.2777675,0.0,0.0,0.0,0.0
3.56864,0.38,3.498,3.515,0.03723746,0.2780142,0.0,0.0,0.03723746,0.2780142,0.0,0.0,0.0,0.0
3.56963,0.38,3.499,3.516,0.03724525,0.278261,0.0,0.0,0.03724525,0.278261,0.0,0.0,0.0,0.0
3.57061,0.38,3.5,3.517,0.03725304,0.278508,0.0,0.0,0.03725304,0.278508,0.0,0.0,0.0,0.0
