0 0.02836824000000001 0.865311459129
1 0.027141240000000007 0.8759211891290001
2 0.02591424000000001 0.8865309191290001
3 0.02468724000000001 0.897140649129
4 0.053838241347223335 0.8304587277817767
5 0.05160614178888075 0.8420735573401192
6 0.04937404223053815 0.8536883868984619
7 0.047141942672195555 0.8653032164568045
8 0.04490984311385297 0.8769180460151471
9 0.05229136000000001 0.832193263729
10 0.05066336000000001 0.843203993729
11 0.04903536000000002 0.8542147237290001
12 0.047407360000000016 0.8652254537290001
13 0.045779360000000005 0.876236183729
14 0.04415136000000001 0.8872469137290001
15 0.04252336 0.8982576437290001
16 0.04089536000000001 0.9092683737289999
17 0.03926736000000001 0.9202791037290001
18 0.03763936000000002 0.931289833729
19 0.03601136000000001 0.942300563729
20 0.03438336000000001 0.953311293729
21 0.03275536000000001 0.964322023729
22 0.09512593444265159 0.7893586892863484
23 0.09216435491454912 0.801702998814451
24 0.08920277538644665 0.8140473083425535
25 0.08624119585834417 0.8263916178706558
26 0.08327961633024168 0.8387359273987584
27 0.08031803680213921 0.8510802369268609
28 0.07735645727403673 0.8634245464549634
29 0.07439487774593426 0.8757688559830658
30 0.07143329821783177 0.8881131655111684
31 0.06847171868972932 0.9004574750392706
32 0.06551013916162683 0.9128017845673732
33 0.06254855963352433 0.9251460940954757
34 0.05958698010542187 0.9374904036235782
35 0.009382177659094755 0.8944308698699053
36 0.009070684376920296 0.9041250931520798
37 0.008759191094745834 0.9138193164342542
38 0.008447697812571374 0.9235135397164287
39 0.025518399999999986 0.870600808929
40 0.02469839999999999 0.880803538929
41 0.023878399999999987 0.891006268929
42 0.02305839999999999 0.901208998929
43 0.022238399999999988 0.911411728929
44 0.021418399999999994 0.9216144589290001
45 0.020598399999999992 0.931817188929
46 0.019778399999999995 0.942019918929
47 0.018958399999999993 0.952222648929
48 0.0804286 0.809122697929
49 0.07839860000000001 0.820535427929
50 0.07636860000000001 0.831948157929
51 0.0743386 0.843360887929
52 0.0723086 0.854773617929
53 0.0702786 0.8661863479290001
54 0.06824859999999999 0.877599077929
55 0.0662186 0.889011807929
56 0.06418860000000001 0.900424537929
57 0.0621586 0.9118372679290001
58 0.060128600000000004 0.9232499979290001
59 0.0580986 0.9346627279290001
60 0.05606860000000001 0.9460754579289999
61 0.054038600000000006 0.9574881879289999
62 0.05200860000000001 0.968900917929
63 0.04997860000000001 0.980313647929
64 0.04794860000000001 0.991726377929
65 0.045918600000000004 1.003139107929
66 0.04388860000000001 1.014551837929
67 0.0418586 1.025964567929
68 0.14261897345939492 0.7563150544696051
69 0.13892609480948825 0.7693906631195118
70 0.13523321615958162 0.7824662717694184
71 0.13154033750967495 0.795541880419325
72 0.12784745885976828 0.8086174890692317
73 0.12415458020986163 0.8216930977191385
74 0.12046170155995499 0.8347687063690451
75 0.11676882291004835 0.8478443150189517
76 0.11307594426014168 0.8609199236688584
77 0.10938306561023503 0.873995532318765
78 0.10569018696032838 0.8870711409686717
79 0.10199730831042174 0.9001467496185782
80 0.09830442966051509 0.9132223582684849
81 0.09461155101060843 0.9262979669183915
82 0.09091867236070178 0.9393735755682981
83 0.08722579371079513 0.9524491842182049
84 0.08353291506088847 0.9655247928681115
85 0.07984003641098184 0.9786004015180182
86 0.07614715776107517 0.9916760101679248
87 0.01439834630183676 0.8987974312271633
88 0.014010459817412281 0.9085680477115877
89 0.013622573332987798 0.9183386641960123
90 0.013234686848563318 0.9281092806804367
91 0.012846800364138836 0.9378798971648612
92 0.012458913879714352 0.9476505136492858
93 0.012071027395289872 0.9574211301337102
94 0.039726359999999995 0.8547039575290001
95 0.03871085999999999 0.865102187529
96 0.03769535999999999 0.8755004175290001
97 0.036679859999999995 0.885898647529
98 0.03566435999999999 0.8962968775290001
99 0.03464886 0.9066951075290001
100 0.033633359999999994 0.9170933375290001
101 0.03261785999999999 0.9274915675290001
102 0.031602359999999996 0.9378897975290001
103 0.030586859999999997 0.9482880275290001
104 0.029571359999999994 0.958686257529
105 0.028555859999999995 0.969084487529
106 0.027540359999999993 0.9794827175290001
107 0.02141257914942806 0.882400468379572
108 0.020948299462753558 0.8922474780662465
109 0.020484019776079058 0.902094487752921
110 0.020019740089404554 0.9119414974395955
111 0.01955546040273005 0.92178850712627
112 0.019091180716055547 0.9316355168129445
113 0.018626901029381044 0.941482526499619
114 0.018162621342706544 0.9513295361862936
115 0.01769834165603204 0.9611765458729681
116 0.017234061969357537 0.9710235555596426
117 0.016769782282683037 0.980870565246317
118 0.05839261999999997 0.827405585929
119 0.05717711999999998 0.8380038159290001
120 0.055961619999999976 0.8486020459290001
121 0.05474611999999998 0.8592002759290001
122 0.05353061999999998 0.8697985059290001
123 0.05231511999999998 0.8803967359290001
124 0.051099619999999984 0.890994965929
125 0.04988411999999998 0.901593195929
126 0.04866861999999998 0.912191425929
127 0.04745311999999998 0.922789655929
128 0.046237619999999986 0.933387885929
129 0.045022119999999985 0.9439861159290001
130 0.043806619999999984 0.954584345929
131 0.04259111999999998 0.965182575929
132 0.04137561999999998 0.9757808059290001
133 0.04016011999999999 0.986379035929
134 0.038944619999999985 0.996977265929
135 0.037729119999999984 1.007575495929
136 0.03651361999999999 1.018173725929
137 0.03529811999999999 1.028771955929
138 0.03408261999999999 1.039370185929
139 0.032867119999999986 1.0499684159290001
140 0.11644490000000002 0.770666888129
141 0.11401390000000002 0.782480618129
142 0.11158290000000001 0.794294348129
143 0.10915190000000001 0.8061080781290001
144 0.10701262000000002 0.816504160529
145 0.1042899 0.829735538129
146 0.10185890000000002 0.8415492681290001
147 0.09942790000000001 0.8533629981290001
148 0.09699690000000001 0.865176728129
149 0.09456590000000001 0.876990458129
150 0.09213489999999999 0.888804188129
151 0.0897039 0.9006179181289999
152 0.0872729 0.912431648129
153 0.0848419 0.9242453781290001
154 0.0824109 0.9360591081290002
155 0.08002851999999999 0.947636563529
156 0.07754889999999999 0.9596865681289999
157 0.07511789999999999 0.971500298129
158 0.0726869 0.9833140281289999
159 0.07025590000000001 0.9951277581289999
160 0.06782490000000001 1.006941488129
161 0.0653939 1.0187552181289998
162 0.0629629 1.030568948129
163 0.06053190000000001 1.042382678129
164 0.058100900000000004 1.054196408129
165 0.055669900000000015 1.066010138129
166 0.05323890000000001 1.077823868129
167 0.05080790000000001 1.089637598129
168 0.20740861926236062 0.6890858988666394
169 0.20298626064269407 0.702890987486306
170 0.19856390202302754 0.7166960761059725
171 0.19414154340336098 0.7305011647256391
172 0.18971918478369446 0.7443062533453056
173 0.18529682616402793 0.7581113419649721
174 0.1808744675443614 0.7719164305846387
175 0.17645210892469484 0.7857215192043052
176 0.16318503306569523 0.8271367850633048
177 0.1587626744460287 0.8409418736829712
178 0.15434031582636215 0.854746962302638
179 0.14991795720669562 0.8685520509223045
180 0.14602628162138906 0.8807005289076109
181 0.14107323996736254 0.8961622281616374
182 0.13665088134769598 0.9099673167813039
183 0.13222852272802946 0.9237724054009705
184 0.12780616410836296 0.937577494020637
185 0.1233838054886964 0.9513825826403035
186 0.11896144686902986 0.9651876712599701
187 0.11453908824936332 0.9789927598796366
188 0.11011672962969679 0.9927978484993032
189 0.10569437101003025 1.0066029371189698
190 0.10127201239036372 1.0204080257386363
191 0.09684965377069718 1.0342131143583029
192 0.09242729515103064 1.0480182029779694
193 0.07940927999999998 0.806201271329
194 0.07799328 0.817000001329
195 0.07657728 0.8277987313290001
196 0.07516128 0.838597461329
197 0.07374528 0.849396191329
198 0.07232928 0.8601949213290001
199 0.07091328 0.8709936513290001
200 0.06949728 0.8817923813290001
201 0.06808128 0.892591111329
202 0.06666528 0.903389841329
203 0.06524927999999999 0.9141885713290001
204 0.06383327999999999 0.9249873013290001
205 0.06241727999999999 0.9357860313290001
206 0.06100127999999999 0.9465847613290002
207 0.05958527999999999 0.9573834913290001
208 0.05816928 0.9681822213290001
209 0.056753279999999996 0.9789809513290001
210 0.055337279999999996 0.9897796813290001
211 0.05392127999999999 1.0005784113290002
212 0.05250527999999999 1.011377141329
213 0.05108927999999999 1.0221758713290001
214 0.049673279999999986 1.0329746013290002
215 0.048257279999999986 1.043773331329
216 0.04684127999999999 1.0545720613290002
217 0.04542527999999999 1.0653707913290003
218 0.04400928 1.076169521329
219 0.04259328 1.086968251329
220 0.04117728 1.097766981329
221 0.15609984000000005 0.738518132129
222 0.15326784000000004 0.750732862129
223 0.15043584000000004 0.7629475921290001
224 0.14760384000000004 0.7751623221289999
225 0.14477184000000004 0.787377052129
226 0.14193984000000007 0.799591782129
227 0.13910784000000004 0.8118065121289999
228 0.13627584000000004 0.824021242129
229 0.13344384000000004 0.836235972129
230 0.13061184000000003 0.848450702129
231 0.12777984000000003 0.8606654321289999
232 0.12517440000000002 0.871902983729
233 0.12211584000000004 0.8850948921289999
234 0.11934048000000003 0.8970653275290001
235 0.11645184000000003 0.909524352129
236 0.11361984000000003 0.921739082129
237 0.11078784000000003 0.9339538121290001
238 0.10795584000000003 0.946168542129
239 0.10512384000000002 0.958383272129
240 0.10229184000000004 0.970598002129
241 0.09945984000000004 0.982812732129
242 0.09662784000000003 0.9950274621290001
243 0.09379584000000005 1.007242192129
244 0.09096384000000003 1.019456922129
245 0.08813184000000003 1.0316716521290001
246 0.08529984000000003 1.043886382129
247 0.08246784000000001 1.056101112129
248 0.07963584000000001 1.068315842129
249 0.07680384000000001 1.0805305721290002
250 0.07397184000000001 1.0927453021290001
251 0.07113984000000002 1.1049600321289998
252 0.06830784000000004 1.1171747621289998
253 0.06547584000000002 1.129389492129
254 0.06264384000000002 1.141604222129
255 0.059811840000000026 1.1538189521289999
256 0.2685138272809052 0.6542523348480948
257 0.2633619886914788 0.6687869034375211
258 0.25821015010205245 0.6833214720269476
259 0.253058311512626 0.6978560406163741
260 0.24790647292319953 0.7123906092058004
261 0.24275463433377312 0.7269251777952269
262 0.23760279574434667 0.7414597463846533
263 0.23245095715492026 0.7559943149740798
264 0.22729911856549384 0.7705288835635062
265 0.22214727997606742 0.7850634521529326
266 0.21699544138664098 0.7995980207423591
267 0.21184360279721454 0.8141325893317855
268 0.20669176420778812 0.8286671579212119
269 0.2015399256183617 0.8432017265106384
270 0.19638808702893526 0.8577362951000648
271 0.19123624843950884 0.8722708636894912
272 0.18608440985008246 0.8868054322789176
273 0.180932571260656 0.9013400008683441
274 0.1757807326712296 0.9158745694577705
275 0.16032521690295035 0.9594782752260498
276 0.1551733783135239 0.9740128438154763
277 0.15002153972409746 0.9885474124049026
278 0.14486970113467104 1.003081980994329
279 0.1397178625452446 1.0176165495837555
280 0.13456602395581818 1.032151118173182
281 0.1294141853663918 1.0466856867626082
282 0.12426234677696538 1.0612202553520345
283 0.11911050818753893 1.075754823941461
284 0.1139586695981125 1.0902893925308874
285 0.10880683100868609 1.104823961120314
286 0.03833214558376272 0.8654809019452373
287 0.03771507949258818 0.8754806980364118
288 0.03709801340141363 0.8854804941275864
289 0.036480947310239084 0.895480290218761
290 0.03586388121906454 0.9054800863099355
291 0.03524681512789 0.9154798824011101
292 0.03462974903671546 0.9254796784922846
293 0.03401268294554091 0.9354794745834591
294 0.033395616854366365 0.9454792706746338
295 0.03277855076319182 0.9554790667658083
296 0.03216148467201727 0.9654788628569827
297 0.031544418580842726 0.9754786589481574
298 0.03092735248966818 0.985478455039332
299 0.03031028639849364 0.9954782511305065
300 0.029693220307319093 1.005478047221681
301 0.02907615421614455 1.0154778433128553
302 0.028459088124970004 1.02547763940403
303 0.10348892999999997 0.7821216213290001
304 0.10187342999999997 0.7931198513290001
305 0.10025792999999998 0.8041180813290001
306 0.09864242999999998 0.8151163113290001
307 0.09702692999999997 0.8261145413290001
308 0.09541142999999998 0.8371127713290001
309 0.09379592999999997 0.8481110013290001
310 0.09218042999999998 0.8591092313290001
311 0.09056492999999999 0.8701074613290001
312 0.08894942999999998 0.8811056913290001
313 0.08733392999999998 0.8921039213290001
314 0.08571842999999998 0.9031021513290001
315 0.08410292999999998 0.9141003813290001
316 0.08248742999999997 0.9250986113290001
317 0.08087193 0.9360968413290001
318 0.07925642999999999 0.9470950713290001
319 0.07764093 0.9580933013290001
320 0.07602542999999999 0.9690915313290002
321 0.07440992999999999 0.9800897613290002
322 0.07279442999999998 0.9910879913290002
323 0.07117892999999999 1.002086221329
324 0.06956342999999998 1.013084451329
325 0.06794792999999998 1.0240826813290003
326 0.06633242999999998 1.0350809113290003
327 0.06471692999999998 1.0460791413290003
328 0.06310142999999999 1.057077371329
329 0.06148592999999999 1.068075601329
330 0.05987042999999998 1.0790738313290003
331 0.05825492999999998 1.0900720613290003
332 0.05663942999999999 1.101070291329
333 0.055023929999999985 1.112068521329
334 0.053408429999999986 1.123066751329
335 0.05179292999999999 1.134064981329
336 0.05017742999999998 1.145063211329
337 0.20348838000000005 0.692255519729
338 0.20025738000000007 0.704869249729
339 0.19702638000000006 0.717482979729
340 0.19379538000000004 0.730096709729
341 0.19056438000000006 0.742710439729
342 0.18733338000000002 0.7553241697290001
343 0.18410238 0.7679378997290001
344 0.18087138000000003 0.780551629729
345 0.17764038000000001 0.7931653597289999
346 0.17440938000000006 0.8057790897289999
347 0.17117838000000005 0.8183928197289999
348 0.16794738000000003 0.831006549729
349 0.16471638000000002 0.843620279729
350 0.16148538000000004 0.856234009729
351 0.15825438000000003 0.868847739729
352 0.15502338000000002 0.881461469729
353 0.15179238000000003 0.894075199729
354 0.14856138000000002 0.906688929729
355 0.14533038 0.919302659729
356 0.14209938000000003 0.931916389729
357 0.13886838 0.944530119729
358 0.13563738000000003 0.957143849729
359 0.13240638000000002 0.969757579729
360 0.12917538000000003 0.982371309729
361 0.12594438000000002 0.9949850397290001
362 0.12271338000000002 1.007598769729
363 0.11948238000000003 1.020212499729
364 0.11625138000000003 1.032826229729
365 0.11302038000000003 1.045439959729
366 0.10978938000000002 1.058053689729
367 0.10655838000000002 1.070667419729
368 0.10332738000000002 1.083281149729
369 0.10009638000000004 1.0958948797289998
370 0.09686538000000003 1.1085086097289998
371 0.09363438000000002 1.1211223397289998
372 0.09040338 1.133736069729
373 0.08717238000000001 1.1463497997290002
374 0.08394138000000001 1.1589635297290002
375 0.08071038000000003 1.171577259729
376 0.07747938000000003 1.184190989729
377 0.07424838000000003 1.196804719729
378 0.07101738000000002 1.209418449729
379 0.06778638000000002 1.222032179729
380 0.344432062948727 0.592408194180273
381 0.3385543826936293 0.6076686044353707
382 0.33267670243853165 0.6229290146904684
383 0.3267990221834339 0.6381894249455662
384 0.32092134192833616 0.6534498352006639
385 0.31504366167323844 0.6687102454557616
386 0.30916598141814067 0.6839706557108594
387 0.30328830116304295 0.6992310659659571
388 0.29741062090794523 0.7144914762210548
389 0.29153294065284746 0.7297518864761525
390 0.28565526039774974 0.7450122967312502
391 0.279777580142652 0.760272706986348
392 0.27389989988755425 0.7755331172414458
393 0.26802221963245654 0.7907935274965435
394 0.2621445393773588 0.8060539377516412
395 0.25626685912226105 0.8213143480067391
396 0.2503891788671634 0.8365747582618367
397 0.24451149861206567 0.8518351685169344
398 0.2386338183569679 0.8670955787720322
399 0.23275613810187015 0.88235598902713
400 0.22687845784677244 0.8976163992822277
401 0.2210007775916747 0.9128768095373254
402 0.21512309733657697 0.9281372197924231
403 0.20924541708147923 0.9433976300475209
404 0.20336773682638148 0.9586580403026186
405 0.1974900565712838 0.9739184505577163
406 0.19161237631618605 0.989178860812814
407 0.1857346960610883 1.0044392710679118
408 0.1798570158059906 1.0196996813230095
409 0.17397933555089284 1.0349600915781072
410 0.1681016552957951 1.0502205018332051
411 0.1622239750406974 1.0654809120883026
412 0.15634629478559967 1.0807413223434004
413 0.15046861453050192 1.096001732598498
414 0.1445909342754042 1.1112621428535958
415 0.13871325402030646 1.1265225531086935
416 0.13283557376520874 1.1417829633637915
417 0.126957893510111 1.1570433736188892
418 0.12108021325501328 1.1723037838739867
419 0.13060706999999996 0.756129408929
420 0.12879156999999994 0.767327638929
421 0.12697606999999994 0.778525868929
422 0.12516056999999997 0.789724098929
423 0.12334506999999996 0.8009223289290001
424 0.12152956999999996 0.812120558929
425 0.11971406999999996 0.823318788929
426 0.11789856999999997 0.8345170189290001
427 0.11608306999999995 0.8457152489290001
428 0.11426756999999996 0.856913478929
429 0.11245206999999996 0.868111708929
430 0.11063656999999996 0.8793099389290001
431 0.10882106999999995 0.8905081689290001
432 0.10700556999999995 0.9017063989290001
433 0.10519006999999995 0.9129046289290002
434 0.10337456999999994 0.9241028589290001
435 0.10155906999999995 0.9353010889290001
436 0.09974356999999995 0.9464993189290001
437 0.09792806999999996 0.9576975489290002
438 0.09611256999999997 0.9688957789290001
439 0.09429706999999996 0.9800940089290001
440 0.09248156999999997 0.9912922389290001
441 0.09066606999999997 1.0024904689290002
442 0.08885056999999998 1.0136886989290002
443 0.08703506999999996 1.0248869289290001
444 0.08521956999999998 1.036085158929
445 0.08340406999999998 1.047283388929
446 0.08158856999999997 1.058481618929
447 0.07977306999999997 1.0696798489290003
448 0.07795756999999998 1.0808780789290002
449 0.07614206999999996 1.0920763089290002
450 0.07432656999999997 1.1032745389290002
451 0.07251106999999998 1.114472768929
452 0.07069556999999997 1.125670998929
453 0.06888006999999997 1.1368692289289999
454 0.06706456999999998 1.148067458929
455 0.06524906999999998 1.1592656889290003
456 0.06343356999999997 1.1704639189290003
457 0.061618069999999976 1.181662148929
458 0.05980256999999998 1.192860378929
459 0.057987069999999974 1.204058608929
460 0.056171569999999976 1.215256838929
461 0.05435606999999997 1.2264550689290001
462 0.052540569999999974 1.2376532989290001
463 0.05072506999999998 1.248851528929
464 0.04890956999999998 1.260049758929
465 0.25634860000000004 0.642960737129
466 0.25271760000000004 0.655974467129
467 0.24908660000000002 0.6689881971289999
468 0.24545560000000002 0.682001927129
469 0.2418246 0.695015657129
470 0.2381936 0.708029387129
471 0.2345626 0.7210431171289999
472 0.23093160000000001 0.734056847129
473 0.22730060000000005 0.7470705771289999
474 0.22366960000000005 0.760084307129
475 0.22003860000000003 0.7730980371289999
476 0.21640760000000003 0.786111767129
477 0.21277660000000004 0.799125497129
478 0.20914560000000001 0.812139227129
479 0.20551460000000002 0.825152957129
480 0.20188360000000002 0.838166687129
481 0.19825260000000003 0.851180417129
482 0.1946216 0.864194147129
483 0.19099060000000007 0.877207877129
484 0.18735960000000002 0.8902216071290001
485 0.18372860000000002 0.9032353371290001
486 0.18009760000000002 0.916249067129
487 0.1764666 0.9292627971290001
488 0.1728356 0.9422765271290001
489 0.1692046 0.9552902571290001
490 0.16557360000000002 0.9683039871290001
491 0.1619426 0.9813177171290002
492 0.1583116 0.9943314471290001
493 0.1546806 1.007345177129
494 0.1510496 1.0203589071290002
495 0.1474186 1.0333726371290002
496 0.14378760000000002 1.0463863671290001
497 0.1401566 1.059400097129
498 0.1365256 1.0724138271290002
499 0.1328946 1.0854275571290002
500 0.1292636 1.098441287129
501 0.1256326 1.1114550171289999
502 0.1220016 1.124468747129
503 0.1183706 1.137482477129
504 0.1147396 1.150496207129
505 0.1111086 1.163509937129
506 0.10747759999999999 1.1765236671290003
507 0.10384660000000001 1.189537397129
508 0.10021560000000002 1.202551127129
509 0.0965846 1.215564857129
510 0.09295359999999998 1.228578587129
511 0.0893226 1.241592317129
512 0.08569159999999999 1.254606047129
513 0.08206060000000001 1.267619777129
514 0.0784296 1.280633507129
515 0.0747986 1.293647237129
516 0.4200996922309276 0.5448887548980724
517 0.41349435115811434 0.5608768259708856
518 0.406889010085301 0.576864897043699
519 0.40028366901248763 0.5928529681165124
520 0.39367832793967433 0.6088410391893258
521 0.387072986866861 0.624829110262139
522 0.3804676457940476 0.6408171813349524
523 0.3738623047212343 0.6568052524077658
524 0.367256963648421 0.6727933234805791
525 0.3606516225756077 0.6887813945533924
526 0.35404628150279427 0.7047694656262058
527 0.3474409404299811 0.720757536699019
528 0.34083559935716773 0.7367456077718324
529 0.3342302582843544 0.7527336788446457
530 0.3276249172115411 0.768721749917459
531 0.32101957613872767 0.7847098209902724
532 0.31441423506591437 0.8006978920630857
533 0.3078088939931011 0.816685963135899
534 0.3012035529202877 0.8326740342087124
535 0.29459821184747437 0.8486621052815257
536 0.28799287077466107 0.864650176354339
537 0.2813875297018477 0.8806382474271524
538 0.2747821886290344 0.8966263184999657
539 0.26817684755622107 0.9126143895727791
540 0.26157150648340777 0.9286024606455924
541 0.2549661654105944 0.9445905317184058
542 0.2483608243377811 0.9605786027912191
543 0.24175548326496776 0.9765666738640324
544 0.23515014219215444 0.9925547449368455
545 0.2285448011193411 1.0085428160096588
546 0.2219394600465278 1.024530887082472
547 0.21533411897371446 1.0405189581552854
548 0.2087287779009011 1.056507029228099
549 0.20212343682808778 1.0724951003009124
550 0.19551809575527446 1.0884831713737257
551 0.18891275468246116 1.1044712424465388
552 0.18230741360964783 1.1204593135193521
553 0.17570207253683448 1.1364473845921654
554 0.16909673146402115 1.1524354556649787
555 0.16249139039120786 1.1684235267377923
556 0.1558860493183945 1.1844115978106056
557 0.1492807082455812 1.2003996688834189
558 0.14267536717276785 1.2163877399562322
559 0.13607002609995456 1.2323758110290455
560 0.06014087696209872 0.8436721705669014
561 0.05937102446642414 0.8538247530625759
562 0.058601171970749544 0.8639773355582505
563 0.05783131947507496 0.8741299180539251
564 0.05706146697940038 0.8842825005495997
565 0.05629161448372579 0.8944350830452743
566 0.055521761988051206 0.9045876655409488
567 0.05475190949237663 0.9147402480366235
568 0.05398205699670204 0.9248928305322981
569 0.05321220450102745 0.9350454130279726
570 0.05244235200535286 0.9451979955236471
571 0.051672499509678275 0.9553505780193219
572 0.05090264701400368 0.9655031605149964
573 0.050132794518329096 0.975655743010671
574 0.04936294202265451 0.9858083255063457
575 0.048593089526979924 0.99596090800202
576 0.04782323703130533 1.0061134904976945
577 0.047053384535630745 1.0162660729933692
578 0.046283532039956166 1.0264186554890438
579 0.04551367954428158 1.0365712379847183
580 0.04474382704860699 1.046723820480393
581 0.0439739745529324 1.0568764029760676
582 0.043204122057257814 1.067028985471742
583 0.04243426956158323 1.0771815679674168
584 0.04166441706590864 1.0873341504630913
585 0.040894564570234056 1.0974867329587659
586 0.040124712074559477 1.1076393154544406
587 0.03935485957888488 1.1177918979501151
588 0.038585007083210304 1.1279444804457897
589 0.03781515458753571 1.1380970629414642
590 0.15906325999999998 0.737243603529
591 0.15704775999999998 0.748641833529
592 0.15503225999999998 0.7600400635290001
593 0.15301675999999997 0.7714382935290001
594 0.15100125999999997 0.782836523529
595 0.14898576 0.7942347535290001
596 0.14697026 0.805632983529
597 0.14495476 0.8170312135290001
598 0.14293925999999998 0.828429443529
599 0.14092375999999998 0.8398276735290001
600 0.13890825999999998 0.8512259035290001
601 0.13689275999999997 0.8626241335290001
602 0.13487725999999997 0.874022363529
603 0.13286175999999997 0.885420593529
604 0.13084625999999996 0.896818823529
605 0.12883075999999996 0.9082170535290001
606 0.12681525999999999 0.919615283529
607 0.12479975999999997 0.9310135135290001
608 0.12278425999999996 0.942411743529
609 0.12076875999999999 0.953809973529
610 0.11875325999999999 0.965208203529
611 0.11673775999999998 0.976606433529
612 0.11472225999999998 0.9880046635290001
613 0.11270675999999999 0.999402893529
614 0.11069125999999999 1.010801123529
615 0.10867575999999998 1.0221993535290002
616 0.10666025999999998 1.033597583529
617 0.10464476 1.044995813529
618 0.10262926 1.056394043529
619 0.10061375999999998 1.0677922735290002
620 0.09859825999999998 1.0791905035290001
621 0.09658275999999998 1.090588733529
622 0.09456725999999997 1.101986963529
623 0.09255176 1.113385193529
624 0.09053626 1.1247834235290002
625 0.08852075999999999 1.1361816535290001
626 0.08650526 1.147579883529
627 0.08448976 1.158978113529
628 0.08247426 1.1703763435290002
629 0.08045876 1.1817745735290002
630 0.07844326 1.1931728035290001
631 0.07642776 1.204571033529
632 0.07441226 1.2159692635290003
633 0.07239675999999999 1.2273674935290002
634 0.07038125999999999 1.2387657235290002
635 0.06836575999999998 1.2501639535290001
636 0.06635026 1.261562183529
637 0.06433475999999999 1.272960413529
638 0.062319259999999994 1.284358643529
639 0.06030375999999999 1.295756873529
640 0.05828825999999999 1.3071551035289999
641 0.05627275999999999 1.3185533335290003
642 0.05425725999999999 1.3299515635290002
643 0.30643662000000005 0.6170801605289999
644 0.30240562000000004 0.630493890529
645 0.29837462000000003 0.643907620529
646 0.2943436200000001 0.6573213505289999
647 0.2903126200000001 0.670735080529
648 0.28628162000000007 0.6841488105289999
649 0.28225062000000006 0.697562540529
650 0.27821962000000006 0.7109762705289999
651 0.27418862000000005 0.724390000529
652 0.2701576200000001 0.7378037305289998
653 0.2661266200000001 0.7512174605289998
654 0.2620956200000001 0.7646311905289999
655 0.2580646200000001 0.7780449205289999
656 0.2500026200000001 0.8048723805289999
657 0.24194062000000008 0.8316998405289999
658 0.2379096200000001 0.8451135705289998
659 0.2338786200000001 0.858527300529
660 0.22984762000000009 0.8719410305289998
661 0.22581662000000008 0.885354760529
662 0.22178562000000007 0.8987684905289999
663 0.21775462000000007 0.912182220529
664 0.21372362000000006 0.9255959505289999
665 0.20969262000000005 0.939009680529
666 0.20566162000000004 0.9524234105289999
667 0.2016306200000001 0.9658371405289999
668 0.19759962000000006 0.979250870529
669 0.19356862000000008 0.992664600529
670 0.18953762000000007 1.006078330529
671 0.18550662000000007 1.019492060529
672 0.18147562000000006 1.032905790529
673 0.17744462000000005 1.046319520529
674 0.17341362000000005 1.059733250529
675 0.16938262000000004 1.0731469805290001
676 0.16535162000000003 1.086560710529
677 0.16132062000000003 1.099974440529
678 0.15728962000000005 1.113388170529
679 0.15325862000000004 1.126801900529
680 0.14922762000000003 1.140215630529
681 0.14519662000000005 1.153629360529
682 0.14116562000000005 1.1670430905290001
683 0.13713462000000004 1.180456820529
684 0.13310362000000006 1.1938705505290002
685 0.12907262000000005 1.207284280529
686 0.12504162000000005 1.2206980105290002
687 0.12101062000000004 1.234111740529
688 0.11697962000000003 1.2475254705290002
689 0.11294862000000003 1.260939200529
690 0.10891762000000003 1.2743529305290002
691 0.10488662000000003 1.2877666605290001
692 0.10085562000000002 1.3011803905290003
693 0.09682462000000007 1.314594120529
694 0.09279362000000006 1.3280078505289998
695 0.08876262000000006 1.341421580529
696 0.08473162000000005 1.3548353105289999
697 0.5036305698415265 0.48875544888747346
698 0.49629756795099766 0.5054711807780025
699 0.48896456606046873 0.5221869126685312
700 0.4816315641699398 0.5389026445590603
701 0.4742985622794109 0.555618376449589
702 0.466965560388882 0.5723341083401179
703 0.45963255849835305 0.5890498402306469
704 0.45229955660782406 0.6057655721211759
705 0.4449665547172951 0.6224813040117048
706 0.43763355282676625 0.6391970359022336
707 0.4303005509362373 0.6559127677927626
708 0.4229675490457084 0.6726284996832916
709 0.41563454715517945 0.6893442315738205
710 0.4083015452646505 0.7060599634643494
711 0.4009685433741216 0.7227756953548784
712 0.39363554148359275 0.7394914272454072
713 0.3863025395930638 0.7562071591359362
714 0.3789695377025349 0.7729228910264652
715 0.3716365358120059 0.789638622916994
716 0.36430353392147696 0.806354354807523
717 0.35697053203094803 0.823070086698052
718 0.34963753014041915 0.8397858185885809
719 0.3423045282498902 0.8565015504791098
720 0.33497152635936134 0.8732172823696387
721 0.3276385244688324 0.8899330142601676
722 0.32030552257830347 0.9066487461506966
723 0.31297252068777454 0.9233644780412256
724 0.3056395187972456 0.9400802099317545
725 0.2983065169067167 0.9567959418222833
726 0.2909735150161878 0.9735116737128122
727 0.28364051312565886 0.9902274056033412
728 0.2763075112351299 1.0069431374938702
729 0.26897450934460093 1.023658869384399
730 0.261641507454072 1.040374601274928
731 0.2543085055635431 1.057090333165457
732 0.24697550367301419 1.073806065055986
733 0.2396425017824853 1.0905217969465149
734 0.23230949989195637 1.1072375288370437
735 0.22497649800142744 1.1239532607275726
736 0.21764349611089853 1.1406689926181015
737 0.21031049422036963 1.1573847245086304
738 0.20297749232984066 1.1741004563991595
739 0.19564449043931173 1.1908161882896884
740 0.1883114885487828 1.2075319201802173
741 0.1809784866582539 1.2242476520707464
742 0.17364548476772498 1.2409633839612753
743 0.16631248287719605 1.2576791158518041
744 0.15897948098666712 1.274394847742333
745 0.15164647909613818 1.291110579632862
746 0.19301435999999994 0.7014159575290001
747 0.19079885999999993 0.7130141875290001
748 0.18858335999999992 0.7246124175290001
749 0.18636785999999997 0.7362106475290001
750 0.18415235999999996 0.7478088775290002
751 0.18193685999999995 0.7594071075290001
752 0.17972135999999997 0.7710053375290001
753 0.17750586 0.7826035675290001
754 0.17529035999999998 0.7942017975290001
755 0.17307485999999997 0.8058000275290002
756 0.17085935999999996 0.8173982575290002
757 0.16864385999999998 0.828996487529
758 0.16642835999999997 0.8405947175290002
759 0.16421285999999996 0.8521929475290002
760 0.16199735999999995 0.8637911775290001
761 0.15978185999999997 0.8753894075290002
762 0.15756636 0.8869876375289999
763 0.15535085999999998 0.8985858675289999
764 0.15313535999999997 0.910184097529
765 0.15091986 0.9217823275289999
766 0.14870435999999998 0.933380557529
767 0.14648885999999997 0.944978787529
768 0.14427335999999996 0.956577017529
769 0.14205785999999998 0.968175247529
770 0.13984235999999997 0.979773477529
771 0.13762685999999996 0.9913717075290001
772 0.13541135999999995 1.002969937529
773 0.13319585999999997 1.014568167529
774 0.13098035999999996 1.026166397529
775 0.12876485999999995 1.037764627529
776 0.12654935999999994 1.0493628575290002
777 0.12433385999999995 1.060961087529
778 0.12211835999999995 1.072559317529
779 0.11990285999999997 1.084157547529
780 0.11768735999999998 1.095755777529
781 0.11547185999999997 1.107354007529
782 0.11325635999999997 1.118952237529
783 0.11104085999999996 1.1305504675290001
784 0.10882535999999997 1.142148697529
785 0.10660985999999996 1.153746927529
786 0.10439435999999998 1.1653451575290001
787 0.10217885999999997 1.176943387529
788 0.09996335999999997 1.188541617529
789 0.09774785999999996 1.2001398475290002
790 0.09553235999999997 1.211738077529
791 0.09331685999999997 1.223336307529
792 0.09110135999999999 1.2349345375290002
793 0.08888585999999998 1.246532767529
794 0.08667035999999999 1.258130997529
795 0.08445485999999998 1.2697292275290002
796 0.08223935999999998 1.2813274575290001
797 0.08002385999999997 1.292925687529
798 0.07780835999999998 1.3045239175290002
799 0.07559285999999997 1.3161221475290001
800 0.07337735999999997 1.327720377529
801 0.5571530063938613 0.5061664511351386
802 0.5410316809773723 0.5410532365516276
803 0.5249103555608832 0.5759400219681168
804 0.5087890301443941 0.6108268073846058
805 0.49266770472790505 0.6457135928010949
806 0.4765463793114161 0.6806003782175839
807 0.46042505389492694 0.715487163634073
808 0.44430372847843796 0.7503739490505621
809 0.428182403061949 0.785260734467051
810 0.4120610776454599 0.8201475198835402
811 0.3959397522289709 0.8550343053000291
812 0.37981842681248185 0.8899210907165183
813 0.3636971013959928 0.9248078761330072
814 0.34757577597950373 0.9596946615494963
815 0.33145445056301476 0.9945814469659853
816 0.3153331251465257 1.0294682323824744
817 0.29921179973003664 1.0643550177989636
818 0.28309047431354756 1.0992418032154525
819 0.26696914889705853 1.1341285886319417
820 0.25084782348056955 1.1690153740484306
821 0.2347264980640805 1.2039021594649197
822 0.2186051726475914 1.2387889448814087
823 0.20248384723110235 1.2736757302978978
824 0.1863625218146133 1.308562515714387
825 0.17024119639812424 1.343449301130876
826 0.08683877328443605 0.816974274244564
827 0.08591613438426143 0.8272796431447387
828 0.08499349548408679 0.8375850120449133
829 0.08407085658391217 0.847890380945088
830 0.08314821768373755 0.8581957498452625
831 0.08222557878356292 0.8685011187454371
832 0.08130293988338828 0.8788064876456118
833 0.08038030098321367 0.8891118565457864
834 0.07945766208303903 0.899417225445961
835 0.0785350231828644 0.9097225943461357
836 0.07761238428268977 0.9200279632463102
837 0.07668974538251515 0.930333332146485
838 0.07576710648234052 0.9406387010466596
839 0.07484446758216588 0.9509440699468342
840 0.07392182868199125 0.9612494388470089
841 0.07299918978181662 0.9715548077471833
842 0.072076550881642 0.9818601766473579
843 0.07115391198146737 0.9921655455475326
844 0.07023127308129275 1.002470914447707
845 0.06930863418111811 1.0127762833478817
846 0.06838599528094348 1.0230816522480564
847 0.06746335638076885 1.033387021148231
848 0.06654071748059423 1.0436923900484056
849 0.0656180785804196 1.0539977589485803
850 0.06469543968024496 1.064303127848755
851 0.06377280078007033 1.0746084967489296
852 0.06285016187989571 1.0849138656491042
853 0.06192752297972109 1.0952192345492788
854 0.061004884079546455 1.1055246034494535
855 0.06008224517937183 1.115829972349628
856 0.0591596062791972 1.1261353412498027
857 0.05823696737902257 1.1364407101499774
858 0.05731432847884794 1.146746079050152
859 0.05639168957867331 1.1570514479503267
860 0.05546905067849868 1.1673568168505013
861 0.054546411778324054 1.177662185750676
862 0.05362377287814942 1.1879675546508506
863 0.052701133977974796 1.1982729235510252
864 0.05177849507780016 1.2085782924511999
865 0.05085585617762553 1.2188836613513745
866 0.049933217277450904 1.2291890302515491
867 0.04901057837727627 1.2394943991517238
868 0.048087939477101646 1.2497997680518984
869 0.04716530057692701 1.260105136952073
870 0.046242661676752395 1.2704105058522477
871 0.04532002277657776 1.2807158747524223
872 0.044397383876403136 1.291021243652597
873 0.043474744976228503 1.3013266125527716
874 0.04255210607605388 1.3116319814529462
875 0.041629467175879245 1.3219373503531209
876 0.04070682827570462 1.3322427192532955
877 0.03978418937552999 1.3425480881534702
878 0.03886155047535536 1.3528534570536448
879 0.03793891157518073 1.3631588259538194
880 0.03701627267500611 1.373464194853994
881 0.036093633774831484 1.3837695637541687
882 0.035170994874656844 1.3940749326543433
883 0.03424835597448222 1.404380301554518
884 0.033325717074307586 1.4146856704546926
885 0.03240307817413296 1.4249910393548673
886 0.22744347999999992 0.6759942583290001
887 0.22502797999999993 0.6877924883290001
888 0.22261247999999992 0.6995907183290001
889 0.22019697999999993 0.7113889483290001
890 0.21778147999999992 0.723187178329
891 0.21536597999999993 0.7349854083290001
892 0.21295047999999991 0.7467836383290001
893 0.21053497999999993 0.7585818683290001
894 0.2081194799999999 0.7703800983290001
895 0.20570397999999993 0.7821783283290001
896 0.2032884799999999 0.7939765583290002
897 0.2008729799999999 0.8057747883290002
898 0.1984574799999999 0.8175730183290002
899 0.19604197999999992 0.8293712483290001
900 0.19362647999999993 0.8411694783290001
901 0.19121097999999992 0.8529677083290002
902 0.18879547999999993 0.8647659383290002
903 0.18637997999999995 0.8765641683290002
904 0.18396447999999996 0.8883623983290001
905 0.18154897999999994 0.9001606283290001
906 0.17913347999999996 0.9119588583290001
907 0.17671797999999994 0.9237570883290002
908 0.17430247999999995 0.9355553183290002
909 0.17188697999999997 0.9473535483290001
910 0.16947147999999995 0.9591517783290002
911 0.16705597999999997 0.9709500083290001
912 0.16464047999999995 0.9827482383290002
913 0.16222497999999996 0.9945464683290002
914 0.15980947999999995 1.0063446983290003
915 0.15739397999999996 1.0181429283290002
916 0.15497847999999995 1.0299411583290001
917 0.15256297999999996 1.0417393883290003
918 0.15014747999999994 1.0535376183290002
919 0.14773197999999996 1.0653358483290003
920 0.14531647999999994 1.077134078329
921 0.14290097999999993 1.0889323083290001
922 0.14048547999999994 1.100730538329
923 0.13806997999999993 1.1125287683290002
924 0.13565447999999994 1.124326998329
925 0.13323897999999992 1.136125228329
926 0.13082347999999996 1.1479234583290001
927 0.12840797999999995 1.159721688329
928 0.12599247999999996 1.171519918329
929 0.12357697999999995 1.183318148329
930 0.12116147999999995 1.195116378329
931 0.11874597999999995 1.206914608329
932 0.11633047999999996 1.218712838329
933 0.11391497999999996 1.2305110683290001
934 0.11149947999999994 1.242309298329
935 0.10908397999999997 1.254107528329
936 0.10666847999999997 1.265905758329
937 0.10425297999999997 1.277703988329
938 0.10183747999999997 1.2895022183290001
939 0.09942197999999997 1.301300448329
940 0.09700647999999995 1.3130986783290002
941 0.09459097999999995 1.324896908329
942 0.09217547999999996 1.3366951383290002
943 0.08975997999999996 1.3484933683290001
944 0.08734447999999996 1.360291598329
945 0.08492897999999996 1.3720898283290002
946 0.08251347999999996 1.383888058329
947 0.08009797999999996 1.3956862883290002
948 0.07768247999999998 1.407484518329
949 0.07526697999999998 1.419282748329
950 0.07285147999999998 1.431080978329
951 0.07043597999999998 1.4428792083289999
952 0.06802047999999997 1.454677438329
953 0.4262874400000001 0.5326960599289999
954 0.41662544000000007 0.5611235199289999
955 0.40696344000000007 0.589550979929
956 0.39730144000000006 0.6179784399289998
957 0.3876394400000001 0.6464058999289999
958 0.3779774400000001 0.6748333599289998
959 0.36831544 0.703260819929
960 0.35865344 0.731688279929
961 0.34899144 0.760115739929
962 0.33932944 0.788543199929
963 0.32966744 0.8169706599290001
964 0.32000544 0.845398119929
965 0.31034344 0.873825579929
966 0.30068144 0.9022530399290001
967 0.29101944 0.930680499929
968 0.28135744000000007 0.959107959929
969 0.27169544000000007 0.9875354199290001
970 0.26203344000000006 1.015962879929
971 0.25237144 1.044390339929
972 0.24270944000000003 1.072817799929
973 0.23304744000000002 1.1012452599290001
974 0.22338544000000002 1.1296727199290002
975 0.21372344 1.1581001799290003
976 0.20406144000000004 1.1865276399290001
977 0.19439944000000003 1.2149550999290002
978 0.18473744 1.2433825599290003
979 0.17507544 1.2718100199290001
980 0.16541344 1.3002374799290002
981 0.15575143999999996 1.3286649399290003
982 0.14608944000000001 1.3570923999289999
983 0.13642744 1.385519859929
984 0.12676544 1.413947319929
985 0.11710344000000002 1.442374779929
986 0.10744144 1.4708022399290002
987 0.6348684915153587 0.47423868841364125
988 0.6172918444634385 0.5105807954655615
989 0.5997151974115182 0.5469229025174818
990 0.582138550359598 0.583265009569402
991 0.5645619033076779 0.6196071166213222
992 0.5469852562557577 0.6559492236732424
993 0.5294086092038375 0.6922913307251626
994 0.5118319621519173 0.7286334377770828
995 0.49425531509999704 0.764975544829003
996 0.4766786680480768 0.8013176518809233
997 0.45910202099615643 0.8376597589328436
998 0.44152537394423624 0.8740018659847639
999 0.423948726892316 0.9103439730366841
1000 0.4063720798403958 0.9466860800886043
1001 0.3887954327884755 0.9830281871405246
1002 0.37121878573655537 1.0193702941924447
1003 0.3536421386846351 1.055712401244365
1004 0.3360654916327149 1.0920545082962854
1005 0.31848884458079463 1.1283966153482057
1006 0.3009121975288744 1.1647387224001258
1007 0.2991545328236824 1.1683729331053176
1008 0.26575890342503394 1.237422936503966
1009 0.2481822563731137 1.2737650435558863
1010 0.23060560932119345 1.3101071506078066
1011 0.21302896226927323 1.346449257659727
1012 0.19545231521735296 1.3827913647116472
1013 0.26648214 0.635079052329
1014 0.26126314 0.6590635123290001
1015 0.25604414 0.683047972329
1016 0.25082513999999995 0.707032432329
1017 0.24560613999999997 0.7310168923290001
1018 0.24038713999999997 0.7550013523290001
1019 0.23516813999999997 0.778985812329
1020 0.22994914 0.802970272329
1021 0.22473013999999997 0.8269547323290001
1022 0.21951113999999997 0.8509391923290001
1023 0.21429213999999996 0.874923652329
1024 0.20907313999999996 0.898908112329
1025 0.20385414 0.922892572329
1026 0.19863514 0.9468770323290001
1027 0.19341614 0.9708614923290001
1028 0.18819713999999998 0.9948459523290001
1029 0.18297813999999998 1.0188304123290002
1030 0.17775913999999998 1.042814872329
1031 0.17254013999999998 1.0667993323290001
1032 0.16732113999999998 1.0907837923290002
1033 0.16210214 1.1147682523290001
1034 0.15688314 1.1387527123290002
1035 0.15166414 1.162737172329
1036 0.14644514000000003 1.186721632329
1037 0.14122613999999997 1.2107060923290003
1038 0.13600714 1.234690552329
1039 0.13078814 1.258675012329
1040 0.12556914 1.282659472329
1041 0.12035014 1.3066439323290002
1042 0.11513113999999999 1.3306283923290003
1043 0.10991213999999998 1.3546128523290002
1044 0.10469314 1.378597312329
1045 0.09947414 1.402581772329
1046 0.09425514 1.426566232329
1047 0.08903614000000001 1.4505506923290001
1048 0.08381714 1.474535152329
1049 0.07859814 1.498519612329
1050 0.49069038000000015 0.48687092532899984
1051 0.48025238000000015 0.5160743853289999
1052 0.4698143800000002 0.5452778453289998
1053 0.4593763800000002 0.5744813053289999
1054 0.4489383800000002 0.6036847653289998
1055 0.4385003800000002 0.6328882253289998
1056 0.42806238000000013 0.662091685329
1057 0.41762438000000013 0.6912951453289999
1058 0.4071863800000001 0.7204986053289999
1059 0.3967483800000001 0.749702065329
1060 0.3863103800000002 0.7789055253289999
1061 0.3758723800000002 0.808108985329
1062 0.3654343800000001 0.837312445329
1063 0.35499638000000017 0.8665159053289999
1064 0.34455838000000016 0.895719365329
1065 0.3341203800000001 0.924922825329
1066 0.3236823800000001 0.9541262853289998
1067 0.3132443800000001 0.9833297453289999
1068 0.1184258345507748 0.7853872129782252
1069 0.11627498394142545 0.8063035235875746
1070 0.11412413333207609 0.827219834196924
1071 0.11197328272272675 0.8481361448062733
1072 0.1098224321133774 0.8690524554156227
1073 0.10767158150402807 0.8899687660249719
1074 0.10552073089467873 0.9108850766343214
1075 0.10336988028532938 0.9318013872436708
1076 0.10121902967598005 0.9527176978530199
1077 0.09906817906663071 0.9736340084623692
1078 0.09691732845728136 0.9945503190717185
1079 0.09476647784793202 1.015466629681068
1080 0.09261562723858267 1.0363829402904172
1081 0.09046477662923334 1.0572992508997667
1082 0.088313926019884 1.078215561509116
1083 0.08616307541053465 1.0991318721184653
1084 0.08401222480118531 1.1200481827278148
1085 0.08186137419183596 1.140964493337164
1086 0.07971052358248662 1.1618808039465134
1087 0.07755967297313728 1.1827971145558627
1088 0.07540882236378793 1.2037134251652122
1089 0.0732579717544386 1.2246297357745615
1090 0.07110712114508924 1.2455460463839108
1091 0.06895627053573991 1.2664623569932603
1092 0.06680541992639058 1.2873786676026095
1093 0.06465456931704122 1.3082949782119588
1094 0.06250371870769188 1.3292112888213083
1095 0.06035286809834255 1.3501275994306576
1096 0.05820201748899321 1.371043910040007
1097 0.05605116687964386 1.3919602206493562
1098 0.05390031627029452 1.4128765312587057
1099 0.051749465660945175 1.433792841868055
1100 0.049598615051595824 1.4547091524774043
1101 0.047447764442246486 1.4756254630867538
1102 0.045296913832897155 1.4965417736961029
1103 0.04314606322354781 1.5174580843054521
1104 0.040995212614198466 1.5383743949148017
1105 0.03884436200484912 1.559290705524151
1106 0.31004286000000003 0.593770187529
1107 0.30441186000000003 0.618166647529
1108 0.29878086 0.6425631075290001
1109 0.29314986 0.6669595675290001
1110 0.28751886 0.691356027529
1111 0.28188786 0.715752487529
1112 0.27625686 0.7401489475290002
1113 0.27062586 0.7645454075290001
1114 0.26499486 0.7889418675289999
1115 0.25936386 0.8133383275289999
1116 0.25373286 0.837734787529
1117 0.24810185999999998 0.8621312475289999
1118 0.24247085999999998 0.886527707529
1119 0.23683986 0.910924167529
1120 0.23120886000000002 0.935320627529
1121 0.22557786 0.959717087529
1122 0.21994686 0.984113547529
1123 0.21431586 1.008510007529
1124 0.20868485999999997 1.032906467529
1125 0.20305385999999997 1.057302927529
1126 0.19742285999999998 1.081699387529
1127 0.19179185999999998 1.1060958475290001
1128 0.18616085999999998 1.130492307529
1129 0.18052986000000001 1.154888767529
1130 0.17489886000000002 1.179285227529
1131 0.16926786 1.2036816875290002
1132 0.16363686 1.2280781475290001
1133 0.15800586000000003 1.252474607529
1134 0.15237486000000003 1.276871067529
1135 0.14674386 1.3012675275290002
1136 0.14111286 1.3256639875290002
1137 0.13548186 1.3500604475290001
1138 0.12985085999999998 1.3744569075290003
1139 0.12421985999999999 1.3988533675290002
1140 0.11858886000000002 1.423249827529
1141 0.11295786000000001 1.447646287529
1142 0.10732686000000001 1.472042747529
1143 0.10169586 1.496439207529
1144 0.09606486 1.520835667529
1145 0.09043386 1.545232127529
1146 0.08480286000000004 1.569628587529
1147 0.07917186000000002 1.594025047529
1148 0.07354086000000001 1.618421507529
1149 0.06790986000000002 1.642817967529
1150 0.5448555600000002 0.4843107603289998
1151 0.5335935600000002 0.5143382203289998
1152 0.5223315600000003 0.5443656803289998
1153 0.5110695600000001 0.5743931403289999
1154 0.4998075600000002 0.6044206003289998
1155 0.4885455600000002 0.6344480603289999
1156 0.4772835600000002 0.6644755203289998
1157 0.4660215600000002 0.6945029803289999
1158 0.4547595600000002 0.7245304403289999
1159 0.4434975600000002 0.7545579003289999
1160 0.4322355600000002 0.7845853603289997
1161 0.4209735600000002 0.8146128203289997
1162 0.40971156000000014 0.8446402803289998
1163 0.39844956000000015 0.8746677403289997
1164 0.3871875600000002 0.9046952003289997
1165 0.3759255600000002 0.9347226603289998
1166 0.3646635600000001 0.9647501203289999
1167 0.35340156000000017 0.9947775803289998
1168 0.3421395600000002 1.0248050403289999
1169 0.3308775600000001 1.0548325003289998
1170 0.7592589793623241 0.4823323481666759
1171 0.7387716890395415 0.5215850984894586
1172 0.7182843987167589 0.5608378488122412
1173 0.6977971083939762 0.6000905991350238
1174 0.6773098180711935 0.6393433494578066
1175 0.656822527748411 0.6785960997805891
1176 0.6363352374256284 0.7178488501033717
1177 0.6158479471028457 0.7571016004261544
1178 0.5953606567800631 0.796354350748937
1179 0.5748733664572806 0.8356071010717195
1180 0.554386076134498 0.8748598513945022
1181 0.5338987858117152 0.9141126017172849
1182 0.5134114954889326 0.9533653520400676
1183 0.49292420516615004 0.9926181023628502
1184 0.4724369148433673 1.0318708526856328
1185 0.4519496245205847 1.0711236030084155
1186 0.43146233419780217 1.1103763533311979
1187 0.41097504387501954 1.1496291036539805
1188 0.3904877535522369 1.1888818539767632
1189 0.37000046322945424 1.2281346042995458
1190 0.3495131729066716 1.2673873546223284
1191 0.329025882583889 1.306640104945111
1192 0.30853859226110647 1.3458928552678935
1193 0.2880513019383238 1.3851456055906763
1194 0.26756401161554116 1.424398355913459
1195 0.24707672129275854 1.4636511062362416
1196 0.2265894309699759 1.5029038565590243
1197 0.20610214064719326 1.542156606881807
1198 0.14532464499502967 0.7584884025339704
1199 0.14294461477893028 0.7796338927500698
1200 0.14056458456283086 0.8007793829661692
1201 0.13818455434673144 0.8219248731822686
1202 0.13580452413063204 0.843070363398368
1203 0.13342449391453262 0.8642158536144674
1204 0.13104446369843323 0.8853613438305669
1205 0.12866443348233383 0.9065068340466663
1206 0.1262844032662344 0.9276523242627654
1207 0.123904373050135 0.9487978144788649
1208 0.12152434283403561 0.9699433046949644
1209 0.1191443126179362 0.9910887949110637
1210 0.11676428240183678 1.012234285127163
1211 0.1143842521857374 1.0333797753432625
1212 0.11200422196963798 1.054525265559362
1213 0.10962419175353859 1.0756707557754615
1214 0.10724416153743918 1.096816245991561
1215 0.10486413132133976 1.1179617362076604
1216 0.10248410110524037 1.1391072264237596
1217 0.10010407088914097 1.160252716639859
1218 0.09772404067304155 1.1813982068559585
1219 0.09534401045694214 1.202543697072058
1220 0.09296398024084274 1.2236891872881572
1221 0.09058395002474334 1.2448346775042567
1222 0.08820391980864394 1.2659801677203562
1223 0.08582388959254454 1.2871256579364556
1224 0.08344385937644512 1.308271148152555
1225 0.08106382916034573 1.3294166383686543
1226 0.07868379894424633 1.3505621285847538
1227 0.07630376872814691 1.3717076188008532
1228 0.0739237385120475 1.3928531090169527
1229 0.07154370829594811 1.4139985992330522
1230 0.06916367807984869 1.4351440894491514
1231 0.06678364786374928 1.4562895796652509
1232 0.0644036176476499 1.47743506988135
1233 0.06202358743155049 1.4985805600974496
1234 0.05964355721545109 1.519726050313549
1235 0.05726352699935167 1.5408715405296483
1236 0.054883496783252265 1.5620170307457477
1237 0.052503466567152865 1.5831625209618472
1238 0.050123436351053464 1.6043080111779464
1239 0.047743406134954064 1.625453501394046
1240 0.045363375918854656 1.6465989916101453
1241 0.04298334570275524 1.6677444818262448
1242 0.36488735999999994 0.5858393375290001
1243 0.35865635999999995 0.6108357975290002
1244 0.3524253599999999 0.6358322575290002
1245 0.3461943599999999 0.6608287175290002
1246 0.33996335999999994 0.6858251775290002
1247 0.3337323599999999 0.710821637529
1248 0.3275013599999999 0.7358180975290001
1249 0.3212703599999999 0.760814557529
1250 0.3150393599999999 0.7858110175290001
1251 0.30880835999999995 0.810807477529
1252 0.3025773599999999 0.8358039375290001
1253 0.29634636 0.860800397529
1254 0.29011535999999993 0.8857968575290001
1255 0.28388435999999995 0.9107933175290001
1256 0.27765335999999996 0.935789777529
1257 0.2714223599999999 0.9607862375290002
1258 0.26519135999999993 0.985782697529
1259 0.25896035999999995 1.0107791575290002
1260 0.2527293599999999 1.035775617529
1261 0.24649835999999992 1.0607720775290002
1262 0.24026735999999993 1.0857685375290003
1263 0.23403635999999994 1.1107649975290002
1264 0.22780535999999993 1.1357614575290003
1265 0.22157435999999991 1.1607579175290001
1266 0.21534335999999993 1.1857543775290003
1267 0.20911235999999994 1.2107508375290001
1268 0.20288135999999993 1.2357472975290003
1269 0.19665035999999994 1.2607437575290001
1270 0.19041935999999993 1.2857402175290003
1271 0.18418835999999994 1.3107366775290004
1272 0.17795735999999995 1.3357331375290002
1273 0.17172635999999997 1.3607295975290001
1274 0.16549535999999998 1.385726057529
1275 0.15926435999999997 1.4107225175290001
1276 0.15303335999999995 1.435718977529
1277 0.14680235999999997 1.4607154375290001
1278 0.14057135999999995 1.485711897529
1279 0.13434035999999996 1.510708357529
1280 0.12810935999999998 1.535704817529
1281 0.12187835999999996 1.5607012775290001
1282 0.11564735999999996 1.5856977375290002
1283 0.10941635999999996 1.6106941975290001
1284 0.10318535999999995 1.6356906575290002
1285 0.09695435999999995 1.6606871175290001
1286 0.09072335999999999 1.685683577529
1287 0.08449235999999999 1.7106800375289999
1288 0.07826135999999997 1.735676497529
1289 0.17497361072028536 0.7288394368087147
1290 0.17236440089743588 0.7502141066315642
1291 0.16975519107458642 0.7715887764544136
1292 0.16714598125173694 0.7929634462772631
1293 0.16453677142888748 0.8143381161001126
1294 0.161927561606038 0.835712785922962
1295 0.15931835178318854 0.8570874557458116
1296 0.15670914196033905 0.8784621255686611
1297 0.15409993213748957 0.8998367953915103
1298 0.1514907223146401 0.9212114652143598
1299 0.14888151249179063 0.9425861350372093
1300 0.1462723026689412 0.9639608048600588
1301 0.14366309284609174 0.9853354746829082
1302 0.14105388302324226 1.0067101445057578
1303 0.13844467320039278 1.0280848143286072
1304 0.13583546337754332 1.0494594841514566
1305 0.13322625355469384 1.0708341539743063
1306 0.13061704373184438 1.0922088237971557
1307 0.1280078339089949 1.113583493620005
1308 0.12539862408614544 1.1349581634428545
1309 0.12278941426329597 1.1563328332657041
1310 0.12018020444044651 1.1777075030885535
1311 0.11757099461759703 1.199082172911403
1312 0.11496178479474757 1.2204568427342526
1313 0.11235257497189811 1.241831512557102
1314 0.10974336514904863 1.2632061823799514
1315 0.10713415532619917 1.284580852202801
1316 0.10452494550334972 1.3059555220256505
1317 0.10191573568050023 1.3273301918484999
1318 0.09930652585765078 1.3487048616713493
1319 0.09669731603480129 1.370079531494199
1320 0.09408810621195182 1.3914542013170483
1321 0.09147889638910235 1.4128288711398977
1322 0.08886968656625288 1.4342035409627474
1323 0.08626047674340342 1.4555782107855966
1324 0.08365126692055395 1.476952880608446
1325 0.08104205709770448 1.4983275504312956
1326 0.07843284727485503 1.519702220254145
1327 0.07582363745200556 1.5410768900769944
1328 0.07321442762915609 1.562451559899844
1329 0.07060521780630663 1.5838262297226933
1330 0.06799600798345716 1.605200899545543
1331 0.06538679816060769 1.6265755693683923
1332 0.06277758833775822 1.647950239191242
1333 0.060168378514908735 1.6693249090140914
1334 0.057559168692059265 1.6906995788369408
1335 0.054949958869209815 1.7120742486597902
1336 0.05234074904636035 1.7334489184826396
1337 0.04973153922351087 1.754823588305489
1338 0.04712232940066142 1.7761982581283384
1339 0.43417835999999993 0.5353137975290001
1340 0.42734735999999995 0.5609102575290001
1341 0.4205163599999999 0.5865067175290002
1342 0.41368535999999995 0.6121031775290002
1343 0.4068543599999999 0.637699637529
1344 0.40002335999999994 0.663296097529
1345 0.3931923599999999 0.688892557529
1346 0.38636135999999993 0.714489017529
1347 0.3795303599999999 0.740085477529
1348 0.3726993599999999 0.765681937529
1349 0.36586836 0.791278397529
1350 0.35903736 0.8168748575289999
1351 0.35220636 0.842471317529
1352 0.34537536 0.868067777529
1353 0.33854436 0.893664237529
1354 0.33171336 0.9192606975290001
1355 0.32488236 0.9448571575290001
1356 0.31805135999999995 0.9704536175290002
1357 0.31122036 0.9960500775290001
1358 0.30438936 1.021646537529
1359 0.29755835999999997 1.047242997529
1360 0.29072736 1.0728394575290001
1361 0.28389635999999996 1.0984359175290002
1362 0.27706536 1.1240323775290002
1363 0.27023436 1.1496288375290002
1364 0.26340336 1.1752252975290003
1365 0.25657236 1.2008217575290001
1366 0.24974136 1.2264182175290002
1367 0.24291035999999996 1.2520146775290002
1368 0.23607935999999996 1.2776111375290002
1369 0.22924836 1.303207597529
1370 0.22241736 1.328804057529
1371 0.21558635999999998 1.3544005175290001
1372 0.20875535999999997 1.379996977529
1373 0.20192435999999997 1.405593437529
1374 0.19509335999999997 1.431189897529
1375 0.18826236 1.4567863575289999
1376 0.18143136 1.4823828175290001
1377 0.17460036 1.507979277529
1378 0.16776936 1.533575737529
1379 0.16093836 1.559172197529
1380 0.15410736 1.584768657529
1381 0.14727636 1.6103651175290001
1382 0.14044536000000002 1.635961577529
1383 0.13361436000000002 1.661558037529
1384 0.12678336 1.6871544975289998
1385 0.11995236000000004 1.7127509575289999
1386 0.11312136000000003 1.738347417529
1387 0.10629036000000003 1.763943877529
1388 0.09945936000000002 1.789540337529
1389 0.09262836000000003 1.815136797529
1390 0.11164260834637375 0.8240717211826263
1391 0.1093686500095107 0.8458617579194894
1392 0.10709469167264761 0.8676517946563524
1393 0.10495192323983432 0.8881847138891656
1394 0.10267796490297124 0.9099747506260287
1395 0.10071011634222435 0.9288315131867757
1396 0.09843615800536128 0.9506215499236387
1397 0.0960091447804401 0.9738782237485599
1398 0.09371332145956873 0.9958777800694314
1399 0.09189852778687993 1.01326790554212
1400 0.08962456945001686 1.0350579422789832
1401 0.08704450133703759 1.0597812531919624
1402 0.0852297076643488 1.077171378664651
1403 0.0830869392315355 1.0977042978974647
1404 0.08081298089467244 1.1194943346343276
1405 0.07853902255780935 1.1412843713711907
1406 0.07641811910900437 1.1616077710199957
1407 0.0741441607721413 1.1833978077568588
1408 0.07184833745126991 1.20539736407773
1409 0.06988048889052302 1.224254126638477
1410 0.06775958544171803 1.244577526287282
1411 0.06533257221679688 1.2678342001122032
1412 0.06336472365604996 1.2866909626729501
1413 0.060915845447120504 1.3101571560818794
1414 0.05894799688637361 1.3290139186426264
1415 0.05667403854951054 1.3508039553794895
1416 0.05455313510070555 1.3711273550282945
1417 0.05212612187578438 1.3943840288532157
1418 0.05028946321908728 1.4119836739099125
1419 0.04786244999416612 1.4352403477348337
1420 0.045741546545361125 1.455563747383639
1421 0.043467588208498054 1.477353784120502
1422 0.041346684759693074 1.497677183769307
1423 0.03935697121493788 1.516743465914062
1424 0.03677690310195861 1.5414667768270414
1425 0.032075931540174366 1.5865134873888256
1426 0.02796531454661419 1.625903169182386
1427 0.21608729715345118 0.6736516553755488
1428 0.2131194727178867 0.6953849398111134
1429 0.21015164828232216 0.7171182242466779
1430 0.20421599941119317 0.7605847931178069
1431 0.20124817497562866 0.7823180775533715
1432 0.1982803505400642 0.8040513619889359
1433 0.1923447016689352 0.8475179308600649
1434 0.1893768772333707 0.8692512152956294
1435 0.1864090527978062 0.890984499731194
1436 0.1834412283622417 0.9127177841667584
1437 0.18047340392667718 0.9344510686023227
1438 0.17750557949111267 0.9561843530378875
1439 0.1745377550555482 0.9779176374734517
1440 0.1686021061844192 1.0213842063445808
1441 0.16563428174885467 1.0431174907801453
1442 0.15969863287772568 1.0865840596512744
1443 0.15673080844216122 1.1083173440868388
1444 0.15376298400659671 1.1300506285224032
1445 0.1507951595710322 1.151783912957968
1446 0.1478273351354677 1.1735171973935323
1447 0.14485951069990322 1.1952504818290968
1448 0.1418916862643387 1.2169837662646614
1449 0.1389238618287742 1.2387170507002259
1450 0.1359560373932097 1.2604503351357905
1451 0.13298821295764524 1.2821836195713547
1452 0.1300203885220807 1.3039169040069192
1453 0.1270525640865162 1.3256501884424838
1454 0.12408473965095171 1.3473834728780483
1455 0.1211169152153872 1.3691167573136127
1456 0.1181490907798227 1.3908500417491774
1457 0.11518126634425822 1.4125833261847418
1458 0.10924561747312922 1.456049895055871
1459 0.1062777930375647 1.4777831794914353
1460 0.10330996860200022 1.4995164639269998
1461 0.1003421441664357 1.5212497483625644
1462 0.09737431973087121 1.5429830327981289
1463 0.09440649529530672 1.5647163172336933
1464 0.09143867085974222 1.586449601669258
1465 0.08847084642417771 1.6081828861048224
1466 0.08550302198861322 1.6299161705403868
1467 0.08253519755304872 1.6516494549759515
1468 0.07956737311748421 1.673382739411516
1469 0.07659954868191973 1.6951160238470804
1470 0.07363172424635522 1.716849308282645
1471 0.07066389981079073 1.7385825927182095
1472 0.06769607537522622 1.760315877153774
1473 0.06472825093966172 1.7820491615893386
1474 0.06176042650409722 1.803782446024903
1475 0.055824777632968205 1.847249014896032
1476 0.04988912876183924 1.8907155837671608
1477 0.040985655455145736 1.9559154370738543
1478 0.038017831019581234 1.9776487215094185
1479 0.03505000658401674 1.9993820059449832
1480 0.03208218214845223 2.0211152903805476
1481 0.35506422113106734 0.6622798593979327
1482 0.351079660238563 0.6850298802904369
1483 0.3470950993460586 0.7077799011829413
1484 0.34311053845355416 0.7305299220754458
1485 0.3391259775610498 0.7532799429679502
1486 0.33514141666854536 0.7760299638604546
1487 0.331156855776041 0.7987799847529591
1488 0.32717229488353655 0.8215300056454635
1489 0.3231877339910321 0.844280026537968
1490 0.31920317309852775 0.8670300474304723
1491 0.3152186122060234 0.8897800683229766
1492 0.31123405131351894 0.9125300892154811
1493 0.30724949042101457 0.9352801101079855
1494 0.30326492952851014 0.95803013100049
1495 0.29928036863600577 0.9807801518929944
1496 0.29529580774350134 1.0035301727854988
1497 0.2913112468509969 1.0262801936780033
1498 0.28732668595849253 1.0490302145705077
1499 0.2833421250659881 1.0717802354630122
1500 0.27935756417348373 1.0945302563555164
1501 0.2753730032809793 1.1172802772480208
1502 0.27138844238847487 1.140030298140525
1503 0.2674038814959705 1.1627803190330295
1504 0.26341932060346607 1.185530339925534
1505 0.25943475971096164 1.2082803608180384
1506 0.25545019881845726 1.231030381710543
1507 0.25146563792595283 1.2537804026030475
1508 0.24748107703344843 1.276530423495552
1509 0.24349651614094409 1.299280444388056
1510 0.23951195524843966 1.3220304652805603
1511 0.23552739435593525 1.3447804861730648
1512 0.23154283346343085 1.3675305070655692
1513 0.22755827257092645 1.3902805279580737
1514 0.22357371167842205 1.413030548850578
1515 0.21958915078591768 1.4357805697430823
1516 0.21560458989341327 1.4585305906355865
1517 0.21162002900090887 1.481280611528091
1518 0.20763546810840444 1.5040306324205954
1519 0.20365090721590007 1.5267806533130999
1520 0.19966634632339567 1.5495306742056043
1521 0.19568178543089126 1.5722806950981087
1522 0.19169722453838683 1.5950307159906132
1523 0.18771266364588243 1.6177807368831176
1524 0.18372810275337803 1.6405307577756219
1525 0.17974354186087363 1.6632807786681263
1526 0.1757589809683692 1.6860307995606307
1527 0.1717744200758648 1.7087808204531352
1528 0.1677898591833604 1.7315308413456396
1529 0.163805298290856 1.754280862238144
1530 0.15982073739835162 1.7770308831306485
1531 0.15583617650584722 1.799780904023153
1532 0.15185161561334282 1.8225309249156574
1533 0.14786705472083841 1.8452809458081616
1534 0.14388249382833398 1.868030966700666
1535 0.13989793293582958 1.8907809875931705
1536 0.13591337204332518 1.913531008485675
1537 0.13192881115082078 1.9362810293781794
1538 0.12794425025831635 1.9590310502706838
1539 0.12395968936581195 1.9817810711631882
1540 0.11997512847330755 2.0045310920556925
1541 0.4519087649102608 0.6667687996187394
1542 0.44731666283821253 0.6901263616907873
1543 0.44272456076616445 0.7134839237628354
1544 0.4381324586941162 0.7368414858348837
1545 0.433540356622068 0.7601990479069319
1546 0.4289482545500199 0.7835566099789801
1547 0.4243561524779717 0.8069141720510282
1548 0.41976405040592346 0.8302717341230765
1549 0.41517194833387533 0.8536292961951246
1550 0.4105798462618272 0.8769868582671728
1551 0.405987744189779 0.900344420339221
1552 0.4013956421177309 0.9237019824112691
1553 0.3968035400456827 0.9470595444833174
1554 0.3922114379736345 0.9704171065553655
1555 0.3876193359015863 0.9937746686274138
1556 0.3830272338295381 1.017132230699462
1557 0.37843513175749005 1.04048979277151
1558 0.3738430296854418 1.0638473548435583
1559 0.3692509276133937 1.0872049169156064
1560 0.3646588255413455 1.1105624789876547
1561 0.3600667234692973 1.1339200410597028
1562 0.3554746213972491 1.157277603131751
1563 0.3508825193252009 1.1806351652037992
1564 0.3462904172531528 1.2039927272758475
1565 0.34169831518110455 1.2273502893478956
1566 0.3371062131090564 1.2507078514199437
1567 0.33251411103700823 1.274065413491992
1568 0.3279220089649601 1.29742297556404
1569 0.32332990689291186 1.3207805376360882
1570 0.3187378048208637 1.3441380997081362
1571 0.31414570274881554 1.3674956617801846
1572 0.3095536006767674 1.3908532238522326
1573 0.30496149860471916 1.414210785924281
1574 0.30036939653267103 1.437568347996329
1575 0.29577729446062284 1.4609259100683771
1576 0.2911851923885747 1.4842834721404252
1577 0.2865930903165265 1.5076410342124733
1578 0.28200098824447833 1.5309985962845216
1579 0.2774088861724302 1.5543561583565697
1580 0.27281678410038196 1.577713720428618
1581 0.2682246820283338 1.6010712825006663
1582 0.26363257995628564 1.6244288445727144
1583 0.25904047788423745 1.6477864066447627
1584 0.25444837581218926 1.671143968716811
1585 0.24985627374014113 1.694501530788859
1586 0.24526417166809297 1.717859092860907
1587 0.2406720695960448 1.741216654932955
1588 0.2360799675239966 1.7645742170050034
1589 0.23148786545194844 1.7879317790770517
1590 0.22689576337990028 1.8112893411490998
1591 0.22230366130785212 1.8346469032211479
1592 0.2177115592358039 1.8580044652931962
1593 0.21311945716375574 1.8813620273652443
1594 0.20852735509170758 1.9047195894372926
1595 0.2039352530196594 1.9280771515093407
1596 0.1993431509476112 1.951434713581389
1597 0.19475104887556302 1.974792275653437
1598 0.19015894680351492 1.9981498377254852
1599 0.18556684473146673 2.0215073997975335
1600 0.18097474265941857 2.0448649618695818
1601 0.17638264058737038 2.0682225239416296
1602 0.6130057892753723 0.5732274312536277
1603 0.6076242969632367 0.5973743835657633
1604 0.602242804651101 0.621521335877899
1605 0.5968613123389653 0.6456682881900347
1606 0.5914798200268298 0.6698152405021703
1607 0.5860983277146941 0.693962192814306
1608 0.5807168354025584 0.7181091451264418
1609 0.5753353430904228 0.7422560974385773
1610 0.5699538507782872 0.7664030497507129
1611 0.5645723584661514 0.7905500020628488
1612 0.5591908661540158 0.8146969543749844
1613 0.5538093738418801 0.8388439066871201
1614 0.5484278815297445 0.8629908589992554
1615 0.543046389217609 0.887137811311391
1616 0.5376648969054733 0.9112847636235267
1617 0.5322834045933375 0.9354317159356625
1618 0.5269019122812019 0.9595786682477984
1619 0.5215204199690662 0.9837256205599341
1620 0.5161389276569306 1.0078725728720697
1621 0.5107574353447949 1.032019525184205
1622 0.5053759430326592 1.0561664774963408
1623 0.4999944507205236 1.0803134298084764
1624 0.49461295840838787 1.1044603821206123
1625 0.48923146609625223 1.1286073344327479
1626 0.4838499737841166 1.1527542867448834
1627 0.47846848147198096 1.176901239057019
1628 0.47308698915984526 1.2010481913691546
1629 0.4677054968477096 1.2251951436812902
1630 0.462324004535574 1.249342095993426
1631 0.45694251222343824 1.2734890483055616
1632 0.4515610199113026 1.2976360006176972
1633 0.44617952759916707 1.3217829529298328
1634 0.4407980352870314 1.3459299052419686
1635 0.43541654297489574 1.3700768575541042
1636 0.4300350506627601 1.3942238098662398
1637 0.42465355835062435 1.4183707621783757
1638 0.4192720660384887 1.4425177144905112
1639 0.41389057372635313 1.4666646668026468
1640 0.40850908141421743 1.4908116191147827
1641 0.4031275891020818 1.5149585714269183
1642 0.39774609678994616 1.5391055237390538
1643 0.3923646044778105 1.5632524760511894
1644 0.3869831121656748 1.5873994283633253
1645 0.3816016198535392 1.6115463806754609
1646 0.37622012754140355 1.6356933329875964
1647 0.3708386352292679 1.6598402852997323
1648 0.3654571429171322 1.6839872376118679
1649 0.3600756506049965 1.7081341899240037
1650 0.3546941582928609 1.7322811422361393
1651 0.34931266598072525 1.7564280945482749
1652 0.3439311736685896 1.7805750468604105
1653 0.3385496813564539 1.8047219991725463
1654 0.3331681890443183 1.8288689514846819
1655 0.32778669673218264 1.853015903796817
1656 0.322405204420047 1.8771628561089528
1657 0.31702371210791136 1.9013098084210884
1658 0.3116422197957757 1.925456760733224
1659 0.30626072748364 1.9496037130453598
1660 0.3008792351715044 1.9737506653574954
1661 0.2954977428593687 1.997897617669631
1662 0.29011625054723306 2.022044569981767
1663 0.2847347582350974 2.0461915222939027
1664 0.2793532659229617 2.070338474606038
1665 0.2739717736108261 2.094485426918174
1666 0.2685902812986904 2.1186323792303097
1667 0.7758619966545848 0.5848900018744152
1668 0.7696456518372257 0.6098718066917743
1669 0.7634293070198666 0.6348536115091334
1670 0.7572129622025074 0.6598354163264926
1671 0.7509966173851484 0.6848172211438516
1672 0.7447802725677893 0.7097990259612107
1673 0.7385639277504303 0.7347808307785697
1674 0.7323475829330712 0.7597626355959288
1675 0.7261312381157122 0.7847444404132878
1676 0.7199148932983531 0.809726245230647
1677 0.7136985484809941 0.834708050048006
1678 0.707482203663635 0.8596898548653651
1679 0.701265858846276 0.8846716596827241
1680 0.6950495140289169 0.9096534645000832
1681 0.6888331692115579 0.9346352693174422
1682 0.6826168243941987 0.9596170741348015
1683 0.6764004795768398 0.9845988789521604
1684 0.6701841347594807 1.0095806837695194
1685 0.6639677899421217 1.0345624885868785
1686 0.6577514451247626 1.0595442934042376
1687 0.6515351003074035 1.0845260982215967
1688 0.6453187554900445 1.1095079030389559
1689 0.6391024106726854 1.1344897078563148
1690 0.6328860658553263 1.1594715126736737
1691 0.6266697210379671 1.184453317491033
1692 0.620453376220608 1.209435122308392
1693 0.6142370314032489 1.2344169271257512
1694 0.6080206865858899 1.2593987319431101
1695 0.6018043417685308 1.2843805367604693
1696 0.5955879969511718 1.3093623415778284
1697 0.5893716521338128 1.3343441463951873
1698 0.5831553073164537 1.3593259512125462
1699 0.5769389624990947 1.384307756029905
1700 0.5707226176817356 1.4092895608472644
1701 0.5645062728643766 1.4342713656646233
1702 0.5582899280470175 1.4592531704819824
1703 0.5520735832296584 1.4842349752993416
1704 0.5458572384122994 1.5092167801167005
1705 0.5396408935949403 1.5341985849340598
1706 0.5334245487775812 1.5591803897514187
1707 0.527208203960222 1.584162194568778
1708 0.5209918591428631 1.609143999386137
1709 0.514775514325504 1.634125804203496
1710 0.5085591695081448 1.6591076090208552
1711 0.5023428246907858 1.684089413838214
1712 0.49612647987342684 1.7090712186555732
1713 0.48991013505606773 1.7340530234729323
1714 0.4836937902387087 1.7590348282902915
1715 0.4774774454213497 1.7840166331076504
1716 0.47126110060399057 1.8089984379250095
1717 0.46504475578663146 1.8339802427423686
1718 0.45882841096927246 1.8589620475597277
1719 0.45261206615191335 1.8839438523770868
1720 0.44639572133455424 1.908925657194446
1721 0.44017937651719524 1.9339074620118049
1722 0.43396303169983613 1.958889266829164
1723 0.42774668688247713 1.983871071646523
1724 0.421530342065118 2.008852876463882
1725 0.415313997247759 2.0338346812812413
1726 0.4090976524303999 2.0588164860986002
1727 0.40288130761304086 2.0837982909159596
1728 0.3966649627956818 2.1087800957333185
1729 0.39044861797832275 2.1337619005506774
1730 0.38423227316096364 2.1587437053680367
1731 0.07190447429264543 0.8647481282363546
1732 0.07133967597128305 0.8840783865577171
1733 0.07077487764992066 0.9034086448790795
1734 0.07021007932855827 0.9227389032004417
1735 0.06964528100719589 0.9420691615218042
1736 0.06908048268583349 0.9613994198431667
1737 0.0685156843644711 0.980729678164529
1738 0.06795088604310871 1.0000599364858915
1739 0.06738608772174633 1.019390194807254
1740 0.06682128940038397 1.038720453128616
1741 0.06625649107902155 1.0580507114499784
1742 0.0656916927576592 1.077380969771341
1743 0.06512689443629681 1.0967112280927032
1744 0.06456209611493441 1.1160414864140655
1745 0.06399729779357202 1.135371744735428
1746 0.06343249947220964 1.1547020030567903
1747 0.06286770115084725 1.1740322613781529
1748 0.06230290282948487 1.1933625196995152
1749 0.061738104508122484 1.2126927780208776
1750 0.06117330618676009 1.23202303634224
1751 0.060608507865397704 1.2513532946636023
1752 0.06004370954403532 1.2706835529849647
1753 0.05947891122267293 1.290013811306327
1754 0.058914112901310545 1.3093440696276897
1755 0.05834931457994816 1.328674327949052
1756 0.05778451625858577 1.3480045862704144
1757 0.057219717937223386 1.3673348445917766
1758 0.056654919615861 1.386665102913139
1759 0.0560901212944986 1.4059953612345013
1760 0.05552532297313621 1.4253256195558637
1761 0.054960524651773826 1.444655877877226
1762 0.05439572633041144 1.4639861361985886
1763 0.05383092800904906 1.483316394519951
1764 0.053266129687686674 1.5026466528413134
1765 0.05270133136632429 1.5219769111626757
1766 0.0521365330449619 1.5413071694840381
1767 0.051571734723599515 1.5606374278054005
1768 0.05100693640223713 1.5799676861267629
1769 0.05044213808087474 1.5992979444481252
1770 0.04987733975951235 1.6186282027694878
1771 0.04931254143814996 1.6379584610908502
1772 0.048747743116787576 1.6572887194122126
1773 0.0481829447954252 1.676618977733575
1774 0.04761814647406281 1.6959492360549373
1775 0.047053348152700424 1.7152794943762997
1776 0.04648854983133804 1.734609752697662
1777 0.04592375150997565 1.7539400110190244
1778 0.045358953188613264 1.773270269340387
1779 0.04479415486725088 1.7926005276617494
1780 0.04422935654588849 1.8119307859831117
1781 0.09294119199239916 0.8249459505366009
1782 0.09221684321216068 0.8444357593168393
1783 0.0914924944319222 0.8639255680970779
1784 0.09076814565168373 0.8834153768773163
1785 0.09004379687144524 0.9029051856575547
1786 0.08931944809120676 0.9223949944377934
1787 0.08859509931096829 0.9418848032180318
1788 0.0878707505307298 0.9613746119982703
1789 0.08714640175049133 0.9808644207785088
1790 0.08642205297025285 1.0003542295587473
1791 0.08569770419001439 1.0198440383389855
1792 0.0849733554097759 1.0393338471192242
1793 0.08424900662953744 1.0588236558994628
1794 0.08352465784929895 1.078313464679701
1795 0.08280030906906048 1.0978032734599394
1796 0.082075960288822 1.117293082240178
1797 0.08135161150858353 1.1367828910204165
1798 0.08062726272834504 1.156272699800655
1799 0.07990291394810656 1.1757625085808936
1800 0.07917856516786809 1.195252317361132
1801 0.0784542163876296 1.2147421261413704
1802 0.07772986760739113 1.2342319349216089
1803 0.09597005789737656 0.8406825446316235
1804 0.09531857423776502 0.8600994882912351
1805 0.09466709057815348 0.8795164319508466
1806 0.09401560691854192 0.898933375610458
1807 0.09336412325893038 0.9183503192700697
1808 0.09271263959931884 0.9377672629296813
1809 0.09206115593970729 0.9571842065892928
1810 0.09140967228009575 0.9766011502489044
1811 0.09075818862048421 0.9960180939085159
1812 0.09010670496087266 1.0154350375681274
1813 0.08945522130126113 1.0348519812277388
1814 0.08880373764164957 1.0542689248873507
1815 0.08815225398203805 1.073685868546962
1816 0.0875007703224265 1.0931028122065736
1817 0.08684928666281495 1.112519755866185
1818 0.08619780300320341 1.1319366995257967
1819 0.08554631934359186 1.1513536431854081
1820 0.08489483568398032 1.1707705868450198
1821 0.08424335202436878 1.1901875305046312
1822 0.08359186836475724 1.2096044741642429
1823 0.08294038470514568 1.2290214178238543
1824 0.08228890104553414 1.248438361483466
1825 0.0816374173859226 1.2678553051430774
1826 0.08098593372631105 1.287272248802689
1827 0.08033445006669951 1.3066891924623005
1828 0.07968296640708797 1.3261061361219122
1829 0.07903148274747641 1.3455230797815234
1830 0.07837999908786487 1.364940023441135
1831 0.07772851542825333 1.3843569671007465
1832 0.07707703176864178 1.4037739107603582
1833 0.07642554810903024 1.4231908544199698
1834 0.0757740644494187 1.4426077980795813
1835 0.07512258078980714 1.462024741739193
1836 0.07447109713019562 1.4814416853988044
1837 0.07381961347058406 1.500858629058416
1838 0.07316812981097252 1.5202755727180275
1839 0.07251664615136097 1.5396925163776392
1840 0.07186516249174943 1.5591094600372506
1841 0.07121367883213789 1.5785264036968623
1842 0.07056219517252635 1.5979433473564737
1843 0.0699107115129148 1.6173602910160854
1844 0.1222452163396143 0.8331728461893858
1845 0.12140969439074126 0.8527738281382589
1846 0.12057417244186822 0.8723748100871318
1847 0.11973865049299517 0.891975792036005
1848 0.11890312854412213 0.911576773984878
1849 0.11806760659524909 0.9311777559337511
1850 0.11723208464637606 0.9507787378826241
1851 0.11639656269750302 0.9703797198314972
1852 0.11556104074862998 0.98998070178037
1853 0.11472551879975697 1.009581683729243
1854 0.1138899968508839 1.0291826656781162
1855 0.11305447490201088 1.0487836476269892
1856 0.11221895295313784 1.068384629575862
1857 0.1113834310042648 1.0879856115247353
1858 0.11054790905539176 1.1075865934736082
1859 0.10971238710651873 1.1271875754224814
1860 0.10887686515764569 1.1467885573713543
1861 0.10804134320877265 1.1663895393202275
1862 0.10720582125989961 1.1859905212691004
1863 0.10637029931102657 1.2055915032179736
1864 0.10553477736215353 1.2251924851668465
1865 0.10469925541328048 1.2447934671157197
1866 0.10386373346440746 1.2643944490645926
1867 0.10302821151553442 1.2839954310134658
1868 0.10219268956666137 1.3035964129623387
1869 0.10135716761778833 1.3231973949112117
1870 0.10052164566891529 1.3427983768600846
1871 0.09968612372004225 1.3623993588089578
1872 0.09885060177116921 1.3820003407578307
1873 0.09801507982229617 1.401601322706704
1874 0.09717955787342314 1.4212023046555768
1875 0.0963440359245501 1.4408032866044498
1876 0.09550851397567707 1.460404268553323
1877 0.09467299202680401 1.4800052505021961
1878 0.09383747007793099 1.499606232451069
1879 0.09300194812905793 1.519207214399942
1880 0.0921664261801849 1.5388081963488152
1881 0.09133090423131186 1.558409178297688
1882 0.09049538228243884 1.5780101602465613
1883 0.11629473572996529 0.8203578667990348
1884 0.11557823806666688 0.8398398244623332
1885 0.11486174040336847 0.8593217821256316
1886 0.11414524274007005 0.8788037397889299
1887 0.11342874507677163 0.8982856974522285
1888 0.11271224741347322 0.9177676551155269
1889 0.11199574975017482 0.9372496127788253
1890 0.1112792520868764 0.9567315704421238
1891 0.11056275442357799 0.9762135281054222
1892 0.10984625676027958 0.9956954857687204
1893 0.10912975909698118 1.0151774434320189
1894 0.10841326143368274 1.0346594010953174
1895 0.10769676377038435 1.0541413587586157
1896 0.10698026610708593 1.073623316421914
1897 0.10626376844378752 1.0931052740852125
1898 0.10554727078048912 1.1125872317485108
1899 0.1048307731171907 1.1320691894118093
1900 0.10411427545389229 1.1515511470751076
1901 0.10339777779059388 1.1710331047384062
1902 0.10268128012729547 1.1905150624017047
1903 0.10196478246399704 1.209997020065003
1904 0.10124828480069863 1.2294789777283015
1905 0.10053178713740023 1.2489609353915998
1906 0.09981528947410181 1.2684428930548983
1907 0.0990987918108034 1.2879248507181966
1908 0.09838229414750499 1.3074068083814951
1909 0.09766579648420658 1.3268887660447934
1910 0.09694929882090815 1.3463707237080917
1911 0.09623280115760974 1.3658526813713903
1912 0.09551630349431132 1.3853346390346886
1913 0.09479980583101293 1.404816596697987
1914 0.09408330816771451 1.4242985543612854
1915 0.0933668105044161 1.443780512024584
1916 0.0926503128411177 1.4632624696878822
1917 0.09193381517781926 1.4827444273511807
1918 0.09121731751452088 1.5022263850144792
1919 0.09050081985122244 1.5217083426777775
1920 0.08978432218792404 1.541190300341076
1921 0.08906782452462562 1.5606722580043744
1922 0.08835132686132723 1.580154215667673
1923 0.08763482919802881 1.5996361733309712
1924 0.0869183315347304 1.6191181309942697
1925 0.08620183387143199 1.6386000886575682
1926 0.08548533620813356 1.6580820463208665
1927 0.08476883854483515 1.677564003984165
1928 0.08405234088153675 1.6970459616474634
1929 0.08333584321823834 1.7165279193107619
1930 0.08261934555493991 1.7360098769740602
1931 0.08190284789164151 1.7554918346373587
1932 0.0811863502283431 1.774973792300657
1933 0.08046985256504467 1.7944557499639555
1934 0.07975335490174626 1.813937707627254
1935 0.07903685723844786 1.8334196652905523
1936 0.07832035957514945 1.8529016229538509
1937 0.07760386191185105 1.872383580617149
1938 0.07688736424855261 1.8918655382804475
1939 0.14822805344704057 0.8071900090819595
1940 0.14730915162169161 0.8268743709073085
1941 0.14639024979634263 0.8465587327326574
1942 0.14547134797099368 0.8662430945580064
1943 0.14455244614564472 0.8859274563833555
1944 0.14363354432029576 0.9056118182087044
1945 0.1427146424949468 0.9252961800340533
1946 0.14179574066959785 0.9449805418594023
1947 0.1408768388442489 0.964664903684751
1948 0.13995793701889994 0.9843492655101
1949 0.13903903519355096 1.0040336273354493
1950 0.13812013336820203 1.023717989160798
1951 0.13720123154285305 1.043402350986147
1952 0.1362823297175041 1.0630867128114958
1953 0.13536342789215516 1.0827710746368449
1954 0.1344445260668062 1.102455436462194
1955 0.13352562424145722 1.1221397982875427
1956 0.13260672241610827 1.1418241601128918
1957 0.1316878205907593 1.1615085219382408
1958 0.13076891876541033 1.1811928837635897
1959 0.12985001694006137 1.2008772455889387
1960 0.12893111511471245 1.2205616074142878
1961 0.1280122132893635 1.2402459692396366
1962 0.1270933114640145 1.2599303310649856
1963 0.12617440963866555 1.2796146928903345
1964 0.1252555078133166 1.2992990547156833
1965 0.12433660598796763 1.3189834165410323
1966 0.12341770416261866 1.3386677783663812
1967 0.1224988023372697 1.3583521401917302
1968 0.12157990051192076 1.3780365020170793
1969 0.1206609986865718 1.397720863842428
1970 0.11974209686122284 1.4174052256677772
1971 0.1188231950358739 1.4370895874931262
1972 0.11790429321052491 1.456773949318475
1973 0.11698539138517597 1.476458311143824
1974 0.11606648955982699 1.4961426729691731
1975 0.11514758773447804 1.515827034794522
1976 0.11422868590912909 1.535511396619871
1977 0.11330978408378015 1.5551957584452198
1978 0.11239088225843118 1.574880120270569
1979 0.11147198043308222 1.594564482095918
1980 0.11055307860773325 1.6142488439212668
1981 0.1096341767823843 1.6339332057466158
1982 0.10871527495703533 1.6536175675719649
1983 0.10779637313168638 1.6733019293973137
1984 0.10687747130633742 1.6929862912226628
1985 0.10595856948098846 1.7126706530480118
1986 0.1050396676556395 1.7323550148733606
1987 0.10412076583029053 1.7520393766987097
1988 0.10320186400494158 1.7717237385240585
1989 0.10228296217959261 1.7914081003494076
1990 0.10136406035424367 1.8110924621747566
1991 0.1004451585288947 1.8307768240001054
1992 0.09952625670354576 1.8504611858254543
1993 0.09860735487819677 1.8701455476508033
1994 0.2895204472417203 0.5908357752872797
1995 0.2868245866807815 0.6273094638482185
1996 0.2841287261198425 0.6637831524091575
1997 0.2814328655589037 0.7002568409700963
1998 0.2785872349668015 0.7387568455621984
1999 0.27589137440586264 0.7752305341231374
2000 0.27319551384492374 0.8117042226840763
2001 0.27049965328398484 0.8481779112450153
2002 0.267803792723046 0.884651599805954
2003 0.2649581621309438 0.9231516043980563
2004 0.2622623015700049 0.959625292958995
2005 0.259566441009066 0.996098981519934
2006 0.2568705804481271 1.032572670080873
2007 0.25417471988718826 1.0690463586418117
2008 0.25028069907694317 1.121730575452057
2009 0.24788437857833084 1.1541516319506693
2010 0.24563782811088178 1.1845463724181182
2011 0.24324150761226943 1.2169674289167307
2012 0.24099495714482033 1.2473621693841799
2013 0.23859863664620798 1.279783225882792
2014 0.23635208617875894 1.310177966350241
2015 0.23395576568014656 1.3425990228488536
2016 0.2317092152126975 1.3729937633163027
2017 0.22946266474524843 1.4033885037837517
2018 0.22706634424663608 1.435809560282364
2019 0.224819793779187 1.4662043007498131
2020 0.22242347328057466 1.4986253572484252
2021 0.22017692281312556 1.5290200977158743
2022 0.21778060231451327 1.5614411542144868
2023 0.21403635153543143 1.6120990549935685
2024 0.21313773134845182 1.6242569511805485
2025 0.3657914210501461 0.514564801478854
2026 0.36238536570955193 0.551748684819448
2027 0.3589793103689577 0.5889325681600424
2028 0.3555732550283635 0.6261164515006366
2029 0.35197797439106965 0.6653661061379303
2030 0.3483826937537758 0.7046157607752244
2031 0.3451658637098813 0.7397338728191187
2032 0.3417598083692871 0.776917756159713
2033 0.3383537530286929 0.8141016395003071
2034 0.33475847239139905 0.8533512941376011
2035 0.33135241705080487 0.8905351774781951
2036 0.32794636171021063 0.9277190608187894
2037 0.32454030636961645 0.9649029441593837
2038 0.32113425102902227 1.0020868274999777
2039 0.3175389703917284 1.0413364821372717
2040 0.31470059094123326 1.0723230515877669
2041 0.3118622114907381 1.1033096210382618
2042 0.3088346067435433 1.1363619617854568
2043 0.3059962272930481 1.167348531235952
2044 0.30296862254585327 1.200400871983147
2045 0.30013024309535813 1.231387441433642
2046 0.29691341305146357 1.2665055534775362
2047 0.29388580830426875 1.2995578942247312
2048 0.2912366541504733 1.3284786923785266
2049 0.28839827469997814 1.3594652618290217
2050 0.285559895249483 1.3904518312795169
2051 0.2827215157989878 1.4214384007300123
2052 0.27988313634849266 1.4524249701805074
2053 0.2770447568979975 1.4834115396310026
2054 0.27420637744750237 1.5143981090814977
2055 0.2713679979970072 1.545384678531993
2056 0.26852961854651203 1.576371247982488
2057 0.26625891498611587 1.6011605035428842
2058 0.2634205355356207 1.6321470729933794
2059 0.26077138138182526 1.661067871147175
2060 0.25793300193133006 1.69205444059767
2061 0.34905695162341654 0.5707067369055835
2062 0.3459169099204456 0.6095011526085545
2063 0.3421158068063229 0.6564628137226771
2064 0.338975765103352 0.695257229425648
2065 0.3356704580475931 0.736093456481407
2066 0.33253041634462216 0.7748878721843779
2067 0.32922510928886334 0.8157240992401367
2068 0.3260850675858924 0.8545185149431076
2069 0.3229450258829214 0.8933129306460788
2070 0.3196397188271625 0.9341491577018377
2071 0.31649967712419164 0.9729435734048084
2072 0.31335963542122064 1.0117379891077793
2073 0.3102195937182497 1.0505324048107503
2074 0.3075753480736426 1.0832013864553574
2075 0.30344371425394406 1.134246670275056
2076 0.30046893790376106 1.170999274625239
2077 0.29732889620079006 1.20979369032821
2078 0.2941888544978192 1.248588106031181
2079 0.2908835474420603 1.2894243330869397
2080 0.2882393017974532 1.3220933147315468
2081 0.28542979080005815 1.356804107728942
2082 0.2826202798026631 1.3915149007263368
2083 0.27981076880526806 1.426225693723732
2084 0.277001257807873 1.4609364867211272
2085 0.274191746810478 1.495647279718522
2086 0.2713822358130829 1.5303580727159172
2087 0.26857272481568784 1.5650688657133123
2088 0.2664242752294446 1.5916124132995555
2089 0.2637800295848375 1.6242813949441626
2090 0.2609705185874424 1.6589921879415577
2091 0.25832627294283533 1.6916611695861647
2092 0.25568202729822825 1.7243301512307716
2093 0.2530377816536211 1.756999132875379
2094 0.25022827065622605 1.7917099258727742
2095 0.4380889242700481 0.507946408258952
2096 0.43412167315659744 0.5475680333724026
2097 0.42994561935296505 0.589275007176035
2098 0.42597836823951435 0.6288966322894856
2099 0.42201111712606365 0.6685182574029365
2100 0.4178350633224313 0.7102252312065689
2101 0.4138678122089807 0.7498468563200194
2102 0.4096917584053483 0.7915538301236518
2103 0.4057245072918977 0.8311754552371023
2104 0.40175725617844693 0.870797080350553
2105 0.3975812023748146 0.9125040541541853
2106 0.3940315566417271 0.9479549818872728
2107 0.3900643055282764 0.9875766070007237
2108 0.3863058571050074 1.0251128834239926
2109 0.3825474086817383 1.0626491598472616
2110 0.3798329737093773 1.0897586928196228
2111 0.37670093335665306 1.121038923172347
2112 0.372942484933384 1.1585751995956162
2113 0.36876643112975166 1.2002821733992486
2114 0.36521678539666425 1.2357331011323356
2115 0.3616671396635768 1.2711840288654233
2116 0.3579086912403076 1.3087203052886924
2117 0.3543590455072202 1.3441712330217799
2118 0.35060059708395114 1.3817075094450488
2119 0.34725975404104525 1.4150730884879548
2120 0.34371010830795773 1.4505240162210422
2121 0.3401604625748703 1.4859749439541297
2122 0.3376548302926909 1.510999128236309
2123 0.33452278993996665 1.5422793585890333
2124 0.3311819468970608 1.5756449376319392
2125 0.3280499065443366 1.6069251679846637
2126 0.32470906350143075 1.6402907470275694
2127 0.3213682204585249 1.673656326070475
2128 0.3478326616216369 0.6957830629073631
2129 0.3462058309700227 0.7161753535589774
2130 0.34457900031840843 0.7365676442105917
2131 0.3429521696667943 0.7569599348622058
2132 0.34132533901518003 0.7773522255138201
2133 0.3396985083635658 0.7977445161654342
2134 0.3380716777119516 0.8181368068170483
2135 0.3364448470603374 0.8385290974686626
2136 0.3348180164087232 0.8589213881202767
2137 0.33319118575710893 0.879313678771891
2138 0.3315643551054947 0.8997059694235052
2139 0.3299375244538805 0.9200982600751195
2140 0.3283106938022663 0.9404905507267337
2141 0.326683863150652 0.960882841378348
2142 0.32505703249903783 0.9812751320299622
2143 0.3234302018474236 1.0016674226815765
2144 0.3218033711958095 1.0220597133331906
2145 0.3201765405441952 1.0424520039848049
2146 0.31854970989258097 1.0628442946364192
2147 0.3169228792409667 1.0832365852880335
2148 0.31529604858935256 1.1036288759396475
2149 0.3136692179377383 1.1240211665912618
2150 0.3120423872861241 1.1444134572428761
2151 0.31041555663450987 1.1648057478944902
2152 0.30878872598289564 1.1851980385461045
2153 0.3071618953312814 1.2055903291977188
2154 0.3055350646796672 1.2259826198493329
2155 0.303908234028053 1.2463749105009472
2156 0.3022814033764388 1.2667672011525615
2157 0.3006545727248245 1.2871594918041758
2158 0.2990277420732103 1.3075517824557898
2159 0.2974009114215961 1.3279440731074041
2160 0.29577408076998185 1.3483363637590182
2161 0.2941472501183676 1.3687286544106323
2162 0.2925204194667534 1.3891209450622466
2163 0.29089358881513916 1.409513235713861
2164 0.28926675816352493 1.4299055263654752
2165 0.28763992751191075 1.4502978170170893
2166 0.28601309686029647 1.4706901076687036
2167 0.2843862662086823 1.4910823983203176
2168 0.28275943555706806 1.5114746889719317
2169 0.2811326049054539 1.531866979623546
2170 0.2795057742538396 1.5522592702751603
2171 0.2778789436022254 1.5726515609267744
2172 0.27625211295061114 1.593043851578389
2173 0.27462528229899696 1.6134361422300032
2174 0.2729984516473827 1.6338284328816175
2175 0.2713716209957685 1.6542207235332316
2176 0.2697447903441543 1.6746130141848456
2177 0.2681179596925401 1.69500530483646
2178 0.2664911290409258 1.7153975954880742
2179 0.26486429838931164 1.7357898861396883
2180 0.2632374677376974 1.7561821767913026
2181 0.2616106370860832 1.776574467442917
2182 0.25998380643446894 1.796966758094531
2183 0.2583569757828547 1.8173590487461453
2184 0.2567301451312405 1.8377513393977596
2185 0.25510331447962625 1.8581436300493739
2186 0.253476483828012 1.8785359207009882
2187 0.25184965317639785 1.8989282113526023
2188 0.25022282252478356 1.9193205020042166
2189 0.2485959918731694 1.9397127926558309
2190 0.2469691612215552 1.960105083307445
2191 0.24534233056994093 1.9804973739590592
2192 0.24371549991832675 2.0008896646106735
2193 0.2420886692667125 2.0212819552622876
2194 0.24046183861509832 2.0416742459139017
2195 0.23883500796348403 2.062066536565516
2196 0.23720817731186986 2.0824588272171303
2197 0.2355813466602556 2.102851117868745
2198 0.23395451600864142 2.123243408520359
2199 0.23232768535702714 2.143635699171973
2200 0.23070085470541296 2.1640279898235875
2201 0.22907402405379873 2.1844202804752015
2202 0.2274471934021845 2.2048125711268156
2203 0.22582036275057027 2.22520486177843
2204 0.22419353209895607 2.245597152430044
2205 0.22256670144734184 2.2659894430816583
2206 0.2209398707957276 2.286381733733273
2207 0.21931304014411337 2.306774024384887
2208 0.21768620949249917 2.327166315036501
2209 0.2160593788408849 2.3475586056881155
2210 0.2144325481892707 2.3679508963397295
2211 0.21280571753765648 2.388343186991344
2212 0.21117888688604228 2.408735477642958
2213 0.20955205623442802 2.429127768294572
2214 1.1017672693076812 0.8114398716213189
2215 1.0944857114196356 0.8369239257093646
2216 1.0861532070322844 0.8660860906967158
2217 1.0778207026449333 0.8952482556840669
2218 1.0694881982575823 0.9244104206714179
2219 1.0611556938702311 0.9535725856587687
2220 1.0528982570899732 0.9824720284390267
2221 1.0445657527026222 1.0116341934263782
2222 1.0362332483152707 1.0407963584137292
2223 1.02790074392792 1.0699585234010804
2224 1.0195682395405687 1.0991206883884312
2225 1.0112357351532175 1.128282853375783
2226 1.0029032307658663 1.1574450183631337
2227 0.9946457939856085 1.1863444611433915
2228 3.245694803176149 0.702063510952851
2229 3.2242167071448513 0.7428700307841489
2230 3.1996107330507435 0.7896192476782566
2231 3.1752132841608236 0.8359722847681765
2232 3.150607310066716 0.8827215016622838
2233 3.1262098611767954 0.929074538752205
2234 3.101603887082688 0.9758237556463119
2235 3.0769979129885803 1.02257297254042
2236 3.05260046409866 1.0689260096303403
2237 3.0279944900045526 1.115675226524448
2238 3.003597041114632 1.1620282636143675
2239 2.9789910670205244 1.2087774805084757
2240 2.954593618130604 1.255130517598396
2241 2.9299876440364963 1.3018797344925033
2242 0.26929894111155417 0.751798231417446
2243 0.2672253904125791 0.782019972116421
2244 0.26515183971360407 0.812241712815396
2245 0.263078289014629 0.8424634535143709
2246 0.26100473831565396 0.8726851942133462
2247 0.2589311876166789 0.9029069349123211
2248 0.2568576369177038 0.9331286756112962
2249 0.2547840862187288 0.9633504163102713
2250 0.2527105355197537 0.9935721570092464
2251 0.2506369848207786 1.0237938977082215
2252 0.2485634341218036 1.0540156384071966
2253 0.24648988342282854 1.0842373791061715
2254 0.2444163327238535 1.1144591198051466
2255 0.2423427820248784 1.1446808605041217
2256 0.24026923132590336 1.1749026012030965
2257 0.23819568062692828 1.2051243419020716
2258 0.23612212992795323 1.2353460826010467
2259 0.23404857922897818 1.2655678233000218
2260 0.23197502853000312 1.295789563998997
2261 0.22990147783102807 1.326011304697972
2262 0.4758376629659318 0.5452595095630683
2263 0.4721738033362982 0.5770715591927019
2264 0.46850994370666477 0.6088836088223354
2265 0.46484608407703126 0.6406956584519687
2266 0.4611822244473978 0.6725077080816024
2267 0.45751836481776437 0.7043197577112357
2268 0.45385450518813086 0.7361318073408691
2269 0.4501906455584974 0.7679438569705026
2270 0.44652678592886386 0.7997559066001362
2271 0.4428629262992304 0.8315679562297696
2272 0.43919906666959696 0.8633800058594031
2273 0.4355352070399635 0.8951920554890366
2274 0.43187134741033006 0.92700410511867
2275 0.42820748778069656 0.9588161547483036
2276 0.4245436281510631 0.9906282043779369
2277 0.42087976852142955 1.0224402540075703
2278 0.4172159088917961 1.0542523036372038
2279 0.4135520492621626 1.0860643532668375
2280 0.40988818963252915 1.1178764028964707
2281 0.4062243300028957 1.1496884525261044
2282 0.4025604703732622 1.1815005021557379
2283 0.3988966107436287 1.2133125517853713
2284 0.39523275111399525 1.2451246014150048
2285 0.39156889148436175 1.2769366510446383
2286 0.38790503185472824 1.308748700674272
2287 0.38424117222509485 1.3405607503039052
2288 0.9468431412969125 0.32758774123208756
2289 0.9426512204210665 0.35992785210793354
2290 0.9384592995452207 0.3922679629837794
2291 0.9342673786693748 0.4246080738596253
2292 0.9300754577935287 0.4569481847354714
2293 0.9258835369176827 0.48928829561131726
2294 0.9216916160418369 0.521628406487163
2295 0.9174996951659908 0.5539685173630091
2296 0.9133077742901448 0.5863086282388552
2297 0.9091158534142989 0.6186487391147011
2298 0.9049239325384529 0.6509888499905471
2299 0.9007320116626071 0.6833289608663929
2300 0.896540090786761 0.715669071742239
2301 0.8923481699109151 0.7480091826180849
2302 0.8881562490350692 0.7803492934939309
2303 0.8839643281592231 0.812689404369777
2304 0.8797724072833772 0.8450295152456229
2305 0.8755804864075313 0.8773696261214688
2306 0.8713885655316853 0.9097097369973148
2307 0.8671966446558393 0.9420498478731608
2308 0.8630047237799934 0.9743899587490068
2309 0.8588128029041474 1.0067300696248527
2310 0.8546208820283016 1.0390701805006985
2311 0.8504289611524555 1.0714102913765449
2312 0.8462370402766095 1.1037504022523905
2313 0.8420451194007637 1.1360905131282364
2314 0.8378531985249176 1.1684306240040827
2315 0.8336612776490718 1.200770734879928
2316 0.8294693567732258 1.2331108457557747
2317 0.8252774358973797 1.26545095663162
2318 0.8210855150215338 1.2977910675074664
2319 0.8168935941456877 1.3301311783833123
2320 0.812701673269842 1.362471289259158
2321 0.8085097523939959 1.394811400135004
2322 0.8043178315181498 1.4271515110108501
2323 0.8001259106423041 1.4594916218866958
2324 0.795933989766458 1.491831732762542
2325 0.791742068890612 1.524171843638388
2326 0.7875501480147663 1.5565119545142339
2327 0.7833582271389202 1.5888520653900797
2328 0.7791663062630743 1.6211921762659258
2329 0.7749743853872284 1.6535322871417717
2330 0.7707824645113823 1.6858723980176178
2331 0.7665905436355365 1.7182125088934637
2332 0.7623986227596904 1.7505526197693098
2333 0.7582067018838444 1.7828927306451559
2334 0.7540147810079986 1.8152328415210017
2335 0.7498228601321525 1.8475729523968476
2336 0.7456309392563066 1.8799130632726935
2337 0.7414390183804607 1.9122531741485396
2338 0.7372470975046146 1.9445932850243852
2339 0.7330551766287687 1.9769333959002315
2340 0.7288632557529228 2.009273506776077
2341 0.7246713348770768 2.0416136176519233
2342 0.7204794140012308 2.073953728527769
2343 0.716287493125385 2.106293839403615
2344 0.7120955722495389 2.138633950279461
2345 0.707903651373693 2.1709740611553068
2346 0.703711730497847 2.2033141720311535
2347 0.699519809622001 2.235654282906999
2348 0.6953278887461551 2.2679943937828453
2349 0.6911359678703092 2.3003345046586907
2350 0.6869440469944632 2.332674615534537
2351 0.6827521261186172 2.365014726410383
2352 0.6785602052427714 2.397354837286229
2353 0.6743682843669253 2.4296949481620747
2354 0.6701763634910793 2.4620350590379205
2355 0.6659844426152334 2.494375169913767
2356 0.6617925217393874 2.5267152807896127
2357 0.6576006008635416 2.5590553916654586
2358 0.6534086799876955 2.591395502541305
2359 0.6492167591118495 2.6237356134171503
2360 0.6450248382360037 2.6560757242929967
2361 0.6408329173601576 2.688415835168842
2362 0.6366409964843117 2.7207559460446884
2363 0.6324490756084657 2.7530960569205343
2364 0.6282571547326198 2.7854361677963806
2365 0.6240652338567739 2.8177762786722265
2366 0.619873312980928 2.850116389548072
2367 0.6156813921050819 2.8824565004239187
2368 0.611489471229236 2.9147966112997636
2369 0.60729755035339 2.9471367221756104
2370 0.6031056294775441 2.979476833051456
2371 0.5989137086016981 3.011816943927302
2372 0.5947217877258522 3.044157054803148
2373 0.5905298668500062 3.0764971656789943
2374 0.5863379459741602 3.1088372765548398
2375 0.5821460250983143 3.1411773874306856
2376 0.5779541042224683 3.1735174983065315
2377 0.5737621833466223 3.205857609182378
2378 1.4922708479060496 -0.3022845353770496
2379 1.4857507748762544 -0.2676162723472544
2380 1.479230701846459 -0.23294800931745896
2381 1.4727106288166634 -0.19827974628766332
2382 1.466190555786868 -0.1636114832578679
2383 1.4596704827570726 -0.12894322022807247
2384 1.4531504097272772 -0.09427495719827705
2385 1.4466303366974818 -0.05960669416848163
2386 1.4401102636676861 -0.024938431138686212
2387 1.433590190637891 0.009729831891108986
2388 1.4270701176080953 0.04439809492090463
2389 1.4205500445782997 0.07906635795070027
2390 1.4140299715485043 0.1137346209804957
2391 1.407509898518709 0.14840288401029111
2392 1.4009898254889137 0.1830711470400863
2393 1.394469752459118 0.21773941006988196
2394 1.3879496794293227 0.2524076730996774
2395 1.3814296063995273 0.2870759361294728
2396 1.3749095333697317 0.32174419915926844
2397 1.3683894603399362 0.35641246218906386
2398 1.3618693873101408 0.3910807252188593
2399 1.3553493142803454 0.4257489882486547
2400 1.34882924125055 0.4604172512784501
2401 1.3423091682207544 0.49508551430824577
2402 1.335789095190959 0.5297537773380412
2403 1.3292690221611636 0.5644220403678366
2404 1.322748949131368 0.5990903033976323
2405 1.3162288761015726 0.6337585664274274
2406 1.3097088030717774 0.6684268294572226
2407 1.3031887300419818 0.7030950924870185
2408 1.2966686570121866 0.7377633555168133
2409 1.290148583982391 0.7724316185466094
2410 1.2836285109525953 0.8070998815764046
2411 1.2771084379228 0.8417681446062004
2412 1.2705883648930045 0.8764364076359954
2413 1.2640682918632093 0.9111046706657906
2414 1.2575482188334137 0.9457729336955862
2415 1.251028145803618 0.9804411967253819
2416 1.244508072773823 1.015109459755177
2417 1.2379879997440273 1.0497777227849727
2418 1.2314679267142317 1.0844459858147684
2419 1.2249478536844367 1.1191142488445633
2420 1.218427780654641 1.153782511874359
2421 1.2119077076248457 1.1884507749041544
2422 1.2053876345950503 1.2231190379339498
2423 1.1988675615652546 1.2577873009637455
2424 1.1923474885354592 1.292455563993541
2425 1.1858274155056636 1.3271238270233365
2426 1.1793073424758684 1.3617920900531317
2427 2.1852803660214835 -0.6293675834924835
2428 2.16503441593327 -0.5528252534042699
2429 2.154911440889163 -0.5145540883601631
2430 2.1447884658450564 -0.4762829233160564
2431 2.1346654908009497 -0.4380117582719496
2432 2.124542515756843 -0.39974059322784283
2433 2.114419540712736 -0.36146942818373606
2434 2.104296565668629 -0.32319826313962885
2435 2.0941735906245222 -0.2849270980955221
2436 2.0840506155804155 -0.2466559330514153
2437 2.0739276405363087 -0.20838476800730854
2438 2.063804665492202 -0.17011360296320177
2439 2.053681690448095 -0.13184243791909456
2440 2.043558715403988 -0.09357127287498801
2441 2.0334357403598817 -0.055300107830881684
2442 2.0233127653157745 -0.017028942786774248
2443 2.0131897902716682 0.021242222257331633
2444 2.003066815227561 0.05951338730143929
2445 1.992943840183454 0.09778455234554584
2446 1.9828208651393473 0.13605571738965305
2447 1.9726978900952403 0.1743268824337596
2448 1.962574915051134 0.21259804747786593
2449 1.952451940007027 0.2508692125219729
2450 1.94232896496292 0.2891403775660799
2451 1.9322059899188135 0.32741154261018646
2452 1.9220830148747066 0.36568270765429345
2453 1.9119600398305996 0.40395387269840044
2454 1.9018370647864933 0.44222503774250677
2455 1.891714089742386 0.480496202786614
2456 1.8815911146982796 0.5187673678307205
2457 1.8714681396541728 0.5570385328748273
2458 1.8613451646100658 0.5953096979189343
2459 1.851222189565959 0.6335808629630411
2460 1.841099214521852 0.671852028007148
2461 1.8309762394777453 0.7101231930512548
2462 1.8208532644336386 0.7483943580953616
2463 1.8107302893895316 0.7866655231394686
2464 1.8006073143454249 0.8249366881835754
2465 1.7904843393013181 0.8632078532276821
2466 1.7803613642572111 0.9014790182717887
2467 1.7702383892131046 0.9397501833158957
2468 1.7601154141689979 0.978021348360002
2469 1.7499924391248909 1.016292513404109
2470 1.7398694640807841 1.0545636784482157
2471 1.7297464890366774 1.0928348434923225
2472 1.7196235139925704 1.1311060085364295
2473 1.7095005389484637 1.1693771735805363
2474 1.6993775639043567 1.2076483386246437
2475 1.68925458886025 1.24591950366875
2476 1.6791316138161432 1.2841906687128573
2477 1.6690086387720366 1.3224618337569634
2478 1.6588856637279294 1.3607329988010706
2479 1.648762688683823 1.3990041638451771
2480 2.5305991881590266 0.17938938436997365
2481 2.516128147092203 0.22200861543679684
2482 2.501657106025379 0.2646278465036209
2483 2.4871860649585553 0.30724707757044456
2484 2.4727150238917317 0.3498663086372682
2485 2.4582439828249076 0.3924855397040923
2486 2.443772941758084 0.4351047707709159
2487 2.42930190069126 0.47772400183774044
2488 2.4148308596244363 0.5203432329045636
2489 2.400359818557613 0.5629624639713873
2490 2.3858887774907895 0.6055816950382105
2491 2.3714177364239655 0.6482009261050345
2492 2.356946695357142 0.6908201571718582
2493 2.3424756542903182 0.7334393882386818
2494 2.328004613223494 0.7760586193055059
2495 2.3135335721566705 0.8186778503723295
2496 2.2990625310898465 0.8612970814391536
2497 2.284591490023023 0.9039163125059773
2498 2.2701204489561992 0.9465355435728009
2499 2.255649407889375 0.989154774639625
2500 2.2411783668225516 1.0317740057064482
2501 2.226707325755728 1.0743932367732723
2502 2.212236284688904 1.117012467840096
2503 2.1977652436220803 1.15963169890692
2504 2.1832942025552566 1.2022509299737436
2505 2.1688231614884326 1.2448701610405677
2506 2.1543521204216094 1.2874893921073909
2507 2.1398810793547853 1.3301086231742145
2508 2.1254100382879617 1.3727278542410386
2509 2.110938997221138 1.4153470853078618
2510 2.0964679561543136 1.4579663163746868
2511 2.0819969150874904 1.5005855474415095
2512 2.0675258740206663 1.543204778508334
2513 2.0530548329538427 1.5858240095751572
2514 2.038583791887019 1.6284432406419813
2515 2.024112750820195 1.671062471708805
2516 2.0096417097533714 1.7136817027756286
2517 1.9951706686865478 1.7563009338424522
2518 1.980699627619724 1.798920164909276
2519 1.9662285865529001 1.8415393959761
2520 1.9517575454860767 1.8841586270429234
2521 1.9372865044192524 1.9267778581097477
2522 1.922815463352429 1.969397089176571
2523 1.9083444222856052 2.012016320243395
2524 1.8938733812187816 2.0546355513102186
2525 1.8794023401519577 2.0972547823770418
2526 1.8649312990851339 2.1398740134438663
2527 1.8504602580183103 2.1824932445106904
2528 1.8359892169514864 2.2251124755775136
2529 1.8215181758846626 2.267731706644337
2530 1.807047134817839 2.3103509377111613
2531 1.7925760937510153 2.3529701687779854
2532 1.7781050526841917 2.3955893998448086
2533 1.7636340116173679 2.4382086309116318
2534 1.749162970550544 2.4808278619784554
2535 1.7346919294837202 2.523447093045281
2536 1.7202208884168966 2.5660663241121036
2537 1.7057498473500727 2.608685555178927
2538 1.691278806283249 2.651304786245751
2539 1.676807765216425 2.693924017312576
2540 1.6623367241496014 2.736543248379399
2541 1.6478656830827778 2.779162479446222
2542 1.6333946420159537 2.821781710513046
2543 1.6189236009491301 2.86440094157987
2544 1.6044525598823063 2.9070201726466944
2545 1.5899815188154829 2.949639403713517
2546 1.5755104777486588 2.992258634780341
2547 1.5610394366818352 3.034877865847165
2548 1.5465683956150114 3.077497096913989
2549 1.532097354548188 3.120116327980812
2550 1.517626313481364 3.162735559047636
2551 0.9817020295636942 0.09569152296530592
2552 0.9774984583143849 0.12804328421461508
2553 0.9732948870650756 0.16039504546392458
2554 0.9690913158157664 0.19274680671323363
2555 0.964887744566457 0.22509856796254302
2556 0.9606841733171476 0.2574503292118524
2557 0.9564806020678385 0.28980209046116157
2558 1.0753740127560594 0.08646410977294061
2559 1.0712359428780827 0.11875036965091734
2560 1.067097873000106 0.15103662952889407
2561 1.0629598031221292 0.1833228894068708
2562 1.0588217332441525 0.21560914928484753
2563 1.0546836633661758 0.24789540916282427
2564 1.050545593488199 0.280181669040801
2565 1.0464075236102226 0.3124679289187775
2566 1.0422694537322459 0.34475418879675424
2567 1.0381313838542692 0.37704044867473074
2568 1.0339933139762927 0.40932670855270725
2569 1.0298552440983157 0.4416129684306842
2570 1.0257171742203393 0.4738992283086607
2571 1.0215791043423625 0.5061854881866374
2572 1.0174410344643858 0.5384717480646142
2573 1.0133029645864091 0.5707580079425909
2574 1.0091648947084324 0.6030442678205676
2575 1.0050268248304557 0.6353305276985444
2576 1.0008887549524792 0.6676167875765209
2577 0.9967506850745024 0.6999030474544977
2578 0.9926126151965257 0.7321893073324744
2579 0.9884745453185491 0.7644755672104511
2580 0.9843364754405723 0.7967618270884278
2581 0.9801984055625956 0.8290480869664045
2582 0.976060335684619 0.8613343468443811
2583 0.9719222658066423 0.8936206067223579
2584 0.9677841959286656 0.9259068666003346
2585 0.9636461260506889 0.9581931264783113
2586 0.9595080561727124 0.9904793863562876
2587 0.9553699862947357 1.0227656462342645
2588 0.9512319164167589 1.0550519061122414
2589 0.9470938465387823 1.0873381659902175
2590 0.9429557766608057 1.1196244258681947
2591 0.9388177067828289 1.151910685746171
2592 0.9346796369048521 1.1841969456241483
2593 0.9305415670268756 1.2164832055021244
2594 0.9264034971488989 1.248769465380101
2595 0.9222654272709222 1.2810557252580779
2596 0.9181273573929456 1.3133419851360544
2597 0.9139892875149689 1.345628245014031
2598 0.9098512176369922 1.3779145048920078
2599 0.9057131477590155 1.4102007647699846
2600 0.9015750778810387 1.4424870246479613
2601 0.8974370080030621 1.4747732845259378
2602 0.8932989381250854 1.5070595444039148
2603 0.8891608682471087 1.5393458042818913
2604 0.8850227983691321 1.571632064159868
2605 0.8808847284911554 1.6039183240378447
2606 0.8767466586131788 1.6362045839158212
2607 0.8726085887352021 1.6684908437937982
2608 0.8684705188572255 1.7007771036717747
2609 0.8643324489792487 1.7330633635497517
2610 0.860194379101272 1.7653496234277282
2611 0.8560563092232953 1.797635883305705
2612 0.8519182393453187 1.8299221431836812
2613 0.8477801694673419 1.8622084030616584
2614 0.8436420995893653 1.8944946629396346
2615 0.8395040297113886 1.9267809228176112
2616 0.835365959833412 1.9590671826955879
2617 0.8312278899554352 1.9913534425735646
2618 0.8270898200774587 2.023639702451541
2619 0.8229517501994819 2.055925962329518
2620 0.8188136803215053 2.088212222207495
2621 0.8146756104435285 2.1204984820854715
2622 0.8105375405655518 2.1527847419634485
2623 2.4509259305221134 -1.1201986679931133
2624 2.4412718014399384 -1.0823963489109383
2625 2.4316176723577634 -1.0445940298287633
2626 2.421963543275588 -1.006791710746588
2627 2.412309414193413 -0.968989391664413
2628 2.4026552851112375 -0.9311870725822375
2629 2.393001156029062 -0.8933847535000621
2630 2.383347026946887 -0.8555824344178871
2631 2.3736928978647116 -0.8177801153357116
2632 2.364038768782536 -0.7799777962535361
2633 2.3543846397003607 -0.7421754771713607
2634 2.3447305106181853 -0.7043731580891852
2635 2.3350763815360103 -0.6665708390070102
2636 2.325422252453835 -0.6287685199248347
2637 2.31576812337166 -0.5909662008426597
2638 2.3061139942894844 -0.5531638817604843
2639 2.2964598652073094 -0.5153615626783092
2640 2.286805736125134 -0.4775592435961338
2641 2.277151607042959 -0.43975692451395876
2642 2.267497477960783 -0.40195460543178285
2643 2.257843348878608 -0.36415228634960783
2644 2.2481892197964326 -0.3263499672674324
2645 2.2385350907142576 -0.2885476481852576
2646 2.228880961632082 -0.2507453291030821
2647 2.2192268325499067 -0.21294301002090643
2648 2.2095727034677317 -0.17514069093873186
2649 2.1999185743855563 -0.13733837185655595
2650 2.1902644453033813 -0.09953605277438138
2651 2.180610316221206 -0.06173373369220547
2652 2.170956187139031 -0.0239314146100309
2653 2.161302058056855 0.013870904472145007
2654 2.15164792897468 0.051673223554320025
2655 2.1419937998925045 0.08947554263649549
2656 2.1323396708103295 0.1272778617186705
2657 2.122685541728154 0.16508018080084597
2658 2.1130314126459786 0.20288249988302143
2659 2.103377283563803 0.2406848189651969
2660 2.093723154481628 0.2784871380473719
2661 2.0840690253994527 0.31628945712954737
2662 2.0744148963172777 0.3540917762117224
2663 2.0647607672351023 0.39189409529389785
2664 2.055106638152927 0.4296964143760733
2665 2.045452509070752 0.46749873345824833
2666 2.0357983799885764 0.5053010525404238
2667 2.0261442509064014 0.5431033716225988
2668 2.016490121824226 0.5809056907047743
2669 2.0068359927420505 0.6187080097869497
2670 1.9971818636598753 0.656510328869125
2671 1.9875277345777 0.6943126479512998
2672 1.9778736054955246 0.7321149670334757
2673 1.9682194764133494 0.7699172861156505
2674 1.9585653473311742 0.8077196051978257
2675 1.948911218248999 0.845521924280001
2676 1.9392570891668235 0.8833242433621764
2677 1.9296029600846485 0.9211265624443514
2678 1.919948831002473 0.9589288815265269
2679 1.9102947019202978 0.9967312006087026
2680 1.9006405728381226 1.0345335196908774
2681 1.890986443755947 1.0723358387730535
2682 3.675021674995476 -1.5561450924664757
2683 3.6587513981072703 -1.5117266255782704
2684 3.6424811212190633 -1.4673081586900634
2685 3.626210844330857 -1.4228896918018572
2686 3.6099405674426506 -1.3784712249136506
2687 3.5936702905544444 -1.3340527580254444
2688 3.5774000136662374 -1.2896342911372374
2689 3.5611297367780312 -1.2452158242490312
2690 3.5448594598898246 -1.2007973573608246
2691 3.5285891830016185 -1.1563788904726184
2692 3.512318906113412 -1.1119604235844118
2693 3.4960486292252053 -1.0675419566962052
2694 3.479778352336999 -1.023123489807999
2695 3.463508075448793 -0.9787050229197929
2696 3.4472377985605864 -0.9342865560315863
2697 3.4309675216723803 -0.8898680891433801
2698 3.414697244784174 -0.845449622255174
2699 3.398426967895967 -0.8010311553669669
2700 3.382156691007761 -0.7566126884787607
2701 3.3658864141195544 -0.7121942215905541
2702 3.349616137231348 -0.6677757547023484
2703 3.333345860343141 -0.6233572878141409
2704 3.317075583454935 -0.5789388209259352
2705 3.300805306566729 -0.534520354037729
2706 3.2845350296785223 -0.4901018871495224
2707 3.2682647527903157 -0.4456834202613158
2708 3.25199447590211 -0.4012649533731101
2709 3.235724199013903 -0.356846486484903
2710 3.219453922125697 -0.3124280195966964
2711 3.20318364523749 -0.26800955270849025
2712 3.1869133683492836 -0.2235910858202832
2713 3.170643091461077 -0.17917261893207703
2714 3.1543728145728713 -0.1347541520438713
2715 3.1381025376846643 -0.09033568515566426
2716 3.121832260796458 -0.04591721826745809
2717 3.105561983908252 -0.001498751379251928
2718 3.089291707020045 0.042919715508955125
2719 3.0730214301318393 0.08733818239716085
2720 3.0567511532436327 0.13175664928536746
2721 3.040480876355426 0.17617511617357406
2722 3.02421059946722 0.22059358306178023
2723 3.0079403225790133 0.2650120499499864
2724 2.9916700456908067 0.30943051683819345
2725 2.975399768802601 0.3538489837263987
2726 2.9591294919143936 0.39826745061460667
2727 2.942859215026188 0.4426859175028124
2728 2.926588938137981 0.48710438439101944
2729 2.9103186612497747 0.5315228512792256
2730 2.8940483843615685 0.5759413181674313
2731 2.877778107473362 0.6203597850556384
2732 2.8615078305851553 0.6647782519438445
2733 2.845237553696949 0.7091967188320512
2734 2.8289672768087426 0.7536151857202573
2735 2.8126969999205365 0.7980336526084639
2736 2.7964267230323303 0.8424521194966696
2737 2.7801564461441233 0.8868705863848771
2738 2.763886169255917 0.9312890532730829
2739 2.747615892367711 0.975707520161289
2740 2.7313456154795044 1.0201259870494956
2741 2.715075338591298 1.0645444539377023
2742 2.6988050617030916 1.1089629208259084
2743 2.6825347848148846 1.1533813877141155
2744 2.666264507926679 1.1977998546023212
2745 2.6499942310384723 1.2422183214905278
2746 2.6337239541502657 1.2866367883787344
2747 2.6174536772620596 1.3310552552669406
2748 2.601183400373853 1.3754737221551467
2749 2.5849131234856464 1.4198921890433538
2750 2.5686428465974407 1.46431065593156
2751 2.552372569709233 1.508729122819767
2752 2.5361022928210275 1.5531475897079723
2753 2.5198320159328205 1.5975660565961798
2754 2.5035617390446143 1.6419845234843864
2755 2.487291462156408 1.6864029903725921
2756 2.4710211852682016 1.7308214572607983
2757 2.4547509083799954 1.775239924149004
2758 2.438480631491789 1.819658391037212
2759 2.4222103546035827 1.8640768579254177
2760 2.405940077715376 1.9084953248136238
2761 2.38966980082717 1.9529137917018295
2762 2.373399523938963 1.997332258590038
2763 2.3571292470507568 2.0417507254782437
2764 2.3408589701625506 2.0861691923664494
2777 3.9829546181434834 -0.09074206561448328
2778 3.9585003103901566 -0.038139567861156465
2779 3.9340460026368302 0.014462929892169907
2780 3.909591694883504 0.06706542764549583
2781 3.8851373871301766 0.11966792539882354
2782 3.8606830793768507 0.1722704231521499
2783 3.836228771623523 0.22487292090547717
2784 3.811774463870197 0.27747541865880265
2785 3.78732015611687 0.33007791641213036
2786 3.7628658483635435 0.3826804141654572
2787 3.738411540610217 0.4352829119187831
2788 3.7139572328568904 0.48788540967210947
2789 3.689502925103564 0.5404879074254354
2790 3.6650486173502377 0.5930904051787631
2791 3.6405943095969113 0.645692902932089
2792 3.616140001843584 0.6982954006854158
2793 3.591685694090258 0.7508978984387413
2794 3.56723138633693 0.8035003961920708
2795 3.5427770785836046 0.8561028939453958
2796 3.5183227708302782 0.9087053916987218
2843 3.9793155793560566 1.348454663172944
2844 3.9437457481836953 1.4121726843453049
2845 3.908175917011333 1.4758907055176667
2846 3.8726060858389704 1.5396087266900307
2847 3.837036254666608 1.6033267478623925
2848 3.801466423494247 1.6670447690347534
2849 3.765896592321884 1.7307627902071157
2900 3.9809744968305045 2.3319823956984953
2901 3.9291883399902843 2.411916742538717
2902 3.8774021831500654 2.4918510893789336
2903 3.825616026309845 2.5717854362191552
2904 3.773829869469625 2.651719783059375
2905 3.722043712629404 2.731654129899597
2906 3.670257555789185 2.8115884767398156
2907 3.618471398948965 2.8915228235800354
2908 3.5666852421087447 2.9714571704202553
2909 3.514899085268526 3.0513915172604738
2910 3.102153452633951 0.47292282589504886
2911 3.0830798169172446 0.5332804736117556
2912 3.0622722143172014 0.5991251802117987
2913 3.0414646117171578 0.6649698868118423
2914 2.998115439633734 0.802146358895266
2915 2.974706886708686 0.876221653820314
2916 2.9512983337836367 0.9502969487453634
2917 2.9261558139752517 1.0298593025537484
2918 2.9001463107251975 1.1121651858038022
2919 2.8463933373417523 1.2822640111872476
2920 2.817782883766693 1.3728004827623073
2921 2.7883054467499653 1.4660804837790353
2922 2.7570940428499 1.5648475436791003
2923 2.725015655508167 1.6663581330208332
2924 2.6565239636163573 1.8830969589126427
2925 2.620110659066282 1.9983251954627184
2926 2.5828303710745373 2.1162969614544633
2927 2.542949132757788 2.2424993157712114
2928 2.5013339275577016 2.3741887289712986
2929 2.4579847554742784 2.511365201054721
2930 2.412034633065849 2.6567722614631517
2931 2.3643505437740835 2.8076663807549167
2932 2.314065504157312 2.966791088371688
2933 2.2611795142155353 3.134146384313465
2934 3.9531984584719386 0.43629878405706135
2935 3.9205076534974563 0.5177797850315442
2936 3.886559509870109 0.6023946706588914
2937 3.851354027589897 0.690143440939103
2938 3.814891206656821 0.7810260958721793
2939 3.7771710470708797 0.8750426354581204
2940 3.739450887484938 0.969059175044062
2941 3.699216050593267 1.0693434839357332
2942 3.6589812137015962 1.1696277928274035
2943 3.6162316995041968 1.2761798710248025
2944 3.573482185306796 1.3827319492222045
2945 3.5282179938036666 1.4955517967253336
2946 3.481696463647672 1.6115055288813278
2947 3.433917594838813 1.7305931456901869
2948 3.383624048724225 1.855948531804775
2949 3.332073163956772 1.984437802572228
2950 3.2792649405364536 2.1160609579925467
2951 3.223942039810406 2.2539518827185945
2952 3.16610446177863 2.3981105767503696
2953 3.1070095450939883 2.545403155435012
2954 3.0453999511036174 2.6989635034253836
2955 2.9812756798075175 2.8587916207214827
2956 2.9146367312056873 3.0248875073233124
2957 2.8454831052981286 3.1972511632308707
2976 3.9934164166417836 2.3833430398872157
2977 3.9110621382303896 2.54638879629861
2978 3.8287078598189956 2.7094345527100043
2979 3.740607934076575 2.8838555944524256
2980 3.652508008334154 3.0582766361948472
2981 3.560577651037715 3.240281201491285
2982 3.4648168621872575 3.4298692903417436
2983 3.367140857559791 3.623249140969209
2984 3.267549637155315 3.8204207533736847
2985 3.162212769419811 4.028967651109188
3006 3.879894322195963 4.031879762333038
3007 3.7451651373039874 4.249176971225014
3008 0.24304760999999991 0.6748395325290002
3009 0.24002900999999993 0.6891174085290002
3010 0.23801660999999993 0.6986359925290001
3011 0.23499800999999995 0.7129138685290001
3012 0.23298560999999995 0.7224324525290001
3013 0.23001731999999994 0.7364723639290001
3014 0.22508693999999996 0.759792894729
3015 0.22292360999999994 0.770025372529
3016 0.22000562999999995 0.783827319329
3017 0.21502493999999994 0.8073858147290001
3018 0.21004424999999993 0.8309443101290002
3019 0.20506355999999992 0.854502805529
3020 0.20279960999999994 0.8652112125290002
3021 0.20013317999999994 0.8778233363290002
3022 0.19560527999999994 0.8992401503290002
3023 0.19017179999999995 0.9249403271290002
3024 0.18519110999999996 0.9484988225290002
3025 0.18267560999999996 0.9603970525290002
3026 0.18026072999999995 0.9718193533290002
3027 0.17528003999999997 0.995377848729
3028 0.17029935 1.018936344129
3029 0.16531865999999998 1.042494839529
3030 0.16038827999999997 1.0658153703289999
3031 0.15540758999999996 1.089373865729
3032 0.15042689999999997 1.112932361129
3033 0.14539589999999997 1.136728821129
3034 0.14051582999999995 1.159811387329
3035 0.13553513999999994 1.183369882729
3036 0.13055444999999993 1.2069283781290001
3037 0.12562406999999995 1.230248908929
3038 0.12064337999999998 1.253807404329
3039 0.11566268999999997 1.277365899729
3040 0.11068199999999996 1.3009243951290002
3041 0.10570130999999998 1.324482890529
3042 0.10077092999999995 1.347803421329
3043 0.7337207981385943 0.4660235535904058
3044 0.7227570727253596 0.5060737420036405
3045 0.7118640810244684 0.5458655421045316
3046 0.7009003556112339 0.585915730517766
3047 0.6899366301979993 0.6259659189310006
3048 0.6789729047847647 0.6660161073442353
3049 0.6680091793715301 0.7060662957574699
3050 0.6570454539582957 0.7461164841707044
3051 0.646081728545061 0.786166672583939
3052 0.6131905523053574 0.9063172378236426
3053 0.6022268268921228 0.9463674262368772
3054 0.5912631014788884 0.9864176146501117
3055 0.5803701097779971 1.026209414751003
3056 0.5694063843647625 1.0662596031642375
3057 0.5584426589515281 1.1063097915774718
3058 0.5474789335382935 1.1463599799907065
3059 0.5365152081250588 1.1864101684039412
3060 0.5145877572985899 1.2665105452304104
3061 0.5036240318853552 1.3065607336436451
3062 0.4926603064721206 1.3466109220568794
3063 0.48169658105888613 1.3866611104701136
3064 0.47073285564565154 1.4267112988833486
3065 0.4598398639447604 1.4665030989842398
3066 0.4379124131182913 1.5466034758107088
3067 0.42694868770505673 1.5866536642239435
3068 0.4159849622918222 1.6267038526371778
3069 0.4050212368785876 1.666754041050413
3070 0.3940575114653531 1.706804229463647
3071 0.38309378605211847 1.7468544178768817
3072 0.36116633522564945 1.8269547947033504
3073 0.3502026098124148 1.8670049831165856
3074 0.33923888439918026 1.9070551715298196
3075 0.3283458926982892 1.9468469716307109
3076 0.30641844187182005 2.0269473484571803
3077 0.2954547164585855 2.066997536870414
3078 0.2844909910453509 2.1070477252836493
3079 0.2735272656321164 2.1470979136968835
3080 0.8935686587203462 0.624437894608654
3081 0.8793572406146176 0.6645456475143826
3082 0.8651458225088889 0.7046534004201112
3083 0.8509344044031603 0.7447611533258397
3084 0.8368259675880527 0.7845782703409474
3085 0.822614549482324 0.8246860232466762
3086 0.8084031313765954 0.8647937761524047
3087 0.7941917132708667 0.9049015290581333
3088 0.7800832764557594 0.9447186460732407
3089 0.7516604402443019 1.0249341518846982
3090 0.7374490221385731 1.065041904790427
3091 0.7233405853234657 1.1048590218055345
3092 0.709129167217737 1.1449667747112633
3093 0.6949177491120083 1.1850745276169916
3094 0.6807063310062798 1.2251822805227204
3095 0.6665978941911722 1.264999397537828
3096 0.6381750579797149 1.345214903349285
3097 0.6239636398739861 1.3853226562550138
3098 0.6098552030588787 1.4251397732701214
3099 0.59564378495315 1.4652475261758502
3100 0.5814323668474213 1.505355279081579
3101 0.5672209487416927 1.5454630319873073
3102 0.5531125119265852 1.5852801490024149
3103 0.5246896757151278 1.6654956548138724
3104 0.5104782576093991 1.7056034077196007
3105 0.4963698207942916 1.7454205247347083
3106 0.48215840268856297 1.7855282776404366
3107 0.46794698458283435 1.8256360305461659
3108 1.1574431541578223 0.6219662569711777
3109 1.1390105064529474 0.6621668382760526
3110 1.120577858748073 0.7023674195809271
3111 1.102304113178585 0.7422214441504154
3112 1.0838714654737103 0.7824220254552896
3113 1.0655977199042224 0.8222760500247779
3114 1.0471650721993477 0.8624766313296524
3115 1.0288913266298598 0.9023306558991404
3116 1.0104586789249852 0.9425312372040149
3117 0.9737522856506226 1.0225858430783776
3118 0.9553196379457479 1.062786424383252
3119 0.9370458923762599 1.1026404489527404
3120 0.9186132446713854 1.1428410302576144
3121 0.9003394991018974 1.1826950548271027
3122 0.8819068513970227 1.222895636131977
3123 0.8636331058275348 1.262749660701465
3124 0.8269267125531722 1.3428042665758277
3125 0.8084940648482976 1.3830048478807027
3126 0.7900614171434228 1.4232054291855774
3127 0.771787671573935 1.463059453755065
3128 0.7533550238690602 1.5032600350599403
3129 0.7350812782995724 1.5431140596294277
3130 0.7166486305946979 1.5833146409343022
3131 0.6140014854161194 3.265262899712881
3132 0.5982830473894668 3.3050011265395334
3133 0.5824418090657311 3.3450498082632687
3134 0.5666005707419951 3.385098489987005
3135 0.5507593324182593 3.4251471717107407
3136 0.5349180940945233 3.4651958534344764
3137 0.9305806512966706 2.4649101750323297
3138 0.9147394129729348 2.504958856756065
3139 0.8988981746491989 2.545007538479801
3140 0.883056936325463 2.585056220203537
3141 0.8672156980017273 2.6251049019272727
3142 0.8513744596779911 2.665153583651009
3143 0.8355332213542553 2.7052022653747447
3144 0.8198147833276026 2.7449404922013976
3145 0.8039735450038669 2.7849891739251333
3146 0.7881323066801311 2.8250378556488687
3147 0.7722910683563949 2.8650865373726053
3148 0.7564498300326592 2.9051352190963406
3149 0.7406085917089231 2.9451839008200773
3150 0.7247673533851874 2.985232582543813
3151 0.7089261150614516 3.025281264267548
3152 0.7089261150614516 3.025281264267548
3153 0.6930848767377156 3.0653299459912846
3154 0.6930848767377156 3.0653299459912846
3155 0.6772436384139798 3.1053786277150204
3156 0.6614024000902439 3.1454273094387566
3157 0.645561161766508 3.185475991162492
3158 0.6298427237398554 3.2252142179891443
3159 0.6140014854161194 3.265262899712881
3160 2.131009972391608 0.7793937129373925
3161 2.1100416562212687 0.8191274891077316
3162 2.088863656889225 0.8592586030397751
3163 2.067685657557182 0.8993897169718181
3164 2.0465076582251394 0.9395208309038607
3165 2.0253296588930962 0.9796519448359042
3166 2.0043613427227567 1.0193857210062438
3167 1.9831833433907142 1.0595168349382862
3168 1.962005344058671 1.0996479488703292
3169 1.9408273447266282 1.139779062802372
3170 1.9198590285562886 1.1795128389727116
3171 1.8986810292242455 1.2196439529047547
3172 1.8775030298922026 1.2597750668367975
3173 1.8563250305601597 1.2999061807688403
3174 1.8351470312281168 1.3400372947008836
3175 1.8141787150577773 1.3797710708712232
3176 1.6021890385756448 1.7814795479533554
3177 1.581220722405305 1.8212133241236952
3178 1.560042723073262 1.861344438055738
3179 1.5388647237412192 1.9014755519877808
3180 1.5178964075708796 1.9412093281581204
3181 1.4967184082388367 1.9813404420901637
3182 1.4755404089067938 2.0214715560222065
3183 1.454362409574751 2.061602669954249
3184 1.4333940934044112 2.101336446124589
3185 1.4122160940723685 2.1414675600566317
3186 1.3910380947403256 2.181598673988675
3187 1.3910380947403256 2.181598673988675
3188 1.3698600954082825 2.221729787920718
3189 1.348891779237943 2.2614635640910574
3190 1.3277137799059 2.3015946780231005
3191 1.306535780573857 2.3417257919551435
3192 1.285357781241814 2.3818569058871866
3193 1.2643894650714746 2.4215906820575257
3194 1.2432114657394318 2.4617217959895683
3195 1.2220334664073886 2.5018529099216114
3196 1.2008554670753457 2.5419840238536544
3197 1.2008554670753457 2.5419840238536544
3198 1.1798871509050062 2.581717800023994
3199 1.158709151572963 2.621848913956037
3200 1.1375311522409202 2.66198002788808
3201 1.1163531529088775 2.702111141820123
3202 1.095384836738538 2.7418449179904627
3203 1.0742068374064948 2.7819760319225058
3204 1.053028838074452 2.8221071458545484
3205 1.053028838074452 2.8221071458545484
3206 1.031850838742409 2.862238259786591
3207 1.0108825225720695 2.9019720359569305
3208 0.9897045232400266 2.9421031498889736
3209 0.9685265239079837 2.9822342638210166
3210 0.9473485245759408 3.0223653777530597
3211 0.9263802084056012 3.0620991539233993
3212 2.7446966126373518 0.41603830909164863
3213 2.7198267826440357 0.45592050708496457
3214 2.6949569526507196 0.4958027050782805
3215 2.6697762497824873 0.536183430546513
3216 2.6449064197891707 0.5760656285398293
3217 2.6200365897958546 0.6159478265331457
3218 2.594855886927622 0.6563285520013782
3219 2.5699860569343063 0.6962107499946941
3220 2.5451162269409897 0.7360929479880105
3221 2.519935524072757 0.7764736734562434
3222 2.495065694079441 0.8163558714495593
3223 2.4701958640861252 0.8562380694428748
3224 2.4450151612178925 0.8966187949111077
3225 2.420145331224576 0.9365009929044241
3226 2.3952755012312608 0.9763831908977392
3227 2.3704056712379447 1.016265388891055
3228 2.070413346943569 1.4973444021854312
3229 2.045232644075336 1.5377251276536636
3230 2.02036281408202 1.57760732564698
3231 1.9954929840887037 1.6174895236402962
3232 1.9706231540953878 1.6573717216336123
3233 1.945442451227155 1.6977524471018448
3234 1.920572621233839 1.7376346450951612
3235 1.8957027912405227 1.7775168430884773
3236 1.8705220883722902 1.81789756855671
3237 1.845652258378974 1.857779766550026
3238 1.820782428385658 1.897661964543342
3239 1.7956017255174255 1.9380426900115746
3240 1.7707318955241091 1.9779248880048907
3241 1.3463904212631526 2.6584148912658474
3242 2.3694730526131944 1.017760971315806
3243 2.3446032226198787 1.0576431693091215
3244 2.319733392626562 1.0975253673024379
3245 2.294863562633246 1.1374075652957543
3246 2.2696828597650134 1.1777882907639867
3247 2.244813029771698 1.2176704887573018
3248 2.219943199778382 1.2575526867506177
3249 2.19476249691015 1.2979334122188502
3250 2.1698926669168332 1.3378156102121666
3251 2.145022836923517 1.377697808205483
3252 2.1198421340552844 1.4180785336737154
3253 2.0949723040619683 1.4579607316670318
3254 2.070102474068652 1.4978429296603477
3255 2.045232644075336 1.5377251276536636
3256 1.7956017255174255 1.9380426900115746
3257 1.7704210226491928 1.978423415479807
3258 1.7455511926558764 2.0183056134731236
3259 1.7206813626625603 2.0581878114664396
3260 1.6955006597943278 2.098568536934672
3261 1.6706308298010117 2.1384507349279884
3262 1.6457609998076954 2.178332932921305
3263 1.6208911698143793 2.2182151309146207
3264 1.5957104669461468 2.258595856382853
3265 1.5708406369528307 2.2984780543761696
3266 1.5459708069595144 2.3383602523694855
3267 0.4488907197900762 1.868524429538924
3268 0.44364766257932026 1.90848358774968
3269 0.4384046053685643 1.9484427459604357
3270 0.4331332073080204 1.98861789962098
3271 0.42789015009726444 2.0285770578317357
3272 0.4226470928865085 2.0685362160424914
3273 0.41740403567575246 2.1084953742532475
3274 0.41213263761520863 2.1486705279137914
3275 0.40688958040445256 2.1886296861245476
3276 0.4016465231936966 2.2285888443353032
3277 0.39640346598294063 2.2685480025460594
3278 0.39116040877218466 2.3085071607568155
3279 0.3858890107116408 2.3486823144173594
3280 0.3806459535008848 2.388641472628115
3281 0.3754028962901288 2.4286006308388712
3282 0.3701598390793728 2.4685597890496274
3283 0.36488844101882895 2.508734942710171
3284 0.359645383808073 2.5486941009209274
3285 0.354402326597317 2.588653259131683
3286 0.34915926938656106 2.6286124173424392
3287 0.34391621217580504 2.6685715755531954
3288 0.33864481411526115 2.708746729213739
3289 0.3334017569045052 2.748705887424495
3290 0.32815869969374917 2.7886650456352506
3291 0.3229156424829932 2.8286242038460068
3292 0.31764424442244926 2.8687993575065507
3293 0.3124011872116933 2.908758515717307
3294 0.30715813000093733 2.948717673928063
3295 0.30191507279018137 2.988676832138819
3296 0.29667201557942535 3.0286359903495748
3297 0.2914006175188816 3.0688111440101182
3298 0.2861575603081255 3.108770302220875
3299 0.2809145030973695 3.1487294604316305
3300 0.2756714458866135 3.1886886186423866
3301 0.27040004782606963 3.22886377230293
3302 0.2651569906153137 3.2688229305136858
3303 0.25991393340455765 3.308782088724443
3304 0.2546708761938017 3.348741246935199
3305 0.2494278189830457 3.3887004051459546
3306 0.24415642092250187 3.428875558806498
3307 0.2389133637117459 3.468834717017254
3308 0.2336703065009899 3.50879387522801
3309 0.22842724929023386 3.5487530334387665
3310 0.22315585122969 3.58892818709931
3311 0.21791279401893404 3.6288873453100656
3312 0.21266973680817805 3.668846503520822
3313 0.2074266795974221 3.708805661731578
3314 0.20218362238666604 3.7487648199423345
3315 0.1969122243261222 3.788939973602878
3316 0.19166916711536622 3.8288991318136336
3317 0.18642610990461025 3.86885829002439
3318 1.3222863766998496 0.026268072829150446
3319 1.312212773220563 0.06636641230843687
3320 1.302202129763022 0.10621413716597816
3321 1.2921285262837354 0.1463124766452646
3322 1.2820549228044489 0.18641081612455124
3323 1.272044279346908 0.22625854098209208
3324 1.2619706758676215 0.26635688046137873
3325 1.251897072388335 0.30645521994066516
3326 1.241886428930794 0.346302944798206
3327 1.2318128254515073 0.3864012842774929
3328 1.221739221972221 0.4264996237567791
3329 1.2117285785146799 0.46634734861432015
3330 1.2016549750353935 0.5064456880936066
3331 1.1915813715561068 0.5465440275728934
3332 1.181570728098566 0.5863917524304341
3333 1.161423521139993 0.6665884313890071
3334 1.1514128776824517 0.7064361562465484
3335 1.1413392742031652 0.7465344957258351
3336 1.1312656707238788 0.7866328352051211
3337 1.1212550272663377 0.8264805600626624
3338 1.1111814237870512 0.8665788995419488
3339 1.1011078203077647 0.9066772390212354
3340 1.0910971768502236 0.9465249638787763
3341 1.081023573370937 0.9866233033580634
3342 1.0709499698916505 1.0267216428373496
3343 1.0609393264341094 1.0665693676948909
3344 1.050865722954823 1.1066677071741768
3345 1.0407921194755363 1.1467660466534637
3346 1.0307814760179954 1.1866137715110048
3347 1.0207078725387089 1.2267121109902914
3348 1.0106342690594223 1.2668104504695776
3349 1.0006236256018812 1.306658175327119
3350 0.9905500221225949 1.346756514806405
3351 0.9804764186433083 1.386854854285692
3352 0.9704657751857673 1.4267025791432328
3353 0.9603921717064807 1.4668009186225195
3354 0.9503185682271941 1.506899258101806
3355 0.9403079247696532 1.546746982959347
3356 0.9302343212903668 1.586845322438633
3357 0.9201607178110802 1.62694366191792
3358 0.910150074353539 1.666791386775461
3359 0.9000764708742525 1.7068897262547478
3360 0.8900028673949659 1.7469880657340342
3361 0.879992223937425 1.7868357905915748
3362 0.8699186204581385 1.8269341300708617
3363 0.859845016978852 1.8670324695501481
3364 0.849834373521311 1.9068801944076894
3365 0.8397607700420243 1.9469785338869756
3366 0.8296871665627378 1.9870768733662625
3367 0.8196765231051968 2.026924598223803
3368 0.8096029196259104 2.06702293770309
3369 0.7995922761683691 2.106870662560631
3370 0.7895186726890828 2.146969002039917
3371 0.7794450692097963 2.187067341519204
3372 0.7694344257522553 2.226915066376745
3373 0.7593608222729686 2.267013405856031
3374 0.7492872187936822 2.307111745335318
3375 0.7392765753361411 2.346959470192859
3376 0.7292029718568547 2.3870578096721458
3377 0.719129368377568 2.427156149151432
3378 0.709118724920027 2.467003874008973
3379 0.6990451214407405 2.5071022134882597
3380 0.6889715179614538 2.5472005529675465
3381 0.6789608745039128 2.5870482778250876
3382 0.6688872710246264 2.6271466173043736
3383 0.65881366754534 2.6672449567836596
3384 0.6488030240877989 2.707092681641201
3385 0.6387294206085123 2.7471910211204875
3386 0.6286558171292258 2.7872893605997744
3387 0.6186451736716848 2.827137085457315
3388 0.6085715701923982 2.867235424936602
3389 0.5984979667131116 2.9073337644158883
3390 0.5884873232555706 2.94718148927343
3391 0.5784137197762841 2.987279828752716
3392 0.5683401162969975 3.0273781682320027
3393 0.5583294728394566 3.0672258930895437
3394 0.54825586936017 3.10732423256883
3395 0.5381822658808835 3.1474225720481166
3396 0.5281716224233426 3.187270296905657
3397 0.5180980189440559 3.227368636384944
3398 0.5080244154647694 3.2674669758642305
3399 0.4980137720072284 3.307314700721772
3400 0.48794016852794186 3.347413040201058
3401 0.4778665650486553 3.387511379680345
3402 0.4678559215911143 3.427359104537886
3403 0.45778231811182774 3.4674574440171724
3404 0.44770871463254125 3.5075557834964592
3405 0.43769807117500015 3.547403508354
3406 0.42762446769571366 3.587501847833287
3407 0.41755086421642706 3.627600187312573
3408 2.177775509400745 0.1428297681282551
3409 2.1608455139730944 0.18284127935590577
3410 2.1439155185454437 0.22285279058355645
3411 2.1269855231177925 0.26286430181120757
3412 2.1100555276901423 0.3028758130388578
3413 2.093125532262491 0.3428873242665089
3414 2.0761955368348404 0.3828988354941596
3415 2.059265541407189 0.42291034672181116
3416 2.042335545979539 0.46292185794946095
3417 2.0254055505518878 0.5029333691771125
3418 2.008475555124237 0.5429448804047627
3419 1.9915455596965859 0.5829563916324143
3420 1.9746155642689351 0.622967902860065
3421 1.9575479266020352 0.6633047109269647
3422 1.9406179311743843 0.7033162221546156
3423 1.9236879357467336 0.7433277333822663
3424 1.9067579403190826 0.7833392446099172
3425 1.872897949463781 0.8633622670652188
3426 1.85596795403613 0.9033737782928701
3427 1.839037958608479 0.943385289520521
3428 1.8221079631808283 0.9833968007481717
3429 1.8051779677531774 1.0234083119758226
3430 1.7882479723255267 1.0634198232034733
3431 1.7713179768978757 1.1034313344311242
3432 1.7543879814702252 1.1434428456587746
3433 1.7374579860425743 1.1834543568864255
3434 1.7205279906149236 1.2234658681140762
3435 1.7035979951872724 1.2634773793417278
3436 1.6866679997596217 1.3034888905693784
3437 1.6697380043319707 1.3435004017970293
3438 1.65280800890432 1.38351191302468
3439 1.635878013476669 1.423523424252331
3440 1.6189480180490183 1.4635349354799816
3441 1.6020180226213674 1.5035464467076325
3442 1.5850880271937167 1.5435579579352832
3443 1.5681580317660657 1.583569469162934
3444 1.551228036338415 1.6235809803905847
3445 1.5342980409107638 1.6635924916182363
3446 1.517368045483113 1.703604002845887
3447 1.5004380500554622 1.7436155140735379
3448 1.4835080546278114 1.7836270253011886
3449 1.4664404169609115 1.8239638333680888
3450 1.4495104215332606 1.8639753445957397
3451 1.4325804261056099 1.9039868558233903
3452 1.415650430677959 1.9439983670510412
3453 1.381790439822657 2.0240213895063435
3454 1.364860444395006 2.064032900733994
3455 1.3479304489673554 2.1040444119616453
3456 1.3310004535397044 2.144055923189296
3457 1.3140704581120537 2.1840674344169466
3458 1.2971404626844028 2.2240789456445977
3459 1.280210467256752 2.264090456872248
3460 1.263280471829101 2.304101968099899
3461 1.2463504764014504 2.3441134793275498
3462 1.2294204809737999 2.3841249905552004
3463 1.2124904855461485 2.424136501782852
3464 1.1955604901184975 2.4641480130105027
3465 1.178630494690847 2.5041595242381534
3466 1.161700499263196 2.544171035465804
3467 1.1447705038355453 2.584182546693455
3468 1.1278405084078944 2.624194057921106
3469 1.1109105129802437 2.6642055691487565
3470 1.0939805175525927 2.7042170803764076
3471 1.077050522124942 2.744228591604058
3472 1.0601205266972913 2.784240102831709
3473 1.0431905312696401 2.82425161405936
3474 1.0262605358419892 2.864263125287011
3475 1.0093305404143385 2.904274636514662
3476 0.9924005449866876 2.9442861477423126
3477 0.9754705495590368 2.9842976589699637
3478 0.9584029118921369 3.0246344670368632
3479 0.941472916464486 3.064645978264514
3480 0.9245429210368352 3.1046574894921655
3481 0.9076129256091844 3.1446690007198157
3482 2.7524385799999997 0.33905179432900034
3483 2.73011643 0.37920113132900024
3484 2.7077942799999994 0.4193504683290006
3485 2.6857070999999997 0.4590771807290004
3486 2.6633849499999998 0.4992265177290003
3487 2.6410628 0.5393758547290002
3488 2.6189756199999996 0.5791025671290004
3489 2.5966534699999997 0.6192519041290003
3490 2.5743313199999998 0.6594012411290002
3491 2.5520091699999994 0.699550578129001
3492 2.52992199 0.7392772905289999
3493 2.5075998399999997 0.7794266275290003
3494 2.4852776899999998 0.8195759645290006
3495 2.46319051 0.859302676929
3496 2.4408683599999996 0.8994520139290003
3497 2.4185462099999997 0.9396013509290002
3498 2.37413688 1.019477400329
3499 2.3518147299999996 1.0596267373290003
3500 2.3294925799999993 1.099776074329001
3501 2.3074053999999995 1.1395027867290004
3502 2.2850832499999996 1.1796521237290003
3503 2.262761099999999 1.219801460729001
3504 2.2404389499999993 1.259950797729001
3505 2.2183517699999995 1.2996775101290003
3506 2.1960296199999996 1.3398268471290007
3507 2.173707469999999 1.379976184129001
3508 2.1516202899999994 1.4197028965290004
3509 2.1292981399999995 1.4598522335290007
3510 2.106975989999999 1.500001570529001
3511 2.0846538399999996 1.540150907529
3512 2.0402445099999995 1.6200269569290007
3513 2.0179223599999996 1.6601762939290001
3514 1.9958351799999996 1.6999030063290006
3515 1.9735130299999994 1.7400523433290007
3516 1.9511908799999993 1.7802016803290008
3517 1.9288687299999996 1.8203510173290005
3518 1.9067815499999994 1.8600777297290008
3519 1.8844593999999992 1.9002270667290009
3520 1.8621372499999997 1.9403764037290003
3521 1.8400500699999995 1.9801031161290006
3522 1.8177279199999994 2.0202524531290007
3523 1.7954057699999997 2.060401790129
3524 1.7509964399999993 2.1402778395290007
3525 1.7286742899999992 2.180427176529001
3526 1.7063521399999997 2.220576513529
3527 1.6842649599999995 2.2603032259290003
3528 1.6619428099999993 2.300452562929001
3529 1.6396206599999996 2.340601899929
3530 1.6172985099999995 2.3807512369290005
3531 1.5952113299999993 2.4204779493290016
3532 1.5728891799999998 2.460627286329
3533 1.5505670299999996 2.500776623329
3534 0.18148698499902707 3.908888825129973
3535 0.17624169641524012 3.94885021471376
3536 0.1709964078314532 3.9888116042975468
3537 0.1657227663364026 4.028989001392597
3538 0.16047747775261573 4.068950390976385
3539 0.39807668132143487 3.7074991514075655
3540 0.38799879065506937 3.7476017780739306
3541 0.3779838868053687 3.7874537633236316
3542 0.36790599613900327 3.8275563899899967
3543 0.3578281054726378 3.867659016656362
3544 0.34781320162293716 3.9075110019060624
3545 0.3377353109565717 3.9476136285724284
3546 0.3276574202902062 3.987716255238794
3547 0.3176425164405056 4.0275682404884945
3548 0.3075646257741401 4.0676708671548605
3549 0.8748132960739528 3.2245699348550474
3550 0.857876095473119 3.264588651255881
3551 0.8409388948722855 3.304607367656715
3552 0.8240016942714519 3.3446260840575484
3553 0.8070644936706182 3.3846448004583816
3554 0.7901272930697846 3.4246635168592157
3555 0.773190092468951 3.4646822332600493
3556 0.756252891868117 3.504700949660883
3557 0.7393156912672835 3.544719666061717
3558 0.7223784906664498 3.584738382462551
3559 0.7054412900656161 3.6247570988633844
3560 0.6885040894647826 3.664775815264217
3561 0.6715668888639489 3.7047945316650512
3562 0.6546296882631153 3.7448132480658853
3563 0.6376924876622817 3.7848319644667185
3564 0.620755287061448 3.8248506808675518
3565 0.6038180864606144 3.864869397268386
3566 0.5868808858597805 3.90488811366922
3567 1.5075039099999992 2.580620044929001
3568 1.4851722599999992 2.620778881929001
3569 1.4628406099999995 2.6609377189290004
3570 1.4407440299999994 2.7006738313290004
3571 1.4184123799999993 2.7408326683290003
3572 1.3960807299999995 2.780991505329
3573 1.3739841499999994 2.820727617729001
3574 1.3516524999999993 2.860886454729001
3575 1.3293208499999998 2.9010452917290004
3576 1.3069891999999994 2.9412041287290007
3577 1.2848926199999993 2.9809402411290016
3578 1.2625609699999991 3.0210990781290015
3579 1.2402293199999996 3.061257915129001
3580 1.2181327399999995 3.1009940275290004
3581 1.1958010899999993 3.1411528645290008
3582 1.1734694399999996 3.1813117015290002
3583 1.1513728599999995 3.221047813929
3584 1.1067095599999996 3.301365487929
3585 1.0846129799999995 3.341101600329001
3586 1.0622813299999994 3.3812604373290007
3587 1.0399496799999992 3.4214192743290006
3588 1.0176180299999995 3.4615781113290005
3589 0.9955214499999994 3.5013142237290014
3590 0.31108628790596493 3.6687609628230353
3591 0.30703712060393146 3.7086521587250694
3592 0.30296675347309154 3.7487522090559082
3593 0.2988963863422516 3.788852259386749
3594 0.29484721904021816 3.8287434552887816
3595 0.2907768519093782 3.868843505619622
3596 0.2867276846073447 3.9087347015216554
3597 0.2826573174765048 3.9488347518524956
3598 0.27860815017447127 3.9887259477545287
3599 0.2745377830436313 4.028825998085369
3600 0.27046741591279144 4.068926048416208
3601 0.2664182486107579 4.108817244318243
3602 0.270446216083985 4.069134902845015
3603 0.266375848953145 4.1092349531758545
3604 0.26232668165111156 4.149126149077889
3605 0.2582563145202716 4.189226199408728
3606 0.2542071472182381 4.229117395310762
3607 0.25013678008739815 4.269217445641601
3608 0.24608761278536473 4.309108641543635
3609 0.24201724565452473 4.349208691874475
3610 0.23796807835249129 4.389099887776509
3611 0.23389771122165134 4.429199938107349
3612 0.22982734409081135 4.469299988438189
3613 0.8602706455390329 3.1068160923899675
3614 0.85075876687787 3.14691567085113
3615 0.8413052433005181 3.186769239628482
3616 0.8317933646393554 3.2268688180896445
3617 0.8222814859781924 3.2669683965508076
3618 0.8128279624008405 3.30682196532816
3619 0.8033160837396777 3.3469215437893225
3620 0.7938042050785149 3.387021122250485
3621 0.7843506815011628 3.4268746910278374
3622 0.7748388028400001 3.466974269489
3623 0.7653269241788371 3.507073847950163
3624 0.755873400601485 3.5469274167275153
3625 0.7463615219403222 3.587026995188678
3626 0.7368496432791595 3.6271265736498406
3627 0.9834582274636632 2.587489649865337
3628 0.9740047038863111 2.6273432186426886
3629 0.9644928252251483 2.6674427971038517
3630 0.9549809465639856 2.7075423755650148
3631 0.9455274229866335 2.7473959443423666
3632 0.9360155443254707 2.787495522803529
3633 0.9265036656643078 2.8275951012646923
3634 0.9170501420869557 2.8674486700420445
3635 0.9075382634257929 2.907548248503207
3636 0.898084739848441 2.947401817280559
3637 0.8885728611872782 2.987501395741722
3638 0.8790609825261152 3.027600974202885
3639 0.8696074589487633 3.067454542980237
3640 0.8600955802876006 3.1075541214413995
3641 0.8505837016264377 3.147653699902562
3642 0.7367329331115379 3.6276185930174623
3643 0.727221054450375 3.6677181714786258
3644 0.717767530873023 3.707571740255977
3645 0.7082556522118602 3.74767131871714
3646 0.6987437735506974 3.7877708971783024
3647 0.6892902499733454 3.827624465955654
3648 0.6797783713121825 3.867724044416817
3649 0.6703248477348306 3.907577613194169
3650 0.6608129690736677 3.947677191655332
3651 0.6513010904125048 3.9877767701164957
3652 0.6418475668351529 4.027630338893847
3653 0.6418475668351529 4.027630338893847
3654 0.6323356881739901 4.06772991735501
3655 0.6228238095128272 4.107829495816173
3656 0.6133702859354752 4.147683064593525
3657 0.6038584072743125 4.187782643054687
3658 0.5944048836969605 4.227636211832039
3659 0.5848930050357976 4.2677357902932025
3660 0.5753811263746346 4.307835368754366
3661 0.5659276027972825 4.347688937531718
3662 0.5564157241361198 4.387788515992881
3663 1.6615264860543322 2.3051849426746682
3664 1.6465384894017805 2.3451310011272195
3665 1.6315504927492284 2.3850770595797717
3666 1.6165624960966762 2.4250231180323234
3667 1.6014618077399698 2.465269522789031
3668 1.586473811087418 2.505215581241582
3669 1.571485814434866 2.5451616396941334
3670 1.5564978177823139 2.585107698146686
3671 1.5413971294256072 2.625354102903393
3672 1.5264091327730556 2.665300161355944
3673 1.5114211361205034 2.7052462198084966
3674 1.4964331394679518 2.7451922782610483
3675 1.4814451428153996 2.785138336713601
3676 1.466344454458693 2.825384741470307
3677 1.4513564578061413 2.8653307999228588
3678 1.4363684611535892 2.9052768583754114
3679 1.4363684611535892 2.9052768583754114
3680 1.4213804645010373 2.9452229168279627
3681 1.4213804645010373 2.9452229168279627
3682 1.4062797761443309 2.9854693215846693
3683 1.3912917794917787 3.025415380037222
3684 1.376303782839227 3.0653614384897727
3685 1.361315786186675 3.1053074969423244
3686 1.3463277895341228 3.145253555394878
3687 1.3312271011774164 3.1854999601515837
3688 1.3162391045248643 3.2254460186041354
3689 1.3012511078723126 3.2653920770566875
3690 1.2862631112197604 3.30533813550924
3691 1.271162422863054 3.3455845402659454
3692 1.2561744262105021 3.385530598718498
3693 1.24118642955795 3.4254766571710507
3694 1.24118642955795 3.4254766571710507
3695 1.226198432905398 3.4654227156236024
3696 1.2112104362528464 3.505368774076153
3697 1.1961097478961396 3.545615178832861
3698 1.1811217512435874 3.585561237285413
3699 1.166133754591036 3.6255072957379637
3700 1.1511457579384838 3.6654533541905154
3701 1.1360450695817772 3.7056997589472234
3702 1.1210570729292253 3.7456458173997746
3703 1.1060690762766732 3.7855918758523264
3704 1.0910810796241213 3.8255379343048794
3705 1.0910810796241213 3.8255379343048794
3706 1.0760930829715691 3.865483992757431
3707 1.0760930829715691 3.865483992757431
3708 1.060992394614863 3.9057303975141364
3709 1.0460043979623108 3.94567645596669
3710 1.0310164013097587 3.9856225144192416
3711 1.016028404657207 4.025568572871793
3712 1.0009277163005001 4.0658149776285
3713 0.9859397196479484 4.105761036081052
3714 0.9709517229953967 4.145707094533604
3715 0.9559637263428447 4.185653152986156
3716 0.9409757296902925 4.225599211438707
3717 0.9409757296902925 4.225599211438707
3718 0.9258750413335862 4.265845616195414
3719 0.9108870446810341 4.305791674647966
3720 0.8958990480284822 4.345737733100517
3721 0.8809110513759301 4.38568379155307
3722 0.8658103630192238 4.425930196309777
3723 0.8508223663666716 4.465876254762328
3724 0.8358343697141195 4.505822313214882
3725 0.8208463730615679 4.545768371667433
3726 3.0927269218614533 0.4617073506675471
3727 3.0730105823560505 0.5016903869729497
3728 3.053294242850647 0.5416734232783535
3729 3.033577903345244 0.5816564595837561
3730 3.0138615638398405 0.6216394958891596
3731 2.994145224334437 0.6616225321945635
3732 2.974428884829034 0.701605568499966
3733 2.954712545323631 0.741588604805369
3734 2.9348136471191033 0.7819418544098968
3735 2.9150973076137 0.8219248907152998
3736 2.895380968108297 0.8619079270207028
3737 2.8756646286028933 0.9018909633261067
3738 2.8559482890974905 0.9418739996315093
3739 2.836231949592087 0.9818570359369132
3740 2.8165156100866833 1.021840072242317
3741 2.7967992705812805 1.0618231085477197
3742 2.777082931075877 1.1018061448531236
3743 2.7573665915704737 1.1417891811585266
3744 2.737650252065071 1.1817722174639291
3745 2.717751353860543 1.2221254670684574
3746 2.6980350143551397 1.2621085033738604
3747 2.678318674849737 1.302091539679263
3748 2.678318674849737 1.302091539679263
3749 2.6586023353443333 1.3420745759846668
3750 2.6586023353443333 1.3420745759846668
3751 2.6388859958389297 1.3820576122900707
3752 2.6388859958389297 1.3820576122900707
3753 2.619169656333527 1.4220406485954729
3754 2.5994533168281233 1.4620236849008768
3755 2.5797369773227206 1.5020067212062789
3756 2.560020637817317 1.5419897575116828
3757 2.5403042983119133 1.5819727938170867
3758 2.5204054001073866 1.6223260434216131
3759 2.500689060601983 1.662309079727017
3760 2.4809727210965797 1.7022921160324205
3761 2.4612563815911765 1.742275152337824
3762 2.441540042085773 1.7822581886432278
3763 2.4218237025803697 1.8222412249486304
3764 2.402107363074967 1.8622242612540325
3765 2.3823910235695633 1.9022072975594364
3766 2.3626746840641597 1.9421903338648403
3767 2.3429583445587565 1.9821733701702438
3768 2.3429583445587565 1.9821733701702438
3769 2.3232420050533533 2.022156406475647
3770 2.3232420050533533 2.022156406475647
3771 2.303343106848826 2.062509656080174
3772 2.303343106848826 2.062509656080174
3773 2.2836267673434225 2.102492692385578
3774 2.2639104278380198 2.142475728690981
3775 2.244194088332616 2.182458764996384
3776 2.224477748827213 2.2224418013017875
3777 2.2047614093218098 2.26242483760719
3778 2.1850450698164066 2.3024078739125935
3779 2.165328730311003 2.3423909102179974
3780 2.1456123908055997 2.382373946523401
3781 2.125896051300197 2.422356982828803
3782 2.1061797117947934 2.462340019134207
3783 2.086280813590266 2.5026932687387338
3784 2.0665644740848625 2.5426763050441377
3785 2.0468481345794594 2.5826593413495402
3786 2.0271317950740557 2.622642377654944
3787 2.0271317950740557 2.622642377654944
3788 2.007415455568653 2.662625413960347
3789 2.007415455568653 2.662625413960347
3790 1.9876991160632496 2.7026084502657506
3791 1.9679827765578461 2.7425914865711545
3792 1.9482664370524434 2.7825745228765566
3793 1.9285500975470398 2.8225575591819605
3794 1.9088337580416364 2.8625405954873644
3795 1.8891174185362336 2.902523631792766
3796 1.8692185203317053 2.942876881397295
3797 1.8495021808263026 2.9828599177026973
3798 1.829785841320899 3.022842954008101
3799 1.8100695018154953 3.062825990313505
3800 1.7903531623100926 3.102809026618908
3801 1.770636822804689 3.142792062924312
3802 1.770636822804689 3.142792062924312
3803 1.7509204832992855 3.1827750992297155
3804 1.7509204832992855 3.1827750992297155
3805 1.7312041437938828 3.222758135535117
3806 1.7114878042884794 3.2627411718405206
3807 1.6917714647830757 3.3027242081459245
3808 1.672055125277673 3.3427072444513275
3809 1.652156227073145 3.3830604940558553
3810 1.6324398875677424 3.423043530361258
3811 1.6127235480623388 3.463026566666662
3812 1.5930072085569353 3.5030096029720657
3813 1.5732908690515326 3.542992639277467
3814 1.553574529546129 3.582975675582871
3815 1.5338581900407255 3.6229587118882742
3816 1.5338581900407255 3.6229587118882742
3817 1.5141418505353228 3.6629417481936777
3818 1.5141418505353228 3.6629417481936777
3819 1.4944255110299192 3.702924784499081
3820 1.4747091715245155 3.7429078208044855
3821 1.4548102733199884 3.7832610704090124
3822 1.4350939338145847 3.823244106714416
3823 1.415377594309182 3.8632271430198175
3824 1.3956612548037786 3.903210179325221
3825 1.375944915298375 3.943193215630625
3826 1.3562285757929722 3.983176251936028
3827 1.3365122362875688 4.023159288241431
3828 1.3365122362875688 4.023159288241431
3829 1.3167958967821651 4.063142324546836
3830 1.3167958967821651 4.063142324546836
3831 1.2970795572767624 4.1031253608522364
3832 1.277363217771359 4.14310839715764
3833 1.2576468782659556 4.183091433463044
3834 1.2377479800614282 4.223444683067573
3835 1.2180316405560248 4.263427719372976
3836 1.198315301050622 4.303410755678378
3837 1.1785989615452184 4.3433937919837815
3838 1.1588826220398147 4.383376828289186
3839 2.619395245922081 2.5372340014069197
3840 2.5944575308591546 2.577184084469845
3841 2.569519815796229 2.6171341675327713
3842 2.544582100733303 2.6570842505956977
3843 2.5193326642320897 2.6975337096969114
3844 2.4943949491691635 2.7374837927598366
3845 2.4694572341062377 2.777433875822763
3846 2.4445195190433116 2.817383958885688
3847 2.419581803980386 2.8573340419486146
3848 2.39464408891746 2.897284125011541
3849 2.3693946524162484 2.937733584112751
3850 2.344456937353322 2.977683667175678
3851 2.3195192222903964 3.0176337502386046
3852 2.2945815072274707 3.0575838333015293
3853 2.2696437921645445 3.097533916364456
3854 2.2447060771016187 3.137483999427381
3855 3.0187104083671814 1.8975332963618188
3856 2.993772693304255 1.9374833794247457
3857 2.9688349782413295 1.9774334624876704
3858 2.9435855417401178 2.0178829215888823
3859 2.9186478266771916 2.0578330046518074
3860 2.893710111614266 2.097783087714734
3861 2.86877239655134 2.1377331707776603
3862 2.843834681488414 2.1776832538405855
3863 2.818896966425488 2.217633336903512
3864 2.7939592513625624 2.2575834199664384
3865 2.768709814861349 2.298032879067652
3866 2.743772099798423 2.3379829621305768
3867 2.718834384735497 2.3779330451935037
3868 2.6938966696725712 2.4178831282564284
3869 2.668958954609645 2.4578332113193553
3870 2.6440212395467193 2.4977832943822817
3871 2.6190835244837936 2.5377333774452064
3872 2.5938340879825814 2.5781828365464188
3873 2.2942697857891834 3.058083209339818
3874 2.2690203492879712 3.0985326684410284
3875 2.2440826342250455 3.138482751503955
3876 2.2191449191621198 3.1784328345668795
3877 2.194207204099194 3.218382917629806
3878 2.169269489036268 3.258333000692733
3879 2.1443317739733416 3.298283083755658
3880 2.119394058910416 3.3382331668185845
3881 2.0941446224092037 3.378682625919797
3882 2.069206907346278 3.4186327089827215
3883 2.0442691922833522 3.458582792045648
3884 2.019331477220426 3.498532875108573
3885 1.9943937621575003 3.5384829581714996
3886 1.9694560470945746 3.578433041234426
3887 1.9445183320316486 3.6183831242973508
3888 1.9192688955304353 3.6588325833985644
3889 1.8943311804675094 3.698782666461491
3890 1.8693934654045834 3.738732749524416
3891 1.8444557503416577 3.7786828325873425
3892 1.8195180352787317 3.8186329156502694
3893 1.7945803202158057 3.858582998713194
3894 1.7696426051528797 3.8985330817761206
3895 1.7443931686516678 3.938982540877333
3896 1.719455453588742 3.9789326239402576
3897 1.694517738525816 4.0188827070031845
3898 1.6942060170875288 4.019382083041471
3899 1.6942060170875288 4.019382083041471
3900 1.6692683020246029 4.059332166104397
3901 1.6692683020246029 4.059332166104397
3902 1.644330586961677 4.099282249167322
3903 1.644330586961677 4.099282249167322
3904 1.6193928718987511 4.139232332230249
3905 1.6193928718987511 4.139232332230249
3906 1.594455156835825 4.179182415293176
3907 1.594455156835825 4.179182415293176
3908 1.5692057203346135 4.219631874394386
3909 1.5692057203346135 4.219631874394386
3910 1.5442680052716873 4.259581957457312
3911 1.5442680052716873 4.259581957457312
3912 1.5193302902087615 4.299532040520239
3913 1.5193302902087615 4.299532040520239
3914 1.4943925751458356 4.339482123583164
3915 1.4943925751458356 4.339482123583164
3916 1.4694548600829098 4.379432206646091
3917 1.4694548600829098 4.379432206646091
3918 1.4445171450199836 4.419382289709016
3919 1.4445171450199836 4.419382289709016
3920 2.5325994190707957 3.1725442240582047
3921 2.5039459219937164 3.2128323063352835
3922 2.4752924249166393 3.25312038861236
3923 2.447101081018223 3.292758663110776
3924 2.4184475839411443 3.3330467453878563
3925 2.3902562400427287 3.372685019886272
3926 2.361602742965651 3.412973102163349
3927 2.332949245888572 3.4532611844404277
3928 2.3047579019901563 3.4928994589388433
3929 2.276104404913079 3.53318754121592
3930 2.247913061014663 3.572825815714336
3931 2.219259563937584 3.6131138979914166
3932 2.1906060668605067 3.653401980268493
3933 2.1906060668605067 3.653401980268493
3934 2.1624147229620907 3.6930402547669092
3935 2.133761225885012 3.7333283370439876
3936 2.105569881986596 3.7729666115424036
3937 2.0769163849095165 3.8132546938194842
3938 2.0482628878324394 3.853542776096561
3939 2.0200715439340238 3.8931810505949764
3940 3.8982620620186426 1.252362238110357
3941 3.8982620620186426 1.252362238110357
3942 3.8700707181202274 1.2920005126087721
3943 3.8700707181202274 1.2920005126087721
3944 3.8414172210431476 1.3322885948858532
3945 3.8414172210431476 1.3322885948858532
3946 3.813225877144732 1.3719268693842688
3947 3.813225877144732 1.3719268693842688
3948 3.7845723800676554 1.412214951661345
3949 3.7845723800676554 1.412214951661345
3950 3.7559188829905756 1.4525030339384242
3951 3.7559188829905756 1.4525030339384242
3952 3.72772753909216 1.4921413084368398
3953 3.72772753909216 1.4921413084368398
3954 3.6990740420150807 1.5324293907139204
3955 3.6990740420150807 1.5324293907139204
3956 3.670882698116665 1.572067665212336
3957 3.670882698116665 1.572067665212336
3958 3.6422292010395876 1.612355747489413
3959 3.6422292010395876 1.612355747489413
3960 3.6135757039625083 1.6526438297664918
3961 3.6135757039625083 1.6526438297664918
3962 3.5853843600640922 1.6922821042649079
3963 3.5853843600640922 1.6922821042649079
3964 3.5567308629870156 1.732570186541984
3965 3.5567308629870156 1.732570186541984
3966 3.528539519088599 1.7722084610404005
3967 3.528539519088599 1.7722084610404005
3968 3.49988602201152 1.8124965433174807
3969 3.49988602201152 1.8124965433174807
3970 3.4712325249344427 1.8527846255945577
3971 3.4712325249344427 1.8527846255945577
3972 3.443041181036027 1.8924229000929733
3973 3.443041181036027 1.8924229000929733
3974 3.4143876839589478 1.9327109823700521
3975 3.4143876839589478 1.9327109823700521
3976 3.4143876839589478 1.9327109823700521
3977 3.4143876839589478 1.9327109823700521
3978 3.4143876839589478 1.9327109823700521
3979 3.386196340060532 1.9723492568684677
3980 3.386196340060532 1.9723492568684677
3981 3.386196340060532 1.9723492568684677
3982 3.386196340060532 1.9723492568684677
3983 3.386196340060532 1.9723492568684677
3984 3.357542842983455 2.0126373391455443
3985 3.357542842983455 2.0126373391455443
3986 3.357542842983455 2.0126373391455443
3987 3.357542842983455 2.0126373391455443
3988 3.357542842983455 2.0126373391455443
3989 3.329351499085039 2.0522756136439604
3990 3.329351499085039 2.0522756136439604
3991 3.329351499085039 2.0522756136439604
3992 3.329351499085039 2.0522756136439604
3993 3.329351499085039 2.0522756136439604
3994 3.30069800200796 2.0925636959210405
3995 3.30069800200796 2.0925636959210405
3996 3.30069800200796 2.0925636959210405
3997 3.2720445049308826 2.1328517781981176
3998 3.2720445049308826 2.1328517781981176
3999 3.2720445049308826 2.1328517781981176
4000 3.243853161032467 2.172490052696533
4001 3.243853161032467 2.172490052696533
4002 3.243853161032467 2.172490052696533
4003 3.2151996639553873 2.2127781349736124
4004 3.2151996639553873 2.2127781349736124
4005 3.2151996639553873 2.2127781349736124
4006 3.187008320056972 2.2524164094720276
4007 3.187008320056972 2.2524164094720276
4008 3.187008320056972 2.2524164094720276
4009 3.1583548229798923 2.2927044917491086
4010 3.1583548229798923 2.2927044917491086
4011 3.1583548229798923 2.2927044917491086
4012 3.1297013259028152 2.332992574026185
4013 3.1297013259028152 2.332992574026185
4014 3.1297013259028152 2.332992574026185
4015 3.101509982004399 2.3726308485246013
4016 3.101509982004399 2.3726308485246013
4017 3.101509982004399 2.3726308485246013
4018 3.0728564849273203 2.4129189308016796
4019 3.0728564849273203 2.4129189308016796
4020 3.0728564849273203 2.4129189308016796
4021 3.0446651410289043 2.4525572053000957
4022 3.0446651410289043 2.4525572053000957
4023 3.0446651410289043 2.4525572053000957
4024 3.016011643951827 2.4928452875771723
4025 3.016011643951827 2.4928452875771723
4026 3.016011643951827 2.4928452875771723
4027 2.9873581468747483 2.5331333698542524
4028 2.9873581468747483 2.5331333698542524
4029 2.9873581468747483 2.5331333698542524
4030 2.9591668029763323 2.5727716443526685
4031 2.9591668029763323 2.5727716443526685
4032 2.9591668029763323 2.5727716443526685
4033 2.9305133058992547 2.6130597266297455
4034 2.9305133058992547 2.6130597266297455
4035 2.9305133058992547 2.6130597266297455
4036 2.902321962000839 2.652698001128161
4037 2.902321962000839 2.652698001128161
4038 2.902321962000839 2.652698001128161
4039 2.902321962000839 2.652698001128161
4040 2.87366846492376 2.69298608340524
4041 2.8450149678466827 2.7332741656823165
4042 2.816823623948267 2.772912440180732
4043 2.788170126871188 2.8132005224578127
4044 2.759978782972772 2.8528387969562283
4045 2.7313252858956947 2.8931268792333054
4046 2.7026717888186154 2.933414961510384
4047 2.6744804449201998 2.9730532360088
4048 2.6458269478431204 3.0133413182858804
4049 2.617635603944705 3.052979592784296
4050 2.5889821068676273 3.093267675061373
4051 2.560328609790548 3.133555757338452
4052 2.5321372658921324 3.1731940318368674
4053 2.503483768815055 3.2134821141139445
4054 1.1795140723372617 1.1878172005917387
4055 1.171427715427259 1.2278048395017411
4056 1.1633413585172563 1.2677924784117436
4057 1.1552550016072538 1.3077801173217463
4058 1.147168644697251 1.3477677562317492
4059 1.1390822877872488 1.3877553951417512
4060 1.130995930877246 1.4277430340517538
4061 1.1229095739672434 1.4677306729617565
4062 1.114823217057241 1.5077183118717592
4063 1.106736860147238 1.5477059507817619
4064 1.0986505032372356 1.5876935896917646
4065 1.090564146327233 1.6276812286017672
4066 1.0824777894172304 1.6676688675117697
4067 1.074343865701875 1.7078917278271253
4068 1.0662575087918724 1.7478793667371275
4069 1.0581711518818695 1.787867005647131
4070 1.0500847949718672 1.827854644557133
4071 1.0419984380618645 1.8678422834671355
4072 1.0339120811518618 1.9078299223771384
4073 1.0258257242418594 1.9478175612871407
4074 1.0177393673318567 1.9878052001971436
4075 1.0096530104218542 2.027792839107146
4076 0.9934802966018489 2.107768116927151
4077 0.9853939396918463 2.1477557558371534
4078 0.9773075827818435 2.187743394747157
4079 0.9691736590664882 2.227966255062512
4080 0.9610873021564856 2.2679538939725146
4081 0.9530009452464829 2.3079415328825172
4082 0.9449145883364805 2.3479291717925195
4083 0.9368282314264779 2.387916810702522
4084 0.9287418745164752 2.427904449612525
4085 0.9206555176064727 2.4678920885225275
4086 0.9125691606964701 2.50787972743253
4087 0.9044828037864674 2.547867366342533
4088 0.8963964468764649 2.587855005252535
4089 0.8883100899664622 2.6278426441625378
4090 0.8802237330564596 2.6678302830725404
4091 0.8721373761464569 2.707817921982543
4092 0.8640034524311015 2.748040782297899
4093 0.8559170955210988 2.788028421207901
4094 0.8478307386110963 2.828016060117904
4095 0.8316580247910911 2.907991337937909
4096 0.8235716678810885 2.9479789768479114
4097 0.8154853109710859 2.987966615757914
4098 0.8073989540610833 3.0279542546679163
4099 0.7993125971510807 3.0679418935779195
4100 0.7912262402410781 3.107929532487922
4101 0.7831398833310755 3.1479171713979244
4102 0.7750535264210728 3.1879048103079275
4103 0.7669671695110704 3.2278924492179297
4104 0.7588332457957148 3.268115309533285
4105 0.7507468888857121 3.3081029484432873
4106 0.7426605319757095 3.3480905873532913
4107 0.734574175065707 3.3880782262632936
4108 0.7264878181557043 3.4280658651732963
4109 2.272192028465999 0.705016694463001
4110 2.2578504442142986 0.7448793043147015
4111 2.2434034071372184 0.7850350215917818
4112 2.229061822885519 0.824897631443481
4113 2.2146147858084393 0.8650533487205605
4114 2.200273201556739 0.904915958572261
4115 2.1858261644796593 0.9450716758493409
4116 2.171484580227959 0.9849342857010415
4117 2.1570375431508797 1.02509000297812
4118 2.14269595889918 1.0649526128298201
4119 2.1282489218221 1.1051083301069
4120 2.1139073375704 1.1449709399586006
4121 2.0994603004933206 1.1851266572356796
4122 2.0851187162416207 1.2249892670873792
4123 2.0706716791645405 1.2651449843644595
4124 2.0563300949128407 1.3050075942161596
4125 2.0418830578357605 1.34516331149324
4126 2.0275414735840607 1.3850259213449392
4127 2.013094436506981 1.425181638622019
4128 1.998752852255281 1.4650442484737192
4129 1.9843058151782011 1.5051999657507993
4130 1.9699642309265015 1.5450625756024983
4131 1.9555171938494214 1.5852182928795786
4132 1.9555171938494214 1.5852182928795786
4133 1.9411756095977217 1.6250809027312785
4134 1.9411756095977217 1.6250809027312785
4135 1.9267285725206416 1.6652366200083588
4136 1.912386988268942 1.7050992298600578
4137 1.897939951191862 1.745254947137138
4138 1.8834929141147818 1.7854106644142183
4139 1.8691513298630822 1.8252732742659181
4140 1.8547042927860022 1.8654289915429982
4141 1.8403627085343024 1.9052916013946974
4142 1.8259156714572224 1.9454473186717776
4143 1.8115740872055226 1.9853099285234777
4144 1.7971270501284426 2.0254656458005575
4145 1.782785465876743 2.0653282556522568
4146 1.768338428799663 2.1054839729293366
4147 1.753996844547963 2.145346582781037
4148 1.739549807470883 2.1855023000581175
4149 1.725208223219183 2.225364909909817
4150 1.6819725648133235 2.3455389543156766
4151 1.6676309805616236 2.385401564167376
4152 1.653183943484544 2.4255572814444557
4153 1.6388423592328438 2.4654198912961567
4154 1.624395322155764 2.5055756085732357
4155 1.6100537379040643 2.5454382184249353
4156 1.5956067008269843 2.5855939357020157
4157 1.5812651165752845 2.6254565455537158
4158 1.5668180794982045 2.665612262830795
4159 1.5524764952465047 2.7054748726824958
4160 1.5380294581694247 2.7456305899595757
4161 1.523687873917725 2.7854931998112753
4162 1.509240836840645 2.8256489170883548
4163 1.494899252588945 2.8655115269400553
4164 1.4804522155118653 2.905667244217135
4165 1.4661106312601657 2.945529854068835
4166 1.4516635941830855 2.985685571345914
4167 1.4373220099313857 3.025548181197615
4168 3.074256875877832 0.6620147040511681
4169 3.0549351837085625 0.7019784022204374
4170 3.0356134915392925 0.7419421003897075
4171 3.016291799370023 0.7819057985589772
4172 2.996794455453759 0.822232803075241
4173 2.9774727632844895 0.8621965012445103
4174 2.95815107111522 0.9021601994137805
4175 2.93882937894595 0.9421238975830502
4176 2.91950768677668 0.9820875957523203
4177 2.90018599460741 1.0220512939215904
4178 2.88086430243814 1.0620149920908597
4179 2.8613669585218773 1.1023419966071226
4180 2.8420452663526072 1.1423056947763928
4181 2.822723574183337 1.1822693929456634
4182 2.803401882014067 1.2222330911149326
4183 2.784080189844797 1.2621967892842036
4184 2.764758497675528 1.302160487453472
4185 2.7454368055062575 1.3421241856227426
4186 2.7259394615899946 1.382451190139005
4187 2.706617769420724 1.4224148883082766
4188 2.6872960772514545 1.4623785864775454
4189 2.6679743850821844 1.5023422846468164
4190 2.648652692912915 1.5423059828160852
4191 2.6293310007436452 1.582269680985354
4192 2.5905119646581123 1.6625603836708875
4193 2.571190272488842 1.7025240818401581
4194 2.551868580319572 1.7424877800094278
4195 2.532546888150302 1.782451478178698
4196 2.513225195981032 1.8224151763479672
4197 2.4939035038117625 1.8623788745172378
4198 2.474406159895499 1.9027058790335007
4199 2.455084467726229 1.942669577202771
4200 2.435762775556959 1.982633275372041
4201 2.4164410833876895 2.0225969735413107
4202 2.39711939121842 2.0625606717105796
4203 2.3777976990491494 2.102524369879851
4204 2.35847600687988 2.14248806804912
4205 2.3389786629636165 2.1828150725653837
4206 2.319656970794347 2.2227787707346534
4207 2.3003352786250773 2.262742468903923
4208 2.2810135864558068 2.3027061670731936
4209 2.261691894286537 2.3426698652424633
4210 2.242370202117267 2.3826335634117326
4211 2.2230485099479975 2.4225972615810023
4212 2.164907781693194 2.5428516624358064
4213 2.145586089523924 2.5828153606050765
4214 2.1262643973546544 2.6227790587743454
4215 2.1069427051853844 2.6627427569436155
4216 2.087621013016115 2.702706455112885
4217 2.0681236690998515 2.743033459629149
4218 2.0488019769305814 2.782997157798419
4219 2.029480284761312 2.822960855967688
4220 2.0101585925920418 2.862924554136958
4221 1.990836900422772 2.902888252306229
4222 1.9715152082535017 2.9428519504754984
4223 1.9521935160842323 2.982815648644767
4224 1.9326961721679685 3.023142653161031
4225 1.9133744799986994 3.0631063513302994
4226 1.8940527878294293 3.1030700494995704
4227 1.874731095660159 3.143033747668842
4228 1.855409403490889 3.182997445838111
4229 1.8167660191523496 3.262924842176651
4230 1.7972686752360865 3.3032518466929126
4231 1.7779469830668164 3.3432155448621836
4232 1.7586252908975464 3.3831792430314547
4233 1.7393035987282768 3.4231429412007235
4234 1.7199819065590067 3.4631066393699927
4235 1.7006602143897365 3.5030703375392642
4236 1.6813385222204666 3.543034035708533
4237 1.6618411783042035 3.583361040224797
4238 1.6425194861349335 3.623324738394068
4239 1.623197793965664 3.6632884365633362
4240 1.6038761017963938 3.7032521347326055
4241 1.5845544096271238 3.7432158329018765
4242 1.5652327174578546 3.783179531071145
4243 1.5264136813723215 3.863470233756678
4244 1.5070919892030514 3.903433931925949
4245 1.4877702970337812 3.9433976300952187
4246 1.4684486048645111 3.9833613282644897
4247 1.449126912695242 4.023325026433758
4248 1.4298052205259717 4.063288724603029
4249 1.4104835283567017 4.103252422772298
4250 1.3909861844404385 4.143579427288562
4251 1.3716644922711685 4.183543125457831
4252 1.3523428001018982 4.223506823627103
4253 1.333021107932629 4.263470521796371
4254 1.313699415763359 4.3034342199656415
4255 3.802375025225782 0.897315271103218
4256 3.777472666150483 0.937417652778517
4257 3.752877743606979 0.9770249433220211
4258 3.7279753845316814 1.0171273249973187
4259 3.7030730254563826 1.0572297066726177
4260 3.6781706663810847 1.0973320883479158
4261 3.6532683073057863 1.1374344700232144
4262 3.628365948230489 1.1775368516985112
4263 3.6037710256869837 1.2171441422420162
4264 3.5788686666116853 1.2572465239173147
4265 3.553966307536388 1.2973489055926124
4266 3.5290639484610886 1.3374512872679118
4267 3.5041615893857916 1.377553668943209
4268 3.4792592303104923 1.4176560506185085
4269 3.454356871235195 1.4577584322938044
4270 3.4297619486916906 1.4973657228373094
4271 3.4048595896163913 1.5374681045126088
4272 3.379957230541094 1.5775704861879065
4273 3.3550548714657955 1.617672867863205
4274 3.3301525123904976 1.6577752495385014
4275 3.305250153315199 1.6978776312138022
4276 3.2806552307716945 1.7374849217573054
4277 3.2557528716963966 1.7775873034326035
4278 3.1315485128516998 1.9776041206773
4279 3.106646153776401 2.017706502352599
4280 3.0817437947011035 2.0578088840278967
4281 3.056841435625804 2.0979112657031966
4282 3.0319390765505063 2.1380136473784943
4283 3.007036717475208 2.178116029053793
4284 2.982441794931703 2.217723319597297
4285 2.9575394358564058 2.257825701272594
4286 2.932637076781107 2.297928082947893
4287 2.907734717705809 2.3380304646231913
4288 2.8828323586305107 2.37813284629849
4289 2.857929999555213 2.4182352279737858
4290 2.833335077011708 2.4578425185172916
4291 2.8084327179364097 2.49794490019259
4292 2.783530358861112 2.538047281867888
4293 2.758627999785813 2.5781496635431873
4294 2.733725640710516 2.6182520452184845
4295 2.6842283590917124 2.697961717437287
4296 2.659326000016415 2.738064099112585
4297 2.6344236409411157 2.7781664807878843
4298 2.609521281865818 2.818268862463182
4299 2.5846189227905194 2.858371244138481
4300 2.559716563715222 2.8984736258137787
4301 2.5351216411717177 2.938080916357282
4302 2.510219282096419 2.978183298032581
4303 2.485316923021121 3.018285679707879
4304 2.4604145639458226 3.0583880613831775
4305 2.4355122048705233 3.098490443058477
4306 2.410609845795226 3.1385928247337747
4307 2.3860149232517216 3.178200115277278
4308 2.3611125641764223 3.218302496952579
4309 2.3362102051011253 3.2584048786278745
4310 2.311307846025826 3.298507260303174
4311 2.2615031278752302 3.37871202365377
4312 2.2369082053317255 3.4183193141972756
4313 2.2120058462564276 3.458421695872572
4314 2.1871034871811292 3.4985240775478705
4315 2.1622011281058313 3.5386264592231687
4316 2.1372987690305325 3.5787288408984677
4317 2.1123964099552355 3.618831222573765
4318 2.0874940508799362 3.6589336042490643
4319 2.062899128336432 3.6985408947925693
4320 2.0379967692611345 3.738643276467865
4321 2.0130944101858352 3.7787456581431647
4322 1.988192051110538 3.8188480398184623
4323 1.963289692035239 3.8589504214937613
4324 1.9383873329599415 3.899052803169059
4327 3.986214697042137 1.4914915708868626
4328 3.9576101401064174 1.531167749222583
4329 3.928520760171786 1.5715164051572148
4330 3.899431380237157 1.6118650610918426
4331 3.870826823301438 1.651541239427563
4332 3.8417374433668083 1.6918898953621913
4333 3.813132886431089 1.7315660736979117
4334 3.7840435064964577 1.7719147296325417
4335 3.755438949560738 1.8115909079682626
4336 3.7263495696261093 1.85193956390289
4337 3.69774501269039 1.8916157422386104
4338 3.6686556327557582 1.9319643981732426
4339 3.640051075820039 1.9716405765089613
4340 3.6109616958854094 2.0119892324435913
4341 3.58235713894969 2.05166541077931
4342 3.58235713894969 2.05166541077931
4343 3.553267759015059 2.0920140667139413
4344 3.553267759015059 2.0920140667139413
4345 3.5246632020793394 2.1316902450496604
4346 3.5246632020793394 2.1316902450496604
4347 3.4955738221447104 2.17203890098429
4348 3.4955738221447104 2.17203890098429
4349 3.466969265208991 2.2117150793200087
4350 3.466969265208991 2.2117150793200087
4351 3.4378798852743597 2.2520637352546404
4352 3.4092753283386403 2.291739913590361
4353 3.3801859484040113 2.3320885695249887
4354 3.351581391468291 2.3717647478607082
4355 3.3224920115336607 2.412113403795339
4356 3.293887454597943 2.451789582131056
4357 3.264798074663312 2.492138238065688
4358 3.236193517727592 2.5318144164014087
4359 3.2071041377929634 2.572163072336036
4360 3.178014757858332 2.612511728270668
4361 3.1494102009226124 2.6521879066063887
4362 3.1203208209879834 2.6925365625410165
4363 3.0917162640522635 2.7322127408767356
4364 3.0626268841176323 2.7725613968113674
4365 3.0049329472472843 2.852586231081715
4366 2.9763283903115645 2.892262409417436
4367 2.9472390103769333 2.932611065352068
4368 2.918634453441214 2.9722872436877865
4369 2.889545073506585 3.0126358996224143
4370 2.860940516570865 3.052312077958135
4371 2.831851136636234 3.092660733892767
4372 2.8032465797005144 3.1323369122284856
4373 2.7741571997658854 3.172685568163115
4374 2.745552642830166 3.212361746498834
4375 2.7164632628955343 3.252710402433466
4376 2.687858705959817 3.2923865807691826
4377 2.658769326025186 3.3327352367038143
4378 2.6301647690894665 3.372411415039533
4379 2.6010753891548375 3.4127600709741626
4380 2.5724708322191177 3.4524362493098817
4381 2.514776895348767 3.532461083580234
4382 2.485687515414138 3.5728097395148617
4383 2.4570829584784186 3.612485917850582
4384 2.4279935785437874 3.652834573785212
4385 2.3989041986091584 3.6931832297198417
4386 2.3702996416734385 3.732859408055561
4387 2.3412102617388073 3.7732080639901926
4388 2.312605704803088 3.812884242325913
4389 2.283516324868459 3.853232898260541
4390 2.2549117679327395 3.8929090765962613
4391 2.2258223879981083 3.933257732530893
4392 2.1972178310623884 3.972933910866612
4393 2.1681284511277594 4.01328256680124
4394 0.7130848300469711 0.26879253108202894
4395 0.7091020430045863 0.3088050013244138
4396 0.7051192559622017 0.3488174715667982
4397 0.701136468919817 0.3888299418091832
4398 0.6971744255599446 0.4286340137690554
4399 0.6931916385175598 0.46864648401144016
4400 0.6892088514751751 0.5086589542538249
4401 0.6852260644327903 0.5486714244962099
4402 0.6812432773904055 0.5886838947385945
4403 0.6772604903480207 0.6286963649809792
4404 0.673277703305636 0.668708835223364
4405 0.6692949162632512 0.7087213054657487
4406 0.6653121292208666 0.7487337757081334
4407 0.6613293421784818 0.7887462459505183
4408 0.657346555136097 0.828758716192903
4409 0.6533637680937121 0.8687711864352881
4410 0.6493809810513274 0.9087836566776726
4411 0.6453981940089427 0.9487961269200574
4412 0.641415406966558 0.988808597162442
4413 0.6374326199241732 1.0288210674048268
4414 0.6334498328817884 1.0688335376472116
4415 0.6294670458394037 1.1088460078895963
4416 0.6254842587970189 1.148858478131981
4417 0.6215014717546341 1.188870948374366
4418 0.6175186847122494 1.2288834186167508
4419 0.6135358976698646 1.2688958888591355
4420 0.6095531106274799 1.3089083591015203
4421 0.6055703235850951 1.348920829343905
4422 0.6016082802252228 1.3887249013037772
4423 0.597625493182838 1.4287373715461622
4424 0.5936427061404532 1.4687498417885467
4425 0.5896599190980686 1.5087623120309317
4426 0.5856771320556837 1.5487747822733167
4427 0.581694345013299 1.5887872525157012
4428 0.5777115579709141 1.6287997227580857
4429 0.5737287709285294 1.6688121930004707
4430 0.5697459838861447 1.7088246632428556
4431 0.56576319684376 1.7488371334852402
4432 0.5617804098013752 1.7888496037276247
4433 0.5577976227589905 1.8288620739700092
4434 0.5538148357166056 1.8688745442123942
4435 0.5498320486742209 1.9088870144547792
4436 0.5458492616318361 1.9488994846971637
4437 0.5418664745894514 1.9889119549395482
4438 0.5378836875470667 2.0289244251819336
4439 0.5339009005046819 2.068936895424318
4440 0.5259353264199123 2.1489618359090876
4441 0.5219525393775275 2.188974306151473
4442 0.5179697523351429 2.228986776393857
4443 0.5139869652927581 2.2689992466362416
4444 0.5100249219328857 2.3088033185961145
4445 0.506042134890501 2.348815788838499
4446 0.5020593478481162 2.3888282590808836
4447 0.49807656080573137 2.4288407293232686
4448 0.4940937737633467 2.468853199565653
4449 0.4901109867209619 2.508865669808038
4450 0.4861281996785772 2.548878140050423
4451 0.4821454126361925 2.5888906102928075
4452 0.4781626255938076 2.6289030805351925
4453 0.4741798385514229 2.668915550777577
4454 0.4701970515090381 2.708928021019962
4455 0.4662142644666533 2.7489404912623465
4456 0.4622314774242686 2.7889529615047315
4457 0.45824869038188387 2.828965431747116
4458 0.4542659033394991 2.868977901989501
4459 0.45028311629711437 2.9089903722318855
4460 0.4463003292547295 2.9490028424742705
4461 0.44231754221234487 2.989015312716655
4462 0.43833475516996007 3.02902778295904
4463 0.43435196812757526 3.0690402532014245
4464 0.43036918108519057 3.1090527234438095
4465 0.4263863940428058 3.149065193686194
4466 0.422403607000421 3.189077663928579
4467 0.41844156364054874 3.228881735888451
4468 0.414458776598164 3.2688942061308364
4469 0.41047598955577924 3.308906676373221
4470 0.40649320251339444 3.348919146615606
4471 0.40251041547100974 3.38893161685799
4472 0.39852762842862494 3.4289440871003753
4473 0.3945448413862402 3.46895655734276
4474 0.39056205434385544 3.508969027585145
4475 0.3865792673014707 3.54898149782753
4476 0.3825964802590859 3.5889939680699143
4477 0.37861369321670113 3.6290064383122993
4478 0.37463090617431644 3.669018908554684
4479 0.37064811913193163 3.7090313787970683
4480 0.3666653320895469 3.7490438490394538
4481 0.3626825450471621 3.7890563192818383
4482 0.3586997580047774 3.829068789524223
4483 0.3547169709623926 3.869081259766608
4484 0.3507341839200078 3.909093730008992
4485 0.3467513968776231 3.9491062002513773
4486 0.3427686098352384 3.989118670493762
4487 0.3387858227928535 4.029131140736146
4488 0.3348030357504688 4.069143610978531
4489 0.3308202487080841 4.109156081220916
4490 0.3268374616656993 4.1491685514633
4491 0.32287541830582694 4.188972623423173
4492 0.31889263126344225 4.228985093665558
4493 0.3149098442210574 4.268997563907943
4494 0.3109270571786727 4.309010034150327
4495 0.30694427013628794 4.349022504392712
4496 0.30296148309390314 4.389034974635098
4497 0.29897869605151844 4.429047444877481
4498 0.29499590900913364 4.469059915119867
4499 0.2910131219667489 4.509072385362251
4500 1.3573261140526838 0.027445673276316196
4501 1.3499980944478196 0.06742559328118047
4502 1.3426700748429556 0.10740551328604453
4503 1.3352999401828909 0.14761520294610908
4504 1.3279719205780267 0.18759512295097336
4505 1.3206439009731625 0.22757504295583764
4506 1.3133158813682984 0.2675549629607017
4507 1.3059878617634344 0.3075348829655655
4508 1.29865984215857 0.34751480297043025
4509 1.291331822553706 0.3874947229752941
4510 1.2840038029488419 0.42747464298015814
4511 1.2766757833439777 0.4674545629850222
4512 1.269305648683913 0.5076642526450872
4513 1.2619776290790488 0.5476441726499512
4514 1.2399935702644564 0.6675839326645436
4515 1.2326655506595923 0.7075638526694077
4516 1.225337531054728 0.747543772674272
4517 1.218009511449864 0.7875236926791362
4518 1.2106393767897994 0.8277333823392006
4519 1.2033113571849352 0.8677133023440646
4520 1.195983337580071 0.9076932223489291
4521 1.188655317975207 0.947673142353793
4522 1.1813272983703427 0.9876530623586572
4523 1.1739992787654787 1.0276329823635215
4524 1.1666712591606145 1.0676129023683856
4525 1.1593432395557504 1.1075928223732496
4526 1.1520152199508862 1.1475727423781141
4527 1.1446450852908214 1.1877824320381787
4528 1.1373170656859575 1.2277623520430425
4529 1.1299890460810933 1.2677422720479066
4530 1.1226610264762291 1.307722192052771
4531 1.115333006871365 1.3477021120576351
4532 1.1080049872665008 1.3876820320624992
4533 1.1006769676616368 1.4276619520673635
4534 1.0933489480567726 1.467641872072227
4535 1.0860209284519082 1.5076217920770918
4536 1.0639947545821156 1.627791321746885
4537 1.0566667349772514 1.6677712417517485
4538 1.0493387153723874 1.7077511617566128
4539 1.042010695767523 1.7477310817614775
4540 1.034682676162659 1.787711001766341
4541 1.027354656557795 1.8276909217712054
4542 1.0199845218977301 1.86790061143127
4543 1.012656502292866 1.907880531436134
4544 1.0053284826880018 1.9478604514409985
4545 0.9980004630831378 1.9878403714458623
4546 0.9906724434782734 2.027820291450727
4547 0.9833444238734095 2.067800211455591
4548 0.9760164042685452 2.1077801314604545
4549 0.968688384663681 2.147760051465319
4550 0.961360365058817 2.187739971470183
4551 0.9539902303987525 2.227949661130247
4552 0.9466622107938882 2.267929581135112
4553 0.939334191189024 2.3079095011399766
4554 0.93200617158416 2.34788942114484
4555 0.9173501323744317 2.4278492611545683
4556 0.9100221127695676 2.4678291811594324
4557 0.9026940931647033 2.507809101164297
4558 0.8953660735598392 2.5477890211691605
4559 0.8879959388997747 2.5879987108292255
4560 0.8806679192949105 2.6279786308340896
4561 0.8733398996900462 2.667958550838954
4562 0.8660118800851822 2.7079384708438177
4563 0.8586838604803181 2.747918390848682
4564 0.8513558408754537 2.7878983108535462
4565 0.8440278212705896 2.8278782308584107
4566 0.8366998016657257 2.8678581508632743
4567 0.8293296670056611 2.908067840523339
4568 0.822001647400797 2.948047760528203
4569 0.8146736277959328 2.988027680533067
4570 0.8073456081910686 3.028007600537931
4571 0.8000175885862044 3.067987520542796
4572 0.7853615493764761 3.147947360552524
4573 0.7780335297716119 3.187927280557388
4574 0.7707055101667478 3.227907200562252
4575 0.7633353755066833 3.2681168902223163
4576 0.756007355901819 3.3080968102271817
4577 0.7486793362969549 3.3480767302320453
4578 0.7413513166920908 3.388056650236909
4579 0.7340232970872267 3.4280365702417734
4580 0.7266952774823624 3.468016490246638
4581 0.7193672578774982 3.5079964102515016
4582 0.7120392382726342 3.5479763302563656
4583 0.70471121866777 3.5879562502612306
4584 0.6973410840077054 3.6281659399212947
4585 0.6900130644028413 3.668145859926159
4586 0.675357025193113 3.7481056999358864
4587 0.6680290055882488 3.7880856199407518
4588 0.6607009859833846 3.8280655399456154
4589 0.6533729663785205 3.868045459950479
4590 0.6460449467736563 3.9080253799553444
4591 0.6386748121135918 3.9482350696154085
4592 0.6313467925087276 3.988214989620272
4593 0.6240187729038635 4.028194909625137
4594 0.6166907532989993 4.068174829630001
4595 0.6093627336941352 4.108154749634865
4596 0.602034714089271 4.148134669639729
4597 0.5947066944844068 4.188114589644593
4598 2.0654664073772 0.6255690505517997
4599 2.0532867930547685 0.6657092002742315
4600 2.0411889211103396 0.7055799530186606
4601 2.0290093067879083 0.745720102741092
4602 2.0169114348434793 0.7855908554855207
4603 2.0047318205210476 0.8257310052079521
4604 1.9926339485766187 0.8656017579523816
4605 1.9804543342541874 0.9057419076748126
4606 1.9683564623097587 0.9456126604192414
4607 1.956176847987327 0.9857528101416733
4608 1.9440789760428985 1.0256235628861015
4609 1.9318993617204663 1.0657637126085338
4610 1.9198014897760378 1.1056344653529624
4611 1.9076218754536065 1.1457746150753934
4612 1.8954422611311743 1.185914764797826
4613 1.8833443891867458 1.2257855175422543
4614 1.8711647748643143 1.2659256672646855
4615 1.8590669029198854 1.3057964200091146
4616 1.8468872885974537 1.3459365697315464
4617 1.8347894166530248 1.3858073224759755
4618 1.8226098023305934 1.4259474721984065
4619 1.810511930386165 1.465818224942835
4620 1.7740548297968728 1.5859692771321272
4621 1.761956957852444 1.625840029876556
4622 1.7497773435300124 1.6659801795989875
4623 1.7376794715855834 1.7058509323434166
4624 1.725499857263152 1.7459910820658482
4625 1.713401985318723 1.7858618348102768
4626 1.7012223709962915 1.826001984532709
4627 1.6891244990518626 1.8658727372771375
4628 1.676944884729431 1.9060128869995687
4629 1.6648470127850024 1.945883639743998
4630 1.6526673984625706 1.9860237894664294
4631 1.6405695265181417 2.025894542210858
4632 1.6283899121957104 2.06603469193329
4633 1.6162920402512817 2.1059054446777186
4634 1.60411242592885 2.1460455944001504
4635 1.5919328116064184 2.186185744122582
4636 1.5798349396619895 2.2260564968670105
4637 1.5676553253395578 2.2661966465894423
4638 1.555557453395129 2.3060673993338714
4639 1.5312799671282686 2.3860783018007314
4640 1.519100352805837 2.4262184515231633
4641 1.5070024808614086 2.4660892042675915
4642 1.494822866538977 2.5062293539900233
4643 1.482724994594548 2.5461001067344515
4644 1.4705453802721162 2.5862402564568834
4645 1.4584475083276875 2.626111009201313
4646 1.446267894005256 2.6662511589237443
4647 1.434170022060827 2.7061219116681734
4648 1.4219904077383956 2.746262061390604
4649 1.409892535793967 2.7861328141350334
4650 1.3977129214715351 2.8262729638574653
4651 1.3856150495271062 2.8661437166018935
4652 1.3734354352046747 2.9062838663243262
4653 1.361337563260246 2.9461546190687535
4654 1.3491579489378145 2.9862947687911854
4655 1.3370600769933856 3.026165521535615
4656 1.3127825907265254 3.106176424002474
4657 1.3006029764040936 3.146316573724907
4658 1.2884233620816619 3.1864567234473378
4659 1.2763254901372332 3.2263274761917673
4660 1.2641458758148014 3.266467625914199
4661 1.2520480038703727 3.3063383786586273
4662 1.239868389547941 3.346478528381059
4663 1.2277705176035123 3.3863492811254874
4664 1.2155909032810808 3.4264894308479192
4665 1.203493031336652 3.4663601835923483
4666 1.1913134170142203 3.50650033331478
4667 1.1792155450697914 3.5463710860592093
4668 1.16703593074736 3.5865112357816398
4669 1.154938058802931 3.6263819885260693
4670 1.130660572536071 3.7063928909929285
4671 1.118480958213639 3.746533040715362
4672 1.1063830862692103 3.7864037934597894
4673 1.0942034719467788 3.8265439431822212
4674 1.08210560000235 3.8664146959266508
4675 1.0699259856799184 3.9065548456490804
4676 1.0578281137354897 3.94642559839351
4677 1.0456484994130582 3.9865657481159413
4678 1.0335506274686292 4.026436500860371
4679 1.0213710131461977 4.066576650582803
4680 1.0092731412017688 4.106447403327232
4681 0.997093526879337 4.146587553049662
4682 2.4964397284699924 1.4237333594590074
4683 2.479901715523616 1.4635405428053843
4684 2.4632303315050907 1.5036687518239096
4685 2.4465589474865657 1.5437969608424345
4686 2.4300209345401895 1.58360414418881
4687 2.4133495505216644 1.6237323532073353
4688 2.3966781665031394 1.6638605622258607
4689 2.380140153556763 1.703667745572238
4690 2.3634687695382377 1.7437959545907624
4691 2.346797385519713 1.7839241636092864
4692 2.3302593725733365 1.8237313469556637
4693 2.3135879885548114 1.863859555974189
4694 2.2970499756084344 1.903666739320566
4695 2.2803785915899097 1.94379494833909
4696 2.263707207571385 1.9839231573576148
4697 2.247169194625008 2.0237303407039926
4698 2.2304978106064834 2.0638585497225166
4699 2.2138264265879584 2.103986758741042
4700 2.1972884136415813 2.143793942087419
4701 2.147407632658155 2.2638575434708446
4702 2.1307362486396304 2.3039857524893694
4703 2.1140648646211053 2.3441139615078948
4704 2.0975268516747287 2.383921144854272
4705 2.0808554676562037 2.4240493538727965
4706 2.064184083637679 2.4641775628913205
4707 2.0476460706913024 2.503984746237698
4708 2.030974686672777 2.5441129552562236
4709 2.014436673726401 2.5839201386025996
4710 1.9977652897078757 2.624048347621124
4711 1.9810939056893506 2.6641765566396494
4712 1.9645558927429743 2.7039837399860254
4713 1.947884508724449 2.744111949004552
4714 1.9312131247059243 2.784240158023075
4715 1.914675111759548 2.824047341369452
4716 1.8980037277410227 2.8641755503879778
4717 1.8813323437224976 2.904303759406503
4718 1.8481229467575961 2.984239151771404
4719 1.8314515627390713 3.024367360789929
4720 1.8149135497926945 3.0641745441363053
4721 1.7982421657741696 3.1043027531548315
4722 1.781570781755645 3.1444309621733546
4723 1.7650327688092682 3.184238145519732
4724 1.748361384790743 3.2243663545382573
4725 1.7318233718443663 3.2641735378846333
4726 1.7151519878258414 3.3043017469031586
4727 1.6984806038073168 3.344429955921683
4728 1.68194259086094 3.384237139268061
4729 1.665271206842415 3.424365348286586
4730 1.6485998228238905 3.4644935573051088
4731 1.632061809877514 3.5043007406514866
4732 2.6297729077415455 1.782430541387455
4733 2.611147528052024 1.8224485454769752
4734 2.5925221483625025 1.8624665495664976
4735 2.5738967686729817 1.9024845536560182
4736 2.55527138898346 1.9425025577455397
4737 2.5366460092939387 1.9825205618350616
4738 2.5180206296044174 2.0225385659245827
4739 2.4993952499148957 2.062556570014104
4740 2.4807698702253744 2.102574574103626
4741 2.462144490535853 2.1425925781931463
4742 2.443519110846332 2.1826105822826682
4743 2.4248937311568106 2.2226285863721893
4744 2.406268351467289 2.262646590461711
4745 2.3876429717777676 2.3026645945512327
4746 2.369017592088246 2.3426825986407542
4747 2.3503922123987246 2.3827006027302753
4748 2.331766832709204 2.422718606819796
4749 2.313141453019682 2.4627366109093174
4750 2.257265313951118 2.582790623177882
4751 2.238639934261596 2.6228086272674043
4752 2.2200145545720753 2.662826631356924
4753 2.201389174882554 2.702844635446446
4754 2.1827637951930323 2.7428626395359683
4755 2.164138415503511 2.7828806436254885
4756 2.1455130358139893 2.822898647715011
4757 2.126887656124468 2.862916651804533
4758 2.1082622764349472 2.9029346558940525
4759 2.0896368967454255 2.942952659983575
4760 2.0710115170559042 2.982970664073095
4761 2.0523861373663825 3.0229886681626175
4762 2.0337607576768613 3.0630066722521394
4763 2.0151353779873395 3.103024676341662
4764 1.9965099982978187 3.1430426804311815
4765 1.9406338592292545 3.263096692699746
4766 1.9220084795397328 3.3031146967892684
4767 1.9033830998502115 3.3431327008787886
4768 1.8847577201606907 3.38315070496831
4769 1.8661323404711692 3.4231687090578307
4770 1.8475069607816474 3.463186713147353
4771 1.828881581092126 3.503204717236875
4772 1.8102562014026045 3.543222721326395
4773 1.7916308217130839 3.5832407254159166
4774 1.7730054420235624 3.6232587295054373
4775 1.7543800623340406 3.6632767335949596
4776 1.7357546826445192 3.7032947376844816
4777 1.7171293029549977 3.7433127417740018
4778 1.6798785435759556 3.823348749953044
4779 1.6612531638864338 3.8633667540425662
4780 1.6426277841969124 3.903384758132088
4781 1.6240024045073906 3.943402762221609
4782 1.6053770248178691 3.9834207663111307
4783 1.5867516451283477 4.023438770400653
4784 1.568126265438827 4.063456774490173
4785 1.5495008857493056 4.103474778579695
4786 1.5308755060597838 4.143492782669215
4787 1.5122501263702623 4.183510786758737
4788 1.4936247466807409 4.22352879084826
4789 2.6868890008717368 3.5416233216572643
4790 2.665430674567 3.5814717987619997
4791 2.643753385748949 3.62172689298005
4792 2.622295059444211 3.66157537008479
4793 2.6008367331394746 3.701423847189525
4794 2.579159444321424 3.741678941407577
4795 2.557701118016687 3.7815274185123124
4796 2.536023829198636 3.821782512730363
4797 2.5145655028938982 3.8616309898351027
4798 2.4931071765891617 3.9014794669398376
4799 2.4714298877711105 3.9417345611578902
4800 2.449971561466373 3.981583038262628
4801 2.428294272648322 4.021838132480679
4802 2.4068359463435853 4.061686609585415
4803 2.385377620038848 4.101535086690151
4804 2.3637003312207976 4.1417901809082025
4805 2.3422420049160593 4.181638658012941
4812 3.98403086746701 1.9785748868619892
4813 3.9598728778410774 2.0183082082879227
4814 3.93542382809917 2.0585202444298307
4815 3.911265838473238 2.0982535658557615
4816 3.8868167887313314 2.1384656019976687
4817 3.8623677389894224 2.178677638139578
4818 3.838209749363491 2.218410959565509
4819 3.8137606996215836 2.2586229957074164
4820 3.7896027099956506 2.2983563171333503
4821 3.765153660253743 2.3385683532752566
4822 3.740995670627812 2.3783016747011887
4823 3.716546620885904 2.418513710843095
4824 3.6920975711439956 2.4587257469850057
4825 3.6679395815180644 2.498459068410936
4826 3.643490531776157 2.538671104552844
4827 3.619332542150224 2.578404425978776
4828 3.5948834924083166 2.6186164621206838
4829 3.5948834924083166 2.6186164621206838
4830 3.570434442666409 2.658828498262592
4831 3.570434442666409 2.658828498262592
4832 3.5462764530404773 2.6985618196885226
4833 3.5462764530404773 2.6985618196885226
4834 3.5218274032985692 2.738773855830431
4835 3.5218274032985692 2.738773855830431
4836 3.497669413672637 2.7785071772563623
4837 3.4732203639307304 2.8187192133982695
4838 3.4487713141888228 2.8589312495401775
4839 3.42461332456289 2.8986645709661096
4840 3.4001642748209826 2.9388766071080172
4841 3.376006285195051 2.978609928533948
4842 3.351557235453142 3.018821964675859
4843 3.3271081857112352 3.0590340008177646
4844 3.3029501960853036 3.098767322243697
4845 3.278501146343396 3.1389793583856034
4846 3.2543431567174634 3.178712679811537
4847 3.229894106975556 3.218924715953445
4848 3.205736117349624 3.2586580373793756
4849 3.1812870676077156 3.2988700735212846
4850 3.1568380178658084 3.339082109663192
4851 3.1326800282398763 3.3788154310891234
4852 3.1082309784979696 3.4190274672310306
4853 3.1082309784979696 3.4190274672310306
4854 3.0840729888720366 3.4587607886569645
4855 3.0840729888720366 3.4587607886569645
4856 3.059623939130129 3.4989728247988707
4857 3.059623939130129 3.4989728247988707
4858 3.0351748893882218 3.5391848609407783
4859 3.011016899762289 3.578918182366712
4860 2.986567850020381 3.6191302185086185
4861 2.96240986039445 3.6588635399345506
4862 2.9379608106525428 3.6990755760764564
4863 2.9135117609106356 3.739287612218364
4864 2.8893537712847017 3.779020933644299
4865 2.864904721542795 3.819232969786206
4866 2.840746731916862 3.858966291212138
4867 2.816297682174955 3.8991783273540457
4868 2.791848632433047 3.9393903634959537
4869 2.7676906428071155 3.9791236849218845
4870 2.7432415930652083 4.019335721063792
4871 2.7190836034392754 4.059069042489725
4872 2.694634553697368 4.099281078631632
4873 2.670476564071435 4.139014400057565
4886 3.995994774616565 2.6948984823124347
4887 3.968694718544443 2.7347713965845575
4888 3.94139466247232 2.7746443108566807
4889 3.914094606400197 2.814517225128802
4890 3.8863870868046093 2.85498525752439
4891 3.859087030732487 2.8948581717965127
4892 3.8317869746603637 2.9347310860686364
4893 3.8044869185882395 2.974604000340761
4894 3.8044869185882395 2.974604000340761
4895 3.776779398992653 3.0150720327363474
4896 3.776779398992653 3.0150720327363474
4897 3.74947934292053 3.054944947008469
4898 3.722179286848406 3.094817861280595
4899 3.6948792307762837 3.1346907755527162
4900 3.667171711180697 3.1751588079483026
4901 3.6398716551085726 3.2150317222204277
4902 3.6125715990364498 3.254904636492551
4903 3.5852715429643274 3.2947775507646737
4904 3.557564023368739 3.335245583160262
4905 3.5302639672966163 3.3751184974323833
4906 3.502963911224494 3.414991411704506
4907 3.4756638551523715 3.454864325976629
4908 3.4479563355567833 3.495332358372217
4909 3.4206562794846604 3.5352052726443404
4910 3.3933562234125376 3.575078186916462
4911 3.3660561673404152 3.6149511011885846
4912 3.338348647744827 3.655419133584173
4913 3.311048591672704 3.695292047856296
4914 3.311048591672704 3.695292047856296
4915 3.2837485356005818 3.735164962128419
4916 3.2837485356005818 3.735164962128419
4917 3.256448479528459 3.7750378764005403
4918 3.256448479528459 3.7750378764005403
4919 3.2291484234563343 3.8149107906726654
4920 3.2014409038607483 3.8553788230682513
4921 3.1741408477886255 3.8952517373403746
4922 3.146840791716501 3.9351246516124996
4923 3.1195407356443785 3.9749975658846224
4924 3.091833216048792 4.0154655982802065
4925 3.064533159976668 4.055338512552334
4926 3.037233103904545 4.095211426824455
4927 3.009933047832422 4.135084341096578
4928 2.9822255282368344 4.175552373492166
4929 2.9549254721647116 4.215425287764289
4930 2.9276254160925888 4.255298202036412
4931 2.9003253600204664 4.295171116308533
4932 2.872617840424878 4.3356391487041215
4937 3.991752172158633 3.3274086855703677
4938 3.9614694880843526 3.3668864450446474
4939 3.9305687900493735 3.407169873079627
4940 3.899668092014395 3.447453301114606
4941 3.8693854079401144 3.4869310605888857
4942 3.8384847099051354 3.527214488623865
4943 3.807584011870157 3.567497916658842
4944 3.7766833138351754 3.6077813446938243
4945 3.7154999317259163 3.687542532203085
4946 3.6845992336909377 3.727825960238062
4947 2.6279856882754946 3.342689213853505
4948 2.6080613320569093 3.3828802668720908
4949 2.5883214606181246 3.422699180510876
4950 2.5683971043995393 3.46289023352946
4951 2.5486572329607555 3.5027091471682446
4952 2.5287328767421697 3.5429002001868306
4953 2.508993005303386 3.5827191138256134
4954 2.4890686490847997 3.6229101668442
4955 2.469328777646016 3.6627290804829844
4956 2.4494044214274298 3.702920133501571
4957 2.429664549988646 3.7427390471403537
4958 2.40974019377006 3.7829301001589397
4959 2.3900003223312765 3.8227490137977242
4960 2.370075966112691 3.862940066816308
4961 2.3503360946739065 3.9027589804550935
4962 2.330411738455321 3.942950033473679
4963 2.3106718670165374 3.982768947112462
4964 2.2907475107979516 4.022960000131048
4965 2.271007639359168 4.062778913769833
4966 2.2510832831405816 4.102969966788419
4967 3.9055211681167052 2.0591487868122953
4968 3.9055211681167052 2.0591487868122953
4969 3.8817220267266257 2.0992738784023754
4970 3.8817220267266257 2.0992738784023754
4971 3.8581964386858587 2.138937762043142
4972 3.8581964386858587 2.138937762043142
4973 3.834397297295781 2.1790628536332184
4974 3.834397297295781 2.1790628536332184
4975 3.810598155905702 2.219187945223298
4976 3.810598155905702 2.219187945223298
4977 3.7867990145156223 2.2593130368133783
4978 3.7867990145156223 2.2593130368133783
4979 3.7632734264748553 2.2989769204541446
4980 3.7632734264748553 2.2989769204541446
4981 3.7394742850847775 2.339102012044223
4982 3.7394742850847775 2.339102012044223
4983 3.7156751436946984 2.379227103634301
4984 3.7156751436946984 2.379227103634301
4985 3.6918760023046193 2.4193521952243806
4986 3.6918760023046193 2.4193521952243806
4987 3.668350414263852 2.459016078865149
4988 3.668350414263852 2.459016078865149
4989 3.6445512728737732 2.4991411704552267
4990 3.6445512728737732 2.4991411704552267
4991 3.620752131483695 2.5392662620453055
4992 3.620752131483695 2.5392662620453055
4993 3.596952990093616 2.579391353635385
4994 3.596952990093616 2.579391353635385
4995 3.5734274020528485 2.619055237276152
4996 3.5734274020528485 2.619055237276152
4997 3.54962826066277 2.6591803288662312
4998 3.54962826066277 2.6591803288662312
4999 3.5258291192726916 2.6993054204563083
5000 3.5258291192726916 2.6993054204563083
5001 3.5020299778826125 2.739430512046388
5002 3.5020299778826125 2.739430512046388
5003 3.4785043898418455 2.7790943956871543
5004 3.4785043898418455 2.7790943956871543
5005 3.4547052484517664 2.819219487277234
5006 3.4547052484517664 2.819219487277234
5007 3.430906107061688 2.859344578867311
5008 3.430906107061688 2.859344578867311
5009 3.4071069656716095 2.8994696704573903
5010 3.4071069656716095 2.8994696704573903
5011 3.3833078242815304 2.93959476204747
5012 3.3833078242815304 2.93959476204747
5013 3.3833078242815304 2.93959476204747
5014 3.359782236240763 2.979258645688237
5015 3.359782236240763 2.979258645688237
5016 3.359782236240763 2.979258645688237
5017 3.335983094850684 3.0193837372783165
5018 3.335983094850684 3.0193837372783165
5019 3.335983094850684 3.0193837372783165
5020 3.312183953460606 3.059508828868393
5021 3.288384812070527 3.099633920458473
5022 3.2648592240297596 3.1392978040992414
5023 3.2410600826396805 3.1794228956893194
5024 3.2172609412496027 3.2195479872793977
5025 3.1934617998595236 3.2596730788694774
5026 3.169936211818756 3.299336962510244
5027 3.146137070428677 3.339462054100324
5028 3.1223379290385993 3.3795871456904005
5029 3.09853878764852 3.4197122372804802
5030 3.0750131996077528 3.459376120921247
5031 3.051214058217674 3.4995012125113263
5032 3.027414916827595 3.539626304101406
5033 3.003615775437517 3.579751395691483
5034 2.9800901873967494 3.61941527933225
5035 2.9562910460066707 3.659540370922329
5036 2.9562910460066707 3.659540370922329
5037 2.9324919046165916 3.699665462512409
5038 2.9324919046165916 3.699665462512409
5039 2.9086927632265134 3.739790554102486
5040 2.9086927632265134 3.739790554102486
5041 2.8848936218364347 3.779915645692565
5042 2.8613680337956673 3.8195795293333337
5043 2.837568892405588 3.8597046209234116
5044 2.81376975101551 3.8998297125134904
5045 2.7899706096254313 3.9399548041035697
5046 2.766445021584664 3.9796186877443365
5047 2.7426458801945848 4.019743779334416
5048 2.7188467388045057 4.059868870924494
5049 2.6950475974144275 4.0999939625145725
5050 2.67152200937366 4.139657846155339
5051 2.6477228679835814 4.1797829377454185
5052 2.6239237265935023 4.219908029335499
5053 2.6001245852034245 4.260033120925575
5054 2.6001245852034245 4.260033120925575
5055 2.576598997162657 4.299697004566342
5056 2.576598997162657 4.299697004566342
5057 2.552799855772578 4.339822096156421
5058 2.552799855772578 4.339822096156421
5059 2.529000714382499 4.3799471877465015
5060 2.505201572992421 4.420072279336578
5061 2.4816759849516523 4.459736162977348
5062 2.4578768435615745 4.499861254567426
5063 2.4340777021714954 4.539986346157504
5064 2.4102785607814177 4.580111437747583
5065 2.3864794193913386 4.620236529337662
5066 2.362953831350571 4.659900412978429
5067 2.339154689960492 4.700025504568509
5068 2.315355548570413 4.740150596158587
5069 2.291556407180335 4.780275687748665
5070 2.2680308191395677 4.8199395713894315
5071 2.244231677749489 4.860064662979511
5080 3.9846589564616717 2.735508418067328
5081 3.957838015285606 2.775277526643395
5082 3.9306283648171325 2.8156229991118673
5083 3.9038074236410667 2.8553921076879343
5084 3.876986482465 2.8951612162640004
5085 3.849776831996527 2.935506688732474
5086 3.8229558908204613 2.975275797308539
5087 3.7957462403519875 3.0156212697770135
5088 3.7689252991759217 3.0553903783530787
5089 3.741715648707448 3.095735850821553
5090 3.714894707531382 3.1355049593976183
5091 3.6880737663553163 3.1752740679736835
5092 3.6880737663553163 3.1752740679736835
5093 3.6608641158868425 3.215619540442158
5094 3.6608641158868425 3.215619540442158
5095 3.6340431747107766 3.255388649018223
5096 3.6340431747107766 3.255388649018223
5097 3.6068335242423037 3.2957341214866966
5098 3.6068335242423037 3.2957341214866966
5099 3.5800125830662375 3.3355032300627623
5100 3.5800125830662375 3.3355032300627623
5101 3.552802932597764 3.3758487025312363
5102 3.5259819914216983 3.4156178111073014
5103 3.4991610502456325 3.4553869196833666
5104 3.4719513997771587 3.495732392151841
5105 3.445130458601093 3.5355015007279063
5106 3.4179208081326196 3.5758469731963802
5107 3.3910998669565533 3.6156160817724476
5108 3.36389021648808 3.65596155424092
5109 3.337069275312014 3.695730662816987
5110 3.3102483341359483 3.735499771393052
5111 3.2830386836674745 3.7758452438615264
5112 3.2562177424914087 3.8156143524375916
5113 3.2290080920229354 3.8559598249060656
5114 3.202187150846869 3.8957289334821312
5115 3.202187150846869 3.8957289334821312
5116 3.1749775003783958 3.936074405950605
5117 3.1749775003783958 3.936074405950605
5118 3.14815655920233 3.9758435145266704
5119 3.1209469087338566 4.016188986995145
5120 3.094125967557791 4.05595809557121
5121 3.0673050263817245 4.095727204147275
5122 3.0400953759132516 4.136072676615749
5123 3.0132744347371854 4.175841785191814
5124 2.986064784268712 4.216187257660288
5125 2.959243843092646 4.2559563662363535
5126 2.9320341926241724 4.296301838704828
5127 2.9052132514481066 4.336070947280893
5128 2.878392310272041 4.375840055856958
5129 2.8511826598035674 4.416185528325432
5130 2.824361718627501 4.455954636901498
5131 2.797152068159028 4.496300109369972
5132 2.770331126982962 4.536069217946038
5133 2.7431214765144882 4.576414690414511
5160 3.9776854661029297 3.448438513626071
5161 3.9776854661029297 3.448438513626071
5162 3.9470360172964662 3.488470692432533
5163 3.9470360172964662 3.488470692432533
5164 3.9163865684900006 3.528502871238999
5165 3.9163865684900006 3.528502871238999
5166 3.885737119683537 3.568535050045463
5167 3.885737119683537 3.568535050045463
5168 3.8550876708770727 3.608567228851928
5169 3.8550876708770727 3.608567228851928
5170 3.8244382220706092 3.64859940765839
5171 3.8244382220706092 3.64859940765839
5172 3.7937887732641435 3.6886315864648562
5173 3.7937887732641435 3.6886315864648562
5174 3.7937887732641435 3.6886315864648562
5175 3.7937887732641435 3.6886315864648562
5176 3.76313932445768 3.72866376527132
5177 3.76313932445768 3.72866376527132
5178 3.76313932445768 3.72866376527132
5179 3.76313932445768 3.72866376527132
5180 3.7324898756512166 3.768695944077784
5181 3.7324898756512166 3.768695944077784
5182 3.7324898756512166 3.768695944077784
5183 3.7324898756512166 3.768695944077784
5184 3.7018404268447522 3.808728122884247
5185 3.7018404268447522 3.808728122884247
5186 3.6711909780382888 3.848760301690711
5187 3.6711909780382888 3.848760301690711
5188 3.6405415292318226 3.8887924804971776
5189 0.7196480138687608 0.3890838568602394
5190 0.7165204970013932 0.42899167532760685
5191 0.7133770234153146 0.46910310511368547
5192 0.7102495065479469 0.509010923581053
5193 0.7071060329618682 0.5491223533671318
5194 0.7039785160945008 0.5890301718344993
5195 0.7008509992271332 0.6289379903018668
5196 0.6977075256410545 0.6690494200879455
5197 0.694580008773687 0.708957238555313
5198 0.6914365351876084 0.7490686683413916
5199 0.6883090183202408 0.7889764868087593
5200 0.6851655447341622 0.8290879165948377
5201 0.6820380278667947 0.8689957350622054
5202 0.6788945542807161 0.909107164848284
5203 0.6757670374133484 0.9490149833156516
5204 0.6726235638272697 0.9891264131017303
5205 0.6694960469599023 1.029034231569098
5206 0.6663525733738236 1.0691456613551764
5207 0.6632250565064561 1.1090534798225438
5208 0.6600975396390885 1.1489612982899116
5209 0.65695406605301 1.18907272807599
5210 0.6538265491856423 1.2289805465433579
5211 0.6506830755995638 1.2690919763294362
5212 0.6475555587321962 1.308999794796804
5213 0.6444120851461175 1.3491112245828825
5214 0.6412845682787499 1.3890190430502498
5215 0.6381410946926713 1.4291304728363283
5216 0.6350135778253038 1.4690382913036961
5217 0.6350135778253038 1.4690382913036961
5218 0.6318701042392251 1.5091497210897749
5219 0.6318701042392251 1.5091497210897749
5220 0.6287425873718576 1.5490575395571424
5221 0.6287425873718576 1.5490575395571424
5222 0.6255991137857789 1.5891689693432212
5223 0.6224715969184114 1.629076787810589
5224 0.6193281233323328 1.6691882175966675
5225 0.6162006064649652 1.7090960360640348
5226 0.6130730895975977 1.7490038545314022
5227 0.6099296160115191 1.7891152843174811
5228 0.6068020991441514 1.8290231027848487
5229 0.6036586255580728 1.8691345325709272
5230 0.6005311086907053 1.909042351038295
5231 0.5973876351046267 1.9491537808243735
5232 0.5942601182372591 1.9890615992917409
5233 0.5911166446511805 2.02917302907782
5234 0.5879891277838128 2.0690808475451874
5235 0.5848456541977343 2.109192277331266
5236 0.5817181373303667 2.1491000957986333
5237 0.5785746637442881 2.189211525584712
5238 0.5754471468769206 2.2291193440520796
5239 0.572319630009553 2.269027162519447
5240 0.5691761564234743 2.309138592305526
5241 0.5660486395561068 2.3490464107728934
5242 0.5629051659700282 2.389157840558972
5243 0.5597776491026606 2.4290656590263393
5244 0.556634175516582 2.469177088812418
5245 0.556634175516582 2.469177088812418
5246 0.5535066586492143 2.509084907279786
5247 0.5535066586492143 2.509084907279786
5248 0.5503631850631359 2.5491963370658643
5249 0.5472356681957682 2.589104155533232
5250 0.5440921946096897 2.62921558531931
5251 0.540964677742322 2.6691234037866782
5252 0.5378212041562435 2.7092348335727565
5253 0.5346936872888759 2.749142652040124
5254 0.5315661704215083 2.7890504705074917
5255 0.5284226968354296 2.8291619002935704
5256 0.5252951799680622 2.869069718760938
5257 0.5221517063819835 2.9091811485470163
5258 0.5190241895146159 2.9490889670143843
5259 0.5158807159285373 2.9892003968004626
5260 0.5127531990611698 3.02910821526783
5261 0.5096097254750912 3.069219645053909
5262 0.5064822086077235 3.1091274635212764
5263 0.503338735021645 3.1492388933073556
5264 0.5002112181542774 3.1891467117747223
5265 0.49706774456819874 3.2292581415608015
5266 0.4939402277008312 3.2691659600281686
5267 0.4907967541147525 3.309277389814248
5268 0.4907967541147525 3.309277389814248
5269 0.487669237247385 3.3491852082816154
5270 0.487669237247385 3.3491852082816154
5271 0.48454172038001747 3.3890930267489825
5272 0.48139824679393883 3.4292044565350617
5273 0.47827072992657116 3.469112275002429
5274 0.4751272563404927 3.509223704788507
5275 0.471999739473125 3.549131523255875
5276 0.46885626588704643 3.5892429530419534
5277 0.46572874901967887 3.6291507715093214
5278 0.4625852754336003 3.6692622012953997
5279 0.45945775856623267 3.7091700197627677
5280 0.45631428498015403 3.749281449548846
5281 0.4531867681127865 3.789189268016214
5282 0.4500432945267079 3.8293006978022923
5283 0.4469157776593404 3.8692085162696603
5284 0.4437882607919727 3.9091163347370275
5285 0.4406447872058941 3.9492277645231066
5286 0.43751727033852655 3.9891355829904738
5287 0.4343737967524479 4.029247012776552
5288 0.4312462798850804 4.06915483124392
5289 1.5321032687551293 0.02793791497387077
5290 1.525679882290504 0.06795147483849595
5291 1.519256495825879 0.10796503470312113
5292 1.512833109361254 0.1479785945677461
5293 1.5064456077372133 0.18776861499178676
5294 1.5000222212725882 0.22778217485641195
5295 1.493598834807963 0.2677957347210371
5296 1.487175448343338 0.3078092945856621
5297 1.4807520618787127 0.34782285445028727
5298 1.4743286754140876 0.38783641431491245
5299 1.4679052889494626 0.4278499741795374
5300 1.4614819024848373 0.4678635340441628
5301 1.4550585160202123 0.5078770939087878
5302 1.4486351295555875 0.5478906537734125
5303 1.4422117430909622 0.5879042136380381
5304 1.4357883566263372 0.6279177735026626
5305 1.4293649701617122 0.667931333367288
5306 1.4229415836970871 0.707944893231913
5307 1.4165181972324619 0.7479584530965382
5308 1.4165181972324619 0.7479584530965382
5309 1.4100948107678368 0.7879720129611636
5310 1.4100948107678368 0.7879720129611636
5311 1.4036714243032116 0.8279855728257883
5312 1.3972480378385865 0.8679991326904137
5313 1.3908246513739617 0.9080126925550385
5314 1.3844012649093365 0.9480262524196637
5315 1.3779778784447114 0.9880398122842886
5316 1.3715544919800864 1.0280533721489136
5317 1.3651311055154611 1.0680669320135392
5318 1.358707719050836 1.1080804918781642
5319 1.3523202174267956 1.1478705123022042
5320 1.3458968309621704 1.1878840721668298
5321 1.3394734444975454 1.2278976320314547
5322 1.3330500580329203 1.2679111918960797
5323 1.326626671568295 1.3079247517607049
5324 1.32020328510367 1.3479383116253298
5325 1.313779898639045 1.3879518714899552
5326 1.3073565121744197 1.4279654313545804
5327 1.300933125709795 1.4679789912192052
5328 1.2945097392451694 1.5079925510838306
5329 1.2880863527805446 1.5480061109484553
5330 1.2816629663159196 1.5880196708130807
5331 1.2752395798512943 1.628033230677706
5332 1.2688161933866693 1.6680467905423308
5333 1.2623928069220443 1.7080603504069558
5334 1.2559694204574192 1.7480739102715808
5335 1.249546033992794 1.788087470136206
5336 1.249546033992794 1.788087470136206
5337 1.2431226475281691 1.8281010300008311
5338 1.2431226475281691 1.8281010300008311
5339 1.2366992610635439 1.8681145898654563
5340 1.2302758745989189 1.9081281497300813
5341 1.2238524881342938 1.9481417095947062
5342 1.2174291016696686 1.9881552694593319
5343 1.2110057152050437 2.028168829323956
5344 1.2045823287404187 2.068182389188581
5345 1.198194827116378 2.107972409612622
5346 1.1917714406517528 2.147985969477247
5347 1.1853480541871277 2.187999529341872
5348 1.1789246677225027 2.228013089206497
5349 1.1725012812578777 2.268026649071123
5350 1.1660778947932524 2.308040208935748
5351 1.1596545083286274 2.3480537688003724
5352 1.1532311218640021 2.388067328664998
5353 1.1468077353993773 2.428080888529623
5354 1.140384348934752 2.4680944483942477
5355 1.133960962470127 2.5081080082588727
5356 1.1275375760055018 2.5481215681234985
5357 1.121114189540877 2.5881351279881235
5358 1.1146908030762517 2.6281486878527485
5359 1.1082674166116266 2.6681622477173734
5360 1.1018440301470016 2.7081758075819984
5361 1.0954206436823766 2.7481893674466233
5362 1.0954206436823766 2.7481893674466233
5363 1.0889972572177515 2.7882029273112487
5364 1.0889972572177515 2.7882029273112487
5365 1.0825738707531263 2.828216487175874
5366 1.0761504842885012 2.868230047040499
5367 1.0697270978238762 2.908243606905124
5368 1.0633037113592512 2.948257166769749
5369 1.056880324894626 2.9882707266343744
5370 1.050456938430001 3.028284286498999
5371 1.0440335519653758 3.0682978463636243
5372 1.0376460503413354 3.108087866787665
5373 1.0312226638767101 3.1481014266522904
5374 1.024799277412085 3.188114986516915
5375 1.0183758909474598 3.228128546381541
5376 1.0119525044828348 3.268142106246165
5377 1.0055291180182098 3.3081556661107907
5378 0.9991057315535846 3.348169225975416
5379 0.9926823450889595 3.3881827858400406
5380 0.9862589586243345 3.428196345704665
5381 0.9798355721597094 3.4682099055692905
5382 0.9734121856950843 3.508223465433916
5383 0.9669887992304591 3.5482370252985413
5384 0.9669887992304591 3.5482370252985413
5385 0.9605654127658341 3.5882505851631663
5386 0.9605654127658341 3.5882505851631663
5387 0.954142026301209 3.6282641450277913
5388 0.947718639836584 3.6682777048924162
5389 0.941295253371959 3.708291264757041
5390 0.9348718669073338 3.748304824621666
5391 0.9284484804427088 3.7883183844862915
5392 0.9220250939780836 3.828331944350916
5393 0.9156017075134586 3.8683455042155415
5394 0.9091783210488334 3.908359064080167
5395 0.9027549345842083 3.9483726239447927
5396 0.8963315481195833 3.9883861838094177
5397 0.8899081616549582 4.028399743674042
5398 0.8835206600309176 4.068189764098083
5399 0.8770972735662925 4.108203323962709
5400 0.8706738871016675 4.148216883827332
5401 0.8642505006370423 4.188230443691958
5402 0.8578271141724172 4.228244003556583
5403 0.8514037277077922 4.2682575634212085
5404 0.844980341243167 4.308271123285834
5405 2.1897458009053357 0.026711173623664042
5406 2.1805280531912405 0.06689193033775975
5407 2.1713661706148066 0.10682916731419345
5408 2.162204288038373 0.1467664042906267
5409 2.1530424054619393 0.18670364126706085
5410 2.143824657747844 0.22688439798115567
5411 2.1346627751714102 0.2668216349575898
5412 2.1255008925949768 0.3067588719340235
5413 2.116283144880881 0.3469396286481188
5414 2.1071212623044477 0.3868768656245525
5415 2.097959379728014 0.4268141026009862
5416 2.0887974971515804 0.4667513395774199
5417 2.0795797494374852 0.5069320962915151
5418 2.0704178668610513 0.5468693332679484
5419 2.0612559842846174 0.5868065702443825
5420 2.0520382365705228 0.6269873269584774
5421 2.0428763539940893 0.6669245639349106
5422 2.0337144714176554 0.7068618009113448
5423 2.0245525888412215 0.7467990378877789
5424 2.0153348411271264 0.7869797946018737
5425 2.006172958550693 0.8269170315783074
5426 1.9970110759742588 0.8668542685547409
5427 1.9877933282601639 0.907035025268836
5428 1.9786314456837302 0.9469722622452699
5429 1.9694695631072965 0.9869094992217038
5430 1.9603076805308624 1.0268467361981377
5431 1.9510899328167675 1.0670274929122328
5432 1.9419280502403338 1.1069647298886662
5433 1.9419280502403338 1.1069647298886662
5434 1.9327661676639 1.1469019668650997
5435 1.9327661676639 1.1469019668650997
5436 1.923548419949805 1.187082723579195
5437 1.914386537373371 1.2270199605556291
5438 1.9052246547969371 1.2669571975320633
5439 1.8960627722205035 1.3068944345084967
5440 1.8868450245064088 1.3470751912225911
5441 1.877683141929975 1.387012428199025
5442 1.8685212593535412 1.4269496651754587
5443 1.859303511639446 1.467130421889554
5444 1.8501416290630124 1.507067658865988
5445 1.8409797464865785 1.5470048958424216
5446 1.8318178639101448 1.5869421328188555
5447 1.8226001161960497 1.6271228895329504
5448 1.813438233619616 1.6670601265093838
5449 1.804276351043182 1.706997363485818
5450 1.7950586033290874 1.7471781201999128
5451 1.7858967207526537 1.7871153571763467
5452 1.77673483817622 1.8270525941527802
5453 1.767572955599786 1.866989831129214
5454 1.758355207885691 1.9071705878433092
5455 1.7491933253092573 1.9471078248197426
5456 1.7400314427328234 1.9870450617961763
5457 1.7308136950187283 2.027225818510272
5458 1.7216518124422946 2.0671630554867058
5459 1.712489929865861 2.1071002924631395
5460 1.703328047289427 2.147037529439573
5461 1.703328047289427 2.147037529439573
5462 1.694110299575332 2.1872182861536675
5463 1.6849484169988984 2.2271555231301017
5464 1.6757865344224647 2.267092760106535
5465 1.6666246518460308 2.307029997082969
5466 1.6574069041319357 2.3472107537970643
5467 1.648245021555502 2.387147990773498
5468 1.639083138979068 2.427085227749932
5469 1.6298653912649732 2.467265984464027
5470 1.6207035086885395 2.5072032214404607
5471 1.6115416261121058 2.5471404584168944
5472 1.602379743535672 2.5870776953933285
5473 1.5931619958215768 2.627258452107424
5474 1.5840001132451431 2.6671956890838575
5475 1.5748382306687092 2.7071329260602908
5476 1.5656204829546143 2.7473136827743865
5477 1.5564586003781806 2.7872509197508193
5478 1.547296717801747 2.827188156727253
5479 1.538134835225313 2.867125393703687
5480 1.5289170875112181 2.907306150417782
5481 1.5197552049347844 2.9472433873942157
5482 1.5105933223583508 2.987180624370649
5483 1.5013755746442556 3.0273613810847446
5484 1.5013755746442556 3.0273613810847446
5485 1.4922136920678217 3.067298618061178
5486 1.4830518094913878 3.107235855037613
5487 1.473889926914954 3.147173092014046
5488 1.4646721792008592 3.1873538487281414
5489 1.4555102966244255 3.2272910857045742
5490 1.4463484140479919 3.2672283226810084
5491 1.4371306663338967 3.307409079395103
5492 1.4279687837574628 3.3473463163715373
5493 1.4188069011810291 3.387283553347971
5494 1.4096450186045952 3.4272207903244043
5495 1.4004272708905006 3.4674015470384996
5496 1.3912653883140664 3.5073387840149333
5497 1.3821035057376327 3.547276020991368
5498 1.3728857580235378 3.587456777705462
5499 1.363723875447104 3.627394014681897
5500 1.3545619928706703 3.6673312516583296
5501 1.3454001102942366 3.707268488634763
5502 1.3361823625801417 3.747449245348858
5503 1.3270204800037078 3.7873864823252914
5504 1.317858597427274 3.8273237193017264
5505 1.317858597427274 3.8273237193017264
5506 1.308640849713179 3.867504476015822
5507 1.299478967136745 3.9074417129922554
5508 1.2903170845603114 3.947378949968688
5509 1.2811552019838777 3.9873161869451232
5510 1.2719374542697826 4.027496943659218
5511 1.2627755716933486 4.067434180635653
5512 1.253613689116915 4.107371417612085
5513 1.2443959414028203 4.14755217432618
5514 1.2352340588263866 4.1874894113026135
5515 1.2260721762499527 4.227426648279047
5516 1.216910293673519 4.267363885255482
5517 1.2076925459594239 4.307544641969575
5518 1.19853066338299 4.34748187894601
5519 1.1893687808065563 4.387419115922444
5520 1.1802068982301226 4.427356352898877
5521 1.1709891505160275 4.467537109612972
5522 1.1618272679395936 4.507474346589407
5523 3.0064348554361087 0.06516413129289145
5524 2.9937633921308646 0.10523316619813539
5525 2.9810919288256192 0.1453022011033811
5526 2.9684204655203748 0.18537123600862548
5527 2.9557490022151303 0.22544027091386987
5528 2.9431643297544428 0.26523486037455735
5529 2.9304928664491974 0.30530389527980306
5530 2.917821403143953 0.34537293018504744
5531 2.905149939838709 0.3854419650902914
5532 2.892565267378021 0.4252365545509793
5533 2.879893804072776 0.46530558945622413
5534 2.8672223407675315 0.505374624361469
5535 2.854550877462287 0.5454436592667133
5536 2.841879414157042 0.5855126941719582
5537 2.829294741696354 0.6253072836326456
5538 2.8166232783911096 0.6653763185378905
5539 2.803951815085865 0.7054453534431349
5540 2.79128035178062 0.7455143883483797
5541 2.7786088884753757 0.7855834232536241
5542 2.7660242160146877 0.8253780127143124
5543 2.7533527527094432 0.8654470476195568
5544 2.7406812894041983 0.9055160825248016
5545 2.728009826098954 0.945585117430046
5546 2.715425153638266 0.985379706890734
5547 2.7027536903330214 1.0254487417959788
5548 2.6900822270277764 1.0655177767012236
5549 2.677410763722532 1.105586811606468
5550 2.6647393004172875 1.1456558465117124
5551 2.6521546279565995 1.1854504359724007
5552 2.6521546279565995 1.1854504359724007
5553 2.6394831646513546 1.2255194708776456
5554 2.62681170134611 1.26558850578289
5555 2.6141402380408656 1.3056575406881343
5556 2.601555565580178 1.3454521301488223
5557 2.588884102274933 1.385521165054067
5558 2.576212638969688 1.4255901999593124
5559 2.5635411756644437 1.4656592348645567
5560 2.5508697123591992 1.5057282697698011
5561 2.5382850398985113 1.5455228592304895
5562 2.5256135765932664 1.5855918941357343
5563 2.512942113288022 1.6256609290409787
5564 2.500270649982778 1.6657299639462226
5565 2.4876859775220894 1.7055245534069114
5566 2.4750145142168445 1.7455935883121563
5567 2.4623430509116004 1.7856626232174002
5568 2.449671587606356 1.8257316581226446
5569 2.437000124301111 1.8658006930278894
5570 2.424415451840423 1.9055952824885778
5571 2.4117439885351786 1.9456643173938222
5572 2.399072525229934 1.9857333522990666
5573 2.386401061924689 2.0258023872043114
5574 2.373816389464001 2.065596976664999
5575 2.3611449261587567 2.1056660115702432
5576 2.348473462853512 2.1457350464754876
5577 2.3358019995482677 2.185804081380732
5578 2.3358019995482677 2.185804081380732
5579 2.323130536243023 2.2258731162859777
5580 2.310545863782335 2.265667705746665
5581 2.297874400477091 2.305736740651909
5582 2.285202937171846 2.345805775557154
5583 2.272531473866601 2.3858748104623997
5584 2.259946801405913 2.425669399923087
5585 2.247275338100668 2.465738434828333
5586 2.234603874795424 2.505807469733576
5587 2.221932411490179 2.5458765046388216
5588 2.209260948184935 2.5859455395440647
5589 2.196676275724247 2.625740129004752
5590 2.184004812419002 2.665809163909998
5591 2.171333349113757 2.7058781988152436
5592 2.158661885808513 2.7459472337204875
5593 2.146077213347825 2.785741823181174
5594 2.1334057500425807 2.8258108580864185
5595 2.1207342867373353 2.8658798929916656
5596 2.1080628234320913 2.9059489278969077
5597 2.0953913601268463 2.9460179628021543
5598 2.082806687666159 2.9858125522628405
5599 2.0701352243609135 3.0258815871680875
5600 2.0574637610556694 3.0659506220733297
5601 2.044792297750425 3.106019656978576
5602 2.032207625289737 3.1458142464392624
5603 2.019536161984492 3.185883281344509
5604 2.0068646986792475 3.2259523162497517
5605 1.9941932353740028 3.266021351154998
5606 1.9815217720687586 3.3060903860602404
5607 1.96893709960807 3.3458849755209314
5608 1.9562656363028257 3.3859540104261736
5609 1.943594172997581 3.42602304533142
5610 1.9309227096923367 3.4660920802366624
5611 1.918251246387092 3.506161115141909
5612 1.9056665739264038 3.5459557046025956
5613 1.892995110621159 3.5860247395078417
5614 1.8803236473159148 3.6260937744130843
5615 1.8676521840106701 3.6661628093183305
5616 1.8550675115499824 3.705957398779017
5617 1.8423960482447372 3.746026433684264
5618 1.829724584939493 3.7860954685895063
5619 1.8170531216342483 3.826164503494753
5620 1.8043816583290038 3.866233538399997
5621 1.8043816583290038 3.866233538399997
5622 1.7917969858683154 3.9060281278606857
5623 1.779125522563071 3.9460971627659283
5624 1.7664540592578264 3.9861661976711744
5625 1.753782595952582 4.026235232576419
5626 1.7411979234918937 4.066029822037107
5627 1.7285264601866497 4.106098856942349
5628 1.715854996881405 4.146167891847596
5629 1.7031835335761607 4.186236926752839
5630 1.690512070270916 4.226305961658085
5631 1.6779273978102278 4.266100551118772
5632 1.665255934504983 4.306169586024017
5633 1.6525844711997388 4.3462386209292605
5634 1.6399130078944941 4.386307655834505
5635 1.627328335433806 4.426102245295194
5636 1.6146568721285612 4.466171280200438
5637 1.601985408823317 4.506240315105682
5638 1.5893139455180723 4.546309350010927
5639 0.8791680231580455 2.3091521247709546
5640 0.8748878158674871 2.3492743606615134
5641 0.8706300180391829 2.389186532489817
5642 0.8663722202108788 2.429098704318121
5643 0.8620920129203203 2.4692209402086798
5644 0.8578342150920162 2.509133112036984
5645 0.8535540078014578 2.5492553479275424
5646 0.8492962099731537 2.589167519755846
5647 0.8450160026825954 2.629289755646405
5648 0.8407582048542911 2.669201927474709
5649 0.8365004070259869 2.7091140993030134
5650 0.8322201997354286 2.7492363351935714
5651 0.8279624019071243 2.7891485070218756
5652 0.823682194616566 2.829270742912434
5653 0.8194243967882617 2.8691829147407386
5654 0.8151665989599576 2.9090950865690424
5655 0.8108863916693994 2.9492173224596003
5656 0.806628593841095 2.9891294942879054
5657 0.8023483865505368 3.0292517301784634
5658 0.7980905887222326 3.0691639020067676
5659 0.7938103814316742 3.1092861378973256
5660 0.7895525836033701 3.1491983097256298
5661 0.785294785775066 3.1891104815539344
5662 0.7810145784845075 3.229232717444493
5663 0.7767567806562033 3.2691448892727966
5664 0.772476573365645 3.3092671251633545
5665 0.7682187755373407 3.3491792969916596
5666 0.7639385682467825 3.389301532882218
5667 0.7596807704184784 3.4292137047105222
5668 0.7596807704184784 3.4292137047105222
5669 0.7554229725901742 3.4691258765388264
5670 0.7554229725901742 3.4691258765388264
5671 0.7511427652996158 3.509248112429384
5672 0.7511427652996158 3.509248112429384
5673 0.7468849674713116 3.549160284257688
5674 0.7468849674713116 3.549160284257688
5675 0.7426047601807533 3.589282520148247
5676 0.7426047601807533 3.589282520148247
5677 0.7383469623524491 3.6291946919765516
5678 0.7383469623524491 3.6291946919765516
5679 0.7340891645241449 3.669106863804855
5680 0.7298089572335865 3.709229099695414
5681 0.7255511594052824 3.749141271523718
5682 0.7212709521147239 3.7892635074142764
5683 0.7170131542864198 3.8291756792425797
5684 0.7127329469958614 3.8692979151331386
5685 0.7084751491675572 3.9092100869614432
5686 0.704217351339253 3.9491222587897474
5687 0.6999371440486948 3.989244494680305
5688 0.6956793462203905 4.02915666650861
5689 0.6913991389298322 4.069278902399168
5690 0.687141341101528 4.109191074227473
5691 0.6828611338109697 4.149313310118031
5692 0.6786033359826655 4.189225481946335
5693 0.6743455381543614 4.229137653774639
5694 0.6700653308638029 4.2692598896651965
5695 0.6658075330354988 4.309172061493501
5696 0.6615273257449404 4.349294297384058
5697 0.6572695279166362 4.389206469212365
5698 0.653011730088332 4.429118641040668
5699 0.6487315227977737 4.469240876931226
5700 0.6444737249694695 4.50915304875953
5701 1.9636145203183266 1.2656143304106735
5702 1.955108577478992 1.305833900650008
5703 1.9466529656623757 1.3458154852666246
5704 1.938197353845759 1.3857970698832411
5705 1.9297417420291425 1.4257786544998576
5706 1.921286130212526 1.4657602391164746
5707 1.9128305183959093 1.5057418237330906
5708 1.9043749065792928 1.5457234083497071
5709 1.8959192947626762 1.585704992966324
5710 1.8874133519233416 1.6259245632056585
5711 1.878957740106725 1.665906147822275
5712 1.8705021282901086 1.7058877324388917
5713 1.862046516473492 1.7458693170555082
5714 1.8535909046568755 1.7858509016721247
5715 1.845135292840259 1.8258324862887412
5716 1.8366796810236423 1.8658140709053577
5717 1.8282240692070257 1.9057956555219742
5718 1.819718126367691 1.9460152257613093
5719 1.8112625145510743 1.9859968103779257
5720 1.8028069027344578 2.0259783949945422
5721 1.7943512909178416 2.0659599796111587
5722 1.785895679101225 2.1059415642277752
5723 1.7774400672846085 2.1459231488443917
5724 1.7689844554679919 2.185904733461008
5725 1.7605288436513753 2.2258863180776247
5726 1.7520229008120407 2.2661058883169587
5727 1.743567288995424 2.3060874729335765
5728 1.7351116771788073 2.346069057550193
5729 1.7266560653621907 2.3860506421668095
5730 1.7182004535455742 2.426032226783427
5731 1.7097448417289576 2.4660138114000425
5732 1.701289229912341 2.505995396016659
5733 1.6928336180957249 2.5459769806332746
5734 1.6843276752563903 2.58619655087261
5735 1.6758720634397737 2.6261781354892264
5736 2.2169305576577982 0.06783269127120173
5737 2.2084749458411816 0.10781427588781822
5738 2.200019334024565 0.14779586050443516
5739 2.1915637222079485 0.1877774451210512
5740 2.183108110391332 0.22775902973766815
5741 2.1746524985747153 0.2677406143542851
5742 2.1661968867580987 0.30772219897090114
5743 2.157741274941482 0.3477037835875181
5744 2.1492353321021476 0.3879233538268525
5745 2.140779720285531 0.42790493844346944
5746 2.1323241084689144 0.46788652306008593
5747 2.123868496652298 0.5078681076767024
5748 2.1154128848356812 0.5478496922933189
5749 2.1069572730190647 0.5878312769099354
5750 2.0985016612024485 0.6278128615265515
5751 2.090046049385832 0.667794446143168
5752 2.081590437569215 0.7077760307597853
5753 2.0731348257525983 0.7477576153764018
5754 2.0646792139359817 0.7877391999930183
5755 2.056173271096647 0.8279587702323532
5756 2.047717659280031 0.8679403548489693
5757 2.0392620474634144 0.9079219394655853
5758 2.030806435646798 0.9479035240822022
5759 2.0223508238301813 0.9878851086988187
5760 2.0138952120135647 1.0278666933154352
5761 2.0054396001969477 1.0678482779320526
5762 1.9969839883803313 1.1078298625486689
5763 1.9885283765637147 1.1478114471652854
5764 1.9800727647470981 1.1877930317819023
5765 1.9716171529304816 1.2277746163985184
5766 1.963161541113865 1.2677562010151349
5767 1.9546555982745304 1.3079757712544697
5768 1.946199986457914 1.347957355871086
5769 1.9377443746412977 1.3879389404877023
5770 1.9292887628246809 1.4279205251043194
5771 1.709342193547214 2.467917696381786
5772 1.7008865817305974 2.5078992809984024
5773 1.6924309699139812 2.547880865615019
5774 1.6839753580973646 2.5878624502316354
5775 1.6755197462807478 2.627844034848253
5776 1.6670138034414133 2.6680636050875868
5777 1.6585581916247967 2.7080451897042033
5778 1.65010257980818 2.7480267743208207
5779 1.6416469679915635 2.7880083589374363
5780 1.633191356174947 2.8279899435540536
5781 1.6247357443583306 2.867971528170669
5782 1.616280132541714 2.907953112787286
5783 1.6078245207250974 2.947934697403902
5784 1.5993689089084808 2.987916282020519
5785 1.5909132970918642 3.0278978666371357
5786 1.5824576852752477 3.067879451253752
5787 1.573951742435913 3.1080990214930875
5788 1.5654961306192965 3.148080606109704
5789 1.55704051880268 3.1880621907263205
5790 1.5485849069860635 3.2280437753429356
5791 1.5401292951694467 3.2680253599595535
5792 1.5316736833528302 3.308006944576171
5793 1.5232180715362136 3.3479885291927864
5794 1.514762459719597 3.387970113809404
5795 1.5063068479029804 3.4279516984260194
5796 1.497851236086364 3.4679332830426364
5797 1.4893956242697473 3.507914867659254
5798 1.4809400124531307 3.54789645227587
5799 1.4724340696137965 3.5881160225152042
5800 1.4639784577971797 3.6280976071318216
5801 2.102216975133278 3.6248822561957232
5802 2.090030447128965 3.6650293196000345
5803 2.077925707903204 3.704906939625796
5804 2.065739179898891 3.745054003030109
5805 2.0536344406731306 3.7849316230558685
5806 2.0414479126688176 3.8250786864601816
5807 2.029343173443057 3.8649563064859427
5808 2.017156645438744 3.9051033698902557
5809 2.0050519062129832 3.9449809899160173
5810 1.9928653782086703 3.9851280533203304
5811 1.9807606389829095 4.02500567334609
5812 1.9685741109785966 4.065152736750403
5813 1.9564693717528359 4.105030356776164
5814 1.944282843748523 4.145177420180477
5815 1.9321781045227622 4.1850550402062385
5816 1.9199915765184492 4.225202103610552
5817 1.907886837292689 4.265079723636311
5818 1.8957003092883755 4.305226787040624
5819 1.883595570062615 4.345104407066385
5820 1.8714090420583016 4.385251470470699
5821 1.8593043028325413 4.425129090496458
5822 1.8471177748282284 4.4652761539007715
5823 1.8350130356024676 4.505153773926533
5824 1.8228265075981547 4.545300837330846
5825 1.810721768372394 4.585178457356607
5826 1.798535240368081 4.625325520760918
5827 3.182401373475308 0.06634355565369221
5828 3.182401373475308 0.06634355565369221
5829 3.170296634249547 0.10622117567945288
5830 3.170296634249547 0.10622117567945288
5831 3.1581101062452346 0.1463682390837655
5832 3.1581101062452346 0.1463682390837655
5833 3.1460053670194736 0.18624585910952662
5834 3.1460053670194736 0.18624585910952662
5835 3.1338188390151607 0.22639292251383925
5836 3.1338188390151607 0.22639292251383925
5837 3.1217140997894 0.2662705425395999
5838 3.1217140997894 0.2662705425395999
5839 3.109527571785087 0.306417605943913
5840 3.109527571785087 0.306417605943913
5841 3.0974228325593263 0.3462952259696741
5842 3.0974228325593263 0.3462952259696741
5843 3.085236304555013 0.38644228937398717
5844 3.085236304555013 0.38644228937398717
5845 3.073131565329253 0.4263199093997474
5846 3.073131565329253 0.4263199093997474
5847 3.0609450373249394 0.4664669728040609
5848 3.0609450373249394 0.4664669728040609
5849 3.0488402980991793 0.5063445928298207
5850 3.0488402980991793 0.5063445928298207
5851 3.0366537700948664 0.5464916562341338
5852 3.0366537700948664 0.5464916562341338
5853 3.024549030869106 0.5863692762598944
5854 3.024549030869106 0.5863692762598944
5855 3.0123625028647925 0.6265163396642075
5856 3.0123625028647925 0.6265163396642075
5857 3.000257763639032 0.6663939596899677
5858 3.000257763639032 0.6663939596899677
5859 2.9881530244132715 0.7062715797157288
5860 2.9881530244132715 0.7062715797157288
5861 2.975966496408958 0.7464186431200419
5862 2.975966496408958 0.7464186431200419
5863 2.963861757183197 0.786296263145803
5864 2.963861757183197 0.786296263145803
5865 2.951675229178884 0.8264433265501161
5866 2.951675229178884 0.8264433265501161
5867 2.9395704899531236 0.8663209465758763
5868 2.9395704899531236 0.8663209465758763
5869 2.9273839619488107 0.9064680099801894
5870 2.9273839619488107 0.9064680099801894
5871 2.9152792227230497 0.9463456300059505
5872 2.9152792227230497 0.9463456300059505
5873 2.903092694718737 0.9864926934102627
5874 2.903092694718737 0.9864926934102627
5875 2.8909879554929763 1.0263703134360238
5876 2.8909879554929763 1.0263703134360238
5877 2.878801427488663 1.0665173768403373
5878 2.878801427488663 1.0665173768403373
5879 2.866696688262903 1.106394996866097
5880 2.866696688262903 1.106394996866097
5881 2.8545101602585894 1.1465420602704106
5882 2.8545101602585894 1.1465420602704106
5883 2.8424054210328293 1.1864196802961704
5884 2.8424054210328293 1.1864196802961704
5885 2.830218893028516 1.226566743700484
5886 2.830218893028516 1.226566743700484
5887 2.8181141538027554 1.266444363726245
5888 2.8181141538027554 1.266444363726245
5889 2.805927625798442 1.3065914271305585
5890 2.805927625798442 1.3065914271305585
5891 2.7938228865726815 1.3464690471563188
5892 2.7938228865726815 1.3464690471563188
5893 2.781718147346921 1.386346667182079
5894 2.781718147346921 1.386346667182079
5895 2.781718147346921 1.386346667182079
5896 2.7695316193426085 1.4264937305863916
5897 2.7695316193426085 1.4264937305863916
5898 2.7695316193426085 1.4264937305863916
5899 2.7574268801168476 1.4663713506121532
5900 2.7574268801168476 1.4663713506121532
5901 2.7574268801168476 1.4663713506121532
5902 2.745240352112535 1.506518414016465
5903 2.745240352112535 1.506518414016465
5904 2.745240352112535 1.506518414016465
5905 2.733135612886774 1.5463960340422256
5906 2.733135612886774 1.5463960340422256
5907 2.733135612886774 1.5463960340422256
5908 2.7209490848824607 1.586543097446539
5909 2.7209490848824607 1.586543097446539
5910 2.7209490848824607 1.586543097446539
5911 2.7088443456567006 1.6264207174722998
5912 2.696657817652387 1.6665677808766133
5913 2.6845530784266263 1.706445400902374
5914 2.6723665504223133 1.7465924643066861
5915 2.660261811196553 1.7864700843324473
5916 2.64807528319224 1.8266171477367603
5917 2.635970543966479 1.866494767762521
5918 2.6237840159621664 1.9066418311668345
5919 2.6116792767364054 1.9465194511925943
5920 2.599492748732092 1.9866665145969078
5921 2.5873880095063315 2.026544134622669
5922 2.575283270280571 2.066421754648429
5923 2.5630967422762585 2.106568818052741
5924 2.5509920030504976 2.1464464380785024
5925 2.5388054750461846 2.1865935014828155
5926 2.5267007358204236 2.226471121508577
5927 2.5145142078161107 2.2666181849128892
5928 2.50240946859035 2.3064958049386504
5929 2.490222940586037 2.3466428683429625
5930 2.4781182013602763 2.386520488368724
5931 2.4659316733559633 2.426667551773037
5932 2.453826934130203 2.4665451717987965
5933 2.4416404061258894 2.506692235203112
5934 2.4295356669001293 2.5465698552288707
5935 2.4173491388958164 2.5867169186331838
5936 2.4052443996700554 2.6265945386589453
5937 2.3930578716657425 2.6667416020632566
5938 2.3930578716657425 2.6667416020632566
5939 2.380953132439982 2.7066192220890177
5940 2.380953132439982 2.7066192220890177
5941 2.368848393214221 2.7464968421147793
5942 2.368848393214221 2.7464968421147793
5943 2.356661865209908 2.7866439055190924
5944 2.3445571259841476 2.8265215255448535
5945 2.3323705979798346 2.8666685889491665
5946 2.320265858754074 2.906546208974926
5947 2.3080793307497607 2.9466932723792394
5948 2.295974591524 2.9865708924050005
5949 2.283788063519687 3.026717955809312
5950 2.2716833242939267 3.066595575835073
5951 2.2594967962896138 3.106742639239386
5952 2.247392057063853 3.1466202592651475
5953 2.23520552905954 3.1867673226694606
5954 2.2231007898337793 3.2266449426952217
5955 2.2109142618294664 3.266792006099533
5956 2.1988095226037054 3.3066696261252946
5957 2.1866229945993925 3.3468166895296076
5958 2.174518255373632 3.3866943095553688
5959 2.1624135161478715 3.426571929581128
5960 2.1502269881435585 3.466718992985441
5961 2.1381222489177976 3.5065966130112027
5962 2.1259357209134846 3.546743676415516
5963 2.1138309816877237 3.5866212964412774
5964 2.101644453683411 3.626768359845588
5965 2.08953971445765 3.6666459798713498
5966 2.077353186453337 3.706793043275663
5967 2.0652484472275763 3.7466706633014244
5968 3.8030420365370468 0.3849141655919528
5969 3.7880115798818053 0.42509033864719514
5970 3.7730932908135433 0.4649666895154567
5971 3.7580628341583013 0.5051428625706986
5972 3.7431445450900394 0.5450192134389611
5973 3.728114088434798 0.5851953864942017
5974 3.713195799366535 0.625071737362465
5975 3.698277510298273 0.6649480882307275
5976 3.6832470536430315 0.7051242612859681
5977 3.6683287645747695 0.7450006121542305
5978 3.653298307919528 0.785176785209472
5979 3.638380018851266 0.8250531360777336
5980 3.6233495621960246 0.8652293091329759
5981 3.6084312731277626 0.9051056600012375
5982 3.5935129840595006 0.9449820108694991
5983 3.578482527404258 0.9851581839247423
5984 3.5635642383359967 1.0250345347930034
5985 3.5485337816807543 1.0652107078482458
5986 3.5336154926124923 1.1050870587165083
5987 3.518585035957251 1.1452632317717488
5988 3.503666746888989 1.1851395826400113
5989 3.488748457820727 1.2250159335082738
5990 3.4737180011654853 1.2651921065635143
5991 3.4587997120972234 1.3050684574317768
5992 3.443769255441982 1.3452446304870183
5993 3.42885096637372 1.3851209813552798
5994 3.4138205097184784 1.4252971544105222
5995 3.3989022206502164 1.4651735052787838
5996 3.383983931581954 1.5050498561470458
5997 3.3689534749267125 1.5452260292022881
5998 3.35403518585845 1.5851023800705502
5999 3.339004729203209 1.6252785531257903
6000 3.3240864401349466 1.665154903994054
6001 3.3090559834797055 1.7053310770492942
6002 3.3090559834797055 1.7053310770492942
6003 3.294137694411443 1.7452074279175562
6004 3.294137694411443 1.7452074279175562
6005 3.2792194053431807 1.78508377878582
6006 3.2792194053431807 1.78508377878582
6007 3.2641889486879396 1.8252599518410602
6008 3.2641889486879396 1.8252599518410602
6009 3.249270659619677 1.8651363027093222
6010 3.249270659619677 1.8651363027093222
6011 3.234240202964436 1.905312475764564
6012 3.2193219138961737 1.945188826632826
6013 3.204291457240932 1.985364999688069
6014 3.18937316817267 2.0252413505563305
6015 3.174454879104408 2.065117701424592
6016 3.1594244224491663 2.1052938744798326
6017 3.1445061333809043 2.145170225348096
6018 3.1294756767256624 2.1853463984033388
6019 3.114557387657401 2.225222749271598
6020 3.099526931002159 2.265398922326841
6021 3.0846086419338974 2.305275273195102
6022 3.0695781852786554 2.345451446250345
6023 3.054659896210393 2.385327797118607
6024 3.0397416071421315 2.425204147986868
6025 3.0247111504868895 2.465380321042111
6026 3.0097928614186276 2.5052566719103724
6027 2.9947624047633856 2.545432844965615
6028 2.9798441156951236 2.5853091958338767
6029 2.964813659039882 2.6254853688891173
6030 2.94989536997162 2.6653617197573807
6031 2.9349770809033577 2.7052380706256427
6032 2.9199466242481162 2.7454142436808833
6033 2.9050283351798543 2.7852905945491466
6034 2.8899978785246128 2.825466767604387
6035 2.875079589456351 2.8653431184726488
6036 2.875079589456351 2.8653431184726488
6037 2.8600491328011093 2.905519291527891
6038 2.8451308437328473 2.9453956423961527
6039 2.830212554664585 2.9852719932644147
6040 2.8151820980093434 3.025448166319657
6041 2.800263808941081 3.065324517187919
6042 2.78523335228584 3.105500690243161
6043 2.7703150632175775 3.145377041111423
6044 2.7552846065623364 3.185553214166663
6045 2.740366317494074 3.225429565034927
6046 2.725448028425812 3.2653059159031885
6047 2.7104175717705705 3.305482088958429
6048 2.6954992827023085 3.3453584398266925
6049 2.680468826047067 3.385534612881933
6050 2.6655505369788046 3.425410963750195
6051 2.650520080323563 3.4655871368054374
6052 2.6356017912553007 3.5054634876736994
6053 2.6206835021870387 3.545339838541961
6054 2.605653045531797 3.5855160115972033
6055 2.5907347564635352 3.625392362465465
6056 2.5757042998082937 3.6655685355207055
6057 2.5607860107400318 3.705444886388969
6058 2.54575555408479 3.74562105944421
6059 2.5308372650165283 3.785497410312471
6060 2.5158068083612863 3.825673583367714
6061 2.500888519293024 3.865549934235976
6062 2.500888519293024 3.865549934235976
6063 2.4859702302247624 3.905426285104237
6064 2.4859702302247624 3.905426285104237
6065 2.4709397735695204 3.9456024581594797
6066 2.4709397735695204 3.9456024581594797
6067 2.4560214845012585 3.9854788090277413
6068 2.4409910278460165 4.025654982082984
6069 2.4260727387777545 4.065531332951245
6070 2.411042282122513 4.105707506006488
6071 2.396123993054251 4.145583856874749
6072 2.381205703985989 4.185460207743011
6073 2.3661752473307476 4.225636380798253
6074 2.351256958262485 4.265512731666515
6075 2.336226501607244 4.305688904721755
6076 2.3213082125389817 4.345565255590019
6077 2.30627775588374 4.38574142864526
6078 2.291359466815478 4.425617779513521
6079 2.2764411777472158 4.465494130381785
6080 2.2614107210919743 4.505670303437026
6081 2.246492432023712 4.545546654305288
6082 2.2314619753684712 4.585722827360529
6083 2.216543686300209 4.625599178228791
6084 2.2015132296449678 4.665775351284031
6085 2.1865949405767053 4.705651702152295
6086 2.171676651508443 4.745528053020557
6087 2.156646194853202 4.785704226075797
6088 2.1417279057849394 4.825580576944061
6099 3.984260205565074 1.144220851763925
6100 3.984260205565074 1.144220851763925
6101 3.9674367623408 1.1839381561881992
6102 3.9674367623408 1.1839381561881992
6103 3.9504754220409177 1.2239810122880828
6104 3.9504754220409177 1.2239810122880828
6105 3.9335140817410346 1.2640238683879654
6106 3.9335140817410346 1.2640238683879654
6107 3.9165527414411527 1.3040667244878468
6108 3.9165527414411527 1.3040667244878468
6109 3.8995914011412696 1.3441095805877312
6110 3.8995914011412696 1.3441095805877312
6111 3.8826300608413877 1.3841524366876126
6112 3.8826300608413877 1.3841524366876126
6113 3.8656687205415046 1.4241952927874952
6114 3.8656687205415046 1.4241952927874952
6115 3.8487073802416227 1.4642381488873766
6116 3.8487073802416227 1.4642381488873766
6117 3.8317460399417405 1.5042810049872601
6118 3.8317460399417405 1.5042810049872601
6119 3.8149225967174663 1.5439983094115344
6120 3.8149225967174663 1.5439983094115344
6121 3.7979612564175844 1.5840411655114157
6122 3.7979612564175844 1.5840411655114157
6123 3.7809999161177013 1.6240840216112984
6124 3.7809999161177013 1.6240840216112984
6125 3.764038575817819 1.664126877711182
6126 3.764038575817819 1.664126877711182
6127 3.7470772355179367 1.7041697338110637
6128 3.7470772355179367 1.7041697338110637
6129 3.730115895218054 1.744212589910946
6130 3.730115895218054 1.744212589910946
6131 3.7131545549181717 1.7842554460108278
6132 3.7131545549181717 1.7842554460108278
6133 3.696193214618289 1.8242983021107118
6134 3.696193214618289 1.8242983021107118
6135 3.679231874318407 1.864341158210593
6136 3.679231874318407 1.864341158210593
6137 3.6624084310941334 1.9040584626348669
6138 3.6624084310941334 1.9040584626348669
6139 3.6454470907942507 1.9441013187347491
6140 3.6454470907942507 1.9441013187347491
6141 3.6284857504943684 1.984144174834631
6142 3.6284857504943684 1.984144174834631
6143 3.6115244101944857 2.024187030934515
6144 3.6115244101944857 2.024187030934515
6145 3.594563069894603 2.064229887034397
6146 3.594563069894603 2.064229887034397
6147 3.577601729594721 2.1042727431342785
6148 3.577601729594721 2.1042727431342785
6149 3.560640389294838 2.144315599234163
6150 3.560640389294838 2.144315599234163
6151 3.543679048994956 2.1843584553340443
6152 3.543679048994956 2.1843584553340443
6153 3.543679048994956 2.1843584553340443
6154 3.526717708695073 2.224401311433927
6155 3.526717708695073 2.224401311433927
6156 3.526717708695073 2.224401311433927
6157 3.5098942654707996 2.2641186158582003
6158 3.5098942654707996 2.2641186158582003
6159 3.5098942654707996 2.2641186158582003
6160 3.492932925170918 2.3041614719580816
6161 3.492932925170918 2.3041614719580816
6162 3.492932925170918 2.3041614719580816
6163 3.4759715848710346 2.344204328057966
6164 3.4759715848710346 2.344204328057966
6165 3.4759715848710346 2.344204328057966
6166 3.459010244571153 2.3842471841578474
6167 3.4420489042712696 2.42429004025773
6168 3.425087563971388 2.4643328963576114
6169 3.4081262236715046 2.504375752457496
6170 3.3911648833716224 2.5444186085573777
6171 3.3742035430717405 2.584461464657259
6172 3.3573800998474663 2.6241787690815332
6173 3.340418759547584 2.664221625181417
6174 3.3234574192477013 2.704264481281299
6175 3.306496078947819 2.744307337381181
6176 3.2895347386479368 2.7843501934810626
6177 3.272573398348054 2.8243930495809466
6178 3.255612058048172 2.864435905680828
6179 3.238650717748289 2.9044787617807106
6180 3.2216893774484068 2.944521617880594
6181 3.2048659342241326 2.9842389223048684
6182 3.1879045939242507 3.0242817784047498
6183 3.170943253624368 3.064324634504632
6184 3.1539819133244857 3.104367490604514
6185 3.137020573024603 3.144410346704398
6186 3.1200592327247207 3.1844532028042796
6187 3.103097892424838 3.224496058904162
6188 3.086136552124956 3.264538915004043
6189 3.0691752118250735 3.304581771103927
6190 3.0691752118250735 3.304581771103927
6191 3.0523517686007997 3.344299075528201
6192 3.0523517686007997 3.344299075528201
6193 3.035390428300917 3.384341931628083
6194 3.035390428300917 3.384341931628083
6195 3.0184290880010347 3.424384787727965
6196 3.001467747701152 3.464427643827849
6197 2.9845064074012697 3.5044704999277307
6198 2.9675450671013874 3.5445133560276125
6199 2.950583726801505 3.5845562121274943
6200 2.9336223865016224 3.6245990682273783
6201 2.9166610462017406 3.6646419243272597
6202 2.8998376029774664 3.704359228751534
6203 2.882876262677584 3.7444020848514157
6204 2.865914922377701 3.7844449409513
6205 2.848953582077819 3.8244877970511815
6206 2.831992241777936 3.864530653151064
6207 2.815030901478054 3.9045735092509455
6208 2.798069561178171 3.94461636535083
6209 2.781108220878289 3.9846592214507113
6210 2.764146880578407 4.024702077550593
6211 2.7471855402785246 4.064744933650475
6212 2.7303620970542513 4.104462238074748
6213 2.713400756754368 4.144505094174633
6214 2.696439416454486 4.184547950274514
6215 2.679478076154603 4.224590806374397
6216 2.679478076154603 4.224590806374397
6217 2.662516735854721 4.26463366247428
6218 2.662516735854721 4.26463366247428
6219 2.6455553955548385 4.304676518574162
6220 2.6455553955548385 4.304676518574162
6221 2.628594055254956 4.344719374674044
6222 2.628594055254956 4.344719374674044
6223 2.611632714955074 4.384762230773926
6224 2.594671374655191 4.4248050868738105
6225 2.5778479314309175 4.464522391298083
6226 2.560886591131035 4.504565247397966
6227 2.5439252508311525 4.544608103497847
6228 2.5269639105312693 4.584650959597732
6229 2.5100025702313875 4.624693815697613
6230 2.4930412299315052 4.664736671797495
6231 2.4760798896316225 4.704779527897378
6232 2.4591185493317402 4.744822383997261
6233 2.442157209031858 4.784865240097142
6234 2.425333765807584 4.824582544521416
6235 2.4083724255077015 4.864625400621298
6236 2.391411085207819 4.90466825672118
6237 2.374449744907937 4.944711112821064
6238 2.3574884046080546 4.984753968920946
6239 2.340527064308172 5.024796825020828
6240 2.3235657240082888 5.064839681120713
6241 2.306604383708407 5.104882537220593
6242 2.289643043408524 5.1449253933204755
6243 3.7039362829573546 2.6611885883716453
6244 3.685169982460821 2.7011598586681784
6245 3.666403681964288 2.7411311289647124
6246 3.6476373814677547 2.781102399261245
6247 3.628871080971221 2.8210736695577783
6248 3.610104780474688 2.8610449398543123
6249 3.591338479978155 2.901016210150845
6250 3.572406106025901 2.9413412085030997
6251 3.5536398055293668 2.9813124787996332
6252 3.534873505032834 3.0212837490961655
6253 3.5161072045363007 3.0612550193927
6254 3.497340904039767 3.101226289689233
6255 3.478574603543234 3.1411975599857653
6256 3.459808303046701 3.1811688302823
6257 3.4408759290944455 3.221493828634554
6258 3.4221096285979127 3.2614650989310863
6259 3.4033433281013794 3.3014363692276207
6260 3.3845770276048466 3.341407639524153
6261 3.365810727108313 3.381378909820688
6262 3.3470444266117796 3.4213501801172206
6263 3.3282781261152468 3.461321450413753
6264 3.309345752162992 3.5016464487660084
6265 3.290579451666459 3.5416177190625406
6266 3.2718131511699253 3.5815889893590738
6267 3.253046850673392 3.6215602596556082
6268 3.2342805501768592 3.6615315299521405
6269 3.2155142496803264 3.7015028002486727
6270 3.1967479491837922 3.741474070545208
6271 3.1779816486872594 3.7814453408417403
6287 3.984766496582467 2.063034446146532
6288 3.966000196085934 2.1030057164430667
6289 3.9472338955894 2.1429769867396
6290 3.9283015216371453 2.1833019850918554
6291 3.9095352211406125 2.2232732553883876
6292 3.8907689206440796 2.26324452568492
6293 3.8720026201475455 2.303215795981455
6294 3.8532363196510127 2.3431870662779875
6295 3.83447001915448 2.3831583365745197
6296 3.8157037186579457 2.423129606871055
6297 3.796937418161413 2.4631008771675873
6298 3.77817111766488 2.5030721474641195
6299 3.759404817168346 2.543043417760655
6300 3.740472443216092 2.583368416112908
6301 3.7217061427195586 2.6233396864094423
6302 3.7029398422230253 2.663310956705975
6303 3.684173541726492 2.7032822270025076
6304 3.6654072412299583 2.7432534972990426
6305 3.6466409407334255 2.783224767595575
6306 3.1582189074563973 3.8235389794726022
6307 3.139452606959863 3.8635102497691376
6308 3.1206863064633303 3.90348152006567
6309 3.1019200059667975 3.943452790362202
6310 3.0831537054702634 3.9834240606587374
6311 3.0643874049737305 4.023395330955269
6312 3.0456211044771977 4.063366601251802
6313 3.0266887305249424 4.103691599604058
6314 3.0079224300284095 4.14366286990059
6315 2.989156129531876 4.183634140197125
6316 2.9703898290353425 4.223605410493658
6317 2.9516235285388097 4.26357668079019
6318 2.932857228042276 4.303547951086725
6319 2.914090927545743 4.343519221383257
6320 2.89532462704921 4.38349049167979
6321 2.8765583265526766 4.423461761976323
6322 2.857625952600422 4.463786760328578
6323 2.838859652103888 4.503758030625113
6324 2.820093351607355 4.543729300921646
6325 2.8013270511108224 4.583700571218177
6326 2.7825607506142895 4.62367184151471
6327 2.7637944501177554 4.663643111811245
6340 3.9838800625693436 3.141245938759657
6341 3.9622724295120726 3.181431377216928
6342 3.940664796454801 3.221616815674199
6343 3.9192754223173005 3.2613963406116997
6344 3.8976677892600295 3.3015817790689703
6345 3.87627841512253 3.3413613040064702
6346 3.854670782065259 3.381546742463741
6347 3.833281407927759 3.421326267401241
6348 3.811673774870488 3.4615117058585114
6349 3.790066141813217 3.501697144315782
6350 3.7686767676757156 3.5414766692532855
6351 3.747069134618445 3.5816621077105557
6352 3.725679760480945 3.621441632648056
6353 3.7040721274236743 3.6616270711053263
6354 3.6826827532861732 3.7014065960428275
6355 3.6826827532861732 3.7014065960428275
6356 3.6610751202289036 3.741592034500097
6357 3.6610751202289036 3.741592034500097
6358 3.6396857460914025 3.781371559437598
6359 3.6396857460914025 3.781371559437598
6360 3.618078113034131 3.821556997894869
6361 3.59647047997686 3.8617424363521398
6362 3.5750811058393603 3.9015219612896397
6363 3.5534734727820894 3.9417073997469103
6364 3.5320840986445887 3.981486924684411
6365 3.5104764655873177 4.0216723631416835
6366 3.489087091449818 4.061451888079182
6367 3.4674794583925466 4.101637326536455
6368 3.4458718253352756 4.141822764993725
6369 3.4244824511977754 4.181602289931224
6370 3.402874818140505 4.221787728388495
6371 3.381485444003004 4.261567253325996
6372 3.359877810945733 4.301752691783268
6373 3.338488436808233 4.3415322167207675
6374 3.316880803750962 4.381717655178038
6375 3.295273170693691 4.421903093635309
6376 3.2738837965561913 4.461682618572809
6377 3.2522761634989203 4.501868057030079
6378 3.2308867893614193 4.541647581967581
6379 3.2092791563041487 4.5818330204248525
6380 3.1878897821666485 4.6216125453623516
6381 0.051297326356668026 0.844634227972332
6382 0.05107488965131889 0.8546147038776811
6383 0.050852452945969774 0.8645951797830302
6384 0.05063001624062064 0.8745756556883794
6385 0.050403301906322494 0.8847480638226776
6386 0.05018086520097336 0.8947285397280267
6387 0.049958428495624235 0.9047090156333758
6388 0.049735991790275116 0.9146894915387249
6389 0.049513555084925984 0.9246699674440741
6390 0.04929111837957686 0.9346504433494232
6391 0.04906868167422773 0.9446309192547723
6392 0.0488462449688786 0.9546113951601215
6393 0.048623808263529474 0.9645918710654704
6394 0.04840137155818034 0.9745723469708196
6395 0.0481746572238822 0.9847447551051178
6396 0.04795222051853307 0.994725231010467
6397 0.047729783813183935 1.004705706915816
6398 0.04750734710783481 1.014686182821165
6399 0.047284910402485676 1.0246666587265143
6400 0.047062473697136564 1.0346471346318635
6401 0.04684003699178743 1.0446276105372125
6402 0.046617600286438306 1.0546080864425618
6403 0.04639516358108917 1.064588562347911
6404 0.046168449246791025 1.074760970482209
6405 0.0459460125414419 1.0847414463875582
6406 0.04572357583609277 1.0947219222929072
6407 0.04550113913074364 1.1047023981982564
6408 0.04527870242539452 1.1146828741036057
6409 0.03769874392772809 1.4547867838012718
6410 0.03747630722237897 1.464767259706621
6411 0.03725387051702984 1.4747477356119703
6412 0.037031433811680704 1.4847282115173193
6413 0.03680899710633158 1.4947086874226685
6414 0.036586560400982446 1.5046891633280175
6415 0.03636412369563333 1.5146696392333667
6416 0.036141686990284194 1.524650115138716
6417 0.03591925028493507 1.534630591044065
6418 0.035692535950636914 1.5448029991783632
6419 0.035470099245287795 1.5547834750837122
6420 0.03524766253993867 1.5647639509890612
6421 0.035025225834589536 1.5747444268944106
6422 0.03480278912924041 1.5847249027997596
6423 0.03458035242389128 1.5947053787051089
6424 0.03435791571854216 1.604685854610458
6425 0.034135479013193026 1.6146663305158069
6426 0.033913042307843894 1.624646806421156
6427 0.033690605602494775 1.6346272823265053
6428 0.03346389126819662 1.6447996904608035
6429 0.033241454562847494 1.6547801663661528
6430 0.03301901785749837 1.6647606422715018
6431 0.032796581152149236 1.6747411181768508
6432 0.03257414444680012 1.6847215940822
6433 0.032351707741450984 1.694702069987549
6434 0.032129271036101865 1.704682545892898
6435 0.031680119996454585 1.7248354299325455
6436 0.03145768329110545 1.7348159058378947
6437 0.0312309689568073 1.7449883139721927
6438 0.03100853225145818 1.7549687898775417
6439 0.030786095546109046 1.7649492657828911
6440 0.03056365884075992 1.7749297416882401
6441 0.030341222135410798 1.7849102175935891
6442 0.03011878543006167 1.7948906934989384
6443 0.029896348724712536 1.8048711694042876
6444 0.02967391201936341 1.8148516453096368
6445 0.02945147531401428 1.8248321212149858
6446 0.02922903860866516 1.8348125971203348
6447 0.029002324274367008 1.844985005254633
6448 0.028779887569017882 1.854965481159982
6449 0.02855745086366875 1.8649459570653313
6450 0.028335014158319623 1.8749264329706805
6451 0.028112577452970498 1.8849069088760295
6452 0.027890140747621372 1.8948873847813787
6453 0.027667704042272243 1.904867860686728
6454 0.027445267336923117 1.9148483365920768
6455 0.027222830631573984 1.9248288124974262
6456 0.02700039392622486 1.9348092884027752
6457 0.02209395352169699 2.154955555007303
6458 0.02187151681634786 2.164936030912652
6459 0.021649080110998732 2.1749165068180014
6460 0.021426643405649606 2.1848969827233504
6461 0.02120420670030048 2.1948774586286994
6462 0.020981769994951355 2.204857934534049
6463 0.020759333289602225 2.214838410439398
6464 0.020536896584253093 2.224818886344747
6465 0.020314459878903967 2.2347993622500963
6466 0.020087745544605823 2.244971770384394
6467 0.019865308839256694 2.2549522462897436
6468 0.019642872133907568 2.2649327221950926
6469 0.01942043542855844 2.2749131981004416
6470 0.019197998723209306 2.284893674005791
6471 0.07424059594753821 0.8246934319814618
6472 0.07392444110507625 0.8345799714239238
6473 0.07360208714805622 0.8446603645809438
6474 0.07328593230559424 0.8545469040234058
6475 0.07296357834857421 0.8646272971804257
6476 0.07264122439155417 0.8747076903374459
6477 0.07232506954909221 0.8845942297799078
6478 0.07200271559207218 0.8946746229369279
6479 0.07168656074961022 0.9045611623793898
6480 0.07136420679259017 0.9146415555364099
6481 0.07104185283557013 0.9247219486934299
6482 0.07072569799310817 0.934608488135892
6483 0.07040334403608813 0.9446888812929118
6484 0.07008718919362618 0.9545754207353737
6485 0.06976483523660612 0.9646558138923939
6486 0.06944248127958609 0.974736207049414
6487 0.06912632643712412 0.9846227464918759
6488 0.0688039724801041 0.994703139648896
6489 0.06848781763764213 1.0045896790913578
6490 0.06816546368062208 1.014670072248378
6491 0.06784930883816012 1.0245566116908398
6492 0.06752695488114008 1.03463700484786
6493 0.06720460092412006 1.04471739800488
6494 0.06688844608165809 1.054603937447342
6495 0.06656609212463806 1.064684330604362
6496 0.06624993728217608 1.074570870046824
6497 0.06592758332515607 1.084651263203844
6498 0.064966720568654 1.1146985889603462
6499 0.06465056572619204 1.124585128402808
6500 0.06432821176917201 1.134665521559828
6501 0.06400585781215197 1.144745914716848
6502 0.06368970296969001 1.15463245415931
6503 0.06336734901266997 1.16471284731633
6504 0.063051194170208 1.1745993867587918
6505 0.06272884021318798 1.184679779915812
6506 0.06241268537072601 1.194566319358274
6507 0.06209033141370597 1.204646712515294
6508 0.06176797745668593 1.2147271056723141
6509 0.061451822614223967 1.224613645114776
6510 0.06112946865720392 1.2346940382717961
6511 0.06081331381474196 1.244580577714258
6512 0.06049095985772192 1.2546609708712781
6513 0.06016860590070188 1.2647413640282983
6514 0.05985245105823993 1.2746279034707602
6515 0.05953009710121989 1.2847082966277803
6516 0.05921394225875792 1.2945948360702422
6517 0.05889158830173787 1.3046752292272623
6518 0.058575433459275926 1.3145617686697242
6519 0.05825307950225588 1.324642161826744
6520 0.057930725545235845 1.3347225549837642
6521 0.05761457070277388 1.3446090944262261
6522 0.05729221674575385 1.354689487583246
6523 0.05697606190329189 1.364576027025708
6524 0.05665370794627184 1.3746564201827283
6525 0.056331353989251806 1.3847368133397482
6526 0.05601519914678984 1.39462335278221
6527 0.055692845189769816 1.4047037459392302
6528 0.05537669034730784 1.4145902853816923
6529 0.05441582759080581 1.4446376111381942
6530 0.05409347363378577 1.4547180042952144
6531 0.0537773187913238 1.4646045437376762
6532 0.053454964834303766 1.4746849368946964
6533 0.05313261087728372 1.4847653300517163
6534 0.052816456034821775 1.4946518694941782
6535 0.05249410207780173 1.5047322626511983
6536 0.05217794723533976 1.5146188020936602
6537 0.05185559327831973 1.5246991952506803
6538 0.051539438435857766 1.5345857346931422
6539 0.05121708447883773 1.544666127850162
6540 0.05089473052181768 1.5547465210071825
6541 0.05057857567935573 1.5646330604496443
6542 0.05025622172233568 1.5747134536066643
6543 0.04994006687987373 1.5845999930491261
6544 0.049617712922853684 1.5946803862061465
6545 0.04929535896583365 1.6047607793631664
6546 0.048979204123371686 1.6146473188056283
6547 0.04865685016635164 1.6247277119626484
6548 0.04834069532388969 1.6346142514051105
6549 0.048018341366869645 1.6446946445621304
6550 0.047695987409849615 1.6547750377191504
6551 0.04737983256738764 1.6646615771616124
6552 0.047057478610367603 1.6747419703186324
6553 0.04674132376790564 1.6846285097610942
6554 0.046418969810885606 1.6947089029181144
6555 0.03842211203096541 1.9447801946980348
6556 0.038105957188503445 1.9546667341404966
6557 0.037783603231483415 1.9647471272975168
6558 0.03746744838902145 1.9746336667399786
6559 0.03714509443200142 1.9847140598969986
6560 0.036822740474981366 1.9947944530540187
6561 0.036506585632519406 2.0046809924964806
6562 0.03618423167549937 2.0147613856535007
6563 0.03586807683303741 2.0246479250959624
6564 0.03554572287601737 2.034728318252983
6565 0.035223368918997335 2.0448087114100026
6566 0.03490721407653537 2.0546952508524647
6567 0.03458486011951533 2.0647756440094844
6568 0.03426870527705337 2.0746621834519465
6569 0.03394635132003333 2.0847425766089667
6570 0.033630196477571365 2.0946291160514288
6571 0.03330784252055133 2.104709509208449
6572 0.03298548856353129 2.1147899023654686
6573 0.026910356296615173 2.3047665426323847
6574 0.02659420145415321 2.3146530820748468
6575 0.026271847497133176 2.3247334752318665
6576 0.02594949354011313 2.334813868388887
6577 0.025633338697651168 2.3447004078313487
6578 0.02531098474063113 2.3547808009883693
6579 0.024994829898169167 2.364667340430831
6580 0.02467247594114913 2.374747733587851
6581 0.024350121984129093 2.3848281267448708
6582 0.024033967141667133 2.394714666187333
6583 0.023711613184647096 2.404795059344353
6584 0.023395458342185135 2.414681598786815
6585 0.04578046101140361 1.7146758355175964
6586 0.04545810705438357 1.7247562286746165
6587 0.04513575309736353 1.7348366218316367
6588 0.044819598254901574 1.7447231612740985
6589 0.04449724429788153 1.7548035544311185
6590 0.04418108945541956 1.7646900938735806
6591 0.04385873549839953 1.7747704870306007
6592 0.04353638154137949 1.7848508801876206
6593 0.04322022669891753 1.7947374196300825
6594 0.04289787274189749 1.8048178127871024
6595 0.04258171789943553 1.8147043522295645
6596 0.04225936394241549 1.8247847453865844
6597 0.04194320909995353 1.8346712848290467
6598 0.04162085514293349 1.8447516779860664
6599 0.041298501185913446 1.8548320711430866
6600 0.040982346343451485 1.8647186105855484
6601 0.04065999238643145 1.8747990037425686
6602 0.04034383754396949 1.8846855431850305
6603 0.04002148358694945 1.8947659363420506
6604 0.03969912962992941 1.9048463294990707
6605 0.03938297478746745 1.9147328689415326
6606 0.03906062083044741 1.9248132620985527
6607 0.03202462580702925 2.144837228121971
6608 0.0317084709645673 2.1547237675644326
6609 0.031386117007547246 2.164804160721453
6610 0.031069962165085285 2.174690700163915
6611 0.03074760820806525 2.184771093320935
6612 0.03042525425104521 2.1948514864779547
6613 0.03010909940858325 2.204738025920417
6614 0.02978674545156321 2.214818419077437
6615 0.02947059060910125 2.224704958519899
6616 0.029148236652081213 2.2347853516769187
6617 0.02882588269506117 2.244865744833939
6618 0.02850972785259921 2.254752284276401
6619 0.028187373895579168 2.2648326774334206
6620 0.027871219053117208 2.2747192168758827
6621 0.11229066092227581 0.7843915118067243
6622 0.1118129479003342 0.7944396094286658
6623 0.1113352348783926 0.8044877070506075
6624 0.11085752185645098 0.814535804672549
6625 0.11038917575650822 0.8243868807724919
6626 0.1099114627345666 0.8344349783944334
6627 0.109433749712625 0.8444830760163751
6628 0.10895603669068338 0.8545311736383165
6629 0.10848769059074063 0.8643822497382594
6630 0.108009977568799 0.874430347360201
6631 0.10753226454685738 0.8844784449821427
6632 0.10705455152491578 0.8945265426040843
6633 0.106586205424973 0.904377618704027
6634 0.1061084924030314 0.9144257163259687
6635 0.10563077938108979 0.9244738139479103
6636 0.10515306635914819 0.9345219115698518
6637 0.10468472025920542 0.9443729876697946
6638 0.10420700723726381 0.9544210852917363
6639 0.10372929421532218 0.9644691829136779
6640 0.10325158119338057 0.9745172805356195
6641 0.1027832350934378 0.9843683566355622
6642 0.10230552207149621 0.9944164542575037
6643 0.10182780904955459 1.0044645518794455
6644 0.10135009602761298 1.014512649501387
6645 0.10087238300567135 1.024560747123329
6646 0.1004040369057286 1.0344118232232715
6647 0.09992632388378697 1.0444599208452132
6648 0.0994486108618454 1.0545080184671547
6649 0.09850255173996102 1.074407192189039
6650 0.09802483871801938 1.0844552898109807
6651 0.09754712569607778 1.0945033874329222
6652 0.09706941267413616 1.1045514850548641
6653 0.09660106657419341 1.1144025611548067
6654 0.0961233535522518 1.1244506587767482
6655 0.09564564053031016 1.13449875639869
6656 0.09516792750836855 1.1445468540206314
6657 0.09469958140842578 1.1543979301205742
6658 0.09422186838648418 1.164446027742516
6659 0.09374415536454256 1.1744941253644574
6660 0.09326644234260095 1.184542222986399
6661 0.0927980962426582 1.1943932990863417
6662 0.09232038322071658 1.2044413967082834
6663 0.09184267019877497 1.2144894943302251
6664 0.09136495717683336 1.2245375919521666
6665 0.0908966110768906 1.2343886680521095
6666 0.09041889805494899 1.2444367656740511
6667 0.08994118503300737 1.2544848632959926
6668 0.08946347201106575 1.2645329609179345
6669 0.08898575898912413 1.274581058539876
6670 0.08851741288918138 1.2844321346398186
6671 0.08803969986723977 1.2944802322617603
6672 0.08756198684529816 1.3045283298837018
6673 0.08708427382335653 1.3145764275056433
6674 0.08661592772341378 1.3244275036055861
6675 0.08613821470147215 1.3344756012275278
6676 0.08566050167953056 1.3445236988494693
6677 0.08518278865758894 1.3545717964714112
6678 0.08471444255764618 1.3644228725713539
6679 0.08423672953570456 1.3744709701932956
6680 0.08375901651376295 1.384519067815237
6681 0.08233524436993697 1.414466339159063
6682 0.08185753134799534 1.424514436781005
6683 0.08137981832605373 1.4345625344029465
6684 0.08091147222611099 1.444413610502889
6685 0.08043375920416936 1.4544617081248308
6686 0.07995604618222775 1.4645098057467723
6687 0.07947833316028614 1.4745579033687137
6688 0.07900062013834452 1.4846060009906554
6689 0.07853227403840177 1.4944570770905983
6690 0.07805456101646016 1.5045051747125398
6691 0.07757684799451853 1.5145532723344817
6692 0.07709913497257692 1.5246013699564231
6693 0.07663078887263416 1.534452446056366
6694 0.07615307585069254 1.5445005436783075
6695 0.07567536282875094 1.554548641300249
6696 0.07519764980680932 1.5645967389221909
6697 0.07472930370686656 1.5744478150221335
6698 0.07425159068492494 1.584495912644075
6699 0.07377387766298334 1.5945440102660169
6700 0.07329616464104172 1.6045921078879584
6701 0.07282781854109897 1.6144431839879012
6702 0.07235010551915734 1.6244912816098427
6703 0.07187239249721573 1.6345393792317842
6704 0.07139467947527413 1.6445874768537256
6705 0.07092633337533137 1.6544385529536685
6706 0.07044862035338975 1.6644866505756104
6707 0.05808428331490091 1.9245550596140992
6708 0.057606570292959305 1.9346031572360407
6709 0.05712885727101769 1.9446512548579826
6710 0.05666051117107493 1.954502330957925
6711 0.05618279814913332 1.9645504285798665
6712 0.0557050851271917 1.9745985262018082
6713 0.05522737210525009 1.9846466238237497
6714 0.05475902600530733 1.994497699923693
6715 0.05428131298336572 2.0045457975456342
6716 0.05380359996142411 2.014593895167576
6717 0.053325886939482495 2.0246419927895176
6718 0.05285754083953974 2.0344930688894602
6719 0.05237982781759812 2.044541166511402
6720 0.05190211479565651 2.0545892641333436
6721 0.05142440177371489 2.064637361755285
6722 0.050956055673772135 2.0744884378552277
6723 0.050478342651830516 2.084536535477169
6724 0.05000062962988891 2.094584633099111
6725 0.04857685748606293 2.124531904442937
6726 0.04809914446412131 2.1345800020648786
6727 0.04762143144217969 2.1446280996868206
6728 0.047143718420238075 2.154676197308762
6729 0.04667537232029532 2.1645272734087047
6730 0.0461976592983537 2.1745753710306466
6731 0.04571994627641209 2.184623468652588
6732 0.04524223325447047 2.1946715662745295
6733 0.044773887154527715 2.2045226423744726
6734 0.044296174132586096 2.214570739996414
6735 0.04381846111064449 2.2246188376183555
6736 0.04334074808870288 2.2346669352402975
6737 0.04287240198876011 2.24451801134024
6738 0.04239468896681851 2.2545661089621816
6739 0.04191697594487689 2.264614206584123
6740 0.0690154812875649 1.694630943441435
6741 0.0685377682656233 1.7046790410633768
6742 0.06806942216568053 1.7145301171633194
6743 0.06759170914373892 1.724578214785261
6744 0.06711399612179732 1.7346263124072028
6745 0.0666362830998557 1.7446744100291445
6746 0.06616793699991294 1.7545254861290873
6747 0.06569022397797132 1.7645735837510288
6748 0.06521251095602972 1.7746216813729703
6749 0.0647347979340881 1.7846697789949117
6750 0.06425708491214649 1.7947178766168534
6751 0.06378873881220373 1.804568952716796
6752 0.06331102579026211 1.814617050338738
6753 0.06283331276832049 1.8246651479606795
6754 0.06235559974637889 1.834713245582621
6755 0.06188725364643612 1.8445643216825638
6756 0.06140954062449451 1.8546124193045055
6757 0.06093182760255289 1.8646605169264472
6758 0.06045411458061128 1.8747086145483889
6759 0.059985768480668514 1.8845596906483315
6760 0.0595080554587269 1.8946077882702732
6761 0.05903034243678529 1.904655885892215
6762 0.11622081638704573 1.3742005107419542
6763 0.11556226688349265 1.3842417902455073
6764 0.11491688837001066 1.3940822441589893
6765 0.11425833886645757 1.4041235236625424
6766 0.1135997893629045 1.4141648031660954
6767 0.11294123985935145 1.4242060826696485
6768 0.11228269035579837 1.4342473621732017
6769 0.1116241408522453 1.4442886416767546
6770 0.11097876233876328 1.4541290955902368
6771 0.11032021283521022 1.4641703750937898
6772 0.10966166333165715 1.474211654597343
6773 0.10900311382810407 1.484252934100896
6774 0.108344564324551 1.494294213604449
6775 0.10769918581106902 1.504134667517931
6776 0.10704063630751592 1.5141759470214842
6777 0.10638208680396287 1.524217226525037
6778 0.10572353730040979 1.5342585060285903
6779 0.10506498779685673 1.5442997855321432
6780 0.1044196092833747 1.5541402394456254
6781 0.10376105977982165 1.5641815189491783
6782 0.10310251027626857 1.5742227984527315
6783 0.1024439607727155 1.5842640779562847
6784 0.10178541126916245 1.5943053574598374
6785 0.10114003275568044 1.6041458113733196
6786 0.10048148325212736 1.6141870908768725
6787 0.09982293374857429 1.6242283703804257
6788 0.09916438424502122 1.6342696498839788
6789 0.09850583474146814 1.6443109293875318
6790 0.1581967617435184 0.7341693551854817
6791 0.1575382122399653 0.7442106346890347
6792 0.15687966273641227 0.7542519141925877
6793 0.15622111323285917 0.7642931936961409
6794 0.15557573471937716 0.7741336476096229
6795 0.1549171852158241 0.7841749271131759
6796 0.15425863571227105 0.794216206616729
6797 0.15360008620871798 0.804257486120282
6798 0.15294153670516492 0.8142987656238352
6799 0.1522961581916829 0.8241392195373172
6800 0.1516376086881298 0.8341804990408702
6801 0.15097905918457677 0.8442217785444233
6802 0.15032050968102367 0.8542630580479764
6803 0.1496619601774706 0.8643043375515295
6804 0.1490165816639886 0.8741447914650116
6805 0.14835803216043553 0.8841860709685646
6806 0.14769948265688246 0.8942273504721177
6807 0.14704093315332942 0.9042686299756707
6808 0.14638238364977632 0.9143099094792239
6809 0.14573700513629434 0.9241503633927057
6810 0.14507845563274124 0.9341916428962588
6811 0.14441990612918817 0.9442329223998118
6812 0.1437613566256351 0.954274201903365
6813 0.14310280712208204 0.964315481406918
6814 0.14245742860860003 0.9741559353204001
6815 0.14179887910504696 0.984197214823953
6816 0.14114032960149392 0.994238494327506
6817 0.14048178009794082 1.0042797738310592
6818 0.13982323059438778 1.014321053334612
6819 0.13851930257735268 1.0342027867516475
6820 0.1378607530737996 1.0442440662552004
6821 0.13720220357024654 1.0542853457587535
6822 0.13654365406669344 1.0643266252623067
6823 0.13589827555321146 1.0741670791757887
6824 0.13523972604965837 1.0842083586793418
6825 0.1345811765461053 1.0942496381828948
6826 0.13392262704255223 1.104290917686448
6827 0.1332640775389992 1.1143321971900009
6828 0.13261869902551718 1.1241726511034829
6829 0.1319601495219641 1.1342139306070358
6830 0.131301600018411 1.144255210110589
6831 0.13064305051485794 1.154296489614142
6832 0.12998450101130488 1.164337769117695
6833 0.12933912249782287 1.1741782230311772
6834 0.1286805729942698 1.1842195025347304
6835 0.12802202349071673 1.1942607820382831
6836 0.12736347398716366 1.2043020615418363
6837 0.1267049244836106 1.2143433410453892
6838 0.12605954597012858 1.2241837949588714
6839 0.1254009964665755 1.2342250744624246
6840 0.12474244696302245 1.2442663539659775
6841 0.12408389745946935 1.2543076334695307
6842 0.12342534795591632 1.2643489129730836
6843 0.1227799694424343 1.2741893668865658
6844 0.12212141993888123 1.284230646390119
6845 0.12146287043532815 1.294271925893672
6846 0.1208043209317751 1.304313205397225
6847 0.12014577142822203 1.314354484900778
6848 0.11950039291474 1.3241949388142602
6849 0.11884184341118695 1.3342362183178134
6850 0.11818329390763387 1.344277497821366
6851 0.1175247444040808 1.3543187773249192
6852 0.09718873573436201 1.664393488394638
6853 0.09653018623080893 1.674434767898191
6854 0.09588480771732692 1.6842752218116732
6855 0.09522625821377388 1.6943165013152262
6856 0.09456770871022079 1.7043577808187793
6857 0.09390915920666773 1.7143990603223325
6858 0.09325060970311465 1.7244403398258854
6859 0.09260523118963265 1.7342807937393674
6860 0.09194668168607957 1.7443220732429203
6861 0.09128813218252652 1.7543633527464735
6862 0.09062958267897343 1.7644046322500266
6863 0.08997103317542036 1.7744459117535796
6864 0.08932565466193836 1.7842863656670618
6865 0.08866710515838529 1.7943276451706147
6866 0.08800855565483222 1.8043689246741679
6867 0.08735000615127915 1.814410204177721
6868 0.08669145664772608 1.824451483681274
6869 0.08604607813424407 1.8342919375947562
6870 0.08538752863069099 1.8443332170983093
6871 0.08472897912713792 1.8543744966018623
6872 0.08407042962358485 1.8644157761054154
6873 0.08341188012003178 1.8744570556089684
6874 0.08144940259944365 1.9043800685295562
6875 0.08079085309589058 1.9144213480331094
6876 0.08013230359233751 1.924462627536662
6877 0.07948692507885549 1.9343030814501443
6878 0.07882837557530242 1.9443443609536977
6879 0.07816982607174937 1.9543856404572504
6880 0.07751127656819629 1.964426919960804
6881 0.07685272706464322 1.9744681994643565
6882 0.07620734855116121 1.9843086533778387
6883 0.07554879904760814 1.9943499328813923
6884 0.07489024954405506 2.0043912123849448
6885 0.074231700040502 2.014432491888498
6886 0.07357315053694893 2.024473771392051
6887 0.07292777202346691 2.034314225305533
6888 0.07226922251991384 2.0443555048090865
6889 0.0716106730163608 2.0543967843126394
6890 0.07095212351280772 2.0644380638161923
6891 0.07029357400925465 2.0744793433197453
6892 0.06833109648866649 2.1044023562403336
6893 0.06767254698511344 2.1144436357438865
6894 0.06701399748156035 2.12448491524744
6895 0.06636861896807834 2.134325369160922
6896 0.06571006946452528 2.1443666486644744
6897 0.0650515199609722 2.154407928168028
6898 0.06439297045741914 2.164449207671581
6899 0.06373442095386607 2.174490487175134
6900 0.06308904244038406 2.184330941088616
6901 0.062430492936830985 2.194372220592169
6902 0.06177194343327791 2.2044135000957223
6903 0.061113393929724855 2.214454779599275
6904 0.06045484442617178 2.2244960591028287
6905 0.05980946591268978 2.23433651301631
6906 0.05915091640913671 2.244377792519863
6907 0.1554158771417018 1.3338795223872981
6908 0.15455343342936392 1.343937041499636
6909 0.15369098971702605 1.353994560611974
6910 0.1528461468967767 1.3638468242322233
6911 0.15198370318443885 1.373904343344561
6912 0.15112125947210095 1.383961862456899
6913 0.1502588157597631 1.394019381569237
6914 0.14941397293951375 1.4038716451894864
6915 0.1485515292271759 1.413929164301824
6916 0.147689085514838 1.423986683414162
6917 0.14682664180250016 1.4340442025265
6918 0.1459817989822508 1.4438964661467493
6919 0.14511935526991293 1.453953985259087
6920 0.14425691155757506 1.4640115043714248
6921 0.1434120687373257 1.4738637679916744
6922 0.14254962502498786 1.4839212871040124
6923 0.14168718131264998 1.4939788062163502
6924 0.14082473760031214 1.5040363253286877
6925 0.13997989478006276 1.5138885889489373
6926 0.1391174510677249 1.5239461080612753
6927 0.13825500735538707 1.534003627173613
6928 0.13739256364304916 1.5440611462859508
6929 0.13654772082279984 1.5539134099062002
6930 0.13568527711046197 1.5639709290185382
6931 0.1348228333981241 1.574028448130876
6932 0.13396038968578622 1.584085967243214
6933 0.13311554686553687 1.593938230863463
6934 0.13225310315319902 1.603995749975801
6935 0.21115790238606982 0.6838353789429302
6936 0.21029545867373198 0.693892898055268
6937 0.20943301496139408 0.703950417167606
6938 0.20857057124905623 0.7140079362799439
6939 0.20772572842880688 0.7238601999001931
6940 0.206863284716469 0.7339177190125311
6941 0.20600084100413116 0.7439752381248689
6942 0.20513839729179326 0.7540327572372068
6943 0.20429355447154393 0.763885020857456
6944 0.20343111075920606 0.773942539969794
6945 0.20256866704686818 0.7840000590821319
6946 0.20170622333453034 0.7940575781944696
6947 0.20086138051428096 0.803909841814719
6948 0.1999989368019431 0.8139673609270569
6949 0.1991364930896052 0.8240248800393949
6950 0.19829165026935588 0.8338771436596442
6951 0.197429206557018 0.8439346627719819
6952 0.19656676284468014 0.8539921818843199
6953 0.19570431913234232 0.8640497009966578
6954 0.19485947631209294 0.8739019646169071
6955 0.19399703259975506 0.883959483729245
6956 0.1931345888874172 0.8940170028415828
6957 0.19227214517507935 0.9040745219539208
6958 0.19142730235482996 0.9139267855741701
6959 0.19056485864249215 0.9239843046865079
6960 0.18970241493015427 0.9340418237988457
6961 0.18885757210990492 0.9438940874190952
6962 0.18799512839756707 0.953951606531433
6963 0.18713268468522917 0.964009125643771
6964 0.1845629544403041 0.9939764274886959
6965 0.18370051072796625 1.0040339466010337
6966 0.18283806701562835 1.0140914657133715
6967 0.18199322419537903 1.023943729333621
6968 0.18113078048304113 1.0340012484459589
6969 0.18026833677070328 1.0440587675582969
6970 0.17942349395045395 1.053911031178546
6971 0.17856105023811605 1.063968550290884
6972 0.1776986065257782 1.074026069403222
6973 0.1768361628134403 1.0840835885155597
6974 0.17599131999319095 1.0939358521358091
6975 0.17512887628085308 1.103993371248147
6976 0.17426643256851523 1.1140508903604849
6977 0.1734039888561774 1.1241084094728226
6978 0.172559146035928 1.133960673093072
6979 0.17169670232359016 1.1440181922054098
6980 0.17083425861125226 1.1540757113177478
6981 0.16998941579100293 1.1639279749379972
6982 0.16912697207866506 1.1739854940503351
6983 0.1682645283663272 1.184043013162673
6984 0.16740208465398934 1.1941005322750107
6985 0.16655724183374 1.20395279589526
6986 0.16569479812140211 1.214010315007598
6987 0.16483235440906424 1.2240678341199358
6988 0.16396991069672637 1.2341253532322738
6989 0.16312506787647704 1.243977616852523
6990 0.16226262416413914 1.254035135964861
6991 0.1614001804518013 1.2640926550771987
6992 0.16053773673946345 1.2741501741895367
6993 0.15969289391921407 1.284002437809786
6994 0.15883045020687622 1.2940599569221236
6995 0.15796800649453832 1.3041174760344616
6996 0.157123163674289 1.3139697396547112
6997 0.13052821572852327 1.6241107882004766
6998 0.13052821572852327 1.6241107882004766
6999 0.1296657720161854 1.6341683073128146
7000 0.1296657720161854 1.6341683073128146
7001 0.12880332830384753 1.6442258264251526
7002 0.12880332830384753 1.6442258264251526
7003 0.1279584854835982 1.654078090045402
7004 0.1279584854835982 1.654078090045402
7005 0.1270960417712603 1.6641356091577397
7006 0.1270960417712603 1.6641356091577397
7007 0.12623359805892245 1.6741931282700775
7008 0.12623359805892245 1.6741931282700775
7009 0.12538875523867313 1.6840453918903269
7010 0.12538875523867313 1.6840453918903269
7011 0.12452631152633524 1.6941029110026649
7012 0.12452631152633524 1.6941029110026649
7013 0.12366386781399737 1.7041604301150026
7014 0.12366386781399737 1.7041604301150026
7015 0.12280142410165949 1.7142179492273406
7016 0.12280142410165949 1.7142179492273406
7017 0.12195658128141017 1.72407021284759
7018 0.12195658128141017 1.72407021284759
7019 0.1210941375690723 1.7341277319599278
7020 0.1210941375690723 1.7341277319599278
7021 0.12023169385673442 1.7441852510722655
7022 0.12023169385673442 1.7441852510722655
7023 0.11936925014439655 1.7542427701846035
7024 0.11936925014439655 1.7542427701846035
7025 0.11852440732414721 1.7640950338048529
7026 0.11852440732414721 1.7640950338048529
7027 0.11766196361180933 1.7741525529171909
7028 0.11766196361180933 1.7741525529171909
7029 0.11679951989947146 1.7842100720295289
7030 0.11679951989947146 1.7842100720295289
7031 0.11595467707922212 1.7940623356497778
7032 0.11595467707922212 1.7940623356497778
7033 0.11509223336688425 1.8041198547621158
7034 0.11509223336688425 1.8041198547621158
7035 0.11422978965454637 1.8141773738744538
7036 0.11422978965454637 1.8141773738744538
7037 0.11336734594220853 1.8242348929867918
7038 0.11336734594220853 1.8242348929867918
7039 0.11252250312195916 1.834087156607041
7040 0.11252250312195916 1.834087156607041
7041 0.1116600594096213 1.844144675719379
7042 0.1116600594096213 1.844144675719379
7043 0.11079761569728344 1.8542021948317167
7044 0.11079761569728344 1.8542021948317167
7045 0.10909032916469623 1.8741119775643038
7046 0.10822788545235836 1.8841694966766418
7047 0.10736544174002048 1.8942270157889796
7048 0.10650299802768261 1.9042845349013175
7049 0.10565815520743328 1.9141367985215665
7050 0.10479571149509541 1.9241943176339045
7051 0.10393326778275754 1.9342518367462425
7052 0.10308842496250818 1.944104100366492
7053 0.10222598125017031 1.9541616194788296
7054 0.10136353753783243 1.9642191385911676
7055 0.1005010938254946 1.9742766577035054
7056 0.09965625100524525 1.9841289213237545
7057 0.09879380729290738 1.9941864404360925
7058 0.0979313635805695 2.0042439595484303
7059 0.09706891986823163 2.0143014786607685
7060 0.09622407704798229 2.024153742281018
7061 0.09536163333564443 2.0342112613933554
7062 0.09449918962330656 2.044268780505693
7063 0.09365434680305722 2.0541210441259428
7064 0.0910670156660436 2.084293601462956
7065 0.09022217284579426 2.0941458650832057
7066 0.08935972913345638 2.104203384195544
7067 0.08849728542111851 2.114260903307881
7068 0.08763484170878064 2.1243184224202194
7069 0.0867899988885313 2.134170686040469
7070 0.08592755517619342 2.1442282051528068
7071 0.08506511146385558 2.154285724265144
7072 0.08422026864360624 2.164137987885394
7073 0.08335782493126837 2.1741955069977315
7074 0.08249538121893049 2.1842530261100697
7075 0.08163293750659262 2.1943105452224074
7076 0.08078809468634328 2.204162808842657
7077 0.07992565097400542 2.2142203279549943
7078 0.07906320726166755 2.2242778470673326
7079 0.20760134004763575 1.5605487950813643
7080 0.2056791054175651 1.575231542511435
7081 0.20375687078749438 1.5899142899415057
7082 0.20183463615742367 1.6045970373715763
7083 0.19991240152735298 1.619279784801647
7084 0.1979901668972823 1.6339625322317177
7085 0.19606793226721156 1.6486452796617885
7086 0.19414569763714085 1.6633280270918593
7087 0.1922234630070702 1.6780107745219297
7088 0.19030122837699945 1.6926935219520007
7089 0.18837899374692876 1.7073762693820713
7090 0.18645675911685805 1.7220590168121421
7091 0.18453452448678737 1.7367417642422127
7092 0.18261228985671665 1.7514245116722835
7093 0.18069005522664597 1.766107259102354
7094 0.17876782059657526 1.7807900065324247
7095 0.14668346316818925 2.0258623349608103
7096 0.14532659166460996 2.0362266272643903
7097 0.14396972016103063 2.0465909195679695
7098 0.14261284865745133 2.0569552118715486
7099 0.141255977153872 2.0673195041751278
7100 0.13989910565029268 2.0776837964787074
7101 0.13854223414671335 2.0880480887822865
7102 0.13718536264313405 2.098412381085866
7103 0.13582849113955472 2.1087766733894453
7104 0.1344716196359754 2.1191409656930245
7105 0.13311474813239607 2.129505257996604
7106 0.13175787662881677 2.139869550300183
7107 0.13040100512523745 2.1502338426037624
7108 0.12904413362165812 2.160598134907342
7109 0.1276872621180788 2.1709624272109216
7110 0.12633039061449947 2.1813267195145007
7111 0.17458413346053903 1.812746574468461
7112 0.17297284855003858 1.8250541715789614
7113 0.17133329548321355 1.8375776914457864
7114 0.16972201057271313 1.8498852885562869
7115 0.1681107256622127 1.862192885666787
7116 0.16649944075171222 1.874500482777288
7117 0.1648881558412118 1.8868080798877882
7118 0.16327687093071136 1.8991156769982886
7119 0.16163731786388633 1.9116391968651139
7120 0.16002603295338594 1.923946793975614
7121 0.15841474804288547 1.9362543910861145
7122 0.15680346313238502 1.948561988196615
7123 0.1551921782218846 1.9608695853071156
7124 0.15358089331138414 1.9731771824176159
7125 0.15194134024455913 1.9857007022844413
7126 0.1503300553340587 1.998008299394941
7127 3.037853173993723 -1.426206975264723
7128 3.036215486853042 -1.419127304724042
7129 3.0293259064681064 -1.3893438631391064
7130 3.0219845503202243 -1.3576074089912242
7131 3.0200645033277014 -1.3493071055987014
7132 3.016111465401918 -1.3322182456729177
7133 3.0141349464390266 -1.3236738157100265
7134 3.0079230296985107 -1.2968198929695105
7135 3.0035746879801497 -1.2780221470511495
7136 3.001372281135785 -1.2685012108067848
7137 2.9967980515359507 -1.2487269586069507
7138 2.994426228780481 -1.2384736426514809
7139 2.9920544060250114 -1.2282203266960114
7140 2.9896261112991733 -1.2177228841701733
7141 2.9871978165733353 -1.207225441644335
7142 2.9846565779067604 -1.1962397459777603
7143 2.9821153392401856 -1.1852540503111855
7144 2.9794611566328744 -1.1737801015038745
7145 2.9740963194478836 -1.1505880773188835
7146 2.9713291928998355 -1.1386258753708356
7147 2.968505594381419 -1.1264195468524192
7148 2.965625523892635 -1.113969091763635
7149 2.9626889814334816 -1.1012745101044814
7150 2.9596959670039604 -1.0883358018749605
7151 2.956646480604071 -1.0751529670750708
7152 2.9534840502634445 -1.0614818791344445
7153 2.9503216199228186 -1.0478107911938186
7154 2.947046245641456 -1.0336514501124558
7155 2.9437708713600927 -1.0194921090310927
7156 2.940326081167625 -1.0046003882386247
7157 2.936881290975157 -0.9897086674461568
7158 2.9333235568419527 -0.9743286935129527
7159 2.9297093507383796 -0.9587045930093794
7160 2.92598220069407 -0.9425922393650701
7161 2.9221985786793923 -0.9262357591503922
7162 2.9183020127239776 -0.9093910257949775
7163 2.914348974798195 -0.8923021658691948
7164 2.9102829929316756 -0.8747250528026753
7165 2.906104067124419 -0.8566596865954188
7166 2.9018686693467948 -0.8383501938177949
7167 2.8975203276284334 -0.8195524478994334
7168 2.893002569998967 -0.8000223222699674
7169 2.888428340399133 -0.7802480700701331
7170 2.883741166858562 -0.7599855647295621
7171 2.878884577406886 -0.7389906796778858
7172 2.8739715159848416 -0.7177516680558416
7173 2.8688890386516923 -0.6957802767226924
7174 2.8636371454074383 -0.6730765056784382
7175 2.858272308222447 -0.649884481493447
7176 2.85279452709672 -0.62620420416772
7177 2.8470908580895187 -0.6015474205605185
7178 2.841274245141581 -0.5764023838125811
7179 2.8352882162825384 -0.5505249673535384
7180 2.8291327715123913 -0.5239151711833916
7181 2.82275143886077 -0.4963288687317702
7182 2.8162571622684127 -0.46825431313941257
7183 2.8094805258242137 -0.43895912469521337
7184 2.8025344734689095 -0.40893155653990965
7185 2.7953625332321326 -0.37792748210313265
7186 2.7879647051138816 -0.3459469013848815
7187 2.7803409891141575 -0.3129898143851575
7188 2.772434913262592 -0.27881209453359146
7189 2.7643029495295526 -0.2436578684005526
7190 2.7558321539743043 -0.20703888284530425
7191 2.747135470537582 -0.16944339100858175
7192 2.73809995527865 -0.1303831397496502
7193 2.7287256081975073 -0.08985812906850743
7194 2.7190124292941555 -0.04786835896515518
7195 2.7089604185685934 -0.004413829439593453
7196 2.6985131040504537 0.04074958607854651
7197 2.6876704857397344 0.08762188758926559
7198 2.6763196196957013 0.1366913282332991
7199 2.6646299218294573 0.18722552829954298
7200 2.652375504259531 0.24020099406946915
7201 2.6396128389562894 0.29537359897271065
7202 2.6263419259197325 0.3527433430092679
7203 2.612506293179493 0.412554352749507
7204 2.5979365248244646 0.4755390079045356
7205 2.5828020367657536 0.5409649287632465
7206 2.566933413092254 0.6095644950367465
7207 2.550274181833598 0.6815818332954025
7208 2.532824342989785 0.7570169435392149
7209 2.514527424590448 0.8361139523385521
7210 2.495157538754112 0.9198493659748883
7211 2.4748841013918828 1.0074908047371176
7212 2.453424752651919 1.1002589014770812
7213 2.4307794925342203 1.1981536561947794
7214 2.4068353770980497 1.3016633220309504
7215 2.381479462402672 1.4112761521263284
7216 2.3544293885962437 1.5282127793327565
7217 2.3257980996195022 1.651984950509498
7218 2.2953032356206062 1.7838132985083934
7219 2.262662436747714 1.9249184561812864
7220 2.2277627590600884 2.0757886766689118
7221 2.1903783146762565 2.237400466252743
7222 2.150057327833272 2.4117068374957285
7223 2.106686854590398 2.5991960435386026
7224 2.059815119184687 2.801821096944313
7225 2.0087644579717203 3.0225115165572802
7226 1.953365455040393 3.2619996820886072
7255 3.9903743502534748 -1.1966918261244746
7256 3.9789480756638453 -1.1597445259348453
7257 3.967269750899444 -1.1219822117704439
7258 3.955171342510424 -1.082861540981424
7259 3.9427368672217096 -1.0426541848927093
7260 3.930050341758223 -1.0016318148292234
7261 3.9168597159451948 -0.9589794168161947
7262 3.903417039957395 -0.9155120048283947
7263 3.889554280344976 -0.8706862362159762
7264 3.875187420383015 -0.824230439654015
7265 3.860484493521359 -0.7766879577923591
7266 3.84527746631016 -0.7275154479811601
7267 3.8295663387494185 -0.6767129102204184
7268 3.813435127564059 -0.624552015835059
7269 3.7967998160291567 -0.5707610935001566
7270 3.779492370694864 -0.5147968005658639
7271 3.761680825011029 -0.4572024796820289
7272 3.7432811622527282 -0.39770645952372785
7273 3.724209365695037 -0.336037068766037
7274 3.7044654353379567 -0.27219430740895634
7275 3.684049371181485 -0.2061781754524845
7276 3.6628771565007003 -0.13771700157170041
7277 3.640948791295602 -0.06681078576660182
7278 3.6181802588412655 0.006812143287734607
7279 3.594487542412768 0.08342345691623176
7280 3.5698706420101094 0.16302315511889054
7281 3.5443295576332905 0.2456112378957096
7282 3.5176122391075375 0.3320027192214625
7283 3.4899707366076247 0.4213825851213753
7284 3.4610689832338544 0.5148375208951457
7285 3.430822962261305 0.6126391978676948
7286 3.399316690414898 0.7145159447141025
7287 3.366382134244789 0.8210111040842114
7288 3.3318512603011277 0.9326680186278722
7289 3.2957240685839158 1.0494866883450844
7290 3.2578325256433045 1.1720104558856956
7291 3.218008598029447 1.3007826638995525
7292 3.1761682690174204 1.4360749837115794
7293 3.132143505157375 1.5784307579716255
7294 3.085598239549619 1.728936671979381
7295 3.0366164889190728 1.8873210544099273
7296 2.9848621863660427 2.054670590562958
7297 2.9298312315409873 2.232615308388013
7298 2.8716916578937526 2.4206118652352475
7299 2.809855348349873 2.620561960379127
7300 2.74390221928473 2.8338239504442706
7301 2.6736642372484756 3.0609411780805242
7302 2.5986373018915674 3.3035436712374318
7303 2.5178972292398436 3.5646198144891565
7304 2.43152803601823 3.84389793651077
7305 2.3384375048027155 4.144909764526284
7351 3.9546497762003563 1.3965772913286427
7352 3.891708884764344 1.5606640121646569
7353 3.8258486569908543 1.732361434338146
7354 3.7566019990658908 1.9128872700631097
7355 3.684319231349951 2.1013282351790483
7356 3.6084164865755395 2.2992064699534605
7357 3.52830989747516 2.5080441146538393
7358 3.4443497844093103 2.7269278851196908
7359 3.3558355066569963 2.9576843496720038
7360 3.262066423497223 3.2021400766317774
7361 3.1633928552904877 3.459381781838512
7362 3.0588806144087974 3.7318448897202026
7363 2.9477122866776586 4.021660396651342
7407 3.8920429092343025 3.6485503764946983
7408 3.752484093262839 3.9374822540661603
7486 0.02406586956350611 0.8848138521654939
7487 0.024034492940867905 0.8850328833881321
7488 0.023971739695591486 0.8854709458334085
7489 0.023940363072953275 0.8856899770560467
7490 0.023940363072953275 0.8856899770560467
7491 0.02387760982767686 0.8861280395013232
7492 0.02384623320503865 0.8863470707239613
7493 0.02378347995976223 0.8867851331692378
7494 0.02372072671448582 0.8872231956145142
7495 0.023689350091847604 0.8874422268371525
7496 0.023626596846571188 0.8878802892824288
7497 0.023563843601294772 0.8883183517277052
7498 0.023532466978656564 0.8885373829503436
7499 0.02346971373338014 0.8889754453956199
7500 0.023375583865465517 0.8896325390635345
7501 0.0233128306201891 0.890070601508811
7502 0.023250077374912685 0.8905086639540873
7503 0.023187324129636266 0.8909467263993637
7504 0.023124570884359846 0.8913847888446402
7505 0.02306181763908343 0.8918228512899166
7506 0.022999064393807018 0.892260913735193
7507 0.022936311148530595 0.8926989761804695
7508 0.022779428035339555 0.8937941322936604
7509 0.022685298167424928 0.8944512259615751
7510 0.02265392154478672 0.8946702571842133
7511 0.022622544922148508 0.8948892884068514
7512 0.0225911682995103 0.8951083196294898
7513 0.022559791676872092 0.895327350852128
7514 0.022497038431595676 0.8957654132974043
7515 0.022402908563681045 0.8964225069653189
7516 0.02237153194104284 0.8966415381879572
7517 0.022340155318404633 0.8968605694105954
7518 0.02227740207312821 0.8972986318558718
7519 0.022214648827851794 0.8977366943011482
7520 0.022151895582575378 0.8981747567464247
7521 0.02208914233729896 0.8986128191917011
7522 0.022026389092022546 0.8990508816369774
7523 0.021963635846746123 0.8994889440822539
7524 0.021900882601469707 0.8999270065275303
7525 0.02183812935619329 0.9003650689728067
7526 0.02177537611091687 0.9008031314180832
7527 0.021712622865640456 0.9012411938633595
7528 0.021681246243002245 0.9014602250859978
7529 0.021618492997725825 0.9018982875312742
7530 0.021555739752449413 0.9023363499765507
7531 0.021461609884534782 0.9029934436444652
7532 0.02139885663925837 0.9034315060897417
7533 0.021336103393981946 0.9038695685350181
7534 0.02130472677134374 0.9040885997576563
7535 0.021210596903429114 0.904745693425571
7536 0.021147843658152695 0.9051837558708473
7537 0.02108509041287628 0.9056218183161238
7538 0.021022337167599867 0.9060598807614002
7539 0.020959583922323447 0.9064979432066765
7540 0.020896830677047028 0.906936005651953
7541 0.020834077431770612 0.9073740680972294
7542 0.020771324186494192 0.9078121305425059
7543 0.020708570941217776 0.9082501929877822
7544 0.02064581769594136 0.9086882554330588
7545 0.020583064450664938 0.9091263178783351
7546 0.02052031120538852 0.9095643803236114
7547 0.020457557960112106 0.910002442768888
7548 0.020394804714835683 0.9104405052141643
7549 0.02033205146955927 0.9108785676594408
7550 0.02026929822428285 0.9113166301047172
7551 0.020206544979006435 0.9117546925499936
7552 0.020143791733730015 0.91219275499527
7553 0.020081038488453596 0.9126308174405465
7554 0.020018285243177183 0.9130688798858229
7555 0.019955531997900764 0.9135069423310992
7556 0.019892778752624348 0.9139450047763757
7557 0.01983002550734793 0.9143830672216521
7558 0.019767272262071513 0.9148211296669285
7559 0.019704519016795097 0.9152591921122049
7560 0.019641765771518674 0.9156972545574814
7561 0.01957901252624226 0.9161353170027577
7562 0.01951625928096584 0.9165733794480343
7563 0.019453506035689423 0.9170114418933106
7564 0.019390752790413007 0.917449504338587
7565 0.019327999545136587 0.9178875667838635
7566 0.01926524629986017 0.9183256292291399
7567 0.019202493054583752 0.9187636916744163
7568 0.019139739809307336 0.9192017541196926
7569 0.019076986564030916 0.9196398165649692
7570 0.0190142333187545 0.9200778790102455
7571 0.018951480073478084 0.9205159414555218
7572 0.018888726828201665 0.9209540039007984
7573 0.01882597358292525 0.9213920663460747
7574 0.018763220337648833 0.9218301287913512
7575 0.01870046709237241 0.9222681912366276
7576 0.018637713847095994 0.9227062536819041
7577 0.01857496060181958 0.9231443161271804
7578 0.018512207356543162 0.9235823785724568
7579 0.018449454111266743 0.9240204410177333
7580 0.018386700865990323 0.9244585034630097
7581 0.018323947620713908 0.9248965659082862
7582 0.018229817752799284 0.9255536595762007
7583 0.01816706450752286 0.9259917220214772
7584 0.018104311262246448 0.9264297844667536
7585 0.01804155801697003 0.92686784691203
7586 0.01801018139433182 0.9270868781346682
7587 0.0179474281490554 0.9275249405799447
7588 0.017853298281140774 0.9281820342478593
7589 0.017790545035864358 0.9286200966931357
7590 0.017727791790587942 0.929058159138412
7591 0.017665038545311526 0.9294962215836885
7592 0.017602285300035107 0.9299342840289648
7593 0.01753953205475869 0.9303723464742414
7594 0.01747677880948227 0.9308104089195177
7595 0.017414025564205852 0.9312484713647942
7596 0.01735127231892944 0.9316865338100706
7597 0.01728851907365302 0.932124596255347
7598 0.0172257658283766 0.9325626587006234
7599 0.017194389205738392 0.9327816899232617
7600 0.017100259337823765 0.9334387835911763
7601 0.01703750609254735 0.9338768460364526
7602 0.016974752847270933 0.9343149084817292
7603 0.016911999601994514 0.9347529709270055
7604 0.016849246356718098 0.9351910333722819
7605 0.01678649311144168 0.9356290958175584
7606 0.016723739866165262 0.9360671582628348
7607 0.016660986620888843 0.9365052207081112
7608 0.016598233375612427 0.9369432831533876
7609 0.016566856752974216 0.9371623143760258
7610 0.01647272688505959 0.9378194080439404
7611 0.016409973639783176 0.9382574704892169
7612 0.016347220394506756 0.9386955329344933
7613 0.01628446714923034 0.9391335953797697
7614 0.01622171390395392 0.9395716578250461
7615 0.016158960658677505 0.9400097202703225
7616 0.01609620741340109 0.9404477827155989
7617 0.03073007301590215 0.8792755763130979
7618 0.030694872474074094 0.8794984314549259
7619 0.03062447139041796 0.8799441417385822
7620 0.03062447139041796 0.8799441417385822
7621 0.03058927084858989 0.8801669968804101
7622 0.030518869764933756 0.8806127071640663
7623 0.03044846868127762 0.8810584174477224
7624 0.03044846868127762 0.8810584174477224
7625 0.030342867055793428 0.8817269828732066
7626 0.030307666513965357 0.8819498380150347
7627 0.030272465972137293 0.8821726931568628
7628 0.03020206488848116 0.8826184034405188
7629 0.030096463262996954 0.8832869688660031
7630 0.030061262721168897 0.8835098240078311
7631 0.029990861637512762 0.8839555342914873
7632 0.029920460553856623 0.8844012445751434
7633 0.029850059470200495 0.8848469548587996
7634 0.02977965838654436 0.8852926651424556
7635 0.029709257302888224 0.8857383754261118
7636 0.029638856219232092 0.8861840857097679
7637 0.029603655677404025 0.8864069408515961
7638 0.029533254593747893 0.8868526511352521
7639 0.02949805405191983 0.8870755062770802
7640 0.029427652968263694 0.8875212165607363
7641 0.029357251884607558 0.8879669268443925
7642 0.029286850800951426 0.8884126371280486
7643 0.02921644971729529 0.8888583474117047
7644 0.029181249175467227 0.8890812025535327
7645 0.029146048633639156 0.8893040576953609
7646 0.029005246466326892 0.8901954782626732
7647 0.02893484538267076 0.8906411885463292
7648 0.02889964484084269 0.8908640436881573
7649 0.02882924375718656 0.8913097539718134
7650 0.028758842673530426 0.8917554642554696
7651 0.02868844158987429 0.8922011745391257
7652 0.02854763942256203 0.893092595106438
7653 0.028477238338905895 0.8935383053900942
7654 0.02840683725524976 0.8939840156737503
7655 0.028336436171593628 0.8944297259574063
7656 0.028266035087937492 0.8948754362410626
7657 0.028195634004281364 0.8953211465247186
7658 0.028160433462453293 0.8955440016665467
7659 0.028090032378797158 0.8959897119502029
7660 0.02801963129514103 0.896435422233859
7661 0.02794923021148489 0.8968811325175151
7662 0.027843628586000698 0.8975496979429994
7663 0.027773227502344563 0.8979954082266555
7664 0.027702826418688428 0.8984411185103116
7665 0.027632425335032296 0.8988868287939678
7666 0.02756202425137616 0.8993325390776239
7667 0.027491623167720032 0.89977824936128
7668 0.027421222084063897 0.9002239596449361
7669 0.02735082100040776 0.9006696699285923
7670 0.02728041991675163 0.9011153802122484
7671 0.027210018833095494 0.9015610904959046
7672 0.027139617749439366 0.9020068007795606
7673 0.02706921666578323 0.9024525110632168
7674 0.026998815582127095 0.9028982213468729
7675 0.026928414498470964 0.9033439316305291
7676 0.02685801341481483 0.9037896419141852
7677 0.0267876123311587 0.9042353521978413
7678 0.026717211247502565 0.9046810624814975
7679 0.026717211247502565 0.9046810624814975
7680 0.026646810163846426 0.9051267727651536
7681 0.026576409080190298 0.9055724830488097
7682 0.026506007996534166 0.9060181933324659
7683 0.02643560691287803 0.906463903616122
7684 0.026365205829221895 0.9069096138997782
7685 0.02629480474556576 0.9073553241834342
7686 0.026224403661909628 0.9078010344670905
7687 0.0261540025782535 0.9082467447507465
7688 0.026083601494597364 0.9086924550344028
7689 0.02601320041094123 0.9091381653180588
7690 0.025942799327285097 0.9095838756017149
7691 0.025837197701800898 0.9102524410271992
7692 0.025801997159972834 0.9104752961690272
7693 0.0257315960763167 0.9109210064526834
7694 0.025661194992660563 0.9113667167363395
7695 0.02559079390900443 0.9118124270199957
7696 0.02548519228352023 0.9124809924454799
7697 0.0254147911998641 0.9129267027291359
7698 0.02534439011620796 0.9133724130127922
7699 0.025273989032551833 0.9138181232964482
7700 0.025203587948895698 0.9142638335801043
7701 0.025133186865239562 0.9147095438637605
7702 0.02506278578158343 0.9151552541474166
7703 0.024992384697927302 0.9156009644310728
7704 0.024921983614271167 0.9160466747147289
7705 0.02485158253061503 0.916492384998385
7706 0.024781181446958896 0.9169380952820412
7707 0.024710780363302765 0.9173838055656972
7708 0.024640379279646636 0.9178295158493534
7709 0.0245699781959905 0.9182752261330096
7710 0.024499577112334366 0.9187209364166656
7711 0.02442917602867823 0.9191666467003218
7712 0.0243587749450221 0.9196123569839779
7713 0.0243587749450221 0.9196123569839779
7714 0.02428837386136597 0.9200580672676341
7715 0.024217972777709835 0.9205037775512902
7716 0.0241475716940537 0.9209494878349463
7717 0.024077170610397564 0.9213951981186025
7718 0.024077170610397564 0.9213951981186025
7719 0.024006769526741432 0.9218409084022586
7720 0.024006769526741432 0.9218409084022586
7721 0.023936368443085304 0.9222866186859147
7722 0.023936368443085304 0.9222866186859147
7723 0.023936368443085304 0.9222866186859147
7724 0.02386596735942917 0.9227323289695709
7725 0.02386596735942917 0.9227323289695709
7726 0.023795566275773034 0.923178039253227
7727 0.023795566275773034 0.923178039253227
7728 0.023725165192116898 0.9236237495368832
7729 0.023725165192116898 0.9236237495368832
7730 0.023725165192116898 0.9236237495368832
7731 0.023654764108460766 0.9240694598205392
7732 0.023584363024804638 0.9245151701041955
7733 0.023584363024804638 0.9245151701041955
7734 0.023584363024804638 0.9245151701041955
7735 0.023513961941148503 0.9249608803878515
7736 0.023513961941148503 0.9249608803878515
7737 0.023443560857492367 0.9254065906715077
7738 0.02337315977383623 0.9258523009551638
7739 0.02337315977383623 0.9258523009551638
7740 0.0233027586901801 0.9262980112388199
7741 0.0233027586901801 0.9262980112388199
7742 0.023232357606523972 0.9267437215224761
7743 0.023161956522867837 0.9271894318061322
7744 0.023091555439211698 0.9276351420897884
7745 0.02302115435555557 0.9280808523734445
7746 0.022950753271899434 0.9285265626571005
7747 0.022950753271899434 0.9285265626571005
7748 0.0228803521882433 0.9289722729407568
7749 0.0228803521882433 0.9289722729407568
7750 0.022809951104587167 0.9294179832244128
7751 0.022809951104587167 0.9294179832244128
7752 0.022739550020931032 0.9298636935080691
7753 0.022739550020931032 0.9298636935080691
7754 0.022669148937274904 0.9303094037917251
7755 0.022669148937274904 0.9303094037917251
7756 0.02259874785361877 0.9307551140753813
7757 0.02259874785361877 0.9307551140753813
7758 0.022528346769962633 0.9312008243590374
7759 0.022528346769962633 0.9312008243590374
7760 0.02249314622813457 0.9314236795008655
7761 0.0224579456863065 0.9316465346426935
7762 0.0224579456863065 0.9316465346426935
7763 0.022387544602650366 0.9320922449263497
7764 0.022387544602650366 0.9320922449263497
7765 0.022317143518994238 0.9325379552100057
7766 0.022317143518994238 0.9325379552100057
7767 0.022317143518994238 0.9325379552100057
7768 0.022246742435338102 0.932983665493662
7769 0.022246742435338102 0.932983665493662
7770 0.02217634135168197 0.933429375777318
7771 0.02217634135168197 0.933429375777318
7772 0.022105940268025835 0.9338750860609742
7773 0.0220355391843697 0.9343207963446303
7774 0.0220355391843697 0.9343207963446303
7775 0.021965138100713568 0.9347665066282865
7776 0.021894737017057436 0.9352122169119426
7777 0.021894737017057436 0.9352122169119426
7778 0.0218243359334013 0.9356579271955988
7779 0.021753934849745166 0.9361036374792548
7780 0.021753934849745166 0.9361036374792548
7781 0.021683533766089034 0.936549347762911
7782 0.021683533766089034 0.936549347762911
7783 0.044802880903698446 0.8665163506253016
7784 0.04471882296579282 0.8669757177632073
7785 0.04463476502788719 0.8674350849011129
7786 0.04459273605893438 0.8676647684700656
7787 0.04450867812102876 0.8681241356079713
7788 0.04442462018312313 0.8685835027458769
7789 0.0443405622452175 0.8690428698837825
7790 0.04429853327626469 0.8692725534527354
7791 0.04429853327626469 0.8692725534527354
7792 0.044214475338359066 0.869731920590641
7793 0.044172446369406246 0.8699616041595938
7794 0.04404635946254781 0.8706506548664523
7795 0.04392027255568937 0.8713397055733106
7796 0.04383621461778375 0.8717990727112163
7797 0.043752156679878126 0.872258439849122
7798 0.0436680987419725 0.8727178069870275
7799 0.04358404080406687 0.8731771741249332
7800 0.043499982866161246 0.8736365412628389
7801 0.04341592492825562 0.8740959084007444
7802 0.04333186699034999 0.8745552755386501
7803 0.04324780905244437 0.8750146426765556
7804 0.04316375111453875 0.8754740098144613
7805 0.04307969317663311 0.875933376952367
7806 0.04299563523872749 0.8763927440902726
7807 0.04295360626977468 0.8766224276592254
7808 0.04286954833186905 0.877081794797131
7809 0.04286954833186905 0.877081794797131
7810 0.04282751936291624 0.8773114783660837
7811 0.04274346142501062 0.8777708455039894
7812 0.04265940348710499 0.878230212641895
7813 0.042533316580246554 0.8789192633487535
7814 0.04244925864234092 0.8793786304866591
7815 0.0423652007044353 0.8798379976245647
7816 0.04228114276652968 0.8802973647624703
7817 0.042197084828624054 0.880756731900376
7818 0.042070997921765614 0.8814457826072344
7819 0.04198693998385999 0.8819051497451401
7820 0.04190288204595436 0.8823645168830456
7821 0.04186085307700155 0.8825942004519984
7822 0.04177679513909592 0.883053567589904
7823 0.041692737201190294 0.8835129347278098
7824 0.041608679263284674 0.8839723018657153
7825 0.04152462132537904 0.884431669003621
7826 0.04144056338747342 0.8848910361415266
7827 0.041356505449567794 0.8853504032794323
7828 0.04127244751166217 0.8858097704173379
7829 0.04118838957375655 0.8862691375552434
7830 0.04106230266689811 0.8869581882621019
7831 0.04097824472899248 0.8874175554000076
7832 0.04093621576003967 0.8876472389689604
7833 0.04085215782213404 0.888106606106866
7834 0.040768099884228415 0.8885659732447717
7835 0.04068404194632279 0.8890253403826772
7836 0.04055795503946435 0.8897143910895357
7837 0.040515926070511535 0.8899440746584885
7838 0.04043186813260591 0.8904034417963941
7839 0.04034781019470029 0.8908628089342998
7840 0.04026375225679466 0.8913221760722053
7841 0.040179694318889035 0.891781543210111
7842 0.040095636380983415 0.8922409103480166
7843 0.04001157844307778 0.8927002774859223
7844 0.03992752050517216 0.8931596446238279
7845 0.039843462567266535 0.8936190117617334
7846 0.03975940462936091 0.8940783788996391
7847 0.03967534669145528 0.8945377460375448
7848 0.039591288753549655 0.8949971131754504
7849 0.039507230815644036 0.895456480313356
7850 0.03942317287773841 0.8959158474512616
7851 0.03933911493983278 0.8963752145891672
7852 0.039255057001927156 0.896834581727073
7853 0.03917099906402153 0.8972939488649785
7854 0.0390869411261159 0.8977533160028841
7855 0.039002883188210276 0.8982126831407897
7856 0.038918825250304656 0.8986720502786953
7857 0.03883476731239902 0.8991314174166011
7858 0.0387507093744934 0.8995907845545066
7859 0.038666651436587776 0.9000501516924123
7860 0.03858259349868215 0.9005095188303178
7861 0.03849853556077652 0.9009688859682234
7862 0.038414477622870896 0.9014282531061292
7863 0.038330419684965276 0.9018876202440347
7864 0.03824636174705965 0.9023469873819404
7865 0.03816230380915402 0.902806354519846
7866 0.038078245871248396 0.9032657216577517
7867 0.03799418793334277 0.9037250887956573
7868 0.03791012999543714 0.9041844559335628
7869 0.03782607205753152 0.9046438230714685
7870 0.0377420141196259 0.9051031902093742
7871 0.03765795618172026 0.9055625573472798
7872 0.037573898243814643 0.9060219244851854
7873 0.03748984030590902 0.9064812916230911
7874 0.0374057823680034 0.9069406587609966
7875 0.037321724430097764 0.9074000258989023
7876 0.037237666492192144 0.9078593930368078
7877 0.03715360855428651 0.9083187601747136
7878 0.037069550616380884 0.9087781273126192
7879 0.03698549267847527 0.9092374944505247
7880 0.03690143474056964 0.9096968615884304
7881 0.03681737680266401 0.910156228726336
7882 0.036733318864758384 0.9106155958642417
7883 0.036649260926852764 0.9110749630021473
7884 0.03656520298894714 0.9115343301400529
7885 0.03648114505104151 0.9119936972779585
7886 0.036397087113135884 0.9124530644158642
7887 0.03631302917523025 0.9129124315537698
7888 0.03622897123732463 0.9133717986916754
7889 0.03614491329941901 0.913831165829581
7890 0.036060855361513384 0.9142905329674866
7891 0.03597679742360775 0.9147499001053924
7892 0.03589273948570213 0.9152092672432979
7893 0.035808681547796505 0.9156686343812035
7894 0.03572462360989088 0.9161280015191091
7895 0.03564056567198525 0.9165873686570147
7896 0.035556507734079625 0.9170467357949205
7897 0.035472449796174005 0.917506102932826
7898 0.03538839185826838 0.9179654700707317
7899 0.03530433392036276 0.9184248372086372
7900 0.035220275982457125 0.9188842043465429
7901 0.0351362180445515 0.9193435714844486
7902 0.03505216010664588 0.9198029386223541
7903 0.03496810216874025 0.9202623057602598
7904 0.034884044230834625 0.9207216728981654
7905 0.03479998629292899 0.921181040036071
7906 0.03471592835502337 0.9216404071739767
7907 0.034631870417117745 0.9220997743118823
7908 0.034547812479212126 0.9225591414497879
7909 0.0344637545413065 0.9230185085876936
7910 0.034379696603400865 0.9234778757255991
7911 0.03429563866549524 0.9239372428635048
7912 0.03421158072758962 0.9243966100014105
7913 0.034127522789684 0.924855977139316
7914 0.034043464851778366 0.9253153442772217
7915 0.06192249883242088 0.8508979694965791
7916 0.061824442618909514 0.8513713349100905
7917 0.06172638640539817 0.8518447003236018
7918 0.0616283301918868 0.8523180657371132
7919 0.06153027397837545 0.8527914311506246
7920 0.06143221776486411 0.853264796564136
7921 0.06133416155135274 0.8537381619776473
7922 0.06133416155135274 0.8537381619776473
7923 0.06133416155135274 0.8537381619776473
7924 0.06128513344459706 0.853974844684403
7925 0.06118707723108571 0.8544482100979143
7926 0.06113804912433003 0.85468489280467
7927 0.06103999291081868 0.8551582582181814
7928 0.060990964804063005 0.8553949409249371
7929 0.060941936697307325 0.8556316236316928
7930 0.060892908590551645 0.8558683063384485
7931 0.06084388048379596 0.856104989045204
7932 0.06079485237704029 0.8563416717519597
7933 0.06069679616352894 0.856815037165471
7934 0.060598739950017584 0.8572884025789824
7935 0.06050068373650623 0.8577617679924938
7936 0.06040262752299486 0.8582351334060052
7937 0.06030457130948351 0.8587084988195165
7938 0.060206515095972156 0.8591818642330279
7939 0.0601084588824608 0.8596552296465392
7940 0.06001040266894945 0.8601285950600506
7941 0.05991234645543809 0.860601960473562
7942 0.059814290241926735 0.8610753258870733
7943 0.05976526213517106 0.861312008593829
7944 0.05971623402841538 0.8615486913005846
7945 0.05966720592165971 0.8617853740073402
7946 0.05966720592165971 0.8617853740073402
7947 0.05961817781490403 0.8620220567140959
7948 0.05947109349463699 0.862732104834363
7949 0.05942206538788132 0.8629687875411187
7950 0.05937303728112563 0.8632054702478744
7951 0.05927498106761428 0.8636788356613857
7952 0.059176924854102926 0.8641522010748971
7953 0.05907886864059157 0.8646255664884085
7954 0.05898081242708021 0.8650989319019199
7955 0.05888275621356887 0.8655722973154312
7956 0.058784700000057505 0.8660456627289425
7957 0.05873567189330183 0.8662823454356982
7958 0.05863761567979048 0.8667557108492097
7959 0.05853955946627912 0.8672290762627209
7960 0.058441503252767764 0.8677024416762322
7961 0.05834344703925641 0.8681758070897436
7962 0.05824539082574506 0.8686491725032549
7963 0.0581473346122337 0.8691225379167664
7964 0.058049278398722336 0.8695959033302777
7965 0.05795122218521098 0.8700692687437891
7966 0.05785316597169963 0.8705426341573004
7967 0.057755109758188275 0.8710159995708118
7968 0.05765705354467692 0.8714893649843232
7969 0.05755899733116557 0.8719627303978345
7970 0.0574609411176542 0.8724360958113458
7971 0.05736288490414285 0.8729094612248571
7972 0.0572648286906315 0.8733828266383685
7973 0.05716677247712015 0.8738561920518799
7974 0.05706871626360879 0.8743295574653913
7975 0.056970660050097426 0.8748029228789026
7976 0.056872603836586086 0.8752762882924139
7977 0.05677454762307473 0.8757496537059253
7978 0.056676491409563365 0.8762230191194367
7979 0.05657843519605201 0.8766963845329481
7980 0.05648037898254066 0.8771697499464594
7981 0.056382322769029304 0.8776431153599707
7982 0.05628426655551795 0.878116480773482
7983 0.05623523844876227 0.8783531634802377
7984 0.05613718223525092 0.8788265288937491
7985 0.055990097914983876 0.8795365770140161
7986 0.05589204170147252 0.8800099424275275
7987 0.055793985487961176 0.8804833078410388
7988 0.05569592927444982 0.8809566732545503
7989 0.055597873060938455 0.8814300386680616
7990 0.05554884495418278 0.8816667213748173
7991 0.05540176063391575 0.8823767694950843
7992 0.05535273252716007 0.88261345220184
7993 0.055254676313648714 0.8830868176153513
7994 0.05515662010013736 0.8835601830288627
7995 0.05505856388662601 0.884033548442374
7996 0.05496050767311465 0.8845069138558853
7997 0.054862451459603286 0.8849802792693967
7998 0.054764395246091946 0.885453644682908
7999 0.05466633903258059 0.8859270100964195
8000 0.054568282819069225 0.8864003755099308
8001 0.05447022660555787 0.8868737409234422
8002 0.05437217039204652 0.8873471063369535
8003 0.054274114178535164 0.8878204717504649
8004 0.05417605796502381 0.8882938371639763
8005 0.05407800175151246 0.8887672025774876
8006 0.053979945538001096 0.8892405679909989
8007 0.05388188932448974 0.8897139334045102
8008 0.05378383311097839 0.8901872988180217
8009 0.053685776897467036 0.890660664231533
8010 0.05358772068395568 0.8911340296450444
8011 0.053489664470444315 0.8916073950585557
8012 0.05339160825693296 0.8920807604720671
8013 0.05329355204342161 0.8925541258855785
8014 0.05319549582991026 0.8930274912990898
8015 0.0530974396163989 0.8935008567126012
8016 0.05299938340288754 0.8939742221261124
8017 0.05290132718937618 0.8944475875396238
8018 0.05280327097586483 0.8949209529531352
8019 0.05270521476235348 0.8953943183666466
8020 0.052607158548842126 0.8958676837801579
8021 0.052509102335330765 0.8963410491936692
8022 0.052411046121819405 0.8968144146071806
8023 0.05231298990830806 0.897287780020692
8024 0.052214933694796704 0.8977611454342034
8025 0.052116877481285344 0.8982345108477147
8026 0.05201882126777399 0.8987078762612261
8027 0.05192076505426264 0.8991812416747373
8028 0.051822708840751276 0.8996546070882487
8029 0.05172465262723993 0.9001279725017601
8030 0.05162659641372857 0.9006013379152714
8031 0.05152854020021721 0.9010747033287828
8032 0.051430483986705855 0.9015480687422941
8033 0.05133242777319451 0.9020214341558056
8034 0.051234371559683155 0.9024947995693169
8035 0.051136315346171794 0.9029681649828283
8036 0.051038259132660434 0.9034415303963396
8037 0.05094020291914909 0.9039148958098508
8038 0.050842146705637734 0.9043882612233624
8039 0.05074409049212637 0.9048616266368736
8040 0.05064603427861501 0.905334992050385
8041 0.05054797806510366 0.9058083574638963
8042 0.050449921851592305 0.9062817228774078
8043 0.05035186563808095 0.9067550882909191
8044 0.05025380942456959 0.9072284537044305
8045 0.05015575321105824 0.9077018191179418
8046 0.050057696997546884 0.9081751845314531
8047 0.04995964078403553 0.9086485499449646
8048 0.049861584570524184 0.9091219153584759
8049 0.04976352835701282 0.9095952807719873
8050 0.04966547214350146 0.9100686461854985
8051 0.0495674159299901 0.9105420115990099
8052 0.04946935971647875 0.9110153770125213
8053 0.0493713035029674 0.9114887424260326
8054 0.09914360638883549 0.8187435361401646
8055 0.09902021671069133 0.8192422350183086
8056 0.09895852187161924 0.8194915844573808
8057 0.09889682703254717 0.8197409338964529
8058 0.09889682703254717 0.8197409338964529
8059 0.09883513219347509 0.8199902833355249
8060 0.09871174251533092 0.8204889822136692
8061 0.09858835283718675 0.8209876810918133
8062 0.09846496315904259 0.8214863799699574
8063 0.09840326831997051 0.8217357294090295
8064 0.09827987864182634 0.8222344282871737
8065 0.09815648896368219 0.8227331271653178
8066 0.09803309928553801 0.823231826043462
8067 0.09790970960739387 0.8237305249216061
8068 0.0977863199292497 0.8242292237997504
8069 0.09766293025110552 0.8247279226778945
8070 0.09753954057296135 0.8252266215560387
8071 0.09741615089481719 0.8257253204341829
8072 0.09735445605574511 0.825974669873255
8073 0.09729276121667303 0.8262240193123269
8074 0.09716937153852888 0.8267227181904712
8075 0.09704598186038471 0.8272214170686153
8076 0.09692259218224054 0.8277201159467595
8077 0.09686089734316847 0.8279694653858315
8078 0.0967375076650243 0.8284681642639757
8079 0.09667581282595222 0.8287175137030478
8080 0.09655242314780806 0.8292162125811919
8081 0.09636733863059181 0.8299642608984082
8082 0.09618225411337557 0.8307123092156244
8083 0.09605886443523141 0.8312110080937687
8084 0.09593547475708723 0.8317097069719128
8085 0.09581208507894307 0.832208405850057
8086 0.0956886954007989 0.8327071047282011
8087 0.09556530572265474 0.8332058036063453
8088 0.09544191604451058 0.8337045024844895
8089 0.09531852636636642 0.8342032013626336
8090 0.09519513668822226 0.8347019002407778
8091 0.0950717470100781 0.8352005991189219
8092 0.09494835733193394 0.8356992979970661
8093 0.09482496765378977 0.8361979968752102
8094 0.0947015779756456 0.8366966957533545
8095 0.09457818829750143 0.8371953946314986
8096 0.09445479861935728 0.8376940935096427
8097 0.09433140894121311 0.838192792387787
8098 0.09420801926306896 0.838691491265931
8099 0.09408462958492478 0.8391901901440753
8100 0.09396123990678061 0.8396888890222194
8101 0.09383785022863647 0.8401875879003636
8102 0.09371446055049229 0.8406862867785078
8103 0.09359107087234812 0.841184985656652
8104 0.09346768119420396 0.8416836845347961
8105 0.0933442915160598 0.8421823834129402
8106 0.09322090183791565 0.8426810822910844
8107 0.09309751215977148 0.8431797811692285
8108 0.09297412248162731 0.8436784800473728
8109 0.09285073280348315 0.8441771789255169
8110 0.09272734312533898 0.8446758778036612
8111 0.09260395344719483 0.8451745766818052
8112 0.09248056376905066 0.8456732755599493
8113 0.09235717409090649 0.8461719744380936
8114 0.09223378441276232 0.8466706733162377
8115 0.09211039473461816 0.8471693721943819
8116 0.091987005056474 0.847668071072526
8117 0.09186361537832984 0.8481667699506702
8118 0.09174022570018567 0.8486654688288143
8119 0.0916168360220415 0.8491641677069586
8120 0.09149344634389735 0.8496628665851027
8121 0.0913700566657532 0.8501615654632468
8122 0.09124666698760903 0.850660264341391
8123 0.09112327730946486 0.8511589632195351
8124 0.09099988763132069 0.8516576620976793
8125 0.09087649795317651 0.8521563609758235
8126 0.09075310827503237 0.8526550598539677
8127 0.0906297185968882 0.8531537587321119
8128 0.09050632891874404 0.853652457610256
8129 0.09038293924059987 0.8541511564884001
8130 0.0902595495624557 0.8546498553665443
8131 0.09013615988431155 0.8551485542446885
8132 0.09001277020616738 0.8556472531228326
8133 0.08988938052802321 0.8561459520009769
8134 0.08976599084987905 0.856644650879121
8135 0.08964260117173488 0.8571433497572651
8136 0.08951921149359074 0.8576420486354093
8137 0.08939582181544657 0.8581407475135534
8138 0.0892724321373024 0.8586394463916976
8139 0.08914904245915824 0.8591381452698418
8140 0.08902565278101406 0.859636844147986
8141 0.08890226310286992 0.8601355430261302
8142 0.08877887342472575 0.8606342419042743
8143 0.08865548374658158 0.8611329407824184
8144 0.08853209406843743 0.8616316396605626
8145 0.08840870439029325 0.8621303385387068
8146 0.0882853147121491 0.8626290374168509
8147 0.08816192503400493 0.8631277362949952
8148 0.08803853535586076 0.8636264351731393
8149 0.0879151456777166 0.8641251340512834
8150 0.08779175599957244 0.8646238329294276
8151 0.08766836632142827 0.8651225318075718
8152 0.08754497664328412 0.865621230685716
8153 0.08742158696513995 0.8661199295638601
8154 0.0872981972869958 0.8666186284420042
8155 0.08717480760885163 0.8671173273201483
8156 0.08705141793070746 0.8676160261982926
8157 0.08692802825256328 0.8681147250764367
8158 0.08680463857441911 0.868613423954581
8159 0.08668124889627497 0.8691121228327251
8160 0.0865578592181308 0.8696108217108691
8161 0.08643446953998664 0.8701095205890134
8162 0.08631107986184247 0.8706082194671575
8163 0.0861876901836983 0.8711069183453017
8164 0.08606430050555415 0.8716056172234459
8165 0.08594091082740998 0.8721043161015901
8166 0.08581752114926582 0.8726030149797342
8167 0.08569413147112166 0.8731017138578783
8168 0.0855707417929775 0.8736004127360225
8169 0.08544735211483334 0.8740991116141668
8170 0.08532396243668917 0.8745978104923109
8171 0.085200572758545 0.875096509370455
8172 0.08507718308040083 0.8755952082485993
8173 0.08495379340225666 0.8760939071267434
8174 0.0848304037241125 0.8765926060048875
8175 0.08470701404596835 0.8770913048830317
8176 0.08458362436782418 0.8775900037611759
8177 0.08446023468968002 0.87808870263932
8178 0.08433684501153585 0.8785874015174642
8179 0.0842134553333917 0.8790861003956083
8180 0.02179692049657523 0.8867074920324248
8181 0.021778611449539048 0.8871011102794609
8182 0.021760302402502867 0.8874947285264972
8183 0.021751147878984772 0.8876915376500152
8184 0.02174199335546668 0.8878883467735333
8185 0.02173283883194859 0.8880851558970515
8186 0.0217236843084305 0.8882819650205696
8187 0.0217236843084305 0.8882819650205696
8188 0.02171452978491241 0.8884787741440876
8189 0.02170537526139432 0.8886755832676058
8190 0.02170537526139432 0.8886755832676058
8191 0.021687066214358137 0.8890692015146419
8192 0.02166875716732195 0.8894628197616781
8193 0.021650448120285767 0.8898564380087143
8194 0.021650448120285767 0.8898564380087143
8195 0.02164129359676768 0.8900532471322323
8196 0.021632139073249585 0.8902500562557505
8197 0.021632139073249585 0.8902500562557505
8198 0.021622984549731498 0.8904468653792685
8199 0.021622984549731498 0.8904468653792685
8200 0.021613830026213404 0.8906436745027866
8201 0.021595520979177222 0.8910372927498228
8202 0.021595520979177222 0.8910372927498228
8203 0.021595520979177222 0.8910372927498228
8204 0.02158636645565913 0.8912341018733408
8205 0.02158636645565913 0.8912341018733408
8206 0.02157721193214104 0.891430910996859
8207 0.02157721193214104 0.891430910996859
8208 0.02157721193214104 0.891430910996859
8209 0.021568057408622946 0.891627720120377
8210 0.021568057408622946 0.891627720120377
8211 0.021568057408622946 0.891627720120377
8212 0.021558902885104855 0.8918245292438952
8213 0.021549748361586768 0.8920213383674133
8214 0.021522284791032492 0.8926117657379675
8215 0.02150397574399631 0.8930053839850037
8216 0.021485666696960126 0.8933990022320398
8217 0.021467357649923944 0.8937926204790761
8218 0.021458203126405857 0.8939894296025941
8219 0.021449048602887762 0.8941862387261122
8220 0.02143073955585158 0.8945798569731485
8221 0.0214124305088154 0.8949734752201847
8222 0.021394121461779214 0.8953670934672209
8223 0.021375812414743033 0.895760711714257
8224 0.021357503367706848 0.8961543299612932
8225 0.02133919432067067 0.8965479482083294
8226 0.021330039797152575 0.8967447573318474
8227 0.021311730750116394 0.8971383755788837
8228 0.021293421703080212 0.8975319938259197
8229 0.021275112656044027 0.8979256120729561
8230 0.021256803609007845 0.8983192303199922
8231 0.021247649085489758 0.8985160394435103
8232 0.021229340038453573 0.8989096576905464
8233 0.02121103099141739 0.8993032759375826
8234 0.02121103099141739 0.8993032759375826
8235 0.021192721944381206 0.8996968941846188
8236 0.021192721944381206 0.8996968941846188
8237 0.021174412897345028 0.900090512431655
8238 0.021174412897345028 0.900090512431655
8239 0.021165258373826934 0.900287321555173
8240 0.021156103850308843 0.9004841306786912
8241 0.021146949326790752 0.9006809398022093
8242 0.02113779480327266 0.9008777489257274
8243 0.02113779480327266 0.9008777489257274
8244 0.02112864027975457 0.9010745580492454
8245 0.02111948575623648 0.9012713671727636
8246 0.02111948575623648 0.9012713671727636
8247 0.021101176709200295 0.9016649854197997
8248 0.021082867662164117 0.9020586036668359
8249 0.021064558615127932 0.9024522219138721
8250 0.021046249568091747 0.9028458401609083
8251 0.021027940521055565 0.9032394584079444
8252 0.02100963147401938 0.9036330766549807
8253 0.020991322426983202 0.9040266949020168
8254 0.020973013379947017 0.904420313149053
8255 0.020954704332910835 0.9048139313960892
8256 0.020936395285874654 0.9052075496431253
8257 0.02091808623883847 0.9056011678901615
8258 0.02089977719180229 0.9059947861371977
8259 0.020890622668284196 0.9061915952607158
8260 0.020881468144766106 0.906388404384234
8261 0.020872313621248015 0.906585213507752
8262 0.020863159097729924 0.9067820226312701
8263 0.020854004574211833 0.9069788317547882
8264 0.02084485005069374 0.9071756408783064
8265 0.02084485005069374 0.9071756408783064
8266 0.020826541003657557 0.9075692591253425
8267 0.020808231956621376 0.9079628773723787
8268 0.020789922909585194 0.9083564956194149
8269 0.020771613862549013 0.908750113866451
8270 0.020753304815512828 0.9091437321134872
8271 0.020734995768476646 0.9095373503605234
8272 0.020716686721440464 0.9099309686075596
8273 0.020698377674404283 0.9103245868545957
8274 0.020680068627368098 0.910718205101632
8275 0.020661759580331916 0.9111118233486681
8276 0.020643450533295735 0.9115054415957042
8277 0.020625141486259553 0.9118990598427404
8278 0.02060683243922337 0.9122926780897767
8279 0.020588523392187186 0.9126862963368129
8280 0.020570214345151005 0.913079914583849
8281 0.02055190529811482 0.9134735328308853
8282 0.02053359625107864 0.9138671510779214
8283 0.020515287204042457 0.9142607693249576
8284 0.020496978157006275 0.9146543875719938
8285 0.02047866910997009 0.9150480058190299
8286 0.020460360062933905 0.9154416240660661
8287 0.020442051015897727 0.9158352423131023
8288 0.020423741968861542 0.9162288605601385
8289 0.020414587445343454 0.9164256696836566
8290 0.020396278398307273 0.9168192879306928
8291 0.020377969351271088 0.9172129061777289
8292 0.020359660304234906 0.9176065244247652
8293 0.02034135125719872 0.9180001426718013
8294 0.020323042210162543 0.9183937609188375
8295 0.020304733163126358 0.9187873791658737
8296 0.020286424116090176 0.9191809974129098
8297 0.0202589605455359 0.9197714247834642
8298 0.02024065149849972 0.9201650430305003
8299 0.020222342451463537 0.9205586612775365
8300 0.020204033404427356 0.9209522795245727
8301 0.020185724357391174 0.9213458977716088
8302 0.02016741531035499 0.921739516018645
8303 0.020149106263318808 0.9221331342656812
8304 0.020130797216282623 0.9225267525127174
8305 0.020112488169246445 0.9229203707597535
8306 0.02009417912221026 0.9233139890067898
8307 0.020075870075174078 0.923707607253826
8308 0.020057561028137896 0.924101225500862
8309 0.02003925198110171 0.9244948437478984
8310 0.020020942934065533 0.9248884619949345
8311 0.020002633887029348 0.9252820802419707
8312 0.019984324839993167 0.9256756984890069
8313 0.01996601579295698 0.9260693167360431
8314 0.0199477067459208 0.9264629349830792
8315 0.01992939769888462 0.9268565532301154
8316 0.019911088651848437 0.9272501714771516
8317 0.019892779604812255 0.9276437897241877
8318 0.01987447055777607 0.928037407971224
8319 0.019856161510739885 0.9284310262182601
8320 0.019837852463703703 0.9288246444652963
8321 0.019819543416667522 0.9292182627123325
8322 0.01980123436963134 0.9296118809593688
8323 0.019782925322595155 0.9300054992064049
8324 0.019764616275558974 0.9303991174534411
8325 0.019746307228522792 0.9307927357004773
8326 0.01972799818148661 0.9311863539475134
8327 0.01970968913445043 0.9315799721945496
8328 0.019691380087414244 0.9319735904415858
8329 0.019673071040378062 0.932367208688622
8330 0.01965476199334188 0.9327608269356581
8331 0.0196364529463057 0.9331544451826944
8332 0.019618143899269514 0.9335480634297305
8333 0.019599834852233333 0.9339416816767666
8334 0.01958152580519715 0.9343352999238029
8335 0.01956321675816097 0.934728918170839
8336 0.019544907711124788 0.9351225364178752
8337 0.019526598664088603 0.9355161546649114
8338 0.01950828961705242 0.9359097729119477
8339 0.019489980570016236 0.9363033911589838
8340 0.019471671522980058 0.93669700940602
8341 0.019453362475943873 0.9370906276530562
8342 0.01943505342890769 0.9374842459000923
8343 0.01941674438187151 0.9378778641471286
8344 0.019407589858353416 0.9380746732706466
8345 0.028113538972163798 0.8817256907513722
8346 0.0280910375946141 0.8821047358689219
8347 0.028076826198266916 0.8823441327852691
8348 0.028067351934035464 0.8825037307295006
8349 0.02805787766980401 0.882663328673732
8350 0.028041297707398966 0.8829426250761371
8351 0.02803063916013858 0.8831221727633974
8352 0.0280164277637914 0.8833615696797446
8353 0.02799155782018383 0.8837805142833522
8354 0.027966687876576267 0.8841994588869597
8355 0.027959582178402675 0.8843191573451333
8356 0.027954845046286945 0.8843989563172491
8357 0.02794892363114229 0.8844987050323937
8358 0.027941817932968696 0.8846184034905673
8359 0.027937080800852974 0.884698202462683
8360 0.027932343668737245 0.8847780014347988
8361 0.02792760653662152 0.8848578004069145
8362 0.027922869404505793 0.8849375993790302
8363 0.027916947989361132 0.8850373480941749
8364 0.027895630894840363 0.8853964434686956
8365 0.027886156630608908 0.8855560414129271
8366 0.02788497234757998 0.885575991155956
8367 0.027881419498493182 0.8856358403850428
8368 0.027877866649406387 0.8856956896141297
8369 0.027873129517290658 0.8857754885862453
8370 0.027869576668203864 0.8858353378153322
8371 0.027864839536088138 0.8859151367874479
8372 0.027862470970030275 0.8859550362735058
8373 0.02785891812094348 0.8860148855025926
8374 0.027855365271856683 0.8860747347316793
8375 0.027850628139740954 0.8861545337037952
8376 0.027843522441567365 0.8862742321619687
8377 0.02781983678098873 0.8866732270225473
8378 0.027797335403439028 0.8870522721400971
8379 0.02777128117680253 0.8874911664867335
8380 0.027746411233194962 0.887910111090341
8381 0.027720357006558467 0.8883490054369775
8382 0.027697855629008762 0.8887280505545273
8383 0.027672985685401198 0.8891469951581348
8384 0.02764811574179363 0.8895659397617425
8385 0.027624430081214995 0.8899649346223211
8386 0.02760074442063636 0.8903639294828998
8387 0.027574690193999864 0.8908028238295362
8388 0.027551004533421224 0.8912018186901148
8389 0.027536793137074047 0.8914412156064621
8390 0.027521397457697935 0.8917005622658382
8391 0.027501264646206093 0.89203970789733
8392 0.027477578985627464 0.8924387027579086
8393 0.027447971909904167 0.8929374463336319
8394 0.02742783909841233 0.8932765919651238
8395 0.027402969154804762 0.8936955365687312
8396 0.027376914928168263 0.8941344309153677
8397 0.027350860701531764 0.8945733252620043
8398 0.027323622191866338 0.8950321693516697
8399 0.027303489380374496 0.8953713149831615
8400 0.02729875224825877 0.8954511139552773
8401 0.02727980371979586 0.8957703098437402
8402 0.027273882304651203 0.8958700585588848
8403 0.027259670908304022 0.896109455475232
8404 0.027250196644072567 0.8962690534194635
8405 0.02723835381378325 0.8964685508497527
8406 0.027227695266522866 0.8966480985370131
8407 0.027215852436233548 0.8968475959673025
8408 0.027200456756857432 0.8971069426266786
8409 0.02718150822839453 0.8974261385151415
8410 0.0271542697187291 0.8978849826048069
8411 0.0271282154920926 0.8983238769514434
8412 0.027105714114542896 0.8987029220689932
8413 0.027077291321848534 0.8991817159016875
8414 0.027055974227327764 0.8995408112762083
8415 0.027031104283720193 0.8999597558798158
8416 0.027005050057083695 0.9003986502264524
8417 0.026981364396505066 0.900797645087031
8418 0.02695767873592643 0.9011966399476096
8419 0.026928071660203137 0.9016953835233329
8420 0.026910307414769158 0.9019946296687669
8421 0.026902017433566638 0.9021342778699694
8422 0.0268818846220748 0.9024734235014613
8423 0.026861751810582958 0.9028125691329532
8424 0.02683569758394646 0.9032514634795896
8425 0.026812011923367827 0.9036504583401682
8426 0.026787141979760263 0.9040694029437757
8427 0.026759903470094833 0.9045282470334411
8428 0.026737402092545128 0.9049072921509909
8429 0.026713716431966492 0.9053062870115696
8430 0.026686477922301062 0.905765131101235
8431 0.026665160827780292 0.9061242264757557
8432 0.026639106601143794 0.9065631208223922
8433 0.026614236657536223 0.9069820654259998
8434 0.02659055099695759 0.9073810602865784
8435 0.026564496770321095 0.9078199546332149
8436 0.02654199539277139 0.9081989997507647
8437 0.026518309732192755 0.9085979946113433
8438 0.026491071222527328 0.9090568387010086
8439 0.026463832712861898 0.9095156827906742
8440 0.026442515618341125 0.9098747781651949
8441 0.026417645674733557 0.9102937227688024
8442 0.026392775731125993 0.9107126673724101
8443 0.026367905787518426 0.9111316119760176
8444 0.02634185156088193 0.911570506322654
8445 0.026318165900303295 0.9119695011832327
8446 0.026292111673666796 0.9124083955298692
8447 0.02626961029611709 0.912787440647419
8448 0.026244740352509528 0.9132063852510265
8449 0.026217501842844097 0.9136652293406919
8450 0.02619381618226546 0.9140642242012705
8451 0.026168946238657894 0.9144831688048782
8452 0.026146444861108196 0.9148622139224278
8453 0.026121574917500626 0.9152811585260353
8454 0.026096704973893062 0.915700103129643
8455 0.026070650747256563 0.9161389974762795
8456 0.02604459652062006 0.9165778918229159
8457 0.026019726577012497 0.9169968364265236
8458 0.025998409482491727 0.9173559318010442
8459 0.025971170972826297 0.9178147758907097
8460 0.02594748531224766 0.9182137707512884
8461 0.025922615368640094 0.918632715354896
8462 0.02589774542503253 0.9190516599585035
8463 0.025874059764453894 0.9194506548190822
8464 0.025848005537817395 0.9198895491657186
8465 0.02582313559420983 0.9203084937693262
8466 0.025801818499689055 0.9206675891438469
8467 0.02577694855608149 0.9210865337474545
8468 0.025752078612473927 0.9215054783510621
8469 0.025726024385837428 0.9219443726976987
8470 0.025698785876171998 0.922403216787364
8471 0.025676284498622297 0.9227822619049137
8472 0.025650230271985795 0.9232211562515503
8473 0.025626544611407162 0.9236201511121289
8474 0.025601674667799595 0.9240390957157364
8475 0.025575620441163096 0.9244779900623729
8476 0.025550750497555532 0.9248969346659806
8477 0.025527064836976896 0.9252959295265591
8478 0.02550337917639826 0.9256949243871379
8479 0.02547732494976176 0.9261338187337743
8480 0.025452455006154198 0.9265527633373818
8481 0.025428769345575565 0.9269517581979604
8482 0.02540508368499693 0.9273507530585391
8483 0.025380213741389362 0.9277696976621467
8484 0.025355343797781794 0.9281886422657543
8485 0.025331658137203162 0.9285876371263329
8486 0.02531034104268239 0.9289467325008537
8487 0.025285471099074825 0.9293656771044612
8488 0.025259416872438326 0.9298045714510976
8489 0.02523454692883076 0.9302235160547053
8490 0.02520967698522319 0.9306424606583129
8491 0.02518835989070242 0.9310015560328336
8492 0.02516230566406592 0.9314404503794701
8493 0.025138620003487284 0.9318394452400487
8494 0.02511256577685079 0.9322783395866852
8495 0.025084142984156427 0.9327571334193796
8496 0.025061641606606726 0.9331361785369293
8497 0.025034403096941295 0.9335950226265948
8498 0.025013086002420522 0.9339541180011156
8499 0.024987031775784024 0.9343930123477521
8500 0.02496334611520539 0.9347920072083307
8501 0.024938476171597824 0.9352109518119383
8502 0.02490401353545591 0.9357914893340802
8503 0.024847167950067188 0.9367490769994689
8504 0.024790322364678465 0.9377066646648575
8505 0.02473347677928974 0.9386642523302463
8506 0.024676631193901018 0.939621839995635
8507 0.024619785608512294 0.9405794276610238
8508 0.02456294002312357 0.9415370153264124
8509 0.02450609443773485 0.9424946029918011
8510 0.024449248852346128 0.9434521906571899
8511 0.0243924032669574 0.9444097783225787
8512 0.02433555768156868 0.9453673659879673
8513 0.024278712096179957 0.9463249536533561
8514 0.02422186651079123 0.9472825413187448
8515 0.02416502092540251 0.9482401289841336
8516 0.02410817534001379 0.9491977166495222
8517 0.024051329754625064 0.9501553043149109
8518 0.023994365740933447 0.9511148869546026
8519 0.023937520155544727 0.9520724746199913
8520 0.023880674570156 0.9530300622853801
8521 0.023823828984767276 0.9539876499507687
8522 0.023766983399378556 0.9549452376161575
8523 0.02371013781398983 0.9559028252815462
8524 0.02365329222860111 0.9568604129469349
8525 0.023596446643212386 0.9578180006123237
8526 0.023539601057823663 0.9587755882777124
8527 0.02348275547243494 0.959733175943101
8528 0.023425909887046212 0.9606907636084898
8529 0.02336906430165749 0.9616483512738785
8530 0.02331221871626877 0.9626059389392673
8531 0.023255373130880042 0.963563526604656
8532 0.023198527545491322 0.9645211142700447
8533 0.023141681960102602 0.9654787019354335
8534 0.023084717946410982 0.966438284575125
8535 0.023027872361022262 0.9673958722405138
8536 0.02297102677563354 0.9683534599059025
8537 0.02291418119024481 0.9693110475712913
8538 0.02285733560485609 0.97026863523668
8539 0.022800490019467365 0.9712262229020686
8540 0.022743644434078645 0.9721838105674574
8541 0.02268679884868992 0.9731413982328461
8542 0.022629953263301198 0.9740989858982348
8543 0.022573107677912475 0.9750565735636236
8544 0.02251626209252375 0.9760141612290123
8545 0.022459416507135028 0.976971748894401
8546 0.022402570921746304 0.9779293365597896
8547 0.02234572533635758 0.9788869242251784
8548 0.022288879750968858 0.9798445118905672
8549 0.022232034165580138 0.9808020995559559
8550 0.022175188580191414 0.9817596872213447
8551 0.022118224566499794 0.9827192698610362
8552 0.02206137898111107 0.983676857526425
8553 0.02200453339572235 0.9846344451918136
8554 0.021947687810333624 0.9855920328572024
8555 0.0218908422249449 0.9865496205225912
8556 0.021833996639556184 0.9875072081879799
8557 0.021777151054167457 0.9884647958533687
8558 0.021720305468778733 0.9894223835187572
8559 0.021663459883390013 0.9903799711841461
8560 0.021606614298001287 0.9913375588495347
8561 0.021549768712612563 0.9922951465149233
8562 0.021492923127223843 0.9932527341803121
8563 0.021436077541835113 0.9942103218457009
8564 0.021379231956446396 0.9951679095110896
8565 0.021322386371057673 0.9961254971764784
8566 0.021265540785668946 0.997083084841867
8567 0.021208576771977333 0.9980426674815587
8568 0.02115173118658861 0.9990002551469473
8569 0.021094885601199886 0.9999578428123361
8570 0.021038040015811162 1.0009154304777248
8571 0.020981194430422435 1.0018730181431137
8572 0.02092434884503372 1.0028306058085024
8573 0.020867503259644992 1.003788193473891
8574 0.02081065767425627 1.00474578113928
8575 0.02075381208886755 1.0057033688046686
8576 0.020696966503478822 1.0066609564700573
8577 0.0206401209180901 1.0076185441354457
8578 0.020583275332701375 1.0085761318008348
8579 0.02052642974731265 1.0095337194662233
8580 0.02046958416192393 1.010491307131612
8581 0.020412738576535208 1.0114488947970008
8582 0.020355892991146485 1.0124064824623895
8583 0.020298928977454864 1.013366065102081
8584 0.020242083392066144 1.0143236527674697
8585 0.020185237806677424 1.0152812404328586
8586 0.020128392221288694 1.0162388280982473
8587 0.020071546635899974 1.017196415763636
8588 0.02001470105051125 1.0181540034290248
8589 0.019957855465122527 1.0191115910944135
8590 0.019901009879733807 1.0200691787598022
8591 0.01984416429434508 1.021026766425191
8592 0.019787318708956357 1.0219843540905797
8593 0.019730473123567637 1.0229419417559684
8594 0.01967362753817891 1.0238995294213573
8595 0.019616781952790187 1.024857117086746
8596 0.01955993636740147 1.0258147047521344
8597 0.019503090782012743 1.026772292417523
8598 0.01944624519662402 1.027729880082912
8599 0.019389281182932403 1.0286894627226038
8600 0.01933243559754368 1.0296470503879922
8601 0.019275590012154956 1.030604638053381
8602 0.019218744426766233 1.0315622257187698
8603 0.01916189884137751 1.0325198133841584
8604 0.01910505325598879 1.033477401049547
8605 0.019048207670600066 1.034434988714936
8606 0.018991362085211343 1.0353925763803247
8607 0.01893451649982262 1.0363501640457133
8608 0.018877670914433896 1.0373077517111022
8609 0.018820825329045172 1.038265339376491
8610 0.018763979743656446 1.0392229270418796
8611 0.018707134158267722 1.0401805147072685
8612 0.018650288572879006 1.0411381023726571
8613 0.01859344298749028 1.0420956900380458
8614 0.018536597402101555 1.0430532777034347
8615 0.01847963338840994 1.0440128603431262
8616 0.01842278780302122 1.044970448008515
8617 0.01836594221763249 1.0459280356739036
8618 0.042818391956076354 0.8681255303729236
8619 0.042782227773681014 0.8685370037553191
8620 0.04276414568248335 0.8687427404465167
8621 0.04274606359128569 0.8689484771377143
8622 0.04272798150008801 0.869154213828912
8623 0.04270989940889035 0.8693599505201097
8624 0.04269181731769268 0.8695656872113073
8625 0.042673735226495015 0.8697714239025051
8626 0.04263757104409968 0.8701828972849003
8627 0.04258332477050668 0.8708001073584934
8628 0.04258332477050668 0.8708001073584934
8629 0.04258332477050668 0.8708001073584934
8630 0.042565242679309015 0.871005844049691
8631 0.042565242679309015 0.871005844049691
8632 0.042565242679309015 0.871005844049691
8633 0.042565242679309015 0.871005844049691
8634 0.042565242679309015 0.871005844049691
8635 0.042565242679309015 0.871005844049691
8636 0.04254716058811134 0.8712115807408887
8637 0.04254716058811134 0.8712115807408887
8638 0.042529078496913675 0.8714173174320864
8639 0.042529078496913675 0.8714173174320864
8640 0.042529078496913675 0.8714173174320864
8641 0.042529078496913675 0.8714173174320864
8642 0.04249291431451834 0.8718287908144817
8643 0.04247483222332067 0.8720345275056793
8644 0.04247483222332067 0.8720345275056793
8645 0.04247483222332067 0.8720345275056793
8646 0.04247483222332067 0.8720345275056793
8647 0.04247483222332067 0.8720345275056793
8648 0.04245675013212301 0.8722402641968771
8649 0.04245675013212301 0.8722402641968771
8650 0.04245675013212301 0.8722402641968771
8651 0.04245675013212301 0.8722402641968771
8652 0.04243866804092534 0.8724460008880747
8653 0.04243866804092534 0.8724460008880747
8654 0.04243866804092534 0.8724460008880747
8655 0.04243866804092534 0.8724460008880747
8656 0.042420585949727675 0.8726517375792724
8657 0.042420585949727675 0.8726517375792724
8658 0.042420585949727675 0.8726517375792724
8659 0.04238442176733234 0.8730632109616676
8660 0.042348257584937 0.8734746843440631
8661 0.04231209340254167 0.8738861577264583
8662 0.042275929220146335 0.8742976311088537
8663 0.042239765037751 0.8747091044912491
8664 0.04220360085535566 0.8751205778736444
8665 0.04218551876415799 0.875326314564842
8666 0.04216743667296033 0.8755320512560397
8667 0.04213127249056499 0.875943524638435
8668 0.042113190399367326 0.8761492613296327
8669 0.04207702621697199 0.8765607347120281
8670 0.04205894412577432 0.8767664714032257
8671 0.04202277994337899 0.877177944785621
8672 0.04198661576098365 0.8775894181680164
8673 0.041950451578588316 0.8780008915504117
8674 0.04193236948739065 0.8782066282416093
8675 0.04191428739619298 0.878412364932807
8676 0.04189620530499532 0.8786181016240048
8677 0.04186004112259998 0.8790295750064
8678 0.041841959031402316 0.8792353116975977
8679 0.041805794849006976 0.879646785079993
8680 0.04178771275780931 0.8798525217711907
8681 0.04175154857541398 0.8802639951535861
8682 0.04173346648421631 0.8804697318447837
8683 0.04171538439301865 0.8806754685359813
8684 0.041697302301820977 0.880881205227179
8685 0.04166113811942564 0.8812926786095744
8686 0.04164305602822798 0.8814984153007721
8687 0.0416249739370303 0.8817041519919697
8688 0.04158880975463497 0.882115625374365
8689 0.0415707276634373 0.8823213620655628
8690 0.04155264557223964 0.8825270987567605
8691 0.04153456348104197 0.882732835447958
8692 0.04153456348104197 0.882732835447958
8693 0.041516481389844304 0.8829385721391557
8694 0.041516481389844304 0.8829385721391557
8695 0.041498399298646634 0.8831443088303534
8696 0.0414622351162513 0.8835557822127487
8697 0.04144415302505363 0.8837615189039464
8698 0.04142607093385597 0.8839672555951441
8699 0.04138990675146063 0.8843787289775394
8700 0.041353742569065294 0.8847902023599347
8701 0.041353742569065294 0.8847902023599347
8702 0.04133566047786763 0.8849959390511324
8703 0.04131757838666996 0.8852016757423301
8704 0.04131757838666996 0.8852016757423301
8705 0.0412994962954723 0.8854074124335278
8706 0.04128141420427463 0.8856131491247253
8707 0.04126333211307696 0.885818885815923
8708 0.041227167930681624 0.8862303591983184
8709 0.04119100374828629 0.8866418325807137
8710 0.04117292165708862 0.8868475692719114
8711 0.04115483956589096 0.887053305963109
8712 0.04113675747469329 0.8872590426543068
8713 0.041100593292297954 0.8876705160367021
8714 0.04106442910990262 0.8880819894190974
8715 0.041046347018704944 0.8882877261102952
8716 0.04101018283630962 0.8886991994926904
8717 0.04099210074511195 0.8889049361838881
8718 0.04097401865391428 0.8891106728750857
8719 0.040937854471518945 0.889522146257481
8720 0.04091977238032128 0.8897278829486788
8721 0.04088360819792595 0.8901393563310741
8722 0.04086552610672827 0.8903450930222718
8723 0.04084744401553061 0.8905508297134694
8724 0.040811279833135275 0.8909623030958648
8725 0.040793197741937605 0.8911680397870625
8726 0.04077511565073994 0.89137377647826
8727 0.04075703355954227 0.8915795131694577
8728 0.04072086937714693 0.8919909865518532
8729 0.040666623103553935 0.8926081966254461
8730 0.0406304589211586 0.8930196700078414
8731 0.04061237682996093 0.8932254066990392
8732 0.0405762126475656 0.8936368800814344
8733 0.04054004846517026 0.8940483534638298
8734 0.040521966373972595 0.8942540901550275
8735 0.040503884282774925 0.894459826846225
8736 0.04046772010037959 0.8948713002286205
8737 0.04043155591798426 0.8952827736110157
8738 0.040395391735588926 0.8956942469934112
8739 0.040359227553193586 0.8961057203758065
8740 0.04032306337079826 0.8965171937582017
8741 0.04028689918840292 0.8969286671405972
8742 0.040250735006007586 0.8973401405229924
8743 0.040232652914809916 0.8975458772141901
8744 0.04019648873241458 0.8979573505965854
8745 0.04016032455001925 0.8983688239789808
8746 0.04012416036762391 0.8987802973613761
8747 0.04008799618522858 0.8991917707437714
8748 0.04005183200283324 0.8996032441261668
8749 0.04001566782043791 0.9000147175085622
8750 0.03997950363804258 0.9004261908909574
8751 0.03994333945564724 0.9008376642733529
8752 0.03990717527325191 0.9012491376557481
8753 0.03987101109085657 0.9016606110381434
8754 0.03983484690846124 0.9020720844205388
8755 0.039798682726065904 0.9024835578029341
8756 0.039780600634868234 0.9026892944941318
8757 0.03972635436127524 0.9033065045677248
8758 0.0396901901788799 0.9037179779501202
8759 0.039654025996484564 0.9041294513325154
8760 0.039635943905286894 0.9043351880237132
8761 0.03958169763169389 0.9049523980973062
8762 0.03956361554049623 0.9051581347885038
8763 0.039509369266903224 0.9057753448620969
8764 0.039491287175705554 0.9059810815532945
8765 0.03945512299331022 0.9063925549356898
8766 0.03941895881091489 0.9068040283180852
8767 0.039382794628519555 0.9072155017004805
8768 0.03932854835492655 0.9078327117740734
8769 0.03931046626372888 0.9080384484652712
8770 0.03927430208133355 0.9084499218476665
8771 0.039238137898938215 0.9088613952300618
8772 0.039201973716542875 0.9092728686124572
8773 0.03916580953414754 0.9096843419948525
8774 0.03912964535175221 0.9100958153772478
8775 0.039093481169356875 0.9105072887596432
8776 0.03905731698696154 0.9109187621420385
8777 0.0390211528045662 0.9113302355244338
8778 0.03898498862217087 0.9117417089068292
8779 0.038948824439775535 0.9121531822892245
8780 0.03889457816618253 0.9127703923628174
8781 0.03887649607498487 0.9129761290540152
8782 0.03884033189258953 0.9133876024364105
8783 0.038804167710194196 0.9137990758188058
8784 0.03876800352779886 0.9142105492012012
8785 0.03873183934540353 0.9146220225835966
8786 0.038695675163008196 0.9150334959659918
8787 0.038659510980612856 0.9154449693483873
8788 0.038623346798217516 0.9158564427307825
8789 0.03858718261582218 0.9162679161131778
8790 0.03855101843342685 0.9166793894955731
8791 0.038514854251031516 0.9170908628779685
8792 0.03847869006863618 0.9175023362603639
8793 0.03844252588624084 0.9179138096427591
8794 0.03840636170384551 0.9183252830251546
8795 0.038370197521450176 0.9187367564075498
8796 0.03833403333905484 0.9191482297899453
8797 0.03829786915665951 0.9195597031723405
8798 0.03826170497426417 0.9199711765547358
8799 0.03822554079186884 0.9203826499371313
8800 0.038189376609473503 0.9207941233195265
8801 0.03815321242707817 0.9212055967019219
8802 0.05973159999999998 0.852713559129
8803 0.05970628999999998 0.8529265237290001
8804 0.05970628999999998 0.8529265237290001
8805 0.05970628999999998 0.8529265237290001
8806 0.05968097999999998 0.853139488329
8807 0.05968097999999998 0.853139488329
8808 0.05965566999999998 0.8533524529290001
8809 0.05963035999999998 0.8535654175290001
8810 0.05960504999999998 0.8537783821290001
8811 0.059579739999999985 0.853991346729
8812 0.059579739999999985 0.853991346729
8813 0.05955442999999998 0.8542043113290001
8814 0.059529119999999984 0.8544172759290001
8815 0.059529119999999984 0.8544172759290001
8816 0.05950380999999998 0.854630240529
8817 0.05947849999999998 0.854843205129
8818 0.05945318999999998 0.8550561697290001
8819 0.05945318999999998 0.8550561697290001
8820 0.05942787999999998 0.8552691343290001
8821 0.05940256999999998 0.8554820989290001
8822 0.05940256999999998 0.8554820989290001
8823 0.05940256999999998 0.8554820989290001
8824 0.05937725999999999 0.855695063529
8825 0.05937725999999999 0.855695063529
8826 0.05937725999999999 0.855695063529
8827 0.05937725999999999 0.855695063529
8828 0.05935194999999998 0.8559080281290001
8829 0.05935194999999998 0.8559080281290001
8830 0.05935194999999998 0.8559080281290001
8831 0.05935194999999998 0.8559080281290001
8832 0.059326639999999986 0.856120992729
8833 0.059326639999999986 0.856120992729
8834 0.059326639999999986 0.856120992729
8835 0.059326639999999986 0.856120992729
8836 0.05930132999999998 0.8563339573290001
8837 0.05930132999999998 0.8563339573290001
8838 0.059276019999999985 0.8565469219290001
8839 0.059250709999999984 0.856759886529
8840 0.059250709999999984 0.856759886529
8841 0.059225399999999984 0.856972851129
8842 0.059225399999999984 0.856972851129
8843 0.059225399999999984 0.856972851129
8844 0.05920008999999998 0.857185815729
8845 0.05920008999999998 0.857185815729
8846 0.05920008999999998 0.857185815729
8847 0.05917477999999998 0.8573987803290001
8848 0.05917477999999998 0.8573987803290001
8849 0.05917477999999998 0.8573987803290001
8850 0.05917477999999998 0.8573987803290001
8851 0.05917477999999998 0.8573987803290001
8852 0.05917477999999998 0.8573987803290001
8853 0.05914946999999998 0.8576117449290002
8854 0.05914946999999998 0.8576117449290002
8855 0.05912415999999999 0.857824709529
8856 0.05909884999999998 0.8580376741290001
8857 0.05909884999999998 0.8580376741290001
8858 0.05904822999999998 0.8584636033290001
8859 0.05902291999999998 0.858676567929
8860 0.058997609999999985 0.858889532529
8861 0.05897229999999998 0.859102497129
8862 0.05897229999999998 0.859102497129
8863 0.05892167999999998 0.8595284263290001
8864 0.05892167999999998 0.8595284263290001
8865 0.05887105999999998 0.859954355529
8866 0.05887105999999998 0.859954355529
8867 0.05882043999999998 0.8603802847290001
8868 0.05879512999999999 0.860593249329
8869 0.05876981999999998 0.860806213929
8870 0.058744509999999986 0.861019178529
8871 0.058693889999999985 0.861445107729
8872 0.058693889999999985 0.861445107729
8873 0.058668579999999984 0.861658072329
8874 0.058668579999999984 0.861658072329
8875 0.05861795999999998 0.8620840015290001
8876 0.05861795999999998 0.8620840015290001
8877 0.05856733999999998 0.8625099307290001
8878 0.05856733999999998 0.8625099307290001
8879 0.05851671999999998 0.862935859929
8880 0.05849140999999999 0.863148824529
8881 0.05849140999999999 0.863148824529
8882 0.05846609999999998 0.8633617891290001
8883 0.05846609999999998 0.8633617891290001
8884 0.058440789999999986 0.863574753729
8885 0.058440789999999986 0.863574753729
8886 0.058415479999999985 0.863787718329
8887 0.058415479999999985 0.863787718329
8888 0.058390169999999984 0.864000682929
8889 0.058364859999999984 0.8642136475290001
8890 0.05833954999999998 0.864426612129
8891 0.05831423999999998 0.864639576729
8892 0.05831423999999998 0.864639576729
8893 0.05828892999999999 0.864852541329
8894 0.05828892999999999 0.864852541329
8895 0.05828892999999999 0.864852541329
8896 0.05826361999999998 0.8650655059290001
8897 0.05826361999999998 0.8650655059290001
8898 0.05821299999999998 0.8654914351290001
8899 0.05818768999999998 0.865704399729
8900 0.058162379999999986 0.8659173643290001
8901 0.05813706999999998 0.866130328929
8902 0.05808644999999998 0.8665562581290001
8903 0.05806113999999998 0.866769222729
8904 0.05803582999999998 0.866982187329
8905 0.05801051999999998 0.8671951519290001
8906 0.05798520999999998 0.8674081165290001
8907 0.05795989999999998 0.867621081129
8908 0.05793458999999998 0.867834045729
8909 0.05793458999999998 0.867834045729
8910 0.05790927999999999 0.8680470103290001
8911 0.05788396999999998 0.868259974929
8912 0.057858659999999985 0.8684729395290001
8913 0.05783334999999998 0.868685904129
8914 0.057782729999999984 0.869111833329
8915 0.057782729999999984 0.869111833329
8916 0.05773210999999998 0.8695377625290001
8917 0.05773210999999998 0.8695377625290001
8918 0.05768148999999998 0.869963691729
8919 0.05763086999999998 0.8703896209290001
8920 0.05763086999999998 0.8703896209290001
8921 0.057605559999999986 0.870602585529
8922 0.05758024999999998 0.870815550129
8923 0.057554939999999985 0.8710285147290001
8924 0.057554939999999985 0.8710285147290001
8925 0.05747900999999998 0.871667408529
8926 0.057453699999999976 0.8718803731290001
8927 0.05742838999999998 0.872093337729
8928 0.05740307999999998 0.8723063023290001
8929 0.05737776999999998 0.8725192669290001
8930 0.05735245999999998 0.872732231529
8931 0.05735245999999998 0.872732231529
8932 0.05735245999999998 0.872732231529
8933 0.05732714999999998 0.872945196129
8934 0.057276529999999985 0.8733711253290001
8935 0.05725121999999998 0.873584089929
8936 0.057225909999999984 0.873797054529
8937 0.05717528999999998 0.8742229837290001
8938 0.05714997999999998 0.8744359483290001
8939 0.05712466999999998 0.874648912929
8940 0.05709935999999998 0.8748618775290001
8941 0.05709935999999998 0.8748618775290001
8942 0.05704873999999998 0.8752878067290001
8943 0.05704873999999998 0.8752878067290001
8944 0.05699811999999998 0.8757137359290001
8945 0.05699811999999998 0.8757137359290001
8946 0.05694749999999998 0.8761396651290001
8947 0.05694749999999998 0.8761396651290001
8948 0.05689687999999998 0.876565594329
8949 0.05687156999999998 0.876778558929
8950 0.05684625999999998 0.876991523529
8951 0.05679563999999998 0.877417452729
8952 0.05674501999999998 0.8778433819290001
8953 0.056719709999999986 0.8780563465290001
8954 0.05669439999999998 0.8782693111290001
8955 0.05669439999999998 0.8782693111290001
8956 0.056643779999999984 0.878695240329
8957 0.056643779999999984 0.878695240329
8958 0.05659315999999998 0.879121169529
8959 0.05659315999999998 0.879121169529
8960 0.05654253999999998 0.879547098729
8961 0.05654253999999998 0.879547098729
8962 0.05649191999999998 0.879973027929
8963 0.05649191999999998 0.879973027929
8964 0.05646660999999998 0.8801859925290001
8965 0.056441299999999986 0.880398957129
8966 0.05641598999999998 0.880611921729
8967 0.056390679999999985 0.880824886329
8968 0.056340059999999983 0.881250815529
8969 0.05628943999999998 0.881676744729
8970 0.05623881999999998 0.882102673929
8971 0.05623881999999998 0.882102673929
8972 0.05618819999999999 0.882528603129
8973 0.05618819999999999 0.882528603129
8974 0.056137579999999986 0.882954532329
8975 0.056137579999999986 0.882954532329
8976 0.056086959999999984 0.883380461529
8977 0.05603633999999998 0.883806390729
8978 0.05601102999999998 0.8840193553290001
8979 0.05598571999999999 0.884232319929
8980 0.05596040999999998 0.8844452845290001
8981 0.05593509999999999 0.884658249129
8982 0.05590978999999998 0.8848712137290001
8983 0.055884479999999986 0.885084178329
8984 0.055884479999999986 0.885084178329
8985 0.055833859999999985 0.8855101075290001
8986 0.055808549999999985 0.885723072129
8987 0.05578323999999998 0.885936036729
8988 0.05578323999999998 0.885936036729
8989 0.05573261999999998 0.886361965929
8990 0.05573261999999998 0.886361965929
8991 0.05568199999999998 0.886787895129
8992 0.05568199999999998 0.886787895129
8993 0.05563137999999998 0.8872138243290001
8994 0.05563137999999998 0.8872138243290001
8995 0.05558075999999998 0.887639753529
8996 0.05558075999999998 0.887639753529
8997 0.05553013999999998 0.888065682729
8998 0.055479519999999984 0.8884916119290001
8999 0.05545420999999998 0.888704576529
9000 0.05542889999999998 0.888917541129
9001 0.05537827999999998 0.8893434703290001
9002 0.05537827999999998 0.8893434703290001
9003 0.05532765999999998 0.889769399529
9004 0.055302349999999986 0.8899823641290001
9005 0.05527703999999998 0.8901953287290001
9006 0.05527703999999998 0.8901953287290001
9007 0.055226419999999984 0.890621257929
9008 0.05517579999999998 0.891047187129
9009 0.05517579999999998 0.891047187129
9010 0.05512517999999998 0.8914731163290001
9011 0.05509986999999999 0.891686080929
9012 0.05507455999999998 0.891899045529
9013 0.05504924999999999 0.8921120101290001
9014 0.05502393999999998 0.8923249747290001
9015 0.05502393999999998 0.8923249747290001
9016 0.054973319999999985 0.892750903929
9017 0.054973319999999985 0.892750903929
9018 0.05494800999999998 0.8929638685290001
9019 0.054922699999999984 0.8931768331290001
9020 0.05487207999999998 0.893602762329
9021 0.05487207999999998 0.893602762329
9022 0.05482145999999998 0.894028691529
9023 0.05474552999999998 0.8946675853290001
9024 0.05474552999999998 0.8946675853290001
9025 0.054720219999999986 0.894880549929
9026 0.05469490999999998 0.8950935145290001
9027 0.05464428999999998 0.895519443729
9028 0.054618979999999984 0.895732408329
9029 0.05459366999999998 0.8959453729290001
9030 0.05456835999999998 0.8961583375290001
9031 0.05454304999999998 0.8963713021290001
9032 0.05449242999999998 0.896797231329
9033 0.05446711999999999 0.897010195929
9034 0.054416499999999986 0.8974361251290001
9035 0.054365879999999984 0.897862054329
9036 0.054365879999999984 0.897862054329
9037 0.05431525999999998 0.8982879835290001
9038 0.05431525999999998 0.8982879835290001
9039 0.05426463999999998 0.898713912729
9040 0.05426463999999998 0.898713912729
9041 0.05421401999999999 0.8991398419290001
9042 0.05421401999999999 0.8991398419290001
9043 0.05416339999999999 0.899565771129
9044 0.05416339999999999 0.899565771129
9045 0.05411277999999998 0.8999917003290001
9046 0.054087469999999985 0.900204664929
9047 0.05406215999999998 0.9004176295290001
9048 0.054011539999999976 0.900843558729
9049 0.054011539999999976 0.900843558729
9050 0.05398622999999998 0.901056523329
9051 0.05396091999999998 0.9012694879290001
9052 0.05393560999999998 0.9014824525290001
9053 0.05391029999999998 0.901695417129
9054 0.05388498999999998 0.901908381729
9055 0.05385967999999998 0.9021213463290001
9056 0.05380905999999998 0.902547275529
9057 0.05380905999999998 0.902547275529
9058 0.053783749999999984 0.902760240129
9059 0.05375843999999998 0.9029732047290001
9060 0.05375843999999998 0.9029732047290001
9061 0.05373312999999998 0.903186169329
9062 0.05370781999999998 0.9033991339290001
9063 0.05368250999999998 0.903612098529
9064 0.05365719999999998 0.9038250631290001
9065 0.05360657999999998 0.9042509923290001
9066 0.05360657999999998 0.9042509923290001
9067 0.05355595999999998 0.904676921529
9068 0.05355595999999998 0.904676921529
9069 0.05350533999999998 0.9051028507290001
9070 0.05350533999999998 0.9051028507290001
9071 0.05345471999999998 0.905528779929
9072 0.05345471999999998 0.905528779929
9073 0.05340409999999998 0.9059547091290001
9074 0.05340409999999998 0.9059547091290001
9075 0.05335347999999998 0.9063806383290001
9076 0.05335347999999998 0.9063806383290001
9077 0.05335347999999998 0.9063806383290001
9078 0.05330285999999998 0.9068065675290001
9079 0.05325223999999998 0.9072324967290001
9080 0.05325223999999998 0.9072324967290001
9081 0.05322692999999998 0.9074454613290001
9082 0.053201619999999984 0.907658425929
9083 0.09796569429530294 0.8178572476336972
9084 0.09788203443680994 0.81831621669219
9085 0.09779837457831694 0.8187751857506831
9086 0.09771471471982394 0.819234154809176
9087 0.09763105486133093 0.8196931238676691
9088 0.09754739500283793 0.8201520929261621
9089 0.09746373514434493 0.820611061984655
9090 0.09742190521509844 0.8208405465139016
9091 0.09742190521509844 0.8208405465139016
9092 0.09738007528585194 0.8210700310431481
9093 0.09738007528585194 0.8210700310431481
9094 0.09733824535660544 0.8212995155723947
9095 0.09729641542735894 0.8215290001016411
9096 0.09729641542735894 0.8215290001016411
9097 0.09721275556886594 0.8219879691601342
9098 0.09717092563961945 0.8222174536893806
9099 0.09712909571037294 0.822446938218627
9100 0.09712909571037294 0.822446938218627
9101 0.09708726578112645 0.8226764227478736
9102 0.09704543585187993 0.8229059072771201
9103 0.09696177599338694 0.8233648763356131
9104 0.09696177599338694 0.8233648763356131
9105 0.09687811613489394 0.8238238453941061
9106 0.09687811613489394 0.8238238453941061
9107 0.09679445627640094 0.8242828144525991
9108 0.09671079641790793 0.8247417835110921
9109 0.09662713655941493 0.8252007525695851
9110 0.09654347670092195 0.8256597216280781
9111 0.09645981684242894 0.8261186906865712
9112 0.09637615698393594 0.826577659745064
9113 0.09633432705468944 0.8268071442743106
9114 0.09629249712544294 0.8270366288035571
9115 0.09620883726694994 0.8274955978620501
9116 0.09612517740845694 0.8279545669205431
9117 0.09608334747921043 0.8281840514497896
9118 0.09604151754996394 0.8284135359790361
9119 0.09595785769147094 0.8288725050375291
9120 0.09591602776222444 0.8291019895667756
9121 0.09587419783297794 0.8293314740960221
9122 0.09587419783297794 0.8293314740960221
9123 0.09583236790373144 0.8295609586252687
9124 0.09579053797448493 0.8297904431545151
9125 0.09570687811599195 0.8302494122130081
9126 0.09566504818674544 0.8304788967422545
9127 0.09562321825749895 0.830708381271501
9128 0.09562321825749895 0.830708381271501
9129 0.09558138832825243 0.8309378658007476
9130 0.09553955839900595 0.8311673503299941
9131 0.09545589854051294 0.8316263193884871
9132 0.09537223868201994 0.83208528844698
9133 0.09528857882352695 0.8325442575054731
9134 0.09520491896503394 0.8330032265639661
9135 0.09512125910654094 0.8334621956224592
9136 0.09503759924804794 0.8339211646809521
9137 0.09495393938955493 0.8343801337394452
9138 0.09487027953106195 0.834839102797938
9139 0.09478661967256893 0.835298071856431
9140 0.09470295981407593 0.8357570409149241
9141 0.09461929995558294 0.836216009973417
9142 0.09453564009708994 0.8366749790319101
9143 0.09445198023859694 0.8371339480904031
9144 0.09441015030935045 0.8373634326196496
9145 0.09432649045085743 0.8378224016781426
9146 0.09424283059236445 0.8382813707366356
9147 0.09415917073387145 0.8387403397951285
9148 0.09407551087537844 0.8391993088536216
9149 0.09399185101688544 0.8396582779121146
9150 0.09390819115839244 0.8401172469706076
9151 0.09386636122914593 0.8403467314998541
9152 0.09378270137065293 0.8408057005583471
9153 0.09369904151215994 0.8412646696168401
9154 0.09361538165366694 0.8417236386753332
9155 0.09353172179517394 0.8421826077338261
9156 0.09344806193668094 0.8426415767923191
9157 0.09336440207818794 0.8431005458508121
9158 0.09328074221969494 0.843559514909305
9159 0.09319708236120194 0.8440184839677981
9160 0.09311342250270895 0.8444774530262911
9161 0.09302976264421595 0.8449364220847841
9162 0.09294610278572293 0.8453953911432771
9163 0.09286244292722995 0.8458543602017701
9164 0.09277878306873695 0.846313329260263
9165 0.09273695313949044 0.8465428137895096
9166 0.09265329328099743 0.8470017828480025
9167 0.09256963342250445 0.8474607519064956
9168 0.09248597356401143 0.8479197209649886
9169 0.09240231370551844 0.8483786900234817
9170 0.09231865384702545 0.8488376590819746
9171 0.09223499398853245 0.8492966281404676
9172 0.09215133413003944 0.8497555971989607
9173 0.09206767427154644 0.8502145662574536
9174 0.09198401441305344 0.8506735353159466
9175 0.09190035455456046 0.8511325043744395
9176 0.09181669469606744 0.8515914734329326
9177 0.09173303483757445 0.8520504424914256
9178 0.09169120490832794 0.8522799270206721
9179 0.09160754504983494 0.8527388960791651
9180 0.09152388519134194 0.8531978651376582
9181 0.09144022533284894 0.8536568341961511
9182 0.09135656547435593 0.8541158032546442
9183 0.09127290561586295 0.854574772313137
9184 0.09118924575736995 0.85503374137163
9185 0.09110558589887695 0.8554927104301231
9186 0.09102192604038394 0.8559516794886161
9187 0.09093826618189094 0.8564106485471091
9188 0.09085460632339795 0.8568696176056021
9189 0.09077094646490495 0.8573285866640952
9190 0.09068728660641194 0.8577875557225881
9191 0.09060362674791894 0.8582465247810811
9192 0.09047813696017944 0.8589349783688206
9193 0.09039447710168644 0.8593939474273136
9194 0.09035264717243995 0.8596234319565601
9195 0.09026898731394695 0.8600824010150531
9196 0.09018532745545395 0.8605413700735461
9197 0.09010166759696094 0.8610003391320391
9198 0.09001800773846795 0.8614593081905321
9199 0.08993434787997495 0.861918277249025
9200 0.08985068802148195 0.862377246307518
9201 0.08976702816298894 0.8628362153660111
9202 0.08968336830449594 0.863295184424504
9203 0.08959970844600296 0.8637541534829971
9204 0.08951604858750994 0.8642131225414901
9205 0.08943238872901693 0.8646720915999832
9206 0.08934872887052393 0.8651310606584761
9207 0.08926506901203093 0.8655900297169691
9208 0.08918140915353795 0.866048998775462
9209 0.08909774929504494 0.8665079678339551
9210 0.08901408943655194 0.8669669368924481
9211 0.08897225950730545 0.8671964214216945
9212 0.08888859964881245 0.8676553904801876
9213 0.08880493979031945 0.8681143595386805
9214 0.08872127993182645 0.8685733285971736
9215 0.08863762007333344 0.8690322976556666
9216 0.08855396021484045 0.8694912667141597
9217 0.08847030035634745 0.8699502357726525
9218 0.08838664049785444 0.8704092048311456
9219 0.08830298063936144 0.8708681738896386
9220 0.08821932078086844 0.8713271429481316
9221 0.08813566092237546 0.8717861120066246
9222 0.08805200106388245 0.8722450810651176
9223 0.08796834120538943 0.8727040501236106
9224 0.08792651127614295 0.8729335346528571
9225 0.08784285141764994 0.8733925037113501
9226 0.08775919155915694 0.8738514727698431
9227 0.08767553170066396 0.8743104418283361
9228 0.08759187184217095 0.874769410886829
9229 0.08750821198367795 0.8752283799453221
9230 0.08742455212518495 0.8756873490038151
9231 0.08734089226669195 0.876146318062308
9232 0.08725723240819895 0.8766052871208011
9233 0.08717357254970595 0.8770642561792941
9234 0.08683893311573396 0.878900132413266
9235 0.08662978346950145 0.8800475550594986
9236 0.08637880389402244 0.8814244622349776
9237 0.08612782431854345 0.8828013694104565
9238 0.08591867467231094 0.8839487920566891
9239 0.08566769509683195 0.8853256992321681
9240 0.08541671552135295 0.8867026064076471
9241 0.08520756587512045 0.8878500290538796
9242 0.08495658629964145 0.8892269362293587
9243 0.08470560672416244 0.8906038434048376
9244 0.08449645707792995 0.89175126605107
9245 0.08424547750245096 0.8931281732265491
9246 0.08399449792697194 0.894505080402028
9247 0.08378534828073944 0.8956525030482606
9248 0.08353436870526044 0.8970294102237396
9249 0.08328338912978145 0.8984063173992185
9250 0.08307423948354895 0.8995537400454511
9251 0.08286508983731646 0.9007011626916837
9252 0.08269777012033046 0.9016191008086696
9253 0.08248862047409794 0.902766523454902
9254 0.08223764089861896 0.904143430630381
9255 0.08198666132313996 0.90552033780586
9256 0.08173568174766095 0.9068972449813391
9257 0.08152653210142845 0.9080446676275715
9258 0.08127555252594945 0.9094215748030506
9259 0.08102457295047044 0.9107984819785295
9260 0.08081542330423794 0.9119459046247621
9261 0.08056444372875894 0.9133228118002411
9262 0.08031346415327996 0.91469971897572
9263 0.08010431450704746 0.9158471416219526
9264 0.07985333493156846 0.9172240487974316
9265 0.07960235535608945 0.9186009559729107
9266 0.07939320570985696 0.919748378619143
9267 0.07914222613437795 0.9211252857946222
9268 0.07889124655889895 0.9225021929701012
9269 0.07868209691266645 0.9236496156163336
9270 0.07843111733718745 0.9250265227918126
9271 0.07818013776170846 0.9264034299672916
9272 0.07797098811547595 0.9275508526135241
9273 0.07784549832773645 0.9282393062012636
9274 0.07772000853999694 0.9289277597890031
9275 0.07746902896451795 0.9303046669644821
9276 0.07725987931828544 0.9314520896107146
9277 0.07700889974280645 0.9328289967861936
9278 0.07679975009657394 0.9339764194324262
9279 0.07654877052109496 0.935353326607905
9280 0.07629779094561596 0.936730233783384
9281 0.07608864129938346 0.9378776564296166
9282 0.07583766172390445 0.9392545636050955
9283 0.07558668214842544 0.9406314707805745
9284 0.07533570257294644 0.9420083779560535
9285 0.07512655292671394 0.943155800602286
9286 0.07487557335123494 0.944532707777765
9287 0.07462459377575596 0.9459096149532442
9288 0.07441544412952346 0.9470570375994765
9289 0.07416446455404445 0.9484339447749555
9290 0.07391348497856545 0.9498108519504347
9291 0.07370433533233296 0.9509582745966669
9292 0.07353701561534697 0.9518762127136531
9293 0.07328603603986796 0.9532531198891321
9294 0.07303505646438896 0.9546300270646111
9295 0.07282590681815646 0.9557774497108436
9296 0.07257492724267746 0.9571543568863226
9297 0.07236577759644496 0.9583017795325551
9298 0.07211479802096596 0.959678686708034
9299 0.07186381844548696 0.961055593883513
9300 0.07161283887000795 0.962432501058992
9301 0.07140368922377545 0.9635799237052245
9302 0.07115270964829644 0.9649568308807035
9303 0.07090173007281744 0.9663337380561825
9304 0.07069258042658495 0.967481160702415
9305 0.07044160085110596 0.968858067877894
9306 0.07019062127562696 0.9702349750533732
9307 0.06998147162939446 0.9713823976996054
9308 0.06973049205391546 0.9727593048750847
9309 0.06947951247843646 0.9741362120505637
9310 0.06927036283220396 0.9752836346967959
9311 0.06901938325672495 0.9766605418722751
9312 0.06876840368124595 0.9780374490477541
9313 0.06851742410576696 0.979414356223233
9314 0.06830827445953445 0.9805617788694656
9315 0.06809912481330196 0.9817092015156982
9316 0.06788997516706946 0.9828566241619305
9317 0.06763899559159046 0.9842335313374094
9318 0.06742984594535797 0.985380953983642
9319 0.06726252622837195 0.9862988921006282
9320 0.06705337658213946 0.9874463147468606
9321 0.06680239700666046 0.9888232219223396
9322 0.06655141743118147 0.9902001290978186
9323 0.06630043785570246 0.9915770362732975
9324 0.06609128820946995 0.9927244589195301
9325 0.06584030863399096 0.9941013660950091
9326 0.06563115898775845 0.9952487887412416
9327 0.06538017941227946 0.9966256959167206
9328 0.06512919983680046 0.9980026030921996
9329 0.06487822026132145 0.9993795102676786
9330 0.06466907061508895 1.000526932913911
9331 0.06441809103960995 1.00190384008939
9332 0.06420894139337746 1.0030512627356225
9333 0.06395796181789845 1.0044281699111015
9334 0.06370698224241947 1.0058050770865805
9335 0.08742456 0.8145119415290001
9336 0.08687124 0.816754152929
9337 0.08644088 0.818498095129
9338 0.08601052 0.820242037329
9339 0.08558016 0.821985979529
9340 0.08533424 0.822982517929
9341 0.08496535999999999 0.824477325529
9342 0.08465795999999999 0.825722998529
9343 0.08404315999999999 0.828214344529
9344 0.08385872 0.8289617483289999
9345 0.08348984000000001 0.830456555929
9346 0.08324392 0.831453094329
9347 0.08281356000000001 0.833197036529
9348 0.08256764 0.8341935749290001
9349 0.08213728 0.835937517129
9350 0.0817684 0.8374323247290001
9351 0.08164544 0.837930593929
9352 0.08133804 0.839176266929
9353 0.08121508 0.839674536129
9354 0.08078472000000002 0.841418478329
9355 0.08047732 0.8426641513290001
9356 0.08023140000000001 0.843660689729
9357 0.07986252 0.845155497329
9358 0.07949364 0.846650304929
9359 0.07930920000000001 0.8473977087290001
9360 0.07894032000000001 0.848892516329
9361 0.07850996 0.850636458529
9362 0.07814108000000002 0.852131266129
9363 0.07771072000000001 0.853875208329
9364 0.0774648 0.854871746729
9365 0.07611224000000001 0.860352707929
9366 0.0750056 0.864837130729
9367 0.07371452000000002 0.870068957329
9368 0.07248492000000001 0.8750516493289999
9369 0.07119384000000001 0.8802834759289999
9370 0.06996424000000001 0.885266167929
9371 0.06879612000000002 0.889999725329
9372 0.06762800000000001 0.894733282729
9373 0.06621396000000002 0.900463378529
9374 0.06498436 0.9054460705290001
9375 0.06400068 0.909432224129
9376 0.06270960000000002 0.914664050729
9377 0.06129556000000002 0.920394146529
9378 0.060188920000000014 0.924878569329
9379 0.05889784000000001 0.930110395929
9380 0.05754528000000001 0.935591357129
9381 0.056500120000000015 0.939826645329
9382 0.05527052000000002 0.944809337329
9383 0.05391796000000001 0.9502902985289999
9384 0.052934280000000014 0.954276452129
9385 0.05152024000000001 0.960006547929
9386 0.05035212000000001 0.964740105329
9387 0.04899956000000001 0.970221066529
9388 0.04783144000000002 0.974954623929
9389 0.04660184000000001 0.979937315929
9390 0.045372240000000015 0.9849200079289999
9391 0.04408116000000001 0.9901518345290001
9392 0.04285156000000001 0.995134526529
9393 0.041806400000000014 0.999369814729
9394 0.040392360000000016 1.005099910529
9395 0.03928572000000001 1.009584333329
9396 0.038179080000000004 1.014068756129
9397 0.036765040000000006 1.0197988519290002
9398 0.035658400000000014 1.024283274729
9399 0.020563125443460676 0.8828746128855393
9400 0.020448407867764945 0.8837399488612351
9401 0.020305010898145272 0.8848216188308548
9402 0.020132934534601667 0.8861196227943984
9403 0.019960858171058065 0.887417626757942
9404 0.019874819989286262 0.8880666287397138
9405 0.01978878180751446 0.8887156307214856
9406 0.01964538483789479 0.8897973006911052
9407 0.019473308474351185 0.8910953046546489
9408 0.01935859089865545 0.8919606406303446
9409 0.01921519392903578 0.8930423105999642
9410 0.019100476353340046 0.89390764657566
9411 0.018957079383720373 0.8949893165452797
9412 0.01884236180802464 0.8958546525209754
9413 0.018756323626252836 0.8965036545027473
9414 0.018612926656633163 0.8975853244723668
9415 0.01849820908093743 0.8984506604480625
9416 0.018297453323469895 0.8999649984055301
9417 0.01806801817207842 0.9016956703569217
9418 0.01792462120245875 0.9027773403265413
9419 0.01778122423283908 0.9038590102961609
9420 0.01749443029359974 0.9060223502354002
9421 0.0172076363543604 0.9081856901746397
9422 0.01700688059689286 0.9097000281321073
9423 0.016691407263729585 0.9120797020652704
9424 0.016347254536642382 0.9146757099923576
9425 0.016089139991326974 0.9166227159376731
9426 0.01591706362778337 0.9179207199012167
9427 0.015744987264239767 0.9192187238647602
9428 0.015572910900696159 0.920516727828304
9429 0.01542951393107649 0.9215983977979235
9430 0.01528611696145682 0.9226800677675433
9431 0.015028002416141413 0.9246270737128586
9432 0.01471252908297814 0.9270067476460219
9433 0.014454414537662736 0.9289537535913374
9434 0.01411026181057553 0.9315497615184245
9435 0.013794788477412254 0.9339294354515878
9436 0.01327855938678144 0.9378234473422186
9437 0.012733650902226695 0.9419337932267734
9438 0.012647612720454893 0.9425827952085452
9439 0.010955528478942787 0.9553465008500572
9440 0.009521558782746088 0.9661632005462539
9441 0.031169482301379572 0.8694534370276205
9442 0.030858823009339245 0.8714529877196607
9443 0.03051364601818332 0.8736747107108167
9444 0.030202986726142998 0.8756742614028571
9445 0.029788774336755888 0.8783403289922441
9446 0.02944359734559997 0.8805620519834001
9447 0.02906390265532846 0.8830059472736717
9448 0.028408066372132213 0.8872272209568678
9449 0.02799385398274511 0.8898932885462549
9450 0.02768319469070478 0.8918928392382952
9451 0.02733801769954886 0.8941145622294511
9452 0.026958323009277353 0.8965584575197226
9453 0.026613146018121432 0.8987801805108786
9454 0.026302486726081098 0.9007797312029189
9455 0.02595730973492518 0.9030014541940748
9456 0.025474061947306892 0.9061118663816932
9457 0.025197920354382158 0.9078892447746179
9458 0.02488726106234183 0.9098887954666582
9459 0.02454208407118591 0.9121105184578142
9460 0.02419690708002999 0.9143322414489701
9461 0.023920765487105256 0.9161096198418948
9462 0.023541070796833742 0.9185535151321662
9463 0.023195893805677825 0.9207752381233223
9464 0.02281619911540631 0.9232191334135937
9465 0.02250553982336598 0.925218684105634
9466 0.022194880531325654 0.9272182347976744
9467 0.02181518584105414 0.9296621300879458
9468 0.021435491150782627 0.9321060253782174
9469 0.02115934955785789 0.9338834037711421
9470 0.02060706637200842 0.9374381605569917
9471 0.020089300885274542 0.9407707450437255
9472 0.019157323009153557 0.9467693971198465
9473 0.01839793362861053 0.9516571877003895
9474 0.017465955752489548 0.9576558397765105
9475 0.016533977876368566 0.9636544918526314
9476 0.01484261061970456 0.9745409345092955
9477 0.013047690265693775 0.9860938940633063
9478 0.01128728761079858 0.9974246813182015
9479 0.07220447125977868 0.8308579578692213
9480 0.07199743334935636 0.8318156141796437
9481 0.07158335752851175 0.8337309268004883
9482 0.07116928170766715 0.8356462394213329
9483 0.07080696536442811 0.8373221379645719
9484 0.07059992745400581 0.8382797942749942
9485 0.07039288954358351 0.8392374505854165
9486 0.07008233267795005 0.8406739350510499
9487 0.06966825685710545 0.8425892476718946
9488 0.0690989026034441 0.8452228025255559
9489 0.06878834573781066 0.8466592869911893
9490 0.06858130782738833 0.8476169433016116
9491 0.06801195357372701 0.850250498155273
9492 0.0675978777528824 0.8521658107761176
9493 0.0673908398424601 0.85312346708654
9494 0.06687324506640432 0.8555176078625957
9495 0.06661444767837645 0.8567146782506236
9496 0.066303890812743 0.858151162716257
9497 0.06599333394710954 0.8595876471818904
9498 0.06578629603668724 0.8605453034923127
9499 0.06521694178302591 0.8631788583459741
9500 0.06490638491739244 0.8646153428116076
9501 0.06469934700697014 0.8655729991220299
9502 0.06438879014133668 0.8670094835876634
9503 0.06407823327570324 0.8684459680532968
9504 0.0637159169324642 0.8701218665965358
9505 0.06340536006683074 0.8715583510621693
9506 0.06299128424598613 0.8734736636830139
9507 0.06252544894753595 0.875628390381464
9508 0.06242192999232479 0.8761072185366753
9509 0.06200785417148019 0.8780225311575198
9510 0.06159377835063558 0.8799378437783644
9511 0.06138674044021327 0.8808955000887867
9512 0.060817386186551935 0.883529054942448
9513 0.06040331036570732 0.8854443675632927
9514 0.05973043715683483 0.8885567505721652
9515 0.05921284238077907 0.8909508913482209
9516 0.058798766559934455 0.8928662039690656
9517 0.05771181753021737 0.8978938995987826
9518 0.05672838745571141 0.9024427670732886
9519 0.055641438425994325 0.9074704627030057
9520 0.05470976782909395 0.911779916099906
9521 0.0535192998441657 0.9172864398848343
9522 0.05253586976965975 0.9218353073593403
9523 0.05144892073994266 0.9268630029890573
9524 0.050517250143042286 0.9311724563859577
9525 0.049533820068536336 0.9357213238604637
9526 0.04834335208360809 0.9412278476453919
9527 0.047256403053891 0.9462555432751091
9528 0.04632473245699062 0.9505649966720093
9529 0.04513426447206237 0.9560715204569378
9530 0.044254353352767575 0.9601415597762325
9531 0.043063885367839325 0.9656480835611607
9532 0.0422357337261501 0.96947870880285
9533 0.04104526574122186 0.9749852325877781
9534 0.040061835666715916 0.9795341000622841
9535 0.03897488663699881 0.9845617956920012
9536 0.03793969708488729 0.9893500772441128
9537 0.03685274805517019 0.9943777728738299
9538 0.03566228007024194 0.999884296658758
9539 0.034678849995736 1.004433164133264
9540 0.033643660443624476 1.0092214456853754
9541 0.032763749324329676 1.0132914850046706
9542 0.031573281339401425 1.0187980087895987
9543 0.030486332309684328 1.0238257044193158
9544 0.029399383279967228 1.0288534000490328
9545 0.028571231638278013 1.032684025290722
9546 0.027587801563772066 1.037232892765228
9547 0.02639733357884382 1.0427394165501562
9548 0.025362144026732293 1.0475276981022679
9549 0.024378713952226346 1.0520765655767739
9550 0.022411853803214456 1.0611743005257854
9551 0.01951332305730219 1.074581488871698
9552 0.13120894418684614 0.7679127383421539
9553 0.13100296468262818 0.7686816816463719
9554 0.13093430484788887 0.7689379960811111
9555 0.13093430484788887 0.7689379960811111
9556 0.13079698517841018 0.7694506249505898
9557 0.13079698517841018 0.7694506249505898
9558 0.13079698517841018 0.7694506249505898
9559 0.13072832534367088 0.7697069393853292
9560 0.13072832534367088 0.7697069393853292
9561 0.13072832534367088 0.7697069393853292
9562 0.13065966550893154 0.7699632538200685
9563 0.13065966550893154 0.7699632538200685
9564 0.13059100567419224 0.7702195682548078
9565 0.13059100567419224 0.7702195682548078
9566 0.13059100567419224 0.7702195682548078
9567 0.1305223458394529 0.7704758826895471
9568 0.13011038683101697 0.772013769297983
9569 0.12976708765732034 0.7732953414716797
9570 0.1296297679878417 0.7738079703411582
9571 0.12956110815310237 0.7740642847758976
9572 0.12949244831836304 0.774320599210637
9573 0.12942378848362374 0.7745769136453764
9574 0.12935512864888443 0.7748332280801156
9575 0.1292864688141451 0.775089542514855
9576 0.1292864688141451 0.775089542514855
9577 0.12921780897940577 0.7753458569495943
9578 0.12914914914466644 0.7756021713843335
9579 0.12908048930992713 0.7758584858190729
9580 0.12901182947518783 0.7761148002538122
9581 0.1289431696404485 0.7763711146885516
9582 0.1287371901362305 0.7771400579927695
9583 0.1281192516235766 0.7794468879054234
9584 0.12763863278040133 0.7812410889485987
9585 0.12743265327618336 0.7820100322528166
9586 0.12736399344144406 0.7822663466875559
9587 0.12729533360670472 0.7825226611222953
9588 0.1271580139372261 0.7830352899917739
9589 0.12708935410248676 0.7832916044265132
9590 0.12695203443300812 0.7838042332959918
9591 0.1268833745982688 0.7840605477307312
9592 0.12674605492879015 0.78457317660021
9593 0.1263340959203542 0.7861110632086459
9594 0.12599079674665759 0.7873926353823425
9595 0.12585347707717895 0.7879052642518211
9596 0.12578481724243964 0.7881615786865604
9597 0.12564749757296098 0.788674207556039
9598 0.12557883773822165 0.7889305219907784
9599 0.12551017790348235 0.7891868364255177
9600 0.12530419839926435 0.7899557797297357
9601 0.12502955906030708 0.790981037468693
9602 0.12448028038239249 0.7930315529466075
9603 0.12386234186973859 0.7953383828592615
9604 0.12345038286130265 0.7968762694676974
9605 0.12324440335708466 0.7976452127719154
9606 0.1230384238528667 0.7984141560761333
9607 0.1230384238528667 0.7984141560761333
9608 0.12290110418338805 0.798926784945612
9609 0.12276378451390943 0.7994394138150905
9610 0.12276378451390943 0.7994394138150905
9611 0.1226951246791701 0.7996957282498299
9612 0.12255780500969145 0.8002083571193085
9613 0.12255780500969145 0.8002083571193085
9614 0.12248914517495213 0.8004646715540479
9615 0.12248914517495213 0.8004646715540479
9616 0.12248914517495213 0.8004646715540479
9617 0.12248914517495213 0.8004646715540479
9618 0.1224204853402128 0.8007209859887873
9619 0.1224204853402128 0.8007209859887873
9620 0.12235182550547347 0.8009773004235266
9621 0.12193986649703754 0.8025151870319625
9622 0.12159656732334094 0.8037967592056592
9623 0.12159656732334094 0.8037967592056592
9624 0.12159656732334094 0.8037967592056592
9625 0.12152790748860161 0.8040530736403984
9626 0.12152790748860161 0.8040530736403984
9627 0.12139058781912296 0.8045657025098771
9628 0.12139058781912296 0.8045657025098771
9629 0.12111594848016566 0.8055909602488345
9630 0.1206353296369904 0.8073851612920097
9631 0.1206353296369904 0.8073851612920097
9632 0.12056666980225109 0.8076414757267489
9633 0.12056666980225109 0.8076414757267489
9634 0.12056666980225109 0.8076414757267489
9635 0.12056666980225109 0.8076414757267489
9636 0.12056666980225109 0.8076414757267489
9637 0.12056666980225109 0.8076414757267489
9638 0.12056666980225109 0.8076414757267489
9639 0.12056666980225109 0.8076414757267489
9640 0.12056666980225109 0.8076414757267489
9641 0.12056666980225109 0.8076414757267489
9642 0.12056666980225109 0.8076414757267489
9643 0.12056666980225109 0.8076414757267489
9644 0.12056666980225109 0.8076414757267489
9645 0.12056666980225109 0.8076414757267489
9646 0.12056666980225109 0.8076414757267489
9647 0.12056666980225109 0.8076414757267489
9648 0.12056666980225109 0.8076414757267489
9649 0.12056666980225109 0.8076414757267489
9650 0.12056666980225109 0.8076414757267489
9651 0.12056666980225109 0.8076414757267489
9652 0.12056666980225109 0.8076414757267489
9653 0.12056666980225109 0.8076414757267489
9654 0.12056666980225109 0.8076414757267489
9655 0.12056666980225109 0.8076414757267489
9656 0.12049800996751175 0.8078977901614883
9657 0.12042935013277245 0.8081541045962276
9658 0.12015471079381512 0.809179362335185
9659 0.1196740919506399 0.8109735633783601
9660 0.1196740919506399 0.8109735633783601
9661 0.11960543211590056 0.8112298778130994
9662 0.11953677228116125 0.8114861922478388
9663 0.11953677228116125 0.8114861922478388
9664 0.11946811244642191 0.8117425066825781
9665 0.11946811244642191 0.8117425066825781
9666 0.1193994526116826 0.8119988211173175
9667 0.11933079277694329 0.8122551355520568
9668 0.11926213294220395 0.812511449986796
9669 0.11926213294220395 0.812511449986796
9670 0.11926213294220395 0.812511449986796
9671 0.11926213294220395 0.812511449986796
9672 0.11926213294220395 0.812511449986796
9673 0.1191248132727253 0.8130240788562747
9674 0.1191248132727253 0.8130240788562747
9675 0.11905615343798596 0.8132803932910141
9676 0.11905615343798596 0.8132803932910141
9677 0.11898749360324666 0.8135367077257534
9678 0.11898749360324666 0.8135367077257534
9679 0.11891883376850731 0.8137930221604928
9680 0.11891883376850731 0.8137930221604928
9681 0.11864419442955004 0.8148182798994499
9682 0.11809491575163546 0.8168687953773646
9683 0.1176142969084602 0.8186629964205399
9684 0.11747697723898155 0.8191756252900185
9685 0.1173396575695029 0.8196882541594971
9686 0.1172709977347636 0.8199445685942365
9687 0.11713367806528495 0.820457197463715
9688 0.11706501823054562 0.8207135118984544
9689 0.11658439938737035 0.8225077129416297
9690 0.11624110021367375 0.8237892851153263
9691 0.11589780103997711 0.8250708572890229
9692 0.11562316170101983 0.8260961150279802
9693 0.11500522318836592 0.8284029449406342
9694 0.11452460434519067 0.8301971459838094
9695 0.11411264533675475 0.8317350325922452
9696 0.11363202649357947 0.8335292336354205
9697 0.11315140765040421 0.8353234346785958
9698 0.11273944864196826 0.8368613212870317
9699 0.11225882979879301 0.838655522330207
9700 0.11184687079035707 0.840193408938643
9701 0.11136625194718182 0.8419876099818182
9702 0.1110229527734852 0.8432691821555148
9703 0.10669738318490786 0.8594169915440921
9704 0.1038823299605956 0.8699258833684045
9705 0.1014792357447193 0.8788968885842807
9706 0.09941944070253961 0.8865863216264604
9707 0.09811490384249248 0.8914562958865075
9708 0.09591778913083414 0.8996583577981659
9709 0.09454459243604768 0.9047846464929523
9710 0.09344603508021851 0.9088856774487816
9711 0.09186685888121408 0.914780909447786
9712 0.08966974416955575 0.9229829713594442
9713 0.08822788764002998 0.9283655744889701
9714 0.08637407210206825 0.9352860642269318
9715 0.08486355573780316 0.940924981791197
9716 0.08335303937353807 0.9465638993554618
9717 0.08218582218296958 0.9509212447460306
9718 0.08074396565344379 0.9563038478755562
9719 0.07943942879339665 0.9611738221356034
9720 0.07834087143756749 0.9652748530914326
9721 0.07634973623012713 0.9727079716988729
9722 0.07497653953534066 0.9778342603936593
9723 0.07360334284055421 0.9829605490884459
9724 0.07223014614576774 0.9880868377832324
9725 0.07092560928572061 0.9929568120432795
9726 0.06941509292145549 0.9985957296075446
9727 0.0679045765571904 1.0042346471718095
9728 0.06653137986240393 1.0093609358665963
9729 0.06502086349813883 1.014999853430861
9730 0.06378498647283101 1.019613513256169
9731 0.06220581027382659 1.0255087452551734
9732 0.06103859308325811 1.0298660906457417
9733 0.059184777545296385 1.0367865803837035
9734 0.05781158085050992 1.04191286907849
9735 0.05650704399046278 1.0467828433385373
9736 0.054996527626197694 1.0524217609028024
9737 0.053554671096671905 1.057804364032328
9738 0.051426216219752886 1.0657501115092471
9739 0.05019033919444508 1.0703637713345548
9740 0.048473843325962 1.076771632203038
9741 0.04696332696169689 1.082410549767303
9742 0.04586476960586773 1.0865115807231323
9743 0.04449157291108127 1.0916378694179187
9744 0.04298105654681616 1.097276786982184
9745 0.041470540182551065 1.102915704546449
9746 0.04009734348776461 1.1080419932412355
9747 0.03858682712349949 1.1136809108055006
9748 0.036870331255016424 1.1200887716739836
9749 0.03584043373392658 1.1239334881950733
9750 0.03419259770018284 1.1300850346288172
9751 0.032888060840135694 1.1349550088888645
9752 0.03144620431060991 1.1403376120183901
9753 0.029386409268430228 1.1480270450605699
9754 0.010404820013599998 0.8916156494427161
9755 0.0101761230936 0.893723331872516
9756 0.009941670493599999 0.8958840589415161
9757 0.0098452628536 0.8967725566481161
9758 0.0097300236336 0.897834607152416
9759 0.0096256334136 0.898796672721716
9760 0.009501600793599999 0.8999397636470161
9761 0.0094008878136 0.900867939585716
9762 0.009281537393600001 0.901967879118016
9763 0.009170466473599998 0.9029915143578161
9764 0.009061713813599999 0.903993784395716
9765 0.0089341752536 0.9051691862421161
9766 0.008825822293599999 0.9061677726245161
9767 0.0087033770536 0.907296234175116
9768 0.008596154673599999 0.908284401074816
9769 0.008490679553599998 0.909256465137616
9770 0.0083699358936 0.9103692448405161
9771 0.008249991633599999 0.911474657232416
9772 0.008132456993599999 0.912557862444016
9773 0.008038276253599999 0.9134258369271161
9774 0.007888525793599999 0.914805944772016
9775 0.0077928376136 0.9156878118987161
9776 0.0076915993136000005 0.9166208292132161
9777 0.0075770224536000005 0.917676775374116
9778 0.0074524530936000005 0.918824812922516
9779 0.0073238981536 0.920009581778616
9780 0.007236752133599999 0.9208127239249161
9781 0.007119811333599999 0.9218904562769161
9782 0.007009985193599999 0.922902619561016
9783 0.006897029973599999 0.9239436206053161
9784 0.0067735683536 0.9250814491656161
9785 0.006664130493599999 0.926090034041516
9786 0.006548994053599999 0.927151137320116
9787 0.006409167573599999 0.928439785261316
9788 0.006331203233599999 0.929158308578416
9789 0.006102654773599999 0.9312646227933161
9790 0.0058624464936 0.933478394501516
9791 0.0056275370935999994 0.9356433314625161
9792 0.018333480000000006 0.881538820929
9793 0.017222360000000003 0.889780815729
9794 0.017134640000000003 0.890431499529
9795 0.016929960000000004 0.891949761729
9796 0.016783760000000005 0.893034234729
9797 0.016666800000000002 0.8939018131290001
9798 0.016549840000000003 0.894769391529
9799 0.016374400000000004 0.896070759129
9800 0.016198960000000005 0.897372126729
9801 0.016082000000000003 0.898239705129
9802 0.015760360000000005 0.900625545729
9803 0.015497200000000004 0.902577597129
9804 0.015175560000000005 0.904963437729
9805 0.015058600000000004 0.905831016129
9806 0.014883160000000005 0.9071323837290001
9807 0.014795440000000003 0.9077830675290001
9808 0.014590760000000005 0.909301329729
9809 0.014356840000000004 0.911036486529
9810 0.014005960000000003 0.913639221729
9811 0.013742800000000005 0.915591273129
9812 0.013450400000000005 0.9177602191290001
9813 0.013158000000000003 0.919929165129
9814 0.012865600000000003 0.922098111129
9815 0.012573200000000003 0.924267057129
9816 0.012310040000000003 0.926219108529
9817 0.012017640000000003 0.928388054529
9818 0.011696000000000005 0.930773895129
9819 0.011403600000000003 0.9329428411290001
9820 0.011081960000000004 0.935328681729
9821 0.010848040000000005 0.937063838529
9822 0.010526400000000003 0.939449679129
9823 0.010204760000000004 0.941835519729
9824 0.009941600000000002 0.943787571129
9825 0.009678440000000003 0.9457396225290001
9826 0.009619960000000004 0.946173411729
9827 0.009064400000000004 0.9502944091290001
9828 0.008479600000000002 0.954632301129
9829 0.008128720000000002 0.9572350363290001
9830 0.007894800000000002 0.9589701931290001
9831 0.014673845048400002 0.892387989632014
9832 0.014607788048400001 0.892909109037014
9833 0.0145420034484 0.8934280794960141
9834 0.014461645448400002 0.894062018566014
9835 0.014404169048400002 0.894515446172014
9836 0.0143355242484 0.8950569805640141
9837 0.014258026448400003 0.895668355701014
9838 0.014197689848400002 0.896144347240014
9839 0.014129045048400003 0.8966858816320141
9840 0.014060127848400002 0.8972295649700139
9841 0.013988486648400002 0.897794737768014
9842 0.013913985248400002 0.898382474499014
9843 0.013850788448400002 0.8988810299710139
9844 0.013785003848400002 0.899400000430014
9845 0.013716086648400001 0.899943683768014
9846 0.013638588848400001 0.9005550589050141
9847 0.013572804248400001 0.901074029364014
9848 0.0135038870484 0.9016177127020141
9849 0.013437830048400002 0.902138832107014
9850 0.013366325048400003 0.9027029304320141
9851 0.013300268048400002 0.903224049837014
9852 0.013234483448400001 0.903743020296014
9853 0.013165566248400002 0.904286703634014
9854 0.013093788848400003 0.904852950905014
9855 0.0130308644484 0.9053493574310141
9856 0.012964807448400003 0.9058704768360141
9857 0.012890169848400001 0.9064592880400141
9858 0.0128272454484 0.9069556945660141
9859 0.0127554680484 0.9075219418370141
9860 0.012686823248400002 0.9080634762290141
9861 0.012620766248400002 0.9085845956340141
9862 0.0125575694484 0.909083151106014
9863 0.012488924648400002 0.909624685498014
9864 0.012417147248400002 0.910190932769014
9865 0.0123510902484 0.9107120521740141
9866 0.012273864848400004 0.9113212783650141
9867 0.012213528248400001 0.911797269904014
9868 0.012142023248400002 0.912361368229014
9869 0.012073106048400003 0.9129050515670141
9870 0.012009909248400001 0.9134036070390141
9871 0.011938404248400002 0.9139677053640141
9872 0.0118694870484 0.9145113887020141
9873 0.011806426448400001 0.915008869701014
9874 0.011740505648400002 0.915528914633014
9875 0.011668728248400003 0.916095161904014
9876 0.011605803848400003 0.916591568430014
9877 0.011536886648400002 0.917135251768014
9878 0.0114708296484 0.917656371173014
9879 0.011399324648400001 0.9182204694980141
9880 0.0113304074484 0.9187641528360141
9881 0.7950873436402413 0.37425696288875887
9882 0.7843597058550087 0.4028117876739914
9883 0.7725028430397516 0.43437238348924856
9884 0.7612105927395068 0.4644300937894934
9885 0.7499183424392618 0.49448780408973836
9886 0.7386260921390171 0.5245455143899829
9887 0.7278984543537842 0.553100339175216
9888 0.7166062040535395 0.5831580494754607
9889 0.7154769790235149 0.5861638205054851
9890 0.7047493412382824 0.6147186452907176
9891 0.6934570909380375 0.6447763555909625
9892 0.6821648406377926 0.6748340658912074
9893 0.6708725903375478 0.7048917761914523
9894 0.6595803400373028 0.7349494864916972
9895 0.6471588647070335 0.7680129678219664
9896 0.6364312269218009 0.796567792607199
9897 0.6257035891365682 0.8251226173924319
9898 0.6245743641065438 0.8281283884224562
9899 0.6138467263213112 0.8566832132076887
9900 0.6025544760210662 0.8867409235079338
9901 0.5918268382358336 0.9152957482931665
9902 0.5805345879355889 0.945353458593411
9903 0.5686777251203315 0.9769140544086684
9904 0.557950087335099 1.0054688791939008
9905 0.5466578370348542 1.0355265894941459
9906 0.5455286120048297 1.0385323605241703
9907 0.5353655867346092 1.0655842997943907
9908 0.5342363617045848 1.0685900708244152
9909 0.5240733364343644 1.0956420100946356
9910 0.5127810861341194 1.1256997203948806
9911 0.5014888358338747 1.1557574306951253
9912 0.4901965855336298 1.18581514099537
9913 0.4901965855336298 1.18581514099537
9914 0.47946894774839716 1.2143699657806029
9915 0.46761208493314005 1.24593056159586
9916 0.45631983463289516 1.2759882718961049
9917 0.4450275843326503 1.3060459821963497
9918 0.4337353340324055 1.3361036924965946
9919 0.4230076962471728 1.364658517281827
9920 0.42187847121714833 1.3676642883118517
9921 0.4111508334319157 1.3962191130970845
9922 0.39872935810164634 1.4292825944273537
9923 0.3868724952863893 1.4608431902426107
9924 0.3767094700161689 1.4878951295128313
9925 0.3755802449861444 1.4909009005428557
9926 0.36428799468589956 1.5209586108431004
9927 0.3529957443856547 1.5510163211433454
9928 0.34226810660042195 1.5795711459285782
9929 0.3304112437851649 1.611131741743835
9930 0.5043506036365164 0.5861787708924837
9931 0.4889813823086729 0.6615974642203273
9932 0.4736121609808293 0.7370161575481708
9933 0.4582429396529857 0.8124348508760144
9934 0.4428737183251421 0.887853544203858
9935 0.4275044969972986 0.9632722375317015
9936 0.41213527566945496 1.0386909308595451
9937 0.3967660543416114 1.1141096241873887
9938 0.38139683301376787 1.1895283175152322
9939 0.36602761168592435 1.2649470108430756
9940 0.3506583903580808 1.3403657041709192
9941 0.33528916903023726 1.4157843974987627
9942 0.3199199477023936 1.4912030908266063
9943 0.30455072637455005 1.5666217841544499
9944 0.2891815050467065 1.6420404774822939
9945 0.273812283718863 1.717459170810137
9946 0.2584430623910194 1.7928778641379803
9947 0.2430738410631758 1.8682965574658241
9948 0.2277046197353323 1.943715250793668
9949 0.2123353984074887 2.0191339441215113
9950 0.3690218916376221 0.757968771671378
9951 0.3643259608850755 0.7782025033039246
9952 0.35997031496966997 0.7969700224993299
9953 0.35538781249617035 0.8167150166528298
9954 0.35101515233890773 0.8355558464700923
9955 0.3464439926933129 0.855251966875687
9956 0.3416459764896239 0.8759255622393761
9957 0.3373186876439801 0.89457089706502
9958 0.3327305137565281 0.914340328092472
9959 0.32827845380393267 0.9335232741450672
9960 0.32360520870719545 0.9536592582818046
9961 0.3190794203732193 0.9731598836957809
9962 0.3145366177973861 0.992733819731614
9963 0.30999948663550536 1.0122833188934945
9964 0.3054907125433863 1.0317106336856137
9965 0.30073239623736386 1.0522131709316362
9966 0.2966716638474805 1.0697099726815196
9967 0.29213453268559975 1.0892594718434003
9968 0.2873762163795772 1.109762009089423
9969 0.2826122286596024 1.1302889832093974
9970 0.278307625469768 1.1488365705392318
9971 0.2737648228939349 1.1684105065750652
9972 0.269210677490197 1.188033316358803
9973 0.2644466897702222 1.2085602904787778
9974 0.26011940092457836 1.2272056253044217
9975 0.25554824127898346 1.2469017457100167
