  1.94383  3.75000  0.00100  0.16874  0.0000000E+00  0.0000000E+00  0.0000000E+00  0.0000000E+00  0.0000000E+00  0.0000000E+00  0.0000000E+00  0.0000000E+00  0.0000000E+00  0.0000000E+00
  1.94392  3.75000  0.00200  0.16974  0.0000000E+00  0.0000000E+00  0.0000000E+00  0.0000000E+00  0.0000000E+00  0.0000000E+00  0.0000000E+00  0.0000000E+00  0.0000000E+00  0.0000000E+00
  1.94400  3.75000  0.00300  0.17074  0.0000000E+00  0.0000000E+00  0.0000000E+00  0.0000000E+00  0.0000000E+00  0.0000000E+00  0.0000000E+00  0.0000000E+00  0.0000000E+00  0.0000000E+00
  1.94409  3.75000  0.00400  0.17174  0.0000000E+00  0.0000000E+00  0.0000000E+00  0.0000000E+00  0.0000000E+00  0.0000000E+00  0.0000000E+00  0.0000000E+00  0.0000000E+00  0.0000000E+00
  1.94418  3.75000  0.00500  0.17274  0.0000000E+00  0.0000000E+00  0.0000000E+00  0.0000000E+00  0.0000000E+00  0.0000000E+00  0.0000000E+00  0.0000000E+00  0.0000000E+00  0.0000000E+00
  1.94427  3.75000  0.00600  0.17374  0.0000000E+00  0.0000000E+00  0.0000000E+00  0.0000000E+00  0.0000000E+00  0.0000000E+00  0.0000000E+00  0.0000000E+00  0.0000000E+00  0.0000000E+00
  1.94436  3.75000  0.00700  0.17474  0.0000000E+00  0.0000000E+00  0.0000000E+00  0.0000000E+00  0.0000000E+00  0.0000000E+00  0.0000000E+00  0.0000000E+00  0.0000000E+00  0.0000000E+00
  1.94445  3.75000  0.00800  0.17574  0.0000000E+00  0.0000000E+00  0.0000000E+00  0.0000000E+00  0.0000000E+00  0.0000000E+00  0.0000000E+00  0.0000000E+00  0.0000000E+00  0.0000000E+00
  1.94454  3.75000  0.00900  0.17674  0.0000000E+00  0.0000000E+00  0.0000000E+00  0.0000000E+00  0.0000000E+00  0.0000000E+00  0.0000000E+00  0.0000000E+00  0.0000000E+00  0.0000000E+00
  1.94463  3.75000  0.01000  0.17774  0.0000000E+00  0.0000000E+00  0.0000000E+00  0.0000000E+00  0.0000000E+00  0.0000000E+00  0.0000000E+00  0.0000000E+00  0.0000000E+00  0.0000000E+00
  1.94472  3.75000  0.01100  0.17874  0.0000000E+00  0.0000000E+00  0.0000000E+00  0.0000000E+00  0.0000000E+00  0.0000000E+00  0.0000000E+00  0.0000000E+00  0.0000000E+00  0.0000000E+00
  1.94482  3.75000  0.01200  0.17974  0.0000000E+00  0.0000000E+00  0.0000000E+00  0.0000000E+00  0.0000000E+00  0.0000000E+00  0.0000000E+00  0.0000000E+00  0.0000000E+00  0.0000000E+00
  1.94491  3.75000  0.01300  0.18074  0.0000000E+00  0.0000000E+00  0.0000000E+00  0.0000000E+00  0.0000000E+00  0.0000000E+00  0.0000000E+00  0.0000000E+00  0.0000000E+00  0.0000000E+00
  1.94500  3.75000  0.01400  0.18174  0.0000000E+00  0.0000000E+00  0.0000000E+00  0.0000000E+00  0.0000000E+00  0.0000000E+00  0.0000000E+00  0.0000000E+00  0.0000000E+00  0.0000000E+00
  1.94509  3.75000  0.01500  0.18274  0.0000000E+00  0.0000000E+00  0.0000000E+00  0.0000000E+00  0.0000000E+00  0.0000000E+00  0.0000000E+00  0.0000000E+00  0.0000000E+00  0.0000000E+00
  1.94519  3.75000  0.01600  0.18374  0.0000000E+00  0.0000000E+00  0.0000000E+00  0.0000000E+00  0.0000000E+00  0.0000000E+00  0.0000000E+00  0.0000000E+00  0.0000000E+00  0.0000000E+00
  1.94528  3.75000  0.01700  0.18474  0.2918386E-12  0.0000000E+00  0.2918386E-12  0.0000000E+00  0.0000000E+00  0.0000000E+00  0.0000000E+00  0.0000000E+00  0.0000000E+00  0.0000000E+00
  1.94538  3.75000  0.01800  0.18574  0.5127763E-12  0.0000000E+00  0.5127763E-12  0.0000000E+00  0.0000000E+00  0.0000000E+00  0.0000000E+00  0.0000000E+00  0.0000000E+00  0.0000000E+00
  1.94547  3.75000  0.01900  0.18674  0.6719718E-12  0.0000000E+00  0.6719718E-12  0.0000000E+00  0.0000000E+00  0.0000000E+00  0.0000000E+00  0.0000000E+00  0.0000000E+00  0.0000000E+00
  1.94557  3.75000  0.02000  0.18774  0.8071379E-12  0.0000000E+00  0.8071379E-12  0.0000000E+00  0.0000000E+00  0.0000000E+00  0.0000000E+00  0.0000000E+00  0.0000000E+00  0.0000000E+00
  1.94567  3.75000  0.02100  0.18874  0.9290945E-12  0.0000000E+00  0.9290945E-12  0.0000000E+00  0.0000000E+00  0.0000000E+00  0.0000000E+00  0.0000000E+00  0.0000000E+00  0.0000000E+00
  1.94577  3.75000  0.02200  0.18974  0.1042737E-11  0.0000000E+00  0.1042737E-11  0.0000000E+00  0.0000000E+00  0.0000000E+00  0.0000000E+00  0.0000000E+00  0.0000000E+00  0.0000000E+00
  1.94586  3.75000  0.02300  0.19074  0.1150767E-11  0.0000000E+00  0.1150767E-11  0.0000000E+00  0.0000000E+00  0.0000000E+00  0.0000000E+00  0.0000000E+00  0.0000000E+00  0.0000000E+00
  1.94596  3.75000  0.02400  0.19174  0.1254858E-11  0.0000000E+00  0.1254858E-11  0.0000000E+00  0.0000000E+00  0.0000000E+00  0.0000000E+00  0.0000000E+00  0.0000000E+00  0.0000000E+00
  1.94606  3.75000  0.02500  0.19274  0.1356035E-11  0.0000000E+00  0.1356035E-11  0.0000000E+00  0.0000000E+00  0.0000000E+00  0.0000000E+00  0.0000000E+00  0.0000000E+00  0.0000000E+00
  1.94616  3.75000  0.02600  0.19374  0.1376568E-11  0.0000000E+00  0.1376568E-11  0.0000000E+00  0.0000000E+00  0.0000000E+00  0.0000000E+00  0.0000000E+00  0.0000000E+00  0.0000000E+00
  1.94626  3.75000  0.02700  0.19474  0.1397395E-11  0.0000000E+00  0.1397395E-11  0.0000000E+00  0.0000000E+00  0.0000000E+00  0.0000000E+00  0.0000000E+00  0.0000000E+00  0.0000000E+00
  1.94636  3.75000  0.02800  0.19574  0.1418518E-11  0.0000000E+00  0.1418518E-11  0.0000000E+00  0.0000000E+00  0.0000000E+00  0.0000000E+00  0.0000000E+00  0.0000000E+00  0.0000000E+00
  1.94646  3.75000  0.02900  0.19674  0.1439941E-11  0.0000000E+00  0.1439941E-11  0.0000000E+00  0.0000000E+00  0.0000000E+00  0.0000000E+00  0.0000000E+00  0.0000000E+00  0.0000000E+00
  1.94656  3.75000  0.03000  0.19774  0.1461670E-11  0.0000000E+00  0.1461670E-11  0.0000000E+00  0.0000000E+00  0.0000000E+00  0.0000000E+00  0.0000000E+00  0.0000000E+00  0.0000000E+00
  1.94666  3.75000  0.03100  0.19874  0.1483708E-11  0.0000000E+00  0.1483708E-11  0.0000000E+00  0.0000000E+00  0.0000000E+00  0.0000000E+00  0.0000000E+00  0.0000000E+00  0.0000000E+00
  1.94677  3.75000  0.03200  0.19974  0.1506060E-11  0.0000000E+00  0.1506060E-11  0.0000000E+00  0.0000000E+00  0.0000000E+00  0.0000000E+00  0.0000000E+00  0.0000000E+00  0.0000000E+00
  1.94687  3.75000  0.03300  0.20074  0.1528729E-11  0.0000000E+00  0.1528729E-11  0.0000000E+00  0.0000000E+00  0.0000000E+00  0.0000000E+00  0.0000000E+00  0.0000000E+00  0.0000000E+00
  1.94697  3.75000  0.03400  0.20174  0.1551721E-11  0.0000000E+00  0.1551721E-11  0.0000000E+00  0.0000000E+00  0.0000000E+00  0.0000000E+00  0.0000000E+00  0.0000000E+00  0.0000000E+00
  1.94708  3.75000  0.03500  0.20274  0.1575039E-11  0.0000000E+00  0.1575039E-11  0.0000000E+00  0.0000000E+00  0.0000000E+00  0.0000000E+00  0.0000000E+00  0.0000000E+00  0.0000000E+00
  1.94718  3.75000  0.03600  0.20374  0.1598689E-11  0.0000000E+00  0.1598689E-11  0.0000000E+00  0.0000000E+00  0.0000000E+00  0.0000000E+00  0.0000000E+00  0.0000000E+00  0.0000000E+00
  1.94729  3.75000  0.03700  0.20474  0.1622675E-11  0.0000000E+00  0.1622675E-11  0.0000000E+00  0.0000000E+00  0.0000000E+00  0.0000000E+00  0.0000000E+00  0.0000000E+00  0.0000000E+00
  1.94739  3.75000  0.03800  0.20574  0.1647001E-11  0.0000000E+00  0.1647001E-11  0.0000000E+00  0.0000000E+00  0.0000000E+00  0.0000000E+00  0.0000000E+00  0.0000000E+00  0.0000000E+00
  1.94750  3.75000  0.03900  0.20674  0.1671673E-11  0.0000000E+00  0.1671673E-11  0.0000000E+00  0.0000000E+00  0.0000000E+00  0.0000000E+00  0.0000000E+00  0.0000000E+00  0.0000000E+00
  1.94760  3.75000  0.04000  0.20774  0.1696695E-11  0.0000000E+00  0.1696695E-11  0.0000000E+00  0.0000000E+00  0.0000000E+00  0.0000000E+00  0.0000000E+00  0.0000000E+00  0.0000000E+00
  1.94771  3.75000  0.04100  0.20874  0.1722072E-11  0.0000000E+00  0.1722072E-11  0.0000000E+00  0.0000000E+00  0.0000000E+00  0.0000000E+00  0.0000000E+00  0.0000000E+00  0.0000000E+00
  1.94782  3.75000  0.04200  0.20974  0.1747809E-11  0.0000000E+00  0.1747809E-11  0.0000000E+00  0.0000000E+00  0.0000000E+00  0.0000000E+00  0.0000000E+00  0.0000000E+00  0.0000000E+00
  1.94793  3.75000  0.04300  0.21074  0.1773910E-11  0.0000000E+00  0.1773910E-11  0.0000000E+00  0.0000000E+00  0.0000000E+00  0.0000000E+00  0.0000000E+00  0.0000000E+00  0.0000000E+00
  1.94803  3.75000  0.04400  0.21174  0.1800382E-11  0.0000000E+00  0.1800382E-11  0.0000000E+00  0.0000000E+00  0.0000000E+00  0.0000000E+00  0.0000000E+00  0.0000000E+00  0.0000000E+00
  1.94814  3.75000  0.04500  0.21274  0.1827228E-11  0.0000000E+00  0.1827228E-11  0.0000000E+00  0.0000000E+00  0.0000000E+00  0.0000000E+00  0.0000000E+00  0.0000000E+00  0.0000000E+00
  1.94825  3.75000  0.04600  0.21374  0.1854455E-11  0.0000000E+00  0.1854455E-11  0.0000000E+00  0.0000000E+00  0.0000000E+00  0.0000000E+00  0.0000000E+00  0.0000000E+00  0.0000000E+00
  1.94836  3.75000  0.04700  0.21474  0.1882067E-11  0.0000000E+00  0.1882067E-11  0.0000000E+00  0.0000000E+00  0.0000000E+00  0.0000000E+00  0.0000000E+00  0.0000000E+00  0.0000000E+00
  1.94847  3.75000  0.04800  0.21574  0.1910069E-11  0.0000000E+00  0.1910069E-11  0.0000000E+00  0.0000000E+00  0.0000000E+00  0.0000000E+00  0.0000000E+00  0.0000000E+00  0.0000000E+00
  1.94858  3.75000  0.04900  0.21674  0.1938468E-11  0.0000000E+00  0.1938468E-11  0.0000000E+00  0.0000000E+00  0.0000000E+00  0.0000000E+00  0.0000000E+00  0.0000000E+00  0.0000000E+00
  1.94869  3.75000  0.05000  0.21774  0.1967268E-11  0.0000000E+00  0.1967268E-11  0.0000000E+00  0.0000000E+00  0.0000000E+00  0.0000000E+00  0.0000000E+00  0.0000000E+00  0.0000000E+00
  1.94881  3.75000  0.05100  0.21874  0.1996475E-11  0.0000000E+00  0.1996475E-11  0.0000000E+00  0.0000000E+00  0.0000000E+00  0.0000000E+00  0.0000000E+00  0.0000000E+00  0.0000000E+00
  1.94892  3.75000  0.05200  0.21974  0.2026095E-11  0.0000000E+00  0.2026095E-11  0.0000000E+00  0.0000000E+00  0.0000000E+00  0.0000000E+00  0.0000000E+00  0.0000000E+00  0.0000000E+00
  1.94903  3.75000  0.05300  0.22074  0.2056133E-11  0.0000000E+00  0.2056133E-11  0.0000000E+00  0.0000000E+00  0.0000000E+00  0.0000000E+00  0.0000000E+00  0.0000000E+00  0.0000000E+00
  1.94915  3.75000  0.05400  0.22174  0.2086595E-11  0.0000000E+00  0.2086595E-11  0.0000000E+00  0.0000000E+00  0.0000000E+00  0.0000000E+00  0.0000000E+00  0.0000000E+00  0.0000000E+00
  1.94926  3.75000  0.05500  0.22274  0.2117487E-11  0.0000000E+00  0.2117487E-11  0.0000000E+00  0.0000000E+00  0.0000000E+00  0.0000000E+00  0.0000000E+00  0.0000000E+00  0.0000000E+00
  1.94937  3.75000  0.05600  0.22374  0.2148815E-11  0.0000000E+00  0.2148815E-11  0.0000000E+00  0.0000000E+00  0.0000000E+00  0.0000000E+00  0.0000000E+00  0.0000000E+00  0.0000000E+00
  1.94949  3.75000  0.05700  0.22474  0.2180584E-11  0.0000000E+00  0.2180584E-11  0.0000000E+00  0.0000000E+00  0.0000000E+00  0.0000000E+00  0.0000000E+00  0.0000000E+00  0.0000000E+00
  1.94960  3.75000  0.05800  0.22574  0.2212801E-11  0.0000000E+00  0.2212801E-11  0.0000000E+00  0.0000000E+00  0.0000000E+00  0.0000000E+00  0.0000000E+00  0.0000000E+00  0.0000000E+00
  1.94972  3.75000  0.05900  0.22674  0.2245472E-11  0.0000000E+00  0.2245472E-11  0.0000000E+00  0.0000000E+00  0.0000000E+00  0.0000000E+00  0.0000000E+00  0.0000000E+00  0.0000000E+00
  1.94984  3.75000  0.06000  0.22774  0.2278603E-11  0.0000000E+00  0.2278603E-11  0.0000000E+00  0.0000000E+00  0.0000000E+00  0.0000000E+00  0.0000000E+00  0.0000000E+00  0.0000000E+00
  1.94995  3.75000  0.06100  0.22874  0.2312200E-11  0.0000000E+00  0.2312200E-11  0.0000000E+00  0.0000000E+00  0.0000000E+00  0.0000000E+00  0.0000000E+00  0.0000000E+00  0.0000000E+00
  1.95007  3.75000  0.06200  0.22974  0.2346270E-11  0.0000000E+00  0.2346270E-11  0.0000000E+00  0.0000000E+00  0.0000000E+00  0.0000000E+00  0.0000000E+00  0.0000000E+00  0.0000000E+00
  1.95019  3.75000  0.06300  0.23074  0.2380820E-11  0.0000000E+00  0.2380820E-11  0.0000000E+00  0.0000000E+00  0.0000000E+00  0.0000000E+00  0.0000000E+00  0.0000000E+00  0.0000000E+00
  1.95031  3.75000  0.06400  0.23174  0.2415854E-11  0.0000000E+00  0.2415854E-11  0.0000000E+00  0.0000000E+00  0.0000000E+00  0.0000000E+00  0.0000000E+00  0.0000000E+00  0.0000000E+00
  1.95043  3.75000  0.06500  0.23274  0.2451382E-11  0.0000000E+00  0.2451382E-11  0.0000000E+00  0.0000000E+00  0.0000000E+00  0.0000000E+00  0.0000000E+00  0.0000000E+00  0.0000000E+00
  1.95055  3.75000  0.06600  0.23374  0.2487408E-11  0.0000000E+00  0.2487408E-11  0.0000000E+00  0.0000000E+00  0.0000000E+00  0.0000000E+00  0.0000000E+00  0.0000000E+00  0.0000000E+00
  1.95067  3.75000  0.06700  0.23474  0.2523940E-11  0.0000000E+00  0.2523940E-11  0.0000000E+00  0.0000000E+00  0.0000000E+00  0.0000000E+00  0.0000000E+00  0.0000000E+00  0.0000000E+00
  1.95079  3.75000  0.06800  0.23574  0.2560984E-11  0.0000000E+00  0.2560984E-11  0.0000000E+00  0.0000000E+00  0.0000000E+00  0.0000000E+00  0.0000000E+00  0.0000000E+00  0.0000000E+00
  1.95091  3.75000  0.06900  0.23674  0.2598549E-11  0.0000000E+00  0.2598549E-11  0.0000000E+00  0.0000000E+00  0.0000000E+00  0.0000000E+00  0.0000000E+00  0.0000000E+00  0.0000000E+00
  1.95103  3.75000  0.07000  0.23774  0.2636640E-11  0.0000000E+00  0.2636640E-11  0.0000000E+00  0.0000000E+00  0.0000000E+00  0.0000000E+00  0.0000000E+00  0.0000000E+00  0.0000000E+00
  1.95115  3.75000  0.07100  0.23874  0.2675265E-11  0.0000000E+00  0.2675265E-11  0.0000000E+00  0.0000000E+00  0.0000000E+00  0.0000000E+00  0.0000000E+00  0.0000000E+00  0.0000000E+00
  1.95128  3.75000  0.07200  0.23974  0.2714431E-11  0.0000000E+00  0.2714431E-11  0.0000000E+00  0.0000000E+00  0.0000000E+00  0.0000000E+00  0.0000000E+00  0.0000000E+00  0.0000000E+00
  1.95140  3.75000  0.07300  0.24074  0.2754145E-11  0.0000000E+00  0.2754145E-11  0.0000000E+00  0.0000000E+00  0.0000000E+00  0.0000000E+00  0.0000000E+00  0.0000000E+00  0.0000000E+00
  1.95152  3.75000  0.07400  0.24174  0.2794416E-11  0.0000000E+00  0.2794416E-11  0.0000000E+00  0.0000000E+00  0.0000000E+00  0.0000000E+00  0.0000000E+00  0.0000000E+00  0.0000000E+00
  1.95165  3.75000  0.07500  0.24274  0.2835249E-11  0.0000000E+00  0.2835249E-11  0.0000000E+00  0.0000000E+00  0.0000000E+00  0.0000000E+00  0.0000000E+00  0.0000000E+00  0.0000000E+00
  1.95177  3.75000  0.07600  0.24374  0.2876654E-11  0.0000000E+00  0.2876654E-11  0.0000000E+00  0.0000000E+00  0.0000000E+00  0.0000000E+00  0.0000000E+00  0.0000000E+00  0.0000000E+00
  1.95190  3.75000  0.07700  0.24474  0.2918638E-11  0.0000000E+00  0.2918638E-11  0.0000000E+00  0.0000000E+00  0.0000000E+00  0.0000000E+00  0.0000000E+00  0.0000000E+00  0.0000000E+00
  1.95202  3.75000  0.07800  0.24574  0.2961208E-11  0.0000000E+00  0.2961208E-11  0.0000000E+00  0.0000000E+00  0.0000000E+00  0.0000000E+00  0.0000000E+00  0.0000000E+00  0.0000000E+00
  1.95215  3.75000  0.07900  0.24674  0.3004373E-11  0.0000000E+00  0.3004373E-11  0.0000000E+00  0.0000000E+00  0.0000000E+00  0.0000000E+00  0.0000000E+00  0.0000000E+00  0.0000000E+00
  1.95227  3.75000  0.08000  0.24774  0.3048141E-11  0.0000000E+00  0.3048141E-11  0.0000000E+00  0.0000000E+00  0.0000000E+00  0.0000000E+00  0.0000000E+00  0.0000000E+00  0.0000000E+00
  1.95240  3.75000  0.08100  0.24874  0.3092519E-11  0.0000000E+00  0.3092519E-11  0.0000000E+00  0.0000000E+00  0.0000000E+00  0.0000000E+00  0.0000000E+00  0.0000000E+00  0.0000000E+00
  1.95253  3.75000  0.08200  0.24974  0.3137516E-11  0.0000000E+00  0.3137516E-11  0.0000000E+00  0.0000000E+00  0.0000000E+00  0.0000000E+00  0.0000000E+00  0.0000000E+00  0.0000000E+00
  1.95266  3.75000  0.08300  0.25074  0.3183141E-11  0.0000000E+00  0.3183141E-11  0.0000000E+00  0.0000000E+00  0.0000000E+00  0.0000000E+00  0.0000000E+00  0.0000000E+00  0.0000000E+00
  1.95279  3.75000  0.08400  0.25174  0.3229401E-11  0.0000000E+00  0.3229401E-11  0.0000000E+00  0.0000000E+00  0.0000000E+00  0.0000000E+00  0.0000000E+00  0.0000000E+00  0.0000000E+00
  1.95292  3.75000  0.08500  0.25274  0.3276306E-11  0.0000000E+00  0.3276306E-11  0.0000000E+00  0.0000000E+00  0.0000000E+00  0.0000000E+00  0.0000000E+00  0.0000000E+00  0.0000000E+00
  1.95304  3.75000  0.08600  0.25374  0.3323864E-11  0.0000000E+00  0.3323864E-11  0.0000000E+00  0.0000000E+00  0.0000000E+00  0.0000000E+00  0.0000000E+00  0.0000000E+00  0.0000000E+00
  1.95318  3.75000  0.08700  0.25474  0.3372084E-11  0.0000000E+00  0.3372084E-11  0.0000000E+00  0.0000000E+00  0.0000000E+00  0.0000000E+00  0.0000000E+00  0.0000000E+00  0.0000000E+00
  1.95331  3.75000  0.08800  0.25574  0.3420974E-11  0.0000000E+00  0.3420974E-11  0.0000000E+00  0.0000000E+00  0.0000000E+00  0.0000000E+00  0.0000000E+00  0.0000000E+00  0.0000000E+00
  1.95344  3.75000  0.08900  0.25674  0.3470545E-11  0.0000000E+00  0.3470545E-11  0.0000000E+00  0.0000000E+00  0.0000000E+00  0.0000000E+00  0.0000000E+00  0.0000000E+00  0.0000000E+00
  1.95357  3.75000  0.09000  0.25774  0.3520804E-11  0.0000000E+00  0.3520804E-11  0.0000000E+00  0.0000000E+00  0.0000000E+00  0.0000000E+00  0.0000000E+00  0.0000000E+00  0.0000000E+00
  1.95370  3.75000  0.09100  0.25874  0.3571762E-11  0.0000000E+00  0.3571762E-11  0.0000000E+00  0.0000000E+00  0.0000000E+00  0.0000000E+00  0.0000000E+00  0.0000000E+00  0.0000000E+00
  1.95383  3.75000  0.09200  0.25974  0.3623427E-11  0.0000000E+00  0.3623427E-11  0.0000000E+00  0.0000000E+00  0.0000000E+00  0.0000000E+00  0.0000000E+00  0.0000000E+00  0.0000000E+00
  1.95397  3.75000  0.09300  0.26074  0.3675809E-11  0.0000000E+00  0.3675809E-11  0.0000000E+00  0.0000000E+00  0.0000000E+00  0.0000000E+00  0.0000000E+00  0.0000000E+00  0.0000000E+00
  1.95410  3.75000  0.09400  0.26174  0.3728918E-11  0.0000000E+00  0.3728918E-11  0.0000000E+00  0.0000000E+00  0.0000000E+00  0.0000000E+00  0.0000000E+00  0.0000000E+00  0.0000000E+00
  1.95423  3.75000  0.09500  0.26274  0.3782764E-11  0.0000000E+00  0.3782764E-11  0.0000000E+00  0.0000000E+00  0.0000000E+00  0.0000000E+00  0.0000000E+00  0.0000000E+00  0.0000000E+00
  1.95437  3.75000  0.09600  0.26374  0.3837356E-11  0.0000000E+00  0.3837356E-11  0.0000000E+00  0.0000000E+00  0.0000000E+00  0.0000000E+00  0.0000000E+00  0.0000000E+00  0.0000000E+00
  1.95450  3.75000  0.09700  0.26474  0.3892704E-11  0.0000000E+00  0.3892704E-11  0.0000000E+00  0.0000000E+00  0.0000000E+00  0.0000000E+00  0.0000000E+00  0.0000000E+00  0.0000000E+00
  1.95464  3.75000  0.09800  0.26574  0.3948819E-11  0.0000000E+00  0.3948819E-11  0.0000000E+00  0.0000000E+00  0.0000000E+00  0.0000000E+00  0.0000000E+00  0.0000000E+00  0.0000000E+00
  1.95478  3.75000  0.09900  0.26674  0.4005711E-11  0.0000000E+00  0.4005711E-11  0.0000000E+00  0.0000000E+00  0.0000000E+00  0.0000000E+00  0.0000000E+00  0.0000000E+00  0.0000000E+00
  1.95491  3.75000  0.10000  0.26774  0.4063390E-11  0.0000000E+00  0.4063390E-11  0.0000000E+00  0.0000000E+00  0.0000000E+00  0.0000000E+00  0.0000000E+00  0.0000000E+00  0.0000000E+00
  1.95505  3.75000  0.10100  0.26874  0.4121866E-11  0.0000000E+00  0.4121866E-11  0.0000000E+00  0.0000000E+00  0.0000000E+00  0.0000000E+00  0.0000000E+00  0.0000000E+00  0.0000000E+00
  1.95519  3.75000  0.10200  0.26974  0.4181152E-11  0.0000000E+00  0.4181152E-11  0.0000000E+00  0.0000000E+00  0.0000000E+00  0.0000000E+00  0.0000000E+00  0.0000000E+00  0.0000000E+00
  1.95533  3.75000  0.10300  0.27074  0.4241256E-11  0.0000000E+00  0.4241256E-11  0.0000000E+00  0.0000000E+00  0.0000000E+00  0.0000000E+00  0.0000000E+00  0.0000000E+00  0.0000000E+00
  1.95546  3.75000  0.10400  0.27174  0.4302190E-11  0.0000000E+00  0.4302190E-11  0.0000000E+00  0.0000000E+00  0.0000000E+00  0.0000000E+00  0.0000000E+00  0.0000000E+00  0.0000000E+00
  1.95560  3.75000  0.10500  0.27274  0.4363966E-11  0.0000000E+00  0.4363966E-11  0.0000000E+00  0.0000000E+00  0.0000000E+00  0.0000000E+00  0.0000000E+00  0.0000000E+00  0.0000000E+00
  1.95574  3.75000  0.10600  0.27374  0.4426594E-11  0.0000000E+00  0.4426594E-11  0.0000000E+00  0.0000000E+00  0.0000000E+00  0.0000000E+00  0.0000000E+00  0.0000000E+00  0.0000000E+00
  1.95588  3.75000  0.10700  0.27474  0.4490086E-11  0.0000000E+00  0.4490086E-11  0.0000000E+00  0.0000000E+00  0.0000000E+00  0.0000000E+00  0.0000000E+00  0.0000000E+00  0.0000000E+00
  1.95602  3.75000  0.10800  0.27574  0.4554454E-11  0.0000000E+00  0.4554454E-11  0.0000000E+00  0.0000000E+00  0.0000000E+00  0.0000000E+00  0.0000000E+00  0.0000000E+00  0.0000000E+00
  1.95617  3.75000  0.10900  0.27674  0.4619708E-11  0.0000000E+00  0.4619708E-11  0.0000000E+00  0.0000000E+00  0.0000000E+00  0.0000000E+00  0.0000000E+00  0.0000000E+00  0.0000000E+00
  1.95631  3.75000  0.11000  0.27774  0.4685862E-11  0.0000000E+00  0.4685862E-11  0.0000000E+00  0.0000000E+00  0.0000000E+00  0.0000000E+00  0.0000000E+00  0.0000000E+00  0.0000000E+00
  1.95645  3.75000  0.11100  0.27874  0.4752926E-11  0.0000000E+00  0.4752926E-11  0.0000000E+00  0.0000000E+00  0.0000000E+00  0.0000000E+00  0.0000000E+00  0.0000000E+00  0.0000000E+00
  1.95659  3.75000  0.11200  0.27974  0.4820914E-11  0.0000000E+00  0.4820914E-11  0.0000000E+00  0.0000000E+00  0.0000000E+00  0.0000000E+00  0.0000000E+00  0.0000000E+00  0.0000000E+00
  1.95674  3.75000  0.11300  0.28074  0.4889836E-11  0.0000000E+00  0.4889836E-11  0.0000000E+00  0.0000000E+00  0.0000000E+00  0.0000000E+00  0.0000000E+00  0.0000000E+00  0.0000000E+00
  1.95688  3.75000  0.11400  0.28174  0.4959707E-11  0.0000000E+00  0.4959707E-11  0.0000000E+00  0.0000000E+00  0.0000000E+00  0.0000000E+00  0.0000000E+00  0.0000000E+00  0.0000000E+00
  1.95702  3.75000  0.11500  0.28274  0.5030538E-11  0.0000000E+00  0.5030538E-11  0.0000000E+00  0.0000000E+00  0.0000000E+00  0.0000000E+00  0.0000000E+00  0.0000000E+00  0.0000000E+00
  1.95717  3.75000  0.11600  0.28374  0.5102342E-11  0.0000000E+00  0.5102342E-11  0.0000000E+00  0.0000000E+00  0.0000000E+00  0.0000000E+00  0.0000000E+00  0.0000000E+00  0.0000000E+00
  1.95731  3.75000  0.11700  0.28474  0.5175132E-11  0.0000000E+00  0.5175132E-11  0.0000000E+00  0.0000000E+00  0.0000000E+00  0.0000000E+00  0.0000000E+00  0.0000000E+00  0.0000000E+00
  1.95746  3.75000  0.11800  0.28574  0.5248921E-11  0.0000000E+00  0.5248921E-11  0.0000000E+00  0.0000000E+00  0.0000000E+00  0.0000000E+00  0.0000000E+00  0.0000000E+00  0.0000000E+00
  1.95761  3.75000  0.11900  0.28674  0.5323723E-11  0.0000000E+00  0.5323723E-11  0.0000000E+00  0.0000000E+00  0.0000000E+00  0.0000000E+00  0.0000000E+00  0.0000000E+00  0.0000000E+00
  1.95775  3.75000  0.12000  0.28774  0.5399551E-11  0.0000000E+00  0.5399551E-11  0.0000000E+00  0.0000000E+00  0.0000000E+00  0.0000000E+00  0.0000000E+00  0.0000000E+00  0.0000000E+00
  1.95790  3.75000  0.12100  0.28874  0.5476418E-11  0.0000000E+00  0.5476418E-11  0.0000000E+00  0.0000000E+00  0.0000000E+00  0.0000000E+00  0.0000000E+00  0.0000000E+00  0.0000000E+00
  1.95805  3.75000  0.12200  0.28974  0.5554338E-11  0.0000000E+00  0.5554338E-11  0.0000000E+00  0.0000000E+00  0.0000000E+00  0.0000000E+00  0.0000000E+00  0.0000000E+00  0.0000000E+00
  1.95820  3.75000  0.12300  0.29074  0.5633326E-11  0.0000000E+00  0.5633326E-11  0.0000000E+00  0.0000000E+00  0.0000000E+00  0.0000000E+00  0.0000000E+00  0.0000000E+00  0.0000000E+00
  1.95834  3.75000  0.12400  0.29174  0.5713395E-11  0.0000000E+00  0.5713395E-11  0.0000000E+00  0.0000000E+00  0.0000000E+00  0.0000000E+00  0.0000000E+00  0.0000000E+00  0.0000000E+00
  1.95849  3.75000  0.12500  0.29274  0.5794559E-11  0.0000000E+00  0.5794559E-11  0.0000000E+00  0.0000000E+00  0.0000000E+00  0.0000000E+00  0.0000000E+00  0.0000000E+00  0.0000000E+00
  1.95864  3.75000  0.12600  0.29374  0.5876834E-11  0.0000000E+00  0.5876834E-11  0.0000000E+00  0.0000000E+00  0.0000000E+00  0.0000000E+00  0.0000000E+00  0.0000000E+00  0.0000000E+00
  1.95879  3.75000  0.12700  0.29474  0.5960234E-11  0.0000000E+00  0.5960234E-11  0.0000000E+00  0.0000000E+00  0.0000000E+00  0.0000000E+00  0.0000000E+00  0.0000000E+00  0.0000000E+00
  1.95894  3.75000  0.12800  0.29574  0.6044774E-11  0.0000000E+00  0.6044774E-11  0.0000000E+00  0.0000000E+00  0.0000000E+00  0.0000000E+00  0.0000000E+00  0.0000000E+00  0.0000000E+00
  1.95910  3.75000  0.12900  0.29674  0.6130469E-11  0.0000000E+00  0.6130469E-11  0.0000000E+00  0.0000000E+00  0.0000000E+00  0.0000000E+00  0.0000000E+00  0.0000000E+00  0.0000000E+00
  1.95925  3.75000  0.13000  0.29774  0.6217333E-11  0.0000000E+00  0.6217333E-11  0.0000000E+00  0.0000000E+00  0.0000000E+00  0.0000000E+00  0.0000000E+00  0.0000000E+00  0.0000000E+00
  1.95940  3.75000  0.13100  0.29874  0.6305384E-11  0.0000000E+00  0.6305384E-11  0.0000000E+00  0.0000000E+00  0.0000000E+00  0.0000000E+00  0.0000000E+00  0.0000000E+00  0.0000000E+00
  1.95955  3.75000  0.13200  0.29974  0.6394635E-11  0.0000000E+00  0.6394635E-11  0.0000000E+00  0.0000000E+00  0.0000000E+00  0.0000000E+00  0.0000000E+00  0.0000000E+00  0.0000000E+00
  1.95971  3.75000  0.13300  0.30074  0.6485104E-11  0.0000000E+00  0.6485104E-11  0.0000000E+00  0.0000000E+00  0.0000000E+00  0.0000000E+00  0.0000000E+00  0.0000000E+00  0.0000000E+00
  1.95986  3.75000  0.13400  0.30174  0.6576806E-11  0.0000000E+00  0.6576806E-11  0.0000000E+00  0.0000000E+00  0.0000000E+00  0.0000000E+00  0.0000000E+00  0.0000000E+00  0.0000000E+00
  1.96001  3.75000  0.13500  0.30274  0.6669758E-11  0.0000000E+00  0.6669758E-11  0.0000000E+00  0.0000000E+00  0.0000000E+00  0.0000000E+00  0.0000000E+00  0.0000000E+00  0.0000000E+00
  1.96017  3.75000  0.13600  0.30374  0.6763975E-11  0.0000000E+00  0.6763975E-11  0.0000000E+00  0.0000000E+00  0.0000000E+00  0.0000000E+00  0.0000000E+00  0.0000000E+00  0.0000000E+00
  1.96032  3.75000  0.13700  0.30474  0.6859475E-11  0.0000000E+00  0.6859475E-11  0.0000000E+00  0.0000000E+00  0.0000000E+00  0.0000000E+00  0.0000000E+00  0.0000000E+00  0.0000000E+00
  1.96048  3.75000  0.13800  0.30574  0.6956275E-11  0.0000000E+00  0.6956275E-11  0.0000000E+00  0.0000000E+00  0.0000000E+00  0.0000000E+00  0.0000000E+00  0.0000000E+00  0.0000000E+00
  1.96064  3.75000  0.13900  0.30674  0.7054391E-11  0.0000000E+00  0.7054391E-11  0.0000000E+00  0.0000000E+00  0.0000000E+00  0.0000000E+00  0.0000000E+00  0.0000000E+00  0.0000000E+00
  1.96079  3.75000  0.14000  0.30774  0.7153841E-11  0.0000000E+00  0.7153841E-11  0.0000000E+00  0.0000000E+00  0.0000000E+00  0.0000000E+00  0.0000000E+00  0.0000000E+00  0.0000000E+00
  1.96095  3.75000  0.14100  0.30874  0.7254643E-11  0.0000000E+00  0.7254643E-11  0.0000000E+00  0.0000000E+00  0.0000000E+00  0.0000000E+00  0.0000000E+00  0.0000000E+00  0.0000000E+00
  1.96111  3.75000  0.14200  0.30974  0.7356814E-11  0.0000000E+00  0.7356814E-11  0.0000000E+00  0.0000000E+00  0.0000000E+00  0.0000000E+00  0.0000000E+00  0.0000000E+00  0.0000000E+00
  1.96126  3.75000  0.14300  0.31074  0.7460373E-11  0.0000000E+00  0.7460373E-11  0.0000000E+00  0.0000000E+00  0.0000000E+00  0.0000000E+00  0.0000000E+00  0.0000000E+00  0.0000000E+00
  1.96142  3.75000  0.14400  0.31174  0.7565337E-11  0.0000000E+00  0.7565337E-11  0.0000000E+00  0.0000000E+00  0.0000000E+00  0.0000000E+00  0.0000000E+00  0.0000000E+00  0.0000000E+00
  1.96158  3.75000  0.14500  0.31274  0.7671725E-11  0.0000000E+00  0.7671725E-11  0.0000000E+00  0.0000000E+00  0.0000000E+00  0.0000000E+00  0.0000000E+00  0.0000000E+00  0.0000000E+00
  1.96174  3.75000  0.14600  0.31374  0.7779556E-11  0.0000000E+00  0.7779556E-11  0.0000000E+00  0.0000000E+00  0.0000000E+00  0.0000000E+00  0.0000000E+00  0.0000000E+00  0.0000000E+00
  1.96190  3.75000  0.14700  0.31474  0.7888849E-11  0.0000000E+00  0.7888849E-11  0.0000000E+00  0.0000000E+00  0.0000000E+00  0.0000000E+00  0.0000000E+00  0.0000000E+00  0.0000000E+00
  1.96206  3.75000  0.14800  0.31574  0.7999623E-11  0.0000000E+00  0.7999623E-11  0.0000000E+00  0.0000000E+00  0.0000000E+00  0.0000000E+00  0.0000000E+00  0.0000000E+00  0.0000000E+00
  1.96222  3.75000  0.14900  0.31674  0.8111897E-11  0.0000000E+00  0.8111897E-11  0.0000000E+00  0.0000000E+00  0.0000000E+00  0.0000000E+00  0.0000000E+00  0.0000000E+00  0.0000000E+00
  1.96239  3.75000  0.15000  0.31774  0.8225691E-11  0.0000000E+00  0.8225691E-11  0.0000000E+00  0.0000000E+00  0.0000000E+00  0.0000000E+00  0.0000000E+00  0.0000000E+00  0.0000000E+00
  1.96255  3.75000  0.15100  0.31874  0.8341025E-11  0.0000000E+00  0.8341025E-11  0.0000000E+00  0.0000000E+00  0.0000000E+00  0.0000000E+00  0.0000000E+00  0.0000000E+00  0.0000000E+00
  1.96271  3.75000  0.15200  0.31974  0.8457919E-11  0.0000000E+00  0.8457919E-11  0.0000000E+00  0.0000000E+00  0.0000000E+00  0.0000000E+00  0.0000000E+00  0.0000000E+00  0.0000000E+00
  1.96287  3.75000  0.15300  0.32074  0.8576394E-11  0.0000000E+00  0.8576394E-11  0.0000000E+00  0.0000000E+00  0.0000000E+00  0.0000000E+00  0.0000000E+00  0.0000000E+00  0.0000000E+00
  1.96304  3.75000  0.15400  0.32174  0.8696470E-11  0.0000000E+00  0.8696470E-11  0.0000000E+00  0.0000000E+00  0.0000000E+00  0.0000000E+00  0.0000000E+00  0.0000000E+00  0.0000000E+00
  1.96320  3.75000  0.15500  0.32274  0.8818168E-11  0.0000000E+00  0.8818168E-11  0.0000000E+00  0.0000000E+00  0.0000000E+00  0.0000000E+00  0.0000000E+00  0.0000000E+00  0.0000000E+00
  1.96337  3.75000  0.15600  0.32374  0.8941510E-11  0.0000000E+00  0.8941510E-11  0.0000000E+00  0.0000000E+00  0.0000000E+00  0.0000000E+00  0.0000000E+00  0.0000000E+00  0.0000000E+00
  1.96353  3.75000  0.15700  0.32474  0.9066516E-11  0.0000000E+00  0.9066516E-11  0.0000000E+00  0.0000000E+00  0.0000000E+00  0.0000000E+00  0.0000000E+00  0.0000000E+00  0.0000000E+00
  1.96370  3.75000  0.15800  0.32574  0.9193210E-11  0.0000000E+00  0.9193210E-11  0.0000000E+00  0.0000000E+00  0.0000000E+00  0.0000000E+00  0.0000000E+00  0.0000000E+00  0.0000000E+00
  1.96386  3.75000  0.15900  0.32674  0.9321612E-11  0.0000000E+00  0.9321612E-11  0.0000000E+00  0.0000000E+00  0.0000000E+00  0.0000000E+00  0.0000000E+00  0.0000000E+00  0.0000000E+00
  1.96403  3.75000  0.16000  0.32774  0.9451746E-11  0.0000000E+00  0.9451746E-11  0.0000000E+00  0.0000000E+00  0.0000000E+00  0.0000000E+00  0.0000000E+00  0.0000000E+00  0.0000000E+00
  1.96420  3.75000  0.16100  0.32874  0.9583633E-11  0.0000000E+00  0.9583633E-11  0.0000000E+00  0.0000000E+00  0.0000000E+00  0.0000000E+00  0.0000000E+00  0.0000000E+00  0.0000000E+00
  1.96436  3.75000  0.16200  0.32974  0.9717297E-11  0.0000000E+00  0.9717297E-11  0.0000000E+00  0.0000000E+00  0.0000000E+00  0.0000000E+00  0.0000000E+00  0.0000000E+00  0.0000000E+00
  1.96453  3.75000  0.16300  0.33074  0.9852760E-11  0.0000000E+00  0.9852760E-11  0.0000000E+00  0.0000000E+00  0.0000000E+00  0.0000000E+00  0.0000000E+00  0.0000000E+00  0.0000000E+00
  1.96470  3.75000  0.16400  0.33174  0.9990047E-11  0.0000000E+00  0.9990047E-11  0.0000000E+00  0.0000000E+00  0.0000000E+00  0.0000000E+00  0.0000000E+00  0.0000000E+00  0.0000000E+00
  1.96487  3.75000  0.16500  0.33274  0.1012918E-10  0.0000000E+00  0.1012918E-10  0.0000000E+00  0.0000000E+00  0.0000000E+00  0.0000000E+00  0.0000000E+00  0.0000000E+00  0.0000000E+00
  1.96504  3.75000  0.16600  0.33374  0.1027019E-10  0.0000000E+00  0.1027019E-10  0.0000000E+00  0.0000000E+00  0.0000000E+00  0.0000000E+00  0.0000000E+00  0.0000000E+00  0.0000000E+00
  1.96521  3.75000  0.16700  0.33474  0.1041309E-10  0.0000000E+00  0.1041309E-10  0.0000000E+00  0.0000000E+00  0.0000000E+00  0.0000000E+00  0.0000000E+00  0.0000000E+00  0.0000000E+00
  1.96538  3.75000  0.16800  0.33574  0.1055791E-10  0.0000000E+00  0.1055791E-10  0.0000000E+00  0.0000000E+00  0.0000000E+00  0.0000000E+00  0.0000000E+00  0.0000000E+00  0.0000000E+00
  1.96555  3.75000  0.16900  0.33674  0.1070467E-10  0.0000000E+00  0.1070467E-10  0.0000000E+00  0.0000000E+00  0.0000000E+00  0.0000000E+00  0.0000000E+00  0.0000000E+00  0.0000000E+00
  1.96572  3.75000  0.17000  0.33774  0.1085341E-10  0.0000000E+00  0.1085341E-10  0.0000000E+00  0.0000000E+00  0.0000000E+00  0.0000000E+00  0.0000000E+00  0.0000000E+00  0.0000000E+00
  1.96590  3.75000  0.17100  0.33874  0.1100415E-10  0.0000000E+00  0.1100415E-10  0.0000000E+00  0.0000000E+00  0.0000000E+00  0.0000000E+00  0.0000000E+00  0.0000000E+00  0.0000000E+00
  1.96607  3.75000  0.17200  0.33974  0.1115690E-10  0.0000000E+00  0.1115690E-10  0.0000000E+00  0.0000000E+00  0.0000000E+00  0.0000000E+00  0.0000000E+00  0.0000000E+00  0.0000000E+00
  1.96624  3.75000  0.17300  0.34074  0.1131170E-10  0.0000000E+00  0.1131170E-10  0.0000000E+00  0.0000000E+00  0.0000000E+00  0.0000000E+00  0.0000000E+00  0.0000000E+00  0.0000000E+00
  1.96641  3.75000  0.17400  0.34174  0.1146858E-10  0.0000000E+00  0.1146858E-10  0.0000000E+00  0.0000000E+00  0.0000000E+00  0.0000000E+00  0.0000000E+00  0.0000000E+00  0.0000000E+00
  1.96659  3.75000  0.17500  0.34274  0.1162756E-10  0.0000000E+00  0.1162756E-10  0.0000000E+00  0.0000000E+00  0.0000000E+00  0.0000000E+00  0.0000000E+00  0.0000000E+00  0.0000000E+00
  1.96676  3.75000  0.17600  0.34374  0.1178868E-10  0.0000000E+00  0.1178868E-10  0.0000000E+00  0.0000000E+00  0.0000000E+00  0.0000000E+00  0.0000000E+00  0.0000000E+00  0.0000000E+00
  1.96694  3.75000  0.17700  0.34474  0.1195194E-10  0.0000000E+00  0.1195194E-10  0.0000000E+00  0.0000000E+00  0.0000000E+00  0.0000000E+00  0.0000000E+00  0.0000000E+00  0.0000000E+00
  1.96711  3.75000  0.17800  0.34574  0.1211740E-10  0.0000000E+00  0.1211740E-10  0.0000000E+00  0.0000000E+00  0.0000000E+00  0.0000000E+00  0.0000000E+00  0.0000000E+00  0.0000000E+00
  1.96729  3.75000  0.17900  0.34674  0.1228506E-10  0.0000000E+00  0.1228506E-10  0.0000000E+00  0.0000000E+00  0.0000000E+00  0.0000000E+00  0.0000000E+00  0.0000000E+00  0.0000000E+00
  1.96747  3.75000  0.18000  0.34774  0.1245497E-10  0.0000000E+00  0.1245497E-10  0.0000000E+00  0.0000000E+00  0.0000000E+00  0.0000000E+00  0.0000000E+00  0.0000000E+00  0.0000000E+00
  1.96764  3.75000  0.18100  0.34874  0.1262715E-10  0.0000000E+00  0.1262715E-10  0.0000000E+00  0.0000000E+00  0.0000000E+00  0.0000000E+00  0.0000000E+00  0.0000000E+00  0.0000000E+00
  1.96782  3.75000  0.18200  0.34974  0.1280163E-10  0.0000000E+00  0.1280163E-10  0.0000000E+00  0.0000000E+00  0.0000000E+00  0.0000000E+00  0.0000000E+00  0.0000000E+00  0.0000000E+00
  1.96800  3.75000  0.18300  0.35074  0.1297844E-10  0.0000000E+00  0.1297844E-10  0.0000000E+00  0.0000000E+00  0.0000000E+00  0.0000000E+00  0.0000000E+00  0.0000000E+00  0.0000000E+00
  1.96818  3.75000  0.18400  0.35174  0.1315761E-10  0.0000000E+00  0.1315761E-10  0.0000000E+00  0.0000000E+00  0.0000000E+00  0.0000000E+00  0.0000000E+00  0.0000000E+00  0.0000000E+00
  1.96836  3.75000  0.18500  0.35274  0.1333918E-10  0.0000000E+00  0.1333918E-10  0.0000000E+00  0.0000000E+00  0.0000000E+00  0.0000000E+00  0.0000000E+00  0.0000000E+00  0.0000000E+00
  1.96854  3.75000  0.18600  0.35374  0.1352316E-10  0.0000000E+00  0.1352316E-10  0.0000000E+00  0.0000000E+00  0.0000000E+00  0.0000000E+00  0.0000000E+00  0.0000000E+00  0.0000000E+00
  1.96872  3.75000  0.18700  0.35474  0.1370960E-10  0.0000000E+00  0.1370960E-10  0.0000000E+00  0.0000000E+00  0.0000000E+00  0.0000000E+00  0.0000000E+00  0.0000000E+00  0.0000000E+00
  1.96890  3.75000  0.18800  0.35574  0.1389852E-10  0.0000000E+00  0.1389852E-10  0.0000000E+00  0.0000000E+00  0.0000000E+00  0.0000000E+00  0.0000000E+00  0.0000000E+00  0.0000000E+00
  1.96908  3.75000  0.18900  0.35674  0.1408996E-10  0.0000000E+00  0.1408996E-10  0.0000000E+00  0.0000000E+00  0.0000000E+00  0.0000000E+00  0.0000000E+00  0.0000000E+00  0.0000000E+00
  1.96926  3.75000  0.19000  0.35774  0.1428396E-10  0.0000000E+00  0.1428396E-10  0.0000000E+00  0.0000000E+00  0.0000000E+00  0.0000000E+00  0.0000000E+00  0.0000000E+00  0.0000000E+00
  1.96944  3.75000  0.19100  0.35874  0.1448053E-10  0.0000000E+00  0.1448053E-10  0.0000000E+00  0.0000000E+00  0.0000000E+00  0.0000000E+00  0.0000000E+00  0.0000000E+00  0.0000000E+00
  1.96962  3.75000  0.19200  0.35974  0.1467972E-10  0.0000000E+00  0.1467972E-10  0.0000000E+00  0.0000000E+00  0.0000000E+00  0.0000000E+00  0.0000000E+00  0.0000000E+00  0.0000000E+00
  1.96981  3.75000  0.19300  0.36074  0.1488156E-10  0.0000000E+00  0.1488156E-10  0.0000000E+00  0.0000000E+00  0.0000000E+00  0.0000000E+00  0.0000000E+00  0.0000000E+00  0.0000000E+00
  1.96999  3.75000  0.19400  0.36174  0.1508609E-10  0.0000000E+00  0.1508609E-10  0.0000000E+00  0.0000000E+00  0.0000000E+00  0.0000000E+00  0.0000000E+00  0.0000000E+00  0.0000000E+00
  1.97017  3.75000  0.19500  0.36274  0.1529333E-10  0.0000000E+00  0.1529333E-10  0.0000000E+00  0.0000000E+00  0.0000000E+00  0.0000000E+00  0.0000000E+00  0.0000000E+00  0.0000000E+00
  1.97036  3.75000  0.19600  0.36374  0.1550333E-10  0.0000000E+00  0.1550333E-10  0.0000000E+00  0.0000000E+00  0.0000000E+00  0.0000000E+00  0.0000000E+00  0.0000000E+00  0.0000000E+00
  1.97054  3.75000  0.19700  0.36474  0.1571611E-10  0.0000000E+00  0.1571611E-10  0.0000000E+00  0.0000000E+00  0.0000000E+00  0.0000000E+00  0.0000000E+00  0.0000000E+00  0.0000000E+00
  1.97073  3.75000  0.19800  0.36574  0.1593173E-10  0.0000000E+00  0.1593173E-10  0.0000000E+00  0.0000000E+00  0.0000000E+00  0.0000000E+00  0.0000000E+00  0.0000000E+00  0.0000000E+00
  1.97091  3.75000  0.19900  0.36674  0.1615020E-10  0.0000000E+00  0.1615020E-10  0.0000000E+00  0.0000000E+00  0.0000000E+00  0.0000000E+00  0.0000000E+00  0.0000000E+00  0.0000000E+00
  1.97110  3.75000  0.20000  0.36774  0.1637157E-10  0.0000000E+00  0.1637157E-10  0.0000000E+00  0.0000000E+00  0.0000000E+00  0.0000000E+00  0.0000000E+00  0.0000000E+00  0.0000000E+00
  1.97129  3.75000  0.20100  0.36874  0.1659588E-10  0.0000000E+00  0.1659588E-10  0.0000000E+00  0.0000000E+00  0.0000000E+00  0.0000000E+00  0.0000000E+00  0.0000000E+00  0.0000000E+00
  1.97147  3.75000  0.20200  0.36974  0.1682317E-10  0.0000000E+00  0.1682317E-10  0.0000000E+00  0.0000000E+00  0.0000000E+00  0.0000000E+00  0.0000000E+00  0.0000000E+00  0.0000000E+00
  1.97166  3.75000  0.20300  0.37074  0.1705346E-10  0.0000000E+00  0.1705346E-10  0.0000000E+00  0.0000000E+00  0.0000000E+00  0.0000000E+00  0.0000000E+00  0.0000000E+00  0.0000000E+00
  1.97185  3.75000  0.20400  0.37174  0.1728681E-10  0.0000000E+00  0.1728681E-10  0.0000000E+00  0.0000000E+00  0.0000000E+00  0.0000000E+00  0.0000000E+00  0.0000000E+00  0.0000000E+00
  1.97204  3.75000  0.20500  0.37274  0.1752324E-10  0.0000000E+00  0.1752324E-10  0.0000000E+00  0.0000000E+00  0.0000000E+00  0.0000000E+00  0.0000000E+00  0.0000000E+00  0.0000000E+00
  1.97223  3.75000  0.20600  0.37374  0.1776281E-10  0.0000000E+00  0.1776281E-10  0.0000000E+00  0.0000000E+00  0.0000000E+00  0.0000000E+00  0.0000000E+00  0.0000000E+00  0.0000000E+00
  1.97242  3.75000  0.20700  0.37474  0.1800555E-10  0.0000000E+00  0.1800555E-10  0.0000000E+00  0.0000000E+00  0.0000000E+00  0.0000000E+00  0.0000000E+00  0.0000000E+00  0.0000000E+00
  1.97261  3.75000  0.20800  0.37574  0.1825149E-10  0.0000000E+00  0.1825149E-10  0.0000000E+00  0.0000000E+00  0.0000000E+00  0.0000000E+00  0.0000000E+00  0.0000000E+00  0.0000000E+00
  1.97280  3.75000  0.20900  0.37674  0.1850069E-10  0.0000000E+00  0.1850069E-10  0.0000000E+00  0.0000000E+00  0.0000000E+00  0.0000000E+00  0.0000000E+00  0.0000000E+00  0.0000000E+00
  1.97299  3.75000  0.21000  0.37774  0.1875318E-10  0.0000000E+00  0.1875318E-10  0.0000000E+00  0.0000000E+00  0.0000000E+00  0.0000000E+00  0.0000000E+00  0.0000000E+00  0.0000000E+00
  1.97318  3.75000  0.21100  0.37874  0.1900901E-10  0.0000000E+00  0.1900901E-10  0.0000000E+00  0.0000000E+00  0.0000000E+00  0.0000000E+00  0.0000000E+00  0.0000000E+00  0.0000000E+00
  1.97337  3.75000  0.21200  0.37974  0.1926822E-10  0.0000000E+00  0.1926822E-10  0.0000000E+00  0.0000000E+00  0.0000000E+00  0.0000000E+00  0.0000000E+00  0.0000000E+00  0.0000000E+00
  1.97357  3.75000  0.21300  0.38074  0.1953085E-10  0.0000000E+00  0.1953085E-10  0.0000000E+00  0.0000000E+00  0.0000000E+00  0.0000000E+00  0.0000000E+00  0.0000000E+00  0.0000000E+00
  1.97376  3.75000  0.21400  0.38174  0.1979695E-10  0.0000000E+00  0.1979695E-10  0.0000000E+00  0.0000000E+00  0.0000000E+00  0.0000000E+00  0.0000000E+00  0.0000000E+00  0.0000000E+00
  1.97395  3.75000  0.21500  0.38274  0.2006655E-10  0.0000000E+00  0.2006655E-10  0.0000000E+00  0.0000000E+00  0.0000000E+00  0.0000000E+00  0.0000000E+00  0.0000000E+00  0.0000000E+00
  1.97415  3.75000  0.21600  0.38374  0.2033971E-10  0.0000000E+00  0.2033971E-10  0.0000000E+00  0.0000000E+00  0.0000000E+00  0.0000000E+00  0.0000000E+00  0.0000000E+00  0.0000000E+00
  1.97434  3.75000  0.21700  0.38474  0.2061648E-10  0.0000000E+00  0.2061648E-10  0.0000000E+00  0.0000000E+00  0.0000000E+00  0.0000000E+00  0.0000000E+00  0.0000000E+00  0.0000000E+00
  1.97454  3.75000  0.21800  0.38574  0.2089689E-10  0.0000000E+00  0.2089689E-10  0.0000000E+00  0.0000000E+00  0.0000000E+00  0.0000000E+00  0.0000000E+00  0.0000000E+00  0.0000000E+00
  1.97473  3.75000  0.21900  0.38674  0.2118099E-10  0.0000000E+00  0.2118099E-10  0.0000000E+00  0.0000000E+00  0.0000000E+00  0.0000000E+00  0.0000000E+00  0.0000000E+00  0.0000000E+00
  1.97493  3.75000  0.22000  0.38774  0.2146883E-10  0.0000000E+00  0.2146883E-10  0.0000000E+00  0.0000000E+00  0.0000000E+00  0.0000000E+00  0.0000000E+00  0.0000000E+00  0.0000000E+00
  1.97513  3.75000  0.22100  0.38874  0.2176047E-10  0.0000000E+00  0.2176047E-10  0.0000000E+00  0.0000000E+00  0.0000000E+00  0.0000000E+00  0.0000000E+00  0.0000000E+00  0.0000000E+00
  1.97532  3.75000  0.22200  0.38974  0.2205594E-10  0.0000000E+00  0.2205594E-10  0.0000000E+00  0.0000000E+00  0.0000000E+00  0.0000000E+00  0.0000000E+00  0.0000000E+00  0.0000000E+00
  1.97552  3.75000  0.22300  0.39074  0.2235529E-10  0.0000000E+00  0.2235529E-10  0.0000000E+00  0.0000000E+00  0.0000000E+00  0.0000000E+00  0.0000000E+00  0.0000000E+00  0.0000000E+00
  1.97572  3.75000  0.22400  0.39174  0.2265859E-10  0.0000000E+00  0.2265859E-10  0.0000000E+00  0.0000000E+00  0.0000000E+00  0.0000000E+00  0.0000000E+00  0.0000000E+00  0.0000000E+00
  1.97592  3.75000  0.22500  0.39274  0.2296587E-10  0.0000000E+00  0.2296587E-10  0.0000000E+00  0.0000000E+00  0.0000000E+00  0.0000000E+00  0.0000000E+00  0.0000000E+00  0.0000000E+00
  1.97612  3.75000  0.22600  0.39374  0.2327718E-10  0.0000000E+00  0.2327718E-10  0.0000000E+00  0.0000000E+00  0.0000000E+00  0.0000000E+00  0.0000000E+00  0.0000000E+00  0.0000000E+00
  1.97631  3.75000  0.22700  0.39474  0.2359259E-10  0.0000000E+00  0.2359259E-10  0.0000000E+00  0.0000000E+00  0.0000000E+00  0.0000000E+00  0.0000000E+00  0.0000000E+00  0.0000000E+00
  1.97651  3.75000  0.22800  0.39574  0.2391214E-10  0.0000000E+00  0.2391214E-10  0.0000000E+00  0.0000000E+00  0.0000000E+00  0.0000000E+00  0.0000000E+00  0.0000000E+00  0.0000000E+00
  1.97672  3.75000  0.22900  0.39674  0.2423588E-10  0.0000000E+00  0.2423588E-10  0.0000000E+00  0.0000000E+00  0.0000000E+00  0.0000000E+00  0.0000000E+00  0.0000000E+00  0.0000000E+00
  1.97692  3.75000  0.23000  0.39774  0.2456386E-10  0.0000000E+00  0.2456386E-10  0.0000000E+00  0.0000000E+00  0.0000000E+00  0.0000000E+00  0.0000000E+00  0.0000000E+00  0.0000000E+00
  1.97712  3.75000  0.23100  0.39874  0.2489615E-10  0.0000000E+00  0.2489615E-10  0.0000000E+00  0.0000000E+00  0.0000000E+00  0.0000000E+00  0.0000000E+00  0.0000000E+00  0.0000000E+00
  1.97732  3.75000  0.23200  0.39974  0.2523280E-10  0.0000000E+00  0.2523280E-10  0.0000000E+00  0.0000000E+00  0.0000000E+00  0.0000000E+00  0.0000000E+00  0.0000000E+00  0.0000000E+00
  1.97752  3.75000  0.23300  0.40074  0.2557385E-10  0.0000000E+00  0.2557385E-10  0.0000000E+00  0.0000000E+00  0.0000000E+00  0.0000000E+00  0.0000000E+00  0.0000000E+00  0.0000000E+00
  1.97772  3.75000  0.23400  0.40174  0.2591938E-10  0.0000000E+00  0.2591938E-10  0.0000000E+00  0.0000000E+00  0.0000000E+00  0.0000000E+00  0.0000000E+00  0.0000000E+00  0.0000000E+00
  1.97793  3.75000  0.23500  0.40274  0.2626943E-10  0.0000000E+00  0.2626943E-10  0.0000000E+00  0.0000000E+00  0.0000000E+00  0.0000000E+00  0.0000000E+00  0.0000000E+00  0.0000000E+00
  1.97813  3.75000  0.23600  0.40374  0.2662406E-10  0.0000000E+00  0.2662406E-10  0.0000000E+00  0.0000000E+00  0.0000000E+00  0.0000000E+00  0.0000000E+00  0.0000000E+00  0.0000000E+00
  1.97834  3.75000  0.23700  0.40474  0.2698333E-10  0.0000000E+00  0.2698333E-10  0.0000000E+00  0.0000000E+00  0.0000000E+00  0.0000000E+00  0.0000000E+00  0.0000000E+00  0.0000000E+00
  1.97854  3.75000  0.23800  0.40574  0.2734731E-10  0.0000000E+00  0.2734731E-10  0.0000000E+00  0.0000000E+00  0.0000000E+00  0.0000000E+00  0.0000000E+00  0.0000000E+00  0.0000000E+00
  1.97875  3.75000  0.23900  0.40674  0.2771604E-10  0.0000000E+00  0.2771604E-10  0.0000000E+00  0.0000000E+00  0.0000000E+00  0.0000000E+00  0.0000000E+00  0.0000000E+00  0.0000000E+00
  1.97895  3.75000  0.24000  0.40774  0.2808959E-10  0.0000000E+00  0.2808959E-10  0.0000000E+00  0.0000000E+00  0.0000000E+00  0.0000000E+00  0.0000000E+00  0.0000000E+00  0.0000000E+00
  1.97916  3.75000  0.24100  0.40874  0.2846803E-10  0.0000000E+00  0.2846803E-10  0.0000000E+00  0.0000000E+00  0.0000000E+00  0.0000000E+00  0.0000000E+00  0.0000000E+00  0.0000000E+00
  1.97937  3.75000  0.24200  0.40974  0.2885140E-10  0.0000000E+00  0.2885140E-10  0.0000000E+00  0.0000000E+00  0.0000000E+00  0.0000000E+00  0.0000000E+00  0.0000000E+00  0.0000000E+00
  1.97957  3.75000  0.24300  0.41074  0.2923979E-10  0.0000000E+00  0.2923979E-10  0.0000000E+00  0.0000000E+00  0.0000000E+00  0.0000000E+00  0.0000000E+00  0.0000000E+00  0.0000000E+00
  1.97978  3.75000  0.24400  0.41174  0.2963324E-10  0.0000000E+00  0.2963324E-10  0.0000000E+00  0.0000000E+00  0.0000000E+00  0.0000000E+00  0.0000000E+00  0.0000000E+00  0.0000000E+00
  1.97999  3.75000  0.24500  0.41274  0.3003183E-10  0.0000000E+00  0.3003183E-10  0.0000000E+00  0.0000000E+00  0.0000000E+00  0.0000000E+00  0.0000000E+00  0.0000000E+00  0.0000000E+00
  1.98020  3.75000  0.24600  0.41374  0.3043561E-10  0.0000000E+00  0.3043561E-10  0.0000000E+00  0.0000000E+00  0.0000000E+00  0.0000000E+00  0.0000000E+00  0.0000000E+00  0.0000000E+00
  1.98041  3.75000  0.24700  0.41474  0.3084466E-10  0.0000000E+00  0.3084466E-10  0.0000000E+00  0.0000000E+00  0.0000000E+00  0.0000000E+00  0.0000000E+00  0.0000000E+00  0.0000000E+00
  1.98062  3.75000  0.24800  0.41574  0.3125905E-10  0.0000000E+00  0.3125905E-10  0.0000000E+00  0.0000000E+00  0.0000000E+00  0.0000000E+00  0.0000000E+00  0.0000000E+00  0.0000000E+00
  1.98083  3.75000  0.24900  0.41674  0.3167883E-10  0.0000000E+00  0.3167883E-10  0.0000000E+00  0.0000000E+00  0.0000000E+00  0.0000000E+00  0.0000000E+00  0.0000000E+00  0.0000000E+00
  1.98104  3.75000  0.25000  0.41774  0.3210408E-10  0.0000000E+00  0.3210408E-10  0.0000000E+00  0.0000000E+00  0.0000000E+00  0.0000000E+00  0.0000000E+00  0.0000000E+00  0.0000000E+00
  1.98125  3.75000  0.25100  0.41874  0.3253487E-10  0.0000000E+00  0.3253487E-10  0.0000000E+00  0.0000000E+00  0.0000000E+00  0.0000000E+00  0.0000000E+00  0.0000000E+00  0.0000000E+00
  1.98146  3.75000  0.25200  0.41974  0.3297126E-10  0.0000000E+00  0.3297126E-10  0.0000000E+00  0.0000000E+00  0.0000000E+00  0.0000000E+00  0.0000000E+00  0.0000000E+00  0.0000000E+00
  1.98167  3.75000  0.25300  0.42074  0.3341334E-10  0.0000000E+00  0.3341334E-10  0.0000000E+00  0.0000000E+00  0.0000000E+00  0.0000000E+00  0.0000000E+00  0.0000000E+00  0.0000000E+00
  1.98188  3.75000  0.25400  0.42174  0.3386116E-10  0.0000000E+00  0.3386116E-10  0.0000000E+00  0.0000000E+00  0.0000000E+00  0.0000000E+00  0.0000000E+00  0.0000000E+00  0.0000000E+00
  1.98210  3.75000  0.25500  0.42274  0.3431481E-10  0.0000000E+00  0.3431481E-10  0.0000000E+00  0.0000000E+00  0.0000000E+00  0.0000000E+00  0.0000000E+00  0.0000000E+00  0.0000000E+00
  1.98231  3.75000  0.25600  0.42374  0.3477435E-10  0.0000000E+00  0.3477435E-10  0.0000000E+00  0.0000000E+00  0.0000000E+00  0.0000000E+00  0.0000000E+00  0.0000000E+00  0.0000000E+00
  1.98252  3.75000  0.25700  0.42474  0.3523986E-10  0.0000000E+00  0.3523986E-10  0.0000000E+00  0.0000000E+00  0.0000000E+00  0.0000000E+00  0.0000000E+00  0.0000000E+00  0.0000000E+00
  1.98274  3.75000  0.25800  0.42574  0.3571143E-10  0.0000000E+00  0.3571143E-10  0.0000000E+00  0.0000000E+00  0.0000000E+00  0.0000000E+00  0.0000000E+00  0.0000000E+00  0.0000000E+00
  1.98295  3.75000  0.25900  0.42674  0.3618911E-10  0.0000000E+00  0.3618911E-10  0.0000000E+00  0.0000000E+00  0.0000000E+00  0.0000000E+00  0.0000000E+00  0.0000000E+00  0.0000000E+00
  1.98317  3.75000  0.26000  0.42774  0.3667299E-10  0.0000000E+00  0.3667299E-10  0.0000000E+00  0.0000000E+00  0.0000000E+00  0.0000000E+00  0.0000000E+00  0.0000000E+00  0.0000000E+00
  1.98339  3.75000  0.26100  0.42874  0.3716316E-10  0.0000000E+00  0.3716316E-10  0.0000000E+00  0.0000000E+00  0.0000000E+00  0.0000000E+00  0.0000000E+00  0.0000000E+00  0.0000000E+00
  1.98360  3.75000  0.26200  0.42974  0.3765968E-10  0.0000000E+00  0.3765968E-10  0.0000000E+00  0.0000000E+00  0.0000000E+00  0.0000000E+00  0.0000000E+00  0.0000000E+00  0.0000000E+00
  1.98382  3.75000  0.26300  0.43074  0.3816264E-10  0.0000000E+00  0.3816264E-10  0.0000000E+00  0.0000000E+00  0.0000000E+00  0.0000000E+00  0.0000000E+00  0.0000000E+00  0.0000000E+00
  1.98404  3.75000  0.26400  0.43174  0.3867212E-10  0.0000000E+00  0.3867212E-10  0.0000000E+00  0.0000000E+00  0.0000000E+00  0.0000000E+00  0.0000000E+00  0.0000000E+00  0.0000000E+00
  1.98425  3.75000  0.26500  0.43274  0.3918820E-10  0.0000000E+00  0.3918820E-10  0.0000000E+00  0.0000000E+00  0.0000000E+00  0.0000000E+00  0.0000000E+00  0.0000000E+00  0.0000000E+00
  1.98447  3.75000  0.26600  0.43374  0.3971096E-10  0.0000000E+00  0.3971096E-10  0.0000000E+00  0.0000000E+00  0.0000000E+00  0.0000000E+00  0.0000000E+00  0.0000000E+00  0.0000000E+00
  1.98469  3.75000  0.26700  0.43474  0.4024050E-10  0.0000000E+00  0.4024050E-10  0.0000000E+00  0.0000000E+00  0.0000000E+00  0.0000000E+00  0.0000000E+00  0.0000000E+00  0.0000000E+00
  1.98491  3.75000  0.26800  0.43574  0.4077689E-10  0.0000000E+00  0.4077689E-10  0.0000000E+00  0.0000000E+00  0.0000000E+00  0.0000000E+00  0.0000000E+00  0.0000000E+00  0.0000000E+00
  1.98513  3.75000  0.26900  0.43674  0.4132022E-10  0.0000000E+00  0.4132022E-10  0.0000000E+00  0.0000000E+00  0.0000000E+00  0.0000000E+00  0.0000000E+00  0.0000000E+00  0.0000000E+00
  1.98535  3.75000  0.27000  0.43774  0.4187058E-10  0.0000000E+00  0.4187058E-10  0.0000000E+00  0.0000000E+00  0.0000000E+00  0.0000000E+00  0.0000000E+00  0.0000000E+00  0.0000000E+00
  1.98557  3.75000  0.27100  0.43874  0.4242806E-10  0.0000000E+00  0.4242806E-10  0.0000000E+00  0.0000000E+00  0.0000000E+00  0.0000000E+00  0.0000000E+00  0.0000000E+00  0.0000000E+00
  1.98579  3.75000  0.27200  0.43974  0.4299274E-10  0.0000000E+00  0.4299274E-10  0.0000000E+00  0.0000000E+00  0.0000000E+00  0.0000000E+00  0.0000000E+00  0.0000000E+00  0.0000000E+00
  1.98601  3.75000  0.27300  0.44074  0.4356472E-10  0.0000000E+00  0.4356472E-10  0.0000000E+00  0.0000000E+00  0.0000000E+00  0.0000000E+00  0.0000000E+00  0.0000000E+00  0.0000000E+00
  1.98624  3.75000  0.27400  0.44174  0.4414409E-10  0.0000000E+00  0.4414409E-10  0.0000000E+00  0.0000000E+00  0.0000000E+00  0.0000000E+00  0.0000000E+00  0.0000000E+00  0.0000000E+00
  1.98646  3.75000  0.27500  0.44274  0.4473094E-10  0.0000000E+00  0.4473094E-10  0.0000000E+00  0.0000000E+00  0.0000000E+00  0.0000000E+00  0.0000000E+00  0.0000000E+00  0.0000000E+00
  1.98668  3.75000  0.27600  0.44374  0.4532536E-10  0.0000000E+00  0.4532536E-10  0.0000000E+00  0.0000000E+00  0.0000000E+00  0.0000000E+00  0.0000000E+00  0.0000000E+00  0.0000000E+00
  1.98691  3.75000  0.27700  0.44474  0.4592746E-10  0.0000000E+00  0.4592746E-10  0.0000000E+00  0.0000000E+00  0.0000000E+00  0.0000000E+00  0.0000000E+00  0.0000000E+00  0.0000000E+00
  1.98713  3.75000  0.27800  0.44574  0.4653733E-10  0.0000000E+00  0.4653733E-10  0.0000000E+00  0.0000000E+00  0.0000000E+00  0.0000000E+00  0.0000000E+00  0.0000000E+00  0.0000000E+00
  1.98735  3.75000  0.27900  0.44674  0.4715506E-10  0.0000000E+00  0.4715506E-10  0.0000000E+00  0.0000000E+00  0.0000000E+00  0.0000000E+00  0.0000000E+00  0.0000000E+00  0.0000000E+00
  1.98758  3.75000  0.28000  0.44774  0.4778075E-10  0.0000000E+00  0.4778075E-10  0.0000000E+00  0.0000000E+00  0.0000000E+00  0.0000000E+00  0.0000000E+00  0.0000000E+00  0.0000000E+00
  1.98781  3.75000  0.28100  0.44874  0.4841451E-10  0.0000000E+00  0.4841451E-10  0.0000000E+00  0.0000000E+00  0.0000000E+00  0.0000000E+00  0.0000000E+00  0.0000000E+00  0.0000000E+00
  1.98803  3.75000  0.28200  0.44974  0.4905643E-10  0.0000000E+00  0.4905643E-10  0.0000000E+00  0.0000000E+00  0.0000000E+00  0.0000000E+00  0.0000000E+00  0.0000000E+00  0.0000000E+00
  1.98826  3.75000  0.28300  0.45074  0.4970662E-10  0.0000000E+00  0.4970662E-10  0.0000000E+00  0.0000000E+00  0.0000000E+00  0.0000000E+00  0.0000000E+00  0.0000000E+00  0.0000000E+00
  1.98848  3.75000  0.28400  0.45174  0.5036519E-10  0.0000000E+00  0.5036519E-10  0.0000000E+00  0.0000000E+00  0.0000000E+00  0.0000000E+00  0.0000000E+00  0.0000000E+00  0.0000000E+00
  1.98871  3.75000  0.28500  0.45274  0.5103222E-10  0.0000000E+00  0.5103222E-10  0.0000000E+00  0.0000000E+00  0.0000000E+00  0.0000000E+00  0.0000000E+00  0.0000000E+00  0.0000000E+00
  1.98894  3.75000  0.28600  0.45374  0.5170784E-10  0.0000000E+00  0.5170784E-10  0.0000000E+00  0.0000000E+00  0.0000000E+00  0.0000000E+00  0.0000000E+00  0.0000000E+00  0.0000000E+00
  1.98917  3.75000  0.28700  0.45474  0.5239216E-10  0.0000000E+00  0.5239216E-10  0.0000000E+00  0.0000000E+00  0.0000000E+00  0.0000000E+00  0.0000000E+00  0.0000000E+00  0.0000000E+00
  1.98940  3.75000  0.28800  0.45574  0.5308527E-10  0.0000000E+00  0.5308527E-10  0.0000000E+00  0.0000000E+00  0.0000000E+00  0.0000000E+00  0.0000000E+00  0.0000000E+00  0.0000000E+00
  1.98963  3.75000  0.28900  0.45674  0.5378728E-10  0.0000000E+00  0.5378728E-10  0.0000000E+00  0.0000000E+00  0.0000000E+00  0.0000000E+00  0.0000000E+00  0.0000000E+00  0.0000000E+00
  1.98986  3.75000  0.29000  0.45774  0.5449832E-10  0.0000000E+00  0.5449832E-10  0.0000000E+00  0.0000000E+00  0.0000000E+00  0.0000000E+00  0.0000000E+00  0.0000000E+00  0.0000000E+00
  1.99009  3.75000  0.29100  0.45874  0.5521850E-10  0.0000000E+00  0.5521850E-10  0.0000000E+00  0.0000000E+00  0.0000000E+00  0.0000000E+00  0.0000000E+00  0.0000000E+00  0.0000000E+00
  1.99032  3.75000  0.29200  0.45974  0.5594792E-10  0.0000000E+00  0.5594792E-10  0.0000000E+00  0.0000000E+00  0.0000000E+00  0.0000000E+00  0.0000000E+00  0.0000000E+00  0.0000000E+00
  1.99055  3.75000  0.29300  0.46074  0.5668670E-10  0.0000000E+00  0.5668670E-10  0.0000000E+00  0.0000000E+00  0.0000000E+00  0.0000000E+00  0.0000000E+00  0.0000000E+00  0.0000000E+00
  1.99078  3.75000  0.29400  0.46174  0.5743497E-10  0.0000000E+00  0.5743497E-10  0.0000000E+00  0.0000000E+00  0.0000000E+00  0.0000000E+00  0.0000000E+00  0.0000000E+00  0.0000000E+00
  1.99101  3.75000  0.29500  0.46274  0.5819284E-10  0.0000000E+00  0.5819284E-10  0.0000000E+00  0.0000000E+00  0.0000000E+00  0.0000000E+00  0.0000000E+00  0.0000000E+00  0.0000000E+00
  1.99124  3.75000  0.29600  0.46374  0.5896042E-10  0.0000000E+00  0.5896042E-10  0.0000000E+00  0.0000000E+00  0.0000000E+00  0.0000000E+00  0.0000000E+00  0.0000000E+00  0.0000000E+00
  1.99148  3.75000  0.29700  0.46474  0.5973785E-10  0.0000000E+00  0.5973785E-10  0.0000000E+00  0.0000000E+00  0.0000000E+00  0.0000000E+00  0.0000000E+00  0.0000000E+00  0.0000000E+00
  1.99171  3.75000  0.29800  0.46574  0.6052523E-10  0.0000000E+00  0.6052523E-10  0.0000000E+00  0.0000000E+00  0.0000000E+00  0.0000000E+00  0.0000000E+00  0.0000000E+00  0.0000000E+00
  1.99195  3.75000  0.29900  0.46674  0.6132271E-10  0.0000000E+00  0.6132271E-10  0.0000000E+00  0.0000000E+00  0.0000000E+00  0.0000000E+00  0.0000000E+00  0.0000000E+00  0.0000000E+00
  1.99218  3.75000  0.30000  0.46774  0.6213040E-10  0.0000000E+00  0.6213040E-10  0.0000000E+00  0.0000000E+00  0.0000000E+00  0.0000000E+00  0.0000000E+00  0.0000000E+00  0.0000000E+00
  1.99242  3.75000  0.30100  0.46874  0.6294843E-10  0.0000000E+00  0.6294843E-10  0.0000000E+00  0.0000000E+00  0.0000000E+00  0.0000000E+00  0.0000000E+00  0.0000000E+00  0.0000000E+00
  1.99265  3.75000  0.30200  0.46974  0.6377694E-10  0.0000000E+00  0.6377694E-10  0.0000000E+00  0.0000000E+00  0.0000000E+00  0.0000000E+00  0.0000000E+00  0.0000000E+00  0.0000000E+00
  1.99289  3.75000  0.30300  0.47074  0.6461604E-10  0.0000000E+00  0.6461604E-10  0.0000000E+00  0.0000000E+00  0.0000000E+00  0.0000000E+00  0.0000000E+00  0.0000000E+00  0.0000000E+00
  1.99312  3.75000  0.30400  0.47174  0.6546588E-10  0.0000000E+00  0.6546588E-10  0.0000000E+00  0.0000000E+00  0.0000000E+00  0.0000000E+00  0.0000000E+00  0.0000000E+00  0.0000000E+00
  1.99336  3.75000  0.30500  0.47274  0.6632658E-10  0.0000000E+00  0.6632658E-10  0.0000000E+00  0.0000000E+00  0.0000000E+00  0.0000000E+00  0.0000000E+00  0.0000000E+00  0.0000000E+00
  1.99360  3.75000  0.30600  0.47374  0.6719829E-10  0.0000000E+00  0.6719829E-10  0.0000000E+00  0.0000000E+00  0.0000000E+00  0.0000000E+00  0.0000000E+00  0.0000000E+00  0.0000000E+00
  1.99384  3.75000  0.30700  0.47474  0.6808114E-10  0.0000000E+00  0.6808114E-10  0.0000000E+00  0.0000000E+00  0.0000000E+00  0.0000000E+00  0.0000000E+00  0.0000000E+00  0.0000000E+00
  1.99407  3.75000  0.30800  0.47574  0.6897527E-10  0.0000000E+00  0.6897527E-10  0.0000000E+00  0.0000000E+00  0.0000000E+00  0.0000000E+00  0.0000000E+00  0.0000000E+00  0.0000000E+00
  1.99431  3.75000  0.30900  0.47674  0.6988081E-10  0.0000000E+00  0.6988081E-10  0.0000000E+00  0.0000000E+00  0.0000000E+00  0.0000000E+00  0.0000000E+00  0.0000000E+00  0.0000000E+00
  1.99455  3.75000  0.31000  0.47774  0.7079792E-10  0.0000000E+00  0.7079792E-10  0.0000000E+00  0.0000000E+00  0.0000000E+00  0.0000000E+00  0.0000000E+00  0.0000000E+00  0.0000000E+00
  1.99479  3.75000  0.31100  0.47874  0.7172673E-10  0.0000000E+00  0.7172673E-10  0.0000000E+00  0.0000000E+00  0.0000000E+00  0.0000000E+00  0.0000000E+00  0.0000000E+00  0.0000000E+00
  1.99503  3.75000  0.31200  0.47974  0.7266739E-10  0.0000000E+00  0.7266739E-10  0.0000000E+00  0.0000000E+00  0.0000000E+00  0.0000000E+00  0.0000000E+00  0.0000000E+00  0.0000000E+00
  1.99527  3.75000  0.31300  0.48074  0.7362005E-10  0.0000000E+00  0.7362005E-10  0.0000000E+00  0.0000000E+00  0.0000000E+00  0.0000000E+00  0.0000000E+00  0.0000000E+00  0.0000000E+00
  1.99551  3.75000  0.31400  0.48174  0.7458486E-10  0.0000000E+00  0.7458486E-10  0.0000000E+00  0.0000000E+00  0.0000000E+00  0.0000000E+00  0.0000000E+00  0.0000000E+00  0.0000000E+00
  1.99576  3.75000  0.31500  0.48274  0.7556197E-10  0.0000000E+00  0.7556197E-10  0.0000000E+00  0.0000000E+00  0.0000000E+00  0.0000000E+00  0.0000000E+00  0.0000000E+00  0.0000000E+00
  1.99600  3.75000  0.31600  0.48374  0.7655152E-10  0.0000000E+00  0.7655152E-10  0.0000000E+00  0.0000000E+00  0.0000000E+00  0.0000000E+00  0.0000000E+00  0.0000000E+00  0.0000000E+00
  1.99624  3.75000  0.31700  0.48474  0.7755369E-10  0.0000000E+00  0.7755369E-10  0.0000000E+00  0.0000000E+00  0.0000000E+00  0.0000000E+00  0.0000000E+00  0.0000000E+00  0.0000000E+00
  1.99648  3.75000  0.31800  0.48574  0.7856862E-10  0.0000000E+00  0.7856862E-10  0.0000000E+00  0.0000000E+00  0.0000000E+00  0.0000000E+00  0.0000000E+00  0.0000000E+00  0.0000000E+00
  1.99673  3.75000  0.31900  0.48674  0.7959646E-10  0.0000000E+00  0.7959646E-10  0.0000000E+00  0.0000000E+00  0.0000000E+00  0.0000000E+00  0.0000000E+00  0.0000000E+00  0.0000000E+00
  1.99697  3.75000  0.32000  0.48774  0.8063739E-10  0.0000000E+00  0.8063739E-10  0.0000000E+00  0.0000000E+00  0.0000000E+00  0.0000000E+00  0.0000000E+00  0.0000000E+00  0.0000000E+00
  1.99722  3.75000  0.32100  0.48874  0.8169157E-10  0.0000000E+00  0.8169157E-10  0.0000000E+00  0.0000000E+00  0.0000000E+00  0.0000000E+00  0.0000000E+00  0.0000000E+00  0.0000000E+00
  1.99746  3.75000  0.32200  0.48974  0.8275915E-10  0.0000000E+00  0.8275915E-10  0.0000000E+00  0.0000000E+00  0.0000000E+00  0.0000000E+00  0.0000000E+00  0.0000000E+00  0.0000000E+00
  1.99771  3.75000  0.32300  0.49074  0.8384030E-10  0.0000000E+00  0.8384030E-10  0.0000000E+00  0.0000000E+00  0.0000000E+00  0.0000000E+00  0.0000000E+00  0.0000000E+00  0.0000000E+00
  1.99795  3.75000  0.32400  0.49174  0.8493520E-10  0.0000000E+00  0.8493520E-10  0.0000000E+00  0.0000000E+00  0.0000000E+00  0.0000000E+00  0.0000000E+00  0.0000000E+00  0.0000000E+00
  1.99820  3.75000  0.32500  0.49274  0.8604402E-10  0.0000000E+00  0.8604402E-10  0.0000000E+00  0.0000000E+00  0.0000000E+00  0.0000000E+00  0.0000000E+00  0.0000000E+00  0.0000000E+00
  1.99844  3.75000  0.32600  0.49374  0.8716692E-10  0.0000000E+00  0.8716692E-10  0.0000000E+00  0.0000000E+00  0.0000000E+00  0.0000000E+00  0.0000000E+00  0.0000000E+00  0.0000000E+00
  1.99869  3.75000  0.32700  0.49474  0.8830408E-10  0.0000000E+00  0.8830408E-10  0.0000000E+00  0.0000000E+00  0.0000000E+00  0.0000000E+00  0.0000000E+00  0.0000000E+00  0.0000000E+00
  1.99894  3.75000  0.32800  0.49574  0.8945567E-10  0.0000000E+00  0.8945567E-10  0.0000000E+00  0.0000000E+00  0.0000000E+00  0.0000000E+00  0.0000000E+00  0.0000000E+00  0.0000000E+00
  1.99919  3.75000  0.32900  0.49674  0.9062189E-10  0.0000000E+00  0.9062189E-10  0.0000000E+00  0.0000000E+00  0.0000000E+00  0.0000000E+00  0.0000000E+00  0.0000000E+00  0.0000000E+00
  1.99944  3.75000  0.33000  0.49774  0.9180290E-10  0.0000000E+00  0.9180290E-10  0.0000000E+00  0.0000000E+00  0.0000000E+00  0.0000000E+00  0.0000000E+00  0.0000000E+00  0.0000000E+00
  1.99969  3.75000  0.33100  0.49874  0.9299888E-10  0.0000000E+00  0.9299888E-10  0.0000000E+00  0.0000000E+00  0.0000000E+00  0.0000000E+00  0.0000000E+00  0.0000000E+00  0.0000000E+00
  1.99994  3.75000  0.33200  0.49974  0.9421004E-10  0.0000000E+00  0.9421004E-10  0.0000000E+00  0.0000000E+00  0.0000000E+00  0.0000000E+00  0.0000000E+00  0.0000000E+00  0.0000000E+00
  2.00019  3.75000  0.33300  0.50074  0.9543655E-10  0.0000000E+00  0.9543655E-10  0.0000000E+00  0.0000000E+00  0.0000000E+00  0.0000000E+00  0.0000000E+00  0.0000000E+00  0.0000000E+00
  2.00044  3.75000  0.33400  0.50174  0.9667860E-10  0.0000000E+00  0.9667860E-10  0.0000000E+00  0.0000000E+00  0.0000000E+00  0.0000000E+00  0.0000000E+00  0.0000000E+00  0.0000000E+00
  2.00069  3.75000  0.33500  0.50274  0.9793639E-10  0.0000000E+00  0.9793639E-10  0.0000000E+00  0.0000000E+00  0.0000000E+00  0.0000000E+00  0.0000000E+00  0.0000000E+00  0.0000000E+00
  2.00094  3.75000  0.33600  0.50374  0.9921011E-10  0.0000000E+00  0.9921011E-10  0.0000000E+00  0.0000000E+00  0.0000000E+00  0.0000000E+00  0.0000000E+00  0.0000000E+00  0.0000000E+00
  2.00119  3.75000  0.33700  0.50474  0.1004999E-09  0.0000000E+00  0.1004999E-09  0.0000000E+00  0.0000000E+00  0.0000000E+00  0.0000000E+00  0.0000000E+00  0.0000000E+00  0.0000000E+00
  2.00144  3.75000  0.33800  0.50574  0.1018061E-09  0.0000000E+00  0.1018061E-09  0.0000000E+00  0.0000000E+00  0.0000000E+00  0.0000000E+00  0.0000000E+00  0.0000000E+00  0.0000000E+00
  2.00170  3.75000  0.33900  0.50674  0.1031288E-09  0.0000000E+00  0.1031288E-09  0.0000000E+00  0.0000000E+00  0.0000000E+00  0.0000000E+00  0.0000000E+00  0.0000000E+00  0.0000000E+00
  2.00195  3.75000  0.34000  0.50774  0.1044682E-09  0.0000000E+00  0.1044682E-09  0.0000000E+00  0.0000000E+00  0.0000000E+00  0.0000000E+00  0.0000000E+00  0.0000000E+00  0.0000000E+00
  2.00220  3.75000  0.34100  0.50874  0.1058246E-09  0.0000000E+00  0.1058246E-09  0.0000000E+00  0.0000000E+00  0.0000000E+00  0.0000000E+00  0.0000000E+00  0.0000000E+00  0.0000000E+00
  2.00246  3.75000  0.34200  0.50974  0.1071981E-09  0.0000000E+00  0.1071981E-09  0.0000000E+00  0.0000000E+00  0.0000000E+00  0.0000000E+00  0.0000000E+00  0.0000000E+00  0.0000000E+00
  2.00271  3.75000  0.34300  0.51074  0.1085890E-09  0.0000000E+00  0.1085890E-09  0.0000000E+00  0.0000000E+00  0.0000000E+00  0.0000000E+00  0.0000000E+00  0.0000000E+00  0.0000000E+00
  2.00297  3.75000  0.34400  0.51174  0.1099975E-09  0.0000000E+00  0.1099975E-09  0.0000000E+00  0.0000000E+00  0.0000000E+00  0.0000000E+00  0.0000000E+00  0.0000000E+00  0.0000000E+00
  2.00322  3.75000  0.34500  0.51274  0.1114237E-09  0.0000000E+00  0.1114237E-09  0.0000000E+00  0.0000000E+00  0.0000000E+00  0.0000000E+00  0.0000000E+00  0.0000000E+00  0.0000000E+00
  2.00348  3.75000  0.34600  0.51374  0.1128679E-09  0.0000000E+00  0.1128679E-09  0.0000000E+00  0.0000000E+00  0.0000000E+00  0.0000000E+00  0.0000000E+00  0.0000000E+00  0.0000000E+00
  2.00374  3.75000  0.34700  0.51474  0.1143304E-09  0.0000000E+00  0.1143304E-09  0.0000000E+00  0.0000000E+00  0.0000000E+00  0.0000000E+00  0.0000000E+00  0.0000000E+00  0.0000000E+00
  2.00399  3.75000  0.34800  0.51574  0.1158113E-09  0.0000000E+00  0.1158113E-09  0.0000000E+00  0.0000000E+00  0.0000000E+00  0.0000000E+00  0.0000000E+00  0.0000000E+00  0.0000000E+00
  2.00425  3.75000  0.34900  0.51674  0.1173110E-09  0.0000000E+00  0.1173110E-09  0.0000000E+00  0.0000000E+00  0.0000000E+00  0.0000000E+00  0.0000000E+00  0.0000000E+00  0.0000000E+00
  2.00451  3.75000  0.35000  0.51774  0.1188295E-09  0.0000000E+00  0.1188295E-09  0.0000000E+00  0.0000000E+00  0.0000000E+00  0.0000000E+00  0.0000000E+00  0.0000000E+00  0.0000000E+00
  2.00477  3.75000  0.35100  0.51874  0.1203672E-09  0.0000000E+00  0.1203672E-09  0.0000000E+00  0.0000000E+00  0.0000000E+00  0.0000000E+00  0.0000000E+00  0.0000000E+00  0.0000000E+00
  2.00503  3.75000  0.35200  0.51974  0.1219242E-09  0.0000000E+00  0.1219242E-09  0.0000000E+00  0.0000000E+00  0.0000000E+00  0.0000000E+00  0.0000000E+00  0.0000000E+00  0.0000000E+00
  2.00529  3.75000  0.35300  0.52074  0.1235009E-09  0.0000000E+00  0.1235009E-09  0.0000000E+00  0.0000000E+00  0.0000000E+00  0.0000000E+00  0.0000000E+00  0.0000000E+00  0.0000000E+00
  2.00555  3.75000  0.35400  0.52174  0.1250975E-09  0.0000000E+00  0.1250975E-09  0.0000000E+00  0.0000000E+00  0.0000000E+00  0.0000000E+00  0.0000000E+00  0.0000000E+00  0.0000000E+00
  2.00581  3.75000  0.35500  0.52274  0.1267141E-09  0.0000000E+00  0.1267141E-09  0.0000000E+00  0.0000000E+00  0.0000000E+00  0.0000000E+00  0.0000000E+00  0.0000000E+00  0.0000000E+00
  2.00607  3.75000  0.35600  0.52374  0.1283511E-09  0.0000000E+00  0.1283511E-09  0.0000000E+00  0.0000000E+00  0.0000000E+00  0.0000000E+00  0.0000000E+00  0.0000000E+00  0.0000000E+00
  2.00633  3.75000  0.35700  0.52474  0.1300087E-09  0.0000000E+00  0.1300087E-09  0.0000000E+00  0.0000000E+00  0.0000000E+00  0.0000000E+00  0.0000000E+00  0.0000000E+00  0.0000000E+00
  2.00659  3.75000  0.35800  0.52574  0.1316872E-09  0.0000000E+00  0.1316872E-09  0.0000000E+00  0.0000000E+00  0.0000000E+00  0.0000000E+00  0.0000000E+00  0.0000000E+00  0.0000000E+00
  2.00685  3.75000  0.35900  0.52674  0.1333868E-09  0.0000000E+00  0.1333868E-09  0.0000000E+00  0.0000000E+00  0.0000000E+00  0.0000000E+00  0.0000000E+00  0.0000000E+00  0.0000000E+00
  2.00712  3.75000  0.36000  0.52774  0.1351077E-09  0.0000000E+00  0.1351077E-09  0.0000000E+00  0.0000000E+00  0.0000000E+00  0.0000000E+00  0.0000000E+00  0.0000000E+00  0.0000000E+00
  2.00738  3.75000  0.36100  0.52874  0.1368503E-09  0.0000000E+00  0.1368503E-09  0.0000000E+00  0.0000000E+00  0.0000000E+00  0.0000000E+00  0.0000000E+00  0.0000000E+00  0.0000000E+00
  2.00764  3.75000  0.36200  0.52974  0.1386148E-09  0.0000000E+00  0.1386148E-09  0.0000000E+00  0.0000000E+00  0.0000000E+00  0.0000000E+00  0.0000000E+00  0.0000000E+00  0.0000000E+00
  2.00791  3.75000  0.36300  0.53074  0.1404014E-09  0.0000000E+00  0.1404014E-09  0.0000000E+00  0.0000000E+00  0.0000000E+00  0.0000000E+00  0.0000000E+00  0.0000000E+00  0.0000000E+00
  2.00817  3.75000  0.36400  0.53174  0.1422106E-09  0.0000000E+00  0.1422106E-09  0.0000000E+00  0.0000000E+00  0.0000000E+00  0.0000000E+00  0.0000000E+00  0.0000000E+00  0.0000000E+00
  2.00844  3.75000  0.36500  0.53274  0.1440424E-09  0.0000000E+00  0.1440424E-09  0.0000000E+00  0.0000000E+00  0.0000000E+00  0.0000000E+00  0.0000000E+00  0.0000000E+00  0.0000000E+00
  2.00870  3.75000  0.36600  0.53374  0.1458972E-09  0.0000000E+00  0.1458972E-09  0.0000000E+00  0.0000000E+00  0.0000000E+00  0.0000000E+00  0.0000000E+00  0.0000000E+00  0.0000000E+00
  2.00897  3.75000  0.36700  0.53474  0.1477753E-09  0.0000000E+00  0.1477753E-09  0.0000000E+00  0.0000000E+00  0.0000000E+00  0.0000000E+00  0.0000000E+00  0.0000000E+00  0.0000000E+00
  2.00923  3.75000  0.36800  0.53574  0.1496769E-09  0.0000000E+00  0.1496769E-09  0.0000000E+00  0.0000000E+00  0.0000000E+00  0.0000000E+00  0.0000000E+00  0.0000000E+00  0.0000000E+00
  2.00950  3.75000  0.36900  0.53674  0.1516025E-09  0.0000000E+00  0.1516025E-09  0.0000000E+00  0.0000000E+00  0.0000000E+00  0.0000000E+00  0.0000000E+00  0.0000000E+00  0.0000000E+00
  2.00977  3.75000  0.37000  0.53774  0.1535521E-09  0.0000000E+00  0.1535521E-09  0.0000000E+00  0.0000000E+00  0.0000000E+00  0.0000000E+00  0.0000000E+00  0.0000000E+00  0.0000000E+00
  2.01004  3.75000  0.37100  0.53874  0.1555262E-09  0.0000000E+00  0.1555262E-09  0.0000000E+00  0.0000000E+00  0.0000000E+00  0.0000000E+00  0.0000000E+00  0.0000000E+00  0.0000000E+00
  2.01030  3.75000  0.37200  0.53974  0.1575250E-09  0.0000000E+00  0.1575250E-09  0.0000000E+00  0.0000000E+00  0.0000000E+00  0.0000000E+00  0.0000000E+00  0.0000000E+00  0.0000000E+00
  2.01057  3.75000  0.37300  0.54074  0.1595489E-09  0.0000000E+00  0.1595489E-09  0.0000000E+00  0.0000000E+00  0.0000000E+00  0.0000000E+00  0.0000000E+00  0.0000000E+00  0.0000000E+00
  2.01084  3.75000  0.37400  0.54174  0.1615982E-09  0.0000000E+00  0.1615982E-09  0.0000000E+00  0.0000000E+00  0.0000000E+00  0.0000000E+00  0.0000000E+00  0.0000000E+00  0.0000000E+00
  2.01111  3.75000  0.37500  0.54274  0.1636730E-09  0.0000000E+00  0.1636730E-09  0.0000000E+00  0.0000000E+00  0.0000000E+00  0.0000000E+00  0.0000000E+00  0.0000000E+00  0.0000000E+00
  2.01138  3.75000  0.37600  0.54374  0.1657739E-09  0.0000000E+00  0.1657739E-09  0.0000000E+00  0.0000000E+00  0.0000000E+00  0.0000000E+00  0.0000000E+00  0.0000000E+00  0.0000000E+00
  2.01165  3.75000  0.37700  0.54474  0.1679011E-09  0.0000000E+00  0.1679011E-09  0.0000000E+00  0.0000000E+00  0.0000000E+00  0.0000000E+00  0.0000000E+00  0.0000000E+00  0.0000000E+00
  2.01192  3.75000  0.37800  0.54574  0.1700548E-09  0.0000000E+00  0.1700548E-09  0.0000000E+00  0.0000000E+00  0.0000000E+00  0.0000000E+00  0.0000000E+00  0.0000000E+00  0.0000000E+00
  2.01219  3.75000  0.37900  0.54674  0.1722356E-09  0.0000000E+00  0.1722356E-09  0.0000000E+00  0.0000000E+00  0.0000000E+00  0.0000000E+00  0.0000000E+00  0.0000000E+00  0.0000000E+00
  2.01247  3.75000  0.38000  0.54774  0.1744435E-09  0.0000000E+00  0.1744435E-09  0.0000000E+00  0.0000000E+00  0.0000000E+00  0.0000000E+00  0.0000000E+00  0.0000000E+00  0.0000000E+00
  2.01274  3.75000  0.38100  0.54874  0.1766791E-09  0.0000000E+00  0.1766791E-09  0.0000000E+00  0.0000000E+00  0.0000000E+00  0.0000000E+00  0.0000000E+00  0.0000000E+00  0.0000000E+00
  2.01301  3.75000  0.38200  0.54974  0.1789426E-09  0.0000000E+00  0.1789426E-09  0.0000000E+00  0.0000000E+00  0.0000000E+00  0.0000000E+00  0.0000000E+00  0.0000000E+00  0.0000000E+00
  2.01328  3.75000  0.38300  0.55074  0.1812344E-09  0.0000000E+00  0.1812344E-09  0.0000000E+00  0.0000000E+00  0.0000000E+00  0.0000000E+00  0.0000000E+00  0.0000000E+00  0.0000000E+00
  2.01356  3.75000  0.38400  0.55174  0.1835549E-09  0.0000000E+00  0.1835549E-09  0.0000000E+00  0.0000000E+00  0.0000000E+00  0.0000000E+00  0.0000000E+00  0.0000000E+00  0.0000000E+00
  2.01383  3.75000  0.38500  0.55274  0.1859043E-09  0.0000000E+00  0.1859043E-09  0.0000000E+00  0.0000000E+00  0.0000000E+00  0.0000000E+00  0.0000000E+00  0.0000000E+00  0.0000000E+00
  2.01411  3.75000  0.38600  0.55374  0.1882830E-09  0.0000000E+00  0.1882830E-09  0.0000000E+00  0.0000000E+00  0.0000000E+00  0.0000000E+00  0.0000000E+00  0.0000000E+00  0.0000000E+00
  2.01438  3.75000  0.38700  0.55474  0.1906914E-09  0.0000000E+00  0.1906914E-09  0.0000000E+00  0.0000000E+00  0.0000000E+00  0.0000000E+00  0.0000000E+00  0.0000000E+00  0.0000000E+00
  2.01466  3.75000  0.38800  0.55574  0.1931299E-09  0.0000000E+00  0.1931299E-09  0.0000000E+00  0.0000000E+00  0.0000000E+00  0.0000000E+00  0.0000000E+00  0.0000000E+00  0.0000000E+00
  2.01493  3.75000  0.38900  0.55674  0.1955988E-09  0.0000000E+00  0.1955988E-09  0.0000000E+00  0.0000000E+00  0.0000000E+00  0.0000000E+00  0.0000000E+00  0.0000000E+00  0.0000000E+00
  2.01521  3.75000  0.39000  0.55774  0.1980984E-09  0.0000000E+00  0.1980984E-09  0.0000000E+00  0.0000000E+00  0.0000000E+00  0.0000000E+00  0.0000000E+00  0.0000000E+00  0.0000000E+00
  2.01549  3.75000  0.39100  0.55874  0.2006293E-09  0.0000000E+00  0.2006293E-09  0.0000000E+00  0.0000000E+00  0.0000000E+00  0.0000000E+00  0.0000000E+00  0.0000000E+00  0.0000000E+00
  2.01577  3.75000  0.39200  0.55974  0.2031917E-09  0.0000000E+00  0.2031917E-09  0.0000000E+00  0.0000000E+00  0.0000000E+00  0.0000000E+00  0.0000000E+00  0.0000000E+00  0.0000000E+00
  2.01604  3.75000  0.39300  0.56074  0.2057860E-09  0.0000000E+00  0.2057860E-09  0.0000000E+00  0.0000000E+00  0.0000000E+00  0.0000000E+00  0.0000000E+00  0.0000000E+00  0.0000000E+00
  2.01632  3.75000  0.39400  0.56174  0.2084126E-09  0.0000000E+00  0.2084126E-09  0.0000000E+00  0.0000000E+00  0.0000000E+00  0.0000000E+00  0.0000000E+00  0.0000000E+00  0.0000000E+00
  2.01660  3.75000  0.39500  0.56274  0.2110719E-09  0.0000000E+00  0.2110719E-09  0.0000000E+00  0.0000000E+00  0.0000000E+00  0.0000000E+00  0.0000000E+00  0.0000000E+00  0.0000000E+00
  2.01688  3.75000  0.39600  0.56374  0.2137644E-09  0.0000000E+00  0.2137644E-09  0.0000000E+00  0.0000000E+00  0.0000000E+00  0.0000000E+00  0.0000000E+00  0.0000000E+00  0.0000000E+00
  2.01716  3.75000  0.39700  0.56474  0.2164903E-09  0.0000000E+00  0.2164903E-09  0.0000000E+00  0.0000000E+00  0.0000000E+00  0.0000000E+00  0.0000000E+00  0.0000000E+00  0.0000000E+00
  2.01744  3.75000  0.39800  0.56574  0.2192502E-09  0.0000000E+00  0.2192502E-09  0.0000000E+00  0.0000000E+00  0.0000000E+00  0.0000000E+00  0.0000000E+00  0.0000000E+00  0.0000000E+00
  2.01772  3.75000  0.39900  0.56674  0.2220444E-09  0.0000000E+00  0.2220444E-09  0.0000000E+00  0.0000000E+00  0.0000000E+00  0.0000000E+00  0.0000000E+00  0.0000000E+00  0.0000000E+00
  2.01800  3.75000  0.40000  0.56774  0.2248733E-09  0.0000000E+00  0.2248733E-09  0.0000000E+00  0.0000000E+00  0.0000000E+00  0.0000000E+00  0.0000000E+00  0.0000000E+00  0.0000000E+00
  2.01828  3.75000  0.40100  0.56874  0.2277374E-09  0.0000000E+00  0.2277374E-09  0.0000000E+00  0.0000000E+00  0.0000000E+00  0.0000000E+00  0.0000000E+00  0.0000000E+00  0.0000000E+00
  2.01857  3.75000  0.40200  0.56974  0.2306372E-09  0.0000000E+00  0.2306372E-09  0.0000000E+00  0.0000000E+00  0.0000000E+00  0.0000000E+00  0.0000000E+00  0.0000000E+00  0.0000000E+00
  2.01885  3.75000  0.40300  0.57074  0.2335729E-09  0.0000000E+00  0.2335729E-09  0.0000000E+00  0.0000000E+00  0.0000000E+00  0.0000000E+00  0.0000000E+00  0.0000000E+00  0.0000000E+00
  2.01913  3.75000  0.40400  0.57174  0.2365451E-09  0.0000000E+00  0.2365451E-09  0.0000000E+00  0.0000000E+00  0.0000000E+00  0.0000000E+00  0.0000000E+00  0.0000000E+00  0.0000000E+00
  2.01941  3.75000  0.40500  0.57274  0.2395543E-09  0.0000000E+00  0.2395543E-09  0.0000000E+00  0.0000000E+00  0.0000000E+00  0.0000000E+00  0.0000000E+00  0.0000000E+00  0.0000000E+00
  2.01970  3.75000  0.40600  0.57374  0.2426008E-09  0.0000000E+00  0.2426008E-09  0.0000000E+00  0.0000000E+00  0.0000000E+00  0.0000000E+00  0.0000000E+00  0.0000000E+00  0.0000000E+00
  2.01998  3.75000  0.40700  0.57474  0.2456851E-09  0.0000000E+00  0.2456851E-09  0.0000000E+00  0.0000000E+00  0.0000000E+00  0.0000000E+00  0.0000000E+00  0.0000000E+00  0.0000000E+00
  2.02027  3.75000  0.40800  0.57574  0.2488077E-09  0.0000000E+00  0.2488077E-09  0.0000000E+00  0.0000000E+00  0.0000000E+00  0.0000000E+00  0.0000000E+00  0.0000000E+00  0.0000000E+00
  2.02055  3.75000  0.40900  0.57674  0.2519690E-09  0.0000000E+00  0.2519690E-09  0.0000000E+00  0.0000000E+00  0.0000000E+00  0.0000000E+00  0.0000000E+00  0.0000000E+00  0.0000000E+00
  2.02084  3.75000  0.41000  0.57774  0.2551696E-09  0.0000000E+00  0.2551696E-09  0.0000000E+00  0.0000000E+00  0.0000000E+00  0.0000000E+00  0.0000000E+00  0.0000000E+00  0.0000000E+00
  2.02112  3.75000  0.41100  0.57874  0.2584098E-09  0.0000000E+00  0.2584098E-09  0.0000000E+00  0.0000000E+00  0.0000000E+00  0.0000000E+00  0.0000000E+00  0.0000000E+00  0.0000000E+00
  2.02141  3.75000  0.41200  0.57974  0.2616902E-09  0.0000000E+00  0.2616902E-09  0.0000000E+00  0.0000000E+00  0.0000000E+00  0.0000000E+00  0.0000000E+00  0.0000000E+00  0.0000000E+00
  2.02170  3.75000  0.41300  0.58074  0.2650113E-09  0.0000000E+00  0.2650113E-09  0.0000000E+00  0.0000000E+00  0.0000000E+00  0.0000000E+00  0.0000000E+00  0.0000000E+00  0.0000000E+00
  2.02198  3.75000  0.41400  0.58174  0.2683735E-09  0.0000000E+00  0.2683735E-09  0.0000000E+00  0.0000000E+00  0.0000000E+00  0.0000000E+00  0.0000000E+00  0.0000000E+00  0.0000000E+00
  2.02227  3.75000  0.41500  0.58274  0.2717774E-09  0.0000000E+00  0.2717774E-09  0.0000000E+00  0.0000000E+00  0.0000000E+00  0.0000000E+00  0.0000000E+00  0.0000000E+00  0.0000000E+00
  2.02256  3.75000  0.41600  0.58374  0.2752234E-09  0.0000000E+00  0.2752234E-09  0.0000000E+00  0.0000000E+00  0.0000000E+00  0.0000000E+00  0.0000000E+00  0.0000000E+00  0.0000000E+00
  2.02285  3.75000  0.41700  0.58474  0.2787121E-09  0.0000000E+00  0.2787121E-09  0.0000000E+00  0.0000000E+00  0.0000000E+00  0.0000000E+00  0.0000000E+00  0.0000000E+00  0.0000000E+00
  2.02314  3.75000  0.41800  0.58574  0.2822439E-09  0.0000000E+00  0.2822439E-09  0.0000000E+00  0.0000000E+00  0.0000000E+00  0.0000000E+00  0.0000000E+00  0.0000000E+00  0.0000000E+00
  2.02343  3.75000  0.41900  0.58674  0.2858195E-09  0.0000000E+00  0.2858195E-09  0.0000000E+00  0.0000000E+00  0.0000000E+00  0.0000000E+00  0.0000000E+00  0.0000000E+00  0.0000000E+00
  2.02372  3.75000  0.42000  0.58774  0.2894393E-09  0.0000000E+00  0.2894393E-09  0.0000000E+00  0.0000000E+00  0.0000000E+00  0.0000000E+00  0.0000000E+00  0.0000000E+00  0.0000000E+00
  2.02401  3.75000  0.42100  0.58874  0.2931038E-09  0.1222268E-13  0.2931038E-09  0.1222268E-13  0.0000000E+00  0.0000000E+00  0.0000000E+00  0.0000000E+00  0.0000000E+00  0.0000000E+00
  2.02430  3.75000  0.42200  0.58974  0.2968137E-09  0.5260267E-13  0.2968137E-09  0.5260267E-13  0.0000000E+00  0.0000000E+00  0.0000000E+00  0.0000000E+00  0.0000000E+00  0.0000000E+00
  2.02459  3.75000  0.42300  0.59074  0.3005695E-09  0.9397560E-13  0.3005695E-09  0.9397560E-13  0.0000000E+00  0.0000000E+00  0.0000000E+00  0.0000000E+00  0.0000000E+00  0.0000000E+00
  2.02488  3.75000  0.42400  0.59174  0.3043716E-09  0.1363594E-12  0.3043716E-09  0.1363594E-12  0.0000000E+00  0.0000000E+00  0.0000000E+00  0.0000000E+00  0.0000000E+00  0.0000000E+00
  2.02518  3.75000  0.42500  0.59274  0.3082207E-09  0.1797722E-12  0.3082207E-09  0.1797722E-12  0.0000000E+00  0.0000000E+00  0.0000000E+00  0.0000000E+00  0.0000000E+00  0.0000000E+00
  2.02547  3.75000  0.42600  0.59374  0.3121174E-09  0.2242326E-12  0.3121174E-09  0.2242326E-12  0.0000000E+00  0.0000000E+00  0.0000000E+00  0.0000000E+00  0.0000000E+00  0.0000000E+00
  2.02576  3.75000  0.42700  0.59474  0.3160622E-09  0.2697592E-12  0.3160622E-09  0.2697592E-12  0.0000000E+00  0.0000000E+00  0.0000000E+00  0.0000000E+00  0.0000000E+00  0.0000000E+00
  2.02606  3.75000  0.42800  0.59574  0.3200557E-09  0.3163712E-12  0.3200557E-09  0.3163712E-12  0.0000000E+00  0.0000000E+00  0.0000000E+00  0.0000000E+00  0.0000000E+00  0.0000000E+00
  2.02635  3.75000  0.42900  0.59674  0.3240985E-09  0.3640879E-12  0.3240985E-09  0.3640879E-12  0.0000000E+00  0.0000000E+00  0.0000000E+00  0.0000000E+00  0.0000000E+00  0.0000000E+00
  2.02665  3.75000  0.43000  0.59774  0.3281912E-09  0.4129289E-12  0.3281912E-09  0.4129289E-12  0.0000000E+00  0.0000000E+00  0.0000000E+00  0.0000000E+00  0.0000000E+00  0.0000000E+00
  2.02694  3.75000  0.43100  0.59874  0.3323343E-09  0.4629142E-12  0.3323343E-09  0.4629142E-12  0.0000000E+00  0.0000000E+00  0.0000000E+00  0.0000000E+00  0.0000000E+00  0.0000000E+00
  2.02724  3.75000  0.43200  0.59974  0.3365286E-09  0.5140642E-12  0.3365286E-09  0.5140642E-12  0.0000000E+00  0.0000000E+00  0.0000000E+00  0.0000000E+00  0.0000000E+00  0.0000000E+00
  2.02753  3.75000  0.43300  0.60074  0.3407746E-09  0.5663993E-12  0.3407746E-09  0.5663993E-12  0.0000000E+00  0.0000000E+00  0.0000000E+00  0.0000000E+00  0.0000000E+00  0.0000000E+00
  2.02783  3.75000  0.43400  0.60174  0.3450729E-09  0.6199405E-12  0.3450729E-09  0.6199405E-12  0.0000000E+00  0.0000000E+00  0.0000000E+00  0.0000000E+00  0.0000000E+00  0.0000000E+00
  2.02813  3.75000  0.43500  0.60274  0.3494242E-09  0.6747090E-12  0.3494242E-09  0.6747090E-12  0.0000000E+00  0.0000000E+00  0.0000000E+00  0.0000000E+00  0.0000000E+00  0.0000000E+00
  2.02842  3.75000  0.43600  0.60374  0.3538291E-09  0.7307264E-12  0.3538291E-09  0.7307264E-12  0.0000000E+00  0.0000000E+00  0.0000000E+00  0.0000000E+00  0.0000000E+00  0.0000000E+00
  2.02872  3.75000  0.43700  0.60474  0.3582883E-09  0.7880146E-12  0.3582883E-09  0.7880146E-12  0.0000000E+00  0.0000000E+00  0.0000000E+00  0.0000000E+00  0.0000000E+00  0.0000000E+00
  2.02902  3.75000  0.43800  0.60574  0.3628023E-09  0.8465959E-12  0.3628023E-09  0.8465959E-12  0.0000000E+00  0.0000000E+00  0.0000000E+00  0.0000000E+00  0.0000000E+00  0.0000000E+00
  2.02932  3.75000  0.43900  0.60674  0.3673720E-09  0.9064927E-12  0.3673720E-09  0.9064927E-12  0.0000000E+00  0.0000000E+00  0.0000000E+00  0.0000000E+00  0.0000000E+00  0.0000000E+00
  2.02962  3.75000  0.44000  0.60774  0.3719979E-09  0.9677281E-12  0.3719979E-09  0.9677281E-12  0.0000000E+00  0.0000000E+00  0.0000000E+00  0.0000000E+00  0.0000000E+00  0.0000000E+00
  2.02992  3.75000  0.44100  0.60874  0.3766807E-09  0.1030325E-11  0.3766807E-09  0.1030325E-11  0.0000000E+00  0.0000000E+00  0.0000000E+00  0.0000000E+00  0.0000000E+00  0.0000000E+00
  2.03022  3.75000  0.44200  0.60974  0.3814212E-09  0.1094308E-11  0.3814212E-09  0.1094308E-11  0.0000000E+00  0.0000000E+00  0.0000000E+00  0.0000000E+00  0.0000000E+00  0.0000000E+00
  2.03052  3.75000  0.44300  0.61074  0.3862199E-09  0.1159700E-11  0.3862199E-09  0.1159700E-11  0.0000000E+00  0.0000000E+00  0.0000000E+00  0.0000000E+00  0.0000000E+00  0.0000000E+00
  2.03082  3.75000  0.44400  0.61174  0.3910777E-09  0.1226526E-11  0.3910777E-09  0.1226526E-11  0.0000000E+00  0.0000000E+00  0.0000000E+00  0.0000000E+00  0.0000000E+00  0.0000000E+00
  2.03112  3.75000  0.44500  0.61274  0.3959952E-09  0.1294810E-11  0.3959952E-09  0.1294810E-11  0.0000000E+00  0.0000000E+00  0.0000000E+00  0.0000000E+00  0.0000000E+00  0.0000000E+00
  2.03142  3.75000  0.44600  0.61374  0.4009731E-09  0.1364579E-11  0.4009731E-09  0.1364579E-11  0.0000000E+00  0.0000000E+00  0.0000000E+00  0.0000000E+00  0.0000000E+00  0.0000000E+00
  2.03173  3.75000  0.44700  0.61474  0.4060122E-09  0.1435856E-11  0.4060122E-09  0.1435856E-11  0.0000000E+00  0.0000000E+00  0.0000000E+00  0.0000000E+00  0.0000000E+00  0.0000000E+00
  2.03203  3.75000  0.44800  0.61574  0.4111132E-09  0.1508669E-11  0.4111132E-09  0.1508669E-11  0.0000000E+00  0.0000000E+00  0.0000000E+00  0.0000000E+00  0.0000000E+00  0.0000000E+00
  2.03233  3.75000  0.44900  0.61674  0.4162768E-09  0.1583043E-11  0.4162768E-09  0.1583043E-11  0.0000000E+00  0.0000000E+00  0.0000000E+00  0.0000000E+00  0.0000000E+00  0.0000000E+00
  2.03263  3.75000  0.45000  0.61774  0.4215038E-09  0.1659005E-11  0.4215038E-09  0.1659005E-11  0.0000000E+00  0.0000000E+00  0.0000000E+00  0.0000000E+00  0.0000000E+00  0.0000000E+00
  2.03294  3.75000  0.45100  0.61874  0.4267951E-09  0.1736582E-11  0.4267951E-09  0.1736582E-11  0.0000000E+00  0.0000000E+00  0.0000000E+00  0.0000000E+00  0.0000000E+00  0.0000000E+00
  2.03324  3.75000  0.45200  0.61974  0.4321512E-09  0.1815802E-11  0.4321512E-09  0.1815802E-11  0.0000000E+00  0.0000000E+00  0.0000000E+00  0.0000000E+00  0.0000000E+00  0.0000000E+00
  2.03355  3.75000  0.45300  0.62074  0.4375731E-09  0.1896693E-11  0.4375731E-09  0.1896693E-11  0.0000000E+00  0.0000000E+00  0.0000000E+00  0.0000000E+00  0.0000000E+00  0.0000000E+00
  2.03385  3.75000  0.45400  0.62174  0.4430614E-09  0.1979282E-11  0.4430614E-09  0.1979282E-11  0.0000000E+00  0.0000000E+00  0.0000000E+00  0.0000000E+00  0.0000000E+00  0.0000000E+00
  2.03416  3.75000  0.45500  0.62274  0.4486171E-09  0.2063600E-11  0.4486171E-09  0.2063600E-11  0.0000000E+00  0.0000000E+00  0.0000000E+00  0.0000000E+00  0.0000000E+00  0.0000000E+00
  2.03447  3.75000  0.45600  0.62374  0.4542409E-09  0.2149675E-11  0.4542409E-09  0.2149675E-11  0.0000000E+00  0.0000000E+00  0.0000000E+00  0.0000000E+00  0.0000000E+00  0.0000000E+00
  2.03477  3.75000  0.45700  0.62474  0.4599337E-09  0.2237536E-11  0.4599337E-09  0.2237536E-11  0.0000000E+00  0.0000000E+00  0.0000000E+00  0.0000000E+00  0.0000000E+00  0.0000000E+00
  2.03508  3.75000  0.45800  0.62574  0.4656962E-09  0.2327214E-11  0.4656962E-09  0.2327214E-11  0.0000000E+00  0.0000000E+00  0.0000000E+00  0.0000000E+00  0.0000000E+00  0.0000000E+00
  2.03539  3.75000  0.45900  0.62674  0.4715293E-09  0.2418740E-11  0.4715293E-09  0.2418740E-11  0.0000000E+00  0.0000000E+00  0.0000000E+00  0.0000000E+00  0.0000000E+00  0.0000000E+00
  2.03570  3.75000  0.46000  0.62774  0.4774338E-09  0.2512144E-11  0.4774338E-09  0.2512144E-11  0.0000000E+00  0.0000000E+00  0.0000000E+00  0.0000000E+00  0.0000000E+00  0.0000000E+00
  2.03600  3.75000  0.46100  0.62874  0.4834107E-09  0.2607458E-11  0.4834107E-09  0.2607458E-11  0.0000000E+00  0.0000000E+00  0.0000000E+00  0.0000000E+00  0.0000000E+00  0.0000000E+00
  2.03631  3.75000  0.46200  0.62974  0.4894607E-09  0.2704714E-11  0.4894607E-09  0.2704714E-11  0.0000000E+00  0.0000000E+00  0.0000000E+00  0.0000000E+00  0.0000000E+00  0.0000000E+00
  2.03662  3.75000  0.46300  0.63074  0.4955848E-09  0.2803945E-11  0.4955848E-09  0.2803945E-11  0.0000000E+00  0.0000000E+00  0.0000000E+00  0.0000000E+00  0.0000000E+00  0.0000000E+00
  2.03693  3.75000  0.46400  0.63174  0.5017839E-09  0.2905182E-11  0.5017839E-09  0.2905182E-11  0.0000000E+00  0.0000000E+00  0.0000000E+00  0.0000000E+00  0.0000000E+00  0.0000000E+00
  2.03724  3.75000  0.46500  0.63274  0.5080588E-09  0.3008461E-11  0.5080588E-09  0.3008461E-11  0.0000000E+00  0.0000000E+00  0.0000000E+00  0.0000000E+00  0.0000000E+00  0.0000000E+00
  2.03755  3.75000  0.46600  0.63374  0.5144104E-09  0.3113815E-11  0.5144104E-09  0.3113815E-11  0.0000000E+00  0.0000000E+00  0.0000000E+00  0.0000000E+00  0.0000000E+00  0.0000000E+00
  2.03787  3.75000  0.46700  0.63474  0.5208397E-09  0.3221277E-11  0.5208397E-09  0.3221277E-11  0.0000000E+00  0.0000000E+00  0.0000000E+00  0.0000000E+00  0.0000000E+00  0.0000000E+00
  2.03818  3.75000  0.46800  0.63574  0.5273477E-09  0.3330884E-11  0.5273477E-09  0.3330884E-11  0.0000000E+00  0.0000000E+00  0.0000000E+00  0.0000000E+00  0.0000000E+00  0.0000000E+00
  2.03849  3.75000  0.46900  0.63674  0.5339351E-09  0.3442671E-11  0.5339351E-09  0.3442671E-11  0.0000000E+00  0.0000000E+00  0.0000000E+00  0.0000000E+00  0.0000000E+00  0.0000000E+00
  2.03880  3.75000  0.47000  0.63774  0.5406031E-09  0.3556673E-11  0.5406031E-09  0.3556673E-11  0.0000000E+00  0.0000000E+00  0.0000000E+00  0.0000000E+00  0.0000000E+00  0.0000000E+00
  2.03912  3.75000  0.47100  0.63874  0.5473526E-09  0.3672928E-11  0.5473526E-09  0.3672928E-11  0.0000000E+00  0.0000000E+00  0.0000000E+00  0.0000000E+00  0.0000000E+00  0.0000000E+00
  2.03943  3.75000  0.47200  0.63974  0.5541844E-09  0.3791472E-11  0.5541844E-09  0.3791472E-11  0.0000000E+00  0.0000000E+00  0.0000000E+00  0.0000000E+00  0.0000000E+00  0.0000000E+00
  2.03974  3.75000  0.47300  0.64074  0.5610998E-09  0.3912344E-11  0.5610998E-09  0.3912344E-11  0.0000000E+00  0.0000000E+00  0.0000000E+00  0.0000000E+00  0.0000000E+00  0.0000000E+00
  2.04006  3.75000  0.47400  0.64174  0.5680995E-09  0.4035581E-11  0.5680995E-09  0.4035581E-11  0.0000000E+00  0.0000000E+00  0.0000000E+00  0.0000000E+00  0.0000000E+00  0.0000000E+00
  2.04037  3.75000  0.47500  0.64274  0.5751847E-09  0.4161222E-11  0.5751847E-09  0.4161222E-11  0.0000000E+00  0.0000000E+00  0.0000000E+00  0.0000000E+00  0.0000000E+00  0.0000000E+00
  2.04069  3.75000  0.47600  0.64374  0.5823564E-09  0.4289306E-11  0.5823564E-09  0.4289306E-11  0.0000000E+00  0.0000000E+00  0.0000000E+00  0.0000000E+00  0.0000000E+00  0.0000000E+00
  2.04100  3.75000  0.47700  0.64474  0.5896155E-09  0.4419874E-11  0.5896155E-09  0.4419874E-11  0.0000000E+00  0.0000000E+00  0.0000000E+00  0.0000000E+00  0.0000000E+00  0.0000000E+00
  2.04132  3.75000  0.47800  0.64574  0.5969632E-09  0.4552966E-11  0.5969632E-09  0.4552966E-11  0.0000000E+00  0.0000000E+00  0.0000000E+00  0.0000000E+00  0.0000000E+00  0.0000000E+00
  2.04164  3.75000  0.47900  0.64674  0.6044006E-09  0.4688624E-11  0.6044006E-09  0.4688624E-11  0.0000000E+00  0.0000000E+00  0.0000000E+00  0.0000000E+00  0.0000000E+00  0.0000000E+00
  2.04195  3.75000  0.48000  0.64774  0.6119285E-09  0.4826888E-11  0.6119285E-09  0.4826888E-11  0.0000000E+00  0.0000000E+00  0.0000000E+00  0.0000000E+00  0.0000000E+00  0.0000000E+00
  2.04227  3.75000  0.48100  0.64874  0.6195483E-09  0.4967802E-11  0.6195483E-09  0.4967802E-11  0.0000000E+00  0.0000000E+00  0.0000000E+00  0.0000000E+00  0.0000000E+00  0.0000000E+00
  2.04259  3.75000  0.48200  0.64974  0.6272609E-09  0.5111408E-11  0.6272609E-09  0.5111408E-11  0.0000000E+00  0.0000000E+00  0.0000000E+00  0.0000000E+00  0.0000000E+00  0.0000000E+00
  2.04291  3.75000  0.48300  0.65074  0.6350675E-09  0.5257750E-11  0.6350675E-09  0.5257750E-11  0.0000000E+00  0.0000000E+00  0.0000000E+00  0.0000000E+00  0.0000000E+00  0.0000000E+00
  2.04322  3.75000  0.48400  0.65174  0.6429692E-09  0.5406873E-11  0.6429692E-09  0.5406873E-11  0.0000000E+00  0.0000000E+00  0.0000000E+00  0.0000000E+00  0.0000000E+00  0.0000000E+00
  2.04354  3.75000  0.48500  0.65274  0.6509671E-09  0.5558821E-11  0.6509671E-09  0.5558821E-11  0.0000000E+00  0.0000000E+00  0.0000000E+00  0.0000000E+00  0.0000000E+00  0.0000000E+00
  2.04386  3.75000  0.48600  0.65374  0.6590624E-09  0.5713640E-11  0.6590624E-09  0.5713640E-11  0.0000000E+00  0.0000000E+00  0.0000000E+00  0.0000000E+00  0.0000000E+00  0.0000000E+00
  2.04418  3.75000  0.48700  0.65474  0.6672563E-09  0.5871377E-11  0.6672563E-09  0.5871377E-11  0.0000000E+00  0.0000000E+00  0.0000000E+00  0.0000000E+00  0.0000000E+00  0.0000000E+00
  2.04450  3.75000  0.48800  0.65574  0.6755499E-09  0.6032077E-11  0.6755499E-09  0.6032077E-11  0.0000000E+00  0.0000000E+00  0.0000000E+00  0.0000000E+00  0.0000000E+00  0.0000000E+00
  2.04482  3.75000  0.48900  0.65674  0.6839444E-09  0.6195790E-11  0.6839444E-09  0.6195790E-11  0.0000000E+00  0.0000000E+00  0.0000000E+00  0.0000000E+00  0.0000000E+00  0.0000000E+00
  2.04515  3.75000  0.49000  0.65774  0.6924410E-09  0.6362563E-11  0.6924410E-09  0.6362563E-11  0.0000000E+00  0.0000000E+00  0.0000000E+00  0.0000000E+00  0.0000000E+00  0.0000000E+00
  2.04547  3.75000  0.49100  0.65874  0.7010409E-09  0.6532445E-11  0.7010409E-09  0.6532445E-11  0.0000000E+00  0.0000000E+00  0.0000000E+00  0.0000000E+00  0.0000000E+00  0.0000000E+00
  2.04579  3.75000  0.49200  0.65974  0.7097454E-09  0.6705486E-11  0.7097454E-09  0.6705486E-11  0.0000000E+00  0.0000000E+00  0.0000000E+00  0.0000000E+00  0.0000000E+00  0.0000000E+00
  2.04611  3.75000  0.49300  0.66074  0.7185558E-09  0.6881737E-11  0.7185558E-09  0.6881737E-11  0.0000000E+00  0.0000000E+00  0.0000000E+00  0.0000000E+00  0.0000000E+00  0.0000000E+00
  2.04644  3.75000  0.49400  0.66174  0.7274732E-09  0.7061249E-11  0.7274732E-09  0.7061249E-11  0.0000000E+00  0.0000000E+00  0.0000000E+00  0.0000000E+00  0.0000000E+00  0.0000000E+00
  2.04676  3.75000  0.49500  0.66274  0.7364990E-09  0.7244074E-11  0.7364990E-09  0.7244074E-11  0.0000000E+00  0.0000000E+00  0.0000000E+00  0.0000000E+00  0.0000000E+00  0.0000000E+00
  2.04708  3.75000  0.49600  0.66374  0.7456344E-09  0.7430265E-11  0.7456344E-09  0.7430265E-11  0.0000000E+00  0.0000000E+00  0.0000000E+00  0.0000000E+00  0.0000000E+00  0.0000000E+00
  2.04741  3.75000  0.49700  0.66474  0.7548808E-09  0.7619875E-11  0.7548808E-09  0.7619875E-11  0.0000000E+00  0.0000000E+00  0.0000000E+00  0.0000000E+00  0.0000000E+00  0.0000000E+00
  2.04773  3.75000  0.49800  0.66574  0.7642395E-09  0.7812959E-11  0.7642395E-09  0.7812959E-11  0.0000000E+00  0.0000000E+00  0.0000000E+00  0.0000000E+00  0.0000000E+00  0.0000000E+00
  2.04806  3.75000  0.49900  0.66674  0.7737118E-09  0.8009572E-11  0.7737118E-09  0.8009572E-11  0.0000000E+00  0.0000000E+00  0.0000000E+00  0.0000000E+00  0.0000000E+00  0.0000000E+00
  2.04838  3.75000  0.50000  0.66774  0.7832991E-09  0.8209769E-11  0.7832991E-09  0.8209769E-11  0.0000000E+00  0.0000000E+00  0.0000000E+00  0.0000000E+00  0.0000000E+00  0.0000000E+00
  2.04871  3.75000  0.50100  0.66874  0.7930028E-09  0.8413608E-11  0.7930028E-09  0.8413608E-11  0.0000000E+00  0.0000000E+00  0.0000000E+00  0.0000000E+00  0.0000000E+00  0.0000000E+00
  2.04904  3.75000  0.50200  0.66974  0.8028242E-09  0.8621146E-11  0.8028242E-09  0.8621146E-11  0.0000000E+00  0.0000000E+00  0.0000000E+00  0.0000000E+00  0.0000000E+00  0.0000000E+00
  2.04936  3.75000  0.50300  0.67074  0.8127647E-09  0.8832442E-11  0.8127647E-09  0.8832442E-11  0.0000000E+00  0.0000000E+00  0.0000000E+00  0.0000000E+00  0.0000000E+00  0.0000000E+00
  2.04969  3.75000  0.50400  0.67174  0.8228258E-09  0.9047554E-11  0.8228258E-09  0.9047554E-11  0.0000000E+00  0.0000000E+00  0.0000000E+00  0.0000000E+00  0.0000000E+00  0.0000000E+00
  2.05002  3.75000  0.50500  0.67274  0.8330088E-09  0.9266543E-11  0.8330088E-09  0.9266543E-11  0.0000000E+00  0.0000000E+00  0.0000000E+00  0.0000000E+00  0.0000000E+00  0.0000000E+00
  2.05035  3.75000  0.50600  0.67374  0.8433153E-09  0.9489470E-11  0.8433153E-09  0.9489470E-11  0.0000000E+00  0.0000000E+00  0.0000000E+00  0.0000000E+00  0.0000000E+00  0.0000000E+00
  2.05068  3.75000  0.50700  0.67474  0.8537468E-09  0.9716396E-11  0.8537468E-09  0.9716396E-11  0.0000000E+00  0.0000000E+00  0.0000000E+00  0.0000000E+00  0.0000000E+00  0.0000000E+00
  2.05101  3.75000  0.50800  0.67574  0.8643046E-09  0.9947385E-11  0.8643046E-09  0.9947385E-11  0.0000000E+00  0.0000000E+00  0.0000000E+00  0.0000000E+00  0.0000000E+00  0.0000000E+00
  2.05134  3.75000  0.50900  0.67674  0.8749903E-09  0.1018250E-10  0.8749903E-09  0.1018250E-10  0.0000000E+00  0.0000000E+00  0.0000000E+00  0.0000000E+00  0.0000000E+00  0.0000000E+00
  2.05167  3.75000  0.51000  0.67774  0.8858055E-09  0.1042181E-10  0.8858055E-09  0.1042181E-10  0.0000000E+00  0.0000000E+00  0.0000000E+00  0.0000000E+00  0.0000000E+00  0.0000000E+00
  2.05200  3.75000  0.51100  0.67874  0.8967517E-09  0.1066537E-10  0.8967517E-09  0.1066537E-10  0.0000000E+00  0.0000000E+00  0.0000000E+00  0.0000000E+00  0.0000000E+00  0.0000000E+00
  2.05233  3.75000  0.51200  0.67974  0.9078303E-09  0.1091325E-10  0.9078303E-09  0.1091325E-10  0.0000000E+00  0.0000000E+00  0.0000000E+00  0.0000000E+00  0.0000000E+00  0.0000000E+00
  2.05266  3.75000  0.51300  0.68074  0.9190431E-09  0.1116553E-10  0.9190431E-09  0.1116553E-10  0.0000000E+00  0.0000000E+00  0.0000000E+00  0.0000000E+00  0.0000000E+00  0.0000000E+00
  2.05299  3.75000  0.51400  0.68174  0.9303916E-09  0.1142227E-10  0.9303916E-09  0.1142227E-10  0.0000000E+00  0.0000000E+00  0.0000000E+00  0.0000000E+00  0.0000000E+00  0.0000000E+00
  2.05332  3.75000  0.51500  0.68274  0.9418773E-09  0.1168353E-10  0.9418773E-09  0.1168353E-10  0.0000000E+00  0.0000000E+00  0.0000000E+00  0.0000000E+00  0.0000000E+00  0.0000000E+00
  2.05366  3.75000  0.51600  0.68374  0.9535021E-09  0.1194939E-10  0.9535021E-09  0.1194939E-10  0.0000000E+00  0.0000000E+00  0.0000000E+00  0.0000000E+00  0.0000000E+00  0.0000000E+00
  2.05399  3.75000  0.51700  0.68474  0.9652674E-09  0.1221992E-10  0.9652674E-09  0.1221992E-10  0.0000000E+00  0.0000000E+00  0.0000000E+00  0.0000000E+00  0.0000000E+00  0.0000000E+00
  2.05432  3.75000  0.51800  0.68574  0.9771750E-09  0.1249519E-10  0.9771750E-09  0.1249519E-10  0.0000000E+00  0.0000000E+00  0.0000000E+00  0.0000000E+00  0.0000000E+00  0.0000000E+00
  2.05466  3.75000  0.51900  0.68674  0.9892265E-09  0.1277528E-10  0.9892265E-09  0.1277528E-10  0.0000000E+00  0.0000000E+00  0.0000000E+00  0.0000000E+00  0.0000000E+00  0.0000000E+00
  2.05499  3.75000  0.52000  0.68774  0.1001424E-08  0.1306026E-10  0.1001424E-08  0.1306026E-10  0.0000000E+00  0.0000000E+00  0.0000000E+00  0.0000000E+00  0.0000000E+00  0.0000000E+00
  2.05533  3.75000  0.52100  0.68874  0.1013768E-08  0.1335021E-10  0.1013768E-08  0.1335021E-10  0.0000000E+00  0.0000000E+00  0.0000000E+00  0.0000000E+00  0.0000000E+00  0.0000000E+00
  2.05566  3.75000  0.52200  0.68974  0.1026262E-08  0.1364520E-10  0.1026262E-08  0.1364520E-10  0.0000000E+00  0.0000000E+00  0.0000000E+00  0.0000000E+00  0.0000000E+00  0.0000000E+00
  2.05600  3.75000  0.52300  0.69074  0.1038907E-08  0.1394531E-10  0.1038907E-08  0.1394531E-10  0.0000000E+00  0.0000000E+00  0.0000000E+00  0.0000000E+00  0.0000000E+00  0.0000000E+00
  2.05633  3.75000  0.52400  0.69174  0.1051704E-08  0.1425062E-10  0.1051704E-08  0.1425062E-10  0.0000000E+00  0.0000000E+00  0.0000000E+00  0.0000000E+00  0.0000000E+00  0.0000000E+00
  2.05667  3.75000  0.52500  0.69274  0.1064656E-08  0.1456121E-10  0.1064656E-08  0.1456121E-10  0.0000000E+00  0.0000000E+00  0.0000000E+00  0.0000000E+00  0.0000000E+00  0.0000000E+00
  2.05701  3.75000  0.52600  0.69374  0.1077764E-08  0.1487716E-10  0.1077764E-08  0.1487716E-10  0.0000000E+00  0.0000000E+00  0.0000000E+00  0.0000000E+00  0.0000000E+00  0.0000000E+00
  2.05734  3.75000  0.52700  0.69474  0.1091031E-08  0.1519855E-10  0.1091031E-08  0.1519855E-10  0.0000000E+00  0.0000000E+00  0.0000000E+00  0.0000000E+00  0.0000000E+00  0.0000000E+00
  2.05768  3.75000  0.52800  0.69574  0.1104457E-08  0.1552547E-10  0.1104457E-08  0.1552547E-10  0.0000000E+00  0.0000000E+00  0.0000000E+00  0.0000000E+00  0.0000000E+00  0.0000000E+00
  2.05802  3.75000  0.52900  0.69674  0.1118046E-08  0.1585800E-10  0.1118046E-08  0.1585800E-10  0.0000000E+00  0.0000000E+00  0.0000000E+00  0.0000000E+00  0.0000000E+00  0.0000000E+00
  2.05836  3.75000  0.53000  0.69774  0.1131798E-08  0.1619623E-10  0.1131798E-08  0.1619623E-10  0.0000000E+00  0.0000000E+00  0.0000000E+00  0.0000000E+00  0.0000000E+00  0.0000000E+00
  2.05870  3.75000  0.53100  0.69874  0.1145717E-08  0.1654025E-10  0.1145717E-08  0.1654025E-10  0.0000000E+00  0.0000000E+00  0.0000000E+00  0.0000000E+00  0.0000000E+00  0.0000000E+00
  2.05904  3.75000  0.53200  0.69974  0.1159803E-08  0.1689013E-10  0.1159803E-08  0.1689013E-10  0.0000000E+00  0.0000000E+00  0.0000000E+00  0.0000000E+00  0.0000000E+00  0.0000000E+00
  2.05938  3.75000  0.53300  0.70074  0.1174059E-08  0.1724598E-10  0.1174059E-08  0.1724598E-10  0.0000000E+00  0.0000000E+00  0.0000000E+00  0.0000000E+00  0.0000000E+00  0.0000000E+00
  2.05972  3.75000  0.53400  0.70174  0.1188486E-08  0.1760789E-10  0.1188486E-08  0.1760789E-10  0.0000000E+00  0.0000000E+00  0.0000000E+00  0.0000000E+00  0.0000000E+00  0.0000000E+00
  2.06006  3.75000  0.53500  0.70274  0.1203088E-08  0.1797593E-10  0.1203088E-08  0.1797593E-10  0.0000000E+00  0.0000000E+00  0.0000000E+00  0.0000000E+00  0.0000000E+00  0.0000000E+00
  2.06040  3.75000  0.53600  0.70374  0.1217866E-08  0.1835022E-10  0.1217866E-08  0.1835022E-10  0.0000000E+00  0.0000000E+00  0.0000000E+00  0.0000000E+00  0.0000000E+00  0.0000000E+00
  2.06074  3.75000  0.53700  0.70474  0.1232821E-08  0.1873084E-10  0.1232821E-08  0.1873084E-10  0.0000000E+00  0.0000000E+00  0.0000000E+00  0.0000000E+00  0.0000000E+00  0.0000000E+00
  2.06108  3.75000  0.53800  0.70574  0.1247957E-08  0.1911790E-10  0.1247957E-08  0.1911790E-10  0.0000000E+00  0.0000000E+00  0.0000000E+00  0.0000000E+00  0.0000000E+00  0.0000000E+00
  2.06143  3.75000  0.53900  0.70674  0.1263275E-08  0.1951148E-10  0.1263275E-08  0.1951148E-10  0.0000000E+00  0.0000000E+00  0.0000000E+00  0.0000000E+00  0.0000000E+00  0.0000000E+00
  2.06177  3.75000  0.54000  0.70774  0.1278777E-08  0.1991169E-10  0.1278777E-08  0.1991169E-10  0.0000000E+00  0.0000000E+00  0.0000000E+00  0.0000000E+00  0.0000000E+00  0.0000000E+00
  2.06211  3.75000  0.54100  0.70874  0.1294466E-08  0.2031862E-10  0.1294466E-08  0.2031862E-10  0.0000000E+00  0.0000000E+00  0.0000000E+00  0.0000000E+00  0.0000000E+00  0.0000000E+00
  2.06246  3.75000  0.54200  0.70974  0.1310343E-08  0.2073239E-10  0.1310343E-08  0.2073239E-10  0.0000000E+00  0.0000000E+00  0.0000000E+00  0.0000000E+00  0.0000000E+00  0.0000000E+00
  2.06280  3.75000  0.54300  0.71074  0.1326412E-08  0.2115308E-10  0.1326412E-08  0.2115308E-10  0.0000000E+00  0.0000000E+00  0.0000000E+00  0.0000000E+00  0.0000000E+00  0.0000000E+00
  2.06315  3.75000  0.54400  0.71174  0.1342674E-08  0.2158082E-10  0.1342674E-08  0.2158082E-10  0.0000000E+00  0.0000000E+00  0.0000000E+00  0.0000000E+00  0.0000000E+00  0.0000000E+00
  2.06349  3.75000  0.54500  0.71274  0.1359131E-08  0.2201570E-10  0.1359131E-08  0.2201570E-10  0.0000000E+00  0.0000000E+00  0.0000000E+00  0.0000000E+00  0.0000000E+00  0.0000000E+00
  2.06384  3.75000  0.54600  0.71374  0.1375787E-08  0.2245783E-10  0.1375787E-08  0.2245783E-10  0.0000000E+00  0.0000000E+00  0.0000000E+00  0.0000000E+00  0.0000000E+00  0.0000000E+00
  2.06418  3.75000  0.54700  0.71474  0.1392642E-08  0.2290732E-10  0.1392642E-08  0.2290732E-10  0.0000000E+00  0.0000000E+00  0.0000000E+00  0.0000000E+00  0.0000000E+00  0.0000000E+00
  2.06453  3.75000  0.54800  0.71574  0.1409701E-08  0.2336428E-10  0.1409701E-08  0.2336428E-10  0.0000000E+00  0.0000000E+00  0.0000000E+00  0.0000000E+00  0.0000000E+00  0.0000000E+00
  2.06488  3.75000  0.54900  0.71674  0.1426964E-08  0.2382882E-10  0.1426964E-08  0.2382882E-10  0.0000000E+00  0.0000000E+00  0.0000000E+00  0.0000000E+00  0.0000000E+00  0.0000000E+00
  2.06522  3.75000  0.55000  0.71774  0.1444434E-08  0.2430106E-10  0.1444434E-08  0.2430106E-10  0.0000000E+00  0.0000000E+00  0.0000000E+00  0.0000000E+00  0.0000000E+00  0.0000000E+00
  2.06557  3.75000  0.55100  0.71874  0.1462115E-08  0.2478111E-10  0.1462115E-08  0.2478111E-10  0.0000000E+00  0.0000000E+00  0.0000000E+00  0.0000000E+00  0.0000000E+00  0.0000000E+00
  2.06592  3.75000  0.55200  0.71974  0.1480008E-08  0.2526910E-10  0.1480008E-08  0.2526910E-10  0.0000000E+00  0.0000000E+00  0.0000000E+00  0.0000000E+00  0.0000000E+00  0.0000000E+00
  2.06627  3.75000  0.55300  0.72074  0.1498115E-08  0.2576513E-10  0.1498115E-08  0.2576513E-10  0.0000000E+00  0.0000000E+00  0.0000000E+00  0.0000000E+00  0.0000000E+00  0.0000000E+00
  2.06662  3.75000  0.55400  0.72174  0.1516441E-08  0.2626933E-10  0.1516441E-08  0.2626933E-10  0.0000000E+00  0.0000000E+00  0.0000000E+00  0.0000000E+00  0.0000000E+00  0.0000000E+00
  2.06697  3.75000  0.55500  0.72274  0.1534986E-08  0.2678182E-10  0.1534986E-08  0.2678182E-10  0.0000000E+00  0.0000000E+00  0.0000000E+00  0.0000000E+00  0.0000000E+00  0.0000000E+00
  2.06732  3.75000  0.55600  0.72374  0.1553753E-08  0.2730273E-10  0.1553753E-08  0.2730273E-10  0.0000000E+00  0.0000000E+00  0.0000000E+00  0.0000000E+00  0.0000000E+00  0.0000000E+00
  2.06767  3.75000  0.55700  0.72474  0.1572746E-08  0.2783217E-10  0.1572746E-08  0.2783217E-10  0.0000000E+00  0.0000000E+00  0.0000000E+00  0.0000000E+00  0.0000000E+00  0.0000000E+00
  2.06802  3.75000  0.55800  0.72574  0.1591967E-08  0.2837029E-10  0.1591967E-08  0.2837029E-10  0.0000000E+00  0.0000000E+00  0.0000000E+00  0.0000000E+00  0.0000000E+00  0.0000000E+00
  2.06837  3.75000  0.55900  0.72674  0.1611418E-08  0.2891720E-10  0.1611418E-08  0.2891720E-10  0.0000000E+00  0.0000000E+00  0.0000000E+00  0.0000000E+00  0.0000000E+00  0.0000000E+00
  2.06872  3.75000  0.56000  0.72774  0.1631102E-08  0.2947304E-10  0.1631102E-08  0.2947304E-10  0.0000000E+00  0.0000000E+00  0.0000000E+00  0.0000000E+00  0.0000000E+00  0.0000000E+00
  2.06907  3.75000  0.56100  0.72874  0.1651023E-08  0.3003794E-10  0.1651023E-08  0.3003794E-10  0.0000000E+00  0.0000000E+00  0.0000000E+00  0.0000000E+00  0.0000000E+00  0.0000000E+00
  2.06943  3.75000  0.56200  0.72974  0.1671182E-08  0.3061203E-10  0.1671182E-08  0.3061203E-10  0.0000000E+00  0.0000000E+00  0.0000000E+00  0.0000000E+00  0.0000000E+00  0.0000000E+00
  2.06978  3.75000  0.56300  0.73074  0.1691583E-08  0.3119546E-10  0.1691583E-08  0.3119546E-10  0.0000000E+00  0.0000000E+00  0.0000000E+00  0.0000000E+00  0.0000000E+00  0.0000000E+00
  2.07013  3.75000  0.56400  0.73174  0.1712228E-08  0.3178835E-10  0.1712228E-08  0.3178835E-10  0.0000000E+00  0.0000000E+00  0.0000000E+00  0.0000000E+00  0.0000000E+00  0.0000000E+00
  2.07049  3.75000  0.56500  0.73274  0.1733120E-08  0.3239086E-10  0.1733120E-08  0.3239086E-10  0.0000000E+00  0.0000000E+00  0.0000000E+00  0.0000000E+00  0.0000000E+00  0.0000000E+00
  2.07084  3.75000  0.56600  0.73374  0.1754263E-08  0.3300312E-10  0.1754263E-08  0.3300312E-10  0.0000000E+00  0.0000000E+00  0.0000000E+00  0.0000000E+00  0.0000000E+00  0.0000000E+00
  2.07119  3.75000  0.56700  0.73474  0.1775659E-08  0.3362528E-10  0.1775659E-08  0.3362528E-10  0.0000000E+00  0.0000000E+00  0.0000000E+00  0.0000000E+00  0.0000000E+00  0.0000000E+00
  2.07155  3.75000  0.56800  0.73574  0.1797312E-08  0.3425748E-10  0.1797312E-08  0.3425748E-10  0.0000000E+00  0.0000000E+00  0.0000000E+00  0.0000000E+00  0.0000000E+00  0.0000000E+00
  2.07190  3.75000  0.56900  0.73674  0.1819223E-08  0.3489987E-10  0.1819223E-08  0.3489987E-10  0.0000000E+00  0.0000000E+00  0.0000000E+00  0.0000000E+00  0.0000000E+00  0.0000000E+00
  2.07226  3.75000  0.57000  0.73774  0.1841397E-08  0.3555260E-10  0.1841397E-08  0.3555260E-10  0.0000000E+00  0.0000000E+00  0.0000000E+00  0.0000000E+00  0.0000000E+00  0.0000000E+00
  2.07262  3.75000  0.57100  0.73874  0.1863836E-08  0.3621583E-10  0.1863836E-08  0.3621583E-10  0.0000000E+00  0.0000000E+00  0.0000000E+00  0.0000000E+00  0.0000000E+00  0.0000000E+00
  2.07297  3.75000  0.57200  0.73974  0.1886544E-08  0.3688971E-10  0.1886544E-08  0.3688971E-10  0.0000000E+00  0.0000000E+00  0.0000000E+00  0.0000000E+00  0.0000000E+00  0.0000000E+00
  2.07333  3.75000  0.57300  0.74074  0.1909523E-08  0.3757439E-10  0.1909523E-08  0.3757439E-10  0.0000000E+00  0.0000000E+00  0.0000000E+00  0.0000000E+00  0.0000000E+00  0.0000000E+00
  2.07369  3.75000  0.57400  0.74174  0.1932777E-08  0.3827003E-10  0.1932777E-08  0.3827003E-10  0.0000000E+00  0.0000000E+00  0.0000000E+00  0.0000000E+00  0.0000000E+00  0.0000000E+00
  2.07405  3.75000  0.57500  0.74274  0.1956310E-08  0.3897681E-10  0.1956310E-08  0.3897681E-10  0.0000000E+00  0.0000000E+00  0.0000000E+00  0.0000000E+00  0.0000000E+00  0.0000000E+00
  2.07440  3.75000  0.57600  0.74374  0.1980123E-08  0.3969487E-10  0.1980123E-08  0.3969487E-10  0.0000000E+00  0.0000000E+00  0.0000000E+00  0.0000000E+00  0.0000000E+00  0.0000000E+00
  2.07476  3.75000  0.57700  0.74474  0.2004222E-08  0.4042439E-10  0.2004222E-08  0.4042439E-10  0.0000000E+00  0.0000000E+00  0.0000000E+00  0.0000000E+00  0.0000000E+00  0.0000000E+00
  2.07512  3.75000  0.57800  0.74574  0.2028608E-08  0.4116553E-10  0.2028608E-08  0.4116553E-10  0.0000000E+00  0.0000000E+00  0.0000000E+00  0.0000000E+00  0.0000000E+00  0.0000000E+00
  2.07548  3.75000  0.57900  0.74674  0.2053286E-08  0.4191846E-10  0.2053286E-08  0.4191846E-10  0.0000000E+00  0.0000000E+00  0.0000000E+00  0.0000000E+00  0.0000000E+00  0.0000000E+00
  2.07584  3.75000  0.58000  0.74774  0.2078258E-08  0.4268336E-10  0.2078258E-08  0.4268336E-10  0.0000000E+00  0.0000000E+00  0.0000000E+00  0.0000000E+00  0.0000000E+00  0.0000000E+00
  2.07620  3.75000  0.58100  0.74874  0.2103529E-08  0.4346039E-10  0.2103529E-08  0.4346039E-10  0.0000000E+00  0.0000000E+00  0.0000000E+00  0.0000000E+00  0.0000000E+00  0.0000000E+00
  2.07656  3.75000  0.58200  0.74974  0.2129102E-08  0.4424975E-10  0.2129102E-08  0.4424975E-10  0.0000000E+00  0.0000000E+00  0.0000000E+00  0.0000000E+00  0.0000000E+00  0.0000000E+00
  2.07692  3.75000  0.58300  0.75074  0.2154980E-08  0.4505161E-10  0.2154980E-08  0.4505161E-10  0.0000000E+00  0.0000000E+00  0.0000000E+00  0.0000000E+00  0.0000000E+00  0.0000000E+00
  2.07729  3.75000  0.58400  0.75174  0.2181168E-08  0.4586614E-10  0.2181168E-08  0.4586614E-10  0.0000000E+00  0.0000000E+00  0.0000000E+00  0.0000000E+00  0.0000000E+00  0.0000000E+00
  2.07765  3.75000  0.58500  0.75274  0.2207667E-08  0.4669354E-10  0.2207667E-08  0.4669354E-10  0.0000000E+00  0.0000000E+00  0.0000000E+00  0.0000000E+00  0.0000000E+00  0.0000000E+00
  2.07801  3.75000  0.58600  0.75374  0.2234483E-08  0.4753399E-10  0.2234483E-08  0.4753399E-10  0.0000000E+00  0.0000000E+00  0.0000000E+00  0.0000000E+00  0.0000000E+00  0.0000000E+00
  2.07837  3.75000  0.58700  0.75474  0.2261620E-08  0.4838769E-10  0.2261620E-08  0.4838769E-10  0.0000000E+00  0.0000000E+00  0.0000000E+00  0.0000000E+00  0.0000000E+00  0.0000000E+00
  2.07874  3.75000  0.58800  0.75574  0.2289079E-08  0.4925482E-10  0.2289079E-08  0.4925482E-10  0.0000000E+00  0.0000000E+00  0.0000000E+00  0.0000000E+00  0.0000000E+00  0.0000000E+00
  2.07910  3.75000  0.58900  0.75674  0.2316867E-08  0.5013558E-10  0.2316867E-08  0.5013558E-10  0.0000000E+00  0.0000000E+00  0.0000000E+00  0.0000000E+00  0.0000000E+00  0.0000000E+00
  2.07946  3.75000  0.59000  0.75774  0.2344986E-08  0.5103017E-10  0.2344986E-08  0.5103017E-10  0.0000000E+00  0.0000000E+00  0.0000000E+00  0.0000000E+00  0.0000000E+00  0.0000000E+00
  2.07983  3.75000  0.59100  0.75874  0.2373440E-08  0.5193879E-10  0.2373440E-08  0.5193879E-10  0.0000000E+00  0.0000000E+00  0.0000000E+00  0.0000000E+00  0.0000000E+00  0.0000000E+00
  2.08019  3.75000  0.59200  0.75974  0.2402233E-08  0.5286164E-10  0.2402233E-08  0.5286164E-10  0.0000000E+00  0.0000000E+00  0.0000000E+00  0.0000000E+00  0.0000000E+00  0.0000000E+00
  2.08056  3.75000  0.59300  0.76074  0.2431370E-08  0.5379893E-10  0.2431370E-08  0.5379893E-10  0.0000000E+00  0.0000000E+00  0.0000000E+00  0.0000000E+00  0.0000000E+00  0.0000000E+00
  2.08093  3.75000  0.59400  0.76174  0.2460854E-08  0.5475087E-10  0.2460854E-08  0.5475087E-10  0.0000000E+00  0.0000000E+00  0.0000000E+00  0.0000000E+00  0.0000000E+00  0.0000000E+00
  2.08129  3.75000  0.59500  0.76274  0.2490689E-08  0.5571767E-10  0.2490689E-08  0.5571767E-10  0.0000000E+00  0.0000000E+00  0.0000000E+00  0.0000000E+00  0.0000000E+00  0.0000000E+00
  2.08166  3.75000  0.59600  0.76374  0.2520880E-08  0.5669954E-10  0.2520880E-08  0.5669954E-10  0.0000000E+00  0.0000000E+00  0.0000000E+00  0.0000000E+00  0.0000000E+00  0.0000000E+00
  2.08203  3.75000  0.59700  0.76474  0.2551431E-08  0.5769671E-10  0.2551431E-08  0.5769671E-10  0.0000000E+00  0.0000000E+00  0.0000000E+00  0.0000000E+00  0.0000000E+00  0.0000000E+00
  2.08239  3.75000  0.59800  0.76574  0.2582345E-08  0.5870939E-10  0.2582345E-08  0.5870939E-10  0.0000000E+00  0.0000000E+00  0.0000000E+00  0.0000000E+00  0.0000000E+00  0.0000000E+00
  2.08276  3.75000  0.59900  0.76674  0.2613628E-08  0.5973781E-10  0.2613628E-08  0.5973781E-10  0.0000000E+00  0.0000000E+00  0.0000000E+00  0.0000000E+00  0.0000000E+00  0.0000000E+00
  2.08313  3.75000  0.60000  0.76774  0.2645283E-08  0.6078219E-10  0.2645283E-08  0.6078219E-10  0.0000000E+00  0.0000000E+00  0.0000000E+00  0.0000000E+00  0.0000000E+00  0.0000000E+00
  2.08350  3.75000  0.60100  0.76874  0.2677315E-08  0.6184277E-10  0.2677315E-08  0.6184277E-10  0.0000000E+00  0.0000000E+00  0.0000000E+00  0.0000000E+00  0.0000000E+00  0.0000000E+00
  2.08387  3.75000  0.60200  0.76974  0.2709728E-08  0.6291977E-10  0.2709728E-08  0.6291977E-10  0.0000000E+00  0.0000000E+00  0.0000000E+00  0.0000000E+00  0.0000000E+00  0.0000000E+00
  2.08424  3.75000  0.60300  0.77074  0.2742527E-08  0.6401344E-10  0.2742527E-08  0.6401344E-10  0.0000000E+00  0.0000000E+00  0.0000000E+00  0.0000000E+00  0.0000000E+00  0.0000000E+00
  2.08461  3.75000  0.60400  0.77174  0.2775716E-08  0.6512401E-10  0.2775716E-08  0.6512401E-10  0.0000000E+00  0.0000000E+00  0.0000000E+00  0.0000000E+00  0.0000000E+00  0.0000000E+00
  2.08498  3.75000  0.60500  0.77274  0.2809300E-08  0.6625173E-10  0.2809300E-08  0.6625173E-10  0.0000000E+00  0.0000000E+00  0.0000000E+00  0.0000000E+00  0.0000000E+00  0.0000000E+00
  2.08535  3.75000  0.60600  0.77374  0.2843284E-08  0.6739685E-10  0.2843284E-08  0.6739685E-10  0.0000000E+00  0.0000000E+00  0.0000000E+00  0.0000000E+00  0.0000000E+00  0.0000000E+00
  2.08572  3.75000  0.60700  0.77474  0.2877672E-08  0.6855960E-10  0.2877672E-08  0.6855960E-10  0.0000000E+00  0.0000000E+00  0.0000000E+00  0.0000000E+00  0.0000000E+00  0.0000000E+00
  2.08609  3.75000  0.60800  0.77574  0.2912468E-08  0.6974025E-10  0.2912468E-08  0.6974025E-10  0.0000000E+00  0.0000000E+00  0.0000000E+00  0.0000000E+00  0.0000000E+00  0.0000000E+00
  2.08646  3.75000  0.60900  0.77674  0.2947679E-08  0.7093905E-10  0.2947679E-08  0.7093905E-10  0.0000000E+00  0.0000000E+00  0.0000000E+00  0.0000000E+00  0.0000000E+00  0.0000000E+00
  2.08684  3.75000  0.61000  0.77774  0.2983308E-08  0.7215627E-10  0.2983308E-08  0.7215627E-10  0.0000000E+00  0.0000000E+00  0.0000000E+00  0.0000000E+00  0.0000000E+00  0.0000000E+00
  2.08721  3.75000  0.61100  0.77874  0.3019360E-08  0.7339216E-10  0.3019360E-08  0.7339216E-10  0.0000000E+00  0.0000000E+00  0.0000000E+00  0.0000000E+00  0.0000000E+00  0.0000000E+00
  2.08758  3.75000  0.61200  0.77974  0.3055841E-08  0.7464699E-10  0.3055841E-08  0.7464699E-10  0.0000000E+00  0.0000000E+00  0.0000000E+00  0.0000000E+00  0.0000000E+00  0.0000000E+00
  2.08796  3.75000  0.61300  0.78074  0.3092755E-08  0.7592103E-10  0.3092755E-08  0.7592103E-10  0.0000000E+00  0.0000000E+00  0.0000000E+00  0.0000000E+00  0.0000000E+00  0.0000000E+00
  2.08833  3.75000  0.61400  0.78174  0.3130108E-08  0.7721457E-10  0.3130108E-08  0.7721457E-10  0.0000000E+00  0.0000000E+00  0.0000000E+00  0.0000000E+00  0.0000000E+00  0.0000000E+00
  2.08870  3.75000  0.61500  0.78274  0.3167905E-08  0.7852786E-10  0.3167905E-08  0.7852786E-10  0.0000000E+00  0.0000000E+00  0.0000000E+00  0.0000000E+00  0.0000000E+00  0.0000000E+00
  2.08908  3.75000  0.61600  0.78374  0.3206150E-08  0.7986121E-10  0.3206150E-08  0.7986121E-10  0.0000000E+00  0.0000000E+00  0.0000000E+00  0.0000000E+00  0.0000000E+00  0.0000000E+00
  2.08945  3.75000  0.61700  0.78474  0.3244850E-08  0.8121489E-10  0.3244850E-08  0.8121489E-10  0.0000000E+00  0.0000000E+00  0.0000000E+00  0.0000000E+00  0.0000000E+00  0.0000000E+00
  2.08983  3.75000  0.61800  0.78574  0.3284008E-08  0.8258919E-10  0.3284008E-08  0.8258919E-10  0.0000000E+00  0.0000000E+00  0.0000000E+00  0.0000000E+00  0.0000000E+00  0.0000000E+00
  2.09021  3.75000  0.61900  0.78674  0.3323632E-08  0.8398441E-10  0.3323632E-08  0.8398441E-10  0.0000000E+00  0.0000000E+00  0.0000000E+00  0.0000000E+00  0.0000000E+00  0.0000000E+00
  2.09058  3.75000  0.62000  0.78774  0.3363726E-08  0.8540084E-10  0.3363726E-08  0.8540084E-10  0.0000000E+00  0.0000000E+00  0.0000000E+00  0.0000000E+00  0.0000000E+00  0.0000000E+00
  2.09096  3.75000  0.62100  0.78874  0.3404296E-08  0.8683879E-10  0.3404296E-08  0.8683879E-10  0.0000000E+00  0.0000000E+00  0.0000000E+00  0.0000000E+00  0.0000000E+00  0.0000000E+00
  2.09134  3.75000  0.62200  0.78974  0.3445347E-08  0.8829856E-10  0.3445347E-08  0.8829856E-10  0.0000000E+00  0.0000000E+00  0.0000000E+00  0.0000000E+00  0.0000000E+00  0.0000000E+00
  2.09172  3.75000  0.62300  0.79074  0.3486886E-08  0.8978046E-10  0.3486886E-08  0.8978046E-10  0.0000000E+00  0.0000000E+00  0.0000000E+00  0.0000000E+00  0.0000000E+00  0.0000000E+00
  2.09209  3.75000  0.62400  0.79174  0.3528917E-08  0.9128481E-10  0.3528917E-08  0.9128481E-10  0.0000000E+00  0.0000000E+00  0.0000000E+00  0.0000000E+00  0.0000000E+00  0.0000000E+00
  2.09247  3.75000  0.62500  0.79274  0.3571446E-08  0.9281192E-10  0.3571446E-08  0.9281192E-10  0.0000000E+00  0.0000000E+00  0.0000000E+00  0.0000000E+00  0.0000000E+00  0.0000000E+00
  2.09285  3.75000  0.62600  0.79374  0.3614479E-08  0.9436212E-10  0.3614479E-08  0.9436212E-10  0.0000000E+00  0.0000000E+00  0.0000000E+00  0.0000000E+00  0.0000000E+00  0.0000000E+00
  2.09323  3.75000  0.62700  0.79474  0.3658023E-08  0.9593573E-10  0.3658023E-08  0.9593573E-10  0.0000000E+00  0.0000000E+00  0.0000000E+00  0.0000000E+00  0.0000000E+00  0.0000000E+00
  2.09361  3.75000  0.62800  0.79574  0.3702083E-08  0.9753308E-10  0.3702083E-08  0.9753308E-10  0.0000000E+00  0.0000000E+00  0.0000000E+00  0.0000000E+00  0.0000000E+00  0.0000000E+00
  2.09399  3.75000  0.62900  0.79674  0.3746665E-08  0.9915452E-10  0.3746665E-08  0.9915452E-10  0.0000000E+00  0.0000000E+00  0.0000000E+00  0.0000000E+00  0.0000000E+00  0.0000000E+00
  2.09437  3.75000  0.63000  0.79774  0.3791776E-08  0.1008004E-09  0.3791776E-08  0.1008004E-09  0.0000000E+00  0.0000000E+00  0.0000000E+00  0.0000000E+00  0.0000000E+00  0.0000000E+00
  2.09475  3.75000  0.63100  0.79874  0.3837421E-08  0.1024710E-09  0.3837421E-08  0.1024710E-09  0.0000000E+00  0.0000000E+00  0.0000000E+00  0.0000000E+00  0.0000000E+00  0.0000000E+00
  2.09513  3.75000  0.63200  0.79974  0.3883607E-08  0.1041667E-09  0.3883607E-08  0.1041667E-09  0.0000000E+00  0.0000000E+00  0.0000000E+00  0.0000000E+00  0.0000000E+00  0.0000000E+00
  2.09552  3.75000  0.63300  0.80074  0.3930339E-08  0.1058879E-09  0.3930339E-08  0.1058879E-09  0.0000000E+00  0.0000000E+00  0.0000000E+00  0.0000000E+00  0.0000000E+00  0.0000000E+00
  2.09590  3.75000  0.63400  0.80174  0.3977625E-08  0.1076350E-09  0.3977625E-08  0.1076350E-09  0.0000000E+00  0.0000000E+00  0.0000000E+00  0.0000000E+00  0.0000000E+00  0.0000000E+00
  2.09628  3.75000  0.63500  0.80274  0.4025472E-08  0.1094082E-09  0.4025472E-08  0.1094082E-09  0.0000000E+00  0.0000000E+00  0.0000000E+00  0.0000000E+00  0.0000000E+00  0.0000000E+00
  2.09666  3.75000  0.63600  0.80374  0.4073884E-08  0.1112080E-09  0.4073884E-08  0.1112080E-09  0.0000000E+00  0.0000000E+00  0.0000000E+00  0.0000000E+00  0.0000000E+00  0.0000000E+00
  2.09705  3.75000  0.63700  0.80474  0.4122870E-08  0.1130347E-09  0.4122870E-08  0.1130347E-09  0.0000000E+00  0.0000000E+00  0.0000000E+00  0.0000000E+00  0.0000000E+00  0.0000000E+00
  2.09743  3.75000  0.63800  0.80574  0.4172435E-08  0.1148888E-09  0.4172435E-08  0.1148888E-09  0.0000000E+00  0.0000000E+00  0.0000000E+00  0.0000000E+00  0.0000000E+00  0.0000000E+00
  2.09782  3.75000  0.63900  0.80674  0.4222587E-08  0.1167705E-09  0.4222587E-08  0.1167705E-09  0.0000000E+00  0.0000000E+00  0.0000000E+00  0.0000000E+00  0.0000000E+00  0.0000000E+00
  2.09820  3.75000  0.64000  0.80774  0.4273333E-08  0.1186804E-09  0.4273333E-08  0.1186804E-09  0.0000000E+00  0.0000000E+00  0.0000000E+00  0.0000000E+00  0.0000000E+00  0.0000000E+00
  2.09859  3.75000  0.64100  0.80874  0.4324679E-08  0.1206187E-09  0.4324679E-08  0.1206187E-09  0.0000000E+00  0.0000000E+00  0.0000000E+00  0.0000000E+00  0.0000000E+00  0.0000000E+00
  2.09897  3.75000  0.64200  0.80974  0.4376632E-08  0.1225859E-09  0.4376632E-08  0.1225859E-09  0.0000000E+00  0.0000000E+00  0.0000000E+00  0.0000000E+00  0.0000000E+00  0.0000000E+00
  2.09936  3.75000  0.64300  0.81074  0.4429199E-08  0.1245824E-09  0.4429199E-08  0.1245824E-09  0.0000000E+00  0.0000000E+00  0.0000000E+00  0.0000000E+00  0.0000000E+00  0.0000000E+00
  2.09974  3.75000  0.64400  0.81174  0.4482389E-08  0.1266085E-09  0.4482389E-08  0.1266085E-09  0.0000000E+00  0.0000000E+00  0.0000000E+00  0.0000000E+00  0.0000000E+00  0.0000000E+00
  2.10013  3.75000  0.64500  0.81274  0.4536207E-08  0.1286648E-09  0.4536207E-08  0.1286648E-09  0.0000000E+00  0.0000000E+00  0.0000000E+00  0.0000000E+00  0.0000000E+00  0.0000000E+00
  2.10052  3.75000  0.64600  0.81374  0.4590661E-08  0.1307517E-09  0.4590661E-08  0.1307517E-09  0.0000000E+00  0.0000000E+00  0.0000000E+00  0.0000000E+00  0.0000000E+00  0.0000000E+00
  2.10091  3.75000  0.64700  0.81474  0.4645759E-08  0.1328695E-09  0.4645759E-08  0.1328695E-09  0.0000000E+00  0.0000000E+00  0.0000000E+00  0.0000000E+00  0.0000000E+00  0.0000000E+00
  2.10129  3.75000  0.64800  0.81574  0.4701508E-08  0.1350187E-09  0.4701508E-08  0.1350187E-09  0.0000000E+00  0.0000000E+00  0.0000000E+00  0.0000000E+00  0.0000000E+00  0.0000000E+00
  2.10168  3.75000  0.64900  0.81674  0.4757916E-08  0.1371997E-09  0.4757916E-08  0.1371997E-09  0.0000000E+00  0.0000000E+00  0.0000000E+00  0.0000000E+00  0.0000000E+00  0.0000000E+00
  2.10207  3.75000  0.65000  0.81774  0.4814991E-08  0.1394130E-09  0.4814991E-08  0.1394130E-09  0.0000000E+00  0.0000000E+00  0.0000000E+00  0.0000000E+00  0.0000000E+00  0.0000000E+00
  2.10246  3.75000  0.65100  0.81874  0.4872740E-08  0.1416591E-09  0.4872740E-08  0.1416591E-09  0.0000000E+00  0.0000000E+00  0.0000000E+00  0.0000000E+00  0.0000000E+00  0.0000000E+00
  2.10285  3.75000  0.65200  0.81974  0.4931170E-08  0.1439383E-09  0.4931170E-08  0.1439383E-09  0.0000000E+00  0.0000000E+00  0.0000000E+00  0.0000000E+00  0.0000000E+00  0.0000000E+00
  2.10324  3.75000  0.65300  0.82074  0.4990291E-08  0.1462512E-09  0.4990291E-08  0.1462512E-09  0.0000000E+00  0.0000000E+00  0.0000000E+00  0.0000000E+00  0.0000000E+00  0.0000000E+00
  2.10363  3.75000  0.65400  0.82174  0.5050111E-08  0.1485982E-09  0.5050111E-08  0.1485982E-09  0.0000000E+00  0.0000000E+00  0.0000000E+00  0.0000000E+00  0.0000000E+00  0.0000000E+00
  2.10402  3.75000  0.65500  0.82274  0.5110636E-08  0.1509798E-09  0.5110636E-08  0.1509798E-09  0.0000000E+00  0.0000000E+00  0.0000000E+00  0.0000000E+00  0.0000000E+00  0.0000000E+00
  2.10441  3.75000  0.65600  0.82374  0.5171876E-08  0.1533965E-09  0.5171876E-08  0.1533965E-09  0.0000000E+00  0.0000000E+00  0.0000000E+00  0.0000000E+00  0.0000000E+00  0.0000000E+00
  2.10480  3.75000  0.65700  0.82474  0.5233838E-08  0.1558488E-09  0.5233838E-08  0.1558488E-09  0.0000000E+00  0.0000000E+00  0.0000000E+00  0.0000000E+00  0.0000000E+00  0.0000000E+00
  2.10520  3.75000  0.65800  0.82574  0.5296532E-08  0.1583371E-09  0.5296532E-08  0.1583371E-09  0.0000000E+00  0.0000000E+00  0.0000000E+00  0.0000000E+00  0.0000000E+00  0.0000000E+00
  2.10559  3.75000  0.65900  0.82674  0.5359966E-08  0.1608620E-09  0.5359966E-08  0.1608620E-09  0.0000000E+00  0.0000000E+00  0.0000000E+00  0.0000000E+00  0.0000000E+00  0.0000000E+00
  2.10598  3.75000  0.66000  0.82774  0.5424148E-08  0.1634239E-09  0.5424148E-08  0.1634239E-09  0.0000000E+00  0.0000000E+00  0.0000000E+00  0.0000000E+00  0.0000000E+00  0.0000000E+00
  2.10637  3.75000  0.66100  0.82874  0.5489088E-08  0.1660235E-09  0.5489088E-08  0.1660235E-09  0.0000000E+00  0.0000000E+00  0.0000000E+00  0.0000000E+00  0.0000000E+00  0.0000000E+00
  2.10677  3.75000  0.66200  0.82974  0.5554793E-08  0.1686611E-09  0.5554793E-08  0.1686611E-09  0.0000000E+00  0.0000000E+00  0.0000000E+00  0.0000000E+00  0.0000000E+00  0.0000000E+00
  2.10716  3.75000  0.66300  0.83074  0.5621274E-08  0.1713374E-09  0.5621274E-08  0.1713374E-09  0.0000000E+00  0.0000000E+00  0.0000000E+00  0.0000000E+00  0.0000000E+00  0.0000000E+00
  2.10756  3.75000  0.66400  0.83174  0.5688538E-08  0.1740528E-09  0.5688538E-08  0.1740528E-09  0.0000000E+00  0.0000000E+00  0.0000000E+00  0.0000000E+00  0.0000000E+00  0.0000000E+00
  2.10795  3.75000  0.66500  0.83274  0.5756595E-08  0.1768080E-09  0.5756595E-08  0.1768080E-09  0.0000000E+00  0.0000000E+00  0.0000000E+00  0.0000000E+00  0.0000000E+00  0.0000000E+00
  2.10835  3.75000  0.66600  0.83374  0.5825455E-08  0.1796034E-09  0.5825455E-08  0.1796034E-09  0.0000000E+00  0.0000000E+00  0.0000000E+00  0.0000000E+00  0.0000000E+00  0.0000000E+00
  2.10874  3.75000  0.66700  0.83474  0.5895126E-08  0.1824397E-09  0.5895126E-08  0.1824397E-09  0.0000000E+00  0.0000000E+00  0.0000000E+00  0.0000000E+00  0.0000000E+00  0.0000000E+00
  2.10914  3.75000  0.66800  0.83574  0.5965619E-08  0.1853173E-09  0.5965619E-08  0.1853173E-09  0.0000000E+00  0.0000000E+00  0.0000000E+00  0.0000000E+00  0.0000000E+00  0.0000000E+00
  2.10953  3.75000  0.66900  0.83674  0.6036942E-08  0.1882369E-09  0.6036942E-08  0.1882369E-09  0.0000000E+00  0.0000000E+00  0.0000000E+00  0.0000000E+00  0.0000000E+00  0.0000000E+00
  2.10993  3.75000  0.67000  0.83774  0.6109106E-08  0.1911991E-09  0.6109106E-08  0.1911991E-09  0.0000000E+00  0.0000000E+00  0.0000000E+00  0.0000000E+00  0.0000000E+00  0.0000000E+00
  2.11033  3.75000  0.67100  0.83874  0.6182119E-08  0.1942043E-09  0.6182119E-08  0.1942043E-09  0.0000000E+00  0.0000000E+00  0.0000000E+00  0.0000000E+00  0.0000000E+00  0.0000000E+00
  2.11073  3.75000  0.67200  0.83974  0.6255993E-08  0.1972533E-09  0.6255993E-08  0.1972533E-09  0.0000000E+00  0.0000000E+00  0.0000000E+00  0.0000000E+00  0.0000000E+00  0.0000000E+00
  2.11112  3.75000  0.67300  0.84074  0.6330737E-08  0.2003466E-09  0.6330737E-08  0.2003466E-09  0.0000000E+00  0.0000000E+00  0.0000000E+00  0.0000000E+00  0.0000000E+00  0.0000000E+00
  2.11152  3.75000  0.67400  0.84174  0.6406361E-08  0.2034849E-09  0.6406361E-08  0.2034849E-09  0.0000000E+00  0.0000000E+00  0.0000000E+00  0.0000000E+00  0.0000000E+00  0.0000000E+00
  2.11192  3.75000  0.67500  0.84274  0.6482876E-08  0.2066687E-09  0.6482876E-08  0.2066687E-09  0.0000000E+00  0.0000000E+00  0.0000000E+00  0.0000000E+00  0.0000000E+00  0.0000000E+00
  2.11232  3.75000  0.67600  0.84374  0.6560291E-08  0.2098987E-09  0.6560291E-08  0.2098987E-09  0.0000000E+00  0.0000000E+00  0.0000000E+00  0.0000000E+00  0.0000000E+00  0.0000000E+00
  2.11272  3.75000  0.67700  0.84474  0.6638618E-08  0.2131756E-09  0.6638618E-08  0.2131756E-09  0.0000000E+00  0.0000000E+00  0.0000000E+00  0.0000000E+00  0.0000000E+00  0.0000000E+00
  2.11312  3.75000  0.67800  0.84574  0.6717867E-08  0.2164999E-09  0.6717867E-08  0.2164999E-09  0.0000000E+00  0.0000000E+00  0.0000000E+00  0.0000000E+00  0.0000000E+00  0.0000000E+00
  2.11352  3.75000  0.67900  0.84674  0.6798048E-08  0.2198723E-09  0.6798048E-08  0.2198723E-09  0.0000000E+00  0.0000000E+00  0.0000000E+00  0.0000000E+00  0.0000000E+00  0.0000000E+00
  2.11392  3.75000  0.68000  0.84774  0.6879173E-08  0.2232935E-09  0.6879173E-08  0.2232935E-09  0.0000000E+00  0.0000000E+00  0.0000000E+00  0.0000000E+00  0.0000000E+00  0.0000000E+00
  2.11432  3.75000  0.68100  0.84874  0.6961253E-08  0.2267641E-09  0.6961253E-08  0.2267641E-09  0.0000000E+00  0.0000000E+00  0.0000000E+00  0.0000000E+00  0.0000000E+00  0.0000000E+00
  2.11472  3.75000  0.68200  0.84974  0.7044298E-08  0.2302849E-09  0.7044298E-08  0.2302849E-09  0.0000000E+00  0.0000000E+00  0.0000000E+00  0.0000000E+00  0.0000000E+00  0.0000000E+00
  2.11513  3.75000  0.68300  0.85074  0.7128320E-08  0.2338565E-09  0.7128320E-08  0.2338565E-09  0.0000000E+00  0.0000000E+00  0.0000000E+00  0.0000000E+00  0.0000000E+00  0.0000000E+00
  2.11553  3.75000  0.68400  0.85174  0.7213330E-08  0.2374797E-09  0.7213330E-08  0.2374797E-09  0.0000000E+00  0.0000000E+00  0.0000000E+00  0.0000000E+00  0.0000000E+00  0.0000000E+00
  2.11593  3.75000  0.68500  0.85274  0.7299340E-08  0.2411550E-09  0.7299340E-08  0.2411550E-09  0.0000000E+00  0.0000000E+00  0.0000000E+00  0.0000000E+00  0.0000000E+00  0.0000000E+00
  2.11634  3.75000  0.68600  0.85374  0.7386361E-08  0.2448833E-09  0.7386361E-08  0.2448833E-09  0.0000000E+00  0.0000000E+00  0.0000000E+00  0.0000000E+00  0.0000000E+00  0.0000000E+00
  2.11674  3.75000  0.68700  0.85474  0.7474406E-08  0.2486653E-09  0.7474406E-08  0.2486653E-09  0.0000000E+00  0.0000000E+00  0.0000000E+00  0.0000000E+00  0.0000000E+00  0.0000000E+00
  2.11714  3.75000  0.68800  0.85574  0.7563485E-08  0.2525017E-09  0.7563485E-08  0.2525017E-09  0.0000000E+00  0.0000000E+00  0.0000000E+00  0.0000000E+00  0.0000000E+00  0.0000000E+00
  2.11755  3.75000  0.68900  0.85674  0.7653611E-08  0.2563932E-09  0.7653611E-08  0.2563932E-09  0.0000000E+00  0.0000000E+00  0.0000000E+00  0.0000000E+00  0.0000000E+00  0.0000000E+00
  2.11795  3.75000  0.69000  0.85774  0.7744797E-08  0.2603407E-09  0.7744797E-08  0.2603407E-09  0.0000000E+00  0.0000000E+00  0.0000000E+00  0.0000000E+00  0.0000000E+00  0.0000000E+00
  2.11836  3.75000  0.69100  0.85874  0.7837054E-08  0.2643448E-09  0.7837054E-08  0.2643448E-09  0.0000000E+00  0.0000000E+00  0.0000000E+00  0.0000000E+00  0.0000000E+00  0.0000000E+00
  2.11876  3.75000  0.69200  0.85974  0.7930395E-08  0.2684063E-09  0.7930395E-08  0.2684063E-09  0.0000000E+00  0.0000000E+00  0.0000000E+00  0.0000000E+00  0.0000000E+00  0.0000000E+00
  2.11917  3.75000  0.69300  0.86074  0.8024833E-08  0.2725261E-09  0.8024833E-08  0.2725261E-09  0.0000000E+00  0.0000000E+00  0.0000000E+00  0.0000000E+00  0.0000000E+00  0.0000000E+00
  2.11957  3.75000  0.69400  0.86174  0.8120380E-08  0.2767049E-09  0.8120380E-08  0.2767049E-09  0.0000000E+00  0.0000000E+00  0.0000000E+00  0.0000000E+00  0.0000000E+00  0.0000000E+00
  2.11998  3.75000  0.69500  0.86274  0.8217050E-08  0.2809436E-09  0.8217050E-08  0.2809436E-09  0.0000000E+00  0.0000000E+00  0.0000000E+00  0.0000000E+00  0.0000000E+00  0.0000000E+00
  2.12039  3.75000  0.69600  0.86374  0.8314855E-08  0.2852429E-09  0.8314855E-08  0.2852429E-09  0.0000000E+00  0.0000000E+00  0.0000000E+00  0.0000000E+00  0.0000000E+00  0.0000000E+00
  2.12080  3.75000  0.69700  0.86474  0.8413808E-08  0.2896036E-09  0.8413808E-08  0.2896036E-09  0.0000000E+00  0.0000000E+00  0.0000000E+00  0.0000000E+00  0.0000000E+00  0.0000000E+00
  2.12120  3.75000  0.69800  0.86574  0.8513923E-08  0.2940267E-09  0.8513923E-08  0.2940267E-09  0.0000000E+00  0.0000000E+00  0.0000000E+00  0.0000000E+00  0.0000000E+00  0.0000000E+00
  2.12161  3.75000  0.69900  0.86674  0.8615213E-08  0.2985130E-09  0.8615213E-08  0.2985130E-09  0.0000000E+00  0.0000000E+00  0.0000000E+00  0.0000000E+00  0.0000000E+00  0.0000000E+00
  2.12202  3.75000  0.70000  0.86774  0.8717693E-08  0.3030633E-09  0.8717693E-08  0.3030633E-09  0.0000000E+00  0.0000000E+00  0.0000000E+00  0.0000000E+00  0.0000000E+00  0.0000000E+00
  2.12243  3.75000  0.70100  0.86874  0.8821375E-08  0.3076784E-09  0.8821375E-08  0.3076784E-09  0.0000000E+00  0.0000000E+00  0.0000000E+00  0.0000000E+00  0.0000000E+00  0.0000000E+00
  2.12284  3.75000  0.70200  0.86974  0.8926274E-08  0.3123594E-09  0.8926274E-08  0.3123594E-09  0.0000000E+00  0.0000000E+00  0.0000000E+00  0.0000000E+00  0.0000000E+00  0.0000000E+00
  2.12325  3.75000  0.70300  0.87074  0.9032404E-08  0.3171071E-09  0.9032404E-08  0.3171071E-09  0.0000000E+00  0.0000000E+00  0.0000000E+00  0.0000000E+00  0.0000000E+00  0.0000000E+00
  2.12366  3.75000  0.70400  0.87174  0.9139779E-08  0.3219223E-09  0.9139779E-08  0.3219223E-09  0.0000000E+00  0.0000000E+00  0.0000000E+00  0.0000000E+00  0.0000000E+00  0.0000000E+00
  2.12407  3.75000  0.70500  0.87274  0.9248414E-08  0.3268060E-09  0.9248414E-08  0.3268060E-09  0.0000000E+00  0.0000000E+00  0.0000000E+00  0.0000000E+00  0.0000000E+00  0.0000000E+00
  2.12448  3.75000  0.70600  0.87374  0.9358323E-08  0.3317592E-09  0.9358323E-08  0.3317592E-09  0.0000000E+00  0.0000000E+00  0.0000000E+00  0.0000000E+00  0.0000000E+00  0.0000000E+00
  2.12489  3.75000  0.70700  0.87474  0.9469521E-08  0.3367827E-09  0.9469521E-08  0.3367827E-09  0.0000000E+00  0.0000000E+00  0.0000000E+00  0.0000000E+00  0.0000000E+00  0.0000000E+00
  2.12531  3.75000  0.70800  0.87574  0.9582023E-08  0.3418776E-09  0.9582023E-08  0.3418776E-09  0.0000000E+00  0.0000000E+00  0.0000000E+00  0.0000000E+00  0.0000000E+00  0.0000000E+00
  2.12572  3.75000  0.70900  0.87674  0.9695845E-08  0.3470448E-09  0.9695845E-08  0.3470448E-09  0.0000000E+00  0.0000000E+00  0.0000000E+00  0.0000000E+00  0.0000000E+00  0.0000000E+00
  2.12613  3.75000  0.71000  0.87774  0.9811001E-08  0.3522853E-09  0.9811001E-08  0.3522853E-09  0.0000000E+00  0.0000000E+00  0.0000000E+00  0.0000000E+00  0.0000000E+00  0.0000000E+00
  2.12654  3.75000  0.71100  0.87874  0.9927507E-08  0.3576001E-09  0.9927507E-08  0.3576001E-09  0.0000000E+00  0.0000000E+00  0.0000000E+00  0.0000000E+00  0.0000000E+00  0.0000000E+00
  2.12696  3.75000  0.71200  0.87974  0.1004538E-07  0.3629901E-09  0.1004538E-07  0.3629901E-09  0.0000000E+00  0.0000000E+00  0.0000000E+00  0.0000000E+00  0.0000000E+00  0.0000000E+00
  2.12737  3.75000  0.71300  0.88074  0.1016463E-07  0.3684565E-09  0.1016463E-07  0.3684565E-09  0.0000000E+00  0.0000000E+00  0.0000000E+00  0.0000000E+00  0.0000000E+00  0.0000000E+00
  2.12778  3.75000  0.71400  0.88174  0.1028528E-07  0.3740002E-09  0.1028528E-07  0.3740002E-09  0.0000000E+00  0.0000000E+00  0.0000000E+00  0.0000000E+00  0.0000000E+00  0.0000000E+00
  2.12820  3.75000  0.71500  0.88274  0.1040735E-07  0.3796222E-09  0.1040735E-07  0.3796222E-09  0.0000000E+00  0.0000000E+00  0.0000000E+00  0.0000000E+00  0.0000000E+00  0.0000000E+00
  2.12861  3.75000  0.71600  0.88374  0.1053084E-07  0.3853238E-09  0.1053084E-07  0.3853238E-09  0.0000000E+00  0.0000000E+00  0.0000000E+00  0.0000000E+00  0.0000000E+00  0.0000000E+00
  2.12903  3.75000  0.71700  0.88474  0.1065579E-07  0.3911058E-09  0.1065579E-07  0.3911058E-09  0.0000000E+00  0.0000000E+00  0.0000000E+00  0.0000000E+00  0.0000000E+00  0.0000000E+00
  2.12945  3.75000  0.71800  0.88574  0.1078219E-07  0.3969695E-09  0.1078219E-07  0.3969695E-09  0.0000000E+00  0.0000000E+00  0.0000000E+00  0.0000000E+00  0.0000000E+00  0.0000000E+00
  2.12986  3.75000  0.71900  0.88674  0.1091008E-07  0.4029159E-09  0.1091008E-07  0.4029159E-09  0.0000000E+00  0.0000000E+00  0.0000000E+00  0.0000000E+00  0.0000000E+00  0.0000000E+00
  2.13028  3.75000  0.72000  0.88774  0.1103946E-07  0.4089461E-09  0.1103946E-07  0.4089461E-09  0.0000000E+00  0.0000000E+00  0.0000000E+00  0.0000000E+00  0.0000000E+00  0.0000000E+00
  2.13069  3.75000  0.72100  0.88874  0.1117036E-07  0.4150613E-09  0.1117036E-07  0.4150613E-09  0.0000000E+00  0.0000000E+00  0.0000000E+00  0.0000000E+00  0.0000000E+00  0.0000000E+00
  2.13111  3.75000  0.72200  0.88974  0.1130279E-07  0.4212626E-09  0.1130279E-07  0.4212626E-09  0.0000000E+00  0.0000000E+00  0.0000000E+00  0.0000000E+00  0.0000000E+00  0.0000000E+00
  2.13153  3.75000  0.72300  0.89074  0.1143678E-07  0.4275512E-09  0.1143678E-07  0.4275512E-09  0.0000000E+00  0.0000000E+00  0.0000000E+00  0.0000000E+00  0.0000000E+00  0.0000000E+00
  2.13195  3.75000  0.72400  0.89174  0.1157233E-07  0.4339282E-09  0.1157233E-07  0.4339282E-09  0.0000000E+00  0.0000000E+00  0.0000000E+00  0.0000000E+00  0.0000000E+00  0.0000000E+00
  2.13237  3.75000  0.72500  0.89274  0.1170946E-07  0.4403949E-09  0.1170946E-07  0.4403949E-09  0.0000000E+00  0.0000000E+00  0.0000000E+00  0.0000000E+00  0.0000000E+00  0.0000000E+00
  2.13279  3.75000  0.72600  0.89374  0.1184821E-07  0.4469525E-09  0.1184821E-07  0.4469525E-09  0.0000000E+00  0.0000000E+00  0.0000000E+00  0.0000000E+00  0.0000000E+00  0.0000000E+00
  2.13320  3.75000  0.72700  0.89474  0.1198857E-07  0.4536021E-09  0.1198857E-07  0.4536021E-09  0.0000000E+00  0.0000000E+00  0.0000000E+00  0.0000000E+00  0.0000000E+00  0.0000000E+00
  2.13362  3.75000  0.72800  0.89574  0.1213058E-07  0.4603450E-09  0.1213058E-07  0.4603450E-09  0.0000000E+00  0.0000000E+00  0.0000000E+00  0.0000000E+00  0.0000000E+00  0.0000000E+00
  2.13404  3.75000  0.72900  0.89674  0.1227425E-07  0.4671825E-09  0.1227425E-07  0.4671825E-09  0.0000000E+00  0.0000000E+00  0.0000000E+00  0.0000000E+00  0.0000000E+00  0.0000000E+00
  2.13446  3.75000  0.73000  0.89774  0.1241961E-07  0.4741159E-09  0.1241961E-07  0.4741159E-09  0.0000000E+00  0.0000000E+00  0.0000000E+00  0.0000000E+00  0.0000000E+00  0.0000000E+00
  2.13489  3.75000  0.73100  0.89874  0.1256666E-07  0.4811464E-09  0.1256666E-07  0.4811464E-09  0.0000000E+00  0.0000000E+00  0.0000000E+00  0.0000000E+00  0.0000000E+00  0.0000000E+00
  2.13531  3.75000  0.73200  0.89974  0.1271543E-07  0.4882754E-09  0.1271543E-07  0.4882754E-09  0.0000000E+00  0.0000000E+00  0.0000000E+00  0.0000000E+00  0.0000000E+00  0.0000000E+00
  2.13573  3.75000  0.73300  0.90074  0.1286594E-07  0.4955041E-09  0.1286594E-07  0.4955041E-09  0.0000000E+00  0.0000000E+00  0.0000000E+00  0.0000000E+00  0.0000000E+00  0.0000000E+00
  2.13615  3.75000  0.73400  0.90174  0.1301821E-07  0.5028340E-09  0.1301821E-07  0.5028340E-09  0.0000000E+00  0.0000000E+00  0.0000000E+00  0.0000000E+00  0.0000000E+00  0.0000000E+00
  2.13657  3.75000  0.73500  0.90274  0.1317227E-07  0.5102663E-09  0.1317227E-07  0.5102663E-09  0.0000000E+00  0.0000000E+00  0.0000000E+00  0.0000000E+00  0.0000000E+00  0.0000000E+00
  2.13700  3.75000  0.73600  0.90374  0.1332812E-07  0.5178024E-09  0.1332812E-07  0.5178024E-09  0.0000000E+00  0.0000000E+00  0.0000000E+00  0.0000000E+00  0.0000000E+00  0.0000000E+00
  2.13742  3.75000  0.73700  0.90474  0.1348580E-07  0.5254438E-09  0.1348580E-07  0.5254438E-09  0.0000000E+00  0.0000000E+00  0.0000000E+00  0.0000000E+00  0.0000000E+00  0.0000000E+00
  2.13784  3.75000  0.73800  0.90574  0.1364532E-07  0.5331919E-09  0.1364532E-07  0.5331919E-09  0.0000000E+00  0.0000000E+00  0.0000000E+00  0.0000000E+00  0.0000000E+00  0.0000000E+00
  2.13827  3.75000  0.73900  0.90674  0.1380670E-07  0.5410480E-09  0.1380670E-07  0.5410480E-09  0.0000000E+00  0.0000000E+00  0.0000000E+00  0.0000000E+00  0.0000000E+00  0.0000000E+00
  2.13869  3.75000  0.74000  0.90774  0.1396997E-07  0.5490137E-09  0.1396997E-07  0.5490137E-09  0.0000000E+00  0.0000000E+00  0.0000000E+00  0.0000000E+00  0.0000000E+00  0.0000000E+00
  2.13911  3.75000  0.74100  0.90874  0.1413515E-07  0.5570904E-09  0.1413515E-07  0.5570904E-09  0.0000000E+00  0.0000000E+00  0.0000000E+00  0.0000000E+00  0.0000000E+00  0.0000000E+00
  2.13954  3.75000  0.74200  0.90974  0.1430226E-07  0.5652795E-09  0.1430226E-07  0.5652795E-09  0.0000000E+00  0.0000000E+00  0.0000000E+00  0.0000000E+00  0.0000000E+00  0.0000000E+00
  2.13996  3.75000  0.74300  0.91074  0.1447132E-07  0.5735827E-09  0.1447132E-07  0.5735827E-09  0.0000000E+00  0.0000000E+00  0.0000000E+00  0.0000000E+00  0.0000000E+00  0.0000000E+00
  2.14039  3.75000  0.74400  0.91174  0.1464235E-07  0.5820014E-09  0.1464235E-07  0.5820014E-09  0.0000000E+00  0.0000000E+00  0.0000000E+00  0.0000000E+00  0.0000000E+00  0.0000000E+00
  2.14082  3.75000  0.74500  0.91274  0.1481539E-07  0.5905371E-09  0.1481539E-07  0.5905371E-09  0.0000000E+00  0.0000000E+00  0.0000000E+00  0.0000000E+00  0.0000000E+00  0.0000000E+00
  2.14124  3.75000  0.74600  0.91374  0.1499044E-07  0.5991915E-09  0.1499044E-07  0.5991915E-09  0.0000000E+00  0.0000000E+00  0.0000000E+00  0.0000000E+00  0.0000000E+00  0.0000000E+00
  2.14167  3.75000  0.74700  0.91474  0.1516754E-07  0.6079661E-09  0.1516754E-07  0.6079661E-09  0.0000000E+00  0.0000000E+00  0.0000000E+00  0.0000000E+00  0.0000000E+00  0.0000000E+00
  2.14210  3.75000  0.74800  0.91574  0.1534671E-07  0.6168625E-09  0.1534671E-07  0.6168625E-09  0.0000000E+00  0.0000000E+00  0.0000000E+00  0.0000000E+00  0.0000000E+00  0.0000000E+00
  2.14253  3.75000  0.74900  0.91674  0.1552797E-07  0.6258824E-09  0.1552797E-07  0.6258824E-09  0.0000000E+00  0.0000000E+00  0.0000000E+00  0.0000000E+00  0.0000000E+00  0.0000000E+00
  2.14295  3.75000  0.75000  0.91774  0.1571135E-07  0.6350273E-09  0.1571135E-07  0.6350273E-09  0.0000000E+00  0.0000000E+00  0.0000000E+00  0.0000000E+00  0.0000000E+00  0.0000000E+00
  2.14338  3.75000  0.75100  0.91874  0.1589686E-07  0.6442991E-09  0.1589686E-07  0.6442991E-09  0.0000000E+00  0.0000000E+00  0.0000000E+00  0.0000000E+00  0.0000000E+00  0.0000000E+00
  2.14381  3.75000  0.75200  0.91974  0.1608455E-07  0.6536993E-09  0.1608455E-07  0.6536993E-09  0.0000000E+00  0.0000000E+00  0.0000000E+00  0.0000000E+00  0.0000000E+00  0.0000000E+00
  2.14424  3.75000  0.75300  0.92074  0.1627442E-07  0.6632297E-09  0.1627442E-07  0.6632297E-09  0.0000000E+00  0.0000000E+00  0.0000000E+00  0.0000000E+00  0.0000000E+00  0.0000000E+00
  2.14467  3.75000  0.75400  0.92174  0.1646651E-07  0.6728921E-09  0.1646651E-07  0.6728921E-09  0.0000000E+00  0.0000000E+00  0.0000000E+00  0.0000000E+00  0.0000000E+00  0.0000000E+00
  2.14510  3.75000  0.75500  0.92274  0.1666084E-07  0.6826881E-09  0.1666084E-07  0.6826881E-09  0.0000000E+00  0.0000000E+00  0.0000000E+00  0.0000000E+00  0.0000000E+00  0.0000000E+00
  2.14553  3.75000  0.75600  0.92374  0.1685744E-07  0.6926196E-09  0.1685744E-07  0.6926196E-09  0.0000000E+00  0.0000000E+00  0.0000000E+00  0.0000000E+00  0.0000000E+00  0.0000000E+00
  2.14596  3.75000  0.75700  0.92474  0.1705634E-07  0.7026883E-09  0.1705634E-07  0.7026883E-09  0.0000000E+00  0.0000000E+00  0.0000000E+00  0.0000000E+00  0.0000000E+00  0.0000000E+00
  2.14639  3.75000  0.75800  0.92574  0.1725755E-07  0.7128961E-09  0.1725755E-07  0.7128961E-09  0.0000000E+00  0.0000000E+00  0.0000000E+00  0.0000000E+00  0.0000000E+00  0.0000000E+00
  2.14682  3.75000  0.75900  0.92674  0.1746111E-07  0.7232449E-09  0.1746111E-07  0.7232449E-09  0.0000000E+00  0.0000000E+00  0.0000000E+00  0.0000000E+00  0.0000000E+00  0.0000000E+00
  2.14725  3.75000  0.76000  0.92774  0.1766705E-07  0.7337365E-09  0.1766705E-07  0.7337365E-09  0.0000000E+00  0.0000000E+00  0.0000000E+00  0.0000000E+00  0.0000000E+00  0.0000000E+00
  2.14769  3.75000  0.76100  0.92874  0.1787539E-07  0.7443729E-09  0.1787539E-07  0.7443729E-09  0.0000000E+00  0.0000000E+00  0.0000000E+00  0.0000000E+00  0.0000000E+00  0.0000000E+00
  2.14812  3.75000  0.76200  0.92974  0.1808616E-07  0.7551559E-09  0.1808616E-07  0.7551559E-09  0.0000000E+00  0.0000000E+00  0.0000000E+00  0.0000000E+00  0.0000000E+00  0.0000000E+00
  2.14855  3.75000  0.76300  0.93074  0.1829938E-07  0.7660874E-09  0.1829938E-07  0.7660874E-09  0.0000000E+00  0.0000000E+00  0.0000000E+00  0.0000000E+00  0.0000000E+00  0.0000000E+00
  2.14899  3.75000  0.76400  0.93174  0.1851510E-07  0.7771696E-09  0.1851510E-07  0.7771696E-09  0.0000000E+00  0.0000000E+00  0.0000000E+00  0.0000000E+00  0.0000000E+00  0.0000000E+00
  2.14942  3.75000  0.76500  0.93274  0.1873332E-07  0.7884044E-09  0.1873332E-07  0.7884044E-09  0.0000000E+00  0.0000000E+00  0.0000000E+00  0.0000000E+00  0.0000000E+00  0.0000000E+00
  2.14985  3.75000  0.76600  0.93374  0.1895410E-07  0.7997937E-09  0.1895410E-07  0.7997937E-09  0.0000000E+00  0.0000000E+00  0.0000000E+00  0.0000000E+00  0.0000000E+00  0.0000000E+00
  2.15029  3.75000  0.76700  0.93474  0.1917744E-07  0.8113397E-09  0.1917744E-07  0.8113397E-09  0.0000000E+00  0.0000000E+00  0.0000000E+00  0.0000000E+00  0.0000000E+00  0.0000000E+00
  2.15072  3.75000  0.76800  0.93574  0.1940339E-07  0.8230445E-09  0.1940339E-07  0.8230445E-09  0.0000000E+00  0.0000000E+00  0.0000000E+00  0.0000000E+00  0.0000000E+00  0.0000000E+00
  2.15116  3.75000  0.76900  0.93674  0.1963197E-07  0.8349101E-09  0.1963197E-07  0.8349101E-09  0.0000000E+00  0.0000000E+00  0.0000000E+00  0.0000000E+00  0.0000000E+00  0.0000000E+00
  2.15159  3.75000  0.77000  0.93774  0.1986322E-07  0.8469386E-09  0.1986322E-07  0.8469386E-09  0.0000000E+00  0.0000000E+00  0.0000000E+00  0.0000000E+00  0.0000000E+00  0.0000000E+00
  2.15203  3.75000  0.77100  0.93874  0.2009716E-07  0.8591323E-09  0.2009716E-07  0.8591323E-09  0.0000000E+00  0.0000000E+00  0.0000000E+00  0.0000000E+00  0.0000000E+00  0.0000000E+00
  2.15247  3.75000  0.77200  0.93974  0.2033383E-07  0.8714934E-09  0.2033383E-07  0.8714934E-09  0.0000000E+00  0.0000000E+00  0.0000000E+00  0.0000000E+00  0.0000000E+00  0.0000000E+00
  2.15290  3.75000  0.77300  0.94074  0.2057326E-07  0.8840240E-09  0.2057326E-07  0.8840240E-09  0.0000000E+00  0.0000000E+00  0.0000000E+00  0.0000000E+00  0.0000000E+00  0.0000000E+00
  2.15334  3.75000  0.77400  0.94174  0.2081547E-07  0.8967264E-09  0.2081547E-07  0.8967264E-09  0.0000000E+00  0.0000000E+00  0.0000000E+00  0.0000000E+00  0.0000000E+00  0.0000000E+00
  2.15378  3.75000  0.77500  0.94274  0.2106051E-07  0.9096029E-09  0.2106051E-07  0.9096029E-09  0.0000000E+00  0.0000000E+00  0.0000000E+00  0.0000000E+00  0.0000000E+00  0.0000000E+00
  2.15422  3.75000  0.77600  0.94374  0.2130840E-07  0.9226557E-09  0.2130840E-07  0.9226557E-09  0.0000000E+00  0.0000000E+00  0.0000000E+00  0.0000000E+00  0.0000000E+00  0.0000000E+00
  2.15465  3.75000  0.77700  0.94474  0.2155918E-07  0.9358873E-09  0.2155918E-07  0.9358873E-09  0.0000000E+00  0.0000000E+00  0.0000000E+00  0.0000000E+00  0.0000000E+00  0.0000000E+00
  2.15509  3.75000  0.77800  0.94574  0.2181288E-07  0.9492999E-09  0.2181288E-07  0.9492999E-09  0.0000000E+00  0.0000000E+00  0.0000000E+00  0.0000000E+00  0.0000000E+00  0.0000000E+00
  2.15553  3.75000  0.77900  0.94674  0.2206954E-07  0.9628960E-09  0.2206954E-07  0.9628960E-09  0.0000000E+00  0.0000000E+00  0.0000000E+00  0.0000000E+00  0.0000000E+00  0.0000000E+00
  2.15597  3.75000  0.78000  0.94774  0.2232918E-07  0.9766780E-09  0.2232918E-07  0.9766780E-09  0.0000000E+00  0.0000000E+00  0.0000000E+00  0.0000000E+00  0.0000000E+00  0.0000000E+00
  2.15641  3.75000  0.78100  0.94874  0.2259185E-07  0.9906484E-09  0.2259185E-07  0.9906484E-09  0.0000000E+00  0.0000000E+00  0.0000000E+00  0.0000000E+00  0.0000000E+00  0.0000000E+00
  2.15685  3.75000  0.78200  0.94974  0.2285757E-07  0.1004810E-08  0.2285757E-07  0.1004810E-08  0.0000000E+00  0.0000000E+00  0.0000000E+00  0.0000000E+00  0.0000000E+00  0.0000000E+00
  2.15729  3.75000  0.78300  0.95074  0.2312639E-07  0.1019164E-08  0.2312639E-07  0.1019164E-08  0.0000000E+00  0.0000000E+00  0.0000000E+00  0.0000000E+00  0.0000000E+00  0.0000000E+00
  2.15773  3.75000  0.78400  0.95174  0.2339834E-07  0.1033715E-08  0.2339834E-07  0.1033715E-08  0.0000000E+00  0.0000000E+00  0.0000000E+00  0.0000000E+00  0.0000000E+00  0.0000000E+00
  2.15817  3.75000  0.78500  0.95274  0.2367345E-07  0.1048464E-08  0.2367345E-07  0.1048464E-08  0.0000000E+00  0.0000000E+00  0.0000000E+00  0.0000000E+00  0.0000000E+00  0.0000000E+00
  2.15862  3.75000  0.78600  0.95374  0.2395176E-07  0.1063414E-08  0.2395176E-07  0.1063414E-08  0.0000000E+00  0.0000000E+00  0.0000000E+00  0.0000000E+00  0.0000000E+00  0.0000000E+00
  2.15906  3.75000  0.78700  0.95474  0.2423332E-07  0.1078568E-08  0.2423332E-07  0.1078568E-08  0.0000000E+00  0.0000000E+00  0.0000000E+00  0.0000000E+00  0.0000000E+00  0.0000000E+00
  2.15950  3.75000  0.78800  0.95574  0.2451815E-07  0.1093928E-08  0.2451815E-07  0.1093928E-08  0.0000000E+00  0.0000000E+00  0.0000000E+00  0.0000000E+00  0.0000000E+00  0.0000000E+00
  2.15994  3.75000  0.78900  0.95674  0.2480630E-07  0.1109498E-08  0.2480630E-07  0.1109498E-08  0.0000000E+00  0.0000000E+00  0.0000000E+00  0.0000000E+00  0.0000000E+00  0.0000000E+00
  2.16039  3.75000  0.79000  0.95774  0.2509779E-07  0.1125279E-08  0.2509779E-07  0.1125279E-08  0.0000000E+00  0.0000000E+00  0.0000000E+00  0.0000000E+00  0.0000000E+00  0.0000000E+00
  2.16083  3.75000  0.79100  0.95874  0.2539268E-07  0.1141276E-08  0.2539268E-07  0.1141276E-08  0.0000000E+00  0.0000000E+00  0.0000000E+00  0.0000000E+00  0.0000000E+00  0.0000000E+00
  2.16127  3.75000  0.79200  0.95974  0.2569100E-07  0.1157490E-08  0.2569100E-07  0.1157490E-08  0.0000000E+00  0.0000000E+00  0.0000000E+00  0.0000000E+00  0.0000000E+00  0.0000000E+00
  2.16172  3.75000  0.79300  0.96074  0.2599279E-07  0.1173924E-08  0.2599279E-07  0.1173924E-08  0.0000000E+00  0.0000000E+00  0.0000000E+00  0.0000000E+00  0.0000000E+00  0.0000000E+00
  2.16216  3.75000  0.79400  0.96174  0.2629809E-07  0.1190582E-08  0.2629809E-07  0.1190582E-08  0.0000000E+00  0.0000000E+00  0.0000000E+00  0.0000000E+00  0.0000000E+00  0.0000000E+00
  2.16261  3.75000  0.79500  0.96274  0.2660695E-07  0.1207466E-08  0.2660695E-07  0.1207466E-08  0.0000000E+00  0.0000000E+00  0.0000000E+00  0.0000000E+00  0.0000000E+00  0.0000000E+00
  2.16305  3.75000  0.79600  0.96374  0.2691939E-07  0.1224579E-08  0.2691939E-07  0.1224579E-08  0.0000000E+00  0.0000000E+00  0.0000000E+00  0.0000000E+00  0.0000000E+00  0.0000000E+00
  2.16350  3.75000  0.79700  0.96474  0.2723547E-07  0.1241924E-08  0.2723547E-07  0.1241924E-08  0.0000000E+00  0.0000000E+00  0.0000000E+00  0.0000000E+00  0.0000000E+00  0.0000000E+00
  2.16394  3.75000  0.79800  0.96574  0.2755522E-07  0.1259505E-08  0.2755522E-07  0.1259505E-08  0.0000000E+00  0.0000000E+00  0.0000000E+00  0.0000000E+00  0.0000000E+00  0.0000000E+00
  2.16439  3.75000  0.79900  0.96674  0.2787869E-07  0.1277324E-08  0.2787869E-07  0.1277324E-08  0.0000000E+00  0.0000000E+00  0.0000000E+00  0.0000000E+00  0.0000000E+00  0.0000000E+00
  2.16484  3.75000  0.80000  0.96774  0.2820592E-07  0.1295385E-08  0.2820592E-07  0.1295385E-08  0.0000000E+00  0.0000000E+00  0.0000000E+00  0.0000000E+00  0.0000000E+00  0.0000000E+00
  2.16529  3.75000  0.80100  0.96874  0.2853696E-07  0.1313691E-08  0.2853696E-07  0.1313691E-08  0.0000000E+00  0.0000000E+00  0.0000000E+00  0.0000000E+00  0.0000000E+00  0.0000000E+00
  2.16573  3.75000  0.80200  0.96974  0.2887184E-07  0.1332244E-08  0.2887184E-07  0.1332244E-08  0.0000000E+00  0.0000000E+00  0.0000000E+00  0.0000000E+00  0.0000000E+00  0.0000000E+00
  2.16618  3.75000  0.80300  0.97074  0.2921062E-07  0.1351049E-08  0.2921062E-07  0.1351049E-08  0.0000000E+00  0.0000000E+00  0.0000000E+00  0.0000000E+00  0.0000000E+00  0.0000000E+00
  2.16663  3.75000  0.80400  0.97174  0.2955333E-07  0.1370108E-08  0.2955333E-07  0.1370108E-08  0.0000000E+00  0.0000000E+00  0.0000000E+00  0.0000000E+00  0.0000000E+00  0.0000000E+00
  2.16708  3.75000  0.80500  0.97274  0.2990003E-07  0.1389426E-08  0.2990003E-07  0.1389426E-08  0.0000000E+00  0.0000000E+00  0.0000000E+00  0.0000000E+00  0.0000000E+00  0.0000000E+00
  2.16753  3.75000  0.80600  0.97374  0.3025076E-07  0.1409004E-08  0.3025076E-07  0.1409004E-08  0.0000000E+00  0.0000000E+00  0.0000000E+00  0.0000000E+00  0.0000000E+00  0.0000000E+00
  2.16798  3.75000  0.80700  0.97474  0.3060556E-07  0.1428847E-08  0.3060556E-07  0.1428847E-08  0.0000000E+00  0.0000000E+00  0.0000000E+00  0.0000000E+00  0.0000000E+00  0.0000000E+00
  2.16843  3.75000  0.80800  0.97574  0.3096448E-07  0.1448958E-08  0.3096448E-07  0.1448958E-08  0.0000000E+00  0.0000000E+00  0.0000000E+00  0.0000000E+00  0.0000000E+00  0.0000000E+00
  2.16888  3.75000  0.80900  0.97674  0.3132758E-07  0.1469341E-08  0.3132758E-07  0.1469341E-08  0.0000000E+00  0.0000000E+00  0.0000000E+00  0.0000000E+00  0.0000000E+00  0.0000000E+00
  2.16933  3.75000  0.81000  0.97774  0.3169489E-07  0.1489999E-08  0.3169489E-07  0.1489999E-08  0.0000000E+00  0.0000000E+00  0.0000000E+00  0.0000000E+00  0.0000000E+00  0.0000000E+00
  2.16978  3.75000  0.81100  0.97874  0.3206647E-07  0.1510936E-08  0.3206647E-07  0.1510936E-08  0.0000000E+00  0.0000000E+00  0.0000000E+00  0.0000000E+00  0.0000000E+00  0.0000000E+00
  2.17023  3.75000  0.81200  0.97974  0.3244237E-07  0.1532155E-08  0.3244237E-07  0.1532155E-08  0.0000000E+00  0.0000000E+00  0.0000000E+00  0.0000000E+00  0.0000000E+00  0.0000000E+00
  2.17068  3.75000  0.81300  0.98074  0.3282263E-07  0.1553661E-08  0.3282263E-07  0.1553661E-08  0.0000000E+00  0.0000000E+00  0.0000000E+00  0.0000000E+00  0.0000000E+00  0.0000000E+00
  2.17113  3.75000  0.81400  0.98174  0.3320731E-07  0.1575456E-08  0.3320731E-07  0.1575456E-08  0.0000000E+00  0.0000000E+00  0.0000000E+00  0.0000000E+00  0.0000000E+00  0.0000000E+00
  2.17158  3.75000  0.81500  0.98274  0.3359645E-07  0.1597545E-08  0.3359645E-07  0.1597545E-08  0.0000000E+00  0.0000000E+00  0.0000000E+00  0.0000000E+00  0.0000000E+00  0.0000000E+00
  2.17204  3.75000  0.81600  0.98374  0.3399012E-07  0.1619932E-08  0.3399012E-07  0.1619932E-08  0.0000000E+00  0.0000000E+00  0.0000000E+00  0.0000000E+00  0.0000000E+00  0.0000000E+00
  2.17249  3.75000  0.81700  0.98474  0.3438836E-07  0.1642620E-08  0.3438836E-07  0.1642620E-08  0.0000000E+00  0.0000000E+00  0.0000000E+00  0.0000000E+00  0.0000000E+00  0.0000000E+00
  2.17294  3.75000  0.81800  0.98574  0.3479122E-07  0.1665613E-08  0.3479122E-07  0.1665613E-08  0.0000000E+00  0.0000000E+00  0.0000000E+00  0.0000000E+00  0.0000000E+00  0.0000000E+00
  2.17340  3.75000  0.81900  0.98674  0.3519876E-07  0.1688916E-08  0.3519876E-07  0.1688916E-08  0.0000000E+00  0.0000000E+00  0.0000000E+00  0.0000000E+00  0.0000000E+00  0.0000000E+00
  2.17385  3.75000  0.82000  0.98774  0.3561103E-07  0.1712532E-08  0.3561103E-07  0.1712532E-08  0.0000000E+00  0.0000000E+00  0.0000000E+00  0.0000000E+00  0.0000000E+00  0.0000000E+00
  2.17431  3.75000  0.82100  0.98874  0.3602808E-07  0.1736466E-08  0.3602808E-07  0.1736466E-08  0.0000000E+00  0.0000000E+00  0.0000000E+00  0.0000000E+00  0.0000000E+00  0.0000000E+00
  2.17476  3.75000  0.82200  0.98974  0.3644998E-07  0.1760721E-08  0.3644998E-07  0.1760721E-08  0.0000000E+00  0.0000000E+00  0.0000000E+00  0.0000000E+00  0.0000000E+00  0.0000000E+00
  2.17522  3.75000  0.82300  0.99074  0.3687677E-07  0.1785303E-08  0.3687677E-07  0.1785303E-08  0.0000000E+00  0.0000000E+00  0.0000000E+00  0.0000000E+00  0.0000000E+00  0.0000000E+00
  2.17567  3.75000  0.82400  0.99174  0.3730852E-07  0.1810214E-08  0.3730852E-07  0.1810214E-08  0.0000000E+00  0.0000000E+00  0.0000000E+00  0.0000000E+00  0.0000000E+00  0.0000000E+00
  2.17613  3.75000  0.82500  0.99274  0.3774528E-07  0.1835460E-08  0.3774528E-07  0.1835460E-08  0.0000000E+00  0.0000000E+00  0.0000000E+00  0.0000000E+00  0.0000000E+00  0.0000000E+00
  2.17658  3.75000  0.82600  0.99374  0.3818711E-07  0.1861045E-08  0.3818711E-07  0.1861045E-08  0.0000000E+00  0.0000000E+00  0.0000000E+00  0.0000000E+00  0.0000000E+00  0.0000000E+00
  2.17704  3.75000  0.82700  0.99474  0.3863406E-07  0.1886972E-08  0.3863406E-07  0.1886972E-08  0.0000000E+00  0.0000000E+00  0.0000000E+00  0.0000000E+00  0.0000000E+00  0.0000000E+00
  2.17750  3.75000  0.82800  0.99574  0.3908620E-07  0.1913248E-08  0.3908620E-07  0.1913248E-08  0.0000000E+00  0.0000000E+00  0.0000000E+00  0.0000000E+00  0.0000000E+00  0.0000000E+00
  2.17796  3.75000  0.82900  0.99674  0.3954359E-07  0.1939876E-08  0.3954359E-07  0.1939876E-08  0.0000000E+00  0.0000000E+00  0.0000000E+00  0.0000000E+00  0.0000000E+00  0.0000000E+00
  2.17841  3.75000  0.83000  0.99774  0.4000628E-07  0.1966860E-08  0.4000628E-07  0.1966860E-08  0.0000000E+00  0.0000000E+00  0.0000000E+00  0.0000000E+00  0.0000000E+00  0.0000000E+00
  2.17887  3.75000  0.83100  0.99874  0.4047434E-07  0.1994206E-08  0.4047434E-07  0.1994206E-08  0.0000000E+00  0.0000000E+00  0.0000000E+00  0.0000000E+00  0.0000000E+00  0.0000000E+00
  2.17933  3.75000  0.83200  0.99974  0.4094783E-07  0.2021918E-08  0.4094783E-07  0.2021918E-08  0.0000000E+00  0.0000000E+00  0.0000000E+00  0.0000000E+00  0.0000000E+00  0.0000000E+00
  2.17979  3.75000  0.83300  1.00074  0.4142681E-07  0.2050002E-08  0.4142681E-07  0.2050002E-08  0.0000000E+00  0.0000000E+00  0.0000000E+00  0.0000000E+00  0.0000000E+00  0.0000000E+00
  2.18025  3.75000  0.83400  1.00174  0.4191135E-07  0.2078460E-08  0.4191135E-07  0.2078460E-08  0.0000000E+00  0.0000000E+00  0.0000000E+00  0.0000000E+00  0.0000000E+00  0.0000000E+00
  2.18071  3.75000  0.83500  1.00274  0.4240150E-07  0.2107300E-08  0.4240150E-07  0.2107300E-08  0.0000000E+00  0.0000000E+00  0.0000000E+00  0.0000000E+00  0.0000000E+00  0.0000000E+00
  2.18117  3.75000  0.83600  1.00374  0.4289735E-07  0.2136525E-08  0.4289735E-07  0.2136525E-08  0.0000000E+00  0.0000000E+00  0.0000000E+00  0.0000000E+00  0.0000000E+00  0.0000000E+00
  2.18163  3.75000  0.83700  1.00474  0.4339894E-07  0.2166141E-08  0.4339894E-07  0.2166141E-08  0.0000000E+00  0.0000000E+00  0.0000000E+00  0.0000000E+00  0.0000000E+00  0.0000000E+00
  2.18209  3.75000  0.83800  1.00574  0.4390634E-07  0.2196153E-08  0.4390634E-07  0.2196153E-08  0.0000000E+00  0.0000000E+00  0.0000000E+00  0.0000000E+00  0.0000000E+00  0.0000000E+00
  2.18255  3.75000  0.83900  1.00674  0.4441964E-07  0.2226565E-08  0.4441964E-07  0.2226565E-08  0.0000000E+00  0.0000000E+00  0.0000000E+00  0.0000000E+00  0.0000000E+00  0.0000000E+00
  2.18301  3.75000  0.84000  1.00774  0.4493888E-07  0.2257383E-08  0.4493888E-07  0.2257383E-08  0.0000000E+00  0.0000000E+00  0.0000000E+00  0.0000000E+00  0.0000000E+00  0.0000000E+00
  2.18347  3.75000  0.84100  1.00874  0.4546414E-07  0.2288613E-08  0.4546414E-07  0.2288613E-08  0.0000000E+00  0.0000000E+00  0.0000000E+00  0.0000000E+00  0.0000000E+00  0.0000000E+00
  2.18394  3.75000  0.84200  1.00974  0.4599549E-07  0.2320260E-08  0.4599549E-07  0.2320260E-08  0.0000000E+00  0.0000000E+00  0.0000000E+00  0.0000000E+00  0.0000000E+00  0.0000000E+00
  2.18440  3.75000  0.84300  1.01074  0.4653300E-07  0.2352328E-08  0.4653300E-07  0.2352328E-08  0.0000000E+00  0.0000000E+00  0.0000000E+00  0.0000000E+00  0.0000000E+00  0.0000000E+00
  2.18486  3.75000  0.84400  1.01174  0.4707674E-07  0.2384824E-08  0.4707674E-07  0.2384824E-08  0.0000000E+00  0.0000000E+00  0.0000000E+00  0.0000000E+00  0.0000000E+00  0.0000000E+00
  2.18532  3.75000  0.84500  1.01274  0.4762678E-07  0.2417754E-08  0.4762678E-07  0.2417754E-08  0.0000000E+00  0.0000000E+00  0.0000000E+00  0.0000000E+00  0.0000000E+00  0.0000000E+00
  2.18579  3.75000  0.84600  1.01374  0.4818320E-07  0.2451122E-08  0.4818320E-07  0.2451122E-08  0.0000000E+00  0.0000000E+00  0.0000000E+00  0.0000000E+00  0.0000000E+00  0.0000000E+00
  2.18625  3.75000  0.84700  1.01474  0.4874607E-07  0.2484934E-08  0.4874607E-07  0.2484934E-08  0.0000000E+00  0.0000000E+00  0.0000000E+00  0.0000000E+00  0.0000000E+00  0.0000000E+00
  2.18672  3.75000  0.84800  1.01574  0.4931545E-07  0.2519197E-08  0.4931545E-07  0.2519197E-08  0.0000000E+00  0.0000000E+00  0.0000000E+00  0.0000000E+00  0.0000000E+00  0.0000000E+00
  2.18718  3.75000  0.84900  1.01674  0.4989144E-07  0.2553916E-08  0.4989144E-07  0.2553916E-08  0.0000000E+00  0.0000000E+00  0.0000000E+00  0.0000000E+00  0.0000000E+00  0.0000000E+00
  2.18765  3.75000  0.85000  1.01774  0.5047410E-07  0.2589097E-08  0.5047410E-07  0.2589097E-08  0.0000000E+00  0.0000000E+00  0.0000000E+00  0.0000000E+00  0.0000000E+00  0.0000000E+00
  2.18811  3.75000  0.85100  1.01874  0.5106351E-07  0.2624746E-08  0.5106351E-07  0.2624746E-08  0.0000000E+00  0.0000000E+00  0.0000000E+00  0.0000000E+00  0.0000000E+00  0.0000000E+00
  2.18858  3.75000  0.85200  1.01974  0.5165975E-07  0.2660868E-08  0.5165975E-07  0.2660868E-08  0.0000000E+00  0.0000000E+00  0.0000000E+00  0.0000000E+00  0.0000000E+00  0.0000000E+00
  2.18904  3.75000  0.85300  1.02074  0.5226289E-07  0.2697471E-08  0.5226289E-07  0.2697471E-08  0.0000000E+00  0.0000000E+00  0.0000000E+00  0.0000000E+00  0.0000000E+00  0.0000000E+00
  2.18951  3.75000  0.85400  1.02174  0.5287303E-07  0.2734561E-08  0.5287303E-07  0.2734561E-08  0.0000000E+00  0.0000000E+00  0.0000000E+00  0.0000000E+00  0.0000000E+00  0.0000000E+00
  2.18998  3.75000  0.85500  1.02274  0.5349023E-07  0.2772143E-08  0.5349023E-07  0.2772143E-08  0.0000000E+00  0.0000000E+00  0.0000000E+00  0.0000000E+00  0.0000000E+00  0.0000000E+00
  2.19044  3.75000  0.85600  1.02374  0.5411458E-07  0.2810224E-08  0.5411458E-07  0.2810224E-08  0.0000000E+00  0.0000000E+00  0.0000000E+00  0.0000000E+00  0.0000000E+00  0.0000000E+00
  2.19091  3.75000  0.85700  1.02474  0.5474616E-07  0.2848810E-08  0.5474616E-07  0.2848810E-08  0.0000000E+00  0.0000000E+00  0.0000000E+00  0.0000000E+00  0.0000000E+00  0.0000000E+00
  2.19138  3.75000  0.85800  1.02574  0.5538505E-07  0.2887909E-08  0.5538505E-07  0.2887909E-08  0.0000000E+00  0.0000000E+00  0.0000000E+00  0.0000000E+00  0.0000000E+00  0.0000000E+00
  2.19185  3.75000  0.85900  1.02674  0.5603134E-07  0.2927527E-08  0.5603134E-07  0.2927527E-08  0.0000000E+00  0.0000000E+00  0.0000000E+00  0.0000000E+00  0.0000000E+00  0.0000000E+00
  2.19232  3.75000  0.86000  1.02774  0.5668512E-07  0.2967669E-08  0.5668512E-07  0.2967669E-08  0.0000000E+00  0.0000000E+00  0.0000000E+00  0.0000000E+00  0.0000000E+00  0.0000000E+00
  2.19279  3.75000  0.86100  1.02874  0.5734646E-07  0.3008344E-08  0.5734646E-07  0.3008344E-08  0.0000000E+00  0.0000000E+00  0.0000000E+00  0.0000000E+00  0.0000000E+00  0.0000000E+00
  2.19325  3.75000  0.86200  1.02974  0.5801547E-07  0.3049559E-08  0.5801547E-07  0.3049559E-08  0.0000000E+00  0.0000000E+00  0.0000000E+00  0.0000000E+00  0.0000000E+00  0.0000000E+00
  2.19372  3.75000  0.86300  1.03074  0.5869222E-07  0.3091319E-08  0.5869222E-07  0.3091319E-08  0.0000000E+00  0.0000000E+00  0.0000000E+00  0.0000000E+00  0.0000000E+00  0.0000000E+00
  2.19419  3.75000  0.86400  1.03174  0.5937680E-07  0.3133632E-08  0.5937680E-07  0.3133632E-08  0.0000000E+00  0.0000000E+00  0.0000000E+00  0.0000000E+00  0.0000000E+00  0.0000000E+00
  2.19467  3.75000  0.86500  1.03274  0.6006931E-07  0.3176505E-08  0.6006931E-07  0.3176505E-08  0.0000000E+00  0.0000000E+00  0.0000000E+00  0.0000000E+00  0.0000000E+00  0.0000000E+00
  2.19514  3.75000  0.86600  1.03374  0.6076983E-07  0.3219946E-08  0.6076983E-07  0.3219946E-08  0.0000000E+00  0.0000000E+00  0.0000000E+00  0.0000000E+00  0.0000000E+00  0.0000000E+00
  2.19561  3.75000  0.86700  1.03474  0.6147846E-07  0.3263962E-08  0.6147846E-07  0.3263962E-08  0.0000000E+00  0.0000000E+00  0.0000000E+00  0.0000000E+00  0.0000000E+00  0.0000000E+00
  2.19608  3.75000  0.86800  1.03574  0.6219530E-07  0.3308560E-08  0.6219530E-07  0.3308560E-08  0.0000000E+00  0.0000000E+00  0.0000000E+00  0.0000000E+00  0.0000000E+00  0.0000000E+00
  2.19655  3.75000  0.86900  1.03674  0.6292043E-07  0.3353748E-08  0.6292043E-07  0.3353748E-08  0.0000000E+00  0.0000000E+00  0.0000000E+00  0.0000000E+00  0.0000000E+00  0.0000000E+00
  2.19702  3.75000  0.87000  1.03774  0.6365395E-07  0.3399533E-08  0.6365395E-07  0.3399533E-08  0.0000000E+00  0.0000000E+00  0.0000000E+00  0.0000000E+00  0.0000000E+00  0.0000000E+00
  2.19749  3.75000  0.87100  1.03874  0.6439596E-07  0.3445923E-08  0.6439596E-07  0.3445923E-08  0.0000000E+00  0.0000000E+00  0.0000000E+00  0.0000000E+00  0.0000000E+00  0.0000000E+00
  2.19797  3.75000  0.87200  1.03974  0.6514655E-07  0.3492926E-08  0.6514655E-07  0.3492926E-08  0.0000000E+00  0.0000000E+00  0.0000000E+00  0.0000000E+00  0.0000000E+00  0.0000000E+00
  2.19844  3.75000  0.87300  1.04074  0.6590584E-07  0.3540550E-08  0.6590584E-07  0.3540550E-08  0.0000000E+00  0.0000000E+00  0.0000000E+00  0.0000000E+00  0.0000000E+00  0.0000000E+00
  2.19891  3.75000  0.87400  1.04174  0.6667390E-07  0.3588803E-08  0.6667390E-07  0.3588803E-08  0.0000000E+00  0.0000000E+00  0.0000000E+00  0.0000000E+00  0.0000000E+00  0.0000000E+00
  2.19939  3.75000  0.87500  1.04274  0.6745085E-07  0.3637692E-08  0.6745085E-07  0.3637692E-08  0.0000000E+00  0.0000000E+00  0.0000000E+00  0.0000000E+00  0.0000000E+00  0.0000000E+00
  2.19986  3.75000  0.87600  1.04374  0.6823679E-07  0.3687227E-08  0.6823679E-07  0.3687227E-08  0.0000000E+00  0.0000000E+00  0.0000000E+00  0.0000000E+00  0.0000000E+00  0.0000000E+00
  2.20034  3.75000  0.87700  1.04474  0.6903182E-07  0.3737415E-08  0.6903182E-07  0.3737415E-08  0.0000000E+00  0.0000000E+00  0.0000000E+00  0.0000000E+00  0.0000000E+00  0.0000000E+00
  2.20081  3.75000  0.87800  1.04574  0.6983605E-07  0.3788265E-08  0.6983605E-07  0.3788265E-08  0.0000000E+00  0.0000000E+00  0.0000000E+00  0.0000000E+00  0.0000000E+00  0.0000000E+00
  2.20129  3.75000  0.87900  1.04674  0.7064958E-07  0.3839785E-08  0.7064958E-07  0.3839785E-08  0.0000000E+00  0.0000000E+00  0.0000000E+00  0.0000000E+00  0.0000000E+00  0.0000000E+00
  2.20176  3.75000  0.88000  1.04774  0.7147251E-07  0.3891984E-08  0.7147251E-07  0.3891984E-08  0.0000000E+00  0.0000000E+00  0.0000000E+00  0.0000000E+00  0.0000000E+00  0.0000000E+00
  2.20224  3.75000  0.88100  1.04874  0.7230497E-07  0.3944870E-08  0.7230497E-07  0.3944870E-08  0.0000000E+00  0.0000000E+00  0.0000000E+00  0.0000000E+00  0.0000000E+00  0.0000000E+00
  2.20272  3.75000  0.88200  1.04974  0.7314705E-07  0.3998454E-08  0.7314705E-07  0.3998454E-08  0.0000000E+00  0.0000000E+00  0.0000000E+00  0.0000000E+00  0.0000000E+00  0.0000000E+00
  2.20319  3.75000  0.88300  1.05074  0.7399887E-07  0.4052742E-08  0.7399887E-07  0.4052742E-08  0.0000000E+00  0.0000000E+00  0.0000000E+00  0.0000000E+00  0.0000000E+00  0.0000000E+00
  2.20367  3.75000  0.88400  1.05174  0.7486054E-07  0.4107746E-08  0.7486054E-07  0.4107746E-08  0.0000000E+00  0.0000000E+00  0.0000000E+00  0.0000000E+00  0.0000000E+00  0.0000000E+00
  2.20415  3.75000  0.88500  1.05274  0.7573217E-07  0.4163473E-08  0.7573217E-07  0.4163473E-08  0.0000000E+00  0.0000000E+00  0.0000000E+00  0.0000000E+00  0.0000000E+00  0.0000000E+00
  2.20462  3.75000  0.88600  1.05374  0.7661388E-07  0.4219933E-08  0.7661388E-07  0.4219933E-08  0.0000000E+00  0.0000000E+00  0.0000000E+00  0.0000000E+00  0.0000000E+00  0.0000000E+00
  2.20510  3.75000  0.88700  1.05474  0.7750578E-07  0.4277135E-08  0.7750578E-07  0.4277135E-08  0.0000000E+00  0.0000000E+00  0.0000000E+00  0.0000000E+00  0.0000000E+00  0.0000000E+00
  2.20558  3.75000  0.88800  1.05574  0.7840799E-07  0.4335090E-08  0.7840799E-07  0.4335090E-08  0.0000000E+00  0.0000000E+00  0.0000000E+00  0.0000000E+00  0.0000000E+00  0.0000000E+00
  2.20606  3.75000  0.88900  1.05674  0.7932063E-07  0.4393806E-08  0.7932063E-07  0.4393806E-08  0.0000000E+00  0.0000000E+00  0.0000000E+00  0.0000000E+00  0.0000000E+00  0.0000000E+00
  2.20654  3.75000  0.89000  1.05774  0.8024382E-07  0.4453294E-08  0.8024382E-07  0.4453294E-08  0.0000000E+00  0.0000000E+00  0.0000000E+00  0.0000000E+00  0.0000000E+00  0.0000000E+00
  2.20702  3.75000  0.89100  1.05874  0.8117768E-07  0.4513563E-08  0.8117768E-07  0.4513563E-08  0.0000000E+00  0.0000000E+00  0.0000000E+00  0.0000000E+00  0.0000000E+00  0.0000000E+00
  2.20750  3.75000  0.89200  1.05974  0.8212234E-07  0.4574623E-08  0.8212234E-07  0.4574623E-08  0.0000000E+00  0.0000000E+00  0.0000000E+00  0.0000000E+00  0.0000000E+00  0.0000000E+00
  2.20798  3.75000  0.89300  1.06074  0.8307791E-07  0.4636485E-08  0.8307791E-07  0.4636485E-08  0.0000000E+00  0.0000000E+00  0.0000000E+00  0.0000000E+00  0.0000000E+00  0.0000000E+00
  2.20846  3.75000  0.89400  1.06174  0.8404452E-07  0.4699159E-08  0.8404452E-07  0.4699159E-08  0.0000000E+00  0.0000000E+00  0.0000000E+00  0.0000000E+00  0.0000000E+00  0.0000000E+00
  2.20894  3.75000  0.89500  1.06274  0.8502230E-07  0.4762655E-08  0.8502230E-07  0.4762655E-08  0.0000000E+00  0.0000000E+00  0.0000000E+00  0.0000000E+00  0.0000000E+00  0.0000000E+00
  2.20942  3.75000  0.89600  1.06374  0.8601139E-07  0.4826984E-08  0.8601139E-07  0.4826984E-08  0.0000000E+00  0.0000000E+00  0.0000000E+00  0.0000000E+00  0.0000000E+00  0.0000000E+00
  2.20990  3.75000  0.89700  1.06474  0.8701189E-07  0.4892156E-08  0.8701189E-07  0.4892156E-08  0.0000000E+00  0.0000000E+00  0.0000000E+00  0.0000000E+00  0.0000000E+00  0.0000000E+00
  2.21039  3.75000  0.89800  1.06574  0.8802396E-07  0.4958182E-08  0.8802396E-07  0.4958182E-08  0.0000000E+00  0.0000000E+00  0.0000000E+00  0.0000000E+00  0.0000000E+00  0.0000000E+00
  2.21087  3.75000  0.89900  1.06674  0.8904772E-07  0.5025074E-08  0.8904772E-07  0.5025074E-08  0.0000000E+00  0.0000000E+00  0.0000000E+00  0.0000000E+00  0.0000000E+00  0.0000000E+00
  2.21135  3.75000  0.90000  1.06774  0.9008331E-07  0.5092842E-08  0.9008331E-07  0.5092842E-08  0.0000000E+00  0.0000000E+00  0.0000000E+00  0.0000000E+00  0.0000000E+00  0.0000000E+00
  2.21183  3.75000  0.90100  1.06874  0.9113085E-07  0.5161497E-08  0.9113085E-07  0.5161497E-08  0.0000000E+00  0.0000000E+00  0.0000000E+00  0.0000000E+00  0.0000000E+00  0.0000000E+00
  2.21232  3.75000  0.90200  1.06974  0.9219050E-07  0.5231052E-08  0.9219050E-07  0.5231052E-08  0.0000000E+00  0.0000000E+00  0.0000000E+00  0.0000000E+00  0.0000000E+00  0.0000000E+00
  2.21280  3.75000  0.90300  1.07074  0.9326239E-07  0.5301516E-08  0.9326239E-07  0.5301516E-08  0.0000000E+00  0.0000000E+00  0.0000000E+00  0.0000000E+00  0.0000000E+00  0.0000000E+00
  2.21328  3.75000  0.90400  1.07174  0.9434665E-07  0.5372903E-08  0.9434665E-07  0.5372903E-08  0.0000000E+00  0.0000000E+00  0.0000000E+00  0.0000000E+00  0.0000000E+00  0.0000000E+00
  2.21377  3.75000  0.90500  1.07274  0.9544344E-07  0.5445223E-08  0.9544344E-07  0.5445223E-08  0.0000000E+00  0.0000000E+00  0.0000000E+00  0.0000000E+00  0.0000000E+00  0.0000000E+00
  2.21425  3.75000  0.90600  1.07374  0.9655289E-07  0.5518490E-08  0.9655289E-07  0.5518490E-08  0.0000000E+00  0.0000000E+00  0.0000000E+00  0.0000000E+00  0.0000000E+00  0.0000000E+00
  2.21474  3.75000  0.90700  1.07474  0.9767515E-07  0.5592714E-08  0.9767515E-07  0.5592714E-08  0.0000000E+00  0.0000000E+00  0.0000000E+00  0.0000000E+00  0.0000000E+00  0.0000000E+00
  2.21522  3.75000  0.90800  1.07574  0.9881037E-07  0.5667908E-08  0.9881037E-07  0.5667908E-08  0.0000000E+00  0.0000000E+00  0.0000000E+00  0.0000000E+00  0.0000000E+00  0.0000000E+00
  2.21571  3.75000  0.90900  1.07674  0.9995870E-07  0.5744085E-08  0.9995870E-07  0.5744085E-08  0.0000000E+00  0.0000000E+00  0.0000000E+00  0.0000000E+00  0.0000000E+00  0.0000000E+00
  2.21620  3.75000  0.91000  1.07774  0.1011203E-06  0.5821257E-08  0.1011203E-06  0.5821257E-08  0.0000000E+00  0.0000000E+00  0.0000000E+00  0.0000000E+00  0.0000000E+00  0.0000000E+00
  2.21668  3.75000  0.91100  1.07874  0.1022953E-06  0.5899436E-08  0.1022953E-06  0.5899436E-08  0.0000000E+00  0.0000000E+00  0.0000000E+00  0.0000000E+00  0.0000000E+00  0.0000000E+00
  2.21717  3.75000  0.91200  1.07974  0.1034838E-06  0.5978637E-08  0.1034838E-06  0.5978637E-08  0.0000000E+00  0.0000000E+00  0.0000000E+00  0.0000000E+00  0.0000000E+00  0.0000000E+00
  2.21766  3.75000  0.91300  1.08074  0.1046861E-06  0.6058871E-08  0.1046861E-06  0.6058871E-08  0.0000000E+00  0.0000000E+00  0.0000000E+00  0.0000000E+00  0.0000000E+00  0.0000000E+00
  2.21814  3.75000  0.91400  1.08174  0.1059023E-06  0.6140152E-08  0.1059023E-06  0.6140152E-08  0.0000000E+00  0.0000000E+00  0.0000000E+00  0.0000000E+00  0.0000000E+00  0.0000000E+00
  2.21863  3.75000  0.91500  1.08274  0.1071325E-06  0.6222493E-08  0.1071325E-06  0.6222493E-08  0.0000000E+00  0.0000000E+00  0.0000000E+00  0.0000000E+00  0.0000000E+00  0.0000000E+00
  2.21912  3.75000  0.91600  1.08374  0.1083768E-06  0.6305907E-08  0.1083768E-06  0.6305907E-08  0.0000000E+00  0.0000000E+00  0.0000000E+00  0.0000000E+00  0.0000000E+00  0.0000000E+00
  2.21961  3.75000  0.91700  1.08474  0.1096356E-06  0.6390410E-08  0.1096356E-06  0.6390410E-08  0.0000000E+00  0.0000000E+00  0.0000000E+00  0.0000000E+00  0.0000000E+00  0.0000000E+00
  2.22010  3.75000  0.91800  1.08574  0.1109089E-06  0.6476013E-08  0.1109089E-06  0.6476013E-08  0.0000000E+00  0.0000000E+00  0.0000000E+00  0.0000000E+00  0.0000000E+00  0.0000000E+00
  2.22059  3.75000  0.91900  1.08674  0.1121968E-06  0.6562732E-08  0.1121968E-06  0.6562732E-08  0.0000000E+00  0.0000000E+00  0.0000000E+00  0.0000000E+00  0.0000000E+00  0.0000000E+00
  2.22108  3.75000  0.92000  1.08774  0.1134996E-06  0.6650581E-08  0.1134996E-06  0.6650581E-08  0.0000000E+00  0.0000000E+00  0.0000000E+00  0.0000000E+00  0.0000000E+00  0.0000000E+00
  2.22157  3.75000  0.92100  1.08874  0.1148175E-06  0.6739574E-08  0.1148175E-06  0.6739574E-08  0.0000000E+00  0.0000000E+00  0.0000000E+00  0.0000000E+00  0.0000000E+00  0.0000000E+00
  2.22206  3.75000  0.92200  1.08974  0.1161505E-06  0.6829725E-08  0.1161505E-06  0.6829725E-08  0.0000000E+00  0.0000000E+00  0.0000000E+00  0.0000000E+00  0.0000000E+00  0.0000000E+00
  2.22255  3.75000  0.92300  1.09074  0.1174990E-06  0.6921049E-08  0.1174990E-06  0.6921049E-08  0.0000000E+00  0.0000000E+00  0.0000000E+00  0.0000000E+00  0.0000000E+00  0.0000000E+00
  2.22304  3.75000  0.92400  1.09174  0.1188630E-06  0.7013562E-08  0.1188630E-06  0.7013562E-08  0.0000000E+00  0.0000000E+00  0.0000000E+00  0.0000000E+00  0.0000000E+00  0.0000000E+00
  2.22353  3.75000  0.92500  1.09274  0.1202427E-06  0.7107279E-08  0.1202427E-06  0.7107279E-08  0.0000000E+00  0.0000000E+00  0.0000000E+00  0.0000000E+00  0.0000000E+00  0.0000000E+00
  2.22402  3.75000  0.92600  1.09374  0.1216383E-06  0.7202213E-08  0.1216383E-06  0.7202213E-08  0.0000000E+00  0.0000000E+00  0.0000000E+00  0.0000000E+00  0.0000000E+00  0.0000000E+00
  2.22451  3.75000  0.92700  1.09474  0.1230500E-06  0.7298383E-08  0.1230500E-06  0.7298383E-08  0.0000000E+00  0.0000000E+00  0.0000000E+00  0.0000000E+00  0.0000000E+00  0.0000000E+00
  2.22501  3.75000  0.92800  1.09574  0.1244780E-06  0.7395802E-08  0.1244780E-06  0.7395802E-08  0.0000000E+00  0.0000000E+00  0.0000000E+00  0.0000000E+00  0.0000000E+00  0.0000000E+00
  2.22550  3.75000  0.92900  1.09674  0.1259225E-06  0.7494487E-08  0.1259225E-06  0.7494487E-08  0.0000000E+00  0.0000000E+00  0.0000000E+00  0.0000000E+00  0.0000000E+00  0.0000000E+00
  2.22599  3.75000  0.93000  1.09774  0.1273836E-06  0.7594454E-08  0.1273836E-06  0.7594454E-08  0.0000000E+00  0.0000000E+00  0.0000000E+00  0.0000000E+00  0.0000000E+00  0.0000000E+00
  2.22648  3.75000  0.93100  1.09874  0.1288616E-06  0.7695719E-08  0.1288616E-06  0.7695719E-08  0.0000000E+00  0.0000000E+00  0.0000000E+00  0.0000000E+00  0.0000000E+00  0.0000000E+00
  2.22698  3.75000  0.93200  1.09974  0.1303566E-06  0.7798299E-08  0.1303566E-06  0.7798299E-08  0.0000000E+00  0.0000000E+00  0.0000000E+00  0.0000000E+00  0.0000000E+00  0.0000000E+00
  2.22747  3.75000  0.93300  1.10074  0.1318688E-06  0.7902210E-08  0.1318688E-06  0.7902210E-08  0.0000000E+00  0.0000000E+00  0.0000000E+00  0.0000000E+00  0.0000000E+00  0.0000000E+00
  2.22797  3.75000  0.93400  1.10174  0.1333985E-06  0.8007470E-08  0.1333985E-06  0.8007470E-08  0.0000000E+00  0.0000000E+00  0.0000000E+00  0.0000000E+00  0.0000000E+00  0.0000000E+00
  2.22846  3.75000  0.93500  1.10274  0.1349458E-06  0.8114095E-08  0.1349458E-06  0.8114095E-08  0.0000000E+00  0.0000000E+00  0.0000000E+00  0.0000000E+00  0.0000000E+00  0.0000000E+00
  2.22896  3.75000  0.93600  1.10374  0.1365109E-06  0.8222103E-08  0.1365109E-06  0.8222103E-08  0.0000000E+00  0.0000000E+00  0.0000000E+00  0.0000000E+00  0.0000000E+00  0.0000000E+00
  2.22945  3.75000  0.93700  1.10474  0.1380941E-06  0.8331511E-08  0.1380941E-06  0.8331511E-08  0.0000000E+00  0.0000000E+00  0.0000000E+00  0.0000000E+00  0.0000000E+00  0.0000000E+00
  2.22995  3.75000  0.93800  1.10574  0.1396955E-06  0.8442337E-08  0.1396955E-06  0.8442337E-08  0.0000000E+00  0.0000000E+00  0.0000000E+00  0.0000000E+00  0.0000000E+00  0.0000000E+00
  2.23044  3.75000  0.93900  1.10674  0.1413154E-06  0.8554600E-08  0.1413154E-06  0.8554600E-08  0.0000000E+00  0.0000000E+00  0.0000000E+00  0.0000000E+00  0.0000000E+00  0.0000000E+00
  2.23094  3.75000  0.94000  1.10774  0.1429539E-06  0.8668317E-08  0.1429539E-06  0.8668317E-08  0.0000000E+00  0.0000000E+00  0.0000000E+00  0.0000000E+00  0.0000000E+00  0.0000000E+00
  2.23144  3.75000  0.94100  1.10874  0.1446113E-06  0.8783507E-08  0.1446113E-06  0.8783507E-08  0.0000000E+00  0.0000000E+00  0.0000000E+00  0.0000000E+00  0.0000000E+00  0.0000000E+00
  2.23193  3.75000  0.94200  1.10974  0.1462878E-06  0.8900188E-08  0.1462878E-06  0.8900188E-08  0.0000000E+00  0.0000000E+00  0.0000000E+00  0.0000000E+00  0.0000000E+00  0.0000000E+00
  2.23243  3.75000  0.94300  1.11074  0.1479837E-06  0.9018380E-08  0.1479837E-06  0.9018380E-08  0.0000000E+00  0.0000000E+00  0.0000000E+00  0.0000000E+00  0.0000000E+00  0.0000000E+00
  2.23293  3.75000  0.94400  1.11174  0.1496990E-06  0.9138101E-08  0.1496990E-06  0.9138101E-08  0.0000000E+00  0.0000000E+00  0.0000000E+00  0.0000000E+00  0.0000000E+00  0.0000000E+00
  2.23343  3.75000  0.94500  1.11274  0.1514341E-06  0.9259371E-08  0.1514341E-06  0.9259371E-08  0.0000000E+00  0.0000000E+00  0.0000000E+00  0.0000000E+00  0.0000000E+00  0.0000000E+00
  2.23392  3.75000  0.94600  1.11374  0.1531892E-06  0.9382209E-08  0.1531892E-06  0.9382209E-08  0.0000000E+00  0.0000000E+00  0.0000000E+00  0.0000000E+00  0.0000000E+00  0.0000000E+00
  2.23442  3.75000  0.94700  1.11474  0.1549645E-06  0.9506636E-08  0.1549645E-06  0.9506636E-08  0.0000000E+00  0.0000000E+00  0.0000000E+00  0.0000000E+00  0.0000000E+00  0.0000000E+00
  2.23492  3.75000  0.94800  1.11574  0.1567602E-06  0.9632672E-08  0.1567602E-06  0.9632672E-08  0.0000000E+00  0.0000000E+00  0.0000000E+00  0.0000000E+00  0.0000000E+00  0.0000000E+00
  2.23542  3.75000  0.94900  1.11674  0.1585767E-06  0.9760336E-08  0.1585767E-06  0.9760336E-08  0.0000000E+00  0.0000000E+00  0.0000000E+00  0.0000000E+00  0.0000000E+00  0.0000000E+00
  2.23592  3.75000  0.95000  1.11774  0.1604140E-06  0.9889650E-08  0.1604140E-06  0.9889650E-08  0.0000000E+00  0.0000000E+00  0.0000000E+00  0.0000000E+00  0.0000000E+00  0.0000000E+00
  2.23642  3.75000  0.95100  1.11874  0.1622725E-06  0.1002063E-07  0.1622725E-06  0.1002063E-07  0.0000000E+00  0.0000000E+00  0.0000000E+00  0.0000000E+00  0.0000000E+00  0.0000000E+00
  2.23692  3.75000  0.95200  1.11974  0.1641524E-06  0.1015331E-07  0.1641524E-06  0.1015331E-07  0.0000000E+00  0.0000000E+00  0.0000000E+00  0.0000000E+00  0.0000000E+00  0.0000000E+00
  2.23742  3.75000  0.95300  1.12074  0.1660539E-06  0.1028770E-07  0.1660539E-06  0.1028770E-07  0.0000000E+00  0.0000000E+00  0.0000000E+00  0.0000000E+00  0.0000000E+00  0.0000000E+00
  2.23792  3.75000  0.95400  1.12174  0.1679773E-06  0.1042382E-07  0.1679773E-06  0.1042382E-07  0.0000000E+00  0.0000000E+00  0.0000000E+00  0.0000000E+00  0.0000000E+00  0.0000000E+00
  2.23843  3.75000  0.95500  1.12274  0.1699228E-06  0.1056170E-07  0.1699228E-06  0.1056170E-07  0.0000000E+00  0.0000000E+00  0.0000000E+00  0.0000000E+00  0.0000000E+00  0.0000000E+00
  2.23893  3.75000  0.95600  1.12374  0.1718907E-06  0.1070136E-07  0.1718907E-06  0.1070136E-07  0.0000000E+00  0.0000000E+00  0.0000000E+00  0.0000000E+00  0.0000000E+00  0.0000000E+00
  2.23943  3.75000  0.95700  1.12474  0.1738813E-06  0.1084282E-07  0.1738813E-06  0.1084282E-07  0.0000000E+00  0.0000000E+00  0.0000000E+00  0.0000000E+00  0.0000000E+00  0.0000000E+00
  2.23993  3.75000  0.95800  1.12574  0.1758948E-06  0.1098610E-07  0.1758948E-06  0.1098610E-07  0.0000000E+00  0.0000000E+00  0.0000000E+00  0.0000000E+00  0.0000000E+00  0.0000000E+00
  2.24043  3.75000  0.95900  1.12674  0.1779314E-06  0.1113123E-07  0.1779314E-06  0.1113123E-07  0.0000000E+00  0.0000000E+00  0.0000000E+00  0.0000000E+00  0.0000000E+00  0.0000000E+00
  2.24094  3.75000  0.96000  1.12774  0.1799915E-06  0.1127823E-07  0.1799915E-06  0.1127823E-07  0.0000000E+00  0.0000000E+00  0.0000000E+00  0.0000000E+00  0.0000000E+00  0.0000000E+00
  2.24144  3.75000  0.96100  1.12874  0.1820753E-06  0.1142712E-07  0.1820753E-06  0.1142712E-07  0.0000000E+00  0.0000000E+00  0.0000000E+00  0.0000000E+00  0.0000000E+00  0.0000000E+00
  2.24194  3.75000  0.96200  1.12974  0.1841830E-06  0.1157793E-07  0.1841830E-06  0.1157793E-07  0.0000000E+00  0.0000000E+00  0.0000000E+00  0.0000000E+00  0.0000000E+00  0.0000000E+00
  2.24245  3.75000  0.96300  1.13074  0.1863150E-06  0.1173068E-07  0.1863150E-06  0.1173068E-07  0.0000000E+00  0.0000000E+00  0.0000000E+00  0.0000000E+00  0.0000000E+00  0.0000000E+00
  2.24295  3.75000  0.96400  1.13174  0.1884715E-06  0.1188540E-07  0.1884715E-06  0.1188540E-07  0.0000000E+00  0.0000000E+00  0.0000000E+00  0.0000000E+00  0.0000000E+00  0.0000000E+00
  2.24346  3.75000  0.96500  1.13274  0.1906528E-06  0.1204211E-07  0.1906528E-06  0.1204211E-07  0.0000000E+00  0.0000000E+00  0.0000000E+00  0.0000000E+00  0.0000000E+00  0.0000000E+00
  2.24396  3.75000  0.96600  1.13374  0.1928591E-06  0.1220083E-07  0.1928591E-06  0.1220083E-07  0.0000000E+00  0.0000000E+00  0.0000000E+00  0.0000000E+00  0.0000000E+00  0.0000000E+00
  2.24447  3.75000  0.96700  1.13474  0.1950909E-06  0.1236160E-07  0.1950909E-06  0.1236160E-07  0.0000000E+00  0.0000000E+00  0.0000000E+00  0.0000000E+00  0.0000000E+00  0.0000000E+00
  2.24497  3.75000  0.96800  1.13574  0.1973483E-06  0.1252444E-07  0.1973483E-06  0.1252444E-07  0.0000000E+00  0.0000000E+00  0.0000000E+00  0.0000000E+00  0.0000000E+00  0.0000000E+00
  2.24548  3.75000  0.96900  1.13674  0.1996316E-06  0.1268936E-07  0.1996316E-06  0.1268936E-07  0.0000000E+00  0.0000000E+00  0.0000000E+00  0.0000000E+00  0.0000000E+00  0.0000000E+00
  2.24599  3.75000  0.97000  1.13774  0.2019412E-06  0.1285641E-07  0.2019412E-06  0.1285641E-07  0.0000000E+00  0.0000000E+00  0.0000000E+00  0.0000000E+00  0.0000000E+00  0.0000000E+00
  2.24649  3.75000  0.97100  1.13874  0.2042774E-06  0.1302560E-07  0.2042774E-06  0.1302560E-07  0.0000000E+00  0.0000000E+00  0.0000000E+00  0.0000000E+00  0.0000000E+00  0.0000000E+00
  2.24700  3.75000  0.97200  1.13974  0.2066403E-06  0.1319697E-07  0.2066403E-06  0.1319697E-07  0.0000000E+00  0.0000000E+00  0.0000000E+00  0.0000000E+00  0.0000000E+00  0.0000000E+00
  2.24751  3.75000  0.97300  1.14074  0.2090305E-06  0.1337053E-07  0.2090305E-06  0.1337053E-07  0.0000000E+00  0.0000000E+00  0.0000000E+00  0.0000000E+00  0.0000000E+00  0.0000000E+00
  2.24802  3.75000  0.97400  1.14174  0.2114481E-06  0.1354633E-07  0.2114481E-06  0.1354633E-07  0.0000000E+00  0.0000000E+00  0.0000000E+00  0.0000000E+00  0.0000000E+00  0.0000000E+00
  2.24852  3.75000  0.97500  1.14274  0.2138934E-06  0.1372438E-07  0.2138934E-06  0.1372438E-07  0.0000000E+00  0.0000000E+00  0.0000000E+00  0.0000000E+00  0.0000000E+00  0.0000000E+00
  2.24903  3.75000  0.97600  1.14374  0.2163669E-06  0.1390472E-07  0.2163669E-06  0.1390472E-07  0.0000000E+00  0.0000000E+00  0.0000000E+00  0.0000000E+00  0.0000000E+00  0.0000000E+00
  2.24954  3.75000  0.97700  1.14474  0.2188688E-06  0.1408736E-07  0.2188688E-06  0.1408736E-07  0.0000000E+00  0.0000000E+00  0.0000000E+00  0.0000000E+00  0.0000000E+00  0.0000000E+00
  2.25005  3.75000  0.97800  1.14574  0.2213994E-06  0.1427235E-07  0.2213994E-06  0.1427235E-07  0.0000000E+00  0.0000000E+00  0.0000000E+00  0.0000000E+00  0.0000000E+00  0.0000000E+00
  2.25056  3.75000  0.97900  1.14674  0.2239590E-06  0.1445972E-07  0.2239590E-06  0.1445972E-07  0.0000000E+00  0.0000000E+00  0.0000000E+00  0.0000000E+00  0.0000000E+00  0.0000000E+00
  2.25107  3.75000  0.98000  1.14774  0.2265481E-06  0.1464948E-07  0.2265481E-06  0.1464948E-07  0.0000000E+00  0.0000000E+00  0.0000000E+00  0.0000000E+00  0.0000000E+00  0.0000000E+00
  2.25158  3.75000  0.98100  1.14874  0.2291669E-06  0.1484168E-07  0.2291669E-06  0.1484168E-07  0.0000000E+00  0.0000000E+00  0.0000000E+00  0.0000000E+00  0.0000000E+00  0.0000000E+00
  2.25209  3.75000  0.98200  1.14974  0.2318157E-06  0.1503633E-07  0.2318157E-06  0.1503633E-07  0.0000000E+00  0.0000000E+00  0.0000000E+00  0.0000000E+00  0.0000000E+00  0.0000000E+00
  2.25260  3.75000  0.98300  1.15074  0.2344950E-06  0.1523348E-07  0.2344950E-06  0.1523348E-07  0.0000000E+00  0.0000000E+00  0.0000000E+00  0.0000000E+00  0.0000000E+00  0.0000000E+00
  2.25311  3.75000  0.98400  1.15174  0.2372050E-06  0.1543316E-07  0.2372050E-06  0.1543316E-07  0.0000000E+00  0.0000000E+00  0.0000000E+00  0.0000000E+00  0.0000000E+00  0.0000000E+00
  2.25362  3.75000  0.98500  1.15274  0.2399461E-06  0.1563539E-07  0.2399461E-06  0.1563539E-07  0.0000000E+00  0.0000000E+00  0.0000000E+00  0.0000000E+00  0.0000000E+00  0.0000000E+00
  2.25413  3.75000  0.98600  1.15374  0.2427187E-06  0.1584020E-07  0.2427187E-06  0.1584020E-07  0.0000000E+00  0.0000000E+00  0.0000000E+00  0.0000000E+00  0.0000000E+00  0.0000000E+00
  2.25465  3.75000  0.98700  1.15474  0.2455231E-06  0.1604764E-07  0.2455231E-06  0.1604764E-07  0.0000000E+00  0.0000000E+00  0.0000000E+00  0.0000000E+00  0.0000000E+00  0.0000000E+00
  2.25516  3.75000  0.98800  1.15574  0.2483596E-06  0.1625773E-07  0.2483596E-06  0.1625773E-07  0.0000000E+00  0.0000000E+00  0.0000000E+00  0.0000000E+00  0.0000000E+00  0.0000000E+00
  2.25567  3.75000  0.98900  1.15674  0.2512287E-06  0.1647051E-07  0.2512287E-06  0.1647051E-07  0.0000000E+00  0.0000000E+00  0.0000000E+00  0.0000000E+00  0.0000000E+00  0.0000000E+00
  2.25618  3.75000  0.99000  1.15774  0.2541307E-06  0.1668600E-07  0.2541307E-06  0.1668600E-07  0.0000000E+00  0.0000000E+00  0.0000000E+00  0.0000000E+00  0.0000000E+00  0.0000000E+00
  2.25670  3.75000  0.99100  1.15874  0.2570660E-06  0.1690425E-07  0.2570660E-06  0.1690425E-07  0.0000000E+00  0.0000000E+00  0.0000000E+00  0.0000000E+00  0.0000000E+00  0.0000000E+00
  2.25721  3.75000  0.99200  1.15974  0.2600350E-06  0.1712529E-07  0.2600350E-06  0.1712529E-07  0.0000000E+00  0.0000000E+00  0.0000000E+00  0.0000000E+00  0.0000000E+00  0.0000000E+00
  2.25772  3.75000  0.99300  1.16074  0.2630380E-06  0.1734915E-07  0.2630380E-06  0.1734915E-07  0.0000000E+00  0.0000000E+00  0.0000000E+00  0.0000000E+00  0.0000000E+00  0.0000000E+00
  2.25824  3.75000  0.99400  1.16174  0.2660754E-06  0.1757587E-07  0.2660754E-06  0.1757587E-07  0.0000000E+00  0.0000000E+00  0.0000000E+00  0.0000000E+00  0.0000000E+00  0.0000000E+00
  2.25875  3.75000  0.99500  1.16274  0.2691477E-06  0.1780548E-07  0.2691477E-06  0.1780548E-07  0.0000000E+00  0.0000000E+00  0.0000000E+00  0.0000000E+00  0.0000000E+00  0.0000000E+00
  2.25927  3.75000  0.99600  1.16374  0.2722551E-06  0.1803802E-07  0.2722551E-06  0.1803802E-07  0.0000000E+00  0.0000000E+00  0.0000000E+00  0.0000000E+00  0.0000000E+00  0.0000000E+00
  2.25978  3.75000  0.99700  1.16474  0.2753982E-06  0.1827353E-07  0.2753982E-06  0.1827353E-07  0.0000000E+00  0.0000000E+00  0.0000000E+00  0.0000000E+00  0.0000000E+00  0.0000000E+00
  2.26030  3.75000  0.99800  1.16574  0.2785773E-06  0.1851204E-07  0.2785773E-06  0.1851204E-07  0.0000000E+00  0.0000000E+00  0.0000000E+00  0.0000000E+00  0.0000000E+00  0.0000000E+00
  2.26082  3.75000  0.99900  1.16674  0.2817928E-06  0.1875359E-07  0.2817928E-06  0.1875359E-07  0.0000000E+00  0.0000000E+00  0.0000000E+00  0.0000000E+00  0.0000000E+00  0.0000000E+00
  2.26133  3.75000  1.00000  1.16774  0.2850452E-06  0.1899823E-07  0.2850452E-06  0.1899823E-07  0.0000000E+00  0.0000000E+00  0.0000000E+00  0.0000000E+00  0.0000000E+00  0.0000000E+00
  2.26185  3.75000  1.00100  1.16874  0.2883348E-06  0.1924597E-07  0.2883348E-06  0.1924597E-07  0.0000000E+00  0.0000000E+00  0.0000000E+00  0.0000000E+00  0.0000000E+00  0.0000000E+00
  2.26236  3.75000  1.00200  1.16974  0.2916621E-06  0.1949688E-07  0.2916621E-06  0.1949688E-07  0.0000000E+00  0.0000000E+00  0.0000000E+00  0.0000000E+00  0.0000000E+00  0.0000000E+00
  2.26288  3.75000  1.00300  1.17074  0.2950276E-06  0.1975098E-07  0.2950276E-06  0.1975098E-07  0.0000000E+00  0.0000000E+00  0.0000000E+00  0.0000000E+00  0.0000000E+00  0.0000000E+00
  2.26340  3.75000  1.00400  1.17174  0.2984315E-06  0.2000832E-07  0.2984315E-06  0.2000832E-07  0.0000000E+00  0.0000000E+00  0.0000000E+00  0.0000000E+00  0.0000000E+00  0.0000000E+00
  2.26392  3.75000  1.00500  1.17274  0.3018744E-06  0.2026893E-07  0.3018744E-06  0.2026893E-07  0.0000000E+00  0.0000000E+00  0.0000000E+00  0.0000000E+00  0.0000000E+00  0.0000000E+00
  2.26444  3.75000  1.00600  1.17374  0.3053568E-06  0.2053285E-07  0.3053568E-06  0.2053285E-07  0.0000000E+00  0.0000000E+00  0.0000000E+00  0.0000000E+00  0.0000000E+00  0.0000000E+00
  2.26495  3.75000  1.00700  1.17474  0.3088790E-06  0.2080014E-07  0.3088790E-06  0.2080014E-07  0.0000000E+00  0.0000000E+00  0.0000000E+00  0.0000000E+00  0.0000000E+00  0.0000000E+00
  2.26547  3.75000  1.00800  1.17574  0.3124415E-06  0.2107082E-07  0.3124415E-06  0.2107082E-07  0.0000000E+00  0.0000000E+00  0.0000000E+00  0.0000000E+00  0.0000000E+00  0.0000000E+00
  2.26599  3.75000  1.00900  1.17674  0.3160448E-06  0.2134495E-07  0.3160448E-06  0.2134495E-07  0.0000000E+00  0.0000000E+00  0.0000000E+00  0.0000000E+00  0.0000000E+00  0.0000000E+00
  2.26651  3.75000  1.01000  1.17774  0.3196893E-06  0.2162256E-07  0.3196893E-06  0.2162256E-07  0.0000000E+00  0.0000000E+00  0.0000000E+00  0.0000000E+00  0.0000000E+00  0.0000000E+00
  2.26703  3.75000  1.01100  1.17874  0.3233755E-06  0.2190369E-07  0.3233755E-06  0.2190369E-07  0.0000000E+00  0.0000000E+00  0.0000000E+00  0.0000000E+00  0.0000000E+00  0.0000000E+00
  2.26755  3.75000  1.01200  1.17974  0.3271038E-06  0.2218840E-07  0.3271038E-06  0.2218840E-07  0.0000000E+00  0.0000000E+00  0.0000000E+00  0.0000000E+00  0.0000000E+00  0.0000000E+00
  2.26807  3.75000  1.01300  1.18074  0.3308748E-06  0.2247672E-07  0.3308748E-06  0.2247672E-07  0.0000000E+00  0.0000000E+00  0.0000000E+00  0.0000000E+00  0.0000000E+00  0.0000000E+00
  2.26859  3.75000  1.01400  1.18174  0.3346890E-06  0.2276871E-07  0.3346890E-06  0.2276871E-07  0.0000000E+00  0.0000000E+00  0.0000000E+00  0.0000000E+00  0.0000000E+00  0.0000000E+00
  2.26911  3.75000  1.01500  1.18274  0.3385467E-06  0.2306439E-07  0.3385467E-06  0.2306439E-07  0.0000000E+00  0.0000000E+00  0.0000000E+00  0.0000000E+00  0.0000000E+00  0.0000000E+00
  2.26964  3.75000  1.01600  1.18374  0.3424485E-06  0.2336383E-07  0.3424485E-06  0.2336383E-07  0.0000000E+00  0.0000000E+00  0.0000000E+00  0.0000000E+00  0.0000000E+00  0.0000000E+00
  2.27016  3.75000  1.01700  1.18474  0.3463950E-06  0.2366707E-07  0.3463950E-06  0.2366707E-07  0.0000000E+00  0.0000000E+00  0.0000000E+00  0.0000000E+00  0.0000000E+00  0.0000000E+00
  2.27068  3.75000  1.01800  1.18574  0.3503865E-06  0.2397416E-07  0.3503865E-06  0.2397416E-07  0.0000000E+00  0.0000000E+00  0.0000000E+00  0.0000000E+00  0.0000000E+00  0.0000000E+00
  2.27120  3.75000  1.01900  1.18674  0.3544236E-06  0.2428513E-07  0.3544236E-06  0.2428513E-07  0.0000000E+00  0.0000000E+00  0.0000000E+00  0.0000000E+00  0.0000000E+00  0.0000000E+00
  2.27172  3.75000  1.02000  1.18774  0.3585069E-06  0.2460005E-07  0.3585069E-06  0.2460005E-07  0.0000000E+00  0.0000000E+00  0.0000000E+00  0.0000000E+00  0.0000000E+00  0.0000000E+00
  2.27225  3.75000  1.02100  1.18874  0.3626368E-06  0.2491895E-07  0.3626368E-06  0.2491895E-07  0.0000000E+00  0.0000000E+00  0.0000000E+00  0.0000000E+00  0.0000000E+00  0.0000000E+00
  2.27277  3.75000  1.02200  1.18974  0.3668139E-06  0.2524190E-07  0.3668139E-06  0.2524190E-07  0.0000000E+00  0.0000000E+00  0.0000000E+00  0.0000000E+00  0.0000000E+00  0.0000000E+00
  2.27329  3.75000  1.02300  1.19074  0.3710387E-06  0.2556893E-07  0.3710387E-06  0.2556893E-07  0.0000000E+00  0.0000000E+00  0.0000000E+00  0.0000000E+00  0.0000000E+00  0.0000000E+00
  2.27382  3.75000  1.02400  1.19174  0.3753117E-06  0.2590011E-07  0.3753117E-06  0.2590011E-07  0.0000000E+00  0.0000000E+00  0.0000000E+00  0.0000000E+00  0.0000000E+00  0.0000000E+00
  2.27434  3.75000  1.02500  1.19274  0.3796335E-06  0.2623547E-07  0.3796335E-06  0.2623547E-07  0.0000000E+00  0.0000000E+00  0.0000000E+00  0.0000000E+00  0.0000000E+00  0.0000000E+00
  2.27487  3.75000  1.02600  1.19374  0.3840046E-06  0.2657508E-07  0.3840046E-06  0.2657508E-07  0.0000000E+00  0.0000000E+00  0.0000000E+00  0.0000000E+00  0.0000000E+00  0.0000000E+00
  2.27539  3.75000  1.02700  1.19474  0.3884256E-06  0.2691898E-07  0.3884256E-06  0.2691898E-07  0.0000000E+00  0.0000000E+00  0.0000000E+00  0.0000000E+00  0.0000000E+00  0.0000000E+00
  2.27592  3.75000  1.02800  1.19574  0.3928970E-06  0.2726722E-07  0.3928970E-06  0.2726722E-07  0.0000000E+00  0.0000000E+00  0.0000000E+00  0.0000000E+00  0.0000000E+00  0.0000000E+00
  2.27644  3.75000  1.02900  1.19674  0.3974194E-06  0.2761987E-07  0.3974194E-06  0.2761987E-07  0.0000000E+00  0.0000000E+00  0.0000000E+00  0.0000000E+00  0.0000000E+00  0.0000000E+00
  2.27697  3.75000  1.03000  1.19774  0.4019935E-06  0.2797697E-07  0.4019935E-06  0.2797697E-07  0.0000000E+00  0.0000000E+00  0.0000000E+00  0.0000000E+00  0.0000000E+00  0.0000000E+00
  2.27749  3.75000  1.03100  1.19874  0.4066197E-06  0.2833859E-07  0.4066197E-06  0.2833859E-07  0.0000000E+00  0.0000000E+00  0.0000000E+00  0.0000000E+00  0.0000000E+00  0.0000000E+00
  2.27802  3.75000  1.03200  1.19974  0.4112986E-06  0.2870477E-07  0.4112986E-06  0.2870477E-07  0.0000000E+00  0.0000000E+00  0.0000000E+00  0.0000000E+00  0.0000000E+00  0.0000000E+00
  2.27855  3.75000  1.03300  1.20074  0.4160309E-06  0.2907557E-07  0.4160309E-06  0.2907557E-07  0.0000000E+00  0.0000000E+00  0.0000000E+00  0.0000000E+00  0.0000000E+00  0.0000000E+00
  2.27907  3.75000  1.03400  1.20174  0.4208171E-06  0.2945105E-07  0.4208171E-06  0.2945105E-07  0.0000000E+00  0.0000000E+00  0.0000000E+00  0.0000000E+00  0.0000000E+00  0.0000000E+00
  2.27960  3.75000  1.03500  1.20274  0.4256578E-06  0.2983126E-07  0.4256578E-06  0.2983126E-07  0.0000000E+00  0.0000000E+00  0.0000000E+00  0.0000000E+00  0.0000000E+00  0.0000000E+00
  2.28013  3.75000  1.03600  1.20374  0.4305537E-06  0.3021627E-07  0.4305537E-06  0.3021627E-07  0.0000000E+00  0.0000000E+00  0.0000000E+00  0.0000000E+00  0.0000000E+00  0.0000000E+00
  2.28066  3.75000  1.03700  1.20474  0.4355053E-06  0.3060614E-07  0.4355053E-06  0.3060614E-07  0.0000000E+00  0.0000000E+00  0.0000000E+00  0.0000000E+00  0.0000000E+00  0.0000000E+00
  2.28119  3.75000  1.03800  1.20574  0.4405134E-06  0.3100091E-07  0.4405134E-06  0.3100091E-07  0.0000000E+00  0.0000000E+00  0.0000000E+00  0.0000000E+00  0.0000000E+00  0.0000000E+00
  2.28172  3.75000  1.03900  1.20674  0.4455785E-06  0.3140066E-07  0.4455785E-06  0.3140066E-07  0.0000000E+00  0.0000000E+00  0.0000000E+00  0.0000000E+00  0.0000000E+00  0.0000000E+00
  2.28224  3.75000  1.04000  1.20774  0.4507012E-06  0.3180544E-07  0.4507012E-06  0.3180544E-07  0.0000000E+00  0.0000000E+00  0.0000000E+00  0.0000000E+00  0.0000000E+00  0.0000000E+00
  2.28277  3.75000  1.04100  1.20874  0.4558822E-06  0.3221532E-07  0.4558822E-06  0.3221532E-07  0.0000000E+00  0.0000000E+00  0.0000000E+00  0.0000000E+00  0.0000000E+00  0.0000000E+00
  2.28330  3.75000  1.04200  1.20974  0.4611222E-06  0.3263036E-07  0.4611222E-06  0.3263036E-07  0.0000000E+00  0.0000000E+00  0.0000000E+00  0.0000000E+00  0.0000000E+00  0.0000000E+00
  2.28383  3.75000  1.04300  1.21074  0.4666154E-06  0.3306480E-07  0.4664218E-06  0.3305062E-07  0.1936067E-09  0.1418490E-10  0.0000000E+00  0.0000000E+00  0.0000000E+00  0.0000000E+00
  2.28436  3.75000  1.04400  1.21174  0.4720507E-06  0.3349784E-07  0.4717817E-06  0.3347616E-07  0.2690225E-09  0.2168031E-10  0.0000000E+00  0.0000000E+00  0.0000000E+00  0.0000000E+00
  2.28489  3.75000  1.04500  1.21274  0.4775529E-06  0.3393699E-07  0.4772026E-06  0.3390706E-07  0.3503461E-09  0.2992898E-10  0.0000000E+00  0.0000000E+00  0.0000000E+00  0.0000000E+00
  2.28543  3.75000  1.04600  1.21374  0.4831221E-06  0.3438215E-07  0.4826850E-06  0.3434337E-07  0.4371010E-09  0.3878927E-10  0.0000000E+00  0.0000000E+00  0.0000000E+00  0.0000000E+00
  2.28596  3.75000  1.04700  1.21474  0.4887588E-06  0.3483332E-07  0.4882298E-06  0.3478516E-07  0.5289633E-09  0.4816635E-10  0.0000000E+00  0.0000000E+00  0.0000000E+00  0.0000000E+00
  2.28649  3.75000  1.04800  1.21574  0.4944633E-06  0.3529049E-07  0.4938376E-06  0.3523250E-07  0.6257041E-09  0.5799345E-10  0.0000000E+00  0.0000000E+00  0.0000000E+00  0.0000000E+00
  2.28702  3.75000  1.04900  1.21674  0.5002363E-06  0.3575367E-07  0.4995092E-06  0.3568545E-07  0.7271586E-09  0.6822193E-10  0.0000000E+00  0.0000000E+00  0.0000000E+00  0.0000000E+00
  2.28755  3.75000  1.05000  1.21774  0.5060783E-06  0.3622291E-07  0.5052451E-06  0.3614409E-07  0.8332076E-09  0.7881565E-10  0.0000000E+00  0.0000000E+00  0.0000000E+00  0.0000000E+00
  2.28808  3.75000  1.05100  1.21874  0.5119900E-06  0.3669823E-07  0.5110462E-06  0.3660849E-07  0.9437652E-09  0.8974738E-10  0.0000000E+00  0.0000000E+00  0.0000000E+00  0.0000000E+00
  2.28862  3.75000  1.05200  1.21974  0.5179720E-06  0.3717970E-07  0.5169132E-06  0.3707871E-07  0.1058772E-08  0.1009964E-09  0.0000000E+00  0.0000000E+00  0.0000000E+00  0.0000000E+00
  2.28915  3.75000  1.05300  1.22074  0.5240249E-06  0.3766737E-07  0.5228468E-06  0.3755482E-07  0.1178187E-08  0.1125470E-09  0.0000000E+00  0.0000000E+00  0.0000000E+00  0.0000000E+00
  2.28968  3.75000  1.05400  1.22174  0.5301497E-06  0.3816129E-07  0.5288477E-06  0.3803690E-07  0.1301989E-08  0.1243871E-09  0.0000000E+00  0.0000000E+00  0.0000000E+00  0.0000000E+00
  2.29022  3.75000  1.05500  1.22274  0.5363468E-06  0.3866153E-07  0.5349167E-06  0.3852502E-07  0.1430166E-08  0.1365078E-09  0.0000000E+00  0.0000000E+00  0.0000000E+00  0.0000000E+00
  2.29075  3.75000  1.05600  1.22374  0.5426172E-06  0.3916816E-07  0.5410545E-06  0.3901926E-07  0.1562722E-08  0.1489024E-09  0.0000000E+00  0.0000000E+00  0.0000000E+00  0.0000000E+00
  2.29129  3.75000  1.05700  1.22474  0.5489616E-06  0.3968124E-07  0.5472619E-06  0.3951968E-07  0.1699668E-08  0.1615659E-09  0.0000000E+00  0.0000000E+00  0.0000000E+00  0.0000000E+00
  2.29182  3.75000  1.05800  1.22574  0.5553808E-06  0.4020086E-07  0.5535398E-06  0.4002636E-07  0.1841023E-08  0.1744952E-09  0.0000000E+00  0.0000000E+00  0.0000000E+00  0.0000000E+00
  2.29236  3.75000  1.05900  1.22674  0.5618756E-06  0.4072707E-07  0.5598888E-06  0.4053939E-07  0.1986814E-08  0.1876882E-09  0.0000000E+00  0.0000000E+00  0.0000000E+00  0.0000000E+00
  2.29289  3.75000  1.06000  1.22774  0.5684468E-06  0.4125997E-07  0.5663097E-06  0.4105883E-07  0.2137078E-08  0.2011438E-09  0.0000000E+00  0.0000000E+00  0.0000000E+00  0.0000000E+00
  2.29343  3.75000  1.06100  1.22874  0.5753710E-06  0.4182144E-07  0.5728034E-06  0.4158476E-07  0.2567583E-08  0.2366804E-09  0.0000000E+00  0.0000000E+00  0.0000000E+00  0.0000000E+00
  2.29396  3.75000  1.06200  1.22974  0.5821931E-06  0.4237784E-07  0.5793706E-06  0.4211726E-07  0.2822506E-08  0.2605740E-09  0.0000000E+00  0.0000000E+00  0.0000000E+00  0.0000000E+00
  2.29450  3.75000  1.06300  1.23074  0.5891012E-06  0.4294202E-07  0.5860122E-06  0.4265642E-07  0.3088997E-08  0.2855997E-09  0.0000000E+00  0.0000000E+00  0.0000000E+00  0.0000000E+00
  2.29504  3.75000  1.06400  1.23174  0.5960956E-06  0.4351392E-07  0.5927290E-06  0.4320231E-07  0.3366621E-08  0.3116091E-09  0.0000000E+00  0.0000000E+00  0.0000000E+00  0.0000000E+00
  2.29557  3.75000  1.06500  1.23274  0.6031769E-06  0.4409351E-07  0.5995218E-06  0.4375501E-07  0.3655101E-08  0.3385013E-09  0.0000000E+00  0.0000000E+00  0.0000000E+00  0.0000000E+00
  2.29611  3.75000  1.06600  1.23374  0.6103457E-06  0.4468082E-07  0.6063915E-06  0.4431461E-07  0.3954258E-08  0.3662051E-09  0.0000000E+00  0.0000000E+00  0.0000000E+00  0.0000000E+00
  2.29665  3.75000  1.06700  1.23474  0.6176028E-06  0.4527586E-07  0.6133388E-06  0.4488119E-07  0.4263987E-08  0.3946691E-09  0.0000000E+00  0.0000000E+00  0.0000000E+00  0.0000000E+00
  2.29718  3.75000  1.06800  1.23574  0.6249490E-06  0.4587869E-07  0.6203648E-06  0.4545484E-07  0.4584235E-08  0.4238558E-09  0.0000000E+00  0.0000000E+00  0.0000000E+00  0.0000000E+00
  2.29772  3.75000  1.06900  1.23674  0.6323851E-06  0.4648937E-07  0.6274701E-06  0.4603563E-07  0.4914990E-08  0.4537381E-09  0.0000000E+00  0.0000000E+00  0.0000000E+00  0.0000000E+00
  2.29826  3.75000  1.07000  1.23774  0.6399120E-06  0.4710795E-07  0.6346558E-06  0.4662366E-07  0.5256271E-08  0.4842962E-09  0.0000000E+00  0.0000000E+00  0.0000000E+00  0.0000000E+00
  2.29880  3.75000  1.07100  1.23874  0.6475307E-06  0.4773452E-07  0.6419226E-06  0.4721901E-07  0.5608124E-08  0.5155162E-09  0.0000000E+00  0.0000000E+00  0.0000000E+00  0.0000000E+00
  2.29934  3.75000  1.07200  1.23974  0.6552421E-06  0.4836916E-07  0.6492715E-06  0.4782177E-07  0.5970620E-08  0.5473888E-09  0.0000000E+00  0.0000000E+00  0.0000000E+00  0.0000000E+00
  2.29988  3.75000  1.07300  1.24074  0.6630473E-06  0.4901194E-07  0.6567034E-06  0.4843203E-07  0.6343845E-08  0.5799081E-09  0.0000000E+00  0.0000000E+00  0.0000000E+00  0.0000000E+00
  2.30042  3.75000  1.07400  1.24174  0.6709471E-06  0.4966296E-07  0.6642192E-06  0.4904988E-07  0.6727904E-08  0.6130711E-09  0.0000000E+00  0.0000000E+00  0.0000000E+00  0.0000000E+00
  2.30096  3.75000  1.07500  1.24274  0.6789427E-06  0.5032230E-07  0.6718198E-06  0.4967542E-07  0.7122917E-08  0.6468773E-09  0.0000000E+00  0.0000000E+00  0.0000000E+00  0.0000000E+00
  2.30150  3.75000  1.07600  1.24374  0.6870352E-06  0.5099006E-07  0.6795062E-06  0.5030873E-07  0.7529017E-08  0.6813281E-09  0.0000000E+00  0.0000000E+00  0.0000000E+00  0.0000000E+00
  2.30204  3.75000  1.07700  1.24474  0.6952255E-06  0.5166633E-07  0.6872792E-06  0.5094990E-07  0.7946351E-08  0.7164262E-09  0.0000000E+00  0.0000000E+00  0.0000000E+00  0.0000000E+00
  2.30258  3.75000  1.07800  1.24574  0.7037769E-06  0.5237089E-07  0.6951399E-06  0.5159904E-07  0.8637083E-08  0.7718462E-09  0.0000000E+00  0.0000000E+00  0.0000000E+00  0.0000000E+00
  2.30312  3.75000  1.07900  1.24674  0.7122768E-06  0.5307606E-07  0.7030891E-06  0.5225624E-07  0.9187688E-08  0.8198215E-09  0.0000000E+00  0.0000000E+00  0.0000000E+00  0.0000000E+00
  2.30366  3.75000  1.08000  1.24774  0.7208870E-06  0.5379133E-07  0.7111279E-06  0.5292159E-07  0.9759093E-08  0.8697407E-09  0.0000000E+00  0.0000000E+00  0.0000000E+00  0.0000000E+00
  2.30420  3.75000  1.08100  1.24874  0.7296080E-06  0.5451655E-07  0.7192573E-06  0.5359519E-07  0.1035070E-07  0.9213563E-09  0.0000000E+00  0.0000000E+00  0.0000000E+00  0.0000000E+00
  2.30475  3.75000  1.08200  1.24974  0.7384404E-06  0.5525165E-07  0.7274782E-06  0.5427714E-07  0.1096218E-07  0.9745092E-09  0.0000000E+00  0.0000000E+00  0.0000000E+00  0.0000000E+00
  2.30529  3.75000  1.08300  1.25074  0.7473850E-06  0.5599663E-07  0.7357917E-06  0.5496754E-07  0.1159337E-07  0.1029091E-08  0.0000000E+00  0.0000000E+00  0.0000000E+00  0.0000000E+00
  2.30583  3.75000  1.08400  1.25174  0.7564429E-06  0.5675152E-07  0.7441986E-06  0.5566650E-07  0.1224422E-07  0.1085028E-08  0.0000000E+00  0.0000000E+00  0.0000000E+00  0.0000000E+00
  2.30637  3.75000  1.08500  1.25274  0.7656150E-06  0.5751637E-07  0.7527002E-06  0.5637410E-07  0.1291478E-07  0.1142266E-08  0.0000000E+00  0.0000000E+00  0.0000000E+00  0.0000000E+00
  2.30692  3.75000  1.08600  1.25374  0.7749025E-06  0.5829124E-07  0.7612973E-06  0.5709047E-07  0.1360512E-07  0.1200769E-08  0.0000000E+00  0.0000000E+00  0.0000000E+00  0.0000000E+00
  2.30746  3.75000  1.08700  1.25474  0.7843065E-06  0.5907620E-07  0.7699911E-06  0.5781569E-07  0.1431541E-07  0.1260513E-08  0.0000000E+00  0.0000000E+00  0.0000000E+00  0.0000000E+00
  2.30800  3.75000  1.08800  1.25574  0.7938284E-06  0.5987136E-07  0.7787826E-06  0.5854988E-07  0.1504583E-07  0.1321480E-08  0.0000000E+00  0.0000000E+00  0.0000000E+00  0.0000000E+00
  2.30855  3.75000  1.08900  1.25674  0.8034694E-06  0.6067681E-07  0.7876728E-06  0.5929315E-07  0.1579660E-07  0.1383661E-08  0.0000000E+00  0.0000000E+00  0.0000000E+00  0.0000000E+00
  2.30909  3.75000  1.09000  1.25774  0.8132308E-06  0.6149265E-07  0.7966628E-06  0.6004559E-07  0.1656798E-07  0.1447054E-08  0.0000000E+00  0.0000000E+00  0.0000000E+00  0.0000000E+00
  2.30964  3.75000  1.09100  1.25874  0.8231139E-06  0.6231899E-07  0.8057537E-06  0.6080733E-07  0.1736023E-07  0.1511658E-08  0.0000000E+00  0.0000000E+00  0.0000000E+00  0.0000000E+00
  2.31018  3.75000  1.09200  1.25974  0.8331203E-06  0.6315594E-07  0.8149466E-06  0.6157847E-07  0.1817366E-07  0.1577476E-08  0.0000000E+00  0.0000000E+00  0.0000000E+00  0.0000000E+00
  2.31073  3.75000  1.09300  1.26074  0.8432513E-06  0.6400363E-07  0.8242427E-06  0.6235912E-07  0.1900859E-07  0.1644517E-08  0.0000000E+00  0.0000000E+00  0.0000000E+00  0.0000000E+00
  2.31127  3.75000  1.09400  1.26174  0.8535083E-06  0.6486218E-07  0.8336429E-06  0.6314939E-07  0.1986537E-07  0.1712788E-08  0.0000000E+00  0.0000000E+00  0.0000000E+00  0.0000000E+00
  2.31182  3.75000  1.09500  1.26274  0.8638929E-06  0.6573171E-07  0.8431485E-06  0.6394941E-07  0.2074434E-07  0.1782301E-08  0.0000000E+00  0.0000000E+00  0.0000000E+00  0.0000000E+00
  2.31237  3.75000  1.09600  1.26374  0.8747510E-06  0.6663973E-07  0.8527606E-06  0.6475928E-07  0.2199038E-07  0.1880454E-08  0.0000000E+00  0.0000000E+00  0.0000000E+00  0.0000000E+00
  2.31291  3.75000  1.09700  1.26474  0.8855316E-06  0.6754646E-07  0.8624803E-06  0.6557912E-07  0.2305123E-07  0.1967341E-08  0.0000000E+00  0.0000000E+00  0.0000000E+00  0.0000000E+00
  2.31346  3.75000  1.09800  1.26574  0.8964551E-06  0.6846609E-07  0.8723088E-06  0.6640905E-07  0.2414622E-07  0.2057042E-08  0.0000000E+00  0.0000000E+00  0.0000000E+00  0.0000000E+00
  2.31401  3.75000  1.09900  1.26674  0.9075223E-06  0.6939847E-07  0.8822473E-06  0.6724919E-07  0.2527492E-07  0.2149281E-08  0.0000000E+00  0.0000000E+00  0.0000000E+00  0.0000000E+00
  2.31456  3.75000  1.10000  1.26774  0.9187342E-06  0.7034354E-07  0.8922970E-06  0.6809965E-07  0.2643716E-07  0.2243881E-08  0.0000000E+00  0.0000000E+00  0.0000000E+00  0.0000000E+00
  2.31510  3.75000  1.10100  1.26874  0.9300920E-06  0.7130130E-07  0.9024590E-06  0.6896057E-07  0.2763297E-07  0.2340723E-08  0.0000000E+00  0.0000000E+00  0.0000000E+00  0.0000000E+00
  2.31565  3.75000  1.10200  1.26974  0.9415971E-06  0.7227179E-07  0.9127346E-06  0.6983206E-07  0.2886253E-07  0.2439727E-08  0.0000000E+00  0.0000000E+00  0.0000000E+00  0.0000000E+00
  2.31620  3.75000  1.10300  1.27074  0.9532510E-06  0.7325509E-07  0.9231249E-06  0.7071425E-07  0.3012608E-07  0.2540837E-08  0.0000000E+00  0.0000000E+00  0.0000000E+00  0.0000000E+00
  2.31675  3.75000  1.10400  1.27174  0.9650552E-06  0.7425129E-07  0.9336313E-06  0.7160727E-07  0.3142397E-07  0.2644019E-08  0.0000000E+00  0.0000000E+00  0.0000000E+00  0.0000000E+00
  2.31730  3.75000  1.10500  1.27274  0.9770115E-06  0.7526048E-07  0.9442549E-06  0.7251123E-07  0.3275657E-07  0.2749251E-08  0.0000000E+00  0.0000000E+00  0.0000000E+00  0.0000000E+00
  2.31785  3.75000  1.10600  1.27374  0.9891214E-06  0.7628280E-07  0.9549970E-06  0.7342628E-07  0.3412432E-07  0.2856520E-08  0.0000000E+00  0.0000000E+00  0.0000000E+00  0.0000000E+00
  2.31840  3.75000  1.10700  1.27474  0.1001387E-05  0.7731836E-07  0.9658590E-06  0.7435253E-07  0.3552771E-07  0.2965823E-08  0.0000000E+00  0.0000000E+00  0.0000000E+00  0.0000000E+00
  2.31895  3.75000  1.10800  1.27574  0.1013809E-05  0.7836729E-07  0.9768419E-06  0.7529013E-07  0.3696723E-07  0.3077164E-08  0.0000000E+00  0.0000000E+00  0.0000000E+00  0.0000000E+00
  2.31950  3.75000  1.10900  1.27674  0.1026391E-05  0.7942975E-07  0.9879473E-06  0.7623920E-07  0.3844344E-07  0.3190549E-08  0.0000000E+00  0.0000000E+00  0.0000000E+00  0.0000000E+00
  2.32005  3.75000  1.11000  1.27774  0.1039133E-05  0.8050587E-07  0.9991763E-06  0.7719988E-07  0.3995688E-07  0.3305992E-08  0.0000000E+00  0.0000000E+00  0.0000000E+00  0.0000000E+00
  2.32060  3.75000  1.11100  1.27874  0.1052038E-05  0.8159581E-07  0.1010530E-05  0.7817230E-07  0.4150816E-07  0.3423508E-08  0.0000000E+00  0.0000000E+00  0.0000000E+00  0.0000000E+00
  2.32115  3.75000  1.11200  1.27974  0.1065108E-05  0.8269972E-07  0.1022011E-05  0.7915660E-07  0.4309787E-07  0.3543113E-08  0.0000000E+00  0.0000000E+00  0.0000000E+00  0.0000000E+00
  2.32170  3.75000  1.11300  1.28074  0.1078345E-05  0.8381775E-07  0.1033619E-05  0.8015292E-07  0.4472664E-07  0.3664828E-08  0.0000000E+00  0.0000000E+00  0.0000000E+00  0.0000000E+00
  2.32225  3.75000  1.11400  1.28174  0.1092181E-05  0.8498568E-07  0.1045356E-05  0.8116141E-07  0.4682528E-07  0.3824270E-08  0.0000000E+00  0.0000000E+00  0.0000000E+00  0.0000000E+00
  2.32281  3.75000  1.11500  1.28274  0.1105923E-05  0.8615116E-07  0.1057223E-05  0.8218219E-07  0.4870009E-07  0.3968972E-08  0.0000000E+00  0.0000000E+00  0.0000000E+00  0.0000000E+00
  2.32336  3.75000  1.11600  1.28374  0.1119851E-05  0.8733314E-07  0.1069222E-05  0.8321541E-07  0.5062880E-07  0.4117726E-08  0.0000000E+00  0.0000000E+00  0.0000000E+00  0.0000000E+00
  2.32391  3.75000  1.11700  1.28474  0.1133965E-05  0.8853143E-07  0.1081354E-05  0.8426123E-07  0.5261107E-07  0.4270206E-08  0.0000000E+00  0.0000000E+00  0.0000000E+00  0.0000000E+00
  2.32446  3.75000  1.11800  1.28574  0.1148268E-05  0.8974598E-07  0.1093621E-05  0.8531978E-07  0.5464687E-07  0.4426201E-08  0.0000000E+00  0.0000000E+00  0.0000000E+00  0.0000000E+00
  2.32502  3.75000  1.11900  1.28674  0.1162760E-05  0.9097678E-07  0.1106024E-05  0.8639121E-07  0.5673641E-07  0.4585571E-08  0.0000000E+00  0.0000000E+00  0.0000000E+00  0.0000000E+00
  2.32557  3.75000  1.12000  1.28774  0.1177444E-05  0.9222389E-07  0.1118564E-05  0.8747567E-07  0.5888000E-07  0.4748222E-08  0.0000000E+00  0.0000000E+00  0.0000000E+00  0.0000000E+00
  2.32612  3.75000  1.12100  1.28874  0.1192322E-05  0.9348741E-07  0.1131244E-05  0.8857332E-07  0.6107807E-07  0.4914091E-08  0.0000000E+00  0.0000000E+00  0.0000000E+00  0.0000000E+00
  2.32668  3.75000  1.12200  1.28974  0.1207394E-05  0.9476743E-07  0.1144063E-05  0.8968430E-07  0.6333111E-07  0.5083136E-08  0.0000000E+00  0.0000000E+00  0.0000000E+00  0.0000000E+00
  2.32723  3.75000  1.12300  1.29074  0.1222664E-05  0.9606410E-07  0.1157024E-05  0.9080876E-07  0.6563965E-07  0.5255333E-08  0.0000000E+00  0.0000000E+00  0.0000000E+00  0.0000000E+00
  2.32779  3.75000  1.12400  1.29174  0.1238133E-05  0.9737754E-07  0.1170129E-05  0.9194687E-07  0.6800428E-07  0.5430667E-08  0.0000000E+00  0.0000000E+00  0.0000000E+00  0.0000000E+00
  2.32834  3.75000  1.12500  1.29274  0.1253804E-05  0.9870792E-07  0.1183379E-05  0.9309879E-07  0.7042559E-07  0.5609135E-08  0.0000000E+00  0.0000000E+00  0.0000000E+00  0.0000000E+00
  2.32890  3.75000  1.12600  1.29374  0.1269679E-05  0.1000554E-06  0.1196774E-05  0.9426466E-07  0.7290420E-07  0.5790740E-08  0.0000000E+00  0.0000000E+00  0.0000000E+00  0.0000000E+00
  2.32945  3.75000  1.12700  1.29474  0.1285759E-05  0.1014201E-06  0.1210318E-05  0.9544465E-07  0.7544073E-07  0.5975489E-08  0.0000000E+00  0.0000000E+00  0.0000000E+00  0.0000000E+00
  2.33001  3.75000  1.12800  1.29574  0.1302047E-05  0.1028023E-06  0.1224011E-05  0.9663892E-07  0.7803580E-07  0.6163396E-08  0.0000000E+00  0.0000000E+00  0.0000000E+00  0.0000000E+00
  2.33057  3.75000  1.12900  1.29674  0.1318545E-05  0.1042021E-06  0.1237855E-05  0.9784764E-07  0.8069002E-07  0.6354474E-08  0.0000000E+00  0.0000000E+00  0.0000000E+00  0.0000000E+00
  2.33112  3.75000  1.13000  1.29774  0.1335256E-05  0.1056197E-06  0.1251852E-05  0.9907097E-07  0.8340400E-07  0.6548741E-08  0.0000000E+00  0.0000000E+00  0.0000000E+00  0.0000000E+00
  2.33168  3.75000  1.13100  1.29874  0.1352181E-05  0.1070553E-06  0.1266003E-05  0.1003091E-06  0.8617832E-07  0.6746215E-08  0.0000000E+00  0.0000000E+00  0.0000000E+00  0.0000000E+00
  2.33224  3.75000  1.13200  1.29974  0.1369834E-05  0.1085524E-06  0.1280309E-05  0.1015621E-06  0.8952486E-07  0.6990270E-08  0.0000000E+00  0.0000000E+00  0.0000000E+00  0.0000000E+00
  2.33279  3.75000  1.13300  1.30074  0.1387394E-05  0.1100477E-06  0.1294773E-05  0.1028303E-06  0.9262079E-07  0.7217337E-08  0.0000000E+00  0.0000000E+00  0.0000000E+00  0.0000000E+00
  2.33335  3.75000  1.13400  1.30174  0.1405190E-05  0.1115638E-06  0.1309396E-05  0.1041138E-06  0.9579424E-07  0.7450016E-08  0.0000000E+00  0.0000000E+00  0.0000000E+00  0.0000000E+00
  2.33391  3.75000  1.13500  1.30274  0.1423224E-05  0.1131006E-06  0.1324180E-05  0.1054127E-06  0.9904445E-07  0.7687884E-08  0.0000000E+00  0.0000000E+00  0.0000000E+00  0.0000000E+00
  2.33447  3.75000  1.13600  1.30374  0.1441497E-05  0.1146579E-06  0.1339126E-05  0.1067273E-06  0.1023710E-06  0.7930663E-08  0.0000000E+00  0.0000000E+00  0.0000000E+00  0.0000000E+00
  2.33503  3.75000  1.13700  1.30474  0.1460009E-05  0.1162358E-06  0.1354236E-05  0.1080577E-06  0.1057737E-06  0.8178160E-08  0.0000000E+00  0.0000000E+00  0.0000000E+00  0.0000000E+00
  2.33559  3.75000  1.13800  1.30574  0.1478763E-05  0.1178343E-06  0.1369511E-05  0.1094040E-06  0.1092524E-06  0.8430241E-08  0.0000000E+00  0.0000000E+00  0.0000000E+00  0.0000000E+00
  2.33614  3.75000  1.13900  1.30674  0.1497761E-05  0.1194534E-06  0.1384954E-05  0.1107666E-06  0.1128070E-06  0.8686805E-08  0.0000000E+00  0.0000000E+00  0.0000000E+00  0.0000000E+00
  2.33670  3.75000  1.14000  1.30774  0.1517004E-05  0.1210933E-06  0.1400566E-05  0.1121455E-06  0.1164377E-06  0.8947781E-08  0.0000000E+00  0.0000000E+00  0.0000000E+00  0.0000000E+00
  2.33726  3.75000  1.14100  1.30874  0.1536493E-05  0.1227541E-06  0.1416349E-05  0.1135410E-06  0.1201442E-06  0.9213114E-08  0.0000000E+00  0.0000000E+00  0.0000000E+00  0.0000000E+00
  2.33782  3.75000  1.14200  1.30974  0.1556231E-05  0.1244360E-06  0.1432305E-05  0.1149532E-06  0.1239267E-06  0.9482763E-08  0.0000000E+00  0.0000000E+00  0.0000000E+00  0.0000000E+00
  2.33838  3.75000  1.14300  1.31074  0.1576220E-05  0.1261390E-06  0.1448435E-05  0.1163823E-06  0.1277850E-06  0.9756697E-08  0.0000000E+00  0.0000000E+00  0.0000000E+00  0.0000000E+00
  2.33895  3.75000  1.14400  1.31174  0.1596460E-05  0.1278634E-06  0.1464741E-05  0.1178286E-06  0.1317191E-06  0.1003489E-07  0.0000000E+00  0.0000000E+00  0.0000000E+00  0.0000000E+00
  2.33951  3.75000  1.14500  1.31274  0.1616953E-05  0.1296094E-06  0.1481225E-05  0.1192921E-06  0.1357286E-06  0.1031733E-07  0.0000000E+00  0.0000000E+00  0.0000000E+00  0.0000000E+00
  2.34007  3.75000  1.14600  1.31374  0.1637702E-05  0.1313771E-06  0.1497889E-05  0.1207731E-06  0.1398135E-06  0.1060398E-07  0.0000000E+00  0.0000000E+00  0.0000000E+00  0.0000000E+00
  2.34063  3.75000  1.14700  1.31474  0.1658708E-05  0.1331667E-06  0.1514734E-05  0.1222719E-06  0.1439734E-06  0.1089485E-07  0.0000000E+00  0.0000000E+00  0.0000000E+00  0.0000000E+00
  2.34119  3.75000  1.14800  1.31574  0.1679971E-05  0.1349784E-06  0.1531763E-05  0.1237885E-06  0.1482079E-06  0.1118990E-07  0.0000000E+00  0.0000000E+00  0.0000000E+00  0.0000000E+00
  2.34175  3.75000  1.14900  1.31674  0.1701494E-05  0.1368123E-06  0.1548977E-05  0.1253232E-06  0.1525166E-06  0.1148914E-07  0.0000000E+00  0.0000000E+00  0.0000000E+00  0.0000000E+00
  2.34232  3.75000  1.15000  1.31774  0.1723854E-05  0.1387180E-06  0.1566379E-05  0.1268762E-06  0.1574757E-06  0.1184179E-07  0.0000000E+00  0.0000000E+00  0.0000000E+00  0.0000000E+00
  2.34288  3.75000  1.15100  1.31874  0.1746136E-05  0.1406250E-06  0.1583969E-05  0.1284477E-06  0.1621666E-06  0.1217735E-07  0.0000000E+00  0.0000000E+00  0.0000000E+00  0.0000000E+00
  2.34344  3.75000  1.15200  1.31974  0.1768700E-05  0.1425580E-06  0.1601751E-05  0.1300379E-06  0.1669487E-06  0.1252006E-07  0.0000000E+00  0.0000000E+00  0.0000000E+00  0.0000000E+00
  2.34400  3.75000  1.15300  1.32074  0.1791545E-05  0.1445163E-06  0.1619725E-05  0.1316470E-06  0.1718196E-06  0.1286930E-07  0.0000000E+00  0.0000000E+00  0.0000000E+00  0.0000000E+00
  2.34457  3.75000  1.15400  1.32174  0.1814672E-05  0.1464999E-06  0.1637895E-05  0.1332752E-06  0.1767774E-06  0.1322466E-07  0.0000000E+00  0.0000000E+00  0.0000000E+00  0.0000000E+00
  2.34513  3.75000  1.15500  1.32274  0.1838081E-05  0.1485086E-06  0.1656261E-05  0.1349228E-06  0.1818202E-06  0.1358583E-07  0.0000000E+00  0.0000000E+00  0.0000000E+00  0.0000000E+00
  2.34570  3.75000  1.15600  1.32374  0.1861773E-05  0.1505425E-06  0.1674826E-05  0.1365899E-06  0.1869465E-06  0.1395259E-07  0.0000000E+00  0.0000000E+00  0.0000000E+00  0.0000000E+00
  2.34626  3.75000  1.15700  1.32474  0.1885747E-05  0.1526015E-06  0.1693592E-05  0.1382768E-06  0.1921547E-06  0.1432477E-07  0.0000000E+00  0.0000000E+00  0.0000000E+00  0.0000000E+00
  2.34683  3.75000  1.15800  1.32574  0.1910004E-05  0.1546858E-06  0.1712561E-05  0.1399836E-06  0.1974432E-06  0.1470220E-07  0.0000000E+00  0.0000000E+00  0.0000000E+00  0.0000000E+00
  2.34739  3.75000  1.15900  1.32674  0.1934545E-05  0.1567955E-06  0.1731734E-05  0.1417107E-06  0.2028104E-06  0.1508477E-07  0.0000000E+00  0.0000000E+00  0.0000000E+00  0.0000000E+00
  2.34796  3.75000  1.16000  1.32774  0.1959370E-05  0.1589305E-06  0.1751115E-05  0.1434581E-06  0.2082547E-06  0.1547238E-07  0.0000000E+00  0.0000000E+00  0.0000000E+00  0.0000000E+00
  2.34852  3.75000  1.16100  1.32874  0.1984479E-05  0.1610912E-06  0.1770704E-05  0.1452263E-06  0.2137746E-06  0.1586492E-07  0.0000000E+00  0.0000000E+00  0.0000000E+00  0.0000000E+00
  2.34909  3.75000  1.16200  1.32974  0.2009873E-05  0.1632776E-06  0.1790505E-05  0.1470152E-06  0.2193683E-06  0.1626231E-07  0.0000000E+00  0.0000000E+00  0.0000000E+00  0.0000000E+00
  2.34965  3.75000  1.16300  1.33074  0.2035552E-05  0.1654898E-06  0.1810518E-05  0.1488253E-06  0.2250341E-06  0.1666447E-07  0.0000000E+00  0.0000000E+00  0.0000000E+00  0.0000000E+00
  2.35022  3.75000  1.16400  1.33174  0.2061517E-05  0.1677281E-06  0.1830747E-05  0.1506567E-06  0.2307704E-06  0.1707133E-07  0.0000000E+00  0.0000000E+00  0.0000000E+00  0.0000000E+00
  2.35079  3.75000  1.16500  1.33274  0.2087768E-05  0.1699925E-06  0.1851193E-05  0.1525097E-06  0.2365753E-06  0.1748281E-07  0.0000000E+00  0.0000000E+00  0.0000000E+00  0.0000000E+00
  2.35135  3.75000  1.16600  1.33374  0.2114306E-05  0.1722833E-06  0.1871859E-05  0.1543845E-06  0.2424470E-06  0.1789883E-07  0.0000000E+00  0.0000000E+00  0.0000000E+00  0.0000000E+00
  2.35192  3.75000  1.16700  1.33474  0.2141130E-05  0.1746006E-06  0.1892746E-05  0.1562813E-06  0.2483836E-06  0.1831934E-07  0.0000000E+00  0.0000000E+00  0.0000000E+00  0.0000000E+00
  2.35249  3.75000  1.16800  1.33574  0.2168853E-05  0.1769960E-06  0.1913857E-05  0.1582003E-06  0.2549957E-06  0.1879568E-07  0.0000000E+00  0.0000000E+00  0.0000000E+00  0.0000000E+00
  2.35306  3.75000  1.16900  1.33674  0.2196525E-05  0.1794001E-06  0.1935194E-05  0.1601419E-06  0.2613308E-06  0.1925814E-07  0.0000000E+00  0.0000000E+00  0.0000000E+00  0.0000000E+00
  2.35363  3.75000  1.17000  1.33774  0.2224508E-05  0.1818351E-06  0.1956760E-05  0.1621063E-06  0.2677484E-06  0.1972886E-07  0.0000000E+00  0.0000000E+00  0.0000000E+00  0.0000000E+00
  2.35419  3.75000  1.17100  1.33874  0.2252800E-05  0.1843005E-06  0.1978555E-05  0.1640936E-06  0.2742444E-06  0.2020695E-07  0.0000000E+00  0.0000000E+00  0.0000000E+00  0.0000000E+00
  2.35476  3.75000  1.17200  1.33974  0.2281399E-05  0.1867960E-06  0.2000584E-05  0.1661042E-06  0.2808156E-06  0.2069180E-07  0.0000000E+00  0.0000000E+00  0.0000000E+00  0.0000000E+00
  2.35533  3.75000  1.17300  1.34074  0.2310306E-05  0.1893212E-06  0.2022847E-05  0.1681382E-06  0.2874589E-06  0.2118296E-07  0.0000000E+00  0.0000000E+00  0.0000000E+00  0.0000000E+00
  2.35590  3.75000  1.17400  1.34174  0.2339520E-05  0.1918762E-06  0.2045348E-05  0.1701961E-06  0.2941718E-06  0.2168009E-07  0.0000000E+00  0.0000000E+00  0.0000000E+00  0.0000000E+00
  2.35647  3.75000  1.17500  1.34274  0.2369040E-05  0.1944608E-06  0.2068088E-05  0.1722779E-06  0.3009516E-06  0.2218293E-07  0.0000000E+00  0.0000000E+00  0.0000000E+00  0.0000000E+00
  2.35704  3.75000  1.17600  1.34374  0.2398867E-05  0.1970752E-06  0.2091070E-05  0.1743840E-06  0.3077962E-06  0.2269125E-07  0.0000000E+00  0.0000000E+00  0.0000000E+00  0.0000000E+00
  2.35761  3.75000  1.17700  1.34474  0.2429000E-05  0.1997195E-06  0.2114297E-05  0.1765146E-06  0.3147034E-06  0.2320489E-07  0.0000000E+00  0.0000000E+00  0.0000000E+00  0.0000000E+00
  2.35818  3.75000  1.17800  1.34574  0.2459441E-05  0.2023937E-06  0.2137769E-05  0.1786700E-06  0.3216714E-06  0.2372371E-07  0.0000000E+00  0.0000000E+00  0.0000000E+00  0.0000000E+00
  2.35875  3.75000  1.17900  1.34674  0.2490189E-05  0.2050979E-06  0.2161491E-05  0.1808504E-06  0.3286981E-06  0.2424758E-07  0.0000000E+00  0.0000000E+00  0.0000000E+00  0.0000000E+00
  2.35932  3.75000  1.18000  1.34774  0.2521246E-05  0.2078325E-06  0.2185464E-05  0.1830561E-06  0.3357817E-06  0.2477641E-07  0.0000000E+00  0.0000000E+00  0.0000000E+00  0.0000000E+00
  2.35989  3.75000  1.18100  1.34874  0.2552611E-05  0.2105975E-06  0.2209691E-05  0.1852874E-06  0.3429205E-06  0.2531012E-07  0.0000000E+00  0.0000000E+00  0.0000000E+00  0.0000000E+00
  2.36047  3.75000  1.18200  1.34974  0.2584286E-05  0.2133931E-06  0.2234173E-05  0.1875445E-06  0.3501127E-06  0.2584860E-07  0.0000000E+00  0.0000000E+00  0.0000000E+00  0.0000000E+00
  2.36104  3.75000  1.18300  1.35074  0.2616271E-05  0.2162196E-06  0.2258915E-05  0.1898278E-06  0.3573565E-06  0.2639178E-07  0.0000000E+00  0.0000000E+00  0.0000000E+00  0.0000000E+00
  2.36161  3.75000  1.18400  1.35174  0.2648567E-05  0.2190770E-06  0.2283917E-05  0.1921374E-06  0.3646504E-06  0.2693959E-07  0.0000000E+00  0.0000000E+00  0.0000000E+00  0.0000000E+00
  2.36218  3.75000  1.18500  1.35274  0.2681175E-05  0.2219657E-06  0.2309182E-05  0.1944737E-06  0.3719927E-06  0.2749196E-07  0.0000000E+00  0.0000000E+00  0.0000000E+00  0.0000000E+00
  2.36276  3.75000  1.18600  1.35374  0.2714096E-05  0.2248858E-06  0.2334714E-05  0.1968370E-06  0.3793819E-06  0.2804881E-07  0.0000000E+00  0.0000000E+00  0.0000000E+00  0.0000000E+00
  2.36333  3.75000  1.18700  1.35474  0.2748244E-05  0.2279233E-06  0.2360514E-05  0.1992274E-06  0.3877299E-06  0.2869588E-07  0.0000000E+00  0.0000000E+00  0.0000000E+00  0.0000000E+00
  2.36390  3.75000  1.18800  1.35574  0.2782135E-05  0.2309505E-06  0.2386585E-05  0.2016454E-06  0.3955503E-06  0.2930515E-07  0.0000000E+00  0.0000000E+00  0.0000000E+00  0.0000000E+00
  2.36448  3.75000  1.18900  1.35674  0.2816368E-05  0.2340141E-06  0.2412929E-05  0.2040912E-06  0.4034392E-06  0.2992295E-07  0.0000000E+00  0.0000000E+00  0.0000000E+00  0.0000000E+00
  2.36505  3.75000  1.19000  1.35774  0.2850943E-05  0.2371135E-06  0.2439550E-05  0.2065650E-06  0.4113931E-06  0.3054846E-07  0.0000000E+00  0.0000000E+00  0.0000000E+00  0.0000000E+00
  2.36562  3.75000  1.19100  1.35874  0.2885858E-05  0.2402483E-06  0.2466448E-05  0.2090672E-06  0.4194095E-06  0.3118108E-07  0.0000000E+00  0.0000000E+00  0.0000000E+00  0.0000000E+00
  2.36620  3.75000  1.19200  1.35974  0.2921115E-05  0.2434185E-06  0.2493629E-05  0.2115981E-06  0.4274860E-06  0.3182037E-07  0.0000000E+00  0.0000000E+00  0.0000000E+00  0.0000000E+00
  2.36677  3.75000  1.19300  1.36074  0.2956713E-05  0.2466240E-06  0.2521093E-05  0.2141580E-06  0.4356206E-06  0.3246602E-07  0.0000000E+00  0.0000000E+00  0.0000000E+00  0.0000000E+00
  2.36735  3.75000  1.19400  1.36174  0.2992655E-05  0.2498648E-06  0.2548843E-05  0.2167471E-06  0.4438117E-06  0.3311775E-07  0.0000000E+00  0.0000000E+00  0.0000000E+00  0.0000000E+00
  2.36792  3.75000  1.19500  1.36274  0.3028940E-05  0.2531411E-06  0.2576882E-05  0.2193657E-06  0.4520578E-06  0.3377539E-07  0.0000000E+00  0.0000000E+00  0.0000000E+00  0.0000000E+00
  2.36850  3.75000  1.19600  1.36374  0.3065571E-05  0.2564530E-06  0.2605213E-05  0.2220142E-06  0.4603578E-06  0.3443879E-07  0.0000000E+00  0.0000000E+00  0.0000000E+00  0.0000000E+00
  2.36908  3.75000  1.19700  1.36474  0.3102549E-05  0.2598008E-06  0.2633839E-05  0.2246929E-06  0.4687102E-06  0.3510784E-07  0.0000000E+00  0.0000000E+00  0.0000000E+00  0.0000000E+00
  2.36965  3.75000  1.19800  1.36574  0.3139875E-05  0.2631845E-06  0.2662761E-05  0.2274021E-06  0.4771142E-06  0.3578244E-07  0.0000000E+00  0.0000000E+00  0.0000000E+00  0.0000000E+00
  2.37023  3.75000  1.19900  1.36674  0.3177552E-05  0.2666045E-06  0.2691983E-05  0.2301420E-06  0.4855686E-06  0.3646252E-07  0.0000000E+00  0.0000000E+00  0.0000000E+00  0.0000000E+00
  2.37081  3.75000  1.20000  1.36774  0.3215580E-05  0.2700610E-06  0.2721508E-05  0.2329130E-06  0.4940724E-06  0.3714801E-07  0.0000000E+00  0.0000000E+00  0.0000000E+00  0.0000000E+00
  2.37138  3.75000  1.20100  1.36874  0.3253962E-05  0.2735542E-06  0.2751338E-05  0.2357154E-06  0.5026247E-06  0.3783885E-07  0.0000000E+00  0.0000000E+00  0.0000000E+00  0.0000000E+00
  2.37196  3.75000  1.20200  1.36974  0.3292700E-05  0.2770845E-06  0.2781475E-05  0.2385495E-06  0.5112245E-06  0.3853499E-07  0.0000000E+00  0.0000000E+00  0.0000000E+00  0.0000000E+00
  2.37254  3.75000  1.20300  1.37074  0.3331795E-05  0.2806520E-06  0.2811924E-05  0.2414157E-06  0.5198710E-06  0.3923637E-07  0.0000000E+00  0.0000000E+00  0.0000000E+00  0.0000000E+00
  2.37311  3.75000  1.20400  1.37174  0.3371249E-05  0.2842571E-06  0.2842686E-05  0.2443142E-06  0.5285634E-06  0.3994296E-07  0.0000000E+00  0.0000000E+00  0.0000000E+00  0.0000000E+00
  2.37369  3.75000  1.20500  1.37274  0.3411936E-05  0.2879778E-06  0.2873764E-05  0.2472454E-06  0.5381719E-06  0.4073242E-07  0.0000000E+00  0.0000000E+00  0.0000000E+00  0.0000000E+00
  2.37427  3.75000  1.20600  1.37374  0.3452501E-05  0.2917085E-06  0.2905162E-05  0.2502096E-06  0.5473394E-06  0.4149898E-07  0.0000000E+00  0.0000000E+00  0.0000000E+00  0.0000000E+00
  2.37485  3.75000  1.20700  1.37474  0.3493464E-05  0.2954836E-06  0.2936881E-05  0.2532071E-06  0.5565828E-06  0.4227656E-07  0.0000000E+00  0.0000000E+00  0.0000000E+00  0.0000000E+00
  2.37543  3.75000  1.20800  1.37574  0.3534823E-05  0.2993022E-06  0.2968925E-05  0.2562383E-06  0.5658984E-06  0.4306391E-07  0.0000000E+00  0.0000000E+00  0.0000000E+00  0.0000000E+00
  2.37601  3.75000  1.20900  1.37674  0.3576580E-05  0.3031636E-06  0.3001297E-05  0.2593034E-06  0.5752834E-06  0.4386018E-07  0.0000000E+00  0.0000000E+00  0.0000000E+00  0.0000000E+00
  2.37659  3.75000  1.21000  1.37774  0.3618735E-05  0.3070677E-06  0.3033999E-05  0.2624029E-06  0.5847359E-06  0.4466479E-07  0.0000000E+00  0.0000000E+00  0.0000000E+00  0.0000000E+00
  2.37717  3.75000  1.21100  1.37874  0.3661289E-05  0.3110144E-06  0.3067035E-05  0.2655371E-06  0.5942541E-06  0.4547731E-07  0.0000000E+00  0.0000000E+00  0.0000000E+00  0.0000000E+00
  2.37775  3.75000  1.21200  1.37974  0.3704244E-05  0.3150037E-06  0.3100407E-05  0.2687063E-06  0.6038365E-06  0.4629743E-07  0.0000000E+00  0.0000000E+00  0.0000000E+00  0.0000000E+00
  2.37833  3.75000  1.21300  1.38074  0.3747601E-05  0.3190357E-06  0.3134119E-05  0.2719108E-06  0.6134822E-06  0.4712491E-07  0.0000000E+00  0.0000000E+00  0.0000000E+00  0.0000000E+00
  2.37891  3.75000  1.21400  1.38174  0.3791363E-05  0.3231106E-06  0.3168173E-05  0.2751510E-06  0.6231902E-06  0.4795959E-07  0.0000000E+00  0.0000000E+00  0.0000000E+00  0.0000000E+00
  2.37949  3.75000  1.21500  1.38274  0.3835531E-05  0.3272286E-06  0.3202571E-05  0.2784272E-06  0.6329597E-06  0.4880135E-07  0.0000000E+00  0.0000000E+00  0.0000000E+00  0.0000000E+00
  2.38007  3.75000  1.21600  1.38374  0.3880108E-05  0.3313899E-06  0.3237318E-05  0.2817398E-06  0.6427899E-06  0.4965009E-07  0.0000000E+00  0.0000000E+00  0.0000000E+00  0.0000000E+00
  2.38065  3.75000  1.21700  1.38474  0.3925097E-05  0.3355949E-06  0.3272416E-05  0.2850892E-06  0.6526801E-06  0.5050573E-07  0.0000000E+00  0.0000000E+00  0.0000000E+00  0.0000000E+00
  2.38123  3.75000  1.21800  1.38574  0.3970498E-05  0.3398438E-06  0.3307869E-05  0.2884756E-06  0.6626296E-06  0.5136821E-07  0.0000000E+00  0.0000000E+00  0.0000000E+00  0.0000000E+00
  2.38182  3.75000  1.21900  1.38674  0.4016316E-05  0.3441369E-06  0.3343678E-05  0.2918995E-06  0.6726377E-06  0.5223748E-07  0.0000000E+00  0.0000000E+00  0.0000000E+00  0.0000000E+00
  2.38240  3.75000  1.22000  1.38774  0.4062551E-05  0.3484746E-06  0.3379848E-05  0.2953611E-06  0.6827038E-06  0.5311348E-07  0.0000000E+00  0.0000000E+00  0.0000000E+00  0.0000000E+00
  2.38298  3.75000  1.22100  1.38874  0.4109208E-05  0.3528571E-06  0.3416380E-05  0.2988609E-06  0.6928272E-06  0.5399619E-07  0.0000000E+00  0.0000000E+00  0.0000000E+00  0.0000000E+00
  2.38356  3.75000  1.22200  1.38974  0.4156287E-05  0.3572848E-06  0.3453279E-05  0.3023993E-06  0.7030073E-06  0.5488555E-07  0.0000000E+00  0.0000000E+00  0.0000000E+00  0.0000000E+00
  2.38415  3.75000  1.22300  1.39074  0.4203791E-05  0.3617580E-06  0.3490548E-05  0.3059765E-06  0.7132433E-06  0.5578154E-07  0.0000000E+00  0.0000000E+00  0.0000000E+00  0.0000000E+00
  2.38473  3.75000  1.22400  1.39174  0.4252885E-05  0.3663888E-06  0.3528188E-05  0.3095929E-06  0.7246962E-06  0.5679584E-07  0.0000000E+00  0.0000000E+00  0.0000000E+00  0.0000000E+00
  2.38532  3.75000  1.22500  1.39274  0.4301714E-05  0.3710167E-06  0.3566205E-05  0.3132490E-06  0.7355090E-06  0.5776767E-07  0.0000000E+00  0.0000000E+00  0.0000000E+00  0.0000000E+00
  2.38590  3.75000  1.22600  1.39374  0.4351012E-05  0.3756978E-06  0.3604599E-05  0.3169450E-06  0.7464128E-06  0.5875272E-07  0.0000000E+00  0.0000000E+00  0.0000000E+00  0.0000000E+00
  2.38648  3.75000  1.22700  1.39474  0.4400780E-05  0.3804311E-06  0.3643376E-05  0.3206815E-06  0.7574041E-06  0.5974965E-07  0.0000000E+00  0.0000000E+00  0.0000000E+00  0.0000000E+00
  2.38707  3.75000  1.22800  1.39574  0.4451017E-05  0.3852162E-06  0.3682537E-05  0.3244586E-06  0.7684800E-06  0.6075759E-07  0.0000000E+00  0.0000000E+00  0.0000000E+00  0.0000000E+00
  2.38765  3.75000  1.22900  1.39674  0.4501725E-05  0.3900527E-06  0.3722087E-05  0.3282768E-06  0.7796385E-06  0.6177590E-07  0.0000000E+00  0.0000000E+00  0.0000000E+00  0.0000000E+00
  2.38824  3.75000  1.23000  1.39774  0.4552905E-05  0.3949407E-06  0.3762027E-05  0.3321366E-06  0.7908780E-06  0.6280411E-07  0.0000000E+00  0.0000000E+00  0.0000000E+00  0.0000000E+00
  2.38882  3.75000  1.23100  1.39874  0.4604559E-05  0.3998800E-06  0.3802362E-05  0.3360381E-06  0.8021971E-06  0.6384189E-07  0.0000000E+00  0.0000000E+00  0.0000000E+00  0.0000000E+00
  2.38941  3.75000  1.23200  1.39974  0.4656689E-05  0.4048710E-06  0.3843094E-05  0.3399820E-06  0.8135948E-06  0.6488902E-07  0.0000000E+00  0.0000000E+00  0.0000000E+00  0.0000000E+00
  2.39000  3.75000  1.23300  1.40074  0.4709297E-05  0.4099138E-06  0.3884227E-05  0.3439685E-06  0.8250701E-06  0.6594531E-07  0.0000000E+00  0.0000000E+00  0.0000000E+00  0.0000000E+00
  2.39058  3.75000  1.23400  1.40174  0.4762386E-05  0.4150086E-06  0.3925764E-05  0.3479979E-06  0.8366223E-06  0.6701063E-07  0.0000000E+00  0.0000000E+00  0.0000000E+00  0.0000000E+00
  2.39117  3.75000  1.23500  1.40274  0.4815958E-05  0.4201557E-06  0.3967708E-05  0.3520708E-06  0.8482505E-06  0.6808489E-07  0.0000000E+00  0.0000000E+00  0.0000000E+00  0.0000000E+00
  2.39175  3.75000  1.23600  1.40374  0.4870016E-05  0.4253555E-06  0.4010062E-05  0.3561875E-06  0.8599538E-06  0.6916799E-07  0.0000000E+00  0.0000000E+00  0.0000000E+00  0.0000000E+00
  2.39234  3.75000  1.23700  1.40474  0.4924561E-05  0.4306083E-06  0.4052830E-05  0.3603484E-06  0.8717316E-06  0.7025985E-07  0.0000000E+00  0.0000000E+00  0.0000000E+00  0.0000000E+00
  2.39293  3.75000  1.23800  1.40574  0.4979597E-05  0.4359143E-06  0.4096014E-05  0.3645539E-06  0.8835830E-06  0.7136042E-07  0.0000000E+00  0.0000000E+00  0.0000000E+00  0.0000000E+00
  2.39352  3.75000  1.23900  1.40674  0.5035126E-05  0.4412740E-06  0.4139619E-05  0.3688043E-06  0.8955073E-06  0.7246964E-07  0.0000000E+00  0.0000000E+00  0.0000000E+00  0.0000000E+00
  2.39410  3.75000  1.24000  1.40774  0.5091150E-05  0.4466876E-06  0.4183646E-05  0.3731002E-06  0.9075038E-06  0.7358746E-07  0.0000000E+00  0.0000000E+00  0.0000000E+00  0.0000000E+00
  2.39469  3.75000  1.24100  1.40874  0.5147672E-05  0.4521556E-06  0.4228101E-05  0.3774418E-06  0.9195716E-06  0.7471384E-07  0.0000000E+00  0.0000000E+00  0.0000000E+00  0.0000000E+00
  2.39528  3.75000  1.24200  1.40974  0.5204695E-05  0.4576783E-06  0.4272985E-05  0.3818296E-06  0.9317099E-06  0.7584873E-07  0.0000000E+00  0.0000000E+00  0.0000000E+00  0.0000000E+00
  2.39587  3.75000  1.24300  1.41074  0.5263668E-05  0.4634025E-06  0.4318302E-05  0.3862639E-06  0.9453666E-06  0.7713852E-07  0.0000000E+00  0.0000000E+00  0.0000000E+00  0.0000000E+00
  2.39646  3.75000  1.24400  1.41174  0.5322253E-05  0.4691127E-06  0.4364055E-05  0.3907453E-06  0.9581980E-06  0.7836743E-07  0.0000000E+00  0.0000000E+00  0.0000000E+00  0.0000000E+00
  2.39705  3.75000  1.24500  1.41274  0.5381389E-05  0.4748866E-06  0.4410248E-05  0.3952741E-06  0.9711402E-06  0.7961251E-07  0.0000000E+00  0.0000000E+00  0.0000000E+00  0.0000000E+00
  2.39764  3.75000  1.24600  1.41374  0.5441074E-05  0.4807229E-06  0.4456884E-05  0.3998506E-06  0.9841891E-06  0.8087225E-07  0.0000000E+00  0.0000000E+00  0.0000000E+00  0.0000000E+00
  2.39823  3.75000  1.24700  1.41474  0.5501309E-05  0.4866210E-06  0.4503967E-05  0.4044754E-06  0.9973417E-06  0.8214564E-07  0.0000000E+00  0.0000000E+00  0.0000000E+00  0.0000000E+00
  2.39882  3.75000  1.24800  1.41574  0.5562094E-05  0.4925808E-06  0.4551499E-05  0.4091488E-06  0.1010595E-05  0.8343195E-07  0.0000000E+00  0.0000000E+00  0.0000000E+00  0.0000000E+00
  2.39941  3.75000  1.24900  1.41674  0.5623432E-05  0.4986019E-06  0.4599484E-05  0.4138712E-06  0.1023949E-05  0.8473065E-07  0.0000000E+00  0.0000000E+00  0.0000000E+00  0.0000000E+00
  2.40000  3.75000  1.25000  1.41774  0.5685324E-05  0.5046845E-06  0.4647925E-05  0.4186431E-06  0.1037400E-05  0.8604137E-07  0.0000000E+00  0.0000000E+00  0.0000000E+00  0.0000000E+00
  2.40059  3.75000  1.25100  1.41874  0.5747773E-05  0.5108288E-06  0.4696825E-05  0.4234649E-06  0.1050947E-05  0.8736384E-07  0.0000000E+00  0.0000000E+00  0.0000000E+00  0.0000000E+00
  2.40118  3.75000  1.25200  1.41974  0.5810779E-05  0.5170348E-06  0.4746189E-05  0.4283370E-06  0.1064591E-05  0.8869786E-07  0.0000000E+00  0.0000000E+00  0.0000000E+00  0.0000000E+00
  2.40177  3.75000  1.25300  1.42074  0.5874347E-05  0.5233030E-06  0.4796018E-05  0.4332597E-06  0.1078328E-05  0.9004326E-07  0.0000000E+00  0.0000000E+00  0.0000000E+00  0.0000000E+00
  2.40236  3.75000  1.25400  1.42174  0.5938477E-05  0.5296335E-06  0.4846317E-05  0.4382336E-06  0.1092159E-05  0.9139990E-07  0.0000000E+00  0.0000000E+00  0.0000000E+00  0.0000000E+00
  2.40296  3.75000  1.25500  1.42274  0.6003172E-05  0.5360268E-06  0.4897089E-05  0.4432591E-06  0.1106082E-05  0.9276767E-07  0.0000000E+00  0.0000000E+00  0.0000000E+00  0.0000000E+00
  2.40355  3.75000  1.25600  1.42374  0.6068435E-05  0.5424830E-06  0.4948338E-05  0.4483365E-06  0.1120097E-05  0.9414648E-07  0.0000000E+00  0.0000000E+00  0.0000000E+00  0.0000000E+00
  2.40414  3.75000  1.25700  1.42474  0.6134267E-05  0.5490026E-06  0.5000066E-05  0.4534663E-06  0.1134201E-05  0.9553623E-07  0.0000000E+00  0.0000000E+00  0.0000000E+00  0.0000000E+00
  2.40473  3.75000  1.25800  1.42574  0.6200672E-05  0.5555858E-06  0.5052276E-05  0.4586490E-06  0.1148395E-05  0.9693686E-07  0.0000000E+00  0.0000000E+00  0.0000000E+00  0.0000000E+00
  2.40533  3.75000  1.25900  1.42674  0.6267651E-05  0.5622332E-06  0.5104973E-05  0.4638849E-06  0.1162678E-05  0.9834830E-07  0.0000000E+00  0.0000000E+00  0.0000000E+00  0.0000000E+00
  2.40592  3.75000  1.26000  1.42774  0.6335207E-05  0.5689449E-06  0.5158160E-05  0.4691745E-06  0.1177047E-05  0.9977047E-07  0.0000000E+00  0.0000000E+00  0.0000000E+00  0.0000000E+00
  2.40651  3.75000  1.26100  1.42874  0.6403342E-05  0.5757215E-06  0.5211840E-05  0.4745181E-06  0.1191503E-05  0.1012033E-06  0.0000000E+00  0.0000000E+00  0.0000000E+00  0.0000000E+00
  2.40711  3.75000  1.26200  1.42974  0.6473760E-05  0.5827403E-06  0.5266015E-05  0.4799164E-06  0.1207745E-05  0.1028240E-06  0.0000000E+00  0.0000000E+00  0.0000000E+00  0.0000000E+00
  2.40770  3.75000  1.26300  1.43074  0.6543708E-05  0.5897404E-06  0.5320691E-05  0.4853695E-06  0.1223018E-05  0.1043708E-06  0.0000000E+00  0.0000000E+00  0.0000000E+00  0.0000000E+00
  2.40829  3.75000  1.26400  1.43174  0.6614292E-05  0.5968156E-06  0.5375869E-05  0.4908781E-06  0.1238423E-05  0.1059375E-06  0.0000000E+00  0.0000000E+00  0.0000000E+00  0.0000000E+00
  2.40889  3.75000  1.26500  1.43274  0.6685510E-05  0.6039647E-06  0.5431554E-05  0.4964426E-06  0.1253955E-05  0.1075222E-06  0.0000000E+00  0.0000000E+00  0.0000000E+00  0.0000000E+00
  2.40948  3.75000  1.26600  1.43374  0.6757361E-05  0.6111869E-06  0.5487749E-05  0.5020633E-06  0.1269613E-05  0.1091236E-06  0.0000000E+00  0.0000000E+00  0.0000000E+00  0.0000000E+00
  2.41008  3.75000  1.26700  1.43474  0.6829847E-05  0.6184817E-06  0.5544456E-05  0.5077407E-06  0.1285391E-05  0.1107410E-06  0.0000000E+00  0.0000000E+00  0.0000000E+00  0.0000000E+00
  2.41067  3.75000  1.26800  1.43574  0.6902968E-05  0.6258489E-06  0.5601680E-05  0.5134752E-06  0.1301288E-05  0.1123737E-06  0.0000000E+00  0.0000000E+00  0.0000000E+00  0.0000000E+00
  2.41127  3.75000  1.26900  1.43674  0.6976727E-05  0.6332885E-06  0.5659423E-05  0.5192673E-06  0.1317303E-05  0.1140212E-06  0.0000000E+00  0.0000000E+00  0.0000000E+00  0.0000000E+00
  2.41187  3.75000  1.27000  1.43774  0.7051124E-05  0.6408007E-06  0.5717690E-05  0.5251174E-06  0.1333434E-05  0.1156833E-06  0.0000000E+00  0.0000000E+00  0.0000000E+00  0.0000000E+00
  2.41246  3.75000  1.27100  1.43874  0.7126161E-05  0.6483855E-06  0.5776482E-05  0.5310260E-06  0.1349679E-05  0.1173595E-06  0.0000000E+00  0.0000000E+00  0.0000000E+00  0.0000000E+00
  2.41306  3.75000  1.27200  1.43974  0.7201841E-05  0.6560433E-06  0.5835804E-05  0.5369934E-06  0.1366037E-05  0.1190499E-06  0.0000000E+00  0.0000000E+00  0.0000000E+00  0.0000000E+00
  2.41366  3.75000  1.27300  1.44074  0.7278166E-05  0.6637742E-06  0.5895660E-05  0.5430202E-06  0.1382506E-05  0.1207540E-06  0.0000000E+00  0.0000000E+00  0.0000000E+00  0.0000000E+00
  2.41425  3.75000  1.27400  1.44174  0.7355137E-05  0.6715786E-06  0.5956051E-05  0.5491067E-06  0.1399086E-05  0.1224719E-06  0.0000000E+00  0.0000000E+00  0.0000000E+00  0.0000000E+00
  2.41485  3.75000  1.27500  1.44274  0.7432756E-05  0.6794568E-06  0.6016982E-05  0.5552534E-06  0.1415774E-05  0.1242034E-06  0.0000000E+00  0.0000000E+00  0.0000000E+00  0.0000000E+00
  2.41545  3.75000  1.27600  1.44374  0.7511025E-05  0.6874091E-06  0.6078455E-05  0.5614607E-06  0.1432570E-05  0.1259483E-06  0.0000000E+00  0.0000000E+00  0.0000000E+00  0.0000000E+00
  2.41605  3.75000  1.27700  1.44474  0.7589946E-05  0.6954358E-06  0.6140475E-05  0.5677292E-06  0.1449472E-05  0.1277066E-06  0.0000000E+00  0.0000000E+00  0.0000000E+00  0.0000000E+00
  2.41664  3.75000  1.27800  1.44574  0.7669522E-05  0.7035372E-06  0.6203043E-05  0.5740591E-06  0.1466479E-05  0.1294781E-06  0.0000000E+00  0.0000000E+00  0.0000000E+00  0.0000000E+00
  2.41724  3.75000  1.27900  1.44674  0.7749754E-05  0.7117138E-06  0.6266164E-05  0.5804510E-06  0.1483589E-05  0.1312628E-06  0.0000000E+00  0.0000000E+00  0.0000000E+00  0.0000000E+00
  2.41784  3.75000  1.28000  1.44774  0.7830644E-05  0.7199659E-06  0.6329841E-05  0.5869052E-06  0.1500803E-05  0.1330606E-06  0.0000000E+00  0.0000000E+00  0.0000000E+00  0.0000000E+00
  2.41844  3.75000  1.28100  1.44874  0.7914075E-05  0.7284914E-06  0.6394077E-05  0.5934223E-06  0.1519998E-05  0.1350691E-06  0.0000000E+00  0.0000000E+00  0.0000000E+00  0.0000000E+00
  2.41904  3.75000  1.28200  1.44974  0.7997030E-05  0.7370048E-06  0.6458875E-05  0.6000027E-06  0.1538155E-05  0.1370021E-06  0.0000000E+00  0.0000000E+00  0.0000000E+00  0.0000000E+00
  2.41964  3.75000  1.28300  1.45074  0.8080708E-05  0.7456061E-06  0.6524239E-05  0.6066468E-06  0.1556469E-05  0.1389594E-06  0.0000000E+00  0.0000000E+00  0.0000000E+00  0.0000000E+00
  2.42024  3.75000  1.28400  1.45174  0.8165104E-05  0.7542937E-06  0.6590170E-05  0.6133550E-06  0.1574934E-05  0.1409388E-06  0.0000000E+00  0.0000000E+00  0.0000000E+00  0.0000000E+00
  2.42084  3.75000  1.28500  1.45274  0.8250219E-05  0.7630664E-06  0.6656674E-05  0.6201277E-06  0.1593545E-05  0.1429386E-06  0.0000000E+00  0.0000000E+00  0.0000000E+00  0.0000000E+00
  2.42144  3.75000  1.28600  1.45374  0.8336051E-05  0.7719235E-06  0.6723752E-05  0.6269655E-06  0.1612298E-05  0.1449579E-06  0.0000000E+00  0.0000000E+00  0.0000000E+00  0.0000000E+00
  2.42204  3.75000  1.28700  1.45474  0.8422601E-05  0.7808646E-06  0.6791409E-05  0.6338688E-06  0.1631192E-05  0.1469958E-06  0.0000000E+00  0.0000000E+00  0.0000000E+00  0.0000000E+00
  2.42264  3.75000  1.28800  1.45574  0.8509870E-05  0.7898897E-06  0.6859646E-05  0.6408379E-06  0.1650224E-05  0.1490518E-06  0.0000000E+00  0.0000000E+00  0.0000000E+00  0.0000000E+00
  2.42324  3.75000  1.28900  1.45674  0.8597860E-05  0.7989988E-06  0.6928467E-05  0.6478734E-06  0.1669392E-05  0.1511255E-06  0.0000000E+00  0.0000000E+00  0.0000000E+00  0.0000000E+00
  2.42384  3.75000  1.29000  1.45774  0.8686570E-05  0.8081920E-06  0.6997876E-05  0.6549756E-06  0.1688694E-05  0.1532164E-06  0.0000000E+00  0.0000000E+00  0.0000000E+00  0.0000000E+00
  2.42444  3.75000  1.29100  1.45874  0.8776004E-05  0.8174694E-06  0.7067875E-05  0.6621450E-06  0.1708128E-05  0.1553244E-06  0.0000000E+00  0.0000000E+00  0.0000000E+00  0.0000000E+00
  2.42505  3.75000  1.29200  1.45974  0.8866161E-05  0.8268311E-06  0.7138468E-05  0.6693820E-06  0.1727693E-05  0.1574492E-06  0.0000000E+00  0.0000000E+00  0.0000000E+00  0.0000000E+00
  2.42565  3.75000  1.29300  1.46074  0.8957043E-05  0.8362776E-06  0.7209656E-05  0.6766870E-06  0.1747387E-05  0.1595905E-06  0.0000000E+00  0.0000000E+00  0.0000000E+00  0.0000000E+00
  2.42625  3.75000  1.29400  1.46174  0.9048652E-05  0.8458089E-06  0.7281444E-05  0.6840606E-06  0.1767208E-05  0.1617483E-06  0.0000000E+00  0.0000000E+00  0.0000000E+00  0.0000000E+00
  2.42685  3.75000  1.29500  1.46274  0.9140989E-05  0.8554253E-06  0.7353834E-05  0.6915030E-06  0.1787154E-05  0.1639223E-06  0.0000000E+00  0.0000000E+00  0.0000000E+00  0.0000000E+00
  2.42746  3.75000  1.29600  1.46374  0.9234055E-05  0.8651273E-06  0.7426830E-05  0.6990148E-06  0.1807225E-05  0.1661125E-06  0.0000000E+00  0.0000000E+00  0.0000000E+00  0.0000000E+00
  2.42806  3.75000  1.29700  1.46474  0.9327851E-05  0.8749149E-06  0.7500433E-05  0.7065963E-06  0.1827418E-05  0.1683186E-06  0.0000000E+00  0.0000000E+00  0.0000000E+00  0.0000000E+00
  2.42866  3.75000  1.29800  1.46574  0.9422380E-05  0.8847886E-06  0.7574648E-05  0.7142480E-06  0.1847732E-05  0.1705406E-06  0.0000000E+00  0.0000000E+00  0.0000000E+00  0.0000000E+00
  2.42927  3.75000  1.29900  1.46674  0.9517641E-05  0.8947487E-06  0.7649476E-05  0.7219704E-06  0.1868165E-05  0.1727783E-06  0.0000000E+00  0.0000000E+00  0.0000000E+00  0.0000000E+00
  2.42987  3.75000  1.30000  1.46774  0.9615578E-05  0.9049958E-06  0.7724922E-05  0.7297637E-06  0.1890656E-05  0.1752320E-06  0.0000000E+00  0.0000000E+00  0.0000000E+00  0.0000000E+00
  2.43047  3.75000  1.30100  1.46874  0.9713148E-05  0.9152548E-06  0.7800986E-05  0.7376285E-06  0.1912162E-05  0.1776263E-06  0.0000000E+00  0.0000000E+00  0.0000000E+00  0.0000000E+00
  2.43108  3.75000  1.30200  1.46974  0.9811524E-05  0.9256160E-06  0.7877673E-05  0.7455652E-06  0.1933851E-05  0.1800508E-06  0.0000000E+00  0.0000000E+00  0.0000000E+00  0.0000000E+00
  2.43168  3.75000  1.30300  1.47074  0.9910701E-05  0.9360764E-06  0.7954986E-05  0.7535741E-06  0.1955716E-05  0.1825022E-06  0.0000000E+00  0.0000000E+00  0.0000000E+00  0.0000000E+00
  2.43229  3.75000  1.30400  1.47174  0.1001068E-04  0.9466345E-06  0.8032925E-05  0.7616558E-06  0.1977751E-05  0.1849787E-06  0.0000000E+00  0.0000000E+00  0.0000000E+00  0.0000000E+00
  2.43289  3.75000  1.30500  1.47274  0.1011145E-04  0.9572892E-06  0.8111496E-05  0.7698105E-06  0.1999953E-05  0.1874787E-06  0.0000000E+00  0.0000000E+00  0.0000000E+00  0.0000000E+00
  2.43350  3.75000  1.30600  1.47374  0.1021302E-04  0.9680400E-06  0.8190699E-05  0.7780387E-06  0.2022317E-05  0.1900013E-06  0.0000000E+00  0.0000000E+00  0.0000000E+00  0.0000000E+00
  2.43410  3.75000  1.30700  1.47474  0.1031538E-04  0.9788865E-06  0.8270539E-05  0.7863409E-06  0.2044842E-05  0.1925456E-06  0.0000000E+00  0.0000000E+00  0.0000000E+00  0.0000000E+00
  2.43471  3.75000  1.30800  1.47574  0.1041854E-04  0.9898286E-06  0.8351016E-05  0.7947174E-06  0.2067525E-05  0.1951112E-06  0.0000000E+00  0.0000000E+00  0.0000000E+00  0.0000000E+00
  2.43532  3.75000  1.30900  1.47674  0.1052250E-04  0.1000866E-05  0.8432135E-05  0.8031686E-06  0.2090362E-05  0.1976976E-06  0.0000000E+00  0.0000000E+00  0.0000000E+00  0.0000000E+00
  2.43592  3.75000  1.31000  1.47774  0.1062725E-04  0.1011999E-05  0.8513897E-05  0.8116949E-06  0.2113353E-05  0.2003045E-06  0.0000000E+00  0.0000000E+00  0.0000000E+00  0.0000000E+00
  2.43653  3.75000  1.31100  1.47874  0.1073280E-04  0.1023228E-05  0.8596305E-05  0.8202968E-06  0.2136495E-05  0.2029314E-06  0.0000000E+00  0.0000000E+00  0.0000000E+00  0.0000000E+00
  2.43714  3.75000  1.31200  1.47974  0.1083915E-04  0.1034553E-05  0.8679361E-05  0.8289745E-06  0.2159786E-05  0.2055782E-06  0.0000000E+00  0.0000000E+00  0.0000000E+00  0.0000000E+00
  2.43774  3.75000  1.31300  1.48074  0.1094629E-04  0.1045973E-05  0.8763068E-05  0.8377286E-06  0.2183224E-05  0.2082446E-06  0.0000000E+00  0.0000000E+00  0.0000000E+00  0.0000000E+00
  2.43835  3.75000  1.31400  1.48174  0.1105423E-04  0.1057490E-05  0.8847428E-05  0.8465593E-06  0.2206806E-05  0.2109304E-06  0.0000000E+00  0.0000000E+00  0.0000000E+00  0.0000000E+00
  2.43896  3.75000  1.31500  1.48274  0.1116298E-04  0.1069103E-05  0.8932444E-05  0.8554671E-06  0.2230532E-05  0.2136354E-06  0.0000000E+00  0.0000000E+00  0.0000000E+00  0.0000000E+00
  2.43957  3.75000  1.31600  1.48374  0.1127252E-04  0.1080812E-05  0.9018117E-05  0.8644524E-06  0.2254399E-05  0.2163594E-06  0.0000000E+00  0.0000000E+00  0.0000000E+00  0.0000000E+00
  2.44018  3.75000  1.31700  1.48474  0.1138286E-04  0.1092618E-05  0.9104451E-05  0.8735155E-06  0.2278405E-05  0.2191024E-06  0.0000000E+00  0.0000000E+00  0.0000000E+00  0.0000000E+00
  2.44078  3.75000  1.31800  1.48574  0.1149399E-04  0.1104521E-05  0.9191446E-05  0.8826568E-06  0.2302549E-05  0.2218640E-06  0.0000000E+00  0.0000000E+00  0.0000000E+00  0.0000000E+00
  2.44139  3.75000  1.31900  1.48674  0.1160593E-04  0.1116521E-05  0.9279106E-05  0.8918766E-06  0.2326827E-05  0.2246442E-06  0.0000000E+00  0.0000000E+00  0.0000000E+00  0.0000000E+00
  2.44200  3.75000  1.32000  1.48774  0.1172143E-04  0.1128935E-05  0.9367432E-05  0.9011755E-06  0.2353996E-05  0.2277592E-06  0.0000000E+00  0.0000000E+00  0.0000000E+00  0.0000000E+00
  2.44261  3.75000  1.32100  1.48874  0.1183598E-04  0.1141289E-05  0.9456427E-05  0.9105536E-06  0.2379550E-05  0.2307350E-06  0.0000000E+00  0.0000000E+00  0.0000000E+00  0.0000000E+00
  2.44322  3.75000  1.32200  1.48974  0.1195140E-04  0.1153755E-05  0.9546093E-05  0.9200113E-06  0.2405309E-05  0.2337441E-06  0.0000000E+00  0.0000000E+00  0.0000000E+00  0.0000000E+00
  2.44383  3.75000  1.32300  1.49074  0.1206770E-04  0.1166333E-05  0.9636431E-05  0.9295491E-06  0.2431265E-05  0.2367839E-06  0.0000000E+00  0.0000000E+00  0.0000000E+00  0.0000000E+00
  2.44444  3.75000  1.32400  1.49174  0.1218486E-04  0.1179020E-05  0.9727443E-05  0.9391673E-06  0.2457414E-05  0.2398523E-06  0.0000000E+00  0.0000000E+00  0.0000000E+00  0.0000000E+00
  2.44505  3.75000  1.32500  1.49274  0.1230288E-04  0.1191814E-05  0.9819132E-05  0.9488661E-06  0.2483751E-05  0.2429479E-06  0.0000000E+00  0.0000000E+00  0.0000000E+00  0.0000000E+00
  2.44566  3.75000  1.32600  1.49374  0.1242177E-04  0.1204716E-05  0.9911499E-05  0.9586461E-06  0.2510272E-05  0.2460697E-06  0.0000000E+00  0.0000000E+00  0.0000000E+00  0.0000000E+00
  2.44627  3.75000  1.32700  1.49474  0.1254152E-04  0.1217724E-05  0.1000455E-04  0.9685074E-06  0.2536975E-05  0.2492170E-06  0.0000000E+00  0.0000000E+00  0.0000000E+00  0.0000000E+00
  2.44688  3.75000  1.32800  1.49574  0.1266213E-04  0.1230840E-05  0.1009827E-04  0.9784504E-06  0.2563857E-05  0.2523891E-06  0.0000000E+00  0.0000000E+00  0.0000000E+00  0.0000000E+00
  2.44750  3.75000  1.32900  1.49674  0.1278360E-04  0.1244061E-05  0.1019269E-04  0.9884755E-06  0.2590915E-05  0.2555856E-06  0.0000000E+00  0.0000000E+00  0.0000000E+00  0.0000000E+00
  2.44811  3.75000  1.33000  1.49774  0.1290593E-04  0.1257389E-05  0.1028778E-04  0.9985830E-06  0.2618146E-05  0.2588060E-06  0.0000000E+00  0.0000000E+00  0.0000000E+00  0.0000000E+00
  2.44872  3.75000  1.33100  1.49874  0.1302911E-04  0.1270823E-05  0.1038357E-04  0.1008773E-05  0.2645548E-05  0.2620499E-06  0.0000000E+00  0.0000000E+00  0.0000000E+00  0.0000000E+00
  2.44933  3.75000  1.33200  1.49974  0.1315316E-04  0.1284364E-05  0.1048004E-04  0.1019046E-05  0.2673119E-05  0.2653172E-06  0.0000000E+00  0.0000000E+00  0.0000000E+00  0.0000000E+00
  2.44994  3.75000  1.33300  1.50074  0.1327805E-04  0.1298010E-05  0.1057720E-04  0.1029403E-05  0.2700856E-05  0.2686074E-06  0.0000000E+00  0.0000000E+00  0.0000000E+00  0.0000000E+00
  2.45056  3.75000  1.33400  1.50174  0.1340381E-04  0.1311763E-05  0.1067505E-04  0.1039843E-05  0.2728757E-05  0.2719204E-06  0.0000000E+00  0.0000000E+00  0.0000000E+00  0.0000000E+00
  2.45117  3.75000  1.33500  1.50274  0.1353041E-04  0.1325623E-05  0.1077359E-04  0.1050367E-05  0.2756820E-05  0.2752559E-06  0.0000000E+00  0.0000000E+00  0.0000000E+00  0.0000000E+00
  2.45178  3.75000  1.33600  1.50374  0.1365787E-04  0.1339589E-05  0.1087283E-04  0.1060975E-05  0.2785042E-05  0.2786137E-06  0.0000000E+00  0.0000000E+00  0.0000000E+00  0.0000000E+00
  2.45240  3.75000  1.33700  1.50474  0.1378618E-04  0.1353662E-05  0.1097276E-04  0.1071668E-05  0.2813421E-05  0.2819936E-06  0.0000000E+00  0.0000000E+00  0.0000000E+00  0.0000000E+00
  2.45301  3.75000  1.33800  1.50574  0.1391535E-04  0.1367841E-05  0.1107339E-04  0.1082446E-05  0.2841955E-05  0.2853954E-06  0.0000000E+00  0.0000000E+00  0.0000000E+00  0.0000000E+00
  2.45362  3.75000  1.33900  1.50674  0.1404536E-04  0.1382127E-05  0.1117472E-04  0.1093308E-05  0.2870641E-05  0.2888190E-06  0.0000000E+00  0.0000000E+00  0.0000000E+00  0.0000000E+00
  2.45424  3.75000  1.34000  1.50774  0.1417981E-04  0.1396963E-05  0.1127674E-04  0.1104256E-05  0.2903074E-05  0.2927067E-06  0.0000000E+00  0.0000000E+00  0.0000000E+00  0.0000000E+00
  2.45485  3.75000  1.34100  1.50874  0.1431271E-04  0.1411658E-05  0.1137946E-04  0.1115290E-05  0.2933251E-05  0.2963680E-06  0.0000000E+00  0.0000000E+00  0.0000000E+00  0.0000000E+00
  2.45547  3.75000  1.34200  1.50974  0.1444654E-04  0.1426476E-05  0.1148288E-04  0.1126409E-05  0.2963656E-05  0.3000672E-06  0.0000000E+00  0.0000000E+00  0.0000000E+00  0.0000000E+00
  2.45608  3.75000  1.34300  1.51074  0.1458129E-04  0.1441416E-05  0.1158701E-04  0.1137615E-05  0.2994284E-05  0.3038014E-06  0.0000000E+00  0.0000000E+00  0.0000000E+00  0.0000000E+00
  2.45670  3.75000  1.34400  1.51174  0.1471696E-04  0.1456475E-05  0.1169183E-04  0.1148907E-05  0.3025129E-05  0.3075686E-06  0.0000000E+00  0.0000000E+00  0.0000000E+00  0.0000000E+00
  2.45731  3.75000  1.34500  1.51274  0.1485354E-04  0.1471653E-05  0.1179736E-04  0.1160285E-05  0.3056187E-05  0.3113674E-06  0.0000000E+00  0.0000000E+00  0.0000000E+00  0.0000000E+00
  2.45793  3.75000  1.34600  1.51374  0.1499104E-04  0.1486947E-05  0.1190358E-04  0.1171751E-05  0.3087453E-05  0.3151968E-06  0.0000000E+00  0.0000000E+00  0.0000000E+00  0.0000000E+00
  2.45854  3.75000  1.34700  1.51474  0.1512944E-04  0.1502359E-05  0.1201052E-04  0.1183303E-05  0.3118924E-05  0.3190558E-06  0.0000000E+00  0.0000000E+00  0.0000000E+00  0.0000000E+00
  2.45916  3.75000  1.34800  1.51574  0.1526875E-04  0.1517886E-05  0.1211815E-04  0.1194943E-05  0.3150596E-05  0.3229437E-06  0.0000000E+00  0.0000000E+00  0.0000000E+00  0.0000000E+00
  2.45978  3.75000  1.34900  1.51674  0.1540896E-04  0.1533530E-05  0.1222650E-04  0.1206670E-05  0.3182468E-05  0.3268601E-06  0.0000000E+00  0.0000000E+00  0.0000000E+00  0.0000000E+00
  2.46039  3.75000  1.35000  1.51774  0.1555008E-04  0.1549289E-05  0.1233554E-04  0.1218485E-05  0.3214534E-05  0.3308044E-06  0.0000000E+00  0.0000000E+00  0.0000000E+00  0.0000000E+00
  2.46101  3.75000  1.35100  1.51874  0.1569209E-04  0.1565164E-05  0.1244529E-04  0.1230387E-05  0.3246794E-05  0.3347763E-06  0.0000000E+00  0.0000000E+00  0.0000000E+00  0.0000000E+00
  2.46163  3.75000  1.35200  1.51974  0.1583499E-04  0.1581153E-05  0.1255575E-04  0.1242378E-05  0.3279244E-05  0.3387753E-06  0.0000000E+00  0.0000000E+00  0.0000000E+00  0.0000000E+00
  2.46225  3.75000  1.35300  1.52074  0.1597879E-04  0.1597258E-05  0.1266691E-04  0.1254457E-05  0.3311881E-05  0.3428011E-06  0.0000000E+00  0.0000000E+00  0.0000000E+00  0.0000000E+00
  2.46286  3.75000  1.35400  1.52174  0.1612348E-04  0.1613478E-05  0.1277878E-04  0.1266625E-05  0.3344703E-05  0.3468535E-06  0.0000000E+00  0.0000000E+00  0.0000000E+00  0.0000000E+00
  2.46348  3.75000  1.35500  1.52274  0.1626906E-04  0.1629813E-05  0.1289135E-04  0.1278881E-05  0.3377707E-05  0.3509322E-06  0.0000000E+00  0.0000000E+00  0.0000000E+00  0.0000000E+00
  2.46410  3.75000  1.35600  1.52374  0.1641552E-04  0.1646263E-05  0.1300463E-04  0.1291226E-05  0.3410890E-05  0.3550369E-06  0.0000000E+00  0.0000000E+00  0.0000000E+00  0.0000000E+00
  2.46472  3.75000  1.35700  1.52474  0.1656287E-04  0.1662827E-05  0.1311862E-04  0.1303660E-05  0.3444250E-05  0.3591674E-06  0.0000000E+00  0.0000000E+00  0.0000000E+00  0.0000000E+00
  2.46534  3.75000  1.35800  1.52574  0.1671109E-04  0.1679506E-05  0.1323330E-04  0.1316183E-05  0.3477784E-05  0.3633235E-06  0.0000000E+00  0.0000000E+00  0.0000000E+00  0.0000000E+00
  2.46596  3.75000  1.35900  1.52674  0.1686330E-04  0.1696657E-05  0.1334870E-04  0.1328795E-05  0.3514603E-05  0.3678618E-06  0.0000000E+00  0.0000000E+00  0.0000000E+00  0.0000000E+00
  2.46658  3.75000  1.36000  1.52774  0.1701456E-04  0.1713775E-05  0.1346480E-04  0.1341497E-05  0.3549757E-05  0.3722782E-06  0.0000000E+00  0.0000000E+00  0.0000000E+00  0.0000000E+00
  2.46719  3.75000  1.36100  1.52874  0.1716678E-04  0.1731031E-05  0.1358160E-04  0.1354288E-05  0.3585178E-05  0.3767429E-06  0.0000000E+00  0.0000000E+00  0.0000000E+00  0.0000000E+00
  2.46781  3.75000  1.36200  1.52974  0.2031644E-04  0.1748420E-05  0.1369911E-04  0.1367169E-05  0.3620858E-05  0.3812513E-06  0.2996474E-05  0.0000000E+00  0.0000000E+00  0.0000000E+00
  2.46843  3.75000  1.36300  1.53074  0.2047617E-04  0.1765939E-05  0.1381732E-04  0.1380139E-05  0.3656788E-05  0.3858002E-06  0.3002065E-05  0.0000000E+00  0.0000000E+00  0.0000000E+00
  2.46905  3.75000  1.36400  1.53174  0.2063685E-04  0.1783587E-05  0.1393623E-04  0.1393199E-05  0.3692963E-05  0.3903875E-06  0.3007658E-05  0.0000000E+00  0.0000000E+00  0.0000000E+00
  2.46968  3.75000  1.36500  1.53274  0.2079848E-04  0.1801361E-05  0.1405585E-04  0.1406349E-05  0.3729378E-05  0.3950115E-06  0.3013253E-05  0.0000000E+00  0.0000000E+00  0.0000000E+00
  2.47030  3.75000  1.36600  1.53374  0.2096104E-04  0.1819261E-05  0.1417616E-04  0.1419590E-05  0.3766028E-05  0.3996711E-06  0.3018850E-05  0.0000000E+00  0.0000000E+00  0.0000000E+00
  2.47092  3.75000  1.36700  1.53474  0.2112453E-04  0.1837285E-05  0.1429718E-04  0.1432920E-05  0.3802909E-05  0.4043652E-06  0.3024448E-05  0.0000000E+00  0.0000000E+00  0.0000000E+00
  2.47154  3.75000  1.36800  1.53574  0.2128896E-04  0.1855433E-05  0.1441889E-04  0.1446340E-05  0.3840018E-05  0.4090931E-06  0.3030048E-05  0.0000000E+00  0.0000000E+00  0.0000000E+00
  2.47216  3.75000  1.36900  1.53674  0.2145430E-04  0.1873705E-05  0.1454131E-04  0.1459851E-05  0.3877350E-05  0.4138541E-06  0.3035650E-05  0.0000000E+00  0.0000000E+00  0.0000000E+00
  2.47278  3.75000  1.37000  1.53774  0.2162057E-04  0.1892099E-05  0.1466441E-04  0.1473452E-05  0.3914903E-05  0.4186476E-06  0.3041253E-05  0.0000000E+00  0.0000000E+00  0.0000000E+00
  2.47340  3.75000  1.37100  1.53874  0.2178775E-04  0.1910616E-05  0.1478822E-04  0.1487143E-05  0.3952674E-05  0.4234733E-06  0.3046858E-05  0.0000000E+00  0.0000000E+00  0.0000000E+00
  2.47403  3.75000  1.37200  1.53974  0.2195584E-04  0.1929255E-05  0.1491272E-04  0.1500924E-05  0.3990659E-05  0.4283306E-06  0.3052465E-05  0.0000000E+00  0.0000000E+00  0.0000000E+00
  2.47465  3.75000  1.37300  1.54074  0.2212484E-04  0.1948016E-05  0.1503791E-04  0.1514796E-05  0.4028855E-05  0.4332193E-06  0.3058073E-05  0.0000000E+00  0.0000000E+00  0.0000000E+00
  2.47527  3.75000  1.37400  1.54174  0.2229474E-04  0.1966897E-05  0.1516380E-04  0.1528759E-05  0.4067260E-05  0.4381389E-06  0.3063683E-05  0.0000000E+00  0.0000000E+00  0.0000000E+00
  2.47589  3.75000  1.37500  1.54274  0.2246553E-04  0.1985900E-05  0.1529037E-04  0.1542811E-05  0.4105869E-05  0.4430891E-06  0.3069294E-05  0.0000000E+00  0.0000000E+00  0.0000000E+00
  2.47652  3.75000  1.37600  1.54374  0.2263722E-04  0.2005024E-05  0.1541763E-04  0.1556954E-05  0.4144681E-05  0.4480696E-06  0.3074906E-05  0.0000000E+00  0.0000000E+00  0.0000000E+00
  2.47714  3.75000  1.37700  1.54474  0.2280979E-04  0.2024268E-05  0.1554558E-04  0.1571188E-05  0.4183692E-05  0.4530802E-06  0.3080521E-05  0.0000000E+00  0.0000000E+00  0.0000000E+00
  2.47776  3.75000  1.37800  1.54574  0.2298325E-04  0.2043632E-05  0.1567421E-04  0.1585511E-05  0.4222898E-05  0.4581205E-06  0.3086136E-05  0.0000000E+00  0.0000000E+00  0.0000000E+00
  2.47839  3.75000  1.37900  1.54674  0.2316118E-04  0.2063542E-05  0.1580353E-04  0.1599925E-05  0.4265898E-05  0.4636168E-06  0.3091753E-05  0.0000000E+00  0.0000000E+00  0.0000000E+00
  2.47901  3.75000  1.38000  1.54774  0.2333785E-04  0.2083392E-05  0.1593353E-04  0.1614430E-05  0.4306945E-05  0.4689624E-06  0.3097372E-05  0.0000000E+00  0.0000000E+00  0.0000000E+00
  2.47964  3.75000  1.38100  1.54874  0.2351549E-04  0.2103389E-05  0.1606421E-04  0.1629024E-05  0.4348296E-05  0.4743644E-06  0.3102991E-05  0.0000000E+00  0.0000000E+00  0.0000000E+00
  2.48026  3.75000  1.38200  1.54974  0.2369411E-04  0.2123526E-05  0.1619556E-04  0.1643709E-05  0.4389938E-05  0.4798171E-06  0.3108612E-05  0.0000000E+00  0.0000000E+00  0.0000000E+00
  2.48089  3.75000  1.38300  1.55074  0.2387369E-04  0.2143801E-05  0.1632759E-04  0.1658484E-05  0.4431864E-05  0.4853172E-06  0.3114235E-05  0.0000000E+00  0.0000000E+00  0.0000000E+00
  2.48151  3.75000  1.38400  1.55174  0.2405422E-04  0.2164211E-05  0.1646029E-04  0.1673349E-05  0.4474067E-05  0.4908621E-06  0.3119858E-05  0.0000000E+00  0.0000000E+00  0.0000000E+00
  2.48214  3.75000  1.38500  1.55274  0.2423569E-04  0.2184754E-05  0.1659366E-04  0.1688304E-05  0.4516540E-05  0.4964499E-06  0.3125483E-05  0.0000000E+00  0.0000000E+00  0.0000000E+00
  2.48276  3.75000  1.38600  1.55374  0.2441809E-04  0.2205428E-05  0.1672770E-04  0.1703349E-05  0.4559280E-05  0.5020792E-06  0.3131110E-05  0.0000000E+00  0.0000000E+00  0.0000000E+00
  2.48339  3.75000  1.38700  1.55474  0.2460142E-04  0.2226232E-05  0.1686241E-04  0.1718483E-05  0.4602280E-05  0.5077488E-06  0.3136737E-05  0.0000000E+00  0.0000000E+00  0.0000000E+00
  2.48402  3.75000  1.38800  1.55574  0.2478568E-04  0.2247165E-05  0.1699777E-04  0.1733707E-05  0.4645538E-05  0.5134578E-06  0.3142365E-05  0.0000000E+00  0.0000000E+00  0.0000000E+00
  2.48464  3.75000  1.38900  1.55674  0.2497084E-04  0.2268227E-05  0.1713380E-04  0.1749021E-05  0.4689049E-05  0.5192055E-06  0.3147995E-05  0.0000000E+00  0.0000000E+00  0.0000000E+00
  2.48527  3.75000  1.39000  1.55774  0.2515692E-04  0.2289416E-05  0.1727048E-04  0.1764424E-05  0.4732810E-05  0.5249912E-06  0.3153626E-05  0.0000000E+00  0.0000000E+00  0.0000000E+00
  2.48590  3.75000  1.39100  1.55874  0.2534390E-04  0.2310731E-05  0.1740782E-04  0.1779917E-05  0.4776817E-05  0.5308143E-06  0.3159258E-05  0.0000000E+00  0.0000000E+00  0.0000000E+00
  2.48652  3.75000  1.39200  1.55974  0.2553177E-04  0.2332173E-05  0.1754581E-04  0.1795498E-05  0.4821066E-05  0.5366744E-06  0.3164891E-05  0.0000000E+00  0.0000000E+00  0.0000000E+00
  2.48715  3.75000  1.39300  1.56074  0.2572053E-04  0.2353740E-05  0.1768445E-04  0.1811169E-05  0.4865553E-05  0.5425709E-06  0.3170524E-05  0.0000000E+00  0.0000000E+00  0.0000000E+00
  2.48778  3.75000  1.39400  1.56174  0.2591017E-04  0.2375432E-05  0.1782373E-04  0.1826928E-05  0.4910276E-05  0.5485035E-06  0.3176159E-05  0.0000000E+00  0.0000000E+00  0.0000000E+00
  2.48841  3.75000  1.39500  1.56274  0.2610068E-04  0.2397248E-05  0.1796366E-04  0.1842776E-05  0.4955232E-05  0.5544717E-06  0.3181795E-05  0.0000000E+00  0.0000000E+00  0.0000000E+00
  2.48903  3.75000  1.39600  1.56374  0.2629207E-04  0.2419188E-05  0.1810422E-04  0.1858712E-05  0.5000416E-05  0.5604753E-06  0.3187432E-05  0.0000000E+00  0.0000000E+00  0.0000000E+00
  2.48966  3.75000  1.39700  1.56474  0.2648431E-04  0.2441251E-05  0.1824542E-04  0.1874737E-05  0.5045825E-05  0.5665139E-06  0.3193070E-05  0.0000000E+00  0.0000000E+00  0.0000000E+00
  2.49029  3.75000  1.39800  1.56574  0.2667741E-04  0.2463437E-05  0.1838725E-04  0.1890849E-05  0.5091456E-05  0.5725871E-06  0.3198709E-05  0.0000000E+00  0.0000000E+00  0.0000000E+00
  2.49092  3.75000  1.39900  1.56674  0.2687523E-04  0.2486204E-05  0.1852971E-04  0.1907050E-05  0.5141167E-05  0.5791543E-06  0.3204348E-05  0.0000000E+00  0.0000000E+00  0.0000000E+00
  2.49155  3.75000  1.40000  1.56774  0.2707165E-04  0.2508916E-05  0.1867279E-04  0.1923338E-05  0.5188862E-05  0.5855779E-06  0.3209989E-05  0.0000000E+00  0.0000000E+00  0.0000000E+00
  2.49218  3.75000  1.40100  1.56874  0.2726903E-04  0.2531781E-05  0.1881650E-04  0.1939713E-05  0.5236902E-05  0.5920682E-06  0.3215630E-05  0.0000000E+00  0.0000000E+00  0.0000000E+00
  2.49281  3.75000  1.40200  1.56974  0.2746737E-04  0.2554794E-05  0.1896082E-04  0.1956176E-05  0.5285274E-05  0.5986186E-06  0.3221272E-05  0.0000000E+00  0.0000000E+00  0.0000000E+00
  2.49344  3.75000  1.40300  1.57074  0.2766664E-04  0.2577950E-05  0.1910576E-04  0.1972725E-05  0.5333968E-05  0.6052247E-06  0.3226915E-05  0.0000000E+00  0.0000000E+00  0.0000000E+00
  2.49407  3.75000  1.40400  1.57174  0.2786684E-04  0.2601244E-05  0.1925131E-04  0.1989361E-05  0.5382976E-05  0.6118835E-06  0.3232558E-05  0.0000000E+00  0.0000000E+00  0.0000000E+00
  2.49470  3.75000  1.40500  1.57274  0.2806796E-04  0.2624676E-05  0.1939746E-04  0.2006083E-05  0.5432293E-05  0.6185926E-06  0.3238203E-05  0.0000000E+00  0.0000000E+00  0.0000000E+00
  2.49533  3.75000  1.40600  1.57374  0.2826997E-04  0.2648242E-05  0.1954421E-04  0.2022891E-05  0.5481911E-05  0.6253504E-06  0.3243848E-05  0.0000000E+00  0.0000000E+00  0.0000000E+00
  2.49596  3.75000  1.40700  1.57474  0.2847289E-04  0.2671941E-05  0.1969157E-04  0.2039785E-05  0.5531827E-05  0.6321554E-06  0.3249493E-05  0.0000000E+00  0.0000000E+00  0.0000000E+00
  2.49659  3.75000  1.40800  1.57574  0.2867669E-04  0.2695771E-05  0.1983951E-04  0.2056765E-05  0.5582034E-05  0.6390064E-06  0.3255139E-05  0.0000000E+00  0.0000000E+00  0.0000000E+00
  2.49722  3.75000  1.40900  1.57674  0.2888136E-04  0.2719732E-05  0.1998805E-04  0.2073829E-05  0.5632530E-05  0.6459027E-06  0.3260786E-05  0.0000000E+00  0.0000000E+00  0.0000000E+00
  2.49785  3.75000  1.41000  1.57774  0.2908691E-04  0.2743822E-05  0.2013717E-04  0.2090979E-05  0.5683310E-05  0.6528433E-06  0.3266433E-05  0.0000000E+00  0.0000000E+00  0.0000000E+00
  2.49848  3.75000  1.41100  1.57874  0.2929332E-04  0.2768040E-05  0.2028687E-04  0.2108213E-05  0.5734369E-05  0.6598276E-06  0.3272081E-05  0.0000000E+00  0.0000000E+00  0.0000000E+00
  2.49912  3.75000  1.41200  1.57974  0.2950058E-04  0.2792386E-05  0.2043714E-04  0.2125531E-05  0.5785703E-05  0.6668550E-06  0.3277730E-05  0.0000000E+00  0.0000000E+00  0.0000000E+00
  2.49975  3.75000  1.41300  1.58074  0.2970868E-04  0.2816858E-05  0.2058799E-04  0.2142933E-05  0.5837310E-05  0.6739250E-06  0.3283379E-05  0.0000000E+00  0.0000000E+00  0.0000000E+00
  2.50038  3.75000  1.41400  1.58174  0.2991762E-04  0.2841455E-05  0.2073941E-04  0.2160418E-05  0.5889185E-05  0.6810370E-06  0.3289028E-05  0.0000000E+00  0.0000000E+00  0.0000000E+00
  2.50101  3.75000  1.41500  1.58274  0.3012739E-04  0.2866177E-05  0.2089138E-04  0.2177986E-05  0.5941324E-05  0.6881907E-06  0.3294678E-05  0.0000000E+00  0.0000000E+00  0.0000000E+00
  2.50165  3.75000  1.41600  1.58374  0.3033797E-04  0.2891023E-05  0.2104392E-04  0.2195638E-05  0.5993724E-05  0.6953855E-06  0.3300328E-05  0.0000000E+00  0.0000000E+00  0.0000000E+00
  2.50228  3.75000  1.41700  1.58474  0.3054936E-04  0.2915992E-05  0.2119700E-04  0.2213371E-05  0.6046382E-05  0.7026211E-06  0.3305979E-05  0.0000000E+00  0.0000000E+00  0.0000000E+00
  2.50291  3.75000  1.41800  1.58574  0.3076156E-04  0.2941084E-05  0.2135064E-04  0.2231187E-05  0.6099292E-05  0.7098972E-06  0.3311629E-05  0.0000000E+00  0.0000000E+00  0.0000000E+00
  2.50355  3.75000  1.41900  1.58674  0.3097455E-04  0.2966297E-05  0.2150482E-04  0.2249084E-05  0.6152453E-05  0.7172133E-06  0.3317281E-05  0.0000000E+00  0.0000000E+00  0.0000000E+00
  2.50418  3.75000  1.42000  1.58774  0.3119391E-04  0.2992380E-05  0.2165953E-04  0.2267062E-05  0.6211445E-05  0.7253185E-06  0.3322932E-05  0.0000000E+00  0.0000000E+00  0.0000000E+00
  2.50482  3.75000  1.42100  1.58874  0.3141039E-04  0.3018188E-05  0.2181478E-04  0.2285121E-05  0.6267034E-05  0.7330674E-06  0.3328584E-05  0.0000000E+00  0.0000000E+00  0.0000000E+00
  2.50545  3.75000  1.42200  1.58974  0.3162779E-04  0.3044148E-05  0.2197055E-04  0.2303260E-05  0.6323003E-05  0.7408884E-06  0.3334236E-05  0.0000000E+00  0.0000000E+00  0.0000000E+00
  2.50608  3.75000  1.42300  1.59074  0.3184608E-04  0.3070255E-05  0.2212685E-04  0.2321479E-05  0.6379343E-05  0.7487758E-06  0.3339888E-05  0.0000000E+00  0.0000000E+00  0.0000000E+00
  2.50672  3.75000  1.42400  1.59174  0.3206524E-04  0.3096503E-05  0.2228366E-04  0.2339777E-05  0.6436043E-05  0.7567256E-06  0.3345541E-05  0.0000000E+00  0.0000000E+00  0.0000000E+00
  2.50735  3.75000  1.42500  1.59274  0.3228527E-04  0.3122889E-05  0.2244098E-04  0.2358155E-05  0.6493096E-05  0.7647348E-06  0.3351193E-05  0.0000000E+00  0.0000000E+00  0.0000000E+00
  2.50799  3.75000  1.42600  1.59374  0.3250615E-04  0.3149412E-05  0.2259881E-04  0.2376611E-05  0.6550495E-05  0.7728013E-06  0.3356846E-05  0.0000000E+00  0.0000000E+00  0.0000000E+00
  2.50863  3.75000  1.42700  1.59474  0.3272788E-04  0.3176068E-05  0.2275714E-04  0.2395145E-05  0.6608234E-05  0.7809233E-06  0.3362499E-05  0.0000000E+00  0.0000000E+00  0.0000000E+00
  2.50926  3.75000  1.42800  1.59574  0.3295043E-04  0.3202856E-05  0.2291597E-04  0.2413756E-05  0.6666308E-05  0.7890994E-06  0.3368152E-05  0.0000000E+00  0.0000000E+00  0.0000000E+00
  2.50990  3.75000  1.42900  1.59674  0.3317380E-04  0.3229773E-05  0.2307528E-04  0.2432445E-05  0.6724713E-05  0.7973284E-06  0.3373804E-05  0.0000000E+00  0.0000000E+00  0.0000000E+00
  2.51053  3.75000  1.43000  1.59774  0.3339798E-04  0.3256819E-05  0.2323508E-04  0.2451210E-05  0.6783443E-05  0.8056093E-06  0.3379457E-05  0.0000000E+00  0.0000000E+00  0.0000000E+00
  2.51117  3.75000  1.43100  1.59874  0.3362296E-04  0.3283993E-05  0.2339536E-04  0.2470052E-05  0.6842494E-05  0.8139413E-06  0.3385110E-05  0.0000000E+00  0.0000000E+00  0.0000000E+00
  2.51181  3.75000  1.43200  1.59974  0.3384874E-04  0.3311292E-05  0.2355611E-04  0.2488969E-05  0.6901863E-05  0.8223237E-06  0.3390763E-05  0.0000000E+00  0.0000000E+00  0.0000000E+00
  2.51244  3.75000  1.43300  1.60074  0.3407528E-04  0.3338717E-05  0.2371732E-04  0.2507961E-05  0.6961544E-05  0.8307559E-06  0.3396416E-05  0.0000000E+00  0.0000000E+00  0.0000000E+00
  2.51308  3.75000  1.43400  1.60174  0.3430260E-04  0.3366265E-05  0.2387900E-04  0.2527027E-05  0.7021533E-05  0.8392372E-06  0.3402069E-05  0.0000000E+00  0.0000000E+00  0.0000000E+00
  2.51372  3.75000  1.43500  1.60274  0.3453068E-04  0.3393935E-05  0.2404113E-04  0.2546168E-05  0.7081828E-05  0.8477670E-06  0.3407721E-05  0.0000000E+00  0.0000000E+00  0.0000000E+00
  2.51436  3.75000  1.43600  1.60374  0.3475951E-04  0.3421727E-05  0.2420371E-04  0.2565382E-05  0.7142423E-05  0.8563450E-06  0.3413374E-05  0.0000000E+00  0.0000000E+00  0.0000000E+00
  2.51499  3.75000  1.43700  1.60474  0.3498908E-04  0.3449640E-05  0.2436673E-04  0.2584670E-05  0.7203316E-05  0.8649706E-06  0.3419026E-05  0.0000000E+00  0.0000000E+00  0.0000000E+00
  2.51563  3.75000  1.43800  1.60574  0.3521937E-04  0.3477673E-05  0.2453019E-04  0.2604029E-05  0.7264501E-05  0.8736433E-06  0.3424678E-05  0.0000000E+00  0.0000000E+00  0.0000000E+00
  2.51627  3.75000  1.43900  1.60674  0.3545039E-04  0.3505824E-05  0.2469408E-04  0.2623461E-05  0.7325976E-05  0.8823629E-06  0.3430330E-05  0.0000000E+00  0.0000000E+00  0.0000000E+00
  2.51691  3.75000  1.44000  1.60774  0.3568734E-04  0.3534767E-05  0.2485840E-04  0.2642964E-05  0.7392966E-05  0.8918030E-06  0.3435981E-05  0.0000000E+00  0.0000000E+00  0.0000000E+00
  2.51755  3.75000  1.44100  1.60874  0.3592186E-04  0.3563537E-05  0.2502313E-04  0.2662537E-05  0.7457097E-05  0.9010002E-06  0.3441632E-05  0.0000000E+00  0.0000000E+00  0.0000000E+00
  2.51819  3.75000  1.44200  1.60974  0.3615723E-04  0.3592467E-05  0.2518828E-04  0.2682181E-05  0.7521672E-05  0.9102859E-06  0.3447283E-05  0.0000000E+00  0.0000000E+00  0.0000000E+00
  2.51883  3.75000  1.44300  1.61074  0.3639344E-04  0.3621546E-05  0.2535383E-04  0.2701894E-05  0.7586677E-05  0.9196519E-06  0.3452934E-05  0.0000000E+00  0.0000000E+00  0.0000000E+00
  2.51947  3.75000  1.44400  1.61174  0.3663046E-04  0.3650769E-05  0.2551978E-04  0.2721676E-05  0.7652099E-05  0.9290926E-06  0.3458584E-05  0.0000000E+00  0.0000000E+00  0.0000000E+00
  2.52011  3.75000  1.44500  1.61274  0.3686828E-04  0.3680131E-05  0.2568612E-04  0.2741527E-05  0.7717931E-05  0.9386041E-06  0.3464234E-05  0.0000000E+00  0.0000000E+00  0.0000000E+00
  2.52075  3.75000  1.44600  1.61374  0.3710690E-04  0.3709629E-05  0.2585285E-04  0.2761446E-05  0.7784163E-05  0.9481835E-06  0.3469883E-05  0.0000000E+00  0.0000000E+00  0.0000000E+00
  2.52139  3.75000  1.44700  1.61474  0.3734628E-04  0.3739260E-05  0.2601996E-04  0.2781431E-05  0.7850790E-05  0.9578284E-06  0.3475532E-05  0.0000000E+00  0.0000000E+00  0.0000000E+00
  2.52203  3.75000  1.44800  1.61574  0.3758643E-04  0.3769021E-05  0.2618744E-04  0.2801484E-05  0.7917805E-05  0.9675370E-06  0.3481180E-05  0.0000000E+00  0.0000000E+00  0.0000000E+00
  2.52267  3.75000  1.44900  1.61674  0.3782733E-04  0.3798910E-05  0.2635530E-04  0.2821602E-05  0.7985204E-05  0.9773078E-06  0.3486828E-05  0.0000000E+00  0.0000000E+00  0.0000000E+00
  2.52331  3.75000  1.45000  1.61774  0.3806896E-04  0.3828925E-05  0.2652351E-04  0.2841785E-05  0.8052980E-05  0.9871396E-06  0.3492475E-05  0.0000000E+00  0.0000000E+00  0.0000000E+00
  2.52395  3.75000  1.45100  1.61874  0.3831133E-04  0.3859065E-05  0.2669208E-04  0.2862034E-05  0.8121129E-05  0.9970314E-06  0.3498122E-05  0.0000000E+00  0.0000000E+00  0.0000000E+00
  2.52459  3.75000  1.45200  1.61974  0.3855441E-04  0.3889328E-05  0.2686099E-04  0.2882346E-05  0.8189647E-05  0.1006982E-05  0.3503768E-05  0.0000000E+00  0.0000000E+00  0.0000000E+00
  2.52523  3.75000  1.45300  1.62074  0.3879819E-04  0.3919713E-05  0.2703025E-04  0.2902722E-05  0.8258529E-05  0.1016991E-05  0.3509414E-05  0.0000000E+00  0.0000000E+00  0.0000000E+00
  2.52588  3.75000  1.45400  1.62174  0.3904267E-04  0.3950218E-05  0.2719984E-04  0.2923160E-05  0.8327770E-05  0.1027058E-05  0.3515059E-05  0.0000000E+00  0.0000000E+00  0.0000000E+00
  2.52652  3.75000  1.45500  1.62274  0.3928783E-04  0.3980842E-05  0.2736976E-04  0.2943661E-05  0.8397367E-05  0.1037181E-05  0.3520703E-05  0.0000000E+00  0.0000000E+00  0.0000000E+00
  2.52716  3.75000  1.45600  1.62374  0.3953366E-04  0.4011584E-05  0.2754000E-04  0.2964223E-05  0.8467315E-05  0.1047360E-05  0.3526346E-05  0.0000000E+00  0.0000000E+00  0.0000000E+00
  2.52780  3.75000  1.45700  1.62474  0.3978016E-04  0.4042442E-05  0.2771056E-04  0.2984847E-05  0.8537610E-05  0.1057596E-05  0.3531989E-05  0.0000000E+00  0.0000000E+00  0.0000000E+00
  2.52845  3.75000  1.45800  1.62574  0.4002730E-04  0.4073416E-05  0.2788142E-04  0.3005530E-05  0.8608248E-05  0.1067886E-05  0.3537631E-05  0.0000000E+00  0.0000000E+00  0.0000000E+00
  2.52909  3.75000  1.45900  1.62674  0.4027508E-04  0.4104504E-05  0.2805258E-04  0.3026273E-05  0.8679226E-05  0.1078231E-05  0.3543272E-05  0.0000000E+00  0.0000000E+00  0.0000000E+00
  2.52973  3.75000  1.46000  1.62774  0.4052350E-04  0.4135705E-05  0.2822404E-04  0.3047074E-05  0.8750539E-05  0.1088631E-05  0.3548913E-05  0.0000000E+00  0.0000000E+00  0.0000000E+00
  2.53038  3.75000  1.46100  1.62874  0.4077905E-04  0.4167918E-05  0.2839579E-04  0.3067934E-05  0.8828704E-05  0.1099983E-05  0.3554552E-05  0.0000000E+00  0.0000000E+00  0.0000000E+00
  2.53102  3.75000  1.46200  1.62974  0.4103108E-04  0.4199800E-05  0.2856782E-04  0.3088852E-05  0.8903065E-05  0.1110949E-05  0.3560191E-05  0.0000000E+00  0.0000000E+00  0.0000000E+00
  2.53166  3.75000  1.46300  1.63074  0.4128388E-04  0.4231839E-05  0.2874012E-04  0.3109826E-05  0.8977930E-05  0.1122013E-05  0.3565828E-05  0.0000000E+00  0.0000000E+00  0.0000000E+00
  2.53231  3.75000  1.46400  1.63174  0.4153744E-04  0.4264025E-05  0.2891269E-04  0.3130856E-05  0.9053284E-05  0.1133169E-05  0.3571465E-05  0.0000000E+00  0.0000000E+00  0.0000000E+00
  2.53295  3.75000  1.46500  1.63274  0.4179174E-04  0.4296351E-05  0.2908552E-04  0.3151942E-05  0.9129116E-05  0.1144410E-05  0.3577101E-05  0.0000000E+00  0.0000000E+00  0.0000000E+00
  2.53360  3.75000  1.46600  1.63374  0.4204676E-04  0.4328813E-05  0.2925861E-04  0.3173082E-05  0.9205416E-05  0.1155731E-05  0.3582736E-05  0.0000000E+00  0.0000000E+00  0.0000000E+00
  2.53424  3.75000  1.46700  1.63474  0.4230249E-04  0.4361408E-05  0.2943194E-04  0.3194277E-05  0.9282176E-05  0.1167131E-05  0.3588370E-05  0.0000000E+00  0.0000000E+00  0.0000000E+00
  2.53489  3.75000  1.46800  1.63574  0.4255890E-04  0.4394131E-05  0.2960551E-04  0.3215525E-05  0.9359387E-05  0.1178606E-05  0.3594003E-05  0.0000000E+00  0.0000000E+00  0.0000000E+00
  2.53553  3.75000  1.46900  1.63674  0.4281600E-04  0.4426980E-05  0.2977932E-04  0.3236825E-05  0.9437045E-05  0.1190154E-05  0.3599634E-05  0.0000000E+00  0.0000000E+00  0.0000000E+00
  2.53618  3.75000  1.47000  1.63774  0.4307376E-04  0.4459952E-05  0.2995335E-04  0.3258178E-05  0.9515142E-05  0.1201775E-05  0.3605265E-05  0.0000000E+00  0.0000000E+00  0.0000000E+00
  2.53682  3.75000  1.47100  1.63874  0.4333217E-04  0.4493047E-05  0.3012760E-04  0.3279581E-05  0.9593673E-05  0.1213465E-05  0.3610894E-05  0.0000000E+00  0.0000000E+00  0.0000000E+00
  2.53747  3.75000  1.47200  1.63974  0.4359122E-04  0.4526261E-05  0.3030207E-04  0.3301036E-05  0.9672633E-05  0.1225225E-05  0.3616523E-05  0.0000000E+00  0.0000000E+00  0.0000000E+00
  2.53812  3.75000  1.47300  1.64074  0.4385091E-04  0.4559593E-05  0.3047674E-04  0.3322540E-05  0.9752015E-05  0.1237053E-05  0.3622150E-05  0.0000000E+00  0.0000000E+00  0.0000000E+00
  2.53876  3.75000  1.47400  1.64174  0.4411120E-04  0.4593041E-05  0.3065161E-04  0.3344093E-05  0.9831815E-05  0.1248948E-05  0.3627776E-05  0.0000000E+00  0.0000000E+00  0.0000000E+00
  2.53941  3.75000  1.47500  1.64274  0.4437210E-04  0.4626604E-05  0.3082667E-04  0.3365695E-05  0.9912028E-05  0.1260909E-05  0.3633401E-05  0.0000000E+00  0.0000000E+00  0.0000000E+00
  2.54006  3.75000  1.47600  1.64374  0.4463360E-04  0.4660281E-05  0.3100192E-04  0.3387344E-05  0.9992648E-05  0.1272936E-05  0.3639024E-05  0.0000000E+00  0.0000000E+00  0.0000000E+00
  2.54070  3.75000  1.47700  1.64474  0.4489567E-04  0.4694069E-05  0.3117735E-04  0.3409041E-05  0.1007367E-04  0.1285028E-05  0.3644647E-05  0.0000000E+00  0.0000000E+00  0.0000000E+00
  2.54135  3.75000  1.47800  1.64574  0.4515831E-04  0.4727968E-05  0.3135295E-04  0.3430784E-05  0.1015509E-04  0.1297184E-05  0.3650268E-05  0.0000000E+00  0.0000000E+00  0.0000000E+00
  2.54200  3.75000  1.47900  1.64674  0.4542150E-04  0.4761976E-05  0.3152872E-04  0.3452572E-05  0.1023690E-04  0.1309404E-05  0.3655887E-05  0.0000000E+00  0.0000000E+00  0.0000000E+00
  2.54265  3.75000  1.48000  1.64774  0.4568524E-04  0.4796092E-05  0.3170464E-04  0.3474405E-05  0.1031910E-04  0.1321687E-05  0.3661505E-05  0.0000000E+00  0.0000000E+00  0.0000000E+00
  2.54329  3.75000  1.48100  1.64874  0.4594952E-04  0.4830316E-05  0.3188072E-04  0.3496282E-05  0.1040168E-04  0.1334034E-05  0.3667122E-05  0.0000000E+00  0.0000000E+00  0.0000000E+00
  2.54394  3.75000  1.48200  1.64974  0.4622182E-04  0.4865721E-05  0.3205694E-04  0.3518203E-05  0.1049214E-04  0.1347519E-05  0.3672738E-05  0.0000000E+00  0.0000000E+00  0.0000000E+00
  2.54459  3.75000  1.48300  1.65074  0.4648980E-04  0.4900685E-05  0.3223330E-04  0.3540166E-05  0.1057815E-04  0.1360519E-05  0.3678352E-05  0.0000000E+00  0.0000000E+00  0.0000000E+00
  2.54524  3.75000  1.48400  1.65174  0.4675847E-04  0.4935803E-05  0.3240979E-04  0.3562171E-05  0.1066472E-04  0.1373632E-05  0.3683964E-05  0.0000000E+00  0.0000000E+00  0.0000000E+00
  2.54589  3.75000  1.48500  1.65274  0.4702781E-04  0.4971067E-05  0.3258640E-04  0.3584217E-05  0.1075183E-04  0.1386850E-05  0.3689575E-05  0.0000000E+00  0.0000000E+00  0.0000000E+00
  2.54654  3.75000  1.48600  1.65374  0.4729780E-04  0.5006469E-05  0.3276313E-04  0.3606304E-05  0.1083948E-04  0.1400164E-05  0.3695185E-05  0.0000000E+00  0.0000000E+00  0.0000000E+00
  2.54719  3.75000  1.48700  1.65474  0.4756842E-04  0.5042003E-05  0.3293998E-04  0.3628431E-05  0.1092765E-04  0.1413572E-05  0.3700793E-05  0.0000000E+00  0.0000000E+00  0.0000000E+00
  2.54784  3.75000  1.48800  1.65574  0.4783966E-04  0.5077666E-05  0.3311693E-04  0.3650597E-05  0.1101633E-04  0.1427069E-05  0.3706399E-05  0.0000000E+00  0.0000000E+00  0.0000000E+00
  2.54849  3.75000  1.48900  1.65674  0.4811149E-04  0.5113453E-05  0.3329398E-04  0.3672801E-05  0.1110551E-04  0.1440652E-05  0.3712004E-05  0.0000000E+00  0.0000000E+00  0.0000000E+00
  2.54914  3.75000  1.49000  1.65774  0.4838391E-04  0.5149362E-05  0.3347112E-04  0.3695043E-05  0.1119518E-04  0.1454319E-05  0.3717607E-05  0.0000000E+00  0.0000000E+00  0.0000000E+00
  2.54979  3.75000  1.49100  1.65874  0.4865689E-04  0.5185390E-05  0.3364834E-04  0.3717321E-05  0.1128534E-04  0.1468069E-05  0.3723209E-05  0.0000000E+00  0.0000000E+00  0.0000000E+00
  2.55044  3.75000  1.49200  1.65974  0.4893042E-04  0.5221534E-05  0.3382564E-04  0.3739636E-05  0.1137597E-04  0.1481898E-05  0.3728809E-05  0.0000000E+00  0.0000000E+00  0.0000000E+00
  2.55109  3.75000  1.49300  1.66074  0.4920449E-04  0.5257793E-05  0.3400302E-04  0.3761986E-05  0.1146707E-04  0.1495807E-05  0.3734407E-05  0.0000000E+00  0.0000000E+00  0.0000000E+00
  2.55174  3.75000  1.49400  1.66174  0.4947908E-04  0.5294164E-05  0.3418046E-04  0.3784371E-05  0.1155862E-04  0.1509793E-05  0.3740003E-05  0.0000000E+00  0.0000000E+00  0.0000000E+00
  2.55239  3.75000  1.49500  1.66274  0.4975418E-04  0.5330645E-05  0.3435796E-04  0.3806790E-05  0.1165062E-04  0.1523856E-05  0.3745598E-05  0.0000000E+00  0.0000000E+00  0.0000000E+00
  2.55304  3.75000  1.49600  1.66374  0.5002976E-04  0.5367236E-05  0.3453551E-04  0.3829242E-05  0.1174307E-04  0.1537994E-05  0.3751191E-05  0.0000000E+00  0.0000000E+00  0.0000000E+00
  2.55370  3.75000  1.49700  1.66474  0.5030583E-04  0.5403933E-05  0.3471310E-04  0.3851726E-05  0.1183594E-04  0.1552207E-05  0.3756782E-05  0.0000000E+00  0.0000000E+00  0.0000000E+00
  2.55435  3.75000  1.49800  1.66574  0.5058239E-04  0.5440738E-05  0.3489074E-04  0.3874243E-05  0.1192928E-04  0.1566496E-05  0.3762372E-05  0.0000000E+00  0.0000000E+00  0.0000000E+00
  2.55500  3.75000  1.49900  1.66674  0.5085944E-04  0.5477647E-05  0.3506841E-04  0.3896791E-05  0.1202307E-04  0.1580857E-05  0.3767959E-05  0.0000000E+00  0.0000000E+00  0.0000000E+00
  2.55565  3.75000  1.50000  1.66774  0.5113691E-04  0.5514658E-05  0.3524610E-04  0.3919369E-05  0.1211727E-04  0.1595290E-05  0.3773545E-05  0.0000000E+00  0.0000000E+00  0.0000000E+00
  2.55631  3.75000  1.50100  1.66874  0.5141483E-04  0.5551771E-05  0.3542382E-04  0.3941976E-05  0.1221188E-04  0.1609794E-05  0.3779128E-05  0.0000000E+00  0.0000000E+00  0.0000000E+00
  2.55696  3.75000  1.50200  1.66974  0.5169316E-04  0.5588983E-05  0.3560155E-04  0.3964613E-05  0.1230690E-04  0.1624370E-05  0.3784710E-05  0.0000000E+00  0.0000000E+00  0.0000000E+00
  2.55761  3.75000  1.50300  1.67074  0.5197991E-04  0.5627460E-05  0.3577929E-04  0.3987278E-05  0.1241033E-04  0.1640182E-05  0.3790290E-05  0.0000000E+00  0.0000000E+00  0.0000000E+00
  2.55826  3.75000  1.50400  1.67174  0.5226194E-04  0.5665464E-05  0.3595703E-04  0.4009971E-05  0.1250904E-04  0.1655494E-05  0.3795868E-05  0.0000000E+00  0.0000000E+00  0.0000000E+00
  2.55892  3.75000  1.50500  1.67274  0.5254456E-04  0.5703626E-05  0.3613477E-04  0.4032690E-05  0.1260835E-04  0.1670936E-05  0.3801444E-05  0.0000000E+00  0.0000000E+00  0.0000000E+00
  2.55957  3.75000  1.50600  1.67374  0.5282774E-04  0.5741931E-05  0.3631249E-04  0.4055436E-05  0.1270823E-04  0.1686496E-05  0.3807018E-05  0.0000000E+00  0.0000000E+00  0.0000000E+00
  2.56023  3.75000  1.50700  1.67474  0.5311144E-04  0.5780374E-05  0.3649020E-04  0.4078207E-05  0.1280865E-04  0.1702167E-05  0.3812590E-05  0.0000000E+00  0.0000000E+00  0.0000000E+00
  2.56088  3.75000  1.50800  1.67574  0.5339565E-04  0.5818946E-05  0.3666789E-04  0.4101002E-05  0.1290961E-04  0.1717943E-05  0.3818160E-05  0.0000000E+00  0.0000000E+00  0.0000000E+00
  2.56154  3.75000  1.50900  1.67674  0.5368036E-04  0.5857642E-05  0.3684554E-04  0.4123822E-05  0.1301109E-04  0.1733820E-05  0.3823727E-05  0.0000000E+00  0.0000000E+00  0.0000000E+00
  2.56219  3.75000  1.51000  1.67774  0.5396553E-04  0.5896460E-05  0.3702316E-04  0.4146665E-05  0.1311307E-04  0.1749795E-05  0.3829293E-05  0.0000000E+00  0.0000000E+00  0.0000000E+00
  2.56284  3.75000  1.51100  1.67874  0.5425115E-04  0.5935395E-05  0.3720075E-04  0.4169531E-05  0.1321555E-04  0.1765864E-05  0.3834857E-05  0.0000000E+00  0.0000000E+00  0.0000000E+00
  2.56350  3.75000  1.51200  1.67974  0.5453721E-04  0.5974444E-05  0.3737828E-04  0.4192419E-05  0.1331851E-04  0.1782025E-05  0.3840418E-05  0.0000000E+00  0.0000000E+00  0.0000000E+00
  2.56416  3.75000  1.51300  1.68074  0.5482368E-04  0.6013605E-05  0.3755576E-04  0.4215328E-05  0.1342194E-04  0.1798276E-05  0.3845977E-05  0.0000000E+00  0.0000000E+00  0.0000000E+00
  2.56481  3.75000  1.51400  1.68174  0.5511056E-04  0.6052874E-05  0.3773319E-04  0.4238258E-05  0.1352583E-04  0.1814616E-05  0.3851534E-05  0.0000000E+00  0.0000000E+00  0.0000000E+00
  2.56547  3.75000  1.51500  1.68274  0.5539782E-04  0.6092251E-05  0.3791055E-04  0.4261208E-05  0.1363018E-04  0.1831043E-05  0.3857089E-05  0.0000000E+00  0.0000000E+00  0.0000000E+00
  2.56612  3.75000  1.51600  1.68374  0.5568545E-04  0.6131732E-05  0.3808784E-04  0.4284177E-05  0.1373497E-04  0.1847555E-05  0.3862641E-05  0.0000000E+00  0.0000000E+00  0.0000000E+00
  2.56678  3.75000  1.51700  1.68474  0.5597348E-04  0.6171320E-05  0.3826505E-04  0.4307165E-05  0.1384024E-04  0.1864156E-05  0.3868192E-05  0.0000000E+00  0.0000000E+00  0.0000000E+00
  2.56744  3.75000  1.51800  1.68574  0.5626190E-04  0.6211008E-05  0.3844219E-04  0.4330170E-05  0.1394597E-04  0.1880838E-05  0.3873740E-05  0.0000000E+00  0.0000000E+00  0.0000000E+00
  2.56809  3.75000  1.51900  1.68674  0.5655062E-04  0.6250795E-05  0.3861924E-04  0.4353193E-05  0.1405210E-04  0.1897602E-05  0.3879285E-05  0.0000000E+00  0.0000000E+00  0.0000000E+00
  2.56875  3.75000  1.52000  1.68774  0.5683968E-04  0.6290679E-05  0.3879619E-04  0.4376232E-05  0.1415866E-04  0.1914447E-05  0.3884829E-05  0.0000000E+00  0.0000000E+00  0.0000000E+00
  2.56941  3.75000  1.52100  1.68874  0.5712904E-04  0.6330660E-05  0.3897305E-04  0.4399288E-05  0.1426562E-04  0.1931372E-05  0.3890370E-05  0.0000000E+00  0.0000000E+00  0.0000000E+00
  2.57006  3.75000  1.52200  1.68974  0.5741869E-04  0.6370736E-05  0.3914980E-04  0.4422358E-05  0.1437298E-04  0.1948378E-05  0.3895908E-05  0.0000000E+00  0.0000000E+00  0.0000000E+00
  2.57072  3.75000  1.52300  1.69074  0.5770861E-04  0.6410907E-05  0.3932645E-04  0.4445444E-05  0.1448072E-04  0.1965463E-05  0.3901444E-05  0.0000000E+00  0.0000000E+00  0.0000000E+00
  2.57138  3.75000  1.52400  1.69174  0.5800667E-04  0.6452294E-05  0.3950298E-04  0.4468543E-05  0.1459671E-04  0.1983752E-05  0.3906978E-05  0.0000000E+00  0.0000000E+00  0.0000000E+00
  2.57204  3.75000  1.52500  1.69274  0.5830024E-04  0.6493300E-05  0.3967939E-04  0.4491655E-05  0.1470833E-04  0.2001644E-05  0.3912510E-05  0.0000000E+00  0.0000000E+00  0.0000000E+00
  2.57270  3.75000  1.52600  1.69374  0.5859428E-04  0.6534468E-05  0.3985568E-04  0.4514781E-05  0.1482056E-04  0.2019688E-05  0.3918039E-05  0.0000000E+00  0.0000000E+00  0.0000000E+00
  2.57335  3.75000  1.52700  1.69474  0.5888877E-04  0.6575786E-05  0.4003184E-04  0.4537918E-05  0.1493337E-04  0.2037868E-05  0.3923565E-05  0.0000000E+00  0.0000000E+00  0.0000000E+00
  2.57401  3.75000  1.52800  1.69574  0.5918369E-04  0.6617242E-05  0.4020786E-04  0.4561066E-05  0.1504674E-04  0.2056175E-05  0.3929089E-05  0.0000000E+00  0.0000000E+00  0.0000000E+00
  2.57467  3.75000  1.52900  1.69674  0.5947900E-04  0.6658828E-05  0.4038374E-04  0.4584226E-05  0.1516064E-04  0.2074602E-05  0.3934611E-05  0.0000000E+00  0.0000000E+00  0.0000000E+00
  2.57533  3.75000  1.53000  1.69774  0.5977469E-04  0.6700539E-05  0.4055948E-04  0.4607396E-05  0.1527508E-04  0.2093144E-05  0.3940130E-05  0.0000000E+00  0.0000000E+00  0.0000000E+00
  2.57599  3.75000  1.53100  1.69874  0.6007074E-04  0.6742370E-05  0.4073507E-04  0.4630575E-05  0.1539003E-04  0.2111796E-05  0.3945646E-05  0.0000000E+00  0.0000000E+00  0.0000000E+00
  2.57665  3.75000  1.53200  1.69974  0.6036714E-04  0.6784317E-05  0.4091050E-04  0.4653763E-05  0.1550548E-04  0.2130554E-05  0.3951160E-05  0.0000000E+00  0.0000000E+00  0.0000000E+00
  2.57731  3.75000  1.53300  1.70074  0.6066387E-04  0.6826376E-05  0.4108577E-04  0.4676959E-05  0.1562143E-04  0.2149417E-05  0.3956671E-05  0.0000000E+00  0.0000000E+00  0.0000000E+00
  2.57797  3.75000  1.53400  1.70174  0.6096092E-04  0.6868545E-05  0.4126088E-04  0.4700163E-05  0.1573786E-04  0.2168382E-05  0.3962180E-05  0.0000000E+00  0.0000000E+00  0.0000000E+00
  2.57863  3.75000  1.53500  1.70274  0.6125826E-04  0.6910821E-05  0.4143582E-04  0.4723374E-05  0.1585475E-04  0.2187446E-05  0.3967686E-05  0.0000000E+00  0.0000000E+00  0.0000000E+00
  2.57929  3.75000  1.53600  1.70374  0.6155595E-04  0.6953206E-05  0.4161058E-04  0.4746592E-05  0.1597218E-04  0.2206614E-05  0.3973189E-05  0.0000000E+00  0.0000000E+00  0.0000000E+00
  2.57995  3.75000  1.53700  1.70474  0.6185397E-04  0.6995691E-05  0.4178517E-04  0.4769816E-05  0.1609011E-04  0.2225876E-05  0.3978690E-05  0.0000000E+00  0.0000000E+00  0.0000000E+00
  2.58061  3.75000  1.53800  1.70574  0.6215222E-04  0.7038277E-05  0.4195957E-04  0.4793044E-05  0.1620847E-04  0.2245232E-05  0.3984188E-05  0.0000000E+00  0.0000000E+00  0.0000000E+00
  2.58127  3.75000  1.53900  1.70674  0.6245075E-04  0.7080960E-05  0.4213378E-04  0.4816278E-05  0.1632729E-04  0.2264682E-05  0.3989683E-05  0.0000000E+00  0.0000000E+00  0.0000000E+00
  2.58193  3.75000  1.54000  1.70774  0.6274953E-04  0.7123740E-05  0.4230780E-04  0.4839516E-05  0.1644656E-04  0.2284224E-05  0.3995176E-05  0.0000000E+00  0.0000000E+00  0.0000000E+00
  2.58260  3.75000  1.54100  1.70874  0.6304852E-04  0.7166615E-05  0.4248162E-04  0.4862757E-05  0.1656624E-04  0.2303858E-05  0.4000666E-05  0.0000000E+00  0.0000000E+00  0.0000000E+00
  2.58326  3.75000  1.54200  1.70974  0.6334773E-04  0.7209584E-05  0.4265523E-04  0.4886001E-05  0.1668634E-04  0.2323583E-05  0.4006153E-05  0.0000000E+00  0.0000000E+00  0.0000000E+00
  2.58392  3.75000  1.54300  1.71074  0.6364714E-04  0.7252646E-05  0.4282865E-04  0.4909248E-05  0.1680686E-04  0.2343398E-05  0.4011638E-05  0.0000000E+00  0.0000000E+00  0.0000000E+00
  2.58458  3.75000  1.54400  1.71174  0.6394674E-04  0.7295801E-05  0.4300185E-04  0.4932496E-05  0.1692777E-04  0.2363305E-05  0.4017119E-05  0.0000000E+00  0.0000000E+00  0.0000000E+00
  2.58524  3.75000  1.54500  1.71274  0.6424652E-04  0.7339048E-05  0.4317483E-04  0.4955746E-05  0.1704909E-04  0.2383302E-05  0.4022598E-05  0.0000000E+00  0.0000000E+00  0.0000000E+00
  2.58591  3.75000  1.54600  1.71374  0.6455671E-04  0.7383982E-05  0.4334760E-04  0.4978996E-05  0.1718103E-04  0.2404985E-05  0.4028074E-05  0.0000000E+00  0.0000000E+00  0.0000000E+00
  2.58657  3.75000  1.54700  1.71474  0.6486038E-04  0.7428179E-05  0.4352014E-04  0.5002247E-05  0.1730669E-04  0.2425933E-05  0.4033547E-05  0.0000000E+00  0.0000000E+00  0.0000000E+00
  2.58723  3.75000  1.54800  1.71574  0.6516446E-04  0.7472539E-05  0.4369246E-04  0.5025497E-05  0.1743299E-04  0.2447042E-05  0.4039018E-05  0.0000000E+00  0.0000000E+00  0.0000000E+00
  2.58790  3.75000  1.54900  1.71674  0.6546892E-04  0.7517046E-05  0.4386454E-04  0.5048746E-05  0.1755989E-04  0.2468299E-05  0.4044486E-05  0.0000000E+00  0.0000000E+00  0.0000000E+00
  2.58856  3.75000  1.55000  1.71774  0.6577372E-04  0.7561691E-05  0.4403639E-04  0.5071994E-05  0.1768738E-04  0.2489697E-05  0.4049950E-05  0.0000000E+00  0.0000000E+00  0.0000000E+00
  2.58922  3.75000  1.55100  1.71874  0.6607886E-04  0.7606466E-05  0.4420800E-04  0.5095240E-05  0.1781546E-04  0.2511226E-05  0.4055412E-05  0.0000000E+00  0.0000000E+00  0.0000000E+00
  2.58989  3.75000  1.55200  1.71974  0.6638432E-04  0.7651366E-05  0.4437936E-04  0.5118483E-05  0.1794409E-04  0.2532882E-05  0.4060871E-05  0.0000000E+00  0.0000000E+00  0.0000000E+00
  2.59055  3.75000  1.55300  1.72074  0.6669007E-04  0.7696385E-05  0.4455047E-04  0.5141724E-05  0.1807327E-04  0.2554662E-05  0.4066327E-05  0.0000000E+00  0.0000000E+00  0.0000000E+00
  2.59121  3.75000  1.55400  1.72174  0.6699611E-04  0.7741520E-05  0.4472134E-04  0.5164960E-05  0.1820299E-04  0.2576560E-05  0.4071780E-05  0.0000000E+00  0.0000000E+00  0.0000000E+00
  2.59188  3.75000  1.55500  1.72274  0.6730247E-04  0.7786772E-05  0.4489194E-04  0.5188193E-05  0.1833330E-04  0.2598579E-05  0.4077231E-05  0.0000000E+00  0.0000000E+00  0.0000000E+00
  2.59254  3.75000  1.55600  1.72374  0.6760918E-04  0.7832133E-05  0.4506229E-04  0.5211421E-05  0.1846420E-04  0.2620712E-05  0.4082678E-05  0.0000000E+00  0.0000000E+00  0.0000000E+00
  2.59321  3.75000  1.55700  1.72474  0.6791609E-04  0.7877600E-05  0.4523238E-04  0.5234644E-05  0.1859559E-04  0.2642956E-05  0.4088122E-05  0.0000000E+00  0.0000000E+00  0.0000000E+00
  2.59387  3.75000  1.55800  1.72574  0.6822328E-04  0.7923169E-05  0.4540220E-04  0.5257861E-05  0.1872752E-04  0.2665308E-05  0.4093564E-05  0.0000000E+00  0.0000000E+00  0.0000000E+00
  2.59454  3.75000  1.55900  1.72674  0.6853070E-04  0.7968841E-05  0.4557175E-04  0.5281072E-05  0.1885995E-04  0.2687769E-05  0.4099002E-05  0.0000000E+00  0.0000000E+00  0.0000000E+00
  2.59521  3.75000  1.56000  1.72774  0.6883832E-04  0.8014613E-05  0.4574102E-04  0.5304277E-05  0.1899286E-04  0.2710336E-05  0.4104438E-05  0.0000000E+00  0.0000000E+00  0.0000000E+00
  2.59587  3.75000  1.56100  1.72874  0.6914614E-04  0.8060483E-05  0.4591002E-04  0.5327474E-05  0.1912625E-04  0.2733008E-05  0.4109870E-05  0.0000000E+00  0.0000000E+00  0.0000000E+00
  2.59654  3.75000  1.56200  1.72974  0.6945414E-04  0.8106449E-05  0.4607873E-04  0.5350664E-05  0.1926011E-04  0.2755784E-05  0.4115300E-05  0.0000000E+00  0.0000000E+00  0.0000000E+00
  2.59720  3.75000  1.56300  1.73074  0.6976231E-04  0.8152511E-05  0.4624717E-04  0.5373846E-05  0.1939442E-04  0.2778664E-05  0.4120726E-05  0.0000000E+00  0.0000000E+00  0.0000000E+00
  2.59787  3.75000  1.56400  1.73174  0.7007065E-04  0.8198667E-05  0.4641531E-04  0.5397020E-05  0.1952919E-04  0.2801648E-05  0.4126150E-05  0.0000000E+00  0.0000000E+00  0.0000000E+00
  2.59854  3.75000  1.56500  1.73274  0.7037914E-04  0.8244918E-05  0.4658316E-04  0.5420184E-05  0.1966441E-04  0.2824734E-05  0.4131570E-05  0.0000000E+00  0.0000000E+00  0.0000000E+00
  2.59920  3.75000  1.56600  1.73374  0.7068778E-04  0.8291263E-05  0.4675072E-04  0.5443339E-05  0.1980007E-04  0.2847924E-05  0.4136987E-05  0.0000000E+00  0.0000000E+00  0.0000000E+00
  2.59987  3.75000  1.56700  1.73474  0.7099655E-04  0.8337700E-05  0.4691798E-04  0.5466484E-05  0.1993617E-04  0.2871216E-05  0.4142402E-05  0.0000000E+00  0.0000000E+00  0.0000000E+00
  2.60054  3.75000  1.56800  1.73574  0.7131757E-04  0.8386225E-05  0.4708495E-04  0.5489619E-05  0.2008481E-04  0.2896607E-05  0.4147813E-05  0.0000000E+00  0.0000000E+00  0.0000000E+00
  2.60121  3.75000  1.56900  1.73674  0.7163054E-04  0.8433731E-05  0.4725160E-04  0.5512742E-05  0.2022571E-04  0.2920989E-05  0.4153221E-05  0.0000000E+00  0.0000000E+00  0.0000000E+00
  2.60187  3.75000  1.57000  1.73774  0.7194388E-04  0.8481404E-05  0.4741795E-04  0.5535855E-05  0.2036730E-04  0.2945549E-05  0.4158627E-05  0.0000000E+00  0.0000000E+00  0.0000000E+00
  2.60254  3.75000  1.57100  1.73874  0.7225758E-04  0.8529230E-05  0.4758399E-04  0.5558956E-05  0.2050955E-04  0.2970274E-05  0.4164029E-05  0.0000000E+00  0.0000000E+00  0.0000000E+00
  2.60321  3.75000  1.57200  1.73974  0.7257160E-04  0.8577198E-05  0.4774972E-04  0.5582044E-05  0.2065245E-04  0.2995154E-05  0.4169428E-05  0.0000000E+00  0.0000000E+00  0.0000000E+00
  2.60388  3.75000  1.57300  1.74074  0.7288592E-04  0.8625302E-05  0.4791513E-04  0.5605120E-05  0.2079597E-04  0.3020182E-05  0.4174824E-05  0.0000000E+00  0.0000000E+00  0.0000000E+00
  2.60455  3.75000  1.57400  1.74174  0.7320056E-04  0.8673537E-05  0.4808023E-04  0.5628183E-05  0.2094011E-04  0.3045354E-05  0.4180217E-05  0.0000000E+00  0.0000000E+00  0.0000000E+00
  2.60522  3.75000  1.57500  1.74274  0.7351562E-04  0.8721901E-05  0.4824500E-04  0.5651233E-05  0.2108502E-04  0.3070668E-05  0.4185606E-05  0.0000000E+00  0.0000000E+00  0.0000000E+00
  2.60588  3.75000  1.57600  1.74374  0.7383090E-04  0.8770381E-05  0.4840944E-04  0.5674269E-05  0.2123047E-04  0.3096112E-05  0.4190993E-05  0.0000000E+00  0.0000000E+00  0.0000000E+00
  2.60655  3.75000  1.57700  1.74474  0.7414648E-04  0.8818977E-05  0.4857356E-04  0.5697290E-05  0.2137654E-04  0.3121686E-05  0.4196377E-05  0.0000000E+00  0.0000000E+00  0.0000000E+00
  2.60722  3.75000  1.57800  1.74574  0.7446230E-04  0.8867685E-05  0.4873735E-04  0.5720297E-05  0.2152319E-04  0.3147388E-05  0.4201757E-05  0.0000000E+00  0.0000000E+00  0.0000000E+00
  2.60789  3.75000  1.57900  1.74674  0.7477835E-04  0.8916503E-05  0.4890081E-04  0.5743289E-05  0.2167040E-04  0.3173214E-05  0.4207135E-05  0.0000000E+00  0.0000000E+00  0.0000000E+00
  2.60856  3.75000  1.58000  1.74774  0.7509460E-04  0.8965428E-05  0.4906393E-04  0.5766265E-05  0.2181816E-04  0.3199164E-05  0.4212509E-05  0.0000000E+00  0.0000000E+00  0.0000000E+00
  2.60923  3.75000  1.58100  1.74874  0.7541105E-04  0.9014459E-05  0.4922671E-04  0.5789225E-05  0.2196646E-04  0.3225234E-05  0.4217880E-05  0.0000000E+00  0.0000000E+00  0.0000000E+00
  2.60990  3.75000  1.58200  1.74974  0.7572768E-04  0.9063594E-05  0.4938915E-04  0.5812169E-05  0.2211527E-04  0.3251425E-05  0.4223248E-05  0.0000000E+00  0.0000000E+00  0.0000000E+00
  2.61057  3.75000  1.58300  1.75074  0.7604447E-04  0.9112829E-05  0.4955125E-04  0.5835096E-05  0.2226461E-04  0.3277733E-05  0.4228613E-05  0.0000000E+00  0.0000000E+00  0.0000000E+00
  2.61124  3.75000  1.58400  1.75174  0.7636143E-04  0.9162166E-05  0.4971301E-04  0.5858006E-05  0.2241445E-04  0.3304160E-05  0.4233975E-05  0.0000000E+00  0.0000000E+00  0.0000000E+00
  2.61192  3.75000  1.58500  1.75274  0.7667854E-04  0.9211602E-05  0.4987441E-04  0.5880899E-05  0.2256480E-04  0.3330703E-05  0.4239334E-05  0.0000000E+00  0.0000000E+00  0.0000000E+00
  2.61259  3.75000  1.58600  1.75374  0.7699580E-04  0.9261137E-05  0.5003547E-04  0.5903773E-05  0.2271564E-04  0.3357363E-05  0.4244689E-05  0.0000000E+00  0.0000000E+00  0.0000000E+00
  2.61326  3.75000  1.58700  1.75474  0.7731319E-04  0.9310770E-05  0.5019617E-04  0.5926630E-05  0.2286698E-04  0.3384140E-05  0.4250042E-05  0.0000000E+00  0.0000000E+00  0.0000000E+00
  2.61393  3.75000  1.58800  1.75574  0.7763070E-04  0.9360502E-05  0.5035652E-04  0.5949468E-05  0.2301879E-04  0.3411034E-05  0.4255391E-05  0.0000000E+00  0.0000000E+00  0.0000000E+00
  2.61460  3.75000  1.58900  1.75674  0.7794833E-04  0.9410331E-05  0.5051651E-04  0.5972287E-05  0.2317108E-04  0.3438044E-05  0.4260738E-05  0.0000000E+00  0.0000000E+00  0.0000000E+00
  2.61527  3.75000  1.59000  1.75774  0.7827933E-04  0.9462504E-05  0.5067614E-04  0.5995086E-05  0.2333711E-04  0.3467418E-05  0.4266081E-05  0.0000000E+00  0.0000000E+00  0.0000000E+00
  2.61595  3.75000  1.59100  1.75874  0.7860146E-04  0.9513514E-05  0.5083541E-04  0.6017866E-05  0.2349463E-04  0.3495648E-05  0.4271421E-05  0.0000000E+00  0.0000000E+00  0.0000000E+00
  2.61662  3.75000  1.59200  1.75974  0.7892396E-04  0.9564704E-05  0.5099431E-04  0.6040626E-05  0.2365289E-04  0.3524078E-05  0.4276758E-05  0.0000000E+00  0.0000000E+00  0.0000000E+00
  2.61729  3.75000  1.59300  1.76074  0.7924681E-04  0.9616059E-05  0.5115285E-04  0.6063365E-05  0.2381188E-04  0.3552694E-05  0.4282092E-05  0.0000000E+00  0.0000000E+00  0.0000000E+00
  2.61796  3.75000  1.59400  1.76174  0.7957012E-04  0.9667576E-05  0.5131101E-04  0.6086084E-05  0.2397168E-04  0.3581492E-05  0.4287423E-05  0.0000000E+00  0.0000000E+00  0.0000000E+00
  2.61864  3.75000  1.59500  1.76274  0.7989381E-04  0.9719234E-05  0.5146881E-04  0.6108781E-05  0.2413225E-04  0.3610453E-05  0.4292750E-05  0.0000000E+00  0.0000000E+00  0.0000000E+00
  2.61931  3.75000  1.59600  1.76374  0.8021775E-04  0.9771028E-05  0.5162624E-04  0.6131457E-05  0.2429344E-04  0.3639571E-05  0.4298075E-05  0.0000000E+00  0.0000000E+00  0.0000000E+00
  2.61998  3.75000  1.59700  1.76474  0.8054203E-04  0.9822954E-05  0.5178329E-04  0.6154111E-05  0.2445534E-04  0.3668842E-05  0.4303397E-05  0.0000000E+00  0.0000000E+00  0.0000000E+00
  2.62066  3.75000  1.59800  1.76574  0.8086657E-04  0.9875006E-05  0.5193996E-04  0.6176743E-05  0.2461789E-04  0.3698263E-05  0.4308715E-05  0.0000000E+00  0.0000000E+00  0.0000000E+00
  2.62133  3.75000  1.59900  1.76674  0.8119136E-04  0.9927183E-05  0.5209626E-04  0.6199353E-05  0.2478107E-04  0.3727830E-05  0.4314031E-05  0.0000000E+00  0.0000000E+00  0.0000000E+00
  2.62200  3.75000  1.60000  1.76774  0.8151638E-04  0.9979479E-05  0.5225217E-04  0.6221940E-05  0.2494486E-04  0.3757540E-05  0.4319343E-05  0.0000000E+00  0.0000000E+00  0.0000000E+00
  2.62268  3.75000  1.60100  1.76874  0.8184161E-04  0.1003189E-04  0.5240771E-04  0.6244503E-05  0.2510925E-04  0.3787390E-05  0.4324652E-05  0.0000000E+00  0.0000000E+00  0.0000000E+00
  2.62335  3.75000  1.60200  1.76974  0.8216705E-04  0.1008442E-04  0.5256285E-04  0.6267043E-05  0.2527424E-04  0.3817378E-05  0.4329959E-05  0.0000000E+00  0.0000000E+00  0.0000000E+00
  2.62403  3.75000  1.60300  1.77074  0.8249267E-04  0.1013706E-04  0.5271762E-04  0.6289560E-05  0.2543979E-04  0.3847502E-05  0.4335262E-05  0.0000000E+00  0.0000000E+00  0.0000000E+00
  2.62470  3.75000  1.60400  1.77174  0.8281847E-04  0.1018981E-04  0.5287199E-04  0.6312052E-05  0.2560592E-04  0.3877760E-05  0.4340562E-05  0.0000000E+00  0.0000000E+00  0.0000000E+00
  2.62538  3.75000  1.60500  1.77274  0.8314444E-04  0.1024267E-04  0.5302597E-04  0.6334520E-05  0.2577261E-04  0.3908151E-05  0.4345860E-05  0.0000000E+00  0.0000000E+00  0.0000000E+00
  2.62605  3.75000  1.60600  1.77374  0.8347057E-04  0.1029564E-04  0.5317957E-04  0.6356963E-05  0.2593985E-04  0.3938675E-05  0.4351154E-05  0.0000000E+00  0.0000000E+00  0.0000000E+00
  2.62673  3.75000  1.60700  1.77474  0.8379685E-04  0.1034871E-04  0.5333277E-04  0.6379381E-05  0.2610764E-04  0.3969330E-05  0.4356445E-05  0.0000000E+00  0.0000000E+00  0.0000000E+00
  2.62741  3.75000  1.60800  1.77574  0.8412327E-04  0.1040189E-04  0.5348557E-04  0.6401773E-05  0.2627596E-04  0.4000118E-05  0.4361734E-05  0.0000000E+00  0.0000000E+00  0.0000000E+00
  2.62808  3.75000  1.60900  1.77674  0.8444982E-04  0.1045518E-04  0.5363798E-04  0.6424140E-05  0.2644482E-04  0.4031037E-05  0.4367019E-05  0.0000000E+00  0.0000000E+00  0.0000000E+00
  2.62876  3.75000  1.61000  1.77774  0.8477649E-04  0.1050857E-04  0.5378999E-04  0.6446481E-05  0.2661420E-04  0.4062087E-05  0.4372302E-05  0.0000000E+00  0.0000000E+00  0.0000000E+00
  2.62943  3.75000  1.61100  1.77874  0.8510327E-04  0.1056206E-04  0.5394160E-04  0.6468796E-05  0.2678409E-04  0.4093268E-05  0.4377581E-05  0.0000000E+00  0.0000000E+00  0.0000000E+00
  2.63011  3.75000  1.61200  1.77974  0.8544358E-04  0.1061794E-04  0.5409281E-04  0.6491084E-05  0.2696791E-04  0.4126858E-05  0.4382858E-05  0.0000000E+00  0.0000000E+00  0.0000000E+00
  2.63079  3.75000  1.61300  1.78074  0.8577513E-04  0.1067272E-04  0.5424361E-04  0.6513345E-05  0.2714338E-04  0.4159375E-05  0.4388131E-05  0.0000000E+00  0.0000000E+00  0.0000000E+00
  2.63146  3.75000  1.61400  1.78174  0.8610732E-04  0.1072771E-04  0.5439401E-04  0.6535580E-05  0.2731991E-04  0.4192134E-05  0.4393402E-05  0.0000000E+00  0.0000000E+00  0.0000000E+00
  2.63214  3.75000  1.61500  1.78274  0.8643985E-04  0.1078288E-04  0.5454401E-04  0.6557786E-05  0.2749717E-04  0.4225096E-05  0.4398670E-05  0.0000000E+00  0.0000000E+00  0.0000000E+00
  2.63282  3.75000  1.61600  1.78374  0.8677278E-04  0.1083822E-04  0.5469360E-04  0.6579965E-05  0.2767524E-04  0.4258252E-05  0.4403935E-05  0.0000000E+00  0.0000000E+00  0.0000000E+00
  2.63350  3.75000  1.61700  1.78474  0.8710605E-04  0.1089371E-04  0.5484278E-04  0.6602116E-05  0.2785408E-04  0.4291595E-05  0.4409197E-05  0.0000000E+00  0.0000000E+00  0.0000000E+00
  2.63417  3.75000  1.61800  1.78574  0.8743965E-04  0.1094936E-04  0.5499154E-04  0.6624239E-05  0.2803365E-04  0.4325116E-05  0.4414457E-05  0.0000000E+00  0.0000000E+00  0.0000000E+00
  2.63485  3.75000  1.61900  1.78674  0.8777353E-04  0.1100514E-04  0.5513990E-04  0.6646333E-05  0.2821392E-04  0.4358810E-05  0.4419714E-05  0.0000000E+00  0.0000000E+00  0.0000000E+00
  2.63553  3.75000  1.62000  1.78774  0.8810769E-04  0.1106107E-04  0.5528784E-04  0.6668398E-05  0.2839488E-04  0.4392673E-05  0.4424967E-05  0.0000000E+00  0.0000000E+00  0.0000000E+00
  2.63621  3.75000  1.62100  1.78874  0.8844210E-04  0.1111713E-04  0.5543537E-04  0.6690435E-05  0.2857651E-04  0.4426699E-05  0.4430219E-05  0.0000000E+00  0.0000000E+00  0.0000000E+00
  2.63689  3.75000  1.62200  1.78974  0.8877676E-04  0.1117333E-04  0.5558248E-04  0.6712441E-05  0.2875881E-04  0.4460886E-05  0.4435467E-05  0.0000000E+00  0.0000000E+00  0.0000000E+00
  2.63757  3.75000  1.62300  1.79074  0.8911164E-04  0.1122965E-04  0.5572918E-04  0.6734418E-05  0.2894175E-04  0.4495230E-05  0.4440713E-05  0.0000000E+00  0.0000000E+00  0.0000000E+00
  2.63825  3.75000  1.62400  1.79174  0.8944673E-04  0.1128609E-04  0.5587546E-04  0.6756366E-05  0.2912532E-04  0.4529728E-05  0.4445956E-05  0.0000000E+00  0.0000000E+00  0.0000000E+00
  2.63892  3.75000  1.62500  1.79274  0.8978203E-04  0.1134266E-04  0.5602131E-04  0.6778283E-05  0.2930952E-04  0.4564379E-05  0.4451196E-05  0.0000000E+00  0.0000000E+00  0.0000000E+00
  2.63960  3.75000  1.62600  1.79374  0.9011751E-04  0.1139935E-04  0.5616675E-04  0.6800169E-05  0.2949433E-04  0.4599180E-05  0.4456433E-05  0.0000000E+00  0.0000000E+00  0.0000000E+00
  2.64028  3.75000  1.62700  1.79474  0.9045318E-04  0.1145616E-04  0.5631176E-04  0.6822025E-05  0.2967975E-04  0.4634131E-05  0.4461668E-05  0.0000000E+00  0.0000000E+00  0.0000000E+00
  2.64096  3.75000  1.62800  1.79574  0.9078901E-04  0.1151308E-04  0.5645635E-04  0.6843850E-05  0.2986576E-04  0.4669230E-05  0.4466901E-05  0.0000000E+00  0.0000000E+00  0.0000000E+00
  2.64164  3.75000  1.62900  1.79674  0.9112501E-04  0.1157012E-04  0.5660051E-04  0.6865643E-05  0.3005237E-04  0.4704478E-05  0.4472131E-05  0.0000000E+00  0.0000000E+00  0.0000000E+00
  2.64232  3.75000  1.63000  1.79774  0.9146116E-04  0.1162728E-04  0.5674425E-04  0.6887405E-05  0.3023955E-04  0.4739873E-05  0.4477358E-05  0.0000000E+00  0.0000000E+00  0.0000000E+00
  2.64300  3.75000  1.63100  1.79874  0.9179745E-04  0.1168455E-04  0.5688756E-04  0.6909136E-05  0.3042731E-04  0.4775417E-05  0.4482583E-05  0.0000000E+00  0.0000000E+00  0.0000000E+00
  2.64368  3.75000  1.63200  1.79974  0.9213388E-04  0.1174194E-04  0.5703044E-04  0.6930834E-05  0.3061563E-04  0.4811107E-05  0.4487805E-05  0.0000000E+00  0.0000000E+00  0.0000000E+00
  2.64437  3.75000  1.63300  1.80074  0.9247047E-04  0.1179945E-04  0.5717289E-04  0.6952500E-05  0.3080455E-04  0.4846950E-05  0.4493025E-05  0.0000000E+00  0.0000000E+00  0.0000000E+00
  2.64505  3.75000  1.63400  1.80174  0.9281980E-04  0.1185911E-04  0.5731492E-04  0.6974134E-05  0.3100664E-04  0.4884972E-05  0.4498242E-05  0.0000000E+00  0.0000000E+00  0.0000000E+00
  2.64573  3.75000  1.63500  1.80274  0.9316156E-04  0.1191797E-04  0.5745651E-04  0.6995734E-05  0.3120160E-04  0.4922240E-05  0.4503457E-05  0.0000000E+00  0.0000000E+00  0.0000000E+00
  2.64641  3.75000  1.63600  1.80374  0.9350385E-04  0.1197707E-04  0.5759766E-04  0.7017302E-05  0.3139752E-04  0.4959773E-05  0.4508670E-05  0.0000000E+00  0.0000000E+00  0.0000000E+00
  2.64709  3.75000  1.63700  1.80474  0.9384658E-04  0.1203638E-04  0.5773838E-04  0.7038836E-05  0.3159432E-04  0.4997546E-05  0.4513880E-05  0.0000000E+00  0.0000000E+00  0.0000000E+00
  2.64777  3.75000  1.63800  1.80574  0.9418970E-04  0.1209588E-04  0.5787867E-04  0.7060337E-05  0.3179194E-04  0.5035544E-05  0.4519088E-05  0.0000000E+00  0.0000000E+00  0.0000000E+00
  2.64846  3.75000  1.63900  1.80674  0.9453318E-04  0.1215556E-04  0.5801852E-04  0.7081805E-05  0.3199037E-04  0.5073754E-05  0.4524293E-05  0.0000000E+00  0.0000000E+00  0.0000000E+00
  2.64914  3.75000  1.64000  1.80774  0.9487700E-04  0.1221540E-04  0.5815793E-04  0.7103238E-05  0.3218957E-04  0.5112167E-05  0.4529497E-05  0.0000000E+00  0.0000000E+00  0.0000000E+00
  2.64982  3.75000  1.64100  1.80874  0.9522114E-04  0.1227541E-04  0.5829691E-04  0.7124637E-05  0.3238954E-04  0.5150775E-05  0.4534698E-05  0.0000000E+00  0.0000000E+00  0.0000000E+00
  2.65050  3.75000  1.64200  1.80974  0.9556558E-04  0.1233557E-04  0.5843544E-04  0.7146001E-05  0.3259025E-04  0.5189573E-05  0.4539897E-05  0.0000000E+00  0.0000000E+00  0.0000000E+00
  2.65119  3.75000  1.64300  1.81074  0.9591031E-04  0.1239589E-04  0.5857353E-04  0.7167331E-05  0.3279168E-04  0.5228556E-05  0.4545093E-05  0.0000000E+00  0.0000000E+00  0.0000000E+00
  2.65187  3.75000  1.64400  1.81174  0.9625530E-04  0.1245634E-04  0.5871119E-04  0.7188626E-05  0.3299383E-04  0.5267718E-05  0.4550288E-05  0.0000000E+00  0.0000000E+00  0.0000000E+00
  2.65255  3.75000  1.64500  1.81274  0.9660054E-04  0.1251694E-04  0.5884840E-04  0.7209885E-05  0.3319667E-04  0.5307058E-05  0.4555480E-05  0.0000000E+00  0.0000000E+00  0.0000000E+00
  2.65324  3.75000  1.64600  1.81374  0.9694603E-04  0.1257768E-04  0.5898516E-04  0.7231110E-05  0.3340019E-04  0.5346570E-05  0.4560671E-05  0.0000000E+00  0.0000000E+00  0.0000000E+00
  2.65392  3.75000  1.64700  1.81474  0.9729173E-04  0.1263855E-04  0.5912148E-04  0.7252298E-05  0.3360439E-04  0.5386253E-05  0.4565859E-05  0.0000000E+00  0.0000000E+00  0.0000000E+00
  2.65460  3.75000  1.64800  1.81574  0.9763765E-04  0.1269956E-04  0.5925736E-04  0.7273451E-05  0.3380925E-04  0.5426105E-05  0.4571046E-05  0.0000000E+00  0.0000000E+00  0.0000000E+00
  2.65529  3.75000  1.64900  1.81674  0.9798377E-04  0.1276069E-04  0.5939279E-04  0.7294567E-05  0.3401476E-04  0.5466124E-05  0.4576230E-05  0.0000000E+00  0.0000000E+00  0.0000000E+00
  2.65597  3.75000  1.65000  1.81774  0.9833009E-04  0.1282196E-04  0.5952777E-04  0.7315647E-05  0.3422091E-04  0.5506311E-05  0.4581413E-05  0.0000000E+00  0.0000000E+00  0.0000000E+00
  2.65666  3.75000  1.65100  1.81874  0.9867660E-04  0.1288335E-04  0.5966230E-04  0.7336691E-05  0.3442770E-04  0.5546663E-05  0.4586594E-05  0.0000000E+00  0.0000000E+00  0.0000000E+00
  2.65734  3.75000  1.65200  1.81974  0.9902328E-04  0.1294488E-04  0.5979638E-04  0.7357698E-05  0.3463512E-04  0.5587182E-05  0.4591773E-05  0.0000000E+00  0.0000000E+00  0.0000000E+00
  2.65803  3.75000  1.65300  1.82074  0.9937017E-04  0.1300654E-04  0.5993002E-04  0.7378667E-05  0.3484320E-04  0.5627873E-05  0.4596950E-05  0.0000000E+00  0.0000000E+00  0.0000000E+00
  2.65871  3.75000  1.65400  1.82174  0.9971753E-04  0.1306834E-04  0.6006320E-04  0.7399600E-05  0.3505221E-04  0.5668738E-05  0.4602125E-05  0.0000000E+00  0.0000000E+00  0.0000000E+00
  2.65940  3.75000  1.65500  1.82274  0.1000650E-03  0.1313025E-04  0.6019593E-04  0.7420494E-05  0.3526174E-04  0.5709760E-05  0.4607299E-05  0.0000000E+00  0.0000000E+00  0.0000000E+00
  2.66008  3.75000  1.65600  1.82374  0.1004126E-03  0.1319229E-04  0.6032820E-04  0.7441352E-05  0.3547196E-04  0.5750943E-05  0.4612471E-05  0.0000000E+00  0.0000000E+00  0.0000000E+00
  2.66077  3.75000  1.65700  1.82474  0.1007752E-03  0.1325705E-04  0.6046002E-04  0.7462171E-05  0.3569756E-04  0.5794878E-05  0.4617641E-05  0.0000000E+00  0.0000000E+00  0.0000000E+00
  2.66145  3.75000  1.65800  1.82574  0.1011284E-03  0.1332063E-04  0.6059139E-04  0.7482952E-05  0.3591419E-04  0.5837675E-05  0.4622810E-05  0.0000000E+00  0.0000000E+00  0.0000000E+00
  2.66214  3.75000  1.65900  1.82674  0.1014820E-03  0.1338445E-04  0.6072230E-04  0.7503694E-05  0.3613175E-04  0.5880757E-05  0.4627977E-05  0.0000000E+00  0.0000000E+00  0.0000000E+00
  2.66283  3.75000  1.66000  1.82774  0.1018361E-03  0.1344850E-04  0.6085275E-04  0.7524398E-05  0.3635021E-04  0.5924101E-05  0.4633143E-05  0.0000000E+00  0.0000000E+00  0.0000000E+00
  2.66351  3.75000  1.66100  1.82874  0.1021906E-03  0.1351275E-04  0.6098275E-04  0.7545063E-05  0.3656953E-04  0.5967690E-05  0.4638307E-05  0.0000000E+00  0.0000000E+00  0.0000000E+00
  2.66420  3.75000  1.66200  1.82974  0.1025455E-03  0.1357720E-04  0.6111229E-04  0.7565689E-05  0.3678970E-04  0.6011511E-05  0.4643470E-05  0.0000000E+00  0.0000000E+00  0.0000000E+00
  2.66489  3.75000  1.66300  1.83074  0.1029007E-03  0.1364183E-04  0.6124136E-04  0.7586276E-05  0.3701070E-04  0.6055555E-05  0.4648632E-05  0.0000000E+00  0.0000000E+00  0.0000000E+00
  2.66557  3.75000  1.66400  1.83174  0.1032563E-03  0.1370664E-04  0.6136998E-04  0.7606823E-05  0.3723249E-04  0.6099814E-05  0.4653792E-05  0.0000000E+00  0.0000000E+00  0.0000000E+00
  2.66626  3.75000  1.66500  1.83274  0.1036122E-03  0.1377161E-04  0.6149814E-04  0.7627330E-05  0.3745507E-04  0.6144281E-05  0.4658951E-05  0.0000000E+00  0.0000000E+00  0.0000000E+00
  2.66695  3.75000  1.66600  1.83374  0.1039684E-03  0.1383675E-04  0.6162583E-04  0.7647797E-05  0.3767842E-04  0.6188952E-05  0.4664109E-05  0.0000000E+00  0.0000000E+00  0.0000000E+00
  2.66763  3.75000  1.66700  1.83474  0.1043249E-03  0.1390205E-04  0.6175306E-04  0.7668224E-05  0.3790253E-04  0.6233822E-05  0.4669266E-05  0.0000000E+00  0.0000000E+00  0.0000000E+00
  2.66832  3.75000  1.66800  1.83574  0.1046816E-03  0.1396750E-04  0.6187983E-04  0.7688611E-05  0.3812737E-04  0.6278887E-05  0.4674422E-05  0.0000000E+00  0.0000000E+00  0.0000000E+00
  2.66901  3.75000  1.66900  1.83674  0.1050386E-03  0.1403310E-04  0.6200613E-04  0.7708957E-05  0.3835293E-04  0.6324144E-05  0.4679576E-05  0.0000000E+00  0.0000000E+00  0.0000000E+00
  2.66970  3.75000  1.67000  1.83774  0.1053959E-03  0.1409885E-04  0.6213197E-04  0.7729262E-05  0.3857921E-04  0.6369590E-05  0.4684730E-05  0.0000000E+00  0.0000000E+00  0.0000000E+00
  2.67039  3.75000  1.67100  1.83874  0.1057534E-03  0.1416475E-04  0.6225734E-04  0.7749526E-05  0.3880620E-04  0.6415223E-05  0.4689882E-05  0.0000000E+00  0.0000000E+00  0.0000000E+00
  2.67108  3.75000  1.67200  1.83974  0.1061112E-03  0.1423079E-04  0.6238224E-04  0.7769749E-05  0.3903388E-04  0.6461044E-05  0.4695034E-05  0.0000000E+00  0.0000000E+00  0.0000000E+00
  2.67177  3.75000  1.67300  1.84074  0.1064691E-03  0.1429698E-04  0.6250668E-04  0.7789930E-05  0.3926225E-04  0.6507052E-05  0.4700185E-05  0.0000000E+00  0.0000000E+00  0.0000000E+00
  2.67245  3.75000  1.67400  1.84174  0.1068277E-03  0.1436334E-04  0.6263064E-04  0.7810069E-05  0.3949170E-04  0.6553271E-05  0.4705335E-05  0.0000000E+00  0.0000000E+00  0.0000000E+00
  2.67314  3.75000  1.67500  1.84274  0.1071864E-03  0.1442983E-04  0.6275414E-04  0.7830166E-05  0.3972177E-04  0.6599662E-05  0.4710484E-05  0.0000000E+00  0.0000000E+00  0.0000000E+00
  2.67383  3.75000  1.67600  1.84374  0.1075454E-03  0.1449646E-04  0.6287717E-04  0.7850221E-05  0.3995258E-04  0.6646234E-05  0.4715633E-05  0.0000000E+00  0.0000000E+00  0.0000000E+00
  2.67452  3.75000  1.67700  1.84474  0.1079046E-03  0.1456322E-04  0.6299972E-04  0.7870234E-05  0.4018410E-04  0.6692989E-05  0.4720781E-05  0.0000000E+00  0.0000000E+00  0.0000000E+00
  2.67521  3.75000  1.67800  1.84574  0.1082640E-03  0.1463013E-04  0.6312180E-04  0.7890204E-05  0.4041627E-04  0.6739927E-05  0.4725928E-05  0.0000000E+00  0.0000000E+00  0.0000000E+00
  2.67590  3.75000  1.67900  1.84674  0.1086236E-03  0.1469718E-04  0.6324341E-04  0.7910131E-05  0.4064908E-04  0.6787045E-05  0.4731075E-05  0.0000000E+00  0.0000000E+00  0.0000000E+00
  2.67659  3.75000  1.68000  1.84774  0.1089993E-03  0.1476726E-04  0.6336454E-04  0.7930015E-05  0.4089856E-04  0.6837249E-05  0.4736221E-05  0.0000000E+00  0.0000000E+00  0.0000000E+00
  2.67728  3.75000  1.68100  1.84874  0.1093648E-03  0.1483601E-04  0.6348520E-04  0.7949856E-05  0.4113818E-04  0.6886150E-05  0.4741367E-05  0.0000000E+00  0.0000000E+00  0.0000000E+00
  2.67797  3.75000  1.68200  1.84974  0.1097307E-03  0.1490502E-04  0.6360539E-04  0.7969653E-05  0.4137879E-04  0.6935366E-05  0.4746513E-05  0.0000000E+00  0.0000000E+00  0.0000000E+00
  2.67866  3.75000  1.68300  1.85074  0.1100971E-03  0.1497428E-04  0.6372509E-04  0.7989406E-05  0.4162036E-04  0.6984872E-05  0.4751658E-05  0.0000000E+00  0.0000000E+00  0.0000000E+00
  2.67936  3.75000  1.68400  1.85174  0.1104640E-03  0.1504376E-04  0.6384432E-04  0.8009115E-05  0.4186284E-04  0.7034648E-05  0.4756803E-05  0.0000000E+00  0.0000000E+00  0.0000000E+00
  2.68005  3.75000  1.68500  1.85274  0.1108312E-03  0.1511346E-04  0.6396307E-04  0.8028780E-05  0.4210622E-04  0.7084681E-05  0.4761948E-05  0.0000000E+00  0.0000000E+00  0.0000000E+00
  2.68074  3.75000  1.68600  1.85374  0.1111989E-03  0.1518336E-04  0.6408135E-04  0.8048401E-05  0.4235048E-04  0.7134960E-05  0.4767093E-05  0.0000000E+00  0.0000000E+00  0.0000000E+00
  2.68143  3.75000  1.68700  1.85474  0.1115670E-03  0.1525345E-04  0.6419914E-04  0.8067977E-05  0.4259559E-04  0.7185478E-05  0.4772238E-05  0.0000000E+00  0.0000000E+00  0.0000000E+00
  2.68212  3.75000  1.68800  1.85574  0.1119354E-03  0.1532374E-04  0.6431645E-04  0.8087508E-05  0.4284154E-04  0.7236227E-05  0.4777382E-05  0.0000000E+00  0.0000000E+00  0.0000000E+00
  2.68281  3.75000  1.68900  1.85674  0.1123041E-03  0.1539420E-04  0.6443328E-04  0.8106994E-05  0.4308830E-04  0.7287202E-05  0.4782527E-05  0.0000000E+00  0.0000000E+00  0.0000000E+00
  2.68351  3.75000  1.69000  1.85774  0.1126732E-03  0.1546483E-04  0.6454963E-04  0.8126434E-05  0.4333587E-04  0.7338397E-05  0.4787672E-05  0.0000000E+00  0.0000000E+00  0.0000000E+00
  2.68420  3.75000  1.69100  1.85874  0.1130425E-03  0.1553564E-04  0.6466549E-04  0.8145830E-05  0.4358422E-04  0.7389809E-05  0.4792817E-05  0.0000000E+00  0.0000000E+00  0.0000000E+00
  2.68489  3.75000  1.69200  1.85974  0.1134122E-03  0.1560661E-04  0.6478087E-04  0.8165179E-05  0.4383334E-04  0.7441434E-05  0.4797962E-05  0.0000000E+00  0.0000000E+00  0.0000000E+00
  2.68558  3.75000  1.69300  1.86074  0.1137821E-03  0.1567775E-04  0.6489577E-04  0.8184482E-05  0.4408324E-04  0.7493270E-05  0.4803108E-05  0.0000000E+00  0.0000000E+00  0.0000000E+00
  2.68628  3.75000  1.69400  1.86174  0.1141526E-03  0.1574908E-04  0.6501018E-04  0.8203739E-05  0.4433417E-04  0.7545339E-05  0.4808254E-05  0.0000000E+00  0.0000000E+00  0.0000000E+00
  2.68697  3.75000  1.69500  1.86274  0.1145236E-03  0.1582056E-04  0.6512410E-04  0.8222950E-05  0.4458607E-04  0.7597612E-05  0.4813400E-05  0.0000000E+00  0.0000000E+00  0.0000000E+00
  2.68766  3.75000  1.69600  1.86374  0.1148947E-03  0.1589220E-04  0.6523753E-04  0.8242113E-05  0.4483861E-04  0.7650088E-05  0.4818547E-05  0.0000000E+00  0.0000000E+00  0.0000000E+00
  2.68836  3.75000  1.69700  1.86474  0.1152662E-03  0.1596400E-04  0.6535048E-04  0.8261230E-05  0.4509205E-04  0.7702770E-05  0.4823694E-05  0.0000000E+00  0.0000000E+00  0.0000000E+00
  2.68905  3.75000  1.69800  1.86574  0.1156380E-03  0.1603596E-04  0.6546294E-04  0.8280300E-05  0.4534622E-04  0.7755658E-05  0.4828842E-05  0.0000000E+00  0.0000000E+00  0.0000000E+00
  2.68974  3.75000  1.69900  1.86674  0.1160100E-03  0.1610807E-04  0.6557490E-04  0.8299323E-05  0.4560112E-04  0.7808752E-05  0.4833991E-05  0.0000000E+00  0.0000000E+00  0.0000000E+00
  2.69044  3.75000  1.70000  1.86774  0.1163822E-03  0.1618035E-04  0.6568638E-04  0.8318297E-05  0.4585672E-04  0.7862051E-05  0.4839140E-05  0.0000000E+00  0.0000000E+00  0.0000000E+00
  2.69113  3.75000  1.70100  1.86874  0.1167547E-03  0.1625278E-04  0.6579736E-04  0.8337224E-05  0.4611302E-04  0.7915553E-05  0.4844290E-05  0.0000000E+00  0.0000000E+00  0.0000000E+00
  2.69183  3.75000  1.70200  1.86974  0.1171273E-03  0.1632536E-04  0.6590786E-04  0.8356103E-05  0.4636998E-04  0.7969257E-05  0.4849441E-05  0.0000000E+00  0.0000000E+00  0.0000000E+00
  2.69252  3.75000  1.70300  1.87074  0.1175159E-03  0.1640096E-04  0.6601785E-04  0.8374934E-05  0.4664348E-04  0.8026026E-05  0.4854593E-05  0.0000000E+00  0.0000000E+00  0.0000000E+00
  2.69322  3.75000  1.70400  1.87174  0.1178947E-03  0.1647537E-04  0.6612736E-04  0.8393716E-05  0.4690760E-04  0.8081649E-05  0.4859746E-05  0.0000000E+00  0.0000000E+00  0.0000000E+00
  2.69391  3.75000  1.70500  1.87274  0.1182740E-03  0.1655008E-04  0.6623637E-04  0.8412450E-05  0.4717277E-04  0.8137628E-05  0.4864900E-05  0.0000000E+00  0.0000000E+00  0.0000000E+00
  2.69461  3.75000  1.70600  1.87374  0.1186539E-03  0.1662507E-04  0.6634488E-04  0.8431134E-05  0.4743897E-04  0.8193931E-05  0.4870056E-05  0.0000000E+00  0.0000000E+00  0.0000000E+00
  2.69530  3.75000  1.70700  1.87474  0.1190343E-03  0.1670031E-04  0.6645290E-04  0.8449769E-05  0.4770615E-04  0.8250538E-05  0.4875212E-05  0.0000000E+00  0.0000000E+00  0.0000000E+00
  2.69600  3.75000  1.70800  1.87574  0.1194151E-03  0.1677579E-04  0.6656041E-04  0.8468355E-05  0.4797429E-04  0.8307432E-05  0.4880369E-05  0.0000000E+00  0.0000000E+00  0.0000000E+00
  2.69669  3.75000  1.70900  1.87674  0.1197963E-03  0.1685149E-04  0.6666743E-04  0.8486891E-05  0.4824337E-04  0.8364601E-05  0.4885528E-05  0.0000000E+00  0.0000000E+00  0.0000000E+00
  2.69739  3.75000  1.71000  1.87774  0.1201780E-03  0.1692741E-04  0.6677395E-04  0.8505378E-05  0.4851336E-04  0.8422036E-05  0.4890689E-05  0.0000000E+00  0.0000000E+00  0.0000000E+00
  2.69809  3.75000  1.71100  1.87874  0.1205601E-03  0.1700354E-04  0.6687997E-04  0.8523814E-05  0.4878425E-04  0.8479728E-05  0.4895850E-05  0.0000000E+00  0.0000000E+00  0.0000000E+00
  2.69878  3.75000  1.71200  1.87974  0.1209425E-03  0.1707987E-04  0.6698549E-04  0.8542200E-05  0.4905601E-04  0.8537671E-05  0.4901014E-05  0.0000000E+00  0.0000000E+00  0.0000000E+00
  2.69948  3.75000  1.71300  1.88074  0.1213253E-03  0.1715640E-04  0.6709051E-04  0.8560535E-05  0.4932863E-04  0.8595860E-05  0.4906179E-05  0.0000000E+00  0.0000000E+00  0.0000000E+00
  2.70018  3.75000  1.71400  1.88174  0.1217085E-03  0.1723311E-04  0.6719502E-04  0.8578819E-05  0.4960209E-04  0.8654290E-05  0.4911345E-05  0.0000000E+00  0.0000000E+00  0.0000000E+00
  2.70087  3.75000  1.71500  1.88274  0.1220925E-03  0.1731005E-04  0.6729903E-04  0.8597053E-05  0.4987697E-04  0.8712995E-05  0.4916513E-05  0.0000000E+00  0.0000000E+00  0.0000000E+00
  2.70157  3.75000  1.71600  1.88374  0.1224768E-03  0.1738715E-04  0.6740253E-04  0.8615235E-05  0.5015257E-04  0.8771915E-05  0.4921683E-05  0.0000000E+00  0.0000000E+00  0.0000000E+00
  2.70227  3.75000  1.71700  1.88474  0.1228615E-03  0.1746443E-04  0.6750553E-04  0.8633365E-05  0.5042912E-04  0.8831065E-05  0.4926855E-05  0.0000000E+00  0.0000000E+00  0.0000000E+00
  2.70297  3.75000  1.71800  1.88574  0.1232466E-03  0.1754189E-04  0.6760802E-04  0.8651444E-05  0.5070654E-04  0.8890447E-05  0.4932029E-05  0.0000000E+00  0.0000000E+00  0.0000000E+00
  2.70366  3.75000  1.71900  1.88674  0.1236320E-03  0.1761953E-04  0.6771001E-04  0.8669471E-05  0.5098478E-04  0.8950060E-05  0.4937205E-05  0.0000000E+00  0.0000000E+00  0.0000000E+00
  2.70436  3.75000  1.72000  1.88774  0.1240177E-03  0.1769735E-04  0.6781148E-04  0.8687446E-05  0.5126381E-04  0.9009904E-05  0.4942382E-05  0.0000000E+00  0.0000000E+00  0.0000000E+00
  2.70506  3.75000  1.72100  1.88874  0.1244036E-03  0.1777534E-04  0.6791245E-04  0.8705368E-05  0.5154362E-04  0.9069977E-05  0.4947562E-05  0.0000000E+00  0.0000000E+00  0.0000000E+00
  2.70576  3.75000  1.72200  1.88974  0.1247898E-03  0.1785352E-04  0.6801291E-04  0.8723238E-05  0.5182419E-04  0.9130279E-05  0.4952744E-05  0.0000000E+00  0.0000000E+00  0.0000000E+00
  2.70646  3.75000  1.72300  1.89074  0.1251763E-03  0.1793186E-04  0.6811285E-04  0.8741054E-05  0.5210551E-04  0.9190808E-05  0.4957929E-05  0.0000000E+00  0.0000000E+00  0.0000000E+00
  2.70715  3.75000  1.72400  1.89174  0.1255630E-03  0.1801038E-04  0.6821229E-04  0.8758818E-05  0.5238756E-04  0.9251563E-05  0.4963115E-05  0.0000000E+00  0.0000000E+00  0.0000000E+00
  2.70785  3.75000  1.72500  1.89274  0.1259499E-03  0.1808907E-04  0.6831121E-04  0.8776528E-05  0.5267034E-04  0.9312543E-05  0.4968304E-05  0.0000000E+00  0.0000000E+00  0.0000000E+00
  2.70855  3.75000  1.72600  1.89374  0.1263369E-03  0.1816793E-04  0.6840962E-04  0.8794184E-05  0.5295383E-04  0.9373745E-05  0.4973495E-05  0.0000000E+00  0.0000000E+00  0.0000000E+00
  2.70925  3.75000  1.72700  1.89474  0.1267442E-03  0.1825090E-04  0.6850751E-04  0.8811787E-05  0.5325796E-04  0.9439111E-05  0.4978689E-05  0.0000000E+00  0.0000000E+00  0.0000000E+00
  2.70995  3.75000  1.72800  1.89574  0.1271380E-03  0.1833183E-04  0.6860489E-04  0.8829335E-05  0.5354922E-04  0.9502495E-05  0.4983886E-05  0.0000000E+00  0.0000000E+00  0.0000000E+00
  2.71065  3.75000  1.72900  1.89674  0.1275324E-03  0.1841308E-04  0.6870175E-04  0.8846829E-05  0.5384157E-04  0.9566249E-05  0.4989085E-05  0.0000000E+00  0.0000000E+00  0.0000000E+00
  2.71135  3.75000  1.73000  1.89774  0.1279274E-03  0.1849461E-04  0.6879809E-04  0.8864269E-05  0.5413498E-04  0.9630345E-05  0.4994287E-05  0.0000000E+00  0.0000000E+00  0.0000000E+00
  2.71205  3.75000  1.73100  1.89874  0.1283228E-03  0.1857642E-04  0.6889391E-04  0.8881653E-05  0.5442941E-04  0.9694762E-05  0.4999491E-05  0.0000000E+00  0.0000000E+00  0.0000000E+00
  2.71275  3.75000  1.73200  1.89974  0.1287188E-03  0.1865847E-04  0.6898922E-04  0.8898983E-05  0.5472484E-04  0.9759486E-05  0.5004698E-05  0.0000000E+00  0.0000000E+00  0.0000000E+00
  2.71345  3.75000  1.73300  1.90074  0.1291152E-03  0.1874076E-04  0.6908401E-04  0.8916257E-05  0.5502124E-04  0.9824505E-05  0.5009908E-05  0.0000000E+00  0.0000000E+00  0.0000000E+00
  2.71415  3.75000  1.73400  1.90174  0.1295120E-03  0.1882328E-04  0.6917827E-04  0.8933476E-05  0.5531858E-04  0.9889808E-05  0.5015122E-05  0.0000000E+00  0.0000000E+00  0.0000000E+00
  2.71485  3.75000  1.73500  1.90274  0.1299094E-03  0.1890605E-04  0.6927202E-04  0.8950639E-05  0.5561701E-04  0.9955408E-05  0.5020338E-05  0.0000000E+00  0.0000000E+00  0.0000000E+00
  2.71555  3.75000  1.73600  1.90374  0.1303077E-03  0.1898903E-04  0.6936524E-04  0.8967746E-05  0.5591689E-04  0.1002129E-04  0.5025557E-05  0.0000000E+00  0.0000000E+00  0.0000000E+00
  2.71625  3.75000  1.73700  1.90474  0.1307062E-03  0.1907222E-04  0.6945793E-04  0.8984797E-05  0.5621752E-04  0.1008742E-04  0.5030779E-05  0.0000000E+00  0.0000000E+00  0.0000000E+00
  2.71696  3.75000  1.73800  1.90574  0.1311053E-03  0.1915560E-04  0.6955011E-04  0.9001791E-05  0.5651924E-04  0.1015381E-04  0.5036005E-05  0.0000000E+00  0.0000000E+00  0.0000000E+00
  2.71766  3.75000  1.73900  1.90674  0.1315049E-03  0.1923918E-04  0.6964175E-04  0.9018728E-05  0.5682188E-04  0.1022045E-04  0.5041233E-05  0.0000000E+00  0.0000000E+00  0.0000000E+00
  2.71836  3.75000  1.74000  1.90774  0.1319047E-03  0.1932296E-04  0.6973287E-04  0.9035609E-05  0.5712540E-04  0.1028735E-04  0.5046465E-05  0.0000000E+00  0.0000000E+00  0.0000000E+00
  2.71906  3.75000  1.74100  1.90874  0.1323049E-03  0.1940693E-04  0.6982347E-04  0.9052432E-05  0.5742978E-04  0.1035450E-04  0.5051701E-05  0.0000000E+00  0.0000000E+00  0.0000000E+00
  2.71976  3.75000  1.74200  1.90974  0.1327055E-03  0.1949110E-04  0.6991353E-04  0.9069198E-05  0.5773500E-04  0.1042191E-04  0.5056939E-05  0.0000000E+00  0.0000000E+00  0.0000000E+00
  2.72047  3.75000  1.74300  1.91074  0.1331063E-03  0.1957547E-04  0.7000307E-04  0.9085906E-05  0.5804104E-04  0.1048956E-04  0.5062182E-05  0.0000000E+00  0.0000000E+00  0.0000000E+00
  2.72117  3.75000  1.74400  1.91174  0.1335074E-03  0.1966002E-04  0.7009207E-04  0.9102556E-05  0.5834790E-04  0.1055746E-04  0.5067427E-05  0.0000000E+00  0.0000000E+00  0.0000000E+00
  2.72187  3.75000  1.74500  1.91274  0.1339088E-03  0.1974476E-04  0.7018055E-04  0.9119148E-05  0.5865555E-04  0.1062561E-04  0.5072677E-05  0.0000000E+00  0.0000000E+00  0.0000000E+00
  2.72257  3.75000  1.74600  1.91374  0.1343104E-03  0.1982969E-04  0.7026849E-04  0.9135682E-05  0.5896398E-04  0.1069401E-04  0.5077930E-05  0.0000000E+00  0.0000000E+00  0.0000000E+00
  2.72328  3.75000  1.74700  1.91474  0.1347123E-03  0.1991481E-04  0.7035590E-04  0.9152157E-05  0.5927318E-04  0.1076265E-04  0.5083186E-05  0.0000000E+00  0.0000000E+00  0.0000000E+00
  2.72398  3.75000  1.74800  1.91574  0.1351144E-03  0.2000010E-04  0.7044278E-04  0.9168573E-05  0.5958313E-04  0.1083153E-04  0.5088447E-05  0.0000000E+00  0.0000000E+00  0.0000000E+00
  2.72468  3.75000  1.74900  1.91674  0.1355166E-03  0.2008558E-04  0.7052912E-04  0.9184929E-05  0.5989381E-04  0.1090065E-04  0.5093711E-05  0.0000000E+00  0.0000000E+00  0.0000000E+00
  2.72539  3.75000  1.75000  1.91774  0.1359191E-03  0.2017124E-04  0.7061493E-04  0.9201227E-05  0.6020521E-04  0.1097001E-04  0.5098979E-05  0.0000000E+00  0.0000000E+00  0.0000000E+00
  2.72609  3.75000  1.75100  1.91874  0.1363444E-03  0.2026177E-04  0.7070020E-04  0.9217464E-05  0.6053996E-04  0.1104431E-04  0.5104251E-05  0.0000000E+00  0.0000000E+00  0.0000000E+00
  2.72679  3.75000  1.75200  1.91974  0.1367541E-03  0.2034970E-04  0.7078493E-04  0.9233642E-05  0.6085959E-04  0.1111606E-04  0.5109527E-05  0.0000000E+00  0.0000000E+00  0.0000000E+00
  2.72750  3.75000  1.75300  1.92074  0.1371643E-03  0.2043796E-04  0.7086913E-04  0.9249760E-05  0.6118034E-04  0.1118820E-04  0.5114807E-05  0.0000000E+00  0.0000000E+00  0.0000000E+00
  2.72820  3.75000  1.75400  1.92174  0.1375750E-03  0.2052652E-04  0.7095278E-04  0.9265817E-05  0.6150217E-04  0.1126070E-04  0.5120091E-05  0.0000000E+00  0.0000000E+00  0.0000000E+00
  2.72891  3.75000  1.75500  1.92274  0.1379863E-03  0.2061535E-04  0.7103590E-04  0.9281814E-05  0.6182503E-04  0.1133354E-04  0.5125379E-05  0.0000000E+00  0.0000000E+00  0.0000000E+00
  2.72961  3.75000  1.75600  1.92374  0.1383983E-03  0.2070448E-04  0.7111847E-04  0.9297750E-05  0.6214911E-04  0.1140673E-04  0.5130671E-05  0.0000000E+00  0.0000000E+00  0.0000000E+00
  2.73032  3.75000  1.75700  1.92474  0.1388113E-03  0.2079386E-04  0.7120051E-04  0.9313625E-05  0.6247480E-04  0.1148024E-04  0.5135968E-05  0.0000000E+00  0.0000000E+00  0.0000000E+00
  2.73102  3.75000  1.75800  1.92574  0.1392246E-03  0.2088347E-04  0.7128200E-04  0.9329438E-05  0.6280129E-04  0.1155404E-04  0.5141268E-05  0.0000000E+00  0.0000000E+00  0.0000000E+00
  2.73173  3.75000  1.75900  1.92674  0.1396385E-03  0.2097331E-04  0.7136294E-04  0.9345190E-05  0.6312895E-04  0.1162812E-04  0.5146573E-05  0.0000000E+00  0.0000000E+00  0.0000000E+00
  2.73243  3.75000  1.76000  1.92774  0.1400528E-03  0.2106337E-04  0.7144334E-04  0.9360880E-05  0.6345761E-04  0.1170249E-04  0.5151882E-05  0.0000000E+00  0.0000000E+00  0.0000000E+00
  2.73314  3.75000  1.76100  1.92874  0.1404676E-03  0.2115364E-04  0.7152320E-04  0.9376508E-05  0.6378721E-04  0.1177713E-04  0.5157196E-05  0.0000000E+00  0.0000000E+00  0.0000000E+00
  2.73384  3.75000  1.76200  1.92974  0.1408827E-03  0.2124413E-04  0.7160251E-04  0.9392073E-05  0.6411772E-04  0.1185206E-04  0.5162514E-05  0.0000000E+00  0.0000000E+00  0.0000000E+00
  2.73455  3.75000  1.76300  1.93074  0.1412982E-03  0.2133483E-04  0.7168127E-04  0.9407576E-05  0.6444913E-04  0.1192725E-04  0.5167836E-05  0.0000000E+00  0.0000000E+00  0.0000000E+00
  2.73526  3.75000  1.76400  1.93174  0.1417141E-03  0.2142574E-04  0.7175949E-04  0.9423017E-05  0.6478142E-04  0.1200272E-04  0.5173163E-05  0.0000000E+00  0.0000000E+00  0.0000000E+00
  2.73596  3.75000  1.76500  1.93274  0.1421302E-03  0.2151686E-04  0.7183716E-04  0.9438394E-05  0.6511457E-04  0.1207847E-04  0.5178494E-05  0.0000000E+00  0.0000000E+00  0.0000000E+00
  2.73667  3.75000  1.76600  1.93374  0.1425467E-03  0.2160818E-04  0.7191427E-04  0.9453708E-05  0.6544858E-04  0.1215448E-04  0.5183830E-05  0.0000000E+00  0.0000000E+00  0.0000000E+00
  2.73738  3.75000  1.76700  1.93474  0.1429634E-03  0.2169971E-04  0.7199084E-04  0.9468958E-05  0.6578342E-04  0.1223076E-04  0.5189171E-05  0.0000000E+00  0.0000000E+00  0.0000000E+00
  2.73808  3.75000  1.76800  1.93574  0.1433804E-03  0.2179145E-04  0.7206685E-04  0.9484145E-05  0.6611908E-04  0.1230730E-04  0.5194516E-05  0.0000000E+00  0.0000000E+00  0.0000000E+00
  2.73879  3.75000  1.76900  1.93674  0.1437977E-03  0.2188338E-04  0.7214231E-04  0.9499268E-05  0.6645554E-04  0.1238411E-04  0.5199866E-05  0.0000000E+00  0.0000000E+00  0.0000000E+00
  2.73950  3.75000  1.77000  1.93774  0.1442152E-03  0.2197551E-04  0.7221722E-04  0.9514326E-05  0.6679279E-04  0.1246118E-04  0.5205220E-05  0.0000000E+00  0.0000000E+00  0.0000000E+00
  2.74020  3.75000  1.77100  1.93874  0.1446330E-03  0.2206783E-04  0.7229158E-04  0.9529320E-05  0.6713082E-04  0.1253851E-04  0.5210579E-05  0.0000000E+00  0.0000000E+00  0.0000000E+00
  2.74091  3.75000  1.77200  1.93974  0.1450509E-03  0.2216035E-04  0.7236538E-04  0.9544249E-05  0.6746960E-04  0.1261610E-04  0.5215943E-05  0.0000000E+00  0.0000000E+00  0.0000000E+00
  2.74162  3.75000  1.77300  1.94074  0.1454691E-03  0.2225306E-04  0.7243862E-04  0.9559114E-05  0.6780913E-04  0.1269395E-04  0.5221312E-05  0.0000000E+00  0.0000000E+00  0.0000000E+00
  2.74233  3.75000  1.77400  1.94174  0.1458874E-03  0.2234596E-04  0.7251131E-04  0.9573913E-05  0.6814938E-04  0.1277205E-04  0.5226685E-05  0.0000000E+00  0.0000000E+00  0.0000000E+00
  2.74304  3.75000  1.77500  1.94274  0.1463293E-03  0.2244403E-04  0.7258344E-04  0.9588646E-05  0.6851382E-04  0.1285539E-04  0.5232063E-05  0.0000000E+00  0.0000000E+00  0.0000000E+00
  2.74374  3.75000  1.77600  1.94374  0.1467551E-03  0.2253937E-04  0.7265501E-04  0.9603314E-05  0.6886262E-04  0.1293606E-04  0.5237446E-05  0.0000000E+00  0.0000000E+00  0.0000000E+00
  2.74445  3.75000  1.77700  1.94474  0.1471814E-03  0.2263507E-04  0.7272602E-04  0.9617916E-05  0.6921259E-04  0.1301715E-04  0.5242834E-05  0.0000000E+00  0.0000000E+00  0.0000000E+00
  2.74516  3.75000  1.77800  1.94574  0.1476093E-03  0.2273114E-04  0.7279647E-04  0.9632452E-05  0.6956459E-04  0.1309868E-04  0.5248226E-05  0.0000000E+00  0.0000000E+00  0.0000000E+00
  2.74587  3.75000  1.77900  1.94674  0.1480374E-03  0.2282747E-04  0.7286636E-04  0.9646922E-05  0.6991746E-04  0.1318055E-04  0.5253624E-05  0.0000000E+00  0.0000000E+00  0.0000000E+00
  2.74658  3.75000  1.78000  1.94774  0.1484663E-03  0.2292408E-04  0.7293569E-04  0.9661325E-05  0.7027158E-04  0.1326276E-04  0.5259026E-05  0.0000000E+00  0.0000000E+00  0.0000000E+00
  2.74729  3.75000  1.78100  1.94874  0.1488957E-03  0.2302096E-04  0.7300445E-04  0.9675661E-05  0.7062682E-04  0.1334530E-04  0.5264433E-05  0.0000000E+00  0.0000000E+00  0.0000000E+00
  2.74800  3.75000  1.78200  1.94974  0.1493256E-03  0.2311809E-04  0.7307266E-04  0.9689930E-05  0.7098308E-04  0.1342816E-04  0.5269845E-05  0.0000000E+00  0.0000000E+00  0.0000000E+00
  2.74871  3.75000  1.78300  1.95074  0.1497559E-03  0.2321547E-04  0.7314030E-04  0.9704132E-05  0.7134031E-04  0.1351134E-04  0.5275262E-05  0.0000000E+00  0.0000000E+00  0.0000000E+00
  2.74942  3.75000  1.78400  1.95174  0.1501866E-03  0.2331308E-04  0.7320737E-04  0.9718266E-05  0.7169851E-04  0.1359482E-04  0.5280684E-05  0.0000000E+00  0.0000000E+00  0.0000000E+00
  2.75013  3.75000  1.78500  1.95274  0.1506176E-03  0.2341094E-04  0.7327388E-04  0.9732332E-05  0.7205764E-04  0.1367861E-04  0.5286111E-05  0.0000000E+00  0.0000000E+00  0.0000000E+00
  2.75084  3.75000  1.78600  1.95374  0.1510491E-03  0.2350902E-04  0.7333982E-04  0.9746330E-05  0.7241771E-04  0.1376269E-04  0.5291543E-05  0.0000000E+00  0.0000000E+00  0.0000000E+00
  2.75155  3.75000  1.78700  1.95474  0.1514809E-03  0.2360734E-04  0.7340519E-04  0.9760261E-05  0.7277868E-04  0.1384708E-04  0.5296979E-05  0.0000000E+00  0.0000000E+00  0.0000000E+00
  2.75226  3.75000  1.78800  1.95574  0.1519130E-03  0.2370589E-04  0.7347000E-04  0.9774122E-05  0.7314054E-04  0.1393177E-04  0.5302421E-05  0.0000000E+00  0.0000000E+00  0.0000000E+00
  2.75297  3.75000  1.78900  1.95674  0.1523454E-03  0.2380466E-04  0.7353424E-04  0.9787915E-05  0.7350328E-04  0.1401675E-04  0.5307867E-05  0.0000000E+00  0.0000000E+00  0.0000000E+00
  2.75368  3.75000  1.79000  1.95774  0.1527781E-03  0.2390366E-04  0.7359791E-04  0.9801639E-05  0.7386689E-04  0.1410202E-04  0.5313318E-05  0.0000000E+00  0.0000000E+00  0.0000000E+00
  2.75439  3.75000  1.79100  1.95874  0.1532111E-03  0.2400288E-04  0.7366100E-04  0.9815294E-05  0.7423134E-04  0.1418758E-04  0.5318774E-05  0.0000000E+00  0.0000000E+00  0.0000000E+00
  2.75510  3.75000  1.79200  1.95974  0.1536444E-03  0.2410231E-04  0.7372353E-04  0.9828879E-05  0.7459662E-04  0.1427344E-04  0.5324235E-05  0.0000000E+00  0.0000000E+00  0.0000000E+00
  2.75581  3.75000  1.79300  1.96074  0.1540779E-03  0.2420197E-04  0.7378549E-04  0.9842395E-05  0.7496272E-04  0.1435958E-04  0.5329701E-05  0.0000000E+00  0.0000000E+00  0.0000000E+00
  2.75652  3.75000  1.79400  1.96174  0.1545117E-03  0.2430184E-04  0.7384687E-04  0.9855841E-05  0.7532962E-04  0.1444600E-04  0.5335172E-05  0.0000000E+00  0.0000000E+00  0.0000000E+00
  2.75724  3.75000  1.79500  1.96274  0.1549456E-03  0.2440193E-04  0.7390768E-04  0.9869217E-05  0.7569730E-04  0.1453271E-04  0.5340648E-05  0.0000000E+00  0.0000000E+00  0.0000000E+00
  2.75795  3.75000  1.79600  1.96374  0.1553798E-03  0.2450222E-04  0.7396791E-04  0.9882523E-05  0.7606574E-04  0.1461970E-04  0.5346128E-05  0.0000000E+00  0.0000000E+00  0.0000000E+00
  2.75866  3.75000  1.79700  1.96474  0.1558141E-03  0.2460272E-04  0.7402757E-04  0.9895758E-05  0.7643493E-04  0.1470696E-04  0.5351613E-05  0.0000000E+00  0.0000000E+00  0.0000000E+00
  2.75937  3.75000  1.79800  1.96574  0.1562486E-03  0.2470343E-04  0.7408666E-04  0.9908923E-05  0.7680486E-04  0.1479451E-04  0.5357103E-05  0.0000000E+00  0.0000000E+00  0.0000000E+00
  2.76009  3.75000  1.79900  1.96674  0.1567062E-03  0.2480907E-04  0.7414517E-04  0.9922016E-05  0.7719844E-04  0.1488706E-04  0.5362597E-05  0.0000000E+00  0.0000000E+00  0.0000000E+00
  2.76080  3.75000  1.80000  1.96774  0.1571493E-03  0.2491237E-04  0.7420310E-04  0.9935038E-05  0.7757815E-04  0.1497733E-04  0.5368097E-05  0.0000000E+00  0.0000000E+00  0.0000000E+00
  2.76151  3.75000  1.80100  1.96874  0.1575929E-03  0.2501605E-04  0.7426045E-04  0.9947989E-05  0.7795885E-04  0.1506806E-04  0.5373601E-05  0.0000000E+00  0.0000000E+00  0.0000000E+00
  2.76222  3.75000  1.80200  1.96974  0.1580374E-03  0.2512008E-04  0.7431723E-04  0.9960869E-05  0.7834102E-04  0.1515921E-04  0.5379109E-05  0.0000000E+00  0.0000000E+00  0.0000000E+00
  2.76294  3.75000  1.80300  1.97074  0.1584824E-03  0.2522444E-04  0.7437343E-04  0.9973676E-05  0.7872435E-04  0.1525076E-04  0.5384623E-05  0.0000000E+00  0.0000000E+00  0.0000000E+00
  2.76365  3.75000  1.80400  1.97174  0.1589279E-03  0.2532910E-04  0.7442905E-04  0.9986412E-05  0.7910876E-04  0.1534269E-04  0.5390140E-05  0.0000000E+00  0.0000000E+00  0.0000000E+00
  2.76436  3.75000  1.80500  1.97274  0.1593740E-03  0.2543406E-04  0.7448409E-04  0.9999075E-05  0.7949421E-04  0.1543498E-04  0.5395663E-05  0.0000000E+00  0.0000000E+00  0.0000000E+00
  2.76508  3.75000  1.80600  1.97374  0.1598204E-03  0.2553930E-04  0.7453855E-04  0.1001167E-04  0.7988069E-04  0.1552763E-04  0.5401189E-05  0.0000000E+00  0.0000000E+00  0.0000000E+00
  2.76579  3.75000  1.80700  1.97474  0.1602673E-03  0.2564481E-04  0.7459242E-04  0.1002418E-04  0.8026815E-04  0.1562062E-04  0.5406721E-05  0.0000000E+00  0.0000000E+00  0.0000000E+00
  2.76651  3.75000  1.80800  1.97574  0.1607146E-03  0.2575058E-04  0.7464572E-04  0.1003663E-04  0.8065660E-04  0.1571395E-04  0.5412256E-05  0.0000000E+00  0.0000000E+00  0.0000000E+00
  2.76722  3.75000  1.80900  1.97674  0.1611622E-03  0.2585662E-04  0.7469843E-04  0.1004900E-04  0.8104600E-04  0.1580761E-04  0.5417796E-05  0.0000000E+00  0.0000000E+00  0.0000000E+00
  2.76793  3.75000  1.81000  1.97774  0.1616103E-03  0.2596291E-04  0.7475056E-04  0.1006130E-04  0.8143635E-04  0.1590161E-04  0.5423340E-05  0.0000000E+00  0.0000000E+00  0.0000000E+00
  2.76865  3.75000  1.81100  1.97874  0.1620586E-03  0.2606945E-04  0.7480211E-04  0.1007353E-04  0.8182763E-04  0.1599593E-04  0.5428889E-05  0.0000000E+00  0.0000000E+00  0.0000000E+00
  2.76936  3.75000  1.81200  1.97974  0.1625073E-03  0.2617625E-04  0.7485307E-04  0.1008568E-04  0.8221983E-04  0.1609057E-04  0.5434441E-05  0.0000000E+00  0.0000000E+00  0.0000000E+00
  2.77008  3.75000  1.81300  1.98074  0.1629564E-03  0.2628329E-04  0.7490345E-04  0.1009776E-04  0.8261292E-04  0.1618553E-04  0.5439998E-05  0.0000000E+00  0.0000000E+00  0.0000000E+00
  2.77079  3.75000  1.81400  1.98174  0.1634057E-03  0.2639058E-04  0.7495324E-04  0.1010976E-04  0.8300690E-04  0.1628082E-04  0.5445558E-05  0.0000000E+00  0.0000000E+00  0.0000000E+00
  2.77151  3.75000  1.81500  1.98274  0.1638553E-03  0.2649811E-04  0.7500245E-04  0.1012169E-04  0.8340175E-04  0.1637642E-04  0.5451123E-05  0.0000000E+00  0.0000000E+00  0.0000000E+00
  2.77222  3.75000  1.81600  1.98374  0.1643052E-03  0.2660588E-04  0.7505107E-04  0.1013354E-04  0.8379744E-04  0.1647234E-04  0.5456692E-05  0.0000000E+00  0.0000000E+00  0.0000000E+00
  2.77294  3.75000  1.81700  1.98474  0.1647553E-03  0.2671389E-04  0.7509910E-04  0.1014532E-04  0.8419397E-04  0.1656857E-04  0.5462264E-05  0.0000000E+00  0.0000000E+00  0.0000000E+00
  2.77366  3.75000  1.81800  1.98574  0.1652057E-03  0.2682214E-04  0.7514655E-04  0.1015703E-04  0.8459132E-04  0.1666511E-04  0.5467840E-05  0.0000000E+00  0.0000000E+00  0.0000000E+00
  2.77437  3.75000  1.81900  1.98674  0.1656563E-03  0.2693062E-04  0.7519341E-04  0.1016866E-04  0.8498948E-04  0.1676196E-04  0.5473420E-05  0.0000000E+00  0.0000000E+00  0.0000000E+00
  2.77509  3.75000  1.82000  1.98774  0.1661072E-03  0.2703934E-04  0.7523968E-04  0.1018021E-04  0.8538847E-04  0.1685913E-04  0.5479003E-05  0.0000000E+00  0.0000000E+00  0.0000000E+00
  2.77580  3.75000  1.82100  1.98874  0.1665594E-03  0.2714836E-04  0.7528536E-04  0.1019169E-04  0.8578948E-04  0.1695667E-04  0.5484590E-05  0.0000000E+00  0.0000000E+00  0.0000000E+00
  2.77652  3.75000  1.82200  1.98974  0.1670116E-03  0.2725756E-04  0.7533045E-04  0.1020310E-04  0.8619097E-04  0.1705447E-04  0.5490180E-05  0.0000000E+00  0.0000000E+00  0.0000000E+00
  2.77724  3.75000  1.82300  1.99074  0.1674642E-03  0.2736698E-04  0.7537495E-04  0.1021443E-04  0.8659350E-04  0.1715255E-04  0.5495774E-05  0.0000000E+00  0.0000000E+00  0.0000000E+00
  2.77795  3.75000  1.82400  1.99174  0.1679430E-03  0.2748241E-04  0.7541887E-04  0.1022568E-04  0.8702273E-04  0.1725673E-04  0.5501370E-05  0.0000000E+00  0.0000000E+00  0.0000000E+00
  2.77867  3.75000  1.82500  1.99274  0.1684038E-03  0.2759463E-04  0.7546219E-04  0.1023685E-04  0.8743463E-04  0.1735777E-04  0.5506970E-05  0.0000000E+00  0.0000000E+00  0.0000000E+00
  2.77939  3.75000  1.82600  1.99374  0.1688652E-03  0.2770725E-04  0.7550492E-04  0.1024795E-04  0.8784774E-04  0.1745930E-04  0.5512573E-05  0.0000000E+00  0.0000000E+00  0.0000000E+00
  2.78011  3.75000  1.82700  1.99474  0.1693272E-03  0.2782024E-04  0.7554707E-04  0.1025898E-04  0.8826200E-04  0.1756127E-04  0.5518179E-05  0.0000000E+00  0.0000000E+00  0.0000000E+00
  2.78082  3.75000  1.82800  1.99574  0.1697898E-03  0.2793358E-04  0.7558862E-04  0.1026992E-04  0.8867738E-04  0.1766366E-04  0.5523788E-05  0.0000000E+00  0.0000000E+00  0.0000000E+00
  2.78154  3.75000  1.82900  1.99674  0.1702528E-03  0.2804725E-04  0.7562957E-04  0.1028079E-04  0.8909384E-04  0.1776645E-04  0.5529399E-05  0.0000000E+00  0.0000000E+00  0.0000000E+00
  2.78226  3.75000  1.83000  1.99774  0.1707163E-03  0.2816122E-04  0.7566994E-04  0.1029158E-04  0.8951135E-04  0.1786964E-04  0.5535013E-05  0.0000000E+00  0.0000000E+00  0.0000000E+00
  2.78298  3.75000  1.83100  1.99874  0.1711802E-03  0.2827550E-04  0.7570971E-04  0.1030230E-04  0.8992989E-04  0.1797320E-04  0.5540630E-05  0.0000000E+00  0.0000000E+00  0.0000000E+00
  2.78370  3.75000  1.83200  1.99974  0.1716446E-03  0.2839007E-04  0.7574889E-04  0.1031294E-04  0.9034945E-04  0.1807713E-04  0.5546248E-05  0.0000000E+00  0.0000000E+00  0.0000000E+00
  2.78441  3.75000  1.83300  2.00074  0.1721094E-03  0.2850493E-04  0.7578748E-04  0.1032350E-04  0.9077000E-04  0.1818143E-04  0.5551869E-05  0.0000000E+00  0.0000000E+00  0.0000000E+00
  2.78513  3.75000  1.83400  2.00174  0.1725745E-03  0.2862007E-04  0.7582547E-04  0.1033398E-04  0.9119154E-04  0.1828609E-04  0.5557493E-05  0.0000000E+00  0.0000000E+00  0.0000000E+00
  2.78585  3.75000  1.83500  2.00274  0.1730400E-03  0.2873549E-04  0.7586287E-04  0.1034438E-04  0.9161404E-04  0.1839110E-04  0.5563118E-05  0.0000000E+00  0.0000000E+00  0.0000000E+00
  2.78657  3.75000  1.83600  2.00374  0.1735059E-03  0.2885118E-04  0.7589968E-04  0.1035471E-04  0.9203750E-04  0.1849647E-04  0.5568745E-05  0.0000000E+00  0.0000000E+00  0.0000000E+00
  2.78729  3.75000  1.83700  2.00474  0.1739722E-03  0.2896715E-04  0.7593589E-04  0.1036496E-04  0.9246189E-04  0.1860219E-04  0.5574373E-05  0.0000000E+00  0.0000000E+00  0.0000000E+00
  2.78801  3.75000  1.83800  2.00574  0.1744387E-03  0.2908339E-04  0.7597151E-04  0.1037513E-04  0.9288720E-04  0.1870826E-04  0.5580004E-05  0.0000000E+00  0.0000000E+00  0.0000000E+00
  2.78873  3.75000  1.83900  2.00674  0.1749056E-03  0.2919989E-04  0.7600653E-04  0.1038522E-04  0.9331341E-04  0.1881467E-04  0.5585636E-05  0.0000000E+00  0.0000000E+00  0.0000000E+00
  2.78945  3.75000  1.84000  2.00774  0.1753727E-03  0.2931666E-04  0.7604096E-04  0.1039523E-04  0.9374050E-04  0.1892143E-04  0.5591269E-05  0.0000000E+00  0.0000000E+00  0.0000000E+00
  2.79017  3.75000  1.84100  2.00874  0.1758402E-03  0.2943369E-04  0.7607480E-04  0.1040516E-04  0.9416847E-04  0.1902853E-04  0.5596903E-05  0.0000000E+00  0.0000000E+00  0.0000000E+00
  2.79089  3.75000  1.84200  2.00974  0.1763082E-03  0.2955102E-04  0.7610803E-04  0.1041502E-04  0.9459762E-04  0.1913601E-04  0.5602538E-05  0.0000000E+00  0.0000000E+00  0.0000000E+00
  2.79161  3.75000  1.84300  2.01074  0.1767776E-03  0.2966864E-04  0.7614068E-04  0.1042479E-04  0.9502874E-04  0.1924385E-04  0.5608174E-05  0.0000000E+00  0.0000000E+00  0.0000000E+00
  2.79233  3.75000  1.84400  2.01174  0.1772469E-03  0.2978648E-04  0.7617272E-04  0.1043449E-04  0.9546038E-04  0.1935199E-04  0.5613811E-05  0.0000000E+00  0.0000000E+00  0.0000000E+00
  2.79305  3.75000  1.84500  2.01274  0.1777169E-03  0.2990456E-04  0.7620418E-04  0.1044410E-04  0.9589324E-04  0.1946046E-04  0.5619448E-05  0.0000000E+00  0.0000000E+00  0.0000000E+00
  2.79377  3.75000  1.84600  2.01374  0.1781871E-03  0.3002288E-04  0.7623503E-04  0.1045364E-04  0.9632702E-04  0.1956924E-04  0.5625086E-05  0.0000000E+00  0.0000000E+00  0.0000000E+00
  2.79449  3.75000  1.84700  2.01474  0.1786576E-03  0.3014145E-04  0.7626529E-04  0.1046310E-04  0.9676162E-04  0.1967835E-04  0.5630724E-05  0.0000000E+00  0.0000000E+00  0.0000000E+00
  2.79521  3.75000  1.84800  2.01574  0.1791481E-03  0.3026429E-04  0.7629496E-04  0.1047247E-04  0.9721677E-04  0.1979181E-04  0.5636362E-05  0.0000000E+00  0.0000000E+00  0.0000000E+00
  2.79593  3.75000  1.84900  2.01674  0.1796264E-03  0.3038561E-04  0.7632403E-04  0.1048177E-04  0.9766040E-04  0.1990384E-04  0.5642000E-05  0.0000000E+00  0.0000000E+00  0.0000000E+00
  2.79666  3.75000  1.85000  2.01774  0.1801054E-03  0.3050741E-04  0.7635250E-04  0.1049099E-04  0.9810530E-04  0.2001642E-04  0.5647638E-05  0.0000000E+00  0.0000000E+00  0.0000000E+00
  2.79738  3.75000  1.85100  2.01874  0.1805851E-03  0.3062965E-04  0.7638037E-04  0.1050012E-04  0.9855143E-04  0.2012953E-04  0.5653275E-05  0.0000000E+00  0.0000000E+00  0.0000000E+00
  2.79810  3.75000  1.85200  2.01974  0.1810653E-03  0.3075229E-04  0.7640766E-04  0.1050918E-04  0.9899873E-04  0.2024311E-04  0.5658911E-05  0.0000000E+00  0.0000000E+00  0.0000000E+00
  2.79882  3.75000  1.85300  2.02074  0.1815460E-03  0.3087530E-04  0.7643434E-04  0.1051815E-04  0.9944716E-04  0.2035714E-04  0.5664547E-05  0.0000000E+00  0.0000000E+00  0.0000000E+00
  2.79954  3.75000  1.85400  2.02174  0.1820273E-03  0.3099866E-04  0.7646043E-04  0.1052705E-04  0.9989670E-04  0.2047161E-04  0.5670181E-05  0.0000000E+00  0.0000000E+00  0.0000000E+00
  2.80026  3.75000  1.85500  2.02274  0.1825090E-03  0.3112235E-04  0.7648592E-04  0.1053586E-04  0.1003473E-03  0.2058649E-04  0.5675814E-05  0.0000000E+00  0.0000000E+00  0.0000000E+00
  2.80099  3.75000  1.85600  2.02374  0.1829913E-03  0.3124637E-04  0.7651082E-04  0.1054460E-04  0.1007990E-03  0.2070178E-04  0.5681446E-05  0.0000000E+00  0.0000000E+00  0.0000000E+00
  2.80171  3.75000  1.85700  2.02474  0.1834739E-03  0.3137072E-04  0.7653512E-04  0.1055325E-04  0.1012517E-03  0.2081747E-04  0.5687077E-05  0.0000000E+00  0.0000000E+00  0.0000000E+00
  2.80243  3.75000  1.85800  2.02574  0.1839570E-03  0.3149537E-04  0.7655882E-04  0.1056182E-04  0.1017055E-03  0.2093355E-04  0.5692705E-05  0.0000000E+00  0.0000000E+00  0.0000000E+00
  2.80316  3.75000  1.85900  2.02674  0.1844405E-03  0.3162033E-04  0.7658193E-04  0.1057031E-04  0.1021602E-03  0.2105003E-04  0.5698331E-05  0.0000000E+00  0.0000000E+00  0.0000000E+00
  2.80388  3.75000  1.86000  2.02774  0.1849244E-03  0.3174560E-04  0.7660445E-04  0.1057872E-04  0.1026160E-03  0.2116689E-04  0.5703956E-05  0.0000000E+00  0.0000000E+00  0.0000000E+00
  2.80460  3.75000  1.86100  2.02874  0.1854086E-03  0.3187117E-04  0.7662637E-04  0.1058704E-04  0.1030727E-03  0.2128413E-04  0.5709577E-05  0.0000000E+00  0.0000000E+00  0.0000000E+00
  2.80533  3.75000  1.86200  2.02974  0.1858933E-03  0.3199704E-04  0.7664769E-04  0.1059529E-04  0.1035304E-03  0.2140175E-04  0.5715196E-05  0.0000000E+00  0.0000000E+00  0.0000000E+00
  2.80605  3.75000  1.86300  2.03074  0.1863782E-03  0.3212320E-04  0.7666842E-04  0.1060345E-04  0.1039890E-03  0.2151974E-04  0.5720812E-05  0.0000000E+00  0.0000000E+00  0.0000000E+00
  2.80677  3.75000  1.86400  2.03174  0.1868638E-03  0.3224969E-04  0.7668855E-04  0.1061153E-04  0.1044488E-03  0.2163816E-04  0.5726426E-05  0.0000000E+00  0.0000000E+00  0.0000000E+00
  2.80750  3.75000  1.86500  2.03274  0.1873511E-03  0.3237652E-04  0.7670809E-04  0.1061953E-04  0.1049110E-03  0.2175699E-04  0.5732035E-05  0.0000000E+00  0.0000000E+00  0.0000000E+00
  2.80822  3.75000  1.86600  2.03374  0.1878384E-03  0.3250360E-04  0.7672704E-04  0.1062745E-04  0.1053737E-03  0.2187614E-04  0.5737642E-05  0.0000000E+00  0.0000000E+00  0.0000000E+00
  2.80895  3.75000  1.86700  2.03474  0.1883263E-03  0.3263094E-04  0.7674539E-04  0.1063529E-04  0.1058377E-03  0.2199565E-04  0.5743244E-05  0.0000000E+00  0.0000000E+00  0.0000000E+00
  2.80967  3.75000  1.86800  2.03574  0.1888147E-03  0.3275855E-04  0.7676314E-04  0.1064304E-04  0.1063028E-03  0.2211551E-04  0.5748842E-05  0.0000000E+00  0.0000000E+00  0.0000000E+00
  2.81039  3.75000  1.86900  2.03674  0.1893035E-03  0.3288644E-04  0.7678030E-04  0.1065071E-04  0.1067687E-03  0.2223573E-04  0.5754437E-05  0.0000000E+00  0.0000000E+00  0.0000000E+00
  2.81112  3.75000  1.87000  2.03774  0.1897924E-03  0.3301460E-04  0.7679687E-04  0.1065830E-04  0.1072355E-03  0.2235630E-04  0.5760026E-05  0.0000000E+00  0.0000000E+00  0.0000000E+00
  2.81184  3.75000  1.87100  2.03874  0.1902816E-03  0.3314302E-04  0.7681285E-04  0.1066581E-04  0.1077032E-03  0.2247721E-04  0.5765611E-05  0.0000000E+00  0.0000000E+00  0.0000000E+00
  2.81257  3.75000  1.87200  2.03974  0.1907711E-03  0.3327170E-04  0.7682823E-04  0.1067323E-04  0.1081716E-03  0.2259847E-04  0.5771191E-05  0.0000000E+00  0.0000000E+00  0.0000000E+00
  2.81329  3.75000  1.87300  2.04074  0.1912607E-03  0.3340065E-04  0.7684302E-04  0.1068057E-04  0.1086409E-03  0.2272007E-04  0.5776766E-05  0.0000000E+00  0.0000000E+00  0.0000000E+00
  2.81402  3.75000  1.87400  2.04174  0.1917765E-03  0.3353590E-04  0.7685722E-04  0.1068783E-04  0.1091370E-03  0.2284806E-04  0.5782335E-05  0.0000000E+00  0.0000000E+00  0.0000000E+00
  2.81475  3.75000  1.87500  2.04274  0.1922746E-03  0.3366797E-04  0.7687083E-04  0.1069501E-04  0.1096158E-03  0.2297296E-04  0.5787899E-05  0.0000000E+00  0.0000000E+00  0.0000000E+00
  2.81547  3.75000  1.87600  2.04374  0.1927733E-03  0.3380053E-04  0.7688384E-04  0.1070210E-04  0.1100960E-03  0.2309842E-04  0.5793457E-05  0.0000000E+00  0.0000000E+00  0.0000000E+00
  2.81620  3.75000  1.87700  2.04474  0.1932726E-03  0.3393351E-04  0.7689627E-04  0.1070911E-04  0.1105773E-03  0.2322440E-04  0.5799008E-05  0.0000000E+00  0.0000000E+00  0.0000000E+00
  2.81692  3.75000  1.87800  2.04574  0.1937724E-03  0.3406691E-04  0.7690810E-04  0.1071604E-04  0.1110598E-03  0.2335087E-04  0.5804553E-05  0.0000000E+00  0.0000000E+00  0.0000000E+00
  2.81765  3.75000  1.87900  2.04674  0.1942729E-03  0.3420069E-04  0.7691935E-04  0.1072289E-04  0.1115434E-03  0.2347780E-04  0.5810091E-05  0.0000000E+00  0.0000000E+00  0.0000000E+00
  2.81838  3.75000  1.88000  2.04774  0.1947738E-03  0.3433484E-04  0.7693000E-04  0.1072965E-04  0.1120282E-03  0.2360519E-04  0.5815622E-05  0.0000000E+00  0.0000000E+00  0.0000000E+00
  2.81910  3.75000  1.88100  2.04874  0.1952752E-03  0.3446934E-04  0.7694007E-04  0.1073633E-04  0.1125140E-03  0.2373302E-04  0.5821146E-05  0.0000000E+00  0.0000000E+00  0.0000000E+00
  2.81983  3.75000  1.88200  2.04974  0.1957771E-03  0.3460420E-04  0.7694955E-04  0.1074292E-04  0.1130009E-03  0.2386128E-04  0.5826662E-05  0.0000000E+00  0.0000000E+00  0.0000000E+00
  2.82056  3.75000  1.88300  2.05074  0.1962795E-03  0.3473940E-04  0.7695844E-04  0.1074943E-04  0.1134889E-03  0.2398997E-04  0.5832170E-05  0.0000000E+00  0.0000000E+00  0.0000000E+00
  2.82128  3.75000  1.88400  2.05174  0.1967823E-03  0.3487494E-04  0.7696674E-04  0.1075586E-04  0.1139779E-03  0.2411907E-04  0.5837670E-05  0.0000000E+00  0.0000000E+00  0.0000000E+00
  2.82201  3.75000  1.88500  2.05274  0.1972855E-03  0.3501081E-04  0.7697445E-04  0.1076221E-04  0.1144679E-03  0.2424860E-04  0.5843162E-05  0.0000000E+00  0.0000000E+00  0.0000000E+00
  2.82274  3.75000  1.88600  2.05374  0.1977891E-03  0.3514700E-04  0.7698158E-04  0.1076847E-04  0.1149589E-03  0.2437853E-04  0.5848645E-05  0.0000000E+00  0.0000000E+00  0.0000000E+00
  2.82347  3.75000  1.88700  2.05474  0.1982948E-03  0.3528367E-04  0.7698812E-04  0.1077465E-04  0.1154526E-03  0.2450901E-04  0.5854119E-05  0.0000000E+00  0.0000000E+00  0.0000000E+00
  2.82419  3.75000  1.88800  2.05574  0.1988009E-03  0.3542058E-04  0.7699408E-04  0.1078075E-04  0.1159472E-03  0.2463983E-04  0.5859584E-05  0.0000000E+00  0.0000000E+00  0.0000000E+00
  2.82492  3.75000  1.88900  2.05674  0.1993075E-03  0.3555779E-04  0.7699945E-04  0.1078676E-04  0.1164430E-03  0.2477103E-04  0.5865039E-05  0.0000000E+00  0.0000000E+00  0.0000000E+00
  2.82565  3.75000  1.89000  2.05774  0.1998148E-03  0.3569531E-04  0.7700424E-04  0.1079269E-04  0.1169401E-03  0.2490262E-04  0.5870484E-05  0.0000000E+00  0.0000000E+00  0.0000000E+00
  2.82638  3.75000  1.89100  2.05874  0.2003225E-03  0.3583313E-04  0.7700845E-04  0.1079853E-04  0.1174381E-03  0.2503460E-04  0.5875919E-05  0.0000000E+00  0.0000000E+00  0.0000000E+00
  2.82711  3.75000  1.89200  2.05974  0.2008306E-03  0.3597126E-04  0.7701207E-04  0.1080430E-04  0.1179371E-03  0.2516696E-04  0.5881344E-05  0.0000000E+00  0.0000000E+00  0.0000000E+00
  2.82784  3.75000  1.89300  2.06074  0.2013389E-03  0.3610968E-04  0.7701512E-04  0.1080998E-04  0.1184371E-03  0.2529971E-04  0.5886757E-05  0.0000000E+00  0.0000000E+00  0.0000000E+00
  2.82856  3.75000  1.89400  2.06174  0.2018476E-03  0.3624841E-04  0.7701758E-04  0.1081557E-04  0.1189379E-03  0.2543283E-04  0.5892160E-05  0.0000000E+00  0.0000000E+00  0.0000000E+00
  2.82929  3.75000  1.89500  2.06274  0.2023566E-03  0.3638742E-04  0.7701946E-04  0.1082108E-04  0.1194396E-03  0.2556634E-04  0.5897551E-05  0.0000000E+00  0.0000000E+00  0.0000000E+00
  2.83002  3.75000  1.89600  2.06374  0.2028658E-03  0.3652673E-04  0.7702076E-04  0.1082651E-04  0.1199421E-03  0.2570022E-04  0.5902931E-05  0.0000000E+00  0.0000000E+00  0.0000000E+00
  2.83075  3.75000  1.89700  2.06474  0.2033752E-03  0.3666633E-04  0.7702148E-04  0.1083186E-04  0.1204455E-03  0.2583448E-04  0.5908299E-05  0.0000000E+00  0.0000000E+00  0.0000000E+00
  2.83148  3.75000  1.89800  2.06574  0.2038849E-03  0.3680622E-04  0.7702162E-04  0.1083712E-04  0.1209496E-03  0.2596910E-04  0.5913654E-05  0.0000000E+00  0.0000000E+00  0.0000000E+00
  2.83221  3.75000  1.89900  2.06674  0.2044170E-03  0.3695129E-04  0.7702119E-04  0.1084229E-04  0.1214768E-03  0.2610899E-04  0.5918997E-05  0.0000000E+00  0.0000000E+00  0.0000000E+00
  2.83294  3.75000  1.90000  2.06774  0.2049350E-03  0.3709432E-04  0.7702018E-04  0.1084739E-04  0.1219905E-03  0.2624694E-04  0.5924326E-05  0.0000000E+00  0.0000000E+00  0.0000000E+00
  2.83367  3.75000  1.90100  2.06874  0.2054537E-03  0.3723790E-04  0.7701859E-04  0.1085240E-04  0.1225054E-03  0.2638551E-04  0.5929643E-05  0.0000000E+00  0.0000000E+00  0.0000000E+00
  2.83440  3.75000  1.90200  2.06974  0.2059730E-03  0.3738198E-04  0.7701643E-04  0.1085732E-04  0.1230217E-03  0.2652465E-04  0.5934945E-05  0.0000000E+00  0.0000000E+00  0.0000000E+00
  2.83513  3.75000  1.90300  2.07074  0.2064930E-03  0.3752650E-04  0.7701370E-04  0.1086217E-04  0.1235391E-03  0.2666434E-04  0.5940234E-05  0.0000000E+00  0.0000000E+00  0.0000000E+00
  2.83586  3.75000  1.90400  2.07174  0.2070136E-03  0.3767146E-04  0.7701039E-04  0.1086693E-04  0.1240577E-03  0.2680453E-04  0.5945509E-05  0.0000000E+00  0.0000000E+00  0.0000000E+00
  2.83659  3.75000  1.90500  2.07274  0.2075347E-03  0.3781682E-04  0.7700652E-04  0.1087160E-04  0.1245774E-03  0.2694522E-04  0.5950769E-05  0.0000000E+00  0.0000000E+00  0.0000000E+00
  2.83732  3.75000  1.90600  2.07374  0.2080564E-03  0.3796258E-04  0.7700207E-04  0.1087620E-04  0.1250983E-03  0.2708639E-04  0.5956014E-05  0.0000000E+00  0.0000000E+00  0.0000000E+00
  2.83805  3.75000  1.90700  2.07474  0.2085786E-03  0.3810873E-04  0.7699705E-04  0.1088070E-04  0.1256203E-03  0.2722802E-04  0.5961244E-05  0.0000000E+00  0.0000000E+00  0.0000000E+00
  2.83879  3.75000  1.90800  2.07574  0.2091013E-03  0.3825525E-04  0.7699146E-04  0.1088513E-04  0.1261433E-03  0.2737012E-04  0.5966458E-05  0.0000000E+00  0.0000000E+00  0.0000000E+00
  2.83952  3.75000  1.90900  2.07674  0.2096252E-03  0.3840224E-04  0.7698530E-04  0.1088947E-04  0.1266682E-03  0.2751277E-04  0.5971656E-05  0.0000000E+00  0.0000000E+00  0.0000000E+00
  2.84025  3.75000  1.91000  2.07774  0.2101510E-03  0.3854961E-04  0.7697858E-04  0.1089373E-04  0.1271955E-03  0.2765588E-04  0.5976838E-05  0.0000000E+00  0.0000000E+00  0.0000000E+00
  2.84098  3.75000  1.91100  2.07874  0.2106768E-03  0.3869730E-04  0.7697129E-04  0.1089791E-04  0.1277235E-03  0.2779939E-04  0.5982003E-05  0.0000000E+00  0.0000000E+00  0.0000000E+00
  2.84171  3.75000  1.91200  2.07974  0.2112036E-03  0.3884533E-04  0.7696343E-04  0.1090200E-04  0.1282531E-03  0.2794333E-04  0.5987152E-05  0.0000000E+00  0.0000000E+00  0.0000000E+00
  2.84244  3.75000  1.91300  2.08074  0.2117311E-03  0.3899370E-04  0.7695501E-04  0.1090601E-04  0.1287838E-03  0.2808770E-04  0.5992283E-05  0.0000000E+00  0.0000000E+00  0.0000000E+00
  2.84318  3.75000  1.91400  2.08174  0.2122591E-03  0.3914242E-04  0.7694603E-04  0.1090993E-04  0.1293157E-03  0.2823249E-04  0.5997396E-05  0.0000000E+00  0.0000000E+00  0.0000000E+00
  2.84391  3.75000  1.91500  2.08274  0.2127875E-03  0.3929148E-04  0.7693648E-04  0.1091377E-04  0.1298485E-03  0.2837770E-04  0.6002492E-05  0.0000000E+00  0.0000000E+00  0.0000000E+00
  2.84464  3.75000  1.91600  2.08374  0.2133162E-03  0.3944087E-04  0.7692638E-04  0.1091753E-04  0.1303823E-03  0.2852334E-04  0.6007569E-05  0.0000000E+00  0.0000000E+00  0.0000000E+00
  2.84537  3.75000  1.91700  2.08474  0.2138454E-03  0.3959060E-04  0.7691571E-04  0.1092121E-04  0.1309170E-03  0.2866939E-04  0.6012628E-05  0.0000000E+00  0.0000000E+00  0.0000000E+00
  2.84611  3.75000  1.91800  2.08574  0.2143749E-03  0.3974066E-04  0.7690449E-04  0.1092480E-04  0.1314527E-03  0.2881586E-04  0.6017667E-05  0.0000000E+00  0.0000000E+00  0.0000000E+00
  2.84684  3.75000  1.91900  2.08674  0.2149047E-03  0.3989104E-04  0.7689271E-04  0.1092831E-04  0.1319893E-03  0.2896273E-04  0.6022687E-05  0.0000000E+00  0.0000000E+00  0.0000000E+00
  2.84757  3.75000  1.92000  2.08774  0.2154348E-03  0.4004175E-04  0.7688038E-04  0.1093174E-04  0.1325268E-03  0.2911002E-04  0.6027688E-05  0.0000000E+00  0.0000000E+00  0.0000000E+00
  2.84830  3.75000  1.92100  2.08874  0.2159652E-03  0.4019278E-04  0.7686748E-04  0.1093508E-04  0.1330651E-03  0.2925770E-04  0.6032668E-05  0.0000000E+00  0.0000000E+00  0.0000000E+00
  2.84904  3.75000  1.92200  2.08974  0.2164959E-03  0.4034413E-04  0.7685404E-04  0.1093834E-04  0.1336043E-03  0.2940579E-04  0.6037628E-05  0.0000000E+00  0.0000000E+00  0.0000000E+00
  2.84977  3.75000  1.92300  2.09074  0.2170269E-03  0.4049579E-04  0.7684004E-04  0.1094152E-04  0.1341443E-03  0.2955427E-04  0.6042567E-05  0.0000000E+00  0.0000000E+00  0.0000000E+00
  2.85051  3.75000  1.92400  2.09174  0.2175580E-03  0.4064775E-04  0.7682549E-04  0.1094461E-04  0.1346850E-03  0.2970314E-04  0.6047485E-05  0.0000000E+00  0.0000000E+00  0.0000000E+00
  2.85124  3.75000  1.92500  2.09274  0.2181128E-03  0.4080539E-04  0.7681039E-04  0.1094763E-04  0.1352501E-03  0.2985777E-04  0.6052381E-05  0.0000000E+00  0.0000000E+00  0.0000000E+00
  2.85197  3.75000  1.92600  2.09374  0.2186526E-03  0.4096071E-04  0.7679475E-04  0.1095056E-04  0.1358006E-03  0.3001016E-04  0.6057256E-05  0.0000000E+00  0.0000000E+00  0.0000000E+00
  2.85271  3.75000  1.92700  2.09474  0.2191931E-03  0.4111661E-04  0.7677855E-04  0.1095340E-04  0.1363524E-03  0.3016321E-04  0.6062108E-05  0.0000000E+00  0.0000000E+00  0.0000000E+00
  2.85344  3.75000  1.92800  2.09574  0.2197342E-03  0.4127303E-04  0.7676181E-04  0.1095617E-04  0.1369055E-03  0.3031686E-04  0.6066938E-05  0.0000000E+00  0.0000000E+00  0.0000000E+00
  2.85418  3.75000  1.92900  2.09674  0.2202761E-03  0.4142994E-04  0.7674453E-04  0.1095885E-04  0.1374598E-03  0.3047108E-04  0.6071745E-05  0.0000000E+00  0.0000000E+00  0.0000000E+00
  2.85491  3.75000  1.93000  2.09774  0.2208185E-03  0.4158730E-04  0.7672670E-04  0.1096145E-04  0.1380153E-03  0.3062585E-04  0.6076529E-05  0.0000000E+00  0.0000000E+00  0.0000000E+00
  2.85565  3.75000  1.93100  2.09874  0.2213615E-03  0.4174511E-04  0.7670833E-04  0.1096397E-04  0.1385719E-03  0.3078114E-04  0.6081289E-05  0.0000000E+00  0.0000000E+00  0.0000000E+00
  2.85638  3.75000  1.93200  2.09974  0.2219065E-03  0.4190350E-04  0.7668942E-04  0.1096641E-04  0.1391311E-03  0.3093709E-04  0.6086025E-05  0.0000000E+00  0.0000000E+00  0.0000000E+00
  2.85712  3.75000  1.93300  2.10074  0.2224531E-03  0.4206226E-04  0.7666997E-04  0.1096876E-04  0.1396924E-03  0.3109350E-04  0.6090736E-05  0.0000000E+00  0.0000000E+00  0.0000000E+00
  2.85785  3.75000  1.93400  2.10174  0.2229998E-03  0.4222141E-04  0.7664998E-04  0.1097103E-04  0.1402544E-03  0.3125037E-04  0.6095423E-05  0.0000000E+00  0.0000000E+00  0.0000000E+00
  2.85859  3.75000  1.93500  2.10274  0.2235477E-03  0.4238094E-04  0.7662945E-04  0.1097322E-04  0.1408182E-03  0.3140772E-04  0.6100085E-05  0.0000000E+00  0.0000000E+00  0.0000000E+00
  2.85932  3.75000  1.93600  2.10374  0.2240963E-03  0.4254087E-04  0.7660839E-04  0.1097533E-04  0.1413832E-03  0.3156553E-04  0.6104721E-05  0.0000000E+00  0.0000000E+00  0.0000000E+00
  2.86006  3.75000  1.93700  2.10474  0.2246455E-03  0.4270118E-04  0.7658680E-04  0.1097736E-04  0.1419494E-03  0.3172382E-04  0.6109332E-05  0.0000000E+00  0.0000000E+00  0.0000000E+00
  2.86079  3.75000  1.93800  2.10574  0.2251952E-03  0.4286187E-04  0.7656468E-04  0.1097930E-04  0.1425166E-03  0.3188257E-04  0.6113916E-05  0.0000000E+00  0.0000000E+00  0.0000000E+00
  2.86153  3.75000  1.93900  2.10674  0.2257454E-03  0.4302294E-04  0.7654202E-04  0.1098117E-04  0.1430849E-03  0.3204177E-04  0.6118474E-05  0.0000000E+00  0.0000000E+00  0.0000000E+00
  2.86227  3.75000  1.94000  2.10774  0.2262960E-03  0.4318439E-04  0.7651884E-04  0.1098295E-04  0.1436542E-03  0.3220144E-04  0.6123005E-05  0.0000000E+00  0.0000000E+00  0.0000000E+00
  2.86300  3.75000  1.94100  2.10874  0.2268471E-03  0.4334621E-04  0.7649513E-04  0.1098465E-04  0.1442245E-03  0.3236155E-04  0.6127508E-05  0.0000000E+00  0.0000000E+00  0.0000000E+00
  2.86374  3.75000  1.94200  2.10974  0.2273986E-03  0.4350839E-04  0.7647089E-04  0.1098627E-04  0.1447957E-03  0.3252212E-04  0.6131984E-05  0.0000000E+00  0.0000000E+00  0.0000000E+00
  2.86448  3.75000  1.94300  2.11074  0.2279505E-03  0.4367094E-04  0.7644613E-04  0.1098781E-04  0.1453680E-03  0.3268313E-04  0.6136433E-05  0.0000000E+00  0.0000000E+00  0.0000000E+00
  2.86521  3.75000  1.94400  2.11174  0.2285028E-03  0.4383385E-04  0.7642084E-04  0.1098927E-04  0.1459411E-03  0.3284457E-04  0.6140852E-05  0.0000000E+00  0.0000000E+00  0.0000000E+00
  2.86595  3.75000  1.94500  2.11274  0.2290554E-03  0.4399711E-04  0.7639503E-04  0.1099065E-04  0.1465151E-03  0.3300646E-04  0.6145243E-05  0.0000000E+00  0.0000000E+00  0.0000000E+00
  2.86669  3.75000  1.94600  2.11374  0.2296084E-03  0.4416073E-04  0.7636871E-04  0.1099195E-04  0.1470900E-03  0.3316878E-04  0.6149605E-05  0.0000000E+00  0.0000000E+00  0.0000000E+00
  2.86743  3.75000  1.94700  2.11474  0.2301616E-03  0.4432469E-04  0.7634187E-04  0.1099317E-04  0.1476658E-03  0.3333152E-04  0.6153938E-05  0.0000000E+00  0.0000000E+00  0.0000000E+00
  2.86816  3.75000  1.94800  2.11574  0.2307152E-03  0.4448900E-04  0.7631451E-04  0.1099430E-04  0.1482425E-03  0.3349470E-04  0.6158241E-05  0.0000000E+00  0.0000000E+00  0.0000000E+00
  2.86890  3.75000  1.94900  2.11674  0.2312691E-03  0.4465365E-04  0.7628663E-04  0.1099536E-04  0.1488199E-03  0.3365829E-04  0.6162514E-05  0.0000000E+00  0.0000000E+00  0.0000000E+00
  2.86964  3.75000  1.95000  2.11774  0.2318232E-03  0.4481864E-04  0.7625824E-04  0.1099634E-04  0.1493982E-03  0.3382230E-04  0.6166756E-05  0.0000000E+00  0.0000000E+00  0.0000000E+00
  2.87038  3.75000  1.95100  2.11874  0.2323776E-03  0.4498396E-04  0.7622934E-04  0.1099723E-04  0.1499772E-03  0.3398672E-04  0.6170968E-05  0.0000000E+00  0.0000000E+00  0.0000000E+00
  2.87112  3.75000  1.95200  2.11974  0.2329621E-03  0.4515731E-04  0.7619994E-04  0.1099805E-04  0.1505870E-03  0.3415925E-04  0.6175148E-05  0.0000000E+00  0.0000000E+00  0.0000000E+00
  2.87185  3.75000  1.95300  2.12074  0.2335257E-03  0.4532637E-04  0.7617002E-04  0.1099879E-04  0.1511763E-03  0.3432758E-04  0.6179297E-05  0.0000000E+00  0.0000000E+00  0.0000000E+00
  2.87259  3.75000  1.95400  2.12174  0.2340899E-03  0.4549600E-04  0.7613960E-04  0.1099945E-04  0.1517669E-03  0.3449655E-04  0.6183414E-05  0.0000000E+00  0.0000000E+00  0.0000000E+00
  2.87333  3.75000  1.95500  2.12274  0.2346563E-03  0.4566633E-04  0.7610867E-04  0.1100003E-04  0.1523601E-03  0.3466630E-04  0.6187499E-05  0.0000000E+00  0.0000000E+00  0.0000000E+00
  2.87407  3.75000  1.95600  2.12374  0.2352247E-03  0.4583712E-04  0.7607724E-04  0.1100053E-04  0.1529559E-03  0.3483660E-04  0.6191551E-05  0.0000000E+00  0.0000000E+00  0.0000000E+00
  2.87481  3.75000  1.95700  2.12474  0.2357931E-03  0.4600837E-04  0.7604531E-04  0.1100095E-04  0.1535522E-03  0.3500742E-04  0.6195570E-05  0.0000000E+00  0.0000000E+00  0.0000000E+00
  2.87555  3.75000  1.95800  2.12574  0.2363631E-03  0.4618007E-04  0.7601287E-04  0.1100129E-04  0.1541507E-03  0.3517877E-04  0.6199556E-05  0.0000000E+00  0.0000000E+00  0.0000000E+00
  2.87629  3.75000  1.95900  2.12674  0.2369338E-03  0.4635221E-04  0.7597995E-04  0.1100155E-04  0.1547504E-03  0.3535066E-04  0.6203509E-05  0.0000000E+00  0.0000000E+00  0.0000000E+00
  2.87703  3.75000  1.96000  2.12774  0.2375053E-03  0.4652480E-04  0.7594652E-04  0.1100174E-04  0.1553513E-03  0.3552306E-04  0.6207427E-05  0.0000000E+00  0.0000000E+00  0.0000000E+00
  2.87777  3.75000  1.96100  2.12874  0.2380773E-03  0.4669783E-04  0.7591260E-04  0.1100185E-04  0.1559534E-03  0.3569598E-04  0.6211312E-05  0.0000000E+00  0.0000000E+00  0.0000000E+00
  2.87851  3.75000  1.96200  2.12974  0.2386500E-03  0.4687129E-04  0.7587819E-04  0.1100188E-04  0.1565566E-03  0.3586941E-04  0.6215161E-05  0.0000000E+00  0.0000000E+00  0.0000000E+00
  2.87925  3.75000  1.96300  2.13074  0.2392232E-03  0.4704517E-04  0.7584329E-04  0.1100183E-04  0.1571609E-03  0.3604334E-04  0.6218976E-05  0.0000000E+00  0.0000000E+00  0.0000000E+00
  2.87999  3.75000  1.96400  2.13174  0.2397969E-03  0.4721947E-04  0.7580791E-04  0.1100170E-04  0.1577663E-03  0.3621777E-04  0.6222756E-05  0.0000000E+00  0.0000000E+00  0.0000000E+00
  2.88073  3.75000  1.96500  2.13274  0.2403712E-03  0.4739418E-04  0.7577203E-04  0.1100149E-04  0.1583727E-03  0.3639268E-04  0.6226499E-05  0.0000000E+00  0.0000000E+00  0.0000000E+00
  2.88147  3.75000  1.96600  2.13374  0.2409460E-03  0.4756930E-04  0.7573567E-04  0.1100121E-04  0.1589801E-03  0.3656809E-04  0.6230207E-05  0.0000000E+00  0.0000000E+00  0.0000000E+00
  2.88221  3.75000  1.96700  2.13474  0.2415212E-03  0.4774483E-04  0.7569883E-04  0.1100085E-04  0.1595885E-03  0.3674397E-04  0.6233879E-05  0.0000000E+00  0.0000000E+00  0.0000000E+00
  2.88295  3.75000  1.96800  2.13574  0.2420969E-03  0.4792075E-04  0.7566150E-04  0.1100042E-04  0.1601979E-03  0.3692034E-04  0.6237514E-05  0.0000000E+00  0.0000000E+00  0.0000000E+00
  2.88369  3.75000  1.96900  2.13674  0.2426730E-03  0.4809708E-04  0.7562370E-04  0.1099990E-04  0.1608082E-03  0.3709717E-04  0.6241113E-05  0.0000000E+00  0.0000000E+00  0.0000000E+00
  2.88443  3.75000  1.97000  2.13774  0.2432496E-03  0.4827379E-04  0.7558542E-04  0.1099931E-04  0.1614195E-03  0.3727448E-04  0.6244674E-05  0.0000000E+00  0.0000000E+00  0.0000000E+00
  2.88517  3.75000  1.97100  2.13874  0.2438266E-03  0.4845089E-04  0.7554667E-04  0.1099865E-04  0.1620317E-03  0.3745225E-04  0.6248197E-05  0.0000000E+00  0.0000000E+00  0.0000000E+00
  2.88591  3.75000  1.97200  2.13974  0.2444039E-03  0.4862838E-04  0.7550744E-04  0.1099790E-04  0.1626448E-03  0.3763048E-04  0.6251683E-05  0.0000000E+00  0.0000000E+00  0.0000000E+00
  2.88665  3.75000  1.97300  2.14074  0.2449816E-03  0.4880625E-04  0.7546774E-04  0.1099709E-04  0.1632587E-03  0.3780916E-04  0.6255130E-05  0.0000000E+00  0.0000000E+00  0.0000000E+00
  2.88740  3.75000  1.97400  2.14174  0.2455597E-03  0.4898449E-04  0.7542757E-04  0.1099619E-04  0.1638736E-03  0.3798830E-04  0.6258539E-05  0.0000000E+00  0.0000000E+00  0.0000000E+00
  2.88814  3.75000  1.97500  2.14274  0.2461380E-03  0.4916311E-04  0.7538694E-04  0.1099522E-04  0.1644892E-03  0.3816789E-04  0.6261909E-05  0.0000000E+00  0.0000000E+00  0.0000000E+00
  2.88888  3.75000  1.97600  2.14374  0.2467167E-03  0.4934209E-04  0.7534584E-04  0.1099417E-04  0.1651056E-03  0.3834792E-04  0.6265241E-05  0.0000000E+00  0.0000000E+00  0.0000000E+00
  2.88962  3.75000  1.97700  2.14474  0.2472957E-03  0.4952144E-04  0.7530427E-04  0.1099305E-04  0.1657229E-03  0.3852839E-04  0.6268532E-05  0.0000000E+00  0.0000000E+00  0.0000000E+00
  2.89036  3.75000  1.97800  2.14574  0.2479009E-03  0.4970746E-04  0.7526225E-04  0.1099186E-04  0.1663669E-03  0.3871561E-04  0.6271784E-05  0.0000000E+00  0.0000000E+00  0.0000000E+00
  2.89111  3.75000  1.97900  2.14674  0.2484919E-03  0.4989072E-04  0.7521976E-04  0.1099058E-04  0.1669972E-03  0.3890014E-04  0.6274996E-05  0.0000000E+00  0.0000000E+00  0.0000000E+00
  2.89185  3.75000  1.98000  2.14774  0.2490831E-03  0.5007456E-04  0.7517682E-04  0.1098924E-04  0.1676281E-03  0.3908532E-04  0.6278168E-05  0.0000000E+00  0.0000000E+00  0.0000000E+00
  2.89259  3.75000  1.98100  2.14874  0.2496759E-03  0.5025898E-04  0.7513342E-04  0.1098782E-04  0.1682612E-03  0.3927116E-04  0.6281300E-05  0.0000000E+00  0.0000000E+00  0.0000000E+00
  2.89334  3.75000  1.98200  2.14974  0.2502698E-03  0.5044394E-04  0.7508957E-04  0.1098632E-04  0.1688958E-03  0.3945762E-04  0.6284390E-05  0.0000000E+00  0.0000000E+00  0.0000000E+00
  2.89408  3.75000  1.98300  2.15074  0.2508645E-03  0.5062944E-04  0.7504527E-04  0.1098475E-04  0.1695318E-03  0.3964468E-04  0.6287439E-05  0.0000000E+00  0.0000000E+00  0.0000000E+00
  2.89482  3.75000  1.98400  2.15174  0.2514599E-03  0.5081545E-04  0.7500052E-04  0.1098311E-04  0.1701690E-03  0.3983233E-04  0.6290447E-05  0.0000000E+00  0.0000000E+00  0.0000000E+00
  2.89556  3.75000  1.98500  2.15274  0.2520561E-03  0.5100195E-04  0.7495532E-04  0.1098139E-04  0.1708074E-03  0.4002056E-04  0.6293414E-05  0.0000000E+00  0.0000000E+00  0.0000000E+00
  2.89631  3.75000  1.98600  2.15374  0.2526530E-03  0.5118895E-04  0.7490968E-04  0.1097960E-04  0.1714470E-03  0.4020935E-04  0.6296338E-05  0.0000000E+00  0.0000000E+00  0.0000000E+00
  2.89705  3.75000  1.98700  2.15474  0.2532505E-03  0.5137643E-04  0.7486359E-04  0.1097774E-04  0.1720877E-03  0.4039869E-04  0.6299220E-05  0.0000000E+00  0.0000000E+00  0.0000000E+00
  2.89780  3.75000  1.98800  2.15574  0.2538487E-03  0.5156438E-04  0.7481707E-04  0.1097581E-04  0.1727295E-03  0.4058858E-04  0.6302060E-05  0.0000000E+00  0.0000000E+00  0.0000000E+00
  2.89854  3.75000  1.98900  2.15674  0.2544474E-03  0.5175280E-04  0.7477010E-04  0.1097380E-04  0.1733725E-03  0.4077900E-04  0.6304857E-05  0.0000000E+00  0.0000000E+00  0.0000000E+00
  2.89928  3.75000  1.99000  2.15774  0.2550468E-03  0.5194167E-04  0.7472270E-04  0.1097172E-04  0.1740165E-03  0.4096995E-04  0.6307611E-05  0.0000000E+00  0.0000000E+00  0.0000000E+00
  2.90003  3.75000  1.99100  2.15874  0.2556468E-03  0.5213099E-04  0.7467487E-04  0.1096956E-04  0.1746616E-03  0.4116143E-04  0.6310322E-05  0.0000000E+00  0.0000000E+00  0.0000000E+00
  2.90077  3.75000  1.99200  2.15974  0.2562472E-03  0.5232077E-04  0.7462660E-04  0.1096734E-04  0.1753077E-03  0.4135343E-04  0.6312989E-05  0.0000000E+00  0.0000000E+00  0.0000000E+00
  2.90152  3.75000  1.99300  2.16074  0.2568483E-03  0.5251098E-04  0.7457790E-04  0.1096504E-04  0.1759548E-03  0.4154594E-04  0.6315612E-05  0.0000000E+00  0.0000000E+00  0.0000000E+00
  2.90226  3.75000  1.99400  2.16174  0.2574498E-03  0.5270163E-04  0.7452878E-04  0.1096267E-04  0.1766028E-03  0.4173896E-04  0.6318192E-05  0.0000000E+00  0.0000000E+00  0.0000000E+00
  2.90301  3.75000  1.99500  2.16274  0.2580518E-03  0.5289271E-04  0.7447923E-04  0.1096023E-04  0.1772519E-03  0.4193248E-04  0.6320727E-05  0.0000000E+00  0.0000000E+00  0.0000000E+00
  2.90375  3.75000  1.99600  2.16374  0.2586544E-03  0.5308422E-04  0.7442925E-04  0.1095772E-04  0.1779019E-03  0.4212650E-04  0.6323218E-05  0.0000000E+00  0.0000000E+00  0.0000000E+00
  2.90450  3.75000  1.99700  2.16474  0.2592573E-03  0.5327616E-04  0.7437886E-04  0.1095514E-04  0.1785528E-03  0.4232102E-04  0.6325664E-05  0.0000000E+00  0.0000000E+00  0.0000000E+00
  2.90524  3.75000  1.99800  2.16574  0.2598607E-03  0.5346851E-04  0.7432804E-04  0.1095249E-04  0.1792046E-03  0.4251603E-04  0.6328065E-05  0.0000000E+00  0.0000000E+00  0.0000000E+00
  2.90599  3.75000  1.99900  2.16674  0.2604646E-03  0.5366128E-04  0.7427681E-04  0.1094976E-04  0.1798573E-03  0.4271152E-04  0.6330421E-05  0.0000000E+00  0.0000000E+00  0.0000000E+00
  2.90673  3.75000  2.00000  2.16774  0.2610688E-03  0.5385446E-04  0.7422516E-04  0.1094697E-04  0.1805109E-03  0.4290749E-04  0.6332732E-05  0.0000000E+00  0.0000000E+00  0.0000000E+00
  2.90748  3.75000  2.00100  2.16874  0.2616734E-03  0.5404805E-04  0.7417310E-04  0.1094411E-04  0.1811653E-03  0.4310394E-04  0.6334997E-05  0.0000000E+00  0.0000000E+00  0.0000000E+00
  2.90823  3.75000  2.00200  2.16974  0.2622807E-03  0.5424229E-04  0.7412064E-04  0.1094118E-04  0.1818229E-03  0.4330111E-04  0.6337217E-05  0.0000000E+00  0.0000000E+00  0.0000000E+00
  2.90897  3.75000  2.00300  2.17074  0.2628894E-03  0.5443683E-04  0.7406776E-04  0.1093818E-04  0.1824823E-03  0.4349865E-04  0.6339390E-05  0.0000000E+00  0.0000000E+00  0.0000000E+00
  2.90972  3.75000  2.00400  2.17174  0.2634978E-03  0.5463172E-04  0.7401447E-04  0.1093511E-04  0.1831418E-03  0.4369662E-04  0.6341518E-05  0.0000000E+00  0.0000000E+00  0.0000000E+00
  2.91046  3.75000  2.00500  2.17274  0.2641333E-03  0.5483347E-04  0.7396079E-04  0.1093197E-04  0.1838289E-03  0.4390150E-04  0.6343599E-05  0.0000000E+00  0.0000000E+00  0.0000000E+00
  2.91121  3.75000  2.00600  2.17374  0.2647522E-03  0.5503224E-04  0.7390670E-04  0.1092876E-04  0.1844998E-03  0.4410348E-04  0.6345633E-05  0.0000000E+00  0.0000000E+00  0.0000000E+00
  2.91196  3.75000  2.00700  2.17474  0.2653720E-03  0.5523170E-04  0.7385221E-04  0.1092548E-04  0.1851721E-03  0.4430622E-04  0.6347621E-05  0.0000000E+00  0.0000000E+00  0.0000000E+00
  2.91271  3.75000  2.00800  2.17574  0.2659927E-03  0.5543179E-04  0.7379733E-04  0.1092214E-04  0.1858458E-03  0.4450965E-04  0.6349562E-05  0.0000000E+00  0.0000000E+00  0.0000000E+00
  2.91345  3.75000  2.00900  2.17674  0.2666143E-03  0.5563248E-04  0.7374205E-04  0.1091873E-04  0.1865208E-03  0.4471376E-04  0.6351455E-05  0.0000000E+00  0.0000000E+00  0.0000000E+00
  2.91420  3.75000  2.01000  2.17774  0.2672367E-03  0.5583375E-04  0.7368638E-04  0.1091525E-04  0.1871970E-03  0.4491851E-04  0.6353302E-05  0.0000000E+00  0.0000000E+00  0.0000000E+00
  2.91495  3.75000  2.01100  2.17874  0.2678598E-03  0.5603558E-04  0.7363032E-04  0.1091170E-04  0.1878744E-03  0.4512388E-04  0.6355101E-05  0.0000000E+00  0.0000000E+00  0.0000000E+00
  2.91569  3.75000  2.01200  2.17974  0.2684837E-03  0.5623795E-04  0.7357387E-04  0.1090809E-04  0.1885530E-03  0.4532987E-04  0.6356852E-05  0.0000000E+00  0.0000000E+00  0.0000000E+00
  2.91644  3.75000  2.01300  2.18074  0.2691083E-03  0.5644085E-04  0.7351703E-04  0.1090440E-04  0.1892328E-03  0.4553645E-04  0.6358556E-05  0.0000000E+00  0.0000000E+00  0.0000000E+00
  2.91719  3.75000  2.01400  2.18174  0.2697337E-03  0.5664427E-04  0.7345982E-04  0.1090066E-04  0.1899136E-03  0.4574361E-04  0.6360212E-05  0.0000000E+00  0.0000000E+00  0.0000000E+00
  2.91794  3.75000  2.01500  2.18274  0.2703597E-03  0.5684820E-04  0.7340222E-04  0.1089685E-04  0.1905956E-03  0.4595135E-04  0.6361820E-05  0.0000000E+00  0.0000000E+00  0.0000000E+00
  2.91869  3.75000  2.01600  2.18374  0.2709864E-03  0.5705263E-04  0.7334424E-04  0.1089297E-04  0.1912787E-03  0.4615966E-04  0.6363379E-05  0.0000000E+00  0.0000000E+00  0.0000000E+00
  2.91943  3.75000  2.01700  2.18474  0.2716137E-03  0.5725755E-04  0.7328589E-04  0.1088902E-04  0.1919629E-03  0.4636853E-04  0.6364891E-05  0.0000000E+00  0.0000000E+00  0.0000000E+00
  2.92018  3.75000  2.01800  2.18574  0.2722416E-03  0.5746296E-04  0.7322716E-04  0.1088501E-04  0.1926481E-03  0.4657795E-04  0.6366354E-05  0.0000000E+00  0.0000000E+00  0.0000000E+00
  2.92093  3.75000  2.01900  2.18674  0.2728701E-03  0.5766886E-04  0.7316806E-04  0.1088094E-04  0.1933343E-03  0.4678792E-04  0.6367768E-05  0.0000000E+00  0.0000000E+00  0.0000000E+00
  2.92168  3.75000  2.02000  2.18774  0.2734992E-03  0.5787523E-04  0.7310859E-04  0.1087680E-04  0.1940215E-03  0.4699844E-04  0.6369134E-05  0.0000000E+00  0.0000000E+00  0.0000000E+00
  2.92243  3.75000  2.02100  2.18874  0.2741289E-03  0.5808208E-04  0.7304875E-04  0.1087259E-04  0.1947097E-03  0.4720949E-04  0.6370450E-05  0.0000000E+00  0.0000000E+00  0.0000000E+00
  2.92318  3.75000  2.02200  2.18974  0.2747592E-03  0.5828939E-04  0.7298855E-04  0.1086832E-04  0.1953989E-03  0.4742107E-04  0.6371718E-05  0.0000000E+00  0.0000000E+00  0.0000000E+00
  2.92393  3.75000  2.02300  2.19074  0.2753899E-03  0.5849717E-04  0.7292799E-04  0.1086399E-04  0.1960890E-03  0.4763317E-04  0.6372937E-05  0.0000000E+00  0.0000000E+00  0.0000000E+00
  2.92468  3.75000  2.02400  2.19174  0.2760212E-03  0.5870540E-04  0.7286707E-04  0.1085960E-04  0.1967800E-03  0.4784580E-04  0.6374107E-05  0.0000000E+00  0.0000000E+00  0.0000000E+00
  2.92543  3.75000  2.02500  2.19274  0.2766529E-03  0.5891409E-04  0.7280578E-04  0.1085514E-04  0.1974719E-03  0.4805895E-04  0.6375228E-05  0.0000000E+00  0.0000000E+00  0.0000000E+00
  2.92618  3.75000  2.02600  2.19374  0.2772884E-03  0.5912354E-04  0.7274415E-04  0.1085061E-04  0.1981679E-03  0.4827293E-04  0.6376299E-05  0.0000000E+00  0.0000000E+00  0.0000000E+00
  2.92692  3.75000  2.02700  2.19474  0.2779248E-03  0.5933328E-04  0.7268216E-04  0.1084603E-04  0.1988653E-03  0.4848725E-04  0.6377321E-05  0.0000000E+00  0.0000000E+00  0.0000000E+00
  2.92767  3.75000  2.02800  2.19574  0.2785610E-03  0.5954342E-04  0.7261982E-04  0.1084138E-04  0.1995629E-03  0.4870204E-04  0.6378293E-05  0.0000000E+00  0.0000000E+00  0.0000000E+00
  2.92842  3.75000  2.02900  2.19674  0.2791988E-03  0.5975399E-04  0.7255713E-04  0.1083667E-04  0.2002625E-03  0.4891731E-04  0.6379216E-05  0.0000000E+00  0.0000000E+00  0.0000000E+00
  2.92918  3.75000  2.03000  2.19774  0.2798372E-03  0.5996497E-04  0.7249409E-04  0.1083190E-04  0.2009631E-03  0.4913307E-04  0.6380089E-05  0.0000000E+00  0.0000000E+00  0.0000000E+00
  2.92993  3.75000  2.03100  2.19874  0.2804762E-03  0.6017637E-04  0.7243072E-04  0.1082706E-04  0.2016645E-03  0.4934931E-04  0.6380913E-05  0.0000000E+00  0.0000000E+00  0.0000000E+00
  2.93068  3.75000  2.03200  2.19974  0.2811155E-03  0.6038819E-04  0.7236699E-04  0.1082217E-04  0.2023669E-03  0.4956603E-04  0.6381687E-05  0.0000000E+00  0.0000000E+00  0.0000000E+00
  2.93143  3.75000  2.03300  2.20074  0.2817866E-03  0.6060916E-04  0.7230294E-04  0.1081721E-04  0.2031013E-03  0.4979194E-04  0.6382411E-05  0.0000000E+00  0.0000000E+00  0.0000000E+00
  2.93218  3.75000  2.03400  2.20174  0.2824357E-03  0.6082525E-04  0.7223854E-04  0.1081220E-04  0.2038141E-03  0.5001305E-04  0.6383085E-05  0.0000000E+00  0.0000000E+00  0.0000000E+00
  2.93293  3.75000  2.03500  2.20274  0.2830858E-03  0.6104205E-04  0.7217381E-04  0.1080712E-04  0.2045283E-03  0.5023493E-04  0.6383709E-05  0.0000000E+00  0.0000000E+00  0.0000000E+00
  2.93368  3.75000  2.03600  2.20374  0.2837367E-03  0.6125950E-04  0.7210875E-04  0.1080198E-04  0.2052437E-03  0.5045752E-04  0.6384284E-05  0.0000000E+00  0.0000000E+00  0.0000000E+00
  2.93443  3.75000  2.03700  2.20474  0.2843885E-03  0.6147758E-04  0.7204336E-04  0.1079678E-04  0.2059604E-03  0.5068080E-04  0.6384808E-05  0.0000000E+00  0.0000000E+00  0.0000000E+00
  2.93518  3.75000  2.03800  2.20574  0.2850412E-03  0.6169627E-04  0.7197764E-04  0.1079153E-04  0.2066783E-03  0.5090475E-04  0.6385283E-05  0.0000000E+00  0.0000000E+00  0.0000000E+00
  2.93593  3.75000  2.03900  2.20674  0.2856946E-03  0.6191555E-04  0.7191159E-04  0.1078621E-04  0.2073973E-03  0.5112934E-04  0.6385707E-05  0.0000000E+00  0.0000000E+00  0.0000000E+00
  2.93669  3.75000  2.04000  2.20774  0.2863489E-03  0.6213540E-04  0.7184523E-04  0.1078084E-04  0.2081176E-03  0.5135457E-04  0.6386082E-05  0.0000000E+00  0.0000000E+00  0.0000000E+00
  2.93744  3.75000  2.04100  2.20874  0.2870039E-03  0.6235582E-04  0.7177854E-04  0.1077540E-04  0.2088389E-03  0.5158042E-04  0.6386406E-05  0.0000000E+00  0.0000000E+00  0.0000000E+00
  2.93819  3.75000  2.04200  2.20974  0.2876596E-03  0.6257678E-04  0.7171154E-04  0.1076991E-04  0.2095614E-03  0.5180688E-04  0.6386681E-05  0.0000000E+00  0.0000000E+00  0.0000000E+00
  2.93894  3.75000  2.04300  2.21074  0.2883160E-03  0.6279829E-04  0.7164422E-04  0.1076436E-04  0.2102849E-03  0.5203394E-04  0.6386905E-05  0.0000000E+00  0.0000000E+00  0.0000000E+00
  2.93969  3.75000  2.04400  2.21174  0.2889732E-03  0.6302034E-04  0.7157658E-04  0.1075875E-04  0.2110095E-03  0.5226159E-04  0.6387080E-05  0.0000000E+00  0.0000000E+00  0.0000000E+00
  2.94045  3.75000  2.04500  2.21274  0.2896310E-03  0.6324291E-04  0.7150864E-04  0.1075308E-04  0.2117352E-03  0.5248983E-04  0.6387205E-05  0.0000000E+00  0.0000000E+00  0.0000000E+00
  2.94120  3.75000  2.04600  2.21374  0.2902895E-03  0.6346601E-04  0.7144039E-04  0.1074736E-04  0.2124618E-03  0.5271865E-04  0.6387279E-05  0.0000000E+00  0.0000000E+00  0.0000000E+00
  2.94195  3.75000  2.04700  2.21474  0.2909486E-03  0.6368962E-04  0.7137183E-04  0.1074158E-04  0.2131895E-03  0.5294804E-04  0.6387304E-05  0.0000000E+00  0.0000000E+00  0.0000000E+00
  2.94270  3.75000  2.04800  2.21574  0.2916084E-03  0.6391374E-04  0.7130297E-04  0.1073574E-04  0.2139181E-03  0.5317799E-04  0.6387279E-05  0.0000000E+00  0.0000000E+00  0.0000000E+00
  2.94346  3.75000  2.04900  2.21674  0.2922687E-03  0.6413836E-04  0.7123381E-04  0.1072985E-04  0.2146477E-03  0.5340851E-04  0.6387203E-05  0.0000000E+00  0.0000000E+00  0.0000000E+00
  2.94421  3.75000  2.05000  2.21774  0.2929328E-03  0.6436383E-04  0.7116434E-04  0.1072390E-04  0.2153814E-03  0.5363992E-04  0.6387079E-05  0.0000000E+00  0.0000000E+00  0.0000000E+00
  2.94496  3.75000  2.05100  2.21874  0.2935984E-03  0.6458963E-04  0.7109459E-04  0.1071790E-04  0.2161169E-03  0.5387174E-04  0.6386904E-05  0.0000000E+00  0.0000000E+00  0.0000000E+00
  2.94572  3.75000  2.05200  2.21974  0.2942638E-03  0.6481589E-04  0.7102453E-04  0.1071184E-04  0.2168526E-03  0.5410405E-04  0.6386679E-05  0.0000000E+00  0.0000000E+00  0.0000000E+00
  2.94647  3.75000  2.05300  2.22074  0.2949311E-03  0.6504260E-04  0.7095419E-04  0.1070572E-04  0.2175905E-03  0.5433688E-04  0.6386405E-05  0.0000000E+00  0.0000000E+00  0.0000000E+00
  2.94722  3.75000  2.05400  2.22174  0.2955992E-03  0.6526978E-04  0.7088356E-04  0.1069955E-04  0.2183296E-03  0.5457023E-04  0.6386081E-05  0.0000000E+00  0.0000000E+00  0.0000000E+00
  2.94798  3.75000  2.05500  2.22274  0.2962679E-03  0.6549744E-04  0.7081264E-04  0.1069333E-04  0.2190695E-03  0.5480411E-04  0.6385708E-05  0.0000000E+00  0.0000000E+00  0.0000000E+00
  2.94873  3.75000  2.05600  2.22374  0.2969371E-03  0.6572555E-04  0.7074143E-04  0.1068705E-04  0.2198104E-03  0.5503850E-04  0.6385285E-05  0.0000000E+00  0.0000000E+00  0.0000000E+00
  2.94949  3.75000  2.05700  2.22474  0.2976069E-03  0.6595413E-04  0.7066994E-04  0.1068072E-04  0.2205522E-03  0.5527342E-04  0.6384813E-05  0.0000000E+00  0.0000000E+00  0.0000000E+00
  2.95024  3.75000  2.05800  2.22574  0.2982772E-03  0.6618318E-04  0.7059818E-04  0.1067433E-04  0.2212947E-03  0.5550884E-04  0.6384292E-05  0.0000000E+00  0.0000000E+00  0.0000000E+00
  2.95100  3.75000  2.05900  2.22674  0.2989480E-03  0.6641268E-04  0.7052613E-04  0.1066789E-04  0.2220381E-03  0.5574478E-04  0.6383721E-05  0.0000000E+00  0.0000000E+00  0.0000000E+00
  2.95175  3.75000  2.06000  2.22774  0.2996443E-03  0.6664920E-04  0.7045381E-04  0.1066140E-04  0.2228074E-03  0.5598780E-04  0.6383101E-05  0.0000000E+00  0.0000000E+00  0.0000000E+00
  2.95251  3.75000  2.06100  2.22874  0.3003244E-03  0.6688289E-04  0.7038122E-04  0.1065486E-04  0.2235608E-03  0.5622803E-04  0.6382432E-05  0.0000000E+00  0.0000000E+00  0.0000000E+00
  2.95326  3.75000  2.06200  2.22974  0.3010056E-03  0.6711737E-04  0.7030835E-04  0.1064826E-04  0.2243156E-03  0.5646911E-04  0.6381714E-05  0.0000000E+00  0.0000000E+00  0.0000000E+00
  2.95402  3.75000  2.06300  2.23074  0.3016878E-03  0.6735259E-04  0.7023522E-04  0.1064161E-04  0.2250716E-03  0.5671098E-04  0.6380948E-05  0.0000000E+00  0.0000000E+00  0.0000000E+00
  2.95477  3.75000  2.06400  2.23174  0.3023709E-03  0.6758850E-04  0.7016182E-04  0.1063491E-04  0.2258289E-03  0.5695359E-04  0.6380132E-05  0.0000000E+00  0.0000000E+00  0.0000000E+00
  2.95553  3.75000  2.06500  2.23274  0.3030548E-03  0.6782508E-04  0.7008816E-04  0.1062816E-04  0.2265874E-03  0.5719692E-04  0.6379269E-05  0.0000000E+00  0.0000000E+00  0.0000000E+00
  2.95628  3.75000  2.06600  2.23374  0.3037397E-03  0.6806230E-04  0.7001424E-04  0.1062136E-04  0.2273471E-03  0.5744094E-04  0.6378356E-05  0.0000000E+00  0.0000000E+00  0.0000000E+00
  2.95704  3.75000  2.06700  2.23474  0.3044254E-03  0.6830014E-04  0.6994006E-04  0.1061450E-04  0.2281080E-03  0.5768564E-04  0.6377396E-05  0.0000000E+00  0.0000000E+00  0.0000000E+00
  2.95779  3.75000  2.06800  2.23574  0.3051119E-03  0.6853860E-04  0.6986562E-04  0.1060760E-04  0.2288699E-03  0.5793100E-04  0.6376387E-05  0.0000000E+00  0.0000000E+00  0.0000000E+00
  2.95855  3.75000  2.06900  2.23674  0.3057993E-03  0.6877766E-04  0.6979092E-04  0.1060065E-04  0.2296330E-03  0.5817701E-04  0.6375330E-05  0.0000000E+00  0.0000000E+00  0.0000000E+00
  2.95931  3.75000  2.07000  2.23774  0.3064874E-03  0.6901730E-04  0.6971598E-04  0.1059364E-04  0.2303972E-03  0.5842366E-04  0.6374225E-05  0.0000000E+00  0.0000000E+00  0.0000000E+00
  2.96006  3.75000  2.07100  2.23874  0.3071763E-03  0.6925753E-04  0.6964079E-04  0.1058659E-04  0.2311625E-03  0.5867094E-04  0.6373072E-05  0.0000000E+00  0.0000000E+00  0.0000000E+00
  2.96082  3.75000  2.07200  2.23974  0.3078660E-03  0.6949832E-04  0.6956535E-04  0.1057949E-04  0.2319287E-03  0.5891883E-04  0.6371872E-05  0.0000000E+00  0.0000000E+00  0.0000000E+00
  2.96157  3.75000  2.07300  2.24074  0.3085563E-03  0.6973968E-04  0.6948966E-04  0.1057234E-04  0.2326961E-03  0.5916734E-04  0.6370625E-05  0.0000000E+00  0.0000000E+00  0.0000000E+00
  2.96233  3.75000  2.07400  2.24174  0.3092490E-03  0.6998185E-04  0.6941373E-04  0.1056514E-04  0.2334660E-03  0.5941671E-04  0.6369330E-05  0.0000000E+00  0.0000000E+00  0.0000000E+00
  2.96309  3.75000  2.07500  2.24274  0.3099454E-03  0.7022458E-04  0.6933756E-04  0.1055789E-04  0.2342398E-03  0.5966669E-04  0.6367988E-05  0.0000000E+00  0.0000000E+00  0.0000000E+00
  2.96384  3.75000  2.07600  2.24374  0.3106414E-03  0.7046777E-04  0.6926115E-04  0.1055059E-04  0.2350136E-03  0.5991718E-04  0.6366599E-05  0.0000000E+00  0.0000000E+00  0.0000000E+00
  2.96460  3.75000  2.07700  2.24474  0.3113394E-03  0.7071146E-04  0.6918451E-04  0.1054325E-04  0.2357898E-03  0.6016821E-04  0.6365163E-05  0.0000000E+00  0.0000000E+00  0.0000000E+00
  2.96536  3.75000  2.07800  2.24574  0.3120385E-03  0.7095568E-04  0.6910764E-04  0.1053586E-04  0.2365672E-03  0.6041982E-04  0.6363681E-05  0.0000000E+00  0.0000000E+00  0.0000000E+00
  2.96612  3.75000  2.07900  2.24674  0.3127384E-03  0.7120041E-04  0.6903053E-04  0.1052842E-04  0.2373457E-03  0.6067198E-04  0.6362153E-05  0.0000000E+00  0.0000000E+00  0.0000000E+00
  2.96687  3.75000  2.08000  2.24774  0.3134390E-03  0.7144565E-04  0.6895319E-04  0.1052094E-04  0.2381252E-03  0.6092471E-04  0.6360578E-05  0.0000000E+00  0.0000000E+00  0.0000000E+00
  2.96763  3.75000  2.08100  2.24874  0.3141403E-03  0.7169141E-04  0.6887563E-04  0.1051341E-04  0.2389057E-03  0.6117801E-04  0.6358957E-05  0.0000000E+00  0.0000000E+00  0.0000000E+00
  2.96839  3.75000  2.08200  2.24974  0.3148421E-03  0.7193768E-04  0.6879785E-04  0.1050583E-04  0.2396870E-03  0.6143185E-04  0.6357291E-05  0.0000000E+00  0.0000000E+00  0.0000000E+00
  2.96915  3.75000  2.08300  2.25074  0.3155446E-03  0.7218446E-04  0.6871984E-04  0.1049821E-04  0.2404692E-03  0.6168625E-04  0.6355579E-05  0.0000000E+00  0.0000000E+00  0.0000000E+00
  2.96991  3.75000  2.08400  2.25174  0.3162477E-03  0.7243174E-04  0.6864161E-04  0.1049054E-04  0.2412523E-03  0.6194120E-04  0.6353821E-05  0.0000000E+00  0.0000000E+00  0.0000000E+00
  2.97066  3.75000  2.08500  2.25274  0.3169513E-03  0.7267953E-04  0.6856316E-04  0.1048283E-04  0.2420361E-03  0.6219670E-04  0.6352019E-05  0.0000000E+00  0.0000000E+00  0.0000000E+00
  2.97142  3.75000  2.08600  2.25374  0.3176555E-03  0.7292781E-04  0.6848450E-04  0.1047507E-04  0.2428208E-03  0.6245274E-04  0.6350171E-05  0.0000000E+00  0.0000000E+00  0.0000000E+00
  2.97218  3.75000  2.08700  2.25474  0.3183602E-03  0.7317659E-04  0.6840563E-04  0.1046727E-04  0.2436063E-03  0.6270932E-04  0.6348279E-05  0.0000000E+00  0.0000000E+00  0.0000000E+00
  2.97294  3.75000  2.08800  2.25574  0.3190893E-03  0.7343215E-04  0.6832655E-04  0.1045942E-04  0.2444164E-03  0.6297272E-04  0.6346342E-05  0.0000000E+00  0.0000000E+00  0.0000000E+00
  2.97370  3.75000  2.08900  2.25674  0.3198034E-03  0.7368521E-04  0.6824725E-04  0.1045153E-04  0.2452117E-03  0.6323368E-04  0.6344361E-05  0.0000000E+00  0.0000000E+00  0.0000000E+00
  2.97446  3.75000  2.09000  2.25774  0.3205185E-03  0.7393913E-04  0.6816776E-04  0.1044360E-04  0.2460084E-03  0.6349553E-04  0.6342336E-05  0.0000000E+00  0.0000000E+00  0.0000000E+00
  2.97522  3.75000  2.09100  2.25874  0.3212346E-03  0.7419383E-04  0.6808805E-04  0.1043562E-04  0.2468063E-03  0.6375821E-04  0.6340268E-05  0.0000000E+00  0.0000000E+00  0.0000000E+00
  2.97598  3.75000  2.09200  2.25974  0.3219518E-03  0.7444927E-04  0.6800815E-04  0.1042760E-04  0.2476055E-03  0.6402167E-04  0.6338155E-05  0.0000000E+00  0.0000000E+00  0.0000000E+00
  2.97674  3.75000  2.09300  2.26074  0.3226699E-03  0.7470543E-04  0.6792805E-04  0.1041954E-04  0.2484058E-03  0.6428589E-04  0.6336000E-05  0.0000000E+00  0.0000000E+00  0.0000000E+00
  2.97749  3.75000  2.09400  2.26174  0.3233889E-03  0.7496227E-04  0.6784775E-04  0.1041144E-04  0.2492074E-03  0.6455084E-04  0.6333801E-05  0.0000000E+00  0.0000000E+00  0.0000000E+00
  2.97825  3.75000  2.09500  2.26274  0.3241089E-03  0.7521979E-04  0.6776725E-04  0.1040329E-04  0.2500100E-03  0.6481650E-04  0.6331560E-05  0.0000000E+00  0.0000000E+00  0.0000000E+00
  2.97901  3.75000  2.09600  2.26374  0.3248297E-03  0.7547795E-04  0.6768657E-04  0.1039510E-04  0.2508138E-03  0.6508285E-04  0.6329276E-05  0.0000000E+00  0.0000000E+00  0.0000000E+00
  2.97977  3.75000  2.09700  2.26474  0.3255513E-03  0.7573676E-04  0.6760569E-04  0.1038687E-04  0.2516187E-03  0.6534988E-04  0.6326950E-05  0.0000000E+00  0.0000000E+00  0.0000000E+00
  2.98053  3.75000  2.09800  2.26574  0.3262739E-03  0.7599619E-04  0.6752462E-04  0.1037860E-04  0.2524247E-03  0.6561759E-04  0.6324582E-05  0.0000000E+00  0.0000000E+00  0.0000000E+00
  2.98129  3.75000  2.09900  2.26674  0.3270006E-03  0.7625665E-04  0.6744337E-04  0.1037029E-04  0.2532350E-03  0.6588635E-04  0.6322173E-05  0.0000000E+00  0.0000000E+00  0.0000000E+00
  2.98205  3.75000  2.10000  2.26774  0.3277296E-03  0.7651755E-04  0.6736193E-04  0.1036194E-04  0.2540480E-03  0.6615561E-04  0.6319722E-05  0.0000000E+00  0.0000000E+00  0.0000000E+00
  2.98282  3.75000  2.10100  2.26874  0.3284585E-03  0.7677900E-04  0.6728031E-04  0.1035355E-04  0.2548610E-03  0.6642545E-04  0.6317229E-05  0.0000000E+00  0.0000000E+00  0.0000000E+00
  2.98358  3.75000  2.10200  2.26974  0.3291898E-03  0.7704101E-04  0.6719852E-04  0.1034512E-04  0.2556766E-03  0.6669589E-04  0.6314696E-05  0.0000000E+00  0.0000000E+00  0.0000000E+00
  2.98434  3.75000  2.10300  2.27074  0.3299221E-03  0.7730359E-04  0.6711654E-04  0.1033665E-04  0.2564935E-03  0.6696695E-04  0.6312123E-05  0.0000000E+00  0.0000000E+00  0.0000000E+00
  2.98510  3.75000  2.10400  2.27174  0.3306554E-03  0.7756675E-04  0.6703439E-04  0.1032814E-04  0.2573115E-03  0.6723861E-04  0.6309509E-05  0.0000000E+00  0.0000000E+00  0.0000000E+00
  2.98586  3.75000  2.10500  2.27274  0.3313894E-03  0.7783047E-04  0.6695207E-04  0.1031959E-04  0.2581305E-03  0.6751089E-04  0.6306854E-05  0.0000000E+00  0.0000000E+00  0.0000000E+00
  2.98662  3.75000  2.10600  2.27374  0.3321242E-03  0.7809476E-04  0.6686957E-04  0.1031100E-04  0.2589505E-03  0.6778376E-04  0.6304161E-05  0.0000000E+00  0.0000000E+00  0.0000000E+00
  2.98738  3.75000  2.10700  2.27474  0.3328598E-03  0.7835961E-04  0.6678691E-04  0.1030237E-04  0.2597715E-03  0.6805724E-04  0.6301428E-05  0.0000000E+00  0.0000000E+00  0.0000000E+00
  2.98814  3.75000  2.10800  2.27574  0.3335961E-03  0.7862502E-04  0.6670408E-04  0.1029371E-04  0.2605933E-03  0.6833131E-04  0.6298655E-05  0.0000000E+00  0.0000000E+00  0.0000000E+00
  2.98890  3.75000  2.10900  2.27674  0.3343330E-03  0.7889098E-04  0.6662109E-04  0.1028501E-04  0.2614161E-03  0.6860597E-04  0.6295844E-05  0.0000000E+00  0.0000000E+00  0.0000000E+00
  2.98967  3.75000  2.11000  2.27774  0.3350707E-03  0.7915749E-04  0.6653793E-04  0.1027627E-04  0.2622397E-03  0.6888122E-04  0.6292995E-05  0.0000000E+00  0.0000000E+00  0.0000000E+00
  2.99043  3.75000  2.11100  2.27874  0.3358089E-03  0.7942454E-04  0.6645461E-04  0.1026749E-04  0.2630642E-03  0.6915705E-04  0.6290107E-05  0.0000000E+00  0.0000000E+00  0.0000000E+00
  2.99119  3.75000  2.11200  2.27974  0.3365478E-03  0.7969214E-04  0.6637114E-04  0.1025868E-04  0.2638895E-03  0.6943345E-04  0.6287181E-05  0.0000000E+00  0.0000000E+00  0.0000000E+00
  2.99195  3.75000  2.11300  2.28074  0.3372873E-03  0.7996027E-04  0.6628751E-04  0.1024983E-04  0.2647156E-03  0.6971043E-04  0.6284218E-05  0.0000000E+00  0.0000000E+00  0.0000000E+00
  2.99272  3.75000  2.11400  2.28174  0.3380274E-03  0.8022894E-04  0.6620373E-04  0.1024095E-04  0.2655425E-03  0.6998799E-04  0.6281217E-05  0.0000000E+00  0.0000000E+00  0.0000000E+00
  2.99348  3.75000  2.11500  2.28274  0.3387681E-03  0.8049815E-04  0.6611979E-04  0.1023203E-04  0.2663702E-03  0.7026612E-04  0.6278180E-05  0.0000000E+00  0.0000000E+00  0.0000000E+00
  2.99424  3.75000  2.11600  2.28374  0.3395094E-03  0.8076791E-04  0.6603570E-04  0.1022307E-04  0.2671986E-03  0.7054484E-04  0.6275106E-05  0.0000000E+00  0.0000000E+00  0.0000000E+00
  2.99500  3.75000  2.11700  2.28474  0.3402786E-03  0.8104604E-04  0.6595147E-04  0.1021408E-04  0.2680551E-03  0.7083196E-04  0.6271995E-05  0.0000000E+00  0.0000000E+00  0.0000000E+00
  2.99577  3.75000  2.11800  2.28574  0.3410295E-03  0.8132038E-04  0.6586709E-04  0.1020505E-04  0.2688936E-03  0.7111533E-04  0.6268849E-05  0.0000000E+00  0.0000000E+00  0.0000000E+00
  2.99653  3.75000  2.11900  2.28674  0.3417815E-03  0.8159558E-04  0.6578257E-04  0.1019599E-04  0.2697333E-03  0.7139959E-04  0.6265667E-05  0.0000000E+00  0.0000000E+00  0.0000000E+00
  2.99729  3.75000  2.12000  2.28774  0.3425345E-03  0.8187159E-04  0.6569790E-04  0.1018690E-04  0.2705742E-03  0.7168469E-04  0.6262450E-05  0.0000000E+00  0.0000000E+00  0.0000000E+00
  2.99806  3.75000  2.12100  2.28874  0.3432886E-03  0.8214837E-04  0.6561310E-04  0.1017777E-04  0.2714163E-03  0.7197060E-04  0.6259197E-05  0.0000000E+00  0.0000000E+00  0.0000000E+00
  2.99882  3.75000  2.12200  2.28974  0.3440436E-03  0.8242589E-04  0.6552816E-04  0.1016861E-04  0.2722596E-03  0.7225728E-04  0.6255910E-05  0.0000000E+00  0.0000000E+00  0.0000000E+00
  2.99958  3.75000  2.12300  2.29074  0.3447997E-03  0.8270413E-04  0.6544308E-04  0.1015941E-04  0.2731040E-03  0.7254472E-04  0.6252589E-05  0.0000000E+00  0.0000000E+00  0.0000000E+00
  3.00035  3.75000  2.12400  2.29174  0.3455603E-03  0.8298352E-04  0.6535787E-04  0.1015018E-04  0.2739532E-03  0.7283334E-04  0.6249234E-05  0.0000000E+00  0.0000000E+00  0.0000000E+00
  3.00111  3.75000  2.12500  2.29274  0.3463236E-03  0.8326342E-04  0.6527253E-04  0.1014092E-04  0.2748052E-03  0.7312250E-04  0.6245845E-05  0.0000000E+00  0.0000000E+00  0.0000000E+00
  3.00187  3.75000  2.12600  2.29374  0.3470867E-03  0.8354392E-04  0.6518706E-04  0.1013162E-04  0.2756572E-03  0.7341229E-04  0.6242422E-05  0.0000000E+00  0.0000000E+00  0.0000000E+00
  3.00264  3.75000  2.12700  2.29474  0.3478524E-03  0.8382504E-04  0.6510147E-04  0.1012230E-04  0.2765119E-03  0.7370275E-04  0.6238967E-05  0.0000000E+00  0.0000000E+00  0.0000000E+00
  3.00340  3.75000  2.12800  2.29574  0.3486193E-03  0.8410681E-04  0.6501574E-04  0.1011294E-04  0.2773681E-03  0.7399387E-04  0.6235479E-05  0.0000000E+00  0.0000000E+00  0.0000000E+00
  3.00417  3.75000  2.12900  2.29674  0.3493872E-03  0.8438920E-04  0.6492990E-04  0.1010355E-04  0.2782254E-03  0.7428565E-04  0.6231959E-05  0.0000000E+00  0.0000000E+00  0.0000000E+00
  3.00493  3.75000  2.13000  2.29774  0.3501561E-03  0.8467222E-04  0.6484393E-04  0.1009412E-04  0.2790838E-03  0.7457809E-04  0.6228407E-05  0.0000000E+00  0.0000000E+00  0.0000000E+00
  3.00570  3.75000  2.13100  2.29874  0.3509259E-03  0.8495586E-04  0.6475784E-04  0.1008467E-04  0.2799432E-03  0.7487119E-04  0.6224824E-05  0.0000000E+00  0.0000000E+00  0.0000000E+00
  3.00646  3.75000  2.13200  2.29974  0.3516965E-03  0.8524012E-04  0.6467164E-04  0.1007519E-04  0.2808037E-03  0.7516493E-04  0.6221209E-05  0.0000000E+00  0.0000000E+00  0.0000000E+00
  3.00723  3.75000  2.13300  2.30074  0.3524680E-03  0.8552499E-04  0.6458532E-04  0.1006567E-04  0.2816651E-03  0.7545931E-04  0.6217563E-05  0.0000000E+00  0.0000000E+00  0.0000000E+00
  3.00799  3.75000  2.13400  2.30174  0.3532402E-03  0.8581046E-04  0.6449889E-04  0.1005613E-04  0.2825274E-03  0.7575433E-04  0.6213887E-05  0.0000000E+00  0.0000000E+00  0.0000000E+00
  3.00876  3.75000  2.13500  2.30274  0.3540132E-03  0.8609654E-04  0.6441234E-04  0.1004656E-04  0.2833907E-03  0.7604999E-04  0.6210180E-05  0.0000000E+00  0.0000000E+00  0.0000000E+00
  3.00952  3.75000  2.13600  2.30374  0.3547870E-03  0.8638322E-04  0.6432569E-04  0.1003695E-04  0.2842549E-03  0.7634626E-04  0.6206444E-05  0.0000000E+00  0.0000000E+00  0.0000000E+00
  3.01029  3.75000  2.13700  2.30474  0.3555615E-03  0.8667048E-04  0.6423893E-04  0.1002732E-04  0.2851199E-03  0.7664316E-04  0.6202679E-05  0.0000000E+00  0.0000000E+00  0.0000000E+00
  3.01105  3.75000  2.13800  2.30574  0.3563368E-03  0.8695833E-04  0.6415206E-04  0.1001766E-04  0.2859858E-03  0.7694068E-04  0.6198884E-05  0.0000000E+00  0.0000000E+00  0.0000000E+00
  3.01182  3.75000  2.13900  2.30674  0.3571127E-03  0.8724677E-04  0.6406509E-04  0.1000797E-04  0.2868526E-03  0.7723880E-04  0.6195060E-05  0.0000000E+00  0.0000000E+00  0.0000000E+00
  3.01259  3.75000  2.14000  2.30774  0.3578893E-03  0.8753578E-04  0.6397802E-04  0.9998246E-05  0.2877201E-03  0.7753753E-04  0.6191208E-05  0.0000000E+00  0.0000000E+00  0.0000000E+00
  3.01335  3.75000  2.14100  2.30874  0.3586666E-03  0.8782537E-04  0.6389084E-04  0.9988499E-05  0.2885884E-03  0.7783687E-04  0.6187328E-05  0.0000000E+00  0.0000000E+00  0.0000000E+00
  3.01412  3.75000  2.14200  2.30974  0.3594445E-03  0.8811554E-04  0.6380357E-04  0.9978724E-05  0.2894575E-03  0.7813681E-04  0.6183420E-05  0.0000000E+00  0.0000000E+00  0.0000000E+00
  3.01488  3.75000  2.14300  2.31074  0.3602231E-03  0.8840629E-04  0.6371621E-04  0.9968921E-05  0.2903274E-03  0.7843737E-04  0.6179485E-05  0.0000000E+00  0.0000000E+00  0.0000000E+00
  3.01565  3.75000  2.14400  2.31174  0.3610024E-03  0.8869762E-04  0.6362874E-04  0.9959090E-05  0.2911981E-03  0.7873853E-04  0.6175523E-05  0.0000000E+00  0.0000000E+00  0.0000000E+00
  3.01642  3.75000  2.14500  2.31274  0.3617822E-03  0.8898953E-04  0.6354119E-04  0.9949233E-05  0.2920695E-03  0.7904030E-04  0.6171535E-05  0.0000000E+00  0.0000000E+00  0.0000000E+00
  3.01718  3.75000  2.14600  2.31374  0.3625899E-03  0.8929006E-04  0.6345354E-04  0.9939349E-05  0.2929689E-03  0.7935071E-04  0.6167520E-05  0.0000000E+00  0.0000000E+00  0.0000000E+00
  3.01795  3.75000  2.14700  2.31474  0.3633794E-03  0.8958669E-04  0.6336581E-04  0.9929439E-05  0.2938501E-03  0.7965725E-04  0.6163479E-05  0.0000000E+00  0.0000000E+00  0.0000000E+00
  3.01872  3.75000  2.14800  2.31574  0.3641699E-03  0.8988422E-04  0.6327799E-04  0.9919502E-05  0.2947325E-03  0.7996472E-04  0.6159413E-05  0.0000000E+00  0.0000000E+00  0.0000000E+00
  3.01949  3.75000  2.14900  2.31674  0.3649640E-03  0.9018297E-04  0.6319008E-04  0.9909539E-05  0.2956185E-03  0.8027343E-04  0.6155321E-05  0.0000000E+00  0.0000000E+00  0.0000000E+00
  3.02025  3.75000  2.15000  2.31774  0.3657625E-03  0.9048251E-04  0.6310209E-04  0.9899551E-05  0.2965092E-03  0.8058296E-04  0.6151205E-05  0.0000000E+00  0.0000000E+00  0.0000000E+00
  3.02102  3.75000  2.15100  2.31874  0.3665608E-03  0.9078272E-04  0.6301402E-04  0.9889537E-05  0.2973998E-03  0.8089318E-04  0.6147064E-05  0.0000000E+00  0.0000000E+00  0.0000000E+00
  3.02179  3.75000  2.15200  2.31974  0.3673619E-03  0.9108364E-04  0.6292587E-04  0.9879498E-05  0.2982931E-03  0.8120414E-04  0.6142899E-05  0.0000000E+00  0.0000000E+00  0.0000000E+00
  3.02256  3.75000  2.15300  2.32074  0.3681645E-03  0.9138527E-04  0.6283764E-04  0.9869435E-05  0.2991882E-03  0.8151583E-04  0.6138711E-05  0.0000000E+00  0.0000000E+00  0.0000000E+00
  3.02332  3.75000  2.15400  2.32174  0.3689683E-03  0.9168761E-04  0.6274933E-04  0.9859347E-05  0.3000844E-03  0.8182826E-04  0.6134499E-05  0.0000000E+00  0.0000000E+00  0.0000000E+00
  3.02409  3.75000  2.15500  2.32274  0.3697731E-03  0.9199065E-04  0.6266095E-04  0.9849234E-05  0.3009819E-03  0.8214141E-04  0.6130264E-05  0.0000000E+00  0.0000000E+00  0.0000000E+00
  3.02486  3.75000  2.15600  2.32374  0.3705790E-03  0.9229437E-04  0.6257250E-04  0.9839098E-05  0.3018805E-03  0.8245528E-04  0.6126006E-05  0.0000000E+00  0.0000000E+00  0.0000000E+00
  3.02563  3.75000  2.15700  2.32474  0.3713858E-03  0.9259878E-04  0.6248397E-04  0.9828938E-05  0.3027801E-03  0.8276985E-04  0.6121726E-05  0.0000000E+00  0.0000000E+00  0.0000000E+00
  3.02640  3.75000  2.15800  2.32574  0.3721936E-03  0.9290387E-04  0.6239538E-04  0.9818754E-05  0.3036808E-03  0.8308511E-04  0.6117424E-05  0.0000000E+00  0.0000000E+00  0.0000000E+00
  3.02716  3.75000  2.15900  2.32674  0.3730023E-03  0.9320962E-04  0.6230672E-04  0.9808547E-05  0.3045825E-03  0.8340107E-04  0.6113101E-05  0.0000000E+00  0.0000000E+00  0.0000000E+00
  3.02793  3.75000  2.16000  2.32774  0.3738119E-03  0.9351603E-04  0.6221799E-04  0.9798318E-05  0.3054851E-03  0.8371772E-04  0.6108756E-05  0.0000000E+00  0.0000000E+00  0.0000000E+00
  3.02870  3.75000  2.16100  2.32874  0.3746223E-03  0.9382310E-04  0.6212920E-04  0.9788065E-05  0.3063888E-03  0.8403503E-04  0.6104390E-05  0.0000000E+00  0.0000000E+00  0.0000000E+00
  3.02947  3.75000  2.16200  2.32974  0.3754336E-03  0.9413081E-04  0.6204035E-04  0.9777791E-05  0.3072933E-03  0.8435302E-04  0.6100004E-05  0.0000000E+00  0.0000000E+00  0.0000000E+00
  3.03024  3.75000  2.16300  2.33074  0.3762458E-03  0.9443917E-04  0.6195143E-04  0.9767494E-05  0.3081987E-03  0.8467168E-04  0.6095598E-05  0.0000000E+00  0.0000000E+00  0.0000000E+00
  3.03101  3.75000  2.16400  2.33174  0.3770587E-03  0.9474816E-04  0.6186246E-04  0.9757175E-05  0.3091051E-03  0.8499099E-04  0.6091171E-05  0.0000000E+00  0.0000000E+00  0.0000000E+00
  3.03178  3.75000  2.16500  2.33274  0.3778724E-03  0.9505779E-04  0.6177343E-04  0.9746835E-05  0.3100123E-03  0.8531095E-04  0.6086726E-05  0.0000000E+00  0.0000000E+00  0.0000000E+00
  3.03255  3.75000  2.16600  2.33374  0.3786869E-03  0.9536804E-04  0.6168434E-04  0.9736473E-05  0.3109203E-03  0.8563157E-04  0.6082261E-05  0.0000000E+00  0.0000000E+00  0.0000000E+00
  3.03332  3.75000  2.16700  2.33474  0.3795021E-03  0.9567891E-04  0.6159520E-04  0.9726090E-05  0.3118292E-03  0.8595282E-04  0.6077777E-05  0.0000000E+00  0.0000000E+00  0.0000000E+00
  3.03409  3.75000  2.16800  2.33574  0.3803181E-03  0.9599040E-04  0.6150601E-04  0.9715686E-05  0.3127388E-03  0.8627472E-04  0.6073275E-05  0.0000000E+00  0.0000000E+00  0.0000000E+00
  3.03486  3.75000  2.16900  2.33674  0.3811348E-03  0.9630251E-04  0.6141676E-04  0.9705262E-05  0.3136493E-03  0.8659725E-04  0.6068755E-05  0.0000000E+00  0.0000000E+00  0.0000000E+00
  3.03563  3.75000  2.17000  2.33774  0.3819522E-03  0.9661523E-04  0.6132747E-04  0.9694817E-05  0.3145605E-03  0.8692041E-04  0.6064217E-05  0.0000000E+00  0.0000000E+00  0.0000000E+00
  3.03640  3.75000  2.17100  2.33874  0.3827703E-03  0.9692857E-04  0.6123813E-04  0.9684353E-05  0.3154725E-03  0.8724422E-04  0.6059661E-05  0.0000000E+00  0.0000000E+00  0.0000000E+00
  3.03717  3.75000  2.17200  2.33974  0.3835891E-03  0.9724253E-04  0.6114874E-04  0.9673868E-05  0.3163853E-03  0.8756866E-04  0.6055089E-05  0.0000000E+00  0.0000000E+00  0.0000000E+00
  3.03794  3.75000  2.17300  2.34074  0.3844086E-03  0.9755712E-04  0.6105931E-04  0.9663364E-05  0.3172988E-03  0.8789375E-04  0.6050499E-05  0.0000000E+00  0.0000000E+00  0.0000000E+00
  3.03871  3.75000  2.17400  2.34174  0.3852288E-03  0.9787233E-04  0.6096984E-04  0.9652841E-05  0.3182131E-03  0.8821949E-04  0.6045894E-05  0.0000000E+00  0.0000000E+00  0.0000000E+00
  3.03948  3.75000  2.17500  2.34274  0.3860782E-03  0.9819551E-04  0.6088033E-04  0.9642299E-05  0.3191566E-03  0.8855321E-04  0.6041272E-05  0.0000000E+00  0.0000000E+00  0.0000000E+00
  3.04025  3.75000  2.17600  2.34374  0.3869139E-03  0.9851570E-04  0.6079077E-04  0.9631738E-05  0.3200865E-03  0.8888396E-04  0.6036635E-05  0.0000000E+00  0.0000000E+00  0.0000000E+00
  3.04102  3.75000  2.17700  2.34474  0.3877496E-03  0.9883678E-04  0.6070118E-04  0.9621158E-05  0.3210165E-03  0.8921562E-04  0.6031982E-05  0.0000000E+00  0.0000000E+00  0.0000000E+00
  3.04179  3.75000  2.17800  2.34574  0.3885885E-03  0.9915873E-04  0.6061155E-04  0.9610560E-05  0.3219496E-03  0.8954817E-04  0.6027314E-05  0.0000000E+00  0.0000000E+00  0.0000000E+00
  3.04256  3.75000  2.17900  2.34674  0.3894288E-03  0.9948152E-04  0.6052189E-04  0.9599944E-05  0.3228843E-03  0.8988157E-04  0.6022631E-05  0.0000000E+00  0.0000000E+00  0.0000000E+00
  3.04334  3.75000  2.18000  2.34774  0.3902705E-03  0.9980512E-04  0.6043219E-04  0.9589310E-05  0.3238203E-03  0.9021581E-04  0.6017934E-05  0.0000000E+00  0.0000000E+00  0.0000000E+00
  3.04411  3.75000  2.18100  2.34874  0.3911132E-03  0.1001295E-03  0.6034246E-04  0.9578659E-05  0.3247576E-03  0.9055086E-04  0.6013223E-05  0.0000000E+00  0.0000000E+00  0.0000000E+00
  3.04488  3.75000  2.18200  2.34974  0.3919571E-03  0.1004547E-03  0.6025271E-04  0.9567990E-05  0.3256959E-03  0.9088669E-04  0.6008499E-05  0.0000000E+00  0.0000000E+00  0.0000000E+00
  3.04565  3.75000  2.18300  2.35074  0.3928021E-03  0.1007806E-03  0.6016292E-04  0.9557305E-05  0.3266354E-03  0.9122331E-04  0.6003760E-05  0.0000000E+00  0.0000000E+00  0.0000000E+00
  3.04642  3.75000  2.18400  2.35174  0.3936481E-03  0.1011073E-03  0.6007310E-04  0.9546602E-05  0.3275760E-03  0.9156068E-04  0.5999009E-05  0.0000000E+00  0.0000000E+00  0.0000000E+00
  3.04719  3.75000  2.18500  2.35274  0.3944951E-03  0.1014347E-03  0.5998326E-04  0.9535883E-05  0.3285176E-03  0.9189881E-04  0.5994245E-05  0.0000000E+00  0.0000000E+00  0.0000000E+00
  3.04797  3.75000  2.18600  2.35374  0.3953431E-03  0.1017628E-03  0.5989340E-04  0.9525147E-05  0.3294603E-03  0.9223768E-04  0.5989468E-05  0.0000000E+00  0.0000000E+00  0.0000000E+00
  3.04874  3.75000  2.18700  2.35474  0.3961921E-03  0.1020917E-03  0.5980351E-04  0.9514396E-05  0.3304039E-03  0.9257727E-04  0.5984679E-05  0.0000000E+00  0.0000000E+00  0.0000000E+00
  3.04951  3.75000  2.18800  2.35574  0.3970420E-03  0.1024212E-03  0.5971360E-04  0.9503628E-05  0.3313485E-03  0.9291759E-04  0.5979878E-05  0.0000000E+00  0.0000000E+00  0.0000000E+00
  3.05028  3.75000  2.18900  2.35674  0.3978928E-03  0.1027515E-03  0.5962368E-04  0.9492845E-05  0.3322940E-03  0.9325862E-04  0.5975066E-05  0.0000000E+00  0.0000000E+00  0.0000000E+00
  3.05106  3.75000  2.19000  2.35774  0.3987445E-03  0.1030824E-03  0.5953373E-04  0.9482046E-05  0.3332405E-03  0.9360037E-04  0.5970243E-05  0.0000000E+00  0.0000000E+00  0.0000000E+00
  3.05183  3.75000  2.19100  2.35874  0.3995970E-03  0.1034140E-03  0.5944377E-04  0.9471233E-05  0.3341879E-03  0.9394281E-04  0.5965408E-05  0.0000000E+00  0.0000000E+00  0.0000000E+00
  3.05260  3.75000  2.19200  2.35974  0.4004505E-03  0.1037463E-03  0.5935379E-04  0.9460404E-05  0.3351361E-03  0.9428594E-04  0.5960563E-05  0.0000000E+00  0.0000000E+00  0.0000000E+00
  3.05338  3.75000  2.19300  2.36074  0.4013047E-03  0.1040793E-03  0.5926379E-04  0.9449561E-05  0.3360852E-03  0.9462977E-04  0.5955708E-05  0.0000000E+00  0.0000000E+00  0.0000000E+00
  3.05415  3.75000  2.19400  2.36174  0.4021598E-03  0.1044130E-03  0.5917379E-04  0.9438703E-05  0.3370352E-03  0.9497427E-04  0.5950842E-05  0.0000000E+00  0.0000000E+00  0.0000000E+00
  3.05492  3.75000  2.19500  2.36274  0.4030157E-03  0.1047473E-03  0.5908377E-04  0.9427831E-05  0.3379859E-03  0.9531945E-04  0.5945967E-05  0.0000000E+00  0.0000000E+00  0.0000000E+00
  3.05570  3.75000  2.19600  2.36374  0.4038723E-03  0.1050823E-03  0.5899374E-04  0.9416945E-05  0.3389375E-03  0.9566531E-04  0.5941082E-05  0.0000000E+00  0.0000000E+00  0.0000000E+00
  3.05647  3.75000  2.19700  2.36474  0.4047297E-03  0.1054179E-03  0.5890371E-04  0.9406045E-05  0.3398898E-03  0.9601183E-04  0.5936189E-05  0.0000000E+00  0.0000000E+00  0.0000000E+00
  3.05724  3.75000  2.19800  2.36574  0.4055879E-03  0.1057541E-03  0.5881366E-04  0.9395131E-05  0.3408430E-03  0.9635902E-04  0.5931286E-05  0.0000000E+00  0.0000000E+00  0.0000000E+00
  3.05802  3.75000  2.19900  2.36674  0.4064469E-03  0.1060911E-03  0.5872361E-04  0.9384204E-05  0.3417969E-03  0.9670687E-04  0.5926374E-05  0.0000000E+00  0.0000000E+00  0.0000000E+00
  3.05879  3.75000  2.20000  2.36774  0.4073066E-03  0.1064287E-03  0.5863356E-04  0.9373265E-05  0.3427515E-03  0.9705540E-04  0.5921455E-05  0.0000000E+00  0.0000000E+00  0.0000000E+00
  3.05956  3.75000  2.20100  2.36874  0.4081729E-03  0.1067676E-03  0.5854350E-04  0.9362312E-05  0.3437128E-03  0.9740529E-04  0.5916527E-05  0.0000000E+00  0.0000000E+00  0.0000000E+00
  3.06034  3.75000  2.20200  2.36974  0.4090407E-03  0.1071069E-03  0.5845345E-04  0.9351346E-05  0.3446757E-03  0.9775551E-04  0.5911592E-05  0.0000000E+00  0.0000000E+00  0.0000000E+00
  3.06111  3.75000  2.20300  2.37074  0.4099081E-03  0.1074467E-03  0.5836339E-04  0.9340368E-05  0.3456380E-03  0.9810632E-04  0.5906649E-05  0.0000000E+00  0.0000000E+00  0.0000000E+00
  3.06189  3.75000  2.20400  2.37174  0.4107783E-03  0.1077871E-03  0.5827333E-04  0.9329378E-05  0.3466033E-03  0.9845776E-04  0.5901698E-05  0.0000000E+00  0.0000000E+00  0.0000000E+00
  3.06266  3.75000  2.20500  2.37274  0.4116738E-03  0.1081355E-03  0.5818327E-04  0.9318376E-05  0.3475938E-03  0.9881710E-04  0.5896741E-05  0.0000000E+00  0.0000000E+00  0.0000000E+00
  3.06344  3.75000  2.20600  2.37374  0.4125539E-03  0.1084807E-03  0.5809322E-04  0.9307362E-05  0.3485689E-03  0.9917333E-04  0.5891777E-05  0.0000000E+00  0.0000000E+00  0.0000000E+00
  3.06421  3.75000  2.20700  2.37474  0.4134353E-03  0.1088269E-03  0.5800317E-04  0.9296336E-05  0.3495453E-03  0.9953055E-04  0.5886807E-05  0.0000000E+00  0.0000000E+00  0.0000000E+00
  3.06499  3.75000  2.20800  2.37574  0.4143179E-03  0.1091740E-03  0.5791313E-04  0.9285300E-05  0.3505230E-03  0.9988871E-04  0.5881830E-05  0.0000000E+00  0.0000000E+00  0.0000000E+00
  3.06576  3.75000  2.20900  2.37674  0.4152017E-03  0.1095220E-03  0.5782310E-04  0.9274252E-05  0.3515018E-03  0.1002478E-03  0.5876848E-05  0.0000000E+00  0.0000000E+00  0.0000000E+00
  3.06654  3.75000  2.21000  2.37774  0.4160867E-03  0.1098709E-03  0.5773307E-04  0.9263193E-05  0.3524817E-03  0.1006077E-03  0.5871860E-05  0.0000000E+00  0.0000000E+00  0.0000000E+00
  3.06731  3.75000  2.21100  2.37874  0.4169727E-03  0.1102206E-03  0.5764306E-04  0.9252123E-05  0.3534628E-03  0.1009685E-03  0.5866866E-05  0.0000000E+00  0.0000000E+00  0.0000000E+00
  3.06809  3.75000  2.21200  2.37974  0.4178599E-03  0.1105711E-03  0.5755305E-04  0.9241043E-05  0.3544450E-03  0.1013300E-03  0.5861868E-05  0.0000000E+00  0.0000000E+00  0.0000000E+00
  3.06886  3.75000  2.21300  2.38074  0.4187481E-03  0.1109224E-03  0.5746306E-04  0.9229952E-05  0.3554281E-03  0.1016924E-03  0.5856864E-05  0.0000000E+00  0.0000000E+00  0.0000000E+00
  3.06964  3.75000  2.21400  2.38174  0.4196373E-03  0.1112745E-03  0.5737308E-04  0.9218851E-05  0.3564123E-03  0.1020556E-03  0.5851856E-05  0.0000000E+00  0.0000000E+00  0.0000000E+00
  3.07042  3.75000  2.21500  2.38274  0.4205275E-03  0.1116273E-03  0.5728312E-04  0.9207741E-05  0.3573975E-03  0.1024196E-03  0.5846843E-05  0.0000000E+00  0.0000000E+00  0.0000000E+00
  3.07119  3.75000  2.21600  2.38374  0.4214187E-03  0.1119809E-03  0.5719317E-04  0.9196621E-05  0.3583837E-03  0.1027843E-03  0.5841826E-05  0.0000000E+00  0.0000000E+00  0.0000000E+00
  3.07197  3.75000  2.21700  2.38474  0.4223108E-03  0.1123353E-03  0.5710324E-04  0.9185491E-05  0.3593708E-03  0.1031498E-03  0.5836805E-05  0.0000000E+00  0.0000000E+00  0.0000000E+00
  3.07275  3.75000  2.21800  2.38574  0.4232039E-03  0.1126903E-03  0.5701333E-04  0.9174352E-05  0.3603588E-03  0.1035160E-03  0.5831780E-05  0.0000000E+00  0.0000000E+00  0.0000000E+00
  3.07352  3.75000  2.21900  2.38674  0.4240979E-03  0.1130462E-03  0.5692344E-04  0.9163204E-05  0.3613478E-03  0.1038830E-03  0.5826752E-05  0.0000000E+00  0.0000000E+00  0.0000000E+00
  3.07430  3.75000  2.22000  2.38774  0.4249929E-03  0.1134027E-03  0.5683356E-04  0.9152047E-05  0.3623376E-03  0.1042507E-03  0.5821720E-05  0.0000000E+00  0.0000000E+00  0.0000000E+00
  3.07507  3.75000  2.22100  2.38874  0.4258887E-03  0.1137600E-03  0.5674371E-04  0.9140881E-05  0.3633283E-03  0.1046191E-03  0.5816686E-05  0.0000000E+00  0.0000000E+00  0.0000000E+00
  3.07585  3.75000  2.22200  2.38974  0.4267853E-03  0.1141179E-03  0.5665389E-04  0.9129707E-05  0.3643198E-03  0.1049882E-03  0.5811648E-05  0.0000000E+00  0.0000000E+00  0.0000000E+00
  3.07663  3.75000  2.22300  2.39074  0.4276828E-03  0.1144766E-03  0.5656409E-04  0.9118525E-05  0.3653121E-03  0.1053581E-03  0.5806608E-05  0.0000000E+00  0.0000000E+00  0.0000000E+00
  3.07741  3.75000  2.22400  2.39174  0.4285811E-03  0.1148360E-03  0.5647431E-04  0.9107334E-05  0.3663053E-03  0.1057287E-03  0.5801565E-05  0.0000000E+00  0.0000000E+00  0.0000000E+00
  3.07818  3.75000  2.22500  2.39274  0.4294803E-03  0.1151961E-03  0.5638456E-04  0.9096136E-05  0.3672992E-03  0.1060999E-03  0.5796520E-05  0.0000000E+00  0.0000000E+00  0.0000000E+00
  3.07896  3.75000  2.22600  2.39374  0.4303802E-03  0.1155568E-03  0.5629483E-04  0.9084930E-05  0.3682939E-03  0.1064719E-03  0.5791473E-05  0.0000000E+00  0.0000000E+00  0.0000000E+00
  3.07974  3.75000  2.22700  2.39474  0.4312853E-03  0.1159189E-03  0.5620514E-04  0.9073716E-05  0.3692938E-03  0.1068452E-03  0.5786424E-05  0.0000000E+00  0.0000000E+00  0.0000000E+00
  3.08052  3.75000  2.22800  2.39574  0.4321940E-03  0.1162815E-03  0.5611548E-04  0.9062495E-05  0.3702972E-03  0.1072190E-03  0.5781374E-05  0.0000000E+00  0.0000000E+00  0.0000000E+00
  3.08129  3.75000  2.22900  2.39674  0.4331020E-03  0.1166446E-03  0.5602584E-04  0.9051267E-05  0.3712998E-03  0.1075934E-03  0.5776322E-05  0.0000000E+00  0.0000000E+00  0.0000000E+00
  3.08207  3.75000  2.23000  2.39774  0.4340131E-03  0.1170084E-03  0.5593624E-04  0.9040032E-05  0.3723056E-03  0.1079684E-03  0.5771268E-05  0.0000000E+00  0.0000000E+00  0.0000000E+00
  3.08285  3.75000  2.23100  2.39874  0.4349254E-03  0.1173729E-03  0.5584667E-04  0.9028791E-05  0.3733126E-03  0.1083441E-03  0.5766214E-05  0.0000000E+00  0.0000000E+00  0.0000000E+00
  3.08363  3.75000  2.23200  2.39974  0.4358388E-03  0.1177380E-03  0.5575714E-04  0.9017542E-05  0.3743205E-03  0.1087205E-03  0.5761159E-05  0.0000000E+00  0.0000000E+00  0.0000000E+00
  3.08441  3.75000  2.23300  2.40074  0.4367531E-03  0.1181039E-03  0.5566764E-04  0.9006288E-05  0.3753294E-03  0.1090976E-03  0.5756103E-05  0.0000000E+00  0.0000000E+00  0.0000000E+00
  3.08518  3.75000  2.23400  2.40174  0.4376683E-03  0.1184704E-03  0.5557818E-04  0.8995027E-05  0.3763391E-03  0.1094753E-03  0.5751046E-05  0.0000000E+00  0.0000000E+00  0.0000000E+00
  3.08596  3.75000  2.23500  2.40274  0.4385842E-03  0.1188376E-03  0.5548875E-04  0.8983760E-05  0.3773495E-03  0.1098538E-03  0.5745989E-05  0.0000000E+00  0.0000000E+00  0.0000000E+00
  3.08674  3.75000  2.23600  2.40374  0.4395296E-03  0.1192150E-03  0.5539937E-04  0.8972488E-05  0.3783893E-03  0.1102425E-03  0.5740932E-05  0.0000000E+00  0.0000000E+00  0.0000000E+00
  3.08752  3.75000  2.23700  2.40474  0.4404550E-03  0.1195873E-03  0.5531002E-04  0.8961209E-05  0.3794091E-03  0.1106261E-03  0.5735874E-05  0.0000000E+00  0.0000000E+00  0.0000000E+00
  3.08830  3.75000  2.23800  2.40574  0.4413816E-03  0.1199606E-03  0.5522071E-04  0.8949926E-05  0.3804301E-03  0.1110107E-03  0.5730817E-05  0.0000000E+00  0.0000000E+00  0.0000000E+00
  3.08908  3.75000  2.23900  2.40674  0.4423094E-03  0.1203348E-03  0.5513145E-04  0.8938637E-05  0.3814522E-03  0.1113961E-03  0.5725760E-05  0.0000000E+00  0.0000000E+00  0.0000000E+00
  3.08986  3.75000  2.24000  2.40774  0.4432383E-03  0.1207099E-03  0.5504222E-04  0.8927343E-05  0.3824754E-03  0.1117825E-03  0.5720704E-05  0.0000000E+00  0.0000000E+00  0.0000000E+00
  3.09064  3.75000  2.24100  2.40874  0.4441683E-03  0.1210859E-03  0.5495304E-04  0.8916044E-05  0.3834996E-03  0.1121698E-03  0.5715648E-05  0.0000000E+00  0.0000000E+00  0.0000000E+00
  3.09142  3.75000  2.24200  2.40974  0.4450994E-03  0.1214627E-03  0.5486391E-04  0.8904740E-05  0.3845249E-03  0.1125579E-03  0.5710593E-05  0.0000000E+00  0.0000000E+00  0.0000000E+00
  3.09220  3.75000  2.24300  2.41074  0.4460315E-03  0.1218403E-03  0.5477482E-04  0.8893431E-05  0.3855511E-03  0.1129469E-03  0.5705539E-05  0.0000000E+00  0.0000000E+00  0.0000000E+00
  3.09298  3.75000  2.24400  2.41174  0.4469647E-03  0.1222188E-03  0.5468578E-04  0.8882119E-05  0.3865784E-03  0.1133367E-03  0.5700486E-05  0.0000000E+00  0.0000000E+00  0.0000000E+00
  3.09376  3.75000  2.24500  2.41274  0.4478988E-03  0.1225981E-03  0.5459678E-04  0.8870802E-05  0.3876066E-03  0.1137273E-03  0.5695434E-05  0.0000000E+00  0.0000000E+00  0.0000000E+00
  3.09454  3.75000  2.24600  2.41374  0.4488339E-03  0.1229782E-03  0.5450783E-04  0.8859481E-05  0.3886357E-03  0.1141187E-03  0.5690383E-05  0.0000000E+00  0.0000000E+00  0.0000000E+00
  3.09532  3.75000  2.24700  2.41474  0.4497700E-03  0.1233590E-03  0.5441893E-04  0.8848156E-05  0.3896658E-03  0.1145109E-03  0.5685334E-05  0.0000000E+00  0.0000000E+00  0.0000000E+00
  3.09610  3.75000  2.24800  2.41574  0.4507071E-03  0.1237406E-03  0.5433009E-04  0.8836827E-05  0.3906967E-03  0.1149038E-03  0.5680286E-05  0.0000000E+00  0.0000000E+00  0.0000000E+00
  3.09688  3.75000  2.24900  2.41674  0.4516450E-03  0.1241230E-03  0.5424129E-04  0.8825495E-05  0.3917285E-03  0.1152975E-03  0.5675240E-05  0.0000000E+00  0.0000000E+00  0.0000000E+00
  3.09766  3.75000  2.25000  2.41774  0.4525839E-03  0.1245062E-03  0.5415254E-04  0.8814160E-05  0.3927611E-03  0.1156920E-03  0.5670196E-05  0.0000000E+00  0.0000000E+00  0.0000000E+00
  3.09844  3.75000  2.25100  2.41874  0.4535236E-03  0.1248901E-03  0.5406385E-04  0.8802821E-05  0.3937946E-03  0.1160873E-03  0.5665154E-05  0.0000000E+00  0.0000000E+00  0.0000000E+00
  3.09922  3.75000  2.25200  2.41974  0.4544643E-03  0.1252747E-03  0.5397521E-04  0.8791479E-05  0.3948289E-03  0.1164833E-03  0.5660114E-05  0.0000000E+00  0.0000000E+00  0.0000000E+00
  3.10000  3.75000  2.25300  2.42074  0.4554057E-03  0.1256601E-03  0.5388663E-04  0.8780134E-05  0.3958640E-03  0.1168800E-03  0.5655076E-05  0.0000000E+00  0.0000000E+00  0.0000000E+00
  3.10078  3.75000  2.25400  2.42174  0.4563557E-03  0.1260471E-03  0.5379810E-04  0.8768787E-05  0.3969076E-03  0.1172784E-03  0.5650040E-05  0.0000000E+00  0.0000000E+00  0.0000000E+00
  3.10156  3.75000  2.25500  2.42274  0.4573056E-03  0.1264344E-03  0.5370963E-04  0.8757437E-05  0.3979510E-03  0.1176769E-03  0.5645007E-05  0.0000000E+00  0.0000000E+00  0.0000000E+00
  3.10234  3.75000  2.25600  2.42374  0.4582566E-03  0.1268223E-03  0.5362122E-04  0.8746085E-05  0.3989954E-03  0.1180762E-03  0.5639976E-05  0.0000000E+00  0.0000000E+00  0.0000000E+00
  3.10312  3.75000  2.25700  2.42474  0.4592102E-03  0.1272108E-03  0.5353286E-04  0.8734730E-05  0.4000424E-03  0.1184761E-03  0.5634948E-05  0.0000000E+00  0.0000000E+00  0.0000000E+00
  3.10390  3.75000  2.25800  2.42574  0.4601650E-03  0.1276001E-03  0.5344457E-04  0.8723373E-05  0.4010905E-03  0.1188767E-03  0.5629923E-05  0.0000000E+00  0.0000000E+00  0.0000000E+00
  3.10469  3.75000  2.25900  2.42674  0.4611207E-03  0.1279901E-03  0.5335633E-04  0.8712015E-05  0.4021395E-03  0.1192781E-03  0.5624900E-05  0.0000000E+00  0.0000000E+00  0.0000000E+00
  3.10547  3.75000  2.26000  2.42774  0.4620775E-03  0.1283808E-03  0.5326816E-04  0.8700654E-05  0.4031894E-03  0.1196801E-03  0.5619881E-05  0.0000000E+00  0.0000000E+00  0.0000000E+00
  3.10625  3.75000  2.26100  2.42874  0.4630351E-03  0.1287722E-03  0.5318004E-04  0.8689292E-05  0.4042402E-03  0.1200829E-03  0.5614864E-05  0.0000000E+00  0.0000000E+00  0.0000000E+00
  3.10703  3.75000  2.26200  2.42974  0.4639936E-03  0.1291644E-03  0.5309199E-04  0.8677929E-05  0.4052917E-03  0.1204864E-03  0.5609851E-05  0.0000000E+00  0.0000000E+00  0.0000000E+00
  3.10781  3.75000  2.26300  2.43074  0.4649529E-03  0.1295572E-03  0.5300400E-04  0.8666564E-05  0.4063440E-03  0.1208907E-03  0.5604840E-05  0.0000000E+00  0.0000000E+00  0.0000000E+00
  3.10860  3.75000  2.26400  2.43174  0.4659130E-03  0.1299508E-03  0.5291608E-04  0.8655198E-05  0.4073971E-03  0.1212956E-03  0.5599833E-05  0.0000000E+00  0.0000000E+00  0.0000000E+00
  3.10938  3.75000  2.26500  2.43274  0.4668739E-03  0.1303452E-03  0.5282822E-04  0.8643831E-05  0.4084509E-03  0.1217014E-03  0.5594829E-05  0.0000000E+00  0.0000000E+00  0.0000000E+00
  3.11016  3.75000  2.26600  2.43374  0.4678576E-03  0.1307471E-03  0.5274043E-04  0.8632464E-05  0.4095274E-03  0.1221146E-03  0.5589829E-05  0.0000000E+00  0.0000000E+00  0.0000000E+00
  3.11094  3.75000  2.26700  2.43474  0.4688273E-03  0.1311463E-03  0.5265270E-04  0.8621095E-05  0.4105898E-03  0.1225252E-03  0.5584832E-05  0.0000000E+00  0.0000000E+00  0.0000000E+00
  3.11173  3.75000  2.26800  2.43574  0.4697982E-03  0.1315465E-03  0.5256504E-04  0.8609726E-05  0.4116534E-03  0.1229368E-03  0.5579839E-05  0.0000000E+00  0.0000000E+00  0.0000000E+00
  3.11251  3.75000  2.26900  2.43674  0.4707703E-03  0.1319478E-03  0.5247745E-04  0.8598357E-05  0.4127180E-03  0.1233494E-03  0.5574849E-05  0.0000000E+00  0.0000000E+00  0.0000000E+00
  3.11329  3.75000  2.27000  2.43774  0.4717435E-03  0.1323500E-03  0.5238993E-04  0.8586987E-05  0.4137837E-03  0.1237630E-03  0.5569863E-05  0.0000000E+00  0.0000000E+00  0.0000000E+00
  3.11407  3.75000  2.27100  2.43874  0.4727178E-03  0.1327532E-03  0.5230248E-04  0.8575617E-05  0.4148505E-03  0.1241776E-03  0.5564881E-05  0.0000000E+00  0.0000000E+00  0.0000000E+00
  3.11486  3.75000  2.27200  2.43974  0.4736932E-03  0.1331572E-03  0.5221509E-04  0.8564247E-05  0.4159182E-03  0.1245930E-03  0.5559903E-05  0.0000000E+00  0.0000000E+00  0.0000000E+00
  3.11564  3.75000  2.27300  2.44074  0.4746696E-03  0.1335621E-03  0.5212778E-04  0.8552878E-05  0.4169869E-03  0.1250093E-03  0.5554928E-05  0.0000000E+00  0.0000000E+00  0.0000000E+00
  3.11642  3.75000  2.27400  2.44174  0.4756471E-03  0.1339679E-03  0.5204054E-04  0.8541508E-05  0.4180566E-03  0.1254264E-03  0.5549958E-05  0.0000000E+00  0.0000000E+00  0.0000000E+00
  3.11721  3.75000  2.27500  2.44274  0.4766255E-03  0.1343746E-03  0.5195338E-04  0.8530139E-05  0.4191272E-03  0.1258444E-03  0.5544991E-05  0.0000000E+00  0.0000000E+00  0.0000000E+00
  3.11799  3.75000  2.27600  2.44374  0.4776050E-03  0.1347820E-03  0.5186628E-04  0.8518771E-05  0.4201986E-03  0.1262633E-03  0.5540029E-05  0.0000000E+00  0.0000000E+00  0.0000000E+00
  3.11878  3.75000  2.27700  2.44474  0.4785853E-03  0.1351903E-03  0.5177926E-04  0.8507403E-05  0.4212710E-03  0.1266829E-03  0.5535070E-05  0.0000000E+00  0.0000000E+00  0.0000000E+00
  3.11956  3.75000  2.27800  2.44574  0.4795667E-03  0.1355994E-03  0.5169232E-04  0.8496037E-05  0.4223442E-03  0.1271034E-03  0.5530116E-05  0.0000000E+00  0.0000000E+00  0.0000000E+00
  3.12034  3.75000  2.27900  2.44674  0.4805489E-03  0.1360093E-03  0.5160545E-04  0.8484671E-05  0.4234183E-03  0.1275246E-03  0.5525166E-05  0.0000000E+00  0.0000000E+00  0.0000000E+00
  3.12113  3.75000  2.28000  2.44774  0.4815323E-03  0.1364201E-03  0.5151866E-04  0.8473306E-05  0.4244934E-03  0.1279468E-03  0.5520220E-05  0.0000000E+00  0.0000000E+00  0.0000000E+00
  3.12191  3.75000  2.28100  2.44874  0.4825247E-03  0.1368325E-03  0.5143194E-04  0.8461943E-05  0.4255775E-03  0.1283705E-03  0.5515278E-05  0.0000000E+00  0.0000000E+00  0.0000000E+00
  3.12270  3.75000  2.28200  2.44974  0.4835166E-03  0.1372451E-03  0.5134530E-04  0.8450581E-05  0.4266610E-03  0.1287946E-03  0.5510341E-05  0.0000000E+00  0.0000000E+00  0.0000000E+00
  3.12348  3.75000  2.28300  2.45074  0.4845101E-03  0.1376585E-03  0.5125874E-04  0.8439220E-05  0.4277459E-03  0.1292193E-03  0.5505408E-05  0.0000000E+00  0.0000000E+00  0.0000000E+00
  3.12427  3.75000  2.28400  2.45174  0.4855060E-03  0.1380726E-03  0.5117226E-04  0.8427862E-05  0.4288333E-03  0.1296447E-03  0.5500479E-05  0.0000000E+00  0.0000000E+00  0.0000000E+00
  3.12505  3.75000  2.28500  2.45274  0.4865032E-03  0.1384874E-03  0.5108586E-04  0.8416505E-05  0.4299218E-03  0.1300709E-03  0.5495555E-05  0.0000000E+00  0.0000000E+00  0.0000000E+00
  3.12584  3.75000  2.28600  2.45374  0.4875015E-03  0.1389030E-03  0.5099953E-04  0.8405149E-05  0.4310113E-03  0.1304978E-03  0.5490635E-05  0.0000000E+00  0.0000000E+00  0.0000000E+00
  3.12662  3.75000  2.28700  2.45474  0.4885007E-03  0.1393193E-03  0.5091329E-04  0.8393796E-05  0.4321017E-03  0.1309255E-03  0.5485719E-05  0.0000000E+00  0.0000000E+00  0.0000000E+00
  3.12741  3.75000  2.28800  2.45574  0.4895009E-03  0.1397363E-03  0.5082713E-04  0.8382446E-05  0.4331930E-03  0.1313539E-03  0.5480808E-05  0.0000000E+00  0.0000000E+00  0.0000000E+00
  3.12819  3.75000  2.28900  2.45674  0.4905020E-03  0.1401542E-03  0.5074106E-04  0.8371097E-05  0.4342850E-03  0.1317831E-03  0.5475901E-05  0.0000000E+00  0.0000000E+00  0.0000000E+00
  3.12898  3.75000  2.29000  2.45774  0.4915040E-03  0.1405728E-03  0.5065506E-04  0.8359751E-05  0.4353779E-03  0.1322130E-03  0.5470999E-05  0.0000000E+00  0.0000000E+00  0.0000000E+00
  3.12976  3.75000  2.29100  2.45874  0.4925068E-03  0.1409921E-03  0.5056915E-04  0.8348407E-05  0.4364715E-03  0.1326437E-03  0.5466101E-05  0.0000000E+00  0.0000000E+00  0.0000000E+00
  3.13055  3.75000  2.29200  2.45974  0.4935104E-03  0.1414122E-03  0.5048332E-04  0.8337066E-05  0.4375659E-03  0.1330751E-03  0.5461208E-05  0.0000000E+00  0.0000000E+00  0.0000000E+00
  3.13133  3.75000  2.29300  2.46074  0.4945149E-03  0.1418331E-03  0.5039758E-04  0.8325728E-05  0.4386610E-03  0.1335074E-03  0.5456319E-05  0.0000000E+00  0.0000000E+00  0.0000000E+00
  3.13212  3.75000  2.29400  2.46174  0.4955202E-03  0.1422547E-03  0.5031192E-04  0.8314393E-05  0.4397568E-03  0.1339403E-03  0.5451435E-05  0.0000000E+00  0.0000000E+00  0.0000000E+00
  3.13291  3.75000  2.29500  2.46274  0.4965263E-03  0.1426771E-03  0.5022635E-04  0.8303061E-05  0.4408534E-03  0.1343741E-03  0.5446555E-05  0.0000000E+00  0.0000000E+00  0.0000000E+00
  3.13369  3.75000  2.29600  2.46374  0.4975331E-03  0.1431003E-03  0.5014086E-04  0.8291732E-05  0.4419506E-03  0.1348086E-03  0.5441680E-05  0.0000000E+00  0.0000000E+00  0.0000000E+00
  3.13448  3.75000  2.29700  2.46474  0.4985407E-03  0.1435243E-03  0.5005546E-04  0.8280406E-05  0.4430485E-03  0.1352439E-03  0.5436809E-05  0.0000000E+00  0.0000000E+00  0.0000000E+00
  3.13526  3.75000  2.29800  2.46574  0.4995752E-03  0.1439581E-03  0.4997015E-04  0.8269084E-05  0.4441732E-03  0.1356890E-03  0.5431943E-05  0.0000000E+00  0.0000000E+00  0.0000000E+00
  3.13605  3.75000  2.29900  2.46674  0.5005916E-03  0.1443871E-03  0.4988493E-04  0.8257765E-05  0.4452796E-03  0.1361294E-03  0.5427081E-05  0.0000000E+00  0.0000000E+00  0.0000000E+00
  3.13684  3.75000  2.30000  2.46774  0.5016091E-03  0.1448173E-03  0.4979979E-04  0.8246449E-05  0.4463871E-03  0.1365708E-03  0.5422224E-05  0.0000000E+00  0.0000000E+00  0.0000000E+00
  3.13762  3.75000  2.30100  2.46874  0.5026277E-03  0.1452484E-03  0.4971475E-04  0.8235138E-05  0.4474956E-03  0.1370132E-03  0.5417371E-05  0.0000000E+00  0.0000000E+00  0.0000000E+00
  3.13841  3.75000  2.30200  2.46974  0.5036474E-03  0.1456804E-03  0.4962979E-04  0.8223830E-05  0.4486051E-03  0.1374566E-03  0.5412523E-05  0.0000000E+00  0.0000000E+00  0.0000000E+00
  3.13920  3.75000  2.30300  2.47074  0.5046681E-03  0.1461135E-03  0.4954492E-04  0.8212527E-05  0.4497155E-03  0.1379009E-03  0.5407679E-05  0.0000000E+00  0.0000000E+00  0.0000000E+00
  3.13998  3.75000  2.30400  2.47174  0.5056899E-03  0.1465474E-03  0.4946015E-04  0.8201227E-05  0.4508269E-03  0.1383461E-03  0.5402840E-05  0.0000000E+00  0.0000000E+00  0.0000000E+00
  3.14077  3.75000  2.30500  2.47274  0.5067127E-03  0.1469822E-03  0.4937547E-04  0.8189932E-05  0.4519392E-03  0.1387923E-03  0.5398005E-05  0.0000000E+00  0.0000000E+00  0.0000000E+00
  3.14156  3.75000  2.30600  2.47374  0.5077364E-03  0.1474179E-03  0.4929087E-04  0.8178640E-05  0.4530524E-03  0.1392392E-03  0.5393175E-05  0.0000000E+00  0.0000000E+00  0.0000000E+00
  3.14235  3.75000  2.30700  2.47474  0.5087611E-03  0.1478544E-03  0.4920637E-04  0.8167354E-05  0.4541664E-03  0.1396871E-03  0.5388349E-05  0.0000000E+00  0.0000000E+00  0.0000000E+00
  3.14313  3.75000  2.30800  2.47574  0.5097930E-03  0.1482927E-03  0.4912197E-04  0.8156071E-05  0.4552875E-03  0.1401367E-03  0.5383527E-05  0.0000000E+00  0.0000000E+00  0.0000000E+00
  3.14392  3.75000  2.30900  2.47674  0.5108281E-03  0.1487315E-03  0.4903765E-04  0.8144794E-05  0.4564117E-03  0.1405867E-03  0.5378710E-05  0.0000000E+00  0.0000000E+00  0.0000000E+00
  3.14471  3.75000  2.31000  2.47774  0.5118623E-03  0.1491710E-03  0.4895343E-04  0.8133521E-05  0.4575350E-03  0.1410374E-03  0.5373897E-05  0.0000000E+00  0.0000000E+00  0.0000000E+00
  3.14550  3.75000  2.31100  2.47874  0.5129003E-03  0.1496112E-03  0.4886931E-04  0.8122253E-05  0.4586619E-03  0.1414889E-03  0.5369088E-05  0.0000000E+00  0.0000000E+00  0.0000000E+00
  3.14629  3.75000  2.31200  2.47974  0.5139397E-03  0.1500522E-03  0.4878528E-04  0.8110990E-05  0.4597901E-03  0.1419412E-03  0.5364284E-05  0.0000000E+00  0.0000000E+00  0.0000000E+00
  3.14707  3.75000  2.31300  2.48074  0.5149802E-03  0.1504940E-03  0.4870134E-04  0.8099732E-05  0.4609194E-03  0.1423943E-03  0.5359484E-05  0.0000000E+00  0.0000000E+00  0.0000000E+00
  3.14786  3.75000  2.31400  2.48174  0.5160218E-03  0.1509366E-03  0.4861751E-04  0.8088479E-05  0.4620496E-03  0.1428481E-03  0.5354688E-05  0.0000000E+00  0.0000000E+00  0.0000000E+00
  3.14865  3.75000  2.31500  2.48274  0.5170644E-03  0.1513800E-03  0.4853376E-04  0.8077231E-05  0.4631807E-03  0.1433027E-03  0.5349897E-05  0.0000000E+00  0.0000000E+00  0.0000000E+00
  3.14944  3.75000  2.31600  2.48374  0.5181079E-03  0.1518241E-03  0.4845012E-04  0.8065989E-05  0.4643126E-03  0.1437581E-03  0.5345109E-05  0.0000000E+00  0.0000000E+00  0.0000000E+00
  3.15023  3.75000  2.31700  2.48474  0.5191523E-03  0.1522691E-03  0.4836657E-04  0.8054752E-05  0.4654454E-03  0.1442143E-03  0.5340326E-05  0.0000000E+00  0.0000000E+00  0.0000000E+00
  3.15102  3.75000  2.31800  2.48574  0.5201976E-03  0.1527148E-03  0.4828312E-04  0.8043520E-05  0.4665789E-03  0.1446713E-03  0.5335547E-05  0.0000000E+00  0.0000000E+00  0.0000000E+00
  3.15181  3.75000  2.31900  2.48674  0.5212437E-03  0.1531613E-03  0.4819976E-04  0.8032295E-05  0.4677132E-03  0.1451291E-03  0.5330772E-05  0.0000000E+00  0.0000000E+00  0.0000000E+00
  3.15260  3.75000  2.32000  2.48774  0.5222908E-03  0.1536087E-03  0.4811651E-04  0.8021075E-05  0.4688483E-03  0.1455876E-03  0.5326001E-05  0.0000000E+00  0.0000000E+00  0.0000000E+00
  3.15338  3.75000  2.32100  2.48874  0.5233386E-03  0.1540568E-03  0.4803335E-04  0.8009860E-05  0.4699841E-03  0.1460470E-03  0.5321234E-05  0.0000000E+00  0.0000000E+00  0.0000000E+00
  3.15417  3.75000  2.32200  2.48974  0.5243874E-03  0.1545058E-03  0.4795030E-04  0.7998652E-05  0.4711206E-03  0.1465071E-03  0.5316471E-05  0.0000000E+00  0.0000000E+00  0.0000000E+00
  3.15496  3.75000  2.32300  2.49074  0.5254369E-03  0.1549555E-03  0.4786734E-04  0.7987450E-05  0.4722578E-03  0.1469680E-03  0.5311712E-05  0.0000000E+00  0.0000000E+00  0.0000000E+00
  3.15575  3.75000  2.32400  2.49174  0.5264872E-03  0.1554060E-03  0.4778449E-04  0.7976254E-05  0.4733958E-03  0.1474298E-03  0.5306957E-05  0.0000000E+00  0.0000000E+00  0.0000000E+00
  3.15654  3.75000  2.32500  2.49274  0.5275383E-03  0.1558574E-03  0.4770173E-04  0.7965064E-05  0.4745344E-03  0.1478923E-03  0.5302205E-05  0.0000000E+00  0.0000000E+00  0.0000000E+00
  3.15733  3.75000  2.32600  2.49374  0.5285902E-03  0.1563095E-03  0.4761908E-04  0.7953880E-05  0.4756737E-03  0.1483556E-03  0.5297457E-05  0.0000000E+00  0.0000000E+00  0.0000000E+00
  3.15812  3.75000  2.32700  2.49474  0.5296429E-03  0.1567624E-03  0.4753652E-04  0.7942703E-05  0.4768136E-03  0.1488197E-03  0.5292713E-05  0.0000000E+00  0.0000000E+00  0.0000000E+00
  3.15891  3.75000  2.32800  2.49574  0.5306963E-03  0.1572162E-03  0.4745407E-04  0.7931533E-05  0.4779542E-03  0.1492846E-03  0.5287973E-05  0.0000000E+00  0.0000000E+00  0.0000000E+00
  3.15970  3.75000  2.32900  2.49674  0.5317504E-03  0.1576707E-03  0.4737172E-04  0.7920369E-05  0.4790954E-03  0.1497503E-03  0.5283237E-05  0.0000000E+00  0.0000000E+00  0.0000000E+00
  3.16049  3.75000  2.33000  2.49774  0.5328318E-03  0.1581357E-03  0.4728948E-04  0.7909211E-05  0.4802638E-03  0.1502265E-03  0.5278504E-05  0.0000000E+00  0.0000000E+00  0.0000000E+00
  3.16128  3.75000  2.33100  2.49874  0.5338944E-03  0.1585954E-03  0.4720734E-04  0.7898060E-05  0.4814132E-03  0.1506973E-03  0.5273774E-05  0.0000000E+00  0.0000000E+00  0.0000000E+00
  3.16207  3.75000  2.33200  2.49974  0.5349580E-03  0.1590562E-03  0.4712530E-04  0.7886917E-05  0.4825637E-03  0.1511692E-03  0.5269048E-05  0.0000000E+00  0.0000000E+00  0.0000000E+00
  3.16286  3.75000  2.33300  2.50074  0.5360228E-03  0.1595180E-03  0.4704336E-04  0.7875780E-05  0.4837151E-03  0.1516422E-03  0.5264325E-05  0.0000000E+00  0.0000000E+00  0.0000000E+00
  3.16365  3.75000  2.33400  2.50174  0.5370885E-03  0.1599807E-03  0.4696153E-04  0.7864650E-05  0.4848674E-03  0.1521161E-03  0.5259606E-05  0.0000000E+00  0.0000000E+00  0.0000000E+00
  3.16445  3.75000  2.33500  2.50274  0.5381556E-03  0.1604446E-03  0.4687980E-04  0.7853527E-05  0.4860209E-03  0.1525911E-03  0.5254890E-05  0.0000000E+00  0.0000000E+00  0.0000000E+00
  3.16524  3.75000  2.33600  2.50374  0.5392325E-03  0.1609103E-03  0.4679818E-04  0.7842411E-05  0.4871842E-03  0.1530679E-03  0.5250178E-05  0.0000000E+00  0.0000000E+00  0.0000000E+00
  3.16603  3.75000  2.33700  2.50474  0.5403091E-03  0.1613763E-03  0.4671666E-04  0.7831303E-05  0.4883470E-03  0.1535450E-03  0.5245468E-05  0.0000000E+00  0.0000000E+00  0.0000000E+00
  3.16682  3.75000  2.33800  2.50574  0.5413871E-03  0.1618432E-03  0.4663525E-04  0.7820202E-05  0.4895111E-03  0.1540230E-03  0.5240762E-05  0.0000000E+00  0.0000000E+00  0.0000000E+00
  3.16761  3.75000  2.33900  2.50674  0.5424680E-03  0.1623109E-03  0.4655395E-04  0.7809108E-05  0.4906780E-03  0.1545018E-03  0.5236059E-05  0.0000000E+00  0.0000000E+00  0.0000000E+00
  3.16840  3.75000  2.34000  2.50774  0.5435503E-03  0.1627795E-03  0.4647275E-04  0.7798022E-05  0.4918461E-03  0.1549814E-03  0.5231359E-05  0.0000000E+00  0.0000000E+00  0.0000000E+00
  3.16919  3.75000  2.34100  2.50874  0.5446337E-03  0.1632488E-03  0.4639165E-04  0.7786944E-05  0.4930154E-03  0.1554619E-03  0.5226662E-05  0.0000000E+00  0.0000000E+00  0.0000000E+00
  3.16998  3.75000  2.34200  2.50974  0.5457182E-03  0.1637191E-03  0.4631067E-04  0.7775873E-05  0.4941855E-03  0.1559432E-03  0.5221968E-05  0.0000000E+00  0.0000000E+00  0.0000000E+00
  3.17078  3.75000  2.34300  2.51074  0.5468037E-03  0.1641901E-03  0.4622979E-04  0.7764810E-05  0.4953566E-03  0.1564253E-03  0.5217277E-05  0.0000000E+00  0.0000000E+00  0.0000000E+00
  3.17157  3.75000  2.34400  2.51174  0.5478901E-03  0.1646620E-03  0.4614902E-04  0.7753755E-05  0.4965285E-03  0.1569083E-03  0.5212588E-05  0.0000000E+00  0.0000000E+00  0.0000000E+00
  3.17236  3.75000  2.34500  2.51274  0.5489775E-03  0.1651348E-03  0.4606836E-04  0.7742707E-05  0.4977012E-03  0.1573921E-03  0.5207903E-05  0.0000000E+00  0.0000000E+00  0.0000000E+00
  3.17315  3.75000  2.34600  2.51374  0.5500657E-03  0.1656083E-03  0.4598780E-04  0.7731668E-05  0.4988747E-03  0.1578767E-03  0.5203220E-05  0.0000000E+00  0.0000000E+00  0.0000000E+00
  3.17394  3.75000  2.34700  2.51474  0.5511549E-03  0.1660827E-03  0.4590735E-04  0.7720637E-05  0.5000490E-03  0.1583621E-03  0.5198539E-05  0.0000000E+00  0.0000000E+00  0.0000000E+00
  3.17474  3.75000  2.34800  2.51574  0.5522449E-03  0.1665579E-03  0.4582702E-04  0.7709614E-05  0.5012240E-03  0.1588483E-03  0.5193861E-05  0.0000000E+00  0.0000000E+00  0.0000000E+00
  3.17553  3.75000  2.34900  2.51674  0.5533357E-03  0.1670340E-03  0.4574679E-04  0.7698599E-05  0.5023998E-03  0.1593354E-03  0.5189186E-05  0.0000000E+00  0.0000000E+00  0.0000000E+00
  3.17632  3.75000  2.35000  2.51774  0.5544275E-03  0.1675108E-03  0.4566667E-04  0.7687592E-05  0.5035763E-03  0.1598232E-03  0.5184513E-05  0.0000000E+00  0.0000000E+00  0.0000000E+00
  3.17711  3.75000  2.35100  2.51874  0.5555200E-03  0.1679885E-03  0.4558666E-04  0.7676594E-05  0.5047535E-03  0.1603119E-03  0.5179843E-05  0.0000000E+00  0.0000000E+00  0.0000000E+00
  3.17791  3.75000  2.35200  2.51974  0.5566134E-03  0.1684671E-03  0.4550676E-04  0.7665604E-05  0.5059315E-03  0.1608015E-03  0.5175175E-05  0.0000000E+00  0.0000000E+00  0.0000000E+00
  3.17870  3.75000  2.35300  2.52074  0.5577076E-03  0.1689464E-03  0.4542697E-04  0.7654622E-05  0.5071101E-03  0.1612918E-03  0.5170509E-05  0.0000000E+00  0.0000000E+00  0.0000000E+00
  3.17949  3.75000  2.35400  2.52174  0.5588026E-03  0.1694266E-03  0.4534729E-04  0.7643649E-05  0.5082895E-03  0.1617830E-03  0.5165845E-05  0.0000000E+00  0.0000000E+00  0.0000000E+00
  3.18029  3.75000  2.35500  2.52274  0.5598984E-03  0.1699077E-03  0.4526772E-04  0.7632685E-05  0.5094695E-03  0.1622750E-03  0.5161183E-05  0.0000000E+00  0.0000000E+00  0.0000000E+00
  3.18108  3.75000  2.35600  2.52374  0.5609949E-03  0.1703895E-03  0.4518826E-04  0.7621730E-05  0.5106501E-03  0.1627678E-03  0.5156524E-05  0.0000000E+00  0.0000000E+00  0.0000000E+00
  3.18187  3.75000  2.35700  2.52474  0.5620922E-03  0.1708722E-03  0.4510892E-04  0.7610783E-05  0.5118314E-03  0.1632614E-03  0.5151866E-05  0.0000000E+00  0.0000000E+00  0.0000000E+00
  3.18267  3.75000  2.35800  2.52574  0.5631903E-03  0.1713558E-03  0.4502968E-04  0.7599845E-05  0.5130134E-03  0.1637559E-03  0.5147210E-05  0.0000000E+00  0.0000000E+00  0.0000000E+00
  3.18346  3.75000  2.35900  2.52674  0.5642891E-03  0.1718401E-03  0.4495056E-04  0.7588916E-05  0.5141959E-03  0.1642512E-03  0.5142556E-05  0.0000000E+00  0.0000000E+00  0.0000000E+00
  3.18425  3.75000  2.36000  2.52774  0.5653886E-03  0.1723253E-03  0.4487155E-04  0.7577996E-05  0.5153791E-03  0.1647473E-03  0.5137904E-05  0.0000000E+00  0.0000000E+00  0.0000000E+00
  3.18505  3.75000  2.36100  2.52874  0.5664888E-03  0.1728113E-03  0.4479265E-04  0.7567085E-05  0.5165629E-03  0.1652442E-03  0.5133254E-05  0.0000000E+00  0.0000000E+00  0.0000000E+00
  3.18584  3.75000  2.36200  2.52974  0.5676130E-03  0.1733066E-03  0.4471386E-04  0.7556183E-05  0.5177705E-03  0.1657504E-03  0.5128605E-05  0.0000000E+00  0.0000000E+00  0.0000000E+00
  3.18664  3.75000  2.36300  2.53074  0.5687212E-03  0.1737976E-03  0.4463519E-04  0.7545291E-05  0.5189620E-03  0.1662524E-03  0.5123958E-05  0.0000000E+00  0.0000000E+00  0.0000000E+00
  3.18743  3.75000  2.36400  2.53174  0.5698396E-03  0.1742910E-03  0.4455663E-04  0.7534407E-05  0.5201637E-03  0.1667566E-03  0.5119313E-05  0.0000000E+00  0.0000000E+00  0.0000000E+00
  3.18823  3.75000  2.36500  2.53274  0.5709592E-03  0.1747848E-03  0.4447818E-04  0.7523533E-05  0.5213663E-03  0.1672613E-03  0.5114668E-05  0.0000000E+00  0.0000000E+00  0.0000000E+00
  3.18902  3.75000  2.36600  2.53374  0.5720779E-03  0.1752794E-03  0.4439984E-04  0.7512668E-05  0.5225681E-03  0.1677668E-03  0.5110026E-05  0.0000000E+00  0.0000000E+00  0.0000000E+00
  3.18981  3.75000  2.36700  2.53474  0.5732008E-03  0.1757750E-03  0.4432162E-04  0.7501813E-05  0.5237738E-03  0.1682732E-03  0.5105384E-05  0.0000000E+00  0.0000000E+00  0.0000000E+00
  3.19061  3.75000  2.36800  2.53574  0.5743252E-03  0.1762716E-03  0.4424351E-04  0.7490967E-05  0.5249809E-03  0.1687806E-03  0.5100744E-05  0.0000000E+00  0.0000000E+00  0.0000000E+00
  3.19140  3.75000  2.36900  2.53674  0.5754508E-03  0.1767690E-03  0.4416552E-04  0.7480131E-05  0.5261892E-03  0.1692889E-03  0.5096105E-05  0.0000000E+00  0.0000000E+00  0.0000000E+00
  3.19220  3.75000  2.37000  2.53774  0.5765775E-03  0.1772674E-03  0.4408764E-04  0.7469304E-05  0.5273984E-03  0.1697981E-03  0.5091467E-05  0.0000000E+00  0.0000000E+00  0.0000000E+00
  3.19299  3.75000  2.37100  2.53874  0.5777053E-03  0.1777666E-03  0.4400987E-04  0.7458487E-05  0.5286085E-03  0.1703081E-03  0.5086830E-05  0.0000000E+00  0.0000000E+00  0.0000000E+00
  3.19379  3.75000  2.37200  2.53974  0.5788340E-03  0.1782668E-03  0.4393222E-04  0.7447679E-05  0.5298196E-03  0.1708191E-03  0.5082194E-05  0.0000000E+00  0.0000000E+00  0.0000000E+00
  3.19458  3.75000  2.37300  2.54074  0.5799637E-03  0.1787678E-03  0.4385469E-04  0.7436882E-05  0.5310315E-03  0.1713309E-03  0.5077559E-05  0.0000000E+00  0.0000000E+00  0.0000000E+00
  3.19538  3.75000  2.37400  2.54174  0.5810943E-03  0.1792698E-03  0.4377727E-04  0.7426094E-05  0.5322441E-03  0.1718437E-03  0.5072925E-05  0.0000000E+00  0.0000000E+00  0.0000000E+00
  3.19617  3.75000  2.37500  2.54274  0.5822259E-03  0.1797726E-03  0.4369996E-04  0.7415316E-05  0.5334576E-03  0.1723572E-03  0.5068291E-05  0.0000000E+00  0.0000000E+00  0.0000000E+00
  3.19697  3.75000  2.37600  2.54374  0.5833583E-03  0.1802762E-03  0.4362277E-04  0.7404548E-05  0.5346719E-03  0.1728717E-03  0.5063659E-05  0.0000000E+00  0.0000000E+00  0.0000000E+00
  3.19777  3.75000  2.37700  2.54474  0.5844916E-03  0.1807807E-03  0.4354570E-04  0.7393790E-05  0.5358869E-03  0.1733870E-03  0.5059027E-05  0.0000000E+00  0.0000000E+00  0.0000000E+00
  3.19856  3.75000  2.37800  2.54574  0.5856257E-03  0.1812861E-03  0.4346874E-04  0.7383042E-05  0.5371026E-03  0.1739031E-03  0.5054395E-05  0.0000000E+00  0.0000000E+00  0.0000000E+00
  3.19936  3.75000  2.37900  2.54674  0.5867607E-03  0.1817924E-03  0.4339189E-04  0.7372305E-05  0.5383191E-03  0.1744201E-03  0.5049764E-05  0.0000000E+00  0.0000000E+00  0.0000000E+00
  3.20015  3.75000  2.38000  2.54774  0.5878965E-03  0.1822995E-03  0.4331516E-04  0.7361577E-05  0.5395363E-03  0.1749379E-03  0.5045134E-05  0.0000000E+00  0.0000000E+00  0.0000000E+00
  3.20095  3.75000  2.38100  2.54874  0.5890332E-03  0.1828074E-03  0.4323855E-04  0.7350860E-05  0.5407541E-03  0.1754566E-03  0.5040503E-05  0.0000000E+00  0.0000000E+00  0.0000000E+00
  3.20175  3.75000  2.38200  2.54974  0.5901707E-03  0.1833163E-03  0.4316206E-04  0.7340152E-05  0.5419727E-03  0.1759761E-03  0.5035874E-05  0.0000000E+00  0.0000000E+00  0.0000000E+00
  3.20254  3.75000  2.38300  2.55074  0.5913089E-03  0.1838260E-03  0.4308568E-04  0.7329456E-05  0.5431920E-03  0.1764965E-03  0.5031244E-05  0.0000000E+00  0.0000000E+00  0.0000000E+00
  3.20334  3.75000  2.38400  2.55174  0.5924480E-03  0.1843365E-03  0.4300941E-04  0.7318769E-05  0.5444120E-03  0.1770178E-03  0.5026614E-05  0.0000000E+00  0.0000000E+00  0.0000000E+00
  3.20414  3.75000  2.38500  2.55274  0.5935878E-03  0.1848480E-03  0.4293327E-04  0.7308093E-05  0.5456326E-03  0.1775399E-03  0.5021985E-05  0.0000000E+00  0.0000000E+00  0.0000000E+00
  3.20493  3.75000  2.38600  2.55374  0.5947284E-03  0.1853603E-03  0.4285724E-04  0.7297427E-05  0.5468538E-03  0.1780628E-03  0.5017356E-05  0.0000000E+00  0.0000000E+00  0.0000000E+00
  3.20573  3.75000  2.38700  2.55474  0.5958698E-03  0.1858734E-03  0.4278133E-04  0.7286772E-05  0.5480758E-03  0.1785866E-03  0.5012726E-05  0.0000000E+00  0.0000000E+00  0.0000000E+00
  3.20653  3.75000  2.38800  2.55574  0.5970119E-03  0.1863874E-03  0.4270553E-04  0.7276128E-05  0.5492983E-03  0.1791113E-03  0.5008097E-05  0.0000000E+00  0.0000000E+00  0.0000000E+00
  3.20732  3.75000  2.38900  2.55674  0.5981548E-03  0.1869023E-03  0.4262986E-04  0.7265494E-05  0.5505214E-03  0.1796368E-03  0.5003467E-05  0.0000000E+00  0.0000000E+00  0.0000000E+00
  3.20812  3.75000  2.39000  2.55774  0.5992983E-03  0.1874181E-03  0.4255430E-04  0.7254871E-05  0.5517452E-03  0.1801632E-03  0.4998838E-05  0.0000000E+00  0.0000000E+00  0.0000000E+00
  3.20892  3.75000  2.39100  2.55874  0.6004426E-03  0.1879346E-03  0.4247885E-04  0.7244258E-05  0.5529696E-03  0.1806904E-03  0.4994208E-05  0.0000000E+00  0.0000000E+00  0.0000000E+00
  3.20972  3.75000  2.39200  2.55974  0.6015928E-03  0.1884530E-03  0.4240353E-04  0.7233656E-05  0.5541997E-03  0.1812194E-03  0.4989577E-05  0.0000000E+00  0.0000000E+00  0.0000000E+00
  3.21051  3.75000  2.39300  2.56074  0.6027482E-03  0.1889720E-03  0.4232832E-04  0.7223066E-05  0.5554349E-03  0.1817489E-03  0.4984946E-05  0.0000000E+00  0.0000000E+00  0.0000000E+00
  3.21131  3.75000  2.39400  2.56174  0.6039021E-03  0.1894916E-03  0.4225323E-04  0.7212485E-05  0.5566686E-03  0.1822791E-03  0.4980315E-05  0.0000000E+00  0.0000000E+00  0.0000000E+00
  3.21211  3.75000  2.39500  2.56274  0.6050827E-03  0.1900207E-03  0.4217826E-04  0.7201916E-05  0.5579288E-03  0.1828188E-03  0.4975683E-05  0.0000000E+00  0.0000000E+00  0.0000000E+00
  3.21291  3.75000  2.39600  2.56374  0.6062481E-03  0.1905453E-03  0.4210340E-04  0.7191358E-05  0.5591736E-03  0.1833540E-03  0.4971051E-05  0.0000000E+00  0.0000000E+00  0.0000000E+00
  3.21370  3.75000  2.39700  2.56474  0.6074149E-03  0.1910710E-03  0.4202867E-04  0.7180810E-05  0.5604198E-03  0.1838902E-03  0.4966418E-05  0.0000000E+00  0.0000000E+00  0.0000000E+00
  3.21450  3.75000  2.39800  2.56574  0.6085829E-03  0.1915977E-03  0.4195405E-04  0.7170274E-05  0.5616670E-03  0.1844274E-03  0.4961784E-05  0.0000000E+00  0.0000000E+00  0.0000000E+00
  3.21530  3.75000  2.39900  2.56674  0.6097520E-03  0.1921254E-03  0.4187955E-04  0.7159749E-05  0.5629153E-03  0.1849657E-03  0.4957149E-05  0.0000000E+00  0.0000000E+00  0.0000000E+00
  3.21610  3.75000  2.40000  2.56774  0.6109222E-03  0.1926542E-03  0.4180517E-04  0.7149235E-05  0.5641645E-03  0.1855049E-03  0.4952514E-05  0.0000000E+00  0.0000000E+00  0.0000000E+00
  3.21690  3.75000  2.40100  2.56874  0.6120934E-03  0.1931839E-03  0.4173091E-04  0.7138732E-05  0.5654146E-03  0.1860452E-03  0.4947878E-05  0.0000000E+00  0.0000000E+00  0.0000000E+00
  3.21770  3.75000  2.40200  2.56974  0.6132655E-03  0.1937146E-03  0.4165677E-04  0.7128240E-05  0.5666655E-03  0.1865863E-03  0.4943240E-05  0.0000000E+00  0.0000000E+00  0.0000000E+00
  3.21850  3.75000  2.40300  2.57074  0.6144386E-03  0.1942462E-03  0.4158274E-04  0.7117759E-05  0.5679173E-03  0.1871284E-03  0.4938602E-05  0.0000000E+00  0.0000000E+00  0.0000000E+00
  3.21929  3.75000  2.40400  2.57174  0.6156127E-03  0.1947787E-03  0.4150884E-04  0.7107290E-05  0.5691699E-03  0.1876714E-03  0.4933963E-05  0.0000000E+00  0.0000000E+00  0.0000000E+00
  3.22009  3.75000  2.40500  2.57274  0.6167876E-03  0.1953122E-03  0.4143505E-04  0.7096832E-05  0.5704233E-03  0.1882154E-03  0.4929322E-05  0.0000000E+00  0.0000000E+00  0.0000000E+00
  3.22089  3.75000  2.40600  2.57374  0.6179635E-03  0.1958466E-03  0.4136138E-04  0.7086385E-05  0.5716774E-03  0.1887602E-03  0.4924680E-05  0.0000000E+00  0.0000000E+00  0.0000000E+00
  3.22169  3.75000  2.40700  2.57474  0.6191402E-03  0.1963819E-03  0.4128783E-04  0.7075950E-05  0.5729323E-03  0.1893059E-03  0.4920038E-05  0.0000000E+00  0.0000000E+00  0.0000000E+00
  3.22249  3.75000  2.40800  2.57574  0.6203177E-03  0.1969180E-03  0.4121440E-04  0.7065526E-05  0.5741879E-03  0.1898525E-03  0.4915393E-05  0.0000000E+00  0.0000000E+00  0.0000000E+00
  3.22329  3.75000  2.40900  2.57674  0.6214961E-03  0.1974551E-03  0.4114109E-04  0.7055113E-05  0.5754442E-03  0.1904000E-03  0.4910748E-05  0.0000000E+00  0.0000000E+00  0.0000000E+00
  3.22409  3.75000  2.41000  2.57774  0.6226752E-03  0.1979931E-03  0.4106790E-04  0.7044712E-05  0.5767012E-03  0.1909484E-03  0.4906101E-05  0.0000000E+00  0.0000000E+00  0.0000000E+00
  3.22489  3.75000  2.41100  2.57874  0.6238552E-03  0.1985320E-03  0.4099483E-04  0.7034323E-05  0.5779589E-03  0.1914976E-03  0.4901452E-05  0.0000000E+00  0.0000000E+00  0.0000000E+00
  3.22569  3.75000  2.41200  2.57974  0.6250360E-03  0.1990717E-03  0.4092188E-04  0.7023945E-05  0.5792173E-03  0.1920478E-03  0.4896802E-05  0.0000000E+00  0.0000000E+00  0.0000000E+00
  3.22649  3.75000  2.41300  2.58074  0.6262176E-03  0.1996124E-03  0.4084904E-04  0.7013579E-05  0.5804764E-03  0.1925988E-03  0.4892151E-05  0.0000000E+00  0.0000000E+00  0.0000000E+00
  3.22729  3.75000  2.41400  2.58174  0.6274000E-03  0.2001539E-03  0.4077633E-04  0.7003224E-05  0.5817362E-03  0.1931507E-03  0.4887498E-05  0.0000000E+00  0.0000000E+00  0.0000000E+00
  3.22809  3.75000  2.41500  2.58274  0.6285831E-03  0.2006964E-03  0.4070374E-04  0.6992881E-05  0.5829966E-03  0.1937035E-03  0.4882843E-05  0.0000000E+00  0.0000000E+00  0.0000000E+00
  3.22889  3.75000  2.41600  2.58374  0.6297671E-03  0.2012397E-03  0.4063126E-04  0.6982550E-05  0.5842576E-03  0.1942571E-03  0.4878186E-05  0.0000000E+00  0.0000000E+00  0.0000000E+00
  3.22969  3.75000  2.41700  2.58474  0.6309517E-03  0.2017839E-03  0.4055891E-04  0.6972230E-05  0.5855193E-03  0.1948117E-03  0.4873528E-05  0.0000000E+00  0.0000000E+00  0.0000000E+00
  3.23049  3.75000  2.41800  2.58574  0.6321371E-03  0.2023290E-03  0.4048667E-04  0.6961922E-05  0.5867816E-03  0.1953671E-03  0.4868868E-05  0.0000000E+00  0.0000000E+00  0.0000000E+00
  3.23129  3.75000  2.41900  2.58674  0.6333233E-03  0.2028750E-03  0.4041456E-04  0.6951626E-05  0.5880445E-03  0.1959234E-03  0.4864205E-05  0.0000000E+00  0.0000000E+00  0.0000000E+00
  3.23209  3.75000  2.42000  2.58774  0.6345102E-03  0.2034220E-03  0.4034256E-04  0.6941342E-05  0.5893081E-03  0.1964806E-03  0.4859541E-05  0.0000000E+00  0.0000000E+00  0.0000000E+00
  3.23289  3.75000  2.42100  2.58874  0.6357047E-03  0.2039709E-03  0.4027068E-04  0.6931070E-05  0.5905791E-03  0.1970398E-03  0.4854875E-05  0.0000000E+00  0.0000000E+00  0.0000000E+00
  3.23369  3.75000  2.42200  2.58974  0.6369030E-03  0.2045202E-03  0.4019893E-04  0.6920809E-05  0.5918539E-03  0.1975994E-03  0.4850207E-05  0.0000000E+00  0.0000000E+00  0.0000000E+00
  3.23449  3.75000  2.42300  2.59074  0.6380998E-03  0.2050703E-03  0.4012729E-04  0.6910561E-05  0.5931270E-03  0.1981597E-03  0.4845537E-05  0.0000000E+00  0.0000000E+00  0.0000000E+00
  3.23529  3.75000  2.42400  2.59174  0.6393006E-03  0.2056211E-03  0.4005577E-04  0.6900324E-05  0.5944040E-03  0.1987208E-03  0.4840865E-05  0.0000000E+00  0.0000000E+00  0.0000000E+00
  3.23609  3.75000  2.42500  2.59274  0.6405029E-03  0.2061728E-03  0.3998438E-04  0.6890100E-05  0.5956823E-03  0.1992827E-03  0.4836191E-05  0.0000000E+00  0.0000000E+00  0.0000000E+00
  3.23690  3.75000  2.42600  2.59374  0.6417062E-03  0.2067254E-03  0.3991310E-04  0.6879887E-05  0.5969616E-03  0.1998455E-03  0.4831514E-05  0.0000000E+00  0.0000000E+00  0.0000000E+00
  3.23770  3.75000  2.42700  2.59474  0.6429104E-03  0.2072788E-03  0.3984194E-04  0.6869687E-05  0.5982416E-03  0.2004091E-03  0.4826835E-05  0.0000000E+00  0.0000000E+00  0.0000000E+00
  3.23850  3.75000  2.42800  2.59574  0.6441348E-03  0.2078402E-03  0.3977090E-04  0.6859498E-05  0.5995418E-03  0.2009807E-03  0.4822154E-05  0.0000000E+00  0.0000000E+00  0.0000000E+00
  3.23930  3.75000  2.42900  2.59674  0.6453464E-03  0.2083985E-03  0.3969999E-04  0.6849322E-05  0.6008289E-03  0.2015492E-03  0.4817470E-05  0.0000000E+00  0.0000000E+00  0.0000000E+00
  3.24010  3.75000  2.43000  2.59774  0.6465590E-03  0.2089580E-03  0.3962919E-04  0.6839157E-05  0.6021171E-03  0.2021188E-03  0.4812784E-05  0.0000000E+00  0.0000000E+00  0.0000000E+00
  3.24090  3.75000  2.43100  2.59874  0.6477727E-03  0.2095185E-03  0.3955851E-04  0.6829005E-05  0.6034061E-03  0.2026895E-03  0.4808096E-05  0.0000000E+00  0.0000000E+00  0.0000000E+00
  3.24171  3.75000  2.43200  2.59974  0.6489873E-03  0.2100801E-03  0.3948796E-04  0.6818865E-05  0.6046960E-03  0.2032612E-03  0.4803405E-05  0.0000000E+00  0.0000000E+00  0.0000000E+00
  3.24251  3.75000  2.43300  2.60074  0.6502029E-03  0.2106427E-03  0.3941752E-04  0.6808737E-05  0.6059867E-03  0.2038340E-03  0.4798712E-05  0.0000000E+00  0.0000000E+00  0.0000000E+00
  3.24331  3.75000  2.43400  2.60174  0.6514195E-03  0.2112063E-03  0.3934720E-04  0.6798622E-05  0.6072783E-03  0.2044077E-03  0.4794016E-05  0.0000000E+00  0.0000000E+00  0.0000000E+00
  3.24411  3.75000  2.43500  2.60274  0.6526369E-03  0.2117710E-03  0.3927700E-04  0.6788519E-05  0.6085706E-03  0.2049824E-03  0.4789317E-05  0.0000000E+00  0.0000000E+00  0.0000000E+00
  3.24491  3.75000  2.43600  2.60374  0.6538553E-03  0.2123365E-03  0.3920692E-04  0.6778428E-05  0.6098637E-03  0.2055581E-03  0.4784616E-05  0.0000000E+00  0.0000000E+00  0.0000000E+00
  3.24572  3.75000  2.43700  2.60474  0.6550745E-03  0.2129031E-03  0.3913697E-04  0.6768349E-05  0.6111576E-03  0.2061348E-03  0.4779912E-05  0.0000000E+00  0.0000000E+00  0.0000000E+00
  3.24652  3.75000  2.43800  2.60574  0.6562945E-03  0.2134706E-03  0.3906713E-04  0.6758282E-05  0.6124522E-03  0.2067123E-03  0.4775205E-05  0.0000000E+00  0.0000000E+00  0.0000000E+00
  3.24732  3.75000  2.43900  2.60674  0.6575154E-03  0.2140391E-03  0.3899741E-04  0.6748228E-05  0.6137475E-03  0.2072908E-03  0.4770496E-05  0.0000000E+00  0.0000000E+00  0.0000000E+00
  3.24812  3.75000  2.44000  2.60774  0.6587371E-03  0.2146084E-03  0.3892781E-04  0.6738187E-05  0.6150435E-03  0.2078703E-03  0.4765784E-05  0.0000000E+00  0.0000000E+00  0.0000000E+00
  3.24893  3.75000  2.44100  2.60874  0.6599595E-03  0.2151788E-03  0.3885834E-04  0.6728157E-05  0.6163401E-03  0.2084506E-03  0.4761069E-05  0.0000000E+00  0.0000000E+00  0.0000000E+00
  3.24973  3.75000  2.44200  2.60974  0.6611828E-03  0.2157500E-03  0.3878898E-04  0.6718140E-05  0.6176375E-03  0.2090318E-03  0.4756351E-05  0.0000000E+00  0.0000000E+00  0.0000000E+00
  3.25053  3.75000  2.44300  2.61074  0.6624069E-03  0.2163221E-03  0.3871974E-04  0.6708136E-05  0.6189355E-03  0.2096140E-03  0.4751630E-05  0.0000000E+00  0.0000000E+00  0.0000000E+00
  3.25134  3.75000  2.44400  2.61174  0.6636317E-03  0.2168952E-03  0.3865062E-04  0.6698144E-05  0.6202342E-03  0.2101970E-03  0.4746906E-05  0.0000000E+00  0.0000000E+00  0.0000000E+00
  3.25214  3.75000  2.44500  2.61274  0.6648573E-03  0.2174692E-03  0.3858162E-04  0.6688164E-05  0.6215335E-03  0.2107810E-03  0.4742179E-05  0.0000000E+00  0.0000000E+00  0.0000000E+00
  3.25294  3.75000  2.44600  2.61374  0.6660837E-03  0.2180441E-03  0.3851274E-04  0.6678197E-05  0.6228335E-03  0.2113659E-03  0.4737450E-05  0.0000000E+00  0.0000000E+00  0.0000000E+00
  3.25375  3.75000  2.44700  2.61474  0.6673108E-03  0.2186199E-03  0.3844399E-04  0.6668243E-05  0.6241341E-03  0.2119517E-03  0.4732717E-05  0.0000000E+00  0.0000000E+00  0.0000000E+00
  3.25455  3.75000  2.44800  2.61574  0.6685386E-03  0.2191967E-03  0.3837535E-04  0.6658301E-05  0.6254353E-03  0.2125384E-03  0.4727981E-05  0.0000000E+00  0.0000000E+00  0.0000000E+00
  3.25535  3.75000  2.44900  2.61674  0.6697672E-03  0.2197744E-03  0.3830683E-04  0.6648371E-05  0.6267371E-03  0.2131260E-03  0.4723242E-05  0.0000000E+00  0.0000000E+00  0.0000000E+00
  3.25616  3.75000  2.45000  2.61774  0.6710009E-03  0.2203539E-03  0.3823843E-04  0.6638455E-05  0.6280440E-03  0.2137154E-03  0.4718500E-05  0.0000000E+00  0.0000000E+00  0.0000000E+00
  3.25696  3.75000  2.45100  2.61874  0.6722413E-03  0.2209342E-03  0.3817015E-04  0.6628550E-05  0.6293574E-03  0.2143057E-03  0.4713755E-05  0.0000000E+00  0.0000000E+00  0.0000000E+00
  3.25777  3.75000  2.45200  2.61974  0.6734802E-03  0.2215152E-03  0.3810199E-04  0.6618659E-05  0.6306692E-03  0.2148966E-03  0.4709007E-05  0.0000000E+00  0.0000000E+00  0.0000000E+00
  3.25857  3.75000  2.45300  2.62074  0.6747226E-03  0.2220971E-03  0.3803395E-04  0.6608780E-05  0.6319844E-03  0.2154883E-03  0.4704255E-05  0.0000000E+00  0.0000000E+00  0.0000000E+00
  3.25938  3.75000  2.45400  2.62174  0.6759668E-03  0.2226797E-03  0.3796603E-04  0.6598913E-05  0.6333013E-03  0.2160808E-03  0.4699500E-05  0.0000000E+00  0.0000000E+00  0.0000000E+00
  3.26018  3.75000  2.45500  2.62274  0.6772122E-03  0.2232633E-03  0.3789822E-04  0.6589059E-05  0.6346193E-03  0.2166742E-03  0.4694742E-05  0.0000000E+00  0.0000000E+00  0.0000000E+00
  3.26098  3.75000  2.45600  2.62374  0.6784586E-03  0.2238477E-03  0.3783054E-04  0.6579218E-05  0.6359381E-03  0.2172685E-03  0.4689980E-05  0.0000000E+00  0.0000000E+00  0.0000000E+00
  3.26179  3.75000  2.45700  2.62474  0.6797058E-03  0.2244331E-03  0.3776298E-04  0.6569390E-05  0.6372576E-03  0.2178637E-03  0.4685216E-05  0.0000000E+00  0.0000000E+00  0.0000000E+00
  3.26259  3.75000  2.45800  2.62574  0.6809538E-03  0.2250193E-03  0.3769554E-04  0.6559574E-05  0.6385778E-03  0.2184597E-03  0.4680447E-05  0.0000000E+00  0.0000000E+00  0.0000000E+00
  3.26340  3.75000  2.45900  2.62674  0.6822026E-03  0.2256064E-03  0.3762821E-04  0.6549771E-05  0.6398987E-03  0.2190567E-03  0.4675676E-05  0.0000000E+00  0.0000000E+00  0.0000000E+00
  3.26420  3.75000  2.46000  2.62774  0.6834521E-03  0.2261945E-03  0.3756101E-04  0.6539981E-05  0.6412202E-03  0.2196545E-03  0.4670901E-05  0.0000000E+00  0.0000000E+00  0.0000000E+00
  3.26501  3.75000  2.46100  2.62874  0.6847023E-03  0.2267834E-03  0.3749392E-04  0.6530204E-05  0.6425422E-03  0.2202532E-03  0.4666123E-05  0.0000000E+00  0.0000000E+00  0.0000000E+00
  3.26581  3.75000  2.46200  2.62974  0.6859716E-03  0.2273801E-03  0.3742696E-04  0.6520439E-05  0.6438833E-03  0.2208597E-03  0.4661341E-05  0.0000000E+00  0.0000000E+00  0.0000000E+00
  3.26662  3.75000  2.46300  2.63074  0.6872286E-03  0.2279739E-03  0.3736011E-04  0.6510687E-05  0.6452119E-03  0.2214632E-03  0.4656556E-05  0.0000000E+00  0.0000000E+00  0.0000000E+00
  3.26742  3.75000  2.46400  2.63174  0.6884866E-03  0.2285688E-03  0.3729338E-04  0.6500948E-05  0.6465414E-03  0.2220679E-03  0.4651767E-05  0.0000000E+00  0.0000000E+00  0.0000000E+00
  3.26823  3.75000  2.46500  2.63274  0.6897455E-03  0.2291649E-03  0.3722677E-04  0.6491222E-05  0.6478717E-03  0.2226736E-03  0.4646974E-05  0.0000000E+00  0.0000000E+00  0.0000000E+00
  3.26904  3.75000  2.46600  2.63374  0.6910053E-03  0.2297620E-03  0.3716028E-04  0.6481509E-05  0.6492028E-03  0.2232805E-03  0.4642179E-05  0.0000000E+00  0.0000000E+00  0.0000000E+00
  3.26984  3.75000  2.46700  2.63474  0.6922660E-03  0.2303601E-03  0.3709391E-04  0.6471808E-05  0.6505347E-03  0.2238883E-03  0.4637379E-05  0.0000000E+00  0.0000000E+00  0.0000000E+00
  3.27065  3.75000  2.46800  2.63574  0.6935275E-03  0.2309593E-03  0.3702766E-04  0.6462121E-05  0.6518673E-03  0.2244972E-03  0.4632576E-05  0.0000000E+00  0.0000000E+00  0.0000000E+00
  3.27145  3.75000  2.46900  2.63674  0.6947899E-03  0.2315595E-03  0.3696152E-04  0.6452446E-05  0.6532006E-03  0.2251071E-03  0.4627770E-05  0.0000000E+00  0.0000000E+00  0.0000000E+00
  3.27226  3.75000  2.47000  2.63774  0.6960532E-03  0.2321607E-03  0.3689551E-04  0.6442784E-05  0.6545347E-03  0.2257179E-03  0.4622960E-05  0.0000000E+00  0.0000000E+00  0.0000000E+00
  3.27307  3.75000  2.47100  2.63874  0.6973172E-03  0.2327629E-03  0.3682961E-04  0.6433135E-05  0.6558694E-03  0.2263298E-03  0.4618146E-05  0.0000000E+00  0.0000000E+00  0.0000000E+00
  3.27387  3.75000  2.47200  2.63974  0.6985820E-03  0.2333660E-03  0.3676383E-04  0.6423499E-05  0.6572048E-03  0.2269425E-03  0.4613328E-05  0.0000000E+00  0.0000000E+00  0.0000000E+00
  3.27468  3.75000  2.47300  2.64074  0.6998476E-03  0.2339701E-03  0.3669817E-04  0.6413875E-05  0.6585409E-03  0.2275563E-03  0.4608507E-05  0.0000000E+00  0.0000000E+00  0.0000000E+00
  3.27548  3.75000  2.47400  2.64174  0.7011139E-03  0.2345752E-03  0.3663263E-04  0.6404265E-05  0.6598776E-03  0.2281709E-03  0.4603682E-05  0.0000000E+00  0.0000000E+00  0.0000000E+00
  3.27629  3.75000  2.47500  2.64274  0.7023811E-03  0.2351812E-03  0.3656721E-04  0.6394668E-05  0.6612150E-03  0.2287865E-03  0.4598854E-05  0.0000000E+00  0.0000000E+00  0.0000000E+00
  3.27710  3.75000  2.47600  2.64374  0.7036489E-03  0.2357882E-03  0.3650190E-04  0.6385083E-05  0.6625530E-03  0.2294031E-03  0.4594022E-05  0.0000000E+00  0.0000000E+00  0.0000000E+00
  3.27790  3.75000  2.47700  2.64474  0.7049175E-03  0.2363961E-03  0.3643672E-04  0.6375512E-05  0.6638916E-03  0.2300206E-03  0.4589186E-05  0.0000000E+00  0.0000000E+00  0.0000000E+00
  3.27871  3.75000  2.47800  2.64574  0.7061869E-03  0.2370049E-03  0.3637165E-04  0.6365953E-05  0.6652309E-03  0.2306390E-03  0.4584346E-05  0.0000000E+00  0.0000000E+00  0.0000000E+00
  3.27952  3.75000  2.47900  2.64674  0.7074570E-03  0.2376147E-03  0.3630670E-04  0.6356408E-05  0.6665708E-03  0.2312583E-03  0.4579503E-05  0.0000000E+00  0.0000000E+00  0.0000000E+00
  3.28033  3.75000  2.48000  2.64774  0.7087356E-03  0.2382268E-03  0.3624186E-04  0.6346875E-05  0.6679191E-03  0.2318799E-03  0.4574656E-05  0.0000000E+00  0.0000000E+00  0.0000000E+00
  3.28113  3.75000  2.48100  2.64874  0.7100178E-03  0.2388392E-03  0.3617715E-04  0.6337356E-05  0.6692708E-03  0.2325019E-03  0.4569805E-05  0.0000000E+00  0.0000000E+00  0.0000000E+00
  3.28194  3.75000  2.48200  2.64974  0.7112983E-03  0.2394524E-03  0.3611255E-04  0.6327849E-05  0.6706208E-03  0.2331246E-03  0.4564950E-05  0.0000000E+00  0.0000000E+00  0.0000000E+00
  3.28275  3.75000  2.48300  2.65074  0.7125830E-03  0.2400665E-03  0.3604807E-04  0.6318356E-05  0.6719749E-03  0.2337481E-03  0.4560091E-05  0.0000000E+00  0.0000000E+00  0.0000000E+00
  3.28355  3.75000  2.48400  2.65174  0.7138693E-03  0.2406815E-03  0.3598371E-04  0.6308875E-05  0.6733303E-03  0.2343726E-03  0.4555229E-05  0.0000000E+00  0.0000000E+00  0.0000000E+00
  3.28436  3.75000  2.48500  2.65274  0.7151566E-03  0.2412974E-03  0.3591947E-04  0.6299408E-05  0.6746868E-03  0.2349979E-03  0.4550363E-05  0.0000000E+00  0.0000000E+00  0.0000000E+00
  3.28517  3.75000  2.48600  2.65374  0.7164449E-03  0.2419142E-03  0.3585534E-04  0.6289953E-05  0.6760441E-03  0.2356242E-03  0.4545493E-05  0.0000000E+00  0.0000000E+00  0.0000000E+00
  3.28598  3.75000  2.48700  2.65474  0.7177341E-03  0.2425319E-03  0.3579133E-04  0.6280512E-05  0.6774021E-03  0.2362514E-03  0.4540619E-05  0.0000000E+00  0.0000000E+00  0.0000000E+00
  3.28679  3.75000  2.48800  2.65574  0.7190240E-03  0.2431505E-03  0.3572744E-04  0.6271083E-05  0.6787608E-03  0.2368794E-03  0.4535741E-05  0.0000000E+00  0.0000000E+00  0.0000000E+00
  3.28759  3.75000  2.48900  2.65674  0.7203147E-03  0.2437701E-03  0.3566366E-04  0.6261668E-05  0.6801202E-03  0.2375084E-03  0.4530860E-05  0.0000000E+00  0.0000000E+00  0.0000000E+00
  3.28840  3.75000  2.49000  2.65774  0.7216062E-03  0.2443906E-03  0.3560000E-04  0.6252266E-05  0.6814802E-03  0.2381384E-03  0.4525975E-05  0.0000000E+00  0.0000000E+00  0.0000000E+00
  3.28921  3.75000  2.49100  2.65874  0.7228984E-03  0.2450121E-03  0.3553646E-04  0.6242877E-05  0.6828408E-03  0.2387692E-03  0.4521085E-05  0.0000000E+00  0.0000000E+00  0.0000000E+00
  3.29002  3.75000  2.49200  2.65974  0.7241913E-03  0.2456344E-03  0.3547303E-04  0.6233501E-05  0.6842020E-03  0.2394009E-03  0.4516192E-05  0.0000000E+00  0.0000000E+00  0.0000000E+00
  3.29083  3.75000  2.49300  2.66074  0.7254848E-03  0.2462577E-03  0.3540973E-04  0.6224138E-05  0.6855638E-03  0.2400336E-03  0.4511295E-05  0.0000000E+00  0.0000000E+00  0.0000000E+00
  3.29164  3.75000  2.49400  2.66174  0.7267791E-03  0.2468819E-03  0.3534653E-04  0.6214788E-05  0.6869261E-03  0.2406671E-03  0.4506395E-05  0.0000000E+00  0.0000000E+00  0.0000000E+00
  3.29244  3.75000  2.49500  2.66274  0.7280739E-03  0.2475070E-03  0.3528346E-04  0.6205451E-05  0.6882890E-03  0.2413016E-03  0.4501490E-05  0.0000000E+00  0.0000000E+00  0.0000000E+00
  3.29325  3.75000  2.49600  2.66374  0.7293695E-03  0.2481330E-03  0.3522050E-04  0.6196127E-05  0.6896524E-03  0.2419369E-03  0.4496581E-05  0.0000000E+00  0.0000000E+00  0.0000000E+00
  3.29406  3.75000  2.49700  2.66474  0.7306849E-03  0.2487679E-03  0.3515766E-04  0.6186816E-05  0.6910356E-03  0.2425810E-03  0.4491669E-05  0.0000000E+00  0.0000000E+00  0.0000000E+00
  3.29487  3.75000  2.49800  2.66574  0.7319869E-03  0.2493988E-03  0.3509493E-04  0.6177519E-05  0.6924052E-03  0.2432213E-03  0.4486752E-05  0.0000000E+00  0.0000000E+00  0.0000000E+00
  3.29568  3.75000  2.49900  2.66674  0.7332897E-03  0.2500308E-03  0.3503232E-04  0.6168234E-05  0.6937755E-03  0.2438626E-03  0.4481832E-05  0.0000000E+00  0.0000000E+00  0.0000000E+00
  3.29649  3.75000  2.50000  2.66774  0.7345934E-03  0.2506640E-03  0.3496983E-04  0.6158963E-05  0.6951466E-03  0.2445051E-03  0.4476908E-05  0.0000000E+00  0.0000000E+00  0.0000000E+00
  3.29730  3.75000  2.50100  2.66874  0.7358979E-03  0.2512983E-03  0.3490745E-04  0.6149705E-05  0.6965185E-03  0.2451486E-03  0.4471980E-05  0.0000000E+00  0.0000000E+00  0.0000000E+00
  3.29811  3.75000  2.50200  2.66974  0.7372032E-03  0.2519336E-03  0.3484518E-04  0.6140460E-05  0.6978910E-03  0.2457931E-03  0.4467048E-05  0.0000000E+00  0.0000000E+00  0.0000000E+00
  3.29892  3.75000  2.50300  2.67074  0.7385093E-03  0.2525699E-03  0.3478304E-04  0.6131228E-05  0.6992642E-03  0.2464387E-03  0.4462112E-05  0.0000000E+00  0.0000000E+00  0.0000000E+00
  3.29973  3.75000  2.50400  2.67174  0.7398162E-03  0.2532073E-03  0.3472100E-04  0.6122009E-05  0.7006380E-03  0.2470853E-03  0.4457172E-05  0.0000000E+00  0.0000000E+00  0.0000000E+00
  3.30054  3.75000  2.50500  2.67274  0.7411239E-03  0.2538457E-03  0.3465909E-04  0.6112803E-05  0.7020125E-03  0.2477329E-03  0.4452229E-05  0.0000000E+00  0.0000000E+00  0.0000000E+00
  3.30135  3.75000  2.50600  2.67374  0.7424323E-03  0.2544851E-03  0.3459729E-04  0.6103611E-05  0.7033877E-03  0.2483815E-03  0.4447281E-05  0.0000000E+00  0.0000000E+00  0.0000000E+00
  3.30216  3.75000  2.50700  2.67474  0.7437414E-03  0.2551254E-03  0.3453560E-04  0.6094431E-05  0.7047635E-03  0.2490310E-03  0.4442330E-05  0.0000000E+00  0.0000000E+00  0.0000000E+00
  3.30297  3.75000  2.50800  2.67574  0.7450513E-03  0.2557668E-03  0.3447403E-04  0.6085265E-05  0.7061399E-03  0.2496815E-03  0.4437375E-05  0.0000000E+00  0.0000000E+00  0.0000000E+00
  3.30378  3.75000  2.50900  2.67674  0.7463619E-03  0.2564091E-03  0.3441257E-04  0.6076111E-05  0.7075169E-03  0.2503330E-03  0.4432415E-05  0.0000000E+00  0.0000000E+00  0.0000000E+00
  3.30459  3.75000  2.51000  2.67774  0.7476799E-03  0.2570536E-03  0.3435123E-04  0.6066971E-05  0.7089012E-03  0.2509866E-03  0.4427452E-05  0.0000000E+00  0.0000000E+00  0.0000000E+00
  3.30540  3.75000  2.51100  2.67874  0.7490028E-03  0.2576987E-03  0.3429000E-04  0.6057844E-05  0.7102903E-03  0.2516409E-03  0.4422485E-05  0.0000000E+00  0.0000000E+00  0.0000000E+00
  3.30621  3.75000  2.51200  2.67974  0.7503240E-03  0.2583445E-03  0.3422889E-04  0.6048731E-05  0.7116776E-03  0.2522958E-03  0.4417514E-05  0.0000000E+00  0.0000000E+00  0.0000000E+00
  3.30702  3.75000  2.51300  2.68074  0.7516492E-03  0.2589913E-03  0.3416789E-04  0.6039630E-05  0.7130688E-03  0.2529516E-03  0.4412540E-05  0.0000000E+00  0.0000000E+00  0.0000000E+00
  3.30783  3.75000  2.51400  2.68174  0.7529762E-03  0.2596389E-03  0.3410701E-04  0.6030542E-05  0.7144616E-03  0.2536084E-03  0.4407561E-05  0.0000000E+00  0.0000000E+00  0.0000000E+00
  3.30864  3.75000  2.51500  2.68274  0.7543043E-03  0.2602875E-03  0.3404624E-04  0.6021468E-05  0.7158555E-03  0.2542660E-03  0.4402578E-05  0.0000000E+00  0.0000000E+00  0.0000000E+00
  3.30945  3.75000  2.51600  2.68374  0.7556334E-03  0.2609370E-03  0.3398558E-04  0.6012407E-05  0.7172502E-03  0.2549246E-03  0.4397592E-05  0.0000000E+00  0.0000000E+00  0.0000000E+00
  3.31026  3.75000  2.51700  2.68474  0.7569633E-03  0.2615875E-03  0.3392504E-04  0.6003359E-05  0.7186457E-03  0.2555841E-03  0.4392602E-05  0.0000000E+00  0.0000000E+00  0.0000000E+00
  3.31107  3.75000  2.51800  2.68574  0.7582941E-03  0.2622389E-03  0.3386462E-04  0.5994324E-05  0.7200419E-03  0.2562446E-03  0.4387608E-05  0.0000000E+00  0.0000000E+00  0.0000000E+00
  3.31188  3.75000  2.51900  2.68674  0.7596256E-03  0.2628913E-03  0.3380430E-04  0.5985302E-05  0.7214387E-03  0.2569060E-03  0.4382610E-05  0.0000000E+00  0.0000000E+00  0.0000000E+00
  3.31270  3.75000  2.52000  2.68774  0.7609580E-03  0.2635447E-03  0.3374410E-04  0.5976293E-05  0.7228363E-03  0.2575684E-03  0.4377608E-05  0.0000000E+00  0.0000000E+00  0.0000000E+00
  3.31351  3.75000  2.52100  2.68874  0.7622910E-03  0.2641990E-03  0.3368401E-04  0.5967297E-05  0.7242344E-03  0.2582317E-03  0.4372602E-05  0.0000000E+00  0.0000000E+00  0.0000000E+00
  3.31432  3.75000  2.52200  2.68974  0.7636248E-03  0.2648543E-03  0.3362404E-04  0.5958315E-05  0.7256332E-03  0.2588959E-03  0.4367593E-05  0.0000000E+00  0.0000000E+00  0.0000000E+00
  3.31513  3.75000  2.52300  2.69074  0.7649593E-03  0.2655105E-03  0.3356418E-04  0.5949346E-05  0.7270325E-03  0.2595611E-03  0.4362580E-05  0.0000000E+00  0.0000000E+00  0.0000000E+00
  3.31594  3.75000  2.52400  2.69174  0.7662944E-03  0.2661676E-03  0.3350443E-04  0.5940389E-05  0.7284324E-03  0.2602273E-03  0.4357563E-05  0.0000000E+00  0.0000000E+00  0.0000000E+00
  3.31675  3.75000  2.52500  2.69274  0.7676303E-03  0.2668258E-03  0.3344480E-04  0.5931446E-05  0.7298329E-03  0.2608943E-03  0.4352542E-05  0.0000000E+00  0.0000000E+00  0.0000000E+00
  3.31757  3.75000  2.52600  2.69374  0.7689667E-03  0.2674848E-03  0.3338527E-04  0.5922516E-05  0.7312340E-03  0.2615623E-03  0.4347517E-05  0.0000000E+00  0.0000000E+00  0.0000000E+00
  3.31838  3.75000  2.52700  2.69474  0.7703039E-03  0.2681448E-03  0.3332586E-04  0.5913600E-05  0.7326355E-03  0.2622312E-03  0.4342489E-05  0.0000000E+00  0.0000000E+00  0.0000000E+00
  3.31919  3.75000  2.52800  2.69574  0.7716416E-03  0.2688058E-03  0.3326657E-04  0.5904696E-05  0.7340376E-03  0.2629011E-03  0.4337457E-05  0.0000000E+00  0.0000000E+00  0.0000000E+00
  3.32000  3.75000  2.52900  2.69674  0.7729800E-03  0.2694677E-03  0.3320738E-04  0.5895805E-05  0.7354402E-03  0.2635719E-03  0.4332421E-05  0.0000000E+00  0.0000000E+00  0.0000000E+00
  3.32081  3.75000  2.53000  2.69774  0.7743189E-03  0.2701305E-03  0.3314831E-04  0.5886928E-05  0.7368432E-03  0.2642436E-03  0.4327381E-05  0.0000000E+00  0.0000000E+00  0.0000000E+00
  3.32163  3.75000  2.53100  2.69874  0.7756585E-03  0.2707943E-03  0.3308935E-04  0.5878064E-05  0.7382468E-03  0.2649162E-03  0.4322338E-05  0.0000000E+00  0.0000000E+00  0.0000000E+00
  3.32244  3.75000  2.53200  2.69974  0.7770157E-03  0.2714660E-03  0.3303050E-04  0.5869212E-05  0.7396679E-03  0.2655968E-03  0.4317290E-05  0.0000000E+00  0.0000000E+00  0.0000000E+00
  3.32325  3.75000  2.53300  2.70074  0.7783612E-03  0.2721345E-03  0.3297176E-04  0.5860374E-05  0.7410772E-03  0.2662741E-03  0.4312239E-05  0.0000000E+00  0.0000000E+00  0.0000000E+00
  3.32406  3.75000  2.53400  2.70174  0.7797074E-03  0.2728042E-03  0.3291314E-04  0.5851549E-05  0.7424871E-03  0.2669526E-03  0.4307185E-05  0.0000000E+00  0.0000000E+00  0.0000000E+00
  3.32488  3.75000  2.53500  2.70274  0.7810545E-03  0.2734750E-03  0.3285462E-04  0.5842737E-05  0.7438978E-03  0.2676323E-03  0.4302127E-05  0.0000000E+00  0.0000000E+00  0.0000000E+00
  3.32569  3.75000  2.53600  2.70374  0.7824024E-03  0.2741469E-03  0.3279622E-04  0.5833939E-05  0.7453091E-03  0.2683130E-03  0.4297065E-05  0.0000000E+00  0.0000000E+00  0.0000000E+00
  3.32650  3.75000  2.53700  2.70474  0.7837511E-03  0.2748199E-03  0.3273793E-04  0.5825153E-05  0.7467211E-03  0.2689947E-03  0.4291999E-05  0.0000000E+00  0.0000000E+00  0.0000000E+00
  3.32732  3.75000  2.53800  2.70574  0.7851005E-03  0.2754939E-03  0.3267975E-04  0.5816380E-05  0.7481338E-03  0.2696776E-03  0.4286930E-05  0.0000000E+00  0.0000000E+00  0.0000000E+00
  3.32813  3.75000  2.53900  2.70674  0.7864506E-03  0.2761690E-03  0.3262168E-04  0.5807621E-05  0.7495471E-03  0.2703614E-03  0.4281857E-05  0.0000000E+00  0.0000000E+00  0.0000000E+00
  3.32894  3.75000  2.54000  2.70774  0.7878016E-03  0.2768453E-03  0.3256372E-04  0.5798874E-05  0.7509611E-03  0.2710464E-03  0.4276780E-05  0.0000000E+00  0.0000000E+00  0.0000000E+00
  3.32976  3.75000  2.54100  2.70874  0.7891645E-03  0.2775240E-03  0.3250587E-04  0.5790141E-05  0.7523870E-03  0.2717338E-03  0.4271700E-05  0.0000000E+00  0.0000000E+00  0.0000000E+00
  3.33057  3.75000  2.54200  2.70974  0.7905278E-03  0.2782028E-03  0.3244813E-04  0.5781421E-05  0.7538130E-03  0.2724214E-03  0.4266616E-05  0.0000000E+00  0.0000000E+00  0.0000000E+00
  3.33138  3.75000  2.54300  2.71074  0.7918895E-03  0.2788825E-03  0.3239051E-04  0.5772713E-05  0.7552375E-03  0.2731098E-03  0.4261529E-05  0.0000000E+00  0.0000000E+00  0.0000000E+00
  3.33220  3.75000  2.54400  2.71174  0.7932557E-03  0.2795632E-03  0.3233299E-04  0.5764019E-05  0.7566663E-03  0.2737991E-03  0.4256438E-05  0.0000000E+00  0.0000000E+00  0.0000000E+00
  3.33301  3.75000  2.54500  2.71274  0.7946233E-03  0.2802447E-03  0.3227558E-04  0.5755338E-05  0.7580964E-03  0.2744894E-03  0.4251343E-05  0.0000000E+00  0.0000000E+00  0.0000000E+00
  3.33383  3.75000  2.54600  2.71374  0.7959920E-03  0.2809273E-03  0.3221828E-04  0.5746670E-05  0.7595275E-03  0.2751806E-03  0.4246245E-05  0.0000000E+00  0.0000000E+00  0.0000000E+00
  3.33464  3.75000  2.54700  2.71474  0.7973616E-03  0.2816108E-03  0.3216110E-04  0.5738015E-05  0.7609593E-03  0.2758728E-03  0.4241143E-05  0.0000000E+00  0.0000000E+00  0.0000000E+00
  3.33545  3.75000  2.54800  2.71574  0.7987320E-03  0.2822953E-03  0.3210402E-04  0.5729373E-05  0.7623919E-03  0.2765660E-03  0.4236038E-05  0.0000000E+00  0.0000000E+00  0.0000000E+00
  3.33627  3.75000  2.54900  2.71674  0.8001032E-03  0.2829808E-03  0.3204705E-04  0.5720744E-05  0.7638252E-03  0.2772601E-03  0.4230930E-05  0.0000000E+00  0.0000000E+00  0.0000000E+00
  3.33708  3.75000  2.55000  2.71774  0.8014752E-03  0.2836673E-03  0.3199019E-04  0.5712128E-05  0.7652592E-03  0.2779552E-03  0.4225818E-05  0.0000000E+00  0.0000000E+00  0.0000000E+00
  3.33790  3.75000  2.55100  2.71874  0.8028480E-03  0.2843548E-03  0.3193344E-04  0.5703525E-05  0.7666939E-03  0.2786512E-03  0.4220702E-05  0.0000000E+00  0.0000000E+00  0.0000000E+00
  3.33871  3.75000  2.55200  2.71974  0.8042216E-03  0.2850432E-03  0.3187680E-04  0.5694935E-05  0.7681292E-03  0.2793483E-03  0.4215583E-05  0.0000000E+00  0.0000000E+00  0.0000000E+00
  3.33953  3.75000  2.55300  2.72074  0.8055958E-03  0.2857326E-03  0.3182027E-04  0.5686359E-05  0.7695651E-03  0.2800463E-03  0.4210460E-05  0.0000000E+00  0.0000000E+00  0.0000000E+00
  3.34034  3.75000  2.55400  2.72174  0.8069708E-03  0.2864231E-03  0.3176384E-04  0.5677795E-05  0.7710016E-03  0.2807453E-03  0.4205335E-05  0.0000000E+00  0.0000000E+00  0.0000000E+00
  3.34116  3.75000  2.55500  2.72274  0.8083464E-03  0.2871144E-03  0.3170753E-04  0.5669244E-05  0.7724387E-03  0.2814452E-03  0.4200205E-05  0.0000000E+00  0.0000000E+00  0.0000000E+00
  3.34197  3.75000  2.55600  2.72374  0.8097227E-03  0.2878068E-03  0.3165132E-04  0.5660706E-05  0.7738763E-03  0.2821461E-03  0.4195073E-05  0.0000000E+00  0.0000000E+00  0.0000000E+00
  3.34279  3.75000  2.55700  2.72474  0.8110997E-03  0.2885002E-03  0.3159522E-04  0.5652181E-05  0.7753145E-03  0.2828480E-03  0.4189937E-05  0.0000000E+00  0.0000000E+00  0.0000000E+00
  3.34360  3.75000  2.55800  2.72574  0.8124773E-03  0.2891945E-03  0.3153923E-04  0.5643669E-05  0.7767533E-03  0.2835508E-03  0.4184797E-05  0.0000000E+00  0.0000000E+00  0.0000000E+00
  3.34442  3.75000  2.55900  2.72674  0.8138556E-03  0.2898898E-03  0.3148335E-04  0.5635170E-05  0.7781926E-03  0.2842546E-03  0.4179655E-05  0.0000000E+00  0.0000000E+00  0.0000000E+00
  3.34523  3.75000  2.56000  2.72774  0.8152344E-03  0.2905860E-03  0.3142757E-04  0.5626684E-05  0.7796324E-03  0.2849594E-03  0.4174509E-05  0.0000000E+00  0.0000000E+00  0.0000000E+00
  3.34605  3.75000  2.56100  2.72874  0.8166139E-03  0.2912833E-03  0.3137190E-04  0.5618211E-05  0.7810727E-03  0.2856651E-03  0.4169359E-05  0.0000000E+00  0.0000000E+00  0.0000000E+00
  3.34686  3.75000  2.56200  2.72974  0.8179940E-03  0.2919815E-03  0.3131634E-04  0.5609751E-05  0.7825135E-03  0.2863717E-03  0.4164207E-05  0.0000000E+00  0.0000000E+00  0.0000000E+00
  3.34768  3.75000  2.56300  2.73074  0.8193747E-03  0.2926806E-03  0.3126089E-04  0.5601304E-05  0.7839548E-03  0.2870793E-03  0.4159051E-05  0.0000000E+00  0.0000000E+00  0.0000000E+00
  3.34849  3.75000  2.56400  2.73174  0.8207560E-03  0.2933808E-03  0.3120554E-04  0.5592870E-05  0.7853965E-03  0.2877879E-03  0.4153892E-05  0.0000000E+00  0.0000000E+00  0.0000000E+00
  3.34931  3.75000  2.56500  2.73274  0.8221378E-03  0.2940818E-03  0.3115030E-04  0.5584448E-05  0.7868388E-03  0.2884974E-03  0.4148730E-05  0.0000000E+00  0.0000000E+00  0.0000000E+00
  3.35013  3.75000  2.56600  2.73374  0.8235202E-03  0.2947839E-03  0.3109517E-04  0.5576040E-05  0.7882815E-03  0.2892078E-03  0.4143564E-05  0.0000000E+00  0.0000000E+00  0.0000000E+00
  3.35094  3.75000  2.56700  2.73474  0.8249031E-03  0.2954869E-03  0.3104014E-04  0.5567644E-05  0.7897246E-03  0.2899192E-03  0.4138396E-05  0.0000000E+00  0.0000000E+00  0.0000000E+00
  3.35176  3.75000  2.56800  2.73574  0.8263032E-03  0.2961979E-03  0.3098523E-04  0.5559262E-05  0.7911848E-03  0.2906386E-03  0.4133224E-05  0.0000000E+00  0.0000000E+00  0.0000000E+00
  3.35257  3.75000  2.56900  2.73674  0.8276917E-03  0.2969056E-03  0.3093041E-04  0.5550892E-05  0.7926333E-03  0.2913547E-03  0.4128049E-05  0.0000000E+00  0.0000000E+00  0.0000000E+00
  3.35339  3.75000  2.57000  2.73774  0.8290810E-03  0.2976144E-03  0.3087571E-04  0.5542535E-05  0.7940824E-03  0.2920719E-03  0.4122871E-05  0.0000000E+00  0.0000000E+00  0.0000000E+00
  3.35421  3.75000  2.57100  2.73874  0.8304710E-03  0.2983244E-03  0.3082110E-04  0.5534191E-05  0.7955322E-03  0.2927902E-03  0.4117690E-05  0.0000000E+00  0.0000000E+00  0.0000000E+00
  3.35502  3.75000  2.57200  2.73974  0.8318731E-03  0.2990373E-03  0.3076661E-04  0.5525860E-05  0.7969940E-03  0.2935114E-03  0.4112506E-05  0.0000000E+00  0.0000000E+00  0.0000000E+00
  3.35584  3.75000  2.57300  2.74074  0.8332757E-03  0.2997502E-03  0.3071222E-04  0.5517542E-05  0.7984561E-03  0.2942327E-03  0.4107319E-05  0.0000000E+00  0.0000000E+00  0.0000000E+00
  3.35666  3.75000  2.57400  2.74174  0.8346766E-03  0.3004640E-03  0.3065793E-04  0.5509236E-05  0.7999166E-03  0.2949548E-03  0.4102128E-05  0.0000000E+00  0.0000000E+00  0.0000000E+00
  3.35747  3.75000  2.57500  2.74274  0.8360821E-03  0.3011789E-03  0.3060376E-04  0.5500944E-05  0.8013814E-03  0.2956779E-03  0.4096935E-05  0.0000000E+00  0.0000000E+00  0.0000000E+00
  3.35829  3.75000  2.57600  2.74374  0.8374890E-03  0.3018946E-03  0.3054968E-04  0.5492664E-05  0.8028476E-03  0.2964020E-03  0.4091739E-05  0.0000000E+00  0.0000000E+00  0.0000000E+00
  3.35911  3.75000  2.57700  2.74474  0.8388970E-03  0.3026114E-03  0.3049571E-04  0.5484397E-05  0.8043147E-03  0.2971270E-03  0.4086540E-05  0.0000000E+00  0.0000000E+00  0.0000000E+00
  3.35992  3.75000  2.57800  2.74574  0.8403059E-03  0.3033292E-03  0.3044185E-04  0.5476143E-05  0.8057827E-03  0.2978531E-03  0.4081338E-05  0.0000000E+00  0.0000000E+00  0.0000000E+00
  3.36074  3.75000  2.57900  2.74674  0.8417156E-03  0.3040480E-03  0.3038809E-04  0.5467901E-05  0.8072514E-03  0.2985801E-03  0.4076133E-05  0.0000000E+00  0.0000000E+00  0.0000000E+00
  3.36156  3.75000  2.58000  2.74774  0.8431262E-03  0.3047678E-03  0.3033443E-04  0.5459673E-05  0.8087208E-03  0.2993082E-03  0.4070925E-05  0.0000000E+00  0.0000000E+00  0.0000000E+00
  3.36238  3.75000  2.58100  2.74874  0.8445375E-03  0.3054886E-03  0.3028088E-04  0.5451457E-05  0.8101910E-03  0.3000372E-03  0.4065714E-05  0.0000000E+00  0.0000000E+00  0.0000000E+00
  3.36319  3.75000  2.58200  2.74974  0.8459497E-03  0.3062105E-03  0.3022744E-04  0.5443254E-05  0.8116617E-03  0.3007672E-03  0.4060500E-05  0.0000000E+00  0.0000000E+00  0.0000000E+00
  3.36401  3.75000  2.58300  2.75074  0.8473625E-03  0.3069333E-03  0.3017409E-04  0.5435063E-05  0.8131331E-03  0.3014982E-03  0.4055284E-05  0.0000000E+00  0.0000000E+00  0.0000000E+00
  3.36483  3.75000  2.58400  2.75174  0.8487761E-03  0.3076571E-03  0.3012086E-04  0.5426886E-05  0.8146052E-03  0.3022303E-03  0.4050064E-05  0.0000000E+00  0.0000000E+00  0.0000000E+00
  3.36565  3.75000  2.58500  2.75274  0.8501904E-03  0.3083820E-03  0.3006772E-04  0.5418721E-05  0.8160778E-03  0.3029633E-03  0.4044842E-05  0.0000000E+00  0.0000000E+00  0.0000000E+00
  3.36647  3.75000  2.58600  2.75374  0.8516054E-03  0.3091079E-03  0.3001469E-04  0.5410569E-05  0.8175511E-03  0.3036973E-03  0.4039617E-05  0.0000000E+00  0.0000000E+00  0.0000000E+00
  3.36728  3.75000  2.58700  2.75474  0.8530210E-03  0.3098347E-03  0.2996176E-04  0.5402429E-05  0.8190249E-03  0.3044323E-03  0.4034390E-05  0.0000000E+00  0.0000000E+00  0.0000000E+00
  3.36810  3.75000  2.58800  2.75574  0.8544374E-03  0.3105626E-03  0.2990893E-04  0.5394303E-05  0.8204993E-03  0.3051683E-03  0.4029159E-05  0.0000000E+00  0.0000000E+00  0.0000000E+00
  3.36892  3.75000  2.58900  2.75674  0.8558544E-03  0.3112915E-03  0.2985621E-04  0.5386189E-05  0.8219742E-03  0.3059053E-03  0.4023926E-05  0.0000000E+00  0.0000000E+00  0.0000000E+00
  3.36974  3.75000  2.59000  2.75774  0.8572720E-03  0.3120213E-03  0.2980359E-04  0.5378087E-05  0.8234497E-03  0.3066432E-03  0.4018691E-05  0.0000000E+00  0.0000000E+00  0.0000000E+00
  3.37056  3.75000  2.59100  2.75874  0.8586903E-03  0.3127522E-03  0.2975108E-04  0.5369999E-05  0.8249258E-03  0.3073822E-03  0.4013452E-05  0.0000000E+00  0.0000000E+00  0.0000000E+00
  3.37138  3.75000  2.59200  2.75974  0.8601092E-03  0.3134841E-03  0.2969866E-04  0.5361922E-05  0.8264024E-03  0.3081221E-03  0.4008211E-05  0.0000000E+00  0.0000000E+00  0.0000000E+00
  3.37219  3.75000  2.59300  2.76074  0.8615288E-03  0.3142169E-03  0.2964635E-04  0.5353859E-05  0.8278794E-03  0.3088631E-03  0.4002968E-05  0.0000000E+00  0.0000000E+00  0.0000000E+00
  3.37301  3.75000  2.59400  2.76174  0.8629489E-03  0.3149508E-03  0.2959414E-04  0.5345808E-05  0.8293570E-03  0.3096050E-03  0.3997721E-05  0.0000000E+00  0.0000000E+00  0.0000000E+00
  3.37383  3.75000  2.59500  2.76274  0.8643696E-03  0.3156856E-03  0.2954203E-04  0.5337770E-05  0.8308351E-03  0.3103479E-03  0.3992473E-05  0.0000000E+00  0.0000000E+00  0.0000000E+00
  3.37465  3.75000  2.59600  2.76374  0.8657909E-03  0.3164215E-03  0.2949003E-04  0.5329745E-05  0.8323137E-03  0.3110917E-03  0.3987221E-05  0.0000000E+00  0.0000000E+00  0.0000000E+00
  3.37547  3.75000  2.59700  2.76474  0.8672128E-03  0.3171583E-03  0.2943812E-04  0.5321732E-05  0.8337928E-03  0.3118366E-03  0.3981968E-05  0.0000000E+00  0.0000000E+00  0.0000000E+00
  3.37629  3.75000  2.59800  2.76574  0.8686353E-03  0.3178961E-03  0.2938632E-04  0.5313731E-05  0.8352723E-03  0.3125824E-03  0.3976711E-05  0.0000000E+00  0.0000000E+00  0.0000000E+00
  3.37711  3.75000  2.59900  2.76674  0.8700583E-03  0.3186349E-03  0.2933462E-04  0.5305743E-05  0.8367523E-03  0.3133292E-03  0.3971453E-05  0.0000000E+00  0.0000000E+00  0.0000000E+00
  3.37793  3.75000  2.60000  2.76774  0.8714819E-03  0.3193747E-03  0.2928301E-04  0.5297768E-05  0.8382327E-03  0.3140769E-03  0.3966192E-05  0.0000000E+00  0.0000000E+00  0.0000000E+00
  3.37875  3.75000  2.60100  2.76874  0.8729061E-03  0.3201154E-03  0.2923151E-04  0.5289806E-05  0.8397136E-03  0.3148256E-03  0.3960928E-05  0.0000000E+00  0.0000000E+00  0.0000000E+00
  3.37957  3.75000  2.60200  2.76974  0.8743307E-03  0.3208571E-03  0.2918012E-04  0.5281855E-05  0.8411950E-03  0.3155753E-03  0.3955662E-05  0.0000000E+00  0.0000000E+00  0.0000000E+00
  3.38039  3.75000  2.60300  2.77074  0.8757617E-03  0.3216011E-03  0.2912882E-04  0.5273918E-05  0.8426825E-03  0.3163272E-03  0.3950394E-05  0.0000000E+00  0.0000000E+00  0.0000000E+00
  3.38121  3.75000  2.60400  2.77174  0.8772120E-03  0.3223512E-03  0.2907762E-04  0.5265993E-05  0.8441893E-03  0.3170852E-03  0.3945123E-05  0.0000000E+00  0.0000000E+00  0.0000000E+00
  3.38203  3.75000  2.60500  2.77274  0.8786510E-03  0.3230991E-03  0.2902652E-04  0.5258080E-05  0.8456846E-03  0.3178410E-03  0.3939850E-05  0.0000000E+00  0.0000000E+00  0.0000000E+00
  3.38285  3.75000  2.60600  2.77374  0.8800938E-03  0.3238480E-03  0.2897552E-04  0.5250180E-05  0.8471837E-03  0.3185978E-03  0.3934575E-05  0.0000000E+00  0.0000000E+00  0.0000000E+00
  3.38367  3.75000  2.60700  2.77474  0.8815387E-03  0.3245980E-03  0.2892463E-04  0.5242292E-05  0.8486847E-03  0.3193557E-03  0.3929298E-05  0.0000000E+00  0.0000000E+00  0.0000000E+00
  3.38449  3.75000  2.60800  2.77574  0.8829847E-03  0.3253491E-03  0.2887383E-04  0.5234417E-05  0.8501868E-03  0.3201146E-03  0.3924018E-05  0.0000000E+00  0.0000000E+00  0.0000000E+00
  3.38531  3.75000  2.60900  2.77674  0.8844317E-03  0.3261012E-03  0.2882313E-04  0.5226554E-05  0.8516898E-03  0.3208747E-03  0.3918736E-05  0.0000000E+00  0.0000000E+00  0.0000000E+00
  3.38613  3.75000  2.61000  2.77774  0.8858796E-03  0.3268544E-03  0.2877253E-04  0.5218704E-05  0.8531936E-03  0.3216357E-03  0.3913452E-05  0.0000000E+00  0.0000000E+00  0.0000000E+00
  3.38695  3.75000  2.61100  2.77874  0.8873283E-03  0.3276087E-03  0.2872203E-04  0.5210866E-05  0.8546981E-03  0.3223978E-03  0.3908166E-05  0.0000000E+00  0.0000000E+00  0.0000000E+00
  3.38777  3.75000  2.61200  2.77974  0.8887778E-03  0.3283640E-03  0.2867163E-04  0.5203041E-05  0.8562033E-03  0.3231609E-03  0.3902877E-05  0.0000000E+00  0.0000000E+00  0.0000000E+00
  3.38859  3.75000  2.61300  2.78074  0.8902281E-03  0.3291203E-03  0.2862133E-04  0.5195228E-05  0.8577092E-03  0.3239251E-03  0.3897587E-05  0.0000000E+00  0.0000000E+00  0.0000000E+00
  3.38941  3.75000  2.61400  2.78174  0.8916792E-03  0.3298777E-03  0.2857112E-04  0.5187427E-05  0.8592158E-03  0.3246903E-03  0.3892294E-05  0.0000000E+00  0.0000000E+00  0.0000000E+00
  3.39023  3.75000  2.61500  2.78274  0.8931310E-03  0.3306361E-03  0.2852102E-04  0.5179639E-05  0.8607230E-03  0.3254565E-03  0.3886999E-05  0.0000000E+00  0.0000000E+00  0.0000000E+00
  3.39105  3.75000  2.61600  2.78374  0.8945835E-03  0.3313956E-03  0.2847101E-04  0.5171863E-05  0.8622308E-03  0.3262237E-03  0.3881703E-05  0.0000000E+00  0.0000000E+00  0.0000000E+00
  3.39187  3.75000  2.61700  2.78474  0.8960367E-03  0.3321561E-03  0.2842110E-04  0.5164099E-05  0.8637392E-03  0.3269920E-03  0.3876404E-05  0.0000000E+00  0.0000000E+00  0.0000000E+00
  3.39269  3.75000  2.61800  2.78574  0.8974906E-03  0.3329176E-03  0.2837129E-04  0.5156348E-05  0.8652482E-03  0.3277612E-03  0.3871103E-05  0.0000000E+00  0.0000000E+00  0.0000000E+00
  3.39351  3.75000  2.61900  2.78674  0.8989452E-03  0.3336801E-03  0.2832158E-04  0.5148609E-05  0.8667578E-03  0.3285315E-03  0.3865801E-05  0.0000000E+00  0.0000000E+00  0.0000000E+00
  3.39433  3.75000  2.62000  2.78774  0.9004004E-03  0.3344437E-03  0.2827197E-04  0.5140882E-05  0.8682679E-03  0.3293028E-03  0.3860496E-05  0.0000000E+00  0.0000000E+00  0.0000000E+00
  3.39516  3.75000  2.62100  2.78874  0.9018563E-03  0.3352083E-03  0.2822245E-04  0.5133168E-05  0.8697787E-03  0.3300751E-03  0.3855190E-05  0.0000000E+00  0.0000000E+00  0.0000000E+00
  3.39598  3.75000  2.62200  2.78974  0.9033129E-03  0.3359739E-03  0.2817303E-04  0.5125466E-05  0.8712900E-03  0.3308484E-03  0.3849881E-05  0.0000000E+00  0.0000000E+00  0.0000000E+00
  3.39680  3.75000  2.62300  2.79074  0.9047701E-03  0.3367406E-03  0.2812370E-04  0.5117776E-05  0.8728018E-03  0.3316228E-03  0.3844571E-05  0.0000000E+00  0.0000000E+00  0.0000000E+00
  3.39762  3.75000  2.62400  2.79174  0.9062279E-03  0.3375082E-03  0.2807448E-04  0.5110098E-05  0.8743142E-03  0.3323981E-03  0.3839259E-05  0.0000000E+00  0.0000000E+00  0.0000000E+00
  3.39844  3.75000  2.62500  2.79274  0.9076864E-03  0.3382769E-03  0.2802535E-04  0.5102433E-05  0.8758271E-03  0.3331745E-03  0.3833945E-05  0.0000000E+00  0.0000000E+00  0.0000000E+00
  3.39926  3.75000  2.62600  2.79374  0.9091455E-03  0.3390467E-03  0.2797632E-04  0.5094780E-05  0.8773405E-03  0.3339519E-03  0.3828629E-05  0.0000000E+00  0.0000000E+00  0.0000000E+00
  3.40009  3.75000  2.62700  2.79474  0.9106051E-03  0.3398174E-03  0.2792738E-04  0.5087139E-05  0.8788545E-03  0.3347302E-03  0.3823312E-05  0.0000000E+00  0.0000000E+00  0.0000000E+00
  3.40091  3.75000  2.62800  2.79574  0.9120654E-03  0.3405891E-03  0.2787854E-04  0.5079510E-05  0.8803689E-03  0.3355096E-03  0.3817993E-05  0.0000000E+00  0.0000000E+00  0.0000000E+00
  3.40173  3.75000  2.62900  2.79674  0.9135263E-03  0.3413619E-03  0.2782980E-04  0.5071894E-05  0.8818838E-03  0.3362900E-03  0.3812672E-05  0.0000000E+00  0.0000000E+00  0.0000000E+00
  3.40255  3.75000  2.63000  2.79774  0.9149878E-03  0.3421357E-03  0.2778115E-04  0.5064290E-05  0.8833993E-03  0.3370714E-03  0.3807350E-05  0.0000000E+00  0.0000000E+00  0.0000000E+00
  3.40337  3.75000  2.63100  2.79874  0.9164498E-03  0.3429105E-03  0.2773260E-04  0.5056697E-05  0.8849152E-03  0.3378538E-03  0.3802025E-05  0.0000000E+00  0.0000000E+00  0.0000000E+00
  3.40420  3.75000  2.63200  2.79974  0.9179124E-03  0.3436863E-03  0.2768414E-04  0.5049117E-05  0.8864315E-03  0.3386371E-03  0.3796700E-05  0.0000000E+00  0.0000000E+00  0.0000000E+00
  3.40502  3.75000  2.63300  2.80074  0.9193755E-03  0.3444631E-03  0.2763578E-04  0.5041549E-05  0.8879484E-03  0.3394215E-03  0.3791372E-05  0.0000000E+00  0.0000000E+00  0.0000000E+00
  3.40584  3.75000  2.63400  2.80174  0.9208393E-03  0.3452408E-03  0.2758751E-04  0.5033993E-05  0.8894657E-03  0.3402069E-03  0.3786043E-05  0.0000000E+00  0.0000000E+00  0.0000000E+00
  3.40666  3.75000  2.63500  2.80274  0.9223094E-03  0.3460209E-03  0.2753934E-04  0.5026450E-05  0.8909893E-03  0.3409945E-03  0.3780713E-05  0.0000000E+00  0.0000000E+00  0.0000000E+00
  3.40749  3.75000  2.63600  2.80374  0.9237854E-03  0.3468017E-03  0.2749127E-04  0.5018918E-05  0.8925188E-03  0.3417828E-03  0.3775381E-05  0.0000000E+00  0.0000000E+00  0.0000000E+00
  3.40831  3.75000  2.63700  2.80474  0.9252595E-03  0.3475832E-03  0.2744328E-04  0.5011398E-05  0.8940462E-03  0.3425718E-03  0.3770047E-05  0.0000000E+00  0.0000000E+00  0.0000000E+00
  3.40913  3.75000  2.63800  2.80574  0.9267372E-03  0.3483655E-03  0.2739540E-04  0.5003891E-05  0.8955771E-03  0.3433616E-03  0.3764713E-05  0.0000000E+00  0.0000000E+00  0.0000000E+00
  3.40996  3.75000  2.63900  2.80674  0.9282167E-03  0.3491488E-03  0.2734760E-04  0.4996395E-05  0.8971097E-03  0.3441524E-03  0.3759376E-05  0.0000000E+00  0.0000000E+00  0.0000000E+00
  3.41078  3.75000  2.64000  2.80774  0.9296972E-03  0.3499330E-03  0.2729991E-04  0.4988912E-05  0.8986432E-03  0.3449441E-03  0.3754038E-05  0.0000000E+00  0.0000000E+00  0.0000000E+00
  3.41160  3.75000  2.64100  2.80874  0.9311785E-03  0.3507181E-03  0.2725230E-04  0.4981440E-05  0.9001775E-03  0.3457367E-03  0.3748699E-05  0.0000000E+00  0.0000000E+00  0.0000000E+00
  3.41243  3.75000  2.64200  2.80974  0.9326759E-03  0.3515114E-03  0.2720479E-04  0.4973981E-05  0.9017277E-03  0.3465374E-03  0.3743359E-05  0.0000000E+00  0.0000000E+00  0.0000000E+00
  3.41325  3.75000  2.64300  2.81074  0.9341624E-03  0.3523010E-03  0.2715737E-04  0.4966533E-05  0.9032670E-03  0.3473345E-03  0.3738017E-05  0.0000000E+00  0.0000000E+00  0.0000000E+00
  3.41407  3.75000  2.64400  2.81174  0.9356497E-03  0.3530917E-03  0.2711005E-04  0.4959098E-05  0.9048070E-03  0.3481327E-03  0.3732674E-05  0.0000000E+00  0.0000000E+00  0.0000000E+00
  3.41490  3.75000  2.64500  2.81274  0.9371378E-03  0.3538836E-03  0.2706282E-04  0.4951674E-05  0.9063477E-03  0.3489320E-03  0.3727329E-05  0.0000000E+00  0.0000000E+00  0.0000000E+00
  3.41572  3.75000  2.64600  2.81374  0.9386267E-03  0.3546766E-03  0.2701568E-04  0.4944263E-05  0.9078890E-03  0.3497324E-03  0.3721983E-05  0.0000000E+00  0.0000000E+00  0.0000000E+00
  3.41654  3.75000  2.64700  2.81474  0.9401163E-03  0.3554707E-03  0.2696864E-04  0.4936863E-05  0.9094310E-03  0.3505338E-03  0.3716637E-05  0.0000000E+00  0.0000000E+00  0.0000000E+00
  3.41737  3.75000  2.64800  2.81574  0.9416066E-03  0.3562658E-03  0.2692169E-04  0.4929475E-05  0.9109736E-03  0.3513363E-03  0.3711288E-05  0.0000000E+00  0.0000000E+00  0.0000000E+00
  3.41819  3.75000  2.64900  2.81674  0.9430976E-03  0.3570620E-03  0.2687483E-04  0.4922099E-05  0.9125168E-03  0.3521399E-03  0.3705939E-05  0.0000000E+00  0.0000000E+00  0.0000000E+00
  3.41902  3.75000  2.65000  2.81774  0.9445893E-03  0.3578593E-03  0.2682806E-04  0.4914735E-05  0.9140606E-03  0.3529446E-03  0.3700589E-05  0.0000000E+00  0.0000000E+00  0.0000000E+00
  3.41984  3.75000  2.65100  2.81874  0.9460817E-03  0.3586576E-03  0.2678139E-04  0.4907383E-05  0.9156050E-03  0.3537502E-03  0.3695237E-05  0.0000000E+00  0.0000000E+00  0.0000000E+00
  3.42066  3.75000  2.65200  2.81974  0.9475747E-03  0.3594570E-03  0.2673481E-04  0.4900042E-05  0.9171500E-03  0.3545570E-03  0.3689884E-05  0.0000000E+00  0.0000000E+00  0.0000000E+00
  3.42149  3.75000  2.65300  2.82074  0.9490685E-03  0.3602575E-03  0.2668832E-04  0.4892714E-05  0.9186956E-03  0.3553648E-03  0.3684531E-05  0.0000000E+00  0.0000000E+00  0.0000000E+00
  3.42231  3.75000  2.65400  2.82174  0.9505628E-03  0.3610590E-03  0.2664192E-04  0.4885397E-05  0.9202418E-03  0.3561736E-03  0.3679176E-05  0.0000000E+00  0.0000000E+00  0.0000000E+00
  3.42314  3.75000  2.65500  2.82274  0.9520579E-03  0.3618615E-03  0.2659561E-04  0.4878092E-05  0.9217884E-03  0.3569834E-03  0.3673820E-05  0.0000000E+00  0.0000000E+00  0.0000000E+00
  3.42396  3.75000  2.65600  2.82374  0.9535535E-03  0.3626651E-03  0.2654940E-04  0.4870799E-05  0.9233357E-03  0.3577943E-03  0.3668463E-05  0.0000000E+00  0.0000000E+00  0.0000000E+00
  3.42479  3.75000  2.65700  2.82474  0.9550498E-03  0.3634697E-03  0.2650327E-04  0.4863518E-05  0.9248835E-03  0.3586062E-03  0.3663106E-05  0.0000000E+00  0.0000000E+00  0.0000000E+00
  3.42561  3.75000  2.65800  2.82574  0.9565468E-03  0.3642754E-03  0.2645724E-04  0.4856248E-05  0.9264318E-03  0.3594192E-03  0.3657747E-05  0.0000000E+00  0.0000000E+00  0.0000000E+00
  3.42644  3.75000  2.65900  2.82674  0.9580443E-03  0.3650822E-03  0.2641130E-04  0.4848990E-05  0.9279806E-03  0.3602332E-03  0.3652387E-05  0.0000000E+00  0.0000000E+00  0.0000000E+00
  3.42726  3.75000  2.66000  2.82774  0.9595425E-03  0.3658899E-03  0.2636544E-04  0.4841744E-05  0.9295300E-03  0.3610482E-03  0.3647027E-05  0.0000000E+00  0.0000000E+00  0.0000000E+00
  3.42809  3.75000  2.66100  2.82874  0.9610412E-03  0.3666987E-03  0.2631968E-04  0.4834510E-05  0.9310799E-03  0.3618642E-03  0.3641665E-05  0.0000000E+00  0.0000000E+00  0.0000000E+00
  3.42891  3.75000  2.66200  2.82974  0.9625405E-03  0.3675086E-03  0.2627401E-04  0.4827287E-05  0.9326302E-03  0.3626813E-03  0.3636303E-05  0.0000000E+00  0.0000000E+00  0.0000000E+00
  3.42974  3.75000  2.66300  2.83074  0.9640405E-03  0.3683195E-03  0.2622843E-04  0.4820076E-05  0.9341811E-03  0.3634994E-03  0.3630940E-05  0.0000000E+00  0.0000000E+00  0.0000000E+00
  3.43056  3.75000  2.66400  2.83174  0.9655410E-03  0.3691314E-03  0.2618294E-04  0.4812876E-05  0.9357325E-03  0.3643185E-03  0.3625577E-05  0.0000000E+00  0.0000000E+00  0.0000000E+00
  3.43139  3.75000  2.66500  2.83274  0.9670421E-03  0.3699443E-03  0.2613754E-04  0.4805688E-05  0.9372843E-03  0.3651386E-03  0.3620212E-05  0.0000000E+00  0.0000000E+00  0.0000000E+00
  3.43221  3.75000  2.66600  2.83374  0.9685437E-03  0.3707582E-03  0.2609223E-04  0.4798512E-05  0.9388366E-03  0.3659597E-03  0.3614847E-05  0.0000000E+00  0.0000000E+00  0.0000000E+00
  3.43304  3.75000  2.66700  2.83474  0.9700459E-03  0.3715732E-03  0.2604701E-04  0.4791348E-05  0.9403894E-03  0.3667819E-03  0.3609481E-05  0.0000000E+00  0.0000000E+00  0.0000000E+00
  3.43387  3.75000  2.66800  2.83574  0.9715603E-03  0.3723911E-03  0.2600187E-04  0.4784195E-05  0.9419543E-03  0.3676070E-03  0.3604114E-05  0.0000000E+00  0.0000000E+00  0.0000000E+00
  3.43469  3.75000  2.66900  2.83674  0.9730748E-03  0.3732090E-03  0.2595683E-04  0.4777053E-05  0.9435192E-03  0.3684319E-03  0.3598747E-05  0.0000000E+00  0.0000000E+00  0.0000000E+00
  3.43552  3.75000  2.67000  2.83774  0.9745874E-03  0.3740276E-03  0.2591187E-04  0.4769923E-05  0.9450821E-03  0.3692577E-03  0.3593379E-05  0.0000000E+00  0.0000000E+00  0.0000000E+00
  3.43634  3.75000  2.67100  2.83874  0.9761044E-03  0.3748472E-03  0.2586701E-04  0.4762805E-05  0.9466494E-03  0.3700844E-03  0.3588011E-05  0.0000000E+00  0.0000000E+00  0.0000000E+00
  3.43717  3.75000  2.67200  2.83974  0.9776227E-03  0.3756678E-03  0.2582223E-04  0.4755698E-05  0.9482179E-03  0.3709121E-03  0.3582642E-05  0.0000000E+00  0.0000000E+00  0.0000000E+00
  3.43800  3.75000  2.67300  2.84074  0.9791419E-03  0.3764893E-03  0.2577754E-04  0.4748603E-05  0.9497871E-03  0.3717407E-03  0.3577272E-05  0.0000000E+00  0.0000000E+00  0.0000000E+00
  3.43882  3.75000  2.67400  2.84174  0.9806619E-03  0.3773117E-03  0.2573294E-04  0.4741519E-05  0.9513571E-03  0.3725702E-03  0.3571902E-05  0.0000000E+00  0.0000000E+00  0.0000000E+00
  3.43965  3.75000  2.67500  2.84274  0.9821826E-03  0.3781352E-03  0.2568843E-04  0.4734447E-05  0.9529276E-03  0.3734007E-03  0.3566531E-05  0.0000000E+00  0.0000000E+00  0.0000000E+00
  3.44047  3.75000  2.67600  2.84374  0.9837039E-03  0.3789596E-03  0.2564400E-04  0.4727386E-05  0.9544987E-03  0.3742322E-03  0.3561160E-05  0.0000000E+00  0.0000000E+00  0.0000000E+00
  3.44130  3.75000  2.67700  2.84474  0.9852258E-03  0.3797850E-03  0.2559967E-04  0.4720337E-05  0.9560703E-03  0.3750647E-03  0.3555789E-05  0.0000000E+00  0.0000000E+00  0.0000000E+00
  3.44213  3.75000  2.67800  2.84574  0.9867483E-03  0.3806114E-03  0.2555542E-04  0.4713299E-05  0.9576425E-03  0.3758981E-03  0.3550417E-05  0.0000000E+00  0.0000000E+00  0.0000000E+00
  3.44295  3.75000  2.67900  2.84674  0.9882714E-03  0.3814387E-03  0.2551126E-04  0.4706272E-05  0.9592151E-03  0.3767325E-03  0.3545045E-05  0.0000000E+00  0.0000000E+00  0.0000000E+00
  3.44378  3.75000  2.68000  2.84774  0.9898095E-03  0.3822741E-03  0.2546718E-04  0.4699257E-05  0.9608026E-03  0.3775748E-03  0.3539672E-05  0.0000000E+00  0.0000000E+00  0.0000000E+00
  3.44461  3.75000  2.68100  2.84874  0.9913372E-03  0.3831058E-03  0.2542319E-04  0.4692254E-05  0.9623797E-03  0.3784136E-03  0.3534299E-05  0.0000000E+00  0.0000000E+00  0.0000000E+00
  3.44544  3.75000  2.68200  2.84974  0.9928656E-03  0.3839387E-03  0.2537929E-04  0.4685261E-05  0.9639574E-03  0.3792535E-03  0.3528926E-05  0.0000000E+00  0.0000000E+00  0.0000000E+00
  3.44626  3.75000  2.68300  2.85074  0.9943947E-03  0.3847728E-03  0.2533548E-04  0.4678280E-05  0.9655357E-03  0.3800945E-03  0.3523552E-05  0.0000000E+00  0.0000000E+00  0.0000000E+00
  3.44709  3.75000  2.68400  2.85174  0.9959245E-03  0.3856079E-03  0.2529175E-04  0.4671311E-05  0.9671146E-03  0.3809366E-03  0.3518179E-05  0.0000000E+00  0.0000000E+00  0.0000000E+00
  3.44792  3.75000  2.68500  2.85274  0.9974550E-03  0.3864442E-03  0.2524811E-04  0.4664352E-05  0.9686941E-03  0.3817798E-03  0.3512805E-05  0.0000000E+00  0.0000000E+00  0.0000000E+00
  3.44874  3.75000  2.68600  2.85374  0.9989861E-03  0.3872815E-03  0.2520456E-04  0.4657405E-05  0.9702741E-03  0.3826241E-03  0.3507430E-05  0.0000000E+00  0.0000000E+00  0.0000000E+00
  3.44957  3.75000  2.68700  2.85474  0.1000518E-02  0.3881200E-03  0.2516109E-04  0.4650469E-05  0.9718547E-03  0.3834695E-03  0.3502056E-05  0.0000000E+00  0.0000000E+00  0.0000000E+00
  3.45040  3.75000  2.68800  2.85574  0.1002050E-02  0.3889595E-03  0.2511770E-04  0.4643545E-05  0.9734359E-03  0.3843159E-03  0.3496681E-05  0.0000000E+00  0.0000000E+00  0.0000000E+00
  3.45123  3.75000  2.68900  2.85674  0.1003583E-02  0.3898001E-03  0.2507441E-04  0.4636632E-05  0.9750177E-03  0.3851634E-03  0.3491307E-05  0.0000000E+00  0.0000000E+00  0.0000000E+00
  3.45206  3.75000  2.69000  2.85774  0.1005117E-02  0.3906417E-03  0.2503119E-04  0.4629730E-05  0.9766000E-03  0.3860120E-03  0.3485932E-05  0.0000000E+00  0.0000000E+00  0.0000000E+00
  3.45288  3.75000  2.69100  2.85874  0.1006651E-02  0.3914845E-03  0.2498807E-04  0.4622839E-05  0.9781828E-03  0.3868616E-03  0.3480557E-05  0.0000000E+00  0.0000000E+00  0.0000000E+00
  3.45371  3.75000  2.69200  2.85974  0.1008186E-02  0.3923282E-03  0.2494503E-04  0.4615959E-05  0.9797661E-03  0.3877123E-03  0.3475182E-05  0.0000000E+00  0.0000000E+00  0.0000000E+00
  3.45454  3.75000  2.69300  2.86074  0.1009722E-02  0.3931731E-03  0.2490207E-04  0.4609091E-05  0.9813500E-03  0.3885640E-03  0.3469807E-05  0.0000000E+00  0.0000000E+00  0.0000000E+00
  3.45537  3.75000  2.69400  2.86174  0.1011258E-02  0.3940190E-03  0.2485920E-04  0.4602234E-05  0.9829344E-03  0.3894168E-03  0.3464432E-05  0.0000000E+00  0.0000000E+00  0.0000000E+00
  3.45620  3.75000  2.69500  2.86274  0.1012795E-02  0.3948660E-03  0.2481641E-04  0.4595388E-05  0.9845193E-03  0.3902706E-03  0.3459058E-05  0.0000000E+00  0.0000000E+00  0.0000000E+00
  3.45702  3.75000  2.69600  2.86374  0.1014332E-02  0.3957140E-03  0.2477371E-04  0.4588553E-05  0.9861048E-03  0.3911255E-03  0.3453683E-05  0.0000000E+00  0.0000000E+00  0.0000000E+00
  3.45785  3.75000  2.69700  2.86474  0.1015870E-02  0.3965631E-03  0.2473109E-04  0.4581729E-05  0.9876907E-03  0.3919814E-03  0.3448308E-05  0.0000000E+00  0.0000000E+00  0.0000000E+00
  3.45868  3.75000  2.69800  2.86574  0.1017409E-02  0.3974132E-03  0.2468855E-04  0.4574917E-05  0.9892771E-03  0.3928383E-03  0.3442933E-05  0.0000000E+00  0.0000000E+00  0.0000000E+00
  3.45951  3.75000  2.69900  2.86674  0.1018948E-02  0.3982644E-03  0.2464610E-04  0.4568115E-05  0.9908640E-03  0.3936963E-03  0.3437559E-05  0.0000000E+00  0.0000000E+00  0.0000000E+00
  3.46034  3.75000  2.70000  2.86774  0.1020487E-02  0.3991166E-03  0.2460374E-04  0.4561325E-05  0.9924514E-03  0.3945552E-03  0.3432185E-05  0.0000000E+00  0.0000000E+00  0.0000000E+00
  3.46117  3.75000  2.70100  2.86874  0.1022039E-02  0.3999718E-03  0.2456145E-04  0.4554545E-05  0.9940507E-03  0.3954172E-03  0.3426811E-05  0.0000000E+00  0.0000000E+00  0.0000000E+00
  3.46200  3.75000  2.70200  2.86974  0.1023591E-02  0.4008269E-03  0.2451926E-04  0.4547777E-05  0.9956502E-03  0.3962791E-03  0.3421437E-05  0.0000000E+00  0.0000000E+00  0.0000000E+00
  3.46282  3.75000  2.70300  2.87074  0.1025141E-02  0.4016828E-03  0.2447714E-04  0.4541020E-05  0.9972476E-03  0.3971418E-03  0.3416063E-05  0.0000000E+00  0.0000000E+00  0.0000000E+00
  3.46365  3.75000  2.70400  2.87174  0.1026695E-02  0.4025397E-03  0.2443511E-04  0.4534273E-05  0.9988495E-03  0.3980055E-03  0.3410689E-05  0.0000000E+00  0.0000000E+00  0.0000000E+00
  3.46448  3.75000  2.70500  2.87274  0.1028251E-02  0.4033976E-03  0.2439316E-04  0.4527538E-05  0.1000452E-02  0.3988701E-03  0.3405316E-05  0.0000000E+00  0.0000000E+00  0.0000000E+00
  3.46531  3.75000  2.70600  2.87374  0.1029808E-02  0.4042565E-03  0.2435129E-04  0.4520814E-05  0.1002056E-02  0.3997356E-03  0.3399944E-05  0.0000000E+00  0.0000000E+00  0.0000000E+00
  3.46614  3.75000  2.70700  2.87474  0.1031365E-02  0.4051163E-03  0.2430950E-04  0.4514100E-05  0.1003661E-02  0.4006022E-03  0.3394571E-05  0.0000000E+00  0.0000000E+00  0.0000000E+00
  3.46697  3.75000  2.70800  2.87574  0.1032923E-02  0.4059771E-03  0.2426780E-04  0.4507398E-05  0.1005266E-02  0.4014697E-03  0.3389199E-05  0.0000000E+00  0.0000000E+00  0.0000000E+00
  3.46780  3.75000  2.70900  2.87674  0.1034482E-02  0.4068390E-03  0.2422618E-04  0.4500706E-05  0.1006872E-02  0.4023383E-03  0.3383827E-05  0.0000000E+00  0.0000000E+00  0.0000000E+00
  3.46863  3.75000  2.71000  2.87774  0.1036041E-02  0.4077018E-03  0.2418464E-04  0.4494025E-05  0.1008478E-02  0.4032078E-03  0.3378456E-05  0.0000000E+00  0.0000000E+00  0.0000000E+00
  3.46946  3.75000  2.71100  2.87874  0.1037601E-02  0.4085657E-03  0.2414319E-04  0.4487356E-05  0.1010085E-02  0.4040783E-03  0.3373085E-05  0.0000000E+00  0.0000000E+00  0.0000000E+00
  3.47029  3.75000  2.71200  2.87974  0.1039162E-02  0.4094305E-03  0.2410181E-04  0.4480697E-05  0.1011692E-02  0.4049498E-03  0.3367715E-05  0.0000000E+00  0.0000000E+00  0.0000000E+00
  3.47112  3.75000  2.71300  2.88074  0.1040723E-02  0.4102964E-03  0.2406052E-04  0.4474049E-05  0.1013300E-02  0.4058223E-03  0.3362345E-05  0.0000000E+00  0.0000000E+00  0.0000000E+00
  3.47195  3.75000  2.71400  2.88174  0.1042285E-02  0.4111632E-03  0.2401931E-04  0.4467412E-05  0.1014909E-02  0.4066958E-03  0.3356975E-05  0.0000000E+00  0.0000000E+00  0.0000000E+00
  3.47278  3.75000  2.71500  2.88274  0.1043847E-02  0.4120310E-03  0.2397818E-04  0.4460785E-05  0.1016517E-02  0.4075703E-03  0.3351606E-05  0.0000000E+00  0.0000000E+00  0.0000000E+00
  3.47361  3.75000  2.71600  2.88374  0.1045410E-02  0.4128999E-03  0.2393713E-04  0.4454170E-05  0.1018127E-02  0.4084457E-03  0.3346238E-05  0.0000000E+00  0.0000000E+00  0.0000000E+00
  3.47444  3.75000  2.71700  2.88474  0.1046973E-02  0.4137697E-03  0.2389616E-04  0.4447565E-05  0.1019736E-02  0.4093222E-03  0.3340870E-05  0.0000000E+00  0.0000000E+00  0.0000000E+00
  3.47527  3.75000  2.71800  2.88574  0.1048548E-02  0.4146458E-03  0.2385528E-04  0.4440971E-05  0.1021358E-02  0.4102048E-03  0.3335503E-05  0.0000000E+00  0.0000000E+00  0.0000000E+00
  3.47610  3.75000  2.71900  2.88674  0.1050116E-02  0.4155198E-03  0.2381447E-04  0.4434388E-05  0.1022971E-02  0.4110854E-03  0.3330137E-05  0.0000000E+00  0.0000000E+00  0.0000000E+00
  3.47693  3.75000  2.72000  2.88774  0.1051684E-02  0.4163950E-03  0.2377374E-04  0.4427816E-05  0.1024585E-02  0.4119671E-03  0.3324771E-05  0.0000000E+00  0.0000000E+00  0.0000000E+00
  3.47776  3.75000  2.72100  2.88874  0.1053253E-02  0.4172713E-03  0.2373310E-04  0.4421254E-05  0.1026200E-02  0.4128500E-03  0.3319406E-05  0.0000000E+00  0.0000000E+00  0.0000000E+00
  3.47859  3.75000  2.72200  2.88974  0.1054822E-02  0.4181487E-03  0.2369253E-04  0.4414703E-05  0.1027816E-02  0.4137340E-03  0.3314042E-05  0.0000000E+00  0.0000000E+00  0.0000000E+00
  3.47942  3.75000  2.72300  2.89074  0.1056392E-02  0.4190273E-03  0.2365205E-04  0.4408163E-05  0.1029431E-02  0.4146191E-03  0.3308678E-05  0.0000000E+00  0.0000000E+00  0.0000000E+00
  3.48025  3.75000  2.72400  2.89174  0.1057963E-02  0.4199070E-03  0.2361164E-04  0.4401633E-05  0.1031048E-02  0.4155054E-03  0.3303315E-05  0.0000000E+00  0.0000000E+00  0.0000000E+00
  3.48109  3.75000  2.72500  2.89274  0.1059534E-02  0.4207878E-03  0.2357132E-04  0.4395114E-05  0.1032665E-02  0.4163927E-03  0.3297953E-05  0.0000000E+00  0.0000000E+00  0.0000000E+00
  3.48192  3.75000  2.72600  2.89374  0.1061106E-02  0.4216696E-03  0.2353107E-04  0.4388606E-05  0.1034282E-02  0.4172810E-03  0.3292592E-05  0.0000000E+00  0.0000000E+00  0.0000000E+00
  3.48275  3.75000  2.72700  2.89474  0.1062679E-02  0.4225526E-03  0.2349090E-04  0.4382108E-05  0.1035901E-02  0.4181705E-03  0.3287231E-05  0.0000000E+00  0.0000000E+00  0.0000000E+00
  3.48358  3.75000  2.72800  2.89574  0.1064252E-02  0.4234366E-03  0.2345081E-04  0.4375621E-05  0.1037519E-02  0.4190610E-03  0.3281872E-05  0.0000000E+00  0.0000000E+00  0.0000000E+00
  3.48441  3.75000  2.72900  2.89674  0.1065825E-02  0.4243217E-03  0.2341080E-04  0.4369144E-05  0.1039138E-02  0.4199526E-03  0.3276513E-05  0.0000000E+00  0.0000000E+00  0.0000000E+00
  3.48524  3.75000  2.73000  2.89774  0.1067400E-02  0.4252079E-03  0.2337087E-04  0.4362678E-05  0.1040758E-02  0.4208453E-03  0.3271155E-05  0.0000000E+00  0.0000000E+00  0.0000000E+00
  3.48607  3.75000  2.73100  2.89874  0.1068975E-02  0.4260952E-03  0.2333102E-04  0.4356223E-05  0.1042378E-02  0.4217390E-03  0.3265798E-05  0.0000000E+00  0.0000000E+00  0.0000000E+00
  3.48690  3.75000  2.73200  2.89974  0.1070550E-02  0.4269835E-03  0.2329125E-04  0.4349778E-05  0.1043998E-02  0.4226337E-03  0.3260442E-05  0.0000000E+00  0.0000000E+00  0.0000000E+00
  3.48774  3.75000  2.73300  2.90074  0.1072126E-02  0.4278729E-03  0.2325155E-04  0.4343344E-05  0.1045620E-02  0.4235295E-03  0.3255088E-05  0.0000000E+00  0.0000000E+00  0.0000000E+00
  3.48857  3.75000  2.73400  2.90174  0.1073708E-02  0.4287646E-03  0.2321194E-04  0.4336920E-05  0.1047247E-02  0.4244277E-03  0.3249734E-05  0.0000000E+00  0.0000000E+00  0.0000000E+00
  3.48940  3.75000  2.73500  2.90274  0.1075296E-02  0.4296572E-03  0.2317240E-04  0.4330507E-05  0.1048880E-02  0.4253267E-03  0.3244381E-05  0.0000000E+00  0.0000000E+00  0.0000000E+00
  3.49023  3.75000  2.73600  2.90374  0.1076883E-02  0.4305505E-03  0.2313294E-04  0.4324104E-05  0.1050511E-02  0.4262264E-03  0.3239029E-05  0.0000000E+00  0.0000000E+00  0.0000000E+00
  3.49106  3.75000  2.73700  2.90474  0.1078473E-02  0.4314447E-03  0.2309355E-04  0.4317711E-05  0.1052145E-02  0.4271270E-03  0.3233678E-05  0.0000000E+00  0.0000000E+00  0.0000000E+00
  3.49190  3.75000  2.73800  2.90574  0.1080064E-02  0.4323398E-03  0.2305425E-04  0.4311330E-05  0.1053782E-02  0.4280285E-03  0.3228329E-05  0.0000000E+00  0.0000000E+00  0.0000000E+00
  3.49273  3.75000  2.73900  2.90674  0.1081657E-02  0.4332360E-03  0.2301502E-04  0.4304958E-05  0.1055419E-02  0.4289310E-03  0.3222980E-05  0.0000000E+00  0.0000000E+00  0.0000000E+00
  3.49356  3.75000  2.74000  2.90774  0.1083251E-02  0.4341332E-03  0.2297587E-04  0.4298597E-05  0.1057057E-02  0.4298346E-03  0.3217633E-05  0.0000000E+00  0.0000000E+00  0.0000000E+00
  3.49439  3.75000  2.74100  2.90874  0.1084845E-02  0.4350314E-03  0.2293679E-04  0.4292246E-05  0.1058696E-02  0.4307391E-03  0.3212287E-05  0.0000000E+00  0.0000000E+00  0.0000000E+00
  3.49522  3.75000  2.74200  2.90974  0.1086440E-02  0.4359306E-03  0.2289779E-04  0.4285906E-05  0.1060335E-02  0.4316447E-03  0.3206942E-05  0.0000000E+00  0.0000000E+00  0.0000000E+00
  3.49606  3.75000  2.74300  2.91074  0.1088036E-02  0.4368308E-03  0.2285887E-04  0.4279576E-05  0.1061975E-02  0.4325512E-03  0.3201598E-05  0.0000000E+00  0.0000000E+00  0.0000000E+00
  3.49689  3.75000  2.74400  2.91174  0.1089632E-02  0.4377320E-03  0.2282003E-04  0.4273256E-05  0.1063616E-02  0.4334588E-03  0.3196256E-05  0.0000000E+00  0.0000000E+00  0.0000000E+00
  3.49772  3.75000  2.74500  2.91274  0.1091229E-02  0.4386343E-03  0.2278126E-04  0.4266947E-05  0.1065257E-02  0.4343673E-03  0.3190914E-05  0.0000000E+00  0.0000000E+00  0.0000000E+00
  3.49856  3.75000  2.74600  2.91374  0.1092827E-02  0.4395376E-03  0.2274257E-04  0.4260648E-05  0.1066899E-02  0.4352769E-03  0.3185574E-05  0.0000000E+00  0.0000000E+00  0.0000000E+00
  3.49939  3.75000  2.74700  2.91474  0.1094425E-02  0.4404419E-03  0.2270395E-04  0.4254359E-05  0.1068541E-02  0.4361875E-03  0.3180236E-05  0.0000000E+00  0.0000000E+00  0.0000000E+00
  3.50022  3.75000  2.74800  2.91574  0.1096024E-02  0.4413472E-03  0.2266541E-04  0.4248081E-05  0.1070183E-02  0.4370991E-03  0.3174899E-05  0.0000000E+00  0.0000000E+00  0.0000000E+00
  3.50105  3.75000  2.74900  2.91674  0.1097623E-02  0.4422535E-03  0.2262695E-04  0.4241813E-05  0.1071827E-02  0.4380117E-03  0.3169563E-05  0.0000000E+00  0.0000000E+00  0.0000000E+00
  3.50189  3.75000  2.75000  2.91774  0.1099223E-02  0.4431609E-03  0.2258856E-04  0.4235555E-05  0.1073470E-02  0.4389253E-03  0.3164228E-05  0.0000000E+00  0.0000000E+00  0.0000000E+00
  3.50272  3.75000  2.75100  2.91874  0.1100823E-02  0.4440693E-03  0.2255025E-04  0.4229307E-05  0.1075114E-02  0.4398400E-03  0.3158895E-05  0.0000000E+00  0.0000000E+00  0.0000000E+00
  3.50355  3.75000  2.75200  2.91974  0.1102424E-02  0.4449787E-03  0.2251201E-04  0.4223069E-05  0.1076759E-02  0.4407556E-03  0.3153564E-05  0.0000000E+00  0.0000000E+00  0.0000000E+00
  3.50439  3.75000  2.75300  2.92074  0.1104026E-02  0.4458891E-03  0.2247385E-04  0.4216842E-05  0.1078404E-02  0.4416722E-03  0.3148233E-05  0.0000000E+00  0.0000000E+00  0.0000000E+00
  3.50522  3.75000  2.75400  2.92174  0.1105628E-02  0.4468005E-03  0.2243576E-04  0.4210625E-05  0.1080049E-02  0.4425898E-03  0.3142905E-05  0.0000000E+00  0.0000000E+00  0.0000000E+00
  3.50605  3.75000  2.75500  2.92274  0.1107230E-02  0.4477129E-03  0.2239774E-04  0.4204418E-05  0.1081695E-02  0.4435085E-03  0.3137578E-05  0.0000000E+00  0.0000000E+00  0.0000000E+00
  3.50689  3.75000  2.75600  2.92374  0.1108833E-02  0.4486263E-03  0.2235981E-04  0.4198221E-05  0.1083341E-02  0.4444281E-03  0.3132252E-05  0.0000000E+00  0.0000000E+00  0.0000000E+00
  3.50772  3.75000  2.75700  2.92474  0.1110436E-02  0.4495407E-03  0.2232194E-04  0.4192034E-05  0.1084987E-02  0.4453487E-03  0.3126928E-05  0.0000000E+00  0.0000000E+00  0.0000000E+00
  3.50856  3.75000  2.75800  2.92574  0.1112052E-02  0.4504623E-03  0.2228415E-04  0.4185858E-05  0.1086646E-02  0.4462764E-03  0.3121605E-05  0.0000000E+00  0.0000000E+00  0.0000000E+00
  3.50939  3.75000  2.75900  2.92674  0.1113659E-02  0.4513808E-03  0.2224644E-04  0.4179691E-05  0.1088297E-02  0.4472011E-03  0.3116285E-05  0.0000000E+00  0.0000000E+00  0.0000000E+00
  3.51022  3.75000  2.76000  2.92774  0.1115267E-02  0.4523005E-03  0.2220879E-04  0.4173535E-05  0.1089948E-02  0.4481270E-03  0.3110965E-05  0.0000000E+00  0.0000000E+00  0.0000000E+00
  3.51106  3.75000  2.76100  2.92874  0.1116876E-02  0.4532214E-03  0.2217123E-04  0.4167388E-05  0.1091599E-02  0.4490540E-03  0.3105648E-05  0.0000000E+00  0.0000000E+00  0.0000000E+00
  3.51189  3.75000  2.76200  2.92974  0.1118485E-02  0.4541434E-03  0.2213373E-04  0.4161252E-05  0.1093251E-02  0.4499821E-03  0.3100332E-05  0.0000000E+00  0.0000000E+00  0.0000000E+00
  3.51273  3.75000  2.76300  2.93074  0.1120095E-02  0.4550665E-03  0.2209631E-04  0.4155126E-05  0.1094903E-02  0.4509113E-03  0.3095017E-05  0.0000000E+00  0.0000000E+00  0.0000000E+00
  3.51356  3.75000  2.76400  2.93174  0.1121705E-02  0.4559906E-03  0.2205896E-04  0.4149009E-05  0.1096556E-02  0.4518416E-03  0.3089705E-05  0.0000000E+00  0.0000000E+00  0.0000000E+00
  3.51439  3.75000  2.76500  2.93274  0.1123316E-02  0.4569159E-03  0.2202169E-04  0.4142903E-05  0.1098210E-02  0.4527730E-03  0.3084394E-05  0.0000000E+00  0.0000000E+00  0.0000000E+00
  3.51523  3.75000  2.76600  2.93374  0.1124927E-02  0.4578423E-03  0.2198449E-04  0.4136807E-05  0.1099864E-02  0.4537055E-03  0.3079085E-05  0.0000000E+00  0.0000000E+00  0.0000000E+00
  3.51606  3.75000  2.76700  2.93474  0.1126539E-02  0.4587698E-03  0.2194736E-04  0.4130720E-05  0.1101518E-02  0.4546390E-03  0.3073778E-05  0.0000000E+00  0.0000000E+00  0.0000000E+00
  3.51690  3.75000  2.76800  2.93574  0.1128156E-02  0.4596995E-03  0.2191031E-04  0.4124644E-05  0.1103177E-02  0.4555749E-03  0.3068472E-05  0.0000000E+00  0.0000000E+00  0.0000000E+00
  3.51773  3.75000  2.76900  2.93674  0.1129780E-02  0.4606303E-03  0.2187332E-04  0.4118577E-05  0.1104844E-02  0.4565117E-03  0.3063169E-05  0.0000000E+00  0.0000000E+00  0.0000000E+00
  3.51857  3.75000  2.77000  2.93774  0.1131403E-02  0.4615617E-03  0.2183641E-04  0.4112521E-05  0.1106509E-02  0.4574492E-03  0.3057867E-05  0.0000000E+00  0.0000000E+00  0.0000000E+00
  3.51940  3.75000  2.77100  2.93874  0.1133028E-02  0.4624941E-03  0.2179957E-04  0.4106474E-05  0.1108176E-02  0.4583876E-03  0.3052567E-05  0.0000000E+00  0.0000000E+00  0.0000000E+00
  3.52024  3.75000  2.77200  2.93974  0.1134655E-02  0.4634274E-03  0.2176281E-04  0.4100437E-05  0.1109845E-02  0.4593270E-03  0.3047269E-05  0.0000000E+00  0.0000000E+00  0.0000000E+00
  3.52107  3.75000  2.77300  2.94074  0.1136284E-02  0.4643618E-03  0.2172611E-04  0.4094410E-05  0.1111516E-02  0.4602674E-03  0.3041973E-05  0.0000000E+00  0.0000000E+00  0.0000000E+00
  3.52191  3.75000  2.77400  2.94174  0.1137913E-02  0.4652972E-03  0.2168949E-04  0.4088393E-05  0.1113187E-02  0.4612088E-03  0.3036679E-05  0.0000000E+00  0.0000000E+00  0.0000000E+00
  3.52274  3.75000  2.77500  2.94274  0.1139544E-02  0.4662336E-03  0.2165294E-04  0.4082386E-05  0.1114859E-02  0.4621512E-03  0.3031387E-05  0.0000000E+00  0.0000000E+00  0.0000000E+00
  3.52358  3.75000  2.77600  2.94374  0.1141175E-02  0.4671710E-03  0.2161646E-04  0.4076388E-05  0.1116532E-02  0.4630946E-03  0.3026096E-05  0.0000000E+00  0.0000000E+00  0.0000000E+00
  3.52442  3.75000  2.77700  2.94474  0.1142806E-02  0.4681095E-03  0.2158006E-04  0.4070400E-05  0.1118205E-02  0.4640391E-03  0.3020808E-05  0.0000000E+00  0.0000000E+00  0.0000000E+00
  3.52525  3.75000  2.77800  2.94574  0.1144438E-02  0.4690490E-03  0.2154372E-04  0.4064422E-05  0.1119879E-02  0.4649846E-03  0.3015522E-05  0.0000000E+00  0.0000000E+00  0.0000000E+00
  3.52609  3.75000  2.77900  2.94674  0.1146071E-02  0.4699896E-03  0.2150745E-04  0.4058454E-05  0.1121554E-02  0.4659312E-03  0.3010238E-05  0.0000000E+00  0.0000000E+00  0.0000000E+00
  3.52692  3.75000  2.78000  2.94774  0.1147705E-02  0.4709312E-03  0.2147126E-04  0.4052496E-05  0.1123229E-02  0.4668787E-03  0.3004956E-05  0.0000000E+00  0.0000000E+00  0.0000000E+00
  3.52776  3.75000  2.78100  2.94874  0.1149339E-02  0.4718739E-03  0.2143514E-04  0.4046547E-05  0.1124904E-02  0.4678273E-03  0.2999676E-05  0.0000000E+00  0.0000000E+00  0.0000000E+00
  3.52859  3.75000  2.78200  2.94974  0.1150974E-02  0.4728175E-03  0.2139908E-04  0.4040608E-05  0.1126580E-02  0.4687769E-03  0.2994398E-05  0.0000000E+00  0.0000000E+00  0.0000000E+00
  3.52943  3.75000  2.78300  2.95074  0.1152609E-02  0.4737622E-03  0.2136310E-04  0.4034678E-05  0.1128257E-02  0.4697276E-03  0.2989122E-05  0.0000000E+00  0.0000000E+00  0.0000000E+00
  3.53027  3.75000  2.78400  2.95174  0.1154245E-02  0.4747080E-03  0.2132719E-04  0.4028759E-05  0.1129934E-02  0.4706792E-03  0.2983849E-05  0.0000000E+00  0.0000000E+00  0.0000000E+00
  3.53110  3.75000  2.78500  2.95274  0.1155881E-02  0.4756548E-03  0.2129135E-04  0.4022849E-05  0.1131611E-02  0.4716319E-03  0.2978578E-05  0.0000000E+00  0.0000000E+00  0.0000000E+00
  3.53194  3.75000  2.78600  2.95374  0.1157518E-02  0.4766026E-03  0.2125557E-04  0.4016948E-05  0.1133289E-02  0.4725856E-03  0.2973308E-05  0.0000000E+00  0.0000000E+00  0.0000000E+00
  3.53277  3.75000  2.78700  2.95474  0.1159156E-02  0.4775514E-03  0.2121987E-04  0.4011058E-05  0.1134968E-02  0.4735403E-03  0.2968042E-05  0.0000000E+00  0.0000000E+00  0.0000000E+00
  3.53361  3.75000  2.78800  2.95574  0.1160794E-02  0.4785013E-03  0.2118424E-04  0.4005176E-05  0.1136647E-02  0.4744961E-03  0.2962777E-05  0.0000000E+00  0.0000000E+00  0.0000000E+00
  3.53445  3.75000  2.78900  2.95674  0.1162432E-02  0.4794521E-03  0.2114868E-04  0.3999305E-05  0.1138326E-02  0.4754528E-03  0.2957514E-05  0.0000000E+00  0.0000000E+00  0.0000000E+00
  3.53528  3.75000  2.79000  2.95774  0.1164071E-02  0.4804040E-03  0.2111318E-04  0.3993443E-05  0.1140006E-02  0.4764106E-03  0.2952254E-05  0.0000000E+00  0.0000000E+00  0.0000000E+00
  3.53612  3.75000  2.79100  2.95874  0.1165711E-02  0.4813569E-03  0.2107776E-04  0.3987590E-05  0.1141686E-02  0.4773694E-03  0.2946997E-05  0.0000000E+00  0.0000000E+00  0.0000000E+00
  3.53696  3.75000  2.79200  2.95974  0.1167351E-02  0.4823109E-03  0.2104240E-04  0.3981748E-05  0.1143366E-02  0.4783291E-03  0.2941741E-05  0.0000000E+00  0.0000000E+00  0.0000000E+00
  3.53779  3.75000  2.79300  2.96074  0.1168991E-02  0.4832658E-03  0.2100712E-04  0.3975914E-05  0.1145047E-02  0.4792899E-03  0.2936488E-05  0.0000000E+00  0.0000000E+00  0.0000000E+00
  3.53863  3.75000  2.79400  2.96174  0.1170632E-02  0.4842217E-03  0.2097190E-04  0.3970090E-05  0.1146729E-02  0.4802516E-03  0.2931237E-05  0.0000000E+00  0.0000000E+00  0.0000000E+00
  3.53947  3.75000  2.79500  2.96274  0.1172273E-02  0.4851787E-03  0.2093675E-04  0.3964276E-05  0.1148411E-02  0.4812144E-03  0.2925989E-05  0.0000000E+00  0.0000000E+00  0.0000000E+00
  3.54031  3.75000  2.79600  2.96374  0.1173915E-02  0.4861366E-03  0.2090167E-04  0.3958471E-05  0.1150093E-02  0.4821781E-03  0.2920743E-05  0.0000000E+00  0.0000000E+00  0.0000000E+00
  3.54114  3.75000  2.79700  2.96474  0.1175558E-02  0.4870956E-03  0.2086666E-04  0.3952676E-05  0.1151775E-02  0.4831429E-03  0.2915500E-05  0.0000000E+00  0.0000000E+00  0.0000000E+00
  3.54198  3.75000  2.79800  2.96574  0.1177211E-02  0.4880609E-03  0.2083171E-04  0.3946890E-05  0.1153469E-02  0.4841140E-03  0.2910259E-05  0.0000000E+00  0.0000000E+00  0.0000000E+00
  3.54282  3.75000  2.79900  2.96674  0.1178857E-02  0.4890239E-03  0.2079684E-04  0.3941113E-05  0.1155155E-02  0.4850827E-03  0.2905020E-05  0.0000000E+00  0.0000000E+00  0.0000000E+00
  3.54365  3.75000  2.80000  2.96774  0.1180503E-02  0.4899879E-03  0.2076203E-04  0.3935346E-05  0.1156841E-02  0.4860526E-03  0.2899784E-05  0.0000000E+00  0.0000000E+00  0.0000000E+00
  3.54449  3.75000  2.80100  2.96874  0.1182150E-02  0.4909531E-03  0.2072729E-04  0.3929588E-05  0.1158528E-02  0.4870235E-03  0.2894551E-05  0.0000000E+00  0.0000000E+00  0.0000000E+00
  3.54533  3.75000  2.80200  2.96974  0.1183798E-02  0.4919195E-03  0.2069262E-04  0.3923840E-05  0.1160216E-02  0.4879956E-03  0.2889320E-05  0.0000000E+00  0.0000000E+00  0.0000000E+00
  3.54617  3.75000  2.80300  2.97074  0.1185454E-02  0.4928886E-03  0.2065801E-04  0.3918101E-05  0.1161912E-02  0.4889705E-03  0.2884091E-05  0.0000000E+00  0.0000000E+00  0.0000000E+00
  3.54701  3.75000  2.80400  2.97174  0.1187114E-02  0.4938582E-03  0.2062348E-04  0.3912372E-05  0.1163611E-02  0.4899458E-03  0.2878865E-05  0.0000000E+00  0.0000000E+00  0.0000000E+00
  3.54784  3.75000  2.80500  2.97274  0.1188771E-02  0.4948285E-03  0.2058901E-04  0.3906651E-05  0.1165309E-02  0.4909219E-03  0.2873642E-05  0.0000000E+00  0.0000000E+00  0.0000000E+00
  3.54868  3.75000  2.80600  2.97374  0.1190433E-02  0.4957998E-03  0.2055460E-04  0.3900940E-05  0.1167010E-02  0.4918989E-03  0.2868422E-05  0.0000000E+00  0.0000000E+00  0.0000000E+00
  3.54952  3.75000  2.80700  2.97474  0.1192096E-02  0.4967722E-03  0.2052027E-04  0.3895239E-05  0.1168712E-02  0.4928770E-03  0.2863204E-05  0.0000000E+00  0.0000000E+00  0.0000000E+00
  3.55036  3.75000  2.80800  2.97574  0.1193760E-02  0.4977456E-03  0.2048600E-04  0.3889546E-05  0.1170416E-02  0.4938560E-03  0.2857988E-05  0.0000000E+00  0.0000000E+00  0.0000000E+00
  3.55120  3.75000  2.80900  2.97674  0.1195425E-02  0.4987200E-03  0.2045179E-04  0.3883863E-05  0.1172120E-02  0.4948362E-03  0.2852776E-05  0.0000000E+00  0.0000000E+00  0.0000000E+00
  3.55203  3.75000  2.81000  2.97774  0.1197090E-02  0.4996955E-03  0.2041766E-04  0.3878189E-05  0.1173825E-02  0.4958173E-03  0.2847566E-05  0.0000000E+00  0.0000000E+00  0.0000000E+00
  3.55287  3.75000  2.81100  2.97874  0.1198757E-02  0.5006721E-03  0.2038359E-04  0.3872525E-05  0.1175531E-02  0.4967995E-03  0.2842359E-05  0.0000000E+00  0.0000000E+00  0.0000000E+00
  3.55371  3.75000  2.81200  2.97974  0.1200424E-02  0.5016496E-03  0.2034958E-04  0.3866869E-05  0.1177237E-02  0.4977828E-03  0.2837154E-05  0.0000000E+00  0.0000000E+00  0.0000000E+00
  3.55455  3.75000  2.81300  2.98074  0.1202092E-02  0.5026283E-03  0.2031565E-04  0.3861223E-05  0.1178944E-02  0.4987671E-03  0.2831953E-05  0.0000000E+00  0.0000000E+00  0.0000000E+00
  3.55539  3.75000  2.81400  2.98174  0.1203760E-02  0.5036080E-03  0.2028177E-04  0.3855586E-05  0.1180651E-02  0.4997524E-03  0.2826754E-05  0.0000000E+00  0.0000000E+00  0.0000000E+00
  3.55623  3.75000  2.81500  2.98274  0.1205429E-02  0.5045888E-03  0.2024797E-04  0.3849958E-05  0.1182359E-02  0.5007388E-03  0.2821558E-05  0.0000000E+00  0.0000000E+00  0.0000000E+00
  3.55707  3.75000  2.81600  2.98374  0.1207099E-02  0.5055706E-03  0.2021423E-04  0.3844339E-05  0.1184068E-02  0.5017262E-03  0.2816365E-05  0.0000000E+00  0.0000000E+00  0.0000000E+00
  3.55790  3.75000  2.81700  2.98474  0.1208769E-02  0.5065534E-03  0.2018055E-04  0.3838730E-05  0.1185777E-02  0.5027147E-03  0.2811174E-05  0.0000000E+00  0.0000000E+00  0.0000000E+00
  3.55874  3.75000  2.81800  2.98574  0.1210440E-02  0.5075373E-03  0.2014694E-04  0.3833129E-05  0.1187487E-02  0.5037042E-03  0.2805987E-05  0.0000000E+00  0.0000000E+00  0.0000000E+00
  3.55958  3.75000  2.81900  2.98674  0.1212111E-02  0.5085223E-03  0.2011340E-04  0.3827538E-05  0.1189197E-02  0.5046947E-03  0.2800802E-05  0.0000000E+00  0.0000000E+00  0.0000000E+00
  3.56042  3.75000  2.82000  2.98774  0.1213783E-02  0.5095083E-03  0.2007992E-04  0.3821956E-05  0.1190907E-02  0.5056863E-03  0.2795621E-05  0.0000000E+00  0.0000000E+00  0.0000000E+00
  3.56126  3.75000  2.82100  2.98874  0.1215455E-02  0.5104953E-03  0.2004650E-04  0.3816383E-05  0.1192618E-02  0.5066789E-03  0.2790442E-05  0.0000000E+00  0.0000000E+00  0.0000000E+00
  3.56210  3.75000  2.82200  2.98974  0.1217128E-02  0.5114834E-03  0.2001315E-04  0.3810819E-05  0.1194330E-02  0.5076726E-03  0.2785266E-05  0.0000000E+00  0.0000000E+00  0.0000000E+00
  3.56294  3.75000  2.82300  2.99074  0.1218802E-02  0.5124725E-03  0.1997987E-04  0.3805264E-05  0.1196042E-02  0.5086672E-03  0.2780093E-05  0.0000000E+00  0.0000000E+00  0.0000000E+00
  3.56378  3.75000  2.82400  2.99174  0.1220476E-02  0.5134626E-03  0.1994665E-04  0.3799717E-05  0.1197754E-02  0.5096629E-03  0.2774923E-05  0.0000000E+00  0.0000000E+00  0.0000000E+00
  3.56462  3.75000  2.82500  2.99274  0.1222151E-02  0.5144538E-03  0.1991349E-04  0.3794180E-05  0.1199467E-02  0.5106596E-03  0.2769756E-05  0.0000000E+00  0.0000000E+00  0.0000000E+00
  3.56546  3.75000  2.82600  2.99374  0.1223826E-02  0.5154460E-03  0.1988040E-04  0.3788652E-05  0.1201181E-02  0.5116573E-03  0.2764593E-05  0.0000000E+00  0.0000000E+00  0.0000000E+00
  3.56630  3.75000  2.82700  2.99474  0.1225501E-02  0.5164392E-03  0.1984737E-04  0.3783133E-05  0.1202894E-02  0.5126561E-03  0.2759432E-05  0.0000000E+00  0.0000000E+00  0.0000000E+00
  3.56714  3.75000  2.82800  2.99574  0.1227177E-02  0.5174334E-03  0.1981441E-04  0.3777623E-05  0.1204609E-02  0.5136558E-03  0.2754274E-05  0.0000000E+00  0.0000000E+00  0.0000000E+00
  3.56798  3.75000  2.82900  2.99674  0.1228854E-02  0.5184287E-03  0.1978151E-04  0.3772122E-05  0.1206323E-02  0.5146565E-03  0.2749119E-05  0.0000000E+00  0.0000000E+00  0.0000000E+00
  3.56882  3.75000  2.83000  2.99774  0.1230531E-02  0.5194249E-03  0.1974867E-04  0.3766630E-05  0.1208038E-02  0.5156583E-03  0.2743968E-05  0.0000000E+00  0.0000000E+00  0.0000000E+00
  3.56966  3.75000  2.83100  2.99874  0.1232209E-02  0.5204222E-03  0.1971590E-04  0.3761147E-05  0.1209754E-02  0.5166610E-03  0.2738819E-05  0.0000000E+00  0.0000000E+00  0.0000000E+00
  3.57050  3.75000  2.83200  2.99974  0.1233887E-02  0.5214205E-03  0.1968319E-04  0.3755672E-05  0.1211470E-02  0.5176648E-03  0.2733674E-05  0.0000000E+00  0.0000000E+00  0.0000000E+00
  3.57134  3.75000  2.83300  3.00074  0.1235565E-02  0.5224197E-03  0.1965054E-04  0.3750207E-05  0.1213186E-02  0.5186695E-03  0.2728532E-05  0.0000000E+00  0.0000000E+00  0.0000000E+00
  3.57218  3.75000  2.83400  3.00174  0.1237244E-02  0.5234200E-03  0.1961796E-04  0.3744750E-05  0.1214903E-02  0.5196753E-03  0.2723393E-05  0.0000000E+00  0.0000000E+00  0.0000000E+00
  3.57302  3.75000  2.83500  3.00274  0.1238923E-02  0.5244213E-03  0.1958544E-04  0.3739302E-05  0.1216620E-02  0.5206820E-03  0.2718257E-05  0.0000000E+00  0.0000000E+00  0.0000000E+00
  3.57386  3.75000  2.83600  3.00374  0.1240603E-02  0.5254236E-03  0.1955298E-04  0.3733863E-05  0.1218337E-02  0.5216897E-03  0.2713125E-05  0.0000000E+00  0.0000000E+00  0.0000000E+00
  3.57470  3.75000  2.83700  3.00474  0.1242283E-02  0.5264269E-03  0.1952058E-04  0.3728433E-05  0.1220055E-02  0.5226985E-03  0.2707995E-05  0.0000000E+00  0.0000000E+00  0.0000000E+00
  3.57554  3.75000  2.83800  3.00574  0.1243970E-02  0.5274327E-03  0.1948825E-04  0.3723012E-05  0.1221779E-02  0.5237096E-03  0.2702869E-05  0.0000000E+00  0.0000000E+00  0.0000000E+00
  3.57638  3.75000  2.83900  3.00674  0.1245671E-02  0.5284441E-03  0.1945598E-04  0.3717599E-05  0.1223517E-02  0.5247265E-03  0.2697746E-05  0.0000000E+00  0.0000000E+00  0.0000000E+00
  3.57722  3.75000  2.84000  3.00774  0.1247363E-02  0.5294531E-03  0.1942377E-04  0.3712196E-05  0.1225247E-02  0.5257409E-03  0.2692627E-05  0.0000000E+00  0.0000000E+00  0.0000000E+00
  3.57806  3.75000  2.84100  3.00874  0.1249059E-02  0.5304630E-03  0.1939163E-04  0.3706801E-05  0.1226979E-02  0.5267562E-03  0.2687511E-05  0.0000000E+00  0.0000000E+00  0.0000000E+00
  3.57890  3.75000  2.84200  3.00974  0.1250756E-02  0.5314740E-03  0.1935955E-04  0.3701414E-05  0.1228714E-02  0.5277726E-03  0.2682398E-05  0.0000000E+00  0.0000000E+00  0.0000000E+00
  3.57974  3.75000  2.84300  3.01074  0.1252454E-02  0.5324861E-03  0.1932752E-04  0.3696037E-05  0.1230449E-02  0.5287901E-03  0.2677288E-05  0.0000000E+00  0.0000000E+00  0.0000000E+00
  3.58058  3.75000  2.84400  3.01174  0.1254154E-02  0.5334993E-03  0.1929556E-04  0.3690668E-05  0.1232186E-02  0.5298086E-03  0.2672182E-05  0.0000000E+00  0.0000000E+00  0.0000000E+00
  3.58143  3.75000  2.84500  3.01274  0.1255854E-02  0.5345135E-03  0.1926367E-04  0.3685308E-05  0.1233923E-02  0.5308282E-03  0.2667079E-05  0.0000000E+00  0.0000000E+00  0.0000000E+00
  3.58227  3.75000  2.84600  3.01374  0.1257554E-02  0.5355288E-03  0.1923183E-04  0.3679957E-05  0.1235661E-02  0.5318489E-03  0.2661980E-05  0.0000000E+00  0.0000000E+00  0.0000000E+00
  3.58311  3.75000  2.84700  3.01474  0.1259256E-02  0.5365452E-03  0.1920005E-04  0.3674614E-05  0.1237399E-02  0.5328706E-03  0.2656884E-05  0.0000000E+00  0.0000000E+00  0.0000000E+00
  3.58395  3.75000  2.84800  3.01574  0.1260958E-02  0.5375627E-03  0.1916834E-04  0.3669280E-05  0.1239138E-02  0.5338934E-03  0.2651791E-05  0.0000000E+00  0.0000000E+00  0.0000000E+00
  3.58479  3.75000  2.84900  3.01674  0.1262661E-02  0.5385812E-03  0.1913669E-04  0.3663954E-05  0.1240878E-02  0.5349173E-03  0.2646702E-05  0.0000000E+00  0.0000000E+00  0.0000000E+00
  3.58563  3.75000  2.85000  3.01774  0.1264364E-02  0.5396008E-03  0.1910509E-04  0.3658638E-05  0.1242618E-02  0.5359422E-03  0.2641617E-05  0.0000000E+00  0.0000000E+00  0.0000000E+00
  3.58647  3.75000  2.85100  3.01874  0.1266069E-02  0.5406215E-03  0.1907356E-04  0.3653329E-05  0.1244359E-02  0.5369682E-03  0.2636535E-05  0.0000000E+00  0.0000000E+00  0.0000000E+00
  3.58732  3.75000  2.85200  3.01974  0.1267773E-02  0.5416433E-03  0.1904209E-04  0.3648030E-05  0.1246100E-02  0.5379952E-03  0.2631456E-05  0.0000000E+00  0.0000000E+00  0.0000000E+00
  3.58816  3.75000  2.85300  3.02074  0.1269479E-02  0.5426661E-03  0.1901068E-04  0.3642739E-05  0.1247842E-02  0.5390233E-03  0.2626381E-05  0.0000000E+00  0.0000000E+00  0.0000000E+00
  3.58900  3.75000  2.85400  3.02174  0.1271185E-02  0.5436899E-03  0.1897933E-04  0.3637456E-05  0.1249584E-02  0.5400525E-03  0.2621309E-05  0.0000000E+00  0.0000000E+00  0.0000000E+00
  3.58984  3.75000  2.85500  3.02274  0.1272891E-02  0.5447148E-03  0.1894804E-04  0.3632182E-05  0.1251327E-02  0.5410827E-03  0.2616241E-05  0.0000000E+00  0.0000000E+00  0.0000000E+00
  3.59068  3.75000  2.85600  3.02374  0.1274598E-02  0.5457408E-03  0.1891681E-04  0.3626917E-05  0.1253070E-02  0.5421139E-03  0.2611177E-05  0.0000000E+00  0.0000000E+00  0.0000000E+00
  3.59153  3.75000  2.85700  3.02474  0.1276306E-02  0.5467678E-03  0.1888564E-04  0.3621660E-05  0.1254814E-02  0.5431462E-03  0.2606116E-05  0.0000000E+00  0.0000000E+00  0.0000000E+00
  3.59237  3.75000  2.85800  3.02574  0.1278014E-02  0.5477959E-03  0.1885453E-04  0.3616411E-05  0.1256558E-02  0.5441795E-03  0.2601059E-05  0.0000000E+00  0.0000000E+00  0.0000000E+00
  3.59321  3.75000  2.85900  3.02674  0.1279723E-02  0.5488250E-03  0.1882349E-04  0.3611171E-05  0.1258303E-02  0.5452138E-03  0.2596005E-05  0.0000000E+00  0.0000000E+00  0.0000000E+00
  3.59405  3.75000  2.86000  3.02774  0.1281432E-02  0.5498551E-03  0.1879250E-04  0.3605940E-05  0.1260048E-02  0.5462491E-03  0.2590955E-05  0.0000000E+00  0.0000000E+00  0.0000000E+00
  3.59490  3.75000  2.86100  3.02874  0.1283141E-02  0.5508862E-03  0.1876156E-04  0.3600717E-05  0.1261794E-02  0.5472855E-03  0.2585909E-05  0.0000000E+00  0.0000000E+00  0.0000000E+00
  3.59574  3.75000  2.86200  3.02974  0.1284852E-02  0.5519184E-03  0.1873069E-04  0.3595502E-05  0.1263540E-02  0.5483229E-03  0.2580866E-05  0.0000000E+00  0.0000000E+00  0.0000000E+00
  3.59658  3.75000  2.86300  3.03074  0.1286562E-02  0.5529516E-03  0.1869988E-04  0.3590296E-05  0.1265287E-02  0.5493614E-03  0.2575828E-05  0.0000000E+00  0.0000000E+00  0.0000000E+00
  3.59742  3.75000  2.86400  3.03174  0.1288274E-02  0.5539859E-03  0.1866913E-04  0.3585098E-05  0.1267034E-02  0.5504008E-03  0.2570792E-05  0.0000000E+00  0.0000000E+00  0.0000000E+00
  3.59827  3.75000  2.86500  3.03274  0.1289985E-02  0.5550211E-03  0.1863844E-04  0.3579909E-05  0.1268781E-02  0.5514412E-03  0.2565761E-05  0.0000000E+00  0.0000000E+00  0.0000000E+00
  3.59911  3.75000  2.86600  3.03374  0.1291698E-02  0.5560574E-03  0.1860780E-04  0.3574728E-05  0.1270529E-02  0.5524827E-03  0.2560733E-05  0.0000000E+00  0.0000000E+00  0.0000000E+00
  3.59995  3.75000  2.86700  3.03474  0.1293410E-02  0.5570947E-03  0.1857722E-04  0.3569555E-05  0.1272278E-02  0.5535252E-03  0.2555709E-05  0.0000000E+00  0.0000000E+00  0.0000000E+00
  3.60080  3.75000  2.86800  3.03574  0.1295124E-02  0.5581330E-03  0.1854671E-04  0.3564391E-05  0.1274026E-02  0.5545687E-03  0.2550689E-05  0.0000000E+00  0.0000000E+00  0.0000000E+00
  3.60164  3.75000  2.86900  3.03674  0.1296837E-02  0.5591724E-03  0.1851625E-04  0.3559235E-05  0.1275775E-02  0.5556131E-03  0.2545673E-05  0.0000000E+00  0.0000000E+00  0.0000000E+00
  3.60248  3.75000  2.87000  3.03774  0.1298552E-02  0.5602127E-03  0.1848585E-04  0.3554087E-05  0.1277525E-02  0.5566586E-03  0.2540660E-05  0.0000000E+00  0.0000000E+00  0.0000000E+00
  3.60332  3.75000  2.87100  3.03874  0.1300266E-02  0.5612541E-03  0.1845550E-04  0.3548948E-05  0.1279275E-02  0.5577051E-03  0.2535652E-05  0.0000000E+00  0.0000000E+00  0.0000000E+00
  3.60417  3.75000  2.87200  3.03974  0.1301981E-02  0.5622964E-03  0.1842522E-04  0.3543817E-05  0.1281025E-02  0.5587526E-03  0.2530647E-05  0.0000000E+00  0.0000000E+00  0.0000000E+00
  3.60501  3.75000  2.87300  3.04074  0.1303697E-02  0.5633398E-03  0.1839499E-04  0.3538694E-05  0.1282776E-02  0.5598011E-03  0.2525646E-05  0.0000000E+00  0.0000000E+00  0.0000000E+00
  3.60586  3.75000  2.87400  3.04174  0.1305420E-02  0.5643859E-03  0.1836483E-04  0.3533580E-05  0.1284535E-02  0.5608523E-03  0.2520649E-05  0.0000000E+00  0.0000000E+00  0.0000000E+00
  3.60670  3.75000  2.87500  3.04274  0.1307147E-02  0.5654323E-03  0.1833471E-04  0.3528473E-05  0.1286296E-02  0.5619038E-03  0.2515655E-05  0.0000000E+00  0.0000000E+00  0.0000000E+00
  3.60754  3.75000  2.87600  3.04374  0.1308872E-02  0.5664794E-03  0.1830466E-04  0.3523375E-05  0.1288056E-02  0.5629560E-03  0.2510666E-05  0.0000000E+00  0.0000000E+00  0.0000000E+00
  3.60839  3.75000  2.87700  3.04474  0.1310600E-02  0.5675274E-03  0.1827466E-04  0.3518286E-05  0.1289819E-02  0.5640091E-03  0.2505681E-05  0.0000000E+00  0.0000000E+00  0.0000000E+00
  3.60923  3.75000  2.87800  3.04574  0.1312330E-02  0.5685764E-03  0.1824473E-04  0.3513204E-05  0.1291584E-02  0.5650632E-03  0.2500699E-05  0.0000000E+00  0.0000000E+00  0.0000000E+00
  3.61007  3.75000  2.87900  3.04674  0.1314060E-02  0.5696264E-03  0.1821484E-04  0.3508130E-05  0.1293350E-02  0.5661182E-03  0.2495722E-05  0.0000000E+00  0.0000000E+00  0.0000000E+00
  3.61092  3.75000  2.88000  3.04774  0.1315792E-02  0.5706773E-03  0.1818502E-04  0.3503065E-05  0.1295116E-02  0.5671743E-03  0.2490748E-05  0.0000000E+00  0.0000000E+00  0.0000000E+00
  3.61176  3.75000  2.88100  3.04874  0.1317533E-02  0.5717343E-03  0.1815525E-04  0.3498008E-05  0.1296892E-02  0.5682363E-03  0.2485779E-05  0.0000000E+00  0.0000000E+00  0.0000000E+00
  3.61261  3.75000  2.88200  3.04974  0.1319268E-02  0.5727889E-03  0.1812554E-04  0.3492959E-05  0.1298662E-02  0.5692960E-03  0.2480813E-05  0.0000000E+00  0.0000000E+00  0.0000000E+00
  3.61345  3.75000  2.88300  3.05074  0.1321004E-02  0.5738447E-03  0.1809589E-04  0.3487918E-05  0.1300432E-02  0.5703568E-03  0.2475852E-05  0.0000000E+00  0.0000000E+00  0.0000000E+00
  3.61429  3.75000  2.88400  3.05174  0.1322740E-02  0.5749016E-03  0.1806629E-04  0.3482885E-05  0.1302203E-02  0.5714187E-03  0.2470894E-05  0.0000000E+00  0.0000000E+00  0.0000000E+00
  3.61514  3.75000  2.88500  3.05274  0.1324477E-02  0.5759596E-03  0.1803675E-04  0.3477861E-05  0.1303974E-02  0.5724818E-03  0.2465941E-05  0.0000000E+00  0.0000000E+00  0.0000000E+00
  3.61598  3.75000  2.88600  3.05374  0.1326214E-02  0.5770187E-03  0.1800727E-04  0.3472844E-05  0.1305746E-02  0.5735459E-03  0.2460992E-05  0.0000000E+00  0.0000000E+00  0.0000000E+00
  3.61683  3.75000  2.88700  3.05474  0.1327953E-02  0.5780789E-03  0.1797784E-04  0.3467836E-05  0.1307519E-02  0.5746111E-03  0.2456047E-05  0.0000000E+00  0.0000000E+00  0.0000000E+00
  3.61767  3.75000  2.88800  3.05574  0.1329692E-02  0.5791402E-03  0.1794847E-04  0.3462835E-05  0.1309292E-02  0.5756774E-03  0.2451106E-05  0.0000000E+00  0.0000000E+00  0.0000000E+00
  3.61852  3.75000  2.88900  3.05674  0.1331431E-02  0.5802026E-03  0.1791915E-04  0.3457843E-05  0.1311066E-02  0.5767447E-03  0.2446169E-05  0.0000000E+00  0.0000000E+00  0.0000000E+00
  3.61936  3.75000  2.89000  3.05774  0.1333171E-02  0.5812660E-03  0.1788989E-04  0.3452858E-05  0.1312840E-02  0.5778131E-03  0.2441236E-05  0.0000000E+00  0.0000000E+00  0.0000000E+00
  3.62021  3.75000  2.89100  3.05874  0.1334912E-02  0.5823305E-03  0.1786069E-04  0.3447882E-05  0.1314615E-02  0.5788826E-03  0.2436307E-05  0.0000000E+00  0.0000000E+00  0.0000000E+00
  3.62105  3.75000  2.89200  3.05974  0.1336653E-02  0.5833960E-03  0.1783154E-04  0.3442914E-05  0.1316390E-02  0.5799531E-03  0.2431383E-05  0.0000000E+00  0.0000000E+00  0.0000000E+00
  3.62190  3.75000  2.89300  3.06074  0.1338395E-02  0.5844626E-03  0.1780244E-04  0.3437953E-05  0.1318166E-02  0.5810247E-03  0.2426462E-05  0.0000000E+00  0.0000000E+00  0.0000000E+00
  3.62274  3.75000  2.89400  3.06174  0.1340137E-02  0.5855303E-03  0.1777341E-04  0.3433001E-05  0.1319942E-02  0.5820973E-03  0.2421546E-05  0.0000000E+00  0.0000000E+00  0.0000000E+00
  3.62359  3.75000  2.89500  3.06274  0.1341880E-02  0.5865990E-03  0.1774442E-04  0.3428056E-05  0.1321719E-02  0.5831709E-03  0.2416634E-05  0.0000000E+00  0.0000000E+00  0.0000000E+00
  3.62443  3.75000  2.89600  3.06374  0.1343624E-02  0.5876687E-03  0.1771549E-04  0.3423120E-05  0.1323496E-02  0.5842456E-03  0.2411726E-05  0.0000000E+00  0.0000000E+00  0.0000000E+00
  3.62528  3.75000  2.89700  3.06474  0.1345367E-02  0.5887395E-03  0.1768662E-04  0.3418191E-05  0.1325274E-02  0.5853213E-03  0.2406823E-05  0.0000000E+00  0.0000000E+00  0.0000000E+00
  3.62612  3.75000  2.89800  3.06574  0.1347112E-02  0.5898113E-03  0.1765780E-04  0.3413270E-05  0.1327052E-02  0.5863980E-03  0.2401924E-05  0.0000000E+00  0.0000000E+00  0.0000000E+00
  3.62697  3.75000  2.89900  3.06674  0.1348857E-02  0.5908841E-03  0.1762904E-04  0.3408357E-05  0.1328831E-02  0.5874758E-03  0.2397029E-05  0.0000000E+00  0.0000000E+00  0.0000000E+00
  3.62781  3.75000  2.90000  3.06774  0.1350602E-02  0.5919580E-03  0.1760033E-04  0.3403452E-05  0.1330610E-02  0.5885546E-03  0.2392138E-05  0.0000000E+00  0.0000000E+00  0.0000000E+00
  3.62866  3.75000  2.90100  3.06874  0.1352348E-02  0.5930329E-03  0.1757168E-04  0.3398555E-05  0.1332390E-02  0.5896344E-03  0.2387252E-05  0.0000000E+00  0.0000000E+00  0.0000000E+00
  3.62951  3.75000  2.90200  3.06974  0.1354095E-02  0.5941088E-03  0.1754308E-04  0.3393666E-05  0.1334170E-02  0.5907152E-03  0.2382370E-05  0.0000000E+00  0.0000000E+00  0.0000000E+00
  3.63035  3.75000  2.90300  3.07074  0.1355842E-02  0.5951858E-03  0.1751453E-04  0.3388784E-05  0.1335950E-02  0.5917970E-03  0.2377492E-05  0.0000000E+00  0.0000000E+00  0.0000000E+00
  3.63120  3.75000  2.90400  3.07174  0.1357590E-02  0.5962638E-03  0.1748604E-04  0.3383911E-05  0.1337731E-02  0.5928799E-03  0.2372619E-05  0.0000000E+00  0.0000000E+00  0.0000000E+00
  3.63204  3.75000  2.90500  3.07274  0.1359338E-02  0.5973428E-03  0.1745761E-04  0.3379045E-05  0.1339512E-02  0.5939637E-03  0.2367750E-05  0.0000000E+00  0.0000000E+00  0.0000000E+00
  3.63289  3.75000  2.90600  3.07374  0.1361086E-02  0.5984228E-03  0.1742922E-04  0.3374187E-05  0.1341294E-02  0.5950486E-03  0.2362885E-05  0.0000000E+00  0.0000000E+00  0.0000000E+00
  3.63374  3.75000  2.90700  3.07474  0.1362835E-02  0.5995038E-03  0.1740089E-04  0.3369337E-05  0.1343076E-02  0.5961345E-03  0.2358025E-05  0.0000000E+00  0.0000000E+00  0.0000000E+00
  3.63458  3.75000  2.90800  3.07574  0.1364585E-02  0.6005859E-03  0.1737262E-04  0.3364494E-05  0.1344859E-02  0.5972214E-03  0.2353169E-05  0.0000000E+00  0.0000000E+00  0.0000000E+00
  3.63543  3.75000  2.90900  3.07674  0.1366335E-02  0.6016690E-03  0.1734440E-04  0.3359659E-05  0.1346642E-02  0.5983093E-03  0.2348318E-05  0.0000000E+00  0.0000000E+00  0.0000000E+00
  3.63627  3.75000  2.91000  3.07774  0.1368088E-02  0.6027540E-03  0.1731623E-04  0.3354832E-05  0.1348428E-02  0.5993992E-03  0.2343471E-05  0.0000000E+00  0.0000000E+00  0.0000000E+00
  3.63712  3.75000  2.91100  3.07874  0.1369849E-02  0.6038405E-03  0.1728811E-04  0.3350013E-05  0.1350222E-02  0.6004905E-03  0.2338628E-05  0.0000000E+00  0.0000000E+00  0.0000000E+00
  3.63797  3.75000  2.91200  3.07974  0.1371610E-02  0.6049274E-03  0.1726005E-04  0.3345202E-05  0.1352016E-02  0.6015822E-03  0.2333790E-05  0.0000000E+00  0.0000000E+00  0.0000000E+00
  3.63881  3.75000  2.91300  3.08074  0.1373369E-02  0.6060152E-03  0.1723204E-04  0.3340398E-05  0.1353808E-02  0.6026748E-03  0.2328957E-05  0.0000000E+00  0.0000000E+00  0.0000000E+00
  3.63966  3.75000  2.91400  3.08174  0.1375133E-02  0.6071040E-03  0.1720409E-04  0.3335602E-05  0.1355605E-02  0.6037684E-03  0.2324128E-05  0.0000000E+00  0.0000000E+00  0.0000000E+00
  3.64051  3.75000  2.91500  3.08274  0.1376898E-02  0.6081937E-03  0.1717618E-04  0.3330813E-05  0.1357402E-02  0.6048628E-03  0.2319303E-05  0.0000000E+00  0.0000000E+00  0.0000000E+00
  3.64135  3.75000  2.91600  3.08374  0.1378663E-02  0.6092843E-03  0.1714833E-04  0.3326032E-05  0.1359200E-02  0.6059583E-03  0.2314483E-05  0.0000000E+00  0.0000000E+00  0.0000000E+00
  3.64220  3.75000  2.91700  3.08474  0.1380429E-02  0.6103760E-03  0.1712053E-04  0.3321259E-05  0.1360999E-02  0.6070547E-03  0.2309667E-05  0.0000000E+00  0.0000000E+00  0.0000000E+00
  3.64305  3.75000  2.91800  3.08574  0.1382196E-02  0.6114687E-03  0.1709279E-04  0.3316493E-05  0.1362798E-02  0.6081522E-03  0.2304856E-05  0.0000000E+00  0.0000000E+00  0.0000000E+00
  3.64390  3.75000  2.91900  3.08674  0.1383963E-02  0.6125623E-03  0.1706510E-04  0.3311735E-05  0.1364598E-02  0.6092506E-03  0.2300050E-05  0.0000000E+00  0.0000000E+00  0.0000000E+00
  3.64474  3.75000  2.92000  3.08774  0.1385731E-02  0.6136570E-03  0.1703746E-04  0.3306985E-05  0.1366399E-02  0.6103500E-03  0.2295248E-05  0.0000000E+00  0.0000000E+00  0.0000000E+00
  3.64559  3.75000  2.92100  3.08874  0.1387500E-02  0.6147527E-03  0.1700987E-04  0.3302242E-05  0.1368200E-02  0.6114504E-03  0.2290451E-05  0.0000000E+00  0.0000000E+00  0.0000000E+00
  3.64644  3.75000  2.92200  3.08974  0.1389269E-02  0.6158493E-03  0.1698233E-04  0.3297507E-05  0.1370001E-02  0.6125518E-03  0.2285658E-05  0.0000000E+00  0.0000000E+00  0.0000000E+00
  3.64728  3.75000  2.92300  3.09074  0.1391046E-02  0.6169506E-03  0.1695485E-04  0.3292779E-05  0.1371810E-02  0.6136578E-03  0.2280870E-05  0.0000000E+00  0.0000000E+00  0.0000000E+00
  3.64813  3.75000  2.92400  3.09174  0.1392818E-02  0.6180508E-03  0.1692742E-04  0.3288059E-05  0.1373614E-02  0.6147627E-03  0.2276086E-05  0.0000000E+00  0.0000000E+00  0.0000000E+00
  3.64898  3.75000  2.92500  3.09274  0.1394591E-02  0.6191521E-03  0.1690003E-04  0.3283346E-05  0.1375419E-02  0.6158688E-03  0.2271308E-05  0.0000000E+00  0.0000000E+00  0.0000000E+00
  3.64983  3.75000  2.92600  3.09374  0.1396364E-02  0.6202545E-03  0.1687271E-04  0.3278641E-05  0.1377225E-02  0.6169759E-03  0.2266533E-05  0.0000000E+00  0.0000000E+00  0.0000000E+00
  3.65067  3.75000  2.92700  3.09474  0.1398138E-02  0.6213580E-03  0.1684543E-04  0.3273943E-05  0.1379031E-02  0.6180841E-03  0.2261764E-05  0.0000000E+00  0.0000000E+00  0.0000000E+00
  3.65152  3.75000  2.92800  3.09574  0.1399912E-02  0.6224626E-03  0.1681820E-04  0.3269253E-05  0.1380837E-02  0.6191934E-03  0.2256999E-05  0.0000000E+00  0.0000000E+00  0.0000000E+00
  3.65237  3.75000  2.92900  3.09674  0.1401687E-02  0.6235683E-03  0.1679103E-04  0.3264571E-05  0.1382644E-02  0.6203037E-03  0.2252239E-05  0.0000000E+00  0.0000000E+00  0.0000000E+00
  3.65322  3.75000  2.93000  3.09774  0.1403463E-02  0.6246751E-03  0.1676390E-04  0.3259895E-05  0.1384452E-02  0.6214152E-03  0.2247483E-05  0.0000000E+00  0.0000000E+00  0.0000000E+00
  3.65407  3.75000  2.93100  3.09874  0.1405239E-02  0.6257829E-03  0.1673683E-04  0.3255228E-05  0.1386260E-02  0.6225277E-03  0.2242733E-05  0.0000000E+00  0.0000000E+00  0.0000000E+00
  3.65491  3.75000  2.93200  3.09974  0.1407016E-02  0.6268917E-03  0.1670981E-04  0.3250567E-05  0.1388068E-02  0.6236412E-03  0.2237987E-05  0.0000000E+00  0.0000000E+00  0.0000000E+00
  3.65576  3.75000  2.93300  3.10074  0.1408793E-02  0.6280017E-03  0.1668284E-04  0.3245914E-05  0.1389877E-02  0.6247557E-03  0.2233245E-05  0.0000000E+00  0.0000000E+00  0.0000000E+00
  3.65661  3.75000  2.93400  3.10174  0.1410571E-02  0.6291126E-03  0.1665592E-04  0.3241269E-05  0.1391687E-02  0.6258714E-03  0.2228509E-05  0.0000000E+00  0.0000000E+00  0.0000000E+00
  3.65746  3.75000  2.93500  3.10274  0.1412349E-02  0.6302246E-03  0.1662905E-04  0.3236631E-05  0.1393497E-02  0.6269880E-03  0.2223777E-05  0.0000000E+00  0.0000000E+00  0.0000000E+00
  3.65831  3.75000  2.93600  3.10374  0.1414128E-02  0.6313377E-03  0.1660223E-04  0.3232000E-05  0.1395307E-02  0.6281057E-03  0.2219050E-05  0.0000000E+00  0.0000000E+00  0.0000000E+00
  3.65916  3.75000  2.93700  3.10474  0.1415908E-02  0.6324518E-03  0.1657546E-04  0.3227377E-05  0.1397118E-02  0.6292244E-03  0.2214328E-05  0.0000000E+00  0.0000000E+00  0.0000000E+00
  3.66000  3.75000  2.93800  3.10574  0.1417688E-02  0.6335669E-03  0.1654874E-04  0.3222760E-05  0.1398929E-02  0.6303441E-03  0.2209611E-05  0.0000000E+00  0.0000000E+00  0.0000000E+00
  3.66085  3.75000  2.93900  3.10674  0.1419468E-02  0.6346830E-03  0.1652208E-04  0.3218152E-05  0.1400741E-02  0.6314649E-03  0.2204898E-05  0.0000000E+00  0.0000000E+00  0.0000000E+00
  3.66170  3.75000  2.94000  3.10774  0.1421249E-02  0.6358002E-03  0.1649546E-04  0.3213550E-05  0.1402553E-02  0.6325867E-03  0.2200190E-05  0.0000000E+00  0.0000000E+00  0.0000000E+00
  3.66255  3.75000  2.94100  3.10874  0.1423031E-02  0.6369184E-03  0.1646889E-04  0.3208956E-05  0.1404366E-02  0.6337095E-03  0.2195487E-05  0.0000000E+00  0.0000000E+00  0.0000000E+00
  3.66340  3.75000  2.94200  3.10974  0.1424813E-02  0.6380377E-03  0.1644237E-04  0.3204370E-05  0.1406179E-02  0.6348333E-03  0.2190789E-05  0.0000000E+00  0.0000000E+00  0.0000000E+00
  3.66425  3.75000  2.94300  3.11074  0.1426595E-02  0.6391579E-03  0.1641590E-04  0.3199790E-05  0.1407993E-02  0.6359581E-03  0.2186096E-05  0.0000000E+00  0.0000000E+00  0.0000000E+00
  3.66510  3.75000  2.94400  3.11174  0.1428378E-02  0.6402792E-03  0.1638948E-04  0.3195218E-05  0.1409807E-02  0.6370840E-03  0.2181408E-05  0.0000000E+00  0.0000000E+00  0.0000000E+00
  3.66595  3.75000  2.94500  3.11274  0.1430162E-02  0.6414016E-03  0.1636312E-04  0.3190653E-05  0.1411622E-02  0.6382109E-03  0.2176724E-05  0.0000000E+00  0.0000000E+00  0.0000000E+00
  3.66680  3.75000  2.94600  3.11374  0.1431946E-02  0.6425249E-03  0.1633680E-04  0.3186095E-05  0.1413437E-02  0.6393388E-03  0.2172046E-05  0.0000000E+00  0.0000000E+00  0.0000000E+00
  3.66764  3.75000  2.94700  3.11474  0.1433732E-02  0.6436501E-03  0.1631052E-04  0.3181545E-05  0.1415254E-02  0.6404685E-03  0.2167372E-05  0.0000000E+00  0.0000000E+00  0.0000000E+00
  3.66849  3.75000  2.94800  3.11574  0.1435526E-02  0.6447769E-03  0.1628430E-04  0.3177001E-05  0.1417079E-02  0.6415999E-03  0.2162704E-05  0.0000000E+00  0.0000000E+00  0.0000000E+00
  3.66934  3.75000  2.94900  3.11674  0.1437321E-02  0.6459041E-03  0.1625813E-04  0.3172465E-05  0.1418905E-02  0.6427317E-03  0.2158040E-05  0.0000000E+00  0.0000000E+00  0.0000000E+00
  3.67019  3.75000  2.95000  3.11774  0.1439115E-02  0.6470322E-03  0.1623201E-04  0.3167936E-05  0.1420729E-02  0.6438643E-03  0.2153381E-05  0.0000000E+00  0.0000000E+00  0.0000000E+00
  3.67104  3.75000  2.95100  3.11874  0.1440912E-02  0.6481613E-03  0.1620593E-04  0.3163415E-05  0.1422557E-02  0.6449979E-03  0.2148727E-05  0.0000000E+00  0.0000000E+00  0.0000000E+00
  3.67189  3.75000  2.95200  3.11974  0.1442710E-02  0.6492913E-03  0.1617991E-04  0.3158900E-05  0.1424386E-02  0.6461324E-03  0.2144078E-05  0.0000000E+00  0.0000000E+00  0.0000000E+00
  3.67274  3.75000  2.95300  3.12074  0.1444509E-02  0.6504223E-03  0.1615393E-04  0.3154393E-05  0.1426216E-02  0.6472679E-03  0.2139435E-05  0.0000000E+00  0.0000000E+00  0.0000000E+00
  3.67359  3.75000  2.95400  3.12174  0.1446309E-02  0.6515542E-03  0.1612800E-04  0.3149893E-05  0.1428046E-02  0.6484043E-03  0.2134796E-05  0.0000000E+00  0.0000000E+00  0.0000000E+00
  3.67444  3.75000  2.95500  3.12274  0.1448110E-02  0.6526872E-03  0.1610212E-04  0.3145399E-05  0.1429877E-02  0.6495418E-03  0.2130162E-05  0.0000000E+00  0.0000000E+00  0.0000000E+00
  3.67529  3.75000  2.95600  3.12374  0.1449911E-02  0.6538211E-03  0.1607629E-04  0.3140913E-05  0.1431709E-02  0.6506802E-03  0.2125533E-05  0.0000000E+00  0.0000000E+00  0.0000000E+00
  3.67614  3.75000  2.95700  3.12474  0.1451712E-02  0.6549561E-03  0.1605051E-04  0.3136434E-05  0.1433541E-02  0.6518196E-03  0.2120909E-05  0.0000000E+00  0.0000000E+00  0.0000000E+00
  3.67699  3.75000  2.95800  3.12574  0.1453515E-02  0.6560920E-03  0.1602477E-04  0.3131963E-05  0.1435374E-02  0.6529600E-03  0.2116290E-05  0.0000000E+00  0.0000000E+00  0.0000000E+00
  3.67784  3.75000  2.95900  3.12674  0.1455318E-02  0.6572289E-03  0.1599909E-04  0.3127498E-05  0.1437207E-02  0.6541014E-03  0.2111676E-05  0.0000000E+00  0.0000000E+00  0.0000000E+00
  3.67869  3.75000  2.96000  3.12774  0.1457121E-02  0.6583669E-03  0.1597345E-04  0.3123040E-05  0.1439041E-02  0.6552438E-03  0.2107068E-05  0.0000000E+00  0.0000000E+00  0.0000000E+00
  3.67954  3.75000  2.96100  3.12874  0.1458925E-02  0.6595058E-03  0.1594785E-04  0.3118590E-05  0.1440875E-02  0.6563872E-03  0.2102464E-05  0.0000000E+00  0.0000000E+00  0.0000000E+00
  3.68039  3.75000  2.96200  3.12974  0.1460730E-02  0.6606457E-03  0.1592231E-04  0.3114146E-05  0.1442709E-02  0.6575316E-03  0.2097866E-05  0.0000000E+00  0.0000000E+00  0.0000000E+00
  3.68124  3.75000  2.96300  3.13074  0.1462535E-02  0.6617866E-03  0.1589681E-04  0.3109709E-05  0.1444544E-02  0.6586769E-03  0.2093272E-05  0.0000000E+00  0.0000000E+00  0.0000000E+00
  3.68209  3.75000  2.96400  3.13174  0.1464340E-02  0.6629285E-03  0.1587137E-04  0.3105280E-05  0.1446380E-02  0.6598233E-03  0.2088684E-05  0.0000000E+00  0.0000000E+00  0.0000000E+00
  3.68294  3.75000  2.96500  3.13274  0.1466146E-02  0.6640715E-03  0.1584596E-04  0.3100857E-05  0.1448216E-02  0.6609706E-03  0.2084101E-05  0.0000000E+00  0.0000000E+00  0.0000000E+00
  3.68379  3.75000  2.96600  3.13374  0.1467953E-02  0.6652154E-03  0.1582061E-04  0.3096441E-05  0.1450053E-02  0.6621189E-03  0.2079522E-05  0.0000000E+00  0.0000000E+00  0.0000000E+00
  3.68464  3.75000  2.96700  3.13474  0.1469766E-02  0.6663641E-03  0.1579530E-04  0.3092033E-05  0.1451896E-02  0.6632721E-03  0.2074950E-05  0.0000000E+00  0.0000000E+00  0.0000000E+00
  3.68550  3.75000  2.96800  3.13574  0.1471576E-02  0.6675114E-03  0.1577004E-04  0.3087631E-05  0.1453735E-02  0.6644238E-03  0.2070382E-05  0.0000000E+00  0.0000000E+00  0.0000000E+00
  3.68635  3.75000  2.96900  3.13674  0.1473385E-02  0.6686598E-03  0.1574483E-04  0.3083236E-05  0.1455575E-02  0.6655765E-03  0.2065819E-05  0.0000000E+00  0.0000000E+00  0.0000000E+00
  3.68720  3.75000  2.97000  3.13774  0.1475196E-02  0.6698093E-03  0.1571967E-04  0.3078849E-05  0.1457415E-02  0.6667304E-03  0.2061262E-05  0.0000000E+00  0.0000000E+00  0.0000000E+00
  3.68805  3.75000  2.97100  3.13874  0.1477006E-02  0.6709598E-03  0.1569455E-04  0.3074468E-05  0.1459255E-02  0.6678854E-03  0.2056709E-05  0.0000000E+00  0.0000000E+00  0.0000000E+00
  3.68890  3.75000  2.97200  3.13974  0.1478818E-02  0.6721114E-03  0.1566948E-04  0.3070094E-05  0.1461096E-02  0.6690414E-03  0.2052162E-05  0.0000000E+00  0.0000000E+00  0.0000000E+00
  3.68975  3.75000  2.97300  3.14074  0.1480630E-02  0.6732641E-03  0.1564445E-04  0.3065727E-05  0.1462938E-02  0.6701984E-03  0.2047620E-05  0.0000000E+00  0.0000000E+00  0.0000000E+00
  3.69060  3.75000  2.97400  3.14174  0.1482442E-02  0.6744179E-03  0.1561947E-04  0.3061366E-05  0.1464780E-02  0.6713565E-03  0.2043083E-05  0.0000000E+00  0.0000000E+00  0.0000000E+00
  3.69145  3.75000  2.97500  3.14274  0.1484255E-02  0.6755727E-03  0.1559454E-04  0.3057013E-05  0.1466622E-02  0.6725156E-03  0.2038552E-05  0.0000000E+00  0.0000000E+00  0.0000000E+00
  3.69230  3.75000  2.97600  3.14374  0.1486069E-02  0.6767285E-03  0.1556965E-04  0.3052667E-05  0.1468465E-02  0.6736758E-03  0.2034026E-05  0.0000000E+00  0.0000000E+00  0.0000000E+00
  3.69316  3.75000  2.97700  3.14474  0.1487883E-02  0.6778854E-03  0.1554481E-04  0.3048327E-05  0.1470308E-02  0.6748371E-03  0.2029505E-05  0.0000000E+00  0.0000000E+00  0.0000000E+00
  3.69401  3.75000  2.97800  3.14574  0.1489697E-02  0.6790433E-03  0.1552002E-04  0.3043994E-05  0.1472152E-02  0.6759993E-03  0.2024989E-05  0.0000000E+00  0.0000000E+00  0.0000000E+00
  3.69486  3.75000  2.97900  3.14674  0.1491512E-02  0.6802023E-03  0.1549527E-04  0.3039668E-05  0.1473997E-02  0.6771626E-03  0.2020478E-05  0.0000000E+00  0.0000000E+00  0.0000000E+00
  3.69571  3.75000  2.98000  3.14774  0.1493328E-02  0.6813623E-03  0.1547057E-04  0.3035349E-05  0.1475842E-02  0.6783269E-03  0.2015973E-05  0.0000000E+00  0.0000000E+00  0.0000000E+00
  3.69656  3.75000  2.98100  3.14874  0.1495144E-02  0.6825233E-03  0.1544591E-04  0.3031037E-05  0.1477687E-02  0.6794923E-03  0.2011473E-05  0.0000000E+00  0.0000000E+00  0.0000000E+00
  3.69741  3.75000  2.98200  3.14974  0.1496961E-02  0.6836854E-03  0.1542130E-04  0.3026731E-05  0.1479533E-02  0.6806587E-03  0.2006978E-05  0.0000000E+00  0.0000000E+00  0.0000000E+00
  3.69827  3.75000  2.98300  3.15074  0.1498778E-02  0.6848485E-03  0.1539673E-04  0.3022432E-05  0.1481379E-02  0.6818261E-03  0.2002489E-05  0.0000000E+00  0.0000000E+00  0.0000000E+00
  3.69912  3.75000  2.98400  3.15174  0.1500596E-02  0.6860126E-03  0.1537221E-04  0.3018140E-05  0.1483226E-02  0.6829945E-03  0.1998005E-05  0.0000000E+00  0.0000000E+00  0.0000000E+00
  3.69997  3.75000  2.98500  3.15274  0.1502418E-02  0.6871791E-03  0.1534774E-04  0.3013855E-05  0.1485077E-02  0.6841652E-03  0.1993526E-05  0.0000000E+00  0.0000000E+00  0.0000000E+00
  3.70082  3.75000  2.98600  3.15374  0.1504246E-02  0.6883464E-03  0.1532331E-04  0.3009576E-05  0.1486934E-02  0.6853368E-03  0.1989053E-05  0.0000000E+00  0.0000000E+00  0.0000000E+00
  3.70167  3.75000  2.98700  3.15474  0.1506073E-02  0.6895144E-03  0.1529893E-04  0.3005304E-05  0.1488789E-02  0.6865091E-03  0.1984585E-05  0.0000000E+00  0.0000000E+00  0.0000000E+00
  3.70253  3.75000  2.98800  3.15574  0.1507901E-02  0.6906832E-03  0.1527459E-04  0.3001039E-05  0.1490647E-02  0.6876822E-03  0.1980122E-05  0.0000000E+00  0.0000000E+00  0.0000000E+00
  3.70338  3.75000  2.98900  3.15674  0.1509732E-02  0.6918530E-03  0.1525029E-04  0.2996781E-05  0.1492506E-02  0.6888563E-03  0.1975665E-05  0.0000000E+00  0.0000000E+00  0.0000000E+00
  3.70423  3.75000  2.99000  3.15774  0.1511564E-02  0.6930238E-03  0.1522605E-04  0.2992529E-05  0.1494366E-02  0.6900313E-03  0.1971212E-05  0.0000000E+00  0.0000000E+00  0.0000000E+00
  3.70508  3.75000  2.99100  3.15874  0.1513396E-02  0.6941956E-03  0.1520184E-04  0.2988284E-05  0.1496228E-02  0.6912073E-03  0.1966766E-05  0.0000000E+00  0.0000000E+00  0.0000000E+00
  3.70594  3.75000  2.99200  3.15974  0.1515229E-02  0.6953683E-03  0.1517768E-04  0.2984045E-05  0.1498089E-02  0.6923843E-03  0.1962325E-05  0.0000000E+00  0.0000000E+00  0.0000000E+00
  3.70679  3.75000  2.99300  3.16074  0.1517063E-02  0.6965421E-03  0.1515357E-04  0.2979813E-05  0.1499952E-02  0.6935622E-03  0.1957889E-05  0.0000000E+00  0.0000000E+00  0.0000000E+00
  3.70764  3.75000  2.99400  3.16174  0.1518898E-02  0.6977168E-03  0.1512950E-04  0.2975588E-05  0.1501815E-02  0.6947412E-03  0.1953458E-05  0.0000000E+00  0.0000000E+00  0.0000000E+00
  3.70849  3.75000  2.99500  3.16274  0.1520733E-02  0.6988925E-03  0.1510547E-04  0.2971370E-05  0.1503678E-02  0.6959211E-03  0.1949033E-05  0.0000000E+00  0.0000000E+00  0.0000000E+00
  3.70935  3.75000  2.99600  3.16374  0.1522569E-02  0.7000692E-03  0.1508149E-04  0.2967158E-05  0.1505543E-02  0.6971020E-03  0.1944613E-05  0.0000000E+00  0.0000000E+00  0.0000000E+00
  3.71020  3.75000  2.99700  3.16474  0.1524405E-02  0.7012469E-03  0.1505755E-04  0.2962952E-05  0.1507407E-02  0.6982839E-03  0.1940199E-05  0.0000000E+00  0.0000000E+00  0.0000000E+00
  3.71105  3.75000  2.99800  3.16574  0.1526242E-02  0.7024255E-03  0.1503366E-04  0.2958753E-05  0.1509272E-02  0.6994668E-03  0.1935790E-05  0.0000000E+00  0.0000000E+00  0.0000000E+00
  3.71191  3.75000  2.99900  3.16674  0.1528079E-02  0.7036052E-03  0.1500981E-04  0.2954561E-05  0.1511138E-02  0.7006506E-03  0.1931387E-05  0.0000000E+00  0.0000000E+00  0.0000000E+00
  3.71276  3.75000  3.00000  3.16774  0.1529917E-02  0.7047858E-03  0.1498601E-04  0.2950376E-05  0.1513004E-02  0.7018354E-03  0.1926989E-05  0.0000000E+00  0.0000000E+00  0.0000000E+00
  3.71361  3.75000  3.00100  3.16874  0.1531755E-02  0.7059674E-03  0.1496224E-04  0.2946197E-05  0.1514870E-02  0.7030212E-03  0.1922597E-05  0.0000000E+00  0.0000000E+00  0.0000000E+00
  3.71447  3.75000  3.00200  3.16974  0.1533594E-02  0.7071500E-03  0.1493853E-04  0.2942024E-05  0.1516737E-02  0.7042080E-03  0.1918210E-05  0.0000000E+00  0.0000000E+00  0.0000000E+00
  3.71532  3.75000  3.00300  3.17074  0.1535433E-02  0.7083336E-03  0.1491485E-04  0.2937858E-05  0.1518605E-02  0.7053957E-03  0.1913828E-05  0.0000000E+00  0.0000000E+00  0.0000000E+00
  3.71617  3.75000  3.00400  3.17174  0.1537273E-02  0.7095182E-03  0.1489122E-04  0.2933698E-05  0.1520473E-02  0.7065845E-03  0.1909452E-05  0.0000000E+00  0.0000000E+00  0.0000000E+00
  3.71703  3.75000  3.00500  3.17274  0.1539114E-02  0.7107037E-03  0.1486764E-04  0.2929545E-05  0.1522341E-02  0.7077742E-03  0.1905082E-05  0.0000000E+00  0.0000000E+00  0.0000000E+00
  3.71788  3.75000  3.00600  3.17374  0.1540955E-02  0.7118903E-03  0.1484409E-04  0.2925399E-05  0.1524210E-02  0.7089649E-03  0.1900717E-05  0.0000000E+00  0.0000000E+00  0.0000000E+00
  3.71873  3.75000  3.00700  3.17474  0.1542796E-02  0.7130778E-03  0.1482059E-04  0.2921259E-05  0.1526079E-02  0.7101565E-03  0.1896357E-05  0.0000000E+00  0.0000000E+00  0.0000000E+00
  3.71959  3.75000  3.00800  3.17574  0.1544638E-02  0.7142663E-03  0.1479714E-04  0.2917125E-05  0.1527949E-02  0.7113492E-03  0.1892003E-05  0.0000000E+00  0.0000000E+00  0.0000000E+00
  3.72044  3.75000  3.00900  3.17674  0.1546480E-02  0.7154558E-03  0.1477372E-04  0.2912998E-05  0.1529819E-02  0.7125428E-03  0.1887655E-05  0.0000000E+00  0.0000000E+00  0.0000000E+00
  3.72130  3.75000  3.01000  3.17774  0.1548323E-02  0.7166463E-03  0.1475035E-04  0.2908877E-05  0.1531689E-02  0.7137374E-03  0.1883312E-05  0.0000000E+00  0.0000000E+00  0.0000000E+00
  3.72215  3.75000  3.01100  3.17874  0.1550166E-02  0.7178378E-03  0.1472702E-04  0.2904763E-05  0.1533560E-02  0.7149331E-03  0.1878975E-05  0.0000000E+00  0.0000000E+00  0.0000000E+00
  3.72300  3.75000  3.01200  3.17974  0.1552017E-02  0.7190344E-03  0.1470374E-04  0.2900655E-05  0.1535438E-02  0.7161337E-03  0.1874643E-05  0.0000000E+00  0.0000000E+00  0.0000000E+00
  3.72386  3.75000  3.01300  3.18074  0.1553862E-02  0.7202292E-03  0.1468050E-04  0.2896554E-05  0.1537312E-02  0.7173326E-03  0.1870317E-05  0.0000000E+00  0.0000000E+00  0.0000000E+00
  3.72471  3.75000  3.01400  3.18174  0.1555709E-02  0.7214251E-03  0.1465730E-04  0.2892459E-05  0.1539185E-02  0.7185326E-03  0.1865996E-05  0.0000000E+00  0.0000000E+00  0.0000000E+00
  3.72557  3.75000  3.01500  3.18274  0.1557556E-02  0.7226220E-03  0.1463414E-04  0.2888370E-05  0.1541060E-02  0.7197337E-03  0.1861681E-05  0.0000000E+00  0.0000000E+00  0.0000000E+00
  3.72642  3.75000  3.01600  3.18374  0.1559403E-02  0.7238201E-03  0.1461102E-04  0.2884288E-05  0.1542935E-02  0.7209358E-03  0.1857371E-05  0.0000000E+00  0.0000000E+00  0.0000000E+00
  3.72727  3.75000  3.01700  3.18474  0.1561251E-02  0.7250192E-03  0.1458795E-04  0.2880212E-05  0.1544810E-02  0.7221390E-03  0.1853067E-05  0.0000000E+00  0.0000000E+00  0.0000000E+00
  3.72813  3.75000  3.01800  3.18574  0.1563099E-02  0.7262193E-03  0.1456492E-04  0.2876142E-05  0.1546686E-02  0.7233432E-03  0.1848769E-05  0.0000000E+00  0.0000000E+00  0.0000000E+00
  3.72898  3.75000  3.01900  3.18674  0.1564948E-02  0.7274205E-03  0.1454193E-04  0.2872079E-05  0.1548562E-02  0.7245485E-03  0.1844476E-05  0.0000000E+00  0.0000000E+00  0.0000000E+00
  3.72984  3.75000  3.02000  3.18774  0.1566798E-02  0.7286228E-03  0.1451899E-04  0.2868022E-05  0.1550439E-02  0.7257548E-03  0.1840189E-05  0.0000000E+00  0.0000000E+00  0.0000000E+00
  3.73069  3.75000  3.02100  3.18874  0.1568648E-02  0.7298261E-03  0.1449608E-04  0.2863972E-05  0.1552316E-02  0.7269621E-03  0.1835908E-05  0.0000000E+00  0.0000000E+00  0.0000000E+00
  3.73155  3.75000  3.02200  3.18974  0.1570499E-02  0.7310304E-03  0.1447322E-04  0.2859927E-05  0.1554194E-02  0.7281705E-03  0.1831632E-05  0.0000000E+00  0.0000000E+00  0.0000000E+00
  3.73240  3.75000  3.02300  3.19074  0.1572350E-02  0.7322358E-03  0.1445040E-04  0.2855889E-05  0.1556072E-02  0.7293799E-03  0.1827362E-05  0.0000000E+00  0.0000000E+00  0.0000000E+00
  3.73326  3.75000  3.02400  3.19174  0.1574210E-02  0.7334441E-03  0.1442762E-04  0.2851858E-05  0.1557960E-02  0.7305923E-03  0.1823097E-05  0.0000000E+00  0.0000000E+00  0.0000000E+00
  3.73411  3.75000  3.02500  3.19274  0.1576071E-02  0.7346524E-03  0.1440488E-04  0.2847832E-05  0.1559848E-02  0.7318046E-03  0.1818838E-05  0.0000000E+00  0.0000000E+00  0.0000000E+00
  3.73497  3.75000  3.02600  3.19374  0.1577930E-02  0.7358615E-03  0.1438219E-04  0.2843813E-05  0.1561734E-02  0.7330177E-03  0.1814585E-05  0.0000000E+00  0.0000000E+00  0.0000000E+00
  3.73582  3.75000  3.02700  3.19474  0.1579793E-02  0.7370715E-03  0.1435954E-04  0.2839800E-05  0.1563623E-02  0.7342317E-03  0.1810337E-05  0.0000000E+00  0.0000000E+00  0.0000000E+00
  3.73668  3.75000  3.02800  3.19574  0.1581657E-02  0.7382825E-03  0.1433692E-04  0.2835793E-05  0.1565514E-02  0.7354467E-03  0.1806095E-05  0.0000000E+00  0.0000000E+00  0.0000000E+00
  3.73753  3.75000  3.02900  3.19674  0.1583522E-02  0.7394945E-03  0.1431435E-04  0.2831793E-05  0.1567406E-02  0.7366627E-03  0.1801859E-05  0.0000000E+00  0.0000000E+00  0.0000000E+00
  3.73839  3.75000  3.03000  3.19774  0.1585388E-02  0.7407074E-03  0.1429182E-04  0.2827798E-05  0.1569298E-02  0.7378796E-03  0.1797628E-05  0.0000000E+00  0.0000000E+00  0.0000000E+00
  3.73924  3.75000  3.03100  3.19874  0.1587254E-02  0.7419213E-03  0.1426933E-04  0.2823810E-05  0.1571191E-02  0.7390975E-03  0.1793404E-05  0.0000000E+00  0.0000000E+00  0.0000000E+00
  3.74010  3.75000  3.03200  3.19974  0.1589121E-02  0.7431363E-03  0.1424688E-04  0.2819828E-05  0.1573085E-02  0.7403164E-03  0.1789184E-05  0.0000000E+00  0.0000000E+00  0.0000000E+00
  3.74096  3.75000  3.03300  3.20074  0.1590988E-02  0.7443521E-03  0.1422448E-04  0.2815853E-05  0.1574979E-02  0.7415363E-03  0.1784971E-05  0.0000000E+00  0.0000000E+00  0.0000000E+00
  3.74181  3.75000  3.03400  3.20174  0.1592857E-02  0.7455690E-03  0.1420211E-04  0.2811883E-05  0.1576874E-02  0.7427571E-03  0.1780763E-05  0.0000000E+00  0.0000000E+00  0.0000000E+00
  3.74267  3.75000  3.03500  3.20274  0.1594725E-02  0.7467869E-03  0.1417979E-04  0.2807920E-05  0.1578769E-02  0.7439790E-03  0.1776561E-05  0.0000000E+00  0.0000000E+00  0.0000000E+00
  3.74352  3.75000  3.03600  3.20374  0.1596594E-02  0.7480057E-03  0.1415750E-04  0.2803963E-05  0.1580665E-02  0.7452018E-03  0.1772365E-05  0.0000000E+00  0.0000000E+00  0.0000000E+00
  3.74438  3.75000  3.03700  3.20474  0.1598464E-02  0.7492255E-03  0.1413526E-04  0.2800011E-05  0.1582561E-02  0.7464255E-03  0.1768174E-05  0.0000000E+00  0.0000000E+00  0.0000000E+00
  3.74523  3.75000  3.03800  3.20574  0.1600335E-02  0.7504463E-03  0.1411305E-04  0.2796066E-05  0.1584458E-02  0.7476503E-03  0.1763989E-05  0.0000000E+00  0.0000000E+00  0.0000000E+00
  3.74609  3.75000  3.03900  3.20674  0.1602205E-02  0.7516681E-03  0.1409089E-04  0.2792128E-05  0.1586355E-02  0.7488760E-03  0.1759810E-05  0.0000000E+00  0.0000000E+00  0.0000000E+00
  3.74695  3.75000  3.04000  3.20774  0.1604077E-02  0.7528908E-03  0.1406877E-04  0.2788195E-05  0.1588252E-02  0.7501026E-03  0.1755637E-05  0.0000000E+00  0.0000000E+00  0.0000000E+00
  3.74780  3.75000  3.04100  3.20874  0.1605949E-02  0.7541146E-03  0.1404668E-04  0.2784268E-05  0.1590151E-02  0.7513303E-03  0.1751469E-05  0.0000000E+00  0.0000000E+00  0.0000000E+00
  3.74866  3.75000  3.04200  3.20974  0.1607821E-02  0.7553392E-03  0.1402464E-04  0.2780347E-05  0.1592049E-02  0.7525589E-03  0.1747307E-05  0.0000000E+00  0.0000000E+00  0.0000000E+00
  3.74951  3.75000  3.04300  3.21074  0.1609694E-02  0.7565649E-03  0.1400264E-04  0.2776433E-05  0.1593948E-02  0.7537885E-03  0.1743151E-05  0.0000000E+00  0.0000000E+00  0.0000000E+00
  3.75037  3.75000  3.04400  3.21174  0.1611567E-02  0.7577915E-03  0.1398067E-04  0.2772524E-05  0.1595848E-02  0.7550190E-03  0.1739001E-05  0.0000000E+00  0.0000000E+00  0.0000000E+00
  3.75123  3.75000  3.04500  3.21274  0.1613441E-02  0.7590192E-03  0.1395875E-04  0.2768622E-05  0.1597748E-02  0.7562505E-03  0.1734856E-05  0.0000000E+00  0.0000000E+00  0.0000000E+00
  3.75208  3.75000  3.04600  3.21374  0.1615316E-02  0.7602478E-03  0.1393687E-04  0.2764725E-05  0.1599648E-02  0.7574830E-03  0.1730718E-05  0.0000000E+00  0.0000000E+00  0.0000000E+00
  3.75294  3.75000  3.04700  3.21474  0.1617191E-02  0.7614773E-03  0.1391503E-04  0.2760835E-05  0.1601549E-02  0.7587165E-03  0.1726585E-05  0.0000000E+00  0.0000000E+00  0.0000000E+00
  3.75380  3.75000  3.04800  3.21574  0.1619066E-02  0.7627079E-03  0.1389322E-04  0.2756951E-05  0.1603450E-02  0.7599510E-03  0.1722458E-05  0.0000000E+00  0.0000000E+00  0.0000000E+00
  3.75465  3.75000  3.04900  3.21674  0.1620942E-02  0.7639395E-03  0.1387146E-04  0.2753072E-05  0.1605352E-02  0.7611864E-03  0.1718336E-05  0.0000000E+00  0.0000000E+00  0.0000000E+00
  3.75551  3.75000  3.05000  3.21774  0.1622818E-02  0.7651720E-03  0.1384973E-04  0.2749200E-05  0.1607254E-02  0.7624228E-03  0.1714221E-05  0.0000000E+00  0.0000000E+00  0.0000000E+00
  3.75637  3.75000  3.05100  3.21874  0.1624695E-02  0.7664056E-03  0.1382805E-04  0.2745333E-05  0.1609157E-02  0.7636602E-03  0.1710111E-05  0.0000000E+00  0.0000000E+00  0.0000000E+00
  3.75722  3.75000  3.05200  3.21974  0.1626572E-02  0.7676401E-03  0.1380640E-04  0.2741473E-05  0.1611060E-02  0.7648986E-03  0.1706007E-05  0.0000000E+00  0.0000000E+00  0.0000000E+00
  3.75808  3.75000  3.05300  3.22074  0.1628450E-02  0.7688756E-03  0.1378479E-04  0.2737618E-05  0.1612964E-02  0.7661380E-03  0.1701909E-05  0.0000000E+00  0.0000000E+00  0.0000000E+00
  3.75894  3.75000  3.05400  3.22174  0.1630329E-02  0.7701121E-03  0.1376323E-04  0.2733770E-05  0.1614868E-02  0.7673784E-03  0.1697817E-05  0.0000000E+00  0.0000000E+00  0.0000000E+00
  3.75980  3.75000  3.05500  3.22274  0.1632207E-02  0.7713496E-03  0.1374170E-04  0.2729927E-05  0.1616772E-02  0.7686197E-03  0.1693730E-05  0.0000000E+00  0.0000000E+00  0.0000000E+00
  3.76065  3.75000  3.05600  3.22374  0.1634087E-02  0.7725882E-03  0.1372021E-04  0.2726091E-05  0.1618677E-02  0.7698621E-03  0.1689650E-05  0.0000000E+00  0.0000000E+00  0.0000000E+00
  3.76151  3.75000  3.05700  3.22474  0.1635972E-02  0.7738308E-03  0.1369876E-04  0.2722260E-05  0.1620587E-02  0.7711085E-03  0.1685575E-05  0.0000000E+00  0.0000000E+00  0.0000000E+00
  3.76237  3.75000  3.05800  3.22574  0.1637853E-02  0.7750724E-03  0.1367734E-04  0.2718435E-05  0.1622494E-02  0.7723540E-03  0.1681506E-05  0.0000000E+00  0.0000000E+00  0.0000000E+00
  3.76322  3.75000  3.05900  3.22674  0.1639735E-02  0.7763152E-03  0.1365597E-04  0.2714616E-05  0.1624402E-02  0.7736005E-03  0.1677443E-05  0.0000000E+00  0.0000000E+00  0.0000000E+00
  3.76408  3.75000  3.06000  3.22774  0.1641618E-02  0.7775590E-03  0.1363464E-04  0.2710803E-05  0.1626310E-02  0.7748482E-03  0.1673386E-05  0.0000000E+00  0.0000000E+00  0.0000000E+00
  3.76494  3.75000  3.06100  3.22874  0.1643501E-02  0.7788038E-03  0.1361334E-04  0.2706995E-05  0.1628219E-02  0.7760968E-03  0.1669335E-05  0.0000000E+00  0.0000000E+00  0.0000000E+00
  3.76580  3.75000  3.06200  3.22974  0.1645385E-02  0.7800497E-03  0.1359208E-04  0.2703194E-05  0.1630128E-02  0.7773465E-03  0.1665289E-05  0.0000000E+00  0.0000000E+00  0.0000000E+00
  3.76666  3.75000  3.06300  3.23074  0.1647277E-02  0.7812985E-03  0.1357086E-04  0.2699399E-05  0.1632045E-02  0.7785991E-03  0.1661250E-05  0.0000000E+00  0.0000000E+00  0.0000000E+00
  3.76751  3.75000  3.06400  3.23174  0.1649170E-02  0.7825473E-03  0.1354968E-04  0.2695609E-05  0.1633963E-02  0.7798517E-03  0.1657216E-05  0.0000000E+00  0.0000000E+00  0.0000000E+00
  3.76837  3.75000  3.06500  3.23274  0.1651061E-02  0.7837970E-03  0.1352854E-04  0.2691825E-05  0.1635880E-02  0.7811051E-03  0.1653189E-05  0.0000000E+00  0.0000000E+00  0.0000000E+00
  3.76923  3.75000  3.06600  3.23374  0.1652956E-02  0.7850475E-03  0.1350743E-04  0.2688047E-05  0.1637799E-02  0.7823595E-03  0.1649167E-05  0.0000000E+00  0.0000000E+00  0.0000000E+00
  3.77009  3.75000  3.06700  3.23474  0.1654852E-02  0.7862991E-03  0.1348637E-04  0.2684275E-05  0.1639721E-02  0.7836148E-03  0.1645151E-05  0.0000000E+00  0.0000000E+00  0.0000000E+00
  3.77094  3.75000  3.06800  3.23574  0.1656749E-02  0.7875516E-03  0.1346534E-04  0.2680508E-05  0.1641643E-02  0.7848711E-03  0.1641141E-05  0.0000000E+00  0.0000000E+00  0.0000000E+00
  3.77180  3.75000  3.06900  3.23674  0.1658647E-02  0.7888051E-03  0.1344435E-04  0.2676748E-05  0.1643565E-02  0.7861283E-03  0.1637137E-05  0.0000000E+00  0.0000000E+00  0.0000000E+00
  3.77266  3.75000  3.07000  3.23774  0.1660545E-02  0.7900596E-03  0.1342339E-04  0.2672993E-05  0.1645489E-02  0.7873866E-03  0.1633138E-05  0.0000000E+00  0.0000000E+00  0.0000000E+00
  3.77352  3.75000  3.07100  3.23874  0.1662444E-02  0.7913150E-03  0.1340248E-04  0.2669244E-05  0.1647412E-02  0.7886458E-03  0.1629146E-05  0.0000000E+00  0.0000000E+00  0.0000000E+00
  3.77438  3.75000  3.07200  3.23974  0.1664344E-02  0.7925714E-03  0.1338160E-04  0.2665500E-05  0.1649337E-02  0.7899059E-03  0.1625160E-05  0.0000000E+00  0.0000000E+00  0.0000000E+00
  3.77524  3.75000  3.07300  3.24074  0.1666244E-02  0.7938289E-03  0.1336076E-04  0.2661763E-05  0.1651262E-02  0.7911671E-03  0.1621179E-05  0.0000000E+00  0.0000000E+00  0.0000000E+00
  3.77609  3.75000  3.07400  3.24174  0.1668145E-02  0.7950872E-03  0.1333996E-04  0.2658031E-05  0.1653188E-02  0.7924292E-03  0.1617205E-05  0.0000000E+00  0.0000000E+00  0.0000000E+00
  3.77695  3.75000  3.07500  3.24274  0.1670046E-02  0.7963466E-03  0.1331919E-04  0.2654304E-05  0.1655114E-02  0.7936923E-03  0.1613236E-05  0.0000000E+00  0.0000000E+00  0.0000000E+00
  3.77781  3.75000  3.07600  3.24374  0.1671948E-02  0.7976070E-03  0.1329846E-04  0.2650584E-05  0.1657040E-02  0.7949564E-03  0.1609274E-05  0.0000000E+00  0.0000000E+00  0.0000000E+00
  3.77867  3.75000  3.07700  3.24474  0.1673850E-02  0.7988683E-03  0.1327777E-04  0.2646869E-05  0.1658967E-02  0.7962214E-03  0.1605317E-05  0.0000000E+00  0.0000000E+00  0.0000000E+00
  3.77953  3.75000  3.07800  3.24574  0.1675754E-02  0.8001306E-03  0.1325712E-04  0.2643160E-05  0.1660895E-02  0.7974874E-03  0.1601366E-05  0.0000000E+00  0.0000000E+00  0.0000000E+00
  3.78039  3.75000  3.07900  3.24674  0.1677657E-02  0.8013938E-03  0.1323650E-04  0.2639457E-05  0.1662823E-02  0.7987544E-03  0.1597421E-05  0.0000000E+00  0.0000000E+00  0.0000000E+00
  3.78125  3.75000  3.08000  3.24774  0.1679561E-02  0.8026581E-03  0.1321592E-04  0.2635759E-05  0.1664752E-02  0.8000223E-03  0.1593482E-05  0.0000000E+00  0.0000000E+00  0.0000000E+00
  3.78211  3.75000  3.08100  3.24874  0.1681466E-02  0.8039233E-03  0.1319538E-04  0.2632067E-05  0.1666681E-02  0.8012912E-03  0.1589550E-05  0.0000000E+00  0.0000000E+00  0.0000000E+00
  3.78296  3.75000  3.08200  3.24974  0.1683371E-02  0.8051895E-03  0.1317487E-04  0.2628381E-05  0.1668610E-02  0.8025611E-03  0.1585623E-05  0.0000000E+00  0.0000000E+00  0.0000000E+00
  3.78382  3.75000  3.08300  3.25074  0.1685276E-02  0.8064566E-03  0.1315440E-04  0.2624700E-05  0.1670540E-02  0.8038319E-03  0.1581702E-05  0.0000000E+00  0.0000000E+00  0.0000000E+00
  3.78468  3.75000  3.08400  3.25174  0.1687182E-02  0.8077247E-03  0.1313397E-04  0.2621025E-05  0.1672471E-02  0.8051037E-03  0.1577787E-05  0.0000000E+00  0.0000000E+00  0.0000000E+00
  3.78554  3.75000  3.08500  3.25274  0.1689089E-02  0.8089938E-03  0.1311358E-04  0.2617355E-05  0.1674402E-02  0.8063765E-03  0.1573878E-05  0.0000000E+00  0.0000000E+00  0.0000000E+00
  3.78640  3.75000  3.08600  3.25374  0.1690996E-02  0.8102639E-03  0.1309322E-04  0.2613691E-05  0.1676333E-02  0.8076502E-03  0.1569975E-05  0.0000000E+00  0.0000000E+00  0.0000000E+00
  3.78726  3.75000  3.08700  3.25474  0.1692904E-02  0.8115349E-03  0.1307289E-04  0.2610033E-05  0.1678265E-02  0.8089249E-03  0.1566078E-05  0.0000000E+00  0.0000000E+00  0.0000000E+00
  3.78812  3.75000  3.08800  3.25574  0.1694812E-02  0.8128070E-03  0.1305261E-04  0.2606380E-05  0.1680197E-02  0.8102006E-03  0.1562187E-05  0.0000000E+00  0.0000000E+00  0.0000000E+00
  3.78898  3.75000  3.08900  3.25674  0.1696721E-02  0.8140800E-03  0.1303236E-04  0.2602733E-05  0.1682130E-02  0.8114772E-03  0.1558302E-05  0.0000000E+00  0.0000000E+00  0.0000000E+00
  3.78984  3.75000  3.09000  3.25774  0.1698630E-02  0.8153540E-03  0.1301214E-04  0.2599092E-05  0.1684063E-02  0.8127549E-03  0.1554422E-05  0.0000000E+00  0.0000000E+00  0.0000000E+00
  3.79070  3.75000  3.09100  3.25874  0.1700539E-02  0.8166289E-03  0.1299197E-04  0.2595456E-05  0.1685997E-02  0.8140335E-03  0.1550549E-05  0.0000000E+00  0.0000000E+00  0.0000000E+00
  3.79156  3.75000  3.09200  3.25974  0.1702449E-02  0.8179049E-03  0.1297182E-04  0.2591825E-05  0.1687931E-02  0.8153131E-03  0.1546682E-05  0.0000000E+00  0.0000000E+00  0.0000000E+00
  3.79242  3.75000  3.09300  3.26074  0.1704360E-02  0.8191819E-03  0.1295172E-04  0.2588200E-05  0.1689865E-02  0.8165937E-03  0.1542821E-05  0.0000000E+00  0.0000000E+00  0.0000000E+00
  3.79328  3.75000  3.09400  3.26174  0.1706271E-02  0.8204598E-03  0.1293165E-04  0.2584581E-05  0.1691800E-02  0.8178752E-03  0.1538966E-05  0.0000000E+00  0.0000000E+00  0.0000000E+00
  3.79414  3.75000  3.09500  3.26274  0.1708183E-02  0.8217387E-03  0.1291162E-04  0.2580967E-05  0.1693736E-02  0.8191577E-03  0.1535117E-05  0.0000000E+00  0.0000000E+00  0.0000000E+00
  3.79500  3.75000  3.09600  3.26374  0.1710095E-02  0.8230186E-03  0.1289162E-04  0.2577359E-05  0.1695672E-02  0.8204413E-03  0.1531274E-05  0.0000000E+00  0.0000000E+00  0.0000000E+00
  3.79586  3.75000  3.09700  3.26474  0.1712007E-02  0.8242995E-03  0.1287165E-04  0.2573756E-05  0.1697608E-02  0.8217258E-03  0.1527437E-05  0.0000000E+00  0.0000000E+00  0.0000000E+00
  3.79672  3.75000  3.09800  3.26574  0.1713920E-02  0.8255814E-03  0.1285173E-04  0.2570159E-05  0.1699545E-02  0.8230113E-03  0.1523606E-05  0.0000000E+00  0.0000000E+00  0.0000000E+00
  3.79758  3.75000  3.09900  3.26674  0.1715834E-02  0.8268643E-03  0.1283184E-04  0.2566567E-05  0.1701482E-02  0.8242977E-03  0.1519781E-05  0.0000000E+00  0.0000000E+00  0.0000000E+00
  3.79844  3.75000  3.10000  3.26774  0.1717748E-02  0.8281481E-03  0.1281198E-04  0.2562980E-05  0.1703420E-02  0.8255852E-03  0.1515962E-05  0.0000000E+00  0.0000000E+00  0.0000000E+00
  3.79930  3.75000  3.10100  3.26874  0.1719663E-02  0.8294330E-03  0.1279216E-04  0.2559399E-05  0.1705358E-02  0.8268736E-03  0.1512149E-05  0.0000000E+00  0.0000000E+00  0.0000000E+00
  3.80016  3.75000  3.10200  3.26974  0.1721578E-02  0.8307191E-03  0.1277238E-04  0.2555824E-05  0.1707297E-02  0.8281633E-03  0.1508342E-05  0.0000000E+00  0.0000000E+00  0.0000000E+00
  3.80102  3.75000  3.10300  3.27074  0.1723501E-02  0.8320075E-03  0.1275263E-04  0.2552254E-05  0.1709244E-02  0.8294552E-03  0.1504541E-05  0.0000000E+00  0.0000000E+00  0.0000000E+00
  3.80188  3.75000  3.10400  3.27174  0.1725430E-02  0.8332993E-03  0.1273291E-04  0.2548689E-05  0.1711197E-02  0.8307506E-03  0.1500747E-05  0.0000000E+00  0.0000000E+00  0.0000000E+00
  3.80274  3.75000  3.10500  3.27274  0.1727354E-02  0.8345897E-03  0.1271323E-04  0.2545130E-05  0.1713144E-02  0.8320446E-03  0.1496958E-05  0.0000000E+00  0.0000000E+00  0.0000000E+00
  3.80360  3.75000  3.10600  3.27374  0.1729280E-02  0.8358811E-03  0.1269359E-04  0.2541576E-05  0.1715094E-02  0.8333395E-03  0.1493175E-05  0.0000000E+00  0.0000000E+00  0.0000000E+00
  3.80446  3.75000  3.10700  3.27474  0.1731208E-02  0.8371734E-03  0.1267398E-04  0.2538028E-05  0.1717045E-02  0.8346354E-03  0.1489398E-05  0.0000000E+00  0.0000000E+00  0.0000000E+00
  3.80532  3.75000  3.10800  3.27574  0.1733137E-02  0.8384668E-03  0.1265440E-04  0.2534485E-05  0.1718997E-02  0.8359323E-03  0.1485628E-05  0.0000000E+00  0.0000000E+00  0.0000000E+00
  3.80618  3.75000  3.10900  3.27674  0.1735067E-02  0.8397611E-03  0.1263486E-04  0.2530947E-05  0.1720950E-02  0.8372302E-03  0.1481863E-05  0.0000000E+00  0.0000000E+00  0.0000000E+00
  3.80704  3.75000  3.11000  3.27774  0.1736997E-02  0.8410564E-03  0.1261536E-04  0.2527415E-05  0.1722903E-02  0.8385290E-03  0.1478105E-05  0.0000000E+00  0.0000000E+00  0.0000000E+00
  3.80791  3.75000  3.11100  3.27874  0.1738927E-02  0.8423527E-03  0.1259589E-04  0.2523888E-05  0.1724857E-02  0.8398288E-03  0.1474352E-05  0.0000000E+00  0.0000000E+00  0.0000000E+00
  3.80877  3.75000  3.11200  3.27974  0.1740859E-02  0.8436500E-03  0.1257645E-04  0.2520366E-05  0.1726812E-02  0.8411296E-03  0.1470606E-05  0.0000000E+00  0.0000000E+00  0.0000000E+00
  3.80963  3.75000  3.11300  3.28074  0.1742791E-02  0.8449482E-03  0.1255705E-04  0.2516850E-05  0.1728767E-02  0.8424314E-03  0.1466865E-05  0.0000000E+00  0.0000000E+00  0.0000000E+00
  3.81049  3.75000  3.11400  3.28174  0.1744723E-02  0.8462475E-03  0.1253768E-04  0.2513339E-05  0.1730723E-02  0.8437341E-03  0.1463131E-05  0.0000000E+00  0.0000000E+00  0.0000000E+00
  3.81135  3.75000  3.11500  3.28274  0.1746657E-02  0.8475477E-03  0.1251835E-04  0.2509834E-05  0.1732679E-02  0.8450378E-03  0.1459403E-05  0.0000000E+00  0.0000000E+00  0.0000000E+00
  3.81221  3.75000  3.11600  3.28374  0.1748590E-02  0.8488489E-03  0.1249905E-04  0.2506334E-05  0.1734636E-02  0.8463425E-03  0.1455681E-05  0.0000000E+00  0.0000000E+00  0.0000000E+00
  3.81307  3.75000  3.11700  3.28474  0.1750525E-02  0.8501510E-03  0.1247979E-04  0.2502839E-05  0.1736593E-02  0.8476482E-03  0.1451965E-05  0.0000000E+00  0.0000000E+00  0.0000000E+00
  3.81393  3.75000  3.11800  3.28574  0.1752459E-02  0.8514542E-03  0.1246056E-04  0.2499349E-05  0.1738551E-02  0.8489548E-03  0.1448255E-05  0.0000000E+00  0.0000000E+00  0.0000000E+00
  3.81480  3.75000  3.11900  3.28674  0.1754395E-02  0.8527583E-03  0.1244136E-04  0.2495865E-05  0.1740509E-02  0.8502624E-03  0.1444551E-05  0.0000000E+00  0.0000000E+00  0.0000000E+00
  3.81566  3.75000  3.12000  3.28774  0.1756331E-02  0.8540634E-03  0.1242220E-04  0.2492386E-05  0.1742468E-02  0.8515710E-03  0.1440853E-05  0.0000000E+00  0.0000000E+00  0.0000000E+00
  3.81652  3.75000  3.12100  3.28874  0.1758267E-02  0.8553694E-03  0.1240307E-04  0.2488912E-05  0.1744427E-02  0.8528805E-03  0.1437161E-05  0.0000000E+00  0.0000000E+00  0.0000000E+00
  3.81738  3.75000  3.12200  3.28974  0.1760204E-02  0.8566765E-03  0.1238398E-04  0.2485444E-05  0.1746386E-02  0.8541910E-03  0.1433475E-05  0.0000000E+00  0.0000000E+00  0.0000000E+00
  3.81824  3.75000  3.12300  3.29074  0.1762141E-02  0.8579845E-03  0.1236491E-04  0.2481980E-05  0.1748347E-02  0.8555025E-03  0.1429796E-05  0.0000000E+00  0.0000000E+00  0.0000000E+00
  3.81910  3.75000  3.12400  3.29174  0.1764079E-02  0.8592935E-03  0.1234589E-04  0.2478522E-05  0.1750307E-02  0.8568150E-03  0.1426122E-05  0.0000000E+00  0.0000000E+00  0.0000000E+00
  3.81997  3.75000  3.12500  3.29274  0.1766018E-02  0.8606034E-03  0.1232689E-04  0.2475069E-05  0.1752269E-02  0.8581284E-03  0.1422455E-05  0.0000000E+00  0.0000000E+00  0.0000000E+00
  3.82083  3.75000  3.12600  3.29374  0.1767957E-02  0.8619144E-03  0.1230794E-04  0.2471622E-05  0.1754230E-02  0.8594428E-03  0.1418794E-05  0.0000000E+00  0.0000000E+00  0.0000000E+00
  3.82169  3.75000  3.12700  3.29474  0.1769896E-02  0.8632263E-03  0.1228901E-04  0.2468179E-05  0.1756192E-02  0.8607581E-03  0.1415138E-05  0.0000000E+00  0.0000000E+00  0.0000000E+00
  3.82255  3.75000  3.12800  3.29574  0.1771836E-02  0.8645392E-03  0.1227012E-04  0.2464742E-05  0.1758155E-02  0.8620744E-03  0.1411489E-05  0.0000000E+00  0.0000000E+00  0.0000000E+00
  3.82342  3.75000  3.12900  3.29674  0.1773777E-02  0.8658530E-03  0.1225126E-04  0.2461310E-05  0.1760118E-02  0.8633917E-03  0.1407846E-05  0.0000000E+00  0.0000000E+00  0.0000000E+00
  3.82428  3.75000  3.13000  3.29774  0.1775718E-02  0.8671679E-03  0.1223243E-04  0.2457884E-05  0.1762081E-02  0.8647100E-03  0.1404209E-05  0.0000000E+00  0.0000000E+00  0.0000000E+00
  3.82514  3.75000  3.13100  3.29874  0.1777659E-02  0.8684837E-03  0.1221364E-04  0.2454462E-05  0.1764045E-02  0.8660292E-03  0.1400578E-05  0.0000000E+00  0.0000000E+00  0.0000000E+00
  3.82600  3.75000  3.13200  3.29974  0.1779601E-02  0.8698005E-03  0.1219488E-04  0.2451045E-05  0.1766010E-02  0.8673494E-03  0.1396953E-05  0.0000000E+00  0.0000000E+00  0.0000000E+00
  3.82686  3.75000  3.13300  3.30074  0.1781544E-02  0.8711182E-03  0.1217615E-04  0.2447634E-05  0.1767974E-02  0.8686706E-03  0.1393335E-05  0.0000000E+00  0.0000000E+00  0.0000000E+00
  3.82773  3.75000  3.13400  3.30174  0.1783487E-02  0.8724370E-03  0.1215746E-04  0.2444228E-05  0.1769940E-02  0.8699927E-03  0.1389722E-05  0.0000000E+00  0.0000000E+00  0.0000000E+00
  3.82859  3.75000  3.13500  3.30274  0.1785430E-02  0.8737567E-03  0.1213880E-04  0.2440827E-05  0.1771906E-02  0.8713158E-03  0.1386115E-05  0.0000000E+00  0.0000000E+00  0.0000000E+00
  3.82945  3.75000  3.13600  3.30374  0.1787374E-02  0.8750773E-03  0.1212017E-04  0.2437431E-05  0.1773872E-02  0.8726399E-03  0.1382515E-05  0.0000000E+00  0.0000000E+00  0.0000000E+00
  3.83032  3.75000  3.13700  3.30474  0.1789319E-02  0.8763990E-03  0.1210158E-04  0.2434040E-05  0.1775838E-02  0.8739649E-03  0.1378921E-05  0.0000000E+00  0.0000000E+00  0.0000000E+00
  3.83118  3.75000  3.13800  3.30574  0.1791264E-02  0.8777216E-03  0.1208301E-04  0.2430655E-05  0.1777806E-02  0.8752910E-03  0.1375333E-05  0.0000000E+00  0.0000000E+00  0.0000000E+00
  3.83204  3.75000  3.13900  3.30674  0.1793209E-02  0.8790452E-03  0.1206448E-04  0.2427274E-05  0.1779773E-02  0.8766179E-03  0.1371751E-05  0.0000000E+00  0.0000000E+00  0.0000000E+00
  3.83290  3.75000  3.14000  3.30774  0.1795155E-02  0.8803698E-03  0.1204599E-04  0.2423899E-05  0.1781741E-02  0.8779459E-03  0.1368175E-05  0.0000000E+00  0.0000000E+00  0.0000000E+00
  3.83377  3.75000  3.14100  3.30874  0.1797102E-02  0.8816953E-03  0.1202752E-04  0.2420528E-05  0.1783710E-02  0.8792748E-03  0.1364605E-05  0.0000000E+00  0.0000000E+00  0.0000000E+00
  3.83463  3.75000  3.14200  3.30974  0.1799049E-02  0.8830218E-03  0.1200909E-04  0.2417163E-05  0.1785679E-02  0.8806046E-03  0.1361041E-05  0.0000000E+00  0.0000000E+00  0.0000000E+00
  3.83549  3.75000  3.14300  3.31074  0.1801000E-02  0.8843504E-03  0.1199069E-04  0.2413803E-05  0.1787652E-02  0.8819366E-03  0.1357483E-05  0.0000000E+00  0.0000000E+00  0.0000000E+00
  3.83636  3.75000  3.14400  3.31174  0.1802955E-02  0.8856798E-03  0.1197233E-04  0.2410448E-05  0.1789629E-02  0.8832694E-03  0.1353932E-05  0.0000000E+00  0.0000000E+00  0.0000000E+00
  3.83722  3.75000  3.14500  3.31274  0.1804910E-02  0.8870099E-03  0.1195399E-04  0.2407097E-05  0.1791606E-02  0.8846028E-03  0.1350386E-05  0.0000000E+00  0.0000000E+00  0.0000000E+00
  3.83808  3.75000  3.14600  3.31374  0.1806866E-02  0.8883408E-03  0.1193569E-04  0.2403752E-05  0.1793583E-02  0.8859370E-03  0.1346847E-05  0.0000000E+00  0.0000000E+00  0.0000000E+00
  3.83895  3.75000  3.14700  3.31474  0.1808823E-02  0.8896726E-03  0.1191742E-04  0.2400412E-05  0.1795563E-02  0.8872722E-03  0.1343314E-05  0.0000000E+00  0.0000000E+00  0.0000000E+00
  3.83981  3.75000  3.14800  3.31574  0.1810782E-02  0.8910053E-03  0.1189918E-04  0.2397077E-05  0.1797543E-02  0.8886082E-03  0.1339787E-05  0.0000000E+00  0.0000000E+00  0.0000000E+00
  3.84067  3.75000  3.14900  3.31674  0.1812741E-02  0.8923389E-03  0.1188097E-04  0.2393747E-05  0.1799524E-02  0.8899451E-03  0.1336266E-05  0.0000000E+00  0.0000000E+00  0.0000000E+00
  3.84154  3.75000  3.15000  3.31774  0.1814701E-02  0.8936734E-03  0.1186280E-04  0.2390422E-05  0.1801506E-02  0.8912830E-03  0.1332751E-05  0.0000000E+00  0.0000000E+00  0.0000000E+00
  3.84240  3.75000  3.15100  3.31874  0.1816666E-02  0.8950113E-03  0.1184466E-04  0.2387102E-05  0.1803492E-02  0.8926242E-03  0.1329242E-05  0.0000000E+00  0.0000000E+00  0.0000000E+00
  3.84326  3.75000  3.15200  3.31974  0.1818628E-02  0.8963487E-03  0.1182654E-04  0.2383787E-05  0.1805476E-02  0.8939649E-03  0.1325740E-05  0.0000000E+00  0.0000000E+00  0.0000000E+00
  3.84413  3.75000  3.15300  3.32074  0.1820591E-02  0.8976870E-03  0.1180847E-04  0.2380477E-05  0.1807460E-02  0.8953065E-03  0.1322243E-05  0.0000000E+00  0.0000000E+00  0.0000000E+00
  3.84499  3.75000  3.15400  3.32174  0.1822554E-02  0.8990263E-03  0.1179042E-04  0.2377172E-05  0.1809445E-02  0.8966492E-03  0.1318753E-05  0.0000000E+00  0.0000000E+00  0.0000000E+00
  3.84586  3.75000  3.15500  3.32274  0.1824518E-02  0.9003667E-03  0.1177240E-04  0.2373872E-05  0.1811431E-02  0.8979928E-03  0.1315268E-05  0.0000000E+00  0.0000000E+00  0.0000000E+00
  3.84672  3.75000  3.15600  3.32374  0.1826483E-02  0.9017080E-03  0.1175442E-04  0.2370576E-05  0.1813417E-02  0.8993374E-03  0.1311790E-05  0.0000000E+00  0.0000000E+00  0.0000000E+00
  3.84758  3.75000  3.15700  3.32474  0.1828448E-02  0.9030503E-03  0.1173646E-04  0.2367286E-05  0.1815403E-02  0.9006830E-03  0.1308318E-05  0.0000000E+00  0.0000000E+00  0.0000000E+00
  3.84845  3.75000  3.15800  3.32574  0.1830414E-02  0.9043936E-03  0.1171854E-04  0.2364001E-05  0.1817391E-02  0.9020296E-03  0.1304852E-05  0.0000000E+00  0.0000000E+00  0.0000000E+00
  3.84931  3.75000  3.15900  3.32674  0.1832380E-02  0.9057379E-03  0.1170065E-04  0.2360720E-05  0.1819378E-02  0.9033772E-03  0.1301392E-05  0.0000000E+00  0.0000000E+00  0.0000000E+00
  3.85018  3.75000  3.16000  3.32774  0.1834347E-02  0.9070832E-03  0.1168279E-04  0.2357445E-05  0.1821366E-02  0.9047258E-03  0.1297939E-05  0.0000000E+00  0.0000000E+00  0.0000000E+00
  3.85104  3.75000  3.16100  3.32874  0.1836314E-02  0.9084295E-03  0.1166497E-04  0.2354174E-05  0.1823355E-02  0.9060753E-03  0.1294491E-05  0.0000000E+00  0.0000000E+00  0.0000000E+00
  3.85191  3.75000  3.16200  3.32974  0.1838282E-02  0.9097767E-03  0.1164717E-04  0.2350908E-05  0.1825344E-02  0.9074258E-03  0.1291050E-05  0.0000000E+00  0.0000000E+00  0.0000000E+00
  3.85277  3.75000  3.16300  3.33074  0.1840251E-02  0.9111249E-03  0.1162940E-04  0.2347648E-05  0.1827334E-02  0.9087773E-03  0.1287614E-05  0.0000000E+00  0.0000000E+00  0.0000000E+00
  3.85363  3.75000  3.16400  3.33174  0.1842220E-02  0.9124742E-03  0.1161167E-04  0.2344392E-05  0.1829324E-02  0.9101298E-03  0.1284185E-05  0.0000000E+00  0.0000000E+00  0.0000000E+00
  3.85450  3.75000  3.16500  3.33274  0.1844189E-02  0.9138243E-03  0.1159397E-04  0.2341141E-05  0.1831315E-02  0.9114832E-03  0.1280762E-05  0.0000000E+00  0.0000000E+00  0.0000000E+00
  3.85536  3.75000  3.16600  3.33374  0.1846159E-02  0.9151755E-03  0.1157629E-04  0.2337894E-05  0.1833306E-02  0.9128376E-03  0.1277345E-05  0.0000000E+00  0.0000000E+00  0.0000000E+00
  3.85623  3.75000  3.16700  3.33474  0.1848130E-02  0.9165276E-03  0.1155865E-04  0.2334653E-05  0.1835297E-02  0.9141930E-03  0.1273934E-05  0.0000000E+00  0.0000000E+00  0.0000000E+00
  3.85709  3.75000  3.16800  3.33574  0.1850101E-02  0.9178807E-03  0.1154104E-04  0.2331416E-05  0.1837289E-02  0.9155493E-03  0.1270530E-05  0.0000000E+00  0.0000000E+00  0.0000000E+00
  3.85796  3.75000  3.16900  3.33674  0.1852072E-02  0.9192348E-03  0.1152346E-04  0.2328185E-05  0.1839282E-02  0.9169066E-03  0.1267131E-05  0.0000000E+00  0.0000000E+00  0.0000000E+00
  3.85882  3.75000  3.17000  3.33774  0.1854044E-02  0.9205899E-03  0.1150591E-04  0.2324958E-05  0.1841275E-02  0.9182649E-03  0.1263738E-05  0.0000000E+00  0.0000000E+00  0.0000000E+00
  3.85969  3.75000  3.17100  3.33874  0.1856017E-02  0.9219459E-03  0.1148839E-04  0.2321736E-05  0.1843268E-02  0.9196242E-03  0.1260352E-05  0.0000000E+00  0.0000000E+00  0.0000000E+00
  3.86055  3.75000  3.17200  3.33974  0.1857990E-02  0.9233029E-03  0.1147090E-04  0.2318519E-05  0.1845262E-02  0.9209844E-03  0.1256972E-05  0.0000000E+00  0.0000000E+00  0.0000000E+00
  3.86142  3.75000  3.17300  3.34074  0.1859964E-02  0.9246609E-03  0.1145344E-04  0.2315306E-05  0.1847257E-02  0.9223456E-03  0.1253598E-05  0.0000000E+00  0.0000000E+00  0.0000000E+00
  3.86228  3.75000  3.17400  3.34174  0.1861938E-02  0.9260198E-03  0.1143602E-04  0.2312099E-05  0.1849251E-02  0.9237077E-03  0.1250230E-05  0.0000000E+00  0.0000000E+00  0.0000000E+00
  3.86315  3.75000  3.17500  3.34274  0.1863912E-02  0.9273797E-03  0.1141862E-04  0.2308896E-05  0.1851247E-02  0.9250708E-03  0.1246868E-05  0.0000000E+00  0.0000000E+00  0.0000000E+00
  3.86401  3.75000  3.17600  3.34374  0.1865887E-02  0.9287405E-03  0.1140125E-04  0.2305698E-05  0.1853243E-02  0.9264348E-03  0.1243512E-05  0.0000000E+00  0.0000000E+00  0.0000000E+00
  3.86488  3.75000  3.17700  3.34474  0.1867863E-02  0.9301023E-03  0.1138391E-04  0.2302504E-05  0.1855239E-02  0.9277998E-03  0.1240162E-05  0.0000000E+00  0.0000000E+00  0.0000000E+00
  3.86575  3.75000  3.17800  3.34574  0.1869839E-02  0.9314651E-03  0.1136661E-04  0.2299316E-05  0.1857236E-02  0.9291658E-03  0.1236819E-05  0.0000000E+00  0.0000000E+00  0.0000000E+00
  3.86661  3.75000  3.17900  3.34674  0.1871816E-02  0.9328288E-03  0.1134933E-04  0.2296132E-05  0.1859233E-02  0.9305327E-03  0.1233481E-05  0.0000000E+00  0.0000000E+00  0.0000000E+00
  3.86748  3.75000  3.18000  3.34774  0.1873793E-02  0.9341935E-03  0.1133208E-04  0.2292953E-05  0.1861230E-02  0.9319005E-03  0.1230150E-05  0.0000000E+00  0.0000000E+00  0.0000000E+00
  3.86834  3.75000  3.18100  3.34874  0.1875770E-02  0.9355591E-03  0.1131487E-04  0.2289779E-05  0.1863228E-02  0.9332693E-03  0.1226825E-05  0.0000000E+00  0.0000000E+00  0.0000000E+00
  3.86921  3.75000  3.18200  3.34974  0.1877748E-02  0.9369256E-03  0.1129768E-04  0.2286609E-05  0.1865227E-02  0.9346390E-03  0.1223506E-05  0.0000000E+00  0.0000000E+00  0.0000000E+00
  3.87007  3.75000  3.18300  3.35074  0.1879727E-02  0.9382931E-03  0.1128052E-04  0.2283444E-05  0.1867226E-02  0.9360097E-03  0.1220193E-05  0.0000000E+00  0.0000000E+00  0.0000000E+00
  3.87094  3.75000  3.18400  3.35174  0.1881706E-02  0.9396621E-03  0.1126339E-04  0.2280284E-05  0.1869226E-02  0.9373818E-03  0.1216886E-05  0.0000000E+00  0.0000000E+00  0.0000000E+00
  3.87181  3.75000  3.18500  3.35274  0.1883693E-02  0.9410328E-03  0.1124630E-04  0.2277129E-05  0.1871233E-02  0.9387557E-03  0.1213585E-05  0.0000000E+00  0.0000000E+00  0.0000000E+00
  3.87267  3.75000  3.18600  3.35374  0.1885680E-02  0.9424039E-03  0.1122923E-04  0.2273978E-05  0.1873240E-02  0.9401299E-03  0.1210290E-05  0.0000000E+00  0.0000000E+00  0.0000000E+00
  3.87354  3.75000  3.18700  3.35474  0.1887665E-02  0.9437757E-03  0.1121219E-04  0.2270832E-05  0.1875246E-02  0.9415049E-03  0.1207002E-05  0.0000000E+00  0.0000000E+00  0.0000000E+00
  3.87440  3.75000  3.18800  3.35574  0.1889654E-02  0.9451485E-03  0.1119518E-04  0.2267690E-05  0.1877255E-02  0.9428808E-03  0.1203719E-05  0.0000000E+00  0.0000000E+00  0.0000000E+00
  3.87527  3.75000  3.18900  3.35674  0.1891643E-02  0.9465221E-03  0.1117820E-04  0.2264554E-05  0.1879265E-02  0.9442575E-03  0.1200443E-05  0.0000000E+00  0.0000000E+00  0.0000000E+00
  3.87614  3.75000  3.19000  3.35774  0.1893634E-02  0.9478966E-03  0.1116125E-04  0.2261421E-05  0.1881275E-02  0.9456352E-03  0.1197172E-05  0.0000000E+00  0.0000000E+00  0.0000000E+00
  3.87700  3.75000  3.19100  3.35874  0.1895625E-02  0.9492721E-03  0.1114433E-04  0.2258294E-05  0.1883286E-02  0.9470138E-03  0.1193908E-05  0.0000000E+00  0.0000000E+00  0.0000000E+00
  3.87787  3.75000  3.19200  3.35974  0.1897616E-02  0.9506485E-03  0.1112744E-04  0.2255171E-05  0.1885298E-02  0.9483933E-03  0.1190650E-05  0.0000000E+00  0.0000000E+00  0.0000000E+00
  3.87873  3.75000  3.19300  3.36074  0.1899608E-02  0.9520258E-03  0.1111058E-04  0.2252053E-05  0.1887310E-02  0.9497737E-03  0.1187398E-05  0.0000000E+00  0.0000000E+00  0.0000000E+00
  3.87960  3.75000  3.19400  3.36174  0.1901601E-02  0.9534040E-03  0.1109374E-04  0.2248939E-05  0.1889323E-02  0.9511551E-03  0.1184152E-05  0.0000000E+00  0.0000000E+00  0.0000000E+00
  3.88047  3.75000  3.19500  3.36274  0.1903594E-02  0.9547832E-03  0.1107694E-04  0.2245831E-05  0.1891337E-02  0.9525374E-03  0.1180913E-05  0.0000000E+00  0.0000000E+00  0.0000000E+00
  3.88133  3.75000  3.19600  3.36374  0.1905588E-02  0.9561633E-03  0.1106016E-04  0.2242726E-05  0.1893350E-02  0.9539206E-03  0.1177679E-05  0.0000000E+00  0.0000000E+00  0.0000000E+00
  3.88220  3.75000  3.19700  3.36474  0.1907583E-02  0.9575444E-03  0.1104342E-04  0.2239627E-05  0.1895365E-02  0.9553048E-03  0.1174451E-05  0.0000000E+00  0.0000000E+00  0.0000000E+00
  3.88307  3.75000  3.19800  3.36574  0.1909578E-02  0.9589264E-03  0.1102670E-04  0.2236531E-05  0.1897380E-02  0.9566899E-03  0.1171230E-05  0.0000000E+00  0.0000000E+00  0.0000000E+00
  3.88393  3.75000  3.19900  3.36674  0.1911573E-02  0.9603094E-03  0.1101001E-04  0.2233441E-05  0.1899395E-02  0.9580760E-03  0.1168014E-05  0.0000000E+00  0.0000000E+00  0.0000000E+00
  3.88480  3.75000  3.20000  3.36774  0.1913573E-02  0.9616958E-03  0.1099335E-04  0.2230355E-05  0.1901415E-02  0.9594654E-03  0.1164805E-05  0.0000000E+00  0.0000000E+00  0.0000000E+00
  3.88567  3.75000  3.20100  3.36874  0.1915570E-02  0.9630815E-03  0.1097672E-04  0.2227274E-05  0.1903432E-02  0.9608542E-03  0.1161602E-05  0.0000000E+00  0.0000000E+00  0.0000000E+00
  3.88654  3.75000  3.20200  3.36974  0.1917568E-02  0.9644682E-03  0.1096012E-04  0.2224197E-05  0.1905450E-02  0.9622440E-03  0.1158405E-05  0.0000000E+00  0.0000000E+00  0.0000000E+00
  3.88740  3.75000  3.20300  3.37074  0.1919567E-02  0.9658559E-03  0.1094354E-04  0.2221125E-05  0.1907468E-02  0.9636348E-03  0.1155214E-05  0.0000000E+00  0.0000000E+00  0.0000000E+00
  3.88827  3.75000  3.20400  3.37174  0.1921566E-02  0.9672446E-03  0.1092700E-04  0.2218057E-05  0.1909487E-02  0.9650266E-03  0.1152029E-05  0.0000000E+00  0.0000000E+00  0.0000000E+00
  3.88914  3.75000  3.20500  3.37274  0.1923565E-02  0.9686343E-03  0.1091048E-04  0.2214994E-05  0.1911506E-02  0.9664193E-03  0.1148850E-05  0.0000000E+00  0.0000000E+00  0.0000000E+00
  3.89000  3.75000  3.20600  3.37374  0.1925565E-02  0.9700250E-03  0.1089399E-04  0.2211935E-05  0.1913526E-02  0.9678131E-03  0.1145677E-05  0.0000000E+00  0.0000000E+00  0.0000000E+00
  3.89087  3.75000  3.20700  3.37474  0.1927566E-02  0.9714167E-03  0.1087753E-04  0.2208881E-05  0.1915546E-02  0.9692079E-03  0.1142510E-05  0.0000000E+00  0.0000000E+00  0.0000000E+00
  3.89174  3.75000  3.20800  3.37574  0.1929567E-02  0.9728094E-03  0.1086110E-04  0.2205831E-05  0.1917567E-02  0.9706036E-03  0.1139350E-05  0.0000000E+00  0.0000000E+00  0.0000000E+00
  3.89261  3.75000  3.20900  3.37674  0.1931569E-02  0.9742031E-03  0.1084470E-04  0.2202786E-05  0.1919588E-02  0.9720003E-03  0.1136195E-05  0.0000000E+00  0.0000000E+00  0.0000000E+00
  3.89347  3.75000  3.21000  3.37774  0.1933571E-02  0.9755977E-03  0.1082832E-04  0.2199746E-05  0.1921610E-02  0.9733980E-03  0.1133047E-05  0.0000000E+00  0.0000000E+00  0.0000000E+00
  3.89434  3.75000  3.21100  3.37874  0.1935574E-02  0.9769933E-03  0.1081198E-04  0.2196710E-05  0.1923632E-02  0.9747966E-03  0.1129904E-05  0.0000000E+00  0.0000000E+00  0.0000000E+00
  3.89521  3.75000  3.21200  3.37974  0.1937577E-02  0.9783899E-03  0.1079566E-04  0.2193678E-05  0.1925655E-02  0.9761962E-03  0.1126768E-05  0.0000000E+00  0.0000000E+00  0.0000000E+00
  3.89608  3.75000  3.21300  3.38074  0.1939581E-02  0.9797874E-03  0.1077937E-04  0.2190651E-05  0.1927678E-02  0.9775968E-03  0.1123637E-05  0.0000000E+00  0.0000000E+00  0.0000000E+00
  3.89694  3.75000  3.21400  3.38174  0.1941585E-02  0.9811859E-03  0.1076310E-04  0.2187628E-05  0.1929701E-02  0.9789983E-03  0.1120513E-05  0.0000000E+00  0.0000000E+00  0.0000000E+00
  3.89781  3.75000  3.21500  3.38274  0.1943590E-02  0.9825854E-03  0.1074687E-04  0.2184610E-05  0.1931725E-02  0.9804008E-03  0.1117395E-05  0.0000000E+00  0.0000000E+00  0.0000000E+00
  3.89868  3.75000  3.21600  3.38374  0.1945595E-02  0.9839858E-03  0.1073066E-04  0.2181596E-05  0.1933750E-02  0.9818042E-03  0.1114283E-05  0.0000000E+00  0.0000000E+00  0.0000000E+00
  3.89955  3.75000  3.21700  3.38474  0.1947601E-02  0.9853872E-03  0.1071448E-04  0.2178587E-05  0.1935775E-02  0.9832086E-03  0.1111177E-05  0.0000000E+00  0.0000000E+00  0.0000000E+00
  3.90042  3.75000  3.21800  3.38574  0.1949607E-02  0.9867895E-03  0.1069833E-04  0.2175582E-05  0.1937800E-02  0.9846139E-03  0.1108077E-05  0.0000000E+00  0.0000000E+00  0.0000000E+00
  3.90128  3.75000  3.21900  3.38674  0.1951614E-02  0.9881927E-03  0.1068221E-04  0.2172581E-05  0.1939826E-02  0.9860201E-03  0.1104983E-05  0.0000000E+00  0.0000000E+00  0.0000000E+00
  3.90215  3.75000  3.22000  3.38774  0.1953621E-02  0.9895969E-03  0.1066611E-04  0.2169585E-05  0.1941853E-02  0.9874273E-03  0.1101895E-05  0.0000000E+00  0.0000000E+00  0.0000000E+00
  3.90302  3.75000  3.22100  3.38874  0.1955628E-02  0.9910021E-03  0.1065004E-04  0.2166594E-05  0.1943880E-02  0.9888355E-03  0.1098813E-05  0.0000000E+00  0.0000000E+00  0.0000000E+00
  3.90389  3.75000  3.22200  3.38974  0.1957637E-02  0.9924082E-03  0.1063400E-04  0.2163607E-05  0.1945907E-02  0.9902445E-03  0.1095737E-05  0.0000000E+00  0.0000000E+00  0.0000000E+00
  3.90476  3.75000  3.22300  3.39074  0.1959645E-02  0.9938152E-03  0.1061799E-04  0.2160624E-05  0.1947935E-02  0.9916545E-03  0.1092668E-05  0.0000000E+00  0.0000000E+00  0.0000000E+00
  3.90563  3.75000  3.22400  3.39174  0.1961654E-02  0.9952231E-03  0.1060200E-04  0.2157645E-05  0.1949963E-02  0.9930655E-03  0.1089604E-05  0.0000000E+00  0.0000000E+00  0.0000000E+00
  3.90649  3.75000  3.22500  3.39274  0.1963664E-02  0.9966320E-03  0.1058604E-04  0.2154671E-05  0.1951992E-02  0.9944773E-03  0.1086546E-05  0.0000000E+00  0.0000000E+00  0.0000000E+00
  3.90736  3.75000  3.22600  3.39374  0.1965674E-02  0.9980418E-03  0.1057011E-04  0.2151702E-05  0.1954021E-02  0.9958901E-03  0.1083494E-05  0.0000000E+00  0.0000000E+00  0.0000000E+00
  3.90823  3.75000  3.22700  3.39474  0.1967691E-02  0.9994541E-03  0.1055420E-04  0.2148736E-05  0.1956056E-02  0.9973054E-03  0.1080449E-05  0.0000000E+00  0.0000000E+00  0.0000000E+00
  3.90910  3.75000  3.22800  3.39574  0.1969709E-02  0.1000867E-02  0.1053833E-04  0.2145775E-05  0.1958093E-02  0.9987208E-03  0.1077409E-05  0.0000000E+00  0.0000000E+00  0.0000000E+00
  3.90997  3.75000  3.22900  3.39674  0.1971725E-02  0.1002280E-02  0.1052248E-04  0.2142819E-05  0.1960128E-02  0.1000137E-02  0.1074376E-05  0.0000000E+00  0.0000000E+00  0.0000000E+00
  3.91084  3.75000  3.23000  3.39774  0.1973744E-02  0.1003694E-02  0.1050665E-04  0.2139866E-05  0.1962166E-02  0.1001554E-02  0.1071348E-05  0.0000000E+00  0.0000000E+00  0.0000000E+00
  3.91171  3.75000  3.23100  3.39874  0.1975764E-02  0.1005109E-02  0.1049086E-04  0.2136919E-05  0.1964205E-02  0.1002972E-02  0.1068327E-05  0.0000000E+00  0.0000000E+00  0.0000000E+00
  3.91257  3.75000  3.23200  3.39974  0.1977785E-02  0.1006524E-02  0.1047509E-04  0.2133975E-05  0.1966244E-02  0.1004390E-02  0.1065311E-05  0.0000000E+00  0.0000000E+00  0.0000000E+00
  3.91344  3.75000  3.23300  3.40074  0.1979806E-02  0.1007941E-02  0.1045935E-04  0.2131036E-05  0.1968284E-02  0.1005810E-02  0.1062302E-05  0.0000000E+00  0.0000000E+00  0.0000000E+00
  3.91431  3.75000  3.23400  3.40174  0.1981828E-02  0.1009359E-02  0.1044363E-04  0.2128101E-05  0.1970325E-02  0.1007231E-02  0.1059298E-05  0.0000000E+00  0.0000000E+00  0.0000000E+00
  3.91518  3.75000  3.23500  3.40274  0.1983851E-02  0.1010777E-02  0.1042794E-04  0.2125170E-05  0.1972367E-02  0.1008652E-02  0.1056301E-05  0.0000000E+00  0.0000000E+00  0.0000000E+00
  3.91605  3.75000  3.23600  3.40374  0.1985874E-02  0.1012197E-02  0.1041228E-04  0.2122244E-05  0.1974409E-02  0.1010075E-02  0.1053309E-05  0.0000000E+00  0.0000000E+00  0.0000000E+00
  3.91692  3.75000  3.23700  3.40474  0.1987898E-02  0.1013617E-02  0.1039665E-04  0.2119322E-05  0.1976451E-02  0.1011498E-02  0.1050324E-05  0.0000000E+00  0.0000000E+00  0.0000000E+00
  3.91779  3.75000  3.23800  3.40574  0.1989922E-02  0.1015039E-02  0.1038104E-04  0.2116404E-05  0.1978494E-02  0.1012922E-02  0.1047345E-05  0.0000000E+00  0.0000000E+00  0.0000000E+00
  3.91866  3.75000  3.23900  3.40674  0.1991947E-02  0.1016461E-02  0.1036546E-04  0.2113491E-05  0.1980538E-02  0.1014348E-02  0.1044371E-05  0.0000000E+00  0.0000000E+00  0.0000000E+00
  3.91953  3.75000  3.24000  3.40774  0.1993973E-02  0.1017884E-02  0.1034990E-04  0.2110581E-05  0.1982582E-02  0.1015774E-02  0.1041404E-05  0.0000000E+00  0.0000000E+00  0.0000000E+00
  3.92040  3.75000  3.24100  3.40874  0.1995999E-02  0.1019309E-02  0.1033437E-04  0.2107676E-05  0.1984626E-02  0.1017201E-02  0.1038442E-05  0.0000000E+00  0.0000000E+00  0.0000000E+00
  3.92127  3.75000  3.24200  3.40974  0.1998025E-02  0.1020734E-02  0.1031887E-04  0.2104776E-05  0.1986671E-02  0.1018629E-02  0.1035487E-05  0.0000000E+00  0.0000000E+00  0.0000000E+00
  3.92214  3.75000  3.24300  3.41074  0.2000053E-02  0.1022160E-02  0.1030339E-04  0.2101879E-05  0.1988717E-02  0.1020058E-02  0.1032537E-05  0.0000000E+00  0.0000000E+00  0.0000000E+00
  3.92301  3.75000  3.24400  3.41174  0.2002080E-02  0.1023587E-02  0.1028794E-04  0.2098987E-05  0.1990763E-02  0.1021488E-02  0.1029594E-05  0.0000000E+00  0.0000000E+00  0.0000000E+00
  3.92388  3.75000  3.24500  3.41274  0.2004108E-02  0.1025015E-02  0.1027252E-04  0.2096099E-05  0.1992809E-02  0.1022919E-02  0.1026656E-05  0.0000000E+00  0.0000000E+00  0.0000000E+00
  3.92475  3.75000  3.24600  3.41374  0.2006137E-02  0.1026444E-02  0.1025712E-04  0.2093215E-05  0.1994856E-02  0.1024351E-02  0.1023725E-05  0.0000000E+00  0.0000000E+00  0.0000000E+00
  3.92562  3.75000  3.24700  3.41474  0.2008166E-02  0.1027874E-02  0.1024175E-04  0.2090336E-05  0.1996904E-02  0.1025784E-02  0.1020799E-05  0.0000000E+00  0.0000000E+00  0.0000000E+00
  3.92649  3.75000  3.24800  3.41574  0.2010196E-02  0.1029305E-02  0.1022641E-04  0.2087460E-05  0.1998951E-02  0.1027217E-02  0.1017880E-05  0.0000000E+00  0.0000000E+00  0.0000000E+00
  3.92736  3.75000  3.24900  3.41674  0.2012226E-02  0.1030737E-02  0.1021109E-04  0.2084589E-05  0.2001000E-02  0.1028652E-02  0.1014966E-05  0.0000000E+00  0.0000000E+00  0.0000000E+00
  3.92823  3.75000  3.25000  3.41774  0.2014260E-02  0.1032172E-02  0.1019580E-04  0.2081722E-05  0.2003052E-02  0.1030090E-02  0.1012059E-05  0.0000000E+00  0.0000000E+00  0.0000000E+00
  3.92910  3.75000  3.25100  3.41874  0.2016292E-02  0.1033606E-02  0.1018053E-04  0.2078860E-05  0.2005102E-02  0.1031527E-02  0.1009157E-05  0.0000000E+00  0.0000000E+00  0.0000000E+00
  3.92997  3.75000  3.25200  3.41974  0.2018324E-02  0.1035042E-02  0.1016529E-04  0.2076001E-05  0.2007153E-02  0.1032966E-02  0.1006261E-05  0.0000000E+00  0.0000000E+00  0.0000000E+00
  3.93084  3.75000  3.25300  3.42074  0.2020357E-02  0.1036478E-02  0.1015007E-04  0.2073147E-05  0.2009204E-02  0.1034405E-02  0.1003371E-05  0.0000000E+00  0.0000000E+00  0.0000000E+00
  3.93171  3.75000  3.25400  3.42174  0.2022391E-02  0.1037915E-02  0.1013488E-04  0.2070296E-05  0.2011255E-02  0.1035845E-02  0.1000488E-05  0.0000000E+00  0.0000000E+00  0.0000000E+00
  3.93258  3.75000  3.25500  3.42274  0.2024424E-02  0.1039354E-02  0.1011972E-04  0.2067450E-05  0.2013307E-02  0.1037286E-02  0.9976097E-06  0.0000000E+00  0.0000000E+00  0.0000000E+00
  3.93345  3.75000  3.25600  3.42374  0.2026459E-02  0.1040793E-02  0.1010458E-04  0.2064609E-05  0.2015360E-02  0.1038729E-02  0.9947378E-06  0.0000000E+00  0.0000000E+00  0.0000000E+00
  3.93432  3.75000  3.25700  3.42474  0.2028494E-02  0.1042234E-02  0.1008947E-04  0.2061771E-05  0.2017413E-02  0.1040172E-02  0.9918718E-06  0.0000000E+00  0.0000000E+00  0.0000000E+00
  3.93519  3.75000  3.25800  3.42574  0.2030529E-02  0.1043675E-02  0.1007438E-04  0.2058937E-05  0.2019466E-02  0.1041616E-02  0.9890118E-06  0.0000000E+00  0.0000000E+00  0.0000000E+00
  3.93606  3.75000  3.25900  3.42674  0.2032565E-02  0.1045117E-02  0.1005932E-04  0.2056108E-05  0.2021520E-02  0.1043061E-02  0.9861577E-06  0.0000000E+00  0.0000000E+00  0.0000000E+00
  3.93693  3.75000  3.26000  3.42774  0.2034602E-02  0.1046560E-02  0.1004429E-04  0.2053282E-05  0.2023574E-02  0.1044507E-02  0.9833095E-06  0.0000000E+00  0.0000000E+00  0.0000000E+00
  3.93780  3.75000  3.26100  3.42874  0.2036639E-02  0.1048004E-02  0.1002927E-04  0.2050461E-05  0.2025629E-02  0.1045954E-02  0.9804673E-06  0.0000000E+00  0.0000000E+00  0.0000000E+00
  3.93867  3.75000  3.26200  3.42974  0.2038676E-02  0.1049449E-02  0.1001429E-04  0.2047644E-05  0.2027684E-02  0.1047402E-02  0.9776310E-06  0.0000000E+00  0.0000000E+00  0.0000000E+00
  3.93954  3.75000  3.26300  3.43074  0.2040714E-02  0.1050895E-02  0.9999330E-05  0.2044831E-05  0.2029740E-02  0.1048850E-02  0.9748005E-06  0.0000000E+00  0.0000000E+00  0.0000000E+00
  3.94041  3.75000  3.26400  3.43174  0.2042752E-02  0.1052342E-02  0.9984396E-05  0.2042022E-05  0.2031796E-02  0.1050300E-02  0.9719761E-06  0.0000000E+00  0.0000000E+00  0.0000000E+00
  3.94128  3.75000  3.26500  3.43274  0.2044791E-02  0.1053790E-02  0.9969487E-05  0.2039217E-05  0.2033852E-02  0.1051751E-02  0.9691575E-06  0.0000000E+00  0.0000000E+00  0.0000000E+00
  3.94215  3.75000  3.26600  3.43374  0.2046830E-02  0.1055239E-02  0.9954603E-05  0.2036416E-05  0.2035909E-02  0.1053202E-02  0.9663448E-06  0.0000000E+00  0.0000000E+00  0.0000000E+00
  3.94303  3.75000  3.26700  3.43474  0.2048870E-02  0.1056689E-02  0.9939744E-05  0.2033620E-05  0.2037967E-02  0.1054655E-02  0.9635380E-06  0.0000000E+00  0.0000000E+00  0.0000000E+00
  3.94390  3.75000  3.26800  3.43574  0.2050911E-02  0.1058139E-02  0.9924910E-05  0.2030827E-05  0.2040025E-02  0.1056108E-02  0.9607372E-06  0.0000000E+00  0.0000000E+00  0.0000000E+00
  3.94477  3.75000  3.26900  3.43674  0.2052951E-02  0.1059591E-02  0.9910101E-05  0.2028039E-05  0.2042083E-02  0.1057563E-02  0.9579422E-06  0.0000000E+00  0.0000000E+00  0.0000000E+00
  3.94564  3.75000  3.27000  3.43774  0.2054999E-02  0.1061045E-02  0.9895317E-05  0.2025254E-05  0.2044148E-02  0.1059020E-02  0.9551531E-06  0.0000000E+00  0.0000000E+00  0.0000000E+00
  3.94651  3.75000  3.27100  3.43874  0.2057046E-02  0.1062499E-02  0.9880559E-05  0.2022474E-05  0.2046213E-02  0.1060476E-02  0.9523699E-06  0.0000000E+00  0.0000000E+00  0.0000000E+00
  3.94738  3.75000  3.27200  3.43974  0.2059093E-02  0.1063954E-02  0.9865825E-05  0.2019697E-05  0.2048277E-02  0.1061934E-02  0.9495926E-06  0.0000000E+00  0.0000000E+00  0.0000000E+00
  3.94825  3.75000  3.27300  3.44074  0.2061142E-02  0.1065409E-02  0.9851115E-05  0.2016925E-05  0.2050344E-02  0.1063393E-02  0.9468211E-06  0.0000000E+00  0.0000000E+00  0.0000000E+00
  3.94912  3.75000  3.27400  3.44174  0.2063192E-02  0.1066866E-02  0.9836431E-05  0.2014157E-05  0.2052412E-02  0.1064852E-02  0.9440556E-06  0.0000000E+00  0.0000000E+00  0.0000000E+00
  3.95000  3.75000  3.27500  3.44274  0.2065243E-02  0.1068324E-02  0.9821771E-05  0.2011392E-05  0.2054480E-02  0.1066312E-02  0.9412959E-06  0.0000000E+00  0.0000000E+00  0.0000000E+00
  3.95087  3.75000  3.27600  3.44374  0.2067295E-02  0.1069782E-02  0.9807136E-05  0.2008632E-05  0.2056549E-02  0.1067773E-02  0.9385421E-06  0.0000000E+00  0.0000000E+00  0.0000000E+00
  3.95174  3.75000  3.27700  3.44474  0.2069347E-02  0.1071241E-02  0.9792526E-05  0.2005876E-05  0.2058618E-02  0.1069235E-02  0.9357941E-06  0.0000000E+00  0.0000000E+00  0.0000000E+00
  3.95261  3.75000  3.27800  3.44574  0.2071400E-02  0.1072702E-02  0.9777940E-05  0.2003123E-05  0.2060689E-02  0.1070698E-02  0.9330520E-06  0.0000000E+00  0.0000000E+00  0.0000000E+00
  3.95348  3.75000  3.27900  3.44674  0.2073453E-02  0.1074163E-02  0.9763379E-05  0.2000375E-05  0.2062759E-02  0.1072162E-02  0.9303158E-06  0.0000000E+00  0.0000000E+00  0.0000000E+00
  3.95435  3.75000  3.28000  3.44774  0.2075507E-02  0.1075625E-02  0.9748842E-05  0.1997631E-05  0.2064830E-02  0.1073627E-02  0.9275854E-06  0.0000000E+00  0.0000000E+00  0.0000000E+00
  3.95523  3.75000  3.28100  3.44874  0.2077561E-02  0.1077088E-02  0.9734330E-05  0.1994890E-05  0.2066902E-02  0.1075093E-02  0.9248608E-06  0.0000000E+00  0.0000000E+00  0.0000000E+00
  3.95610  3.75000  3.28200  3.44974  0.2079616E-02  0.1078552E-02  0.9719842E-05  0.1992154E-05  0.2068974E-02  0.1076560E-02  0.9221421E-06  0.0000000E+00  0.0000000E+00  0.0000000E+00
  3.95697  3.75000  3.28300  3.45074  0.2081672E-02  0.1080017E-02  0.9705378E-05  0.1989422E-05  0.2071047E-02  0.1078028E-02  0.9194292E-06  0.0000000E+00  0.0000000E+00  0.0000000E+00
  3.95784  3.75000  3.28400  3.45174  0.2083728E-02  0.1081483E-02  0.9690939E-05  0.1986693E-05  0.2073120E-02  0.1079496E-02  0.9167222E-06  0.0000000E+00  0.0000000E+00  0.0000000E+00
  3.95871  3.75000  3.28500  3.45274  0.2085785E-02  0.1082950E-02  0.9676523E-05  0.1983969E-05  0.2075194E-02  0.1080966E-02  0.9140210E-06  0.0000000E+00  0.0000000E+00  0.0000000E+00
  3.95959  3.75000  3.28600  3.45374  0.2087842E-02  0.1084417E-02  0.9662132E-05  0.1981248E-05  0.2077268E-02  0.1082436E-02  0.9113256E-06  0.0000000E+00  0.0000000E+00  0.0000000E+00
  3.96046  3.75000  3.28700  3.45474  0.2089900E-02  0.1085886E-02  0.9647766E-05  0.1978531E-05  0.2079343E-02  0.1083908E-02  0.9086360E-06  0.0000000E+00  0.0000000E+00  0.0000000E+00
  3.96133  3.75000  3.28800  3.45574  0.2091958E-02  0.1087356E-02  0.9633423E-05  0.1975819E-05  0.2081418E-02  0.1085380E-02  0.9059522E-06  0.0000000E+00  0.0000000E+00  0.0000000E+00
  3.96220  3.75000  3.28900  3.45674  0.2094017E-02  0.1088827E-02  0.9619104E-05  0.1973110E-05  0.2083494E-02  0.1086853E-02  0.9032743E-06  0.0000000E+00  0.0000000E+00  0.0000000E+00
  3.96308  3.75000  3.29000  3.45774  0.2096076E-02  0.1090298E-02  0.9604809E-05  0.1970405E-05  0.2085570E-02  0.1088328E-02  0.9006022E-06  0.0000000E+00  0.0000000E+00  0.0000000E+00
  3.96395  3.75000  3.29100  3.45874  0.2098136E-02  0.1091771E-02  0.9590539E-05  0.1967704E-05  0.2087647E-02  0.1089803E-02  0.8979358E-06  0.0000000E+00  0.0000000E+00  0.0000000E+00
  3.96482  3.75000  3.29200  3.45974  0.2100196E-02  0.1093244E-02  0.9576292E-05  0.1965007E-05  0.2089724E-02  0.1091279E-02  0.8952753E-06  0.0000000E+00  0.0000000E+00  0.0000000E+00
  3.96569  3.75000  3.29300  3.46074  0.2102257E-02  0.1094719E-02  0.9562069E-05  0.1962314E-05  0.2091802E-02  0.1092756E-02  0.8926205E-06  0.0000000E+00  0.0000000E+00  0.0000000E+00
  3.96657  3.75000  3.29400  3.46174  0.2104318E-02  0.1096194E-02  0.9547869E-05  0.1959625E-05  0.2093880E-02  0.1094234E-02  0.8899715E-06  0.0000000E+00  0.0000000E+00  0.0000000E+00
  3.96744  3.75000  3.29500  3.46274  0.2106379E-02  0.1097670E-02  0.9533694E-05  0.1956940E-05  0.2095958E-02  0.1095713E-02  0.8873284E-06  0.0000000E+00  0.0000000E+00  0.0000000E+00
  3.96831  3.75000  3.29600  3.46374  0.2108442E-02  0.1099147E-02  0.9519542E-05  0.1954258E-05  0.2098037E-02  0.1097193E-02  0.8846909E-06  0.0000000E+00  0.0000000E+00  0.0000000E+00
  3.96919  3.75000  3.29700  3.46474  0.2110504E-02  0.1100625E-02  0.9505414E-05  0.1951580E-05  0.2100117E-02  0.1098674E-02  0.8820593E-06  0.0000000E+00  0.0000000E+00  0.0000000E+00
  3.97006  3.75000  3.29800  3.46574  0.2112567E-02  0.1102105E-02  0.9491310E-05  0.1948907E-05  0.2102197E-02  0.1100156E-02  0.8794334E-06  0.0000000E+00  0.0000000E+00  0.0000000E+00
  3.97093  3.75000  3.29900  3.46674  0.2114631E-02  0.1103585E-02  0.9477229E-05  0.1946237E-05  0.2104277E-02  0.1101638E-02  0.8768133E-06  0.0000000E+00  0.0000000E+00  0.0000000E+00
  3.97180  3.75000  3.30000  3.46774  0.2116695E-02  0.1105065E-02  0.9463171E-05  0.1943571E-05  0.2106358E-02  0.1103122E-02  0.8741990E-06  0.0000000E+00  0.0000000E+00  0.0000000E+00
  3.97268  3.75000  3.30100  3.46874  0.2118762E-02  0.1106549E-02  0.9449137E-05  0.1940909E-05  0.2108442E-02  0.1104608E-02  0.8715904E-06  0.0000000E+00  0.0000000E+00  0.0000000E+00
  3.97355  3.75000  3.30200  3.46974  0.2120828E-02  0.1108033E-02  0.9435127E-05  0.1938250E-05  0.2110524E-02  0.1106094E-02  0.8689875E-06  0.0000000E+00  0.0000000E+00  0.0000000E+00
  3.97442  3.75000  3.30300  3.47074  0.2122894E-02  0.1109517E-02  0.9421140E-05  0.1935596E-05  0.2112607E-02  0.1107581E-02  0.8663904E-06  0.0000000E+00  0.0000000E+00  0.0000000E+00
  3.97530  3.75000  3.30400  3.47174  0.2124961E-02  0.1111002E-02  0.9407176E-05  0.1932945E-05  0.2114690E-02  0.1109069E-02  0.8637991E-06  0.0000000E+00  0.0000000E+00  0.0000000E+00
  3.97617  3.75000  3.30500  3.47274  0.2127028E-02  0.1112489E-02  0.9393235E-05  0.1930298E-05  0.2116773E-02  0.1110558E-02  0.8612134E-06  0.0000000E+00  0.0000000E+00  0.0000000E+00
  3.97704  3.75000  3.30600  3.47374  0.2129095E-02  0.1113976E-02  0.9379318E-05  0.1927655E-05  0.2118857E-02  0.1112048E-02  0.8586335E-06  0.0000000E+00  0.0000000E+00  0.0000000E+00
  3.97792  3.75000  3.30700  3.47474  0.2131163E-02  0.1115464E-02  0.9365424E-05  0.1925016E-05  0.2120942E-02  0.1113539E-02  0.8560594E-06  0.0000000E+00  0.0000000E+00  0.0000000E+00
  3.97879  3.75000  3.30800  3.47574  0.2133232E-02  0.1116953E-02  0.9351553E-05  0.1922381E-05  0.2123027E-02  0.1115031E-02  0.8534909E-06  0.0000000E+00  0.0000000E+00  0.0000000E+00
  3.97966  3.75000  3.30900  3.47674  0.2135301E-02  0.1118443E-02  0.9337705E-05  0.1919749E-05  0.2125112E-02  0.1116523E-02  0.8509281E-06  0.0000000E+00  0.0000000E+00  0.0000000E+00
  3.98054  3.75000  3.31000  3.47774  0.2137371E-02  0.1119934E-02  0.9323881E-05  0.1917121E-05  0.2127198E-02  0.1118017E-02  0.8483711E-06  0.0000000E+00  0.0000000E+00  0.0000000E+00
  3.98141  3.75000  3.31100  3.47874  0.2139441E-02  0.1121426E-02  0.9310079E-05  0.1914497E-05  0.2129285E-02  0.1119511E-02  0.8458198E-06  0.0000000E+00  0.0000000E+00  0.0000000E+00
  3.98229  3.75000  3.31200  3.47974  0.2141511E-02  0.1122919E-02  0.9296300E-05  0.1911877E-05  0.2131371E-02  0.1121007E-02  0.8432741E-06  0.0000000E+00  0.0000000E+00  0.0000000E+00
  3.98316  3.75000  3.31300  3.48074  0.2143583E-02  0.1124413E-02  0.9282544E-05  0.1909260E-05  0.2133460E-02  0.1122504E-02  0.8407342E-06  0.0000000E+00  0.0000000E+00  0.0000000E+00
  3.98403  3.75000  3.31400  3.48174  0.2145660E-02  0.1125909E-02  0.9268811E-05  0.1906647E-05  0.2135553E-02  0.1124002E-02  0.8381999E-06  0.0000000E+00  0.0000000E+00  0.0000000E+00
  3.98491  3.75000  3.31500  3.48274  0.2147737E-02  0.1127405E-02  0.9255101E-05  0.1904038E-05  0.2137647E-02  0.1125501E-02  0.8356713E-06  0.0000000E+00  0.0000000E+00  0.0000000E+00
  3.98578  3.75000  3.31600  3.48374  0.2149814E-02  0.1128902E-02  0.9241414E-05  0.1901433E-05  0.2139739E-02  0.1127001E-02  0.8331484E-06  0.0000000E+00  0.0000000E+00  0.0000000E+00
  3.98666  3.75000  3.31700  3.48474  0.2151893E-02  0.1130400E-02  0.9227749E-05  0.1898832E-05  0.2141834E-02  0.1128501E-02  0.8306312E-06  0.0000000E+00  0.0000000E+00  0.0000000E+00
  3.98753  3.75000  3.31800  3.48574  0.2153972E-02  0.1131899E-02  0.9214107E-05  0.1896234E-05  0.2143930E-02  0.1130002E-02  0.8281196E-06  0.0000000E+00  0.0000000E+00  0.0000000E+00
  3.98840  3.75000  3.31900  3.48674  0.2156053E-02  0.1133398E-02  0.9200488E-05  0.1893640E-05  0.2146027E-02  0.1131505E-02  0.8256137E-06  0.0000000E+00  0.0000000E+00  0.0000000E+00
  3.98928  3.75000  3.32000  3.48774  0.2158134E-02  0.1134899E-02  0.9186891E-05  0.1891049E-05  0.2148124E-02  0.1133008E-02  0.8231135E-06  0.0000000E+00  0.0000000E+00  0.0000000E+00
  3.99015  3.75000  3.32100  3.48874  0.2160216E-02  0.1136400E-02  0.9173317E-05  0.1888463E-05  0.2150222E-02  0.1134512E-02  0.8206189E-06  0.0000000E+00  0.0000000E+00  0.0000000E+00
  3.99103  3.75000  3.32200  3.48974  0.2162299E-02  0.1137903E-02  0.9159766E-05  0.1885880E-05  0.2152321E-02  0.1136017E-02  0.8181300E-06  0.0000000E+00  0.0000000E+00  0.0000000E+00
  3.99190  3.75000  3.32300  3.49074  0.2164381E-02  0.1139406E-02  0.9146236E-05  0.1883301E-05  0.2154420E-02  0.1137523E-02  0.8156466E-06  0.0000000E+00  0.0000000E+00  0.0000000E+00
  3.99278  3.75000  3.32400  3.49174  0.2166465E-02  0.1140911E-02  0.9132730E-05  0.1880725E-05  0.2156519E-02  0.1139030E-02  0.8131690E-06  0.0000000E+00  0.0000000E+00  0.0000000E+00
  3.99365  3.75000  3.32500  3.49274  0.2168549E-02  0.1142416E-02  0.9119245E-05  0.1878153E-05  0.2158619E-02  0.1140538E-02  0.8106969E-06  0.0000000E+00  0.0000000E+00  0.0000000E+00
  3.99452  3.75000  3.32600  3.49374  0.2170634E-02  0.1143922E-02  0.9105783E-05  0.1875585E-05  0.2160720E-02  0.1142046E-02  0.8082305E-06  0.0000000E+00  0.0000000E+00  0.0000000E+00
  3.99540  3.75000  3.32700  3.49474  0.2172719E-02  0.1145429E-02  0.9092344E-05  0.1873021E-05  0.2162821E-02  0.1143556E-02  0.8057697E-06  0.0000000E+00  0.0000000E+00  0.0000000E+00
  3.99627  3.75000  3.32800  3.49574  0.2174805E-02  0.1146937E-02  0.9078926E-05  0.1870460E-05  0.2164922E-02  0.1145067E-02  0.8033145E-06  0.0000000E+00  0.0000000E+00  0.0000000E+00
  3.99715  3.75000  3.32900  3.49674  0.2176891E-02  0.1148446E-02  0.9065531E-05  0.1867903E-05  0.2167024E-02  0.1146578E-02  0.8008649E-06  0.0000000E+00  0.0000000E+00  0.0000000E+00
  3.99802  3.75000  3.33000  3.49774  0.2178978E-02  0.1149956E-02  0.9052158E-05  0.1865349E-05  0.2169127E-02  0.1148091E-02  0.7984209E-06  0.0000000E+00  0.0000000E+00  0.0000000E+00
  3.99890  3.75000  3.33100  3.49874  0.2181065E-02  0.1151467E-02  0.9038807E-05  0.1862800E-05  0.2171230E-02  0.1149604E-02  0.7959825E-06  0.0000000E+00  0.0000000E+00  0.0000000E+00
  3.99977  3.75000  3.33200  3.49974  0.2183153E-02  0.1152979E-02  0.9025478E-05  0.1860253E-05  0.2173334E-02  0.1151119E-02  0.7935497E-06  0.0000000E+00  0.0000000E+00  0.0000000E+00
  4.00065  3.75000  3.33300  3.50074  0.2185241E-02  0.1154492E-02  0.9012172E-05  0.1857711E-05  0.2175438E-02  0.1152634E-02  0.7911225E-06  0.0000000E+00  0.0000000E+00  0.0000000E+00
  4.00152  3.75000  3.33400  3.50174  0.2187330E-02  0.1156006E-02  0.8998887E-05  0.1855172E-05  0.2177542E-02  0.1154150E-02  0.7887008E-06  0.0000000E+00  0.0000000E+00  0.0000000E+00
  4.00240  3.75000  3.33500  3.50274  0.2189419E-02  0.1157520E-02  0.8985624E-05  0.1852637E-05  0.2179647E-02  0.1155668E-02  0.7862848E-06  0.0000000E+00  0.0000000E+00  0.0000000E+00
  4.00327  3.75000  3.33600  3.50374  0.2191509E-02  0.1159036E-02  0.8972383E-05  0.1850105E-05  0.2181752E-02  0.1157186E-02  0.7838743E-06  0.0000000E+00  0.0000000E+00  0.0000000E+00
  4.00415  3.75000  3.33700  3.50474  0.2193599E-02  0.1160552E-02  0.8959164E-05  0.1847577E-05  0.2183858E-02  0.1158705E-02  0.7814693E-06  0.0000000E+00  0.0000000E+00  0.0000000E+00
  4.00502  3.75000  3.33800  3.50574  0.2195690E-02  0.1162070E-02  0.8945966E-05  0.1845053E-05  0.2185965E-02  0.1160225E-02  0.7790699E-06  0.0000000E+00  0.0000000E+00  0.0000000E+00
  4.00590  3.75000  3.33900  3.50674  0.2197781E-02  0.1163588E-02  0.8932791E-05  0.1842532E-05  0.2188071E-02  0.1161746E-02  0.7766761E-06  0.0000000E+00  0.0000000E+00  0.0000000E+00
  4.00678  3.75000  3.34000  3.50774  0.2199873E-02  0.1165107E-02  0.8919637E-05  0.1840015E-05  0.2190179E-02  0.1163267E-02  0.7742878E-06  0.0000000E+00  0.0000000E+00  0.0000000E+00
  4.00765  3.75000  3.34100  3.50874  0.2201965E-02  0.1166628E-02  0.8906505E-05  0.1837501E-05  0.2192286E-02  0.1164790E-02  0.7719051E-06  0.0000000E+00  0.0000000E+00  0.0000000E+00
  4.00853  3.75000  3.34200  3.50974  0.2204057E-02  0.1168149E-02  0.8893395E-05  0.1834991E-05  0.2194394E-02  0.1166314E-02  0.7695278E-06  0.0000000E+00  0.0000000E+00  0.0000000E+00
  4.00940  3.75000  3.34300  3.51074  0.2206150E-02  0.1169671E-02  0.8880306E-05  0.1832485E-05  0.2196503E-02  0.1167838E-02  0.7671561E-06  0.0000000E+00  0.0000000E+00  0.0000000E+00
  4.01028  3.75000  3.34400  3.51174  0.2208244E-02  0.1171194E-02  0.8867239E-05  0.1829982E-05  0.2198612E-02  0.1169364E-02  0.7647900E-06  0.0000000E+00  0.0000000E+00  0.0000000E+00
  4.01115  3.75000  3.34500  3.51274  0.2210338E-02  0.1172718E-02  0.8854193E-05  0.1827483E-05  0.2200721E-02  0.1170890E-02  0.7624293E-06  0.0000000E+00  0.0000000E+00  0.0000000E+00
  4.01203  3.75000  3.34600  3.51374  0.2212432E-02  0.1174242E-02  0.8841169E-05  0.1824987E-05  0.2202831E-02  0.1172417E-02  0.7600741E-06  0.0000000E+00  0.0000000E+00  0.0000000E+00
  4.01291  3.75000  3.34700  3.51474  0.2214527E-02  0.1175768E-02  0.8828166E-05  0.1822495E-05  0.2204941E-02  0.1173945E-02  0.7577245E-06  0.0000000E+00  0.0000000E+00  0.0000000E+00
  4.01378  3.75000  3.34800  3.51574  0.2216622E-02  0.1177295E-02  0.8815184E-05  0.1820007E-05  0.2207052E-02  0.1175475E-02  0.7553803E-06  0.0000000E+00  0.0000000E+00  0.0000000E+00
  4.01466  3.75000  3.34900  3.51674  0.2218718E-02  0.1178822E-02  0.8802224E-05  0.1817522E-05  0.2209163E-02  0.1177005E-02  0.7530417E-06  0.0000000E+00  0.0000000E+00  0.0000000E+00
  4.01553  3.75000  3.35000  3.51774  0.2220814E-02  0.1180350E-02  0.8789286E-05  0.1815040E-05  0.2211274E-02  0.1178535E-02  0.7507085E-06  0.0000000E+00  0.0000000E+00  0.0000000E+00
  4.01641  3.75000  3.35100  3.51874  0.2222911E-02  0.1181880E-02  0.8776368E-05  0.1812562E-05  0.2213386E-02  0.1180067E-02  0.7483808E-06  0.0000000E+00  0.0000000E+00  0.0000000E+00
  4.01729  3.75000  3.35200  3.51974  0.2225008E-02  0.1183410E-02  0.8763472E-05  0.1810088E-05  0.2215499E-02  0.1181600E-02  0.7460586E-06  0.0000000E+00  0.0000000E+00  0.0000000E+00
  4.01816  3.75000  3.35300  3.52074  0.2227108E-02  0.1184943E-02  0.8750597E-05  0.1807617E-05  0.2217614E-02  0.1183135E-02  0.7437418E-06  0.0000000E+00  0.0000000E+00  0.0000000E+00
  4.01904  3.75000  3.35400  3.52174  0.2229207E-02  0.1186475E-02  0.8737743E-05  0.1805149E-05  0.2219728E-02  0.1184670E-02  0.7414305E-06  0.0000000E+00  0.0000000E+00  0.0000000E+00
  4.01991  3.75000  3.35500  3.52274  0.2231306E-02  0.1188009E-02  0.8724910E-05  0.1802686E-05  0.2221842E-02  0.1186206E-02  0.7391246E-06  0.0000000E+00  0.0000000E+00  0.0000000E+00
  4.02079  3.75000  3.35600  3.52374  0.2233406E-02  0.1189543E-02  0.8712098E-05  0.1800225E-05  0.2223957E-02  0.1187743E-02  0.7368242E-06  0.0000000E+00  0.0000000E+00  0.0000000E+00
  4.02167  3.75000  3.35700  3.52474  0.2235506E-02  0.1191079E-02  0.8699308E-05  0.1797768E-05  0.2226072E-02  0.1189281E-02  0.7345293E-06  0.0000000E+00  0.0000000E+00  0.0000000E+00
  4.02254  3.75000  3.35800  3.52574  0.2237609E-02  0.1192616E-02  0.8686538E-05  0.1795315E-05  0.2228190E-02  0.1190821E-02  0.7322397E-06  0.0000000E+00  0.0000000E+00  0.0000000E+00
  4.02342  3.75000  3.35900  3.52674  0.2239715E-02  0.1194154E-02  0.8673789E-05  0.1792865E-05  0.2230311E-02  0.1192362E-02  0.7299557E-06  0.0000000E+00  0.0000000E+00  0.0000000E+00
  4.02430  3.75000  3.36000  3.52774  0.2241821E-02  0.1195693E-02  0.8661061E-05  0.1790419E-05  0.2232433E-02  0.1193903E-02  0.7276770E-06  0.0000000E+00  0.0000000E+00  0.0000000E+00
  4.02517  3.75000  3.36100  3.52874  0.2243927E-02  0.1197233E-02  0.8648354E-05  0.1787976E-05  0.2234553E-02  0.1195445E-02  0.7254037E-06  0.0000000E+00  0.0000000E+00  0.0000000E+00
  4.02605  3.75000  3.36200  3.52974  0.2246035E-02  0.1198774E-02  0.8635668E-05  0.1785536E-05  0.2236677E-02  0.1196988E-02  0.7231359E-06  0.0000000E+00  0.0000000E+00  0.0000000E+00
  4.02693  3.75000  3.36300  3.53074  0.2248144E-02  0.1200315E-02  0.8623002E-05  0.1783100E-05  0.2238801E-02  0.1198532E-02  0.7208734E-06  0.0000000E+00  0.0000000E+00  0.0000000E+00
  4.02780  3.75000  3.36400  3.53174  0.2250254E-02  0.1201858E-02  0.8610358E-05  0.1780668E-05  0.2240925E-02  0.1200077E-02  0.7186164E-06  0.0000000E+00  0.0000000E+00  0.0000000E+00
  4.02868  3.75000  3.36500  3.53274  0.2252364E-02  0.1203401E-02  0.8597734E-05  0.1778239E-05  0.2243050E-02  0.1201623E-02  0.7163647E-06  0.0000000E+00  0.0000000E+00  0.0000000E+00
  4.02956  3.75000  3.36600  3.53374  0.2254475E-02  0.1204945E-02  0.8585130E-05  0.1775813E-05  0.2245176E-02  0.1203169E-02  0.7141185E-06  0.0000000E+00  0.0000000E+00  0.0000000E+00
  4.03043  3.75000  3.36700  3.53474  0.2256587E-02  0.1206491E-02  0.8572548E-05  0.1773391E-05  0.2247302E-02  0.1204717E-02  0.7118776E-06  0.0000000E+00  0.0000000E+00  0.0000000E+00
  4.03131  3.75000  3.36800  3.53574  0.2258699E-02  0.1208037E-02  0.8559986E-05  0.1770972E-05  0.2249429E-02  0.1206266E-02  0.7096421E-06  0.0000000E+00  0.0000000E+00  0.0000000E+00
  4.03219  3.75000  3.36900  3.53674  0.2260812E-02  0.1209584E-02  0.8547444E-05  0.1768557E-05  0.2251557E-02  0.1207815E-02  0.7074119E-06  0.0000000E+00  0.0000000E+00  0.0000000E+00
  4.03307  3.75000  3.37000  3.53774  0.2262925E-02  0.1211132E-02  0.8534923E-05  0.1766145E-05  0.2253685E-02  0.1209366E-02  0.7051871E-06  0.0000000E+00  0.0000000E+00  0.0000000E+00
  4.03394  3.75000  3.37100  3.53874  0.2265038E-02  0.1212681E-02  0.8522422E-05  0.1763737E-05  0.2255813E-02  0.1210917E-02  0.7029677E-06  0.0000000E+00  0.0000000E+00  0.0000000E+00
  4.03482  3.75000  3.37200  3.53974  0.2267153E-02  0.1214231E-02  0.8509942E-05  0.1761332E-05  0.2257942E-02  0.1212469E-02  0.7007536E-06  0.0000000E+00  0.0000000E+00  0.0000000E+00
  4.03570  3.75000  3.37300  3.54074  0.2269267E-02  0.1215782E-02  0.8497482E-05  0.1758930E-05  0.2260071E-02  0.1214023E-02  0.6985449E-06  0.0000000E+00  0.0000000E+00  0.0000000E+00
  4.03657  3.75000  3.37400  3.54174  0.2271383E-02  0.1217333E-02  0.8485043E-05  0.1756532E-05  0.2262201E-02  0.1215577E-02  0.6963415E-06  0.0000000E+00  0.0000000E+00  0.0000000E+00
  4.03745  3.75000  3.37500  3.54274  0.2273498E-02  0.1218886E-02  0.8472623E-05  0.1754137E-05  0.2264332E-02  0.1217132E-02  0.6941434E-06  0.0000000E+00  0.0000000E+00  0.0000000E+00
  4.03833  3.75000  3.37600  3.54374  0.2275615E-02  0.1220440E-02  0.8460224E-05  0.1751745E-05  0.2266462E-02  0.1218688E-02  0.6919506E-06  0.0000000E+00  0.0000000E+00  0.0000000E+00
  4.03921  3.75000  3.37700  3.54474  0.2277731E-02  0.1221994E-02  0.8447846E-05  0.1749357E-05  0.2268594E-02  0.1220245E-02  0.6897632E-06  0.0000000E+00  0.0000000E+00  0.0000000E+00
  4.04008  3.75000  3.37800  3.54574  0.2279849E-02  0.1223550E-02  0.8435487E-05  0.1746973E-05  0.2270725E-02  0.1221803E-02  0.6875810E-06  0.0000000E+00  0.0000000E+00  0.0000000E+00
  4.04096  3.75000  3.37900  3.54674  0.2281966E-02  0.1225106E-02  0.8423149E-05  0.1744591E-05  0.2272858E-02  0.1223362E-02  0.6854042E-06  0.0000000E+00  0.0000000E+00  0.0000000E+00
  4.04184  3.75000  3.38000  3.54774  0.2284084E-02  0.1226664E-02  0.8410831E-05  0.1742213E-05  0.2274990E-02  0.1224921E-02  0.6832327E-06  0.0000000E+00  0.0000000E+00  0.0000000E+00
  4.04272  3.75000  3.38100  3.54874  0.2286203E-02  0.1228222E-02  0.8398532E-05  0.1739839E-05  0.2277123E-02  0.1226482E-02  0.6810664E-06  0.0000000E+00  0.0000000E+00  0.0000000E+00
  4.04360  3.75000  3.38200  3.54974  0.2288322E-02  0.1229781E-02  0.8386254E-05  0.1737468E-05  0.2279257E-02  0.1228044E-02  0.6789054E-06  0.0000000E+00  0.0000000E+00  0.0000000E+00
  4.04447  3.75000  3.38300  3.55074  0.2290442E-02  0.1231341E-02  0.8373996E-05  0.1735100E-05  0.2281391E-02  0.1229606E-02  0.6767497E-06  0.0000000E+00  0.0000000E+00  0.0000000E+00
  4.04535  3.75000  3.38400  3.55174  0.2292562E-02  0.1232902E-02  0.8361758E-05  0.1732735E-05  0.2283526E-02  0.1231170E-02  0.6745993E-06  0.0000000E+00  0.0000000E+00  0.0000000E+00
  4.04623  3.75000  3.38500  3.55274  0.2294682E-02  0.1234464E-02  0.8349539E-05  0.1730374E-05  0.2285660E-02  0.1232734E-02  0.6724541E-06  0.0000000E+00  0.0000000E+00  0.0000000E+00
  4.04711  3.75000  3.38600  3.55374  0.2296803E-02  0.1236027E-02  0.8337341E-05  0.1728016E-05  0.2287796E-02  0.1234299E-02  0.6703142E-06  0.0000000E+00  0.0000000E+00  0.0000000E+00
  4.04799  3.75000  3.38700  3.55474  0.2298925E-02  0.1237591E-02  0.8325162E-05  0.1725662E-05  0.2289931E-02  0.1235865E-02  0.6681795E-06  0.0000000E+00  0.0000000E+00  0.0000000E+00
  4.04886  3.75000  3.38800  3.55574  0.2301047E-02  0.1239156E-02  0.8313004E-05  0.1723310E-05  0.2292068E-02  0.1237432E-02  0.6660501E-06  0.0000000E+00  0.0000000E+00  0.0000000E+00
  4.04974  3.75000  3.38900  3.55674  0.2303169E-02  0.1240721E-02  0.8300864E-05  0.1720963E-05  0.2294204E-02  0.1239000E-02  0.6639259E-06  0.0000000E+00  0.0000000E+00  0.0000000E+00
  4.05062  3.75000  3.39000  3.55774  0.2305292E-02  0.1242288E-02  0.8288745E-05  0.1718618E-05  0.2296341E-02  0.1240569E-02  0.6618070E-06  0.0000000E+00  0.0000000E+00  0.0000000E+00
  4.05150  3.75000  3.39100  3.55874  0.2307415E-02  0.1243855E-02  0.8276645E-05  0.1716277E-05  0.2298479E-02  0.1242139E-02  0.6596932E-06  0.0000000E+00  0.0000000E+00  0.0000000E+00
  4.05238  3.75000  3.39200  3.55974  0.2309539E-02  0.1245423E-02  0.8264565E-05  0.1713939E-05  0.2300616E-02  0.1243709E-02  0.6575847E-06  0.0000000E+00  0.0000000E+00  0.0000000E+00
  4.05326  3.75000  3.39300  3.56074  0.2311663E-02  0.1246992E-02  0.8252505E-05  0.1711604E-05  0.2302755E-02  0.1245281E-02  0.6554814E-06  0.0000000E+00  0.0000000E+00  0.0000000E+00
  4.05413  3.75000  3.39400  3.56174  0.2313787E-02  0.1248563E-02  0.8240464E-05  0.1709273E-05  0.2304893E-02  0.1246853E-02  0.6533833E-06  0.0000000E+00  0.0000000E+00  0.0000000E+00
  4.05501  3.75000  3.39500  3.56274  0.2315912E-02  0.1250134E-02  0.8228443E-05  0.1706945E-05  0.2307033E-02  0.1248427E-02  0.6512904E-06  0.0000000E+00  0.0000000E+00  0.0000000E+00
  4.05589  3.75000  3.39600  3.56374  0.2318038E-02  0.1251706E-02  0.8216441E-05  0.1704620E-05  0.2309172E-02  0.1250001E-02  0.6492026E-06  0.0000000E+00  0.0000000E+00  0.0000000E+00
  4.05677  3.75000  3.39700  3.56474  0.2320164E-02  0.1253278E-02  0.8204459E-05  0.1702298E-05  0.2311312E-02  0.1251576E-02  0.6471201E-06  0.0000000E+00  0.0000000E+00  0.0000000E+00
  4.05765  3.75000  3.39800  3.56574  0.2322290E-02  0.1254852E-02  0.8192496E-05  0.1699980E-05  0.2313453E-02  0.1253152E-02  0.6450427E-06  0.0000000E+00  0.0000000E+00  0.0000000E+00
  4.05853  3.75000  3.39900  3.56674  0.2324417E-02  0.1256427E-02  0.8180552E-05  0.1697665E-05  0.2315593E-02  0.1254729E-02  0.6429705E-06  0.0000000E+00  0.0000000E+00  0.0000000E+00
  4.05941  3.75000  3.40000  3.56774  0.2326544E-02  0.1258002E-02  0.8168628E-05  0.1695353E-05  0.2317735E-02  0.1256307E-02  0.6409034E-06  0.0000000E+00  0.0000000E+00  0.0000000E+00
  4.06029  3.75000  3.40100  3.56874  0.2328672E-02  0.1259579E-02  0.8156723E-05  0.1693045E-05  0.2319877E-02  0.1257886E-02  0.6388415E-06  0.0000000E+00  0.0000000E+00  0.0000000E+00
  4.06116  3.75000  3.40200  3.56974  0.2330800E-02  0.1261156E-02  0.8144838E-05  0.1690740E-05  0.2322019E-02  0.1259466E-02  0.6367848E-06  0.0000000E+00  0.0000000E+00  0.0000000E+00
  4.06204  3.75000  3.40300  3.57074  0.2332929E-02  0.1262735E-02  0.8132971E-05  0.1688438E-05  0.2324161E-02  0.1261046E-02  0.6347332E-06  0.0000000E+00  0.0000000E+00  0.0000000E+00
  4.06292  3.75000  3.40400  3.57174  0.2335062E-02  0.1264315E-02  0.8121124E-05  0.1686139E-05  0.2326308E-02  0.1262629E-02  0.6326867E-06  0.0000000E+00  0.0000000E+00  0.0000000E+00
  4.06380  3.75000  3.40500  3.57274  0.2337197E-02  0.1265896E-02  0.8109296E-05  0.1683844E-05  0.2328457E-02  0.1264212E-02  0.6306453E-06  0.0000000E+00  0.0000000E+00  0.0000000E+00
  4.06468  3.75000  3.40600  3.57374  0.2339330E-02  0.1267478E-02  0.8097487E-05  0.1681551E-05  0.2330604E-02  0.1265796E-02  0.6286091E-06  0.0000000E+00  0.0000000E+00  0.0000000E+00
  4.06556  3.75000  3.40700  3.57474  0.2341468E-02  0.1269062E-02  0.8085697E-05  0.1679262E-05  0.2332755E-02  0.1267383E-02  0.6265779E-06  0.0000000E+00  0.0000000E+00  0.0000000E+00
  4.06644  3.75000  3.40800  3.57574  0.2343605E-02  0.1270646E-02  0.8073927E-05  0.1676976E-05  0.2334906E-02  0.1268969E-02  0.6245519E-06  0.0000000E+00  0.0000000E+00  0.0000000E+00
  4.06732  3.75000  3.40900  3.57674  0.2345742E-02  0.1272231E-02  0.8062175E-05  0.1674694E-05  0.2337057E-02  0.1270556E-02  0.6225310E-06  0.0000000E+00  0.0000000E+00  0.0000000E+00
  4.06820  3.75000  3.41000  3.57774  0.2347880E-02  0.1273817E-02  0.8050442E-05  0.1672414E-05  0.2339209E-02  0.1272144E-02  0.6205152E-06  0.0000000E+00  0.0000000E+00  0.0000000E+00
  4.06908  3.75000  3.41100  3.57874  0.2350019E-02  0.1275404E-02  0.8038728E-05  0.1670138E-05  0.2341362E-02  0.1273734E-02  0.6185044E-06  0.0000000E+00  0.0000000E+00  0.0000000E+00
  4.06996  3.75000  3.41200  3.57974  0.2352159E-02  0.1276991E-02  0.8027033E-05  0.1667865E-05  0.2343515E-02  0.1275324E-02  0.6164987E-06  0.0000000E+00  0.0000000E+00  0.0000000E+00
  4.07084  3.75000  3.41300  3.58074  0.2354299E-02  0.1278580E-02  0.8015357E-05  0.1665595E-05  0.2345669E-02  0.1276914E-02  0.6144981E-06  0.0000000E+00  0.0000000E+00  0.0000000E+00
  4.07172  3.75000  3.41400  3.58174  0.2356439E-02  0.1280170E-02  0.8003700E-05  0.1663329E-05  0.2347823E-02  0.1278506E-02  0.6125026E-06  0.0000000E+00  0.0000000E+00  0.0000000E+00
  4.07260  3.75000  3.41500  3.58274  0.2358580E-02  0.1281760E-02  0.7992062E-05  0.1661065E-05  0.2349978E-02  0.1280099E-02  0.6105121E-06  0.0000000E+00  0.0000000E+00  0.0000000E+00
  4.07348  3.75000  3.41600  3.58374  0.2360722E-02  0.1283352E-02  0.7980442E-05  0.1658805E-05  0.2352133E-02  0.1281693E-02  0.6085267E-06  0.0000000E+00  0.0000000E+00  0.0000000E+00
  4.07436  3.75000  3.41700  3.58474  0.2362864E-02  0.1284944E-02  0.7968841E-05  0.1656548E-05  0.2354289E-02  0.1283288E-02  0.6065463E-06  0.0000000E+00  0.0000000E+00  0.0000000E+00
  4.07524  3.75000  3.41800  3.58574  0.2365007E-02  0.1286538E-02  0.7957259E-05  0.1654294E-05  0.2356445E-02  0.1284883E-02  0.6045709E-06  0.0000000E+00  0.0000000E+00  0.0000000E+00
  4.07612  3.75000  3.41900  3.58674  0.2367150E-02  0.1288132E-02  0.7945695E-05  0.1652043E-05  0.2358601E-02  0.1286480E-02  0.6026005E-06  0.0000000E+00  0.0000000E+00  0.0000000E+00
  4.07700  3.75000  3.42000  3.58774  0.2369293E-02  0.1289727E-02  0.7934151E-05  0.1649795E-05  0.2360758E-02  0.1288077E-02  0.6006352E-06  0.0000000E+00  0.0000000E+00  0.0000000E+00
  4.07788  3.75000  3.42100  3.58874  0.2371437E-02  0.1291323E-02  0.7922624E-05  0.1647551E-05  0.2362916E-02  0.1289676E-02  0.5986749E-06  0.0000000E+00  0.0000000E+00  0.0000000E+00
  4.07876  3.75000  3.42200  3.58974  0.2373582E-02  0.1292920E-02  0.7911116E-05  0.1645310E-05  0.2365074E-02  0.1291275E-02  0.5967196E-06  0.0000000E+00  0.0000000E+00  0.0000000E+00
  4.07964  3.75000  3.42300  3.59074  0.2375727E-02  0.1294518E-02  0.7899627E-05  0.1643071E-05  0.2367233E-02  0.1292875E-02  0.5947693E-06  0.0000000E+00  0.0000000E+00  0.0000000E+00
  4.08052  3.75000  3.42400  3.59174  0.2377872E-02  0.1296117E-02  0.7888156E-05  0.1640836E-05  0.2369391E-02  0.1294477E-02  0.5928240E-06  0.0000000E+00  0.0000000E+00  0.0000000E+00
  4.08140  3.75000  3.42500  3.59274  0.2380018E-02  0.1297717E-02  0.7876704E-05  0.1638604E-05  0.2371551E-02  0.1296079E-02  0.5908837E-06  0.0000000E+00  0.0000000E+00  0.0000000E+00
  4.08228  3.75000  3.42600  3.59374  0.2382165E-02  0.1299318E-02  0.7865270E-05  0.1636376E-05  0.2373711E-02  0.1297682E-02  0.5889483E-06  0.0000000E+00  0.0000000E+00  0.0000000E+00
  4.08316  3.75000  3.42700  3.59474  0.2384312E-02  0.1300920E-02  0.7853854E-05  0.1634150E-05  0.2375871E-02  0.1299286E-02  0.5870179E-06  0.0000000E+00  0.0000000E+00  0.0000000E+00
  4.08404  3.75000  3.42800  3.59574  0.2386459E-02  0.1302522E-02  0.7842457E-05  0.1631927E-05  0.2378032E-02  0.1300890E-02  0.5850925E-06  0.0000000E+00  0.0000000E+00  0.0000000E+00
  4.08492  3.75000  3.42900  3.59674  0.2388607E-02  0.1304126E-02  0.7831078E-05  0.1629708E-05  0.2380193E-02  0.1302496E-02  0.5831720E-06  0.0000000E+00  0.0000000E+00  0.0000000E+00
  4.08580  3.75000  3.43000  3.59774  0.2390755E-02  0.1305730E-02  0.7819717E-05  0.1627492E-05  0.2382354E-02  0.1304103E-02  0.5812565E-06  0.0000000E+00  0.0000000E+00  0.0000000E+00
  4.08668  3.75000  3.43100  3.59874  0.2392904E-02  0.1307335E-02  0.7808375E-05  0.1625278E-05  0.2384516E-02  0.1305710E-02  0.5793459E-06  0.0000000E+00  0.0000000E+00  0.0000000E+00
  4.08756  3.75000  3.43200  3.59974  0.2395053E-02  0.1308942E-02  0.7797051E-05  0.1623068E-05  0.2386678E-02  0.1307319E-02  0.5774402E-06  0.0000000E+00  0.0000000E+00  0.0000000E+00
  4.08844  3.75000  3.43300  3.60074  0.2397203E-02  0.1310549E-02  0.7785745E-05  0.1620861E-05  0.2388841E-02  0.1308928E-02  0.5755395E-06  0.0000000E+00  0.0000000E+00  0.0000000E+00
  4.08932  3.75000  3.43400  3.60174  0.2399353E-02  0.1312157E-02  0.7774457E-05  0.1618657E-05  0.2391004E-02  0.1310538E-02  0.5736437E-06  0.0000000E+00  0.0000000E+00  0.0000000E+00
  4.09020  3.75000  3.43500  3.60274  0.2401503E-02  0.1313766E-02  0.7763187E-05  0.1616456E-05  0.2393168E-02  0.1312149E-02  0.5717528E-06  0.0000000E+00  0.0000000E+00  0.0000000E+00
  4.09108  3.75000  3.43600  3.60374  0.2403654E-02  0.1315376E-02  0.7751935E-05  0.1614258E-05  0.2395332E-02  0.1313761E-02  0.5698668E-06  0.0000000E+00  0.0000000E+00  0.0000000E+00
  4.09196  3.75000  3.43700  3.60474  0.2405805E-02  0.1316986E-02  0.7740701E-05  0.1612064E-05  0.2397496E-02  0.1315374E-02  0.5679857E-06  0.0000000E+00  0.0000000E+00  0.0000000E+00
  4.09284  3.75000  3.43800  3.60574  0.2407957E-02  0.1318598E-02  0.7729486E-05  0.1609872E-05  0.2399661E-02  0.1316988E-02  0.5661095E-06  0.0000000E+00  0.0000000E+00  0.0000000E+00
  4.09372  3.75000  3.43900  3.60674  0.2410109E-02  0.1320211E-02  0.7718288E-05  0.1607683E-05  0.2401827E-02  0.1318603E-02  0.5642382E-06  0.0000000E+00  0.0000000E+00  0.0000000E+00
  4.09461  3.75000  3.44000  3.60774  0.2412262E-02  0.1321824E-02  0.7707108E-05  0.1605498E-05  0.2403992E-02  0.1320219E-02  0.5623717E-06  0.0000000E+00  0.0000000E+00  0.0000000E+00
  4.09549  3.75000  3.44100  3.60874  0.2414415E-02  0.1323439E-02  0.7695946E-05  0.1603315E-05  0.2406158E-02  0.1321835E-02  0.5605101E-06  0.0000000E+00  0.0000000E+00  0.0000000E+00
  4.09637  3.75000  3.44200  3.60974  0.2416568E-02  0.1325054E-02  0.7684802E-05  0.1601136E-05  0.2408325E-02  0.1323453E-02  0.5586534E-06  0.0000000E+00  0.0000000E+00  0.0000000E+00
  4.09725  3.75000  3.44300  3.61074  0.2418722E-02  0.1326670E-02  0.7673675E-05  0.1598959E-05  0.2410492E-02  0.1325071E-02  0.5568015E-06  0.0000000E+00  0.0000000E+00  0.0000000E+00
  4.09813  3.75000  3.44400  3.61174  0.2420877E-02  0.1328287E-02  0.7662567E-05  0.1596786E-05  0.2412659E-02  0.1326691E-02  0.5549545E-06  0.0000000E+00  0.0000000E+00  0.0000000E+00
  4.09901  3.75000  3.44500  3.61274  0.2423032E-02  0.1329906E-02  0.7651476E-05  0.1594615E-05  0.2414827E-02  0.1328311E-02  0.5531123E-06  0.0000000E+00  0.0000000E+00  0.0000000E+00
  4.09989  3.75000  3.44600  3.61374  0.2425187E-02  0.1331525E-02  0.7640403E-05  0.1592448E-05  0.2416996E-02  0.1329932E-02  0.5512749E-06  0.0000000E+00  0.0000000E+00  0.0000000E+00
  4.10078  3.75000  3.44700  3.61474  0.2427343E-02  0.1333145E-02  0.7629348E-05  0.1590284E-05  0.2419164E-02  0.1331554E-02  0.5494424E-06  0.0000000E+00  0.0000000E+00  0.0000000E+00
  4.10166  3.75000  3.44800  3.61574  0.2429499E-02  0.1334766E-02  0.7618310E-05  0.1588122E-05  0.2421333E-02  0.1333177E-02  0.5476146E-06  0.0000000E+00  0.0000000E+00  0.0000000E+00
  4.10254  3.75000  3.44900  3.61674  0.2431656E-02  0.1336387E-02  0.7607290E-05  0.1585964E-05  0.2423503E-02  0.1334801E-02  0.5457917E-06  0.0000000E+00  0.0000000E+00  0.0000000E+00
  4.10342  3.75000  3.45000  3.61774  0.2433815E-02  0.1338011E-02  0.7596287E-05  0.1583809E-05  0.2425674E-02  0.1336427E-02  0.5439736E-06  0.0000000E+00  0.0000000E+00  0.0000000E+00
  4.10430  3.75000  3.45100  3.61874  0.2435977E-02  0.1339635E-02  0.7585303E-05  0.1581656E-05  0.2427849E-02  0.1338054E-02  0.5421602E-06  0.0000000E+00  0.0000000E+00  0.0000000E+00
  4.10518  3.75000  3.45200  3.61974  0.2438139E-02  0.1341261E-02  0.7574335E-05  0.1579507E-05  0.2430024E-02  0.1339681E-02  0.5403517E-06  0.0000000E+00  0.0000000E+00  0.0000000E+00
  4.10606  3.75000  3.45300  3.62074  0.2440301E-02  0.1342887E-02  0.7563385E-05  0.1577361E-05  0.2432199E-02  0.1341309E-02  0.5385479E-06  0.0000000E+00  0.0000000E+00  0.0000000E+00
  4.10695  3.75000  3.45400  3.62174  0.2442464E-02  0.1344514E-02  0.7552453E-05  0.1575217E-05  0.2434375E-02  0.1342938E-02  0.5367489E-06  0.0000000E+00  0.0000000E+00  0.0000000E+00
  4.10783  3.75000  3.45500  3.62274  0.2444629E-02  0.1346142E-02  0.7541538E-05  0.1573077E-05  0.2436552E-02  0.1344568E-02  0.5349547E-06  0.0000000E+00  0.0000000E+00  0.0000000E+00
  4.10871  3.75000  3.45600  3.62374  0.2446794E-02  0.1347770E-02  0.7530640E-05  0.1570939E-05  0.2438730E-02  0.1346199E-02  0.5331652E-06  0.0000000E+00  0.0000000E+00  0.0000000E+00
  4.10959  3.75000  3.45700  3.62474  0.2448960E-02  0.1349400E-02  0.7519760E-05  0.1568805E-05  0.2440909E-02  0.1347831E-02  0.5313804E-06  0.0000000E+00  0.0000000E+00  0.0000000E+00
  4.11047  3.75000  3.45800  3.62574  0.2451126E-02  0.1351031E-02  0.7508897E-05  0.1566674E-05  0.2443088E-02  0.1349464E-02  0.5296004E-06  0.0000000E+00  0.0000000E+00  0.0000000E+00
  4.11136  3.75000  3.45900  3.62674  0.2453293E-02  0.1352662E-02  0.7498051E-05  0.1564545E-05  0.2445267E-02  0.1351098E-02  0.5278252E-06  0.0000000E+00  0.0000000E+00  0.0000000E+00
  4.11224  3.75000  3.46000  3.62774  0.2455461E-02  0.1354295E-02  0.7487223E-05  0.1562420E-05  0.2447447E-02  0.1352732E-02  0.5260546E-06  0.0000000E+00  0.0000000E+00  0.0000000E+00
  4.11312  3.75000  3.46100  3.62874  0.2457629E-02  0.1355928E-02  0.7476412E-05  0.1560297E-05  0.2449628E-02  0.1354368E-02  0.5242888E-06  0.0000000E+00  0.0000000E+00  0.0000000E+00
  4.11400  3.75000  3.46200  3.62974  0.2459799E-02  0.1357564E-02  0.7465618E-05  0.1558177E-05  0.2451811E-02  0.1356006E-02  0.5225277E-06  0.0000000E+00  0.0000000E+00  0.0000000E+00
  4.11489  3.75000  3.46300  3.63074  0.2461968E-02  0.1359200E-02  0.7454841E-05  0.1556061E-05  0.2453993E-02  0.1357644E-02  0.5207712E-06  0.0000000E+00  0.0000000E+00  0.0000000E+00
  4.11577  3.75000  3.46400  3.63174  0.2464138E-02  0.1360836E-02  0.7444081E-05  0.1553947E-05  0.2456175E-02  0.1359282E-02  0.5190195E-06  0.0000000E+00  0.0000000E+00  0.0000000E+00
  4.11665  3.75000  3.46500  3.63274  0.2466308E-02  0.1362474E-02  0.7433339E-05  0.1551836E-05  0.2458358E-02  0.1360922E-02  0.5172725E-06  0.0000000E+00  0.0000000E+00  0.0000000E+00
  4.11753  3.75000  3.46600  3.63374  0.2468479E-02  0.1364113E-02  0.7422613E-05  0.1549728E-05  0.2460541E-02  0.1362563E-02  0.5155301E-06  0.0000000E+00  0.0000000E+00  0.0000000E+00
  4.11842  3.75000  3.46700  3.63474  0.2470650E-02  0.1365752E-02  0.7411905E-05  0.1547623E-05  0.2462724E-02  0.1364204E-02  0.5137924E-06  0.0000000E+00  0.0000000E+00  0.0000000E+00
  4.11930  3.75000  3.46800  3.63574  0.2472822E-02  0.1367392E-02  0.7401213E-05  0.1545521E-05  0.2464909E-02  0.1365847E-02  0.5120594E-06  0.0000000E+00  0.0000000E+00  0.0000000E+00
  4.12018  3.75000  3.46900  3.63674  0.2474994E-02  0.1369034E-02  0.7390539E-05  0.1543422E-05  0.2467093E-02  0.1367490E-02  0.5103310E-06  0.0000000E+00  0.0000000E+00  0.0000000E+00
  4.12106  3.75000  3.47000  3.63774  0.2477167E-02  0.1370676E-02  0.7379881E-05  0.1541326E-05  0.2469278E-02  0.1369135E-02  0.5086073E-06  0.0000000E+00  0.0000000E+00  0.0000000E+00
  4.12195  3.75000  3.47100  3.63874  0.2479340E-02  0.1372319E-02  0.7369241E-05  0.1539233E-05  0.2471464E-02  0.1370780E-02  0.5068882E-06  0.0000000E+00  0.0000000E+00  0.0000000E+00
  4.12283  3.75000  3.47200  3.63974  0.2481513E-02  0.1373963E-02  0.7358617E-05  0.1537142E-05  0.2473649E-02  0.1372426E-02  0.5051738E-06  0.0000000E+00  0.0000000E+00  0.0000000E+00
  4.12371  3.75000  3.47300  3.64074  0.2483687E-02  0.1375608E-02  0.7348010E-05  0.1535055E-05  0.2475836E-02  0.1374073E-02  0.5034640E-06  0.0000000E+00  0.0000000E+00  0.0000000E+00
  4.12459  3.75000  3.47400  3.64174  0.2485862E-02  0.1377254E-02  0.7337420E-05  0.1532970E-05  0.2478022E-02  0.1375721E-02  0.5017588E-06  0.0000000E+00  0.0000000E+00  0.0000000E+00
  4.12548  3.75000  3.47500  3.64274  0.2488036E-02  0.1378901E-02  0.7326847E-05  0.1530888E-05  0.2480210E-02  0.1377370E-02  0.5000582E-06  0.0000000E+00  0.0000000E+00  0.0000000E+00
  4.12636  3.75000  3.47600  3.64374  0.2490212E-02  0.1380549E-02  0.7316290E-05  0.1528809E-05  0.2482397E-02  0.1379020E-02  0.4983622E-06  0.0000000E+00  0.0000000E+00  0.0000000E+00
  4.12724  3.75000  3.47700  3.64474  0.2492387E-02  0.1382197E-02  0.7305750E-05  0.1526734E-05  0.2484585E-02  0.1380671E-02  0.4966708E-06  0.0000000E+00  0.0000000E+00  0.0000000E+00
  4.12813  3.75000  3.47800  3.64574  0.2494563E-02  0.1383847E-02  0.7295227E-05  0.1524660E-05  0.2486773E-02  0.1382322E-02  0.4949839E-06  0.0000000E+00  0.0000000E+00  0.0000000E+00
  4.12901  3.75000  3.47900  3.64674  0.2496740E-02  0.1385498E-02  0.7284721E-05  0.1522590E-05  0.2488962E-02  0.1383975E-02  0.4933017E-06  0.0000000E+00  0.0000000E+00  0.0000000E+00
  4.12989  3.75000  3.48000  3.64774  0.2498917E-02  0.1387149E-02  0.7274231E-05  0.1520523E-05  0.2491151E-02  0.1385628E-02  0.4916241E-06  0.0000000E+00  0.0000000E+00  0.0000000E+00
  4.13078  3.75000  3.48100  3.64874  0.2501094E-02  0.1388801E-02  0.7263758E-05  0.1518458E-05  0.2493341E-02  0.1387283E-02  0.4899510E-06  0.0000000E+00  0.0000000E+00  0.0000000E+00
  4.13166  3.75000  3.48200  3.64974  0.2503272E-02  0.1390454E-02  0.7253301E-05  0.1516397E-05  0.2495531E-02  0.1388938E-02  0.4882824E-06  0.0000000E+00  0.0000000E+00  0.0000000E+00
  4.13254  3.75000  3.48300  3.65074  0.2505450E-02  0.1392109E-02  0.7242861E-05  0.1514338E-05  0.2497721E-02  0.1390594E-02  0.4866184E-06  0.0000000E+00  0.0000000E+00  0.0000000E+00
  4.13343  3.75000  3.48400  3.65174  0.2507629E-02  0.1393764E-02  0.7232437E-05  0.1512282E-05  0.2499912E-02  0.1392251E-02  0.4849590E-06  0.0000000E+00  0.0000000E+00  0.0000000E+00
  4.13431  3.75000  3.48500  3.65274  0.2509808E-02  0.1395420E-02  0.7222030E-05  0.1510229E-05  0.2502103E-02  0.1393909E-02  0.4833040E-06  0.0000000E+00  0.0000000E+00  0.0000000E+00
  4.13519  3.75000  3.48600  3.65374  0.2511988E-02  0.1397076E-02  0.7211639E-05  0.1508179E-05  0.2504295E-02  0.1395568E-02  0.4816536E-06  0.0000000E+00  0.0000000E+00  0.0000000E+00
  4.13608  3.75000  3.48700  3.65474  0.2514168E-02  0.1398734E-02  0.7201265E-05  0.1506131E-05  0.2506487E-02  0.1397228E-02  0.4800078E-06  0.0000000E+00  0.0000000E+00  0.0000000E+00
  4.13696  3.75000  3.48800  3.65574  0.2516348E-02  0.1400393E-02  0.7190907E-05  0.1504086E-05  0.2508679E-02  0.1398889E-02  0.4783664E-06  0.0000000E+00  0.0000000E+00  0.0000000E+00
  4.13784  3.75000  3.48900  3.65674  0.2518529E-02  0.1402053E-02  0.7180565E-05  0.1502045E-05  0.2510872E-02  0.1400551E-02  0.4767295E-06  0.0000000E+00  0.0000000E+00  0.0000000E+00
  4.13873  3.75000  3.49000  3.65774  0.2520710E-02  0.1403713E-02  0.7170240E-05  0.1500006E-05  0.2513065E-02  0.1402213E-02  0.4750971E-06  0.0000000E+00  0.0000000E+00  0.0000000E+00
  4.13961  3.75000  3.49100  3.65874  0.2522892E-02  0.1405375E-02  0.7159931E-05  0.1497970E-05  0.2515259E-02  0.1403877E-02  0.4734693E-06  0.0000000E+00  0.0000000E+00  0.0000000E+00
  4.14050  3.75000  3.49200  3.65974  0.2525075E-02  0.1407037E-02  0.7149638E-05  0.1495936E-05  0.2517453E-02  0.1405542E-02  0.4718459E-06  0.0000000E+00  0.0000000E+00  0.0000000E+00
  4.14138  3.75000  3.49300  3.66074  0.2527257E-02  0.1408701E-02  0.7139362E-05  0.1493906E-05  0.2519648E-02  0.1407207E-02  0.4702269E-06  0.0000000E+00  0.0000000E+00  0.0000000E+00
  4.14226  3.75000  3.49400  3.66174  0.2529440E-02  0.1410365E-02  0.7129102E-05  0.1491878E-05  0.2521843E-02  0.1408874E-02  0.4686124E-06  0.0000000E+00  0.0000000E+00  0.0000000E+00
  4.14315  3.75000  3.49500  3.66274  0.2531624E-02  0.1412031E-02  0.7118857E-05  0.1489853E-05  0.2524038E-02  0.1410541E-02  0.4670024E-06  0.0000000E+00  0.0000000E+00  0.0000000E+00
  4.14403  3.75000  3.49600  3.66374  0.2533808E-02  0.1413697E-02  0.7108629E-05  0.1487831E-05  0.2526234E-02  0.1412209E-02  0.4653968E-06  0.0000000E+00  0.0000000E+00  0.0000000E+00
  4.14492  3.75000  3.49700  3.66474  0.2535993E-02  0.1415364E-02  0.7098418E-05  0.1485811E-05  0.2528430E-02  0.1413879E-02  0.4637957E-06  0.0000000E+00  0.0000000E+00  0.0000000E+00
  4.14580  3.75000  3.49800  3.66574  0.2538180E-02  0.1417034E-02  0.7088222E-05  0.1483795E-05  0.2530630E-02  0.1415550E-02  0.4621990E-06  0.0000000E+00  0.0000000E+00  0.0000000E+00
  4.14668  3.75000  3.49900  3.66674  0.2540370E-02  0.1418703E-02  0.7078042E-05  0.1481781E-05  0.2532831E-02  0.1417222E-02  0.4606067E-06  0.0000000E+00  0.0000000E+00  0.0000000E+00
  4.14757  3.75000  3.50000  3.66774  0.2542559E-02  0.1420374E-02  0.7067878E-05  0.1479770E-05  0.2535032E-02  0.1418894E-02  0.4590189E-06  0.0000000E+00  0.0000000E+00  0.0000000E+00
