    0  0.3274507E-08  0.1438269E-06  0.0000000E+00  0.0000000E+00
    1  0.1107837E-06  0.1392987E-03  0.0000000E+00  0.0000000E+00
    2  0.3161260E-05  0.1755826E+01  0.0000000E+00  0.0000000E+00
    3  0.9407477E-02  0.4419669E+00  0.0000000E+00  0.0000000E+00
    4  0.1021112E-01  0.3582226E-01  0.2989855E-02  0.3835824E-02
    5  0.1194608E-01  0.3394468E-01  0.6616142E-02  0.8740010E-02
    6  0.8930015E-02  0.2149984E-01  0.8385540E-02  0.1155987E-01
    7  0.9202559E-02  0.1982679E-01  0.8905534E-02  0.1302308E-01
    8  0.8388842E-02  0.1658914E-01  0.8267230E-02  0.1307946E-01
    9  0.6942849E-02  0.1371527E-01  0.6916344E-02  0.1213753E-01
   10  0.9380848E-09  0.1185100E-06  0.0000000E+00  0.0000000E+00
   11  0.3146320E-07  0.7495646E-04  0.0000000E+00  0.0000000E+00
   12  0.1024411E-05  0.4458337E+00  0.0000000E+00  0.0000000E+00
   13  0.2015822E-01  0.1721021E+01  0.0000000E+00  0.0000000E+00
   14  0.1009370E-01  0.3115054E-01  0.3051890E-02  0.3984223E-02
   15  0.1294647E-01  0.3641906E-01  0.7314658E-02  0.9786270E-02
   16  0.1010966E-01  0.2607821E-01  0.9750626E-02  0.1342012E-01
   17  0.1125314E-01  0.2520973E-01  0.1115121E-01  0.1590750E-01
   18  0.1143843E-01  0.2208969E-01  0.1139420E-01  0.1699479E-01
   19  0.1066163E-01  0.1918736E-01  0.1065134E-01  0.1679076E-01
   20  0.9281252E-02  0.1680102E-01  0.9279973E-02  0.1567686E-01
   21  0.7642483E-02  0.1453477E-01  0.7642398E-02  0.1408533E-01
   22  0.8076678E-09  0.7691748E-07  0.0000000E+00  0.0000000E+00
   23  0.2789512E-07  0.2201545E-01  0.0000000E+00  0.0000000E+00
   24  0.6276696E-06  0.9788272E-01  0.0000000E+00  0.0000000E+00
   25  0.6966185E-02  0.5529657E+01  0.0000000E+00  0.0000000E+00
   26  0.1288376E-01  0.2697214E-01  0.2993108E-02  0.3613684E-02
   27  0.1216115E-01  0.3560242E-01  0.7715537E-02  0.9568560E-02
   28  0.1091110E-01  0.2699469E-01  0.1054892E-01  0.1341381E-01
   29  0.1262469E-01  0.2706507E-01  0.1254072E-01  0.1642428E-01
   30  0.1353598E-01  0.2466295E-01  0.1350085E-01  0.1830877E-01
   31  0.1344085E-01  0.2220506E-01  0.1343292E-01  0.1898094E-01
   32  0.1252839E-01  0.2016898E-01  0.1252743E-01  0.1858865E-01
   33  0.1107380E-01  0.1807578E-01  0.1107374E-01  0.1742868E-01
   34  0.9359412E-02  0.1602053E-01  0.9359410E-02  0.1582613E-01
   35  0.7611774E-02  0.1409141E-01  0.7611774E-02  0.1405020E-01
   36  0.3180883E-09  0.1286568E-07  0.0000000E+00  0.0000000E+00
   37  0.1504059E-07  0.1305468E-01  0.0000000E+00  0.0000000E+00
   38  0.3714270E-06  0.3926795E-02  0.0000000E+00  0.0000000E+00
   39  0.7295749E-05  0.3013873E+02  0.0000000E+00  0.0000000E+00
   40  0.1615095E-01  0.9460244E-02  0.2249194E-02  0.2006504E-02
   41  0.8300299E-02  0.1927057E-01  0.7203279E-02  0.6634063E-02
   42  0.1124432E-01  0.1885098E-01  0.1089207E-01  0.1022543E-01
   43  0.1392002E-01  0.2148725E-01  0.1372990E-01  0.1317620E-01
   44  0.1604904E-01  0.2269960E-01  0.1595596E-01  0.1573022E-01
   45  0.1745319E-01  0.2252726E-01  0.1742933E-01  0.1774760E-01
   46  0.1807777E-01  0.2192290E-01  0.1807458E-01  0.1911502E-01
   47  0.1790388E-01  0.2104436E-01  0.1790366E-01  0.1976840E-01
   48  0.1700243E-01  0.2012775E-01  0.1700242E-01  0.1971339E-01
   49  0.1553032E-01  0.1912582E-01  0.1553032E-01  0.1903205E-01
   50  0.1724375E-08  0.1583247E-06  0.0000000E+00  0.0000000E+00
   51  0.5260767E-07  0.4448245E-04  0.0000000E+00  0.0000000E+00
   52  0.1358586E-05  0.1385482E+01  0.0000000E+00  0.0000000E+00
   53  0.2166831E-01  0.5676121E+00  0.0000000E+00  0.0000000E+00
   54  0.8033684E-02  0.2914982E-01  0.3868742E-02  0.4623517E-02
   55  0.1146518E-01  0.3256230E-01  0.8401998E-02  0.1024760E-01
   56  0.1140457E-01  0.2672312E-01  0.1119062E-01  0.1392536E-01
   57  0.1325867E-01  0.2683512E-01  0.1317721E-01  0.1679117E-01
   58  0.1425580E-01  0.2455969E-01  0.1422489E-01  0.1863672E-01
   59  0.1436448E-01  0.2255950E-01  0.1435819E-01  0.1942779E-01
   60  0.1374056E-01  0.2086568E-01  0.1373988E-01  0.1929938E-01
   61  0.1259966E-01  0.1911544E-01  0.1259962E-01  0.1848535E-01
   62  0.1116470E-01  0.1742185E-01  0.1116469E-01  0.1723793E-01
   63  0.9628173E-02  0.1581148E-01  0.9628173E-02  0.1577356E-01
   64  0.8117826E-02  0.1425582E-01  0.8117826E-02  0.1425032E-01
   65  0.6725042E-02  0.1277035E-01  0.6725042E-02  0.1276979E-01
   66  0.5481564E-02  0.1138765E-01  0.5481564E-02  0.1138761E-01
   67  0.4420790E-02  0.1012952E-01  0.4420790E-02  0.1012952E-01
   68  0.3538078E-02  0.9001115E-02  0.3538078E-02  0.9001115E-02
   69  0.2805172E-02  0.7996326E-02  0.2805172E-02  0.7996326E-02
   70  0.2248217E-02  0.7106975E-02  0.2248217E-02  0.7106975E-02
   71  0.1838642E-02  0.6320232E-02  0.1838642E-02  0.6320232E-02
   72  0.1564212E-02  0.5623938E-02  0.1564212E-02  0.5623938E-02
   73  0.1368652E-02  0.5003796E-02  0.1368652E-02  0.5003796E-02
   74  0.1192802E-08  0.5400817E-07  0.0000000E+00  0.0000000E+00
   75  0.4300772E-07  0.3319542E-01  0.0000000E+00  0.0000000E+00
   76  0.8497981E-06  0.9071970E-01  0.0000000E+00  0.0000000E+00
   77  0.2780070E-02  0.6315893E+01  0.0000000E+00  0.0000000E+00
   78  0.1539554E-01  0.1787492E-01  0.3444403E-02  0.3392144E-02
   79  0.9889746E-02  0.2421304E-01  0.8497941E-02  0.8530571E-02
   80  0.1189248E-01  0.2175189E-01  0.1162417E-01  0.1182954E-01
   81  0.1436289E-01  0.2376218E-01  0.1421117E-01  0.1470172E-01
   82  0.1617747E-01  0.2362772E-01  0.1611345E-01  0.1700745E-01
   83  0.1726617E-01  0.2285235E-01  0.1725183E-01  0.1865362E-01
   84  0.1763431E-01  0.2193919E-01  0.1763260E-01  0.1960589E-01
   85  0.1732513E-01  0.2089280E-01  0.1732502E-01  0.1989134E-01
   86  0.1645346E-01  0.1990032E-01  0.1645346E-01  0.1959218E-01
   87  0.1517287E-01  0.1889610E-01  0.1517287E-01  0.1882950E-01
   88  0.1365169E-01  0.1775115E-01  0.1365169E-01  0.1774107E-01
   89  0.1201930E-01  0.1645827E-01  0.1201930E-01  0.1645720E-01
   90  0.1039704E-01  0.1508802E-01  0.1039704E-01  0.1508794E-01
   91  0.8866186E-02  0.1371485E-01  0.8866186E-02  0.1371484E-01
   92  0.7477326E-02  0.1239214E-01  0.7477326E-02  0.1239214E-01
   93  0.6279902E-02  0.1115368E-01  0.6279902E-02  0.1115368E-01
   94  0.5239408E-02  0.1001061E-01  0.5239408E-02  0.1001061E-01
   95  0.4406271E-02  0.8972813E-02  0.4406271E-02  0.8972813E-02
   96  0.3708688E-02  0.8030273E-02  0.3708688E-02  0.8030273E-02
   97  0.3163498E-02  0.7180597E-02  0.3163498E-02  0.7180597E-02
   98  0.4234212E-11  0.5090619E-09  0.0000000E+00  0.0000000E+00
   99  0.3455030E-09  0.1306545E-07  0.0000000E+00  0.0000000E+00
  100  0.1448525E-07  0.2386322E-04  0.0000000E+00  0.0000000E+00
  101  0.3195319E-06  0.4170787E+00  0.0000000E+00  0.0000000E+00
  102  0.1405709E-01  0.1197319E+01  0.0000000E+00  0.0000000E+00
  103  0.3988548E-02  0.2128050E-02  0.3195236E-02  0.1752765E-02
  104  0.6574282E-02  0.4260800E-02  0.6415208E-02  0.3517977E-02
  105  0.8840207E-02  0.6209167E-02  0.8750869E-02  0.4788970E-02
  106  0.1125329E-01  0.8547812E-02  0.1118685E-01  0.6118947E-02
  107  0.1364240E-01  0.1042688E-01  0.1361607E-01  0.7476303E-02
  108  0.1595651E-01  0.1134624E-01  0.1595114E-01  0.8830425E-02
  109  0.1810900E-01  0.1164197E-01  0.1810844E-01  0.1015210E-01
  110  0.1997399E-01  0.1201854E-01  0.1997396E-01  0.1140998E-01
  111  0.2149133E-01  0.1274231E-01  0.2149133E-01  0.1257129E-01
  112  0.2255103E-01  0.1362772E-01  0.2255103E-01  0.1359468E-01
  113  0.2313692E-01  0.1444419E-01  0.2313692E-01  0.1443980E-01
  114  0.2317186E-01  0.1506129E-01  0.2317186E-01  0.1506089E-01
  115  0.2271013E-01  0.1542938E-01  0.2271013E-01  0.1542935E-01
  116  0.2174024E-01  0.1552266E-01  0.2174024E-01  0.1552266E-01
  117  0.2039843E-01  0.1535187E-01  0.2039843E-01  0.1535187E-01
  118  0.1876693E-01  0.1494055E-01  0.1876693E-01  0.1494055E-01
  119  0.1696609E-01  0.1433121E-01  0.1696609E-01  0.1433121E-01
  120  0.1511344E-01  0.1357470E-01  0.1511344E-01  0.1357470E-01
  121  0.1331056E-01  0.1272209E-01  0.1331056E-01  0.1272209E-01
  122  0.1163515E-01  0.1181846E-01  0.1163515E-01  0.1181846E-01
  123  0.1013889E-01  0.1089991E-01  0.1013889E-01  0.1089991E-01
  124  0.8849419E-02  0.9993002E-02  0.8849419E-02  0.9993002E-02
  125  0.9126861E-02  0.1686822E-01  0.9120730E-02  0.1527806E-01
  126  0.7803090E-02  0.1485461E-01  0.7802537E-02  0.1412181E-01
  127  0.6428697E-02  0.1302548E-01  0.6428670E-02  0.1275586E-01
  128  0.5147563E-02  0.1145491E-01  0.5147563E-02  0.1138304E-01
  129  0.4021979E-02  0.1011788E-01  0.4021979E-02  0.1010430E-01
  130  0.3070814E-02  0.8960231E-02  0.3070814E-02  0.8958418E-02
  131  0.2289529E-02  0.7951472E-02  0.2289529E-02  0.7951301E-02
  132  0.1671011E-02  0.7073866E-02  0.1671011E-02  0.7073855E-02
  133  0.1188437E-02  0.6310953E-02  0.1188437E-02  0.6310953E-02
  134  0.8309344E-03  0.5646817E-02  0.8309344E-03  0.5646817E-02
  135  0.5853734E-03  0.5066677E-02  0.5853734E-03  0.5066677E-02
  136  0.4410896E-03  0.4557623E-02  0.4410896E-03  0.4557623E-02
  137  0.2314331E-08  0.8973954E-07  0.0000000E+00  0.0000000E+00
  138  0.7508345E-07  0.9188929E-05  0.0000000E+00  0.0000000E+00
  139  0.1379082E-05  0.7592142E+00  0.0000000E+00  0.0000000E+00
  140  0.2780691E-01  0.1023303E+01  0.0000000E+00  0.0000000E+00
  141  0.6823771E-02  0.1590618E-01  0.4242530E-02  0.4027353E-02
  142  0.9996901E-02  0.2119553E-01  0.9068490E-02  0.8713237E-02
  143  0.1237346E-01  0.2047174E-01  0.1213787E-01  0.1176468E-01
  144  0.1485626E-01  0.2254752E-01  0.1470519E-01  0.1441496E-01
  145  0.1670938E-01  0.2265714E-01  0.1665055E-01  0.1656547E-01
  146  0.1792342E-01  0.2216461E-01  0.1791123E-01  0.1815554E-01
  147  0.1849354E-01  0.2138410E-01  0.1849219E-01  0.1916445E-01
  148  0.1844133E-01  0.2053318E-01  0.1844125E-01  0.1961040E-01
  149  0.1784970E-01  0.1982113E-01  0.1784969E-01  0.1954802E-01
  150  0.1683659E-01  0.1911783E-01  0.1683659E-01  0.1906103E-01
  151  0.1553246E-01  0.1825847E-01  0.1553246E-01  0.1825019E-01
  152  0.1406324E-01  0.1721973E-01  0.1406324E-01  0.1721888E-01
  153  0.1253798E-01  0.1606082E-01  0.1253798E-01  0.1606076E-01
  154  0.1104229E-01  0.1485210E-01  0.1104229E-01  0.1485210E-01
  155  0.9659861E-02  0.1365197E-01  0.9659861E-02  0.1365197E-01
  156  0.8387297E-02  0.1249351E-01  0.8387297E-02  0.1249351E-01
  157  0.7264972E-02  0.1140173E-01  0.7264972E-02  0.1140173E-01
  158  0.6300335E-02  0.1038822E-01  0.6300335E-02  0.1038822E-01
  159  0.5491865E-02  0.9456818E-02  0.5491865E-02  0.9456818E-02
  160  0.4832605E-02  0.8606396E-02  0.4832605E-02  0.8606396E-02
  161  0.4362176E-02  0.7841082E-02  0.4362176E-02  0.7841082E-02
  162  0.3975425E-02  0.7139228E-02  0.3975425E-02  0.7139228E-02
  163  0.3707259E-02  0.6502650E-02  0.3707259E-02  0.6502650E-02
  164  0.3548330E-02  0.5925134E-02  0.3548330E-02  0.5925134E-02
  165  0.3550985E-02  0.5412169E-02  0.3550985E-02  0.5412169E-02
  166  0.3589762E-02  0.4934782E-02  0.3589762E-02  0.4934782E-02
  167  0.3717530E-02  0.4500158E-02  0.3717530E-02  0.4500158E-02
  168  0.3930358E-02  0.4103835E-02  0.3930358E-02  0.4103835E-02
  169  0.2983407E-08  0.9281318E-07  0.0000000E+00  0.0000000E+00
  170  0.8860972E-07  0.1222500E-03  0.0000000E+00  0.0000000E+00
  171  0.1579073E-05  0.2043710E+02  0.0000000E+00  0.0000000E+00
  172  0.1760345E-02  0.3913434E-02  0.1390947E-02  0.8273792E-03
  173  0.5250208E-02  0.3957194E-02  0.4955652E-02  0.2966167E-02
  174  0.8230757E-02  0.6115816E-02  0.8061069E-02  0.4799041E-02
  175  0.1068688E-01  0.8499681E-02  0.1056722E-01  0.6252880E-02
  176  0.1310383E-01  0.1091791E-01  0.1303233E-01  0.7691564E-02
  177  0.1539939E-01  0.1245788E-01  0.1537695E-01  0.9086192E-02
  178  0.1753422E-01  0.1293284E-01  0.1753054E-01  0.1041190E-01
  179  0.1940119E-01  0.1296868E-01  0.1940088E-01  0.1164453E-01
  180  0.2094893E-01  0.1324484E-01  0.2094892E-01  0.1276067E-01
  181  0.2209009E-01  0.1385473E-01  0.2209009E-01  0.1373183E-01
  182  0.2282112E-01  0.1455334E-01  0.2282112E-01  0.1453170E-01
  183  0.2307824E-01  0.1513257E-01  0.2307824E-01  0.1512993E-01
  184  0.2291170E-01  0.1550980E-01  0.2291170E-01  0.1550957E-01
  185  0.2229729E-01  0.1565534E-01  0.2229729E-01  0.1565532E-01
  186  0.2134562E-01  0.1557751E-01  0.2134562E-01  0.1557751E-01
  187  0.2010864E-01  0.1529316E-01  0.2010864E-01  0.1529316E-01
  188  0.1862372E-01  0.1482364E-01  0.1862372E-01  0.1482364E-01
  189  0.1706658E-01  0.1422155E-01  0.1706658E-01  0.1422155E-01
  190  0.1548412E-01  0.1352156E-01  0.1548412E-01  0.1352156E-01
  191  0.1394860E-01  0.1276217E-01  0.1394860E-01  0.1276217E-01
  192  0.1245011E-01  0.1195469E-01  0.1245011E-01  0.1195469E-01
  193  0.1114827E-01  0.1115987E-01  0.1114827E-01  0.1115987E-01
  194  0.1000987E-01  0.1038190E-01  0.1000987E-01  0.1038190E-01
  195  0.9044500E-02  0.9633721E-02  0.9044500E-02  0.9633721E-02
  196  0.8251947E-02  0.8923139E-02  0.8251947E-02  0.8923139E-02
  197  0.7625589E-02  0.8253993E-02  0.7625589E-02  0.8253993E-02
  198  0.7155446E-02  0.7627301E-02  0.7155446E-02  0.7627301E-02
  199  0.6830549E-02  0.7042233E-02  0.6830549E-02  0.7042233E-02
  200  0.6640558E-02  0.6496875E-02  0.6640558E-02  0.6496875E-02
  201  0.6576704E-02  0.5988779E-02  0.6576704E-02  0.5988779E-02
  202  0.6632185E-02  0.5515312E-02  0.6632185E-02  0.5515312E-02
  203  0.4596208E-12  0.2218163E-09  0.0000000E+00  0.0000000E+00
  204  0.3429034E-10  0.5332543E-08  0.0000000E+00  0.0000000E+00
  205  0.1299748E-08  0.8539135E-03  0.0000000E+00  0.0000000E+00
  206  0.2851949E-07  0.1893707E+02  0.0000000E+00  0.0000000E+00
  207  0.5882491E-03  0.1210256E-02  0.5827830E-03  0.2182483E-03
  208  0.1926483E-02  0.7573167E-03  0.1919009E-02  0.7160947E-03
  209  0.3104977E-02  0.1292566E-02  0.3100241E-02  0.1151728E-02
  210  0.4233738E-02  0.1909083E-02  0.4229810E-02  0.1567830E-02
  211  0.5556725E-02  0.2624982E-02  0.5554182E-02  0.2057482E-02
  212  0.7053095E-02  0.3265520E-02  0.7052255E-02  0.2620646E-02
  213  0.8708373E-02  0.3753198E-02  0.8708232E-02  0.3252564E-02
  214  0.1048773E-01  0.4209403E-02  0.1048771E-01  0.3943925E-02
  215  0.1234625E-01  0.4778518E-02  0.1234625E-01  0.4682366E-02
  216  0.1424683E-01  0.5478593E-02  0.1424683E-01  0.5454808E-02
  217  0.1610310E-01  0.6249757E-02  0.1610310E-01  0.6245739E-02
  218  0.1787169E-01  0.7042112E-02  0.1787169E-01  0.7041649E-02
  219  0.1949066E-01  0.7827537E-02  0.1949066E-01  0.7827501E-02
  220  0.2091997E-01  0.8588346E-02  0.2091997E-01  0.8588344E-02
  221  0.2205354E-01  0.9300832E-02  0.2205354E-01  0.9300831E-02
  222  0.2289631E-01  0.9949129E-02  0.2289631E-01  0.9949129E-02
  223  0.2332997E-01  0.1050039E-01  0.2332997E-01  0.1050039E-01
  224  0.2337221E-01  0.1093725E-01  0.2337221E-01  0.1093725E-01
  225  0.2305620E-01  0.1124695E-01  0.2305620E-01  0.1124695E-01
  226  0.2232445E-01  0.1140465E-01  0.2232445E-01  0.1140465E-01
  227  0.2131467E-01  0.1142445E-01  0.2131467E-01  0.1142445E-01
  228  0.2006171E-01  0.1130977E-01  0.2006171E-01  0.1130977E-01
  229  0.1857151E-01  0.1105079E-01  0.1857151E-01  0.1105079E-01
  230  0.1706877E-01  0.1070947E-01  0.1706877E-01  0.1070947E-01
  231  0.1557903E-01  0.1029531E-01  0.1557903E-01  0.1029531E-01
  232  0.1409404E-01  0.9791914E-02  0.1409404E-01  0.9791914E-02
  233  0.1282020E-01  0.9285851E-02  0.1282020E-01  0.9285851E-02
  234  0.1172496E-01  0.8766780E-02  0.1172496E-01  0.8766780E-02
  235  0.1082812E-01  0.8247664E-02  0.1082812E-01  0.8247664E-02
  236  0.1013502E-01  0.7737091E-02  0.1013502E-01  0.7737091E-02
  237  0.9640987E-02  0.7240058E-02  0.9640987E-02  0.7240058E-02
  238  0.9335727E-02  0.6759102E-02  0.9335727E-02  0.6759102E-02
  239  0.9207029E-02  0.6295393E-02  0.9207029E-02  0.6295393E-02
  240  0.8925436E-09  0.1133693E-06  0.0000000E+00  0.0000000E+00
  241  0.2931840E-07  0.2451698E-03  0.0000000E+00  0.0000000E+00
  242  0.8590289E-06  0.3124177E+00  0.0000000E+00  0.0000000E+00
  243  0.1724254E-01  0.2473850E+01  0.0000000E+00  0.0000000E+00
  244  0.1070434E-01  0.2948102E-01  0.3044026E-02  0.3887046E-02
  245  0.1277624E-01  0.3661958E-01  0.7514850E-02  0.9791620E-02
  246  0.1055578E-01  0.2694012E-01  0.1020162E-01  0.1357006E-01
  247  0.1210992E-01  0.2664317E-01  0.1202935E-01  0.1640576E-01
  248  0.1290669E-01  0.2405760E-01  0.1287272E-01  0.1808018E-01
  249  0.1282042E-01  0.2164433E-01  0.1281268E-01  0.1862274E-01
  250  0.1207672E-01  0.1977327E-01  0.1207578E-01  0.1826472E-01
  251  0.1092869E-01  0.1794800E-01  0.1092863E-01  0.1731044E-01
  252  0.9595721E-02  0.1623337E-01  0.9595719E-02  0.1603405E-01
  253  0.8234576E-02  0.1468105E-01  0.8234576E-02  0.1463674E-01
  254  0.6947723E-02  0.1325337E-01  0.6947723E-02  0.1324642E-01
  255  0.5786610E-02  0.1193471E-01  0.5786610E-02  0.1193394E-01
  256  0.4774512E-02  0.1073225E-01  0.4774512E-02  0.1073219E-01
  257  0.3905719E-02  0.9650575E-02  0.3905719E-02  0.9650571E-02
  258  0.3195031E-02  0.8687120E-02  0.3195031E-02  0.8687119E-02
  259  0.2626268E-02  0.7832753E-02  0.2626268E-02  0.7832753E-02
  260  0.2189674E-02  0.7076361E-02  0.2189674E-02  0.7076361E-02
  261  0.1843830E-02  0.6404613E-02  0.1843830E-02  0.6404613E-02
  262  0.1635935E-02  0.5809864E-02  0.1635935E-02  0.5809864E-02
  263  0.1531694E-02  0.5281158E-02  0.1531694E-02  0.5281158E-02
  264  0.1473796E-02  0.4806547E-02  0.1473796E-02  0.4806547E-02
  265  0.1547017E-02  0.4384825E-02  0.1547017E-02  0.4384825E-02
  266  0.1642808E-02  0.4002729E-02  0.1642808E-02  0.4002729E-02
  267  0.1869668E-02  0.3658538E-02  0.1869668E-02  0.3658538E-02
  268  0.2172746E-02  0.3275622E-02  0.2172746E-02  0.3275622E-02
  269  0.2573413E-02  0.2940500E-02  0.2573413E-02  0.2940500E-02
  270  0.1513456E-09  0.6097605E-08  0.0000000E+00  0.0000000E+00
  271  0.7683004E-08  0.9624065E-06  0.0000000E+00  0.0000000E+00
  272  0.2067287E-06  0.1305152E-01  0.0000000E+00  0.0000000E+00
  273  0.3434819E-05  0.2077488E+02  0.0000000E+00  0.0000000E+00
  274  0.3871699E-02  0.9313156E-02  0.1534620E-02  0.1165980E-02
  275  0.6580358E-02  0.1002652E-01  0.5958774E-02  0.4613812E-02
  276  0.1020394E-01  0.1212276E-01  0.9865356E-02  0.7630532E-02
  277  0.1295172E-01  0.1470319E-01  0.1273862E-01  0.9841090E-02
  278  0.1543115E-01  0.1720192E-01  0.1530541E-01  0.1184368E-01
  279  0.1750833E-01  0.1836409E-01  0.1746867E-01  0.1360027E-01
  280  0.1918533E-01  0.1844745E-01  0.1917870E-01  0.1508351E-01
  281  0.2038627E-01  0.1803332E-01  0.2038568E-01  0.1627079E-01
  282  0.2108865E-01  0.1780190E-01  0.2108863E-01  0.1714509E-01
  283  0.2129082E-01  0.1786819E-01  0.2129082E-01  0.1769642E-01
  284  0.2102684E-01  0.1795879E-01  0.2102684E-01  0.1792735E-01
  285  0.2033494E-01  0.1785834E-01  0.2033494E-01  0.1785432E-01
  286  0.1932651E-01  0.1751479E-01  0.1932651E-01  0.1751443E-01
  287  0.1807616E-01  0.1695348E-01  0.1807616E-01  0.1695346E-01
  288  0.1667560E-01  0.1622497E-01  0.1667560E-01  0.1622497E-01
  289  0.1517706E-01  0.1537738E-01  0.1517706E-01  0.1537738E-01
  290  0.1371283E-01  0.1446756E-01  0.1371283E-01  0.1446756E-01
  291  0.1231350E-01  0.1353238E-01  0.1231350E-01  0.1353238E-01
  292  0.1102043E-01  0.1260295E-01  0.1102043E-01  0.1260295E-01
  293  0.9860154E-02  0.1170147E-01  0.9860154E-02  0.1170147E-01
  294  0.8846763E-02  0.1084251E-01  0.8846763E-02  0.1084251E-01
  295  0.7984789E-02  0.1003456E-01  0.7984789E-02  0.1003456E-01
  296  0.7272000E-02  0.9281569E-02  0.7272000E-02  0.9281569E-02
  297  0.6701903E-02  0.8584278E-02  0.6701903E-02  0.8584278E-02
  298  0.6265784E-02  0.7941291E-02  0.6265784E-02  0.7941291E-02
  299  0.5954252E-02  0.7349880E-02  0.5954252E-02  0.7349880E-02
  300  0.5758302E-02  0.6806567E-02  0.5758302E-02  0.6806567E-02
  301  0.5609111E-02  0.6278101E-02  0.5609111E-02  0.6278101E-02
  302  0.5623890E-02  0.5818160E-02  0.5623890E-02  0.5818160E-02
  303  0.5735286E-02  0.5395493E-02  0.5735286E-02  0.5395493E-02
  304  0.5939385E-02  0.5006636E-02  0.5939385E-02  0.5006636E-02
  305  0.6233437E-02  0.4648412E-02  0.6233437E-02  0.4648412E-02
  306  0.6615625E-02  0.4317969E-02  0.6615625E-02  0.4317969E-02
  307  0.7084797E-02  0.4012799E-02  0.7084797E-02  0.4012799E-02
  308  0.7640181E-02  0.3730735E-02  0.7640181E-02  0.3730735E-02
  309  0.8281096E-02  0.3469948E-02  0.8281096E-02  0.3469948E-02
  310  0.7355659E-11  0.6763292E-09  0.0000000E+00  0.0000000E+00
  311  0.5389213E-09  0.1652479E-07  0.0000000E+00  0.0000000E+00
  312  0.2070690E-07  0.3548650E-03  0.0000000E+00  0.0000000E+00
  313  0.4247239E-06  0.1704461E+00  0.0000000E+00  0.0000000E+00
  314  0.7678362E-02  0.2885077E+01  0.0000000E+00  0.0000000E+00
  315  0.7357102E-02  0.2497149E-02  0.3205068E-02  0.1875834E-02
  316  0.6983392E-02  0.4938088E-02  0.6753215E-02  0.3931068E-02
  317  0.9247633E-02  0.6860079E-02  0.9132189E-02  0.5270029E-02
  318  0.1161513E-01  0.9235925E-02  0.1152838E-01  0.6605780E-02
  319  0.1390763E-01  0.1111842E-01  0.1387122E-01  0.7912265E-02
  320  0.1608038E-01  0.1197546E-01  0.1607236E-01  0.9166701E-02
  321  0.1807440E-01  0.1208885E-01  0.1807347E-01  0.1034988E-01
  322  0.1982576E-01  0.1219662E-01  0.1982570E-01  0.1144395E-01
  323  0.2125361E-01  0.1265563E-01  0.2125361E-01  0.1242878E-01
  324  0.2234196E-01  0.1333252E-01  0.2234196E-01  0.1328495E-01
  325  0.2302490E-01  0.1399545E-01  0.2302490E-01  0.1398852E-01
  326  0.2332701E-01  0.1452293E-01  0.2332701E-01  0.1452222E-01
  327  0.2320377E-01  0.1486656E-01  0.2320377E-01  0.1486651E-01
  328  0.2273250E-01  0.1501968E-01  0.2273250E-01  0.1501968E-01
  329  0.2189675E-01  0.1497800E-01  0.2189675E-01  0.1497800E-01
  330  0.2082265E-01  0.1476402E-01  0.2082265E-01  0.1476402E-01
  331  0.1955574E-01  0.1439889E-01  0.1955574E-01  0.1439889E-01
  332  0.1811124E-01  0.1389840E-01  0.1811124E-01  0.1389840E-01
  333  0.1666530E-01  0.1331546E-01  0.1666530E-01  0.1331546E-01
  334  0.1523887E-01  0.1267395E-01  0.1523887E-01  0.1267395E-01
  335  0.1381159E-01  0.1197653E-01  0.1381159E-01  0.1197653E-01
  336  0.1255397E-01  0.1128570E-01  0.1255397E-01  0.1128570E-01
  337  0.1143387E-01  0.1060391E-01  0.1143387E-01  0.1060391E-01
  338  0.1039450E-01  0.9911735E-02  0.1039450E-01  0.9911735E-02
  339  0.9578504E-02  0.9272538E-02  0.9578504E-02  0.9272538E-02
  340  0.8919558E-02  0.8668362E-02  0.8919558E-02  0.8668362E-02
  341  0.8411496E-02  0.8102214E-02  0.8411496E-02  0.8102214E-02
  342  0.8045555E-02  0.7575134E-02  0.8045555E-02  0.7575134E-02
  343  0.7747892E-02  0.7034904E-02  0.7747892E-02  0.7034904E-02
  344  0.7641511E-02  0.6572667E-02  0.7641511E-02  0.6572667E-02
  345  0.7652184E-02  0.6143717E-02  0.7652184E-02  0.6143717E-02
  346  0.8887547E-13  0.1913632E-09  0.0000000E+00  0.0000000E+00
  347  0.4535320E-11  0.1263012E-07  0.0000000E+00  0.0000000E+00
  348  0.1208850E-09  0.1572635E+01  0.0000000E+00  0.0000000E+00
  349  0.7452939E-03  0.2272099E+00  0.6729889E-04  0.1871346E-04
  350  0.5875469E-03  0.1646303E-03  0.5874647E-03  0.1619534E-03
  351  0.1055112E-02  0.2994181E-03  0.1055042E-02  0.2883819E-03
  352  0.1457773E-02  0.4279450E-03  0.1457720E-02  0.3969977E-03
  353  0.1958452E-02  0.5928815E-03  0.1958409E-02  0.5339259E-03
  354  0.2572067E-02  0.7812237E-03  0.2572049E-02  0.7049499E-03
  355  0.3311843E-02  0.9827186E-03  0.3311839E-02  0.9157036E-03
  356  0.4187381E-02  0.1210966E-02  0.4187381E-02  0.1170979E-02
  357  0.5202742E-02  0.1490152E-02  0.5202742E-02  0.1473948E-02
  358  0.6354870E-02  0.1829952E-02  0.6354870E-02  0.1825492E-02
  359  0.7632801E-02  0.2224701E-02  0.7632801E-02  0.2223868E-02
  360  0.9017889E-02  0.2664954E-02  0.9017889E-02  0.2664848E-02
  361  0.1048489E-01  0.3142318E-02  0.1048489E-01  0.3142309E-02
  362  0.1201650E-01  0.3649869E-02  0.1201650E-01  0.3649868E-02
  363  0.1355243E-01  0.4178188E-02  0.1355243E-01  0.4178188E-02
  364  0.1506863E-01  0.4720249E-02  0.1506863E-01  0.4720249E-02
  365  0.1652482E-01  0.5267928E-02  0.1652482E-01  0.5267928E-02
  366  0.1787827E-01  0.5812381E-02  0.1787827E-01  0.5812381E-02
  367  0.1910813E-01  0.6346328E-02  0.1910813E-01  0.6346328E-02
  368  0.2012234E-01  0.6852439E-02  0.2012234E-01  0.6852439E-02
  369  0.2090345E-01  0.7320307E-02  0.2090345E-01  0.7320307E-02
  370  0.2144956E-01  0.7741685E-02  0.2144956E-01  0.7741685E-02
  371  0.2166447E-01  0.8090218E-02  0.2166447E-01  0.8090218E-02
  372  0.2162361E-01  0.8372258E-02  0.2162361E-01  0.8372258E-02
  373  0.2122842E-01  0.8552988E-02  0.2122842E-01  0.8552988E-02
  374  0.2056405E-01  0.8643460E-02  0.2056405E-01  0.8643460E-02
  375  0.1972125E-01  0.8659309E-02  0.1972125E-01  0.8659309E-02
  376  0.1865189E-01  0.8573599E-02  0.1865189E-01  0.8573599E-02
  377  0.1753512E-01  0.8435881E-02  0.1753512E-01  0.8435881E-02
  378  0.1639148E-01  0.8248258E-02  0.1639148E-01  0.8248258E-02
  379  0.1520372E-01  0.7969021E-02  0.1520372E-01  0.7969021E-02
  380  0.1417720E-01  0.7699822E-02  0.1417720E-01  0.7699822E-02
  381  0.1328973E-01  0.7421422E-02  0.1328973E-01  0.7421422E-02
  382  0.1249879E-01  0.7058892E-02  0.1249879E-01  0.7058892E-02
  383  0.1196528E-01  0.6756526E-02  0.1196528E-01  0.6756526E-02
  384  0.1162680E-01  0.6461996E-02  0.1162680E-01  0.6461996E-02
  385  0.1148112E-01  0.6178479E-02  0.1148112E-01  0.6178479E-02
  386  0.1152072E-01  0.5906366E-02  0.1152072E-01  0.5906366E-02
  387  0.1170294E-01  0.5538203E-02  0.1170294E-01  0.5538203E-02
  388  0.1209485E-01  0.5271780E-02  0.1209485E-01  0.5271780E-02
  389  0.1264471E-01  0.5013728E-02  0.1264471E-01  0.5013728E-02
  390  0.1334466E-01  0.4762626E-02  0.1334466E-01  0.4762626E-02
  391  0.3697853E-09  0.3730156E-07  0.0000000E+00  0.0000000E+00
  392  0.1444501E-07  0.5015705E+00  0.0000000E+00  0.0000000E+00
  393  0.3204524E-06  0.1206720E+00  0.0000000E+00  0.0000000E+00
  394  0.3206663E-03  0.2429082E+02  0.0000000E+00  0.0000000E+00
  395  0.3244677E-01  0.1849100E-01  0.2129487E-02  0.2478244E-02
  396  0.1138488E-01  0.3528847E-01  0.6886855E-02  0.8204217E-02
  397  0.1090403E-01  0.2687176E-01  0.1024055E-01  0.1237143E-01
  398  0.1279574E-01  0.2693320E-01  0.1268288E-01  0.1557178E-01
  399  0.1435827E-01  0.2560982E-01  0.1430292E-01  0.1790133E-01
  400  0.1507808E-01  0.2359634E-01  0.1506310E-01  0.1927852E-01
  401  0.1505546E-01  0.2209132E-01  0.1505328E-01  0.1976623E-01
  402  0.1444096E-01  0.2059999E-01  0.1444079E-01  0.1952759E-01
  403  0.1341446E-01  0.1913417E-01  0.1341445E-01  0.1876495E-01
  404  0.1215249E-01  0.1776272E-01  0.1215249E-01  0.1767218E-01
  405  0.1080187E-01  0.1642424E-01  0.1080187E-01  0.1640857E-01
  406  0.9456346E-02  0.1509196E-01  0.9456346E-02  0.1509005E-01
  407  0.8195927E-02  0.1379422E-01  0.8195927E-02  0.1379406E-01
  408  0.7042871E-02  0.1256513E-01  0.7042871E-02  0.1256512E-01
  409  0.6040024E-02  0.1142796E-01  0.6040024E-02  0.1142796E-01
  410  0.5163899E-02  0.1038899E-01  0.5163899E-02  0.1038899E-01
  411  0.4425555E-02  0.9448933E-02  0.4425555E-02  0.9448933E-02
  412  0.3848678E-02  0.8605053E-02  0.3848678E-02  0.8605053E-02
  413  0.3368625E-02  0.7845173E-02  0.3368625E-02  0.7845173E-02
  414  0.3043359E-02  0.7167311E-02  0.3043359E-02  0.7167311E-02
  415  0.2785761E-02  0.6555148E-02  0.2785761E-02  0.6555148E-02
  416  0.2623874E-02  0.6004860E-02  0.2623874E-02  0.6004860E-02
  417  0.2605794E-02  0.5515765E-02  0.2605794E-02  0.5515765E-02
  418  0.2618205E-02  0.5068873E-02  0.2618205E-02  0.5068873E-02
  419  0.2706831E-02  0.4664980E-02  0.2706831E-02  0.4664980E-02
  420  0.2926811E-02  0.4307712E-02  0.2926811E-02  0.4307712E-02
  421  0.3156166E-02  0.3975588E-02  0.3156166E-02  0.3975588E-02
  422  0.3450281E-02  0.3673766E-02  0.3450281E-02  0.3673766E-02
  423  0.3807351E-02  0.3399057E-02  0.3807351E-02  0.3399057E-02
  424  0.4226297E-02  0.3148733E-02  0.4226297E-02  0.3148733E-02
  425  0.4723446E-02  0.2903119E-02  0.4723446E-02  0.2903119E-02
  426  0.5303528E-02  0.2652932E-02  0.5303528E-02  0.2652932E-02
  427  0.5935235E-02  0.2429151E-02  0.5935235E-02  0.2429151E-02
  428  0.6621009E-02  0.2229621E-02  0.6621009E-02  0.2229621E-02
  429  0.7363091E-02  0.2052516E-02  0.7363091E-02  0.2052516E-02
  430  0.8163284E-02  0.1896308E-02  0.8163284E-02  0.1896308E-02
  431  0.9001187E-02  0.1755762E-02  0.9001187E-02  0.1755762E-02
  432  0.9924304E-02  0.1638193E-02  0.9924304E-02  0.1638193E-02
  433  0.1154469E-10  0.8643010E-09  0.0000000E+00  0.0000000E+00
  434  0.8150299E-09  0.2153635E-07  0.0000000E+00  0.0000000E+00
  435  0.3039137E-07  0.1793853E-02  0.0000000E+00  0.0000000E+00
  436  0.6078565E-06  0.1111716E+00  0.0000000E+00  0.0000000E+00
  437  0.4488245E-02  0.4144235E+01  0.0000000E+00  0.0000000E+00
  438  0.1047280E-01  0.3599955E-02  0.3405576E-02  0.2198293E-02
  439  0.7791418E-02  0.6597923E-02  0.7446129E-02  0.4783360E-02
  440  0.1022792E-01  0.8605048E-02  0.1006293E-01  0.6403874E-02
  441  0.1272530E-01  0.1127981E-01  0.1260168E-01  0.7962256E-02
  442  0.1503779E-01  0.1329947E-01  0.1498485E-01  0.9430895E-02
  443  0.1716156E-01  0.1414313E-01  0.1714958E-01  0.1078927E-01
  444  0.1902329E-01  0.1411674E-01  0.1902185E-01  0.1202004E-01
  445  0.2057225E-01  0.1403267E-01  0.2057216E-01  0.1310772E-01
  446  0.2173959E-01  0.1431979E-01  0.2173958E-01  0.1403418E-01
  447  0.2252563E-01  0.1484481E-01  0.2252563E-01  0.1478319E-01
  448  0.2288740E-01  0.1534596E-01  0.2288740E-01  0.1533668E-01
  449  0.2286861E-01  0.1568731E-01  0.2286861E-01  0.1568634E-01
  450  0.2245312E-01  0.1582577E-01  0.2245312E-01  0.1582570E-01
  451  0.2173188E-01  0.1576667E-01  0.2173188E-01  0.1576667E-01
  452  0.2074587E-01  0.1552594E-01  0.2074587E-01  0.1552594E-01
  453  0.1951797E-01  0.1512195E-01  0.1951797E-01  0.1512195E-01
  454  0.1819836E-01  0.1459843E-01  0.1819836E-01  0.1459843E-01
  455  0.1682379E-01  0.1398491E-01  0.1682379E-01  0.1398491E-01
  456  0.1539248E-01  0.1329656E-01  0.1539248E-01  0.1329656E-01
  457  0.1406567E-01  0.1258773E-01  0.1406567E-01  0.1258773E-01
  458  0.1283393E-01  0.1187230E-01  0.1283393E-01  0.1187230E-01
  459  0.1165347E-01  0.1114180E-01  0.1165347E-01  0.1114180E-01
  460  0.1067065E-01  0.1045263E-01  0.1067065E-01  0.1045263E-01
  461  0.9833241E-02  0.9796517E-02  0.9833241E-02  0.9796517E-02
  462  0.9072193E-02  0.9145224E-02  0.9072193E-02  0.9145224E-02
  463  0.8518946E-02  0.8559255E-02  0.8518946E-02  0.8559255E-02
  464  0.8101630E-02  0.8014807E-02  0.8101630E-02  0.8014807E-02
  465  0.7811868E-02  0.7512114E-02  0.7811868E-02  0.7512114E-02
  466  0.7577101E-02  0.7002735E-02  0.7577101E-02  0.7002735E-02
  467  0.7520120E-02  0.6567993E-02  0.7520120E-02  0.6567993E-02
  468  0.7568343E-02  0.6167929E-02  0.7568343E-02  0.6167929E-02
  469  0.7715966E-02  0.5800304E-02  0.7715966E-02  0.5800304E-02
  470  0.7958416E-02  0.5463269E-02  0.7958416E-02  0.5463269E-02
  471  0.3774609E-13  0.3533008E-10  0.0000000E+00  0.0000000E+00
  472  0.3689476E-11  0.9826072E-09  0.0000000E+00  0.0000000E+00
  473  0.1861891E-09  0.7032666E-03  0.0000000E+00  0.0000000E+00
  474  0.4880734E-08  0.5726809E-02  0.0000000E+00  0.0000000E+00
  475  0.7603434E-05  0.1456071E+02  0.0000000E+00  0.0000000E+00
  476  0.2910188E-02  0.4207379E-03  0.1050703E-02  0.3900642E-03
  477  0.2418253E-02  0.9504302E-03  0.2411633E-02  0.8872944E-03
  478  0.3338078E-02  0.1400749E-02  0.3334686E-02  0.1216754E-02
  479  0.4411937E-02  0.1976921E-02  0.4409056E-02  0.1599451E-02
  480  0.5634801E-02  0.2571787E-02  0.5633378E-02  0.2037197E-02
  481  0.6997783E-02  0.3050513E-02  0.6997420E-02  0.2528408E-02
  482  0.8481952E-02  0.3419614E-02  0.8481904E-02  0.3068032E-02
  483  0.1005957E-01  0.3811350E-02  0.1005957E-01  0.3648127E-02
  484  0.1169711E-01  0.4311146E-02  0.1169711E-01  0.4258905E-02
  485  0.1337120E-01  0.4902071E-02  0.1337120E-01  0.4890544E-02
  486  0.1501452E-01  0.5533111E-02  0.1501452E-01  0.5531357E-02
  487  0.1660130E-01  0.6172215E-02  0.1660130E-01  0.6172031E-02
  488  0.1809087E-01  0.6802864E-02  0.1809087E-01  0.6802851E-02
  489  0.1944298E-01  0.7413861E-02  0.1944298E-01  0.7413860E-02
  490  0.2064360E-01  0.7996801E-02  0.2064360E-01  0.7996801E-02
  491  0.2160535E-01  0.8535112E-02  0.2160535E-01  0.8535112E-02
  492  0.2232354E-01  0.9018798E-02  0.2232354E-01  0.9018798E-02
  493  0.2281240E-01  0.9441024E-02  0.2281240E-01  0.9441024E-02
  494  0.2297411E-01  0.9777581E-02  0.2297411E-01  0.9777581E-02
  495  0.2285253E-01  0.1002584E-01  0.2285253E-01  0.1002584E-01
  496  0.2250735E-01  0.1019028E-01  0.2250735E-01  0.1019028E-01
  497  0.2185534E-01  0.1024578E-01  0.2185534E-01  0.1024578E-01
  498  0.2099387E-01  0.1020845E-01  0.2099387E-01  0.1020845E-01
  499  0.2002310E-01  0.1010080E-01  0.2002310E-01  0.1010080E-01
  500  0.1887832E-01  0.9899390E-02  0.1887832E-01  0.9899390E-02
  501  0.1774301E-01  0.9660552E-02  0.1774301E-01  0.9660552E-02
  502  0.1653030E-01  0.9343599E-02  0.1653030E-01  0.9343599E-02
  503  0.1543463E-01  0.9027565E-02  0.1543463E-01  0.9027565E-02
  504  0.1434454E-01  0.8647251E-02  0.1434454E-01  0.8647251E-02
  505  0.1344389E-01  0.8301420E-02  0.1344389E-01  0.8301420E-02
  506  0.1260472E-01  0.7900881E-02  0.1260472E-01  0.7900881E-02
  507  0.1198648E-01  0.7558019E-02  0.1198648E-01  0.7558019E-02
  508  0.1145660E-01  0.7166736E-02  0.1145660E-01  0.7166736E-02
  509  0.1114754E-01  0.6845376E-02  0.1114754E-01  0.6845376E-02
  510  0.1098785E-01  0.6552182E-02  0.1098785E-01  0.6552182E-02
  511  0.1091975E-01  0.6188382E-02  0.1091975E-01  0.6188382E-02
  512  0.1104283E-01  0.5920514E-02  0.1104283E-01  0.5920514E-02
  513  0.1129170E-01  0.5679620E-02  0.1129170E-01  0.5679620E-02
  514  0.1163205E-01  0.5355148E-02  0.1163205E-01  0.5355148E-02
  515  0.1212547E-01  0.5132721E-02  0.1212547E-01  0.5132721E-02
  516  0.1272716E-01  0.4928421E-02  0.1272716E-01  0.4928421E-02
  517  0.1341882E-01  0.4651292E-02  0.1341882E-01  0.4651292E-02
  518  0.1423518E-01  0.4461452E-02  0.1423518E-01  0.4461452E-02
  519  0.1514609E-01  0.4282055E-02  0.1514609E-01  0.4282055E-02
  520  0.1614522E-01  0.4111995E-02  0.1614522E-01  0.4111995E-02
  521  0.0000000E+00  0.0000000E+00  0.0000000E+00  0.0000000E+00
  522  0.3249151E-12  0.3188522E+00  0.0000000E+00  0.0000000E+00
  523  0.1616655E-03  0.1086094E+01  0.0000000E+00  0.0000000E+00
  524  0.2029833E-03  0.4330901E-04  0.2029793E-03  0.4316833E-04
  525  0.3735558E-03  0.7923189E-04  0.3735554E-03  0.7860114E-04
  526  0.5107032E-03  0.1087424E-03  0.5107030E-03  0.1068316E-03
  527  0.6857425E-03  0.1470170E-03  0.6857423E-03  0.1431063E-03
  528  0.9058691E-03  0.1950621E-03  0.9058690E-03  0.1896550E-03
  529  0.1178766E-02  0.2542029E-03  0.1178766E-02  0.2491520E-03
  530  0.1517896E-02  0.3279940E-03  0.1517896E-02  0.3248065E-03
  531  0.1932621E-02  0.4214918E-03  0.1932621E-02  0.4201328E-03
  532  0.2433555E-02  0.5392518E-03  0.2433555E-02  0.5388604E-03
  533  0.3030147E-02  0.6846925E-03  0.3030147E-02  0.6846163E-03
  534  0.3729488E-02  0.8605363E-03  0.3729488E-02  0.8605263E-03
  535  0.4535092E-02  0.1068773E-02  0.4535092E-02  0.1068772E-02
  536  0.5451338E-02  0.1310477E-02  0.5451338E-02  0.1310477E-02
  537  0.6461836E-02  0.1584482E-02  0.6461836E-02  0.1584482E-02
  538  0.7560264E-02  0.1888825E-02  0.7560264E-02  0.1888825E-02
  539  0.8731106E-02  0.2220123E-02  0.8731106E-02  0.2220123E-02
  540  0.9955348E-02  0.2574206E-02  0.9955348E-02  0.2574206E-02
  541  0.1121126E-01  0.2946523E-02  0.1121126E-01  0.2946523E-02
  542  0.1247481E-01  0.3332370E-02  0.1247481E-01  0.3332370E-02
  543  0.1371979E-01  0.3726892E-02  0.1371979E-01  0.3726892E-02
  544  0.1493503E-01  0.4127085E-02  0.1493503E-01  0.4127085E-02
  545  0.1605576E-01  0.4522851E-02  0.1605576E-01  0.4522851E-02
  546  0.1706660E-01  0.4909477E-02  0.1706660E-01  0.4909477E-02
  547  0.1793434E-01  0.5279069E-02  0.1793434E-01  0.5279069E-02
  548  0.1865573E-01  0.5628504E-02  0.1865573E-01  0.5628504E-02
  549  0.1914596E-01  0.5937111E-02  0.1914596E-01  0.5937111E-02
  550  0.1941399E-01  0.6201791E-02  0.1941399E-01  0.6201791E-02
  551  0.1948756E-01  0.6425665E-02  0.1948756E-01  0.6425665E-02
  552  0.1928921E-01  0.6580105E-02  0.1928921E-01  0.6580105E-02
  553  0.1892838E-01  0.6695609E-02  0.1892838E-01  0.6695609E-02
  554  0.1832282E-01  0.6725883E-02  0.1832282E-01  0.6725883E-02
  555  0.1757683E-01  0.6701856E-02  0.1757683E-01  0.6701856E-02
  556  0.1678742E-01  0.6652915E-02  0.1678742E-01  0.6652915E-02
  557  0.1590325E-01  0.6531711E-02  0.1590325E-01  0.6531711E-02
  558  0.1508816E-01  0.6411408E-02  0.1508816E-01  0.6411408E-02
  559  0.1428281E-01  0.6225619E-02  0.1428281E-01  0.6225619E-02
  560  0.1364101E-01  0.6065405E-02  0.1364101E-01  0.6065405E-02
  561  0.1314242E-01  0.5909199E-02  0.1314242E-01  0.5909199E-02
  562  0.1275973E-01  0.5672891E-02  0.1275973E-01  0.5672891E-02
  563  0.1260811E-01  0.5506698E-02  0.1260811E-01  0.5506698E-02
  564  0.1263900E-01  0.5354946E-02  0.1263900E-01  0.5354946E-02
  565  0.1282169E-01  0.5113701E-02  0.1282169E-01  0.5113701E-02
  566  0.1321711E-01  0.4962156E-02  0.1321711E-01  0.4962156E-02
  567  0.1377777E-01  0.4820404E-02  0.1377777E-01  0.4820404E-02
  568  0.1449348E-01  0.4686560E-02  0.1449348E-01  0.4686560E-02
  569  0.1535431E-01  0.4557724E-02  0.1535431E-01  0.4557724E-02
  570  0.1635066E-01  0.4430318E-02  0.1635066E-01  0.4430318E-02
  571  0.1747252E-01  0.4300779E-02  0.1747252E-01  0.4300779E-02
  572  0.1870797E-01  0.4166638E-02  0.1870797E-01  0.4166638E-02
  573  0.6180440E-09  0.3392266E-07  0.0000000E+00  0.0000000E+00
  574  0.2403520E-07  0.5135727E+00  0.0000000E+00  0.0000000E+00
  575  0.5088085E-06  0.1813434E+00  0.0000000E+00  0.0000000E+00
  576  0.7723658E-04  0.2149289E+02  0.0000000E+00  0.0000000E+00
  577  0.4019561E-01  0.1476824E-01  0.2601477E-02  0.2582763E-02
  578  0.9319152E-02  0.2497521E-01  0.7632339E-02  0.7705728E-02
  579  0.1139727E-01  0.2160788E-01  0.1103687E-01  0.1120981E-01
  580  0.1392096E-01  0.2330935E-01  0.1375069E-01  0.1406717E-01
  581  0.1593236E-01  0.2349938E-01  0.1584878E-01  0.1637484E-01
  582  0.1729388E-01  0.2278751E-01  0.1727178E-01  0.1807490E-01
  583  0.1802706E-01  0.2195383E-01  0.1802393E-01  0.1916196E-01
  584  0.1816215E-01  0.2098532E-01  0.1816191E-01  0.1967457E-01
  585  0.1777824E-01  0.2013103E-01  0.1777823E-01  0.1968399E-01
  586  0.1698594E-01  0.1939028E-01  0.1698594E-01  0.1928236E-01
  587  0.1590405E-01  0.1858886E-01  0.1590405E-01  0.1857051E-01
  588  0.1464518E-01  0.1764862E-01  0.1464518E-01  0.1764642E-01
  589  0.1330666E-01  0.1659661E-01  0.1330666E-01  0.1659642E-01
  590  0.1198411E-01  0.1549206E-01  0.1198411E-01  0.1549205E-01
  591  0.1070240E-01  0.1438212E-01  0.1070240E-01  0.1438212E-01
  592  0.9515346E-02  0.1330374E-01  0.9515346E-02  0.1330374E-01
  593  0.8446654E-02  0.1227936E-01  0.8446654E-02  0.1227936E-01
  594  0.7508355E-02  0.1132136E-01  0.7508355E-02  0.1132136E-01
  595  0.6704074E-02  0.1043503E-01  0.6704074E-02  0.1043503E-01
  596  0.6031782E-02  0.9620976E-02  0.6031782E-02  0.9620976E-02
  597  0.5485971E-02  0.8876866E-02  0.5485971E-02  0.8876866E-02
  598  0.5059288E-02  0.8198705E-02  0.5059288E-02  0.8198705E-02
  599  0.4743688E-02  0.7581675E-02  0.4743688E-02  0.7581675E-02
  600  0.4531225E-02  0.7020675E-02  0.4531225E-02  0.7020675E-02
  601  0.4414536E-02  0.6510649E-02  0.4414536E-02  0.6510649E-02
  602  0.4387122E-02  0.6046776E-02  0.4387122E-02  0.6046776E-02
  603  0.4443470E-02  0.5624570E-02  0.4443470E-02  0.5624570E-02
  604  0.4579079E-02  0.5239921E-02  0.4579079E-02  0.5239921E-02
  605  0.4790414E-02  0.4889114E-02  0.4790414E-02  0.4889114E-02
  606  0.5074834E-02  0.4568819E-02  0.5074834E-02  0.4568819E-02
  607  0.5430478E-02  0.4276096E-02  0.5430478E-02  0.4276096E-02
  608  0.5856136E-02  0.4008393E-02  0.5856136E-02  0.4008393E-02
  609  0.6307619E-02  0.3744580E-02  0.6307619E-02  0.3744580E-02
  610  0.6877491E-02  0.3519588E-02  0.6877491E-02  0.3519588E-02
  611  0.7516534E-02  0.3313560E-02  0.7516534E-02  0.3313560E-02
  612  0.8224351E-02  0.3125124E-02  0.8224351E-02  0.3125124E-02
  613  0.8972181E-02  0.2939316E-02  0.8972181E-02  0.2939316E-02
  614  0.9821028E-02  0.2782194E-02  0.9821028E-02  0.2782194E-02
  615  0.1073470E-01  0.2639506E-02  0.1073470E-01  0.2639506E-02
  616  0.1169217E-01  0.2500650E-02  0.1169217E-01  0.2500650E-02
  617  0.1273043E-01  0.2384651E-02  0.1273043E-01  0.2384651E-02
  618  0.1382103E-01  0.2256308E-02  0.1382103E-01  0.2256308E-02
  619  0.1497466E-01  0.2145909E-02  0.1497466E-01  0.2145909E-02
  620  0.6568386E-10  0.4090250E-08  0.0000000E+00  0.0000000E+00
  621  0.3032232E-08  0.1294277E-01  0.0000000E+00  0.0000000E+00
  622  0.7387329E-07  0.8346128E-02  0.0000000E+00  0.0000000E+00
  623  0.1372355E-05  0.2535288E+02  0.0000000E+00  0.0000000E+00
  624  0.1725210E-01  0.1067197E-02  0.1772490E-02  0.8875299E-03
  625  0.4640583E-02  0.2571590E-02  0.4531450E-02  0.2250438E-02
  626  0.6512920E-02  0.3853616E-02  0.6461275E-02  0.3168571E-02
  627  0.8395549E-02  0.5396265E-02  0.8354860E-02  0.4048807E-02
  628  0.1033808E-01  0.6860825E-02  0.1031716E-01  0.4951213E-02
  629  0.1231450E-01  0.7764426E-02  0.1230884E-01  0.5860558E-02
  630  0.1426189E-01  0.8090394E-02  0.1426108E-01  0.6761334E-02
  631  0.1613502E-01  0.8287605E-02  0.1613496E-01  0.7640115E-02
  632  0.1788386E-01  0.8704483E-02  0.1788386E-01  0.8484635E-02
  633  0.1948009E-01  0.9336231E-02  0.1948009E-01  0.9284224E-02
  634  0.2085159E-01  0.1003414E-01  0.2085159E-01  0.1002557E-01
  635  0.2198018E-01  0.1069824E-01  0.2198018E-01  0.1069725E-01
  636  0.2286082E-01  0.1128856E-01  0.2286082E-01  0.1128848E-01
  637  0.2342192E-01  0.1178204E-01  0.2342192E-01  0.1178204E-01
  638  0.2367968E-01  0.1216857E-01  0.2367968E-01  0.1216857E-01
  639  0.2366728E-01  0.1244328E-01  0.2366728E-01  0.1244328E-01
  640  0.2332976E-01  0.1259273E-01  0.2332976E-01  0.1259273E-01
  641  0.2277629E-01  0.1262996E-01  0.2277629E-01  0.1262996E-01
  642  0.2194449E-01  0.1254302E-01  0.2194449E-01  0.1254302E-01
  643  0.2093531E-01  0.1235236E-01  0.2093531E-01  0.1235236E-01
  644  0.1984766E-01  0.1208320E-01  0.1984766E-01  0.1208320E-01
  645  0.1862664E-01  0.1172745E-01  0.1862664E-01  0.1172745E-01
  646  0.1743885E-01  0.1133344E-01  0.1743885E-01  0.1133344E-01
  647  0.1620165E-01  0.1087916E-01  0.1620165E-01  0.1087916E-01
  648  0.1508878E-01  0.1042669E-01  0.1508878E-01  0.1042669E-01
  649  0.1398782E-01  0.9932778E-02  0.1398782E-01  0.9932778E-02
  650  0.1306879E-01  0.9473717E-02  0.1306879E-01  0.9473717E-02
  651  0.1219672E-01  0.8982168E-02  0.1219672E-01  0.8982168E-02
  652  0.1153083E-01  0.8549417E-02  0.1153083E-01  0.8549417E-02
  653  0.1092580E-01  0.8085260E-02  0.1092580E-01  0.8085260E-02
  654  0.1052618E-01  0.7695388E-02  0.1052618E-01  0.7695388E-02
  655  0.1018866E-01  0.7270845E-02  0.1018866E-01  0.7270845E-02
  656  0.1004167E-01  0.6929137E-02  0.1004167E-01  0.6929137E-02
  657  0.9953187E-02  0.6548259E-02  0.9953187E-02  0.6548259E-02
  658  0.1003549E-01  0.6253348E-02  0.1003549E-01  0.6253348E-02
  659  0.1021862E-01  0.5998915E-02  0.1021862E-01  0.5998915E-02
  660  0.1046219E-01  0.5662847E-02  0.1046219E-01  0.5662847E-02
  661  0.1084146E-01  0.5443731E-02  0.1084146E-01  0.5443731E-02
  662  0.1128398E-01  0.5149096E-02  0.1128398E-01  0.5149096E-02
  663  0.1184501E-01  0.4959818E-02  0.1184501E-01  0.4959818E-02
  664  0.1247061E-01  0.4702821E-02  0.1247061E-01  0.4702821E-02
  665  0.1320027E-01  0.4538498E-02  0.1320027E-01  0.4538498E-02
  666  0.1399289E-01  0.4315376E-02  0.1399289E-01  0.4315376E-02
  667  0.1487509E-01  0.4172037E-02  0.1487509E-01  0.4172037E-02
  668  0.1581420E-01  0.3979336E-02  0.1581420E-01  0.3979336E-02
  669  0.5087966E-13  0.4688578E-10  0.0000000E+00  0.0000000E+00
  670  0.4399119E-11  0.1214221E-08  0.0000000E+00  0.0000000E+00
  671  0.1975195E-09  0.5362094E-04  0.0000000E+00  0.0000000E+00
  672  0.4661973E-08  0.4766674E-01  0.0000000E+00  0.0000000E+00
  673  0.9392216E-03  0.5577788E+01  0.0000000E+00  0.0000000E+00
  674  0.1635856E-02  0.4024196E-03  0.1075957E-02  0.3854182E-03
  675  0.2250383E-02  0.8522884E-03  0.2246401E-02  0.7955890E-03
  676  0.3069070E-02  0.1233953E-02  0.3066975E-02  0.1075460E-02
  677  0.4020980E-02  0.1709423E-02  0.4019267E-02  0.1399360E-02
  678  0.5104675E-02  0.2189157E-02  0.5103891E-02  0.1769349E-02
  679  0.6314716E-02  0.2578073E-02  0.6314530E-02  0.2184888E-02
  680  0.7637586E-02  0.2897360E-02  0.7637563E-02  0.2642649E-02
  681  0.9052636E-02  0.3250926E-02  0.9052634E-02  0.3136801E-02
  682  0.1053400E-01  0.3695076E-02  0.1053400E-01  0.3659709E-02
  683  0.1205226E-01  0.4210404E-02  0.1205226E-01  0.4202824E-02
  684  0.1357595E-01  0.4758598E-02  0.1357595E-01  0.4757474E-02
  685  0.1508951E-01  0.5316546E-02  0.1508951E-01  0.5316430E-02
  686  0.1652699E-01  0.5869833E-02  0.1652699E-01  0.5869825E-02
  687  0.1787354E-01  0.6411113E-02  0.1787354E-01  0.6411112E-02
  688  0.1909760E-01  0.6932645E-02  0.1909760E-01  0.6932645E-02
  689  0.2016898E-01  0.7426360E-02  0.2016898E-01  0.7426360E-02
  690  0.2105975E-01  0.7883638E-02  0.2105975E-01  0.7883638E-02
  691  0.2177565E-01  0.8299349E-02  0.2177565E-01  0.8299349E-02
  692  0.2223723E-01  0.8656710E-02  0.2223723E-01  0.8656710E-02
  693  0.2246400E-01  0.8951314E-02  0.2246400E-01  0.8951314E-02
  694  0.2249984E-01  0.9185873E-02  0.2249984E-01  0.9185873E-02
  695  0.2225102E-01  0.9335652E-02  0.2225102E-01  0.9335652E-02
  696  0.2178927E-01  0.9410121E-02  0.2178927E-01  0.9410121E-02
  697  0.2113806E-01  0.9410250E-02  0.2113806E-01  0.9410250E-02
  698  0.2038481E-01  0.9356389E-02  0.2038481E-01  0.9356389E-02
  699  0.1945458E-01  0.9221859E-02  0.1945458E-01  0.9221859E-02
  700  0.1844985E-01  0.9033571E-02  0.1844985E-01  0.9033571E-02
  701  0.1747344E-01  0.8825967E-02  0.1747344E-01  0.8825967E-02
  702  0.1643677E-01  0.8556033E-02  0.1643677E-01  0.8556033E-02
  703  0.1551646E-01  0.8304302E-02  0.1551646E-01  0.8304302E-02
  704  0.1458907E-01  0.7986931E-02  0.1458907E-01  0.7986931E-02
  705  0.1376504E-01  0.7665813E-02  0.1376504E-01  0.7665813E-02
  706  0.1312334E-01  0.7392388E-02  0.1312334E-01  0.7392388E-02
  707  0.1254143E-01  0.7066984E-02  0.1254143E-01  0.7066984E-02
  708  0.1215859E-01  0.6817700E-02  0.1215859E-01  0.6817700E-02
  709  0.1184848E-01  0.6501351E-02  0.1184848E-01  0.6501351E-02
  710  0.1173059E-01  0.6287677E-02  0.1173059E-01  0.6287677E-02
  711  0.1169100E-01  0.5986688E-02  0.1169100E-01  0.5986688E-02
  712  0.1182156E-01  0.5811108E-02  0.1182156E-01  0.5811108E-02
  713  0.1203485E-01  0.5528341E-02  0.1203485E-01  0.5528341E-02
  714  0.1238982E-01  0.5386718E-02  0.1238982E-01  0.5386718E-02
  715  0.1283256E-01  0.5124285E-02  0.1283256E-01  0.5124285E-02
  716  0.1338899E-01  0.5008885E-02  0.1338899E-01  0.5008885E-02
  717  0.1403668E-01  0.4769091E-02  0.1403668E-01  0.4769091E-02
  718  0.1477399E-01  0.4671634E-02  0.1477399E-01  0.4671634E-02
  719  0.1560103E-01  0.4456500E-02  0.1560103E-01  0.4456500E-02
  720  0.1649751E-01  0.4370277E-02  0.1649751E-01  0.4370277E-02
  721  0.1747469E-01  0.4180752E-02  0.1747469E-01  0.4180752E-02
  722  0.1850268E-01  0.4101384E-02  0.1850268E-01  0.4101384E-02
  723  0.1959420E-01  0.3937017E-02  0.1959420E-01  0.3937017E-02
  724  0.2071667E-01  0.3862206E-02  0.2071667E-01  0.3862206E-02
  725  0.2187825E-01  0.3721333E-02  0.2187825E-01  0.3721333E-02
  726  0.2304792E-01  0.3650213E-02  0.2304792E-01  0.3650213E-02
  727  0.2422702E-01  0.3530384E-02  0.2422702E-01  0.3530384E-02
  728  0.7284635E-04  0.1056059E-04  0.7284635E-04  0.1056059E-04
  729  0.9733509E-04  0.1396431E-04  0.9733509E-04  0.1396431E-04
  730  0.1283231E-03  0.1830242E-04  0.1283231E-03  0.1830242E-04
  731  0.1674081E-03  0.2384763E-04  0.1674081E-03  0.2384763E-04
  732  0.2165451E-03  0.3095174E-04  0.2165451E-03  0.3095174E-04
  733  0.2781140E-03  0.4006682E-04  0.2781140E-03  0.4006682E-04
  734  0.3549926E-03  0.5177028E-04  0.3549926E-03  0.5177028E-04
  735  0.4511400E-03  0.6680191E-04  0.4511400E-03  0.6680191E-04
  736  0.5703216E-03  0.8607372E-04  0.5703216E-03  0.8607372E-04
  737  0.7173697E-03  0.1107181E-03  0.7173697E-03  0.1107181E-03
  738  0.8978227E-03  0.1421052E-03  0.8978227E-03  0.1421052E-03
  739  0.1117869E-02  0.1818502E-03  0.1117869E-02  0.1818502E-03
  740  0.1384186E-02  0.2317951E-03  0.1384186E-02  0.2317951E-03
  741  0.1703653E-02  0.2939501E-03  0.1703653E-02  0.2939501E-03
  742  0.2082899E-02  0.3703857E-03  0.2082899E-02  0.3703857E-03
  743  0.2527718E-02  0.4630721E-03  0.2527718E-02  0.4630721E-03
  744  0.3042397E-02  0.5736789E-03  0.3042397E-02  0.5736789E-03
  745  0.3629069E-02  0.7033660E-03  0.3629069E-02  0.7033660E-03
  746  0.4287226E-02  0.8526124E-03  0.4287226E-02  0.8526124E-03
  747  0.5013517E-02  0.1021131E-02  0.5013517E-02  0.1021131E-02
  748  0.5801872E-02  0.1207898E-02  0.5801872E-02  0.1207898E-02
  749  0.6643897E-02  0.1411288E-02  0.6643897E-02  0.1411288E-02
  750  0.7529365E-02  0.1629267E-02  0.7529365E-02  0.1629267E-02
  751  0.8446634E-02  0.1859583E-02  0.8446634E-02  0.1859583E-02
  752  0.9382849E-02  0.2099881E-02  0.9382849E-02  0.2099881E-02
  753  0.1032391E-01  0.2347721E-02  0.1032391E-01  0.2347721E-02
  754  0.1125425E-01  0.2600501E-02  0.1125425E-01  0.2600501E-02
  755  0.1215665E-01  0.2855310E-02  0.1215665E-01  0.2855310E-02
  756  0.1302774E-01  0.3111817E-02  0.1302774E-01  0.3111817E-02
  757  0.1381727E-01  0.3360311E-02  0.1381727E-01  0.3360311E-02
  758  0.1451894E-01  0.3599129E-02  0.1451894E-01  0.3599129E-02
  759  0.1511216E-01  0.3823316E-02  0.1511216E-01  0.3823316E-02
  760  0.1560374E-01  0.4035737E-02  0.1560374E-01  0.4035737E-02
  761  0.1592876E-01  0.4215403E-02  0.1592876E-01  0.4215403E-02
  762  0.1610444E-01  0.4366568E-02  0.1610444E-01  0.4366568E-02
  763  0.1612872E-01  0.4485866E-02  0.1612872E-01  0.4485866E-02
  764  0.1604098E-01  0.4586231E-02  0.1604098E-01  0.4586231E-02
  765  0.1579174E-01  0.4637619E-02  0.1579174E-01  0.4637619E-02
  766  0.1543771E-01  0.4657239E-02  0.1543771E-01  0.4657239E-02
  767  0.1504596E-01  0.4670385E-02  0.1504596E-01  0.4670385E-02
  768  0.1457837E-01  0.4633810E-02  0.1457837E-01  0.4633810E-02
  769  0.1414867E-01  0.4611658E-02  0.1414867E-01  0.4611658E-02
  770  0.1371750E-01  0.4534332E-02  0.1371750E-01  0.4534332E-02
  771  0.1339661E-01  0.4496137E-02  0.1339661E-01  0.4496137E-02
  772  0.1314384E-01  0.4394465E-02  0.1314384E-01  0.4394465E-02
  773  0.1305206E-01  0.4354000E-02  0.1305206E-01  0.4354000E-02
  774  0.1307839E-01  0.4243482E-02  0.1307839E-01  0.4243482E-02
  775  0.1328660E-01  0.4207680E-02  0.1328660E-01  0.4207680E-02
  776  0.1363507E-01  0.4101242E-02  0.1363507E-01  0.4101242E-02
  777  0.1416037E-01  0.4073025E-02  0.1416037E-01  0.4073025E-02
  778  0.1482858E-01  0.4064477E-02  0.1482858E-01  0.4064477E-02
  779  0.1564014E-01  0.3959076E-02  0.1564014E-01  0.3959076E-02
  780  0.1658153E-01  0.3949713E-02  0.1658153E-01  0.3949713E-02
  781  0.1763238E-01  0.3950671E-02  0.1763238E-01  0.3950671E-02
  782  0.1877675E-01  0.3963369E-02  0.1877675E-01  0.3963369E-02
  783  0.2003604E-01  0.3856028E-02  0.2003604E-01  0.3856028E-02
  784  0.2134040E-01  0.3851261E-02  0.2134040E-01  0.3851261E-02
  785  0.2269007E-01  0.3843899E-02  0.2269007E-01  0.3843899E-02
  786  0.2406381E-01  0.3831372E-02  0.2406381E-01  0.3831372E-02
  787  0.2543782E-01  0.3811383E-02  0.2543782E-01  0.3811383E-02
  788  0.3081596E-09  0.1240415E-07  0.0000000E+00  0.0000000E+00
  789  0.1375678E-07  0.4437585E-02  0.0000000E+00  0.0000000E+00
  790  0.3289502E-06  0.2153363E-02  0.0000000E+00  0.0000000E+00
  791  0.5643440E-05  0.2974786E+02  0.0000000E+00  0.0000000E+00
  792  0.6191154E-02  0.1370443E-01  0.1980890E-02  0.1653882E-02
  793  0.7483505E-02  0.1447162E-01  0.6675091E-02  0.5657341E-02
  794  0.1080407E-01  0.1513261E-01  0.1045917E-01  0.8847608E-02
  795  0.1353674E-01  0.1749203E-01  0.1332293E-01  0.1124366E-01
  796  0.1589431E-01  0.1938498E-01  0.1577564E-01  0.1332398E-01
  797  0.1779127E-01  0.1996220E-01  0.1775584E-01  0.1505655E-01
  798  0.1923169E-01  0.1971572E-01  0.1922603E-01  0.1642657E-01
  799  0.2017141E-01  0.1910283E-01  0.2017093E-01  0.1743058E-01
  800  0.2062050E-01  0.1868592E-01  0.2062048E-01  0.1807576E-01
  801  0.2060690E-01  0.1853631E-01  0.2060690E-01  0.1837919E-01
  802  0.2018742E-01  0.1839859E-01  0.2018742E-01  0.1837013E-01
  803  0.1941617E-01  0.1809131E-01  0.1941617E-01  0.1808768E-01
  804  0.1840393E-01  0.1758392E-01  0.1840393E-01  0.1758360E-01
  805  0.1721953E-01  0.1691011E-01  0.1721953E-01  0.1691009E-01
  806  0.1594025E-01  0.1611926E-01  0.1594025E-01  0.1611926E-01
  807  0.1463368E-01  0.1525807E-01  0.1463368E-01  0.1525807E-01
  808  0.1331733E-01  0.1435893E-01  0.1331733E-01  0.1435893E-01
  809  0.1210051E-01  0.1346321E-01  0.1210051E-01  0.1346321E-01
  810  0.1098192E-01  0.1258872E-01  0.1098192E-01  0.1258872E-01
  811  0.9980297E-02  0.1175087E-01  0.9980297E-02  0.1175087E-01
  812  0.9105573E-02  0.1095944E-01  0.9105573E-02  0.1095944E-01
  813  0.8304397E-02  0.1020279E-01  0.8304397E-02  0.1020279E-01
  814  0.7683031E-02  0.9511819E-02  0.7683031E-02  0.9511819E-02
  815  0.7185716E-02  0.8873826E-02  0.7185716E-02  0.8873826E-02
  816  0.6805880E-02  0.8287488E-02  0.6805880E-02  0.8287488E-02
  817  0.6536109E-02  0.7750785E-02  0.6536109E-02  0.7750785E-02
  818  0.6305373E-02  0.7230006E-02  0.6305373E-02  0.7230006E-02
  819  0.6234516E-02  0.6776733E-02  0.6234516E-02  0.6776733E-02
  820  0.6254189E-02  0.6363248E-02  0.6254189E-02  0.6363248E-02
  821  0.6358976E-02  0.5986963E-02  0.6358976E-02  0.5986963E-02
  822  0.6489113E-02  0.5607042E-02  0.6489113E-02  0.5607042E-02
  823  0.6757558E-02  0.5289301E-02  0.6757558E-02  0.5289301E-02
  824  0.7101683E-02  0.5000009E-02  0.7101683E-02  0.5000009E-02
  825  0.7474142E-02  0.4700628E-02  0.7474142E-02  0.4700628E-02
  826  0.7971567E-02  0.4455788E-02  0.7971567E-02  0.4455788E-02
  827  0.8540293E-02  0.4232982E-02  0.8540293E-02  0.4232982E-02
  828  0.9146584E-02  0.3995964E-02  0.9146584E-02  0.3995964E-02
  829  0.9862308E-02  0.3807207E-02  0.9862308E-02  0.3807207E-02
  830  0.1061782E-01  0.3607762E-02  0.1061782E-01  0.3607762E-02
  831  0.1147294E-01  0.3448671E-02  0.1147294E-01  0.3448671E-02
  832  0.1238906E-01  0.3305394E-02  0.1238906E-01  0.3305394E-02
  833  0.1334845E-01  0.3148594E-02  0.1334845E-01  0.3148594E-02
  834  0.1436478E-01  0.3009810E-02  0.1436478E-01  0.3009810E-02
  835  0.1544897E-01  0.2900444E-02  0.1544897E-01  0.2900444E-02
  836  0.1655982E-01  0.2787034E-02  0.1655982E-01  0.2787034E-02
  837  0.1771651E-01  0.2699335E-02  0.1771651E-01  0.2699335E-02
  838  0.1770845E-02  0.7306656E-03  0.1757172E-02  0.6915396E-03
  839  0.3175111E-02  0.1360927E-02  0.3165352E-02  0.1229631E-02
  840  0.4248330E-02  0.1955442E-02  0.4242491E-02  0.1628522E-02
  841  0.5454924E-02  0.2648061E-02  0.5450732E-02  0.2072452E-02
  842  0.6780469E-02  0.3264496E-02  0.6778853E-02  0.2559223E-02
  843  0.8208664E-02  0.3684620E-02  0.8208337E-02  0.3083669E-02
  844  0.9723977E-02  0.3994528E-02  0.9723942E-02  0.3638539E-02
  845  0.1127796E-01  0.4360903E-02  0.1127796E-01  0.4214321E-02
  846  0.1284793E-01  0.4843790E-02  0.1284793E-01  0.4801838E-02
  847  0.1440129E-01  0.5400334E-02  0.1440129E-01  0.5391988E-02
  848  0.1590566E-01  0.5977500E-02  0.1590566E-01  0.5976346E-02
  849  0.1732951E-01  0.6547247E-02  0.1732951E-01  0.6547136E-02
  850  0.1864250E-01  0.7096943E-02  0.1864250E-01  0.7096935E-02
  851  0.1983783E-01  0.7620214E-02  0.1983783E-01  0.7620214E-02
  852  0.2084498E-01  0.8105567E-02  0.2084498E-01  0.8105567E-02
  853  0.2166299E-01  0.8546768E-02  0.2166299E-01  0.8546768E-02
  854  0.2227249E-01  0.8935632E-02  0.2227249E-01  0.8935632E-02
  855  0.2269735E-01  0.9269910E-02  0.2269735E-01  0.9269910E-02
  856  0.2285362E-01  0.9531481E-02  0.2285362E-01  0.9531481E-02
  857  0.2278412E-01  0.9721242E-02  0.2278412E-01  0.9721242E-02
  858  0.2249778E-01  0.9836294E-02  0.2249778E-01  0.9836294E-02
  859  0.2206364E-01  0.9888456E-02  0.2206364E-01  0.9888456E-02
  860  0.2140072E-01  0.9855746E-02  0.2140072E-01  0.9855746E-02
  861  0.2059802E-01  0.9756823E-02  0.2059802E-01  0.9756823E-02
  862  0.1975675E-01  0.9621893E-02  0.1975675E-01  0.9621893E-02
  863  0.1877158E-01  0.9409988E-02  0.1877158E-01  0.9409988E-02
  864  0.1775970E-01  0.9159003E-02  0.1775970E-01  0.9159003E-02
  865  0.1675300E-01  0.8877261E-02  0.1675300E-01  0.8877261E-02
  866  0.1584744E-01  0.8604571E-02  0.1584744E-01  0.8604571E-02
  867  0.1493462E-01  0.8283584E-02  0.1493462E-01  0.8283584E-02
  868  0.1418347E-01  0.8011660E-02  0.1418347E-01  0.8011660E-02
  869  0.1344858E-01  0.7673504E-02  0.1344858E-01  0.7673504E-02
  870  0.1283261E-01  0.7345759E-02  0.1283261E-01  0.7345759E-02
  871  0.1240420E-01  0.7095560E-02  0.1240420E-01  0.7095560E-02
  872  0.1202721E-01  0.6775468E-02  0.1202721E-01  0.6775468E-02
  873  0.1177754E-01  0.6475559E-02  0.1177754E-01  0.6475559E-02
  874  0.1170272E-01  0.6267967E-02  0.1170272E-01  0.6267967E-02
  875  0.1169069E-01  0.5986441E-02  0.1169069E-01  0.5986441E-02
  876  0.1179284E-01  0.5727725E-02  0.1179284E-01  0.5727725E-02
  877  0.1204155E-01  0.5565275E-02  0.1204155E-01  0.5565275E-02
  878  0.1235366E-01  0.5327740E-02  0.1235366E-01  0.5327740E-02
  879  0.1278489E-01  0.5212688E-02  0.1278489E-01  0.5212688E-02
  880  0.1328760E-01  0.4988752E-02  0.1328760E-01  0.4988752E-02
  881  0.1387368E-01  0.4793388E-02  0.1387368E-01  0.4793388E-02
  882  0.1455102E-01  0.4705622E-02  0.1455102E-01  0.4705622E-02
  883  0.1529509E-01  0.4524833E-02  0.1529509E-01  0.4524833E-02
  884  0.1610470E-01  0.4367061E-02  0.1610470E-01  0.4367061E-02
  885  0.1698058E-01  0.4299809E-02  0.1698058E-01  0.4299809E-02
  886  0.1791023E-01  0.4155876E-02  0.1791023E-01  0.4155876E-02
  887  0.1887671E-01  0.4114404E-02  0.1887671E-01  0.4114404E-02
  888  0.1989743E-01  0.3977850E-02  0.1989743E-01  0.3977850E-02
  889  0.2094208E-01  0.3864667E-02  0.2094208E-01  0.3864667E-02
  890  0.2199646E-01  0.3829440E-02  0.2199646E-01  0.3829440E-02
  891  0.0000000E+00  0.0000000E+00  0.0000000E+00  0.0000000E+00
  892  0.0000000E+00  0.0000000E+00  0.0000000E+00  0.0000000E+00
  893  0.1722597E-03  0.3495582E-04  0.1722597E-03  0.3495582E-04
  894  0.3047637E-03  0.6125650E-04  0.3047636E-03  0.6091643E-04
  895  0.4062882E-03  0.8132939E-04  0.4062881E-03  0.8035988E-04
  896  0.5317013E-03  0.1064558E-03  0.5317012E-03  0.1045670E-03
  897  0.6866746E-03  0.1372542E-03  0.6866746E-03  0.1347396E-03
  898  0.8757758E-03  0.1745769E-03  0.8757758E-03  0.1722890E-03
  899  0.1104948E-02  0.2202911E-03  0.1104948E-02  0.2188685E-03
  900  0.1380531E-02  0.2769525E-03  0.1380531E-02  0.2763480E-03
  901  0.1706933E-02  0.3468823E-03  0.1706933E-02  0.3467067E-03
  902  0.2094185E-02  0.4321722E-03  0.2094185E-02  0.4321373E-03
  903  0.2546227E-02  0.5346407E-03  0.2546227E-02  0.5346360E-03
  904  0.3067474E-02  0.6559823E-03  0.3067474E-02  0.6559819E-03
  905  0.3660513E-02  0.7974930E-03  0.3660513E-02  0.7974930E-03
  906  0.4325580E-02  0.9598323E-03  0.4325580E-02  0.9598323E-03
  907  0.5060218E-02  0.1142871E-02  0.5060218E-02  0.1142871E-02
  908  0.5859206E-02  0.1345649E-02  0.5859206E-02  0.1345649E-02
  909  0.6714768E-02  0.1566442E-02  0.6714768E-02  0.1566442E-02
  910  0.7617023E-02  0.1802936E-02  0.7617023E-02  0.1802936E-02
  911  0.8554519E-02  0.2052441E-02  0.8554519E-02  0.2052441E-02
  912  0.9514742E-02  0.2312111E-02  0.9514742E-02  0.2312111E-02
  913  0.1048446E-01  0.2579093E-02  0.1048446E-01  0.2579093E-02
  914  0.1144990E-01  0.2850591E-02  0.1144990E-01  0.2850591E-02
  915  0.1239676E-01  0.3123844E-02  0.1239676E-01  0.3123844E-02
  916  0.1331015E-01  0.3396036E-02  0.1331015E-01  0.3396036E-02
  917  0.1417464E-01  0.3664185E-02  0.1417464E-01  0.3664185E-02
  918  0.1499450E-01  0.3928678E-02  0.1499450E-01  0.3928678E-02
  919  0.1571450E-01  0.4179088E-02  0.1571450E-01  0.4179088E-02
  920  0.1633856E-01  0.4414887E-02  0.1633856E-01  0.4414887E-02
  921  0.1685254E-01  0.4632087E-02  0.1685254E-01  0.4632087E-02
  922  0.1724456E-01  0.4826746E-02  0.1724456E-01  0.4826746E-02
  923  0.1750598E-01  0.4995224E-02  0.1750598E-01  0.4995224E-02
  924  0.1763236E-01  0.5134472E-02  0.1763236E-01  0.5134472E-02
  925  0.1766197E-01  0.5256604E-02  0.1766197E-01  0.5256604E-02
  926  0.1752390E-01  0.5331575E-02  0.1752390E-01  0.5331575E-02
  927  0.1726947E-01  0.5374519E-02  0.1726947E-01  0.5374519E-02
  928  0.1691432E-01  0.5386379E-02  0.1691432E-01  0.5386379E-02
  929  0.1647871E-01  0.5369266E-02  0.1647871E-01  0.5369266E-02
  930  0.1603203E-01  0.5356345E-02  0.1603203E-01  0.5356345E-02
  931  0.1550573E-01  0.5288257E-02  0.1550573E-01  0.5288257E-02
  932  0.1497652E-01  0.5203358E-02  0.1497652E-01  0.5203358E-02
  933  0.1446911E-01  0.5104747E-02  0.1446911E-01  0.5104747E-02
  934  0.1405120E-01  0.5044830E-02  0.1405120E-01  0.5044830E-02
  935  0.1365313E-01  0.4922702E-02  0.1365313E-01  0.4922702E-02
  936  0.1334147E-01  0.4800558E-02  0.1334147E-01  0.4800558E-02
  937  0.1312899E-01  0.4679060E-02  0.1312899E-01  0.4679060E-02
  938  0.1305936E-01  0.4619642E-02  0.1305936E-01  0.4619642E-02
  939  0.1307039E-01  0.4496522E-02  0.1307039E-01  0.4496522E-02
  940  0.1319913E-01  0.4382100E-02  0.1319913E-01  0.4382100E-02
  941  0.1346668E-01  0.4349089E-02  0.1346668E-01  0.4349089E-02
  942  0.1382736E-01  0.4238291E-02  0.1382736E-01  0.4238291E-02
  943  0.1429542E-01  0.4141054E-02  0.1429542E-01  0.4141054E-02
  944  0.1487485E-01  0.4132570E-02  0.1487485E-01  0.4132570E-02
  945  0.1554076E-01  0.4041472E-02  0.1554076E-01  0.4041472E-02
  946  0.1628275E-01  0.4065482E-02  0.1628275E-01  0.4065482E-02
  947  0.1711586E-01  0.3973130E-02  0.1711586E-01  0.3973130E-02
  948  0.1800941E-01  0.3904208E-02  0.1800941E-01  0.3904208E-02
  949  0.1894817E-01  0.3929544E-02  0.1894817E-01  0.3929544E-02
  950  0.1994781E-01  0.3864396E-02  0.1994781E-01  0.3864396E-02
  951  0.2095879E-01  0.3902730E-02  0.2095879E-01  0.3902730E-02
  952  0.2202137E-01  0.3837923E-02  0.2202137E-01  0.3837923E-02
  953  0.2306063E-01  0.3884303E-02  0.2306063E-01  0.3884303E-02
  954  0.2413780E-01  0.3817174E-02  0.2413780E-01  0.3817174E-02
  955  0.2518889E-01  0.3775908E-02  0.2518889E-01  0.3775908E-02
  956  0.2619649E-01  0.3795515E-02  0.2619649E-01  0.3795515E-02
  957  0.2717950E-01  0.3755622E-02  0.2717950E-01  0.3755622E-02
  958  0.2809318E-01  0.3767723E-02  0.2809318E-01  0.3767723E-02
  959  0.1222815E-03  0.1256892E-04  0.1222815E-03  0.1256892E-04
  960  0.1521805E-03  0.1596477E-04  0.1521805E-03  0.1596477E-04
  961  0.1889448E-03  0.2029441E-04  0.1889448E-03  0.2029441E-04
  962  0.2340835E-03  0.2581813E-04  0.2340835E-03  0.2581813E-04
  963  0.2896799E-03  0.3287161E-04  0.2896799E-03  0.3287161E-04
  964  0.3577665E-03  0.4186727E-04  0.3577665E-03  0.4186727E-04
  965  0.4409466E-03  0.5332322E-04  0.4409466E-03  0.5332322E-04
  966  0.5422701E-03  0.6787655E-04  0.5422701E-03  0.6787655E-04
  967  0.6652506E-03  0.8629745E-04  0.6652506E-03  0.8629745E-04
  968  0.8138496E-03  0.1094969E-03  0.8138496E-03  0.1094969E-03
  969  0.9916828E-03  0.1384853E-03  0.9916828E-03  0.1384853E-03
  970  0.1204637E-02  0.1744856E-03  0.1204637E-02  0.1744856E-03
  971  0.1456687E-02  0.2187005E-03  0.1456687E-02  0.2187005E-03
  972  0.1752109E-02  0.2723552E-03  0.1752109E-02  0.2723552E-03
  973  0.2094489E-02  0.3365725E-03  0.2094489E-02  0.3365725E-03
  974  0.2486321E-02  0.4122612E-03  0.2486321E-02  0.4122612E-03
  975  0.2928651E-02  0.5000098E-03  0.2928651E-02  0.5000098E-03
  976  0.3420859E-02  0.6000101E-03  0.3420859E-02  0.6000101E-03
  977  0.3960626E-02  0.7120315E-03  0.3960626E-02  0.7120315E-03
  978  0.4544089E-02  0.8354539E-03  0.4544089E-02  0.8354539E-03
  979  0.5166119E-02  0.9693498E-03  0.5166119E-02  0.9693498E-03
  980  0.5820636E-02  0.1112588E-02  0.5820636E-02  0.1112588E-02
  981  0.6500840E-02  0.1263928E-02  0.6500840E-02  0.1263928E-02
  982  0.7205475E-02  0.1423101E-02  0.7205475E-02  0.1423101E-02
  983  0.7914905E-02  0.1586891E-02  0.7914905E-02  0.1586891E-02
  984  0.8625578E-02  0.1754722E-02  0.8625578E-02  0.1754722E-02
  985  0.9327465E-02  0.1924976E-02  0.9327465E-02  0.1924976E-02
  986  0.1000938E-01  0.2095779E-02  0.1000938E-01  0.2095779E-02
  987  0.1065905E-01  0.2264941E-02  0.1065905E-01  0.2264941E-02
  988  0.1126337E-01  0.2429939E-02  0.1126337E-01  0.2429939E-02
  989  0.1182391E-01  0.2592958E-02  0.1182391E-01  0.2592958E-02
  990  0.1229918E-01  0.2741332E-02  0.1229918E-01  0.2741332E-02
  991  0.1269216E-01  0.2877036E-02  0.1269216E-01  0.2877036E-02
  992  0.1299420E-01  0.2997332E-02  0.1299420E-01  0.2997332E-02
  993  0.1320048E-01  0.3100032E-02  0.1320048E-01  0.3100032E-02
  994  0.1333299E-01  0.3195188E-02  0.1333299E-01  0.3195188E-02
  995  0.1335418E-01  0.3259346E-02  0.1335418E-01  0.3259346E-02
  996  0.1329581E-01  0.3304598E-02  0.1329581E-01  0.3304598E-02
  997  0.1319875E-01  0.3352802E-02  0.1319875E-01  0.3352802E-02
  998  0.1303363E-01  0.3362432E-02  0.1303363E-01  0.3362432E-02
  999  0.1284939E-01  0.3359889E-02  0.1284939E-01  0.3359889E-02
 1000  0.1269639E-01  0.3377998E-02  0.1269639E-01  0.3377998E-02
 1001  0.1255213E-01  0.3353833E-02  0.1255213E-01  0.3353833E-02
 1002  0.1246623E-01  0.3327161E-02  0.1246623E-01  0.3327161E-02
 1003  0.1248393E-01  0.3337024E-02  0.1248393E-01  0.3337024E-02
 1004  0.1258123E-01  0.3305331E-02  0.1258123E-01  0.3305331E-02
 1005  0.1280941E-01  0.3327589E-02  0.1280941E-01  0.3327589E-02
 1006  0.1314793E-01  0.3297244E-02  0.1314793E-01  0.3297244E-02
 1007  0.1362225E-01  0.3335504E-02  0.1362225E-01  0.3335504E-02
 1008  0.1421777E-01  0.3311592E-02  0.1421777E-01  0.3311592E-02
 1009  0.1493461E-01  0.3364120E-02  0.1493461E-01  0.3364120E-02
 1010  0.1576420E-01  0.3350964E-02  0.1576420E-01  0.3350964E-02
 1011  0.1668901E-01  0.3413577E-02  0.1668901E-01  0.3413577E-02
 1012  0.1768780E-01  0.3496399E-02  0.1768780E-01  0.3496399E-02
 1013  0.1878230E-01  0.3481608E-02  0.1878230E-01  0.3481608E-02
 1014  0.1990828E-01  0.3557581E-02  0.1990828E-01  0.3557581E-02
 1015  0.2106197E-01  0.3644746E-02  0.2106197E-01  0.3644746E-02
 1016  0.2226763E-01  0.3632344E-02  0.2226763E-01  0.3632344E-02
 1017  0.2344456E-01  0.3700410E-02  0.2344456E-01  0.3700410E-02
 1018  0.2459724E-01  0.3765302E-02  0.2459724E-01  0.3765302E-02
 1019  0.2570491E-01  0.3826354E-02  0.2570491E-01  0.3826354E-02
 1020  0.2677794E-01  0.3807608E-02  0.2677794E-01  0.3807608E-02
 1021  0.2774336E-01  0.3842167E-02  0.2774336E-01  0.3842167E-02
 1022  0.9682650E-03  0.3518276E-03  0.7312727E-03  0.2750005E-03
 1023  0.2336824E-02  0.9198052E-03  0.2329601E-02  0.8615923E-03
 1024  0.3058262E-02  0.1259554E-02  0.3054361E-02  0.1119687E-02
 1025  0.4226236E-02  0.1872060E-02  0.4223340E-02  0.1527528E-02
 1026  0.6531777E-02  0.2838758E-02  0.6531342E-02  0.2333445E-02
 1027  0.7673478E-02  0.3117868E-02  0.7673392E-02  0.2733431E-02
 1028  0.9303233E-02  0.3482180E-02  0.9303228E-02  0.3308662E-02
 1029  0.1222751E-01  0.4367353E-02  0.1222751E-01  0.4352970E-02
 1030  0.1513432E-01  0.5421326E-02  0.1513432E-01  0.5421040E-02
 1031  0.1781822E-01  0.6456899E-02  0.1781822E-01  0.6456898E-02
 1032  0.1889301E-01  0.6902114E-02  0.1889301E-01  0.6902114E-02
 1033  0.2000710E-01  0.7396526E-02  0.2000710E-01  0.7396526E-02
 1034  0.2147253E-01  0.8141354E-02  0.2147253E-01  0.8141354E-02
 1035  0.2241117E-01  0.8829257E-02  0.2241117E-01  0.8829257E-02
 1036  0.2237244E-01  0.9204389E-02  0.2237244E-01  0.9204389E-02
 1037  0.2205127E-01  0.9294184E-02  0.2205127E-01  0.9294184E-02
 1038  0.2021260E-01  0.9197944E-02  0.2021260E-01  0.9197944E-02
 1039  0.1850057E-01  0.8887987E-02  0.1850057E-01  0.8887987E-02
 1040  0.1661339E-01  0.8404972E-02  0.1661339E-01  0.8404972E-02
 1041  0.1495533E-01  0.7893234E-02  0.1495533E-01  0.7893234E-02
 1042  0.1351835E-01  0.7302311E-02  0.1351835E-01  0.7302311E-02
 1043  0.1256711E-01  0.6777174E-02  0.1256711E-01  0.6777174E-02
 1044  0.1206810E-01  0.6300115E-02  0.1206810E-01  0.6300115E-02
 1045  0.1198211E-01  0.5798235E-02  0.1198211E-01  0.5798235E-02
 1046  0.1236215E-01  0.5424295E-02  0.1236215E-01  0.5424295E-02
 1047  0.1311738E-01  0.5120446E-02  0.1311738E-01  0.5120446E-02
 1048  0.1419364E-01  0.4743836E-02  0.1419364E-01  0.4743836E-02
 1049  0.1559023E-01  0.4516120E-02  0.1559023E-01  0.4516120E-02
 1050  0.1722947E-01  0.4339181E-02  0.1722947E-01  0.4339181E-02
 1051  0.1909040E-01  0.4073206E-02  0.1909040E-01  0.4073206E-02
 1052  0.2107689E-01  0.3939231E-02  0.2107689E-01  0.3939231E-02
 1053  0.2312122E-01  0.3760576E-02  0.2312122E-01  0.3760576E-02
 1054  0.9773063E-10  0.4211997E-08  0.0000000E+00  0.0000000E+00
 1055  0.5096358E-08  0.1010886E-06  0.0000000E+00  0.0000000E+00
 1056  0.1418744E-06  0.5315687E-02  0.0000000E+00  0.0000000E+00
 1057  0.2325733E-05  0.1178287E+02  0.0000000E+00  0.0000000E+00
 1058  0.2004939E-02  0.1412977E-01  0.1137819E-02  0.8039512E-03
 1059  0.5738649E-02  0.7026040E-02  0.5248333E-02  0.3761707E-02
 1060  0.9433657E-02  0.9557995E-02  0.9108382E-02  0.6473640E-02
 1061  0.1204901E-01  0.1190418E-01  0.1185379E-01  0.8338817E-02
 1062  0.1450627E-01  0.1447822E-01  0.1438246E-01  0.1004194E-01
 1063  0.1667976E-01  0.1593974E-01  0.1663722E-01  0.1156343E-01
 1064  0.1856121E-01  0.1621381E-01  0.1855340E-01  0.1289181E-01
 1065  0.2011456E-01  0.1586488E-01  0.2011379E-01  0.1402026E-01
 1066  0.2127532E-01  0.1566892E-01  0.2127528E-01  0.1494123E-01
 1067  0.2205185E-01  0.1585179E-01  0.2205185E-01  0.1564973E-01
 1068  0.2241916E-01  0.1617953E-01  0.2241916E-01  0.1614011E-01
 1069  0.2242653E-01  0.1642075E-01  0.2242653E-01  0.1641535E-01
 1070  0.2207095E-01  0.1648100E-01  0.2207095E-01  0.1648048E-01
 1071  0.2143797E-01  0.1635488E-01  0.2143797E-01  0.1635484E-01
 1072  0.2056797E-01  0.1606090E-01  0.2056797E-01  0.1606090E-01
 1073  0.1948311E-01  0.1562137E-01  0.1948311E-01  0.1562137E-01
 1074  0.1831301E-01  0.1507704E-01  0.1831301E-01  0.1507704E-01
 1075  0.1708898E-01  0.1445652E-01  0.1708898E-01  0.1445652E-01
 1076  0.1580332E-01  0.1377422E-01  0.1580332E-01  0.1377422E-01
 1077  0.1460223E-01  0.1307783E-01  0.1460223E-01  0.1307783E-01
 1078  0.1341471E-01  0.1236237E-01  0.1341471E-01  0.1236237E-01
 1079  0.1237283E-01  0.1167050E-01  0.1237283E-01  0.1167050E-01
 1080  0.1144501E-01  0.1100461E-01  0.1144501E-01  0.1100461E-01
 1081  0.1056840E-01  0.1034252E-01  0.1056840E-01  0.1034252E-01
 1082  0.9880001E-02  0.9739415E-02  0.9880001E-02  0.9739415E-02
 1083  0.9318127E-02  0.9181032E-02  0.9318127E-02  0.9181032E-02
 1084  0.8801236E-02  0.8616757E-02  0.8801236E-02  0.8616757E-02
 1085  0.8470940E-02  0.8132034E-02  0.8470940E-02  0.8132034E-02
 1086  0.8181484E-02  0.7640671E-02  0.8181484E-02  0.7640671E-02
 1087  0.8062503E-02  0.7226509E-02  0.8062503E-02  0.7226509E-02
 1088  0.7977643E-02  0.6801728E-02  0.7977643E-02  0.6801728E-02
 1089  0.8048455E-02  0.6451104E-02  0.8048455E-02  0.6451104E-02
 1090  0.8204163E-02  0.6138882E-02  0.8204163E-02  0.6138882E-02
 1091  0.8392146E-02  0.5789820E-02  0.8392146E-02  0.5789820E-02
 1092  0.8712224E-02  0.5527670E-02  0.8712224E-02  0.5527670E-02
 1093  0.9067552E-02  0.5226890E-02  0.9067552E-02  0.5226890E-02
 1094  0.9542098E-02  0.5007750E-02  0.9542098E-02  0.5007750E-02
 1095  0.1005647E-01  0.4748107E-02  0.1005647E-01  0.4748107E-02
 1096  0.1067738E-01  0.4565947E-02  0.1067738E-01  0.4565947E-02
 1097  0.1134285E-01  0.4341334E-02  0.1134285E-01  0.4341334E-02
 1098  0.1210064E-01  0.4191686E-02  0.1210064E-01  0.4191686E-02
 1099  0.1290645E-01  0.3996624E-02  0.1290645E-01  0.3996624E-02
 1100  0.1377401E-01  0.3824506E-02  0.1377401E-01  0.3824506E-02
 1101  0.1471728E-01  0.3706267E-02  0.1471728E-01  0.3706267E-02
 1102  0.1569740E-01  0.3558566E-02  0.1569740E-01  0.3558566E-02
 1103  0.1672258E-01  0.3427425E-02  0.1672258E-01  0.3427425E-02
 1104  0.1779767E-01  0.3337646E-02  0.1779767E-01  0.3337646E-02
 1105  0.1889160E-01  0.3226874E-02  0.1889160E-01  0.3226874E-02
 1106  0.2000537E-01  0.3129290E-02  0.2000537E-01  0.3129290E-02
 1107  0.2113611E-01  0.3064807E-02  0.2113611E-01  0.3064807E-02
 1108  0.2226146E-01  0.2984062E-02  0.2226146E-01  0.2984062E-02
 1109  0.2337619E-01  0.2914374E-02  0.2337619E-01  0.2914374E-02
 1110  0.2447023E-01  0.2854294E-02  0.2447023E-01  0.2854294E-02
 1111  0.2553356E-01  0.2802901E-02  0.2553356E-01  0.2802901E-02
 1112  0.2655980E-01  0.2770741E-02  0.2655980E-01  0.2770741E-02
 1113  0.2753351E-01  0.2732648E-02  0.2753351E-01  0.2732648E-02
 1114  0.2844946E-01  0.2702212E-02  0.2844946E-01  0.2702212E-02
 1115  0.1772839E-12  0.1688791E-09  0.0000000E+00  0.0000000E+00
 1116  0.9712474E-11  0.1286115E-05  0.0000000E+00  0.0000000E+00
 1117  0.2780821E-09  0.2995391E-04  0.0000000E+00  0.0000000E+00
 1118  0.5327788E-08  0.3029204E+02  0.0000000E+00  0.0000000E+00
 1119  0.5226524E-03  0.1689254E-03  0.4672203E-03  0.1478954E-03
 1120  0.1224028E-02  0.3950970E-03  0.1223306E-02  0.3811782E-03
 1121  0.1797589E-02  0.5968380E-03  0.1797209E-02  0.5525149E-03
 1122  0.2371613E-02  0.8202078E-03  0.2371304E-02  0.7218004E-03
 1123  0.3040308E-02  0.1071172E-02  0.3040130E-02  0.9195827E-03
 1124  0.3808173E-02  0.1310327E-02  0.3808119E-02  0.1148386E-02
 1125  0.4676084E-02  0.1529518E-02  0.4676076E-02  0.1409544E-02
 1126  0.5640507E-02  0.1764526E-02  0.5640506E-02  0.1702886E-02
 1127  0.6693351E-02  0.2048562E-02  0.6693351E-02  0.2026599E-02
 1128  0.7822224E-02  0.2382751E-02  0.7822224E-02  0.2377324E-02
 1129  0.9011113E-02  0.2751402E-02  0.9011113E-02  0.2750472E-02
 1130  0.1024137E-01  0.3140802E-02  0.1024137E-01  0.3140691E-02
 1131  0.1149277E-01  0.3542364E-02  0.1149277E-01  0.3542355E-02
 1132  0.1274435E-01  0.3949953E-02  0.1274435E-01  0.3949953E-02
 1133  0.1397503E-01  0.4358305E-02  0.1397503E-01  0.4358305E-02
 1134  0.1516393E-01  0.4762593E-02  0.1516393E-01  0.4762593E-02
 1135  0.1629055E-01  0.5158255E-02  0.1629055E-01  0.5158255E-02
 1136  0.1733487E-01  0.5540799E-02  0.1733487E-01  0.5540799E-02
 1137  0.1827760E-01  0.5905639E-02  0.1827760E-01  0.5905639E-02
 1138  0.1910058E-01  0.6247993E-02  0.1910058E-01  0.6247993E-02
 1139  0.1981846E-01  0.6567704E-02  0.1981846E-01  0.6567704E-02
 1140  0.2035507E-01  0.6850417E-02  0.2035507E-01  0.6850417E-02
 1141  0.2073163E-01  0.7095972E-02  0.2073163E-01  0.7095972E-02
 1142  0.2094169E-01  0.7300082E-02  0.2094169E-01  0.7300082E-02
 1143  0.2098384E-01  0.7459363E-02  0.2098384E-01  0.7459363E-02
 1144  0.2086214E-01  0.7571637E-02  0.2086214E-01  0.7571637E-02
 1145  0.2058620E-01  0.7636166E-02  0.2058620E-01  0.7636166E-02
 1146  0.2022076E-01  0.7669373E-02  0.2022076E-01  0.7669373E-02
 1147  0.1968404E-01  0.7642124E-02  0.1968404E-01  0.7642124E-02
 1148  0.1905194E-01  0.7574167E-02  0.1905194E-01  0.7574167E-02
 1149  0.1834966E-01  0.7469945E-02  0.1834966E-01  0.7469945E-02
 1150  0.1760385E-01  0.7334653E-02  0.1760385E-01  0.7334653E-02
 1151  0.1690116E-01  0.7206387E-02  0.1690116E-01  0.7206387E-02
 1152  0.1614363E-01  0.7023571E-02  0.1614363E-01  0.7023571E-02
 1153  0.1542031E-01  0.6827346E-02  0.1542031E-01  0.6827346E-02
 1154  0.1475095E-01  0.6622073E-02  0.1475095E-01  0.6622073E-02
 1155  0.1421374E-01  0.6469915E-02  0.1421374E-01  0.6469915E-02
 1156  0.1369417E-01  0.6250660E-02  0.1369417E-01  0.6250660E-02
 1157  0.1327255E-01  0.6036909E-02  0.1327255E-01  0.6036909E-02
 1158  0.1295417E-01  0.5829124E-02  0.1295417E-01  0.5829124E-02
 1159  0.1274234E-01  0.5628521E-02  0.1274234E-01  0.5628521E-02
 1160  0.1268166E-01  0.5506930E-02  0.1268166E-01  0.5506930E-02
 1161  0.1268215E-01  0.5315681E-02  0.1268215E-01  0.5315681E-02
 1162  0.1278748E-01  0.5137524E-02  0.1278748E-01  0.5137524E-02
 1163  0.1299323E-01  0.4971375E-02  0.1299323E-01  0.4971375E-02
 1164  0.1331961E-01  0.4902351E-02  0.1331961E-01  0.4902351E-02
 1165  0.1371121E-01  0.4746780E-02  0.1371121E-01  0.4746780E-02
 1166  0.1418660E-01  0.4606617E-02  0.1418660E-01  0.4606617E-02
 1167  0.1473965E-01  0.4479411E-02  0.1473965E-01  0.4479411E-02
 1168  0.1537106E-01  0.4454981E-02  0.1537106E-01  0.4454981E-02
 1169  0.1606381E-01  0.4335300E-02  0.1606381E-01  0.4335300E-02
 1170  0.1681369E-01  0.4230832E-02  0.1681369E-01  0.4230832E-02
 1171  0.1761435E-01  0.4138480E-02  0.1761435E-01  0.4138480E-02
 1172  0.1845231E-01  0.4143770E-02  0.1845231E-01  0.4143770E-02
 1173  0.1933889E-01  0.4055085E-02  0.1933889E-01  0.4055085E-02
 1174  0.2025240E-01  0.3980156E-02  0.2025240E-01  0.3980156E-02
 1175  0.2118564E-01  0.3915649E-02  0.2118564E-01  0.3915649E-02
 1176  0.2211628E-01  0.3936619E-02  0.2211628E-01  0.3936619E-02
 1177  0.2307098E-01  0.3871962E-02  0.2307098E-01  0.3871962E-02
 1178  0.2401781E-01  0.3819102E-02  0.2401781E-01  0.3819102E-02
 1179  0.2494909E-01  0.3774589E-02  0.2494909E-01  0.3774589E-02
 1180  0.2583892E-01  0.3801523E-02  0.2583892E-01  0.3801523E-02
 1181  0.2672132E-01  0.3752704E-02  0.2672132E-01  0.3752704E-02
 1182  0.2756073E-01  0.3714048E-02  0.2756073E-01  0.3714048E-02
 1183  0.2835101E-01  0.3681776E-02  0.2835101E-01  0.3681776E-02
 1184  0.4382401E-13  0.2884272E-05  0.0000000E+00  0.0000000E+00
 1185  0.9794537E-12  0.8021217E+01  0.0000000E+00  0.0000000E+00
 1186  0.6527010E-04  0.1838651E-01  0.6469063E-04  0.1400933E-04
 1187  0.2424512E-03  0.5170820E-04  0.2424508E-03  0.5150690E-04
 1188  0.3896349E-03  0.8227125E-04  0.3896346E-03  0.8151428E-04
 1189  0.5146195E-03  0.1084579E-03  0.5146192E-03  0.1065018E-03
 1190  0.6681926E-03  0.1406918E-03  0.6681924E-03  0.1372185E-03
 1191  0.8528635E-03  0.1791855E-03  0.8528634E-03  0.1749475E-03
 1192  0.1076527E-02  0.2247870E-03  0.1076527E-02  0.2212337E-03
 1193  0.1343748E-02  0.2798047E-03  0.1343748E-02  0.2777574E-03
 1194  0.1660324E-02  0.3471572E-03  0.1660324E-02  0.3463466E-03
 1195  0.2031857E-02  0.4291025E-03  0.2031857E-02  0.4288820E-03
 1196  0.2463356E-02  0.5272162E-03  0.2463356E-02  0.5271750E-03
 1197  0.2958760E-02  0.6428173E-03  0.2958760E-02  0.6428120E-03
 1198  0.3520437E-02  0.7769791E-03  0.3520437E-02  0.7769786E-03
 1199  0.4148731E-02  0.9302919E-03  0.4148731E-02  0.9302919E-03
 1200  0.4841653E-02  0.1102675E-02  0.4841653E-02  0.1102675E-02
 1201  0.5594776E-02  0.1293306E-02  0.5594776E-02  0.1293306E-02
 1202  0.6394916E-02  0.1500234E-02  0.6394916E-02  0.1500234E-02
 1203  0.7245231E-02  0.1722083E-02  0.7245231E-02  0.1722083E-02
 1204  0.8130114E-02  0.1956050E-02  0.8130114E-02  0.1956050E-02
 1205  0.9038477E-02  0.2199469E-02  0.9038477E-02  0.2199469E-02
 1206  0.9958661E-02  0.2449652E-02  0.9958661E-02  0.2449652E-02
 1207  0.1087868E-01  0.2703989E-02  0.1087868E-01  0.2703989E-02
 1208  0.1178633E-01  0.2959972E-02  0.1178633E-01  0.2959972E-02
 1209  0.1266918E-01  0.3215156E-02  0.1266918E-01  0.3215156E-02
 1210  0.1353159E-01  0.3469654E-02  0.1353159E-01  0.3469654E-02
 1211  0.1432802E-01  0.3716173E-02  0.1432802E-01  0.3716173E-02
 1212  0.1506120E-01  0.3954161E-02  0.1506120E-01  0.3954161E-02
 1213  0.1571845E-01  0.4180691E-02  0.1571845E-01  0.4180691E-02
 1214  0.1628775E-01  0.4392685E-02  0.1628775E-01  0.4392685E-02
 1215  0.1675835E-01  0.4587007E-02  0.1675835E-01  0.4587007E-02
 1216  0.1712138E-01  0.4760614E-02  0.1712138E-01  0.4760614E-02
 1217  0.1737057E-01  0.4910748E-02  0.1737057E-01  0.4910748E-02
 1218  0.1750286E-01  0.5035131E-02  0.1750286E-01  0.5035131E-02
 1219  0.1751889E-01  0.5132150E-02  0.1751889E-01  0.5132150E-02
 1220  0.1742325E-01  0.5200993E-02  0.1742325E-01  0.5200993E-02
 1221  0.1722452E-01  0.5241726E-02  0.1722452E-01  0.5241726E-02
 1222  0.1697612E-01  0.5275463E-02  0.1697612E-01  0.5275463E-02
 1223  0.1661049E-01  0.5263644E-02  0.1661049E-01  0.5263644E-02
 1224  0.1618841E-01  0.5229143E-02  0.1618841E-01  0.5229143E-02
 1225  0.1572941E-01  0.5174704E-02  0.1572941E-01  0.5174704E-02
 1226  0.1525401E-01  0.5103438E-02  0.1525401E-01  0.5103438E-02
 1227  0.1478274E-01  0.5018601E-02  0.1478274E-01  0.5018601E-02
 1228  0.1437954E-01  0.4969584E-02  0.1437954E-01  0.4969584E-02
 1229  0.1397109E-01  0.4863080E-02  0.1397109E-01  0.4863080E-02
 1230  0.1362215E-01  0.4754232E-02  0.1362215E-01  0.4754232E-02
 1231  0.1334535E-01  0.4644472E-02  0.1334535E-01  0.4644472E-02
 1232  0.1315102E-01  0.4535545E-02  0.1315102E-01  0.4535545E-02
 1233  0.1304674E-01  0.4429088E-02  0.1304674E-01  0.4429088E-02
 1234  0.1306652E-01  0.4391018E-02  0.1306652E-01  0.4391018E-02
 1235  0.1315366E-01  0.4287103E-02  0.1315366E-01  0.4287103E-02
 1236  0.1333821E-01  0.4191540E-02  0.1333821E-01  0.4191540E-02
 1237  0.1361776E-01  0.4103830E-02  0.1361776E-01  0.4103830E-02
 1238  0.1399811E-01  0.4113519E-02  0.1399811E-01  0.4113519E-02
 1239  0.1445717E-01  0.4026483E-02  0.1445717E-01  0.4026483E-02
 1240  0.1499514E-01  0.3953489E-02  0.1499514E-01  0.3953489E-02
 1241  0.1560554E-01  0.3891037E-02  0.1560554E-01  0.3891037E-02
 1242  0.1627029E-01  0.3942047E-02  0.1627029E-01  0.3942047E-02
 1243  0.1701087E-01  0.3874273E-02  0.1701087E-01  0.3874273E-02
 1244  0.1779790E-01  0.3824126E-02  0.1779790E-01  0.3824126E-02
 1245  0.1862493E-01  0.3785218E-02  0.1862493E-01  0.3785218E-02
 1246  0.1946094E-01  0.3856401E-02  0.1946094E-01  0.3856401E-02
 1247  0.2035462E-01  0.3808546E-02  0.2035462E-01  0.3808546E-02
 1248  0.2125887E-01  0.3777916E-02  0.2125887E-01  0.3777916E-02
 1249  0.2216748E-01  0.3757201E-02  0.2216748E-01  0.3757201E-02
 1250  0.2304752E-01  0.3827228E-02  0.2304752E-01  0.3827228E-02
 1251  0.2395034E-01  0.3797065E-02  0.2395034E-01  0.3797065E-02
 1252  0.2482747E-01  0.3780226E-02  0.2482747E-01  0.3780226E-02
 1253  0.2567272E-01  0.3770468E-02  0.2567272E-01  0.3770468E-02
 1254  0.2645895E-01  0.3825568E-02  0.2645895E-01  0.3825568E-02
 1255  0.2722582E-01  0.3806905E-02  0.2722582E-01  0.3806905E-02
 1256  0.2793520E-01  0.3796520E-02  0.2793520E-01  0.3796520E-02
 1257  0.2858245E-01  0.3789973E-02  0.2858245E-01  0.3789973E-02
 1258  0.2914996E-01  0.3824167E-02  0.2914996E-01  0.3824167E-02
 1259  0.4098987E-04  0.2935101E-05  0.4098987E-04  0.2935101E-05
 1260  0.5008156E-04  0.3674551E-05  0.5008156E-04  0.3674551E-05
 1261  0.6111551E-04  0.4606458E-05  0.6111551E-04  0.4606458E-05
 1262  0.7450287E-04  0.5782866E-05  0.7450287E-04  0.5782866E-05
 1263  0.9074189E-04  0.7270171E-05  0.9074189E-04  0.7270171E-05
 1264  0.1104360E-03  0.9153007E-05  0.1104360E-03  0.9153007E-05
 1265  0.1343150E-03  0.1153908E-04  0.1343150E-03  0.1153908E-04
 1266  0.1632601E-03  0.1456508E-04  0.1632601E-03  0.1456508E-04
 1267  0.1984899E-03  0.1840797E-04  0.1984899E-03  0.1840797E-04
 1268  0.2412073E-03  0.2328340E-04  0.2412073E-03  0.2328340E-04
 1269  0.2929483E-03  0.2946337E-04  0.2929483E-03  0.2946337E-04
 1270  0.3555283E-03  0.3728410E-04  0.3555283E-03  0.3728410E-04
 1271  0.4310668E-03  0.4715588E-04  0.4310668E-03  0.4715588E-04
 1272  0.5219996E-03  0.5957130E-04  0.5219996E-03  0.5957130E-04
 1273  0.6307237E-03  0.7508918E-04  0.6307237E-03  0.7508918E-04
 1274  0.7608945E-03  0.9440733E-04  0.7608945E-03  0.9440733E-04
 1275  0.9153871E-03  0.1182442E-03  0.9153871E-03  0.1182442E-03
 1276  0.1097416E-02  0.1473789E-03  0.1097416E-02  0.1473789E-03
 1277  0.1310028E-02  0.1825937E-03  0.1310028E-02  0.1825937E-03
 1278  0.1555864E-02  0.2246186E-03  0.1555864E-02  0.2246186E-03
 1279  0.1836897E-02  0.2740668E-03  0.1836897E-02  0.2740668E-03
 1280  0.2154203E-02  0.3313722E-03  0.2154203E-02  0.3313722E-03
 1281  0.2507804E-02  0.3967405E-03  0.2507804E-02  0.3967405E-03
 1282  0.2896624E-02  0.4701277E-03  0.2896624E-02  0.4701277E-03
 1283  0.3318569E-02  0.5512507E-03  0.3318569E-02  0.5512507E-03
 1284  0.3770700E-02  0.6396280E-03  0.3770700E-02  0.6396280E-03
 1285  0.4249447E-02  0.7346371E-03  0.4249447E-02  0.7346371E-03
 1286  0.4750807E-02  0.8355727E-03  0.4750807E-02  0.8355727E-03
 1287  0.5270455E-02  0.9416877E-03  0.5270455E-02  0.9416877E-03
 1288  0.5803755E-02  0.1052207E-02  0.5803755E-02  0.1052207E-02
 1289  0.6345674E-02  0.1166315E-02  0.6345674E-02  0.1166315E-02
 1290  0.6890643E-02  0.1283115E-02  0.6890643E-02  0.1283115E-02
 1291  0.7432408E-02  0.1401585E-02  0.7432408E-02  0.1401585E-02
 1292  0.7971118E-02  0.1522515E-02  0.7971118E-02  0.1522515E-02
 1293  0.8485759E-02  0.1640875E-02  0.8485759E-02  0.1640875E-02
 1294  0.8974270E-02  0.1756795E-02  0.8974270E-02  0.1756795E-02
 1295  0.9428149E-02  0.1868545E-02  0.9428149E-02  0.1868545E-02
 1296  0.9839191E-02  0.1974326E-02  0.9839191E-02  0.1974326E-02
 1297  0.1020011E-01  0.2072390E-02  0.1020011E-01  0.2072390E-02
 1298  0.1051801E-01  0.2167851E-02  0.1051801E-01  0.2167851E-02
 1299  0.1076536E-01  0.2246520E-02  0.1076536E-01  0.2246520E-02
 1300  0.1095317E-01  0.2314128E-02  0.1095317E-01  0.2314128E-02
 1301  0.1108404E-01  0.2370322E-02  0.1108404E-01  0.2370322E-02
 1302  0.1116404E-01  0.2415361E-02  0.1116404E-01  0.2415361E-02
 1303  0.1121968E-01  0.2463820E-02  0.1121968E-01  0.2463820E-02
 1304  0.1123120E-01  0.2489758E-02  0.1123120E-01  0.2489758E-02
 1305  0.1122897E-01  0.2508626E-02  0.1122897E-01  0.2508626E-02
 1306  0.1124609E-01  0.2544890E-02  0.1124609E-01  0.2544890E-02
 1307  0.1126978E-01  0.2553415E-02  0.1126978E-01  0.2553415E-02
 1308  0.1133209E-01  0.2561672E-02  0.1133209E-01  0.2561672E-02
 1309  0.1146310E-01  0.2602786E-02  0.1146310E-01  0.2602786E-02
 1310  0.1165351E-01  0.2610516E-02  0.1165351E-01  0.2610516E-02
 1311  0.1192542E-01  0.2624096E-02  0.1192542E-01  0.2624096E-02
 1312  0.1229752E-01  0.2681209E-02  0.1229752E-01  0.2681209E-02
 1313  0.1275752E-01  0.2702448E-02  0.1275752E-01  0.2702448E-02
 1314  0.1331433E-01  0.2780719E-02  0.1331433E-01  0.2780719E-02
 1315  0.1396521E-01  0.2810268E-02  0.1396521E-01  0.2810268E-02
 1316  0.1469362E-01  0.2908986E-02  0.1469362E-01  0.2908986E-02
 1317  0.1550906E-01  0.2946837E-02  0.1550906E-01  0.2946837E-02
 1318  0.1637327E-01  0.3060146E-02  0.1637327E-01  0.3060146E-02
 1319  0.1730561E-01  0.3107192E-02  0.1730561E-01  0.3107192E-02
 1320  0.1825593E-01  0.3226942E-02  0.1825593E-01  0.3226942E-02
 1321  0.1924620E-01  0.3283625E-02  0.1924620E-01  0.3283625E-02
 1322  0.2022545E-01  0.3402655E-02  0.2022545E-01  0.3402655E-02
 1323  0.2118716E-01  0.3533342E-02  0.2118716E-01  0.3533342E-02
 1324  0.2215906E-01  0.3579404E-02  0.2215906E-01  0.3579404E-02
 1325  0.7380316E-13  0.1709174E-09  0.0000000E+00  0.0000000E+00
 1326  0.3034405E-11  0.1348719E-07  0.0000000E+00  0.0000000E+00
 1327  0.6667947E-10  0.5973486E+00  0.0000000E+00  0.0000000E+00
 1328  0.1336305E-02  0.9683412E+00  0.0000000E+00  0.0000000E+00
 1329  0.4664499E-03  0.1254293E-03  0.4653985E-03  0.1238532E-03
 1330  0.8539436E-03  0.2299213E-03  0.8539086E-03  0.2237737E-03
 1331  0.1140023E-02  0.3114598E-03  0.1140002E-02  0.2948427E-03
 1332  0.1481681E-02  0.4110685E-03  0.1481665E-02  0.3799645E-03
 1333  0.1885950E-02  0.5219288E-03  0.1885943E-02  0.4816222E-03
 1334  0.2359259E-02  0.6384185E-03  0.2359257E-02  0.6022580E-03
 1335  0.2906861E-02  0.7665349E-03  0.2906861E-02  0.7440757E-03
 1336  0.3532221E-02  0.9184616E-03  0.3532221E-02  0.9088042E-03
 1337  0.4236409E-02  0.1100331E-02  0.4236409E-02  0.1097456E-02
 1338  0.5017637E-02  0.1310718E-02  0.5017637E-02  0.1310126E-02
 1339  0.5871016E-02  0.1545964E-02  0.5871016E-02  0.1545879E-02
 1340  0.6788633E-02  0.1802780E-02  0.6788633E-02  0.1802772E-02
 1341  0.7759926E-02  0.2077997E-02  0.7759926E-02  0.2077997E-02
 1342  0.8772288E-02  0.2368140E-02  0.8772288E-02  0.2368140E-02
 1343  0.9811745E-02  0.2669473E-02  0.9811745E-02  0.2669473E-02
 1344  0.1086358E-01  0.2978224E-02  0.1086358E-01  0.2978224E-02
 1345  0.1191278E-01  0.3290759E-02  0.1191278E-01  0.3290759E-02
 1346  0.1294436E-01  0.3603670E-02  0.1294436E-01  0.3603670E-02
 1347  0.1394340E-01  0.3913750E-02  0.1394340E-01  0.3913750E-02
 1348  0.1489517E-01  0.4217917E-02  0.1489517E-01  0.4217917E-02
 1349  0.1578512E-01  0.4513095E-02  0.1578512E-01  0.4513095E-02
 1350  0.1659908E-01  0.4796123E-02  0.1659908E-01  0.4796123E-02
 1351  0.1732346E-01  0.5063702E-02  0.1732346E-01  0.5063702E-02
 1352  0.1794570E-01  0.5312406E-02  0.1794570E-01  0.5312406E-02
 1353  0.1845481E-01  0.5538771E-02  0.1845481E-01  0.5538771E-02
 1354  0.1884192E-01  0.5739447E-02  0.1884192E-01  0.5739447E-02
 1355  0.1910097E-01  0.5911387E-02  0.1910097E-01  0.5911387E-02
 1356  0.1922923E-01  0.6052072E-02  0.1922923E-01  0.6052072E-02
 1357  0.1922771E-01  0.6159710E-02  0.1922771E-01  0.6159710E-02
 1358  0.1910144E-01  0.6233394E-02  0.1910144E-01  0.6233394E-02
 1359  0.1890451E-01  0.6289652E-02  0.1890451E-01  0.6289652E-02
 1360  0.1855852E-01  0.6297040E-02  0.1855852E-01  0.6297040E-02
 1361  0.1812582E-01  0.6273787E-02  0.1812582E-01  0.6273787E-02
 1362  0.1762452E-01  0.6222564E-02  0.1762452E-01  0.6222564E-02
 1363  0.1707452E-01  0.6146646E-02  0.1707452E-01  0.6146646E-02
 1364  0.1649653E-01  0.6049692E-02  0.1649653E-01  0.6049692E-02
 1365  0.1591129E-01  0.5935531E-02  0.1591129E-01  0.5935531E-02
 1366  0.1533868E-01  0.5807976E-02  0.1533868E-01  0.5807976E-02
 1367  0.1484777E-01  0.5712977E-02  0.1484777E-01  0.5712977E-02
 1368  0.1435120E-01  0.5567696E-02  0.1435120E-01  0.5567696E-02
 1369  0.1391708E-01  0.5419883E-02  0.1391708E-01  0.5419883E-02
 1370  0.1355646E-01  0.5271815E-02  0.1355646E-01  0.5271815E-02
 1371  0.1327793E-01  0.5125543E-02  0.1327793E-01  0.5125543E-02
 1372  0.1308754E-01  0.4982816E-02  0.1308754E-01  0.4982816E-02
 1373  0.1302508E-01  0.4918309E-02  0.1302508E-01  0.4918309E-02
 1374  0.1301748E-01  0.4779764E-02  0.1301748E-01  0.4779764E-02
 1375  0.1310340E-01  0.4650707E-02  0.1310340E-01  0.4650707E-02
 1376  0.1328039E-01  0.4530605E-02  0.1328039E-01  0.4530605E-02
 1377  0.1354485E-01  0.4419343E-02  0.1354485E-01  0.4419343E-02
 1378  0.1389226E-01  0.4316891E-02  0.1389226E-01  0.4316891E-02
 1379  0.1432681E-01  0.4316774E-02  0.1432681E-01  0.4316774E-02
 1380  0.1482508E-01  0.4219928E-02  0.1482508E-01  0.4219928E-02
 1381  0.1538875E-01  0.4135307E-02  0.1538875E-01  0.4135307E-02
 1382  0.1601159E-01  0.4060952E-02  0.1601159E-01  0.4060952E-02
 1383  0.1668707E-01  0.3995769E-02  0.1668707E-01  0.3995769E-02
 1384  0.1740846E-01  0.3938989E-02  0.1740846E-01  0.3938989E-02
 1385  0.1815651E-01  0.3984672E-02  0.1815651E-01  0.3984672E-02
 1386  0.1895333E-01  0.3928722E-02  0.1895333E-01  0.3928722E-02
 1387  0.1977362E-01  0.3883531E-02  0.1977362E-01  0.3883531E-02
 1388  0.2061065E-01  0.3846774E-02  0.2061065E-01  0.3846774E-02
 1389  0.2145731E-01  0.3817046E-02  0.2145731E-01  0.3817046E-02
 1390  0.2230628E-01  0.3793331E-02  0.2230628E-01  0.3793331E-02
 1391  0.2312768E-01  0.3856499E-02  0.2312768E-01  0.3856499E-02
 1392  0.2396516E-01  0.3827873E-02  0.2396516E-01  0.3827873E-02
 1393  0.0000000E+00  0.0000000E+00  0.0000000E+00  0.0000000E+00
 1394  0.0000000E+00  0.0000000E+00  0.0000000E+00  0.0000000E+00
 1395  0.5544580E-04  0.9921557E-05  0.5544580E-04  0.9921557E-05
 1396  0.1372940E-03  0.2407505E-04  0.1372940E-03  0.2407505E-04
 1397  0.1941388E-03  0.3350545E-04  0.1941388E-03  0.3350545E-04
 1398  0.2520839E-03  0.4301452E-04  0.2520839E-03  0.4301452E-04
 1399  0.3227475E-03  0.5470151E-04  0.3227475E-03  0.5470151E-04
 1400  0.4085556E-03  0.6908974E-04  0.4085556E-03  0.6908974E-04
 1401  0.5129805E-03  0.8682019E-04  0.5129805E-03  0.8682019E-04
 1402  0.6377832E-03  0.1086225E-03  0.6377832E-03  0.1086225E-03
 1403  0.7880258E-03  0.1354021E-03  0.7880258E-03  0.1354021E-03
 1404  0.9668757E-03  0.1681614E-03  0.9668757E-03  0.1681614E-03
 1405  0.1178449E-02  0.2080349E-03  0.1178449E-02  0.2080349E-03
 1406  0.1426990E-02  0.2562539E-03  0.1426990E-02  0.2562539E-03
 1407  0.1716686E-02  0.3141006E-03  0.1716686E-02  0.3141006E-03
 1408  0.2051414E-02  0.3828402E-03  0.2051414E-02  0.3828402E-03
 1409  0.2432056E-02  0.4635225E-03  0.2432056E-02  0.4635225E-03
 1410  0.2865141E-02  0.5572592E-03  0.2865141E-02  0.5572592E-03
 1411  0.3349714E-02  0.6645927E-03  0.3349714E-02  0.6645927E-03
 1412  0.3885257E-02  0.7857275E-03  0.3885257E-02  0.7857275E-03
 1413  0.4469591E-02  0.9204010E-03  0.4469591E-02  0.9204010E-03
 1414  0.5098908E-02  0.1067879E-02  0.5098908E-02  0.1067879E-02
 1415  0.5767938E-02  0.1227008E-02  0.5767938E-02  0.1227008E-02
 1416  0.6470241E-02  0.1396310E-02  0.6470241E-02  0.1396310E-02
 1417  0.7198541E-02  0.1574102E-02  0.7198541E-02  0.1574102E-02
 1418  0.7945033E-02  0.1758617E-02  0.7945033E-02  0.1758617E-02
 1419  0.8701613E-02  0.1948089E-02  0.8701613E-02  0.1948089E-02
 1420  0.9460000E-02  0.2140803E-02  0.9460000E-02  0.2140803E-02
 1421  0.1021176E-01  0.2335104E-02  0.1021176E-01  0.2335104E-02
 1422  0.1094827E-01  0.2529364E-02  0.1094827E-01  0.2529364E-02
 1423  0.1166066E-01  0.2721934E-02  0.1166066E-01  0.2721934E-02
 1424  0.1233985E-01  0.2911090E-02  0.1233985E-01  0.2911090E-02
 1425  0.1297654E-01  0.3094993E-02  0.1297654E-01  0.3094993E-02
 1426  0.1356144E-01  0.3271674E-02  0.1356144E-01  0.3271674E-02
 1427  0.1408553E-01  0.3439049E-02  0.1408553E-01  0.3439049E-02
 1428  0.1454042E-01  0.3594981E-02  0.1454042E-01  0.3594981E-02
 1429  0.1491880E-01  0.3737360E-02  0.1491880E-01  0.3737360E-02
 1430  0.1521492E-01  0.3864219E-02  0.1521492E-01  0.3864219E-02
 1431  0.1542504E-01  0.3973857E-02  0.1542504E-01  0.3973857E-02
 1432  0.1554781E-01  0.4064959E-02  0.1554781E-01  0.4064959E-02
 1433  0.1558459E-01  0.4136696E-02  0.1558459E-01  0.4136696E-02
 1434  0.1553953E-01  0.4188791E-02  0.1553953E-01  0.4188791E-02
 1435  0.1541961E-01  0.4221542E-02  0.1541961E-01  0.4221542E-02
 1436  0.1523435E-01  0.4235805E-02  0.1523435E-01  0.4235805E-02
 1437  0.1499557E-01  0.4232929E-02  0.1499557E-01  0.4232929E-02
 1438  0.1471685E-01  0.4214664E-02  0.1471685E-01  0.4214664E-02
 1439  0.1441302E-01  0.4183055E-02  0.1441302E-01  0.4183055E-02
 1440  0.1413424E-01  0.4173248E-02  0.1413424E-01  0.4173248E-02
 1441  0.1382547E-01  0.4121345E-02  0.1382547E-01  0.4121345E-02
 1442  0.1353804E-01  0.4063338E-02  0.1353804E-01  0.4063338E-02
 1443  0.1328573E-01  0.4001180E-02  0.1328573E-01  0.4001180E-02
 1444  0.1308099E-01  0.3936754E-02  0.1308099E-01  0.3936754E-02
 1445  0.1293450E-01  0.3871784E-02  0.1293450E-01  0.3871784E-02
 1446  0.1285493E-01  0.3807799E-02  0.1285493E-01  0.3807799E-02
 1447  0.1284880E-01  0.3746119E-02  0.1284880E-01  0.3746119E-02
 1448  0.1293944E-01  0.3753029E-02  0.1293944E-01  0.3753029E-02
 1449  0.1309057E-01  0.3693395E-02  0.1309057E-01  0.3693395E-02
 1450  0.1332209E-01  0.3640895E-02  0.1332209E-01  0.3640895E-02
 1451  0.1363232E-01  0.3595038E-02  0.1363232E-01  0.3595038E-02
 1452  0.1401808E-01  0.3555740E-02  0.1401808E-01  0.3555740E-02
 1453  0.1447491E-01  0.3522997E-02  0.1447491E-01  0.3522997E-02
 1454  0.1499735E-01  0.3496784E-02  0.1499735E-01  0.3496784E-02
 1455  0.1557648E-01  0.3554298E-02  0.1557648E-01  0.3554298E-02
 1456  0.1621323E-01  0.3531910E-02  0.1621323E-01  0.3531910E-02
 1457  0.1689463E-01  0.3518232E-02  0.1689463E-01  0.3518232E-02
 1458  0.1761349E-01  0.3511792E-02  0.1761349E-01  0.3511792E-02
 1459  0.1836233E-01  0.3511680E-02  0.1836233E-01  0.3511680E-02
 1460  0.1911185E-01  0.3606025E-02  0.1911185E-01  0.3606025E-02
 1461  0.1990448E-01  0.3600298E-02  0.1990448E-01  0.3600298E-02
 1462  0.2070155E-01  0.3604798E-02  0.2070155E-01  0.3604798E-02
 1463  0.2149661E-01  0.3615970E-02  0.2149661E-01  0.3615970E-02
 1464  0.2228262E-01  0.3632014E-02  0.2228262E-01  0.3632014E-02
 1465  0.2305242E-01  0.3651747E-02  0.2305242E-01  0.3651747E-02
 1466  0.2377882E-01  0.3738309E-02  0.2377882E-01  0.3738309E-02
 1467  0.2450114E-01  0.3750761E-02  0.2450114E-01  0.3750761E-02
 1468  0.2518509E-01  0.3768261E-02  0.2518509E-01  0.3768261E-02
 1469  0.2582562E-01  0.3788517E-02  0.2582562E-01  0.3788517E-02
 1470  0.2641780E-01  0.3810202E-02  0.2641780E-01  0.3810202E-02
 1471  0.2693970E-01  0.3880286E-02  0.2693970E-01  0.3880286E-02
 1472  0.7889536E-11  0.7081880E-09  0.0000000E+00  0.0000000E+00
 1473  0.5327407E-09  0.1639285E-07  0.0000000E+00  0.0000000E+00
 1474  0.1915034E-07  0.6137882E-03  0.0000000E+00  0.0000000E+00
 1475  0.3722327E-06  0.1134536E+00  0.0000000E+00  0.0000000E+00
 1476  0.3823182E-02  0.4238806E+01  0.0000000E+00  0.0000000E+00
 1477  0.8627550E-02  0.2278778E-02  0.2950878E-02  0.1683424E-02
 1478  0.6534765E-02  0.4380419E-02  0.6328432E-02  0.3567019E-02
 1479  0.8595201E-02  0.6034499E-02  0.8497270E-02  0.4714541E-02
 1480  0.1075189E-01  0.8072427E-02  0.1067827E-01  0.5837954E-02
 1481  0.1285617E-01  0.9720225E-02  0.1282409E-01  0.6921193E-02
 1482  0.1487561E-01  0.1047315E-01  0.1486817E-01  0.7950769E-02
 1483  0.1677529E-01  0.1052971E-01  0.1677437E-01  0.8916594E-02
 1484  0.1851641E-01  0.1053700E-01  0.1851635E-01  0.9810835E-02
 1485  0.2003227E-01  0.1085403E-01  0.2003226E-01  0.1062459E-01
 1486  0.2130764E-01  0.1140133E-01  0.2130764E-01  0.1135049E-01
 1487  0.2233864E-01  0.1198932E-01  0.2233864E-01  0.1198142E-01
 1488  0.2306700E-01  0.1250671E-01  0.2306700E-01  0.1250585E-01
 1489  0.2350669E-01  0.1291749E-01  0.2350669E-01  0.1291743E-01
 1490  0.2368573E-01  0.1321315E-01  0.2368573E-01  0.1321315E-01
 1491  0.2355758E-01  0.1338434E-01  0.2355758E-01  0.1338434E-01
 1492  0.2321449E-01  0.1344154E-01  0.2321449E-01  0.1344154E-01
 1493  0.2259879E-01  0.1337755E-01  0.2259879E-01  0.1337755E-01
 1494  0.2179612E-01  0.1320948E-01  0.2179612E-01  0.1320948E-01
 1495  0.2089363E-01  0.1295949E-01  0.2089363E-01  0.1295949E-01
 1496  0.1983431E-01  0.1262270E-01  0.1983431E-01  0.1262270E-01
 1497  0.1877715E-01  0.1224295E-01  0.1877715E-01  0.1224295E-01
 1498  0.1762840E-01  0.1179920E-01  0.1762840E-01  0.1179920E-01
 1499  0.1649804E-01  0.1132732E-01  0.1649804E-01  0.1132732E-01
 1500  0.1547752E-01  0.1086126E-01  0.1547752E-01  0.1086126E-01
 1501  0.1445601E-01  0.1036445E-01  0.1445601E-01  0.1036445E-01
 1502  0.1359779E-01  0.9906579E-02  0.1359779E-01  0.9906579E-02
 1503  0.1275888E-01  0.9418182E-02  0.1275888E-01  0.9418182E-02
 1504  0.1203306E-01  0.8948203E-02  0.1203306E-01  0.8948203E-02
 1505  0.1149120E-01  0.8538734E-02  0.1149120E-01  0.8538734E-02
 1506  0.1098988E-01  0.8104310E-02  0.1098988E-01  0.8104310E-02
 1507  0.1067325E-01  0.7753374E-02  0.1067325E-01  0.7753374E-02
 1508  0.1039238E-01  0.7357023E-02  0.1039238E-01  0.7357023E-02
 1509  0.1022095E-01  0.6990060E-02  0.1022095E-01  0.6990060E-02
 1510  0.1021098E-01  0.6711407E-02  0.1021098E-01  0.6711407E-02
 1511  0.1023762E-01  0.6382726E-02  0.1023762E-01  0.6382726E-02
 1512  0.1035814E-01  0.6080757E-02  0.1035814E-01  0.6080757E-02
 1513  0.1061426E-01  0.5868798E-02  0.1061426E-01  0.5868798E-02
 1514  0.1090786E-01  0.5600119E-02  0.1090786E-01  0.5600119E-02
 1515  0.1131400E-01  0.5446282E-02  0.1131400E-01  0.5446282E-02
 1516  0.1176758E-01  0.5199904E-02  0.1176758E-01  0.5199904E-02
 1517  0.1229389E-01  0.4981587E-02  0.1229389E-01  0.4981587E-02
 1518  0.1288976E-01  0.4783995E-02  0.1288976E-01  0.4783995E-02
 1519  0.1357115E-01  0.4676523E-02  0.1357115E-01  0.4676523E-02
 1520  0.1429736E-01  0.4499057E-02  0.1429736E-01  0.4499057E-02
 1521  0.1507999E-01  0.4340428E-02  0.1507999E-01  0.4340428E-02
 1522  0.1591880E-01  0.4275382E-02  0.1591880E-01  0.4275382E-02
 1523  0.1680421E-01  0.4128923E-02  0.1680421E-01  0.4128923E-02
 1524  0.1772789E-01  0.4001222E-02  0.1772789E-01  0.4001222E-02
 1525  0.1868414E-01  0.3887847E-02  0.1868414E-01  0.3887847E-02
 1526  0.1966609E-01  0.3786556E-02  0.1966609E-01  0.3786556E-02
 1527  0.2066480E-01  0.3750441E-02  0.2066480E-01  0.3750441E-02
 1528  0.2167771E-01  0.3659180E-02  0.2167771E-01  0.3659180E-02
 1529  0.2269109E-01  0.3579689E-02  0.2269109E-01  0.3579689E-02
 1530  0.2369695E-01  0.3509886E-02  0.2369695E-01  0.3509886E-02
 1531  0.2468703E-01  0.3448448E-02  0.2468703E-01  0.3448448E-02
 1532  0.2565312E-01  0.3394403E-02  0.2565312E-01  0.3394403E-02
 1533  0.2658728E-01  0.3346968E-02  0.2658728E-01  0.3346968E-02
 1534  0.2748199E-01  0.3305479E-02  0.2748199E-01  0.3305479E-02
 1535  0.2832727E-01  0.3296275E-02  0.2832727E-01  0.3296275E-02
 1536  0.2912376E-01  0.3261084E-02  0.2912376E-01  0.3261084E-02
 1537  0.2986183E-01  0.3231130E-02  0.2986183E-01  0.3231130E-02
 1538  0.3053698E-01  0.3205791E-02  0.3053698E-01  0.3205791E-02
 1539  0.3114562E-01  0.3184594E-02  0.3114562E-01  0.3184594E-02
 1540  0.3168506E-01  0.3167178E-02  0.3168506E-01  0.3167178E-02
 1541  0.3215357E-01  0.3153278E-02  0.3215357E-01  0.3153278E-02
 1542  0.3255035E-01  0.3142718E-02  0.3255035E-01  0.3142718E-02
 1543  0.3287551E-01  0.3135416E-02  0.3287551E-01  0.3135416E-02
 1544  0.3313129E-01  0.3121681E-02  0.3313129E-01  0.3121681E-02
 1545  0.3331705E-01  0.3121314E-02  0.3331705E-01  0.3121314E-02
 1546  0.3343640E-01  0.3124179E-02  0.3343640E-01  0.3124179E-02
 1547  0.3349242E-01  0.3130516E-02  0.3349242E-01  0.3130516E-02
 1548  0.3348875E-01  0.3140654E-02  0.3348875E-01  0.3140654E-02
 1549  0.3342943E-01  0.3155019E-02  0.3342943E-01  0.3155019E-02
 1550  0.3331890E-01  0.3174143E-02  0.3331890E-01  0.3174143E-02
 1551  0.3316181E-01  0.3198697E-02  0.3316181E-01  0.3198697E-02
 1552  0.2550821E-13  0.6181256E-06  0.0000000E+00  0.0000000E+00
 1553  0.7753223E-12  0.1143402E-04  0.0000000E+00  0.0000000E+00
 1554  0.1572159E-10  0.3031351E+02  0.0000000E+00  0.0000000E+00
 1555  0.1590747E-03  0.5140103E-04  0.1590742E-03  0.3699073E-04
 1556  0.3966847E-03  0.9125678E-04  0.3966824E-03  0.9052387E-04
 1557  0.5672415E-03  0.1299030E-03  0.5672402E-03  0.1275039E-03
 1558  0.7423756E-03  0.1702306E-03  0.7423746E-03  0.1648015E-03
 1559  0.9507812E-03  0.2183692E-03  0.9507806E-03  0.2098765E-03
 1560  0.1200787E-02  0.2735109E-03  0.1200787E-02  0.2643275E-03
 1561  0.1496425E-02  0.3366989E-03  0.1496425E-02  0.3298346E-03
 1562  0.1842970E-02  0.4117066E-03  0.1842970E-02  0.4081597E-03
 1563  0.2245261E-02  0.5023014E-03  0.2245261E-02  0.5010345E-03
 1564  0.2707306E-02  0.6103423E-03  0.2707306E-02  0.6100295E-03
 1565  0.3231848E-02  0.7364533E-03  0.3231848E-02  0.7363999E-03
 1566  0.3819942E-02  0.8809344E-03  0.3819942E-02  0.8809281E-03
 1567  0.4470618E-02  0.1043789E-02  0.4470618E-02  0.1043789E-02
 1568  0.5175070E-02  0.1224177E-02  0.5175070E-02  0.1224177E-02
 1569  0.5937951E-02  0.1421349E-02  0.5937951E-02  0.1421349E-02
 1570  0.6747238E-02  0.1633266E-02  0.6747238E-02  0.1633266E-02
 1571  0.7593974E-02  0.1857631E-02  0.7593974E-02  0.1857631E-02
 1572  0.8468104E-02  0.2091866E-02  0.8468104E-02  0.2091866E-02
 1573  0.9358921E-02  0.2333301E-02  0.9358921E-02  0.2333301E-02
 1574  0.1025543E-01  0.2579310E-02  0.1025543E-01  0.2579310E-02
 1575  0.1114655E-01  0.2827400E-02  0.1114655E-01  0.2827400E-02
 1576  0.1202126E-01  0.3075223E-02  0.1202126E-01  0.3075223E-02
 1577  0.1286858E-01  0.3320542E-02  0.1286858E-01  0.3320542E-02
 1578  0.1367755E-01  0.3561166E-02  0.1367755E-01  0.3561166E-02
 1579  0.1443732E-01  0.3794875E-02  0.1443732E-01  0.3794875E-02
 1580  0.1513719E-01  0.4019371E-02  0.1513719E-01  0.4019371E-02
 1581  0.1576683E-01  0.4232250E-02  0.1576683E-01  0.4232250E-02
 1582  0.1631659E-01  0.4431026E-02  0.1631659E-01  0.4431026E-02
 1583  0.1677788E-01  0.4613198E-02  0.1677788E-01  0.4613198E-02
 1584  0.1714362E-01  0.4776350E-02  0.1714362E-01  0.4776350E-02
 1585  0.1740871E-01  0.4918285E-02  0.1740871E-01  0.4918285E-02
 1586  0.1757045E-01  0.5037170E-02  0.1757045E-01  0.5037170E-02
 1587  0.1762887E-01  0.5131665E-02  0.1762887E-01  0.5131665E-02
 1588  0.1758698E-01  0.5201034E-02  0.1758698E-01  0.5201034E-02
 1589  0.1745075E-01  0.5245207E-02  0.1745075E-01  0.5245207E-02
 1590  0.1726983E-01  0.5283425E-02  0.1726983E-01  0.5283425E-02
 1591  0.1697393E-01  0.5280761E-02  0.1697393E-01  0.5280761E-02
 1592  0.1661761E-01  0.5256675E-02  0.1661761E-01  0.5256675E-02
 1593  0.1621595E-01  0.5213419E-02  0.1621595E-01  0.5213419E-02
 1594  0.1578503E-01  0.5153559E-02  0.1578503E-01  0.5153559E-02
 1595  0.1534130E-01  0.5079833E-02  0.1534130E-01  0.5079833E-02
 1596  0.1490098E-01  0.4995031E-02  0.1490098E-01  0.4995031E-02
 1597  0.1447954E-01  0.4901874E-02  0.1447954E-01  0.4901874E-02
 1598  0.1409120E-01  0.4802937E-02  0.1409120E-01  0.4802937E-02
 1599  0.1374862E-01  0.4700581E-02  0.1374862E-01  0.4700581E-02
 1600  0.1346259E-01  0.4596921E-02  0.1346259E-01  0.4596921E-02
 1601  0.1324191E-01  0.4493801E-02  0.1324191E-01  0.4493801E-02
 1602  0.1312630E-01  0.4454058E-02  0.1312630E-01  0.4454058E-02
 1603  0.1305219E-01  0.4354189E-02  0.1305219E-01  0.4354189E-02
 1604  0.1305783E-01  0.4259573E-02  0.1305783E-01  0.4259573E-02
 1605  0.1314395E-01  0.4170747E-02  0.1314395E-01  0.4170747E-02
 1606  0.1330968E-01  0.4088184E-02  0.1330968E-01  0.4088184E-02
 1607  0.1355283E-01  0.4012248E-02  0.1355283E-01  0.4012248E-02
 1608  0.1387006E-01  0.3943190E-02  0.1387006E-01  0.3943190E-02
 1609  0.1425707E-01  0.3881151E-02  0.1425707E-01  0.3881151E-02
 1610  0.1470888E-01  0.3826175E-02  0.1470888E-01  0.3826175E-02
 1611  0.1521741E-01  0.3871834E-02  0.1521741E-01  0.3871834E-02
 1612  0.1578273E-01  0.3821819E-02  0.1578273E-01  0.3821819E-02
 1613  0.1639486E-01  0.3780680E-02  0.1639486E-01  0.3780680E-02
 1614  0.1704754E-01  0.3747294E-02  0.1704754E-01  0.3747294E-02
 1615  0.1773435E-01  0.3720894E-02  0.1773435E-01  0.3720894E-02
 1616  0.1844875E-01  0.3700871E-02  0.1844875E-01  0.3700871E-02
 1617  0.1918416E-01  0.3686679E-02  0.1918416E-01  0.3686679E-02
 1618  0.1993398E-01  0.3677805E-02  0.1993398E-01  0.3677805E-02
 1619  0.2069162E-01  0.3673748E-02  0.2069162E-01  0.3673748E-02
 1620  0.2142204E-01  0.3768680E-02  0.2142204E-01  0.3768680E-02
 1621  0.2218096E-01  0.3759377E-02  0.2218096E-01  0.3759377E-02
 1622  0.2292695E-01  0.3756679E-02  0.2292695E-01  0.3756679E-02
 1623  0.2365442E-01  0.3758841E-02  0.2365442E-01  0.3758841E-02
 1624  0.2435774E-01  0.3764722E-02  0.2435774E-01  0.3764722E-02
 1625  0.2503153E-01  0.3773470E-02  0.2503153E-01  0.3773470E-02
 1626  0.2567070E-01  0.3784403E-02  0.2567070E-01  0.3784403E-02
 1627  0.0000000E+00  0.0000000E+00  0.0000000E+00  0.0000000E+00
 1628  0.4050272E-04  0.6097122E-05  0.4050272E-04  0.6097122E-05
 1629  0.8065456E-04  0.1190498E-04  0.8065456E-04  0.1190498E-04
 1630  0.1045910E-03  0.1520119E-04  0.1045910E-03  0.1520119E-04
 1631  0.1337595E-03  0.1922441E-04  0.1337595E-03  0.1922441E-04
 1632  0.1691924E-03  0.2415016E-04  0.1691924E-03  0.2415016E-04
 1633  0.2120972E-03  0.3019419E-04  0.2120972E-03  0.3019419E-04
 1634  0.2638794E-03  0.3762053E-04  0.2638794E-03  0.3762053E-04
 1635  0.3261663E-03  0.4675044E-04  0.3261663E-03  0.4675044E-04
 1636  0.4012963E-03  0.5798030E-04  0.4012963E-03  0.5798030E-04
 1637  0.4905200E-03  0.7175792E-04  0.4905200E-03  0.7175792E-04
 1638  0.5972800E-03  0.8865278E-04  0.5972800E-03  0.8865278E-04
 1639  0.7238145E-03  0.1092976E-03  0.7238145E-03  0.1092976E-03
 1640  0.8730778E-03  0.1344251E-03  0.8730778E-03  0.1344251E-03
 1641  0.1048223E-02  0.1648542E-03  0.1048223E-02  0.1648542E-03
 1642  0.1252518E-02  0.2014732E-03  0.1252518E-02  0.2014732E-03
 1643  0.1487826E-02  0.2451479E-03  0.1487826E-02  0.2451479E-03
 1644  0.1759651E-02  0.2968988E-03  0.1759651E-02  0.2968988E-03
 1645  0.2069464E-02  0.3575401E-03  0.2069464E-02  0.3575401E-03
 1646  0.2419232E-02  0.4277970E-03  0.2419232E-02  0.4277970E-03
 1647  0.2810045E-02  0.5081900E-03  0.2810045E-02  0.5081900E-03
 1648  0.3241921E-02  0.5989723E-03  0.3241921E-02  0.5989723E-03
 1649  0.3713701E-02  0.7000855E-03  0.3713701E-02  0.7000855E-03
 1650  0.4219493E-02  0.8108426E-03  0.4219493E-02  0.8108426E-03
 1651  0.4762244E-02  0.9310533E-03  0.4762244E-02  0.9310533E-03
 1652  0.5334558E-02  0.1059548E-02  0.5334558E-02  0.1059548E-02
 1653  0.5931353E-02  0.1195205E-02  0.5931353E-02  0.1195205E-02
 1654  0.6547099E-02  0.1336803E-02  0.6547099E-02  0.1336803E-02
 1655  0.7176010E-02  0.1483095E-02  0.7176010E-02  0.1483095E-02
 1656  0.7812161E-02  0.1632855E-02  0.7812161E-02  0.1632855E-02
 1657  0.8449529E-02  0.1784893E-02  0.8449529E-02  0.1784893E-02
 1658  0.9081975E-02  0.1938055E-02  0.9081975E-02  0.1938055E-02
 1659  0.9703197E-02  0.2091192E-02  0.9703197E-02  0.2091192E-02
 1660  0.1030668E-01  0.2243130E-02  0.1030668E-01  0.2243130E-02
 1661  0.1088570E-01  0.2392629E-02  0.1088570E-01  0.2392629E-02
 1662  0.1143334E-01  0.2538367E-02  0.1143334E-01  0.2538367E-02
 1663  0.1194267E-01  0.2678930E-02  0.1194267E-01  0.2678930E-02
 1664  0.1240689E-01  0.2812824E-02  0.1240689E-01  0.2812824E-02
 1665  0.1281961E-01  0.2938520E-02  0.1281961E-01  0.2938520E-02
 1666  0.1317517E-01  0.3054511E-02  0.1317517E-01  0.3054511E-02
 1667  0.1346897E-01  0.3159386E-02  0.1346897E-01  0.3159386E-02
 1668  0.1369778E-01  0.3251911E-02  0.1369778E-01  0.3251911E-02
 1669  0.1386009E-01  0.3331119E-02  0.1386009E-01  0.3331119E-02
 1670  0.1395624E-01  0.3396370E-02  0.1395624E-01  0.3396370E-02
 1671  0.1398867E-01  0.3447403E-02  0.1398867E-01  0.3447403E-02
 1672  0.1396185E-01  0.3484360E-02  0.1396185E-01  0.3484360E-02
 1673  0.1388220E-01  0.3507775E-02  0.1388220E-01  0.3507775E-02
 1674  0.1375798E-01  0.3518543E-02  0.1375798E-01  0.3518543E-02
 1675  0.1359888E-01  0.3517863E-02  0.1359888E-01  0.3517863E-02
 1676  0.1341578E-01  0.3507166E-02  0.1341578E-01  0.3507166E-02
 1677  0.1322028E-01  0.3488042E-02  0.1322028E-01  0.3488042E-02
 1678  0.1302431E-01  0.3462161E-02  0.1302431E-01  0.3462161E-02
 1679  0.1283973E-01  0.3431202E-02  0.1283973E-01  0.3431202E-02
 1680  0.1267791E-01  0.3396801E-02  0.1267791E-01  0.3396801E-02
 1681  0.1254936E-01  0.3360498E-02  0.1254936E-01  0.3360498E-02
 1682  0.1246347E-01  0.3323709E-02  0.1246347E-01  0.3323709E-02
 1683  0.1242821E-01  0.3287702E-02  0.1242821E-01  0.3287702E-02
 1684  0.1245001E-01  0.3253590E-02  0.1245001E-01  0.3253590E-02
 1685  0.1254913E-01  0.3275127E-02  0.1254913E-01  0.3275127E-02
 1686  0.1269666E-01  0.3245802E-02  0.1269666E-01  0.3245802E-02
 1687  0.1291038E-01  0.3221282E-02  0.1291038E-01  0.3221282E-02
 1688  0.1318995E-01  0.3201832E-02  0.1318995E-01  0.3201832E-02
 1689  0.1353358E-01  0.3187687E-02  0.1353358E-01  0.3187687E-02
 1690  0.1393820E-01  0.3179010E-02  0.1393820E-01  0.3179010E-02
 1691  0.1439966E-01  0.3175888E-02  0.1439966E-01  0.3175888E-02
 1692  0.1491291E-01  0.3178321E-02  0.1491291E-01  0.3178321E-02
 1693  0.1547224E-01  0.3186237E-02  0.1547224E-01  0.3186237E-02
 1694  0.1605882E-01  0.3278206E-02  0.1605882E-01  0.3278206E-02
 1695  0.1669404E-01  0.3287588E-02  0.1669404E-01  0.3287588E-02
 1696  0.1735497E-01  0.3304336E-02  0.1735497E-01  0.3304336E-02
 1697  0.1803515E-01  0.3326979E-02  0.1803515E-01  0.3326979E-02
 1698  0.1872791E-01  0.3354595E-02  0.1872791E-01  0.3354595E-02
 1699  0.1942656E-01  0.3386475E-02  0.1942656E-01  0.3386475E-02
 1700  0.2012454E-01  0.3422001E-02  0.2012454E-01  0.3422001E-02
 1701  0.2081541E-01  0.3460595E-02  0.2081541E-01  0.3460595E-02
 1702  0.2146861E-01  0.3573720E-02  0.2146861E-01  0.3573720E-02
 1703  0.2213241E-01  0.3605032E-02  0.2213241E-01  0.3605032E-02
 1704  0.2276964E-01  0.3641206E-02  0.2276964E-01  0.3641206E-02
 1705  0.2337581E-01  0.3680243E-02  0.2337581E-01  0.3680243E-02
 1706  0.2394648E-01  0.3720969E-02  0.2394648E-01  0.3720969E-02
 1707  0.2447758E-01  0.3762573E-02  0.2447758E-01  0.3762573E-02
 1708  0.2496555E-01  0.3804439E-02  0.2496555E-01  0.3804439E-02
 1709  0.2540740E-01  0.3846088E-02  0.2540740E-01  0.3846088E-02
 1710  0.2578419E-01  0.3930049E-02  0.2578419E-01  0.3930049E-02
 1711  0.2613169E-01  0.3962021E-02  0.2613169E-01  0.3962021E-02
 1712  0.2642704E-01  0.3995190E-02  0.2642704E-01  0.3995190E-02
 1713  0.2667062E-01  0.4028559E-02  0.2667062E-01  0.4028559E-02
