    0  0.4494305E-05  0.7325526E-01  0.0000000E+00  0.0000000E+00
    1  0.1177281E-02  0.2973624E-01  0.0000000E+00  0.0000000E+00
    2  0.8807629E-02  0.2075244E-01  0.0000000E+00  0.0000000E+00
    3  0.1295059E-01  0.3155617E-01  0.3133649E-02  0.4298677E-02
    4  0.1256438E-01  0.3489190E-01  0.7166778E-02  0.1008983E-01
    5  0.1018279E-01  0.2591792E-01  0.9238456E-02  0.1347010E-01
    6  0.1020211E-01  0.2298946E-01  0.1001450E-01  0.1532003E-01
    7  0.9576376E-02  0.1967469E-01  0.9489996E-02  0.1548880E-01
    8  0.2878065E-06  0.8900522E-01  0.0000000E+00  0.0000000E+00
    9  0.2981323E-03  0.4925905E-01  0.0000000E+00  0.0000000E+00
   10  0.6780002E-02  0.2108550E-01  0.0000000E+00  0.0000000E+00
   11  0.1333643E-01  0.2583333E-01  0.3048027E-02  0.3693236E-02
   12  0.1181016E-01  0.3351160E-01  0.7990525E-02  0.1000114E-01
   13  0.1164595E-01  0.2886304E-01  0.1091758E-01  0.1408180E-01
   14  0.1297347E-01  0.2778254E-01  0.1294097E-01  0.1728480E-01
   15  0.1383771E-01  0.2579415E-01  0.1383189E-01  0.1924785E-01
   16  0.1357389E-01  0.2319804E-01  0.1357171E-01  0.1982523E-01
   17  0.1236727E-01  0.2076447E-01  0.1236680E-01  0.1915699E-01
   18  0.1732970E-03  0.5497345E-02  0.0000000E+00  0.0000000E+00
   19  0.2179922E-03  0.5312555E-02  0.0000000E+00  0.0000000E+00
   20  0.2785789E-03  0.5162049E-02  0.0000000E+00  0.0000000E+00
   21  0.3344619E-03  0.5091253E-02  0.0000000E+00  0.0000000E+00
   22  0.4078591E-03  0.5065121E-02  0.0000000E+00  0.0000000E+00
   23  0.4921755E-03  0.5099920E-02  0.0000000E+00  0.0000000E+00
   24  0.6203849E-03  0.5240858E-02  0.0000000E+00  0.0000000E+00
   25  0.6621245E-03  0.5303265E-02  0.0000000E+00  0.0000000E+00
   26  0.8092894E-03  0.5568994E-02  0.0000000E+00  0.0000000E+00
   27  0.9018149E-03  0.5763830E-02  0.0000000E+00  0.0000000E+00
   28  0.1084359E-02  0.6191652E-02  0.0000000E+00  0.0000000E+00
   29  0.1258705E-02  0.6638252E-02  0.0000000E+00  0.0000000E+00
   30  0.1391996E-02  0.6997229E-02  0.0000000E+00  0.0000000E+00
   31  0.1573879E-02  0.7504873E-02  0.0000000E+00  0.0000000E+00
   32  0.1738143E-02  0.7976631E-02  0.0000000E+00  0.0000000E+00
   33  0.1960505E-02  0.8630351E-02  0.0000000E+00  0.0000000E+00
   34  0.2113351E-02  0.9088132E-02  0.0000000E+00  0.0000000E+00
   35  0.2235453E-02  0.9458650E-02  0.0000000E+00  0.0000000E+00
   36  0.2370853E-02  0.9875297E-02  0.0000000E+00  0.0000000E+00
   37  0.2496711E-02  0.1026978E-01  0.0000000E+00  0.0000000E+00
   38  0.2609379E-02  0.1063161E-01  0.0000000E+00  0.0000000E+00
   39  0.2711557E-02  0.1097088E-01  0.0000000E+00  0.0000000E+00
   40  0.2809614E-02  0.1131257E-01  0.0000000E+00  0.0000000E+00
   41  0.2892083E-02  0.1161996E-01  0.0000000E+00  0.0000000E+00
   42  0.3006790E-02  0.1193571E-01  0.3736115E-04  0.3825777E-20
   43  0.3099611E-02  0.1215330E-01  0.8197978E-04  0.0000000E+00
   44  0.3238501E-02  0.1246845E-01  0.1589643E-03  0.4755014E-19
   45  0.3359390E-02  0.1273964E-01  0.2338691E-03  0.0000000E+00
   46  0.3486624E-02  0.1302831E-01  0.3186951E-03  0.3282325E-19
   47  0.3644231E-02  0.1339667E-01  0.4300199E-03  0.0000000E+00
   48  0.3796203E-02  0.1376709E-01  0.5418941E-03  0.1025115E-18
   49  0.3923883E-02  0.1409094E-01  0.6381269E-03  0.0000000E+00
   50  0.4113762E-02  0.1459303E-01  0.7834466E-03  0.0000000E+00
   51  0.4375529E-02  0.1531776E-01  0.9856169E-03  0.0000000E+00
   52  0.4294716E-02  0.1509080E-01  0.9231139E-03  0.0000000E+00
   53  0.4563719E-02  0.1585340E-01  0.1131133E-02  0.0000000E+00
   54  0.4739963E-02  0.1635856E-01  0.1267163E-02  0.0000000E+00
   55  0.4931319E-02  0.1690304E-01  0.1414526E-02  0.1548413E-18
   56  0.5112397E-02  0.1740689E-01  0.1553789E-02  0.0000000E+00
   57  0.5285992E-02  0.1787256E-01  0.1687380E-02  0.0000000E+00
   58  0.5524953E-02  0.1847335E-01  0.1872067E-02  0.0000000E+00
   59  0.5716062E-02  0.1890916E-01  0.2021199E-02  0.1671070E-18
   60  0.5663540E-02  0.1879400E-01  0.1980035E-02  0.0000000E+00
   61  0.5946010E-02  0.1936482E-01  0.2203677E-02  0.0000000E+00
   62  0.6095387E-02  0.1961094E-01  0.2324935E-02  0.0000000E+00
   63  0.6232094E-02  0.1979420E-01  0.2438589E-02  0.5279638E-18
   64  0.6420996E-02  0.1996666E-01  0.2601526E-02  0.0000000E+00
   65  0.6497059E-02  0.2000414E-01  0.2669711E-02  0.0000000E+00
   66  0.6646215E-02  0.2001074E-01  0.2809350E-02  0.0000000E+00
   67  0.6759677E-02  0.1994126E-01  0.2922683E-02  0.1872542E-18
   68  0.6840279E-02  0.1984053E-01  0.3008433E-02  0.5682395E-18
   69  0.6958066E-02  0.1958724E-01  0.3145189E-02  0.1157970E-17
   70  0.7000996E-02  0.1945210E-01  0.3199833E-02  0.7779234E-18
   71  0.7080083E-02  0.1911309E-01  0.3310954E-02  0.0000000E+00
   72  0.7139038E-02  0.1874269E-01  0.3407778E-02  0.4009786E-18
   73  0.7177839E-02  0.1828359E-01  0.3496339E-02  0.4072121E-18
   74  0.7155731E-02  0.1779265E-01  0.3529984E-02  0.4132084E-18
   75  0.7122086E-02  0.1726944E-01  0.3557985E-02  0.0000000E+00
   76  0.7085816E-02  0.1680913E-01  0.3577484E-02  0.0000000E+00
   77  0.7030722E-02  0.1620666E-01  0.3597159E-02  0.0000000E+00
   78  0.6980551E-02  0.1571696E-01  0.3609002E-02  0.0000000E+00
   79  0.6909776E-02  0.1508617E-01  0.3619469E-02  0.0000000E+00
   80  0.6841206E-02  0.1452179E-01  0.3624674E-02  0.4464475E-18
   81  0.6764937E-02  0.1393368E-01  0.3626183E-02  0.4520136E-18
   82  0.6690517E-02  0.1339143E-01  0.3624148E-02  0.2285773E-18
   83  0.6605067E-02  0.1280025E-01  0.3618214E-02  0.0000000E+00
   84  0.6523389E-02  0.1226186E-01  0.3609387E-02  0.0000000E+00
   85  0.6410373E-02  0.1155411E-01  0.3592617E-02  0.4750437E-18
   86  0.6312411E-02  0.1097180E-01  0.3574135E-02  0.2404996E-18
   87  0.6217834E-02  0.1043476E-01  0.3553015E-02  0.0000000E+00
   88  0.6116312E-02  0.9884189E-02  0.3526897E-02  0.7390955E-18
   89  0.6010841E-02  0.9339460E-02  0.3496085E-02  0.0000000E+00
   90  0.5890501E-02  0.8750913E-02  0.3456446E-02  0.5061572E-18
   91  0.5777978E-02  0.8231895E-02  0.3415136E-02  0.5128792E-18
   92  0.5659518E-02  0.7717906E-02  0.3367293E-02  0.0000000E+00
   93  0.5535284E-02  0.7214442E-02  0.3312427E-02  0.0000000E+00
   94  0.5405378E-02  0.6726790E-02  0.3250083E-02  0.0000000E+00
   95  0.5289589E-02  0.6325289E-02  0.3190411E-02  0.0000000E+00
   96  0.5182229E-02  0.5980529E-02  0.3131814E-02  0.0000000E+00
   97  0.5077584E-02  0.5669418E-02  0.3071865E-02  0.0000000E+00
   98  0.4989761E-02  0.5426786E-02  0.3019545E-02  0.5615260E-18
   99  0.4856205E-02  0.5088839E-02  0.2936790E-02  0.0000000E+00
  100  0.6145168E-05  0.6493966E-01  0.0000000E+00  0.0000000E+00
  101  0.1308099E-02  0.2532326E-01  0.0000000E+00  0.0000000E+00
  102  0.8563048E-02  0.2027776E-01  0.0000000E+00  0.0000000E+00
  103  0.1260091E-01  0.3207648E-01  0.3113668E-02  0.4243361E-02
  104  0.1234303E-01  0.3449876E-01  0.7008354E-02  0.9822010E-02
  105  0.9948468E-02  0.2506639E-01  0.8981897E-02  0.1308217E-01
  106  0.9914538E-02  0.2221521E-01  0.9695058E-02  0.1487021E-01
  107  0.9300902E-02  0.1915210E-01  0.9204926E-02  0.1510064E-01
  108  0.7951909E-02  0.1607187E-01  0.7925772E-02  0.1417879E-01
  109  0.6339797E-02  0.1353387E-01  0.6335697E-02  0.1267206E-01
  110  0.4766198E-02  0.1136564E-01  0.4765828E-02  0.1101347E-01
  111  0.3379855E-02  0.9551702E-02  0.3379836E-02  0.9439238E-02
  112  0.3014416E-06  0.8912800E-01  0.0000000E+00  0.0000000E+00
  113  0.2954085E-03  0.4932635E-01  0.0000000E+00  0.0000000E+00
  114  0.6698661E-02  0.2101057E-01  0.0000000E+00  0.0000000E+00
  115  0.1333576E-01  0.2529094E-01  0.3030275E-02  0.3629060E-02
  116  0.1163309E-01  0.3281308E-01  0.8023960E-02  0.9873849E-02
  117  0.1171036E-01  0.2852436E-01  0.1102584E-01  0.1389304E-01
  118  0.1324309E-01  0.2769912E-01  0.1321464E-01  0.1711521E-01
  119  0.1440114E-01  0.2609586E-01  0.1439804E-01  0.1925702E-01
  120  0.1455554E-01  0.2390742E-01  0.1455448E-01  0.2020874E-01
  121  0.1383407E-01  0.2192069E-01  0.1383386E-01  0.2006883E-01
  122  0.1249232E-01  0.1988348E-01  0.1249230E-01  0.1908760E-01
  123  0.1080868E-01  0.1783204E-01  0.1080868E-01  0.1756973E-01
  124  0.9016200E-02  0.1585438E-01  0.9016200E-02  0.1579125E-01
  125  0.7286531E-02  0.1396864E-01  0.7286531E-02  0.1395768E-01
  126  0.5713009E-02  0.1219946E-01  0.5713009E-02  0.1219809E-01
  127  0.4932268E-08  0.4427864E-01  0.0000000E+00  0.0000000E+00
  128  0.2890176E-04  0.4200791E-01  0.0000000E+00  0.0000000E+00
  129  0.2840464E-02  0.1847853E-01  0.0000000E+00  0.0000000E+00
  130  0.1260568E-01  0.1190282E-01  0.2104177E-02  0.1829832E-02
  131  0.9781090E-02  0.1575482E-01  0.7053162E-02  0.6327123E-02
  132  0.1116808E-01  0.1799438E-01  0.1092277E-01  0.9964879E-02
  133  0.1387948E-01  0.2026797E-01  0.1386525E-01  0.1289403E-01
  134  0.1625475E-01  0.2210957E-01  0.1625461E-01  0.1548254E-01
  135  0.1794648E-01  0.2250537E-01  0.1794648E-01  0.1760816E-01
  136  0.1886091E-01  0.2218417E-01  0.1886091E-01  0.1916317E-01
  137  0.1897356E-01  0.2153585E-01  0.1897356E-01  0.2006876E-01
  138  0.1833480E-01  0.2082400E-01  0.1833480E-01  0.2029725E-01
  139  0.1706702E-01  0.2002453E-01  0.1706702E-01  0.1988852E-01
  140  0.1534631E-01  0.1897273E-01  0.1534631E-01  0.1894767E-01
  141  0.1336946E-01  0.1762486E-01  0.1336946E-01  0.1762157E-01
  142  0.2929957E-03  0.1037123E-01  0.0000000E+00  0.0000000E+00
  143  0.4311283E-03  0.9547723E-02  0.0000000E+00  0.0000000E+00
  144  0.5788788E-03  0.9068615E-02  0.0000000E+00  0.0000000E+00
  145  0.7278042E-03  0.8820698E-02  0.0000000E+00  0.0000000E+00
  146  0.9168752E-03  0.8713500E-02  0.0000000E+00  0.0000000E+00
  147  0.1120879E-02  0.8765449E-02  0.0000000E+00  0.0000000E+00
  148  0.1348476E-02  0.8958482E-02  0.0000000E+00  0.0000000E+00
  149  0.1597790E-02  0.9281034E-02  0.0000000E+00  0.0000000E+00
  150  0.1890034E-02  0.9760943E-02  0.0000000E+00  0.0000000E+00
  151  0.2148194E-02  0.1024991E-01  0.0000000E+00  0.0000000E+00
  152  0.2454817E-02  0.1088823E-01  0.0000000E+00  0.0000000E+00
  153  0.2729410E-02  0.1150037E-01  0.0000000E+00  0.0000000E+00
  154  0.3004636E-02  0.1214460E-01  0.0000000E+00  0.0000000E+00
  155  0.3262189E-02  0.1277173E-01  0.0000000E+00  0.0000000E+00
  156  0.3532606E-02  0.1345484E-01  0.0000000E+00  0.0000000E+00
  157  0.3837420E-02  0.1425996E-01  0.0000000E+00  0.0000000E+00
  158  0.3978079E-02  0.1464792E-01  0.0000000E+00  0.0000000E+00
  159  0.4221512E-02  0.1535549E-01  0.0000000E+00  0.0000000E+00
  160  0.4426200E-02  0.1600467E-01  0.0000000E+00  0.0000000E+00
  161  0.4665757E-02  0.1661247E-01  0.8411064E-04  0.6115166E-04
  162  0.4915033E-02  0.1728526E-01  0.1825972E-03  0.1338868E-03
  163  0.5199635E-02  0.1809701E-01  0.3152700E-03  0.2325824E-03
  164  0.5453235E-02  0.1887258E-01  0.4500000E-03  0.3333957E-03
  165  0.5687806E-02  0.1964307E-01  0.5870359E-03  0.4364737E-03
  166  0.5925942E-02  0.2048296E-01  0.7372215E-03  0.5500476E-03
  167  0.6191514E-02  0.2149019E-01  0.9167314E-03  0.6866297E-03
  168  0.6372995E-02  0.2221975E-01  0.1046186E-02  0.7857001E-03
  169  0.6613005E-02  0.2323059E-01  0.1225382E-02  0.9236517E-03
  170  0.6851865E-02  0.2427883E-01  0.1412407E-02  0.1068677E-02
  171  0.7078375E-02  0.2529861E-01  0.1597575E-02  0.1213358E-02
  172  0.7290085E-02  0.2626036E-01  0.1777489E-02  0.1355026E-02
  173  0.7510334E-02  0.2725324E-01  0.1971808E-02  0.1509305E-02
  174  0.7741819E-02  0.2826769E-01  0.2184289E-02  0.1679586E-02
  175  0.7962282E-02  0.2918424E-01  0.2395241E-02  0.1850374E-02
  176  0.8173530E-02  0.2999550E-01  0.2606398E-02  0.2023159E-02
  177  0.8374622E-02  0.3068602E-01  0.2817289E-02  0.2197667E-02
  178  0.8538655E-02  0.3117432E-01  0.2998215E-02  0.2349023E-02
  179  0.8713003E-02  0.3160121E-01  0.3201856E-02  0.2521308E-02
  180  0.8862835E-02  0.3187385E-01  0.3389234E-02  0.2681751E-02
  181  0.9024010E-02  0.3204195E-01  0.3608695E-02  0.2872164E-02
  182  0.9163994E-02  0.3204637E-01  0.3821459E-02  0.3059530E-02
  183  0.9268880E-02  0.3192755E-01  0.4001641E-02  0.3220493E-02
  184  0.9380888E-02  0.3162303E-01  0.4226524E-02  0.3424580E-02
  185  0.9459803E-02  0.3122339E-01  0.4420765E-02  0.3603946E-02
  186  0.9520802E-02  0.3070984E-01  0.4612210E-02  0.3783785E-02
  187  0.9492990E-02  0.3008353E-01  0.4718596E-02  0.3894458E-02
  188  0.9433677E-02  0.2932214E-01  0.4814058E-02  0.3999423E-02
  189  0.9354671E-02  0.2845261E-01  0.4907386E-02  0.4105592E-02
  190  0.9261885E-02  0.2753649E-01  0.4993208E-02  0.4206939E-02
  191  0.9152840E-02  0.2654365E-01  0.5075642E-02  0.4308371E-02
  192  0.9008717E-02  0.2531858E-01  0.5165866E-02  0.4425150E-02
  193  0.8884021E-02  0.2431325E-01  0.5232334E-02  0.4516109E-02
  194  0.8750329E-02  0.2327638E-01  0.5294881E-02  0.4606699E-02
  195  0.8617001E-02  0.2227553E-01  0.5350105E-02  0.4691977E-02
  196  0.8495940E-02  0.2139050E-01  0.5395010E-02  0.4766229E-02
  197  0.8346936E-02  0.2032801E-01  0.5444186E-02  0.4854612E-02
  198  0.8219832E-02  0.1944303E-01  0.5481133E-02  0.4928105E-02
  199  0.8083904E-02  0.1851761E-01  0.5515604E-02  0.5005332E-02
  200  0.7961850E-02  0.1770571E-01  0.5541952E-02  0.5073802E-02
  201  0.7856127E-02  0.1701822E-01  0.5560990E-02  0.5132592E-02
  202  0.7717167E-02  0.1614004E-01  0.5580074E-02  0.5209196E-02
  203  0.7643696E-02  0.1568922E-01  0.5587119E-02  0.5249353E-02
  204  0.7517437E-02  0.1494049E-01  0.5593617E-02  0.5317594E-02
  205  0.5414391E-02  0.1694832E-01  0.0000000E+00  0.0000000E+00
  206  0.3287945E-03  0.2491294E-01  0.0000000E+00  0.0000000E+00
  207  0.5006595E-03  0.2235313E-01  0.0000000E+00  0.0000000E+00
  208  0.9606634E-03  0.1871300E-01  0.0000000E+00  0.0000000E+00
  209  0.1396647E-02  0.1698536E-01  0.0000000E+00  0.0000000E+00
  210  0.1877974E-02  0.1594636E-01  0.0000000E+00  0.0000000E+00
  211  0.2279442E-02  0.1548738E-01  0.0000000E+00  0.0000000E+00
  212  0.2684767E-02  0.1527312E-01  0.0000000E+00  0.0000000E+00
  213  0.3144132E-02  0.1524695E-01  0.0000000E+00  0.0000000E+00
  214  0.3785235E-02  0.1548405E-01  0.0000000E+00  0.0000000E+00
  215  0.4288656E-02  0.1583126E-01  0.0000000E+00  0.0000000E+00
  216  0.4975348E-02  0.1646731E-01  0.0000000E+00  0.0000000E+00
  217  0.5463886E-02  0.1700557E-01  0.0000000E+00  0.0000000E+00
  218  0.6039726E-02  0.1771196E-01  0.0000000E+00  0.0000000E+00
  219  0.6435244E-02  0.1823922E-01  0.0000000E+00  0.0000000E+00
  220  0.6788814E-02  0.1874458E-01  0.0000000E+00  0.0000000E+00
  221  0.7112875E-02  0.1924813E-01  0.0000000E+00  0.0000000E+00
  222  0.7502047E-02  0.1985554E-01  0.1234809E-03  0.1482437E-03
  223  0.7841831E-02  0.2044042E-01  0.2379290E-03  0.2891321E-03
  224  0.8198453E-02  0.2112337E-01  0.3763176E-03  0.4611677E-03
  225  0.8510241E-02  0.2179648E-01  0.5158983E-03  0.6356125E-03
  226  0.8832331E-02  0.2258863E-01  0.6803765E-03  0.8419376E-03
  227  0.9166931E-02  0.2354345E-01  0.8755230E-03  0.1087553E-02
  228  0.9425573E-02  0.2439391E-01  0.1045400E-02  0.1301991E-02
  229  0.9595903E-02  0.2501591E-01  0.1167401E-02  0.1456331E-02
  230  0.9852202E-02  0.2605553E-01  0.1367974E-02  0.1710665E-02
  231  0.1012604E-01  0.2731668E-01  0.1607972E-02  0.2015959E-02
  232  0.1037147E-01  0.2858639E-01  0.1849373E-02  0.2324111E-02
  233  0.1061585E-01  0.2997851E-01  0.2118587E-02  0.2669069E-02
  234  0.1076975E-01  0.3091276E-01  0.2304912E-02  0.2908643E-02
  235  0.1091588E-01  0.3183133E-01  0.2495167E-02  0.3153989E-02
  236  0.1115351E-01  0.3335834E-01  0.2835472E-02  0.3594707E-02
  237  0.1129641E-01  0.3427081E-01  0.3060925E-02  0.3888057E-02
  238  0.1145170E-01  0.3522967E-01  0.3326841E-02  0.4235522E-02
  239  0.1157930E-01  0.3597143E-01  0.3565141E-02  0.4548305E-02
  240  0.1170497E-01  0.3664060E-01  0.3822676E-02  0.4887882E-02
  241  0.1182539E-01  0.3720143E-01  0.4099597E-02  0.5254893E-02
  242  0.1192289E-01  0.3757380E-01  0.4357351E-02  0.5598319E-02
  243  0.1202603E-01  0.3784285E-01  0.4689281E-02  0.6043284E-02
  244  0.1209713E-01  0.3788756E-01  0.4995721E-02  0.6456925E-02
  245  0.1214515E-01  0.3773807E-01  0.5314782E-02  0.6890671E-02
  246  0.1216346E-01  0.3750174E-01  0.5556043E-02  0.7220843E-02
  247  0.1210961E-01  0.3702328E-01  0.5786681E-02  0.7542680E-02
  248  0.1196110E-01  0.3629428E-01  0.5961442E-02  0.7795349E-02
  249  0.1178735E-01  0.3544406E-01  0.6130765E-02  0.8043191E-02
  250  0.1165936E-01  0.3482151E-01  0.6240537E-02  0.8205628E-02
  251  0.1146437E-01  0.3387934E-01  0.6391670E-02  0.8431781E-02
  252  0.1129037E-01  0.3304367E-01  0.6515013E-02  0.8618721E-02
  253  0.1109355E-01  0.3210214E-01  0.6645448E-02  0.8819000E-02
  254  0.1089333E-01  0.3114587E-01  0.6771203E-02  0.9014907E-02
  255  0.1069749E-01  0.3020917E-01  0.6889648E-02  0.9202273E-02
  256  0.1052974E-01  0.2940345E-01  0.6988845E-02  0.9361579E-02
  257  0.1032636E-01  0.2841900E-01  0.7107774E-02  0.9555833E-02
  258  0.1009933E-01  0.2730468E-01  0.7240731E-02  0.9777871E-02
  259  0.9876701E-02  0.2618784E-01  0.7373702E-02  0.1000609E-01
  260  0.9725927E-02  0.2541178E-01  0.7466740E-02  0.1017020E-01
  261  0.9600249E-02  0.2474817E-01  0.7547180E-02  0.1031562E-01
  262  0.9479070E-02  0.2408927E-01  0.7628226E-02  0.1046609E-01
  263  0.9371511E-02  0.2348376E-01  0.7704048E-02  0.1061118E-01
  264  0.9282895E-02  0.2296561E-01  0.7770160E-02  0.1074185E-01
  265  0.9198493E-02  0.2245070E-01  0.7837122E-02  0.1087913E-01
  266  0.9130377E-02  0.2201519E-01  0.7894766E-02  0.1100230E-01
  267  0.3569055E-03  0.3993655E-01  0.0000000E+00  0.0000000E+00
  268  0.4309619E-03  0.3829062E-01  0.0000000E+00  0.0000000E+00
  269  0.7080176E-03  0.3389026E-01  0.0000000E+00  0.0000000E+00
  270  0.9543944E-03  0.3122527E-01  0.0000000E+00  0.0000000E+00
  271  0.1192645E-02  0.2925600E-01  0.0000000E+00  0.0000000E+00
  272  0.1515856E-02  0.2719081E-01  0.0000000E+00  0.0000000E+00
  273  0.1893978E-02  0.2536503E-01  0.0000000E+00  0.0000000E+00
  274  0.2430487E-02  0.2349258E-01  0.0000000E+00  0.0000000E+00
  275  0.2975332E-02  0.2217070E-01  0.0000000E+00  0.0000000E+00
  276  0.3510901E-02  0.2126611E-01  0.0000000E+00  0.0000000E+00
  277  0.4026779E-02  0.2066658E-01  0.0000000E+00  0.0000000E+00
  278  0.4587179E-02  0.2024447E-01  0.0000000E+00  0.0000000E+00
  279  0.5242828E-02  0.1998101E-01  0.0000000E+00  0.0000000E+00
  280  0.5890618E-02  0.1990443E-01  0.0000000E+00  0.0000000E+00
  281  0.6426761E-02  0.1994492E-01  0.0000000E+00  0.0000000E+00
  282  0.6958586E-02  0.2005520E-01  0.0000000E+00  0.0000000E+00
  283  0.7549251E-02  0.2023827E-01  0.0000000E+00  0.0000000E+00
  284  0.8051519E-02  0.2042997E-01  0.0000000E+00  0.0000000E+00
  285  0.8557089E-02  0.2064719E-01  0.0000000E+00  0.0000000E+00
  286  0.9032474E-02  0.2087181E-01  0.0000000E+00  0.0000000E+00
  287  0.9590667E-02  0.2131073E-01  0.1905263E-03  0.2451651E-03
  288  0.1010220E-01  0.2174983E-01  0.3610321E-03  0.4722634E-03
  289  0.1059487E-01  0.2225431E-01  0.5516171E-03  0.7298924E-03
  290  0.1096699E-01  0.2272179E-01  0.7215940E-03  0.9613270E-03
  291  0.1137507E-01  0.2336870E-01  0.9432838E-03  0.1264547E-02
  292  0.1172237E-01  0.2408885E-01  0.1172194E-02  0.1578752E-02
  293  0.1199028E-01  0.2480711E-01  0.1385145E-02  0.1871824E-02
  294  0.1225597E-01  0.2573310E-01  0.1643138E-02  0.2227720E-02
  295  0.1249363E-01  0.2684341E-01  0.1936537E-02  0.2633463E-02
  296  0.1267815E-01  0.2800465E-01  0.2233758E-02  0.3045524E-02
  297  0.1284300E-01  0.2941501E-01  0.2592785E-02  0.3544632E-02
  298  0.1292766E-01  0.3035470E-01  0.2836804E-02  0.3884715E-02
  299  0.1299072E-01  0.3118829E-01  0.3060407E-02  0.4196960E-02
  300  0.1307277E-01  0.3247768E-01  0.3428428E-02  0.4712190E-02
  301  0.1309909E-01  0.3293968E-01  0.3569872E-02  0.4910657E-02
  302  0.1315731E-01  0.3401611E-01  0.3929630E-02  0.5416599E-02
  303  0.1319901E-01  0.3479321E-01  0.4229024E-02  0.5838936E-02
  304  0.1323266E-01  0.3539424E-01  0.4498690E-02  0.6220375E-02
  305  0.1326323E-01  0.3590467E-01  0.4771955E-02  0.6607940E-02
  306  0.1329121E-01  0.3633498E-01  0.5060359E-02  0.7018137E-02
  307  0.1331684E-01  0.3669595E-01  0.5393923E-02  0.7494103E-02
  308  0.1333605E-01  0.3694951E-01  0.5810019E-02  0.8090243E-02
  309  0.1333819E-01  0.3700210E-01  0.6218616E-02  0.8678349E-02
  310  0.1332636E-01  0.3693055E-01  0.6505262E-02  0.9092712E-02
  311  0.1318361E-01  0.3660411E-01  0.6685466E-02  0.9360223E-02
  312  0.1303316E-01  0.3621376E-01  0.6855524E-02  0.9613981E-02
  313  0.1283086E-01  0.3564275E-01  0.7061475E-02  0.9923118E-02
  314  0.1264010E-01  0.3507385E-01  0.7238871E-02  0.1019112E-01
  315  0.1242426E-01  0.3440696E-01  0.7426160E-02  0.1047595E-01
  316  0.1221826E-01  0.3375383E-01  0.7595973E-02  0.1073600E-01
  317  0.1197373E-01  0.3296114E-01  0.7790847E-02  0.1103673E-01
  318  0.1178822E-01  0.3234762E-01  0.7936548E-02  0.1126333E-01
  319  0.1157272E-01  0.3162019E-01  0.8106412E-02  0.1152957E-01
  320  0.1133219E-01  0.3078516E-01  0.8300889E-02  0.1183738E-01
  321  0.1127598E-01  0.3058560E-01  0.8347695E-02  0.1191197E-01
  322  0.1101340E-01  0.2962261E-01  0.8578024E-02  0.1228230E-01
  323  0.1093769E-01  0.2933256E-01  0.8649570E-02  0.1239851E-01
  324  0.1078517E-01  0.2872298E-01  0.8804894E-02  0.1265294E-01
  325  0.1063623E-01  0.2807792E-01  0.8979328E-02  0.1294256E-01
  326  0.1052875E-01  0.2755692E-01  0.9130994E-02  0.1319820E-01
  327  0.1044851E-01  0.2710572E-01  0.9273203E-02  0.1344165E-01
  328  0.1040376E-01  0.2680389E-01  0.9375768E-02  0.1361979E-01
  329  0.1291150E-05  0.8705795E-01  0.0000000E+00  0.0000000E+00
  330  0.6133310E-03  0.4191402E-01  0.0000000E+00  0.0000000E+00
  331  0.8005478E-02  0.2170144E-01  0.0000000E+00  0.0000000E+00
  332  0.1339503E-01  0.2910922E-01  0.3132220E-02  0.4084798E-02
  333  0.1248583E-01  0.3548056E-01  0.7782597E-02  0.1038510E-01
  334  0.1135835E-01  0.2908526E-01  0.1053199E-01  0.1438556E-01
  335  0.1239021E-01  0.2742685E-01  0.1234466E-01  0.1734214E-01
  336  0.1308872E-01  0.2512106E-01  0.1307714E-01  0.1899639E-01
  337  0.1282234E-01  0.2251123E-01  0.1281886E-01  0.1937452E-01
  338  0.1183079E-01  0.2026975E-01  0.1183018E-01  0.1874448E-01
  339  0.1041981E-01  0.1811741E-01  0.1041975E-01  0.1746676E-01
  340  0.8848843E-02  0.1608181E-01  0.8848840E-02  0.1586676E-01
  341  0.7295525E-02  0.1423139E-01  0.7295525E-02  0.1417918E-01
  342  0.5868145E-02  0.1255612E-01  0.5868145E-02  0.1254693E-01
  343  0.4615964E-02  0.1104407E-01  0.4615964E-02  0.1104290E-01
  344  0.3555217E-02  0.9695044E-02  0.3555217E-02  0.9694937E-02
  345  0.2683231E-02  0.8505268E-02  0.2683231E-02  0.8505261E-02
  346  0.1988367E-02  0.7463312E-02  0.1988367E-02  0.7463312E-02
  347  0.1455829E-02  0.6553328E-02  0.1455829E-02  0.6553328E-02
  348  0.1585353E-07  0.6040093E-01  0.0000000E+00  0.0000000E+00
  349  0.5689951E-04  0.4778942E-01  0.0000000E+00  0.0000000E+00
  350  0.3750254E-02  0.1870874E-01  0.0000000E+00  0.0000000E+00
  351  0.1318638E-01  0.1439412E-01  0.2384921E-02  0.2227334E-02
  352  0.9920084E-02  0.1928156E-01  0.7454301E-02  0.7143608E-02
  353  0.1143279E-01  0.2039989E-01  0.1114782E-01  0.1082597E-01
  354  0.1401471E-01  0.2205216E-01  0.1399951E-01  0.1380372E-01
  355  0.1624211E-01  0.2323252E-01  0.1624196E-01  0.1632526E-01
  356  0.1777101E-01  0.2313360E-01  0.1777100E-01  0.1828721E-01
  357  0.1854300E-01  0.2253955E-01  0.1854300E-01  0.1962092E-01
  358  0.1857861E-01  0.2171127E-01  0.1857861E-01  0.2030139E-01
  359  0.1795881E-01  0.2086390E-01  0.1795881E-01  0.2035526E-01
  360  0.1681392E-01  0.1999371E-01  0.1681392E-01  0.1986078E-01
  361  0.1530291E-01  0.1896016E-01  0.1530291E-01  0.1893520E-01
  362  0.1358793E-01  0.1771592E-01  0.1358793E-01  0.1771256E-01
  363  0.1181229E-01  0.1632114E-01  0.1181229E-01  0.1632081E-01
  364  0.1008739E-01  0.1486591E-01  0.1008739E-01  0.1486589E-01
  365  0.8489394E-02  0.1342530E-01  0.8489394E-02  0.1342530E-01
  366  0.7084767E-02  0.1205137E-01  0.7084767E-02  0.1205137E-01
  367  0.5735296E-02  0.1064521E-01  0.5735296E-02  0.1064521E-01
  368  0.4748152E-02  0.9481221E-02  0.4748152E-02  0.9481221E-02
  369  0.3919364E-02  0.8420874E-02  0.3919364E-02  0.8420874E-02
  370  0.3305767E-02  0.7467225E-02  0.3305767E-02  0.7467225E-02
  371  0.1754941E-10  0.4354963E-02  0.0000000E+00  0.0000000E+00
  372  0.6621498E-06  0.1361537E-01  0.0000000E+00  0.0000000E+00
  373  0.4067807E-03  0.1149063E-01  0.0000000E+00  0.0000000E+00
  374  0.5508357E-02  0.4980955E-02  0.0000000E+00  0.0000000E+00
  375  0.8941899E-02  0.4396346E-02  0.4112489E-02  0.2659688E-02
  376  0.8310588E-02  0.7062535E-02  0.8019647E-02  0.5207744E-02
  377  0.1082206E-01  0.9601887E-02  0.1080005E-01  0.7032470E-02
  378  0.1352291E-01  0.1246279E-01  0.1352250E-01  0.8853543E-02
  379  0.1605240E-01  0.1455272E-01  0.1605240E-01  0.1062284E-01
  380  0.1829088E-01  0.1548549E-01  0.1829088E-01  0.1229648E-01
  381  0.2011946E-01  0.1571787E-01  0.2011946E-01  0.1382869E-01
  382  0.2147080E-01  0.1597288E-01  0.2147080E-01  0.1516994E-01
  383  0.2225404E-01  0.1650602E-01  0.2225404E-01  0.1626317E-01
  384  0.2245573E-01  0.1710651E-01  0.2245573E-01  0.1705437E-01
  385  0.2206658E-01  0.1750707E-01  0.2206658E-01  0.1749913E-01
  386  0.2110976E-01  0.1757550E-01  0.2110976E-01  0.1757464E-01
  387  0.1971758E-01  0.1729618E-01  0.1971758E-01  0.1729612E-01
  388  0.1799728E-01  0.1670478E-01  0.1799728E-01  0.1670477E-01
  389  0.1608842E-01  0.1586603E-01  0.1608842E-01  0.1586603E-01
  390  0.1392319E-01  0.1474584E-01  0.1392319E-01  0.1474584E-01
  391  0.1202860E-01  0.1362760E-01  0.1202860E-01  0.1362760E-01
  392  0.1028246E-01  0.1247509E-01  0.1028246E-01  0.1247509E-01
  393  0.8733929E-02  0.1133270E-01  0.8733929E-02  0.1133270E-01
  394  0.1622888E-06  0.8644423E-01  0.0000000E+00  0.0000000E+00
  395  0.2076278E-03  0.5127591E-01  0.0000000E+00  0.0000000E+00
  396  0.5990021E-02  0.2027130E-01  0.0000000E+00  0.0000000E+00
  397  0.1337852E-01  0.2226982E-01  0.2911706E-02  0.3268491E-02
  398  0.1100142E-01  0.2948930E-01  0.8094371E-02  0.9289485E-02
  399  0.1178775E-01  0.2673310E-01  0.1125117E-01  0.1311473E-01
  400  0.1376663E-01  0.2663927E-01  0.1374447E-01  0.1631175E-01
  401  0.1541256E-01  0.2590921E-01  0.1541186E-01  0.1868541E-01
  402  0.1620690E-01  0.2442859E-01  0.1620670E-01  0.2014350E-01
  403  0.1619328E-01  0.2302916E-01  0.1619324E-01  0.2071148E-01
  404  0.1551689E-01  0.2156772E-01  0.1551689E-01  0.2051165E-01
  405  0.1436484E-01  0.2009011E-01  0.1436484E-01  0.1972316E-01
  406  0.1293024E-01  0.1863279E-01  0.1293024E-01  0.1853958E-01
  407  0.1136987E-01  0.1715222E-01  0.1136987E-01  0.1713510E-01
  408  0.9811353E-02  0.1564931E-01  0.9811353E-02  0.1564704E-01
  409  0.8348609E-02  0.1417187E-01  0.8348609E-02  0.1417165E-01
  410  0.7014913E-02  0.1276721E-01  0.7014913E-02  0.1276720E-01
  411  0.5858626E-02  0.1146672E-01  0.5858626E-02  0.1146672E-01
  412  0.4857482E-02  0.1028065E-01  0.4857482E-02  0.1028065E-01
  413  0.3966741E-02  0.9111535E-02  0.3966741E-02  0.9111535E-02
  414  0.3335577E-02  0.8165557E-02  0.3335577E-02  0.8165557E-02
  415  0.2819875E-02  0.7317199E-02  0.2819875E-02  0.7317199E-02
  416  0.2476755E-02  0.6563000E-02  0.2476755E-02  0.6563000E-02
  417  0.3804009E-09  0.1780716E-01  0.0000000E+00  0.0000000E+00
  418  0.5122615E-05  0.2636918E-01  0.0000000E+00  0.0000000E+00
  419  0.1178017E-02  0.1648517E-01  0.0000000E+00  0.0000000E+00
  420  0.9409027E-02  0.7377643E-02  0.1215770E-02  0.8828713E-03
  421  0.9530712E-02  0.7904926E-02  0.5510149E-02  0.4097440E-02
  422  0.9756764E-02  0.1082726E-01  0.9518431E-02  0.7096824E-02
  423  0.1245647E-01  0.1343536E-01  0.1243925E-01  0.9290273E-02
  424  0.1510439E-01  0.1616230E-01  0.1510415E-01  0.1134331E-01
  425  0.1741410E-01  0.1774569E-01  0.1741410E-01  0.1320845E-01
  426  0.1927440E-01  0.1818557E-01  0.1927440E-01  0.1484425E-01
  427  0.2063291E-01  0.1806186E-01  0.2063291E-01  0.1621107E-01
  428  0.2144423E-01  0.1801636E-01  0.2144423E-01  0.1726938E-01
  429  0.2168211E-01  0.1820109E-01  0.2168211E-01  0.1798442E-01
  430  0.2138750E-01  0.1838259E-01  0.2138750E-01  0.1833760E-01
  431  0.2060651E-01  0.1833768E-01  0.2060651E-01  0.1833100E-01
  432  0.1942621E-01  0.1799377E-01  0.1942621E-01  0.1799306E-01
  433  0.1793145E-01  0.1737212E-01  0.1793145E-01  0.1737207E-01
  434  0.1627977E-01  0.1653793E-01  0.1627977E-01  0.1653793E-01
  435  0.1456203E-01  0.1555799E-01  0.1456203E-01  0.1555799E-01
  436  0.1270009E-01  0.1438671E-01  0.1270009E-01  0.1438671E-01
  437  0.1111852E-01  0.1329526E-01  0.1111852E-01  0.1329526E-01
  438  0.9685805E-02  0.1221805E-01  0.9685805E-02  0.1221805E-01
  439  0.8474080E-02  0.1119229E-01  0.8474080E-02  0.1119229E-01
  440  0.7402172E-02  0.1021272E-01  0.7402172E-02  0.1021272E-01
  441  0.6512246E-02  0.9297350E-02  0.6512246E-02  0.9297350E-02
  442  0.5795699E-02  0.8448862E-02  0.5795699E-02  0.8448862E-02
  443  0.5240438E-02  0.7666378E-02  0.5240438E-02  0.7666378E-02
  444  0.4833537E-02  0.6946846E-02  0.4833537E-02  0.6946846E-02
  445  0.8618970E-14  0.5950650E-04  0.0000000E+00  0.0000000E+00
  446  0.2651676E-08  0.1727011E-02  0.0000000E+00  0.0000000E+00
  447  0.1633437E-04  0.2665819E-02  0.0000000E+00  0.0000000E+00
  448  0.1406859E-02  0.2081480E-02  0.0000000E+00  0.0000000E+00
  449  0.5365148E-02  0.1152558E-02  0.1410501E-02  0.6771198E-03
  450  0.4698418E-02  0.2183888E-02  0.3978992E-02  0.1912783E-02
  451  0.6021508E-02  0.3495711E-02  0.6000625E-02  0.2877670E-02
  452  0.8004251E-02  0.5060029E-02  0.8003287E-02  0.3830389E-02
  453  0.1014934E-01  0.6654109E-02  0.1014933E-01  0.4864694E-02
  454  0.1237836E-01  0.7810662E-02  0.1237836E-01  0.5958699E-02
  455  0.1461321E-01  0.8446887E-02  0.1461321E-01  0.7087847E-02
  456  0.1678339E-01  0.8933549E-02  0.1678339E-01  0.8227895E-02
  457  0.1878426E-01  0.9612544E-02  0.1878426E-01  0.9353620E-02
  458  0.2054656E-01  0.1050704E-01  0.2054656E-01  0.1043994E-01
  459  0.2200766E-01  0.1147138E-01  0.2200766E-01  0.1145909E-01
  460  0.2306551E-01  0.1237759E-01  0.2306551E-01  0.1237600E-01
  461  0.2370090E-01  0.1315707E-01  0.2370090E-01  0.1315693E-01
  462  0.2383407E-01  0.1376153E-01  0.2383407E-01  0.1376152E-01
  463  0.2350804E-01  0.1416398E-01  0.2350804E-01  0.1416398E-01
  464  0.2262087E-01  0.1434829E-01  0.2262087E-01  0.1434829E-01
  465  0.2141739E-01  0.1428194E-01  0.2141739E-01  0.1428194E-01
  466  0.1986300E-01  0.1399531E-01  0.1986300E-01  0.1399531E-01
  467  0.1816893E-01  0.1353955E-01  0.1816893E-01  0.1353955E-01
  468  0.1639906E-01  0.1294572E-01  0.1639906E-01  0.1294572E-01
  469  0.1465266E-01  0.1225536E-01  0.1465266E-01  0.1225536E-01
  470  0.1300976E-01  0.1150673E-01  0.1300976E-01  0.1150673E-01
  471  0.1145829E-01  0.1070335E-01  0.1145829E-01  0.1070335E-01
  472  0.1016938E-01  0.9921321E-02  0.1016938E-01  0.9921321E-02
  473  0.9160988E-02  0.9189249E-02  0.9160988E-02  0.9189249E-02
  474  0.8293108E-02  0.8450654E-02  0.8293108E-02  0.8450654E-02
  475  0.7626393E-02  0.7744487E-02  0.7626393E-02  0.7744487E-02
  476  0.7527335E-04  0.6114623E-01  0.0000000E+00  0.0000000E+00
  477  0.1317537E-03  0.5663162E-01  0.0000000E+00  0.0000000E+00
  478  0.1622307E-03  0.5488915E-01  0.0000000E+00  0.0000000E+00
  479  0.2833833E-03  0.4996657E-01  0.0000000E+00  0.0000000E+00
  480  0.7258354E-03  0.4061238E-01  0.0000000E+00  0.0000000E+00
  481  0.1013542E-02  0.3701096E-01  0.0000000E+00  0.0000000E+00
  482  0.1209559E-02  0.3508212E-01  0.0000000E+00  0.0000000E+00
  483  0.1513630E-02  0.3265222E-01  0.0000000E+00  0.0000000E+00
  484  0.2083592E-02  0.2932166E-01  0.0000000E+00  0.0000000E+00
  485  0.2585610E-02  0.2724744E-01  0.0000000E+00  0.0000000E+00
  486  0.3589807E-02  0.2454736E-01  0.0000000E+00  0.0000000E+00
  487  0.4265757E-02  0.2342345E-01  0.0000000E+00  0.0000000E+00
  488  0.4715306E-02  0.2288244E-01  0.0000000E+00  0.0000000E+00
  489  0.5202166E-02  0.2243724E-01  0.0000000E+00  0.0000000E+00
  490  0.5784553E-02  0.2205371E-01  0.0000000E+00  0.0000000E+00
  491  0.6305795E-02  0.2181549E-01  0.0000000E+00  0.0000000E+00
  492  0.6892683E-02  0.2163520E-01  0.0000000E+00  0.0000000E+00
  493  0.7352423E-02  0.2154207E-01  0.0000000E+00  0.0000000E+00
  494  0.7795073E-02  0.2148142E-01  0.0000000E+00  0.0000000E+00
  495  0.8337936E-02  0.2143441E-01  0.0000000E+00  0.0000000E+00
  496  0.8772889E-02  0.2141140E-01  0.0000000E+00  0.0000000E+00
  497  0.9299729E-02  0.2150646E-01  0.9474458E-04  0.1094299E-03
  498  0.9855781E-02  0.2174117E-01  0.2997566E-03  0.3509794E-03
  499  0.1047668E-01  0.2197812E-01  0.4965159E-03  0.5895782E-03
  500  0.1098952E-01  0.2219782E-01  0.6681595E-03  0.8013164E-03
  501  0.1137448E-01  0.2239012E-01  0.8096878E-03  0.9775209E-03
  502  0.1180514E-01  0.2264927E-01  0.9877081E-03  0.1200566E-02
  503  0.1218599E-01  0.2293892E-01  0.1170677E-02  0.1430964E-02
  504  0.1245487E-01  0.2319740E-01  0.1321525E-02  0.1621558E-02
  505  0.1269792E-01  0.2349189E-01  0.1481442E-02  0.1824099E-02
  506  0.1291618E-01  0.2383618E-01  0.1655253E-02  0.2044693E-02
  507  0.1309004E-01  0.2420496E-01  0.1828999E-02  0.2265594E-02
  508  0.1325896E-01  0.2473154E-01  0.2060284E-02  0.2560150E-02
  509  0.1335148E-01  0.2520256E-01  0.2254839E-02  0.2808302E-02
  510  0.1340583E-01  0.2572100E-01  0.2459426E-02  0.3069575E-02
  511  0.1342145E-01  0.2633528E-01  0.2692953E-02  0.3368172E-02
  512  0.1340114E-01  0.2688345E-01  0.2896222E-02  0.3628375E-02
  513  0.1335194E-01  0.2746815E-01  0.3110323E-02  0.3902723E-02
  514  0.1328365E-01  0.2802934E-01  0.3315305E-02  0.4165645E-02
  515  0.1319758E-01  0.2859993E-01  0.3525203E-02  0.4435128E-02
  516  0.1309831E-01  0.2917136E-01  0.3738911E-02  0.4709766E-02
  517  0.1297424E-01  0.2981793E-01  0.3987687E-02  0.5029800E-02
  518  0.1282543E-01  0.3054224E-01  0.4279563E-02  0.5405734E-02
  519  0.1269708E-01  0.3114732E-01  0.4538752E-02  0.5739983E-02
  520  0.1259134E-01  0.3164494E-01  0.4766429E-02  0.6033919E-02
  521  0.1246853E-01  0.3223676E-01  0.5060822E-02  0.6414443E-02
  522  0.1239874E-01  0.3258858E-01  0.5252297E-02  0.6662221E-02
  523  0.1231842E-01  0.3302076E-01  0.5510934E-02  0.6997267E-02
  524  0.1225455E-01  0.3340452E-01  0.5771013E-02  0.7334604E-02
  525  0.1221907E-01  0.3364952E-01  0.5958591E-02  0.7578171E-02
  526  0.1217288E-01  0.3407328E-01  0.6347191E-02  0.8083490E-02
  527  0.1216433E-01  0.3420849E-01  0.6498607E-02  0.8280657E-02
  528  0.1216246E-01  0.3444890E-01  0.6830978E-02  0.8714001E-02
  529  0.1218074E-01  0.3461319E-01  0.7156443E-02  0.9139085E-02
  530  0.1220883E-01  0.3470001E-01  0.7426090E-02  0.9491835E-02
  531  0.1217596E-01  0.3465272E-01  0.7644003E-02  0.9779655E-02
  532  0.1211228E-01  0.3451735E-01  0.7800995E-02  0.9989113E-02
  533  0.1203882E-01  0.3429755E-01  0.7995660E-02  0.1024942E-01
  534  0.1196218E-01  0.3399059E-01  0.8213199E-02  0.1054114E-01
  535  0.1189169E-01  0.3363813E-01  0.8424961E-02  0.1082598E-01
  536  0.1179035E-01  0.3301931E-01  0.8748549E-02  0.1126305E-01
  537  0.1179575E-01  0.3305550E-01  0.8730681E-02  0.1123886E-01
  538  0.1180616E-01  0.3312431E-01  0.8696428E-02  0.1119250E-01
  539  0.1169317E-01  0.3230059E-01  0.9088608E-02  0.1172491E-01
  540  0.1165838E-01  0.3200719E-01  0.9222820E-02  0.1190797E-01
  541  0.1162171E-01  0.3166856E-01  0.9376997E-02  0.1211884E-01
  542  0.1158760E-01  0.3131292E-01  0.9539985E-02  0.1234246E-01
  543  0.1156571E-01  0.3105028E-01  0.9662292E-02  0.1251076E-01
  544  0.1154655E-01  0.3077879E-01  0.9791564E-02  0.1268913E-01
  545  0.1152786E-01  0.3042072E-01  0.9968551E-02  0.1293417E-01
  546  0.1153019E-01  0.3047615E-01  0.9940555E-02  0.1289535E-01
  547  0.1151849E-01  0.3001376E-01  0.1018298E-01  0.1323243E-01
  548  0.1152099E-01  0.2977178E-01  0.1032010E-01  0.1342401E-01
  549  0.1153676E-01  0.2945808E-01  0.1051330E-01  0.1369510E-01
  550  0.1154159E-01  0.2940067E-01  0.1055108E-01  0.1374829E-01
  551  0.1157034E-01  0.2916122E-01  0.1071938E-01  0.1398592E-01
  552  0.1159670E-01  0.2901426E-01  0.1083351E-01  0.1414775E-01
  553  0.1163296E-01  0.2886436E-01  0.1096151E-01  0.1432994E-01
  554  0.1312129E-01  0.2904462E-01  0.3691102E-02  0.4648303E-02
  555  0.2529245E-04  0.6317098E-01  0.0000000E+00  0.0000000E+00
  556  0.3744593E-04  0.6086129E-01  0.0000000E+00  0.0000000E+00
  557  0.6488204E-04  0.5758981E-01  0.0000000E+00  0.0000000E+00
  558  0.8995255E-04  0.5557941E-01  0.0000000E+00  0.0000000E+00
  559  0.1276980E-03  0.5331786E-01  0.0000000E+00  0.0000000E+00
  560  0.1690449E-03  0.5139427E-01  0.0000000E+00  0.0000000E+00
  561  0.2304139E-03  0.4911797E-01  0.0000000E+00  0.0000000E+00
  562  0.3216692E-03  0.4645048E-01  0.0000000E+00  0.0000000E+00
  563  0.4518915E-03  0.4347442E-01  0.0000000E+00  0.0000000E+00
  564  0.6362221E-03  0.4020909E-01  0.0000000E+00  0.0000000E+00
  565  0.8667891E-03  0.3704759E-01  0.0000000E+00  0.0000000E+00
  566  0.1065126E-02  0.3485686E-01  0.0000000E+00  0.0000000E+00
  567  0.1375552E-02  0.3208794E-01  0.0000000E+00  0.0000000E+00
  568  0.1730895E-02  0.2960547E-01  0.0000000E+00  0.0000000E+00
  569  0.1978102E-02  0.2819064E-01  0.0000000E+00  0.0000000E+00
  570  0.2291302E-02  0.2667685E-01  0.0000000E+00  0.0000000E+00
  571  0.2681968E-02  0.2512926E-01  0.0000000E+00  0.0000000E+00
  572  0.3236847E-02  0.2341721E-01  0.0000000E+00  0.0000000E+00
  573  0.3881013E-02  0.2194602E-01  0.0000000E+00  0.0000000E+00
  574  0.4538136E-02  0.2084946E-01  0.0000000E+00  0.0000000E+00
  575  0.5035083E-02  0.2021802E-01  0.0000000E+00  0.0000000E+00
  576  0.5757819E-02  0.1952199E-01  0.0000000E+00  0.0000000E+00
  577  0.6439549E-02  0.1904159E-01  0.0000000E+00  0.0000000E+00
  578  0.7644021E-02  0.1845782E-01  0.0000000E+00  0.0000000E+00
  579  0.8302267E-02  0.1822250E-01  0.0000000E+00  0.0000000E+00
  580  0.8747833E-02  0.1807980E-01  0.0000000E+00  0.0000000E+00
  581  0.9624236E-02  0.1825281E-01  0.3354052E-03  0.3392687E-03
  582  0.1027891E-01  0.1836326E-01  0.5681119E-03  0.5808162E-03
  583  0.1069683E-01  0.1842829E-01  0.7134213E-03  0.7340628E-03
  584  0.1130165E-01  0.1853250E-01  0.9353994E-03  0.9708133E-03
  585  0.1191296E-01  0.1866771E-01  0.1189811E-02  0.1244941E-02
  586  0.1241960E-01  0.1882700E-01  0.1443657E-02  0.1520449E-02
  587  0.1293940E-01  0.1909484E-01  0.1790861E-02  0.1899393E-02
  588  0.1324252E-01  0.1939232E-01  0.2103900E-02  0.2242448E-02
  589  0.1343191E-01  0.2016083E-01  0.2739998E-02  0.2942097E-02
  590  0.1334328E-01  0.2063949E-01  0.3073256E-02  0.3309590E-02
  591  0.1309555E-01  0.2129852E-01  0.3494616E-02  0.3774913E-02
  592  0.1290705E-01  0.2168788E-01  0.3732168E-02  0.4037535E-02
  593  0.1274849E-01  0.2198682E-01  0.3911538E-02  0.4235960E-02
  594  0.1248605E-01  0.2245117E-01  0.4188026E-02  0.4542018E-02
  595  0.1216281E-01  0.2299775E-01  0.4514867E-02  0.4904110E-02
  596  0.1183015E-01  0.2355390E-01  0.4854912E-02  0.5281163E-02
  597  0.1126628E-01  0.2454228E-01  0.5499833E-02  0.5997189E-02
  598  0.1097126E-01  0.2513164E-01  0.5927515E-02  0.6472696E-02
  599  0.1066777E-01  0.2592061E-01  0.6591486E-02  0.7212014E-02
  600  0.1063882E-01  0.2602582E-01  0.6691897E-02  0.7323940E-02
  601  0.1055999E-01  0.2647564E-01  0.7170288E-02  0.7857641E-02
  602  0.1056544E-01  0.2679657E-01  0.7582407E-02  0.8318021E-02
  603  0.1063208E-01  0.2706262E-01  0.7999875E-02  0.8784982E-02
  604  0.1064076E-01  0.2714033E-01  0.8552135E-02  0.9409455E-02
  605  0.1064661E-01  0.2709975E-01  0.8695497E-02  0.9572691E-02
  606  0.1076936E-01  0.2677607E-01  0.9299374E-02  0.1026238E-01
  607  0.1072699E-01  0.2687493E-01  0.9150835E-02  0.1009239E-01
  608  0.1079212E-01  0.2672484E-01  0.9371185E-02  0.1034464E-01
  609  0.1090479E-01  0.2648453E-01  0.9681132E-02  0.1070035E-01
  610  0.1107607E-01  0.2615570E-01  0.1007656E-01  0.1115587E-01
  611  0.1128694E-01  0.2581567E-01  0.1049995E-01  0.1164593E-01
  612  0.1151802E-01  0.2553313E-01  0.1091326E-01  0.1212696E-01
  613  0.1152950E-01  0.2552157E-01  0.1093269E-01  0.1214963E-01
  614  0.1133161E-01  0.2575360E-01  0.1058343E-01  0.1174287E-01
  615  0.1105153E-01  0.2620006E-01  0.1002347E-01  0.1109459E-01
  616  0.1156884E-01  0.2548365E-01  0.1099854E-01  0.1222655E-01
  617  0.1182736E-01  0.2529724E-01  0.1140647E-01  0.1270481E-01
  618  0.1177023E-01  0.2532955E-01  0.1131975E-01  0.1260288E-01
  699  0.2017250E-07  0.6380486E-01  0.0000000E+00  0.0000000E+00
  700  0.6350730E-04  0.4858256E-01  0.0000000E+00  0.0000000E+00
  701  0.3867087E-02  0.1874483E-01  0.0000000E+00  0.0000000E+00
  702  0.1321078E-01  0.1456908E-01  0.2401707E-02  0.2253437E-02
  703  0.9918333E-02  0.1924768E-01  0.7450966E-02  0.7136051E-02
  704  0.1140947E-01  0.2015813E-01  0.1112957E-01  0.1074040E-01
  705  0.1399401E-01  0.2167315E-01  0.1397908E-01  0.1360986E-01
  706  0.1625954E-01  0.2283241E-01  0.1625940E-01  0.1602060E-01
  707  0.1788279E-01  0.2278253E-01  0.1788278E-01  0.1790226E-01
  708  0.1882781E-01  0.2222852E-01  0.1882780E-01  0.1921865E-01
  709  0.1911458E-01  0.2145526E-01  0.1911458E-01  0.1996671E-01
  710  0.1880873E-01  0.2072828E-01  0.1880873E-01  0.2017742E-01
  711  0.1801079E-01  0.2006247E-01  0.1801079E-01  0.1991427E-01
  712  0.1684321E-01  0.1929472E-01  0.1684321E-01  0.1926596E-01
  713  0.1543456E-01  0.1833791E-01  0.1543456E-01  0.1833388E-01
  714  0.1390459E-01  0.1721852E-01  0.1390459E-01  0.1721811E-01
  715  0.1235384E-01  0.1600628E-01  0.1235384E-01  0.1600625E-01
  716  0.1085883E-01  0.1476744E-01  0.1085883E-01  0.1476743E-01
  717  0.9472222E-02  0.1355128E-01  0.9472222E-02  0.1355128E-01
  718  0.8133053E-02  0.1228086E-01  0.8133053E-02  0.1228086E-01
  719  0.7061863E-02  0.1120131E-01  0.7061863E-02  0.1120131E-01
  720  0.6150726E-02  0.1020404E-01  0.6150726E-02  0.1020404E-01
  721  0.5395255E-02  0.9290289E-02  0.5395255E-02  0.9290289E-02
  722  0.4834743E-02  0.8466491E-02  0.4834743E-02  0.8466491E-02
  723  0.4366787E-02  0.7709597E-02  0.4366787E-02  0.7709597E-02
  724  0.4024747E-02  0.7022647E-02  0.4024747E-02  0.7022647E-02
  725  0.3798385E-02  0.6399291E-02  0.3798385E-02  0.6399291E-02
  726  0.3737876E-02  0.5846824E-02  0.3737876E-02  0.5846824E-02
  727  0.3719264E-02  0.5331441E-02  0.3719264E-02  0.5331441E-02
  728  0.3793391E-02  0.4862456E-02  0.3793391E-02  0.4862456E-02
  729  0.3955547E-02  0.4434976E-02  0.3955547E-02  0.4434976E-02
  730  0.3355556E-11  0.1872194E-02  0.0000000E+00  0.0000000E+00
  731  0.1910216E-06  0.8963485E-02  0.0000000E+00  0.0000000E+00
  732  0.1938251E-03  0.8233369E-02  0.0000000E+00  0.0000000E+00
  733  0.3970020E-02  0.4199411E-02  0.0000000E+00  0.0000000E+00
  734  0.8161204E-02  0.2903765E-02  0.3151816E-02  0.1853125E-02
  735  0.7091837E-02  0.4957562E-02  0.6723346E-02  0.3941537E-02
  736  0.9171391E-02  0.6968507E-02  0.9147083E-02  0.5332028E-02
  737  0.1161242E-01  0.9323641E-02  0.1161177E-01  0.6739329E-02
  738  0.1401930E-01  0.1125173E-01  0.1401930E-01  0.8132210E-02
  739  0.1630203E-01  0.1224417E-01  0.1630203E-01  0.9483347E-02
  740  0.1836353E-01  0.1253683E-01  0.1836353E-01  0.1076734E-01
  741  0.2014493E-01  0.1277428E-01  0.2014493E-01  0.1196043E-01
  742  0.2159588E-01  0.1330493E-01  0.2159588E-01  0.1303748E-01
  743  0.2263917E-01  0.1403142E-01  0.2263917E-01  0.1396871E-01
  744  0.2326733E-01  0.1473673E-01  0.2326733E-01  0.1472624E-01
  745  0.2342730E-01  0.1528131E-01  0.2342730E-01  0.1528006E-01
  746  0.2316473E-01  0.1561341E-01  0.2316473E-01  0.1561331E-01
  747  0.2249731E-01  0.1571724E-01  0.2249731E-01  0.1571724E-01
  748  0.2144202E-01  0.1559254E-01  0.2144202E-01  0.1559254E-01
  749  0.1999542E-01  0.1522627E-01  0.1999542E-01  0.1522627E-01
  750  0.1849931E-01  0.1471911E-01  0.1849931E-01  0.1471911E-01
  751  0.1691903E-01  0.1408658E-01  0.1691903E-01  0.1408658E-01
  752  0.1527496E-01  0.1335217E-01  0.1527496E-01  0.1335217E-01
  753  0.1374382E-01  0.1257860E-01  0.1374382E-01  0.1257860E-01
  754  0.1232766E-01  0.1178573E-01  0.1232766E-01  0.1178573E-01
  755  0.1106084E-01  0.1099750E-01  0.1106084E-01  0.1099750E-01
  756  0.9962388E-02  0.1023101E-01  0.9962388E-02  0.1023101E-01
  757  0.9038948E-02  0.9497350E-02  0.9038948E-02  0.9497350E-02
  758  0.8220378E-02  0.8768182E-02  0.8220378E-02  0.8768182E-02
  759  0.7635119E-02  0.8110722E-02  0.7635119E-02  0.8110722E-02
  760  0.7205921E-02  0.7496147E-02  0.7205921E-02  0.7496147E-02
  761  0.6921561E-02  0.6923333E-02  0.6921561E-02  0.6923333E-02
  762  0.6831912E-02  0.6431815E-02  0.6831912E-02  0.6431815E-02
  763  0.6805052E-02  0.5933397E-02  0.6805052E-02  0.5933397E-02
  764  0.6897799E-02  0.5468126E-02  0.6897799E-02  0.5468126E-02
  765  0.7105676E-02  0.5033671E-02  0.7105676E-02  0.5033671E-02
  766  0.2416139E-09  0.5071913E-02  0.0000000E+00  0.0000000E+00
  767  0.1162090E-07  0.8254347E-02  0.0000000E+00  0.0000000E+00
  768  0.3362011E-06  0.8897374E-02  0.0000000E+00  0.0000000E+00
  769  0.5742603E-05  0.8290160E-02  0.0000000E+00  0.0000000E+00
  770  0.5790876E-04  0.8350998E-02  0.0000000E+00  0.0000000E+00
  771  0.3480467E-03  0.7958082E-02  0.0000000E+00  0.0000000E+00
  772  0.1278260E-02  0.6613807E-02  0.0000000E+00  0.0000000E+00
  773  0.3025018E-02  0.4985922E-02  0.0000000E+00  0.0000000E+00
  774  0.5389801E-02  0.3516002E-02  0.3823662E-03  0.2214664E-03
  775  0.7828999E-02  0.2888251E-02  0.1663771E-02  0.9739062E-03
  776  0.8336874E-02  0.2814136E-02  0.2811695E-02  0.1652409E-02
  777  0.7429590E-02  0.3291702E-02  0.4059307E-02  0.2387409E-02
  778  0.6802545E-02  0.4090001E-02  0.5433238E-02  0.3190390E-02
  779  0.7054889E-02  0.4893860E-02  0.6637155E-02  0.3891705E-02
  780  0.7624621E-02  0.5540490E-02  0.7489146E-02  0.4380231E-02
  781  0.8402938E-02  0.6250832E-02  0.8347189E-02  0.4873562E-02
  782  0.9242471E-02  0.7030813E-02  0.9219930E-02  0.5370422E-02
  783  0.1009722E-01  0.7862638E-02  0.1008969E-01  0.5869144E-02
  784  0.1096258E-01  0.8709502E-02  0.1096058E-01  0.6368429E-02
  785  0.1183379E-01  0.9528736E-02  0.1183337E-01  0.6866976E-02
  786  0.1269290E-01  0.1028086E-01  0.1269282E-01  0.7363239E-02
  787  0.1354746E-01  0.1093474E-01  0.1354745E-01  0.7856199E-02
  788  0.1438042E-01  0.1146923E-01  0.1438041E-01  0.8344347E-02
  789  0.1520225E-01  0.1187666E-01  0.1520225E-01  0.8826875E-02
  790  0.1599442E-01  0.1216256E-01  0.1599442E-01  0.9302269E-02
  791  0.1676962E-01  0.1234631E-01  0.1676962E-01  0.9769921E-02
  792  0.1750750E-01  0.1245588E-01  0.1750750E-01  0.1022823E-01
  793  0.1822308E-01  0.1252486E-01  0.1822308E-01  0.1067676E-01
  794  0.1889406E-01  0.1258432E-01  0.1889406E-01  0.1111374E-01
  795  0.1953788E-01  0.1266095E-01  0.1953788E-01  0.1153886E-01
  796  0.2069120E-01  0.1292285E-01  0.2069120E-01  0.1234723E-01
  797  0.2119444E-01  0.1311487E-01  0.2119444E-01  0.1272796E-01
  798  0.2166248E-01  0.1334150E-01  0.2166248E-01  0.1309223E-01
  799  0.2206730E-01  0.1359127E-01  0.2206730E-01  0.1343735E-01
  800  0.2243404E-01  0.1385460E-01  0.2243404E-01  0.1376351E-01
  801  0.2275110E-01  0.1412063E-01  0.2275110E-01  0.1406897E-01
  802  0.2299182E-01  0.1437846E-01  0.2299182E-01  0.1435038E-01
  803  0.2319844E-01  0.1462441E-01  0.2319844E-01  0.1460977E-01
  804  0.2332638E-01  0.1484972E-01  0.2332638E-01  0.1484241E-01
  805  0.2341986E-01  0.1505441E-01  0.2341986E-01  0.1505092E-01
  806  0.2343382E-01  0.1523196E-01  0.2343382E-01  0.1523036E-01
  807  0.2341454E-01  0.1538476E-01  0.2341454E-01  0.1538406E-01
  808  0.2331654E-01  0.1550731E-01  0.2331654E-01  0.1550702E-01
  809  0.2318825E-01  0.1560352E-01  0.2318825E-01  0.1560340E-01
  810  0.2298366E-01  0.1566823E-01  0.2298366E-01  0.1566818E-01
  811  0.2275350E-01  0.1570647E-01  0.2275350E-01  0.1570645E-01
  812  0.2212924E-01  0.1569450E-01  0.2212924E-01  0.1569450E-01
  813  0.2176988E-01  0.1564911E-01  0.2176988E-01  0.1564911E-01
  814  0.2134000E-01  0.1557268E-01  0.2134000E-01  0.1557268E-01
  815  0.2090875E-01  0.1547546E-01  0.2090875E-01  0.1547546E-01
  816  0.2045262E-01  0.1535572E-01  0.2045262E-01  0.1535572E-01
  817  0.1992714E-01  0.1520597E-01  0.1992714E-01  0.1520597E-01
  818  0.1942164E-01  0.1504274E-01  0.1942164E-01  0.1504274E-01
  819  0.1885712E-01  0.1485312E-01  0.1885712E-01  0.1485312E-01
  820  0.1831907E-01  0.1465333E-01  0.1831907E-01  0.1465333E-01
  821  0.1777608E-01  0.1443993E-01  0.1777608E-01  0.1443993E-01
  822  0.1717623E-01  0.1420169E-01  0.1717623E-01  0.1420169E-01
  823  0.1662265E-01  0.1396215E-01  0.1662265E-01  0.1396215E-01
  824  0.1602234E-01  0.1370208E-01  0.1602234E-01  0.1370208E-01
  825  0.1547262E-01  0.1344349E-01  0.1547262E-01  0.1344349E-01
  826  0.1493376E-01  0.1318002E-01  0.1493376E-01  0.1318002E-01
  827  0.1434974E-01  0.1289683E-01  0.1434974E-01  0.1289683E-01
  828  0.1383077E-01  0.1262318E-01  0.1383077E-01  0.1262318E-01
  829  0.1332996E-01  0.1234943E-01  0.1332996E-01  0.1234943E-01
  830  0.1278399E-01  0.1205521E-01  0.1278399E-01  0.1205521E-01
  831  0.1186733E-01  0.1150478E-01  0.1186733E-01  0.1150478E-01
  832  0.1137441E-01  0.1120889E-01  0.1137441E-01  0.1120889E-01
  833  0.1096540E-01  0.1093705E-01  0.1096540E-01  0.1093705E-01
  834  0.1058109E-01  0.1067154E-01  0.1058109E-01  0.1067154E-01
  835  0.1015004E-01  0.1038089E-01  0.1015004E-01  0.1038089E-01
  836  0.9806946E-02  0.1012002E-01  0.9806946E-02  0.1012002E-01
  837  0.9488560E-02  0.9867020E-02  0.9488560E-02  0.9867020E-02
  838  0.9123077E-02  0.9586433E-02  0.9123077E-02  0.9586433E-02
  839  0.8846559E-02  0.9339923E-02  0.8846559E-02  0.9339923E-02
  840  0.8593435E-02  0.9101881E-02  0.8593435E-02  0.9101881E-02
  841  0.8293283E-02  0.8834537E-02  0.8293283E-02  0.8834537E-02
  842  0.8080987E-02  0.8603974E-02  0.8080987E-02  0.8603974E-02
  843  0.7890107E-02  0.8381771E-02  0.7890107E-02  0.8381771E-02
  844  0.7652476E-02  0.8129542E-02  0.7652476E-02  0.8129542E-02
  845  0.7500421E-02  0.7915267E-02  0.7500421E-02  0.7915267E-02
  846  0.7367659E-02  0.7708803E-02  0.7367659E-02  0.7708803E-02
  847  0.7253706E-02  0.7511524E-02  0.7253706E-02  0.7511524E-02
  848  0.7092105E-02  0.7274105E-02  0.7092105E-02  0.7274105E-02
  849  0.7013137E-02  0.7082702E-02  0.7013137E-02  0.7082702E-02
  850  0.6950887E-02  0.6899034E-02  0.6950887E-02  0.6899034E-02
  851  0.6843056E-02  0.6679015E-02  0.6843056E-02  0.6679015E-02
  852  0.6813949E-02  0.6501689E-02  0.6813949E-02  0.6501689E-02
  853  0.6800007E-02  0.6330831E-02  0.6800007E-02  0.6330831E-02
  854  0.6800674E-02  0.6167126E-02  0.6800674E-02  0.6167126E-02
  855  0.6759370E-02  0.5963130E-02  0.6759370E-02  0.5963130E-02
  856  0.6790989E-02  0.5804177E-02  0.6790989E-02  0.5804177E-02
  857  0.6836250E-02  0.5650818E-02  0.6836250E-02  0.5650818E-02
  858  0.6894724E-02  0.5503608E-02  0.6894724E-02  0.5503608E-02
  859  0.6916398E-02  0.5316024E-02  0.6916398E-02  0.5316024E-02
  860  0.7004638E-02  0.5172552E-02  0.7004638E-02  0.5172552E-02
  861  0.5610742E-12  0.1262691E-04  0.0000000E+00  0.0000000E+00
  862  0.6105239E-07  0.1814980E-03  0.0000000E+00  0.0000000E+00
  863  0.7939112E-04  0.3400139E-03  0.0000000E+00  0.0000000E+00
  864  0.1348752E-02  0.1253615E-03  0.0000000E+00  0.0000000E+00
  865  0.1932817E-02  0.4690265E-03  0.1201506E-02  0.4375116E-03
  866  0.2502925E-02  0.9813735E-03  0.2474297E-02  0.8971571E-03
  867  0.3460921E-02  0.1474872E-02  0.3460314E-02  0.1252047E-02
  868  0.4634456E-02  0.2098310E-02  0.4634441E-02  0.1678701E-02
  869  0.6003831E-02  0.2737749E-02  0.6003831E-02  0.2181399E-02
  870  0.7544280E-02  0.3278039E-02  0.7544280E-02  0.2759177E-02
  871  0.9236282E-02  0.3746484E-02  0.9236282E-02  0.3406149E-02
  872  0.1104193E-01  0.4268852E-02  0.1104193E-01  0.4111861E-02
  873  0.1291394E-01  0.4913930E-02  0.1291394E-01  0.4863004E-02
  874  0.1481213E-01  0.5657405E-02  0.1481213E-01  0.5645788E-02
  875  0.1665185E-01  0.6446082E-02  0.1665185E-01  0.6444218E-02
  876  0.1838778E-01  0.7244414E-02  0.1838778E-01  0.7244204E-02
  877  0.1998104E-01  0.8031918E-02  0.1998104E-01  0.8031901E-02
  878  0.2132236E-01  0.8785505E-02  0.2132236E-01  0.8785504E-02
  879  0.2246593E-01  0.9552831E-02  0.2246593E-01  0.9552831E-02
  880  0.2317925E-01  0.1017296E-01  0.2317925E-01  0.1017296E-01
  881  0.2348420E-01  0.1068779E-01  0.2348420E-01  0.1068779E-01
  882  0.2343013E-01  0.1108503E-01  0.2343013E-01  0.1108503E-01
  883  0.2294439E-01  0.1133571E-01  0.2294439E-01  0.1133571E-01
  884  0.2214578E-01  0.1144752E-01  0.2214578E-01  0.1144752E-01
  885  0.2099588E-01  0.1140240E-01  0.2099588E-01  0.1140240E-01
  886  0.1967115E-01  0.1123428E-01  0.1967115E-01  0.1123428E-01
  887  0.1821487E-01  0.1095449E-01  0.1821487E-01  0.1095449E-01
  888  0.1664103E-01  0.1055779E-01  0.1664103E-01  0.1055779E-01
  889  0.1516455E-01  0.1011465E-01  0.1516455E-01  0.1011465E-01
  890  0.1379199E-01  0.9629630E-02  0.1379199E-01  0.9629630E-02
  891  0.1257341E-01  0.9123037E-02  0.1257341E-01  0.9123037E-02
  892  0.1154035E-01  0.8610577E-02  0.1154035E-01  0.8610577E-02
  893  0.1070769E-01  0.8102838E-02  0.1070769E-01  0.8102838E-02
  894  0.1007757E-01  0.7605623E-02  0.1007757E-01  0.7605623E-02
  895  0.9644011E-02  0.7121390E-02  0.9644011E-02  0.7121390E-02
  896  0.9397104E-02  0.6651362E-02  0.9397104E-02  0.6651362E-02
  897  0.9325667E-02  0.6196855E-02  0.9325667E-02  0.6196855E-02
  898  0.9419029E-02  0.5759186E-02  0.9419029E-02  0.5759186E-02
  899  0.8802733E-14  0.6032585E-04  0.0000000E+00  0.0000000E+00
  900  0.2417866E-08  0.1655390E-02  0.0000000E+00  0.0000000E+00
  901  0.1441418E-04  0.2520554E-02  0.0000000E+00  0.0000000E+00
  902  0.1289554E-02  0.1951382E-02  0.0000000E+00  0.0000000E+00
  903  0.5058759E-02  0.1052612E-02  0.1282806E-02  0.6046705E-03
  904  0.4437216E-02  0.1952433E-02  0.3667707E-02  0.1722641E-02
  905  0.5586364E-02  0.3118389E-02  0.5566260E-02  0.2594677E-02
  906  0.7364512E-02  0.4455874E-02  0.7363531E-02  0.3410288E-02
  907  0.9300500E-02  0.5820304E-02  0.9300492E-02  0.4286163E-02
  908  0.1131357E-01  0.6816519E-02  0.1131357E-01  0.5205763E-02
  909  0.1335325E-01  0.7357502E-02  0.1335325E-01  0.6150740E-02
  910  0.1535990E-01  0.7746658E-02  0.1535990E-01  0.7102604E-02
  911  0.1728593E-01  0.8289074E-02  0.1728593E-01  0.8044428E-02
  912  0.1904860E-01  0.9024619E-02  0.1904860E-01  0.8958500E-02
  913  0.2060529E-01  0.9841203E-02  0.2060529E-01  0.9828490E-02
  914  0.2192259E-01  0.1063931E-01  0.2192259E-01  0.1063757E-01
  915  0.2291649E-01  0.1136331E-01  0.2291649E-01  0.1136314E-01
  916  0.2359898E-01  0.1198850E-01  0.2359898E-01  0.1198849E-01
  917  0.2388593E-01  0.1248697E-01  0.2388593E-01  0.1248697E-01
  918  0.2380889E-01  0.1287692E-01  0.2380889E-01  0.1287692E-01
  919  0.2333059E-01  0.1306641E-01  0.2333059E-01  0.1306641E-01
  920  0.2257760E-01  0.1310894E-01  0.2257760E-01  0.1310894E-01
  921  0.2150435E-01  0.1299336E-01  0.2150435E-01  0.1299336E-01
  922  0.2028017E-01  0.1275571E-01  0.2028017E-01  0.1275571E-01
  923  0.1886554E-01  0.1239119E-01  0.1886554E-01  0.1239119E-01
  924  0.1744717E-01  0.1195274E-01  0.1744717E-01  0.1195274E-01
  925  0.1604283E-01  0.1145673E-01  0.1604283E-01  0.1145673E-01
  926  0.1462170E-01  0.1088860E-01  0.1462170E-01  0.1088860E-01
  927  0.1338011E-01  0.1032815E-01  0.1338011E-01  0.1032815E-01
  928  0.1228067E-01  0.9769862E-02  0.1228067E-01  0.9769862E-02
  929  0.1125869E-01  0.9172593E-02  0.1125869E-01  0.9172593E-02
  930  0.1047840E-01  0.8632794E-02  0.1047840E-01  0.8632794E-02
  931  0.9865813E-02  0.8119531E-02  0.9865813E-02  0.8119531E-02
  932  0.9415192E-02  0.7636901E-02  0.9415192E-02  0.7636901E-02
  933  0.9052535E-02  0.7116750E-02  0.9052535E-02  0.7116750E-02
  934  0.8902594E-02  0.6680862E-02  0.8902594E-02  0.6680862E-02
  935  0.8888415E-02  0.6272989E-02  0.8888415E-02  0.6272989E-02
  936  0.9002024E-02  0.5891082E-02  0.9002024E-02  0.5891082E-02
  937  0.9237277E-02  0.5532680E-02  0.9237277E-02  0.5532680E-02
  938  0.9589820E-02  0.5195224E-02  0.9589820E-02  0.5195224E-02
  939  0.1005672E-01  0.4876316E-02  0.1005672E-01  0.4876316E-02
  940  0.1063587E-01  0.4573930E-02  0.1063587E-01  0.4573930E-02
  941  0.1132532E-01  0.4286550E-02  0.1132532E-01  0.4286550E-02
  942  0.1857915E-17  0.6529995E-07  0.0000000E+00  0.0000000E+00
  943  0.5506688E-11  0.9468393E-05  0.0000000E+00  0.0000000E+00
  944  0.1888073E-06  0.5471848E-04  0.0000000E+00  0.0000000E+00
  945  0.7199633E-04  0.2810956E-04  0.0000000E+00  0.0000000E+00
  946  0.4726390E-03  0.4918685E-04  0.1634124E-03  0.4605376E-04
  947  0.7202907E-03  0.2015843E-03  0.7021820E-03  0.1963660E-03
  948  0.1197725E-02  0.3514668E-03  0.1197569E-02  0.3330658E-03
  949  0.1655344E-02  0.5053881E-03  0.1655337E-02  0.4593702E-03
  950  0.2223467E-02  0.6994249E-03  0.2223467E-02  0.6188106E-03
  951  0.2917583E-02  0.9168100E-03  0.2917583E-02  0.8179244E-03
  952  0.3754887E-02  0.1147855E-02  0.3754887E-02  0.1062921E-02
  953  0.4735083E-02  0.1409524E-02  0.4735083E-02  0.1358443E-02
  954  0.5862981E-02  0.1728673E-02  0.5862981E-02  0.1707162E-02
  955  0.7130926E-02  0.2115132E-02  0.7130926E-02  0.2108789E-02
  956  0.8522335E-02  0.2561278E-02  0.8522335E-02  0.2559968E-02
  957  0.1001253E-01  0.3054885E-02  0.1001253E-01  0.3054695E-02
  958  0.1157038E-01  0.3585187E-02  0.1157038E-01  0.3585168E-02
  959  0.1317381E-01  0.4143672E-02  0.1317381E-01  0.4143671E-02
  960  0.1491050E-01  0.4777510E-02  0.1491050E-01  0.4777510E-02
  961  0.1643698E-01  0.5362835E-02  0.1643698E-01  0.5362835E-02
  962  0.1786587E-01  0.5946771E-02  0.1786587E-01  0.5946771E-02
  963  0.1917311E-01  0.6521065E-02  0.1917311E-01  0.6521065E-02
  964  0.2026719E-01  0.7068236E-02  0.2026719E-01  0.7068236E-02
  965  0.2112700E-01  0.7576680E-02  0.2112700E-01  0.7576680E-02
  966  0.2174500E-01  0.8036144E-02  0.2174500E-01  0.8036144E-02
  967  0.2202595E-01  0.8420236E-02  0.2202595E-01  0.8420236E-02
  968  0.2203519E-01  0.8731067E-02  0.2203519E-01  0.8731067E-02
  969  0.2167907E-01  0.8936080E-02  0.2167907E-01  0.8936080E-02
  970  0.2109173E-01  0.9059853E-02  0.2109173E-01  0.9059853E-02
  971  0.2018839E-01  0.9063851E-02  0.2018839E-01  0.9063851E-02
  972  0.1916227E-01  0.9001736E-02  0.1916227E-01  0.9001736E-02
  973  0.1793997E-01  0.8828199E-02  0.1793997E-01  0.8828199E-02
  974  0.1673601E-01  0.8619522E-02  0.1673601E-01  0.8619522E-02
  975  0.1548065E-01  0.8323172E-02  0.1548065E-01  0.8323172E-02
  976  0.1437176E-01  0.8024959E-02  0.1437176E-01  0.8024959E-02
  977  0.1339457E-01  0.7711252E-02  0.1339457E-01  0.7711252E-02
  978  0.1258415E-01  0.7397321E-02  0.1258415E-01  0.7397321E-02
  979  0.1188847E-01  0.6994832E-02  0.1188847E-01  0.6994832E-02
  980  0.1145950E-01  0.6667154E-02  0.1145950E-01  0.6667154E-02
  981  0.1122679E-01  0.6350042E-02  0.1122679E-01  0.6350042E-02
  982  0.1118377E-01  0.6044492E-02  0.1118377E-01  0.6044492E-02
  983  0.1132113E-01  0.5749521E-02  0.1132113E-01  0.5749521E-02
  984  0.1162936E-01  0.5463051E-02  0.1162936E-01  0.5463051E-02
  985  0.1209997E-01  0.5183055E-02  0.1209997E-01  0.5183055E-02
  986  0.1272567E-01  0.4908437E-02  0.1272567E-01  0.4908437E-02
  987  0.1349977E-01  0.4639173E-02  0.1349977E-01  0.4639173E-02
  988  0.4069692E-09  0.1830478E-01  0.0000000E+00  0.0000000E+00
  989  0.5078894E-05  0.2630041E-01  0.0000000E+00  0.0000000E+00
  990  0.1139398E-02  0.1635542E-01  0.0000000E+00  0.0000000E+00
  991  0.9169876E-02  0.7191313E-02  0.1157408E-02  0.8319481E-03
  992  0.9493269E-02  0.7434535E-02  0.5365345E-02  0.3930039E-02
  993  0.9561651E-02  0.1019386E-01  0.9317691E-02  0.6804937E-02
  994  0.1217764E-01  0.1263825E-01  0.1215951E-01  0.8839520E-02
  995  0.1477298E-01  0.1524346E-01  0.1477271E-01  0.1072336E-01
  996  0.1707928E-01  0.1680468E-01  0.1707928E-01  0.1242454E-01
  997  0.1900371E-01  0.1723113E-01  0.1900371E-01  0.1391908E-01
  998  0.2050932E-01  0.1706783E-01  0.2050932E-01  0.1518641E-01
  999  0.2155963E-01  0.1698636E-01  0.2155963E-01  0.1620590E-01
 1000  0.2212609E-01  0.1719150E-01  0.2212609E-01  0.1695786E-01
 1001  0.2223819E-01  0.1748109E-01  0.2223819E-01  0.1743079E-01
 1002  0.2191599E-01  0.1763024E-01  0.2191599E-01  0.1762246E-01
 1003  0.2118792E-01  0.1754391E-01  0.2118792E-01  0.1754304E-01
 1004  0.2016421E-01  0.1722374E-01  0.2016421E-01  0.1722367E-01
 1005  0.1891004E-01  0.1670232E-01  0.1891004E-01  0.1670231E-01
 1006  0.1751135E-01  0.1602540E-01  0.1751135E-01  0.1602540E-01
 1007  0.1585278E-01  0.1514825E-01  0.1585278E-01  0.1514825E-01
 1008  0.1438923E-01  0.1429015E-01  0.1438923E-01  0.1429015E-01
 1009  0.1299182E-01  0.1340700E-01  0.1299182E-01  0.1340700E-01
 1010  0.1170061E-01  0.1252726E-01  0.1170061E-01  0.1252726E-01
 1011  0.1054176E-01  0.1167175E-01  0.1054176E-01  0.1167175E-01
 1012  0.9529563E-02  0.1085454E-01  0.9529563E-02  0.1085454E-01
 1013  0.8607686E-02  0.1006205E-01  0.8607686E-02  0.1006205E-01
 1014  0.7892921E-02  0.9336969E-02  0.7892921E-02  0.9336969E-02
 1015  0.7322835E-02  0.8663520E-02  0.7322835E-02  0.8663520E-02
 1016  0.6889052E-02  0.8040949E-02  0.6889052E-02  0.8040949E-02
 1017  0.6582320E-02  0.7467147E-02  0.6582320E-02  0.7467147E-02
 1018  0.6393618E-02  0.6939177E-02  0.6393618E-02  0.6939177E-02
 1019  0.6314874E-02  0.6453669E-02  0.6314874E-02  0.6453669E-02
 1020  0.6339348E-02  0.6007093E-02  0.6339348E-02  0.6007093E-02
 1021  0.6461754E-02  0.5595959E-02  0.6461754E-02  0.5595959E-02
 1022  0.6678204E-02  0.5216960E-02  0.6678204E-02  0.5216960E-02
 1023  0.6938279E-02  0.4830804E-02  0.6938279E-02  0.4830804E-02
 1024  0.7340924E-02  0.4506474E-02  0.7340924E-02  0.4506474E-02
 1025  0.7832440E-02  0.4206399E-02  0.7832440E-02  0.4206399E-02
 1026  0.8411937E-02  0.3928445E-02  0.8411937E-02  0.3928445E-02
 1027  0.9078546E-02  0.3670815E-02  0.9078546E-02  0.3670815E-02
 1028  0.9831091E-02  0.3432027E-02  0.9831091E-02  0.3432027E-02
 1029  0.1066776E-01  0.3210907E-02  0.1066776E-01  0.3210907E-02
 1030  0.5698746E-11  0.5365101E-04  0.0000000E+00  0.0000000E+00
 1031  0.2730535E-06  0.3758189E-03  0.0000000E+00  0.0000000E+00
 1032  0.1748042E-03  0.5209935E-03  0.0000000E+00  0.0000000E+00
 1033  0.1757454E-02  0.1774156E-03  0.0000000E+00  0.0000000E+00
 1034  0.2334268E-02  0.6223629E-03  0.1513211E-02  0.5765548E-03
 1035  0.2895143E-02  0.1203182E-02  0.2869674E-02  0.1084112E-02
 1036  0.3930928E-02  0.1764626E-02  0.3930230E-02  0.1472962E-02
 1037  0.5148464E-02  0.2436757E-02  0.5148450E-02  0.1922572E-02
 1038  0.6521961E-02  0.3077377E-02  0.6521961E-02  0.2433165E-02
 1039  0.8033118E-02  0.3573670E-02  0.8033118E-02  0.3000710E-02
 1040  0.9654518E-02  0.3978990E-02  0.9654518E-02  0.3617310E-02
 1041  0.1135101E-01  0.4434296E-02  0.1135101E-01  0.4272272E-02
 1042  0.1308230E-01  0.5005034E-02  0.1308230E-01  0.4953526E-02
 1043  0.1481879E-01  0.5661162E-02  0.1481879E-01  0.5649542E-02
 1044  0.1648959E-01  0.6349117E-02  0.1648959E-01  0.6347257E-02
 1045  0.1806481E-01  0.7036283E-02  0.1806481E-01  0.7036071E-02
 1046  0.1950093E-01  0.7704685E-02  0.1950093E-01  0.7704668E-02
 1047  0.2077903E-01  0.8343194E-02  0.2077903E-01  0.8343193E-02
 1048  0.2189926E-01  0.8990033E-02  0.2189926E-01  0.8990033E-02
 1049  0.2265140E-01  0.9515057E-02  0.2265140E-01  0.9515057E-02
 1050  0.2315107E-01  0.9969134E-02  0.2315107E-01  0.9969134E-02
 1051  0.2331645E-01  0.1033003E-01  0.2331645E-01  0.1033003E-01
 1052  0.2318017E-01  0.1059164E-01  0.2318017E-01  0.1059164E-01
 1053  0.2279410E-01  0.1075475E-01  0.2279410E-01  0.1075475E-01
 1054  0.2210066E-01  0.1080187E-01  0.2210066E-01  0.1080187E-01
 1055  0.2123725E-01  0.1075847E-01  0.2123725E-01  0.1075847E-01
 1056  0.2014323E-01  0.1060506E-01  0.2014323E-01  0.1060506E-01
 1057  0.1899795E-01  0.1039054E-01  0.1899795E-01  0.1039054E-01
 1058  0.1772538E-01  0.1008457E-01  0.1772538E-01  0.1008457E-01
 1059  0.1652286E-01  0.9757311E-02  0.1652286E-01  0.9757311E-02
 1060  0.1529284E-01  0.9360053E-02  0.1529284E-01  0.9360053E-02
 1061  0.1422529E-01  0.8978695E-02  0.1422529E-01  0.8978695E-02
 1062  0.1320406E-01  0.8545075E-02  0.1320406E-01  0.8545075E-02
 1063  0.1239593E-01  0.8154366E-02  0.1239593E-01  0.8154366E-02
 1064  0.1174460E-01  0.7785005E-02  0.1174460E-01  0.7785005E-02
 1065  0.1117800E-01  0.7351010E-02  0.1117800E-01  0.7351010E-02
 1066  0.1084023E-01  0.7003025E-02  0.1084023E-01  0.7003025E-02
 1067  0.1065418E-01  0.6687525E-02  0.1065418E-01  0.6687525E-02
 1068  0.1055965E-01  0.6288332E-02  0.1055965E-01  0.6288332E-02
 1069  0.1065960E-01  0.5996454E-02  0.1065960E-01  0.5996454E-02
 1070  0.1088749E-01  0.5730926E-02  0.1088749E-01  0.5730926E-02
 1071  0.1120720E-01  0.5385103E-02  0.1120720E-01  0.5385103E-02
 1072  0.1168401E-01  0.5140351E-02  0.1168401E-01  0.5140351E-02
 1073  0.1227276E-01  0.4912234E-02  0.1227276E-01  0.4912234E-02
 1074  0.1296902E-01  0.4699377E-02  0.1296902E-01  0.4699377E-02
 1075  0.1375871E-01  0.4416113E-02  0.1375871E-01  0.4416113E-02
 1076  0.1466728E-01  0.4217997E-02  0.1466728E-01  0.4217997E-02
 1077  0.1566921E-01  0.4028995E-02  0.1566921E-01  0.4028995E-02
 1078  0.1675707E-01  0.3848055E-02  0.1675707E-01  0.3848055E-02
 1079  0.1792140E-01  0.3674502E-02  0.1792140E-01  0.3674502E-02
 1080  0.7313209E-11  0.8922425E-05  0.0000000E+00  0.0000000E+00
 1081  0.1124056E-06  0.1229059E-04  0.0000000E+00  0.0000000E+00
 1082  0.1793802E-04  0.2274788E-05  0.0000000E+00  0.0000000E+00
 1083  0.1490165E-03  0.2648898E-04  0.1191729E-03  0.2633540E-04
 1084  0.3393887E-03  0.7455451E-04  0.3388475E-03  0.7392026E-04
 1085  0.5164975E-03  0.1139440E-03  0.5164967E-03  0.1117604E-03
 1086  0.7036670E-03  0.1570917E-03  0.7036670E-03  0.1518486E-03
 1087  0.9415497E-03  0.2122819E-03  0.9415497E-03  0.2035044E-03
 1088  0.1239519E-02  0.2800969E-03  0.1239519E-02  0.2698520E-03
 1089  0.1609130E-02  0.3629086E-03  0.1609130E-02  0.3545716E-03
 1090  0.2062406E-02  0.4665185E-03  0.2062406E-02  0.4617884E-03
 1091  0.2611043E-02  0.5977185E-03  0.2611043E-02  0.5958474E-03
 1092  0.3265240E-02  0.7614584E-03  0.3265240E-02  0.7609423E-03
 1093  0.4032279E-02  0.9607149E-03  0.4032279E-02  0.9606157E-03
 1094  0.4915077E-02  0.1197225E-02  0.4915077E-02  0.1197212E-02
 1095  0.5911049E-02  0.1471418E-02  0.5911049E-02  0.1471417E-02
 1096  0.7126333E-02  0.1814971E-02  0.7126333E-02  0.1814971E-02
 1097  0.8325142E-02  0.2162153E-02  0.8325142E-02  0.2162153E-02
 1098  0.9602488E-02  0.2538660E-02  0.9602488E-02  0.2538660E-02
 1099  0.1091653E-01  0.2937934E-02  0.1091653E-01  0.2937934E-02
 1100  0.1225075E-01  0.3355084E-02  0.1225075E-01  0.3355084E-02
 1101  0.1357700E-01  0.3784451E-02  0.1357700E-01  0.3784451E-02
 1102  0.1486504E-01  0.4220181E-02  0.1486504E-01  0.4220181E-02
 1103  0.1610310E-01  0.4658755E-02  0.1610310E-01  0.4658755E-02
 1104  0.1721485E-01  0.5087206E-02  0.1721485E-01  0.5087206E-02
 1105  0.1818724E-01  0.5500170E-02  0.1818724E-01  0.5500170E-02
 1106  0.1898485E-01  0.5887990E-02  0.1898485E-01  0.5887990E-02
 1107  0.1960663E-01  0.6246633E-02  0.1960663E-01  0.6246633E-02
 1108  0.1996453E-01  0.6552582E-02  0.1996453E-01  0.6552582E-02
 1109  0.2007597E-01  0.6803243E-02  0.2007597E-01  0.6803243E-02
 1110  0.1997680E-01  0.7002228E-02  0.1997680E-01  0.7002228E-02
 1111  0.1959679E-01  0.7121526E-02  0.1959679E-01  0.7121526E-02
 1112  0.1905489E-01  0.7192218E-02  0.1905489E-01  0.7192218E-02
 1113  0.1828533E-01  0.7175096E-02  0.1828533E-01  0.7175096E-02
 1114  0.1745234E-01  0.7129117E-02  0.1745234E-01  0.7129117E-02
 1115  0.1649002E-01  0.6997077E-02  0.1649002E-01  0.6997077E-02
 1116  0.1558173E-01  0.6864727E-02  0.1558173E-01  0.6864727E-02
 1117  0.1465768E-01  0.6655389E-02  0.1465768E-01  0.6655389E-02
 1118  0.1388902E-01  0.6472186E-02  0.1388902E-01  0.6472186E-02
 1119  0.1325652E-01  0.6294258E-02  0.1325652E-01  0.6294258E-02
 1120  0.1272611E-01  0.6020770E-02  0.1272611E-01  0.6020770E-02
 1121  0.1243305E-01  0.5825523E-02  0.1243305E-01  0.5825523E-02
 1122  0.1232531E-01  0.5646103E-02  0.1232531E-01  0.5646103E-02
 1123  0.1236877E-01  0.5368742E-02  0.1236877E-01  0.5368742E-02
 1124  0.1263600E-01  0.5187575E-02  0.1263600E-01  0.5187575E-02
 1125  0.1307589E-01  0.5017047E-02  0.1307589E-01  0.5017047E-02
 1126  0.1367889E-01  0.4855256E-02  0.1367889E-01  0.4855256E-02
 1127  0.1443572E-01  0.4699249E-02  0.1443572E-01  0.4699249E-02
 1128  0.1533768E-01  0.4545541E-02  0.1533768E-01  0.4545541E-02
 1129  0.1637592E-01  0.4391001E-02  0.1637592E-01  0.4391001E-02
 1130  0.1754011E-01  0.4233845E-02  0.1754011E-01  0.4233845E-02
 1131  0.1881707E-01  0.4074084E-02  0.1881707E-01  0.4074084E-02
 1132  0.2649475E-11  0.1653828E-02  0.0000000E+00  0.0000000E+00
 1133  0.1502225E-06  0.8259421E-02  0.0000000E+00  0.0000000E+00
 1134  0.1620135E-03  0.7571016E-02  0.0000000E+00  0.0000000E+00
 1135  0.3614429E-02  0.3984313E-02  0.0000000E+00  0.0000000E+00
 1136  0.7871111E-02  0.2572435E-02  0.2885337E-02  0.1650383E-02
 1137  0.6706776E-02  0.4405940E-02  0.6300855E-02  0.3576406E-02
 1138  0.8576068E-02  0.6181905E-02  0.8551706E-02  0.4798015E-02
 1139  0.1083780E-01  0.8266246E-02  0.1083707E-01  0.6023678E-02
 1140  0.1309623E-01  0.1000866E-01  0.1309623E-01  0.7230484E-02
 1141  0.1526459E-01  0.1092156E-01  0.1526459E-01  0.8398138E-02
 1142  0.1729193E-01  0.1117261E-01  0.1729193E-01  0.9509713E-02
 1143  0.1910618E-01  0.1133869E-01  0.1910618E-01  0.1054931E-01
 1144  0.2068411E-01  0.1177218E-01  0.2068411E-01  0.1150313E-01
 1145  0.2195331E-01  0.1241950E-01  0.2195331E-01  0.1235372E-01
 1146  0.2289770E-01  0.1309665E-01  0.2289770E-01  0.1308512E-01
 1147  0.2351277E-01  0.1368333E-01  0.2351277E-01  0.1368188E-01
 1148  0.2374882E-01  0.1412602E-01  0.2374882E-01  0.1412589E-01
 1149  0.2365833E-01  0.1441116E-01  0.2365833E-01  0.1441116E-01
 1150  0.2320791E-01  0.1452792E-01  0.2320791E-01  0.1452792E-01
 1151  0.2240425E-01  0.1447471E-01  0.2240425E-01  0.1447471E-01
 1152  0.2139241E-01  0.1426701E-01  0.2139241E-01  0.1426701E-01
 1153  0.2024014E-01  0.1393795E-01  0.2024014E-01  0.1393795E-01
 1154  0.1898113E-01  0.1350877E-01  0.1898113E-01  0.1350877E-01
 1155  0.1760722E-01  0.1298615E-01  0.1760722E-01  0.1298615E-01
 1156  0.1629219E-01  0.1242506E-01  0.1629219E-01  0.1242506E-01
 1157  0.1496125E-01  0.1181330E-01  0.1496125E-01  0.1181330E-01
 1158  0.1377533E-01  0.1120733E-01  0.1377533E-01  0.1120733E-01
 1159  0.1270669E-01  0.1061037E-01  0.1270669E-01  0.1061037E-01
 1160  0.1168900E-01  0.9989803E-02  0.1168900E-01  0.9989803E-02
 1161  0.1088348E-01  0.9425721E-02  0.1088348E-01  0.9425721E-02
 1162  0.1014890E-01  0.8851229E-02  0.1014890E-01  0.8851229E-02
 1163  0.9624308E-02  0.8342271E-02  0.9624308E-02  0.8342271E-02
 1164  0.9236277E-02  0.7871405E-02  0.9236277E-02  0.7871405E-02
 1165  0.8910247E-02  0.7380268E-02  0.8910247E-02  0.7380268E-02
 1166  0.8773476E-02  0.6968751E-02  0.8773476E-02  0.6968751E-02
 1167  0.8750407E-02  0.6593388E-02  0.8750407E-02  0.6593388E-02
 1168  0.8780431E-02  0.6184425E-02  0.8780431E-02  0.6184425E-02
 1169  0.8971249E-02  0.5858856E-02  0.8971249E-02  0.5858856E-02
 1170  0.9258399E-02  0.5562721E-02  0.9258399E-02  0.5562721E-02
 1171  0.9600074E-02  0.5225324E-02  0.9600074E-02  0.5225324E-02
 1172  0.1007892E-01  0.4967308E-02  0.1007892E-01  0.4967308E-02
 1173  0.1064525E-01  0.4731618E-02  0.1064525E-01  0.4731618E-02
 1174  0.1127241E-01  0.4454900E-02  0.1127241E-01  0.4454900E-02
 1175  0.1201654E-01  0.4248054E-02  0.1201654E-01  0.4248054E-02
 1176  0.1284045E-01  0.4058040E-02  0.1284045E-01  0.4058040E-02
 1177  0.1372646E-01  0.3833251E-02  0.1372646E-01  0.3833251E-02
 1178  0.1470603E-01  0.3666152E-02  0.1470603E-01  0.3666152E-02
 1179  0.1575026E-01  0.3512582E-02  0.1575026E-01  0.3512582E-02
 1180  0.1684521E-01  0.3333046E-02  0.1684521E-01  0.3333046E-02
 1181  0.1800143E-01  0.3199180E-02  0.1800143E-01  0.3199180E-02
 1182  0.1918809E-01  0.3052001E-02  0.1918809E-01  0.3052001E-02
 1183  0.2041199E-01  0.2938027E-02  0.2041199E-01  0.2938027E-02
 1184  0.2164795E-01  0.2834652E-02  0.2164795E-01  0.2834652E-02
 1185  0.2287948E-01  0.2724398E-02  0.2287948E-01  0.2724398E-02
 1186  0.1428779E-14  0.7635651E-06  0.0000000E+00  0.0000000E+00
 1187  0.7074056E-09  0.3292136E-04  0.0000000E+00  0.0000000E+00
 1188  0.4514058E-05  0.1193679E-03  0.0000000E+00  0.0000000E+00
 1189  0.3700078E-03  0.3797137E-04  0.0000000E+00  0.0000000E+00
 1190  0.9157674E-03  0.1536455E-03  0.4646392E-03  0.1451823E-03
 1191  0.1258481E-02  0.3984110E-03  0.1231088E-02  0.3809273E-03
 1192  0.1829876E-02  0.6135303E-03  0.1829583E-02  0.5609989E-03
 1193  0.2459102E-02  0.8631198E-03  0.2459091E-02  0.7503796E-03
 1194  0.3208687E-02  0.1149765E-02  0.3208687E-02  0.9783927E-03
 1195  0.4085974E-02  0.1433728E-02  0.4085974E-02  0.1249330E-02
 1196  0.5093317E-02  0.1706256E-02  0.5093317E-02  0.1565809E-02
 1197  0.6226546E-02  0.2003881E-02  0.6226546E-02  0.1928160E-02
 1198  0.7474369E-02  0.2363019E-02  0.7474369E-02  0.2334121E-02
 1199  0.8827160E-02  0.2787120E-02  0.8827160E-02  0.2779313E-02
 1200  0.1024473E-01  0.3257968E-02  0.1024473E-01  0.3256475E-02
 1201  0.1170738E-01  0.3758363E-02  0.1170738E-01  0.3758161E-02
 1202  0.1318486E-01  0.4276312E-02  0.1318486E-01  0.4276292E-02
 1203  0.1464563E-01  0.4802960E-02  0.1464563E-01  0.4802959E-02
 1204  0.1619331E-01  0.5382963E-02  0.1619331E-01  0.5382963E-02
 1205  0.1753315E-01  0.5904712E-02  0.1753315E-01  0.5904712E-02
 1206  0.1873618E-01  0.6409555E-02  0.1873618E-01  0.6409555E-02
 1207  0.1979068E-01  0.6890847E-02  0.1979068E-01  0.6890847E-02
 1208  0.2066626E-01  0.7339350E-02  0.2066626E-01  0.7339350E-02
 1209  0.2136935E-01  0.7750505E-02  0.2136935E-01  0.7750505E-02
 1210  0.2180945E-01  0.8103590E-02  0.2180945E-01  0.8103590E-02
 1211  0.2201012E-01  0.8395215E-02  0.2201012E-01  0.8395215E-02
 1212  0.2196595E-01  0.8617632E-02  0.2196595E-01  0.8617632E-02
 1213  0.2172650E-01  0.8775912E-02  0.2172650E-01  0.8775912E-02
 1214  0.2122027E-01  0.8847212E-02  0.2122027E-01  0.8847212E-02
 1215  0.2052287E-01  0.8844278E-02  0.2052287E-01  0.8844278E-02
 1216  0.1972292E-01  0.8788622E-02  0.1972292E-01  0.8788622E-02
 1217  0.1875526E-01  0.8652268E-02  0.1875526E-01  0.8652268E-02
 1218  0.1778744E-01  0.8492360E-02  0.1778744E-01  0.8492360E-02
 1219  0.1673013E-01  0.8256620E-02  0.1673013E-01  0.8256620E-02
 1220  0.1577399E-01  0.8036739E-02  0.1577399E-01  0.8036739E-02
 1221  0.1479845E-01  0.7738653E-02  0.1479845E-01  0.7738653E-02
 1222  0.1392591E-01  0.7434111E-02  0.1392591E-01  0.7434111E-02
 1223  0.1323617E-01  0.7170352E-02  0.1323617E-01  0.7170352E-02
 1224  0.1261916E-01  0.6855265E-02  0.1261916E-01  0.6855265E-02
 1225  0.1220907E-01  0.6602899E-02  0.1220907E-01  0.6602899E-02
 1226  0.1189171E-01  0.6296411E-02  0.1189171E-01  0.6296411E-02
 1227  0.1177878E-01  0.6066539E-02  0.1177878E-01  0.6066539E-02
 1228  0.1180621E-01  0.5870839E-02  0.1180621E-01  0.5870839E-02
 1229  0.1193416E-01  0.5575843E-02  0.1193416E-01  0.5575843E-02
 1230  0.1223208E-01  0.5399175E-02  0.1223208E-01  0.5399175E-02
 1231  0.1262855E-01  0.5135431E-02  0.1262855E-01  0.5135431E-02
 1232  0.1317187E-01  0.4976355E-02  0.1317187E-01  0.4976355E-02
 1233  0.1381929E-01  0.4842727E-02  0.1381929E-01  0.4842727E-02
 1234  0.1457000E-01  0.4600983E-02  0.1457000E-01  0.4600983E-02
 1235  0.1542731E-01  0.4472053E-02  0.1542731E-01  0.4472053E-02
 1236  0.1637002E-01  0.4360594E-02  0.1637002E-01  0.4360594E-02
 1237  0.1740826E-01  0.4148216E-02  0.1740826E-01  0.4148216E-02
 1238  0.1851678E-01  0.4035198E-02  0.1851678E-01  0.4035198E-02
 1239  0.1968557E-01  0.3930727E-02  0.1968557E-01  0.3930727E-02
 1240  0.2091576E-01  0.3756003E-02  0.2091576E-01  0.3756003E-02
 1241  0.2217693E-01  0.3652099E-02  0.2217693E-01  0.3652099E-02
 1242  0.2345662E-01  0.3551860E-02  0.2345662E-01  0.3551860E-02
 1243  0.2473674E-01  0.3456193E-02  0.2473674E-01  0.3456193E-02
 1244  0.1474050E-03  0.2539849E-04  0.1474050E-03  0.2539849E-04
 1245  0.2097778E-03  0.3576319E-04  0.2097778E-03  0.3576319E-04
 1246  0.2814865E-03  0.4774241E-04  0.2814865E-03  0.4774241E-04
 1247  0.3724501E-03  0.6319567E-04  0.3724501E-03  0.6319567E-04
 1248  0.4872444E-03  0.8315300E-04  0.4872444E-03  0.8315300E-04
 1249  0.6320817E-03  0.1089301E-03  0.6320817E-03  0.1089301E-03
 1250  0.8127742E-03  0.1421440E-03  0.8127742E-03  0.1421440E-03
 1251  0.1036746E-02  0.1847789E-03  0.1036746E-02  0.1847789E-03
 1252  0.1312256E-02  0.2392157E-03  0.1312256E-02  0.2391877E-03
 1253  0.1646476E-02  0.3080128E-03  0.1646476E-02  0.3080077E-03
 1254  0.2051476E-02  0.3942519E-03  0.2051476E-02  0.3942512E-03
 1255  0.2589357E-02  0.5128390E-03  0.2589357E-02  0.5128389E-03
 1256  0.3166398E-02  0.6450581E-03  0.3166398E-02  0.6450581E-03
 1257  0.3833408E-02  0.8028134E-03  0.3833408E-02  0.8028134E-03
 1258  0.4591322E-02  0.9873416E-03  0.4591322E-02  0.9873416E-03
 1259  0.5437046E-02  0.1198738E-02  0.5437046E-02  0.1198738E-02
 1260  0.6363353E-02  0.1435893E-02  0.6363353E-02  0.1435893E-02
 1261  0.7359266E-02  0.1696629E-02  0.7359266E-02  0.1696629E-02
 1262  0.8410771E-02  0.1977986E-02  0.8410771E-02  0.1977986E-02
 1263  0.9501565E-02  0.2276551E-02  0.9501565E-02  0.2276551E-02
 1264  0.1061359E-01  0.2588721E-02  0.1061359E-01  0.2588721E-02
 1265  0.1172723E-01  0.2910801E-02  0.1172723E-01  0.2910801E-02
 1266  0.1283451E-01  0.3240755E-02  0.1283451E-01  0.3240755E-02
 1267  0.1388653E-01  0.3570921E-02  0.1388653E-01  0.3570921E-02
 1268  0.1487096E-01  0.3898166E-02  0.1487096E-01  0.3898166E-02
 1269  0.1576128E-01  0.4216890E-02  0.1576128E-01  0.4216890E-02
 1270  0.1655409E-01  0.4525870E-02  0.1655409E-01  0.4525870E-02
 1271  0.1717654E-01  0.4807704E-02  0.1717654E-01  0.4807704E-02
 1272  0.1763057E-01  0.5060559E-02  0.1763057E-01  0.5060559E-02
 1273  0.1789897E-01  0.5277425E-02  0.1789897E-01  0.5277425E-02
 1274  0.1800557E-01  0.5462632E-02  0.1800557E-01  0.5462632E-02
 1275  0.1788696E-01  0.5591540E-02  0.1788696E-01  0.5591540E-02
 1276  0.1763100E-01  0.5692035E-02  0.1763100E-01  0.5692035E-02
 1277  0.1717367E-01  0.5723799E-02  0.1717367E-01  0.5723799E-02
 1278  0.1659607E-01  0.5712976E-02  0.1659607E-01  0.5712976E-02
 1279  0.1598138E-01  0.5688328E-02  0.1598138E-01  0.5688328E-02
 1280  0.1528490E-01  0.5602098E-02  0.1528490E-01  0.5602098E-02
 1281  0.1464624E-01  0.5525735E-02  0.1464624E-01  0.5525735E-02
 1282  0.1401548E-01  0.5388925E-02  0.1401548E-01  0.5388925E-02
 1283  0.1352606E-01  0.5285389E-02  0.1352606E-01  0.5285389E-02
 1284  0.1312008E-01  0.5123047E-02  0.1312008E-01  0.5123047E-02
 1285  0.1290895E-01  0.5011420E-02  0.1290895E-01  0.5011420E-02
 1286  0.1286143E-01  0.4915496E-02  0.1286143E-01  0.4915496E-02
 1287  0.1295859E-01  0.4736305E-02  0.1295859E-01  0.4736305E-02
 1288  0.1326221E-01  0.4642169E-02  0.1326221E-01  0.4642169E-02
 1289  0.1373156E-01  0.4564710E-02  0.1373156E-01  0.4564710E-02
 1290  0.1435309E-01  0.4393703E-02  0.1435309E-01  0.4393703E-02
 1291  0.1514262E-01  0.4317191E-02  0.1514262E-01  0.4317191E-02
 1292  0.1607007E-01  0.4248567E-02  0.1607007E-01  0.4248567E-02
 1293  0.1712358E-01  0.4185432E-02  0.1712358E-01  0.4185432E-02
 1294  0.1829071E-01  0.4124826E-02  0.1829071E-01  0.4124826E-02
 1295  0.1955784E-01  0.4063344E-02  0.1955784E-01  0.4063344E-02
 1296  0.2090936E-01  0.3997454E-02  0.2090936E-01  0.3997454E-02
 1297  0.2232662E-01  0.3924195E-02  0.2232662E-01  0.3924195E-02
 1298  0.2378684E-01  0.3842209E-02  0.2378684E-01  0.3842209E-02
 1299  0.3893223E-03  0.5434111E-04  0.3893223E-03  0.5434111E-04
 1300  0.4928144E-03  0.7018968E-04  0.4928144E-03  0.7018968E-04
 1301  0.6208186E-03  0.9055806E-04  0.6208186E-03  0.9055806E-04
 1302  0.7959344E-03  0.1196331E-03  0.7959344E-03  0.1196331E-03
 1303  0.9927528E-03  0.1537284E-03  0.9927528E-03  0.1537284E-03
 1304  0.1232013E-02  0.1969071E-03  0.1232013E-02  0.1969071E-03
 1305  0.1520581E-02  0.2511214E-03  0.1520581E-02  0.2511214E-03
 1306  0.1865358E-02  0.3184627E-03  0.1865358E-02  0.3184627E-03
 1307  0.2272761E-02  0.4010273E-03  0.2272761E-02  0.4010273E-03
 1308  0.2748056E-02  0.5007299E-03  0.2748056E-02  0.5007299E-03
 1309  0.3294653E-02  0.6190842E-03  0.3294653E-02  0.6190842E-03
 1310  0.3913475E-02  0.7569932E-03  0.3913475E-02  0.7569932E-03
 1311  0.4602566E-02  0.9145999E-03  0.4602566E-02  0.9145999E-03
 1312  0.5357032E-02  0.1091246E-02  0.5357032E-02  0.1091246E-02
 1313  0.6169338E-02  0.1285555E-02  0.6169338E-02  0.1285555E-02
 1314  0.7029814E-02  0.1495609E-02  0.7029814E-02  0.1495609E-02
 1315  0.7927208E-02  0.1719165E-02  0.7927208E-02  0.1719165E-02
 1316  0.8849064E-02  0.1953826E-02  0.8849064E-02  0.1953826E-02
 1317  0.9781849E-02  0.2197120E-02  0.9781849E-02  0.2197120E-02
 1318  0.1072191E-01  0.2448299E-02  0.1072191E-01  0.2448299E-02
 1319  0.1163180E-01  0.2701122E-02  0.1163180E-01  0.2701122E-02
 1320  0.1250430E-01  0.2954128E-02  0.1250430E-01  0.2954128E-02
 1321  0.1332013E-01  0.3203636E-02  0.1332013E-01  0.3203636E-02
 1322  0.1405895E-01  0.3445403E-02  0.1405895E-01  0.3445403E-02
 1323  0.1472130E-01  0.3680508E-02  0.1472130E-01  0.3680508E-02
 1324  0.1524638E-01  0.3892207E-02  0.1524638E-01  0.3892207E-02
 1325  0.1563939E-01  0.4081617E-02  0.1563939E-01  0.4081617E-02
 1326  0.1588829E-01  0.4244007E-02  0.1588829E-01  0.4244007E-02
 1327  0.1601697E-01  0.4387594E-02  0.1601697E-01  0.4387594E-02
 1328  0.1596982E-01  0.4485731E-02  0.1596982E-01  0.4485731E-02
 1329  0.1578774E-01  0.4550609E-02  0.1578774E-01  0.4550609E-02
 1330  0.1552409E-01  0.4602741E-02  0.1552409E-01  0.4602741E-02
 1331  0.1513549E-01  0.4602609E-02  0.1513549E-01  0.4602609E-02
 1332  0.1469046E-01  0.4576603E-02  0.1469046E-01  0.4576603E-02
 1333  0.1426102E-01  0.4555845E-02  0.1426102E-01  0.4555845E-02
 1334  0.1381137E-01  0.4487292E-02  0.1381137E-01  0.4487292E-02
 1335  0.1345087E-01  0.4445290E-02  0.1345087E-01  0.4445290E-02
 1336  0.1314056E-01  0.4351366E-02  0.1314056E-01  0.4351366E-02
 1337  0.1297719E-01  0.4304393E-02  0.1297719E-01  0.4304393E-02
 1338  0.1291829E-01  0.4200582E-02  0.1291829E-01  0.4200582E-02
 1339  0.1303717E-01  0.4158667E-02  0.1303717E-01  0.4158667E-02
 1340  0.1330477E-01  0.4144225E-02  0.1330477E-01  0.4144225E-02
 1341  0.1372274E-01  0.4025177E-02  0.1372274E-01  0.4025177E-02
 1342  0.1430367E-01  0.4011499E-02  0.1430367E-01  0.4011499E-02
 1343  0.1502742E-01  0.3913550E-02  0.1502742E-01  0.3913550E-02
 1344  0.1589324E-01  0.3904141E-02  0.1589324E-01  0.3904141E-02
 1345  0.1687657E-01  0.3906850E-02  0.1687657E-01  0.3906850E-02
 1346  0.1796172E-01  0.3924235E-02  0.1796172E-01  0.3924235E-02
 1347  0.1916957E-01  0.3822851E-02  0.1916957E-01  0.3822851E-02
 1348  0.2043525E-01  0.3825255E-02  0.2043525E-01  0.3825255E-02
 1349  0.2175785E-01  0.3827276E-02  0.2175785E-01  0.3827276E-02
 1350  0.2311773E-01  0.3826258E-02  0.2311773E-01  0.3826258E-02
 1351  0.2449291E-01  0.3819549E-02  0.2449291E-01  0.3819549E-02
 1352  0.2585908E-01  0.3804624E-02  0.2585908E-01  0.3804624E-02
 1353  0.2718970E-01  0.3779380E-02  0.2718970E-01  0.3779380E-02
 1354  0.3480018E-15  0.6400283E-05  0.0000000E+00  0.0000000E+00
 1355  0.1724905E-09  0.4264174E-03  0.0000000E+00  0.0000000E+00
 1356  0.2492553E-05  0.1118059E-02  0.0000000E+00  0.0000000E+00
 1357  0.5406140E-03  0.1053874E-02  0.0000000E+00  0.0000000E+00
 1358  0.3210302E-02  0.5433134E-03  0.5898880E-03  0.2480864E-03
 1359  0.3224715E-02  0.1060010E-02  0.2311457E-02  0.9644983E-03
 1360  0.3893446E-02  0.1831849E-02  0.3873232E-02  0.1597040E-02
 1361  0.5163034E-02  0.2619842E-02  0.5162151E-02  0.2105852E-02
 1362  0.6587127E-02  0.3486192E-02  0.6587114E-02  0.2664932E-02
 1363  0.8127269E-02  0.4209530E-02  0.8127269E-02  0.3268715E-02
 1364  0.9753965E-02  0.4679787E-02  0.9753965E-02  0.3908311E-02
 1365  0.1144331E-01  0.5025674E-02  0.1144331E-01  0.4573075E-02
 1366  0.1313711E-01  0.5440517E-02  0.1313711E-01  0.5250604E-02
 1367  0.1480798E-01  0.5986839E-02  0.1480798E-01  0.5929849E-02
 1368  0.1641820E-01  0.6612562E-02  0.1641820E-01  0.6600332E-02
 1369  0.1793158E-01  0.7254328E-02  0.1793158E-01  0.7252451E-02
 1370  0.1933439E-01  0.7878844E-02  0.1933439E-01  0.7878637E-02
 1371  0.2055209E-01  0.8466647E-02  0.2055209E-01  0.8466631E-02
 1372  0.2157835E-01  0.9008543E-02  0.2157835E-01  0.9008542E-02
 1373  0.2245337E-01  0.9539317E-02  0.2245337E-01  0.9539317E-02
 1374  0.2303104E-01  0.9955803E-02  0.2303104E-01  0.9955803E-02
 1375  0.2332669E-01  0.1029246E-01  0.2332669E-01  0.1029246E-01
 1376  0.2336959E-01  0.1054574E-01  0.2336959E-01  0.1054574E-01
 1377  0.2320948E-01  0.1071880E-01  0.2320948E-01  0.1071880E-01
 1378  0.2277021E-01  0.1079319E-01  0.2277021E-01  0.1079319E-01
 1379  0.2212767E-01  0.1078024E-01  0.2212767E-01  0.1078024E-01
 1380  0.2136963E-01  0.1069990E-01  0.2136963E-01  0.1069990E-01
 1381  0.2041533E-01  0.1052917E-01  0.2041533E-01  0.1052917E-01
 1382  0.1937217E-01  0.1029628E-01  0.1937217E-01  0.1029628E-01
 1383  0.1834342E-01  0.1003498E-01  0.1834342E-01  0.1003498E-01
 1384  0.1723485E-01  0.9708473E-02  0.1723485E-01  0.9708473E-02
 1385  0.1615568E-01  0.9355445E-02  0.1615568E-01  0.9355445E-02
 1386  0.1520061E-01  0.9016127E-02  0.1520061E-01  0.9016127E-02
 1387  0.1425796E-01  0.8633602E-02  0.1425796E-01  0.8633602E-02
 1388  0.1349079E-01  0.8298311E-02  0.1349079E-01  0.8298311E-02
 1389  0.1276185E-01  0.7913114E-02  0.1276185E-01  0.7913114E-02
 1390  0.1216127E-01  0.7541944E-02  0.1216127E-01  0.7541944E-02
 1391  0.1175307E-01  0.7236429E-02  0.1175307E-01  0.7236429E-02
 1392  0.1140787E-01  0.6887906E-02  0.1140787E-01  0.6887906E-02
 1393  0.1124835E-01  0.6625804E-02  0.1124835E-01  0.6625804E-02
 1394  0.1115229E-01  0.6303947E-02  0.1115229E-01  0.6303947E-02
 1395  0.1122334E-01  0.6089182E-02  0.1122334E-01  0.6089182E-02
 1396  0.1135915E-01  0.5793018E-02  0.1135915E-01  0.5793018E-02
 1397  0.1163690E-01  0.5625755E-02  0.1163690E-01  0.5625755E-02
 1398  0.1198509E-01  0.5351297E-02  0.1198509E-01  0.5351297E-02
 1399  0.1242893E-01  0.5111445E-02  0.1242893E-01  0.5111445E-02
 1400  0.1298882E-01  0.4971632E-02  0.1298882E-01  0.4971632E-02
 1401  0.1361374E-01  0.4755808E-02  0.1361374E-01  0.4755808E-02
 1402  0.1433214E-01  0.4645914E-02  0.1433214E-01  0.4645914E-02
 1403  0.1511879E-01  0.4450691E-02  0.1511879E-01  0.4450691E-02
 1404  0.1597517E-01  0.4366694E-02  0.1597517E-01  0.4366694E-02
 1405  0.1690087E-01  0.4188489E-02  0.1690087E-01  0.4188489E-02
 1406  0.1787839E-01  0.4037897E-02  0.1787839E-01  0.4037897E-02
 1407  0.1890629E-01  0.3962790E-02  0.1890629E-01  0.3962790E-02
 1408  0.1997453E-01  0.3829162E-02  0.1997453E-01  0.3829162E-02
 1409  0.2106715E-01  0.3768680E-02  0.2106715E-01  0.3768680E-02
 1410  0.2218636E-01  0.3649393E-02  0.2218636E-01  0.3649393E-02
 1411  0.2330931E-01  0.3548233E-02  0.2330931E-01  0.3548233E-02
 1412  0.2442608E-01  0.3494684E-02  0.2442608E-01  0.3494684E-02
 1413  0.2552914E-01  0.3406304E-02  0.2552914E-01  0.3406304E-02
 1414  0.2659789E-01  0.3362456E-02  0.2659789E-01  0.3362456E-02
 1415  0.2763246E-01  0.3284407E-02  0.2763246E-01  0.3284407E-02
 1416  0.2861209E-01  0.3218601E-02  0.2861209E-01  0.3218601E-02
 1417  0.2952603E-01  0.3180856E-02  0.2952603E-01  0.3180856E-02
 1418  0.3037041E-01  0.3124151E-02  0.3037041E-01  0.3124151E-02
 1419  0.3113215E-01  0.3076092E-02  0.3113215E-01  0.3076092E-02
 1420  0.3180419E-01  0.3046681E-02  0.3180419E-01  0.3046681E-02
 1421  0.1034559E-04  0.1139481E-05  0.1034559E-04  0.1139481E-05
 1422  0.2444192E-04  0.2649309E-05  0.2444192E-04  0.2649309E-05
 1423  0.3332059E-04  0.3569412E-05  0.3332059E-04  0.3569412E-05
 1424  0.4331289E-04  0.4605305E-05  0.4331289E-04  0.4605305E-05
 1425  0.5582180E-04  0.5916877E-05  0.5582180E-04  0.5916877E-05
 1426  0.7144326E-04  0.7582161E-05  0.7144326E-04  0.7582161E-05
 1427  0.9090773E-04  0.9701950E-05  0.9090773E-04  0.9701950E-05
 1428  0.1151092E-03  0.1240644E-04  0.1151092E-03  0.1240644E-04
 1429  0.1451400E-03  0.1586365E-04  0.1451400E-03  0.1586365E-04
 1430  0.1823310E-03  0.2029008E-04  0.1823310E-03  0.2029008E-04
 1431  0.2334516E-03  0.2661275E-04  0.2334516E-03  0.2661275E-04
 1432  0.2913505E-03  0.3407292E-04  0.2913505E-03  0.3407292E-04
 1433  0.3629083E-03  0.4364638E-04  0.3629083E-03  0.4364638E-04
 1434  0.4508110E-03  0.5591218E-04  0.4508110E-03  0.5591218E-04
 1435  0.5584615E-03  0.7159592E-04  0.5584615E-03  0.7159592E-04
 1436  0.6898144E-03  0.9158557E-04  0.6898144E-03  0.9158557E-04
 1437  0.8493716E-03  0.1169455E-03  0.8493716E-03  0.1169455E-03
 1438  0.1041347E-02  0.1488820E-03  0.1041347E-02  0.1488820E-03
 1439  0.1272455E-02  0.1888523E-03  0.1272455E-02  0.1888523E-03
 1440  0.1547466E-02  0.2383369E-03  0.1547466E-02  0.2383369E-03
 1441  0.1871510E-02  0.2988638E-03  0.1871510E-02  0.2988638E-03
 1442  0.2248966E-02  0.3718616E-03  0.2248966E-02  0.3718616E-03
 1443  0.2682949E-02  0.4585137E-03  0.2682949E-02  0.4585137E-03
 1444  0.3174836E-02  0.5596126E-03  0.3174836E-02  0.5596126E-03
 1445  0.3723936E-02  0.6754471E-03  0.3723936E-02  0.6754471E-03
 1446  0.4327408E-02  0.8057543E-03  0.4327408E-02  0.8057543E-03
 1447  0.4980421E-02  0.9497518E-03  0.4980421E-02  0.9497518E-03
 1448  0.5680847E-02  0.1106761E-02  0.5680847E-02  0.1106761E-02
 1449  0.6412979E-02  0.1274382E-02  0.6412979E-02  0.1274382E-02
 1450  0.7172020E-02  0.1451420E-02  0.7172020E-02  0.1451420E-02
 1451  0.7948678E-02  0.1636192E-02  0.7948678E-02  0.1636192E-02
 1452  0.8732880E-02  0.1826960E-02  0.8732880E-02  0.1826960E-02
 1453  0.9513582E-02  0.2021870E-02  0.9513582E-02  0.2021870E-02
 1454  0.1027857E-01  0.2218861E-02  0.1027857E-01  0.2218861E-02
 1455  0.1101432E-01  0.2415557E-02  0.1101432E-01  0.2415557E-02
 1456  0.1171954E-01  0.2612639E-02  0.1171954E-01  0.2612639E-02
 1457  0.1235313E-01  0.2800311E-02  0.1235313E-01  0.2800311E-02
 1458  0.1291227E-01  0.2978377E-02  0.1291227E-01  0.2978377E-02
 1459  0.1338242E-01  0.3143161E-02  0.1338242E-01  0.3143161E-02
 1460  0.1375136E-01  0.3291109E-02  0.1375136E-01  0.3291109E-02
 1461  0.1403208E-01  0.3427801E-02  0.1403208E-01  0.3427801E-02
 1462  0.1417901E-01  0.3533596E-02  0.1417901E-01  0.3533596E-02
 1463  0.1421494E-01  0.3615812E-02  0.1421494E-01  0.3615812E-02
 1464  0.1417482E-01  0.3690665E-02  0.1417482E-01  0.3690665E-02
 1465  0.1401985E-01  0.3724347E-02  0.1401985E-01  0.3724347E-02
 1466  0.1379766E-01  0.3737567E-02  0.1379766E-01  0.3737567E-02
 1467  0.1356155E-01  0.3758420E-02  0.1356155E-01  0.3758420E-02
 1468  0.1328177E-01  0.3734630E-02  0.1328177E-01  0.3734630E-02
 1469  0.1301741E-01  0.3700610E-02  0.1301741E-01  0.3700610E-02
 1470  0.1282553E-01  0.3692260E-02  0.1282553E-01  0.3692260E-02
 1471  0.1267843E-01  0.3641656E-02  0.1267843E-01  0.3641656E-02
 1472  0.1265126E-01  0.3636382E-02  0.1265126E-01  0.3636382E-02
 1473  0.1271712E-01  0.3579370E-02  0.1271712E-01  0.3579370E-02
 1474  0.1292942E-01  0.3585450E-02  0.1292942E-01  0.3585450E-02
 1475  0.1326409E-01  0.3530407E-02  0.1326409E-01  0.3530407E-02
 1476  0.1374812E-01  0.3549897E-02  0.1374812E-01  0.3549897E-02
 1477  0.1436151E-01  0.3503840E-02  0.1436151E-01  0.3503840E-02
 1478  0.1510864E-01  0.3535172E-02  0.1510864E-01  0.3535172E-02
 1479  0.1596341E-01  0.3590493E-02  0.1596341E-01  0.3590493E-02
 1480  0.1694401E-01  0.3543079E-02  0.1694401E-01  0.3543079E-02
 1481  0.1800056E-01  0.3595029E-02  0.1800056E-01  0.3595029E-02
 1482  0.1912371E-01  0.3663346E-02  0.1912371E-01  0.3663346E-02
 1483  0.2033946E-01  0.3621664E-02  0.2033946E-01  0.3621664E-02
 1484  0.2157061E-01  0.3674233E-02  0.2157061E-01  0.3674233E-02
 1485  0.2281982E-01  0.3727640E-02  0.2281982E-01  0.3727640E-02
 1486  0.2406602E-01  0.3781535E-02  0.2406602E-01  0.3781535E-02
 1487  0.2532424E-01  0.3741957E-02  0.2532424E-01  0.3741957E-02
 1488  0.2651095E-01  0.3772074E-02  0.2651095E-01  0.3772074E-02
 1489  0.2762928E-01  0.3792674E-02  0.2762928E-01  0.3792674E-02
 1490  0.2865637E-01  0.3802260E-02  0.2865637E-01  0.3802260E-02
 1491  0.2831628E-02  0.1151633E-02  0.2737055E-02  0.1052970E-02
 1492  0.4860126E-02  0.2300408E-02  0.4860064E-02  0.1832122E-02
 1493  0.7457624E-02  0.3403615E-02  0.7457624E-02  0.2783665E-02
 1494  0.1051359E-01  0.4127978E-02  0.1051359E-01  0.3913204E-02
 1495  0.1363779E-01  0.5115543E-02  0.1363779E-01  0.5095450E-02
 1496  0.1663832E-01  0.6277580E-02  0.1663832E-01  0.6277077E-02
 1497  0.1928604E-01  0.7394233E-02  0.1928604E-01  0.7394229E-02
 1498  0.2125154E-01  0.8345864E-02  0.2125154E-01  0.8345864E-02
 1499  0.2246160E-01  0.9087478E-02  0.2246160E-01  0.9087478E-02
 1500  0.2296941E-01  0.9715571E-02  0.2296941E-01  0.9715571E-02
 1501  0.2250794E-01  0.9979295E-02  0.2250794E-01  0.9979295E-02
 1502  0.2122149E-01  0.9926339E-02  0.2122149E-01  0.9926339E-02
 1503  0.1947332E-01  0.9630435E-02  0.1947332E-01  0.9630435E-02
 1504  0.1743530E-01  0.9122305E-02  0.1743530E-01  0.9122305E-02
 1505  0.1551603E-01  0.8528303E-02  0.1551603E-01  0.8528303E-02
 1506  0.1404859E-01  0.7984466E-02  0.1404859E-01  0.7984466E-02
 1507  0.1270863E-01  0.7307772E-02  0.1270863E-01  0.7307772E-02
 1508  0.1191717E-01  0.6725452E-02  0.1191717E-01  0.6725452E-02
 1509  0.1161151E-01  0.6206114E-02  0.1161151E-01  0.6206114E-02
 1510  0.1176450E-01  0.5757871E-02  0.1176450E-01  0.5757871E-02
 1511  0.1230979E-01  0.5265898E-02  0.1230979E-01  0.5265898E-02
 1512  0.1327313E-01  0.4921995E-02  0.1327313E-01  0.4921995E-02
 1513  0.1442795E-01  0.4692350E-02  0.1442795E-01  0.4692350E-02
 1514  0.1598294E-01  0.4453918E-02  0.1598294E-01  0.4453918E-02
 1515  0.1780577E-01  0.4135556E-02  0.1780577E-01  0.4135556E-02
 1516  0.1981487E-01  0.3953671E-02  0.1981487E-01  0.3953671E-02
 1517  0.2194370E-01  0.3800054E-02  0.2194370E-01  0.3800054E-02
 1518  0.3954850E-14  0.1124845E-05  0.0000000E+00  0.0000000E+00
 1519  0.1321265E-08  0.3988193E-04  0.0000000E+00  0.0000000E+00
 1520  0.6234357E-05  0.1303941E-03  0.0000000E+00  0.0000000E+00
 1521  0.4155635E-03  0.4050570E-04  0.0000000E+00  0.0000000E+00
 1522  0.9464854E-03  0.1617096E-03  0.4859899E-03  0.1527713E-03
 1523  0.1273520E-02  0.4042961E-03  0.1245814E-02  0.3863654E-03
 1524  0.1817690E-02  0.6080524E-03  0.1817399E-02  0.5563553E-03
 1525  0.2404213E-02  0.8367452E-03  0.2404202E-02  0.7294603E-03
 1526  0.3089822E-02  0.1091822E-02  0.3089821E-02  0.9329170E-03
 1527  0.3879043E-02  0.1337481E-02  0.3879043E-02  0.1169595E-02
 1528  0.4772746E-02  0.1567591E-02  0.4772746E-02  0.1441072E-02
 1529  0.5767142E-02  0.1815274E-02  0.5767142E-02  0.1747265E-02
 1530  0.6853454E-02  0.2112329E-02  0.6853454E-02  0.2086253E-02
 1531  0.8018180E-02  0.2461498E-02  0.8018180E-02  0.2454366E-02
 1532  0.9243893E-02  0.2847938E-02  0.9243893E-02  0.2846547E-02
 1533  0.1051037E-01  0.3257074E-02  0.1051037E-01  0.3256881E-02
 1534  0.1179581E-01  0.3679173E-02  0.1179581E-01  0.3679154E-02
 1535  0.1307778E-01  0.4107303E-02  0.1307778E-01  0.4107302E-02
 1536  0.1446992E-01  0.4579249E-02  0.1446992E-01  0.4579249E-02
 1537  0.1567310E-01  0.5001898E-02  0.1567310E-01  0.5001898E-02
 1538  0.1680505E-01  0.5414025E-02  0.1680505E-01  0.5414025E-02
 1539  0.1784508E-01  0.5810717E-02  0.1784508E-01  0.5810717E-02
 1540  0.1877343E-01  0.6186929E-02  0.1877343E-01  0.6186929E-02
 1541  0.1957172E-01  0.6537404E-02  0.1957172E-01  0.6537404E-02
 1542  0.2022359E-01  0.6856717E-02  0.2022359E-01  0.6856717E-02
 1543  0.2074789E-01  0.7145053E-02  0.2074789E-01  0.7145053E-02
 1544  0.2107023E-01  0.7386408E-02  0.2107023E-01  0.7386408E-02
 1545  0.2121895E-01  0.7581948E-02  0.2121895E-01  0.7581948E-02
 1546  0.2119438E-01  0.7728428E-02  0.2119438E-01  0.7728428E-02
 1547  0.2100275E-01  0.7824067E-02  0.2100275E-01  0.7824067E-02
 1548  0.2070806E-01  0.7884785E-02  0.2070806E-01  0.7884785E-02
 1549  0.2022026E-01  0.7879161E-02  0.2022026E-01  0.7879161E-02
 1550  0.1961923E-01  0.7828039E-02  0.1961923E-01  0.7828039E-02
 1551  0.1892912E-01  0.7735503E-02  0.1892912E-01  0.7735503E-02
 1552  0.1817682E-01  0.7606806E-02  0.1817682E-01  0.7606806E-02
 1553  0.1745079E-01  0.7479107E-02  0.1745079E-01  0.7479107E-02
 1554  0.1665253E-01  0.7293325E-02  0.1665253E-01  0.7293325E-02
 1555  0.1587543E-01  0.7090830E-02  0.1587543E-01  0.7090830E-02
 1556  0.1514130E-01  0.6876425E-02  0.1514130E-01  0.6876425E-02
 1557  0.1453148E-01  0.6707501E-02  0.1453148E-01  0.6707501E-02
 1558  0.1393254E-01  0.6475889E-02  0.1393254E-01  0.6475889E-02
 1559  0.1342784E-01  0.6248307E-02  0.1342784E-01  0.6248307E-02
 1560  0.1302474E-01  0.6025798E-02  0.1302474E-01  0.6025798E-02
 1561  0.1277894E-01  0.5882865E-02  0.1277894E-01  0.5882865E-02
 1562  0.1258837E-01  0.5664092E-02  0.1258837E-01  0.5664092E-02
 1563  0.1250950E-01  0.5459760E-02  0.1250950E-01  0.5459760E-02
 1564  0.1253949E-01  0.5267935E-02  0.1253949E-01  0.5267935E-02
 1565  0.1270728E-01  0.5173651E-02  0.1270728E-01  0.5173651E-02
 1566  0.1294307E-01  0.4992094E-02  0.1294307E-01  0.4992094E-02
 1567  0.1327484E-01  0.4827766E-02  0.1327484E-01  0.4827766E-02
 1568  0.1370746E-01  0.4792642E-02  0.1370746E-01  0.4792642E-02
 1569  0.1421772E-01  0.4628323E-02  0.1421772E-01  0.4628323E-02
 1570  0.1480405E-01  0.4488531E-02  0.1480405E-01  0.4488531E-02
 1571  0.1546112E-01  0.4364977E-02  0.1546112E-01  0.4364977E-02
 1572  0.1617828E-01  0.4359324E-02  0.1617828E-01  0.4359324E-02
 1573  0.1696489E-01  0.4237327E-02  0.1696489E-01  0.4237327E-02
 1574  0.1779978E-01  0.4135287E-02  0.1779978E-01  0.4135287E-02
 1575  0.1867718E-01  0.4047024E-02  0.1867718E-01  0.4047024E-02
 1576  0.1957780E-01  0.4057919E-02  0.1957780E-01  0.4057919E-02
 1577  0.2052543E-01  0.3970965E-02  0.2052543E-01  0.3970965E-02
 1578  0.2148942E-01  0.3899504E-02  0.2148942E-01  0.3899504E-02
 1579  0.2246243E-01  0.3838885E-02  0.2246243E-01  0.3838885E-02
 1580  0.2342165E-01  0.3856057E-02  0.2342165E-01  0.3856057E-02
 1581  0.2439343E-01  0.3795352E-02  0.2439343E-01  0.3795352E-02
 1582  0.2534514E-01  0.3746182E-02  0.2534514E-01  0.3746182E-02
 1583  0.2626892E-01  0.3704887E-02  0.2626892E-01  0.3704887E-02
 1584  0.2714288E-01  0.3721530E-02  0.2714288E-01  0.3721530E-02
 1585  0.2799170E-01  0.3677936E-02  0.2799170E-01  0.3677936E-02
 1586  0.2878615E-01  0.3642713E-02  0.2878615E-01  0.3642713E-02
 1587  0.2952034E-01  0.3612790E-02  0.2952034E-01  0.3612790E-02
 1588  0.3018855E-01  0.3586566E-02  0.3018855E-01  0.3586566E-02
 1589  0.3077864E-01  0.3591071E-02  0.3077864E-01  0.3591071E-02
 1590  0.3130381E-01  0.3562730E-02  0.3130381E-01  0.3562730E-02
 1591  0.3175006E-01  0.3538186E-02  0.3175006E-01  0.3538186E-02
 1592  0.3211609E-01  0.3516158E-02  0.3211609E-01  0.3516158E-02
 1593  0.3240154E-01  0.3496041E-02  0.3240154E-01  0.3496041E-02
 1594  0.3260709E-01  0.3477602E-02  0.3260709E-01  0.3477602E-02
 1595  0.3273196E-01  0.3472264E-02  0.3273196E-01  0.3472264E-02
 1596  0.3278495E-01  0.3454746E-02  0.3278495E-01  0.3454746E-02
 1597  0.3276587E-01  0.3440549E-02  0.3276587E-01  0.3440549E-02
 1598  0.3267941E-01  0.3430105E-02  0.3267941E-01  0.3430105E-02
 1599  0.3253089E-01  0.3424273E-02  0.3253089E-01  0.3424273E-02
 1600  0.3232622E-01  0.3424303E-02  0.3232622E-01  0.3424303E-02
 1601  0.3207176E-01  0.3431855E-02  0.3207176E-01  0.3431855E-02
 1602  0.4845617E-11  0.1073406E-01  0.0000000E+00  0.0000000E+00
 1603  0.1743801E-10  0.1852131E-01  0.0000000E+00  0.0000000E+00
 1604  0.4399030E-07  0.8080054E-01  0.0000000E+00  0.0000000E+00
 1605  0.7688591E-05  0.7141480E-01  0.0000000E+00  0.0000000E+00
 1606  0.2009723E-03  0.5088725E-01  0.0000000E+00  0.0000000E+00
 1607  0.1325291E-01  0.2086819E-01  0.2096093E-02  0.2324580E-02
 1608  0.1117420E-01  0.2812389E-01  0.6059371E-02  0.6951533E-02
 1609  0.1103888E-01  0.2984959E-01  0.8591202E-02  0.9997858E-02
 1610  0.1148851E-01  0.2786320E-01  0.1054803E-01  0.1248668E-01
 1611  0.1429987E-01  0.2697816E-01  0.1429508E-01  0.1785592E-01
 1612  0.1503365E-01  0.2334432E-01  0.1503335E-01  0.2048902E-01
 1613  0.1379116E-01  0.2118194E-01  0.1379111E-01  0.1995715E-01
 1614  0.1204515E-01  0.1905048E-01  0.1204515E-01  0.1860501E-01
 1615  0.1003388E-01  0.1688770E-01  0.1003388E-01  0.1676745E-01
 1616  0.5877798E-02  0.1243106E-01  0.5877798E-02  0.1242852E-01
 1617  0.2393211E-08  0.5606557E-01  0.0000000E+00  0.0000000E+00
 1618  0.6124540E-03  0.4241659E-01  0.0000000E+00  0.0000000E+00
 1619  0.1249580E-01  0.2332132E-01  0.1342987E-02  0.1655010E-02
 1620  0.1232194E-01  0.3429439E-01  0.6117841E-02  0.7859384E-02
 1621  0.1155861E-01  0.3103728E-01  0.9689096E-02  0.1275239E-01
 1622  0.1271568E-01  0.2765864E-01  0.1267980E-01  0.1740600E-01
 1623  0.1350042E-01  0.2464131E-01  0.1349427E-01  0.1944307E-01
 1624  0.1277448E-01  0.2173482E-01  0.1277317E-01  0.1943259E-01
 1625  0.8049690E-12  0.5482972E-02  0.0000000E+00  0.0000000E+00
 1626  0.1254596E-08  0.3707757E-01  0.0000000E+00  0.0000000E+00
 1627  0.7710148E-02  0.1238355E-01  0.0000000E+00  0.0000000E+00
 1628  0.1217074E-01  0.1303149E-01  0.4288396E-02  0.3802751E-02
 1629  0.9914827E-02  0.1729436E-01  0.9062520E-02  0.8189645E-02
 1630  0.1279083E-01  0.1919631E-01  0.1273553E-01  0.1174592E-01
 1631  0.1501636E-01  0.2130635E-01  0.1501414E-01  0.1410335E-01
 1632  0.1721274E-01  0.2243778E-01  0.1721273E-01  0.1663216E-01
 1633  0.1856605E-01  0.2238178E-01  0.1856605E-01  0.1857076E-01
 1634  0.1858472E-01  0.2102834E-01  0.1858472E-01  0.2030010E-01
 1635  0.1536684E-01  0.1898578E-01  0.1536684E-01  0.1896021E-01
 1636  0.1275723E-01  0.1717981E-01  0.1275723E-01  0.1717812E-01
 1637  0.1075979E-01  0.1560979E-01  0.1075979E-01  0.1560964E-01
 1638  0.8852608E-02  0.1398155E-01  0.8852608E-02  0.1398155E-01
 1639  0.1663098E-12  0.1368305E-02  0.0000000E+00  0.0000000E+00
 1640  0.3249412E-08  0.1754015E-01  0.0000000E+00  0.0000000E+00
 1641  0.7354590E-05  0.1918322E-01  0.0000000E+00  0.0000000E+00
 1642  0.1188065E-02  0.1332738E-01  0.0000000E+00  0.0000000E+00
 1643  0.8604394E-02  0.7174823E-02  0.6164966E-02  0.4357010E-02
 1644  0.1272355E-01  0.1295897E-01  0.1271618E-01  0.9102319E-02
 1645  0.1798649E-01  0.1735546E-01  0.1798649E-01  0.1327469E-01
 1646  0.2130681E-01  0.1777139E-01  0.2130681E-01  0.1678030E-01
 1647  0.2147685E-01  0.1838708E-01  0.2147685E-01  0.1831921E-01
 1648  0.1908216E-01  0.1810228E-01  0.1908216E-01  0.1810139E-01
 1649  0.1515802E-01  0.1631216E-01  0.1515802E-01  0.1631216E-01
 1650  0.1100237E-01  0.1372677E-01  0.1100237E-01  0.1372677E-01
 1651  0.7590168E-02  0.1105327E-01  0.7590168E-02  0.1105327E-01
 1652  0.1137833E-09  0.2885799E-01  0.0000000E+00  0.0000000E+00
 1653  0.7440069E-05  0.5570105E-01  0.0000000E+00  0.0000000E+00
 1654  0.5544269E-03  0.3563499E-01  0.0000000E+00  0.0000000E+00
 1655  0.9965557E-02  0.1900128E-01  0.7139838E-02  0.6836697E-02
 1656  0.1411297E-01  0.2212951E-01  0.1409991E-01  0.1391211E-01
 1657  0.1802541E-01  0.2302447E-01  0.1802540E-01  0.1866371E-01
 1658  0.1848915E-01  0.2151536E-01  0.1848915E-01  0.2036664E-01
 1659  0.1604552E-01  0.1947110E-01  0.1604552E-01  0.1941414E-01
 1660  0.1247342E-01  0.1685489E-01  0.1247342E-01  0.1685408E-01
 1661  0.8930873E-02  0.1382489E-01  0.8930873E-02  0.1382489E-01
 1676  0.1232257E-09  0.1169112E-01  0.0000000E+00  0.0000000E+00
 1677  0.8015033E-05  0.2095188E-01  0.0000000E+00  0.0000000E+00
 1678  0.2930541E-02  0.1043025E-01  0.0000000E+00  0.0000000E+00
 1679  0.8543748E-02  0.7485728E-02  0.6499137E-02  0.4609020E-02
 1680  0.1386327E-01  0.1401282E-01  0.1386219E-01  0.9844970E-02
 1681  0.1804625E-01  0.1688366E-01  0.1804625E-01  0.1300272E-01
 1682  0.2133083E-01  0.1701045E-01  0.2133083E-01  0.1600196E-01
 1683  0.2197758E-01  0.1777582E-01  0.2197758E-01  0.1774562E-01
 1684  0.2001496E-01  0.1758019E-01  0.2001496E-01  0.1757995E-01
 1685  0.1696996E-01  0.1630442E-01  0.1696996E-01  0.1630442E-01
 1686  0.1340532E-01  0.1431887E-01  0.1340532E-01  0.1431887E-01
 1687  0.9293940E-02  0.1143700E-01  0.9293940E-02  0.1143700E-01
 1688  0.7122641E-02  0.9491844E-02  0.7122641E-02  0.9491844E-02
 1689  0.5788313E-02  0.7891844E-02  0.5788313E-02  0.7891844E-02
 1690  0.2503397E-11  0.2378246E-03  0.0000000E+00  0.0000000E+00
 1691  0.4258770E-06  0.1477166E-02  0.0000000E+00  0.0000000E+00
 1692  0.5856869E-02  0.3250265E-02  0.5851667E-02  0.2626734E-02
 1693  0.1151720E-01  0.6631871E-02  0.1151720E-01  0.5200397E-02
 1694  0.1797361E-01  0.8532581E-02  0.1797361E-01  0.8383059E-02
 1695  0.2280625E-01  0.1144429E-01  0.2280625E-01  0.1144384E-01
 1696  0.2383191E-01  0.1265452E-01  0.2383191E-01  0.1265451E-01
 1697  0.2337253E-01  0.1353426E-01  0.2337253E-01  0.1353426E-01
 1698  0.1751765E-01  0.1270928E-01  0.1751765E-01  0.1270928E-01
 1699  0.1100536E-01  0.9920257E-02  0.1100536E-01  0.9920257E-02
 1700  0.9064879E-02  0.8574039E-02  0.9064879E-02  0.8574039E-02
 1701  0.7710611E-02  0.7080135E-02  0.7710611E-02  0.7080135E-02
 1702  0.7369092E-02  0.5993771E-02  0.7369092E-02  0.5993771E-02
 1703  0.2566030E-02  0.9909384E-03  0.2564214E-02  0.8844288E-03
 1704  0.7424893E-02  0.2944257E-02  0.7424893E-02  0.2605179E-02
 1705  0.1384594E-01  0.5068561E-02  0.1384594E-01  0.5061765E-02
 1706  0.1988370E-01  0.7738853E-02  0.1988370E-01  0.7738852E-02
 1707  0.2307213E-01  0.9843504E-02  0.2307213E-01  0.9843504E-02
 1708  0.2283313E-01  0.1087294E-01  0.2283313E-01  0.1087294E-01
 1709  0.1994485E-01  0.1085501E-01  0.1994485E-01  0.1085501E-01
 1710  0.1539724E-01  0.9825989E-02  0.1539724E-01  0.9825989E-02
 1711  0.1221772E-01  0.8618763E-02  0.1221772E-01  0.8618763E-02
 1712  0.1035685E-01  0.7444792E-02  0.1035685E-01  0.7444792E-02
 1713  0.9721346E-02  0.6418357E-02  0.9721346E-02  0.6418357E-02
 1714  0.9945927E-02  0.5560928E-02  0.9945927E-02  0.5560928E-02
 1715  0.1091213E-01  0.4785012E-02  0.1091213E-01  0.4785012E-02
 1716  0.1110518E-11  0.7571578E-03  0.0000000E+00  0.0000000E+00
 1717  0.8180007E-02  0.5528932E-02  0.8170115E-02  0.4286908E-02
 1718  0.1280348E-01  0.9088154E-02  0.1280348E-01  0.6666927E-02
 1719  0.1722293E-01  0.1020879E-01  0.1722293E-01  0.9035061E-02
 1720  0.2101094E-01  0.1142753E-01  0.2101094E-01  0.1131305E-01
 1721  0.2338572E-01  0.1321943E-01  0.2338572E-01  0.1321771E-01
 1722  0.2368613E-01  0.1429046E-01  0.2368613E-01  0.1429045E-01
 1723  0.2191842E-01  0.1444632E-01  0.2191842E-01  0.1444632E-01
 1724  0.1998119E-01  0.1402307E-01  0.1998119E-01  0.1402307E-01
 1725  0.1739864E-01  0.1317520E-01  0.1739864E-01  0.1317520E-01
 1726  0.1632608E-01  0.1275762E-01  0.1632608E-01  0.1275762E-01
 1727  0.1301464E-01  0.1122263E-01  0.1301464E-01  0.1122263E-01
 1728  0.1079429E-01  0.9907892E-02  0.1079429E-01  0.9907892E-02
 1729  0.8951962E-02  0.8442613E-02  0.8951962E-02  0.8442613E-02
 1730  0.8360415E-02  0.7772773E-02  0.8360415E-02  0.7772773E-02
 1731  0.8014460E-02  0.7217840E-02  0.8014460E-02  0.7217840E-02
 1732  0.7798276E-02  0.6079030E-02  0.7798276E-02  0.6079030E-02
 1733  0.2091409E-10  0.1249070E-04  0.0000000E+00  0.0000000E+00
 1734  0.8013602E-04  0.1553708E-04  0.0000000E+00  0.0000000E+00
 1735  0.7720426E-03  0.2109501E-03  0.7696488E-03  0.2054293E-03
 1736  0.1458487E-02  0.4209792E-03  0.1458484E-02  0.3868790E-03
 1737  0.2625526E-02  0.7737806E-03  0.2625526E-02  0.7047790E-03
 1738  0.4343621E-02  0.1226779E-02  0.4343621E-02  0.1197089E-02
 1739  0.6407912E-02  0.1824360E-02  0.6407912E-02  0.1820655E-02
 1740  0.9352133E-02  0.2755516E-02  0.9352133E-02  0.2755448E-02
 1741  0.1217315E-01  0.3695945E-02  0.1217315E-01  0.3695944E-02
 1742  0.1520677E-01  0.4769673E-02  0.1520677E-01  0.4769673E-02
 1743  0.1810631E-01  0.5917666E-02  0.1810631E-01  0.5917666E-02
 1744  0.2037318E-01  0.7004214E-02  0.2037318E-01  0.7004214E-02
 1745  0.2160393E-01  0.7907095E-02  0.2160393E-01  0.7907095E-02
 1746  0.2163509E-01  0.8465172E-02  0.2163509E-01  0.8465172E-02
 1747  0.2044136E-01  0.8711571E-02  0.2044136E-01  0.8711571E-02
 1748  0.1831725E-01  0.8568055E-02  0.1831725E-01  0.8568055E-02
 1749  0.1583931E-01  0.8121239E-02  0.1583931E-01  0.8121239E-02
 1750  0.1376977E-01  0.7583838E-02  0.1376977E-01  0.7583838E-02
 1751  0.1215739E-01  0.6874392E-02  0.1215739E-01  0.6874392E-02
 1752  0.1151313E-01  0.6336584E-02  0.1151313E-01  0.6336584E-02
 1753  0.1157069E-01  0.5743038E-02  0.1157069E-01  0.5743038E-02
 1754  0.1221409E-01  0.5214511E-02  0.1221409E-01  0.5214511E-02
 1755  0.1389647E-01  0.4633277E-02  0.1389647E-01  0.4633277E-02
 1756  0.1576827E-01  0.4201600E-02  0.1576827E-01  0.4201600E-02
 1757  0.4286604E-02  0.2044744E-02  0.4283822E-02  0.1714548E-02
 1758  0.1449223E-01  0.5898615E-02  0.1449223E-01  0.5818148E-02
 1759  0.2249620E-01  0.9785046E-02  0.2249620E-01  0.9785046E-02
 1760  0.2245342E-01  0.1145614E-01  0.2245342E-01  0.1145614E-01
 1761  0.1712722E-01  0.1046175E-01  0.1712722E-01  0.1046175E-01
 1762  0.1266597E-01  0.8763521E-02  0.1266597E-01  0.8763521E-02
 1763  0.1039788E-01  0.7135358E-02  0.1039788E-01  0.7135358E-02
 1764  0.1026523E-01  0.5973408E-02  0.1026523E-01  0.5973408E-02
 1765  0.1147187E-01  0.4966850E-02  0.1147187E-01  0.4966850E-02
 1766  0.1340067E-01  0.4314179E-02  0.1340067E-01  0.4314179E-02
 1767  0.4848920E-02  0.1823306E-01  0.0000000E+00  0.0000000E+00
 1768  0.1670550E-01  0.1931662E-01  0.1670550E-01  0.1928510E-01
 1769  0.1479980E-01  0.1792282E-01  0.1479980E-01  0.1792101E-01
 1770  0.1108605E-01  0.1489727E-01  0.1108605E-01  0.1489727E-01
 1771  0.8225198E-02  0.1224254E-01  0.8225198E-02  0.1224254E-01
 1772  0.4986716E-02  0.8320832E-02  0.4986716E-02  0.8320832E-02
 1773  0.4157497E-02  0.6191491E-02  0.4157497E-02  0.6191491E-02
 1774  0.2594895E-07  0.1043206E-04  0.0000000E+00  0.0000000E+00
 1775  0.4202539E-03  0.8842684E-04  0.4202532E-03  0.8724081E-04
 1776  0.1316311E-02  0.2828478E-03  0.1316311E-02  0.2772495E-03
 1777  0.3519470E-02  0.8050942E-03  0.3519470E-02  0.8050393E-03
 1778  0.7439044E-02  0.1865105E-02  0.7439044E-02  0.1865105E-02
 1779  0.1231281E-01  0.3315292E-02  0.1231281E-01  0.3315292E-02
 1780  0.1706664E-01  0.4961273E-02  0.1706664E-01  0.4961273E-02
 1781  0.1891272E-01  0.5809310E-02  0.1891272E-01  0.5809310E-02
 1782  0.1968525E-01  0.6415473E-02  0.1968525E-01  0.6415473E-02
 1783  0.1951134E-01  0.6782225E-02  0.1951134E-01  0.6782225E-02
 1784  0.1852609E-01  0.6918700E-02  0.1852609E-01  0.6918700E-02
 1785  0.1677033E-01  0.6801860E-02  0.1677033E-01  0.6801860E-02
 1786  0.1260893E-01  0.5750508E-02  0.1260893E-01  0.5750508E-02
 1787  0.1319810E-01  0.4973373E-02  0.1319810E-01  0.4973373E-02
 1788  0.1648677E-01  0.4312538E-02  0.1648677E-01  0.4312538E-02
 1789  0.1885162E-01  0.4056676E-02  0.1885162E-01  0.4056676E-02
 1790  0.2204864E-01  0.3770344E-02  0.2204864E-01  0.3770344E-02
 1791  0.1132456E-16  0.2011388E-06  0.0000000E+00  0.0000000E+00
 1792  0.3184825E-02  0.1309872E-02  0.3184320E-02  0.1123161E-02
 1793  0.1129825E-01  0.4076382E-02  0.1129825E-01  0.4032399E-02
 1794  0.2031990E-01  0.7768807E-02  0.2031990E-01  0.7768807E-02
 1795  0.2251831E-01  0.1013415E-01  0.2251831E-01  0.1013415E-01
 1796  0.2102456E-01  0.1014269E-01  0.2102456E-01  0.1014269E-01
 1797  0.1894096E-01  0.9832989E-02  0.1894096E-01  0.9832989E-02
 1798  0.1420915E-01  0.8504698E-02  0.1420915E-01  0.8504698E-02
 1799  0.1134297E-01  0.6960773E-02  0.1134297E-01  0.6960773E-02
 1800  0.1120997E-01  0.5741278E-02  0.1120997E-01  0.5741278E-02
 1801  0.1304676E-01  0.4771440E-02  0.1304676E-01  0.4771440E-02
 1802  0.1708755E-01  0.3953365E-02  0.1708755E-01  0.3953365E-02
 1803  0.9034214E-02  0.9938048E-02  0.7084646E-03  0.5549226E-03
 1804  0.1919594E-01  0.1920264E-01  0.1919594E-01  0.1559767E-01
 1805  0.2027237E-01  0.1823308E-01  0.2027237E-01  0.1822994E-01
 1806  0.1206489E-01  0.1331721E-01  0.1206489E-01  0.1331721E-01
 1807  0.6899086E-02  0.8406352E-02  0.6899086E-02  0.8406352E-02
 1808  0.6266392E-02  0.6051607E-02  0.6266392E-02  0.6051607E-02
 1809  0.8255730E-02  0.4142281E-02  0.8255730E-02  0.4142281E-02
 1810  0.5955488E-04  0.1537663E-01  0.0000000E+00  0.0000000E+00
 1811  0.9870121E-02  0.8547077E-02  0.9815714E-02  0.6345659E-02
 1812  0.2104455E-01  0.1418103E-01  0.2104455E-01  0.1344510E-01
 1813  0.2233992E-01  0.1582753E-01  0.2233992E-01  0.1582753E-01
 1814  0.1712820E-01  0.1384086E-01  0.1712820E-01  0.1384086E-01
 1815  0.1175399E-01  0.1077936E-01  0.1175399E-01  0.1077936E-01
 1816  0.8756958E-02  0.8049922E-02  0.8756958E-02  0.8049922E-02
 1817  0.8359509E-02  0.6238389E-02  0.8359509E-02  0.6238389E-02
 1818  0.1022481E-01  0.4719156E-02  0.1022481E-01  0.4719156E-02
 1819  0.1367757E-01  0.3813967E-02  0.1367757E-01  0.3813967E-02
 1820  0.1845758E-01  0.3189853E-02  0.1845758E-01  0.3189853E-02
 1821  0.2528698E-01  0.2690071E-02  0.2528698E-01  0.2690071E-02
 1822  0.1432127E-02  0.3745888E-02  0.0000000E+00  0.0000000E+00
 1823  0.1051246E-01  0.7210564E-02  0.1051244E-01  0.5240287E-02
 1824  0.2298299E-01  0.1160447E-01  0.2298299E-01  0.1160418E-01
 1825  0.2091603E-01  0.1243239E-01  0.2091603E-01  0.1243239E-01
 1826  0.1345028E-01  0.9505694E-02  0.1345028E-01  0.9505694E-02
 1827  0.1031830E-01  0.6631380E-02  0.1031830E-01  0.6631380E-02
 1828  0.1354119E-01  0.4634565E-02  0.1354119E-01  0.4634565E-02
 1829  0.2091729E-01  0.3615820E-02  0.2091729E-01  0.3615820E-02
 1830  0.4355743E-13  0.3759108E-04  0.0000000E+00  0.0000000E+00
 1831  0.9949151E-02  0.4274766E-02  0.9949151E-02  0.3819519E-02
 1832  0.2216164E-01  0.8925095E-02  0.2216164E-01  0.8925095E-02
 1833  0.1968160E-01  0.9527320E-02  0.1968160E-01  0.9527320E-02
 1834  0.1287828E-01  0.7120252E-02  0.1287828E-01  0.7120252E-02
 1835  0.1233651E-01  0.5356841E-02  0.1233651E-01  0.5356841E-02
 1836  0.1863119E-01  0.4090552E-02  0.1863119E-01  0.4090552E-02
 1837  0.2718045E-01  0.3623200E-02  0.2718045E-01  0.3623200E-02
 1838  0.3229207E-01  0.3441983E-02  0.3229207E-01  0.3441983E-02
 1839  0.3250213E-01  0.3409715E-02  0.3250213E-01  0.3409715E-02
 1840  0.9532201E-06  0.2530963E-03  0.0000000E+00  0.0000000E+00
 1841  0.4712633E-02  0.1911253E-02  0.4712633E-02  0.1574311E-02
 1842  0.1512555E-01  0.5097706E-02  0.1512555E-01  0.5097701E-02
 1843  0.2175448E-01  0.8093429E-02  0.2175448E-01  0.8093429E-02
 1844  0.1780189E-01  0.7817838E-02  0.1780189E-01  0.7817838E-02
 1845  0.1297035E-01  0.6087503E-02  0.1297035E-01  0.6087503E-02
 1846  0.1301133E-01  0.4928131E-02  0.1301133E-01  0.4928131E-02
 1847  0.1679021E-01  0.4177031E-02  0.1679021E-01  0.4177031E-02
 1848  0.2220140E-01  0.3884480E-02  0.2220140E-01  0.3884480E-02
 1849  0.2689176E-01  0.3734958E-02  0.2689176E-01  0.3734958E-02
 1850  0.3038426E-01  0.3676663E-02  0.3038426E-01  0.3676663E-02
 1851  0.3174628E-01  0.3654672E-02  0.3174628E-01  0.3654672E-02
 1852  0.3159706E-01  0.3658913E-02  0.3159706E-01  0.3658913E-02
 1853  0.3068675E-01  0.3694629E-02  0.3068675E-01  0.3694629E-02
 1854  0.2947560E-01  0.3801037E-02  0.2947560E-01  0.3801037E-02
 1855  0.4532607E-02  0.1341963E-02  0.4532607E-02  0.1290666E-02
 1856  0.1391739E-01  0.4160150E-02  0.1391739E-01  0.4160150E-02
 1857  0.1985536E-01  0.6432410E-02  0.1985536E-01  0.6432410E-02
 1858  0.1753975E-01  0.6635024E-02  0.1753975E-01  0.6635024E-02
 1859  0.1329932E-01  0.5390859E-02  0.1329932E-01  0.5390859E-02
 1860  0.1367722E-01  0.4373618E-02  0.1367722E-01  0.4373618E-02
 1861  0.1766665E-01  0.3915590E-02  0.1766665E-01  0.3915590E-02
 1862  0.2289007E-01  0.3834834E-02  0.2289007E-01  0.3834834E-02
 1863  0.2687048E-01  0.3820944E-02  0.2687048E-01  0.3820944E-02
 1864  0.2943862E-01  0.3815074E-02  0.2943862E-01  0.3815074E-02
 1865  0.3021352E-01  0.3879071E-02  0.3021352E-01  0.3879071E-02
 1866  0.2970888E-01  0.3923445E-02  0.2970888E-01  0.3923445E-02
 1867  0.2863253E-01  0.4019867E-02  0.2863253E-01  0.4019867E-02
 1868  0.2756984E-01  0.4185563E-02  0.2756984E-01  0.4185563E-02
 1869  0.2663686E-01  0.4497819E-02  0.2663686E-01  0.4497819E-02
 1870  0.1981482E-04  0.3501559E-04  0.0000000E+00  0.0000000E+00
 1871  0.2968174E-02  0.7752651E-03  0.2968174E-02  0.7530131E-03
 1872  0.9542364E-02  0.2573410E-02  0.9542364E-02  0.2573410E-02
 1873  0.1647864E-01  0.4718489E-02  0.1647864E-01  0.4718489E-02
 1874  0.1833615E-01  0.5983395E-02  0.1833615E-01  0.5983395E-02
 1875  0.1315187E-01  0.4289459E-02  0.1315187E-01  0.4289459E-02
 1876  0.1628848E-01  0.3813105E-02  0.1628848E-01  0.3813105E-02
 1877  0.2083856E-01  0.3708220E-02  0.2083856E-01  0.3708220E-02
 1878  0.2604231E-01  0.3776354E-02  0.2604231E-01  0.3776354E-02
 1879  0.2794040E-01  0.3886429E-02  0.2794040E-01  0.3886429E-02
 1880  0.2884132E-01  0.3974093E-02  0.2884132E-01  0.3974093E-02
 1881  0.2841517E-01  0.4086024E-02  0.2841517E-01  0.4086024E-02
 1882  0.2745184E-01  0.4232053E-02  0.2745184E-01  0.4232053E-02
 1883  0.2639878E-01  0.4488546E-02  0.2639878E-01  0.4488546E-02
 1884  0.2570069E-01  0.4871400E-02  0.2570069E-01  0.4871400E-02
 1885  0.2540076E-01  0.5423890E-02  0.2540076E-01  0.5423890E-02
 1886  0.6508555E-04  0.3820318E-06  0.0000000E+00  0.0000000E+00
 1887  0.2282714E-02  0.5011294E-03  0.2282714E-02  0.5000401E-03
 1888  0.8331871E-02  0.2030658E-02  0.8331871E-02  0.2030658E-02
 1889  0.1455160E-01  0.3791772E-02  0.1455160E-01  0.3791772E-02
 1890  0.1701616E-01  0.4744117E-02  0.1701616E-01  0.4744117E-02
 1891  0.1389474E-01  0.4455111E-02  0.1389474E-01  0.4455111E-02
 1892  0.1300124E-01  0.3756748E-02  0.1300124E-01  0.3756748E-02
 1893  0.1620006E-01  0.3477271E-02  0.1620006E-01  0.3477271E-02
 1894  0.2167369E-01  0.3569241E-02  0.2167369E-01  0.3569241E-02
 1895  0.2565608E-01  0.3821739E-02  0.2565608E-01  0.3821739E-02
 1896  0.2688135E-01  0.4109031E-02  0.2688135E-01  0.4109031E-02
 1897  0.2604639E-01  0.4427294E-02  0.2604639E-01  0.4427294E-02
