0 3.5 0.0
1 3.5 0.0001
2 3.5 0.0002
3 3.5 0.00030000000000000003
4 3.5 0.0004
5 3.5 0.0005
6 3.5 0.0006000000000000001
7 3.5 0.0007
8 3.5 0.0008
9 3.5 0.0009000000000000001
10 3.5 0.001
11 3.5 0.0011
12 3.5 0.0012000000000000001
13 3.5 0.0013000000000000002
14 3.5 0.0014
15 3.5 0.0015
16 3.5 0.0016
17 3.5 0.0017000000000000001
18 3.5 0.0018000000000000002
19 3.5 0.0019
20 3.5 0.002
21 3.5 0.0021000000000000003
22 3.5 0.0022
23 3.5 0.0023
24 3.5 0.0024000000000000002
25 3.5 0.0025
26 3.5 0.0026000000000000003
27 3.5 0.0027
28 3.5 0.0028
29 3.5 0.0029000000000000002
30 3.5 0.003
31 3.5 0.0031000000000000003
32 3.5 0.0032
33 3.5 0.0033
34 3.5 0.0034000000000000002
35 3.5 0.0035
36 3.5 0.0036000000000000003
37 3.5 0.0037
38 3.5 0.0038
39 3.5 0.0039000000000000003
40 3.5 0.004
41 3.5 0.0041
42 3.5 0.004200000000000001
43 3.5 0.0043
44 3.5 0.0044
45 3.5 0.0045000000000000005
46 3.5 0.0046
47 3.5 0.0047
48 3.5 0.0048000000000000004
49 3.5 0.0049
50 3.5 0.005
51 3.5 0.0051
52 3.5 0.005200000000000001
53 3.5 0.0053
54 3.5 0.0054
55 3.5 0.0055000000000000005
56 3.5 0.0056
57 3.5 0.0057
58 3.5 0.0058000000000000005
59 3.5 0.0059
60 3.5 0.006
61 3.5 0.0061
62 3.5 0.006200000000000001
63 3.5 0.0063
64 3.5 0.0064
65 3.5 0.006500000000000001
66 3.5 0.0066
67 3.5 0.0067
68 3.5 0.0068000000000000005
69 3.5 0.006900000000000001
70 3.5 0.007
71 3.5 0.0071
72 3.5 0.007200000000000001
73 3.5 0.0073
74 3.5 0.0074
75 3.5 0.007500000000000001
76 3.5 0.0076
77 3.5 0.0077
78 3.5 0.0078000000000000005
79 3.5 0.0079
80 3.5 0.008
81 3.5 0.0081
82 3.5 0.0082
83 3.5 0.0083
84 3.5 0.008400000000000001
85 3.5 0.0085
86 3.5 0.0086
87 3.5 0.008700000000000001
88 3.5 0.0088
89 3.5 0.0089
90 3.5 0.009000000000000001
91 3.5 0.0091
92 3.5 0.0092
93 3.5 0.009300000000000001
94 3.5 0.0094
95 3.5 0.0095
96 3.5 0.009600000000000001
97 3.5 0.0097
98 3.5 0.0098
99 3.5 0.0099
100 3.5 0.01
101 3.5 0.010100000000000001
102 3.5 0.0102
103 3.5 0.0103
104 3.5 0.010400000000000001
105 3.5 0.0105
106 3.5 0.0106
107 3.5 0.010700000000000001
108 3.5 0.0108
109 3.5 0.0109
110 3.5 0.011000000000000001
111 3.5 0.0111
112 3.5 0.0112
113 3.5 0.011300000000000001
114 3.5 0.0114
115 3.5 0.0115
116 3.5 0.011600000000000001
117 3.5 0.0117
118 3.5 0.0118
119 3.5 0.0119
120 3.5 0.012
121 3.5 0.012100000000000001
122 3.5 0.0122
123 3.5 0.0123
124 3.5 0.012400000000000001
125 3.5 0.0125
126 3.5 0.0126
127 3.5 0.012700000000000001
128 3.5 0.0128
129 3.5 0.0129
130 3.5 0.013000000000000001
131 3.5 0.0131
132 3.5 0.0132
133 3.5 0.013300000000000001
134 3.5 0.0134
135 3.5 0.0135
136 3.5 0.013600000000000001
137 3.5 0.0137
138 3.5 0.013800000000000002
139 3.5 0.013900000000000001
140 3.5 0.014
141 3.5 0.014100000000000001
142 3.5 0.0142
143 3.5 0.0143
144 3.5 0.014400000000000001
145 3.5 0.0145
146 3.5 0.0146
147 3.5 0.014700000000000001
148 3.5 0.0148
149 3.5 0.0149
150 3.5 0.015000000000000001
151 3.5 0.0151
152 3.5 0.0152
153 3.5 0.015300000000000001
154 3.5 0.0154
155 3.5 0.0155
156 3.5 0.015600000000000001
157 3.5 0.015700000000000002
158 3.5 0.0158
159 3.5 0.0159
160 3.5 0.016
161 3.5 0.0161
162 3.5 0.0162
163 3.5 0.016300000000000002
164 3.5 0.0164
165 3.5 0.0165
166 3.5 0.0166
167 3.5 0.0167
168 3.5 0.016800000000000002
169 3.5 0.016900000000000002
170 3.5 0.017
171 3.5 0.0171
172 3.5 0.0172
173 3.5 0.0173
174 3.5 0.017400000000000002
175 3.5 0.0175
176 3.5 0.0176
177 3.5 0.0177
178 3.5 0.0178
179 3.5 0.0179
180 3.5 0.018000000000000002
181 3.5 0.0181
182 3.5 0.0182
183 3.5 0.0183
184 3.5 0.0184
185 3.5 0.018500000000000003
186 3.5 0.018600000000000002
187 3.5 0.0187
188 3.5 0.0188
189 3.5 0.0189
190 3.5 0.019
191 3.5 0.019100000000000002
192 3.5 0.019200000000000002
193 3.5 0.0193
194 3.5 0.0194
195 3.5 0.0195
196 3.5 0.0196
197 3.5 0.019700000000000002
198 3.5 0.0198
199 3.5 0.0199
200 3.5 0.02
201 3.5 0.0201
202 3.5 0.020200000000000003
203 3.5 0.020300000000000002
204 3.5 0.0204
205 3.5 0.0205
206 3.5 0.0206
207 3.5 0.0207
208 3.5 0.020800000000000003
209 3.5 0.020900000000000002
210 3.5 0.021
211 3.5 0.0211
212 3.5 0.0212
213 3.5 0.0213
214 3.5 0.021400000000000002
215 3.5 0.021500000000000002
216 3.5 0.0216
217 3.5 0.0217
218 3.5 0.0218
219 3.5 0.0219
220 3.5 0.022000000000000002
221 3.5 0.0221
222 3.5 0.0222
223 3.5 0.0223
224 3.5 0.0224
225 3.5 0.022500000000000003
226 3.5 0.022600000000000002
227 3.5 0.0227
228 3.5 0.0228
229 3.5 0.0229
230 3.5 0.023
231 3.5 0.023100000000000002
232 3.5 0.023200000000000002
233 3.5 0.0233
234 3.5 0.0234
235 3.5 0.0235
236 3.5 0.0236
237 3.5 0.023700000000000002
238 3.5 0.0238
239 3.5 0.0239
240 3.5 0.024
241 3.5 0.0241
242 3.5 0.024200000000000003
243 3.5 0.024300000000000002
244 3.5 0.0244
245 3.5 0.0245
246 3.5 0.0246
247 3.5 0.0247
248 3.5 0.024800000000000003
249 3.5 0.024900000000000002
250 3.5 0.025
251 3.5 0.0251
252 3.5 0.0252
253 3.5 0.0253
254 3.5 0.025400000000000002
255 3.5 0.025500000000000002
256 3.5 0.0256
257 3.5 0.0257
258 3.5 0.0258
259 3.5 0.025900000000000003
260 3.5 0.026000000000000002
261 3.5 0.0261
262 3.5 0.0262
263 3.5 0.0263
264 3.5 0.0264
265 3.5 0.026500000000000003
266 3.5 0.026600000000000002
267 3.5 0.0267
268 3.5 0.0268
269 3.5 0.0269
270 3.5 0.027
271 3.5 0.027100000000000003
272 3.5 0.027200000000000002
273 3.5 0.0273
274 3.5 0.0274
275 3.5 0.0275
276 3.5 0.027600000000000003
277 3.5 0.027700000000000002
278 3.5 0.027800000000000002
279 3.5 0.0279
280 3.5 0.028
281 3.5 0.0281
282 3.5 0.028200000000000003
283 3.5 0.028300000000000002
284 3.5 0.0284
285 3.5 0.0285
286 3.5 0.0286
287 3.5 0.0287
288 3.5 0.028800000000000003
289 3.5 0.028900000000000002
290 3.5 0.029
291 3.5 0.0291
292 3.5 0.0292
293 3.5 0.029300000000000003
294 3.5 0.029400000000000003
295 3.5 0.029500000000000002
296 3.5 0.0296
297 3.5 0.0297
298 3.5 0.0298
299 3.5 0.029900000000000003
300 3.5 0.030000000000000002
301 3.5 0.030100000000000002
302 3.5 0.0302
303 3.5 0.0303
304 3.5 0.0304
305 3.5 0.030500000000000003
306 3.5 0.030600000000000002
307 3.5 0.0307
308 3.5 0.0308
309 3.5 0.0309
310 3.5 0.031
311 3.5 0.031100000000000003
312 3.5 0.031200000000000002
313 3.5 0.0313
314 3.5 0.031400000000000004
315 3.5 0.0315
316 3.5 0.0316
317 3.5 0.0317
318 3.5 0.0318
319 3.5 0.031900000000000005
320 3.5 0.032
321 3.5 0.032100000000000004
322 3.5 0.0322
323 3.5 0.0323
324 3.5 0.0324
325 3.5 0.0325
326 3.5 0.032600000000000004
327 3.5 0.0327
328 3.5 0.0328
329 3.5 0.0329
330 3.5 0.033
331 3.5 0.033100000000000004
332 3.5 0.0332
333 3.5 0.0333
334 3.5 0.0334
335 3.5 0.0335
336 3.5 0.033600000000000005
337 3.5 0.0337
338 3.5 0.033800000000000004
339 3.5 0.0339
340 3.5 0.034
341 3.5 0.0341
342 3.5 0.0342
343 3.5 0.034300000000000004
344 3.5 0.0344
345 3.5 0.0345
346 3.5 0.0346
347 3.5 0.0347
348 3.5 0.034800000000000005
349 3.5 0.0349
350 3.5 0.035
351 3.5 0.0351
352 3.5 0.0352
353 3.5 0.035300000000000005
354 3.5 0.0354
355 3.5 0.035500000000000004
356 3.5 0.0356
357 3.5 0.0357
358 3.5 0.0358
359 3.5 0.0359
360 3.5 0.036000000000000004
361 3.5 0.0361
362 3.5 0.0362
363 3.5 0.0363
364 3.5 0.0364
365 3.5 0.036500000000000005
366 3.5 0.0366
367 3.5 0.0367
368 3.5 0.0368
369 3.5 0.0369
370 3.5 0.037000000000000005
371 3.5 0.0371
372 3.5 0.037200000000000004
373 3.5 0.0373
374 3.5 0.0374
375 3.5 0.0375
376 3.5 0.0376
377 3.5 0.037700000000000004
378 3.5 0.0378
379 3.5 0.0379
380 3.5 0.038
381 3.5 0.0381
382 3.5 0.038200000000000005
383 3.5 0.0383
384 3.5 0.038400000000000004
385 3.5 0.0385
386 3.5 0.0386
387 3.5 0.038700000000000005
388 3.5 0.0388
389 3.5 0.038900000000000004
390 3.5 0.039
391 3.5 0.0391
392 3.5 0.0392
393 3.5 0.0393
394 3.5 0.039400000000000004
395 3.5 0.0395
396 3.5 0.0396
397 3.5 0.0397
398 3.5 0.0398
399 3.5 0.039900000000000005
400 3.5 0.04
401 3.5 0.040100000000000004
402 3.5 0.0402
403 3.5 0.0403
404 3.5 0.040400000000000005
405 3.5 0.0405
406 3.5 0.040600000000000004
407 3.5 0.0407
408 3.5 0.0408
409 3.5 0.0409
410 3.5 0.041
411 3.5 0.041100000000000005
412 3.5 0.0412
413 3.5 0.0413
414 3.5 0.0414
415 3.5 0.0415
416 3.5 0.041600000000000005
417 3.5 0.0417
418 3.5 0.041800000000000004
419 3.5 0.0419
420 3.5 0.042
421 3.5 0.042100000000000005
422 3.5 0.0422
423 3.5 0.042300000000000004
424 3.5 0.0424
425 3.5 0.0425
426 3.5 0.0426
427 3.5 0.0427
428 3.5 0.042800000000000005
429 3.5 0.0429
430 3.5 0.043000000000000003
431 3.5 0.0431
432 3.5 0.0432
433 3.5 0.043300000000000005
434 3.5 0.0434
435 3.5 0.043500000000000004
436 3.5 0.0436
437 3.5 0.0437
438 3.5 0.0438
439 3.5 0.0439
440 3.5 0.044000000000000004
441 3.5 0.0441
442 3.5 0.0442
443 3.5 0.0443
444 3.5 0.0444
445 3.5 0.044500000000000005
446 3.5 0.0446
447 3.5 0.044700000000000004
448 3.5 0.0448
449 3.5 0.0449
450 3.5 0.045000000000000005
451 3.5 0.0451
452 3.5 0.045200000000000004
453 3.5 0.0453
454 3.5 0.0454
455 3.5 0.0455
456 3.5 0.0456
457 3.5 0.045700000000000005
458 3.5 0.0458
459 3.5 0.0459
460 3.5 0.046
461 3.5 0.0461
462 3.5 0.046200000000000005
463 3.5 0.0463
464 3.5 0.046400000000000004
465 3.5 0.0465
466 3.5 0.0466
467 3.5 0.046700000000000005
468 3.5 0.0468
469 3.5 0.046900000000000004
470 3.5 0.047
471 3.5 0.0471
472 3.5 0.0472
473 3.5 0.0473
474 3.5 0.047400000000000005
475 3.5 0.0475
476 3.5 0.0476
477 3.5 0.0477
478 3.5 0.0478
479 3.5 0.047900000000000005
480 3.5 0.048
481 3.5 0.048100000000000004
482 3.5 0.0482
483 3.5 0.0483
484 3.5 0.048400000000000006
485 3.5 0.0485
486 3.5 0.048600000000000004
487 3.5 0.0487
488 3.5 0.0488
489 3.5 0.0489
490 3.5 0.049
491 3.5 0.049100000000000005
492 3.5 0.0492
493 3.5 0.049300000000000004
494 3.5 0.0494
495 3.5 0.0495
496 3.5 0.049600000000000005
497 3.5 0.0497
498 3.5 0.049800000000000004
499 3.5 0.0499
500 3.5 0.05
501 3.5 0.050100000000000006
502 3.5 0.0502
503 3.5 0.050300000000000004
504 3.5 0.0504
505 3.5 0.0505
506 3.5 0.0506
507 3.5 0.0507
508 3.5 0.050800000000000005
509 3.5 0.0509
510 3.5 0.051000000000000004
511 3.5 0.0511
512 3.5 0.0512
513 3.5 0.051300000000000005
514 3.5 0.0514
515 3.5 0.051500000000000004
516 3.5 0.0516
517 3.5 0.0517
518 3.5 0.051800000000000006
519 3.5 0.0519
520 3.5 0.052000000000000005
521 3.5 0.0521
522 3.5 0.0522
523 3.5 0.0523
524 3.5 0.0524
525 3.5 0.052500000000000005
526 3.5 0.0526
527 3.5 0.052700000000000004
528 3.5 0.0528
529 3.5 0.0529
530 3.5 0.053000000000000005
531 3.5 0.0531
532 3.5 0.053200000000000004
533 3.5 0.0533
534 3.5 0.0534
535 3.5 0.053500000000000006
536 3.5 0.0536
537 3.5 0.053700000000000005
538 3.5 0.0538
539 3.5 0.0539
540 3.5 0.054
541 3.5 0.0541
542 3.5 0.054200000000000005
543 3.5 0.0543
544 3.5 0.054400000000000004
545 3.5 0.0545
546 3.5 0.0546
547 3.5 0.054700000000000006
548 3.5 0.0548
549 3.5 0.054900000000000004
550 3.5 0.055
551 3.5 0.0551
552 3.5 0.055200000000000006
553 3.5 0.0553
554 3.5 0.055400000000000005
555 3.5 0.0555
556 3.5 0.055600000000000004
557 3.5 0.0557
558 3.5 0.0558
559 3.5 0.055900000000000005
560 3.5 0.056
561 3.5 0.056100000000000004
562 3.5 0.0562
563 3.5 0.0563
564 3.5 0.056400000000000006
565 3.5 0.0565
566 3.5 0.056600000000000004
567 3.5 0.0567
568 3.5 0.0568
569 3.5 0.056900000000000006
570 3.5 0.057
571 3.5 0.057100000000000005
572 3.5 0.0572
573 3.5 0.057300000000000004
574 3.5 0.0574
575 3.5 0.0575
576 3.5 0.057600000000000005
577 3.5 0.0577
578 3.5 0.057800000000000004
579 3.5 0.0579
580 3.5 0.058
581 3.5 0.058100000000000006
582 3.5 0.0582
583 3.5 0.058300000000000005
584 3.5 0.0584
585 3.5 0.0585
586 3.5 0.058600000000000006
587 3.5 0.0587
588 3.5 0.058800000000000005
589 3.5 0.0589
590 3.5 0.059000000000000004
591 3.5 0.0591
592 3.5 0.0592
593 3.5 0.059300000000000005
594 3.5 0.0594
595 3.5 0.059500000000000004
596 3.5 0.0596
597 3.5 0.0597
598 3.5 0.059800000000000006
599 3.5 0.0599
600 3.5 0.060000000000000005
601 3.5 0.0601
602 3.5 0.060200000000000004
603 3.5 0.0603
604 3.5 0.0604
605 3.5 0.060500000000000005
606 3.5 0.0606
607 3.5 0.060700000000000004
608 3.5 0.0608
609 3.5 0.0609
610 3.5 0.061000000000000006
611 3.5 0.0611
612 3.5 0.061200000000000004
613 3.5 0.0613
614 3.5 0.0614
615 3.5 0.061500000000000006
616 3.5 0.0616
617 3.5 0.061700000000000005
618 3.5 0.0618
619 3.5 0.061900000000000004
620 3.5 0.062
621 3.5 0.0621
622 3.5 0.062200000000000005
623 3.5 0.0623
624 3.5 0.062400000000000004
625 3.5 0.0625
626 3.5 0.0626
627 3.5 0.0627
628 3.5 0.06280000000000001
629 3.5 0.0629
630 3.5 0.063
631 3.5 0.0631
632 3.5 0.0632
633 3.5 0.06330000000000001
634 3.5 0.0634
635 3.5 0.0635
636 3.5 0.0636
637 3.5 0.0637
638 3.5 0.06380000000000001
639 3.5 0.0639
640 3.5 0.064
641 3.5 0.0641
642 3.5 0.06420000000000001
643 3.5 0.06430000000000001
644 3.5 0.0644
645 3.5 0.0645
646 3.5 0.0646
647 3.5 0.06470000000000001
648 3.5 0.0648
649 3.5 0.0649
650 3.5 0.065
651 3.5 0.0651
652 3.5 0.06520000000000001
653 3.5 0.0653
654 3.5 0.0654
655 3.5 0.0655
656 3.5 0.0656
657 3.5 0.06570000000000001
658 3.5 0.0658
659 3.5 0.0659
660 3.5 0.066
661 3.5 0.0661
662 3.5 0.06620000000000001
663 3.5 0.0663
664 3.5 0.0664
665 3.5 0.0665
666 3.5 0.0666
667 3.5 0.06670000000000001
668 3.5 0.0668
669 3.5 0.0669
670 3.5 0.067
671 3.5 0.0671
672 3.5 0.06720000000000001
673 3.5 0.0673
674 3.5 0.0674
675 3.5 0.0675
676 3.5 0.06760000000000001
677 3.5 0.06770000000000001
678 3.5 0.0678
679 3.5 0.0679
680 3.5 0.068
681 3.5 0.06810000000000001
682 3.5 0.0682
683 3.5 0.0683
684 3.5 0.0684
685 3.5 0.0685
686 3.5 0.06860000000000001
687 3.5 0.0687
688 3.5 0.0688
689 3.5 0.0689
690 3.5 0.069
691 3.5 0.06910000000000001
692 3.5 0.0692
693 3.5 0.0693
694 3.5 0.0694
695 3.5 0.0695
696 3.5 0.06960000000000001
697 3.5 0.0697
698 3.5 0.0698
699 3.5 0.0699
700 3.5 0.07
701 3.5 0.07010000000000001
702 3.5 0.0702
703 3.5 0.0703
704 3.5 0.0704
705 3.5 0.07050000000000001
706 3.5 0.07060000000000001
707 3.5 0.0707
708 3.5 0.0708
709 3.5 0.0709
710 3.5 0.07100000000000001
711 3.5 0.0711
712 3.5 0.0712
713 3.5 0.0713
714 3.5 0.0714
715 3.5 0.07150000000000001
716 3.5 0.0716
717 3.5 0.0717
718 3.5 0.0718
719 3.5 0.0719
720 3.5 0.07200000000000001
721 3.5 0.0721
722 3.5 0.0722
723 3.5 0.0723
724 3.5 0.0724
725 3.5 0.07250000000000001
726 3.5 0.0726
727 3.5 0.0727
728 3.5 0.0728
729 3.5 0.0729
730 3.5 0.07300000000000001
731 3.5 0.0731
732 3.5 0.0732
733 3.5 0.0733
734 3.5 0.0734
735 3.5 0.07350000000000001
736 3.5 0.0736
737 3.5 0.0737
738 3.5 0.0738
739 3.5 0.07390000000000001
740 3.5 0.07400000000000001
741 3.5 0.0741
742 3.5 0.0742
743 3.5 0.0743
744 3.5 0.07440000000000001
745 3.5 0.0745
746 3.5 0.0746
747 3.5 0.0747
748 3.5 0.0748
749 3.5 0.07490000000000001
750 3.5 0.075
751 3.5 0.0751
752 3.5 0.0752
753 3.5 0.0753
754 3.5 0.07540000000000001
755 3.5 0.0755
756 3.5 0.0756
757 3.5 0.0757
758 3.5 0.0758
759 3.5 0.07590000000000001
760 3.5 0.076
761 3.5 0.0761
762 3.5 0.0762
763 3.5 0.0763
764 3.5 0.07640000000000001
765 3.5 0.0765
766 3.5 0.0766
767 3.5 0.0767
768 3.5 0.07680000000000001
769 3.5 0.07690000000000001
770 3.5 0.077
771 3.5 0.0771
772 3.5 0.0772
773 3.5 0.07730000000000001
774 3.5 0.07740000000000001
775 3.5 0.0775
776 3.5 0.0776
777 3.5 0.0777
778 3.5 0.07780000000000001
779 3.5 0.0779
780 3.5 0.078
781 3.5 0.0781
782 3.5 0.0782
783 3.5 0.07830000000000001
784 3.5 0.0784
785 3.5 0.0785
786 3.5 0.0786
787 3.5 0.0787
788 3.5 0.07880000000000001
789 3.5 0.0789
790 3.5 0.079
791 3.5 0.0791
792 3.5 0.0792
793 3.5 0.07930000000000001
794 3.5 0.0794
795 3.5 0.0795
796 3.5 0.0796
797 3.5 0.07970000000000001
798 3.5 0.07980000000000001
799 3.5 0.0799
800 3.5 0.08
801 3.5 0.0801
802 3.5 0.08020000000000001
803 3.5 0.08030000000000001
804 3.5 0.0804
805 3.5 0.0805
806 3.5 0.0806
807 3.5 0.08070000000000001
808 3.5 0.08080000000000001
809 3.5 0.0809
810 3.5 0.081
811 3.5 0.0811
812 3.5 0.08120000000000001
813 3.5 0.0813
814 3.5 0.0814
815 3.5 0.0815
816 3.5 0.0816
817 3.5 0.08170000000000001
818 3.5 0.0818
819 3.5 0.0819
820 3.5 0.082
821 3.5 0.0821
822 3.5 0.08220000000000001
823 3.5 0.0823
824 3.5 0.0824
825 3.5 0.0825
826 3.5 0.0826
827 3.5 0.08270000000000001
828 3.5 0.0828
829 3.5 0.0829
830 3.5 0.083
831 3.5 0.08310000000000001
832 3.5 0.08320000000000001
833 3.5 0.0833
834 3.5 0.0834
835 3.5 0.0835
836 3.5 0.08360000000000001
837 3.5 0.08370000000000001
838 3.5 0.0838
839 3.5 0.0839
840 3.5 0.084
841 3.5 0.08410000000000001
842 3.5 0.08420000000000001
843 3.5 0.0843
844 3.5 0.0844
845 3.5 0.0845
846 3.5 0.08460000000000001
847 3.5 0.0847
848 3.5 0.0848
849 3.5 0.0849
850 3.5 0.085
851 3.5 0.08510000000000001
852 3.5 0.0852
853 3.5 0.0853
854 3.5 0.0854
855 3.5 0.0855
856 3.5 0.08560000000000001
857 3.5 0.0857
858 3.5 0.0858
859 3.5 0.0859
860 3.5 0.08600000000000001
861 3.5 0.08610000000000001
862 3.5 0.0862
863 3.5 0.0863
864 3.5 0.0864
865 3.5 0.08650000000000001
866 3.5 0.08660000000000001
867 3.5 0.0867
868 3.5 0.0868
869 3.5 0.0869
870 3.5 0.08700000000000001
871 3.5 0.08710000000000001
872 3.5 0.0872
873 3.5 0.0873
874 3.5 0.0874
875 3.5 0.08750000000000001
876 3.5 0.0876
877 3.5 0.0877
878 3.5 0.0878
879 3.5 0.0879
880 3.5 0.08800000000000001
881 3.5 0.0881
882 3.5 0.0882
883 3.5 0.0883
884 3.5 0.0884
885 3.5 0.08850000000000001
886 3.5 0.0886
887 3.5 0.0887
888 3.5 0.0888
889 3.5 0.0889
890 3.5 0.08900000000000001
891 3.5 0.0891
892 3.5 0.0892
893 3.5 0.0893
894 3.5 0.08940000000000001
895 3.5 0.08950000000000001
896 3.5 0.0896
897 3.5 0.0897
898 3.5 0.0898
899 3.5 0.08990000000000001
900 3.5 0.09000000000000001
901 3.5 0.0901
902 3.5 0.0902
903 3.5 0.0903
904 3.5 0.09040000000000001
905 3.5 0.09050000000000001
906 3.5 0.0906
907 3.5 0.0907
908 3.5 0.0908
909 3.5 0.09090000000000001
910 3.5 0.091
911 3.5 0.0911
912 3.5 0.0912
913 3.5 0.0913
914 3.5 0.09140000000000001
915 3.5 0.0915
916 3.5 0.0916
917 3.5 0.0917
918 3.5 0.0918
919 3.5 0.09190000000000001
920 3.5 0.092
921 3.5 0.0921
922 3.5 0.0922
923 3.5 0.09230000000000001
924 3.5 0.09240000000000001
925 3.5 0.0925
926 3.5 0.0926
927 3.5 0.0927
928 3.5 0.09280000000000001
929 3.5 0.09290000000000001
930 3.5 0.093
931 3.5 0.0931
932 3.5 0.0932
933 3.5 0.09330000000000001
934 3.5 0.09340000000000001
935 3.5 0.0935
936 3.5 0.0936
937 3.5 0.0937
938 3.5 0.09380000000000001
939 3.5 0.09390000000000001
940 3.5 0.094
941 3.5 0.0941
942 3.5 0.0942
943 3.5 0.09430000000000001
944 3.5 0.0944
945 3.5 0.0945
946 3.5 0.0946
947 3.5 0.0947
948 3.5 0.09480000000000001
949 3.5 0.0949
950 3.5 0.095
951 3.5 0.0951
952 3.5 0.0952
953 3.5 0.09530000000000001
954 3.5 0.0954
955 3.5 0.0955
956 3.5 0.0956
957 3.5 0.09570000000000001
958 3.5 0.09580000000000001
959 3.5 0.0959
960 3.5 0.096
961 3.5 0.0961
962 3.5 0.09620000000000001
963 3.5 0.09630000000000001
964 3.5 0.0964
965 3.5 0.0965
966 3.5 0.0966
967 3.5 0.09670000000000001
968 3.5 0.09680000000000001
969 3.5 0.0969
970 3.5 0.097
971 3.5 0.0971
972 3.5 0.09720000000000001
973 3.5 0.09730000000000001
974 3.5 0.0974
975 3.5 0.0975
976 3.5 0.0976
977 3.5 0.09770000000000001
978 3.5 0.0978
979 3.5 0.0979
980 3.5 0.098
981 3.5 0.0981
982 3.5 0.09820000000000001
983 3.5 0.0983
984 3.5 0.0984
985 3.5 0.0985
986 3.5 0.09860000000000001
987 3.5 0.09870000000000001
988 3.5 0.0988
989 3.5 0.0989
990 3.5 0.099
991 3.5 0.09910000000000001
992 3.5 0.09920000000000001
993 3.5 0.0993
994 3.5 0.0994
995 3.5 0.0995
996 3.5 0.09960000000000001
997 3.5 0.09970000000000001
998 3.5 0.0998
999 3.5 0.0999
1000 3.5 0.1
1001 3.5 0.10010000000000001
1002 3.5 0.10020000000000001
1003 3.5 0.1003
1004 3.5 0.1004
1005 3.5 0.1005
1006 3.5 0.10060000000000001
1007 3.5 0.10070000000000001
1008 3.5 0.1008
1009 3.5 0.1009
1010 3.5 0.101
1011 3.5 0.10110000000000001
1012 3.5 0.1012
1013 3.5 0.1013
1014 3.5 0.1014
1015 3.5 0.1015
1016 3.5 0.10160000000000001
1017 3.5 0.1017
1018 3.5 0.1018
1019 3.5 0.1019
1020 3.5 0.10200000000000001
1021 3.5 0.10210000000000001
1022 3.5 0.1022
1023 3.5 0.1023
1024 3.5 0.1024
1025 3.5 0.10250000000000001
1026 3.5 0.10260000000000001
1027 3.5 0.1027
1028 3.5 0.1028
1029 3.5 0.1029
1030 3.5 0.10300000000000001
1031 3.5 0.10310000000000001
1032 3.5 0.1032
1033 3.5 0.1033
1034 3.5 0.1034
1035 3.5 0.10350000000000001
1036 3.5 0.10360000000000001
1037 3.5 0.1037
1038 3.5 0.1038
1039 3.5 0.1039
1040 3.5 0.10400000000000001
1041 3.5 0.1041
1042 3.5 0.1042
1043 3.5 0.1043
1044 3.5 0.1044
1045 3.5 0.10450000000000001
1046 3.5 0.1046
1047 3.5 0.1047
1048 3.5 0.1048
1049 3.5 0.10490000000000001
1050 3.5 0.10500000000000001
1051 3.5 0.1051
1052 3.5 0.1052
1053 3.5 0.1053
1054 3.5 0.10540000000000001
1055 3.5 0.10550000000000001
1056 3.5 0.1056
1057 3.5 0.1057
1058 3.5 0.1058
1059 3.5 0.10590000000000001
1060 3.5 0.10600000000000001
1061 3.5 0.1061
1062 3.5 0.1062
1063 3.5 0.1063
1064 3.5 0.10640000000000001
1065 3.5 0.10650000000000001
1066 3.5 0.1066
1067 3.5 0.1067
1068 3.5 0.1068
1069 3.5 0.10690000000000001
1070 3.5 0.10700000000000001
1071 3.5 0.1071
1072 3.5 0.1072
1073 3.5 0.1073
1074 3.5 0.10740000000000001
1075 3.5 0.1075
1076 3.5 0.1076
1077 3.5 0.1077
1078 3.5 0.1078
1079 3.5 0.10790000000000001
1080 3.5 0.108
1081 3.5 0.1081
1082 3.5 0.1082
1083 3.5 0.10830000000000001
1084 3.5 0.10840000000000001
1085 3.5 0.1085
1086 3.5 0.1086
1087 3.5 0.1087
1088 3.5 0.10880000000000001
1089 3.5 0.10890000000000001
1090 3.5 0.109
1091 3.5 0.1091
1092 3.5 0.1092
1093 3.5 0.10930000000000001
1094 3.5 0.10940000000000001
1095 3.5 0.1095
1096 3.5 0.1096
1097 3.5 0.1097
1098 3.5 0.10980000000000001
1099 3.5 0.10990000000000001
1100 3.5 0.11
1101 3.5 0.1101
1102 3.5 0.1102
1103 3.5 0.11030000000000001
1104 3.5 0.11040000000000001
1105 3.5 0.1105
1106 3.5 0.1106
1107 3.5 0.1107
1108 3.5 0.11080000000000001
1109 3.5 0.1109
1110 3.5 0.111
1111 3.5 0.1111
1112 3.5 0.11120000000000001
1113 3.5 0.11130000000000001
1114 3.5 0.1114
1115 3.5 0.1115
1116 3.5 0.1116
1117 3.5 0.11170000000000001
1118 3.5 0.11180000000000001
1119 3.5 0.1119
1120 3.5 0.112
1121 3.5 0.1121
1122 3.5 0.11220000000000001
1123 3.5 0.11230000000000001
1124 3.5 0.1124
1125 3.5 0.1125
1126 3.5 0.1126
1127 3.5 0.11270000000000001
1128 3.5 0.11280000000000001
1129 3.5 0.1129
1130 3.5 0.113
1131 3.5 0.1131
1132 3.5 0.11320000000000001
1133 3.5 0.11330000000000001
1134 3.5 0.1134
1135 3.5 0.1135
1136 3.5 0.1136
1137 3.5 0.11370000000000001
1138 3.5 0.11380000000000001
1139 3.5 0.1139
1140 3.5 0.114
1141 3.5 0.11410000000000001
1142 3.5 0.11420000000000001
1143 3.5 0.1143
1144 3.5 0.1144
1145 3.5 0.1145
1146 3.5 0.11460000000000001
1147 3.5 0.11470000000000001
1148 3.5 0.1148
1149 3.5 0.1149
1150 3.5 0.115
1151 3.5 0.11510000000000001
1152 3.5 0.11520000000000001
1153 3.5 0.1153
1154 3.5 0.1154
1155 3.5 0.1155
1156 3.5 0.11560000000000001
1157 3.5 0.11570000000000001
1158 3.5 0.1158
1159 3.5 0.1159
1160 3.5 0.116
1161 3.5 0.11610000000000001
1162 3.5 0.11620000000000001
1163 3.5 0.1163
1164 3.5 0.1164
1165 3.5 0.1165
1166 3.5 0.11660000000000001
1167 3.5 0.11670000000000001
1168 3.5 0.1168
1169 3.5 0.1169
1170 3.5 0.117
1171 3.5 0.11710000000000001
1172 3.5 0.11720000000000001
1173 3.5 0.1173
1174 3.5 0.1174
1175 3.5 0.11750000000000001
1176 3.5 0.11760000000000001
1177 3.5 0.1177
1178 3.5 0.1178
1179 3.5 0.1179
1180 3.5 0.11800000000000001
1181 3.5 0.11810000000000001
1182 3.5 0.1182
1183 3.5 0.1183
1184 3.5 0.1184
1185 3.5 0.11850000000000001
1186 3.5 0.11860000000000001
1187 3.5 0.1187
1188 3.5 0.1188
1189 3.5 0.1189
1190 3.5 0.11900000000000001
1191 3.5 0.11910000000000001
1192 3.5 0.1192
1193 3.5 0.1193
1194 3.5 0.1194
1195 3.5 0.11950000000000001
1196 3.5 0.11960000000000001
1197 3.5 0.1197
1198 3.5 0.1198
1199 3.5 0.1199
1200 3.5 0.12000000000000001
1201 3.5 0.12010000000000001
1202 3.5 0.1202
1203 3.5 0.1203
1204 3.5 0.12040000000000001
1205 3.5 0.12050000000000001
1206 3.5 0.1206
1207 3.5 0.1207
1208 3.5 0.1208
1209 3.5 0.12090000000000001
1210 3.5 0.12100000000000001
1211 3.5 0.1211
1212 3.5 0.1212
1213 3.5 0.1213
1214 3.5 0.12140000000000001
1215 3.5 0.12150000000000001
1216 3.5 0.1216
1217 3.5 0.1217
1218 3.5 0.1218
1219 3.5 0.12190000000000001
1220 3.5 0.12200000000000001
1221 3.5 0.1221
1222 3.5 0.1222
1223 3.5 0.1223
1224 3.5 0.12240000000000001
1225 3.5 0.12250000000000001
1226 3.5 0.1226
1227 3.5 0.1227
1228 3.5 0.1228
1229 3.5 0.12290000000000001
1230 3.5 0.12300000000000001
1231 3.5 0.1231
1232 3.5 0.1232
1233 3.5 0.1233
1234 3.5 0.12340000000000001
1235 3.5 0.12350000000000001
1236 3.5 0.1236
1237 3.5 0.1237
1238 3.5 0.12380000000000001
1239 3.5 0.12390000000000001
1240 3.5 0.124
1241 3.5 0.1241
1242 3.5 0.1242
1243 3.5 0.12430000000000001
1244 3.5 0.12440000000000001
1245 3.5 0.1245
1246 3.5 0.1246
1247 3.5 0.1247
1248 3.5 0.12480000000000001
1249 3.5 0.12490000000000001
1250 3.5 0.125
1251 3.5 0.12510000000000002
1252 3.5 0.1252
1253 3.5 0.1253
1254 3.5 0.1254
1255 3.5 0.1255
1256 3.5 0.12560000000000002
1257 3.5 0.1257
1258 3.5 0.1258
1259 3.5 0.1259
1260 3.5 0.126
1261 3.5 0.12610000000000002
1262 3.5 0.1262
1263 3.5 0.1263
1264 3.5 0.1264
1265 3.5 0.1265
1266 3.5 0.12660000000000002
1267 3.5 0.1267
1268 3.5 0.1268
1269 3.5 0.1269
1270 3.5 0.127
1271 3.5 0.12710000000000002
1272 3.5 0.1272
1273 3.5 0.1273
1274 3.5 0.1274
1275 3.5 0.1275
1276 3.5 0.12760000000000002
1277 3.5 0.1277
1278 3.5 0.1278
1279 3.5 0.1279
1280 3.5 0.128
1281 3.5 0.12810000000000002
1282 3.5 0.1282
1283 3.5 0.1283
1284 3.5 0.12840000000000001
1285 3.5 0.1285
1286 3.5 0.12860000000000002
1287 3.5 0.1287
1288 3.5 0.1288
1289 3.5 0.12890000000000001
1290 3.5 0.129
1291 3.5 0.1291
1292 3.5 0.1292
1293 3.5 0.1293
1294 3.5 0.12940000000000002
1295 3.5 0.1295
1296 3.5 0.1296
1297 3.5 0.1297
1298 3.5 0.1298
1299 3.5 0.12990000000000002
1300 3.5 0.13
1301 3.5 0.1301
1302 3.5 0.1302
1303 3.5 0.1303
1304 3.5 0.13040000000000002
1305 3.5 0.1305
1306 3.5 0.1306
1307 3.5 0.1307
1308 3.5 0.1308
1309 3.5 0.13090000000000002
1310 3.5 0.131
1311 3.5 0.1311
1312 3.5 0.1312
1313 3.5 0.1313
1314 3.5 0.13140000000000002
1315 3.5 0.1315
1316 3.5 0.1316
1317 3.5 0.1317
1318 3.5 0.1318
1319 3.5 0.13190000000000002
1320 3.5 0.132
1321 3.5 0.1321
1322 3.5 0.1322
1323 3.5 0.1323
1324 3.5 0.13240000000000002
1325 3.5 0.1325
1326 3.5 0.1326
1327 3.5 0.1327
1328 3.5 0.1328
1329 3.5 0.13290000000000002
1330 3.5 0.133
1331 3.5 0.1331
1332 3.5 0.1332
1333 3.5 0.1333
1334 3.5 0.13340000000000002
1335 3.5 0.1335
1336 3.5 0.1336
1337 3.5 0.1337
1338 3.5 0.1338
1339 3.5 0.13390000000000002
1340 3.5 0.134
1341 3.5 0.1341
1342 3.5 0.1342
1343 3.5 0.1343
1344 3.5 0.13440000000000002
1345 3.5 0.1345
1346 3.5 0.1346
1347 3.5 0.13470000000000001
1348 3.5 0.1348
1349 3.5 0.13490000000000002
1350 3.5 0.135
1351 3.5 0.1351
1352 3.5 0.13520000000000001
1353 3.5 0.1353
1354 3.5 0.13540000000000002
1355 3.5 0.1355
1356 3.5 0.1356
1357 3.5 0.13570000000000002
1358 3.5 0.1358
1359 3.5 0.1359
1360 3.5 0.136
1361 3.5 0.1361
1362 3.5 0.13620000000000002
1363 3.5 0.1363
1364 3.5 0.1364
1365 3.5 0.1365
1366 3.5 0.1366
1367 3.5 0.13670000000000002
1368 3.5 0.1368
1369 3.5 0.1369
1370 3.5 0.137
1371 3.5 0.1371
1372 3.5 0.13720000000000002
1373 3.5 0.1373
1374 3.5 0.1374
1375 3.5 0.1375
1376 3.5 0.1376
1377 3.5 0.13770000000000002
1378 3.5 0.1378
1379 3.5 0.1379
1380 3.5 0.138
1381 3.5 0.1381
1382 3.5 0.13820000000000002
1383 3.5 0.1383
1384 3.5 0.1384
1385 3.5 0.1385
1386 3.5 0.1386
1387 3.5 0.13870000000000002
1388 3.5 0.1388
1389 3.5 0.1389
1390 3.5 0.139
1391 3.5 0.1391
1392 3.5 0.13920000000000002
1393 3.5 0.1393
1394 3.5 0.1394
1395 3.5 0.1395
1396 3.5 0.1396
1397 3.5 0.13970000000000002
1398 3.5 0.1398
1399 3.5 0.1399
1400 3.5 0.14
1401 3.5 0.1401
1402 3.5 0.14020000000000002
1403 3.5 0.1403
1404 3.5 0.1404
1405 3.5 0.1405
1406 3.5 0.1406
1407 3.5 0.14070000000000002
1408 3.5 0.1408
1409 3.5 0.1409
1410 3.5 0.14100000000000001
1411 3.5 0.1411
1412 3.5 0.14120000000000002
1413 3.5 0.1413
1414 3.5 0.1414
1415 3.5 0.14150000000000001
1416 3.5 0.1416
1417 3.5 0.14170000000000002
1418 3.5 0.1418
1419 3.5 0.1419
1420 3.5 0.14200000000000002
1421 3.5 0.1421
1422 3.5 0.1422
1423 3.5 0.1423
1424 3.5 0.1424
1425 3.5 0.14250000000000002
1426 3.5 0.1426
1427 3.5 0.1427
1428 3.5 0.1428
1429 3.5 0.1429
1430 3.5 0.14300000000000002
1431 3.5 0.1431
1432 3.5 0.1432
1433 3.5 0.1433
1434 3.5 0.1434
1435 3.5 0.14350000000000002
1436 3.5 0.1436
1437 3.5 0.1437
1438 3.5 0.1438
1439 3.5 0.1439
1440 3.5 0.14400000000000002
1441 3.5 0.1441
1442 3.5 0.1442
1443 3.5 0.1443
1444 3.5 0.1444
1445 3.5 0.14450000000000002
1446 3.5 0.1446
1447 3.5 0.1447
1448 3.5 0.1448
1449 3.5 0.1449
1450 3.5 0.14500000000000002
1451 3.5 0.1451
1452 3.5 0.1452
1453 3.5 0.1453
1454 3.5 0.1454
1455 3.5 0.14550000000000002
1456 3.5 0.1456
1457 3.5 0.1457
1458 3.5 0.1458
1459 3.5 0.1459
1460 3.5 0.14600000000000002
1461 3.5 0.1461
1462 3.5 0.1462
1463 3.5 0.1463
1464 3.5 0.1464
1465 3.5 0.14650000000000002
1466 3.5 0.1466
1467 3.5 0.1467
1468 3.5 0.1468
1469 3.5 0.1469
1470 3.5 0.14700000000000002
1471 3.5 0.1471
1472 3.5 0.1472
1473 3.5 0.14730000000000001
1474 3.5 0.1474
1475 3.5 0.14750000000000002
1476 3.5 0.1476
1477 3.5 0.1477
1478 3.5 0.14780000000000001
1479 3.5 0.1479
1480 3.5 0.14800000000000002
1481 3.5 0.1481
1482 3.5 0.1482
1483 3.5 0.14830000000000002
1484 3.5 0.1484
1485 3.5 0.14850000000000002
1486 3.5 0.1486
1487 3.5 0.1487
1488 3.5 0.14880000000000002
1489 3.5 0.1489
1490 3.5 0.149
1491 3.5 0.1491
1492 3.5 0.1492
1493 3.5 0.14930000000000002
1494 3.5 0.1494
1495 3.5 0.1495
1496 3.5 0.1496
1497 3.5 0.1497
1498 3.5 0.14980000000000002
1499 3.5 0.1499
1500 3.5 0.15
1501 3.5 0.1501
1502 3.5 0.1502
1503 3.5 0.15030000000000002
1504 3.5 0.1504
1505 3.5 0.1505
1506 3.5 0.1506
1507 3.5 0.1507
1508 3.5 0.15080000000000002
1509 3.5 0.1509
1510 3.5 0.151
1511 3.5 0.1511
1512 3.5 0.1512
1513 3.5 0.15130000000000002
1514 3.5 0.1514
1515 3.5 0.1515
1516 3.5 0.1516
1517 3.5 0.1517
1518 3.5 0.15180000000000002
1519 3.5 0.1519
1520 3.5 0.152
1521 3.5 0.1521
1522 3.5 0.1522
1523 3.5 0.15230000000000002
1524 3.5 0.1524
1525 3.5 0.1525
1526 3.5 0.1526
1527 3.5 0.1527
1528 3.5 0.15280000000000002
1529 3.5 0.1529
1530 3.5 0.153
1531 3.5 0.1531
1532 3.5 0.1532
1533 3.5 0.15330000000000002
1534 3.5 0.1534
1535 3.5 0.1535
1536 3.5 0.15360000000000001
1537 3.5 0.1537
1538 3.5 0.15380000000000002
1539 3.5 0.1539
1540 3.5 0.154
1541 3.5 0.15410000000000001
1542 3.5 0.1542
1543 3.5 0.15430000000000002
1544 3.5 0.1544
1545 3.5 0.1545
1546 3.5 0.15460000000000002
1547 3.5 0.1547
1548 3.5 0.15480000000000002
1549 3.5 0.1549
1550 3.5 0.155
1551 3.5 0.15510000000000002
1552 3.5 0.1552
1553 3.5 0.1553
1554 3.5 0.1554
1555 3.5 0.1555
1556 3.5 0.15560000000000002
1557 3.5 0.1557
1558 3.5 0.1558
1559 3.5 0.1559
1560 3.5 0.156
1561 3.5 0.15610000000000002
1562 3.5 0.1562
1563 3.5 0.1563
1564 3.5 0.1564
1565 3.5 0.1565
1566 3.5 0.15660000000000002
1567 3.5 0.1567
1568 3.5 0.1568
1569 3.5 0.1569
1570 3.5 0.157
1571 3.5 0.15710000000000002
1572 3.5 0.1572
1573 3.5 0.1573
1574 3.5 0.1574
1575 3.5 0.1575
1576 3.5 0.15760000000000002
1577 3.5 0.1577
1578 3.5 0.1578
1579 3.5 0.1579
1580 3.5 0.158
1581 3.5 0.15810000000000002
1582 3.5 0.1582
1583 3.5 0.1583
1584 3.5 0.1584
1585 3.5 0.1585
1586 3.5 0.15860000000000002
1587 3.5 0.1587
1588 3.5 0.1588
1589 3.5 0.1589
1590 3.5 0.159
1591 3.5 0.15910000000000002
1592 3.5 0.1592
1593 3.5 0.1593
1594 3.5 0.15940000000000001
1595 3.5 0.1595
1596 3.5 0.15960000000000002
1597 3.5 0.1597
1598 3.5 0.1598
1599 3.5 0.15990000000000001
1600 3.5 0.16
1601 3.5 0.16010000000000002
1602 3.5 0.1602
1603 3.5 0.1603
1604 3.5 0.16040000000000001
1605 3.5 0.1605
1606 3.5 0.16060000000000002
1607 3.5 0.1607
1608 3.5 0.1608
1609 3.5 0.16090000000000002
1610 3.5 0.161
1611 3.5 0.16110000000000002
1612 3.5 0.1612
1613 3.5 0.1613
1614 3.5 0.16140000000000002
1615 3.5 0.1615
1616 3.5 0.16160000000000002
1617 3.5 0.1617
1618 3.5 0.1618
1619 3.5 0.16190000000000002
1620 3.5 0.162
1621 3.5 0.1621
1622 3.5 0.1622
1623 3.5 0.1623
1624 3.5 0.16240000000000002
1625 3.5 0.1625
1626 3.5 0.1626
1627 3.5 0.1627
1628 3.5 0.1628
1629 3.5 0.16290000000000002
1630 3.5 0.163
1631 3.5 0.1631
1632 3.5 0.1632
1633 3.5 0.1633
1634 3.5 0.16340000000000002
1635 3.5 0.1635
1636 3.5 0.1636
1637 3.5 0.1637
1638 3.5 0.1638
1639 3.5 0.16390000000000002
1640 3.5 0.164
1641 3.5 0.1641
1642 3.5 0.1642
1643 3.5 0.1643
1644 3.5 0.16440000000000002
1645 3.5 0.1645
1646 3.5 0.1646
1647 3.5 0.1647
1648 3.5 0.1648
1649 3.5 0.16490000000000002
1650 3.5 0.165
1651 3.5 0.1651
1652 3.5 0.1652
1653 3.5 0.1653
1654 3.5 0.16540000000000002
1655 3.5 0.1655
1656 3.5 0.1656
1657 3.5 0.16570000000000001
1658 3.5 0.1658
1659 3.5 0.16590000000000002
1660 3.5 0.166
1661 3.5 0.1661
1662 3.5 0.16620000000000001
1663 3.5 0.1663
1664 3.5 0.16640000000000002
1665 3.5 0.1665
1666 3.5 0.1666
1667 3.5 0.16670000000000001
1668 3.5 0.1668
1669 3.5 0.16690000000000002
1670 3.5 0.167
1671 3.5 0.1671
1672 3.5 0.16720000000000002
1673 3.5 0.1673
1674 3.5 0.16740000000000002
1675 3.5 0.1675
1676 3.5 0.1676
1677 3.5 0.16770000000000002
1678 3.5 0.1678
1679 3.5 0.16790000000000002
1680 3.5 0.168
1681 3.5 0.1681
1682 3.5 0.16820000000000002
1683 3.5 0.1683
1684 3.5 0.16840000000000002
1685 3.5 0.1685
1686 3.5 0.1686
1687 3.5 0.16870000000000002
1688 3.5 0.1688
1689 3.5 0.1689
1690 3.5 0.169
1691 3.5 0.1691
1692 3.5 0.16920000000000002
1693 3.5 0.1693
1694 3.5 0.1694
1695 3.5 0.1695
1696 3.5 0.1696
1697 3.5 0.16970000000000002
1698 3.5 0.1698
1699 3.5 0.1699
1700 3.5 0.17
1701 3.5 0.1701
1702 3.5 0.17020000000000002
1703 3.5 0.1703
1704 3.5 0.1704
1705 3.5 0.1705
1706 3.5 0.1706
1707 3.5 0.17070000000000002
1708 3.5 0.1708
1709 3.5 0.1709
1710 3.5 0.171
1711 3.5 0.1711
1712 3.5 0.17120000000000002
1713 3.5 0.1713
1714 3.5 0.1714
1715 3.5 0.1715
1716 3.5 0.1716
1717 3.5 0.17170000000000002
1718 3.5 0.1718
1719 3.5 0.1719
1720 3.5 0.17200000000000001
1721 3.5 0.1721
1722 3.5 0.17220000000000002
1723 3.5 0.1723
1724 3.5 0.1724
1725 3.5 0.17250000000000001
1726 3.5 0.1726
1727 3.5 0.17270000000000002
1728 3.5 0.1728
1729 3.5 0.1729
1730 3.5 0.17300000000000001
1731 3.5 0.1731
1732 3.5 0.17320000000000002
1733 3.5 0.1733
1734 3.5 0.1734
1735 3.5 0.17350000000000002
1736 3.5 0.1736
1737 3.5 0.17370000000000002
1738 3.5 0.1738
1739 3.5 0.1739
1740 3.5 0.17400000000000002
1741 3.5 0.1741
1742 3.5 0.17420000000000002
1743 3.5 0.1743
1744 3.5 0.1744
1745 3.5 0.17450000000000002
1746 3.5 0.1746
1747 3.5 0.17470000000000002
1748 3.5 0.1748
1749 3.5 0.1749
1750 3.5 0.17500000000000002
1751 3.5 0.1751
1752 3.5 0.1752
1753 3.5 0.1753
1754 3.5 0.1754
1755 3.5 0.17550000000000002
1756 3.5 0.1756
1757 3.5 0.1757
1758 3.5 0.1758
1759 3.5 0.1759
1760 3.5 0.17600000000000002
1761 3.5 0.1761
1762 3.5 0.1762
1763 3.5 0.1763
1764 3.5 0.1764
1765 3.5 0.17650000000000002
1766 3.5 0.1766
1767 3.5 0.1767
1768 3.5 0.1768
1769 3.5 0.1769
1770 3.5 0.17700000000000002
1771 3.5 0.1771
1772 3.5 0.1772
1773 3.5 0.1773
1774 3.5 0.1774
1775 3.5 0.17750000000000002
1776 3.5 0.1776
1777 3.5 0.1777
1778 3.5 0.1778
1779 3.5 0.1779
1780 3.5 0.17800000000000002
1781 3.5 0.1781
1782 3.5 0.1782
1783 3.5 0.17830000000000001
1784 3.5 0.1784
1785 3.5 0.17850000000000002
1786 3.5 0.1786
1787 3.5 0.1787
1788 3.5 0.17880000000000001
1789 3.5 0.1789
1790 3.5 0.17900000000000002
1791 3.5 0.1791
1792 3.5 0.1792
1793 3.5 0.17930000000000001
1794 3.5 0.1794
1795 3.5 0.17950000000000002
1796 3.5 0.1796
1797 3.5 0.1797
1798 3.5 0.17980000000000002
1799 3.5 0.1799
1800 3.5 0.18000000000000002
1801 3.5 0.1801
1802 3.5 0.1802
1803 3.5 0.18030000000000002
1804 3.5 0.1804
1805 3.5 0.18050000000000002
1806 3.5 0.1806
1807 3.5 0.1807
1808 3.5 0.18080000000000002
1809 3.5 0.1809
1810 3.5 0.18100000000000002
1811 3.5 0.1811
1812 3.5 0.1812
1813 3.5 0.18130000000000002
1814 3.5 0.1814
1815 3.5 0.18150000000000002
1816 3.5 0.1816
1817 3.5 0.1817
1818 3.5 0.18180000000000002
1819 3.5 0.1819
1820 3.5 0.182
1821 3.5 0.1821
1822 3.5 0.1822
1823 3.5 0.18230000000000002
1824 3.5 0.1824
1825 3.5 0.1825
1826 3.5 0.1826
1827 3.5 0.1827
1828 3.5 0.18280000000000002
1829 3.5 0.1829
1830 3.5 0.183
1831 3.5 0.1831
1832 3.5 0.1832
1833 3.5 0.18330000000000002
1834 3.5 0.1834
1835 3.5 0.1835
1836 3.5 0.1836
1837 3.5 0.1837
1838 3.5 0.18380000000000002
1839 3.5 0.1839
1840 3.5 0.184
1841 3.5 0.1841
1842 3.5 0.1842
1843 3.5 0.18430000000000002
1844 3.5 0.1844
1845 3.5 0.1845
1846 3.5 0.18460000000000001
1847 3.5 0.1847
1848 3.5 0.18480000000000002
1849 3.5 0.1849
1850 3.5 0.185
1851 3.5 0.18510000000000001
1852 3.5 0.1852
1853 3.5 0.18530000000000002
1854 3.5 0.1854
1855 3.5 0.1855
1856 3.5 0.18560000000000001
1857 3.5 0.1857
1858 3.5 0.18580000000000002
1859 3.5 0.1859
1860 3.5 0.186
1861 3.5 0.18610000000000002
1862 3.5 0.1862
1863 3.5 0.18630000000000002
1864 3.5 0.1864
1865 3.5 0.1865
1866 3.5 0.18660000000000002
1867 3.5 0.1867
1868 3.5 0.18680000000000002
1869 3.5 0.1869
1870 3.5 0.187
1871 3.5 0.18710000000000002
1872 3.5 0.1872
1873 3.5 0.18730000000000002
1874 3.5 0.1874
1875 3.5 0.1875
1876 3.5 0.18760000000000002
1877 3.5 0.1877
1878 3.5 0.18780000000000002
1879 3.5 0.1879
1880 3.5 0.188
1881 3.5 0.18810000000000002
1882 3.5 0.1882
1883 3.5 0.1883
1884 3.5 0.1884
1885 3.5 0.1885
1886 3.5 0.18860000000000002
1887 3.5 0.1887
1888 3.5 0.1888
1889 3.5 0.1889
1890 3.5 0.189
1891 3.5 0.18910000000000002
1892 3.5 0.1892
1893 3.5 0.1893
1894 3.5 0.1894
1895 3.5 0.1895
1896 3.5 0.18960000000000002
1897 3.5 0.1897
1898 3.5 0.1898
1899 3.5 0.1899
1900 3.5 0.19
1901 3.5 0.19010000000000002
1902 3.5 0.1902
1903 3.5 0.1903
1904 3.5 0.1904
1905 3.5 0.1905
1906 3.5 0.19060000000000002
1907 3.5 0.1907
1908 3.5 0.1908
1909 3.5 0.19090000000000001
1910 3.5 0.191
1911 3.5 0.19110000000000002
1912 3.5 0.1912
1913 3.5 0.1913
1914 3.5 0.19140000000000001
1915 3.5 0.1915
1916 3.5 0.19160000000000002
1917 3.5 0.1917
1918 3.5 0.1918
1919 3.5 0.19190000000000002
1920 3.5 0.192
1921 3.5 0.19210000000000002
1922 3.5 0.1922
1923 3.5 0.1923
1924 3.5 0.19240000000000002
1925 3.5 0.1925
1926 3.5 0.19260000000000002
1927 3.5 0.1927
1928 3.5 0.1928
1929 3.5 0.19290000000000002
1930 3.5 0.193
1931 3.5 0.19310000000000002
1932 3.5 0.1932
1933 3.5 0.1933
1934 3.5 0.19340000000000002
1935 3.5 0.1935
1936 3.5 0.19360000000000002
1937 3.5 0.1937
1938 3.5 0.1938
1939 3.5 0.19390000000000002
1940 3.5 0.194
1941 3.5 0.19410000000000002
1942 3.5 0.1942
1943 3.5 0.1943
1944 3.5 0.19440000000000002
1945 3.5 0.1945
1946 3.5 0.19460000000000002
1947 3.5 0.1947
1948 3.5 0.1948
1949 3.5 0.19490000000000002
1950 3.5 0.195
1951 3.5 0.1951
1952 3.5 0.1952
1953 3.5 0.1953
1954 3.5 0.19540000000000002
1955 3.5 0.1955
1956 3.5 0.1956
1957 3.5 0.1957
1958 3.5 0.1958
1959 3.5 0.19590000000000002
1960 3.5 0.196
1961 3.5 0.1961
1962 3.5 0.1962
1963 3.5 0.1963
1964 3.5 0.19640000000000002
1965 3.5 0.1965
1966 3.5 0.1966
1967 3.5 0.1967
1968 3.5 0.1968
1969 3.5 0.19690000000000002
1970 3.5 0.197
1971 3.5 0.1971
1972 3.5 0.19720000000000001
1973 3.5 0.1973
1974 3.5 0.19740000000000002
1975 3.5 0.1975
1976 3.5 0.1976
1977 3.5 0.19770000000000001
1978 3.5 0.1978
1979 3.5 0.19790000000000002
1980 3.5 0.198
1981 3.5 0.1981
1982 3.5 0.19820000000000002
1983 3.5 0.1983
1984 3.5 0.19840000000000002
1985 3.5 0.1985
1986 3.5 0.1986
1987 3.5 0.19870000000000002
1988 3.5 0.1988
1989 3.5 0.19890000000000002
1990 3.5 0.199
1991 3.5 0.1991
1992 3.5 0.19920000000000002
1993 3.5 0.1993
1994 3.5 0.19940000000000002
1995 3.5 0.1995
1996 3.5 0.1996
1997 3.5 0.19970000000000002
1998 3.5 0.1998
1999 3.5 0.19990000000000002
2000 3.5 0.2
2001 3.5 0.2001
2002 3.5 0.20020000000000002
2003 3.5 0.2003
2004 3.5 0.20040000000000002
2005 3.5 0.2005
2006 3.5 0.2006
2007 3.5 0.20070000000000002
2008 3.5 0.2008
2009 3.5 0.20090000000000002
2010 3.5 0.201
2011 3.5 0.2011
2012 3.5 0.20120000000000002
2013 3.5 0.2013
2014 3.5 0.20140000000000002
2015 3.5 0.2015
2016 3.5 0.2016
2017 3.5 0.20170000000000002
2018 3.5 0.2018
2019 3.5 0.2019
2020 3.5 0.202
2021 3.5 0.2021
2022 3.5 0.20220000000000002
2023 3.5 0.2023
2024 3.5 0.2024
2025 3.5 0.2025
2026 3.5 0.2026
2027 3.5 0.20270000000000002
2028 3.5 0.2028
2029 3.5 0.2029
2030 3.5 0.203
2031 3.5 0.2031
2032 3.5 0.20320000000000002
2033 3.5 0.2033
2034 3.5 0.2034
2035 3.5 0.20350000000000001
2036 3.5 0.2036
2037 3.5 0.20370000000000002
2038 3.5 0.2038
2039 3.5 0.2039
2040 3.5 0.20400000000000001
2041 3.5 0.2041
2042 3.5 0.20420000000000002
2043 3.5 0.2043
2044 3.5 0.2044
2045 3.5 0.20450000000000002
2046 3.5 0.2046
2047 3.5 0.20470000000000002
2048 3.5 0.2048
2049 3.5 0.2049
2050 3.5 0.20500000000000002
2051 3.5 0.2051
2052 3.5 0.20520000000000002
2053 3.5 0.2053
2054 3.5 0.2054
2055 3.5 0.20550000000000002
2056 3.5 0.2056
2057 3.5 0.20570000000000002
2058 3.5 0.2058
2059 3.5 0.2059
2060 3.5 0.20600000000000002
2061 3.5 0.2061
2062 3.5 0.20620000000000002
2063 3.5 0.2063
2064 3.5 0.2064
2065 3.5 0.20650000000000002
2066 3.5 0.2066
2067 3.5 0.20670000000000002
2068 3.5 0.2068
2069 3.5 0.2069
2070 3.5 0.20700000000000002
2071 3.5 0.2071
2072 3.5 0.20720000000000002
2073 3.5 0.2073
2074 3.5 0.2074
2075 3.5 0.20750000000000002
2076 3.5 0.2076
2077 3.5 0.20770000000000002
2078 3.5 0.2078
2079 3.5 0.2079
2080 3.5 0.20800000000000002
2081 3.5 0.2081
2082 3.5 0.2082
2083 3.5 0.2083
2084 3.5 0.2084
2085 3.5 0.20850000000000002
2086 3.5 0.2086
2087 3.5 0.2087
2088 3.5 0.2088
2089 3.5 0.2089
2090 3.5 0.20900000000000002
2091 3.5 0.2091
2092 3.5 0.2092
2093 3.5 0.2093
2094 3.5 0.2094
2095 3.5 0.20950000000000002
2096 3.5 0.2096
2097 3.5 0.2097
2098 3.5 0.20980000000000001
2099 3.5 0.2099
2100 3.5 0.21000000000000002
2101 3.5 0.2101
2102 3.5 0.2102
2103 3.5 0.21030000000000001
2104 3.5 0.2104
2105 3.5 0.21050000000000002
2106 3.5 0.2106
2107 3.5 0.2107
2108 3.5 0.21080000000000002
2109 3.5 0.2109
2110 3.5 0.21100000000000002
2111 3.5 0.2111
2112 3.5 0.2112
2113 3.5 0.21130000000000002
2114 3.5 0.2114
2115 3.5 0.21150000000000002
2116 3.5 0.2116
2117 3.5 0.2117
2118 3.5 0.21180000000000002
2119 3.5 0.2119
2120 3.5 0.21200000000000002
2121 3.5 0.2121
2122 3.5 0.2122
2123 3.5 0.21230000000000002
2124 3.5 0.2124
2125 3.5 0.21250000000000002
2126 3.5 0.2126
2127 3.5 0.2127
2128 3.5 0.21280000000000002
2129 3.5 0.2129
2130 3.5 0.21300000000000002
2131 3.5 0.2131
2132 3.5 0.2132
2133 3.5 0.21330000000000002
2134 3.5 0.2134
2135 3.5 0.21350000000000002
2136 3.5 0.2136
2137 3.5 0.2137
2138 3.5 0.21380000000000002
2139 3.5 0.2139
2140 3.5 0.21400000000000002
2141 3.5 0.2141
2142 3.5 0.2142
2143 3.5 0.21430000000000002
2144 3.5 0.2144
2145 3.5 0.21450000000000002
2146 3.5 0.2146
2147 3.5 0.2147
2148 3.5 0.21480000000000002
2149 3.5 0.2149
2150 3.5 0.215
2151 3.5 0.2151
2152 3.5 0.2152
2153 3.5 0.21530000000000002
2154 3.5 0.2154
2155 3.5 0.2155
2156 3.5 0.2156
2157 3.5 0.2157
2158 3.5 0.21580000000000002
2159 3.5 0.2159
2160 3.5 0.216
2161 3.5 0.21610000000000001
2162 3.5 0.2162
2163 3.5 0.21630000000000002
2164 3.5 0.2164
2165 3.5 0.2165
2166 3.5 0.21660000000000001
2167 3.5 0.2167
2168 3.5 0.21680000000000002
2169 3.5 0.2169
2170 3.5 0.217
2171 3.5 0.21710000000000002
2172 3.5 0.2172
2173 3.5 0.21730000000000002
2174 3.5 0.2174
2175 3.5 0.2175
2176 3.5 0.21760000000000002
2177 3.5 0.2177
2178 3.5 0.21780000000000002
2179 3.5 0.2179
2180 3.5 0.218
2181 3.5 0.21810000000000002
2182 3.5 0.2182
2183 3.5 0.21830000000000002
2184 3.5 0.2184
2185 3.5 0.2185
2186 3.5 0.21860000000000002
2187 3.5 0.2187
2188 3.5 0.21880000000000002
2189 3.5 0.2189
2190 3.5 0.219
2191 3.5 0.21910000000000002
2192 3.5 0.2192
2193 3.5 0.21930000000000002
2194 3.5 0.2194
2195 3.5 0.2195
2196 3.5 0.21960000000000002
2197 3.5 0.2197
2198 3.5 0.21980000000000002
2199 3.5 0.2199
2200 3.5 0.22
2201 3.5 0.22010000000000002
2202 3.5 0.2202
2203 3.5 0.22030000000000002
2204 3.5 0.2204
2205 3.5 0.2205
2206 3.5 0.22060000000000002
2207 3.5 0.2207
2208 3.5 0.22080000000000002
2209 3.5 0.2209
2210 3.5 0.221
2211 3.5 0.22110000000000002
2212 3.5 0.2212
2213 3.5 0.22130000000000002
2214 3.5 0.2214
2215 3.5 0.2215
2216 3.5 0.22160000000000002
2217 3.5 0.2217
2218 3.5 0.2218
2219 3.5 0.22190000000000001
2220 3.5 0.222
2221 3.5 0.22210000000000002
2222 3.5 0.2222
2223 3.5 0.2223
2224 3.5 0.22240000000000001
2225 3.5 0.2225
2226 3.5 0.22260000000000002
2227 3.5 0.2227
2228 3.5 0.2228
2229 3.5 0.22290000000000001
2230 3.5 0.223
2231 3.5 0.22310000000000002
2232 3.5 0.2232
2233 3.5 0.2233
2234 3.5 0.22340000000000002
2235 3.5 0.2235
2236 3.5 0.22360000000000002
2237 3.5 0.2237
2238 3.5 0.2238
2239 3.5 0.22390000000000002
2240 3.5 0.224
2241 3.5 0.22410000000000002
2242 3.5 0.2242
2243 3.5 0.2243
2244 3.5 0.22440000000000002
2245 3.5 0.2245
2246 3.5 0.22460000000000002
2247 3.5 0.2247
2248 3.5 0.2248
2249 3.5 0.22490000000000002
2250 3.5 0.225
2251 3.5 0.22510000000000002
2252 3.5 0.2252
2253 3.5 0.2253
2254 3.5 0.22540000000000002
2255 3.5 0.2255
2256 3.5 0.22560000000000002
2257 3.5 0.2257
2258 3.5 0.2258
2259 3.5 0.22590000000000002
2260 3.5 0.226
2261 3.5 0.22610000000000002
2262 3.5 0.2262
2263 3.5 0.2263
2264 3.5 0.22640000000000002
2265 3.5 0.2265
2266 3.5 0.22660000000000002
2267 3.5 0.2267
2268 3.5 0.2268
2269 3.5 0.22690000000000002
2270 3.5 0.227
2271 3.5 0.22710000000000002
2272 3.5 0.2272
2273 3.5 0.2273
2274 3.5 0.22740000000000002
2275 3.5 0.2275
2276 3.5 0.22760000000000002
2277 3.5 0.2277
2278 3.5 0.2278
2279 3.5 0.22790000000000002
2280 3.5 0.228
2281 3.5 0.2281
2282 3.5 0.22820000000000001
2283 3.5 0.2283
2284 3.5 0.22840000000000002
2285 3.5 0.2285
2286 3.5 0.2286
2287 3.5 0.22870000000000001
2288 3.5 0.2288
2289 3.5 0.22890000000000002
2290 3.5 0.229
2291 3.5 0.2291
2292 3.5 0.22920000000000001
2293 3.5 0.2293
2294 3.5 0.22940000000000002
2295 3.5 0.2295
2296 3.5 0.2296
2297 3.5 0.22970000000000002
2298 3.5 0.2298
2299 3.5 0.22990000000000002
2300 3.5 0.23
2301 3.5 0.2301
2302 3.5 0.23020000000000002
2303 3.5 0.2303
2304 3.5 0.23040000000000002
2305 3.5 0.2305
2306 3.5 0.2306
2307 3.5 0.23070000000000002
2308 3.5 0.2308
2309 3.5 0.23090000000000002
2310 3.5 0.231
2311 3.5 0.2311
2312 3.5 0.23120000000000002
2313 3.5 0.2313
2314 3.5 0.23140000000000002
2315 3.5 0.2315
2316 3.5 0.2316
2317 3.5 0.23170000000000002
2318 3.5 0.2318
2319 3.5 0.23190000000000002
2320 3.5 0.232
2321 3.5 0.2321
2322 3.5 0.23220000000000002
2323 3.5 0.2323
2324 3.5 0.23240000000000002
2325 3.5 0.2325
2326 3.5 0.2326
2327 3.5 0.23270000000000002
2328 3.5 0.2328
2329 3.5 0.23290000000000002
2330 3.5 0.233
2331 3.5 0.2331
2332 3.5 0.23320000000000002
2333 3.5 0.2333
2334 3.5 0.23340000000000002
2335 3.5 0.2335
2336 3.5 0.2336
2337 3.5 0.23370000000000002
2338 3.5 0.2338
2339 3.5 0.23390000000000002
2340 3.5 0.234
2341 3.5 0.2341
2342 3.5 0.23420000000000002
2343 3.5 0.2343
2344 3.5 0.23440000000000003
2345 3.5 0.23450000000000001
2346 3.5 0.2346
2347 3.5 0.23470000000000002
2348 3.5 0.2348
2349 3.5 0.2349
2350 3.5 0.23500000000000001
2351 3.5 0.2351
2352 3.5 0.23520000000000002
2353 3.5 0.2353
2354 3.5 0.2354
2355 3.5 0.23550000000000001
2356 3.5 0.2356
2357 3.5 0.23570000000000002
2358 3.5 0.2358
2359 3.5 0.2359
2360 3.5 0.23600000000000002
2361 3.5 0.2361
2362 3.5 0.23620000000000002
2363 3.5 0.2363
2364 3.5 0.2364
2365 3.5 0.23650000000000002
2366 3.5 0.2366
2367 3.5 0.23670000000000002
2368 3.5 0.2368
2369 3.5 0.2369
2370 3.5 0.23700000000000002
2371 3.5 0.2371
2372 3.5 0.23720000000000002
2373 3.5 0.2373
2374 3.5 0.2374
2375 3.5 0.23750000000000002
2376 3.5 0.2376
2377 3.5 0.23770000000000002
2378 3.5 0.2378
2379 3.5 0.2379
2380 3.5 0.23800000000000002
2381 3.5 0.2381
2382 3.5 0.23820000000000002
2383 3.5 0.2383
2384 3.5 0.2384
2385 3.5 0.23850000000000002
2386 3.5 0.2386
2387 3.5 0.23870000000000002
2388 3.5 0.2388
2389 3.5 0.2389
2390 3.5 0.23900000000000002
2391 3.5 0.2391
2392 3.5 0.23920000000000002
2393 3.5 0.2393
2394 3.5 0.2394
2395 3.5 0.23950000000000002
2396 3.5 0.2396
2397 3.5 0.23970000000000002
2398 3.5 0.2398
2399 3.5 0.2399
2400 3.5 0.24000000000000002
2401 3.5 0.2401
2402 3.5 0.24020000000000002
2403 3.5 0.2403
2404 3.5 0.2404
2405 3.5 0.24050000000000002
2406 3.5 0.2406
2407 3.5 0.24070000000000003
2408 3.5 0.24080000000000001
2409 3.5 0.2409
2410 3.5 0.24100000000000002
2411 3.5 0.2411
2412 3.5 0.2412
2413 3.5 0.24130000000000001
2414 3.5 0.2414
2415 3.5 0.24150000000000002
2416 3.5 0.2416
2417 3.5 0.2417
2418 3.5 0.24180000000000001
2419 3.5 0.2419
2420 3.5 0.24200000000000002
2421 3.5 0.2421
2422 3.5 0.2422
2423 3.5 0.24230000000000002
2424 3.5 0.2424
2425 3.5 0.24250000000000002
2426 3.5 0.2426
2427 3.5 0.2427
2428 3.5 0.24280000000000002
2429 3.5 0.2429
2430 3.5 0.24300000000000002
2431 3.5 0.2431
2432 3.5 0.2432
2433 3.5 0.24330000000000002
2434 3.5 0.2434
2435 3.5 0.24350000000000002
2436 3.5 0.2436
2437 3.5 0.2437
2438 3.5 0.24380000000000002
2439 3.5 0.2439
2440 3.5 0.24400000000000002
2441 3.5 0.2441
2442 3.5 0.2442
2443 3.5 0.24430000000000002
2444 3.5 0.2444
2445 3.5 0.24450000000000002
2446 3.5 0.2446
2447 3.5 0.2447
2448 3.5 0.24480000000000002
2449 3.5 0.2449
2450 3.5 0.24500000000000002
2451 3.5 0.2451
2452 3.5 0.2452
2453 3.5 0.24530000000000002
2454 3.5 0.2454
2455 3.5 0.24550000000000002
2456 3.5 0.2456
2457 3.5 0.2457
2458 3.5 0.24580000000000002
2459 3.5 0.2459
2460 3.5 0.24600000000000002
2461 3.5 0.2461
2462 3.5 0.2462
2463 3.5 0.24630000000000002
2464 3.5 0.2464
2465 3.5 0.24650000000000002
2466 3.5 0.2466
2467 3.5 0.2467
2468 3.5 0.24680000000000002
2469 3.5 0.2469
2470 3.5 0.24700000000000003
2471 3.5 0.24710000000000001
2472 3.5 0.2472
2473 3.5 0.24730000000000002
2474 3.5 0.2474
2475 3.5 0.24750000000000003
2476 3.5 0.24760000000000001
2477 3.5 0.2477
2478 3.5 0.24780000000000002
2479 3.5 0.2479
2480 3.5 0.248
2481 3.5 0.24810000000000001
2482 3.5 0.2482
2483 3.5 0.24830000000000002
2484 3.5 0.2484
2485 3.5 0.2485
2486 3.5 0.24860000000000002
2487 3.5 0.2487
2488 3.5 0.24880000000000002
2489 3.5 0.2489
2490 3.5 0.249
2491 3.5 0.24910000000000002
2492 3.5 0.2492
2493 3.5 0.24930000000000002
2494 3.5 0.2494
2495 3.5 0.2495
2496 3.5 0.24960000000000002
2497 3.5 0.2497
2498 3.5 0.24980000000000002
2499 3.5 0.2499
2500 3.5 0.25
2501 3.5 0.2501
2502 3.5 0.25020000000000003
2503 3.5 0.2503
2504 3.5 0.2504
2505 3.5 0.2505
2506 3.5 0.2506
2507 3.5 0.25070000000000003
2508 3.5 0.2508
2509 3.5 0.2509
2510 3.5 0.251
2511 3.5 0.2511
2512 3.5 0.25120000000000003
2513 3.5 0.2513
2514 3.5 0.2514
2515 3.5 0.2515
2516 3.5 0.2516
2517 3.5 0.25170000000000003
2518 3.5 0.2518
2519 3.5 0.2519
2520 3.5 0.252
2521 3.5 0.2521
2522 3.5 0.25220000000000004
2523 3.5 0.2523
2524 3.5 0.2524
2525 3.5 0.2525
2526 3.5 0.2526
2527 3.5 0.25270000000000004
2528 3.5 0.2528
2529 3.5 0.2529
2530 3.5 0.253
2531 3.5 0.2531
2532 3.5 0.25320000000000004
2533 3.5 0.2533
2534 3.5 0.2534
2535 3.5 0.2535
2536 3.5 0.2536
2537 3.5 0.25370000000000004
2538 3.5 0.2538
2539 3.5 0.2539
2540 3.5 0.254
2541 3.5 0.2541
2542 3.5 0.25420000000000004
2543 3.5 0.2543
2544 3.5 0.2544
2545 3.5 0.2545
2546 3.5 0.2546
2547 3.5 0.25470000000000004
2548 3.5 0.2548
2549 3.5 0.2549
2550 3.5 0.255
2551 3.5 0.2551
2552 3.5 0.25520000000000004
2553 3.5 0.2553
2554 3.5 0.2554
2555 3.5 0.2555
2556 3.5 0.2556
2557 3.5 0.25570000000000004
2558 3.5 0.2558
2559 3.5 0.2559
2560 3.5 0.256
2561 3.5 0.2561
2562 3.5 0.25620000000000004
2563 3.5 0.25630000000000003
2564 3.5 0.2564
2565 3.5 0.2565
2566 3.5 0.2566
2567 3.5 0.25670000000000004
2568 3.5 0.25680000000000003
2569 3.5 0.2569
2570 3.5 0.257
2571 3.5 0.2571
2572 3.5 0.25720000000000004
2573 3.5 0.25730000000000003
2574 3.5 0.2574
2575 3.5 0.2575
2576 3.5 0.2576
2577 3.5 0.2577
2578 3.5 0.25780000000000003
2579 3.5 0.2579
2580 3.5 0.258
2581 3.5 0.2581
2582 3.5 0.2582
2583 3.5 0.25830000000000003
2584 3.5 0.2584
2585 3.5 0.2585
2586 3.5 0.2586
2587 3.5 0.2587
2588 3.5 0.25880000000000003
2589 3.5 0.2589
2590 3.5 0.259
2591 3.5 0.2591
2592 3.5 0.2592
2593 3.5 0.25930000000000003
2594 3.5 0.2594
2595 3.5 0.2595
2596 3.5 0.2596
2597 3.5 0.2597
2598 3.5 0.25980000000000003
2599 3.5 0.2599
2600 3.5 0.26
2601 3.5 0.2601
2602 3.5 0.2602
2603 3.5 0.26030000000000003
2604 3.5 0.2604
2605 3.5 0.2605
2606 3.5 0.2606
2607 3.5 0.2607
2608 3.5 0.26080000000000003
2609 3.5 0.2609
2610 3.5 0.261
2611 3.5 0.2611
2612 3.5 0.2612
2613 3.5 0.26130000000000003
2614 3.5 0.2614
2615 3.5 0.2615
2616 3.5 0.2616
2617 3.5 0.2617
2618 3.5 0.26180000000000003
2619 3.5 0.2619
2620 3.5 0.262
2621 3.5 0.2621
2622 3.5 0.2622
2623 3.5 0.26230000000000003
2624 3.5 0.2624
2625 3.5 0.2625
2626 3.5 0.2626
2627 3.5 0.2627
2628 3.5 0.26280000000000003
2629 3.5 0.2629
2630 3.5 0.263
2631 3.5 0.2631
2632 3.5 0.2632
2633 3.5 0.26330000000000003
2634 3.5 0.2634
2635 3.5 0.2635
2636 3.5 0.2636
2637 3.5 0.2637
2638 3.5 0.26380000000000003
2639 3.5 0.2639
2640 3.5 0.264
2641 3.5 0.2641
2642 3.5 0.2642
2643 3.5 0.26430000000000003
2644 3.5 0.2644
2645 3.5 0.2645
2646 3.5 0.2646
2647 3.5 0.2647
2648 3.5 0.26480000000000004
2649 3.5 0.2649
2650 3.5 0.265
2651 3.5 0.2651
2652 3.5 0.2652
2653 3.5 0.26530000000000004
2654 3.5 0.2654
2655 3.5 0.2655
2656 3.5 0.2656
2657 3.5 0.2657
2658 3.5 0.26580000000000004
2659 3.5 0.2659
2660 3.5 0.266
2661 3.5 0.2661
2662 3.5 0.2662
2663 3.5 0.26630000000000004
2664 3.5 0.2664
2665 3.5 0.2665
2666 3.5 0.2666
2667 3.5 0.2667
2668 3.5 0.26680000000000004
2669 3.5 0.2669
2670 3.5 0.267
2671 3.5 0.2671
2672 3.5 0.2672
2673 3.5 0.26730000000000004
2674 3.5 0.2674
2675 3.5 0.2675
2676 3.5 0.2676
2677 3.5 0.2677
2678 3.5 0.26780000000000004
2679 3.5 0.2679
2680 3.5 0.268
2681 3.5 0.2681
2682 3.5 0.2682
2683 3.5 0.26830000000000004
2684 3.5 0.2684
2685 3.5 0.2685
2686 3.5 0.2686
2687 3.5 0.2687
2688 3.5 0.26880000000000004
2689 3.5 0.26890000000000003
2690 3.5 0.269
2691 3.5 0.2691
2692 3.5 0.2692
2693 3.5 0.26930000000000004
2694 3.5 0.26940000000000003
2695 3.5 0.2695
2696 3.5 0.2696
2697 3.5 0.2697
2698 3.5 0.26980000000000004
2699 3.5 0.26990000000000003
2700 3.5 0.27
2701 3.5 0.2701
2702 3.5 0.2702
2703 3.5 0.27030000000000004
2704 3.5 0.27040000000000003
2705 3.5 0.2705
2706 3.5 0.2706
2707 3.5 0.2707
2708 3.5 0.27080000000000004
2709 3.5 0.27090000000000003
2710 3.5 0.271
2711 3.5 0.2711
2712 3.5 0.2712
2713 3.5 0.2713
2714 3.5 0.27140000000000003
2715 3.5 0.2715
2716 3.5 0.2716
2717 3.5 0.2717
2718 3.5 0.2718
2719 3.5 0.27190000000000003
2720 3.5 0.272
2721 3.5 0.2721
2722 3.5 0.2722
2723 3.5 0.2723
2724 3.5 0.27240000000000003
2725 3.5 0.2725
2726 3.5 0.2726
2727 3.5 0.2727
2728 3.5 0.2728
2729 3.5 0.27290000000000003
2730 3.5 0.273
2731 3.5 0.2731
2732 3.5 0.2732
2733 3.5 0.2733
2734 3.5 0.27340000000000003
2735 3.5 0.2735
2736 3.5 0.2736
2737 3.5 0.2737
2738 3.5 0.2738
2739 3.5 0.27390000000000003
2740 3.5 0.274
2741 3.5 0.2741
2742 3.5 0.2742
2743 3.5 0.2743
2744 3.5 0.27440000000000003
2745 3.5 0.2745
2746 3.5 0.2746
2747 3.5 0.2747
2748 3.5 0.2748
2749 3.5 0.27490000000000003
2750 3.5 0.275
2751 3.5 0.2751
2752 3.5 0.2752
2753 3.5 0.2753
2754 3.5 0.27540000000000003
2755 3.5 0.2755
2756 3.5 0.2756
2757 3.5 0.2757
2758 3.5 0.2758
2759 3.5 0.27590000000000003
2760 3.5 0.276
2761 3.5 0.2761
2762 3.5 0.2762
2763 3.5 0.2763
2764 3.5 0.27640000000000003
2765 3.5 0.2765
2766 3.5 0.2766
2767 3.5 0.2767
2768 3.5 0.2768
2769 3.5 0.27690000000000003
2770 3.5 0.277
2771 3.5 0.2771
2772 3.5 0.2772
2773 3.5 0.2773
2774 3.5 0.27740000000000004
2775 3.5 0.2775
2776 3.5 0.2776
2777 3.5 0.2777
2778 3.5 0.2778
2779 3.5 0.27790000000000004
2780 3.5 0.278
2781 3.5 0.2781
2782 3.5 0.2782
2783 3.5 0.2783
2784 3.5 0.27840000000000004
2785 3.5 0.2785
2786 3.5 0.2786
2787 3.5 0.2787
2788 3.5 0.2788
2789 3.5 0.27890000000000004
2790 3.5 0.279
2791 3.5 0.2791
2792 3.5 0.2792
2793 3.5 0.2793
2794 3.5 0.27940000000000004
2795 3.5 0.2795
2796 3.5 0.2796
2797 3.5 0.2797
2798 3.5 0.2798
2799 3.5 0.27990000000000004
2800 3.5 0.28
2801 3.5 0.2801
2802 3.5 0.2802
2803 3.5 0.2803
2804 3.5 0.28040000000000004
2805 3.5 0.2805
2806 3.5 0.2806
2807 3.5 0.2807
2808 3.5 0.2808
2809 3.5 0.28090000000000004
2810 3.5 0.281
2811 3.5 0.2811
2812 3.5 0.2812
2813 3.5 0.2813
2814 3.5 0.28140000000000004
2815 3.5 0.28150000000000003
2816 3.5 0.2816
2817 3.5 0.2817
2818 3.5 0.2818
2819 3.5 0.28190000000000004
2820 3.5 0.28200000000000003
2821 3.5 0.2821
2822 3.5 0.2822
2823 3.5 0.2823
2824 3.5 0.28240000000000004
2825 3.5 0.28250000000000003
2826 3.5 0.2826
2827 3.5 0.2827
2828 3.5 0.2828
2829 3.5 0.28290000000000004
2830 3.5 0.28300000000000003
2831 3.5 0.2831
2832 3.5 0.2832
2833 3.5 0.2833
2834 3.5 0.28340000000000004
2835 3.5 0.28350000000000003
2836 3.5 0.2836
2837 3.5 0.2837
2838 3.5 0.2838
2839 3.5 0.28390000000000004
2840 3.5 0.28400000000000003
2841 3.5 0.2841
2842 3.5 0.2842
2843 3.5 0.2843
2844 3.5 0.2844
2845 3.5 0.28450000000000003
2846 3.5 0.2846
2847 3.5 0.2847
2848 3.5 0.2848
2849 3.5 0.2849
2850 3.5 0.28500000000000003
2851 3.5 0.2851
2852 3.5 0.2852
2853 3.5 0.2853
2854 3.5 0.2854
2855 3.5 0.28550000000000003
2856 3.5 0.2856
2857 3.5 0.2857
2858 3.5 0.2858
2859 3.5 0.2859
2860 3.5 0.28600000000000003
2861 3.5 0.2861
2862 3.5 0.2862
2863 3.5 0.2863
2864 3.5 0.2864
2865 3.5 0.28650000000000003
2866 3.5 0.2866
2867 3.5 0.2867
2868 3.5 0.2868
2869 3.5 0.2869
2870 3.5 0.28700000000000003
2871 3.5 0.2871
2872 3.5 0.2872
2873 3.5 0.2873
2874 3.5 0.2874
2875 3.5 0.28750000000000003
2876 3.5 0.2876
2877 3.5 0.2877
2878 3.5 0.2878
2879 3.5 0.2879
2880 3.5 0.28800000000000003
2881 3.5 0.2881
2882 3.5 0.2882
2883 3.5 0.2883
2884 3.5 0.2884
2885 3.5 0.28850000000000003
2886 3.5 0.2886
2887 3.5 0.2887
2888 3.5 0.2888
2889 3.5 0.2889
2890 3.5 0.28900000000000003
2891 3.5 0.2891
2892 3.5 0.2892
2893 3.5 0.2893
2894 3.5 0.2894
2895 3.5 0.28950000000000004
2896 3.5 0.2896
2897 3.5 0.2897
2898 3.5 0.2898
2899 3.5 0.2899
2900 3.5 0.29000000000000004
2901 3.5 0.2901
2902 3.5 0.2902
2903 3.5 0.2903
2904 3.5 0.2904
2905 3.5 0.29050000000000004
2906 3.5 0.2906
2907 3.5 0.2907
2908 3.5 0.2908
2909 3.5 0.2909
2910 3.5 0.29100000000000004
2911 3.5 0.2911
2912 3.5 0.2912
2913 3.5 0.2913
2914 3.5 0.2914
2915 3.5 0.29150000000000004
2916 3.5 0.2916
2917 3.5 0.2917
2918 3.5 0.2918
2919 3.5 0.2919
2920 3.5 0.29200000000000004
2921 3.5 0.2921
2922 3.5 0.2922
2923 3.5 0.2923
2924 3.5 0.2924
2925 3.5 0.29250000000000004
2926 3.5 0.2926
2927 3.5 0.2927
2928 3.5 0.2928
2929 3.5 0.2929
2930 3.5 0.29300000000000004
2931 3.5 0.2931
2932 3.5 0.2932
2933 3.5 0.2933
2934 3.5 0.2934
2935 3.5 0.29350000000000004
2936 3.5 0.2936
2937 3.5 0.2937
2938 3.5 0.2938
2939 3.5 0.2939
2940 3.5 0.29400000000000004
2941 3.5 0.29410000000000003
2942 3.5 0.2942
2943 3.5 0.2943
2944 3.5 0.2944
2945 3.5 0.29450000000000004
2946 3.5 0.29460000000000003
2947 3.5 0.2947
2948 3.5 0.2948
2949 3.5 0.2949
2950 3.5 0.29500000000000004
2951 3.5 0.29510000000000003
2952 3.5 0.2952
2953 3.5 0.2953
2954 3.5 0.2954
2955 3.5 0.29550000000000004
2956 3.5 0.29560000000000003
2957 3.5 0.2957
2958 3.5 0.2958
2959 3.5 0.2959
2960 3.5 0.29600000000000004
2961 3.5 0.29610000000000003
2962 3.5 0.2962
2963 3.5 0.2963
2964 3.5 0.2964
2965 3.5 0.29650000000000004
2966 3.5 0.29660000000000003
2967 3.5 0.2967
2968 3.5 0.2968
2969 3.5 0.2969
2970 3.5 0.29700000000000004
2971 3.5 0.29710000000000003
2972 3.5 0.2972
2973 3.5 0.2973
2974 3.5 0.2974
2975 3.5 0.2975
2976 3.5 0.29760000000000003
2977 3.5 0.2977
2978 3.5 0.2978
2979 3.5 0.2979
2980 3.5 0.298
2981 3.5 0.29810000000000003
2982 3.5 0.2982
2983 3.5 0.2983
2984 3.5 0.2984
2985 3.5 0.2985
2986 3.5 0.29860000000000003
2987 3.5 0.2987
2988 3.5 0.2988
2989 3.5 0.2989
2990 3.5 0.299
2991 3.5 0.29910000000000003
2992 3.5 0.2992
2993 3.5 0.2993
2994 3.5 0.2994
2995 3.5 0.2995
2996 3.5 0.29960000000000003
2997 3.5 0.2997
2998 3.5 0.2998
2999 3.5 0.2999
3000 3.5 0.3
3001 3.5 0.30010000000000003
3002 3.5 0.3002
3003 3.5 0.3003
3004 3.5 0.3004
3005 3.5 0.3005
3006 3.5 0.30060000000000003
3007 3.5 0.3007
3008 3.5 0.3008
3009 3.5 0.3009
3010 3.5 0.301
3011 3.5 0.30110000000000003
3012 3.5 0.3012
3013 3.5 0.3013
3014 3.5 0.3014
3015 3.5 0.3015
3016 3.5 0.30160000000000003
3017 3.5 0.3017
3018 3.5 0.3018
3019 3.5 0.3019
3020 3.5 0.302
3021 3.5 0.30210000000000004
3022 3.5 0.3022
3023 3.5 0.3023
3024 3.5 0.3024
3025 3.5 0.3025
3026 3.5 0.30260000000000004
3027 3.5 0.3027
3028 3.5 0.3028
3029 3.5 0.3029
3030 3.5 0.303
3031 3.5 0.30310000000000004
3032 3.5 0.3032
3033 3.5 0.3033
3034 3.5 0.3034
3035 3.5 0.3035
3036 3.5 0.30360000000000004
3037 3.5 0.3037
3038 3.5 0.3038
3039 3.5 0.3039
3040 3.5 0.304
3041 3.5 0.30410000000000004
3042 3.5 0.3042
3043 3.5 0.3043
3044 3.5 0.3044
3045 3.5 0.3045
3046 3.5 0.30460000000000004
3047 3.5 0.3047
3048 3.5 0.3048
3049 3.5 0.3049
3050 3.5 0.305
3051 3.5 0.30510000000000004
3052 3.5 0.3052
3053 3.5 0.3053
3054 3.5 0.3054
3055 3.5 0.3055
3056 3.5 0.30560000000000004
3057 3.5 0.3057
3058 3.5 0.3058
3059 3.5 0.3059
3060 3.5 0.306
3061 3.5 0.30610000000000004
3062 3.5 0.3062
3063 3.5 0.3063
3064 3.5 0.3064
3065 3.5 0.3065
3066 3.5 0.30660000000000004
3067 3.5 0.30670000000000003
3068 3.5 0.3068
3069 3.5 0.3069
3070 3.5 0.307
3071 3.5 0.30710000000000004
3072 3.5 0.30720000000000003
3073 3.5 0.3073
3074 3.5 0.3074
3075 3.5 0.3075
3076 3.5 0.30760000000000004
3077 3.5 0.30770000000000003
3078 3.5 0.3078
3079 3.5 0.3079
3080 3.5 0.308
3081 3.5 0.30810000000000004
3082 3.5 0.30820000000000003
3083 3.5 0.3083
3084 3.5 0.3084
3085 3.5 0.3085
3086 3.5 0.30860000000000004
3087 3.5 0.30870000000000003
3088 3.5 0.3088
3089 3.5 0.3089
3090 3.5 0.309
3091 3.5 0.30910000000000004
3092 3.5 0.30920000000000003
3093 3.5 0.3093
3094 3.5 0.3094
3095 3.5 0.3095
3096 3.5 0.30960000000000004
3097 3.5 0.30970000000000003
3098 3.5 0.3098
3099 3.5 0.3099
3100 3.5 0.31
3101 3.5 0.31010000000000004
3102 3.5 0.31020000000000003
3103 3.5 0.3103
3104 3.5 0.3104
3105 3.5 0.3105
3106 3.5 0.3106
3107 3.5 0.31070000000000003
3108 3.5 0.3108
3109 3.5 0.3109
3110 3.5 0.311
3111 3.5 0.3111
3112 3.5 0.31120000000000003
3113 3.5 0.3113
3114 3.5 0.3114
3115 3.5 0.3115
3116 3.5 0.3116
3117 3.5 0.31170000000000003
3118 3.5 0.3118
3119 3.5 0.3119
3120 3.5 0.312
3121 3.5 0.3121
3122 3.5 0.31220000000000003
3123 3.5 0.3123
3124 3.5 0.3124
3125 3.5 0.3125
3126 3.5 0.3126
3127 3.5 0.31270000000000003
3128 3.5 0.3128
3129 3.5 0.3129
3130 3.5 0.313
3131 3.5 0.3131
3132 3.5 0.31320000000000003
3133 3.5 0.3133
3134 3.5 0.3134
3135 3.5 0.3135
3136 3.5 0.3136
3137 3.5 0.31370000000000003
3138 3.5 0.3138
3139 3.5 0.3139
3140 3.5 0.314
3141 3.5 0.3141
3142 3.5 0.31420000000000003
3143 3.5 0.3143
3144 3.5 0.3144
3145 3.5 0.3145
3146 3.5 0.3146
3147 3.5 0.31470000000000004
3148 3.5 0.3148
3149 3.5 0.3149
3150 3.5 0.315
3151 3.5 0.3151
3152 3.5 0.31520000000000004
3153 3.5 0.3153
3154 3.5 0.3154
3155 3.5 0.3155
3156 3.5 0.3156
3157 3.5 0.31570000000000004
3158 3.5 0.3158
3159 3.5 0.3159
3160 3.5 0.316
3161 3.5 0.3161
3162 3.5 0.31620000000000004
3163 3.5 0.3163
3164 3.5 0.3164
3165 3.5 0.3165
3166 3.5 0.3166
3167 3.5 0.31670000000000004
3168 3.5 0.3168
3169 3.5 0.3169
3170 3.5 0.317
3171 3.5 0.3171
3172 3.5 0.31720000000000004
3173 3.5 0.3173
3174 3.5 0.3174
3175 3.5 0.3175
3176 3.5 0.3176
3177 3.5 0.31770000000000004
3178 3.5 0.3178
3179 3.5 0.3179
3180 3.5 0.318
3181 3.5 0.3181
3182 3.5 0.31820000000000004
3183 3.5 0.3183
3184 3.5 0.3184
3185 3.5 0.3185
3186 3.5 0.3186
3187 3.5 0.31870000000000004
3188 3.5 0.31880000000000003
3189 3.5 0.3189
3190 3.5 0.319
3191 3.5 0.3191
3192 3.5 0.31920000000000004
3193 3.5 0.31930000000000003
3194 3.5 0.3194
3195 3.5 0.3195
3196 3.5 0.3196
3197 3.5 0.31970000000000004
3198 3.5 0.31980000000000003
3199 3.5 0.3199
3200 3.5 0.32
3201 3.5 0.3201
3202 3.5 0.32020000000000004
3203 3.5 0.32030000000000003
3204 3.5 0.3204
3205 3.5 0.3205
3206 3.5 0.3206
3207 3.5 0.32070000000000004
3208 3.5 0.32080000000000003
3209 3.5 0.3209
3210 3.5 0.321
3211 3.5 0.3211
3212 3.5 0.32120000000000004
3213 3.5 0.32130000000000003
3214 3.5 0.3214
3215 3.5 0.3215
3216 3.5 0.3216
3217 3.5 0.32170000000000004
3218 3.5 0.32180000000000003
3219 3.5 0.3219
3220 3.5 0.322
3221 3.5 0.3221
3222 3.5 0.32220000000000004
3223 3.5 0.32230000000000003
3224 3.5 0.3224
3225 3.5 0.3225
3226 3.5 0.3226
3227 3.5 0.32270000000000004
3228 3.5 0.32280000000000003
3229 3.5 0.3229
3230 3.5 0.323
3231 3.5 0.3231
3232 3.5 0.32320000000000004
3233 3.5 0.32330000000000003
3234 3.5 0.3234
3235 3.5 0.3235
3236 3.5 0.3236
3237 3.5 0.32370000000000004
3238 3.5 0.32380000000000003
3239 3.5 0.3239
3240 3.5 0.324
3241 3.5 0.3241
3242 3.5 0.3242
3243 3.5 0.32430000000000003
3244 3.5 0.3244
3245 3.5 0.3245
3246 3.5 0.3246
3247 3.5 0.3247
3248 3.5 0.32480000000000003
3249 3.5 0.3249
3250 3.5 0.325
3251 3.5 0.3251
3252 3.5 0.3252
3253 3.5 0.32530000000000003
3254 3.5 0.3254
3255 3.5 0.3255
3256 3.5 0.3256
3257 3.5 0.3257
3258 3.5 0.32580000000000003
3259 3.5 0.3259
3260 3.5 0.326
3261 3.5 0.3261
3262 3.5 0.3262
3263 3.5 0.32630000000000003
3264 3.5 0.3264
3265 3.5 0.3265
3266 3.5 0.3266
3267 3.5 0.3267
3268 3.5 0.32680000000000003
3269 3.5 0.3269
3270 3.5 0.327
3271 3.5 0.3271
3272 3.5 0.3272
3273 3.5 0.32730000000000004
3274 3.5 0.3274
3275 3.5 0.3275
3276 3.5 0.3276
3277 3.5 0.3277
3278 3.5 0.32780000000000004
3279 3.5 0.3279
3280 3.5 0.328
3281 3.5 0.3281
3282 3.5 0.3282
3283 3.5 0.32830000000000004
3284 3.5 0.3284
3285 3.5 0.3285
3286 3.5 0.3286
3287 3.5 0.3287
3288 3.5 0.32880000000000004
3289 3.5 0.3289
3290 3.5 0.329
3291 3.5 0.3291
3292 3.5 0.3292
3293 3.5 0.32930000000000004
3294 3.5 0.3294
3295 3.5 0.3295
3296 3.5 0.3296
3297 3.5 0.3297
3298 3.5 0.32980000000000004
3299 3.5 0.3299
3300 3.5 0.33
3301 3.5 0.3301
3302 3.5 0.3302
3303 3.5 0.33030000000000004
3304 3.5 0.3304
3305 3.5 0.3305
3306 3.5 0.3306
3307 3.5 0.3307
3308 3.5 0.33080000000000004
3309 3.5 0.3309
3310 3.5 0.331
3311 3.5 0.3311
3312 3.5 0.3312
3313 3.5 0.33130000000000004
3314 3.5 0.33140000000000003
3315 3.5 0.3315
3316 3.5 0.3316
3317 3.5 0.3317
3318 3.5 0.33180000000000004
3319 3.5 0.33190000000000003
3320 3.5 0.332
3321 3.5 0.3321
3322 3.5 0.3322
3323 3.5 0.33230000000000004
3324 3.5 0.33240000000000003
3325 3.5 0.3325
3326 3.5 0.3326
3327 3.5 0.3327
3328 3.5 0.33280000000000004
3329 3.5 0.33290000000000003
3330 3.5 0.333
3331 3.5 0.3331
3332 3.5 0.3332
3333 3.5 0.33330000000000004
3334 3.5 0.33340000000000003
3335 3.5 0.3335
3336 3.5 0.3336
3337 3.5 0.3337
3338 3.5 0.33380000000000004
3339 3.5 0.33390000000000003
3340 3.5 0.334
3341 3.5 0.3341
3342 3.5 0.3342
3343 3.5 0.33430000000000004
3344 3.5 0.33440000000000003
3345 3.5 0.3345
3346 3.5 0.3346
3347 3.5 0.3347
3348 3.5 0.33480000000000004
3349 3.5 0.33490000000000003
3350 3.5 0.335
3351 3.5 0.3351
3352 3.5 0.3352
3353 3.5 0.33530000000000004
3354 3.5 0.33540000000000003
3355 3.5 0.3355
3356 3.5 0.3356
3357 3.5 0.3357
3358 3.5 0.33580000000000004
3359 3.5 0.33590000000000003
3360 3.5 0.336
3361 3.5 0.3361
3362 3.5 0.3362
3363 3.5 0.33630000000000004
3364 3.5 0.33640000000000003
3365 3.5 0.3365
3366 3.5 0.3366
3367 3.5 0.3367
3368 3.5 0.33680000000000004
3369 3.5 0.33690000000000003
3370 3.5 0.337
3371 3.5 0.3371
3372 3.5 0.3372
3373 3.5 0.3373
3374 3.5 0.33740000000000003
3375 3.5 0.3375
3376 3.5 0.3376
3377 3.5 0.3377
3378 3.5 0.3378
3379 3.5 0.33790000000000003
3380 3.5 0.338
3381 3.5 0.3381
3382 3.5 0.3382
3383 3.5 0.3383
3384 3.5 0.33840000000000003
3385 3.5 0.3385
3386 3.5 0.3386
3387 3.5 0.3387
3388 3.5 0.3388
3389 3.5 0.33890000000000003
3390 3.5 0.339
3391 3.5 0.3391
3392 3.5 0.3392
3393 3.5 0.3393
3394 3.5 0.33940000000000003
3395 3.5 0.3395
3396 3.5 0.3396
3397 3.5 0.3397
3398 3.5 0.3398
3399 3.5 0.33990000000000004
3400 3.5 0.34
3401 3.5 0.3401
3402 3.5 0.3402
3403 3.5 0.3403
3404 3.5 0.34040000000000004
3405 3.5 0.3405
3406 3.5 0.3406
3407 3.5 0.3407
3408 3.5 0.3408
3409 3.5 0.34090000000000004
3410 3.5 0.341
3411 3.5 0.3411
3412 3.5 0.3412
3413 3.5 0.3413
3414 3.5 0.34140000000000004
3415 3.5 0.3415
3416 3.5 0.3416
3417 3.5 0.3417
3418 3.5 0.3418
3419 3.5 0.34190000000000004
3420 3.5 0.342
3421 3.5 0.3421
3422 3.5 0.3422
3423 3.5 0.3423
3424 3.5 0.34240000000000004
3425 3.5 0.3425
3426 3.5 0.3426
3427 3.5 0.3427
3428 3.5 0.3428
3429 3.5 0.34290000000000004
3430 3.5 0.343
3431 3.5 0.3431
3432 3.5 0.3432
3433 3.5 0.3433
3434 3.5 0.34340000000000004
3435 3.5 0.3435
3436 3.5 0.3436
3437 3.5 0.3437
3438 3.5 0.3438
3439 3.5 0.34390000000000004
3440 3.5 0.34400000000000003
3441 3.5 0.3441
3442 3.5 0.3442
3443 3.5 0.3443
3444 3.5 0.34440000000000004
3445 3.5 0.34450000000000003
3446 3.5 0.3446
3447 3.5 0.3447
3448 3.5 0.3448
3449 3.5 0.34490000000000004
3450 3.5 0.34500000000000003
3451 3.5 0.3451
3452 3.5 0.3452
3453 3.5 0.3453
3454 3.5 0.34540000000000004
3455 3.5 0.34550000000000003
3456 3.5 0.3456
3457 3.5 0.3457
3458 3.5 0.3458
3459 3.5 0.34590000000000004
3460 3.5 0.34600000000000003
3461 3.5 0.3461
3462 3.5 0.3462
3463 3.5 0.3463
3464 3.5 0.34640000000000004
3465 3.5 0.34650000000000003
3466 3.5 0.3466
3467 3.5 0.3467
3468 3.5 0.3468
3469 3.5 0.34690000000000004
3470 3.5 0.34700000000000003
3471 3.5 0.3471
3472 3.5 0.3472
3473 3.5 0.3473
3474 3.5 0.34740000000000004
3475 3.5 0.34750000000000003
3476 3.5 0.3476
3477 3.5 0.3477
3478 3.5 0.3478
3479 3.5 0.34790000000000004
3480 3.5 0.34800000000000003
3481 3.5 0.3481
3482 3.5 0.3482
3483 3.5 0.3483
3484 3.5 0.34840000000000004
3485 3.5 0.34850000000000003
3486 3.5 0.3486
3487 3.5 0.3487
3488 3.5 0.3488
3489 3.5 0.34890000000000004
3490 3.5 0.34900000000000003
3491 3.5 0.3491
3492 3.5 0.3492
3493 3.5 0.3493
3494 3.5 0.34940000000000004
3495 3.5 0.34950000000000003
3496 3.5 0.3496
3497 3.5 0.3497
3498 3.5 0.3498
3499 3.5 0.34990000000000004
3500 3.5 0.35000000000000003
3501 3.5 0.3501
3502 3.5 0.3502
3503 3.5 0.3503
3504 3.5 0.3504
3505 3.5 0.35050000000000003
3506 3.5 0.3506
3507 3.5 0.3507
3508 3.5 0.3508
3509 3.5 0.3509
3510 3.5 0.35100000000000003
3511 3.5 0.3511
3512 3.5 0.3512
3513 3.5 0.3513
3514 3.5 0.3514
3515 3.5 0.35150000000000003
3516 3.5 0.3516
3517 3.5 0.3517
3518 3.5 0.3518
3519 3.5 0.3519
3520 3.5 0.35200000000000004
3521 3.5 0.3521
3522 3.5 0.3522
3523 3.5 0.3523
3524 3.5 0.3524
3525 3.5 0.35250000000000004
3526 3.5 0.3526
3527 3.5 0.3527
3528 3.5 0.3528
3529 3.5 0.3529
3530 3.5 0.35300000000000004
3531 3.5 0.3531
3532 3.5 0.3532
3533 3.5 0.3533
3534 3.5 0.3534
3535 3.5 0.35350000000000004
3536 3.5 0.3536
3537 3.5 0.3537
3538 3.5 0.3538
3539 3.5 0.3539
3540 3.5 0.35400000000000004
3541 3.5 0.3541
3542 3.5 0.3542
3543 3.5 0.3543
3544 3.5 0.3544
3545 3.5 0.35450000000000004
3546 3.5 0.3546
3547 3.5 0.3547
3548 3.5 0.3548
3549 3.5 0.3549
3550 3.5 0.35500000000000004
3551 3.5 0.3551
3552 3.5 0.3552
3553 3.5 0.3553
3554 3.5 0.3554
3555 3.5 0.35550000000000004
3556 3.5 0.3556
3557 3.5 0.3557
3558 3.5 0.3558
3559 3.5 0.3559
3560 3.5 0.35600000000000004
3561 3.5 0.3561
3562 3.5 0.3562
3563 3.5 0.3563
3564 3.5 0.3564
3565 3.5 0.35650000000000004
3566 3.5 0.35660000000000003
3567 3.5 0.3567
3568 3.5 0.3568
3569 3.5 0.3569
3570 3.5 0.35700000000000004
3571 3.5 0.35710000000000003
3572 3.5 0.3572
3573 3.5 0.3573
3574 3.5 0.3574
3575 3.5 0.35750000000000004
3576 3.5 0.35760000000000003
3577 3.5 0.3577
3578 3.5 0.3578
3579 3.5 0.3579
3580 3.5 0.35800000000000004
3581 3.5 0.35810000000000003
3582 3.5 0.3582
3583 3.5 0.3583
3584 3.5 0.3584
3585 3.5 0.35850000000000004
3586 3.5 0.35860000000000003
3587 3.5 0.3587
3588 3.5 0.3588
3589 3.5 0.3589
3590 3.5 0.35900000000000004
3591 3.5 0.35910000000000003
3592 3.5 0.3592
3593 3.5 0.3593
3594 3.5 0.3594
3595 3.5 0.35950000000000004
3596 3.5 0.35960000000000003
3597 3.5 0.3597
3598 3.5 0.3598
3599 3.5 0.3599
3600 3.5 0.36000000000000004
3601 3.5 0.36010000000000003
3602 3.5 0.3602
3603 3.5 0.3603
3604 3.5 0.3604
3605 3.5 0.36050000000000004
3606 3.5 0.36060000000000003
3607 3.5 0.3607
3608 3.5 0.3608
3609 3.5 0.3609
3610 3.5 0.36100000000000004
3611 3.5 0.36110000000000003
3612 3.5 0.3612
3613 3.5 0.3613
3614 3.5 0.3614
3615 3.5 0.36150000000000004
3616 3.5 0.36160000000000003
3617 3.5 0.3617
3618 3.5 0.3618
3619 3.5 0.3619
3620 3.5 0.36200000000000004
3621 3.5 0.36210000000000003
3622 3.5 0.3622
3623 3.5 0.3623
3624 3.5 0.3624
3625 3.5 0.36250000000000004
3626 3.5 0.36260000000000003
3627 3.5 0.3627
3628 3.5 0.3628
3629 3.5 0.3629
3630 3.5 0.36300000000000004
3631 3.5 0.36310000000000003
3632 3.5 0.3632
3633 3.5 0.3633
3634 3.5 0.3634
3635 3.5 0.3635
3636 3.5 0.36360000000000003
3637 3.5 0.3637
3638 3.5 0.3638
3639 3.5 0.3639
3640 3.5 0.364
3641 3.5 0.36410000000000003
3642 3.5 0.3642
3643 3.5 0.3643
3644 3.5 0.3644
3645 3.5 0.3645
3646 3.5 0.36460000000000004
3647 3.5 0.3647
3648 3.5 0.3648
3649 3.5 0.3649
3650 3.5 0.365
3651 3.5 0.36510000000000004
3652 3.5 0.3652
3653 3.5 0.3653
3654 3.5 0.3654
3655 3.5 0.3655
3656 3.5 0.36560000000000004
3657 3.5 0.3657
3658 3.5 0.3658
3659 3.5 0.3659
3660 3.5 0.366
3661 3.5 0.36610000000000004
3662 3.5 0.3662
3663 3.5 0.3663
3664 3.5 0.3664
3665 3.5 0.3665
3666 3.5 0.36660000000000004
3667 3.5 0.3667
3668 3.5 0.3668
3669 3.5 0.3669
3670 3.5 0.367
3671 3.5 0.36710000000000004
3672 3.5 0.3672
3673 3.5 0.3673
3674 3.5 0.3674
3675 3.5 0.3675
3676 3.5 0.36760000000000004
3677 3.5 0.3677
3678 3.5 0.3678
3679 3.5 0.3679
3680 3.5 0.368
3681 3.5 0.36810000000000004
3682 3.5 0.3682
3683 3.5 0.3683
3684 3.5 0.3684
3685 3.5 0.3685
3686 3.5 0.36860000000000004
3687 3.5 0.3687
3688 3.5 0.3688
3689 3.5 0.3689
3690 3.5 0.369
3691 3.5 0.36910000000000004
3692 3.5 0.36920000000000003
3693 3.5 0.3693
3694 3.5 0.3694
3695 3.5 0.3695
3696 3.5 0.36960000000000004
3697 3.5 0.36970000000000003
3698 3.5 0.3698
3699 3.5 0.3699
3700 3.5 0.37
3701 3.5 0.37010000000000004
3702 3.5 0.37020000000000003
3703 3.5 0.3703
3704 3.5 0.3704
3705 3.5 0.3705
3706 3.5 0.37060000000000004
3707 3.5 0.37070000000000003
3708 3.5 0.3708
3709 3.5 0.3709
3710 3.5 0.371
3711 3.5 0.37110000000000004
3712 3.5 0.37120000000000003
3713 3.5 0.3713
3714 3.5 0.3714
3715 3.5 0.3715
3716 3.5 0.37160000000000004
3717 3.5 0.37170000000000003
3718 3.5 0.3718
3719 3.5 0.3719
3720 3.5 0.372
3721 3.5 0.37210000000000004
3722 3.5 0.37220000000000003
3723 3.5 0.3723
3724 3.5 0.3724
3725 3.5 0.3725
3726 3.5 0.37260000000000004
3727 3.5 0.37270000000000003
3728 3.5 0.3728
3729 3.5 0.3729
3730 3.5 0.373
3731 3.5 0.37310000000000004
3732 3.5 0.37320000000000003
3733 3.5 0.3733
3734 3.5 0.3734
3735 3.5 0.3735
3736 3.5 0.37360000000000004
3737 3.5 0.37370000000000003
3738 3.5 0.3738
3739 3.5 0.3739
3740 3.5 0.374
3741 3.5 0.37410000000000004
3742 3.5 0.37420000000000003
3743 3.5 0.3743
3744 3.5 0.3744
3745 3.5 0.3745
3746 3.5 0.37460000000000004
3747 3.5 0.37470000000000003
3748 3.5 0.3748
3749 3.5 0.3749
3750 3.5 0.375
3751 3.5 0.37510000000000004
3752 3.5 0.37520000000000003
3753 3.5 0.3753
3754 3.5 0.3754
3755 3.5 0.3755
3756 3.5 0.37560000000000004
3757 3.5 0.37570000000000003
3758 3.5 0.3758
3759 3.5 0.3759
3760 3.5 0.376
3761 3.5 0.37610000000000005
3762 3.5 0.37620000000000003
3763 3.5 0.3763
3764 3.5 0.3764
3765 3.5 0.3765
3766 3.5 0.3766
3767 3.5 0.37670000000000003
3768 3.5 0.3768
3769 3.5 0.3769
3770 3.5 0.377
3771 3.5 0.3771
3772 3.5 0.37720000000000004
3773 3.5 0.3773
3774 3.5 0.3774
3775 3.5 0.3775
3776 3.5 0.3776
3777 3.5 0.37770000000000004
3778 3.5 0.3778
3779 3.5 0.3779
3780 3.5 0.378
3781 3.5 0.3781
3782 3.5 0.37820000000000004
3783 3.5 0.3783
3784 3.5 0.3784
3785 3.5 0.3785
3786 3.5 0.3786
3787 3.5 0.37870000000000004
3788 3.5 0.3788
3789 3.5 0.3789
3790 3.5 0.379
3791 3.5 0.3791
3792 3.5 0.37920000000000004
3793 3.5 0.3793
3794 3.5 0.3794
3795 3.5 0.3795
3796 3.5 0.3796
3797 3.5 0.37970000000000004
3798 3.5 0.3798
3799 3.5 0.3799
3800 3.5 0.38
3801 3.5 0.3801
3802 3.5 0.38020000000000004
3803 3.5 0.3803
3804 3.5 0.3804
3805 3.5 0.3805
3806 3.5 0.3806
3807 3.5 0.38070000000000004
3808 3.5 0.3808
3809 3.5 0.3809
3810 3.5 0.381
3811 3.5 0.3811
3812 3.5 0.38120000000000004
3813 3.5 0.38130000000000003
3814 3.5 0.3814
3815 3.5 0.3815
3816 3.5 0.3816
3817 3.5 0.38170000000000004
3818 3.5 0.38180000000000003
3819 3.5 0.3819
3820 3.5 0.382
3821 3.5 0.3821
3822 3.5 0.38220000000000004
3823 3.5 0.38230000000000003
3824 3.5 0.3824
3825 3.5 0.3825
3826 3.5 0.3826
3827 3.5 0.38270000000000004
3828 3.5 0.38280000000000003
3829 3.5 0.3829
3830 3.5 0.383
3831 3.5 0.3831
3832 3.5 0.38320000000000004
3833 3.5 0.38330000000000003
3834 3.5 0.3834
3835 3.5 0.3835
3836 3.5 0.3836
3837 3.5 0.38370000000000004
3838 3.5 0.38380000000000003
3839 3.5 0.3839
3840 3.5 0.384
3841 3.5 0.3841
3842 3.5 0.38420000000000004
3843 3.5 0.38430000000000003
3844 3.5 0.3844
3845 3.5 0.3845
3846 3.5 0.3846
3847 3.5 0.38470000000000004
3848 3.5 0.38480000000000003
3849 3.5 0.3849
3850 3.5 0.385
3851 3.5 0.3851
3852 3.5 0.38520000000000004
3853 3.5 0.38530000000000003
3854 3.5 0.3854
3855 3.5 0.3855
3856 3.5 0.3856
3857 3.5 0.38570000000000004
3858 3.5 0.38580000000000003
3859 3.5 0.3859
3860 3.5 0.386
3861 3.5 0.3861
3862 3.5 0.38620000000000004
3863 3.5 0.38630000000000003
3864 3.5 0.3864
3865 3.5 0.3865
3866 3.5 0.3866
3867 3.5 0.38670000000000004
3868 3.5 0.38680000000000003
3869 3.5 0.3869
3870 3.5 0.387
3871 3.5 0.3871
3872 3.5 0.38720000000000004
3873 3.5 0.38730000000000003
3874 3.5 0.3874
3875 3.5 0.3875
3876 3.5 0.3876
3877 3.5 0.38770000000000004
3878 3.5 0.38780000000000003
3879 3.5 0.3879
3880 3.5 0.388
3881 3.5 0.3881
3882 3.5 0.38820000000000005
3883 3.5 0.38830000000000003
3884 3.5 0.3884
3885 3.5 0.3885
3886 3.5 0.3886
3887 3.5 0.38870000000000005
3888 3.5 0.38880000000000003
3889 3.5 0.3889
3890 3.5 0.389
3891 3.5 0.3891
3892 3.5 0.38920000000000005
3893 3.5 0.38930000000000003
3894 3.5 0.3894
3895 3.5 0.3895
3896 3.5 0.3896
3897 3.5 0.38970000000000005
3898 3.5 0.38980000000000004
3899 3.5 0.3899
3900 3.5 0.39
3901 3.5 0.3901
3902 3.5 0.3902
3903 3.5 0.39030000000000004
3904 3.5 0.3904
3905 3.5 0.3905
3906 3.5 0.3906
3907 3.5 0.3907
3908 3.5 0.39080000000000004
3909 3.5 0.3909
3910 3.5 0.391
3911 3.5 0.3911
3912 3.5 0.3912
3913 3.5 0.39130000000000004
3914 3.5 0.3914
3915 3.5 0.3915
3916 3.5 0.3916
3917 3.5 0.3917
3918 3.5 0.39180000000000004
3919 3.5 0.3919
3920 3.5 0.392
3921 3.5 0.3921
3922 3.5 0.3922
3923 3.5 0.39230000000000004
3924 3.5 0.3924
3925 3.5 0.3925
3926 3.5 0.3926
3927 3.5 0.3927
3928 3.5 0.39280000000000004
3929 3.5 0.3929
3930 3.5 0.393
3931 3.5 0.3931
3932 3.5 0.3932
3933 3.5 0.39330000000000004
3934 3.5 0.3934
3935 3.5 0.3935
3936 3.5 0.3936
3937 3.5 0.3937
3938 3.5 0.39380000000000004
3939 3.5 0.39390000000000003
3940 3.5 0.394
3941 3.5 0.3941
3942 3.5 0.3942
3943 3.5 0.39430000000000004
3944 3.5 0.39440000000000003
3945 3.5 0.3945
3946 3.5 0.3946
3947 3.5 0.3947
3948 3.5 0.39480000000000004
3949 3.5 0.39490000000000003
3950 3.5 0.395
3951 3.5 0.3951
3952 3.5 0.3952
3953 3.5 0.39530000000000004
3954 3.5 0.39540000000000003
3955 3.5 0.3955
3956 3.5 0.3956
3957 3.5 0.3957
3958 3.5 0.39580000000000004
3959 3.5 0.39590000000000003
3960 3.5 0.396
3961 3.5 0.3961
3962 3.5 0.3962
3963 3.5 0.39630000000000004
3964 3.5 0.39640000000000003
3965 3.5 0.3965
3966 3.5 0.3966
3967 3.5 0.3967
3968 3.5 0.39680000000000004
3969 3.5 0.39690000000000003
3970 3.5 0.397
3971 3.5 0.3971
3972 3.5 0.3972
3973 3.5 0.39730000000000004
3974 3.5 0.39740000000000003
3975 3.5 0.3975
3976 3.5 0.3976
3977 3.5 0.3977
3978 3.5 0.39780000000000004
3979 3.5 0.39790000000000003
3980 3.5 0.398
3981 3.5 0.3981
3982 3.5 0.3982
3983 3.5 0.39830000000000004
3984 3.5 0.39840000000000003
3985 3.5 0.3985
3986 3.5 0.3986
3987 3.5 0.3987
3988 3.5 0.39880000000000004
3989 3.5 0.39890000000000003
3990 3.5 0.399
3991 3.5 0.3991
3992 3.5 0.3992
3993 3.5 0.39930000000000004
3994 3.5 0.39940000000000003
3995 3.5 0.3995
3996 3.5 0.3996
3997 3.5 0.3997
3998 3.5 0.39980000000000004
3999 3.5 0.39990000000000003
4000 3.5 0.4
4001 3.5 0.4001
4002 3.5 0.4002
4003 3.5 0.40030000000000004
4004 3.5 0.40040000000000003
4005 3.5 0.4005
4006 3.5 0.4006
4007 3.5 0.4007
4008 3.5 0.40080000000000005
4009 3.5 0.40090000000000003
4010 3.5 0.401
4011 3.5 0.4011
4012 3.5 0.4012
4013 3.5 0.40130000000000005
4014 3.5 0.40140000000000003
4015 3.5 0.4015
4016 3.5 0.4016
4017 3.5 0.4017
4018 3.5 0.40180000000000005
4019 3.5 0.40190000000000003
4020 3.5 0.402
4021 3.5 0.4021
4022 3.5 0.4022
4023 3.5 0.40230000000000005
4024 3.5 0.40240000000000004
4025 3.5 0.4025
4026 3.5 0.4026
4027 3.5 0.4027
4028 3.5 0.40280000000000005
4029 3.5 0.40290000000000004
4030 3.5 0.403
4031 3.5 0.4031
4032 3.5 0.4032
4033 3.5 0.4033
4034 3.5 0.40340000000000004
4035 3.5 0.4035
4036 3.5 0.4036
4037 3.5 0.4037
4038 3.5 0.4038
4039 3.5 0.40390000000000004
4040 3.5 0.404
4041 3.5 0.4041
4042 3.5 0.4042
4043 3.5 0.4043
4044 3.5 0.40440000000000004
4045 3.5 0.4045
4046 3.5 0.4046
4047 3.5 0.4047
4048 3.5 0.4048
4049 3.5 0.40490000000000004
4050 3.5 0.405
4051 3.5 0.4051
4052 3.5 0.4052
4053 3.5 0.4053
4054 3.5 0.40540000000000004
4055 3.5 0.4055
4056 3.5 0.4056
4057 3.5 0.4057
4058 3.5 0.4058
4059 3.5 0.40590000000000004
4060 3.5 0.406
4061 3.5 0.4061
4062 3.5 0.4062
4063 3.5 0.4063
4064 3.5 0.40640000000000004
4065 3.5 0.40650000000000003
4066 3.5 0.4066
4067 3.5 0.4067
4068 3.5 0.4068
4069 3.5 0.40690000000000004
4070 3.5 0.40700000000000003
4071 3.5 0.4071
4072 3.5 0.4072
4073 3.5 0.4073
4074 3.5 0.40740000000000004
4075 3.5 0.40750000000000003
4076 3.5 0.4076
4077 3.5 0.4077
4078 3.5 0.4078
4079 3.5 0.40790000000000004
4080 3.5 0.40800000000000003
4081 3.5 0.4081
4082 3.5 0.4082
4083 3.5 0.4083
4084 3.5 0.40840000000000004
4085 3.5 0.40850000000000003
4086 3.5 0.4086
4087 3.5 0.4087
4088 3.5 0.4088
4089 3.5 0.40890000000000004
4090 3.5 0.40900000000000003
4091 3.5 0.4091
4092 3.5 0.4092
4093 3.5 0.4093
4094 3.5 0.40940000000000004
4095 3.5 0.40950000000000003
4096 3.5 0.4096
4097 3.5 0.4097
4098 3.5 0.4098
4099 3.5 0.40990000000000004
4100 3.5 0.41000000000000003
4101 3.5 0.4101
4102 3.5 0.4102
4103 3.5 0.4103
4104 3.5 0.41040000000000004
4105 3.5 0.41050000000000003
4106 3.5 0.4106
4107 3.5 0.4107
4108 3.5 0.4108
4109 3.5 0.41090000000000004
4110 3.5 0.41100000000000003
4111 3.5 0.4111
4112 3.5 0.4112
4113 3.5 0.4113
4114 3.5 0.41140000000000004
4115 3.5 0.41150000000000003
4116 3.5 0.4116
4117 3.5 0.4117
4118 3.5 0.4118
4119 3.5 0.41190000000000004
4120 3.5 0.41200000000000003
4121 3.5 0.4121
4122 3.5 0.4122
4123 3.5 0.4123
4124 3.5 0.41240000000000004
4125 3.5 0.41250000000000003
4126 3.5 0.4126
4127 3.5 0.4127
4128 3.5 0.4128
4129 3.5 0.41290000000000004
4130 3.5 0.41300000000000003
4131 3.5 0.4131
4132 3.5 0.4132
4133 3.5 0.4133
4134 3.5 0.41340000000000005
4135 3.5 0.41350000000000003
4136 3.5 0.4136
4137 3.5 0.4137
4138 3.5 0.4138
4139 3.5 0.41390000000000005
4140 3.5 0.41400000000000003
4141 3.5 0.4141
4142 3.5 0.4142
4143 3.5 0.4143
4144 3.5 0.41440000000000005
4145 3.5 0.41450000000000004
4146 3.5 0.4146
4147 3.5 0.4147
4148 3.5 0.4148
4149 3.5 0.41490000000000005
4150 3.5 0.41500000000000004
4151 3.5 0.4151
4152 3.5 0.4152
4153 3.5 0.4153
4154 3.5 0.41540000000000005
4155 3.5 0.41550000000000004
4156 3.5 0.4156
4157 3.5 0.4157
4158 3.5 0.4158
4159 3.5 0.41590000000000005
4160 3.5 0.41600000000000004
4161 3.5 0.4161
4162 3.5 0.4162
4163 3.5 0.4163
4164 3.5 0.4164
4165 3.5 0.41650000000000004
4166 3.5 0.4166
4167 3.5 0.4167
4168 3.5 0.4168
4169 3.5 0.4169
4170 3.5 0.41700000000000004
4171 3.5 0.4171
4172 3.5 0.4172
4173 3.5 0.4173
4174 3.5 0.4174
4175 3.5 0.41750000000000004
4176 3.5 0.4176
4177 3.5 0.4177
4178 3.5 0.4178
4179 3.5 0.4179
4180 3.5 0.41800000000000004
4181 3.5 0.4181
4182 3.5 0.4182
4183 3.5 0.4183
4184 3.5 0.4184
4185 3.5 0.41850000000000004
4186 3.5 0.4186
4187 3.5 0.4187
4188 3.5 0.4188
4189 3.5 0.4189
4190 3.5 0.41900000000000004
4191 3.5 0.41910000000000003
4192 3.5 0.4192
4193 3.5 0.4193
4194 3.5 0.4194
4195 3.5 0.41950000000000004
4196 3.5 0.41960000000000003
4197 3.5 0.4197
4198 3.5 0.4198
4199 3.5 0.4199
4200 3.5 0.42000000000000004
4201 3.5 0.42010000000000003
4202 3.5 0.4202
4203 3.5 0.4203
4204 3.5 0.4204
4205 3.5 0.42050000000000004
4206 3.5 0.42060000000000003
4207 3.5 0.4207
4208 3.5 0.4208
4209 3.5 0.4209
4210 3.5 0.42100000000000004
4211 3.5 0.42110000000000003
4212 3.5 0.4212
4213 3.5 0.4213
4214 3.5 0.4214
4215 3.5 0.42150000000000004
4216 3.5 0.42160000000000003
4217 3.5 0.4217
4218 3.5 0.4218
4219 3.5 0.4219
4220 3.5 0.42200000000000004
4221 3.5 0.42210000000000003
4222 3.5 0.4222
4223 3.5 0.4223
4224 3.5 0.4224
4225 3.5 0.42250000000000004
4226 3.5 0.42260000000000003
4227 3.5 0.4227
4228 3.5 0.4228
4229 3.5 0.4229
4230 3.5 0.42300000000000004
4231 3.5 0.42310000000000003
4232 3.5 0.4232
4233 3.5 0.4233
4234 3.5 0.4234
4235 3.5 0.42350000000000004
4236 3.5 0.42360000000000003
4237 3.5 0.4237
4238 3.5 0.4238
4239 3.5 0.4239
4240 3.5 0.42400000000000004
4241 3.5 0.42410000000000003
4242 3.5 0.4242
4243 3.5 0.4243
4244 3.5 0.4244
4245 3.5 0.42450000000000004
4246 3.5 0.42460000000000003
4247 3.5 0.4247
4248 3.5 0.4248
4249 3.5 0.4249
4250 3.5 0.42500000000000004
4251 3.5 0.42510000000000003
4252 3.5 0.4252
4253 3.5 0.4253
4254 3.5 0.4254
4255 3.5 0.42550000000000004
4256 3.5 0.42560000000000003
4257 3.5 0.4257
4258 3.5 0.4258
4259 3.5 0.4259
4260 3.5 0.42600000000000005
4261 3.5 0.42610000000000003
4262 3.5 0.4262
4263 3.5 0.4263
4264 3.5 0.4264
4265 3.5 0.42650000000000005
4266 3.5 0.42660000000000003
4267 3.5 0.4267
4268 3.5 0.4268
4269 3.5 0.4269
4270 3.5 0.42700000000000005
4271 3.5 0.42710000000000004
4272 3.5 0.4272
4273 3.5 0.4273
4274 3.5 0.4274
4275 3.5 0.42750000000000005
4276 3.5 0.42760000000000004
4277 3.5 0.4277
4278 3.5 0.4278
4279 3.5 0.4279
4280 3.5 0.42800000000000005
4281 3.5 0.42810000000000004
4282 3.5 0.4282
4283 3.5 0.4283
4284 3.5 0.4284
4285 3.5 0.42850000000000005
4286 3.5 0.42860000000000004
4287 3.5 0.4287
4288 3.5 0.4288
4289 3.5 0.4289
4290 3.5 0.42900000000000005
4291 3.5 0.42910000000000004
4292 3.5 0.4292
4293 3.5 0.4293
4294 3.5 0.4294
4295 3.5 0.4295
4296 3.5 0.42960000000000004
4297 3.5 0.4297
4298 3.5 0.4298
4299 3.5 0.4299
4300 3.5 0.43
4301 3.5 0.43010000000000004
4302 3.5 0.4302
4303 3.5 0.4303
4304 3.5 0.4304
4305 3.5 0.4305
4306 3.5 0.43060000000000004
4307 3.5 0.4307
4308 3.5 0.4308
4309 3.5 0.4309
4310 3.5 0.431
4311 3.5 0.43110000000000004
4312 3.5 0.4312
4313 3.5 0.4313
4314 3.5 0.4314
4315 3.5 0.4315
4316 3.5 0.43160000000000004
4317 3.5 0.43170000000000003
4318 3.5 0.4318
4319 3.5 0.4319
4320 3.5 0.432
4321 3.5 0.43210000000000004
4322 3.5 0.43220000000000003
4323 3.5 0.4323
4324 3.5 0.4324
4325 3.5 0.4325
4326 3.5 0.43260000000000004
4327 3.5 0.43270000000000003
4328 3.5 0.4328
4329 3.5 0.4329
4330 3.5 0.433
4331 3.5 0.43310000000000004
4332 3.5 0.43320000000000003
4333 3.5 0.4333
4334 3.5 0.4334
4335 3.5 0.4335
4336 3.5 0.43360000000000004
4337 3.5 0.43370000000000003
4338 3.5 0.4338
4339 3.5 0.4339
4340 3.5 0.434
4341 3.5 0.43410000000000004
4342 3.5 0.43420000000000003
4343 3.5 0.4343
4344 3.5 0.4344
4345 3.5 0.4345
4346 3.5 0.43460000000000004
4347 3.5 0.43470000000000003
4348 3.5 0.4348
4349 3.5 0.4349
4350 3.5 0.435
4351 3.5 0.43510000000000004
4352 3.5 0.43520000000000003
4353 3.5 0.4353
4354 3.5 0.4354
4355 3.5 0.4355
4356 3.5 0.43560000000000004
4357 3.5 0.43570000000000003
4358 3.5 0.4358
4359 3.5 0.4359
4360 3.5 0.436
4361 3.5 0.43610000000000004
4362 3.5 0.43620000000000003
4363 3.5 0.4363
4364 3.5 0.4364
4365 3.5 0.4365
4366 3.5 0.43660000000000004
4367 3.5 0.43670000000000003
4368 3.5 0.4368
4369 3.5 0.4369
4370 3.5 0.437
4371 3.5 0.43710000000000004
4372 3.5 0.43720000000000003
4373 3.5 0.4373
4374 3.5 0.4374
4375 3.5 0.4375
4376 3.5 0.43760000000000004
4377 3.5 0.43770000000000003
4378 3.5 0.4378
4379 3.5 0.4379
4380 3.5 0.438
4381 3.5 0.43810000000000004
4382 3.5 0.43820000000000003
4383 3.5 0.4383
4384 3.5 0.4384
4385 3.5 0.4385
4386 3.5 0.43860000000000005
4387 3.5 0.43870000000000003
4388 3.5 0.4388
4389 3.5 0.4389
4390 3.5 0.439
4391 3.5 0.43910000000000005
4392 3.5 0.43920000000000003
4393 3.5 0.4393
4394 3.5 0.4394
4395 3.5 0.4395
4396 3.5 0.43960000000000005
4397 3.5 0.43970000000000004
4398 3.5 0.4398
4399 3.5 0.4399
4400 3.5 0.44
4401 3.5 0.44010000000000005
4402 3.5 0.44020000000000004
4403 3.5 0.4403
4404 3.5 0.4404
4405 3.5 0.4405
4406 3.5 0.44060000000000005
4407 3.5 0.44070000000000004
4408 3.5 0.4408
4409 3.5 0.4409
4410 3.5 0.441
4411 3.5 0.44110000000000005
4412 3.5 0.44120000000000004
4413 3.5 0.4413
4414 3.5 0.4414
4415 3.5 0.4415
4416 3.5 0.44160000000000005
4417 3.5 0.44170000000000004
4418 3.5 0.4418
4419 3.5 0.4419
4420 3.5 0.442
4421 3.5 0.44210000000000005
4422 3.5 0.44220000000000004
4423 3.5 0.4423
4424 3.5 0.4424
4425 3.5 0.4425
4426 3.5 0.44260000000000005
4427 3.5 0.44270000000000004
4428 3.5 0.4428
4429 3.5 0.4429
4430 3.5 0.443
4431 3.5 0.4431
4432 3.5 0.44320000000000004
4433 3.5 0.4433
4434 3.5 0.4434
4435 3.5 0.4435
4436 3.5 0.4436
4437 3.5 0.44370000000000004
4438 3.5 0.44380000000000003
4439 3.5 0.4439
4440 3.5 0.444
4441 3.5 0.4441
4442 3.5 0.44420000000000004
4443 3.5 0.44430000000000003
4444 3.5 0.4444
4445 3.5 0.4445
4446 3.5 0.4446
4447 3.5 0.44470000000000004
4448 3.5 0.44480000000000003
4449 3.5 0.4449
4450 3.5 0.445
4451 3.5 0.4451
4452 3.5 0.44520000000000004
4453 3.5 0.44530000000000003
4454 3.5 0.4454
4455 3.5 0.4455
4456 3.5 0.4456
4457 3.5 0.44570000000000004
4458 3.5 0.44580000000000003
4459 3.5 0.4459
4460 3.5 0.446
4461 3.5 0.4461
4462 3.5 0.44620000000000004
4463 3.5 0.44630000000000003
4464 3.5 0.4464
4465 3.5 0.4465
4466 3.5 0.4466
4467 3.5 0.44670000000000004
4468 3.5 0.44680000000000003
4469 3.5 0.4469
4470 3.5 0.447
4471 3.5 0.4471
4472 3.5 0.44720000000000004
4473 3.5 0.44730000000000003
4474 3.5 0.4474
4475 3.5 0.4475
4476 3.5 0.4476
4477 3.5 0.44770000000000004
4478 3.5 0.44780000000000003
4479 3.5 0.4479
4480 3.5 0.448
4481 3.5 0.4481
4482 3.5 0.44820000000000004
4483 3.5 0.44830000000000003
4484 3.5 0.4484
4485 3.5 0.4485
4486 3.5 0.4486
4487 3.5 0.44870000000000004
4488 3.5 0.44880000000000003
4489 3.5 0.4489
4490 3.5 0.449
4491 3.5 0.4491
4492 3.5 0.44920000000000004
4493 3.5 0.44930000000000003
4494 3.5 0.4494
4495 3.5 0.4495
4496 3.5 0.4496
4497 3.5 0.44970000000000004
4498 3.5 0.44980000000000003
4499 3.5 0.4499
4500 3.5 0.45
4501 3.5 0.4501
4502 3.5 0.45020000000000004
4503 3.5 0.45030000000000003
4504 3.5 0.4504
4505 3.5 0.4505
4506 3.5 0.4506
4507 3.5 0.45070000000000005
4508 3.5 0.45080000000000003
4509 3.5 0.4509
4510 3.5 0.451
4511 3.5 0.4511
4512 3.5 0.45120000000000005
4513 3.5 0.45130000000000003
4514 3.5 0.4514
4515 3.5 0.4515
4516 3.5 0.4516
4517 3.5 0.45170000000000005
4518 3.5 0.45180000000000003
4519 3.5 0.4519
4520 3.5 0.452
4521 3.5 0.4521
4522 3.5 0.45220000000000005
4523 3.5 0.45230000000000004
4524 3.5 0.4524
4525 3.5 0.4525
4526 3.5 0.4526
4527 3.5 0.45270000000000005
4528 3.5 0.45280000000000004
4529 3.5 0.4529
4530 3.5 0.453
4531 3.5 0.4531
4532 3.5 0.45320000000000005
4533 3.5 0.45330000000000004
4534 3.5 0.4534
4535 3.5 0.4535
4536 3.5 0.4536
4537 3.5 0.45370000000000005
4538 3.5 0.45380000000000004
4539 3.5 0.4539
4540 3.5 0.454
4541 3.5 0.4541
4542 3.5 0.45420000000000005
4543 3.5 0.45430000000000004
4544 3.5 0.4544
4545 3.5 0.4545
4546 3.5 0.4546
4547 3.5 0.45470000000000005
4548 3.5 0.45480000000000004
4549 3.5 0.4549
4550 3.5 0.455
4551 3.5 0.4551
4552 3.5 0.45520000000000005
4553 3.5 0.45530000000000004
4554 3.5 0.4554
4555 3.5 0.4555
4556 3.5 0.4556
4557 3.5 0.45570000000000005
4558 3.5 0.45580000000000004
4559 3.5 0.4559
4560 3.5 0.456
4561 3.5 0.4561
4562 3.5 0.4562
4563 3.5 0.45630000000000004
4564 3.5 0.45640000000000003
4565 3.5 0.4565
4566 3.5 0.4566
4567 3.5 0.4567
4568 3.5 0.45680000000000004
4569 3.5 0.45690000000000003
4570 3.5 0.457
4571 3.5 0.4571
4572 3.5 0.4572
4573 3.5 0.45730000000000004
4574 3.5 0.45740000000000003
4575 3.5 0.4575
4576 3.5 0.4576
4577 3.5 0.4577
4578 3.5 0.45780000000000004
4579 3.5 0.45790000000000003
4580 3.5 0.458
4581 3.5 0.4581
4582 3.5 0.4582
4583 3.5 0.45830000000000004
4584 3.5 0.45840000000000003
4585 3.5 0.4585
4586 3.5 0.4586
4587 3.5 0.4587
4588 3.5 0.45880000000000004
4589 3.5 0.45890000000000003
4590 3.5 0.459
4591 3.5 0.4591
4592 3.5 0.4592
4593 3.5 0.45930000000000004
4594 3.5 0.45940000000000003
4595 3.5 0.4595
4596 3.5 0.4596
4597 3.5 0.4597
4598 3.5 0.45980000000000004
4599 3.5 0.45990000000000003
4600 3.5 0.46
4601 3.5 0.4601
4602 3.5 0.4602
4603 3.5 0.46030000000000004
4604 3.5 0.46040000000000003
4605 3.5 0.4605
4606 3.5 0.4606
4607 3.5 0.4607
4608 3.5 0.46080000000000004
4609 3.5 0.46090000000000003
4610 3.5 0.461
4611 3.5 0.4611
4612 3.5 0.4612
4613 3.5 0.46130000000000004
4614 3.5 0.46140000000000003
4615 3.5 0.4615
4616 3.5 0.4616
4617 3.5 0.4617
4618 3.5 0.46180000000000004
4619 3.5 0.46190000000000003
4620 3.5 0.462
4621 3.5 0.4621
4622 3.5 0.4622
4623 3.5 0.46230000000000004
4624 3.5 0.46240000000000003
4625 3.5 0.4625
4626 3.5 0.4626
4627 3.5 0.4627
4628 3.5 0.46280000000000004
4629 3.5 0.46290000000000003
4630 3.5 0.463
4631 3.5 0.4631
4632 3.5 0.4632
4633 3.5 0.46330000000000005
4634 3.5 0.46340000000000003
4635 3.5 0.4635
4636 3.5 0.4636
4637 3.5 0.4637
4638 3.5 0.46380000000000005
4639 3.5 0.46390000000000003
4640 3.5 0.464
4641 3.5 0.4641
4642 3.5 0.4642
4643 3.5 0.46430000000000005
4644 3.5 0.46440000000000003
4645 3.5 0.4645
4646 3.5 0.4646
4647 3.5 0.4647
4648 3.5 0.46480000000000005
4649 3.5 0.46490000000000004
4650 3.5 0.465
4651 3.5 0.4651
4652 3.5 0.4652
4653 3.5 0.46530000000000005
4654 3.5 0.46540000000000004
4655 3.5 0.4655
4656 3.5 0.4656
4657 3.5 0.4657
4658 3.5 0.46580000000000005
4659 3.5 0.46590000000000004
4660 3.5 0.466
4661 3.5 0.4661
4662 3.5 0.4662
4663 3.5 0.46630000000000005
4664 3.5 0.46640000000000004
4665 3.5 0.4665
4666 3.5 0.4666
4667 3.5 0.4667
4668 3.5 0.46680000000000005
4669 3.5 0.46690000000000004
4670 3.5 0.467
4671 3.5 0.4671
4672 3.5 0.4672
4673 3.5 0.46730000000000005
4674 3.5 0.46740000000000004
4675 3.5 0.4675
4676 3.5 0.4676
4677 3.5 0.4677
4678 3.5 0.46780000000000005
4679 3.5 0.46790000000000004
4680 3.5 0.468
4681 3.5 0.4681
4682 3.5 0.4682
4683 3.5 0.46830000000000005
4684 3.5 0.46840000000000004
4685 3.5 0.4685
4686 3.5 0.4686
4687 3.5 0.4687
4688 3.5 0.46880000000000005
4689 3.5 0.46890000000000004
4690 3.5 0.46900000000000003
4691 3.5 0.4691
4692 3.5 0.4692
4693 3.5 0.4693
4694 3.5 0.46940000000000004
4695 3.5 0.46950000000000003
4696 3.5 0.4696
4697 3.5 0.4697
4698 3.5 0.4698
4699 3.5 0.46990000000000004
4700 3.5 0.47000000000000003
4701 3.5 0.4701
4702 3.5 0.4702
4703 3.5 0.4703
4704 3.5 0.47040000000000004
4705 3.5 0.47050000000000003
4706 3.5 0.4706
4707 3.5 0.4707
4708 3.5 0.4708
4709 3.5 0.47090000000000004
4710 3.5 0.47100000000000003
4711 3.5 0.4711
4712 3.5 0.4712
4713 3.5 0.4713
4714 3.5 0.47140000000000004
4715 3.5 0.47150000000000003
4716 3.5 0.4716
4717 3.5 0.4717
4718 3.5 0.4718
4719 3.5 0.47190000000000004
4720 3.5 0.47200000000000003
4721 3.5 0.4721
4722 3.5 0.4722
4723 3.5 0.4723
4724 3.5 0.47240000000000004
4725 3.5 0.47250000000000003
4726 3.5 0.4726
4727 3.5 0.4727
4728 3.5 0.4728
4729 3.5 0.47290000000000004
4730 3.5 0.47300000000000003
4731 3.5 0.4731
4732 3.5 0.4732
4733 3.5 0.4733
4734 3.5 0.47340000000000004
4735 3.5 0.47350000000000003
4736 3.5 0.4736
4737 3.5 0.4737
4738 3.5 0.4738
4739 3.5 0.47390000000000004
4740 3.5 0.47400000000000003
4741 3.5 0.4741
4742 3.5 0.4742
4743 3.5 0.4743
4744 3.5 0.47440000000000004
4745 3.5 0.47450000000000003
4746 3.5 0.4746
4747 3.5 0.4747
4748 3.5 0.4748
4749 3.5 0.47490000000000004
4750 3.5 0.47500000000000003
4751 3.5 0.4751
4752 3.5 0.4752
4753 3.5 0.4753
4754 3.5 0.47540000000000004
4755 3.5 0.47550000000000003
4756 3.5 0.4756
4757 3.5 0.4757
4758 3.5 0.4758
4759 3.5 0.47590000000000005
4760 3.5 0.47600000000000003
4761 3.5 0.4761
4762 3.5 0.4762
4763 3.5 0.4763
4764 3.5 0.47640000000000005
4765 3.5 0.47650000000000003
4766 3.5 0.4766
4767 3.5 0.4767
4768 3.5 0.4768
4769 3.5 0.47690000000000005
4770 3.5 0.47700000000000004
4771 3.5 0.4771
4772 3.5 0.4772
4773 3.5 0.4773
4774 3.5 0.47740000000000005
4775 3.5 0.47750000000000004
4776 3.5 0.4776
4777 3.5 0.4777
4778 3.5 0.4778
4779 3.5 0.47790000000000005
4780 3.5 0.47800000000000004
4781 3.5 0.4781
4782 3.5 0.4782
4783 3.5 0.4783
4784 3.5 0.47840000000000005
4785 3.5 0.47850000000000004
4786 3.5 0.4786
4787 3.5 0.4787
4788 3.5 0.4788
4789 3.5 0.47890000000000005
4790 3.5 0.47900000000000004
4791 3.5 0.4791
4792 3.5 0.4792
4793 3.5 0.4793
4794 3.5 0.47940000000000005
4795 3.5 0.47950000000000004
4796 3.5 0.4796
4797 3.5 0.4797
4798 3.5 0.4798
4799 3.5 0.47990000000000005
4800 3.5 0.48000000000000004
4801 3.5 0.4801
4802 3.5 0.4802
4803 3.5 0.4803
4804 3.5 0.48040000000000005
4805 3.5 0.48050000000000004
4806 3.5 0.4806
4807 3.5 0.4807
4808 3.5 0.4808
4809 3.5 0.48090000000000005
4810 3.5 0.48100000000000004
4811 3.5 0.4811
4812 3.5 0.4812
4813 3.5 0.4813
4814 3.5 0.48140000000000005
4815 3.5 0.48150000000000004
4816 3.5 0.48160000000000003
4817 3.5 0.4817
4818 3.5 0.4818
4819 3.5 0.48190000000000005
4820 3.5 0.48200000000000004
4821 3.5 0.48210000000000003
4822 3.5 0.4822
4823 3.5 0.4823
4824 3.5 0.4824
4825 3.5 0.48250000000000004
4826 3.5 0.48260000000000003
4827 3.5 0.4827
4828 3.5 0.4828
4829 3.5 0.4829
4830 3.5 0.48300000000000004
4831 3.5 0.48310000000000003
4832 3.5 0.4832
4833 3.5 0.4833
4834 3.5 0.4834
4835 3.5 0.48350000000000004
4836 3.5 0.48360000000000003
4837 3.5 0.4837
4838 3.5 0.4838
4839 3.5 0.4839
4840 3.5 0.48400000000000004
4841 3.5 0.48410000000000003
4842 3.5 0.4842
4843 3.5 0.4843
4844 3.5 0.4844
4845 3.5 0.48450000000000004
4846 3.5 0.48460000000000003
4847 3.5 0.4847
4848 3.5 0.4848
4849 3.5 0.4849
4850 3.5 0.48500000000000004
4851 3.5 0.48510000000000003
4852 3.5 0.4852
4853 3.5 0.4853
4854 3.5 0.4854
4855 3.5 0.48550000000000004
4856 3.5 0.48560000000000003
4857 3.5 0.4857
4858 3.5 0.4858
4859 3.5 0.4859
4860 3.5 0.48600000000000004
4861 3.5 0.48610000000000003
4862 3.5 0.4862
4863 3.5 0.4863
4864 3.5 0.4864
4865 3.5 0.48650000000000004
4866 3.5 0.48660000000000003
4867 3.5 0.4867
4868 3.5 0.4868
4869 3.5 0.4869
4870 3.5 0.48700000000000004
4871 3.5 0.48710000000000003
4872 3.5 0.4872
4873 3.5 0.4873
4874 3.5 0.4874
4875 3.5 0.48750000000000004
4876 3.5 0.48760000000000003
4877 3.5 0.4877
4878 3.5 0.4878
4879 3.5 0.4879
4880 3.5 0.48800000000000004
4881 3.5 0.48810000000000003
4882 3.5 0.4882
4883 3.5 0.4883
4884 3.5 0.4884
4885 3.5 0.48850000000000005
4886 3.5 0.48860000000000003
4887 3.5 0.4887
4888 3.5 0.4888
4889 3.5 0.4889
4890 3.5 0.48900000000000005
4891 3.5 0.48910000000000003
4892 3.5 0.4892
4893 3.5 0.4893
4894 3.5 0.4894
4895 3.5 0.48950000000000005
4896 3.5 0.48960000000000004
4897 3.5 0.4897
4898 3.5 0.4898
4899 3.5 0.4899
4900 3.5 0.49000000000000005
4901 3.5 0.49010000000000004
4902 3.5 0.4902
4903 3.5 0.4903
4904 3.5 0.4904
4905 3.5 0.49050000000000005
4906 3.5 0.49060000000000004
4907 3.5 0.4907
4908 3.5 0.4908
4909 3.5 0.4909
4910 3.5 0.49100000000000005
4911 3.5 0.49110000000000004
4912 3.5 0.4912
4913 3.5 0.4913
4914 3.5 0.4914
4915 3.5 0.49150000000000005
4916 3.5 0.49160000000000004
4917 3.5 0.4917
4918 3.5 0.4918
4919 3.5 0.4919
4920 3.5 0.49200000000000005
4921 3.5 0.49210000000000004
4922 3.5 0.4922
4923 3.5 0.4923
4924 3.5 0.4924
4925 3.5 0.49250000000000005
4926 3.5 0.49260000000000004
4927 3.5 0.4927
4928 3.5 0.4928
4929 3.5 0.4929
4930 3.5 0.49300000000000005
4931 3.5 0.49310000000000004
4932 3.5 0.4932
4933 3.5 0.4933
4934 3.5 0.4934
4935 3.5 0.49350000000000005
4936 3.5 0.49360000000000004
4937 3.5 0.4937
4938 3.5 0.4938
4939 3.5 0.4939
4940 3.5 0.49400000000000005
4941 3.5 0.49410000000000004
4942 3.5 0.49420000000000003
4943 3.5 0.4943
4944 3.5 0.4944
4945 3.5 0.49450000000000005
4946 3.5 0.49460000000000004
4947 3.5 0.49470000000000003
4948 3.5 0.4948
4949 3.5 0.4949
4950 3.5 0.49500000000000005
4951 3.5 0.49510000000000004
4952 3.5 0.49520000000000003
4953 3.5 0.4953
4954 3.5 0.4954
4955 3.5 0.4955
4956 3.5 0.49560000000000004
4957 3.5 0.49570000000000003
4958 3.5 0.4958
4959 3.5 0.4959
4960 3.5 0.496
4961 3.5 0.49610000000000004
4962 3.5 0.49620000000000003
4963 3.5 0.4963
4964 3.5 0.4964
4965 3.5 0.4965
4966 3.5 0.49660000000000004
4967 3.5 0.49670000000000003
4968 3.5 0.4968
4969 3.5 0.4969
4970 3.5 0.497
4971 3.5 0.49710000000000004
4972 3.5 0.49720000000000003
4973 3.5 0.4973
4974 3.5 0.4974
4975 3.5 0.4975
4976 3.5 0.49760000000000004
4977 3.5 0.49770000000000003
4978 3.5 0.4978
4979 3.5 0.4979
4980 3.5 0.498
4981 3.5 0.49810000000000004
4982 3.5 0.49820000000000003
4983 3.5 0.4983
4984 3.5 0.4984
4985 3.5 0.4985
4986 3.5 0.49860000000000004
4987 3.5 0.49870000000000003
4988 3.5 0.4988
4989 3.5 0.4989
4990 3.5 0.499
4991 3.5 0.49910000000000004
4992 3.5 0.49920000000000003
4993 3.5 0.4993
4994 3.5 0.4994
4995 3.5 0.4995
4996 3.5 0.49960000000000004
4997 3.5 0.49970000000000003
4998 3.5 0.4998
4999 3.5 0.4999
5000 3.5 0.5
5001 3.5 0.5001
5002 3.5 0.5002
5003 3.5 0.5003000000000001
5004 3.5 0.5004000000000001
5005 3.5 0.5005000000000001
5006 3.5 0.5006
5007 3.5 0.5007
5008 3.5 0.5008
5009 3.5 0.5009
5010 3.5 0.501
5011 3.5 0.5011
5012 3.5 0.5012
5013 3.5 0.5013000000000001
5014 3.5 0.5014000000000001
5015 3.5 0.5015000000000001
5016 3.5 0.5016
5017 3.5 0.5017
5018 3.5 0.5018
5019 3.5 0.5019
5020 3.5 0.502
5021 3.5 0.5021
5022 3.5 0.5022
5023 3.5 0.5023
5024 3.5 0.5024000000000001
5025 3.5 0.5025000000000001
5026 3.5 0.5026
5027 3.5 0.5027
5028 3.5 0.5028
5029 3.5 0.5029
5030 3.5 0.503
5031 3.5 0.5031
5032 3.5 0.5032
5033 3.5 0.5033
5034 3.5 0.5034000000000001
5035 3.5 0.5035000000000001
5036 3.5 0.5036
5037 3.5 0.5037
5038 3.5 0.5038
5039 3.5 0.5039
5040 3.5 0.504
5041 3.5 0.5041
5042 3.5 0.5042
5043 3.5 0.5043
5044 3.5 0.5044000000000001
5045 3.5 0.5045000000000001
5046 3.5 0.5046
5047 3.5 0.5047
5048 3.5 0.5048
5049 3.5 0.5049
5050 3.5 0.505
5051 3.5 0.5051
5052 3.5 0.5052
5053 3.5 0.5053
5054 3.5 0.5054000000000001
5055 3.5 0.5055000000000001
5056 3.5 0.5056
5057 3.5 0.5057
5058 3.5 0.5058
5059 3.5 0.5059
5060 3.5 0.506
5061 3.5 0.5061
5062 3.5 0.5062
5063 3.5 0.5063
5064 3.5 0.5064000000000001
5065 3.5 0.5065000000000001
5066 3.5 0.5066
5067 3.5 0.5067
5068 3.5 0.5068
5069 3.5 0.5069
5070 3.5 0.507
5071 3.5 0.5071
5072 3.5 0.5072
5073 3.5 0.5073
5074 3.5 0.5074000000000001
5075 3.5 0.5075000000000001
5076 3.5 0.5076
5077 3.5 0.5077
5078 3.5 0.5078
5079 3.5 0.5079
5080 3.5 0.508
5081 3.5 0.5081
5082 3.5 0.5082
5083 3.5 0.5083
5084 3.5 0.5084000000000001
5085 3.5 0.5085000000000001
5086 3.5 0.5086
5087 3.5 0.5087
5088 3.5 0.5088
5089 3.5 0.5089
5090 3.5 0.509
5091 3.5 0.5091
5092 3.5 0.5092
5093 3.5 0.5093
5094 3.5 0.5094000000000001
5095 3.5 0.5095000000000001
5096 3.5 0.5096
5097 3.5 0.5097
5098 3.5 0.5098
5099 3.5 0.5099
5100 3.5 0.51
5101 3.5 0.5101
5102 3.5 0.5102
5103 3.5 0.5103
5104 3.5 0.5104000000000001
5105 3.5 0.5105000000000001
5106 3.5 0.5106
5107 3.5 0.5107
5108 3.5 0.5108
5109 3.5 0.5109
5110 3.5 0.511
5111 3.5 0.5111
5112 3.5 0.5112
5113 3.5 0.5113
5114 3.5 0.5114000000000001
5115 3.5 0.5115000000000001
5116 3.5 0.5116
5117 3.5 0.5117
5118 3.5 0.5118
5119 3.5 0.5119
5120 3.5 0.512
5121 3.5 0.5121
5122 3.5 0.5122
5123 3.5 0.5123
5124 3.5 0.5124000000000001
5125 3.5 0.5125000000000001
5126 3.5 0.5126000000000001
5127 3.5 0.5127
5128 3.5 0.5128
5129 3.5 0.5129
5130 3.5 0.513
5131 3.5 0.5131
5132 3.5 0.5132
5133 3.5 0.5133
5134 3.5 0.5134000000000001
5135 3.5 0.5135000000000001
5136 3.5 0.5136000000000001
5137 3.5 0.5137
5138 3.5 0.5138
5139 3.5 0.5139
5140 3.5 0.514
5141 3.5 0.5141
5142 3.5 0.5142
5143 3.5 0.5143
5144 3.5 0.5144000000000001
5145 3.5 0.5145000000000001
5146 3.5 0.5146000000000001
5147 3.5 0.5147
5148 3.5 0.5148
5149 3.5 0.5149
5150 3.5 0.515
5151 3.5 0.5151
5152 3.5 0.5152
5153 3.5 0.5153
5154 3.5 0.5154
5155 3.5 0.5155000000000001
5156 3.5 0.5156000000000001
5157 3.5 0.5157
5158 3.5 0.5158
5159 3.5 0.5159
5160 3.5 0.516
5161 3.5 0.5161
5162 3.5 0.5162
5163 3.5 0.5163
5164 3.5 0.5164
5165 3.5 0.5165000000000001
5166 3.5 0.5166000000000001
5167 3.5 0.5167
5168 3.5 0.5168
5169 3.5 0.5169
5170 3.5 0.517
5171 3.5 0.5171
5172 3.5 0.5172
5173 3.5 0.5173
5174 3.5 0.5174
5175 3.5 0.5175000000000001
5176 3.5 0.5176000000000001
5177 3.5 0.5177
5178 3.5 0.5178
5179 3.5 0.5179
5180 3.5 0.518
5181 3.5 0.5181
5182 3.5 0.5182
5183 3.5 0.5183
5184 3.5 0.5184
5185 3.5 0.5185000000000001
5186 3.5 0.5186000000000001
5187 3.5 0.5187
5188 3.5 0.5188
5189 3.5 0.5189
5190 3.5 0.519
5191 3.5 0.5191
5192 3.5 0.5192
5193 3.5 0.5193
5194 3.5 0.5194
5195 3.5 0.5195000000000001
5196 3.5 0.5196000000000001
5197 3.5 0.5197
5198 3.5 0.5198
5199 3.5 0.5199
5200 3.5 0.52
5201 3.5 0.5201
5202 3.5 0.5202
5203 3.5 0.5203
5204 3.5 0.5204
5205 3.5 0.5205000000000001
5206 3.5 0.5206000000000001
5207 3.5 0.5207
5208 3.5 0.5208
5209 3.5 0.5209
5210 3.5 0.521
5211 3.5 0.5211
5212 3.5 0.5212
5213 3.5 0.5213
5214 3.5 0.5214
5215 3.5 0.5215000000000001
5216 3.5 0.5216000000000001
5217 3.5 0.5217
5218 3.5 0.5218
5219 3.5 0.5219
5220 3.5 0.522
5221 3.5 0.5221
5222 3.5 0.5222
5223 3.5 0.5223
5224 3.5 0.5224
5225 3.5 0.5225000000000001
5226 3.5 0.5226000000000001
5227 3.5 0.5227
5228 3.5 0.5228
5229 3.5 0.5229
5230 3.5 0.523
5231 3.5 0.5231
5232 3.5 0.5232
5233 3.5 0.5233
5234 3.5 0.5234
5235 3.5 0.5235000000000001
5236 3.5 0.5236000000000001
5237 3.5 0.5237
5238 3.5 0.5238
5239 3.5 0.5239
5240 3.5 0.524
5241 3.5 0.5241
5242 3.5 0.5242
5243 3.5 0.5243
5244 3.5 0.5244
5245 3.5 0.5245000000000001
5246 3.5 0.5246000000000001
5247 3.5 0.5247
5248 3.5 0.5248
5249 3.5 0.5249
5250 3.5 0.525
5251 3.5 0.5251
5252 3.5 0.5252
5253 3.5 0.5253
5254 3.5 0.5254
5255 3.5 0.5255000000000001
5256 3.5 0.5256000000000001
5257 3.5 0.5257000000000001
5258 3.5 0.5258
5259 3.5 0.5259
5260 3.5 0.526
5261 3.5 0.5261
5262 3.5 0.5262
5263 3.5 0.5263
5264 3.5 0.5264
5265 3.5 0.5265000000000001
5266 3.5 0.5266000000000001
5267 3.5 0.5267000000000001
5268 3.5 0.5268
5269 3.5 0.5269
5270 3.5 0.527
5271 3.5 0.5271
5272 3.5 0.5272
5273 3.5 0.5273
5274 3.5 0.5274
5275 3.5 0.5275000000000001
5276 3.5 0.5276000000000001
5277 3.5 0.5277000000000001
5278 3.5 0.5278
5279 3.5 0.5279
5280 3.5 0.528
5281 3.5 0.5281
5282 3.5 0.5282
5283 3.5 0.5283
5284 3.5 0.5284
5285 3.5 0.5285000000000001
5286 3.5 0.5286000000000001
5287 3.5 0.5287000000000001
5288 3.5 0.5288
5289 3.5 0.5289
5290 3.5 0.529
5291 3.5 0.5291
5292 3.5 0.5292
5293 3.5 0.5293
5294 3.5 0.5294
5295 3.5 0.5295
5296 3.5 0.5296000000000001
5297 3.5 0.5297000000000001
5298 3.5 0.5298
5299 3.5 0.5299
5300 3.5 0.53
5301 3.5 0.5301
5302 3.5 0.5302
5303 3.5 0.5303
5304 3.5 0.5304
5305 3.5 0.5305
5306 3.5 0.5306000000000001
5307 3.5 0.5307000000000001
5308 3.5 0.5308
5309 3.5 0.5309
5310 3.5 0.531
5311 3.5 0.5311
5312 3.5 0.5312
5313 3.5 0.5313
5314 3.5 0.5314
5315 3.5 0.5315
5316 3.5 0.5316000000000001
5317 3.5 0.5317000000000001
5318 3.5 0.5318
5319 3.5 0.5319
5320 3.5 0.532
5321 3.5 0.5321
5322 3.5 0.5322
5323 3.5 0.5323
5324 3.5 0.5324
5325 3.5 0.5325
5326 3.5 0.5326000000000001
5327 3.5 0.5327000000000001
5328 3.5 0.5328
5329 3.5 0.5329
5330 3.5 0.533
5331 3.5 0.5331
5332 3.5 0.5332
5333 3.5 0.5333
5334 3.5 0.5334
5335 3.5 0.5335
5336 3.5 0.5336000000000001
5337 3.5 0.5337000000000001
5338 3.5 0.5338
5339 3.5 0.5339
5340 3.5 0.534
5341 3.5 0.5341
5342 3.5 0.5342
5343 3.5 0.5343
5344 3.5 0.5344
5345 3.5 0.5345
5346 3.5 0.5346000000000001
5347 3.5 0.5347000000000001
5348 3.5 0.5348
5349 3.5 0.5349
5350 3.5 0.535
5351 3.5 0.5351
5352 3.5 0.5352
5353 3.5 0.5353
5354 3.5 0.5354
5355 3.5 0.5355
5356 3.5 0.5356000000000001
5357 3.5 0.5357000000000001
5358 3.5 0.5358
5359 3.5 0.5359
5360 3.5 0.536
5361 3.5 0.5361
5362 3.5 0.5362
5363 3.5 0.5363
5364 3.5 0.5364
5365 3.5 0.5365
5366 3.5 0.5366000000000001
5367 3.5 0.5367000000000001
5368 3.5 0.5368
5369 3.5 0.5369
5370 3.5 0.537
5371 3.5 0.5371
5372 3.5 0.5372
5373 3.5 0.5373
5374 3.5 0.5374
5375 3.5 0.5375
5376 3.5 0.5376000000000001
5377 3.5 0.5377000000000001
5378 3.5 0.5378000000000001
5379 3.5 0.5379
5380 3.5 0.538
5381 3.5 0.5381
5382 3.5 0.5382
5383 3.5 0.5383
5384 3.5 0.5384
5385 3.5 0.5385
5386 3.5 0.5386000000000001
5387 3.5 0.5387000000000001
5388 3.5 0.5388000000000001
5389 3.5 0.5389
5390 3.5 0.539
5391 3.5 0.5391
5392 3.5 0.5392
5393 3.5 0.5393
5394 3.5 0.5394
5395 3.5 0.5395
5396 3.5 0.5396000000000001
5397 3.5 0.5397000000000001
5398 3.5 0.5398000000000001
5399 3.5 0.5399
5400 3.5 0.54
5401 3.5 0.5401
5402 3.5 0.5402
5403 3.5 0.5403
5404 3.5 0.5404
5405 3.5 0.5405
5406 3.5 0.5406000000000001
5407 3.5 0.5407000000000001
5408 3.5 0.5408000000000001
5409 3.5 0.5409
5410 3.5 0.541
5411 3.5 0.5411
5412 3.5 0.5412
5413 3.5 0.5413
5414 3.5 0.5414
5415 3.5 0.5415
5416 3.5 0.5416000000000001
5417 3.5 0.5417000000000001
5418 3.5 0.5418000000000001
5419 3.5 0.5419
5420 3.5 0.542
5421 3.5 0.5421
5422 3.5 0.5422
5423 3.5 0.5423
5424 3.5 0.5424
5425 3.5 0.5425
5426 3.5 0.5426
5427 3.5 0.5427000000000001
5428 3.5 0.5428000000000001
5429 3.5 0.5429
5430 3.5 0.543
5431 3.5 0.5431
5432 3.5 0.5432
5433 3.5 0.5433
5434 3.5 0.5434
5435 3.5 0.5435
5436 3.5 0.5436
5437 3.5 0.5437000000000001
5438 3.5 0.5438000000000001
5439 3.5 0.5439
5440 3.5 0.544
5441 3.5 0.5441
5442 3.5 0.5442
5443 3.5 0.5443
5444 3.5 0.5444
5445 3.5 0.5445
5446 3.5 0.5446
5447 3.5 0.5447000000000001
5448 3.5 0.5448000000000001
5449 3.5 0.5449
5450 3.5 0.545
5451 3.5 0.5451
5452 3.5 0.5452
5453 3.5 0.5453
5454 3.5 0.5454
5455 3.5 0.5455
5456 3.5 0.5456
5457 3.5 0.5457000000000001
5458 3.5 0.5458000000000001
5459 3.5 0.5459
5460 3.5 0.546
5461 3.5 0.5461
5462 3.5 0.5462
5463 3.5 0.5463
5464 3.5 0.5464
5465 3.5 0.5465
5466 3.5 0.5466
5467 3.5 0.5467000000000001
5468 3.5 0.5468000000000001
5469 3.5 0.5469
5470 3.5 0.547
5471 3.5 0.5471
5472 3.5 0.5472
5473 3.5 0.5473
5474 3.5 0.5474
5475 3.5 0.5475
5476 3.5 0.5476
5477 3.5 0.5477000000000001
5478 3.5 0.5478000000000001
5479 3.5 0.5479
5480 3.5 0.548
5481 3.5 0.5481
5482 3.5 0.5482
5483 3.5 0.5483
5484 3.5 0.5484
5485 3.5 0.5485
5486 3.5 0.5486
5487 3.5 0.5487000000000001
5488 3.5 0.5488000000000001
5489 3.5 0.5489
5490 3.5 0.549
5491 3.5 0.5491
5492 3.5 0.5492
5493 3.5 0.5493
5494 3.5 0.5494
5495 3.5 0.5495
5496 3.5 0.5496
5497 3.5 0.5497000000000001
5498 3.5 0.5498000000000001
5499 3.5 0.5499
5500 3.5 0.55
5501 3.5 0.5501
5502 3.5 0.5502
5503 3.5 0.5503
5504 3.5 0.5504
5505 3.5 0.5505
5506 3.5 0.5506
5507 3.5 0.5507000000000001
5508 3.5 0.5508000000000001
5509 3.5 0.5509000000000001
5510 3.5 0.551
5511 3.5 0.5511
5512 3.5 0.5512
5513 3.5 0.5513
5514 3.5 0.5514
5515 3.5 0.5515
5516 3.5 0.5516
5517 3.5 0.5517000000000001
5518 3.5 0.5518000000000001
5519 3.5 0.5519000000000001
5520 3.5 0.552
5521 3.5 0.5521
5522 3.5 0.5522
5523 3.5 0.5523
5524 3.5 0.5524
5525 3.5 0.5525
5526 3.5 0.5526
5527 3.5 0.5527000000000001
5528 3.5 0.5528000000000001
5529 3.5 0.5529000000000001
5530 3.5 0.553
5531 3.5 0.5531
5532 3.5 0.5532
5533 3.5 0.5533
5534 3.5 0.5534
5535 3.5 0.5535
5536 3.5 0.5536
5537 3.5 0.5537000000000001
5538 3.5 0.5538000000000001
5539 3.5 0.5539000000000001
5540 3.5 0.554
5541 3.5 0.5541
5542 3.5 0.5542
5543 3.5 0.5543
5544 3.5 0.5544
5545 3.5 0.5545
5546 3.5 0.5546
5547 3.5 0.5547000000000001
5548 3.5 0.5548000000000001
5549 3.5 0.5549000000000001
5550 3.5 0.555
5551 3.5 0.5551
5552 3.5 0.5552
5553 3.5 0.5553
5554 3.5 0.5554
5555 3.5 0.5555
5556 3.5 0.5556
5557 3.5 0.5557
5558 3.5 0.5558000000000001
5559 3.5 0.5559000000000001
5560 3.5 0.556
5561 3.5 0.5561
5562 3.5 0.5562
5563 3.5 0.5563
5564 3.5 0.5564
5565 3.5 0.5565
5566 3.5 0.5566
5567 3.5 0.5567
5568 3.5 0.5568000000000001
5569 3.5 0.5569000000000001
5570 3.5 0.557
5571 3.5 0.5571
5572 3.5 0.5572
5573 3.5 0.5573
5574 3.5 0.5574
5575 3.5 0.5575
5576 3.5 0.5576
5577 3.5 0.5577
5578 3.5 0.5578000000000001
5579 3.5 0.5579000000000001
5580 3.5 0.558
5581 3.5 0.5581
5582 3.5 0.5582
5583 3.5 0.5583
5584 3.5 0.5584
5585 3.5 0.5585
5586 3.5 0.5586
5587 3.5 0.5587
5588 3.5 0.5588000000000001
5589 3.5 0.5589000000000001
5590 3.5 0.559
5591 3.5 0.5591
5592 3.5 0.5592
5593 3.5 0.5593
5594 3.5 0.5594
5595 3.5 0.5595
5596 3.5 0.5596
5597 3.5 0.5597
5598 3.5 0.5598000000000001
5599 3.5 0.5599000000000001
5600 3.5 0.56
5601 3.5 0.5601
5602 3.5 0.5602
5603 3.5 0.5603
5604 3.5 0.5604
5605 3.5 0.5605
5606 3.5 0.5606
5607 3.5 0.5607
5608 3.5 0.5608000000000001
5609 3.5 0.5609000000000001
5610 3.5 0.561
5611 3.5 0.5611
5612 3.5 0.5612
5613 3.5 0.5613
5614 3.5 0.5614
5615 3.5 0.5615
5616 3.5 0.5616
5617 3.5 0.5617
5618 3.5 0.5618000000000001
5619 3.5 0.5619000000000001
5620 3.5 0.562
5621 3.5 0.5621
5622 3.5 0.5622
5623 3.5 0.5623
5624 3.5 0.5624
5625 3.5 0.5625
5626 3.5 0.5626
5627 3.5 0.5627
5628 3.5 0.5628000000000001
5629 3.5 0.5629000000000001
5630 3.5 0.5630000000000001
5631 3.5 0.5631
5632 3.5 0.5632
5633 3.5 0.5633
5634 3.5 0.5634
5635 3.5 0.5635
5636 3.5 0.5636
5637 3.5 0.5637
5638 3.5 0.5638000000000001
5639 3.5 0.5639000000000001
5640 3.5 0.5640000000000001
5641 3.5 0.5641
5642 3.5 0.5642
5643 3.5 0.5643
5644 3.5 0.5644
5645 3.5 0.5645
5646 3.5 0.5646
5647 3.5 0.5647
5648 3.5 0.5648000000000001
5649 3.5 0.5649000000000001
5650 3.5 0.5650000000000001
5651 3.5 0.5651
5652 3.5 0.5652
5653 3.5 0.5653
5654 3.5 0.5654
5655 3.5 0.5655
5656 3.5 0.5656
5657 3.5 0.5657
5658 3.5 0.5658000000000001
5659 3.5 0.5659000000000001
5660 3.5 0.5660000000000001
5661 3.5 0.5661
5662 3.5 0.5662
5663 3.5 0.5663
5664 3.5 0.5664
5665 3.5 0.5665
5666 3.5 0.5666
5667 3.5 0.5667
5668 3.5 0.5668000000000001
5669 3.5 0.5669000000000001
5670 3.5 0.5670000000000001
5671 3.5 0.5671
5672 3.5 0.5672
5673 3.5 0.5673
5674 3.5 0.5674
5675 3.5 0.5675
5676 3.5 0.5676
5677 3.5 0.5677
5678 3.5 0.5678000000000001
5679 3.5 0.5679000000000001
5680 3.5 0.5680000000000001
5681 3.5 0.5681
5682 3.5 0.5682
5683 3.5 0.5683
5684 3.5 0.5684
5685 3.5 0.5685
5686 3.5 0.5686
5687 3.5 0.5687
5688 3.5 0.5688
5689 3.5 0.5689000000000001
5690 3.5 0.5690000000000001
5691 3.5 0.5691
5692 3.5 0.5692
5693 3.5 0.5693
5694 3.5 0.5694
5695 3.5 0.5695
5696 3.5 0.5696
5697 3.5 0.5697
5698 3.5 0.5698
5699 3.5 0.5699000000000001
5700 3.5 0.5700000000000001
5701 3.5 0.5701
5702 3.5 0.5702
5703 3.5 0.5703
5704 3.5 0.5704
5705 3.5 0.5705
5706 3.5 0.5706
5707 3.5 0.5707
5708 3.5 0.5708
5709 3.5 0.5709000000000001
5710 3.5 0.5710000000000001
5711 3.5 0.5711
5712 3.5 0.5712
5713 3.5 0.5713
5714 3.5 0.5714
5715 3.5 0.5715
5716 3.5 0.5716
5717 3.5 0.5717
5718 3.5 0.5718
5719 3.5 0.5719000000000001
5720 3.5 0.5720000000000001
5721 3.5 0.5721
5722 3.5 0.5722
5723 3.5 0.5723
5724 3.5 0.5724
5725 3.5 0.5725
5726 3.5 0.5726
5727 3.5 0.5727
5728 3.5 0.5728
5729 3.5 0.5729000000000001
5730 3.5 0.5730000000000001
5731 3.5 0.5731
5732 3.5 0.5732
5733 3.5 0.5733
5734 3.5 0.5734
5735 3.5 0.5735
5736 3.5 0.5736
5737 3.5 0.5737
5738 3.5 0.5738
5739 3.5 0.5739000000000001
5740 3.5 0.5740000000000001
5741 3.5 0.5741
5742 3.5 0.5742
5743 3.5 0.5743
5744 3.5 0.5744
5745 3.5 0.5745
5746 3.5 0.5746
5747 3.5 0.5747
5748 3.5 0.5748
5749 3.5 0.5749000000000001
5750 3.5 0.5750000000000001
5751 3.5 0.5751000000000001
5752 3.5 0.5752
5753 3.5 0.5753
5754 3.5 0.5754
5755 3.5 0.5755
5756 3.5 0.5756
5757 3.5 0.5757
5758 3.5 0.5758
5759 3.5 0.5759000000000001
5760 3.5 0.5760000000000001
5761 3.5 0.5761000000000001
5762 3.5 0.5762
5763 3.5 0.5763
5764 3.5 0.5764
5765 3.5 0.5765
5766 3.5 0.5766
5767 3.5 0.5767
5768 3.5 0.5768
5769 3.5 0.5769000000000001
5770 3.5 0.5770000000000001
5771 3.5 0.5771000000000001
5772 3.5 0.5772
5773 3.5 0.5773
5774 3.5 0.5774
5775 3.5 0.5775
5776 3.5 0.5776
5777 3.5 0.5777
5778 3.5 0.5778
5779 3.5 0.5779000000000001
5780 3.5 0.5780000000000001
5781 3.5 0.5781000000000001
5782 3.5 0.5782
5783 3.5 0.5783
5784 3.5 0.5784
5785 3.5 0.5785
5786 3.5 0.5786
5787 3.5 0.5787
5788 3.5 0.5788
5789 3.5 0.5789000000000001
5790 3.5 0.5790000000000001
5791 3.5 0.5791000000000001
5792 3.5 0.5792
5793 3.5 0.5793
5794 3.5 0.5794
5795 3.5 0.5795
5796 3.5 0.5796
5797 3.5 0.5797
5798 3.5 0.5798
5799 3.5 0.5799000000000001
5800 3.5 0.5800000000000001
5801 3.5 0.5801000000000001
5802 3.5 0.5802
5803 3.5 0.5803
5804 3.5 0.5804
5805 3.5 0.5805
5806 3.5 0.5806
5807 3.5 0.5807
5808 3.5 0.5808
5809 3.5 0.5809000000000001
5810 3.5 0.5810000000000001
5811 3.5 0.5811000000000001
5812 3.5 0.5812
5813 3.5 0.5813
5814 3.5 0.5814
5815 3.5 0.5815
5816 3.5 0.5816
5817 3.5 0.5817
5818 3.5 0.5818
5819 3.5 0.5819
5820 3.5 0.5820000000000001
5821 3.5 0.5821000000000001
5822 3.5 0.5822
5823 3.5 0.5823
5824 3.5 0.5824
5825 3.5 0.5825
5826 3.5 0.5826
5827 3.5 0.5827
5828 3.5 0.5828
5829 3.5 0.5829
5830 3.5 0.5830000000000001
5831 3.5 0.5831000000000001
5832 3.5 0.5832
5833 3.5 0.5833
5834 3.5 0.5834
5835 3.5 0.5835
5836 3.5 0.5836
5837 3.5 0.5837
5838 3.5 0.5838
5839 3.5 0.5839
5840 3.5 0.5840000000000001
5841 3.5 0.5841000000000001
5842 3.5 0.5842
5843 3.5 0.5843
5844 3.5 0.5844
5845 3.5 0.5845
5846 3.5 0.5846
5847 3.5 0.5847
5848 3.5 0.5848
5849 3.5 0.5849
5850 3.5 0.5850000000000001
5851 3.5 0.5851000000000001
5852 3.5 0.5852
5853 3.5 0.5853
5854 3.5 0.5854
5855 3.5 0.5855
5856 3.5 0.5856
5857 3.5 0.5857
5858 3.5 0.5858
5859 3.5 0.5859
5860 3.5 0.5860000000000001
5861 3.5 0.5861000000000001
5862 3.5 0.5862
5863 3.5 0.5863
5864 3.5 0.5864
5865 3.5 0.5865
5866 3.5 0.5866
5867 3.5 0.5867
5868 3.5 0.5868
5869 3.5 0.5869
5870 3.5 0.5870000000000001
5871 3.5 0.5871000000000001
5872 3.5 0.5872
5873 3.5 0.5873
5874 3.5 0.5874
5875 3.5 0.5875
5876 3.5 0.5876
5877 3.5 0.5877
5878 3.5 0.5878
5879 3.5 0.5879
5880 3.5 0.5880000000000001
5881 3.5 0.5881000000000001
5882 3.5 0.5882000000000001
5883 3.5 0.5883
5884 3.5 0.5884
5885 3.5 0.5885
5886 3.5 0.5886
5887 3.5 0.5887
5888 3.5 0.5888
5889 3.5 0.5889
5890 3.5 0.5890000000000001
5891 3.5 0.5891000000000001
5892 3.5 0.5892000000000001
5893 3.5 0.5893
5894 3.5 0.5894
5895 3.5 0.5895
5896 3.5 0.5896
5897 3.5 0.5897
5898 3.5 0.5898
5899 3.5 0.5899
5900 3.5 0.5900000000000001
5901 3.5 0.5901000000000001
5902 3.5 0.5902000000000001
5903 3.5 0.5903
5904 3.5 0.5904
5905 3.5 0.5905
5906 3.5 0.5906
5907 3.5 0.5907
5908 3.5 0.5908
5909 3.5 0.5909
5910 3.5 0.5910000000000001
5911 3.5 0.5911000000000001
5912 3.5 0.5912000000000001
5913 3.5 0.5913
5914 3.5 0.5914
5915 3.5 0.5915
5916 3.5 0.5916
5917 3.5 0.5917
5918 3.5 0.5918
5919 3.5 0.5919
5920 3.5 0.5920000000000001
5921 3.5 0.5921000000000001
5922 3.5 0.5922000000000001
5923 3.5 0.5923
5924 3.5 0.5924
5925 3.5 0.5925
5926 3.5 0.5926
5927 3.5 0.5927
5928 3.5 0.5928
5929 3.5 0.5929
5930 3.5 0.5930000000000001
5931 3.5 0.5931000000000001
5932 3.5 0.5932000000000001
5933 3.5 0.5933
5934 3.5 0.5934
5935 3.5 0.5935
5936 3.5 0.5936
5937 3.5 0.5937
5938 3.5 0.5938
5939 3.5 0.5939
5940 3.5 0.5940000000000001
5941 3.5 0.5941000000000001
5942 3.5 0.5942000000000001
5943 3.5 0.5943
5944 3.5 0.5944
5945 3.5 0.5945
5946 3.5 0.5946
5947 3.5 0.5947
5948 3.5 0.5948
5949 3.5 0.5949
5950 3.5 0.595
5951 3.5 0.5951000000000001
5952 3.5 0.5952000000000001
5953 3.5 0.5953
5954 3.5 0.5954
5955 3.5 0.5955
5956 3.5 0.5956
5957 3.5 0.5957
5958 3.5 0.5958
5959 3.5 0.5959
5960 3.5 0.596
5961 3.5 0.5961000000000001
5962 3.5 0.5962000000000001
5963 3.5 0.5963
5964 3.5 0.5964
5965 3.5 0.5965
5966 3.5 0.5966
5967 3.5 0.5967
5968 3.5 0.5968
5969 3.5 0.5969
5970 3.5 0.597
5971 3.5 0.5971000000000001
5972 3.5 0.5972000000000001
5973 3.5 0.5973
5974 3.5 0.5974
5975 3.5 0.5975
5976 3.5 0.5976
5977 3.5 0.5977
5978 3.5 0.5978
5979 3.5 0.5979
5980 3.5 0.598
5981 3.5 0.5981000000000001
5982 3.5 0.5982000000000001
5983 3.5 0.5983
5984 3.5 0.5984
5985 3.5 0.5985
5986 3.5 0.5986
5987 3.5 0.5987
5988 3.5 0.5988
5989 3.5 0.5989
5990 3.5 0.599
5991 3.5 0.5991000000000001
5992 3.5 0.5992000000000001
5993 3.5 0.5993
5994 3.5 0.5994
5995 3.5 0.5995
5996 3.5 0.5996
5997 3.5 0.5997
5998 3.5 0.5998
5999 3.5 0.5999
6000 3.5 0.6
6001 3.5 0.6001000000000001
6002 3.5 0.6002000000000001
6003 3.5 0.6003000000000001
6004 3.5 0.6004
6005 3.5 0.6005
6006 3.5 0.6006
6007 3.5 0.6007
6008 3.5 0.6008
6009 3.5 0.6009
6010 3.5 0.601
6011 3.5 0.6011000000000001
6012 3.5 0.6012000000000001
6013 3.5 0.6013000000000001
6014 3.5 0.6014
6015 3.5 0.6015
6016 3.5 0.6016
6017 3.5 0.6017
6018 3.5 0.6018
6019 3.5 0.6019
6020 3.5 0.602
6021 3.5 0.6021000000000001
6022 3.5 0.6022000000000001
6023 3.5 0.6023000000000001
6024 3.5 0.6024
6025 3.5 0.6025
6026 3.5 0.6026
6027 3.5 0.6027
6028 3.5 0.6028
6029 3.5 0.6029
6030 3.5 0.603
6031 3.5 0.6031000000000001
6032 3.5 0.6032000000000001
6033 3.5 0.6033000000000001
6034 3.5 0.6034
6035 3.5 0.6035
6036 3.5 0.6036
6037 3.5 0.6037
6038 3.5 0.6038
6039 3.5 0.6039
6040 3.5 0.604
6041 3.5 0.6041000000000001
6042 3.5 0.6042000000000001
6043 3.5 0.6043000000000001
6044 3.5 0.6044
6045 3.5 0.6045
6046 3.5 0.6046
6047 3.5 0.6047
6048 3.5 0.6048
6049 3.5 0.6049
6050 3.5 0.605
6051 3.5 0.6051000000000001
6052 3.5 0.6052000000000001
6053 3.5 0.6053000000000001
6054 3.5 0.6054
6055 3.5 0.6055
6056 3.5 0.6056
6057 3.5 0.6057
6058 3.5 0.6058
6059 3.5 0.6059
6060 3.5 0.606
6061 3.5 0.6061000000000001
6062 3.5 0.6062000000000001
6063 3.5 0.6063000000000001
6064 3.5 0.6064
6065 3.5 0.6065
6066 3.5 0.6066
6067 3.5 0.6067
6068 3.5 0.6068
6069 3.5 0.6069
6070 3.5 0.607
6071 3.5 0.6071000000000001
6072 3.5 0.6072000000000001
6073 3.5 0.6073000000000001
6074 3.5 0.6074
6075 3.5 0.6075
6076 3.5 0.6076
6077 3.5 0.6077
6078 3.5 0.6078
6079 3.5 0.6079
6080 3.5 0.608
6081 3.5 0.6081
6082 3.5 0.6082000000000001
6083 3.5 0.6083000000000001
6084 3.5 0.6084
6085 3.5 0.6085
6086 3.5 0.6086
6087 3.5 0.6087
6088 3.5 0.6088
6089 3.5 0.6089
6090 3.5 0.609
6091 3.5 0.6091
6092 3.5 0.6092000000000001
6093 3.5 0.6093000000000001
6094 3.5 0.6094
6095 3.5 0.6095
6096 3.5 0.6096
6097 3.5 0.6097
6098 3.5 0.6098
6099 3.5 0.6099
6100 3.5 0.61
6101 3.5 0.6101
6102 3.5 0.6102000000000001
6103 3.5 0.6103000000000001
6104 3.5 0.6104
6105 3.5 0.6105
6106 3.5 0.6106
6107 3.5 0.6107
6108 3.5 0.6108
6109 3.5 0.6109
6110 3.5 0.611
6111 3.5 0.6111
6112 3.5 0.6112000000000001
6113 3.5 0.6113000000000001
6114 3.5 0.6114
6115 3.5 0.6115
6116 3.5 0.6116
6117 3.5 0.6117
6118 3.5 0.6118
6119 3.5 0.6119
6120 3.5 0.612
6121 3.5 0.6121
6122 3.5 0.6122000000000001
6123 3.5 0.6123000000000001
6124 3.5 0.6124
6125 3.5 0.6125
6126 3.5 0.6126
6127 3.5 0.6127
6128 3.5 0.6128
6129 3.5 0.6129
6130 3.5 0.613
6131 3.5 0.6131
6132 3.5 0.6132000000000001
6133 3.5 0.6133000000000001
6134 3.5 0.6134000000000001
6135 3.5 0.6135
6136 3.5 0.6136
6137 3.5 0.6137
6138 3.5 0.6138
6139 3.5 0.6139
6140 3.5 0.614
6141 3.5 0.6141
6142 3.5 0.6142000000000001
6143 3.5 0.6143000000000001
6144 3.5 0.6144000000000001
6145 3.5 0.6145
6146 3.5 0.6146
6147 3.5 0.6147
6148 3.5 0.6148
6149 3.5 0.6149
6150 3.5 0.615
6151 3.5 0.6151
6152 3.5 0.6152000000000001
6153 3.5 0.6153000000000001
6154 3.5 0.6154000000000001
6155 3.5 0.6155
6156 3.5 0.6156
6157 3.5 0.6157
6158 3.5 0.6158
6159 3.5 0.6159
6160 3.5 0.616
6161 3.5 0.6161
6162 3.5 0.6162000000000001
6163 3.5 0.6163000000000001
6164 3.5 0.6164000000000001
6165 3.5 0.6165
6166 3.5 0.6166
6167 3.5 0.6167
6168 3.5 0.6168
6169 3.5 0.6169
6170 3.5 0.617
6171 3.5 0.6171
6172 3.5 0.6172000000000001
6173 3.5 0.6173000000000001
6174 3.5 0.6174000000000001
6175 3.5 0.6175
6176 3.5 0.6176
6177 3.5 0.6177
6178 3.5 0.6178
6179 3.5 0.6179
6180 3.5 0.618
6181 3.5 0.6181
6182 3.5 0.6182000000000001
6183 3.5 0.6183000000000001
6184 3.5 0.6184000000000001
6185 3.5 0.6185
6186 3.5 0.6186
6187 3.5 0.6187
6188 3.5 0.6188
6189 3.5 0.6189
6190 3.5 0.619
6191 3.5 0.6191
6192 3.5 0.6192000000000001
6193 3.5 0.6193000000000001
6194 3.5 0.6194000000000001
6195 3.5 0.6195
6196 3.5 0.6196
6197 3.5 0.6197
6198 3.5 0.6198
6199 3.5 0.6199
6200 3.5 0.62
6201 3.5 0.6201
6202 3.5 0.6202000000000001
6203 3.5 0.6203000000000001
6204 3.5 0.6204000000000001
6205 3.5 0.6205
6206 3.5 0.6206
6207 3.5 0.6207
6208 3.5 0.6208
6209 3.5 0.6209
6210 3.5 0.621
6211 3.5 0.6211
6212 3.5 0.6212
6213 3.5 0.6213000000000001
6214 3.5 0.6214000000000001
6215 3.5 0.6215
6216 3.5 0.6216
6217 3.5 0.6217
6218 3.5 0.6218
6219 3.5 0.6219
6220 3.5 0.622
6221 3.5 0.6221
6222 3.5 0.6222
6223 3.5 0.6223000000000001
6224 3.5 0.6224000000000001
6225 3.5 0.6225
6226 3.5 0.6226
6227 3.5 0.6227
6228 3.5 0.6228
6229 3.5 0.6229
6230 3.5 0.623
6231 3.5 0.6231
6232 3.5 0.6232
6233 3.5 0.6233000000000001
6234 3.5 0.6234000000000001
6235 3.5 0.6235
6236 3.5 0.6236
6237 3.5 0.6237
6238 3.5 0.6238
6239 3.5 0.6239
6240 3.5 0.624
6241 3.5 0.6241
6242 3.5 0.6242
6243 3.5 0.6243000000000001
6244 3.5 0.6244000000000001
6245 3.5 0.6245
6246 3.5 0.6246
6247 3.5 0.6247
6248 3.5 0.6248
6249 3.5 0.6249
6250 3.5 0.625
6251 3.5 0.6251
6252 3.5 0.6252
6253 3.5 0.6253000000000001
6254 3.5 0.6254000000000001
6255 3.5 0.6255000000000001
6256 3.5 0.6256
6257 3.5 0.6257
6258 3.5 0.6258
6259 3.5 0.6259
6260 3.5 0.626
6261 3.5 0.6261
6262 3.5 0.6262
6263 3.5 0.6263000000000001
6264 3.5 0.6264000000000001
6265 3.5 0.6265000000000001
6266 3.5 0.6266
6267 3.5 0.6267
6268 3.5 0.6268
6269 3.5 0.6269
6270 3.5 0.627
6271 3.5 0.6271
6272 3.5 0.6272
6273 3.5 0.6273000000000001
6274 3.5 0.6274000000000001
6275 3.5 0.6275000000000001
6276 3.5 0.6276
6277 3.5 0.6277
6278 3.5 0.6278
6279 3.5 0.6279
6280 3.5 0.628
6281 3.5 0.6281
6282 3.5 0.6282
6283 3.5 0.6283000000000001
6284 3.5 0.6284000000000001
6285 3.5 0.6285000000000001
6286 3.5 0.6286
6287 3.5 0.6287
6288 3.5 0.6288
6289 3.5 0.6289
6290 3.5 0.629
6291 3.5 0.6291
6292 3.5 0.6292
6293 3.5 0.6293000000000001
6294 3.5 0.6294000000000001
6295 3.5 0.6295000000000001
6296 3.5 0.6296
6297 3.5 0.6297
6298 3.5 0.6298
6299 3.5 0.6299
6300 3.5 0.63
6301 3.5 0.6301
6302 3.5 0.6302
6303 3.5 0.6303000000000001
6304 3.5 0.6304000000000001
6305 3.5 0.6305000000000001
6306 3.5 0.6306
6307 3.5 0.6307
6308 3.5 0.6308
6309 3.5 0.6309
6310 3.5 0.631
6311 3.5 0.6311
6312 3.5 0.6312
6313 3.5 0.6313000000000001
6314 3.5 0.6314000000000001
6315 3.5 0.6315000000000001
6316 3.5 0.6316
6317 3.5 0.6317
6318 3.5 0.6318
6319 3.5 0.6319
6320 3.5 0.632
6321 3.5 0.6321
6322 3.5 0.6322
6323 3.5 0.6323000000000001
6324 3.5 0.6324000000000001
6325 3.5 0.6325000000000001
6326 3.5 0.6326
6327 3.5 0.6327
6328 3.5 0.6328
6329 3.5 0.6329
6330 3.5 0.633
6331 3.5 0.6331
6332 3.5 0.6332
6333 3.5 0.6333000000000001
6334 3.5 0.6334000000000001
6335 3.5 0.6335000000000001
6336 3.5 0.6336
6337 3.5 0.6337
6338 3.5 0.6338
6339 3.5 0.6339
6340 3.5 0.634
6341 3.5 0.6341
6342 3.5 0.6342
6343 3.5 0.6343
6344 3.5 0.6344000000000001
6345 3.5 0.6345000000000001
6346 3.5 0.6346
6347 3.5 0.6347
6348 3.5 0.6348
6349 3.5 0.6349
6350 3.5 0.635
6351 3.5 0.6351
6352 3.5 0.6352
6353 3.5 0.6353
6354 3.5 0.6354000000000001
6355 3.5 0.6355000000000001
6356 3.5 0.6356
6357 3.5 0.6357
6358 3.5 0.6358
6359 3.5 0.6359
6360 3.5 0.636
6361 3.5 0.6361
6362 3.5 0.6362
6363 3.5 0.6363
6364 3.5 0.6364000000000001
6365 3.5 0.6365000000000001
6366 3.5 0.6366
6367 3.5 0.6367
6368 3.5 0.6368
6369 3.5 0.6369
6370 3.5 0.637
6371 3.5 0.6371
6372 3.5 0.6372
6373 3.5 0.6373
6374 3.5 0.6374000000000001
6375 3.5 0.6375000000000001
6376 3.5 0.6376000000000001
6377 3.5 0.6377
6378 3.5 0.6378
6379 3.5 0.6379
6380 3.5 0.638
6381 3.5 0.6381
6382 3.5 0.6382
6383 3.5 0.6383
6384 3.5 0.6384000000000001
6385 3.5 0.6385000000000001
6386 3.5 0.6386000000000001
6387 3.5 0.6387
6388 3.5 0.6388
6389 3.5 0.6389
6390 3.5 0.639
6391 3.5 0.6391
6392 3.5 0.6392
6393 3.5 0.6393
6394 3.5 0.6394000000000001
6395 3.5 0.6395000000000001
6396 3.5 0.6396000000000001
6397 3.5 0.6397
6398 3.5 0.6398
6399 3.5 0.6399
6400 3.5 0.64
6401 3.5 0.6401
6402 3.5 0.6402
6403 3.5 0.6403
6404 3.5 0.6404000000000001
6405 3.5 0.6405000000000001
6406 3.5 0.6406000000000001
6407 3.5 0.6407
6408 3.5 0.6408
6409 3.5 0.6409
6410 3.5 0.641
6411 3.5 0.6411
6412 3.5 0.6412
6413 3.5 0.6413
6414 3.5 0.6414000000000001
6415 3.5 0.6415000000000001
6416 3.5 0.6416000000000001
6417 3.5 0.6417
6418 3.5 0.6418
6419 3.5 0.6419
6420 3.5 0.642
6421 3.5 0.6421
6422 3.5 0.6422
6423 3.5 0.6423
6424 3.5 0.6424000000000001
6425 3.5 0.6425000000000001
6426 3.5 0.6426000000000001
6427 3.5 0.6427
6428 3.5 0.6428
6429 3.5 0.6429
6430 3.5 0.643
6431 3.5 0.6431
6432 3.5 0.6432
6433 3.5 0.6433
6434 3.5 0.6434000000000001
6435 3.5 0.6435000000000001
6436 3.5 0.6436000000000001
6437 3.5 0.6437
6438 3.5 0.6438
6439 3.5 0.6439
6440 3.5 0.644
6441 3.5 0.6441
6442 3.5 0.6442
6443 3.5 0.6443
6444 3.5 0.6444000000000001
6445 3.5 0.6445000000000001
6446 3.5 0.6446000000000001
6447 3.5 0.6447
6448 3.5 0.6448
6449 3.5 0.6449
6450 3.5 0.645
6451 3.5 0.6451
6452 3.5 0.6452
6453 3.5 0.6453
6454 3.5 0.6454000000000001
6455 3.5 0.6455000000000001
6456 3.5 0.6456000000000001
6457 3.5 0.6457
6458 3.5 0.6458
6459 3.5 0.6459
6460 3.5 0.646
6461 3.5 0.6461
6462 3.5 0.6462
6463 3.5 0.6463
6464 3.5 0.6464000000000001
6465 3.5 0.6465000000000001
6466 3.5 0.6466000000000001
6467 3.5 0.6467
6468 3.5 0.6468
6469 3.5 0.6469
6470 3.5 0.647
6471 3.5 0.6471
6472 3.5 0.6472
6473 3.5 0.6473
6474 3.5 0.6474000000000001
6475 3.5 0.6475000000000001
6476 3.5 0.6476000000000001
6477 3.5 0.6477
6478 3.5 0.6478
6479 3.5 0.6479
6480 3.5 0.648
6481 3.5 0.6481
6482 3.5 0.6482
6483 3.5 0.6483
6484 3.5 0.6484
6485 3.5 0.6485000000000001
6486 3.5 0.6486000000000001
6487 3.5 0.6487
6488 3.5 0.6488
6489 3.5 0.6489
6490 3.5 0.649
6491 3.5 0.6491
6492 3.5 0.6492
6493 3.5 0.6493
6494 3.5 0.6494
6495 3.5 0.6495000000000001
6496 3.5 0.6496000000000001
6497 3.5 0.6497
6498 3.5 0.6498
6499 3.5 0.6499
6500 3.5 0.65
6501 3.5 0.6501
6502 3.5 0.6502
6503 3.5 0.6503
6504 3.5 0.6504
6505 3.5 0.6505000000000001
6506 3.5 0.6506000000000001
6507 3.5 0.6507000000000001
6508 3.5 0.6508
6509 3.5 0.6509
6510 3.5 0.651
6511 3.5 0.6511
6512 3.5 0.6512
6513 3.5 0.6513
6514 3.5 0.6514
6515 3.5 0.6515000000000001
6516 3.5 0.6516000000000001
6517 3.5 0.6517000000000001
6518 3.5 0.6518
6519 3.5 0.6519
6520 3.5 0.652
6521 3.5 0.6521
6522 3.5 0.6522
6523 3.5 0.6523
6524 3.5 0.6524
6525 3.5 0.6525000000000001
6526 3.5 0.6526000000000001
6527 3.5 0.6527000000000001
6528 3.5 0.6528
6529 3.5 0.6529
6530 3.5 0.653
6531 3.5 0.6531
6532 3.5 0.6532
6533 3.5 0.6533
6534 3.5 0.6534
6535 3.5 0.6535000000000001
6536 3.5 0.6536000000000001
6537 3.5 0.6537000000000001
6538 3.5 0.6538
6539 3.5 0.6539
6540 3.5 0.654
6541 3.5 0.6541
6542 3.5 0.6542
6543 3.5 0.6543
6544 3.5 0.6544
6545 3.5 0.6545000000000001
6546 3.5 0.6546000000000001
6547 3.5 0.6547000000000001
6548 3.5 0.6548
6549 3.5 0.6549
6550 3.5 0.655
6551 3.5 0.6551
6552 3.5 0.6552
6553 3.5 0.6553
6554 3.5 0.6554
6555 3.5 0.6555000000000001
6556 3.5 0.6556000000000001
6557 3.5 0.6557000000000001
6558 3.5 0.6558
6559 3.5 0.6559
6560 3.5 0.656
6561 3.5 0.6561
6562 3.5 0.6562
6563 3.5 0.6563
6564 3.5 0.6564
6565 3.5 0.6565000000000001
6566 3.5 0.6566000000000001
6567 3.5 0.6567000000000001
6568 3.5 0.6568
6569 3.5 0.6569
6570 3.5 0.657
6571 3.5 0.6571
6572 3.5 0.6572
6573 3.5 0.6573
6574 3.5 0.6574
6575 3.5 0.6575000000000001
6576 3.5 0.6576000000000001
6577 3.5 0.6577000000000001
6578 3.5 0.6578
6579 3.5 0.6579
6580 3.5 0.658
6581 3.5 0.6581
6582 3.5 0.6582
6583 3.5 0.6583
6584 3.5 0.6584
6585 3.5 0.6585000000000001
6586 3.5 0.6586000000000001
6587 3.5 0.6587000000000001
6588 3.5 0.6588
6589 3.5 0.6589
6590 3.5 0.659
6591 3.5 0.6591
6592 3.5 0.6592
6593 3.5 0.6593
6594 3.5 0.6594
6595 3.5 0.6595000000000001
6596 3.5 0.6596000000000001
6597 3.5 0.6597000000000001
6598 3.5 0.6598
6599 3.5 0.6599
6600 3.5 0.66
6601 3.5 0.6601
6602 3.5 0.6602
6603 3.5 0.6603
6604 3.5 0.6604
6605 3.5 0.6605000000000001
6606 3.5 0.6606000000000001
6607 3.5 0.6607000000000001
6608 3.5 0.6608
6609 3.5 0.6609
6610 3.5 0.661
6611 3.5 0.6611
6612 3.5 0.6612
6613 3.5 0.6613
6614 3.5 0.6614
6615 3.5 0.6615
6616 3.5 0.6616000000000001
6617 3.5 0.6617000000000001
6618 3.5 0.6618
6619 3.5 0.6619
6620 3.5 0.662
6621 3.5 0.6621
6622 3.5 0.6622
6623 3.5 0.6623
6624 3.5 0.6624
6625 3.5 0.6625
6626 3.5 0.6626000000000001
6627 3.5 0.6627000000000001
6628 3.5 0.6628000000000001
6629 3.5 0.6629
6630 3.5 0.663
6631 3.5 0.6631
6632 3.5 0.6632
6633 3.5 0.6633
6634 3.5 0.6634
6635 3.5 0.6635
6636 3.5 0.6636000000000001
6637 3.5 0.6637000000000001
6638 3.5 0.6638000000000001
6639 3.5 0.6639
6640 3.5 0.664
6641 3.5 0.6641
6642 3.5 0.6642
6643 3.5 0.6643
6644 3.5 0.6644
6645 3.5 0.6645
6646 3.5 0.6646000000000001
6647 3.5 0.6647000000000001
6648 3.5 0.6648000000000001
6649 3.5 0.6649
6650 3.5 0.665
6651 3.5 0.6651
6652 3.5 0.6652
6653 3.5 0.6653
6654 3.5 0.6654
6655 3.5 0.6655
6656 3.5 0.6656000000000001
6657 3.5 0.6657000000000001
6658 3.5 0.6658000000000001
6659 3.5 0.6659
6660 3.5 0.666
6661 3.5 0.6661
6662 3.5 0.6662
6663 3.5 0.6663
6664 3.5 0.6664
6665 3.5 0.6665
6666 3.5 0.6666000000000001
6667 3.5 0.6667000000000001
6668 3.5 0.6668000000000001
6669 3.5 0.6669
6670 3.5 0.667
6671 3.5 0.6671
6672 3.5 0.6672
6673 3.5 0.6673
6674 3.5 0.6674
6675 3.5 0.6675
6676 3.5 0.6676000000000001
6677 3.5 0.6677000000000001
6678 3.5 0.6678000000000001
6679 3.5 0.6679
6680 3.5 0.668
6681 3.5 0.6681
6682 3.5 0.6682
6683 3.5 0.6683
6684 3.5 0.6684
6685 3.5 0.6685
6686 3.5 0.6686000000000001
6687 3.5 0.6687000000000001
6688 3.5 0.6688000000000001
6689 3.5 0.6689
6690 3.5 0.669
6691 3.5 0.6691
6692 3.5 0.6692
6693 3.5 0.6693
6694 3.5 0.6694
6695 3.5 0.6695
6696 3.5 0.6696000000000001
6697 3.5 0.6697000000000001
6698 3.5 0.6698000000000001
6699 3.5 0.6699
6700 3.5 0.67
6701 3.5 0.6701
6702 3.5 0.6702
6703 3.5 0.6703
6704 3.5 0.6704
6705 3.5 0.6705
6706 3.5 0.6706000000000001
6707 3.5 0.6707000000000001
6708 3.5 0.6708000000000001
6709 3.5 0.6709
6710 3.5 0.671
6711 3.5 0.6711
6712 3.5 0.6712
6713 3.5 0.6713
6714 3.5 0.6714
6715 3.5 0.6715
6716 3.5 0.6716000000000001
6717 3.5 0.6717000000000001
6718 3.5 0.6718000000000001
6719 3.5 0.6719
6720 3.5 0.672
6721 3.5 0.6721
6722 3.5 0.6722
6723 3.5 0.6723
6724 3.5 0.6724
6725 3.5 0.6725
6726 3.5 0.6726000000000001
6727 3.5 0.6727000000000001
6728 3.5 0.6728000000000001
6729 3.5 0.6729
6730 3.5 0.673
6731 3.5 0.6731
6732 3.5 0.6732
6733 3.5 0.6733
6734 3.5 0.6734
6735 3.5 0.6735
6736 3.5 0.6736000000000001
6737 3.5 0.6737000000000001
6738 3.5 0.6738000000000001
6739 3.5 0.6739
6740 3.5 0.674
6741 3.5 0.6741
6742 3.5 0.6742
6743 3.5 0.6743
6744 3.5 0.6744
6745 3.5 0.6745
6746 3.5 0.6746
6747 3.5 0.6747000000000001
6748 3.5 0.6748000000000001
6749 3.5 0.6749
6750 3.5 0.675
6751 3.5 0.6751
6752 3.5 0.6752
6753 3.5 0.6753
6754 3.5 0.6754
6755 3.5 0.6755
6756 3.5 0.6756
6757 3.5 0.6757000000000001
6758 3.5 0.6758000000000001
6759 3.5 0.6759000000000001
6760 3.5 0.676
6761 3.5 0.6761
6762 3.5 0.6762
6763 3.5 0.6763
6764 3.5 0.6764
6765 3.5 0.6765
6766 3.5 0.6766
6767 3.5 0.6767000000000001
6768 3.5 0.6768000000000001
6769 3.5 0.6769000000000001
6770 3.5 0.677
6771 3.5 0.6771
6772 3.5 0.6772
6773 3.5 0.6773
6774 3.5 0.6774
6775 3.5 0.6775
6776 3.5 0.6776
6777 3.5 0.6777000000000001
6778 3.5 0.6778000000000001
6779 3.5 0.6779000000000001
6780 3.5 0.678
6781 3.5 0.6781
6782 3.5 0.6782
6783 3.5 0.6783
6784 3.5 0.6784
6785 3.5 0.6785
6786 3.5 0.6786
6787 3.5 0.6787000000000001
6788 3.5 0.6788000000000001
6789 3.5 0.6789000000000001
6790 3.5 0.679
6791 3.5 0.6791
6792 3.5 0.6792
6793 3.5 0.6793
6794 3.5 0.6794
6795 3.5 0.6795
6796 3.5 0.6796
6797 3.5 0.6797000000000001
6798 3.5 0.6798000000000001
6799 3.5 0.6799000000000001
6800 3.5 0.68
6801 3.5 0.6801
6802 3.5 0.6802
6803 3.5 0.6803
6804 3.5 0.6804
6805 3.5 0.6805
6806 3.5 0.6806
6807 3.5 0.6807000000000001
6808 3.5 0.6808000000000001
6809 3.5 0.6809000000000001
6810 3.5 0.681
6811 3.5 0.6811
6812 3.5 0.6812
6813 3.5 0.6813
6814 3.5 0.6814
6815 3.5 0.6815
6816 3.5 0.6816
6817 3.5 0.6817000000000001
6818 3.5 0.6818000000000001
6819 3.5 0.6819000000000001
6820 3.5 0.682
6821 3.5 0.6821
6822 3.5 0.6822
6823 3.5 0.6823
6824 3.5 0.6824
6825 3.5 0.6825
6826 3.5 0.6826
6827 3.5 0.6827000000000001
6828 3.5 0.6828000000000001
6829 3.5 0.6829000000000001
6830 3.5 0.683
6831 3.5 0.6831
6832 3.5 0.6832
6833 3.5 0.6833
6834 3.5 0.6834
6835 3.5 0.6835
6836 3.5 0.6836
6837 3.5 0.6837000000000001
6838 3.5 0.6838000000000001
6839 3.5 0.6839000000000001
6840 3.5 0.684
6841 3.5 0.6841
6842 3.5 0.6842
6843 3.5 0.6843
6844 3.5 0.6844
6845 3.5 0.6845
6846 3.5 0.6846
6847 3.5 0.6847000000000001
6848 3.5 0.6848000000000001
6849 3.5 0.6849000000000001
6850 3.5 0.685
6851 3.5 0.6851
6852 3.5 0.6852
6853 3.5 0.6853
6854 3.5 0.6854
6855 3.5 0.6855
6856 3.5 0.6856
6857 3.5 0.6857000000000001
6858 3.5 0.6858000000000001
6859 3.5 0.6859000000000001
6860 3.5 0.686
6861 3.5 0.6861
6862 3.5 0.6862
6863 3.5 0.6863
6864 3.5 0.6864
6865 3.5 0.6865
6866 3.5 0.6866
6867 3.5 0.6867000000000001
6868 3.5 0.6868000000000001
6869 3.5 0.6869000000000001
6870 3.5 0.687
6871 3.5 0.6871
6872 3.5 0.6872
6873 3.5 0.6873
6874 3.5 0.6874
6875 3.5 0.6875
6876 3.5 0.6876
6877 3.5 0.6877
6878 3.5 0.6878000000000001
6879 3.5 0.6879000000000001
6880 3.5 0.6880000000000001
6881 3.5 0.6881
6882 3.5 0.6882
6883 3.5 0.6883
6884 3.5 0.6884
6885 3.5 0.6885
6886 3.5 0.6886
6887 3.5 0.6887
6888 3.5 0.6888000000000001
6889 3.5 0.6889000000000001
6890 3.5 0.6890000000000001
6891 3.5 0.6891
6892 3.5 0.6892
6893 3.5 0.6893
6894 3.5 0.6894
6895 3.5 0.6895
6896 3.5 0.6896
6897 3.5 0.6897
6898 3.5 0.6898000000000001
6899 3.5 0.6899000000000001
6900 3.5 0.6900000000000001
6901 3.5 0.6901
6902 3.5 0.6902
6903 3.5 0.6903
6904 3.5 0.6904
6905 3.5 0.6905
6906 3.5 0.6906
6907 3.5 0.6907
6908 3.5 0.6908000000000001
6909 3.5 0.6909000000000001
6910 3.5 0.6910000000000001
6911 3.5 0.6911
6912 3.5 0.6912
6913 3.5 0.6913
6914 3.5 0.6914
6915 3.5 0.6915
6916 3.5 0.6916
6917 3.5 0.6917
6918 3.5 0.6918000000000001
6919 3.5 0.6919000000000001
6920 3.5 0.6920000000000001
6921 3.5 0.6921
6922 3.5 0.6922
6923 3.5 0.6923
6924 3.5 0.6924
6925 3.5 0.6925
6926 3.5 0.6926
6927 3.5 0.6927
6928 3.5 0.6928000000000001
6929 3.5 0.6929000000000001
6930 3.5 0.6930000000000001
6931 3.5 0.6931
6932 3.5 0.6932
6933 3.5 0.6933
6934 3.5 0.6934
6935 3.5 0.6935
6936 3.5 0.6936
6937 3.5 0.6937
6938 3.5 0.6938000000000001
6939 3.5 0.6939000000000001
6940 3.5 0.6940000000000001
6941 3.5 0.6941
6942 3.5 0.6942
6943 3.5 0.6943
6944 3.5 0.6944
6945 3.5 0.6945
6946 3.5 0.6946
6947 3.5 0.6947
6948 3.5 0.6948000000000001
6949 3.5 0.6949000000000001
6950 3.5 0.6950000000000001
6951 3.5 0.6951
6952 3.5 0.6952
6953 3.5 0.6953
6954 3.5 0.6954
6955 3.5 0.6955
6956 3.5 0.6956
6957 3.5 0.6957
6958 3.5 0.6958000000000001
6959 3.5 0.6959000000000001
6960 3.5 0.6960000000000001
6961 3.5 0.6961
6962 3.5 0.6962
6963 3.5 0.6963
6964 3.5 0.6964
6965 3.5 0.6965
6966 3.5 0.6966
6967 3.5 0.6967
6968 3.5 0.6968000000000001
6969 3.5 0.6969000000000001
6970 3.5 0.6970000000000001
6971 3.5 0.6971
6972 3.5 0.6972
6973 3.5 0.6973
6974 3.5 0.6974
6975 3.5 0.6975
6976 3.5 0.6976
6977 3.5 0.6977
6978 3.5 0.6978000000000001
6979 3.5 0.6979000000000001
6980 3.5 0.6980000000000001
6981 3.5 0.6981
6982 3.5 0.6982
6983 3.5 0.6983
6984 3.5 0.6984
6985 3.5 0.6985
6986 3.5 0.6986
6987 3.5 0.6987
6988 3.5 0.6988000000000001
6989 3.5 0.6989000000000001
6990 3.5 0.6990000000000001
6991 3.5 0.6991
6992 3.5 0.6992
6993 3.5 0.6993
6994 3.5 0.6994
6995 3.5 0.6995
6996 3.5 0.6996
6997 3.5 0.6997
6998 3.5 0.6998000000000001
6999 3.5 0.6999000000000001
7000 3.5 0.7000000000000001
7001 3.5 0.7001000000000001
7002 3.5 0.7002
7003 3.5 0.7003
7004 3.5 0.7004
7005 3.5 0.7005
7006 3.5 0.7006
7007 3.5 0.7007
7008 3.5 0.7008
7009 3.5 0.7009000000000001
7010 3.5 0.7010000000000001
7011 3.5 0.7011000000000001
7012 3.5 0.7012
7013 3.5 0.7013
7014 3.5 0.7014
7015 3.5 0.7015
7016 3.5 0.7016
7017 3.5 0.7017
7018 3.5 0.7018
7019 3.5 0.7019000000000001
7020 3.5 0.7020000000000001
7021 3.5 0.7021000000000001
7022 3.5 0.7022
7023 3.5 0.7023
7024 3.5 0.7024
7025 3.5 0.7025
7026 3.5 0.7026
7027 3.5 0.7027
7028 3.5 0.7028
7029 3.5 0.7029000000000001
7030 3.5 0.7030000000000001
7031 3.5 0.7031000000000001
7032 3.5 0.7032
7033 3.5 0.7033
7034 3.5 0.7034
7035 3.5 0.7035
7036 3.5 0.7036
7037 3.5 0.7037
7038 3.5 0.7038
7039 3.5 0.7039000000000001
7040 3.5 0.7040000000000001
7041 3.5 0.7041000000000001
7042 3.5 0.7042
7043 3.5 0.7043
7044 3.5 0.7044
7045 3.5 0.7045
7046 3.5 0.7046
7047 3.5 0.7047
7048 3.5 0.7048
7049 3.5 0.7049000000000001
7050 3.5 0.7050000000000001
7051 3.5 0.7051000000000001
7052 3.5 0.7052
7053 3.5 0.7053
7054 3.5 0.7054
7055 3.5 0.7055
7056 3.5 0.7056
7057 3.5 0.7057
7058 3.5 0.7058
7059 3.5 0.7059000000000001
7060 3.5 0.7060000000000001
7061 3.5 0.7061000000000001
7062 3.5 0.7062
7063 3.5 0.7063
7064 3.5 0.7064
7065 3.5 0.7065
7066 3.5 0.7066
7067 3.5 0.7067
7068 3.5 0.7068
7069 3.5 0.7069000000000001
7070 3.5 0.7070000000000001
7071 3.5 0.7071000000000001
7072 3.5 0.7072
7073 3.5 0.7073
7074 3.5 0.7074
7075 3.5 0.7075
7076 3.5 0.7076
7077 3.5 0.7077
7078 3.5 0.7078
7079 3.5 0.7079000000000001
7080 3.5 0.7080000000000001
7081 3.5 0.7081000000000001
7082 3.5 0.7082
7083 3.5 0.7083
7084 3.5 0.7084
7085 3.5 0.7085
7086 3.5 0.7086
7087 3.5 0.7087
7088 3.5 0.7088
7089 3.5 0.7089000000000001
7090 3.5 0.7090000000000001
7091 3.5 0.7091000000000001
7092 3.5 0.7092
7093 3.5 0.7093
7094 3.5 0.7094
7095 3.5 0.7095
7096 3.5 0.7096
7097 3.5 0.7097
7098 3.5 0.7098
7099 3.5 0.7099000000000001
7100 3.5 0.7100000000000001
7101 3.5 0.7101000000000001
7102 3.5 0.7102
7103 3.5 0.7103
7104 3.5 0.7104
7105 3.5 0.7105
7106 3.5 0.7106
7107 3.5 0.7107
7108 3.5 0.7108
7109 3.5 0.7109000000000001
7110 3.5 0.7110000000000001
7111 3.5 0.7111000000000001
7112 3.5 0.7112
7113 3.5 0.7113
7114 3.5 0.7114
7115 3.5 0.7115
7116 3.5 0.7116
7117 3.5 0.7117
7118 3.5 0.7118
7119 3.5 0.7119000000000001
7120 3.5 0.7120000000000001
7121 3.5 0.7121000000000001
7122 3.5 0.7122
7123 3.5 0.7123
7124 3.5 0.7124
7125 3.5 0.7125
7126 3.5 0.7126
7127 3.5 0.7127
7128 3.5 0.7128
7129 3.5 0.7129000000000001
7130 3.5 0.7130000000000001
7131 3.5 0.7131000000000001
7132 3.5 0.7132000000000001
7133 3.5 0.7133
7134 3.5 0.7134
7135 3.5 0.7135
7136 3.5 0.7136
7137 3.5 0.7137
7138 3.5 0.7138
7139 3.5 0.7139
7140 3.5 0.7140000000000001
7141 3.5 0.7141000000000001
7142 3.5 0.7142000000000001
7143 3.5 0.7143
7144 3.5 0.7144
7145 3.5 0.7145
7146 3.5 0.7146
7147 3.5 0.7147
7148 3.5 0.7148
7149 3.5 0.7149
7150 3.5 0.7150000000000001
7151 3.5 0.7151000000000001
7152 3.5 0.7152000000000001
7153 3.5 0.7153
7154 3.5 0.7154
7155 3.5 0.7155
7156 3.5 0.7156
7157 3.5 0.7157
7158 3.5 0.7158
7159 3.5 0.7159
7160 3.5 0.7160000000000001
7161 3.5 0.7161000000000001
7162 3.5 0.7162000000000001
7163 3.5 0.7163
7164 3.5 0.7164
7165 3.5 0.7165
7166 3.5 0.7166
7167 3.5 0.7167
7168 3.5 0.7168
7169 3.5 0.7169
7170 3.5 0.7170000000000001
7171 3.5 0.7171000000000001
7172 3.5 0.7172000000000001
7173 3.5 0.7173
7174 3.5 0.7174
7175 3.5 0.7175
7176 3.5 0.7176
7177 3.5 0.7177
7178 3.5 0.7178
7179 3.5 0.7179
7180 3.5 0.7180000000000001
7181 3.5 0.7181000000000001
7182 3.5 0.7182000000000001
7183 3.5 0.7183
7184 3.5 0.7184
7185 3.5 0.7185
7186 3.5 0.7186
7187 3.5 0.7187
7188 3.5 0.7188
7189 3.5 0.7189
7190 3.5 0.7190000000000001
7191 3.5 0.7191000000000001
7192 3.5 0.7192000000000001
7193 3.5 0.7193
7194 3.5 0.7194
7195 3.5 0.7195
7196 3.5 0.7196
7197 3.5 0.7197
7198 3.5 0.7198
7199 3.5 0.7199
7200 3.5 0.7200000000000001
7201 3.5 0.7201000000000001
7202 3.5 0.7202000000000001
7203 3.5 0.7203
7204 3.5 0.7204
7205 3.5 0.7205
7206 3.5 0.7206
7207 3.5 0.7207
7208 3.5 0.7208
7209 3.5 0.7209
7210 3.5 0.7210000000000001
7211 3.5 0.7211000000000001
7212 3.5 0.7212000000000001
7213 3.5 0.7213
7214 3.5 0.7214
7215 3.5 0.7215
7216 3.5 0.7216
7217 3.5 0.7217
7218 3.5 0.7218
7219 3.5 0.7219
7220 3.5 0.7220000000000001
7221 3.5 0.7221000000000001
7222 3.5 0.7222000000000001
7223 3.5 0.7223
7224 3.5 0.7224
7225 3.5 0.7225
7226 3.5 0.7226
7227 3.5 0.7227
7228 3.5 0.7228
7229 3.5 0.7229
7230 3.5 0.7230000000000001
7231 3.5 0.7231000000000001
7232 3.5 0.7232000000000001
7233 3.5 0.7233
7234 3.5 0.7234
7235 3.5 0.7235
7236 3.5 0.7236
7237 3.5 0.7237
7238 3.5 0.7238
7239 3.5 0.7239
7240 3.5 0.7240000000000001
7241 3.5 0.7241000000000001
7242 3.5 0.7242000000000001
7243 3.5 0.7243
7244 3.5 0.7244
7245 3.5 0.7245
7246 3.5 0.7246
7247 3.5 0.7247
7248 3.5 0.7248
7249 3.5 0.7249
7250 3.5 0.7250000000000001
7251 3.5 0.7251000000000001
7252 3.5 0.7252000000000001
7253 3.5 0.7253000000000001
7254 3.5 0.7254
7255 3.5 0.7255
7256 3.5 0.7256
7257 3.5 0.7257
7258 3.5 0.7258
7259 3.5 0.7259
7260 3.5 0.7260000000000001
7261 3.5 0.7261000000000001
7262 3.5 0.7262000000000001
7263 3.5 0.7263000000000001
7264 3.5 0.7264
7265 3.5 0.7265
7266 3.5 0.7266
7267 3.5 0.7267
7268 3.5 0.7268
7269 3.5 0.7269
7270 3.5 0.727
7271 3.5 0.7271000000000001
7272 3.5 0.7272000000000001
7273 3.5 0.7273000000000001
7274 3.5 0.7274
7275 3.5 0.7275
7276 3.5 0.7276
7277 3.5 0.7277
7278 3.5 0.7278
7279 3.5 0.7279
7280 3.5 0.728
7281 3.5 0.7281000000000001
7282 3.5 0.7282000000000001
7283 3.5 0.7283000000000001
7284 3.5 0.7284
7285 3.5 0.7285
7286 3.5 0.7286
7287 3.5 0.7287
7288 3.5 0.7288
7289 3.5 0.7289
7290 3.5 0.729
7291 3.5 0.7291000000000001
7292 3.5 0.7292000000000001
7293 3.5 0.7293000000000001
7294 3.5 0.7294
7295 3.5 0.7295
7296 3.5 0.7296
7297 3.5 0.7297
7298 3.5 0.7298
7299 3.5 0.7299
7300 3.5 0.73
7301 3.5 0.7301000000000001
7302 3.5 0.7302000000000001
7303 3.5 0.7303000000000001
7304 3.5 0.7304
7305 3.5 0.7305
7306 3.5 0.7306
7307 3.5 0.7307
7308 3.5 0.7308
7309 3.5 0.7309
7310 3.5 0.731
7311 3.5 0.7311000000000001
7312 3.5 0.7312000000000001
7313 3.5 0.7313000000000001
7314 3.5 0.7314
7315 3.5 0.7315
7316 3.5 0.7316
7317 3.5 0.7317
7318 3.5 0.7318
7319 3.5 0.7319
7320 3.5 0.732
7321 3.5 0.7321000000000001
7322 3.5 0.7322000000000001
7323 3.5 0.7323000000000001
7324 3.5 0.7324
7325 3.5 0.7325
7326 3.5 0.7326
7327 3.5 0.7327
7328 3.5 0.7328
7329 3.5 0.7329
7330 3.5 0.733
7331 3.5 0.7331000000000001
7332 3.5 0.7332000000000001
7333 3.5 0.7333000000000001
7334 3.5 0.7334
7335 3.5 0.7335
7336 3.5 0.7336
7337 3.5 0.7337
7338 3.5 0.7338
7339 3.5 0.7339
7340 3.5 0.734
7341 3.5 0.7341000000000001
7342 3.5 0.7342000000000001
7343 3.5 0.7343000000000001
7344 3.5 0.7344
7345 3.5 0.7345
7346 3.5 0.7346
7347 3.5 0.7347
7348 3.5 0.7348
7349 3.5 0.7349
7350 3.5 0.735
7351 3.5 0.7351000000000001
7352 3.5 0.7352000000000001
7353 3.5 0.7353000000000001
7354 3.5 0.7354
7355 3.5 0.7355
7356 3.5 0.7356
7357 3.5 0.7357
7358 3.5 0.7358
7359 3.5 0.7359
7360 3.5 0.736
7361 3.5 0.7361000000000001
7362 3.5 0.7362000000000001
7363 3.5 0.7363000000000001
7364 3.5 0.7364
7365 3.5 0.7365
7366 3.5 0.7366
7367 3.5 0.7367
7368 3.5 0.7368
7369 3.5 0.7369
7370 3.5 0.737
7371 3.5 0.7371000000000001
7372 3.5 0.7372000000000001
7373 3.5 0.7373000000000001
7374 3.5 0.7374
7375 3.5 0.7375
7376 3.5 0.7376
7377 3.5 0.7377
7378 3.5 0.7378
7379 3.5 0.7379
7380 3.5 0.738
7381 3.5 0.7381000000000001
7382 3.5 0.7382000000000001
7383 3.5 0.7383000000000001
7384 3.5 0.7384000000000001
7385 3.5 0.7385
7386 3.5 0.7386
7387 3.5 0.7387
7388 3.5 0.7388
7389 3.5 0.7389
7390 3.5 0.739
7391 3.5 0.7391000000000001
7392 3.5 0.7392000000000001
7393 3.5 0.7393000000000001
7394 3.5 0.7394000000000001
7395 3.5 0.7395
7396 3.5 0.7396
7397 3.5 0.7397
7398 3.5 0.7398
7399 3.5 0.7399
7400 3.5 0.74
7401 3.5 0.7401
7402 3.5 0.7402000000000001
7403 3.5 0.7403000000000001
7404 3.5 0.7404000000000001
7405 3.5 0.7405
7406 3.5 0.7406
7407 3.5 0.7407
7408 3.5 0.7408
7409 3.5 0.7409
7410 3.5 0.741
7411 3.5 0.7411
7412 3.5 0.7412000000000001
7413 3.5 0.7413000000000001
7414 3.5 0.7414000000000001
7415 3.5 0.7415
7416 3.5 0.7416
7417 3.5 0.7417
7418 3.5 0.7418
7419 3.5 0.7419
7420 3.5 0.742
7421 3.5 0.7421
7422 3.5 0.7422000000000001
7423 3.5 0.7423000000000001
7424 3.5 0.7424000000000001
7425 3.5 0.7425
7426 3.5 0.7426
7427 3.5 0.7427
7428 3.5 0.7428
7429 3.5 0.7429
7430 3.5 0.743
7431 3.5 0.7431
7432 3.5 0.7432000000000001
7433 3.5 0.7433000000000001
7434 3.5 0.7434000000000001
7435 3.5 0.7435
7436 3.5 0.7436
7437 3.5 0.7437
7438 3.5 0.7438
7439 3.5 0.7439
7440 3.5 0.744
7441 3.5 0.7441
7442 3.5 0.7442000000000001
7443 3.5 0.7443000000000001
7444 3.5 0.7444000000000001
7445 3.5 0.7445
7446 3.5 0.7446
7447 3.5 0.7447
7448 3.5 0.7448
7449 3.5 0.7449
7450 3.5 0.745
7451 3.5 0.7451
7452 3.5 0.7452000000000001
7453 3.5 0.7453000000000001
7454 3.5 0.7454000000000001
7455 3.5 0.7455
7456 3.5 0.7456
7457 3.5 0.7457
7458 3.5 0.7458
7459 3.5 0.7459
7460 3.5 0.746
7461 3.5 0.7461
7462 3.5 0.7462000000000001
7463 3.5 0.7463000000000001
7464 3.5 0.7464000000000001
7465 3.5 0.7465
7466 3.5 0.7466
7467 3.5 0.7467
7468 3.5 0.7468
7469 3.5 0.7469
7470 3.5 0.747
7471 3.5 0.7471
7472 3.5 0.7472000000000001
7473 3.5 0.7473000000000001
7474 3.5 0.7474000000000001
7475 3.5 0.7475
7476 3.5 0.7476
7477 3.5 0.7477
7478 3.5 0.7478
7479 3.5 0.7479
7480 3.5 0.748
7481 3.5 0.7481
7482 3.5 0.7482000000000001
7483 3.5 0.7483000000000001
7484 3.5 0.7484000000000001
7485 3.5 0.7485
7486 3.5 0.7486
7487 3.5 0.7487
7488 3.5 0.7488
7489 3.5 0.7489
7490 3.5 0.749
7491 3.5 0.7491
7492 3.5 0.7492000000000001
7493 3.5 0.7493000000000001
7494 3.5 0.7494000000000001
7495 3.5 0.7495
7496 3.5 0.7496
7497 3.5 0.7497
7498 3.5 0.7498
7499 3.5 0.7499
7500 3.5 0.75
7501 3.5 0.7501
7502 3.5 0.7502000000000001
7503 3.5 0.7503000000000001
7504 3.5 0.7504000000000001
7505 3.5 0.7505000000000001
7506 3.5 0.7506
7507 3.5 0.7507
7508 3.5 0.7508
7509 3.5 0.7509
7510 3.5 0.751
7511 3.5 0.7511
7512 3.5 0.7512000000000001
7513 3.5 0.7513000000000001
7514 3.5 0.7514000000000001
7515 3.5 0.7515000000000001
7516 3.5 0.7516
7517 3.5 0.7517
7518 3.5 0.7518
7519 3.5 0.7519
7520 3.5 0.752
7521 3.5 0.7521
7522 3.5 0.7522000000000001
7523 3.5 0.7523000000000001
7524 3.5 0.7524000000000001
7525 3.5 0.7525000000000001
7526 3.5 0.7526
7527 3.5 0.7527
7528 3.5 0.7528
7529 3.5 0.7529
7530 3.5 0.753
7531 3.5 0.7531
7532 3.5 0.7532
7533 3.5 0.7533000000000001
7534 3.5 0.7534000000000001
7535 3.5 0.7535000000000001
7536 3.5 0.7536
7537 3.5 0.7537
7538 3.5 0.7538
7539 3.5 0.7539
7540 3.5 0.754
7541 3.5 0.7541
7542 3.5 0.7542
7543 3.5 0.7543000000000001
7544 3.5 0.7544000000000001
7545 3.5 0.7545000000000001
7546 3.5 0.7546
7547 3.5 0.7547
7548 3.5 0.7548
7549 3.5 0.7549
7550 3.5 0.755
7551 3.5 0.7551
7552 3.5 0.7552
7553 3.5 0.7553000000000001
7554 3.5 0.7554000000000001
7555 3.5 0.7555000000000001
7556 3.5 0.7556
7557 3.5 0.7557
7558 3.5 0.7558
7559 3.5 0.7559
7560 3.5 0.756
7561 3.5 0.7561
7562 3.5 0.7562
7563 3.5 0.7563000000000001
7564 3.5 0.7564000000000001
7565 3.5 0.7565000000000001
7566 3.5 0.7566
7567 3.5 0.7567
7568 3.5 0.7568
7569 3.5 0.7569
7570 3.5 0.757
7571 3.5 0.7571
7572 3.5 0.7572
7573 3.5 0.7573000000000001
7574 3.5 0.7574000000000001
7575 3.5 0.7575000000000001
7576 3.5 0.7576
7577 3.5 0.7577
7578 3.5 0.7578
7579 3.5 0.7579
7580 3.5 0.758
7581 3.5 0.7581
7582 3.5 0.7582
7583 3.5 0.7583000000000001
7584 3.5 0.7584000000000001
7585 3.5 0.7585000000000001
7586 3.5 0.7586
7587 3.5 0.7587
7588 3.5 0.7588
7589 3.5 0.7589
7590 3.5 0.759
7591 3.5 0.7591
7592 3.5 0.7592
7593 3.5 0.7593000000000001
7594 3.5 0.7594000000000001
7595 3.5 0.7595000000000001
7596 3.5 0.7596
7597 3.5 0.7597
7598 3.5 0.7598
7599 3.5 0.7599
7600 3.5 0.76
7601 3.5 0.7601
7602 3.5 0.7602
7603 3.5 0.7603000000000001
7604 3.5 0.7604000000000001
7605 3.5 0.7605000000000001
7606 3.5 0.7606
7607 3.5 0.7607
7608 3.5 0.7608
7609 3.5 0.7609
7610 3.5 0.761
7611 3.5 0.7611
7612 3.5 0.7612
7613 3.5 0.7613000000000001
7614 3.5 0.7614000000000001
7615 3.5 0.7615000000000001
7616 3.5 0.7616
7617 3.5 0.7617
7618 3.5 0.7618
7619 3.5 0.7619
7620 3.5 0.762
7621 3.5 0.7621
7622 3.5 0.7622
7623 3.5 0.7623000000000001
7624 3.5 0.7624000000000001
7625 3.5 0.7625000000000001
7626 3.5 0.7626000000000001
7627 3.5 0.7627
7628 3.5 0.7628
7629 3.5 0.7629
7630 3.5 0.763
7631 3.5 0.7631
7632 3.5 0.7632
7633 3.5 0.7633000000000001
7634 3.5 0.7634000000000001
7635 3.5 0.7635000000000001
7636 3.5 0.7636000000000001
7637 3.5 0.7637
7638 3.5 0.7638
7639 3.5 0.7639
7640 3.5 0.764
7641 3.5 0.7641
7642 3.5 0.7642
7643 3.5 0.7643000000000001
7644 3.5 0.7644000000000001
7645 3.5 0.7645000000000001
7646 3.5 0.7646000000000001
7647 3.5 0.7647
7648 3.5 0.7648
7649 3.5 0.7649
7650 3.5 0.765
7651 3.5 0.7651
7652 3.5 0.7652
7653 3.5 0.7653000000000001
7654 3.5 0.7654000000000001
7655 3.5 0.7655000000000001
7656 3.5 0.7656000000000001
7657 3.5 0.7657
7658 3.5 0.7658
7659 3.5 0.7659
7660 3.5 0.766
7661 3.5 0.7661
7662 3.5 0.7662
7663 3.5 0.7663000000000001
7664 3.5 0.7664000000000001
7665 3.5 0.7665000000000001
7666 3.5 0.7666000000000001
7667 3.5 0.7667
7668 3.5 0.7668
7669 3.5 0.7669
7670 3.5 0.767
7671 3.5 0.7671
7672 3.5 0.7672
7673 3.5 0.7673
7674 3.5 0.7674000000000001
7675 3.5 0.7675000000000001
7676 3.5 0.7676000000000001
7677 3.5 0.7677
7678 3.5 0.7678
7679 3.5 0.7679
7680 3.5 0.768
7681 3.5 0.7681
7682 3.5 0.7682
7683 3.5 0.7683
7684 3.5 0.7684000000000001
7685 3.5 0.7685000000000001
7686 3.5 0.7686000000000001
7687 3.5 0.7687
7688 3.5 0.7688
7689 3.5 0.7689
7690 3.5 0.769
7691 3.5 0.7691
7692 3.5 0.7692
7693 3.5 0.7693
7694 3.5 0.7694000000000001
7695 3.5 0.7695000000000001
7696 3.5 0.7696000000000001
7697 3.5 0.7697
7698 3.5 0.7698
7699 3.5 0.7699
7700 3.5 0.77
7701 3.5 0.7701
7702 3.5 0.7702
7703 3.5 0.7703
7704 3.5 0.7704000000000001
7705 3.5 0.7705000000000001
7706 3.5 0.7706000000000001
7707 3.5 0.7707
7708 3.5 0.7708
7709 3.5 0.7709
7710 3.5 0.771
7711 3.5 0.7711
7712 3.5 0.7712
7713 3.5 0.7713
7714 3.5 0.7714000000000001
7715 3.5 0.7715000000000001
7716 3.5 0.7716000000000001
7717 3.5 0.7717
7718 3.5 0.7718
7719 3.5 0.7719
7720 3.5 0.772
7721 3.5 0.7721
7722 3.5 0.7722
7723 3.5 0.7723
7724 3.5 0.7724000000000001
7725 3.5 0.7725000000000001
7726 3.5 0.7726000000000001
7727 3.5 0.7727
7728 3.5 0.7728
7729 3.5 0.7729
7730 3.5 0.773
7731 3.5 0.7731
7732 3.5 0.7732
7733 3.5 0.7733
7734 3.5 0.7734000000000001
7735 3.5 0.7735000000000001
7736 3.5 0.7736000000000001
7737 3.5 0.7737
7738 3.5 0.7738
7739 3.5 0.7739
7740 3.5 0.774
7741 3.5 0.7741
7742 3.5 0.7742
7743 3.5 0.7743
7744 3.5 0.7744000000000001
7745 3.5 0.7745000000000001
7746 3.5 0.7746000000000001
7747 3.5 0.7747
7748 3.5 0.7748
7749 3.5 0.7749
7750 3.5 0.775
7751 3.5 0.7751
7752 3.5 0.7752
7753 3.5 0.7753
7754 3.5 0.7754000000000001
7755 3.5 0.7755000000000001
7756 3.5 0.7756000000000001
7757 3.5 0.7757000000000001
7758 3.5 0.7758
7759 3.5 0.7759
7760 3.5 0.776
7761 3.5 0.7761
7762 3.5 0.7762
7763 3.5 0.7763
7764 3.5 0.7764000000000001
7765 3.5 0.7765000000000001
7766 3.5 0.7766000000000001
7767 3.5 0.7767000000000001
7768 3.5 0.7768
7769 3.5 0.7769
7770 3.5 0.777
7771 3.5 0.7771
7772 3.5 0.7772
7773 3.5 0.7773
7774 3.5 0.7774000000000001
7775 3.5 0.7775000000000001
7776 3.5 0.7776000000000001
7777 3.5 0.7777000000000001
7778 3.5 0.7778
7779 3.5 0.7779
7780 3.5 0.778
7781 3.5 0.7781
7782 3.5 0.7782
7783 3.5 0.7783
7784 3.5 0.7784000000000001
7785 3.5 0.7785000000000001
7786 3.5 0.7786000000000001
7787 3.5 0.7787000000000001
7788 3.5 0.7788
7789 3.5 0.7789
7790 3.5 0.779
7791 3.5 0.7791
7792 3.5 0.7792
7793 3.5 0.7793
7794 3.5 0.7794000000000001
7795 3.5 0.7795000000000001
7796 3.5 0.7796000000000001
7797 3.5 0.7797000000000001
7798 3.5 0.7798
7799 3.5 0.7799
7800 3.5 0.78
7801 3.5 0.7801
7802 3.5 0.7802
7803 3.5 0.7803
7804 3.5 0.7804
7805 3.5 0.7805000000000001
7806 3.5 0.7806000000000001
7807 3.5 0.7807000000000001
7808 3.5 0.7808
7809 3.5 0.7809
7810 3.5 0.781
7811 3.5 0.7811
7812 3.5 0.7812
7813 3.5 0.7813
7814 3.5 0.7814
7815 3.5 0.7815000000000001
7816 3.5 0.7816000000000001
7817 3.5 0.7817000000000001
7818 3.5 0.7818
7819 3.5 0.7819
7820 3.5 0.782
7821 3.5 0.7821
7822 3.5 0.7822
7823 3.5 0.7823
7824 3.5 0.7824
7825 3.5 0.7825000000000001
7826 3.5 0.7826000000000001
7827 3.5 0.7827000000000001
7828 3.5 0.7828
7829 3.5 0.7829
7830 3.5 0.783
7831 3.5 0.7831
7832 3.5 0.7832
7833 3.5 0.7833
7834 3.5 0.7834
7835 3.5 0.7835000000000001
7836 3.5 0.7836000000000001
7837 3.5 0.7837000000000001
7838 3.5 0.7838
7839 3.5 0.7839
7840 3.5 0.784
7841 3.5 0.7841
7842 3.5 0.7842
7843 3.5 0.7843
7844 3.5 0.7844
7845 3.5 0.7845000000000001
7846 3.5 0.7846000000000001
7847 3.5 0.7847000000000001
7848 3.5 0.7848
7849 3.5 0.7849
7850 3.5 0.785
7851 3.5 0.7851
7852 3.5 0.7852
7853 3.5 0.7853
7854 3.5 0.7854
7855 3.5 0.7855000000000001
7856 3.5 0.7856000000000001
7857 3.5 0.7857000000000001
7858 3.5 0.7858
7859 3.5 0.7859
7860 3.5 0.786
7861 3.5 0.7861
7862 3.5 0.7862
7863 3.5 0.7863
7864 3.5 0.7864
7865 3.5 0.7865000000000001
7866 3.5 0.7866000000000001
7867 3.5 0.7867000000000001
7868 3.5 0.7868
7869 3.5 0.7869
7870 3.5 0.787
7871 3.5 0.7871
7872 3.5 0.7872
7873 3.5 0.7873
7874 3.5 0.7874
7875 3.5 0.7875000000000001
7876 3.5 0.7876000000000001
7877 3.5 0.7877000000000001
7878 3.5 0.7878000000000001
7879 3.5 0.7879
7880 3.5 0.788
7881 3.5 0.7881
7882 3.5 0.7882
7883 3.5 0.7883
7884 3.5 0.7884
7885 3.5 0.7885000000000001
7886 3.5 0.7886000000000001
7887 3.5 0.7887000000000001
7888 3.5 0.7888000000000001
7889 3.5 0.7889
7890 3.5 0.789
7891 3.5 0.7891
7892 3.5 0.7892
7893 3.5 0.7893
7894 3.5 0.7894
7895 3.5 0.7895000000000001
7896 3.5 0.7896000000000001
7897 3.5 0.7897000000000001
7898 3.5 0.7898000000000001
7899 3.5 0.7899
7900 3.5 0.79
7901 3.5 0.7901
7902 3.5 0.7902
7903 3.5 0.7903
7904 3.5 0.7904
7905 3.5 0.7905000000000001
7906 3.5 0.7906000000000001
7907 3.5 0.7907000000000001
7908 3.5 0.7908000000000001
7909 3.5 0.7909
7910 3.5 0.791
7911 3.5 0.7911
7912 3.5 0.7912
7913 3.5 0.7913
7914 3.5 0.7914
7915 3.5 0.7915000000000001
7916 3.5 0.7916000000000001
7917 3.5 0.7917000000000001
7918 3.5 0.7918000000000001
7919 3.5 0.7919
7920 3.5 0.792
7921 3.5 0.7921
7922 3.5 0.7922
7923 3.5 0.7923
7924 3.5 0.7924
7925 3.5 0.7925000000000001
7926 3.5 0.7926000000000001
7927 3.5 0.7927000000000001
7928 3.5 0.7928000000000001
7929 3.5 0.7929
7930 3.5 0.793
7931 3.5 0.7931
7932 3.5 0.7932
7933 3.5 0.7933
7934 3.5 0.7934
7935 3.5 0.7935
7936 3.5 0.7936000000000001
7937 3.5 0.7937000000000001
7938 3.5 0.7938000000000001
7939 3.5 0.7939
7940 3.5 0.794
7941 3.5 0.7941
7942 3.5 0.7942
7943 3.5 0.7943
7944 3.5 0.7944
7945 3.5 0.7945
7946 3.5 0.7946000000000001
7947 3.5 0.7947000000000001
7948 3.5 0.7948000000000001
7949 3.5 0.7949
7950 3.5 0.795
7951 3.5 0.7951
7952 3.5 0.7952
7953 3.5 0.7953
7954 3.5 0.7954
7955 3.5 0.7955
7956 3.5 0.7956000000000001
7957 3.5 0.7957000000000001
7958 3.5 0.7958000000000001
7959 3.5 0.7959
7960 3.5 0.796
7961 3.5 0.7961
7962 3.5 0.7962
7963 3.5 0.7963
7964 3.5 0.7964
7965 3.5 0.7965
7966 3.5 0.7966000000000001
7967 3.5 0.7967000000000001
7968 3.5 0.7968000000000001
7969 3.5 0.7969
7970 3.5 0.797
7971 3.5 0.7971
7972 3.5 0.7972
7973 3.5 0.7973
7974 3.5 0.7974
7975 3.5 0.7975
7976 3.5 0.7976000000000001
7977 3.5 0.7977000000000001
7978 3.5 0.7978000000000001
7979 3.5 0.7979
7980 3.5 0.798
7981 3.5 0.7981
7982 3.5 0.7982
7983 3.5 0.7983
7984 3.5 0.7984
7985 3.5 0.7985
7986 3.5 0.7986000000000001
7987 3.5 0.7987000000000001
7988 3.5 0.7988000000000001
7989 3.5 0.7989
7990 3.5 0.799
7991 3.5 0.7991
7992 3.5 0.7992
7993 3.5 0.7993
7994 3.5 0.7994
7995 3.5 0.7995
7996 3.5 0.7996000000000001
7997 3.5 0.7997000000000001
7998 3.5 0.7998000000000001
7999 3.5 0.7999
8000 3.5 0.8
8001 3.5 0.8001
8002 3.5 0.8002
8003 3.5 0.8003
8004 3.5 0.8004
8005 3.5 0.8005
8006 3.5 0.8006000000000001
8007 3.5 0.8007000000000001
8008 3.5 0.8008000000000001
8009 3.5 0.8009000000000001
8010 3.5 0.801
8011 3.5 0.8011
8012 3.5 0.8012
8013 3.5 0.8013
8014 3.5 0.8014
8015 3.5 0.8015
8016 3.5 0.8016000000000001
8017 3.5 0.8017000000000001
8018 3.5 0.8018000000000001
8019 3.5 0.8019000000000001
8020 3.5 0.802
8021 3.5 0.8021
8022 3.5 0.8022
8023 3.5 0.8023
8024 3.5 0.8024
8025 3.5 0.8025
8026 3.5 0.8026000000000001
8027 3.5 0.8027000000000001
8028 3.5 0.8028000000000001
8029 3.5 0.8029000000000001
8030 3.5 0.803
8031 3.5 0.8031
8032 3.5 0.8032
8033 3.5 0.8033
8034 3.5 0.8034
8035 3.5 0.8035
8036 3.5 0.8036000000000001
8037 3.5 0.8037000000000001
8038 3.5 0.8038000000000001
8039 3.5 0.8039000000000001
8040 3.5 0.804
8041 3.5 0.8041
8042 3.5 0.8042
8043 3.5 0.8043
8044 3.5 0.8044
8045 3.5 0.8045
8046 3.5 0.8046000000000001
8047 3.5 0.8047000000000001
8048 3.5 0.8048000000000001
8049 3.5 0.8049000000000001
8050 3.5 0.805
8051 3.5 0.8051
8052 3.5 0.8052
8053 3.5 0.8053
8054 3.5 0.8054
8055 3.5 0.8055
8056 3.5 0.8056000000000001
8057 3.5 0.8057000000000001
8058 3.5 0.8058000000000001
8059 3.5 0.8059000000000001
8060 3.5 0.806
8061 3.5 0.8061
8062 3.5 0.8062
8063 3.5 0.8063
8064 3.5 0.8064
8065 3.5 0.8065
8066 3.5 0.8066
8067 3.5 0.8067000000000001
8068 3.5 0.8068000000000001
8069 3.5 0.8069000000000001
8070 3.5 0.807
8071 3.5 0.8071
8072 3.5 0.8072
8073 3.5 0.8073
8074 3.5 0.8074
8075 3.5 0.8075
8076 3.5 0.8076
8077 3.5 0.8077000000000001
8078 3.5 0.8078000000000001
8079 3.5 0.8079000000000001
8080 3.5 0.808
8081 3.5 0.8081
8082 3.5 0.8082
8083 3.5 0.8083
8084 3.5 0.8084
8085 3.5 0.8085
8086 3.5 0.8086
8087 3.5 0.8087000000000001
8088 3.5 0.8088000000000001
8089 3.5 0.8089000000000001
8090 3.5 0.809
8091 3.5 0.8091
8092 3.5 0.8092
8093 3.5 0.8093
8094 3.5 0.8094
8095 3.5 0.8095
8096 3.5 0.8096
8097 3.5 0.8097000000000001
8098 3.5 0.8098000000000001
8099 3.5 0.8099000000000001
8100 3.5 0.81
8101 3.5 0.8101
8102 3.5 0.8102
8103 3.5 0.8103
8104 3.5 0.8104
8105 3.5 0.8105
8106 3.5 0.8106
8107 3.5 0.8107000000000001
8108 3.5 0.8108000000000001
8109 3.5 0.8109000000000001
8110 3.5 0.811
8111 3.5 0.8111
8112 3.5 0.8112
8113 3.5 0.8113
8114 3.5 0.8114
8115 3.5 0.8115
8116 3.5 0.8116
8117 3.5 0.8117000000000001
8118 3.5 0.8118000000000001
8119 3.5 0.8119000000000001
8120 3.5 0.812
8121 3.5 0.8121
8122 3.5 0.8122
8123 3.5 0.8123
8124 3.5 0.8124
8125 3.5 0.8125
8126 3.5 0.8126
8127 3.5 0.8127000000000001
8128 3.5 0.8128000000000001
8129 3.5 0.8129000000000001
8130 3.5 0.8130000000000001
8131 3.5 0.8131
8132 3.5 0.8132
8133 3.5 0.8133
8134 3.5 0.8134
8135 3.5 0.8135
8136 3.5 0.8136
8137 3.5 0.8137000000000001
8138 3.5 0.8138000000000001
8139 3.5 0.8139000000000001
8140 3.5 0.8140000000000001
8141 3.5 0.8141
8142 3.5 0.8142
8143 3.5 0.8143
8144 3.5 0.8144
8145 3.5 0.8145
8146 3.5 0.8146
8147 3.5 0.8147000000000001
8148 3.5 0.8148000000000001
8149 3.5 0.8149000000000001
8150 3.5 0.8150000000000001
8151 3.5 0.8151
8152 3.5 0.8152
8153 3.5 0.8153
8154 3.5 0.8154
8155 3.5 0.8155
8156 3.5 0.8156
8157 3.5 0.8157000000000001
8158 3.5 0.8158000000000001
8159 3.5 0.8159000000000001
8160 3.5 0.8160000000000001
8161 3.5 0.8161
8162 3.5 0.8162
8163 3.5 0.8163
8164 3.5 0.8164
8165 3.5 0.8165
8166 3.5 0.8166
8167 3.5 0.8167000000000001
8168 3.5 0.8168000000000001
8169 3.5 0.8169000000000001
8170 3.5 0.8170000000000001
8171 3.5 0.8171
8172 3.5 0.8172
8173 3.5 0.8173
8174 3.5 0.8174
8175 3.5 0.8175
8176 3.5 0.8176
8177 3.5 0.8177000000000001
8178 3.5 0.8178000000000001
8179 3.5 0.8179000000000001
8180 3.5 0.8180000000000001
8181 3.5 0.8181
8182 3.5 0.8182
8183 3.5 0.8183
8184 3.5 0.8184
8185 3.5 0.8185
8186 3.5 0.8186
8187 3.5 0.8187000000000001
8188 3.5 0.8188000000000001
8189 3.5 0.8189000000000001
8190 3.5 0.8190000000000001
8191 3.5 0.8191
8192 3.5 0.8192
8193 3.5 0.8193
8194 3.5 0.8194
8195 3.5 0.8195
8196 3.5 0.8196
8197 3.5 0.8197
8198 3.5 0.8198000000000001
8199 3.5 0.8199000000000001
8200 3.5 0.8200000000000001
8201 3.5 0.8201
8202 3.5 0.8202
8203 3.5 0.8203
8204 3.5 0.8204
8205 3.5 0.8205
8206 3.5 0.8206
8207 3.5 0.8207
8208 3.5 0.8208000000000001
8209 3.5 0.8209000000000001
8210 3.5 0.8210000000000001
8211 3.5 0.8211
8212 3.5 0.8212
8213 3.5 0.8213
8214 3.5 0.8214
8215 3.5 0.8215
8216 3.5 0.8216
8217 3.5 0.8217
8218 3.5 0.8218000000000001
8219 3.5 0.8219000000000001
8220 3.5 0.8220000000000001
8221 3.5 0.8221
8222 3.5 0.8222
8223 3.5 0.8223
8224 3.5 0.8224
8225 3.5 0.8225
8226 3.5 0.8226
8227 3.5 0.8227
8228 3.5 0.8228000000000001
8229 3.5 0.8229000000000001
8230 3.5 0.8230000000000001
8231 3.5 0.8231
8232 3.5 0.8232
8233 3.5 0.8233
8234 3.5 0.8234
8235 3.5 0.8235
8236 3.5 0.8236
8237 3.5 0.8237
8238 3.5 0.8238000000000001
8239 3.5 0.8239000000000001
8240 3.5 0.8240000000000001
8241 3.5 0.8241
8242 3.5 0.8242
8243 3.5 0.8243
8244 3.5 0.8244
8245 3.5 0.8245
8246 3.5 0.8246
8247 3.5 0.8247
8248 3.5 0.8248000000000001
8249 3.5 0.8249000000000001
8250 3.5 0.8250000000000001
8251 3.5 0.8251000000000001
8252 3.5 0.8252
8253 3.5 0.8253
8254 3.5 0.8254
8255 3.5 0.8255
8256 3.5 0.8256
8257 3.5 0.8257
8258 3.5 0.8258000000000001
8259 3.5 0.8259000000000001
8260 3.5 0.8260000000000001
8261 3.5 0.8261000000000001
8262 3.5 0.8262
8263 3.5 0.8263
8264 3.5 0.8264
8265 3.5 0.8265
8266 3.5 0.8266
8267 3.5 0.8267
8268 3.5 0.8268000000000001
8269 3.5 0.8269000000000001
8270 3.5 0.8270000000000001
8271 3.5 0.8271000000000001
8272 3.5 0.8272
8273 3.5 0.8273
8274 3.5 0.8274
8275 3.5 0.8275
8276 3.5 0.8276
8277 3.5 0.8277
8278 3.5 0.8278000000000001
8279 3.5 0.8279000000000001
8280 3.5 0.8280000000000001
8281 3.5 0.8281000000000001
8282 3.5 0.8282
8283 3.5 0.8283
8284 3.5 0.8284
8285 3.5 0.8285
8286 3.5 0.8286
8287 3.5 0.8287
8288 3.5 0.8288000000000001
8289 3.5 0.8289000000000001
8290 3.5 0.8290000000000001
8291 3.5 0.8291000000000001
8292 3.5 0.8292
8293 3.5 0.8293
8294 3.5 0.8294
8295 3.5 0.8295
8296 3.5 0.8296
8297 3.5 0.8297
8298 3.5 0.8298000000000001
8299 3.5 0.8299000000000001
8300 3.5 0.8300000000000001
8301 3.5 0.8301000000000001
8302 3.5 0.8302
8303 3.5 0.8303
8304 3.5 0.8304
8305 3.5 0.8305
8306 3.5 0.8306
8307 3.5 0.8307
8308 3.5 0.8308000000000001
8309 3.5 0.8309000000000001
8310 3.5 0.8310000000000001
8311 3.5 0.8311000000000001
8312 3.5 0.8312
8313 3.5 0.8313
8314 3.5 0.8314
8315 3.5 0.8315
8316 3.5 0.8316
8317 3.5 0.8317
8318 3.5 0.8318000000000001
8319 3.5 0.8319000000000001
8320 3.5 0.8320000000000001
8321 3.5 0.8321000000000001
8322 3.5 0.8322
8323 3.5 0.8323
8324 3.5 0.8324
8325 3.5 0.8325
8326 3.5 0.8326
8327 3.5 0.8327
8328 3.5 0.8328
8329 3.5 0.8329000000000001
8330 3.5 0.8330000000000001
8331 3.5 0.8331000000000001
8332 3.5 0.8332
8333 3.5 0.8333
8334 3.5 0.8334
8335 3.5 0.8335
8336 3.5 0.8336
8337 3.5 0.8337
8338 3.5 0.8338
8339 3.5 0.8339000000000001
8340 3.5 0.8340000000000001
8341 3.5 0.8341000000000001
8342 3.5 0.8342
8343 3.5 0.8343
8344 3.5 0.8344
8345 3.5 0.8345
8346 3.5 0.8346
8347 3.5 0.8347
8348 3.5 0.8348
8349 3.5 0.8349000000000001
8350 3.5 0.8350000000000001
8351 3.5 0.8351000000000001
8352 3.5 0.8352
8353 3.5 0.8353
8354 3.5 0.8354
8355 3.5 0.8355
8356 3.5 0.8356
8357 3.5 0.8357
8358 3.5 0.8358
8359 3.5 0.8359000000000001
8360 3.5 0.8360000000000001
8361 3.5 0.8361000000000001
8362 3.5 0.8362
8363 3.5 0.8363
8364 3.5 0.8364
8365 3.5 0.8365
8366 3.5 0.8366
8367 3.5 0.8367
8368 3.5 0.8368
8369 3.5 0.8369000000000001
8370 3.5 0.8370000000000001
8371 3.5 0.8371000000000001
8372 3.5 0.8372
8373 3.5 0.8373
8374 3.5 0.8374
8375 3.5 0.8375
8376 3.5 0.8376
8377 3.5 0.8377
8378 3.5 0.8378
8379 3.5 0.8379000000000001
8380 3.5 0.8380000000000001
8381 3.5 0.8381000000000001
8382 3.5 0.8382000000000001
8383 3.5 0.8383
8384 3.5 0.8384
8385 3.5 0.8385
8386 3.5 0.8386
8387 3.5 0.8387
8388 3.5 0.8388
8389 3.5 0.8389000000000001
8390 3.5 0.8390000000000001
8391 3.5 0.8391000000000001
8392 3.5 0.8392000000000001
8393 3.5 0.8393
8394 3.5 0.8394
8395 3.5 0.8395
8396 3.5 0.8396
8397 3.5 0.8397
8398 3.5 0.8398
8399 3.5 0.8399000000000001
8400 3.5 0.8400000000000001
8401 3.5 0.8401000000000001
8402 3.5 0.8402000000000001
8403 3.5 0.8403
8404 3.5 0.8404
8405 3.5 0.8405
8406 3.5 0.8406
8407 3.5 0.8407
8408 3.5 0.8408
8409 3.5 0.8409000000000001
8410 3.5 0.8410000000000001
8411 3.5 0.8411000000000001
8412 3.5 0.8412000000000001
8413 3.5 0.8413
8414 3.5 0.8414
8415 3.5 0.8415
8416 3.5 0.8416
8417 3.5 0.8417
8418 3.5 0.8418
8419 3.5 0.8419000000000001
8420 3.5 0.8420000000000001
8421 3.5 0.8421000000000001
8422 3.5 0.8422000000000001
8423 3.5 0.8423
8424 3.5 0.8424
8425 3.5 0.8425
8426 3.5 0.8426
8427 3.5 0.8427
8428 3.5 0.8428
8429 3.5 0.8429000000000001
8430 3.5 0.8430000000000001
8431 3.5 0.8431000000000001
8432 3.5 0.8432000000000001
8433 3.5 0.8433
8434 3.5 0.8434
8435 3.5 0.8435
8436 3.5 0.8436
8437 3.5 0.8437
8438 3.5 0.8438
8439 3.5 0.8439000000000001
8440 3.5 0.8440000000000001
8441 3.5 0.8441000000000001
8442 3.5 0.8442000000000001
8443 3.5 0.8443
8444 3.5 0.8444
8445 3.5 0.8445
8446 3.5 0.8446
8447 3.5 0.8447
8448 3.5 0.8448
8449 3.5 0.8449000000000001
8450 3.5 0.8450000000000001
8451 3.5 0.8451000000000001
8452 3.5 0.8452000000000001
8453 3.5 0.8453
8454 3.5 0.8454
8455 3.5 0.8455
8456 3.5 0.8456
8457 3.5 0.8457
8458 3.5 0.8458
8459 3.5 0.8459
8460 3.5 0.8460000000000001
8461 3.5 0.8461000000000001
8462 3.5 0.8462000000000001
8463 3.5 0.8463
8464 3.5 0.8464
8465 3.5 0.8465
8466 3.5 0.8466
8467 3.5 0.8467
8468 3.5 0.8468
8469 3.5 0.8469
8470 3.5 0.8470000000000001
8471 3.5 0.8471000000000001
8472 3.5 0.8472000000000001
8473 3.5 0.8473
8474 3.5 0.8474
8475 3.5 0.8475
8476 3.5 0.8476
8477 3.5 0.8477
8478 3.5 0.8478
8479 3.5 0.8479
8480 3.5 0.8480000000000001
8481 3.5 0.8481000000000001
8482 3.5 0.8482000000000001
8483 3.5 0.8483
8484 3.5 0.8484
8485 3.5 0.8485
8486 3.5 0.8486
8487 3.5 0.8487
8488 3.5 0.8488
8489 3.5 0.8489
8490 3.5 0.8490000000000001
8491 3.5 0.8491000000000001
8492 3.5 0.8492000000000001
8493 3.5 0.8493
8494 3.5 0.8494
8495 3.5 0.8495
8496 3.5 0.8496
8497 3.5 0.8497
8498 3.5 0.8498
8499 3.5 0.8499
8500 3.5 0.8500000000000001
8501 3.5 0.8501000000000001
8502 3.5 0.8502000000000001
8503 3.5 0.8503000000000001
8504 3.5 0.8504
8505 3.5 0.8505
8506 3.5 0.8506
8507 3.5 0.8507
8508 3.5 0.8508
8509 3.5 0.8509
8510 3.5 0.8510000000000001
8511 3.5 0.8511000000000001
8512 3.5 0.8512000000000001
8513 3.5 0.8513000000000001
8514 3.5 0.8514
8515 3.5 0.8515
8516 3.5 0.8516
8517 3.5 0.8517
8518 3.5 0.8518
8519 3.5 0.8519
8520 3.5 0.8520000000000001
8521 3.5 0.8521000000000001
8522 3.5 0.8522000000000001
8523 3.5 0.8523000000000001
8524 3.5 0.8524
8525 3.5 0.8525
8526 3.5 0.8526
8527 3.5 0.8527
8528 3.5 0.8528
8529 3.5 0.8529
8530 3.5 0.8530000000000001
8531 3.5 0.8531000000000001
8532 3.5 0.8532000000000001
8533 3.5 0.8533000000000001
8534 3.5 0.8534
8535 3.5 0.8535
8536 3.5 0.8536
8537 3.5 0.8537
8538 3.5 0.8538
8539 3.5 0.8539
8540 3.5 0.8540000000000001
8541 3.5 0.8541000000000001
8542 3.5 0.8542000000000001
8543 3.5 0.8543000000000001
8544 3.5 0.8544
8545 3.5 0.8545
8546 3.5 0.8546
8547 3.5 0.8547
8548 3.5 0.8548
8549 3.5 0.8549
8550 3.5 0.8550000000000001
8551 3.5 0.8551000000000001
8552 3.5 0.8552000000000001
8553 3.5 0.8553000000000001
8554 3.5 0.8554
8555 3.5 0.8555
8556 3.5 0.8556
8557 3.5 0.8557
8558 3.5 0.8558
8559 3.5 0.8559
8560 3.5 0.8560000000000001
8561 3.5 0.8561000000000001
8562 3.5 0.8562000000000001
8563 3.5 0.8563000000000001
8564 3.5 0.8564
8565 3.5 0.8565
8566 3.5 0.8566
8567 3.5 0.8567
8568 3.5 0.8568
8569 3.5 0.8569
8570 3.5 0.8570000000000001
8571 3.5 0.8571000000000001
8572 3.5 0.8572000000000001
8573 3.5 0.8573000000000001
8574 3.5 0.8574
8575 3.5 0.8575
8576 3.5 0.8576
8577 3.5 0.8577
8578 3.5 0.8578
8579 3.5 0.8579
8580 3.5 0.8580000000000001
8581 3.5 0.8581000000000001
8582 3.5 0.8582000000000001
8583 3.5 0.8583000000000001
8584 3.5 0.8584
8585 3.5 0.8585
8586 3.5 0.8586
8587 3.5 0.8587
8588 3.5 0.8588
8589 3.5 0.8589
8590 3.5 0.859
8591 3.5 0.8591000000000001
8592 3.5 0.8592000000000001
8593 3.5 0.8593000000000001
8594 3.5 0.8594
8595 3.5 0.8595
8596 3.5 0.8596
8597 3.5 0.8597
8598 3.5 0.8598
8599 3.5 0.8599
8600 3.5 0.86
8601 3.5 0.8601000000000001
8602 3.5 0.8602000000000001
8603 3.5 0.8603000000000001
8604 3.5 0.8604
8605 3.5 0.8605
8606 3.5 0.8606
8607 3.5 0.8607
8608 3.5 0.8608
8609 3.5 0.8609
8610 3.5 0.861
8611 3.5 0.8611000000000001
8612 3.5 0.8612000000000001
8613 3.5 0.8613000000000001
8614 3.5 0.8614
8615 3.5 0.8615
8616 3.5 0.8616
8617 3.5 0.8617
8618 3.5 0.8618
8619 3.5 0.8619
8620 3.5 0.862
8621 3.5 0.8621000000000001
8622 3.5 0.8622000000000001
8623 3.5 0.8623000000000001
8624 3.5 0.8624
8625 3.5 0.8625
8626 3.5 0.8626
8627 3.5 0.8627
8628 3.5 0.8628
8629 3.5 0.8629
8630 3.5 0.863
8631 3.5 0.8631000000000001
8632 3.5 0.8632000000000001
8633 3.5 0.8633000000000001
8634 3.5 0.8634000000000001
8635 3.5 0.8635
8636 3.5 0.8636
8637 3.5 0.8637
8638 3.5 0.8638
8639 3.5 0.8639
8640 3.5 0.864
8641 3.5 0.8641000000000001
8642 3.5 0.8642000000000001
8643 3.5 0.8643000000000001
8644 3.5 0.8644000000000001
8645 3.5 0.8645
8646 3.5 0.8646
8647 3.5 0.8647
8648 3.5 0.8648
8649 3.5 0.8649
8650 3.5 0.865
8651 3.5 0.8651000000000001
8652 3.5 0.8652000000000001
8653 3.5 0.8653000000000001
8654 3.5 0.8654000000000001
8655 3.5 0.8655
8656 3.5 0.8656
8657 3.5 0.8657
8658 3.5 0.8658
8659 3.5 0.8659
8660 3.5 0.866
8661 3.5 0.8661000000000001
8662 3.5 0.8662000000000001
8663 3.5 0.8663000000000001
8664 3.5 0.8664000000000001
8665 3.5 0.8665
8666 3.5 0.8666
8667 3.5 0.8667
8668 3.5 0.8668
8669 3.5 0.8669
8670 3.5 0.867
8671 3.5 0.8671000000000001
8672 3.5 0.8672000000000001
8673 3.5 0.8673000000000001
8674 3.5 0.8674000000000001
8675 3.5 0.8675
8676 3.5 0.8676
8677 3.5 0.8677
8678 3.5 0.8678
8679 3.5 0.8679
8680 3.5 0.868
8681 3.5 0.8681000000000001
8682 3.5 0.8682000000000001
8683 3.5 0.8683000000000001
8684 3.5 0.8684000000000001
8685 3.5 0.8685
8686 3.5 0.8686
8687 3.5 0.8687
8688 3.5 0.8688
8689 3.5 0.8689
8690 3.5 0.869
8691 3.5 0.8691000000000001
8692 3.5 0.8692000000000001
8693 3.5 0.8693000000000001
8694 3.5 0.8694000000000001
8695 3.5 0.8695
8696 3.5 0.8696
8697 3.5 0.8697
8698 3.5 0.8698
8699 3.5 0.8699
8700 3.5 0.87
8701 3.5 0.8701000000000001
8702 3.5 0.8702000000000001
8703 3.5 0.8703000000000001
8704 3.5 0.8704000000000001
8705 3.5 0.8705
8706 3.5 0.8706
8707 3.5 0.8707
8708 3.5 0.8708
8709 3.5 0.8709
8710 3.5 0.871
8711 3.5 0.8711000000000001
8712 3.5 0.8712000000000001
8713 3.5 0.8713000000000001
8714 3.5 0.8714000000000001
8715 3.5 0.8715
8716 3.5 0.8716
8717 3.5 0.8717
8718 3.5 0.8718
8719 3.5 0.8719
8720 3.5 0.872
8721 3.5 0.8721
8722 3.5 0.8722000000000001
8723 3.5 0.8723000000000001
8724 3.5 0.8724000000000001
8725 3.5 0.8725
8726 3.5 0.8726
8727 3.5 0.8727
8728 3.5 0.8728
8729 3.5 0.8729
8730 3.5 0.873
8731 3.5 0.8731
8732 3.5 0.8732000000000001
8733 3.5 0.8733000000000001
8734 3.5 0.8734000000000001
8735 3.5 0.8735
8736 3.5 0.8736
8737 3.5 0.8737
8738 3.5 0.8738
8739 3.5 0.8739
8740 3.5 0.874
8741 3.5 0.8741
8742 3.5 0.8742000000000001
8743 3.5 0.8743000000000001
8744 3.5 0.8744000000000001
8745 3.5 0.8745
8746 3.5 0.8746
8747 3.5 0.8747
8748 3.5 0.8748
8749 3.5 0.8749
8750 3.5 0.875
8751 3.5 0.8751
8752 3.5 0.8752000000000001
8753 3.5 0.8753000000000001
8754 3.5 0.8754000000000001
8755 3.5 0.8755000000000001
8756 3.5 0.8756
8757 3.5 0.8757
8758 3.5 0.8758
8759 3.5 0.8759
8760 3.5 0.876
8761 3.5 0.8761
8762 3.5 0.8762000000000001
8763 3.5 0.8763000000000001
8764 3.5 0.8764000000000001
8765 3.5 0.8765000000000001
8766 3.5 0.8766
8767 3.5 0.8767
8768 3.5 0.8768
8769 3.5 0.8769
8770 3.5 0.877
8771 3.5 0.8771
8772 3.5 0.8772000000000001
8773 3.5 0.8773000000000001
8774 3.5 0.8774000000000001
8775 3.5 0.8775000000000001
8776 3.5 0.8776
8777 3.5 0.8777
8778 3.5 0.8778
8779 3.5 0.8779
8780 3.5 0.878
8781 3.5 0.8781
8782 3.5 0.8782000000000001
8783 3.5 0.8783000000000001
8784 3.5 0.8784000000000001
8785 3.5 0.8785000000000001
8786 3.5 0.8786
8787 3.5 0.8787
8788 3.5 0.8788
8789 3.5 0.8789
8790 3.5 0.879
8791 3.5 0.8791
8792 3.5 0.8792000000000001
8793 3.5 0.8793000000000001
8794 3.5 0.8794000000000001
8795 3.5 0.8795000000000001
8796 3.5 0.8796
8797 3.5 0.8797
8798 3.5 0.8798
8799 3.5 0.8799
8800 3.5 0.88
8801 3.5 0.8801
8802 3.5 0.8802000000000001
8803 3.5 0.8803000000000001
8804 3.5 0.8804000000000001
8805 3.5 0.8805000000000001
8806 3.5 0.8806
8807 3.5 0.8807
8808 3.5 0.8808
8809 3.5 0.8809
8810 3.5 0.881
8811 3.5 0.8811
8812 3.5 0.8812000000000001
8813 3.5 0.8813000000000001
8814 3.5 0.8814000000000001
8815 3.5 0.8815000000000001
8816 3.5 0.8816
8817 3.5 0.8817
8818 3.5 0.8818
8819 3.5 0.8819
8820 3.5 0.882
8821 3.5 0.8821
8822 3.5 0.8822000000000001
8823 3.5 0.8823000000000001
8824 3.5 0.8824000000000001
8825 3.5 0.8825000000000001
8826 3.5 0.8826
8827 3.5 0.8827
8828 3.5 0.8828
8829 3.5 0.8829
8830 3.5 0.883
8831 3.5 0.8831
8832 3.5 0.8832000000000001
8833 3.5 0.8833000000000001
8834 3.5 0.8834000000000001
8835 3.5 0.8835000000000001
8836 3.5 0.8836
8837 3.5 0.8837
8838 3.5 0.8838
8839 3.5 0.8839
8840 3.5 0.884
8841 3.5 0.8841
8842 3.5 0.8842000000000001
8843 3.5 0.8843000000000001
8844 3.5 0.8844000000000001
8845 3.5 0.8845000000000001
8846 3.5 0.8846
8847 3.5 0.8847
8848 3.5 0.8848
8849 3.5 0.8849
8850 3.5 0.885
8851 3.5 0.8851
8852 3.5 0.8852000000000001
8853 3.5 0.8853000000000001
8854 3.5 0.8854000000000001
8855 3.5 0.8855000000000001
8856 3.5 0.8856
8857 3.5 0.8857
8858 3.5 0.8858
8859 3.5 0.8859
8860 3.5 0.886
8861 3.5 0.8861
8862 3.5 0.8862
8863 3.5 0.8863000000000001
8864 3.5 0.8864000000000001
8865 3.5 0.8865000000000001
8866 3.5 0.8866
8867 3.5 0.8867
8868 3.5 0.8868
8869 3.5 0.8869
8870 3.5 0.887
8871 3.5 0.8871
8872 3.5 0.8872
8873 3.5 0.8873000000000001
8874 3.5 0.8874000000000001
8875 3.5 0.8875000000000001
8876 3.5 0.8876000000000001
8877 3.5 0.8877
8878 3.5 0.8878
8879 3.5 0.8879
8880 3.5 0.888
8881 3.5 0.8881
8882 3.5 0.8882
8883 3.5 0.8883000000000001
8884 3.5 0.8884000000000001
8885 3.5 0.8885000000000001
8886 3.5 0.8886000000000001
8887 3.5 0.8887
8888 3.5 0.8888
8889 3.5 0.8889
8890 3.5 0.889
8891 3.5 0.8891
8892 3.5 0.8892
8893 3.5 0.8893000000000001
8894 3.5 0.8894000000000001
8895 3.5 0.8895000000000001
8896 3.5 0.8896000000000001
8897 3.5 0.8897
8898 3.5 0.8898
8899 3.5 0.8899
8900 3.5 0.89
8901 3.5 0.8901
8902 3.5 0.8902
8903 3.5 0.8903000000000001
8904 3.5 0.8904000000000001
8905 3.5 0.8905000000000001
8906 3.5 0.8906000000000001
8907 3.5 0.8907
8908 3.5 0.8908
8909 3.5 0.8909
8910 3.5 0.891
8911 3.5 0.8911
8912 3.5 0.8912
8913 3.5 0.8913000000000001
8914 3.5 0.8914000000000001
8915 3.5 0.8915000000000001
8916 3.5 0.8916000000000001
8917 3.5 0.8917
8918 3.5 0.8918
8919 3.5 0.8919
8920 3.5 0.892
8921 3.5 0.8921
8922 3.5 0.8922
8923 3.5 0.8923000000000001
8924 3.5 0.8924000000000001
8925 3.5 0.8925000000000001
8926 3.5 0.8926000000000001
8927 3.5 0.8927
8928 3.5 0.8928
8929 3.5 0.8929
8930 3.5 0.893
8931 3.5 0.8931
8932 3.5 0.8932
8933 3.5 0.8933000000000001
8934 3.5 0.8934000000000001
8935 3.5 0.8935000000000001
8936 3.5 0.8936000000000001
8937 3.5 0.8937
8938 3.5 0.8938
8939 3.5 0.8939
8940 3.5 0.894
8941 3.5 0.8941
8942 3.5 0.8942
8943 3.5 0.8943000000000001
8944 3.5 0.8944000000000001
8945 3.5 0.8945000000000001
8946 3.5 0.8946000000000001
8947 3.5 0.8947
8948 3.5 0.8948
8949 3.5 0.8949
8950 3.5 0.895
8951 3.5 0.8951
8952 3.5 0.8952
8953 3.5 0.8953000000000001
8954 3.5 0.8954000000000001
8955 3.5 0.8955000000000001
8956 3.5 0.8956000000000001
8957 3.5 0.8957
8958 3.5 0.8958
8959 3.5 0.8959
8960 3.5 0.896
8961 3.5 0.8961
8962 3.5 0.8962
8963 3.5 0.8963000000000001
8964 3.5 0.8964000000000001
8965 3.5 0.8965000000000001
8966 3.5 0.8966000000000001
8967 3.5 0.8967
8968 3.5 0.8968
8969 3.5 0.8969
8970 3.5 0.897
8971 3.5 0.8971
8972 3.5 0.8972
8973 3.5 0.8973000000000001
8974 3.5 0.8974000000000001
8975 3.5 0.8975000000000001
8976 3.5 0.8976000000000001
8977 3.5 0.8977
8978 3.5 0.8978
8979 3.5 0.8979
8980 3.5 0.898
8981 3.5 0.8981
8982 3.5 0.8982
8983 3.5 0.8983000000000001
8984 3.5 0.8984000000000001
8985 3.5 0.8985000000000001
8986 3.5 0.8986000000000001
8987 3.5 0.8987
8988 3.5 0.8988
8989 3.5 0.8989
8990 3.5 0.899
8991 3.5 0.8991
8992 3.5 0.8992
8993 3.5 0.8993
8994 3.5 0.8994000000000001
8995 3.5 0.8995000000000001
8996 3.5 0.8996000000000001
8997 3.5 0.8997
8998 3.5 0.8998
8999 3.5 0.8999
9000 3.5 0.9
9001 3.5 0.9001
9002 3.5 0.9002
9003 3.5 0.9003
9004 3.5 0.9004000000000001
9005 3.5 0.9005000000000001
9006 3.5 0.9006000000000001
9007 3.5 0.9007000000000001
9008 3.5 0.9008
9009 3.5 0.9009
9010 3.5 0.901
9011 3.5 0.9011
9012 3.5 0.9012
9013 3.5 0.9013
9014 3.5 0.9014000000000001
9015 3.5 0.9015000000000001
9016 3.5 0.9016000000000001
9017 3.5 0.9017000000000001
9018 3.5 0.9018
9019 3.5 0.9019
9020 3.5 0.902
9021 3.5 0.9021
9022 3.5 0.9022
9023 3.5 0.9023
9024 3.5 0.9024000000000001
9025 3.5 0.9025000000000001
9026 3.5 0.9026000000000001
9027 3.5 0.9027000000000001
9028 3.5 0.9028
9029 3.5 0.9029
9030 3.5 0.903
9031 3.5 0.9031
9032 3.5 0.9032
9033 3.5 0.9033
9034 3.5 0.9034000000000001
9035 3.5 0.9035000000000001
9036 3.5 0.9036000000000001
9037 3.5 0.9037000000000001
9038 3.5 0.9038
9039 3.5 0.9039
9040 3.5 0.904
9041 3.5 0.9041
9042 3.5 0.9042
9043 3.5 0.9043
9044 3.5 0.9044000000000001
9045 3.5 0.9045000000000001
9046 3.5 0.9046000000000001
9047 3.5 0.9047000000000001
9048 3.5 0.9048
9049 3.5 0.9049
9050 3.5 0.905
9051 3.5 0.9051
9052 3.5 0.9052
9053 3.5 0.9053
9054 3.5 0.9054000000000001
9055 3.5 0.9055000000000001
9056 3.5 0.9056000000000001
9057 3.5 0.9057000000000001
9058 3.5 0.9058
9059 3.5 0.9059
9060 3.5 0.906
9061 3.5 0.9061
9062 3.5 0.9062
9063 3.5 0.9063
9064 3.5 0.9064000000000001
9065 3.5 0.9065000000000001
9066 3.5 0.9066000000000001
9067 3.5 0.9067000000000001
9068 3.5 0.9068
9069 3.5 0.9069
9070 3.5 0.907
9071 3.5 0.9071
9072 3.5 0.9072
9073 3.5 0.9073
9074 3.5 0.9074000000000001
9075 3.5 0.9075000000000001
9076 3.5 0.9076000000000001
9077 3.5 0.9077000000000001
9078 3.5 0.9078
9079 3.5 0.9079
9080 3.5 0.908
9081 3.5 0.9081
9082 3.5 0.9082
9083 3.5 0.9083
9084 3.5 0.9084000000000001
9085 3.5 0.9085000000000001
9086 3.5 0.9086000000000001
9087 3.5 0.9087000000000001
9088 3.5 0.9088
9089 3.5 0.9089
9090 3.5 0.909
9091 3.5 0.9091
9092 3.5 0.9092
9093 3.5 0.9093
9094 3.5 0.9094000000000001
9095 3.5 0.9095000000000001
9096 3.5 0.9096000000000001
9097 3.5 0.9097000000000001
9098 3.5 0.9098
9099 3.5 0.9099
9100 3.5 0.91
9101 3.5 0.9101
9102 3.5 0.9102
9103 3.5 0.9103
9104 3.5 0.9104000000000001
9105 3.5 0.9105000000000001
9106 3.5 0.9106000000000001
9107 3.5 0.9107000000000001
9108 3.5 0.9108
9109 3.5 0.9109
9110 3.5 0.911
9111 3.5 0.9111
9112 3.5 0.9112
9113 3.5 0.9113
9114 3.5 0.9114000000000001
9115 3.5 0.9115000000000001
9116 3.5 0.9116000000000001
9117 3.5 0.9117000000000001
9118 3.5 0.9118
9119 3.5 0.9119
9120 3.5 0.912
9121 3.5 0.9121
9122 3.5 0.9122
9123 3.5 0.9123
9124 3.5 0.9124
9125 3.5 0.9125000000000001
9126 3.5 0.9126000000000001
9127 3.5 0.9127000000000001
9128 3.5 0.9128000000000001
9129 3.5 0.9129
9130 3.5 0.913
9131 3.5 0.9131
9132 3.5 0.9132
9133 3.5 0.9133
9134 3.5 0.9134
9135 3.5 0.9135000000000001
9136 3.5 0.9136000000000001
9137 3.5 0.9137000000000001
9138 3.5 0.9138000000000001
9139 3.5 0.9139
9140 3.5 0.914
9141 3.5 0.9141
9142 3.5 0.9142
9143 3.5 0.9143
9144 3.5 0.9144
9145 3.5 0.9145000000000001
9146 3.5 0.9146000000000001
9147 3.5 0.9147000000000001
9148 3.5 0.9148000000000001
9149 3.5 0.9149
9150 3.5 0.915
9151 3.5 0.9151
9152 3.5 0.9152
9153 3.5 0.9153
9154 3.5 0.9154
9155 3.5 0.9155000000000001
9156 3.5 0.9156000000000001
9157 3.5 0.9157000000000001
9158 3.5 0.9158000000000001
9159 3.5 0.9159
9160 3.5 0.916
9161 3.5 0.9161
9162 3.5 0.9162
9163 3.5 0.9163
9164 3.5 0.9164
9165 3.5 0.9165000000000001
9166 3.5 0.9166000000000001
9167 3.5 0.9167000000000001
9168 3.5 0.9168000000000001
9169 3.5 0.9169
9170 3.5 0.917
9171 3.5 0.9171
9172 3.5 0.9172
9173 3.5 0.9173
9174 3.5 0.9174
9175 3.5 0.9175000000000001
9176 3.5 0.9176000000000001
9177 3.5 0.9177000000000001
9178 3.5 0.9178000000000001
9179 3.5 0.9179
9180 3.5 0.918
9181 3.5 0.9181
9182 3.5 0.9182
9183 3.5 0.9183
9184 3.5 0.9184
9185 3.5 0.9185000000000001
9186 3.5 0.9186000000000001
9187 3.5 0.9187000000000001
9188 3.5 0.9188000000000001
9189 3.5 0.9189
9190 3.5 0.919
9191 3.5 0.9191
9192 3.5 0.9192
9193 3.5 0.9193
9194 3.5 0.9194
9195 3.5 0.9195000000000001
9196 3.5 0.9196000000000001
9197 3.5 0.9197000000000001
9198 3.5 0.9198000000000001
9199 3.5 0.9199
9200 3.5 0.92
9201 3.5 0.9201
9202 3.5 0.9202
9203 3.5 0.9203
9204 3.5 0.9204
9205 3.5 0.9205000000000001
9206 3.5 0.9206000000000001
9207 3.5 0.9207000000000001
9208 3.5 0.9208000000000001
9209 3.5 0.9209
9210 3.5 0.921
9211 3.5 0.9211
9212 3.5 0.9212
9213 3.5 0.9213
9214 3.5 0.9214
9215 3.5 0.9215000000000001
9216 3.5 0.9216000000000001
9217 3.5 0.9217000000000001
9218 3.5 0.9218000000000001
9219 3.5 0.9219
9220 3.5 0.922
9221 3.5 0.9221
9222 3.5 0.9222
9223 3.5 0.9223
9224 3.5 0.9224
9225 3.5 0.9225000000000001
9226 3.5 0.9226000000000001
9227 3.5 0.9227000000000001
9228 3.5 0.9228000000000001
9229 3.5 0.9229
9230 3.5 0.923
9231 3.5 0.9231
9232 3.5 0.9232
9233 3.5 0.9233
9234 3.5 0.9234
9235 3.5 0.9235000000000001
9236 3.5 0.9236000000000001
9237 3.5 0.9237000000000001
9238 3.5 0.9238000000000001
9239 3.5 0.9239
9240 3.5 0.924
9241 3.5 0.9241
9242 3.5 0.9242
9243 3.5 0.9243
9244 3.5 0.9244
9245 3.5 0.9245000000000001
9246 3.5 0.9246000000000001
9247 3.5 0.9247000000000001
9248 3.5 0.9248000000000001
9249 3.5 0.9249
9250 3.5 0.925
9251 3.5 0.9251
9252 3.5 0.9252
9253 3.5 0.9253
9254 3.5 0.9254
9255 3.5 0.9255
9256 3.5 0.9256000000000001
9257 3.5 0.9257000000000001
9258 3.5 0.9258000000000001
9259 3.5 0.9259000000000001
9260 3.5 0.926
9261 3.5 0.9261
9262 3.5 0.9262
9263 3.5 0.9263
9264 3.5 0.9264
9265 3.5 0.9265
9266 3.5 0.9266000000000001
9267 3.5 0.9267000000000001
9268 3.5 0.9268000000000001
9269 3.5 0.9269000000000001
9270 3.5 0.927
9271 3.5 0.9271
9272 3.5 0.9272
9273 3.5 0.9273
9274 3.5 0.9274
9275 3.5 0.9275
9276 3.5 0.9276000000000001
9277 3.5 0.9277000000000001
9278 3.5 0.9278000000000001
9279 3.5 0.9279000000000001
9280 3.5 0.928
9281 3.5 0.9281
9282 3.5 0.9282
9283 3.5 0.9283
9284 3.5 0.9284
9285 3.5 0.9285
9286 3.5 0.9286000000000001
9287 3.5 0.9287000000000001
9288 3.5 0.9288000000000001
9289 3.5 0.9289000000000001
9290 3.5 0.929
9291 3.5 0.9291
9292 3.5 0.9292
9293 3.5 0.9293
9294 3.5 0.9294
9295 3.5 0.9295
9296 3.5 0.9296000000000001
9297 3.5 0.9297000000000001
9298 3.5 0.9298000000000001
9299 3.5 0.9299000000000001
9300 3.5 0.93
9301 3.5 0.9301
9302 3.5 0.9302
9303 3.5 0.9303
9304 3.5 0.9304
9305 3.5 0.9305
9306 3.5 0.9306000000000001
9307 3.5 0.9307000000000001
9308 3.5 0.9308000000000001
9309 3.5 0.9309000000000001
9310 3.5 0.931
9311 3.5 0.9311
9312 3.5 0.9312
9313 3.5 0.9313
9314 3.5 0.9314
9315 3.5 0.9315
9316 3.5 0.9316000000000001
9317 3.5 0.9317000000000001
9318 3.5 0.9318000000000001
9319 3.5 0.9319000000000001
9320 3.5 0.932
9321 3.5 0.9321
9322 3.5 0.9322
9323 3.5 0.9323
9324 3.5 0.9324
9325 3.5 0.9325
9326 3.5 0.9326000000000001
9327 3.5 0.9327000000000001
9328 3.5 0.9328000000000001
9329 3.5 0.9329000000000001
9330 3.5 0.933
9331 3.5 0.9331
9332 3.5 0.9332
9333 3.5 0.9333
9334 3.5 0.9334
9335 3.5 0.9335
9336 3.5 0.9336000000000001
9337 3.5 0.9337000000000001
9338 3.5 0.9338000000000001
9339 3.5 0.9339000000000001
9340 3.5 0.934
9341 3.5 0.9341
9342 3.5 0.9342
9343 3.5 0.9343
9344 3.5 0.9344
9345 3.5 0.9345
9346 3.5 0.9346000000000001
9347 3.5 0.9347000000000001
9348 3.5 0.9348000000000001
9349 3.5 0.9349000000000001
9350 3.5 0.935
9351 3.5 0.9351
9352 3.5 0.9352
9353 3.5 0.9353
9354 3.5 0.9354
9355 3.5 0.9355
9356 3.5 0.9356000000000001
9357 3.5 0.9357000000000001
9358 3.5 0.9358000000000001
9359 3.5 0.9359000000000001
9360 3.5 0.936
9361 3.5 0.9361
9362 3.5 0.9362
9363 3.5 0.9363
9364 3.5 0.9364
9365 3.5 0.9365
9366 3.5 0.9366000000000001
9367 3.5 0.9367000000000001
9368 3.5 0.9368000000000001
9369 3.5 0.9369000000000001
9370 3.5 0.937
9371 3.5 0.9371
9372 3.5 0.9372
9373 3.5 0.9373
9374 3.5 0.9374
9375 3.5 0.9375
9376 3.5 0.9376000000000001
9377 3.5 0.9377000000000001
9378 3.5 0.9378000000000001
9379 3.5 0.9379000000000001
9380 3.5 0.9380000000000001
9381 3.5 0.9381
9382 3.5 0.9382
9383 3.5 0.9383
9384 3.5 0.9384
9385 3.5 0.9385
9386 3.5 0.9386
9387 3.5 0.9387000000000001
9388 3.5 0.9388000000000001
9389 3.5 0.9389000000000001
9390 3.5 0.9390000000000001
9391 3.5 0.9391
9392 3.5 0.9392
9393 3.5 0.9393
9394 3.5 0.9394
9395 3.5 0.9395
9396 3.5 0.9396
9397 3.5 0.9397000000000001
9398 3.5 0.9398000000000001
9399 3.5 0.9399000000000001
9400 3.5 0.9400000000000001
9401 3.5 0.9401
9402 3.5 0.9402
9403 3.5 0.9403
9404 3.5 0.9404
9405 3.5 0.9405
9406 3.5 0.9406
9407 3.5 0.9407000000000001
9408 3.5 0.9408000000000001
9409 3.5 0.9409000000000001
9410 3.5 0.9410000000000001
9411 3.5 0.9411
9412 3.5 0.9412
9413 3.5 0.9413
9414 3.5 0.9414
9415 3.5 0.9415
9416 3.5 0.9416
9417 3.5 0.9417000000000001
9418 3.5 0.9418000000000001
9419 3.5 0.9419000000000001
9420 3.5 0.9420000000000001
9421 3.5 0.9421
9422 3.5 0.9422
9423 3.5 0.9423
9424 3.5 0.9424
9425 3.5 0.9425
9426 3.5 0.9426
9427 3.5 0.9427000000000001
9428 3.5 0.9428000000000001
9429 3.5 0.9429000000000001
9430 3.5 0.9430000000000001
9431 3.5 0.9431
9432 3.5 0.9432
9433 3.5 0.9433
9434 3.5 0.9434
9435 3.5 0.9435
9436 3.5 0.9436
9437 3.5 0.9437000000000001
9438 3.5 0.9438000000000001
9439 3.5 0.9439000000000001
9440 3.5 0.9440000000000001
9441 3.5 0.9441
9442 3.5 0.9442
9443 3.5 0.9443
9444 3.5 0.9444
9445 3.5 0.9445
9446 3.5 0.9446
9447 3.5 0.9447000000000001
9448 3.5 0.9448000000000001
9449 3.5 0.9449000000000001
9450 3.5 0.9450000000000001
9451 3.5 0.9451
9452 3.5 0.9452
9453 3.5 0.9453
9454 3.5 0.9454
9455 3.5 0.9455
9456 3.5 0.9456
9457 3.5 0.9457000000000001
9458 3.5 0.9458000000000001
9459 3.5 0.9459000000000001
9460 3.5 0.9460000000000001
9461 3.5 0.9461
9462 3.5 0.9462
9463 3.5 0.9463
9464 3.5 0.9464
9465 3.5 0.9465
9466 3.5 0.9466
9467 3.5 0.9467000000000001
9468 3.5 0.9468000000000001
9469 3.5 0.9469000000000001
9470 3.5 0.9470000000000001
9471 3.5 0.9471
9472 3.5 0.9472
9473 3.5 0.9473
9474 3.5 0.9474
9475 3.5 0.9475
9476 3.5 0.9476
9477 3.5 0.9477000000000001
9478 3.5 0.9478000000000001
9479 3.5 0.9479000000000001
9480 3.5 0.9480000000000001
9481 3.5 0.9481
9482 3.5 0.9482
9483 3.5 0.9483
9484 3.5 0.9484
9485 3.5 0.9485
9486 3.5 0.9486
9487 3.5 0.9487000000000001
9488 3.5 0.9488000000000001
9489 3.5 0.9489000000000001
9490 3.5 0.9490000000000001
9491 3.5 0.9491
9492 3.5 0.9492
9493 3.5 0.9493
9494 3.5 0.9494
9495 3.5 0.9495
9496 3.5 0.9496
9497 3.5 0.9497000000000001
9498 3.5 0.9498000000000001
9499 3.5 0.9499000000000001
9500 3.5 0.9500000000000001
9501 3.5 0.9501000000000001
9502 3.5 0.9502
9503 3.5 0.9503
9504 3.5 0.9504
9505 3.5 0.9505
9506 3.5 0.9506
9507 3.5 0.9507000000000001
9508 3.5 0.9508000000000001
9509 3.5 0.9509000000000001
9510 3.5 0.9510000000000001
9511 3.5 0.9511000000000001
9512 3.5 0.9512
9513 3.5 0.9513
9514 3.5 0.9514
9515 3.5 0.9515
9516 3.5 0.9516
9517 3.5 0.9517
9518 3.5 0.9518000000000001
9519 3.5 0.9519000000000001
9520 3.5 0.9520000000000001
9521 3.5 0.9521000000000001
9522 3.5 0.9522
9523 3.5 0.9523
9524 3.5 0.9524
9525 3.5 0.9525
9526 3.5 0.9526
9527 3.5 0.9527
9528 3.5 0.9528000000000001
9529 3.5 0.9529000000000001
9530 3.5 0.9530000000000001
9531 3.5 0.9531000000000001
9532 3.5 0.9532
9533 3.5 0.9533
9534 3.5 0.9534
9535 3.5 0.9535
9536 3.5 0.9536
9537 3.5 0.9537
9538 3.5 0.9538000000000001
9539 3.5 0.9539000000000001
9540 3.5 0.9540000000000001
9541 3.5 0.9541000000000001
9542 3.5 0.9542
9543 3.5 0.9543
9544 3.5 0.9544
9545 3.5 0.9545
9546 3.5 0.9546
9547 3.5 0.9547
9548 3.5 0.9548000000000001
9549 3.5 0.9549000000000001
9550 3.5 0.9550000000000001
9551 3.5 0.9551000000000001
9552 3.5 0.9552
9553 3.5 0.9553
9554 3.5 0.9554
9555 3.5 0.9555
9556 3.5 0.9556
9557 3.5 0.9557
9558 3.5 0.9558000000000001
9559 3.5 0.9559000000000001
9560 3.5 0.9560000000000001
9561 3.5 0.9561000000000001
9562 3.5 0.9562
9563 3.5 0.9563
9564 3.5 0.9564
9565 3.5 0.9565
9566 3.5 0.9566
9567 3.5 0.9567
9568 3.5 0.9568000000000001
9569 3.5 0.9569000000000001
9570 3.5 0.9570000000000001
9571 3.5 0.9571000000000001
9572 3.5 0.9572
9573 3.5 0.9573
9574 3.5 0.9574
9575 3.5 0.9575
9576 3.5 0.9576
9577 3.5 0.9577
9578 3.5 0.9578000000000001
9579 3.5 0.9579000000000001
9580 3.5 0.9580000000000001
9581 3.5 0.9581000000000001
9582 3.5 0.9582
9583 3.5 0.9583
9584 3.5 0.9584
9585 3.5 0.9585
9586 3.5 0.9586
9587 3.5 0.9587
9588 3.5 0.9588000000000001
9589 3.5 0.9589000000000001
9590 3.5 0.9590000000000001
9591 3.5 0.9591000000000001
9592 3.5 0.9592
9593 3.5 0.9593
9594 3.5 0.9594
9595 3.5 0.9595
9596 3.5 0.9596
9597 3.5 0.9597
9598 3.5 0.9598000000000001
9599 3.5 0.9599000000000001
9600 3.5 0.9600000000000001
9601 3.5 0.9601000000000001
9602 3.5 0.9602
9603 3.5 0.9603
9604 3.5 0.9604
9605 3.5 0.9605
9606 3.5 0.9606
9607 3.5 0.9607
9608 3.5 0.9608000000000001
9609 3.5 0.9609000000000001
9610 3.5 0.9610000000000001
9611 3.5 0.9611000000000001
9612 3.5 0.9612
9613 3.5 0.9613
9614 3.5 0.9614
9615 3.5 0.9615
9616 3.5 0.9616
9617 3.5 0.9617
9618 3.5 0.9618000000000001
9619 3.5 0.9619000000000001
9620 3.5 0.9620000000000001
9621 3.5 0.9621000000000001
9622 3.5 0.9622
9623 3.5 0.9623
9624 3.5 0.9624
9625 3.5 0.9625
9626 3.5 0.9626
9627 3.5 0.9627
9628 3.5 0.9628000000000001
9629 3.5 0.9629000000000001
9630 3.5 0.9630000000000001
9631 3.5 0.9631000000000001
9632 3.5 0.9632000000000001
9633 3.5 0.9633
9634 3.5 0.9634
9635 3.5 0.9635
9636 3.5 0.9636
9637 3.5 0.9637
9638 3.5 0.9638000000000001
9639 3.5 0.9639000000000001
9640 3.5 0.9640000000000001
9641 3.5 0.9641000000000001
9642 3.5 0.9642000000000001
9643 3.5 0.9643
9644 3.5 0.9644
9645 3.5 0.9645
9646 3.5 0.9646
9647 3.5 0.9647
9648 3.5 0.9648
9649 3.5 0.9649000000000001
9650 3.5 0.9650000000000001
9651 3.5 0.9651000000000001
9652 3.5 0.9652000000000001
9653 3.5 0.9653
9654 3.5 0.9654
9655 3.5 0.9655
9656 3.5 0.9656
9657 3.5 0.9657
9658 3.5 0.9658
9659 3.5 0.9659000000000001
9660 3.5 0.9660000000000001
9661 3.5 0.9661000000000001
9662 3.5 0.9662000000000001
9663 3.5 0.9663
9664 3.5 0.9664
9665 3.5 0.9665
9666 3.5 0.9666
9667 3.5 0.9667
9668 3.5 0.9668
9669 3.5 0.9669000000000001
9670 3.5 0.9670000000000001
9671 3.5 0.9671000000000001
9672 3.5 0.9672000000000001
9673 3.5 0.9673
9674 3.5 0.9674
9675 3.5 0.9675
9676 3.5 0.9676
9677 3.5 0.9677
9678 3.5 0.9678
9679 3.5 0.9679000000000001
9680 3.5 0.9680000000000001
9681 3.5 0.9681000000000001
9682 3.5 0.9682000000000001
9683 3.5 0.9683
9684 3.5 0.9684
9685 3.5 0.9685
9686 3.5 0.9686
9687 3.5 0.9687
9688 3.5 0.9688
9689 3.5 0.9689000000000001
9690 3.5 0.9690000000000001
9691 3.5 0.9691000000000001
9692 3.5 0.9692000000000001
9693 3.5 0.9693
9694 3.5 0.9694
9695 3.5 0.9695
9696 3.5 0.9696
9697 3.5 0.9697
9698 3.5 0.9698
9699 3.5 0.9699000000000001
9700 3.5 0.9700000000000001
9701 3.5 0.9701000000000001
9702 3.5 0.9702000000000001
9703 3.5 0.9703
9704 3.5 0.9704
9705 3.5 0.9705
9706 3.5 0.9706
9707 3.5 0.9707
9708 3.5 0.9708
9709 3.5 0.9709000000000001
9710 3.5 0.9710000000000001
9711 3.5 0.9711000000000001
9712 3.5 0.9712000000000001
9713 3.5 0.9713
9714 3.5 0.9714
9715 3.5 0.9715
9716 3.5 0.9716
9717 3.5 0.9717
9718 3.5 0.9718
9719 3.5 0.9719000000000001
9720 3.5 0.9720000000000001
9721 3.5 0.9721000000000001
9722 3.5 0.9722000000000001
9723 3.5 0.9723
9724 3.5 0.9724
9725 3.5 0.9725
9726 3.5 0.9726
9727 3.5 0.9727
9728 3.5 0.9728
9729 3.5 0.9729000000000001
9730 3.5 0.9730000000000001
9731 3.5 0.9731000000000001
9732 3.5 0.9732000000000001
9733 3.5 0.9733
9734 3.5 0.9734
9735 3.5 0.9735
9736 3.5 0.9736
9737 3.5 0.9737
9738 3.5 0.9738
9739 3.5 0.9739000000000001
9740 3.5 0.9740000000000001
9741 3.5 0.9741000000000001
9742 3.5 0.9742000000000001
9743 3.5 0.9743
9744 3.5 0.9744
9745 3.5 0.9745
9746 3.5 0.9746
9747 3.5 0.9747
9748 3.5 0.9748
9749 3.5 0.9749000000000001
9750 3.5 0.9750000000000001
9751 3.5 0.9751000000000001
9752 3.5 0.9752000000000001
9753 3.5 0.9753000000000001
9754 3.5 0.9754
9755 3.5 0.9755
9756 3.5 0.9756
9757 3.5 0.9757
9758 3.5 0.9758
9759 3.5 0.9759000000000001
9760 3.5 0.9760000000000001
9761 3.5 0.9761000000000001
9762 3.5 0.9762000000000001
9763 3.5 0.9763000000000001
9764 3.5 0.9764
9765 3.5 0.9765
9766 3.5 0.9766
9767 3.5 0.9767
9768 3.5 0.9768
9769 3.5 0.9769000000000001
9770 3.5 0.9770000000000001
9771 3.5 0.9771000000000001
9772 3.5 0.9772000000000001
9773 3.5 0.9773000000000001
9774 3.5 0.9774
9775 3.5 0.9775
9776 3.5 0.9776
9777 3.5 0.9777
9778 3.5 0.9778
9779 3.5 0.9779
9780 3.5 0.9780000000000001
9781 3.5 0.9781000000000001
9782 3.5 0.9782000000000001
9783 3.5 0.9783000000000001
9784 3.5 0.9784
9785 3.5 0.9785
9786 3.5 0.9786
9787 3.5 0.9787
9788 3.5 0.9788
9789 3.5 0.9789
9790 3.5 0.9790000000000001
9791 3.5 0.9791000000000001
9792 3.5 0.9792000000000001
9793 3.5 0.9793000000000001
9794 3.5 0.9794
9795 3.5 0.9795
9796 3.5 0.9796
9797 3.5 0.9797
9798 3.5 0.9798
9799 3.5 0.9799
9800 3.5 0.9800000000000001
9801 3.5 0.9801000000000001
9802 3.5 0.9802000000000001
9803 3.5 0.9803000000000001
9804 3.5 0.9804
9805 3.5 0.9805
9806 3.5 0.9806
9807 3.5 0.9807
9808 3.5 0.9808
9809 3.5 0.9809
9810 3.5 0.9810000000000001
9811 3.5 0.9811000000000001
9812 3.5 0.9812000000000001
9813 3.5 0.9813000000000001
9814 3.5 0.9814
9815 3.5 0.9815
9816 3.5 0.9816
9817 3.5 0.9817
9818 3.5 0.9818
9819 3.5 0.9819
9820 3.5 0.9820000000000001
9821 3.5 0.9821000000000001
9822 3.5 0.9822000000000001
9823 3.5 0.9823000000000001
9824 3.5 0.9824
9825 3.5 0.9825
9826 3.5 0.9826
9827 3.5 0.9827
9828 3.5 0.9828
9829 3.5 0.9829
9830 3.5 0.9830000000000001
9831 3.5 0.9831000000000001
9832 3.5 0.9832000000000001
9833 3.5 0.9833000000000001
9834 3.5 0.9834
9835 3.5 0.9835
9836 3.5 0.9836
9837 3.5 0.9837
9838 3.5 0.9838
9839 3.5 0.9839
9840 3.5 0.9840000000000001
9841 3.5 0.9841000000000001
9842 3.5 0.9842000000000001
9843 3.5 0.9843000000000001
9844 3.5 0.9844
9845 3.5 0.9845
9846 3.5 0.9846
9847 3.5 0.9847
9848 3.5 0.9848
9849 3.5 0.9849
9850 3.5 0.9850000000000001
9851 3.5 0.9851000000000001
9852 3.5 0.9852000000000001
9853 3.5 0.9853000000000001
9854 3.5 0.9854
9855 3.5 0.9855
9856 3.5 0.9856
9857 3.5 0.9857
9858 3.5 0.9858
9859 3.5 0.9859
9860 3.5 0.9860000000000001
9861 3.5 0.9861000000000001
9862 3.5 0.9862000000000001
9863 3.5 0.9863000000000001
9864 3.5 0.9864
9865 3.5 0.9865
9866 3.5 0.9866
9867 3.5 0.9867
9868 3.5 0.9868
9869 3.5 0.9869
9870 3.5 0.9870000000000001
9871 3.5 0.9871000000000001
9872 3.5 0.9872000000000001
9873 3.5 0.9873000000000001
9874 3.5 0.9874
9875 3.5 0.9875
9876 3.5 0.9876
9877 3.5 0.9877
9878 3.5 0.9878
9879 3.5 0.9879
9880 3.5 0.9880000000000001
9881 3.5 0.9881000000000001
9882 3.5 0.9882000000000001
9883 3.5 0.9883000000000001
9884 3.5 0.9884000000000001
9885 3.5 0.9885
9886 3.5 0.9886
9887 3.5 0.9887
9888 3.5 0.9888
9889 3.5 0.9889
9890 3.5 0.9890000000000001
9891 3.5 0.9891000000000001
9892 3.5 0.9892000000000001
9893 3.5 0.9893000000000001
9894 3.5 0.9894000000000001
9895 3.5 0.9895
9896 3.5 0.9896
9897 3.5 0.9897
9898 3.5 0.9898
9899 3.5 0.9899
9900 3.5 0.9900000000000001
9901 3.5 0.9901000000000001
9902 3.5 0.9902000000000001
9903 3.5 0.9903000000000001
9904 3.5 0.9904000000000001
9905 3.5 0.9905
9906 3.5 0.9906
9907 3.5 0.9907
9908 3.5 0.9908
9909 3.5 0.9909
9910 3.5 0.991
9911 3.5 0.9911000000000001
9912 3.5 0.9912000000000001
9913 3.5 0.9913000000000001
9914 3.5 0.9914000000000001
9915 3.5 0.9915
9916 3.5 0.9916
9917 3.5 0.9917
9918 3.5 0.9918
9919 3.5 0.9919
9920 3.5 0.992
9921 3.5 0.9921000000000001
9922 3.5 0.9922000000000001
9923 3.5 0.9923000000000001
9924 3.5 0.9924000000000001
9925 3.5 0.9925
9926 3.5 0.9926
9927 3.5 0.9927
9928 3.5 0.9928
9929 3.5 0.9929
9930 3.5 0.993
9931 3.5 0.9931000000000001
9932 3.5 0.9932000000000001
9933 3.5 0.9933000000000001
9934 3.5 0.9934000000000001
9935 3.5 0.9935
9936 3.5 0.9936
9937 3.5 0.9937
9938 3.5 0.9938
9939 3.5 0.9939
9940 3.5 0.994
9941 3.5 0.9941000000000001
9942 3.5 0.9942000000000001
9943 3.5 0.9943000000000001
9944 3.5 0.9944000000000001
9945 3.5 0.9945
9946 3.5 0.9946
9947 3.5 0.9947
9948 3.5 0.9948
9949 3.5 0.9949
9950 3.5 0.995
9951 3.5 0.9951000000000001
9952 3.5 0.9952000000000001
9953 3.5 0.9953000000000001
9954 3.5 0.9954000000000001
9955 3.5 0.9955
9956 3.5 0.9956
9957 3.5 0.9957
9958 3.5 0.9958
9959 3.5 0.9959
9960 3.5 0.996
9961 3.5 0.9961000000000001
9962 3.5 0.9962000000000001
9963 3.5 0.9963000000000001
9964 3.5 0.9964000000000001
9965 3.5 0.9965
9966 3.5 0.9966
9967 3.5 0.9967
9968 3.5 0.9968
9969 3.5 0.9969
9970 3.5 0.997
9971 3.5 0.9971000000000001
9972 3.5 0.9972000000000001
9973 3.5 0.9973000000000001
9974 3.5 0.9974000000000001
9975 3.5 0.9975
9976 3.5 0.9976
9977 3.5 0.9977
9978 3.5 0.9978
9979 3.5 0.9979
9980 3.5 0.998
9981 3.5 0.9981000000000001
9982 3.5 0.9982000000000001
9983 3.5 0.9983000000000001
9984 3.5 0.9984000000000001
9985 3.5 0.9985
9986 3.5 0.9986
9987 3.5 0.9987
9988 3.5 0.9988
9989 3.5 0.9989
9990 3.5 0.999
9991 3.5 0.9991000000000001
9992 3.5 0.9992000000000001
9993 3.5 0.9993000000000001
9994 3.5 0.9994000000000001
9995 3.5 0.9995
9996 3.5 0.9996
9997 3.5 0.9997
9998 3.5 0.9998
9999 3.5 0.9999
10000 3.5 1.0
10001 3.5 1.0001
10002 3.5 1.0002
10003 3.5 1.0003
10004 3.5 1.0004
10005 3.5 1.0005
10006 3.5 1.0006000000000002
10007 3.5 1.0007000000000001
10008 3.5 1.0008000000000001
10009 3.5 1.0009000000000001
10010 3.5 1.0010000000000001
10011 3.5 1.0011
10012 3.5 1.0012
10013 3.5 1.0013
10014 3.5 1.0014
10015 3.5 1.0015
10016 3.5 1.0016
10017 3.5 1.0017
10018 3.5 1.0018
10019 3.5 1.0019
10020 3.5 1.002
10021 3.5 1.0021
10022 3.5 1.0022
10023 3.5 1.0023
10024 3.5 1.0024
10025 3.5 1.0025
10026 3.5 1.0026000000000002
10027 3.5 1.0027000000000001
10028 3.5 1.0028000000000001
10029 3.5 1.0029000000000001
10030 3.5 1.0030000000000001
10031 3.5 1.0031
10032 3.5 1.0032
10033 3.5 1.0033
10034 3.5 1.0034
10035 3.5 1.0035
10036 3.5 1.0036
10037 3.5 1.0037
10038 3.5 1.0038
10039 3.5 1.0039
10040 3.5 1.004
10041 3.5 1.0041
10042 3.5 1.0042
10043 3.5 1.0043
10044 3.5 1.0044
10045 3.5 1.0045
10046 3.5 1.0046
10047 3.5 1.0047000000000001
10048 3.5 1.0048000000000001
10049 3.5 1.0049000000000001
10050 3.5 1.0050000000000001
10051 3.5 1.0051
10052 3.5 1.0052
10053 3.5 1.0053
10054 3.5 1.0054
10055 3.5 1.0055
10056 3.5 1.0056
10057 3.5 1.0057
10058 3.5 1.0058
10059 3.5 1.0059
10060 3.5 1.006
10061 3.5 1.0061
10062 3.5 1.0062
10063 3.5 1.0063
10064 3.5 1.0064
10065 3.5 1.0065
10066 3.5 1.0066
10067 3.5 1.0067000000000002
10068 3.5 1.0068000000000001
10069 3.5 1.0069000000000001
10070 3.5 1.0070000000000001
10071 3.5 1.0071
10072 3.5 1.0072
10073 3.5 1.0073
10074 3.5 1.0074
10075 3.5 1.0075
10076 3.5 1.0076
10077 3.5 1.0077
10078 3.5 1.0078
10079 3.5 1.0079
10080 3.5 1.008
10081 3.5 1.0081
10082 3.5 1.0082
10083 3.5 1.0083
10084 3.5 1.0084
10085 3.5 1.0085
10086 3.5 1.0086
10087 3.5 1.0087000000000002
10088 3.5 1.0088000000000001
10089 3.5 1.0089000000000001
10090 3.5 1.0090000000000001
10091 3.5 1.0091
10092 3.5 1.0092
10093 3.5 1.0093
10094 3.5 1.0094
10095 3.5 1.0095
10096 3.5 1.0096
10097 3.5 1.0097
10098 3.5 1.0098
10099 3.5 1.0099
10100 3.5 1.01
10101 3.5 1.0101
10102 3.5 1.0102
10103 3.5 1.0103
10104 3.5 1.0104
10105 3.5 1.0105
10106 3.5 1.0106
10107 3.5 1.0107000000000002
10108 3.5 1.0108000000000001
10109 3.5 1.0109000000000001
10110 3.5 1.0110000000000001
10111 3.5 1.0111
10112 3.5 1.0112
10113 3.5 1.0113
10114 3.5 1.0114
10115 3.5 1.0115
10116 3.5 1.0116
10117 3.5 1.0117
10118 3.5 1.0118
10119 3.5 1.0119
10120 3.5 1.012
10121 3.5 1.0121
10122 3.5 1.0122
10123 3.5 1.0123
10124 3.5 1.0124
10125 3.5 1.0125
10126 3.5 1.0126
10127 3.5 1.0127000000000002
10128 3.5 1.0128000000000001
10129 3.5 1.0129000000000001
10130 3.5 1.0130000000000001
10131 3.5 1.0131000000000001
10132 3.5 1.0132
10133 3.5 1.0133
10134 3.5 1.0134
10135 3.5 1.0135
10136 3.5 1.0136
10137 3.5 1.0137
10138 3.5 1.0138
10139 3.5 1.0139
10140 3.5 1.014
10141 3.5 1.0141
10142 3.5 1.0142
10143 3.5 1.0143
10144 3.5 1.0144
10145 3.5 1.0145
10146 3.5 1.0146
10147 3.5 1.0147000000000002
10148 3.5 1.0148000000000001
10149 3.5 1.0149000000000001
10150 3.5 1.0150000000000001
10151 3.5 1.0151000000000001
10152 3.5 1.0152
10153 3.5 1.0153
10154 3.5 1.0154
10155 3.5 1.0155
10156 3.5 1.0156
10157 3.5 1.0157
10158 3.5 1.0158
10159 3.5 1.0159
10160 3.5 1.016
10161 3.5 1.0161
10162 3.5 1.0162
10163 3.5 1.0163
10164 3.5 1.0164
10165 3.5 1.0165
10166 3.5 1.0166
10167 3.5 1.0167000000000002
10168 3.5 1.0168000000000001
10169 3.5 1.0169000000000001
10170 3.5 1.0170000000000001
10171 3.5 1.0171000000000001
10172 3.5 1.0172
10173 3.5 1.0173
10174 3.5 1.0174
10175 3.5 1.0175
10176 3.5 1.0176
10177 3.5 1.0177
10178 3.5 1.0178
10179 3.5 1.0179
10180 3.5 1.018
10181 3.5 1.0181
10182 3.5 1.0182
10183 3.5 1.0183
10184 3.5 1.0184
10185 3.5 1.0185
10186 3.5 1.0186
10187 3.5 1.0187
10188 3.5 1.0188000000000001
10189 3.5 1.0189000000000001
10190 3.5 1.0190000000000001
10191 3.5 1.0191000000000001
10192 3.5 1.0192
10193 3.5 1.0193
10194 3.5 1.0194
10195 3.5 1.0195
10196 3.5 1.0196
10197 3.5 1.0197
10198 3.5 1.0198
10199 3.5 1.0199
10200 3.5 1.02
10201 3.5 1.0201
10202 3.5 1.0202
10203 3.5 1.0203
10204 3.5 1.0204
10205 3.5 1.0205
10206 3.5 1.0206
10207 3.5 1.0207
10208 3.5 1.0208000000000002
10209 3.5 1.0209000000000001
10210 3.5 1.0210000000000001
10211 3.5 1.0211000000000001
10212 3.5 1.0212
10213 3.5 1.0213
10214 3.5 1.0214
10215 3.5 1.0215
10216 3.5 1.0216
10217 3.5 1.0217
10218 3.5 1.0218
10219 3.5 1.0219
10220 3.5 1.022
10221 3.5 1.0221
10222 3.5 1.0222
10223 3.5 1.0223
10224 3.5 1.0224
10225 3.5 1.0225
10226 3.5 1.0226
10227 3.5 1.0227
10228 3.5 1.0228000000000002
10229 3.5 1.0229000000000001
10230 3.5 1.0230000000000001
10231 3.5 1.0231000000000001
10232 3.5 1.0232
10233 3.5 1.0233
10234 3.5 1.0234
10235 3.5 1.0235
10236 3.5 1.0236
10237 3.5 1.0237
10238 3.5 1.0238
10239 3.5 1.0239
10240 3.5 1.024
10241 3.5 1.0241
10242 3.5 1.0242
10243 3.5 1.0243
10244 3.5 1.0244
10245 3.5 1.0245
10246 3.5 1.0246
10247 3.5 1.0247
10248 3.5 1.0248000000000002
10249 3.5 1.0249000000000001
10250 3.5 1.0250000000000001
10251 3.5 1.0251000000000001
10252 3.5 1.0252000000000001
10253 3.5 1.0253
10254 3.5 1.0254
10255 3.5 1.0255
10256 3.5 1.0256
10257 3.5 1.0257
10258 3.5 1.0258
10259 3.5 1.0259
10260 3.5 1.026
10261 3.5 1.0261
10262 3.5 1.0262
10263 3.5 1.0263
10264 3.5 1.0264
10265 3.5 1.0265
10266 3.5 1.0266
10267 3.5 1.0267
10268 3.5 1.0268000000000002
10269 3.5 1.0269000000000001
10270 3.5 1.0270000000000001
10271 3.5 1.0271000000000001
10272 3.5 1.0272000000000001
10273 3.5 1.0273
10274 3.5 1.0274
10275 3.5 1.0275
10276 3.5 1.0276
10277 3.5 1.0277
10278 3.5 1.0278
10279 3.5 1.0279
10280 3.5 1.028
10281 3.5 1.0281
10282 3.5 1.0282
10283 3.5 1.0283
10284 3.5 1.0284
10285 3.5 1.0285
10286 3.5 1.0286
10287 3.5 1.0287
10288 3.5 1.0288000000000002
10289 3.5 1.0289000000000001
10290 3.5 1.0290000000000001
10291 3.5 1.0291000000000001
10292 3.5 1.0292000000000001
10293 3.5 1.0293
10294 3.5 1.0294
10295 3.5 1.0295
10296 3.5 1.0296
10297 3.5 1.0297
10298 3.5 1.0298
10299 3.5 1.0299
10300 3.5 1.03
10301 3.5 1.0301
10302 3.5 1.0302
10303 3.5 1.0303
10304 3.5 1.0304
10305 3.5 1.0305
10306 3.5 1.0306
10307 3.5 1.0307
10308 3.5 1.0308
10309 3.5 1.0309000000000001
10310 3.5 1.0310000000000001
10311 3.5 1.0311000000000001
10312 3.5 1.0312000000000001
10313 3.5 1.0313
10314 3.5 1.0314
10315 3.5 1.0315
10316 3.5 1.0316
10317 3.5 1.0317
10318 3.5 1.0318
10319 3.5 1.0319
10320 3.5 1.032
10321 3.5 1.0321
10322 3.5 1.0322
10323 3.5 1.0323
10324 3.5 1.0324
10325 3.5 1.0325
10326 3.5 1.0326
10327 3.5 1.0327
10328 3.5 1.0328
10329 3.5 1.0329000000000002
10330 3.5 1.0330000000000001
10331 3.5 1.0331000000000001
10332 3.5 1.0332000000000001
10333 3.5 1.0333
10334 3.5 1.0334
10335 3.5 1.0335
10336 3.5 1.0336
10337 3.5 1.0337
10338 3.5 1.0338
10339 3.5 1.0339
10340 3.5 1.034
10341 3.5 1.0341
10342 3.5 1.0342
10343 3.5 1.0343
10344 3.5 1.0344
10345 3.5 1.0345
10346 3.5 1.0346
10347 3.5 1.0347
10348 3.5 1.0348
10349 3.5 1.0349000000000002
10350 3.5 1.0350000000000001
10351 3.5 1.0351000000000001
10352 3.5 1.0352000000000001
10353 3.5 1.0353
10354 3.5 1.0354
10355 3.5 1.0355
10356 3.5 1.0356
10357 3.5 1.0357
10358 3.5 1.0358
10359 3.5 1.0359
10360 3.5 1.036
10361 3.5 1.0361
10362 3.5 1.0362
10363 3.5 1.0363
10364 3.5 1.0364
10365 3.5 1.0365
10366 3.5 1.0366
10367 3.5 1.0367
10368 3.5 1.0368
10369 3.5 1.0369000000000002
10370 3.5 1.0370000000000001
10371 3.5 1.0371000000000001
10372 3.5 1.0372000000000001
10373 3.5 1.0373
10374 3.5 1.0374
10375 3.5 1.0375
10376 3.5 1.0376
10377 3.5 1.0377
10378 3.5 1.0378
10379 3.5 1.0379
10380 3.5 1.038
10381 3.5 1.0381
10382 3.5 1.0382
10383 3.5 1.0383
10384 3.5 1.0384
10385 3.5 1.0385
10386 3.5 1.0386
10387 3.5 1.0387
10388 3.5 1.0388
10389 3.5 1.0389000000000002
10390 3.5 1.0390000000000001
10391 3.5 1.0391000000000001
10392 3.5 1.0392000000000001
10393 3.5 1.0393000000000001
10394 3.5 1.0394
10395 3.5 1.0395
10396 3.5 1.0396
10397 3.5 1.0397
10398 3.5 1.0398
10399 3.5 1.0399
10400 3.5 1.04
10401 3.5 1.0401
10402 3.5 1.0402
10403 3.5 1.0403
10404 3.5 1.0404
10405 3.5 1.0405
10406 3.5 1.0406
10407 3.5 1.0407
10408 3.5 1.0408
10409 3.5 1.0409000000000002
10410 3.5 1.0410000000000001
10411 3.5 1.0411000000000001
10412 3.5 1.0412000000000001
10413 3.5 1.0413000000000001
10414 3.5 1.0414
10415 3.5 1.0415
10416 3.5 1.0416
10417 3.5 1.0417
10418 3.5 1.0418
10419 3.5 1.0419
10420 3.5 1.042
10421 3.5 1.0421
10422 3.5 1.0422
10423 3.5 1.0423
10424 3.5 1.0424
10425 3.5 1.0425
10426 3.5 1.0426
10427 3.5 1.0427
10428 3.5 1.0428
10429 3.5 1.0429000000000002
10430 3.5 1.0430000000000001
10431 3.5 1.0431000000000001
10432 3.5 1.0432000000000001
10433 3.5 1.0433000000000001
10434 3.5 1.0434
10435 3.5 1.0435
10436 3.5 1.0436
10437 3.5 1.0437
10438 3.5 1.0438
10439 3.5 1.0439
10440 3.5 1.044
10441 3.5 1.0441
10442 3.5 1.0442
10443 3.5 1.0443
10444 3.5 1.0444
10445 3.5 1.0445
10446 3.5 1.0446
10447 3.5 1.0447
10448 3.5 1.0448
10449 3.5 1.0449
10450 3.5 1.0450000000000002
10451 3.5 1.0451000000000001
10452 3.5 1.0452000000000001
10453 3.5 1.0453000000000001
10454 3.5 1.0454
10455 3.5 1.0455
10456 3.5 1.0456
10457 3.5 1.0457
10458 3.5 1.0458
10459 3.5 1.0459
10460 3.5 1.046
10461 3.5 1.0461
10462 3.5 1.0462
10463 3.5 1.0463
10464 3.5 1.0464
10465 3.5 1.0465
10466 3.5 1.0466
10467 3.5 1.0467
10468 3.5 1.0468
10469 3.5 1.0469
10470 3.5 1.0470000000000002
10471 3.5 1.0471000000000001
10472 3.5 1.0472000000000001
10473 3.5 1.0473000000000001
10474 3.5 1.0474
10475 3.5 1.0475
10476 3.5 1.0476
10477 3.5 1.0477
10478 3.5 1.0478
10479 3.5 1.0479
10480 3.5 1.048
10481 3.5 1.0481
10482 3.5 1.0482
10483 3.5 1.0483
10484 3.5 1.0484
10485 3.5 1.0485
10486 3.5 1.0486
10487 3.5 1.0487
10488 3.5 1.0488
10489 3.5 1.0489
10490 3.5 1.0490000000000002
10491 3.5 1.0491000000000001
10492 3.5 1.0492000000000001
10493 3.5 1.0493000000000001
10494 3.5 1.0494
10495 3.5 1.0495
10496 3.5 1.0496
10497 3.5 1.0497
10498 3.5 1.0498
10499 3.5 1.0499
10500 3.5 1.05
10501 3.5 1.0501
10502 3.5 1.0502
10503 3.5 1.0503
10504 3.5 1.0504
10505 3.5 1.0505
10506 3.5 1.0506
10507 3.5 1.0507
10508 3.5 1.0508
10509 3.5 1.0509
10510 3.5 1.0510000000000002
10511 3.5 1.0511000000000001
10512 3.5 1.0512000000000001
10513 3.5 1.0513000000000001
10514 3.5 1.0514000000000001
10515 3.5 1.0515
10516 3.5 1.0516
10517 3.5 1.0517
10518 3.5 1.0518
10519 3.5 1.0519
10520 3.5 1.052
10521 3.5 1.0521
10522 3.5 1.0522
10523 3.5 1.0523
10524 3.5 1.0524
10525 3.5 1.0525
10526 3.5 1.0526
10527 3.5 1.0527
10528 3.5 1.0528
10529 3.5 1.0529
10530 3.5 1.0530000000000002
10531 3.5 1.0531000000000001
10532 3.5 1.0532000000000001
10533 3.5 1.0533000000000001
10534 3.5 1.0534000000000001
10535 3.5 1.0535
10536 3.5 1.0536
10537 3.5 1.0537
10538 3.5 1.0538
10539 3.5 1.0539
10540 3.5 1.054
10541 3.5 1.0541
10542 3.5 1.0542
10543 3.5 1.0543
10544 3.5 1.0544
10545 3.5 1.0545
10546 3.5 1.0546
10547 3.5 1.0547
10548 3.5 1.0548
10549 3.5 1.0549
10550 3.5 1.0550000000000002
10551 3.5 1.0551000000000001
10552 3.5 1.0552000000000001
10553 3.5 1.0553000000000001
10554 3.5 1.0554000000000001
10555 3.5 1.0555
10556 3.5 1.0556
10557 3.5 1.0557
10558 3.5 1.0558
10559 3.5 1.0559
10560 3.5 1.056
10561 3.5 1.0561
10562 3.5 1.0562
10563 3.5 1.0563
10564 3.5 1.0564
10565 3.5 1.0565
10566 3.5 1.0566
10567 3.5 1.0567
10568 3.5 1.0568
10569 3.5 1.0569
10570 3.5 1.0570000000000002
10571 3.5 1.0571000000000002
10572 3.5 1.0572000000000001
10573 3.5 1.0573000000000001
10574 3.5 1.0574000000000001
10575 3.5 1.0575
10576 3.5 1.0576
10577 3.5 1.0577
10578 3.5 1.0578
10579 3.5 1.0579
10580 3.5 1.058
10581 3.5 1.0581
10582 3.5 1.0582
10583 3.5 1.0583
10584 3.5 1.0584
10585 3.5 1.0585
10586 3.5 1.0586
10587 3.5 1.0587
10588 3.5 1.0588
10589 3.5 1.0589
10590 3.5 1.059
10591 3.5 1.0591000000000002
10592 3.5 1.0592000000000001
10593 3.5 1.0593000000000001
10594 3.5 1.0594000000000001
10595 3.5 1.0595
10596 3.5 1.0596
10597 3.5 1.0597
10598 3.5 1.0598
10599 3.5 1.0599
10600 3.5 1.06
10601 3.5 1.0601
10602 3.5 1.0602
10603 3.5 1.0603
10604 3.5 1.0604
10605 3.5 1.0605
10606 3.5 1.0606
10607 3.5 1.0607
10608 3.5 1.0608
10609 3.5 1.0609
10610 3.5 1.061
10611 3.5 1.0611000000000002
10612 3.5 1.0612000000000001
10613 3.5 1.0613000000000001
10614 3.5 1.0614000000000001
10615 3.5 1.0615
10616 3.5 1.0616
10617 3.5 1.0617
10618 3.5 1.0618
10619 3.5 1.0619
10620 3.5 1.062
10621 3.5 1.0621
10622 3.5 1.0622
10623 3.5 1.0623
10624 3.5 1.0624
10625 3.5 1.0625
10626 3.5 1.0626
10627 3.5 1.0627
10628 3.5 1.0628
10629 3.5 1.0629
10630 3.5 1.063
10631 3.5 1.0631000000000002
10632 3.5 1.0632000000000001
10633 3.5 1.0633000000000001
10634 3.5 1.0634000000000001
10635 3.5 1.0635000000000001
10636 3.5 1.0636
10637 3.5 1.0637
10638 3.5 1.0638
10639 3.5 1.0639
10640 3.5 1.064
10641 3.5 1.0641
10642 3.5 1.0642
10643 3.5 1.0643
10644 3.5 1.0644
10645 3.5 1.0645
10646 3.5 1.0646
10647 3.5 1.0647
10648 3.5 1.0648
10649 3.5 1.0649
10650 3.5 1.065
10651 3.5 1.0651000000000002
10652 3.5 1.0652000000000001
10653 3.5 1.0653000000000001
10654 3.5 1.0654000000000001
10655 3.5 1.0655000000000001
10656 3.5 1.0656
10657 3.5 1.0657
10658 3.5 1.0658
10659 3.5 1.0659
10660 3.5 1.066
10661 3.5 1.0661
10662 3.5 1.0662
10663 3.5 1.0663
10664 3.5 1.0664
10665 3.5 1.0665
10666 3.5 1.0666
10667 3.5 1.0667
10668 3.5 1.0668
10669 3.5 1.0669
10670 3.5 1.067
10671 3.5 1.0671000000000002
10672 3.5 1.0672000000000001
10673 3.5 1.0673000000000001
10674 3.5 1.0674000000000001
10675 3.5 1.0675000000000001
10676 3.5 1.0676
10677 3.5 1.0677
10678 3.5 1.0678
10679 3.5 1.0679
10680 3.5 1.068
10681 3.5 1.0681
10682 3.5 1.0682
10683 3.5 1.0683
10684 3.5 1.0684
10685 3.5 1.0685
10686 3.5 1.0686
10687 3.5 1.0687
10688 3.5 1.0688
10689 3.5 1.0689
10690 3.5 1.069
10691 3.5 1.0691000000000002
10692 3.5 1.0692000000000002
10693 3.5 1.0693000000000001
10694 3.5 1.0694000000000001
10695 3.5 1.0695000000000001
10696 3.5 1.0696
10697 3.5 1.0697
10698 3.5 1.0698
10699 3.5 1.0699
10700 3.5 1.07
10701 3.5 1.0701
10702 3.5 1.0702
10703 3.5 1.0703
10704 3.5 1.0704
10705 3.5 1.0705
10706 3.5 1.0706
10707 3.5 1.0707
10708 3.5 1.0708
10709 3.5 1.0709
10710 3.5 1.071
10711 3.5 1.0711
10712 3.5 1.0712000000000002
10713 3.5 1.0713000000000001
10714 3.5 1.0714000000000001
10715 3.5 1.0715000000000001
10716 3.5 1.0716
10717 3.5 1.0717
10718 3.5 1.0718
10719 3.5 1.0719
10720 3.5 1.072
10721 3.5 1.0721
10722 3.5 1.0722
10723 3.5 1.0723
10724 3.5 1.0724
10725 3.5 1.0725
10726 3.5 1.0726
10727 3.5 1.0727
10728 3.5 1.0728
10729 3.5 1.0729
10730 3.5 1.073
10731 3.5 1.0731
10732 3.5 1.0732000000000002
10733 3.5 1.0733000000000001
10734 3.5 1.0734000000000001
10735 3.5 1.0735000000000001
10736 3.5 1.0736
10737 3.5 1.0737
10738 3.5 1.0738
10739 3.5 1.0739
10740 3.5 1.074
10741 3.5 1.0741
10742 3.5 1.0742
10743 3.5 1.0743
10744 3.5 1.0744
10745 3.5 1.0745
10746 3.5 1.0746
10747 3.5 1.0747
10748 3.5 1.0748
10749 3.5 1.0749
10750 3.5 1.075
10751 3.5 1.0751
10752 3.5 1.0752000000000002
10753 3.5 1.0753000000000001
10754 3.5 1.0754000000000001
10755 3.5 1.0755000000000001
10756 3.5 1.0756000000000001
10757 3.5 1.0757
10758 3.5 1.0758
10759 3.5 1.0759
10760 3.5 1.076
10761 3.5 1.0761
10762 3.5 1.0762
10763 3.5 1.0763
10764 3.5 1.0764
10765 3.5 1.0765
10766 3.5 1.0766
10767 3.5 1.0767
10768 3.5 1.0768
10769 3.5 1.0769
10770 3.5 1.077
10771 3.5 1.0771
10772 3.5 1.0772000000000002
10773 3.5 1.0773000000000001
10774 3.5 1.0774000000000001
10775 3.5 1.0775000000000001
10776 3.5 1.0776000000000001
10777 3.5 1.0777
10778 3.5 1.0778
10779 3.5 1.0779
10780 3.5 1.078
10781 3.5 1.0781
10782 3.5 1.0782
10783 3.5 1.0783
10784 3.5 1.0784
10785 3.5 1.0785
10786 3.5 1.0786
10787 3.5 1.0787
10788 3.5 1.0788
10789 3.5 1.0789
10790 3.5 1.079
10791 3.5 1.0791
10792 3.5 1.0792000000000002
10793 3.5 1.0793000000000001
10794 3.5 1.0794000000000001
10795 3.5 1.0795000000000001
10796 3.5 1.0796000000000001
10797 3.5 1.0797
10798 3.5 1.0798
10799 3.5 1.0799
10800 3.5 1.08
10801 3.5 1.0801
10802 3.5 1.0802
10803 3.5 1.0803
10804 3.5 1.0804
10805 3.5 1.0805
10806 3.5 1.0806
10807 3.5 1.0807
10808 3.5 1.0808
10809 3.5 1.0809
10810 3.5 1.081
10811 3.5 1.0811
10812 3.5 1.0812000000000002
10813 3.5 1.0813000000000001
10814 3.5 1.0814000000000001
10815 3.5 1.0815000000000001
10816 3.5 1.0816000000000001
10817 3.5 1.0817
10818 3.5 1.0818
10819 3.5 1.0819
10820 3.5 1.082
10821 3.5 1.0821
10822 3.5 1.0822
10823 3.5 1.0823
10824 3.5 1.0824
10825 3.5 1.0825
10826 3.5 1.0826
10827 3.5 1.0827
10828 3.5 1.0828
10829 3.5 1.0829
10830 3.5 1.083
10831 3.5 1.0831
10832 3.5 1.0832000000000002
10833 3.5 1.0833000000000002
10834 3.5 1.0834000000000001
10835 3.5 1.0835000000000001
10836 3.5 1.0836000000000001
10837 3.5 1.0837
10838 3.5 1.0838
10839 3.5 1.0839
10840 3.5 1.084
10841 3.5 1.0841
10842 3.5 1.0842
10843 3.5 1.0843
10844 3.5 1.0844
10845 3.5 1.0845
10846 3.5 1.0846
10847 3.5 1.0847
10848 3.5 1.0848
10849 3.5 1.0849
10850 3.5 1.085
10851 3.5 1.0851
10852 3.5 1.0852
10853 3.5 1.0853000000000002
10854 3.5 1.0854000000000001
10855 3.5 1.0855000000000001
10856 3.5 1.0856000000000001
10857 3.5 1.0857
10858 3.5 1.0858
10859 3.5 1.0859
10860 3.5 1.086
10861 3.5 1.0861
10862 3.5 1.0862
10863 3.5 1.0863
10864 3.5 1.0864
10865 3.5 1.0865
10866 3.5 1.0866
10867 3.5 1.0867
10868 3.5 1.0868
10869 3.5 1.0869
10870 3.5 1.087
10871 3.5 1.0871
10872 3.5 1.0872
10873 3.5 1.0873000000000002
10874 3.5 1.0874000000000001
10875 3.5 1.0875000000000001
10876 3.5 1.0876000000000001
10877 3.5 1.0877000000000001
10878 3.5 1.0878
10879 3.5 1.0879
10880 3.5 1.088
10881 3.5 1.0881
10882 3.5 1.0882
10883 3.5 1.0883
10884 3.5 1.0884
10885 3.5 1.0885
10886 3.5 1.0886
10887 3.5 1.0887
10888 3.5 1.0888
10889 3.5 1.0889
10890 3.5 1.089
10891 3.5 1.0891
10892 3.5 1.0892
10893 3.5 1.0893000000000002
10894 3.5 1.0894000000000001
10895 3.5 1.0895000000000001
10896 3.5 1.0896000000000001
10897 3.5 1.0897000000000001
10898 3.5 1.0898
10899 3.5 1.0899
10900 3.5 1.09
10901 3.5 1.0901
10902 3.5 1.0902
10903 3.5 1.0903
10904 3.5 1.0904
10905 3.5 1.0905
10906 3.5 1.0906
10907 3.5 1.0907
10908 3.5 1.0908
10909 3.5 1.0909
10910 3.5 1.091
10911 3.5 1.0911
10912 3.5 1.0912
10913 3.5 1.0913000000000002
10914 3.5 1.0914000000000001
10915 3.5 1.0915000000000001
10916 3.5 1.0916000000000001
10917 3.5 1.0917000000000001
10918 3.5 1.0918
10919 3.5 1.0919
10920 3.5 1.092
10921 3.5 1.0921
10922 3.5 1.0922
10923 3.5 1.0923
10924 3.5 1.0924
10925 3.5 1.0925
10926 3.5 1.0926
10927 3.5 1.0927
10928 3.5 1.0928
10929 3.5 1.0929
10930 3.5 1.093
10931 3.5 1.0931
10932 3.5 1.0932
10933 3.5 1.0933000000000002
10934 3.5 1.0934000000000001
10935 3.5 1.0935000000000001
10936 3.5 1.0936000000000001
10937 3.5 1.0937000000000001
10938 3.5 1.0938
10939 3.5 1.0939
10940 3.5 1.094
10941 3.5 1.0941
10942 3.5 1.0942
10943 3.5 1.0943
10944 3.5 1.0944
10945 3.5 1.0945
10946 3.5 1.0946
10947 3.5 1.0947
10948 3.5 1.0948
10949 3.5 1.0949
10950 3.5 1.095
10951 3.5 1.0951
10952 3.5 1.0952
10953 3.5 1.0953000000000002
10954 3.5 1.0954000000000002
10955 3.5 1.0955000000000001
10956 3.5 1.0956000000000001
10957 3.5 1.0957000000000001
10958 3.5 1.0958
10959 3.5 1.0959
10960 3.5 1.096
10961 3.5 1.0961
10962 3.5 1.0962
10963 3.5 1.0963
10964 3.5 1.0964
10965 3.5 1.0965
10966 3.5 1.0966
10967 3.5 1.0967
10968 3.5 1.0968
10969 3.5 1.0969
10970 3.5 1.097
10971 3.5 1.0971
10972 3.5 1.0972
10973 3.5 1.0973
10974 3.5 1.0974000000000002
10975 3.5 1.0975000000000001
10976 3.5 1.0976000000000001
10977 3.5 1.0977000000000001
10978 3.5 1.0978
10979 3.5 1.0979
10980 3.5 1.098
10981 3.5 1.0981
10982 3.5 1.0982
10983 3.5 1.0983
10984 3.5 1.0984
10985 3.5 1.0985
10986 3.5 1.0986
10987 3.5 1.0987
10988 3.5 1.0988
10989 3.5 1.0989
10990 3.5 1.099
10991 3.5 1.0991
10992 3.5 1.0992
10993 3.5 1.0993
10994 3.5 1.0994000000000002
10995 3.5 1.0995000000000001
10996 3.5 1.0996000000000001
10997 3.5 1.0997000000000001
10998 3.5 1.0998
10999 3.5 1.0999
11000 3.5 1.1
11001 3.5 1.1001
11002 3.5 1.1002
11003 3.5 1.1003
11004 3.5 1.1004
11005 3.5 1.1005
11006 3.5 1.1006
11007 3.5 1.1007
11008 3.5 1.1008
11009 3.5 1.1009
11010 3.5 1.101
11011 3.5 1.1011
11012 3.5 1.1012
11013 3.5 1.1013
11014 3.5 1.1014000000000002
11015 3.5 1.1015000000000001
11016 3.5 1.1016000000000001
11017 3.5 1.1017000000000001
11018 3.5 1.1018000000000001
11019 3.5 1.1019
11020 3.5 1.102
11021 3.5 1.1021
11022 3.5 1.1022
11023 3.5 1.1023
11024 3.5 1.1024
11025 3.5 1.1025
11026 3.5 1.1026
11027 3.5 1.1027
11028 3.5 1.1028
11029 3.5 1.1029
11030 3.5 1.103
11031 3.5 1.1031
11032 3.5 1.1032
11033 3.5 1.1033
11034 3.5 1.1034000000000002
11035 3.5 1.1035000000000001
11036 3.5 1.1036000000000001
11037 3.5 1.1037000000000001
11038 3.5 1.1038000000000001
11039 3.5 1.1039
11040 3.5 1.104
11041 3.5 1.1041
11042 3.5 1.1042
11043 3.5 1.1043
11044 3.5 1.1044
11045 3.5 1.1045
11046 3.5 1.1046
11047 3.5 1.1047
11048 3.5 1.1048
11049 3.5 1.1049
11050 3.5 1.105
11051 3.5 1.1051
11052 3.5 1.1052
11053 3.5 1.1053
11054 3.5 1.1054000000000002
11055 3.5 1.1055000000000001
11056 3.5 1.1056000000000001
11057 3.5 1.1057000000000001
11058 3.5 1.1058000000000001
11059 3.5 1.1059
11060 3.5 1.106
11061 3.5 1.1061
11062 3.5 1.1062
11063 3.5 1.1063
11064 3.5 1.1064
11065 3.5 1.1065
11066 3.5 1.1066
11067 3.5 1.1067
11068 3.5 1.1068
11069 3.5 1.1069
11070 3.5 1.107
11071 3.5 1.1071
11072 3.5 1.1072
11073 3.5 1.1073
11074 3.5 1.1074000000000002
11075 3.5 1.1075000000000002
11076 3.5 1.1076000000000001
11077 3.5 1.1077000000000001
11078 3.5 1.1078000000000001
11079 3.5 1.1079
11080 3.5 1.108
11081 3.5 1.1081
11082 3.5 1.1082
11083 3.5 1.1083
11084 3.5 1.1084
11085 3.5 1.1085
11086 3.5 1.1086
11087 3.5 1.1087
11088 3.5 1.1088
11089 3.5 1.1089
11090 3.5 1.109
11091 3.5 1.1091
11092 3.5 1.1092
11093 3.5 1.1093
11094 3.5 1.1094000000000002
11095 3.5 1.1095000000000002
11096 3.5 1.1096000000000001
11097 3.5 1.1097000000000001
11098 3.5 1.1098000000000001
11099 3.5 1.1099
11100 3.5 1.11
11101 3.5 1.1101
11102 3.5 1.1102
11103 3.5 1.1103
11104 3.5 1.1104
11105 3.5 1.1105
11106 3.5 1.1106
11107 3.5 1.1107
11108 3.5 1.1108
11109 3.5 1.1109
11110 3.5 1.111
11111 3.5 1.1111
11112 3.5 1.1112
11113 3.5 1.1113
11114 3.5 1.1114
11115 3.5 1.1115000000000002
11116 3.5 1.1116000000000001
11117 3.5 1.1117000000000001
11118 3.5 1.1118000000000001
11119 3.5 1.1119
11120 3.5 1.112
11121 3.5 1.1121
11122 3.5 1.1122
11123 3.5 1.1123
11124 3.5 1.1124
11125 3.5 1.1125
11126 3.5 1.1126
11127 3.5 1.1127
11128 3.5 1.1128
11129 3.5 1.1129
11130 3.5 1.113
11131 3.5 1.1131
11132 3.5 1.1132
11133 3.5 1.1133
11134 3.5 1.1134
11135 3.5 1.1135000000000002
11136 3.5 1.1136000000000001
11137 3.5 1.1137000000000001
11138 3.5 1.1138000000000001
11139 3.5 1.1139000000000001
11140 3.5 1.114
11141 3.5 1.1141
11142 3.5 1.1142
11143 3.5 1.1143
11144 3.5 1.1144
11145 3.5 1.1145
11146 3.5 1.1146
11147 3.5 1.1147
11148 3.5 1.1148
11149 3.5 1.1149
11150 3.5 1.115
11151 3.5 1.1151
11152 3.5 1.1152
11153 3.5 1.1153
11154 3.5 1.1154
11155 3.5 1.1155000000000002
11156 3.5 1.1156000000000001
11157 3.5 1.1157000000000001
11158 3.5 1.1158000000000001
11159 3.5 1.1159000000000001
11160 3.5 1.116
11161 3.5 1.1161
11162 3.5 1.1162
11163 3.5 1.1163
11164 3.5 1.1164
11165 3.5 1.1165
11166 3.5 1.1166
11167 3.5 1.1167
11168 3.5 1.1168
11169 3.5 1.1169
11170 3.5 1.117
11171 3.5 1.1171
11172 3.5 1.1172
11173 3.5 1.1173
11174 3.5 1.1174
11175 3.5 1.1175000000000002
11176 3.5 1.1176000000000001
11177 3.5 1.1177000000000001
11178 3.5 1.1178000000000001
11179 3.5 1.1179000000000001
11180 3.5 1.118
11181 3.5 1.1181
11182 3.5 1.1182
11183 3.5 1.1183
11184 3.5 1.1184
11185 3.5 1.1185
11186 3.5 1.1186
11187 3.5 1.1187
11188 3.5 1.1188
11189 3.5 1.1189
11190 3.5 1.119
11191 3.5 1.1191
11192 3.5 1.1192
11193 3.5 1.1193
11194 3.5 1.1194
11195 3.5 1.1195000000000002
11196 3.5 1.1196000000000002
11197 3.5 1.1197000000000001
11198 3.5 1.1198000000000001
11199 3.5 1.1199000000000001
11200 3.5 1.12
11201 3.5 1.1201
11202 3.5 1.1202
11203 3.5 1.1203
11204 3.5 1.1204
11205 3.5 1.1205
11206 3.5 1.1206
11207 3.5 1.1207
11208 3.5 1.1208
11209 3.5 1.1209
11210 3.5 1.121
11211 3.5 1.1211
11212 3.5 1.1212
11213 3.5 1.1213
11214 3.5 1.1214
11215 3.5 1.1215000000000002
11216 3.5 1.1216000000000002
11217 3.5 1.1217000000000001
11218 3.5 1.1218000000000001
11219 3.5 1.1219000000000001
11220 3.5 1.122
11221 3.5 1.1221
11222 3.5 1.1222
11223 3.5 1.1223
11224 3.5 1.1224
11225 3.5 1.1225
11226 3.5 1.1226
11227 3.5 1.1227
11228 3.5 1.1228
11229 3.5 1.1229
11230 3.5 1.123
11231 3.5 1.1231
11232 3.5 1.1232
11233 3.5 1.1233
11234 3.5 1.1234
11235 3.5 1.1235
11236 3.5 1.1236000000000002
11237 3.5 1.1237000000000001
11238 3.5 1.1238000000000001
11239 3.5 1.1239000000000001
11240 3.5 1.124
11241 3.5 1.1241
11242 3.5 1.1242
11243 3.5 1.1243
11244 3.5 1.1244
11245 3.5 1.1245
11246 3.5 1.1246
11247 3.5 1.1247
11248 3.5 1.1248
11249 3.5 1.1249
11250 3.5 1.125
11251 3.5 1.1251
11252 3.5 1.1252
11253 3.5 1.1253
11254 3.5 1.1254
11255 3.5 1.1255
11256 3.5 1.1256000000000002
11257 3.5 1.1257000000000001
11258 3.5 1.1258000000000001
11259 3.5 1.1259000000000001
11260 3.5 1.1260000000000001
11261 3.5 1.1261
11262 3.5 1.1262
11263 3.5 1.1263
11264 3.5 1.1264
11265 3.5 1.1265
11266 3.5 1.1266
11267 3.5 1.1267
11268 3.5 1.1268
11269 3.5 1.1269
11270 3.5 1.127
11271 3.5 1.1271
11272 3.5 1.1272
11273 3.5 1.1273
11274 3.5 1.1274
11275 3.5 1.1275
11276 3.5 1.1276000000000002
11277 3.5 1.1277000000000001
11278 3.5 1.1278000000000001
11279 3.5 1.1279000000000001
11280 3.5 1.1280000000000001
11281 3.5 1.1281
11282 3.5 1.1282
11283 3.5 1.1283
11284 3.5 1.1284
11285 3.5 1.1285
11286 3.5 1.1286
11287 3.5 1.1287
11288 3.5 1.1288
11289 3.5 1.1289
11290 3.5 1.129
11291 3.5 1.1291
11292 3.5 1.1292
11293 3.5 1.1293
11294 3.5 1.1294
11295 3.5 1.1295
11296 3.5 1.1296000000000002
11297 3.5 1.1297000000000001
11298 3.5 1.1298000000000001
11299 3.5 1.1299000000000001
11300 3.5 1.1300000000000001
11301 3.5 1.1301
11302 3.5 1.1302
11303 3.5 1.1303
11304 3.5 1.1304
11305 3.5 1.1305
11306 3.5 1.1306
11307 3.5 1.1307
11308 3.5 1.1308
11309 3.5 1.1309
11310 3.5 1.131
11311 3.5 1.1311
11312 3.5 1.1312
11313 3.5 1.1313
11314 3.5 1.1314
11315 3.5 1.1315
11316 3.5 1.1316000000000002
11317 3.5 1.1317000000000002
11318 3.5 1.1318000000000001
11319 3.5 1.1319000000000001
11320 3.5 1.1320000000000001
11321 3.5 1.1321
11322 3.5 1.1322
11323 3.5 1.1323
11324 3.5 1.1324
11325 3.5 1.1325
11326 3.5 1.1326
11327 3.5 1.1327
11328 3.5 1.1328
11329 3.5 1.1329
11330 3.5 1.133
11331 3.5 1.1331
11332 3.5 1.1332
11333 3.5 1.1333
11334 3.5 1.1334
11335 3.5 1.1335
11336 3.5 1.1336000000000002
11337 3.5 1.1337000000000002
11338 3.5 1.1338000000000001
11339 3.5 1.1339000000000001
11340 3.5 1.1340000000000001
11341 3.5 1.1341
11342 3.5 1.1342
11343 3.5 1.1343
11344 3.5 1.1344
11345 3.5 1.1345
11346 3.5 1.1346
11347 3.5 1.1347
11348 3.5 1.1348
11349 3.5 1.1349
11350 3.5 1.135
11351 3.5 1.1351
11352 3.5 1.1352
11353 3.5 1.1353
11354 3.5 1.1354
11355 3.5 1.1355
11356 3.5 1.1356000000000002
11357 3.5 1.1357000000000002
11358 3.5 1.1358000000000001
11359 3.5 1.1359000000000001
11360 3.5 1.1360000000000001
11361 3.5 1.1361
11362 3.5 1.1362
11363 3.5 1.1363
11364 3.5 1.1364
11365 3.5 1.1365
11366 3.5 1.1366
11367 3.5 1.1367
11368 3.5 1.1368
11369 3.5 1.1369
11370 3.5 1.137
11371 3.5 1.1371
11372 3.5 1.1372
11373 3.5 1.1373
11374 3.5 1.1374
11375 3.5 1.1375
11376 3.5 1.1376
11377 3.5 1.1377000000000002
11378 3.5 1.1378000000000001
11379 3.5 1.1379000000000001
11380 3.5 1.1380000000000001
11381 3.5 1.1381000000000001
11382 3.5 1.1382
11383 3.5 1.1383
11384 3.5 1.1384
11385 3.5 1.1385
11386 3.5 1.1386
11387 3.5 1.1387
11388 3.5 1.1388
11389 3.5 1.1389
11390 3.5 1.139
11391 3.5 1.1391
11392 3.5 1.1392
11393 3.5 1.1393
11394 3.5 1.1394
11395 3.5 1.1395
11396 3.5 1.1396
11397 3.5 1.1397000000000002
11398 3.5 1.1398000000000001
11399 3.5 1.1399000000000001
11400 3.5 1.1400000000000001
11401 3.5 1.1401000000000001
11402 3.5 1.1402
11403 3.5 1.1403
11404 3.5 1.1404
11405 3.5 1.1405
11406 3.5 1.1406
11407 3.5 1.1407
11408 3.5 1.1408
11409 3.5 1.1409
11410 3.5 1.141
11411 3.5 1.1411
11412 3.5 1.1412
11413 3.5 1.1413
11414 3.5 1.1414
11415 3.5 1.1415
11416 3.5 1.1416
11417 3.5 1.1417000000000002
11418 3.5 1.1418000000000001
11419 3.5 1.1419000000000001
11420 3.5 1.1420000000000001
11421 3.5 1.1421000000000001
11422 3.5 1.1422
11423 3.5 1.1423
11424 3.5 1.1424
11425 3.5 1.1425
11426 3.5 1.1426
11427 3.5 1.1427
11428 3.5 1.1428
11429 3.5 1.1429
11430 3.5 1.143
11431 3.5 1.1431
11432 3.5 1.1432
11433 3.5 1.1433
11434 3.5 1.1434
11435 3.5 1.1435
11436 3.5 1.1436
11437 3.5 1.1437000000000002
11438 3.5 1.1438000000000001
11439 3.5 1.1439000000000001
11440 3.5 1.1440000000000001
11441 3.5 1.1441000000000001
11442 3.5 1.1442
11443 3.5 1.1443
11444 3.5 1.1444
11445 3.5 1.1445
11446 3.5 1.1446
11447 3.5 1.1447
11448 3.5 1.1448
11449 3.5 1.1449
11450 3.5 1.145
11451 3.5 1.1451
11452 3.5 1.1452
11453 3.5 1.1453
11454 3.5 1.1454
11455 3.5 1.1455
11456 3.5 1.1456
11457 3.5 1.1457000000000002
11458 3.5 1.1458000000000002
11459 3.5 1.1459000000000001
11460 3.5 1.1460000000000001
11461 3.5 1.1461000000000001
11462 3.5 1.1462
11463 3.5 1.1463
11464 3.5 1.1464
11465 3.5 1.1465
11466 3.5 1.1466
11467 3.5 1.1467
11468 3.5 1.1468
11469 3.5 1.1469
11470 3.5 1.147
11471 3.5 1.1471
11472 3.5 1.1472
11473 3.5 1.1473
11474 3.5 1.1474
11475 3.5 1.1475
11476 3.5 1.1476
11477 3.5 1.1477000000000002
11478 3.5 1.1478000000000002
11479 3.5 1.1479000000000001
11480 3.5 1.1480000000000001
11481 3.5 1.1481000000000001
11482 3.5 1.1482
11483 3.5 1.1483
11484 3.5 1.1484
11485 3.5 1.1485
11486 3.5 1.1486
11487 3.5 1.1487
11488 3.5 1.1488
11489 3.5 1.1489
11490 3.5 1.149
11491 3.5 1.1491
11492 3.5 1.1492
11493 3.5 1.1493
11494 3.5 1.1494
11495 3.5 1.1495
11496 3.5 1.1496
11497 3.5 1.1497
11498 3.5 1.1498000000000002
11499 3.5 1.1499000000000001
11500 3.5 1.1500000000000001
11501 3.5 1.1501000000000001
11502 3.5 1.1502000000000001
11503 3.5 1.1503
11504 3.5 1.1504
11505 3.5 1.1505
11506 3.5 1.1506
11507 3.5 1.1507
11508 3.5 1.1508
11509 3.5 1.1509
11510 3.5 1.151
11511 3.5 1.1511
11512 3.5 1.1512
11513 3.5 1.1513
11514 3.5 1.1514
11515 3.5 1.1515
11516 3.5 1.1516
11517 3.5 1.1517
11518 3.5 1.1518000000000002
11519 3.5 1.1519000000000001
11520 3.5 1.1520000000000001
11521 3.5 1.1521000000000001
11522 3.5 1.1522000000000001
11523 3.5 1.1523
11524 3.5 1.1524
11525 3.5 1.1525
11526 3.5 1.1526
11527 3.5 1.1527
11528 3.5 1.1528
11529 3.5 1.1529
11530 3.5 1.153
11531 3.5 1.1531
11532 3.5 1.1532
11533 3.5 1.1533
11534 3.5 1.1534
11535 3.5 1.1535
11536 3.5 1.1536
11537 3.5 1.1537
11538 3.5 1.1538000000000002
11539 3.5 1.1539000000000001
11540 3.5 1.1540000000000001
11541 3.5 1.1541000000000001
11542 3.5 1.1542000000000001
11543 3.5 1.1543
11544 3.5 1.1544
11545 3.5 1.1545
11546 3.5 1.1546
11547 3.5 1.1547
11548 3.5 1.1548
11549 3.5 1.1549
11550 3.5 1.155
11551 3.5 1.1551
11552 3.5 1.1552
11553 3.5 1.1553
11554 3.5 1.1554
11555 3.5 1.1555
11556 3.5 1.1556
11557 3.5 1.1557
11558 3.5 1.1558000000000002
11559 3.5 1.1559000000000001
11560 3.5 1.1560000000000001
11561 3.5 1.1561000000000001
11562 3.5 1.1562000000000001
11563 3.5 1.1563
11564 3.5 1.1564
11565 3.5 1.1565
11566 3.5 1.1566
11567 3.5 1.1567
11568 3.5 1.1568
11569 3.5 1.1569
11570 3.5 1.157
11571 3.5 1.1571
11572 3.5 1.1572
11573 3.5 1.1573
11574 3.5 1.1574
11575 3.5 1.1575
11576 3.5 1.1576
11577 3.5 1.1577
11578 3.5 1.1578000000000002
11579 3.5 1.1579000000000002
11580 3.5 1.1580000000000001
11581 3.5 1.1581000000000001
11582 3.5 1.1582000000000001
11583 3.5 1.1583
11584 3.5 1.1584
11585 3.5 1.1585
11586 3.5 1.1586
11587 3.5 1.1587
11588 3.5 1.1588
11589 3.5 1.1589
11590 3.5 1.159
11591 3.5 1.1591
11592 3.5 1.1592
11593 3.5 1.1593
11594 3.5 1.1594
11595 3.5 1.1595
11596 3.5 1.1596
11597 3.5 1.1597
11598 3.5 1.1598000000000002
11599 3.5 1.1599000000000002
11600 3.5 1.1600000000000001
11601 3.5 1.1601000000000001
11602 3.5 1.1602000000000001
11603 3.5 1.1603
11604 3.5 1.1604
11605 3.5 1.1605
11606 3.5 1.1606
11607 3.5 1.1607
11608 3.5 1.1608
11609 3.5 1.1609
11610 3.5 1.161
11611 3.5 1.1611
11612 3.5 1.1612
11613 3.5 1.1613
11614 3.5 1.1614
11615 3.5 1.1615
11616 3.5 1.1616
11617 3.5 1.1617
11618 3.5 1.1618000000000002
11619 3.5 1.1619000000000002
11620 3.5 1.1620000000000001
11621 3.5 1.1621000000000001
11622 3.5 1.1622000000000001
11623 3.5 1.1623
11624 3.5 1.1624
11625 3.5 1.1625
11626 3.5 1.1626
11627 3.5 1.1627
11628 3.5 1.1628
11629 3.5 1.1629
11630 3.5 1.163
11631 3.5 1.1631
11632 3.5 1.1632
11633 3.5 1.1633
11634 3.5 1.1634
11635 3.5 1.1635
11636 3.5 1.1636
11637 3.5 1.1637
11638 3.5 1.1638
11639 3.5 1.1639000000000002
11640 3.5 1.1640000000000001
11641 3.5 1.1641000000000001
11642 3.5 1.1642000000000001
11643 3.5 1.1643000000000001
11644 3.5 1.1644
11645 3.5 1.1645
11646 3.5 1.1646
11647 3.5 1.1647
11648 3.5 1.1648
11649 3.5 1.1649
11650 3.5 1.165
11651 3.5 1.1651
11652 3.5 1.1652
11653 3.5 1.1653
11654 3.5 1.1654
11655 3.5 1.1655
11656 3.5 1.1656
11657 3.5 1.1657
11658 3.5 1.1658
11659 3.5 1.1659000000000002
11660 3.5 1.1660000000000001
11661 3.5 1.1661000000000001
11662 3.5 1.1662000000000001
11663 3.5 1.1663000000000001
11664 3.5 1.1664
11665 3.5 1.1665
11666 3.5 1.1666
11667 3.5 1.1667
11668 3.5 1.1668
11669 3.5 1.1669
11670 3.5 1.167
11671 3.5 1.1671
11672 3.5 1.1672
11673 3.5 1.1673
11674 3.5 1.1674
11675 3.5 1.1675
11676 3.5 1.1676
11677 3.5 1.1677
11678 3.5 1.1678
11679 3.5 1.1679000000000002
11680 3.5 1.1680000000000001
11681 3.5 1.1681000000000001
11682 3.5 1.1682000000000001
11683 3.5 1.1683000000000001
11684 3.5 1.1684
11685 3.5 1.1685
11686 3.5 1.1686
11687 3.5 1.1687
11688 3.5 1.1688
11689 3.5 1.1689
11690 3.5 1.169
11691 3.5 1.1691
11692 3.5 1.1692
11693 3.5 1.1693
11694 3.5 1.1694
11695 3.5 1.1695
11696 3.5 1.1696
11697 3.5 1.1697
11698 3.5 1.1698
11699 3.5 1.1699000000000002
11700 3.5 1.1700000000000002
11701 3.5 1.1701000000000001
11702 3.5 1.1702000000000001
11703 3.5 1.1703000000000001
11704 3.5 1.1704
11705 3.5 1.1705
11706 3.5 1.1706
11707 3.5 1.1707
11708 3.5 1.1708
11709 3.5 1.1709
11710 3.5 1.171
11711 3.5 1.1711
11712 3.5 1.1712
11713 3.5 1.1713
11714 3.5 1.1714
11715 3.5 1.1715
11716 3.5 1.1716
11717 3.5 1.1717
11718 3.5 1.1718
11719 3.5 1.1719000000000002
11720 3.5 1.1720000000000002
11721 3.5 1.1721000000000001
11722 3.5 1.1722000000000001
11723 3.5 1.1723000000000001
11724 3.5 1.1724
11725 3.5 1.1725
11726 3.5 1.1726
11727 3.5 1.1727
11728 3.5 1.1728
11729 3.5 1.1729
11730 3.5 1.173
11731 3.5 1.1731
11732 3.5 1.1732
11733 3.5 1.1733
11734 3.5 1.1734
11735 3.5 1.1735
11736 3.5 1.1736
11737 3.5 1.1737
11738 3.5 1.1738
11739 3.5 1.1739000000000002
11740 3.5 1.1740000000000002
11741 3.5 1.1741000000000001
11742 3.5 1.1742000000000001
11743 3.5 1.1743000000000001
11744 3.5 1.1744
11745 3.5 1.1745
11746 3.5 1.1746
11747 3.5 1.1747
11748 3.5 1.1748
11749 3.5 1.1749
11750 3.5 1.175
11751 3.5 1.1751
11752 3.5 1.1752
11753 3.5 1.1753
11754 3.5 1.1754
11755 3.5 1.1755
11756 3.5 1.1756
11757 3.5 1.1757
11758 3.5 1.1758
11759 3.5 1.1759000000000002
11760 3.5 1.1760000000000002
11761 3.5 1.1761000000000001
11762 3.5 1.1762000000000001
11763 3.5 1.1763000000000001
11764 3.5 1.1764000000000001
11765 3.5 1.1765
11766 3.5 1.1766
11767 3.5 1.1767
11768 3.5 1.1768
11769 3.5 1.1769
11770 3.5 1.177
11771 3.5 1.1771
11772 3.5 1.1772
11773 3.5 1.1773
11774 3.5 1.1774
11775 3.5 1.1775
11776 3.5 1.1776
11777 3.5 1.1777
11778 3.5 1.1778
11779 3.5 1.1779
11780 3.5 1.1780000000000002
11781 3.5 1.1781000000000001
11782 3.5 1.1782000000000001
11783 3.5 1.1783000000000001
11784 3.5 1.1784000000000001
11785 3.5 1.1785
11786 3.5 1.1786
11787 3.5 1.1787
11788 3.5 1.1788
11789 3.5 1.1789
11790 3.5 1.179
11791 3.5 1.1791
11792 3.5 1.1792
11793 3.5 1.1793
11794 3.5 1.1794
11795 3.5 1.1795
11796 3.5 1.1796
11797 3.5 1.1797
11798 3.5 1.1798
11799 3.5 1.1799
11800 3.5 1.1800000000000002
11801 3.5 1.1801000000000001
11802 3.5 1.1802000000000001
11803 3.5 1.1803000000000001
11804 3.5 1.1804000000000001
11805 3.5 1.1805
11806 3.5 1.1806
11807 3.5 1.1807
11808 3.5 1.1808
11809 3.5 1.1809
11810 3.5 1.181
11811 3.5 1.1811
11812 3.5 1.1812
11813 3.5 1.1813
11814 3.5 1.1814
11815 3.5 1.1815
11816 3.5 1.1816
11817 3.5 1.1817
11818 3.5 1.1818
11819 3.5 1.1819
11820 3.5 1.1820000000000002
11821 3.5 1.1821000000000002
11822 3.5 1.1822000000000001
11823 3.5 1.1823000000000001
11824 3.5 1.1824000000000001
11825 3.5 1.1825
11826 3.5 1.1826
11827 3.5 1.1827
11828 3.5 1.1828
11829 3.5 1.1829
11830 3.5 1.183
11831 3.5 1.1831
11832 3.5 1.1832
11833 3.5 1.1833
11834 3.5 1.1834
11835 3.5 1.1835
11836 3.5 1.1836
11837 3.5 1.1837
11838 3.5 1.1838
11839 3.5 1.1839
11840 3.5 1.1840000000000002
11841 3.5 1.1841000000000002
11842 3.5 1.1842000000000001
11843 3.5 1.1843000000000001
11844 3.5 1.1844000000000001
11845 3.5 1.1845
11846 3.5 1.1846
11847 3.5 1.1847
11848 3.5 1.1848
11849 3.5 1.1849
11850 3.5 1.185
11851 3.5 1.1851
11852 3.5 1.1852
11853 3.5 1.1853
11854 3.5 1.1854
11855 3.5 1.1855
11856 3.5 1.1856
11857 3.5 1.1857
11858 3.5 1.1858
11859 3.5 1.1859
11860 3.5 1.1860000000000002
11861 3.5 1.1861000000000002
11862 3.5 1.1862000000000001
11863 3.5 1.1863000000000001
11864 3.5 1.1864000000000001
11865 3.5 1.1865
11866 3.5 1.1866
11867 3.5 1.1867
11868 3.5 1.1868
11869 3.5 1.1869
11870 3.5 1.187
11871 3.5 1.1871
11872 3.5 1.1872
11873 3.5 1.1873
11874 3.5 1.1874
11875 3.5 1.1875
11876 3.5 1.1876
11877 3.5 1.1877
11878 3.5 1.1878
11879 3.5 1.1879
11880 3.5 1.1880000000000002
11881 3.5 1.1881000000000002
11882 3.5 1.1882000000000001
11883 3.5 1.1883000000000001
11884 3.5 1.1884000000000001
11885 3.5 1.1885000000000001
11886 3.5 1.1886
11887 3.5 1.1887
11888 3.5 1.1888
11889 3.5 1.1889
11890 3.5 1.189
11891 3.5 1.1891
11892 3.5 1.1892
11893 3.5 1.1893
11894 3.5 1.1894
11895 3.5 1.1895
11896 3.5 1.1896
11897 3.5 1.1897
11898 3.5 1.1898
11899 3.5 1.1899
11900 3.5 1.19
11901 3.5 1.1901000000000002
11902 3.5 1.1902000000000001
11903 3.5 1.1903000000000001
11904 3.5 1.1904000000000001
11905 3.5 1.1905000000000001
11906 3.5 1.1906
11907 3.5 1.1907
11908 3.5 1.1908
11909 3.5 1.1909
11910 3.5 1.191
11911 3.5 1.1911
11912 3.5 1.1912
11913 3.5 1.1913
11914 3.5 1.1914
11915 3.5 1.1915
11916 3.5 1.1916
11917 3.5 1.1917
11918 3.5 1.1918
11919 3.5 1.1919
11920 3.5 1.192
11921 3.5 1.1921000000000002
11922 3.5 1.1922000000000001
11923 3.5 1.1923000000000001
11924 3.5 1.1924000000000001
11925 3.5 1.1925000000000001
11926 3.5 1.1926
11927 3.5 1.1927
11928 3.5 1.1928
11929 3.5 1.1929
11930 3.5 1.193
11931 3.5 1.1931
11932 3.5 1.1932
11933 3.5 1.1933
11934 3.5 1.1934
11935 3.5 1.1935
11936 3.5 1.1936
11937 3.5 1.1937
11938 3.5 1.1938
11939 3.5 1.1939
11940 3.5 1.194
11941 3.5 1.1941000000000002
11942 3.5 1.1942000000000002
11943 3.5 1.1943000000000001
11944 3.5 1.1944000000000001
11945 3.5 1.1945000000000001
11946 3.5 1.1946
11947 3.5 1.1947
11948 3.5 1.1948
11949 3.5 1.1949
11950 3.5 1.195
11951 3.5 1.1951
11952 3.5 1.1952
11953 3.5 1.1953
11954 3.5 1.1954
11955 3.5 1.1955
11956 3.5 1.1956
11957 3.5 1.1957
11958 3.5 1.1958
11959 3.5 1.1959
11960 3.5 1.196
11961 3.5 1.1961000000000002
11962 3.5 1.1962000000000002
11963 3.5 1.1963000000000001
11964 3.5 1.1964000000000001
11965 3.5 1.1965000000000001
11966 3.5 1.1966
11967 3.5 1.1967
11968 3.5 1.1968
11969 3.5 1.1969
11970 3.5 1.197
11971 3.5 1.1971
11972 3.5 1.1972
11973 3.5 1.1973
11974 3.5 1.1974
11975 3.5 1.1975
11976 3.5 1.1976
11977 3.5 1.1977
11978 3.5 1.1978
11979 3.5 1.1979
11980 3.5 1.198
11981 3.5 1.1981000000000002
11982 3.5 1.1982000000000002
11983 3.5 1.1983000000000001
11984 3.5 1.1984000000000001
11985 3.5 1.1985000000000001
11986 3.5 1.1986
11987 3.5 1.1987
11988 3.5 1.1988
11989 3.5 1.1989
11990 3.5 1.199
11991 3.5 1.1991
11992 3.5 1.1992
11993 3.5 1.1993
11994 3.5 1.1994
11995 3.5 1.1995
11996 3.5 1.1996
11997 3.5 1.1997
11998 3.5 1.1998
11999 3.5 1.1999
12000 3.5 1.2
12001 3.5 1.2001000000000002
12002 3.5 1.2002000000000002
12003 3.5 1.2003000000000001
12004 3.5 1.2004000000000001
12005 3.5 1.2005000000000001
12006 3.5 1.2006000000000001
12007 3.5 1.2007
12008 3.5 1.2008
12009 3.5 1.2009
12010 3.5 1.201
12011 3.5 1.2011
12012 3.5 1.2012
12013 3.5 1.2013
12014 3.5 1.2014
12015 3.5 1.2015
12016 3.5 1.2016
12017 3.5 1.2017
12018 3.5 1.2018
12019 3.5 1.2019
12020 3.5 1.202
12021 3.5 1.2021000000000002
12022 3.5 1.2022000000000002
12023 3.5 1.2023000000000001
12024 3.5 1.2024000000000001
12025 3.5 1.2025000000000001
12026 3.5 1.2026000000000001
12027 3.5 1.2027
12028 3.5 1.2028
12029 3.5 1.2029
12030 3.5 1.203
12031 3.5 1.2031
12032 3.5 1.2032
12033 3.5 1.2033
12034 3.5 1.2034
12035 3.5 1.2035
12036 3.5 1.2036
12037 3.5 1.2037
12038 3.5 1.2038
12039 3.5 1.2039
12040 3.5 1.204
12041 3.5 1.2041
12042 3.5 1.2042000000000002
12043 3.5 1.2043000000000001
12044 3.5 1.2044000000000001
12045 3.5 1.2045000000000001
12046 3.5 1.2046000000000001
12047 3.5 1.2047
12048 3.5 1.2048
12049 3.5 1.2049
12050 3.5 1.205
12051 3.5 1.2051
12052 3.5 1.2052
12053 3.5 1.2053
12054 3.5 1.2054
12055 3.5 1.2055
12056 3.5 1.2056
12057 3.5 1.2057
12058 3.5 1.2058
12059 3.5 1.2059
12060 3.5 1.206
12061 3.5 1.2061
12062 3.5 1.2062000000000002
12063 3.5 1.2063000000000001
12064 3.5 1.2064000000000001
12065 3.5 1.2065000000000001
12066 3.5 1.2066000000000001
12067 3.5 1.2067
12068 3.5 1.2068
12069 3.5 1.2069
12070 3.5 1.207
12071 3.5 1.2071
12072 3.5 1.2072
12073 3.5 1.2073
12074 3.5 1.2074
12075 3.5 1.2075
12076 3.5 1.2076
12077 3.5 1.2077
12078 3.5 1.2078
12079 3.5 1.2079
12080 3.5 1.208
12081 3.5 1.2081
12082 3.5 1.2082000000000002
12083 3.5 1.2083000000000002
12084 3.5 1.2084000000000001
12085 3.5 1.2085000000000001
12086 3.5 1.2086000000000001
12087 3.5 1.2087
12088 3.5 1.2088
12089 3.5 1.2089
12090 3.5 1.209
12091 3.5 1.2091
12092 3.5 1.2092
12093 3.5 1.2093
12094 3.5 1.2094
12095 3.5 1.2095
12096 3.5 1.2096
12097 3.5 1.2097
12098 3.5 1.2098
12099 3.5 1.2099
12100 3.5 1.21
12101 3.5 1.2101
12102 3.5 1.2102000000000002
12103 3.5 1.2103000000000002
12104 3.5 1.2104000000000001
12105 3.5 1.2105000000000001
12106 3.5 1.2106000000000001
12107 3.5 1.2107
12108 3.5 1.2108
12109 3.5 1.2109
12110 3.5 1.211
12111 3.5 1.2111
12112 3.5 1.2112
12113 3.5 1.2113
12114 3.5 1.2114
12115 3.5 1.2115
12116 3.5 1.2116
12117 3.5 1.2117
12118 3.5 1.2118
12119 3.5 1.2119
12120 3.5 1.212
12121 3.5 1.2121
12122 3.5 1.2122000000000002
12123 3.5 1.2123000000000002
12124 3.5 1.2124000000000001
12125 3.5 1.2125000000000001
12126 3.5 1.2126000000000001
12127 3.5 1.2127000000000001
12128 3.5 1.2128
12129 3.5 1.2129
12130 3.5 1.213
12131 3.5 1.2131
12132 3.5 1.2132
12133 3.5 1.2133
12134 3.5 1.2134
12135 3.5 1.2135
12136 3.5 1.2136
12137 3.5 1.2137
12138 3.5 1.2138
12139 3.5 1.2139
12140 3.5 1.214
12141 3.5 1.2141
12142 3.5 1.2142000000000002
12143 3.5 1.2143000000000002
12144 3.5 1.2144000000000001
12145 3.5 1.2145000000000001
12146 3.5 1.2146000000000001
12147 3.5 1.2147000000000001
12148 3.5 1.2148
12149 3.5 1.2149
12150 3.5 1.215
12151 3.5 1.2151
12152 3.5 1.2152
12153 3.5 1.2153
12154 3.5 1.2154
12155 3.5 1.2155
12156 3.5 1.2156
12157 3.5 1.2157
12158 3.5 1.2158
12159 3.5 1.2159
12160 3.5 1.216
12161 3.5 1.2161
12162 3.5 1.2162
12163 3.5 1.2163000000000002
12164 3.5 1.2164000000000001
12165 3.5 1.2165000000000001
12166 3.5 1.2166000000000001
12167 3.5 1.2167000000000001
12168 3.5 1.2168
12169 3.5 1.2169
12170 3.5 1.217
12171 3.5 1.2171
12172 3.5 1.2172
12173 3.5 1.2173
12174 3.5 1.2174
12175 3.5 1.2175
12176 3.5 1.2176
12177 3.5 1.2177
12178 3.5 1.2178
12179 3.5 1.2179
12180 3.5 1.218
12181 3.5 1.2181
12182 3.5 1.2182
12183 3.5 1.2183000000000002
12184 3.5 1.2184000000000001
12185 3.5 1.2185000000000001
12186 3.5 1.2186000000000001
12187 3.5 1.2187000000000001
12188 3.5 1.2188
12189 3.5 1.2189
12190 3.5 1.219
12191 3.5 1.2191
12192 3.5 1.2192
12193 3.5 1.2193
12194 3.5 1.2194
12195 3.5 1.2195
12196 3.5 1.2196
12197 3.5 1.2197
12198 3.5 1.2198
12199 3.5 1.2199
12200 3.5 1.22
12201 3.5 1.2201
12202 3.5 1.2202
12203 3.5 1.2203000000000002
12204 3.5 1.2204000000000002
12205 3.5 1.2205000000000001
12206 3.5 1.2206000000000001
12207 3.5 1.2207000000000001
12208 3.5 1.2208
12209 3.5 1.2209
12210 3.5 1.221
12211 3.5 1.2211
12212 3.5 1.2212
12213 3.5 1.2213
12214 3.5 1.2214
12215 3.5 1.2215
12216 3.5 1.2216
12217 3.5 1.2217
12218 3.5 1.2218
12219 3.5 1.2219
12220 3.5 1.222
12221 3.5 1.2221
12222 3.5 1.2222
12223 3.5 1.2223000000000002
12224 3.5 1.2224000000000002
12225 3.5 1.2225000000000001
12226 3.5 1.2226000000000001
12227 3.5 1.2227000000000001
12228 3.5 1.2228
12229 3.5 1.2229
12230 3.5 1.223
12231 3.5 1.2231
12232 3.5 1.2232
12233 3.5 1.2233
12234 3.5 1.2234
12235 3.5 1.2235
12236 3.5 1.2236
12237 3.5 1.2237
12238 3.5 1.2238
12239 3.5 1.2239
12240 3.5 1.224
12241 3.5 1.2241
12242 3.5 1.2242
12243 3.5 1.2243000000000002
12244 3.5 1.2244000000000002
12245 3.5 1.2245000000000001
12246 3.5 1.2246000000000001
12247 3.5 1.2247000000000001
12248 3.5 1.2248
12249 3.5 1.2249
12250 3.5 1.225
12251 3.5 1.2251
12252 3.5 1.2252
12253 3.5 1.2253
12254 3.5 1.2254
12255 3.5 1.2255
12256 3.5 1.2256
12257 3.5 1.2257
12258 3.5 1.2258
12259 3.5 1.2259
12260 3.5 1.226
12261 3.5 1.2261
12262 3.5 1.2262
12263 3.5 1.2263000000000002
12264 3.5 1.2264000000000002
12265 3.5 1.2265000000000001
12266 3.5 1.2266000000000001
12267 3.5 1.2267000000000001
12268 3.5 1.2268000000000001
12269 3.5 1.2269
12270 3.5 1.227
12271 3.5 1.2271
12272 3.5 1.2272
12273 3.5 1.2273
12274 3.5 1.2274
12275 3.5 1.2275
12276 3.5 1.2276
12277 3.5 1.2277
12278 3.5 1.2278
12279 3.5 1.2279
12280 3.5 1.228
12281 3.5 1.2281
12282 3.5 1.2282
12283 3.5 1.2283000000000002
12284 3.5 1.2284000000000002
12285 3.5 1.2285000000000001
12286 3.5 1.2286000000000001
12287 3.5 1.2287000000000001
12288 3.5 1.2288000000000001
12289 3.5 1.2289
12290 3.5 1.229
12291 3.5 1.2291
12292 3.5 1.2292
12293 3.5 1.2293
12294 3.5 1.2294
12295 3.5 1.2295
12296 3.5 1.2296
12297 3.5 1.2297
12298 3.5 1.2298
12299 3.5 1.2299
12300 3.5 1.23
12301 3.5 1.2301
12302 3.5 1.2302
12303 3.5 1.2303
12304 3.5 1.2304000000000002
12305 3.5 1.2305000000000001
12306 3.5 1.2306000000000001
12307 3.5 1.2307000000000001
12308 3.5 1.2308000000000001
12309 3.5 1.2309
12310 3.5 1.231
12311 3.5 1.2311
12312 3.5 1.2312
12313 3.5 1.2313
12314 3.5 1.2314
12315 3.5 1.2315
12316 3.5 1.2316
12317 3.5 1.2317
12318 3.5 1.2318
12319 3.5 1.2319
12320 3.5 1.232
12321 3.5 1.2321
12322 3.5 1.2322
12323 3.5 1.2323
12324 3.5 1.2324000000000002
12325 3.5 1.2325000000000002
12326 3.5 1.2326000000000001
12327 3.5 1.2327000000000001
12328 3.5 1.2328000000000001
12329 3.5 1.2329
12330 3.5 1.233
12331 3.5 1.2331
12332 3.5 1.2332
12333 3.5 1.2333
12334 3.5 1.2334
12335 3.5 1.2335
12336 3.5 1.2336
12337 3.5 1.2337
12338 3.5 1.2338
12339 3.5 1.2339
12340 3.5 1.234
12341 3.5 1.2341
12342 3.5 1.2342
12343 3.5 1.2343
12344 3.5 1.2344000000000002
12345 3.5 1.2345000000000002
12346 3.5 1.2346000000000001
12347 3.5 1.2347000000000001
12348 3.5 1.2348000000000001
12349 3.5 1.2349
12350 3.5 1.235
12351 3.5 1.2351
12352 3.5 1.2352
12353 3.5 1.2353
12354 3.5 1.2354
12355 3.5 1.2355
12356 3.5 1.2356
12357 3.5 1.2357
12358 3.5 1.2358
12359 3.5 1.2359
12360 3.5 1.236
12361 3.5 1.2361
12362 3.5 1.2362
12363 3.5 1.2363
12364 3.5 1.2364000000000002
12365 3.5 1.2365000000000002
12366 3.5 1.2366000000000001
12367 3.5 1.2367000000000001
12368 3.5 1.2368000000000001
12369 3.5 1.2369
12370 3.5 1.237
12371 3.5 1.2371
12372 3.5 1.2372
12373 3.5 1.2373
12374 3.5 1.2374
12375 3.5 1.2375
12376 3.5 1.2376
12377 3.5 1.2377
12378 3.5 1.2378
12379 3.5 1.2379
12380 3.5 1.238
12381 3.5 1.2381
12382 3.5 1.2382
12383 3.5 1.2383
12384 3.5 1.2384000000000002
12385 3.5 1.2385000000000002
12386 3.5 1.2386000000000001
12387 3.5 1.2387000000000001
12388 3.5 1.2388000000000001
12389 3.5 1.2389000000000001
12390 3.5 1.239
12391 3.5 1.2391
12392 3.5 1.2392
12393 3.5 1.2393
12394 3.5 1.2394
12395 3.5 1.2395
12396 3.5 1.2396
12397 3.5 1.2397
12398 3.5 1.2398
12399 3.5 1.2399
12400 3.5 1.24
12401 3.5 1.2401
12402 3.5 1.2402
12403 3.5 1.2403
12404 3.5 1.2404000000000002
12405 3.5 1.2405000000000002
12406 3.5 1.2406000000000001
12407 3.5 1.2407000000000001
12408 3.5 1.2408000000000001
12409 3.5 1.2409000000000001
12410 3.5 1.241
12411 3.5 1.2411
12412 3.5 1.2412
12413 3.5 1.2413
12414 3.5 1.2414
12415 3.5 1.2415
12416 3.5 1.2416
12417 3.5 1.2417
12418 3.5 1.2418
12419 3.5 1.2419
12420 3.5 1.242
12421 3.5 1.2421
12422 3.5 1.2422
12423 3.5 1.2423
12424 3.5 1.2424
12425 3.5 1.2425000000000002
12426 3.5 1.2426000000000001
12427 3.5 1.2427000000000001
12428 3.5 1.2428000000000001
12429 3.5 1.2429000000000001
12430 3.5 1.243
12431 3.5 1.2431
12432 3.5 1.2432
12433 3.5 1.2433
12434 3.5 1.2434
12435 3.5 1.2435
12436 3.5 1.2436
12437 3.5 1.2437
12438 3.5 1.2438
12439 3.5 1.2439
12440 3.5 1.244
12441 3.5 1.2441
12442 3.5 1.2442
12443 3.5 1.2443
12444 3.5 1.2444
12445 3.5 1.2445000000000002
12446 3.5 1.2446000000000002
12447 3.5 1.2447000000000001
12448 3.5 1.2448000000000001
12449 3.5 1.2449000000000001
12450 3.5 1.245
12451 3.5 1.2451
12452 3.5 1.2452
12453 3.5 1.2453
12454 3.5 1.2454
12455 3.5 1.2455
12456 3.5 1.2456
12457 3.5 1.2457
12458 3.5 1.2458
12459 3.5 1.2459
12460 3.5 1.246
12461 3.5 1.2461
12462 3.5 1.2462
12463 3.5 1.2463
12464 3.5 1.2464
12465 3.5 1.2465000000000002
12466 3.5 1.2466000000000002
12467 3.5 1.2467000000000001
12468 3.5 1.2468000000000001
12469 3.5 1.2469000000000001
12470 3.5 1.247
12471 3.5 1.2471
12472 3.5 1.2472
12473 3.5 1.2473
12474 3.5 1.2474
12475 3.5 1.2475
12476 3.5 1.2476
12477 3.5 1.2477
12478 3.5 1.2478
12479 3.5 1.2479
12480 3.5 1.248
12481 3.5 1.2481
12482 3.5 1.2482
12483 3.5 1.2483
12484 3.5 1.2484
12485 3.5 1.2485000000000002
12486 3.5 1.2486000000000002
12487 3.5 1.2487000000000001
12488 3.5 1.2488000000000001
12489 3.5 1.2489000000000001
12490 3.5 1.249
12491 3.5 1.2491
12492 3.5 1.2492
12493 3.5 1.2493
12494 3.5 1.2494
12495 3.5 1.2495
12496 3.5 1.2496
12497 3.5 1.2497
12498 3.5 1.2498
12499 3.5 1.2499
12500 3.5 1.25
12501 3.5 1.2501
12502 3.5 1.2502
12503 3.5 1.2503
12504 3.5 1.2504
12505 3.5 1.2505000000000002
12506 3.5 1.2506000000000002
12507 3.5 1.2507000000000001
12508 3.5 1.2508000000000001
12509 3.5 1.2509000000000001
12510 3.5 1.2510000000000001
12511 3.5 1.2511
12512 3.5 1.2512
12513 3.5 1.2513
12514 3.5 1.2514
12515 3.5 1.2515
12516 3.5 1.2516
12517 3.5 1.2517
12518 3.5 1.2518
12519 3.5 1.2519
12520 3.5 1.252
12521 3.5 1.2521
12522 3.5 1.2522
12523 3.5 1.2523
12524 3.5 1.2524
12525 3.5 1.2525000000000002
12526 3.5 1.2526000000000002
12527 3.5 1.2527000000000001
12528 3.5 1.2528000000000001
12529 3.5 1.2529000000000001
12530 3.5 1.2530000000000001
12531 3.5 1.2531
12532 3.5 1.2532
12533 3.5 1.2533
12534 3.5 1.2534
12535 3.5 1.2535
12536 3.5 1.2536
12537 3.5 1.2537
12538 3.5 1.2538
12539 3.5 1.2539
12540 3.5 1.254
12541 3.5 1.2541
12542 3.5 1.2542
12543 3.5 1.2543
12544 3.5 1.2544
12545 3.5 1.2545000000000002
12546 3.5 1.2546000000000002
12547 3.5 1.2547000000000001
12548 3.5 1.2548000000000001
12549 3.5 1.2549000000000001
12550 3.5 1.2550000000000001
12551 3.5 1.2551
12552 3.5 1.2552
12553 3.5 1.2553
12554 3.5 1.2554
12555 3.5 1.2555
12556 3.5 1.2556
12557 3.5 1.2557
12558 3.5 1.2558
12559 3.5 1.2559
12560 3.5 1.256
12561 3.5 1.2561
12562 3.5 1.2562
12563 3.5 1.2563
12564 3.5 1.2564
12565 3.5 1.2565
12566 3.5 1.2566000000000002
12567 3.5 1.2567000000000002
12568 3.5 1.2568000000000001
12569 3.5 1.2569000000000001
12570 3.5 1.2570000000000001
12571 3.5 1.2571
12572 3.5 1.2572
12573 3.5 1.2573
12574 3.5 1.2574
12575 3.5 1.2575
12576 3.5 1.2576
12577 3.5 1.2577
12578 3.5 1.2578
12579 3.5 1.2579
12580 3.5 1.258
12581 3.5 1.2581
12582 3.5 1.2582
12583 3.5 1.2583
12584 3.5 1.2584
12585 3.5 1.2585
12586 3.5 1.2586000000000002
12587 3.5 1.2587000000000002
12588 3.5 1.2588000000000001
12589 3.5 1.2589000000000001
12590 3.5 1.2590000000000001
12591 3.5 1.2591
12592 3.5 1.2592
12593 3.5 1.2593
12594 3.5 1.2594
12595 3.5 1.2595
12596 3.5 1.2596
12597 3.5 1.2597
12598 3.5 1.2598
12599 3.5 1.2599
12600 3.5 1.26
12601 3.5 1.2601
12602 3.5 1.2602
12603 3.5 1.2603
12604 3.5 1.2604
12605 3.5 1.2605
12606 3.5 1.2606000000000002
12607 3.5 1.2607000000000002
12608 3.5 1.2608000000000001
12609 3.5 1.2609000000000001
12610 3.5 1.2610000000000001
12611 3.5 1.2611
12612 3.5 1.2612
12613 3.5 1.2613
12614 3.5 1.2614
12615 3.5 1.2615
12616 3.5 1.2616
12617 3.5 1.2617
12618 3.5 1.2618
12619 3.5 1.2619
12620 3.5 1.262
12621 3.5 1.2621
12622 3.5 1.2622
12623 3.5 1.2623
12624 3.5 1.2624
12625 3.5 1.2625
12626 3.5 1.2626000000000002
12627 3.5 1.2627000000000002
12628 3.5 1.2628000000000001
12629 3.5 1.2629000000000001
12630 3.5 1.2630000000000001
12631 3.5 1.2631000000000001
12632 3.5 1.2632
12633 3.5 1.2633
12634 3.5 1.2634
12635 3.5 1.2635
12636 3.5 1.2636
12637 3.5 1.2637
12638 3.5 1.2638
12639 3.5 1.2639
12640 3.5 1.264
12641 3.5 1.2641
12642 3.5 1.2642
12643 3.5 1.2643
12644 3.5 1.2644
12645 3.5 1.2645
12646 3.5 1.2646000000000002
12647 3.5 1.2647000000000002
12648 3.5 1.2648000000000001
12649 3.5 1.2649000000000001
12650 3.5 1.2650000000000001
12651 3.5 1.2651000000000001
12652 3.5 1.2652
12653 3.5 1.2653
12654 3.5 1.2654
12655 3.5 1.2655
12656 3.5 1.2656
12657 3.5 1.2657
12658 3.5 1.2658
12659 3.5 1.2659
12660 3.5 1.266
12661 3.5 1.2661
12662 3.5 1.2662
12663 3.5 1.2663
12664 3.5 1.2664
12665 3.5 1.2665
12666 3.5 1.2666000000000002
12667 3.5 1.2667000000000002
12668 3.5 1.2668000000000001
12669 3.5 1.2669000000000001
12670 3.5 1.2670000000000001
12671 3.5 1.2671000000000001
12672 3.5 1.2672
12673 3.5 1.2673
12674 3.5 1.2674
12675 3.5 1.2675
12676 3.5 1.2676
12677 3.5 1.2677
12678 3.5 1.2678
12679 3.5 1.2679
12680 3.5 1.268
12681 3.5 1.2681
12682 3.5 1.2682
12683 3.5 1.2683
12684 3.5 1.2684
12685 3.5 1.2685
12686 3.5 1.2686
12687 3.5 1.2687000000000002
12688 3.5 1.2688000000000001
12689 3.5 1.2689000000000001
12690 3.5 1.2690000000000001
12691 3.5 1.2691000000000001
12692 3.5 1.2692
12693 3.5 1.2693
12694 3.5 1.2694
12695 3.5 1.2695
12696 3.5 1.2696
12697 3.5 1.2697
12698 3.5 1.2698
12699 3.5 1.2699
12700 3.5 1.27
12701 3.5 1.2701
12702 3.5 1.2702
12703 3.5 1.2703
12704 3.5 1.2704
12705 3.5 1.2705
12706 3.5 1.2706
12707 3.5 1.2707000000000002
12708 3.5 1.2708000000000002
12709 3.5 1.2709000000000001
12710 3.5 1.2710000000000001
12711 3.5 1.2711000000000001
12712 3.5 1.2712
12713 3.5 1.2713
12714 3.5 1.2714
12715 3.5 1.2715
12716 3.5 1.2716
12717 3.5 1.2717
12718 3.5 1.2718
12719 3.5 1.2719
12720 3.5 1.272
12721 3.5 1.2721
12722 3.5 1.2722
12723 3.5 1.2723
12724 3.5 1.2724
12725 3.5 1.2725
12726 3.5 1.2726
12727 3.5 1.2727000000000002
12728 3.5 1.2728000000000002
12729 3.5 1.2729000000000001
12730 3.5 1.2730000000000001
12731 3.5 1.2731000000000001
12732 3.5 1.2732
12733 3.5 1.2733
12734 3.5 1.2734
12735 3.5 1.2735
12736 3.5 1.2736
12737 3.5 1.2737
12738 3.5 1.2738
12739 3.5 1.2739
12740 3.5 1.274
12741 3.5 1.2741
12742 3.5 1.2742
12743 3.5 1.2743
12744 3.5 1.2744
12745 3.5 1.2745
12746 3.5 1.2746
12747 3.5 1.2747000000000002
12748 3.5 1.2748000000000002
12749 3.5 1.2749000000000001
12750 3.5 1.2750000000000001
12751 3.5 1.2751000000000001
12752 3.5 1.2752000000000001
12753 3.5 1.2753
12754 3.5 1.2754
12755 3.5 1.2755
12756 3.5 1.2756
12757 3.5 1.2757
12758 3.5 1.2758
12759 3.5 1.2759
12760 3.5 1.276
12761 3.5 1.2761
12762 3.5 1.2762
12763 3.5 1.2763
12764 3.5 1.2764
12765 3.5 1.2765
12766 3.5 1.2766
12767 3.5 1.2767000000000002
12768 3.5 1.2768000000000002
12769 3.5 1.2769000000000001
12770 3.5 1.2770000000000001
12771 3.5 1.2771000000000001
12772 3.5 1.2772000000000001
12773 3.5 1.2773
12774 3.5 1.2774
12775 3.5 1.2775
12776 3.5 1.2776
12777 3.5 1.2777
12778 3.5 1.2778
12779 3.5 1.2779
12780 3.5 1.278
12781 3.5 1.2781
12782 3.5 1.2782
12783 3.5 1.2783
12784 3.5 1.2784
12785 3.5 1.2785
12786 3.5 1.2786
12787 3.5 1.2787000000000002
12788 3.5 1.2788000000000002
12789 3.5 1.2789000000000001
12790 3.5 1.2790000000000001
12791 3.5 1.2791000000000001
12792 3.5 1.2792000000000001
12793 3.5 1.2793
12794 3.5 1.2794
12795 3.5 1.2795
12796 3.5 1.2796
12797 3.5 1.2797
12798 3.5 1.2798
12799 3.5 1.2799
12800 3.5 1.28
12801 3.5 1.2801
12802 3.5 1.2802
12803 3.5 1.2803
12804 3.5 1.2804
12805 3.5 1.2805
12806 3.5 1.2806
12807 3.5 1.2807000000000002
12808 3.5 1.2808000000000002
12809 3.5 1.2809000000000001
12810 3.5 1.2810000000000001
12811 3.5 1.2811000000000001
12812 3.5 1.2812000000000001
12813 3.5 1.2813
12814 3.5 1.2814
12815 3.5 1.2815
12816 3.5 1.2816
12817 3.5 1.2817
12818 3.5 1.2818
12819 3.5 1.2819
12820 3.5 1.282
12821 3.5 1.2821
12822 3.5 1.2822
12823 3.5 1.2823
12824 3.5 1.2824
12825 3.5 1.2825
12826 3.5 1.2826
12827 3.5 1.2827
12828 3.5 1.2828000000000002
12829 3.5 1.2829000000000002
12830 3.5 1.2830000000000001
12831 3.5 1.2831000000000001
12832 3.5 1.2832000000000001
12833 3.5 1.2833
12834 3.5 1.2834
12835 3.5 1.2835
12836 3.5 1.2836
12837 3.5 1.2837
12838 3.5 1.2838
12839 3.5 1.2839
12840 3.5 1.284
12841 3.5 1.2841
12842 3.5 1.2842
12843 3.5 1.2843
12844 3.5 1.2844
12845 3.5 1.2845
12846 3.5 1.2846
12847 3.5 1.2847
12848 3.5 1.2848000000000002
12849 3.5 1.2849000000000002
12850 3.5 1.2850000000000001
12851 3.5 1.2851000000000001
12852 3.5 1.2852000000000001
12853 3.5 1.2853
12854 3.5 1.2854
12855 3.5 1.2855
12856 3.5 1.2856
12857 3.5 1.2857
12858 3.5 1.2858
12859 3.5 1.2859
12860 3.5 1.286
12861 3.5 1.2861
12862 3.5 1.2862
12863 3.5 1.2863
12864 3.5 1.2864
12865 3.5 1.2865
12866 3.5 1.2866
12867 3.5 1.2867
12868 3.5 1.2868000000000002
12869 3.5 1.2869000000000002
12870 3.5 1.2870000000000001
12871 3.5 1.2871000000000001
12872 3.5 1.2872000000000001
12873 3.5 1.2873
12874 3.5 1.2874
12875 3.5 1.2875
12876 3.5 1.2876
12877 3.5 1.2877
12878 3.5 1.2878
12879 3.5 1.2879
12880 3.5 1.288
12881 3.5 1.2881
12882 3.5 1.2882
12883 3.5 1.2883
12884 3.5 1.2884
12885 3.5 1.2885
12886 3.5 1.2886
12887 3.5 1.2887
12888 3.5 1.2888000000000002
12889 3.5 1.2889000000000002
12890 3.5 1.2890000000000001
12891 3.5 1.2891000000000001
12892 3.5 1.2892000000000001
12893 3.5 1.2893000000000001
12894 3.5 1.2894
12895 3.5 1.2895
12896 3.5 1.2896
12897 3.5 1.2897
12898 3.5 1.2898
12899 3.5 1.2899
12900 3.5 1.29
12901 3.5 1.2901
12902 3.5 1.2902
12903 3.5 1.2903
12904 3.5 1.2904
12905 3.5 1.2905
12906 3.5 1.2906
12907 3.5 1.2907
12908 3.5 1.2908000000000002
12909 3.5 1.2909000000000002
12910 3.5 1.2910000000000001
12911 3.5 1.2911000000000001
12912 3.5 1.2912000000000001
12913 3.5 1.2913000000000001
12914 3.5 1.2914
12915 3.5 1.2915
12916 3.5 1.2916
12917 3.5 1.2917
12918 3.5 1.2918
12919 3.5 1.2919
12920 3.5 1.292
12921 3.5 1.2921
12922 3.5 1.2922
12923 3.5 1.2923
12924 3.5 1.2924
12925 3.5 1.2925
12926 3.5 1.2926
12927 3.5 1.2927
12928 3.5 1.2928000000000002
12929 3.5 1.2929000000000002
12930 3.5 1.2930000000000001
12931 3.5 1.2931000000000001
12932 3.5 1.2932000000000001
12933 3.5 1.2933000000000001
12934 3.5 1.2934
12935 3.5 1.2935
12936 3.5 1.2936
12937 3.5 1.2937
12938 3.5 1.2938
12939 3.5 1.2939
12940 3.5 1.294
12941 3.5 1.2941
12942 3.5 1.2942
12943 3.5 1.2943
12944 3.5 1.2944
12945 3.5 1.2945
12946 3.5 1.2946
12947 3.5 1.2947
12948 3.5 1.2948000000000002
12949 3.5 1.2949000000000002
12950 3.5 1.2950000000000002
12951 3.5 1.2951000000000001
12952 3.5 1.2952000000000001
12953 3.5 1.2953000000000001
12954 3.5 1.2954
12955 3.5 1.2955
12956 3.5 1.2956
12957 3.5 1.2957
12958 3.5 1.2958
12959 3.5 1.2959
12960 3.5 1.296
12961 3.5 1.2961
12962 3.5 1.2962
12963 3.5 1.2963
12964 3.5 1.2964
12965 3.5 1.2965
12966 3.5 1.2966
12967 3.5 1.2967
12968 3.5 1.2968
12969 3.5 1.2969000000000002
12970 3.5 1.2970000000000002
12971 3.5 1.2971000000000001
12972 3.5 1.2972000000000001
12973 3.5 1.2973000000000001
12974 3.5 1.2974
12975 3.5 1.2975
12976 3.5 1.2976
12977 3.5 1.2977
12978 3.5 1.2978
12979 3.5 1.2979
12980 3.5 1.298
12981 3.5 1.2981
12982 3.5 1.2982
12983 3.5 1.2983
12984 3.5 1.2984
12985 3.5 1.2985
12986 3.5 1.2986
12987 3.5 1.2987
12988 3.5 1.2988
12989 3.5 1.2989000000000002
12990 3.5 1.2990000000000002
12991 3.5 1.2991000000000001
12992 3.5 1.2992000000000001
12993 3.5 1.2993000000000001
12994 3.5 1.2994
12995 3.5 1.2995
12996 3.5 1.2996
12997 3.5 1.2997
12998 3.5 1.2998
12999 3.5 1.2999
13000 3.5 1.3
13001 3.5 1.3001
13002 3.5 1.3002
13003 3.5 1.3003
13004 3.5 1.3004
13005 3.5 1.3005
13006 3.5 1.3006
13007 3.5 1.3007
13008 3.5 1.3008
13009 3.5 1.3009000000000002
13010 3.5 1.3010000000000002
13011 3.5 1.3011000000000001
13012 3.5 1.3012000000000001
13013 3.5 1.3013000000000001
13014 3.5 1.3014000000000001
13015 3.5 1.3015
13016 3.5 1.3016
13017 3.5 1.3017
13018 3.5 1.3018
13019 3.5 1.3019
13020 3.5 1.302
13021 3.5 1.3021
13022 3.5 1.3022
13023 3.5 1.3023
13024 3.5 1.3024
13025 3.5 1.3025
13026 3.5 1.3026
13027 3.5 1.3027
13028 3.5 1.3028
13029 3.5 1.3029000000000002
13030 3.5 1.3030000000000002
13031 3.5 1.3031000000000001
13032 3.5 1.3032000000000001
13033 3.5 1.3033000000000001
13034 3.5 1.3034000000000001
13035 3.5 1.3035
13036 3.5 1.3036
13037 3.5 1.3037
13038 3.5 1.3038
13039 3.5 1.3039
13040 3.5 1.304
13041 3.5 1.3041
13042 3.5 1.3042
13043 3.5 1.3043
13044 3.5 1.3044
13045 3.5 1.3045
13046 3.5 1.3046
13047 3.5 1.3047
13048 3.5 1.3048
13049 3.5 1.3049000000000002
13050 3.5 1.3050000000000002
13051 3.5 1.3051000000000001
13052 3.5 1.3052000000000001
13053 3.5 1.3053000000000001
13054 3.5 1.3054000000000001
13055 3.5 1.3055
13056 3.5 1.3056
13057 3.5 1.3057
13058 3.5 1.3058
13059 3.5 1.3059
13060 3.5 1.306
13061 3.5 1.3061
13062 3.5 1.3062
13063 3.5 1.3063
13064 3.5 1.3064
13065 3.5 1.3065
13066 3.5 1.3066
13067 3.5 1.3067
13068 3.5 1.3068
13069 3.5 1.3069000000000002
13070 3.5 1.3070000000000002
13071 3.5 1.3071000000000002
13072 3.5 1.3072000000000001
13073 3.5 1.3073000000000001
13074 3.5 1.3074000000000001
13075 3.5 1.3075
13076 3.5 1.3076
13077 3.5 1.3077
13078 3.5 1.3078
13079 3.5 1.3079
13080 3.5 1.308
13081 3.5 1.3081
13082 3.5 1.3082
13083 3.5 1.3083
13084 3.5 1.3084
13085 3.5 1.3085
13086 3.5 1.3086
13087 3.5 1.3087
13088 3.5 1.3088
13089 3.5 1.3089
13090 3.5 1.3090000000000002
13091 3.5 1.3091000000000002
13092 3.5 1.3092000000000001
13093 3.5 1.3093000000000001
13094 3.5 1.3094000000000001
13095 3.5 1.3095
13096 3.5 1.3096
13097 3.5 1.3097
13098 3.5 1.3098
13099 3.5 1.3099
13100 3.5 1.31
13101 3.5 1.3101
13102 3.5 1.3102
13103 3.5 1.3103
13104 3.5 1.3104
13105 3.5 1.3105
13106 3.5 1.3106
13107 3.5 1.3107
13108 3.5 1.3108
13109 3.5 1.3109
13110 3.5 1.3110000000000002
13111 3.5 1.3111000000000002
13112 3.5 1.3112000000000001
13113 3.5 1.3113000000000001
13114 3.5 1.3114000000000001
13115 3.5 1.3115
13116 3.5 1.3116
13117 3.5 1.3117
13118 3.5 1.3118
13119 3.5 1.3119
13120 3.5 1.312
13121 3.5 1.3121
13122 3.5 1.3122
13123 3.5 1.3123
13124 3.5 1.3124
13125 3.5 1.3125
13126 3.5 1.3126
13127 3.5 1.3127
13128 3.5 1.3128
13129 3.5 1.3129
13130 3.5 1.3130000000000002
13131 3.5 1.3131000000000002
13132 3.5 1.3132000000000001
13133 3.5 1.3133000000000001
13134 3.5 1.3134000000000001
13135 3.5 1.3135000000000001
13136 3.5 1.3136
13137 3.5 1.3137
13138 3.5 1.3138
13139 3.5 1.3139
13140 3.5 1.314
13141 3.5 1.3141
13142 3.5 1.3142
13143 3.5 1.3143
13144 3.5 1.3144
13145 3.5 1.3145
13146 3.5 1.3146
13147 3.5 1.3147
13148 3.5 1.3148
13149 3.5 1.3149
13150 3.5 1.3150000000000002
13151 3.5 1.3151000000000002
13152 3.5 1.3152000000000001
13153 3.5 1.3153000000000001
13154 3.5 1.3154000000000001
13155 3.5 1.3155000000000001
13156 3.5 1.3156
13157 3.5 1.3157
13158 3.5 1.3158
13159 3.5 1.3159
13160 3.5 1.316
13161 3.5 1.3161
13162 3.5 1.3162
13163 3.5 1.3163
13164 3.5 1.3164
13165 3.5 1.3165
13166 3.5 1.3166
13167 3.5 1.3167
13168 3.5 1.3168
13169 3.5 1.3169
13170 3.5 1.3170000000000002
13171 3.5 1.3171000000000002
13172 3.5 1.3172000000000001
13173 3.5 1.3173000000000001
13174 3.5 1.3174000000000001
13175 3.5 1.3175000000000001
13176 3.5 1.3176
13177 3.5 1.3177
13178 3.5 1.3178
13179 3.5 1.3179
13180 3.5 1.318
13181 3.5 1.3181
13182 3.5 1.3182
13183 3.5 1.3183
13184 3.5 1.3184
13185 3.5 1.3185
13186 3.5 1.3186
13187 3.5 1.3187
13188 3.5 1.3188
13189 3.5 1.3189
13190 3.5 1.3190000000000002
13191 3.5 1.3191000000000002
13192 3.5 1.3192000000000002
13193 3.5 1.3193000000000001
13194 3.5 1.3194000000000001
13195 3.5 1.3195000000000001
13196 3.5 1.3196
13197 3.5 1.3197
13198 3.5 1.3198
13199 3.5 1.3199
13200 3.5 1.32
13201 3.5 1.3201
13202 3.5 1.3202
13203 3.5 1.3203
13204 3.5 1.3204
13205 3.5 1.3205
13206 3.5 1.3206
13207 3.5 1.3207
13208 3.5 1.3208
13209 3.5 1.3209
13210 3.5 1.3210000000000002
13211 3.5 1.3211000000000002
13212 3.5 1.3212000000000002
13213 3.5 1.3213000000000001
13214 3.5 1.3214000000000001
13215 3.5 1.3215000000000001
13216 3.5 1.3216
13217 3.5 1.3217
13218 3.5 1.3218
13219 3.5 1.3219
13220 3.5 1.322
13221 3.5 1.3221
13222 3.5 1.3222
13223 3.5 1.3223
13224 3.5 1.3224
13225 3.5 1.3225
13226 3.5 1.3226
13227 3.5 1.3227
13228 3.5 1.3228
13229 3.5 1.3229
13230 3.5 1.323
13231 3.5 1.3231000000000002
13232 3.5 1.3232000000000002
13233 3.5 1.3233000000000001
13234 3.5 1.3234000000000001
13235 3.5 1.3235000000000001
13236 3.5 1.3236
13237 3.5 1.3237
13238 3.5 1.3238
13239 3.5 1.3239
13240 3.5 1.324
13241 3.5 1.3241
13242 3.5 1.3242
13243 3.5 1.3243
13244 3.5 1.3244
13245 3.5 1.3245
13246 3.5 1.3246
13247 3.5 1.3247
13248 3.5 1.3248
13249 3.5 1.3249
13250 3.5 1.325
13251 3.5 1.3251000000000002
13252 3.5 1.3252000000000002
13253 3.5 1.3253000000000001
13254 3.5 1.3254000000000001
13255 3.5 1.3255000000000001
13256 3.5 1.3256000000000001
13257 3.5 1.3257
13258 3.5 1.3258
13259 3.5 1.3259
13260 3.5 1.326
13261 3.5 1.3261
13262 3.5 1.3262
13263 3.5 1.3263
13264 3.5 1.3264
13265 3.5 1.3265
13266 3.5 1.3266
13267 3.5 1.3267
13268 3.5 1.3268
13269 3.5 1.3269
13270 3.5 1.327
13271 3.5 1.3271000000000002
13272 3.5 1.3272000000000002
13273 3.5 1.3273000000000001
13274 3.5 1.3274000000000001
13275 3.5 1.3275000000000001
13276 3.5 1.3276000000000001
13277 3.5 1.3277
13278 3.5 1.3278
13279 3.5 1.3279
13280 3.5 1.328
13281 3.5 1.3281
13282 3.5 1.3282
13283 3.5 1.3283
13284 3.5 1.3284
13285 3.5 1.3285
13286 3.5 1.3286
13287 3.5 1.3287
13288 3.5 1.3288
13289 3.5 1.3289
13290 3.5 1.329
13291 3.5 1.3291000000000002
13292 3.5 1.3292000000000002
13293 3.5 1.3293000000000001
13294 3.5 1.3294000000000001
13295 3.5 1.3295000000000001
13296 3.5 1.3296000000000001
13297 3.5 1.3297
13298 3.5 1.3298
13299 3.5 1.3299
13300 3.5 1.33
13301 3.5 1.3301
13302 3.5 1.3302
13303 3.5 1.3303
13304 3.5 1.3304
13305 3.5 1.3305
13306 3.5 1.3306
13307 3.5 1.3307
13308 3.5 1.3308
13309 3.5 1.3309
13310 3.5 1.331
13311 3.5 1.3311000000000002
13312 3.5 1.3312000000000002
13313 3.5 1.3313000000000001
13314 3.5 1.3314000000000001
13315 3.5 1.3315000000000001
13316 3.5 1.3316000000000001
13317 3.5 1.3317
13318 3.5 1.3318
13319 3.5 1.3319
13320 3.5 1.332
13321 3.5 1.3321
13322 3.5 1.3322
13323 3.5 1.3323
13324 3.5 1.3324
13325 3.5 1.3325
13326 3.5 1.3326
13327 3.5 1.3327
13328 3.5 1.3328
13329 3.5 1.3329
13330 3.5 1.333
13331 3.5 1.3331000000000002
13332 3.5 1.3332000000000002
13333 3.5 1.3333000000000002
13334 3.5 1.3334000000000001
13335 3.5 1.3335000000000001
13336 3.5 1.3336000000000001
13337 3.5 1.3337
13338 3.5 1.3338
13339 3.5 1.3339
13340 3.5 1.334
13341 3.5 1.3341
13342 3.5 1.3342
13343 3.5 1.3343
13344 3.5 1.3344
13345 3.5 1.3345
13346 3.5 1.3346
13347 3.5 1.3347
13348 3.5 1.3348
13349 3.5 1.3349
13350 3.5 1.335
13351 3.5 1.3351
13352 3.5 1.3352000000000002
13353 3.5 1.3353000000000002
13354 3.5 1.3354000000000001
13355 3.5 1.3355000000000001
13356 3.5 1.3356000000000001
13357 3.5 1.3357
13358 3.5 1.3358
13359 3.5 1.3359
13360 3.5 1.336
13361 3.5 1.3361
13362 3.5 1.3362
13363 3.5 1.3363
13364 3.5 1.3364
13365 3.5 1.3365
13366 3.5 1.3366
13367 3.5 1.3367
13368 3.5 1.3368
13369 3.5 1.3369
13370 3.5 1.337
13371 3.5 1.3371
13372 3.5 1.3372000000000002
13373 3.5 1.3373000000000002
13374 3.5 1.3374000000000001
13375 3.5 1.3375000000000001
13376 3.5 1.3376000000000001
13377 3.5 1.3377000000000001
13378 3.5 1.3378
13379 3.5 1.3379
13380 3.5 1.338
13381 3.5 1.3381
13382 3.5 1.3382
13383 3.5 1.3383
13384 3.5 1.3384
13385 3.5 1.3385
13386 3.5 1.3386
13387 3.5 1.3387
13388 3.5 1.3388
13389 3.5 1.3389
13390 3.5 1.339
13391 3.5 1.3391
13392 3.5 1.3392000000000002
13393 3.5 1.3393000000000002
13394 3.5 1.3394000000000001
13395 3.5 1.3395000000000001
13396 3.5 1.3396000000000001
13397 3.5 1.3397000000000001
13398 3.5 1.3398
13399 3.5 1.3399
13400 3.5 1.34
13401 3.5 1.3401
13402 3.5 1.3402
13403 3.5 1.3403
13404 3.5 1.3404
13405 3.5 1.3405
13406 3.5 1.3406
13407 3.5 1.3407
13408 3.5 1.3408
13409 3.5 1.3409
13410 3.5 1.341
13411 3.5 1.3411
13412 3.5 1.3412000000000002
13413 3.5 1.3413000000000002
13414 3.5 1.3414000000000001
13415 3.5 1.3415000000000001
13416 3.5 1.3416000000000001
13417 3.5 1.3417000000000001
13418 3.5 1.3418
13419 3.5 1.3419
13420 3.5 1.342
13421 3.5 1.3421
13422 3.5 1.3422
13423 3.5 1.3423
13424 3.5 1.3424
13425 3.5 1.3425
13426 3.5 1.3426
13427 3.5 1.3427
13428 3.5 1.3428
13429 3.5 1.3429
13430 3.5 1.343
13431 3.5 1.3431
13432 3.5 1.3432000000000002
13433 3.5 1.3433000000000002
13434 3.5 1.3434000000000001
13435 3.5 1.3435000000000001
13436 3.5 1.3436000000000001
13437 3.5 1.3437000000000001
13438 3.5 1.3438
13439 3.5 1.3439
13440 3.5 1.344
13441 3.5 1.3441
13442 3.5 1.3442
13443 3.5 1.3443
13444 3.5 1.3444
13445 3.5 1.3445
13446 3.5 1.3446
13447 3.5 1.3447
13448 3.5 1.3448
13449 3.5 1.3449
13450 3.5 1.345
13451 3.5 1.3451
13452 3.5 1.3452000000000002
13453 3.5 1.3453000000000002
13454 3.5 1.3454000000000002
13455 3.5 1.3455000000000001
13456 3.5 1.3456000000000001
13457 3.5 1.3457000000000001
13458 3.5 1.3458
13459 3.5 1.3459
13460 3.5 1.346
13461 3.5 1.3461
13462 3.5 1.3462
13463 3.5 1.3463
13464 3.5 1.3464
13465 3.5 1.3465
13466 3.5 1.3466
13467 3.5 1.3467
13468 3.5 1.3468
13469 3.5 1.3469
13470 3.5 1.347
13471 3.5 1.3471
13472 3.5 1.3472000000000002
13473 3.5 1.3473000000000002
13474 3.5 1.3474000000000002
13475 3.5 1.3475000000000001
13476 3.5 1.3476000000000001
13477 3.5 1.3477000000000001
13478 3.5 1.3478
13479 3.5 1.3479
13480 3.5 1.348
13481 3.5 1.3481
13482 3.5 1.3482
13483 3.5 1.3483
13484 3.5 1.3484
13485 3.5 1.3485
13486 3.5 1.3486
13487 3.5 1.3487
13488 3.5 1.3488
13489 3.5 1.3489
13490 3.5 1.349
13491 3.5 1.3491
13492 3.5 1.3492
13493 3.5 1.3493000000000002
13494 3.5 1.3494000000000002
13495 3.5 1.3495000000000001
13496 3.5 1.3496000000000001
13497 3.5 1.3497000000000001
13498 3.5 1.3498
13499 3.5 1.3499
13500 3.5 1.35
13501 3.5 1.3501
13502 3.5 1.3502
13503 3.5 1.3503
13504 3.5 1.3504
13505 3.5 1.3505
13506 3.5 1.3506
13507 3.5 1.3507
13508 3.5 1.3508
13509 3.5 1.3509
13510 3.5 1.351
13511 3.5 1.3511
13512 3.5 1.3512
13513 3.5 1.3513000000000002
13514 3.5 1.3514000000000002
13515 3.5 1.3515000000000001
13516 3.5 1.3516000000000001
13517 3.5 1.3517000000000001
13518 3.5 1.3518000000000001
13519 3.5 1.3519
13520 3.5 1.352
13521 3.5 1.3521
13522 3.5 1.3522
13523 3.5 1.3523
13524 3.5 1.3524
13525 3.5 1.3525
13526 3.5 1.3526
13527 3.5 1.3527
13528 3.5 1.3528
13529 3.5 1.3529
13530 3.5 1.353
13531 3.5 1.3531
13532 3.5 1.3532
13533 3.5 1.3533000000000002
13534 3.5 1.3534000000000002
13535 3.5 1.3535000000000001
13536 3.5 1.3536000000000001
13537 3.5 1.3537000000000001
13538 3.5 1.3538000000000001
13539 3.5 1.3539
13540 3.5 1.354
13541 3.5 1.3541
13542 3.5 1.3542
13543 3.5 1.3543
13544 3.5 1.3544
13545 3.5 1.3545
13546 3.5 1.3546
13547 3.5 1.3547
13548 3.5 1.3548
13549 3.5 1.3549
13550 3.5 1.355
13551 3.5 1.3551
13552 3.5 1.3552
13553 3.5 1.3553000000000002
13554 3.5 1.3554000000000002
13555 3.5 1.3555000000000001
13556 3.5 1.3556000000000001
13557 3.5 1.3557000000000001
13558 3.5 1.3558000000000001
13559 3.5 1.3559
13560 3.5 1.356
13561 3.5 1.3561
13562 3.5 1.3562
13563 3.5 1.3563
13564 3.5 1.3564
13565 3.5 1.3565
13566 3.5 1.3566
13567 3.5 1.3567
13568 3.5 1.3568
13569 3.5 1.3569
13570 3.5 1.357
13571 3.5 1.3571
13572 3.5 1.3572
13573 3.5 1.3573000000000002
13574 3.5 1.3574000000000002
13575 3.5 1.3575000000000002
13576 3.5 1.3576000000000001
13577 3.5 1.3577000000000001
13578 3.5 1.3578000000000001
13579 3.5 1.3579
13580 3.5 1.358
13581 3.5 1.3581
13582 3.5 1.3582
13583 3.5 1.3583
13584 3.5 1.3584
13585 3.5 1.3585
13586 3.5 1.3586
13587 3.5 1.3587
13588 3.5 1.3588
13589 3.5 1.3589
13590 3.5 1.359
13591 3.5 1.3591
13592 3.5 1.3592
13593 3.5 1.3593000000000002
13594 3.5 1.3594000000000002
13595 3.5 1.3595000000000002
13596 3.5 1.3596000000000001
13597 3.5 1.3597000000000001
13598 3.5 1.3598000000000001
13599 3.5 1.3599
13600 3.5 1.36
13601 3.5 1.3601
13602 3.5 1.3602
13603 3.5 1.3603
13604 3.5 1.3604
13605 3.5 1.3605
13606 3.5 1.3606
13607 3.5 1.3607
13608 3.5 1.3608
13609 3.5 1.3609
13610 3.5 1.361
13611 3.5 1.3611
13612 3.5 1.3612
13613 3.5 1.3613
13614 3.5 1.3614000000000002
13615 3.5 1.3615000000000002
13616 3.5 1.3616000000000001
13617 3.5 1.3617000000000001
13618 3.5 1.3618000000000001
13619 3.5 1.3619
13620 3.5 1.362
13621 3.5 1.3621
13622 3.5 1.3622
13623 3.5 1.3623
13624 3.5 1.3624
13625 3.5 1.3625
13626 3.5 1.3626
13627 3.5 1.3627
13628 3.5 1.3628
13629 3.5 1.3629
13630 3.5 1.363
13631 3.5 1.3631
13632 3.5 1.3632
13633 3.5 1.3633
13634 3.5 1.3634000000000002
13635 3.5 1.3635000000000002
13636 3.5 1.3636000000000001
13637 3.5 1.3637000000000001
13638 3.5 1.3638000000000001
13639 3.5 1.3639000000000001
13640 3.5 1.364
13641 3.5 1.3641
13642 3.5 1.3642
13643 3.5 1.3643
13644 3.5 1.3644
13645 3.5 1.3645
13646 3.5 1.3646
13647 3.5 1.3647
13648 3.5 1.3648
13649 3.5 1.3649
13650 3.5 1.365
13651 3.5 1.3651
13652 3.5 1.3652
13653 3.5 1.3653
13654 3.5 1.3654000000000002
13655 3.5 1.3655000000000002
13656 3.5 1.3656000000000001
13657 3.5 1.3657000000000001
13658 3.5 1.3658000000000001
13659 3.5 1.3659000000000001
13660 3.5 1.366
13661 3.5 1.3661
13662 3.5 1.3662
13663 3.5 1.3663
13664 3.5 1.3664
13665 3.5 1.3665
13666 3.5 1.3666
13667 3.5 1.3667
13668 3.5 1.3668
13669 3.5 1.3669
13670 3.5 1.367
13671 3.5 1.3671
13672 3.5 1.3672
13673 3.5 1.3673
13674 3.5 1.3674000000000002
13675 3.5 1.3675000000000002
13676 3.5 1.3676000000000001
13677 3.5 1.3677000000000001
13678 3.5 1.3678000000000001
13679 3.5 1.3679000000000001
13680 3.5 1.368
13681 3.5 1.3681
13682 3.5 1.3682
13683 3.5 1.3683
13684 3.5 1.3684
13685 3.5 1.3685
13686 3.5 1.3686
13687 3.5 1.3687
13688 3.5 1.3688
13689 3.5 1.3689
13690 3.5 1.369
13691 3.5 1.3691
13692 3.5 1.3692
13693 3.5 1.3693
13694 3.5 1.3694000000000002
13695 3.5 1.3695000000000002
13696 3.5 1.3696000000000002
13697 3.5 1.3697000000000001
13698 3.5 1.3698000000000001
13699 3.5 1.3699000000000001
13700 3.5 1.37
13701 3.5 1.3701
13702 3.5 1.3702
13703 3.5 1.3703
13704 3.5 1.3704
13705 3.5 1.3705
13706 3.5 1.3706
13707 3.5 1.3707
13708 3.5 1.3708
13709 3.5 1.3709
13710 3.5 1.371
13711 3.5 1.3711
13712 3.5 1.3712
13713 3.5 1.3713
13714 3.5 1.3714000000000002
13715 3.5 1.3715000000000002
13716 3.5 1.3716000000000002
13717 3.5 1.3717000000000001
13718 3.5 1.3718000000000001
13719 3.5 1.3719000000000001
13720 3.5 1.372
13721 3.5 1.3721
13722 3.5 1.3722
13723 3.5 1.3723
13724 3.5 1.3724
13725 3.5 1.3725
13726 3.5 1.3726
13727 3.5 1.3727
13728 3.5 1.3728
13729 3.5 1.3729
13730 3.5 1.373
13731 3.5 1.3731
13732 3.5 1.3732
13733 3.5 1.3733
13734 3.5 1.3734000000000002
13735 3.5 1.3735000000000002
13736 3.5 1.3736000000000002
13737 3.5 1.3737000000000001
13738 3.5 1.3738000000000001
13739 3.5 1.3739000000000001
13740 3.5 1.374
13741 3.5 1.3741
13742 3.5 1.3742
13743 3.5 1.3743
13744 3.5 1.3744
13745 3.5 1.3745
13746 3.5 1.3746
13747 3.5 1.3747
13748 3.5 1.3748
13749 3.5 1.3749
13750 3.5 1.375
13751 3.5 1.3751
13752 3.5 1.3752
13753 3.5 1.3753
13754 3.5 1.3754
13755 3.5 1.3755000000000002
13756 3.5 1.3756000000000002
13757 3.5 1.3757000000000001
13758 3.5 1.3758000000000001
13759 3.5 1.3759000000000001
13760 3.5 1.3760000000000001
13761 3.5 1.3761
13762 3.5 1.3762
13763 3.5 1.3763
13764 3.5 1.3764
13765 3.5 1.3765
13766 3.5 1.3766
13767 3.5 1.3767
13768 3.5 1.3768
13769 3.5 1.3769
13770 3.5 1.377
13771 3.5 1.3771
13772 3.5 1.3772
13773 3.5 1.3773
13774 3.5 1.3774
13775 3.5 1.3775000000000002
13776 3.5 1.3776000000000002
13777 3.5 1.3777000000000001
13778 3.5 1.3778000000000001
13779 3.5 1.3779000000000001
13780 3.5 1.3780000000000001
13781 3.5 1.3781
13782 3.5 1.3782
13783 3.5 1.3783
13784 3.5 1.3784
13785 3.5 1.3785
13786 3.5 1.3786
13787 3.5 1.3787
13788 3.5 1.3788
13789 3.5 1.3789
13790 3.5 1.379
13791 3.5 1.3791
13792 3.5 1.3792
13793 3.5 1.3793
13794 3.5 1.3794
13795 3.5 1.3795000000000002
13796 3.5 1.3796000000000002
13797 3.5 1.3797000000000001
13798 3.5 1.3798000000000001
13799 3.5 1.3799000000000001
13800 3.5 1.3800000000000001
13801 3.5 1.3801
13802 3.5 1.3802
13803 3.5 1.3803
13804 3.5 1.3804
13805 3.5 1.3805
13806 3.5 1.3806
13807 3.5 1.3807
13808 3.5 1.3808
13809 3.5 1.3809
13810 3.5 1.381
13811 3.5 1.3811
13812 3.5 1.3812
13813 3.5 1.3813
13814 3.5 1.3814
13815 3.5 1.3815000000000002
13816 3.5 1.3816000000000002
13817 3.5 1.3817000000000002
13818 3.5 1.3818000000000001
13819 3.5 1.3819000000000001
13820 3.5 1.3820000000000001
13821 3.5 1.3821
13822 3.5 1.3822
13823 3.5 1.3823
13824 3.5 1.3824
13825 3.5 1.3825
13826 3.5 1.3826
13827 3.5 1.3827
13828 3.5 1.3828
13829 3.5 1.3829
13830 3.5 1.383
13831 3.5 1.3831
13832 3.5 1.3832
13833 3.5 1.3833
13834 3.5 1.3834
13835 3.5 1.3835000000000002
13836 3.5 1.3836000000000002
13837 3.5 1.3837000000000002
13838 3.5 1.3838000000000001
13839 3.5 1.3839000000000001
13840 3.5 1.3840000000000001
13841 3.5 1.3841
13842 3.5 1.3842
13843 3.5 1.3843
13844 3.5 1.3844
13845 3.5 1.3845
13846 3.5 1.3846
13847 3.5 1.3847
13848 3.5 1.3848
13849 3.5 1.3849
13850 3.5 1.385
13851 3.5 1.3851
13852 3.5 1.3852
13853 3.5 1.3853
13854 3.5 1.3854
13855 3.5 1.3855000000000002
13856 3.5 1.3856000000000002
13857 3.5 1.3857000000000002
13858 3.5 1.3858000000000001
13859 3.5 1.3859000000000001
13860 3.5 1.3860000000000001
13861 3.5 1.3861
13862 3.5 1.3862
13863 3.5 1.3863
13864 3.5 1.3864
13865 3.5 1.3865
13866 3.5 1.3866
13867 3.5 1.3867
13868 3.5 1.3868
13869 3.5 1.3869
13870 3.5 1.387
13871 3.5 1.3871
13872 3.5 1.3872
13873 3.5 1.3873
13874 3.5 1.3874
13875 3.5 1.3875
13876 3.5 1.3876000000000002
13877 3.5 1.3877000000000002
13878 3.5 1.3878000000000001
13879 3.5 1.3879000000000001
13880 3.5 1.3880000000000001
13881 3.5 1.3881000000000001
13882 3.5 1.3882
13883 3.5 1.3883
13884 3.5 1.3884
13885 3.5 1.3885
13886 3.5 1.3886
13887 3.5 1.3887
13888 3.5 1.3888
13889 3.5 1.3889
13890 3.5 1.389
13891 3.5 1.3891
13892 3.5 1.3892
13893 3.5 1.3893
13894 3.5 1.3894
13895 3.5 1.3895
13896 3.5 1.3896000000000002
13897 3.5 1.3897000000000002
13898 3.5 1.3898000000000001
13899 3.5 1.3899000000000001
13900 3.5 1.3900000000000001
13901 3.5 1.3901000000000001
13902 3.5 1.3902
13903 3.5 1.3903
13904 3.5 1.3904
13905 3.5 1.3905
13906 3.5 1.3906
13907 3.5 1.3907
13908 3.5 1.3908
13909 3.5 1.3909
13910 3.5 1.391
13911 3.5 1.3911
13912 3.5 1.3912
13913 3.5 1.3913
13914 3.5 1.3914
13915 3.5 1.3915
13916 3.5 1.3916000000000002
13917 3.5 1.3917000000000002
13918 3.5 1.3918000000000001
13919 3.5 1.3919000000000001
13920 3.5 1.3920000000000001
13921 3.5 1.3921000000000001
13922 3.5 1.3922
13923 3.5 1.3923
13924 3.5 1.3924
13925 3.5 1.3925
13926 3.5 1.3926
13927 3.5 1.3927
13928 3.5 1.3928
13929 3.5 1.3929
13930 3.5 1.393
13931 3.5 1.3931
13932 3.5 1.3932
13933 3.5 1.3933
13934 3.5 1.3934
13935 3.5 1.3935
13936 3.5 1.3936000000000002
13937 3.5 1.3937000000000002
13938 3.5 1.3938000000000001
13939 3.5 1.3939000000000001
13940 3.5 1.3940000000000001
13941 3.5 1.3941000000000001
13942 3.5 1.3942
13943 3.5 1.3943
13944 3.5 1.3944
13945 3.5 1.3945
13946 3.5 1.3946
13947 3.5 1.3947
13948 3.5 1.3948
13949 3.5 1.3949
13950 3.5 1.395
13951 3.5 1.3951
13952 3.5 1.3952
13953 3.5 1.3953
13954 3.5 1.3954
13955 3.5 1.3955
13956 3.5 1.3956000000000002
13957 3.5 1.3957000000000002
13958 3.5 1.3958000000000002
13959 3.5 1.3959000000000001
13960 3.5 1.3960000000000001
13961 3.5 1.3961000000000001
13962 3.5 1.3962
13963 3.5 1.3963
13964 3.5 1.3964
13965 3.5 1.3965
13966 3.5 1.3966
13967 3.5 1.3967
13968 3.5 1.3968
13969 3.5 1.3969
13970 3.5 1.397
13971 3.5 1.3971
13972 3.5 1.3972
13973 3.5 1.3973
13974 3.5 1.3974
13975 3.5 1.3975
13976 3.5 1.3976000000000002
13977 3.5 1.3977000000000002
13978 3.5 1.3978000000000002
13979 3.5 1.3979000000000001
13980 3.5 1.3980000000000001
13981 3.5 1.3981000000000001
13982 3.5 1.3982
13983 3.5 1.3983
13984 3.5 1.3984
13985 3.5 1.3985
13986 3.5 1.3986
13987 3.5 1.3987
13988 3.5 1.3988
13989 3.5 1.3989
13990 3.5 1.399
13991 3.5 1.3991
13992 3.5 1.3992
13993 3.5 1.3993
13994 3.5 1.3994
13995 3.5 1.3995
13996 3.5 1.3996000000000002
13997 3.5 1.3997000000000002
13998 3.5 1.3998000000000002
13999 3.5 1.3999000000000001
14000 3.5 1.4000000000000001
14001 3.5 1.4001000000000001
14002 3.5 1.4002000000000001
14003 3.5 1.4003
14004 3.5 1.4004
14005 3.5 1.4005
14006 3.5 1.4006
14007 3.5 1.4007
14008 3.5 1.4008
14009 3.5 1.4009
14010 3.5 1.401
14011 3.5 1.4011
14012 3.5 1.4012
14013 3.5 1.4013
14014 3.5 1.4014
14015 3.5 1.4015
14016 3.5 1.4016
14017 3.5 1.4017000000000002
14018 3.5 1.4018000000000002
14019 3.5 1.4019000000000001
14020 3.5 1.4020000000000001
14021 3.5 1.4021000000000001
14022 3.5 1.4022000000000001
14023 3.5 1.4023
14024 3.5 1.4024
14025 3.5 1.4025
14026 3.5 1.4026
14027 3.5 1.4027
14028 3.5 1.4028
14029 3.5 1.4029
14030 3.5 1.403
14031 3.5 1.4031
14032 3.5 1.4032
14033 3.5 1.4033
14034 3.5 1.4034
14035 3.5 1.4035
14036 3.5 1.4036
14037 3.5 1.4037000000000002
14038 3.5 1.4038000000000002
14039 3.5 1.4039000000000001
14040 3.5 1.4040000000000001
14041 3.5 1.4041000000000001
14042 3.5 1.4042000000000001
14043 3.5 1.4043
14044 3.5 1.4044
14045 3.5 1.4045
14046 3.5 1.4046
14047 3.5 1.4047
14048 3.5 1.4048
14049 3.5 1.4049
14050 3.5 1.405
14051 3.5 1.4051
14052 3.5 1.4052
14053 3.5 1.4053
14054 3.5 1.4054
14055 3.5 1.4055
14056 3.5 1.4056
14057 3.5 1.4057000000000002
14058 3.5 1.4058000000000002
14059 3.5 1.4059000000000001
14060 3.5 1.4060000000000001
14061 3.5 1.4061000000000001
14062 3.5 1.4062000000000001
14063 3.5 1.4063
14064 3.5 1.4064
14065 3.5 1.4065
14066 3.5 1.4066
14067 3.5 1.4067
14068 3.5 1.4068
14069 3.5 1.4069
14070 3.5 1.407
14071 3.5 1.4071
14072 3.5 1.4072
14073 3.5 1.4073
14074 3.5 1.4074
14075 3.5 1.4075
14076 3.5 1.4076
14077 3.5 1.4077000000000002
14078 3.5 1.4078000000000002
14079 3.5 1.4079000000000002
14080 3.5 1.4080000000000001
14081 3.5 1.4081000000000001
14082 3.5 1.4082000000000001
14083 3.5 1.4083
14084 3.5 1.4084
14085 3.5 1.4085
14086 3.5 1.4086
14087 3.5 1.4087
14088 3.5 1.4088
14089 3.5 1.4089
14090 3.5 1.409
14091 3.5 1.4091
14092 3.5 1.4092
14093 3.5 1.4093
14094 3.5 1.4094
14095 3.5 1.4095
14096 3.5 1.4096
14097 3.5 1.4097000000000002
14098 3.5 1.4098000000000002
14099 3.5 1.4099000000000002
14100 3.5 1.4100000000000001
14101 3.5 1.4101000000000001
14102 3.5 1.4102000000000001
14103 3.5 1.4103
14104 3.5 1.4104
14105 3.5 1.4105
14106 3.5 1.4106
14107 3.5 1.4107
14108 3.5 1.4108
14109 3.5 1.4109
14110 3.5 1.411
14111 3.5 1.4111
14112 3.5 1.4112
14113 3.5 1.4113
14114 3.5 1.4114
14115 3.5 1.4115
14116 3.5 1.4116
14117 3.5 1.4117000000000002
14118 3.5 1.4118000000000002
14119 3.5 1.4119000000000002
14120 3.5 1.4120000000000001
14121 3.5 1.4121000000000001
14122 3.5 1.4122000000000001
14123 3.5 1.4123
14124 3.5 1.4124
14125 3.5 1.4125
14126 3.5 1.4126
14127 3.5 1.4127
14128 3.5 1.4128
14129 3.5 1.4129
14130 3.5 1.413
14131 3.5 1.4131
14132 3.5 1.4132
14133 3.5 1.4133
14134 3.5 1.4134
14135 3.5 1.4135
14136 3.5 1.4136
14137 3.5 1.4137000000000002
14138 3.5 1.4138000000000002
14139 3.5 1.4139000000000002
14140 3.5 1.4140000000000001
14141 3.5 1.4141000000000001
14142 3.5 1.4142000000000001
14143 3.5 1.4143000000000001
14144 3.5 1.4144
14145 3.5 1.4145
14146 3.5 1.4146
14147 3.5 1.4147
14148 3.5 1.4148
14149 3.5 1.4149
14150 3.5 1.415
14151 3.5 1.4151
14152 3.5 1.4152
14153 3.5 1.4153
14154 3.5 1.4154
14155 3.5 1.4155
14156 3.5 1.4156
14157 3.5 1.4157
14158 3.5 1.4158000000000002
14159 3.5 1.4159000000000002
14160 3.5 1.4160000000000001
14161 3.5 1.4161000000000001
14162 3.5 1.4162000000000001
14163 3.5 1.4163000000000001
14164 3.5 1.4164
14165 3.5 1.4165
14166 3.5 1.4166
14167 3.5 1.4167
14168 3.5 1.4168
14169 3.5 1.4169
14170 3.5 1.417
14171 3.5 1.4171
14172 3.5 1.4172
14173 3.5 1.4173
14174 3.5 1.4174
14175 3.5 1.4175
14176 3.5 1.4176
14177 3.5 1.4177
14178 3.5 1.4178000000000002
14179 3.5 1.4179000000000002
14180 3.5 1.4180000000000001
14181 3.5 1.4181000000000001
14182 3.5 1.4182000000000001
14183 3.5 1.4183000000000001
14184 3.5 1.4184
14185 3.5 1.4185
14186 3.5 1.4186
14187 3.5 1.4187
14188 3.5 1.4188
14189 3.5 1.4189
14190 3.5 1.419
14191 3.5 1.4191
14192 3.5 1.4192
14193 3.5 1.4193
14194 3.5 1.4194
14195 3.5 1.4195
14196 3.5 1.4196
14197 3.5 1.4197
14198 3.5 1.4198000000000002
14199 3.5 1.4199000000000002
14200 3.5 1.4200000000000002
14201 3.5 1.4201000000000001
14202 3.5 1.4202000000000001
14203 3.5 1.4203000000000001
14204 3.5 1.4204
14205 3.5 1.4205
14206 3.5 1.4206
14207 3.5 1.4207
14208 3.5 1.4208
14209 3.5 1.4209
14210 3.5 1.421
14211 3.5 1.4211
14212 3.5 1.4212
14213 3.5 1.4213
14214 3.5 1.4214
14215 3.5 1.4215
14216 3.5 1.4216
14217 3.5 1.4217
14218 3.5 1.4218000000000002
14219 3.5 1.4219000000000002
14220 3.5 1.4220000000000002
14221 3.5 1.4221000000000001
14222 3.5 1.4222000000000001
14223 3.5 1.4223000000000001
14224 3.5 1.4224
14225 3.5 1.4225
14226 3.5 1.4226
14227 3.5 1.4227
14228 3.5 1.4228
14229 3.5 1.4229
14230 3.5 1.423
14231 3.5 1.4231
14232 3.5 1.4232
14233 3.5 1.4233
14234 3.5 1.4234
14235 3.5 1.4235
14236 3.5 1.4236
14237 3.5 1.4237
14238 3.5 1.4238000000000002
14239 3.5 1.4239000000000002
14240 3.5 1.4240000000000002
14241 3.5 1.4241000000000001
14242 3.5 1.4242000000000001
14243 3.5 1.4243000000000001
14244 3.5 1.4244
14245 3.5 1.4245
14246 3.5 1.4246
14247 3.5 1.4247
14248 3.5 1.4248
14249 3.5 1.4249
14250 3.5 1.425
14251 3.5 1.4251
14252 3.5 1.4252
14253 3.5 1.4253
14254 3.5 1.4254
14255 3.5 1.4255
14256 3.5 1.4256
14257 3.5 1.4257
14258 3.5 1.4258000000000002
14259 3.5 1.4259000000000002
14260 3.5 1.4260000000000002
14261 3.5 1.4261000000000001
14262 3.5 1.4262000000000001
14263 3.5 1.4263000000000001
14264 3.5 1.4264000000000001
14265 3.5 1.4265
14266 3.5 1.4266
14267 3.5 1.4267
14268 3.5 1.4268
14269 3.5 1.4269
14270 3.5 1.427
14271 3.5 1.4271
14272 3.5 1.4272
14273 3.5 1.4273
14274 3.5 1.4274
14275 3.5 1.4275
14276 3.5 1.4276
14277 3.5 1.4277
14278 3.5 1.4278
14279 3.5 1.4279000000000002
14280 3.5 1.4280000000000002
14281 3.5 1.4281000000000001
14282 3.5 1.4282000000000001
14283 3.5 1.4283000000000001
14284 3.5 1.4284000000000001
14285 3.5 1.4285
14286 3.5 1.4286
14287 3.5 1.4287
14288 3.5 1.4288
14289 3.5 1.4289
14290 3.5 1.429
14291 3.5 1.4291
14292 3.5 1.4292
14293 3.5 1.4293
14294 3.5 1.4294
14295 3.5 1.4295
14296 3.5 1.4296
14297 3.5 1.4297
14298 3.5 1.4298
14299 3.5 1.4299000000000002
14300 3.5 1.4300000000000002
14301 3.5 1.4301000000000001
14302 3.5 1.4302000000000001
14303 3.5 1.4303000000000001
14304 3.5 1.4304000000000001
14305 3.5 1.4305
14306 3.5 1.4306
14307 3.5 1.4307
14308 3.5 1.4308
14309 3.5 1.4309
14310 3.5 1.431
14311 3.5 1.4311
14312 3.5 1.4312
14313 3.5 1.4313
14314 3.5 1.4314
14315 3.5 1.4315
14316 3.5 1.4316
14317 3.5 1.4317
14318 3.5 1.4318
14319 3.5 1.4319000000000002
14320 3.5 1.4320000000000002
14321 3.5 1.4321000000000002
14322 3.5 1.4322000000000001
14323 3.5 1.4323000000000001
14324 3.5 1.4324000000000001
14325 3.5 1.4325
14326 3.5 1.4326
14327 3.5 1.4327
14328 3.5 1.4328
14329 3.5 1.4329
14330 3.5 1.433
14331 3.5 1.4331
14332 3.5 1.4332
14333 3.5 1.4333
14334 3.5 1.4334
14335 3.5 1.4335
14336 3.5 1.4336
14337 3.5 1.4337
14338 3.5 1.4338
14339 3.5 1.4339000000000002
14340 3.5 1.4340000000000002
14341 3.5 1.4341000000000002
14342 3.5 1.4342000000000001
14343 3.5 1.4343000000000001
14344 3.5 1.4344000000000001
14345 3.5 1.4345
14346 3.5 1.4346
14347 3.5 1.4347
14348 3.5 1.4348
14349 3.5 1.4349
14350 3.5 1.435
14351 3.5 1.4351
14352 3.5 1.4352
14353 3.5 1.4353
14354 3.5 1.4354
14355 3.5 1.4355
14356 3.5 1.4356
14357 3.5 1.4357
14358 3.5 1.4358
14359 3.5 1.4359000000000002
14360 3.5 1.4360000000000002
14361 3.5 1.4361000000000002
14362 3.5 1.4362000000000001
14363 3.5 1.4363000000000001
14364 3.5 1.4364000000000001
14365 3.5 1.4365
14366 3.5 1.4366
14367 3.5 1.4367
14368 3.5 1.4368
14369 3.5 1.4369
14370 3.5 1.437
14371 3.5 1.4371
14372 3.5 1.4372
14373 3.5 1.4373
14374 3.5 1.4374
14375 3.5 1.4375
14376 3.5 1.4376
14377 3.5 1.4377
14378 3.5 1.4378
14379 3.5 1.4379000000000002
14380 3.5 1.4380000000000002
14381 3.5 1.4381000000000002
14382 3.5 1.4382000000000001
14383 3.5 1.4383000000000001
14384 3.5 1.4384000000000001
14385 3.5 1.4385000000000001
14386 3.5 1.4386
14387 3.5 1.4387
14388 3.5 1.4388
14389 3.5 1.4389
14390 3.5 1.439
14391 3.5 1.4391
14392 3.5 1.4392
14393 3.5 1.4393
14394 3.5 1.4394
14395 3.5 1.4395
14396 3.5 1.4396
14397 3.5 1.4397
14398 3.5 1.4398
14399 3.5 1.4399000000000002
14400 3.5 1.4400000000000002
14401 3.5 1.4401000000000002
14402 3.5 1.4402000000000001
14403 3.5 1.4403000000000001
14404 3.5 1.4404000000000001
14405 3.5 1.4405000000000001
14406 3.5 1.4406
14407 3.5 1.4407
14408 3.5 1.4408
14409 3.5 1.4409
14410 3.5 1.441
14411 3.5 1.4411
14412 3.5 1.4412
14413 3.5 1.4413
14414 3.5 1.4414
14415 3.5 1.4415
14416 3.5 1.4416
14417 3.5 1.4417
14418 3.5 1.4418
14419 3.5 1.4419
14420 3.5 1.4420000000000002
14421 3.5 1.4421000000000002
14422 3.5 1.4422000000000001
14423 3.5 1.4423000000000001
14424 3.5 1.4424000000000001
14425 3.5 1.4425000000000001
14426 3.5 1.4426
14427 3.5 1.4427
14428 3.5 1.4428
14429 3.5 1.4429
14430 3.5 1.443
14431 3.5 1.4431
14432 3.5 1.4432
14433 3.5 1.4433
14434 3.5 1.4434
14435 3.5 1.4435
14436 3.5 1.4436
14437 3.5 1.4437
14438 3.5 1.4438
14439 3.5 1.4439
14440 3.5 1.4440000000000002
14441 3.5 1.4441000000000002
14442 3.5 1.4442000000000002
14443 3.5 1.4443000000000001
14444 3.5 1.4444000000000001
14445 3.5 1.4445000000000001
14446 3.5 1.4446
14447 3.5 1.4447
14448 3.5 1.4448
14449 3.5 1.4449
14450 3.5 1.445
14451 3.5 1.4451
14452 3.5 1.4452
14453 3.5 1.4453
14454 3.5 1.4454
14455 3.5 1.4455
14456 3.5 1.4456
14457 3.5 1.4457
14458 3.5 1.4458
14459 3.5 1.4459
14460 3.5 1.4460000000000002
14461 3.5 1.4461000000000002
14462 3.5 1.4462000000000002
14463 3.5 1.4463000000000001
14464 3.5 1.4464000000000001
14465 3.5 1.4465000000000001
14466 3.5 1.4466
14467 3.5 1.4467
14468 3.5 1.4468
14469 3.5 1.4469
14470 3.5 1.447
14471 3.5 1.4471
14472 3.5 1.4472
14473 3.5 1.4473
14474 3.5 1.4474
14475 3.5 1.4475
14476 3.5 1.4476
14477 3.5 1.4477
14478 3.5 1.4478
14479 3.5 1.4479
14480 3.5 1.4480000000000002
14481 3.5 1.4481000000000002
14482 3.5 1.4482000000000002
14483 3.5 1.4483000000000001
14484 3.5 1.4484000000000001
14485 3.5 1.4485000000000001
14486 3.5 1.4486
14487 3.5 1.4487
14488 3.5 1.4488
14489 3.5 1.4489
14490 3.5 1.449
14491 3.5 1.4491
14492 3.5 1.4492
14493 3.5 1.4493
14494 3.5 1.4494
14495 3.5 1.4495
14496 3.5 1.4496
14497 3.5 1.4497
14498 3.5 1.4498
14499 3.5 1.4499
14500 3.5 1.4500000000000002
14501 3.5 1.4501000000000002
14502 3.5 1.4502000000000002
14503 3.5 1.4503000000000001
14504 3.5 1.4504000000000001
14505 3.5 1.4505000000000001
14506 3.5 1.4506000000000001
14507 3.5 1.4507
14508 3.5 1.4508
14509 3.5 1.4509
14510 3.5 1.451
14511 3.5 1.4511
14512 3.5 1.4512
14513 3.5 1.4513
14514 3.5 1.4514
14515 3.5 1.4515
14516 3.5 1.4516
14517 3.5 1.4517
14518 3.5 1.4518
14519 3.5 1.4519
14520 3.5 1.4520000000000002
14521 3.5 1.4521000000000002
14522 3.5 1.4522000000000002
14523 3.5 1.4523000000000001
14524 3.5 1.4524000000000001
14525 3.5 1.4525000000000001
14526 3.5 1.4526000000000001
14527 3.5 1.4527
14528 3.5 1.4528
14529 3.5 1.4529
14530 3.5 1.453
14531 3.5 1.4531
14532 3.5 1.4532
14533 3.5 1.4533
14534 3.5 1.4534
14535 3.5 1.4535
14536 3.5 1.4536
14537 3.5 1.4537
14538 3.5 1.4538
14539 3.5 1.4539
14540 3.5 1.454
14541 3.5 1.4541000000000002
14542 3.5 1.4542000000000002
14543 3.5 1.4543000000000001
14544 3.5 1.4544000000000001
14545 3.5 1.4545000000000001
14546 3.5 1.4546000000000001
14547 3.5 1.4547
14548 3.5 1.4548
14549 3.5 1.4549
14550 3.5 1.455
14551 3.5 1.4551
14552 3.5 1.4552
14553 3.5 1.4553
14554 3.5 1.4554
14555 3.5 1.4555
14556 3.5 1.4556
14557 3.5 1.4557
14558 3.5 1.4558
14559 3.5 1.4559
14560 3.5 1.456
14561 3.5 1.4561000000000002
14562 3.5 1.4562000000000002
14563 3.5 1.4563000000000001
14564 3.5 1.4564000000000001
14565 3.5 1.4565000000000001
14566 3.5 1.4566000000000001
14567 3.5 1.4567
14568 3.5 1.4568
14569 3.5 1.4569
14570 3.5 1.457
14571 3.5 1.4571
14572 3.5 1.4572
14573 3.5 1.4573
14574 3.5 1.4574
14575 3.5 1.4575
14576 3.5 1.4576
14577 3.5 1.4577
14578 3.5 1.4578
14579 3.5 1.4579
14580 3.5 1.458
14581 3.5 1.4581000000000002
14582 3.5 1.4582000000000002
14583 3.5 1.4583000000000002
14584 3.5 1.4584000000000001
14585 3.5 1.4585000000000001
14586 3.5 1.4586000000000001
14587 3.5 1.4587
14588 3.5 1.4588
14589 3.5 1.4589
14590 3.5 1.459
14591 3.5 1.4591
14592 3.5 1.4592
14593 3.5 1.4593
14594 3.5 1.4594
14595 3.5 1.4595
14596 3.5 1.4596
14597 3.5 1.4597
14598 3.5 1.4598
14599 3.5 1.4599
14600 3.5 1.46
14601 3.5 1.4601000000000002
14602 3.5 1.4602000000000002
14603 3.5 1.4603000000000002
14604 3.5 1.4604000000000001
14605 3.5 1.4605000000000001
14606 3.5 1.4606000000000001
14607 3.5 1.4607
14608 3.5 1.4608
14609 3.5 1.4609
14610 3.5 1.461
14611 3.5 1.4611
14612 3.5 1.4612
14613 3.5 1.4613
14614 3.5 1.4614
14615 3.5 1.4615
14616 3.5 1.4616
14617 3.5 1.4617
14618 3.5 1.4618
14619 3.5 1.4619
14620 3.5 1.462
14621 3.5 1.4621000000000002
14622 3.5 1.4622000000000002
14623 3.5 1.4623000000000002
14624 3.5 1.4624000000000001
14625 3.5 1.4625000000000001
14626 3.5 1.4626000000000001
14627 3.5 1.4627000000000001
14628 3.5 1.4628
14629 3.5 1.4629
14630 3.5 1.463
14631 3.5 1.4631
14632 3.5 1.4632
14633 3.5 1.4633
14634 3.5 1.4634
14635 3.5 1.4635
14636 3.5 1.4636
14637 3.5 1.4637
14638 3.5 1.4638
14639 3.5 1.4639
14640 3.5 1.464
14641 3.5 1.4641000000000002
14642 3.5 1.4642000000000002
14643 3.5 1.4643000000000002
14644 3.5 1.4644000000000001
14645 3.5 1.4645000000000001
14646 3.5 1.4646000000000001
14647 3.5 1.4647000000000001
14648 3.5 1.4648
14649 3.5 1.4649
14650 3.5 1.465
14651 3.5 1.4651
14652 3.5 1.4652
14653 3.5 1.4653
14654 3.5 1.4654
14655 3.5 1.4655
14656 3.5 1.4656
14657 3.5 1.4657
14658 3.5 1.4658
14659 3.5 1.4659
14660 3.5 1.466
14661 3.5 1.4661000000000002
14662 3.5 1.4662000000000002
14663 3.5 1.4663000000000002
14664 3.5 1.4664000000000001
14665 3.5 1.4665000000000001
14666 3.5 1.4666000000000001
14667 3.5 1.4667000000000001
14668 3.5 1.4668
14669 3.5 1.4669
14670 3.5 1.467
14671 3.5 1.4671
14672 3.5 1.4672
14673 3.5 1.4673
14674 3.5 1.4674
14675 3.5 1.4675
14676 3.5 1.4676
14677 3.5 1.4677
14678 3.5 1.4678
14679 3.5 1.4679
14680 3.5 1.468
14681 3.5 1.4681
14682 3.5 1.4682000000000002
14683 3.5 1.4683000000000002
14684 3.5 1.4684000000000001
14685 3.5 1.4685000000000001
14686 3.5 1.4686000000000001
14687 3.5 1.4687000000000001
14688 3.5 1.4688
14689 3.5 1.4689
14690 3.5 1.469
14691 3.5 1.4691
14692 3.5 1.4692
14693 3.5 1.4693
14694 3.5 1.4694
14695 3.5 1.4695
14696 3.5 1.4696
14697 3.5 1.4697
14698 3.5 1.4698
14699 3.5 1.4699
14700 3.5 1.47
14701 3.5 1.4701
14702 3.5 1.4702000000000002
14703 3.5 1.4703000000000002
14704 3.5 1.4704000000000002
14705 3.5 1.4705000000000001
14706 3.5 1.4706000000000001
14707 3.5 1.4707000000000001
14708 3.5 1.4708
14709 3.5 1.4709
14710 3.5 1.471
14711 3.5 1.4711
14712 3.5 1.4712
14713 3.5 1.4713
14714 3.5 1.4714
14715 3.5 1.4715
14716 3.5 1.4716
14717 3.5 1.4717
14718 3.5 1.4718
14719 3.5 1.4719
14720 3.5 1.472
14721 3.5 1.4721
14722 3.5 1.4722000000000002
14723 3.5 1.4723000000000002
14724 3.5 1.4724000000000002
14725 3.5 1.4725000000000001
14726 3.5 1.4726000000000001
14727 3.5 1.4727000000000001
14728 3.5 1.4728
14729 3.5 1.4729
14730 3.5 1.473
14731 3.5 1.4731
14732 3.5 1.4732
14733 3.5 1.4733
14734 3.5 1.4734
14735 3.5 1.4735
14736 3.5 1.4736
14737 3.5 1.4737
14738 3.5 1.4738
14739 3.5 1.4739
14740 3.5 1.474
14741 3.5 1.4741
14742 3.5 1.4742000000000002
14743 3.5 1.4743000000000002
14744 3.5 1.4744000000000002
14745 3.5 1.4745000000000001
14746 3.5 1.4746000000000001
14747 3.5 1.4747000000000001
14748 3.5 1.4748
14749 3.5 1.4749
14750 3.5 1.475
14751 3.5 1.4751
14752 3.5 1.4752
14753 3.5 1.4753
14754 3.5 1.4754
14755 3.5 1.4755
14756 3.5 1.4756
14757 3.5 1.4757
14758 3.5 1.4758
14759 3.5 1.4759
14760 3.5 1.476
14761 3.5 1.4761
14762 3.5 1.4762000000000002
14763 3.5 1.4763000000000002
14764 3.5 1.4764000000000002
14765 3.5 1.4765000000000001
14766 3.5 1.4766000000000001
14767 3.5 1.4767000000000001
14768 3.5 1.4768000000000001
14769 3.5 1.4769
14770 3.5 1.477
14771 3.5 1.4771
14772 3.5 1.4772
14773 3.5 1.4773
14774 3.5 1.4774
14775 3.5 1.4775
14776 3.5 1.4776
14777 3.5 1.4777
14778 3.5 1.4778
14779 3.5 1.4779
14780 3.5 1.478
14781 3.5 1.4781
14782 3.5 1.4782000000000002
14783 3.5 1.4783000000000002
14784 3.5 1.4784000000000002
14785 3.5 1.4785000000000001
14786 3.5 1.4786000000000001
14787 3.5 1.4787000000000001
14788 3.5 1.4788000000000001
14789 3.5 1.4789
14790 3.5 1.479
14791 3.5 1.4791
14792 3.5 1.4792
14793 3.5 1.4793
14794 3.5 1.4794
14795 3.5 1.4795
14796 3.5 1.4796
14797 3.5 1.4797
14798 3.5 1.4798
14799 3.5 1.4799
14800 3.5 1.48
14801 3.5 1.4801
14802 3.5 1.4802
14803 3.5 1.4803000000000002
14804 3.5 1.4804000000000002
14805 3.5 1.4805000000000001
14806 3.5 1.4806000000000001
14807 3.5 1.4807000000000001
14808 3.5 1.4808000000000001
14809 3.5 1.4809
14810 3.5 1.481
14811 3.5 1.4811
14812 3.5 1.4812
14813 3.5 1.4813
14814 3.5 1.4814
14815 3.5 1.4815
14816 3.5 1.4816
14817 3.5 1.4817
14818 3.5 1.4818
14819 3.5 1.4819
14820 3.5 1.482
14821 3.5 1.4821
14822 3.5 1.4822
14823 3.5 1.4823000000000002
14824 3.5 1.4824000000000002
14825 3.5 1.4825000000000002
14826 3.5 1.4826000000000001
14827 3.5 1.4827000000000001
14828 3.5 1.4828000000000001
14829 3.5 1.4829
14830 3.5 1.483
14831 3.5 1.4831
14832 3.5 1.4832
14833 3.5 1.4833
14834 3.5 1.4834
14835 3.5 1.4835
14836 3.5 1.4836
14837 3.5 1.4837
14838 3.5 1.4838
14839 3.5 1.4839
14840 3.5 1.484
14841 3.5 1.4841
14842 3.5 1.4842
14843 3.5 1.4843000000000002
14844 3.5 1.4844000000000002
14845 3.5 1.4845000000000002
14846 3.5 1.4846000000000001
14847 3.5 1.4847000000000001
14848 3.5 1.4848000000000001
14849 3.5 1.4849
14850 3.5 1.485
14851 3.5 1.4851
14852 3.5 1.4852
14853 3.5 1.4853
14854 3.5 1.4854
14855 3.5 1.4855
14856 3.5 1.4856
14857 3.5 1.4857
14858 3.5 1.4858
14859 3.5 1.4859
14860 3.5 1.486
14861 3.5 1.4861
14862 3.5 1.4862
14863 3.5 1.4863000000000002
14864 3.5 1.4864000000000002
14865 3.5 1.4865000000000002
14866 3.5 1.4866000000000001
14867 3.5 1.4867000000000001
14868 3.5 1.4868000000000001
14869 3.5 1.4869
14870 3.5 1.487
14871 3.5 1.4871
14872 3.5 1.4872
14873 3.5 1.4873
14874 3.5 1.4874
14875 3.5 1.4875
14876 3.5 1.4876
14877 3.5 1.4877
14878 3.5 1.4878
14879 3.5 1.4879
14880 3.5 1.488
14881 3.5 1.4881
14882 3.5 1.4882
14883 3.5 1.4883000000000002
14884 3.5 1.4884000000000002
14885 3.5 1.4885000000000002
14886 3.5 1.4886000000000001
14887 3.5 1.4887000000000001
14888 3.5 1.4888000000000001
14889 3.5 1.4889000000000001
14890 3.5 1.489
14891 3.5 1.4891
14892 3.5 1.4892
14893 3.5 1.4893
14894 3.5 1.4894
14895 3.5 1.4895
14896 3.5 1.4896
14897 3.5 1.4897
14898 3.5 1.4898
14899 3.5 1.4899
14900 3.5 1.49
14901 3.5 1.4901
14902 3.5 1.4902
14903 3.5 1.4903000000000002
14904 3.5 1.4904000000000002
14905 3.5 1.4905000000000002
14906 3.5 1.4906000000000001
14907 3.5 1.4907000000000001
14908 3.5 1.4908000000000001
14909 3.5 1.4909000000000001
14910 3.5 1.491
14911 3.5 1.4911
14912 3.5 1.4912
14913 3.5 1.4913
14914 3.5 1.4914
14915 3.5 1.4915
14916 3.5 1.4916
14917 3.5 1.4917
14918 3.5 1.4918
14919 3.5 1.4919
14920 3.5 1.492
14921 3.5 1.4921
14922 3.5 1.4922
14923 3.5 1.4923000000000002
14924 3.5 1.4924000000000002
14925 3.5 1.4925000000000002
14926 3.5 1.4926000000000001
14927 3.5 1.4927000000000001
14928 3.5 1.4928000000000001
14929 3.5 1.4929000000000001
14930 3.5 1.493
14931 3.5 1.4931
14932 3.5 1.4932
14933 3.5 1.4933
14934 3.5 1.4934
14935 3.5 1.4935
14936 3.5 1.4936
14937 3.5 1.4937
14938 3.5 1.4938
14939 3.5 1.4939
14940 3.5 1.494
14941 3.5 1.4941
14942 3.5 1.4942
14943 3.5 1.4943
14944 3.5 1.4944000000000002
14945 3.5 1.4945000000000002
14946 3.5 1.4946000000000002
14947 3.5 1.4947000000000001
14948 3.5 1.4948000000000001
14949 3.5 1.4949000000000001
14950 3.5 1.495
14951 3.5 1.4951
14952 3.5 1.4952
14953 3.5 1.4953
14954 3.5 1.4954
14955 3.5 1.4955
14956 3.5 1.4956
14957 3.5 1.4957
14958 3.5 1.4958
14959 3.5 1.4959
14960 3.5 1.496
14961 3.5 1.4961
14962 3.5 1.4962
14963 3.5 1.4963
14964 3.5 1.4964000000000002
14965 3.5 1.4965000000000002
14966 3.5 1.4966000000000002
14967 3.5 1.4967000000000001
14968 3.5 1.4968000000000001
14969 3.5 1.4969000000000001
14970 3.5 1.497
14971 3.5 1.4971
14972 3.5 1.4972
14973 3.5 1.4973
14974 3.5 1.4974
14975 3.5 1.4975
14976 3.5 1.4976
14977 3.5 1.4977
14978 3.5 1.4978
14979 3.5 1.4979
14980 3.5 1.498
14981 3.5 1.4981
14982 3.5 1.4982
14983 3.5 1.4983
14984 3.5 1.4984000000000002
14985 3.5 1.4985000000000002
14986 3.5 1.4986000000000002
14987 3.5 1.4987000000000001
14988 3.5 1.4988000000000001
14989 3.5 1.4989000000000001
14990 3.5 1.499
14991 3.5 1.4991
14992 3.5 1.4992
14993 3.5 1.4993
14994 3.5 1.4994
14995 3.5 1.4995
14996 3.5 1.4996
14997 3.5 1.4997
14998 3.5 1.4998
14999 3.5 1.4999
15000 3.5 1.5
15001 3.5 1.5001
15002 3.5 1.5002
15003 3.5 1.5003
15004 3.5 1.5004000000000002
15005 3.5 1.5005000000000002
15006 3.5 1.5006000000000002
15007 3.5 1.5007000000000001
15008 3.5 1.5008000000000001
15009 3.5 1.5009000000000001
15010 3.5 1.5010000000000001
15011 3.5 1.5011
15012 3.5 1.5012
15013 3.5 1.5013
15014 3.5 1.5014
15015 3.5 1.5015
15016 3.5 1.5016
15017 3.5 1.5017
15018 3.5 1.5018
15019 3.5 1.5019
15020 3.5 1.502
15021 3.5 1.5021
15022 3.5 1.5022
15023 3.5 1.5023
15024 3.5 1.5024000000000002
15025 3.5 1.5025000000000002
15026 3.5 1.5026000000000002
15027 3.5 1.5027000000000001
15028 3.5 1.5028000000000001
15029 3.5 1.5029000000000001
15030 3.5 1.5030000000000001
15031 3.5 1.5031
15032 3.5 1.5032
15033 3.5 1.5033
15034 3.5 1.5034
15035 3.5 1.5035
15036 3.5 1.5036
15037 3.5 1.5037
15038 3.5 1.5038
15039 3.5 1.5039
15040 3.5 1.504
15041 3.5 1.5041
15042 3.5 1.5042
15043 3.5 1.5043
15044 3.5 1.5044000000000002
15045 3.5 1.5045000000000002
15046 3.5 1.5046000000000002
15047 3.5 1.5047000000000001
15048 3.5 1.5048000000000001
15049 3.5 1.5049000000000001
15050 3.5 1.5050000000000001
15051 3.5 1.5051
15052 3.5 1.5052
15053 3.5 1.5053
15054 3.5 1.5054
15055 3.5 1.5055
15056 3.5 1.5056
15057 3.5 1.5057
15058 3.5 1.5058
15059 3.5 1.5059
15060 3.5 1.506
15061 3.5 1.5061
15062 3.5 1.5062
15063 3.5 1.5063
15064 3.5 1.5064
15065 3.5 1.5065000000000002
15066 3.5 1.5066000000000002
15067 3.5 1.5067000000000002
15068 3.5 1.5068000000000001
15069 3.5 1.5069000000000001
15070 3.5 1.5070000000000001
15071 3.5 1.5071
15072 3.5 1.5072
15073 3.5 1.5073
15074 3.5 1.5074
15075 3.5 1.5075
15076 3.5 1.5076
15077 3.5 1.5077
15078 3.5 1.5078
15079 3.5 1.5079
15080 3.5 1.508
15081 3.5 1.5081
15082 3.5 1.5082
15083 3.5 1.5083
15084 3.5 1.5084
15085 3.5 1.5085000000000002
15086 3.5 1.5086000000000002
15087 3.5 1.5087000000000002
15088 3.5 1.5088000000000001
15089 3.5 1.5089000000000001
15090 3.5 1.5090000000000001
15091 3.5 1.5091
15092 3.5 1.5092
15093 3.5 1.5093
15094 3.5 1.5094
15095 3.5 1.5095
15096 3.5 1.5096
15097 3.5 1.5097
15098 3.5 1.5098
15099 3.5 1.5099
15100 3.5 1.51
15101 3.5 1.5101
15102 3.5 1.5102
15103 3.5 1.5103
15104 3.5 1.5104
15105 3.5 1.5105000000000002
15106 3.5 1.5106000000000002
15107 3.5 1.5107000000000002
15108 3.5 1.5108000000000001
15109 3.5 1.5109000000000001
15110 3.5 1.5110000000000001
15111 3.5 1.5111
15112 3.5 1.5112
15113 3.5 1.5113
15114 3.5 1.5114
15115 3.5 1.5115
15116 3.5 1.5116
15117 3.5 1.5117
15118 3.5 1.5118
15119 3.5 1.5119
15120 3.5 1.512
15121 3.5 1.5121
15122 3.5 1.5122
15123 3.5 1.5123
15124 3.5 1.5124
15125 3.5 1.5125000000000002
15126 3.5 1.5126000000000002
15127 3.5 1.5127000000000002
15128 3.5 1.5128000000000001
15129 3.5 1.5129000000000001
15130 3.5 1.5130000000000001
15131 3.5 1.5131000000000001
15132 3.5 1.5132
15133 3.5 1.5133
15134 3.5 1.5134
15135 3.5 1.5135
15136 3.5 1.5136
15137 3.5 1.5137
15138 3.5 1.5138
15139 3.5 1.5139
15140 3.5 1.514
15141 3.5 1.5141
15142 3.5 1.5142
15143 3.5 1.5143
15144 3.5 1.5144
15145 3.5 1.5145000000000002
15146 3.5 1.5146000000000002
15147 3.5 1.5147000000000002
15148 3.5 1.5148000000000001
15149 3.5 1.5149000000000001
15150 3.5 1.5150000000000001
15151 3.5 1.5151000000000001
15152 3.5 1.5152
15153 3.5 1.5153
15154 3.5 1.5154
15155 3.5 1.5155
15156 3.5 1.5156
15157 3.5 1.5157
15158 3.5 1.5158
15159 3.5 1.5159
15160 3.5 1.516
15161 3.5 1.5161
15162 3.5 1.5162
15163 3.5 1.5163
15164 3.5 1.5164
15165 3.5 1.5165000000000002
15166 3.5 1.5166000000000002
15167 3.5 1.5167000000000002
15168 3.5 1.5168000000000001
15169 3.5 1.5169000000000001
15170 3.5 1.5170000000000001
15171 3.5 1.5171000000000001
15172 3.5 1.5172
15173 3.5 1.5173
15174 3.5 1.5174
15175 3.5 1.5175
15176 3.5 1.5176
15177 3.5 1.5177
15178 3.5 1.5178
15179 3.5 1.5179
15180 3.5 1.518
15181 3.5 1.5181
15182 3.5 1.5182
15183 3.5 1.5183
15184 3.5 1.5184
15185 3.5 1.5185000000000002
15186 3.5 1.5186000000000002
15187 3.5 1.5187000000000002
15188 3.5 1.5188000000000001
15189 3.5 1.5189000000000001
15190 3.5 1.5190000000000001
15191 3.5 1.5191000000000001
15192 3.5 1.5192
15193 3.5 1.5193
15194 3.5 1.5194
15195 3.5 1.5195
15196 3.5 1.5196
15197 3.5 1.5197
15198 3.5 1.5198
15199 3.5 1.5199
15200 3.5 1.52
15201 3.5 1.5201
15202 3.5 1.5202
15203 3.5 1.5203
15204 3.5 1.5204
15205 3.5 1.5205
15206 3.5 1.5206000000000002
15207 3.5 1.5207000000000002
15208 3.5 1.5208000000000002
15209 3.5 1.5209000000000001
15210 3.5 1.5210000000000001
15211 3.5 1.5211000000000001
15212 3.5 1.5212
15213 3.5 1.5213
15214 3.5 1.5214
15215 3.5 1.5215
15216 3.5 1.5216
15217 3.5 1.5217
15218 3.5 1.5218
15219 3.5 1.5219
15220 3.5 1.522
15221 3.5 1.5221
15222 3.5 1.5222
15223 3.5 1.5223
15224 3.5 1.5224
15225 3.5 1.5225
15226 3.5 1.5226000000000002
15227 3.5 1.5227000000000002
15228 3.5 1.5228000000000002
15229 3.5 1.5229000000000001
15230 3.5 1.5230000000000001
15231 3.5 1.5231000000000001
15232 3.5 1.5232
15233 3.5 1.5233
15234 3.5 1.5234
15235 3.5 1.5235
15236 3.5 1.5236
15237 3.5 1.5237
15238 3.5 1.5238
15239 3.5 1.5239
15240 3.5 1.524
15241 3.5 1.5241
15242 3.5 1.5242
15243 3.5 1.5243
15244 3.5 1.5244
15245 3.5 1.5245
15246 3.5 1.5246000000000002
15247 3.5 1.5247000000000002
15248 3.5 1.5248000000000002
15249 3.5 1.5249000000000001
15250 3.5 1.5250000000000001
15251 3.5 1.5251000000000001
15252 3.5 1.5252000000000001
15253 3.5 1.5253
15254 3.5 1.5254
15255 3.5 1.5255
15256 3.5 1.5256
15257 3.5 1.5257
15258 3.5 1.5258
15259 3.5 1.5259
15260 3.5 1.526
15261 3.5 1.5261
15262 3.5 1.5262
15263 3.5 1.5263
15264 3.5 1.5264
15265 3.5 1.5265
15266 3.5 1.5266000000000002
15267 3.5 1.5267000000000002
15268 3.5 1.5268000000000002
15269 3.5 1.5269000000000001
15270 3.5 1.5270000000000001
15271 3.5 1.5271000000000001
15272 3.5 1.5272000000000001
15273 3.5 1.5273
15274 3.5 1.5274
15275 3.5 1.5275
15276 3.5 1.5276
15277 3.5 1.5277
15278 3.5 1.5278
15279 3.5 1.5279
15280 3.5 1.528
15281 3.5 1.5281
15282 3.5 1.5282
15283 3.5 1.5283
15284 3.5 1.5284
15285 3.5 1.5285
15286 3.5 1.5286000000000002
15287 3.5 1.5287000000000002
15288 3.5 1.5288000000000002
15289 3.5 1.5289000000000001
15290 3.5 1.5290000000000001
15291 3.5 1.5291000000000001
15292 3.5 1.5292000000000001
15293 3.5 1.5293
15294 3.5 1.5294
15295 3.5 1.5295
15296 3.5 1.5296
15297 3.5 1.5297
15298 3.5 1.5298
15299 3.5 1.5299
15300 3.5 1.53
15301 3.5 1.5301
15302 3.5 1.5302
15303 3.5 1.5303
15304 3.5 1.5304
15305 3.5 1.5305
15306 3.5 1.5306000000000002
15307 3.5 1.5307000000000002
15308 3.5 1.5308000000000002
15309 3.5 1.5309000000000001
15310 3.5 1.5310000000000001
15311 3.5 1.5311000000000001
15312 3.5 1.5312000000000001
15313 3.5 1.5313
15314 3.5 1.5314
15315 3.5 1.5315
15316 3.5 1.5316
15317 3.5 1.5317
15318 3.5 1.5318
15319 3.5 1.5319
15320 3.5 1.532
15321 3.5 1.5321
15322 3.5 1.5322
15323 3.5 1.5323
15324 3.5 1.5324
15325 3.5 1.5325
15326 3.5 1.5326000000000002
15327 3.5 1.5327000000000002
15328 3.5 1.5328000000000002
15329 3.5 1.5329000000000002
15330 3.5 1.5330000000000001
15331 3.5 1.5331000000000001
15332 3.5 1.5332000000000001
15333 3.5 1.5333
15334 3.5 1.5334
15335 3.5 1.5335
15336 3.5 1.5336
15337 3.5 1.5337
15338 3.5 1.5338
15339 3.5 1.5339
15340 3.5 1.534
15341 3.5 1.5341
15342 3.5 1.5342
15343 3.5 1.5343
15344 3.5 1.5344
15345 3.5 1.5345
15346 3.5 1.5346
15347 3.5 1.5347000000000002
15348 3.5 1.5348000000000002
15349 3.5 1.5349000000000002
15350 3.5 1.5350000000000001
15351 3.5 1.5351000000000001
15352 3.5 1.5352000000000001
15353 3.5 1.5353
15354 3.5 1.5354
15355 3.5 1.5355
15356 3.5 1.5356
15357 3.5 1.5357
15358 3.5 1.5358
15359 3.5 1.5359
15360 3.5 1.536
15361 3.5 1.5361
15362 3.5 1.5362
15363 3.5 1.5363
15364 3.5 1.5364
15365 3.5 1.5365
15366 3.5 1.5366
15367 3.5 1.5367000000000002
15368 3.5 1.5368000000000002
15369 3.5 1.5369000000000002
15370 3.5 1.5370000000000001
15371 3.5 1.5371000000000001
15372 3.5 1.5372000000000001
15373 3.5 1.5373
15374 3.5 1.5374
15375 3.5 1.5375
15376 3.5 1.5376
15377 3.5 1.5377
15378 3.5 1.5378
15379 3.5 1.5379
15380 3.5 1.538
15381 3.5 1.5381
15382 3.5 1.5382
15383 3.5 1.5383
15384 3.5 1.5384
15385 3.5 1.5385
15386 3.5 1.5386
15387 3.5 1.5387000000000002
15388 3.5 1.5388000000000002
15389 3.5 1.5389000000000002
15390 3.5 1.5390000000000001
15391 3.5 1.5391000000000001
15392 3.5 1.5392000000000001
15393 3.5 1.5393000000000001
15394 3.5 1.5394
15395 3.5 1.5395
15396 3.5 1.5396
15397 3.5 1.5397
15398 3.5 1.5398
15399 3.5 1.5399
15400 3.5 1.54
15401 3.5 1.5401
15402 3.5 1.5402
15403 3.5 1.5403
15404 3.5 1.5404
15405 3.5 1.5405
15406 3.5 1.5406
15407 3.5 1.5407000000000002
15408 3.5 1.5408000000000002
15409 3.5 1.5409000000000002
15410 3.5 1.5410000000000001
15411 3.5 1.5411000000000001
15412 3.5 1.5412000000000001
15413 3.5 1.5413000000000001
15414 3.5 1.5414
15415 3.5 1.5415
15416 3.5 1.5416
15417 3.5 1.5417
15418 3.5 1.5418
15419 3.5 1.5419
15420 3.5 1.542
15421 3.5 1.5421
15422 3.5 1.5422
15423 3.5 1.5423
15424 3.5 1.5424
15425 3.5 1.5425
15426 3.5 1.5426
15427 3.5 1.5427000000000002
15428 3.5 1.5428000000000002
15429 3.5 1.5429000000000002
15430 3.5 1.5430000000000001
15431 3.5 1.5431000000000001
15432 3.5 1.5432000000000001
15433 3.5 1.5433000000000001
15434 3.5 1.5434
15435 3.5 1.5435
15436 3.5 1.5436
15437 3.5 1.5437
15438 3.5 1.5438
15439 3.5 1.5439
15440 3.5 1.544
15441 3.5 1.5441
15442 3.5 1.5442
15443 3.5 1.5443
15444 3.5 1.5444
15445 3.5 1.5445
15446 3.5 1.5446
15447 3.5 1.5447000000000002
15448 3.5 1.5448000000000002
15449 3.5 1.5449000000000002
15450 3.5 1.5450000000000002
15451 3.5 1.5451000000000001
15452 3.5 1.5452000000000001
15453 3.5 1.5453000000000001
15454 3.5 1.5454
15455 3.5 1.5455
15456 3.5 1.5456
15457 3.5 1.5457
15458 3.5 1.5458
15459 3.5 1.5459
15460 3.5 1.546
15461 3.5 1.5461
15462 3.5 1.5462
15463 3.5 1.5463
15464 3.5 1.5464
15465 3.5 1.5465
15466 3.5 1.5466
15467 3.5 1.5467
15468 3.5 1.5468000000000002
15469 3.5 1.5469000000000002
15470 3.5 1.5470000000000002
15471 3.5 1.5471000000000001
15472 3.5 1.5472000000000001
15473 3.5 1.5473000000000001
15474 3.5 1.5474
15475 3.5 1.5475
15476 3.5 1.5476
15477 3.5 1.5477
15478 3.5 1.5478
15479 3.5 1.5479
15480 3.5 1.548
15481 3.5 1.5481
15482 3.5 1.5482
15483 3.5 1.5483
15484 3.5 1.5484
15485 3.5 1.5485
15486 3.5 1.5486
15487 3.5 1.5487
15488 3.5 1.5488000000000002
15489 3.5 1.5489000000000002
15490 3.5 1.5490000000000002
15491 3.5 1.5491000000000001
15492 3.5 1.5492000000000001
15493 3.5 1.5493000000000001
15494 3.5 1.5494
15495 3.5 1.5495
15496 3.5 1.5496
15497 3.5 1.5497
15498 3.5 1.5498
15499 3.5 1.5499
15500 3.5 1.55
15501 3.5 1.5501
15502 3.5 1.5502
15503 3.5 1.5503
15504 3.5 1.5504
15505 3.5 1.5505
15506 3.5 1.5506
15507 3.5 1.5507
15508 3.5 1.5508000000000002
15509 3.5 1.5509000000000002
15510 3.5 1.5510000000000002
15511 3.5 1.5511000000000001
15512 3.5 1.5512000000000001
15513 3.5 1.5513000000000001
15514 3.5 1.5514000000000001
15515 3.5 1.5515
15516 3.5 1.5516
15517 3.5 1.5517
15518 3.5 1.5518
15519 3.5 1.5519
15520 3.5 1.552
15521 3.5 1.5521
15522 3.5 1.5522
15523 3.5 1.5523
15524 3.5 1.5524
15525 3.5 1.5525
15526 3.5 1.5526
15527 3.5 1.5527
15528 3.5 1.5528000000000002
15529 3.5 1.5529000000000002
15530 3.5 1.5530000000000002
15531 3.5 1.5531000000000001
15532 3.5 1.5532000000000001
15533 3.5 1.5533000000000001
15534 3.5 1.5534000000000001
15535 3.5 1.5535
15536 3.5 1.5536
15537 3.5 1.5537
15538 3.5 1.5538
15539 3.5 1.5539
15540 3.5 1.554
15541 3.5 1.5541
15542 3.5 1.5542
15543 3.5 1.5543
15544 3.5 1.5544
15545 3.5 1.5545
15546 3.5 1.5546
15547 3.5 1.5547
15548 3.5 1.5548000000000002
15549 3.5 1.5549000000000002
15550 3.5 1.5550000000000002
15551 3.5 1.5551000000000001
15552 3.5 1.5552000000000001
15553 3.5 1.5553000000000001
15554 3.5 1.5554000000000001
15555 3.5 1.5555
15556 3.5 1.5556
15557 3.5 1.5557
15558 3.5 1.5558
15559 3.5 1.5559
15560 3.5 1.556
15561 3.5 1.5561
15562 3.5 1.5562
15563 3.5 1.5563
15564 3.5 1.5564
15565 3.5 1.5565
15566 3.5 1.5566
15567 3.5 1.5567
15568 3.5 1.5568000000000002
15569 3.5 1.5569000000000002
15570 3.5 1.5570000000000002
15571 3.5 1.5571000000000002
15572 3.5 1.5572000000000001
15573 3.5 1.5573000000000001
15574 3.5 1.5574000000000001
15575 3.5 1.5575
15576 3.5 1.5576
15577 3.5 1.5577
15578 3.5 1.5578
15579 3.5 1.5579
15580 3.5 1.558
15581 3.5 1.5581
15582 3.5 1.5582
15583 3.5 1.5583
15584 3.5 1.5584
15585 3.5 1.5585
15586 3.5 1.5586
15587 3.5 1.5587
15588 3.5 1.5588000000000002
15589 3.5 1.5589000000000002
15590 3.5 1.5590000000000002
15591 3.5 1.5591000000000002
15592 3.5 1.5592000000000001
15593 3.5 1.5593000000000001
15594 3.5 1.5594000000000001
15595 3.5 1.5595
15596 3.5 1.5596
15597 3.5 1.5597
15598 3.5 1.5598
15599 3.5 1.5599
15600 3.5 1.56
15601 3.5 1.5601
15602 3.5 1.5602
15603 3.5 1.5603
15604 3.5 1.5604
15605 3.5 1.5605
15606 3.5 1.5606
15607 3.5 1.5607
15608 3.5 1.5608
15609 3.5 1.5609000000000002
15610 3.5 1.5610000000000002
15611 3.5 1.5611000000000002
15612 3.5 1.5612000000000001
15613 3.5 1.5613000000000001
15614 3.5 1.5614000000000001
15615 3.5 1.5615
15616 3.5 1.5616
15617 3.5 1.5617
15618 3.5 1.5618
15619 3.5 1.5619
15620 3.5 1.562
15621 3.5 1.5621
15622 3.5 1.5622
15623 3.5 1.5623
15624 3.5 1.5624
15625 3.5 1.5625
15626 3.5 1.5626
15627 3.5 1.5627
15628 3.5 1.5628
15629 3.5 1.5629000000000002
15630 3.5 1.5630000000000002
15631 3.5 1.5631000000000002
15632 3.5 1.5632000000000001
15633 3.5 1.5633000000000001
15634 3.5 1.5634000000000001
15635 3.5 1.5635000000000001
15636 3.5 1.5636
15637 3.5 1.5637
15638 3.5 1.5638
15639 3.5 1.5639
15640 3.5 1.564
15641 3.5 1.5641
15642 3.5 1.5642
15643 3.5 1.5643
15644 3.5 1.5644
15645 3.5 1.5645
15646 3.5 1.5646
15647 3.5 1.5647
15648 3.5 1.5648
15649 3.5 1.5649000000000002
15650 3.5 1.5650000000000002
15651 3.5 1.5651000000000002
15652 3.5 1.5652000000000001
15653 3.5 1.5653000000000001
15654 3.5 1.5654000000000001
15655 3.5 1.5655000000000001
15656 3.5 1.5656
15657 3.5 1.5657
15658 3.5 1.5658
15659 3.5 1.5659
15660 3.5 1.566
15661 3.5 1.5661
15662 3.5 1.5662
15663 3.5 1.5663
15664 3.5 1.5664
15665 3.5 1.5665
15666 3.5 1.5666
15667 3.5 1.5667
15668 3.5 1.5668
15669 3.5 1.5669000000000002
15670 3.5 1.5670000000000002
15671 3.5 1.5671000000000002
15672 3.5 1.5672000000000001
15673 3.5 1.5673000000000001
15674 3.5 1.5674000000000001
15675 3.5 1.5675000000000001
15676 3.5 1.5676
15677 3.5 1.5677
15678 3.5 1.5678
15679 3.5 1.5679
15680 3.5 1.568
15681 3.5 1.5681
15682 3.5 1.5682
15683 3.5 1.5683
15684 3.5 1.5684
15685 3.5 1.5685
15686 3.5 1.5686
15687 3.5 1.5687
15688 3.5 1.5688
15689 3.5 1.5689000000000002
15690 3.5 1.5690000000000002
15691 3.5 1.5691000000000002
15692 3.5 1.5692000000000002
15693 3.5 1.5693000000000001
15694 3.5 1.5694000000000001
15695 3.5 1.5695000000000001
15696 3.5 1.5696
15697 3.5 1.5697
15698 3.5 1.5698
15699 3.5 1.5699
15700 3.5 1.57
15701 3.5 1.5701
15702 3.5 1.5702
15703 3.5 1.5703
15704 3.5 1.5704
15705 3.5 1.5705
15706 3.5 1.5706
15707 3.5 1.5707
15708 3.5 1.5708
15709 3.5 1.5709000000000002
15710 3.5 1.5710000000000002
15711 3.5 1.5711000000000002
15712 3.5 1.5712000000000002
15713 3.5 1.5713000000000001
15714 3.5 1.5714000000000001
15715 3.5 1.5715000000000001
15716 3.5 1.5716
15717 3.5 1.5717
15718 3.5 1.5718
15719 3.5 1.5719
15720 3.5 1.572
15721 3.5 1.5721
15722 3.5 1.5722
15723 3.5 1.5723
15724 3.5 1.5724
15725 3.5 1.5725
15726 3.5 1.5726
15727 3.5 1.5727
15728 3.5 1.5728
15729 3.5 1.5729
15730 3.5 1.5730000000000002
15731 3.5 1.5731000000000002
15732 3.5 1.5732000000000002
15733 3.5 1.5733000000000001
15734 3.5 1.5734000000000001
15735 3.5 1.5735000000000001
15736 3.5 1.5736
15737 3.5 1.5737
15738 3.5 1.5738
15739 3.5 1.5739
15740 3.5 1.574
15741 3.5 1.5741
15742 3.5 1.5742
15743 3.5 1.5743
15744 3.5 1.5744
15745 3.5 1.5745
15746 3.5 1.5746
15747 3.5 1.5747
15748 3.5 1.5748
15749 3.5 1.5749
15750 3.5 1.5750000000000002
15751 3.5 1.5751000000000002
15752 3.5 1.5752000000000002
15753 3.5 1.5753000000000001
15754 3.5 1.5754000000000001
15755 3.5 1.5755000000000001
15756 3.5 1.5756000000000001
15757 3.5 1.5757
15758 3.5 1.5758
15759 3.5 1.5759
15760 3.5 1.576
15761 3.5 1.5761
15762 3.5 1.5762
15763 3.5 1.5763
15764 3.5 1.5764
15765 3.5 1.5765
15766 3.5 1.5766
15767 3.5 1.5767
15768 3.5 1.5768
15769 3.5 1.5769
15770 3.5 1.5770000000000002
15771 3.5 1.5771000000000002
15772 3.5 1.5772000000000002
15773 3.5 1.5773000000000001
15774 3.5 1.5774000000000001
15775 3.5 1.5775000000000001
15776 3.5 1.5776000000000001
15777 3.5 1.5777
15778 3.5 1.5778
15779 3.5 1.5779
15780 3.5 1.578
15781 3.5 1.5781
15782 3.5 1.5782
15783 3.5 1.5783
15784 3.5 1.5784
15785 3.5 1.5785
15786 3.5 1.5786
15787 3.5 1.5787
15788 3.5 1.5788
15789 3.5 1.5789
15790 3.5 1.5790000000000002
15791 3.5 1.5791000000000002
15792 3.5 1.5792000000000002
15793 3.5 1.5793000000000001
15794 3.5 1.5794000000000001
15795 3.5 1.5795000000000001
15796 3.5 1.5796000000000001
15797 3.5 1.5797
15798 3.5 1.5798
15799 3.5 1.5799
15800 3.5 1.58
15801 3.5 1.5801
15802 3.5 1.5802
15803 3.5 1.5803
15804 3.5 1.5804
15805 3.5 1.5805
15806 3.5 1.5806
15807 3.5 1.5807
15808 3.5 1.5808
15809 3.5 1.5809
15810 3.5 1.5810000000000002
15811 3.5 1.5811000000000002
15812 3.5 1.5812000000000002
15813 3.5 1.5813000000000001
15814 3.5 1.5814000000000001
15815 3.5 1.5815000000000001
15816 3.5 1.5816000000000001
15817 3.5 1.5817
15818 3.5 1.5818
15819 3.5 1.5819
15820 3.5 1.582
15821 3.5 1.5821
15822 3.5 1.5822
15823 3.5 1.5823
15824 3.5 1.5824
15825 3.5 1.5825
15826 3.5 1.5826
15827 3.5 1.5827
15828 3.5 1.5828
15829 3.5 1.5829
15830 3.5 1.5830000000000002
15831 3.5 1.5831000000000002
15832 3.5 1.5832000000000002
15833 3.5 1.5833000000000002
15834 3.5 1.5834000000000001
15835 3.5 1.5835000000000001
15836 3.5 1.5836000000000001
15837 3.5 1.5837
15838 3.5 1.5838
15839 3.5 1.5839
15840 3.5 1.584
15841 3.5 1.5841
15842 3.5 1.5842
15843 3.5 1.5843
15844 3.5 1.5844
15845 3.5 1.5845
15846 3.5 1.5846
15847 3.5 1.5847
15848 3.5 1.5848
15849 3.5 1.5849
15850 3.5 1.5850000000000002
15851 3.5 1.5851000000000002
15852 3.5 1.5852000000000002
15853 3.5 1.5853000000000002
15854 3.5 1.5854000000000001
15855 3.5 1.5855000000000001
15856 3.5 1.5856000000000001
15857 3.5 1.5857
15858 3.5 1.5858
15859 3.5 1.5859
15860 3.5 1.586
15861 3.5 1.5861
15862 3.5 1.5862
15863 3.5 1.5863
15864 3.5 1.5864
15865 3.5 1.5865
15866 3.5 1.5866
15867 3.5 1.5867
15868 3.5 1.5868
15869 3.5 1.5869
15870 3.5 1.587
15871 3.5 1.5871000000000002
15872 3.5 1.5872000000000002
15873 3.5 1.5873000000000002
15874 3.5 1.5874000000000001
15875 3.5 1.5875000000000001
15876 3.5 1.5876000000000001
15877 3.5 1.5877000000000001
15878 3.5 1.5878
15879 3.5 1.5879
15880 3.5 1.588
15881 3.5 1.5881
15882 3.5 1.5882
15883 3.5 1.5883
15884 3.5 1.5884
15885 3.5 1.5885
15886 3.5 1.5886
15887 3.5 1.5887
15888 3.5 1.5888
15889 3.5 1.5889
15890 3.5 1.589
15891 3.5 1.5891000000000002
15892 3.5 1.5892000000000002
15893 3.5 1.5893000000000002
15894 3.5 1.5894000000000001
15895 3.5 1.5895000000000001
15896 3.5 1.5896000000000001
15897 3.5 1.5897000000000001
15898 3.5 1.5898
15899 3.5 1.5899
15900 3.5 1.59
15901 3.5 1.5901
15902 3.5 1.5902
15903 3.5 1.5903
15904 3.5 1.5904
15905 3.5 1.5905
15906 3.5 1.5906
15907 3.5 1.5907
15908 3.5 1.5908
15909 3.5 1.5909
15910 3.5 1.591
15911 3.5 1.5911000000000002
15912 3.5 1.5912000000000002
15913 3.5 1.5913000000000002
15914 3.5 1.5914000000000001
15915 3.5 1.5915000000000001
15916 3.5 1.5916000000000001
15917 3.5 1.5917000000000001
15918 3.5 1.5918
15919 3.5 1.5919
15920 3.5 1.592
15921 3.5 1.5921
15922 3.5 1.5922
15923 3.5 1.5923
15924 3.5 1.5924
15925 3.5 1.5925
15926 3.5 1.5926
15927 3.5 1.5927
15928 3.5 1.5928
15929 3.5 1.5929
15930 3.5 1.593
15931 3.5 1.5931000000000002
15932 3.5 1.5932000000000002
15933 3.5 1.5933000000000002
15934 3.5 1.5934000000000001
15935 3.5 1.5935000000000001
15936 3.5 1.5936000000000001
15937 3.5 1.5937000000000001
15938 3.5 1.5938
15939 3.5 1.5939
15940 3.5 1.594
15941 3.5 1.5941
15942 3.5 1.5942
15943 3.5 1.5943
15944 3.5 1.5944
15945 3.5 1.5945
15946 3.5 1.5946
15947 3.5 1.5947
15948 3.5 1.5948
15949 3.5 1.5949
15950 3.5 1.595
15951 3.5 1.5951000000000002
15952 3.5 1.5952000000000002
15953 3.5 1.5953000000000002
15954 3.5 1.5954000000000002
15955 3.5 1.5955000000000001
15956 3.5 1.5956000000000001
15957 3.5 1.5957000000000001
15958 3.5 1.5958
15959 3.5 1.5959
15960 3.5 1.596
15961 3.5 1.5961
15962 3.5 1.5962
15963 3.5 1.5963
15964 3.5 1.5964
15965 3.5 1.5965
15966 3.5 1.5966
15967 3.5 1.5967
15968 3.5 1.5968
15969 3.5 1.5969
15970 3.5 1.597
15971 3.5 1.5971000000000002
15972 3.5 1.5972000000000002
15973 3.5 1.5973000000000002
15974 3.5 1.5974000000000002
15975 3.5 1.5975000000000001
15976 3.5 1.5976000000000001
15977 3.5 1.5977000000000001
15978 3.5 1.5978
15979 3.5 1.5979
15980 3.5 1.598
15981 3.5 1.5981
15982 3.5 1.5982
15983 3.5 1.5983
15984 3.5 1.5984
15985 3.5 1.5985
15986 3.5 1.5986
15987 3.5 1.5987
15988 3.5 1.5988
15989 3.5 1.5989
15990 3.5 1.599
15991 3.5 1.5991
15992 3.5 1.5992000000000002
15993 3.5 1.5993000000000002
15994 3.5 1.5994000000000002
15995 3.5 1.5995000000000001
15996 3.5 1.5996000000000001
15997 3.5 1.5997000000000001
15998 3.5 1.5998
15999 3.5 1.5999
16000 3.5 1.6
16001 3.5 1.6001
16002 3.5 1.6002
16003 3.5 1.6003
16004 3.5 1.6004
16005 3.5 1.6005
16006 3.5 1.6006
16007 3.5 1.6007
16008 3.5 1.6008
16009 3.5 1.6009
16010 3.5 1.601
16011 3.5 1.6011
16012 3.5 1.6012000000000002
16013 3.5 1.6013000000000002
16014 3.5 1.6014000000000002
16015 3.5 1.6015000000000001
16016 3.5 1.6016000000000001
16017 3.5 1.6017000000000001
16018 3.5 1.6018000000000001
16019 3.5 1.6019
16020 3.5 1.602
16021 3.5 1.6021
16022 3.5 1.6022
16023 3.5 1.6023
16024 3.5 1.6024
16025 3.5 1.6025
16026 3.5 1.6026
16027 3.5 1.6027
16028 3.5 1.6028
16029 3.5 1.6029
16030 3.5 1.603
16031 3.5 1.6031
16032 3.5 1.6032000000000002
16033 3.5 1.6033000000000002
16034 3.5 1.6034000000000002
16035 3.5 1.6035000000000001
16036 3.5 1.6036000000000001
16037 3.5 1.6037000000000001
16038 3.5 1.6038000000000001
16039 3.5 1.6039
16040 3.5 1.604
16041 3.5 1.6041
16042 3.5 1.6042
16043 3.5 1.6043
16044 3.5 1.6044
16045 3.5 1.6045
16046 3.5 1.6046
16047 3.5 1.6047
16048 3.5 1.6048
16049 3.5 1.6049
16050 3.5 1.605
16051 3.5 1.6051
16052 3.5 1.6052000000000002
16053 3.5 1.6053000000000002
16054 3.5 1.6054000000000002
16055 3.5 1.6055000000000001
16056 3.5 1.6056000000000001
16057 3.5 1.6057000000000001
16058 3.5 1.6058000000000001
16059 3.5 1.6059
16060 3.5 1.606
16061 3.5 1.6061
16062 3.5 1.6062
16063 3.5 1.6063
16064 3.5 1.6064
16065 3.5 1.6065
16066 3.5 1.6066
16067 3.5 1.6067
16068 3.5 1.6068
16069 3.5 1.6069
16070 3.5 1.607
16071 3.5 1.6071
16072 3.5 1.6072000000000002
16073 3.5 1.6073000000000002
16074 3.5 1.6074000000000002
16075 3.5 1.6075000000000002
16076 3.5 1.6076000000000001
16077 3.5 1.6077000000000001
16078 3.5 1.6078000000000001
16079 3.5 1.6079
16080 3.5 1.608
16081 3.5 1.6081
16082 3.5 1.6082
16083 3.5 1.6083
16084 3.5 1.6084
16085 3.5 1.6085
16086 3.5 1.6086
16087 3.5 1.6087
16088 3.5 1.6088
16089 3.5 1.6089
16090 3.5 1.609
16091 3.5 1.6091
16092 3.5 1.6092000000000002
16093 3.5 1.6093000000000002
16094 3.5 1.6094000000000002
16095 3.5 1.6095000000000002
16096 3.5 1.6096000000000001
16097 3.5 1.6097000000000001
16098 3.5 1.6098000000000001
16099 3.5 1.6099
16100 3.5 1.61
16101 3.5 1.6101
16102 3.5 1.6102
16103 3.5 1.6103
16104 3.5 1.6104
16105 3.5 1.6105
16106 3.5 1.6106
16107 3.5 1.6107
16108 3.5 1.6108
16109 3.5 1.6109
16110 3.5 1.611
16111 3.5 1.6111
16112 3.5 1.6112000000000002
16113 3.5 1.6113000000000002
16114 3.5 1.6114000000000002
16115 3.5 1.6115000000000002
16116 3.5 1.6116000000000001
16117 3.5 1.6117000000000001
16118 3.5 1.6118000000000001
16119 3.5 1.6119
16120 3.5 1.612
16121 3.5 1.6121
16122 3.5 1.6122
16123 3.5 1.6123
16124 3.5 1.6124
16125 3.5 1.6125
16126 3.5 1.6126
16127 3.5 1.6127
16128 3.5 1.6128
16129 3.5 1.6129
16130 3.5 1.613
16131 3.5 1.6131
16132 3.5 1.6132
16133 3.5 1.6133000000000002
16134 3.5 1.6134000000000002
16135 3.5 1.6135000000000002
16136 3.5 1.6136000000000001
16137 3.5 1.6137000000000001
16138 3.5 1.6138000000000001
16139 3.5 1.6139000000000001
16140 3.5 1.614
16141 3.5 1.6141
16142 3.5 1.6142
16143 3.5 1.6143
16144 3.5 1.6144
16145 3.5 1.6145
16146 3.5 1.6146
16147 3.5 1.6147
16148 3.5 1.6148
16149 3.5 1.6149
16150 3.5 1.615
16151 3.5 1.6151
16152 3.5 1.6152
16153 3.5 1.6153000000000002
16154 3.5 1.6154000000000002
16155 3.5 1.6155000000000002
16156 3.5 1.6156000000000001
16157 3.5 1.6157000000000001
16158 3.5 1.6158000000000001
16159 3.5 1.6159000000000001
16160 3.5 1.616
16161 3.5 1.6161
16162 3.5 1.6162
16163 3.5 1.6163
16164 3.5 1.6164
16165 3.5 1.6165
16166 3.5 1.6166
16167 3.5 1.6167
16168 3.5 1.6168
16169 3.5 1.6169
16170 3.5 1.617
16171 3.5 1.6171
16172 3.5 1.6172
16173 3.5 1.6173000000000002
16174 3.5 1.6174000000000002
16175 3.5 1.6175000000000002
16176 3.5 1.6176000000000001
16177 3.5 1.6177000000000001
16178 3.5 1.6178000000000001
16179 3.5 1.6179000000000001
16180 3.5 1.618
16181 3.5 1.6181
16182 3.5 1.6182
16183 3.5 1.6183
16184 3.5 1.6184
16185 3.5 1.6185
16186 3.5 1.6186
16187 3.5 1.6187
16188 3.5 1.6188
16189 3.5 1.6189
16190 3.5 1.619
16191 3.5 1.6191
16192 3.5 1.6192
16193 3.5 1.6193000000000002
16194 3.5 1.6194000000000002
16195 3.5 1.6195000000000002
16196 3.5 1.6196000000000002
16197 3.5 1.6197000000000001
16198 3.5 1.6198000000000001
16199 3.5 1.6199000000000001
16200 3.5 1.62
16201 3.5 1.6201
16202 3.5 1.6202
16203 3.5 1.6203
16204 3.5 1.6204
16205 3.5 1.6205
16206 3.5 1.6206
16207 3.5 1.6207
16208 3.5 1.6208
16209 3.5 1.6209
16210 3.5 1.621
16211 3.5 1.6211
16212 3.5 1.6212
16213 3.5 1.6213000000000002
16214 3.5 1.6214000000000002
16215 3.5 1.6215000000000002
16216 3.5 1.6216000000000002
16217 3.5 1.6217000000000001
16218 3.5 1.6218000000000001
16219 3.5 1.6219000000000001
16220 3.5 1.622
16221 3.5 1.6221
16222 3.5 1.6222
16223 3.5 1.6223
16224 3.5 1.6224
16225 3.5 1.6225
16226 3.5 1.6226
16227 3.5 1.6227
16228 3.5 1.6228
16229 3.5 1.6229
16230 3.5 1.623
16231 3.5 1.6231
16232 3.5 1.6232
16233 3.5 1.6233000000000002
16234 3.5 1.6234000000000002
16235 3.5 1.6235000000000002
16236 3.5 1.6236000000000002
16237 3.5 1.6237000000000001
16238 3.5 1.6238000000000001
16239 3.5 1.6239000000000001
16240 3.5 1.624
16241 3.5 1.6241
16242 3.5 1.6242
16243 3.5 1.6243
16244 3.5 1.6244
16245 3.5 1.6245
16246 3.5 1.6246
16247 3.5 1.6247
16248 3.5 1.6248
16249 3.5 1.6249
16250 3.5 1.625
16251 3.5 1.6251
16252 3.5 1.6252
16253 3.5 1.6253
16254 3.5 1.6254000000000002
16255 3.5 1.6255000000000002
16256 3.5 1.6256000000000002
16257 3.5 1.6257000000000001
16258 3.5 1.6258000000000001
16259 3.5 1.6259000000000001
16260 3.5 1.6260000000000001
16261 3.5 1.6261
16262 3.5 1.6262
16263 3.5 1.6263
16264 3.5 1.6264
16265 3.5 1.6265
16266 3.5 1.6266
16267 3.5 1.6267
16268 3.5 1.6268
16269 3.5 1.6269
16270 3.5 1.627
16271 3.5 1.6271
16272 3.5 1.6272
16273 3.5 1.6273
16274 3.5 1.6274000000000002
16275 3.5 1.6275000000000002
16276 3.5 1.6276000000000002
16277 3.5 1.6277000000000001
16278 3.5 1.6278000000000001
16279 3.5 1.6279000000000001
16280 3.5 1.6280000000000001
16281 3.5 1.6281
16282 3.5 1.6282
16283 3.5 1.6283
16284 3.5 1.6284
16285 3.5 1.6285
16286 3.5 1.6286
16287 3.5 1.6287
16288 3.5 1.6288
16289 3.5 1.6289
16290 3.5 1.629
16291 3.5 1.6291
16292 3.5 1.6292
16293 3.5 1.6293
16294 3.5 1.6294000000000002
16295 3.5 1.6295000000000002
16296 3.5 1.6296000000000002
16297 3.5 1.6297000000000001
16298 3.5 1.6298000000000001
16299 3.5 1.6299000000000001
16300 3.5 1.6300000000000001
16301 3.5 1.6301
16302 3.5 1.6302
16303 3.5 1.6303
16304 3.5 1.6304
16305 3.5 1.6305
16306 3.5 1.6306
16307 3.5 1.6307
16308 3.5 1.6308
16309 3.5 1.6309
16310 3.5 1.631
16311 3.5 1.6311
16312 3.5 1.6312
16313 3.5 1.6313
16314 3.5 1.6314000000000002
16315 3.5 1.6315000000000002
16316 3.5 1.6316000000000002
16317 3.5 1.6317000000000002
16318 3.5 1.6318000000000001
16319 3.5 1.6319000000000001
16320 3.5 1.6320000000000001
16321 3.5 1.6321
16322 3.5 1.6322
16323 3.5 1.6323
16324 3.5 1.6324
16325 3.5 1.6325
16326 3.5 1.6326
16327 3.5 1.6327
16328 3.5 1.6328
16329 3.5 1.6329
16330 3.5 1.633
16331 3.5 1.6331
16332 3.5 1.6332
16333 3.5 1.6333
16334 3.5 1.6334000000000002
16335 3.5 1.6335000000000002
16336 3.5 1.6336000000000002
16337 3.5 1.6337000000000002
16338 3.5 1.6338000000000001
16339 3.5 1.6339000000000001
16340 3.5 1.6340000000000001
16341 3.5 1.6341
16342 3.5 1.6342
16343 3.5 1.6343
16344 3.5 1.6344
16345 3.5 1.6345
16346 3.5 1.6346
16347 3.5 1.6347
16348 3.5 1.6348
16349 3.5 1.6349
16350 3.5 1.635
16351 3.5 1.6351
16352 3.5 1.6352
16353 3.5 1.6353
16354 3.5 1.6354000000000002
16355 3.5 1.6355000000000002
16356 3.5 1.6356000000000002
16357 3.5 1.6357000000000002
16358 3.5 1.6358000000000001
16359 3.5 1.6359000000000001
16360 3.5 1.6360000000000001
16361 3.5 1.6361
16362 3.5 1.6362
16363 3.5 1.6363
16364 3.5 1.6364
16365 3.5 1.6365
16366 3.5 1.6366
16367 3.5 1.6367
16368 3.5 1.6368
16369 3.5 1.6369
16370 3.5 1.637
16371 3.5 1.6371
16372 3.5 1.6372
16373 3.5 1.6373
16374 3.5 1.6374000000000002
16375 3.5 1.6375000000000002
16376 3.5 1.6376000000000002
16377 3.5 1.6377000000000002
16378 3.5 1.6378000000000001
16379 3.5 1.6379000000000001
16380 3.5 1.6380000000000001
16381 3.5 1.6381000000000001
16382 3.5 1.6382
16383 3.5 1.6383
16384 3.5 1.6384
16385 3.5 1.6385
16386 3.5 1.6386
16387 3.5 1.6387
16388 3.5 1.6388
16389 3.5 1.6389
16390 3.5 1.639
16391 3.5 1.6391
16392 3.5 1.6392
16393 3.5 1.6393
16394 3.5 1.6394
16395 3.5 1.6395000000000002
16396 3.5 1.6396000000000002
16397 3.5 1.6397000000000002
16398 3.5 1.6398000000000001
16399 3.5 1.6399000000000001
16400 3.5 1.6400000000000001
16401 3.5 1.6401000000000001
16402 3.5 1.6402
16403 3.5 1.6403
16404 3.5 1.6404
16405 3.5 1.6405
16406 3.5 1.6406
16407 3.5 1.6407
16408 3.5 1.6408
16409 3.5 1.6409
16410 3.5 1.641
16411 3.5 1.6411
16412 3.5 1.6412
16413 3.5 1.6413
16414 3.5 1.6414
16415 3.5 1.6415000000000002
16416 3.5 1.6416000000000002
16417 3.5 1.6417000000000002
16418 3.5 1.6418000000000001
16419 3.5 1.6419000000000001
16420 3.5 1.6420000000000001
16421 3.5 1.6421000000000001
16422 3.5 1.6422
16423 3.5 1.6423
16424 3.5 1.6424
16425 3.5 1.6425
16426 3.5 1.6426
16427 3.5 1.6427
16428 3.5 1.6428
16429 3.5 1.6429
16430 3.5 1.643
16431 3.5 1.6431
16432 3.5 1.6432
16433 3.5 1.6433
16434 3.5 1.6434
16435 3.5 1.6435000000000002
16436 3.5 1.6436000000000002
16437 3.5 1.6437000000000002
16438 3.5 1.6438000000000001
16439 3.5 1.6439000000000001
16440 3.5 1.6440000000000001
16441 3.5 1.6441000000000001
16442 3.5 1.6442
16443 3.5 1.6443
16444 3.5 1.6444
16445 3.5 1.6445
16446 3.5 1.6446
16447 3.5 1.6447
16448 3.5 1.6448
16449 3.5 1.6449
16450 3.5 1.645
16451 3.5 1.6451
16452 3.5 1.6452
16453 3.5 1.6453
16454 3.5 1.6454
16455 3.5 1.6455000000000002
16456 3.5 1.6456000000000002
16457 3.5 1.6457000000000002
16458 3.5 1.6458000000000002
16459 3.5 1.6459000000000001
16460 3.5 1.6460000000000001
16461 3.5 1.6461000000000001
16462 3.5 1.6462
16463 3.5 1.6463
16464 3.5 1.6464
16465 3.5 1.6465
16466 3.5 1.6466
16467 3.5 1.6467
16468 3.5 1.6468
16469 3.5 1.6469
16470 3.5 1.647
16471 3.5 1.6471
16472 3.5 1.6472
16473 3.5 1.6473
16474 3.5 1.6474
16475 3.5 1.6475000000000002
16476 3.5 1.6476000000000002
16477 3.5 1.6477000000000002
16478 3.5 1.6478000000000002
16479 3.5 1.6479000000000001
16480 3.5 1.6480000000000001
16481 3.5 1.6481000000000001
16482 3.5 1.6482
16483 3.5 1.6483
16484 3.5 1.6484
16485 3.5 1.6485
16486 3.5 1.6486
16487 3.5 1.6487
16488 3.5 1.6488
16489 3.5 1.6489
16490 3.5 1.649
16491 3.5 1.6491
16492 3.5 1.6492
16493 3.5 1.6493
16494 3.5 1.6494
16495 3.5 1.6495000000000002
16496 3.5 1.6496000000000002
16497 3.5 1.6497000000000002
16498 3.5 1.6498000000000002
16499 3.5 1.6499000000000001
16500 3.5 1.6500000000000001
16501 3.5 1.6501000000000001
16502 3.5 1.6502000000000001
16503 3.5 1.6503
16504 3.5 1.6504
16505 3.5 1.6505
16506 3.5 1.6506
16507 3.5 1.6507
16508 3.5 1.6508
16509 3.5 1.6509
16510 3.5 1.651
16511 3.5 1.6511
16512 3.5 1.6512
16513 3.5 1.6513
16514 3.5 1.6514
16515 3.5 1.6515000000000002
16516 3.5 1.6516000000000002
16517 3.5 1.6517000000000002
16518 3.5 1.6518000000000002
16519 3.5 1.6519000000000001
16520 3.5 1.6520000000000001
16521 3.5 1.6521000000000001
16522 3.5 1.6522000000000001
16523 3.5 1.6523
16524 3.5 1.6524
16525 3.5 1.6525
16526 3.5 1.6526
16527 3.5 1.6527
16528 3.5 1.6528
16529 3.5 1.6529
16530 3.5 1.653
16531 3.5 1.6531
16532 3.5 1.6532
16533 3.5 1.6533
16534 3.5 1.6534
16535 3.5 1.6535
16536 3.5 1.6536000000000002
16537 3.5 1.6537000000000002
16538 3.5 1.6538000000000002
16539 3.5 1.6539000000000001
16540 3.5 1.6540000000000001
16541 3.5 1.6541000000000001
16542 3.5 1.6542000000000001
16543 3.5 1.6543
16544 3.5 1.6544
16545 3.5 1.6545
16546 3.5 1.6546
16547 3.5 1.6547
16548 3.5 1.6548
16549 3.5 1.6549
16550 3.5 1.655
16551 3.5 1.6551
16552 3.5 1.6552
16553 3.5 1.6553
16554 3.5 1.6554
16555 3.5 1.6555
16556 3.5 1.6556000000000002
16557 3.5 1.6557000000000002
16558 3.5 1.6558000000000002
16559 3.5 1.6559000000000001
16560 3.5 1.6560000000000001
16561 3.5 1.6561000000000001
16562 3.5 1.6562000000000001
16563 3.5 1.6563
16564 3.5 1.6564
16565 3.5 1.6565
16566 3.5 1.6566
16567 3.5 1.6567
16568 3.5 1.6568
16569 3.5 1.6569
16570 3.5 1.657
16571 3.5 1.6571
16572 3.5 1.6572
16573 3.5 1.6573
16574 3.5 1.6574
16575 3.5 1.6575
16576 3.5 1.6576000000000002
16577 3.5 1.6577000000000002
16578 3.5 1.6578000000000002
16579 3.5 1.6579000000000002
16580 3.5 1.6580000000000001
16581 3.5 1.6581000000000001
16582 3.5 1.6582000000000001
16583 3.5 1.6583
16584 3.5 1.6584
16585 3.5 1.6585
16586 3.5 1.6586
16587 3.5 1.6587
16588 3.5 1.6588
16589 3.5 1.6589
16590 3.5 1.659
16591 3.5 1.6591
16592 3.5 1.6592
16593 3.5 1.6593
16594 3.5 1.6594
16595 3.5 1.6595
16596 3.5 1.6596000000000002
16597 3.5 1.6597000000000002
16598 3.5 1.6598000000000002
16599 3.5 1.6599000000000002
16600 3.5 1.6600000000000001
16601 3.5 1.6601000000000001
16602 3.5 1.6602000000000001
16603 3.5 1.6603
16604 3.5 1.6604
16605 3.5 1.6605
16606 3.5 1.6606
16607 3.5 1.6607
16608 3.5 1.6608
16609 3.5 1.6609
16610 3.5 1.661
16611 3.5 1.6611
16612 3.5 1.6612
16613 3.5 1.6613
16614 3.5 1.6614
16615 3.5 1.6615
16616 3.5 1.6616000000000002
16617 3.5 1.6617000000000002
16618 3.5 1.6618000000000002
16619 3.5 1.6619000000000002
16620 3.5 1.6620000000000001
16621 3.5 1.6621000000000001
16622 3.5 1.6622000000000001
16623 3.5 1.6623
16624 3.5 1.6624
16625 3.5 1.6625
16626 3.5 1.6626
16627 3.5 1.6627
16628 3.5 1.6628
16629 3.5 1.6629
16630 3.5 1.663
16631 3.5 1.6631
16632 3.5 1.6632
16633 3.5 1.6633
16634 3.5 1.6634
16635 3.5 1.6635
16636 3.5 1.6636000000000002
16637 3.5 1.6637000000000002
16638 3.5 1.6638000000000002
16639 3.5 1.6639000000000002
16640 3.5 1.6640000000000001
16641 3.5 1.6641000000000001
16642 3.5 1.6642000000000001
16643 3.5 1.6643000000000001
16644 3.5 1.6644
16645 3.5 1.6645
16646 3.5 1.6646
16647 3.5 1.6647
16648 3.5 1.6648
16649 3.5 1.6649
16650 3.5 1.665
16651 3.5 1.6651
16652 3.5 1.6652
16653 3.5 1.6653
16654 3.5 1.6654
16655 3.5 1.6655
16656 3.5 1.6656
16657 3.5 1.6657000000000002
16658 3.5 1.6658000000000002
16659 3.5 1.6659000000000002
16660 3.5 1.6660000000000001
16661 3.5 1.6661000000000001
16662 3.5 1.6662000000000001
16663 3.5 1.6663000000000001
16664 3.5 1.6664
16665 3.5 1.6665
16666 3.5 1.6666
16667 3.5 1.6667
16668 3.5 1.6668
16669 3.5 1.6669
16670 3.5 1.667
16671 3.5 1.6671
16672 3.5 1.6672
16673 3.5 1.6673
16674 3.5 1.6674
16675 3.5 1.6675
16676 3.5 1.6676
16677 3.5 1.6677000000000002
16678 3.5 1.6678000000000002
16679 3.5 1.6679000000000002
16680 3.5 1.6680000000000001
16681 3.5 1.6681000000000001
16682 3.5 1.6682000000000001
16683 3.5 1.6683000000000001
16684 3.5 1.6684
16685 3.5 1.6685
16686 3.5 1.6686
16687 3.5 1.6687
16688 3.5 1.6688
16689 3.5 1.6689
16690 3.5 1.669
16691 3.5 1.6691
16692 3.5 1.6692
16693 3.5 1.6693
16694 3.5 1.6694
16695 3.5 1.6695
16696 3.5 1.6696
16697 3.5 1.6697000000000002
16698 3.5 1.6698000000000002
16699 3.5 1.6699000000000002
16700 3.5 1.6700000000000002
16701 3.5 1.6701000000000001
16702 3.5 1.6702000000000001
16703 3.5 1.6703000000000001
16704 3.5 1.6704
16705 3.5 1.6705
16706 3.5 1.6706
16707 3.5 1.6707
16708 3.5 1.6708
16709 3.5 1.6709
16710 3.5 1.671
16711 3.5 1.6711
16712 3.5 1.6712
16713 3.5 1.6713
16714 3.5 1.6714
16715 3.5 1.6715
16716 3.5 1.6716
16717 3.5 1.6717000000000002
16718 3.5 1.6718000000000002
16719 3.5 1.6719000000000002
16720 3.5 1.6720000000000002
16721 3.5 1.6721000000000001
16722 3.5 1.6722000000000001
16723 3.5 1.6723000000000001
16724 3.5 1.6724
16725 3.5 1.6725
16726 3.5 1.6726
16727 3.5 1.6727
16728 3.5 1.6728
16729 3.5 1.6729
16730 3.5 1.673
16731 3.5 1.6731
16732 3.5 1.6732
16733 3.5 1.6733
16734 3.5 1.6734
16735 3.5 1.6735
16736 3.5 1.6736
16737 3.5 1.6737000000000002
16738 3.5 1.6738000000000002
16739 3.5 1.6739000000000002
16740 3.5 1.6740000000000002
16741 3.5 1.6741000000000001
16742 3.5 1.6742000000000001
16743 3.5 1.6743000000000001
16744 3.5 1.6744
16745 3.5 1.6745
16746 3.5 1.6746
16747 3.5 1.6747
16748 3.5 1.6748
16749 3.5 1.6749
16750 3.5 1.675
16751 3.5 1.6751
16752 3.5 1.6752
16753 3.5 1.6753
16754 3.5 1.6754
16755 3.5 1.6755
16756 3.5 1.6756
16757 3.5 1.6757000000000002
16758 3.5 1.6758000000000002
16759 3.5 1.6759000000000002
16760 3.5 1.6760000000000002
16761 3.5 1.6761000000000001
16762 3.5 1.6762000000000001
16763 3.5 1.6763000000000001
16764 3.5 1.6764000000000001
16765 3.5 1.6765
16766 3.5 1.6766
16767 3.5 1.6767
16768 3.5 1.6768
16769 3.5 1.6769
16770 3.5 1.677
16771 3.5 1.6771
16772 3.5 1.6772
16773 3.5 1.6773
16774 3.5 1.6774
16775 3.5 1.6775
16776 3.5 1.6776
16777 3.5 1.6777000000000002
16778 3.5 1.6778000000000002
16779 3.5 1.6779000000000002
16780 3.5 1.6780000000000002
16781 3.5 1.6781000000000001
16782 3.5 1.6782000000000001
16783 3.5 1.6783000000000001
16784 3.5 1.6784000000000001
16785 3.5 1.6785
16786 3.5 1.6786
16787 3.5 1.6787
16788 3.5 1.6788
16789 3.5 1.6789
16790 3.5 1.679
16791 3.5 1.6791
16792 3.5 1.6792
16793 3.5 1.6793
16794 3.5 1.6794
16795 3.5 1.6795
16796 3.5 1.6796
16797 3.5 1.6797
16798 3.5 1.6798000000000002
16799 3.5 1.6799000000000002
16800 3.5 1.6800000000000002
16801 3.5 1.6801000000000001
16802 3.5 1.6802000000000001
16803 3.5 1.6803000000000001
16804 3.5 1.6804000000000001
16805 3.5 1.6805
16806 3.5 1.6806
16807 3.5 1.6807
16808 3.5 1.6808
16809 3.5 1.6809
16810 3.5 1.681
16811 3.5 1.6811
16812 3.5 1.6812
16813 3.5 1.6813
16814 3.5 1.6814
16815 3.5 1.6815
16816 3.5 1.6816
16817 3.5 1.6817
16818 3.5 1.6818000000000002
16819 3.5 1.6819000000000002
16820 3.5 1.6820000000000002
16821 3.5 1.6821000000000002
16822 3.5 1.6822000000000001
16823 3.5 1.6823000000000001
16824 3.5 1.6824000000000001
16825 3.5 1.6825
16826 3.5 1.6826
16827 3.5 1.6827
16828 3.5 1.6828
16829 3.5 1.6829
16830 3.5 1.683
16831 3.5 1.6831
16832 3.5 1.6832
16833 3.5 1.6833
16834 3.5 1.6834
16835 3.5 1.6835
16836 3.5 1.6836
16837 3.5 1.6837
16838 3.5 1.6838000000000002
16839 3.5 1.6839000000000002
16840 3.5 1.6840000000000002
16841 3.5 1.6841000000000002
16842 3.5 1.6842000000000001
16843 3.5 1.6843000000000001
16844 3.5 1.6844000000000001
16845 3.5 1.6845
16846 3.5 1.6846
16847 3.5 1.6847
16848 3.5 1.6848
16849 3.5 1.6849
16850 3.5 1.685
16851 3.5 1.6851
16852 3.5 1.6852
16853 3.5 1.6853
16854 3.5 1.6854
16855 3.5 1.6855
16856 3.5 1.6856
16857 3.5 1.6857
16858 3.5 1.6858000000000002
16859 3.5 1.6859000000000002
16860 3.5 1.6860000000000002
16861 3.5 1.6861000000000002
16862 3.5 1.6862000000000001
16863 3.5 1.6863000000000001
16864 3.5 1.6864000000000001
16865 3.5 1.6865
16866 3.5 1.6866
16867 3.5 1.6867
16868 3.5 1.6868
16869 3.5 1.6869
16870 3.5 1.687
16871 3.5 1.6871
16872 3.5 1.6872
16873 3.5 1.6873
16874 3.5 1.6874
16875 3.5 1.6875
16876 3.5 1.6876
16877 3.5 1.6877
16878 3.5 1.6878000000000002
16879 3.5 1.6879000000000002
16880 3.5 1.6880000000000002
16881 3.5 1.6881000000000002
16882 3.5 1.6882000000000001
16883 3.5 1.6883000000000001
16884 3.5 1.6884000000000001
16885 3.5 1.6885000000000001
16886 3.5 1.6886
16887 3.5 1.6887
16888 3.5 1.6888
16889 3.5 1.6889
16890 3.5 1.689
16891 3.5 1.6891
16892 3.5 1.6892
16893 3.5 1.6893
16894 3.5 1.6894
16895 3.5 1.6895
16896 3.5 1.6896
16897 3.5 1.6897
16898 3.5 1.6898000000000002
16899 3.5 1.6899000000000002
16900 3.5 1.6900000000000002
16901 3.5 1.6901000000000002
16902 3.5 1.6902000000000001
16903 3.5 1.6903000000000001
16904 3.5 1.6904000000000001
16905 3.5 1.6905000000000001
16906 3.5 1.6906
16907 3.5 1.6907
16908 3.5 1.6908
16909 3.5 1.6909
16910 3.5 1.691
16911 3.5 1.6911
16912 3.5 1.6912
16913 3.5 1.6913
16914 3.5 1.6914
16915 3.5 1.6915
16916 3.5 1.6916
16917 3.5 1.6917
16918 3.5 1.6918
16919 3.5 1.6919000000000002
16920 3.5 1.6920000000000002
16921 3.5 1.6921000000000002
16922 3.5 1.6922000000000001
16923 3.5 1.6923000000000001
16924 3.5 1.6924000000000001
16925 3.5 1.6925000000000001
16926 3.5 1.6926
16927 3.5 1.6927
16928 3.5 1.6928
16929 3.5 1.6929
16930 3.5 1.693
16931 3.5 1.6931
16932 3.5 1.6932
16933 3.5 1.6933
16934 3.5 1.6934
16935 3.5 1.6935
16936 3.5 1.6936
16937 3.5 1.6937
16938 3.5 1.6938
16939 3.5 1.6939000000000002
16940 3.5 1.6940000000000002
16941 3.5 1.6941000000000002
16942 3.5 1.6942000000000002
16943 3.5 1.6943000000000001
16944 3.5 1.6944000000000001
16945 3.5 1.6945000000000001
16946 3.5 1.6946
16947 3.5 1.6947
16948 3.5 1.6948
16949 3.5 1.6949
16950 3.5 1.695
16951 3.5 1.6951
16952 3.5 1.6952
16953 3.5 1.6953
16954 3.5 1.6954
16955 3.5 1.6955
16956 3.5 1.6956
16957 3.5 1.6957
16958 3.5 1.6958
16959 3.5 1.6959000000000002
16960 3.5 1.6960000000000002
16961 3.5 1.6961000000000002
16962 3.5 1.6962000000000002
16963 3.5 1.6963000000000001
16964 3.5 1.6964000000000001
16965 3.5 1.6965000000000001
16966 3.5 1.6966
16967 3.5 1.6967
16968 3.5 1.6968
16969 3.5 1.6969
16970 3.5 1.697
16971 3.5 1.6971
16972 3.5 1.6972
16973 3.5 1.6973
16974 3.5 1.6974
16975 3.5 1.6975
16976 3.5 1.6976
16977 3.5 1.6977
16978 3.5 1.6978
16979 3.5 1.6979000000000002
16980 3.5 1.6980000000000002
16981 3.5 1.6981000000000002
16982 3.5 1.6982000000000002
16983 3.5 1.6983000000000001
16984 3.5 1.6984000000000001
16985 3.5 1.6985000000000001
16986 3.5 1.6986
16987 3.5 1.6987
16988 3.5 1.6988
16989 3.5 1.6989
16990 3.5 1.699
16991 3.5 1.6991
16992 3.5 1.6992
16993 3.5 1.6993
16994 3.5 1.6994
16995 3.5 1.6995
16996 3.5 1.6996
16997 3.5 1.6997
16998 3.5 1.6998
16999 3.5 1.6999000000000002
17000 3.5 1.7000000000000002
17001 3.5 1.7001000000000002
17002 3.5 1.7002000000000002
17003 3.5 1.7003000000000001
17004 3.5 1.7004000000000001
17005 3.5 1.7005000000000001
17006 3.5 1.7006000000000001
17007 3.5 1.7007
17008 3.5 1.7008
17009 3.5 1.7009
17010 3.5 1.701
17011 3.5 1.7011
17012 3.5 1.7012
17013 3.5 1.7013
17014 3.5 1.7014
17015 3.5 1.7015
17016 3.5 1.7016
17017 3.5 1.7017
17018 3.5 1.7018
17019 3.5 1.7019000000000002
17020 3.5 1.7020000000000002
17021 3.5 1.7021000000000002
17022 3.5 1.7022000000000002
17023 3.5 1.7023000000000001
17024 3.5 1.7024000000000001
17025 3.5 1.7025000000000001
17026 3.5 1.7026000000000001
17027 3.5 1.7027
17028 3.5 1.7028
17029 3.5 1.7029
17030 3.5 1.703
17031 3.5 1.7031
17032 3.5 1.7032
17033 3.5 1.7033
17034 3.5 1.7034
17035 3.5 1.7035
17036 3.5 1.7036
17037 3.5 1.7037
17038 3.5 1.7038
17039 3.5 1.7039000000000002
17040 3.5 1.7040000000000002
17041 3.5 1.7041000000000002
17042 3.5 1.7042000000000002
17043 3.5 1.7043000000000001
17044 3.5 1.7044000000000001
17045 3.5 1.7045000000000001
17046 3.5 1.7046000000000001
17047 3.5 1.7047
17048 3.5 1.7048
17049 3.5 1.7049
17050 3.5 1.705
17051 3.5 1.7051
17052 3.5 1.7052
17053 3.5 1.7053
17054 3.5 1.7054
17055 3.5 1.7055
17056 3.5 1.7056
17057 3.5 1.7057
17058 3.5 1.7058
17059 3.5 1.7059
17060 3.5 1.7060000000000002
17061 3.5 1.7061000000000002
17062 3.5 1.7062000000000002
17063 3.5 1.7063000000000001
17064 3.5 1.7064000000000001
17065 3.5 1.7065000000000001
17066 3.5 1.7066000000000001
17067 3.5 1.7067
17068 3.5 1.7068
17069 3.5 1.7069
17070 3.5 1.707
17071 3.5 1.7071
17072 3.5 1.7072
17073 3.5 1.7073
17074 3.5 1.7074
17075 3.5 1.7075
17076 3.5 1.7076
17077 3.5 1.7077
17078 3.5 1.7078
17079 3.5 1.7079
17080 3.5 1.7080000000000002
17081 3.5 1.7081000000000002
17082 3.5 1.7082000000000002
17083 3.5 1.7083000000000002
17084 3.5 1.7084000000000001
17085 3.5 1.7085000000000001
17086 3.5 1.7086000000000001
17087 3.5 1.7087
17088 3.5 1.7088
17089 3.5 1.7089
17090 3.5 1.709
17091 3.5 1.7091
17092 3.5 1.7092
17093 3.5 1.7093
17094 3.5 1.7094
17095 3.5 1.7095
17096 3.5 1.7096
17097 3.5 1.7097
17098 3.5 1.7098
17099 3.5 1.7099
17100 3.5 1.7100000000000002
17101 3.5 1.7101000000000002
17102 3.5 1.7102000000000002
17103 3.5 1.7103000000000002
17104 3.5 1.7104000000000001
17105 3.5 1.7105000000000001
17106 3.5 1.7106000000000001
17107 3.5 1.7107
17108 3.5 1.7108
17109 3.5 1.7109
17110 3.5 1.711
17111 3.5 1.7111
17112 3.5 1.7112
17113 3.5 1.7113
17114 3.5 1.7114
17115 3.5 1.7115
17116 3.5 1.7116
17117 3.5 1.7117
17118 3.5 1.7118
17119 3.5 1.7119
17120 3.5 1.7120000000000002
17121 3.5 1.7121000000000002
17122 3.5 1.7122000000000002
17123 3.5 1.7123000000000002
17124 3.5 1.7124000000000001
17125 3.5 1.7125000000000001
17126 3.5 1.7126000000000001
17127 3.5 1.7127000000000001
17128 3.5 1.7128
17129 3.5 1.7129
17130 3.5 1.713
17131 3.5 1.7131
17132 3.5 1.7132
17133 3.5 1.7133
17134 3.5 1.7134
17135 3.5 1.7135
17136 3.5 1.7136
17137 3.5 1.7137
17138 3.5 1.7138
17139 3.5 1.7139
17140 3.5 1.7140000000000002
17141 3.5 1.7141000000000002
17142 3.5 1.7142000000000002
17143 3.5 1.7143000000000002
17144 3.5 1.7144000000000001
17145 3.5 1.7145000000000001
17146 3.5 1.7146000000000001
17147 3.5 1.7147000000000001
17148 3.5 1.7148
17149 3.5 1.7149
17150 3.5 1.715
17151 3.5 1.7151
17152 3.5 1.7152
17153 3.5 1.7153
17154 3.5 1.7154
17155 3.5 1.7155
17156 3.5 1.7156
17157 3.5 1.7157
17158 3.5 1.7158
17159 3.5 1.7159
17160 3.5 1.7160000000000002
17161 3.5 1.7161000000000002
17162 3.5 1.7162000000000002
17163 3.5 1.7163000000000002
17164 3.5 1.7164000000000001
17165 3.5 1.7165000000000001
17166 3.5 1.7166000000000001
17167 3.5 1.7167000000000001
17168 3.5 1.7168
17169 3.5 1.7169
17170 3.5 1.717
17171 3.5 1.7171
17172 3.5 1.7172
17173 3.5 1.7173
17174 3.5 1.7174
17175 3.5 1.7175
17176 3.5 1.7176
17177 3.5 1.7177
17178 3.5 1.7178
17179 3.5 1.7179
17180 3.5 1.718
17181 3.5 1.7181000000000002
17182 3.5 1.7182000000000002
17183 3.5 1.7183000000000002
17184 3.5 1.7184000000000001
17185 3.5 1.7185000000000001
17186 3.5 1.7186000000000001
17187 3.5 1.7187000000000001
17188 3.5 1.7188
17189 3.5 1.7189
17190 3.5 1.719
17191 3.5 1.7191
17192 3.5 1.7192
17193 3.5 1.7193
17194 3.5 1.7194
17195 3.5 1.7195
17196 3.5 1.7196
17197 3.5 1.7197
17198 3.5 1.7198
17199 3.5 1.7199
17200 3.5 1.72
17201 3.5 1.7201000000000002
17202 3.5 1.7202000000000002
17203 3.5 1.7203000000000002
17204 3.5 1.7204000000000002
17205 3.5 1.7205000000000001
17206 3.5 1.7206000000000001
17207 3.5 1.7207000000000001
17208 3.5 1.7208
17209 3.5 1.7209
17210 3.5 1.721
17211 3.5 1.7211
17212 3.5 1.7212
17213 3.5 1.7213
17214 3.5 1.7214
17215 3.5 1.7215
17216 3.5 1.7216
17217 3.5 1.7217
17218 3.5 1.7218
17219 3.5 1.7219
17220 3.5 1.722
17221 3.5 1.7221000000000002
17222 3.5 1.7222000000000002
17223 3.5 1.7223000000000002
17224 3.5 1.7224000000000002
17225 3.5 1.7225000000000001
17226 3.5 1.7226000000000001
17227 3.5 1.7227000000000001
17228 3.5 1.7228
17229 3.5 1.7229
17230 3.5 1.723
17231 3.5 1.7231
17232 3.5 1.7232
17233 3.5 1.7233
17234 3.5 1.7234
17235 3.5 1.7235
17236 3.5 1.7236
17237 3.5 1.7237
17238 3.5 1.7238
17239 3.5 1.7239
17240 3.5 1.724
17241 3.5 1.7241000000000002
17242 3.5 1.7242000000000002
17243 3.5 1.7243000000000002
17244 3.5 1.7244000000000002
17245 3.5 1.7245000000000001
17246 3.5 1.7246000000000001
17247 3.5 1.7247000000000001
17248 3.5 1.7248
17249 3.5 1.7249
17250 3.5 1.725
17251 3.5 1.7251
17252 3.5 1.7252
17253 3.5 1.7253
17254 3.5 1.7254
17255 3.5 1.7255
17256 3.5 1.7256
17257 3.5 1.7257
17258 3.5 1.7258
17259 3.5 1.7259
17260 3.5 1.726
17261 3.5 1.7261000000000002
17262 3.5 1.7262000000000002
17263 3.5 1.7263000000000002
17264 3.5 1.7264000000000002
17265 3.5 1.7265000000000001
17266 3.5 1.7266000000000001
17267 3.5 1.7267000000000001
17268 3.5 1.7268000000000001
17269 3.5 1.7269
17270 3.5 1.727
17271 3.5 1.7271
17272 3.5 1.7272
17273 3.5 1.7273
17274 3.5 1.7274
17275 3.5 1.7275
17276 3.5 1.7276
17277 3.5 1.7277
17278 3.5 1.7278
17279 3.5 1.7279
17280 3.5 1.728
17281 3.5 1.7281000000000002
17282 3.5 1.7282000000000002
17283 3.5 1.7283000000000002
17284 3.5 1.7284000000000002
17285 3.5 1.7285000000000001
17286 3.5 1.7286000000000001
17287 3.5 1.7287000000000001
17288 3.5 1.7288000000000001
17289 3.5 1.7289
17290 3.5 1.729
17291 3.5 1.7291
17292 3.5 1.7292
17293 3.5 1.7293
17294 3.5 1.7294
17295 3.5 1.7295
17296 3.5 1.7296
17297 3.5 1.7297
17298 3.5 1.7298
17299 3.5 1.7299
17300 3.5 1.73
17301 3.5 1.7301000000000002
17302 3.5 1.7302000000000002
17303 3.5 1.7303000000000002
17304 3.5 1.7304000000000002
17305 3.5 1.7305000000000001
17306 3.5 1.7306000000000001
17307 3.5 1.7307000000000001
17308 3.5 1.7308000000000001
17309 3.5 1.7309
17310 3.5 1.731
17311 3.5 1.7311
17312 3.5 1.7312
17313 3.5 1.7313
17314 3.5 1.7314
17315 3.5 1.7315
17316 3.5 1.7316
17317 3.5 1.7317
17318 3.5 1.7318
17319 3.5 1.7319
17320 3.5 1.732
17321 3.5 1.7321
17322 3.5 1.7322000000000002
17323 3.5 1.7323000000000002
17324 3.5 1.7324000000000002
17325 3.5 1.7325000000000002
17326 3.5 1.7326000000000001
17327 3.5 1.7327000000000001
17328 3.5 1.7328000000000001
17329 3.5 1.7329
17330 3.5 1.733
17331 3.5 1.7331
17332 3.5 1.7332
17333 3.5 1.7333
17334 3.5 1.7334
17335 3.5 1.7335
17336 3.5 1.7336
17337 3.5 1.7337
17338 3.5 1.7338
17339 3.5 1.7339
17340 3.5 1.734
17341 3.5 1.7341
17342 3.5 1.7342000000000002
17343 3.5 1.7343000000000002
17344 3.5 1.7344000000000002
17345 3.5 1.7345000000000002
17346 3.5 1.7346000000000001
17347 3.5 1.7347000000000001
17348 3.5 1.7348000000000001
17349 3.5 1.7349
17350 3.5 1.735
17351 3.5 1.7351
17352 3.5 1.7352
17353 3.5 1.7353
17354 3.5 1.7354
17355 3.5 1.7355
17356 3.5 1.7356
17357 3.5 1.7357
17358 3.5 1.7358
17359 3.5 1.7359
17360 3.5 1.736
17361 3.5 1.7361
17362 3.5 1.7362000000000002
17363 3.5 1.7363000000000002
17364 3.5 1.7364000000000002
17365 3.5 1.7365000000000002
17366 3.5 1.7366000000000001
17367 3.5 1.7367000000000001
17368 3.5 1.7368000000000001
17369 3.5 1.7369
17370 3.5 1.737
17371 3.5 1.7371
17372 3.5 1.7372
17373 3.5 1.7373
17374 3.5 1.7374
17375 3.5 1.7375
17376 3.5 1.7376
17377 3.5 1.7377
17378 3.5 1.7378
17379 3.5 1.7379
17380 3.5 1.738
17381 3.5 1.7381
17382 3.5 1.7382000000000002
17383 3.5 1.7383000000000002
17384 3.5 1.7384000000000002
17385 3.5 1.7385000000000002
17386 3.5 1.7386000000000001
17387 3.5 1.7387000000000001
17388 3.5 1.7388000000000001
17389 3.5 1.7389000000000001
17390 3.5 1.739
17391 3.5 1.7391
17392 3.5 1.7392
17393 3.5 1.7393
17394 3.5 1.7394
17395 3.5 1.7395
17396 3.5 1.7396
17397 3.5 1.7397
17398 3.5 1.7398
17399 3.5 1.7399
17400 3.5 1.74
17401 3.5 1.7401
17402 3.5 1.7402000000000002
17403 3.5 1.7403000000000002
17404 3.5 1.7404000000000002
17405 3.5 1.7405000000000002
17406 3.5 1.7406000000000001
17407 3.5 1.7407000000000001
17408 3.5 1.7408000000000001
17409 3.5 1.7409000000000001
17410 3.5 1.741
17411 3.5 1.7411
17412 3.5 1.7412
17413 3.5 1.7413
17414 3.5 1.7414
17415 3.5 1.7415
17416 3.5 1.7416
17417 3.5 1.7417
17418 3.5 1.7418
17419 3.5 1.7419
17420 3.5 1.742
17421 3.5 1.7421
17422 3.5 1.7422000000000002
17423 3.5 1.7423000000000002
17424 3.5 1.7424000000000002
17425 3.5 1.7425000000000002
17426 3.5 1.7426000000000001
17427 3.5 1.7427000000000001
17428 3.5 1.7428000000000001
17429 3.5 1.7429000000000001
17430 3.5 1.743
17431 3.5 1.7431
17432 3.5 1.7432
17433 3.5 1.7433
17434 3.5 1.7434
17435 3.5 1.7435
17436 3.5 1.7436
17437 3.5 1.7437
17438 3.5 1.7438
17439 3.5 1.7439
17440 3.5 1.744
17441 3.5 1.7441
17442 3.5 1.7442
17443 3.5 1.7443000000000002
17444 3.5 1.7444000000000002
17445 3.5 1.7445000000000002
17446 3.5 1.7446000000000002
17447 3.5 1.7447000000000001
17448 3.5 1.7448000000000001
17449 3.5 1.7449000000000001
17450 3.5 1.745
17451 3.5 1.7451
17452 3.5 1.7452
17453 3.5 1.7453
17454 3.5 1.7454
17455 3.5 1.7455
17456 3.5 1.7456
17457 3.5 1.7457
17458 3.5 1.7458
17459 3.5 1.7459
17460 3.5 1.746
17461 3.5 1.7461
17462 3.5 1.7462
17463 3.5 1.7463000000000002
17464 3.5 1.7464000000000002
17465 3.5 1.7465000000000002
17466 3.5 1.7466000000000002
17467 3.5 1.7467000000000001
17468 3.5 1.7468000000000001
17469 3.5 1.7469000000000001
17470 3.5 1.747
17471 3.5 1.7471
17472 3.5 1.7472
17473 3.5 1.7473
17474 3.5 1.7474
17475 3.5 1.7475
17476 3.5 1.7476
17477 3.5 1.7477
17478 3.5 1.7478
17479 3.5 1.7479
17480 3.5 1.748
17481 3.5 1.7481
17482 3.5 1.7482
17483 3.5 1.7483000000000002
17484 3.5 1.7484000000000002
17485 3.5 1.7485000000000002
17486 3.5 1.7486000000000002
17487 3.5 1.7487000000000001
17488 3.5 1.7488000000000001
17489 3.5 1.7489000000000001
17490 3.5 1.749
17491 3.5 1.7491
17492 3.5 1.7492
17493 3.5 1.7493
17494 3.5 1.7494
17495 3.5 1.7495
17496 3.5 1.7496
17497 3.5 1.7497
17498 3.5 1.7498
17499 3.5 1.7499
17500 3.5 1.75
17501 3.5 1.7501
17502 3.5 1.7502
17503 3.5 1.7503000000000002
17504 3.5 1.7504000000000002
17505 3.5 1.7505000000000002
17506 3.5 1.7506000000000002
17507 3.5 1.7507000000000001
17508 3.5 1.7508000000000001
17509 3.5 1.7509000000000001
17510 3.5 1.7510000000000001
17511 3.5 1.7511
17512 3.5 1.7512
17513 3.5 1.7513
17514 3.5 1.7514
17515 3.5 1.7515
17516 3.5 1.7516
17517 3.5 1.7517
17518 3.5 1.7518
17519 3.5 1.7519
17520 3.5 1.752
17521 3.5 1.7521
17522 3.5 1.7522
17523 3.5 1.7523000000000002
17524 3.5 1.7524000000000002
17525 3.5 1.7525000000000002
17526 3.5 1.7526000000000002
17527 3.5 1.7527000000000001
17528 3.5 1.7528000000000001
17529 3.5 1.7529000000000001
17530 3.5 1.7530000000000001
17531 3.5 1.7531
17532 3.5 1.7532
17533 3.5 1.7533
17534 3.5 1.7534
17535 3.5 1.7535
17536 3.5 1.7536
17537 3.5 1.7537
17538 3.5 1.7538
17539 3.5 1.7539
17540 3.5 1.754
17541 3.5 1.7541
17542 3.5 1.7542
17543 3.5 1.7543000000000002
17544 3.5 1.7544000000000002
17545 3.5 1.7545000000000002
17546 3.5 1.7546000000000002
17547 3.5 1.7547000000000001
17548 3.5 1.7548000000000001
17549 3.5 1.7549000000000001
17550 3.5 1.7550000000000001
17551 3.5 1.7551
17552 3.5 1.7552
17553 3.5 1.7553
17554 3.5 1.7554
17555 3.5 1.7555
17556 3.5 1.7556
17557 3.5 1.7557
17558 3.5 1.7558
17559 3.5 1.7559
17560 3.5 1.756
17561 3.5 1.7561
17562 3.5 1.7562
17563 3.5 1.7563000000000002
17564 3.5 1.7564000000000002
17565 3.5 1.7565000000000002
17566 3.5 1.7566000000000002
17567 3.5 1.7567000000000002
17568 3.5 1.7568000000000001
17569 3.5 1.7569000000000001
17570 3.5 1.7570000000000001
17571 3.5 1.7571
17572 3.5 1.7572
17573 3.5 1.7573
17574 3.5 1.7574
17575 3.5 1.7575
17576 3.5 1.7576
17577 3.5 1.7577
17578 3.5 1.7578
17579 3.5 1.7579
17580 3.5 1.758
17581 3.5 1.7581
17582 3.5 1.7582
17583 3.5 1.7583
17584 3.5 1.7584000000000002
17585 3.5 1.7585000000000002
17586 3.5 1.7586000000000002
17587 3.5 1.7587000000000002
17588 3.5 1.7588000000000001
17589 3.5 1.7589000000000001
17590 3.5 1.7590000000000001
17591 3.5 1.7591
17592 3.5 1.7592
17593 3.5 1.7593
17594 3.5 1.7594
17595 3.5 1.7595
17596 3.5 1.7596
17597 3.5 1.7597
17598 3.5 1.7598
17599 3.5 1.7599
17600 3.5 1.76
17601 3.5 1.7601
17602 3.5 1.7602
17603 3.5 1.7603
17604 3.5 1.7604000000000002
17605 3.5 1.7605000000000002
17606 3.5 1.7606000000000002
17607 3.5 1.7607000000000002
17608 3.5 1.7608000000000001
17609 3.5 1.7609000000000001
17610 3.5 1.7610000000000001
17611 3.5 1.7611
17612 3.5 1.7612
17613 3.5 1.7613
17614 3.5 1.7614
17615 3.5 1.7615
17616 3.5 1.7616
17617 3.5 1.7617
17618 3.5 1.7618
17619 3.5 1.7619
17620 3.5 1.762
17621 3.5 1.7621
17622 3.5 1.7622
17623 3.5 1.7623
17624 3.5 1.7624000000000002
17625 3.5 1.7625000000000002
17626 3.5 1.7626000000000002
17627 3.5 1.7627000000000002
17628 3.5 1.7628000000000001
17629 3.5 1.7629000000000001
17630 3.5 1.7630000000000001
17631 3.5 1.7631000000000001
17632 3.5 1.7632
17633 3.5 1.7633
17634 3.5 1.7634
17635 3.5 1.7635
17636 3.5 1.7636
17637 3.5 1.7637
17638 3.5 1.7638
17639 3.5 1.7639
17640 3.5 1.764
17641 3.5 1.7641
17642 3.5 1.7642
17643 3.5 1.7643
17644 3.5 1.7644000000000002
17645 3.5 1.7645000000000002
17646 3.5 1.7646000000000002
17647 3.5 1.7647000000000002
17648 3.5 1.7648000000000001
17649 3.5 1.7649000000000001
17650 3.5 1.7650000000000001
17651 3.5 1.7651000000000001
17652 3.5 1.7652
17653 3.5 1.7653
17654 3.5 1.7654
17655 3.5 1.7655
17656 3.5 1.7656
17657 3.5 1.7657
17658 3.5 1.7658
17659 3.5 1.7659
17660 3.5 1.766
17661 3.5 1.7661
17662 3.5 1.7662
17663 3.5 1.7663
17664 3.5 1.7664000000000002
17665 3.5 1.7665000000000002
17666 3.5 1.7666000000000002
17667 3.5 1.7667000000000002
17668 3.5 1.7668000000000001
17669 3.5 1.7669000000000001
17670 3.5 1.7670000000000001
17671 3.5 1.7671000000000001
17672 3.5 1.7672
17673 3.5 1.7673
17674 3.5 1.7674
17675 3.5 1.7675
17676 3.5 1.7676
17677 3.5 1.7677
17678 3.5 1.7678
17679 3.5 1.7679
17680 3.5 1.768
17681 3.5 1.7681
17682 3.5 1.7682
17683 3.5 1.7683
17684 3.5 1.7684000000000002
17685 3.5 1.7685000000000002
17686 3.5 1.7686000000000002
17687 3.5 1.7687000000000002
17688 3.5 1.7688000000000001
17689 3.5 1.7689000000000001
17690 3.5 1.7690000000000001
17691 3.5 1.7691000000000001
17692 3.5 1.7692
17693 3.5 1.7693
17694 3.5 1.7694
17695 3.5 1.7695
17696 3.5 1.7696
17697 3.5 1.7697
17698 3.5 1.7698
17699 3.5 1.7699
17700 3.5 1.77
17701 3.5 1.7701
17702 3.5 1.7702
17703 3.5 1.7703
17704 3.5 1.7704000000000002
17705 3.5 1.7705000000000002
17706 3.5 1.7706000000000002
17707 3.5 1.7707000000000002
17708 3.5 1.7708000000000002
17709 3.5 1.7709000000000001
17710 3.5 1.7710000000000001
17711 3.5 1.7711000000000001
17712 3.5 1.7712
17713 3.5 1.7713
17714 3.5 1.7714
17715 3.5 1.7715
17716 3.5 1.7716
17717 3.5 1.7717
17718 3.5 1.7718
17719 3.5 1.7719
17720 3.5 1.772
17721 3.5 1.7721
17722 3.5 1.7722
17723 3.5 1.7723
17724 3.5 1.7724
17725 3.5 1.7725000000000002
17726 3.5 1.7726000000000002
17727 3.5 1.7727000000000002
17728 3.5 1.7728000000000002
17729 3.5 1.7729000000000001
17730 3.5 1.7730000000000001
17731 3.5 1.7731000000000001
17732 3.5 1.7732
17733 3.5 1.7733
17734 3.5 1.7734
17735 3.5 1.7735
17736 3.5 1.7736
17737 3.5 1.7737
17738 3.5 1.7738
17739 3.5 1.7739
17740 3.5 1.774
17741 3.5 1.7741
17742 3.5 1.7742
17743 3.5 1.7743
17744 3.5 1.7744
17745 3.5 1.7745000000000002
17746 3.5 1.7746000000000002
17747 3.5 1.7747000000000002
17748 3.5 1.7748000000000002
17749 3.5 1.7749000000000001
17750 3.5 1.7750000000000001
17751 3.5 1.7751000000000001
17752 3.5 1.7752000000000001
17753 3.5 1.7753
17754 3.5 1.7754
17755 3.5 1.7755
17756 3.5 1.7756
17757 3.5 1.7757
17758 3.5 1.7758
17759 3.5 1.7759
17760 3.5 1.776
17761 3.5 1.7761
17762 3.5 1.7762
17763 3.5 1.7763
17764 3.5 1.7764
17765 3.5 1.7765000000000002
17766 3.5 1.7766000000000002
17767 3.5 1.7767000000000002
17768 3.5 1.7768000000000002
17769 3.5 1.7769000000000001
17770 3.5 1.7770000000000001
17771 3.5 1.7771000000000001
17772 3.5 1.7772000000000001
17773 3.5 1.7773
17774 3.5 1.7774
17775 3.5 1.7775
17776 3.5 1.7776
17777 3.5 1.7777
17778 3.5 1.7778
17779 3.5 1.7779
17780 3.5 1.778
17781 3.5 1.7781
17782 3.5 1.7782
17783 3.5 1.7783
17784 3.5 1.7784
17785 3.5 1.7785000000000002
17786 3.5 1.7786000000000002
17787 3.5 1.7787000000000002
17788 3.5 1.7788000000000002
17789 3.5 1.7789000000000001
17790 3.5 1.7790000000000001
17791 3.5 1.7791000000000001
17792 3.5 1.7792000000000001
17793 3.5 1.7793
17794 3.5 1.7794
17795 3.5 1.7795
17796 3.5 1.7796
17797 3.5 1.7797
17798 3.5 1.7798
17799 3.5 1.7799
17800 3.5 1.78
17801 3.5 1.7801
17802 3.5 1.7802
17803 3.5 1.7803
17804 3.5 1.7804
17805 3.5 1.7805000000000002
17806 3.5 1.7806000000000002
17807 3.5 1.7807000000000002
17808 3.5 1.7808000000000002
17809 3.5 1.7809000000000001
17810 3.5 1.7810000000000001
17811 3.5 1.7811000000000001
17812 3.5 1.7812000000000001
17813 3.5 1.7813
17814 3.5 1.7814
17815 3.5 1.7815
17816 3.5 1.7816
17817 3.5 1.7817
17818 3.5 1.7818
17819 3.5 1.7819
17820 3.5 1.782
17821 3.5 1.7821
17822 3.5 1.7822
17823 3.5 1.7823
17824 3.5 1.7824
17825 3.5 1.7825000000000002
17826 3.5 1.7826000000000002
17827 3.5 1.7827000000000002
17828 3.5 1.7828000000000002
17829 3.5 1.7829000000000002
17830 3.5 1.7830000000000001
17831 3.5 1.7831000000000001
17832 3.5 1.7832000000000001
17833 3.5 1.7833
17834 3.5 1.7834
17835 3.5 1.7835
17836 3.5 1.7836
17837 3.5 1.7837
17838 3.5 1.7838
17839 3.5 1.7839
17840 3.5 1.784
17841 3.5 1.7841
17842 3.5 1.7842
17843 3.5 1.7843
17844 3.5 1.7844
17845 3.5 1.7845
17846 3.5 1.7846000000000002
17847 3.5 1.7847000000000002
17848 3.5 1.7848000000000002
17849 3.5 1.7849000000000002
17850 3.5 1.7850000000000001
17851 3.5 1.7851000000000001
17852 3.5 1.7852000000000001
17853 3.5 1.7853
17854 3.5 1.7854
17855 3.5 1.7855
17856 3.5 1.7856
17857 3.5 1.7857
17858 3.5 1.7858
17859 3.5 1.7859
17860 3.5 1.786
17861 3.5 1.7861
17862 3.5 1.7862
17863 3.5 1.7863
17864 3.5 1.7864
17865 3.5 1.7865
17866 3.5 1.7866000000000002
17867 3.5 1.7867000000000002
17868 3.5 1.7868000000000002
17869 3.5 1.7869000000000002
17870 3.5 1.7870000000000001
17871 3.5 1.7871000000000001
17872 3.5 1.7872000000000001
17873 3.5 1.7873
17874 3.5 1.7874
17875 3.5 1.7875
17876 3.5 1.7876
17877 3.5 1.7877
17878 3.5 1.7878
17879 3.5 1.7879
17880 3.5 1.788
17881 3.5 1.7881
17882 3.5 1.7882
17883 3.5 1.7883
17884 3.5 1.7884
17885 3.5 1.7885
17886 3.5 1.7886000000000002
17887 3.5 1.7887000000000002
17888 3.5 1.7888000000000002
17889 3.5 1.7889000000000002
17890 3.5 1.7890000000000001
17891 3.5 1.7891000000000001
17892 3.5 1.7892000000000001
17893 3.5 1.7893000000000001
17894 3.5 1.7894
17895 3.5 1.7895
17896 3.5 1.7896
17897 3.5 1.7897
17898 3.5 1.7898
17899 3.5 1.7899
17900 3.5 1.79
17901 3.5 1.7901
17902 3.5 1.7902
17903 3.5 1.7903
17904 3.5 1.7904
17905 3.5 1.7905
17906 3.5 1.7906000000000002
17907 3.5 1.7907000000000002
17908 3.5 1.7908000000000002
17909 3.5 1.7909000000000002
17910 3.5 1.7910000000000001
17911 3.5 1.7911000000000001
17912 3.5 1.7912000000000001
17913 3.5 1.7913000000000001
17914 3.5 1.7914
17915 3.5 1.7915
17916 3.5 1.7916
17917 3.5 1.7917
17918 3.5 1.7918
17919 3.5 1.7919
17920 3.5 1.792
17921 3.5 1.7921
17922 3.5 1.7922
17923 3.5 1.7923
17924 3.5 1.7924
17925 3.5 1.7925
17926 3.5 1.7926000000000002
17927 3.5 1.7927000000000002
17928 3.5 1.7928000000000002
17929 3.5 1.7929000000000002
17930 3.5 1.7930000000000001
17931 3.5 1.7931000000000001
17932 3.5 1.7932000000000001
17933 3.5 1.7933000000000001
17934 3.5 1.7934
17935 3.5 1.7935
17936 3.5 1.7936
17937 3.5 1.7937
17938 3.5 1.7938
17939 3.5 1.7939
17940 3.5 1.794
17941 3.5 1.7941
17942 3.5 1.7942
17943 3.5 1.7943
17944 3.5 1.7944
17945 3.5 1.7945
17946 3.5 1.7946000000000002
17947 3.5 1.7947000000000002
17948 3.5 1.7948000000000002
17949 3.5 1.7949000000000002
17950 3.5 1.7950000000000002
17951 3.5 1.7951000000000001
17952 3.5 1.7952000000000001
17953 3.5 1.7953000000000001
17954 3.5 1.7954
17955 3.5 1.7955
17956 3.5 1.7956
17957 3.5 1.7957
17958 3.5 1.7958
17959 3.5 1.7959
17960 3.5 1.796
17961 3.5 1.7961
17962 3.5 1.7962
17963 3.5 1.7963
17964 3.5 1.7964
17965 3.5 1.7965
17966 3.5 1.7966000000000002
17967 3.5 1.7967000000000002
17968 3.5 1.7968000000000002
17969 3.5 1.7969000000000002
17970 3.5 1.7970000000000002
17971 3.5 1.7971000000000001
17972 3.5 1.7972000000000001
17973 3.5 1.7973000000000001
17974 3.5 1.7974
17975 3.5 1.7975
17976 3.5 1.7976
17977 3.5 1.7977
17978 3.5 1.7978
17979 3.5 1.7979
17980 3.5 1.798
17981 3.5 1.7981
17982 3.5 1.7982
17983 3.5 1.7983
17984 3.5 1.7984
17985 3.5 1.7985
17986 3.5 1.7986
17987 3.5 1.7987000000000002
17988 3.5 1.7988000000000002
17989 3.5 1.7989000000000002
17990 3.5 1.7990000000000002
17991 3.5 1.7991000000000001
17992 3.5 1.7992000000000001
17993 3.5 1.7993000000000001
17994 3.5 1.7994
17995 3.5 1.7995
17996 3.5 1.7996
17997 3.5 1.7997
17998 3.5 1.7998
17999 3.5 1.7999
18000 3.5 1.8
18001 3.5 1.8001
18002 3.5 1.8002
18003 3.5 1.8003
18004 3.5 1.8004
18005 3.5 1.8005
18006 3.5 1.8006
18007 3.5 1.8007000000000002
18008 3.5 1.8008000000000002
18009 3.5 1.8009000000000002
18010 3.5 1.8010000000000002
18011 3.5 1.8011000000000001
18012 3.5 1.8012000000000001
18013 3.5 1.8013000000000001
18014 3.5 1.8014000000000001
18015 3.5 1.8015
18016 3.5 1.8016
18017 3.5 1.8017
18018 3.5 1.8018
18019 3.5 1.8019
18020 3.5 1.802
18021 3.5 1.8021
18022 3.5 1.8022
18023 3.5 1.8023
18024 3.5 1.8024
18025 3.5 1.8025
18026 3.5 1.8026
18027 3.5 1.8027000000000002
18028 3.5 1.8028000000000002
18029 3.5 1.8029000000000002
18030 3.5 1.8030000000000002
18031 3.5 1.8031000000000001
18032 3.5 1.8032000000000001
18033 3.5 1.8033000000000001
18034 3.5 1.8034000000000001
18035 3.5 1.8035
18036 3.5 1.8036
18037 3.5 1.8037
18038 3.5 1.8038
18039 3.5 1.8039
18040 3.5 1.804
18041 3.5 1.8041
18042 3.5 1.8042
18043 3.5 1.8043
18044 3.5 1.8044
18045 3.5 1.8045
18046 3.5 1.8046
18047 3.5 1.8047000000000002
18048 3.5 1.8048000000000002
18049 3.5 1.8049000000000002
18050 3.5 1.8050000000000002
18051 3.5 1.8051000000000001
18052 3.5 1.8052000000000001
18053 3.5 1.8053000000000001
18054 3.5 1.8054000000000001
18055 3.5 1.8055
18056 3.5 1.8056
18057 3.5 1.8057
18058 3.5 1.8058
18059 3.5 1.8059
18060 3.5 1.806
18061 3.5 1.8061
18062 3.5 1.8062
18063 3.5 1.8063
18064 3.5 1.8064
18065 3.5 1.8065
18066 3.5 1.8066
18067 3.5 1.8067000000000002
18068 3.5 1.8068000000000002
18069 3.5 1.8069000000000002
18070 3.5 1.8070000000000002
18071 3.5 1.8071000000000002
18072 3.5 1.8072000000000001
18073 3.5 1.8073000000000001
18074 3.5 1.8074000000000001
18075 3.5 1.8075
18076 3.5 1.8076
18077 3.5 1.8077
18078 3.5 1.8078
18079 3.5 1.8079
18080 3.5 1.808
18081 3.5 1.8081
18082 3.5 1.8082
18083 3.5 1.8083
18084 3.5 1.8084
18085 3.5 1.8085
18086 3.5 1.8086
18087 3.5 1.8087000000000002
18088 3.5 1.8088000000000002
18089 3.5 1.8089000000000002
18090 3.5 1.8090000000000002
18091 3.5 1.8091000000000002
18092 3.5 1.8092000000000001
18093 3.5 1.8093000000000001
18094 3.5 1.8094000000000001
18095 3.5 1.8095
18096 3.5 1.8096
18097 3.5 1.8097
18098 3.5 1.8098
18099 3.5 1.8099
18100 3.5 1.81
18101 3.5 1.8101
18102 3.5 1.8102
18103 3.5 1.8103
18104 3.5 1.8104
18105 3.5 1.8105
18106 3.5 1.8106
18107 3.5 1.8107
18108 3.5 1.8108000000000002
18109 3.5 1.8109000000000002
18110 3.5 1.8110000000000002
18111 3.5 1.8111000000000002
18112 3.5 1.8112000000000001
18113 3.5 1.8113000000000001
18114 3.5 1.8114000000000001
18115 3.5 1.8115
18116 3.5 1.8116
18117 3.5 1.8117
18118 3.5 1.8118
18119 3.5 1.8119
18120 3.5 1.812
18121 3.5 1.8121
18122 3.5 1.8122
18123 3.5 1.8123
18124 3.5 1.8124
18125 3.5 1.8125
18126 3.5 1.8126
18127 3.5 1.8127
18128 3.5 1.8128000000000002
18129 3.5 1.8129000000000002
18130 3.5 1.8130000000000002
18131 3.5 1.8131000000000002
18132 3.5 1.8132000000000001
18133 3.5 1.8133000000000001
18134 3.5 1.8134000000000001
18135 3.5 1.8135000000000001
18136 3.5 1.8136
18137 3.5 1.8137
18138 3.5 1.8138
18139 3.5 1.8139
18140 3.5 1.814
18141 3.5 1.8141
18142 3.5 1.8142
18143 3.5 1.8143
18144 3.5 1.8144
18145 3.5 1.8145
18146 3.5 1.8146
18147 3.5 1.8147
18148 3.5 1.8148000000000002
18149 3.5 1.8149000000000002
18150 3.5 1.8150000000000002
18151 3.5 1.8151000000000002
18152 3.5 1.8152000000000001
18153 3.5 1.8153000000000001
18154 3.5 1.8154000000000001
18155 3.5 1.8155000000000001
18156 3.5 1.8156
18157 3.5 1.8157
18158 3.5 1.8158
18159 3.5 1.8159
18160 3.5 1.816
18161 3.5 1.8161
18162 3.5 1.8162
18163 3.5 1.8163
18164 3.5 1.8164
18165 3.5 1.8165
18166 3.5 1.8166
18167 3.5 1.8167
18168 3.5 1.8168000000000002
18169 3.5 1.8169000000000002
18170 3.5 1.8170000000000002
18171 3.5 1.8171000000000002
18172 3.5 1.8172000000000001
18173 3.5 1.8173000000000001
18174 3.5 1.8174000000000001
18175 3.5 1.8175000000000001
18176 3.5 1.8176
18177 3.5 1.8177
18178 3.5 1.8178
18179 3.5 1.8179
18180 3.5 1.818
18181 3.5 1.8181
18182 3.5 1.8182
18183 3.5 1.8183
18184 3.5 1.8184
18185 3.5 1.8185
18186 3.5 1.8186
18187 3.5 1.8187
18188 3.5 1.8188000000000002
18189 3.5 1.8189000000000002
18190 3.5 1.8190000000000002
18191 3.5 1.8191000000000002
18192 3.5 1.8192000000000002
18193 3.5 1.8193000000000001
18194 3.5 1.8194000000000001
18195 3.5 1.8195000000000001
18196 3.5 1.8196
18197 3.5 1.8197
18198 3.5 1.8198
18199 3.5 1.8199
18200 3.5 1.82
18201 3.5 1.8201
18202 3.5 1.8202
18203 3.5 1.8203
18204 3.5 1.8204
18205 3.5 1.8205
18206 3.5 1.8206
18207 3.5 1.8207
18208 3.5 1.8208000000000002
18209 3.5 1.8209000000000002
18210 3.5 1.8210000000000002
18211 3.5 1.8211000000000002
18212 3.5 1.8212000000000002
18213 3.5 1.8213000000000001
18214 3.5 1.8214000000000001
18215 3.5 1.8215000000000001
18216 3.5 1.8216
18217 3.5 1.8217
18218 3.5 1.8218
18219 3.5 1.8219
18220 3.5 1.822
18221 3.5 1.8221
18222 3.5 1.8222
18223 3.5 1.8223
18224 3.5 1.8224
18225 3.5 1.8225
18226 3.5 1.8226
18227 3.5 1.8227
18228 3.5 1.8228000000000002
18229 3.5 1.8229000000000002
18230 3.5 1.8230000000000002
18231 3.5 1.8231000000000002
18232 3.5 1.8232000000000002
18233 3.5 1.8233000000000001
18234 3.5 1.8234000000000001
18235 3.5 1.8235000000000001
18236 3.5 1.8236
18237 3.5 1.8237
18238 3.5 1.8238
18239 3.5 1.8239
18240 3.5 1.824
18241 3.5 1.8241
18242 3.5 1.8242
18243 3.5 1.8243
18244 3.5 1.8244
18245 3.5 1.8245
18246 3.5 1.8246
18247 3.5 1.8247
18248 3.5 1.8248
18249 3.5 1.8249000000000002
18250 3.5 1.8250000000000002
18251 3.5 1.8251000000000002
18252 3.5 1.8252000000000002
18253 3.5 1.8253000000000001
18254 3.5 1.8254000000000001
18255 3.5 1.8255000000000001
18256 3.5 1.8256000000000001
18257 3.5 1.8257
18258 3.5 1.8258
18259 3.5 1.8259
18260 3.5 1.826
18261 3.5 1.8261
18262 3.5 1.8262
18263 3.5 1.8263
18264 3.5 1.8264
18265 3.5 1.8265
18266 3.5 1.8266
18267 3.5 1.8267
18268 3.5 1.8268
18269 3.5 1.8269000000000002
18270 3.5 1.8270000000000002
18271 3.5 1.8271000000000002
18272 3.5 1.8272000000000002
18273 3.5 1.8273000000000001
18274 3.5 1.8274000000000001
18275 3.5 1.8275000000000001
18276 3.5 1.8276000000000001
18277 3.5 1.8277
18278 3.5 1.8278
18279 3.5 1.8279
18280 3.5 1.828
18281 3.5 1.8281
18282 3.5 1.8282
18283 3.5 1.8283
18284 3.5 1.8284
18285 3.5 1.8285
18286 3.5 1.8286
18287 3.5 1.8287
18288 3.5 1.8288
18289 3.5 1.8289000000000002
18290 3.5 1.8290000000000002
18291 3.5 1.8291000000000002
18292 3.5 1.8292000000000002
18293 3.5 1.8293000000000001
18294 3.5 1.8294000000000001
18295 3.5 1.8295000000000001
18296 3.5 1.8296000000000001
18297 3.5 1.8297
18298 3.5 1.8298
18299 3.5 1.8299
18300 3.5 1.83
18301 3.5 1.8301
18302 3.5 1.8302
18303 3.5 1.8303
18304 3.5 1.8304
18305 3.5 1.8305
18306 3.5 1.8306
18307 3.5 1.8307
18308 3.5 1.8308
18309 3.5 1.8309000000000002
18310 3.5 1.8310000000000002
18311 3.5 1.8311000000000002
18312 3.5 1.8312000000000002
18313 3.5 1.8313000000000001
18314 3.5 1.8314000000000001
18315 3.5 1.8315000000000001
18316 3.5 1.8316000000000001
18317 3.5 1.8317
18318 3.5 1.8318
18319 3.5 1.8319
18320 3.5 1.832
18321 3.5 1.8321
18322 3.5 1.8322
18323 3.5 1.8323
18324 3.5 1.8324
18325 3.5 1.8325
18326 3.5 1.8326
18327 3.5 1.8327
18328 3.5 1.8328
18329 3.5 1.8329000000000002
18330 3.5 1.8330000000000002
18331 3.5 1.8331000000000002
18332 3.5 1.8332000000000002
18333 3.5 1.8333000000000002
18334 3.5 1.8334000000000001
18335 3.5 1.8335000000000001
18336 3.5 1.8336000000000001
18337 3.5 1.8337
18338 3.5 1.8338
18339 3.5 1.8339
18340 3.5 1.834
18341 3.5 1.8341
18342 3.5 1.8342
18343 3.5 1.8343
18344 3.5 1.8344
18345 3.5 1.8345
18346 3.5 1.8346
18347 3.5 1.8347
18348 3.5 1.8348
18349 3.5 1.8349000000000002
18350 3.5 1.8350000000000002
18351 3.5 1.8351000000000002
18352 3.5 1.8352000000000002
18353 3.5 1.8353000000000002
18354 3.5 1.8354000000000001
18355 3.5 1.8355000000000001
18356 3.5 1.8356000000000001
18357 3.5 1.8357
18358 3.5 1.8358
18359 3.5 1.8359
18360 3.5 1.836
18361 3.5 1.8361
18362 3.5 1.8362
18363 3.5 1.8363
18364 3.5 1.8364
18365 3.5 1.8365
18366 3.5 1.8366
18367 3.5 1.8367
18368 3.5 1.8368
18369 3.5 1.8369
18370 3.5 1.8370000000000002
18371 3.5 1.8371000000000002
18372 3.5 1.8372000000000002
18373 3.5 1.8373000000000002
18374 3.5 1.8374000000000001
18375 3.5 1.8375000000000001
18376 3.5 1.8376000000000001
18377 3.5 1.8377000000000001
18378 3.5 1.8378
18379 3.5 1.8379
18380 3.5 1.838
18381 3.5 1.8381
18382 3.5 1.8382
18383 3.5 1.8383
18384 3.5 1.8384
18385 3.5 1.8385
18386 3.5 1.8386
18387 3.5 1.8387
18388 3.5 1.8388
18389 3.5 1.8389
18390 3.5 1.8390000000000002
18391 3.5 1.8391000000000002
18392 3.5 1.8392000000000002
18393 3.5 1.8393000000000002
18394 3.5 1.8394000000000001
18395 3.5 1.8395000000000001
18396 3.5 1.8396000000000001
18397 3.5 1.8397000000000001
18398 3.5 1.8398
18399 3.5 1.8399
18400 3.5 1.84
18401 3.5 1.8401
18402 3.5 1.8402
18403 3.5 1.8403
18404 3.5 1.8404
18405 3.5 1.8405
18406 3.5 1.8406
18407 3.5 1.8407
18408 3.5 1.8408
18409 3.5 1.8409
18410 3.5 1.8410000000000002
18411 3.5 1.8411000000000002
18412 3.5 1.8412000000000002
18413 3.5 1.8413000000000002
18414 3.5 1.8414000000000001
18415 3.5 1.8415000000000001
18416 3.5 1.8416000000000001
18417 3.5 1.8417000000000001
18418 3.5 1.8418
18419 3.5 1.8419
18420 3.5 1.842
18421 3.5 1.8421
18422 3.5 1.8422
18423 3.5 1.8423
18424 3.5 1.8424
18425 3.5 1.8425
18426 3.5 1.8426
18427 3.5 1.8427
18428 3.5 1.8428
18429 3.5 1.8429
18430 3.5 1.8430000000000002
18431 3.5 1.8431000000000002
18432 3.5 1.8432000000000002
18433 3.5 1.8433000000000002
18434 3.5 1.8434000000000001
18435 3.5 1.8435000000000001
18436 3.5 1.8436000000000001
18437 3.5 1.8437000000000001
18438 3.5 1.8438
18439 3.5 1.8439
18440 3.5 1.844
18441 3.5 1.8441
18442 3.5 1.8442
18443 3.5 1.8443
18444 3.5 1.8444
18445 3.5 1.8445
18446 3.5 1.8446
18447 3.5 1.8447
18448 3.5 1.8448
18449 3.5 1.8449
18450 3.5 1.8450000000000002
18451 3.5 1.8451000000000002
18452 3.5 1.8452000000000002
18453 3.5 1.8453000000000002
18454 3.5 1.8454000000000002
18455 3.5 1.8455000000000001
18456 3.5 1.8456000000000001
18457 3.5 1.8457000000000001
18458 3.5 1.8458
18459 3.5 1.8459
18460 3.5 1.846
18461 3.5 1.8461
18462 3.5 1.8462
18463 3.5 1.8463
18464 3.5 1.8464
18465 3.5 1.8465
18466 3.5 1.8466
18467 3.5 1.8467
18468 3.5 1.8468
18469 3.5 1.8469
18470 3.5 1.8470000000000002
18471 3.5 1.8471000000000002
18472 3.5 1.8472000000000002
18473 3.5 1.8473000000000002
18474 3.5 1.8474000000000002
18475 3.5 1.8475000000000001
18476 3.5 1.8476000000000001
18477 3.5 1.8477000000000001
18478 3.5 1.8478
18479 3.5 1.8479
18480 3.5 1.848
18481 3.5 1.8481
18482 3.5 1.8482
18483 3.5 1.8483
18484 3.5 1.8484
18485 3.5 1.8485
18486 3.5 1.8486
18487 3.5 1.8487
18488 3.5 1.8488
18489 3.5 1.8489
18490 3.5 1.8490000000000002
18491 3.5 1.8491000000000002
18492 3.5 1.8492000000000002
18493 3.5 1.8493000000000002
18494 3.5 1.8494000000000002
18495 3.5 1.8495000000000001
18496 3.5 1.8496000000000001
18497 3.5 1.8497000000000001
18498 3.5 1.8498
18499 3.5 1.8499
18500 3.5 1.85
18501 3.5 1.8501
18502 3.5 1.8502
18503 3.5 1.8503
18504 3.5 1.8504
18505 3.5 1.8505
18506 3.5 1.8506
18507 3.5 1.8507
18508 3.5 1.8508
18509 3.5 1.8509
18510 3.5 1.851
18511 3.5 1.8511000000000002
18512 3.5 1.8512000000000002
18513 3.5 1.8513000000000002
18514 3.5 1.8514000000000002
18515 3.5 1.8515000000000001
18516 3.5 1.8516000000000001
18517 3.5 1.8517000000000001
18518 3.5 1.8518000000000001
18519 3.5 1.8519
18520 3.5 1.852
18521 3.5 1.8521
18522 3.5 1.8522
18523 3.5 1.8523
18524 3.5 1.8524
18525 3.5 1.8525
18526 3.5 1.8526
18527 3.5 1.8527
18528 3.5 1.8528
18529 3.5 1.8529
18530 3.5 1.853
18531 3.5 1.8531000000000002
18532 3.5 1.8532000000000002
18533 3.5 1.8533000000000002
18534 3.5 1.8534000000000002
18535 3.5 1.8535000000000001
18536 3.5 1.8536000000000001
18537 3.5 1.8537000000000001
18538 3.5 1.8538000000000001
18539 3.5 1.8539
18540 3.5 1.854
18541 3.5 1.8541
18542 3.5 1.8542
18543 3.5 1.8543
18544 3.5 1.8544
18545 3.5 1.8545
18546 3.5 1.8546
18547 3.5 1.8547
18548 3.5 1.8548
18549 3.5 1.8549
18550 3.5 1.855
18551 3.5 1.8551000000000002
18552 3.5 1.8552000000000002
18553 3.5 1.8553000000000002
18554 3.5 1.8554000000000002
18555 3.5 1.8555000000000001
18556 3.5 1.8556000000000001
18557 3.5 1.8557000000000001
18558 3.5 1.8558000000000001
18559 3.5 1.8559
18560 3.5 1.856
18561 3.5 1.8561
18562 3.5 1.8562
18563 3.5 1.8563
18564 3.5 1.8564
18565 3.5 1.8565
18566 3.5 1.8566
18567 3.5 1.8567
18568 3.5 1.8568
18569 3.5 1.8569
18570 3.5 1.857
18571 3.5 1.8571000000000002
18572 3.5 1.8572000000000002
18573 3.5 1.8573000000000002
18574 3.5 1.8574000000000002
18575 3.5 1.8575000000000002
18576 3.5 1.8576000000000001
18577 3.5 1.8577000000000001
18578 3.5 1.8578000000000001
18579 3.5 1.8579
18580 3.5 1.858
18581 3.5 1.8581
18582 3.5 1.8582
18583 3.5 1.8583
18584 3.5 1.8584
18585 3.5 1.8585
18586 3.5 1.8586
18587 3.5 1.8587
18588 3.5 1.8588
18589 3.5 1.8589
18590 3.5 1.859
18591 3.5 1.8591000000000002
18592 3.5 1.8592000000000002
18593 3.5 1.8593000000000002
18594 3.5 1.8594000000000002
18595 3.5 1.8595000000000002
18596 3.5 1.8596000000000001
18597 3.5 1.8597000000000001
18598 3.5 1.8598000000000001
18599 3.5 1.8599
18600 3.5 1.86
18601 3.5 1.8601
18602 3.5 1.8602
18603 3.5 1.8603
18604 3.5 1.8604
18605 3.5 1.8605
18606 3.5 1.8606
18607 3.5 1.8607
18608 3.5 1.8608
18609 3.5 1.8609
18610 3.5 1.861
18611 3.5 1.8611000000000002
18612 3.5 1.8612000000000002
18613 3.5 1.8613000000000002
18614 3.5 1.8614000000000002
18615 3.5 1.8615000000000002
18616 3.5 1.8616000000000001
18617 3.5 1.8617000000000001
18618 3.5 1.8618000000000001
18619 3.5 1.8619
18620 3.5 1.862
18621 3.5 1.8621
18622 3.5 1.8622
18623 3.5 1.8623
18624 3.5 1.8624
18625 3.5 1.8625
18626 3.5 1.8626
18627 3.5 1.8627
18628 3.5 1.8628
18629 3.5 1.8629
18630 3.5 1.863
18631 3.5 1.8631
18632 3.5 1.8632000000000002
18633 3.5 1.8633000000000002
18634 3.5 1.8634000000000002
18635 3.5 1.8635000000000002
18636 3.5 1.8636000000000001
18637 3.5 1.8637000000000001
18638 3.5 1.8638000000000001
18639 3.5 1.8639000000000001
18640 3.5 1.864
18641 3.5 1.8641
18642 3.5 1.8642
18643 3.5 1.8643
18644 3.5 1.8644
18645 3.5 1.8645
18646 3.5 1.8646
18647 3.5 1.8647
18648 3.5 1.8648
18649 3.5 1.8649
18650 3.5 1.865
18651 3.5 1.8651
18652 3.5 1.8652000000000002
18653 3.5 1.8653000000000002
18654 3.5 1.8654000000000002
18655 3.5 1.8655000000000002
18656 3.5 1.8656000000000001
18657 3.5 1.8657000000000001
18658 3.5 1.8658000000000001
18659 3.5 1.8659000000000001
18660 3.5 1.866
18661 3.5 1.8661
18662 3.5 1.8662
18663 3.5 1.8663
18664 3.5 1.8664
18665 3.5 1.8665
18666 3.5 1.8666
18667 3.5 1.8667
18668 3.5 1.8668
18669 3.5 1.8669
18670 3.5 1.867
18671 3.5 1.8671
18672 3.5 1.8672000000000002
18673 3.5 1.8673000000000002
18674 3.5 1.8674000000000002
18675 3.5 1.8675000000000002
18676 3.5 1.8676000000000001
18677 3.5 1.8677000000000001
18678 3.5 1.8678000000000001
18679 3.5 1.8679000000000001
18680 3.5 1.868
18681 3.5 1.8681
18682 3.5 1.8682
18683 3.5 1.8683
18684 3.5 1.8684
18685 3.5 1.8685
18686 3.5 1.8686
18687 3.5 1.8687
18688 3.5 1.8688
18689 3.5 1.8689
18690 3.5 1.869
18691 3.5 1.8691
18692 3.5 1.8692000000000002
18693 3.5 1.8693000000000002
18694 3.5 1.8694000000000002
18695 3.5 1.8695000000000002
18696 3.5 1.8696000000000002
18697 3.5 1.8697000000000001
18698 3.5 1.8698000000000001
18699 3.5 1.8699000000000001
18700 3.5 1.87
18701 3.5 1.8701
18702 3.5 1.8702
18703 3.5 1.8703
18704 3.5 1.8704
18705 3.5 1.8705
18706 3.5 1.8706
18707 3.5 1.8707
18708 3.5 1.8708
18709 3.5 1.8709
18710 3.5 1.871
18711 3.5 1.8711
18712 3.5 1.8712000000000002
18713 3.5 1.8713000000000002
18714 3.5 1.8714000000000002
18715 3.5 1.8715000000000002
18716 3.5 1.8716000000000002
18717 3.5 1.8717000000000001
18718 3.5 1.8718000000000001
18719 3.5 1.8719000000000001
18720 3.5 1.872
18721 3.5 1.8721
18722 3.5 1.8722
18723 3.5 1.8723
18724 3.5 1.8724
18725 3.5 1.8725
18726 3.5 1.8726
18727 3.5 1.8727
18728 3.5 1.8728
18729 3.5 1.8729
18730 3.5 1.873
18731 3.5 1.8731
18732 3.5 1.8732000000000002
18733 3.5 1.8733000000000002
18734 3.5 1.8734000000000002
18735 3.5 1.8735000000000002
18736 3.5 1.8736000000000002
18737 3.5 1.8737000000000001
18738 3.5 1.8738000000000001
18739 3.5 1.8739000000000001
18740 3.5 1.874
18741 3.5 1.8741
18742 3.5 1.8742
18743 3.5 1.8743
18744 3.5 1.8744
18745 3.5 1.8745
18746 3.5 1.8746
18747 3.5 1.8747
18748 3.5 1.8748
18749 3.5 1.8749
18750 3.5 1.875
18751 3.5 1.8751
18752 3.5 1.8752000000000002
18753 3.5 1.8753000000000002
18754 3.5 1.8754000000000002
18755 3.5 1.8755000000000002
18756 3.5 1.8756000000000002
18757 3.5 1.8757000000000001
18758 3.5 1.8758000000000001
18759 3.5 1.8759000000000001
18760 3.5 1.8760000000000001
18761 3.5 1.8761
18762 3.5 1.8762
18763 3.5 1.8763
18764 3.5 1.8764
18765 3.5 1.8765
18766 3.5 1.8766
18767 3.5 1.8767
18768 3.5 1.8768
18769 3.5 1.8769
18770 3.5 1.877
18771 3.5 1.8771
18772 3.5 1.8772
18773 3.5 1.8773000000000002
18774 3.5 1.8774000000000002
18775 3.5 1.8775000000000002
18776 3.5 1.8776000000000002
18777 3.5 1.8777000000000001
18778 3.5 1.8778000000000001
18779 3.5 1.8779000000000001
18780 3.5 1.8780000000000001
18781 3.5 1.8781
18782 3.5 1.8782
18783 3.5 1.8783
18784 3.5 1.8784
18785 3.5 1.8785
18786 3.5 1.8786
18787 3.5 1.8787
18788 3.5 1.8788
18789 3.5 1.8789
18790 3.5 1.879
18791 3.5 1.8791
18792 3.5 1.8792
18793 3.5 1.8793000000000002
18794 3.5 1.8794000000000002
18795 3.5 1.8795000000000002
18796 3.5 1.8796000000000002
18797 3.5 1.8797000000000001
18798 3.5 1.8798000000000001
18799 3.5 1.8799000000000001
18800 3.5 1.8800000000000001
18801 3.5 1.8801
18802 3.5 1.8802
18803 3.5 1.8803
18804 3.5 1.8804
18805 3.5 1.8805
18806 3.5 1.8806
18807 3.5 1.8807
18808 3.5 1.8808
18809 3.5 1.8809
18810 3.5 1.881
18811 3.5 1.8811
18812 3.5 1.8812
18813 3.5 1.8813000000000002
18814 3.5 1.8814000000000002
18815 3.5 1.8815000000000002
18816 3.5 1.8816000000000002
18817 3.5 1.8817000000000002
18818 3.5 1.8818000000000001
18819 3.5 1.8819000000000001
18820 3.5 1.8820000000000001
18821 3.5 1.8821
18822 3.5 1.8822
18823 3.5 1.8823
18824 3.5 1.8824
18825 3.5 1.8825
18826 3.5 1.8826
18827 3.5 1.8827
18828 3.5 1.8828
18829 3.5 1.8829
18830 3.5 1.883
18831 3.5 1.8831
18832 3.5 1.8832
18833 3.5 1.8833000000000002
18834 3.5 1.8834000000000002
18835 3.5 1.8835000000000002
18836 3.5 1.8836000000000002
18837 3.5 1.8837000000000002
18838 3.5 1.8838000000000001
18839 3.5 1.8839000000000001
18840 3.5 1.8840000000000001
18841 3.5 1.8841
18842 3.5 1.8842
18843 3.5 1.8843
18844 3.5 1.8844
18845 3.5 1.8845
18846 3.5 1.8846
18847 3.5 1.8847
18848 3.5 1.8848
18849 3.5 1.8849
18850 3.5 1.885
18851 3.5 1.8851
18852 3.5 1.8852
18853 3.5 1.8853000000000002
18854 3.5 1.8854000000000002
18855 3.5 1.8855000000000002
18856 3.5 1.8856000000000002
18857 3.5 1.8857000000000002
18858 3.5 1.8858000000000001
18859 3.5 1.8859000000000001
18860 3.5 1.8860000000000001
18861 3.5 1.8861
18862 3.5 1.8862
18863 3.5 1.8863
18864 3.5 1.8864
18865 3.5 1.8865
18866 3.5 1.8866
18867 3.5 1.8867
18868 3.5 1.8868
18869 3.5 1.8869
18870 3.5 1.887
18871 3.5 1.8871
18872 3.5 1.8872
18873 3.5 1.8873000000000002
18874 3.5 1.8874000000000002
18875 3.5 1.8875000000000002
18876 3.5 1.8876000000000002
18877 3.5 1.8877000000000002
18878 3.5 1.8878000000000001
18879 3.5 1.8879000000000001
18880 3.5 1.8880000000000001
18881 3.5 1.8881000000000001
18882 3.5 1.8882
18883 3.5 1.8883
18884 3.5 1.8884
18885 3.5 1.8885
18886 3.5 1.8886
18887 3.5 1.8887
18888 3.5 1.8888
18889 3.5 1.8889
18890 3.5 1.889
18891 3.5 1.8891
18892 3.5 1.8892
18893 3.5 1.8893000000000002
18894 3.5 1.8894000000000002
18895 3.5 1.8895000000000002
18896 3.5 1.8896000000000002
18897 3.5 1.8897000000000002
18898 3.5 1.8898000000000001
18899 3.5 1.8899000000000001
18900 3.5 1.8900000000000001
18901 3.5 1.8901000000000001
18902 3.5 1.8902
18903 3.5 1.8903
18904 3.5 1.8904
18905 3.5 1.8905
18906 3.5 1.8906
18907 3.5 1.8907
18908 3.5 1.8908
18909 3.5 1.8909
18910 3.5 1.891
18911 3.5 1.8911
18912 3.5 1.8912
18913 3.5 1.8913
18914 3.5 1.8914000000000002
18915 3.5 1.8915000000000002
18916 3.5 1.8916000000000002
18917 3.5 1.8917000000000002
18918 3.5 1.8918000000000001
18919 3.5 1.8919000000000001
18920 3.5 1.8920000000000001
18921 3.5 1.8921000000000001
18922 3.5 1.8922
18923 3.5 1.8923
18924 3.5 1.8924
18925 3.5 1.8925
18926 3.5 1.8926
18927 3.5 1.8927
18928 3.5 1.8928
18929 3.5 1.8929
18930 3.5 1.893
18931 3.5 1.8931
18932 3.5 1.8932
18933 3.5 1.8933
18934 3.5 1.8934000000000002
18935 3.5 1.8935000000000002
18936 3.5 1.8936000000000002
18937 3.5 1.8937000000000002
18938 3.5 1.8938000000000001
18939 3.5 1.8939000000000001
18940 3.5 1.8940000000000001
18941 3.5 1.8941000000000001
18942 3.5 1.8942
18943 3.5 1.8943
18944 3.5 1.8944
18945 3.5 1.8945
18946 3.5 1.8946
18947 3.5 1.8947
18948 3.5 1.8948
18949 3.5 1.8949
18950 3.5 1.895
18951 3.5 1.8951
18952 3.5 1.8952
18953 3.5 1.8953
18954 3.5 1.8954000000000002
18955 3.5 1.8955000000000002
18956 3.5 1.8956000000000002
18957 3.5 1.8957000000000002
18958 3.5 1.8958000000000002
18959 3.5 1.8959000000000001
18960 3.5 1.8960000000000001
18961 3.5 1.8961000000000001
18962 3.5 1.8962
18963 3.5 1.8963
18964 3.5 1.8964
18965 3.5 1.8965
18966 3.5 1.8966
18967 3.5 1.8967
18968 3.5 1.8968
18969 3.5 1.8969
18970 3.5 1.897
18971 3.5 1.8971
18972 3.5 1.8972
18973 3.5 1.8973
18974 3.5 1.8974000000000002
18975 3.5 1.8975000000000002
18976 3.5 1.8976000000000002
18977 3.5 1.8977000000000002
18978 3.5 1.8978000000000002
18979 3.5 1.8979000000000001
18980 3.5 1.8980000000000001
18981 3.5 1.8981000000000001
18982 3.5 1.8982
18983 3.5 1.8983
18984 3.5 1.8984
18985 3.5 1.8985
18986 3.5 1.8986
18987 3.5 1.8987
18988 3.5 1.8988
18989 3.5 1.8989
18990 3.5 1.899
18991 3.5 1.8991
18992 3.5 1.8992
18993 3.5 1.8993
18994 3.5 1.8994000000000002
18995 3.5 1.8995000000000002
18996 3.5 1.8996000000000002
18997 3.5 1.8997000000000002
18998 3.5 1.8998000000000002
18999 3.5 1.8999000000000001
19000 3.5 1.9000000000000001
19001 3.5 1.9001000000000001
19002 3.5 1.9002000000000001
19003 3.5 1.9003
19004 3.5 1.9004
19005 3.5 1.9005
19006 3.5 1.9006
19007 3.5 1.9007
19008 3.5 1.9008
19009 3.5 1.9009
19010 3.5 1.901
19011 3.5 1.9011
19012 3.5 1.9012
19013 3.5 1.9013
19014 3.5 1.9014000000000002
19015 3.5 1.9015000000000002
19016 3.5 1.9016000000000002
19017 3.5 1.9017000000000002
19018 3.5 1.9018000000000002
19019 3.5 1.9019000000000001
19020 3.5 1.9020000000000001
19021 3.5 1.9021000000000001
19022 3.5 1.9022000000000001
19023 3.5 1.9023
19024 3.5 1.9024
19025 3.5 1.9025
19026 3.5 1.9026
19027 3.5 1.9027
19028 3.5 1.9028
19029 3.5 1.9029
19030 3.5 1.903
19031 3.5 1.9031
19032 3.5 1.9032
19033 3.5 1.9033
19034 3.5 1.9034
19035 3.5 1.9035000000000002
19036 3.5 1.9036000000000002
19037 3.5 1.9037000000000002
19038 3.5 1.9038000000000002
19039 3.5 1.9039000000000001
19040 3.5 1.9040000000000001
19041 3.5 1.9041000000000001
19042 3.5 1.9042000000000001
19043 3.5 1.9043
19044 3.5 1.9044
19045 3.5 1.9045
19046 3.5 1.9046
19047 3.5 1.9047
19048 3.5 1.9048
19049 3.5 1.9049
19050 3.5 1.905
19051 3.5 1.9051
19052 3.5 1.9052
19053 3.5 1.9053
19054 3.5 1.9054
19055 3.5 1.9055000000000002
19056 3.5 1.9056000000000002
19057 3.5 1.9057000000000002
19058 3.5 1.9058000000000002
19059 3.5 1.9059000000000001
19060 3.5 1.9060000000000001
19061 3.5 1.9061000000000001
19062 3.5 1.9062000000000001
19063 3.5 1.9063
19064 3.5 1.9064
19065 3.5 1.9065
19066 3.5 1.9066
19067 3.5 1.9067
19068 3.5 1.9068
19069 3.5 1.9069
19070 3.5 1.907
19071 3.5 1.9071
19072 3.5 1.9072
19073 3.5 1.9073
19074 3.5 1.9074
19075 3.5 1.9075000000000002
19076 3.5 1.9076000000000002
19077 3.5 1.9077000000000002
19078 3.5 1.9078000000000002
19079 3.5 1.9079000000000002
19080 3.5 1.9080000000000001
19081 3.5 1.9081000000000001
19082 3.5 1.9082000000000001
19083 3.5 1.9083
19084 3.5 1.9084
19085 3.5 1.9085
19086 3.5 1.9086
19087 3.5 1.9087
19088 3.5 1.9088
19089 3.5 1.9089
19090 3.5 1.909
19091 3.5 1.9091
19092 3.5 1.9092
19093 3.5 1.9093
19094 3.5 1.9094
19095 3.5 1.9095000000000002
19096 3.5 1.9096000000000002
19097 3.5 1.9097000000000002
19098 3.5 1.9098000000000002
19099 3.5 1.9099000000000002
19100 3.5 1.9100000000000001
19101 3.5 1.9101000000000001
19102 3.5 1.9102000000000001
19103 3.5 1.9103
19104 3.5 1.9104
19105 3.5 1.9105
19106 3.5 1.9106
19107 3.5 1.9107
19108 3.5 1.9108
19109 3.5 1.9109
19110 3.5 1.911
19111 3.5 1.9111
19112 3.5 1.9112
19113 3.5 1.9113
19114 3.5 1.9114
19115 3.5 1.9115000000000002
19116 3.5 1.9116000000000002
19117 3.5 1.9117000000000002
19118 3.5 1.9118000000000002
19119 3.5 1.9119000000000002
19120 3.5 1.9120000000000001
19121 3.5 1.9121000000000001
19122 3.5 1.9122000000000001
19123 3.5 1.9123
19124 3.5 1.9124
19125 3.5 1.9125
19126 3.5 1.9126
19127 3.5 1.9127
19128 3.5 1.9128
19129 3.5 1.9129
19130 3.5 1.913
19131 3.5 1.9131
19132 3.5 1.9132
19133 3.5 1.9133
19134 3.5 1.9134
19135 3.5 1.9135000000000002
19136 3.5 1.9136000000000002
19137 3.5 1.9137000000000002
19138 3.5 1.9138000000000002
19139 3.5 1.9139000000000002
19140 3.5 1.9140000000000001
19141 3.5 1.9141000000000001
19142 3.5 1.9142000000000001
19143 3.5 1.9143000000000001
19144 3.5 1.9144
19145 3.5 1.9145
19146 3.5 1.9146
19147 3.5 1.9147
19148 3.5 1.9148
19149 3.5 1.9149
19150 3.5 1.915
19151 3.5 1.9151
19152 3.5 1.9152
19153 3.5 1.9153
19154 3.5 1.9154
19155 3.5 1.9155000000000002
19156 3.5 1.9156000000000002
19157 3.5 1.9157000000000002
19158 3.5 1.9158000000000002
19159 3.5 1.9159000000000002
19160 3.5 1.9160000000000001
19161 3.5 1.9161000000000001
19162 3.5 1.9162000000000001
19163 3.5 1.9163000000000001
19164 3.5 1.9164
19165 3.5 1.9165
19166 3.5 1.9166
19167 3.5 1.9167
19168 3.5 1.9168
19169 3.5 1.9169
19170 3.5 1.917
19171 3.5 1.9171
19172 3.5 1.9172
19173 3.5 1.9173
19174 3.5 1.9174
19175 3.5 1.9175
19176 3.5 1.9176000000000002
19177 3.5 1.9177000000000002
19178 3.5 1.9178000000000002
19179 3.5 1.9179000000000002
19180 3.5 1.9180000000000001
19181 3.5 1.9181000000000001
19182 3.5 1.9182000000000001
19183 3.5 1.9183000000000001
19184 3.5 1.9184
19185 3.5 1.9185
19186 3.5 1.9186
19187 3.5 1.9187
19188 3.5 1.9188
19189 3.5 1.9189
19190 3.5 1.919
19191 3.5 1.9191
19192 3.5 1.9192
19193 3.5 1.9193
19194 3.5 1.9194
19195 3.5 1.9195
19196 3.5 1.9196000000000002
19197 3.5 1.9197000000000002
19198 3.5 1.9198000000000002
19199 3.5 1.9199000000000002
19200 3.5 1.9200000000000002
19201 3.5 1.9201000000000001
19202 3.5 1.9202000000000001
19203 3.5 1.9203000000000001
19204 3.5 1.9204
19205 3.5 1.9205
19206 3.5 1.9206
19207 3.5 1.9207
19208 3.5 1.9208
19209 3.5 1.9209
19210 3.5 1.921
19211 3.5 1.9211
19212 3.5 1.9212
19213 3.5 1.9213
19214 3.5 1.9214
19215 3.5 1.9215
19216 3.5 1.9216000000000002
19217 3.5 1.9217000000000002
19218 3.5 1.9218000000000002
19219 3.5 1.9219000000000002
19220 3.5 1.9220000000000002
19221 3.5 1.9221000000000001
19222 3.5 1.9222000000000001
19223 3.5 1.9223000000000001
19224 3.5 1.9224
19225 3.5 1.9225
19226 3.5 1.9226
19227 3.5 1.9227
19228 3.5 1.9228
19229 3.5 1.9229
19230 3.5 1.923
19231 3.5 1.9231
19232 3.5 1.9232
19233 3.5 1.9233
19234 3.5 1.9234
19235 3.5 1.9235
19236 3.5 1.9236000000000002
19237 3.5 1.9237000000000002
19238 3.5 1.9238000000000002
19239 3.5 1.9239000000000002
19240 3.5 1.9240000000000002
19241 3.5 1.9241000000000001
19242 3.5 1.9242000000000001
19243 3.5 1.9243000000000001
19244 3.5 1.9244
19245 3.5 1.9245
19246 3.5 1.9246
19247 3.5 1.9247
19248 3.5 1.9248
19249 3.5 1.9249
19250 3.5 1.925
19251 3.5 1.9251
19252 3.5 1.9252
19253 3.5 1.9253
19254 3.5 1.9254
19255 3.5 1.9255
19256 3.5 1.9256000000000002
19257 3.5 1.9257000000000002
19258 3.5 1.9258000000000002
19259 3.5 1.9259000000000002
19260 3.5 1.9260000000000002
19261 3.5 1.9261000000000001
19262 3.5 1.9262000000000001
19263 3.5 1.9263000000000001
19264 3.5 1.9264000000000001
19265 3.5 1.9265
19266 3.5 1.9266
19267 3.5 1.9267
19268 3.5 1.9268
19269 3.5 1.9269
19270 3.5 1.927
19271 3.5 1.9271
19272 3.5 1.9272
19273 3.5 1.9273
19274 3.5 1.9274
19275 3.5 1.9275
19276 3.5 1.9276000000000002
19277 3.5 1.9277000000000002
19278 3.5 1.9278000000000002
19279 3.5 1.9279000000000002
19280 3.5 1.9280000000000002
19281 3.5 1.9281000000000001
19282 3.5 1.9282000000000001
19283 3.5 1.9283000000000001
19284 3.5 1.9284000000000001
19285 3.5 1.9285
19286 3.5 1.9286
19287 3.5 1.9287
19288 3.5 1.9288
19289 3.5 1.9289
19290 3.5 1.929
19291 3.5 1.9291
19292 3.5 1.9292
19293 3.5 1.9293
19294 3.5 1.9294
19295 3.5 1.9295
19296 3.5 1.9296
19297 3.5 1.9297000000000002
19298 3.5 1.9298000000000002
19299 3.5 1.9299000000000002
19300 3.5 1.9300000000000002
19301 3.5 1.9301000000000001
19302 3.5 1.9302000000000001
19303 3.5 1.9303000000000001
19304 3.5 1.9304000000000001
19305 3.5 1.9305
19306 3.5 1.9306
19307 3.5 1.9307
19308 3.5 1.9308
19309 3.5 1.9309
19310 3.5 1.931
19311 3.5 1.9311
19312 3.5 1.9312
19313 3.5 1.9313
19314 3.5 1.9314
19315 3.5 1.9315
19316 3.5 1.9316
19317 3.5 1.9317000000000002
19318 3.5 1.9318000000000002
19319 3.5 1.9319000000000002
19320 3.5 1.9320000000000002
19321 3.5 1.9321000000000002
19322 3.5 1.9322000000000001
19323 3.5 1.9323000000000001
19324 3.5 1.9324000000000001
19325 3.5 1.9325
19326 3.5 1.9326
19327 3.5 1.9327
19328 3.5 1.9328
19329 3.5 1.9329
19330 3.5 1.933
19331 3.5 1.9331
19332 3.5 1.9332
19333 3.5 1.9333
19334 3.5 1.9334
19335 3.5 1.9335
19336 3.5 1.9336
19337 3.5 1.9337000000000002
19338 3.5 1.9338000000000002
19339 3.5 1.9339000000000002
19340 3.5 1.9340000000000002
19341 3.5 1.9341000000000002
19342 3.5 1.9342000000000001
19343 3.5 1.9343000000000001
19344 3.5 1.9344000000000001
19345 3.5 1.9345
19346 3.5 1.9346
19347 3.5 1.9347
19348 3.5 1.9348
19349 3.5 1.9349
19350 3.5 1.935
19351 3.5 1.9351
19352 3.5 1.9352
19353 3.5 1.9353
19354 3.5 1.9354
19355 3.5 1.9355
19356 3.5 1.9356
19357 3.5 1.9357000000000002
19358 3.5 1.9358000000000002
19359 3.5 1.9359000000000002
19360 3.5 1.9360000000000002
19361 3.5 1.9361000000000002
19362 3.5 1.9362000000000001
19363 3.5 1.9363000000000001
19364 3.5 1.9364000000000001
19365 3.5 1.9365
19366 3.5 1.9366
19367 3.5 1.9367
19368 3.5 1.9368
19369 3.5 1.9369
19370 3.5 1.937
19371 3.5 1.9371
19372 3.5 1.9372
19373 3.5 1.9373
19374 3.5 1.9374
19375 3.5 1.9375
19376 3.5 1.9376
19377 3.5 1.9377000000000002
19378 3.5 1.9378000000000002
19379 3.5 1.9379000000000002
19380 3.5 1.9380000000000002
19381 3.5 1.9381000000000002
19382 3.5 1.9382000000000001
19383 3.5 1.9383000000000001
19384 3.5 1.9384000000000001
19385 3.5 1.9385000000000001
19386 3.5 1.9386
19387 3.5 1.9387
19388 3.5 1.9388
19389 3.5 1.9389
19390 3.5 1.939
19391 3.5 1.9391
19392 3.5 1.9392
19393 3.5 1.9393
19394 3.5 1.9394
19395 3.5 1.9395
19396 3.5 1.9396
19397 3.5 1.9397000000000002
19398 3.5 1.9398000000000002
19399 3.5 1.9399000000000002
19400 3.5 1.9400000000000002
19401 3.5 1.9401000000000002
19402 3.5 1.9402000000000001
19403 3.5 1.9403000000000001
19404 3.5 1.9404000000000001
19405 3.5 1.9405000000000001
19406 3.5 1.9406
19407 3.5 1.9407
19408 3.5 1.9408
19409 3.5 1.9409
19410 3.5 1.941
19411 3.5 1.9411
19412 3.5 1.9412
19413 3.5 1.9413
19414 3.5 1.9414
19415 3.5 1.9415
19416 3.5 1.9416
19417 3.5 1.9417000000000002
19418 3.5 1.9418000000000002
19419 3.5 1.9419000000000002
19420 3.5 1.9420000000000002
19421 3.5 1.9421000000000002
19422 3.5 1.9422000000000001
19423 3.5 1.9423000000000001
19424 3.5 1.9424000000000001
19425 3.5 1.9425000000000001
19426 3.5 1.9426
19427 3.5 1.9427
19428 3.5 1.9428
19429 3.5 1.9429
19430 3.5 1.943
19431 3.5 1.9431
19432 3.5 1.9432
19433 3.5 1.9433
19434 3.5 1.9434
19435 3.5 1.9435
19436 3.5 1.9436
19437 3.5 1.9437
19438 3.5 1.9438000000000002
19439 3.5 1.9439000000000002
19440 3.5 1.9440000000000002
19441 3.5 1.9441000000000002
19442 3.5 1.9442000000000002
19443 3.5 1.9443000000000001
19444 3.5 1.9444000000000001
19445 3.5 1.9445000000000001
19446 3.5 1.9446
19447 3.5 1.9447
19448 3.5 1.9448
19449 3.5 1.9449
19450 3.5 1.945
19451 3.5 1.9451
19452 3.5 1.9452
19453 3.5 1.9453
19454 3.5 1.9454
19455 3.5 1.9455
19456 3.5 1.9456
19457 3.5 1.9457
19458 3.5 1.9458000000000002
19459 3.5 1.9459000000000002
19460 3.5 1.9460000000000002
19461 3.5 1.9461000000000002
19462 3.5 1.9462000000000002
19463 3.5 1.9463000000000001
19464 3.5 1.9464000000000001
19465 3.5 1.9465000000000001
19466 3.5 1.9466
19467 3.5 1.9467
19468 3.5 1.9468
19469 3.5 1.9469
19470 3.5 1.947
19471 3.5 1.9471
19472 3.5 1.9472
19473 3.5 1.9473
19474 3.5 1.9474
19475 3.5 1.9475
19476 3.5 1.9476
19477 3.5 1.9477
19478 3.5 1.9478000000000002
19479 3.5 1.9479000000000002
19480 3.5 1.9480000000000002
19481 3.5 1.9481000000000002
19482 3.5 1.9482000000000002
19483 3.5 1.9483000000000001
19484 3.5 1.9484000000000001
19485 3.5 1.9485000000000001
19486 3.5 1.9486
19487 3.5 1.9487
19488 3.5 1.9488
19489 3.5 1.9489
19490 3.5 1.949
19491 3.5 1.9491
19492 3.5 1.9492
19493 3.5 1.9493
19494 3.5 1.9494
19495 3.5 1.9495
19496 3.5 1.9496
19497 3.5 1.9497
19498 3.5 1.9498000000000002
19499 3.5 1.9499000000000002
19500 3.5 1.9500000000000002
19501 3.5 1.9501000000000002
19502 3.5 1.9502000000000002
19503 3.5 1.9503000000000001
19504 3.5 1.9504000000000001
19505 3.5 1.9505000000000001
19506 3.5 1.9506000000000001
19507 3.5 1.9507
19508 3.5 1.9508
19509 3.5 1.9509
19510 3.5 1.951
19511 3.5 1.9511
19512 3.5 1.9512
19513 3.5 1.9513
19514 3.5 1.9514
19515 3.5 1.9515
19516 3.5 1.9516
19517 3.5 1.9517
19518 3.5 1.9518000000000002
19519 3.5 1.9519000000000002
19520 3.5 1.9520000000000002
19521 3.5 1.9521000000000002
19522 3.5 1.9522000000000002
19523 3.5 1.9523000000000001
19524 3.5 1.9524000000000001
19525 3.5 1.9525000000000001
19526 3.5 1.9526000000000001
19527 3.5 1.9527
19528 3.5 1.9528
19529 3.5 1.9529
19530 3.5 1.953
19531 3.5 1.9531
19532 3.5 1.9532
19533 3.5 1.9533
19534 3.5 1.9534
19535 3.5 1.9535
19536 3.5 1.9536
19537 3.5 1.9537
19538 3.5 1.9538000000000002
19539 3.5 1.9539000000000002
19540 3.5 1.9540000000000002
19541 3.5 1.9541000000000002
19542 3.5 1.9542000000000002
19543 3.5 1.9543000000000001
19544 3.5 1.9544000000000001
19545 3.5 1.9545000000000001
19546 3.5 1.9546000000000001
19547 3.5 1.9547
19548 3.5 1.9548
19549 3.5 1.9549
19550 3.5 1.955
19551 3.5 1.9551
19552 3.5 1.9552
19553 3.5 1.9553
19554 3.5 1.9554
19555 3.5 1.9555
19556 3.5 1.9556
19557 3.5 1.9557
19558 3.5 1.9558
19559 3.5 1.9559000000000002
19560 3.5 1.9560000000000002
19561 3.5 1.9561000000000002
19562 3.5 1.9562000000000002
19563 3.5 1.9563000000000001
19564 3.5 1.9564000000000001
19565 3.5 1.9565000000000001
19566 3.5 1.9566000000000001
19567 3.5 1.9567
19568 3.5 1.9568
19569 3.5 1.9569
19570 3.5 1.957
19571 3.5 1.9571
19572 3.5 1.9572
19573 3.5 1.9573
19574 3.5 1.9574
19575 3.5 1.9575
19576 3.5 1.9576
19577 3.5 1.9577
19578 3.5 1.9578
19579 3.5 1.9579000000000002
19580 3.5 1.9580000000000002
19581 3.5 1.9581000000000002
19582 3.5 1.9582000000000002
19583 3.5 1.9583000000000002
19584 3.5 1.9584000000000001
19585 3.5 1.9585000000000001
19586 3.5 1.9586000000000001
19587 3.5 1.9587
19588 3.5 1.9588
19589 3.5 1.9589
19590 3.5 1.959
19591 3.5 1.9591
19592 3.5 1.9592
19593 3.5 1.9593
19594 3.5 1.9594
19595 3.5 1.9595
19596 3.5 1.9596
19597 3.5 1.9597
19598 3.5 1.9598
19599 3.5 1.9599000000000002
19600 3.5 1.9600000000000002
19601 3.5 1.9601000000000002
19602 3.5 1.9602000000000002
19603 3.5 1.9603000000000002
19604 3.5 1.9604000000000001
19605 3.5 1.9605000000000001
19606 3.5 1.9606000000000001
19607 3.5 1.9607
19608 3.5 1.9608
19609 3.5 1.9609
19610 3.5 1.961
19611 3.5 1.9611
19612 3.5 1.9612
19613 3.5 1.9613
19614 3.5 1.9614
19615 3.5 1.9615
19616 3.5 1.9616
19617 3.5 1.9617
19618 3.5 1.9618
19619 3.5 1.9619000000000002
19620 3.5 1.9620000000000002
19621 3.5 1.9621000000000002
19622 3.5 1.9622000000000002
19623 3.5 1.9623000000000002
19624 3.5 1.9624000000000001
19625 3.5 1.9625000000000001
19626 3.5 1.9626000000000001
19627 3.5 1.9627000000000001
19628 3.5 1.9628
19629 3.5 1.9629
19630 3.5 1.963
19631 3.5 1.9631
19632 3.5 1.9632
19633 3.5 1.9633
19634 3.5 1.9634
19635 3.5 1.9635
19636 3.5 1.9636
19637 3.5 1.9637
19638 3.5 1.9638
19639 3.5 1.9639000000000002
19640 3.5 1.9640000000000002
19641 3.5 1.9641000000000002
19642 3.5 1.9642000000000002
19643 3.5 1.9643000000000002
19644 3.5 1.9644000000000001
19645 3.5 1.9645000000000001
19646 3.5 1.9646000000000001
19647 3.5 1.9647000000000001
19648 3.5 1.9648
19649 3.5 1.9649
19650 3.5 1.965
19651 3.5 1.9651
19652 3.5 1.9652
19653 3.5 1.9653
19654 3.5 1.9654
19655 3.5 1.9655
19656 3.5 1.9656
19657 3.5 1.9657
19658 3.5 1.9658
19659 3.5 1.9659000000000002
19660 3.5 1.9660000000000002
19661 3.5 1.9661000000000002
19662 3.5 1.9662000000000002
19663 3.5 1.9663000000000002
19664 3.5 1.9664000000000001
19665 3.5 1.9665000000000001
19666 3.5 1.9666000000000001
19667 3.5 1.9667000000000001
19668 3.5 1.9668
19669 3.5 1.9669
19670 3.5 1.967
19671 3.5 1.9671
19672 3.5 1.9672
19673 3.5 1.9673
19674 3.5 1.9674
19675 3.5 1.9675
19676 3.5 1.9676
19677 3.5 1.9677
19678 3.5 1.9678
19679 3.5 1.9679000000000002
19680 3.5 1.9680000000000002
19681 3.5 1.9681000000000002
19682 3.5 1.9682000000000002
19683 3.5 1.9683000000000002
19684 3.5 1.9684000000000001
19685 3.5 1.9685000000000001
19686 3.5 1.9686000000000001
19687 3.5 1.9687000000000001
19688 3.5 1.9688
19689 3.5 1.9689
19690 3.5 1.969
19691 3.5 1.9691
19692 3.5 1.9692
19693 3.5 1.9693
19694 3.5 1.9694
19695 3.5 1.9695
19696 3.5 1.9696
19697 3.5 1.9697
19698 3.5 1.9698
19699 3.5 1.9699
19700 3.5 1.9700000000000002
19701 3.5 1.9701000000000002
19702 3.5 1.9702000000000002
19703 3.5 1.9703000000000002
19704 3.5 1.9704000000000002
19705 3.5 1.9705000000000001
19706 3.5 1.9706000000000001
19707 3.5 1.9707000000000001
19708 3.5 1.9708
19709 3.5 1.9709
19710 3.5 1.971
19711 3.5 1.9711
19712 3.5 1.9712
19713 3.5 1.9713
19714 3.5 1.9714
19715 3.5 1.9715
19716 3.5 1.9716
19717 3.5 1.9717
19718 3.5 1.9718
19719 3.5 1.9719
19720 3.5 1.9720000000000002
19721 3.5 1.9721000000000002
19722 3.5 1.9722000000000002
19723 3.5 1.9723000000000002
19724 3.5 1.9724000000000002
19725 3.5 1.9725000000000001
19726 3.5 1.9726000000000001
19727 3.5 1.9727000000000001
19728 3.5 1.9728
19729 3.5 1.9729
19730 3.5 1.973
19731 3.5 1.9731
19732 3.5 1.9732
19733 3.5 1.9733
19734 3.5 1.9734
19735 3.5 1.9735
19736 3.5 1.9736
19737 3.5 1.9737
19738 3.5 1.9738
19739 3.5 1.9739
19740 3.5 1.9740000000000002
19741 3.5 1.9741000000000002
19742 3.5 1.9742000000000002
19743 3.5 1.9743000000000002
19744 3.5 1.9744000000000002
19745 3.5 1.9745000000000001
19746 3.5 1.9746000000000001
19747 3.5 1.9747000000000001
19748 3.5 1.9748
19749 3.5 1.9749
19750 3.5 1.975
19751 3.5 1.9751
19752 3.5 1.9752
19753 3.5 1.9753
19754 3.5 1.9754
19755 3.5 1.9755
19756 3.5 1.9756
19757 3.5 1.9757
19758 3.5 1.9758
19759 3.5 1.9759
19760 3.5 1.9760000000000002
19761 3.5 1.9761000000000002
19762 3.5 1.9762000000000002
19763 3.5 1.9763000000000002
19764 3.5 1.9764000000000002
19765 3.5 1.9765000000000001
19766 3.5 1.9766000000000001
19767 3.5 1.9767000000000001
19768 3.5 1.9768000000000001
19769 3.5 1.9769
19770 3.5 1.977
19771 3.5 1.9771
19772 3.5 1.9772
19773 3.5 1.9773
19774 3.5 1.9774
19775 3.5 1.9775
19776 3.5 1.9776
19777 3.5 1.9777
19778 3.5 1.9778
19779 3.5 1.9779
19780 3.5 1.9780000000000002
19781 3.5 1.9781000000000002
19782 3.5 1.9782000000000002
19783 3.5 1.9783000000000002
19784 3.5 1.9784000000000002
19785 3.5 1.9785000000000001
19786 3.5 1.9786000000000001
19787 3.5 1.9787000000000001
19788 3.5 1.9788000000000001
19789 3.5 1.9789
19790 3.5 1.979
19791 3.5 1.9791
19792 3.5 1.9792
19793 3.5 1.9793
19794 3.5 1.9794
19795 3.5 1.9795
19796 3.5 1.9796
19797 3.5 1.9797
19798 3.5 1.9798
19799 3.5 1.9799
19800 3.5 1.9800000000000002
19801 3.5 1.9801000000000002
19802 3.5 1.9802000000000002
19803 3.5 1.9803000000000002
19804 3.5 1.9804000000000002
19805 3.5 1.9805000000000001
19806 3.5 1.9806000000000001
19807 3.5 1.9807000000000001
19808 3.5 1.9808000000000001
19809 3.5 1.9809
19810 3.5 1.981
19811 3.5 1.9811
19812 3.5 1.9812
19813 3.5 1.9813
19814 3.5 1.9814
19815 3.5 1.9815
19816 3.5 1.9816
19817 3.5 1.9817
19818 3.5 1.9818
19819 3.5 1.9819
19820 3.5 1.982
19821 3.5 1.9821000000000002
19822 3.5 1.9822000000000002
19823 3.5 1.9823000000000002
19824 3.5 1.9824000000000002
19825 3.5 1.9825000000000002
19826 3.5 1.9826000000000001
19827 3.5 1.9827000000000001
19828 3.5 1.9828000000000001
19829 3.5 1.9829
19830 3.5 1.983
19831 3.5 1.9831
19832 3.5 1.9832
19833 3.5 1.9833
19834 3.5 1.9834
19835 3.5 1.9835
19836 3.5 1.9836
19837 3.5 1.9837
19838 3.5 1.9838
19839 3.5 1.9839
19840 3.5 1.984
19841 3.5 1.9841000000000002
19842 3.5 1.9842000000000002
19843 3.5 1.9843000000000002
19844 3.5 1.9844000000000002
19845 3.5 1.9845000000000002
19846 3.5 1.9846000000000001
19847 3.5 1.9847000000000001
19848 3.5 1.9848000000000001
19849 3.5 1.9849
19850 3.5 1.985
19851 3.5 1.9851
19852 3.5 1.9852
19853 3.5 1.9853
19854 3.5 1.9854
19855 3.5 1.9855
19856 3.5 1.9856
19857 3.5 1.9857
19858 3.5 1.9858
19859 3.5 1.9859
19860 3.5 1.986
19861 3.5 1.9861000000000002
19862 3.5 1.9862000000000002
19863 3.5 1.9863000000000002
19864 3.5 1.9864000000000002
19865 3.5 1.9865000000000002
19866 3.5 1.9866000000000001
19867 3.5 1.9867000000000001
19868 3.5 1.9868000000000001
19869 3.5 1.9869
19870 3.5 1.987
19871 3.5 1.9871
19872 3.5 1.9872
19873 3.5 1.9873
19874 3.5 1.9874
19875 3.5 1.9875
19876 3.5 1.9876
19877 3.5 1.9877
19878 3.5 1.9878
19879 3.5 1.9879
19880 3.5 1.988
19881 3.5 1.9881000000000002
19882 3.5 1.9882000000000002
19883 3.5 1.9883000000000002
19884 3.5 1.9884000000000002
19885 3.5 1.9885000000000002
19886 3.5 1.9886000000000001
19887 3.5 1.9887000000000001
19888 3.5 1.9888000000000001
19889 3.5 1.9889000000000001
19890 3.5 1.989
19891 3.5 1.9891
19892 3.5 1.9892
19893 3.5 1.9893
19894 3.5 1.9894
19895 3.5 1.9895
19896 3.5 1.9896
19897 3.5 1.9897
19898 3.5 1.9898
19899 3.5 1.9899
19900 3.5 1.99
19901 3.5 1.9901000000000002
19902 3.5 1.9902000000000002
19903 3.5 1.9903000000000002
19904 3.5 1.9904000000000002
19905 3.5 1.9905000000000002
19906 3.5 1.9906000000000001
19907 3.5 1.9907000000000001
19908 3.5 1.9908000000000001
19909 3.5 1.9909000000000001
19910 3.5 1.991
19911 3.5 1.9911
19912 3.5 1.9912
19913 3.5 1.9913
19914 3.5 1.9914
19915 3.5 1.9915
19916 3.5 1.9916
19917 3.5 1.9917
19918 3.5 1.9918
19919 3.5 1.9919
19920 3.5 1.992
19921 3.5 1.9921000000000002
19922 3.5 1.9922000000000002
19923 3.5 1.9923000000000002
19924 3.5 1.9924000000000002
19925 3.5 1.9925000000000002
19926 3.5 1.9926000000000001
19927 3.5 1.9927000000000001
19928 3.5 1.9928000000000001
19929 3.5 1.9929000000000001
19930 3.5 1.993
19931 3.5 1.9931
19932 3.5 1.9932
19933 3.5 1.9933
19934 3.5 1.9934
19935 3.5 1.9935
19936 3.5 1.9936
19937 3.5 1.9937
19938 3.5 1.9938
19939 3.5 1.9939
19940 3.5 1.994
19941 3.5 1.9941000000000002
19942 3.5 1.9942000000000002
19943 3.5 1.9943000000000002
19944 3.5 1.9944000000000002
19945 3.5 1.9945000000000002
19946 3.5 1.9946000000000002
19947 3.5 1.9947000000000001
19948 3.5 1.9948000000000001
19949 3.5 1.9949000000000001
19950 3.5 1.995
19951 3.5 1.9951
19952 3.5 1.9952
19953 3.5 1.9953
19954 3.5 1.9954
19955 3.5 1.9955
19956 3.5 1.9956
19957 3.5 1.9957
19958 3.5 1.9958
19959 3.5 1.9959
19960 3.5 1.996
19961 3.5 1.9961
19962 3.5 1.9962000000000002
19963 3.5 1.9963000000000002
19964 3.5 1.9964000000000002
19965 3.5 1.9965000000000002
19966 3.5 1.9966000000000002
19967 3.5 1.9967000000000001
19968 3.5 1.9968000000000001
19969 3.5 1.9969000000000001
19970 3.5 1.997
19971 3.5 1.9971
19972 3.5 1.9972
19973 3.5 1.9973
19974 3.5 1.9974
19975 3.5 1.9975
19976 3.5 1.9976
19977 3.5 1.9977
19978 3.5 1.9978
19979 3.5 1.9979
19980 3.5 1.998
19981 3.5 1.9981
19982 3.5 1.9982000000000002
19983 3.5 1.9983000000000002
19984 3.5 1.9984000000000002
19985 3.5 1.9985000000000002
19986 3.5 1.9986000000000002
19987 3.5 1.9987000000000001
19988 3.5 1.9988000000000001
19989 3.5 1.9989000000000001
19990 3.5 1.999
19991 3.5 1.9991
19992 3.5 1.9992
19993 3.5 1.9993
19994 3.5 1.9994
19995 3.5 1.9995
19996 3.5 1.9996
19997 3.5 1.9997
19998 3.5 1.9998
19999 3.5 1.9999
20000 3.5 2.0
20001 3.5 2.0001
20002 3.5 2.0002
20003 3.5 2.0003
20004 3.5 2.0004
20005 3.5 2.0005
20006 3.5 2.0006
20007 3.5 2.0007
20008 3.5 2.0008
20009 3.5 2.0009
20010 3.5 2.001
20011 3.5 2.0011
20012 3.5 2.0012000000000003
20013 3.5 2.0013
20014 3.5 2.0014000000000003
20015 3.5 2.0015
20016 3.5 2.0016000000000003
20017 3.5 2.0017
20018 3.5 2.0018000000000002
20019 3.5 2.0019
20020 3.5 2.0020000000000002
20021 3.5 2.0021
20022 3.5 2.0022
20023 3.5 2.0023
20024 3.5 2.0024
20025 3.5 2.0025
20026 3.5 2.0026
20027 3.5 2.0027
20028 3.5 2.0028
20029 3.5 2.0029
20030 3.5 2.003
20031 3.5 2.0031
20032 3.5 2.0032
20033 3.5 2.0033000000000003
20034 3.5 2.0034
20035 3.5 2.0035000000000003
20036 3.5 2.0036
20037 3.5 2.0037000000000003
20038 3.5 2.0038
20039 3.5 2.0039000000000002
20040 3.5 2.004
20041 3.5 2.0041
20042 3.5 2.0042
20043 3.5 2.0043
20044 3.5 2.0044
20045 3.5 2.0045
20046 3.5 2.0046
20047 3.5 2.0047
20048 3.5 2.0048
20049 3.5 2.0049
20050 3.5 2.005
20051 3.5 2.0051
20052 3.5 2.0052000000000003
20053 3.5 2.0053
20054 3.5 2.0054000000000003
20055 3.5 2.0055
20056 3.5 2.0056000000000003
20057 3.5 2.0057
20058 3.5 2.0058000000000002
20059 3.5 2.0059
20060 3.5 2.0060000000000002
20061 3.5 2.0061
20062 3.5 2.0062
20063 3.5 2.0063
20064 3.5 2.0064
20065 3.5 2.0065
20066 3.5 2.0066
20067 3.5 2.0067
20068 3.5 2.0068
20069 3.5 2.0069
20070 3.5 2.007
20071 3.5 2.0071
20072 3.5 2.0072
20073 3.5 2.0073000000000003
20074 3.5 2.0074
20075 3.5 2.0075000000000003
20076 3.5 2.0076
20077 3.5 2.0077000000000003
20078 3.5 2.0078
20079 3.5 2.0079000000000002
20080 3.5 2.008
20081 3.5 2.0081
20082 3.5 2.0082
20083 3.5 2.0083
20084 3.5 2.0084
20085 3.5 2.0085
20086 3.5 2.0086
20087 3.5 2.0087
20088 3.5 2.0088
20089 3.5 2.0089
20090 3.5 2.009
20091 3.5 2.0091
20092 3.5 2.0092
20093 3.5 2.0093
20094 3.5 2.0094000000000003
20095 3.5 2.0095
20096 3.5 2.0096000000000003
20097 3.5 2.0097
20098 3.5 2.0098000000000003
20099 3.5 2.0099
20100 3.5 2.0100000000000002
20101 3.5 2.0101
20102 3.5 2.0102
20103 3.5 2.0103
20104 3.5 2.0104
20105 3.5 2.0105
20106 3.5 2.0106
20107 3.5 2.0107
20108 3.5 2.0108
20109 3.5 2.0109
20110 3.5 2.011
20111 3.5 2.0111
20112 3.5 2.0112
20113 3.5 2.0113000000000003
20114 3.5 2.0114
20115 3.5 2.0115000000000003
20116 3.5 2.0116
20117 3.5 2.0117000000000003
20118 3.5 2.0118
20119 3.5 2.0119000000000002
20120 3.5 2.012
20121 3.5 2.0121
20122 3.5 2.0122
20123 3.5 2.0123
20124 3.5 2.0124
20125 3.5 2.0125
20126 3.5 2.0126
20127 3.5 2.0127
20128 3.5 2.0128
20129 3.5 2.0129
20130 3.5 2.013
20131 3.5 2.0131
20132 3.5 2.0132
20133 3.5 2.0133
20134 3.5 2.0134000000000003
20135 3.5 2.0135
20136 3.5 2.0136000000000003
20137 3.5 2.0137
20138 3.5 2.0138000000000003
20139 3.5 2.0139
20140 3.5 2.0140000000000002
20141 3.5 2.0141
20142 3.5 2.0142
20143 3.5 2.0143
20144 3.5 2.0144
20145 3.5 2.0145
20146 3.5 2.0146
20147 3.5 2.0147
20148 3.5 2.0148
20149 3.5 2.0149
20150 3.5 2.015
20151 3.5 2.0151
20152 3.5 2.0152
20153 3.5 2.0153000000000003
20154 3.5 2.0154
20155 3.5 2.0155000000000003
20156 3.5 2.0156
20157 3.5 2.0157000000000003
20158 3.5 2.0158
20159 3.5 2.0159000000000002
20160 3.5 2.016
20161 3.5 2.0161000000000002
20162 3.5 2.0162
20163 3.5 2.0163
20164 3.5 2.0164
20165 3.5 2.0165
20166 3.5 2.0166
20167 3.5 2.0167
20168 3.5 2.0168
20169 3.5 2.0169
20170 3.5 2.017
20171 3.5 2.0171
20172 3.5 2.0172
20173 3.5 2.0173
20174 3.5 2.0174000000000003
20175 3.5 2.0175
20176 3.5 2.0176000000000003
20177 3.5 2.0177
20178 3.5 2.0178000000000003
20179 3.5 2.0179
20180 3.5 2.0180000000000002
20181 3.5 2.0181
20182 3.5 2.0182
20183 3.5 2.0183
20184 3.5 2.0184
20185 3.5 2.0185
20186 3.5 2.0186
20187 3.5 2.0187
20188 3.5 2.0188
20189 3.5 2.0189
20190 3.5 2.019
20191 3.5 2.0191
20192 3.5 2.0192
20193 3.5 2.0193000000000003
20194 3.5 2.0194
20195 3.5 2.0195000000000003
20196 3.5 2.0196
20197 3.5 2.0197000000000003
20198 3.5 2.0198
20199 3.5 2.0199000000000003
20200 3.5 2.02
20201 3.5 2.0201000000000002
20202 3.5 2.0202
20203 3.5 2.0203
20204 3.5 2.0204
20205 3.5 2.0205
20206 3.5 2.0206
20207 3.5 2.0207
20208 3.5 2.0208
20209 3.5 2.0209
20210 3.5 2.021
20211 3.5 2.0211
20212 3.5 2.0212
20213 3.5 2.0213
20214 3.5 2.0214000000000003
20215 3.5 2.0215
20216 3.5 2.0216000000000003
20217 3.5 2.0217
20218 3.5 2.0218000000000003
20219 3.5 2.0219
20220 3.5 2.0220000000000002
20221 3.5 2.0221
20222 3.5 2.0222
20223 3.5 2.0223
20224 3.5 2.0224
20225 3.5 2.0225
20226 3.5 2.0226
20227 3.5 2.0227
20228 3.5 2.0228
20229 3.5 2.0229
20230 3.5 2.023
20231 3.5 2.0231
20232 3.5 2.0232
20233 3.5 2.0233
20234 3.5 2.0234
20235 3.5 2.0235000000000003
20236 3.5 2.0236
20237 3.5 2.0237000000000003
20238 3.5 2.0238
20239 3.5 2.0239000000000003
20240 3.5 2.024
20241 3.5 2.0241000000000002
20242 3.5 2.0242
20243 3.5 2.0243
20244 3.5 2.0244
20245 3.5 2.0245
20246 3.5 2.0246
20247 3.5 2.0247
20248 3.5 2.0248
20249 3.5 2.0249
20250 3.5 2.025
20251 3.5 2.0251
20252 3.5 2.0252
20253 3.5 2.0253
20254 3.5 2.0254000000000003
20255 3.5 2.0255
20256 3.5 2.0256000000000003
20257 3.5 2.0257
20258 3.5 2.0258000000000003
20259 3.5 2.0259
20260 3.5 2.0260000000000002
20261 3.5 2.0261
20262 3.5 2.0262000000000002
20263 3.5 2.0263
20264 3.5 2.0264
20265 3.5 2.0265
20266 3.5 2.0266
20267 3.5 2.0267
20268 3.5 2.0268
20269 3.5 2.0269
20270 3.5 2.027
20271 3.5 2.0271
20272 3.5 2.0272
20273 3.5 2.0273
20274 3.5 2.0274
20275 3.5 2.0275000000000003
20276 3.5 2.0276
20277 3.5 2.0277000000000003
20278 3.5 2.0278
20279 3.5 2.0279000000000003
20280 3.5 2.028
20281 3.5 2.0281000000000002
20282 3.5 2.0282
20283 3.5 2.0283
20284 3.5 2.0284
20285 3.5 2.0285
20286 3.5 2.0286
20287 3.5 2.0287
20288 3.5 2.0288
20289 3.5 2.0289
20290 3.5 2.029
20291 3.5 2.0291
20292 3.5 2.0292
20293 3.5 2.0293
20294 3.5 2.0294000000000003
20295 3.5 2.0295
20296 3.5 2.0296000000000003
20297 3.5 2.0297
20298 3.5 2.0298000000000003
20299 3.5 2.0299
20300 3.5 2.0300000000000002
20301 3.5 2.0301
20302 3.5 2.0302000000000002
20303 3.5 2.0303
20304 3.5 2.0304
20305 3.5 2.0305
20306 3.5 2.0306
20307 3.5 2.0307
20308 3.5 2.0308
20309 3.5 2.0309
20310 3.5 2.031
20311 3.5 2.0311
20312 3.5 2.0312
20313 3.5 2.0313
20314 3.5 2.0314
20315 3.5 2.0315000000000003
20316 3.5 2.0316
20317 3.5 2.0317000000000003
20318 3.5 2.0318
20319 3.5 2.0319000000000003
20320 3.5 2.032
20321 3.5 2.0321000000000002
20322 3.5 2.0322
20323 3.5 2.0323
20324 3.5 2.0324
20325 3.5 2.0325
20326 3.5 2.0326
20327 3.5 2.0327
20328 3.5 2.0328
20329 3.5 2.0329
20330 3.5 2.033
20331 3.5 2.0331
20332 3.5 2.0332
20333 3.5 2.0333
20334 3.5 2.0334000000000003
20335 3.5 2.0335
20336 3.5 2.0336000000000003
20337 3.5 2.0337
20338 3.5 2.0338000000000003
20339 3.5 2.0339
20340 3.5 2.0340000000000003
20341 3.5 2.0341
20342 3.5 2.0342000000000002
20343 3.5 2.0343
20344 3.5 2.0344
20345 3.5 2.0345
20346 3.5 2.0346
20347 3.5 2.0347
20348 3.5 2.0348
20349 3.5 2.0349
20350 3.5 2.035
20351 3.5 2.0351
20352 3.5 2.0352
20353 3.5 2.0353
20354 3.5 2.0354
20355 3.5 2.0355000000000003
20356 3.5 2.0356
20357 3.5 2.0357000000000003
20358 3.5 2.0358
20359 3.5 2.0359000000000003
20360 3.5 2.036
20361 3.5 2.0361000000000002
20362 3.5 2.0362
20363 3.5 2.0363
20364 3.5 2.0364
20365 3.5 2.0365
20366 3.5 2.0366
20367 3.5 2.0367
20368 3.5 2.0368
20369 3.5 2.0369
20370 3.5 2.037
20371 3.5 2.0371
20372 3.5 2.0372
20373 3.5 2.0373
20374 3.5 2.0374
20375 3.5 2.0375
20376 3.5 2.0376000000000003
20377 3.5 2.0377
20378 3.5 2.0378000000000003
20379 3.5 2.0379
20380 3.5 2.0380000000000003
20381 3.5 2.0381
20382 3.5 2.0382000000000002
20383 3.5 2.0383
20384 3.5 2.0384
20385 3.5 2.0385
20386 3.5 2.0386
20387 3.5 2.0387
20388 3.5 2.0388
20389 3.5 2.0389
20390 3.5 2.039
20391 3.5 2.0391
20392 3.5 2.0392
20393 3.5 2.0393
20394 3.5 2.0394
20395 3.5 2.0395000000000003
20396 3.5 2.0396
20397 3.5 2.0397000000000003
20398 3.5 2.0398
20399 3.5 2.0399000000000003
20400 3.5 2.04
20401 3.5 2.0401000000000002
20402 3.5 2.0402
20403 3.5 2.0403000000000002
20404 3.5 2.0404
20405 3.5 2.0405
20406 3.5 2.0406
20407 3.5 2.0407
20408 3.5 2.0408
20409 3.5 2.0409
20410 3.5 2.041
20411 3.5 2.0411
20412 3.5 2.0412
20413 3.5 2.0413
20414 3.5 2.0414
20415 3.5 2.0415
20416 3.5 2.0416000000000003
20417 3.5 2.0417
20418 3.5 2.0418000000000003
20419 3.5 2.0419
20420 3.5 2.0420000000000003
20421 3.5 2.0421
20422 3.5 2.0422000000000002
20423 3.5 2.0423
20424 3.5 2.0424
20425 3.5 2.0425
20426 3.5 2.0426
20427 3.5 2.0427
20428 3.5 2.0428
20429 3.5 2.0429
20430 3.5 2.043
20431 3.5 2.0431
20432 3.5 2.0432
20433 3.5 2.0433
20434 3.5 2.0434
20435 3.5 2.0435000000000003
20436 3.5 2.0436
20437 3.5 2.0437000000000003
20438 3.5 2.0438
20439 3.5 2.0439000000000003
20440 3.5 2.044
20441 3.5 2.0441000000000003
20442 3.5 2.0442
20443 3.5 2.0443000000000002
20444 3.5 2.0444
20445 3.5 2.0445
20446 3.5 2.0446
20447 3.5 2.0447
20448 3.5 2.0448
20449 3.5 2.0449
20450 3.5 2.045
20451 3.5 2.0451
20452 3.5 2.0452
20453 3.5 2.0453
20454 3.5 2.0454
20455 3.5 2.0455
20456 3.5 2.0456000000000003
20457 3.5 2.0457
20458 3.5 2.0458000000000003
20459 3.5 2.0459
20460 3.5 2.0460000000000003
20461 3.5 2.0461
20462 3.5 2.0462000000000002
20463 3.5 2.0463
20464 3.5 2.0464
20465 3.5 2.0465
20466 3.5 2.0466
20467 3.5 2.0467
20468 3.5 2.0468
20469 3.5 2.0469
20470 3.5 2.047
20471 3.5 2.0471
20472 3.5 2.0472
20473 3.5 2.0473
20474 3.5 2.0474
20475 3.5 2.0475000000000003
20476 3.5 2.0476
20477 3.5 2.0477000000000003
20478 3.5 2.0478
20479 3.5 2.0479000000000003
20480 3.5 2.048
20481 3.5 2.0481000000000003
20482 3.5 2.0482
20483 3.5 2.0483000000000002
20484 3.5 2.0484
20485 3.5 2.0485
20486 3.5 2.0486
20487 3.5 2.0487
20488 3.5 2.0488
20489 3.5 2.0489
20490 3.5 2.049
20491 3.5 2.0491
20492 3.5 2.0492
20493 3.5 2.0493
20494 3.5 2.0494
20495 3.5 2.0495
20496 3.5 2.0496000000000003
20497 3.5 2.0497
20498 3.5 2.0498000000000003
20499 3.5 2.0499
20500 3.5 2.0500000000000003
20501 3.5 2.0501
20502 3.5 2.0502000000000002
20503 3.5 2.0503
20504 3.5 2.0504000000000002
20505 3.5 2.0505
20506 3.5 2.0506
20507 3.5 2.0507
20508 3.5 2.0508
20509 3.5 2.0509
20510 3.5 2.051
20511 3.5 2.0511
20512 3.5 2.0512
20513 3.5 2.0513
20514 3.5 2.0514
20515 3.5 2.0515
20516 3.5 2.0516
20517 3.5 2.0517000000000003
20518 3.5 2.0518
20519 3.5 2.0519000000000003
20520 3.5 2.052
20521 3.5 2.0521000000000003
20522 3.5 2.0522
20523 3.5 2.0523000000000002
20524 3.5 2.0524
20525 3.5 2.0525
20526 3.5 2.0526
20527 3.5 2.0527
20528 3.5 2.0528
20529 3.5 2.0529
20530 3.5 2.053
20531 3.5 2.0531
20532 3.5 2.0532
20533 3.5 2.0533
20534 3.5 2.0534
20535 3.5 2.0535
20536 3.5 2.0536000000000003
20537 3.5 2.0537
20538 3.5 2.0538000000000003
20539 3.5 2.0539
20540 3.5 2.0540000000000003
20541 3.5 2.0541
20542 3.5 2.0542000000000002
20543 3.5 2.0543
20544 3.5 2.0544000000000002
20545 3.5 2.0545
20546 3.5 2.0546
20547 3.5 2.0547
20548 3.5 2.0548
20549 3.5 2.0549
20550 3.5 2.055
20551 3.5 2.0551
20552 3.5 2.0552
20553 3.5 2.0553
20554 3.5 2.0554
20555 3.5 2.0555
20556 3.5 2.0556
20557 3.5 2.0557000000000003
20558 3.5 2.0558
20559 3.5 2.0559000000000003
20560 3.5 2.056
20561 3.5 2.0561000000000003
20562 3.5 2.0562
20563 3.5 2.0563000000000002
20564 3.5 2.0564
20565 3.5 2.0565
20566 3.5 2.0566
20567 3.5 2.0567
20568 3.5 2.0568
20569 3.5 2.0569
20570 3.5 2.057
20571 3.5 2.0571
20572 3.5 2.0572
20573 3.5 2.0573
20574 3.5 2.0574
20575 3.5 2.0575
20576 3.5 2.0576000000000003
20577 3.5 2.0577
20578 3.5 2.0578000000000003
20579 3.5 2.0579
20580 3.5 2.0580000000000003
20581 3.5 2.0581
20582 3.5 2.0582000000000003
20583 3.5 2.0583
20584 3.5 2.0584000000000002
20585 3.5 2.0585
20586 3.5 2.0586
20587 3.5 2.0587
20588 3.5 2.0588
20589 3.5 2.0589
20590 3.5 2.059
20591 3.5 2.0591
20592 3.5 2.0592
20593 3.5 2.0593
20594 3.5 2.0594
20595 3.5 2.0595
20596 3.5 2.0596
20597 3.5 2.0597000000000003
20598 3.5 2.0598
20599 3.5 2.0599000000000003
20600 3.5 2.06
20601 3.5 2.0601000000000003
20602 3.5 2.0602
20603 3.5 2.0603000000000002
20604 3.5 2.0604
20605 3.5 2.0605
20606 3.5 2.0606
20607 3.5 2.0607
20608 3.5 2.0608
20609 3.5 2.0609
20610 3.5 2.061
20611 3.5 2.0611
20612 3.5 2.0612
20613 3.5 2.0613
20614 3.5 2.0614
20615 3.5 2.0615
20616 3.5 2.0616
20617 3.5 2.0617
20618 3.5 2.0618000000000003
20619 3.5 2.0619
20620 3.5 2.0620000000000003
20621 3.5 2.0621
20622 3.5 2.0622000000000003
20623 3.5 2.0623
20624 3.5 2.0624000000000002
20625 3.5 2.0625
20626 3.5 2.0626
20627 3.5 2.0627
20628 3.5 2.0628
20629 3.5 2.0629
20630 3.5 2.063
20631 3.5 2.0631
20632 3.5 2.0632
20633 3.5 2.0633
20634 3.5 2.0634
20635 3.5 2.0635
20636 3.5 2.0636
20637 3.5 2.0637000000000003
20638 3.5 2.0638
20639 3.5 2.0639000000000003
20640 3.5 2.064
20641 3.5 2.0641000000000003
20642 3.5 2.0642
20643 3.5 2.0643000000000002
20644 3.5 2.0644
20645 3.5 2.0645000000000002
20646 3.5 2.0646
20647 3.5 2.0647
20648 3.5 2.0648
20649 3.5 2.0649
20650 3.5 2.065
20651 3.5 2.0651
20652 3.5 2.0652
20653 3.5 2.0653
20654 3.5 2.0654
20655 3.5 2.0655
20656 3.5 2.0656
20657 3.5 2.0657
20658 3.5 2.0658000000000003
20659 3.5 2.0659
20660 3.5 2.0660000000000003
20661 3.5 2.0661
20662 3.5 2.0662000000000003
20663 3.5 2.0663
20664 3.5 2.0664000000000002
20665 3.5 2.0665
20666 3.5 2.0666
20667 3.5 2.0667
20668 3.5 2.0668
20669 3.5 2.0669
20670 3.5 2.067
20671 3.5 2.0671
20672 3.5 2.0672
20673 3.5 2.0673
20674 3.5 2.0674
20675 3.5 2.0675
20676 3.5 2.0676
20677 3.5 2.0677000000000003
20678 3.5 2.0678
20679 3.5 2.0679000000000003
20680 3.5 2.068
20681 3.5 2.0681000000000003
20682 3.5 2.0682
20683 3.5 2.0683000000000002
20684 3.5 2.0684
20685 3.5 2.0685000000000002
20686 3.5 2.0686
20687 3.5 2.0687
20688 3.5 2.0688
20689 3.5 2.0689
20690 3.5 2.069
20691 3.5 2.0691
20692 3.5 2.0692
20693 3.5 2.0693
20694 3.5 2.0694
20695 3.5 2.0695
20696 3.5 2.0696
20697 3.5 2.0697
20698 3.5 2.0698000000000003
20699 3.5 2.0699
20700 3.5 2.0700000000000003
20701 3.5 2.0701
20702 3.5 2.0702000000000003
20703 3.5 2.0703
20704 3.5 2.0704000000000002
20705 3.5 2.0705
20706 3.5 2.0706
20707 3.5 2.0707
20708 3.5 2.0708
20709 3.5 2.0709
20710 3.5 2.071
20711 3.5 2.0711
20712 3.5 2.0712
20713 3.5 2.0713
20714 3.5 2.0714
20715 3.5 2.0715
20716 3.5 2.0716
20717 3.5 2.0717000000000003
20718 3.5 2.0718
20719 3.5 2.0719000000000003
20720 3.5 2.072
20721 3.5 2.0721000000000003
20722 3.5 2.0722
20723 3.5 2.0723000000000003
20724 3.5 2.0724
20725 3.5 2.0725000000000002
20726 3.5 2.0726
20727 3.5 2.0727
20728 3.5 2.0728
20729 3.5 2.0729
20730 3.5 2.073
20731 3.5 2.0731
20732 3.5 2.0732
20733 3.5 2.0733
20734 3.5 2.0734
20735 3.5 2.0735
20736 3.5 2.0736
20737 3.5 2.0737
20738 3.5 2.0738000000000003
20739 3.5 2.0739
20740 3.5 2.0740000000000003
20741 3.5 2.0741
20742 3.5 2.0742000000000003
20743 3.5 2.0743
20744 3.5 2.0744000000000002
20745 3.5 2.0745
20746 3.5 2.0746
20747 3.5 2.0747
20748 3.5 2.0748
20749 3.5 2.0749
20750 3.5 2.075
20751 3.5 2.0751
20752 3.5 2.0752
20753 3.5 2.0753
20754 3.5 2.0754
20755 3.5 2.0755
20756 3.5 2.0756
20757 3.5 2.0757
20758 3.5 2.0758
20759 3.5 2.0759000000000003
20760 3.5 2.076
20761 3.5 2.0761000000000003
20762 3.5 2.0762
20763 3.5 2.0763000000000003
20764 3.5 2.0764
20765 3.5 2.0765000000000002
20766 3.5 2.0766
20767 3.5 2.0767
20768 3.5 2.0768
20769 3.5 2.0769
20770 3.5 2.077
20771 3.5 2.0771
20772 3.5 2.0772
20773 3.5 2.0773
20774 3.5 2.0774
20775 3.5 2.0775
20776 3.5 2.0776
20777 3.5 2.0777
20778 3.5 2.0778000000000003
20779 3.5 2.0779
20780 3.5 2.0780000000000003
20781 3.5 2.0781
20782 3.5 2.0782000000000003
20783 3.5 2.0783
20784 3.5 2.0784000000000002
20785 3.5 2.0785
20786 3.5 2.0786000000000002
20787 3.5 2.0787
20788 3.5 2.0788
20789 3.5 2.0789
20790 3.5 2.079
20791 3.5 2.0791
20792 3.5 2.0792
20793 3.5 2.0793
20794 3.5 2.0794
20795 3.5 2.0795
20796 3.5 2.0796
20797 3.5 2.0797
20798 3.5 2.0798
20799 3.5 2.0799000000000003
20800 3.5 2.08
20801 3.5 2.0801000000000003
20802 3.5 2.0802
20803 3.5 2.0803000000000003
20804 3.5 2.0804
20805 3.5 2.0805000000000002
20806 3.5 2.0806
20807 3.5 2.0807
20808 3.5 2.0808
20809 3.5 2.0809
20810 3.5 2.081
20811 3.5 2.0811
20812 3.5 2.0812
20813 3.5 2.0813
20814 3.5 2.0814
20815 3.5 2.0815
20816 3.5 2.0816
20817 3.5 2.0817
20818 3.5 2.0818000000000003
20819 3.5 2.0819
20820 3.5 2.0820000000000003
20821 3.5 2.0821
20822 3.5 2.0822000000000003
20823 3.5 2.0823
20824 3.5 2.0824000000000003
20825 3.5 2.0825
20826 3.5 2.0826000000000002
20827 3.5 2.0827
20828 3.5 2.0828
20829 3.5 2.0829
20830 3.5 2.083
20831 3.5 2.0831
20832 3.5 2.0832
20833 3.5 2.0833
20834 3.5 2.0834
20835 3.5 2.0835
20836 3.5 2.0836
20837 3.5 2.0837
20838 3.5 2.0838
20839 3.5 2.0839000000000003
20840 3.5 2.084
20841 3.5 2.0841000000000003
20842 3.5 2.0842
20843 3.5 2.0843000000000003
20844 3.5 2.0844
20845 3.5 2.0845000000000002
20846 3.5 2.0846
20847 3.5 2.0847
20848 3.5 2.0848
20849 3.5 2.0849
20850 3.5 2.085
20851 3.5 2.0851
20852 3.5 2.0852
20853 3.5 2.0853
20854 3.5 2.0854
20855 3.5 2.0855
20856 3.5 2.0856
20857 3.5 2.0857
20858 3.5 2.0858000000000003
20859 3.5 2.0859
20860 3.5 2.0860000000000003
20861 3.5 2.0861
20862 3.5 2.0862000000000003
20863 3.5 2.0863
20864 3.5 2.0864000000000003
20865 3.5 2.0865
20866 3.5 2.0866000000000002
20867 3.5 2.0867
20868 3.5 2.0868
20869 3.5 2.0869
20870 3.5 2.087
20871 3.5 2.0871
20872 3.5 2.0872
20873 3.5 2.0873
20874 3.5 2.0874
20875 3.5 2.0875
20876 3.5 2.0876
20877 3.5 2.0877
20878 3.5 2.0878
20879 3.5 2.0879000000000003
20880 3.5 2.088
20881 3.5 2.0881000000000003
20882 3.5 2.0882
20883 3.5 2.0883000000000003
20884 3.5 2.0884
20885 3.5 2.0885000000000002
20886 3.5 2.0886
20887 3.5 2.0887000000000002
20888 3.5 2.0888
20889 3.5 2.0889
20890 3.5 2.089
20891 3.5 2.0891
20892 3.5 2.0892
20893 3.5 2.0893
20894 3.5 2.0894
20895 3.5 2.0895
20896 3.5 2.0896
20897 3.5 2.0897
20898 3.5 2.0898
20899 3.5 2.0899
20900 3.5 2.0900000000000003
20901 3.5 2.0901
20902 3.5 2.0902000000000003
20903 3.5 2.0903
20904 3.5 2.0904000000000003
20905 3.5 2.0905
20906 3.5 2.0906000000000002
20907 3.5 2.0907
20908 3.5 2.0908
20909 3.5 2.0909
20910 3.5 2.091
20911 3.5 2.0911
20912 3.5 2.0912
20913 3.5 2.0913
20914 3.5 2.0914
20915 3.5 2.0915
20916 3.5 2.0916
20917 3.5 2.0917
20918 3.5 2.0918
20919 3.5 2.0919000000000003
20920 3.5 2.092
20921 3.5 2.0921000000000003
20922 3.5 2.0922
20923 3.5 2.0923000000000003
20924 3.5 2.0924
20925 3.5 2.0925000000000002
20926 3.5 2.0926
20927 3.5 2.0927000000000002
20928 3.5 2.0928
20929 3.5 2.0929
20930 3.5 2.093
20931 3.5 2.0931
20932 3.5 2.0932
20933 3.5 2.0933
20934 3.5 2.0934
20935 3.5 2.0935
20936 3.5 2.0936
20937 3.5 2.0937
20938 3.5 2.0938
20939 3.5 2.0939
20940 3.5 2.0940000000000003
20941 3.5 2.0941
20942 3.5 2.0942000000000003
20943 3.5 2.0943
20944 3.5 2.0944000000000003
20945 3.5 2.0945
20946 3.5 2.0946000000000002
20947 3.5 2.0947
20948 3.5 2.0948
20949 3.5 2.0949
20950 3.5 2.095
20951 3.5 2.0951
20952 3.5 2.0952
20953 3.5 2.0953
20954 3.5 2.0954
20955 3.5 2.0955
20956 3.5 2.0956
20957 3.5 2.0957
20958 3.5 2.0958
20959 3.5 2.0959000000000003
20960 3.5 2.096
20961 3.5 2.0961000000000003
20962 3.5 2.0962
20963 3.5 2.0963000000000003
20964 3.5 2.0964
20965 3.5 2.0965000000000003
20966 3.5 2.0966
20967 3.5 2.0967000000000002
20968 3.5 2.0968
20969 3.5 2.0969
20970 3.5 2.097
20971 3.5 2.0971
20972 3.5 2.0972
20973 3.5 2.0973
20974 3.5 2.0974
20975 3.5 2.0975
20976 3.5 2.0976
20977 3.5 2.0977
20978 3.5 2.0978
20979 3.5 2.0979
20980 3.5 2.0980000000000003
20981 3.5 2.0981
20982 3.5 2.0982000000000003
20983 3.5 2.0983
20984 3.5 2.0984000000000003
20985 3.5 2.0985
20986 3.5 2.0986000000000002
20987 3.5 2.0987
20988 3.5 2.0988
20989 3.5 2.0989
20990 3.5 2.099
20991 3.5 2.0991
20992 3.5 2.0992
20993 3.5 2.0993
20994 3.5 2.0994
20995 3.5 2.0995
20996 3.5 2.0996
20997 3.5 2.0997
20998 3.5 2.0998
20999 3.5 2.0999000000000003
21000 3.5 2.1
21001 3.5 2.1001000000000003
21002 3.5 2.1002
21003 3.5 2.1003000000000003
21004 3.5 2.1004
21005 3.5 2.1005000000000003
21006 3.5 2.1006
21007 3.5 2.1007000000000002
21008 3.5 2.1008
21009 3.5 2.1009
21010 3.5 2.101
21011 3.5 2.1011
21012 3.5 2.1012
21013 3.5 2.1013
21014 3.5 2.1014
21015 3.5 2.1015
21016 3.5 2.1016
21017 3.5 2.1017
21018 3.5 2.1018
21019 3.5 2.1019
21020 3.5 2.1020000000000003
21021 3.5 2.1021
21022 3.5 2.1022000000000003
21023 3.5 2.1023
21024 3.5 2.1024000000000003
21025 3.5 2.1025
21026 3.5 2.1026000000000002
21027 3.5 2.1027
21028 3.5 2.1028000000000002
21029 3.5 2.1029
21030 3.5 2.103
21031 3.5 2.1031
21032 3.5 2.1032
21033 3.5 2.1033
21034 3.5 2.1034
21035 3.5 2.1035
21036 3.5 2.1036
21037 3.5 2.1037
21038 3.5 2.1038
21039 3.5 2.1039
21040 3.5 2.104
21041 3.5 2.1041000000000003
21042 3.5 2.1042
21043 3.5 2.1043000000000003
21044 3.5 2.1044
21045 3.5 2.1045000000000003
21046 3.5 2.1046
21047 3.5 2.1047000000000002
21048 3.5 2.1048
21049 3.5 2.1049
21050 3.5 2.105
21051 3.5 2.1051
21052 3.5 2.1052
21053 3.5 2.1053
21054 3.5 2.1054
21055 3.5 2.1055
21056 3.5 2.1056
21057 3.5 2.1057
21058 3.5 2.1058
21059 3.5 2.1059
21060 3.5 2.1060000000000003
21061 3.5 2.1061
21062 3.5 2.1062000000000003
21063 3.5 2.1063
21064 3.5 2.1064000000000003
21065 3.5 2.1065
21066 3.5 2.1066000000000003
21067 3.5 2.1067
21068 3.5 2.1068000000000002
21069 3.5 2.1069
21070 3.5 2.107
21071 3.5 2.1071
21072 3.5 2.1072
21073 3.5 2.1073
21074 3.5 2.1074
21075 3.5 2.1075
21076 3.5 2.1076
21077 3.5 2.1077
21078 3.5 2.1078
21079 3.5 2.1079
21080 3.5 2.108
21081 3.5 2.1081000000000003
21082 3.5 2.1082
21083 3.5 2.1083000000000003
21084 3.5 2.1084
21085 3.5 2.1085000000000003
21086 3.5 2.1086
21087 3.5 2.1087000000000002
21088 3.5 2.1088
21089 3.5 2.1089
21090 3.5 2.109
21091 3.5 2.1091
21092 3.5 2.1092
21093 3.5 2.1093
21094 3.5 2.1094
21095 3.5 2.1095
21096 3.5 2.1096
21097 3.5 2.1097
21098 3.5 2.1098
21099 3.5 2.1099
21100 3.5 2.1100000000000003
21101 3.5 2.1101
21102 3.5 2.1102000000000003
21103 3.5 2.1103
21104 3.5 2.1104000000000003
21105 3.5 2.1105
21106 3.5 2.1106000000000003
21107 3.5 2.1107
21108 3.5 2.1108000000000002
21109 3.5 2.1109
21110 3.5 2.111
21111 3.5 2.1111
21112 3.5 2.1112
21113 3.5 2.1113
21114 3.5 2.1114
21115 3.5 2.1115
21116 3.5 2.1116
21117 3.5 2.1117
21118 3.5 2.1118
21119 3.5 2.1119
21120 3.5 2.112
21121 3.5 2.1121000000000003
21122 3.5 2.1122
21123 3.5 2.1123000000000003
21124 3.5 2.1124
21125 3.5 2.1125000000000003
21126 3.5 2.1126
21127 3.5 2.1127000000000002
21128 3.5 2.1128
21129 3.5 2.1129000000000002
21130 3.5 2.113
21131 3.5 2.1131
21132 3.5 2.1132
21133 3.5 2.1133
21134 3.5 2.1134
21135 3.5 2.1135
21136 3.5 2.1136
21137 3.5 2.1137
21138 3.5 2.1138
21139 3.5 2.1139
21140 3.5 2.1140000000000003
21141 3.5 2.1141
21142 3.5 2.1142000000000003
21143 3.5 2.1143
21144 3.5 2.1144000000000003
21145 3.5 2.1145
21146 3.5 2.1146000000000003
21147 3.5 2.1147
21148 3.5 2.1148000000000002
21149 3.5 2.1149
21150 3.5 2.115
21151 3.5 2.1151
21152 3.5 2.1152
21153 3.5 2.1153
21154 3.5 2.1154
21155 3.5 2.1155
21156 3.5 2.1156
21157 3.5 2.1157
21158 3.5 2.1158
21159 3.5 2.1159
21160 3.5 2.116
21161 3.5 2.1161000000000003
21162 3.5 2.1162
21163 3.5 2.1163000000000003
21164 3.5 2.1164
21165 3.5 2.1165000000000003
21166 3.5 2.1166
21167 3.5 2.1167000000000002
21168 3.5 2.1168
21169 3.5 2.1169000000000002
21170 3.5 2.117
21171 3.5 2.1171
21172 3.5 2.1172
21173 3.5 2.1173
21174 3.5 2.1174
21175 3.5 2.1175
21176 3.5 2.1176
21177 3.5 2.1177
21178 3.5 2.1178
21179 3.5 2.1179
21180 3.5 2.118
21181 3.5 2.1181
21182 3.5 2.1182000000000003
21183 3.5 2.1183
21184 3.5 2.1184000000000003
21185 3.5 2.1185
21186 3.5 2.1186000000000003
21187 3.5 2.1187
21188 3.5 2.1188000000000002
21189 3.5 2.1189
21190 3.5 2.119
21191 3.5 2.1191
21192 3.5 2.1192
21193 3.5 2.1193
21194 3.5 2.1194
21195 3.5 2.1195
21196 3.5 2.1196
21197 3.5 2.1197
21198 3.5 2.1198
21199 3.5 2.1199
21200 3.5 2.12
21201 3.5 2.1201000000000003
21202 3.5 2.1202
21203 3.5 2.1203000000000003
21204 3.5 2.1204
21205 3.5 2.1205000000000003
21206 3.5 2.1206
21207 3.5 2.1207000000000003
21208 3.5 2.1208
21209 3.5 2.1209000000000002
21210 3.5 2.121
21211 3.5 2.1211
21212 3.5 2.1212
21213 3.5 2.1213
21214 3.5 2.1214
21215 3.5 2.1215
21216 3.5 2.1216
21217 3.5 2.1217
21218 3.5 2.1218
21219 3.5 2.1219
21220 3.5 2.122
21221 3.5 2.1221
21222 3.5 2.1222000000000003
21223 3.5 2.1223
21224 3.5 2.1224000000000003
21225 3.5 2.1225
21226 3.5 2.1226000000000003
21227 3.5 2.1227
21228 3.5 2.1228000000000002
21229 3.5 2.1229
21230 3.5 2.123
21231 3.5 2.1231
21232 3.5 2.1232
21233 3.5 2.1233
21234 3.5 2.1234
21235 3.5 2.1235
21236 3.5 2.1236
21237 3.5 2.1237
21238 3.5 2.1238
21239 3.5 2.1239
21240 3.5 2.124
21241 3.5 2.1241000000000003
21242 3.5 2.1242
21243 3.5 2.1243000000000003
21244 3.5 2.1244
21245 3.5 2.1245000000000003
21246 3.5 2.1246
21247 3.5 2.1247000000000003
21248 3.5 2.1248
21249 3.5 2.1249000000000002
21250 3.5 2.125
21251 3.5 2.1251
21252 3.5 2.1252
21253 3.5 2.1253
21254 3.5 2.1254
21255 3.5 2.1255
21256 3.5 2.1256
21257 3.5 2.1257
21258 3.5 2.1258
21259 3.5 2.1259
21260 3.5 2.126
21261 3.5 2.1261
21262 3.5 2.1262000000000003
21263 3.5 2.1263
21264 3.5 2.1264000000000003
21265 3.5 2.1265
21266 3.5 2.1266000000000003
21267 3.5 2.1267
21268 3.5 2.1268000000000002
21269 3.5 2.1269
21270 3.5 2.1270000000000002
21271 3.5 2.1271
21272 3.5 2.1272
21273 3.5 2.1273
21274 3.5 2.1274
21275 3.5 2.1275
21276 3.5 2.1276
21277 3.5 2.1277
21278 3.5 2.1278
21279 3.5 2.1279
21280 3.5 2.128
21281 3.5 2.1281
21282 3.5 2.1282
21283 3.5 2.1283000000000003
21284 3.5 2.1284
21285 3.5 2.1285000000000003
21286 3.5 2.1286
21287 3.5 2.1287000000000003
21288 3.5 2.1288
21289 3.5 2.1289000000000002
21290 3.5 2.129
21291 3.5 2.1291
21292 3.5 2.1292
21293 3.5 2.1293
21294 3.5 2.1294
21295 3.5 2.1295
21296 3.5 2.1296
21297 3.5 2.1297
21298 3.5 2.1298
21299 3.5 2.1299
21300 3.5 2.13
21301 3.5 2.1301
21302 3.5 2.1302000000000003
21303 3.5 2.1303
21304 3.5 2.1304000000000003
21305 3.5 2.1305
21306 3.5 2.1306000000000003
21307 3.5 2.1307
21308 3.5 2.1308000000000002
21309 3.5 2.1309
21310 3.5 2.1310000000000002
21311 3.5 2.1311
21312 3.5 2.1312
21313 3.5 2.1313
21314 3.5 2.1314
21315 3.5 2.1315
21316 3.5 2.1316
21317 3.5 2.1317
21318 3.5 2.1318
21319 3.5 2.1319
21320 3.5 2.132
21321 3.5 2.1321
21322 3.5 2.1322
21323 3.5 2.1323000000000003
21324 3.5 2.1324
21325 3.5 2.1325000000000003
21326 3.5 2.1326
21327 3.5 2.1327000000000003
21328 3.5 2.1328
21329 3.5 2.1329000000000002
21330 3.5 2.133
21331 3.5 2.1331
21332 3.5 2.1332
21333 3.5 2.1333
21334 3.5 2.1334
21335 3.5 2.1335
21336 3.5 2.1336
21337 3.5 2.1337
21338 3.5 2.1338
21339 3.5 2.1339
21340 3.5 2.134
21341 3.5 2.1341
21342 3.5 2.1342000000000003
21343 3.5 2.1343
21344 3.5 2.1344000000000003
21345 3.5 2.1345
21346 3.5 2.1346000000000003
21347 3.5 2.1347
21348 3.5 2.1348000000000003
21349 3.5 2.1349
21350 3.5 2.1350000000000002
21351 3.5 2.1351
21352 3.5 2.1352
21353 3.5 2.1353
21354 3.5 2.1354
21355 3.5 2.1355
21356 3.5 2.1356
21357 3.5 2.1357
21358 3.5 2.1358
21359 3.5 2.1359
21360 3.5 2.136
21361 3.5 2.1361
21362 3.5 2.1362
21363 3.5 2.1363000000000003
21364 3.5 2.1364
21365 3.5 2.1365000000000003
21366 3.5 2.1366
21367 3.5 2.1367000000000003
21368 3.5 2.1368
21369 3.5 2.1369000000000002
21370 3.5 2.137
21371 3.5 2.1371
21372 3.5 2.1372
21373 3.5 2.1373
21374 3.5 2.1374
21375 3.5 2.1375
21376 3.5 2.1376
21377 3.5 2.1377
21378 3.5 2.1378
21379 3.5 2.1379
21380 3.5 2.138
21381 3.5 2.1381
21382 3.5 2.1382000000000003
21383 3.5 2.1383
21384 3.5 2.1384000000000003
21385 3.5 2.1385
21386 3.5 2.1386000000000003
21387 3.5 2.1387
21388 3.5 2.1388000000000003
21389 3.5 2.1389
21390 3.5 2.1390000000000002
21391 3.5 2.1391
21392 3.5 2.1392
21393 3.5 2.1393
21394 3.5 2.1394
21395 3.5 2.1395
21396 3.5 2.1396
21397 3.5 2.1397
21398 3.5 2.1398
21399 3.5 2.1399
21400 3.5 2.14
21401 3.5 2.1401
21402 3.5 2.1402
21403 3.5 2.1403000000000003
21404 3.5 2.1404
21405 3.5 2.1405000000000003
21406 3.5 2.1406
21407 3.5 2.1407000000000003
21408 3.5 2.1408
21409 3.5 2.1409000000000002
21410 3.5 2.141
21411 3.5 2.1411000000000002
21412 3.5 2.1412
21413 3.5 2.1413
21414 3.5 2.1414
21415 3.5 2.1415
21416 3.5 2.1416
21417 3.5 2.1417
21418 3.5 2.1418
21419 3.5 2.1419
21420 3.5 2.142
21421 3.5 2.1421
21422 3.5 2.1422
21423 3.5 2.1423
21424 3.5 2.1424000000000003
21425 3.5 2.1425
21426 3.5 2.1426000000000003
21427 3.5 2.1427
21428 3.5 2.1428000000000003
21429 3.5 2.1429
21430 3.5 2.1430000000000002
21431 3.5 2.1431
21432 3.5 2.1432
21433 3.5 2.1433
21434 3.5 2.1434
21435 3.5 2.1435
21436 3.5 2.1436
21437 3.5 2.1437
21438 3.5 2.1438
21439 3.5 2.1439
21440 3.5 2.144
21441 3.5 2.1441
21442 3.5 2.1442
21443 3.5 2.1443000000000003
21444 3.5 2.1444
21445 3.5 2.1445000000000003
21446 3.5 2.1446
21447 3.5 2.1447000000000003
21448 3.5 2.1448
21449 3.5 2.1449000000000003
21450 3.5 2.145
21451 3.5 2.1451000000000002
21452 3.5 2.1452
21453 3.5 2.1453
21454 3.5 2.1454
21455 3.5 2.1455
21456 3.5 2.1456
21457 3.5 2.1457
21458 3.5 2.1458
21459 3.5 2.1459
21460 3.5 2.146
21461 3.5 2.1461
21462 3.5 2.1462
21463 3.5 2.1463
21464 3.5 2.1464000000000003
21465 3.5 2.1465
21466 3.5 2.1466000000000003
21467 3.5 2.1467
21468 3.5 2.1468000000000003
21469 3.5 2.1469
21470 3.5 2.1470000000000002
21471 3.5 2.1471
21472 3.5 2.1472
21473 3.5 2.1473
21474 3.5 2.1474
21475 3.5 2.1475
21476 3.5 2.1476
21477 3.5 2.1477
21478 3.5 2.1478
21479 3.5 2.1479
21480 3.5 2.148
21481 3.5 2.1481
21482 3.5 2.1482
21483 3.5 2.1483000000000003
21484 3.5 2.1484
21485 3.5 2.1485000000000003
21486 3.5 2.1486
21487 3.5 2.1487000000000003
21488 3.5 2.1488
21489 3.5 2.1489000000000003
21490 3.5 2.149
21491 3.5 2.1491000000000002
21492 3.5 2.1492
21493 3.5 2.1493
21494 3.5 2.1494
21495 3.5 2.1495
21496 3.5 2.1496
21497 3.5 2.1497
21498 3.5 2.1498
21499 3.5 2.1499
21500 3.5 2.15
21501 3.5 2.1501
21502 3.5 2.1502
21503 3.5 2.1503
21504 3.5 2.1504000000000003
21505 3.5 2.1505
21506 3.5 2.1506000000000003
21507 3.5 2.1507
21508 3.5 2.1508000000000003
21509 3.5 2.1509
21510 3.5 2.1510000000000002
21511 3.5 2.1511
21512 3.5 2.1512000000000002
21513 3.5 2.1513
21514 3.5 2.1514
21515 3.5 2.1515
21516 3.5 2.1516
21517 3.5 2.1517
21518 3.5 2.1518
21519 3.5 2.1519
21520 3.5 2.152
21521 3.5 2.1521
21522 3.5 2.1522
21523 3.5 2.1523000000000003
21524 3.5 2.1524
21525 3.5 2.1525000000000003
21526 3.5 2.1526
21527 3.5 2.1527000000000003
21528 3.5 2.1528
21529 3.5 2.1529000000000003
21530 3.5 2.153
21531 3.5 2.1531000000000002
21532 3.5 2.1532
21533 3.5 2.1533
21534 3.5 2.1534
21535 3.5 2.1535
21536 3.5 2.1536
21537 3.5 2.1537
21538 3.5 2.1538
21539 3.5 2.1539
21540 3.5 2.154
21541 3.5 2.1541
21542 3.5 2.1542
21543 3.5 2.1543
21544 3.5 2.1544000000000003
21545 3.5 2.1545
21546 3.5 2.1546000000000003
21547 3.5 2.1547
21548 3.5 2.1548000000000003
21549 3.5 2.1549
21550 3.5 2.1550000000000002
21551 3.5 2.1551
21552 3.5 2.1552000000000002
21553 3.5 2.1553
21554 3.5 2.1554
21555 3.5 2.1555
21556 3.5 2.1556
21557 3.5 2.1557
21558 3.5 2.1558
21559 3.5 2.1559
21560 3.5 2.156
21561 3.5 2.1561
21562 3.5 2.1562
21563 3.5 2.1563
21564 3.5 2.1564
21565 3.5 2.1565000000000003
21566 3.5 2.1566
21567 3.5 2.1567000000000003
21568 3.5 2.1568
21569 3.5 2.1569000000000003
21570 3.5 2.157
21571 3.5 2.1571000000000002
21572 3.5 2.1572
21573 3.5 2.1573
21574 3.5 2.1574
21575 3.5 2.1575
21576 3.5 2.1576
21577 3.5 2.1577
21578 3.5 2.1578
21579 3.5 2.1579
21580 3.5 2.158
21581 3.5 2.1581
21582 3.5 2.1582
21583 3.5 2.1583
21584 3.5 2.1584000000000003
21585 3.5 2.1585
21586 3.5 2.1586000000000003
21587 3.5 2.1587
21588 3.5 2.1588000000000003
21589 3.5 2.1589
21590 3.5 2.1590000000000003
21591 3.5 2.1591
21592 3.5 2.1592000000000002
21593 3.5 2.1593
21594 3.5 2.1594
21595 3.5 2.1595
21596 3.5 2.1596
21597 3.5 2.1597
21598 3.5 2.1598
21599 3.5 2.1599
21600 3.5 2.16
21601 3.5 2.1601
21602 3.5 2.1602
21603 3.5 2.1603
21604 3.5 2.1604
21605 3.5 2.1605000000000003
21606 3.5 2.1606
21607 3.5 2.1607000000000003
21608 3.5 2.1608
21609 3.5 2.1609000000000003
21610 3.5 2.161
21611 3.5 2.1611000000000002
21612 3.5 2.1612
21613 3.5 2.1613
21614 3.5 2.1614
21615 3.5 2.1615
21616 3.5 2.1616
21617 3.5 2.1617
21618 3.5 2.1618
21619 3.5 2.1619
21620 3.5 2.162
21621 3.5 2.1621
21622 3.5 2.1622
21623 3.5 2.1623
21624 3.5 2.1624000000000003
21625 3.5 2.1625
21626 3.5 2.1626000000000003
21627 3.5 2.1627
21628 3.5 2.1628000000000003
21629 3.5 2.1629
21630 3.5 2.1630000000000003
21631 3.5 2.1631
21632 3.5 2.1632000000000002
21633 3.5 2.1633
21634 3.5 2.1634
21635 3.5 2.1635
21636 3.5 2.1636
21637 3.5 2.1637
21638 3.5 2.1638
21639 3.5 2.1639
21640 3.5 2.164
21641 3.5 2.1641
21642 3.5 2.1642
21643 3.5 2.1643
21644 3.5 2.1644
21645 3.5 2.1645000000000003
21646 3.5 2.1646
21647 3.5 2.1647000000000003
21648 3.5 2.1648
21649 3.5 2.1649000000000003
21650 3.5 2.165
21651 3.5 2.1651000000000002
21652 3.5 2.1652
21653 3.5 2.1653000000000002
21654 3.5 2.1654
21655 3.5 2.1655
21656 3.5 2.1656
21657 3.5 2.1657
21658 3.5 2.1658
21659 3.5 2.1659
21660 3.5 2.166
21661 3.5 2.1661
21662 3.5 2.1662
21663 3.5 2.1663
21664 3.5 2.1664000000000003
21665 3.5 2.1665
21666 3.5 2.1666000000000003
21667 3.5 2.1667
21668 3.5 2.1668000000000003
21669 3.5 2.1669
21670 3.5 2.1670000000000003
21671 3.5 2.1671
21672 3.5 2.1672000000000002
21673 3.5 2.1673
21674 3.5 2.1674
21675 3.5 2.1675
21676 3.5 2.1676
21677 3.5 2.1677
21678 3.5 2.1678
21679 3.5 2.1679
21680 3.5 2.168
21681 3.5 2.1681
21682 3.5 2.1682
21683 3.5 2.1683
21684 3.5 2.1684
21685 3.5 2.1685000000000003
21686 3.5 2.1686
21687 3.5 2.1687000000000003
21688 3.5 2.1688
21689 3.5 2.1689000000000003
21690 3.5 2.169
21691 3.5 2.1691000000000003
21692 3.5 2.1692
21693 3.5 2.1693000000000002
21694 3.5 2.1694
21695 3.5 2.1695
21696 3.5 2.1696
21697 3.5 2.1697
21698 3.5 2.1698
21699 3.5 2.1699
21700 3.5 2.17
21701 3.5 2.1701
21702 3.5 2.1702
21703 3.5 2.1703
21704 3.5 2.1704
21705 3.5 2.1705
21706 3.5 2.1706000000000003
21707 3.5 2.1707
21708 3.5 2.1708000000000003
21709 3.5 2.1709
21710 3.5 2.1710000000000003
21711 3.5 2.1711
21712 3.5 2.1712000000000002
21713 3.5 2.1713
21714 3.5 2.1714
21715 3.5 2.1715
21716 3.5 2.1716
21717 3.5 2.1717
21718 3.5 2.1718
21719 3.5 2.1719
21720 3.5 2.172
21721 3.5 2.1721
21722 3.5 2.1722
21723 3.5 2.1723
21724 3.5 2.1724
21725 3.5 2.1725000000000003
21726 3.5 2.1726
21727 3.5 2.1727000000000003
21728 3.5 2.1728
21729 3.5 2.1729000000000003
21730 3.5 2.173
21731 3.5 2.1731000000000003
21732 3.5 2.1732
21733 3.5 2.1733000000000002
21734 3.5 2.1734
21735 3.5 2.1735
21736 3.5 2.1736
21737 3.5 2.1737
21738 3.5 2.1738
21739 3.5 2.1739
21740 3.5 2.174
21741 3.5 2.1741
21742 3.5 2.1742
21743 3.5 2.1743
21744 3.5 2.1744
21745 3.5 2.1745
21746 3.5 2.1746000000000003
21747 3.5 2.1747
21748 3.5 2.1748000000000003
21749 3.5 2.1749
21750 3.5 2.1750000000000003
21751 3.5 2.1751
21752 3.5 2.1752000000000002
21753 3.5 2.1753
21754 3.5 2.1754000000000002
21755 3.5 2.1755
21756 3.5 2.1756
21757 3.5 2.1757
21758 3.5 2.1758
21759 3.5 2.1759
21760 3.5 2.176
21761 3.5 2.1761
21762 3.5 2.1762
21763 3.5 2.1763
21764 3.5 2.1764
21765 3.5 2.1765000000000003
21766 3.5 2.1766
21767 3.5 2.1767000000000003
21768 3.5 2.1768
21769 3.5 2.1769000000000003
21770 3.5 2.177
21771 3.5 2.1771000000000003
21772 3.5 2.1772
21773 3.5 2.1773000000000002
21774 3.5 2.1774
21775 3.5 2.1775
21776 3.5 2.1776
21777 3.5 2.1777
21778 3.5 2.1778
21779 3.5 2.1779
21780 3.5 2.178
21781 3.5 2.1781
21782 3.5 2.1782
21783 3.5 2.1783
21784 3.5 2.1784
21785 3.5 2.1785
21786 3.5 2.1786000000000003
21787 3.5 2.1787
21788 3.5 2.1788000000000003
21789 3.5 2.1789
21790 3.5 2.1790000000000003
21791 3.5 2.1791
21792 3.5 2.1792000000000002
21793 3.5 2.1793
21794 3.5 2.1794000000000002
21795 3.5 2.1795
21796 3.5 2.1796
21797 3.5 2.1797
21798 3.5 2.1798
21799 3.5 2.1799
21800 3.5 2.18
21801 3.5 2.1801
21802 3.5 2.1802
21803 3.5 2.1803
21804 3.5 2.1804
21805 3.5 2.1805
21806 3.5 2.1806
21807 3.5 2.1807000000000003
21808 3.5 2.1808
21809 3.5 2.1809000000000003
21810 3.5 2.181
21811 3.5 2.1811000000000003
21812 3.5 2.1812
21813 3.5 2.1813000000000002
21814 3.5 2.1814
21815 3.5 2.1815
21816 3.5 2.1816
21817 3.5 2.1817
21818 3.5 2.1818
21819 3.5 2.1819
21820 3.5 2.182
21821 3.5 2.1821
21822 3.5 2.1822
21823 3.5 2.1823
21824 3.5 2.1824
21825 3.5 2.1825
21826 3.5 2.1826000000000003
21827 3.5 2.1827
21828 3.5 2.1828000000000003
21829 3.5 2.1829
21830 3.5 2.1830000000000003
21831 3.5 2.1831
21832 3.5 2.1832000000000003
21833 3.5 2.1833
21834 3.5 2.1834000000000002
21835 3.5 2.1835
21836 3.5 2.1836
21837 3.5 2.1837
21838 3.5 2.1838
21839 3.5 2.1839
21840 3.5 2.184
21841 3.5 2.1841
21842 3.5 2.1842
21843 3.5 2.1843
21844 3.5 2.1844
21845 3.5 2.1845
21846 3.5 2.1846
21847 3.5 2.1847000000000003
21848 3.5 2.1848
21849 3.5 2.1849000000000003
21850 3.5 2.185
21851 3.5 2.1851000000000003
21852 3.5 2.1852
21853 3.5 2.1853000000000002
21854 3.5 2.1854
21855 3.5 2.1855
21856 3.5 2.1856
21857 3.5 2.1857
21858 3.5 2.1858
21859 3.5 2.1859
21860 3.5 2.186
21861 3.5 2.1861
21862 3.5 2.1862
21863 3.5 2.1863
21864 3.5 2.1864
21865 3.5 2.1865
21866 3.5 2.1866000000000003
21867 3.5 2.1867
21868 3.5 2.1868000000000003
21869 3.5 2.1869
21870 3.5 2.1870000000000003
21871 3.5 2.1871
21872 3.5 2.1872000000000003
21873 3.5 2.1873
21874 3.5 2.1874000000000002
21875 3.5 2.1875
21876 3.5 2.1876
21877 3.5 2.1877
21878 3.5 2.1878
21879 3.5 2.1879
21880 3.5 2.188
21881 3.5 2.1881
21882 3.5 2.1882
21883 3.5 2.1883
21884 3.5 2.1884
21885 3.5 2.1885
21886 3.5 2.1886
21887 3.5 2.1887000000000003
21888 3.5 2.1888
21889 3.5 2.1889000000000003
21890 3.5 2.189
21891 3.5 2.1891000000000003
21892 3.5 2.1892
21893 3.5 2.1893000000000002
21894 3.5 2.1894
21895 3.5 2.1895000000000002
21896 3.5 2.1896
21897 3.5 2.1897
21898 3.5 2.1898
21899 3.5 2.1899
21900 3.5 2.19
21901 3.5 2.1901
21902 3.5 2.1902
21903 3.5 2.1903
21904 3.5 2.1904
21905 3.5 2.1905
21906 3.5 2.1906000000000003
21907 3.5 2.1907
21908 3.5 2.1908000000000003
21909 3.5 2.1909
21910 3.5 2.1910000000000003
21911 3.5 2.1911
21912 3.5 2.1912000000000003
21913 3.5 2.1913
21914 3.5 2.1914000000000002
21915 3.5 2.1915
21916 3.5 2.1916
21917 3.5 2.1917
21918 3.5 2.1918
21919 3.5 2.1919
21920 3.5 2.192
21921 3.5 2.1921
21922 3.5 2.1922
21923 3.5 2.1923
21924 3.5 2.1924
21925 3.5 2.1925
21926 3.5 2.1926
21927 3.5 2.1927000000000003
21928 3.5 2.1928
21929 3.5 2.1929000000000003
21930 3.5 2.193
21931 3.5 2.1931000000000003
21932 3.5 2.1932
21933 3.5 2.1933000000000002
21934 3.5 2.1934
21935 3.5 2.1935000000000002
21936 3.5 2.1936
21937 3.5 2.1937
21938 3.5 2.1938
21939 3.5 2.1939
21940 3.5 2.194
21941 3.5 2.1941
21942 3.5 2.1942
21943 3.5 2.1943
21944 3.5 2.1944
21945 3.5 2.1945
21946 3.5 2.1946
21947 3.5 2.1947
21948 3.5 2.1948000000000003
21949 3.5 2.1949
21950 3.5 2.1950000000000003
21951 3.5 2.1951
21952 3.5 2.1952000000000003
21953 3.5 2.1953
21954 3.5 2.1954000000000002
21955 3.5 2.1955
21956 3.5 2.1956
21957 3.5 2.1957
21958 3.5 2.1958
21959 3.5 2.1959
21960 3.5 2.196
21961 3.5 2.1961
21962 3.5 2.1962
21963 3.5 2.1963
21964 3.5 2.1964
21965 3.5 2.1965
21966 3.5 2.1966
21967 3.5 2.1967000000000003
21968 3.5 2.1968
21969 3.5 2.1969000000000003
21970 3.5 2.197
21971 3.5 2.1971000000000003
21972 3.5 2.1972
21973 3.5 2.1973000000000003
21974 3.5 2.1974
21975 3.5 2.1975000000000002
21976 3.5 2.1976
21977 3.5 2.1977
21978 3.5 2.1978
21979 3.5 2.1979
21980 3.5 2.198
21981 3.5 2.1981
21982 3.5 2.1982
21983 3.5 2.1983
21984 3.5 2.1984
21985 3.5 2.1985
21986 3.5 2.1986
21987 3.5 2.1987
21988 3.5 2.1988000000000003
21989 3.5 2.1989
21990 3.5 2.1990000000000003
21991 3.5 2.1991
21992 3.5 2.1992000000000003
21993 3.5 2.1993
21994 3.5 2.1994000000000002
21995 3.5 2.1995
21996 3.5 2.1996
21997 3.5 2.1997
21998 3.5 2.1998
21999 3.5 2.1999
22000 3.5 2.2
22001 3.5 2.2001
22002 3.5 2.2002
22003 3.5 2.2003
22004 3.5 2.2004
22005 3.5 2.2005
22006 3.5 2.2006
22007 3.5 2.2007000000000003
22008 3.5 2.2008
22009 3.5 2.2009000000000003
22010 3.5 2.201
22011 3.5 2.2011000000000003
22012 3.5 2.2012
22013 3.5 2.2013000000000003
22014 3.5 2.2014
22015 3.5 2.2015000000000002
22016 3.5 2.2016
22017 3.5 2.2017
22018 3.5 2.2018
22019 3.5 2.2019
22020 3.5 2.202
22021 3.5 2.2021
22022 3.5 2.2022
22023 3.5 2.2023
22024 3.5 2.2024
22025 3.5 2.2025
22026 3.5 2.2026
22027 3.5 2.2027
22028 3.5 2.2028000000000003
22029 3.5 2.2029
22030 3.5 2.2030000000000003
22031 3.5 2.2031
22032 3.5 2.2032000000000003
22033 3.5 2.2033
22034 3.5 2.2034000000000002
22035 3.5 2.2035
22036 3.5 2.2036000000000002
22037 3.5 2.2037
22038 3.5 2.2038
22039 3.5 2.2039
22040 3.5 2.204
22041 3.5 2.2041
22042 3.5 2.2042
22043 3.5 2.2043
22044 3.5 2.2044
22045 3.5 2.2045
22046 3.5 2.2046
22047 3.5 2.2047000000000003
22048 3.5 2.2048
22049 3.5 2.2049000000000003
22050 3.5 2.205
22051 3.5 2.2051000000000003
22052 3.5 2.2052
22053 3.5 2.2053000000000003
22054 3.5 2.2054
22055 3.5 2.2055000000000002
22056 3.5 2.2056
22057 3.5 2.2057
22058 3.5 2.2058
22059 3.5 2.2059
22060 3.5 2.206
22061 3.5 2.2061
22062 3.5 2.2062
22063 3.5 2.2063
22064 3.5 2.2064
22065 3.5 2.2065
22066 3.5 2.2066
22067 3.5 2.2067
22068 3.5 2.2068000000000003
22069 3.5 2.2069
22070 3.5 2.2070000000000003
22071 3.5 2.2071
22072 3.5 2.2072000000000003
22073 3.5 2.2073
22074 3.5 2.2074000000000003
22075 3.5 2.2075
22076 3.5 2.2076000000000002
22077 3.5 2.2077
22078 3.5 2.2078
22079 3.5 2.2079
22080 3.5 2.208
22081 3.5 2.2081
22082 3.5 2.2082
22083 3.5 2.2083
22084 3.5 2.2084
22085 3.5 2.2085
22086 3.5 2.2086
22087 3.5 2.2087
22088 3.5 2.2088
22089 3.5 2.2089000000000003
22090 3.5 2.209
22091 3.5 2.2091000000000003
22092 3.5 2.2092
22093 3.5 2.2093000000000003
22094 3.5 2.2094
22095 3.5 2.2095000000000002
22096 3.5 2.2096
22097 3.5 2.2097
22098 3.5 2.2098
22099 3.5 2.2099
22100 3.5 2.21
22101 3.5 2.2101
22102 3.5 2.2102
22103 3.5 2.2103
22104 3.5 2.2104
22105 3.5 2.2105
22106 3.5 2.2106
22107 3.5 2.2107
22108 3.5 2.2108000000000003
22109 3.5 2.2109
22110 3.5 2.2110000000000003
22111 3.5 2.2111
22112 3.5 2.2112000000000003
22113 3.5 2.2113
22114 3.5 2.2114000000000003
22115 3.5 2.2115
22116 3.5 2.2116000000000002
22117 3.5 2.2117
22118 3.5 2.2118
22119 3.5 2.2119
22120 3.5 2.212
22121 3.5 2.2121
22122 3.5 2.2122
22123 3.5 2.2123
22124 3.5 2.2124
22125 3.5 2.2125
22126 3.5 2.2126
22127 3.5 2.2127
22128 3.5 2.2128
22129 3.5 2.2129000000000003
22130 3.5 2.213
22131 3.5 2.2131000000000003
22132 3.5 2.2132
22133 3.5 2.2133000000000003
22134 3.5 2.2134
22135 3.5 2.2135000000000002
22136 3.5 2.2136
22137 3.5 2.2137000000000002
22138 3.5 2.2138
22139 3.5 2.2139
22140 3.5 2.214
22141 3.5 2.2141
22142 3.5 2.2142
22143 3.5 2.2143
22144 3.5 2.2144
22145 3.5 2.2145
22146 3.5 2.2146
22147 3.5 2.2147
22148 3.5 2.2148000000000003
22149 3.5 2.2149
22150 3.5 2.2150000000000003
22151 3.5 2.2151
22152 3.5 2.2152000000000003
22153 3.5 2.2153
22154 3.5 2.2154000000000003
22155 3.5 2.2155
22156 3.5 2.2156000000000002
22157 3.5 2.2157
22158 3.5 2.2158
22159 3.5 2.2159
22160 3.5 2.216
22161 3.5 2.2161
22162 3.5 2.2162
22163 3.5 2.2163
22164 3.5 2.2164
22165 3.5 2.2165
22166 3.5 2.2166
22167 3.5 2.2167
22168 3.5 2.2168
22169 3.5 2.2169000000000003
22170 3.5 2.217
22171 3.5 2.2171000000000003
22172 3.5 2.2172
22173 3.5 2.2173000000000003
22174 3.5 2.2174
22175 3.5 2.2175000000000002
22176 3.5 2.2176
22177 3.5 2.2177000000000002
22178 3.5 2.2178
22179 3.5 2.2179
22180 3.5 2.218
22181 3.5 2.2181
22182 3.5 2.2182
22183 3.5 2.2183
22184 3.5 2.2184
22185 3.5 2.2185
22186 3.5 2.2186
22187 3.5 2.2187
22188 3.5 2.2188000000000003
22189 3.5 2.2189
22190 3.5 2.2190000000000003
22191 3.5 2.2191
22192 3.5 2.2192000000000003
22193 3.5 2.2193
22194 3.5 2.2194000000000003
22195 3.5 2.2195
22196 3.5 2.2196000000000002
22197 3.5 2.2197
22198 3.5 2.2198
22199 3.5 2.2199
22200 3.5 2.22
22201 3.5 2.2201
22202 3.5 2.2202
22203 3.5 2.2203
22204 3.5 2.2204
22205 3.5 2.2205
22206 3.5 2.2206
22207 3.5 2.2207
22208 3.5 2.2208
22209 3.5 2.2209000000000003
22210 3.5 2.221
22211 3.5 2.2211000000000003
22212 3.5 2.2212
22213 3.5 2.2213000000000003
22214 3.5 2.2214
22215 3.5 2.2215000000000003
22216 3.5 2.2216
22217 3.5 2.2217000000000002
22218 3.5 2.2218
22219 3.5 2.2219
22220 3.5 2.222
22221 3.5 2.2221
22222 3.5 2.2222
22223 3.5 2.2223
22224 3.5 2.2224
22225 3.5 2.2225
22226 3.5 2.2226
22227 3.5 2.2227
22228 3.5 2.2228
22229 3.5 2.2229
22230 3.5 2.2230000000000003
22231 3.5 2.2231
22232 3.5 2.2232000000000003
22233 3.5 2.2233
22234 3.5 2.2234000000000003
22235 3.5 2.2235
22236 3.5 2.2236000000000002
22237 3.5 2.2237
22238 3.5 2.2238
22239 3.5 2.2239
22240 3.5 2.224
22241 3.5 2.2241
22242 3.5 2.2242
22243 3.5 2.2243
22244 3.5 2.2244
22245 3.5 2.2245
22246 3.5 2.2246
22247 3.5 2.2247
22248 3.5 2.2248
22249 3.5 2.2249000000000003
22250 3.5 2.225
22251 3.5 2.2251000000000003
22252 3.5 2.2252
22253 3.5 2.2253000000000003
22254 3.5 2.2254
22255 3.5 2.2255000000000003
22256 3.5 2.2256
22257 3.5 2.2257000000000002
22258 3.5 2.2258
22259 3.5 2.2259
22260 3.5 2.226
22261 3.5 2.2261
22262 3.5 2.2262
22263 3.5 2.2263
22264 3.5 2.2264
22265 3.5 2.2265
22266 3.5 2.2266
22267 3.5 2.2267
22268 3.5 2.2268
22269 3.5 2.2269
22270 3.5 2.2270000000000003
22271 3.5 2.2271
22272 3.5 2.2272000000000003
22273 3.5 2.2273
22274 3.5 2.2274000000000003
22275 3.5 2.2275
22276 3.5 2.2276000000000002
22277 3.5 2.2277
22278 3.5 2.2278000000000002
22279 3.5 2.2279
22280 3.5 2.228
22281 3.5 2.2281
22282 3.5 2.2282
22283 3.5 2.2283
22284 3.5 2.2284
22285 3.5 2.2285
22286 3.5 2.2286
22287 3.5 2.2287
22288 3.5 2.2288
22289 3.5 2.2289000000000003
22290 3.5 2.229
22291 3.5 2.2291000000000003
22292 3.5 2.2292
22293 3.5 2.2293000000000003
22294 3.5 2.2294
22295 3.5 2.2295000000000003
22296 3.5 2.2296
22297 3.5 2.2297000000000002
22298 3.5 2.2298
22299 3.5 2.2299
22300 3.5 2.23
22301 3.5 2.2301
22302 3.5 2.2302
22303 3.5 2.2303
22304 3.5 2.2304
22305 3.5 2.2305
22306 3.5 2.2306
22307 3.5 2.2307
22308 3.5 2.2308
22309 3.5 2.2309
22310 3.5 2.2310000000000003
22311 3.5 2.2311
22312 3.5 2.2312000000000003
22313 3.5 2.2313
22314 3.5 2.2314000000000003
22315 3.5 2.2315
22316 3.5 2.2316000000000003
22317 3.5 2.2317
22318 3.5 2.2318000000000002
22319 3.5 2.2319
22320 3.5 2.232
22321 3.5 2.2321
22322 3.5 2.2322
22323 3.5 2.2323
22324 3.5 2.2324
22325 3.5 2.2325
22326 3.5 2.2326
22327 3.5 2.2327
22328 3.5 2.2328
22329 3.5 2.2329000000000003
22330 3.5 2.233
22331 3.5 2.2331000000000003
22332 3.5 2.2332
22333 3.5 2.2333000000000003
22334 3.5 2.2334
22335 3.5 2.2335000000000003
22336 3.5 2.2336
22337 3.5 2.2337000000000002
22338 3.5 2.2338
22339 3.5 2.2339
22340 3.5 2.234
22341 3.5 2.2341
22342 3.5 2.2342
22343 3.5 2.2343
22344 3.5 2.2344
22345 3.5 2.2345
22346 3.5 2.2346
22347 3.5 2.2347
22348 3.5 2.2348
22349 3.5 2.2349
22350 3.5 2.2350000000000003
22351 3.5 2.2351
22352 3.5 2.2352000000000003
22353 3.5 2.2353
22354 3.5 2.2354000000000003
22355 3.5 2.2355
22356 3.5 2.2356000000000003
22357 3.5 2.2357
22358 3.5 2.2358000000000002
22359 3.5 2.2359
22360 3.5 2.236
22361 3.5 2.2361
22362 3.5 2.2362
22363 3.5 2.2363
22364 3.5 2.2364
22365 3.5 2.2365
22366 3.5 2.2366
22367 3.5 2.2367
22368 3.5 2.2368
22369 3.5 2.2369
22370 3.5 2.237
22371 3.5 2.2371000000000003
22372 3.5 2.2372
22373 3.5 2.2373000000000003
22374 3.5 2.2374
22375 3.5 2.2375000000000003
22376 3.5 2.2376
22377 3.5 2.2377000000000002
22378 3.5 2.2378
22379 3.5 2.2379000000000002
22380 3.5 2.238
22381 3.5 2.2381
22382 3.5 2.2382
22383 3.5 2.2383
22384 3.5 2.2384
22385 3.5 2.2385
22386 3.5 2.2386
22387 3.5 2.2387
22388 3.5 2.2388
22389 3.5 2.2389
22390 3.5 2.2390000000000003
22391 3.5 2.2391
22392 3.5 2.2392000000000003
22393 3.5 2.2393
22394 3.5 2.2394000000000003
22395 3.5 2.2395
22396 3.5 2.2396000000000003
22397 3.5 2.2397
22398 3.5 2.2398000000000002
22399 3.5 2.2399
22400 3.5 2.24
22401 3.5 2.2401
22402 3.5 2.2402
22403 3.5 2.2403
22404 3.5 2.2404
22405 3.5 2.2405
22406 3.5 2.2406
22407 3.5 2.2407
22408 3.5 2.2408
22409 3.5 2.2409
22410 3.5 2.241
22411 3.5 2.2411000000000003
22412 3.5 2.2412
22413 3.5 2.2413000000000003
22414 3.5 2.2414
22415 3.5 2.2415000000000003
22416 3.5 2.2416
22417 3.5 2.2417000000000002
22418 3.5 2.2418
22419 3.5 2.2419000000000002
22420 3.5 2.242
22421 3.5 2.2421
22422 3.5 2.2422
22423 3.5 2.2423
22424 3.5 2.2424
22425 3.5 2.2425
22426 3.5 2.2426
22427 3.5 2.2427
22428 3.5 2.2428
22429 3.5 2.2429
22430 3.5 2.2430000000000003
22431 3.5 2.2431
22432 3.5 2.2432000000000003
22433 3.5 2.2433
22434 3.5 2.2434000000000003
22435 3.5 2.2435
22436 3.5 2.2436000000000003
22437 3.5 2.2437
22438 3.5 2.2438000000000002
22439 3.5 2.2439
22440 3.5 2.244
22441 3.5 2.2441
22442 3.5 2.2442
22443 3.5 2.2443
22444 3.5 2.2444
22445 3.5 2.2445
22446 3.5 2.2446
22447 3.5 2.2447
22448 3.5 2.2448
22449 3.5 2.2449
22450 3.5 2.245
22451 3.5 2.2451000000000003
22452 3.5 2.2452
22453 3.5 2.2453000000000003
22454 3.5 2.2454
22455 3.5 2.2455000000000003
22456 3.5 2.2456
22457 3.5 2.2457000000000003
22458 3.5 2.2458
22459 3.5 2.2459000000000002
22460 3.5 2.246
22461 3.5 2.2461
22462 3.5 2.2462
22463 3.5 2.2463
22464 3.5 2.2464
22465 3.5 2.2465
22466 3.5 2.2466
22467 3.5 2.2467
22468 3.5 2.2468
22469 3.5 2.2469
22470 3.5 2.247
22471 3.5 2.2471
22472 3.5 2.2472000000000003
22473 3.5 2.2473
22474 3.5 2.2474000000000003
22475 3.5 2.2475
22476 3.5 2.2476000000000003
22477 3.5 2.2477
22478 3.5 2.2478000000000002
22479 3.5 2.2479
22480 3.5 2.248
22481 3.5 2.2481
22482 3.5 2.2482
22483 3.5 2.2483
22484 3.5 2.2484
22485 3.5 2.2485
22486 3.5 2.2486
22487 3.5 2.2487
22488 3.5 2.2488
22489 3.5 2.2489
22490 3.5 2.249
22491 3.5 2.2491000000000003
22492 3.5 2.2492
22493 3.5 2.2493000000000003
22494 3.5 2.2494
22495 3.5 2.2495000000000003
22496 3.5 2.2496
22497 3.5 2.2497000000000003
22498 3.5 2.2498
22499 3.5 2.2499000000000002
22500 3.5 2.25
22501 3.5 2.2501
22502 3.5 2.2502
22503 3.5 2.2503
22504 3.5 2.2504
22505 3.5 2.2505
22506 3.5 2.2506
22507 3.5 2.2507
22508 3.5 2.2508
22509 3.5 2.2509
22510 3.5 2.251
22511 3.5 2.2511
22512 3.5 2.2512000000000003
22513 3.5 2.2513
22514 3.5 2.2514000000000003
22515 3.5 2.2515
22516 3.5 2.2516000000000003
22517 3.5 2.2517
22518 3.5 2.2518000000000002
22519 3.5 2.2519
22520 3.5 2.2520000000000002
22521 3.5 2.2521
22522 3.5 2.2522
22523 3.5 2.2523
22524 3.5 2.2524
22525 3.5 2.2525
22526 3.5 2.2526
22527 3.5 2.2527
22528 3.5 2.2528
22529 3.5 2.2529
22530 3.5 2.253
22531 3.5 2.2531000000000003
22532 3.5 2.2532
22533 3.5 2.2533000000000003
22534 3.5 2.2534
22535 3.5 2.2535000000000003
22536 3.5 2.2536
22537 3.5 2.2537000000000003
22538 3.5 2.2538
22539 3.5 2.2539000000000002
22540 3.5 2.254
22541 3.5 2.2541
22542 3.5 2.2542
22543 3.5 2.2543
22544 3.5 2.2544
22545 3.5 2.2545
22546 3.5 2.2546
22547 3.5 2.2547
22548 3.5 2.2548
22549 3.5 2.2549
22550 3.5 2.255
22551 3.5 2.2551
22552 3.5 2.2552000000000003
22553 3.5 2.2553
22554 3.5 2.2554000000000003
22555 3.5 2.2555
22556 3.5 2.2556000000000003
22557 3.5 2.2557
22558 3.5 2.2558000000000002
22559 3.5 2.2559
22560 3.5 2.2560000000000002
22561 3.5 2.2561
22562 3.5 2.2562
22563 3.5 2.2563
22564 3.5 2.2564
22565 3.5 2.2565
22566 3.5 2.2566
22567 3.5 2.2567
22568 3.5 2.2568
22569 3.5 2.2569
22570 3.5 2.257
22571 3.5 2.2571000000000003
22572 3.5 2.2572
22573 3.5 2.2573000000000003
22574 3.5 2.2574
22575 3.5 2.2575000000000003
22576 3.5 2.2576
22577 3.5 2.2577000000000003
22578 3.5 2.2578
22579 3.5 2.2579000000000002
22580 3.5 2.258
22581 3.5 2.2581
22582 3.5 2.2582
22583 3.5 2.2583
22584 3.5 2.2584
22585 3.5 2.2585
22586 3.5 2.2586
22587 3.5 2.2587
22588 3.5 2.2588
22589 3.5 2.2589
22590 3.5 2.259
22591 3.5 2.2591
22592 3.5 2.2592000000000003
22593 3.5 2.2593
22594 3.5 2.2594000000000003
22595 3.5 2.2595
22596 3.5 2.2596000000000003
22597 3.5 2.2597
22598 3.5 2.2598000000000003
22599 3.5 2.2599
22600 3.5 2.2600000000000002
22601 3.5 2.2601
22602 3.5 2.2602
22603 3.5 2.2603
22604 3.5 2.2604
22605 3.5 2.2605
22606 3.5 2.2606
22607 3.5 2.2607
22608 3.5 2.2608
22609 3.5 2.2609
22610 3.5 2.261
22611 3.5 2.2611
22612 3.5 2.2612
22613 3.5 2.2613000000000003
22614 3.5 2.2614
22615 3.5 2.2615000000000003
22616 3.5 2.2616
22617 3.5 2.2617000000000003
22618 3.5 2.2618
22619 3.5 2.2619000000000002
22620 3.5 2.262
22621 3.5 2.2621
22622 3.5 2.2622
22623 3.5 2.2623
22624 3.5 2.2624
22625 3.5 2.2625
22626 3.5 2.2626
22627 3.5 2.2627
22628 3.5 2.2628
22629 3.5 2.2629
22630 3.5 2.263
22631 3.5 2.2631
22632 3.5 2.2632000000000003
22633 3.5 2.2633
22634 3.5 2.2634000000000003
22635 3.5 2.2635
22636 3.5 2.2636000000000003
22637 3.5 2.2637
22638 3.5 2.2638000000000003
22639 3.5 2.2639
22640 3.5 2.2640000000000002
22641 3.5 2.2641
22642 3.5 2.2642
22643 3.5 2.2643
22644 3.5 2.2644
22645 3.5 2.2645
22646 3.5 2.2646
22647 3.5 2.2647
22648 3.5 2.2648
22649 3.5 2.2649
22650 3.5 2.265
22651 3.5 2.2651
22652 3.5 2.2652
22653 3.5 2.2653000000000003
22654 3.5 2.2654
22655 3.5 2.2655000000000003
22656 3.5 2.2656
22657 3.5 2.2657000000000003
22658 3.5 2.2658
22659 3.5 2.2659000000000002
22660 3.5 2.266
22661 3.5 2.2661000000000002
22662 3.5 2.2662
22663 3.5 2.2663
22664 3.5 2.2664
22665 3.5 2.2665
22666 3.5 2.2666
22667 3.5 2.2667
22668 3.5 2.2668
22669 3.5 2.2669
22670 3.5 2.267
22671 3.5 2.2671
22672 3.5 2.2672000000000003
22673 3.5 2.2673
22674 3.5 2.2674000000000003
22675 3.5 2.2675
22676 3.5 2.2676000000000003
22677 3.5 2.2677
22678 3.5 2.2678000000000003
22679 3.5 2.2679
22680 3.5 2.2680000000000002
22681 3.5 2.2681
22682 3.5 2.2682
22683 3.5 2.2683
22684 3.5 2.2684
22685 3.5 2.2685
22686 3.5 2.2686
22687 3.5 2.2687
22688 3.5 2.2688
22689 3.5 2.2689
22690 3.5 2.269
22691 3.5 2.2691
22692 3.5 2.2692
22693 3.5 2.2693000000000003
22694 3.5 2.2694
22695 3.5 2.2695000000000003
22696 3.5 2.2696
22697 3.5 2.2697000000000003
22698 3.5 2.2698
22699 3.5 2.2699000000000003
22700 3.5 2.27
22701 3.5 2.2701000000000002
22702 3.5 2.2702
22703 3.5 2.2703
22704 3.5 2.2704
22705 3.5 2.2705
22706 3.5 2.2706
22707 3.5 2.2707
22708 3.5 2.2708
22709 3.5 2.2709
22710 3.5 2.271
22711 3.5 2.2711
22712 3.5 2.2712000000000003
22713 3.5 2.2713
22714 3.5 2.2714000000000003
22715 3.5 2.2715
22716 3.5 2.2716000000000003
22717 3.5 2.2717
22718 3.5 2.2718000000000003
22719 3.5 2.2719
22720 3.5 2.2720000000000002
22721 3.5 2.2721
22722 3.5 2.2722
22723 3.5 2.2723
22724 3.5 2.2724
22725 3.5 2.2725
22726 3.5 2.2726
22727 3.5 2.2727
22728 3.5 2.2728
22729 3.5 2.2729
22730 3.5 2.273
22731 3.5 2.2731
22732 3.5 2.2732
22733 3.5 2.2733000000000003
22734 3.5 2.2734
22735 3.5 2.2735000000000003
22736 3.5 2.2736
22737 3.5 2.2737000000000003
22738 3.5 2.2738
22739 3.5 2.2739000000000003
22740 3.5 2.274
22741 3.5 2.2741000000000002
22742 3.5 2.2742
22743 3.5 2.2743
22744 3.5 2.2744
22745 3.5 2.2745
22746 3.5 2.2746
22747 3.5 2.2747
22748 3.5 2.2748
22749 3.5 2.2749
22750 3.5 2.275
22751 3.5 2.2751
22752 3.5 2.2752
22753 3.5 2.2753
22754 3.5 2.2754000000000003
22755 3.5 2.2755
22756 3.5 2.2756000000000003
22757 3.5 2.2757
22758 3.5 2.2758000000000003
22759 3.5 2.2759
22760 3.5 2.2760000000000002
22761 3.5 2.2761
22762 3.5 2.2762000000000002
22763 3.5 2.2763
22764 3.5 2.2764
22765 3.5 2.2765
22766 3.5 2.2766
22767 3.5 2.2767
22768 3.5 2.2768
22769 3.5 2.2769
22770 3.5 2.277
22771 3.5 2.2771
22772 3.5 2.2772
22773 3.5 2.2773000000000003
22774 3.5 2.2774
22775 3.5 2.2775000000000003
22776 3.5 2.2776
22777 3.5 2.2777000000000003
22778 3.5 2.2778
22779 3.5 2.2779000000000003
22780 3.5 2.278
22781 3.5 2.2781000000000002
22782 3.5 2.2782
22783 3.5 2.2783
22784 3.5 2.2784
22785 3.5 2.2785
22786 3.5 2.2786
22787 3.5 2.2787
22788 3.5 2.2788
22789 3.5 2.2789
22790 3.5 2.279
22791 3.5 2.2791
22792 3.5 2.2792
22793 3.5 2.2793
22794 3.5 2.2794000000000003
22795 3.5 2.2795
22796 3.5 2.2796000000000003
22797 3.5 2.2797
22798 3.5 2.2798000000000003
22799 3.5 2.2799
22800 3.5 2.2800000000000002
22801 3.5 2.2801
22802 3.5 2.2802000000000002
22803 3.5 2.2803
22804 3.5 2.2804
22805 3.5 2.2805
22806 3.5 2.2806
22807 3.5 2.2807
22808 3.5 2.2808
22809 3.5 2.2809
22810 3.5 2.281
22811 3.5 2.2811
22812 3.5 2.2812
22813 3.5 2.2813000000000003
22814 3.5 2.2814
22815 3.5 2.2815000000000003
22816 3.5 2.2816
22817 3.5 2.2817000000000003
22818 3.5 2.2818
22819 3.5 2.2819000000000003
22820 3.5 2.282
22821 3.5 2.2821000000000002
22822 3.5 2.2822
22823 3.5 2.2823
22824 3.5 2.2824
22825 3.5 2.2825
22826 3.5 2.2826
22827 3.5 2.2827
22828 3.5 2.2828
22829 3.5 2.2829
22830 3.5 2.283
22831 3.5 2.2831
22832 3.5 2.2832
22833 3.5 2.2833
22834 3.5 2.2834000000000003
22835 3.5 2.2835
22836 3.5 2.2836000000000003
22837 3.5 2.2837
22838 3.5 2.2838000000000003
22839 3.5 2.2839
22840 3.5 2.2840000000000003
22841 3.5 2.2841
22842 3.5 2.2842000000000002
22843 3.5 2.2843
22844 3.5 2.2844
22845 3.5 2.2845
22846 3.5 2.2846
22847 3.5 2.2847
22848 3.5 2.2848
22849 3.5 2.2849
22850 3.5 2.285
22851 3.5 2.2851
22852 3.5 2.2852
22853 3.5 2.2853000000000003
22854 3.5 2.2854
22855 3.5 2.2855000000000003
22856 3.5 2.2856
22857 3.5 2.2857000000000003
22858 3.5 2.2858
22859 3.5 2.2859000000000003
22860 3.5 2.286
22861 3.5 2.2861000000000002
22862 3.5 2.2862
22863 3.5 2.2863
22864 3.5 2.2864
22865 3.5 2.2865
22866 3.5 2.2866
22867 3.5 2.2867
22868 3.5 2.2868
22869 3.5 2.2869
22870 3.5 2.287
22871 3.5 2.2871
22872 3.5 2.2872
22873 3.5 2.2873
22874 3.5 2.2874000000000003
22875 3.5 2.2875
22876 3.5 2.2876000000000003
22877 3.5 2.2877
22878 3.5 2.2878000000000003
22879 3.5 2.2879
22880 3.5 2.2880000000000003
22881 3.5 2.2881
22882 3.5 2.2882000000000002
22883 3.5 2.2883
22884 3.5 2.2884
22885 3.5 2.2885
22886 3.5 2.2886
22887 3.5 2.2887
22888 3.5 2.2888
22889 3.5 2.2889
22890 3.5 2.289
22891 3.5 2.2891
22892 3.5 2.2892
22893 3.5 2.2893
22894 3.5 2.2894
22895 3.5 2.2895000000000003
22896 3.5 2.2896
22897 3.5 2.2897000000000003
22898 3.5 2.2898
22899 3.5 2.2899000000000003
22900 3.5 2.29
22901 3.5 2.2901000000000002
22902 3.5 2.2902
22903 3.5 2.2903000000000002
22904 3.5 2.2904
22905 3.5 2.2905
22906 3.5 2.2906
22907 3.5 2.2907
22908 3.5 2.2908
22909 3.5 2.2909
22910 3.5 2.291
22911 3.5 2.2911
22912 3.5 2.2912
22913 3.5 2.2913
22914 3.5 2.2914000000000003
22915 3.5 2.2915
22916 3.5 2.2916000000000003
22917 3.5 2.2917
22918 3.5 2.2918000000000003
22919 3.5 2.2919
22920 3.5 2.2920000000000003
22921 3.5 2.2921
22922 3.5 2.2922000000000002
22923 3.5 2.2923
22924 3.5 2.2924
22925 3.5 2.2925
22926 3.5 2.2926
22927 3.5 2.2927
22928 3.5 2.2928
22929 3.5 2.2929
22930 3.5 2.293
22931 3.5 2.2931
22932 3.5 2.2932
22933 3.5 2.2933
22934 3.5 2.2934
22935 3.5 2.2935000000000003
22936 3.5 2.2936
22937 3.5 2.2937000000000003
22938 3.5 2.2938
22939 3.5 2.2939000000000003
22940 3.5 2.294
22941 3.5 2.2941000000000003
22942 3.5 2.2942
22943 3.5 2.2943000000000002
22944 3.5 2.2944
22945 3.5 2.2945
22946 3.5 2.2946
22947 3.5 2.2947
22948 3.5 2.2948
22949 3.5 2.2949
22950 3.5 2.295
22951 3.5 2.2951
22952 3.5 2.2952
22953 3.5 2.2953
22954 3.5 2.2954000000000003
22955 3.5 2.2955
22956 3.5 2.2956000000000003
22957 3.5 2.2957
22958 3.5 2.2958000000000003
22959 3.5 2.2959
22960 3.5 2.2960000000000003
22961 3.5 2.2961
22962 3.5 2.2962000000000002
22963 3.5 2.2963
22964 3.5 2.2964
22965 3.5 2.2965
22966 3.5 2.2966
22967 3.5 2.2967
22968 3.5 2.2968
22969 3.5 2.2969
22970 3.5 2.297
22971 3.5 2.2971
22972 3.5 2.2972
22973 3.5 2.2973
22974 3.5 2.2974
22975 3.5 2.2975000000000003
22976 3.5 2.2976
22977 3.5 2.2977000000000003
22978 3.5 2.2978
22979 3.5 2.2979000000000003
22980 3.5 2.298
22981 3.5 2.2981000000000003
22982 3.5 2.2982
22983 3.5 2.2983000000000002
22984 3.5 2.2984
22985 3.5 2.2985
22986 3.5 2.2986
22987 3.5 2.2987
22988 3.5 2.2988
22989 3.5 2.2989
22990 3.5 2.299
22991 3.5 2.2991
22992 3.5 2.2992
22993 3.5 2.2993
22994 3.5 2.2994
22995 3.5 2.2995
22996 3.5 2.2996000000000003
22997 3.5 2.2997
22998 3.5 2.2998000000000003
22999 3.5 2.2999
23000 3.5 2.3000000000000003
23001 3.5 2.3001
23002 3.5 2.3002000000000002
23003 3.5 2.3003
23004 3.5 2.3004000000000002
23005 3.5 2.3005
23006 3.5 2.3006
23007 3.5 2.3007
23008 3.5 2.3008
23009 3.5 2.3009
23010 3.5 2.301
23011 3.5 2.3011
23012 3.5 2.3012
23013 3.5 2.3013
23014 3.5 2.3014
23015 3.5 2.3015000000000003
23016 3.5 2.3016
23017 3.5 2.3017000000000003
23018 3.5 2.3018
23019 3.5 2.3019000000000003
23020 3.5 2.302
23021 3.5 2.3021000000000003
23022 3.5 2.3022
23023 3.5 2.3023000000000002
23024 3.5 2.3024
23025 3.5 2.3025
23026 3.5 2.3026
23027 3.5 2.3027
23028 3.5 2.3028
23029 3.5 2.3029
23030 3.5 2.303
23031 3.5 2.3031
23032 3.5 2.3032
23033 3.5 2.3033
23034 3.5 2.3034
23035 3.5 2.3035
23036 3.5 2.3036000000000003
23037 3.5 2.3037
23038 3.5 2.3038000000000003
23039 3.5 2.3039
23040 3.5 2.3040000000000003
23041 3.5 2.3041
23042 3.5 2.3042000000000002
23043 3.5 2.3043
23044 3.5 2.3044000000000002
23045 3.5 2.3045
23046 3.5 2.3046
23047 3.5 2.3047
23048 3.5 2.3048
23049 3.5 2.3049
23050 3.5 2.305
23051 3.5 2.3051
23052 3.5 2.3052
23053 3.5 2.3053
23054 3.5 2.3054
23055 3.5 2.3055000000000003
23056 3.5 2.3056
23057 3.5 2.3057000000000003
23058 3.5 2.3058
23059 3.5 2.3059000000000003
23060 3.5 2.306
23061 3.5 2.3061000000000003
23062 3.5 2.3062
23063 3.5 2.3063000000000002
23064 3.5 2.3064
23065 3.5 2.3065
23066 3.5 2.3066
23067 3.5 2.3067
23068 3.5 2.3068
23069 3.5 2.3069
23070 3.5 2.307
23071 3.5 2.3071
23072 3.5 2.3072
23073 3.5 2.3073
23074 3.5 2.3074
23075 3.5 2.3075
23076 3.5 2.3076000000000003
23077 3.5 2.3077
23078 3.5 2.3078000000000003
23079 3.5 2.3079
23080 3.5 2.3080000000000003
23081 3.5 2.3081
23082 3.5 2.3082000000000003
23083 3.5 2.3083
23084 3.5 2.3084000000000002
23085 3.5 2.3085
23086 3.5 2.3086
23087 3.5 2.3087
23088 3.5 2.3088
23089 3.5 2.3089
23090 3.5 2.309
23091 3.5 2.3091
23092 3.5 2.3092
23093 3.5 2.3093
23094 3.5 2.3094
23095 3.5 2.3095000000000003
23096 3.5 2.3096
23097 3.5 2.3097000000000003
23098 3.5 2.3098
23099 3.5 2.3099000000000003
23100 3.5 2.31
23101 3.5 2.3101000000000003
23102 3.5 2.3102
23103 3.5 2.3103000000000002
23104 3.5 2.3104
23105 3.5 2.3105
23106 3.5 2.3106
23107 3.5 2.3107
23108 3.5 2.3108
23109 3.5 2.3109
23110 3.5 2.311
23111 3.5 2.3111
23112 3.5 2.3112
23113 3.5 2.3113
23114 3.5 2.3114
23115 3.5 2.3115
23116 3.5 2.3116000000000003
23117 3.5 2.3117
23118 3.5 2.3118000000000003
23119 3.5 2.3119
23120 3.5 2.3120000000000003
23121 3.5 2.3121
23122 3.5 2.3122000000000003
23123 3.5 2.3123
23124 3.5 2.3124000000000002
23125 3.5 2.3125
23126 3.5 2.3126
23127 3.5 2.3127
23128 3.5 2.3128
23129 3.5 2.3129
23130 3.5 2.313
23131 3.5 2.3131
23132 3.5 2.3132
23133 3.5 2.3133
23134 3.5 2.3134
23135 3.5 2.3135
23136 3.5 2.3136
23137 3.5 2.3137000000000003
23138 3.5 2.3138
23139 3.5 2.3139000000000003
23140 3.5 2.314
23141 3.5 2.3141000000000003
23142 3.5 2.3142
23143 3.5 2.3143000000000002
23144 3.5 2.3144
23145 3.5 2.3145000000000002
23146 3.5 2.3146
23147 3.5 2.3147
23148 3.5 2.3148
23149 3.5 2.3149
23150 3.5 2.315
23151 3.5 2.3151
23152 3.5 2.3152
23153 3.5 2.3153
23154 3.5 2.3154
23155 3.5 2.3155
23156 3.5 2.3156000000000003
23157 3.5 2.3157
23158 3.5 2.3158000000000003
23159 3.5 2.3159
23160 3.5 2.3160000000000003
23161 3.5 2.3161
23162 3.5 2.3162000000000003
23163 3.5 2.3163
23164 3.5 2.3164000000000002
23165 3.5 2.3165
23166 3.5 2.3166
23167 3.5 2.3167
23168 3.5 2.3168
23169 3.5 2.3169
23170 3.5 2.317
23171 3.5 2.3171
23172 3.5 2.3172
23173 3.5 2.3173
23174 3.5 2.3174
23175 3.5 2.3175
23176 3.5 2.3176
23177 3.5 2.3177000000000003
23178 3.5 2.3178
23179 3.5 2.3179000000000003
23180 3.5 2.318
23181 3.5 2.3181000000000003
23182 3.5 2.3182
23183 3.5 2.3183000000000002
23184 3.5 2.3184
23185 3.5 2.3185000000000002
23186 3.5 2.3186
23187 3.5 2.3187
23188 3.5 2.3188
23189 3.5 2.3189
23190 3.5 2.319
23191 3.5 2.3191
23192 3.5 2.3192
23193 3.5 2.3193
23194 3.5 2.3194
23195 3.5 2.3195
23196 3.5 2.3196000000000003
23197 3.5 2.3197
23198 3.5 2.3198000000000003
23199 3.5 2.3199
23200 3.5 2.3200000000000003
23201 3.5 2.3201
23202 3.5 2.3202000000000003
23203 3.5 2.3203
23204 3.5 2.3204000000000002
23205 3.5 2.3205
23206 3.5 2.3206
23207 3.5 2.3207
23208 3.5 2.3208
23209 3.5 2.3209
23210 3.5 2.321
23211 3.5 2.3211
23212 3.5 2.3212
23213 3.5 2.3213
23214 3.5 2.3214
23215 3.5 2.3215
23216 3.5 2.3216
23217 3.5 2.3217000000000003
23218 3.5 2.3218
23219 3.5 2.3219000000000003
23220 3.5 2.322
23221 3.5 2.3221000000000003
23222 3.5 2.3222
23223 3.5 2.3223000000000003
23224 3.5 2.3224
23225 3.5 2.3225000000000002
23226 3.5 2.3226
23227 3.5 2.3227
23228 3.5 2.3228
23229 3.5 2.3229
23230 3.5 2.323
23231 3.5 2.3231
23232 3.5 2.3232
23233 3.5 2.3233
23234 3.5 2.3234
23235 3.5 2.3235
23236 3.5 2.3236000000000003
23237 3.5 2.3237
23238 3.5 2.3238000000000003
23239 3.5 2.3239
23240 3.5 2.3240000000000003
23241 3.5 2.3241
23242 3.5 2.3242000000000003
23243 3.5 2.3243
23244 3.5 2.3244000000000002
23245 3.5 2.3245
23246 3.5 2.3246
23247 3.5 2.3247
23248 3.5 2.3248
23249 3.5 2.3249
23250 3.5 2.325
23251 3.5 2.3251
23252 3.5 2.3252
23253 3.5 2.3253
23254 3.5 2.3254
23255 3.5 2.3255
23256 3.5 2.3256
23257 3.5 2.3257000000000003
23258 3.5 2.3258
23259 3.5 2.3259000000000003
23260 3.5 2.326
23261 3.5 2.3261000000000003
23262 3.5 2.3262
23263 3.5 2.3263000000000003
23264 3.5 2.3264
23265 3.5 2.3265000000000002
23266 3.5 2.3266
23267 3.5 2.3267
23268 3.5 2.3268
23269 3.5 2.3269
23270 3.5 2.327
23271 3.5 2.3271
23272 3.5 2.3272
23273 3.5 2.3273
23274 3.5 2.3274
23275 3.5 2.3275
23276 3.5 2.3276
23277 3.5 2.3277
23278 3.5 2.3278000000000003
23279 3.5 2.3279
23280 3.5 2.3280000000000003
23281 3.5 2.3281
23282 3.5 2.3282000000000003
23283 3.5 2.3283
23284 3.5 2.3284000000000002
23285 3.5 2.3285
23286 3.5 2.3286000000000002
23287 3.5 2.3287
23288 3.5 2.3288
23289 3.5 2.3289
23290 3.5 2.329
23291 3.5 2.3291
23292 3.5 2.3292
23293 3.5 2.3293
23294 3.5 2.3294
23295 3.5 2.3295
23296 3.5 2.3296
23297 3.5 2.3297000000000003
23298 3.5 2.3298
23299 3.5 2.3299000000000003
23300 3.5 2.33
23301 3.5 2.3301000000000003
23302 3.5 2.3302
23303 3.5 2.3303000000000003
23304 3.5 2.3304
23305 3.5 2.3305000000000002
23306 3.5 2.3306
23307 3.5 2.3307
23308 3.5 2.3308
23309 3.5 2.3309
23310 3.5 2.331
23311 3.5 2.3311
23312 3.5 2.3312
23313 3.5 2.3313
23314 3.5 2.3314
23315 3.5 2.3315
23316 3.5 2.3316
23317 3.5 2.3317
23318 3.5 2.3318000000000003
23319 3.5 2.3319
23320 3.5 2.3320000000000003
23321 3.5 2.3321
23322 3.5 2.3322000000000003
23323 3.5 2.3323
23324 3.5 2.3324000000000003
23325 3.5 2.3325
23326 3.5 2.3326000000000002
23327 3.5 2.3327
23328 3.5 2.3328
23329 3.5 2.3329
23330 3.5 2.333
23331 3.5 2.3331
23332 3.5 2.3332
23333 3.5 2.3333
23334 3.5 2.3334
23335 3.5 2.3335
23336 3.5 2.3336
23337 3.5 2.3337000000000003
23338 3.5 2.3338
23339 3.5 2.3339000000000003
23340 3.5 2.334
23341 3.5 2.3341000000000003
23342 3.5 2.3342
23343 3.5 2.3343000000000003
23344 3.5 2.3344
23345 3.5 2.3345000000000002
23346 3.5 2.3346
23347 3.5 2.3347
23348 3.5 2.3348
23349 3.5 2.3349
23350 3.5 2.335
23351 3.5 2.3351
23352 3.5 2.3352
23353 3.5 2.3353
23354 3.5 2.3354
23355 3.5 2.3355
23356 3.5 2.3356
23357 3.5 2.3357
23358 3.5 2.3358000000000003
23359 3.5 2.3359
23360 3.5 2.3360000000000003
23361 3.5 2.3361
23362 3.5 2.3362000000000003
23363 3.5 2.3363
23364 3.5 2.3364000000000003
23365 3.5 2.3365
23366 3.5 2.3366000000000002
23367 3.5 2.3367
23368 3.5 2.3368
23369 3.5 2.3369
23370 3.5 2.337
23371 3.5 2.3371
23372 3.5 2.3372
23373 3.5 2.3373
23374 3.5 2.3374
23375 3.5 2.3375
23376 3.5 2.3376
23377 3.5 2.3377000000000003
23378 3.5 2.3378
23379 3.5 2.3379000000000003
23380 3.5 2.338
23381 3.5 2.3381000000000003
23382 3.5 2.3382
23383 3.5 2.3383000000000003
23384 3.5 2.3384
23385 3.5 2.3385000000000002
23386 3.5 2.3386
23387 3.5 2.3387000000000002
23388 3.5 2.3388
23389 3.5 2.3389
23390 3.5 2.339
23391 3.5 2.3391
23392 3.5 2.3392
23393 3.5 2.3393
23394 3.5 2.3394
23395 3.5 2.3395
23396 3.5 2.3396
23397 3.5 2.3397
23398 3.5 2.3398000000000003
23399 3.5 2.3399
23400 3.5 2.3400000000000003
23401 3.5 2.3401
23402 3.5 2.3402000000000003
23403 3.5 2.3403
23404 3.5 2.3404000000000003
23405 3.5 2.3405
23406 3.5 2.3406000000000002
23407 3.5 2.3407
23408 3.5 2.3408
23409 3.5 2.3409
23410 3.5 2.341
23411 3.5 2.3411
23412 3.5 2.3412
23413 3.5 2.3413
23414 3.5 2.3414
23415 3.5 2.3415
23416 3.5 2.3416
23417 3.5 2.3417
23418 3.5 2.3418
23419 3.5 2.3419000000000003
23420 3.5 2.342
23421 3.5 2.3421000000000003
23422 3.5 2.3422
23423 3.5 2.3423000000000003
23424 3.5 2.3424
23425 3.5 2.3425000000000002
23426 3.5 2.3426
23427 3.5 2.3427000000000002
23428 3.5 2.3428
23429 3.5 2.3429
23430 3.5 2.343
23431 3.5 2.3431
23432 3.5 2.3432
23433 3.5 2.3433
23434 3.5 2.3434
23435 3.5 2.3435
23436 3.5 2.3436
23437 3.5 2.3437
23438 3.5 2.3438000000000003
23439 3.5 2.3439
23440 3.5 2.3440000000000003
23441 3.5 2.3441
23442 3.5 2.3442000000000003
23443 3.5 2.3443
23444 3.5 2.3444000000000003
23445 3.5 2.3445
23446 3.5 2.3446000000000002
23447 3.5 2.3447
23448 3.5 2.3448
23449 3.5 2.3449
23450 3.5 2.345
23451 3.5 2.3451
23452 3.5 2.3452
23453 3.5 2.3453
23454 3.5 2.3454
23455 3.5 2.3455
23456 3.5 2.3456
23457 3.5 2.3457
23458 3.5 2.3458
23459 3.5 2.3459000000000003
23460 3.5 2.346
23461 3.5 2.3461000000000003
23462 3.5 2.3462
23463 3.5 2.3463000000000003
23464 3.5 2.3464
23465 3.5 2.3465000000000003
23466 3.5 2.3466
23467 3.5 2.3467000000000002
23468 3.5 2.3468
23469 3.5 2.3469
23470 3.5 2.347
23471 3.5 2.3471
23472 3.5 2.3472
23473 3.5 2.3473
23474 3.5 2.3474
23475 3.5 2.3475
23476 3.5 2.3476
23477 3.5 2.3477
23478 3.5 2.3478000000000003
23479 3.5 2.3479
23480 3.5 2.3480000000000003
23481 3.5 2.3481
23482 3.5 2.3482000000000003
23483 3.5 2.3483
23484 3.5 2.3484000000000003
23485 3.5 2.3485
23486 3.5 2.3486000000000002
23487 3.5 2.3487
23488 3.5 2.3488
23489 3.5 2.3489
23490 3.5 2.349
23491 3.5 2.3491
23492 3.5 2.3492
23493 3.5 2.3493
23494 3.5 2.3494
23495 3.5 2.3495
23496 3.5 2.3496
23497 3.5 2.3497
23498 3.5 2.3498
23499 3.5 2.3499000000000003
23500 3.5 2.35
23501 3.5 2.3501000000000003
23502 3.5 2.3502
23503 3.5 2.3503000000000003
23504 3.5 2.3504
23505 3.5 2.3505000000000003
23506 3.5 2.3506
23507 3.5 2.3507000000000002
23508 3.5 2.3508
23509 3.5 2.3509
23510 3.5 2.351
23511 3.5 2.3511
23512 3.5 2.3512
23513 3.5 2.3513
23514 3.5 2.3514
23515 3.5 2.3515
23516 3.5 2.3516
23517 3.5 2.3517
23518 3.5 2.3518000000000003
23519 3.5 2.3519
23520 3.5 2.3520000000000003
23521 3.5 2.3521
23522 3.5 2.3522000000000003
23523 3.5 2.3523
23524 3.5 2.3524000000000003
23525 3.5 2.3525
23526 3.5 2.3526000000000002
23527 3.5 2.3527
23528 3.5 2.3528000000000002
23529 3.5 2.3529
23530 3.5 2.353
23531 3.5 2.3531
23532 3.5 2.3532
23533 3.5 2.3533
23534 3.5 2.3534
23535 3.5 2.3535
23536 3.5 2.3536
23537 3.5 2.3537
23538 3.5 2.3538
23539 3.5 2.3539000000000003
23540 3.5 2.354
23541 3.5 2.3541000000000003
23542 3.5 2.3542
23543 3.5 2.3543000000000003
23544 3.5 2.3544
23545 3.5 2.3545000000000003
23546 3.5 2.3546
23547 3.5 2.3547000000000002
23548 3.5 2.3548
23549 3.5 2.3549
23550 3.5 2.355
23551 3.5 2.3551
23552 3.5 2.3552
23553 3.5 2.3553
23554 3.5 2.3554
23555 3.5 2.3555
23556 3.5 2.3556
23557 3.5 2.3557
23558 3.5 2.3558
23559 3.5 2.3559
23560 3.5 2.3560000000000003
23561 3.5 2.3561
23562 3.5 2.3562000000000003
23563 3.5 2.3563
23564 3.5 2.3564000000000003
23565 3.5 2.3565
23566 3.5 2.3566000000000003
23567 3.5 2.3567
23568 3.5 2.3568000000000002
23569 3.5 2.3569
23570 3.5 2.357
23571 3.5 2.3571
23572 3.5 2.3572
23573 3.5 2.3573
23574 3.5 2.3574
23575 3.5 2.3575
23576 3.5 2.3576
23577 3.5 2.3577
23578 3.5 2.3578
23579 3.5 2.3579000000000003
23580 3.5 2.358
23581 3.5 2.3581000000000003
23582 3.5 2.3582
23583 3.5 2.3583000000000003
23584 3.5 2.3584
23585 3.5 2.3585000000000003
23586 3.5 2.3586
23587 3.5 2.3587000000000002
23588 3.5 2.3588
23589 3.5 2.3589
23590 3.5 2.359
23591 3.5 2.3591
23592 3.5 2.3592
23593 3.5 2.3593
23594 3.5 2.3594
23595 3.5 2.3595
23596 3.5 2.3596
23597 3.5 2.3597
23598 3.5 2.3598
23599 3.5 2.3599
23600 3.5 2.3600000000000003
23601 3.5 2.3601
23602 3.5 2.3602000000000003
23603 3.5 2.3603
23604 3.5 2.3604000000000003
23605 3.5 2.3605
23606 3.5 2.3606000000000003
23607 3.5 2.3607
23608 3.5 2.3608000000000002
23609 3.5 2.3609
23610 3.5 2.361
23611 3.5 2.3611
23612 3.5 2.3612
23613 3.5 2.3613
23614 3.5 2.3614
23615 3.5 2.3615
23616 3.5 2.3616
23617 3.5 2.3617
23618 3.5 2.3618
23619 3.5 2.3619000000000003
23620 3.5 2.362
23621 3.5 2.3621000000000003
23622 3.5 2.3622
23623 3.5 2.3623000000000003
23624 3.5 2.3624
23625 3.5 2.3625000000000003
23626 3.5 2.3626
23627 3.5 2.3627000000000002
23628 3.5 2.3628
23629 3.5 2.3629000000000002
23630 3.5 2.363
23631 3.5 2.3631
23632 3.5 2.3632
23633 3.5 2.3633
23634 3.5 2.3634
23635 3.5 2.3635
23636 3.5 2.3636
23637 3.5 2.3637
23638 3.5 2.3638
23639 3.5 2.3639
23640 3.5 2.3640000000000003
23641 3.5 2.3641
23642 3.5 2.3642000000000003
23643 3.5 2.3643
23644 3.5 2.3644000000000003
23645 3.5 2.3645
23646 3.5 2.3646000000000003
23647 3.5 2.3647
23648 3.5 2.3648000000000002
23649 3.5 2.3649
23650 3.5 2.365
23651 3.5 2.3651
23652 3.5 2.3652
23653 3.5 2.3653
23654 3.5 2.3654
23655 3.5 2.3655
23656 3.5 2.3656
23657 3.5 2.3657
23658 3.5 2.3658
23659 3.5 2.3659
23660 3.5 2.366
23661 3.5 2.3661000000000003
23662 3.5 2.3662
23663 3.5 2.3663000000000003
23664 3.5 2.3664
23665 3.5 2.3665000000000003
23666 3.5 2.3666
23667 3.5 2.3667000000000002
23668 3.5 2.3668
23669 3.5 2.3669000000000002
23670 3.5 2.367
23671 3.5 2.3671
23672 3.5 2.3672
23673 3.5 2.3673
23674 3.5 2.3674
23675 3.5 2.3675
23676 3.5 2.3676
23677 3.5 2.3677
23678 3.5 2.3678
23679 3.5 2.3679
23680 3.5 2.3680000000000003
23681 3.5 2.3681
23682 3.5 2.3682000000000003
23683 3.5 2.3683
23684 3.5 2.3684000000000003
23685 3.5 2.3685
23686 3.5 2.3686000000000003
23687 3.5 2.3687
23688 3.5 2.3688000000000002
23689 3.5 2.3689
23690 3.5 2.369
23691 3.5 2.3691
23692 3.5 2.3692
23693 3.5 2.3693
23694 3.5 2.3694
23695 3.5 2.3695
23696 3.5 2.3696
23697 3.5 2.3697
23698 3.5 2.3698
23699 3.5 2.3699
23700 3.5 2.37
23701 3.5 2.3701000000000003
23702 3.5 2.3702
23703 3.5 2.3703000000000003
23704 3.5 2.3704
23705 3.5 2.3705000000000003
23706 3.5 2.3706
23707 3.5 2.3707000000000003
23708 3.5 2.3708
23709 3.5 2.3709000000000002
23710 3.5 2.371
23711 3.5 2.3711
23712 3.5 2.3712
23713 3.5 2.3713
23714 3.5 2.3714
23715 3.5 2.3715
23716 3.5 2.3716
23717 3.5 2.3717
23718 3.5 2.3718
23719 3.5 2.3719
23720 3.5 2.3720000000000003
23721 3.5 2.3721
23722 3.5 2.3722000000000003
23723 3.5 2.3723
23724 3.5 2.3724000000000003
23725 3.5 2.3725
23726 3.5 2.3726000000000003
23727 3.5 2.3727
23728 3.5 2.3728000000000002
23729 3.5 2.3729
23730 3.5 2.373
23731 3.5 2.3731
23732 3.5 2.3732
23733 3.5 2.3733
23734 3.5 2.3734
23735 3.5 2.3735
23736 3.5 2.3736
23737 3.5 2.3737
23738 3.5 2.3738
23739 3.5 2.3739
23740 3.5 2.374
23741 3.5 2.3741000000000003
23742 3.5 2.3742
23743 3.5 2.3743000000000003
23744 3.5 2.3744
23745 3.5 2.3745000000000003
23746 3.5 2.3746
23747 3.5 2.3747000000000003
23748 3.5 2.3748
23749 3.5 2.3749000000000002
23750 3.5 2.375
23751 3.5 2.3751
23752 3.5 2.3752
23753 3.5 2.3753
23754 3.5 2.3754
23755 3.5 2.3755
23756 3.5 2.3756
23757 3.5 2.3757
23758 3.5 2.3758
23759 3.5 2.3759
23760 3.5 2.3760000000000003
23761 3.5 2.3761
23762 3.5 2.3762000000000003
23763 3.5 2.3763
23764 3.5 2.3764000000000003
23765 3.5 2.3765
23766 3.5 2.3766000000000003
23767 3.5 2.3767
23768 3.5 2.3768000000000002
23769 3.5 2.3769
23770 3.5 2.3770000000000002
23771 3.5 2.3771
23772 3.5 2.3772
23773 3.5 2.3773
23774 3.5 2.3774
23775 3.5 2.3775
23776 3.5 2.3776
23777 3.5 2.3777
23778 3.5 2.3778
23779 3.5 2.3779
23780 3.5 2.378
23781 3.5 2.3781000000000003
23782 3.5 2.3782
23783 3.5 2.3783000000000003
23784 3.5 2.3784
23785 3.5 2.3785000000000003
23786 3.5 2.3786
23787 3.5 2.3787000000000003
23788 3.5 2.3788
23789 3.5 2.3789000000000002
23790 3.5 2.379
23791 3.5 2.3791
23792 3.5 2.3792
23793 3.5 2.3793
23794 3.5 2.3794
23795 3.5 2.3795
23796 3.5 2.3796
23797 3.5 2.3797
23798 3.5 2.3798
23799 3.5 2.3799
23800 3.5 2.38
23801 3.5 2.3801
23802 3.5 2.3802000000000003
23803 3.5 2.3803
23804 3.5 2.3804000000000003
23805 3.5 2.3805
23806 3.5 2.3806000000000003
23807 3.5 2.3807
23808 3.5 2.3808000000000002
23809 3.5 2.3809
23810 3.5 2.3810000000000002
23811 3.5 2.3811
23812 3.5 2.3812
23813 3.5 2.3813
23814 3.5 2.3814
23815 3.5 2.3815
23816 3.5 2.3816
23817 3.5 2.3817
23818 3.5 2.3818
23819 3.5 2.3819
23820 3.5 2.382
23821 3.5 2.3821000000000003
23822 3.5 2.3822
23823 3.5 2.3823000000000003
23824 3.5 2.3824
23825 3.5 2.3825000000000003
23826 3.5 2.3826
23827 3.5 2.3827000000000003
23828 3.5 2.3828
23829 3.5 2.3829000000000002
23830 3.5 2.383
23831 3.5 2.3831
23832 3.5 2.3832
23833 3.5 2.3833
23834 3.5 2.3834
23835 3.5 2.3835
23836 3.5 2.3836
23837 3.5 2.3837
23838 3.5 2.3838
23839 3.5 2.3839
23840 3.5 2.384
23841 3.5 2.3841
23842 3.5 2.3842000000000003
23843 3.5 2.3843
23844 3.5 2.3844000000000003
23845 3.5 2.3845
23846 3.5 2.3846000000000003
23847 3.5 2.3847
23848 3.5 2.3848000000000003
23849 3.5 2.3849
23850 3.5 2.3850000000000002
23851 3.5 2.3851
23852 3.5 2.3852
23853 3.5 2.3853
23854 3.5 2.3854
23855 3.5 2.3855
23856 3.5 2.3856
23857 3.5 2.3857
23858 3.5 2.3858
23859 3.5 2.3859
23860 3.5 2.386
23861 3.5 2.3861000000000003
23862 3.5 2.3862
23863 3.5 2.3863000000000003
23864 3.5 2.3864
23865 3.5 2.3865000000000003
23866 3.5 2.3866
23867 3.5 2.3867000000000003
23868 3.5 2.3868
23869 3.5 2.3869000000000002
23870 3.5 2.387
23871 3.5 2.3871
23872 3.5 2.3872
23873 3.5 2.3873
23874 3.5 2.3874
23875 3.5 2.3875
23876 3.5 2.3876
23877 3.5 2.3877
23878 3.5 2.3878
23879 3.5 2.3879
23880 3.5 2.388
23881 3.5 2.3881
23882 3.5 2.3882000000000003
23883 3.5 2.3883
23884 3.5 2.3884000000000003
23885 3.5 2.3885
23886 3.5 2.3886000000000003
23887 3.5 2.3887
23888 3.5 2.3888000000000003
23889 3.5 2.3889
23890 3.5 2.3890000000000002
23891 3.5 2.3891
23892 3.5 2.3892
23893 3.5 2.3893
23894 3.5 2.3894
23895 3.5 2.3895
23896 3.5 2.3896
23897 3.5 2.3897
23898 3.5 2.3898
23899 3.5 2.3899
23900 3.5 2.39
23901 3.5 2.3901000000000003
23902 3.5 2.3902
23903 3.5 2.3903000000000003
23904 3.5 2.3904
23905 3.5 2.3905000000000003
23906 3.5 2.3906
23907 3.5 2.3907000000000003
23908 3.5 2.3908
23909 3.5 2.3909000000000002
23910 3.5 2.391
23911 3.5 2.3911000000000002
23912 3.5 2.3912
23913 3.5 2.3913
23914 3.5 2.3914
23915 3.5 2.3915
23916 3.5 2.3916
23917 3.5 2.3917
23918 3.5 2.3918
23919 3.5 2.3919
23920 3.5 2.392
23921 3.5 2.3921
23922 3.5 2.3922000000000003
23923 3.5 2.3923
23924 3.5 2.3924000000000003
23925 3.5 2.3925
23926 3.5 2.3926000000000003
23927 3.5 2.3927
23928 3.5 2.3928000000000003
23929 3.5 2.3929
23930 3.5 2.3930000000000002
23931 3.5 2.3931
23932 3.5 2.3932
23933 3.5 2.3933
23934 3.5 2.3934
23935 3.5 2.3935
23936 3.5 2.3936
23937 3.5 2.3937
23938 3.5 2.3938
23939 3.5 2.3939
23940 3.5 2.394
23941 3.5 2.3941
23942 3.5 2.3942
23943 3.5 2.3943000000000003
23944 3.5 2.3944
23945 3.5 2.3945000000000003
23946 3.5 2.3946
23947 3.5 2.3947000000000003
23948 3.5 2.3948
23949 3.5 2.3949000000000003
23950 3.5 2.395
23951 3.5 2.3951000000000002
23952 3.5 2.3952
23953 3.5 2.3953
23954 3.5 2.3954
23955 3.5 2.3955
23956 3.5 2.3956
23957 3.5 2.3957
23958 3.5 2.3958
23959 3.5 2.3959
23960 3.5 2.396
23961 3.5 2.3961
23962 3.5 2.3962000000000003
23963 3.5 2.3963
23964 3.5 2.3964000000000003
23965 3.5 2.3965
23966 3.5 2.3966000000000003
23967 3.5 2.3967
23968 3.5 2.3968000000000003
23969 3.5 2.3969
23970 3.5 2.3970000000000002
23971 3.5 2.3971
23972 3.5 2.3972
23973 3.5 2.3973
23974 3.5 2.3974
23975 3.5 2.3975
23976 3.5 2.3976
23977 3.5 2.3977
23978 3.5 2.3978
23979 3.5 2.3979
23980 3.5 2.398
23981 3.5 2.3981
23982 3.5 2.3982
23983 3.5 2.3983000000000003
23984 3.5 2.3984
23985 3.5 2.3985000000000003
23986 3.5 2.3986
23987 3.5 2.3987000000000003
23988 3.5 2.3988
23989 3.5 2.3989000000000003
23990 3.5 2.399
23991 3.5 2.3991000000000002
23992 3.5 2.3992
23993 3.5 2.3993
23994 3.5 2.3994
23995 3.5 2.3995
23996 3.5 2.3996
23997 3.5 2.3997
23998 3.5 2.3998
23999 3.5 2.3999
24000 3.5 2.4
24001 3.5 2.4001
24002 3.5 2.4002000000000003
24003 3.5 2.4003
24004 3.5 2.4004000000000003
24005 3.5 2.4005
24006 3.5 2.4006000000000003
24007 3.5 2.4007
24008 3.5 2.4008000000000003
24009 3.5 2.4009
24010 3.5 2.4010000000000002
24011 3.5 2.4011
24012 3.5 2.4012000000000002
24013 3.5 2.4013
24014 3.5 2.4014
24015 3.5 2.4015
24016 3.5 2.4016
24017 3.5 2.4017
24018 3.5 2.4018
24019 3.5 2.4019
24020 3.5 2.402
24021 3.5 2.4021
24022 3.5 2.4022
24023 3.5 2.4023000000000003
24024 3.5 2.4024
24025 3.5 2.4025000000000003
24026 3.5 2.4026
24027 3.5 2.4027000000000003
24028 3.5 2.4028
24029 3.5 2.4029000000000003
24030 3.5 2.403
24031 3.5 2.4031000000000002
24032 3.5 2.4032
24033 3.5 2.4033
24034 3.5 2.4034
24035 3.5 2.4035
24036 3.5 2.4036
24037 3.5 2.4037
24038 3.5 2.4038
24039 3.5 2.4039
24040 3.5 2.404
24041 3.5 2.4041
24042 3.5 2.4042000000000003
24043 3.5 2.4043
24044 3.5 2.4044000000000003
24045 3.5 2.4045
24046 3.5 2.4046000000000003
24047 3.5 2.4047
24048 3.5 2.4048000000000003
24049 3.5 2.4049
24050 3.5 2.4050000000000002
24051 3.5 2.4051
24052 3.5 2.4052000000000002
24053 3.5 2.4053
24054 3.5 2.4054
24055 3.5 2.4055
24056 3.5 2.4056
24057 3.5 2.4057
24058 3.5 2.4058
24059 3.5 2.4059
24060 3.5 2.406
24061 3.5 2.4061
24062 3.5 2.4062
24063 3.5 2.4063000000000003
24064 3.5 2.4064
24065 3.5 2.4065000000000003
24066 3.5 2.4066
24067 3.5 2.4067000000000003
24068 3.5 2.4068
24069 3.5 2.4069000000000003
24070 3.5 2.407
24071 3.5 2.4071000000000002
24072 3.5 2.4072
24073 3.5 2.4073
24074 3.5 2.4074
24075 3.5 2.4075
24076 3.5 2.4076
24077 3.5 2.4077
24078 3.5 2.4078
24079 3.5 2.4079
24080 3.5 2.408
24081 3.5 2.4081
24082 3.5 2.4082
24083 3.5 2.4083
24084 3.5 2.4084000000000003
24085 3.5 2.4085
24086 3.5 2.4086000000000003
24087 3.5 2.4087
24088 3.5 2.4088000000000003
24089 3.5 2.4089
24090 3.5 2.4090000000000003
24091 3.5 2.4091
24092 3.5 2.4092000000000002
24093 3.5 2.4093
24094 3.5 2.4094
24095 3.5 2.4095
24096 3.5 2.4096
24097 3.5 2.4097
24098 3.5 2.4098
24099 3.5 2.4099
24100 3.5 2.41
24101 3.5 2.4101
24102 3.5 2.4102
24103 3.5 2.4103000000000003
24104 3.5 2.4104
24105 3.5 2.4105000000000003
24106 3.5 2.4106
24107 3.5 2.4107000000000003
24108 3.5 2.4108
24109 3.5 2.4109000000000003
24110 3.5 2.411
24111 3.5 2.4111000000000002
24112 3.5 2.4112
24113 3.5 2.4113
24114 3.5 2.4114
24115 3.5 2.4115
24116 3.5 2.4116
24117 3.5 2.4117
24118 3.5 2.4118
24119 3.5 2.4119
24120 3.5 2.412
24121 3.5 2.4121
24122 3.5 2.4122
24123 3.5 2.4123
24124 3.5 2.4124000000000003
24125 3.5 2.4125
24126 3.5 2.4126000000000003
24127 3.5 2.4127
24128 3.5 2.4128000000000003
24129 3.5 2.4129
24130 3.5 2.4130000000000003
24131 3.5 2.4131
24132 3.5 2.4132000000000002
24133 3.5 2.4133
24134 3.5 2.4134
24135 3.5 2.4135
24136 3.5 2.4136
24137 3.5 2.4137
24138 3.5 2.4138
24139 3.5 2.4139
24140 3.5 2.414
24141 3.5 2.4141
24142 3.5 2.4142
24143 3.5 2.4143000000000003
24144 3.5 2.4144
24145 3.5 2.4145000000000003
24146 3.5 2.4146
24147 3.5 2.4147000000000003
24148 3.5 2.4148
24149 3.5 2.4149000000000003
24150 3.5 2.415
24151 3.5 2.4151000000000002
24152 3.5 2.4152
24153 3.5 2.4153000000000002
24154 3.5 2.4154
24155 3.5 2.4155
24156 3.5 2.4156
24157 3.5 2.4157
24158 3.5 2.4158
24159 3.5 2.4159
24160 3.5 2.416
24161 3.5 2.4161
24162 3.5 2.4162
24163 3.5 2.4163
24164 3.5 2.4164000000000003
24165 3.5 2.4165
24166 3.5 2.4166000000000003
24167 3.5 2.4167
24168 3.5 2.4168000000000003
24169 3.5 2.4169
24170 3.5 2.4170000000000003
24171 3.5 2.4171
24172 3.5 2.4172000000000002
24173 3.5 2.4173
24174 3.5 2.4174
24175 3.5 2.4175
24176 3.5 2.4176
24177 3.5 2.4177
24178 3.5 2.4178
24179 3.5 2.4179
24180 3.5 2.418
24181 3.5 2.4181
24182 3.5 2.4182
24183 3.5 2.4183
24184 3.5 2.4184
24185 3.5 2.4185000000000003
24186 3.5 2.4186
24187 3.5 2.4187000000000003
24188 3.5 2.4188
24189 3.5 2.4189000000000003
24190 3.5 2.419
24191 3.5 2.4191000000000003
24192 3.5 2.4192
24193 3.5 2.4193000000000002
24194 3.5 2.4194
24195 3.5 2.4195
24196 3.5 2.4196
24197 3.5 2.4197
24198 3.5 2.4198
24199 3.5 2.4199
24200 3.5 2.42
24201 3.5 2.4201
24202 3.5 2.4202
24203 3.5 2.4203
24204 3.5 2.4204000000000003
24205 3.5 2.4205
24206 3.5 2.4206000000000003
24207 3.5 2.4207
24208 3.5 2.4208000000000003
24209 3.5 2.4209
24210 3.5 2.4210000000000003
24211 3.5 2.4211
24212 3.5 2.4212000000000002
24213 3.5 2.4213
24214 3.5 2.4214
24215 3.5 2.4215
24216 3.5 2.4216
24217 3.5 2.4217
24218 3.5 2.4218
24219 3.5 2.4219
24220 3.5 2.422
24221 3.5 2.4221
24222 3.5 2.4222
24223 3.5 2.4223
24224 3.5 2.4224
24225 3.5 2.4225000000000003
24226 3.5 2.4226
24227 3.5 2.4227000000000003
24228 3.5 2.4228
24229 3.5 2.4229000000000003
24230 3.5 2.423
24231 3.5 2.4231000000000003
24232 3.5 2.4232
24233 3.5 2.4233000000000002
24234 3.5 2.4234
24235 3.5 2.4235
24236 3.5 2.4236
24237 3.5 2.4237
24238 3.5 2.4238
24239 3.5 2.4239
24240 3.5 2.424
24241 3.5 2.4241
24242 3.5 2.4242
24243 3.5 2.4243
24244 3.5 2.4244000000000003
24245 3.5 2.4245
24246 3.5 2.4246000000000003
24247 3.5 2.4247
24248 3.5 2.4248000000000003
24249 3.5 2.4249
24250 3.5 2.4250000000000003
24251 3.5 2.4251
24252 3.5 2.4252000000000002
24253 3.5 2.4253
24254 3.5 2.4254000000000002
24255 3.5 2.4255
24256 3.5 2.4256
24257 3.5 2.4257
24258 3.5 2.4258
24259 3.5 2.4259
24260 3.5 2.426
24261 3.5 2.4261
24262 3.5 2.4262
24263 3.5 2.4263
24264 3.5 2.4264
24265 3.5 2.4265000000000003
24266 3.5 2.4266
24267 3.5 2.4267000000000003
24268 3.5 2.4268
24269 3.5 2.4269000000000003
24270 3.5 2.427
24271 3.5 2.4271000000000003
24272 3.5 2.4272
24273 3.5 2.4273000000000002
24274 3.5 2.4274
24275 3.5 2.4275
24276 3.5 2.4276
24277 3.5 2.4277
24278 3.5 2.4278
24279 3.5 2.4279
24280 3.5 2.428
24281 3.5 2.4281
24282 3.5 2.4282
24283 3.5 2.4283
24284 3.5 2.4284000000000003
24285 3.5 2.4285
24286 3.5 2.4286000000000003
24287 3.5 2.4287
24288 3.5 2.4288000000000003
24289 3.5 2.4289
24290 3.5 2.4290000000000003
24291 3.5 2.4291
24292 3.5 2.4292000000000002
24293 3.5 2.4293
24294 3.5 2.4294000000000002
24295 3.5 2.4295
24296 3.5 2.4296
24297 3.5 2.4297
24298 3.5 2.4298
24299 3.5 2.4299
24300 3.5 2.43
24301 3.5 2.4301
24302 3.5 2.4302
24303 3.5 2.4303
24304 3.5 2.4304
24305 3.5 2.4305000000000003
24306 3.5 2.4306
24307 3.5 2.4307000000000003
24308 3.5 2.4308
24309 3.5 2.4309000000000003
24310 3.5 2.431
24311 3.5 2.4311000000000003
24312 3.5 2.4312
24313 3.5 2.4313000000000002
24314 3.5 2.4314
24315 3.5 2.4315
24316 3.5 2.4316
24317 3.5 2.4317
24318 3.5 2.4318
24319 3.5 2.4319
24320 3.5 2.432
24321 3.5 2.4321
24322 3.5 2.4322
24323 3.5 2.4323
24324 3.5 2.4324
24325 3.5 2.4325
24326 3.5 2.4326000000000003
24327 3.5 2.4327
24328 3.5 2.4328000000000003
24329 3.5 2.4329
24330 3.5 2.4330000000000003
24331 3.5 2.4331
24332 3.5 2.4332000000000003
24333 3.5 2.4333
24334 3.5 2.4334000000000002
24335 3.5 2.4335
24336 3.5 2.4336
24337 3.5 2.4337
24338 3.5 2.4338
24339 3.5 2.4339
24340 3.5 2.434
24341 3.5 2.4341
24342 3.5 2.4342
24343 3.5 2.4343
24344 3.5 2.4344
24345 3.5 2.4345000000000003
24346 3.5 2.4346
24347 3.5 2.4347000000000003
24348 3.5 2.4348
24349 3.5 2.4349000000000003
24350 3.5 2.435
24351 3.5 2.4351000000000003
24352 3.5 2.4352
24353 3.5 2.4353000000000002
24354 3.5 2.4354
24355 3.5 2.4355
24356 3.5 2.4356
24357 3.5 2.4357
24358 3.5 2.4358
24359 3.5 2.4359
24360 3.5 2.436
24361 3.5 2.4361
24362 3.5 2.4362
24363 3.5 2.4363
24364 3.5 2.4364
24365 3.5 2.4365
24366 3.5 2.4366000000000003
24367 3.5 2.4367
24368 3.5 2.4368000000000003
24369 3.5 2.4369
24370 3.5 2.4370000000000003
24371 3.5 2.4371
24372 3.5 2.4372000000000003
24373 3.5 2.4373
24374 3.5 2.4374000000000002
24375 3.5 2.4375
24376 3.5 2.4376
24377 3.5 2.4377
24378 3.5 2.4378
24379 3.5 2.4379
24380 3.5 2.438
24381 3.5 2.4381
24382 3.5 2.4382
24383 3.5 2.4383
24384 3.5 2.4384
24385 3.5 2.4385000000000003
24386 3.5 2.4386
24387 3.5 2.4387000000000003
24388 3.5 2.4388
24389 3.5 2.4389000000000003
24390 3.5 2.439
24391 3.5 2.4391000000000003
24392 3.5 2.4392
24393 3.5 2.4393000000000002
24394 3.5 2.4394
24395 3.5 2.4395000000000002
24396 3.5 2.4396
24397 3.5 2.4397
24398 3.5 2.4398
24399 3.5 2.4399
24400 3.5 2.44
24401 3.5 2.4401
24402 3.5 2.4402
24403 3.5 2.4403
24404 3.5 2.4404
24405 3.5 2.4405
24406 3.5 2.4406000000000003
24407 3.5 2.4407
24408 3.5 2.4408000000000003
24409 3.5 2.4409
24410 3.5 2.4410000000000003
24411 3.5 2.4411
24412 3.5 2.4412000000000003
24413 3.5 2.4413
24414 3.5 2.4414000000000002
24415 3.5 2.4415
24416 3.5 2.4416
24417 3.5 2.4417
24418 3.5 2.4418
24419 3.5 2.4419
24420 3.5 2.442
24421 3.5 2.4421
24422 3.5 2.4422
24423 3.5 2.4423
24424 3.5 2.4424
24425 3.5 2.4425000000000003
24426 3.5 2.4426
24427 3.5 2.4427000000000003
24428 3.5 2.4428
24429 3.5 2.4429000000000003
24430 3.5 2.443
24431 3.5 2.4431000000000003
24432 3.5 2.4432
24433 3.5 2.4433000000000002
24434 3.5 2.4434
24435 3.5 2.4435000000000002
24436 3.5 2.4436
24437 3.5 2.4437
24438 3.5 2.4438
24439 3.5 2.4439
24440 3.5 2.444
24441 3.5 2.4441
24442 3.5 2.4442
24443 3.5 2.4443
24444 3.5 2.4444
24445 3.5 2.4445
24446 3.5 2.4446000000000003
24447 3.5 2.4447
24448 3.5 2.4448000000000003
24449 3.5 2.4449
24450 3.5 2.4450000000000003
24451 3.5 2.4451
24452 3.5 2.4452000000000003
24453 3.5 2.4453
24454 3.5 2.4454000000000002
24455 3.5 2.4455
24456 3.5 2.4456
24457 3.5 2.4457
24458 3.5 2.4458
24459 3.5 2.4459
24460 3.5 2.446
24461 3.5 2.4461
24462 3.5 2.4462
24463 3.5 2.4463
24464 3.5 2.4464
24465 3.5 2.4465
24466 3.5 2.4466
24467 3.5 2.4467000000000003
24468 3.5 2.4468
24469 3.5 2.4469000000000003
24470 3.5 2.447
24471 3.5 2.4471000000000003
24472 3.5 2.4472
24473 3.5 2.4473000000000003
24474 3.5 2.4474
24475 3.5 2.4475000000000002
24476 3.5 2.4476
24477 3.5 2.4477
24478 3.5 2.4478
24479 3.5 2.4479
24480 3.5 2.448
24481 3.5 2.4481
24482 3.5 2.4482
24483 3.5 2.4483
24484 3.5 2.4484
24485 3.5 2.4485
24486 3.5 2.4486000000000003
24487 3.5 2.4487
24488 3.5 2.4488000000000003
24489 3.5 2.4489
24490 3.5 2.4490000000000003
24491 3.5 2.4491
24492 3.5 2.4492000000000003
24493 3.5 2.4493
24494 3.5 2.4494000000000002
24495 3.5 2.4495
24496 3.5 2.4496
24497 3.5 2.4497
24498 3.5 2.4498
24499 3.5 2.4499
24500 3.5 2.45
24501 3.5 2.4501
24502 3.5 2.4502
24503 3.5 2.4503
24504 3.5 2.4504
24505 3.5 2.4505
24506 3.5 2.4506
24507 3.5 2.4507000000000003
24508 3.5 2.4508
24509 3.5 2.4509000000000003
24510 3.5 2.451
24511 3.5 2.4511000000000003
24512 3.5 2.4512
24513 3.5 2.4513000000000003
24514 3.5 2.4514
24515 3.5 2.4515000000000002
24516 3.5 2.4516
24517 3.5 2.4517
24518 3.5 2.4518
24519 3.5 2.4519
24520 3.5 2.452
24521 3.5 2.4521
24522 3.5 2.4522
24523 3.5 2.4523
24524 3.5 2.4524
24525 3.5 2.4525
24526 3.5 2.4526000000000003
24527 3.5 2.4527
24528 3.5 2.4528000000000003
24529 3.5 2.4529
24530 3.5 2.4530000000000003
24531 3.5 2.4531
24532 3.5 2.4532000000000003
24533 3.5 2.4533
24534 3.5 2.4534000000000002
24535 3.5 2.4535
24536 3.5 2.4536000000000002
24537 3.5 2.4537
24538 3.5 2.4538
24539 3.5 2.4539
24540 3.5 2.454
24541 3.5 2.4541
24542 3.5 2.4542
24543 3.5 2.4543
24544 3.5 2.4544
24545 3.5 2.4545
24546 3.5 2.4546
24547 3.5 2.4547000000000003
24548 3.5 2.4548
24549 3.5 2.4549000000000003
24550 3.5 2.455
24551 3.5 2.4551000000000003
24552 3.5 2.4552
24553 3.5 2.4553000000000003
24554 3.5 2.4554
24555 3.5 2.4555000000000002
24556 3.5 2.4556
24557 3.5 2.4557
24558 3.5 2.4558
24559 3.5 2.4559
24560 3.5 2.456
24561 3.5 2.4561
24562 3.5 2.4562
24563 3.5 2.4563
24564 3.5 2.4564
24565 3.5 2.4565
24566 3.5 2.4566000000000003
24567 3.5 2.4567
24568 3.5 2.4568000000000003
24569 3.5 2.4569
24570 3.5 2.4570000000000003
24571 3.5 2.4571
24572 3.5 2.4572000000000003
24573 3.5 2.4573
24574 3.5 2.4574000000000003
24575 3.5 2.4575
24576 3.5 2.4576000000000002
24577 3.5 2.4577
24578 3.5 2.4578
24579 3.5 2.4579
24580 3.5 2.458
24581 3.5 2.4581
24582 3.5 2.4582
24583 3.5 2.4583
24584 3.5 2.4584
24585 3.5 2.4585
24586 3.5 2.4586
24587 3.5 2.4587000000000003
24588 3.5 2.4588
24589 3.5 2.4589000000000003
24590 3.5 2.459
24591 3.5 2.4591000000000003
24592 3.5 2.4592
24593 3.5 2.4593000000000003
24594 3.5 2.4594
24595 3.5 2.4595000000000002
24596 3.5 2.4596
24597 3.5 2.4597
24598 3.5 2.4598
24599 3.5 2.4599
24600 3.5 2.46
24601 3.5 2.4601
24602 3.5 2.4602
24603 3.5 2.4603
24604 3.5 2.4604
24605 3.5 2.4605
24606 3.5 2.4606
24607 3.5 2.4607
24608 3.5 2.4608000000000003
24609 3.5 2.4609
24610 3.5 2.4610000000000003
24611 3.5 2.4611
24612 3.5 2.4612000000000003
24613 3.5 2.4613
24614 3.5 2.4614000000000003
24615 3.5 2.4615
24616 3.5 2.4616000000000002
24617 3.5 2.4617
24618 3.5 2.4618
24619 3.5 2.4619
24620 3.5 2.462
24621 3.5 2.4621
24622 3.5 2.4622
24623 3.5 2.4623
24624 3.5 2.4624
24625 3.5 2.4625
24626 3.5 2.4626
24627 3.5 2.4627000000000003
24628 3.5 2.4628
24629 3.5 2.4629000000000003
24630 3.5 2.463
24631 3.5 2.4631000000000003
24632 3.5 2.4632
24633 3.5 2.4633000000000003
24634 3.5 2.4634
24635 3.5 2.4635000000000002
24636 3.5 2.4636
24637 3.5 2.4637000000000002
24638 3.5 2.4638
24639 3.5 2.4639
24640 3.5 2.464
24641 3.5 2.4641
24642 3.5 2.4642
24643 3.5 2.4643
24644 3.5 2.4644
24645 3.5 2.4645
24646 3.5 2.4646
24647 3.5 2.4647
24648 3.5 2.4648000000000003
24649 3.5 2.4649
24650 3.5 2.4650000000000003
24651 3.5 2.4651
24652 3.5 2.4652000000000003
24653 3.5 2.4653
24654 3.5 2.4654000000000003
24655 3.5 2.4655
24656 3.5 2.4656000000000002
24657 3.5 2.4657
24658 3.5 2.4658
24659 3.5 2.4659
24660 3.5 2.466
24661 3.5 2.4661
24662 3.5 2.4662
24663 3.5 2.4663
24664 3.5 2.4664
24665 3.5 2.4665
24666 3.5 2.4666
24667 3.5 2.4667000000000003
24668 3.5 2.4668
24669 3.5 2.4669000000000003
24670 3.5 2.467
24671 3.5 2.4671000000000003
24672 3.5 2.4672
24673 3.5 2.4673000000000003
24674 3.5 2.4674
24675 3.5 2.4675000000000002
24676 3.5 2.4676
24677 3.5 2.4677000000000002
24678 3.5 2.4678
24679 3.5 2.4679
24680 3.5 2.468
24681 3.5 2.4681
24682 3.5 2.4682
24683 3.5 2.4683
24684 3.5 2.4684
24685 3.5 2.4685
24686 3.5 2.4686
24687 3.5 2.4687
24688 3.5 2.4688000000000003
24689 3.5 2.4689
24690 3.5 2.4690000000000003
24691 3.5 2.4691
24692 3.5 2.4692000000000003
24693 3.5 2.4693
24694 3.5 2.4694000000000003
24695 3.5 2.4695
24696 3.5 2.4696000000000002
24697 3.5 2.4697
24698 3.5 2.4698
24699 3.5 2.4699
24700 3.5 2.47
24701 3.5 2.4701
24702 3.5 2.4702
24703 3.5 2.4703
24704 3.5 2.4704
24705 3.5 2.4705
24706 3.5 2.4706
24707 3.5 2.4707000000000003
24708 3.5 2.4708
24709 3.5 2.4709000000000003
24710 3.5 2.471
24711 3.5 2.4711000000000003
24712 3.5 2.4712
24713 3.5 2.4713000000000003
24714 3.5 2.4714
24715 3.5 2.4715000000000003
24716 3.5 2.4716
24717 3.5 2.4717000000000002
24718 3.5 2.4718
24719 3.5 2.4719
24720 3.5 2.472
24721 3.5 2.4721
24722 3.5 2.4722
24723 3.5 2.4723
24724 3.5 2.4724
24725 3.5 2.4725
24726 3.5 2.4726
24727 3.5 2.4727
24728 3.5 2.4728000000000003
24729 3.5 2.4729
24730 3.5 2.4730000000000003
24731 3.5 2.4731
24732 3.5 2.4732000000000003
24733 3.5 2.4733
24734 3.5 2.4734000000000003
24735 3.5 2.4735
24736 3.5 2.4736000000000002
24737 3.5 2.4737
24738 3.5 2.4738
24739 3.5 2.4739
24740 3.5 2.474
24741 3.5 2.4741
24742 3.5 2.4742
24743 3.5 2.4743
24744 3.5 2.4744
24745 3.5 2.4745
24746 3.5 2.4746
24747 3.5 2.4747
24748 3.5 2.4748
24749 3.5 2.4749000000000003
24750 3.5 2.475
24751 3.5 2.4751000000000003
24752 3.5 2.4752
24753 3.5 2.4753000000000003
24754 3.5 2.4754
24755 3.5 2.4755000000000003
24756 3.5 2.4756
24757 3.5 2.4757000000000002
24758 3.5 2.4758
24759 3.5 2.4759
24760 3.5 2.476
24761 3.5 2.4761
24762 3.5 2.4762
24763 3.5 2.4763
24764 3.5 2.4764
24765 3.5 2.4765
24766 3.5 2.4766
24767 3.5 2.4767
24768 3.5 2.4768000000000003
24769 3.5 2.4769
24770 3.5 2.4770000000000003
24771 3.5 2.4771
24772 3.5 2.4772000000000003
24773 3.5 2.4773
24774 3.5 2.4774000000000003
24775 3.5 2.4775
24776 3.5 2.4776000000000002
24777 3.5 2.4777
24778 3.5 2.4778000000000002
24779 3.5 2.4779
24780 3.5 2.478
24781 3.5 2.4781
24782 3.5 2.4782
24783 3.5 2.4783
24784 3.5 2.4784
24785 3.5 2.4785
24786 3.5 2.4786
24787 3.5 2.4787
24788 3.5 2.4788
24789 3.5 2.4789000000000003
24790 3.5 2.479
24791 3.5 2.4791000000000003
24792 3.5 2.4792
24793 3.5 2.4793000000000003
24794 3.5 2.4794
24795 3.5 2.4795000000000003
24796 3.5 2.4796
24797 3.5 2.4797000000000002
24798 3.5 2.4798
24799 3.5 2.4799
24800 3.5 2.48
24801 3.5 2.4801
24802 3.5 2.4802
24803 3.5 2.4803
24804 3.5 2.4804
24805 3.5 2.4805
24806 3.5 2.4806
24807 3.5 2.4807
24808 3.5 2.4808000000000003
24809 3.5 2.4809
24810 3.5 2.4810000000000003
24811 3.5 2.4811
24812 3.5 2.4812000000000003
24813 3.5 2.4813
24814 3.5 2.4814000000000003
24815 3.5 2.4815
24816 3.5 2.4816000000000003
24817 3.5 2.4817
24818 3.5 2.4818000000000002
24819 3.5 2.4819
24820 3.5 2.482
24821 3.5 2.4821
24822 3.5 2.4822
24823 3.5 2.4823
24824 3.5 2.4824
24825 3.5 2.4825
24826 3.5 2.4826
24827 3.5 2.4827
24828 3.5 2.4828
24829 3.5 2.4829000000000003
24830 3.5 2.483
24831 3.5 2.4831000000000003
24832 3.5 2.4832
24833 3.5 2.4833000000000003
24834 3.5 2.4834
24835 3.5 2.4835000000000003
24836 3.5 2.4836
24837 3.5 2.4837000000000002
24838 3.5 2.4838
24839 3.5 2.4839
24840 3.5 2.484
24841 3.5 2.4841
24842 3.5 2.4842
24843 3.5 2.4843
24844 3.5 2.4844
24845 3.5 2.4845
24846 3.5 2.4846
24847 3.5 2.4847
24848 3.5 2.4848
24849 3.5 2.4849
24850 3.5 2.4850000000000003
24851 3.5 2.4851
24852 3.5 2.4852000000000003
24853 3.5 2.4853
24854 3.5 2.4854000000000003
24855 3.5 2.4855
24856 3.5 2.4856000000000003
24857 3.5 2.4857
24858 3.5 2.4858000000000002
24859 3.5 2.4859
24860 3.5 2.486
24861 3.5 2.4861
24862 3.5 2.4862
24863 3.5 2.4863
24864 3.5 2.4864
24865 3.5 2.4865
24866 3.5 2.4866
24867 3.5 2.4867
24868 3.5 2.4868
24869 3.5 2.4869000000000003
24870 3.5 2.487
24871 3.5 2.4871000000000003
24872 3.5 2.4872
24873 3.5 2.4873000000000003
24874 3.5 2.4874
24875 3.5 2.4875000000000003
24876 3.5 2.4876
24877 3.5 2.4877000000000002
24878 3.5 2.4878
24879 3.5 2.4879000000000002
24880 3.5 2.488
24881 3.5 2.4881
24882 3.5 2.4882
24883 3.5 2.4883
24884 3.5 2.4884
24885 3.5 2.4885
24886 3.5 2.4886
24887 3.5 2.4887
24888 3.5 2.4888
24889 3.5 2.4889
24890 3.5 2.4890000000000003
24891 3.5 2.4891
24892 3.5 2.4892000000000003
24893 3.5 2.4893
24894 3.5 2.4894000000000003
24895 3.5 2.4895
24896 3.5 2.4896000000000003
24897 3.5 2.4897
24898 3.5 2.4898000000000002
24899 3.5 2.4899
24900 3.5 2.49
24901 3.5 2.4901
24902 3.5 2.4902
24903 3.5 2.4903
24904 3.5 2.4904
24905 3.5 2.4905
24906 3.5 2.4906
24907 3.5 2.4907
24908 3.5 2.4908
24909 3.5 2.4909000000000003
24910 3.5 2.491
24911 3.5 2.4911000000000003
24912 3.5 2.4912
24913 3.5 2.4913000000000003
24914 3.5 2.4914
24915 3.5 2.4915000000000003
24916 3.5 2.4916
24917 3.5 2.4917000000000002
24918 3.5 2.4918
24919 3.5 2.4919000000000002
24920 3.5 2.492
24921 3.5 2.4921
24922 3.5 2.4922
24923 3.5 2.4923
24924 3.5 2.4924
24925 3.5 2.4925
24926 3.5 2.4926
24927 3.5 2.4927
24928 3.5 2.4928
24929 3.5 2.4929
24930 3.5 2.4930000000000003
24931 3.5 2.4931
24932 3.5 2.4932000000000003
24933 3.5 2.4933
24934 3.5 2.4934000000000003
24935 3.5 2.4935
24936 3.5 2.4936000000000003
24937 3.5 2.4937
24938 3.5 2.4938000000000002
24939 3.5 2.4939
24940 3.5 2.494
24941 3.5 2.4941
24942 3.5 2.4942
24943 3.5 2.4943
24944 3.5 2.4944
24945 3.5 2.4945
24946 3.5 2.4946
24947 3.5 2.4947
24948 3.5 2.4948
24949 3.5 2.4949000000000003
24950 3.5 2.495
24951 3.5 2.4951000000000003
24952 3.5 2.4952
24953 3.5 2.4953000000000003
24954 3.5 2.4954
24955 3.5 2.4955000000000003
24956 3.5 2.4956
24957 3.5 2.4957000000000003
24958 3.5 2.4958
24959 3.5 2.4959000000000002
24960 3.5 2.496
24961 3.5 2.4961
24962 3.5 2.4962
24963 3.5 2.4963
24964 3.5 2.4964
24965 3.5 2.4965
24966 3.5 2.4966
24967 3.5 2.4967
24968 3.5 2.4968
24969 3.5 2.4969
24970 3.5 2.4970000000000003
24971 3.5 2.4971
24972 3.5 2.4972000000000003
24973 3.5 2.4973
24974 3.5 2.4974000000000003
24975 3.5 2.4975
24976 3.5 2.4976000000000003
24977 3.5 2.4977
24978 3.5 2.4978000000000002
24979 3.5 2.4979
24980 3.5 2.498
24981 3.5 2.4981
24982 3.5 2.4982
24983 3.5 2.4983
24984 3.5 2.4984
24985 3.5 2.4985
24986 3.5 2.4986
24987 3.5 2.4987
24988 3.5 2.4988
24989 3.5 2.4989
24990 3.5 2.499
24991 3.5 2.4991000000000003
24992 3.5 2.4992
24993 3.5 2.4993000000000003
24994 3.5 2.4994
24995 3.5 2.4995000000000003
24996 3.5 2.4996
24997 3.5 2.4997000000000003
24998 3.5 2.4998
24999 3.5 2.4999000000000002
25000 3.5 2.5
25001 3.5 2.5001
25002 3.5 2.5002
25003 3.5 2.5003
25004 3.5 2.5004
25005 3.5 2.5005
25006 3.5 2.5006
25007 3.5 2.5007
25008 3.5 2.5008
25009 3.5 2.5009
25010 3.5 2.5010000000000003
25011 3.5 2.5011
25012 3.5 2.5012000000000003
25013 3.5 2.5013
25014 3.5 2.5014000000000003
25015 3.5 2.5015
25016 3.5 2.5016000000000003
25017 3.5 2.5017
25018 3.5 2.5018000000000002
25019 3.5 2.5019
25020 3.5 2.5020000000000002
25021 3.5 2.5021
25022 3.5 2.5022
25023 3.5 2.5023
25024 3.5 2.5024
25025 3.5 2.5025
25026 3.5 2.5026
25027 3.5 2.5027
25028 3.5 2.5028
25029 3.5 2.5029
25030 3.5 2.503
25031 3.5 2.5031000000000003
25032 3.5 2.5032
25033 3.5 2.5033000000000003
25034 3.5 2.5034
25035 3.5 2.5035000000000003
25036 3.5 2.5036
25037 3.5 2.5037000000000003
25038 3.5 2.5038
25039 3.5 2.5039000000000002
25040 3.5 2.504
25041 3.5 2.5041
25042 3.5 2.5042
25043 3.5 2.5043
25044 3.5 2.5044
25045 3.5 2.5045
25046 3.5 2.5046
25047 3.5 2.5047
25048 3.5 2.5048
25049 3.5 2.5049
25050 3.5 2.5050000000000003
25051 3.5 2.5051
25052 3.5 2.5052000000000003
25053 3.5 2.5053
25054 3.5 2.5054000000000003
25055 3.5 2.5055
25056 3.5 2.5056000000000003
25057 3.5 2.5057
25058 3.5 2.5058000000000002
25059 3.5 2.5059
25060 3.5 2.5060000000000002
25061 3.5 2.5061
25062 3.5 2.5062
25063 3.5 2.5063
25064 3.5 2.5064
25065 3.5 2.5065
25066 3.5 2.5066
25067 3.5 2.5067
25068 3.5 2.5068
25069 3.5 2.5069
25070 3.5 2.507
25071 3.5 2.5071000000000003
25072 3.5 2.5072
25073 3.5 2.5073000000000003
25074 3.5 2.5074
25075 3.5 2.5075000000000003
25076 3.5 2.5076
25077 3.5 2.5077000000000003
25078 3.5 2.5078
25079 3.5 2.5079000000000002
25080 3.5 2.508
25081 3.5 2.5081
25082 3.5 2.5082
25083 3.5 2.5083
25084 3.5 2.5084
25085 3.5 2.5085
25086 3.5 2.5086
25087 3.5 2.5087
25088 3.5 2.5088
25089 3.5 2.5089
25090 3.5 2.5090000000000003
25091 3.5 2.5091
25092 3.5 2.5092000000000003
25093 3.5 2.5093
25094 3.5 2.5094000000000003
25095 3.5 2.5095
25096 3.5 2.5096000000000003
25097 3.5 2.5097
25098 3.5 2.5098000000000003
25099 3.5 2.5099
25100 3.5 2.5100000000000002
25101 3.5 2.5101
25102 3.5 2.5102
25103 3.5 2.5103
25104 3.5 2.5104
25105 3.5 2.5105
25106 3.5 2.5106
25107 3.5 2.5107
25108 3.5 2.5108
25109 3.5 2.5109
25110 3.5 2.511
25111 3.5 2.5111000000000003
25112 3.5 2.5112
25113 3.5 2.5113000000000003
25114 3.5 2.5114
25115 3.5 2.5115000000000003
25116 3.5 2.5116
25117 3.5 2.5117000000000003
25118 3.5 2.5118
25119 3.5 2.5119000000000002
25120 3.5 2.512
25121 3.5 2.5121
25122 3.5 2.5122
25123 3.5 2.5123
25124 3.5 2.5124
25125 3.5 2.5125
25126 3.5 2.5126
25127 3.5 2.5127
25128 3.5 2.5128
25129 3.5 2.5129
25130 3.5 2.513
25131 3.5 2.5131
25132 3.5 2.5132000000000003
25133 3.5 2.5133
25134 3.5 2.5134000000000003
25135 3.5 2.5135
25136 3.5 2.5136000000000003
25137 3.5 2.5137
25138 3.5 2.5138000000000003
25139 3.5 2.5139
25140 3.5 2.5140000000000002
25141 3.5 2.5141
25142 3.5 2.5142
25143 3.5 2.5143
25144 3.5 2.5144
25145 3.5 2.5145
25146 3.5 2.5146
25147 3.5 2.5147
25148 3.5 2.5148
25149 3.5 2.5149
25150 3.5 2.515
25151 3.5 2.5151000000000003
25152 3.5 2.5152
25153 3.5 2.5153000000000003
25154 3.5 2.5154
25155 3.5 2.5155000000000003
25156 3.5 2.5156
25157 3.5 2.5157000000000003
25158 3.5 2.5158
25159 3.5 2.5159000000000002
25160 3.5 2.516
25161 3.5 2.5161000000000002
25162 3.5 2.5162
25163 3.5 2.5163
25164 3.5 2.5164
25165 3.5 2.5165
25166 3.5 2.5166
25167 3.5 2.5167
25168 3.5 2.5168
25169 3.5 2.5169
25170 3.5 2.517
25171 3.5 2.5171
25172 3.5 2.5172000000000003
25173 3.5 2.5173
25174 3.5 2.5174000000000003
25175 3.5 2.5175
25176 3.5 2.5176000000000003
25177 3.5 2.5177
25178 3.5 2.5178000000000003
25179 3.5 2.5179
25180 3.5 2.5180000000000002
25181 3.5 2.5181
25182 3.5 2.5182
25183 3.5 2.5183
25184 3.5 2.5184
25185 3.5 2.5185
25186 3.5 2.5186
25187 3.5 2.5187
25188 3.5 2.5188
25189 3.5 2.5189
25190 3.5 2.519
25191 3.5 2.5191000000000003
25192 3.5 2.5192
25193 3.5 2.5193000000000003
25194 3.5 2.5194
25195 3.5 2.5195000000000003
25196 3.5 2.5196
25197 3.5 2.5197000000000003
25198 3.5 2.5198
25199 3.5 2.5199000000000003
25200 3.5 2.52
25201 3.5 2.5201000000000002
25202 3.5 2.5202
25203 3.5 2.5203
25204 3.5 2.5204
25205 3.5 2.5205
25206 3.5 2.5206
25207 3.5 2.5207
25208 3.5 2.5208
25209 3.5 2.5209
25210 3.5 2.521
25211 3.5 2.5211
25212 3.5 2.5212000000000003
25213 3.5 2.5213
25214 3.5 2.5214000000000003
25215 3.5 2.5215
25216 3.5 2.5216000000000003
25217 3.5 2.5217
25218 3.5 2.5218000000000003
25219 3.5 2.5219
25220 3.5 2.5220000000000002
25221 3.5 2.5221
25222 3.5 2.5222
25223 3.5 2.5223
25224 3.5 2.5224
25225 3.5 2.5225
25226 3.5 2.5226
25227 3.5 2.5227
25228 3.5 2.5228
25229 3.5 2.5229
25230 3.5 2.523
25231 3.5 2.5231000000000003
25232 3.5 2.5232
25233 3.5 2.5233000000000003
25234 3.5 2.5234
25235 3.5 2.5235000000000003
25236 3.5 2.5236
25237 3.5 2.5237000000000003
25238 3.5 2.5238
25239 3.5 2.5239000000000003
25240 3.5 2.524
25241 3.5 2.5241000000000002
25242 3.5 2.5242
25243 3.5 2.5243
25244 3.5 2.5244
25245 3.5 2.5245
25246 3.5 2.5246
25247 3.5 2.5247
25248 3.5 2.5248
25249 3.5 2.5249
25250 3.5 2.525
25251 3.5 2.5251
25252 3.5 2.5252000000000003
25253 3.5 2.5253
25254 3.5 2.5254000000000003
25255 3.5 2.5255
25256 3.5 2.5256000000000003
25257 3.5 2.5257
25258 3.5 2.5258000000000003
25259 3.5 2.5259
25260 3.5 2.5260000000000002
25261 3.5 2.5261
25262 3.5 2.5262000000000002
25263 3.5 2.5263
25264 3.5 2.5264
25265 3.5 2.5265
25266 3.5 2.5266
25267 3.5 2.5267
25268 3.5 2.5268
25269 3.5 2.5269
25270 3.5 2.527
25271 3.5 2.5271
25272 3.5 2.5272
25273 3.5 2.5273000000000003
25274 3.5 2.5274
25275 3.5 2.5275000000000003
25276 3.5 2.5276
25277 3.5 2.5277000000000003
25278 3.5 2.5278
25279 3.5 2.5279000000000003
25280 3.5 2.528
25281 3.5 2.5281000000000002
25282 3.5 2.5282
25283 3.5 2.5283
25284 3.5 2.5284
25285 3.5 2.5285
25286 3.5 2.5286
25287 3.5 2.5287
25288 3.5 2.5288
25289 3.5 2.5289
25290 3.5 2.529
25291 3.5 2.5291
25292 3.5 2.5292000000000003
25293 3.5 2.5293
25294 3.5 2.5294000000000003
25295 3.5 2.5295
25296 3.5 2.5296000000000003
25297 3.5 2.5297
25298 3.5 2.5298000000000003
25299 3.5 2.5299
25300 3.5 2.5300000000000002
25301 3.5 2.5301
25302 3.5 2.5302000000000002
25303 3.5 2.5303
25304 3.5 2.5304
25305 3.5 2.5305
25306 3.5 2.5306
25307 3.5 2.5307
25308 3.5 2.5308
25309 3.5 2.5309
25310 3.5 2.531
25311 3.5 2.5311
25312 3.5 2.5312
25313 3.5 2.5313000000000003
25314 3.5 2.5314
25315 3.5 2.5315000000000003
25316 3.5 2.5316
25317 3.5 2.5317000000000003
25318 3.5 2.5318
25319 3.5 2.5319000000000003
25320 3.5 2.532
25321 3.5 2.5321000000000002
25322 3.5 2.5322
25323 3.5 2.5323
25324 3.5 2.5324
25325 3.5 2.5325
25326 3.5 2.5326
25327 3.5 2.5327
25328 3.5 2.5328
25329 3.5 2.5329
25330 3.5 2.533
25331 3.5 2.5331
25332 3.5 2.5332000000000003
25333 3.5 2.5333
25334 3.5 2.5334000000000003
25335 3.5 2.5335
25336 3.5 2.5336000000000003
25337 3.5 2.5337
25338 3.5 2.5338000000000003
25339 3.5 2.5339
25340 3.5 2.5340000000000003
25341 3.5 2.5341
25342 3.5 2.5342000000000002
25343 3.5 2.5343
25344 3.5 2.5344
25345 3.5 2.5345
25346 3.5 2.5346
25347 3.5 2.5347
25348 3.5 2.5348
25349 3.5 2.5349
25350 3.5 2.535
25351 3.5 2.5351
25352 3.5 2.5352
25353 3.5 2.5353000000000003
25354 3.5 2.5354
25355 3.5 2.5355000000000003
25356 3.5 2.5356
25357 3.5 2.5357000000000003
25358 3.5 2.5358
25359 3.5 2.5359000000000003
25360 3.5 2.536
25361 3.5 2.5361000000000002
25362 3.5 2.5362
25363 3.5 2.5363
25364 3.5 2.5364
25365 3.5 2.5365
25366 3.5 2.5366
25367 3.5 2.5367
25368 3.5 2.5368
25369 3.5 2.5369
25370 3.5 2.537
25371 3.5 2.5371
25372 3.5 2.5372
25373 3.5 2.5373
25374 3.5 2.5374000000000003
25375 3.5 2.5375
25376 3.5 2.5376000000000003
25377 3.5 2.5377
25378 3.5 2.5378000000000003
25379 3.5 2.5379
25380 3.5 2.5380000000000003
25381 3.5 2.5381
25382 3.5 2.5382000000000002
25383 3.5 2.5383
25384 3.5 2.5384
25385 3.5 2.5385
25386 3.5 2.5386
25387 3.5 2.5387
25388 3.5 2.5388
25389 3.5 2.5389
25390 3.5 2.539
25391 3.5 2.5391
25392 3.5 2.5392
25393 3.5 2.5393000000000003
25394 3.5 2.5394
25395 3.5 2.5395000000000003
25396 3.5 2.5396
25397 3.5 2.5397000000000003
25398 3.5 2.5398
25399 3.5 2.5399000000000003
25400 3.5 2.54
25401 3.5 2.5401000000000002
25402 3.5 2.5402
25403 3.5 2.5403000000000002
25404 3.5 2.5404
25405 3.5 2.5405
25406 3.5 2.5406
25407 3.5 2.5407
25408 3.5 2.5408
25409 3.5 2.5409
25410 3.5 2.541
25411 3.5 2.5411
25412 3.5 2.5412
25413 3.5 2.5413
25414 3.5 2.5414000000000003
25415 3.5 2.5415
25416 3.5 2.5416000000000003
25417 3.5 2.5417
25418 3.5 2.5418000000000003
25419 3.5 2.5419
25420 3.5 2.5420000000000003
25421 3.5 2.5421
25422 3.5 2.5422000000000002
25423 3.5 2.5423
25424 3.5 2.5424
25425 3.5 2.5425
25426 3.5 2.5426
25427 3.5 2.5427
25428 3.5 2.5428
25429 3.5 2.5429
25430 3.5 2.543
25431 3.5 2.5431
25432 3.5 2.5432
25433 3.5 2.5433000000000003
25434 3.5 2.5434
25435 3.5 2.5435000000000003
25436 3.5 2.5436
25437 3.5 2.5437000000000003
25438 3.5 2.5438
25439 3.5 2.5439000000000003
25440 3.5 2.544
25441 3.5 2.5441000000000003
25442 3.5 2.5442
25443 3.5 2.5443000000000002
25444 3.5 2.5444
25445 3.5 2.5445
25446 3.5 2.5446
25447 3.5 2.5447
25448 3.5 2.5448
25449 3.5 2.5449
25450 3.5 2.545
25451 3.5 2.5451
25452 3.5 2.5452
25453 3.5 2.5453
25454 3.5 2.5454000000000003
25455 3.5 2.5455
25456 3.5 2.5456000000000003
25457 3.5 2.5457
25458 3.5 2.5458000000000003
25459 3.5 2.5459
25460 3.5 2.5460000000000003
25461 3.5 2.5461
25462 3.5 2.5462000000000002
25463 3.5 2.5463
25464 3.5 2.5464
25465 3.5 2.5465
25466 3.5 2.5466
25467 3.5 2.5467
25468 3.5 2.5468
25469 3.5 2.5469
25470 3.5 2.547
25471 3.5 2.5471
25472 3.5 2.5472
25473 3.5 2.5473000000000003
25474 3.5 2.5474
25475 3.5 2.5475000000000003
25476 3.5 2.5476
25477 3.5 2.5477000000000003
25478 3.5 2.5478
25479 3.5 2.5479000000000003
25480 3.5 2.548
25481 3.5 2.5481000000000003
25482 3.5 2.5482
25483 3.5 2.5483000000000002
25484 3.5 2.5484
25485 3.5 2.5485
25486 3.5 2.5486
25487 3.5 2.5487
25488 3.5 2.5488
25489 3.5 2.5489
25490 3.5 2.549
25491 3.5 2.5491
25492 3.5 2.5492
25493 3.5 2.5493
25494 3.5 2.5494000000000003
25495 3.5 2.5495
25496 3.5 2.5496000000000003
25497 3.5 2.5497
25498 3.5 2.5498000000000003
25499 3.5 2.5499
25500 3.5 2.5500000000000003
25501 3.5 2.5501
25502 3.5 2.5502000000000002
25503 3.5 2.5503
25504 3.5 2.5504000000000002
25505 3.5 2.5505
25506 3.5 2.5506
25507 3.5 2.5507
25508 3.5 2.5508
25509 3.5 2.5509
25510 3.5 2.551
25511 3.5 2.5511
25512 3.5 2.5512
25513 3.5 2.5513
25514 3.5 2.5514
25515 3.5 2.5515000000000003
25516 3.5 2.5516
25517 3.5 2.5517000000000003
25518 3.5 2.5518
25519 3.5 2.5519000000000003
25520 3.5 2.552
25521 3.5 2.5521000000000003
25522 3.5 2.5522
25523 3.5 2.5523000000000002
25524 3.5 2.5524
25525 3.5 2.5525
25526 3.5 2.5526
25527 3.5 2.5527
25528 3.5 2.5528
25529 3.5 2.5529
25530 3.5 2.553
25531 3.5 2.5531
25532 3.5 2.5532
25533 3.5 2.5533
25534 3.5 2.5534000000000003
25535 3.5 2.5535
25536 3.5 2.5536000000000003
25537 3.5 2.5537
25538 3.5 2.5538000000000003
25539 3.5 2.5539
25540 3.5 2.5540000000000003
25541 3.5 2.5541
25542 3.5 2.5542000000000002
25543 3.5 2.5543
25544 3.5 2.5544000000000002
25545 3.5 2.5545
25546 3.5 2.5546
25547 3.5 2.5547
25548 3.5 2.5548
25549 3.5 2.5549
25550 3.5 2.555
25551 3.5 2.5551
25552 3.5 2.5552
25553 3.5 2.5553
25554 3.5 2.5554
25555 3.5 2.5555000000000003
25556 3.5 2.5556
25557 3.5 2.5557000000000003
25558 3.5 2.5558
25559 3.5 2.5559000000000003
25560 3.5 2.556
25561 3.5 2.5561000000000003
25562 3.5 2.5562
25563 3.5 2.5563000000000002
25564 3.5 2.5564
25565 3.5 2.5565
25566 3.5 2.5566
25567 3.5 2.5567
25568 3.5 2.5568
25569 3.5 2.5569
25570 3.5 2.557
25571 3.5 2.5571
25572 3.5 2.5572
25573 3.5 2.5573
25574 3.5 2.5574000000000003
25575 3.5 2.5575
25576 3.5 2.5576000000000003
25577 3.5 2.5577
25578 3.5 2.5578000000000003
25579 3.5 2.5579
25580 3.5 2.5580000000000003
25581 3.5 2.5581
25582 3.5 2.5582000000000003
25583 3.5 2.5583
25584 3.5 2.5584000000000002
25585 3.5 2.5585
25586 3.5 2.5586
25587 3.5 2.5587
25588 3.5 2.5588
25589 3.5 2.5589
25590 3.5 2.559
25591 3.5 2.5591
25592 3.5 2.5592
25593 3.5 2.5593
25594 3.5 2.5594
25595 3.5 2.5595000000000003
25596 3.5 2.5596
25597 3.5 2.5597000000000003
25598 3.5 2.5598
25599 3.5 2.5599000000000003
25600 3.5 2.56
25601 3.5 2.5601000000000003
25602 3.5 2.5602
25603 3.5 2.5603000000000002
25604 3.5 2.5604
25605 3.5 2.5605
25606 3.5 2.5606
25607 3.5 2.5607
25608 3.5 2.5608
25609 3.5 2.5609
25610 3.5 2.561
25611 3.5 2.5611
25612 3.5 2.5612
25613 3.5 2.5613
25614 3.5 2.5614000000000003
25615 3.5 2.5615
25616 3.5 2.5616000000000003
25617 3.5 2.5617
25618 3.5 2.5618000000000003
25619 3.5 2.5619
25620 3.5 2.5620000000000003
25621 3.5 2.5621
25622 3.5 2.5622000000000003
25623 3.5 2.5623
25624 3.5 2.5624000000000002
25625 3.5 2.5625
25626 3.5 2.5626
25627 3.5 2.5627
25628 3.5 2.5628
25629 3.5 2.5629
25630 3.5 2.563
25631 3.5 2.5631
25632 3.5 2.5632
25633 3.5 2.5633
25634 3.5 2.5634
25635 3.5 2.5635000000000003
25636 3.5 2.5636
25637 3.5 2.5637000000000003
25638 3.5 2.5638
25639 3.5 2.5639000000000003
25640 3.5 2.564
25641 3.5 2.5641000000000003
25642 3.5 2.5642
25643 3.5 2.5643000000000002
25644 3.5 2.5644
25645 3.5 2.5645000000000002
25646 3.5 2.5646
25647 3.5 2.5647
25648 3.5 2.5648
25649 3.5 2.5649
25650 3.5 2.565
25651 3.5 2.5651
25652 3.5 2.5652
25653 3.5 2.5653
25654 3.5 2.5654
25655 3.5 2.5655
25656 3.5 2.5656000000000003
25657 3.5 2.5657
25658 3.5 2.5658000000000003
25659 3.5 2.5659
25660 3.5 2.5660000000000003
25661 3.5 2.5661
25662 3.5 2.5662000000000003
25663 3.5 2.5663
25664 3.5 2.5664000000000002
25665 3.5 2.5665
25666 3.5 2.5666
25667 3.5 2.5667
25668 3.5 2.5668
25669 3.5 2.5669
25670 3.5 2.567
25671 3.5 2.5671
25672 3.5 2.5672
25673 3.5 2.5673
25674 3.5 2.5674
25675 3.5 2.5675000000000003
25676 3.5 2.5676
25677 3.5 2.5677000000000003
25678 3.5 2.5678
25679 3.5 2.5679000000000003
25680 3.5 2.568
25681 3.5 2.5681000000000003
25682 3.5 2.5682
25683 3.5 2.5683000000000002
25684 3.5 2.5684
25685 3.5 2.5685000000000002
25686 3.5 2.5686
25687 3.5 2.5687
25688 3.5 2.5688
25689 3.5 2.5689
25690 3.5 2.569
25691 3.5 2.5691
25692 3.5 2.5692
25693 3.5 2.5693
25694 3.5 2.5694
25695 3.5 2.5695
25696 3.5 2.5696000000000003
25697 3.5 2.5697
25698 3.5 2.5698000000000003
25699 3.5 2.5699
25700 3.5 2.5700000000000003
25701 3.5 2.5701
25702 3.5 2.5702000000000003
25703 3.5 2.5703
25704 3.5 2.5704000000000002
25705 3.5 2.5705
25706 3.5 2.5706
25707 3.5 2.5707
25708 3.5 2.5708
25709 3.5 2.5709
25710 3.5 2.571
25711 3.5 2.5711
25712 3.5 2.5712
25713 3.5 2.5713
25714 3.5 2.5714
25715 3.5 2.5715000000000003
25716 3.5 2.5716
25717 3.5 2.5717000000000003
25718 3.5 2.5718
25719 3.5 2.5719000000000003
25720 3.5 2.572
25721 3.5 2.5721000000000003
25722 3.5 2.5722
25723 3.5 2.5723000000000003
25724 3.5 2.5724
25725 3.5 2.5725000000000002
25726 3.5 2.5726
25727 3.5 2.5727
25728 3.5 2.5728
25729 3.5 2.5729
25730 3.5 2.573
25731 3.5 2.5731
25732 3.5 2.5732
25733 3.5 2.5733
25734 3.5 2.5734
25735 3.5 2.5735
25736 3.5 2.5736000000000003
25737 3.5 2.5737
25738 3.5 2.5738000000000003
25739 3.5 2.5739
25740 3.5 2.5740000000000003
25741 3.5 2.5741
25742 3.5 2.5742000000000003
25743 3.5 2.5743
25744 3.5 2.5744000000000002
25745 3.5 2.5745
25746 3.5 2.5746
25747 3.5 2.5747
25748 3.5 2.5748
25749 3.5 2.5749
25750 3.5 2.575
25751 3.5 2.5751
25752 3.5 2.5752
25753 3.5 2.5753
25754 3.5 2.5754
25755 3.5 2.5755000000000003
25756 3.5 2.5756
25757 3.5 2.5757000000000003
25758 3.5 2.5758
25759 3.5 2.5759000000000003
25760 3.5 2.576
25761 3.5 2.5761000000000003
25762 3.5 2.5762
25763 3.5 2.5763000000000003
25764 3.5 2.5764
25765 3.5 2.5765000000000002
25766 3.5 2.5766
25767 3.5 2.5767
25768 3.5 2.5768
25769 3.5 2.5769
25770 3.5 2.577
25771 3.5 2.5771
25772 3.5 2.5772
25773 3.5 2.5773
25774 3.5 2.5774
25775 3.5 2.5775
25776 3.5 2.5776000000000003
25777 3.5 2.5777
25778 3.5 2.5778000000000003
25779 3.5 2.5779
25780 3.5 2.5780000000000003
25781 3.5 2.5781
25782 3.5 2.5782000000000003
25783 3.5 2.5783
25784 3.5 2.5784000000000002
25785 3.5 2.5785
25786 3.5 2.5786000000000002
25787 3.5 2.5787
25788 3.5 2.5788
25789 3.5 2.5789
25790 3.5 2.579
25791 3.5 2.5791
25792 3.5 2.5792
25793 3.5 2.5793
25794 3.5 2.5794
25795 3.5 2.5795
25796 3.5 2.5796
25797 3.5 2.5797000000000003
25798 3.5 2.5798
25799 3.5 2.5799000000000003
25800 3.5 2.58
25801 3.5 2.5801000000000003
25802 3.5 2.5802
25803 3.5 2.5803000000000003
25804 3.5 2.5804
25805 3.5 2.5805000000000002
25806 3.5 2.5806
25807 3.5 2.5807
25808 3.5 2.5808
25809 3.5 2.5809
25810 3.5 2.581
25811 3.5 2.5811
25812 3.5 2.5812
25813 3.5 2.5813
25814 3.5 2.5814
25815 3.5 2.5815
25816 3.5 2.5816000000000003
25817 3.5 2.5817
25818 3.5 2.5818000000000003
25819 3.5 2.5819
25820 3.5 2.5820000000000003
25821 3.5 2.5821
25822 3.5 2.5822000000000003
25823 3.5 2.5823
25824 3.5 2.5824000000000003
25825 3.5 2.5825
25826 3.5 2.5826000000000002
25827 3.5 2.5827
25828 3.5 2.5828
25829 3.5 2.5829
25830 3.5 2.583
25831 3.5 2.5831
25832 3.5 2.5832
25833 3.5 2.5833
25834 3.5 2.5834
25835 3.5 2.5835
25836 3.5 2.5836
25837 3.5 2.5837000000000003
25838 3.5 2.5838
25839 3.5 2.5839000000000003
25840 3.5 2.584
25841 3.5 2.5841000000000003
25842 3.5 2.5842
25843 3.5 2.5843000000000003
25844 3.5 2.5844
25845 3.5 2.5845000000000002
25846 3.5 2.5846
25847 3.5 2.5847
25848 3.5 2.5848
25849 3.5 2.5849
25850 3.5 2.585
25851 3.5 2.5851
25852 3.5 2.5852
25853 3.5 2.5853
25854 3.5 2.5854
25855 3.5 2.5855
25856 3.5 2.5856000000000003
25857 3.5 2.5857
25858 3.5 2.5858000000000003
25859 3.5 2.5859
25860 3.5 2.5860000000000003
25861 3.5 2.5861
25862 3.5 2.5862000000000003
25863 3.5 2.5863
25864 3.5 2.5864000000000003
25865 3.5 2.5865
25866 3.5 2.5866000000000002
25867 3.5 2.5867
25868 3.5 2.5868
25869 3.5 2.5869
25870 3.5 2.587
25871 3.5 2.5871
25872 3.5 2.5872
25873 3.5 2.5873
25874 3.5 2.5874
25875 3.5 2.5875
25876 3.5 2.5876
25877 3.5 2.5877000000000003
25878 3.5 2.5878
25879 3.5 2.5879000000000003
25880 3.5 2.588
25881 3.5 2.5881000000000003
25882 3.5 2.5882
25883 3.5 2.5883000000000003
25884 3.5 2.5884
25885 3.5 2.5885000000000002
25886 3.5 2.5886
25887 3.5 2.5887000000000002
25888 3.5 2.5888
25889 3.5 2.5889
25890 3.5 2.589
25891 3.5 2.5891
25892 3.5 2.5892
25893 3.5 2.5893
25894 3.5 2.5894
25895 3.5 2.5895
25896 3.5 2.5896000000000003
25897 3.5 2.5897
25898 3.5 2.5898000000000003
25899 3.5 2.5899
25900 3.5 2.5900000000000003
25901 3.5 2.5901
25902 3.5 2.5902000000000003
25903 3.5 2.5903
25904 3.5 2.5904000000000003
25905 3.5 2.5905
25906 3.5 2.5906000000000002
25907 3.5 2.5907
25908 3.5 2.5908
25909 3.5 2.5909
25910 3.5 2.591
25911 3.5 2.5911
25912 3.5 2.5912
25913 3.5 2.5913
25914 3.5 2.5914
25915 3.5 2.5915
25916 3.5 2.5916
25917 3.5 2.5917000000000003
25918 3.5 2.5918
25919 3.5 2.5919000000000003
25920 3.5 2.592
25921 3.5 2.5921000000000003
25922 3.5 2.5922
25923 3.5 2.5923000000000003
25924 3.5 2.5924
25925 3.5 2.5925000000000002
25926 3.5 2.5926
25927 3.5 2.5927000000000002
25928 3.5 2.5928
25929 3.5 2.5929
25930 3.5 2.593
25931 3.5 2.5931
25932 3.5 2.5932
25933 3.5 2.5933
25934 3.5 2.5934
25935 3.5 2.5935
25936 3.5 2.5936
25937 3.5 2.5937
25938 3.5 2.5938000000000003
25939 3.5 2.5939
25940 3.5 2.5940000000000003
25941 3.5 2.5941
25942 3.5 2.5942000000000003
25943 3.5 2.5943
25944 3.5 2.5944000000000003
25945 3.5 2.5945
25946 3.5 2.5946000000000002
25947 3.5 2.5947
25948 3.5 2.5948
25949 3.5 2.5949
25950 3.5 2.595
25951 3.5 2.5951
25952 3.5 2.5952
25953 3.5 2.5953
25954 3.5 2.5954
25955 3.5 2.5955
25956 3.5 2.5956
25957 3.5 2.5957000000000003
25958 3.5 2.5958
25959 3.5 2.5959000000000003
25960 3.5 2.596
25961 3.5 2.5961000000000003
25962 3.5 2.5962
25963 3.5 2.5963000000000003
25964 3.5 2.5964
25965 3.5 2.5965000000000003
25966 3.5 2.5966
25967 3.5 2.5967000000000002
25968 3.5 2.5968
25969 3.5 2.5969
25970 3.5 2.597
25971 3.5 2.5971
25972 3.5 2.5972
25973 3.5 2.5973
25974 3.5 2.5974
25975 3.5 2.5975
25976 3.5 2.5976
25977 3.5 2.5977
25978 3.5 2.5978000000000003
25979 3.5 2.5979
25980 3.5 2.5980000000000003
25981 3.5 2.5981
25982 3.5 2.5982000000000003
25983 3.5 2.5983
25984 3.5 2.5984000000000003
25985 3.5 2.5985
25986 3.5 2.5986000000000002
25987 3.5 2.5987
25988 3.5 2.5988
25989 3.5 2.5989
25990 3.5 2.599
25991 3.5 2.5991
25992 3.5 2.5992
25993 3.5 2.5993
25994 3.5 2.5994
25995 3.5 2.5995
25996 3.5 2.5996
25997 3.5 2.5997000000000003
25998 3.5 2.5998
25999 3.5 2.5999000000000003
26000 3.5 2.6
26001 3.5 2.6001000000000003
26002 3.5 2.6002
26003 3.5 2.6003000000000003
26004 3.5 2.6004
26005 3.5 2.6005000000000003
26006 3.5 2.6006
26007 3.5 2.6007000000000002
26008 3.5 2.6008
26009 3.5 2.6009
26010 3.5 2.601
26011 3.5 2.6011
26012 3.5 2.6012
26013 3.5 2.6013
26014 3.5 2.6014
26015 3.5 2.6015
26016 3.5 2.6016
26017 3.5 2.6017
26018 3.5 2.6018000000000003
26019 3.5 2.6019
26020 3.5 2.6020000000000003
26021 3.5 2.6021
26022 3.5 2.6022000000000003
26023 3.5 2.6023
26024 3.5 2.6024000000000003
26025 3.5 2.6025
26026 3.5 2.6026000000000002
26027 3.5 2.6027
26028 3.5 2.6028000000000002
26029 3.5 2.6029
26030 3.5 2.603
26031 3.5 2.6031
26032 3.5 2.6032
26033 3.5 2.6033
26034 3.5 2.6034
26035 3.5 2.6035
26036 3.5 2.6036
26037 3.5 2.6037
26038 3.5 2.6038
26039 3.5 2.6039000000000003
26040 3.5 2.604
26041 3.5 2.6041000000000003
26042 3.5 2.6042
26043 3.5 2.6043000000000003
26044 3.5 2.6044
26045 3.5 2.6045000000000003
26046 3.5 2.6046
26047 3.5 2.6047000000000002
26048 3.5 2.6048
26049 3.5 2.6049
26050 3.5 2.605
26051 3.5 2.6051
26052 3.5 2.6052
26053 3.5 2.6053
26054 3.5 2.6054
26055 3.5 2.6055
26056 3.5 2.6056
26057 3.5 2.6057
26058 3.5 2.6058000000000003
26059 3.5 2.6059
26060 3.5 2.6060000000000003
26061 3.5 2.6061
26062 3.5 2.6062000000000003
26063 3.5 2.6063
26064 3.5 2.6064000000000003
26065 3.5 2.6065
26066 3.5 2.6066000000000003
26067 3.5 2.6067
26068 3.5 2.6068000000000002
26069 3.5 2.6069
26070 3.5 2.607
26071 3.5 2.6071
26072 3.5 2.6072
26073 3.5 2.6073
26074 3.5 2.6074
26075 3.5 2.6075
26076 3.5 2.6076
26077 3.5 2.6077
26078 3.5 2.6078
26079 3.5 2.6079000000000003
26080 3.5 2.608
26081 3.5 2.6081000000000003
26082 3.5 2.6082
26083 3.5 2.6083000000000003
26084 3.5 2.6084
26085 3.5 2.6085000000000003
26086 3.5 2.6086
26087 3.5 2.6087000000000002
26088 3.5 2.6088
26089 3.5 2.6089
26090 3.5 2.609
26091 3.5 2.6091
26092 3.5 2.6092
26093 3.5 2.6093
26094 3.5 2.6094
26095 3.5 2.6095
26096 3.5 2.6096
26097 3.5 2.6097
26098 3.5 2.6098000000000003
26099 3.5 2.6099
26100 3.5 2.6100000000000003
26101 3.5 2.6101
26102 3.5 2.6102000000000003
26103 3.5 2.6103
26104 3.5 2.6104000000000003
26105 3.5 2.6105
26106 3.5 2.6106000000000003
26107 3.5 2.6107
26108 3.5 2.6108000000000002
26109 3.5 2.6109
26110 3.5 2.611
26111 3.5 2.6111
26112 3.5 2.6112
26113 3.5 2.6113
26114 3.5 2.6114
26115 3.5 2.6115
26116 3.5 2.6116
26117 3.5 2.6117
26118 3.5 2.6118
26119 3.5 2.6119000000000003
26120 3.5 2.612
26121 3.5 2.6121000000000003
26122 3.5 2.6122
26123 3.5 2.6123000000000003
26124 3.5 2.6124
26125 3.5 2.6125000000000003
26126 3.5 2.6126
26127 3.5 2.6127000000000002
26128 3.5 2.6128
26129 3.5 2.6129000000000002
26130 3.5 2.613
26131 3.5 2.6131
26132 3.5 2.6132
26133 3.5 2.6133
26134 3.5 2.6134
26135 3.5 2.6135
26136 3.5 2.6136
26137 3.5 2.6137
26138 3.5 2.6138000000000003
26139 3.5 2.6139
26140 3.5 2.6140000000000003
26141 3.5 2.6141
26142 3.5 2.6142000000000003
26143 3.5 2.6143
26144 3.5 2.6144000000000003
26145 3.5 2.6145
26146 3.5 2.6146000000000003
26147 3.5 2.6147
26148 3.5 2.6148000000000002
26149 3.5 2.6149
26150 3.5 2.615
26151 3.5 2.6151
26152 3.5 2.6152
26153 3.5 2.6153
26154 3.5 2.6154
26155 3.5 2.6155
26156 3.5 2.6156
26157 3.5 2.6157
26158 3.5 2.6158
26159 3.5 2.6159000000000003
26160 3.5 2.616
26161 3.5 2.6161000000000003
26162 3.5 2.6162
26163 3.5 2.6163000000000003
26164 3.5 2.6164
26165 3.5 2.6165000000000003
26166 3.5 2.6166
26167 3.5 2.6167000000000002
26168 3.5 2.6168
26169 3.5 2.6169000000000002
26170 3.5 2.617
26171 3.5 2.6171
26172 3.5 2.6172
26173 3.5 2.6173
26174 3.5 2.6174
26175 3.5 2.6175
26176 3.5 2.6176
26177 3.5 2.6177
26178 3.5 2.6178
26179 3.5 2.6179
26180 3.5 2.6180000000000003
26181 3.5 2.6181
26182 3.5 2.6182000000000003
26183 3.5 2.6183
26184 3.5 2.6184000000000003
26185 3.5 2.6185
26186 3.5 2.6186000000000003
26187 3.5 2.6187
26188 3.5 2.6188000000000002
26189 3.5 2.6189
26190 3.5 2.619
26191 3.5 2.6191
26192 3.5 2.6192
26193 3.5 2.6193
26194 3.5 2.6194
26195 3.5 2.6195
26196 3.5 2.6196
26197 3.5 2.6197
26198 3.5 2.6198
26199 3.5 2.6199000000000003
26200 3.5 2.62
26201 3.5 2.6201000000000003
26202 3.5 2.6202
26203 3.5 2.6203000000000003
26204 3.5 2.6204
26205 3.5 2.6205000000000003
26206 3.5 2.6206
26207 3.5 2.6207000000000003
26208 3.5 2.6208
26209 3.5 2.6209000000000002
26210 3.5 2.621
26211 3.5 2.6211
26212 3.5 2.6212
26213 3.5 2.6213
26214 3.5 2.6214
26215 3.5 2.6215
26216 3.5 2.6216
26217 3.5 2.6217
26218 3.5 2.6218
26219 3.5 2.6219
26220 3.5 2.6220000000000003
26221 3.5 2.6221
26222 3.5 2.6222000000000003
26223 3.5 2.6223
26224 3.5 2.6224000000000003
26225 3.5 2.6225
26226 3.5 2.6226000000000003
26227 3.5 2.6227
26228 3.5 2.6228000000000002
26229 3.5 2.6229
26230 3.5 2.623
26231 3.5 2.6231
26232 3.5 2.6232
26233 3.5 2.6233
26234 3.5 2.6234
26235 3.5 2.6235
26236 3.5 2.6236
26237 3.5 2.6237
26238 3.5 2.6238
26239 3.5 2.6239000000000003
26240 3.5 2.624
26241 3.5 2.6241000000000003
26242 3.5 2.6242
26243 3.5 2.6243000000000003
26244 3.5 2.6244
26245 3.5 2.6245000000000003
26246 3.5 2.6246
26247 3.5 2.6247000000000003
26248 3.5 2.6248
26249 3.5 2.6249000000000002
26250 3.5 2.625
26251 3.5 2.6251
26252 3.5 2.6252
26253 3.5 2.6253
26254 3.5 2.6254
26255 3.5 2.6255
26256 3.5 2.6256
26257 3.5 2.6257
26258 3.5 2.6258
26259 3.5 2.6259
26260 3.5 2.6260000000000003
26261 3.5 2.6261
26262 3.5 2.6262000000000003
26263 3.5 2.6263
26264 3.5 2.6264000000000003
26265 3.5 2.6265
26266 3.5 2.6266000000000003
26267 3.5 2.6267
26268 3.5 2.6268000000000002
26269 3.5 2.6269
26270 3.5 2.6270000000000002
26271 3.5 2.6271
26272 3.5 2.6272
26273 3.5 2.6273
26274 3.5 2.6274
26275 3.5 2.6275
26276 3.5 2.6276
26277 3.5 2.6277
26278 3.5 2.6278
26279 3.5 2.6279000000000003
26280 3.5 2.628
26281 3.5 2.6281000000000003
26282 3.5 2.6282
26283 3.5 2.6283000000000003
26284 3.5 2.6284
26285 3.5 2.6285000000000003
26286 3.5 2.6286
26287 3.5 2.6287000000000003
26288 3.5 2.6288
26289 3.5 2.6289000000000002
26290 3.5 2.629
26291 3.5 2.6291
26292 3.5 2.6292
26293 3.5 2.6293
26294 3.5 2.6294
26295 3.5 2.6295
26296 3.5 2.6296
26297 3.5 2.6297
26298 3.5 2.6298
26299 3.5 2.6299
26300 3.5 2.6300000000000003
26301 3.5 2.6301
26302 3.5 2.6302000000000003
26303 3.5 2.6303
26304 3.5 2.6304000000000003
26305 3.5 2.6305
26306 3.5 2.6306000000000003
26307 3.5 2.6307
26308 3.5 2.6308000000000002
26309 3.5 2.6309
26310 3.5 2.6310000000000002
26311 3.5 2.6311
26312 3.5 2.6312
26313 3.5 2.6313
26314 3.5 2.6314
26315 3.5 2.6315
26316 3.5 2.6316
26317 3.5 2.6317
26318 3.5 2.6318
26319 3.5 2.6319
26320 3.5 2.632
26321 3.5 2.6321000000000003
26322 3.5 2.6322
26323 3.5 2.6323000000000003
26324 3.5 2.6324
26325 3.5 2.6325000000000003
26326 3.5 2.6326
26327 3.5 2.6327000000000003
26328 3.5 2.6328
26329 3.5 2.6329000000000002
26330 3.5 2.633
26331 3.5 2.6331
26332 3.5 2.6332
26333 3.5 2.6333
26334 3.5 2.6334
26335 3.5 2.6335
26336 3.5 2.6336
26337 3.5 2.6337
26338 3.5 2.6338
26339 3.5 2.6339
26340 3.5 2.6340000000000003
26341 3.5 2.6341
26342 3.5 2.6342000000000003
26343 3.5 2.6343
26344 3.5 2.6344000000000003
26345 3.5 2.6345
26346 3.5 2.6346000000000003
26347 3.5 2.6347
26348 3.5 2.6348000000000003
26349 3.5 2.6349
26350 3.5 2.6350000000000002
26351 3.5 2.6351
26352 3.5 2.6352
26353 3.5 2.6353
26354 3.5 2.6354
26355 3.5 2.6355
26356 3.5 2.6356
26357 3.5 2.6357
26358 3.5 2.6358
26359 3.5 2.6359
26360 3.5 2.636
26361 3.5 2.6361000000000003
26362 3.5 2.6362
26363 3.5 2.6363000000000003
26364 3.5 2.6364
26365 3.5 2.6365000000000003
26366 3.5 2.6366
26367 3.5 2.6367000000000003
26368 3.5 2.6368
26369 3.5 2.6369000000000002
26370 3.5 2.637
26371 3.5 2.6371
26372 3.5 2.6372
26373 3.5 2.6373
26374 3.5 2.6374
26375 3.5 2.6375
26376 3.5 2.6376
26377 3.5 2.6377
26378 3.5 2.6378
26379 3.5 2.6379
26380 3.5 2.6380000000000003
26381 3.5 2.6381
26382 3.5 2.6382000000000003
26383 3.5 2.6383
26384 3.5 2.6384000000000003
26385 3.5 2.6385
26386 3.5 2.6386000000000003
26387 3.5 2.6387
26388 3.5 2.6388000000000003
26389 3.5 2.6389
26390 3.5 2.6390000000000002
26391 3.5 2.6391
26392 3.5 2.6392
26393 3.5 2.6393
26394 3.5 2.6394
26395 3.5 2.6395
26396 3.5 2.6396
26397 3.5 2.6397
26398 3.5 2.6398
26399 3.5 2.6399
26400 3.5 2.64
26401 3.5 2.6401000000000003
26402 3.5 2.6402
26403 3.5 2.6403000000000003
26404 3.5 2.6404
26405 3.5 2.6405000000000003
26406 3.5 2.6406
26407 3.5 2.6407000000000003
26408 3.5 2.6408
26409 3.5 2.6409000000000002
26410 3.5 2.641
26411 3.5 2.6411000000000002
26412 3.5 2.6412
26413 3.5 2.6413
26414 3.5 2.6414
26415 3.5 2.6415
26416 3.5 2.6416
26417 3.5 2.6417
26418 3.5 2.6418
26419 3.5 2.6419
26420 3.5 2.6420000000000003
26421 3.5 2.6421
26422 3.5 2.6422000000000003
26423 3.5 2.6423
26424 3.5 2.6424000000000003
26425 3.5 2.6425
26426 3.5 2.6426000000000003
26427 3.5 2.6427
26428 3.5 2.6428000000000003
26429 3.5 2.6429
26430 3.5 2.6430000000000002
26431 3.5 2.6431
26432 3.5 2.6432
26433 3.5 2.6433
26434 3.5 2.6434
26435 3.5 2.6435
26436 3.5 2.6436
26437 3.5 2.6437
26438 3.5 2.6438
26439 3.5 2.6439
26440 3.5 2.644
26441 3.5 2.6441000000000003
26442 3.5 2.6442
26443 3.5 2.6443000000000003
26444 3.5 2.6444
26445 3.5 2.6445000000000003
26446 3.5 2.6446
26447 3.5 2.6447000000000003
26448 3.5 2.6448
26449 3.5 2.6449000000000003
26450 3.5 2.645
26451 3.5 2.6451000000000002
26452 3.5 2.6452
26453 3.5 2.6453
26454 3.5 2.6454
26455 3.5 2.6455
26456 3.5 2.6456
26457 3.5 2.6457
26458 3.5 2.6458
26459 3.5 2.6459
26460 3.5 2.646
26461 3.5 2.6461
26462 3.5 2.6462000000000003
26463 3.5 2.6463
26464 3.5 2.6464000000000003
26465 3.5 2.6465
26466 3.5 2.6466000000000003
26467 3.5 2.6467
26468 3.5 2.6468000000000003
26469 3.5 2.6469
26470 3.5 2.6470000000000002
26471 3.5 2.6471
26472 3.5 2.6472
26473 3.5 2.6473
26474 3.5 2.6474
26475 3.5 2.6475
26476 3.5 2.6476
26477 3.5 2.6477
26478 3.5 2.6478
26479 3.5 2.6479
26480 3.5 2.648
26481 3.5 2.6481000000000003
26482 3.5 2.6482
26483 3.5 2.6483000000000003
26484 3.5 2.6484
26485 3.5 2.6485000000000003
26486 3.5 2.6486
26487 3.5 2.6487000000000003
26488 3.5 2.6488
26489 3.5 2.6489000000000003
26490 3.5 2.649
26491 3.5 2.6491000000000002
26492 3.5 2.6492
26493 3.5 2.6493
26494 3.5 2.6494
26495 3.5 2.6495
26496 3.5 2.6496
26497 3.5 2.6497
26498 3.5 2.6498
26499 3.5 2.6499
26500 3.5 2.65
26501 3.5 2.6501
26502 3.5 2.6502000000000003
26503 3.5 2.6503
26504 3.5 2.6504000000000003
26505 3.5 2.6505
26506 3.5 2.6506000000000003
26507 3.5 2.6507
26508 3.5 2.6508000000000003
26509 3.5 2.6509
26510 3.5 2.6510000000000002
26511 3.5 2.6511
26512 3.5 2.6512000000000002
26513 3.5 2.6513
26514 3.5 2.6514
26515 3.5 2.6515
26516 3.5 2.6516
26517 3.5 2.6517
26518 3.5 2.6518
26519 3.5 2.6519
26520 3.5 2.652
26521 3.5 2.6521000000000003
26522 3.5 2.6522
26523 3.5 2.6523000000000003
26524 3.5 2.6524
26525 3.5 2.6525000000000003
26526 3.5 2.6526
26527 3.5 2.6527000000000003
26528 3.5 2.6528
26529 3.5 2.6529000000000003
26530 3.5 2.653
26531 3.5 2.6531000000000002
26532 3.5 2.6532
26533 3.5 2.6533
26534 3.5 2.6534
26535 3.5 2.6535
26536 3.5 2.6536
26537 3.5 2.6537
26538 3.5 2.6538
26539 3.5 2.6539
26540 3.5 2.654
26541 3.5 2.6541
26542 3.5 2.6542000000000003
26543 3.5 2.6543
26544 3.5 2.6544000000000003
26545 3.5 2.6545
26546 3.5 2.6546000000000003
26547 3.5 2.6547
26548 3.5 2.6548000000000003
26549 3.5 2.6549
26550 3.5 2.6550000000000002
26551 3.5 2.6551
26552 3.5 2.6552000000000002
26553 3.5 2.6553
26554 3.5 2.6554
26555 3.5 2.6555
26556 3.5 2.6556
26557 3.5 2.6557
26558 3.5 2.6558
26559 3.5 2.6559
26560 3.5 2.656
26561 3.5 2.6561
26562 3.5 2.6562
26563 3.5 2.6563000000000003
26564 3.5 2.6564
26565 3.5 2.6565000000000003
26566 3.5 2.6566
26567 3.5 2.6567000000000003
26568 3.5 2.6568
26569 3.5 2.6569000000000003
26570 3.5 2.657
26571 3.5 2.6571000000000002
26572 3.5 2.6572
26573 3.5 2.6573
26574 3.5 2.6574
26575 3.5 2.6575
26576 3.5 2.6576
26577 3.5 2.6577
26578 3.5 2.6578
26579 3.5 2.6579
26580 3.5 2.658
26581 3.5 2.6581
26582 3.5 2.6582000000000003
26583 3.5 2.6583
26584 3.5 2.6584000000000003
26585 3.5 2.6585
26586 3.5 2.6586000000000003
26587 3.5 2.6587
26588 3.5 2.6588000000000003
26589 3.5 2.6589
26590 3.5 2.6590000000000003
26591 3.5 2.6591
26592 3.5 2.6592000000000002
26593 3.5 2.6593
26594 3.5 2.6594
26595 3.5 2.6595
26596 3.5 2.6596
26597 3.5 2.6597
26598 3.5 2.6598
26599 3.5 2.6599
26600 3.5 2.66
26601 3.5 2.6601
26602 3.5 2.6602
26603 3.5 2.6603000000000003
26604 3.5 2.6604
26605 3.5 2.6605000000000003
26606 3.5 2.6606
26607 3.5 2.6607000000000003
26608 3.5 2.6608
26609 3.5 2.6609000000000003
26610 3.5 2.661
26611 3.5 2.6611000000000002
26612 3.5 2.6612
26613 3.5 2.6613
26614 3.5 2.6614
26615 3.5 2.6615
26616 3.5 2.6616
26617 3.5 2.6617
26618 3.5 2.6618
26619 3.5 2.6619
26620 3.5 2.662
26621 3.5 2.6621
26622 3.5 2.6622000000000003
26623 3.5 2.6623
26624 3.5 2.6624000000000003
26625 3.5 2.6625
26626 3.5 2.6626000000000003
26627 3.5 2.6627
26628 3.5 2.6628000000000003
26629 3.5 2.6629
26630 3.5 2.6630000000000003
26631 3.5 2.6631
26632 3.5 2.6632000000000002
26633 3.5 2.6633
26634 3.5 2.6634
26635 3.5 2.6635
26636 3.5 2.6636
26637 3.5 2.6637
26638 3.5 2.6638
26639 3.5 2.6639
26640 3.5 2.664
26641 3.5 2.6641
26642 3.5 2.6642
26643 3.5 2.6643000000000003
26644 3.5 2.6644
26645 3.5 2.6645000000000003
26646 3.5 2.6646
26647 3.5 2.6647000000000003
26648 3.5 2.6648
26649 3.5 2.6649000000000003
26650 3.5 2.665
26651 3.5 2.6651000000000002
26652 3.5 2.6652
26653 3.5 2.6653000000000002
26654 3.5 2.6654
26655 3.5 2.6655
26656 3.5 2.6656
26657 3.5 2.6657
26658 3.5 2.6658
26659 3.5 2.6659
26660 3.5 2.666
26661 3.5 2.6661
26662 3.5 2.6662000000000003
26663 3.5 2.6663
26664 3.5 2.6664000000000003
26665 3.5 2.6665
26666 3.5 2.6666000000000003
26667 3.5 2.6667
26668 3.5 2.6668000000000003
26669 3.5 2.6669
26670 3.5 2.6670000000000003
26671 3.5 2.6671
26672 3.5 2.6672000000000002
26673 3.5 2.6673
26674 3.5 2.6674
26675 3.5 2.6675
26676 3.5 2.6676
26677 3.5 2.6677
26678 3.5 2.6678
26679 3.5 2.6679
26680 3.5 2.668
26681 3.5 2.6681
26682 3.5 2.6682
26683 3.5 2.6683000000000003
26684 3.5 2.6684
26685 3.5 2.6685000000000003
26686 3.5 2.6686
26687 3.5 2.6687000000000003
26688 3.5 2.6688
26689 3.5 2.6689000000000003
26690 3.5 2.669
26691 3.5 2.6691000000000003
26692 3.5 2.6692
26693 3.5 2.6693000000000002
26694 3.5 2.6694
26695 3.5 2.6695
26696 3.5 2.6696
26697 3.5 2.6697
26698 3.5 2.6698
26699 3.5 2.6699
26700 3.5 2.67
26701 3.5 2.6701
26702 3.5 2.6702
26703 3.5 2.6703
26704 3.5 2.6704000000000003
26705 3.5 2.6705
26706 3.5 2.6706000000000003
26707 3.5 2.6707
26708 3.5 2.6708000000000003
26709 3.5 2.6709
26710 3.5 2.6710000000000003
26711 3.5 2.6711
26712 3.5 2.6712000000000002
26713 3.5 2.6713
26714 3.5 2.6714
26715 3.5 2.6715
26716 3.5 2.6716
26717 3.5 2.6717
26718 3.5 2.6718
26719 3.5 2.6719
26720 3.5 2.672
26721 3.5 2.6721
26722 3.5 2.6722
26723 3.5 2.6723000000000003
26724 3.5 2.6724
26725 3.5 2.6725000000000003
26726 3.5 2.6726
26727 3.5 2.6727000000000003
26728 3.5 2.6728
26729 3.5 2.6729000000000003
26730 3.5 2.673
26731 3.5 2.6731000000000003
26732 3.5 2.6732
26733 3.5 2.6733000000000002
26734 3.5 2.6734
26735 3.5 2.6735
26736 3.5 2.6736
26737 3.5 2.6737
26738 3.5 2.6738
26739 3.5 2.6739
26740 3.5 2.674
26741 3.5 2.6741
26742 3.5 2.6742
26743 3.5 2.6743
26744 3.5 2.6744000000000003
26745 3.5 2.6745
26746 3.5 2.6746000000000003
26747 3.5 2.6747
26748 3.5 2.6748000000000003
26749 3.5 2.6749
26750 3.5 2.6750000000000003
26751 3.5 2.6751
26752 3.5 2.6752000000000002
26753 3.5 2.6753
26754 3.5 2.6754000000000002
26755 3.5 2.6755
26756 3.5 2.6756
26757 3.5 2.6757
26758 3.5 2.6758
26759 3.5 2.6759
26760 3.5 2.676
26761 3.5 2.6761
26762 3.5 2.6762
26763 3.5 2.6763000000000003
26764 3.5 2.6764
26765 3.5 2.6765000000000003
26766 3.5 2.6766
26767 3.5 2.6767000000000003
26768 3.5 2.6768
26769 3.5 2.6769000000000003
26770 3.5 2.677
26771 3.5 2.6771000000000003
26772 3.5 2.6772
26773 3.5 2.6773000000000002
26774 3.5 2.6774
26775 3.5 2.6775
26776 3.5 2.6776
26777 3.5 2.6777
26778 3.5 2.6778
26779 3.5 2.6779
26780 3.5 2.678
26781 3.5 2.6781
26782 3.5 2.6782
26783 3.5 2.6783
26784 3.5 2.6784000000000003
26785 3.5 2.6785
26786 3.5 2.6786000000000003
26787 3.5 2.6787
26788 3.5 2.6788000000000003
26789 3.5 2.6789
26790 3.5 2.6790000000000003
26791 3.5 2.6791
26792 3.5 2.6792000000000002
26793 3.5 2.6793
26794 3.5 2.6794000000000002
26795 3.5 2.6795
26796 3.5 2.6796
26797 3.5 2.6797
26798 3.5 2.6798
26799 3.5 2.6799
26800 3.5 2.68
26801 3.5 2.6801
26802 3.5 2.6802
26803 3.5 2.6803000000000003
26804 3.5 2.6804
26805 3.5 2.6805000000000003
26806 3.5 2.6806
26807 3.5 2.6807000000000003
26808 3.5 2.6808
26809 3.5 2.6809000000000003
26810 3.5 2.681
26811 3.5 2.6811000000000003
26812 3.5 2.6812
26813 3.5 2.6813000000000002
26814 3.5 2.6814
26815 3.5 2.6815
26816 3.5 2.6816
26817 3.5 2.6817
26818 3.5 2.6818
26819 3.5 2.6819
26820 3.5 2.682
26821 3.5 2.6821
26822 3.5 2.6822
26823 3.5 2.6823
26824 3.5 2.6824000000000003
26825 3.5 2.6825
26826 3.5 2.6826000000000003
26827 3.5 2.6827
26828 3.5 2.6828000000000003
26829 3.5 2.6829
26830 3.5 2.6830000000000003
26831 3.5 2.6831
26832 3.5 2.6832000000000003
26833 3.5 2.6833
26834 3.5 2.6834000000000002
26835 3.5 2.6835
26836 3.5 2.6836
26837 3.5 2.6837
26838 3.5 2.6838
26839 3.5 2.6839
26840 3.5 2.684
26841 3.5 2.6841
26842 3.5 2.6842
26843 3.5 2.6843
26844 3.5 2.6844
26845 3.5 2.6845000000000003
26846 3.5 2.6846
26847 3.5 2.6847000000000003
26848 3.5 2.6848
26849 3.5 2.6849000000000003
26850 3.5 2.685
26851 3.5 2.6851000000000003
26852 3.5 2.6852
26853 3.5 2.6853000000000002
26854 3.5 2.6854
26855 3.5 2.6855
26856 3.5 2.6856
26857 3.5 2.6857
26858 3.5 2.6858
26859 3.5 2.6859
26860 3.5 2.686
26861 3.5 2.6861
26862 3.5 2.6862
26863 3.5 2.6863
26864 3.5 2.6864000000000003
26865 3.5 2.6865
26866 3.5 2.6866000000000003
26867 3.5 2.6867
26868 3.5 2.6868000000000003
26869 3.5 2.6869
26870 3.5 2.6870000000000003
26871 3.5 2.6871
26872 3.5 2.6872000000000003
26873 3.5 2.6873
26874 3.5 2.6874000000000002
26875 3.5 2.6875
26876 3.5 2.6876
26877 3.5 2.6877
26878 3.5 2.6878
26879 3.5 2.6879
26880 3.5 2.688
26881 3.5 2.6881
26882 3.5 2.6882
26883 3.5 2.6883
26884 3.5 2.6884
26885 3.5 2.6885000000000003
26886 3.5 2.6886
26887 3.5 2.6887000000000003
26888 3.5 2.6888
26889 3.5 2.6889000000000003
26890 3.5 2.689
26891 3.5 2.6891000000000003
26892 3.5 2.6892
26893 3.5 2.6893000000000002
26894 3.5 2.6894
26895 3.5 2.6895000000000002
26896 3.5 2.6896
26897 3.5 2.6897
26898 3.5 2.6898
26899 3.5 2.6899
26900 3.5 2.69
26901 3.5 2.6901
26902 3.5 2.6902
26903 3.5 2.6903
26904 3.5 2.6904000000000003
26905 3.5 2.6905
26906 3.5 2.6906000000000003
26907 3.5 2.6907
26908 3.5 2.6908000000000003
26909 3.5 2.6909
26910 3.5 2.6910000000000003
26911 3.5 2.6911
26912 3.5 2.6912000000000003
26913 3.5 2.6913
26914 3.5 2.6914000000000002
26915 3.5 2.6915
26916 3.5 2.6916
26917 3.5 2.6917
26918 3.5 2.6918
26919 3.5 2.6919
26920 3.5 2.692
26921 3.5 2.6921
26922 3.5 2.6922
26923 3.5 2.6923
26924 3.5 2.6924
26925 3.5 2.6925000000000003
26926 3.5 2.6926
26927 3.5 2.6927000000000003
26928 3.5 2.6928
26929 3.5 2.6929000000000003
26930 3.5 2.693
26931 3.5 2.6931000000000003
26932 3.5 2.6932
26933 3.5 2.6933000000000002
26934 3.5 2.6934
26935 3.5 2.6935000000000002
26936 3.5 2.6936
26937 3.5 2.6937
26938 3.5 2.6938
26939 3.5 2.6939
26940 3.5 2.694
26941 3.5 2.6941
26942 3.5 2.6942
26943 3.5 2.6943
26944 3.5 2.6944000000000004
26945 3.5 2.6945
26946 3.5 2.6946000000000003
26947 3.5 2.6947
26948 3.5 2.6948000000000003
26949 3.5 2.6949
26950 3.5 2.6950000000000003
26951 3.5 2.6951
26952 3.5 2.6952000000000003
26953 3.5 2.6953
26954 3.5 2.6954000000000002
26955 3.5 2.6955
26956 3.5 2.6956
26957 3.5 2.6957
26958 3.5 2.6958
26959 3.5 2.6959
26960 3.5 2.696
26961 3.5 2.6961
26962 3.5 2.6962
26963 3.5 2.6963
26964 3.5 2.6964
26965 3.5 2.6965000000000003
26966 3.5 2.6966
26967 3.5 2.6967000000000003
26968 3.5 2.6968
26969 3.5 2.6969000000000003
26970 3.5 2.697
26971 3.5 2.6971000000000003
26972 3.5 2.6972
26973 3.5 2.6973000000000003
26974 3.5 2.6974
26975 3.5 2.6975000000000002
26976 3.5 2.6976
26977 3.5 2.6977
26978 3.5 2.6978
26979 3.5 2.6979
26980 3.5 2.698
26981 3.5 2.6981
26982 3.5 2.6982
26983 3.5 2.6983
26984 3.5 2.6984
26985 3.5 2.6985
26986 3.5 2.6986000000000003
26987 3.5 2.6987
26988 3.5 2.6988000000000003
26989 3.5 2.6989
26990 3.5 2.6990000000000003
26991 3.5 2.6991
26992 3.5 2.6992000000000003
26993 3.5 2.6993
26994 3.5 2.6994000000000002
26995 3.5 2.6995
26996 3.5 2.6996
26997 3.5 2.6997
26998 3.5 2.6998
26999 3.5 2.6999
27000 3.5 2.7
27001 3.5 2.7001
27002 3.5 2.7002
27003 3.5 2.7003
27004 3.5 2.7004
27005 3.5 2.7005000000000003
27006 3.5 2.7006
27007 3.5 2.7007000000000003
27008 3.5 2.7008
27009 3.5 2.7009000000000003
27010 3.5 2.701
27011 3.5 2.7011000000000003
27012 3.5 2.7012
27013 3.5 2.7013000000000003
27014 3.5 2.7014
27015 3.5 2.7015000000000002
27016 3.5 2.7016
27017 3.5 2.7017
27018 3.5 2.7018
27019 3.5 2.7019
27020 3.5 2.702
27021 3.5 2.7021
27022 3.5 2.7022
27023 3.5 2.7023
27024 3.5 2.7024
27025 3.5 2.7025
27026 3.5 2.7026000000000003
27027 3.5 2.7027
27028 3.5 2.7028000000000003
27029 3.5 2.7029
27030 3.5 2.7030000000000003
27031 3.5 2.7031
27032 3.5 2.7032000000000003
27033 3.5 2.7033
27034 3.5 2.7034000000000002
27035 3.5 2.7035
27036 3.5 2.7036000000000002
27037 3.5 2.7037
27038 3.5 2.7038
27039 3.5 2.7039
27040 3.5 2.704
27041 3.5 2.7041
27042 3.5 2.7042
27043 3.5 2.7043
27044 3.5 2.7044
27045 3.5 2.7045000000000003
27046 3.5 2.7046
27047 3.5 2.7047000000000003
27048 3.5 2.7048
27049 3.5 2.7049000000000003
27050 3.5 2.705
27051 3.5 2.7051000000000003
27052 3.5 2.7052
27053 3.5 2.7053000000000003
27054 3.5 2.7054
27055 3.5 2.7055000000000002
27056 3.5 2.7056
27057 3.5 2.7057
27058 3.5 2.7058
27059 3.5 2.7059
27060 3.5 2.706
27061 3.5 2.7061
27062 3.5 2.7062
27063 3.5 2.7063
27064 3.5 2.7064
27065 3.5 2.7065
27066 3.5 2.7066000000000003
27067 3.5 2.7067
27068 3.5 2.7068000000000003
27069 3.5 2.7069
27070 3.5 2.7070000000000003
27071 3.5 2.7071
27072 3.5 2.7072000000000003
27073 3.5 2.7073
27074 3.5 2.7074000000000003
27075 3.5 2.7075
27076 3.5 2.7076000000000002
27077 3.5 2.7077
27078 3.5 2.7078
27079 3.5 2.7079
27080 3.5 2.708
27081 3.5 2.7081
27082 3.5 2.7082
27083 3.5 2.7083
27084 3.5 2.7084
27085 3.5 2.7085000000000004
27086 3.5 2.7086
27087 3.5 2.7087000000000003
27088 3.5 2.7088
27089 3.5 2.7089000000000003
27090 3.5 2.709
27091 3.5 2.7091000000000003
27092 3.5 2.7092
27093 3.5 2.7093000000000003
27094 3.5 2.7094
27095 3.5 2.7095000000000002
27096 3.5 2.7096
27097 3.5 2.7097
27098 3.5 2.7098
27099 3.5 2.7099
27100 3.5 2.71
27101 3.5 2.7101
27102 3.5 2.7102
27103 3.5 2.7103
27104 3.5 2.7104
27105 3.5 2.7105
27106 3.5 2.7106000000000003
27107 3.5 2.7107
27108 3.5 2.7108000000000003
27109 3.5 2.7109
27110 3.5 2.7110000000000003
27111 3.5 2.7111
27112 3.5 2.7112000000000003
27113 3.5 2.7113
27114 3.5 2.7114000000000003
27115 3.5 2.7115
27116 3.5 2.7116000000000002
27117 3.5 2.7117
27118 3.5 2.7118
27119 3.5 2.7119
27120 3.5 2.712
27121 3.5 2.7121
27122 3.5 2.7122
27123 3.5 2.7123
27124 3.5 2.7124
27125 3.5 2.7125
27126 3.5 2.7126
27127 3.5 2.7127000000000003
27128 3.5 2.7128
27129 3.5 2.7129000000000003
27130 3.5 2.713
27131 3.5 2.7131000000000003
27132 3.5 2.7132
27133 3.5 2.7133000000000003
27134 3.5 2.7134
27135 3.5 2.7135000000000002
27136 3.5 2.7136
27137 3.5 2.7137000000000002
27138 3.5 2.7138
27139 3.5 2.7139
27140 3.5 2.714
27141 3.5 2.7141
27142 3.5 2.7142
27143 3.5 2.7143
27144 3.5 2.7144
27145 3.5 2.7145
27146 3.5 2.7146000000000003
27147 3.5 2.7147
27148 3.5 2.7148000000000003
27149 3.5 2.7149
27150 3.5 2.7150000000000003
27151 3.5 2.7151
27152 3.5 2.7152000000000003
27153 3.5 2.7153
27154 3.5 2.7154000000000003
27155 3.5 2.7155
27156 3.5 2.7156000000000002
27157 3.5 2.7157
27158 3.5 2.7158
27159 3.5 2.7159
27160 3.5 2.716
27161 3.5 2.7161
27162 3.5 2.7162
27163 3.5 2.7163
27164 3.5 2.7164
27165 3.5 2.7165
27166 3.5 2.7166
27167 3.5 2.7167000000000003
27168 3.5 2.7168
27169 3.5 2.7169000000000003
27170 3.5 2.717
27171 3.5 2.7171000000000003
27172 3.5 2.7172
27173 3.5 2.7173000000000003
27174 3.5 2.7174
27175 3.5 2.7175000000000002
27176 3.5 2.7176
27177 3.5 2.7177000000000002
27178 3.5 2.7178
27179 3.5 2.7179
27180 3.5 2.718
27181 3.5 2.7181
27182 3.5 2.7182
27183 3.5 2.7183
27184 3.5 2.7184
27185 3.5 2.7185
27186 3.5 2.7186000000000003
27187 3.5 2.7187
27188 3.5 2.7188000000000003
27189 3.5 2.7189
27190 3.5 2.7190000000000003
27191 3.5 2.7191
27192 3.5 2.7192000000000003
27193 3.5 2.7193
27194 3.5 2.7194000000000003
27195 3.5 2.7195
27196 3.5 2.7196000000000002
27197 3.5 2.7197
27198 3.5 2.7198
27199 3.5 2.7199
27200 3.5 2.72
27201 3.5 2.7201
27202 3.5 2.7202
27203 3.5 2.7203
27204 3.5 2.7204
27205 3.5 2.7205
27206 3.5 2.7206
27207 3.5 2.7207000000000003
27208 3.5 2.7208
27209 3.5 2.7209000000000003
27210 3.5 2.721
27211 3.5 2.7211000000000003
27212 3.5 2.7212
27213 3.5 2.7213000000000003
27214 3.5 2.7214
27215 3.5 2.7215000000000003
27216 3.5 2.7216
27217 3.5 2.7217000000000002
27218 3.5 2.7218
27219 3.5 2.7219
27220 3.5 2.722
27221 3.5 2.7221
27222 3.5 2.7222
27223 3.5 2.7223
27224 3.5 2.7224
27225 3.5 2.7225
27226 3.5 2.7226
27227 3.5 2.7227
27228 3.5 2.7228000000000003
27229 3.5 2.7229
27230 3.5 2.7230000000000003
27231 3.5 2.7231
27232 3.5 2.7232000000000003
27233 3.5 2.7233
27234 3.5 2.7234000000000003
27235 3.5 2.7235
27236 3.5 2.7236000000000002
27237 3.5 2.7237
27238 3.5 2.7238
27239 3.5 2.7239
27240 3.5 2.724
27241 3.5 2.7241
27242 3.5 2.7242
27243 3.5 2.7243
27244 3.5 2.7244
27245 3.5 2.7245
27246 3.5 2.7246
27247 3.5 2.7247000000000003
27248 3.5 2.7248
27249 3.5 2.7249000000000003
27250 3.5 2.725
27251 3.5 2.7251000000000003
27252 3.5 2.7252
27253 3.5 2.7253000000000003
27254 3.5 2.7254
27255 3.5 2.7255000000000003
27256 3.5 2.7256
27257 3.5 2.7257000000000002
27258 3.5 2.7258
27259 3.5 2.7259
27260 3.5 2.726
27261 3.5 2.7261
27262 3.5 2.7262
27263 3.5 2.7263
27264 3.5 2.7264
27265 3.5 2.7265
27266 3.5 2.7266
27267 3.5 2.7267
27268 3.5 2.7268000000000003
27269 3.5 2.7269
27270 3.5 2.7270000000000003
27271 3.5 2.7271
27272 3.5 2.7272000000000003
27273 3.5 2.7273
27274 3.5 2.7274000000000003
27275 3.5 2.7275
27276 3.5 2.7276000000000002
27277 3.5 2.7277
27278 3.5 2.7278000000000002
27279 3.5 2.7279
27280 3.5 2.728
27281 3.5 2.7281
27282 3.5 2.7282
27283 3.5 2.7283
27284 3.5 2.7284
27285 3.5 2.7285
27286 3.5 2.7286
27287 3.5 2.7287000000000003
27288 3.5 2.7288
27289 3.5 2.7289000000000003
27290 3.5 2.729
27291 3.5 2.7291000000000003
27292 3.5 2.7292
27293 3.5 2.7293000000000003
27294 3.5 2.7294
27295 3.5 2.7295000000000003
27296 3.5 2.7296
27297 3.5 2.7297000000000002
27298 3.5 2.7298
27299 3.5 2.7299
27300 3.5 2.73
27301 3.5 2.7301
27302 3.5 2.7302
27303 3.5 2.7303
27304 3.5 2.7304
27305 3.5 2.7305
27306 3.5 2.7306
27307 3.5 2.7307
27308 3.5 2.7308000000000003
27309 3.5 2.7309
27310 3.5 2.7310000000000003
27311 3.5 2.7311
27312 3.5 2.7312000000000003
27313 3.5 2.7313
27314 3.5 2.7314000000000003
27315 3.5 2.7315
27316 3.5 2.7316000000000003
27317 3.5 2.7317
27318 3.5 2.7318000000000002
27319 3.5 2.7319
27320 3.5 2.732
27321 3.5 2.7321
27322 3.5 2.7322
27323 3.5 2.7323
27324 3.5 2.7324
27325 3.5 2.7325
27326 3.5 2.7326
27327 3.5 2.7327000000000004
27328 3.5 2.7328
27329 3.5 2.7329000000000003
27330 3.5 2.733
27331 3.5 2.7331000000000003
27332 3.5 2.7332
27333 3.5 2.7333000000000003
27334 3.5 2.7334
27335 3.5 2.7335000000000003
27336 3.5 2.7336
27337 3.5 2.7337000000000002
27338 3.5 2.7338
27339 3.5 2.7339
27340 3.5 2.734
27341 3.5 2.7341
27342 3.5 2.7342
27343 3.5 2.7343
27344 3.5 2.7344
27345 3.5 2.7345
27346 3.5 2.7346
27347 3.5 2.7347
27348 3.5 2.7348000000000003
27349 3.5 2.7349
27350 3.5 2.7350000000000003
27351 3.5 2.7351
27352 3.5 2.7352000000000003
27353 3.5 2.7353
27354 3.5 2.7354000000000003
27355 3.5 2.7355
27356 3.5 2.7356000000000003
27357 3.5 2.7357
27358 3.5 2.7358000000000002
27359 3.5 2.7359
27360 3.5 2.736
27361 3.5 2.7361
27362 3.5 2.7362
27363 3.5 2.7363
27364 3.5 2.7364
27365 3.5 2.7365
27366 3.5 2.7366
27367 3.5 2.7367
27368 3.5 2.7368
27369 3.5 2.7369000000000003
27370 3.5 2.737
27371 3.5 2.7371000000000003
27372 3.5 2.7372
27373 3.5 2.7373000000000003
27374 3.5 2.7374
27375 3.5 2.7375000000000003
27376 3.5 2.7376
27377 3.5 2.7377000000000002
27378 3.5 2.7378
27379 3.5 2.7379000000000002
27380 3.5 2.738
27381 3.5 2.7381
27382 3.5 2.7382
27383 3.5 2.7383
27384 3.5 2.7384
27385 3.5 2.7385
27386 3.5 2.7386
27387 3.5 2.7387
27388 3.5 2.7388000000000003
27389 3.5 2.7389
27390 3.5 2.7390000000000003
27391 3.5 2.7391
27392 3.5 2.7392000000000003
27393 3.5 2.7393
27394 3.5 2.7394000000000003
27395 3.5 2.7395
27396 3.5 2.7396000000000003
27397 3.5 2.7397
27398 3.5 2.7398000000000002
27399 3.5 2.7399
27400 3.5 2.74
27401 3.5 2.7401
27402 3.5 2.7402
27403 3.5 2.7403
27404 3.5 2.7404
27405 3.5 2.7405
27406 3.5 2.7406
27407 3.5 2.7407
27408 3.5 2.7408
27409 3.5 2.7409000000000003
27410 3.5 2.741
27411 3.5 2.7411000000000003
27412 3.5 2.7412
27413 3.5 2.7413000000000003
27414 3.5 2.7414
27415 3.5 2.7415000000000003
27416 3.5 2.7416
27417 3.5 2.7417000000000002
27418 3.5 2.7418
27419 3.5 2.7419000000000002
27420 3.5 2.742
27421 3.5 2.7421
27422 3.5 2.7422
27423 3.5 2.7423
27424 3.5 2.7424
27425 3.5 2.7425
27426 3.5 2.7426
27427 3.5 2.7427
27428 3.5 2.7428000000000003
27429 3.5 2.7429
27430 3.5 2.7430000000000003
27431 3.5 2.7431
27432 3.5 2.7432000000000003
27433 3.5 2.7433
27434 3.5 2.7434000000000003
27435 3.5 2.7435
27436 3.5 2.7436000000000003
27437 3.5 2.7437
27438 3.5 2.7438000000000002
27439 3.5 2.7439
27440 3.5 2.744
27441 3.5 2.7441
27442 3.5 2.7442
27443 3.5 2.7443
27444 3.5 2.7444
27445 3.5 2.7445
27446 3.5 2.7446
27447 3.5 2.7447
27448 3.5 2.7448
27449 3.5 2.7449000000000003
27450 3.5 2.745
27451 3.5 2.7451000000000003
27452 3.5 2.7452
27453 3.5 2.7453000000000003
27454 3.5 2.7454
27455 3.5 2.7455000000000003
27456 3.5 2.7456
27457 3.5 2.7457000000000003
27458 3.5 2.7458
27459 3.5 2.7459000000000002
27460 3.5 2.746
27461 3.5 2.7461
27462 3.5 2.7462
27463 3.5 2.7463
27464 3.5 2.7464
27465 3.5 2.7465
27466 3.5 2.7466
27467 3.5 2.7467
27468 3.5 2.7468000000000004
27469 3.5 2.7469
27470 3.5 2.7470000000000003
27471 3.5 2.7471
27472 3.5 2.7472000000000003
27473 3.5 2.7473
27474 3.5 2.7474000000000003
27475 3.5 2.7475
27476 3.5 2.7476000000000003
27477 3.5 2.7477
27478 3.5 2.7478000000000002
27479 3.5 2.7479
27480 3.5 2.748
27481 3.5 2.7481
27482 3.5 2.7482
27483 3.5 2.7483
27484 3.5 2.7484
27485 3.5 2.7485
27486 3.5 2.7486
27487 3.5 2.7487
27488 3.5 2.7488
27489 3.5 2.7489000000000003
27490 3.5 2.749
27491 3.5 2.7491000000000003
27492 3.5 2.7492
27493 3.5 2.7493000000000003
27494 3.5 2.7494
27495 3.5 2.7495000000000003
27496 3.5 2.7496
27497 3.5 2.7497000000000003
27498 3.5 2.7498
27499 3.5 2.7499000000000002
27500 3.5 2.75
27501 3.5 2.7501
27502 3.5 2.7502
27503 3.5 2.7503
27504 3.5 2.7504
27505 3.5 2.7505
27506 3.5 2.7506
27507 3.5 2.7507
27508 3.5 2.7508
27509 3.5 2.7509
27510 3.5 2.7510000000000003
27511 3.5 2.7511
27512 3.5 2.7512000000000003
27513 3.5 2.7513
27514 3.5 2.7514000000000003
27515 3.5 2.7515
27516 3.5 2.7516000000000003
27517 3.5 2.7517
27518 3.5 2.7518000000000002
27519 3.5 2.7519
27520 3.5 2.7520000000000002
27521 3.5 2.7521
27522 3.5 2.7522
27523 3.5 2.7523
27524 3.5 2.7524
27525 3.5 2.7525
27526 3.5 2.7526
27527 3.5 2.7527
27528 3.5 2.7528
27529 3.5 2.7529000000000003
27530 3.5 2.753
27531 3.5 2.7531000000000003
27532 3.5 2.7532
27533 3.5 2.7533000000000003
27534 3.5 2.7534
27535 3.5 2.7535000000000003
27536 3.5 2.7536
27537 3.5 2.7537000000000003
27538 3.5 2.7538
27539 3.5 2.7539000000000002
27540 3.5 2.754
27541 3.5 2.7541
27542 3.5 2.7542
27543 3.5 2.7543
27544 3.5 2.7544
27545 3.5 2.7545
27546 3.5 2.7546
27547 3.5 2.7547
27548 3.5 2.7548
27549 3.5 2.7549
27550 3.5 2.7550000000000003
27551 3.5 2.7551
27552 3.5 2.7552000000000003
27553 3.5 2.7553
27554 3.5 2.7554000000000003
27555 3.5 2.7555
27556 3.5 2.7556000000000003
27557 3.5 2.7557
27558 3.5 2.7558000000000002
27559 3.5 2.7559
27560 3.5 2.7560000000000002
27561 3.5 2.7561
27562 3.5 2.7562
27563 3.5 2.7563
27564 3.5 2.7564
27565 3.5 2.7565
27566 3.5 2.7566
27567 3.5 2.7567
27568 3.5 2.7568
27569 3.5 2.7569000000000004
27570 3.5 2.757
27571 3.5 2.7571000000000003
27572 3.5 2.7572
27573 3.5 2.7573000000000003
27574 3.5 2.7574
27575 3.5 2.7575000000000003
27576 3.5 2.7576
27577 3.5 2.7577000000000003
27578 3.5 2.7578
27579 3.5 2.7579000000000002
27580 3.5 2.758
27581 3.5 2.7581
27582 3.5 2.7582
27583 3.5 2.7583
27584 3.5 2.7584
27585 3.5 2.7585
27586 3.5 2.7586
27587 3.5 2.7587
27588 3.5 2.7588
27589 3.5 2.7589
27590 3.5 2.7590000000000003
27591 3.5 2.7591
27592 3.5 2.7592000000000003
27593 3.5 2.7593
27594 3.5 2.7594000000000003
27595 3.5 2.7595
27596 3.5 2.7596000000000003
27597 3.5 2.7597
27598 3.5 2.7598000000000003
27599 3.5 2.7599
27600 3.5 2.7600000000000002
27601 3.5 2.7601
27602 3.5 2.7602
27603 3.5 2.7603
27604 3.5 2.7604
27605 3.5 2.7605
27606 3.5 2.7606
27607 3.5 2.7607
27608 3.5 2.7608
27609 3.5 2.7609000000000004
27610 3.5 2.761
27611 3.5 2.7611000000000003
27612 3.5 2.7612
27613 3.5 2.7613000000000003
27614 3.5 2.7614
27615 3.5 2.7615000000000003
27616 3.5 2.7616
27617 3.5 2.7617000000000003
27618 3.5 2.7618
27619 3.5 2.7619000000000002
27620 3.5 2.762
27621 3.5 2.7621
27622 3.5 2.7622
27623 3.5 2.7623
27624 3.5 2.7624
27625 3.5 2.7625
27626 3.5 2.7626
27627 3.5 2.7627
27628 3.5 2.7628
27629 3.5 2.7629
27630 3.5 2.7630000000000003
27631 3.5 2.7631
27632 3.5 2.7632000000000003
27633 3.5 2.7633
27634 3.5 2.7634000000000003
27635 3.5 2.7635
27636 3.5 2.7636000000000003
27637 3.5 2.7637
27638 3.5 2.7638000000000003
27639 3.5 2.7639
27640 3.5 2.7640000000000002
27641 3.5 2.7641
27642 3.5 2.7642
27643 3.5 2.7643
27644 3.5 2.7644
27645 3.5 2.7645
27646 3.5 2.7646
27647 3.5 2.7647
27648 3.5 2.7648
27649 3.5 2.7649
27650 3.5 2.765
27651 3.5 2.7651000000000003
27652 3.5 2.7652
27653 3.5 2.7653000000000003
27654 3.5 2.7654
27655 3.5 2.7655000000000003
27656 3.5 2.7656
27657 3.5 2.7657000000000003
27658 3.5 2.7658
27659 3.5 2.7659000000000002
27660 3.5 2.766
27661 3.5 2.7661000000000002
27662 3.5 2.7662
27663 3.5 2.7663
27664 3.5 2.7664
27665 3.5 2.7665
27666 3.5 2.7666
27667 3.5 2.7667
27668 3.5 2.7668
27669 3.5 2.7669
27670 3.5 2.7670000000000003
27671 3.5 2.7671
27672 3.5 2.7672000000000003
27673 3.5 2.7673
27674 3.5 2.7674000000000003
27675 3.5 2.7675
27676 3.5 2.7676000000000003
27677 3.5 2.7677
27678 3.5 2.7678000000000003
27679 3.5 2.7679
27680 3.5 2.7680000000000002
27681 3.5 2.7681
27682 3.5 2.7682
27683 3.5 2.7683
27684 3.5 2.7684
27685 3.5 2.7685
27686 3.5 2.7686
27687 3.5 2.7687
27688 3.5 2.7688
27689 3.5 2.7689
27690 3.5 2.769
27691 3.5 2.7691000000000003
27692 3.5 2.7692
27693 3.5 2.7693000000000003
27694 3.5 2.7694
27695 3.5 2.7695000000000003
27696 3.5 2.7696
27697 3.5 2.7697000000000003
27698 3.5 2.7698
27699 3.5 2.7699000000000003
27700 3.5 2.77
27701 3.5 2.7701000000000002
27702 3.5 2.7702
27703 3.5 2.7703
27704 3.5 2.7704
27705 3.5 2.7705
27706 3.5 2.7706
27707 3.5 2.7707
27708 3.5 2.7708
27709 3.5 2.7709
27710 3.5 2.7710000000000004
27711 3.5 2.7711
27712 3.5 2.7712000000000003
27713 3.5 2.7713
27714 3.5 2.7714000000000003
27715 3.5 2.7715
27716 3.5 2.7716000000000003
27717 3.5 2.7717
27718 3.5 2.7718000000000003
27719 3.5 2.7719
27720 3.5 2.7720000000000002
27721 3.5 2.7721
27722 3.5 2.7722
27723 3.5 2.7723
27724 3.5 2.7724
27725 3.5 2.7725
27726 3.5 2.7726
27727 3.5 2.7727
27728 3.5 2.7728
27729 3.5 2.7729
27730 3.5 2.773
27731 3.5 2.7731000000000003
27732 3.5 2.7732
27733 3.5 2.7733000000000003
27734 3.5 2.7734
27735 3.5 2.7735000000000003
27736 3.5 2.7736
27737 3.5 2.7737000000000003
27738 3.5 2.7738
27739 3.5 2.7739000000000003
27740 3.5 2.774
27741 3.5 2.7741000000000002
27742 3.5 2.7742
27743 3.5 2.7743
27744 3.5 2.7744
27745 3.5 2.7745
27746 3.5 2.7746
27747 3.5 2.7747
27748 3.5 2.7748
27749 3.5 2.7749
27750 3.5 2.775
27751 3.5 2.7751
27752 3.5 2.7752000000000003
27753 3.5 2.7753
27754 3.5 2.7754000000000003
27755 3.5 2.7755
27756 3.5 2.7756000000000003
27757 3.5 2.7757
27758 3.5 2.7758000000000003
27759 3.5 2.7759
27760 3.5 2.7760000000000002
27761 3.5 2.7761
27762 3.5 2.7762000000000002
27763 3.5 2.7763
27764 3.5 2.7764
27765 3.5 2.7765
27766 3.5 2.7766
27767 3.5 2.7767
27768 3.5 2.7768
27769 3.5 2.7769
27770 3.5 2.777
27771 3.5 2.7771000000000003
27772 3.5 2.7772
27773 3.5 2.7773000000000003
27774 3.5 2.7774
27775 3.5 2.7775000000000003
27776 3.5 2.7776
27777 3.5 2.7777000000000003
27778 3.5 2.7778
27779 3.5 2.7779000000000003
27780 3.5 2.778
27781 3.5 2.7781000000000002
27782 3.5 2.7782
27783 3.5 2.7783
27784 3.5 2.7784
27785 3.5 2.7785
27786 3.5 2.7786
27787 3.5 2.7787
27788 3.5 2.7788
27789 3.5 2.7789
27790 3.5 2.779
27791 3.5 2.7791
27792 3.5 2.7792000000000003
27793 3.5 2.7793
27794 3.5 2.7794000000000003
27795 3.5 2.7795
27796 3.5 2.7796000000000003
27797 3.5 2.7797
27798 3.5 2.7798000000000003
27799 3.5 2.7799
27800 3.5 2.7800000000000002
27801 3.5 2.7801
27802 3.5 2.7802000000000002
27803 3.5 2.7803
27804 3.5 2.7804
27805 3.5 2.7805
27806 3.5 2.7806
27807 3.5 2.7807
27808 3.5 2.7808
27809 3.5 2.7809
27810 3.5 2.781
27811 3.5 2.7811000000000003
27812 3.5 2.7812
27813 3.5 2.7813000000000003
27814 3.5 2.7814
27815 3.5 2.7815000000000003
27816 3.5 2.7816
27817 3.5 2.7817000000000003
27818 3.5 2.7818
27819 3.5 2.7819000000000003
27820 3.5 2.782
27821 3.5 2.7821000000000002
27822 3.5 2.7822
27823 3.5 2.7823
27824 3.5 2.7824
27825 3.5 2.7825
27826 3.5 2.7826
27827 3.5 2.7827
27828 3.5 2.7828
27829 3.5 2.7829
27830 3.5 2.783
27831 3.5 2.7831
27832 3.5 2.7832000000000003
27833 3.5 2.7833
27834 3.5 2.7834000000000003
27835 3.5 2.7835
27836 3.5 2.7836000000000003
27837 3.5 2.7837
27838 3.5 2.7838000000000003
27839 3.5 2.7839
27840 3.5 2.7840000000000003
27841 3.5 2.7841
27842 3.5 2.7842000000000002
27843 3.5 2.7843
27844 3.5 2.7844
27845 3.5 2.7845
27846 3.5 2.7846
27847 3.5 2.7847
27848 3.5 2.7848
27849 3.5 2.7849
27850 3.5 2.785
27851 3.5 2.7851000000000004
27852 3.5 2.7852
27853 3.5 2.7853000000000003
27854 3.5 2.7854
27855 3.5 2.7855000000000003
27856 3.5 2.7856
27857 3.5 2.7857000000000003
27858 3.5 2.7858
27859 3.5 2.7859000000000003
27860 3.5 2.786
27861 3.5 2.7861000000000002
27862 3.5 2.7862
27863 3.5 2.7863
27864 3.5 2.7864
27865 3.5 2.7865
27866 3.5 2.7866
27867 3.5 2.7867
27868 3.5 2.7868
27869 3.5 2.7869
27870 3.5 2.787
27871 3.5 2.7871
27872 3.5 2.7872000000000003
27873 3.5 2.7873
27874 3.5 2.7874000000000003
27875 3.5 2.7875
27876 3.5 2.7876000000000003
27877 3.5 2.7877
27878 3.5 2.7878000000000003
27879 3.5 2.7879
27880 3.5 2.7880000000000003
27881 3.5 2.7881
27882 3.5 2.7882000000000002
27883 3.5 2.7883
27884 3.5 2.7884
27885 3.5 2.7885
27886 3.5 2.7886
27887 3.5 2.7887
27888 3.5 2.7888
27889 3.5 2.7889
27890 3.5 2.789
27891 3.5 2.7891
27892 3.5 2.7892
27893 3.5 2.7893000000000003
27894 3.5 2.7894
27895 3.5 2.7895000000000003
27896 3.5 2.7896
27897 3.5 2.7897000000000003
27898 3.5 2.7898
27899 3.5 2.7899000000000003
27900 3.5 2.79
27901 3.5 2.7901000000000002
27902 3.5 2.7902
27903 3.5 2.7903000000000002
27904 3.5 2.7904
27905 3.5 2.7905
27906 3.5 2.7906
27907 3.5 2.7907
27908 3.5 2.7908
27909 3.5 2.7909
27910 3.5 2.791
27911 3.5 2.7911
27912 3.5 2.7912000000000003
27913 3.5 2.7913
27914 3.5 2.7914000000000003
27915 3.5 2.7915
27916 3.5 2.7916000000000003
27917 3.5 2.7917
27918 3.5 2.7918000000000003
27919 3.5 2.7919
27920 3.5 2.7920000000000003
27921 3.5 2.7921
27922 3.5 2.7922000000000002
27923 3.5 2.7923
27924 3.5 2.7924
27925 3.5 2.7925
27926 3.5 2.7926
27927 3.5 2.7927
27928 3.5 2.7928
27929 3.5 2.7929
27930 3.5 2.793
27931 3.5 2.7931
27932 3.5 2.7932
27933 3.5 2.7933000000000003
27934 3.5 2.7934
27935 3.5 2.7935000000000003
27936 3.5 2.7936
27937 3.5 2.7937000000000003
27938 3.5 2.7938
27939 3.5 2.7939000000000003
27940 3.5 2.794
27941 3.5 2.7941000000000003
27942 3.5 2.7942
27943 3.5 2.7943000000000002
27944 3.5 2.7944
27945 3.5 2.7945
27946 3.5 2.7946
27947 3.5 2.7947
27948 3.5 2.7948
27949 3.5 2.7949
27950 3.5 2.795
27951 3.5 2.7951
27952 3.5 2.7952000000000004
27953 3.5 2.7953
27954 3.5 2.7954000000000003
27955 3.5 2.7955
27956 3.5 2.7956000000000003
27957 3.5 2.7957
27958 3.5 2.7958000000000003
27959 3.5 2.7959
27960 3.5 2.7960000000000003
27961 3.5 2.7961
27962 3.5 2.7962000000000002
27963 3.5 2.7963
27964 3.5 2.7964
27965 3.5 2.7965
27966 3.5 2.7966
27967 3.5 2.7967
27968 3.5 2.7968
27969 3.5 2.7969
27970 3.5 2.797
27971 3.5 2.7971
27972 3.5 2.7972
27973 3.5 2.7973000000000003
27974 3.5 2.7974
27975 3.5 2.7975000000000003
27976 3.5 2.7976
27977 3.5 2.7977000000000003
27978 3.5 2.7978
27979 3.5 2.7979000000000003
27980 3.5 2.798
27981 3.5 2.7981000000000003
27982 3.5 2.7982
27983 3.5 2.7983000000000002
27984 3.5 2.7984
27985 3.5 2.7985
27986 3.5 2.7986
27987 3.5 2.7987
27988 3.5 2.7988
27989 3.5 2.7989
27990 3.5 2.799
27991 3.5 2.7991
27992 3.5 2.7992000000000004
27993 3.5 2.7993
27994 3.5 2.7994000000000003
27995 3.5 2.7995
27996 3.5 2.7996000000000003
27997 3.5 2.7997
27998 3.5 2.7998000000000003
27999 3.5 2.7999
28000 3.5 2.8000000000000003
28001 3.5 2.8001
28002 3.5 2.8002000000000002
28003 3.5 2.8003
28004 3.5 2.8004000000000002
28005 3.5 2.8005
28006 3.5 2.8006
28007 3.5 2.8007
28008 3.5 2.8008
28009 3.5 2.8009
28010 3.5 2.801
28011 3.5 2.8011
28012 3.5 2.8012
28013 3.5 2.8013000000000003
28014 3.5 2.8014
28015 3.5 2.8015000000000003
28016 3.5 2.8016
28017 3.5 2.8017000000000003
28018 3.5 2.8018
28019 3.5 2.8019000000000003
28020 3.5 2.802
28021 3.5 2.8021000000000003
28022 3.5 2.8022
28023 3.5 2.8023000000000002
28024 3.5 2.8024
28025 3.5 2.8025
28026 3.5 2.8026
28027 3.5 2.8027
28028 3.5 2.8028
28029 3.5 2.8029
28030 3.5 2.803
28031 3.5 2.8031
28032 3.5 2.8032
28033 3.5 2.8033
28034 3.5 2.8034000000000003
28035 3.5 2.8035
28036 3.5 2.8036000000000003
28037 3.5 2.8037
28038 3.5 2.8038000000000003
28039 3.5 2.8039
28040 3.5 2.8040000000000003
28041 3.5 2.8041
28042 3.5 2.8042000000000002
28043 3.5 2.8043
28044 3.5 2.8044000000000002
28045 3.5 2.8045
28046 3.5 2.8046
28047 3.5 2.8047
28048 3.5 2.8048
28049 3.5 2.8049
28050 3.5 2.805
28051 3.5 2.8051
28052 3.5 2.8052
28053 3.5 2.8053000000000003
28054 3.5 2.8054
28055 3.5 2.8055000000000003
28056 3.5 2.8056
28057 3.5 2.8057000000000003
28058 3.5 2.8058
28059 3.5 2.8059000000000003
28060 3.5 2.806
28061 3.5 2.8061000000000003
28062 3.5 2.8062
28063 3.5 2.8063000000000002
28064 3.5 2.8064
28065 3.5 2.8065
28066 3.5 2.8066
28067 3.5 2.8067
28068 3.5 2.8068
28069 3.5 2.8069
28070 3.5 2.807
28071 3.5 2.8071
28072 3.5 2.8072
28073 3.5 2.8073
28074 3.5 2.8074000000000003
28075 3.5 2.8075
28076 3.5 2.8076000000000003
28077 3.5 2.8077
28078 3.5 2.8078000000000003
28079 3.5 2.8079
28080 3.5 2.8080000000000003
28081 3.5 2.8081
28082 3.5 2.8082000000000003
28083 3.5 2.8083
28084 3.5 2.8084000000000002
28085 3.5 2.8085
28086 3.5 2.8086
28087 3.5 2.8087
28088 3.5 2.8088
28089 3.5 2.8089
28090 3.5 2.809
28091 3.5 2.8091
28092 3.5 2.8092
28093 3.5 2.8093000000000004
28094 3.5 2.8094
28095 3.5 2.8095000000000003
28096 3.5 2.8096
28097 3.5 2.8097000000000003
28098 3.5 2.8098
28099 3.5 2.8099000000000003
28100 3.5 2.81
28101 3.5 2.8101000000000003
28102 3.5 2.8102
28103 3.5 2.8103000000000002
28104 3.5 2.8104
28105 3.5 2.8105
28106 3.5 2.8106
28107 3.5 2.8107
28108 3.5 2.8108
28109 3.5 2.8109
28110 3.5 2.811
28111 3.5 2.8111
28112 3.5 2.8112
28113 3.5 2.8113
28114 3.5 2.8114000000000003
28115 3.5 2.8115
28116 3.5 2.8116000000000003
28117 3.5 2.8117
28118 3.5 2.8118000000000003
28119 3.5 2.8119
28120 3.5 2.8120000000000003
28121 3.5 2.8121
28122 3.5 2.8122000000000003
28123 3.5 2.8123
28124 3.5 2.8124000000000002
28125 3.5 2.8125
28126 3.5 2.8126
28127 3.5 2.8127
28128 3.5 2.8128
28129 3.5 2.8129
28130 3.5 2.813
28131 3.5 2.8131
28132 3.5 2.8132
28133 3.5 2.8133000000000004
28134 3.5 2.8134
28135 3.5 2.8135000000000003
28136 3.5 2.8136
28137 3.5 2.8137000000000003
28138 3.5 2.8138
28139 3.5 2.8139000000000003
28140 3.5 2.814
28141 3.5 2.8141000000000003
28142 3.5 2.8142
28143 3.5 2.8143000000000002
28144 3.5 2.8144
28145 3.5 2.8145000000000002
28146 3.5 2.8146
28147 3.5 2.8147
28148 3.5 2.8148
28149 3.5 2.8149
28150 3.5 2.815
28151 3.5 2.8151
28152 3.5 2.8152
28153 3.5 2.8153
28154 3.5 2.8154000000000003
28155 3.5 2.8155
28156 3.5 2.8156000000000003
28157 3.5 2.8157
28158 3.5 2.8158000000000003
28159 3.5 2.8159
28160 3.5 2.8160000000000003
28161 3.5 2.8161
28162 3.5 2.8162000000000003
28163 3.5 2.8163
28164 3.5 2.8164000000000002
28165 3.5 2.8165
28166 3.5 2.8166
28167 3.5 2.8167
28168 3.5 2.8168
28169 3.5 2.8169
28170 3.5 2.817
28171 3.5 2.8171
28172 3.5 2.8172
28173 3.5 2.8173
28174 3.5 2.8174
28175 3.5 2.8175000000000003
28176 3.5 2.8176
28177 3.5 2.8177000000000003
28178 3.5 2.8178
28179 3.5 2.8179000000000003
28180 3.5 2.818
28181 3.5 2.8181000000000003
28182 3.5 2.8182
28183 3.5 2.8183000000000002
28184 3.5 2.8184
28185 3.5 2.8185000000000002
28186 3.5 2.8186
28187 3.5 2.8187
28188 3.5 2.8188
28189 3.5 2.8189
28190 3.5 2.819
28191 3.5 2.8191
28192 3.5 2.8192
28193 3.5 2.8193
28194 3.5 2.8194000000000004
28195 3.5 2.8195
28196 3.5 2.8196000000000003
28197 3.5 2.8197
28198 3.5 2.8198000000000003
28199 3.5 2.8199
28200 3.5 2.8200000000000003
28201 3.5 2.8201
28202 3.5 2.8202000000000003
28203 3.5 2.8203
28204 3.5 2.8204000000000002
28205 3.5 2.8205
28206 3.5 2.8206
28207 3.5 2.8207
28208 3.5 2.8208
28209 3.5 2.8209
28210 3.5 2.821
28211 3.5 2.8211
28212 3.5 2.8212
28213 3.5 2.8213
28214 3.5 2.8214
28215 3.5 2.8215000000000003
28216 3.5 2.8216
28217 3.5 2.8217000000000003
28218 3.5 2.8218
28219 3.5 2.8219000000000003
28220 3.5 2.822
28221 3.5 2.8221000000000003
28222 3.5 2.8222
28223 3.5 2.8223000000000003
28224 3.5 2.8224
28225 3.5 2.8225000000000002
28226 3.5 2.8226
28227 3.5 2.8227
28228 3.5 2.8228
28229 3.5 2.8229
28230 3.5 2.823
28231 3.5 2.8231
28232 3.5 2.8232
28233 3.5 2.8233
28234 3.5 2.8234000000000004
28235 3.5 2.8235
28236 3.5 2.8236000000000003
28237 3.5 2.8237
28238 3.5 2.8238000000000003
28239 3.5 2.8239
28240 3.5 2.8240000000000003
28241 3.5 2.8241
28242 3.5 2.8242000000000003
28243 3.5 2.8243
28244 3.5 2.8244000000000002
28245 3.5 2.8245
28246 3.5 2.8246
28247 3.5 2.8247
28248 3.5 2.8248
28249 3.5 2.8249
28250 3.5 2.825
28251 3.5 2.8251
28252 3.5 2.8252
28253 3.5 2.8253
28254 3.5 2.8254
28255 3.5 2.8255000000000003
28256 3.5 2.8256
28257 3.5 2.8257000000000003
28258 3.5 2.8258
28259 3.5 2.8259000000000003
28260 3.5 2.826
28261 3.5 2.8261000000000003
28262 3.5 2.8262
28263 3.5 2.8263000000000003
28264 3.5 2.8264
28265 3.5 2.8265000000000002
28266 3.5 2.8266
28267 3.5 2.8267
28268 3.5 2.8268
28269 3.5 2.8269
28270 3.5 2.827
28271 3.5 2.8271
28272 3.5 2.8272
28273 3.5 2.8273
28274 3.5 2.8274000000000004
28275 3.5 2.8275
28276 3.5 2.8276000000000003
28277 3.5 2.8277
28278 3.5 2.8278000000000003
28279 3.5 2.8279
28280 3.5 2.8280000000000003
28281 3.5 2.8281
28282 3.5 2.8282000000000003
28283 3.5 2.8283
28284 3.5 2.8284000000000002
28285 3.5 2.8285
28286 3.5 2.8286000000000002
28287 3.5 2.8287
28288 3.5 2.8288
28289 3.5 2.8289
28290 3.5 2.829
28291 3.5 2.8291
28292 3.5 2.8292
28293 3.5 2.8293
28294 3.5 2.8294
28295 3.5 2.8295000000000003
28296 3.5 2.8296
28297 3.5 2.8297000000000003
28298 3.5 2.8298
28299 3.5 2.8299000000000003
28300 3.5 2.83
28301 3.5 2.8301000000000003
28302 3.5 2.8302
28303 3.5 2.8303000000000003
28304 3.5 2.8304
28305 3.5 2.8305000000000002
28306 3.5 2.8306
28307 3.5 2.8307
28308 3.5 2.8308
28309 3.5 2.8309
28310 3.5 2.831
28311 3.5 2.8311
28312 3.5 2.8312
28313 3.5 2.8313
28314 3.5 2.8314
28315 3.5 2.8315
28316 3.5 2.8316000000000003
28317 3.5 2.8317
28318 3.5 2.8318000000000003
28319 3.5 2.8319
28320 3.5 2.8320000000000003
28321 3.5 2.8321
28322 3.5 2.8322000000000003
28323 3.5 2.8323
28324 3.5 2.8324000000000003
28325 3.5 2.8325
28326 3.5 2.8326000000000002
28327 3.5 2.8327
28328 3.5 2.8328
28329 3.5 2.8329
28330 3.5 2.833
28331 3.5 2.8331
28332 3.5 2.8332
28333 3.5 2.8333
28334 3.5 2.8334
28335 3.5 2.8335000000000004
28336 3.5 2.8336
28337 3.5 2.8337000000000003
28338 3.5 2.8338
28339 3.5 2.8339000000000003
28340 3.5 2.834
28341 3.5 2.8341000000000003
28342 3.5 2.8342
28343 3.5 2.8343000000000003
28344 3.5 2.8344
28345 3.5 2.8345000000000002
28346 3.5 2.8346
28347 3.5 2.8347
28348 3.5 2.8348
28349 3.5 2.8349
28350 3.5 2.835
28351 3.5 2.8351
28352 3.5 2.8352
28353 3.5 2.8353
28354 3.5 2.8354
28355 3.5 2.8355
28356 3.5 2.8356000000000003
28357 3.5 2.8357
28358 3.5 2.8358000000000003
28359 3.5 2.8359
28360 3.5 2.8360000000000003
28361 3.5 2.8361
28362 3.5 2.8362000000000003
28363 3.5 2.8363
28364 3.5 2.8364000000000003
28365 3.5 2.8365
28366 3.5 2.8366000000000002
28367 3.5 2.8367
28368 3.5 2.8368
28369 3.5 2.8369
28370 3.5 2.837
28371 3.5 2.8371
28372 3.5 2.8372
28373 3.5 2.8373
28374 3.5 2.8374
28375 3.5 2.8375000000000004
28376 3.5 2.8376
28377 3.5 2.8377000000000003
28378 3.5 2.8378
28379 3.5 2.8379000000000003
28380 3.5 2.838
28381 3.5 2.8381000000000003
28382 3.5 2.8382
28383 3.5 2.8383000000000003
28384 3.5 2.8384
28385 3.5 2.8385000000000002
28386 3.5 2.8386
28387 3.5 2.8387000000000002
28388 3.5 2.8388
28389 3.5 2.8389
28390 3.5 2.839
28391 3.5 2.8391
28392 3.5 2.8392
28393 3.5 2.8393
28394 3.5 2.8394
28395 3.5 2.8395
28396 3.5 2.8396000000000003
28397 3.5 2.8397
28398 3.5 2.8398000000000003
28399 3.5 2.8399
28400 3.5 2.8400000000000003
28401 3.5 2.8401
28402 3.5 2.8402000000000003
28403 3.5 2.8403
28404 3.5 2.8404000000000003
28405 3.5 2.8405
28406 3.5 2.8406000000000002
28407 3.5 2.8407
28408 3.5 2.8408
28409 3.5 2.8409
28410 3.5 2.841
28411 3.5 2.8411
28412 3.5 2.8412
28413 3.5 2.8413
28414 3.5 2.8414
28415 3.5 2.8415
28416 3.5 2.8416
28417 3.5 2.8417000000000003
28418 3.5 2.8418
28419 3.5 2.8419000000000003
28420 3.5 2.842
28421 3.5 2.8421000000000003
28422 3.5 2.8422
28423 3.5 2.8423000000000003
28424 3.5 2.8424
28425 3.5 2.8425000000000002
28426 3.5 2.8426
28427 3.5 2.8427000000000002
28428 3.5 2.8428
28429 3.5 2.8429
28430 3.5 2.843
28431 3.5 2.8431
28432 3.5 2.8432
28433 3.5 2.8433
28434 3.5 2.8434
28435 3.5 2.8435
28436 3.5 2.8436000000000003
28437 3.5 2.8437
28438 3.5 2.8438000000000003
28439 3.5 2.8439
28440 3.5 2.8440000000000003
28441 3.5 2.8441
28442 3.5 2.8442000000000003
28443 3.5 2.8443
28444 3.5 2.8444000000000003
28445 3.5 2.8445
28446 3.5 2.8446000000000002
28447 3.5 2.8447
28448 3.5 2.8448
28449 3.5 2.8449
28450 3.5 2.845
28451 3.5 2.8451
28452 3.5 2.8452
28453 3.5 2.8453
28454 3.5 2.8454
28455 3.5 2.8455
28456 3.5 2.8456
28457 3.5 2.8457000000000003
28458 3.5 2.8458
28459 3.5 2.8459000000000003
28460 3.5 2.846
28461 3.5 2.8461000000000003
28462 3.5 2.8462
28463 3.5 2.8463000000000003
28464 3.5 2.8464
28465 3.5 2.8465000000000003
28466 3.5 2.8466
28467 3.5 2.8467000000000002
28468 3.5 2.8468
28469 3.5 2.8469
28470 3.5 2.847
28471 3.5 2.8471
28472 3.5 2.8472
28473 3.5 2.8473
28474 3.5 2.8474
28475 3.5 2.8475
28476 3.5 2.8476000000000004
28477 3.5 2.8477
28478 3.5 2.8478000000000003
28479 3.5 2.8479
28480 3.5 2.8480000000000003
28481 3.5 2.8481
28482 3.5 2.8482000000000003
28483 3.5 2.8483
28484 3.5 2.8484000000000003
28485 3.5 2.8485
28486 3.5 2.8486000000000002
28487 3.5 2.8487
28488 3.5 2.8488
28489 3.5 2.8489
28490 3.5 2.849
28491 3.5 2.8491
28492 3.5 2.8492
28493 3.5 2.8493
28494 3.5 2.8494
28495 3.5 2.8495
28496 3.5 2.8496
28497 3.5 2.8497000000000003
28498 3.5 2.8498
28499 3.5 2.8499000000000003
28500 3.5 2.85
28501 3.5 2.8501000000000003
28502 3.5 2.8502
28503 3.5 2.8503000000000003
28504 3.5 2.8504
28505 3.5 2.8505000000000003
28506 3.5 2.8506
28507 3.5 2.8507000000000002
28508 3.5 2.8508
28509 3.5 2.8509
28510 3.5 2.851
28511 3.5 2.8511
28512 3.5 2.8512
28513 3.5 2.8513
28514 3.5 2.8514
28515 3.5 2.8515
28516 3.5 2.8516000000000004
28517 3.5 2.8517
28518 3.5 2.8518000000000003
28519 3.5 2.8519
28520 3.5 2.8520000000000003
28521 3.5 2.8521
28522 3.5 2.8522000000000003
28523 3.5 2.8523
28524 3.5 2.8524000000000003
28525 3.5 2.8525
28526 3.5 2.8526000000000002
28527 3.5 2.8527
28528 3.5 2.8528000000000002
28529 3.5 2.8529
28530 3.5 2.853
28531 3.5 2.8531
28532 3.5 2.8532
28533 3.5 2.8533
28534 3.5 2.8534
28535 3.5 2.8535
28536 3.5 2.8536
28537 3.5 2.8537000000000003
28538 3.5 2.8538
28539 3.5 2.8539000000000003
28540 3.5 2.854
28541 3.5 2.8541000000000003
28542 3.5 2.8542
28543 3.5 2.8543000000000003
28544 3.5 2.8544
28545 3.5 2.8545000000000003
28546 3.5 2.8546
28547 3.5 2.8547000000000002
28548 3.5 2.8548
28549 3.5 2.8549
28550 3.5 2.855
28551 3.5 2.8551
28552 3.5 2.8552
28553 3.5 2.8553
28554 3.5 2.8554
28555 3.5 2.8555
28556 3.5 2.8556
28557 3.5 2.8557
28558 3.5 2.8558000000000003
28559 3.5 2.8559
28560 3.5 2.8560000000000003
28561 3.5 2.8561
28562 3.5 2.8562000000000003
28563 3.5 2.8563
28564 3.5 2.8564000000000003
28565 3.5 2.8565
28566 3.5 2.8566000000000003
28567 3.5 2.8567
28568 3.5 2.8568000000000002
28569 3.5 2.8569
28570 3.5 2.857
28571 3.5 2.8571
28572 3.5 2.8572
28573 3.5 2.8573
28574 3.5 2.8574
28575 3.5 2.8575
28576 3.5 2.8576
28577 3.5 2.8577000000000004
28578 3.5 2.8578
28579 3.5 2.8579000000000003
28580 3.5 2.858
28581 3.5 2.8581000000000003
28582 3.5 2.8582
28583 3.5 2.8583000000000003
28584 3.5 2.8584
28585 3.5 2.8585000000000003
28586 3.5 2.8586
28587 3.5 2.8587000000000002
28588 3.5 2.8588
28589 3.5 2.8589
28590 3.5 2.859
28591 3.5 2.8591
28592 3.5 2.8592
28593 3.5 2.8593
28594 3.5 2.8594
28595 3.5 2.8595
28596 3.5 2.8596
28597 3.5 2.8597
28598 3.5 2.8598000000000003
28599 3.5 2.8599
28600 3.5 2.8600000000000003
28601 3.5 2.8601
28602 3.5 2.8602000000000003
28603 3.5 2.8603
28604 3.5 2.8604000000000003
28605 3.5 2.8605
28606 3.5 2.8606000000000003
28607 3.5 2.8607
28608 3.5 2.8608000000000002
28609 3.5 2.8609
28610 3.5 2.861
28611 3.5 2.8611
28612 3.5 2.8612
28613 3.5 2.8613
28614 3.5 2.8614
28615 3.5 2.8615
28616 3.5 2.8616
28617 3.5 2.8617000000000004
28618 3.5 2.8618
28619 3.5 2.8619000000000003
28620 3.5 2.862
28621 3.5 2.8621000000000003
28622 3.5 2.8622
28623 3.5 2.8623000000000003
28624 3.5 2.8624
28625 3.5 2.8625000000000003
28626 3.5 2.8626
28627 3.5 2.8627000000000002
28628 3.5 2.8628
28629 3.5 2.8629000000000002
28630 3.5 2.863
28631 3.5 2.8631
28632 3.5 2.8632
28633 3.5 2.8633
28634 3.5 2.8634
28635 3.5 2.8635
28636 3.5 2.8636
28637 3.5 2.8637
28638 3.5 2.8638000000000003
28639 3.5 2.8639
28640 3.5 2.8640000000000003
28641 3.5 2.8641
28642 3.5 2.8642000000000003
28643 3.5 2.8643
28644 3.5 2.8644000000000003
28645 3.5 2.8645
28646 3.5 2.8646000000000003
28647 3.5 2.8647
28648 3.5 2.8648000000000002
28649 3.5 2.8649
28650 3.5 2.865
28651 3.5 2.8651
28652 3.5 2.8652
28653 3.5 2.8653
28654 3.5 2.8654
28655 3.5 2.8655
28656 3.5 2.8656
28657 3.5 2.8657000000000004
28658 3.5 2.8658
28659 3.5 2.8659000000000003
28660 3.5 2.866
28661 3.5 2.8661000000000003
28662 3.5 2.8662
28663 3.5 2.8663000000000003
28664 3.5 2.8664
28665 3.5 2.8665000000000003
28666 3.5 2.8666
28667 3.5 2.8667000000000002
28668 3.5 2.8668
28669 3.5 2.8669000000000002
28670 3.5 2.867
28671 3.5 2.8671
28672 3.5 2.8672
28673 3.5 2.8673
28674 3.5 2.8674
28675 3.5 2.8675
28676 3.5 2.8676
28677 3.5 2.8677
28678 3.5 2.8678000000000003
28679 3.5 2.8679
28680 3.5 2.8680000000000003
28681 3.5 2.8681
28682 3.5 2.8682000000000003
28683 3.5 2.8683
28684 3.5 2.8684000000000003
28685 3.5 2.8685
28686 3.5 2.8686000000000003
28687 3.5 2.8687
28688 3.5 2.8688000000000002
28689 3.5 2.8689
28690 3.5 2.869
28691 3.5 2.8691
28692 3.5 2.8692
28693 3.5 2.8693
28694 3.5 2.8694
28695 3.5 2.8695
28696 3.5 2.8696
28697 3.5 2.8697
28698 3.5 2.8698
28699 3.5 2.8699000000000003
28700 3.5 2.87
28701 3.5 2.8701000000000003
28702 3.5 2.8702
28703 3.5 2.8703000000000003
28704 3.5 2.8704
28705 3.5 2.8705000000000003
28706 3.5 2.8706
28707 3.5 2.8707000000000003
28708 3.5 2.8708
28709 3.5 2.8709000000000002
28710 3.5 2.871
28711 3.5 2.8711
28712 3.5 2.8712
28713 3.5 2.8713
28714 3.5 2.8714
28715 3.5 2.8715
28716 3.5 2.8716
28717 3.5 2.8717
28718 3.5 2.8718000000000004
28719 3.5 2.8719
28720 3.5 2.8720000000000003
28721 3.5 2.8721
28722 3.5 2.8722000000000003
28723 3.5 2.8723
28724 3.5 2.8724000000000003
28725 3.5 2.8725
28726 3.5 2.8726000000000003
28727 3.5 2.8727
28728 3.5 2.8728000000000002
28729 3.5 2.8729
28730 3.5 2.873
28731 3.5 2.8731
28732 3.5 2.8732
28733 3.5 2.8733
28734 3.5 2.8734
28735 3.5 2.8735
28736 3.5 2.8736
28737 3.5 2.8737
28738 3.5 2.8738
28739 3.5 2.8739000000000003
28740 3.5 2.874
28741 3.5 2.8741000000000003
28742 3.5 2.8742
28743 3.5 2.8743000000000003
28744 3.5 2.8744
28745 3.5 2.8745000000000003
28746 3.5 2.8746
28747 3.5 2.8747000000000003
28748 3.5 2.8748
28749 3.5 2.8749000000000002
28750 3.5 2.875
28751 3.5 2.8751
28752 3.5 2.8752
28753 3.5 2.8753
28754 3.5 2.8754
28755 3.5 2.8755
28756 3.5 2.8756
28757 3.5 2.8757
28758 3.5 2.8758000000000004
28759 3.5 2.8759
28760 3.5 2.8760000000000003
28761 3.5 2.8761
28762 3.5 2.8762000000000003
28763 3.5 2.8763
28764 3.5 2.8764000000000003
28765 3.5 2.8765
28766 3.5 2.8766000000000003
28767 3.5 2.8767
28768 3.5 2.8768000000000002
28769 3.5 2.8769
28770 3.5 2.8770000000000002
28771 3.5 2.8771
28772 3.5 2.8772
28773 3.5 2.8773
28774 3.5 2.8774
28775 3.5 2.8775
28776 3.5 2.8776
28777 3.5 2.8777
28778 3.5 2.8778
28779 3.5 2.8779000000000003
28780 3.5 2.878
28781 3.5 2.8781000000000003
28782 3.5 2.8782
28783 3.5 2.8783000000000003
28784 3.5 2.8784
28785 3.5 2.8785000000000003
28786 3.5 2.8786
28787 3.5 2.8787000000000003
28788 3.5 2.8788
28789 3.5 2.8789000000000002
28790 3.5 2.879
28791 3.5 2.8791
28792 3.5 2.8792
28793 3.5 2.8793
28794 3.5 2.8794
28795 3.5 2.8795
28796 3.5 2.8796
28797 3.5 2.8797
28798 3.5 2.8798000000000004
28799 3.5 2.8799
28800 3.5 2.8800000000000003
28801 3.5 2.8801
28802 3.5 2.8802000000000003
28803 3.5 2.8803
28804 3.5 2.8804000000000003
28805 3.5 2.8805
28806 3.5 2.8806000000000003
28807 3.5 2.8807
28808 3.5 2.8808000000000002
28809 3.5 2.8809
28810 3.5 2.8810000000000002
28811 3.5 2.8811
28812 3.5 2.8812
28813 3.5 2.8813
28814 3.5 2.8814
28815 3.5 2.8815
28816 3.5 2.8816
28817 3.5 2.8817
28818 3.5 2.8818
28819 3.5 2.8819000000000004
28820 3.5 2.882
28821 3.5 2.8821000000000003
28822 3.5 2.8822
28823 3.5 2.8823000000000003
28824 3.5 2.8824
28825 3.5 2.8825000000000003
28826 3.5 2.8826
28827 3.5 2.8827000000000003
28828 3.5 2.8828
28829 3.5 2.8829000000000002
28830 3.5 2.883
28831 3.5 2.8831
28832 3.5 2.8832
28833 3.5 2.8833
28834 3.5 2.8834
28835 3.5 2.8835
28836 3.5 2.8836
28837 3.5 2.8837
28838 3.5 2.8838
28839 3.5 2.8839
28840 3.5 2.8840000000000003
28841 3.5 2.8841
28842 3.5 2.8842000000000003
28843 3.5 2.8843
28844 3.5 2.8844000000000003
28845 3.5 2.8845
28846 3.5 2.8846000000000003
28847 3.5 2.8847
28848 3.5 2.8848000000000003
28849 3.5 2.8849
28850 3.5 2.8850000000000002
28851 3.5 2.8851
28852 3.5 2.8852
28853 3.5 2.8853
28854 3.5 2.8854
28855 3.5 2.8855
28856 3.5 2.8856
28857 3.5 2.8857
28858 3.5 2.8858
28859 3.5 2.8859000000000004
28860 3.5 2.886
28861 3.5 2.8861000000000003
28862 3.5 2.8862
28863 3.5 2.8863000000000003
28864 3.5 2.8864
28865 3.5 2.8865000000000003
28866 3.5 2.8866
28867 3.5 2.8867000000000003
28868 3.5 2.8868
28869 3.5 2.8869000000000002
28870 3.5 2.887
28871 3.5 2.8871
28872 3.5 2.8872
28873 3.5 2.8873
28874 3.5 2.8874
28875 3.5 2.8875
28876 3.5 2.8876
28877 3.5 2.8877
28878 3.5 2.8878
28879 3.5 2.8879
28880 3.5 2.8880000000000003
28881 3.5 2.8881
28882 3.5 2.8882000000000003
28883 3.5 2.8883
28884 3.5 2.8884000000000003
28885 3.5 2.8885
28886 3.5 2.8886000000000003
28887 3.5 2.8887
28888 3.5 2.8888000000000003
28889 3.5 2.8889
28890 3.5 2.8890000000000002
28891 3.5 2.8891
28892 3.5 2.8892
28893 3.5 2.8893
28894 3.5 2.8894
28895 3.5 2.8895
28896 3.5 2.8896
28897 3.5 2.8897
28898 3.5 2.8898
28899 3.5 2.8899000000000004
28900 3.5 2.89
28901 3.5 2.8901000000000003
28902 3.5 2.8902
28903 3.5 2.8903000000000003
28904 3.5 2.8904
28905 3.5 2.8905000000000003
28906 3.5 2.8906
28907 3.5 2.8907000000000003
28908 3.5 2.8908
28909 3.5 2.8909000000000002
28910 3.5 2.891
28911 3.5 2.8911000000000002
28912 3.5 2.8912
28913 3.5 2.8913
28914 3.5 2.8914
28915 3.5 2.8915
28916 3.5 2.8916
28917 3.5 2.8917
28918 3.5 2.8918
28919 3.5 2.8919
28920 3.5 2.8920000000000003
28921 3.5 2.8921
28922 3.5 2.8922000000000003
28923 3.5 2.8923
28924 3.5 2.8924000000000003
28925 3.5 2.8925
28926 3.5 2.8926000000000003
28927 3.5 2.8927
28928 3.5 2.8928000000000003
28929 3.5 2.8929
28930 3.5 2.8930000000000002
28931 3.5 2.8931
28932 3.5 2.8932
28933 3.5 2.8933
28934 3.5 2.8934
28935 3.5 2.8935
28936 3.5 2.8936
28937 3.5 2.8937
28938 3.5 2.8938
28939 3.5 2.8939
28940 3.5 2.894
28941 3.5 2.8941000000000003
28942 3.5 2.8942
28943 3.5 2.8943000000000003
28944 3.5 2.8944
28945 3.5 2.8945000000000003
28946 3.5 2.8946
28947 3.5 2.8947000000000003
28948 3.5 2.8948
28949 3.5 2.8949000000000003
28950 3.5 2.895
28951 3.5 2.8951000000000002
28952 3.5 2.8952
28953 3.5 2.8953
28954 3.5 2.8954
28955 3.5 2.8955
28956 3.5 2.8956
28957 3.5 2.8957
28958 3.5 2.8958
28959 3.5 2.8959
28960 3.5 2.8960000000000004
28961 3.5 2.8961
28962 3.5 2.8962000000000003
28963 3.5 2.8963
28964 3.5 2.8964000000000003
28965 3.5 2.8965
28966 3.5 2.8966000000000003
28967 3.5 2.8967
28968 3.5 2.8968000000000003
28969 3.5 2.8969
28970 3.5 2.8970000000000002
28971 3.5 2.8971
28972 3.5 2.8972
28973 3.5 2.8973
28974 3.5 2.8974
28975 3.5 2.8975
28976 3.5 2.8976
28977 3.5 2.8977
28978 3.5 2.8978
28979 3.5 2.8979
28980 3.5 2.898
28981 3.5 2.8981000000000003
28982 3.5 2.8982
28983 3.5 2.8983000000000003
28984 3.5 2.8984
28985 3.5 2.8985000000000003
28986 3.5 2.8986
28987 3.5 2.8987000000000003
28988 3.5 2.8988
28989 3.5 2.8989000000000003
28990 3.5 2.899
28991 3.5 2.8991000000000002
28992 3.5 2.8992
28993 3.5 2.8993
28994 3.5 2.8994
28995 3.5 2.8995
28996 3.5 2.8996
28997 3.5 2.8997
28998 3.5 2.8998
28999 3.5 2.8999
29000 3.5 2.9000000000000004
29001 3.5 2.9001
29002 3.5 2.9002000000000003
29003 3.5 2.9003
29004 3.5 2.9004000000000003
29005 3.5 2.9005
29006 3.5 2.9006000000000003
29007 3.5 2.9007
29008 3.5 2.9008000000000003
29009 3.5 2.9009
29010 3.5 2.9010000000000002
29011 3.5 2.9011
29012 3.5 2.9012000000000002
29013 3.5 2.9013
29014 3.5 2.9014
29015 3.5 2.9015
29016 3.5 2.9016
29017 3.5 2.9017
29018 3.5 2.9018
29019 3.5 2.9019
29020 3.5 2.902
29021 3.5 2.9021000000000003
29022 3.5 2.9022
29023 3.5 2.9023000000000003
29024 3.5 2.9024
29025 3.5 2.9025000000000003
29026 3.5 2.9026
29027 3.5 2.9027000000000003
29028 3.5 2.9028
29029 3.5 2.9029000000000003
29030 3.5 2.903
29031 3.5 2.9031000000000002
29032 3.5 2.9032
29033 3.5 2.9033
29034 3.5 2.9034
29035 3.5 2.9035
29036 3.5 2.9036
29037 3.5 2.9037
29038 3.5 2.9038
29039 3.5 2.9039
29040 3.5 2.9040000000000004
29041 3.5 2.9041
29042 3.5 2.9042000000000003
29043 3.5 2.9043
29044 3.5 2.9044000000000003
29045 3.5 2.9045
29046 3.5 2.9046000000000003
29047 3.5 2.9047
29048 3.5 2.9048000000000003
29049 3.5 2.9049
29050 3.5 2.9050000000000002
29051 3.5 2.9051
29052 3.5 2.9052000000000002
29053 3.5 2.9053
29054 3.5 2.9054
29055 3.5 2.9055
29056 3.5 2.9056
29057 3.5 2.9057
29058 3.5 2.9058
29059 3.5 2.9059
29060 3.5 2.906
29061 3.5 2.9061000000000003
29062 3.5 2.9062
29063 3.5 2.9063000000000003
29064 3.5 2.9064
29065 3.5 2.9065000000000003
29066 3.5 2.9066
29067 3.5 2.9067000000000003
29068 3.5 2.9068
29069 3.5 2.9069000000000003
29070 3.5 2.907
29071 3.5 2.9071000000000002
29072 3.5 2.9072
29073 3.5 2.9073
29074 3.5 2.9074
29075 3.5 2.9075
29076 3.5 2.9076
29077 3.5 2.9077
29078 3.5 2.9078
29079 3.5 2.9079
29080 3.5 2.908
29081 3.5 2.9081
29082 3.5 2.9082000000000003
29083 3.5 2.9083
29084 3.5 2.9084000000000003
29085 3.5 2.9085
29086 3.5 2.9086000000000003
29087 3.5 2.9087
29088 3.5 2.9088000000000003
29089 3.5 2.9089
29090 3.5 2.9090000000000003
29091 3.5 2.9091
29092 3.5 2.9092000000000002
29093 3.5 2.9093
29094 3.5 2.9094
29095 3.5 2.9095
29096 3.5 2.9096
29097 3.5 2.9097
29098 3.5 2.9098
29099 3.5 2.9099
29100 3.5 2.91
29101 3.5 2.9101000000000004
29102 3.5 2.9102
29103 3.5 2.9103000000000003
29104 3.5 2.9104
29105 3.5 2.9105000000000003
29106 3.5 2.9106
29107 3.5 2.9107000000000003
29108 3.5 2.9108
29109 3.5 2.9109000000000003
29110 3.5 2.911
29111 3.5 2.9111000000000002
29112 3.5 2.9112
29113 3.5 2.9113
29114 3.5 2.9114
29115 3.5 2.9115
29116 3.5 2.9116
29117 3.5 2.9117
29118 3.5 2.9118
29119 3.5 2.9119
29120 3.5 2.912
29121 3.5 2.9121
29122 3.5 2.9122000000000003
29123 3.5 2.9123
29124 3.5 2.9124000000000003
29125 3.5 2.9125
29126 3.5 2.9126000000000003
29127 3.5 2.9127
29128 3.5 2.9128000000000003
29129 3.5 2.9129
29130 3.5 2.9130000000000003
29131 3.5 2.9131
29132 3.5 2.9132000000000002
29133 3.5 2.9133
29134 3.5 2.9134
29135 3.5 2.9135
29136 3.5 2.9136
29137 3.5 2.9137
29138 3.5 2.9138
29139 3.5 2.9139
29140 3.5 2.914
29141 3.5 2.9141000000000004
29142 3.5 2.9142
29143 3.5 2.9143000000000003
29144 3.5 2.9144
29145 3.5 2.9145000000000003
29146 3.5 2.9146
29147 3.5 2.9147000000000003
29148 3.5 2.9148
29149 3.5 2.9149000000000003
29150 3.5 2.915
29151 3.5 2.9151000000000002
29152 3.5 2.9152
29153 3.5 2.9153000000000002
29154 3.5 2.9154
29155 3.5 2.9155
29156 3.5 2.9156
29157 3.5 2.9157
29158 3.5 2.9158
29159 3.5 2.9159
29160 3.5 2.916
29161 3.5 2.9161
29162 3.5 2.9162000000000003
29163 3.5 2.9163
29164 3.5 2.9164000000000003
29165 3.5 2.9165
29166 3.5 2.9166000000000003
29167 3.5 2.9167
29168 3.5 2.9168000000000003
29169 3.5 2.9169
29170 3.5 2.9170000000000003
29171 3.5 2.9171
29172 3.5 2.9172000000000002
29173 3.5 2.9173
29174 3.5 2.9174
29175 3.5 2.9175
29176 3.5 2.9176
29177 3.5 2.9177
29178 3.5 2.9178
29179 3.5 2.9179
29180 3.5 2.918
29181 3.5 2.9181000000000004
29182 3.5 2.9182
29183 3.5 2.9183000000000003
29184 3.5 2.9184
29185 3.5 2.9185000000000003
29186 3.5 2.9186
29187 3.5 2.9187000000000003
29188 3.5 2.9188
29189 3.5 2.9189000000000003
29190 3.5 2.919
29191 3.5 2.9191000000000003
29192 3.5 2.9192
29193 3.5 2.9193000000000002
29194 3.5 2.9194
29195 3.5 2.9195
29196 3.5 2.9196
29197 3.5 2.9197
29198 3.5 2.9198
29199 3.5 2.9199
29200 3.5 2.92
29201 3.5 2.9201
29202 3.5 2.9202000000000004
29203 3.5 2.9203
29204 3.5 2.9204000000000003
29205 3.5 2.9205
29206 3.5 2.9206000000000003
29207 3.5 2.9207
29208 3.5 2.9208000000000003
29209 3.5 2.9209
29210 3.5 2.9210000000000003
29211 3.5 2.9211
29212 3.5 2.9212000000000002
29213 3.5 2.9213
29214 3.5 2.9214
29215 3.5 2.9215
29216 3.5 2.9216
29217 3.5 2.9217
29218 3.5 2.9218
29219 3.5 2.9219
29220 3.5 2.922
29221 3.5 2.9221
29222 3.5 2.9222
29223 3.5 2.9223000000000003
29224 3.5 2.9224
29225 3.5 2.9225000000000003
29226 3.5 2.9226
29227 3.5 2.9227000000000003
29228 3.5 2.9228
29229 3.5 2.9229000000000003
29230 3.5 2.923
29231 3.5 2.9231000000000003
29232 3.5 2.9232
29233 3.5 2.9233000000000002
29234 3.5 2.9234
29235 3.5 2.9235
29236 3.5 2.9236
29237 3.5 2.9237
29238 3.5 2.9238
29239 3.5 2.9239
29240 3.5 2.924
29241 3.5 2.9241
29242 3.5 2.9242000000000004
29243 3.5 2.9243
29244 3.5 2.9244000000000003
29245 3.5 2.9245
29246 3.5 2.9246000000000003
29247 3.5 2.9247
29248 3.5 2.9248000000000003
29249 3.5 2.9249
29250 3.5 2.9250000000000003
29251 3.5 2.9251
29252 3.5 2.9252000000000002
29253 3.5 2.9253
29254 3.5 2.9254000000000002
29255 3.5 2.9255
29256 3.5 2.9256
29257 3.5 2.9257
29258 3.5 2.9258
29259 3.5 2.9259
29260 3.5 2.926
29261 3.5 2.9261
29262 3.5 2.9262
29263 3.5 2.9263000000000003
29264 3.5 2.9264
29265 3.5 2.9265000000000003
29266 3.5 2.9266
29267 3.5 2.9267000000000003
29268 3.5 2.9268
29269 3.5 2.9269000000000003
29270 3.5 2.927
29271 3.5 2.9271000000000003
29272 3.5 2.9272
29273 3.5 2.9273000000000002
29274 3.5 2.9274
29275 3.5 2.9275
29276 3.5 2.9276
29277 3.5 2.9277
29278 3.5 2.9278
29279 3.5 2.9279
29280 3.5 2.928
29281 3.5 2.9281
29282 3.5 2.9282000000000004
29283 3.5 2.9283
29284 3.5 2.9284000000000003
29285 3.5 2.9285
29286 3.5 2.9286000000000003
29287 3.5 2.9287
29288 3.5 2.9288000000000003
29289 3.5 2.9289
29290 3.5 2.9290000000000003
29291 3.5 2.9291
29292 3.5 2.9292000000000002
29293 3.5 2.9293
29294 3.5 2.9294000000000002
29295 3.5 2.9295
29296 3.5 2.9296
29297 3.5 2.9297
29298 3.5 2.9298
29299 3.5 2.9299
29300 3.5 2.93
29301 3.5 2.9301
29302 3.5 2.9302
29303 3.5 2.9303000000000003
29304 3.5 2.9304
29305 3.5 2.9305000000000003
29306 3.5 2.9306
29307 3.5 2.9307000000000003
29308 3.5 2.9308
29309 3.5 2.9309000000000003
29310 3.5 2.931
29311 3.5 2.9311000000000003
29312 3.5 2.9312
29313 3.5 2.9313000000000002
29314 3.5 2.9314
29315 3.5 2.9315
29316 3.5 2.9316
29317 3.5 2.9317
29318 3.5 2.9318
29319 3.5 2.9319
29320 3.5 2.932
29321 3.5 2.9321
29322 3.5 2.9322000000000004
29323 3.5 2.9323
29324 3.5 2.9324000000000003
29325 3.5 2.9325
29326 3.5 2.9326000000000003
29327 3.5 2.9327
29328 3.5 2.9328000000000003
29329 3.5 2.9329
29330 3.5 2.9330000000000003
29331 3.5 2.9331
29332 3.5 2.9332000000000003
29333 3.5 2.9333
29334 3.5 2.9334000000000002
29335 3.5 2.9335
29336 3.5 2.9336
29337 3.5 2.9337
29338 3.5 2.9338
29339 3.5 2.9339
29340 3.5 2.934
29341 3.5 2.9341
29342 3.5 2.9342
29343 3.5 2.9343000000000004
29344 3.5 2.9344
29345 3.5 2.9345000000000003
29346 3.5 2.9346
29347 3.5 2.9347000000000003
29348 3.5 2.9348
29349 3.5 2.9349000000000003
29350 3.5 2.935
29351 3.5 2.9351000000000003
29352 3.5 2.9352
29353 3.5 2.9353000000000002
29354 3.5 2.9354
29355 3.5 2.9355
29356 3.5 2.9356
29357 3.5 2.9357
29358 3.5 2.9358
29359 3.5 2.9359
29360 3.5 2.936
29361 3.5 2.9361
29362 3.5 2.9362
29363 3.5 2.9363
29364 3.5 2.9364000000000003
29365 3.5 2.9365
29366 3.5 2.9366000000000003
29367 3.5 2.9367
29368 3.5 2.9368000000000003
29369 3.5 2.9369
29370 3.5 2.9370000000000003
29371 3.5 2.9371
29372 3.5 2.9372000000000003
29373 3.5 2.9373
29374 3.5 2.9374000000000002
29375 3.5 2.9375
29376 3.5 2.9376
29377 3.5 2.9377
29378 3.5 2.9378
29379 3.5 2.9379
29380 3.5 2.938
29381 3.5 2.9381
29382 3.5 2.9382
29383 3.5 2.9383000000000004
29384 3.5 2.9384
29385 3.5 2.9385000000000003
29386 3.5 2.9386
29387 3.5 2.9387000000000003
29388 3.5 2.9388
29389 3.5 2.9389000000000003
29390 3.5 2.939
29391 3.5 2.9391000000000003
29392 3.5 2.9392
29393 3.5 2.9393000000000002
29394 3.5 2.9394
29395 3.5 2.9395000000000002
29396 3.5 2.9396
29397 3.5 2.9397
29398 3.5 2.9398
29399 3.5 2.9399
29400 3.5 2.94
29401 3.5 2.9401
29402 3.5 2.9402
29403 3.5 2.9403
29404 3.5 2.9404000000000003
29405 3.5 2.9405
29406 3.5 2.9406000000000003
29407 3.5 2.9407
29408 3.5 2.9408000000000003
29409 3.5 2.9409
29410 3.5 2.9410000000000003
29411 3.5 2.9411
29412 3.5 2.9412000000000003
29413 3.5 2.9413
29414 3.5 2.9414000000000002
29415 3.5 2.9415
29416 3.5 2.9416
29417 3.5 2.9417
29418 3.5 2.9418
29419 3.5 2.9419
29420 3.5 2.942
29421 3.5 2.9421
29422 3.5 2.9422
29423 3.5 2.9423000000000004
29424 3.5 2.9424
29425 3.5 2.9425000000000003
29426 3.5 2.9426
29427 3.5 2.9427000000000003
29428 3.5 2.9428
29429 3.5 2.9429000000000003
29430 3.5 2.943
29431 3.5 2.9431000000000003
29432 3.5 2.9432
29433 3.5 2.9433000000000002
29434 3.5 2.9434
29435 3.5 2.9435000000000002
29436 3.5 2.9436
29437 3.5 2.9437
29438 3.5 2.9438
29439 3.5 2.9439
29440 3.5 2.944
29441 3.5 2.9441
29442 3.5 2.9442
29443 3.5 2.9443
29444 3.5 2.9444000000000004
29445 3.5 2.9445
29446 3.5 2.9446000000000003
29447 3.5 2.9447
29448 3.5 2.9448000000000003
29449 3.5 2.9449
29450 3.5 2.9450000000000003
29451 3.5 2.9451
29452 3.5 2.9452000000000003
29453 3.5 2.9453
29454 3.5 2.9454000000000002
29455 3.5 2.9455
29456 3.5 2.9456
29457 3.5 2.9457
29458 3.5 2.9458
29459 3.5 2.9459
29460 3.5 2.946
29461 3.5 2.9461
29462 3.5 2.9462
29463 3.5 2.9463000000000004
29464 3.5 2.9464
29465 3.5 2.9465000000000003
29466 3.5 2.9466
29467 3.5 2.9467000000000003
29468 3.5 2.9468
29469 3.5 2.9469000000000003
29470 3.5 2.947
29471 3.5 2.9471000000000003
29472 3.5 2.9472
29473 3.5 2.9473000000000003
29474 3.5 2.9474
29475 3.5 2.9475000000000002
29476 3.5 2.9476
29477 3.5 2.9477
29478 3.5 2.9478
29479 3.5 2.9479
29480 3.5 2.948
29481 3.5 2.9481
29482 3.5 2.9482
29483 3.5 2.9483
29484 3.5 2.9484000000000004
29485 3.5 2.9485
29486 3.5 2.9486000000000003
29487 3.5 2.9487
29488 3.5 2.9488000000000003
29489 3.5 2.9489
29490 3.5 2.9490000000000003
29491 3.5 2.9491
29492 3.5 2.9492000000000003
29493 3.5 2.9493
29494 3.5 2.9494000000000002
29495 3.5 2.9495
29496 3.5 2.9496
29497 3.5 2.9497
29498 3.5 2.9498
29499 3.5 2.9499
29500 3.5 2.95
29501 3.5 2.9501
29502 3.5 2.9502
29503 3.5 2.9503
29504 3.5 2.9504
29505 3.5 2.9505000000000003
29506 3.5 2.9506
29507 3.5 2.9507000000000003
29508 3.5 2.9508
29509 3.5 2.9509000000000003
29510 3.5 2.951
29511 3.5 2.9511000000000003
29512 3.5 2.9512
29513 3.5 2.9513000000000003
29514 3.5 2.9514
29515 3.5 2.9515000000000002
29516 3.5 2.9516
29517 3.5 2.9517
29518 3.5 2.9518
29519 3.5 2.9519
29520 3.5 2.952
29521 3.5 2.9521
29522 3.5 2.9522
29523 3.5 2.9523
29524 3.5 2.9524000000000004
29525 3.5 2.9525
29526 3.5 2.9526000000000003
29527 3.5 2.9527
29528 3.5 2.9528000000000003
29529 3.5 2.9529
29530 3.5 2.9530000000000003
29531 3.5 2.9531
29532 3.5 2.9532000000000003
29533 3.5 2.9533
29534 3.5 2.9534000000000002
29535 3.5 2.9535
29536 3.5 2.9536000000000002
29537 3.5 2.9537
29538 3.5 2.9538
29539 3.5 2.9539
29540 3.5 2.954
29541 3.5 2.9541
29542 3.5 2.9542
29543 3.5 2.9543
29544 3.5 2.9544
29545 3.5 2.9545000000000003
29546 3.5 2.9546
29547 3.5 2.9547000000000003
29548 3.5 2.9548
29549 3.5 2.9549000000000003
29550 3.5 2.955
29551 3.5 2.9551000000000003
29552 3.5 2.9552
29553 3.5 2.9553000000000003
29554 3.5 2.9554
29555 3.5 2.9555000000000002
29556 3.5 2.9556
29557 3.5 2.9557
29558 3.5 2.9558
29559 3.5 2.9559
29560 3.5 2.956
29561 3.5 2.9561
29562 3.5 2.9562
29563 3.5 2.9563
29564 3.5 2.9564000000000004
29565 3.5 2.9565
29566 3.5 2.9566000000000003
29567 3.5 2.9567
29568 3.5 2.9568000000000003
29569 3.5 2.9569
29570 3.5 2.9570000000000003
29571 3.5 2.9571
29572 3.5 2.9572000000000003
29573 3.5 2.9573
29574 3.5 2.9574000000000003
29575 3.5 2.9575
29576 3.5 2.9576000000000002
29577 3.5 2.9577
29578 3.5 2.9578
29579 3.5 2.9579
29580 3.5 2.958
29581 3.5 2.9581
29582 3.5 2.9582
29583 3.5 2.9583
29584 3.5 2.9584
29585 3.5 2.9585000000000004
29586 3.5 2.9586
29587 3.5 2.9587000000000003
29588 3.5 2.9588
29589 3.5 2.9589000000000003
29590 3.5 2.959
29591 3.5 2.9591000000000003
29592 3.5 2.9592
29593 3.5 2.9593000000000003
29594 3.5 2.9594
29595 3.5 2.9595000000000002
29596 3.5 2.9596
29597 3.5 2.9597
29598 3.5 2.9598
29599 3.5 2.9599
29600 3.5 2.96
29601 3.5 2.9601
29602 3.5 2.9602
29603 3.5 2.9603
29604 3.5 2.9604
29605 3.5 2.9605
29606 3.5 2.9606000000000003
29607 3.5 2.9607
29608 3.5 2.9608000000000003
29609 3.5 2.9609
29610 3.5 2.9610000000000003
29611 3.5 2.9611
29612 3.5 2.9612000000000003
29613 3.5 2.9613
29614 3.5 2.9614000000000003
29615 3.5 2.9615
29616 3.5 2.9616000000000002
29617 3.5 2.9617
29618 3.5 2.9618
29619 3.5 2.9619
29620 3.5 2.962
29621 3.5 2.9621
29622 3.5 2.9622
29623 3.5 2.9623
29624 3.5 2.9624
29625 3.5 2.9625000000000004
29626 3.5 2.9626
29627 3.5 2.9627000000000003
29628 3.5 2.9628
29629 3.5 2.9629000000000003
29630 3.5 2.963
29631 3.5 2.9631000000000003
29632 3.5 2.9632
29633 3.5 2.9633000000000003
29634 3.5 2.9634
29635 3.5 2.9635000000000002
29636 3.5 2.9636
29637 3.5 2.9637000000000002
29638 3.5 2.9638
29639 3.5 2.9639
29640 3.5 2.964
29641 3.5 2.9641
29642 3.5 2.9642
29643 3.5 2.9643
29644 3.5 2.9644
29645 3.5 2.9645
29646 3.5 2.9646000000000003
29647 3.5 2.9647
29648 3.5 2.9648000000000003
29649 3.5 2.9649
29650 3.5 2.9650000000000003
29651 3.5 2.9651
29652 3.5 2.9652000000000003
29653 3.5 2.9653
29654 3.5 2.9654000000000003
29655 3.5 2.9655
29656 3.5 2.9656000000000002
29657 3.5 2.9657
29658 3.5 2.9658
29659 3.5 2.9659
29660 3.5 2.966
29661 3.5 2.9661
29662 3.5 2.9662
29663 3.5 2.9663
29664 3.5 2.9664
29665 3.5 2.9665000000000004
29666 3.5 2.9666
29667 3.5 2.9667000000000003
29668 3.5 2.9668
29669 3.5 2.9669000000000003
29670 3.5 2.967
29671 3.5 2.9671000000000003
29672 3.5 2.9672
29673 3.5 2.9673000000000003
29674 3.5 2.9674
29675 3.5 2.9675000000000002
29676 3.5 2.9676
29677 3.5 2.9677000000000002
29678 3.5 2.9678
29679 3.5 2.9679
29680 3.5 2.968
29681 3.5 2.9681
29682 3.5 2.9682
29683 3.5 2.9683
29684 3.5 2.9684
29685 3.5 2.9685
29686 3.5 2.9686000000000003
29687 3.5 2.9687
29688 3.5 2.9688000000000003
29689 3.5 2.9689
29690 3.5 2.9690000000000003
29691 3.5 2.9691
29692 3.5 2.9692000000000003
29693 3.5 2.9693
29694 3.5 2.9694000000000003
29695 3.5 2.9695
29696 3.5 2.9696000000000002
29697 3.5 2.9697
29698 3.5 2.9698
29699 3.5 2.9699
29700 3.5 2.97
29701 3.5 2.9701
29702 3.5 2.9702
29703 3.5 2.9703
29704 3.5 2.9704
29705 3.5 2.9705000000000004
29706 3.5 2.9706
29707 3.5 2.9707000000000003
29708 3.5 2.9708
29709 3.5 2.9709000000000003
29710 3.5 2.971
29711 3.5 2.9711000000000003
29712 3.5 2.9712
29713 3.5 2.9713000000000003
29714 3.5 2.9714
29715 3.5 2.9715000000000003
29716 3.5 2.9716
29717 3.5 2.9717000000000002
29718 3.5 2.9718
29719 3.5 2.9719
29720 3.5 2.972
29721 3.5 2.9721
29722 3.5 2.9722
29723 3.5 2.9723
29724 3.5 2.9724
29725 3.5 2.9725
29726 3.5 2.9726000000000004
29727 3.5 2.9727
29728 3.5 2.9728000000000003
29729 3.5 2.9729
29730 3.5 2.9730000000000003
29731 3.5 2.9731
29732 3.5 2.9732000000000003
29733 3.5 2.9733
29734 3.5 2.9734000000000003
29735 3.5 2.9735
29736 3.5 2.9736000000000002
29737 3.5 2.9737
29738 3.5 2.9738
29739 3.5 2.9739
29740 3.5 2.974
29741 3.5 2.9741
29742 3.5 2.9742
29743 3.5 2.9743
29744 3.5 2.9744
29745 3.5 2.9745
29746 3.5 2.9746
29747 3.5 2.9747000000000003
29748 3.5 2.9748
29749 3.5 2.9749000000000003
29750 3.5 2.975
29751 3.5 2.9751000000000003
29752 3.5 2.9752
29753 3.5 2.9753000000000003
29754 3.5 2.9754
29755 3.5 2.9755000000000003
29756 3.5 2.9756
29757 3.5 2.9757000000000002
29758 3.5 2.9758
29759 3.5 2.9759
29760 3.5 2.976
29761 3.5 2.9761
29762 3.5 2.9762
29763 3.5 2.9763
29764 3.5 2.9764
29765 3.5 2.9765
29766 3.5 2.9766000000000004
29767 3.5 2.9767
29768 3.5 2.9768000000000003
29769 3.5 2.9769
29770 3.5 2.9770000000000003
29771 3.5 2.9771
29772 3.5 2.9772000000000003
29773 3.5 2.9773
29774 3.5 2.9774000000000003
29775 3.5 2.9775
29776 3.5 2.9776000000000002
29777 3.5 2.9777
29778 3.5 2.9778000000000002
29779 3.5 2.9779
29780 3.5 2.978
29781 3.5 2.9781
29782 3.5 2.9782
29783 3.5 2.9783
29784 3.5 2.9784
29785 3.5 2.9785
29786 3.5 2.9786
29787 3.5 2.9787000000000003
29788 3.5 2.9788
29789 3.5 2.9789000000000003
29790 3.5 2.979
29791 3.5 2.9791000000000003
29792 3.5 2.9792
29793 3.5 2.9793000000000003
29794 3.5 2.9794
29795 3.5 2.9795000000000003
29796 3.5 2.9796
29797 3.5 2.9797000000000002
29798 3.5 2.9798
29799 3.5 2.9799
29800 3.5 2.98
29801 3.5 2.9801
29802 3.5 2.9802
29803 3.5 2.9803
29804 3.5 2.9804
29805 3.5 2.9805
29806 3.5 2.9806000000000004
29807 3.5 2.9807
29808 3.5 2.9808000000000003
29809 3.5 2.9809
29810 3.5 2.9810000000000003
29811 3.5 2.9811
29812 3.5 2.9812000000000003
29813 3.5 2.9813
29814 3.5 2.9814000000000003
29815 3.5 2.9815
29816 3.5 2.9816000000000003
29817 3.5 2.9817
29818 3.5 2.9818000000000002
29819 3.5 2.9819
29820 3.5 2.982
29821 3.5 2.9821
29822 3.5 2.9822
29823 3.5 2.9823
29824 3.5 2.9824
29825 3.5 2.9825
29826 3.5 2.9826
29827 3.5 2.9827000000000004
29828 3.5 2.9828
29829 3.5 2.9829000000000003
29830 3.5 2.983
29831 3.5 2.9831000000000003
29832 3.5 2.9832
29833 3.5 2.9833000000000003
29834 3.5 2.9834
29835 3.5 2.9835000000000003
29836 3.5 2.9836
29837 3.5 2.9837000000000002
29838 3.5 2.9838
29839 3.5 2.9839
29840 3.5 2.984
29841 3.5 2.9841
29842 3.5 2.9842
29843 3.5 2.9843
29844 3.5 2.9844
29845 3.5 2.9845
29846 3.5 2.9846000000000004
29847 3.5 2.9847
29848 3.5 2.9848000000000003
29849 3.5 2.9849
29850 3.5 2.9850000000000003
29851 3.5 2.9851
29852 3.5 2.9852000000000003
29853 3.5 2.9853
29854 3.5 2.9854000000000003
29855 3.5 2.9855
29856 3.5 2.9856000000000003
29857 3.5 2.9857
29858 3.5 2.9858000000000002
29859 3.5 2.9859
29860 3.5 2.986
29861 3.5 2.9861
29862 3.5 2.9862
29863 3.5 2.9863
29864 3.5 2.9864
29865 3.5 2.9865
29866 3.5 2.9866
29867 3.5 2.9867000000000004
29868 3.5 2.9868
29869 3.5 2.9869000000000003
29870 3.5 2.987
29871 3.5 2.9871000000000003
29872 3.5 2.9872
29873 3.5 2.9873000000000003
29874 3.5 2.9874
29875 3.5 2.9875000000000003
29876 3.5 2.9876
29877 3.5 2.9877000000000002
29878 3.5 2.9878
29879 3.5 2.9879000000000002
29880 3.5 2.988
29881 3.5 2.9881
29882 3.5 2.9882
29883 3.5 2.9883
29884 3.5 2.9884
29885 3.5 2.9885
29886 3.5 2.9886
29887 3.5 2.9887
29888 3.5 2.9888000000000003
29889 3.5 2.9889
29890 3.5 2.9890000000000003
29891 3.5 2.9891
29892 3.5 2.9892000000000003
29893 3.5 2.9893
29894 3.5 2.9894000000000003
29895 3.5 2.9895
29896 3.5 2.9896000000000003
29897 3.5 2.9897
29898 3.5 2.9898000000000002
29899 3.5 2.9899
29900 3.5 2.99
29901 3.5 2.9901
29902 3.5 2.9902
29903 3.5 2.9903
29904 3.5 2.9904
29905 3.5 2.9905
29906 3.5 2.9906
29907 3.5 2.9907000000000004
29908 3.5 2.9908
29909 3.5 2.9909000000000003
29910 3.5 2.991
29911 3.5 2.9911000000000003
29912 3.5 2.9912
29913 3.5 2.9913000000000003
29914 3.5 2.9914
29915 3.5 2.9915000000000003
29916 3.5 2.9916
29917 3.5 2.9917000000000002
29918 3.5 2.9918
29919 3.5 2.9919000000000002
29920 3.5 2.992
29921 3.5 2.9921
29922 3.5 2.9922
29923 3.5 2.9923
29924 3.5 2.9924
29925 3.5 2.9925
29926 3.5 2.9926
29927 3.5 2.9927
29928 3.5 2.9928000000000003
29929 3.5 2.9929
29930 3.5 2.9930000000000003
29931 3.5 2.9931
29932 3.5 2.9932000000000003
29933 3.5 2.9933
29934 3.5 2.9934000000000003
29935 3.5 2.9935
29936 3.5 2.9936000000000003
29937 3.5 2.9937
29938 3.5 2.9938000000000002
29939 3.5 2.9939
29940 3.5 2.994
29941 3.5 2.9941
29942 3.5 2.9942
29943 3.5 2.9943
29944 3.5 2.9944
29945 3.5 2.9945
29946 3.5 2.9946
29947 3.5 2.9947000000000004
29948 3.5 2.9948
29949 3.5 2.9949000000000003
29950 3.5 2.995
29951 3.5 2.9951000000000003
29952 3.5 2.9952
29953 3.5 2.9953000000000003
29954 3.5 2.9954
29955 3.5 2.9955000000000003
29956 3.5 2.9956
29957 3.5 2.9957000000000003
29958 3.5 2.9958
29959 3.5 2.9959000000000002
29960 3.5 2.996
29961 3.5 2.9961
29962 3.5 2.9962
29963 3.5 2.9963
29964 3.5 2.9964
29965 3.5 2.9965
29966 3.5 2.9966
29967 3.5 2.9967
29968 3.5 2.9968000000000004
29969 3.5 2.9969
29970 3.5 2.9970000000000003
29971 3.5 2.9971
29972 3.5 2.9972000000000003
29973 3.5 2.9973
29974 3.5 2.9974000000000003
29975 3.5 2.9975
29976 3.5 2.9976000000000003
29977 3.5 2.9977
29978 3.5 2.9978000000000002
29979 3.5 2.9979
29980 3.5 2.998
29981 3.5 2.9981
29982 3.5 2.9982
29983 3.5 2.9983
29984 3.5 2.9984
29985 3.5 2.9985
29986 3.5 2.9986
29987 3.5 2.9987000000000004
29988 3.5 2.9988
29989 3.5 2.9989000000000003
29990 3.5 2.999
29991 3.5 2.9991000000000003
29992 3.5 2.9992
29993 3.5 2.9993000000000003
29994 3.5 2.9994
29995 3.5 2.9995000000000003
29996 3.5 2.9996
29997 3.5 2.9997000000000003
29998 3.5 2.9998
29999 3.5 2.9999000000000002
30000 3.5 3.0
30001 3.5 3.0001
30002 3.5 3.0002
30003 3.5 3.0003
30004 3.5 3.0004
30005 3.5 3.0005
30006 3.5 3.0006
30007 3.5 3.0007
30008 3.5 3.0008000000000004
30009 3.5 3.0009
30010 3.5 3.0010000000000003
30011 3.5 3.0011
30012 3.5 3.0012000000000003
30013 3.5 3.0013
30014 3.5 3.0014000000000003
30015 3.5 3.0015
30016 3.5 3.0016000000000003
30017 3.5 3.0017
30018 3.5 3.0018000000000002
30019 3.5 3.0019
30020 3.5 3.0020000000000002
30021 3.5 3.0021
30022 3.5 3.0022
30023 3.5 3.0023
30024 3.5 3.0024
30025 3.5 3.0025
30026 3.5 3.0026
30027 3.5 3.0027
30028 3.5 3.0028
30029 3.5 3.0029000000000003
30030 3.5 3.003
30031 3.5 3.0031000000000003
30032 3.5 3.0032
30033 3.5 3.0033000000000003
30034 3.5 3.0034
30035 3.5 3.0035000000000003
30036 3.5 3.0036
30037 3.5 3.0037000000000003
30038 3.5 3.0038
30039 3.5 3.0039000000000002
30040 3.5 3.004
30041 3.5 3.0041
30042 3.5 3.0042
30043 3.5 3.0043
30044 3.5 3.0044
30045 3.5 3.0045
30046 3.5 3.0046
30047 3.5 3.0047
30048 3.5 3.0048000000000004
30049 3.5 3.0049
30050 3.5 3.0050000000000003
30051 3.5 3.0051
30052 3.5 3.0052000000000003
30053 3.5 3.0053
30054 3.5 3.0054000000000003
30055 3.5 3.0055
30056 3.5 3.0056000000000003
30057 3.5 3.0057
30058 3.5 3.0058000000000002
30059 3.5 3.0059
30060 3.5 3.0060000000000002
30061 3.5 3.0061
30062 3.5 3.0062
30063 3.5 3.0063
30064 3.5 3.0064
30065 3.5 3.0065
30066 3.5 3.0066
30067 3.5 3.0067
30068 3.5 3.0068
30069 3.5 3.0069000000000004
30070 3.5 3.007
30071 3.5 3.0071000000000003
30072 3.5 3.0072
30073 3.5 3.0073000000000003
30074 3.5 3.0074
30075 3.5 3.0075000000000003
30076 3.5 3.0076
30077 3.5 3.0077000000000003
30078 3.5 3.0078
30079 3.5 3.0079000000000002
30080 3.5 3.008
30081 3.5 3.0081
30082 3.5 3.0082
30083 3.5 3.0083
30084 3.5 3.0084
30085 3.5 3.0085
30086 3.5 3.0086
30087 3.5 3.0087
30088 3.5 3.0088000000000004
30089 3.5 3.0089
30090 3.5 3.0090000000000003
30091 3.5 3.0091
30092 3.5 3.0092000000000003
30093 3.5 3.0093
30094 3.5 3.0094000000000003
30095 3.5 3.0095
30096 3.5 3.0096000000000003
30097 3.5 3.0097
30098 3.5 3.0098000000000003
30099 3.5 3.0099
30100 3.5 3.0100000000000002
30101 3.5 3.0101
30102 3.5 3.0102
30103 3.5 3.0103
30104 3.5 3.0104
30105 3.5 3.0105
30106 3.5 3.0106
30107 3.5 3.0107
30108 3.5 3.0108
30109 3.5 3.0109000000000004
30110 3.5 3.011
30111 3.5 3.0111000000000003
30112 3.5 3.0112
30113 3.5 3.0113000000000003
30114 3.5 3.0114
30115 3.5 3.0115000000000003
30116 3.5 3.0116
30117 3.5 3.0117000000000003
30118 3.5 3.0118
30119 3.5 3.0119000000000002
30120 3.5 3.012
30121 3.5 3.0121
30122 3.5 3.0122
30123 3.5 3.0123
30124 3.5 3.0124
30125 3.5 3.0125
30126 3.5 3.0126
30127 3.5 3.0127
30128 3.5 3.0128
30129 3.5 3.0129
30130 3.5 3.0130000000000003
30131 3.5 3.0131
30132 3.5 3.0132000000000003
30133 3.5 3.0133
30134 3.5 3.0134000000000003
30135 3.5 3.0135
30136 3.5 3.0136000000000003
30137 3.5 3.0137
30138 3.5 3.0138000000000003
30139 3.5 3.0139
30140 3.5 3.0140000000000002
30141 3.5 3.0141
30142 3.5 3.0142
30143 3.5 3.0143
30144 3.5 3.0144
30145 3.5 3.0145
30146 3.5 3.0146
30147 3.5 3.0147
30148 3.5 3.0148
30149 3.5 3.0149000000000004
30150 3.5 3.015
30151 3.5 3.0151000000000003
30152 3.5 3.0152
30153 3.5 3.0153000000000003
30154 3.5 3.0154
30155 3.5 3.0155000000000003
30156 3.5 3.0156
30157 3.5 3.0157000000000003
30158 3.5 3.0158
30159 3.5 3.0159000000000002
30160 3.5 3.016
30161 3.5 3.0161000000000002
30162 3.5 3.0162
30163 3.5 3.0163
30164 3.5 3.0164
30165 3.5 3.0165
30166 3.5 3.0166
30167 3.5 3.0167
30168 3.5 3.0168
30169 3.5 3.0169
30170 3.5 3.0170000000000003
30171 3.5 3.0171
30172 3.5 3.0172000000000003
30173 3.5 3.0173
30174 3.5 3.0174000000000003
30175 3.5 3.0175
30176 3.5 3.0176000000000003
30177 3.5 3.0177
30178 3.5 3.0178000000000003
30179 3.5 3.0179
30180 3.5 3.0180000000000002
30181 3.5 3.0181
30182 3.5 3.0182
30183 3.5 3.0183
30184 3.5 3.0184
30185 3.5 3.0185
30186 3.5 3.0186
30187 3.5 3.0187
30188 3.5 3.0188
30189 3.5 3.0189000000000004
30190 3.5 3.019
30191 3.5 3.0191000000000003
30192 3.5 3.0192
30193 3.5 3.0193000000000003
30194 3.5 3.0194
30195 3.5 3.0195000000000003
30196 3.5 3.0196
30197 3.5 3.0197000000000003
30198 3.5 3.0198
30199 3.5 3.0199000000000003
30200 3.5 3.02
30201 3.5 3.0201000000000002
30202 3.5 3.0202
30203 3.5 3.0203
30204 3.5 3.0204
30205 3.5 3.0205
30206 3.5 3.0206
30207 3.5 3.0207
30208 3.5 3.0208
30209 3.5 3.0209
30210 3.5 3.0210000000000004
30211 3.5 3.0211
30212 3.5 3.0212000000000003
30213 3.5 3.0213
30214 3.5 3.0214000000000003
30215 3.5 3.0215
30216 3.5 3.0216000000000003
30217 3.5 3.0217
30218 3.5 3.0218000000000003
30219 3.5 3.0219
30220 3.5 3.0220000000000002
30221 3.5 3.0221
30222 3.5 3.0222
30223 3.5 3.0223
30224 3.5 3.0224
30225 3.5 3.0225
30226 3.5 3.0226
30227 3.5 3.0227
30228 3.5 3.0228
30229 3.5 3.0229000000000004
30230 3.5 3.023
30231 3.5 3.0231000000000003
30232 3.5 3.0232
30233 3.5 3.0233000000000003
30234 3.5 3.0234
30235 3.5 3.0235000000000003
30236 3.5 3.0236
30237 3.5 3.0237000000000003
30238 3.5 3.0238
30239 3.5 3.0239000000000003
30240 3.5 3.024
30241 3.5 3.0241000000000002
30242 3.5 3.0242
30243 3.5 3.0243
30244 3.5 3.0244
30245 3.5 3.0245
30246 3.5 3.0246
30247 3.5 3.0247
30248 3.5 3.0248
30249 3.5 3.0249
30250 3.5 3.0250000000000004
30251 3.5 3.0251
30252 3.5 3.0252000000000003
30253 3.5 3.0253
30254 3.5 3.0254000000000003
30255 3.5 3.0255
30256 3.5 3.0256000000000003
30257 3.5 3.0257
30258 3.5 3.0258000000000003
30259 3.5 3.0259
30260 3.5 3.0260000000000002
30261 3.5 3.0261
30262 3.5 3.0262000000000002
30263 3.5 3.0263
30264 3.5 3.0264
30265 3.5 3.0265
30266 3.5 3.0266
30267 3.5 3.0267
30268 3.5 3.0268
30269 3.5 3.0269
30270 3.5 3.027
30271 3.5 3.0271000000000003
30272 3.5 3.0272
30273 3.5 3.0273000000000003
30274 3.5 3.0274
30275 3.5 3.0275000000000003
30276 3.5 3.0276
30277 3.5 3.0277000000000003
30278 3.5 3.0278
30279 3.5 3.0279000000000003
30280 3.5 3.028
30281 3.5 3.0281000000000002
30282 3.5 3.0282
30283 3.5 3.0283
30284 3.5 3.0284
30285 3.5 3.0285
30286 3.5 3.0286
30287 3.5 3.0287
30288 3.5 3.0288
30289 3.5 3.0289
30290 3.5 3.0290000000000004
30291 3.5 3.0291
30292 3.5 3.0292000000000003
30293 3.5 3.0293
30294 3.5 3.0294000000000003
30295 3.5 3.0295
30296 3.5 3.0296000000000003
30297 3.5 3.0297
30298 3.5 3.0298000000000003
30299 3.5 3.0299
30300 3.5 3.0300000000000002
30301 3.5 3.0301
30302 3.5 3.0302000000000002
30303 3.5 3.0303
30304 3.5 3.0304
30305 3.5 3.0305
30306 3.5 3.0306
30307 3.5 3.0307
30308 3.5 3.0308
30309 3.5 3.0309
30310 3.5 3.031
30311 3.5 3.0311000000000003
30312 3.5 3.0312
30313 3.5 3.0313000000000003
30314 3.5 3.0314
30315 3.5 3.0315000000000003
30316 3.5 3.0316
30317 3.5 3.0317000000000003
30318 3.5 3.0318
30319 3.5 3.0319000000000003
30320 3.5 3.032
30321 3.5 3.0321000000000002
30322 3.5 3.0322
30323 3.5 3.0323
30324 3.5 3.0324
30325 3.5 3.0325
30326 3.5 3.0326
30327 3.5 3.0327
30328 3.5 3.0328
30329 3.5 3.0329
30330 3.5 3.0330000000000004
30331 3.5 3.0331
30332 3.5 3.0332000000000003
30333 3.5 3.0333
30334 3.5 3.0334000000000003
30335 3.5 3.0335
30336 3.5 3.0336000000000003
30337 3.5 3.0337
30338 3.5 3.0338000000000003
30339 3.5 3.0339
30340 3.5 3.0340000000000003
30341 3.5 3.0341
30342 3.5 3.0342000000000002
30343 3.5 3.0343
30344 3.5 3.0344
30345 3.5 3.0345
30346 3.5 3.0346
30347 3.5 3.0347
30348 3.5 3.0348
30349 3.5 3.0349
30350 3.5 3.035
30351 3.5 3.0351000000000004
30352 3.5 3.0352
30353 3.5 3.0353000000000003
30354 3.5 3.0354
30355 3.5 3.0355000000000003
30356 3.5 3.0356
30357 3.5 3.0357000000000003
30358 3.5 3.0358
30359 3.5 3.0359000000000003
30360 3.5 3.036
30361 3.5 3.0361000000000002
30362 3.5 3.0362
30363 3.5 3.0363
30364 3.5 3.0364
30365 3.5 3.0365
30366 3.5 3.0366
30367 3.5 3.0367
30368 3.5 3.0368
30369 3.5 3.0369
30370 3.5 3.0370000000000004
30371 3.5 3.0371
30372 3.5 3.0372000000000003
30373 3.5 3.0373
30374 3.5 3.0374000000000003
30375 3.5 3.0375
30376 3.5 3.0376000000000003
30377 3.5 3.0377
30378 3.5 3.0378000000000003
30379 3.5 3.0379
30380 3.5 3.0380000000000003
30381 3.5 3.0381
30382 3.5 3.0382000000000002
30383 3.5 3.0383
30384 3.5 3.0384
30385 3.5 3.0385
30386 3.5 3.0386
30387 3.5 3.0387
30388 3.5 3.0388
30389 3.5 3.0389
30390 3.5 3.039
30391 3.5 3.0391000000000004
30392 3.5 3.0392
30393 3.5 3.0393000000000003
30394 3.5 3.0394
30395 3.5 3.0395000000000003
30396 3.5 3.0396
30397 3.5 3.0397000000000003
30398 3.5 3.0398
30399 3.5 3.0399000000000003
30400 3.5 3.04
30401 3.5 3.0401000000000002
30402 3.5 3.0402
30403 3.5 3.0403000000000002
30404 3.5 3.0404
30405 3.5 3.0405
30406 3.5 3.0406
30407 3.5 3.0407
30408 3.5 3.0408
30409 3.5 3.0409
30410 3.5 3.041
30411 3.5 3.0411
30412 3.5 3.0412000000000003
30413 3.5 3.0413
30414 3.5 3.0414000000000003
30415 3.5 3.0415
30416 3.5 3.0416000000000003
30417 3.5 3.0417
30418 3.5 3.0418000000000003
30419 3.5 3.0419
30420 3.5 3.0420000000000003
30421 3.5 3.0421
30422 3.5 3.0422000000000002
30423 3.5 3.0423
30424 3.5 3.0424
30425 3.5 3.0425
30426 3.5 3.0426
30427 3.5 3.0427
30428 3.5 3.0428
30429 3.5 3.0429
30430 3.5 3.043
30431 3.5 3.0431000000000004
30432 3.5 3.0432
30433 3.5 3.0433000000000003
30434 3.5 3.0434
30435 3.5 3.0435000000000003
30436 3.5 3.0436
30437 3.5 3.0437000000000003
30438 3.5 3.0438
30439 3.5 3.0439000000000003
30440 3.5 3.044
30441 3.5 3.0441000000000003
30442 3.5 3.0442
30443 3.5 3.0443000000000002
30444 3.5 3.0444
30445 3.5 3.0445
30446 3.5 3.0446
30447 3.5 3.0447
30448 3.5 3.0448
30449 3.5 3.0449
30450 3.5 3.045
30451 3.5 3.0451
30452 3.5 3.0452000000000004
30453 3.5 3.0453
30454 3.5 3.0454000000000003
30455 3.5 3.0455
30456 3.5 3.0456000000000003
30457 3.5 3.0457
30458 3.5 3.0458000000000003
30459 3.5 3.0459
30460 3.5 3.0460000000000003
30461 3.5 3.0461
30462 3.5 3.0462000000000002
30463 3.5 3.0463
30464 3.5 3.0464
30465 3.5 3.0465
30466 3.5 3.0466
30467 3.5 3.0467
30468 3.5 3.0468
30469 3.5 3.0469
30470 3.5 3.047
30471 3.5 3.0471000000000004
30472 3.5 3.0472
30473 3.5 3.0473000000000003
30474 3.5 3.0474
30475 3.5 3.0475000000000003
30476 3.5 3.0476
30477 3.5 3.0477000000000003
30478 3.5 3.0478
30479 3.5 3.0479000000000003
30480 3.5 3.048
30481 3.5 3.0481000000000003
30482 3.5 3.0482
30483 3.5 3.0483000000000002
30484 3.5 3.0484
30485 3.5 3.0485
30486 3.5 3.0486
30487 3.5 3.0487
30488 3.5 3.0488
30489 3.5 3.0489
30490 3.5 3.049
30491 3.5 3.0491
30492 3.5 3.0492000000000004
30493 3.5 3.0493
30494 3.5 3.0494000000000003
30495 3.5 3.0495
30496 3.5 3.0496000000000003
30497 3.5 3.0497
30498 3.5 3.0498000000000003
30499 3.5 3.0499
30500 3.5 3.0500000000000003
30501 3.5 3.0501
30502 3.5 3.0502000000000002
30503 3.5 3.0503
30504 3.5 3.0504000000000002
30505 3.5 3.0505
30506 3.5 3.0506
30507 3.5 3.0507
30508 3.5 3.0508
30509 3.5 3.0509
30510 3.5 3.051
30511 3.5 3.0511000000000004
30512 3.5 3.0512
30513 3.5 3.0513000000000003
30514 3.5 3.0514
30515 3.5 3.0515000000000003
30516 3.5 3.0516
30517 3.5 3.0517000000000003
30518 3.5 3.0518
30519 3.5 3.0519000000000003
30520 3.5 3.052
30521 3.5 3.0521000000000003
30522 3.5 3.0522
30523 3.5 3.0523000000000002
30524 3.5 3.0524
30525 3.5 3.0525
30526 3.5 3.0526
30527 3.5 3.0527
30528 3.5 3.0528
30529 3.5 3.0529
30530 3.5 3.053
30531 3.5 3.0531
30532 3.5 3.0532000000000004
30533 3.5 3.0533
30534 3.5 3.0534000000000003
30535 3.5 3.0535
30536 3.5 3.0536000000000003
30537 3.5 3.0537
30538 3.5 3.0538000000000003
30539 3.5 3.0539
30540 3.5 3.0540000000000003
30541 3.5 3.0541
30542 3.5 3.0542000000000002
30543 3.5 3.0543
30544 3.5 3.0544000000000002
30545 3.5 3.0545
30546 3.5 3.0546
30547 3.5 3.0547
30548 3.5 3.0548
30549 3.5 3.0549
30550 3.5 3.055
30551 3.5 3.0551
30552 3.5 3.0552
30553 3.5 3.0553000000000003
30554 3.5 3.0554
30555 3.5 3.0555000000000003
30556 3.5 3.0556
30557 3.5 3.0557000000000003
30558 3.5 3.0558
30559 3.5 3.0559000000000003
30560 3.5 3.056
30561 3.5 3.0561000000000003
30562 3.5 3.0562
30563 3.5 3.0563000000000002
30564 3.5 3.0564
30565 3.5 3.0565
30566 3.5 3.0566
30567 3.5 3.0567
30568 3.5 3.0568
30569 3.5 3.0569
30570 3.5 3.057
30571 3.5 3.0571
30572 3.5 3.0572000000000004
30573 3.5 3.0573
30574 3.5 3.0574000000000003
30575 3.5 3.0575
30576 3.5 3.0576000000000003
30577 3.5 3.0577
30578 3.5 3.0578000000000003
30579 3.5 3.0579
30580 3.5 3.0580000000000003
30581 3.5 3.0581
30582 3.5 3.0582000000000003
30583 3.5 3.0583
30584 3.5 3.0584000000000002
30585 3.5 3.0585
30586 3.5 3.0586
30587 3.5 3.0587
30588 3.5 3.0588
30589 3.5 3.0589
30590 3.5 3.059
30591 3.5 3.0591
30592 3.5 3.0592
30593 3.5 3.0593000000000004
30594 3.5 3.0594
30595 3.5 3.0595000000000003
30596 3.5 3.0596
30597 3.5 3.0597000000000003
30598 3.5 3.0598
30599 3.5 3.0599000000000003
30600 3.5 3.06
30601 3.5 3.0601000000000003
30602 3.5 3.0602
30603 3.5 3.0603000000000002
30604 3.5 3.0604
30605 3.5 3.0605
30606 3.5 3.0606
30607 3.5 3.0607
30608 3.5 3.0608
30609 3.5 3.0609
30610 3.5 3.061
30611 3.5 3.0611
30612 3.5 3.0612000000000004
30613 3.5 3.0613
30614 3.5 3.0614000000000003
30615 3.5 3.0615
30616 3.5 3.0616000000000003
30617 3.5 3.0617
30618 3.5 3.0618000000000003
30619 3.5 3.0619
30620 3.5 3.0620000000000003
30621 3.5 3.0621
30622 3.5 3.0622000000000003
30623 3.5 3.0623
30624 3.5 3.0624000000000002
30625 3.5 3.0625
30626 3.5 3.0626
30627 3.5 3.0627
30628 3.5 3.0628
30629 3.5 3.0629
30630 3.5 3.063
30631 3.5 3.0631
30632 3.5 3.0632
30633 3.5 3.0633000000000004
30634 3.5 3.0634
30635 3.5 3.0635000000000003
30636 3.5 3.0636
30637 3.5 3.0637000000000003
30638 3.5 3.0638
30639 3.5 3.0639000000000003
30640 3.5 3.064
30641 3.5 3.0641000000000003
30642 3.5 3.0642
30643 3.5 3.0643000000000002
30644 3.5 3.0644
30645 3.5 3.0645000000000002
30646 3.5 3.0646
30647 3.5 3.0647
30648 3.5 3.0648
30649 3.5 3.0649
30650 3.5 3.065
30651 3.5 3.0651
30652 3.5 3.0652000000000004
30653 3.5 3.0653
30654 3.5 3.0654000000000003
30655 3.5 3.0655
30656 3.5 3.0656000000000003
30657 3.5 3.0657
30658 3.5 3.0658000000000003
30659 3.5 3.0659
30660 3.5 3.0660000000000003
30661 3.5 3.0661
30662 3.5 3.0662000000000003
30663 3.5 3.0663
30664 3.5 3.0664000000000002
30665 3.5 3.0665
30666 3.5 3.0666
30667 3.5 3.0667
30668 3.5 3.0668
30669 3.5 3.0669
30670 3.5 3.067
30671 3.5 3.0671
30672 3.5 3.0672
30673 3.5 3.0673000000000004
30674 3.5 3.0674
30675 3.5 3.0675000000000003
30676 3.5 3.0676
30677 3.5 3.0677000000000003
30678 3.5 3.0678
30679 3.5 3.0679000000000003
30680 3.5 3.068
30681 3.5 3.0681000000000003
30682 3.5 3.0682
30683 3.5 3.0683000000000002
30684 3.5 3.0684
30685 3.5 3.0685000000000002
30686 3.5 3.0686
30687 3.5 3.0687
30688 3.5 3.0688
30689 3.5 3.0689
30690 3.5 3.069
30691 3.5 3.0691
30692 3.5 3.0692
30693 3.5 3.0693
30694 3.5 3.0694000000000004
30695 3.5 3.0695
30696 3.5 3.0696000000000003
30697 3.5 3.0697
30698 3.5 3.0698000000000003
30699 3.5 3.0699
30700 3.5 3.0700000000000003
30701 3.5 3.0701
30702 3.5 3.0702000000000003
30703 3.5 3.0703
30704 3.5 3.0704000000000002
30705 3.5 3.0705
30706 3.5 3.0706
30707 3.5 3.0707
30708 3.5 3.0708
30709 3.5 3.0709
30710 3.5 3.071
30711 3.5 3.0711
30712 3.5 3.0712
30713 3.5 3.0713000000000004
30714 3.5 3.0714
30715 3.5 3.0715000000000003
30716 3.5 3.0716
30717 3.5 3.0717000000000003
30718 3.5 3.0718
30719 3.5 3.0719000000000003
30720 3.5 3.072
30721 3.5 3.0721000000000003
30722 3.5 3.0722
30723 3.5 3.0723000000000003
30724 3.5 3.0724
30725 3.5 3.0725000000000002
30726 3.5 3.0726
30727 3.5 3.0727
30728 3.5 3.0728
30729 3.5 3.0729
30730 3.5 3.073
30731 3.5 3.0731
30732 3.5 3.0732
30733 3.5 3.0733
30734 3.5 3.0734000000000004
30735 3.5 3.0735
30736 3.5 3.0736000000000003
30737 3.5 3.0737
30738 3.5 3.0738000000000003
30739 3.5 3.0739
30740 3.5 3.0740000000000003
30741 3.5 3.0741
30742 3.5 3.0742000000000003
30743 3.5 3.0743
30744 3.5 3.0744000000000002
30745 3.5 3.0745
30746 3.5 3.0746
30747 3.5 3.0747
30748 3.5 3.0748
30749 3.5 3.0749
30750 3.5 3.075
30751 3.5 3.0751
30752 3.5 3.0752
30753 3.5 3.0753000000000004
30754 3.5 3.0754
30755 3.5 3.0755000000000003
30756 3.5 3.0756
30757 3.5 3.0757000000000003
30758 3.5 3.0758
30759 3.5 3.0759000000000003
30760 3.5 3.076
30761 3.5 3.0761000000000003
30762 3.5 3.0762
30763 3.5 3.0763000000000003
30764 3.5 3.0764
30765 3.5 3.0765000000000002
30766 3.5 3.0766
30767 3.5 3.0767
30768 3.5 3.0768
30769 3.5 3.0769
30770 3.5 3.077
30771 3.5 3.0771
30772 3.5 3.0772
30773 3.5 3.0773
30774 3.5 3.0774000000000004
30775 3.5 3.0775
30776 3.5 3.0776000000000003
30777 3.5 3.0777
30778 3.5 3.0778000000000003
30779 3.5 3.0779
30780 3.5 3.0780000000000003
30781 3.5 3.0781
30782 3.5 3.0782000000000003
30783 3.5 3.0783
30784 3.5 3.0784000000000002
30785 3.5 3.0785
30786 3.5 3.0786000000000002
30787 3.5 3.0787
30788 3.5 3.0788
30789 3.5 3.0789
30790 3.5 3.079
30791 3.5 3.0791
30792 3.5 3.0792
30793 3.5 3.0793
30794 3.5 3.0794
30795 3.5 3.0795000000000003
30796 3.5 3.0796
30797 3.5 3.0797000000000003
30798 3.5 3.0798
30799 3.5 3.0799000000000003
30800 3.5 3.08
30801 3.5 3.0801000000000003
30802 3.5 3.0802
30803 3.5 3.0803000000000003
30804 3.5 3.0804
30805 3.5 3.0805000000000002
30806 3.5 3.0806
30807 3.5 3.0807
30808 3.5 3.0808
30809 3.5 3.0809
30810 3.5 3.081
30811 3.5 3.0811
30812 3.5 3.0812
30813 3.5 3.0813
30814 3.5 3.0814000000000004
30815 3.5 3.0815
30816 3.5 3.0816000000000003
30817 3.5 3.0817
30818 3.5 3.0818000000000003
30819 3.5 3.0819
30820 3.5 3.0820000000000003
30821 3.5 3.0821
30822 3.5 3.0822000000000003
30823 3.5 3.0823
30824 3.5 3.0824000000000003
30825 3.5 3.0825
30826 3.5 3.0826000000000002
30827 3.5 3.0827
30828 3.5 3.0828
30829 3.5 3.0829
30830 3.5 3.083
30831 3.5 3.0831
30832 3.5 3.0832
30833 3.5 3.0833
30834 3.5 3.0834
30835 3.5 3.0835000000000004
30836 3.5 3.0836
30837 3.5 3.0837000000000003
30838 3.5 3.0838
30839 3.5 3.0839000000000003
30840 3.5 3.084
30841 3.5 3.0841000000000003
30842 3.5 3.0842
30843 3.5 3.0843000000000003
30844 3.5 3.0844
30845 3.5 3.0845000000000002
30846 3.5 3.0846
30847 3.5 3.0847
30848 3.5 3.0848
30849 3.5 3.0849
30850 3.5 3.085
30851 3.5 3.0851
30852 3.5 3.0852
30853 3.5 3.0853
30854 3.5 3.0854000000000004
30855 3.5 3.0855
30856 3.5 3.0856000000000003
30857 3.5 3.0857
30858 3.5 3.0858000000000003
30859 3.5 3.0859
30860 3.5 3.0860000000000003
30861 3.5 3.0861
30862 3.5 3.0862000000000003
30863 3.5 3.0863
30864 3.5 3.0864000000000003
30865 3.5 3.0865
30866 3.5 3.0866000000000002
30867 3.5 3.0867
30868 3.5 3.0868
30869 3.5 3.0869
30870 3.5 3.087
30871 3.5 3.0871
30872 3.5 3.0872
30873 3.5 3.0873
30874 3.5 3.0874
30875 3.5 3.0875000000000004
30876 3.5 3.0876
30877 3.5 3.0877000000000003
30878 3.5 3.0878
30879 3.5 3.0879000000000003
30880 3.5 3.088
30881 3.5 3.0881000000000003
30882 3.5 3.0882
30883 3.5 3.0883000000000003
30884 3.5 3.0884
30885 3.5 3.0885000000000002
30886 3.5 3.0886
30887 3.5 3.0887000000000002
30888 3.5 3.0888
30889 3.5 3.0889
30890 3.5 3.089
30891 3.5 3.0891
30892 3.5 3.0892
30893 3.5 3.0893
30894 3.5 3.0894000000000004
30895 3.5 3.0895
30896 3.5 3.0896000000000003
30897 3.5 3.0897
30898 3.5 3.0898000000000003
30899 3.5 3.0899
30900 3.5 3.0900000000000003
30901 3.5 3.0901
30902 3.5 3.0902000000000003
30903 3.5 3.0903
30904 3.5 3.0904000000000003
30905 3.5 3.0905
30906 3.5 3.0906000000000002
30907 3.5 3.0907
30908 3.5 3.0908
30909 3.5 3.0909
30910 3.5 3.091
30911 3.5 3.0911
30912 3.5 3.0912
30913 3.5 3.0913
30914 3.5 3.0914
30915 3.5 3.0915000000000004
30916 3.5 3.0916
30917 3.5 3.0917000000000003
30918 3.5 3.0918
30919 3.5 3.0919000000000003
30920 3.5 3.092
30921 3.5 3.0921000000000003
30922 3.5 3.0922
30923 3.5 3.0923000000000003
30924 3.5 3.0924
30925 3.5 3.0925000000000002
30926 3.5 3.0926
30927 3.5 3.0927000000000002
30928 3.5 3.0928
30929 3.5 3.0929
30930 3.5 3.093
30931 3.5 3.0931
30932 3.5 3.0932
30933 3.5 3.0933
30934 3.5 3.0934
30935 3.5 3.0935
30936 3.5 3.0936000000000003
30937 3.5 3.0937
30938 3.5 3.0938000000000003
30939 3.5 3.0939
30940 3.5 3.0940000000000003
30941 3.5 3.0941
30942 3.5 3.0942000000000003
30943 3.5 3.0943
30944 3.5 3.0944000000000003
30945 3.5 3.0945
30946 3.5 3.0946000000000002
30947 3.5 3.0947
30948 3.5 3.0948
30949 3.5 3.0949
30950 3.5 3.095
30951 3.5 3.0951
30952 3.5 3.0952
30953 3.5 3.0953
30954 3.5 3.0954
30955 3.5 3.0955000000000004
30956 3.5 3.0956
30957 3.5 3.0957000000000003
30958 3.5 3.0958
30959 3.5 3.0959000000000003
30960 3.5 3.096
30961 3.5 3.0961000000000003
30962 3.5 3.0962
30963 3.5 3.0963000000000003
30964 3.5 3.0964
30965 3.5 3.0965000000000003
30966 3.5 3.0966
30967 3.5 3.0967000000000002
30968 3.5 3.0968
30969 3.5 3.0969
30970 3.5 3.097
30971 3.5 3.0971
30972 3.5 3.0972
30973 3.5 3.0973
30974 3.5 3.0974
30975 3.5 3.0975
30976 3.5 3.0976000000000004
30977 3.5 3.0977
30978 3.5 3.0978000000000003
30979 3.5 3.0979
30980 3.5 3.0980000000000003
30981 3.5 3.0981
30982 3.5 3.0982000000000003
30983 3.5 3.0983
30984 3.5 3.0984000000000003
30985 3.5 3.0985
30986 3.5 3.0986000000000002
30987 3.5 3.0987
30988 3.5 3.0988
30989 3.5 3.0989
30990 3.5 3.099
30991 3.5 3.0991
30992 3.5 3.0992
30993 3.5 3.0993
30994 3.5 3.0994
30995 3.5 3.0995000000000004
30996 3.5 3.0996
30997 3.5 3.0997000000000003
30998 3.5 3.0998
30999 3.5 3.0999000000000003
31000 3.5 3.1
31001 3.5 3.1001000000000003
31002 3.5 3.1002
31003 3.5 3.1003000000000003
31004 3.5 3.1004
31005 3.5 3.1005000000000003
31006 3.5 3.1006
31007 3.5 3.1007000000000002
31008 3.5 3.1008
31009 3.5 3.1009
31010 3.5 3.101
31011 3.5 3.1011
31012 3.5 3.1012
31013 3.5 3.1013
31014 3.5 3.1014
31015 3.5 3.1015
31016 3.5 3.1016000000000004
31017 3.5 3.1017
31018 3.5 3.1018000000000003
31019 3.5 3.1019
31020 3.5 3.1020000000000003
31021 3.5 3.1021
31022 3.5 3.1022000000000003
31023 3.5 3.1023
31024 3.5 3.1024000000000003
31025 3.5 3.1025
31026 3.5 3.1026000000000002
31027 3.5 3.1027
31028 3.5 3.1028000000000002
31029 3.5 3.1029
31030 3.5 3.103
31031 3.5 3.1031
31032 3.5 3.1032
31033 3.5 3.1033
31034 3.5 3.1034
31035 3.5 3.1035000000000004
31036 3.5 3.1036
31037 3.5 3.1037000000000003
31038 3.5 3.1038
31039 3.5 3.1039000000000003
31040 3.5 3.104
31041 3.5 3.1041000000000003
31042 3.5 3.1042
31043 3.5 3.1043000000000003
31044 3.5 3.1044
31045 3.5 3.1045000000000003
31046 3.5 3.1046
31047 3.5 3.1047000000000002
31048 3.5 3.1048
31049 3.5 3.1049
31050 3.5 3.105
31051 3.5 3.1051
31052 3.5 3.1052
31053 3.5 3.1053
31054 3.5 3.1054
31055 3.5 3.1055
31056 3.5 3.1056000000000004
31057 3.5 3.1057
31058 3.5 3.1058000000000003
31059 3.5 3.1059
31060 3.5 3.1060000000000003
31061 3.5 3.1061
31062 3.5 3.1062000000000003
31063 3.5 3.1063
31064 3.5 3.1064000000000003
31065 3.5 3.1065
31066 3.5 3.1066000000000003
31067 3.5 3.1067
31068 3.5 3.1068000000000002
31069 3.5 3.1069
31070 3.5 3.107
31071 3.5 3.1071
31072 3.5 3.1072
31073 3.5 3.1073
31074 3.5 3.1074
31075 3.5 3.1075
31076 3.5 3.1076
31077 3.5 3.1077000000000004
31078 3.5 3.1078
31079 3.5 3.1079000000000003
31080 3.5 3.108
31081 3.5 3.1081000000000003
31082 3.5 3.1082
31083 3.5 3.1083000000000003
31084 3.5 3.1084
31085 3.5 3.1085000000000003
31086 3.5 3.1086
31087 3.5 3.1087000000000002
31088 3.5 3.1088
31089 3.5 3.1089
31090 3.5 3.109
31091 3.5 3.1091
31092 3.5 3.1092
31093 3.5 3.1093
31094 3.5 3.1094
31095 3.5 3.1095
31096 3.5 3.1096000000000004
31097 3.5 3.1097
31098 3.5 3.1098000000000003
31099 3.5 3.1099
31100 3.5 3.1100000000000003
31101 3.5 3.1101
31102 3.5 3.1102000000000003
31103 3.5 3.1103
31104 3.5 3.1104000000000003
31105 3.5 3.1105
31106 3.5 3.1106000000000003
31107 3.5 3.1107
31108 3.5 3.1108000000000002
31109 3.5 3.1109
31110 3.5 3.111
31111 3.5 3.1111
31112 3.5 3.1112
31113 3.5 3.1113
31114 3.5 3.1114
31115 3.5 3.1115
31116 3.5 3.1116
31117 3.5 3.1117000000000004
31118 3.5 3.1118
31119 3.5 3.1119000000000003
31120 3.5 3.112
31121 3.5 3.1121000000000003
31122 3.5 3.1122
31123 3.5 3.1123000000000003
31124 3.5 3.1124
31125 3.5 3.1125000000000003
31126 3.5 3.1126
31127 3.5 3.1127000000000002
31128 3.5 3.1128
31129 3.5 3.1129000000000002
31130 3.5 3.113
31131 3.5 3.1131
31132 3.5 3.1132
31133 3.5 3.1133
31134 3.5 3.1134
31135 3.5 3.1135
31136 3.5 3.1136000000000004
31137 3.5 3.1137
31138 3.5 3.1138000000000003
31139 3.5 3.1139
31140 3.5 3.1140000000000003
31141 3.5 3.1141
31142 3.5 3.1142000000000003
31143 3.5 3.1143
31144 3.5 3.1144000000000003
31145 3.5 3.1145
31146 3.5 3.1146000000000003
31147 3.5 3.1147
31148 3.5 3.1148000000000002
31149 3.5 3.1149
31150 3.5 3.115
31151 3.5 3.1151
31152 3.5 3.1152
31153 3.5 3.1153
31154 3.5 3.1154
31155 3.5 3.1155
31156 3.5 3.1156
31157 3.5 3.1157000000000004
31158 3.5 3.1158
31159 3.5 3.1159000000000003
31160 3.5 3.116
31161 3.5 3.1161000000000003
31162 3.5 3.1162
31163 3.5 3.1163000000000003
31164 3.5 3.1164
31165 3.5 3.1165000000000003
31166 3.5 3.1166
31167 3.5 3.1167000000000002
31168 3.5 3.1168
31169 3.5 3.1169000000000002
31170 3.5 3.117
31171 3.5 3.1171
31172 3.5 3.1172
31173 3.5 3.1173
31174 3.5 3.1174
31175 3.5 3.1175
31176 3.5 3.1176000000000004
31177 3.5 3.1177
31178 3.5 3.1178000000000003
31179 3.5 3.1179
31180 3.5 3.1180000000000003
31181 3.5 3.1181
31182 3.5 3.1182000000000003
31183 3.5 3.1183
31184 3.5 3.1184000000000003
31185 3.5 3.1185
31186 3.5 3.1186000000000003
31187 3.5 3.1187
31188 3.5 3.1188000000000002
31189 3.5 3.1189
31190 3.5 3.119
31191 3.5 3.1191
31192 3.5 3.1192
31193 3.5 3.1193
31194 3.5 3.1194
31195 3.5 3.1195
31196 3.5 3.1196
31197 3.5 3.1197000000000004
31198 3.5 3.1198
31199 3.5 3.1199000000000003
31200 3.5 3.12
31201 3.5 3.1201000000000003
31202 3.5 3.1202
31203 3.5 3.1203000000000003
31204 3.5 3.1204
31205 3.5 3.1205000000000003
31206 3.5 3.1206
31207 3.5 3.1207000000000003
31208 3.5 3.1208
31209 3.5 3.1209000000000002
31210 3.5 3.121
31211 3.5 3.1211
31212 3.5 3.1212
31213 3.5 3.1213
31214 3.5 3.1214
31215 3.5 3.1215
31216 3.5 3.1216
31217 3.5 3.1217
31218 3.5 3.1218000000000004
31219 3.5 3.1219
31220 3.5 3.1220000000000003
31221 3.5 3.1221
31222 3.5 3.1222000000000003
31223 3.5 3.1223
31224 3.5 3.1224000000000003
31225 3.5 3.1225
31226 3.5 3.1226000000000003
31227 3.5 3.1227
31228 3.5 3.1228000000000002
31229 3.5 3.1229
31230 3.5 3.123
31231 3.5 3.1231
31232 3.5 3.1232
31233 3.5 3.1233
31234 3.5 3.1234
31235 3.5 3.1235
31236 3.5 3.1236
31237 3.5 3.1237000000000004
31238 3.5 3.1238
31239 3.5 3.1239000000000003
31240 3.5 3.124
31241 3.5 3.1241000000000003
31242 3.5 3.1242
31243 3.5 3.1243000000000003
31244 3.5 3.1244
31245 3.5 3.1245000000000003
31246 3.5 3.1246
31247 3.5 3.1247000000000003
31248 3.5 3.1248
31249 3.5 3.1249000000000002
31250 3.5 3.125
31251 3.5 3.1251
31252 3.5 3.1252
31253 3.5 3.1253
31254 3.5 3.1254
31255 3.5 3.1255
31256 3.5 3.1256
31257 3.5 3.1257
31258 3.5 3.1258000000000004
31259 3.5 3.1259
31260 3.5 3.1260000000000003
31261 3.5 3.1261
31262 3.5 3.1262000000000003
31263 3.5 3.1263
31264 3.5 3.1264000000000003
31265 3.5 3.1265
31266 3.5 3.1266000000000003
31267 3.5 3.1267
31268 3.5 3.1268000000000002
31269 3.5 3.1269
31270 3.5 3.1270000000000002
31271 3.5 3.1271
31272 3.5 3.1272
31273 3.5 3.1273
31274 3.5 3.1274
31275 3.5 3.1275
31276 3.5 3.1276
31277 3.5 3.1277000000000004
31278 3.5 3.1278
31279 3.5 3.1279000000000003
31280 3.5 3.128
31281 3.5 3.1281000000000003
31282 3.5 3.1282
31283 3.5 3.1283000000000003
31284 3.5 3.1284
31285 3.5 3.1285000000000003
31286 3.5 3.1286
31287 3.5 3.1287000000000003
31288 3.5 3.1288
31289 3.5 3.1289000000000002
31290 3.5 3.129
31291 3.5 3.1291
31292 3.5 3.1292
31293 3.5 3.1293
31294 3.5 3.1294
31295 3.5 3.1295
31296 3.5 3.1296
31297 3.5 3.1297
31298 3.5 3.1298000000000004
31299 3.5 3.1299
31300 3.5 3.1300000000000003
31301 3.5 3.1301
31302 3.5 3.1302000000000003
31303 3.5 3.1303
31304 3.5 3.1304000000000003
31305 3.5 3.1305
31306 3.5 3.1306000000000003
31307 3.5 3.1307
31308 3.5 3.1308000000000002
31309 3.5 3.1309
31310 3.5 3.1310000000000002
31311 3.5 3.1311
31312 3.5 3.1312
31313 3.5 3.1313
31314 3.5 3.1314
31315 3.5 3.1315
31316 3.5 3.1316
31317 3.5 3.1317
31318 3.5 3.1318
31319 3.5 3.1319000000000004
31320 3.5 3.132
31321 3.5 3.1321000000000003
31322 3.5 3.1322
31323 3.5 3.1323000000000003
31324 3.5 3.1324
31325 3.5 3.1325000000000003
31326 3.5 3.1326
31327 3.5 3.1327000000000003
31328 3.5 3.1328
31329 3.5 3.1329000000000002
31330 3.5 3.133
31331 3.5 3.1331
31332 3.5 3.1332
31333 3.5 3.1333
31334 3.5 3.1334
31335 3.5 3.1335
31336 3.5 3.1336
31337 3.5 3.1337
31338 3.5 3.1338000000000004
31339 3.5 3.1339
31340 3.5 3.1340000000000003
31341 3.5 3.1341
31342 3.5 3.1342000000000003
31343 3.5 3.1343
31344 3.5 3.1344000000000003
31345 3.5 3.1345
31346 3.5 3.1346000000000003
31347 3.5 3.1347
31348 3.5 3.1348000000000003
31349 3.5 3.1349
31350 3.5 3.1350000000000002
31351 3.5 3.1351
31352 3.5 3.1352
31353 3.5 3.1353
31354 3.5 3.1354
31355 3.5 3.1355
31356 3.5 3.1356
31357 3.5 3.1357
31358 3.5 3.1358
31359 3.5 3.1359000000000004
31360 3.5 3.136
31361 3.5 3.1361000000000003
31362 3.5 3.1362
31363 3.5 3.1363000000000003
31364 3.5 3.1364
31365 3.5 3.1365000000000003
31366 3.5 3.1366
31367 3.5 3.1367000000000003
31368 3.5 3.1368
31369 3.5 3.1369000000000002
31370 3.5 3.137
31371 3.5 3.1371
31372 3.5 3.1372
31373 3.5 3.1373
31374 3.5 3.1374
31375 3.5 3.1375
31376 3.5 3.1376
31377 3.5 3.1377
31378 3.5 3.1378000000000004
31379 3.5 3.1379
31380 3.5 3.1380000000000003
31381 3.5 3.1381
31382 3.5 3.1382000000000003
31383 3.5 3.1383
31384 3.5 3.1384000000000003
31385 3.5 3.1385
31386 3.5 3.1386000000000003
31387 3.5 3.1387
31388 3.5 3.1388000000000003
31389 3.5 3.1389
31390 3.5 3.1390000000000002
31391 3.5 3.1391
31392 3.5 3.1392
31393 3.5 3.1393
31394 3.5 3.1394
31395 3.5 3.1395
31396 3.5 3.1396
31397 3.5 3.1397
31398 3.5 3.1398
31399 3.5 3.1399000000000004
31400 3.5 3.14
31401 3.5 3.1401000000000003
31402 3.5 3.1402
31403 3.5 3.1403000000000003
31404 3.5 3.1404
31405 3.5 3.1405000000000003
31406 3.5 3.1406
31407 3.5 3.1407000000000003
31408 3.5 3.1408
31409 3.5 3.1409000000000002
31410 3.5 3.141
31411 3.5 3.1411000000000002
31412 3.5 3.1412
31413 3.5 3.1413
31414 3.5 3.1414
31415 3.5 3.1415
31416 3.5 3.1416
31417 3.5 3.1417
31418 3.5 3.1418000000000004
31419 3.5 3.1419
31420 3.5 3.1420000000000003
31421 3.5 3.1421
31422 3.5 3.1422000000000003
31423 3.5 3.1423
31424 3.5 3.1424000000000003
31425 3.5 3.1425
31426 3.5 3.1426000000000003
31427 3.5 3.1427
31428 3.5 3.1428000000000003
31429 3.5 3.1429
31430 3.5 3.1430000000000002
31431 3.5 3.1431
31432 3.5 3.1432
31433 3.5 3.1433
31434 3.5 3.1434
31435 3.5 3.1435
31436 3.5 3.1436
31437 3.5 3.1437
31438 3.5 3.1438
31439 3.5 3.1439000000000004
31440 3.5 3.144
31441 3.5 3.1441000000000003
31442 3.5 3.1442
31443 3.5 3.1443000000000003
31444 3.5 3.1444
31445 3.5 3.1445000000000003
31446 3.5 3.1446
31447 3.5 3.1447000000000003
31448 3.5 3.1448
31449 3.5 3.1449000000000003
31450 3.5 3.145
31451 3.5 3.1451000000000002
31452 3.5 3.1452
31453 3.5 3.1453
31454 3.5 3.1454
31455 3.5 3.1455
31456 3.5 3.1456
31457 3.5 3.1457
31458 3.5 3.1458
31459 3.5 3.1459
31460 3.5 3.1460000000000004
31461 3.5 3.1461
31462 3.5 3.1462000000000003
31463 3.5 3.1463
31464 3.5 3.1464000000000003
31465 3.5 3.1465
31466 3.5 3.1466000000000003
31467 3.5 3.1467
31468 3.5 3.1468000000000003
31469 3.5 3.1469
31470 3.5 3.1470000000000002
31471 3.5 3.1471
31472 3.5 3.1472
31473 3.5 3.1473
31474 3.5 3.1474
31475 3.5 3.1475
31476 3.5 3.1476
31477 3.5 3.1477
31478 3.5 3.1478
31479 3.5 3.1479000000000004
31480 3.5 3.148
31481 3.5 3.1481000000000003
31482 3.5 3.1482
31483 3.5 3.1483000000000003
31484 3.5 3.1484
31485 3.5 3.1485000000000003
31486 3.5 3.1486
31487 3.5 3.1487000000000003
31488 3.5 3.1488
31489 3.5 3.1489000000000003
31490 3.5 3.149
31491 3.5 3.1491000000000002
31492 3.5 3.1492
31493 3.5 3.1493
31494 3.5 3.1494
31495 3.5 3.1495
31496 3.5 3.1496
31497 3.5 3.1497
31498 3.5 3.1498
31499 3.5 3.1499
31500 3.5 3.1500000000000004
31501 3.5 3.1501
31502 3.5 3.1502000000000003
31503 3.5 3.1503
31504 3.5 3.1504000000000003
31505 3.5 3.1505
31506 3.5 3.1506000000000003
31507 3.5 3.1507
31508 3.5 3.1508000000000003
31509 3.5 3.1509
31510 3.5 3.1510000000000002
31511 3.5 3.1511
31512 3.5 3.1512000000000002
31513 3.5 3.1513
31514 3.5 3.1514
31515 3.5 3.1515
31516 3.5 3.1516
31517 3.5 3.1517
31518 3.5 3.1518
31519 3.5 3.1519000000000004
31520 3.5 3.152
31521 3.5 3.1521000000000003
31522 3.5 3.1522
31523 3.5 3.1523000000000003
31524 3.5 3.1524
31525 3.5 3.1525000000000003
31526 3.5 3.1526
31527 3.5 3.1527000000000003
31528 3.5 3.1528
31529 3.5 3.1529000000000003
31530 3.5 3.153
31531 3.5 3.1531000000000002
31532 3.5 3.1532
31533 3.5 3.1533
31534 3.5 3.1534
31535 3.5 3.1535
31536 3.5 3.1536
31537 3.5 3.1537
31538 3.5 3.1538
31539 3.5 3.1539
31540 3.5 3.1540000000000004
31541 3.5 3.1541
31542 3.5 3.1542000000000003
31543 3.5 3.1543
31544 3.5 3.1544000000000003
31545 3.5 3.1545
31546 3.5 3.1546000000000003
31547 3.5 3.1547
31548 3.5 3.1548000000000003
31549 3.5 3.1549
31550 3.5 3.1550000000000002
31551 3.5 3.1551
31552 3.5 3.1552000000000002
31553 3.5 3.1553
31554 3.5 3.1554
31555 3.5 3.1555
31556 3.5 3.1556
31557 3.5 3.1557
31558 3.5 3.1558
31559 3.5 3.1559000000000004
31560 3.5 3.156
31561 3.5 3.1561000000000003
31562 3.5 3.1562
31563 3.5 3.1563000000000003
31564 3.5 3.1564
31565 3.5 3.1565000000000003
31566 3.5 3.1566
31567 3.5 3.1567000000000003
31568 3.5 3.1568
31569 3.5 3.1569000000000003
31570 3.5 3.157
31571 3.5 3.1571000000000002
31572 3.5 3.1572
31573 3.5 3.1573
31574 3.5 3.1574
31575 3.5 3.1575
31576 3.5 3.1576
31577 3.5 3.1577
31578 3.5 3.1578
31579 3.5 3.1579
31580 3.5 3.1580000000000004
31581 3.5 3.1581
31582 3.5 3.1582000000000003
31583 3.5 3.1583
31584 3.5 3.1584000000000003
31585 3.5 3.1585
31586 3.5 3.1586000000000003
31587 3.5 3.1587
31588 3.5 3.1588000000000003
31589 3.5 3.1589
31590 3.5 3.1590000000000003
31591 3.5 3.1591
31592 3.5 3.1592000000000002
31593 3.5 3.1593
31594 3.5 3.1594
31595 3.5 3.1595
31596 3.5 3.1596
31597 3.5 3.1597
31598 3.5 3.1598
31599 3.5 3.1599
31600 3.5 3.16
31601 3.5 3.1601000000000004
31602 3.5 3.1602
31603 3.5 3.1603000000000003
31604 3.5 3.1604
31605 3.5 3.1605000000000003
31606 3.5 3.1606
31607 3.5 3.1607000000000003
31608 3.5 3.1608
31609 3.5 3.1609000000000003
31610 3.5 3.161
31611 3.5 3.1611000000000002
31612 3.5 3.1612
31613 3.5 3.1613
31614 3.5 3.1614
31615 3.5 3.1615
31616 3.5 3.1616
31617 3.5 3.1617
31618 3.5 3.1618
31619 3.5 3.1619
31620 3.5 3.1620000000000004
31621 3.5 3.1621
31622 3.5 3.1622000000000003
31623 3.5 3.1623
31624 3.5 3.1624000000000003
31625 3.5 3.1625
31626 3.5 3.1626000000000003
31627 3.5 3.1627
31628 3.5 3.1628000000000003
31629 3.5 3.1629
31630 3.5 3.1630000000000003
31631 3.5 3.1631
31632 3.5 3.1632000000000002
31633 3.5 3.1633
31634 3.5 3.1634
31635 3.5 3.1635
31636 3.5 3.1636
31637 3.5 3.1637
31638 3.5 3.1638
31639 3.5 3.1639
31640 3.5 3.164
31641 3.5 3.1641000000000004
31642 3.5 3.1642
31643 3.5 3.1643000000000003
31644 3.5 3.1644
31645 3.5 3.1645000000000003
31646 3.5 3.1646
31647 3.5 3.1647000000000003
31648 3.5 3.1648
31649 3.5 3.1649000000000003
31650 3.5 3.165
31651 3.5 3.1651000000000002
31652 3.5 3.1652
31653 3.5 3.1653000000000002
31654 3.5 3.1654
31655 3.5 3.1655
31656 3.5 3.1656
31657 3.5 3.1657
31658 3.5 3.1658
31659 3.5 3.1659
31660 3.5 3.1660000000000004
31661 3.5 3.1661
31662 3.5 3.1662000000000003
31663 3.5 3.1663
31664 3.5 3.1664000000000003
31665 3.5 3.1665
31666 3.5 3.1666000000000003
31667 3.5 3.1667
31668 3.5 3.1668000000000003
31669 3.5 3.1669
31670 3.5 3.1670000000000003
31671 3.5 3.1671
31672 3.5 3.1672000000000002
31673 3.5 3.1673
31674 3.5 3.1674
31675 3.5 3.1675
31676 3.5 3.1676
31677 3.5 3.1677
31678 3.5 3.1678
31679 3.5 3.1679
31680 3.5 3.168
31681 3.5 3.1681000000000004
31682 3.5 3.1682
31683 3.5 3.1683000000000003
31684 3.5 3.1684
31685 3.5 3.1685000000000003
31686 3.5 3.1686
31687 3.5 3.1687000000000003
31688 3.5 3.1688
31689 3.5 3.1689000000000003
31690 3.5 3.169
31691 3.5 3.1691000000000003
31692 3.5 3.1692
31693 3.5 3.1693000000000002
31694 3.5 3.1694
31695 3.5 3.1695
31696 3.5 3.1696
31697 3.5 3.1697
31698 3.5 3.1698
31699 3.5 3.1699
31700 3.5 3.1700000000000004
31701 3.5 3.1701
31702 3.5 3.1702000000000004
31703 3.5 3.1703
31704 3.5 3.1704000000000003
31705 3.5 3.1705
31706 3.5 3.1706000000000003
31707 3.5 3.1707
31708 3.5 3.1708000000000003
31709 3.5 3.1709
31710 3.5 3.1710000000000003
31711 3.5 3.1711
31712 3.5 3.1712000000000002
31713 3.5 3.1713
31714 3.5 3.1714
31715 3.5 3.1715
31716 3.5 3.1716
31717 3.5 3.1717
31718 3.5 3.1718
31719 3.5 3.1719
31720 3.5 3.172
31721 3.5 3.1721000000000004
31722 3.5 3.1722
31723 3.5 3.1723000000000003
31724 3.5 3.1724
31725 3.5 3.1725000000000003
31726 3.5 3.1726
31727 3.5 3.1727000000000003
31728 3.5 3.1728
31729 3.5 3.1729000000000003
31730 3.5 3.173
31731 3.5 3.1731000000000003
31732 3.5 3.1732
31733 3.5 3.1733000000000002
31734 3.5 3.1734
31735 3.5 3.1735
31736 3.5 3.1736
31737 3.5 3.1737
31738 3.5 3.1738
31739 3.5 3.1739
31740 3.5 3.174
31741 3.5 3.1741
31742 3.5 3.1742000000000004
31743 3.5 3.1743
31744 3.5 3.1744000000000003
31745 3.5 3.1745
31746 3.5 3.1746000000000003
31747 3.5 3.1747
31748 3.5 3.1748000000000003
31749 3.5 3.1749
31750 3.5 3.1750000000000003
31751 3.5 3.1751
31752 3.5 3.1752000000000002
31753 3.5 3.1753
31754 3.5 3.1754000000000002
31755 3.5 3.1755
31756 3.5 3.1756
31757 3.5 3.1757
31758 3.5 3.1758
31759 3.5 3.1759
31760 3.5 3.176
31761 3.5 3.1761000000000004
31762 3.5 3.1762
31763 3.5 3.1763000000000003
31764 3.5 3.1764
31765 3.5 3.1765000000000003
31766 3.5 3.1766
31767 3.5 3.1767000000000003
31768 3.5 3.1768
31769 3.5 3.1769000000000003
31770 3.5 3.177
31771 3.5 3.1771000000000003
31772 3.5 3.1772
31773 3.5 3.1773000000000002
31774 3.5 3.1774
31775 3.5 3.1775
31776 3.5 3.1776
31777 3.5 3.1777
31778 3.5 3.1778
31779 3.5 3.1779
31780 3.5 3.178
31781 3.5 3.1781
31782 3.5 3.1782000000000004
31783 3.5 3.1783
31784 3.5 3.1784000000000003
31785 3.5 3.1785
31786 3.5 3.1786000000000003
31787 3.5 3.1787
31788 3.5 3.1788000000000003
31789 3.5 3.1789
31790 3.5 3.1790000000000003
31791 3.5 3.1791
31792 3.5 3.1792000000000002
31793 3.5 3.1793
31794 3.5 3.1794000000000002
31795 3.5 3.1795
31796 3.5 3.1796
31797 3.5 3.1797
31798 3.5 3.1798
31799 3.5 3.1799
31800 3.5 3.18
31801 3.5 3.1801000000000004
31802 3.5 3.1802
31803 3.5 3.1803000000000003
31804 3.5 3.1804
31805 3.5 3.1805000000000003
31806 3.5 3.1806
31807 3.5 3.1807000000000003
31808 3.5 3.1808
31809 3.5 3.1809000000000003
31810 3.5 3.181
31811 3.5 3.1811000000000003
31812 3.5 3.1812
31813 3.5 3.1813000000000002
31814 3.5 3.1814
31815 3.5 3.1815
31816 3.5 3.1816
31817 3.5 3.1817
31818 3.5 3.1818
31819 3.5 3.1819
31820 3.5 3.182
31821 3.5 3.1821
31822 3.5 3.1822000000000004
31823 3.5 3.1823
31824 3.5 3.1824000000000003
31825 3.5 3.1825
31826 3.5 3.1826000000000003
31827 3.5 3.1827
31828 3.5 3.1828000000000003
31829 3.5 3.1829
31830 3.5 3.1830000000000003
31831 3.5 3.1831
31832 3.5 3.1832000000000003
31833 3.5 3.1833
31834 3.5 3.1834000000000002
31835 3.5 3.1835
31836 3.5 3.1836
31837 3.5 3.1837
31838 3.5 3.1838
31839 3.5 3.1839
31840 3.5 3.184
31841 3.5 3.1841000000000004
31842 3.5 3.1842
31843 3.5 3.1843000000000004
31844 3.5 3.1844
31845 3.5 3.1845000000000003
31846 3.5 3.1846
31847 3.5 3.1847000000000003
31848 3.5 3.1848
31849 3.5 3.1849000000000003
31850 3.5 3.185
31851 3.5 3.1851000000000003
31852 3.5 3.1852
31853 3.5 3.1853000000000002
31854 3.5 3.1854
31855 3.5 3.1855
31856 3.5 3.1856
31857 3.5 3.1857
31858 3.5 3.1858
31859 3.5 3.1859
31860 3.5 3.186
31861 3.5 3.1861
31862 3.5 3.1862000000000004
31863 3.5 3.1863
31864 3.5 3.1864000000000003
31865 3.5 3.1865
31866 3.5 3.1866000000000003
31867 3.5 3.1867
31868 3.5 3.1868000000000003
31869 3.5 3.1869
31870 3.5 3.1870000000000003
31871 3.5 3.1871
31872 3.5 3.1872000000000003
31873 3.5 3.1873
31874 3.5 3.1874000000000002
31875 3.5 3.1875
31876 3.5 3.1876
31877 3.5 3.1877
31878 3.5 3.1878
31879 3.5 3.1879
31880 3.5 3.188
31881 3.5 3.1881
31882 3.5 3.1882
31883 3.5 3.1883000000000004
31884 3.5 3.1884
31885 3.5 3.1885000000000003
31886 3.5 3.1886
31887 3.5 3.1887000000000003
31888 3.5 3.1888
31889 3.5 3.1889000000000003
31890 3.5 3.189
31891 3.5 3.1891000000000003
31892 3.5 3.1892
31893 3.5 3.1893000000000002
31894 3.5 3.1894
31895 3.5 3.1895000000000002
31896 3.5 3.1896
31897 3.5 3.1897
31898 3.5 3.1898
31899 3.5 3.1899
31900 3.5 3.19
31901 3.5 3.1901
31902 3.5 3.1902000000000004
31903 3.5 3.1903
31904 3.5 3.1904000000000003
31905 3.5 3.1905
31906 3.5 3.1906000000000003
31907 3.5 3.1907
31908 3.5 3.1908000000000003
31909 3.5 3.1909
31910 3.5 3.1910000000000003
31911 3.5 3.1911
31912 3.5 3.1912000000000003
31913 3.5 3.1913
31914 3.5 3.1914000000000002
31915 3.5 3.1915
31916 3.5 3.1916
31917 3.5 3.1917
31918 3.5 3.1918
31919 3.5 3.1919
31920 3.5 3.192
31921 3.5 3.1921
31922 3.5 3.1922
31923 3.5 3.1923000000000004
31924 3.5 3.1924
31925 3.5 3.1925000000000003
31926 3.5 3.1926
31927 3.5 3.1927000000000003
31928 3.5 3.1928
31929 3.5 3.1929000000000003
31930 3.5 3.193
31931 3.5 3.1931000000000003
31932 3.5 3.1932
31933 3.5 3.1933000000000002
31934 3.5 3.1934
31935 3.5 3.1935000000000002
31936 3.5 3.1936
31937 3.5 3.1937
31938 3.5 3.1938
31939 3.5 3.1939
31940 3.5 3.194
31941 3.5 3.1941
31942 3.5 3.1942000000000004
31943 3.5 3.1943
31944 3.5 3.1944000000000004
31945 3.5 3.1945
31946 3.5 3.1946000000000003
31947 3.5 3.1947
31948 3.5 3.1948000000000003
31949 3.5 3.1949
31950 3.5 3.1950000000000003
31951 3.5 3.1951
31952 3.5 3.1952000000000003
31953 3.5 3.1953
31954 3.5 3.1954000000000002
31955 3.5 3.1955
31956 3.5 3.1956
31957 3.5 3.1957
31958 3.5 3.1958
31959 3.5 3.1959
31960 3.5 3.196
31961 3.5 3.1961
31962 3.5 3.1962
31963 3.5 3.1963000000000004
31964 3.5 3.1964
31965 3.5 3.1965000000000003
31966 3.5 3.1966
31967 3.5 3.1967000000000003
31968 3.5 3.1968
31969 3.5 3.1969000000000003
31970 3.5 3.197
31971 3.5 3.1971000000000003
31972 3.5 3.1972
31973 3.5 3.1973000000000003
31974 3.5 3.1974
31975 3.5 3.1975000000000002
31976 3.5 3.1976
31977 3.5 3.1977
31978 3.5 3.1978
31979 3.5 3.1979
31980 3.5 3.198
31981 3.5 3.1981
31982 3.5 3.1982
31983 3.5 3.1983
31984 3.5 3.1984000000000004
31985 3.5 3.1985
31986 3.5 3.1986000000000003
31987 3.5 3.1987
31988 3.5 3.1988000000000003
31989 3.5 3.1989
31990 3.5 3.1990000000000003
31991 3.5 3.1991
31992 3.5 3.1992000000000003
31993 3.5 3.1993
31994 3.5 3.1994000000000002
31995 3.5 3.1995
31996 3.5 3.1996
31997 3.5 3.1997
31998 3.5 3.1998
31999 3.5 3.1999
32000 3.5 3.2
32001 3.5 3.2001
32002 3.5 3.2002
32003 3.5 3.2003000000000004
32004 3.5 3.2004
32005 3.5 3.2005000000000003
32006 3.5 3.2006
32007 3.5 3.2007000000000003
32008 3.5 3.2008
32009 3.5 3.2009000000000003
32010 3.5 3.201
32011 3.5 3.2011000000000003
32012 3.5 3.2012
32013 3.5 3.2013000000000003
32014 3.5 3.2014
32015 3.5 3.2015000000000002
32016 3.5 3.2016
32017 3.5 3.2017
32018 3.5 3.2018
32019 3.5 3.2019
32020 3.5 3.202
32021 3.5 3.2021
32022 3.5 3.2022
32023 3.5 3.2023
32024 3.5 3.2024000000000004
32025 3.5 3.2025
32026 3.5 3.2026000000000003
32027 3.5 3.2027
32028 3.5 3.2028000000000003
32029 3.5 3.2029
32030 3.5 3.2030000000000003
32031 3.5 3.2031
32032 3.5 3.2032000000000003
32033 3.5 3.2033
32034 3.5 3.2034000000000002
32035 3.5 3.2035
32036 3.5 3.2036000000000002
32037 3.5 3.2037
32038 3.5 3.2038
32039 3.5 3.2039
32040 3.5 3.204
32041 3.5 3.2041
32042 3.5 3.2042
32043 3.5 3.2043000000000004
32044 3.5 3.2044
32045 3.5 3.2045000000000003
32046 3.5 3.2046
32047 3.5 3.2047000000000003
32048 3.5 3.2048
32049 3.5 3.2049000000000003
32050 3.5 3.205
32051 3.5 3.2051000000000003
32052 3.5 3.2052
32053 3.5 3.2053000000000003
32054 3.5 3.2054
32055 3.5 3.2055000000000002
32056 3.5 3.2056
32057 3.5 3.2057
32058 3.5 3.2058
32059 3.5 3.2059
32060 3.5 3.206
32061 3.5 3.2061
32062 3.5 3.2062
32063 3.5 3.2063
32064 3.5 3.2064000000000004
32065 3.5 3.2065
32066 3.5 3.2066000000000003
32067 3.5 3.2067
32068 3.5 3.2068000000000003
32069 3.5 3.2069
32070 3.5 3.2070000000000003
32071 3.5 3.2071
32072 3.5 3.2072000000000003
32073 3.5 3.2073
32074 3.5 3.2074000000000003
32075 3.5 3.2075
32076 3.5 3.2076000000000002
32077 3.5 3.2077
32078 3.5 3.2078
32079 3.5 3.2079
32080 3.5 3.208
32081 3.5 3.2081
32082 3.5 3.2082
32083 3.5 3.2083000000000004
32084 3.5 3.2084
32085 3.5 3.2085000000000004
32086 3.5 3.2086
32087 3.5 3.2087000000000003
32088 3.5 3.2088
32089 3.5 3.2089000000000003
32090 3.5 3.209
32091 3.5 3.2091000000000003
32092 3.5 3.2092
32093 3.5 3.2093000000000003
32094 3.5 3.2094
32095 3.5 3.2095000000000002
32096 3.5 3.2096
32097 3.5 3.2097
32098 3.5 3.2098
32099 3.5 3.2099
32100 3.5 3.21
32101 3.5 3.2101
32102 3.5 3.2102
32103 3.5 3.2103
32104 3.5 3.2104000000000004
32105 3.5 3.2105
32106 3.5 3.2106000000000003
32107 3.5 3.2107
32108 3.5 3.2108000000000003
32109 3.5 3.2109
32110 3.5 3.2110000000000003
32111 3.5 3.2111
32112 3.5 3.2112000000000003
32113 3.5 3.2113
32114 3.5 3.2114000000000003
32115 3.5 3.2115
32116 3.5 3.2116000000000002
32117 3.5 3.2117
32118 3.5 3.2118
32119 3.5 3.2119
32120 3.5 3.212
32121 3.5 3.2121
32122 3.5 3.2122
32123 3.5 3.2123
32124 3.5 3.2124
32125 3.5 3.2125000000000004
32126 3.5 3.2126
32127 3.5 3.2127000000000003
32128 3.5 3.2128
32129 3.5 3.2129000000000003
32130 3.5 3.213
32131 3.5 3.2131000000000003
32132 3.5 3.2132
32133 3.5 3.2133000000000003
32134 3.5 3.2134
32135 3.5 3.2135000000000002
32136 3.5 3.2136
32137 3.5 3.2137000000000002
32138 3.5 3.2138
32139 3.5 3.2139
32140 3.5 3.214
32141 3.5 3.2141
32142 3.5 3.2142
32143 3.5 3.2143
32144 3.5 3.2144000000000004
32145 3.5 3.2145
32146 3.5 3.2146000000000003
32147 3.5 3.2147
32148 3.5 3.2148000000000003
32149 3.5 3.2149
32150 3.5 3.2150000000000003
32151 3.5 3.2151
32152 3.5 3.2152000000000003
32153 3.5 3.2153
32154 3.5 3.2154000000000003
32155 3.5 3.2155
32156 3.5 3.2156000000000002
32157 3.5 3.2157
32158 3.5 3.2158
32159 3.5 3.2159
32160 3.5 3.216
32161 3.5 3.2161
32162 3.5 3.2162
32163 3.5 3.2163
32164 3.5 3.2164
32165 3.5 3.2165000000000004
32166 3.5 3.2166
32167 3.5 3.2167000000000003
32168 3.5 3.2168
32169 3.5 3.2169000000000003
32170 3.5 3.217
32171 3.5 3.2171000000000003
32172 3.5 3.2172
32173 3.5 3.2173000000000003
32174 3.5 3.2174
32175 3.5 3.2175000000000002
32176 3.5 3.2176
32177 3.5 3.2177000000000002
32178 3.5 3.2178
32179 3.5 3.2179
32180 3.5 3.218
32181 3.5 3.2181
32182 3.5 3.2182
32183 3.5 3.2183
32184 3.5 3.2184000000000004
32185 3.5 3.2185
32186 3.5 3.2186000000000003
32187 3.5 3.2187
32188 3.5 3.2188000000000003
32189 3.5 3.2189
32190 3.5 3.2190000000000003
32191 3.5 3.2191
32192 3.5 3.2192000000000003
32193 3.5 3.2193
32194 3.5 3.2194000000000003
32195 3.5 3.2195
32196 3.5 3.2196000000000002
32197 3.5 3.2197
32198 3.5 3.2198
32199 3.5 3.2199
32200 3.5 3.22
32201 3.5 3.2201
32202 3.5 3.2202
32203 3.5 3.2203
32204 3.5 3.2204
32205 3.5 3.2205000000000004
32206 3.5 3.2206
32207 3.5 3.2207000000000003
32208 3.5 3.2208
32209 3.5 3.2209000000000003
32210 3.5 3.221
32211 3.5 3.2211000000000003
32212 3.5 3.2212
32213 3.5 3.2213000000000003
32214 3.5 3.2214
32215 3.5 3.2215000000000003
32216 3.5 3.2216
32217 3.5 3.2217000000000002
32218 3.5 3.2218
32219 3.5 3.2219
32220 3.5 3.222
32221 3.5 3.2221
32222 3.5 3.2222
32223 3.5 3.2223
32224 3.5 3.2224000000000004
32225 3.5 3.2225
32226 3.5 3.2226000000000004
32227 3.5 3.2227
32228 3.5 3.2228000000000003
32229 3.5 3.2229
32230 3.5 3.2230000000000003
32231 3.5 3.2231
32232 3.5 3.2232000000000003
32233 3.5 3.2233
32234 3.5 3.2234000000000003
32235 3.5 3.2235
32236 3.5 3.2236000000000002
32237 3.5 3.2237
32238 3.5 3.2238
32239 3.5 3.2239
32240 3.5 3.224
32241 3.5 3.2241
32242 3.5 3.2242
32243 3.5 3.2243
32244 3.5 3.2244
32245 3.5 3.2245000000000004
32246 3.5 3.2246
32247 3.5 3.2247000000000003
32248 3.5 3.2248
32249 3.5 3.2249000000000003
32250 3.5 3.225
32251 3.5 3.2251000000000003
32252 3.5 3.2252
32253 3.5 3.2253000000000003
32254 3.5 3.2254
32255 3.5 3.2255000000000003
32256 3.5 3.2256
32257 3.5 3.2257000000000002
32258 3.5 3.2258
32259 3.5 3.2259
32260 3.5 3.226
32261 3.5 3.2261
32262 3.5 3.2262
32263 3.5 3.2263
32264 3.5 3.2264
32265 3.5 3.2265
32266 3.5 3.2266000000000004
32267 3.5 3.2267
32268 3.5 3.2268000000000003
32269 3.5 3.2269
32270 3.5 3.2270000000000003
32271 3.5 3.2271
32272 3.5 3.2272000000000003
32273 3.5 3.2273
32274 3.5 3.2274000000000003
32275 3.5 3.2275
32276 3.5 3.2276000000000002
32277 3.5 3.2277
32278 3.5 3.2278000000000002
32279 3.5 3.2279
32280 3.5 3.228
32281 3.5 3.2281
32282 3.5 3.2282
32283 3.5 3.2283
32284 3.5 3.2284
32285 3.5 3.2285000000000004
32286 3.5 3.2286
32287 3.5 3.2287000000000003
32288 3.5 3.2288
32289 3.5 3.2289000000000003
32290 3.5 3.229
32291 3.5 3.2291000000000003
32292 3.5 3.2292
32293 3.5 3.2293000000000003
32294 3.5 3.2294
32295 3.5 3.2295000000000003
32296 3.5 3.2296
32297 3.5 3.2297000000000002
32298 3.5 3.2298
32299 3.5 3.2299
32300 3.5 3.23
32301 3.5 3.2301
32302 3.5 3.2302
32303 3.5 3.2303
32304 3.5 3.2304
32305 3.5 3.2305
32306 3.5 3.2306000000000004
32307 3.5 3.2307
32308 3.5 3.2308000000000003
32309 3.5 3.2309
32310 3.5 3.2310000000000003
32311 3.5 3.2311
32312 3.5 3.2312000000000003
32313 3.5 3.2313
32314 3.5 3.2314000000000003
32315 3.5 3.2315
32316 3.5 3.2316000000000003
32317 3.5 3.2317
32318 3.5 3.2318000000000002
32319 3.5 3.2319
32320 3.5 3.232
32321 3.5 3.2321
32322 3.5 3.2322
32323 3.5 3.2323
32324 3.5 3.2324
32325 3.5 3.2325000000000004
32326 3.5 3.2326
32327 3.5 3.2327000000000004
32328 3.5 3.2328
32329 3.5 3.2329000000000003
32330 3.5 3.233
32331 3.5 3.2331000000000003
32332 3.5 3.2332
32333 3.5 3.2333000000000003
32334 3.5 3.2334
32335 3.5 3.2335000000000003
32336 3.5 3.2336
32337 3.5 3.2337000000000002
32338 3.5 3.2338
32339 3.5 3.2339
32340 3.5 3.234
32341 3.5 3.2341
32342 3.5 3.2342
32343 3.5 3.2343
32344 3.5 3.2344
32345 3.5 3.2345
32346 3.5 3.2346000000000004
32347 3.5 3.2347
32348 3.5 3.2348000000000003
32349 3.5 3.2349
32350 3.5 3.2350000000000003
32351 3.5 3.2351
32352 3.5 3.2352000000000003
32353 3.5 3.2353
32354 3.5 3.2354000000000003
32355 3.5 3.2355
32356 3.5 3.2356000000000003
32357 3.5 3.2357
32358 3.5 3.2358000000000002
32359 3.5 3.2359
32360 3.5 3.236
32361 3.5 3.2361
32362 3.5 3.2362
32363 3.5 3.2363
32364 3.5 3.2364
32365 3.5 3.2365000000000004
32366 3.5 3.2366
32367 3.5 3.2367000000000004
32368 3.5 3.2368
32369 3.5 3.2369000000000003
32370 3.5 3.237
32371 3.5 3.2371000000000003
32372 3.5 3.2372
32373 3.5 3.2373000000000003
32374 3.5 3.2374
32375 3.5 3.2375000000000003
32376 3.5 3.2376
32377 3.5 3.2377000000000002
32378 3.5 3.2378
32379 3.5 3.2379000000000002
32380 3.5 3.238
32381 3.5 3.2381
32382 3.5 3.2382
32383 3.5 3.2383
32384 3.5 3.2384
32385 3.5 3.2385
32386 3.5 3.2386000000000004
32387 3.5 3.2387
32388 3.5 3.2388000000000003
32389 3.5 3.2389
32390 3.5 3.2390000000000003
32391 3.5 3.2391
32392 3.5 3.2392000000000003
32393 3.5 3.2393
32394 3.5 3.2394000000000003
32395 3.5 3.2395
32396 3.5 3.2396000000000003
32397 3.5 3.2397
32398 3.5 3.2398000000000002
32399 3.5 3.2399
32400 3.5 3.24
32401 3.5 3.2401
32402 3.5 3.2402
32403 3.5 3.2403
32404 3.5 3.2404
32405 3.5 3.2405
32406 3.5 3.2406
32407 3.5 3.2407000000000004
32408 3.5 3.2408
32409 3.5 3.2409000000000003
32410 3.5 3.241
32411 3.5 3.2411000000000003
32412 3.5 3.2412
32413 3.5 3.2413000000000003
32414 3.5 3.2414
32415 3.5 3.2415000000000003
32416 3.5 3.2416
32417 3.5 3.2417000000000002
32418 3.5 3.2418
32419 3.5 3.2419000000000002
32420 3.5 3.242
32421 3.5 3.2421
32422 3.5 3.2422
32423 3.5 3.2423
32424 3.5 3.2424
32425 3.5 3.2425
32426 3.5 3.2426000000000004
32427 3.5 3.2427
32428 3.5 3.2428000000000003
32429 3.5 3.2429
32430 3.5 3.2430000000000003
32431 3.5 3.2431
32432 3.5 3.2432000000000003
32433 3.5 3.2433
32434 3.5 3.2434000000000003
32435 3.5 3.2435
32436 3.5 3.2436000000000003
32437 3.5 3.2437
32438 3.5 3.2438000000000002
32439 3.5 3.2439
32440 3.5 3.244
32441 3.5 3.2441
32442 3.5 3.2442
32443 3.5 3.2443
32444 3.5 3.2444
32445 3.5 3.2445
32446 3.5 3.2446
32447 3.5 3.2447000000000004
32448 3.5 3.2448
32449 3.5 3.2449000000000003
32450 3.5 3.245
32451 3.5 3.2451000000000003
32452 3.5 3.2452
32453 3.5 3.2453000000000003
32454 3.5 3.2454
32455 3.5 3.2455000000000003
32456 3.5 3.2456
32457 3.5 3.2457000000000003
32458 3.5 3.2458
32459 3.5 3.2459000000000002
32460 3.5 3.246
32461 3.5 3.2461
32462 3.5 3.2462
32463 3.5 3.2463
32464 3.5 3.2464
32465 3.5 3.2465
32466 3.5 3.2466000000000004
32467 3.5 3.2467
32468 3.5 3.2468000000000004
32469 3.5 3.2469
32470 3.5 3.2470000000000003
32471 3.5 3.2471
32472 3.5 3.2472000000000003
32473 3.5 3.2473
32474 3.5 3.2474000000000003
32475 3.5 3.2475
32476 3.5 3.2476000000000003
32477 3.5 3.2477
32478 3.5 3.2478000000000002
32479 3.5 3.2479
32480 3.5 3.248
32481 3.5 3.2481
32482 3.5 3.2482
32483 3.5 3.2483
32484 3.5 3.2484
32485 3.5 3.2485
32486 3.5 3.2486
32487 3.5 3.2487000000000004
32488 3.5 3.2488
32489 3.5 3.2489000000000003
32490 3.5 3.249
32491 3.5 3.2491000000000003
32492 3.5 3.2492
32493 3.5 3.2493000000000003
32494 3.5 3.2494
32495 3.5 3.2495000000000003
32496 3.5 3.2496
32497 3.5 3.2497000000000003
32498 3.5 3.2498
32499 3.5 3.2499000000000002
32500 3.5 3.25
32501 3.5 3.2501
32502 3.5 3.2502
32503 3.5 3.2503
32504 3.5 3.2504
32505 3.5 3.2505
32506 3.5 3.2506
32507 3.5 3.2507
32508 3.5 3.2508000000000004
32509 3.5 3.2509
32510 3.5 3.2510000000000003
32511 3.5 3.2511
32512 3.5 3.2512000000000003
32513 3.5 3.2513
32514 3.5 3.2514000000000003
32515 3.5 3.2515
32516 3.5 3.2516000000000003
32517 3.5 3.2517
32518 3.5 3.2518000000000002
32519 3.5 3.2519
32520 3.5 3.2520000000000002
32521 3.5 3.2521
32522 3.5 3.2522
32523 3.5 3.2523
32524 3.5 3.2524
32525 3.5 3.2525
32526 3.5 3.2526
32527 3.5 3.2527000000000004
32528 3.5 3.2528
32529 3.5 3.2529000000000003
32530 3.5 3.253
32531 3.5 3.2531000000000003
32532 3.5 3.2532
32533 3.5 3.2533000000000003
32534 3.5 3.2534
32535 3.5 3.2535000000000003
32536 3.5 3.2536
32537 3.5 3.2537000000000003
32538 3.5 3.2538
32539 3.5 3.2539000000000002
32540 3.5 3.254
32541 3.5 3.2541
32542 3.5 3.2542
32543 3.5 3.2543
32544 3.5 3.2544
32545 3.5 3.2545
32546 3.5 3.2546
32547 3.5 3.2547
32548 3.5 3.2548000000000004
32549 3.5 3.2549
32550 3.5 3.2550000000000003
32551 3.5 3.2551
32552 3.5 3.2552000000000003
32553 3.5 3.2553
32554 3.5 3.2554000000000003
32555 3.5 3.2555
32556 3.5 3.2556000000000003
32557 3.5 3.2557
32558 3.5 3.2558000000000002
32559 3.5 3.2559
32560 3.5 3.2560000000000002
32561 3.5 3.2561
32562 3.5 3.2562
32563 3.5 3.2563
32564 3.5 3.2564
32565 3.5 3.2565
32566 3.5 3.2566
32567 3.5 3.2567000000000004
32568 3.5 3.2568
32569 3.5 3.2569000000000004
32570 3.5 3.257
32571 3.5 3.2571000000000003
32572 3.5 3.2572
32573 3.5 3.2573000000000003
32574 3.5 3.2574
32575 3.5 3.2575000000000003
32576 3.5 3.2576
32577 3.5 3.2577000000000003
32578 3.5 3.2578
32579 3.5 3.2579000000000002
32580 3.5 3.258
32581 3.5 3.2581
32582 3.5 3.2582
32583 3.5 3.2583
32584 3.5 3.2584
32585 3.5 3.2585
32586 3.5 3.2586
32587 3.5 3.2587
32588 3.5 3.2588000000000004
32589 3.5 3.2589
32590 3.5 3.2590000000000003
32591 3.5 3.2591
32592 3.5 3.2592000000000003
32593 3.5 3.2593
32594 3.5 3.2594000000000003
32595 3.5 3.2595
32596 3.5 3.2596000000000003
32597 3.5 3.2597
32598 3.5 3.2598000000000003
32599 3.5 3.2599
32600 3.5 3.2600000000000002
32601 3.5 3.2601
32602 3.5 3.2602
32603 3.5 3.2603
32604 3.5 3.2604
32605 3.5 3.2605
32606 3.5 3.2606
32607 3.5 3.2607000000000004
32608 3.5 3.2608
32609 3.5 3.2609000000000004
32610 3.5 3.261
32611 3.5 3.2611000000000003
32612 3.5 3.2612
32613 3.5 3.2613000000000003
32614 3.5 3.2614
32615 3.5 3.2615000000000003
32616 3.5 3.2616
32617 3.5 3.2617000000000003
32618 3.5 3.2618
32619 3.5 3.2619000000000002
32620 3.5 3.262
32621 3.5 3.2621
32622 3.5 3.2622
32623 3.5 3.2623
32624 3.5 3.2624
32625 3.5 3.2625
32626 3.5 3.2626
32627 3.5 3.2627
32628 3.5 3.2628000000000004
32629 3.5 3.2629
32630 3.5 3.2630000000000003
32631 3.5 3.2631
32632 3.5 3.2632000000000003
32633 3.5 3.2633
32634 3.5 3.2634000000000003
32635 3.5 3.2635
32636 3.5 3.2636000000000003
32637 3.5 3.2637
32638 3.5 3.2638000000000003
32639 3.5 3.2639
32640 3.5 3.2640000000000002
32641 3.5 3.2641
32642 3.5 3.2642
32643 3.5 3.2643
32644 3.5 3.2644
32645 3.5 3.2645
32646 3.5 3.2646
32647 3.5 3.2647
32648 3.5 3.2648
32649 3.5 3.2649000000000004
32650 3.5 3.265
32651 3.5 3.2651000000000003
32652 3.5 3.2652
32653 3.5 3.2653000000000003
32654 3.5 3.2654
32655 3.5 3.2655000000000003
32656 3.5 3.2656
32657 3.5 3.2657000000000003
32658 3.5 3.2658
32659 3.5 3.2659000000000002
32660 3.5 3.266
32661 3.5 3.2661000000000002
32662 3.5 3.2662
32663 3.5 3.2663
32664 3.5 3.2664
32665 3.5 3.2665
32666 3.5 3.2666
32667 3.5 3.2667
32668 3.5 3.2668000000000004
32669 3.5 3.2669
32670 3.5 3.2670000000000003
32671 3.5 3.2671
32672 3.5 3.2672000000000003
32673 3.5 3.2673
32674 3.5 3.2674000000000003
32675 3.5 3.2675
32676 3.5 3.2676000000000003
32677 3.5 3.2677
32678 3.5 3.2678000000000003
32679 3.5 3.2679
32680 3.5 3.2680000000000002
32681 3.5 3.2681
32682 3.5 3.2682
32683 3.5 3.2683
32684 3.5 3.2684
32685 3.5 3.2685
32686 3.5 3.2686
32687 3.5 3.2687
32688 3.5 3.2688
32689 3.5 3.2689000000000004
32690 3.5 3.269
32691 3.5 3.2691000000000003
32692 3.5 3.2692
32693 3.5 3.2693000000000003
32694 3.5 3.2694
32695 3.5 3.2695000000000003
32696 3.5 3.2696
32697 3.5 3.2697000000000003
32698 3.5 3.2698
32699 3.5 3.2699000000000003
32700 3.5 3.27
32701 3.5 3.2701000000000002
32702 3.5 3.2702
32703 3.5 3.2703
32704 3.5 3.2704
32705 3.5 3.2705
32706 3.5 3.2706
32707 3.5 3.2707
32708 3.5 3.2708000000000004
32709 3.5 3.2709
32710 3.5 3.2710000000000004
32711 3.5 3.2711
32712 3.5 3.2712000000000003
32713 3.5 3.2713
32714 3.5 3.2714000000000003
32715 3.5 3.2715
32716 3.5 3.2716000000000003
32717 3.5 3.2717
32718 3.5 3.2718000000000003
32719 3.5 3.2719
32720 3.5 3.2720000000000002
32721 3.5 3.2721
32722 3.5 3.2722
32723 3.5 3.2723
32724 3.5 3.2724
32725 3.5 3.2725
32726 3.5 3.2726
32727 3.5 3.2727
32728 3.5 3.2728
32729 3.5 3.2729000000000004
32730 3.5 3.273
32731 3.5 3.2731000000000003
32732 3.5 3.2732
32733 3.5 3.2733000000000003
32734 3.5 3.2734
32735 3.5 3.2735000000000003
32736 3.5 3.2736
32737 3.5 3.2737000000000003
32738 3.5 3.2738
32739 3.5 3.2739000000000003
32740 3.5 3.274
32741 3.5 3.2741000000000002
32742 3.5 3.2742
32743 3.5 3.2743
32744 3.5 3.2744
32745 3.5 3.2745
32746 3.5 3.2746
32747 3.5 3.2747
32748 3.5 3.2748000000000004
32749 3.5 3.2749
32750 3.5 3.2750000000000004
32751 3.5 3.2751
32752 3.5 3.2752000000000003
32753 3.5 3.2753
32754 3.5 3.2754000000000003
32755 3.5 3.2755
32756 3.5 3.2756000000000003
32757 3.5 3.2757
32758 3.5 3.2758000000000003
32759 3.5 3.2759
32760 3.5 3.2760000000000002
32761 3.5 3.2761
32762 3.5 3.2762000000000002
32763 3.5 3.2763
32764 3.5 3.2764
32765 3.5 3.2765
32766 3.5 3.2766
32767 3.5 3.2767
32768 3.5 3.2768
32769 3.5 3.2769000000000004
32770 3.5 3.277
32771 3.5 3.2771000000000003
32772 3.5 3.2772
32773 3.5 3.2773000000000003
32774 3.5 3.2774
32775 3.5 3.2775000000000003
32776 3.5 3.2776
32777 3.5 3.2777000000000003
32778 3.5 3.2778
32779 3.5 3.2779000000000003
32780 3.5 3.278
32781 3.5 3.2781000000000002
32782 3.5 3.2782
32783 3.5 3.2783
32784 3.5 3.2784
32785 3.5 3.2785
32786 3.5 3.2786
32787 3.5 3.2787
32788 3.5 3.2788
32789 3.5 3.2789
32790 3.5 3.2790000000000004
32791 3.5 3.2791
32792 3.5 3.2792000000000003
32793 3.5 3.2793
32794 3.5 3.2794000000000003
32795 3.5 3.2795
32796 3.5 3.2796000000000003
32797 3.5 3.2797
32798 3.5 3.2798000000000003
32799 3.5 3.2799
32800 3.5 3.2800000000000002
32801 3.5 3.2801
32802 3.5 3.2802000000000002
32803 3.5 3.2803
32804 3.5 3.2804
32805 3.5 3.2805
32806 3.5 3.2806
32807 3.5 3.2807
32808 3.5 3.2808
32809 3.5 3.2809000000000004
32810 3.5 3.281
32811 3.5 3.2811000000000003
32812 3.5 3.2812
32813 3.5 3.2813000000000003
32814 3.5 3.2814
32815 3.5 3.2815000000000003
32816 3.5 3.2816
32817 3.5 3.2817000000000003
32818 3.5 3.2818
32819 3.5 3.2819000000000003
32820 3.5 3.282
32821 3.5 3.2821000000000002
32822 3.5 3.2822
32823 3.5 3.2823
32824 3.5 3.2824
32825 3.5 3.2825
32826 3.5 3.2826
32827 3.5 3.2827
32828 3.5 3.2828
32829 3.5 3.2829
32830 3.5 3.2830000000000004
32831 3.5 3.2831
32832 3.5 3.2832000000000003
32833 3.5 3.2833
32834 3.5 3.2834000000000003
32835 3.5 3.2835
32836 3.5 3.2836000000000003
32837 3.5 3.2837
32838 3.5 3.2838000000000003
32839 3.5 3.2839
32840 3.5 3.2840000000000003
32841 3.5 3.2841
32842 3.5 3.2842000000000002
32843 3.5 3.2843
32844 3.5 3.2844
32845 3.5 3.2845
32846 3.5 3.2846
32847 3.5 3.2847
32848 3.5 3.2848
32849 3.5 3.2849000000000004
32850 3.5 3.285
32851 3.5 3.2851000000000004
32852 3.5 3.2852
32853 3.5 3.2853000000000003
32854 3.5 3.2854
32855 3.5 3.2855000000000003
32856 3.5 3.2856
32857 3.5 3.2857000000000003
32858 3.5 3.2858
32859 3.5 3.2859000000000003
32860 3.5 3.286
32861 3.5 3.2861000000000002
32862 3.5 3.2862
32863 3.5 3.2863
32864 3.5 3.2864
32865 3.5 3.2865
32866 3.5 3.2866
32867 3.5 3.2867
32868 3.5 3.2868
32869 3.5 3.2869
32870 3.5 3.2870000000000004
32871 3.5 3.2871
32872 3.5 3.2872000000000003
32873 3.5 3.2873
32874 3.5 3.2874000000000003
32875 3.5 3.2875
32876 3.5 3.2876000000000003
32877 3.5 3.2877
32878 3.5 3.2878000000000003
32879 3.5 3.2879
32880 3.5 3.2880000000000003
32881 3.5 3.2881
32882 3.5 3.2882000000000002
32883 3.5 3.2883
32884 3.5 3.2884
32885 3.5 3.2885
32886 3.5 3.2886
32887 3.5 3.2887
32888 3.5 3.2888
32889 3.5 3.2889000000000004
32890 3.5 3.289
32891 3.5 3.2891000000000004
32892 3.5 3.2892
32893 3.5 3.2893000000000003
32894 3.5 3.2894
32895 3.5 3.2895000000000003
32896 3.5 3.2896
32897 3.5 3.2897000000000003
32898 3.5 3.2898
32899 3.5 3.2899000000000003
32900 3.5 3.29
32901 3.5 3.2901000000000002
32902 3.5 3.2902
32903 3.5 3.2903000000000002
32904 3.5 3.2904
32905 3.5 3.2905
32906 3.5 3.2906
32907 3.5 3.2907
32908 3.5 3.2908
32909 3.5 3.2909
32910 3.5 3.2910000000000004
32911 3.5 3.2911
32912 3.5 3.2912000000000003
32913 3.5 3.2913
32914 3.5 3.2914000000000003
32915 3.5 3.2915
32916 3.5 3.2916000000000003
32917 3.5 3.2917
32918 3.5 3.2918000000000003
32919 3.5 3.2919
32920 3.5 3.2920000000000003
32921 3.5 3.2921
32922 3.5 3.2922000000000002
32923 3.5 3.2923
32924 3.5 3.2924
32925 3.5 3.2925
32926 3.5 3.2926
32927 3.5 3.2927
32928 3.5 3.2928
32929 3.5 3.2929
32930 3.5 3.293
32931 3.5 3.2931000000000004
32932 3.5 3.2932
32933 3.5 3.2933000000000003
32934 3.5 3.2934
32935 3.5 3.2935000000000003
32936 3.5 3.2936
32937 3.5 3.2937000000000003
32938 3.5 3.2938
32939 3.5 3.2939000000000003
32940 3.5 3.294
32941 3.5 3.2941000000000003
32942 3.5 3.2942
32943 3.5 3.2943000000000002
32944 3.5 3.2944
32945 3.5 3.2945
32946 3.5 3.2946
32947 3.5 3.2947
32948 3.5 3.2948
32949 3.5 3.2949
32950 3.5 3.2950000000000004
32951 3.5 3.2951
32952 3.5 3.2952000000000004
32953 3.5 3.2953
32954 3.5 3.2954000000000003
32955 3.5 3.2955
32956 3.5 3.2956000000000003
32957 3.5 3.2957
32958 3.5 3.2958000000000003
32959 3.5 3.2959
32960 3.5 3.2960000000000003
32961 3.5 3.2961
32962 3.5 3.2962000000000002
32963 3.5 3.2963
32964 3.5 3.2964
32965 3.5 3.2965
32966 3.5 3.2966
32967 3.5 3.2967
32968 3.5 3.2968
32969 3.5 3.2969
32970 3.5 3.297
32971 3.5 3.2971000000000004
32972 3.5 3.2972
32973 3.5 3.2973000000000003
32974 3.5 3.2974
32975 3.5 3.2975000000000003
32976 3.5 3.2976
32977 3.5 3.2977000000000003
32978 3.5 3.2978
32979 3.5 3.2979000000000003
32980 3.5 3.298
32981 3.5 3.2981000000000003
32982 3.5 3.2982
32983 3.5 3.2983000000000002
32984 3.5 3.2984
32985 3.5 3.2985
32986 3.5 3.2986
32987 3.5 3.2987
32988 3.5 3.2988
32989 3.5 3.2989
32990 3.5 3.2990000000000004
32991 3.5 3.2991
32992 3.5 3.2992000000000004
32993 3.5 3.2993
32994 3.5 3.2994000000000003
32995 3.5 3.2995
32996 3.5 3.2996000000000003
32997 3.5 3.2997
32998 3.5 3.2998000000000003
32999 3.5 3.2999
33000 3.5 3.3000000000000003
33001 3.5 3.3001
33002 3.5 3.3002000000000002
33003 3.5 3.3003
33004 3.5 3.3004000000000002
33005 3.5 3.3005
33006 3.5 3.3006
33007 3.5 3.3007
33008 3.5 3.3008
33009 3.5 3.3009
33010 3.5 3.301
33011 3.5 3.3011000000000004
33012 3.5 3.3012
33013 3.5 3.3013000000000003
33014 3.5 3.3014
33015 3.5 3.3015000000000003
33016 3.5 3.3016
33017 3.5 3.3017000000000003
33018 3.5 3.3018
33019 3.5 3.3019000000000003
33020 3.5 3.302
33021 3.5 3.3021000000000003
33022 3.5 3.3022
33023 3.5 3.3023000000000002
33024 3.5 3.3024
33025 3.5 3.3025
33026 3.5 3.3026
33027 3.5 3.3027
33028 3.5 3.3028
33029 3.5 3.3029
33030 3.5 3.3030000000000004
33031 3.5 3.3031
33032 3.5 3.3032000000000004
33033 3.5 3.3033
33034 3.5 3.3034000000000003
33035 3.5 3.3035
33036 3.5 3.3036000000000003
33037 3.5 3.3037
33038 3.5 3.3038000000000003
33039 3.5 3.3039
33040 3.5 3.3040000000000003
33041 3.5 3.3041
33042 3.5 3.3042000000000002
33043 3.5 3.3043
33044 3.5 3.3044000000000002
33045 3.5 3.3045
33046 3.5 3.3046
33047 3.5 3.3047
33048 3.5 3.3048
33049 3.5 3.3049
33050 3.5 3.305
33051 3.5 3.3051000000000004
33052 3.5 3.3052
33053 3.5 3.3053000000000003
33054 3.5 3.3054
33055 3.5 3.3055000000000003
33056 3.5 3.3056
33057 3.5 3.3057000000000003
33058 3.5 3.3058
33059 3.5 3.3059000000000003
33060 3.5 3.306
33061 3.5 3.3061000000000003
33062 3.5 3.3062
33063 3.5 3.3063000000000002
33064 3.5 3.3064
33065 3.5 3.3065
33066 3.5 3.3066
33067 3.5 3.3067
33068 3.5 3.3068
33069 3.5 3.3069
33070 3.5 3.307
33071 3.5 3.3071
33072 3.5 3.3072000000000004
33073 3.5 3.3073
33074 3.5 3.3074000000000003
33075 3.5 3.3075
33076 3.5 3.3076000000000003
33077 3.5 3.3077
33078 3.5 3.3078000000000003
33079 3.5 3.3079
33080 3.5 3.3080000000000003
33081 3.5 3.3081
33082 3.5 3.3082000000000003
33083 3.5 3.3083
33084 3.5 3.3084000000000002
33085 3.5 3.3085
33086 3.5 3.3086
33087 3.5 3.3087
33088 3.5 3.3088
33089 3.5 3.3089
33090 3.5 3.309
33091 3.5 3.3091000000000004
33092 3.5 3.3092
33093 3.5 3.3093000000000004
33094 3.5 3.3094
33095 3.5 3.3095000000000003
33096 3.5 3.3096
33097 3.5 3.3097000000000003
33098 3.5 3.3098
33099 3.5 3.3099000000000003
33100 3.5 3.31
33101 3.5 3.3101000000000003
33102 3.5 3.3102
33103 3.5 3.3103000000000002
33104 3.5 3.3104
33105 3.5 3.3105
33106 3.5 3.3106
33107 3.5 3.3107
33108 3.5 3.3108
33109 3.5 3.3109
33110 3.5 3.311
33111 3.5 3.3111
33112 3.5 3.3112000000000004
33113 3.5 3.3113
33114 3.5 3.3114000000000003
33115 3.5 3.3115
33116 3.5 3.3116000000000003
33117 3.5 3.3117
33118 3.5 3.3118000000000003
33119 3.5 3.3119
33120 3.5 3.3120000000000003
33121 3.5 3.3121
33122 3.5 3.3122000000000003
33123 3.5 3.3123
33124 3.5 3.3124000000000002
33125 3.5 3.3125
33126 3.5 3.3126
33127 3.5 3.3127
33128 3.5 3.3128
33129 3.5 3.3129
33130 3.5 3.313
33131 3.5 3.3131000000000004
33132 3.5 3.3132
33133 3.5 3.3133000000000004
33134 3.5 3.3134
33135 3.5 3.3135000000000003
33136 3.5 3.3136
33137 3.5 3.3137000000000003
33138 3.5 3.3138
33139 3.5 3.3139000000000003
33140 3.5 3.314
33141 3.5 3.3141000000000003
33142 3.5 3.3142
33143 3.5 3.3143000000000002
33144 3.5 3.3144
33145 3.5 3.3145000000000002
33146 3.5 3.3146
33147 3.5 3.3147
33148 3.5 3.3148
33149 3.5 3.3149
33150 3.5 3.315
33151 3.5 3.3151
33152 3.5 3.3152000000000004
33153 3.5 3.3153
33154 3.5 3.3154000000000003
33155 3.5 3.3155
33156 3.5 3.3156000000000003
33157 3.5 3.3157
33158 3.5 3.3158000000000003
33159 3.5 3.3159
33160 3.5 3.3160000000000003
33161 3.5 3.3161
33162 3.5 3.3162000000000003
33163 3.5 3.3163
33164 3.5 3.3164000000000002
33165 3.5 3.3165
33166 3.5 3.3166
33167 3.5 3.3167
33168 3.5 3.3168
33169 3.5 3.3169
33170 3.5 3.317
33171 3.5 3.3171
33172 3.5 3.3172
33173 3.5 3.3173000000000004
33174 3.5 3.3174
33175 3.5 3.3175000000000003
33176 3.5 3.3176
33177 3.5 3.3177000000000003
33178 3.5 3.3178
33179 3.5 3.3179000000000003
33180 3.5 3.318
33181 3.5 3.3181000000000003
33182 3.5 3.3182
33183 3.5 3.3183000000000002
33184 3.5 3.3184
33185 3.5 3.3185000000000002
33186 3.5 3.3186
33187 3.5 3.3187
33188 3.5 3.3188
33189 3.5 3.3189
33190 3.5 3.319
33191 3.5 3.3191
33192 3.5 3.3192000000000004
33193 3.5 3.3193
33194 3.5 3.3194000000000004
33195 3.5 3.3195
33196 3.5 3.3196000000000003
33197 3.5 3.3197
33198 3.5 3.3198000000000003
33199 3.5 3.3199
33200 3.5 3.3200000000000003
33201 3.5 3.3201
33202 3.5 3.3202000000000003
33203 3.5 3.3203
33204 3.5 3.3204000000000002
33205 3.5 3.3205
33206 3.5 3.3206
33207 3.5 3.3207
33208 3.5 3.3208
33209 3.5 3.3209
33210 3.5 3.321
33211 3.5 3.3211
33212 3.5 3.3212
33213 3.5 3.3213000000000004
33214 3.5 3.3214
33215 3.5 3.3215000000000003
33216 3.5 3.3216
33217 3.5 3.3217000000000003
33218 3.5 3.3218
33219 3.5 3.3219000000000003
33220 3.5 3.322
33221 3.5 3.3221000000000003
33222 3.5 3.3222
33223 3.5 3.3223000000000003
33224 3.5 3.3224
33225 3.5 3.3225000000000002
33226 3.5 3.3226
33227 3.5 3.3227
33228 3.5 3.3228
33229 3.5 3.3229
33230 3.5 3.323
33231 3.5 3.3231
33232 3.5 3.3232000000000004
33233 3.5 3.3233
33234 3.5 3.3234000000000004
33235 3.5 3.3235
33236 3.5 3.3236000000000003
33237 3.5 3.3237
33238 3.5 3.3238000000000003
33239 3.5 3.3239
33240 3.5 3.3240000000000003
33241 3.5 3.3241
33242 3.5 3.3242000000000003
33243 3.5 3.3243
33244 3.5 3.3244000000000002
33245 3.5 3.3245
33246 3.5 3.3246
33247 3.5 3.3247
33248 3.5 3.3248
33249 3.5 3.3249
33250 3.5 3.325
33251 3.5 3.3251
33252 3.5 3.3252
33253 3.5 3.3253000000000004
33254 3.5 3.3254
33255 3.5 3.3255000000000003
33256 3.5 3.3256
33257 3.5 3.3257000000000003
33258 3.5 3.3258
33259 3.5 3.3259000000000003
33260 3.5 3.326
33261 3.5 3.3261000000000003
33262 3.5 3.3262
33263 3.5 3.3263000000000003
33264 3.5 3.3264
33265 3.5 3.3265000000000002
33266 3.5 3.3266
33267 3.5 3.3267
33268 3.5 3.3268
33269 3.5 3.3269
33270 3.5 3.327
33271 3.5 3.3271
33272 3.5 3.3272000000000004
33273 3.5 3.3273
33274 3.5 3.3274000000000004
33275 3.5 3.3275
33276 3.5 3.3276000000000003
33277 3.5 3.3277
33278 3.5 3.3278000000000003
33279 3.5 3.3279
33280 3.5 3.3280000000000003
33281 3.5 3.3281
33282 3.5 3.3282000000000003
33283 3.5 3.3283
33284 3.5 3.3284000000000002
33285 3.5 3.3285
33286 3.5 3.3286000000000002
33287 3.5 3.3287
33288 3.5 3.3288
33289 3.5 3.3289
33290 3.5 3.329
33291 3.5 3.3291
33292 3.5 3.3292
33293 3.5 3.3293000000000004
33294 3.5 3.3294
33295 3.5 3.3295000000000003
33296 3.5 3.3296
33297 3.5 3.3297000000000003
33298 3.5 3.3298
33299 3.5 3.3299000000000003
33300 3.5 3.33
33301 3.5 3.3301000000000003
33302 3.5 3.3302
33303 3.5 3.3303000000000003
33304 3.5 3.3304
33305 3.5 3.3305000000000002
33306 3.5 3.3306
33307 3.5 3.3307
33308 3.5 3.3308
33309 3.5 3.3309
33310 3.5 3.331
33311 3.5 3.3311
33312 3.5 3.3312
33313 3.5 3.3313
33314 3.5 3.3314000000000004
33315 3.5 3.3315
33316 3.5 3.3316000000000003
33317 3.5 3.3317
33318 3.5 3.3318000000000003
33319 3.5 3.3319
33320 3.5 3.3320000000000003
33321 3.5 3.3321
33322 3.5 3.3322000000000003
33323 3.5 3.3323
33324 3.5 3.3324000000000003
33325 3.5 3.3325
33326 3.5 3.3326000000000002
33327 3.5 3.3327
33328 3.5 3.3328
33329 3.5 3.3329
33330 3.5 3.333
33331 3.5 3.3331
33332 3.5 3.3332
33333 3.5 3.3333000000000004
33334 3.5 3.3334
33335 3.5 3.3335000000000004
33336 3.5 3.3336
33337 3.5 3.3337000000000003
33338 3.5 3.3338
33339 3.5 3.3339000000000003
33340 3.5 3.334
33341 3.5 3.3341000000000003
33342 3.5 3.3342
33343 3.5 3.3343000000000003
33344 3.5 3.3344
33345 3.5 3.3345000000000002
33346 3.5 3.3346
33347 3.5 3.3347
33348 3.5 3.3348
33349 3.5 3.3349
33350 3.5 3.335
33351 3.5 3.3351
33352 3.5 3.3352
33353 3.5 3.3353
33354 3.5 3.3354000000000004
33355 3.5 3.3355
33356 3.5 3.3356000000000003
33357 3.5 3.3357
33358 3.5 3.3358000000000003
33359 3.5 3.3359
33360 3.5 3.3360000000000003
33361 3.5 3.3361
33362 3.5 3.3362000000000003
33363 3.5 3.3363
33364 3.5 3.3364000000000003
33365 3.5 3.3365
33366 3.5 3.3366000000000002
33367 3.5 3.3367
33368 3.5 3.3368
33369 3.5 3.3369
33370 3.5 3.337
33371 3.5 3.3371
33372 3.5 3.3372
33373 3.5 3.3373000000000004
33374 3.5 3.3374
33375 3.5 3.3375000000000004
33376 3.5 3.3376
33377 3.5 3.3377000000000003
33378 3.5 3.3378
33379 3.5 3.3379000000000003
33380 3.5 3.338
33381 3.5 3.3381000000000003
33382 3.5 3.3382
33383 3.5 3.3383000000000003
33384 3.5 3.3384
33385 3.5 3.3385000000000002
33386 3.5 3.3386
33387 3.5 3.3387000000000002
33388 3.5 3.3388
33389 3.5 3.3389
33390 3.5 3.339
33391 3.5 3.3391
33392 3.5 3.3392
33393 3.5 3.3393
33394 3.5 3.3394000000000004
33395 3.5 3.3395
33396 3.5 3.3396000000000003
33397 3.5 3.3397
33398 3.5 3.3398000000000003
33399 3.5 3.3399
33400 3.5 3.3400000000000003
33401 3.5 3.3401
33402 3.5 3.3402000000000003
33403 3.5 3.3403
33404 3.5 3.3404000000000003
33405 3.5 3.3405
33406 3.5 3.3406000000000002
33407 3.5 3.3407
33408 3.5 3.3408
33409 3.5 3.3409
33410 3.5 3.341
33411 3.5 3.3411
33412 3.5 3.3412
33413 3.5 3.3413000000000004
33414 3.5 3.3414
33415 3.5 3.3415000000000004
33416 3.5 3.3416
33417 3.5 3.3417000000000003
33418 3.5 3.3418
33419 3.5 3.3419000000000003
33420 3.5 3.342
33421 3.5 3.3421000000000003
33422 3.5 3.3422
33423 3.5 3.3423000000000003
33424 3.5 3.3424
33425 3.5 3.3425000000000002
33426 3.5 3.3426
33427 3.5 3.3427000000000002
33428 3.5 3.3428
33429 3.5 3.3429
33430 3.5 3.343
33431 3.5 3.3431
33432 3.5 3.3432
33433 3.5 3.3433
33434 3.5 3.3434000000000004
33435 3.5 3.3435
33436 3.5 3.3436000000000003
33437 3.5 3.3437
33438 3.5 3.3438000000000003
33439 3.5 3.3439
33440 3.5 3.3440000000000003
33441 3.5 3.3441
33442 3.5 3.3442000000000003
33443 3.5 3.3443
33444 3.5 3.3444000000000003
33445 3.5 3.3445
33446 3.5 3.3446000000000002
33447 3.5 3.3447
33448 3.5 3.3448
33449 3.5 3.3449
33450 3.5 3.345
33451 3.5 3.3451
33452 3.5 3.3452
33453 3.5 3.3453
33454 3.5 3.3454
33455 3.5 3.3455000000000004
33456 3.5 3.3456
33457 3.5 3.3457000000000003
33458 3.5 3.3458
33459 3.5 3.3459000000000003
33460 3.5 3.346
33461 3.5 3.3461000000000003
33462 3.5 3.3462
33463 3.5 3.3463000000000003
33464 3.5 3.3464
33465 3.5 3.3465000000000003
33466 3.5 3.3466
33467 3.5 3.3467000000000002
33468 3.5 3.3468
33469 3.5 3.3469
33470 3.5 3.347
33471 3.5 3.3471
33472 3.5 3.3472
33473 3.5 3.3473
33474 3.5 3.3474000000000004
33475 3.5 3.3475
33476 3.5 3.3476000000000004
33477 3.5 3.3477
33478 3.5 3.3478000000000003
33479 3.5 3.3479
33480 3.5 3.3480000000000003
33481 3.5 3.3481
33482 3.5 3.3482000000000003
33483 3.5 3.3483
33484 3.5 3.3484000000000003
33485 3.5 3.3485
33486 3.5 3.3486000000000002
33487 3.5 3.3487
33488 3.5 3.3488
33489 3.5 3.3489
33490 3.5 3.349
33491 3.5 3.3491
33492 3.5 3.3492
33493 3.5 3.3493
33494 3.5 3.3494
33495 3.5 3.3495000000000004
33496 3.5 3.3496
33497 3.5 3.3497000000000003
33498 3.5 3.3498
33499 3.5 3.3499000000000003
33500 3.5 3.35
33501 3.5 3.3501000000000003
33502 3.5 3.3502
33503 3.5 3.3503000000000003
33504 3.5 3.3504
33505 3.5 3.3505000000000003
33506 3.5 3.3506
33507 3.5 3.3507000000000002
33508 3.5 3.3508
33509 3.5 3.3509
33510 3.5 3.351
33511 3.5 3.3511
33512 3.5 3.3512
33513 3.5 3.3513
33514 3.5 3.3514000000000004
33515 3.5 3.3515
33516 3.5 3.3516000000000004
33517 3.5 3.3517
33518 3.5 3.3518000000000003
33519 3.5 3.3519
33520 3.5 3.3520000000000003
33521 3.5 3.3521
33522 3.5 3.3522000000000003
33523 3.5 3.3523
33524 3.5 3.3524000000000003
33525 3.5 3.3525
33526 3.5 3.3526000000000002
33527 3.5 3.3527
33528 3.5 3.3528000000000002
33529 3.5 3.3529
33530 3.5 3.353
33531 3.5 3.3531
33532 3.5 3.3532
33533 3.5 3.3533
33534 3.5 3.3534
33535 3.5 3.3535000000000004
33536 3.5 3.3536
33537 3.5 3.3537000000000003
33538 3.5 3.3538
33539 3.5 3.3539000000000003
33540 3.5 3.354
33541 3.5 3.3541000000000003
33542 3.5 3.3542
33543 3.5 3.3543000000000003
33544 3.5 3.3544
33545 3.5 3.3545000000000003
33546 3.5 3.3546
33547 3.5 3.3547000000000002
33548 3.5 3.3548
33549 3.5 3.3549
33550 3.5 3.355
33551 3.5 3.3551
33552 3.5 3.3552
33553 3.5 3.3553
33554 3.5 3.3554000000000004
33555 3.5 3.3555
33556 3.5 3.3556000000000004
33557 3.5 3.3557
33558 3.5 3.3558000000000003
33559 3.5 3.3559
33560 3.5 3.3560000000000003
33561 3.5 3.3561
33562 3.5 3.3562000000000003
33563 3.5 3.3563
33564 3.5 3.3564000000000003
33565 3.5 3.3565
33566 3.5 3.3566000000000003
33567 3.5 3.3567
33568 3.5 3.3568000000000002
33569 3.5 3.3569
33570 3.5 3.357
33571 3.5 3.3571
33572 3.5 3.3572
33573 3.5 3.3573
33574 3.5 3.3574
33575 3.5 3.3575000000000004
33576 3.5 3.3576
33577 3.5 3.3577000000000004
33578 3.5 3.3578
33579 3.5 3.3579000000000003
33580 3.5 3.358
33581 3.5 3.3581000000000003
33582 3.5 3.3582
33583 3.5 3.3583000000000003
33584 3.5 3.3584
33585 3.5 3.3585000000000003
33586 3.5 3.3586
33587 3.5 3.3587000000000002
33588 3.5 3.3588
33589 3.5 3.3589
33590 3.5 3.359
33591 3.5 3.3591
33592 3.5 3.3592
33593 3.5 3.3593
33594 3.5 3.3594
33595 3.5 3.3595
33596 3.5 3.3596000000000004
33597 3.5 3.3597
33598 3.5 3.3598000000000003
33599 3.5 3.3599
33600 3.5 3.3600000000000003
33601 3.5 3.3601
33602 3.5 3.3602000000000003
33603 3.5 3.3603
33604 3.5 3.3604000000000003
33605 3.5 3.3605
33606 3.5 3.3606000000000003
33607 3.5 3.3607
33608 3.5 3.3608000000000002
33609 3.5 3.3609
33610 3.5 3.361
33611 3.5 3.3611
33612 3.5 3.3612
33613 3.5 3.3613
33614 3.5 3.3614
33615 3.5 3.3615000000000004
33616 3.5 3.3616
33617 3.5 3.3617000000000004
33618 3.5 3.3618
33619 3.5 3.3619000000000003
33620 3.5 3.362
33621 3.5 3.3621000000000003
33622 3.5 3.3622
33623 3.5 3.3623000000000003
33624 3.5 3.3624
33625 3.5 3.3625000000000003
33626 3.5 3.3626
33627 3.5 3.3627000000000002
33628 3.5 3.3628
33629 3.5 3.3629000000000002
33630 3.5 3.363
33631 3.5 3.3631
33632 3.5 3.3632
33633 3.5 3.3633
33634 3.5 3.3634
33635 3.5 3.3635
33636 3.5 3.3636000000000004
33637 3.5 3.3637
33638 3.5 3.3638000000000003
33639 3.5 3.3639
33640 3.5 3.3640000000000003
33641 3.5 3.3641
33642 3.5 3.3642000000000003
33643 3.5 3.3643
33644 3.5 3.3644000000000003
33645 3.5 3.3645
33646 3.5 3.3646000000000003
33647 3.5 3.3647
33648 3.5 3.3648000000000002
33649 3.5 3.3649
33650 3.5 3.365
33651 3.5 3.3651
33652 3.5 3.3652
33653 3.5 3.3653
33654 3.5 3.3654
33655 3.5 3.3655000000000004
33656 3.5 3.3656
33657 3.5 3.3657000000000004
33658 3.5 3.3658
33659 3.5 3.3659000000000003
33660 3.5 3.366
33661 3.5 3.3661000000000003
33662 3.5 3.3662
33663 3.5 3.3663000000000003
33664 3.5 3.3664
33665 3.5 3.3665000000000003
33666 3.5 3.3666
33667 3.5 3.3667000000000002
33668 3.5 3.3668
33669 3.5 3.3669000000000002
33670 3.5 3.367
33671 3.5 3.3671
33672 3.5 3.3672
33673 3.5 3.3673
33674 3.5 3.3674
33675 3.5 3.3675
33676 3.5 3.3676000000000004
33677 3.5 3.3677
33678 3.5 3.3678000000000003
33679 3.5 3.3679
33680 3.5 3.3680000000000003
33681 3.5 3.3681
33682 3.5 3.3682000000000003
33683 3.5 3.3683
33684 3.5 3.3684000000000003
33685 3.5 3.3685
33686 3.5 3.3686000000000003
33687 3.5 3.3687
33688 3.5 3.3688000000000002
33689 3.5 3.3689
33690 3.5 3.369
33691 3.5 3.3691
33692 3.5 3.3692
33693 3.5 3.3693
33694 3.5 3.3694
33695 3.5 3.3695
33696 3.5 3.3696
33697 3.5 3.3697000000000004
33698 3.5 3.3698
33699 3.5 3.3699000000000003
33700 3.5 3.37
33701 3.5 3.3701000000000003
33702 3.5 3.3702
33703 3.5 3.3703000000000003
33704 3.5 3.3704
33705 3.5 3.3705000000000003
33706 3.5 3.3706
33707 3.5 3.3707000000000003
33708 3.5 3.3708
33709 3.5 3.3709000000000002
33710 3.5 3.371
33711 3.5 3.3711
33712 3.5 3.3712
33713 3.5 3.3713
33714 3.5 3.3714
33715 3.5 3.3715
33716 3.5 3.3716000000000004
33717 3.5 3.3717
33718 3.5 3.3718000000000004
33719 3.5 3.3719
33720 3.5 3.3720000000000003
33721 3.5 3.3721
33722 3.5 3.3722000000000003
33723 3.5 3.3723
33724 3.5 3.3724000000000003
33725 3.5 3.3725
33726 3.5 3.3726000000000003
33727 3.5 3.3727
33728 3.5 3.3728000000000002
33729 3.5 3.3729
33730 3.5 3.373
33731 3.5 3.3731
33732 3.5 3.3732
33733 3.5 3.3733
33734 3.5 3.3734
33735 3.5 3.3735
33736 3.5 3.3736
33737 3.5 3.3737000000000004
33738 3.5 3.3738
33739 3.5 3.3739000000000003
33740 3.5 3.374
33741 3.5 3.3741000000000003
33742 3.5 3.3742
33743 3.5 3.3743000000000003
33744 3.5 3.3744
33745 3.5 3.3745000000000003
33746 3.5 3.3746
33747 3.5 3.3747000000000003
33748 3.5 3.3748
33749 3.5 3.3749000000000002
33750 3.5 3.375
33751 3.5 3.3751
33752 3.5 3.3752
33753 3.5 3.3753
33754 3.5 3.3754
33755 3.5 3.3755
33756 3.5 3.3756000000000004
33757 3.5 3.3757
33758 3.5 3.3758000000000004
33759 3.5 3.3759
33760 3.5 3.3760000000000003
33761 3.5 3.3761
33762 3.5 3.3762000000000003
33763 3.5 3.3763
33764 3.5 3.3764000000000003
33765 3.5 3.3765
33766 3.5 3.3766000000000003
33767 3.5 3.3767
33768 3.5 3.3768000000000002
33769 3.5 3.3769
33770 3.5 3.3770000000000002
33771 3.5 3.3771
33772 3.5 3.3772
33773 3.5 3.3773
33774 3.5 3.3774
33775 3.5 3.3775
33776 3.5 3.3776
33777 3.5 3.3777000000000004
33778 3.5 3.3778
33779 3.5 3.3779000000000003
33780 3.5 3.378
33781 3.5 3.3781000000000003
33782 3.5 3.3782
33783 3.5 3.3783000000000003
33784 3.5 3.3784
33785 3.5 3.3785000000000003
33786 3.5 3.3786
33787 3.5 3.3787000000000003
33788 3.5 3.3788
33789 3.5 3.3789000000000002
33790 3.5 3.379
33791 3.5 3.3791
33792 3.5 3.3792
33793 3.5 3.3793
33794 3.5 3.3794
33795 3.5 3.3795
33796 3.5 3.3796000000000004
33797 3.5 3.3797
33798 3.5 3.3798000000000004
33799 3.5 3.3799
33800 3.5 3.3800000000000003
33801 3.5 3.3801
33802 3.5 3.3802000000000003
33803 3.5 3.3803
33804 3.5 3.3804000000000003
33805 3.5 3.3805
33806 3.5 3.3806000000000003
33807 3.5 3.3807
33808 3.5 3.3808000000000002
33809 3.5 3.3809
33810 3.5 3.3810000000000002
33811 3.5 3.3811
33812 3.5 3.3812
33813 3.5 3.3813
33814 3.5 3.3814
33815 3.5 3.3815
33816 3.5 3.3816
33817 3.5 3.3817000000000004
33818 3.5 3.3818
33819 3.5 3.3819000000000004
33820 3.5 3.382
33821 3.5 3.3821000000000003
33822 3.5 3.3822
33823 3.5 3.3823000000000003
33824 3.5 3.3824
33825 3.5 3.3825000000000003
33826 3.5 3.3826
33827 3.5 3.3827000000000003
33828 3.5 3.3828
33829 3.5 3.3829000000000002
33830 3.5 3.383
33831 3.5 3.3831
33832 3.5 3.3832
33833 3.5 3.3833
33834 3.5 3.3834
33835 3.5 3.3835
33836 3.5 3.3836
33837 3.5 3.3837
33838 3.5 3.3838000000000004
33839 3.5 3.3839
33840 3.5 3.3840000000000003
33841 3.5 3.3841
33842 3.5 3.3842000000000003
33843 3.5 3.3843
33844 3.5 3.3844000000000003
33845 3.5 3.3845
33846 3.5 3.3846000000000003
33847 3.5 3.3847
33848 3.5 3.3848000000000003
33849 3.5 3.3849
33850 3.5 3.3850000000000002
33851 3.5 3.3851
33852 3.5 3.3852
33853 3.5 3.3853
33854 3.5 3.3854
33855 3.5 3.3855
33856 3.5 3.3856
33857 3.5 3.3857000000000004
33858 3.5 3.3858
33859 3.5 3.3859000000000004
33860 3.5 3.386
33861 3.5 3.3861000000000003
33862 3.5 3.3862
33863 3.5 3.3863000000000003
33864 3.5 3.3864
33865 3.5 3.3865000000000003
33866 3.5 3.3866
33867 3.5 3.3867000000000003
33868 3.5 3.3868
33869 3.5 3.3869000000000002
33870 3.5 3.387
33871 3.5 3.3871
33872 3.5 3.3872
33873 3.5 3.3873
33874 3.5 3.3874
33875 3.5 3.3875
33876 3.5 3.3876
33877 3.5 3.3877
33878 3.5 3.3878000000000004
33879 3.5 3.3879
33880 3.5 3.3880000000000003
33881 3.5 3.3881
33882 3.5 3.3882000000000003
33883 3.5 3.3883
33884 3.5 3.3884000000000003
33885 3.5 3.3885
33886 3.5 3.3886000000000003
33887 3.5 3.3887
33888 3.5 3.3888000000000003
33889 3.5 3.3889
33890 3.5 3.3890000000000002
33891 3.5 3.3891
33892 3.5 3.3892
33893 3.5 3.3893
33894 3.5 3.3894
33895 3.5 3.3895
33896 3.5 3.3896
33897 3.5 3.3897000000000004
33898 3.5 3.3898
33899 3.5 3.3899000000000004
33900 3.5 3.39
33901 3.5 3.3901000000000003
33902 3.5 3.3902
33903 3.5 3.3903000000000003
33904 3.5 3.3904
33905 3.5 3.3905000000000003
33906 3.5 3.3906
33907 3.5 3.3907000000000003
33908 3.5 3.3908
33909 3.5 3.3909000000000002
33910 3.5 3.391
33911 3.5 3.3911000000000002
33912 3.5 3.3912
33913 3.5 3.3913
33914 3.5 3.3914
33915 3.5 3.3915
33916 3.5 3.3916
33917 3.5 3.3917
33918 3.5 3.3918000000000004
33919 3.5 3.3919
33920 3.5 3.3920000000000003
33921 3.5 3.3921
33922 3.5 3.3922000000000003
33923 3.5 3.3923
33924 3.5 3.3924000000000003
33925 3.5 3.3925
33926 3.5 3.3926000000000003
33927 3.5 3.3927
33928 3.5 3.3928000000000003
33929 3.5 3.3929
33930 3.5 3.3930000000000002
33931 3.5 3.3931
33932 3.5 3.3932
33933 3.5 3.3933
33934 3.5 3.3934
33935 3.5 3.3935
33936 3.5 3.3936
33937 3.5 3.3937000000000004
33938 3.5 3.3938
33939 3.5 3.3939000000000004
33940 3.5 3.394
33941 3.5 3.3941000000000003
33942 3.5 3.3942
33943 3.5 3.3943000000000003
33944 3.5 3.3944
33945 3.5 3.3945000000000003
33946 3.5 3.3946
33947 3.5 3.3947000000000003
33948 3.5 3.3948
33949 3.5 3.3949000000000003
33950 3.5 3.395
33951 3.5 3.3951000000000002
33952 3.5 3.3952
33953 3.5 3.3953
33954 3.5 3.3954
33955 3.5 3.3955
33956 3.5 3.3956
33957 3.5 3.3957
33958 3.5 3.3958000000000004
33959 3.5 3.3959
33960 3.5 3.3960000000000004
33961 3.5 3.3961
33962 3.5 3.3962000000000003
33963 3.5 3.3963
33964 3.5 3.3964000000000003
33965 3.5 3.3965
33966 3.5 3.3966000000000003
33967 3.5 3.3967
33968 3.5 3.3968000000000003
33969 3.5 3.3969
33970 3.5 3.3970000000000002
33971 3.5 3.3971
33972 3.5 3.3972
33973 3.5 3.3973
33974 3.5 3.3974
33975 3.5 3.3975
33976 3.5 3.3976
33977 3.5 3.3977
33978 3.5 3.3978
33979 3.5 3.3979000000000004
33980 3.5 3.398
33981 3.5 3.3981000000000003
33982 3.5 3.3982
33983 3.5 3.3983000000000003
33984 3.5 3.3984
33985 3.5 3.3985000000000003
33986 3.5 3.3986
33987 3.5 3.3987000000000003
33988 3.5 3.3988
33989 3.5 3.3989000000000003
33990 3.5 3.399
33991 3.5 3.3991000000000002
33992 3.5 3.3992
33993 3.5 3.3993
33994 3.5 3.3994
33995 3.5 3.3995
33996 3.5 3.3996
33997 3.5 3.3997
33998 3.5 3.3998000000000004
33999 3.5 3.3999
34000 3.5 3.4000000000000004
34001 3.5 3.4001
34002 3.5 3.4002000000000003
34003 3.5 3.4003
34004 3.5 3.4004000000000003
34005 3.5 3.4005
34006 3.5 3.4006000000000003
34007 3.5 3.4007
34008 3.5 3.4008000000000003
34009 3.5 3.4009
34010 3.5 3.4010000000000002
34011 3.5 3.4011
34012 3.5 3.4012000000000002
34013 3.5 3.4013
34014 3.5 3.4014
34015 3.5 3.4015
34016 3.5 3.4016
34017 3.5 3.4017
34018 3.5 3.4018
34019 3.5 3.4019000000000004
34020 3.5 3.402
34021 3.5 3.4021000000000003
34022 3.5 3.4022
34023 3.5 3.4023000000000003
34024 3.5 3.4024
34025 3.5 3.4025000000000003
34026 3.5 3.4026
34027 3.5 3.4027000000000003
34028 3.5 3.4028
34029 3.5 3.4029000000000003
34030 3.5 3.403
34031 3.5 3.4031000000000002
34032 3.5 3.4032
34033 3.5 3.4033
34034 3.5 3.4034
34035 3.5 3.4035
34036 3.5 3.4036
34037 3.5 3.4037
34038 3.5 3.4038000000000004
34039 3.5 3.4039
34040 3.5 3.4040000000000004
34041 3.5 3.4041
34042 3.5 3.4042000000000003
34043 3.5 3.4043
34044 3.5 3.4044000000000003
34045 3.5 3.4045
34046 3.5 3.4046000000000003
34047 3.5 3.4047
34048 3.5 3.4048000000000003
34049 3.5 3.4049
34050 3.5 3.4050000000000002
34051 3.5 3.4051
34052 3.5 3.4052000000000002
34053 3.5 3.4053
34054 3.5 3.4054
34055 3.5 3.4055
34056 3.5 3.4056
34057 3.5 3.4057
34058 3.5 3.4058
34059 3.5 3.4059000000000004
34060 3.5 3.406
34061 3.5 3.4061000000000003
34062 3.5 3.4062
34063 3.5 3.4063000000000003
34064 3.5 3.4064
34065 3.5 3.4065000000000003
34066 3.5 3.4066
34067 3.5 3.4067000000000003
34068 3.5 3.4068
34069 3.5 3.4069000000000003
34070 3.5 3.407
34071 3.5 3.4071000000000002
34072 3.5 3.4072
34073 3.5 3.4073
34074 3.5 3.4074
34075 3.5 3.4075
34076 3.5 3.4076
34077 3.5 3.4077
34078 3.5 3.4078000000000004
34079 3.5 3.4079
34080 3.5 3.4080000000000004
34081 3.5 3.4081
34082 3.5 3.4082000000000003
34083 3.5 3.4083
34084 3.5 3.4084000000000003
34085 3.5 3.4085
34086 3.5 3.4086000000000003
34087 3.5 3.4087
34088 3.5 3.4088000000000003
34089 3.5 3.4089
34090 3.5 3.4090000000000003
34091 3.5 3.4091
34092 3.5 3.4092000000000002
34093 3.5 3.4093
34094 3.5 3.4094
34095 3.5 3.4095
34096 3.5 3.4096
34097 3.5 3.4097
34098 3.5 3.4098
34099 3.5 3.4099000000000004
34100 3.5 3.41
34101 3.5 3.4101000000000004
34102 3.5 3.4102
34103 3.5 3.4103000000000003
34104 3.5 3.4104
34105 3.5 3.4105000000000003
34106 3.5 3.4106
34107 3.5 3.4107000000000003
34108 3.5 3.4108
34109 3.5 3.4109000000000003
34110 3.5 3.411
34111 3.5 3.4111000000000002
34112 3.5 3.4112
34113 3.5 3.4113
34114 3.5 3.4114
34115 3.5 3.4115
34116 3.5 3.4116
34117 3.5 3.4117
34118 3.5 3.4118
34119 3.5 3.4119
34120 3.5 3.4120000000000004
34121 3.5 3.4121
34122 3.5 3.4122000000000003
34123 3.5 3.4123
34124 3.5 3.4124000000000003
34125 3.5 3.4125
34126 3.5 3.4126000000000003
34127 3.5 3.4127
34128 3.5 3.4128000000000003
34129 3.5 3.4129
34130 3.5 3.4130000000000003
34131 3.5 3.4131
34132 3.5 3.4132000000000002
34133 3.5 3.4133
34134 3.5 3.4134
34135 3.5 3.4135
34136 3.5 3.4136
34137 3.5 3.4137
34138 3.5 3.4138
34139 3.5 3.4139000000000004
34140 3.5 3.414
34141 3.5 3.4141000000000004
34142 3.5 3.4142
34143 3.5 3.4143000000000003
34144 3.5 3.4144
34145 3.5 3.4145000000000003
34146 3.5 3.4146
34147 3.5 3.4147000000000003
34148 3.5 3.4148
34149 3.5 3.4149000000000003
34150 3.5 3.415
34151 3.5 3.4151000000000002
34152 3.5 3.4152
34153 3.5 3.4153000000000002
34154 3.5 3.4154
34155 3.5 3.4155
34156 3.5 3.4156
34157 3.5 3.4157
34158 3.5 3.4158
34159 3.5 3.4159
34160 3.5 3.4160000000000004
34161 3.5 3.4161
34162 3.5 3.4162000000000003
34163 3.5 3.4163
34164 3.5 3.4164000000000003
34165 3.5 3.4165
34166 3.5 3.4166000000000003
34167 3.5 3.4167
34168 3.5 3.4168000000000003
34169 3.5 3.4169
34170 3.5 3.4170000000000003
34171 3.5 3.4171
34172 3.5 3.4172000000000002
34173 3.5 3.4173
34174 3.5 3.4174
34175 3.5 3.4175
34176 3.5 3.4176
34177 3.5 3.4177
34178 3.5 3.4178
34179 3.5 3.4179000000000004
34180 3.5 3.418
34181 3.5 3.4181000000000004
34182 3.5 3.4182
34183 3.5 3.4183000000000003
34184 3.5 3.4184
34185 3.5 3.4185000000000003
34186 3.5 3.4186
34187 3.5 3.4187000000000003
34188 3.5 3.4188
34189 3.5 3.4189000000000003
34190 3.5 3.419
34191 3.5 3.4191000000000003
34192 3.5 3.4192
34193 3.5 3.4193000000000002
34194 3.5 3.4194
34195 3.5 3.4195
34196 3.5 3.4196
34197 3.5 3.4197
34198 3.5 3.4198
34199 3.5 3.4199
34200 3.5 3.4200000000000004
34201 3.5 3.4201
34202 3.5 3.4202000000000004
34203 3.5 3.4203
34204 3.5 3.4204000000000003
34205 3.5 3.4205
34206 3.5 3.4206000000000003
34207 3.5 3.4207
34208 3.5 3.4208000000000003
34209 3.5 3.4209
34210 3.5 3.4210000000000003
34211 3.5 3.4211
34212 3.5 3.4212000000000002
34213 3.5 3.4213
34214 3.5 3.4214
34215 3.5 3.4215
34216 3.5 3.4216
34217 3.5 3.4217
34218 3.5 3.4218
34219 3.5 3.4219000000000004
34220 3.5 3.422
34221 3.5 3.4221000000000004
34222 3.5 3.4222
34223 3.5 3.4223000000000003
34224 3.5 3.4224
34225 3.5 3.4225000000000003
34226 3.5 3.4226
34227 3.5 3.4227000000000003
34228 3.5 3.4228
34229 3.5 3.4229000000000003
34230 3.5 3.423
34231 3.5 3.4231000000000003
34232 3.5 3.4232
34233 3.5 3.4233000000000002
34234 3.5 3.4234
34235 3.5 3.4235
34236 3.5 3.4236
34237 3.5 3.4237
34238 3.5 3.4238
34239 3.5 3.4239
34240 3.5 3.4240000000000004
34241 3.5 3.4241
34242 3.5 3.4242000000000004
34243 3.5 3.4243
34244 3.5 3.4244000000000003
34245 3.5 3.4245
34246 3.5 3.4246000000000003
34247 3.5 3.4247
34248 3.5 3.4248000000000003
34249 3.5 3.4249
34250 3.5 3.4250000000000003
34251 3.5 3.4251
34252 3.5 3.4252000000000002
34253 3.5 3.4253
34254 3.5 3.4254000000000002
34255 3.5 3.4255
34256 3.5 3.4256
34257 3.5 3.4257
34258 3.5 3.4258
34259 3.5 3.4259
34260 3.5 3.426
34261 3.5 3.4261000000000004
34262 3.5 3.4262
34263 3.5 3.4263000000000003
34264 3.5 3.4264
34265 3.5 3.4265000000000003
34266 3.5 3.4266
34267 3.5 3.4267000000000003
34268 3.5 3.4268
34269 3.5 3.4269000000000003
34270 3.5 3.427
34271 3.5 3.4271000000000003
34272 3.5 3.4272
34273 3.5 3.4273000000000002
34274 3.5 3.4274
34275 3.5 3.4275
34276 3.5 3.4276
34277 3.5 3.4277
34278 3.5 3.4278
34279 3.5 3.4279
34280 3.5 3.4280000000000004
34281 3.5 3.4281
34282 3.5 3.4282000000000004
34283 3.5 3.4283
34284 3.5 3.4284000000000003
34285 3.5 3.4285
34286 3.5 3.4286000000000003
34287 3.5 3.4287
34288 3.5 3.4288000000000003
34289 3.5 3.4289
34290 3.5 3.4290000000000003
34291 3.5 3.4291
34292 3.5 3.4292000000000002
34293 3.5 3.4293
34294 3.5 3.4294000000000002
34295 3.5 3.4295
34296 3.5 3.4296
34297 3.5 3.4297
34298 3.5 3.4298
34299 3.5 3.4299
34300 3.5 3.43
34301 3.5 3.4301000000000004
34302 3.5 3.4302
34303 3.5 3.4303000000000003
34304 3.5 3.4304
34305 3.5 3.4305000000000003
34306 3.5 3.4306
34307 3.5 3.4307000000000003
34308 3.5 3.4308
34309 3.5 3.4309000000000003
34310 3.5 3.431
34311 3.5 3.4311000000000003
34312 3.5 3.4312
34313 3.5 3.4313000000000002
34314 3.5 3.4314
34315 3.5 3.4315
34316 3.5 3.4316
34317 3.5 3.4317
34318 3.5 3.4318
34319 3.5 3.4319
34320 3.5 3.4320000000000004
34321 3.5 3.4321
34322 3.5 3.4322000000000004
34323 3.5 3.4323
34324 3.5 3.4324000000000003
34325 3.5 3.4325
34326 3.5 3.4326000000000003
34327 3.5 3.4327
34328 3.5 3.4328000000000003
34329 3.5 3.4329
34330 3.5 3.4330000000000003
34331 3.5 3.4331
34332 3.5 3.4332000000000003
34333 3.5 3.4333
34334 3.5 3.4334000000000002
34335 3.5 3.4335
34336 3.5 3.4336
34337 3.5 3.4337
34338 3.5 3.4338
34339 3.5 3.4339
34340 3.5 3.434
34341 3.5 3.4341000000000004
34342 3.5 3.4342
34343 3.5 3.4343000000000004
34344 3.5 3.4344
34345 3.5 3.4345000000000003
34346 3.5 3.4346
34347 3.5 3.4347000000000003
34348 3.5 3.4348
34349 3.5 3.4349000000000003
34350 3.5 3.435
34351 3.5 3.4351000000000003
34352 3.5 3.4352
34353 3.5 3.4353000000000002
34354 3.5 3.4354
34355 3.5 3.4355
34356 3.5 3.4356
34357 3.5 3.4357
34358 3.5 3.4358
34359 3.5 3.4359
34360 3.5 3.436
34361 3.5 3.4361
34362 3.5 3.4362000000000004
34363 3.5 3.4363
34364 3.5 3.4364000000000003
34365 3.5 3.4365
34366 3.5 3.4366000000000003
34367 3.5 3.4367
34368 3.5 3.4368000000000003
34369 3.5 3.4369
34370 3.5 3.4370000000000003
34371 3.5 3.4371
34372 3.5 3.4372000000000003
34373 3.5 3.4373
34374 3.5 3.4374000000000002
34375 3.5 3.4375
34376 3.5 3.4376
34377 3.5 3.4377
34378 3.5 3.4378
34379 3.5 3.4379
34380 3.5 3.438
34381 3.5 3.4381000000000004
34382 3.5 3.4382
34383 3.5 3.4383000000000004
34384 3.5 3.4384
34385 3.5 3.4385000000000003
34386 3.5 3.4386
34387 3.5 3.4387000000000003
34388 3.5 3.4388
34389 3.5 3.4389000000000003
34390 3.5 3.439
34391 3.5 3.4391000000000003
34392 3.5 3.4392
34393 3.5 3.4393000000000002
34394 3.5 3.4394
34395 3.5 3.4395000000000002
34396 3.5 3.4396
34397 3.5 3.4397
34398 3.5 3.4398
34399 3.5 3.4399
34400 3.5 3.44
34401 3.5 3.4401
34402 3.5 3.4402000000000004
34403 3.5 3.4403
34404 3.5 3.4404000000000003
34405 3.5 3.4405
34406 3.5 3.4406000000000003
34407 3.5 3.4407
34408 3.5 3.4408000000000003
34409 3.5 3.4409
34410 3.5 3.4410000000000003
34411 3.5 3.4411
34412 3.5 3.4412000000000003
34413 3.5 3.4413
34414 3.5 3.4414000000000002
34415 3.5 3.4415
34416 3.5 3.4416
34417 3.5 3.4417
34418 3.5 3.4418
34419 3.5 3.4419
34420 3.5 3.442
34421 3.5 3.4421000000000004
34422 3.5 3.4422
34423 3.5 3.4423000000000004
34424 3.5 3.4424
34425 3.5 3.4425000000000003
34426 3.5 3.4426
34427 3.5 3.4427000000000003
34428 3.5 3.4428
34429 3.5 3.4429000000000003
34430 3.5 3.443
34431 3.5 3.4431000000000003
34432 3.5 3.4432
34433 3.5 3.4433000000000002
34434 3.5 3.4434
34435 3.5 3.4435000000000002
34436 3.5 3.4436
34437 3.5 3.4437
34438 3.5 3.4438
34439 3.5 3.4439
34440 3.5 3.444
34441 3.5 3.4441
34442 3.5 3.4442000000000004
34443 3.5 3.4443
34444 3.5 3.4444000000000004
34445 3.5 3.4445
34446 3.5 3.4446000000000003
34447 3.5 3.4447
34448 3.5 3.4448000000000003
34449 3.5 3.4449
34450 3.5 3.4450000000000003
34451 3.5 3.4451
34452 3.5 3.4452000000000003
34453 3.5 3.4453
34454 3.5 3.4454000000000002
34455 3.5 3.4455
34456 3.5 3.4456
34457 3.5 3.4457
34458 3.5 3.4458
34459 3.5 3.4459
34460 3.5 3.446
34461 3.5 3.4461000000000004
34462 3.5 3.4462
34463 3.5 3.4463000000000004
34464 3.5 3.4464
34465 3.5 3.4465000000000003
34466 3.5 3.4466
34467 3.5 3.4467000000000003
34468 3.5 3.4468
34469 3.5 3.4469000000000003
34470 3.5 3.447
34471 3.5 3.4471000000000003
34472 3.5 3.4472
34473 3.5 3.4473000000000003
34474 3.5 3.4474
34475 3.5 3.4475000000000002
34476 3.5 3.4476
34477 3.5 3.4477
34478 3.5 3.4478
34479 3.5 3.4479
34480 3.5 3.448
34481 3.5 3.4481
34482 3.5 3.4482000000000004
34483 3.5 3.4483
34484 3.5 3.4484000000000004
34485 3.5 3.4485
34486 3.5 3.4486000000000003
34487 3.5 3.4487
34488 3.5 3.4488000000000003
34489 3.5 3.4489
34490 3.5 3.4490000000000003
34491 3.5 3.4491
34492 3.5 3.4492000000000003
34493 3.5 3.4493
34494 3.5 3.4494000000000002
34495 3.5 3.4495
34496 3.5 3.4496
34497 3.5 3.4497
34498 3.5 3.4498
34499 3.5 3.4499
34500 3.5 3.45
34501 3.5 3.4501
34502 3.5 3.4502
34503 3.5 3.4503000000000004
34504 3.5 3.4504
34505 3.5 3.4505000000000003
34506 3.5 3.4506
34507 3.5 3.4507000000000003
34508 3.5 3.4508
34509 3.5 3.4509000000000003
34510 3.5 3.451
34511 3.5 3.4511000000000003
34512 3.5 3.4512
34513 3.5 3.4513000000000003
34514 3.5 3.4514
34515 3.5 3.4515000000000002
34516 3.5 3.4516
34517 3.5 3.4517
34518 3.5 3.4518
34519 3.5 3.4519
34520 3.5 3.452
34521 3.5 3.4521
34522 3.5 3.4522000000000004
34523 3.5 3.4523
34524 3.5 3.4524000000000004
34525 3.5 3.4525
34526 3.5 3.4526000000000003
34527 3.5 3.4527
34528 3.5 3.4528000000000003
34529 3.5 3.4529
34530 3.5 3.4530000000000003
34531 3.5 3.4531
34532 3.5 3.4532000000000003
34533 3.5 3.4533
34534 3.5 3.4534000000000002
34535 3.5 3.4535
34536 3.5 3.4536000000000002
34537 3.5 3.4537
34538 3.5 3.4538
34539 3.5 3.4539
34540 3.5 3.454
34541 3.5 3.4541
34542 3.5 3.4542
34543 3.5 3.4543000000000004
34544 3.5 3.4544
34545 3.5 3.4545000000000003
34546 3.5 3.4546
34547 3.5 3.4547000000000003
34548 3.5 3.4548
34549 3.5 3.4549000000000003
34550 3.5 3.455
34551 3.5 3.4551000000000003
34552 3.5 3.4552
34553 3.5 3.4553000000000003
34554 3.5 3.4554
34555 3.5 3.4555000000000002
34556 3.5 3.4556
34557 3.5 3.4557
34558 3.5 3.4558
34559 3.5 3.4559
34560 3.5 3.456
34561 3.5 3.4561
34562 3.5 3.4562000000000004
34563 3.5 3.4563
34564 3.5 3.4564000000000004
34565 3.5 3.4565
34566 3.5 3.4566000000000003
34567 3.5 3.4567
34568 3.5 3.4568000000000003
34569 3.5 3.4569
34570 3.5 3.4570000000000003
34571 3.5 3.4571
34572 3.5 3.4572000000000003
34573 3.5 3.4573
34574 3.5 3.4574000000000003
34575 3.5 3.4575
34576 3.5 3.4576000000000002
34577 3.5 3.4577
34578 3.5 3.4578
34579 3.5 3.4579
34580 3.5 3.458
34581 3.5 3.4581
34582 3.5 3.4582
34583 3.5 3.4583000000000004
34584 3.5 3.4584
34585 3.5 3.4585000000000004
34586 3.5 3.4586
34587 3.5 3.4587000000000003
34588 3.5 3.4588
34589 3.5 3.4589000000000003
34590 3.5 3.459
34591 3.5 3.4591000000000003
34592 3.5 3.4592
34593 3.5 3.4593000000000003
34594 3.5 3.4594
34595 3.5 3.4595000000000002
34596 3.5 3.4596
34597 3.5 3.4597
34598 3.5 3.4598
34599 3.5 3.4599
34600 3.5 3.46
34601 3.5 3.4601
34602 3.5 3.4602000000000004
34603 3.5 3.4603
34604 3.5 3.4604000000000004
34605 3.5 3.4605
34606 3.5 3.4606000000000003
34607 3.5 3.4607
34608 3.5 3.4608000000000003
34609 3.5 3.4609
34610 3.5 3.4610000000000003
34611 3.5 3.4611
34612 3.5 3.4612000000000003
34613 3.5 3.4613
34614 3.5 3.4614000000000003
34615 3.5 3.4615
34616 3.5 3.4616000000000002
34617 3.5 3.4617
34618 3.5 3.4618
34619 3.5 3.4619
34620 3.5 3.462
34621 3.5 3.4621
34622 3.5 3.4622
34623 3.5 3.4623000000000004
34624 3.5 3.4624
34625 3.5 3.4625000000000004
34626 3.5 3.4626
34627 3.5 3.4627000000000003
34628 3.5 3.4628
34629 3.5 3.4629000000000003
34630 3.5 3.463
34631 3.5 3.4631000000000003
34632 3.5 3.4632
34633 3.5 3.4633000000000003
34634 3.5 3.4634
34635 3.5 3.4635000000000002
34636 3.5 3.4636
34637 3.5 3.4637000000000002
34638 3.5 3.4638
34639 3.5 3.4639
34640 3.5 3.464
34641 3.5 3.4641
34642 3.5 3.4642
34643 3.5 3.4643
34644 3.5 3.4644000000000004
34645 3.5 3.4645
34646 3.5 3.4646000000000003
34647 3.5 3.4647
34648 3.5 3.4648000000000003
34649 3.5 3.4649
34650 3.5 3.4650000000000003
34651 3.5 3.4651
34652 3.5 3.4652000000000003
34653 3.5 3.4653
34654 3.5 3.4654000000000003
34655 3.5 3.4655
34656 3.5 3.4656000000000002
34657 3.5 3.4657
34658 3.5 3.4658
34659 3.5 3.4659
34660 3.5 3.466
34661 3.5 3.4661
34662 3.5 3.4662
34663 3.5 3.4663000000000004
34664 3.5 3.4664
34665 3.5 3.4665000000000004
34666 3.5 3.4666
34667 3.5 3.4667000000000003
34668 3.5 3.4668
34669 3.5 3.4669000000000003
34670 3.5 3.467
34671 3.5 3.4671000000000003
34672 3.5 3.4672
34673 3.5 3.4673000000000003
34674 3.5 3.4674
34675 3.5 3.4675000000000002
34676 3.5 3.4676
34677 3.5 3.4677000000000002
34678 3.5 3.4678
34679 3.5 3.4679
34680 3.5 3.468
34681 3.5 3.4681
34682 3.5 3.4682
34683 3.5 3.4683
34684 3.5 3.4684000000000004
34685 3.5 3.4685
34686 3.5 3.4686000000000003
34687 3.5 3.4687
34688 3.5 3.4688000000000003
34689 3.5 3.4689
34690 3.5 3.4690000000000003
34691 3.5 3.4691
34692 3.5 3.4692000000000003
34693 3.5 3.4693
34694 3.5 3.4694000000000003
34695 3.5 3.4695
34696 3.5 3.4696000000000002
34697 3.5 3.4697
34698 3.5 3.4698
34699 3.5 3.4699
34700 3.5 3.47
34701 3.5 3.4701
34702 3.5 3.4702
34703 3.5 3.4703000000000004
34704 3.5 3.4704
34705 3.5 3.4705000000000004
34706 3.5 3.4706
34707 3.5 3.4707000000000003
34708 3.5 3.4708
34709 3.5 3.4709000000000003
34710 3.5 3.471
34711 3.5 3.4711000000000003
34712 3.5 3.4712
34713 3.5 3.4713000000000003
34714 3.5 3.4714
34715 3.5 3.4715000000000003
34716 3.5 3.4716
34717 3.5 3.4717000000000002
34718 3.5 3.4718
34719 3.5 3.4719
34720 3.5 3.472
34721 3.5 3.4721
34722 3.5 3.4722
34723 3.5 3.4723
34724 3.5 3.4724000000000004
34725 3.5 3.4725
34726 3.5 3.4726000000000004
34727 3.5 3.4727
34728 3.5 3.4728000000000003
34729 3.5 3.4729
34730 3.5 3.4730000000000003
34731 3.5 3.4731
34732 3.5 3.4732000000000003
34733 3.5 3.4733
34734 3.5 3.4734000000000003
34735 3.5 3.4735
34736 3.5 3.4736000000000002
34737 3.5 3.4737
34738 3.5 3.4738
34739 3.5 3.4739
34740 3.5 3.474
34741 3.5 3.4741
34742 3.5 3.4742
34743 3.5 3.4743000000000004
34744 3.5 3.4744
34745 3.5 3.4745000000000004
34746 3.5 3.4746
34747 3.5 3.4747000000000003
34748 3.5 3.4748
34749 3.5 3.4749000000000003
34750 3.5 3.475
34751 3.5 3.4751000000000003
34752 3.5 3.4752
34753 3.5 3.4753000000000003
34754 3.5 3.4754
34755 3.5 3.4755000000000003
34756 3.5 3.4756
34757 3.5 3.4757000000000002
34758 3.5 3.4758
34759 3.5 3.4759
34760 3.5 3.476
34761 3.5 3.4761
34762 3.5 3.4762
34763 3.5 3.4763
34764 3.5 3.4764000000000004
34765 3.5 3.4765
34766 3.5 3.4766000000000004
34767 3.5 3.4767
34768 3.5 3.4768000000000003
34769 3.5 3.4769
34770 3.5 3.4770000000000003
34771 3.5 3.4771
34772 3.5 3.4772000000000003
34773 3.5 3.4773
34774 3.5 3.4774000000000003
34775 3.5 3.4775
34776 3.5 3.4776000000000002
34777 3.5 3.4777
34778 3.5 3.4778000000000002
34779 3.5 3.4779
34780 3.5 3.478
34781 3.5 3.4781
34782 3.5 3.4782
34783 3.5 3.4783
34784 3.5 3.4784
34785 3.5 3.4785000000000004
34786 3.5 3.4786
34787 3.5 3.4787000000000003
34788 3.5 3.4788
34789 3.5 3.4789000000000003
34790 3.5 3.479
34791 3.5 3.4791000000000003
34792 3.5 3.4792
34793 3.5 3.4793000000000003
34794 3.5 3.4794
34795 3.5 3.4795000000000003
34796 3.5 3.4796
34797 3.5 3.4797000000000002
34798 3.5 3.4798
34799 3.5 3.4799
34800 3.5 3.48
34801 3.5 3.4801
34802 3.5 3.4802
34803 3.5 3.4803
34804 3.5 3.4804000000000004
34805 3.5 3.4805
34806 3.5 3.4806000000000004
34807 3.5 3.4807
34808 3.5 3.4808000000000003
34809 3.5 3.4809
34810 3.5 3.4810000000000003
34811 3.5 3.4811
34812 3.5 3.4812000000000003
34813 3.5 3.4813
34814 3.5 3.4814000000000003
34815 3.5 3.4815
34816 3.5 3.4816000000000003
34817 3.5 3.4817
34818 3.5 3.4818000000000002
34819 3.5 3.4819
34820 3.5 3.482
34821 3.5 3.4821
34822 3.5 3.4822
34823 3.5 3.4823
34824 3.5 3.4824
34825 3.5 3.4825000000000004
34826 3.5 3.4826
34827 3.5 3.4827000000000004
34828 3.5 3.4828
34829 3.5 3.4829000000000003
34830 3.5 3.483
34831 3.5 3.4831000000000003
34832 3.5 3.4832
34833 3.5 3.4833000000000003
34834 3.5 3.4834
34835 3.5 3.4835000000000003
34836 3.5 3.4836
34837 3.5 3.4837000000000002
34838 3.5 3.4838
34839 3.5 3.4839
34840 3.5 3.484
34841 3.5 3.4841
34842 3.5 3.4842
34843 3.5 3.4843
34844 3.5 3.4844000000000004
34845 3.5 3.4845
34846 3.5 3.4846000000000004
34847 3.5 3.4847
34848 3.5 3.4848000000000003
34849 3.5 3.4849
34850 3.5 3.4850000000000003
34851 3.5 3.4851
34852 3.5 3.4852000000000003
34853 3.5 3.4853
34854 3.5 3.4854000000000003
34855 3.5 3.4855
34856 3.5 3.4856000000000003
34857 3.5 3.4857
34858 3.5 3.4858000000000002
34859 3.5 3.4859
34860 3.5 3.486
34861 3.5 3.4861
34862 3.5 3.4862
34863 3.5 3.4863
34864 3.5 3.4864
34865 3.5 3.4865000000000004
34866 3.5 3.4866
34867 3.5 3.4867000000000004
34868 3.5 3.4868
34869 3.5 3.4869000000000003
34870 3.5 3.487
34871 3.5 3.4871000000000003
34872 3.5 3.4872
34873 3.5 3.4873000000000003
34874 3.5 3.4874
34875 3.5 3.4875000000000003
34876 3.5 3.4876
34877 3.5 3.4877000000000002
34878 3.5 3.4878
34879 3.5 3.4879000000000002
34880 3.5 3.488
34881 3.5 3.4881
34882 3.5 3.4882
34883 3.5 3.4883
34884 3.5 3.4884
34885 3.5 3.4885
34886 3.5 3.4886000000000004
34887 3.5 3.4887
34888 3.5 3.4888000000000003
34889 3.5 3.4889
34890 3.5 3.4890000000000003
34891 3.5 3.4891
34892 3.5 3.4892000000000003
34893 3.5 3.4893
34894 3.5 3.4894000000000003
34895 3.5 3.4895
34896 3.5 3.4896000000000003
34897 3.5 3.4897
34898 3.5 3.4898000000000002
34899 3.5 3.4899
34900 3.5 3.49
34901 3.5 3.4901
34902 3.5 3.4902
34903 3.5 3.4903
34904 3.5 3.4904
34905 3.5 3.4905000000000004
34906 3.5 3.4906
34907 3.5 3.4907000000000004
34908 3.5 3.4908
34909 3.5 3.4909000000000003
34910 3.5 3.491
34911 3.5 3.4911000000000003
34912 3.5 3.4912
34913 3.5 3.4913000000000003
34914 3.5 3.4914
34915 3.5 3.4915000000000003
34916 3.5 3.4916
34917 3.5 3.4917000000000002
34918 3.5 3.4918
34919 3.5 3.4919000000000002
34920 3.5 3.492
34921 3.5 3.4921
34922 3.5 3.4922
34923 3.5 3.4923
34924 3.5 3.4924
34925 3.5 3.4925
34926 3.5 3.4926000000000004
34927 3.5 3.4927
34928 3.5 3.4928000000000003
34929 3.5 3.4929
34930 3.5 3.4930000000000003
34931 3.5 3.4931
34932 3.5 3.4932000000000003
34933 3.5 3.4933
34934 3.5 3.4934000000000003
34935 3.5 3.4935
34936 3.5 3.4936000000000003
34937 3.5 3.4937
34938 3.5 3.4938000000000002
34939 3.5 3.4939
34940 3.5 3.494
34941 3.5 3.4941
34942 3.5 3.4942
34943 3.5 3.4943
34944 3.5 3.4944
34945 3.5 3.4945000000000004
34946 3.5 3.4946
34947 3.5 3.4947000000000004
34948 3.5 3.4948
34949 3.5 3.4949000000000003
34950 3.5 3.495
34951 3.5 3.4951000000000003
34952 3.5 3.4952
34953 3.5 3.4953000000000003
34954 3.5 3.4954
34955 3.5 3.4955000000000003
34956 3.5 3.4956
34957 3.5 3.4957000000000003
34958 3.5 3.4958
34959 3.5 3.4959000000000002
34960 3.5 3.496
34961 3.5 3.4961
34962 3.5 3.4962
34963 3.5 3.4963
34964 3.5 3.4964
34965 3.5 3.4965
34966 3.5 3.4966000000000004
34967 3.5 3.4967
34968 3.5 3.4968000000000004
34969 3.5 3.4969
34970 3.5 3.4970000000000003
34971 3.5 3.4971
34972 3.5 3.4972000000000003
34973 3.5 3.4973
34974 3.5 3.4974000000000003
34975 3.5 3.4975
34976 3.5 3.4976000000000003
34977 3.5 3.4977
34978 3.5 3.4978000000000002
34979 3.5 3.4979
34980 3.5 3.498
34981 3.5 3.4981
34982 3.5 3.4982
34983 3.5 3.4983
34984 3.5 3.4984
34985 3.5 3.4985000000000004
34986 3.5 3.4986
34987 3.5 3.4987000000000004
34988 3.5 3.4988
34989 3.5 3.4989000000000003
34990 3.5 3.499
34991 3.5 3.4991000000000003
34992 3.5 3.4992
34993 3.5 3.4993000000000003
34994 3.5 3.4994
34995 3.5 3.4995000000000003
34996 3.5 3.4996
34997 3.5 3.4997000000000003
34998 3.5 3.4998
34999 3.5 3.4999000000000002
35000 3.5 3.5
35001 3.5 3.5001
35002 3.5 3.5002
35003 3.5 3.5003
35004 3.5 3.5004
35005 3.5 3.5005
35006 3.5 3.5006000000000004
35007 3.5 3.5007
35008 3.5 3.5008000000000004
35009 3.5 3.5009
35010 3.5 3.5010000000000003
35011 3.5 3.5011
35012 3.5 3.5012000000000003
35013 3.5 3.5013
35014 3.5 3.5014000000000003
35015 3.5 3.5015
35016 3.5 3.5016000000000003
35017 3.5 3.5017
35018 3.5 3.5018000000000002
35019 3.5 3.5019
35020 3.5 3.5020000000000002
35021 3.5 3.5021
35022 3.5 3.5022
35023 3.5 3.5023
35024 3.5 3.5024
35025 3.5 3.5025
35026 3.5 3.5026
35027 3.5 3.5027000000000004
35028 3.5 3.5028
35029 3.5 3.5029000000000003
35030 3.5 3.503
35031 3.5 3.5031000000000003
35032 3.5 3.5032
35033 3.5 3.5033000000000003
35034 3.5 3.5034
35035 3.5 3.5035000000000003
35036 3.5 3.5036
35037 3.5 3.5037000000000003
35038 3.5 3.5038
35039 3.5 3.5039000000000002
35040 3.5 3.504
35041 3.5 3.5041
35042 3.5 3.5042
35043 3.5 3.5043
35044 3.5 3.5044
35045 3.5 3.5045
35046 3.5 3.5046000000000004
35047 3.5 3.5047
35048 3.5 3.5048000000000004
35049 3.5 3.5049
35050 3.5 3.5050000000000003
35051 3.5 3.5051
35052 3.5 3.5052000000000003
35053 3.5 3.5053
35054 3.5 3.5054000000000003
35055 3.5 3.5055
35056 3.5 3.5056000000000003
35057 3.5 3.5057
35058 3.5 3.5058000000000002
35059 3.5 3.5059
35060 3.5 3.5060000000000002
35061 3.5 3.5061
35062 3.5 3.5062
35063 3.5 3.5063
35064 3.5 3.5064
35065 3.5 3.5065
35066 3.5 3.5066
35067 3.5 3.5067000000000004
35068 3.5 3.5068
35069 3.5 3.5069000000000004
35070 3.5 3.507
35071 3.5 3.5071000000000003
35072 3.5 3.5072
35073 3.5 3.5073000000000003
35074 3.5 3.5074
35075 3.5 3.5075000000000003
35076 3.5 3.5076
35077 3.5 3.5077000000000003
35078 3.5 3.5078
35079 3.5 3.5079000000000002
35080 3.5 3.508
35081 3.5 3.5081
35082 3.5 3.5082
35083 3.5 3.5083
35084 3.5 3.5084
35085 3.5 3.5085
35086 3.5 3.5086000000000004
35087 3.5 3.5087
35088 3.5 3.5088000000000004
35089 3.5 3.5089
35090 3.5 3.5090000000000003
35091 3.5 3.5091
35092 3.5 3.5092000000000003
35093 3.5 3.5093
35094 3.5 3.5094000000000003
35095 3.5 3.5095
35096 3.5 3.5096000000000003
35097 3.5 3.5097
35098 3.5 3.5098000000000003
35099 3.5 3.5099
35100 3.5 3.5100000000000002
35101 3.5 3.5101
35102 3.5 3.5102
35103 3.5 3.5103
35104 3.5 3.5104
35105 3.5 3.5105
35106 3.5 3.5106
35107 3.5 3.5107000000000004
35108 3.5 3.5108
35109 3.5 3.5109000000000004
35110 3.5 3.511
35111 3.5 3.5111000000000003
35112 3.5 3.5112
35113 3.5 3.5113000000000003
35114 3.5 3.5114
35115 3.5 3.5115000000000003
35116 3.5 3.5116
35117 3.5 3.5117000000000003
35118 3.5 3.5118
35119 3.5 3.5119000000000002
35120 3.5 3.512
35121 3.5 3.5121
35122 3.5 3.5122
35123 3.5 3.5123
35124 3.5 3.5124
35125 3.5 3.5125
35126 3.5 3.5126000000000004
35127 3.5 3.5127
35128 3.5 3.5128000000000004
35129 3.5 3.5129
35130 3.5 3.5130000000000003
35131 3.5 3.5131
35132 3.5 3.5132000000000003
35133 3.5 3.5133
35134 3.5 3.5134000000000003
35135 3.5 3.5135
35136 3.5 3.5136000000000003
35137 3.5 3.5137
35138 3.5 3.5138000000000003
35139 3.5 3.5139
35140 3.5 3.5140000000000002
35141 3.5 3.5141
35142 3.5 3.5142
35143 3.5 3.5143
35144 3.5 3.5144
35145 3.5 3.5145
35146 3.5 3.5146
35147 3.5 3.5147000000000004
35148 3.5 3.5148
35149 3.5 3.5149000000000004
35150 3.5 3.515
35151 3.5 3.5151000000000003
35152 3.5 3.5152
35153 3.5 3.5153000000000003
35154 3.5 3.5154
35155 3.5 3.5155000000000003
35156 3.5 3.5156
35157 3.5 3.5157000000000003
35158 3.5 3.5158
35159 3.5 3.5159000000000002
35160 3.5 3.516
35161 3.5 3.5161000000000002
35162 3.5 3.5162
35163 3.5 3.5163
35164 3.5 3.5164
35165 3.5 3.5165
35166 3.5 3.5166
35167 3.5 3.5167
35168 3.5 3.5168000000000004
35169 3.5 3.5169
35170 3.5 3.5170000000000003
35171 3.5 3.5171
35172 3.5 3.5172000000000003
35173 3.5 3.5173
35174 3.5 3.5174000000000003
35175 3.5 3.5175
35176 3.5 3.5176000000000003
35177 3.5 3.5177
35178 3.5 3.5178000000000003
35179 3.5 3.5179
35180 3.5 3.5180000000000002
35181 3.5 3.5181
35182 3.5 3.5182
35183 3.5 3.5183
35184 3.5 3.5184
35185 3.5 3.5185
35186 3.5 3.5186
35187 3.5 3.5187000000000004
35188 3.5 3.5188
35189 3.5 3.5189000000000004
35190 3.5 3.519
35191 3.5 3.5191000000000003
35192 3.5 3.5192
35193 3.5 3.5193000000000003
35194 3.5 3.5194
35195 3.5 3.5195000000000003
35196 3.5 3.5196
35197 3.5 3.5197000000000003
35198 3.5 3.5198
35199 3.5 3.5199000000000003
35200 3.5 3.52
35201 3.5 3.5201000000000002
35202 3.5 3.5202
35203 3.5 3.5203
35204 3.5 3.5204
35205 3.5 3.5205
35206 3.5 3.5206
35207 3.5 3.5207
35208 3.5 3.5208000000000004
35209 3.5 3.5209
35210 3.5 3.5210000000000004
35211 3.5 3.5211
35212 3.5 3.5212000000000003
35213 3.5 3.5213
35214 3.5 3.5214000000000003
35215 3.5 3.5215
35216 3.5 3.5216000000000003
35217 3.5 3.5217
35218 3.5 3.5218000000000003
35219 3.5 3.5219
35220 3.5 3.5220000000000002
35221 3.5 3.5221
35222 3.5 3.5222
35223 3.5 3.5223
35224 3.5 3.5224
35225 3.5 3.5225
35226 3.5 3.5226
35227 3.5 3.5227000000000004
35228 3.5 3.5228
35229 3.5 3.5229000000000004
35230 3.5 3.523
35231 3.5 3.5231000000000003
35232 3.5 3.5232
35233 3.5 3.5233000000000003
35234 3.5 3.5234
35235 3.5 3.5235000000000003
35236 3.5 3.5236
35237 3.5 3.5237000000000003
35238 3.5 3.5238
35239 3.5 3.5239000000000003
35240 3.5 3.524
35241 3.5 3.5241000000000002
35242 3.5 3.5242
35243 3.5 3.5243
35244 3.5 3.5244
35245 3.5 3.5245
35246 3.5 3.5246
35247 3.5 3.5247
35248 3.5 3.5248000000000004
35249 3.5 3.5249
35250 3.5 3.5250000000000004
35251 3.5 3.5251
35252 3.5 3.5252000000000003
35253 3.5 3.5253
35254 3.5 3.5254000000000003
35255 3.5 3.5255
35256 3.5 3.5256000000000003
35257 3.5 3.5257
35258 3.5 3.5258000000000003
35259 3.5 3.5259
35260 3.5 3.5260000000000002
35261 3.5 3.5261
35262 3.5 3.5262000000000002
35263 3.5 3.5263
35264 3.5 3.5264
35265 3.5 3.5265
35266 3.5 3.5266
35267 3.5 3.5267000000000004
35268 3.5 3.5268
35269 3.5 3.5269000000000004
35270 3.5 3.527
35271 3.5 3.5271000000000003
35272 3.5 3.5272
35273 3.5 3.5273000000000003
35274 3.5 3.5274
35275 3.5 3.5275000000000003
35276 3.5 3.5276
35277 3.5 3.5277000000000003
35278 3.5 3.5278
35279 3.5 3.5279000000000003
35280 3.5 3.528
35281 3.5 3.5281000000000002
35282 3.5 3.5282
35283 3.5 3.5283
35284 3.5 3.5284
35285 3.5 3.5285
35286 3.5 3.5286
35287 3.5 3.5287
35288 3.5 3.5288000000000004
35289 3.5 3.5289
35290 3.5 3.5290000000000004
35291 3.5 3.5291
35292 3.5 3.5292000000000003
35293 3.5 3.5293
35294 3.5 3.5294000000000003
35295 3.5 3.5295
35296 3.5 3.5296000000000003
35297 3.5 3.5297
35298 3.5 3.5298000000000003
35299 3.5 3.5299
35300 3.5 3.5300000000000002
35301 3.5 3.5301
35302 3.5 3.5302000000000002
35303 3.5 3.5303
35304 3.5 3.5304
35305 3.5 3.5305
35306 3.5 3.5306
35307 3.5 3.5307
35308 3.5 3.5308
35309 3.5 3.5309000000000004
35310 3.5 3.531
35311 3.5 3.5311000000000003
35312 3.5 3.5312
35313 3.5 3.5313000000000003
35314 3.5 3.5314
35315 3.5 3.5315000000000003
35316 3.5 3.5316
35317 3.5 3.5317000000000003
35318 3.5 3.5318
35319 3.5 3.5319000000000003
35320 3.5 3.532
35321 3.5 3.5321000000000002
35322 3.5 3.5322
35323 3.5 3.5323
35324 3.5 3.5324
35325 3.5 3.5325
35326 3.5 3.5326
35327 3.5 3.5327
35328 3.5 3.5328000000000004
35329 3.5 3.5329
35330 3.5 3.5330000000000004
35331 3.5 3.5331
35332 3.5 3.5332000000000003
35333 3.5 3.5333
35334 3.5 3.5334000000000003
35335 3.5 3.5335
35336 3.5 3.5336000000000003
35337 3.5 3.5337
35338 3.5 3.5338000000000003
35339 3.5 3.5339
35340 3.5 3.5340000000000003
35341 3.5 3.5341
35342 3.5 3.5342000000000002
35343 3.5 3.5343
35344 3.5 3.5344
35345 3.5 3.5345
35346 3.5 3.5346
35347 3.5 3.5347
35348 3.5 3.5348
35349 3.5 3.5349000000000004
35350 3.5 3.535
35351 3.5 3.5351000000000004
35352 3.5 3.5352
35353 3.5 3.5353000000000003
35354 3.5 3.5354
35355 3.5 3.5355000000000003
35356 3.5 3.5356
35357 3.5 3.5357000000000003
35358 3.5 3.5358
35359 3.5 3.5359000000000003
35360 3.5 3.536
35361 3.5 3.5361000000000002
35362 3.5 3.5362
35363 3.5 3.5363
35364 3.5 3.5364
35365 3.5 3.5365
35366 3.5 3.5366
35367 3.5 3.5367
35368 3.5 3.5368000000000004
35369 3.5 3.5369
35370 3.5 3.5370000000000004
35371 3.5 3.5371
35372 3.5 3.5372000000000003
35373 3.5 3.5373
35374 3.5 3.5374000000000003
35375 3.5 3.5375
35376 3.5 3.5376000000000003
35377 3.5 3.5377
35378 3.5 3.5378000000000003
35379 3.5 3.5379
35380 3.5 3.5380000000000003
35381 3.5 3.5381
35382 3.5 3.5382000000000002
35383 3.5 3.5383
35384 3.5 3.5384
35385 3.5 3.5385
35386 3.5 3.5386
35387 3.5 3.5387
35388 3.5 3.5388
35389 3.5 3.5389000000000004
35390 3.5 3.539
35391 3.5 3.5391000000000004
35392 3.5 3.5392
35393 3.5 3.5393000000000003
35394 3.5 3.5394
35395 3.5 3.5395000000000003
35396 3.5 3.5396
35397 3.5 3.5397000000000003
35398 3.5 3.5398
35399 3.5 3.5399000000000003
35400 3.5 3.54
35401 3.5 3.5401000000000002
35402 3.5 3.5402
35403 3.5 3.5403000000000002
35404 3.5 3.5404
35405 3.5 3.5405
35406 3.5 3.5406
35407 3.5 3.5407
35408 3.5 3.5408000000000004
35409 3.5 3.5409
35410 3.5 3.5410000000000004
35411 3.5 3.5411
35412 3.5 3.5412000000000003
35413 3.5 3.5413
35414 3.5 3.5414000000000003
35415 3.5 3.5415
35416 3.5 3.5416000000000003
35417 3.5 3.5417
35418 3.5 3.5418000000000003
35419 3.5 3.5419
35420 3.5 3.5420000000000003
35421 3.5 3.5421
35422 3.5 3.5422000000000002
35423 3.5 3.5423
35424 3.5 3.5424
35425 3.5 3.5425
35426 3.5 3.5426
35427 3.5 3.5427
35428 3.5 3.5428
35429 3.5 3.5429000000000004
35430 3.5 3.543
35431 3.5 3.5431000000000004
35432 3.5 3.5432
35433 3.5 3.5433000000000003
35434 3.5 3.5434
35435 3.5 3.5435000000000003
35436 3.5 3.5436
35437 3.5 3.5437000000000003
35438 3.5 3.5438
35439 3.5 3.5439000000000003
35440 3.5 3.544
35441 3.5 3.5441000000000003
35442 3.5 3.5442
35443 3.5 3.5443000000000002
35444 3.5 3.5444
35445 3.5 3.5445
35446 3.5 3.5446
35447 3.5 3.5447
35448 3.5 3.5448
35449 3.5 3.5449
35450 3.5 3.5450000000000004
35451 3.5 3.5451
35452 3.5 3.5452000000000004
35453 3.5 3.5453
35454 3.5 3.5454000000000003
35455 3.5 3.5455
35456 3.5 3.5456000000000003
35457 3.5 3.5457
35458 3.5 3.5458000000000003
35459 3.5 3.5459
35460 3.5 3.5460000000000003
35461 3.5 3.5461
35462 3.5 3.5462000000000002
35463 3.5 3.5463
35464 3.5 3.5464
35465 3.5 3.5465
35466 3.5 3.5466
35467 3.5 3.5467
35468 3.5 3.5468
35469 3.5 3.5469000000000004
35470 3.5 3.547
35471 3.5 3.5471000000000004
35472 3.5 3.5472
35473 3.5 3.5473000000000003
35474 3.5 3.5474
35475 3.5 3.5475000000000003
35476 3.5 3.5476
35477 3.5 3.5477000000000003
35478 3.5 3.5478
35479 3.5 3.5479000000000003
35480 3.5 3.548
35481 3.5 3.5481000000000003
35482 3.5 3.5482
35483 3.5 3.5483000000000002
35484 3.5 3.5484
35485 3.5 3.5485
35486 3.5 3.5486
35487 3.5 3.5487
35488 3.5 3.5488
35489 3.5 3.5489
35490 3.5 3.5490000000000004
35491 3.5 3.5491
35492 3.5 3.5492000000000004
35493 3.5 3.5493
35494 3.5 3.5494000000000003
35495 3.5 3.5495
35496 3.5 3.5496000000000003
35497 3.5 3.5497
35498 3.5 3.5498000000000003
35499 3.5 3.5499
35500 3.5 3.5500000000000003
35501 3.5 3.5501
35502 3.5 3.5502000000000002
35503 3.5 3.5503
35504 3.5 3.5504000000000002
35505 3.5 3.5505
35506 3.5 3.5506
35507 3.5 3.5507
35508 3.5 3.5508
35509 3.5 3.5509000000000004
35510 3.5 3.551
35511 3.5 3.5511000000000004
35512 3.5 3.5512
35513 3.5 3.5513000000000003
35514 3.5 3.5514
35515 3.5 3.5515000000000003
35516 3.5 3.5516
35517 3.5 3.5517000000000003
35518 3.5 3.5518
35519 3.5 3.5519000000000003
35520 3.5 3.552
35521 3.5 3.5521000000000003
35522 3.5 3.5522
35523 3.5 3.5523000000000002
35524 3.5 3.5524
35525 3.5 3.5525
35526 3.5 3.5526
35527 3.5 3.5527
35528 3.5 3.5528
35529 3.5 3.5529
35530 3.5 3.5530000000000004
35531 3.5 3.5531
35532 3.5 3.5532000000000004
35533 3.5 3.5533
35534 3.5 3.5534000000000003
35535 3.5 3.5535
35536 3.5 3.5536000000000003
35537 3.5 3.5537
35538 3.5 3.5538000000000003
35539 3.5 3.5539
35540 3.5 3.5540000000000003
35541 3.5 3.5541
35542 3.5 3.5542000000000002
35543 3.5 3.5543
35544 3.5 3.5544000000000002
35545 3.5 3.5545
35546 3.5 3.5546
35547 3.5 3.5547
35548 3.5 3.5548
35549 3.5 3.5549
35550 3.5 3.555
35551 3.5 3.5551000000000004
35552 3.5 3.5552
35553 3.5 3.5553000000000003
35554 3.5 3.5554
35555 3.5 3.5555000000000003
35556 3.5 3.5556
35557 3.5 3.5557000000000003
35558 3.5 3.5558
35559 3.5 3.5559000000000003
35560 3.5 3.556
35561 3.5 3.5561000000000003
35562 3.5 3.5562
35563 3.5 3.5563000000000002
35564 3.5 3.5564
35565 3.5 3.5565
35566 3.5 3.5566
35567 3.5 3.5567
35568 3.5 3.5568
35569 3.5 3.5569
35570 3.5 3.5570000000000004
35571 3.5 3.5571
35572 3.5 3.5572000000000004
35573 3.5 3.5573
35574 3.5 3.5574000000000003
35575 3.5 3.5575
35576 3.5 3.5576000000000003
35577 3.5 3.5577
35578 3.5 3.5578000000000003
35579 3.5 3.5579
35580 3.5 3.5580000000000003
35581 3.5 3.5581
35582 3.5 3.5582000000000003
35583 3.5 3.5583
35584 3.5 3.5584000000000002
35585 3.5 3.5585
35586 3.5 3.5586
35587 3.5 3.5587
35588 3.5 3.5588
35589 3.5 3.5589
35590 3.5 3.559
35591 3.5 3.5591000000000004
35592 3.5 3.5592
35593 3.5 3.5593000000000004
35594 3.5 3.5594
35595 3.5 3.5595000000000003
35596 3.5 3.5596
35597 3.5 3.5597000000000003
35598 3.5 3.5598
35599 3.5 3.5599000000000003
35600 3.5 3.56
35601 3.5 3.5601000000000003
35602 3.5 3.5602
35603 3.5 3.5603000000000002
35604 3.5 3.5604
35605 3.5 3.5605
35606 3.5 3.5606
35607 3.5 3.5607
35608 3.5 3.5608
35609 3.5 3.5609
35610 3.5 3.5610000000000004
35611 3.5 3.5611
35612 3.5 3.5612000000000004
35613 3.5 3.5613
35614 3.5 3.5614000000000003
35615 3.5 3.5615
35616 3.5 3.5616000000000003
35617 3.5 3.5617
35618 3.5 3.5618000000000003
35619 3.5 3.5619
35620 3.5 3.5620000000000003
35621 3.5 3.5621
35622 3.5 3.5622000000000003
35623 3.5 3.5623
35624 3.5 3.5624000000000002
35625 3.5 3.5625
35626 3.5 3.5626
35627 3.5 3.5627
35628 3.5 3.5628
35629 3.5 3.5629
35630 3.5 3.563
35631 3.5 3.5631000000000004
35632 3.5 3.5632
35633 3.5 3.5633000000000004
35634 3.5 3.5634
35635 3.5 3.5635000000000003
35636 3.5 3.5636
35637 3.5 3.5637000000000003
35638 3.5 3.5638
35639 3.5 3.5639000000000003
35640 3.5 3.564
35641 3.5 3.5641000000000003
35642 3.5 3.5642
35643 3.5 3.5643000000000002
35644 3.5 3.5644
35645 3.5 3.5645000000000002
35646 3.5 3.5646
35647 3.5 3.5647
35648 3.5 3.5648
35649 3.5 3.5649
35650 3.5 3.5650000000000004
35651 3.5 3.5651
35652 3.5 3.5652000000000004
35653 3.5 3.5653
35654 3.5 3.5654000000000003
35655 3.5 3.5655
35656 3.5 3.5656000000000003
35657 3.5 3.5657
35658 3.5 3.5658000000000003
35659 3.5 3.5659
35660 3.5 3.5660000000000003
35661 3.5 3.5661
35662 3.5 3.5662000000000003
35663 3.5 3.5663
35664 3.5 3.5664000000000002
35665 3.5 3.5665
35666 3.5 3.5666
35667 3.5 3.5667
35668 3.5 3.5668
35669 3.5 3.5669
35670 3.5 3.567
35671 3.5 3.5671000000000004
35672 3.5 3.5672
35673 3.5 3.5673000000000004
35674 3.5 3.5674
35675 3.5 3.5675000000000003
35676 3.5 3.5676
35677 3.5 3.5677000000000003
35678 3.5 3.5678
35679 3.5 3.5679000000000003
35680 3.5 3.568
35681 3.5 3.5681000000000003
35682 3.5 3.5682
35683 3.5 3.5683000000000002
35684 3.5 3.5684
35685 3.5 3.5685000000000002
35686 3.5 3.5686
35687 3.5 3.5687
35688 3.5 3.5688
35689 3.5 3.5689
35690 3.5 3.569
35691 3.5 3.5691
35692 3.5 3.5692000000000004
35693 3.5 3.5693
35694 3.5 3.5694000000000004
35695 3.5 3.5695
35696 3.5 3.5696000000000003
35697 3.5 3.5697
35698 3.5 3.5698000000000003
35699 3.5 3.5699
35700 3.5 3.5700000000000003
35701 3.5 3.5701
35702 3.5 3.5702000000000003
35703 3.5 3.5703
35704 3.5 3.5704000000000002
35705 3.5 3.5705
35706 3.5 3.5706
35707 3.5 3.5707
35708 3.5 3.5708
35709 3.5 3.5709
35710 3.5 3.571
35711 3.5 3.5711000000000004
35712 3.5 3.5712
35713 3.5 3.5713000000000004
35714 3.5 3.5714
35715 3.5 3.5715000000000003
35716 3.5 3.5716
35717 3.5 3.5717000000000003
35718 3.5 3.5718
35719 3.5 3.5719000000000003
35720 3.5 3.572
35721 3.5 3.5721000000000003
35722 3.5 3.5722
35723 3.5 3.5723000000000003
35724 3.5 3.5724
35725 3.5 3.5725000000000002
35726 3.5 3.5726
35727 3.5 3.5727
35728 3.5 3.5728
35729 3.5 3.5729
35730 3.5 3.573
35731 3.5 3.5731
35732 3.5 3.5732000000000004
35733 3.5 3.5733
35734 3.5 3.5734000000000004
35735 3.5 3.5735
35736 3.5 3.5736000000000003
35737 3.5 3.5737
35738 3.5 3.5738000000000003
35739 3.5 3.5739
35740 3.5 3.5740000000000003
35741 3.5 3.5741
35742 3.5 3.5742000000000003
35743 3.5 3.5743
35744 3.5 3.5744000000000002
35745 3.5 3.5745
35746 3.5 3.5746
35747 3.5 3.5747
35748 3.5 3.5748
35749 3.5 3.5749
35750 3.5 3.575
35751 3.5 3.5751000000000004
35752 3.5 3.5752
35753 3.5 3.5753000000000004
35754 3.5 3.5754
35755 3.5 3.5755000000000003
35756 3.5 3.5756
35757 3.5 3.5757000000000003
35758 3.5 3.5758
35759 3.5 3.5759000000000003
35760 3.5 3.576
35761 3.5 3.5761000000000003
35762 3.5 3.5762
35763 3.5 3.5763000000000003
35764 3.5 3.5764
35765 3.5 3.5765000000000002
35766 3.5 3.5766
35767 3.5 3.5767
35768 3.5 3.5768
35769 3.5 3.5769
35770 3.5 3.577
35771 3.5 3.5771
35772 3.5 3.5772000000000004
35773 3.5 3.5773
35774 3.5 3.5774000000000004
35775 3.5 3.5775
35776 3.5 3.5776000000000003
35777 3.5 3.5777
35778 3.5 3.5778000000000003
35779 3.5 3.5779
35780 3.5 3.5780000000000003
35781 3.5 3.5781
35782 3.5 3.5782000000000003
35783 3.5 3.5783
35784 3.5 3.5784000000000002
35785 3.5 3.5785
35786 3.5 3.5786000000000002
35787 3.5 3.5787
35788 3.5 3.5788
35789 3.5 3.5789
35790 3.5 3.579
35791 3.5 3.5791000000000004
35792 3.5 3.5792
35793 3.5 3.5793000000000004
35794 3.5 3.5794
35795 3.5 3.5795000000000003
35796 3.5 3.5796
35797 3.5 3.5797000000000003
35798 3.5 3.5798
35799 3.5 3.5799000000000003
35800 3.5 3.58
35801 3.5 3.5801000000000003
35802 3.5 3.5802
35803 3.5 3.5803000000000003
35804 3.5 3.5804
35805 3.5 3.5805000000000002
35806 3.5 3.5806
35807 3.5 3.5807
35808 3.5 3.5808
35809 3.5 3.5809
35810 3.5 3.581
35811 3.5 3.5811
35812 3.5 3.5812000000000004
35813 3.5 3.5813
35814 3.5 3.5814000000000004
35815 3.5 3.5815
35816 3.5 3.5816000000000003
35817 3.5 3.5817
35818 3.5 3.5818000000000003
35819 3.5 3.5819
35820 3.5 3.5820000000000003
35821 3.5 3.5821
35822 3.5 3.5822000000000003
35823 3.5 3.5823
35824 3.5 3.5824000000000003
35825 3.5 3.5825
35826 3.5 3.5826000000000002
35827 3.5 3.5827
35828 3.5 3.5828
35829 3.5 3.5829
35830 3.5 3.583
35831 3.5 3.5831
35832 3.5 3.5832
35833 3.5 3.5833000000000004
35834 3.5 3.5834
35835 3.5 3.5835000000000004
35836 3.5 3.5836
35837 3.5 3.5837000000000003
35838 3.5 3.5838
35839 3.5 3.5839000000000003
35840 3.5 3.584
35841 3.5 3.5841000000000003
35842 3.5 3.5842
35843 3.5 3.5843000000000003
35844 3.5 3.5844
35845 3.5 3.5845000000000002
35846 3.5 3.5846
35847 3.5 3.5847
35848 3.5 3.5848
35849 3.5 3.5849
35850 3.5 3.585
35851 3.5 3.5851
35852 3.5 3.5852000000000004
35853 3.5 3.5853
35854 3.5 3.5854000000000004
35855 3.5 3.5855
35856 3.5 3.5856000000000003
35857 3.5 3.5857
35858 3.5 3.5858000000000003
35859 3.5 3.5859
35860 3.5 3.5860000000000003
35861 3.5 3.5861
35862 3.5 3.5862000000000003
35863 3.5 3.5863
35864 3.5 3.5864000000000003
35865 3.5 3.5865
35866 3.5 3.5866000000000002
35867 3.5 3.5867
35868 3.5 3.5868
35869 3.5 3.5869
35870 3.5 3.587
35871 3.5 3.5871
35872 3.5 3.5872
35873 3.5 3.5873000000000004
35874 3.5 3.5874
35875 3.5 3.5875000000000004
35876 3.5 3.5876
35877 3.5 3.5877000000000003
35878 3.5 3.5878
35879 3.5 3.5879000000000003
35880 3.5 3.588
35881 3.5 3.5881000000000003
35882 3.5 3.5882
35883 3.5 3.5883000000000003
35884 3.5 3.5884
35885 3.5 3.5885000000000002
35886 3.5 3.5886
35887 3.5 3.5887000000000002
35888 3.5 3.5888
35889 3.5 3.5889
35890 3.5 3.589
35891 3.5 3.5891
35892 3.5 3.5892000000000004
35893 3.5 3.5893
35894 3.5 3.5894000000000004
35895 3.5 3.5895
35896 3.5 3.5896000000000003
35897 3.5 3.5897
35898 3.5 3.5898000000000003
35899 3.5 3.5899
35900 3.5 3.5900000000000003
35901 3.5 3.5901
35902 3.5 3.5902000000000003
35903 3.5 3.5903
35904 3.5 3.5904000000000003
35905 3.5 3.5905
35906 3.5 3.5906000000000002
35907 3.5 3.5907
35908 3.5 3.5908
35909 3.5 3.5909
35910 3.5 3.591
35911 3.5 3.5911
35912 3.5 3.5912
35913 3.5 3.5913000000000004
35914 3.5 3.5914
35915 3.5 3.5915000000000004
35916 3.5 3.5916
35917 3.5 3.5917000000000003
35918 3.5 3.5918
35919 3.5 3.5919000000000003
35920 3.5 3.592
35921 3.5 3.5921000000000003
35922 3.5 3.5922
35923 3.5 3.5923000000000003
35924 3.5 3.5924
35925 3.5 3.5925000000000002
35926 3.5 3.5926
35927 3.5 3.5927000000000002
35928 3.5 3.5928
35929 3.5 3.5929
35930 3.5 3.593
35931 3.5 3.5931
35932 3.5 3.5932000000000004
35933 3.5 3.5933
35934 3.5 3.5934000000000004
35935 3.5 3.5935
35936 3.5 3.5936000000000003
35937 3.5 3.5937
35938 3.5 3.5938000000000003
35939 3.5 3.5939
35940 3.5 3.5940000000000003
35941 3.5 3.5941
35942 3.5 3.5942000000000003
35943 3.5 3.5943
35944 3.5 3.5944000000000003
35945 3.5 3.5945
35946 3.5 3.5946000000000002
35947 3.5 3.5947
35948 3.5 3.5948
35949 3.5 3.5949
35950 3.5 3.595
35951 3.5 3.5951
35952 3.5 3.5952
35953 3.5 3.5953000000000004
35954 3.5 3.5954
35955 3.5 3.5955000000000004
35956 3.5 3.5956
35957 3.5 3.5957000000000003
35958 3.5 3.5958
35959 3.5 3.5959000000000003
35960 3.5 3.596
35961 3.5 3.5961000000000003
35962 3.5 3.5962
35963 3.5 3.5963000000000003
35964 3.5 3.5964
35965 3.5 3.5965000000000003
35966 3.5 3.5966
35967 3.5 3.5967000000000002
35968 3.5 3.5968
35969 3.5 3.5969
35970 3.5 3.597
35971 3.5 3.5971
35972 3.5 3.5972
35973 3.5 3.5973
35974 3.5 3.5974000000000004
35975 3.5 3.5975
35976 3.5 3.5976000000000004
35977 3.5 3.5977
35978 3.5 3.5978000000000003
35979 3.5 3.5979
35980 3.5 3.5980000000000003
35981 3.5 3.5981
35982 3.5 3.5982000000000003
35983 3.5 3.5983
35984 3.5 3.5984000000000003
35985 3.5 3.5985
35986 3.5 3.5986000000000002
35987 3.5 3.5987
35988 3.5 3.5988
35989 3.5 3.5989
35990 3.5 3.599
35991 3.5 3.5991
35992 3.5 3.5992
35993 3.5 3.5993000000000004
35994 3.5 3.5994
35995 3.5 3.5995000000000004
35996 3.5 3.5996
35997 3.5 3.5997000000000003
35998 3.5 3.5998
35999 3.5 3.5999000000000003
