   0.0000000000000000       -0.0000000000000000        0.0000000000000000        0.0000000000000000        0.0000000000000000        0.0000000000000000        0.0000000000000000     
   5.0000000000000001E-003  -0.0000000000000000        0.0000000000000000        0.0000000000000000        0.0000000000000000        0.0000000000000000        0.0000000000000000     
   1.0000000000000000E-002  -0.0000000000000000        0.0000000000000000        0.0000000000000000        0.0000000000000000        0.0000000000000000        0.0000000000000000     
   1.4999999999999999E-002  -0.0000000000000000        0.0000000000000000        0.0000000000000000        0.0000000000000000        0.0000000000000000        0.0000000000000000     
   2.0000000000000000E-002  -0.0000000000000000        0.0000000000000000        0.0000000000000000        0.0000000000000000        0.0000000000000000        0.0000000000000000     
   2.5000000000000001E-002  -0.0000000000000000        0.0000000000000000        0.0000000000000000        0.0000000000000000        0.0000000000000000        0.0000000000000000     
   3.0000000000000002E-002  -0.0000000000000000        0.0000000000000000        0.0000000000000000        0.0000000000000000        0.0000000000000000        0.0000000000000000     
   3.5000000000000003E-002  -0.0000000000000000        0.0000000000000000        0.0000000000000000        0.0000000000000000        0.0000000000000000        0.0000000000000000     
   4.0000000000000001E-002  -1.7326488296259562E-040   1.1610712595992201E-038   0.0000000000000000        0.0000000000000000        0.0000000000000000        0.0000000000000000     
   4.4999999999999998E-002  -4.6158527226774863E-040   3.1036621107799974E-038   0.0000000000000000        0.0000000000000000        0.0000000000000000        0.0000000000000000     
   4.9999999999999996E-002  -7.9240709314105493E-040   5.1368524679243054E-038   0.0000000000000000        0.0000000000000000        0.0000000000000000        0.0000000000000000     
   5.4999999999999993E-002  -5.4377819587450540E-039   7.3164605466645912E-038   0.0000000000000000        0.0000000000000000        0.0000000000000000        0.0000000000000000     
   5.9999999999999991E-002  -1.0221063060029628E-038   9.7024721680469626E-038   0.0000000000000000        0.0000000000000000        0.0000000000000000        0.0000000000000000     
   6.4999999999999988E-002  -1.5272211961285641E-038   1.2360692340742333E-037   0.0000000000000000        0.0000000000000000        0.0000000000000000        0.0000000000000000     
   6.9999999999999993E-002  -2.0728196755745824E-038   1.5364560838590958E-037   0.0000000000000000        0.0000000000000000        0.0000000000000000        0.0000000000000000     
   7.4999999999999997E-002  -2.6736705449892893E-038   1.8797181894172468E-037   0.0000000000000000        0.0000000000000000        0.0000000000000000        0.0000000000000000     
   8.0000000000000002E-002  -3.3460142913036901E-038   2.2753624134464589E-037   0.0000000000000000        0.0000000000000000        0.0000000000000000        0.0000000000000000     
   8.5000000000000006E-002  -4.1080019558015067E-038   2.7343554443198416E-037   0.0000000000000000        0.0000000000000000        0.0000000000000000        0.0000000000000000     
   9.0000000000000011E-002  -4.9801850339486360E-038   3.2694278757631605E-037   0.0000000000000000        0.0000000000000000        0.0000000000000000        0.0000000000000000     
   9.5000000000000015E-002  -5.9860696281384437E-038   3.8954274155647852E-037   0.0000000000000000        0.0000000000000000        0.0000000000000000        0.0000000000000000     
  0.10000000000000002       -7.1527497938312001E-038   4.6297310278957528E-037   0.0000000000000000        0.0000000000000000        0.0000000000000000        0.0000000000000000     
  0.10500000000000002       -8.5116371417013154E-038   5.4927274551433881E-037   0.0000000000000000        0.0000000000000000        0.0000000000000000        0.0000000000000000     
  0.11000000000000003       -1.0099306340206171E-037   6.5083835245671313E-037   0.0000000000000000        0.0000000000000000        0.0000000000000000        0.0000000000000000     
  0.11500000000000003       -1.1958479273697198E-037   7.7049099771634532E-037   0.0000000000000000        0.0000000000000000        0.0000000000000000        0.0000000000000000     
  0.12000000000000004       -1.4139174334297545E-037   9.1155453258178159E-037   0.0000000000000000        0.0000000000000000        0.0000000000000000        0.0000000000000000     
  0.12500000000000003       -1.6700051761218365E-037   1.0779479534290816E-036   0.0000000000000000        0.0000000000000000        0.0000000000000000        0.0000000000000000     
  0.13000000000000003       -1.9709991208133606E-037   1.2742943199249369E-036   0.0000000000000000        0.0000000000000000        0.0000000000000000        0.0000000000000000     
  0.13500000000000004       -2.3249943959151493E-037   1.5060492522825188E-036   0.0000000000000000        0.0000000000000000        0.0000000000000000        0.0000000000000000     
  0.14000000000000004       -2.7415109594485128E-037   1.7796525811212033E-036   0.0000000000000000        0.0000000000000000        0.0000000000000000        0.0000000000000000     
  0.14500000000000005       -3.2317495626476296E-037   2.1027073677420308E-036   0.0000000000000000        0.0000000000000000        0.0000000000000000        0.0000000000000000     
  0.15000000000000005       -3.8088928919465495E-037   2.4841912742794903E-036   0.0000000000000000        0.0000000000000000        0.0000000000000000        0.0000000000000000     
  0.15500000000000005       -4.4884599849842304E-037   2.9347061634493095E-036   0.0000000000000000        0.0000000000000000        0.0000000000000000        0.0000000000000000     
  0.16000000000000006       -5.2887234481718524E-037   3.4667728715458129E-036   0.0000000000000000        0.0000000000000000        4.1964964945770489E-042   2.8177690960633976E-041
  0.16500000000000006       -6.2312006914022896E-037   4.0951793555907024E-036   0.0000000000000000        0.0000000000000000        4.2423603752501657E-041   2.7902598758689426E-040
  0.17000000000000007       -7.3412323850097688E-037   4.8373919011153712E-036   0.0000000000000000        0.0000000000000000        1.3190472972740481E-040   8.5724524983138541E-040
  0.17500000000000007       -8.6486636885910404E-037   5.7140408323543732E-036   0.0000000000000000        0.0000000000000000        3.0226503447453696E-040   1.9478148872593706E-039
  0.18000000000000008       -1.0188646563790056E-036   6.7494942405395175E-036   0.0000000000000000        0.0000000000000000        5.9345601443280859E-040   3.7973453499424429E-039
  0.18500000000000008       -1.2002584737907085E-036   7.9725356962935007E-036   0.0000000000000000        0.0000000000000000        1.0589744365490338E-039   6.7316523101149588E-039
  0.19000000000000009       -1.4139246719681653E-036   9.4171648071004135E-036   0.0000000000000000        0.0000000000000000        1.7700329967496373E-039   1.1178236992700579E-038
  0.19500000000000009       -1.6656076785918881E-036   1.1123542901147678E-035   0.0000000000000000        0.0000000000000000        2.8220563661599725E-039   1.7701907236303565E-038
  0.20000000000000009       -1.9620739179208618E-036   1.3139110159806919E-035   0.0000000000000000        0.0000000000000000        4.3400381205210146E-039   2.7030614613450683E-038
  0.20500000000000010       -2.3112937025869007E-036   1.5519905295269020E-035   0.0000000000000000        0.0000000000000000        6.4885749987563913E-039   4.0108532851509639E-038
  0.21000000000000010       -2.7226554867987274E-036   1.8332124510430152E-035   0.0000000000000000        0.0000000000000000        9.4821761891425833E-039   5.8146868508398453E-038
  0.21500000000000011       -3.2072182402494300E-036   2.1653963142299842E-035   0.0000000000000000        0.0000000000000000        1.3600779719032746E-038   8.2702998622867918E-038
  0.22000000000000011       -3.7780087267529953E-036   2.5577791263693609E-035   0.0000000000000000        0.0000000000000000        1.9206071003373424E-038   1.1575913224293855E-037
  0.22500000000000012       -4.4503716787346182E-036   3.0212723820327876E-035   0.0000000000000000        0.0000000000000000        2.6758727012772490E-038   1.5980306021781751E-037
  0.23000000000000012       -5.2423822806191612E-036   3.5687656871016848E-035   0.0000000000000000        0.0000000000000000        3.6781542176243854E-038   2.1761067023563240E-037
  0.23500000000000013       -6.1753320491310459E-036   4.2154854483895280E-035   0.0000000000000000        0.0000000000000000        5.0249548241203685E-038   2.9438484464742929E-037
  0.24000000000000013       -7.2743011715621540E-036   4.9794186183638249E-035   0.0000000000000000        0.0000000000000000        6.7890293153232433E-038   3.9386391128654899E-037
  0.24500000000000013       -8.5688326872299648E-036   5.8818132971317760E-035   0.0000000000000000        0.0000000000000000        9.0961346973433170E-038   5.2260152803434603E-037
  0.25000000000000011       -1.0093726635122459E-035   6.9477701355459560E-035   0.0000000000000000        0.0000000000000000        1.2066408916213328E-037   6.8680618511759385E-037
  0.25500000000000012       -1.1889975515694775E-035   8.2069410137446291E-035   0.0000000000000000        0.0000000000000000        1.5951342301256762E-037   8.9956517933037255E-037
  0.26000000000000012       -1.4005866213691453E-035   9.6943544592428054E-035   0.0000000000000000        0.0000000000000000        2.0891111604848919E-037   1.1681600458541887E-036
  0.26500000000000012       -1.6498278003792525E-035   1.1451390801280613E-034   0.0000000000000000        0.0000000000000000        2.7162331785787886E-037   1.5071906471253799E-036
  0.27000000000000013       -1.9434211532187790E-035   1.3526934232025330E-034   0.0000000000000000        0.0000000000000000        3.5071460135293135E-037   1.9331456217520130E-036
  0.27500000000000013       -2.2892589876563127E-035   1.5978733876950660E-034   0.0000000000000000        0.0000000000000000        4.4911923146292411E-037   2.4620194383566807E-036
  0.28000000000000014       -2.6966380101389762E-035   1.8875011803838845E-034   0.0000000000000000        0.0000000000000000        5.7113642353506947E-037   3.1180782286853820E-036
  0.28500000000000014       -3.1765092341500344E-035   2.2296362785060431E-034   0.0000000000000000        0.0000000000000000        7.1982665738604348E-037   3.9196008966974491E-036
  0.29000000000000015       -3.7417723596376873E-035   2.6337998763225571E-034   0.0000000000000000        0.0000000000000000        9.0336327246885304E-037   4.9132925921752117E-036
  0.29500000000000015       -4.4076225373241364E-035   3.1112400583075196E-034   0.0000000000000000        0.0000000000000000        1.1241034054168630E-036   6.1160516160079500E-036
  0.30000000000000016       -5.1919588400403860E-035   3.6752450910993853E-034   0.0000000000000000        0.0000000000000000        1.3895908818964788E-036   7.5738191972314095E-036
  0.30500000000000016       -6.1158654222021676E-035   4.3415135684825403E-034   0.0000000000000000        0.0000000000000000        1.7074296876023577E-036   9.3344862977382884E-036
  0.31000000000000016       -7.2041783027551491E-035   5.1285917295616714E-034   0.0000000000000000        0.0000000000000000        2.0847863706802656E-036   1.1443000704036918E-035
  0.31500000000000017       -8.4861530089172236E-035   6.0583901442360921E-034   0.0000000000000000        0.0000000000000000        2.5373321065623640E-036   1.3999985239268116E-035
  0.32000000000000017       -9.9962510297228665E-035   7.1567941743988838E-034   0.0000000000000000        0.0000000000000000        3.0728615287470815E-036   1.7053271097223309E-035
  0.32500000000000018       -1.1775066222661377E-034   8.4543852358541845E-034   0.0000000000000000        0.0000000000000000        3.7062856883966328E-036   2.0694034185737115E-035
  0.33000000000000018       -1.3870416079456503E-034   9.9872929778199254E-034   0.0000000000000000        0.0000000000000000        4.4613597137059425E-036   2.5082557237036017E-035
  0.33500000000000019       -1.6338627189471969E-034   1.1798202150480192E-033   0.0000000000000000        0.0000000000000000        5.3541853935101734E-036   3.0309793130771659E-035
  0.34000000000000019       -1.9246049460505707E-034   1.3937542248421200E-033   0.0000000000000000        0.0000000000000000        6.4125002419819865E-036   3.6553859451514851E-035
  0.34500000000000020       -2.2670839807264164E-034   1.6464893119571141E-033   0.0000000000000000        0.0000000000000000        7.6668469799665049E-036   4.4007490571972716E-035
  0.35000000000000020       -2.6705063262974123E-034   1.9450645758078158E-033   0.0000000000000000        0.0000000000000000        9.1544559988980918E-036   5.2905065754137860E-035
  0.35500000000000020       -3.1457168004220071E-034   2.2977964623831263E-033   0.0000000000000000        0.0000000000000000        1.0917803586321225E-035   6.3515894891871460E-035
  0.36000000000000021       -3.7054900832672207E-034   2.7145106250261343E-033   0.0000000000000000        0.0000000000000000        1.3009429857269001E-035   7.6171184096414958E-035
  0.36500000000000021       -4.3648741500277544E-034   3.2068158850946468E-033   0.0000000000000000        0.0000000000000000        1.5488123804844747E-035   9.1219236759261479E-035
  0.37000000000000022       -5.1415948215149083E-034   3.7884279392574811E-033   0.0000000000000000        0.0000000000000000        1.8432539358373077E-035   1.0923270942126959E-034
  0.37500000000000022       -6.0565323098993590E-034   4.4755518495707910E-033   0.0000000000000000        0.0000000000000000        2.1925864967960096E-035   1.3065362095832049E-034
  0.38000000000000023       -7.1342825725359041E-034   5.2873339944002223E-033   0.0000000000000000        0.0000000000000000        2.6072120847966288E-035   1.5616238921430856E-034
  0.38500000000000023       -8.4038185671875436E-034   6.2463960986462400E-033   0.0000000000000000        0.0000000000000000        3.0995002633616121E-035   1.8653983800574242E-034
  0.39000000000000024       -9.8992691882185353E-034   7.3794662548307724E-033   0.0000000000000000        0.0000000000000000        3.6835099972958189E-035   2.2262561195350502E-034
  0.39500000000000024       -1.1660836827693627E-033   8.7181245566012494E-033   0.0000000000000000        0.0000000000000000        4.3775151239022549E-035   2.6572952307452167E-034
  0.40000000000000024       -1.3735878232873054E-033   1.0299684168870110E-032   0.0000000000000000        0.0000000000000000        5.2011996809553619E-035   3.1694043000304358E-034
  0.40500000000000025       -1.6180177722623514E-033   1.2168232443783888E-032   0.0000000000000000        0.0000000000000000        6.1787865092066176E-035   3.7784723464493719E-034
  0.41000000000000025       -1.9059446997789639E-033   1.4375861164884893E-032   0.0000000000000000        0.0000000000000000        7.3391763566104276E-035   4.5028144191402935E-034
  0.41500000000000026       -2.2451091873769522E-033   1.6984120288393284E-032   0.0000000000000000        0.0000000000000000        8.7167964519647276E-035   5.3630803130414821E-034
  0.42000000000000026       -2.6446293441215129E-033   2.0065735798446253E-032   0.0000000000000000        0.0000000000000000        1.0352505799615821E-034   6.3883533250185013E-034
  0.42500000000000027       -3.1152459616007348E-033   2.3706639677289902E-032   0.0000000000000000        0.0000000000000000        1.2293879703567115E-034   7.6055808262019175E-034
  0.43000000000000027       -3.6696112999794381E-033   2.8008368718500995E-032   0.0000000000000000        0.0000000000000000        1.4598405499062613E-034   9.0521756237482570E-034
  0.43500000000000028       -4.3226292705311430E-033   3.3090899225751458E-032   0.0000000000000000        0.0000000000000000        1.7334010758889730E-034   1.0771096870314972E-033
  0.44000000000000028       -5.0918561621983663E-033   3.9095996830096231E-032   0.0000000000000000        0.0000000000000000        2.0581206353291999E-034   1.2813192330682781E-033
  0.44500000000000028       -5.9979726878597826E-033   4.6191175066790829E-032   0.0000000000000000        0.0000000000000000        2.4435076189781506E-034   1.5239056616707716E-033
  0.45000000000000029       -7.0653400439046613E-033   5.4574373381664484E-032   0.0000000000000000        0.0000000000000000        2.9011712447548114E-034   1.8120714717387311E-033
  0.45500000000000029       -8.3226549360080239E-033   6.4479485364116840E-032   0.0000000000000000        0.0000000000000000        3.4442949094389042E-034   2.1542632114410813E-033
  0.46000000000000030       -9.8037211854235098E-033   7.6182891792719131E-032   0.0000000000000000        0.0000000000000000        4.0888685709927083E-034   2.5605333352313591E-033
  0.46500000000000030       -1.1548358665251521E-032   9.0011181196659746E-032   0.0000000000000000        0.0000000000000000        4.8542670127771751E-034   3.0430953133963311E-033
  0.47000000000000031       -1.3603474009298957E-032   1.0635027386978109E-031   0.0000000000000000        0.0000000000000000        5.7625131162826309E-034   3.6154281893611524E-033
  0.47500000000000031       -1.6024321886666989E-032   1.2565620455496374E-031   0.0000000000000000        0.0000000000000000        6.8407353203950051E-034   4.2958149137150240E-033
  0.48000000000000032       -1.8875990760075748E-032   1.4846786544617431E-031   0.0000000000000000        0.0000000000000000        8.1207534502675442E-034   5.1030889036443878E-033
  0.48500000000000032       -2.2235153083004452E-032   1.7542206603495809E-031   0.0000000000000000        0.0000000000000000        9.6404605819377409E-034   6.0615003789262830E-033
  0.49000000000000032       -2.6192127002324925E-032   2.0727133119600716E-031   0.0000000000000000        0.0000000000000000        1.1443266434587817E-033   7.1982697007721857E-033
  0.49500000000000033       -3.0853305010561665E-032   2.4490493558150907E-031   0.0000000000000000        0.0000000000000000        1.3583424060838635E-033   8.5476085108063231E-033
  0.50000000000000033       -3.6344014860424980E-032   2.8937376302606603E-031   0.0000000000000000        0.0000000000000000        1.6124163235296436E-033   1.0149077305161395E-032
  0.50500000000000034       -4.2811889679397709E-032   3.4191968679514051E-031   0.0000000000000000        0.0000000000000000        1.9139550670371539E-033   1.2049232830494645E-032
  0.51000000000000034       -5.0430837916348581E-032   4.0401029314428080E-031   0.0000000000000000        0.0000000000000000        2.2721144458400026E-033   1.4305114494726476E-032
  0.51500000000000035       -5.9405719883940817E-032   4.7737992034710358E-031   0.0000000000000000        0.0000000000000000        2.6968915596794277E-033   1.6979984353952812E-032
  0.52000000000000035       -6.9977856663624898E-032   5.6407816229536471E-031   0.0000000000000000        0.0000000000000000        3.2014954898763092E-033   2.0155751722040527E-032
  0.52500000000000036       -8.2431519525476945E-032   6.6652719493990477E-031   0.0000000000000000        0.0000000000000000        3.7999543855529284E-033   2.3919350177947180E-032
  0.53000000000000036       -9.7101574384990173E-032   7.8758953109650747E-031   0.0000000000000000        0.0000000000000000        4.5109011573148472E-033   2.8390854031302261E-032
  0.53500000000000036       -1.1438248688249730E-031   9.3064810142332343E-031   0.0000000000000000        0.0000000000000000        5.3543895415757724E-033   3.3691623272824248E-032
  0.54000000000000037       -1.3473893026330149E-031   1.0997009048927126E-030   0.0000000000000000        0.0000000000000000        6.3557415140274089E-033   3.9980708082465642E-032
  0.54500000000000037       -1.5871828134232202E-031   1.2994728805264978E-030   0.0000000000000000        0.0000000000000000        7.5449813391349843E-033   4.7444724981986227E-032
  0.55000000000000038       -1.8696534061500413E-031   1.5355481350099296E-030   0.0000000000000000        0.0000000000000000        8.9557799087771657E-033   5.6294620691462012E-032
  0.55500000000000038       -2.2023967239220403E-031   1.8145262315997746E-030   0.0000000000000000        0.0000000000000000        1.0631381144145753E-032   6.6797351000152379E-032
  0.56000000000000039       -2.5943603129922416E-031   2.1442069205312037E-030   0.0000000000000000        0.0000000000000000        1.2619941475785030E-032   7.9252892307092543E-032
  0.56500000000000039       -3.0560842448311104E-031   2.5338084888484418E-030   0.0000000000000000        0.0000000000000000        1.4980290483141872E-032   9.4027657727135575E-032
  0.57000000000000040       -3.5999845664989940E-031   2.9942258506570548E-030   0.0000000000000000        0.0000000000000000        1.7782983201345649E-032   1.1155634778950137E-031
  0.57500000000000040       -4.2406872023399057E-031   3.5383356136963807E-030   0.0000000000000000        0.0000000000000000        2.1109176546448165E-032   1.3234223095635724E-031
  0.58000000000000040       -4.9954212868292673E-031   4.1813566762055061E-030   0.0000000000000000        0.0000000000000000        2.5060870471618257E-032   1.5701110583148204E-031
  0.58500000000000041       -5.8844825067039004E-031   4.9412764663166770E-030   0.0000000000000000        0.0000000000000000        2.9744391647687788E-032   1.8623331274154841E-031
  0.59000000000000041       -6.9317789132792838E-031   5.8393547784756010E-030   0.0000000000000000        0.0000000000000000        3.5310981992692315E-032   2.2092296755147774E-031
  0.59500000000000042       -8.1654738837115986E-031   6.9007193394160521E-030   0.0000000000000000        0.0000000000000000        4.1915642766526198E-032   2.6204588508846998E-031
  0.60000000000000042       -9.6187435225771733E-031   8.1550698112499270E-030   0.0000000000000000        0.0000000000000000        4.9756096111717925E-032   3.1081361632176219E-031
  0.60500000000000043       -1.1330668872717144E-030   9.6375099836468235E-030   0.0000000000000000        0.0000000000000000        5.9064763542722563E-032   3.6865237466196089E-031
  0.61000000000000043       -1.3347286929626055E-030   1.1389531506505417E-029   0.0000000000000000        0.0000000000000000        7.0111649421083328E-032   4.3722106786323084E-031
  0.61500000000000044       -1.5722828724198229E-030   1.3460176770130851E-029   0.0000000000000000        0.0000000000000000        8.3228343516941855E-032   5.1854894141456063E-031
  0.62000000000000044       -1.8521177769237574E-030   1.5907413571482686E-029   0.0000000000000000        0.0000000000000000        9.8805325069544191E-032   6.1501997768699304E-031
  0.62500000000000044       -2.1817588091004955E-030   1.8799760154003819E-029   0.0000000000000000        0.0000000000000000        1.1728400164860904E-031   7.2935106570699855E-031
  0.63000000000000045       -2.5700708047583195E-030   2.2218206242305436E-029   0.0000000000000000        0.0000000000000000        1.3922859814258497E-031   8.6495703405796139E-031
  0.63500000000000045       -3.0274964358655207E-030   2.6258484009418881E-029   0.0000000000000000        0.0000000000000000        1.6527345837437809E-031   1.0257340697803960E-030
  0.64000000000000046       -3.5663370457432697E-030   3.1033752747475762E-029   0.0000000000000000        0.0000000000000000        1.9620168341867880E-031   1.2164182761771378E-030
  0.64500000000000046       -4.2010834685446537E-030   3.6677772639264403E-029   0.0000000000000000        0.0000000000000000        2.3291256985998765E-031   1.4424995953971577E-030
  0.65000000000000047       -4.9488057291345094E-030   4.3348656775410722E-029   0.0000000000000000        0.0000000000000000        2.7649508363030979E-031   1.7105620805409131E-030
  0.65500000000000047       -5.8296121027122093E-030   5.1233306816869354E-029   0.0000000000000000        0.0000000000000000        3.2825366938089771E-031   2.0284978462627133E-030
  0.66000000000000048       -6.8671898784921682E-030   6.0552656922744836E-029   0.0000000000000000        0.0000000000000000        3.9010196575253538E-031   2.4076160685914601E-030
  0.66500000000000048       -8.0894423686000946E-030   7.1567873290234554E-029   0.0000000000000000        0.0000000000000000        4.6261967226199617E-031   2.8525196876046162E-030
  0.67000000000000048       -9.5292392911126777E-030   8.4587683526901948E-029   0.0000000000000000        0.0000000000000000        5.4918756135973803E-031   3.3824270786491348E-030
  0.67500000000000049       -1.1225300704425401E-029   9.9977041852206511E-029   0.0000000000000000        0.0000000000000000        6.5199829439626350E-031   4.0109260228948628E-030
  0.68000000000000049       -1.3223238260791706E-029   1.1816737370065855E-028   0.0000000000000000        0.0000000000000000        7.7403471663799784E-031   4.7560269648427855E-030
  0.68500000000000050       -1.5576781776472165E-029   1.3966868773129041E-028   0.0000000000000000        0.0000000000000000        9.1895362894101976E-031   5.6396578697884003E-030
  0.69000000000000050       -1.8349224098094614E-029   1.6508389578982726E-028   0.0000000000000000        0.0000000000000000        1.0909803968185218E-030   6.6873095024354201E-030
  0.69500000000000051       -2.1615123113508997E-029   1.9512574350104246E-028   0.0000000000000000        0.0000000000000000        1.2952491363719859E-030   7.9296432794020507E-030
  0.70000000000000051       -2.5462306668278914E-029   2.3063682764073249E-028   0.0000000000000000        0.0000000000000000        1.5377448987981091E-030   9.4025199725152235E-030
  0.70500000000000052       -2.9994234291760117E-029   2.7261326332056001E-028   0.0000000000000000        0.0000000000000000        1.8257092870247150E-030   1.1149247488982653E-029
  0.71000000000000052       -3.5332779228358456E-029   3.2223266676351417E-028   0.0000000000000000        0.0000000000000000        2.1677786627994654E-030   1.3221028456954531E-029
  0.71500000000000052       -4.1621505567615345E-029   3.8088724095056904E-028   0.0000000000000000        0.0000000000000000        2.5738708865114903E-030   1.5677402046646843E-029
  0.72000000000000053       -4.9029528574935334E-029   4.5022289510575643E-028   0.0000000000000000        0.0000000000000000        3.0553607703260731E-030   1.8586650399759157E-029
  0.72500000000000053       -5.7756062000526553E-029   5.3218549890974150E-028   0.0000000000000000        0.0000000000000000        3.6278783004122136E-030   2.2040046658350758E-029
  0.73000000000000054       -6.8035774608647492E-029   6.2907557328440518E-028   0.0000000000000000        0.0000000000000000        4.3065200376403535E-030   2.6128753288101135E-029
  0.73500000000000054       -8.0145099918504948E-029   7.4361295724071515E-028   0.0000000000000000        0.0000000000000000        5.1146937020244587E-030   3.0989449164830058E-029
  0.74000000000000055       -9.4409668766489522E-029   8.7901327133521932E-028   0.0000000000000000        0.0000000000000000        6.0729945011472974E-030   3.6745578388092508E-029
  0.74500000000000055       -1.1121306447485737E-028   1.0390783306661149E-027   0.0000000000000000        0.0000000000000000        7.2110253894806784E-030   4.3571765521811070E-029
  0.75000000000000056       -1.3100713595510460E-028   1.2283030534396716E-027   0.0000000000000000        0.0000000000000000        8.5612309332668379E-030   5.1660154240453206E-029
  0.75500000000000056       -1.5432414593960581E-028   1.4520018760447176E-027   0.0000000000000000        0.0000000000000000        1.0166810601033103E-029   6.1260994930071462E-029
  0.76000000000000056       -1.8179108084706163E-028   1.7164582354133829E-027   0.0000000000000000        0.0000000000000000        1.2069691563134247E-029   7.2629099236101929E-029
  0.76500000000000057       -2.1414650686997822E-028   2.0291013297384115E-027   0.0000000000000000        0.0000000000000000        1.4334364313310667E-029   8.6129804432127021E-029
  0.77000000000000057       -2.5226042528566999E-028   2.3987151377300813E-027   0.0000000000000000        0.0000000000000000        1.7020898182896834E-029   1.0212551929051115E-028
  0.77500000000000058       -2.9715766057278577E-028   2.8356855862379940E-027   0.0000000000000000        0.0000000000000000        2.0212170544770517E-029   1.2109884738652363E-028
  0.78000000000000058       -3.5004540982680994E-028   3.3522928319373459E-027   0.0000000000000000        0.0000000000000000        2.4001911956432082E-029   1.4359415752555896E-028
  0.78500000000000059       -4.1234569375820891E-028   3.9630568952636740E-027   0.0000000000000000        0.0000000000000000        2.8501081469142002E-029   1.7026187099042856E-028
  0.79000000000000059       -4.8573358122688957E-028   4.6851463898332196E-027   0.0000000000000000        0.0000000000000000        3.3846231793452613E-029   2.0189043726870760E-028
  0.79500000000000060       -5.7218221435064005E-028   5.5388618707252177E-027   0.0000000000000000        0.0000000000000000        4.0198514917530772E-029   2.3941571858160026E-028
  0.80000000000000060       -6.7401584388603432E-028   6.5482074305304298E-027   0.0000000000000000        0.0000000000000000        4.7729803134865509E-029   2.8385217265717102E-028
  0.80500000000000060       -7.9397229971896484E-028   7.7415666624976811E-027   0.0000000000000000        0.0000000000000000        5.6684006583013263E-029   3.3659148527542464E-028
  0.81000000000000061       -9.3527657469369579E-028   9.1525020558240758E-027   0.0000000000000000        0.0000000000000000        6.7318531326725476E-029   3.9912371053054936E-028
  0.81500000000000061       -1.1017274984511666E-027   1.0820700372405223E-026   0.0000000000000000        0.0000000000000000        7.9942081681536736E-029   4.7324139607275464E-028
  0.82000000000000062       -1.2977998294480449E-027   1.2793090675712135E-026   0.0000000000000000        0.0000000000000000        9.4946057482440858E-029   5.6118295630532881E-028
  0.82500000000000062       -1.5287645073175398E-027   1.5125166557398576E-026   0.0000000000000000        0.0000000000000000        1.1284129065700714E-028   6.6587458249842381E-028
  0.83000000000000063       -1.8008302953148311E-027   1.7882549873673348E-026   0.0000000000000000        0.0000000000000000        1.3390475619765471E-028   7.8897748440571794E-028
  0.83500000000000063       -2.1213106168459822E-027   2.1142840124440219E-026   0.0000000000000000        0.0000000000000000        1.5904372459608005E-028   9.3560324180215905E-028
  0.84000000000000064       -2.4988200664061104E-027   2.4997801676705426E-026   0.0000000000000000        0.0000000000000000        1.8887733162186914E-028   1.1093466542132651E-027
  0.84500000000000064       -2.9435058717908400E-027   2.9555950578010480E-026   0.0000000000000000        0.0000000000000000        2.2434626579351403E-028   1.3155256165440724E-027
  0.85000000000000064       -3.4673205225523445E-027   3.4945613995755823E-026   0.0000000000000000        0.0000000000000000        2.6647261415340433E-028   1.5599933943851052E-027
  0.85500000000000065       -4.0843428844970873E-027   4.1318548673646466E-026   0.0000000000000000        0.0000000000000000        3.1645532950531344E-028   1.8496453121914087E-027
  0.86000000000000065       -4.8111564211878793E-027   4.8854220595256127E-026   0.0000000000000000        0.0000000000000000        3.7586668221429017E-028   2.1932715931991144E-027
  0.86500000000000066       -5.6672946757925309E-027   5.7764866733822245E-026   0.0000000000000000        0.0000000000000000        4.4646787474231899E-028   2.6009073470537005E-027
  0.87000000000000066       -6.6757659712894502E-027   6.8301481876207878E-026   0.0000000000000000        0.0000000000000000        5.3028622220289142E-028   3.0840552462443269E-027
  0.87500000000000067       -7.8636714123496842E-027   8.0760899663180299E-026   0.0000000000000000        0.0000000000000000        6.2987630306092972E-028   3.6571312319562562E-027
  0.88000000000000067       -9.2629327751300631E-027   9.5494167928583891E-026   0.0000000000000000        0.0000000000000000        7.4814566099776854E-028   4.3364904880765998E-027
  0.88500000000000068       -1.0911149818765708E-026   1.1291645502269856E-025   0.0000000000000000        0.0000000000000000        8.8868066332811259E-028   5.1423318139816353E-027
  0.89000000000000068       -1.2852610023521961E-026   1.3351876710687397E-025   0.0000000000000000        0.0000000000000000        1.0555444708878322E-027   6.0974816711321562E-027
  0.89500000000000068       -1.5139477848324385E-026   1.5788180763401359E-025   0.0000000000000000        0.0000000000000000        1.2539826544278559E-027   7.2312229083868993E-027
  0.90000000000000069       -1.7833195414177919E-026   1.8669237083392053E-025   0.0000000000000000        0.0000000000000000        1.4896712527712801E-027   8.5753642383399655E-027
  0.90500000000000069       -2.1006132188760206E-026   2.2076273272117495E-025   0.0000000000000000        0.0000000000000000        1.7694663888739272E-027   1.0168389512615207E-026
  0.91000000000000070       -2.4743527922941423E-026   2.6105358796780129E-025   0.0000000000000000        0.0000000000000000        2.1024564925630157E-027   1.2059972879728189E-026
  0.91500000000000070       -2.9145780950870959E-026   3.0870118133750650E-025   0.0000000000000000        0.0000000000000000        2.4969435904855599E-027   1.4298582475971010E-026
  0.92000000000000071       -3.4331143221982904E-026   3.6504940110747512E-025   0.0000000000000000        0.0000000000000000        2.9663988800883826E-027   1.6956483320211241E-026
  0.92500000000000071       -4.0438894333466501E-026   4.3168774237301610E-025   0.0000000000000000        0.0000000000000000        3.5239507860313846E-027   2.0107684649791304E-026
  0.93000000000000071       -4.7633079667149960E-026   5.1049621432276958E-025   0.0000000000000000        0.0000000000000000        4.1864104723364501E-027   2.3844858682647282E-026
  0.93500000000000072       -5.6106912848632923E-026   6.0369846219958744E-025   0.0000000000000000        0.0000000000000000        4.9731101193346754E-027   2.8274911576654802E-026
  0.94000000000000072       -6.6087960543241824E-026   7.1392460730172852E-025   0.0000000000000000        0.0000000000000000        5.9082725305102356E-027   3.3530722962892338E-026
  0.94500000000000073       -7.7844248558743279E-026   8.4428558362693317E-025   0.0000000000000000        0.0000000000000000        7.0201569013968394E-027   3.9767658071482783E-026
  0.95000000000000073       -9.1691452899240804E-026   9.9846107542884761E-025   0.0000000000000000        0.0000000000000000        8.3390583672330205E-027   4.7153207685671643E-026
  0.95500000000000074       -1.0800136846768621E-025   1.1808035452767327E-024   0.0000000000000000        0.0000000000000000        9.9080365766977100E-027   5.5920735461128493E-026
  0.96000000000000074       -1.2721188232271399E-025   1.3964612981201938E-024   0.0000000000000000        0.0000000000000000        1.1769233627611800E-026   6.6303809819521733E-026
  0.96500000000000075       -1.4983871867305125E-025   1.6515240662975365E-024   0.0000000000000000        0.0000000000000000        1.3985448635483031E-026   7.8640339645015060E-026
  0.97000000000000075       -1.7648927021566843E-025   1.9531952386972342E-024   0.0000000000000000        0.0000000000000000        1.6616666978487478E-026   9.3260065235226818E-026
  0.97500000000000075       -2.0787888625915380E-025   2.3099956125024649E-024   0.0000000000000000        0.0000000000000000        1.9740602122837725E-026   1.1058549328407484E-025
  0.98000000000000076       -2.4485005381229067E-025   2.7320044395600583E-024   0.0000000000000000        0.0000000000000000        2.3457510434952100E-026   1.3115656745536282E-025
  0.98500000000000076       -2.8839498521528165E-025   3.2311445967791971E-024   0.0000000000000000        0.0000000000000000        2.7869139157037765E-026   1.5552723631982779E-025
  0.99000000000000077       -3.3968221701329623E-025   3.8215199611123546E-024   0.0000000000000000        0.0000000000000000        3.3117395732688910E-026   1.8445850601438657E-025
  0.99500000000000077       -4.0008793205125213E-025   4.5198145501223943E-024   0.0000000000000000        0.0000000000000000        3.9349005347522127E-026   2.1874657016861314E-025
   1.0000000000000007       -4.7123284306791128E-025   5.3457647409387676E-024   0.0000000000000000        0.0000000000000000        4.6754934428141855E-026   2.5941518450619441E-025
   1.0050000000000006       -5.5502562475499334E-025   6.3227179533163734E-024   0.0000000000000000        0.0000000000000000        5.5565250970922885E-026   3.0768809867651128E-025
   1.0100000000000005       -6.5371405629039548E-025   7.4782936354001216E-024   0.0000000000000000        0.0000000000000000        6.6017393257161047E-026   3.6485764981690119E-025
   1.0150000000000003       -7.6994524241965586E-025   8.8451652933708621E-024   0.0000000000000000        0.0000000000000000        7.8447981847651592E-026   4.3269555574257755E-025
   1.0200000000000002       -9.0683652374141775E-025   1.0461985740847889E-023   0.0000000000000000        0.0000000000000000        9.3225227651424892E-026   5.1319143163694160E-025
   1.0250000000000001       -1.0680589724159840E-024   1.2374481808374758E-023   0.0000000000000000        0.0000000000000000        1.1077442814788887E-025   6.0858845388420979E-025
   1.0300000000000000       -1.2579357056689888E-024   1.4636749563001144E-023   0.0000000000000000        0.0000000000000000        1.3164865708979812E-025   7.2181685226940425E-025
   1.0349999999999999       -1.4815576451621773E-024   1.7312786779599868E-023   0.0000000000000000        0.0000000000000000        1.5645554368749519E-025   8.5609002655475840E-025
   1.0399999999999998       -1.7449198160852331E-024   2.0478306140919998E-023   0.0000000000000000        0.0000000000000000        1.8590333201379998E-025   1.0152025591993837E-024
   1.0449999999999997       -2.0550818280910422E-024   2.4222880613929211E-023   0.0000000000000000        0.0000000000000000        2.2091692729080135E-025   1.2039648402897284E-024
   1.0499999999999996       -2.4203568255427327E-024   2.8652481882330615E-023   0.0000000000000000        0.0000000000000000        2.6255559912393865E-025   1.4279694677994359E-024
   1.0549999999999995       -2.8505339541398404E-024   3.3892483877545374E-023   0.0000000000000000        0.0000000000000000        3.1200525879629872E-025   1.6934703863747405E-024
   1.0599999999999994       -3.3571402850451605E-024   4.0091216660161245E-023   0.0000000000000000        0.0000000000000000        3.7084573941811723E-025   2.0086269393300873E-024
   1.0649999999999993       -3.9537491899288091E-024   4.7424171536794805E-023   0.0000000000000000        0.0000000000000000        4.4071826327204070E-025   2.3821927870413612E-024
   1.0699999999999992       -4.6563433988470938E-024   5.6098976797913150E-023   0.0000000000000000        0.0000000000000000        5.2380270897834815E-025   2.8253734285845044E-024
   1.0749999999999991       -5.4837424305117325E-024   6.6361285356775989E-023   0.0000000000000000        0.0000000000000000        6.2254522719670716E-025   3.3509532590277408E-024
   1.0799999999999990       -6.4581057999965879E-024   7.8501741481219203E-023   0.0000000000000000        0.0000000000000000        7.3991424630601224E-025   3.9744241215954361E-024
   1.0849999999999989       -7.6055254278491472E-024   9.2864224475542726E-023   0.0000000000000000        0.0000000000000000        8.7937479697771016E-025   4.7135766937536117E-024
   1.0899999999999987       -8.9567230505353346E-024   1.0985560346202198E-022   0.0000000000000000        0.0000000000000000        1.0452981126968294E-024   5.5910180480547835E-024
   1.0949999999999986       -1.0547871228191258E-023   1.2995728036330625E-022   0.0000000000000000        0.0000000000000000        1.2423078497551157E-024   6.6307811670690528E-024
   1.0999999999999985       -1.2421559836024429E-023   1.5373884902021716E-022   0.0000000000000000        0.0000000000000000        1.4765935830492605E-024   7.8645219249354146E-024
   1.1049999999999984       -1.4627933797627686E-023   1.8187425854184848E-022   0.0000000000000000        0.0000000000000000        1.7551042180279587E-024   9.3278079062736208E-024
   1.1099999999999983       -1.7226032374640548E-023   2.1516094018787622E-022   0.0000000000000000        0.0000000000000000        2.0862686288062168E-024   1.1063905590242338E-023
   1.1149999999999982       -2.0285365688408228E-023   2.5454244135452081E-022   0.0000000000000000        0.0000000000000000        2.4799671861273916E-024   1.3123236756436349E-023
   1.1199999999999981       -2.3887770457520909E-023   3.0113520997438080E-022   0.0000000000000000        0.0000000000000000        2.9479232444560288E-024   1.5565604234277383E-023
   1.1249999999999980       -2.8129594357570103E-023   3.5626029068633915E-022   0.0000000000000000        0.0000000000000000        3.5042721733327087E-024   1.8462816291318538E-023
   1.1299999999999979       -3.3124267142554347E-023   4.2148083384638361E-022   0.0000000000000000        0.0000000000000000        4.1653708381772236E-024   2.1898015612847735E-023
   1.1349999999999978       -3.9005326942292485E-023   4.9864648381242994E-022   0.0000000000000000        0.0000000000000000        4.9516083690921811E-024   2.5974255368755151E-023
   1.1399999999999977       -4.5929982238781150E-023   5.8994590865496402E-022   0.0000000000000000        0.0000000000000000        5.8861932984548689E-024   3.0808296099227719E-023
   1.1449999999999976       -5.4083304246338374E-023   6.9796896509662707E-022   0.0000000000000000        0.0000000000000000        6.9971825398554460E-024   3.6542234612515527E-023
   1.1499999999999975       -6.3683161151545677E-023   8.2578026666420616E-022   0.0000000000000000        0.0000000000000000        8.3152533906940106E-024   4.3337651828214600E-023
   1.1549999999999974       -7.4986025351521874E-023   9.7700624755922293E-022   0.0000000000000000        0.0000000000000000        9.9133530440943225E-024   5.1518998281845592E-023
   1.1599999999999973       -8.8293807982774283E-023   1.1559381988613255E-021   0.0000000000000000        0.0000000000000000        1.1757786131809112E-023   6.0995565297981341E-023
   1.1649999999999971       -1.0396190226901103E-022   1.3676542083188229E-021   0.0000000000000000        0.0000000000000000        1.3953125844189680E-023   7.2240751633386730E-023
   1.1699999999999970       -1.2240864925348610E-022   1.6181634731047651E-021   0.0000000000000000        0.0000000000000000        1.6614846060228687E-023   8.5791979495170191E-023
   1.1749999999999969       -1.4412647716479564E-022   1.9145770918627504E-021   0.0000000000000000        0.0000000000000000        1.9751332409518806E-023   1.0176680747626597E-022
   1.1799999999999968       -1.6969500998787402E-022   2.2653101962834461E-021   0.0000000000000000        0.0000000000000000        2.3479946270169822E-023   1.2070631592379811E-022
   1.1849999999999967       -1.9979649294203691E-022   2.6803211748295926E-021   0.0000000000000000        0.0000000000000000        2.7920330160977651E-023   1.4319996826190424E-022
   1.1899999999999966       -2.3523394387846737E-022   3.1713947975000225E-021   0.0000000000000000        0.0000000000000000        3.3194258286934318E-023   1.6985915077808838E-022
   1.1949999999999965       -2.7695251171425854E-022   3.7524773007972361E-021   0.0000000000000000        0.0000000000000000        3.9468705770247644E-023   2.0149862109859441E-022
   1.1999999999999964       -3.2606460781582143E-022   4.4400729719857565E-021   0.0000000000000000        0.0000000000000000        4.6928014128653639E-023   2.3902661361588816E-022
   1.2049999999999963       -3.8387947596157490E-022   5.2537135234864143E-021   0.0000000000000000        0.0000000000000000        5.5792479051433456E-023   2.8351940110183689E-022
   1.2099999999999962       -4.5193798377205791E-022   6.2165136217823081E-021   0.0000000000000000        0.0000000000000000        6.6340790242165610E-023   3.3633422616703868E-022
   1.2149999999999961       -5.3205355637603265E-022   7.3558283896643251E-021   0.0000000000000000        0.0000000000000000        7.8886383143946588E-023   3.9899437356621863E-022
   1.2199999999999960       -6.2636033520258508E-022   8.7040316059513789E-021   0.0000000000000000        0.0000000000000000        9.3779779505733982E-023   4.7323085924287341E-022
   1.2249999999999959       -7.3736983540564317E-022   1.0299436765904570E-020   0.0000000000000000        0.0000000000000000        1.1152670003759481E-022   5.6144272834854570E-022
   1.2299999999999958       -8.6803759953693611E-022   1.2187387236406605E-020   0.0000000000000000        0.0000000000000000        1.3261453485529193E-022   6.6601755238223823E-022
   1.2349999999999957       -1.0218416085595677E-021   1.4421546558776980E-020   0.0000000000000000        0.0000000000000000        1.5768109150468616E-022   7.9004252615004693E-022
   1.2399999999999956       -1.2028745210362472E-021   1.7065425656202160E-020   0.0000000000000000        0.0000000000000000        1.8750266254250693E-022   9.3722063675336197E-022
   1.2449999999999954       -1.4159521754432782E-021   2.0194190454929691E-020   0.0000000000000000        0.0000000000000000        2.2297413808636164E-022   1.1118503597233261E-021
   1.2499999999999953       -1.6667412185743360E-021   2.3896801421173821E-020   0.0000000000000000        0.0000000000000000        2.6509437402382997E-022   1.3187660527513661E-021
   1.2549999999999952       -1.9619092260989612E-021   2.8278545977101020E-020   0.0000000000000000        0.0000000000000000        3.1532305677866149E-022   1.5647878744796226E-021
   1.2599999999999951       -2.3093012726683328E-021   3.3464035959218162E-020   0.0000000000000000        0.0000000000000000        3.7488815941584754E-022   1.8559831145650825E-021
   1.2649999999999950       -2.7181476039533679E-021   3.9600755540490146E-020   0.0000000000000000        0.0000000000000000        4.4590439592880796E-022   2.2021250838603987E-021
   1.2699999999999949       -3.1993078797884278E-021   4.6863260731773284E-020   0.0000000000000000        0.0000000000000000        5.3011595221255098E-022   2.6117613450906747E-021
   1.2749999999999948       -3.7655584174659370E-021   5.5458150156460394E-020   0.0000000000000000        0.0000000000000000        6.3064598353318430E-022   3.0993117499449547E-021
   1.2799999999999947       -4.4319299921925582E-021   6.5629948784607555E-020   0.0000000000000000        0.0000000000000000        7.4995696686989597E-022   3.6767084078419919E-021
   1.2849999999999946       -5.2161050771301603E-021   7.7668072346817722E-020   0.0000000000000000        0.0000000000000000        8.9167851205718559E-022   4.3609737938452910E-021
   1.2899999999999945       -6.1388849627871272E-021   9.1915070966493944E-020   0.0000000000000000        0.0000000000000000        1.0607572445191747E-021   5.1748610098408787E-021
   1.2949999999999944       -7.2247390252585612E-021   1.0877638703124924E-019   0.0000000000000000        0.0000000000000000        1.2615873304938468E-021   6.1393383765413245E-021
   1.2999999999999943       -8.5024505624800940E-021   1.2873190551124651E-019   0.0000000000000000        0.0000000000000000        1.5003180814043393E-021   7.2832057875243473E-021
   1.3049999999999942       -1.0005876142996820E-020   1.5234962605620065E-019   0.0000000000000000        0.0000000000000000        1.7843995952302780E-021   8.6406395605907524E-021
   1.3099999999999941       -1.1774838378291174E-020   1.8030184672309504E-019   0.0000000000000000        0.0000000000000000        2.1223953823190179E-021   1.0251534839753546E-020
   1.3149999999999940       -1.3856175514235603E-020   2.1338432082962802E-019   0.0000000000000000        0.0000000000000000        2.5244110636287319E-021   1.2162870434149849E-020
   1.3199999999999938       -1.6304975330002903E-020   2.5253893323942943E-019   0.0000000000000000        0.0000000000000000        3.0023804602931154E-021   1.4429599601831343E-020
   1.3249999999999937       -1.9186025639550154E-020   2.9888054278347873E-019   0.0000000000000000        0.0000000000000000        3.5726365099650853E-021   1.7125507144656481E-020
   1.3299999999999936       -2.2575519335824022E-020   3.5372875637418598E-019   0.0000000000000000        0.0000000000000000        4.2470589984985224E-021   2.0309403922336040E-020
   1.3349999999999935       -2.6563058546813379E-020   4.1864554106509020E-019   0.0000000000000000        0.0000000000000000        5.0523066457805572E-021   2.4098131273505405E-020
   1.3399999999999934       -3.1254010256449893E-020   4.9547974686602207E-019   0.0000000000000000        0.0000000000000000        6.0093168066466715E-021   2.8590612624264007E-020
   1.3449999999999933       -3.6772274882654955E-020   5.8641981029412417E-019   0.0000000000000000        0.0000000000000000        7.1477835319958133E-021   3.3920364736309881E-020
   1.3499999999999932       -4.3263540034816225E-020   6.9405614205205611E-019   0.0000000000000000        0.0000000000000000        8.5027811274660673E-021   4.0247519006147880E-020
   1.3549999999999931       -5.0899104269468370E-020   8.2145497853770126E-019   0.0000000000000000        0.0000000000000000        1.0114326025248687E-020   4.7752110083406802E-020
   1.3599999999999930       -5.9880370449587856E-020   9.7224580398992262E-019   0.0000000000000000        0.0000000000000000        1.2033908663440555E-020   5.6669063912798581E-020
   1.3649999999999929       -7.0444125668985086E-020   1.1507248372980930E-018   0.0000000000000000        0.0000000000000000        1.4311059884805100E-020   6.7220277181209077E-020
   1.3699999999999928       -8.2868745073727713E-020   1.3619775358988906E-018   0.0000000000000000        0.0000000000000000        1.7023864858183778E-020   7.9756721014712619E-020
   1.3749999999999927       -9.7481480818775640E-020   1.6120236118353694E-018   0.0000000000000000        0.0000000000000000        2.0251017188970615E-020   9.4629195778670607E-020
   1.3799999999999926       -1.1466702545157230E-019   1.9079886974444424E-018   0.0000000000000000        0.0000000000000000        2.4089763663060625E-020   1.1227612687982971E-019
   1.3849999999999925       -1.3487757193155379E-019   2.2583075586042070E-018   0.0000000000000000        0.0000000000000000        2.8658979783599493E-020   1.3322223987212926E-019
   1.3899999999999924       -1.5864463111550102E-019   2.6729646537111975E-018   0.0000000000000000        0.0000000000000000        3.4088722861191093E-020   1.5805369966142817E-019
   1.3949999999999922       -1.8659291284725165E-019   3.1637789022574760E-018   0.0000000000000000        0.0000000000000000        4.0550091640990211E-020   1.8752391934375558E-019
   1.3999999999999921       -2.1945662993986842E-019   3.7447407884529959E-018   0.0000000000000000        0.0000000000000000        4.8249629506862527E-020   2.2253499178215883E-019
   1.4049999999999920       -2.5809864667971719E-019   4.4324114187802619E-018   0.0000000000000000        0.0000000000000000        5.7407202993344972E-020   2.6406769048394229E-019
   1.4099999999999919       -3.0353296659746596E-019   5.2463949202954642E-018   0.0000000000000000        0.0000000000000000        6.8210171347643952E-020   3.1300555224119136E-019
   1.4149999999999918       -3.5695113999476085E-019   6.2098976593428494E-018   0.0000000000000000        0.0000000000000000        8.1240786705867718E-020   3.7174682566289260E-019
   1.4199999999999917       -4.1975327225720953E-019   7.3503902378318863E-018   0.0000000000000000        0.0000000000000000        9.6644735361674640E-020   4.4106545178700586E-019
   1.4249999999999916       -4.9358443186704973E-019   8.7003911570334961E-018   0.0000000000000000        0.0000000000000000        1.1499997615758954E-019   5.2342307099029562E-019
   1.4299999999999915       -5.8037739522701470E-019   1.0298394510637524E-017   0.0000000000000000        0.0000000000000000        1.3681328079491562E-019   6.2105772607375720E-019
   1.4349999999999914       -6.8240282740543426E-019   1.2189968178619078E-017   0.0000000000000000        0.0000000000000000        1.6278072064377588E-019   7.3695968505145485E-019
   1.4399999999999913       -8.0232818778802164E-019   1.4429053858529701E-017   0.0000000000000000        0.0000000000000000        1.9365236262283200E-019   8.7439420714190660E-019
   1.4449999999999912       -9.4328687214471533E-019   1.7079506029902780E-017   0.0000000000000000        0.0000000000000000        2.3056088889421645E-019   1.0381287832366256E-018
   1.4499999999999911       -1.1089593633761465E-018   2.0216913764833025E-017   0.0000000000000000        0.0000000000000000        2.7416416481823018E-019   1.2312715746253357E-018
   1.4549999999999910       -1.3036684687216303E-018   2.3930757367836710E-017   0.0000000000000000        0.0000000000000000        3.2617758040151548E-019   1.4609397517930401E-018
   1.4599999999999909       -1.5324910791327916E-018   2.8326961381020719E-017   0.0000000000000000        0.0000000000000000        3.8799793742007691E-019   1.7332344082585800E-018
   1.4649999999999908       -1.8013893057757433E-018   3.3530916798722174E-017   0.0000000000000000        0.0000000000000000        4.6173472825089781E-019   2.0569599485007051E-018
   1.4699999999999906       -2.1173643396704548E-018   3.9691058721592186E-017   0.0000000000000000        0.0000000000000000        5.4945401002756829E-019   2.4410515252529189E-018
   1.4749999999999905       -2.4886369555223786E-018   4.6983101525229179E-017   0.0000000000000000        0.0000000000000000        6.5391940249950263E-019   2.8971690577934610E-018
   1.4799999999999904       -2.9248592541245847E-018   5.5615052374596059E-017   0.0000000000000000        0.0000000000000000        7.7791295910501332E-019   3.4372614238849025E-018
   1.4849999999999903       -3.4373630259958903E-018   6.5833146117239531E-017   0.0000000000000000        0.0000000000000000        9.2556787014854337E-019   4.0785671793522499E-018
   1.4899999999999902       -4.0394510416677170E-018   7.7928870868610833E-017   0.0000000000000000        0.0000000000000000        1.1010068046815543E-018   4.8387340342129559E-018
   1.4949999999999901       -4.7467386540120263E-018   9.2247284710495656E-017   0.0000000000000000        0.0000000000000000        1.3096133956896394E-018   5.7401788925963181E-018
   1.4999999999999900       -5.5775543618211226E-018   1.0919686074512026E-016   0.0000000000000000        0.0000000000000000        1.5595337953818624E-018   6.8157163192001328E-018
   1.5049999999999899       -6.5534094625629757E-018   1.2926114133224866E-016   0.0000000000000000        0.0000000000000000        1.8558190079304142E-018   8.0882627099166089E-018
   1.5099999999999898       -7.6995486521154428E-018   1.5301253392595186E-016   0.0000000000000000        0.0000000000000000        2.2082051322079218E-018   9.5976716066313965E-018
   1.5149999999999897       -9.0455954526462042E-018   1.8112864199164343E-016   0.0000000000000000        0.0000000000000000        2.6276355025780323E-018   1.1389116765934586E-017
   1.5199999999999896       -1.0626308716064589E-017   2.1441159676152160E-016   0.0000000000000000        0.0000000000000000        3.1270747689211163E-018   1.3516215026395350E-017
   1.5249999999999895       -1.2482469217232497E-017   2.5381094113604806E-016   0.0000000000000000        0.0000000000000000        3.7212520344175367E-018   1.6039750071982735E-017
   1.5299999999999894       -1.4661918585610774E-017   3.0045071829680799E-016   0.0000000000000000        0.0000000000000000        4.4285441380148269E-018   1.9035202121947293E-017
   1.5349999999999893       -1.7220776604621513E-017   3.5566153744504816E-016   0.0000000000000000        0.0000000000000000        5.2677046974621415E-018   2.2580811700637594E-017
   1.5399999999999892       -2.0224867326068864E-017   4.2101853093136770E-016   0.0000000000000000        0.0000000000000000        6.2704212376348328E-018   2.6803136950196858E-017
   1.5449999999999890       -2.3751389608993269E-017   4.9838628493417023E-016   0.0000000000000000        0.0000000000000000        7.4628271533750819E-018   3.1810188597156248E-017
   1.5499999999999889       -2.7890873722415258E-017   5.8997202455428829E-016   0.0000000000000000        0.0000000000000000        8.8802747156658091E-018   3.7747293058879920E-017
   1.5549999999999888       -3.2749472694043363E-017   6.9838856937551350E-016   0.0000000000000000        0.0000000000000000        1.0568972069068650E-017   4.4798232873304018E-017
   1.5599999999999887       -3.8451645310506469E-017   8.2672885388565216E-016   0.0000000000000000        0.0000000000000000        1.2582306251049835E-017   5.3179079805618696E-017
   1.5649999999999886       -4.5143297274908614E-017   9.7865413657812539E-016   0.0000000000000000        0.0000000000000000        1.4968902079798361E-017   6.3091414489208826E-017
   1.5699999999999885       -5.2995458232458191E-017   1.1584984114274141E-015   0.0000000000000000        0.0000000000000000        1.7815853324116242E-017   7.4877924734389066E-017
   1.5749999999999884       -6.2208585449841509E-017   1.3713919968397751E-015   0.0000000000000000        0.0000000000000000        2.1201356653957591E-017   8.8856616212693112E-017
   1.5799999999999883       -7.3017600187302106E-017   1.6234078232387723E-015   0.0000000000000000        0.0000000000000000        2.5228262094610443E-017   1.0543772357665828E-016
   1.5849999999999882       -8.5697780592614237E-017   1.9217345866750469E-015   0.0000000000000000        0.0000000000000000        3.0026902706249361E-017   1.2513695242504579E-016
   1.5899999999999881       -1.0057165568996910E-016   2.2748817006147093E-015   0.0000000000000000        0.0000000000000000        3.5737401726219516E-017   1.4851276885023914E-016
   1.5949999999999880       -1.1801706921826436E-016   2.6929218830870928E-015   0.0000000000000000        0.0000000000000000        4.2534486989100229E-017   1.7625160788999914E-016
   1.5999999999999879       -1.3847661025450859E-016   3.1877782873692122E-015   0.0000000000000000        0.0000000000000000        5.0620497415470047E-017   2.0916530431234466E-016
   1.6049999999999878       -1.6246864039125931E-016   3.7735643517634754E-015   0.0000000000000000        0.0000000000000000        6.0249149119280961E-017   2.4823574059636405E-016
   1.6099999999999877       -1.9060018547924249E-016   4.4669860437717439E-015   0.0000000000000000        0.0000000000000000        7.1701133739864633E-017   2.9457933181153305E-016
   1.6149999999999876       -2.2358200447532221E-016   5.2878179486499060E-015   0.0000000000000000        0.0000000000000000        8.5342559028270357E-017   3.4961777081894945E-016
   1.6199999999999875       -2.6224619976885859E-016   6.2594667523110174E-015   0.0000000000000000        0.0000000000000000        1.0156689780589554E-016   4.1490302897583154E-016
   1.6249999999999873       -3.0756679367585405E-016   7.4096381533990776E-015   0.0000000000000000        0.0000000000000000        1.2088869152530352E-016   4.9241329883448330E-016
   1.6299999999999872       -3.6068376595389474E-016   8.7711261795743221E-015   0.0000000000000000        0.0000000000000000        1.4388166229290348E-016   5.8438030076097436E-016
   1.6349999999999871       -4.2293112878271297E-016   1.0382747361990135E-014   0.0000000000000000        0.0000000000000000        1.7124261980677271E-016   6.9351388939244802E-016
   1.6399999999999870       -4.9586971050211032E-016   1.2290446338242559E-014   0.0000000000000000        0.0000000000000000        2.0379937172135851E-016   8.2301213698516457E-016
   1.6449999999999869       -5.8132542961300462E-016   1.4548604324370363E-014   0.0000000000000000        0.0000000000000000        2.4256779192749718E-016   9.7675572106956927E-016
   1.6499999999999868       -6.8143396857042724E-016   1.7221587658798422E-014   0.0000000000000000        0.0000000000000000        2.8869911541041524E-016   1.1591793687938087E-015
   1.6549999999999867       -7.9869290554617065E-016   2.0385580438614495E-014   0.0000000000000000        0.0000000000000000        3.4376379181205718E-016   1.3761473318942270E-015
   1.6599999999999866       -9.3602253486521395E-016   2.4130753334333026E-014   0.0000000000000000        0.0000000000000000        4.0822207163699828E-016   1.6301788644909447E-015
   1.6649999999999865       -1.0968368069735194E-015   2.8563830211629342E-014   0.0000000000000000        0.0000000000000000        4.8689068419944402E-016   1.9377977787151480E-015
   1.6699999999999864       -1.2851260508933193E-015   3.3811125477422636E-014   0.0000000000000000        0.0000000000000000        5.7955327909926917E-016   2.2999324615401462E-015
   1.6749999999999863       -1.5055534111388252E-015   4.0022138422549560E-014   0.0000000000000000        0.0000000000000000        6.8970482629887000E-016   2.7292641224385846E-015
   1.6799999999999862       -1.7635672427189029E-015   4.7373806631683482E-014   0.0000000000000000        0.0000000000000000        8.2084281168096273E-016   3.2388707313317790E-015
   1.6849999999999861       -2.0655320687169176E-015   5.6075539219820529E-014   0.0000000000000000        0.0000000000000000        9.7707216122389750E-016   3.8440181428617342E-015
   1.6899999999999860       -2.4188811225593797E-015   6.6375172761593469E-014   0.0000000000000000        0.0000000000000000        1.1629859403767729E-015   4.5621389678019777E-015
   1.6949999999999859       -2.8322939801167875E-015   7.8566018929475195E-014   0.0000000000000000        0.0000000000000000        1.3843262942100047E-015   5.4145017295987147E-015
   1.6999999999999857       -3.3159033451458611E-015   9.2995203787994149E-014   0.0000000000000000        0.0000000000000000        1.6477002769618411E-015   6.4257495801083982E-015
   1.7049999999999856       -3.8815356966289784E-015   1.1007353527648145E-013   0.0000000000000000        0.0000000000000000        1.9605782609027783E-015   7.6244476395950815E-015
   1.7099999999999855       -4.5429912512712098E-015   1.3028717868499222E-013   0.0000000000000000        0.0000000000000000        2.3342583758774161E-015   9.0501941441857840E-015
   1.7149999999999854       -5.3163695535968193E-015   1.5421147110737041E-013   0.0000000000000000        0.0000000000000000        2.7772272199465429E-015   1.0737592437236156E-014
   1.7199999999999853       -6.2204479966241257E-015   1.8252726638487131E-013   0.0000000000000000        0.0000000000000000        3.3067077591961973E-015   1.2745855448468953E-014
   1.7249999999999852       -7.2771217172327303E-015   2.1604027363930608E-013   0.0000000000000000        0.0000000000000000        3.9364322430926980E-015   1.5128273404479344E-014
   1.7299999999999851       -8.5119146239007774E-015   2.5570393715263287E-013   0.0000000000000000        0.0000000000000000        4.6835730234620549E-015   1.7948028402757953E-014
   1.7349999999999850       -9.9545728252932786E-015   3.0264650546448930E-013   0.0000000000000000        0.0000000000000000        5.5765275673203842E-015   2.1306051415216938E-014
   1.7399999999999849       -1.1639753464287456E-014   3.5820305594753031E-013   0.0000000000000000        0.0000000000000000        6.6376479444304879E-015   2.5285296641644008E-014
   1.7449999999999848       -1.3607823955149694E-014   4.2395338111377345E-013   0.0000000000000000        0.0000000000000000        7.9010212991742004E-015   3.0009360909210375E-014
   1.7499999999999847       -1.5905788907511921E-014   5.0176680843916062E-013   0.0000000000000000        0.0000000000000000        9.4049454867901825E-015   3.5615635747602862E-014
   1.7549999999999846       -1.8588364639747568E-014   5.9385522122155006E-013   0.0000000000000000        0.0000000000000000        1.1191162671138963E-014   4.2258717161963707E-014
   1.7599999999999845       -2.1719224181439282E-014   7.0283577940668652E-013   0.0000000000000000        0.0000000000000000        1.3327506693473101E-014   5.0170380812367720E-014
   1.7649999999999844       -2.5372439090336927E-014   8.3180511292576999E-013   0.0000000000000000        0.0000000000000000        1.5857230845329012E-014   5.9522412604789594E-014
   1.7699999999999843       -2.9634148319679123E-014   9.8442708356487990E-013   0.0000000000000000        0.0000000000000000        1.8876055538849886E-014   7.0643373173919376E-014
   1.7749999999999841       -3.4604488829480570E-014   1.1650365938045668E-012   0.0000000000000000        0.0000000000000000        2.2462073338063342E-014   8.3822736581857154E-014
   1.7799999999999840       -4.0399827709237592E-014   1.3787623731454987E-012   0.0000000000000000        0.0000000000000000        2.6739650445710815E-014   9.9484632693184240E-014
   1.7849999999999839       -4.7155341345395500E-014   1.6316722068434798E-012   0.0000000000000000        0.0000000000000000        3.1822332162867181E-014   1.1805146510778790E-013
   1.7899999999999838       -5.5027993707659491E-014   1.9309447036740056E-012   0.0000000000000000        0.0000000000000000        3.7883762133889553E-014   1.4011141621027547E-013
   1.7949999999999837       -6.4199973233911589E-014   2.2850724460165981E-012   0.0000000000000000        0.0000000000000000        4.5094118380824436E-014   1.6628317507725030E-013
   1.7999999999999836       -7.4882656161008095E-014   2.7041022480727777E-012   0.0000000000000000        0.0000000000000000        5.3661274527081932E-014   1.9729719018114106E-013
   1.8049999999999835       -8.7321173581535294E-014   3.1999192910818798E-012   0.0000000000000000        0.0000000000000000        6.3877233595719837E-014   2.3415669780673116E-013
   1.8099999999999834       -1.0179967011362758E-013   3.7865831371125285E-012   0.0000000000000000        0.0000000000000000        7.6033156914383877E-014   2.7788720330159058E-013
   1.8149999999999833       -1.1864735396547169E-013   4.4807250798059060E-012   0.0000000000000000        0.0000000000000000        9.0493261477067117E-014   3.2975767363419341E-013
   1.8199999999999832       -1.3824545147316446E-013   5.3020180119718445E-012   0.0000000000000000        0.0000000000000000        1.0771835719020759E-013   3.9134056607754524E-013
   1.8249999999999831       -1.6103519400462824E-013   6.2737320242074557E-012   0.0000000000000000        0.0000000000000000        1.2834447682848112E-013   4.6482354297223763E-013
   1.8299999999999830       -1.8752698156211610E-013   7.4233913523935553E-012   0.0000000000000000        0.0000000000000000        1.5249543702006268E-013   5.5084145176117408E-013
   1.8349999999999829       -2.1831088557956774E-013   8.7835511319937619E-012   0.0000000000000000        0.0000000000000000        1.8154960831525329E-013   6.5378790833339017E-013
   1.8399999999999828       -2.5406867337898756E-013   1.0392715772554984E-011   0.0000000000000000        0.0000000000000000        2.1611108427613146E-013   7.7591313504443425E-013
   1.8449999999999827       -2.9558755857208708E-013   1.2296424730037291E-011   0.0000000000000000        0.0000000000000000        2.5719879957191668E-013   9.2069948937080508E-013
   1.8499999999999825       -3.4377590538083804E-013   1.4548536137774291E-011   0.0000000000000000        0.0000000000000000        3.0612189180334508E-013   1.0925526030508480E-012
   1.8549999999999824       -3.9968114035333970E-013   1.7212744289062713E-011   0.0000000000000000        0.0000000000000000        3.6427828161263777E-013   1.2963155353227769E-012
   1.8599999999999823       -4.6451015214206285E-013   2.0364373499209366E-011   0.0000000000000000        0.0000000000000000        4.3357267206852035E-013   1.5383246761355359E-012
   1.8649999999999822       -5.3965248865359187E-013   2.4092498593591999E-011   0.0000000000000000        0.0000000000000000        5.1606023338499613E-013   1.8254686928549536E-012
   1.8699999999999821       -6.2670669059535475E-013   2.8502451384948898E-011   0.0000000000000000        0.0000000000000000        6.1409445433805008E-013   2.1658326438861201E-012
   1.8749999999999820       -7.2751013067110562E-013   3.3718783270319015E-011   0.0000000000000000        0.0000000000000000        7.3099723966830255E-013   2.5704018692491588E-012
   1.8799999999999819       -8.4417275760989563E-013   3.9888766793915999E-011   0.0000000000000000        0.0000000000000000        8.6980858088249946E-013   3.0494987842269024E-012
   1.8849999999999818       -9.7911517273737609E-013   4.7186534038722564E-011   0.0000000000000000        0.0000000000000000        1.0350673802529635E-012   3.6181542028464455E-012
   1.8899999999999817       -1.1351114924059057E-012   5.5817967441973875E-011   0.0000000000000000        0.0000000000000000        1.2318364349112263E-012   4.2931528197737612E-012
   1.8949999999999816       -1.3153374702785400E-012   6.6026479568175519E-011   0.0000000000000000        0.0000000000000000        1.4659111272267755E-012   5.0937530811506512E-012
   1.8999999999999815       -1.5234243665669786E-012   7.8099843096220583E-011   0.0000000000000000        0.0000000000000000        1.7444143907170526E-012   6.0435155119662770E-012
   1.9049999999999814       -1.7635190534112234E-012   9.2378261467201103E-011   0.0000000000000000        0.0000000000000000        2.0757968681468578E-012   7.1705852407209986E-012
   1.9099999999999813       -2.0403508322173035E-012   1.0926390510199391E-010   0.0000000000000000        0.0000000000000000        2.4688043395153078E-012   8.5044303586481246E-012
   1.9149999999999812       -2.3593054042492144E-012   1.2923217878309468E-010   0.0000000000000000        0.0000000000000000        2.9395257388710955E-012   1.0093653886222249E-011
   1.9199999999999811       -2.7265063728564541E-012   1.5284503382477800E-010   0.0000000000000000        0.0000000000000000        3.4980483707955786E-012   1.1975716168672062E-011
   1.9249999999999809       -3.1489045552427122E-012   1.8076669535257286E-010   0.0000000000000000        0.0000000000000000        4.1622792996594907E-012   1.4207711618971716E-011
   1.9299999999999808       -3.6343752320790854E-012   2.1378224193799327E-010   0.0000000000000000        0.0000000000000000        4.9525174580380094E-012   1.6855044061672340E-011
   1.9349999999999807       -4.1918232500398570E-012   2.5281955382894489E-010   0.0000000000000000        0.0000000000000000        5.8927627130679596E-012   1.9996027006268310E-011
   1.9399999999999806       -4.8312955973352935E-012   2.9897523925227590E-010   0.0000000000000000        0.0000000000000000        7.0116964572005972E-012   2.3722293645755760E-011
   1.9449999999999805       -5.5641006729407921E-012   3.5354525830462066E-010   0.0000000000000000        0.0000000000000000        8.3430395441713822E-012   2.8143523273854854E-011
   1.9499999999999804       -6.4029329383516161E-012   4.1806109381296947E-010   0.0000000000000000        0.0000000000000000        9.9274111555064701E-012   3.3387692166285908E-011
   1.9549999999999803       -7.3620009415173219E-012   4.9433247180073293E-010   0.0000000000000000        0.0000000000000000        1.1810816687613670E-011   3.9604968833190509E-011
   1.9599999999999802       -8.4571557930431916E-012   5.8449781504144990E-010   0.0000000000000000        0.0000000000000000        1.4057583288168805E-011   4.6994960260624912E-011
   1.9649999999999801       -9.7060160016677031E-012   6.9108382657506866E-010   0.0000000000000000        0.0000000000000000        1.6717213662406718E-011   5.5728507458775282E-011
   1.9699999999999800       -1.1128083074002666E-011   8.1707585184279799E-010   0.0000000000000000        0.0000000000000000        1.9890546882695030E-011   6.6110146814065197E-011
   1.9749999999999799       -1.2744840372183157E-011   9.6600096515221864E-010   0.0000000000000000        0.0000000000000000        2.3662543348717869E-011   7.8416069658896299E-011
   1.9799999999999798       -1.4579825303774053E-011   1.1420260766288516E-009   0.0000000000000000        0.0000000000000000        2.8150879384866965E-011   9.3015386850799596E-011
   1.9849999999999797       -1.6658661870275068E-011   1.3500737692086952E-009   0.0000000000000000        0.0000000000000000        3.3490566048009830E-011   1.1033038127595716E-010
   1.9899999999999796       -1.9009036776159453E-011   1.5959590628426999E-009   0.0000000000000000        0.0000000000000000        3.9832969122301123E-011   1.3084738176818961E-010
   1.9949999999999795       -2.1660597519208819E-011   1.8865508781927279E-009   0.0000000000000000        0.0000000000000000        4.7400312924394405E-011   1.5523286406341579E-010
   1.9999999999999793       -2.4644744925143687E-011   2.2299626503255084E-009   0.0000000000000000        0.0000000000000000        5.6378647409002954E-011   1.8410075484028920E-010
   2.0049999999999795       -2.7994285187319218E-011   2.6357773426579781E-009   0.0000000000000000        0.0000000000000000        6.7068362492795324E-011   2.1835824116413346E-010
   2.0099999999999794       -3.1742897299887517E-011   3.1153130543337111E-009   0.0000000000000000        0.0000000000000000        7.9764060457956897E-011   2.5894083661235217E-010
   2.0149999999999793       -3.5924360434562211E-011   3.6819365258008675E-009   0.0000000000000000        0.0000000000000000        9.4860653999868800E-011   3.0706145819684295E-010
   2.0199999999999791       -4.0571471826626710E-011   4.3514331575968519E-009   0.0000000000000000        0.0000000000000000        1.1284491868327175E-010   3.6418984156065843E-010
   2.0249999999999790       -4.5714568523067715E-011   5.1424437014873979E-009   0.0000000000000000        0.0000000000000000        1.3420491436935534E-010   4.3187748285379700E-010
   2.0299999999999789       -5.1379545199260433E-011   6.0769796026015001E-009   0.0000000000000000        0.0000000000000000        1.5961528288475222E-010   5.1214830034964657E-010
   2.0349999999999788       -5.7585234317755797E-011   7.1810311147670664E-009   0.0000000000000000        0.0000000000000000        1.8981850160147805E-010   6.0731094486349474E-010
   2.0399999999999787       -6.4339983151984696E-011   8.4852848361059268E-009   0.0000000000000000        0.0000000000000000        2.2577863737173546E-010   7.2021210757683698E-010
   2.0449999999999786       -7.1637223383958141E-011   1.0025970285301462E-008   0.0000000000000000        0.0000000000000000        2.6844931554268325E-010   8.5386610911696237E-010
   2.0499999999999785       -7.9449781606101721E-011   1.1845858639682587E-008   0.0000000000000000        0.0000000000000000        3.1925775859776497E-010   1.0125036132959604E-009
   2.0549999999999784       -8.7722621301743651E-011   1.3995440876944743E-008   0.0000000000000000        0.0000000000000000        3.7958846942508806E-010   1.2004098856284716E-009
   2.0599999999999783       -9.6363636565600120E-011   1.6534317411508415E-008   0.0000000000000000        0.0000000000000000        4.5143405931549941E-010   1.4234555809711896E-009
   2.0649999999999782       -1.0523203232958112E-010   1.9532837021461235E-008   0.0000000000000000        0.0000000000000000        5.3672087878712376E-010   1.6874840126193015E-009
   2.0699999999999781       -1.1412372202412995E-010   2.3074029571872628E-008   0.0000000000000000        0.0000000000000000        6.3826869082727911E-010   2.0008752143897381E-009
   2.0749999999999780       -1.2275304763882280E-010   2.7255884929663726E-008   0.0000000000000000        0.0000000000000000        7.5872342219490719E-010   2.3717771698493153E-009
   2.0799999999999779       -1.3072997449622146E-010   3.2194039738597721E-008   0.0000000000000000        0.0000000000000000        9.0219433755702170E-010   2.8120371080369655E-009
   2.0849999999999778       -1.3753172825940881E-010   3.8024944619532153E-008   0.0000000000000000        0.0000000000000000        1.0725613622753978E-009   3.3333971258475818E-009
   2.0899999999999777       -1.4246761821232013E-010   4.4909597160532447E-008   0.0000000000000000        0.0000000000000000        1.2750386834862448E-009   3.9513664468533217E-009
   2.0949999999999775       -1.4463552084682274E-010   5.3037941090629295E-008   0.0000000000000000        0.0000000000000000        1.5155978253579830E-009   4.6834722685255060E-009
   2.0999999999999774       -1.4286817188430804E-010   6.2634049671669674E-008   0.0000000000000000        0.0000000000000000        1.8014588977172666E-009   5.5511138578288669E-009
   2.1049999999999773       -1.3566702184342648E-010   7.3962232040394358E-008   0.0000000000000000        0.0000000000000000        2.1413742706633077E-009   6.5796596809358178E-009
   2.1099999999999772       -1.2112093674874129E-010   8.7334225507235664E-008   0.0000000000000000        0.0000000000000000        2.5451344869062327E-009   7.7980255205477087E-009
   2.1149999999999771       -9.6806455577455136E-011   1.0311766527514290E-007   0.0000000000000000        0.0000000000000000        3.0251274465180418E-009   9.2423119063228969E-009
   2.1199999999999770       -5.9665630506997942E-011   1.2174605638631577E-007   0.0000000000000000        0.0000000000000000        3.5956415327136464E-009   1.0953884746064288E-008
   2.1249999999999769       -5.8566522553809102E-012   1.4373051175807935E-007   0.0000000000000000        0.0000000000000000        4.2722890361313522E-009   1.2979102657061401E-008
   2.1299999999999768        6.9428526222482067E-011   1.6967356588572393E-007   0.0000000000000000        0.0000000000000000        5.0760966854652476E-009   1.5378529995367872E-008
   2.1349999999999767        1.7218654082804103E-010   2.0028542727857634E-007   0.0000000000000000        0.0000000000000000        6.0352073725975568E-009   1.8228487778609453E-008
   2.1399999999999766        3.0987333730043075E-010   2.3640309524266917E-007   0.0000000000000000        0.0000000000000000        7.1688430496482886E-009   2.1596081652283628E-008
   2.1449999999999765        4.9173335995478382E-010   2.7901283972030717E-007   0.0000000000000000        0.0000000000000000        8.5068471625765133E-009   2.5561793142289621E-008
   2.1499999999999764        7.2919934330430208E-010   3.2927662827052013E-007   0.0000000000000000        0.0000000000000000        1.0129389718455143E-008   3.0335844424890987E-008
   2.1549999999999763        1.0363772769617126E-009   3.8856318392148252E-007   0.0000000000000000        0.0000000000000000        1.2038548819267129E-008   3.5947401970175050E-008
   2.1599999999999762        1.4306340226084051E-009   4.5848447385163958E-007   0.0000000000000000        0.0000000000000000        1.4284693716345013E-008   4.2548259176084298E-008
   2.1649999999999761        1.9333085320280517E-009   5.4093856431920278E-007   0.0000000000000000        0.0000000000000000        1.6952681062140157E-008   5.0377674859972042E-008
   2.1699999999999759        2.5705717517759091E-009   6.3815993501720929E-007   0.0000000000000000        0.0000000000000000        2.0099490848436836E-008   5.9582004967506839E-008
   2.1749999999999758        3.3744652261220825E-009   7.5277852959953940E-007   0.0000000000000000        0.0000000000000000        2.3942667160011811E-008   7.0725092056863210E-008
   2.1799999999999757        4.3841542701133186E-009   8.8788903252690693E-007   0.0000000000000000        0.0000000000000000        2.8424814722588304E-008   8.3731880104942578E-008
   2.1849999999999756        5.6474385487109689E-009   1.0471321102293656E-006   0.0000000000000000        0.0000000000000000        3.3726723944098406E-008   9.9115463256118805E-008
   2.1899999999999755        7.2225711647020007E-009   1.2347896421233222E-006   0.0000000000000000        0.0000000000000000        4.0067377299542827E-008   1.1740751167492679E-007
   2.1949999999999754        9.1804471596755577E-009   1.4558963002305956E-006   0.0000000000000000        0.0000000000000000        4.7576048827991333E-008   1.3902556672465699E-007
   2.1999999999999753        1.1607233939510070E-008   1.7163702217921889E-006   0.0000000000000000        0.0000000000000000        5.6485496149082575E-008   1.6461826547564241E-007
   2.2049999999999752        1.4607529863231435E-008   2.0231659649877363E-006   0.0000000000000000        0.0000000000000000        6.7051156973363365E-008   1.9488502846085452E-007
   2.2099999999999751        1.8308153446708911E-008   2.3844534522504176E-006   0.0000000000000000        0.0000000000000000        7.9592715515894921E-008   2.3071308502877898E-007
   2.2149999999999750        2.2862684752156446E-008   2.8098271983003066E-006   0.0000000000000000        0.0000000000000000        9.4467920936199269E-008   2.7310789793838395E-007
   2.2199999999999749        2.8456903046430379E-008   3.3105508015723417E-006   0.0000000000000000        0.0000000000000000        1.1213355905229901E-007   3.2330515918427765E-007
   2.2249999999999748        3.5315291272724967E-008   3.8998424599537154E-006   0.0000000000000000        0.0000000000000000        1.3307595037252824E-007   3.8266954570528639E-007
   2.2299999999999747        4.3708808927471791E-008   4.5932081675411939E-006   0.0000000000000000        0.0000000000000000        1.5790778476197800E-007   4.5287997512605717E-007
   2.2349999999999746        5.3964171289492519E-008   5.4088302724195197E-006   0.0000000000000000        0.0000000000000000        1.8734572314282907E-007   5.3590699435341760E-007
   2.2399999999999745        6.6474915427471298E-008   6.3680202411488558E-006   0.0000000000000000        0.0000000000000000        2.2230932672731421E-007   6.3422195005545070E-007
   2.2449999999999743        8.1714582929226133E-008   7.4957457994123652E-006   0.0000000000000000        0.0000000000000000        2.6369382338424554E-007   7.5033962760551813E-007
   2.2499999999999742        1.0025240686917899E-007   8.8212441162663138E-006   0.0000000000000000        0.0000000000000000        3.1277354347961568E-007   8.8769015874149367E-007
   2.2549999999999741        1.2277195727920349E-007   1.0378734387852244E-005   0.0000000000000000        0.0000000000000000        3.7104223912081929E-007   1.0503021080873915E-006
   2.2599999999999740        1.5009327653134976E-007   1.2208245070826562E-005   0.0000000000000000        0.0000000000000000        4.3999899282459718E-007   1.2423433272895865E-006
   2.2649999999999739        1.8319912488637882E-007   1.4356573130236418E-005   0.0000000000000000        0.0000000000000000        5.2174695606989196E-007   1.4693717600743194E-006
   2.2699999999999738        2.2326605838495859E-007   1.6878395012463677E-005   0.0000000000000000        0.0000000000000000        6.1842682047589039E-007   1.7373359370818688E-006
   2.2749999999999737        2.7170117767128982E-007   1.9837551638260340E-005   0.0000000000000000        0.0000000000000000        7.3333855872560096E-007   2.0548394585712593E-006
   2.2799999999999736        3.3018551864361646E-007   2.3308532534522879E-005   0.0000000000000000        0.0000000000000000        8.6930151682754492E-007   2.4297173983998237E-006
   2.2849999999999735        4.0072520534441242E-007   2.7378187277962558E-005   0.0000000000000000        0.0000000000000000        1.0301056550362316E-006   2.8721822861000101E-006
   2.2899999999999734        4.8571165338397506E-007   3.2147695688580124E-005   0.0000000000000000        0.0000000000000000        1.2206528339039573E-006   3.3950699769103324E-006
   2.2949999999999733        5.8799229928157867E-007   3.7734831648607593E-005   0.0000000000000000        0.0000000000000000        1.4463982129680965E-006   4.0129769730813793E-006
   2.2999999999999732        7.1095353778559454E-007   4.4276558974511108E-005   0.0000000000000000        0.0000000000000000        1.7135858886725768E-006   4.7425460947166708E-006
   2.3049999999999731        8.5861777518809152E-007   5.1932001349132371E-005   0.0000000000000000        0.0000000000000000        2.0291290851708475E-006   5.6029478473709020E-006
   2.3099999999999730        1.0357567506071032E-006   6.0885831806410044E-005   0.0000000000000000        0.0000000000000000        2.4031124240950169E-006   6.6195323589600083E-006
   2.3149999999999729        1.2480235365896272E-006   7.1352130487210844E-005   0.0000000000000000        0.0000000000000000        2.8459691856742000E-006   7.8205407706575807E-006
   2.3199999999999728        1.5021059008817194E-006   8.3578762133410518E-005   0.0000000000000000        0.0000000000000000        3.3693652312537453E-006   9.2371501370335528E-006
   2.3249999999999726        1.8059039862792210E-006   9.7852326776879994E-005   0.0000000000000000        0.0000000000000000        3.9885936813302985E-006   1.0909470932496631E-005
   2.3299999999999725        2.1687355357510662E-006   1.1450373795418516E-004   0.0000000000000000        0.0000000000000000        4.7185140978533616E-006   1.2877072077046658E-005
   2.3349999999999724        2.6015721426689715E-006   1.3391448209520946E-004   0.0000000000000000        0.0000000000000000        5.5825954419591594E-006   1.5200900389938797E-005
   2.3399999999999723        3.1173102239017671E-006   1.5652360995773465E-004   0.0000000000000000        0.0000000000000000        6.6044310539744366E-006   1.7942295317042642E-005
   2.3449999999999722        3.7310805746609464E-006   1.8283550547122052E-004   0.0000000000000000        0.0000000000000000        7.8090564417959418E-006   2.1170027686861344E-005
   2.3499999999999721        4.4606004404721048E-006   2.1342846836752867E-004   0.0000000000000000        0.0000000000000000        9.2336653119010468E-006   2.4977465389591564E-005
   2.3549999999999720        5.3265719992138908E-006   2.4896413366969696E-004   0.0000000000000000        0.0000000000000000        1.0914988573706723E-005   2.9461022512600455E-005
   2.3599999999999719        6.3531309436215141E-006   2.9019773255278554E-004   0.0000000000000000        0.0000000000000000        1.2901827738746335E-005   3.4748379886887037E-005
   2.3649999999999718        7.5683484437785415E-006   3.3798917429949776E-004   0.0000000000000000        0.0000000000000000        1.5237077445832821E-005   4.0958000964444450E-005
   2.3699999999999717        9.0047890951005145E-006   3.9331489705937288E-004   0.0000000000000000        0.0000000000000000        1.7996457732716481E-005   4.8278909608357319E-005
   2.3749999999999716        1.0700126459964387E-005   4.5728039496639299E-004   0.0000000000000000        0.0000000000000000        2.1241431189853959E-005   5.6876049570294866E-005
   2.3799999999999715        1.2697816427219505E-005   5.3113328013381592E-004   0.0000000000000000        0.0000000000000000        2.5073229223865423E-005   6.7004787976594616E-005
   2.3849999999999714        1.5047826780740411E-005   6.1627667969942079E-004   0.0000000000000000        0.0000000000000000        2.9575072281264365E-005   7.8894380842132103E-005
   2.3899999999999713        1.7807419029455632E-005   7.1428270050110407E-004   0.0000000000000000        0.0000000000000000        3.4879371210598402E-005   9.2876946553508476E-005
   2.3949999999999712        2.1041975663868772E-005   8.2690561788027804E-004   0.0000000000000000        0.0000000000000000        4.1118480775742841E-005   1.0930041592012426E-004
   2.3999999999999710        2.4825862547890175E-005   9.5609436222688770E-004   0.0000000000000000        0.0000000000000000        4.8453167555047282E-005   1.2858224198324022E-004
   2.4049999999999709        2.9243312144149423E-005   1.1040037900534676E-003   0.0000000000000000        0.0000000000000000        5.7064666186371436E-005   1.5119555171406055E-004
   2.4099999999999708        3.4389308767611501E-005   1.2730041398660808E-003   0.0000000000000000        0.0000000000000000        6.7142499566998746E-005   1.7766592232672178E-004
   2.4149999999999707        4.0370452189103627E-005   1.4656879926906582E-003   0.0000000000000000        0.0000000000000000        7.9017120530577888E-005   2.0876105499437696E-004
   2.4199999999999706        4.7305770863906198E-005   1.6848739902223238E-003   0.0000000000000000        0.0000000000000000        9.2926647709460771E-005   2.4517373927695200E-004
   2.4249999999999705        5.5327451121085428E-005   1.9336065190875265E-003   0.0000000000000000        0.0000000000000000        1.0920580332127500E-004   2.8776268099257727E-004
   2.4299999999999704        6.4581444184358468E-005   2.2151505576666719E-003   0.0000000000000000        0.0000000000000000        1.2826274632928732E-004   3.3758775441791494E-004
   2.4349999999999703        7.5227909354955136E-005   2.5329809128232113E-003   0.0000000000000000        0.0000000000000000        1.5051820595781139E-004   3.9576286697836445E-004
   2.4399999999999702        8.7441449586094243E-005   2.8907651577370552E-003   0.0000000000000000        0.0000000000000000        1.7655668478153667E-004   4.6377618836808946E-004
   2.4449999999999701        1.0141109556472942E-004   3.2923397270723329E-003   0.0000000000000000        0.0000000000000000        2.0684597256971006E-004   5.4297849539217623E-004
   2.4499999999999700        1.1733999682043495E-004   3.7416788368279355E-003   0.0000000000000000        0.0000000000000000        2.4224692176857577E-004   6.3541933060774932E-004
   2.4549999999999699        1.3544478375474586E-004   4.2428561733663314E-003   0.0000000000000000        0.0000000000000000        2.8338949740004459E-004   7.4296595810775172E-004
   2.4599999999999698        1.5595457312249727E-004   4.7999996327584204E-003   0.0000000000000000        0.0000000000000000        3.3125327680244478E-004   8.6812412347288801E-004
   2.4649999999999697        1.7910960146090614E-004   5.4172397736151475E-003   0.0000000000000000        0.0000000000000000        3.8678077054031887E-004   1.0134410770189651E-003
   2.4699999999999696        2.0515948600850116E-004   6.0986530519878054E-003   0.0000000000000000        0.0000000000000000        4.5111199962482397E-004   1.1819848132947192E-003
   2.4749999999999694        2.3436113018615582E-004   6.8482013064761222E-003   0.0000000000000000        0.0000000000000000        5.2559485458668342E-004   1.3773815456649288E-003
   2.4799999999999693        2.6697630976084722E-004   7.6696693208798883E-003   0.0000000000000000        0.0000000000000000        6.1165739898488792E-004   1.6034772033731749E-003
   2.4849999999999692        3.0326899508141200E-004   8.5666025739563247E-003   0.0000000000000000        0.0000000000000000        7.1099950226155995E-004   1.8648705600771106E-003
   2.4899999999999691        3.4350248272327328E-004   9.5422474565538609E-003   0.0000000000000000        0.0000000000000000        8.2513149582719451E-004   2.1661241759283094E-003
   2.4949999999999690        3.8793642486337947E-004   1.0599496267800280E-002   0.0000000000000000        0.0000000000000000        9.5653681850574649E-004   2.5137657408264903E-003
   2.4999999999999689        4.3682385516270712E-004   1.1740839177529404E-002   0.0000000000000000        0.0000000000000000        1.1071373602404304E-003   2.9129485019062503E-003
   2.5049999999999688        4.9040831457278613E-004   1.2968325059817458E-002   0.0000000000000000        0.0000000000000000        1.2790096818750599E-003   3.3707395984221540E-003
   2.5099999999999687        5.4892117847410362E-004   1.4283532676768046E-002   0.0000000000000000        0.0000000000000000        1.4753555642277639E-003   3.8954133096893153E-003
   2.5149999999999686        6.1257927766487474E-004   1.5687553152728500E-002   0.0000000000000000        0.0000000000000000        1.6992911710290493E-003   4.4962185625349368E-003
   2.5199999999999685        6.8158289038006451E-004   1.7180984069990388E-002   0.0000000000000000        0.0000000000000000        1.9542073768148145E-003   5.1827499831919900E-003
   2.5249999999999684        7.5611416180844957E-004   1.8763934888728788E-002   0.0000000000000000        0.0000000000000000        2.2426534292493152E-003   5.9640164711989244E-003
   2.5299999999999683        8.3633598310144238E-004   2.0436042799268136E-002   0.0000000000000000        0.0000000000000000        2.5684085828331120E-003   6.8514299933384887E-003
   2.5349999999999682        9.2239133559563033E-004   2.2196497601931032E-002   0.0000000000000000        0.0000000000000000        2.9363627865745894E-003   7.8594015157771972E-003
   2.5399999999999681        1.0144030799910167E-003   2.4044073816749136E-002   0.0000000000000000        0.0000000000000000        3.3498268969696429E-003   8.9994822535888960E-003
   2.5449999999999680        1.1124741465170800E-003   2.5977167976193268E-002   0.0000000000000000        0.0000000000000000        3.8131849949218899E-003   1.0286263677599120E-002
   2.5499999999999678        1.2166880623339000E-003   2.7993838957004909E-002   0.0000000000000000        0.0000000000000000        4.3330253529433056E-003   1.1739481542041111E-002
   2.5549999999999677        1.3271097377365523E-003   3.0091849255257513E-002   0.0000000000000000        0.0000000000000000        4.9135287010952100E-003   1.3373916077388597E-002
   2.5599999999999676        1.4437864237817888E-003   3.2268705282281741E-002   0.0000000000000000        0.0000000000000000        5.5590318934814510E-003   1.5206720782119706E-002
   2.5649999999999675        1.5667487508044535E-003   3.4521695029550901E-002   0.0000000000000000        0.0000000000000000        6.2736570254894640E-003   1.7256036053225680E-002
   2.5699999999999674        1.6960117595131588E-003   3.6847921784976340E-002   0.0000000000000000        0.0000000000000000        7.0654185781269131E-003   1.9545918115426681E-002
   2.5749999999999673        1.8315758431511158E-003   3.9244332947916613E-002   0.0000000000000000        0.0000000000000000        7.9400399689165159E-003   2.2098755227268185E-002
   2.5799999999999672        1.9734275295426409E-003   4.1707743355238192E-002   0.0000000000000000        0.0000000000000000        8.9036063726398700E-003   2.4937461326356616E-002
   2.5849999999999671        2.1215400445909085E-003   4.4234852871205765E-002   0.0000000000000000        0.0000000000000000        9.9625056327495090E-003   2.8088061422705243E-002
   2.5899999999999670        2.2758736128501936E-003   4.6822258291803025E-002   0.0000000000000000        0.0000000000000000        1.1124503529037827E-002   3.1578484327371287E-002
   2.5949999999999669        2.4363754651970516E-003   4.9466459858297805E-002   0.0000000000000000        0.0000000000000000        1.2393129346913778E-002   3.5431280457007573E-002
   2.5999999999999668        2.6029795375868059E-003   5.2163862860921090E-002   0.0000000000000000        0.0000000000000000        1.3779013727980837E-002   3.9681322621966025E-002
   2.6049999999999667        2.7756058578345820E-003   5.4910774942171850E-002   0.0000000000000000        0.0000000000000000        1.5289422143512232E-002   4.4360028500140633E-002
   2.6099999999999666        2.9541596289449574E-003   5.7703399785277894E-002   0.0000000000000000        0.0000000000000000        1.6928722907379373E-002   4.9495808868666544E-002
   2.6149999999999665        3.1385300275561401E-003   6.0537827904047062E-002   0.0000000000000000        0.0000000000000000        1.8712055288569767E-002   5.5130960066560562E-002
   2.6199999999999664        3.3285887445382947E-003   6.3410025244462084E-002   0.0000000000000000        0.0000000000000000        2.0644500503187942E-002   6.1299646628006979E-002
   2.6249999999999662        3.5241883017703710E-003   6.6315820274935863E-002   0.0000000000000000        0.0000000000000000        2.2733704775007992E-002   6.8036561188140679E-002
   2.6299999999999661        3.7251601847626838E-003   6.9250890189840444E-002   0.0000000000000000        0.0000000000000000        2.4998953561426333E-002   7.5396954466348878E-002
   2.6349999999999660        3.9313128352668212E-003   7.2210746787519695E-002   0.0000000000000000        0.0000000000000000        2.7436146761584731E-002   8.3395201588753548E-002
   2.6399999999999659        4.1424295514977645E-003   7.5190722516194575E-002   0.0000000000000000        0.0000000000000000        3.0071327421402925E-002   9.2104867115450129E-002
   2.6449999999999658        4.3582663462412817E-003   7.8185957114378188E-002   0.0000000000000000        0.0000000000000000        3.2903698875557996E-002  0.10155385162217109     
   2.6499999999999657        4.5785498150603442E-003   8.1191385210957895E-002   0.0000000000000000        0.0000000000000000        3.5970681561301593E-002  0.11181434775448963     
   2.6549999999999656        4.8029750681343091E-003   8.4201725197063856E-002   0.0000000000000000        0.0000000000000000        3.9229366193296818E-002  0.12286289933702831     
   2.6599999999999655        5.0312037800191488E-003   8.7211469639496358E-002   0.0000000000000000        0.0000000000000000        4.2766874270296906E-002  0.13489379614841626     
   2.6649999999999654        5.2628624118204416E-003   9.0214877475083222E-002   0.0000000000000000        0.0000000000000000        4.6602578916228911E-002  0.14791104369515939     
   2.6699999999999653        5.4975406599181804E-003   9.3205968207536377E-002   0.0000000000000000        0.0000000000000000        5.0635448406191726E-002  0.16179299613526268     
   2.6749999999999652        5.7347901844389424E-003   9.6178518322993720E-002   0.0000000000000000        0.0000000000000000        5.5027425569598151E-002  0.17686524202983600     
   2.6799999999999651        5.9741236690970794E-003   9.9126060146754916E-002   0.0000000000000000        0.0000000000000000        5.9713204568464094E-002  0.19304644149836339     
   2.6849999999999650        6.2150142617703004E-003  0.10204188338032097        0.0000000000000000        0.0000000000000000        6.4741499699223590E-002  0.21043042823743635     
   2.6899999999999649        6.4568954421896085E-003  0.10491903958267434        0.0000000000000000        0.0000000000000000        7.0119013950621034E-002  0.22907136171156681     
   2.6949999999999648        6.6991613593655602E-003  0.10775034989008984        0.0000000000000000        0.0000000000000000        7.5882940804760754E-002  0.24905737023279298     
   2.6999999999999647        6.9411676768132268E-003  0.11052841630128275        0.0000000000000000        0.0000000000000000        8.2053006254846197E-002  0.27045605178082066     
   2.7049999999999645        7.1822329582588570E-003  0.11324563688539192        0.0000000000000000        0.0000000000000000        8.8649207492465007E-002  0.29333531207275715     
   2.7099999999999644        7.4216406203170540E-003  0.11589422529469592        0.0000000000000000        0.0000000000000000        9.5703519273229065E-002  0.31778110358191031     
   2.7149999999999643        7.6586414716363930E-003  0.11846623497713855        0.0000000000000000        0.0000000000000000       0.10323077975285168       0.34384174672373141     
   2.7199999999999642        7.8924568502691337E-003  0.12095358848071622        0.0000000000000000        0.0000000000000000       0.11127372998836325       0.37162316671873186     
   2.7249999999999641        8.1222823625871927E-003  0.12334811221760271        0.0000000000000000        0.0000000000000000       0.11985714693965864       0.40120895384104521     
   2.7299999999999640        8.3472922180277791E-003  0.12564157700618755        0.0000000000000000        0.0000000000000000       0.12899405663088714       0.43262539404992983     
   2.7349999999999639        8.5666441444105946E-003  0.12782574463046995        0.0000000000000000        0.0000000000000000       0.13876164297006613       0.46606918144221365     
   2.7399999999999638        8.7794848586458824E-003  0.12989242054628050        0.0000000000000000        0.0000000000000000       0.14914287243075072       0.50151288641258485     
   2.7449999999999637        8.9849560574904019E-003  0.13183351272218144        0.0000000000000000        0.0000000000000000       0.16021089196801658       0.53912432953002021     
   2.7499999999999636        9.1822008827584026E-003  0.13364109643117819        0.0000000000000000        0.0000000000000000       0.17196327524662747       0.57888597375089368     
   2.7549999999999635        9.3703708052265775E-003  0.13530748461144337        0.0000000000000000        0.0000000000000000       0.18448597761356952       0.62100819133029450     
   2.7599999999999634        9.5486328615618996E-003  0.13682530319627245        0.0000000000000000        0.0000000000000000       0.19777121442627515       0.66547214903595175     
   2.7649999999999633        9.7161771691364508E-003  0.13818757058382486        0.0000000000000000        0.0000000000000000       0.21189535774178483       0.71244922054566651     
   2.7699999999999632        9.8722246347624255E-003  0.13938778018601786        0.0000000000000000        0.0000000000000000       0.22688086553417333       0.76196485029624583     
   2.7749999999999631        1.0016034765377043E-002  0.14041998477469916        0.0000000000000000        0.0000000000000000       0.24279216290208561       0.81416190551981404     
   2.7799999999999629        1.0146913481721170E-002  0.14127888114397116        0.0000000000000000        0.0000000000000000       0.25965456629971390       0.86904112256011457     
   2.7849999999999628        1.0264220830271023E-002  0.14195989344200671        0.0000000000000000        0.0000000000000000       0.27755811756033022       0.92678959332285260     
   2.7899999999999627        1.0367378484278822E-002  0.14245925340457377        0.0000000000000000        0.0000000000000000       0.29652360463143218       0.98741519896682817     
   2.7949999999999626        1.0455876921915953E-002  0.14277407565446165        0.0000000000000000        0.0000000000000000       0.31661264067494399        1.0509987901015683     
   2.7999999999999625        1.0529282168341775E-002  0.14290242622220062        0.0000000000000000        0.0000000000000000       0.33791098500976458        1.1177051521949672     
   2.8049999999999624        1.0587241989168456E-002  0.14284338249690656        0.0000000000000000        0.0000000000000000       0.36046729156382584        1.1875290114718018     
   2.8099999999999623        1.0629491425358841E-002  0.14259708293145243        0.0000000000000000        0.0000000000000000       0.38435364106017766        1.2605833325977438     
   2.8149999999999622        1.0655857564157906E-002  0.14216476499992256        0.0000000000000000        0.0000000000000000       0.40964955200902009        1.3369371236741423     
   2.8199999999999621        1.0666263447258123E-002  0.14154879013089725        0.0000000000000000        0.0000000000000000       0.43641268373017733        1.4166255416198104     
   2.8249999999999620        1.0660731026046076E-002  0.14075265460860961        0.0000000000000000        0.0000000000000000       0.46481343090050664        1.4998327121695478     
   2.8299999999999619        1.0639383084436689E-002  0.13978098573466405        0.0000000000000000        0.0000000000000000       0.49483342734003927        1.5864013702928719     
   2.8349999999999618        1.0602444062405212E-002  0.13863952286421125        0.0000000000000000        0.0000000000000000       0.52664298641627605        1.6766415975681854     
   2.8399999999999617        1.0550239727755178E-002  0.13733508326027338        0.0000000000000000        0.0000000000000000       0.56033375444426259        1.7705923039615035     
   2.8449999999999616        1.0483195659757328E-002  0.13587551303704257        0.0000000000000000        0.0000000000000000       0.59600061000754656        1.8681024632895900     
   2.8499999999999615        1.0401834525851831E-002  0.13426962377710258        0.0000000000000000        0.0000000000000000       0.63384501374297553        1.9695480698224272     
   2.8549999999999613        1.0306772151376795E-002  0.13252711569994924        0.0000000000000000        0.0000000000000000       0.67391061884565195        2.0747175866911314     
   2.8599999999999612        1.0198712401976338E-002  0.13065848852290526        0.0000000000000000        0.0000000000000000       0.71639735060828613        2.1838211673409726     
   2.8649999999999611        1.0078440918619385E-002  0.12867494138540508        0.0000000000000000        0.0000000000000000       0.76145024279103268        2.2969275813004812     
   2.8699999999999610        9.9468177656570848E-003  0.12658826340029145        0.0000000000000000        0.0000000000000000       0.80916957535154699        2.4138752215844490     
   2.8749999999999609        9.8047690726632396E-003  0.12441071654944469        0.0000000000000000        0.0000000000000000       0.85990949819673101        2.5352647355794864     
   2.8799999999999608        9.6532777705151864E-003  0.12215491275531343        0.0000000000000000        0.0000000000000000       0.91364622035209719        2.6604978752555013     
   2.8849999999999607        9.4933735408430486E-003  0.11983368703534299        0.0000000000000000        0.0000000000000000       0.97071278483873347        2.7900773001290387     
   2.8899999999999606        9.3261221151574990E-003  0.11745996868428206        0.0000000000000000        0.0000000000000000        1.0312807493235610        2.9239180328942544     
   2.8949999999999605        9.1526140752194608E-003  0.11504665243178235        0.0000000000000000        0.0000000000000000        1.0955251458626765        3.0618808444986727     
   2.8999999999999604        8.9739533191122364E-003  0.11260647149176552        0.0000000000000000        0.0000000000000000        1.1637808560064291        3.2043803974123288     
   2.9049999999999603        8.7912453676184926E-003  0.11015187435803421        0.0000000000000000        0.0000000000000000        1.2362511021346931        3.3511787329478371     
   2.9099999999999602        8.6055856925344384E-003  0.10769490710995348        0.0000000000000000        0.0000000000000000        1.3133491013764045        3.5029321251618737     
   2.9149999999999601        8.4180482521610690E-003  0.10524710287503489        0.0000000000000000        0.0000000000000000        1.3950600029929638        3.6586825321946046     
   2.9199999999999600        8.2296744191605476E-003  0.10281937995436582        0.0000000000000000        0.0000000000000000        1.4819859098245212        3.8194372713669797     
   2.9249999999999599        8.0414624820833690E-003  0.10042194995435937        0.0000000000000000        0.0000000000000000        1.5742870031214387        3.9846588764634436     
   2.9299999999999597        7.8543578940860302E-003   9.8064237086842782E-002   0.0000000000000000        0.0000000000000000        1.6723534950529539        4.1546057026106720     
   2.9349999999999596        7.6692444306776311E-003   9.5754809601598698E-002   0.0000000000000000        0.0000000000000000        1.7766150823230580        4.3294635875834704     
   2.9399999999999595        7.4869364028812106E-003   9.3501324104064296E-002   0.0000000000000000        0.0000000000000000        1.8874083883202666        4.5092280748200597     
   2.9449999999999594        7.3081720531867249E-003   9.1310483288992578E-002   0.0000000000000000        0.0000000000000000        2.0051528753354511        4.6939159584658992     
   2.9499999999999593        7.1336082394403508E-003   8.9188007391948682E-002   0.0000000000000000        0.0000000000000000        2.1302993575095868        4.8836424212424490     
   2.9549999999999592        6.9638164867858697E-003   8.7138619428148142E-002   0.0000000000000000        0.0000000000000000        2.2632169097125585        5.0781249571590950     
   2.9599999999999591        6.7992804604772306E-003   8.5166044056295159E-002   0.0000000000000000        0.0000000000000000        2.4045012519683042        5.2779440699853284     
   2.9649999999999590        6.6403948834330784E-003   8.3273019677881852E-002   0.0000000000000000        0.0000000000000000        2.5548869305361124        5.4834981701553369     
   2.9699999999999589        6.4874658924905402E-003   8.1461323164096835E-002   0.0000000000000000        0.0000000000000000        2.7145796968722276        5.6939256479824829     
   2.9749999999999588        6.3407127971831269E-003   7.9731806397388763E-002   0.0000000000000000        0.0000000000000000        2.8842882046790415        5.9097608317337817     
   2.9799999999999587        6.2002711752998305E-003   7.8084443627035746E-002   0.0000000000000000        0.0000000000000000        3.0646675524295506        6.1309536824404640     
   2.9849999999999586        6.0661972112721922E-003   7.6518388471811014E-002   0.0000000000000000        0.0000000000000000        3.2563904644771320        6.3578338644634691     
   2.9899999999999585        5.9384731573715330E-003   7.5032039261674954E-002   0.0000000000000000        0.0000000000000000        3.4602169537865279        6.5904281404456047     
   2.9949999999999584        5.8170137745242479E-003   7.3623111297559815E-002   0.0000000000000000        0.0000000000000000        3.6768385033915898        6.8288131437657116     
   2.9999999999999583        5.7016735899550405E-003   7.2288714526358780E-002   0.0000000000000000        0.0000000000000000        3.9071377646789305        7.0730586674515701     
   3.0049999999999581        5.5922547934384829E-003   7.1025435079052235E-002   0.0000000000000000        0.0000000000000000        4.1518275446744557        7.3230238206357958     
   3.0099999999999580        5.4885155831603683E-003   6.9829419104596974E-002   0.0000000000000000        0.0000000000000000        4.4120152531674970        7.5794060691618386     
   3.0149999999999579        5.3901787664064416E-003   6.8696457350951923E-002   0.0000000000000000        0.0000000000000000        4.6885461577192347        7.8417804199640972     
   3.0199999999999578        5.2969404197010760E-003   6.7622068996697135E-002   0.0000000000000000        0.0000000000000000        4.9825059845600235        8.1105346585379348     
   3.0249999999999577        5.2084784176423529E-003   6.6601583320469851E-002   0.0000000000000000        0.0000000000000000        5.2950428221840520        8.3858239621486987     
   3.0299999999999576        5.1244606493798658E-003   6.5630217908337798E-002   0.0000000000000000        0.0000000000000000        5.6272436653416786        8.6674055834534887     
   3.0349999999999575        5.0445527561489168E-003   6.4703152237850989E-002   0.0000000000000000        0.0000000000000000        5.9804566924259994        8.9558970697615941     
   3.0399999999999574        4.9684252420291401E-003   6.3815595637718922E-002   0.0000000000000000        0.0000000000000000        6.3560625809405353        9.2513000421423808     
   3.0449999999999573        4.8957598325177895E-003   6.2962848799088644E-002   0.0000000000000000        0.0000000000000000        6.7554179164717532        9.5535728030845934     
   3.0499999999999572        4.8262549808383362E-003   6.2140358203014008E-002   0.0000000000000000        0.0000000000000000        7.1800832268959818        9.8629353989559991     
   3.0549999999999571        4.7596304492908874E-003   6.1343763023399660E-002   0.0000000000000000        0.0000000000000000        7.6318019876598662        10.180010390980376     
   3.0599999999999570        4.6956309214621393E-003   6.0568934259855274E-002   0.0000000000000000        0.0000000000000000        8.1122004365145326        10.504212006745112     
   3.0649999999999569        4.6340286297889702E-003   5.9812006044999109E-002   0.0000000000000000        0.0000000000000000        8.6234081322955909        10.836520284971293     
   3.0699999999999568        4.5746250108520924E-003   5.9069399250594609E-002   0.0000000000000000        0.0000000000000000        9.1672366419211233        11.176390312707561     
   3.0749999999999567        4.5172514269483247E-003   5.8337837681747919E-002   0.0000000000000000        0.0000000000000000        9.7459541308875988        11.524210033236395     
   3.0799999999999566        4.4617690161167615E-003   5.7614357294184175E-002   0.0000000000000000        0.0000000000000000        10.361885140018195        11.880303080953830     
   3.0849999999999564        4.4080677531546358E-003   5.6896308993044306E-002   0.0000000000000000        0.0000000000000000        11.017617575984229        12.244883179952058     
   3.0899999999999563        4.3560648206766479E-003   5.6181355670333687E-002   0.0000000000000000        0.0000000000000000        11.715823970977015        12.617822335397825     
   3.0949999999999562        4.3057024015387014E-003   5.5467464210669941E-002   0.0000000000000000        0.0000000000000000        12.459447843297321        12.999959485615657     
   3.0999999999999561        4.2569450117383350E-003   5.4752893240882880E-002   0.0000000000000000        0.0000000000000000        13.251622863753758        13.390825780822965     
   3.1049999999999560        4.2097764961838580E-003   5.4036177418855122E-002   0.0000000000000000        0.0000000000000000        14.095763994889685        13.791036101724890     
   3.1099999999999559        4.1641968086429844E-003   5.3316109052168978E-002   0.0000000000000000        0.0000000000000000        14.995545361877788        14.200592393910414     
   3.1149999999999558        4.1202186920653704E-003   5.2591717809916859E-002   0.0000000000000000        0.0000000000000000        15.955000989138773        14.619984355964688     
   3.1199999999999557        4.0778643667995097E-003   5.1862249244313111E-002   0.0000000000000000        0.0000000000000000        16.978314649136124        15.048976770787217     
   3.1249999999999556        4.0371623225991292E-003   5.1127142775976429E-002   0.0000000000000000        0.0000000000000000        18.070237681931168        15.488197024716589     
   3.1299999999999555        3.9981442964311890E-003   5.0386009721660921E-002   0.0000000000000000        0.0000000000000000        19.235808774144065        15.937608411238910     
   3.1349999999999554        3.9608425027053296E-003   4.9638611859720051E-002   0.0000000000000000        0.0000000000000000        20.480524625407785        16.397290947472008     
   3.1399999999999553        3.9252871664074403E-003   4.8884840940578364E-002   0.0000000000000000        0.0000000000000000        21.810336400781548        16.867448560153115     
   3.1449999999999552        3.8915043934708944E-003   4.8124699460610036E-002   0.0000000000000000        0.0000000000000000        23.231722014175141        17.348580670967838     
   3.1499999999999551        3.8595143972359491E-003   4.7358282931431996E-002   0.0000000000000000        0.0000000000000000        24.751671445359687        17.841060514037743     
   3.1549999999999550        3.8293300856143595E-003   4.6585763795553653E-002   0.0000000000000000        0.0000000000000000        26.377928972831391        18.344636409998714     
   3.1599999999999548        3.8009560010587493E-003   4.5807377065889665E-002   0.0000000000000000        0.0000000000000000        28.118303515137971        18.860217214412682     
   3.1649999999999547        3.7743875949734760E-003   4.5023407702525296E-002   0.0000000000000000        0.0000000000000000        29.982780633379672        19.388178114273465     
   3.1699999999999546        3.7496108099944569E-003   4.4234179686402690E-002   0.0000000000000000        0.0000000000000000        31.981140587052955        19.927233637247646     
   3.1749999999999545        3.7266019376728044E-003   4.3440046706730968E-002   0.0000000000000000        0.0000000000000000        34.124326082309061        20.478212179809223     
   3.1799999999999544        3.7053277154586329E-003   4.2641384346834052E-002   0.0000000000000000        0.0000000000000000        36.424506332430532        21.041222726017857     
   3.1849999999999543        3.6857456253276744E-003   4.1838583631292850E-002   0.0000000000000000        0.0000000000000000        38.894734625668505        21.616628420667926     
   3.1899999999999542        3.6678043566640887E-003   4.1032045784647302E-002   0.0000000000000000        0.0000000000000000        41.549414947497183        22.204722512269839     
   3.1949999999999541        3.6514443977952757E-003   4.0222178047434144E-002   0.0000000000000000        0.0000000000000000        44.404506050263485        22.805471964237082     
   3.1999999999999540        3.6365987235115801E-003   3.9409390397496968E-002   0.0000000000000000        0.0000000000000000        47.477562215016327        23.419167790686839     
   3.2049999999999539        3.6231935496411198E-003   3.8594093031934167E-002   0.0000000000000000        0.0000000000000000        50.787764987620342        24.045972978532912     
   3.2099999999999538        3.6111491299440877E-003   3.7776694476256478E-002   0.0000000000000000        0.0000000000000000        54.356818859543765        24.685784169872740     
   3.2149999999999537        3.6003805749330996E-003   3.6957600201011846E-002   0.0000000000000000        0.0000000000000000        58.207881171823836        25.338934232612434     
   3.2199999999999536        3.5907986764592789E-003   3.6137211641095228E-002   0.0000000000000000        0.0000000000000000        62.367388962288466        26.005423604324537     
   3.2249999999999535        3.5823107258303459E-003   3.5315925528222866E-002   0.0000000000000000        0.0000000000000000        66.864013618037063        26.685442248563476     
   3.2299999999999534        3.5748213167048309E-003   3.4494133461814777E-002   0.0000000000000000        0.0000000000000000        71.730074821454821        27.378990003908019     
   3.2349999999999532        3.5682331269610680E-003   3.3672221657242041E-002   0.0000000000000000        0.0000000000000000        77.001155146042251        28.086161001663761     
   3.2399999999999531        3.5624476761391189E-003   3.2850570822665154E-002   0.0000000000000000        0.0000000000000000        82.716799320113509        28.807103819869084     
   3.2449999999999530        3.5573660569238360E-003   3.2029556126342076E-002   0.0000000000000000        0.0000000000000000        88.921554764647396        29.541730393189788     
   3.2499999999999529        3.5528896405196985E-003   3.1209547225234984E-002   0.0000000000000000        0.0000000000000000        95.664374298191817        30.290217741927236     
   3.2549999999999528        3.5489207567452529E-003   3.0390908333076585E-002   0.0000000000000000        0.0000000000000000        103.00075421022785        31.052517347262846     
   3.2599999999999527        3.5453633503247303E-003   2.9573998311893602E-002   0.0000000000000000        0.0000000000000000        110.99241123213916        31.828737565615825     
   3.2649999999999526        3.5421236152678799E-003   2.8759170775498815E-002   0.0000000000000000        0.0000000000000000        119.70861785849004        32.618623816804160     
   3.2699999999999525        3.5391106094876351E-003   2.7946774196884357E-002   0.0000000000000000        0.0000000000000000        129.22738713331827        33.422392907833853     
   3.2749999999999524        3.5362368519822164E-003   2.7137152013954946E-002   0.0000000000000000        0.0000000000000000        139.63631393855982        34.239942424182850     
   3.2799999999999523        3.5334189050660473E-003   2.6330642729851115E-002   0.0000000000000000        0.0000000000000000        151.03428390775372        35.071168055093885     
   3.2849999999999522        3.5305779443221218E-003   2.5527580005383271E-002   0.0000000000000000        0.0000000000000000        163.53411837690126        35.915884989610220     
   3.2899999999999521        3.5276403192061935E-003   2.4728292741991349E-002   0.0000000000000000        0.0000000000000000        177.25987746512061        36.774240643440642     
   3.2949999999999520        3.5245381075907352E-003   2.3933105154271689E-002   0.0000000000000000        0.0000000000000000        192.35773998362004        37.645801491433119     
   3.2999999999999519        3.5212096680199167E-003   2.3142336831584800E-002   0.0000000000000000        0.0000000000000000        208.99011414845057        38.530459327122756     
   3.3049999999999518        3.5176001940800221E-003   2.2356302788639797E-002   0.0000000000000000        0.0000000000000000        227.34364718790675        39.427930847640809     
   3.3099999999999516        3.5136622760959220E-003   2.1575313505322262E-002   0.0000000000000000        0.0000000000000000        247.63043294717821        40.337991404679713     
   3.3149999999999515        3.5093564763807668E-003   2.0799674956432680E-002   0.0000000000000000        0.0000000000000000        270.09556596840093        41.260197814516516     
   3.3199999999999514        3.5046519255282878E-003   2.0029688632493509E-002   0.0000000000000000        0.0000000000000000        295.01795210245285        42.194163195016820     
   3.3249999999999513        3.4995269488064030E-003   1.9265651553402180E-002   0.0000000000000000        0.0000000000000000        322.72088262891668        43.139364585478042     
   3.3299999999999512        3.4939697336617459E-003   1.8507856277525801E-002   0.0000000000000000        0.0000000000000000        353.57549194119895        44.095198243466022     
   3.3349999999999511        3.4879790517784617E-003   1.7756590909895925E-002   0.0000000000000000        0.0000000000000000        388.01360864706623        45.060966310902089     
   3.3399999999999510        3.4815650521929143E-003   1.7012139114577340E-002   0.0000000000000000        0.0000000000000000        426.53568198335512        46.035775544971450     
   3.3449999999999509        3.4747501458317542E-003   1.6274780138139607E-002   0.0000000000000000        0.0000000000000000        469.72442233721739        47.018610149710007     
   3.3499999999999508        3.4675700067682697E-003   1.5544788853614294E-002   0.0000000000000000        0.0000000000000000        518.26120023064266        48.008286502597748     
   3.3549999999999507        3.4600747218240368E-003   1.4822435837564504E-002   0.0000000000000000        0.0000000000000000        572.94435569370035        49.003390169649499     
   3.3599999999999506        3.4523301283474602E-003   1.4107987497178244E-002   0.0000000000000000        0.0000000000000000        634.71184030298537        50.002489271605285     
   3.3649999999999505        3.4444193907299438E-003   1.3401706270000162E-002   0.0000000000000000        0.0000000000000000        704.67676962896883        51.002815311412768     
   3.3699999999999504        3.4364448803816789E-003   1.2703850926500098E-002   0.0000000000000000        0.0000000000000000        784.14777222000328        52.002727356967419     
   3.3749999999999503        3.4285304427648135E-003   1.2014677015838728E-002   0.0000000000000000        0.0000000000000000        874.68744337740577        52.999140185698018     
   3.3799999999999502        3.4208241605089436E-003   1.1334437508850506E-002   0.0000000000000000        0.0000000000000000        978.15686278764576        53.988659992408849     
   3.3849999999999500        3.4135017562703556E-003   1.0663383710755779E-002   0.0000000000000000        0.0000000000000000        1096.7877933040893        54.967076519492750     
   3.3899999999999499        3.4067708267519173E-003   1.0001766541298697E-002   0.0000000000000000        0.0000000000000000        1233.2620942586707        55.929553376556534     
   3.3949999999999498        3.4008761660013088E-003   9.3498383145747196E-003   0.0000000000000000        0.0000000000000000        1390.8130942165426        56.869959465377285     
   3.3999999999999497        3.3961065305940178E-003   8.7078551986568952E-003   0.0000000000000000        0.0000000000000000        1573.3600259588768        57.781072067548749     
   3.4049999999999496        3.3928033352246707E-003   8.0760806019727904E-003   0.0000000000000000        0.0000000000000000        1785.6541768366822        58.653907143505457     
   3.4099999999999495        3.3913719660457068E-003   7.4547898277563607E-003   0.0000000000000000        0.0000000000000000        2033.4920070044016        59.477267890276728     
   3.4149999999999494        3.3922966953129040E-003   6.8442764727134975E-003   0.0000000000000000        0.0000000000000000        2323.9581846307083        60.237781520922553     
   3.4199999999999493        3.3961606312828082E-003   6.2448612411650454E-003   0.0000000000000000        0.0000000000000000        2665.6875065515023        60.918110624216283     
   3.4249999999999492        3.4036728376581897E-003   5.6569041325960833E-003   0.0000000000000000        0.0000000000000000        3069.2561269738771        61.496900129883819     
   3.4299999999999491        3.4157058735389567E-003   5.0808213888050811E-003   0.0000000000000000        0.0000000000000000        3547.5493889581462        61.947029531156787     
   3.4349999999999490        3.4333488359919451E-003   4.5171092390824718E-003   0.0000000000000000        0.0000000000000000        4116.1971763412030        62.234238210751990     
   3.4399999999999489        3.4579840869620121E-003   3.9663774973482937E-003   0.0000000000000000        0.0000000000000000        4793.9737901070739        62.314904322229658     
   3.4449999999999488        3.4914012860566921E-003   3.4293976873110816E-003   0.0000000000000000        0.0000000000000000        5603.0138371940384        62.133964660613358     
   3.4499999999999487        3.5359723028342348E-003   2.9071730419237391E-003   0.0000000000000000        0.0000000000000000        6568.5133828285270        61.620750299951091     
   3.4549999999999486        3.5949296919596707E-003   2.4010422785284771E-003   0.0000000000000000        0.0000000000000000        7717.9866813639310        60.684743761769219     
   3.4599999999999485        3.6728302640461463E-003   1.9128371626114199E-003   0.0000000000000000        0.0000000000000000        9077.7487794550507        59.207869766313351     
   3.4649999999999483        3.7763698652350736E-003   1.4451290968926526E-003   0.0000000000000000        0.0000000000000000        10665.503813664563        57.033332605676392     
   3.4699999999999482        3.9159157585122424E-003   1.0016304808895960E-003   0.0000000000000000        0.0000000000000000        12465.487882269068        53.950686389407601     
   3.4749999999999481        4.1086502393810689E-003   5.8788307520824749E-004   0.0000000000000000        0.0000000000000000        14356.791985505457        49.670946564273230     
   3.4799999999999480        4.3858136366545404E-003   2.1252751907543404E-004   0.0000000000000000        0.0000000000000000        16025.604682591675        43.863626322373818     
   3.4849999999999479        4.8123785236086391E-003  -1.1009184215373108E-004   0.0000000000000000        0.0000000000000000        17286.019136091028        36.403567668357923     
