   0.0000000000000000       -0.0000000000000000        0.0000000000000000        0.0000000000000000       0.38658204626013143        0.0000000000000000        0.0000000000000000     
   5.0000000000000001E-003  -0.0000000000000000        0.0000000000000000        0.0000000000000000       0.38494227244358387        0.0000000000000000        0.0000000000000000     
   1.0000000000000000E-002  -0.0000000000000000        0.0000000000000000        0.0000000000000000       0.38330360804293778        0.0000000000000000        0.0000000000000000     
   1.4999999999999999E-002  -0.0000000000000000        0.0000000000000000        0.0000000000000000       0.38166605289895905        0.0000000000000000        0.0000000000000000     
   2.0000000000000000E-002  -0.0000000000000000        0.0000000000000000        0.0000000000000000       0.38002960689203119        0.0000000000000000        0.0000000000000000     
   2.5000000000000001E-002  -0.0000000000000000        0.0000000000000000        0.0000000000000000       0.37839426994215070        0.0000000000000000        0.0000000000000000     
   3.0000000000000002E-002  -0.0000000000000000        0.0000000000000000        0.0000000000000000       0.37676004200891694        0.0000000000000000        0.0000000000000000     
   3.5000000000000003E-002  -0.0000000000000000        0.0000000000000000        0.0000000000000000       0.37512692309153189        0.0000000000000000        0.0000000000000000     
   4.0000000000000001E-002  -3.8118106003698715E-031   7.1484727743016935E-029   0.0000000000000000       0.37349491322879869        0.0000000000000000        0.0000000000000000     
   4.4999999999999998E-002  -1.0090488119535223E-030   1.9130530083300109E-028   0.0000000000000000       0.37186401249912948        0.0000000000000000        0.0000000000000000     
   4.9999999999999996E-002  -1.8122001800770313E-030   3.1723290839866238E-028   0.0000000000000000       0.37023422102055048        0.0000000000000000        0.0000000000000000     
   5.4999999999999993E-002  -2.4407472720047323E-029   4.5302849542178212E-028   0.0000000000000000       0.36860553895071513        0.0000000000000000        0.0000000000000000     
   5.9999999999999991E-002  -4.7626554104642526E-029   6.0275874092207662E-028   0.0000000000000000       0.36697796648691994        0.0000000000000000        0.0000000000000000     
   6.4999999999999988E-002  -7.2152161049291750E-029   7.7091759558523786E-028   0.0000000000000000       0.36535150386612336        0.0000000000000000        0.0000000000000000     
   6.9999999999999993E-002  -9.8702483516829637E-029   9.6256088385739759E-028   0.0000000000000000       0.36372615136496789        0.0000000000000000        0.0000000000000000     
   7.4999999999999997E-002  -1.2805214973248414E-028   1.1834579949786233E-027   0.0000000000000000       0.36210190929980868        0.0000000000000000        0.0000000000000000     
   8.0000000000000002E-002  -1.6105475320370571E-028   1.4402652060404281E-027   0.0000000000000000       0.36047877802674178        0.0000000000000000        0.0000000000000000     
   8.5000000000000006E-002  -1.9866759486404968E-028   1.7407258346187423E-027   0.0000000000000000       0.35885675794163951        0.0000000000000000        0.0000000000000000     
   9.0000000000000011E-002  -2.4197935523545024E-028   2.0939032286222696E-027   0.0000000000000000       0.35723584948018783        0.0000000000000000        0.0000000000000000     
   9.5000000000000015E-002  -2.9224149387120108E-028   2.5104535911229525E-027   0.0000000000000000       0.35561605311792710        0.0000000000000000        0.0000000000000000     
  0.10000000000000002       -3.5090427860694398E-028   3.0029468379136394E-027   0.0000000000000000       0.35399736937029957        0.0000000000000000        0.0000000000000000     
  0.10500000000000002       -4.1965847826729451E-028   3.5862451314473574E-027   0.0000000000000000       0.35237979879269593        0.0000000000000000        0.0000000000000000     
  0.11000000000000003       -5.0048391314826401E-028   4.2779504701308375E-027   0.0000000000000000       0.35076334198051135        0.0000000000000000        0.0000000000000000     
  0.11500000000000003       -5.9570625236027319E-028   5.0989347887853728E-027   0.0000000000000000       0.34914799956919779        0.0000000000000000        0.0000000000000000     
  0.12000000000000004       -7.0806368148174880E-028   6.0739685068368957E-027   0.0000000000000000       0.34753377223433046        0.0000000000000000        0.0000000000000000     
  0.12500000000000003       -8.4078534457215333E-028   7.2324664199200785E-027   0.0000000000000000       0.34592066069166771        0.0000000000000000        0.0000000000000000     
  0.13000000000000003       -9.9768379937223181E-028   8.6093733569124582E-027   0.0000000000000000       0.34430866569722235        0.0000000000000000        0.0000000000000000     
  0.13500000000000004       -1.1832641229597306E-027   1.0246216223751120E-026   0.0000000000000000       0.34269778804733259        0.0000000000000000        0.0000000000000000     
  0.14000000000000004       -1.4028527785131433E-027   1.2192354053760440E-026   0.0000000000000000       0.34108802857874027        0.0000000000000000        0.0000000000000000     
  0.14500000000000005       -1.6627499155758152E-027   1.4506463631546657E-026   0.0000000000000000       0.33947938816866940        0.0000000000000000        0.0000000000000000     
  0.15000000000000005       -1.9704094422055006E-027   1.7258305332215513E-026   0.0000000000000000       0.33787186773491307        0.0000000000000000        0.0000000000000000     
  0.15500000000000005       -2.3346519965060778E-027   2.0530822231913320E-026   0.0000000000000000       0.33626546823592157        0.0000000000000000        0.0000000000000000     
  0.16000000000000006       -2.7659168795887426E-027   2.4422635551806669E-026   0.0000000000000000       0.33466019067089348        2.5442097451204281E-032   9.9714533629589815E-032
  0.16500000000000006       -3.2765601184579668E-027   2.9051011395651250E-026   0.0000000000000000       0.33305603607987594        2.5194723062710008E-031   9.8501059505353804E-031
  0.17000000000000007       -3.8812071369492573E-027   3.4555387887745601E-026   0.0000000000000000       0.33145300554386481        7.7257537365752763E-031   3.0144341927397567E-030
  0.17500000000000007       -4.5971700627019635E-027   4.1101568637455512E-026   0.0000000000000000       0.32985110018490910        1.7516447752184917E-030   6.8196116734168212E-030
  0.18000000000000008       -5.4449415320420004E-027   4.8886708452772843E-026   0.0000000000000000       0.32825032116622438        3.4086878998077673E-030   1.3236160815669633E-029
  0.18500000000000008       -6.4487790244094289E-027   5.8145240997883638E-026   0.0000000000000000       0.32665066969230505        6.0349134245630087E-030   2.3360400484748425E-029
  0.19000000000000009       -7.6373963248753846E-027   6.9155926350887318E-026   0.0000000000000000       0.32505214700904445        1.0014601614184972E-029   3.8622284114011471E-029
  0.19500000000000009       -9.0447817498702413E-027   8.2250230014639834E-026   0.0000000000000000       0.32345475440385779        1.5859638353310562E-029   6.0905082746705826E-029
  0.20000000000000009       -1.0711166363193607E-026   9.7822284872631279E-026   0.0000000000000000       0.32185849320581239        2.4234282443557620E-029   9.2621858775037366E-029
  0.20500000000000010       -1.2684169658080929E-026   1.1634073505977539E-025   0.0000000000000000       0.32026336478575884        3.6007611540949381E-029   1.3689261861086525E-028
  0.21000000000000010       -1.5020155206427144E-026   1.3836281715705174E-025   0.0000000000000000       0.31866937055647165        5.2303619188856365E-029   1.9770340879274056E-028
  0.21500000000000011       -1.7785834719926684E-026   1.6455110120996685E-025   0.0000000000000000       0.31707651197278958        7.4580250105621302E-029   2.8016709638422262E-028
  0.22000000000000011       -2.1060165997469513E-026   1.9569339382310955E-025   0.0000000000000000       0.31548479053176559        1.0470766956459596E-028   3.9076795131162910E-028
  0.22500000000000012       -2.4936598546699206E-026   2.3272640038563438E-025   0.0000000000000000       0.31389420777281907        1.4505011486613166E-028   5.3761356576691092E-028
  0.23000000000000012       -2.9525730499459526E-026   2.7676385617377339E-025   0.0000000000000000       0.31230476527789464        1.9829785599684832E-028   7.2982374085626556E-028
  0.23500000000000013       -3.4958452067731338E-026   3.2912997003168765E-025   0.0000000000000000       0.31071646467162622        2.6934912021060518E-028   9.8403399228779139E-028
  0.24000000000000013       -4.1389664535986474E-026   3.9139918356136979E-025   0.0000000000000000       0.30912930762150531        3.6193049906607804E-028   1.3125995643469824E-027
  0.24500000000000013       -4.9002680044498692E-026   4.6544343802349360E-025   0.0000000000000000       0.30754329583805795        4.8234663685097173E-028   1.7365885325146677E-027
  0.25000000000000011       -5.8014426643442891E-026   5.5348836612992759E-025   0.0000000000000000       0.30595843107502302        6.3672259843864722E-028   2.2764037873841284E-027
  0.25500000000000012       -6.8681605830220801E-026   6.5818009333065528E-025   0.0000000000000000       0.30437471512954067        8.3738828480401843E-028   2.9731537709428757E-027
  0.26000000000000012       -8.1307976661291638E-026   7.8266465106492403E-025   0.0000000000000000       0.30279214984234432        1.0916473155285235E-027   3.8513269390054002E-027
  0.26500000000000012       -9.6252972310186167E-026   9.3068238227629788E-025   0.0000000000000000       0.30121073709795987        1.4133637216722130E-027   4.9577385205597626E-027
  0.27000000000000013       -1.1394189251784765E-025   1.1066801685861340E-024   0.0000000000000000       0.29963047882491101        1.8182105136028924E-027   6.3460822064503496E-027
  0.27500000000000013       -1.3487795980519630E-025   1.3159448423227227E-024   0.0000000000000000       0.29805137699593182        2.3208710513575212E-027   8.0669499745652229E-027
  0.28000000000000014       -1.5965657983720399E-025   1.5647617810844643E-024   0.0000000000000000       0.29647343362818557        2.9441036260475876E-027   1.0200871657315595E-026
  0.28500000000000014       -1.8898220841664666E-025   1.8606034366572215E-024   0.0000000000000000       0.29489665078349092        3.7051036665884583E-027   1.2810684439758537E-026
  0.29000000000000015       -2.2368830098495382E-025   2.2123534464727780E-024   0.0000000000000000       0.29332103056855557        4.6445089864162131E-027   1.6041014884736071E-026
  0.29500000000000015       -2.6476090727485970E-025   2.6305730411977159E-024   0.0000000000000000       0.29174657513521679        5.7792468481119343E-027   1.9959177635994995E-026
  0.30000000000000016       -3.1336657632598743E-025   3.1278177283531414E-024   0.0000000000000000       0.29017328668069220        7.1501272817760766E-027   2.4716013429041842E-026
  0.30500000000000016       -3.7088535831327032E-025   3.7190137369537434E-024   0.0000000000000000       0.28860116744783471        8.8004962633928088E-027   3.0474701248502090E-026
  0.31000000000000016       -4.3894983294312929E-025   4.4219054970410093E-024   0.0000000000000000       0.28703021972540060        1.0774305887761482E-026   3.7399430831539875E-026
  0.31500000000000017       -5.1949126355439713E-025   5.2575875541592520E-024   0.0000000000000000       0.28546044584832309        1.3153693535652492E-026   4.5804832845995782E-026
  0.32000000000000017       -6.1479417625863175E-025   6.2511368458645081E-024   0.0000000000000000       0.28389184819799540        1.5992946487536023E-026   5.5890062113388691E-026
  0.32500000000000018       -7.2756090006506499E-025   7.4323642708314361E-024   0.0000000000000000       0.28232442920256773        1.9379990087267667E-026   6.7979642272773120E-026
  0.33000000000000018       -8.6098788357357208E-025   8.8367080508120091E-024   0.0000000000000000       0.28075819133724739        2.3443931268859396E-026   8.2581469571754277E-026
  0.33500000000000019       -1.0188559342951904E-024   1.0506295628346364E-023   0.0000000000000000       0.27919313712461480        2.8291637496519238E-026   1.0007319182138066E-025
  0.34000000000000019       -1.2056369172061173E-024   1.2491205885531006E-023   0.0000000000000000       0.27762926913494895        3.4084494282871620E-026   1.2106715281523406E-025
  0.34500000000000020       -1.4266199106553224E-024   1.4850969462043314E-023   0.0000000000000000       0.27606658998656386        4.1006285287335001E-026   1.4625268466369060E-025
  0.35000000000000020       -1.6880603631082672E-024   1.7656352073151861E-023   0.0000000000000000       0.27450510234615760        4.9282665093860944E-026   1.7647457891193090E-025
  0.35500000000000020       -1.9973564386282384E-024   2.0991474193405937E-023   0.0000000000000000       0.27294480892917489        5.9172173155511365E-026   2.1270409417443348E-025
  0.36000000000000021       -2.3632575004334107E-024   2.4956330532163298E-023   0.0000000000000000       0.27138571250018145        7.0997976182644746E-026   2.5615091057765205E-025
  0.36500000000000021       -2.7961105815443900E-024   2.9669784683596728E-023   0.0000000000000000       0.26982781587325277        8.5129204897885689E-026   3.0815452783428414E-025
  0.37000000000000022       -3.3081517545025215E-024   3.5273128543671485E-023   0.0000000000000000       0.26827112191237995        1.0203931850836671E-025   3.7063371487163165E-025
  0.37500000000000022       -3.9138505679883871E-024   4.1934312974300526E-023   0.0000000000000000       0.26671563353188749        1.2225776786113660E-025   4.4543269990140681E-025
  0.38000000000000023       -4.6303172018444773E-024   4.9852976264965686E-023   0.0000000000000000       0.26516135369687105        1.4643053478619945E-025   5.3502735968795023E-025
  0.38500000000000023       -5.4777837447650902E-024   5.9266420794187829E-023   0.0000000000000000       0.26360828542365006        1.7534485848900654E-025   6.4236206998076691E-025
  0.39000000000000024       -6.4801730694855530E-024   7.0456716639693000E-023   0.0000000000000000       0.26205643178024041        2.0991438496830991E-025   7.7075636638164743E-025
  0.39500000000000024       -7.6657712262013261E-024   8.3759144573648856E-023   0.0000000000000000       0.26050579588684591        2.5129009849097693E-025   9.2480701011964455E-025
  0.40000000000000024       -9.0680221641098825E-024   9.9572230914166251E-023   0.0000000000000000       0.25895638091636941        3.0078123571574170E-025   1.1091320553598423E-024
  0.40500000000000025       -1.0726467003560586E-023   1.1836967428168212E-022   0.0000000000000000       0.25740819009494847        3.5996029489859928E-025   1.3297294956970438E-024
  0.41000000000000025       -1.2687854112023064E-023   1.4071452084998934E-022   0.0000000000000000       0.25586122670251149        4.3073912944475166E-025   1.5937699437259536E-024
  0.41500000000000026       -1.5007450997657775E-023   1.6727601187434694E-022   0.0000000000000000       0.25431549407335929        5.1541374845843897E-025   1.9096514888022650E-024
  0.42000000000000026       -1.7750594656660671E-023   1.9884960713001196E-022   0.0000000000000000       0.25277099559677402        6.1667912263097087E-025   2.2880368771156543E-024
  0.42500000000000027       -2.0994523650456761E-023   2.3638078278693507E-022   0.0000000000000000       0.25122773471765319        7.3778972576105479E-025   2.7405653181411257E-024
  0.43000000000000027       -2.4830543030050987E-023   2.8099331501379106E-022   0.0000000000000000       0.24968571493717634        8.8262971497048049E-025   3.2819613577342333E-024
  0.43500000000000028       -2.9366582484344207E-023   3.3402289461216622E-022   0.0000000000000000       0.24814493981349969        1.0558492678286514E-024   3.9296339925953529E-024
  0.44000000000000028       -3.4730219023075987E-023   3.9705707723041743E-022   0.0000000000000000       0.24660541296248883        1.2629928171986047E-024   4.7043162114122136E-024
  0.44500000000000028       -4.1072248415346632E-023   4.7198276294842499E-022   0.0000000000000000       0.24506713805848077        1.5107099291628434E-024   5.6310473594831627E-024
  0.45000000000000029       -4.8570904848122913E-023   5.6104262390686134E-022   0.0000000000000000       0.24353011883508868        1.8070238608036982E-024   6.7394209646954054E-024
  0.45500000000000029       -5.7436846266384110E-023   6.6690216588970044E-022   0.0000000000000000       0.24199435908604741        2.1613039936295528E-024   8.0648559661436994E-024
  0.46000000000000030       -6.7919044104306927E-023   7.9272942732713771E-022   0.0000000000000000       0.24045986266609670        2.5848424881097045E-024   9.6494325256633867E-024
  0.46500000000000030       -8.0311741200858385E-023   9.4228969654685433E-022   0.0000000000000000       0.23892663349191745        3.0915873338279049E-024   1.1545278518890287E-023
  0.47000000000000031       -9.4962671304547387E-023   1.1200580765188950E-021   0.0000000000000000       0.23739467554311117        3.6973093047546546E-024   1.3810647151442032E-023
  0.47500000000000031       -1.1228276852660261E-022   1.3313532591921060E-021   0.0000000000000000       0.23586399286323589        4.4215668694594190E-024   1.6520363840657701E-023
  0.48000000000000032       -1.3275763636111526E-022   1.5824965047020345E-021   0.0000000000000000       0.23433458956089553        5.2878433294153162E-024   1.9760298007938614E-023
  0.48500000000000032       -1.5696109459003979E-022   1.8810005731275106E-021   0.0000000000000000       0.23280646981089134        6.3239401635995619E-024   2.3634817862963907E-023
  0.49000000000000032       -1.8557117986847225E-022   2.2357942505230701E-021   0.0000000000000000       0.23127963785543440        7.5618098829973617E-024   2.8262742209088847E-023
  0.49500000000000033       -2.1938904362079471E-022   2.6574891733220704E-021   0.0000000000000000       0.22975409800543001        9.0420334331806240E-024   3.3795883464834540E-023
  0.50000000000000033       -2.5936127093290171E-022   3.1586969175677576E-021   0.0000000000000000       0.22822985464183243        1.0812347268476228E-023   4.0411684358998678E-023
  0.50500000000000034       -3.0660623859602658E-022   3.7544058194233400E-021   0.0000000000000000       0.22670691221707884        1.2928677699003994E-023   4.8318722844483794E-023
  0.51000000000000034       -3.6244524193390858E-022   4.4624287757654712E-021   0.0000000000000000       0.22518527525660792        1.5460566243109550E-023   5.7774837048112432E-023
  0.51500000000000035       -4.2843925158093391E-022   5.3039353915026405E-021   0.0000000000000000       0.22366494836046788        1.8484716604017017E-023   6.9067354523753560E-023
  0.52000000000000035       -5.0643231657574364E-022   6.3040843567197884E-021   0.0000000000000000       0.22214593620501727        2.2103576512588943E-023   8.2575274739170555E-023
  0.52500000000000036       -5.9860281323813660E-022   7.4927749268365718E-021   0.0000000000000000       0.22062824354473462        2.6426499805899063E-023   9.8704964844535298E-023
  0.53000000000000036       -7.0752395531410083E-022   8.9055399317886518E-021   0.0000000000000000       0.21911187521413147        3.1598589529913576E-023   1.1799968250272653E-022
  0.53500000000000036       -8.3623523570303787E-022   1.0584606961689253E-020   0.0000000000000000       0.21759683612978747        3.7778445164412565E-023   1.4104415834927860E-022
  0.54000000000000037       -9.8832677068272127E-022   1.2580159392278721E-020   0.0000000000000000       0.21608313129251111        4.5168201491198659E-023   1.6858982003417505E-022
  0.54500000000000037       -1.1680388721177079E-021   1.4951834873182700E-020   0.0000000000000000       0.21457076578963213        5.4006234012866073E-023   2.0152000499770197E-022
  0.55000000000000038       -1.3803795913433140E-021   1.7770505983136962E-020   0.0000000000000000       0.21305974479744294        6.4564693693687701E-023   2.4084787567390446E-022
  0.55500000000000038       -1.6312634716471093E-021   2.1120396169822967E-020   0.0000000000000000       0.21155007358379144        7.7195253164066616E-023   2.8787137609088203E-022
  0.56000000000000039       -1.9276753279492368E-021   2.5101594088435160E-020   0.0000000000000000       0.21004175751084112        9.2290275985496007E-023   3.4404533181237795E-022
  0.56500000000000039       -2.2778635582277664E-021   2.9833041330298690E-020   0.0000000000000000       0.20853480203800806        1.1033132288738761E-022   4.1116078887639292E-022
  0.57000000000000040       -2.6915683000815431E-021   3.5456082644469490E-020   0.0000000000000000       0.20702921272508840        1.3190709754051140E-022   4.9138547460015493E-022
  0.57500000000000040       -3.1802906995334340E-021   4.2138684521556088E-020   0.0000000000000000       0.20552499523558862        1.5768894357586737E-022   5.8720637926793685E-022
  0.58000000000000040       -3.7576106836147186E-021   5.0080447929187057E-020   0.0000000000000000       0.20402215534027346        1.8854133881942684E-022   7.0180530689999988E-022
  0.58500000000000041       -4.4395619539203185E-021   5.9518564655673192E-020   0.0000000000000000       0.20252069892094726        2.2534797354625258E-022   8.3849051235920939E-022
  0.59000000000000041       -5.2450744810652312E-021   7.0734894837130386E-020   0.0000000000000000       0.20102063197448450        2.6941330816832713E-022   1.0020213748373433E-021
  0.59500000000000042       -6.1964966221057753E-021   8.4064376650499029E-020   0.0000000000000000       0.19952196061712815        3.2205092120117573E-022   1.1972818501336766E-021
  0.60000000000000042       -7.3202111542776212E-021   9.9905018844977911E-020   0.0000000000000000       0.19802469108907000        3.8497608233610031E-022   1.4305819223728235E-021
  0.60500000000000043       -8.6473620775143787E-021   1.1872977393841229E-019   0.0000000000000000       0.19652882975934141        4.6020113491653981E-022   1.7093363381107180E-021
  0.61000000000000043       -1.0214712054156473E-020   1.4110064592653749E-019   0.0000000000000000       0.19503438313102547        5.5008563026776470E-022   2.0422432264152038E-021
  0.61500000000000044       -1.2065653908353942E-020   1.6768545290813054E-019   0.0000000000000000       0.19354135784682167        6.5754227838828263E-022   2.4400188016395852E-021
  0.62000000000000044       -1.4251403795595634E-020   1.9927774409878331E-019   0.0000000000000000       0.19204976069498086        7.8604874515125873E-022   2.9154400397849226E-021
  0.62500000000000044       -1.6832408587230412E-020   2.3682046464129808E-019   0.0000000000000000       0.19055959861564045        9.3951829730383024E-022   3.4829573603611760E-021
  0.63000000000000045       -1.9880005828373869E-020   2.8143407321682974E-019   0.0000000000000000       0.18907087870758307        1.1230129677538975E-021   4.1610688934843792E-021
  0.63500000000000045       -2.3478381476289495E-020   3.3444995003551898E-019   0.0000000000000000       0.18758360823545039        1.3422728409041669E-021   4.9709638007637633E-021
  0.64000000000000046       -2.7726878693894458E-020   3.9745009028192393E-019   0.0000000000000000       0.18609779463744014        1.6044319984542211E-021   5.9387108865321036E-021
  0.64500000000000046       -3.2742720475491128E-020   4.7231426519105772E-019   0.0000000000000000       0.18461344553352085        1.9176804766221939E-021   7.0944256236634805E-021
  0.65000000000000047       -3.8664220073593632E-020   5.6127605519845357E-019   0.0000000000000000       0.18313056873419667        2.2920952797356236E-021   8.4750006232473636E-021
  0.65500000000000047       -4.5654566375806443E-020   6.6698942364883640E-019   0.0000000000000000       0.18164917224985744        2.7396926241999118E-021   1.0124278706323208E-020
  0.66000000000000048       -5.3906286901150591E-020   7.9260781321127709E-019   0.0000000000000000       0.18016926430075511        3.2785445993593020E-021   1.2107506790658726E-020
  0.66500000000000048       -6.3646509359811595E-020   9.4187811975541895E-019   0.0000000000000000       0.17869085332764306        3.9138894532749922E-021   1.4447717229735205E-020
  0.67000000000000048       -7.5143164235914361E-020   1.1192523410646191E-018   0.0000000000000000       0.17721394800312371        4.6775849902073973E-021   1.7257150004584892E-020
  0.67500000000000049       -8.8712296181915879E-020   1.3300202235499817E-018   0.0000000000000000       0.17573855724374390        5.5907158423554820E-021   2.0614125272662968E-020
  0.68000000000000049       -1.0472668182869608E-019   1.5804668547023510E-018   0.0000000000000000       0.17426469022289201        6.6816476148328081E-021   2.4622389118394101E-020
  0.68500000000000050       -1.2362598670858247E-019   1.8780598909280914E-018   0.0000000000000000       0.17279235638453486        7.9857301475399483E-021   2.9410703636438569E-020
  0.69000000000000050       -1.4592873528973462E-019   2.2316719916957456E-018   0.0000000000000000       0.17132156545785740        9.5438285716394692E-021   3.5128567455021732E-020
  0.69500000000000051       -1.7224641672242570E-019   2.6518450777393052E-018   0.0000000000000000       0.16985232747284640        1.1406170687746651E-020   4.1958492342439725E-020
  0.70000000000000051       -2.0330010608603000E-019   3.1511042745031155E-018   0.0000000000000000       0.16838465277688183        1.3631324930459058E-020   5.0113868374192692E-020
  0.70500000000000052       -2.3994004820933799E-019   3.7443308789852301E-018   0.0000000000000000       0.16691855205238787        1.6291191645958923E-020   5.9856689819613616E-020
  0.71000000000000052       -2.8316873028999959E-019   4.4492054424759922E-018   0.0000000000000000       0.16545403633560565        1.9471033301941836E-020   7.1495010888193121E-020
  0.71500000000000052       -3.3416806264529496E-019   5.2867341454661282E-018   0.0000000000000000       0.16399111703654551        2.3271065191281891E-020   8.5394985076962019E-020
  0.72000000000000053       -3.9433139643313672E-019   6.2818741160373709E-018   0.0000000000000000       0.16252980596018479        2.7803118921517853E-020   1.0196497792013099E-019
  0.72500000000000053       -4.6530123596382729E-019   7.4642762827816920E-018   0.0000000000000000       0.16107011532897073        3.3228792315114117E-020   1.2178517079320466E-019
  0.73000000000000054       -5.4901365465426771E-019   8.8691678449192359E-018   0.0000000000000000       0.15961205780669929        3.9698835966916759E-020   1.4540792643540742E-019
  0.73500000000000054       -6.4775060171967764E-019   1.0538400589367748E-017   0.0000000000000000       0.15815564652382996        4.7457554292601769E-020   1.7371229542476390E-019
  0.74000000000000055       -7.6420149600459072E-019   1.2521696210005275E-017   0.0000000000000000       0.15670089510430543        5.6712568502619752E-020   2.0745462556803708E-019
  0.74500000000000055       -9.0153574938428564E-019   1.4878125634330705E-017   0.0000000000000000       0.15524781769394566        6.7773808067856914E-020   2.4775688676811331E-019
  0.75000000000000056       -1.0634881513253132E-018   1.7677866310544631E-017   0.0000000000000000       0.15379642899047621        8.0977296800849593E-020   2.9583648303521352E-019
  0.75500000000000056       -1.2544593859976945E-018   2.1004289659674682E-017   0.0000000000000000       0.15234674427526182        9.6780772209789930E-020   3.5333072025423570E-019
  0.76000000000000056       -1.4796343525953492E-018   2.4956440697297644E-017   0.0000000000000000       0.15089877944680269        1.1562315469397769E-019   4.2186159131762185E-019
  0.76500000000000057       -1.7451214285916287E-018   2.9651983467947072E-017   0.0000000000000000       0.14945255105606176        1.3819280005003400E-019   5.0385261417394410E-019
  0.77000000000000057       -2.0581163666569610E-018   3.5230699757287047E-017   0.0000000000000000       0.14800807634367008        1.6512603109371572E-019   6.0164419560190824E-019
  0.77500000000000058       -2.4270951631160023E-018   4.1858644961844999E-017   0.0000000000000000       0.14656537327907332        1.9732346402796876E-019   7.1847591291188647E-019
  0.78000000000000058       -2.8620409957900283E-018   4.9733084489667578E-017   0.0000000000000000       0.14512446060165948        2.3579293547062297E-019   8.5795774880716094E-019
  0.78500000000000059       -3.3747112213917556E-018   5.9088357214698250E-017   0.0000000000000000       0.14368535786391126        2.8174067155620030E-019   1.0244441333334832E-018
  0.79000000000000059       -3.9789514702006383E-018   7.0202839998331133E-017   0.0000000000000000       0.14224808547661463        3.3666126447476431E-019   1.2232833924251868E-018
  0.79500000000000060       -4.6910651053698126E-018   8.3407219936775908E-017   0.0000000000000000       0.14081266475614679        4.0233260377393914E-019   1.4608544482578345E-018
  0.80000000000000060       -5.5302477573034640E-018   9.9094319758769008E-017   0.0000000000000000       0.13937911797385280        4.8065609028299367E-019   1.7440620071875354E-018
  0.80500000000000060       -6.5190983368803522E-018   1.1773076783115134E-016   0.0000000000000000       0.13794746840751215        5.7435300538280956E-019   2.0825739182084766E-018
  0.81000000000000061       -7.6842199179493883E-018   1.3987085889165288E-016   0.0000000000000000       0.13651774039487252        6.8628875126591978E-019   2.4866610787846458E-018
  0.81500000000000061       -9.0569262098782106E-018   1.6617301653485331E-016   0.0000000000000000       0.13508995938922383        8.1995260057355472E-019   2.9688704148068577E-018
  0.82000000000000062       -1.0674072074001562E-017   1.9741934554776431E-016   0.0000000000000000       0.13366415201695145        9.7978725266380209E-019   3.5450212144931457E-018
  0.82500000000000062       -1.2579029742567405E-017   2.3453885370318709E-016   0.0000000000000000       0.13224034613699642        1.1717592617101888E-018   4.2364385291071221E-018
  0.83000000000000063       -1.4822836155952050E-017   2.7863503127666131E-016   0.0000000000000000       0.13081857090212462        1.3985594138261447E-018   5.0529147825576497E-018
  0.83500000000000063       -1.7465541237884698E-017   3.3101860556533525E-016   0.0000000000000000       0.12939885682187247        1.6711490555791071E-018   6.0333239522794095E-018
  0.84000000000000064       -2.0577792089486112E-017   3.9324644086590844E-016   0.0000000000000000       0.12798123582701959        1.9964866973920746E-018   7.2026721351306674E-018
  0.84500000000000064       -2.4242694130093284E-017   4.6716773623578489E-016   0.0000000000000000       0.12656574133539544        2.3855776141052144E-018   8.5999236670395757E-018
  0.85000000000000064       -2.8557997296652926E-017   5.5497888928642916E-016   0.0000000000000000       0.12515240831880053        2.8504332272558191E-018   1.0267981378964620E-017
  0.85500000000000065       -3.3638663710038140E-017   6.5928865061179936E-016   0.0000000000000000       0.12374127337078041        3.4050759768563108E-018   1.2257097019862766E-017
  0.86000000000000065       -3.9619882931229051E-017   7.8319549780350852E-016   0.0000000000000000       0.12233237477495400        4.0681499081758751E-018   1.4632829932153413E-017
  0.86500000000000066       -4.6660612302969124E-017   9.3037951932235155E-016   0.0000000000000000       0.12092575257355574        4.8607083926596523E-018   1.7470294066842932E-017
  0.87000000000000066       -5.4947733182893891E-017   1.1052115274418992E-015   0.0000000000000000       0.11952144863580552        5.8069227122949859E-018   2.0855360271170978E-017
  0.87500000000000067       -6.4700929448907209E-017   1.3128826286957272E-015   0.0000000000000000       0.11811950672567689        6.9377602874709053E-018   2.4897801091070397E-017
  0.88000000000000067       -7.6178412877250580E-017   1.5595580847580970E-015   0.0000000000000000       0.11671997256858689        8.2880544874348445E-018   2.9720858841042910E-017
  0.88500000000000068       -8.9683641302198428E-017   1.8525600142763561E-015   0.0000000000000000       0.11532289391648225        9.9018021117754455E-018   3.5480437697210303E-017
  0.89000000000000068       -1.0557320038066538E-016   2.2005843379917396E-015   0.0000000000000000       0.11392832061075270        1.1828530455027502E-017   4.2351652872229600E-017
  0.89500000000000068       -1.2426604890743410E-016   2.6139583806178093E-015   0.0000000000000000       0.11253630464235148        1.4132834256922544E-017   5.0562394636026157E-017
  0.90000000000000069       -1.4625436165876939E-016   3.1049467431588766E-015   0.0000000000000000       0.11114690020846218        1.6884877454233741E-017   6.0360514310976815E-017
  0.90500000000000069       -1.7211624349974042E-016   3.6881144839653780E-015   0.0000000000000000       0.10976016376500577        2.0169793258626061E-017   7.2047528396915617E-017
  0.91000000000000070       -2.0253063492327698E-016   4.3807583377595200E-015   0.0000000000000000       0.10837615407424581        2.4099939688494860E-017   8.6013878164186822E-017
  0.91500000000000070       -2.3829478340105482E-016   5.2034187088455864E-015   0.0000000000000000       0.10699493224671461        2.8783342826964817E-017   1.0265353986433789E-016
  0.92000000000000071       -2.8034471820046344E-016   6.1804875567673766E-015   0.0000000000000000       0.10561656177665771        3.4386729487103501E-017   1.2253863546565891E-016
  0.92500000000000071       -3.2977924014927013E-016   7.3409301197934335E-015   0.0000000000000000       0.10424110857017237        4.1076814478658653E-017   1.4626266790580612E-016
  0.93000000000000071       -3.8788802394059140E-016   8.7191417768865344E-015   0.0000000000000000       0.10286864096521013        4.9069521219168088E-017   1.7458262354341354E-016
  0.93500000000000072       -4.5618453097393174E-016   1.0355965330769501E-014   0.0000000000000000       0.10149922974260794        5.8610732178293755E-017   2.0836273554738530E-016
  0.94000000000000072       -5.3644454775221951E-016   1.2299898720312235E-014   0.0000000000000000       0.10013294812733355        7.0014361337627292E-017   2.4870145486010273E-016
  0.94500000000000073       -6.3075130120096007E-016   1.4608528778365695E-014   0.0000000000000000        9.8769871779150462E-002   8.3647639858592486E-017   2.9688583477440017E-016
  0.95000000000000073       -7.4154826106944976E-016   1.7350233306002296E-014   0.0000000000000000        9.7410078771953165E-002   9.9899964490874139E-017   3.5428542888228243E-016
  0.95500000000000074       -8.7170092443829344E-016   2.0606201630982003E-014   0.0000000000000000        9.6053649561085766E-002   1.1933723219149468E-016   4.2286808975158302E-016
  0.96000000000000074       -1.0245690924778073E-015   2.4472833188787570E-014   0.0000000000000000        9.4700666938024772E-002   1.4251802424719318E-016   5.0460288078709122E-016
  0.96500000000000075       -1.2040913998229855E-015   2.9064584783310580E-014   0.0000000000000000        9.3351215971910262E-002   1.7025943955229250E-016   6.0232211131911586E-016
  0.97000000000000075       -1.4148841478420302E-015   3.4517350377086568E-014   0.0000000000000000        9.2005383937517685E-002   2.0336937565349640E-016   7.1885899306120373E-016
  0.97500000000000075       -1.6623568311361572E-015   4.0992472914111015E-014   0.0000000000000000        9.0663260229398315E-002   2.4287700647548599E-016   8.5780552525244451E-016
  0.98000000000000076       -1.9528471392581444E-015   4.8681506250131537E-014   0.0000000000000000        8.9324936262064406E-002   2.9013506346263076E-016   1.0238567724833196E-015
  0.98500000000000076       -2.2937786714592406E-015   5.7811867299163388E-014   0.0000000000000000        8.7990505356266624E-002   3.4649589514790467E-016   1.2217359844570944E-015
  0.99000000000000077       -2.6938451311376067E-015   6.8653544645552630E-014   0.0000000000000000        8.6660062611595576E-002   4.1390443198574263E-016   1.4581832549108563E-015
  0.99500000000000077       -3.1632253799231160E-015   8.1527060882288334E-014   0.0000000000000000        8.5333704765837903E-002   4.9433205942671606E-016   1.7400780378960116E-015
   1.0000000000000007       -3.7138344420379928E-015   9.6812922724966401E-014   0.0000000000000000        8.4011530041730675E-002   5.9040022766901645E-016   2.0765086550963492E-015
   1.0050000000000006       -4.3596163726861040E-015   1.1496283659137496E-013   0.0000000000000000        8.2693637981973295E-002   7.0525212845137570E-016   2.4783126444742397E-015
   1.0100000000000005       -5.1168858568965890E-015   1.3651301910352938E-013   0.0000000000000000        8.1380129273587412E-002   8.4217315689071082E-016   2.9570004269401182E-015
   1.0150000000000003       -6.0047265071152673E-015   1.6209999337288895E-013   0.0000000000000000        8.0071105562932551E-002   1.0058171723882438E-015   3.5285192840574995E-015
   1.0200000000000002       -7.0454551013375973E-015   1.9247933476183293E-013   0.0000000000000000        7.8766669262910011E-002   1.2013286750485684E-015   4.2108681855947081E-015
   1.0250000000000001       -8.2651624743173875E-015   2.2854791619901470E-013   0.0000000000000000        7.7466923354098563E-002   1.4346012750758839E-015   5.0242591097847746E-015
   1.0300000000000000       -9.6943434715376728E-015   2.7137030558043259E-013   0.0000000000000000        7.6171971181757545E-002   1.7134468098346816E-015   5.9956610675121850E-015
   1.0349999999999999       -1.1368630332393576E-014   3.2221008929667668E-013   0.0000000000000000        7.4881916250815278E-002   2.0463501693130972E-015   7.1543002884295612E-015
   1.0399999999999998       -1.3329646123069522E-014   3.8256704002764687E-013   0.0000000000000000        7.3596862021101397E-002   2.4434976385219354E-015   8.5356479206571292E-015
   1.0449999999999997       -1.5625997433571058E-014   4.5422121783247364E-013   0.0000000000000000        7.2316911705210540E-002   2.9178724058542644E-015   1.0183962125970311E-014
   1.0499999999999996       -1.8314428535554344E-014   5.3928529620490618E-013   0.0000000000000000        7.1042168071460313E-002   3.4847126310399594E-015   1.2151851028428353E-014
   1.0549999999999995       -2.1461162622326679E-014   6.4026664505404018E-013   0.0000000000000000        6.9772733254455627E-002   4.1609149432062493E-015   1.4497545718400005E-014
   1.0599999999999994       -2.5143459680838562E-014   7.6014098748887486E-013   0.0000000000000000        6.8508708575770821E-002   4.9693388903118823E-015   1.7298821808796008E-014
   1.0649999999999993       -2.9451425046182889E-014   9.0243978510620365E-013   0.0000000000000000        6.7250194377217937E-002   5.9338019816201988E-015   2.0638596545780196E-014
   1.0699999999999992       -3.4490107838555993E-014   1.0713539070104295E-012   0.0000000000000000        6.5997289869078823E-002   7.0858246797005630E-015   2.4623842026002997E-014
   1.0749999999999991       -4.0381934366033927E-014   1.2718566126490450E-012   0.0000000000000000        6.4750092995547390E-002   8.4611763909174742E-015   2.9377444517203251E-014
   1.0799999999999990       -4.7269528288175357E-014   1.5098494414958021E-012   0.0000000000000000        6.3508700319440725E-002   1.0103382393530175E-014   3.5049070797040771E-014
   1.0849999999999989       -5.5318976979281401E-014   1.7923352699674345E-012   0.0000000000000000        6.2273206928026258E-002   1.2063121251796076E-014   4.1810710552275631E-014
   1.0899999999999987       -6.4723612220154728E-014   2.1276235870450489E-012   0.0000000000000000        6.1043706361541668E-002   1.4405530148813920E-014   4.9885279738250556E-014
   1.0949999999999986       -7.5708383207164196E-014   2.5255739777841574E-012   0.0000000000000000        5.9820290565698424E-002   1.7198461004657906E-014   5.9505547905194643E-014
   1.0999999999999985       -8.8534911031184942E-014   2.9978849153676075E-012   0.0000000000000000        5.8603049869137419E-002   2.0534885768555354E-014   7.0987423308942908E-014
   1.1049999999999984       -1.0350732638952378E-013   3.5584362797118811E-012   0.0000000000000000        5.7392072986464704E-002   2.4517698815382062E-014   8.4680600073104956E-014
   1.1099999999999983       -1.2097900650201414E-013   4.2236955819541148E-012   0.0000000000000000        5.6187447047141570E-002   2.9274172527937264E-014   1.0101929464443522E-013
   1.1149999999999982       -1.4136034316517883E-013   5.0131997245149881E-012   0.0000000000000000        5.4989257650147852E-002   3.4952864804250396E-014   1.2050833318413687E-013
   1.1199999999999981       -1.6512769175538992E-013   5.9501263192671356E-012   0.0000000000000000        5.3797588943980505E-002   4.1731492559786880E-014   1.4375184955976074E-013
   1.1249999999999980       -1.9283367094227689E-013   7.0619711849179464E-012   0.0000000000000000        5.2612523731205445E-002   4.9823959427285868E-014   1.7147568790489527E-013
   1.1299999999999979       -2.2511900504819849E-013   8.3813517239866490E-012   0.0000000000000000        5.1434143596457628E-002   5.9479333336677292E-014   2.0452569125692979E-013
   1.1349999999999978       -2.6272612552479326E-013   9.9469595284880805E-012   0.0000000000000000        5.0262529056481237E-002   7.1010938320856829E-014   2.4396302098571918E-013
   1.1399999999999977       -3.0651477502250968E-013   1.1804689886819457E-011   0.0000000000000000        4.9097759730532882E-002   8.4771782170801496E-014   2.9097961732792640E-013
   1.1449999999999976       -3.5747988707315556E-013   1.4008980986900350E-011   0.0000000000000000        4.7939914529242358E-002   1.0120160533508055E-013   3.4706674354937759E-013
   1.1499999999999975       -4.1677204649698580E-013   1.6624401679967729E-011   0.0000000000000000        4.6789071859823686E-002   1.2076339186228852E-013   4.1385533659814533E-013
   1.1549999999999974       -4.8572087021066512E-013   1.9727533860322402E-011   0.0000000000000000        4.5645309845389108E-002   1.4463425152132809E-013   4.9499939328436362E-013
   1.1599999999999973       -5.6586168495936447E-013   2.3409204035905677E-011   0.0000000000000000        4.4508706556003259E-002   1.7217869805923611E-013   5.8893112127658464E-013
   1.1649999999999971       -6.5896591727977061E-013   2.7777128758189801E-011   0.0000000000000000        4.3379340249059234E-002   2.0508584394322337E-013   7.0099372893698567E-013
   1.1699999999999970       -7.6707565116637991E-013   3.2959050538237710E-011   0.0000000000000000        4.2257289616536416E-002   2.4526428590551476E-013   8.3732131887215451E-013
   1.1749999999999969       -8.9254284963971314E-013   3.9106455043398803E-011   0.0000000000000000        4.1142634036723365E-002   2.9272313433470012E-013   9.9855125449649579E-013
   1.1799999999999968       -1.0380737765214156E-012   4.6398977154290303E-011   0.0000000000000000        4.0035453828049898E-002   3.4936594870487320E-013   1.1907365533899708E-012
   1.1849999999999967       -1.2067791925808274E-012   5.5049623348291359E-011   0.0000000000000000        3.8935830502768047E-002   4.1707481678589176E-013   1.4202095882638771E-012
   1.1899999999999966       -1.4022309336127496E-012   6.5310961437414256E-011   0.0000000000000000        3.7843847018348822E-002   4.9777930087915084E-013   1.6935184576235372E-012
   1.1949999999999965       -1.6285255039872460E-012   7.7482456605155109E-011   0.0000000000000000        3.6759588024610587E-002   5.9415334105820511E-013   2.0195856107955032E-012
   1.1999999999999964       -1.8903553338826824E-012   9.1919165765002357E-011   0.0000000000000000        3.5683140104770000E-002   7.0913007749530560E-013   2.4082667154649658E-012
   1.2049999999999963       -2.1930883466993884E-012   1.0904204145900353E-010   0.0000000000000000        3.4614592008791745E-002   8.4623542786970545E-013   2.8713426133414003E-012
   1.2099999999999962       -2.5428564584890960E-012   1.2935014296206608E-010   0.0000000000000000        3.3554034877612604E-002   1.0099838691441004E-012   3.4238954788328668E-012
   1.2149999999999961       -2.9466535751977541E-012   1.5343510730186660E-010   0.0000000000000000        3.2501562457019462E-002   1.2054118797818036E-012   4.0827146871211771E-012
   1.2199999999999960       -3.4124435553596449E-012   1.8199829814108434E-010   0.0000000000000000        3.1457271300164402E-002   1.4381750794264874E-012   4.8669156602243554E-012
   1.2249999999999959       -3.9492784519547104E-012   2.1587112779162579E-010   0.0000000000000000        3.0421260957903401E-002   1.7165239039585559E-012   5.8036087897680515E-012
   1.2299999999999958       -4.5674271202231342E-012   2.5603913928645298E-010   0.0000000000000000        2.9393634156341875E-002   2.0483178964804595E-012   6.9192269464229488E-012
   1.2349999999999957       -5.2785139566258380E-012   3.0367054408956376E-010   0.0000000000000000        2.8374496961152459E-002   2.4440342569426332E-012   8.2487626063500107E-012
   1.2399999999999956       -6.0956670906993742E-012   3.6015003984268138E-010   0.0000000000000000        2.7363958928410179E-002   2.9163681401316753E-012   9.8341888626976597E-012
   1.2449999999999954       -7.0336747522901236E-012   4.2711888528356208E-010   0.0000000000000000        2.6362133241845605E-002   3.4799561299065731E-012   1.1724216787266487E-011
   1.2499999999999953       -8.1091477392850020E-012   5.0652239058186720E-010   0.0000000000000000        2.5369136836563767E-002   4.1511470165457032E-012   1.3973557556262710E-011
   1.2549999999999952       -9.3406848629158159E-012   6.0066619611249388E-010   0.0000000000000000        2.4385090509404413E-002   4.9543496150193179E-012   1.6662048690572313E-011
   1.2599999999999951       -1.0749036883834532E-011   7.1228296739952163E-010   0.0000000000000000        2.3410119016230958E-002   5.9094081710742708E-012   1.9857244818146703E-011
   1.2649999999999950       -1.2357262691852668E-011   8.4461143606171447E-010   0.0000000000000000        2.2444351156528791E-002   7.0518131001389774E-012   2.3674458109202626E-011
   1.2699999999999949       -1.4190869226046897E-011   1.0014900749063254E-009   0.0000000000000000        2.1487919845774205E-002   8.4099961767343959E-012   2.8210175230145883E-011
   1.2749999999999948       -1.6277923757274455E-011   1.1874681203291111E-009   0.0000000000000000        2.0540962176094427E-002   1.0036913858053938E-011   3.3636794939633785E-011
   1.2799999999999947       -1.8649123511306463E-011   1.4079371593058054E-009   0.0000000000000000        1.9603619465788466E-002   1.1972826615977611E-011   4.0090019083441533E-011
   1.2849999999999946       -2.1337803012710673E-011   1.6692870962329929E-009   0.0000000000000000        1.8676037298309689E-002   1.4278150276629303E-011   4.7768902241796254E-011
   1.2899999999999945       -2.4379853750340342E-011   1.9790910241413687E-009   0.0000000000000000        1.7758365551330469E-002   1.7037516428718361E-011   5.6948979150142121E-011
   1.2949999999999944       -2.7813523527070546E-011   2.3463243660346277E-009   0.0000000000000000        1.6850758416520926E-002   2.0323066052891392E-011   6.7871538253819702E-011
   1.2999999999999943       -3.1679053819609477E-011   2.7816246497765913E-009   0.0000000000000000        1.5953374410665699E-002   2.4238964605359845E-011   8.0880636510208209E-011
   1.3049999999999942       -3.6018102223956526E-011   3.2975994630227371E-009   0.0000000000000000        1.5066376378735863E-002   2.8910889044429389E-011   9.6385558089163192E-011
   1.3099999999999941       -4.0872883092760041E-011   3.9091915374314500E-009   0.0000000000000000        1.4189931489513750E-002   3.4483601044436832E-011   1.1486363328920307E-010
   1.3149999999999940       -4.6284942165890287E-011   4.6341115743039944E-009   0.0000000000000000        1.3324211224338781E-002   4.1128792647385240E-011   1.3688074326424698E-010
   1.3199999999999938       -5.2293459605477314E-011   5.4933513947461403E-009   0.0000000000000000        1.2469391359517060E-002   4.9048352775941756E-011   1.6309830736852522E-010
   1.3249999999999937       -5.8932949459342751E-011   6.5117923329393650E-009   0.0000000000000000        1.1625651942897787E-002   5.8521152103325200E-011   1.9441926327369065E-010
   1.3299999999999936       -6.6230191085530605E-011   7.7189265578502220E-009   0.0000000000000000        1.0793177265083742E-002   6.9745265661735848E-011   2.3152867218917678E-010
   1.3349999999999935       -7.4200188131733881E-011   9.1497122853524844E-009   0.0000000000000000        9.9721558257008097E-003   8.3181812807504987E-011   2.7589128133359318E-010
   1.3399999999999934       -8.2840901648928430E-011   1.0845587721993216E-008   0.0000000000000000        9.1627802951111045E-003   9.9185135161516099E-011   3.2869505209896443E-010
   1.3449999999999933       -9.2126443855890751E-011   1.2855673172708560E-008   0.0000000000000000        8.3652474719092453E-003   1.1826192492296155E-010   3.9158104811837083E-010
   1.3499999999999932       -1.0199834557475806E-010   1.5238196176186605E-008   0.0000000000000000        7.5797582365002541E-003   1.4101756301858046E-010   4.6653396614177438E-010
   1.3549999999999931       -1.1235442054144964E-010   1.8062180954492150E-008   0.0000000000000000        6.8065175010136487E-003   1.6813437352850495E-010   5.5576827510256750E-010
   1.3599999999999930       -1.2303464017399620E-010   2.1409451055679633E-008   0.0000000000000000        6.0457341557673561E-003   2.0050661167404454E-010   6.6222393123478425E-010
   1.3649999999999929       -1.3380329874845419E-010   2.5377003038177205E-008   0.0000000000000000        5.2976210124537765E-003   2.3896221907304055E-010   7.8858217471999590E-010
   1.3699999999999928       -1.4432658621221834E-010   3.0079819638765049E-008   0.0000000000000000        4.5623947441812227E-003   2.8487326668385568E-010   9.3931331016045959E-010
   1.3749999999999927       -1.5414448794165231E-010   3.5654203369420117E-008   0.0000000000000000        3.8402758224682248E-003   3.3958425825231619E-010   1.1187727830539116E-009
   1.3799999999999926       -1.6263569025988136E-010   4.2261726239179278E-008   0.0000000000000000        3.1314884512498383E-003   4.0477558885352945E-010   1.3324607687492279E-009
   1.3849999999999925       -1.6897387860714410E-010   5.0093908690284665E-008   0.0000000000000000        2.4362604979236732E-003   4.8250266217212831E-010   1.5870053256465296E-009
   1.3899999999999924       -1.7207346124296842E-010   5.9377761335510846E-008   0.0000000000000000        1.7548234214313917E-003   5.7500193101423148E-010   1.8897374782805075E-009
   1.3949999999999922       -1.7052232244679350E-010   7.0382347226725881E-008   0.0000000000000000        1.0874121973410791E-003   6.8525129081243441E-010   2.2502698894881399E-009
   1.3999999999999921       -1.6249868999765995E-010   8.3426550805940923E-008   0.0000000000000000        4.3426523986971971E-004   8.1683755988762145E-010   2.6801236601771600E-009
   1.4049999999999920       -1.4566857379904667E-010   9.8888273128839418E-008   0.0000000000000000        0.0000000000000000        9.7354774840085672E-010   3.1916708909472372E-009
   1.4099999999999919       -1.1705947375530770E-010   1.1721531227056415E-007   0.0000000000000000        0.0000000000000000        1.1584912451702611E-009   3.7955224721611593E-009
   1.4149999999999918       -7.2905138899195094E-011   1.3893823403263162E-007   0.0000000000000000        0.0000000000000000        1.3821909069171885E-009   4.5242760029496913E-009
   1.4199999999999917       -8.4550545928256257E-012   1.6468559234435336E-007   0.0000000000000000        0.0000000000000000        1.6467539716531546E-009   5.3860102518959304E-009
   1.4249999999999916        8.2258997566656620E-011   1.9520192246354319E-007   0.0000000000000000        0.0000000000000000        1.9624003637925306E-009   6.4131905550088628E-009
   1.4299999999999915        2.0670856706270681E-010   2.3136900482752030E-007   0.0000000000000000        0.0000000000000000        2.3378424979455682E-009   7.6342453683778443E-009
   1.4349999999999914        3.7421754000223176E-010   2.7423098504737965E-007   0.0000000000000000        0.0000000000000000        2.7852467205586256E-009   9.0881273173881828E-009
   1.4399999999999913        5.9638803611422198E-010   3.2502403824177525E-007   0.0000000000000000        0.0000000000000000        3.3175553188621181E-009   1.0816756262362090E-008
   1.4449999999999912        8.8761950083352098E-010   3.8521138618925839E-007   0.0000000000000000        0.0000000000000000        3.9548804983130731E-009   1.2883794602106575E-008
   1.4499999999999911        1.2657406464333418E-009   4.5652461656722946E-007   0.0000000000000000        0.0000000000000000        4.7076142162874246E-009   1.5325340619115753E-008
   1.4549999999999910        1.7527779156117163E-009   5.4101241823838719E-007   0.0000000000000000        0.0000000000000000        5.6064419667267568E-009   1.8237740452243223E-008
   1.4599999999999909        2.3758889592723744E-009   6.4109803908439219E-007   0.0000000000000000        0.0000000000000000        6.6752644396981174E-009   2.1699031452840799E-008
   1.4649999999999908        3.1684953915904379E-009   7.5964699784020757E-007   0.0000000000000000        0.0000000000000000        7.9508807439657972E-009   2.5825641043315945E-008
   1.4699999999999906        4.1716559926209770E-009   9.0004684404109216E-007   0.0000000000000000        0.0000000000000000        9.4690112134862887E-009   3.0733507123980875E-008
   1.4749999999999905        5.4357297882891480E-009   1.0663010666752929E-006   0.0000000000000000        0.0000000000000000        1.1277795180745189E-008   3.6576596715612392E-008
   1.4799999999999904        7.0223883058918243E-009   1.2631396095059542E-006   0.0000000000000000        0.0000000000000000        1.3424533597875573E-008   4.3508270751892316E-008
   1.4849999999999903        9.0070480831098880E-009   1.4961488674359548E-006   0.0000000000000000        0.0000000000000000        1.5981358773896246E-008   5.1757600983807550E-008
   1.4899999999999902        1.1481808557391229E-008   1.7719245231260618E-006   0.0000000000000000        0.0000000000000000        1.9019822045216505E-008   6.1556981539363963E-008
   1.4949999999999901        1.4558997201505013E-008   2.0982511471305373E-006   0.0000000000000000        0.0000000000000000        2.2631344557921597E-008   7.3196758309599329E-008
   1.4999999999999900        1.8375443695431903E-008   2.4843131404652975E-006   0.0000000000000000        0.0000000000000000        2.6959613135475241E-008   8.7125011942854431E-008
   1.5049999999999899        2.3097628616108320E-008   2.9409423599451229E-006   0.0000000000000000        0.0000000000000000        3.2089045071721828E-008   1.0362921572808019E-007
   1.5099999999999898        2.8927880266371200E-008   3.4809086499999659E-006   0.0000000000000000        0.0000000000000000        3.8187123227988168E-008   1.2323838014038950E-007
   1.5149999999999897        3.6111826649651656E-008   4.1192605284333951E-006   0.0000000000000000        0.0000000000000000        4.5442017292711796E-008   1.4655124789167208E-007
   1.5199999999999896        4.4947349156945081E-008   4.8737244586269645E-006   0.0000000000000000        0.0000000000000000        5.4077386974138743E-008   1.7428109627767998E-007
   1.5249999999999895        5.5795331348828358E-008   5.7651725106632318E-006   0.0000000000000000        0.0000000000000000        6.4343466115304112E-008   2.0722731016876183E-007
   1.5299999999999894        6.9092551542098579E-008   6.8181697953478299E-006   0.0000000000000000        0.0000000000000000        7.6555572489809861E-008   2.4639356744663009E-007
   1.5349999999999893        8.5367133198323625E-008   8.0616148779586072E-006   0.0000000000000000        0.0000000000000000        9.1028038482240558E-008   2.9279543965543685E-007
   1.5399999999999892        1.0525704403077811E-007   9.5294884759139687E-006   0.0000000000000000        0.0000000000000000        1.0831103485835775E-007   3.4815362953792335E-007
   1.5449999999999890        1.2953222521356072E-007   1.1261728153119678E-005   0.0000000000000000        0.0000000000000000        1.2884053933309449E-007   4.1387181159736071E-007
   1.5499999999999889        1.5912103827998170E-007   1.3305249483723098E-005   0.0000000000000000        0.0000000000000000        1.5321244950017171E-007   4.9186251067415200E-007
   1.5549999999999888        1.9514184172180709E-007   1.5715137313028919E-005   0.0000000000000000        0.0000000000000000        1.8221285555308379E-007   5.8458913194357124E-007
   1.5599999999999887        2.3894065475026895E-007   1.8556034340147540E-005   0.0000000000000000        0.0000000000000000        2.1675000439497259E-007   6.9494167969770422E-007
   1.5649999999999886        2.9213603529584620E-007   2.1903758334891837E-005   0.0000000000000000        0.0000000000000000        2.5760302553898701E-007   8.2545205908987848E-007
   1.5699999999999885        3.5667249659536498E-007   2.5847183931422805E-005   0.0000000000000000        0.0000000000000000        3.0626897417999221E-007   9.8080299679045629E-007
   1.5749999999999884        4.3488401547801827E-007   3.0490430164344742E-005   0.0000000000000000        0.0000000000000000        3.6403098414892621E-007   1.1651105045307287E-006
   1.5799999999999883        5.2956944987988820E-007   3.5955400778696617E-005   0.0000000000000000        0.0000000000000000        4.3260221703798804E-007   1.3838089528066209E-006
   1.5849999999999882        6.4408198763965450E-007   4.2384730898291474E-005   0.0000000000000000        0.0000000000000000        5.1415180303063396E-007   1.6437368745867092E-006
   1.5899999999999881        7.8243509791719222E-007   4.9945200913351898E-005   0.0000000000000000        0.0000000000000000        6.1098379446675330E-007   1.9522279289902283E-006
   1.5949999999999880        9.4942785538534398E-007   5.8831686470970257E-005   0.0000000000000000        0.0000000000000000        7.2596269856433032E-007   2.3182968559601737E-006
   1.5999999999999879        1.1507929603432031E-006   6.9271722222957066E-005   0.0000000000000000        0.0000000000000000        8.6239894119559035E-007   2.7525680978642039E-006
   1.6049999999999878        1.3933712894215086E-006   8.1530766478481637E-005   0.0000000000000000        0.0000000000000000        1.0244424507816824E-006   3.2680088685731485E-006
   1.6099999999999877        1.6853173852531511E-006   9.5918264057207983E-005   0.0000000000000000        0.0000000000000000        1.2165840889016198E-006   3.8789943795210825E-006
   1.6149999999999876        2.0363409318728779E-006   1.1279461532245081E-004   0.0000000000000000        0.0000000000000000        1.4448107887342874E-006   4.6043489678280649E-006
   1.6199999999999875        2.4579899664454324E-006   1.3257917040315870E-004   0.0000000000000000        0.0000000000000000        1.7153546364301258E-006   5.4639874653217186E-006
   1.6249999999999873        2.9639823454093212E-006   1.5575937870774382E-004   0.0000000000000000        0.0000000000000000        2.0364728175990279E-006   6.4837522899761484E-006
   1.6299999999999872        3.5705928089276145E-006   1.8290123459667224E-004   0.0000000000000000        0.0000000000000000        2.4172311840020011E-006   7.6924272624959965E-006
   1.6349999999999871        4.2971038615386573E-006   2.1466116997688426E-004   0.0000000000000000        0.0000000000000000        2.8685967066433550E-006   9.1248144687253218E-006
   1.6399999999999870        5.1663295926662996E-006   2.5179955289741479E-004   0.0000000000000000        0.0000000000000000        3.4035694460260952E-006   1.0822091469712163E-005
   1.6449999999999869        6.2052224736336077E-006   2.9519595704113687E-004   0.0000000000000000        0.0000000000000000        4.0379442914716777E-006   1.2833933126229596E-005
   1.6499999999999868        7.4455740532450002E-006   3.4586636915577166E-004   0.0000000000000000        0.0000000000000000        4.7894457572200389E-006   1.5216579144122727E-005
   1.6549999999999867        8.9248212844236641E-006   4.0498249849909174E-004   0.0000000000000000        0.0000000000000000        5.6823357339802819E-006   1.8045428016226924E-005
   1.6599999999999866        1.0686970887134190E-005   4.7389334252582316E-004   0.0000000000000000        0.0000000000000000        6.7209182825391131E-006   2.1341572907623127E-005
   1.6649999999999865        1.2783654607204687E-005   5.5414914421608741E-004   0.0000000000000000        0.0000000000000000        7.9852728351832745E-006   2.5340213386038499E-005
   1.6699999999999864        1.5275328365380793E-005   6.4752784619126111E-004   0.0000000000000000        0.0000000000000000        9.4644259102660816E-006   3.0024672029721120E-005
   1.6749999999999863        1.8232627981871647E-005   7.5606410231047658E-004   0.0000000000000000        0.0000000000000000        1.1212674167054080E-005   3.5561157817363433E-005
   1.6799999999999862        2.1737893260434274E-005   8.8208084574639342E-004   0.0000000000000000        0.0000000000000000        1.3281482499411827E-005   4.2111480239953047E-005
   1.6849999999999861        2.5886870550228841E-005   1.0282233303966592E-003   0.0000000000000000        0.0000000000000000        1.5730465253699428E-005   4.9862601842941868E-005
   1.6899999999999860        3.0790601279063365E-005   1.1974954567090662E-003   0.0000000000000000        0.0000000000000000        1.8625272475546034E-005   5.9024854632627359E-005
   1.6949999999999859        3.6577500157796207E-005   1.3932980606753157E-003   0.0000000000000000        0.0000000000000000        2.2047369201089044E-005   6.9854046732070374E-005
   1.6999999999999857        4.3395621575858343E-005   1.6194686836251003E-003   0.0000000000000000        0.0000000000000000        2.6088582589507772E-005   8.2641893928411488E-005
   1.7049999999999856        5.1415105934515793E-005   1.8803221494145541E-003   0.0000000000000000        0.0000000000000000        3.0851113079257776E-005   9.7720466077049994E-005
   1.7099999999999855        6.0830789121115754E-005   2.1806910552855455E-003   0.0000000000000000        0.0000000000000000        3.6493212042999090E-005   1.1556858901493791E-004
   1.7149999999999854        7.1864947898482500E-005   2.5259650361874868E-003   0.0000000000000000        0.0000000000000000        4.3120877730982345E-005   1.3655702673638732E-004
   1.7199999999999853        8.4770141650860437E-005   2.9221273960832097E-003   0.0000000000000000        4.3158065540762540E-004   5.0971992953524949E-005   1.6139741647921315E-004
   1.7249999999999852        9.9832096815220150E-005   3.3757874241742026E-003   0.0000000000000000        1.2567830762860871E-003   6.0217864800433375E-005   1.9066503467232712E-004
   1.7299999999999851        1.1737256474833947E-004   3.8942064443538943E-003   0.0000000000000000        2.1104253202393923E-003   7.1069917603616090E-005   2.2503611523677175E-004
   1.7349999999999850        1.3775206728815383E-004   4.4853154030834123E-003   0.0000000000000000        2.9924330624254954E-003   8.3904500636541922E-005   2.6568095961656152E-004
   1.7399999999999849        1.6137242769471226E-004   5.1577216101693132E-003   0.0000000000000000        3.9027105478125585E-003   9.8975927976983417E-005   3.1342890278558943E-004
   1.7449999999999848        1.8867896913899967E-004   5.9207021392080001E-003   0.0000000000000000        4.8411398055985301E-003   1.1670087175013179E-004   3.6961102862989142E-004
   1.7499999999999847        2.2016224988692055E-004   6.7841814035856990E-003   0.0000000000000000        5.8075798553590945E-003   1.3752691853806496E-004   4.3564530279518299E-004
   1.7549999999999846        2.5635919550097571E-004   7.7586905844050386E-003   0.0000000000000000        6.8018659058368177E-003   1.6191613444185022E-004   5.1305866492028977E-004
   1.7599999999999845        2.9785348561960160E-004   8.8553069300646558E-003   0.0000000000000000        7.8238085473633749E-003   1.9067282245530627E-004   6.0430307457944011E-004
   1.7649999999999844        3.4527505805139245E-004   1.0085571497188717E-002   0.0000000000000000        8.8731929389851399E-003   2.2418053040012837E-004   7.1079427725731460E-004
   1.7699999999999843        3.9929860771495694E-004   1.1461384669703204E-002   0.0000000000000000        9.9497779914470980E-003   2.6352051236461119E-004   8.3586770390828259E-004
   1.7749999999999841        4.6064098357617397E-004   1.2994879768747861E-002   0.0000000000000000        1.1053295547277530E-002   3.0942920768454481E-004   9.8202832704595588E-004
   1.7799999999999840        5.3005742364281290E-004   1.4698276218854627E-002   0.0000000000000000        1.2183449559304362E-002   3.6318079301084102E-004   1.1532263622452551E-003
   1.7849999999999839        6.0833661570524960E-004   1.6583715006948045E-002   0.0000000000000000        1.3339915269030576E-002   4.2579155373629165E-004   1.3529615984394373E-003
   1.7899999999999838        6.9629462806079692E-004   1.8663080475452121E-002   0.0000000000000000        1.4522338386390046E-002   4.9889616153494219E-004   1.5863373429229007E-003
   1.7949999999999837        7.9476781680443284E-004   2.0947813722203851E-002   0.0000000000000000        1.5730334272508462E-002   5.8393394012884925E-004   1.8582462747872566E-003
   1.7999999999999836        9.0460488004779239E-004   2.3448723917602519E-002   0.0000000000000000        1.6963487127195934E-002   6.8254950292461760E-004   2.1741345620222589E-003
   1.8049999999999835        1.0266582893229570E-003   2.6175804572366995E-002   0.0000000000000000        1.8221349183005286E-002   7.9723028550213030E-004   2.5419900461405771E-003
   1.8099999999999834        1.1617753786527696E-003   2.9138062091250607E-002   0.0000000000000000        1.9503439907802452E-002   9.3003655939328373E-004   2.9687832104213848E-003
   1.8149999999999833        1.3107894067196819E-003   3.2343363753988844E-002   0.0000000000000000        2.0809245217904903E-002   1.0835290669674149E-003   3.4630971839860743E-003
   1.8199999999999832        1.4745109225471108E-003   3.5798311544796776E-002   0.0000000000000000        2.2138216703966915E-002   1.2608793213806150E-003   4.0353322368790884E-003
   1.8249999999999831        1.6537197570347351E-003   3.9508147030256464E-002   0.0000000000000000        2.3489770871903719E-002   1.4666842707153553E-003   4.7007114373020771E-003
   1.8299999999999830        1.8491579306314861E-003   4.3476690842847651E-002   0.0000000000000000        2.4863288401274813E-002   1.6988609682366273E-003   5.4549954151586720E-003
   1.8349999999999829        2.0615237128905812E-003   4.7706318393370882E-002   0.0000000000000000        2.6258113423670359E-002   1.9686535696280538E-003   6.3322286255536112E-003
   1.8399999999999828        2.2914669965196969E-003   5.2197971374596988E-002   0.0000000000000000        2.7673552823771538E-002   2.2773105750590245E-003   7.3392030827412183E-003
   1.8449999999999827        2.5395860627010105E-003   5.6951202609747585E-002   0.0000000000000000        2.9108875565890674E-002   2.6294306736620796E-003   8.4919683595217343E-003
   1.8499999999999825        2.8064257231094313E-003   6.1964250013954954E-002   0.0000000000000000        3.0563312048925477E-002   3.0308981687767276E-003   9.8107584845411704E-003
   1.8549999999999824        3.0924767348617568E-003   6.7234134016825112E-002   0.0000000000000000        3.2036053492800844E-002   3.4866510272751543E-003   1.1314083390031135E-002
   1.8599999999999823        3.3981763048000217E-003   7.2756771836765474E-002   0.0000000000000000        3.3526251359606754E-002   4.0041084751860625E-003   1.3027610613215012E-002
   1.8649999999999822        3.7239094350345896E-003   7.8527101546572733E-002   0.0000000000000000        3.5033016812779823E-002   4.5892238466911789E-003   1.4973027302836025E-002
   1.8699999999999821        4.0700108167166654E-003   8.4539208914702027E-002   0.0000000000000000        3.6555420217817838E-002   5.2481180712454544E-003   1.7174644936774227E-002
   1.8749999999999820        4.4367669556500903E-003   9.0786450490827716E-002   0.0000000000000000        3.8092490688153770E-002   5.9907564739935222E-003   1.9667649947911342E-002
   1.8799999999999819        4.8244182115661869E-003   9.7261567236648833E-002   0.0000000000000000        3.9643215679960778E-002   6.8213943936780925E-003   2.2471389030208910E-002
   1.8849999999999818        5.2331604508255910E-003  0.10395678407329534        0.0000000000000000        4.1206540639799352E-002   7.7506244948317704E-003   2.5624871129154951E-002
   1.8899999999999817        5.6631460467496840E-003  0.11086389191123430        0.0000000000000000        4.2781368709157969E-002   8.7875113883512726E-003   2.9163465565070563E-002
   1.8949999999999816        6.1144840086501404E-003  0.11797430994239438        0.0000000000000000        4.4366560490081322E-002   9.9401339871378423E-003   3.3120375395795973E-002
   1.8999999999999815        6.5872390755419260E-003  0.12527912712089204        0.0000000000000000        4.5960933876215714E-002   1.1217440847271859E-002   3.7533127478803809E-002
   1.9049999999999814        7.0814296692749768E-003  0.13276912277532824        0.0000000000000000        4.7563263953739873E-002   1.2629639881601771E-002   4.2444441447549906E-002
   1.9099999999999813        7.5970246606927661E-003  0.14043476714405370        0.0000000000000000        4.9172282976783444E-002   1.4183197153411431E-002   4.7886750388797535E-002
   1.9149999999999812        8.1339389584323425E-003  0.14826620328989590        0.0000000000000000        5.0786680422063031E-002   1.5900346786957280E-002   5.3929026848841606E-002
   1.9199999999999811        8.6920279809389218E-003  0.15625321233656880        0.0000000000000000        5.2405103127596935E-002   1.7778230116330774E-002   6.0590789674783381E-002
   1.9249999999999809        9.2710811167853579E-003  0.16438516429335842        0.0000000000000000        5.4026155520476217E-002   1.9833051209475837E-002   6.7930655046550520E-002
   1.9299999999999808        9.8708143157606506E-003  0.17265095692466104        0.0000000000000000        5.5648399938788153E-002   2.2073337837146059E-002   7.5989451626735940E-002
   1.9349999999999807        1.0490861983275845E-002  0.18103894520778760        0.0000000000000000        5.7270357052896473E-002   2.4513944599919169E-002   8.4829467758737578E-002
   1.9399999999999806        1.1130768373689212E-002  0.18953686393779431        0.0000000000000000        5.8890506391383386E-002   2.7167051060244148E-002   9.4502619652061193E-002
   1.9449999999999805        1.1789978694689070E-002  0.19813174601099762        0.0000000000000000        6.0507286977051621E-002   3.0042632130269260E-002  0.10505916602012469     
   1.9499999999999804        1.2467830145540685E-002  0.20680983887381044        0.0000000000000000        6.2119098078465690E-002   3.3157380804104332E-002  0.11656187806219262     
   1.9549999999999803        1.3163543117490711E-002  0.21555652157944910        0.0000000000000000        6.3724300082586005E-002   3.6516891869326031E-002  0.12905174885130857     
   1.9599999999999802        1.3876212785580452E-002  0.22435622486432291        0.0000000000000000        6.5321215494105495E-002   4.0153272634645465E-002  0.14263590650733265     
   1.9649999999999801        1.4604801318133085E-002  0.23319235664482196        0.0000000000000000        6.6908130067146090E-002   4.4052438732461431E-002  0.15730079670651823     
   1.9699999999999800        1.5348130923739930E-002  0.24204723534378011        0.0000000000000000        6.8483294075003448E-002   4.8261781247857974E-002  0.17319486290313488     
   1.9749999999999799        1.6104877946076731E-002  0.25090203347879664        0.0000000000000000        7.0044923723641045E-002   5.2778232876001425E-002  0.19032741096967976     
   1.9799999999999798        1.6873568204646628E-002  0.25973673397162383        0.0000000000000000        7.1591202714633276E-002   5.7633643387557755E-002  0.20880782815385415     
   1.9849999999999797        1.7652573764815611E-002  0.26853010165489744        0.0000000000000000        7.3120283963232516E-002   6.2843185160341028E-002  0.22869335905033059     
   1.9899999999999796        1.8440111303473384E-002  0.27725967244275035        0.0000000000000000        7.4630291477193800E-002   6.8415714850358925E-002  0.25003129484298431     
   1.9949999999999795        1.9234242217477823E-002  0.28590176257682404        0.0000000000000000        7.6119322401919973E-002   7.4421117698650049E-002  0.27301635695868126     
   1.9999999999999793        2.0032874600867539E-002  0.29443150024026249        0.0000000000000000        7.7585449237403639E-002   8.0819427795683893E-002  0.29756178675627282     
   2.0049999999999795        2.0833767193795878E-002  0.30282288163222226        0.0000000000000000        7.9026722232320309E-002   8.7684377962537641E-002  0.32387191791552411     
   2.0099999999999794        2.1634535381404023E-002  0.31104885330006560        0.0000000000000000        8.0441171960483893E-002   9.5018763060393016E-002  0.35196895281838952     
   2.0149999999999793        2.2432659294572548E-002  0.31908142212610319        0.0000000000000000        8.1826812084699815E-002  0.10286494328411089       0.38196929380147748     
   2.0199999999999791        2.3225494036867002E-002  0.32689179385710437        0.0000000000000000        8.3181642312838255E-002  0.11127007136148266       0.41399751285989878     
   2.0249999999999790        2.4010282033235075E-002  0.33445054045155104        0.0000000000000000        8.4503651550714903E-002  0.12024917307236109       0.44810682220253339     
   2.0299999999999789        2.4784167466368471E-002  0.34172779581359408        0.0000000000000000        8.5790821256079466E-002  0.12984561217748228       0.48439653114253989     
   2.0349999999999788        2.5544212736383548E-002  0.34869347870372969        0.0000000000000000        8.7041128997701042E-002  0.14010717495260230       0.52300663839577377     
   2.0399999999999787        2.6287416848899816E-002  0.35531754079175554        0.0000000000000000        8.8252552223178946E-002  0.15106459608212125       0.56396195646019942     
   2.0449999999999786        2.7010735606035279E-002  0.36157023698123847        0.0000000000000000        8.9423072238706144E-002  0.16275610145352917       0.60738975954545738     
   2.0499999999999785        2.7711103444634250E-002  0.36742241432423628        0.0000000000000000        9.0550678403569215E-002  0.17524381031059880       0.65342234445478442     
   2.0549999999999784        2.8385456736577771E-002  0.37284581509994841        0.0000000000000000        9.1633372541674599E-002  0.18857508295224168       0.70217215886496975     
   2.0599999999999783        2.9030758337676172E-002  0.37781338898942141        0.0000000000000000        9.2669173571851254E-002  0.20281945065888055       0.75379391602260903     
   2.0649999999999782        2.9644023144826347E-002  0.38229960877464381        0.0000000000000000        9.3656122358084806E-002  0.21796665511582469       0.80817556058898721     
   2.0699999999999781        3.0222344396232385E-002  0.38628078365139717        0.0000000000000000        9.4592286780196821E-002  0.23414260512702820       0.86567080551153286     
   2.0749999999999780        3.0762920426976877E-002  0.38973536408950155        0.0000000000000000        9.5475767024778099E-002  0.25137094183186653       0.92628250010701618     
   2.0799999999999779        3.1263081572499907E-002  0.39264423220937239        0.0000000000000000        9.6304701095431267E-002  0.26971960348473467       0.99011286473165383     
   2.0849999999999778        3.1720316896033829E-002  0.39499097186733206        0.0000000000000000        9.7077270540561700E-002  0.28924264491971846        1.0572572267201310     
   2.0899999999999777        3.2132300403149808E-002  0.39676211304056996        0.0000000000000000        9.7791706396078135E-002  0.31001429957210647        1.1278566880959480     
   2.0949999999999775        3.2496916397708346E-002  0.39794734565405449        0.0000000000000000        9.8446295339432902E-002  0.33210764813032612        1.2020131716635782     
   2.0999999999999774        3.2812283629037875E-002  0.39853969866711697        0.0000000000000000        9.9039386050427614E-002  0.35558808291411265        1.2798253405158300     
   2.1049999999999773        3.3076777880432652E-002  0.39853568100364933        0.0000000000000000        9.9569395773152519E-002  0.38054799017411006        1.3614356926828273     
   2.1099999999999772        3.3289052654370883E-002  0.39793538173218773        0.0000000000000000       0.10003481707229957       0.40705318527704815        1.4469258766906659     
   2.1149999999999771        3.3448057620443637E-002  0.39674252774666668        0.0000000000000000       0.10043422477590089       0.43519166080617327        1.5363877112811273     
   2.1199999999999770        3.3553054508053064E-002  0.39496449803479861        0.0000000000000000       0.10076628309529211       0.46507000835702783        1.6299957403128364     
   2.1249999999999769        3.3603630147583913E-002  0.39261229442287965        0.0000000000000000       0.10102975291178115       0.49671754241270660        1.7276766451921952     
   2.1299999999999768        3.3599706391020098E-002  0.38970046943343484        0.0000000000000000       0.10122349921812600       0.53026477782428982        1.8296454851977306     
   2.1349999999999767        3.3541546675788132E-002  0.38624701257153043        0.0000000000000000       0.10134649870148565       0.56589330622212075        1.9361852621399245     
   2.1399999999999766        3.3429759033806725E-002  0.38227319695899353        0.0000000000000000       0.10139784745300875       0.60350764717925576        2.0469212401806507     
   2.1449999999999765        3.3265295391019495E-002  0.37780338876052050        0.0000000000000000       0.10137676878767171       0.64319929290601086        2.1616507948320174     
   2.1499999999999764        3.3049447050688602E-002  0.37286482229335710        0.0000000000000000       0.10128262115636975       0.68538511980010552        2.2817108253171514     
   2.1549999999999763        3.2783836305908379E-002  0.36748734408755118        0.0000000000000000       0.10111490613061060       0.73065553718847909        2.4080280014346473     
   2.1599999999999762        3.2470404182517024E-002  0.36170312947330380        0.0000000000000000       0.10087327643845861       0.77763156013351042        2.5368535325088617     
   2.1649999999999761        3.2111394372056491E-002  0.35554637552268936        0.0000000000000000       0.10055754402864302       0.82754758305641352        2.6713602305381370     
   2.1699999999999759        3.1709333474779243E-002  0.34905297437213273        0.0000000000000000       0.10016768813797312       0.88061543316160795        2.8111218015351969     
   2.1749999999999758        3.1267007733903486E-002  0.34226017110517021        0.0000000000000000        9.9703863335411799E-002  0.93648249142858730        2.9557658285350192     
   2.1799999999999757        3.0787436503282865E-002  0.33520621048681970        0.0000000000000000        9.9166407514351990E-002  0.99552683315708201        3.1050453349645570     
   2.1849999999999756        3.0273842750184542E-002  0.32792997691380193        0.0000000000000000        9.8555849802828624E-002   1.0575984412696338        3.2588919017498963     
   2.1899999999999755        2.9729620951711933E-002  0.32047063197997905        0.0000000000000000        9.7872918359591707E-002   1.1236267970761962        3.4189265608209114     
   2.1949999999999754        2.9158302796275275E-002  0.31286725405289212        0.0000000000000000        9.7118548022178841E-002   1.1930866380296377        3.5834695593488353     
   2.1999999999999753        2.8563521149097749E-002  0.30515848421330383        0.0000000000000000        9.6293887771369976E-002   1.2665801249665922        3.7535115122719573     
   2.2049999999999752        2.7948972781780150E-002  0.29738218282231610        0.0000000000000000        9.5400307974697229E-002   1.3441193573119516        3.9285743726557931     
   2.2099999999999751        2.7318380399202345E-002  0.28957510084666244        0.0000000000000000        9.4439407370037823E-002   1.4259782069643478        4.1087534620076012     
   2.2149999999999750        2.6675454521399675E-002  0.28177256988895610        0.0000000000000000        9.3413019748754392E-002   1.5124911441202089        4.2944175313555091     
   2.2199999999999749        2.6023855792522452E-002  0.27400821463328734        0.0000000000000000        9.2323220296383152E-002   1.6037550433070025        4.4849914804370767     
   2.2249999999999748        2.5367158292752080E-002  0.26631369112581699        0.0000000000000000        9.1172331547528157E-002   1.7002067168255859        4.6809886830263148     
   2.2299999999999747        2.4708814421494505E-002  0.25871845396433157        0.0000000000000000        8.9962928910426260E-002   1.8020630906047495        4.8821640578215577     
   2.2349999999999746        2.4052121900937959E-002  0.25124955507115049        0.0000000000000000        8.8697845715617216E-002   1.9095570822582062        5.0882608023673885     
   2.2399999999999745        2.3400193418056513E-002  0.24393147627310002        0.0000000000000000        8.7380177742321416E-002   2.0232557461408609        5.2999545825003960     
   2.2449999999999743        2.2755929380557587E-002  0.23678599741500672        0.0000000000000000        8.6013287175516859E-002   2.1433378682379725        5.5166564577724069     
   2.2499999999999742        2.2121994208639147E-002  0.22983210119592645        0.0000000000000000        8.4600805946349902E-002   2.2702099820932666        5.7384857675527616     
   2.2549999999999741        2.1500796520565010E-002  0.22308591534828384        0.0000000000000000        8.3146638408433435E-002   2.4043912331824866        5.9657938409687210     
   2.2599999999999740        2.0894473497153444E-002  0.21656069218931440        0.0000000000000000        8.1654963302826622E-002   2.5461754661765372        6.1981733159892300     
   2.2649999999999739        2.0304879629758462E-002  0.21026682497297186        0.0000000000000000        8.0130234965070532E-002   2.6961008840088083        6.4356516711657541     
   2.2699999999999738        1.9733579969951721E-002  0.20421189987128954        0.0000000000000000        7.8577183728621103E-002   2.8545761176407840        6.6781220030682134     
   2.2749999999999737        1.9181847908885490E-002  0.19840078183040996        0.0000000000000000        7.7000815480401621E-002   3.0223609940680332        6.9263230501031625     
   2.2799999999999736        1.8650667422410734E-002  0.19283573199159715        0.0000000000000000        7.5406410326028656E-002   3.1996911959044869        7.1793192032599418     
   2.2849999999999735        1.8140739626786855E-002  0.18751655385519264        0.0000000000000000        7.3799520324593082E-002   3.3874451314763183        7.4379221869415035     
   2.2899999999999734        1.7652493401650697E-002  0.18244076490854602        0.0000000000000000        7.2185966255722822E-002   3.5861967514776842        7.7015652794425211     
   2.2949999999999733        1.7186099754225467E-002  0.17760379004945526        0.0000000000000000        7.0571833385066160E-002   3.7963589530775672        7.9702498682818250     
   2.2999999999999732        1.6741489523875282E-002  0.17299917282506289        0.0000000000000000        6.8963466198345175E-002   4.0188619169379969        8.2442970050718127     
   2.3049999999999731        1.6318373961221922E-002  0.16861880028113521        0.0000000000000000        6.7367462078769882E-002   4.2544482908558834        8.5236849030333559     
   2.3099999999999730        1.5916267663056989E-002  0.16445313708448309        0.0000000000000000        6.5790663907913133E-002   4.5039502352843108        8.8084660941647908     
   2.3149999999999729        1.5534513304830402E-002  0.16049146454591506        0.0000000000000000        6.4240151576153190E-002   4.7680940004274053        9.0984874714743036     
   2.3199999999999728        1.5172307587775323E-002  0.15672212023347265        0.0000000000000000        6.2723232395521647E-002   5.0479145836241148        9.3940318717737465     
   2.3249999999999726        1.4828727808536271E-002  0.15313273402409361        0.0000000000000000        6.1247430415279476E-002   5.3444430832079508        9.6954402381535711     
   2.3299999999999725        1.4502758465766820E-002  0.14971045669147129        0.0000000000000000        5.9820474648797015E-002   5.6582124192155305        10.001352173681413     
   2.3349999999999724        1.4193317340332457E-002  0.14644217746125993        0.0000000000000000        5.8450286229353360E-002   5.9909204892182624        10.313389656224476     
   2.3399999999999723        1.3899280522730035E-002  0.14331472737179074        0.0000000000000000        5.7144964522313393E-002   6.3435105340086944        10.631140130473524     
   2.3449999999999722        1.3619505911849092E-002  0.14031506574669028        0.0000000000000000        5.5912772231770644E-002   6.7170728270465885        10.954358599474618     
   2.3499999999999721        1.3352854771509501E-002  0.13743044760098358        0.0000000000000000        5.4762119551181855E-002   7.1131374681917308        11.283450900129129     
   2.3549999999999720        1.3098211003152876E-002  0.13464857034871613        0.0000000000000000        5.3701547419724056E-002   7.5328452560246717        11.618057437249027     
   2.3599999999999719        1.2854497872143050E-002  0.13195769874139446        0.0000000000000000        5.2739709959075953E-002   7.9782956910545542        11.959503381180909     
   2.3649999999999718        1.2620692008593405E-002  0.12934676752587240        0.0000000000000000        5.1885356179010619E-002   8.4503732575401074        12.306502521442297     
   2.3699999999999717        1.2395834588611373E-002  0.12680546185143760        0.0000000000000000        5.1147311054548526E-002   8.9510971056671167        12.659437551636893     
   2.3749999999999716        1.2179039685413600E-002  0.12432427596340535        0.0000000000000000        5.0534456092395409E-002   9.4824079978006299        13.018890092595427     
   2.3799999999999715        1.1969499859129809E-002  0.12189455118083931        0.0000000000000000        5.0055709519905289E-002   10.046310529477681        13.384907202073972     
   2.3849999999999714        1.1766489126678516E-002  0.11950849455738990        0.0000000000000000        4.9720006245772483E-002   10.644632323597760        13.756963306556051     
   2.3899999999999713        1.1569363516605938E-002  0.11715917995751869        0.0000000000000000        4.9536277757972820E-002   11.279965429329247        14.135903933405286     
   2.3949999999999712        1.1377559466392727E-002  0.11484053353920802        0.0000000000000000        4.9513432141010394E-002   11.954603652985233        14.521600459808555     
   2.3999999999999710        1.1190590360100405E-002  0.11254730581522111        0.0000000000000000        4.9660334411154333E-002   12.671530138644441        14.914704769564672     
   2.4049999999999709        1.1008041531562105E-002  0.11027503256768310        0.0000000000000000        4.9985787384915832E-002   13.433015073880036        15.314221547061088     
   2.4099999999999708        1.0829564072392417E-002  0.10801998691775695        0.0000000000000000        5.0498513312343896E-002   14.242074023149501        15.721026045564031     
   2.4149999999999707        1.0654867785243967E-002  0.10577912480862905        0.0000000000000000        5.1207136522633159E-002   15.103975889769920        16.137217419465738     
   2.4199999999999706        1.0483713611848784E-002  0.10355002605349276        0.0000000000000000        5.2120167344830631E-002   16.019780945512085        16.559287673202981     
   2.4249999999999705        1.0315905843806645E-002  0.10133083294010611        0.0000000000000000        5.3245987580899067E-002   16.994528275303203        16.989463935078941     
   2.4299999999999704        1.0151284393546811E-002   9.9120188180594829E-002   0.0000000000000000        5.4592837821812748E-002   18.032511831277208        17.428124701588942     
   2.4349999999999703        9.9897173654293781E-003   9.6917173761083580E-002   0.0000000000000000        5.6168806909509393E-002   19.138228953462900        17.875003034588662     
   2.4399999999999702        9.8310941247483873E-003   9.4721251992246194E-002   0.0000000000000000        5.7981823858163833E-002   20.316606919700991        18.330387107082295     
   2.4449999999999701        9.6753190176963200E-003   9.2532209800481643E-002   0.0000000000000000        6.0039652557163994E-002   21.573326866831668        18.794550374017625     
   2.4499999999999700        9.5223058503182637E-003   9.0350107040790495E-002   0.0000000000000000        6.2349889585141691E-002   22.913943763859475        19.267789120515634     
   2.4549999999999699        9.3719731911110511E-003   8.8175229365941035E-002   0.0000000000000000        6.4919965469240559E-002   24.345345421850670        19.750268299888479     
   2.4599999999999698        9.2242405219282002E-003   8.6008045959944796E-002   0.0000000000000000        6.7757149726320770E-002   25.874319719849186        20.242406172689748     
   2.4649999999999697        9.0790252266133471E-003   8.3849172243270750E-002   0.0000000000000000        7.0868560022872784E-002   27.508903465539301        20.743752554097576     
   2.4699999999999696        8.9362403772814160E-003   8.1699337486596094E-002   0.0000000000000000        7.4261175787949635E-002   29.257314621505930        21.255281710359803     
   2.4749999999999694        8.7957932549862922E-003   7.9559357131496408E-002   0.0000000000000000        7.7941856608417806E-002   31.128898547426196        21.777020604641240     
   2.4799999999999693        8.6575845248211616E-003   7.7430109510637363E-002   0.0000000000000000        8.1917365728314331E-002   33.133893315531573        22.309366007212880     
   2.4849999999999692        8.5215079751154773E-003   7.5312516585639838E-002   0.0000000000000000        8.6194398964245175E-002   35.283417180252549        22.852456199420939     
   2.4899999999999691        8.3874507258056442E-003   7.3207528275321648E-002   0.0000000000000000        9.0779619336842005E-002   37.589728749599558        23.405998241230940     
   2.4949999999999690        8.2552938115241399E-003   7.1116109927064866E-002   0.0000000000000000        9.5679697704683042E-002   40.066526620417335        23.971616182813722     
   2.4999999999999689        8.1249130495504047E-003   6.9039232485484200E-002   0.0000000000000000       0.10090135967240055        42.728750948614255        24.547227480744162     
   2.5049999999999688        7.9961801105001215E-003   6.6977864930999914E-002   0.0000000000000000       0.10645143902962967        45.592833050955392        25.135347992098076     
   2.5099999999999687        7.8689637194765613E-003   6.4932968591876430E-002   0.0000000000000000       0.11233693796301196        48.676908218924467        25.734966522278818     
   2.5149999999999686        7.7431309264188392E-003   6.2905492972633967E-002   0.0000000000000000       0.11856509427081406        52.001484252350828        26.346524455100418     
   2.5199999999999685        7.6185483957106996E-003   6.0896372785672455E-002   0.0000000000000000       0.12514345580036146        55.588870833079262        26.970035128591931     
   2.5249999999999684        7.4950836760599654E-003   5.8906525918317479E-002   0.0000000000000000       0.13207996232416627        59.463797997201837        27.606010498748436     
   2.5299999999999683        7.3726064217093474E-003   5.6936852111776501E-002   0.0000000000000000       0.13938303507346403        63.654064781411584        28.254321770411504     
   2.5349999999999682        7.2509895448280440E-003   5.4988232169782054E-002   0.0000000000000000       0.14706167416036831        68.189881053617540        28.915890793649417     
   2.5399999999999681        7.1301102862869276E-003   5.3061527551793435E-002   0.0000000000000000       0.15512556414485959        73.107622989506808        29.588877341703327     
   2.5449999999999680        7.0098511978873524E-003   5.1157580237835058E-002   0.0000000000000000       0.16358518804376007        78.443694881565364        30.275185613701233     
   2.5499999999999678        6.8901010335672098E-003   4.9277212779152188E-002   0.0000000000000000       0.17245195013949158        84.242125342779474        30.974176485209945     
   2.5549999999999677        6.7707555503008117E-003   4.7421228471029218E-002   0.0000000000000000       0.18173830803127144        90.551266504210489        31.685946928507416     
   2.5599999999999676        6.6517182215459934E-003   4.5590411601733841E-002   0.0000000000000000       0.19145791448548019        97.425536166811781        32.410050533256616     
   2.5649999999999675        6.5329008673909788E-003   4.3785527745181449E-002   0.0000000000000000       0.20162576979101671        104.92532491146854        33.147423010733249     
   2.5699999999999674        6.4142242062458698E-003   4.2007324075208186E-002   0.0000000000000000       0.21225838551617998        113.11996353601624        33.897272426038143     
   2.5749999999999673        6.2956183331964420E-003   4.0256529686903859E-002   0.0000000000000000       0.22337396080353614        122.08823655839670        34.659424061179784     
   2.5799999999999672        6.1770231301789009E-003   3.8533855915935070E-002   0.0000000000000000       0.23499257263712775        131.91761427197136        35.434000435750271     
   2.5849999999999671        6.0583886130611414E-003   3.6839996650655821E-002   0.0000000000000000       0.24713638188243250        142.70848834034427        36.220713893546368     
   2.5899999999999670        5.9396752206448879E-003   3.5175628634565886E-002   0.0000000000000000       0.25982985734567127        154.57542349913132        37.018958839761417     
   2.5949999999999669        5.8208540505942192E-003   3.3541411758645952E-002   0.0000000000000000       0.27310002063963285        167.64764683350296        37.828927351782589     
   2.5999999999999668        5.7019070474040130E-003   3.1937989344598995E-002   0.0000000000000000       0.28697671529531782        182.07370967960071        38.649947823991269     
   2.6049999999999667        5.5828271477748499E-003   3.0365988421248883E-002   0.0000000000000000       0.30149290434330550        198.02537223546062        39.481355917052440     
   2.6099999999999666        5.4636183891856229E-003   2.8826019997476415E-002   0.0000000000000000       0.31668500153192986        215.69826137477523        40.322842593742941     
   2.6149999999999665        5.3442959880746167E-003   2.7318679336224821E-002   0.0000000000000000       0.33259324248358563        235.31584544294313        41.173374339990247     
   2.6199999999999664        5.2248863948889963E-003   2.5844546235393652E-002   0.0000000000000000       0.34926210345740277        257.14043263215092        42.032428962928577     
   2.6249999999999662        5.1054273343833518E-003   2.4404185322957572E-002   0.0000000000000000       0.36674077703935265        281.47377031392705        42.898966446732977     
   2.6299999999999661        4.9859678410101964E-003   2.2998146375472692E-002   0.0000000000000000       0.38508371608890268        308.66594852017073        43.771633092388910     
   2.6349999999999660        4.8665683011465235E-003   2.1626964671398782E-002   0.0000000000000000       0.40435125972524782        339.12380132474965        44.649219572015475     
   2.6399999999999659        4.7473005163761713E-003   2.0291161393470127E-002   0.0000000000000000       0.42461035815564985        373.32581053105054        45.530288428670332     
   2.6449999999999658        4.6282478052951615E-003   1.8991244097870202E-002   0.0000000000000000       0.44593541689236998        411.83622477791738        46.412780620034212     
   2.6499999999999657        4.5095051656029997E-003   1.7727707272411530E-002   0.0000000000000000       0.46840928558586958        455.30494496167881        47.294686662817206     
   2.6549999999999656        4.3911795239750251E-003   1.6501033011570035E-002   0.0000000000000000       0.49212442260617500        504.52312766817226        48.172970503353113     
   2.6599999999999655        4.2733901089445758E-003   1.5311691843466251E-002   0.0000000000000000       0.51718427401931011        560.39245260472740        49.049182954479583     
   2.6649999999999654        4.1562689925655760E-003   1.4160143753242158E-002   0.0000000000000000       0.54370491525964815        624.02608389441741        49.908717351826361     
   2.6699999999999653        4.0399618611682304E-003   1.3046839459489472E-002   0.0000000000000000       0.57181701631825244        696.73330965610535        50.756692638894847     
   2.6749999999999652        3.9246290958277743E-003   1.1972222016478665E-002   0.0000000000000000       0.60166820765796070        780.06175212181961        51.586168213756459     
   2.6799999999999651        3.8104472719131285E-003   1.0936728836393237E-002   0.0000000000000000       0.63342594573572275        875.91352785116237        52.390514877217356     
   2.6849999999999650        3.6976112283615766E-003   9.9407942547323526E-003   0.0000000000000000       0.66728100595074191        986.54468414178405        53.162025282544178     
   2.6899999999999649        3.5863369175633841E-003   8.9848528016771533E-003   0.0000000000000000       0.70345176988697122        1114.7100716001817        53.892513324378150     
   2.6949999999999648        3.4768653361598222E-003   8.0693433972495766E-003   0.0000000000000000       0.74218952699663876        1263.7365484513471        54.570557087111773     
   2.6999999999999647        3.3694679723692976E-003   7.1947147657885320E-003   0.0000000000000000       0.78378508441776884        1437.6738669684855        55.182594934810083     
   2.7049999999999645        3.2644544145501160E-003   6.3614324769400033E-003   0.0000000000000000       0.82857708142952324        1641.4319352708371        55.711297019425501     
   2.7099999999999644        3.1621830964621619E-003   5.5699881840867793E-003   0.0000000000000000       0.87696255074040697        1881.0707895082464        56.135435788947142     
   2.7149999999999643        3.0630766917193377E-003   4.8209118765826101E-003   0.0000000000000000       0.92941047834960522        2163.7713930762770        56.427520782787433     
   2.7199999999999642        2.9676445678455490E-003   4.1147883393015646E-003   0.0000000000000000       0.98647942004493805        2498.4960249192159        56.554077167898086     
   2.7249999999999641        2.8765162624586819E-003   3.4522796090041747E-003   0.0000000000000000        1.0488406884705850        2895.6257467627647        56.474183833888510     
   2.7299999999999640        2.7904927310693963E-003   2.8341561893556778E-003   0.0000000000000000        1.1173093166300441        3367.2746717588293        56.139347388823687     
   2.7349999999999639        2.7106273451950576E-003   2.2613414321040509E-003   0.0000000000000000        1.1928860771239642        3926.7267170774035        55.492749023695033     
   2.7399999999999638        2.6383589493460835E-003   1.7349763992619001E-003   0.0000000000000000        1.2768155427287462        4586.1499508368752        54.459982728591399     
   2.7449999999999637        2.5757409780341727E-003   1.2565179252372032E-003   0.0000000000000000        1.3706679612055921        5352.9654747772165        52.936903085048435     
   2.7499999999999636        2.5258596885764477E-003   8.2789327929155842E-004   0.0000000000000000        1.4764574125734322        6225.2934741038862        50.776135503116286     
   2.7549999999999635        2.4936561563866852E-003   4.5175760829548479E-004   0.0000000000000000        1.5968169083837047        7202.2538366519275        47.780216698938318     
   2.7599999999999634        2.4877055953791468E-003   1.3195386821920289E-004   0.0000000000000000        1.7352659688289542        8309.6730095376824        43.625098685373224     
   2.7649999999999633        2.5246126354624920E-003  -1.2558193576691520E-004   0.0000000000000000        1.8966345216387535        9337.0124711663866        37.704994721021521     
