Z,A,E0,ThetaDeg,nu,cross,error,dataSet,normalization,normError,system_err,nu_min,nu_max,normCross,normCrossError,Veff,ThetaRad,sin2(T/2),cos2(T/2),tan2(T/2),Ex,W2original,Ffoc2,Ep,E0original,R,Q2,qv2,qv,W2,epsilon,gamma,Sig_R,D_sig_R,Sig_mott,Hcc,Hcc_Sig(nb),Hcc_error(nb),Hcc_Sig(GeV),Hcc_error(GeV),RT_QD_data,qvbin,qvcenter,Q2bin,Q2center,Exbin_qv,Excenter_qv,nucenter_ex_qv,epcenter_ex_qv,W2bin_qv,W2center_qv,nucenter_w2_qv,epcenter_w2_qv,Exbin_q2,Excenter_q2,nucenter_ex_q2,epcenter_ex_q2,W2bin_q2,W2center_q2,nucenter_w2_q2,epcenter_w2_q2,RL_qvc_ex,RT_qvc_ex,RL_qvd_ex,RT_qvd_ex,bc_qv_ex,RL_qvc_w2,RT_qvc_w2,RL_qvd_w2,RT_qvd_w2,bc_qv_w2,RL_q2c_ex,RT_q2c_ex,RL_q2d_ex,RT_q2d_ex,bc_q2_ex,RL_q2c_w2,RT_q2c_w2,RL_q2d_w2,RT_q2d_w2,bc_q2_w2
20,40,0.1674,60.0,0.0375,312000.0,35725.7610108491,1,0.9042,0.03,0.05,0.0353,1000.0,282110.4,33631.95607010102,0.0074,1.0471975511965976,0.24999999999999994,0.7500000000000001,0.3333333333333333,0.03715720186739282,0.9311266975290001,1.0946390624999998,0.1299,0.16,4.01341260817504,0.021745259999999992,0.023151509999999993,0.1521562026340037,0.9289814375290001,0.5848707355646645,0.0008234621619663304,342590604.6810381,43384824.05255902,0.006240393024436977,106.23738780635684,29970671.969006453,3572971.159705679,76.97042666307767,9.176074360355239,0.0008860829512417614,"[0.124,0.158]",0.148,"[0.015,0.025]",0.02,0.0,0.0,0.0,0.0,0.0,0.937820177529,0.04138213193623397,0.5803130229596923,0.0,0.0,0.0,0.0,0.0,0.937820177529,0.041280072537523735,0.5802254031515314,2.628691e-08,9.972801e-10,0.02235482,0.010807692951241763,1.0,0.01907354,0.010297273428050934,0.0222953,0.010809534951241762,0.8861224680823252,2.702078e-08,1.446704e-09,0.02231543,0.01080796195124176,1.0,0.01898044,0.01023762990852476,0.0222953,0.010809534951241762,0.8815442813896112
20,40,0.1674,60.0,0.0425,231000.0,31300.079873466864,1,0.9042,0.03,0.05,0.0353,1000.0,208870.2,29137.63247227931,0.0074,1.0471975511965976,0.24999999999999994,0.7500000000000001,0.3333333333333333,0.04215720186739282,0.941309427529,1.0946390624999998,0.1249,0.16,4.01341260817504,0.020908259999999994,0.022714509999999993,0.15071333716695412,0.9392011675290001,0.5799590952883764,0.0009848793678429338,212076937.3587996,31780622.98332005,0.006240393024436977,109.68730905567854,22910410.17992139,3196028.4981376757,58.83832195682085,8.208013400013444,0.0011494004412076042,"[0.124,0.158]",0.148,"[0.015,0.025]",0.02,0.0,0.0,0.0,0.0,0.0,0.937820177529,0.04138213193623397,0.5803130229596923,0.0,0.0,0.0,0.0,0.0,0.937820177529,0.041280072537523735,0.5802254031515314,2.628691e-08,9.972801e-10,0.01906944,0.010475185441207603,1.0,0.01907354,0.010297273428050934,0.01898004,0.010449207441207604,0.9982213399520538,2.702078e-08,1.446704e-09,0.01901518,0.010458579441207604,1.0,0.01898044,0.01023762990852476,0.01898004,0.010449207441207604,0.9930639900150392
20,40,0.1674,60.0,0.0475,179000.0,29277.380343012723,1,0.9042,0.03,0.05,0.0353,1000.0,161851.8,27011.77220372143,0.0074,1.0471975511965976,0.24999999999999994,0.7500000000000001,0.3333333333333333,0.04715720186739282,0.9514921575290001,1.0946390624999998,0.1199,0.16,4.01341260817504,0.020071259999999997,0.02232751,0.1494239271335083,0.949420897529,0.5741820255404849,0.0011402430825753324,141944996.1796255,25676437.586349886,0.006240393024436977,113.85941860989995,18428351.8489658,3075544.678738778,47.3275376000599,7.898587872460356,0.0014229537429873383,"[0.124,0.158]",0.148,"[0.015,0.025]",0.02,0.0,0.0,0.0,0.0,1.0,0.9578201775290001,0.051537172471974535,0.5686140723757764,0.0,0.0,0.0,0.0,1.0,0.9578201775290001,0.051937951427782764,0.5692864193006395,2.628691e-08,9.972801e-10,0.0160118,0.009410789742987338,1.0,0.01382141,0.008228891488376331,0.01593956,0.009369716742987338,0.8731216796101375,2.702078e-08,1.446704e-09,0.0159696,0.009386479742987338,1.0,0.01423305,0.008509581612828287,0.01593956,0.009369716742987338,0.900279686137122
20,40,0.1674,60.0,0.0525,143000.0,28831.3197724118,1,0.9042,0.03,0.05,0.0353,1000.0,129300.6,26419.905851722302,0.0074,1.0471975511965976,0.24999999999999994,0.7500000000000001,0.3333333333333333,0.05215720186739282,0.9616748875290001,1.0946390624999998,0.11490000000000002,0.16,4.01341260817504,0.01923426,0.021990509999999998,0.14829197550777992,0.9596406275290001,0.5674726947655379,0.0012886640269443876,100336936.00231147,22373030.65002529,0.006240393024436977,118.864636068468,15369268.762434555,3140392.4940281594,39.4712262496968,8.065129484078335,0.0016994681722880011,"[0.124,0.158]",0.148,"[0.015,0.025]",0.02,0.0,0.0,0.0,0.0,1.0,0.9578201775290001,0.051537172471974535,0.5686140723757764,0.0,0.0,0.0,0.0,1.0,0.9578201775290001,0.051937951427782764,0.5692864193006395,2.628691e-08,9.972801e-10,0.01354952,0.008084041172288002,1.0,0.01382141,0.008228891488376331,0.01348401,0.008037635172288001,1.02406737455224,2.702078e-08,1.446704e-09,0.01351246,0.008057904172288001,1.0,0.01423305,0.008509581612828287,0.013484,0.008037635172288001,1.0559209595665975
20,40,0.1674,60.0,0.0575,103000.0,28641.490885181913,1,0.9042,0.03,0.05,0.0353,1000.0,93132.6,26081.327677332323,0.0074,1.0471975511965976,0.24999999999999994,0.7500000000000001,0.3333333333333333,0.05715720186739282,0.9718576175290001,1.0946390624999998,0.10990000000000001,0.16,4.01341260817504,0.01839726,0.02170351,0.14732111186113142,0.9698603575290001,0.5597611735639785,0.0014292895588831804,65160064.60774263,20038970.205282845,0.006240393024436977,124.83733479042515,11626425.56610275,3255923.4350339165,29.858887959364942,8.361835071166805,0.0019731204791735082,"[0.124,0.158]",0.148,"[0.015,0.025]",0.02,0.0,0.0,0.0,0.0,2.0,0.9778201775290001,0.06158907925343382,0.5536189004423895,0.0,0.0,0.0,0.0,2.0,0.9778201775290001,0.06259583031804179,0.5563980042320493,2.628691e-08,9.972801e-10,0.01139575,0.006784493479173508,1.0,0.01009777,0.0059798898249973885,0.01133577,0.006739103479173508,0.8920644321614662,2.702078e-08,1.446704e-09,0.01136255,0.006759708479173508,1.0,0.01104182,0.006632154750898221,0.01133577,0.006739103479173508,0.9795503563283907
20,40,0.1674,60.0,0.0625,69100.0,27143.397909189534,1,0.9042,0.03,0.05,0.0353,1000.0,62480.22,24630.451524121774,0.0074,1.0471975511965976,0.24999999999999994,0.7500000000000001,0.3333333333333333,0.06215720186739282,0.982040347529,1.0946390624999998,0.10490000000000001,0.16,4.01341260817504,0.017560259999999998,0.021466509999999998,0.14651453852775156,0.980080087529,0.5509746501028094,0.0015613264091073088,40017397.79430438,17384832.37768893,0.006240393024436977,131.9412753052786,8243719.908154374,3249773.1854374697,21.171451853923333,8.346040052089071,0.002239229424892237,"[0.124,0.158]",0.148,"[0.015,0.025]",0.02,0.0,0.0,0.0,0.0,2.0,0.9778201775290001,0.06158907925343382,0.5536189004423895,0.0,0.0,0.0,0.0,2.0,0.9778201775290001,0.06259583031804179,0.5563980042320493,2.628691e-08,9.972801e-10,0.009586084,0.005659997424892237,1.0,0.01009777,0.0059798898249973885,0.009534134,0.0056190714248922375,1.0597303569668026,2.702078e-08,1.446704e-09,0.009557279,0.005637930424892237,1.0,0.01104182,0.006632154750898221,0.009534133,0.005619070424892237,1.1636596530725702
20,40,0.2074,60.0,0.0375,223000.0,19056.101384694495,2,0.8759,0.03,0.05,0.0355,0.0505,195325.7,17982.034538029537,0.0074,1.0471975511965976,0.24999999999999994,0.7500000000000001,0.3333333333333333,0.03696466465523334,0.9182266975290001,1.0753689999999998,0.1699,0.2,4.01341260817504,0.03523725999999999,0.03664350999999999,0.19142494612771865,0.9154894375290001,0.5905725624976257,0.00039300657560515837,497003643.5121578,48487996.302228734,0.003993851535639666,159.90837934387352,31234216.131207637,2875478.0002818624,80.21545011042784,7.384778318312944,0.0006827493034904436,"[0.186,0.223]",0.205,"[0.035,0.045]",0.04,0.0,0.0,0.0,0.0,0.0,0.9172361775290001,0.04114579578094679,0.5900921202347675,0.0,0.0,0.0,0.0,0.0,0.9172361775290001,0.040968862473928204,0.5900955547778315,2.203918e-08,1.633651e-10,0.02766249,0.013055089303490443,1.0,0.02654147,0.014722913197006422,0.02760761,0.013107849303490442,1.0091954779630368,2.589981e-08,1.887024e-10,0.02762494,0.013090719303490445,1.0,0.02660767,0.014639427117124492,0.02760761,0.013107849303490442,1.0090030860617833
20,40,0.2074,60.0,0.0425,209000.0,18186.945870626354,2,0.8759,0.03,0.05,0.0355,0.0505,183063.1,17119.464828002325,0.0074,1.0471975511965976,0.24999999999999994,0.7500000000000001,0.3333333333333333,0.041964664655233345,0.9286094275290001,1.0753689999999998,0.1649,0.2,4.01341260817504,0.03420025999999999,0.03600650999999999,0.1897538141909142,0.9259091675290001,0.5875868917576962,0.0005058745901291694,361874471.60225403,35951491.190697126,0.003993851535639666,163.0735117735181,29852742.593146723,2791731.2491855663,76.66756143585086,7.169700619347952,0.0008899039790111155,"[0.186,0.223]",0.205,"[0.025,0.035]",0.026,0.0,0.0,0.0,0.0,0.0,0.9172361775290001,0.04114579578094679,0.5900921202347675,0.0,0.0,0.0,0.0,0.0,0.9359091675290001,0.04345907054769778,0.58305820499773,2.203918e-08,1.633651e-10,0.02506789,0.013988203979011116,1.0,0.02654147,0.014722913197006422,0.02494898,0.014001043979011116,1.059121024644739,2.918248e-08,5.634696e-10,0.02499125,0.013995153979011117,1.0,0.02154392,0.01207066246786907,0.02494899,0.014001043979011116,0.8640560607353234
20,40,0.2074,60.0,0.0475,202000.0,17906.98187504696,2,0.8759,0.03,0.05,0.0355,0.0505,176931.8,16814.702246467677,0.0074,1.0471975511965976,0.24999999999999994,0.7500000000000001,0.3333333333333333,0.04696466465523334,0.9389921575290001,1.0753689999999998,0.15990000000000001,0.2,4.01341260817504,0.03316325999999999,0.035419509999999994,0.18820071732063084,0.9363288975290001,0.5841042736166755,0.0006163827439382406,287048593.9783673,29051724.84329181,0.003993851535639666,166.82807287578333,29517191.22444352,2805164.3717583073,75.80580124431513,7.204199451303089,0.0011066076637308358,"[0.186,0.223]",0.205,"[0.025,0.035]",0.026,0.0,0.0,0.0,0.0,1.0,0.9372361775290001,0.051303261603419914,0.5843819099318579,0.0,0.0,0.0,0.0,0.0,0.9359091675290001,0.04345907054769778,0.58305820499773,2.203918e-08,1.633651e-10,0.02243193,0.013955567663730836,1.0,0.02239663,0.015333257077299862,0.02234054,0.013933217663730835,1.0379346151106763,2.918248e-08,5.634696e-10,0.02237601,0.013940227663730837,1.0,0.02154392,0.01207066246786907,0.02234054,0.013933217663730835,0.9290048391647666
20,40,0.24739999999999998,60.0,0.0375,137000.0,11154.635807800341,3,0.8752,0.03,0.05,0.0358,1000.0,119902.4,10592.413971003336,0.0074,1.0471975511965976,0.24999999999999994,0.7500000000000001,0.3333333333333333,0.036729529563592704,0.9021266975290001,1.062617361111111,0.20989999999999998,0.24,4.01341260817504,0.05192925999999998,0.053335509999999975,0.23094482024934002,0.8987974375290001,0.5935704194334501,0.00014604315359335507,821006648.0340337,76379039.57387479,0.0027735080108608795,225.7623212783631,27069444.1508468,2391367.966035077,69.51951787993566,6.141491016433756,0.0004988850887651024,"[0.223,0.270]",0.24,"[0.045,0.070]",0.056,0.0,0.0,0.0,0.0,0.0,0.8997251675290001,0.04015695024120147,0.5931661203841568,0.0,0.0,0.0,0.0,0.0,0.9087974375290001,0.044998212140816195,0.5914458381698863,1.398818e-08,1.60131e-10,0.02682707,0.014254075088765103,1.0,0.02586177,0.015635959348092844,0.026842,0.014368335088765102,1.0030950804599472,1.729404e-08,1.92516e-10,0.02684005,0.014337445088765102,1.0,0.02465651,0.017188832998642913,0.026842,0.014368335088765102,1.0075855588979155
20,40,0.24739999999999998,60.0,0.0425,139000.0,11367.018078287147,3,0.8752,0.03,0.05,0.0358,1000.0,121652.8,10787.022088362386,0.0074,1.0471975511965976,0.24999999999999994,0.7500000000000001,0.3333333333333333,0.04172952956359271,0.9127094275290001,1.062617361111111,0.20489999999999997,0.24,4.01341260817504,0.050692259999999975,0.05249850999999998,0.22912553327815732,0.9094171675290001,0.591568569025704,0.00022901691321649124,531195702.0615363,49633967.72159717,0.0027735080108608795,228.76327970852216,27829693.513724905,2467674.5512220515,71.4719838737437,6.337460944139004,0.0006534161789359603,"[0.223,0.270]",0.24,"[0.045,0.070]",0.056,0.0,0.0,0.0,0.0,0.0,0.8997251675290001,0.04015695024120147,0.5931661203841568,0.0,0.0,0.0,0.0,0.0,0.9087974375290001,0.044998212140816195,0.5914458381698863,1.398818e-08,1.60131e-10,0.02593632,0.01604958617893596,1.0,0.02586177,0.015635959348092844,0.02583775,0.01612133617893596,0.9894552502824148,1.729404e-08,1.92516e-10,0.02586961,0.01609816617893596,1.0,0.02465651,0.017188832998642913,0.02583775,0.01612133617893596,0.9938846683438516
20,40,0.24739999999999998,60.0,0.0475,151000.0,12351.886495276909,3,0.8752,0.03,0.05,0.0358,1000.0,132155.19999999998,11721.135715846502,0.0074,1.0471975511965976,0.24999999999999994,0.7500000000000001,0.3333333333333333,0.046729529563592706,0.9232921575290001,1.062617361111111,0.1999,0.24,4.01341260817504,0.04945525999999998,0.05171150999999998,0.2274016490705377,0.9200368975290001,0.5892469402928168,0.00031093901916674625,425019672.19858485,39724466.00101033,0.0027735080108608795,232.2829707676048,30697402.45838696,2722620.2248471016,78.83680976901974,6.99221027025084,0.0008161247329009863,"[0.223,0.270]",0.24,"[0.045,0.070]",0.056,0.0,0.0,0.0,0.0,1.0,0.9197251675290001,0.05032457612943808,0.5891617314312602,0.0,0.0,0.0,0.0,1.0,0.9287974375290001,0.055656091031075224,0.5870119395767224,1.398818e-08,1.60131e-10,0.02437645,0.017008094732900988,1.0,0.02350936,0.018081109548840194,0.02429543,0.01703632473290099,1.00363267769906,1.729404e-08,1.92516e-10,0.02432453,0.017024994732900988,1.0,0.02226025,0.018522704136272914,0.02429543,0.01703632473290099,0.9835456272569202
20,40,0.24739999999999998,60.0,0.0525,140000.0,11575.836902556955,3,0.8752,0.03,0.05,0.0358,1000.0,122528.0,10967.253774571976,0.0074,1.0471975511965976,0.24999999999999994,0.7500000000000001,0.3333333333333333,0.051729529563592704,0.933874887529,1.062617361111111,0.1949,0.24,4.01341260817504,0.04821825999999998,0.05097450999999998,0.2257753529506708,0.9306566275290001,0.5865877979171448,0.00039162027780546225,312874503.55383766,29558829.199103076,0.0027735080108608795,236.3668952778486,28961562.944604237,2592295.7244198443,74.37884138804203,6.6575119887804775,0.0009828467470795602,"[0.223,0.270]",0.24,"[0.045,0.070]",0.056,0.0,0.0,0.0,0.0,2.0,0.9397251675290001,0.06038868822529686,0.5842050154604643,0.0,0.0,0.0,0.0,1.0,0.9287974375290001,0.055656091031075224,0.5870119395767224,1.398818e-08,1.60131e-10,0.02304062,0.01719133674707956,1.0,0.02117578,0.017940645789946905,0.02295698,0.01717782674707956,0.9734537081102818,1.729404e-08,1.92516e-10,0.02298997,0.01718091674707956,1.0,0.02226025,0.018522704136272914,0.02295698,0.01717782674707956,1.0130626675687662
20,40,0.24739999999999998,60.0,0.0575,132000.0,10699.200904760875,3,0.8752,0.03,0.05,0.0358,1000.0,115526.4,10166.857142536717,0.0074,1.0471975511965976,0.24999999999999994,0.7500000000000001,0.3333333333333333,0.05672952956359271,0.9444576175290001,1.062617361111111,0.18989999999999999,0.24,4.01341260817504,0.046981259999999976,0.05028750999999998,0.22424876811255837,0.9412763575290001,0.5835727073834418,0.0004708674307069727,245348037.40098485,22722320.991062842,0.0027735080108608795,241.06629421660148,27849521.13218479,2450886.5751809124,71.52290499603778,6.294346205836431,0.001150184986541445,"[0.223,0.270]",0.24,"[0.045,0.070]",0.056,0.0,0.0,0.0,0.0,2.0,0.9397251675290001,0.06038868822529686,0.5842050154604643,0.0,0.0,0.0,0.0,2.0,0.9487974375290001,0.06631396992133425,0.5817273513357308,1.398818e-08,1.60131e-10,0.02159148,0.016716314986541445,1.0,0.02117578,0.017940645789946905,0.02150023,0.016667194986541446,1.022389145576608,1.729404e-08,1.92516e-10,0.02153874,0.016684814986541445,1.0,0.02009158,0.017677092216001354,0.02150023,0.016667194986541446,0.9885137802017023
20,40,0.24739999999999998,60.0,0.0625,117000.0,9630.67495059735,3,0.8752,0.03,0.05,0.0358,1000.0,102398.4,9130.400230307998,0.0074,1.0471975511965976,0.24999999999999994,0.7500000000000001,0.3333333333333333,0.061729529563592705,0.955040347529,1.062617361111111,0.18489999999999998,0.24,4.01341260817504,0.04574425999999999,0.04965050999999999,0.22282394395576072,0.951896087529,0.5801825362802272,0.000548484799162818,186693232.25784236,17558690.71539844,0.0027735080108608795,246.43900258128124,25234959.561919067,2250086.7259250036,64.80821004998015,5.778653728634314,0.0013153413445776594,"[0.186,0.223]",0.205,"[0.045,0.070]",0.056,0.0,0.0,0.0,0.0,2.0,0.9572361775290001,0.0613575205069522,0.5772786952295138,0.0,0.0,0.0,0.0,2.0,0.9487974375290001,0.06631396992133425,0.5817273513357308,2.203918e-08,1.633651e-10,0.02013079,0.01575575134457766,1.0,0.01897912,0.013667527015483278,0.02004099,0.01568018134457766,0.9168408153137958,1.729404e-08,1.92516e-10,0.02008077,0.01571020134457766,1.0,0.02009158,0.017677092216001354,0.02004099,0.01568018134457766,1.0538025823944177
20,40,0.24739999999999998,60.0,0.0675,107000.0,8949.491605958445,3,0.8752,0.03,0.05,0.0358,1000.0,93646.4,8464.847622530384,0.0074,1.0471975511965976,0.24999999999999994,0.7500000000000001,0.3333333333333333,0.06672952956359271,0.9656230775290001,1.062617361111111,0.17989999999999998,0.24,4.01341260817504,0.044507259999999986,0.049063509999999984,0.2215028442255313,0.9625158175290002,0.5763974602933406,0.0006242761088714747,150007983.1170983,14335790.652211163,0.0027735080108608795,252.55044927473526,23650440.392961565,2137801.0701122233,60.738861300755985,5.490282655573595,0.0014760080876026552,"[0.186,0.223]",0.205,"[0.035,0.045]",0.04,0.0,0.0,0.0,0.0,2.0,0.9572361775290001,0.0613575205069522,0.5772786952295138,0.0,0.0,0.0,0.0,2.0,0.9572361775290001,0.06228462025444626,0.5775930075018405,2.203918e-08,1.633651e-10,0.01870394,0.014498638087602655,1.0,0.01897912,0.013667527015483278,0.01861181,0.014406248087602656,0.9889717656428696,2.589981e-08,1.887024e-10,0.0186542,0.014445338087602655,1.0,0.01910493,0.01404195878996808,0.01861181,0.014406248087602656,1.0036673824355595
20,40,0.24739999999999998,60.0,0.0725,89300.0,7656.458058590184,3,0.8752,0.03,0.05,0.0358,1000.0,78155.36,7216.614989963374,0.0074,1.0471975511965976,0.24999999999999994,0.7500000000000001,0.3333333333333333,0.0717295295635927,0.9762058075290001,1.062617361111111,0.17489999999999997,0.24,4.01341260817504,0.043270259999999984,0.04852650999999998,0.22028733508760776,0.9731355475290001,0.5721969745724086,0.0006980464731880587,111962975.24870437,10968407.337726751,0.0027735080108608795,259.47483202227903,20279348.907640744,1872529.9622902074,52.08125261538043,4.809015636550374,0.0016302874806725055,"[0.186,0.223]",0.205,"[0.035,0.045]",0.04,0.0,0.0,0.0,0.0,3.0,0.9772361775290002,0.07131165594966327,0.5686844777333646,0.0,0.0,0.0,0.0,3.0,0.9772361775290002,0.07294249914470528,0.5696890763924899,2.203918e-08,1.633651e-10,0.0172448,0.013100697480672507,1.0,0.01589868,0.01124037261563828,0.01714663,0.013000157480672507,0.9025962255347021,2.589981e-08,1.887024e-10,0.01719339,0.013044647480672505,1.0,0.01629171,0.011890573876944786,0.01714663,0.013000157480672507,0.9366341190915433
20,40,0.24739999999999998,60.0,0.0775,77700.0,6855.395684967435,3,0.8752,0.03,0.05,0.0358,1000.0,68003.04,6436.743638414549,0.0074,1.0471975511965976,0.24999999999999994,0.7500000000000001,0.3333333333333333,0.0767295295635927,0.9867885375290001,1.062617361111111,0.16989999999999997,0.24,4.01341260817504,0.04203325999999998,0.04803950999999998,0.2191791732806746,0.9837552775290002,0.5675599112066498,0.0007696045063035642,88361021.07382509,8907686.517967684,0.0027735080108608795,267.2965030770545,18176974.79060906,1720519.0657516858,46.68195316154492,4.418622535718113,0.0017766072803804811,"[0.186,0.223]",0.205,"[0.035,0.045]",0.04,0.0,0.0,0.0,0.0,3.0,0.9772361775290002,0.07131165594966327,0.5686844777333646,0.0,0.0,0.0,0.0,3.0,0.9772361775290002,0.07294249914470528,0.5696890763924899,2.203918e-08,1.633651e-10,0.0157506,0.011689879280380481,1.0,0.01589868,0.01124037261563828,0.01564833,0.01158796128038048,0.995611681730957,2.589981e-08,1.887024e-10,0.01569851,0.01163455528038048,1.0,0.01629171,0.011890573876944786,0.01564833,0.01158796028038048,1.0331573282344386
20,40,0.24739999999999998,60.0,0.0825,65400.0,6023.736381887463,3,0.8752,0.03,0.05,0.0358,1000.0,57238.08,5625.224859083201,0.0074,1.0471975511965976,0.24999999999999994,0.7500000000000001,0.3333333333333333,0.08172952956359271,0.9973712675290002,1.062617361111111,0.16489999999999996,0.24,4.01341260817504,0.04079625999999998,0.04760250999999998,0.21817999449995404,0.9943750075290001,0.5624644636014445,0.000838764530957196,68240939.96282847,7181677.526365104,0.0027735080108608795,276.1116100435973,15804098.424604226,1553189.8926987303,40.58795211615627,3.988889166496865,0.0019135706001516958,"[0.186,0.223]",0.205,"[0.035,0.045]",0.04,0.0,0.0,0.0,0.0,4.0,0.9972361775290002,0.08116860084283395,0.5584681069257564,0.0,0.0,0.0,0.0,4.0,0.9972361775290002,0.08360037803496431,0.560805194786974,2.203918e-08,1.633651e-10,0.01427426,0.010360664600151696,1.0,0.01306848,0.00894377250760004,0.01417175,0.010262179600151695,0.9028087960571555,2.589981e-08,1.887024e-10,0.01422326,0.010308232600151696,1.0,0.01372788,0.009830747950789785,0.01417175,0.010262179600151695,0.9652277322926085
20,40,0.24739999999999998,60.0,0.0875,57300.0,5527.571799757444,3,0.8752,0.03,0.05,0.0358,1000.0,50148.96,5134.062784193514,0.0074,1.0471975511965976,0.24999999999999994,0.7500000000000001,0.3333333333333333,0.0867295295635927,1.007953997529,1.062617361111111,0.1599,0.24,4.01341260817504,0.039559259999999985,0.04721550999999998,0.21729130217291254,1.004994737529,0.5568882186000766,0.0009053488391118475,55391864.25554643,6105460.747240836,0.0027735080108608795,286.03004712126267,14344109.391882317,1468496.2200863918,36.83842061121602,3.7713795916906645,0.002039585883628413,"[0.186,0.223]",0.205,"[0.035,0.045]",0.04,0.0,0.0,0.0,0.0,4.0,0.9972361775290002,0.08116860084283395,0.5584681069257564,0.0,0.0,0.0,0.0,4.0,0.9972361775290002,0.08360037803496431,0.560805194786974,2.203918e-08,1.633651e-10,0.01286677,0.009146385883628413,1.0,0.01306848,0.00894377250760004,0.0127672,0.009054499883628412,1.0070542119128207,2.589981e-08,1.887024e-10,0.01281812,0.009098048883628413,1.0,0.01372788,0.009830747950789785,0.0127672,0.009054498883628413,1.0766805816054739
20,40,0.24739999999999998,60.0,0.0925,43100.0,4588.34937621999,3,0.8752,0.03,0.05,0.0358,1000.0,37721.12,4218.7537516468,0.0074,1.0471975511965976,0.24999999999999994,0.7500000000000001,0.3333333333333333,0.0917295295635927,1.0185367275289998,1.062617361111111,0.15489999999999998,0.24,4.01341260817504,0.03832225999999998,0.046878509999999984,0.21651445679215045,1.015614467529,0.5508081972443967,0.0009691899588088298,38920254.648903556,4734210.59980774,0.0027735080108608795,297.1777862129092,11209878.935071494,1253719.9004918013,28.78911641908385,3.219792861389229,0.002151864152262697,"[0.186,0.223]",0.205,"[0.035,0.045]",0.04,0.0,0.0,0.0,0.0,5.0,1.0172361775290002,0.09093114764467403,0.5464591470629842,0.0,0.0,0.0,0.0,5.0,1.0172361775290002,0.09425825692522334,0.5510420163272253,2.203918e-08,1.633651e-10,0.01156153,0.008094007152262698,1.0,0.01061004,0.0071101882144973625,0.01146672,0.008010490152262698,0.9115849722415844,2.589981e-08,1.887024e-10,0.01151579,0.008050230152262697,1.0,0.01151886,0.008170908863595009,0.01146672,0.008010490152262698,1.0111283256042713
20,40,0.24739999999999998,60.0,0.0975,32800.0,4198.71408858226,3,0.8752,0.03,0.05,0.0358,1000.0,28706.559999999998,3804.179697829083,0.0074,1.0471975511965976,0.24999999999999994,0.7500000000000001,0.3333333333333333,0.09672952956359271,1.029119457529,1.062617361111111,0.14989999999999998,0.24,4.01341260817504,0.03708525999999999,0.04659150999999999,0.21585066597071223,1.026234197529,0.5442009051119455,0.0010301328765210684,27866851.60165635,4075895.628884326,0.0027735080108608795,309.6996757174117,8890412.322962422,1178153.2187884282,22.832281852630953,3.025723147562441,0.0022437035173356423,"[0.186,0.223]",0.205,"[0.035,0.045]",0.04,0.0,0.0,0.0,0.0,5.0,1.0172361775290002,0.09093114764467403,0.5464591470629842,0.0,0.0,0.0,0.0,5.0,1.0172361775290002,0.09425825692522334,0.5510420163272253,2.203918e-08,1.633651e-10,0.01036969,0.007175502517335642,1.0,0.01061004,0.0071101882144973625,0.01028065,0.007101186517335642,1.0167445581914076,2.589981e-08,1.887024e-10,0.01032705,0.007136343517335643,1.0,0.01151886,0.008170908863595009,0.01028065,0.0071011855173356425,1.1277712097276165
20,40,0.24739999999999998,60.0,0.103,27200.0,4081.568326346335,3,0.8752,0.03,0.05,0.0358,1000.0,23805.44,3664.2035135053957,0.0074,1.0471975511965976,0.24999999999999994,0.7500000000000001,0.3333333333333333,0.1022295295635927,1.040760460529,1.062617361111111,0.1444,0.24,4.01341260817504,0.03572455999999999,0.04633355999999999,0.2152523170606997,1.037915900529,0.5362952910516772,0.00109365554341241,21766853.506472953,3732041.9129510177,0.0027735080108608795,325.26109689243555,7742983.52640706,1191822.8540398814,19.88546490679469,3.0608293893818126,0.0022994971986209345,"[0.186,0.223]",0.205,"[0.035,0.045]",0.04,0.0,0.0,0.0,0.0,6.0,1.0372361775290002,0.100601957600288,0.5324392543360483,0.0,0.0,0.0,0.0,6.0,1.0372361775290002,0.10491613581548237,0.5405045285524968,2.203918e-08,1.633651e-10,0.009194053,0.0063301681986209345,1.0,0.008582538,0.005766782502078623,0.009111535,0.006266238198620934,0.9349414876711103,2.589981e-08,1.887024e-10,0.00915461,0.006295839198620935,1.0,0.009708635,0.0068761660853000435,0.009111535,0.006266238198620934,1.076170598068496
20,40,0.24739999999999998,60.0,0.108,22400.0,4116.892031660905,3,0.8752,0.03,0.05,0.0358,1000.0,19604.48,3665.2342023699425,0.0074,1.0471975511965976,0.24999999999999994,0.7500000000000001,0.3333333333333333,0.1072295295635927,1.051343190529,1.062617361111111,0.1394,0.24,4.01341260817504,0.03448755999999999,0.04615155999999999,0.21482914141242568,1.048535630529,0.5285023226733168,0.00114807495222395,17075958.291768253,3585908.7629131027,0.0027735080108608795,341.2442235595749,6689915.555889214,1250739.9995517288,17.180984637556776,3.2121399049587462,0.0022597485470880804,"[0.186,0.223]",0.205,"[0.025,0.035]",0.026,0.0,0.0,0.0,0.0,7.0,1.0572361775290002,0.11018356921448114,0.5161301740579047,0.0,0.0,0.0,0.0,6.0,1.0559091675290002,0.10740634388925194,0.509563309719355,2.203918e-08,1.633651e-10,0.008239401,0.0056184565470880805,1.0,0.006937575,0.00467650568456161,0.008165557,0.0055953255470880805,0.8522802885528722,2.918248e-08,5.634696e-10,0.00820263,0.005588128547088081,1.0,0.006354089,0.004366637990232757,0.008165557,0.0055953255470880805,0.7928484878955263
20,40,0.24739999999999998,60.0,0.113,20300.0,4429.057462091895,3,0.8752,0.03,0.05,0.0358,1000.0,17766.56,3923.858900729746,0.0074,1.0471975511965976,0.24999999999999994,0.7500000000000001,0.3333333333333333,0.11222952956359271,1.061925920529,1.062617361111111,0.1344,0.24,4.01341260817504,0.03325055999999999,0.046019559999999994,0.2145217005340019,1.059155360529,0.5201066995914299,0.0011992168275809132,14815135.671369039,3693291.6218548133,0.0027735080108608795,359.2113241830534,6381949.54377767,1409494.5516385925,16.390068925874854,3.619852005023374,0.0020420390663371535,"[0.186,0.223]",0.205,"[0.025,0.035]",0.026,0.0,0.0,0.0,0.0,7.0,1.0572361775290002,0.11018356921448114,0.5161301740579047,0.0,0.0,0.0,0.0,6.0,1.0559091675290002,0.10740634388925194,0.509563309719355,2.203918e-08,1.633651e-10,0.007388504,0.004907695066337153,1.0,0.006937575,0.00467650568456161,0.007317199,0.004861914066337153,0.9579676679398356,2.918248e-08,5.634696e-10,0.007354019,0.004881077066337154,1.0,0.006354089,0.004366637990232757,0.007317199,0.004861914066337153,0.8911660015844475
20,40,0.24739999999999998,60.0,0.118,13800.0,4633.907637843541,3,0.8752,0.03,0.05,0.0358,1000.0,12077.76,4076.672004026037,0.0074,1.0471975511965976,0.24999999999999994,0.7500000000000001,0.3333333333333333,0.1172295295635927,1.072508650529,1.062617361111111,0.1294,0.24,4.01341260817504,0.03201355999999999,0.04593755999999999,0.21433049246432478,1.069775090529,0.511083581050662,0.0012469975349288461,9685472.233663363,3716051.96325264,0.0027735080108608795,379.42890161647637,4582651.210787414,1546807.1807382389,11.76912614128718,3.972497139538824,0.0015688072373094436,"[0.186,0.223]",0.205,"[0.025,0.035]",0.026,0.0,0.0,0.0,0.0,8.0,1.0772361775290002,0.11967840603384994,0.4971770044984297,0.0,0.0,0.0,0.0,7.0,1.0759091675290002,0.11806422277951097,0.49405136378322495,2.203918e-08,1.633651e-10,0.006625325,0.004040187237309444,1.0,0.005600958,0.0032565807565349105,0.006563,0.004045562237309444,0.8398588962007629,2.918248e-08,5.634696e-10,0.006592885,0.004016825237309444,1.0,0.005401656,0.0033194261834196236,0.006563,0.004045562237309444,0.8340055897556069
20,40,0.28740000000000004,60.0,0.0375,91100.0,7118.77447284277,4,0.8926,0.03,0.05,0.036,0.051,81315.86,6917.035245822878,0.0074,1.0471975511965976,0.24999999999999994,0.7500000000000001,0.3333333333333333,0.036451864931753584,0.8828266975290001,1.0535556122448981,0.2499,0.28,4.01341260817504,0.07182126,0.07322751,0.27060582033651825,0.8789054375290001,0.5953373519142968,-8.550918766765207e-06,-9509605016.48662,-832515740.9413428,0.002037679354918197,303.7174743935598,24697047.627340294,2100824.475152561,63.42674916199919,5.395319676647522,0.0003473471759111396,"[0.270,0.340]",0.3,"[0.070,0.100]",0.093,0.0,0.0,0.0,0.0,1.0,0.8832257966749965,0.04824907105315002,0.5936942076233698,0.0,0.0,0.0,0.0,0.0,0.8834385716743224,0.05120170203412138,0.5933099788402844,4.406679e-09,8.478459e-11,0.02164306,0.014338167175911139,1.0,0.01982737,0.018632052556878564,0.02179098,0.01451882717591114,1.0471301580271746,5.055756e-09,1.043033e-10,0.02175916,0.01447680717591114,1.0,0.01886037,0.019432256134201152,0.02179098,0.01451882717591114,1.0395360865304257
20,40,0.28740000000000004,60.0,0.0425,88000.0,6907.966415454106,4,0.8926,0.03,0.05,0.036,0.051,78548.79999999999,6707.4423400311925,0.0074,1.0471975511965976,0.24999999999999994,0.7500000000000001,0.3333333333333333,0.04145186493175359,0.8936094275290001,1.0535556122448981,0.2449,0.28,4.01341260817504,0.07038426,0.07219051,0.26868291720911475,0.8897251675290001,0.593903533222439,5.5025541072832056e-05,1427497094.4135277,125541090.20592256,0.002037679354918197,306.61202660021564,24084006.755015016,2056582.4891810566,61.852342770524935,5.281697781877524,0.00045717018183182137,"[0.223,0.270]",0.24,"[0.070,0.100]",0.093,0.0,0.0,0.0,0.0,0.0,0.8997251675290001,0.04015695024120147,0.5931661203841568,0.0,0.0,0.0,0.0,0.0,0.8834385716743224,0.05120170203412138,0.5933099788402844,1.398818e-08,1.60131e-10,0.02288658,0.01667099018183182,1.0,0.02586177,0.015635959348092844,0.02288972,0.016814180181831822,1.0524981959484727,5.055756e-09,1.043033e-10,0.02289112,0.01677310018183182,1.0,0.01886037,0.019432256134201152,0.02288972,0.016814180181831822,0.9533216517897993
20,40,0.28740000000000004,60.0,0.0475,94100.0,7396.41467161329,4,0.8926,0.03,0.05,0.036,0.051,83993.65999999999,7180.268635236787,0.0074,1.0471975511965976,0.24999999999999994,0.7500000000000001,0.3333333333333333,0.046451864931753586,0.904392157529,1.0535556122448981,0.23990000000000003,0.28,4.01341260817504,0.06894726000000001,0.07120351000000001,0.26683985834204005,0.900544897529,0.5922476469496818,0.00011809028861737532,711266446.9145983,62633555.71581702,0.002037679354918197,309.9818606216995,26036511.007226415,2225753.0313143306,66.866747703107,5.716160139621381,0.0005735067255826269,"[0.223,0.270]",0.24,"[0.045,0.070]",0.056,0.0,0.0,0.0,0.0,0.0,0.8997251675290001,0.04015695024120147,0.5931661203841568,0.0,0.0,0.0,0.0,0.0,0.9087974375290001,0.044998212140816195,0.5914458381698863,1.398818e-08,1.60131e-10,0.02279501,0.018382476725582627,1.0,0.02586177,0.015635959348092844,0.02275762,0.018482746725582627,1.015704395270736,1.729404e-08,1.92516e-10,0.02277126,0.018450836725582627,1.0,0.02465651,0.017188832998642913,0.02275762,0.018482746725582627,1.0202513208565156
20,40,0.34740000000000004,60.0,0.0375,45400.0,3482.5708891343825,5,0.9321,0.03,0.05,0.0365,1000.0,42317.340000000004,3520.2609695492456,0.0074,1.0471975511965976,0.24999999999999994,0.7500000000000001,0.3333333333333333,0.0359557742288489,0.8478766975290001,1.044003114186851,0.30990000000000006,0.34,4.01341260817504,0.10765926,0.10906551,0.3302506775163376,0.843067437529,0.5968814035181095,-0.00015099485244709322,-280256838.65499645,-23064169.62362762,0.0013819555486642438,443.2676757450439,18757908.94551278,1560417.897988089,48.17390335246271,4.007452068644012,0.00018638782072888935,"[0.270,0.340]",0.3,"[0.100,0.145]",0.12,0.0,0.0,0.0,0.0,0.0,0.8599996525630798,0.03640625624950056,0.5964340495761016,0.0,0.0,0.0,0.0,0.0,0.8456444244855218,0.04544956636102806,0.5958969257319884,4.406679e-09,8.478459e-11,0.01231318,0.012278577820728888,1.0,0.01647601,0.013263993057365451,0.01260457,0.012545247820728888,1.1931106253664507,2.094834e-09,3.932807e-11,0.01254948,0.01249419782072889,1.0,0.01372065,0.0152145700136311,0.01260457,0.012545247820728888,1.146731491153558
20,40,0.34740000000000004,60.0,0.0425,48300.0,3710.384076788251,5,0.9321,0.03,0.05,0.0365,1000.0,45020.43,3749.729386447726,0.0074,1.0471975511965976,0.24999999999999994,0.7500000000000001,0.3333333333333333,0.040955774228848905,0.8589594275290001,1.044003114186851,0.30490000000000006,0.34,4.01341260817504,0.10592226,0.10772851,0.3282202157089048,0.854187167529,0.5959351026717112,-0.00010571914917963144,-425849340.9127241,-35096613.10727914,0.0013819555486642438,446.05840078290726,20081741.00835882,1672598.2934875446,51.57375767714704,4.295552813056923,0.0002471479177669735,"[0.270,0.340]",0.3,"[0.100,0.145]",0.12,0.0,0.0,0.0,0.0,0.0,0.8599996525630798,0.03640625624950056,0.5964340495761016,0.0,0.0,0.0,0.0,0.0,0.8456444244855218,0.04544956636102806,0.5958969257319884,4.406679e-09,8.478459e-11,0.01514314,0.014903527917766973,1.0,0.01647601,0.013263993057365451,0.015355,0.015145087917766973,0.9825375965731424,2.094834e-09,3.932807e-11,0.01530904,0.015090057917766974,1.0,0.01372065,0.0152145700136311,0.015355,0.015145087917766973,0.9443439520846585
20,40,0.34740000000000004,60.0,0.0475,55500.0,4261.085542248957,5,0.9321,0.03,0.05,0.0365,1000.0,51731.55,4306.632709134405,0.0074,1.0471975511965976,0.24999999999999994,0.7500000000000001,0.3333333333333333,0.0459557742288489,0.870042157529,1.044003114186851,0.29990000000000006,0.34,4.01341260817504,0.10418526,0.10644151,0.32625375093629194,0.8653068975290001,0.5948471639323172,-6.063381306119554e-05,-853179890.6954639,-70275731.09987979,0.0013819555486642438,449.2838580428878,23242150.366538554,1934900.5587335993,59.69029430270678,4.96919527564699,0.00031204543685352454,"[0.270,0.340]",0.3,"[0.100,0.145]",0.12,0.0,0.0,0.0,0.0,0.0,0.8599996525630798,0.03640625624950056,0.5964340495761016,0.0,0.0,0.0,0.0,1.0,0.8656776655681202,0.05612515922291282,0.5937653970317238,4.406679e-09,8.478459e-11,0.01683354,0.017217065436853526,1.0,0.01647601,0.013263993057365451,0.01691615,0.017433525436853527,0.8729400827936402,2.094834e-09,3.932807e-11,0.01689786,0.017376775436853526,1.0,0.01431265,0.01932100154506152,0.01691615,0.017433525436853527,0.9707081224097242
20,40,0.34740000000000004,60.0,0.0525,55500.0,4264.991207272073,5,0.9321,0.03,0.05,0.0365,1000.0,51731.55,4309.990333842732,0.0074,1.0471975511965976,0.24999999999999994,0.7500000000000001,0.3333333333333333,0.0509557742288489,0.8811248875290001,1.044003114186851,0.29490000000000005,0.34,4.01341260817504,0.10244826,0.10520451,0.32435244719286455,0.8764266275290001,0.5936118286336093,-1.578423276005573e-05,-3277419358.064342,-270205797.9064555,0.0013819555486642438,452.968513837339,23432763.322001997,1952289.916174039,60.179824885294444,5.013854476580875,0.0003794732985656139,"[0.270,0.340]",0.3,"[0.100,0.145]",0.12,0.0,0.0,0.0,0.0,0.0,0.8599996525630798,0.03640625624950056,0.5964340495761016,0.0,0.0,0.0,0.0,2.0,0.882850844054246,0.06527664204620932,0.5915972679311029,4.406679e-09,8.478459e-11,0.01730118,0.019205023298565615,1.0,0.01647601,0.013263993057365451,0.017273,0.019390713298565614,0.8193102412618949,2.094834e-09,3.932807e-11,0.01728515,0.019336103298565614,1.0,0.01400137,0.021870067751968342,0.017273,0.019390713298565614,0.9701547937138252
20,40,0.34740000000000004,60.0,0.0575,53800.0,4221.504471157567,5,0.9321,0.03,0.05,0.0365,1000.0,50146.98,4253.01695242964,0.0074,1.0471975511965976,0.24999999999999994,0.7500000000000001,0.3333333333333333,0.055955774228848905,0.8922076175290001,1.044003114186851,0.28990000000000005,0.34,4.01341260817504,0.10071126,0.10401751,0.32251745689187117,0.8875463575290001,0.5922231622161136,2.8782680280630255e-05,1742262343.5714977,146668219.56808844,0.0013819555486642438,457.1388828489928,22924134.415450785,1944219.4183715135,58.87356842261296,4.993127892275851,0.0004481034517119264,"[0.270,0.340]",0.3,"[0.100,0.145]",0.12,0.0,0.0,0.0,0.0,1.0,0.8832257966749965,0.04824907105315002,0.5936942076233698,0.0,0.0,0.0,0.0,2.0,0.882850844054246,0.06527664204620932,0.5915972679311029,4.406679e-09,8.478459e-11,0.01706956,0.020813433451711928,1.0,0.01982737,0.018632052556878564,0.01701673,0.020958133451711925,1.0207650397003039,2.094834e-09,3.932807e-11,0.01703729,0.020911143451711925,1.0,0.01400137,0.021870067751968342,0.01701673,0.020958133451711925,0.9380745252222495
20,40,0.34740000000000004,60.0,0.0625,57100.0,4483.809763933981,5,0.9321,0.03,0.05,0.0365,1000.0,53222.91,4516.79215014669,0.0074,1.0471975511965976,0.24999999999999994,0.7500000000000001,0.3333333333333333,0.0609557742288489,0.903290347529,1.044003114186851,0.28490000000000004,0.34,4.01341260817504,0.09897426,0.10288051,0.32074991816055076,0.898666087529,0.5906750525877301,7.301862828614017e-05,728894958.0295302,61406381.75731197,0.0013819555486642438,461.823730335933,24579602.835533634,2085961.799932804,63.12512843944538,5.3571494796561945,0.0005168214508747453,"[0.270,0.340]",0.3,"[0.070,0.100]",0.093,0.0,0.0,0.0,0.0,2.0,0.896628803539834,0.05501890248377339,0.5917615309734363,0.0,0.0,0.0,0.0,1.0,0.9031708323686669,0.0617169042696885,0.5903288237305737,4.406679e-09,8.478459e-11,0.01692333,0.021968881450874743,1.0,0.01933333,0.020627065722936856,0.01691315,0.022076491450874744,1.0302432463335187,5.055756e-09,1.043033e-10,0.01692016,0.022042011450874744,1.0,0.01777482,0.021935676937760502,0.01691315,0.022076491450874744,1.0207771527013052
20,40,0.34740000000000004,60.0,0.0675,56800.0,4469.0938677416825,5,0.9321,0.03,0.05,0.0365,1000.0,52943.28,4500.688009150006,0.0074,1.0471975511965976,0.24999999999999994,0.7500000000000001,0.3333333333333333,0.0659557742288489,0.9143730775290001,1.044003114186851,0.27990000000000004,0.34,4.01341260817504,0.09723725999999999,0.10179350999999999,0.31905095204371353,0.9097858175290001,0.5889612088702819,0.00011687408355514664,452994183.051873,38238536.139048785,0.0013819555486642438,467.05429692371587,24727386.417235427,2102065.6737865545,63.50466498601157,5.398507312498026,0.0005846856473036008,"[0.270,0.340]",0.3,"[0.070,0.100]",0.093,0.0,0.0,0.0,0.0,3.0,0.9155247687318737,0.06448557948554778,0.5885947776893258,0.0,0.0,0.0,0.0,1.0,0.9031708323686669,0.0617169042696885,0.5903288237305737,4.406679e-09,8.478459e-11,0.01712684,0.0226641756473036,1.0,0.0185881,0.022002367536737254,0.01714939,0.022710775647303602,1.022156614948027,5.055756e-09,1.043033e-10,0.0171445,0.022692135647303602,1.0,0.01777482,0.021935676937760502,0.01714939,0.022710775647303602,0.9964635271127983
20,40,0.34740000000000004,60.0,0.0725,54300.0,4292.883646005718,5,0.9321,0.03,0.05,0.0365,1000.0,50613.03,4320.27981995558,0.0074,1.0471975511965976,0.24999999999999994,0.7500000000000001,0.3333333333333333,0.0709557742288489,0.9254558075290001,1.044003114186851,0.27490000000000003,0.34,4.01341260817504,0.09550025999999999,0.10075651,0.3174216596264344,0.9209055475290001,0.5870751605794754,0.0001602984648425382,315742449.87135327,26780566.178363807,0.0013819555486642438,472.86454885754904,23933107.597263593,2042907.1680016685,61.46480482785761,5.2465769375060445,0.0006508980452483565,"[0.270,0.340]",0.3,"[0.070,0.100]",0.093,0.0,0.0,0.0,0.0,3.0,0.9155247687318737,0.06448557948554778,0.5885947776893258,0.0,0.0,0.0,0.0,2.0,0.9224904349396676,0.07201220349017164,0.5869093777251644,4.406679e-09,8.478459e-11,0.0174472,0.02289496804524836,1.0,0.0185881,0.022002367536737254,0.01746706,0.02288908804524836,1.0065408236457094,5.055756e-09,1.043033e-10,0.0174632,0.02288949804524836,1.0,0.01773394,0.02272194855029541,0.01746706,0.02288908804524836,1.0033037280919912
20,40,0.34740000000000004,60.0,0.0775,53000.0,4210.8668943660205,5,0.9321,0.03,0.05,0.0365,1000.0,49401.3,4234.77566178782,0.0074,1.0471975511965976,0.24999999999999994,0.7500000000000001,0.3333333333333333,0.0759557742288489,0.9365385375290001,1.044003114186851,0.26990000000000003,0.34,4.01341260817504,0.09376325999999999,0.09976950999999999,0.31586311908799986,0.9320252775290001,0.5850102572890808,0.00020324033345753113,243068386.8678204,20718657.67355631,0.0013819555486642438,479.2914570073422,23677621.055056818,2029691.7970375163,60.80866644762156,5.212637333393279,0.0007147733521553293,"[0.270,0.340]",0.3,"[0.070,0.100]",0.093,0.0,0.0,0.0,0.0,4.0,0.9367313410133745,0.07500452418247916,0.5844136309139966,0.0,0.0,0.0,0.0,3.0,0.9431102736512429,0.0830003906764038,0.582733384609655,4.406679e-09,8.478459e-11,0.01762965,0.022668803352155327,1.0,0.0184571,0.021734297849683917,0.01762726,0.02263076335215533,1.001161118965612,5.055756e-09,1.043033e-10,0.01763339,0.022651983352155326,1.0,0.01745322,0.022029052204704563,0.01762726,0.02263076335215533,0.984282002278738
20,40,0.34740000000000004,60.0,0.0825,51300.0,4090.2995002503794,5,0.9321,0.03,0.05,0.0365,1000.0,47816.73,4111.471391916114,0.0074,1.0471975511965976,0.24999999999999994,0.7500000000000001,0.3333333333333333,0.0809557742288489,0.9476212675290001,1.044003114186851,0.2649,0.34,4.01341260817504,0.09202626000000001,0.09883251000000001,0.31437638270073665,0.9431450075290001,0.5827596688336607,0.0002456476085115605,194655792.86414945,16651086.184125762,0.0013819555486642438,486.37530840890633,23256876.800855406,1999718.1662575954,59.72811460696176,5.135659307936996,0.0007756806973339464,"[0.270,0.340]",0.3,"[0.070,0.100]",0.093,0.0,0.0,0.0,0.0,4.0,0.9367313410133745,0.07500452418247916,0.5844136309139966,0.0,0.0,0.0,0.0,3.0,0.9431102736512429,0.0830003906764038,0.582733384609655,4.406679e-09,8.478459e-11,0.01757672,0.022064900697333946,1.0,0.0184571,0.021734297849683917,0.01754349,0.021963600697333944,1.0163799629230115,5.055756e-09,1.043033e-10,0.0175626,0.022004200697333946,1.0,0.01745322,0.022029052204704563,0.01754349,0.021963600697333944,0.9992442635162035
20,40,0.34740000000000004,60.0,0.0875,50800.0,4063.643685114919,5,0.9321,0.03,0.05,0.0365,1000.0,47350.68,4082.8196215412454,0.0074,1.0471975511965976,0.24999999999999994,0.7500000000000001,0.3333333333333333,0.0859557742288489,0.9587039975289999,1.044003114186851,0.2599000000000001,0.34,4.01341260817504,0.09028926000000002,0.09794551000000003,0.31296247378879155,0.9542647375289999,0.5803163861077714,0.00028746780042769024,164716465.39039287,14135996.02831723,0.0013819555486642438,494.1600546990763,23398814.61883846,2017566.3675072838,60.09263811251011,5.181496907667081,0.0008328933795348061,"[0.270,0.340]",0.3,"[0.070,0.100]",0.093,0.0,0.0,0.0,0.0,5.0,0.9557804992094181,0.08436109839952921,0.5800766089496704,0.0,0.0,0.0,0.0,3.0,0.9431102736512429,0.0830003906764038,0.582733384609655,4.406679e-09,8.478459e-11,0.01728493,0.02113765337953481,1.0,0.01775622,0.020256303083755884,0.0172237,0.020997103379534806,0.9959682411476666,5.055756e-09,1.043033e-10,0.01725615,0.02105630337953481,1.0,0.01745322,0.022029052204704563,0.0172237,0.020997103379534806,1.028854294049158
20,40,0.34740000000000004,60.0,0.0925,49000.0,3937.245229778665,5,0.9321,0.03,0.05,0.0365,1000.0,45672.9,3953.3671843468596,0.0074,1.0471975511965976,0.24999999999999994,0.7500000000000001,0.3333333333333333,0.0909557742288489,0.969786727529,1.044003114186851,0.2549,0.34,4.01341260817504,0.08855226000000001,0.09710851000000001,0.3116223836633049,0.9653844675289999,0.5776732225232227,0.0003286482614859429,138971981.14937708,11980118.841879439,0.0013819555486642438,502.69370247755097,22959479.203886937,1987332.7871525737,58.96434060980517,5.103851281907973,0.0008851721064778844,"[0.270,0.340]",0.3,"[0.070,0.100]",0.093,0.0,0.0,0.0,0.0,5.0,0.9557804992094181,0.08436109839952921,0.5800766089496704,0.0,0.0,0.0,0.0,4.0,0.9663204230381877,0.09536893873594765,0.5774120516192416,4.406679e-09,8.478459e-11,0.01678783,0.019966982106477887,1.0,0.01775622,0.020256303083755884,0.01670232,0.019795212106477885,1.0387926609011997,5.055756e-09,1.043033e-10,0.01674705,0.019870312106477887,1.0,0.0163027,0.0200104580810986,0.01670232,0.019795212106477885,0.9948623347063098
20,40,0.34740000000000004,60.0,0.0975,42200.0,3439.2295651077534,5,0.9321,0.03,0.05,0.0365,1000.0,39334.62,3446.6369367712646,0.0074,1.0471975511965976,0.24999999999999994,0.7500000000000001,0.3333333333333333,0.0959557742288489,0.9808694575289999,1.044003114186851,0.2499,0.34,4.01341260817504,0.08681526,0.09632151,0.3103570685516926,0.9765041975289999,0.5748228161896741,0.0003691364518334072,106558482.11314519,9316960.023931453,0.0013819555486642438,512.0287514237476,20140456.366327573,1764777.2073459607,51.7245499636598,4.532285921222083,0.0009296210831094606,"[0.270,0.340]",0.3,"[0.070,0.100]",0.093,0.0,0.0,0.0,0.0,6.0,0.97404856374543,0.09325429665551266,0.5753824768241421,0.0,0.0,0.0,0.0,4.0,0.9663204230381877,0.09536893873594765,0.5774120516192416,4.406679e-09,8.478459e-11,0.01612423,0.018597991083109458,1.0,0.01655317,0.018197466893334947,0.0160254,0.018440971083109457,1.0079447048579304,5.055756e-09,1.043033e-10,0.01607498,0.018493601083109462,1.0,0.0163027,0.0200104580810986,0.0160254,0.018440971083109457,1.0491313317310818
20,40,0.34740000000000004,60.0,0.103,39900.0,3273.47674510734,5,0.9321,0.03,0.05,0.0365,1000.0,37190.79,3277.602366147476,0.0074,1.0471975511965976,0.24999999999999994,0.7500000000000001,0.3333333333333333,0.1014557742288489,0.993060460529,1.044003114186851,0.24440000000000003,0.34,4.01341260817504,0.08490456,0.09551356,0.30905268159328436,0.988735900529,0.5714390067052422,0.0004128116632623665,90091422.57776527,7929709.92931188,0.0013819555486642438,523.291694527058,19461631.519899964,1715142.0961672075,49.98119772540955,4.404813447837144,0.0009602257485913578,"[0.270,0.340]",0.3,"[0.070,0.100]",0.093,0.0,0.0,0.0,0.0,7.0,0.996014000750913,0.10384695506799158,0.569014467299799,0.0,0.0,0.0,0.0,5.0,0.9881069821703372,0.10697886416924347,0.571851437256773,4.406679e-09,8.478459e-11,0.01526724,0.017014895748591358,1.0,0.01476192,0.015433074375238259,0.01514824,0.016813005748591358,0.9477497440868411,5.055756e-09,1.043033e-10,0.01521164,0.01690638574859136,1.0,0.01477536,0.017542232291263782,0.01514825,0.016813005748591358,1.0103006116901412
20,40,0.34740000000000004,60.0,0.108,37200.0,3078.8309469600526,5,0.9321,0.03,0.05,0.0365,1000.0,34674.12,3079.136833340851,0.0074,1.0471975511965976,0.24999999999999994,0.7500000000000001,0.3333333333333333,0.1064557742288489,1.004143190529,1.044003114186851,0.23940000000000003,0.34,4.01341260817504,0.08316756,0.09483156,0.3079473331594219,0.999855630529,0.5681286657567598,0.0004516771473817602,76767488.01881099,6816441.710206353,0.0013819555486642438,534.5034320869929,18533436.144596245,1645809.2052861599,47.59741420071232,4.226753302958926,0.0009502876803182492,"[0.270,0.340]",0.3,"[0.070,0.100]",0.093,0.0,0.0,0.0,0.0,7.0,0.996014000750913,0.10384695506799158,0.569014467299799,0.0,0.0,0.0,0.0,6.0,1.0246876423645075,0.12647247647300278,0.561378855562195,4.406679e-09,8.478459e-11,0.01441791,0.015543857680318249,1.0,0.01476192,0.015433074375238259,0.01429015,0.015339517680318248,1.0179508894715084,5.055756e-09,1.043033e-10,0.01435907,0.015435787680318249,1.0,0.01204519,0.013011696752606034,0.01429015,0.015339517680318248,0.8530992306691719
20,40,0.34740000000000004,60.0,0.113,31300.0,2587.2862233376195,5,0.9321,0.03,0.05,0.0365,1000.0,29174.73,2587.968571358614,0.0074,1.0471975511965976,0.24999999999999994,0.7500000000000001,0.3333333333333333,0.1114557742288489,1.015225920529,1.044003114186851,0.23440000000000003,0.34,4.01341260817504,0.08143056,0.09419956,0.3069194682648854,1.010975360529,0.5645871832726741,0.0004896912537510998,59577804.9465203,5283505.072877379,0.0013819555486642438,546.7135610875923,15950220.532069013,1414877.5136302367,40.96322167861732,3.633676482553823,0.0008647233934358039,"[0.270,0.340]",0.3,"[0.070,0.100]",0.093,0.0,0.0,0.0,0.0,8.0,1.0282276647844828,0.11918984321695325,0.5581535513841369,0.0,0.0,0.0,0.0,6.0,1.0246876423645075,0.12647247647300278,0.561378855562195,4.406679e-09,8.478459e-11,0.01353961,0.014056633393435804,1.0,0.0120714,0.011350230182910379,0.013407,0.013856543393435804,0.8647600961135513,5.055756e-09,1.043033e-10,0.01347939,0.013952093393435804,1.0,0.01204519,0.013011696752606034,0.013407,0.013856543393435804,0.9231663091078496
20,40,0.34740000000000004,60.0,0.118,26700.0,2247.854532949061,5,0.9321,0.03,0.05,0.0365,1000.0,24887.07,2243.1160650527295,0.0074,1.0471975511965976,0.24999999999999994,0.7500000000000001,0.3333333333333333,0.1164557742288489,1.026308650529,1.044003114186851,0.22940000000000002,0.34,4.01341260817504,0.07969356,0.09361755999999999,0.30596986779746793,1.022095090529,0.5608065194862588,0.0005268049145160837,47241529.671113536,4266958.168023,0.0013819555486642438,559.9988818688912,13936731.372992827,1256142.4883316755,35.79219582321295,3.2260145310220194,0.0006689000226024814,"[0.270,0.340]",0.3,"[0.070,0.100]",0.093,0.0,0.0,0.0,0.0,8.0,1.0282276647844828,0.11918984321695325,0.5581535513841369,0.0,0.0,0.0,0.0,6.0,1.0246876423645075,0.12647247647300278,0.561378855562195,4.406679e-09,8.478459e-11,0.01266179,0.012560250022602481,1.0,0.0120714,0.011350230182910379,0.01252726,0.012369510022602481,0.9430253349839223,5.055756e-09,1.043033e-10,0.01260149,0.01246136002260248,1.0,0.01204519,0.013011696752606034,0.01252726,0.012369510022602481,1.0067176108204545
20,40,0.34740000000000004,60.0,0.123,24800.0,2108.1034129391114,5,0.9321,0.03,0.05,0.0365,1000.0,23116.08,2101.0988417428234,0.0074,1.0471975511965976,0.24999999999999994,0.7500000000000001,0.3333333333333333,0.1214557742288489,1.037391380529,1.044003114186851,0.22440000000000002,0.34,4.01341260817504,0.07795656000000001,0.09308556000000001,0.3050992625359819,1.033214820529,0.5567784843758036,0.0005629706839529637,41060894.74799607,3744606.0212883907,0.0013819555486642438,574.4439617325642,13278892.574926892,1206963.5426424493,34.10273977714821,3.0997135779951877,0.00040935939624422963,"[0.270,0.340]",0.3,"[0.070,0.100]",0.093,0.0,0.0,0.0,0.0,8.0,1.0282276647844828,0.11918984321695325,0.5581535513841369,0.0,0.0,0.0,0.0,6.0,1.0246876423645075,0.12647247647300278,0.561378855562195,4.406679e-09,8.478459e-11,0.01179038,0.01107412939624423,1.0,0.0120714,0.011350230182910379,0.01167175,0.01095111939624423,1.0337301250111155,5.055756e-09,1.043033e-10,0.01174663,0.01103697939624423,1.0,0.01204519,0.013011696752606034,0.01167175,0.01095111939624423,1.1035486355221438
20,40,0.34740000000000004,60.0,0.128,22100.0,1911.0337516210018,5,0.9321,0.03,0.05,0.0365,1000.0,20599.41,1900.6599005863288,0.0074,1.0471975511965976,0.24999999999999994,0.7500000000000001,0.3333333333333333,0.1264557742288489,1.048474110529,1.044003114186851,0.2194,0.34,4.01341260817504,0.07621956,0.09260356,0.30430833048078065,1.044334550529,0.5524947458813945,0.0005981430456193945,34438935.88810133,3194944.362584824,0.0013819555486642438,590.1420612182418,12156578.277279662,1121659.3514068746,31.2204216753281,2.880636074416324,0.0002003954226845802,"[0.270,0.340]",0.3,"[0.070,0.100]",0.093,0.0,0.0,0.0,0.0,8.0,1.0282276647844828,0.11918984321695325,0.5581535513841369,0.0,0.0,0.0,0.0,6.0,1.0246876423645075,0.12647247647300278,0.561378855562195,4.406679e-09,8.478459e-11,0.01096626,0.009831063422684581,1.0,0.0120714,0.011350230182910379,0.01085454,0.00972995842268458,1.131736059524927,5.055756e-09,1.043033e-10,0.01090987,0.00974922242268458,1.0,0.01204519,0.013011696752606034,0.01085454,0.00972995842268458,1.2081739266779243
20,40,0.34740000000000004,60.0,0.133,20100.0,1761.1501921155502,5,0.9321,0.03,0.05,0.0365,1000.0,18735.21,1748.8152582453017,0.0074,1.0471975511965976,0.24999999999999994,0.7500000000000001,0.3333333333333333,0.1314557742288489,1.059556840529,1.044003114186851,0.2144,0.34,4.01341260817504,0.07448256,0.09217156000000001,0.30359769432589573,1.055454280529,0.5479468394088342,0.0006322787149435315,29631252.100069877,2785401.675703788,0.0013819555486642438,607.1961902130984,11375948.134842342,1061873.962193083,29.215613935561848,2.7270957426959526,8.515602327566889e-05,"[0.270,0.340]",0.3,"[0.070,0.100]",0.093,0.0,0.0,0.0,0.0,9.0,1.0734901702740713,0.14037901537570552,0.5395020231626247,0.0,0.0,0.0,0.0,7.0,1.0737524851443845,0.1526188340788792,0.5453638998637611,4.406679e-09,8.478459e-11,0.01018711,0.008832409023275669,1.0,0.00888149,0.0073836088140625585,0.01006205,0.008692842023275669,0.8738744398716247,5.055756e-09,1.043033e-10,0.01013279,0.00875902202327567,1.0,0.009013005,0.009555993616315242,0.01006205,0.008692842023275669,0.9998088968235486
20,40,0.34740000000000004,60.0,0.138,17800.0,1595.79478639965,5,0.9321,0.03,0.05,0.0365,1000.0,16591.38,1580.3906816863096,0.0074,1.0471975511965976,0.24999999999999994,0.7500000000000001,0.3333333333333333,0.13645577422884891,1.070639570529,1.044003114186851,0.2094,0.34,4.01341260817504,0.07274556,0.09178956,0.30296791909375487,1.066574010529,0.5431261787117381,0.0006653369336049429,24936808.94897,2398476.1792093525,0.0013819555486642438,625.7203153935392,10381563.52641406,988882.555789768,26.66184378128994,2.5396398291478284,3.385732476344574e-05,"[0.270,0.340]",0.3,"[0.070,0.100]",0.093,0.0,0.0,0.0,0.0,9.0,1.0734901702740713,0.14037901537570552,0.5395020231626247,0.0,0.0,0.0,0.0,7.0,1.0737524851443845,0.1526188340788792,0.5453638998637611,4.406679e-09,8.478459e-11,0.009457785,0.008047613324763446,1.0,0.00888149,0.0073836088140625585,0.00933697,0.007926779324763445,0.9450203003735916,5.055756e-09,1.043033e-10,0.009405583,0.007982557324763445,1.0,0.009013005,0.009555993616315242,0.009336969,0.007926778324763446,1.081207746805272
20,40,0.34740000000000004,60.0,0.143,16100.0,1475.7272783199408,5,0.9321,0.03,0.05,0.0365,1000.0,15006.810000000001,1457.8611440657276,0.0074,1.0471975511965976,0.24999999999999994,0.7500000000000001,0.3333333333333333,0.1414557742288489,1.081722300529,1.044003114186851,0.20440000000000003,0.34,4.01341260817504,0.07100856,0.09145756,0.3024195099526484,1.077693740529,0.5380240682445456,0.0006972797520247917,21521935.71722478,2116406.326205026,0.0013819555486642438,645.840744678785,9692009.345653038,941546.1269216749,24.89093655720863,2.418070812261874,1.3061537453970183e-05,"[0.270,0.340]",0.3,"[0.070,0.100]",0.093,0.0,0.0,0.0,0.0,9.0,1.0734901702740713,0.14037901537570552,0.5395020231626247,0.0,0.0,0.0,0.0,7.0,1.0737524851443845,0.1526188340788792,0.5453638998637611,4.406679e-09,8.478459e-11,0.008779976,0.00743779553745397,1.0,0.00888149,0.0073836088140625585,0.00866352,0.00733589653745397,1.014163365246565,5.055756e-09,1.043033e-10,0.008729772,0.00738073753745397,1.0,0.009013005,0.009555993616315242,0.00866352,0.00733589653745397,1.1603149252826084
20,40,0.34740000000000004,60.0,0.148,15100.0,1412.683616694968,5,0.9321,0.03,0.05,0.0365,1000.0,14074.710000000001,1392.5057327493814,0.0074,1.0471975511965976,0.24999999999999994,0.7500000000000001,0.3333333333333333,0.1464557742288489,1.092805030529,1.044003114186851,0.19940000000000002,0.34,4.01341260817504,0.06927156,0.09117555999999999,0.3019529102360167,1.088813470529,0.5326317170802772,0.0007280722963177063,19331473.084725462,1940306.7852461182,0.0013819555486642438,667.6977194990582,9397651.76961059,929772.902146127,24.134969916122746,2.3878349158124594,4.930153498058579e-06,"[0.270,0.340]",0.3,"[0.045,0.070]",0.056,0.0,0.0,0.0,0.0,9.0,1.0734901702740713,0.14037901537570552,0.5395020231626247,0.0,0.0,0.0,0.0,9.0,1.0887974375290004,0.1409191221531475,0.5254656972964409,4.406679e-09,8.478459e-11,0.008153199,0.0069770151534980585,1.0,0.00888149,0.0073836088140625585,0.008040949,0.006893983153498058,1.0792014448202356,1.729404e-08,1.92516e-10,0.008104769,0.006927521153498058,1.0,0.007579391,0.00545841613867333,0.008040949,0.006893982153498058,0.8707357441464968
20,40,0.34740000000000004,60.0,0.153,13600.0,1271.6225857382863,5,0.9321,0.03,0.05,0.0365,1000.0,12676.560000000001,1253.5355140187037,0.0074,1.0471975511965976,0.24999999999999994,0.7500000000000001,0.3333333333333333,0.1514557742288489,1.103887760529,1.044003114186851,0.19440000000000002,0.34,4.01341260817504,0.06753456,0.09094355999999999,0.3015684996812499,1.0999332005290001,0.5269402544872336,0.0007576830161663246,16730690.446435025,1678304.196618211,0.0013819555486642438,691.447251988246,8765172.57666412,866753.686437906,22.5106421937763,2.2259894981971837,1.8540080442266333e-06,"[0.270,0.340]",0.3,"[0.045,0.070]",0.056,0.0,0.0,0.0,0.0,10.0,1.1318687527740714,0.16710872265243804,0.5084975643664037,0.0,0.0,0.0,0.0,10.0,1.1087974375290004,0.15157700104340652,0.5154146177338952,4.406679e-09,8.478459e-11,0.007575521,0.006648495008044227,1.0,0.006056883,0.0062991824152526295,0.007467147,0.006584174008044227,0.9137731028865039,1.729404e-08,1.92516e-10,0.007528568,0.0066061190080442264,1.0,0.006670416,0.0053876551488763295,0.007467147,0.006584174008044227,0.8648577285746183
20,40,0.34740000000000004,60.0,0.158,11900.0,1184.738789663471,5,0.9321,0.03,0.05,0.0365,1000.0,11091.99,1160.5673199374169,0.0074,1.0471975511965976,0.24999999999999994,0.7500000000000001,0.3333333333333333,0.1564557742288489,1.114970490529,1.044003114186851,0.1894,0.34,4.01341260817504,0.06579756,0.09076156,0.3012665929040258,1.111052930529,0.5209407472583619,0.0007860839102624352,14110440.189898968,1507140.3627482264,0.0013819555486642438,717.2632520150963,7955876.818718928,832432.2900807564,20.432215662329888,2.1378455779002246,6.963659360143761e-07,"[0.270,0.340]",0.3,"[0.045,0.070]",0.056,0.0,0.0,0.0,0.0,10.0,1.1318687527740714,0.16710872265243804,0.5084975643664037,0.0,0.0,0.0,0.0,10.0,1.1087974375290004,0.15157700104340652,0.5154146177338952,4.406679e-09,8.478459e-11,0.007044122,0.006440025365936014,1.0,0.006056883,0.0062991824152526295,0.006939178,0.006394314365936015,0.9528127454178578,1.729404e-08,1.92516e-10,0.006998304,0.006404368365936015,1.0,0.006670416,0.0053876551488763295,0.006939177,0.006394314365936015,0.9018075905804886
20,40,0.34740000000000004,60.0,0.163,11500.0,1174.163105906965,5,0.9321,0.03,0.05,0.0365,1000.0,10719.15,1147.5270325393835,0.0074,1.0471975511965976,0.24999999999999994,0.7500000000000001,0.3333333333333333,0.1614557742288489,1.1260532205290001,1.044003114186851,0.1844,0.34,4.01341260817504,0.06406056,0.09062956,0.3010474381222999,1.122172660529,0.5146242188855636,0.0008132507262142164,13180621.491601957,1443789.8031432948,0.0013819555486642438,745.3399986743157,7989411.246789791,855297.7969116456,20.51833849731957,2.196568579455248,2.6148236861325275e-07,"[0.270,0.340]",0.3,"[0.045,0.070]",0.056,0.0,0.0,0.0,0.0,10.0,1.1318687527740714,0.16710872265243804,0.5084975643664037,0.0,0.0,0.0,0.0,11.0,1.1287974375290004,0.16223487993366556,0.5050500305273027,4.406679e-09,8.478459e-11,0.006555712,0.006342197482368614,1.0,0.006056883,0.0062991824152526295,0.006453669,0.006315135482368613,0.9817702615625546,1.729404e-08,1.92516e-10,0.006510648,0.006312944482368614,1.0,0.005896909,0.0055982411498718635,0.006453669,0.006315135482368613,0.9107094617427386
20,40,0.34740000000000004,60.0,0.168,10800.0,1149.382877592507,5,0.9321,0.03,0.05,0.0365,1000.0,10066.68,1119.2608831936827,0.0074,1.0471975511965976,0.24999999999999994,0.7500000000000001,0.3333333333333333,0.1664557742288489,1.137135950529,1.044003114186851,0.1794,0.34,4.01341260817504,0.06232355999999999,0.09054756,0.3009112161419046,1.133292390529,0.5079816706686685,0.0008391631321434513,11996094.221021075,1369677.5198603754,0.0013819555486642438,775.8950229999318,7810686.910132954,868428.9487084865,20.05934016515744,2.2302918926137147,9.819182412278091e-08,"[0.270,0.340]",0.3,"[0.045,0.070]",0.056,0.0,0.0,0.0,0.0,10.0,1.1318687527740714,0.16710872265243804,0.5084975643664037,0.0,0.0,0.0,0.0,11.0,1.1287974375290004,0.16223487993366556,0.5050500305273027,4.406679e-09,8.478459e-11,0.006066484,0.006289218191824123,1.0,0.006056883,0.0062991824152526295,0.006007093,0.006339446191824123,0.9986590332855272,1.729404e-08,1.92516e-10,0.0060621,0.006324568191824123,1.0,0.005896909,0.0055982411498718635,0.006007093,0.006339446191824123,0.9263758195532152
20,40,0.34740000000000004,60.0,0.173,10800.0,1187.9814811092187,5,0.9321,0.03,0.05,0.0365,1000.0,10066.68,1153.7452626825814,0.0074,1.0471975511965976,0.24999999999999994,0.7500000000000001,0.3333333333333333,0.1714557742288489,1.148218680529,1.044003114186851,0.17440000000000003,0.34,4.01341260817504,0.060586560000000005,0.09051556,0.3008580396133698,1.144412120529,0.5010041048449961,0.00086380485758372,11653882.13740664,1375289.187921798,0.0013819555486642438,809.1724839360763,8145680.460589621,933578.9200343452,20.91966777258291,2.3976094988130146,3.68799948499155e-08,"[0.270,0.340]",0.3,"[0.045,0.070]",0.056,0.0,0.0,0.0,0.0,10.0,1.1318687527740714,0.16710872265243804,0.5084975643664037,0.0,0.0,0.0,0.0,12.0,1.1487974375290004,0.17289275882392457,0.4944320300546006,4.406679e-09,8.478459e-11,0.005649673,0.00639628187999485,1.0,0.006056883,0.0062991824152526295,0.005595959,0.006461791879994849,1.0020812566807715,1.729404e-08,1.92516e-10,0.005610273,0.00637844687999485,1.0,0.00528648,0.006166498662483496,0.005595959,0.00646179087999485,0.9622997941754904
20,40,0.34740000000000004,60.0,0.178,10900.0,1245.989968040685,5,0.9321,0.03,0.05,0.0365,1000.0,10159.890000000001,1206.5443807126405,0.0074,1.0471975511965976,0.24999999999999994,0.7500000000000001,0.3333333333333333,0.1764557742288489,1.159301410529,1.044003114186851,0.16940000000000002,0.34,4.01341260817504,0.05884956,0.09053356,0.3008879525670644,1.155531850529,0.493682549820226,0.000887163801732096,11452101.60757671,1404464.3904632018,0.0013819555486642438,845.4471389296075,8589649.93233953,1020069.494665097,22.059866420825113,2.619733862208942,1.385506660623173e-08,"[0.270,0.340]",0.3,"[0.045,0.070]",0.056,0.0,0.0,0.0,0.0,10.0,1.1318687527740714,0.16710872265243804,0.5084975643664037,0.0,0.0,0.0,0.0,12.0,1.1487974375290004,0.17289275882392457,0.4944320300546006,4.406679e-09,8.478459e-11,0.005265659,0.0065977408550666064,1.0,0.006056883,0.0062991824152526295,0.005216961,0.006678217855066606,0.9914454223629473,1.729404e-08,1.92516e-10,0.005227104,0.006585542855066606,1.0,0.00528648,0.006166498662483496,0.00521696,0.006678217855066606,0.9520861578719007
20,40,0.34740000000000004,60.0,0.183,11000.0,1322.8378583157885,5,0.9321,0.03,0.05,0.0365,1000.0,10253.1,1276.4134659004771,0.0074,1.0471975511965976,0.24999999999999994,0.7500000000000001,0.3333333333333333,0.1814557742288489,1.170384140529,1.044003114186851,0.16440000000000002,0.34,4.01341260817504,0.05711256,0.09060156,0.30100093023112073,1.166651580529,0.48600808757454467,0.0009092321075929936,11276658.527978064,1454895.672148811,0.0013819555486642438,885.0290351288656,9074291.200079773,1129662.9781513906,23.30451803207619,2.9011909210348614,5.206373187925001e-09,"[0.270,0.340]",0.3,"[0.045,0.070]",0.056,0.0,0.0,0.0,0.0,11.0,1.198620804279,0.19690134972738893,0.4605764960745828,0.0,0.0,0.0,0.0,13.0,1.1687974375290004,0.18355063771418362,0.4836179135396301,4.406679e-09,8.478459e-11,0.004911352,0.006890587206373188,1.0,0.0039282,0.008261435347541169,0.004830804,0.006938285206373187,1.1547396376572443,1.729404e-08,1.92516e-10,0.004873471,0.006884003206373187,1.0,0.004752275,0.0069651837246975535,0.004830804,0.006938284206373188,1.0031758613684338
20,40,0.34740000000000004,60.0,0.188,10200.0,1332.1411340040347,5,0.9321,0.03,0.05,0.0365,1000.0,9507.42,1278.8381267278342,0.0074,1.0471975511965976,0.24999999999999994,0.7500000000000001,0.3333333333333333,0.1864557742288489,1.1814668705290001,1.044003114186851,0.15940000000000001,0.34,4.01341260817504,0.05537556,0.09071956,0.3011968791338981,1.177771310529,0.4779718833095776,0.0009300062010717702,10222964.093189199,1432400.270523821,0.0013819555486642438,928.2690787435312,8825444.004627824,1187105.8897597499,22.665430766109836,3.048715321550044,1.956918323887873e-09,"[0.270,0.340]",0.3,"[0.045,0.070]",0.056,0.0,0.0,0.0,0.0,11.0,1.198620804279,0.19690134972738893,0.4605764960745828,0.0,0.0,0.0,0.0,13.0,1.1687974375290004,0.18355063771418362,0.4836179135396301,4.406679e-09,8.478459e-11,0.004583943,0.007272817956918323,1.0,0.0039282,0.008261435347541169,0.004506475,0.0073409269569183234,1.1100617966596005,1.729404e-08,1.92516e-10,0.004546588,0.007271882956918324,1.0,0.004752275,0.0069651837246975535,0.004506474,0.007340925956918324,0.9643622051907992
20,40,0.34740000000000004,60.0,0.193,9060.0,1431.3692745071098,5,0.9321,0.03,0.05,0.0365,1000.0,8444.826000000001,1361.5835070233463,0.0074,1.0471975511965976,0.24999999999999994,0.7500000000000001,0.3333333333333333,0.1914557742288489,1.1925496005290002,1.044003114186851,0.1544,0.34,4.01341260817504,0.053638559999999995,0.09088756,0.3014756374899969,1.188891040529,0.4695652173913043,0.0009494867946150687,8894095.260612464,1507518.8855969303,0.0013819555486642438,975.5656808934411,8238482.426716636,1328314.1411225104,21.158000998322912,3.411365160264992,7.357339731444047e-10,"[0.270,0.340]",0.3,"[0.045,0.070]",0.056,0.0,0.0,0.0,0.0,11.0,1.198620804279,0.19690134972738893,0.4605764960745828,0.0,0.0,0.0,0.0,14.0,1.1887974375290005,0.19420851660444263,0.47266172969057707,4.406679e-09,8.478459e-11,0.004280944,0.007743151735733973,1.0,0.0039282,0.008261435347541169,0.004206399,0.007832441735733974,1.0528434060433776,1.729404e-08,1.92516e-10,0.004243987,0.0077479317357339724,1.0,0.004309665,0.008046962549350802,0.004206399,0.007832440735733973,1.0185090338940124
20,40,0.34740000000000004,60.0,0.198,9960.0,1648.0618922370734,5,0.9321,0.03,0.05,0.0365,1000.0,9283.716,1564.9486718879411,0.0074,1.0471975511965976,0.24999999999999994,0.7500000000000001,0.3333333333333333,0.1964557742288489,1.203632330529,1.044003114186851,0.1494,0.34,4.01341260817504,0.05190155999999999,0.09110556,0.3018369758661122,1.2000107705290002,0.4607795196318136,0.000967678855541143,9593798.548805103,1703108.30168491,0.0013819555486642438,1027.37273132994,9537836.663811466,1607785.5914286762,24.494991577616297,4.129101378941033,2.7668071410428747e-10,"[0.270,0.340]",0.3,"[0.045,0.070]",0.056,0.0,0.0,0.0,0.0,11.0,1.198620804279,0.19690134972738893,0.4605764960745828,0.0,0.0,0.0,0.0,15.0,1.2087974375290005,0.20486639549470168,0.4616139430195788,4.406679e-09,8.478459e-11,0.004000209,0.008300708276680715,1.0,0.0039282,0.008261435347541169,0.003928446,0.008411938276680716,0.986177003661867,1.729404e-08,1.92516e-10,0.003963531,0.008311287276680715,1.0,0.003943645,0.009407106063917179,0.003928445,0.008411937276680714,1.093119007720403
20,40,0.34740000000000004,60.0,0.203,9700.0,1833.153021020179,5,0.9321,0.03,0.05,0.0365,1000.0,9041.37,1733.2844374077558,0.0074,1.0471975511965976,0.24999999999999994,0.7500000000000001,0.3333333333333333,0.20145577422884892,1.214715060529,1.044003114186851,0.1444,0.34,4.01341260817504,0.05016455999999999,0.09137355999999999,0.3022805981203557,1.211130500529,0.45160640593828844,0.0009845915397433175,9182863.791778143,1861841.1260146326,0.0013819555486642438,1084.209221005757,9802736.724524822,1879242.9696632647,25.17530567658837,4.826255925397783,1.0407487695832496e-10,"[0.270,0.340]",0.3,"[0.045,0.070]",0.056,0.0,0.0,0.0,0.0,11.0,1.198620804279,0.19690134972738893,0.4605764960745828,0.0,0.0,0.0,0.0,15.0,1.2087974375290005,0.20486639549470168,0.4616139430195788,4.406679e-09,8.478459e-11,0.003739942,0.008944694104074877,1.0,0.0039282,0.008261435347541169,0.003670815,0.009078547104074877,0.9133673005259579,1.729404e-08,1.92516e-10,0.003703425,0.008961155104074877,1.0,0.003943645,0.009407106063917179,0.003670815,0.009078546104074877,1.0124136942687556
20,40,0.34740000000000004,60.0,0.208,10000.0,2111.894883521824,5,0.9321,0.03,0.05,0.0365,1000.0,9321.0,1991.2260817927875,0.0074,1.0471975511965976,0.24999999999999994,0.7500000000000001,0.3333333333333333,0.2064557742288489,1.225797790529,1.044003114186851,0.13940000000000002,0.34,4.01341260817504,0.04842756,0.09169156,0.3028061426061235,1.2222502305290002,0.4420377173408368,0.0010002380919698667,9318781.273009952,2111392.177999003,0.0013819555486642438,1146.6709265309964,10688119.706195418,2283281.0561420214,27.449138773486826,5.863903127187711,3.915801964708186e-11,"[0.270,0.340]",0.3,"[0.045,0.070]",0.056,0.0,0.0,0.0,0.0,11.0,1.198620804279,0.19690134972738893,0.4605764960745828,0.0,0.0,0.0,0.0,16.0,1.2287974375290005,0.2155242743849607,0.45052120593368233,4.406679e-09,8.478459e-11,0.003474521,0.009645051039158019,1.0,0.0039282,0.008261435347541169,0.003432027,0.009831091039158019,0.8375814976871914,1.729404e-08,1.92516e-10,0.003462203,0.009696482039158018,1.0,0.003643133,0.011034630007441593,0.003432027,0.009831091039158019,1.0841690121163934
20,40,0.34740000000000004,60.0,0.213,11200.0,2508.3062018713213,5,0.9321,0.03,0.05,0.0365,1000.0,10439.52,2362.012611650146,0.0074,1.0471975511965976,0.24999999999999994,0.7500000000000001,0.3333333333333333,0.2114557742288489,1.236880520529,1.044003114186851,0.13440000000000002,0.34,4.01341260817504,0.046690560000000006,0.09205956000000001,0.30341318362918906,1.233369960529,0.43206556139162494,0.001014635714371725,10288934.099332666,2472124.8881175993,0.0013819555486642438,1215.4446924438723,12688659.175661655,2870895.6923156595,32.58690734538875,7.3730100736895,1.4736764262827807e-11,"[0.270,0.340]",0.3,"[0.045,0.070]",0.056,0.0,0.0,0.0,0.0,11.0,1.198620804279,0.19690134972738893,0.4605764960745828,0.0,0.0,0.0,0.0,16.0,1.2287974375290005,0.2155242743849607,0.45052120593368233,4.406679e-09,8.478459e-11,0.003251957,0.010463330014736764,1.0,0.0039282,0.008261435347541169,0.003210908,0.010667760014736764,0.7615884274142064,1.729404e-08,1.92516e-10,0.003238731,0.010515620014736764,1.0,0.003643133,0.011034630007441593,0.003210907,0.010667760014736764,0.9858032982315907
20,40,0.40740000000000004,60.0,0.0375,19200.0,1475.1708377121538,6,0.9377,0.03,0.05,0.0371,1000.0,18003.84,1498.400985954731,0.0074,1.0471975511965976,0.24999999999999994,0.7500000000000001,0.3333333333333333,0.0353643749986652,0.8057266975290001,1.03734225,0.36990000000000006,0.4,4.01341260817504,0.15069726,0.15210351,0.39000449997403874,0.800029437529,0.5977687390221961,-0.00023703849775767431,-75953231.94464985,-6223338.620801709,0.0009984628839099165,609.914606681726,10980804.992360726,913896.6480000902,28.20081065383191,2.34706165398184,9.23421544844025e-05,"[0.340,0.428]",0.38,"[0.145,0.206]",0.16,0.0,0.0,0.0,0.0,0.0,0.8169719066030741,0.04222274532634973,0.5970148508546541,0.0,0.0,0.0,0.0,0.0,0.8064986157136859,0.04590475969397277,0.5968556941286498,6.542464e-10,7.733592e-12,0.005872488,0.008446920154484403,1.0,0.009012593,0.011532891763552305,0.006131586,0.008742899154484403,1.3889399506724256,5.512642e-10,5.581626e-12,0.006089235,0.008689752154484403,1.0,0.00798615,0.011220125098395246,0.006131586,0.008742899154484403,1.2937804214899282
20,40,0.40740000000000004,60.0,0.0425,22100.0,1696.3637579654608,6,0.9377,0.03,0.05,0.0371,1000.0,20723.17,1723.3202846792674,0.0074,1.0471975511965976,0.24999999999999994,0.7500000000000001,0.3333333333333333,0.04036437499866521,0.8171094275290001,1.03734225,0.36490000000000006,0.4,4.01341260817504,0.14866026000000002,0.15046651000000003,0.38790012889917946,0.8114491675290001,0.5970980587050341,-0.00020300122126349707,-102083967.13584876,-8356421.441246249,0.0009984628839099165,612.6376081302307,12695793.30167615,1055770.8172482145,32.60522914757496,2.711421697386627,0.00012337916245387195,"[0.340,0.428]",0.38,"[0.145,0.206]",0.16,0.0,0.0,0.0,0.0,0.0,0.8169719066030741,0.04222274532634973,0.5970148508546541,0.0,0.0,0.0,0.0,0.0,0.8064986157136859,0.04590475969397277,0.5968556941286498,6.542464e-10,7.733592e-12,0.00803514,0.010740249162453872,1.0,0.009012593,0.011532891763552305,0.008311106,0.011035909162453872,1.0636770140024505,5.512642e-10,5.581626e-12,0.008258617,0.010978619162453872,1.0,0.00798615,0.011220125098395246,0.008311106,0.011035909162453872,0.9908020104389669
20,40,0.40740000000000004,60.0,0.0475,24300.0,1856.139542394806,6,0.9377,0.03,0.05,0.0371,1000.0,22786.11,1887.0051357210618,0.0074,1.0471975511965976,0.24999999999999994,0.7500000000000001,0.3333333333333333,0.045364374998665205,0.8284921575290001,1.03734225,0.35990000000000005,0.4,4.01341260817504,0.14662326,0.14887951,0.3858490767126442,0.822868897529,0.596329454598302,-0.00016903605969905173,-134800290.78155226,-10980731.245743886,0.0009984628839099165,615.7698980120679,14031000.630791761,1161960.9599712065,36.03429733503422,2.98413832520379,0.00015677537195725187,"[0.340,0.428]",0.38,"[0.145,0.206]",0.16,0.0,0.0,0.0,0.0,0.0,0.8169719066030741,0.04222274532634973,0.5970148508546541,0.0,0.0,0.0,0.0,1.0,0.8255120525290002,0.056036905037233374,0.5953264865653454,6.542464e-10,7.733592e-12,0.009932077,0.01299169537195725,1.0,0.009012593,0.011532891763552305,0.01011226,0.013286025371957251,0.8781810997755137,5.512642e-10,5.581626e-12,0.0100748,0.013220075371957251,1.0,0.009115455,0.014972720357001446,0.01011226,0.013286025371957251,1.022267958484626
20,40,0.40740000000000004,60.0,0.0525,26500.0,2025.8701832456982,6,0.9377,0.03,0.05,0.0371,1000.0,24849.05,2059.3026260834613,0.0074,1.0471975511965976,0.24999999999999994,0.7500000000000001,0.3333333333333333,0.0503643749986652,0.8398748875290001,1.03734225,0.35490000000000005,0.4,4.01341260817504,0.14458626,0.14734250999999998,0.3838521981179735,0.8342886275290001,0.5954594987286597,-0.00013516612185525615,-183840814.98328277,-14988002.581113627,0.0009984628839099165,619.3303768789576,15389771.501584062,1275388.6715200972,39.52388121124492,3.2754424161618827,0.00019170934311246875,"[0.340,0.428]",0.38,"[0.100,0.145]",0.12,0.0,0.0,0.0,0.0,1.0,0.8396920518425108,0.05374113893276278,0.595141513087731,0.0,0.0,0.0,0.0,0.0,0.8456444244855218,0.04544956636102806,0.5958969257319884,6.542464e-10,7.733592e-12,0.01095417,0.015175589343112469,1.0,0.01142183,0.01628324488532103,0.01099621,0.015463919343112469,1.0470112071273618,2.094834e-09,3.932807e-11,0.01098966,0.015391229343112468,1.0,0.01372065,0.0152145700136311,0.01099621,0.015463919343112469,1.1030818198469936
20,40,0.40740000000000004,60.0,0.0575,28400.0,2215.6028523397,6,0.9377,0.03,0.05,0.0371,1000.0,26630.68,2245.4853387935227,0.0074,1.0471975511965976,0.24999999999999994,0.7500000000000001,0.3333333333333333,0.05536437499866521,0.8512576175290001,1.03734225,0.34990000000000004,0.4,4.01341260817504,0.14254926,0.14585551000000002,0.3819103428816769,0.8457083575290001,0.5944846716270101,-0.00010141531057331532,-262590331.27693382,-21846828.0559866,0.0009984628839099165,623.3392609845317,16599948.39071555,1399699.1716351553,42.63184727855811,3.594695592815759,0.00022750074870623687,"[0.340,0.428]",0.38,"[0.100,0.145]",0.12,0.0,0.0,0.0,0.0,2.0,0.8553342004534504,0.06159409139437644,0.5935934703503604,0.0,0.0,0.0,0.0,0.0,0.8456444244855218,0.04544956636102806,0.5958969257319884,6.542464e-10,7.733592e-12,0.01118625,0.01724933074870624,1.0,0.0112776,0.01908362541710557,0.01116385,0.017520360748706238,1.0572739933157878,2.094834e-09,3.932807e-11,0.01117364,0.017444950748706237,1.0,0.01372065,0.0152145700136311,0.01116385,0.017520360748706238,1.0201427883271847
20,40,0.40740000000000004,60.0,0.0625,30000.0,2340.9613409188173,6,0.9377,0.03,0.05,0.0371,1000.0,28131.0,2372.456405720554,0.0074,1.0471975511965976,0.24999999999999994,0.7500000000000001,0.3333333333333333,0.060364374998665205,0.862640347529,1.03734225,0.34490000000000004,0.4,4.01341260817504,0.14051226,0.14441851,0.38002435448270944,0.8571280875289999,0.5934013613677757,-6.780828224337319e-05,-414860826.2783298,-34523236.15154838,0.0009984628839099165,627.8181904328212,17661153.515065692,1489471.2875202333,45.357225317553834,3.8252475827500296,0.0002635753827863297,"[0.340,0.428]",0.38,"[0.100,0.145]",0.12,0.0,0.0,0.0,0.0,2.0,0.8553342004534504,0.06159409139437644,0.5935934703503604,0.0,0.0,0.0,0.0,1.0,0.8656776655681202,0.05612515922291282,0.5937653970317238,6.542464e-10,7.733592e-12,0.01127613,0.01912408538278633,1.0,0.0112776,0.01908362541710557,0.0112868,0.01936981538278633,0.9905011875508332,2.094834e-09,3.932807e-11,0.01128624,0.01929553538278633,1.0,0.01431265,0.01932100154506152,0.0112868,0.01936981538278633,1.1057364271048729
20,40,0.40740000000000004,60.0,0.0675,32800.0,2554.231782851488,6,0.9377,0.03,0.05,0.0371,1000.0,30756.559999999998,2589.3580410120703,0.0074,1.0471975511965976,0.24999999999999994,0.7500000000000001,0.3333333333333333,0.06536437499866521,0.8740230775290001,1.03734225,0.33990000000000004,0.4,4.01341260817504,0.13847526,0.14303151,0.3781950687145458,0.8685478175290001,0.5922058627308092,-3.4370399782994007e-05,-894856044.567102,-74314869.74193667,0.0009984628839099165,632.7903473395044,19462454.285368305,1638520.7741583665,49.983310744737494,4.208035215683777,0.0002994438045492681,"[0.340,0.428]",0.38,"[0.100,0.145]",0.12,0.0,0.0,0.0,0.0,3.0,0.8723872420289507,0.070085687188716,0.5916659064406171,0.0,0.0,0.0,0.0,1.0,0.8656776655681202,0.05612515922291282,0.5937653970317238,6.542464e-10,7.733592e-12,0.01166606,0.020756813804549266,1.0,0.0118138,0.02151222242431612,0.01173267,0.020983553804549266,1.019092427174744,2.094834e-09,3.932807e-11,0.01171309,0.020899973804549266,1.0,0.01431265,0.01932100154506152,0.01173267,0.020983553804549266,1.035271249442695
20,40,0.40740000000000004,60.0,0.0725,34300.0,2675.696171204674,6,0.9377,0.03,0.05,0.0371,1000.0,32163.11,2711.811848946844,0.0074,1.0471975511965976,0.24999999999999994,0.7500000000000001,0.3333333333333333,0.0703643749986652,0.8854058075290001,1.03734225,0.33490000000000003,0.4,4.01341260817504,0.13643826,0.14169451,0.37642331224301184,0.8799675475290001,0.5908943764997391,-1.1276789649440025e-06,-28521512770.788567,-2372746370.539546,0.0009984628839099165,638.2805850545427,20529088.667973615,1730896.8535036326,52.7226321589367,4.4452746825873,0.00033468642367734446,"[0.340,0.428]",0.38,"[0.100,0.145]",0.12,0.0,0.0,0.0,0.0,4.0,0.8893227882223937,0.07844858835267876,0.5895030219863744,0.0,0.0,0.0,0.0,2.0,0.882850844054246,0.06527664204620932,0.5915972679311029,6.542464e-10,7.733592e-12,0.01231341,0.022118596423677344,1.0,0.01272149,0.023207921104206854,0.01240356,0.022287996423677344,1.0379510392248865,2.094834e-09,3.932807e-11,0.0123756,0.022229436423677345,1.0,0.01400137,0.021870067751968342,0.01240356,0.022287996423677344,1.0372428158397535
20,40,0.40740000000000004,60.0,0.0775,35500.0,2769.503565616529,6,0.9377,0.03,0.05,0.0371,1000.0,33288.35,2806.8566736583957,0.0074,1.0471975511965976,0.24999999999999994,0.7500000000000001,0.3333333333333333,0.0753643749986652,0.8967885375290001,1.03734225,0.3299,0.4,4.01341260817504,0.13440126,0.14040750999999999,0.3747099011235225,0.8913872775290002,0.589463008911451,3.189327198083388e-05,1043742078.8937706,86836608.27527668,0.0009984628839099165,644.3155696202558,21448202.19196844,1808501.4565306257,55.08309174979424,4.644578168748156,0.00036893781389989324,"[0.340,0.428]",0.38,"[0.100,0.145]",0.12,0.0,0.0,0.0,0.0,4.0,0.8893227882223937,0.07844858835267876,0.5895030219863744,0.0,0.0,0.0,0.0,3.0,0.8980617832153133,0.073382459415497,0.5894199408454263,6.542464e-10,7.733592e-12,0.01300685,0.02314434781389989,1.0,0.01272149,0.023207921104206854,0.01309267,0.02326663781389989,0.9873703164373206,2.094834e-09,3.932807e-11,0.01306537,0.02322202781389989,1.0,0.01453131,0.023310048401236814,0.01309267,0.02326663781389989,1.0438955483611183
20,40,0.40740000000000004,60.0,0.0825,35900.0,2807.8550531492124,6,0.9377,0.03,0.05,0.0371,1000.0,33663.43,2844.6839286607856,0.0074,1.0471975511965976,0.24999999999999994,0.7500000000000001,0.3333333333333333,0.08036437499866521,0.9081712675290001,1.03734225,0.3249,0.4,4.01341260817504,0.13236425999999998,0.13917051,0.3730556392818637,0.9028070075290001,0.587907771272329,6.466531950456214e-05,520579350.0738065,43421343.53718176,0.0009984628839099165,650.9239347814236,21912332.31383902,1851672.856053357,56.275066809429475,4.755450592440996,0.0004018567991318756,"[0.340,0.428]",0.38,"[0.100,0.145]",0.12,0.0,0.0,0.0,0.0,5.0,0.9064876069630123,0.08685509295375982,0.5870560833230016,0.0,0.0,0.0,0.0,3.0,0.8980617832153133,0.073382459415497,0.5894199408454263,6.542464e-10,7.733592e-12,0.01361477,0.023847396799131875,1.0,0.01342611,0.024106214350010098,0.01368267,0.023914626799131873,0.9991786207165326,2.094834e-09,3.932807e-11,0.01366153,0.023888826799131874,1.0,0.01453131,0.023310048401236814,0.01368267,0.023914626799131873,1.0061491199419663
20,40,0.40740000000000004,60.0,0.0875,37600.0,2942.176065135502,6,0.9377,0.03,0.05,0.0371,1000.0,35257.52,2980.569502162755,0.0074,1.0471975511965976,0.24999999999999994,0.7500000000000001,0.3333333333333333,0.0853643749986652,0.9195539975289999,1.03734225,0.3199,0.4,4.01341260817504,0.13032726,0.13798351,0.371461316963153,0.9142267375289999,0.5862245797578465,9.716087855952272e-05,362877739.71085006,30281488.89507072,0.0009984628839099165,658.136452026394,23204259.120049622,1961621.4371714708,59.592982323447025,5.03781961000633,0.0004330482487431259,"[0.340,0.428]",0.38,"[0.100,0.145]",0.12,0.0,0.0,0.0,0.0,6.0,0.9223887213663167,0.09458164677577774,0.5845578282040849,0.0,0.0,0.0,0.0,4.0,0.9178274233290482,0.08391544934152863,0.5862393929861951,6.542464e-10,7.733592e-12,0.01408071,0.024169108248743125,1.0,0.01378593,0.024231608349923276,0.01412595,0.024181868248743126,0.9948970860708339,2.094834e-09,3.932807e-11,0.01411359,0.024176758248743126,1.0,0.01508705,0.024015443166125878,0.01412595,0.024181868248743126,1.0225197722270205
20,40,0.40740000000000004,60.0,0.0925,36200.0,2839.911970414361,6,0.9377,0.03,0.05,0.0371,1000.0,33944.74,2875.915077278475,0.0074,1.0471975511965976,0.24999999999999994,0.7500000000000001,0.3333333333333333,0.0903643749986652,0.9309367275289999,1.03734225,0.3149,0.4,4.01341260817504,0.12829026,0.13684650999999998,0.36992770915409945,0.9256464675289999,0.5844092554130671,0.00012935199298419464,262421468.86865255,21954914.68586314,0.0009984628839099165,665.9862173234983,22606728.990629643,1915319.803660308,58.058410490921496,4.918908145817701,0.00046184431522233537,"[0.340,0.428]",0.38,"[0.100,0.145]",0.12,0.0,0.0,0.0,0.0,6.0,0.9223887213663167,0.09458164677577774,0.5845578282040849,0.0,0.0,0.0,0.0,4.0,0.9178274233290482,0.08391544934152863,0.5862393929861951,6.542464e-10,7.733592e-12,0.0143918,0.024167334315222333,1.0,0.01378593,0.024231608349923276,0.01441116,0.024120174315222336,0.9853515786929989,2.094834e-09,3.932807e-11,0.01440966,0.024139494315222335,1.0,0.01508705,0.024015443166125878,0.01441116,0.024120174315222336,1.0127092398951565
20,40,0.40740000000000004,60.0,0.0975,37500.0,2944.426939279851,6,0.9377,0.03,0.05,0.0371,1000.0,35163.75,2981.389950428162,0.0074,1.0471975511965976,0.24999999999999994,0.7500000000000001,0.3333333333333333,0.09536437499866521,0.9423194575289999,1.03734225,0.3099,0.4,4.01341260817504,0.12625325999999998,0.13575950999999997,0.3684555739841643,0.937066197529,0.5824575243726229,0.00016121042224029366,218123304.38280445,18264494.92757366,0.0009984628839099165,674.5088564290345,23718260.80025646,2010973.9260323155,60.913037098060435,5.1645662551410245,0.0004867006637196053,"[0.340,0.428]",0.38,"[0.100,0.145]",0.12,0.0,0.0,0.0,0.0,7.0,0.9399285011860588,0.10303795316723663,0.5815399663383057,0.0,0.0,0.0,0.0,5.0,0.9411357339332085,0.09633630691931264,0.5819956088238744,6.542464e-10,7.733592e-12,0.01453461,0.023793700663719608,1.0,0.01385198,0.023634045747952664,0.01452792,0.02369461066371961,0.9815594525947632,2.094834e-09,3.932807e-11,0.01453813,0.023736880663719605,1.0,0.01501349,0.023356981193341755,0.01452792,0.02369461066371961,1.0055767247064118
20,40,0.40740000000000004,60.0,0.103,36900.0,2906.277688395476,6,0.9377,0.03,0.05,0.0371,1000.0,34601.13,2941.47147763437,0.0074,1.0471975511965976,0.24999999999999994,0.7500000000000001,0.3333333333333333,0.1008643749986652,0.954840460529,1.03734225,0.30440000000000006,0.4,4.01341260817504,0.12401256000000001,0.13462156,0.3669081083868276,0.9496279005289999,0.5801478541069685,0.00019583650600952536,176683758.84073943,14840326.492825177,0.0009984628839099165,684.7068252938546,23691629.87387995,2014045.597143453,60.84464377782548,5.172454894949882,0.0005045811316778498,"[0.340,0.428]",0.38,"[0.100,0.145]",0.12,0.0,0.0,0.0,0.0,8.0,0.9550704636078093,0.11028337121129994,0.5787095036564466,0.0,0.0,0.0,0.0,5.0,0.9411357339332085,0.09633630691931264,0.5819956088238744,6.542464e-10,7.733592e-12,0.01451073,0.02306468113167785,1.0,0.01365493,0.022591080445074685,0.01447471,0.02290883113167785,0.9714324488164255,2.094834e-09,3.932807e-11,0.01449876,0.02297731113167785,1.0,0.01501349,0.023356981193341755,0.01447471,0.02290883113167785,1.0234109348798808
20,40,0.40740000000000004,60.0,0.108,36500.0,2880.911314460446,6,0.9377,0.03,0.05,0.0371,1000.0,34226.049999999996,2914.91885995461,0.0074,1.0471975511965976,0.24999999999999994,0.7500000000000001,0.3333333333333333,0.1058643749986652,0.966223190529,1.03734225,0.29940000000000005,0.4,4.01341260817504,0.12197556000000001,0.13363956000000002,0.3655674493168121,0.961047630529,0.5778953382928584,0.00022690364192136131,150839579.7889477,12696628.798311189,0.0009984628839099165,694.7710256902187,23779267.863824707,2025201.1661344275,61.06971492354147,5.201104533029157,0.0005009995594023101,"[0.340,0.428]",0.38,"[0.100,0.145]",0.12,0.0,0.0,0.0,0.0,8.0,0.9550704636078093,0.11028337121129994,0.5787095036564466,0.0,0.0,0.0,0.0,6.0,0.9607444672681305,0.1067856821730618,0.5780287757235582,6.542464e-10,7.733592e-12,0.0143269,0.022088509559402312,1.0,0.01365493,0.022591080445074685,0.01426701,0.021893409559402312,0.9999181970879204,2.094834e-09,3.932807e-11,0.01430294,0.02198137955940231,1.0,0.01443667,0.021876590188762392,0.01426701,0.021893409559402312,1.0041606222030854
20,40,0.40740000000000004,60.0,0.113,35800.0,2836.65295691008,6,0.9377,0.03,0.05,0.0371,1000.0,33569.659999999996,2868.5712168793316,0.0074,1.0471975511965976,0.24999999999999994,0.7500000000000001,0.3333333333333333,0.11086437499866521,0.977605920529,1.03734225,0.29440000000000005,0.4,4.01341260817504,0.11993856,0.13270756,0.3642904884841217,0.972467360529,0.5754925701037121,0.00025754977424326193,130342416.71783663,11013999.003667513,0.0009984628839099165,705.6371924785656,23688000.63486,2024170.539903554,60.835323196821605,5.198457687446163,0.00045735445731022656,"[0.340,0.428]",0.38,"[0.100,0.145]",0.12,0.0,0.0,0.0,0.0,9.0,0.9688045205774769,0.11681207741199573,0.5759581271306058,0.0,0.0,0.0,0.0,7.0,0.9798197527924936,0.11695078631885043,0.5738378040897882,6.542464e-10,7.733592e-12,0.01402039,0.02092817445731023,1.0,0.01330551,0.021287565144890296,0.01393795,0.020697494457310228,0.9972396208201724,2.094834e-09,3.932807e-11,0.01398545,0.020803624457310228,1.0,0.01357331,0.019851862111362632,0.01393795,0.020697494457310228,0.967874733881704
20,40,0.40740000000000004,60.0,0.118,33000.0,2597.0367732460804,6,0.9377,0.03,0.05,0.0371,1000.0,30944.1,2628.7831005874523,0.0074,1.0471975511965976,0.24999999999999994,0.7500000000000001,0.3333333333333333,0.1158643749986652,0.988988650529,1.03734225,0.28940000000000005,0.4,4.01341260817504,0.11790156,0.13182556,0.36307789797783063,0.983887090529,0.5729348942700466,0.00028774652577942783,107539439.15110971,9025432.248787044,0.0009984628839099165,717.3539516953687,22197872.416656658,1885767.9453564128,57.008388490238666,4.843013312872684,0.00035489250232225507,"[0.340,0.428]",0.38,"[0.100,0.145]",0.12,0.0,0.0,0.0,0.0,10.0,0.984796302299891,0.12436348643357376,0.5725288632685221,0.0,0.0,0.0,0.0,7.0,0.9798197527924936,0.11695078631885043,0.5738378040897882,6.542464e-10,7.733592e-12,0.01359669,0.019534622502322255,1.0,0.01273754,0.01947464302128233,0.01350877,0.019336022502322255,0.9810527284164905,2.094834e-09,3.932807e-11,0.01355387,0.019401512502322256,1.0,0.01357331,0.019851862111362632,0.01350877,0.019336022502322255,1.0159963301421546
20,40,0.40740000000000004,60.0,0.123,29700.0,2380.0945356109614,6,0.9377,0.03,0.05,0.0371,1000.0,27849.69,2403.097504116168,0.0074,1.0471975511965976,0.24999999999999994,0.7500000000000001,0.3333333333333333,0.1208643749986652,1.000371380529,1.03734225,0.28440000000000004,0.4,4.01341260817504,0.11586456,0.13099356,0.36193032478641524,0.995306820529,0.5702175659075878,0.00031746576256562887,87725018.83330712,7497169.195115743,0.0009984628839099165,729.9738847131522,20329546.397357028,1754198.4204241592,52.210169384576446,4.5051175699822155,0.00021785283836418294,"[0.340,0.428]",0.38,"[0.100,0.145]",0.12,0.0,0.0,0.0,0.0,11.0,0.9978520713365624,0.13048893389199756,0.5695449565386197,0.0,0.0,0.0,0.0,8.0,0.996513243767266,0.12584664657208827,0.5699135450066279,6.542464e-10,7.733592e-12,0.0131012,0.018090872838364185,1.0,0.0121896,0.017980321771356028,0.01298615,0.017825072838364184,0.9801663436342748,2.094834e-09,3.932807e-11,0.01305149,0.017951512838364183,1.0,0.01269079,0.01787957723231873,0.01298615,0.017825072838364184,0.9926251129522312
20,40,0.40740000000000004,60.0,0.128,27600.0,2230.5156354676806,6,0.9377,0.03,0.05,0.0371,1000.0,25880.52,2249.485335374705,0.0074,1.0471975511965976,0.24999999999999994,0.7500000000000001,0.3333333333333333,0.1258643749986652,1.011754110529,1.03734225,0.27940000000000004,0.4,4.01341260817504,0.11382756,0.13021156,0.3608483892163023,1.006726550529,0.5673357525380218,0.0003466797101387096,74652537.32225914,6433937.638217223,0.0009984628839099165,743.5539047769743,19243561.703658577,1672613.6048564033,49.42115266483179,4.295592135585128,0.00010696156924805637,"[0.340,0.428]",0.38,"[0.100,0.145]",0.12,0.0,0.0,0.0,0.0,12.0,1.0092635063316036,0.1358142899032012,0.5667979006859059,0.0,0.0,0.0,0.0,9.0,1.016174413242903,0.13632396472769806,0.5649997294345636,6.542464e-10,7.733592e-12,0.01253418,0.016609151569248057,1.0,0.01167825,0.01674183403166553,0.01242506,0.01639915156924806,0.9870370700777745,2.094834e-09,3.932807e-11,0.01249813,0.01653160156924806,1.0,0.01156891,0.01568826733322986,0.01242506,0.01639915156924806,0.9492600882097992
20,40,0.40740000000000004,60.0,0.133,25900.0,2101.178240621954,6,0.9377,0.03,0.05,0.0371,1000.0,24286.43,2117.9499357364202,0.0074,1.0471975511965976,0.24999999999999994,0.7500000000000001,0.3333333333333333,0.1308643749986652,1.023136840529,1.03734225,0.27440000000000003,0.4,4.01341260817504,0.11179056,0.12947956,0.35983268334046586,1.018146280529,0.5642845364904528,0.0003753610723411005,64701514.860151194,5597752.1257520225,0.0009984628839099165,758.1556750674991,18412894.731629565,1605735.763287412,47.287840761844805,4.123837027618438,4.558173699161844e-05,"[0.340,0.428]",0.38,"[0.100,0.145]",0.12,0.0,0.0,0.0,0.0,13.0,1.0235841221347433,0.14246014103655724,0.5631624480131798,0.0,0.0,0.0,0.0,9.0,1.016174413242903,0.13632396472769806,0.5649997294345636,6.542464e-10,7.733592e-12,0.01194573,0.015269841736991618,1.0,0.01100277,0.015251807605785076,0.0118133,0.015006831736991619,0.9812815031390743,2.094834e-09,3.932807e-11,0.0118891,0.015134591736991618,1.0,0.01156891,0.01568826733322986,0.0118133,0.015006831736991619,1.0155374319884907
20,40,0.40740000000000004,60.0,0.138,23600.0,1934.2399020852638,6,0.9377,0.03,0.05,0.0371,1000.0,22129.72,1947.0246584822091,0.0074,1.0471975511965976,0.24999999999999994,0.7500000000000001,0.3333333333333333,0.13586437499866522,1.034519570529,1.03734225,0.26940000000000003,0.4,4.01341260817504,0.10975356,0.12879756,0.35888376948533074,1.029566010529,0.561058917710279,0.0004034831518064367,54846701.53121117,4793855.439627323,0.0009984628839099165,773.846073634445,17124996.932629652,1506697.3872359039,43.980272510122745,3.8694875065737944,1.8172439790267017e-05,"[0.340,0.428]",0.38,"[0.100,0.145]",0.12,0.0,0.0,0.0,0.0,13.0,1.0235841221347433,0.14246014103655724,0.5631624480131798,0.0,0.0,0.0,0.0,10.0,1.0361021086002835,0.146943312911745,0.5597148289100915,6.542464e-10,7.733592e-12,0.0113469,0.014048392439790267,1.0,0.01100277,0.015251807605785076,0.01120733,0.013793502439790268,1.0478320830928713,2.094834e-09,3.932807e-11,0.01128733,0.013917802439790267,1.0,0.01047258,0.013871189047599078,0.01120733,0.013793502439790268,0.9766223754096134
20,40,0.40740000000000004,60.0,0.143,21700.0,1793.2188937620738,6,0.9377,0.03,0.05,0.0371,1000.0,20348.09,1803.1216854441698,0.0074,1.0471975511965976,0.24999999999999994,0.7500000000000001,0.3333333333333333,0.1408643749986652,1.045902300529,1.03734225,0.2644,0.4,4.01341260817504,0.10771655999999999,0.12816555999999998,0.3580021787643198,1.040985740529,0.5576538170030828,0.00043101997121099914,47209158.1808373,4160407.9011091376,0.0009984628839099165,790.6977113455432,16089188.193253135,1425724.1899582236,41.32011725255619,3.661532825104461,7.043417328916173e-06,"[0.340,0.428]",0.38,"[0.100,0.145]",0.12,0.0,0.0,0.0,0.0,14.0,1.0391504802248652,0.14963806264476653,0.55896637214045,0.0,0.0,0.0,0.0,10.0,1.0361021086002835,0.146943312911745,0.5597148289100915,6.542464e-10,7.733592e-12,0.01071836,0.012875373417328917,1.0,0.01025872,0.013778772370461429,0.01061037,0.012713733417328916,1.03022605840523,2.094834e-09,3.932807e-11,0.01066052,0.012756693417328916,1.0,0.01047258,0.013871189047599078,0.01061037,0.012713733417328916,1.041885768658676
20,40,0.40740000000000004,60.0,0.148,18700.0,1571.3850574467838,6,0.9377,0.03,0.05,0.0371,1000.0,17534.989999999998,1576.6696558029091,0.0074,1.0471975511965976,0.24999999999999994,0.7500000000000001,0.3333333333333333,0.1458643749986652,1.057285030529,1.03734225,0.2594,0.4,4.01341260817504,0.10567955999999999,0.12758355999999998,0.3571884096663832,1.052405470529,0.554064079741939,0.0004579463943238534,38290485.99867236,3431373.3592485106,0.0009984628839099165,808.7895099359644,14182115.968832035,1275193.8782477404,36.42239047009383,3.2749421497247506,2.6664310219275284e-06,"[0.340,0.428]",0.38,"[0.100,0.145]",0.12,0.0,0.0,0.0,0.0,15.0,1.0539720005162208,0.15642878611173405,0.5547264783415659,0.0,0.0,0.0,0.0,11.0,1.0535088308888616,0.1562192498131469,0.5548629119415248,6.542464e-10,7.733592e-12,0.0101295,0.011904006431021928,1.0,0.009572368,0.012577363808615783,0.009989803,0.011691666431021928,1.0229789825406739,2.094834e-09,3.932807e-11,0.01007092,0.011794876431021927,1.0,0.009596297,0.012617109954632074,0.009989803,0.011691666431021928,1.0257041577805377
20,40,0.40740000000000004,60.0,0.153,17100.0,1453.7190239666086,6,0.9377,0.03,0.05,0.0371,1000.0,16034.67,1456.4866190393188,0.0074,1.0471975511965976,0.24999999999999994,0.7500000000000001,0.3333333333333333,0.1508643749986652,1.068667760529,1.03734225,0.2544,0.4,4.01341260817504,0.10364256,0.12705156,0.35644292670776906,1.063825200529,0.5502844800672814,0.00048423824584770933,33113183.722053275,3002073.951060438,0.0009984628839099165,828.2073483487231,13280031.52234682,1206272.9206599512,34.10566481229421,3.0979399284517024,1.0057148083893208e-06,"[0.340,0.428]",0.38,"[0.100,0.145]",0.12,0.0,0.0,0.0,0.0,16.0,1.0680360263199464,0.1628337279423674,0.5504747239227438,0.0,0.0,0.0,0.0,12.0,1.0766199726001868,0.16853503728189279,0.5481052842718372,6.542464e-10,7.733592e-12,0.009529061,0.01100140571480839,1.0,0.008957236,0.011641608729639564,0.00942572,0.010884485714808389,1.0170754687353805,2.094834e-09,3.932807e-11,0.009509361,0.01097661571480839,1.0,0.008521279,0.011350743212522309,0.009425721,0.010884485714808389,0.9857501811225161
20,40,0.40740000000000004,60.0,0.158,16700.0,1422.9848909051796,6,0.9377,0.03,0.05,0.0371,1000.0,15659.59,1425.2878214445734,0.0074,1.0471975511965976,0.24999999999999994,0.7500000000000001,0.3333333333333333,0.1558643749986652,1.080050490529,1.03734225,0.2494,0.4,4.01341260817504,0.10160555999999998,0.12656955999999997,0.35576615915513937,1.0752449305290002,0.5463097256090895,0.000509872429014067,30712760.896447618,2790864.5573497377,0.0009984628839099165,849.0447868611299,13295693.25388268,1210133.194574172,34.14588713896891,3.1078538513200713,3.7888410050154474e-07,"[0.340,0.428]",0.38,"[0.100,0.145]",0.12,0.0,0.0,0.0,0.0,17.0,1.082240705343815,0.16926512816706907,0.5459461816023218,0.0,0.0,0.0,0.0,12.0,1.0766199726001868,0.16853503728189279,0.5481052842718372,6.542464e-10,7.733592e-12,0.00898497,0.010308648884100501,1.0,0.008374354,0.010896620684390814,0.008851229,0.010149278884100502,1.0189904286661327,2.094834e-09,3.932807e-11,0.008929653,0.010223888884100502,1.0,0.008521279,0.011350743212522309,0.008851229,0.010149278884100502,1.0477124610961057
20,40,0.40740000000000004,60.0,0.163,15700.0,1349.9162933188395,6,0.9377,0.03,0.05,0.0371,1000.0,14721.89,1350.6044693194806,0.0074,1.0471975511965976,0.24999999999999994,0.7500000000000001,0.3333333333333333,0.1608643749986652,1.091433220529,1.03734225,0.2444,0.4,4.01341260817504,0.09956855999999999,0.12613755999999998,0.3551584998278937,1.086664660529,0.5421344627616788,0.0005348270398812151,27526450.42642146,2524024.016472046,0.0009984628839099165,871.4038800365175,12828712.067470806,1176921.974959657,32.94658999945457,3.0225610775586453,1.4270166249278272e-07,"[0.340,0.428]",0.38,"[0.070,0.100]",0.093,0.0,0.0,0.0,0.0,17.0,1.082240705343815,0.16926512816706907,0.5459461816023218,0.0,0.0,0.0,0.0,7.0,1.0737524851443845,0.1526188340788792,0.5453638998637611,6.542464e-10,7.733592e-12,0.008477081,0.009758027701662494,1.0,0.008374354,0.010896620684390814,0.008342271,0.009624450701662493,1.0706174644869004,5.055756e-09,1.043033e-10,0.008421067,0.009684241701662493,1.0,0.009013005,0.009555993616315242,0.008342271,0.009624450701662493,1.0255288002718135
20,40,0.40740000000000004,60.0,0.168,14400.0,1254.6270358720121,6,0.9377,0.03,0.05,0.0371,1000.0,13502.88,1253.2721195891575,0.0074,1.0471975511965976,0.24999999999999994,0.7500000000000001,0.3333333333333333,0.16586437499866521,1.102815950529,1.03734225,0.2394,0.4,4.01341260817504,0.09753155999999999,0.12575556,0.35462030398723643,1.098084390529,0.537753282541741,0.0005590814772831179,24151900.123069476,2244086.2143545337,0.0009984628839099165,895.3960913744072,12090425.974297656,1122174.9573086502,31.050529889433687,2.8819602491392238,5.3751635277443905e-08,"[0.340,0.428]",0.38,"[0.070,0.100]",0.093,0.0,0.0,0.0,0.0,18.0,1.1025158838249856,0.17838087825636706,0.539056345450436,0.0,0.0,0.0,0.0,8.0,1.1261944951443845,0.18056486364596683,0.5262092373473725,6.542464e-10,7.733592e-12,0.007952201,0.009272626751635277,1.0,0.007560256,0.01012075512158948,0.007871405,0.009236330751635278,1.037162361472916,5.055756e-09,1.043033e-10,0.007953209,0.009281266751635278,1.0,0.006798865,0.008788666550399405,0.007871405,0.009236330751635278,0.9337472154098119
20,40,0.40740000000000004,60.0,0.173,13700.0,1202.8378943438925,6,0.9377,0.03,0.05,0.0371,1000.0,12846.49,1200.4506973540192,0.0074,1.0471975511965976,0.24999999999999994,0.7500000000000001,0.3333333333333333,0.1708643749986652,1.114198680529,1.03734225,0.23440000000000003,0.4,4.01341260817504,0.09549455999999999,0.12542356,0.3541518883191222,1.1095041205290002,0.5331607270604998,0.0005826165473917304,22049648.36222285,2064544.681624272,0.0009984628839099165,921.1433247177717,11833458.509553608,1105787.1465204488,30.39058821644308,2.839873211860044,2.0251107186951644e-08,"[0.340,0.428]",0.38,"[0.070,0.100]",0.093,0.0,0.0,0.0,0.0,18.0,1.1025158838249856,0.17838087825636706,0.539056345450436,0.0,0.0,0.0,0.0,8.0,1.1261944951443845,0.18056486364596683,0.5262092373473725,6.542464e-10,7.733592e-12,0.007504155,0.008986536251107187,1.0,0.007560256,0.01012075512158948,0.007380268,0.008910268251107188,1.0796788136282687,5.055756e-09,1.043033e-10,0.007452972,0.008936408251107187,1.0,0.006798865,0.008788666550399405,0.007380268,0.008910267251107187,0.9720244301788888
20,40,0.40740000000000004,60.0,0.178,11500.0,1011.1631915622823,6,0.9377,0.03,0.05,0.0371,1000.0,10783.55,1008.9831684501885,0.0074,1.0471975511965976,0.24999999999999994,0.7500000000000001,0.3333333333333333,0.1758643749986652,1.125581410529,1.03734225,0.22940000000000002,0.4,4.01341260817504,0.09345756000000001,0.12514156,0.353753530017723,1.120923850529,0.5283512966408734,0.0006054145618852646,17811844.44328521,1670199.653628274,0.0009984628839099165,948.7790900897047,10231206.756936835,957302.1324779971,26.275698795608207,2.458535252679829,7.631674342632474e-09,"[0.340,0.428]",0.38,"[0.070,0.100]",0.093,0.0,0.0,0.0,0.0,19.0,1.1321948958620225,0.19159199010369476,0.5280101216474122,0.0,0.0,0.0,0.0,8.0,1.1261944951443845,0.18056486364596683,0.5262092373473725,6.542464e-10,7.733592e-12,0.007094713,0.008822469631674342,1.0,0.006579892,0.009758010384859236,0.006968751,0.008773483631674343,1.0481799241610779,5.055756e-09,1.043033e-10,0.007041878,0.008782741631674343,1.0,0.006798865,0.008788666550399405,0.006968751,0.008773483631674343,0.9954611155466364
20,40,0.40740000000000004,60.0,0.183,10800.0,960.1687351710516,6,0.9377,0.03,0.05,0.0371,1000.0,10127.16,956.8733061392924,0.0074,1.0471975511965976,0.24999999999999994,0.7500000000000001,0.3333333333333333,0.1808643749986652,1.136964140529,1.03734225,0.22440000000000002,0.4,4.01341260817504,0.09142056,0.12490956,0.353425465975501,1.132343580529,0.5233194576103533,0.000627459428760306,16139943.932324981,1530248.317517662,0.0009984628839099165,978.4498247691596,9908917.927409243,936252.518718277,25.447999345187608,2.40447581237585,2.876811651152682e-09,"[0.340,0.428]",0.38,"[0.070,0.100]",0.093,0.0,0.0,0.0,0.0,19.0,1.1321948958620225,0.19159199010369476,0.5280101216474122,0.0,0.0,0.0,0.0,8.0,1.1261944951443845,0.18056486364596683,0.5262092373473725,6.542464e-10,7.733592e-12,0.00665307,0.008712707876811651,1.0,0.006579892,0.009758010384859236,0.006593388,0.008750409876811652,1.0623561293750163,5.055756e-09,1.043033e-10,0.006670377,0.008742342876811651,1.0,0.006798865,0.008788666550399405,0.006593388,0.008750409876811652,1.0089243204136633
20,40,0.40740000000000004,60.0,0.188,11000.0,975.0610237690998,6,0.9377,0.03,0.05,0.0371,1000.0,10314.699999999999,972.0449633862182,0.0074,1.0471975511965976,0.24999999999999994,0.7500000000000001,0.3333333333333333,0.1858643749986652,1.148346870529,1.03734225,0.2194,0.4,4.01341260817504,0.08938356,0.12472756,0.35316789208533667,1.1437633105290002,0.5180596507998945,0.0006487367348862225,15899669.997582337,1503014.969454611,0.0009984628839099165,1010.3163941957786,10421110.511211196,982072.9624045317,26.763408013690924,2.5221514889195635,1.0847391413012614e-09,"[0.340,0.428]",0.38,"[0.070,0.100]",0.093,0.0,0.0,0.0,0.0,19.0,1.1321948958620225,0.19159199010369476,0.5280101216474122,0.0,0.0,0.0,0.0,8.0,1.1261944951443845,0.18056486364596683,0.5262092373473725,6.542464e-10,7.733592e-12,0.006297183,0.00877402008473914,1.0,0.006579892,0.009758010384859236,0.006184425,0.00878043208473914,1.0735461278118217,5.055756e-09,1.043033e-10,0.00624965,0.008754619084739141,1.0,0.006798865,0.008788666550399405,0.006184425,0.00878043208473914,1.0195515114808675
20,40,0.40740000000000004,60.0,0.193,10900.0,968.2179506350732,6,0.9377,0.03,0.05,0.0371,1000.0,10220.93,964.9910508007483,0.0074,1.0471975511965976,0.24999999999999994,0.7500000000000001,0.3333333333333333,0.1908643749986652,1.159729600529,1.03734225,0.2144,0.4,4.01341260817504,0.08734656,0.12459556000000001,0.3529809626594613,1.155183040529,0.5125663007784351,0.0006692338194753441,15272584.413042443,1446755.8608949592,0.0009984628839099165,1044.555801867258,10676331.731979113,1007987.0008639036,27.41886499764821,2.5887037036594913,4.091300643981331e-10,"[0.340,0.428]",0.38,"[0.070,0.100]",0.093,0.0,0.0,0.0,0.0,20.0,1.1637365908993704,0.2054649904940512,0.5149091635936068,0.0,0.0,0.0,0.0,8.0,1.1261944951443845,0.18056486364596683,0.5262092373473725,6.542464e-10,7.733592e-12,0.005974723,0.008936343409130064,1.0,0.005778575,0.010209080025609888,0.005858856,0.008971249409130065,1.0837382858997995,5.055756e-09,1.043033e-10,0.005924619,0.008926868409130064,1.0,0.006798865,0.008788666550399405,0.005858856,0.008971249409130065,1.0117998193326019
20,40,0.40740000000000004,60.0,0.198,10200.0,920.5346272511887,6,0.9377,0.03,0.05,0.0371,1000.0,9564.539999999999,915.819248879193,0.0074,1.0471975511965976,0.24999999999999994,0.7500000000000001,0.3333333333333333,0.1958643749986652,1.171112330529,1.03734225,0.2094,0.4,4.01341260817504,0.08530955999999999,0.12451356,0.3528647899691892,1.166602770529,0.5068338258516885,0.0006889398377308578,13882982.919818457,1336161.1229844512,0.0009984628839099165,1081.3631429486195,10342741.035257788,990333.1813408481,26.56214018733943,2.543365313438286,1.54354357166115e-10,"[0.340,0.428]",0.38,"[0.070,0.100]",0.093,0.0,0.0,0.0,0.0,20.0,1.1637365908993704,0.2054649904940512,0.5149091635936068,0.0,0.0,0.0,0.0,9.0,1.1859284674520771,0.21239673577044052,0.5024992161142482,6.542464e-10,7.733592e-12,0.00560779,0.009151427154354358,1.0,0.005778575,0.010209080025609888,0.005562722,0.009258399154354358,1.0640066554650123,5.055756e-09,1.043033e-10,0.005632476,0.009194318154354357,1.0,0.00520188,0.010641730007367197,0.005562721,0.009258399154354358,1.0981549302828235
20,40,0.40740000000000004,60.0,0.203,10700.0,960.0682267094344,6,0.9377,0.03,0.05,0.0371,1000.0,10033.39,955.772892824228,0.0074,1.0471975511965976,0.24999999999999994,0.7500000000000001,0.3333333333333333,0.20086437499866522,1.182495060529,1.03734225,0.2044,0.4,4.01341260817504,0.08327256,0.12448155999999999,0.3528194439086372,1.1780225005290001,0.5008566488525621,0.000707845814035023,14174541.688401598,1356323.9446690178,0.0009984628839099165,1120.953843091611,11246967.079736937,1071377.2973341048,28.884365879022326,2.751502127754089,5.825011001657656e-11,"[0.340,0.428]",0.38,"[0.070,0.100]",0.093,0.0,0.0,0.0,0.0,20.0,1.1637365908993704,0.2054649904940512,0.5149091635936068,0.0,0.0,0.0,0.0,9.0,1.1859284674520771,0.21239673577044052,0.5024992161142482,6.542464e-10,7.733592e-12,0.005326877,0.00951075305825011,1.0,0.005778575,0.010209080025609888,0.005225324,0.00960007505825011,1.0404675605989067,5.055756e-09,1.043033e-10,0.005282156,0.00951905205825011,1.0,0.00520188,0.010641730007367197,0.005225324,0.00960007405825011,1.0738603958327804
20,40,0.40740000000000004,60.0,0.208,11000.0,989.7191521168955,6,0.9377,0.03,0.05,0.0371,1000.0,10314.699999999999,984.9846252559782,0.0074,1.0471975511965976,0.24999999999999994,0.7500000000000001,0.3333333333333333,0.2058643749986652,1.1938777905290001,1.03734225,0.19940000000000002,0.4,4.01341260817504,0.08123556,0.12449956,0.3528449517847747,1.189442230529,0.4946292087489127,0.0007259446841515097,14208658.352607,1363353.3983015355,0.0009984628839099165,1163.566232271004,12001836.616005724,1146094.8492539655,30.823015447562323,2.9433911136413475,2.1988408563195228e-11,"[0.340,0.428]",0.38,"[0.070,0.100]",0.093,0.0,0.0,0.0,0.0,21.0,1.192772394417889,0.2180887057036648,0.5014775712252013,0.0,0.0,0.0,0.0,9.0,1.1859284674520771,0.21239673577044052,0.5024992161142482,6.542464e-10,7.733592e-12,0.005072276,0.009959190021988409,1.0,0.005133603,0.01123453000219118,0.004967308,0.01007892002198841,1.075666278150504,5.055756e-09,1.043033e-10,0.005024453,0.00997752202198841,1.0,0.00520188,0.010641730007367197,0.004967308,0.01007892002198841,1.0329579596615597
20,40,0.40740000000000004,60.0,0.213,11000.0,996.5585783470647,6,0.9377,0.03,0.05,0.0371,1000.0,10314.699999999999,991.0296404872167,0.0074,1.0471975511965976,0.24999999999999994,0.7500000000000001,0.3333333333333333,0.2108643749986652,1.2052605205290001,1.03734225,0.19440000000000002,0.4,4.01341260817504,0.07919856,0.12456756,0.3529412982352731,1.200861960529,0.4881459730923131,0.0007432313260355005,13878182.523629684,1340845.7682520556,0.0009984628839099165,1209.4645136763675,12475263.619217627,1198615.1821707368,32.03886667935072,3.0782733891295733,8.302499043701202e-12,"[0.340,0.428]",0.38,"[0.070,0.100]",0.093,0.0,0.0,0.0,0.0,21.0,1.192772394417889,0.2180887057036648,0.5014775712252013,0.0,0.0,0.0,0.0,9.0,1.1859284674520771,0.21239673577044052,0.5024992161142482,6.542464e-10,7.733592e-12,0.004769006,0.0104671000083025,1.0,0.005133603,0.01123453000219118,0.004731618,0.0106452500083025,1.0252039082637354,5.055756e-09,1.043033e-10,0.004792183,0.010522120008302499,1.0,0.00520188,0.010641730007367197,0.004731618,0.0106452500083025,0.9844991507384543
20,40,0.40740000000000004,60.0,0.218,11500.0,1025.609574860533,6,0.9377,0.03,0.05,0.0371,1000.0,10783.55,1021.7235472273543,0.0074,1.0471975511965976,0.24999999999999994,0.7500000000000001,0.3333333333333333,0.2158643749986652,1.2166432505290001,1.03734225,0.1894,0.4,4.01341260817504,0.07716156,0.12468556,0.3531084252747306,1.2122816905290001,0.4814014513290679,0.0007597025789716322,14194436.478808722,1350014.602094473,0.0009984628839099165,1258.942200360871,13575866.164701471,1286290.8907069198,34.86542484260998,3.3034414034135504,3.1357443682205955e-12,"[0.340,0.428]",0.38,"[0.070,0.100]",0.093,0.0,0.0,0.0,0.0,22.0,1.221330806454926,0.23037185899477863,0.4868390745314054,0.0,0.0,0.0,0.0,9.0,1.1859284674520771,0.21239673577044052,0.5024992161142482,6.542464e-10,7.733592e-12,0.004545177,0.011097450003135745,1.0,0.004525406,0.012774970000201702,0.0044549,0.011272410003135745,1.0933372845624159,5.055756e-09,1.043033e-10,0.004502633,0.011132400003135746,1.0,0.00520188,0.010641730007367197,0.0044549,0.011272410003135745,0.9345630814106544
20,40,0.40740000000000004,60.0,0.223,10500.0,992.075601991755,6,0.9377,0.03,0.05,0.0371,1000.0,9845.85,982.1537331880575,0.0074,1.0471975511965976,0.24999999999999994,0.7500000000000001,0.3333333333333333,0.2208643749986652,1.2280259805290001,1.03734225,0.1844,0.4,4.01341260817504,0.07512455999999999,0.12485356,0.35334623246894825,1.2237014205290002,0.47439020899181783,0.0007753572508906144,12698468.981479906,1279507.7376940849,0.0009984628839099165,1312.3261081021506,12920966.011457559,1288905.9862326814,33.18351579936173,3.310157469659604,1.1846445264926802e-12,"[0.340,0.428]",0.38,"[0.070,0.100]",0.093,0.0,0.0,0.0,0.0,22.0,1.221330806454926,0.23037185899477863,0.4868390745314054,0.0,0.0,0.0,0.0,10.0,1.2696817066828463,0.2570283297898619,0.46723719036090233,6.542464e-10,7.733592e-12,0.004341504,0.011809850001184645,1.0,0.004525406,0.012774970000201702,0.004248054,0.012016540001184644,1.0251398038868809,5.055756e-09,1.043033e-10,0.004295627,0.011855080001184645,1.0,0.003993222,0.016943800000000907,0.004248054,0.012016540001184644,1.3629024681573687
20,40,0.40740000000000004,60.0,0.228,11300.0,1070.2308162672061,6,0.9377,0.03,0.05,0.0371,1000.0,10596.01,1059.2660260555945,0.0074,1.0471975511965976,0.24999999999999994,0.7500000000000001,0.3333333333333333,0.2258643749986652,1.2394087105290001,1.03734225,0.1794,0.4,4.01341260817504,0.07308756,0.12507156,0.35365457723603694,1.235121150529,0.4671068827867061,0.0007901961138480836,13409342.07889195,1354386.3320909215,0.0009984628839099165,1369.9810126359148,14516332.50970028,1451174.3430264646,37.280722568055786,3.726893693300173,4.476616223231136e-13,"[0.340,0.428]",0.38,"[0.070,0.100]",0.093,0.0,0.0,0.0,0.0,22.0,1.221330806454926,0.23037185899477863,0.4868390745314054,0.0,0.0,0.0,0.0,10.0,1.2696817066828463,0.2570283297898619,0.46723719036090233,6.542464e-10,7.733592e-12,0.004092523,0.01258725000044766,1.0,0.004525406,0.012774970000201702,0.004058041,0.01284045000044766,0.954992764186858,5.055756e-09,1.043033e-10,0.004053307,0.01263870000044766,1.0,0.003993222,0.016943800000000907,0.00405804,0.01284045000044766,1.2696434551094864
20,40,0.40740000000000004,60.0,0.233,12200.0,1158.330263824778,6,0.9377,0.03,0.05,0.0371,1000.0,11439.94,1146.1732879593897,0.0074,1.0471975511965976,0.24999999999999994,0.7500000000000001,0.3333333333333333,0.23086437499866522,1.2507914405290002,1.03734225,0.1744,0.4,4.01341260817504,0.07105056,0.12533956000000002,0.35403327527225464,1.2465408805290001,0.45954619658720375,0.0008042218877815873,14224855.321404643,1440311.7863653076,0.0009984628839099165,1432.3151042139625,16385598.853301479,1641681.3123908134,42.08135660664872,4.216152083283141,1.6920957807590107e-13,"[0.340,0.428]",0.38,"[0.070,0.100]",0.093,0.0,0.0,0.0,0.0,23.0,1.253063385343815,0.24387055530274526,0.46870888179923237,0.0,0.0,0.0,0.0,10.0,1.2696817066828463,0.2570283297898619,0.46723719036090233,6.542464e-10,7.733592e-12,0.003912165,0.01346536000016921,1.0,0.004060912,0.015096240000014778,0.003833251,0.01372646000016921,1.0626148236795456,5.055756e-09,1.043033e-10,0.003871399,0.01352637000016921,1.0,0.003993222,0.016943800000000907,0.003833251,0.01372646000016921,1.1793132404964561
20,40,0.40740000000000004,60.0,0.238,12000.0,1175.1463734833935,6,0.9377,0.03,0.05,0.0371,1000.0,11252.4,1159.2498449378716,0.0074,1.0471975511965976,0.24999999999999994,0.7500000000000001,0.3333333333333333,0.2358643749986652,1.2621741705290002,1.03734225,0.16940000000000002,0.4,4.01341260817504,0.06901356,0.12565756,0.3544821010996183,1.2579606105290002,0.45170297834127987,0.0008174392127911196,13765427.23168252,1437594.8145072397,0.0009984628839099165,1499.7864038159858,16876196.530298997,1738627.1560636095,43.34130541785535,4.465127580343194,6.3975277162232e-14,"[0.340,0.428]",0.38,"[0.045,0.070]",0.056,0.0,0.0,0.0,0.0,23.0,1.253063385343815,0.24387055530274526,0.46870888179923237,0.0,0.0,0.0,0.0,17.0,1.2487974375290005,0.22618215327521973,0.4394262283962475,6.542464e-10,7.733592e-12,0.003748028,0.014414520000063975,1.0,0.004060912,0.015096240000014778,0.003666152,0.014706030000063975,0.9796050218881149,1.729404e-08,1.92516e-10,0.003703693,0.014485560000063975,1.0,0.003372295,0.012887540000866924,0.003666152,0.014706030000063975,0.9181187679302616
20,40,0.40740000000000004,60.0,0.243,12300.0,1235.8535511199298,6,0.9377,0.03,0.05,0.0371,1000.0,11533.71,1216.1896273274344,0.0074,1.0471975511965976,0.24999999999999994,0.7500000000000001,0.3333333333333333,0.2408643749986652,1.2735569005290002,1.03734225,0.16440000000000002,0.4,4.01341260817504,0.06697656,0.12602556,0.3550007887315182,1.269380340529,0.4435721778936326,0.0008298546103131264,13898470.716030631,1489241.049891389,0.0009984628839099165,1572.9103453125106,18141491.778834354,1912957.2466850884,46.59082599034187,4.912840646944584,2.4194156795418847e-14,"[0.340,0.428]",0.38,"[0.045,0.070]",0.056,0.0,0.0,0.0,0.0,23.0,1.253063385343815,0.24387055530274526,0.46870888179923237,0.0,0.0,0.0,0.0,18.0,1.2687974375290005,0.23684003216547875,0.4283677335156062,6.542464e-10,7.733592e-12,0.003546004,0.015424140000024194,1.0,0.004060912,0.015096240000014778,0.003512582,0.01575026000002419,0.8999213625933105,1.729404e-08,1.92516e-10,0.003508326,0.015500410000024193,1.0,0.003176981,0.014976160000101053,0.003512582,0.01575026000002419,0.9983708393668257
20,40,0.40740000000000004,60.0,0.248,14000.0,1414.248916841201,6,0.9377,0.03,0.05,0.0371,1000.0,13127.8,1391.060928594431,0.0074,1.0471975511965976,0.24999999999999994,0.7500000000000001,0.3333333333333333,0.2458643749986652,1.2849396305290002,1.03734225,0.15940000000000001,0.4,4.01341260817504,0.06493956,0.12644355999999998,0.35558903245178974,1.2808000705290001,0.43514888571914867,0.0008414764336751815,15600912.247374315,1680675.6080671365,0.0009984628839099165,1652.2687791294015,21690654.078654956,2298406.542183332,55.70575463779447,5.902748272711643,9.152059868263805e-15,"[0.340,0.428]",0.38,"[0.045,0.070]",0.056,0.0,0.0,0.0,0.0,24.0,1.2851995086771484,0.2573856087496499,0.4480733591624279,0.0,0.0,0.0,0.0,19.0,1.2887974375290006,0.2474979110557378,0.4173804867229826,6.542464e-10,7.733592e-12,0.003400778,0.01650639000000915,1.0,0.003604479,0.01794544000000109,0.003333046,0.016845210000009152,1.0192532078074268,1.729404e-08,1.92516e-10,0.003361509,0.016591140000009153,1.0,0.003005175,0.017207070000011787,0.003333046,0.016845210000009152,1.0794825050005366
20,40,0.40740000000000004,60.0,0.253,13000.0,1395.528574117521,6,0.9377,0.03,0.05,0.0371,1000.0,12190.1,1365.46706782376,0.0074,1.0471975511965976,0.24999999999999994,0.7500000000000001,0.3333333333333333,0.2508643749986652,1.2963223605290002,1.03734225,0.1544,0.4,4.01341260817504,0.06290256,0.12691155999999998,0.3562464877019842,1.2922198005290002,0.42642835255760736,0.000852314808626667,14302344.48189617,1637339.349255392,0.0009984628839099165,1738.5207191575464,21192741.418602407,2373892.7887389096,54.427019548877375,6.0966114136710985,3.462870632077769e-15,"[0.340,0.428]",0.38,"[0.045,0.070]",0.056,0.0,0.0,0.0,0.0,24.0,1.2851995086771484,0.2573856087496499,0.4480733591624279,0.0,0.0,0.0,0.0,19.0,1.2887974375290006,0.2474979110557378,0.4173804867229826,6.542464e-10,7.733592e-12,0.003234782,0.01763192000000346,1.0,0.003604479,0.01794544000000109,0.00319918,0.01800143000000346,0.9318627532291293,1.729404e-08,1.92516e-10,0.003226895,0.017731390000003462,1.0,0.003005175,0.017207070000011787,0.00319918,0.01800143000000346,0.9869280091218837
20,40,0.40740000000000004,60.0,0.258,12200.0,1518.7824071877512,6,0.9377,0.03,0.05,0.0371,1000.0,11439.94,1470.4401218614046,0.0074,1.0471975511965976,0.24999999999999994,0.7500000000000001,0.3333333333333333,0.2558643749986652,1.3077050905290002,1.03734225,0.1494,0.4,4.01341260817504,0.06086555999999999,0.12742956,0.3569727720709242,1.303639530529,0.4174060099328892,0.0008623815645381293,13265520.125220854,1761148.9735418619,0.0009984628839099165,1832.4152407849629,20962720.40966553,2694456.889960536,53.83628153614105,6.919881431420806,1.310574712470448e-15,"[0.340,0.428]",0.38,"[0.045,0.070]",0.056,0.0,0.0,0.0,0.0,25.0,1.3119829812697408,0.26853393620385735,0.42887493094285295,0.0,0.0,0.0,0.0,20.0,1.3087974375290006,0.2581557899459968,0.40649538613076863,6.542464e-10,7.733592e-12,0.003109237,0.018810750000001313,1.0,0.003307124,0.02059756000000013,0.003052001,0.019188090000001313,1.0295012356677917,1.729404e-08,1.92516e-10,0.003072965,0.01890724000000131,1.0,0.00289174,0.019541630000001375,0.003052001,0.019188090000001313,1.0568389212429756
20,40,0.40740000000000004,60.0,0.263,13500.0,1727.6718436230137,6,0.9377,0.03,0.05,0.0371,1000.0,12658.949999999999,1669.8945349317887,0.0074,1.0471975511965976,0.24999999999999994,0.7500000000000001,0.3333333333333333,0.2608643749986652,1.3190878205290002,1.03734225,0.1444,0.4,4.01341260817504,0.058828559999999995,0.12799756,0.35776746638004975,1.3150592605290001,0.4080774915325721,0.0008716901570470032,14522304.625859628,1981979.2958036745,0.0009984628839099165,1934.8070509078243,24492625.7170896,3230923.720458467,62.90175453833681,8.297631015304546,4.961288636251463e-16,"[0.340,0.428]",0.38,"[0.045,0.070]",0.056,0.0,0.0,0.0,0.0,25.0,1.3119829812697408,0.26853393620385735,0.42887493094285295,0.0,0.0,0.0,0.0,20.0,1.3087974375290006,0.2581557899459968,0.40649538613076863,6.542464e-10,7.733592e-12,0.002973045,0.020011770000000498,1.0,0.003307124,0.02059756000000013,0.002938027,0.020411990000000498,0.9395650720292396,1.729404e-08,1.92516e-10,0.002957175,0.020120590000000497,1.0,0.00289174,0.019541630000001375,0.002938027,0.020411990000000498,0.9645145656545672
20,40,0.40740000000000004,60.0,0.268,13200.0,1852.349859051143,6,0.9377,0.03,0.05,0.0371,1000.0,12377.64,1781.51788162099,0.0074,1.0471975511965976,0.24999999999999994,0.7500000000000001,0.3333333333333333,0.2658643749986652,1.3304705505290002,1.03734225,0.1394,0.4,4.01341260817504,0.05679155999999999,0.12861556000000002,0.3586301158575504,1.3264789905290002,0.39843865541580586,0.0008802555829990797,14061416.0694428,2104331.849552245,0.0009984628839099165,2046.675400231126,25333011.300916795,3646188.823385548,65.06002569807494,9.364111345930375,1.8785965979550822e-16,"[0.340,0.428]",0.38,"[0.045,0.070]",0.056,0.0,0.0,0.0,0.0,26.0,1.337073917566037,0.2788851317010691,0.40900721698655185,0.0,0.0,0.0,0.0,21.0,1.3287974375290006,0.26881366883625585,0.39573960208361053,6.542464e-10,7.733592e-12,0.002867047,0.021240130000000187,1.0,0.003041723,0.02317730000000002,0.002834652,0.021647950000000186,1.0280428292579153,1.729404e-08,1.92516e-10,0.002832956,0.021344590000000187,1.0,0.002794985,0.02188120000000016,0.002834652,0.021647950000000186,1.0203445973870198
20,40,0.40740000000000004,60.0,0.273,12400.0,1993.2134858700726,6,0.9377,0.03,0.05,0.0371,1000.0,11627.48,1905.6968901860087,0.0074,1.0471975511965976,0.24999999999999994,0.7500000000000001,0.3333333333333333,0.2708643749986652,1.3418532805290002,1.03734225,0.1344,0.4,4.01341260817504,0.05475455999999999,0.12928356,0.35956023139385146,1.3378987205290003,0.3884856070087609,0.0008880942885926355,13092618.8236455,2244371.472120062,0.0009984628839099165,2169.1472076691234,25221715.774228577,4133737.088010713,64.77419746627076,10.616228682033137,7.115051919170663e-17,"[0.340,0.428]",0.38,"[0.045,0.070]",0.056,0.0,0.0,0.0,0.0,26.0,1.337073917566037,0.2788851317010691,0.40900721698655185,0.0,0.0,0.0,0.0,21.0,1.3287974375290006,0.26881366883625585,0.39573960208361053,6.542464e-10,7.733592e-12,0.002771411,0.022470960000000074,1.0,0.003041723,0.02317730000000002,0.002724398,0.022879480000000074,0.9391586795228243,1.729404e-08,1.92516e-10,0.002736563,0.022578320000000072,1.0,0.002794985,0.02188120000000016,0.002724398,0.022879480000000074,0.9321260335349625
20,40,0.4874,60.0,0.0425,6940.0,539.0241182028631,7,0.9557,0.03,0.05,0.0381,0.2992,6632.558,555.6275473606623,0.0074,1.0471975511965976,0.24999999999999994,0.7500000000000001,0.3333333333333333,0.03942798033907415,0.7501094275290001,1.0310710069444444,0.4449,0.48,4.01341260817504,0.21684425999999996,0.21865050999999996,0.4676008019668058,0.7432651675290001,0.5980075081322166,-0.0002828111306083638,-23452252.34145664,-1905950.8621296182,0.0006933770027152199,876.8843750129613,5815986.476567216,487221.11460733897,14.936567355947362,1.2512771521896027,4.442955853534196e-05,"[0.428,0.523]",0.475,"[0.206,0.322]",0.265,0.0,0.0,0.0,0.0,0.0,0.7466485253811087,0.047766312289884594,0.5975581974438162,0.0,0.0,0.0,0.0,3.0,0.7423487574750125,0.06767355287107936,0.5958808133200261,2.48078e-11,4.147426e-14,0.002461563,0.004976194558535342,1.0,0.003043552,0.006048932010562647,0.002616957,0.005217570558535342,1.1617425684702882,8.328633e-12,5.725275e-15,0.002592027,0.0051787735585353415,1.0,0.002388226,0.0072116878069221416,0.002616957,0.005217570558535342,1.213511484597862
20,40,0.4874,60.0,0.0475,8140.0,629.9476168621024,7,0.9557,0.03,0.05,0.0381,0.2992,7779.398,649.6821764122421,0.0074,1.0471975511965976,0.24999999999999994,0.7500000000000001,0.3333333333333333,0.04442798033907415,0.7618921575290002,1.0310710069444444,0.4399,0.48,4.01341260817504,0.21440725999999996,0.21666350999999995,0.4654712773093523,0.7550848975290001,0.5974850187933887,-0.0002580922377372509,-30141929.36681716,-2440784.8232282614,0.0006933770027152199,879.9341289785849,6845357.803107746,571677.5200142176,17.580190104229352,1.4681773793623474,5.6945204049760715e-05,"[0.428,0.523]",0.475,"[0.206,0.322]",0.265,0.0,0.0,0.0,0.0,0.0,0.7466485253811087,0.047766312289884594,0.5975581974438162,0.0,0.0,0.0,0.0,4.0,0.7555772948607411,0.07472296033869731,0.5949854885253769,2.48078e-11,4.147426e-14,0.003357807,0.006383655204049761,1.0,0.003043552,0.006048932010562647,0.003512053,0.006651269204049761,0.8928440909837518,8.328633e-12,5.725275e-15,0.003484179,0.0066011242040497605,1.0,0.00276191,0.008649703750835206,0.003512053,0.006651269204049761,1.1099540462276045
20,40,0.4874,60.0,0.0525,9300.0,717.9094650391148,7,0.9557,0.03,0.05,0.0381,0.2992,8888.01,740.6635856881559,0.0074,1.0471975511965976,0.24999999999999994,0.7500000000000001,0.3333333333333333,0.04942798033907415,0.7736748875290002,1.0310710069444444,0.4349,0.48,4.01341260817504,0.21197025999999994,0.21472650999999993,0.4633859190782559,0.7669046275290001,0.5968954267077594,-0.0002333985758463569,-38080823.62015292,-3075894.7968547367,0.0006933770027152199,883.3855358811188,7851539.476766743,654291.4985507625,20.164257381806312,1.6803459014050983,7.013639812815189e-05,"[0.428,0.523]",0.475,"[0.206,0.322]",0.265,0.0,0.0,0.0,0.0,1.0,0.7705031775798628,0.059789211277364585,0.5961610015567567,0.0,0.0,0.0,0.0,5.0,0.7657250222139123,0.08013062279577066,0.5942406494855428,2.48078e-11,4.147426e-14,0.004144789,0.007908510398128153,1.0,0.003990069,0.0092226750179129,0.004247249,0.008199914398128153,1.0561963856607275,8.328633e-12,5.725275e-15,0.00422762,0.008138028398128152,1.0,0.003095441,0.009777141590965932,0.004247249,0.008199914398128153,1.0236265616083136
20,40,0.4874,60.0,0.0575,10100.0,796.2122832240148,7,0.9557,0.03,0.05,0.0381,0.2992,9652.57,819.0474979792084,0.0074,1.0471975511965976,0.24999999999999994,0.7500000000000001,0.3333333333333333,0.05442798033907415,0.7854576175290002,1.0310710069444444,0.4299,0.48,4.01341260817504,0.20953325999999994,0.21283950999999995,0.46134532619286384,0.7787243575290002,0.5962367639375846,-0.0002087413288210178,-46241777.10527298,-3814349.0209680293,0.0006933770027152199,887.2538218079798,8564279.62276905,726703.0228243163,21.994710606026114,1.8663125665643916,8.37462953127462e-05,"[0.428,0.523]",0.475,"[0.206,0.322]",0.265,0.0,0.0,0.0,0.0,1.0,0.7705031775798628,0.059789211277364585,0.5961610015567567,0.0,0.0,0.0,0.0,6.0,0.777675888977065,0.08649916732553582,0.5932994276579158,2.48078e-11,4.147426e-14,0.004646652,0.009527768295312745,1.0,0.003990069,0.0092226750179129,0.004695298,0.009838169295312746,0.9061192168171546,8.328633e-12,5.725275e-15,0.004686043,0.009765018295312745,1.0,0.003500472,0.011102978897432772,0.004695298,0.009838169295312746,0.9985694973193378
20,40,0.4874,60.0,0.0625,11300.0,887.8169856419689,7,0.9557,0.03,0.05,0.0381,0.2992,10799.41,913.7016299099984,0.0074,1.0471975511965976,0.24999999999999994,0.7500000000000001,0.3333333333333333,0.05942798033907415,0.7972403475290001,1.0310710069444444,0.4249,0.48,4.01341260817504,0.20709625999999995,0.21100250999999995,0.45935009524326864,0.7905440875290001,0.5955070182531517,-0.00018413203414376376,-58650359.51087253,-4821632.421378634,0.0006933770027152199,891.5550863953509,9628268.915568817,814615.3355939816,24.727238922923213,2.0920882258427906,9.755764045993494e-05,"[0.428,0.523]",0.475,"[0.206,0.322]",0.265,0.0,0.0,0.0,0.0,2.0,0.7888204129114524,0.06892380942279208,0.5948821929276553,0.0,0.0,0.0,0.0,7.0,0.7885996612903665,0.09232037944253245,0.5923790524669797,2.48078e-11,4.147426e-14,0.004968817,0.011207747640459936,1.0,0.004479883,0.011758782080288181,0.005013464,0.011540917640459935,0.9781148485742455,8.328633e-12,5.725275e-15,0.005003166,0.011447457640459935,1.0,0.003867112,0.012305182530235964,0.005013464,0.011540917640459935,0.9747785665381896
20,40,0.4874,60.0,0.0675,13000.0,1016.1146588610577,7,0.9557,0.03,0.05,0.0381,0.2992,12424.1,1046.4878039872533,0.0074,1.0471975511965976,0.24999999999999994,0.7500000000000001,0.3333333333333333,0.06442798033907415,0.8090230775290002,1.0310710069444444,0.4199,0.48,4.01341260817504,0.20465925999999995,0.20921550999999997,0.4574008198505988,0.8023638175290002,0.5947041327040219,-0.00015958257126730323,-77853739.92495361,-6367328.529624017,0.0006933770027152199,896.3063620034151,11135799.87216663,937973.676472758,28.598867195293177,2.408896075186569,0.00011138409541327299,"[0.428,0.523]",0.475,"[0.145,0.206]",0.16,0.0,0.0,0.0,0.0,3.0,0.801563099819252,0.0752298859452013,0.5938878954822598,0.0,0.0,0.0,0.0,0.0,0.8064986157136859,0.04590475969397277,0.5968556941286498,2.48078e-11,4.147426e-14,0.005344451,0.012910274095413274,1.0,0.005014322,0.0135131684709887,0.005422019,0.013248504095413274,0.9912115374627573,5.512642e-10,5.581626e-12,0.005401614,0.013157974095413274,1.0,0.00798615,0.011220125098395246,0.005422019,0.013248504095413274,1.0454477190808307
20,40,0.4874,60.0,0.0725,14300.0,1115.4779244702675,7,0.9557,0.03,0.05,0.0381,0.2992,13666.51,1149.1430398461173,0.0074,1.0471975511965976,0.24999999999999994,0.7500000000000001,0.3333333333333333,0.06942798033907414,0.8208058075290002,1.0310710069444444,0.4149,0.48,4.01341260817504,0.20222225999999993,0.20747850999999992,0.4554980900069724,0.8141835475290002,0.5938260052281477,-0.00013510514812527168,-101154620.6020824,-8256368.761284938,0.0006933770027152199,901.5256773938468,12320709.685359782,1035981.9574196951,31.64194257154968,2.6606001146823046,0.00012506436520888997,"[0.428,0.523]",0.475,"[0.145,0.206]",0.16,0.0,0.0,0.0,0.0,4.0,0.8109080135120526,0.07982965372017004,0.5931043442033317,0.0,0.0,0.0,0.0,0.0,0.8064986157136859,0.04590475969397277,0.5968556941286498,2.48078e-11,4.147426e-14,0.005869024,0.01460905436520889,1.0,0.005445718,0.014754980500640403,0.005976254,0.01493304436520889,0.9654178085434898,5.512642e-10,5.581626e-12,0.00594563,0.01483695436520889,1.0,0.00798615,0.011220125098395246,0.005976254,0.01493304436520889,0.9322961868955869
20,40,0.4874,60.0,0.0775,15200.0,1185.411320985587,7,0.9557,0.03,0.05,0.0381,0.2992,14526.64,1221.2260113818638,0.0074,1.0471975511965976,0.24999999999999994,0.7500000000000001,0.3333333333333333,0.07442798033907415,0.8325885375290002,1.0310710069444444,0.4099,0.48,4.01341260817504,0.19978525999999994,0.20579150999999993,0.4536424913960331,0.8260032775290002,0.5928704883025561,-0.00011071228573319865,-131210731.52628426,-10707134.381113447,0.0006933770027152199,907.2321262954895,13179034.495129108,1107935.470993328,33.846285099864375,2.845390520629738,0.00013845620894665858,"[0.428,0.523]",0.475,"[0.145,0.206]",0.16,0.0,0.0,0.0,0.0,5.0,0.8219876509108726,0.08525650661467121,0.5921158305801286,0.0,0.0,0.0,0.0,1.0,0.8255120525290002,0.056036905037233374,0.5953264865653454,2.48078e-11,4.147426e-14,0.006489327,0.016242286208946657,1.0,0.005953696,0.016156720304222508,0.006609069,0.016556656208946658,0.9539613994483573,5.512642e-10,5.581626e-12,0.006573098,0.016458046208946656,1.0,0.009115455,0.014972720357001446,0.006609069,0.016556656208946658,1.0493697316890536
20,40,0.4874,60.0,0.0825,16600.0,1292.4708893833554,7,0.9557,0.03,0.05,0.0381,0.2992,15864.62,1331.8253209672282,0.0074,1.0471975511965976,0.24999999999999994,0.7500000000000001,0.3333333333333333,0.07942798033907415,0.8443712675290003,1.0310710069444444,0.4049,0.48,4.01341260817504,0.19734825999999994,0.20415450999999996,0.4518346046951251,0.8378230075290002,0.5918353886394994,-8.641680084188453e-05,-183582588.63374552,-14956245.507724466,0.0006933770027152199,913.4459412817446,14491472.748977192,1216550.4339337714,37.216877940495316,3.1243345512529346,0.00015142512088492488,"[0.428,0.523]",0.475,"[0.145,0.206]",0.16,0.0,0.0,0.0,0.0,6.0,0.8351994405565187,0.0916903200053868,0.5908527479372032,0.0,0.0,0.0,0.0,2.0,0.8431689225290001,0.06544614413928573,0.5936432711433103,2.48078e-11,4.147426e-14,0.00713307,0.017786175120884925,1.0,0.00653103,0.017698901934716526,0.007253595,0.018083005120884923,0.9563667255753598,5.512642e-10,5.581626e-12,0.007215932,0.017985275120884922,1.0,0.00915674,0.01807197839313054,0.007253595,0.018083005120884923,1.0782232175420683
20,40,0.4874,60.0,0.0875,17600.0,1369.6656527200757,7,0.9557,0.03,0.05,0.0381,0.2992,16820.32,1411.4664068479922,0.0074,1.0471975511965976,0.24999999999999994,0.7500000000000001,0.3333333333333333,0.08442798033907414,0.856153997529,1.0310710069444444,0.3999,0.48,4.01341260817504,0.19491125999999995,0.20256750999999995,0.450075004860301,0.849642737529,0.5907184669321833,-6.223178661619686e-05,-270285024.97825176,-22009100.60910251,0.0006933770027152199,920.1885734250037,15477866.265352057,1298815.2593547697,39.75012543963652,3.3356063812127665,0.00016381458651799165,"[0.428,0.523]",0.475,"[0.145,0.206]",0.16,0.0,0.0,0.0,0.0,7.0,0.8473855978819633,0.09758924850699302,0.5896063371644095,0.0,0.0,0.0,0.0,3.0,0.855479877529,0.0720065775099571,0.5923221029204552,2.48078e-11,4.147426e-14,0.007760947,0.019206154586517993,1.0,0.00702852,0.01898946191361994,0.007878742,0.019498204586517992,0.9507008841138533,5.512642e-10,5.581626e-12,0.00783975,0.019384454586517993,1.0,0.00967017,0.019917656442857992,0.007878742,0.019498204586517992,1.0827284039326692
20,40,0.4874,60.0,0.0925,18400.0,1432.759574764057,7,0.9557,0.03,0.05,0.0381,0.2992,17584.88,1476.3653066331365,0.0074,1.0471975511965976,0.24999999999999994,0.7500000000000001,0.3333333333333333,0.08942798033907415,0.867936727529,1.0310710069444444,0.3949,0.48,4.01341260817504,0.19247425999999992,0.2010305099999999,0.44836426039549576,0.861462467529,0.5895174376544053,-3.8170591324206515e-05,-460691841.2827484,-37535692.40242419,0.0006933770027152199,927.4827782399333,16309673.357415838,1369303.3962931524,41.88636538926904,3.5166334192599424,0.00017536238589409517,"[0.428,0.523]",0.475,"[0.145,0.206]",0.16,0.0,0.0,0.0,0.0,8.0,0.8570679123957183,0.1022523059852597,0.5885602508986802,0.0,0.0,0.0,0.0,3.0,0.855479877529,0.0720065775099571,0.5923221029204552,2.48078e-11,4.147426e-14,0.008355827,0.020469732385894095,1.0,0.007394083,0.019884838123653478,0.008466638,0.020727452385894095,0.9343523916807719,5.512642e-10,5.581626e-12,0.008430897,0.020644272385894096,1.0,0.00967017,0.019917656442857992,0.008466638,0.020727452385894095,1.0122500479472967
20,40,0.4874,60.0,0.0975,20900.0,1622.2240905365388,7,0.9557,0.03,0.05,0.0381,0.2992,19974.13,1672.346786882336,0.0074,1.0471975511965976,0.24999999999999994,0.7500000000000001,0.3333333333333333,0.09442798033907415,0.8797194575289999,1.0310710069444444,0.38989999999999997,0.48,4.01341260817504,0.19003725999999993,0.19954350999999992,0.44670293260734245,0.8732821975289999,0.5882299689186574,-1.4246795034553061e-05,-1402008658.8988128,-113865896.6175988,0.0006933770027152199,935.3527084792224,18682856.595016092,1564234.0966269178,47.981154539697656,4.017252797762314,0.00018546848441831839,"[0.428,0.523]",0.475,"[0.145,0.206]",0.16,0.0,0.0,0.0,0.0,10.0,0.8786820607286365,0.11258715279324216,0.5860461639650038,0.0,0.0,0.0,0.0,4.0,0.8673723325289999,0.07834399476484984,0.5909324641118463,2.48078e-11,4.147426e-14,0.008909021,0.02156894848441832,1.0,0.008101541,0.02142880883922341,0.009008542,0.02176381848441832,0.9626142113093311,5.512642e-10,5.581626e-12,0.008975625,0.02169289848441832,1.0,0.01029623,0.021411062126403153,0.009008542,0.02176381848441832,1.0284139729977309
20,40,0.4874,60.0,0.103,21600.0,1677.2146553557086,7,0.9557,0.03,0.05,0.0381,0.2992,20643.12,1728.9411323870609,0.0074,1.0471975511965976,0.24999999999999994,0.7500000000000001,0.3333333333333333,0.09992798033907414,0.892680460529,1.0310710069444444,0.3844,0.48,4.01341260817504,0.18735655999999998,0.19796555999999998,0.4449332084706647,0.886283900529,0.5867110758153856,1.1894225242576659e-05,1735558187.186983,141010836.8682929,0.0006933770027152199,944.7052554961261,19501663.95383719,1633339.77420948,50.08400868419273,4.1947294153660675,0.00019301993237396108,"[0.428,0.523]",0.475,"[0.145,0.206]",0.16,0.0,0.0,0.0,0.0,11.0,0.8890261900213194,0.1174974248658035,0.5847550834057184,0.0,0.0,0.0,0.0,5.0,0.879783049029,0.0849575904347668,0.5893652109835745,2.48078e-11,4.147426e-14,0.009452883,0.02250267993237396,1.0,0.008380378,0.021921513320160856,0.009539317,0.022646389932373962,0.9438773340557818,5.512642e-10,5.581626e-12,0.009511141,0.02259361993237396,1.0,0.01087772,0.02261266971779298,0.009539317,0.022646389932373962,1.037932342390536
20,40,0.4874,60.0,0.108,20900.0,1628.467377900382,7,0.9557,0.03,0.05,0.0381,0.2992,19974.13,1677.8797538008932,0.0074,1.0471975511965976,0.24999999999999994,0.7500000000000001,0.3333333333333333,0.10492798033907415,0.904463190529,1.0310710069444444,0.3794,0.48,4.01341260817504,0.18491955999999998,0.19658356,0.4433774464268565,0.898103630529,0.5852342873250206,3.548439517435865e-05,562898984.2395141,45892493.58481746,0.0006933770027152199,953.8696208601509,19052715.810111366,1600478.5246069813,48.93102385262444,4.110335431634176,0.0001922941040275285,"[0.428,0.523]",0.475,"[0.145,0.206]",0.16,0.0,0.0,0.0,0.0,12.0,0.899642195232059,0.12251312134211989,0.5833704973378184,0.0,0.0,0.0,0.0,6.0,0.8932040540289999,0.09210956272854484,0.5875380656529247,2.48078e-11,4.147426e-14,0.009880356,0.023102824104027527,1.0,0.008621665,0.0222556170963645,0.009955802,0.023223334104027528,0.9328524899750158,5.512642e-10,5.581626e-12,0.009934024,0.02319404410402753,1.0,0.01136704,0.02352573814142207,0.009955803,0.023223334104027528,1.0492342377135553
20,40,0.4874,60.0,0.113,21600.0,1684.7317294415682,7,0.9557,0.03,0.05,0.0381,0.2992,20643.12,1735.6036229941014,0.0074,1.0471975511965976,0.24999999999999994,0.7500000000000001,0.3333333333333333,0.10992798033907415,0.916245920529,1.0310710069444444,0.3744,0.48,4.01341260817504,0.18248256,0.19525156,0.4418727871231719,0.909923360529,0.583663535443437,5.8893878964622196e-05,350513845.6307218,28606227.99957859,0.0006933770027152199,963.6945951208008,19893663.170430105,1672591.8307514957,51.09073776200424,4.295536215512777,0.00017611072930660856,"[0.428,0.523]",0.475,"[0.145,0.206]",0.16,0.0,0.0,0.0,0.0,13.0,0.9114376128340671,0.12805838040389073,0.5817608443306589,0.0,0.0,0.0,0.0,7.0,0.9064525725289999,0.09916961801096263,0.5856020753427683,2.48078e-11,4.147426e-14,0.01023877,0.023474420729306607,1.0,0.008838633,0.022471628638747954,0.01029246,0.02350280072930661,0.9288205907528886,5.512642e-10,5.581626e-12,0.0102779,0.023495870729306607,1.0,0.01169619,0.024013572897685038,0.01029246,0.02350280072930661,1.054522747719954
20,40,0.4874,60.0,0.118,22100.0,1724.3813384873376,7,0.9557,0.03,0.05,0.0381,0.2992,21120.97,1776.3569867092112,0.0074,1.0471975511965976,0.24999999999999994,0.7500000000000001,0.3333333333333333,0.11492798033907414,0.9280286505290001,1.0310710069444444,0.3694,0.48,4.01341260817504,0.18004555999999997,0.19396955999999996,0.4404197543253481,0.921743090529,0.5819962981471988,8.210843133408105e-05,257232657.5581921,21001270.03366087,0.0006933770027152199,974.2112005809664,20576285.541134577,1730546.8726823684,52.84384277003407,4.444375864797547,0.0001370809820447842,"[0.428,0.523]",0.475,"[0.145,0.206]",0.16,0.0,0.0,0.0,0.0,14.0,0.9225926852299333,0.1332761986978167,0.5801690424341569,0.0,0.0,0.0,0.0,8.0,0.9213039313308644,0.10708381718426534,0.5832789329893826,2.48078e-11,4.147426e-14,0.01051103,0.023536050982044785,1.0,0.008981588,0.022470936622143525,0.01054574,0.023506670982044783,0.9258794601538131,5.512642e-10,5.581626e-12,0.01053981,0.023524880982044784,1.0,0.01188117,0.024072643011176,0.01054574,0.023506670982044783,1.0547401946967563
20,40,0.4874,60.0,0.123,22800.0,1779.3844440300259,7,0.9557,0.03,0.05,0.0381,0.2992,21789.96,1832.9627753411291,0.0074,1.0471975511965976,0.24999999999999994,0.7500000000000001,0.3333333333333333,0.11992798033907415,0.939811380529,1.0310710069444444,0.3644,0.48,4.01341260817504,0.17760855999999997,0.19273755999999997,0.43901886064268353,0.9335628205290001,0.5802300074224046,0.00010511372401550489,207298906.05708015,16928183.837988235,0.0006933770027152199,985.4524621293194,21472969.731699385,1806297.6799513062,55.146699536181444,4.638918448346968,8.43973768397288e-05,"[0.428,0.523]",0.475,"[0.145,0.206]",0.16,0.0,0.0,0.0,0.0,15.0,0.9343442838841287,0.1387457017336925,0.5784183415728911,0.0,0.0,0.0,0.0,9.0,0.9372805488308645,0.11559765990381504,0.5806037432079174,2.48078e-11,4.147426e-14,0.0106966,0.02333764737683973,1.0,0.009071045,0.022290966251343605,0.0107188,0.02329387737683973,0.9243607977180927,5.512642e-10,5.581626e-12,0.0107145,0.02329439737683973,1.0,0.01187207,0.023581073794244886,0.0107188,0.02329387737683973,1.0429414978540628
20,40,0.4874,60.0,0.128,22400.0,1734.1384028927284,7,0.9557,0.03,0.05,0.0381,0.2992,21407.68,1788.3737197049795,0.0074,1.0471975511965976,0.24999999999999994,0.7500000000000001,0.3333333333333333,0.12492798033907415,0.951594110529,1.0310710069444444,0.3594,0.48,4.01341260817504,0.17517155999999998,0.19155555999999999,0.4376706067352479,0.945382550529,0.5783620495918121,0.00012789538037647212,167384310.0273401,13559038.62819852,0.0006933770027152199,997.4535579835374,21353166.584173013,1783819.7297239853,54.83902210438343,4.581190766388501,4.155373263049678e-05,"[0.428,0.523]",0.475,"[0.145,0.206]",0.16,0.0,0.0,0.0,0.0,16.0,0.9435112193676365,0.1429930261784037,0.5769996484529619,0.0,0.0,0.0,0.0,10.0,0.9517388905603885,0.12330242265917728,0.5780298269733783,2.48078e-11,4.147426e-14,0.01080273,0.022963563732630497,1.0,0.009100042,0.022039012882284596,0.01079319,0.022811763732630497,0.9280428237545131,5.512642e-10,5.581626e-12,0.01080826,0.022885513732630498,1.0,0.01169954,0.02272371263563623,0.01079319,0.022811763732630497,1.0261342822537725
20,40,0.4874,60.0,0.133,22000.0,1707.1054448766722,7,0.9557,0.03,0.05,0.0381,0.2992,21025.4,1759.92306324858,0.0074,1.0471975511965976,0.24999999999999994,0.7500000000000001,0.3333333333333333,0.12992798033907416,0.9633768405290001,1.0310710069444444,0.3544,0.48,4.01341260817504,0.17273455999999998,0.19042356,0.436375480521076,0.957202280529,0.5763897657396,0.00015043901160389912,139760290.73734662,11347491.76211968,0.0006933770027152199,1010.2519834209381,21240952.052218594,1777965.7653151313,54.55083369101515,4.56615666442756,1.7754708857136305e-05,"[0.428,0.523]",0.475,"[0.145,0.206]",0.16,0.0,0.0,0.0,0.0,17.0,0.952935903916311,0.1473424493725256,0.5754921312257509,0.0,0.0,0.0,0.0,10.0,0.9517388905603885,0.12330242265917728,0.5780298269733783,2.48078e-11,4.147426e-14,0.01081015,0.022344894708857137,1.0,0.009092119,0.021677530833547093,0.01078024,0.022145424708857137,0.9351210811612545,5.512642e-10,5.581626e-12,0.01080565,0.022242574708857137,1.0,0.01169954,0.02272371263563623,0.01078024,0.022145424708857137,1.0425576626521842
20,40,0.4874,60.0,0.138,20800.0,1640.6489568535128,7,0.9557,0.03,0.05,0.0381,0.2992,19878.56,1687.5723100069702,0.0074,1.0471975511965976,0.24999999999999994,0.7500000000000001,0.3333333333333333,0.13492798033907416,0.975159570529,1.0310710069444444,0.3494,0.48,4.01341260817504,0.17029755999999996,0.18934155999999996,0.43513395638584673,0.969022010529,0.5743104522402701,0.00017273025432081347,115084413.4292732,9498330.001913391,0.0006933770027152199,1023.8877287868529,20353413.649953183,1727884.5796566196,52.27146506114657,4.437538586330587,7.0956632420954606e-06,"[0.428,0.523]",0.475,"[0.145,0.206]",0.16,0.0,0.0,0.0,0.0,18.0,0.9659562254018129,0.1533227243420353,0.5733269749358623,0.0,0.0,0.0,0.0,11.0,0.9659727794565387,0.13088757585880584,0.5753580511391373,2.48078e-11,4.147426e-14,0.01073487,0.021562365663242097,1.0,0.009034642,0.021068618959243925,0.0106999,0.021376725663242096,0.939577149316399,5.512642e-10,5.581626e-12,0.01072075,0.021438645663242096,1.0,0.01140291,0.021661922131231266,0.0106999,0.021376725663242096,1.0289943024858976
20,40,0.4874,60.0,0.143,20300.0,1605.8798211655708,7,0.9557,0.03,0.05,0.0381,0.2992,19400.71,1651.1528873368895,0.0074,1.0471975511965976,0.24999999999999994,0.7500000000000001,0.3333333333333333,0.13992798033907414,0.9869423005290001,1.0310710069444444,0.3444,0.48,4.01341260817504,0.16786055999999996,0.18830955999999996,0.43394649439763877,0.9808417405290001,0.5721213613984445,0.00019475480948855843,99616076.4961225,8245649.108141352,0.0006933770027152199,1038.4034732193081,20145764.64692056,1714562.8930267151,51.738182645052866,4.4033259432228204,2.763753464751155e-06,"[0.428,0.523]",0.475,"[0.145,0.206]",0.16,0.0,0.0,0.0,0.0,19.0,0.9778912214993739,0.15877586923936715,0.5712571435262465,0.0,0.0,0.0,0.0,12.0,0.9794375475421591,0.1380628692359042,0.5727084987507987,2.48078e-11,4.147426e-14,0.01060141,0.02070414375346475,1.0,0.008911699,0.020334641124366126,0.01052917,0.02041809375346475,0.9462384840409437,5.512642e-10,5.581626e-12,0.01057613,0.020557853753464753,1.0,0.01101681,0.020491353009698707,0.01052917,0.02041809375346475,1.0171091000937902
20,40,0.4874,60.0,0.148,20200.0,1600.0128127636196,7,0.9557,0.03,0.05,0.0381,0.2992,19305.14,1644.834770784753,0.0074,1.0471975511965976,0.24999999999999994,0.7500000000000001,0.3333333333333333,0.14492798033907414,0.9987250305290001,1.0310710069444444,0.3394,0.48,4.01341260817504,0.16542355999999997,0.18732755999999998,0.4328135395294375,0.992661470529,0.5698197022065485,0.00021649848243074702,89169862.9165924,7390411.21581731,0.0006933770027152199,1053.8447956962996,20344621.31918846,1733400.5629718276,52.24888467152356,4.451704688100912,1.0496453266713701e-06,"[0.428,0.523]",0.475,"[0.145,0.206]",0.16,0.0,0.0,0.0,0.0,20.0,0.9899603021060378,0.1642628507123648,0.5690800070433675,0.0,0.0,0.0,0.0,13.0,0.9912715276460087,0.14436912557273238,0.5702846829804521,2.48078e-11,4.147426e-14,0.01038281,0.01967951964532667,1.0,0.008742697,0.01950686406150105,0.01029628,0.01937321964532667,0.9535118500176539,5.512642e-10,5.581626e-12,0.01035121,0.01952434964532667,1.0,0.01064085,0.019469235158698427,0.01029628,0.01937321964532667,1.0139438021915486
20,40,0.4874,60.0,0.153,18100.0,1446.9536967034876,7,0.9557,0.03,0.05,0.0381,0.2992,17298.17,1485.6423565648786,0.0074,1.0471975511965976,0.24999999999999994,0.7500000000000001,0.3333333333333333,0.14992798033907415,1.010507760529,1.0310710069444444,0.3344,0.48,4.01341260817504,0.16298655999999995,0.18639555999999996,0.4317355208921313,1.004481200529,0.5674026412276032,0.00023794722379908502,72697507.1354731,6080985.832073623,0.0006933770027152199,1070.260405202146,18513546.433455605,1590024.190522598,47.54633361251985,4.083486699120421,3.969960205125371e-07,"[0.428,0.523]",0.475,"[0.145,0.206]",0.16,0.0,0.0,0.0,0.0,21.0,1.0016210582338896,0.1695383820655073,0.5668950243486517,0.0,0.0,0.0,0.0,14.0,1.0033982755289999,0.15083139608621363,0.567711265584942,2.48078e-11,4.147426e-14,0.01011135,0.01859915699602051,1.0,0.008544342,0.01865595849492627,0.01003498,0.01834381699602051,0.9598617340139937,5.512642e-10,5.581626e-12,0.01007416,0.01843841699602051,1.0,0.01020248,0.01834299825554006,0.01003498,0.01834381699602051,1.005223947775478
20,40,0.4874,60.0,0.158,18000.0,1441.1717452617786,7,0.9557,0.03,0.05,0.0381,0.2992,17202.6,1479.4025721311373,0.0074,1.0471975511965976,0.24999999999999994,0.7500000000000001,0.3333333333333333,0.15492798033907415,1.022290490529,1.0310710069444444,0.32939999999999997,0.48,4.01341260817504,0.16054955999999995,0.18551355999999997,0.4307128509807897,1.016300930529,0.5648673036105868,0.00025908717128587385,66396957.88341,5562497.510429052,0.0006933770027152199,1087.7023920254562,18711309.169057112,1609149.7164756504,48.05422620008168,4.1326047133673,1.499794216403608e-07,"[0.428,0.523]",0.475,"[0.145,0.206]",0.16,0.0,0.0,0.0,0.0,22.0,1.0129961532928822,0.17466057991071604,0.5646851550119064,0.0,0.0,0.0,0.0,15.0,1.016455005529,0.15778924843835432,0.5648421795380647,2.48078e-11,4.147426e-14,0.009823928,0.017566149979421637,1.0,0.00835302,0.017867203094265035,0.009708473,0.01723499997942164,0.9744669047340765,5.512642e-10,5.581626e-12,0.009778874,0.01739946997942164,1.0,0.009727274,0.017209786574754627,0.009708473,0.01723499997942164,0.999794392552595
20,40,0.4874,60.0,0.163,16900.0,1360.8273222075281,7,0.9557,0.03,0.05,0.0381,0.2992,16151.33,1395.8725734322704,0.0074,1.0471975511965976,0.24999999999999994,0.7500000000000001,0.3333333333333333,0.15992798033907416,1.0340732205290002,1.0310710069444444,0.32439999999999997,0.48,4.01341260817504,0.15811255999999996,0.18468155999999997,0.4297459249370493,1.028120660529,0.562210774246036,0.0002799046918738337,57702962.71875346,4861752.45258453,0.0006933770027152199,1106.2265024471003,17867029.295768924,1544151.2347698137,45.885953759035196,3.9656761615308844,5.6647777466065014e-08,"[0.428,0.523]",0.475,"[0.145,0.206]",0.16,0.0,0.0,0.0,0.0,23.0,1.026075368000808,0.18052115801156543,0.5620468423287417,0.0,0.0,0.0,0.0,16.0,1.0314618805290001,0.16578632125191714,0.5614230708342443,2.48078e-11,4.147426e-14,0.009476176,0.016477076647777464,1.0,0.008068025,0.01687645097556798,0.009355444,0.016155736647777464,0.9797450809667507,5.512642e-10,5.581626e-12,0.009429344,0.016316126647777464,1.0,0.009170037,0.01597298110842582,0.009355445,0.016155736647777464,0.9871862557921052
20,40,0.4874,60.0,0.168,16200.0,1309.7423411384902,7,0.9557,0.03,0.05,0.0381,0.2992,15482.34,1342.7586713793266,0.0074,1.0471975511965976,0.24999999999999994,0.7500000000000001,0.3333333333333333,0.16492798033907416,1.0458559505290002,1.0310710069444444,0.31939999999999996,0.48,4.01341260817504,0.15567555999999996,0.18389955999999996,0.42883511983045414,1.0399403905290001,0.55943009906977,0.0003003864244010735,51541410.47109408,4360191.522469514,0.0006933770027152199,1125.8924393570103,17431449.549554616,1511801.8359870482,44.76730153306637,3.8825967087519,2.139874698214393e-08,"[0.428,0.523]",0.475,"[0.145,0.206]",0.16,0.0,0.0,0.0,0.0,24.0,1.038391315019815,0.1860118015604476,0.5594654862001986,0.0,0.0,0.0,0.0,16.0,1.0314618805290001,0.16578632125191714,0.5614230708342443,2.48078e-11,4.147426e-14,0.009110089,0.015440351398746983,1.0,0.007788026,0.015984400331222805,0.009016127,0.015200631398746983,0.9839408793821338,5.512642e-10,5.581626e-12,0.009098769,0.015359281398746982,1.0,0.009170037,0.01597298110842582,0.009016127,0.015200631398746983,1.0345559528819352
20,40,0.4874,60.0,0.173,14300.0,1170.7049158518362,7,0.9557,0.03,0.05,0.0381,0.2992,13666.51,1198.269569282799,0.0074,1.0471975511965976,0.24999999999999994,0.7500000000000001,0.3333333333333333,0.16992798033907414,1.0576386805290001,1.0310710069444444,0.3144,0.48,4.01341260817504,0.15323855999999997,0.18316755999999995,0.42798079396159816,1.0517601205290001,0.5565222865228143,0.0003205193222078315,42638646.262762114,3652525.244929622,0.0006933770027152199,1146.76419165897,15672264.292949231,1374132.6340081312,40.24937681251494,3.5290358267789914,8.085414156363585e-09,"[0.340,0.428]",0.38,"[0.145,0.206]",0.16,0.0,0.0,0.0,0.0,15.0,1.0539720005162208,0.15642878611173405,0.5547264783415659,0.0,0.0,0.0,0.0,17.0,1.04662203761939,0.17386507716325098,0.5578423669916683,6.542464e-10,7.733592e-12,0.008768168,0.014547138085414156,1.0,0.009572368,0.012577363808615783,0.008633602,0.014257968085414156,0.9666598396397901,5.512642e-10,5.581626e-12,0.008715138,0.014401728085414156,1.0,0.008620011,0.014858556080199026,0.008633602,0.014257968085414156,1.0236658551536595
20,40,0.4874,60.0,0.178,14700.0,1200.687719622662,7,0.9557,0.03,0.05,0.0381,0.2992,14048.789999999999,1229.3213359895349,0.0074,1.0471975511965976,0.24999999999999994,0.7500000000000001,0.3333333333333333,0.17492798033907414,1.069421410529,1.0310710069444444,0.3094,0.48,4.01341260817504,0.15080155999999997,0.18248555999999996,0.4271832861898976,1.0635798505290002,0.5534843091757794,0.00034029069562221053,41284672.72463104,3528417.717761114,0.0006933770027152199,1168.9103956894073,16421776.677857388,1436966.489280958,42.174268190169094,3.6904052032893664,3.0559339200785395e-09,"[0.340,0.428]",0.38,"[0.145,0.206]",0.16,0.0,0.0,0.0,0.0,16.0,1.0680360263199464,0.1628337279423674,0.5504747239227438,0.0,0.0,0.0,0.0,18.0,1.06435163261939,0.18331307097741809,0.5535008349050098,6.542464e-10,7.733592e-12,0.008384352,0.013678313055933922,1.0,0.008957236,0.011641608729639564,0.00829831,0.013490793055933922,0.9455252366880846,5.512642e-10,5.581626e-12,0.008332695,0.013547493055933921,1.0,0.00799104,0.013744660901592933,0.008298311,0.013490793055933922,0.9986758416948394
20,40,0.4874,60.0,0.183,13800.0,1134.1446115765805,7,0.9557,0.03,0.05,0.0381,0.2992,13188.66,1160.2756383972337,0.0074,1.0471975511965976,0.24999999999999994,0.7500000000000001,0.3333333333333333,0.17992798033907415,1.081204140529,1.0310710069444444,0.3044,0.48,4.01341260817504,0.14836455999999998,0.18185355999999997,0.42644291528878747,1.075399580529,0.5503131055261073,0.0003596882540347542,36666918.78886229,3153132.1883727564,0.0006933770027152199,1192.4047322971137,15726220.59665765,1383518.1619939161,40.3879469360642,3.5531396604958725,1.1553665615889762e-09,"[0.340,0.428]",0.38,"[0.145,0.206]",0.16,0.0,0.0,0.0,0.0,17.0,1.082240705343815,0.16926512816706907,0.5459461816023218,0.0,0.0,0.0,0.0,18.0,1.06435163261939,0.18331307097741809,0.5535008349050098,6.542464e-10,7.733592e-12,0.008057674,0.012994241155366562,1.0,0.008374354,0.010896620684390814,0.007913114,0.012761851155366561,0.9337148660975,5.512642e-10,5.581626e-12,0.007999585,0.012874751155366562,1.0,0.00799104,0.013744660901592933,0.007913114,0.012761851155366561,1.0462223899306267
20,40,0.4874,60.0,0.188,12100.0,1009.6266637068403,7,0.9557,0.03,0.05,0.0381,0.2992,11563.97,1030.922596897299,0.0074,1.0471975511965976,0.24999999999999994,0.7500000000000001,0.3333333333333333,0.18492798033907415,1.0929868705290002,1.0310710069444444,0.2994,0.48,4.01341260817504,0.14592755999999998,0.18127156,0.42575997933107806,1.087219310529,0.54700558197674,0.00037870014730653057,30535953.26605404,2666031.8747898983,0.0006933770027152199,1217.3263637148511,14077125.550207626,1254969.2561524601,36.15275496357557,3.223001446046733,4.369496093982261e-10,"[0.340,0.428]",0.38,"[0.145,0.206]",0.16,0.0,0.0,0.0,0.0,17.0,1.082240705343815,0.16926512816706907,0.5459461816023218,0.0,0.0,0.0,0.0,19.0,1.083296635529,0.19340874830672944,0.5486881343224181,6.542464e-10,7.733592e-12,0.007677912,0.01235333043694961,1.0,0.008374354,0.010896620684390814,0.007541944,0.01216127043694961,0.9734543748117205,5.512642e-10,5.581626e-12,0.007624685,0.01225265043694961,1.0,0.007361434,0.012835190117370105,0.007541944,0.01216127043694961,1.0238253463766385
20,40,0.4874,60.0,0.193,11500.0,965.2201821631922,7,0.9557,0.03,0.05,0.0381,0.2992,10990.55,984.8650485517638,0.0074,1.0471975511965976,0.24999999999999994,0.7500000000000001,0.3333333333333333,0.18992798033907415,1.1047696005290002,1.0310710069444444,0.2944,0.48,4.01341260817504,0.14349055999999996,0.18073955999999997,0.42513475510713067,1.099039040529,0.5435586150048716,0.00039731500625255476,27662056.119304527,2429357.4795149984,0.0006933770027152199,1243.7604149116526,13669611.028107261,1224936.1614187267,35.10617960917903,3.1458707057664133,1.6530211979559134e-10,"[0.340,0.428]",0.38,"[0.100,0.145]",0.12,0.0,0.0,0.0,0.0,18.0,1.1025158838249856,0.17838087825636706,0.539056345450436,0.0,0.0,0.0,0.0,13.0,1.114341661833348,0.18863669705104372,0.53637868733963,6.542464e-10,7.733592e-12,0.007315494,0.01184287016530212,1.0,0.007560256,0.01012075512158948,0.007236429,0.011753070165302118,0.9321235438209413,2.094834e-09,3.932807e-11,0.007327192,0.01182564016530212,1.0,0.007095128,0.010432210572656848,0.007236429,0.011753070165302118,0.9323416447809536
20,40,0.4874,60.0,0.198,10300.0,850.9112762569819,7,0.9557,0.03,0.05,0.0381,0.2992,9843.71,869.9431653507463,0.0074,1.0471975511965976,0.24999999999999994,0.7500000000000001,0.3333333333333333,0.19492798033907416,1.1165523305290002,1.0310710069444444,0.2894,0.48,4.01341260817504,0.14105355999999997,0.18025755999999998,0.424567497578418,1.110858770529,0.5399690535295335,0.0004155219819420463,23689986.156672023,2047812.9033752545,0.0006933770027152199,1271.7985047591103,12519215.6592823,1106392.4169184866,32.15174393749125,2.8414276621850707,6.25547218777264e-11,"[0.340,0.428]",0.38,"[0.100,0.145]",0.12,0.0,0.0,0.0,0.0,18.0,1.1025158838249856,0.17838087825636706,0.539056345450436,0.0,0.0,0.0,0.0,13.0,1.114341661833348,0.18863669705104372,0.53637868733963,6.542464e-10,7.733592e-12,0.007025267,0.011522750062554722,1.0,0.007560256,0.01012075512158948,0.006887906,0.011407880062554722,0.959805452411987,2.094834e-09,3.932807e-11,0.006970762,0.011455710062554721,1.0,0.007095128,0.010432210572656848,0.006887906,0.011407870062554722,0.9600305876957416
20,40,0.4874,60.0,0.203,9310.0,790.1578956271989,7,0.9557,0.03,0.05,0.0381,0.2992,8897.567,805.1496158915756,0.0074,1.0471975511965976,0.24999999999999994,0.7500000000000001,0.3333333333333333,0.19992798033907416,1.1283350605290001,1.0310710069444444,0.2844,0.48,4.01341260817504,0.13861655999999997,0.17982555999999997,0.42405843936891524,1.122678500529,0.5362337214868121,0.0004333107835592421,20533915.465742216,1823536.19066849,0.0006933770027152199,1301.539333091192,11580533.419314196,1047933.8941061508,29.7410281355194,2.6912949775521775,2.3679647129410845e-11,"[0.340,0.428]",0.38,"[0.100,0.145]",0.12,0.0,0.0,0.0,0.0,19.0,1.1321948958620225,0.19159199010369476,0.5280101216474122,0.0,0.0,0.0,0.0,13.0,1.114341661833348,0.18863669705104372,0.53637868733963,6.542464e-10,7.733592e-12,0.006687446,0.011264620023679646,1.0,0.006579892,0.009758010384859236,0.006625804,0.011248350023679647,0.9232321262742778,2.094834e-09,3.932807e-11,0.006722564,0.011274800023679647,1.0,0.007095128,0.010432210572656848,0.006625804,0.011248350023679647,0.9741333351074908
20,40,0.4874,60.0,0.208,9190.0,780.3233304129003,7,0.9557,0.03,0.05,0.0381,0.2992,8782.883,795.0855427436971,0.0074,1.0471975511965976,0.24999999999999994,0.7500000000000001,0.3333333333333333,0.20492798033907414,1.140117790529,1.0310710069444444,0.27940000000000004,0.48,4.01341260817504,0.13617955999999998,0.17944355999999997,0.4236077902966375,1.1344982305290001,0.5323494206215116,0.0004506717145733473,19488427.420644294,1731467.2857861414,0.0006933770027152199,1333.0893306035089,11708367.619238937,1059920.0539487228,30.069330848268574,2.7220777320425897,8.966492049060736e-12,"[0.340,0.428]",0.38,"[0.100,0.145]",0.12,0.0,0.0,0.0,0.0,19.0,1.1321948958620225,0.19159199010369476,0.5280101216474122,0.0,0.0,0.0,0.0,13.0,1.114341661833348,0.18863669705104372,0.53637868733963,6.542464e-10,7.733592e-12,0.006443113,0.011185560008966493,1.0,0.006579892,0.009758010384859236,0.006303947,0.011152290008966493,0.9357885383207635,2.094834e-09,3.932807e-11,0.006386409,0.011152920008966493,1.0,0.007095128,0.010432210572656848,0.006303947,0.011152290008966493,0.9873820286870654
20,40,0.4874,60.0,0.213,8930.0,760.0351965289732,7,0.9557,0.03,0.05,0.0381,0.2992,8534.401,774.1947100589551,0.0074,1.0471975511965976,0.24999999999999994,0.7500000000000001,0.3333333333333333,0.20992798033907414,1.151900520529,1.0310710069444444,0.27440000000000003,0.48,4.01341260817504,0.13374255999999998,0.17911155999999998,0.42321573694748166,1.1463179605290001,0.5283129335040533,0.00046759570697374074,18251666.7127555,1625410.9804555054,0.0006933770027152199,1366.5633795461852,11662799.872962343,1057986.1394049446,29.952304147078443,2.717111069042225,3.396259451895726e-12,"[0.340,0.428]",0.38,"[0.100,0.145]",0.12,0.0,0.0,0.0,0.0,19.0,1.1321948958620225,0.19159199010369476,0.5280101216474122,0.0,0.0,0.0,0.0,14.0,1.1582206585290002,0.2120195486814606,0.521811293120456,6.542464e-10,7.733592e-12,0.006131513,0.01116859000339626,1.0,0.006579892,0.009758010384859236,0.006089182,0.011223340003396259,0.9332851017081324,2.094834e-09,3.932807e-11,0.006082042,0.011152690003396259,1.0,0.00583533,0.010891040005105152,0.006089182,0.011223340003396259,0.9811853838803318
20,40,0.4874,60.0,0.218,8760.0,746.7107873566031,7,0.9557,0.03,0.05,0.0381,0.2992,8371.932,760.4825816844008,0.0074,1.0471975511965976,0.24999999999999994,0.7500000000000001,0.3333333333333333,0.21492798033907415,1.163683250529,1.0310710069444444,0.26940000000000003,0.48,4.01341260817504,0.13130556,0.17882956,0.4228824422933636,1.1581376905290002,0.5241210267813307,0.0004840743533367029,17294723.304989506,1542553.9118310213,0.0006933770027152199,1402.0856143410624,11738165.4214416,1066261.6877366502,30.14585731225753,2.738364262384737,1.2867934819488893e-12,"[0.340,0.428]",0.38,"[0.100,0.145]",0.12,0.0,0.0,0.0,0.0,20.0,1.1637365908993704,0.2054649904940512,0.5149091635936068,0.0,0.0,0.0,0.0,14.0,1.1582206585290002,0.2120195486814606,0.521811293120456,6.542464e-10,7.733592e-12,0.005936234,0.011309430001286794,1.0,0.005778575,0.010209080025609888,0.005793018,0.011359150001286794,0.9459121296887919,2.094834e-09,3.932807e-11,0.00587526,0.011310800001286793,1.0,0.00583533,0.010891040005105152,0.005793018,0.011359150001286794,0.9776181365552863
20,40,0.4874,60.0,0.223,8420.0,721.765890028241,7,0.9557,0.03,0.05,0.0381,0.2992,8046.994,734.5878407127927,0.0074,1.0471975511965976,0.24999999999999994,0.7500000000000001,0.3333333333333333,0.21992798033907415,1.1754659805290002,1.0310710069444444,0.2644,0.48,4.01341260817504,0.12886856,0.17859756,0.4226080453564508,1.1699574205290002,0.5197704546701214,0.0005000999365026755,16090771.889064115,1443243.3146777246,0.0006933770027152199,1439.790312630656,11585984.006997012,1057652.4568345505,29.755026288778847,2.7162541082827256,4.876916499887637e-13,"[0.340,0.428]",0.38,"[0.100,0.145]",0.12,0.0,0.0,0.0,0.0,20.0,1.1637365908993704,0.2054649904940512,0.5149091635936068,0.0,0.0,0.0,0.0,14.0,1.1582206585290002,0.2120195486814606,0.521811293120456,6.542464e-10,7.733592e-12,0.005647943,0.011515260000487691,1.0,0.005778575,0.010209080025609888,0.005625755,0.011636900000487692,0.9272847610891355,2.094834e-09,3.932807e-11,0.005598165,0.011531550000487691,1.0,0.00583533,0.010891040005105152,0.005625755,0.011636900000487692,0.9583663976170025
20,40,0.4874,60.0,0.228,8510.0,727.5860773497988,7,0.9557,0.03,0.05,0.0381,0.2992,8133.007,740.739694465776,0.0074,1.0471975511965976,0.24999999999999994,0.7500000000000001,0.3333333333333333,0.22492798033907416,1.1872487105290002,1.0310710069444444,0.2594,0.48,4.01341260817504,0.12643155999999997,0.17841555999999997,0.42239266092109123,1.1817771505290002,0.5152579627014839,0.0005156654566582722,15771867.002116617,1410965.3224880737,0.0006933770027152199,1479.8228888816695,12035409.91403484,1096163.5545736698,30.90923810805055,2.815157984288872,1.8488814839972177e-13,"[0.340,0.428]",0.38,"[0.100,0.145]",0.12,0.0,0.0,0.0,0.0,21.0,1.192772394417889,0.2180887057036648,0.5014775712252013,0.0,0.0,0.0,0.0,15.0,1.1910777886594348,0.22952891436204323,0.5103725819388067,6.542464e-10,7.733592e-12,0.005390802,0.011823970000184888,1.0,0.005133603,0.01123453000219118,0.005351297,0.011985090000184889,0.9765354647587288,2.094834e-09,3.932807e-11,0.005433959,0.011886840000184888,1.0,0.005171392,0.012169290000149253,0.005351297,0.011985090000184889,1.0161910330094088
20,40,0.4874,60.0,0.233,7990.0,689.9394900851892,7,0.9557,0.03,0.05,0.0381,0.2992,7636.043,701.5922645681851,0.0074,1.0471975511965976,0.24999999999999994,0.7500000000000001,0.3333333333333333,0.22992798033907416,1.1990314405290001,1.0310710069444444,0.25439999999999996,0.48,4.01341260817504,0.12399455999999995,0.17828355999999995,0.422236379294821,1.1935968805290003,0.5105802917243383,0.0005307646556348084,14386871.693381868,1299897.200690584,0.0006933770027152199,1522.3410045669425,11624661.371536369,1068062.672839127,29.854357169777323,2.742989537116476,7.011306677021704e-14,"[0.340,0.428]",0.38,"[0.100,0.145]",0.12,0.0,0.0,0.0,0.0,21.0,1.192772394417889,0.2180887057036648,0.5014775712252013,0.0,0.0,0.0,0.0,15.0,1.1910777886594348,0.22952891436204323,0.5103725819388067,6.542464e-10,7.733592e-12,0.005231601,0.012261790000070112,1.0,0.005133603,0.01123453000219118,0.005111445,0.012428930000070112,0.94850323809234,2.094834e-09,3.932807e-11,0.005180616,0.012309120000070112,1.0,0.005171392,0.012169290000149253,0.005111445,0.012428930000070112,0.9870204617381346
20,40,0.4874,60.0,0.238,9060.0,768.7932101778877,7,0.9557,0.03,0.05,0.0381,0.2992,8658.642,783.3975658574249,0.0074,1.0471975511965976,0.24999999999999994,0.7500000000000001,0.3333333333333333,0.23492798033907414,1.210814170529,1.0310710069444444,0.24939999999999998,0.48,4.01341260817504,0.12155755999999997,0.17820155999999995,0.4221392661196065,1.205416610529,0.5057341821761319,0.0005453920382548084,15875996.33413545,1409615.7557377208,0.0006933770027152199,1567.515811193673,13572558.238465607,1227988.0709321501,34.85692945438486,3.153708594006898,2.6595850803163317e-14,"[0.340,0.428]",0.38,"[0.100,0.145]",0.12,0.0,0.0,0.0,0.0,21.0,1.192772394417889,0.2180887057036648,0.5014775712252013,0.0,0.0,0.0,0.0,16.0,1.2185850597898695,0.2441873725775278,0.5005179346709142,6.542464e-10,7.733592e-12,0.004999755,0.012762170000026595,1.0,0.005133603,0.01123453000219118,0.004971632,0.012988820000026595,0.9098963446537084,2.094834e-09,3.932807e-11,0.005055924,0.012840250000026594,1.0,0.004729826,0.013722910000007764,0.004971632,0.012988820000026595,1.050121402957607
20,40,0.4874,60.0,0.243,9230.0,782.6803306723724,7,0.9557,0.03,0.05,0.0381,0.2992,8821.111,797.6145483408161,0.0074,1.0471975511965976,0.24999999999999994,0.7500000000000001,0.3333333333333333,0.23992798033907414,1.2225969005290003,1.0310710069444444,0.24439999999999998,0.48,4.01341260817504,0.11912055999999996,0.17816955999999995,0.42210136223423866,1.217236340529,0.500716378628131,0.0005595428905795852,15764852.254423115,1398785.2296035022,0.0006933770027152199,1615.5333451029196,14250798.96135416,1288572.8993837931,36.598781551494746,3.309302038827045,1.0091431804108361e-14,"[0.340,0.428]",0.38,"[0.100,0.145]",0.12,0.0,0.0,0.0,0.0,22.0,1.221330806454926,0.23037185899477863,0.4868390745314054,0.0,0.0,0.0,0.0,16.0,1.2185850597898695,0.2441873725775278,0.5005179346709142,6.542464e-10,7.733592e-12,0.004875013,0.01336858000001009,1.0,0.004525406,0.012774970000201702,0.004755808,0.01361374000001009,0.9793032091309056,2.094834e-09,3.932807e-11,0.004821666,0.013446200000010091,1.0,0.004729826,0.013722910000007764,0.004755808,0.01361374000001009,1.0060374252778683
20,40,0.4874,60.0,0.248,9770.0,823.9329463177013,7,0.9557,0.03,0.05,0.0381,0.2992,9337.189,840.2130048270244,0.0074,1.0471975511965976,0.24999999999999994,0.7500000000000001,0.3333333333333333,0.24492798033907415,1.2343796305290002,1.0310710069444444,0.23939999999999997,0.48,4.01341260817504,0.11668355999999996,0.17818755999999997,0.42212268358855104,1.2290560705290001,0.4955236346124391,0.0005732132949342894,16289205.226948503,1437393.294257338,0.0006933770027152199,1666.5960961219012,15561322.736152358,1400295.713755571,39.96445764319661,3.596227627251903,3.830140113413099e-15,"[0.340,0.428]",0.38,"[0.100,0.145]",0.12,0.0,0.0,0.0,0.0,22.0,1.221330806454926,0.23037185899477863,0.4868390745314054,0.0,0.0,0.0,0.0,16.0,1.2185850597898695,0.2441873725775278,0.5005179346709142,6.542464e-10,7.733592e-12,0.004664578,0.01404237000000383,1.0,0.004525406,0.012774970000201702,0.004645914,0.01433214000000383,0.9288003544365179,2.094834e-09,3.932807e-11,0.004620317,0.01413095000000383,1.0,0.004729826,0.013722910000007764,0.004645914,0.01433214000000383,0.9541558819190814
20,40,0.4874,60.0,0.253,10100.0,850.5845048877985,7,0.9557,0.03,0.05,0.0381,0.2992,9652.57,867.5374812071009,0.0074,1.0471975511965976,0.24999999999999994,0.7500000000000001,0.3333333333333333,0.24992798033907415,1.2461623605290002,1.0310710069444444,0.23439999999999997,0.48,4.01341260817504,0.11424655999999996,0.17825555999999995,0.4222032212098813,1.2408758005290002,0.49015271773732677,0.0005864001416115543,16460722.491424799,1450518.9281677327,0.0006933770027152199,1720.924775913219,16611346.86423666,1492966.7454426487,42.66112074200047,3.8342245882689374,1.45411430314029e-15,"[0.340,0.428]",0.38,"[0.100,0.145]",0.12,0.0,0.0,0.0,0.0,23.0,1.253063385343815,0.24387055530274526,0.46870888179923237,0.0,0.0,0.0,0.0,17.0,1.248986081181174,0.2603878927839626,0.4893939432216074,6.542464e-10,7.733592e-12,0.004570588,0.014797960000001454,1.0,0.004060912,0.015096240000014778,0.004450691,0.015118790000001454,1.054455898338913,2.094834e-09,3.932807e-11,0.004513168,0.014905410000001453,1.0,0.004429488,0.015853970000000293,0.004450691,0.015118790000001454,1.0427438749372087
20,40,0.4874,60.0,0.258,9830.0,839.0735962751077,7,0.9557,0.03,0.05,0.0381,0.2992,9394.530999999999,854.4084781647414,0.0074,1.0471975511965976,0.24999999999999994,0.7500000000000001,0.3333333333333333,0.25492798033907416,1.2579450905290002,1.0310710069444444,0.22939999999999997,0.48,4.01341260817504,0.11180955999999996,0.17837355999999996,0.42234294122194105,1.2526955305290002,0.4846004150968583,0.0005991011371806696,15681043.511634849,1400554.1705758274,0.0006933770027152199,1778.7603163658214,16710618.933668515,1519787.8949259555,42.91607043241109,3.903106437880424,5.522090721467406e-16,"[0.340,0.428]",0.38,"[0.100,0.145]",0.12,0.0,0.0,0.0,0.0,23.0,1.253063385343815,0.24387055530274526,0.46870888179923237,0.0,0.0,0.0,0.0,17.0,1.248986081181174,0.2603878927839626,0.4893939432216074,6.542464e-10,7.733592e-12,0.004377223,0.015625810000000552,1.0,0.004060912,0.015096240000014778,0.004366694,0.015975170000000552,0.9918125620024152,2.094834e-09,3.932807e-11,0.004332303,0.01574190000000055,1.0,0.004429488,0.015853970000000293,0.004366694,0.015975170000000552,0.9807963289341803
20,40,0.4874,60.0,0.263,9520.0,819.2929878731437,7,0.9557,0.03,0.05,0.0381,0.2992,9098.264,833.4588838869558,0.0074,1.0471975511965976,0.24999999999999994,0.7500000000000001,0.3333333333333333,0.25992798033907416,1.2697278205290001,1.0310710069444444,0.22439999999999996,0.48,4.01341260817504,0.10937255999999995,0.17854155999999996,0.4225417849160009,1.2645152605290002,0.47886353898010625,0.0006113148093558076,14883107.460765729,1340214.5266797966,0.0006933770027152199,1840.3661337758792,16744136.941752264,1533869.5038001963,43.00215109772853,3.9392707068789226,2.0976294817123326e-16,"[0.340,0.428]",0.38,"[0.100,0.145]",0.12,0.0,0.0,0.0,0.0,23.0,1.253063385343815,0.24387055530274526,0.46870888179923237,0.0,0.0,0.0,0.0,17.0,1.248986081181174,0.2603878927839626,0.4893939432216074,6.542464e-10,7.733592e-12,0.004212448,0.016515020000000206,1.0,0.004060912,0.015096240000014778,0.004188489,0.016900870000000207,0.932720776470655,2.094834e-09,3.932807e-11,0.004247799,0.01664546000000021,1.0,0.004429488,0.015853970000000293,0.004188489,0.016900870000000207,0.92236088604898
20,40,0.4874,60.0,0.268,10100.0,865.5466480736219,7,0.9557,0.03,0.05,0.0381,0.2992,9652.57,880.950446953749,0.0074,1.0471975511965976,0.24999999999999994,0.7500000000000001,0.3333333333333333,0.26492798033907416,1.2815105505290003,1.0310710069444444,0.21939999999999996,0.48,4.01341260817504,0.10693555999999996,0.17875955999999998,0.4227996688740425,1.2763349905290002,0.4729389328844634,0.0006230405084038812,15492684.455988526,1389230.132549484,0.0006933770027152199,1906.0307010775161,18398094.7642998,1679118.5980218053,47.249831610727014,4.312298204101015,7.970277885216539e-17,"[0.340,0.428]",0.38,"[0.100,0.145]",0.12,0.0,0.0,0.0,0.0,24.0,1.2851995086771484,0.2573856087496499,0.4480733591624279,0.0,0.0,0.0,0.0,18.0,1.281203510529,0.27755636579119297,0.4774060477329054,6.542464e-10,7.733592e-12,0.004130584,0.01746739000000008,1.0,0.003604479,0.01794544000000109,0.004037897,0.01787839000000008,1.079553842841735,2.094834e-09,3.932807e-11,0.00408434,0.01760928000000008,1.0,0.004106304,0.01843288000000001,0.004037897,0.01787839000000008,1.0142784821272846
20,40,0.4874,60.0,0.273,10400.0,891.5245369683357,7,0.9557,0.03,0.05,0.0381,0.2992,9939.28,907.3583199965749,0.0074,1.0471975511965976,0.24999999999999994,0.7500000000000001,0.3333333333333333,0.26992798033907417,1.2932932805290003,1.0310710069444444,0.21439999999999995,0.48,4.01341260817504,0.10449855999999995,0.17902755999999997,0.4231164851432759,1.2881547205290003,0.466823477836673,0.0006342784050997295,15670216.61164267,1405572.8995348006,0.0006933770027152199,1976.0704782620487,19640717.783180416,1793003.9893506807,50.441125554470155,4.6047777044051825,3.029261997511369e-17,"[0.340,0.428]",0.38,"[0.100,0.145]",0.12,0.0,0.0,0.0,0.0,24.0,1.2851995086771484,0.2573856087496499,0.4480733591624279,0.0,0.0,0.0,0.0,18.0,1.281203510529,0.27755636579119297,0.4774060477329054,6.542464e-10,7.733592e-12,0.003983256,0.01846983000000003,1.0,0.003604479,0.01794544000000109,0.00396279,0.01890629000000003,1.008232344276506,2.094834e-09,3.932807e-11,0.004019981,0.018614970000000033,1.0,0.004106304,0.01843288000000001,0.00396279,0.01890629000000003,0.9472694470639089
20,40,0.4874,60.0,0.278,11400.0,970.8146064399991,7,0.9557,0.03,0.05,0.0381,0.2992,10894.98,988.8330460741325,0.0074,1.0471975511965976,0.24999999999999994,0.7500000000000001,0.3333333333333333,0.2749279803390742,1.3050760105290002,1.0310710069444444,0.20939999999999995,0.48,4.01341260817504,0.10206155999999994,0.17934555999999996,0.42349210146117244,1.2999744505290003,0.46051409902420865,0.0006450294852632495,16890669.727374617,1505070.122560041,0.0006933770027152199,2050.8332606965073,22343787.358623233,2027931.700164673,57.383126012016625,5.208117067467604,1.1516438453165348e-17,"[0.340,0.428]",0.38,"[0.100,0.145]",0.12,0.0,0.0,0.0,0.0,24.0,1.2851995086771484,0.2573856087496499,0.4480733591624279,0.0,0.0,0.0,0.0,19.0,1.3106228055926925,0.29323372998247443,0.46633813269643376,6.542464e-10,7.733592e-12,0.003919132,0.019510280000000012,1.0,0.003604479,0.01794544000000109,0.003829162,0.01997453000000001,0.9420277280221786,2.094834e-09,3.932807e-11,0.003870401,0.01967533000000001,1.0,0.003929735,0.02091553,0.003829162,0.01997453000000001,1.0243648789070237
20,40,0.4874,60.0,0.283,11100.0,952.7066704526709,7,0.9557,0.03,0.05,0.0381,0.2992,10608.27,969.4856698167388,0.0074,1.0471975511965976,0.24999999999999994,0.7500000000000001,0.3333333333333333,0.2799279803390741,1.316858740529,1.0310710069444444,0.2044,0.48,4.01341260817504,0.09962455999999997,0.17971355999999994,0.42392636152992413,1.311794180529,0.4540077727385414,0.0006552955409394166,16188527.675302397,1453858.0089937625,0.0006933770027152199,2130.7020167320798,22603062.283038422,2065685.0718713766,58.04899368344928,5.305074957875927,4.379422727812219e-18,"[0.340,0.428]",0.38,"[0.070,0.100]",0.093,0.0,0.0,0.0,0.0,25.0,1.3119829812697408,0.26853393620385735,0.42887493094285295,0.0,0.0,0.0,0.0,10.0,1.2696817066828463,0.2570283297898619,0.46723719036090233,6.542464e-10,7.733592e-12,0.003786161,0.020592070000000004,1.0,0.003307124,0.02059756000000013,0.003768681,0.021067150000000003,1.0616909785985638,5.055756e-09,1.043033e-10,0.003746245,0.020762230000000003,1.0,0.003993222,0.016943800000000907,0.00376868,0.021067150000000003,0.7896535699101945
20,40,0.4874,60.0,0.288,11800.0,1014.4599548838846,7,0.9557,0.03,0.05,0.0381,0.2992,11277.26,1032.125877027005,0.0074,1.0471975511965976,0.24999999999999994,0.7500000000000001,0.3333333333333333,0.2849279803390741,1.328641470529,1.0310710069444444,0.1994,0.48,4.01341260817504,0.09718755999999996,0.18013155999999997,0.4244190853390078,1.323613910529,0.44730153363061115,0.0006650791583075624,16956267.3241745,1525322.124760904,0.0006933770027152199,2216.0993003092544,24991527.995405544,2287293.4339106213,64.18303115652111,5.874207681890454,1.6658360497396254e-18,"[0.340,0.428]",0.38,"[0.070,0.100]",0.093,0.0,0.0,0.0,0.0,25.0,1.3119829812697408,0.26853393620385735,0.42887493094285295,0.0,0.0,0.0,0.0,11.0,1.425925996298231,0.34028996559062813,0.4005199458846654,6.542464e-10,7.733592e-12,0.003673383,0.02169297,1.0,0.003307124,0.02059756000000013,0.003649393,0.02218636,0.9908729143376798,5.055756e-09,1.043033e-10,0.003685856,0.02186782,1.0,0.003371742,0.03035902,0.003649393,0.02218636,1.5964731789012432
20,40,0.4874,60.0,0.293,11900.0,1028.8410956386147,7,0.9557,0.03,0.05,0.0381,0.2992,11372.83,1046.066911248147,0.0074,1.0471975511965976,0.24999999999999994,0.7500000000000001,0.3333333333333333,0.28992798033907413,1.340424200529,1.0310710069444444,0.1944,0.48,4.01341260817504,0.09475055999999997,0.18059955999999996,0.4249700695343143,1.335433640529,0.44039248227750283,0.0006743837024305247,16864034.464373246,1525601.9561721338,0.0006933770027152199,2307.492341897069,26242718.130697243,2413791.3868170204,67.39632709628607,6.1990786563310785,6.338168654926846e-19,"[0.340,0.428]",0.38,"[0.070,0.100]",0.093,0.0,0.0,0.0,0.0,26.0,1.337073917566037,0.2788851317010691,0.40900721698655185,0.0,0.0,0.0,0.0,11.0,1.425925996298231,0.34028996559062813,0.4005199458846654,6.542464e-10,7.733592e-12,0.003616746,0.02280422,1.0,0.003041723,0.02317730000000002,0.003548233,0.02330931,1.108698373466795,5.055756e-09,1.043033e-10,0.003575729,0.02298929,1.0,0.003371742,0.03035902,0.003548233,0.02330931,1.4901143358518325
20,40,0.4874,60.0,0.298,12700.0,1082.808847425798,7,0.9557,0.03,0.05,0.0381,0.2992,12137.39,1102.7491489549316,0.0074,1.0471975511965976,0.24999999999999994,0.7500000000000001,0.3333333333333333,0.29492798033907414,1.352206930529,1.0310710069444444,0.18939999999999999,0.48,4.01341260817504,0.09231355999999998,0.18111755999999996,0.42557908783209725,1.347253370529,0.43327779305787234,0.0006832132989770273,17765154.77402631,1584876.7128026981,0.0006933770027152199,2405.3989429240446,29195265.07585687,2652551.6372065824,74.97903322802439,6.812260715167548,2.41218689551821e-19,"[0.340,0.428]",0.38,"[0.070,0.100]",0.093,0.0,0.0,0.0,0.0,26.0,1.337073917566037,0.2788851317010691,0.40900721698655185,0.0,0.0,0.0,0.0,11.0,1.425925996298231,0.34028996559062813,0.4005199458846654,6.542464e-10,7.733592e-12,0.003517268,0.02391979,1.0,0.003041723,0.02317730000000002,0.003494684,0.02442608,1.0347617155024311,5.055756e-09,1.043033e-10,0.003527799,0.02410106,1.0,0.003371742,0.03035902,0.003494684,0.02442608,1.390741885585519
20,40,0.5674,60.0,0.0425,1350.0,113.88112223009202,8,0.9737,0.03,0.05,0.0392,1000.0,1314.4950000000001,118.05069165287878,0.0074,1.0471975511965976,0.24999999999999994,0.7500000000000001,0.3333333333333333,0.03832309529949043,0.670309427529,1.02660318877551,0.5249,0.56,4.01341260817504,0.29782825999999996,0.29963450999999997,0.5473888106273272,0.6622811675290001,0.5985479856088795,-0.00033240692064403983,-3954475.4286498018,-342595.5212046935,0.0005094198387295491,1189.2549655860453,1563269.7059880288,140392.3712390532,4.014776057867328,0.36055450227095287,1.4820851171533503e-05,"[0.523,0.609]",0.57,"[0.206,0.322]",0.265,0.0,0.0,0.0,0.0,0.0,0.6724048218225704,0.06037850168743564,0.5972888103409448,0.0,0.0,0.0,0.0,0.0,0.676074839428892,0.03235658326515417,0.599053316287875,2.105634e-13,1.469681e-17,0.0005591574,0.0017082338511715334,1.0,0.0008586633,0.002917464036893417,0.0006056379,0.0018326548511715334,1.547939921594871,8.328633e-12,5.725275e-15,0.000599299,0.0018157828511715334,1.0,0.000388976,0.0016883580483157217,0.0006056379,0.0018326548511715334,0.8412812015034451
20,40,0.5674,60.0,0.0475,1780.0,146.3628709711095,8,0.9737,0.03,0.05,0.0392,1000.0,1733.186,152.18957096461818,0.0074,1.0471975511965976,0.24999999999999994,0.7500000000000001,0.3333333333333333,0.043323095299490424,0.682492157529,1.02660318877551,0.5199,0.56,4.01341260817504,0.29499126,0.29724751,0.5452040993976476,0.6745008975290001,0.5981699512689961,-0.0003134854608825959,-5528760.393290135,-466888.86482657056,0.0005094198387295491,1192.2487930642571,2066388.9166558676,181447.83229953315,5.306882566107831,0.46599279067310884,1.9169825712916162e-05,"[0.523,0.609]",0.57,"[0.206,0.322]",0.265,0.0,0.0,0.0,0.0,0.0,0.6724048218225704,0.06037850168743564,0.5972888103409448,0.0,0.0,0.0,0.0,0.0,0.676074839428892,0.03235658326515417,0.599053316287875,2.105634e-13,1.469681e-17,0.000779509,0.002275580825712916,1.0,0.0008586633,0.002917464036893417,0.0008376526,0.0024237278257129165,1.1544334861285093,8.328633e-12,5.725275e-15,0.0008284638,0.0024000428257129162,1.0,0.000388976,0.0016883580483157217,0.0008376525,0.0024237278257129165,0.6274166138167832
20,40,0.5674,60.0,0.0525,2410.0,193.7558773146482,8,0.9737,0.03,0.05,0.0392,1000.0,2346.617,202.0394082344993,0.0074,1.0471975511965976,0.24999999999999994,0.7500000000000001,0.3333333333333333,0.04832309529949042,0.6946748875290001,1.02660318877551,0.5149,0.56,4.01341260817504,0.29215425999999994,0.29491050999999996,0.5430566360887232,0.6867206275290001,0.5977442975227579,-0.0002945646946109709,-7966389.1937190825,-657770.1973773196,0.0005094198387295491,1195.6268005944958,2805678.175930654,241563.7312614196,7.205518998839684,0.620381934737544,2.378281244040755e-05,"[0.523,0.609]",0.57,"[0.206,0.322]",0.265,0.0,0.0,0.0,0.0,1.0,0.691671914600348,0.06997891028846948,0.5963495930345805,0.0,0.0,0.0,0.0,0.0,0.676074839428892,0.03235658326515417,0.599053316287875,2.105634e-13,1.469681e-17,0.001037587,0.0029397028124404073,1.0,0.001116153,0.004078662431718172,0.00109773,0.0031138058124404074,1.2282137405378966,8.328633e-12,5.725275e-15,0.00108719,0.0030819808124404073,1.0,0.000388976,0.0016883580483157217,0.00109773,0.0031138058124404074,0.48503202984260885
20,40,0.5674,60.0,0.0575,2830.0,225.5227260990597,8,0.9737,0.03,0.05,0.0392,1000.0,2755.571,235.4324263712699,0.0074,1.0471975511965976,0.24999999999999994,0.7500000000000001,0.3333333333333333,0.053323095299490426,0.7068576175290001,1.02660318877551,0.5099,0.56,4.01341260817504,0.28931725999999997,0.29262351,0.5409468643036948,0.6989403575290001,0.59726981607747,-0.00027565050428378276,-9996611.495994704,-818147.3372778001,0.0005094198387295491,1199.4011402709777,3305034.9994976385,282377.92064646416,8.487962976299299,0.7252005912602686,2.8568247523744124e-05,"[0.523,0.609]",0.57,"[0.206,0.322]",0.265,0.0,0.0,0.0,0.0,1.0,0.691671914600348,0.06997891028846948,0.5963495930345805,0.0,0.0,0.0,0.0,1.0,0.7010786863254437,0.045680981865855494,0.5981160454093121,2.105634e-13,1.469681e-17,0.0012914,0.0037059382475237443,1.0,0.001116153,0.004078662431718172,0.001343727,0.003907670247523744,0.9846786475806926,8.328633e-12,5.725275e-15,0.001333728,0.0038664442475237443,1.0,0.001307865,0.0032912574697814777,0.001343727,0.003907670247523744,0.8784019133520224
20,40,0.5674,60.0,0.0625,3380.0,267.4359736841174,8,0.9737,0.03,0.05,0.0392,1000.0,3291.106,279.44833846615455,0.0074,1.0471975511965976,0.24999999999999994,0.7500000000000001,0.3333333333333333,0.058323095299490424,0.7190403475289999,1.02660318877551,0.5049,0.56,4.01341260817504,0.28648026,0.29038651,0.5388752267454869,0.7111600875290001,0.5967452749029346,-0.00025674895290176726,-12818381.39086466,-1041624.398703737,0.0005094198387295491,1203.5845521100036,3961124.340956546,336339.70329067134,10.172926082679187,0.8637847857661543,3.344895314777511e-05,"[0.523,0.609]",0.57,"[0.206,0.322]",0.265,0.0,0.0,0.0,0.0,2.0,0.7118072729309091,0.07991523059928796,0.5952261018162561,0.0,0.0,0.0,0.0,1.0,0.7010786863254437,0.045680981865855494,0.5981160454093121,2.105634e-13,1.469681e-17,0.001519847,0.004576217953147776,1.0,0.001482076,0.0055043153125976,0.001568673,0.004806204953147776,1.0941714599588424,8.328633e-12,5.725275e-15,0.001558273,0.004754541953147775,1.0,0.001307865,0.0032912574697814777,0.001568673,0.004806204953147776,0.723862896069676
20,40,0.5674,60.0,0.0675,3920.0,308.3131524961638,8,0.9737,0.03,0.05,0.0392,1000.0,3816.904,322.41667416301937,0.0074,1.0471975511965976,0.24999999999999994,0.7500000000000001,0.3333333333333333,0.06332309529949043,0.7312230775290001,1.02660318877551,0.49990000000000007,0.56,4.01341260817504,0.28364326,0.28819951,0.5368421648864776,0.723379817529,0.5961694180065589,-0.00023786628065661778,-16046427.385435339,-1296161.6570666553,0.0005094198387295491,1208.1903977018635,4611546.761749834,389540.7297827305,11.843335451260016,1.0004152127463086,3.835867444909596e-05,"[0.523,0.609]",0.57,"[0.206,0.322]",0.265,0.0,0.0,0.0,0.0,3.0,0.7297341058204907,0.08868079926289318,0.5941051290800538,0.0,0.0,0.0,0.0,2.0,0.7228559586212869,0.05728595840032001,0.5970425611367676,2.105634e-13,1.469681e-17,0.001753176,0.005547874674449096,1.0,0.001872345,0.006922273526501515,0.001812117,0.005805501674449096,1.1562532795579399,8.328633e-12,5.725275e-15,0.001798077,0.005742728674449096,1.0,0.001990972,0.005221653167042172,0.001812117,0.005805501674449096,0.950901134223167
20,40,0.5674,60.0,0.0725,4540.0,355.1929053439721,8,0.9737,0.03,0.05,0.0392,1000.0,4420.598,371.7036236037046,0.0074,1.0471975511965976,0.24999999999999994,0.7500000000000001,0.3333333333333333,0.06832309529949042,0.7434058075290001,1.02660318877551,0.49490000000000006,0.56,4.01341260817504,0.28080626,0.28606251,0.534848118628083,0.7355995475290001,0.5955409652214375,-0.00021900890095208158,-20184558.621967662,-1621819.4959194243,0.0005094198387295491,1213.232696020188,5363214.029561452,450962.9893851958,13.773760980989907,1.1581593411762992,4.3239808255675215e-05,"[0.523,0.609]",0.57,"[0.206,0.322]",0.265,0.0,0.0,0.0,0.0,3.0,0.7297341058204907,0.08868079926289318,0.5941051290800538,0.0,0.0,0.0,0.0,3.0,0.7423487574750125,0.06767355287107936,0.5958808133200261,2.105634e-13,1.469681e-17,0.00203317,0.0066133608082556755,1.0,0.001872345,0.006922273526501515,0.002109113,0.006896693808255676,0.9770190138262663,8.328633e-12,5.725275e-15,0.002089545,0.006822610808255676,1.0,0.002388226,0.0072116878069221416,0.002109113,0.006896693808255676,1.067582936537859
20,40,0.5674,60.0,0.0775,5480.0,426.00586853656336,8,0.9737,0.03,0.05,0.0392,1000.0,5335.876,446.1927700210409,0.0074,1.0471975511965976,0.24999999999999994,0.7500000000000001,0.3333333333333333,0.07332309529949042,0.7555885375290001,1.02660318877551,0.48990000000000006,0.56,4.01341260817504,0.27796926,0.28397551,0.5328935259505411,0.7478192775290001,0.5948586120085704,-0.00020018339578163253,-26654937.984070227,-2128077.9400968216,0.0005094198387295491,1218.7261615439072,6502971.675954258,543786.8019163865,16.700876943757816,1.3965486726670249,4.804119730603185e-05,"[0.523,0.609]",0.57,"[0.206,0.322]",0.265,0.0,0.0,0.0,0.0,4.0,0.7482077456320708,0.09763613966045825,0.5928320271999068,0.0,0.0,0.0,0.0,3.0,0.7423487574750125,0.06767355287107936,0.5958808133200261,2.105634e-13,1.469681e-17,0.002369725,0.007760402197306032,1.0,0.002309,0.008472644987400153,0.002459955,0.008066221197306031,1.0268007056124484,8.328633e-12,5.725275e-15,0.002435309,0.007981170197306032,1.0,0.002388226,0.0072116878069221416,0.002459955,0.008066221197306031,0.9118264916812594
20,40,0.5674,60.0,0.0825,6230.0,482.56968412050486,8,0.9737,0.03,0.05,0.0392,1000.0,6066.151,505.68472411346306,0.0074,1.0471975511965976,0.24999999999999994,0.7500000000000001,0.3333333333333333,0.07832309529949043,0.7677712675290002,1.02660318877551,0.48490000000000005,0.56,4.01341260817504,0.27513225999999996,0.28193851,0.5309788225532163,0.7600390075290002,0.5941210292744311,-0.00018139651044499344,-33441387.51687561,-2660303.017608704,0.0005094198387295491,1224.6862448595925,7429131.688941262,619305.1258573761,19.079433268140907,1.5904941944968174,5.271410778909455e-05,"[0.523,0.609]",0.57,"[0.206,0.322]",0.265,0.0,0.0,0.0,0.0,5.0,0.771385307888669,0.1087634405734258,0.591066532349589,0.0,0.0,0.0,0.0,5.0,0.7657250222139123,0.08013062279577066,0.5942406494855428,2.105634e-13,1.469681e-17,0.002748025,0.008972633107789094,1.0,0.002880894,0.010482088808390171,0.002847495,0.009296607107789094,1.106401775058819,8.328633e-12,5.725275e-15,0.002818943,0.009201491107789095,1.0,0.003095441,0.009777141590965932,0.002847495,0.009296607107789094,1.060635730672359
20,40,0.5674,60.0,0.0875,7010.0,541.9054345450284,8,0.9737,0.03,0.05,0.0392,1000.0,6825.637,568.0177090662925,0.0074,1.0471975511965976,0.24999999999999994,0.7500000000000001,0.3333333333333333,0.08332309529949042,0.779953997529,1.02660318877551,0.47990000000000005,0.56,4.01341260817504,0.27229526,0.27995150999999996,0.5291044414857996,0.772258737529,0.5933268632051626,-0.00016265514758800095,-41963854.82548064,-3331621.7935976633,0.0005094198387295491,1231.1291759257983,8403240.854978638,699303.1740740446,21.58113220248072,1.7959445063823187,5.72017475633124e-05,"[0.523,0.609]",0.57,"[0.206,0.322]",0.265,0.0,0.0,0.0,0.0,5.0,0.771385307888669,0.1087634405734258,0.591066532349589,0.0,0.0,0.0,0.0,6.0,0.777675888977065,0.08649916732553582,0.5932994276579158,2.105634e-13,1.469681e-17,0.003151696,0.010230631747563314,1.0,0.002880894,0.010482088808390171,0.003256992,0.010567571747563313,0.9697298381940477,8.328633e-12,5.725275e-15,0.003225422,0.010463821747563313,1.0,0.003500472,0.011102978897432772,0.003256992,0.010567571747563313,1.0570614473303037
20,40,0.5674,60.0,0.0925,7660.0,591.6265714331131,8,0.9737,0.03,0.05,0.0392,1000.0,7458.542,620.2104397231203,0.0074,1.0471975511965976,0.24999999999999994,0.7500000000000001,0.3333333333333333,0.08832309529949042,0.7921367275289999,1.02660318877551,0.47490000000000004,0.56,4.01341260817504,0.26945825999999995,0.27801450999999994,0.5272708127708189,0.784478467529,0.5924747351187384,-0.0001439663605527611,-51807533.172074445,-4109477.861088893,0.0005094198387295491,1238.0720101960578,9234212.087071726,767865.1858525845,23.71522550359494,1.9720248860591754,6.14097476981913e-05,"[0.523,0.609]",0.57,"[0.206,0.322]",0.265,0.0,0.0,0.0,0.0,6.0,0.79369447369298,0.11936326719821777,0.5891910672960289,0.0,0.0,0.0,0.0,7.0,0.7885996612903665,0.09232037944253245,0.5923790524669797,2.105634e-13,1.469681e-17,0.003570139,0.011513069747698192,1.0,0.003429514,0.01235641632999453,0.003679163,0.011857219747698192,1.022361465429158,8.328633e-12,5.725275e-15,0.003645221,0.011746719747698193,1.0,0.003867112,0.012305182530235964,0.003679163,0.011857219747698192,1.041534061693703
20,40,0.5674,60.0,0.0975,8200.0,633.0213266195166,8,0.9737,0.03,0.05,0.0392,1000.0,7984.34,663.6501409684937,0.0074,1.0471975511965976,0.24999999999999994,0.7500000000000001,0.3333333333333333,0.09332309529949043,0.8043194575289999,1.02660318877551,0.46990000000000004,0.56,4.01341260817504,0.26662125999999997,0.27612750999999996,0.5254783630179267,0.796698197529,0.5915632413364861,-0.00012533734602777284,-63702800.905252874,-5050540.375086997,0.0005094198387295491,1245.5326778137505,9944756.38077544,826597.937211961,25.540039358484396,2.122861842130852,6.512410393444273e-05,"[0.523,0.609]",0.57,"[0.206,0.322]",0.265,0.0,0.0,0.0,0.0,6.0,0.79369447369298,0.11936326719821777,0.5891910672960289,0.0,0.0,0.0,0.0,8.0,0.7982658549181636,0.09747143549327518,0.5915172579348893,2.105634e-13,1.469681e-17,0.003996195,0.012797674103934443,1.0,0.003429514,0.01235641632999453,0.004107302,0.013142904103934443,0.9184361274919726,8.328633e-12,5.725275e-15,0.004071593,0.013027924103934442,1.0,0.004182004,0.013327064514173493,0.004107302,0.013142904103934443,1.0152320599972693
20,40,0.5674,60.0,0.103,9020.0,695.3639334818724,8,0.9737,0.03,0.05,0.0392,1000.0,8782.774,729.1475042441185,0.0074,1.0471975511965976,0.24999999999999994,0.7500000000000001,0.3333333333333333,0.09882309529949042,0.8177204605289999,1.02660318877551,0.4644000000000001,0.56,4.01341260817504,0.26350056,0.27410956,0.5235547344834157,0.810139900529,0.5904903247936388,-0.00010492322183966923,-83706674.70944378,-6627359.71398631,0.0005094198387295491,1254.3600449569742,11016760.789486943,914613.496203918,28.293152028382266,2.348902657485477,6.796474398426829e-05,"[0.523,0.609]",0.57,"[0.206,0.322]",0.265,0.0,0.0,0.0,0.0,7.0,0.8322024003339883,0.13741394346170643,0.5855476747896193,0.0,0.0,0.0,0.0,9.0,0.8079658062037602,0.10264048079544025,0.5906081550925167,2.105634e-13,1.469681e-17,0.004466542,0.014184954743984268,1.0,0.004312239,0.015238096643253488,0.004579249,0.01453788474398427,1.0339573567747842,8.328633e-12,5.725275e-15,0.004542444,0.014422124743984268,1.0,0.004486175,0.014307914818022413,0.004579249,0.01453788474398427,0.9826926158399019
20,40,0.5674,60.0,0.108,10100.0,777.7621744097413,8,0.9737,0.03,0.05,0.0392,1000.0,9834.37,815.6733025606576,0.0074,1.0471975511965976,0.24999999999999994,0.7500000000000001,0.3333333333333333,0.10382309529949042,0.829903190529,1.02660318877551,0.4594000000000001,0.56,4.01341260817504,0.26066356,0.27232756,0.5218501317428214,0.822359630529,0.5894494822958773,-8.644374589623653e-05,-113766124.98728096,-8997321.510608004,0.0005094198387295491,1262.9707184797169,12420521.344695374,1030171.4969797572,31.898278032194508,2.645677739246964,6.787012562941991e-05,"[0.428,0.523]",0.475,"[0.206,0.322]",0.265,0.0,0.0,0.0,0.0,5.0,0.8219876509108726,0.08525650661467121,0.5921158305801286,0.0,0.0,0.0,0.0,10.0,0.8194007088934154,0.10873407119485236,0.5894800297339746,2.48078e-11,4.147426e-14,0.004890038,0.01539955012562942,1.0,0.005953696,0.016156720304222508,0.005001898,0.01574097012562942,1.062797831731567,8.328633e-12,5.725275e-15,0.004964709,0.01562641012562942,1.0,0.004825792,0.015386535388110233,0.005001898,0.01574097012562942,0.9740561117665625
20,40,0.5674,60.0,0.113,10500.0,808.8825625247279,8,0.9737,0.03,0.05,0.0392,1000.0,10223.85,848.2646166737209,0.0074,1.0471975511965976,0.24999999999999994,0.7500000000000001,0.3333333333333333,0.10882309529949043,0.842085920529,1.02660318877551,0.4544000000000001,0.56,4.01341260817504,0.25782656,0.27059555999999996,0.520188004475305,0.834579360529,0.5883447628105835,-6.804717208033449e-05,-150246508.23005584,-11887085.646553908,0.0005094198387295491,1272.1609551112213,13006382.78091386,1079129.1249346947,33.40288242537639,2.771410305937516,6.229640721847151e-05,"[0.428,0.523]",0.475,"[0.206,0.322]",0.265,0.0,0.0,0.0,0.0,6.0,0.8351994405565187,0.0916903200053868,0.5908527479372032,0.0,0.0,0.0,0.0,11.0,0.8341499399436537,0.11659384710774673,0.5879358882051839,2.48078e-11,4.147426e-14,0.00530626,0.01656280640721847,1.0,0.00653103,0.017698901934716526,0.005414025,0.01686734640721847,1.0842562806976923,8.328633e-12,5.725275e-15,0.005377185,0.01675714640721847,1.0,0.005228493,0.01662584246822025,0.005414025,0.01686734640721847,0.9814493790074799
20,40,0.5674,60.0,0.118,11400.0,876.8266647136414,8,0.9737,0.03,0.05,0.0392,1000.0,11100.18,919.7176705487104,0.0074,1.0471975511965976,0.24999999999999994,0.7500000000000001,0.3333333333333333,0.11382309529949042,0.854268650529,1.02660318877551,0.4494000000000001,0.56,4.01341260817504,0.25498956,0.26891356,0.5185687611108096,0.8467990905289999,0.5871746592981034,-4.974119287517953e-05,-223158701.23691595,-17627777.180855893,0.0005094198387295491,1281.9528600668748,14229907.498257123,1179034.698213963,36.54512827238716,3.0279869555794354,4.859017093160884e-05,"[0.428,0.523]",0.475,"[0.206,0.322]",0.265,0.0,0.0,0.0,0.0,7.0,0.8473855978819633,0.09758924850699302,0.5896063371644095,0.0,0.0,0.0,0.0,12.0,0.8501700347466057,0.12513085861876322,0.586146823036934,2.48078e-11,4.147426e-14,0.005706934,0.01761440017093161,1.0,0.00702852,0.01898946191361994,0.005810717,0.01789367017093161,1.0941781152110444,8.328633e-12,5.725275e-15,0.005775031,0.01779121017093161,1.0,0.005616933,0.01777738732277008,0.005810717,0.01789367017093161,0.9890205161122869
20,40,0.5674,60.0,0.123,12500.0,956.2818622425739,8,0.9737,0.03,0.05,0.0392,1000.0,12171.25,1003.8083224720074,0.0074,1.0471975511965976,0.24999999999999994,0.7500000000000001,0.3333333333333333,0.11882309529949042,0.866451380529,1.02660318877551,0.4444000000000001,0.56,4.01341260817504,0.25215255999999997,0.26728156,0.5169928045920948,0.859018820529,0.5859376394245547,-3.153359559242337e-05,-385977233.8465711,-30325811.068381343,0.0005094198387295491,1292.3697212393542,15729754.96963449,1297291.481890892,40.39702388289726,3.331693028797594,2.997214109422893e-05,"[0.428,0.523]",0.475,"[0.206,0.322]",0.265,0.0,0.0,0.0,0.0,8.0,0.8570679123957183,0.1022523059852597,0.5885602508986802,0.0,0.0,0.0,0.0,13.0,0.8651095773096094,0.13309205038438138,0.5843753521195859,2.48078e-11,4.147426e-14,0.006088779,0.01855620214109423,1.0,0.007394083,0.019884838123653478,0.006186929,0.01880340214109423,1.0872972953586897,8.328633e-12,5.725275e-15,0.006153289,0.01871218214109423,1.0,0.005923879,0.018634524252289578,0.006186929,0.01880340214109423,0.9860845840599233
20,40,0.5674,60.0,0.128,12500.0,958.9754950116693,8,0.9737,0.03,0.05,0.0392,1000.0,12171.25,1006.2416972440715,0.0074,1.0471975511965976,0.24999999999999994,0.7500000000000001,0.3333333333333333,0.12382309529949043,0.878634110529,1.02660318877551,0.43940000000000007,0.56,4.01341260817504,0.24931556,0.26569956,0.5154605319517683,0.871238550529,0.5846321455856579,-1.3432250719335482e-05,-906121412.8827797,-71393507.68901607,0.0005094198387295491,1303.4360829495781,15864446.424600054,1311571.7363563478,40.7429373401361,3.3683674577259857,1.4781972700828772e-05,"[0.428,0.523]",0.475,"[0.206,0.322]",0.265,0.0,0.0,0.0,0.0,9.0,0.8676070538225477,0.10730437820906757,0.5873653081645137,0.0,0.0,0.0,0.0,13.0,0.8651095773096094,0.13309205038438138,0.5843753521195859,2.48078e-11,4.147426e-14,0.006446673,0.01937794197270083,1.0,0.007758984,0.02072104789557842,0.006537404,0.01958650197270083,1.0852974767661594,8.328633e-12,5.725275e-15,0.006506791,0.019510031972700827,1.0,0.005923879,0.018634524252289578,0.006537404,0.01958650197270083,0.939898748270661
20,40,0.5674,60.0,0.133,12700.0,975.5055099448845,8,0.9737,0.03,0.05,0.0392,1000.0,12365.99,1023.4136412755626,0.0074,1.0471975511965976,0.24999999999999994,0.7500000000000001,0.3333333333333333,0.12882309529949043,0.890816840529,1.02660318877551,0.43440000000000006,0.56,4.01341260817504,0.24647855999999999,0.26416755999999997,0.5139723338857841,0.883458280529,0.5832565949618023,4.554900408716792e-06,2714876043.466283,214166155.65908808,0.0005094198387295491,1315.177824921627,16263475.83120259,1345970.9267279166,41.767721292563785,3.456711167953843,6.3252364338588e-06,"[0.428,0.523]",0.475,"[0.206,0.322]",0.265,0.0,0.0,0.0,0.0,10.0,0.8786820607286365,0.11258715279324216,0.5860461639650038,0.0,0.0,0.0,0.0,14.0,0.8809186474189954,0.1415166081140539,0.5823945849805449,2.48078e-11,4.147426e-14,0.006775304,0.02006611523643386,1.0,0.008101541,0.02142880883922341,0.006856717,0.02022991523643386,1.0849022319727881,8.328633e-12,5.725275e-15,0.006830184,0.02017162523643386,1.0,0.006190674,0.019335474589008243,0.006856717,0.02022991523643386,0.9436441864200461
20,40,0.5674,60.0,0.138,12900.0,1023.3992378046663,8,0.9737,0.03,0.05,0.0392,1000.0,12560.73,1068.99440554994,0.0074,1.0471975511965976,0.24999999999999994,0.7500000000000001,0.3333333333333333,0.13382309529949044,0.902999570529,1.02660318877551,0.42940000000000006,0.56,4.01341260817504,0.24364155999999998,0.26268556,0.5125285943242581,0.8956780105290001,0.5818093796062997,2.241985859055441e-05,560250188.4330302,45646997.89122796,0.0005094198387295491,1327.6222469048478,16675904.585365128,1419220.7546249235,42.826917336244094,3.644830757399823,2.531020780818087e-06,"[0.428,0.523]",0.475,"[0.206,0.322]",0.265,0.0,0.0,0.0,0.0,12.0,0.899642195232059,0.12251312134211989,0.5833704973378184,0.0,0.0,0.0,0.0,15.0,0.8977879868407729,0.15050617693985271,0.5801631413027767,2.48078e-11,4.147426e-14,0.007069319,0.020604451020780817,1.0,0.008621665,0.0222556170963645,0.007145053,0.02075042102078082,1.1047508237403159,8.328633e-12,5.725275e-15,0.00711811,0.02068115102078082,1.0,0.006402847,0.01980962767443881,0.007145053,0.02075042102078082,0.9428368615165964
20,40,0.5674,60.0,0.143,12600.0,1002.2379956889836,8,0.9737,0.03,0.05,0.0392,1000.0,12268.62,1046.5295451469215,0.0074,1.0471975511965976,0.24999999999999994,0.7500000000000001,0.3333333333333333,0.1388230952994904,0.9151823005290001,1.02660318877551,0.42440000000000005,0.56,4.01341260817504,0.24080455999999997,0.26125356,0.5111296900004929,0.9078977405290001,0.5802888665688613,4.015458037181773e-05,305534758.08729064,24959493.696823657,0.0005094198387295491,1340.7981594057333,16449743.114448369,1403184.8878967115,42.24609135645912,3.6036475798835115,9.868080907378798e-07,"[0.428,0.523]",0.475,"[0.206,0.322]",0.265,0.0,0.0,0.0,0.0,13.0,0.9114376128340671,0.12805838040389073,0.5817608443306589,0.0,0.0,0.0,0.0,16.0,0.9130933579083811,0.15866231650030485,0.5780357490296006,2.48078e-11,4.147426e-14,0.007323591,0.020979786808090737,1.0,0.008838633,0.022471628638747954,0.007386408,0.021071216808090737,1.0981068961355873,8.328633e-12,5.725275e-15,0.007372285,0.021061666808090736,1.0,0.006521688,0.019966700347776,0.007386408,0.021071216808090737,0.9354153041535634
20,40,0.5674,60.0,0.148,13500.0,1072.0979433070445,8,0.9737,0.03,0.05,0.0392,1000.0,13144.95,1119.712418425737,0.0074,1.0471975511965976,0.24999999999999994,0.7500000000000001,0.3333333333333333,0.14382309529949042,0.927365030529,1.02660318877551,0.41940000000000005,0.56,4.01341260817504,0.23796755999999997,0.25987155999999995,0.5097759900191455,0.9201174705290001,0.5786933980563952,5.775099225895503e-05,227614270.95586756,18564147.58208422,0.0005094198387295491,1354.7359810357589,17807936.733916,1516914.701653913,45.734192740692414,3.895727527181882,3.767054548538898e-07,"[0.428,0.523]",0.475,"[0.206,0.322]",0.265,0.0,0.0,0.0,0.0,14.0,0.9225926852299333,0.1332761986978167,0.5801690424341569,0.0,0.0,0.0,0.0,16.0,0.9130933579083811,0.15866231650030485,0.5780357490296006,2.48078e-11,4.147426e-14,0.007542059,0.021224266705454853,1.0,0.008981588,0.022470936622143525,0.007581948,0.021219326705454854,1.0896809089412123,8.328633e-12,5.725275e-15,0.007574878,0.021234576705454856,1.0,0.006521688,0.019966700347776,0.007581948,0.021219326705454854,0.9203463963202725
20,40,0.5674,60.0,0.153,13600.0,1080.6706250914092,8,0.9737,0.03,0.05,0.0392,1000.0,13242.32,1128.579608186156,0.0074,1.0471975511965976,0.24999999999999994,0.7500000000000001,0.3333333333333333,0.14882309529949042,0.939547760529,1.02660318877551,0.41440000000000005,0.56,4.01341260817504,0.23513056,0.25853956,0.5084678554245096,0.932337200529,0.5770212916333053,7.520100550096805e-05,176092326.31642848,14370427.86718454,0.0005094198387295491,1369.4678430296487,18134931.407108378,1545553.4817099413,46.573977699074355,3.969277400281228,1.4269669215902998e-07,"[0.428,0.523]",0.475,"[0.206,0.322]",0.265,0.0,0.0,0.0,0.0,15.0,0.9343442838841287,0.1387457017336925,0.5784183415728911,0.0,0.0,0.0,0.0,17.0,0.9277572791442597,0.1664766313297194,0.5759079503262895,2.48078e-11,4.147426e-14,0.007704219,0.02125506269669216,1.0,0.009071045,0.022290966251343605,0.007728428,0.02119452269669216,1.0819409635101913,8.328633e-12,5.725275e-15,0.007729288,0.02123595269669216,1.0,0.00658416,0.01994734625314523,0.007728428,0.02119452269669216,0.9191183390377765
20,40,0.5674,60.0,0.158,13300.0,1060.4480185401571,8,0.9737,0.03,0.05,0.0392,1000.0,12950.210000000001,1106.9677095624377,0.0074,1.0471975511965976,0.24999999999999994,0.7500000000000001,0.3333333333333333,0.15382309529949043,0.951730490529,1.02660318877551,0.40940000000000004,0.56,4.01341260817504,0.23229355999999998,0.25725756,0.5072056387699174,0.944556930529,0.575270840463538,9.249653140070774e-05,140007520.324172,11464732.811938103,0.0005094198387295491,1385.0277015420975,17936399.59078749,1533180.9424565833,46.06410996490352,3.9375023494508206,5.399339735632681e-08,"[0.428,0.523]",0.475,"[0.206,0.322]",0.265,0.0,0.0,0.0,0.0,16.0,0.9435112193676365,0.1429930261784037,0.5769996484529619,0.0,0.0,0.0,0.0,18.0,0.9429430270289892,0.17456902442039215,0.5736143095007894,2.48078e-11,4.147426e-14,0.007816578,0.021118783993397356,1.0,0.009100042,0.022039012882284596,0.007824067,0.021002803993397358,1.0767133830881928,8.328633e-12,5.725275e-15,0.007833462,0.021070623993397358,1.0,0.006578119,0.01969135121828108,0.007824067,0.021002803993397358,0.9144678895246995
20,40,0.5674,60.0,0.163,12900.0,1032.62093722597,8,0.9737,0.03,0.05,0.0392,1000.0,12560.73,1077.3694155649273,0.0074,1.0471975511965976,0.24999999999999994,0.7500000000000001,0.3333333333333333,0.15882309529949043,0.9639132205290001,1.02660318877551,0.40440000000000004,0.56,4.01341260817504,0.22945655999999998,0.25602556,0.5059896836893021,0.956776660529,0.5734403135966988,0.00010962949711293448,114574364.84508,9419188.853545673,0.0005094198387295491,1401.4514583904424,17603253.37694858,1509880.938668726,45.20852667177992,3.877663476480027,2.0426099225441295e-08,"[0.428,0.523]",0.475,"[0.206,0.322]",0.265,0.0,0.0,0.0,0.0,17.0,0.952935903916311,0.1473424493725256,0.5754921312257509,0.0,0.0,0.0,0.0,19.0,0.9596255281729276,0.18345902825932725,0.5709917119389939,2.48078e-11,4.147426e-14,0.007878371,0.020824920426099226,1.0,0.009092119,0.021677530833547093,0.007884785,0.020708080426099226,1.0715894551685532,8.328633e-12,5.725275e-15,0.007886974,0.020749400426099227,1.0,0.006518715,0.019252980202114304,0.007884785,0.020708080426099226,0.9064891144911366
20,40,0.5674,60.0,0.168,12800.0,1027.324680936063,8,0.9737,0.03,0.05,0.0392,1000.0,12463.36,1071.4794339213838,0.0074,1.0471975511965976,0.24999999999999994,0.7500000000000001,0.3333333333333333,0.16382309529949043,0.9760959505290001,1.02660318877551,0.39940000000000003,0.56,4.01341260817504,0.22661955999999997,0.25484355999999997,0.5048203244719848,0.9689963905290001,0.5715279563006317,0.00012659186188186165,98453090.22811502,8115250.582970218,0.0005094198387295491,1418.7770909769442,17682729.64459841,1520190.4743006038,45.41263695121985,3.9041403388308096,7.728521820582256e-09,"[0.428,0.523]",0.475,"[0.206,0.322]",0.265,0.0,0.0,0.0,0.0,18.0,0.9659562254018129,0.1533227243420353,0.5733269749358623,0.0,0.0,0.0,0.0,20.0,0.9816249615270407,0.19518239307645038,0.5673739294746164,2.48078e-11,4.147426e-14,0.007890552,0.02038871772852182,1.0,0.009034642,0.021068618959243925,0.007879161,0.02022026772852182,1.067216632820005,8.328633e-12,5.725275e-15,0.007891076,0.02028856772852182,1.0,0.006345112,0.01841140001893079,0.007879161,0.02022026772852182,0.8901686669811336
20,40,0.5674,60.0,0.173,12100.0,976.6734356677538,8,0.9737,0.03,0.05,0.0392,1000.0,11781.77,1017.9121426763744,0.0074,1.0471975511965976,0.24999999999999994,0.7500000000000001,0.3333333333333333,0.1688230952994904,0.988278680529,1.02660318877551,0.3944000000000001,0.56,4.01341260817504,0.22378256,0.25371156,0.5036978856417803,0.9812161205290001,0.5695319904429258,0.00014337563366652632,82174144.23013407,6811990.368875183,0.0005094198387295491,1437.0447921979503,16930931.221374046,1462785.3435481407,43.48187458926649,3.7567129667906984,2.9250108948495218e-09,"[0.428,0.523]",0.475,"[0.206,0.322]",0.265,0.0,0.0,0.0,0.0,19.0,0.9778912214993739,0.15877586923936715,0.5712571435262465,0.0,0.0,0.0,0.0,20.0,0.9816249615270407,0.19518239307645038,0.5673739294746164,2.48078e-11,4.147426e-14,0.007855694,0.019830262925010892,1.0,0.008911699,0.020334641124366126,0.007828039,0.019619232925010895,1.0614400618729434,8.328633e-12,5.725275e-15,0.007866267,0.019760192925010894,1.0,0.006345112,0.01841140001893079,0.007828039,0.019619232925010895,0.9068842564763825
20,40,0.5674,60.0,0.178,12600.0,1014.8871858559555,8,0.9737,0.03,0.05,0.0392,1000.0,12268.62,1058.0239356210718,0.0074,1.0471975511965976,0.24999999999999994,0.7500000000000001,0.3333333333333333,0.17382309529949042,1.0004614105290002,1.02660318877551,0.3894000000000001,0.56,4.01341260817504,0.22094555999999999,0.25262956,0.5026226815415317,0.9934358505290001,0.5674506149238787,0.0001599728860981293,76691871.34921277,6344119.998144006,0.0005094198387295491,1456.2971212293508,17866755.98745684,1540797.2116367149,45.88525185093606,3.9570623876435516,1.1073822927880243e-09,"[0.428,0.523]",0.475,"[0.206,0.322]",0.265,0.0,0.0,0.0,0.0,20.0,0.9899603021060378,0.1642628507123648,0.5690800070433675,0.0,0.0,0.0,0.0,20.0,0.9816249615270407,0.19518239307645038,0.5673739294746164,2.48078e-11,4.147426e-14,0.007798097,0.019226951107382293,1.0,0.008742697,0.01950686406150105,0.007735502,0.018929121107382294,1.0553703130884897,8.328633e-12,5.725275e-15,0.007781036,0.019084691107382295,1.0,0.006345112,0.01841140001893079,0.007735503,0.018929121107382294,0.9288583760435226
20,40,0.5674,60.0,0.183,11400.0,928.1163720222922,8,0.9737,0.03,0.05,0.0392,1000.0,11100.18,966.2557538152105,0.0074,1.0471975511965976,0.24999999999999994,0.7500000000000001,0.3333333333333333,0.17882309529949042,1.012644140529,1.02660318877551,0.3844000000000001,0.56,4.01341260817504,0.21810855999999998,0.25159756,0.5015950159242015,1.0056555805290002,0.5652820061635178,0.00017637577570948958,62934833.05940621,5262153.310389985,0.0005094198387295491,1476.5791661694027,16390294.52873028,1426753.1152748512,42.093416000632274,3.664175302413851,4.193849114851263e-10,"[0.428,0.523]",0.475,"[0.206,0.322]",0.265,0.0,0.0,0.0,0.0,21.0,1.0016210582338896,0.1695383820655073,0.5668950243486517,0.0,0.0,0.0,0.0,21.0,1.0074756444548456,0.20895806547020196,0.562900822724386,2.48078e-11,4.147426e-14,0.007681463,0.018495720419384912,1.0,0.008544342,0.01865595849492627,0.007606806,0.018176820419384912,1.0507092675011904,8.328633e-12,5.725275e-15,0.007659072,0.018343050419384912,1.0,0.006040162,0.017204710001172775,0.007606806,0.018176820419384912,0.9077303071343615
20,40,0.5674,60.0,0.188,11600.0,943.8691646903616,8,0.9737,0.03,0.05,0.0392,1000.0,11294.92,982.7250163005546,0.0074,1.0471975511965976,0.24999999999999994,0.7500000000000001,0.3333333333333333,0.18382309529949042,1.024826870529,1.02660318877551,0.37940000000000007,0.56,4.01341260817504,0.21527156,0.25061556,0.5006151815516585,1.0178753105290002,0.563024318645341,0.00019257655937303305,58651582.70961224,4901267.151948784,0.0005094198387295491,1497.9387196225098,16919098.00303868,1472061.8526582627,43.451484617863365,3.7805368191517132,1.588819273598577e-10,"[0.428,0.523]",0.475,"[0.206,0.322]",0.265,0.0,0.0,0.0,0.0,22.0,1.0129961532928822,0.17466057991071604,0.5646851550119064,0.0,0.0,0.0,0.0,21.0,1.0074756444548456,0.20895806547020196,0.562900822724386,2.48078e-11,4.147426e-14,0.007533116,0.017721380158881927,1.0,0.00835302,0.017867203094265035,0.007479106,0.01745079015888193,1.0472059277598387,8.328633e-12,5.725275e-15,0.007505991,0.01756235015888193,1.0,0.006040162,0.017204710001172775,0.007479107,0.01745079015888193,0.9339461261814658
20,40,0.5674,60.0,0.193,11900.0,965.777407101704,8,0.9737,0.03,0.05,0.0392,1000.0,11587.03,1005.8622021487316,0.0074,1.0471975511965976,0.24999999999999994,0.7500000000000001,0.3333333333333333,0.18882309529949043,1.0370096005290002,1.02660318877551,0.37440000000000007,0.56,4.01341260817504,0.21243456,0.24968356,0.4996834598023032,1.0300950405290001,0.5606756855195014,0.00020856761188030903,55555270.04187719,4630524.358000205,0.0005094198387295491,1520.426468422335,17617227.10240365,1529339.5157325089,45.24441387549233,3.92763682977703,6.02118858799531e-11,"[0.428,0.523]",0.475,"[0.206,0.322]",0.265,0.0,0.0,0.0,0.0,23.0,1.026075368000808,0.18052115801156543,0.5620468423287417,0.0,0.0,0.0,0.0,22.0,1.03238443658475,0.22223180996135988,0.5583751531385435,2.48078e-11,4.147426e-14,0.007358818,0.016930610060211886,1.0,0.008068025,0.01687645097556798,0.007293325,0.016652530060211886,1.0376159054357352,8.328633e-12,5.725275e-15,0.007363656,0.01683230006021189,1.0,0.005716881,0.016043330000080496,0.007293325,0.016652530060211886,0.9159220433913001
20,40,0.5674,60.0,0.198,11400.0,930.1053703399426,8,0.9737,0.03,0.05,0.0392,1000.0,11100.18,968.0673161463542,0.0074,1.0471975511965976,0.24999999999999994,0.7500000000000001,0.3333333333333333,0.19382309529949043,1.049192330529,1.02660318877551,0.36940000000000006,0.56,4.01341260817504,0.20959756,0.24880155999999998,0.4988001202886783,1.0423147705290001,0.5582342192682183,0.00022434144359295303,49478954.143400535,4145936.4593709824,0.0005094198387295491,1544.096198821336,17139745.744232617,1494789.063064758,44.01815028353495,3.838904648997454,2.282626743787422e-11,"[0.428,0.523]",0.475,"[0.206,0.322]",0.265,0.0,0.0,0.0,0.0,24.0,1.038391315019815,0.1860118015604476,0.5594654862001986,0.0,0.0,0.0,0.0,22.0,1.03238443658475,0.22223180996135988,0.5583751531385435,2.48078e-11,4.147426e-14,0.007204224,0.016212200022826268,1.0,0.007788026,0.015984400331222805,0.00709083,0.015875430022826268,1.0311044477957794,8.328633e-12,5.725275e-15,0.007162684,0.01604805002282627,1.0,0.005716881,0.016043330000080496,0.00709083,0.015875430022826268,0.9497810615883321
20,40,0.5674,60.0,0.203,10500.0,865.0930585798425,8,0.9737,0.03,0.05,0.0392,1000.0,10223.85,899.3128196101787,0.0074,1.0471975511965976,0.24999999999999994,0.7500000000000001,0.3333333333333333,0.19882309529949044,1.061375060529,1.02660318877551,0.36440000000000006,0.56,4.01341260817504,0.20676055999999998,0.24796955999999998,0.497965420486202,1.054534500529,0.5556980124362492,0.00023989071809233587,42618781.09041617,3606196.460868741,0.0005094198387295491,1569.005018618359,16041271.95960131,1411026.3272761973,41.19705918592082,3.6237858982807714,8.65627793739379e-12,"[0.428,0.523]",0.475,"[0.206,0.322]",0.265,0.0,0.0,0.0,0.0,25.0,1.0540822701299413,0.19296847295347208,0.5560374260401432,0.0,0.0,0.0,0.0,23.0,1.0551679707024935,0.23437301732730956,0.5540604740864953,2.48078e-11,4.147426e-14,0.006991218,0.015458230008656277,1.0,0.007445348,0.014978080084420526,0.006876424,0.015141300008656277,1.0161588871232543,8.328633e-12,5.725275e-15,0.006949947,0.015303700008656277,1.0,0.005382923,0.01502321000000695,0.006876425,0.015141300008656277,0.9341404935569583
20,40,0.5674,60.0,0.208,9880.0,783.1909090451369,8,0.9737,0.03,0.05,0.0392,1000.0,9620.156,818.1693135018569,0.0074,1.0471975511965976,0.24999999999999994,0.7500000000000001,0.3333333333333333,0.20382309529949041,1.0735577905290001,1.02660318877551,0.3594000000000001,0.56,4.01341260817504,0.20392356,0.24718756,0.4971796053741545,1.066754230529,0.5530651384293102,0.0002552082697528934,37695314.533948146,3068830.4489641543,0.0005094198387295491,1595.2135978585682,15346203.664720694,1305154.8142487719,39.411990660521575,3.3518875725570902,3.2837471975035734e-12,"[0.428,0.523]",0.475,"[0.145,0.206]",0.16,0.0,0.0,0.0,0.0,26.0,1.0759199130358796,0.20257971312114587,0.5509992153241123,0.0,0.0,0.0,0.0,18.0,1.06435163261939,0.18331307097741809,0.5535008349050098,2.48078e-11,4.147426e-14,0.006771056,0.014760910003283747,1.0,0.006938929,0.013757300012810992,0.006707501,0.014531480003283746,0.9771824051340179,5.512642e-10,5.581626e-12,0.00672952,0.014618070003283747,1.0,0.00799104,0.013744660901592933,0.006707501,0.014531480003283746,1.0177213067907578
20,40,0.5674,60.0,0.213,9130.0,728.7170232299226,8,0.9737,0.03,0.05,0.0392,1000.0,8889.881,760.5819600484193,0.0074,1.0471975511965976,0.24999999999999994,0.7500000000000001,0.3333333333333333,0.20882309529949042,1.085740520529,1.02660318877551,0.3544000000000001,0.56,4.01341260817504,0.20108656,0.24645556,0.4964429070900298,1.078973960529,0.5503336523833695,0.00027028712116235323,32890509.032652427,2696084.8896392826,0.0005094198387295491,1622.7864299231828,14426378.250431934,1234262.0836109512,37.04970279902272,3.1698214603876145,1.246089053665338e-12,"[0.428,0.523]",0.475,"[0.145,0.206]",0.16,0.0,0.0,0.0,0.0,26.0,1.0759199130358796,0.20257971312114587,0.5509992153241123,0.0,0.0,0.0,0.0,19.0,1.083296635529,0.19340874830672944,0.5486881343224181,2.48078e-11,4.147426e-14,0.006547116,0.014136130001246089,1.0,0.006938929,0.013757300012810992,0.006475889,0.013932540001246089,1.010693305387629,5.512642e-10,5.581626e-12,0.006565104,0.014069310001246088,1.0,0.007361434,0.012835190117370105,0.006475889,0.013932540001246089,0.9880368821679029
20,40,0.5674,60.0,0.218,9150.0,732.7676985065481,8,0.9737,0.03,0.05,0.0392,1000.0,8909.355,764.4780315900958,0.0074,1.0471975511965976,0.24999999999999994,0.7500000000000001,0.3333333333333333,0.21382309529949042,1.0979232505290002,1.02660318877551,0.3494000000000001,0.56,4.01341260817504,0.19824956000000002,0.24577356,0.49575554459834337,1.091193690529,0.547501592107785,0.00028512050031081034,31247682.963125754,2570028.102881963,0.0005094198387295491,1651.7921150332413,14716402.339031983,1262758.7846966535,37.79454021425322,3.2430064474751563,4.73007394194481e-13,"[0.428,0.523]",0.475,"[0.145,0.206]",0.16,0.0,0.0,0.0,0.0,27.0,1.0986321409017186,0.2124907207097374,0.5454170344435584,0.0,0.0,0.0,0.0,19.0,1.083296635529,0.19340874830672944,0.5486881343224181,2.48078e-11,4.147426e-14,0.00638679,0.013656830000473007,1.0,0.006483246,0.012891160001840008,0.006248306,0.013427840000473007,0.9872228934738272,5.512642e-10,5.581626e-12,0.006332132,0.013540690000473006,1.0,0.007361434,0.012835190117370105,0.006248307,0.013427840000473007,1.0181187070451332
20,40,0.5674,60.0,0.223,8270.0,668.0520189386316,8,0.9737,0.03,0.05,0.0392,1000.0,8052.499,696.1901813862231,0.0074,1.0471975511965976,0.24999999999999994,0.7500000000000001,0.3333333333333333,0.21882309529949043,1.1101059805290001,1.02660318877551,0.3444000000000001,0.56,4.01341260817504,0.19541256,0.24514156,0.4951177233749566,1.103413420529,0.5445669791052806,0.00029970185746986186,26868365.34141188,2229055.317102301,0.0005094198387295491,1682.3036684253339,13546748.607691333,1171203.2960677417,34.79064537858013,3.0078744147198857,1.7960769706456142e-13,"[0.428,0.523]",0.475,"[0.145,0.206]",0.16,0.0,0.0,0.0,0.0,27.0,1.0986321409017186,0.2124907207097374,0.5454170344435584,0.0,0.0,0.0,0.0,20.0,1.101316656747764,0.20301150849420366,0.5439541313305281,2.48078e-11,4.147426e-14,0.006155447,0.013208060000179609,1.0,0.006483246,0.012891160001840008,0.006025798,0.013024740000179608,1.012502256225433,5.512642e-10,5.581626e-12,0.006106479,0.013113260000179608,1.0,0.006823909,0.012265560016888758,0.006025798,0.013024740000179608,0.9976671388634997
20,40,0.5674,60.0,0.228,7960.0,645.4951587969192,8,0.9737,0.03,0.05,0.0392,1000.0,7750.652,672.3549032697309,0.0074,1.0471975511965976,0.24999999999999994,0.7500000000000001,0.3333333333333333,0.22382309529949043,1.122288710529,1.02660318877551,0.3394000000000001,0.56,4.01341260817504,0.19257556,0.24455956,0.4945296351079478,1.115633150529,0.5415278196717839,0.0003140248816828411,24681649.29627457,2055554.1820054136,0.0005094198387295491,1714.398855721922,13287708.919898827,1152684.4768046502,34.125381839855386,2.9603145394708212,6.822112195510748e-14,"[0.428,0.523]",0.475,"[0.145,0.206]",0.16,0.0,0.0,0.0,0.0,28.0,1.1200252621700115,0.2217486645261465,0.5398261191283324,0.0,0.0,0.0,0.0,21.0,1.1222527647477638,0.21416823366907276,0.5382758632750712,2.48078e-11,4.147426e-14,0.005933902,0.012865290000068221,1.0,0.006039156,0.012385450000301371,0.005882864,0.012778940000068222,0.9892546973367877,5.512642e-10,5.581626e-12,0.005888098,0.01279148000006822,1.0,0.006337736,0.011986430001777026,0.005882865,0.012778940000068222,0.984317478413007
20,40,0.5674,60.0,0.233,7650.0,622.4761039298778,8,0.9737,0.03,0.05,0.0392,1000.0,7448.805,648.0999148942147,0.0074,1.0471975511965976,0.24999999999999994,0.7500000000000001,0.3333333333333333,0.22882309529949044,1.1344714405290002,1.02660318877551,0.3344000000000001,0.56,4.01341260817504,0.18973856,0.24402756,0.49399145741601647,1.1278528805290002,0.5383821060791616,0.0003280835167875845,22703990.35262317,1897309.8984820251,0.0005094198387295491,1748.1605583190353,13021707.107609622,1132982.7090679898,33.44223823178998,2.909716625941361,2.5920803316897523e-14,"[0.428,0.523]",0.475,"[0.145,0.206]",0.16,0.0,0.0,0.0,0.0,28.0,1.1200252621700115,0.2217486645261465,0.5398261191283324,0.0,0.0,0.0,0.0,21.0,1.1222527647477638,0.21416823366907276,0.5382758632750712,2.48078e-11,4.147426e-14,0.005721452,0.01263064000002592,1.0,0.006039156,0.012385450000301371,0.005664092,0.01258837000002592,1.003051276626231,5.512642e-10,5.581626e-12,0.005759182,0.01262581000002592,1.0,0.006337736,0.011986430001777026,0.005664092,0.01258837000002592,0.998045248914111
20,40,0.5674,60.0,0.238,7630.0,620.7523660599574,8,0.9737,0.03,0.05,0.0392,1000.0,7429.331,646.3178004660382,0.0074,1.0471975511965976,0.24999999999999994,0.7500000000000001,0.3333333333333333,0.2338230952994904,1.146654170529,1.02660318877551,0.3294000000000001,0.56,4.01341260817504,0.18690156000000002,0.24354556000000002,0.49350335358536324,1.1400726105290002,0.5351278178438967,0.00034187197689416446,21731324.888029493,1815745.097622107,0.0005094198387295491,1783.6771719553594,13251528.107600283,1152822.3065196713,34.0324625832396,2.9606685125810337,9.851731953681798e-15,"[0.428,0.523]",0.475,"[0.145,0.206]",0.16,0.0,0.0,0.0,0.0,29.0,1.142222231699732,0.2312770124833191,0.533667805104906,0.0,0.0,0.0,0.0,22.0,1.147549748529,0.22764884314053588,0.5311802875453011,2.48078e-11,4.147426e-14,0.005603841,0.012548570000009852,1.0,0.005709225,0.012276710000046986,0.00545976,0.012509500000009851,1.0018571460874013,5.512642e-10,5.581626e-12,0.005544482,0.012517980000009851,1.0,0.00569672,0.012021640000117089,0.00545976,0.012509500000009851,0.9920224108692557
20,40,0.5674,60.0,0.243,7160.0,586.4673903722532,8,0.9737,0.03,0.05,0.0392,1000.0,6971.692,610.106128634155,0.0074,1.0471975511965976,0.24999999999999994,0.7500000000000001,0.3333333333333333,0.23882309529949042,1.1588369005290002,1.02660318877551,0.3244000000000001,0.56,4.01341260817504,0.18406456000000002,0.24311356,0.49306547232593767,1.1522923405290002,0.5317629230847456,0.00035538476124160684,19617307.100177895,1650232.239343391,0.0005094198387295491,1821.0430420151717,12695751.207672836,1111029.5204400413,32.60512104211111,2.853336632291047,3.745503026239102e-15,"[0.428,0.523]",0.475,"[0.145,0.206]",0.16,0.0,0.0,0.0,0.0,29.0,1.142222231699732,0.2312770124833191,0.533667805104906,0.0,0.0,0.0,0.0,22.0,1.147549748529,0.22764884314053588,0.5311802875453011,2.48078e-11,4.147426e-14,0.005396476,0.012527700000003745,1.0,0.005709225,0.012276710000046986,0.005267935,0.012539490000003746,1.000919615906538,5.512642e-10,5.581626e-12,0.005346304,0.012519930000003746,1.0,0.00569672,0.012021640000117089,0.005267935,0.012539490000003746,0.9910940839576646
20,40,0.5674,60.0,0.248,6940.0,570.0157892911649,8,0.9737,0.03,0.05,0.0392,1000.0,6757.478,592.7894194151154,0.0074,1.0471975511965976,0.24999999999999994,0.7500000000000001,0.3333333333333333,0.24382309529949042,1.1710196305290002,1.02660318877551,0.3194000000000001,0.56,4.01341260817504,0.18122756,0.24273156,0.4926779475478885,1.1645120705290002,0.5282853799724004,0.00036861666835979405,18331992.500687078,1546364.6606853711,0.0005094198387295491,1860.3589395607348,12571334.606184995,1102801.0956859277,32.28559537680763,2.832204461322571,1.4244267344703023e-15,"[0.428,0.523]",0.475,"[0.145,0.206]",0.16,0.0,0.0,0.0,0.0,30.0,1.168082462820824,0.2422808796771726,0.5260103095384081,0.0,0.0,0.0,0.0,23.0,1.181602425529,0.24579530850829134,0.5212684774837738,2.48078e-11,4.147426e-14,0.005206594,0.012613590000001423,1.0,0.005227471,0.012545140000005518,0.005173651,0.012707280000001424,0.998664772156688,5.512642e-10,5.581626e-12,0.005161582,0.012627600000001423,1.0,0.005121653,0.012827960000003014,0.005173651,0.012707280000001424,1.0233531698407747
20,40,0.5674,60.0,0.253,6670.0,550.5456384124104,8,0.9737,0.03,0.05,0.0392,1000.0,6494.579,572.1949626316846,0.0074,1.0471975511965976,0.24999999999999994,0.7500000000000001,0.3333333333333333,0.24882309529949043,1.183202360529,1.02660318877551,0.31440000000000007,0.56,4.01341260817504,0.17839056,0.24239956000000001,0.492340898158989,1.1767318005290002,0.5246931382741545,0.00038156280946554386,17020995.85936317,1442870.2817854846,0.0005094198387295491,1901.7325825962682,12350952.494545488,1088161.8040341288,31.719611898714618,2.794607956124108,5.418779787620987e-16,"[0.428,0.523]",0.475,"[0.145,0.206]",0.16,0.0,0.0,0.0,0.0,30.0,1.168082462820824,0.2422808796771726,0.5260103095384081,0.0,0.0,0.0,0.0,23.0,1.181602425529,0.24579530850829134,0.5212684774837738,2.48078e-11,4.147426e-14,0.005030726,0.012801420000000542,1.0,0.005227471,0.012545140000005518,0.004992094,0.01294307000000054,0.983801385007182,5.512642e-10,5.581626e-12,0.005082929,0.012864270000000542,1.0,0.005121653,0.012827960000003014,0.004992094,0.01294307000000054,1.0081223388571507
20,40,0.5674,60.0,0.258,6780.0,558.2454657495507,8,0.9737,0.03,0.05,0.0392,1000.0,6601.686,580.3731197398781,0.0074,1.0471975511965976,0.24999999999999994,0.7500000000000001,0.3333333333333333,0.25382309529949043,1.1953850905290002,1.02660318877551,0.30940000000000006,0.56,4.01341260817504,0.17555356000000003,0.24211756,0.4920544278837454,1.1889515305290002,0.52098414099653,0.0003942186210251982,16746256.132781774,1416080.915451906,0.0005094198387295491,1945.2792076458074,12842122.51120642,1128987.7625065155,32.98103058781171,2.8994568379175605,2.0620224705547485e-16,"[0.428,0.523]",0.475,"[0.145,0.206]",0.16,0.0,0.0,0.0,0.0,31.0,1.1926809162842384,0.25265349491235944,0.5182163001593435,0.0,0.0,0.0,0.0,23.0,1.181602425529,0.24579530850829134,0.5212684774837738,2.48078e-11,4.147426e-14,0.004964785,0.013109220000000206,1.0,0.004932382,0.013255660000000736,0.004827766,0.013274840000000206,1.0111015333307793,5.512642e-10,5.581626e-12,0.004906121,0.013170010000000206,1.0,0.005121653,0.012827960000003014,0.004827766,0.013274840000000206,0.9859745313786722
20,40,0.5674,60.0,0.263,6930.0,568.8984971310289,8,0.9737,0.03,0.05,0.0392,1000.0,6747.741,591.6654621421371,0.0074,1.0471975511965976,0.24999999999999994,0.7500000000000001,0.3333333333333333,0.25882309529949044,1.2075678205290001,1.02660318877551,0.30440000000000006,0.56,4.01341260817504,0.17271656000000002,0.24188556000000003,0.4918186251048246,1.2011712605290001,0.5171563261287718,0.0004065798764199801,16596347.707651582,1399229.3522746325,0.0005094198387295491,1991.1221973931372,13435576.887359764,1178078.2351020782,34.505135105215615,3.0255305750923576,7.849010912481527e-17,"[0.428,0.523]",0.475,"[0.145,0.206]",0.16,0.0,0.0,0.0,0.0,31.0,1.1926809162842384,0.25265349491235944,0.5182163001593435,0.0,0.0,0.0,0.0,23.0,1.181602425529,0.24579530850829134,0.5212684774837738,2.48078e-11,4.147426e-14,0.004796149,0.013486660000000077,1.0,0.004932382,0.013255660000000736,0.004792642,0.013707460000000077,0.9769651134005746,5.512642e-10,5.581626e-12,0.004747988,0.013566620000000078,1.0,0.005121653,0.012827960000003014,0.004792642,0.013707460000000077,0.9526864395954918
20,40,0.5674,60.0,0.268,7230.0,591.2474101580223,8,0.9737,0.03,0.05,0.0392,1000.0,7039.851,615.2018696426562,0.0074,1.0471975511965976,0.24999999999999994,0.7500000000000001,0.3333333333333333,0.26382309529949044,1.219750550529,1.02660318877551,0.29940000000000005,0.56,4.01341260817504,0.16987956,0.24170356000000004,0.4916335627273631,1.2133909905290001,0.5132076284900454,0.00041864269665481006,16815893.49641677,1412296.0101356613,0.0005094198387295491,2039.393770897923,14357028.277449515,1254638.8607939892,36.871598784036,3.2221529274771354,2.988582992969045e-17,"[0.428,0.523]",0.475,"[0.145,0.206]",0.16,0.0,0.0,0.0,0.0,32.0,1.2158326153826586,0.2623341861281935,0.510398179396548,0.0,0.0,0.0,0.0,24.0,1.2250796766974754,0.26896407238004044,0.5081067670067811,2.48078e-11,4.147426e-14,0.004646577,0.01394949000000003,1.0,0.004629331,0.014235110000000113,0.004628323,0.01421772000000003,1.0091588844084647,5.512642e-10,5.581626e-12,0.004604421,0.01404820000000003,1.0,0.00452172,0.014747240000000028,0.004628323,0.01421772000000003,1.0412562884611867
20,40,0.5674,60.0,0.273,7090.0,581.1854265183387,8,0.9737,0.03,0.05,0.0392,1000.0,6903.533,604.5530437643401,0.0074,1.0471975511965976,0.24999999999999994,0.7500000000000001,0.3333333333333333,0.26882309529949044,1.2319332805290002,1.02660318877551,0.29440000000000005,0.56,4.01341260817504,0.16704256,0.24157156000000002,0.49149929806664017,1.225610720529,0.5091359816830896,0.00043040356005622426,16039674.483868537,1350326.7176563723,0.0005094198387295491,2090.235743785161,14430011.435000405,1263658.3810903386,37.05903351295099,3.245316783336765,1.1382661349165627e-17,"[0.428,0.523]",0.475,"[0.145,0.206]",0.16,0.0,0.0,0.0,0.0,32.0,1.2158326153826586,0.2623341861281935,0.510398179396548,0.0,0.0,0.0,0.0,24.0,1.2250796766974754,0.26896407238004044,0.5081067670067811,2.48078e-11,4.147426e-14,0.004511629,0.014491840000000013,1.0,0.004629331,0.014235110000000113,0.004488531,0.014804050000000011,0.9703061245990463,5.512642e-10,5.581626e-12,0.004568318,0.014618440000000012,1.0,0.00452172,0.014747240000000028,0.004488531,0.014804050000000011,1.00116777405511
20,40,0.5674,60.0,0.278,6960.0,567.7120749049673,8,0.9737,0.03,0.05,0.0392,1000.0,6776.952,590.9014701328822,0.0074,1.0471975511965976,0.24999999999999994,0.7500000000000001,0.3333333333333333,0.27382309529949045,1.2441160105290001,1.02660318877551,0.28940000000000005,0.56,4.01341260817504,0.16420556,0.24148956000000002,0.49141587275951926,1.237830450529,0.5049393201569748,0.00044185931091042643,15337352.484519267,1284825.4204154445,0.0005094198387295491,2143.800366825383,14528432.183558015,1266774.788428531,37.31179684828137,3.253320314346169,4.3366036451123505e-18,"[0.428,0.523]",0.475,"[0.145,0.206]",0.16,0.0,0.0,0.0,0.0,33.0,1.2390150285777806,0.27195013173140936,0.5020713707137842,0.0,0.0,0.0,0.0,24.0,1.2250796766974754,0.26896407238004044,0.5081067670067811,2.48078e-11,4.147426e-14,0.004487263,0.015112580000000004,1.0,0.004453043,0.015509700000000017,0.004364977,0.015461120000000004,1.0146622912506595,5.512642e-10,5.581626e-12,0.004432251,0.015255430000000004,1.0,0.00452172,0.014747240000000028,0.004364977,0.015461120000000004,0.958151134455057
20,40,0.5674,60.0,0.283,7270.0,607.1190163588165,8,0.9737,0.03,0.05,0.0392,1000.0,7078.799,630.1016143141044,0.0074,1.0471975511965976,0.24999999999999994,0.7500000000000001,0.3333333333333333,0.2788230952994904,1.256298740529,1.02660318877551,0.2844000000000001,0.56,4.01341260817504,0.16136856000000002,0.24145756000000002,0.4913833126999736,1.2500501805289999,0.5006155813814966,0.0004530071669983186,15626240.633023525,1340197.3756434408,0.0005094198387295491,2200.251252504678,15575136.365978863,1386381.866099828,39.99993369066767,3.5604942011980887,1.6526558912503956e-18,"[0.428,0.523]",0.475,"[0.145,0.206]",0.16,0.0,0.0,0.0,0.0,34.0,1.2621279115046098,0.28146177096646297,0.49324105097295745,0.0,0.0,0.0,0.0,25.0,1.2655656879272175,0.2905388226018533,0.49544519945477694,2.48078e-11,4.147426e-14,0.004358114,0.01579996,1.0,0.004224848,0.017010150000000005,0.004359324,0.01617828,1.063341090449915,5.512642e-10,5.581626e-12,0.004313473,0.01595766,1.0,0.00418298,0.01716883,0.004359324,0.01617828,1.0629700242416658
20,40,0.5674,60.0,0.288,7060.0,592.4348065085774,8,0.9737,0.03,0.05,0.0392,1000.0,6874.322,614.5075371623147,0.0074,1.0471975511965976,0.24999999999999994,0.7500000000000001,0.3333333333333333,0.2838230952994904,1.268481470529,1.02660318877551,0.2794000000000001,0.56,4.01341260817504,0.15853156000000002,0.24147556,0.4914016279989312,1.262269910529,0.4961627081355946,0.0004638447259905286,14820308.639534622,1277226.5659449894,0.0005094198387295491,2259.7644005557177,15534348.133556983,1388642.2563525685,39.89518169659855,3.5662993163572825,6.300011683761727e-19,"[0.428,0.523]",0.475,"[0.145,0.206]",0.16,0.0,0.0,0.0,0.0,34.0,1.2621279115046098,0.28146177096646297,0.49324105097295745,0.0,0.0,0.0,0.0,25.0,1.2655656879272175,0.2905388226018533,0.49544519945477694,2.48078e-11,4.147426e-14,0.004246598,0.01654645,1.0,0.004224848,0.017010150000000005,0.004237327,0.01696489,1.0111989380214121,5.512642e-10,5.581626e-12,0.004323018,0.01670734,1.0,0.00418298,0.01716883,0.004237327,0.01696489,1.010846067471137
20,40,0.5674,60.0,0.293,7290.0,609.9151580355544,8,0.9737,0.03,0.05,0.0392,1000.0,7098.273,632.8637138914987,0.0074,1.0471975511965976,0.24999999999999994,0.7500000000000001,0.3333333333333333,0.2888230952994904,1.2806642005289999,1.02660318877551,0.2744000000000001,0.56,4.01341260817504,0.15569456000000004,0.24154356000000005,0.49147081296858314,1.274489640529,0.4915786509120255,0.00047436997067191804,14963579.987885196,1285737.2847013152,0.0005094198387295491,2322.5293350179413,16485947.270465808,1469844.5405814073,42.33907056421665,3.7748423370000532,2.4022929251568324e-19,"[0.428,0.523]",0.475,"[0.145,0.206]",0.16,0.0,0.0,0.0,0.0,35.0,1.28657115998275,0.29144085288722754,0.48328872005122075,0.0,0.0,0.0,0.0,25.0,1.2655656879272175,0.2905388226018533,0.49544519945477694,2.48078e-11,4.147426e-14,0.004148367,0.01734615,1.0,0.004089247,0.01880673,0.004135287,0.01779978,1.0768140250577543,5.512642e-10,5.581626e-12,0.004200169,0.01753104,1.0,0.00418298,0.01716883,0.004135287,0.01779978,0.9586975042981516
20,40,0.5674,60.0,0.298,7440.0,621.5536983812717,8,0.9737,0.03,0.05,0.0392,1000.0,7244.328,645.0531408178164,0.0074,1.0471975511965976,0.24999999999999994,0.7500000000000001,0.3333333333333333,0.2938230952994904,1.292846930529,1.02660318877551,0.2694000000000001,0.56,4.01341260817504,0.15285756000000003,0.24166156000000003,0.49159084613121107,1.286709370529,0.48686137044033956,0.0004845812729717975,14949665.626929043,1282661.409033539,0.0005094198387295491,2388.7503672589264,17304891.170544125,1540870.9270300828,44.44227537281549,3.9572517028943084,9.162959874843255e-20,"[0.428,0.523]",0.475,"[0.145,0.206]",0.16,0.0,0.0,0.0,0.0,35.0,1.28657115998275,0.29144085288722754,0.48328872005122075,0.0,0.0,0.0,0.0,26.0,1.2966460567587421,0.30710136294540186,0.4855240527034128,2.48078e-11,4.147426e-14,0.004150677,0.0181852,1.0,0.004089247,0.01880673,0.004047024,0.01867718,1.0192730972504251,5.512642e-10,5.581626e-12,0.004100449,0.01839636,1.0,0.004020306,0.01923485,0.004047024,0.01867718,1.0301212498657144
20,40,0.5674,60.0,0.303,7660.0,638.9827853850769,8,0.9737,0.03,0.05,0.0392,1000.0,7458.542,663.259322552516,0.0074,1.0471975511965976,0.24999999999999994,0.7500000000000001,0.3333333333333333,0.2988230952994904,1.305029660529,1.02660318877551,0.2644000000000001,0.56,4.01341260817504,0.15002056000000003,0.24182956000000003,0.4917616902525043,1.298929100529,0.48200884033000024,0.0004944773967829604,15083686.430410806,1292238.6130129702,0.0005094198387295491,2458.648001570048,18337929.38292627,1630721.2079164474,47.095315386350855,4.188004435524818,3.4959917459026136e-20,"[0.428,0.523]",0.475,"[0.145,0.206]",0.16,0.0,0.0,0.0,0.0,36.0,1.3168711345089243,0.30369967864833647,0.4700058645837126,0.0,0.0,0.0,0.0,26.0,1.2966460567587421,0.30710136294540186,0.4855240527034128,2.48078e-11,4.147426e-14,0.004055934,0.01907676,1.0,0.003901654,0.02124424,0.004057919,0.0195778,1.1164423341864818,5.512642e-10,5.581626e-12,0.00401527,0.01929833,1.0,0.004020306,0.01923485,0.004057919,0.0195778,0.9719713703182696
20,40,0.5674,60.0,0.308,8070.0,670.4688657754755,8,0.9737,0.03,0.05,0.0392,1000.0,7857.759,696.2805793958022,0.0074,1.0471975511965976,0.24999999999999994,0.7500000000000001,0.3333333333333333,0.3038230952994904,1.3172123905289999,1.02660318877551,0.2594000000000001,0.56,4.01341260817504,0.14718356000000002,0.24204756000000002,0.491983292399244,1.311148830529,0.477019049835261,0.0005040574995596967,15589013.17183832,1330143.6172681532,0.0005094198387295491,2532.4605025090436,19899464.30573496,1763303.0659839814,51.1056361887064,4.528500043824654,1.3342260889084232e-20,"[0.428,0.523]",0.475,"[0.145,0.206]",0.16,0.0,0.0,0.0,0.0,36.0,1.3168711345089243,0.30369967864833647,0.4700058645837126,0.0,0.0,0.0,0.0,26.0,1.2966460567587421,0.30710136294540186,0.4855240527034128,2.48078e-11,4.147426e-14,0.003976214,0.01999779,1.0,0.003901654,0.02124424,0.003970965,0.02052543,1.0548184217654197,5.512642e-10,5.581626e-12,0.004036515,0.02021177,1.0,0.004020306,0.01923485,0.003970965,0.02052543,0.9183217757389691
20,40,0.5674,60.0,0.313,8420.0,697.8380901069087,8,0.9737,0.03,0.05,0.0392,1000.0,8198.554,724.9183092022628,0.0074,1.0471975511965976,0.24999999999999994,0.7500000000000001,0.3333333333333333,0.3088230952994904,1.329395120529,1.02660318877551,0.25440000000000007,0.56,4.01341260817504,0.14434656,0.24231556,0.4922555840211465,1.323368560529,0.47189000674315895,0.0005133211326920207,15971588.695373112,1359457.161732699,0.0005094198387295491,2610.445646174395,21401879.59422567,1892359.8440891507,54.96412644544303,4.859942571532728,5.093455850471174e-21,"[0.428,0.523]",0.475,"[0.100,0.145]",0.12,0.0,0.0,0.0,0.0,36.0,1.3168711345089243,0.30369967864833647,0.4700058645837126,0.0,0.0,0.0,0.0,19.0,1.3106228055926925,0.29323372998247443,0.46633813269643376,2.48078e-11,4.147426e-14,0.00390761,0.02094131,1.0,0.003901654,0.02124424,0.003899504,0.02148942,0.9961375608170425,2.094834e-09,3.932807e-11,0.003948155,0.02117453,1.0,0.003929735,0.02091553,0.003899504,0.02148942,0.9952965700805215
20,40,0.5674,60.0,0.318,8800.0,727.5499982932548,8,0.9737,0.03,0.05,0.0392,1000.0,8568.56,756.0082183360627,0.0074,1.0471975511965976,0.24999999999999994,0.7500000000000001,0.3333333333333333,0.31382309529949043,1.3415778505290001,1.02660318877551,0.24940000000000004,0.56,4.01341260817504,0.14150956,0.24263356000000003,0.49257848105657237,1.3355882905290002,0.4666197403856998,0.0005222682406604256,16406435.109216616,1393058.0909404783,0.0005094198387295491,2692.8826811523963,23074126.826415177,2035841.4379660627,59.25877766583887,5.22843078929525,1.944999389592735e-21,"[0.428,0.523]",0.475,"[0.100,0.145]",0.12,0.0,0.0,0.0,0.0,37.0,1.364881320908833,0.3228797746109243,0.44657091585698433,0.0,0.0,0.0,0.0,20.0,1.3488941505926926,0.31362829798134045,0.4518495225587303,2.48078e-11,4.147426e-14,0.00392342,0.02188608,1.0,0.00375286,0.02525391,0.003838885,0.02246243,1.1947930227614063,2.094834e-09,3.932807e-11,0.003877627,0.02214655,1.0,0.003735157,0.02408514,0.003838885,0.02246243,1.1212927134592305
20,40,0.5674,60.0,0.323,9220.0,761.243062369035,8,0.9737,0.03,0.05,0.0392,1000.0,8977.514,791.149898271192,0.0074,1.0471975511965976,0.24999999999999994,0.7500000000000001,0.3333333333333333,0.31882309529949043,1.3537605805290003,1.02660318877551,0.24440000000000003,0.56,4.01341260817504,0.13867256,0.24300156,0.4929518840617206,1.3478080205290002,0.4612063047770074,0.0005308991589824737,16910017.369788993,1433875.0579828392,0.0005094198387295491,2780.074529088526,24958158.005935647,2199455.6808747193,64.09733063135782,5.648623506290685,7.429335323030049e-22,"[0.428,0.523]",0.475,"[0.100,0.145]",0.12,0.0,0.0,0.0,0.0,37.0,1.364881320908833,0.3228797746109243,0.44657091585698433,0.0,0.0,0.0,0.0,20.0,1.3488941505926926,0.31362829798134045,0.4518495225587303,2.48078e-11,4.147426e-14,0.003855716,0.02285645,1.0,0.00375286,0.02525391,0.003856057,0.02342165,1.127747325264002,2.094834e-09,3.932807e-11,0.003818506,0.02312124,1.0,0.003735157,0.02408514,0.003856057,0.02342165,1.0583714788684224
20,40,0.5674,60.0,0.328,9260.0,766.7718044208954,8,0.9737,0.03,0.05,0.0392,1000.0,9016.462,796.6134069791552,0.0074,1.0471975511965976,0.24999999999999994,0.7500000000000001,0.3333333333333333,0.32382309529949044,1.3659433105290002,1.02660318877551,0.23940000000000003,0.56,4.01341260817504,0.13583556,0.24341956,0.49337567836284757,1.3600277505290002,0.4556477818758695,0.0005392146109693953,16721471.964178203,1422016.0003498418,0.0005094198387295491,2872.3502598371365,25898436.968511667,2288152.7265263232,66.51214712284778,5.876414509929791,2.8385975655286377e-22,"[0.428,0.523]",0.475,"[0.100,0.145]",0.12,0.0,0.0,0.0,0.0,37.0,1.364881320908833,0.3228797746109243,0.44657091585698433,0.0,0.0,0.0,0.0,20.0,1.3488941505926926,0.31362829798134045,0.4518495225587303,2.48078e-11,4.147426e-14,0.003800139,0.02382158,1.0,0.00375286,0.02525391,0.003795352,0.02439343,1.0662456253257993,2.094834e-09,3.932807e-11,0.003842596,0.02407135,1.0,0.003735157,0.02408514,0.003795352,0.02439343,1.0006531906860232
20,40,0.5674,60.0,0.333,9220.0,766.4535211215398,8,0.9737,0.03,0.05,0.0392,1000.0,8977.514,795.9051271475391,0.0074,1.0471975511965976,0.24999999999999994,0.7500000000000001,0.3333333333333333,0.32882309529949044,1.3781260405290001,1.02660318877551,0.23440000000000003,0.56,4.01341260817504,0.13299856,0.24388756,0.4938497342309703,1.3722474805290004,0.4499422849737497,0.0005472157033175154,16405804.777848093,1400642.4093367332,0.0005094198387295491,2970.0678821063825,26663825.992560398,2363892.255344703,68.47781275107228,6.070928128257729,1.0848780281632087e-22,"[0.428,0.523]",0.475,"[0.100,0.145]",0.12,0.0,0.0,0.0,0.0,37.0,1.364881320908833,0.3228797746109243,0.44657091585698433,0.0,0.0,0.0,0.0,20.0,1.3488941505926926,0.31362829798134045,0.4518495225587303,2.48078e-11,4.147426e-14,0.003753194,0.02477363,1.0,0.00375286,0.02525391,0.003746182,0.02534513,1.0090078160575475,2.094834e-09,3.932807e-11,0.003779567,0.02503449,1.0,0.003735157,0.02408514,0.003746182,0.02534514,0.9469361422518122
20,40,0.5674,60.0,0.338,9310.0,779.2749835357481,8,0.9737,0.03,0.05,0.0392,1000.0,9065.147,808.5515793732216,0.0074,1.0471975511965976,0.24999999999999994,0.7500000000000001,0.3333333333333333,0.33382309529949045,1.3903087705290003,1.02660318877551,0.22940000000000002,0.56,4.01341260817504,0.13016155999999998,0.24440556,0.4943739070784379,1.3844672105290003,0.4440879622079396,0.0005549039205657314,16336426.296570353,1404342.1836725674,0.0005094198387295491,3073.6174976481434,27862794.437952578,2485178.2821125756,71.55699338782402,6.382413878001568,4.147449562411899e-23,"[0.428,0.523]",0.475,"[0.100,0.145]",0.12,0.0,0.0,0.0,0.0,37.0,1.364881320908833,0.3228797746109243,0.44657091585698433,0.0,0.0,0.0,0.0,21.0,1.4035937444420437,0.3427773803109775,0.43114151193250433,2.48078e-11,4.147426e-14,0.003773277,0.02568902,1.0,0.00375286,0.02525391,0.003704888,0.02626892,0.9559273972888376,2.094834e-09,3.932807e-11,0.003730047,0.02597066,1.0,0.003652916,0.02790839,0.003704887,0.02626892,1.1096314229280482
20,40,0.5674,60.0,0.343,9330.0,783.1529224821112,8,0.9737,0.03,0.05,0.0392,1000.0,9084.621,812.3026924015688,0.0074,1.0471975511965976,0.24999999999999994,0.7500000000000001,0.3333333333333333,0.33882309529949045,1.4024915005290002,1.02660318877551,0.22440000000000002,0.56,4.01341260817504,0.12732455999999998,0.24497355999999998,0.49494803767668377,1.3966869405290003,0.4380830001991006,0.0005622811184563455,16156724.28222452,1392813.8377332224,0.0005094198387295491,3183.42487560602,28920208.476852834,2585904.5975128994,74.27263519318122,6.641098350628015,1.5860042792657315e-23,"[0.428,0.523]",0.475,"[0.100,0.145]",0.12,0.0,0.0,0.0,0.0,38.0,1.4257460545533907,0.3467838293088795,0.4119355979070792,0.0,0.0,0.0,0.0,21.0,1.4035937444420437,0.3427773803109775,0.43114151193250433,2.48078e-11,4.147426e-14,0.003724252,0.0265955,1.0,0.003501549,0.02983127,0.00372153,0.02714288,1.2033039355157782,2.094834e-09,3.932807e-11,0.003688886,0.02687296,1.0,0.003652916,0.02790839,0.00372153,0.02714288,1.0522771303212295
20,40,0.5674,60.0,0.348,9770.0,819.6008174859493,8,0.9737,0.03,0.05,0.0392,1000.0,9513.049,850.1670049862583,0.0074,1.0471975511965976,0.24999999999999994,0.7500000000000001,0.3333333333333333,0.3438230952994904,1.414674230529,1.02660318877551,0.21940000000000007,0.56,4.01341260817504,0.12448756000000001,0.24559156,0.49557195239440255,1.408906670529,0.4319256278119896,0.0005693495162422578,16708627.527756087,1439538.9722913362,0.0005094198387295491,3299.95551395462,31392638.502070487,2805513.2958866884,80.62230910547807,7.205095555303103,6.066673290652826e-24,"[0.428,0.523]",0.475,"[0.100,0.145]",0.12,0.0,0.0,0.0,0.0,38.0,1.4257460545533907,0.3467838293088795,0.4119355979070792,0.0,0.0,0.0,0.0,21.0,1.4035937444420437,0.3427773803109775,0.43114151193250433,2.48078e-11,4.147426e-14,0.003684763,0.02746107,1.0,0.003501549,0.02983127,0.003677936,0.0279917,1.1432216942547433,2.094834e-09,3.932807e-11,0.00365369,0.02773363,1.0,0.003652916,0.02790839,0.003677936,0.0279917,0.9997358175644238
20,40,0.5674,60.0,0.353,10100.0,848.4185288028914,8,0.9737,0.03,0.05,0.0392,1000.0,9834.37,879.9196962001072,0.0074,1.0471975511965976,0.24999999999999994,0.7500000000000001,0.3333333333333333,0.3488230952994904,1.426856960529,1.02660318877551,0.21440000000000006,0.56,4.01341260817504,0.12165056,0.24625956,0.49624546345533477,1.421126400529,0.4256141200376736,0.0005761116879888422,17070249.059398472,1472663.2812548024,0.0005094198387295491,3423.719267449621,33670122.05222853,3012598.0176887237,86.47132312675484,7.736928789105495,2.321239107719675e-24,"[0.428,0.523]",0.475,"[0.100,0.145]",0.12,0.0,0.0,0.0,0.0,38.0,1.4257460545533907,0.3467838293088795,0.4119355979070792,0.0,0.0,0.0,0.0,21.0,1.4035937444420437,0.3427773803109775,0.43114151193250433,2.48078e-11,4.147426e-14,0.003651533,0.02827898,1.0,0.003501549,0.02983127,0.003642713,0.02878615,1.0878357885347008,2.094834e-09,3.932807e-11,0.00366369,0.02853498,1.0,0.003652916,0.02790839,0.003642713,0.02878615,0.9513014027743257
20,40,0.5674,60.0,0.358,10000.0,845.7517366618936,8,0.9737,0.03,0.05,0.0392,1000.0,9737.0,876.450907668759,0.0074,1.0471975511965976,0.24999999999999994,0.7500000000000001,0.3333333333333333,0.3538230952994904,1.439039690529,1.02660318877551,0.20940000000000006,0.56,4.01341260817504,0.11881356000000001,0.24697756,0.49696836921478216,1.433346130529,0.4191468019950241,0.0005825705529236633,16713855.431130728,1451758.4735744721,0.0005094198387295491,3555.27563667818,34617718.87433544,3116024.558779216,88.90493328329624,8.002547958547341,8.884074954024019e-25,"[0.428,0.523]",0.475,"[0.100,0.145]",0.12,0.0,0.0,0.0,0.0,38.0,1.4257460545533907,0.3467838293088795,0.4119355979070792,0.0,0.0,0.0,0.0,21.0,1.4035937444420437,0.3427773803109775,0.43114151193250433,2.48078e-11,4.147426e-14,0.003622818,0.02904243,1.0,0.003501549,0.02983127,0.00361279,0.02952034,1.0368277577558458,2.094834e-09,3.932807e-11,0.003626968,0.02929395,1.0,0.003652916,0.02790839,0.00361279,0.02952034,0.9066953953749536
20,40,0.5674,60.0,0.363,10500.0,887.381541379499,8,0.9737,0.03,0.05,0.0392,1000.0,10223.85,919.6716853887473,0.0074,1.0471975511965976,0.24999999999999994,0.7500000000000001,0.3333333333333333,0.3588230952994904,1.451222420529,1.02660318877551,0.20440000000000005,0.56,4.01341260817504,0.11597656,0.24774556,0.49774045445392523,1.445565860529,0.41252205304872736,0.0005887293648915615,17365958.978253342,1507282.6230486168,0.0005094198387295491,3695.2398313093977,37779577.749332584,3398407.443575944,97.025192545706,8.727761298696398,3.4011649471478347e-25,"[0.428,0.523]",0.475,"[0.100,0.145]",0.12,0.0,0.0,0.0,0.0,38.0,1.4257460545533907,0.3467838293088795,0.4119355979070792,0.0,0.0,0.0,0.0,22.0,1.4702709668333478,0.3783092683602468,0.40621243008552227,2.48078e-11,4.147426e-14,0.003632489,0.02973594,1.0,0.003501549,0.02983127,0.003586566,0.03018855,0.9898730151349557,2.094834e-09,3.932807e-11,0.00359615,0.02998847,1.0,0.003645787,0.03075108,0.003586566,0.03018855,1.04360957074583
20,40,0.5674,60.0,0.368,10300.0,879.4879192124381,8,0.9737,0.03,0.05,0.0392,1000.0,10029.11,910.4004471450053,0.0074,1.0471975511965976,0.24999999999999994,0.7500000000000001,0.3333333333333333,0.3638230952994904,1.463405150529,1.02660318877551,0.19940000000000005,0.56,4.01341260817504,0.11313956,0.24856356,0.49856149069096783,1.457785590529,0.4057383110404715,0.0005945917009764862,16867221.630455643,1479145.9715432834,0.0005094198387295491,3844.289743332432,38554804.70775273,3499843.101284804,99.01612387390661,8.988267498249577,1.3024661283978665e-25,"[0.428,0.523]",0.475,"[0.100,0.145]",0.12,0.0,0.0,0.0,0.0,39.0,1.4935506539436343,0.37290038820753757,0.3652956173874276,0.0,0.0,0.0,0.0,22.0,1.4702709668333478,0.3783092683602468,0.40621243008552227,2.48078e-11,4.147426e-14,0.003601504,0.03037581,1.0,0.003295334,0.03295349,0.003591071,0.03077864,1.2517858911897333,2.094834e-09,3.932807e-11,0.003569193,0.03061371,1.0,0.003645787,0.03075108,0.003591071,0.03077864,0.9979388417002945
20,40,0.5674,60.0,0.373,10600.0,909.4091488799332,8,0.9737,0.03,0.05,0.0392,1000.0,10321.22,940.861057747275,0.0074,1.0471975511965976,0.24999999999999994,0.7500000000000001,0.3333333333333333,0.3688230952994904,1.4755878805290001,1.02660318877551,0.19440000000000004,0.56,4.01341260817504,0.11030256,0.24943156,0.4994312365080903,1.470005320529,0.3987940766293536,0.0006001614493547535,17197405.816545807,1515274.1814017855,0.0005094198387295491,4003.173994010013,41317639.49045602,3766430.5183506445,106.11161283205136,9.672915051557199,4.989173384509987e-26,"[0.428,0.523]",0.475,"[0.100,0.145]",0.12,0.0,0.0,0.0,0.0,39.0,1.4935506539436343,0.37290038820753757,0.3652956173874276,0.0,0.0,0.0,0.0,22.0,1.4702709668333478,0.3783092683602468,0.40621243008552227,2.48078e-11,4.147426e-14,0.003575186,0.03094347,1.0,0.003295334,0.03295349,0.00356273,0.03130381,1.1991422901663265,2.094834e-09,3.932807e-11,0.003544959,0.03116544,1.0,0.003645787,0.03075108,0.00356273,0.03130381,0.9559707267071624
20,40,0.5674,60.0,0.378,10500.0,895.68465435541,8,0.9737,0.03,0.05,0.0392,1000.0,10223.85,927.2715386764983,0.0074,1.0471975511965976,0.24999999999999994,0.7500000000000001,0.3333333333333333,0.3738230952994904,1.487770610529,1.02660318877551,0.18940000000000004,0.56,4.01341260817504,0.10746556,0.25034956,0.5003494378931589,1.482225050529,0.39168791773691475,0.0006054427964471883,16886566.427075837,1479387.7466399733,0.0005094198387295491,4172.721252854192,42661276.18099333,3869245.6566022323,109.56232923433198,9.93696402139117,1.911676309560579e-26,"[0.428,0.523]",0.475,"[0.100,0.145]",0.12,0.0,0.0,0.0,0.0,39.0,1.4935506539436343,0.37290038820753757,0.3652956173874276,0.0,0.0,0.0,0.0,22.0,1.4702709668333478,0.3783092683602468,0.40621243008552227,2.48078e-11,4.147426e-14,0.003551904,0.03143596,1.0,0.003295334,0.03295349,0.003538186,0.03175006,1.1506072206247395,2.094834e-09,3.932807e-11,0.003544675,0.03163502,1.0,0.003645787,0.03075108,0.003538186,0.03175006,0.9172779826675723
20,40,0.5674,60.0,0.383,10700.0,938.336293628697,8,0.9737,0.03,0.05,0.0392,1000.0,10418.59,968.406955105477,0.0074,1.0471975511965976,0.24999999999999994,0.7500000000000001,0.3333333333333333,0.37882309529949043,1.499953340529,1.02660318877551,0.18440000000000004,0.56,4.01341260817504,0.10462856,0.25131756,0.5013158285951083,1.494444780529,0.38441847409153573,0.0006104402134397969,17067338.8984186,1537146.9195012953,0.0005094198387295491,4353.851069949235,45360989.21886241,4216299.657632262,116.49570946042589,10.82826517613452,7.326962058594181e-27,"[0.428,0.523]",0.475,"[0.100,0.145]",0.12,0.0,0.0,0.0,0.0,39.0,1.4935506539436343,0.37290038820753757,0.3652956173874276,0.0,0.0,0.0,0.0,22.0,1.4702709668333478,0.3783092683602468,0.40621243008552227,2.48078e-11,4.147426e-14,0.003530781,0.0318511,1.0,0.003295334,0.03295349,0.003516158,0.03211609,1.1057895843588212,2.094834e-09,3.932807e-11,0.003518691,0.03203319,1.0,0.003645787,0.03075108,0.003516158,0.03211609,0.8815488213647176
20,40,0.5674,60.0,0.388,10000.0,899.5198719038187,8,0.9737,0.03,0.05,0.0392,1000.0,9737.0,925.8159199496977,0.0074,1.0471975511965976,0.24999999999999994,0.7500000000000001,0.3333333333333333,0.38382309529949044,1.5121360705290001,1.02660318877551,0.17940000000000003,0.56,4.01341260817504,0.10179155999999999,0.25233556,0.5023301304918908,1.5066645105290002,0.37698446186623025,0.0006151584422442668,15828442.448870167,1462257.2172172805,0.0005094198387295491,4547.5865167558295,44279849.91365151,4210227.9945611395,113.71913662647803,10.8126719823075,2.8090379332437074e-27,"[0.428,0.523]",0.475,"[0.100,0.145]",0.12,0.0,0.0,0.0,0.0,39.0,1.4935506539436343,0.37290038820753757,0.3652956173874276,0.0,0.0,0.0,0.0,22.0,1.4702709668333478,0.3783092683602468,0.40621243008552227,2.48078e-11,4.147426e-14,0.003511325,0.0321877,1.0,0.003295334,0.03295349,0.003496041,0.03240154,1.0643161926474483,2.094834e-09,3.932807e-11,0.003495743,0.03235056,1.0,0.003645787,0.03075108,0.003496041,0.03240154,0.8484857322397126
20,40,0.5674,60.0,0.393,10200.0,930.5611210716438,8,0.9737,0.03,0.05,0.0392,1000.0,9931.74,956.3630641408486,0.0074,1.0471975511965976,0.24999999999999994,0.7500000000000001,0.3333333333333333,0.38882309529949044,1.524318800529,1.02660318877551,0.17440000000000003,0.56,4.01341260817504,0.09895456,0.25340355999999997,0.5033920539698655,1.5188842405290002,0.36938467840314715,0.0006196024809706712,16029212.769517813,1501867.9712415352,0.0005094198387295491,4755.068998224826,47226108.97242943,4547572.357343449,121.285694261509,11.679036926096218,1.0772478314464745e-27,"[0.428,0.523]",0.475,"[0.070,0.100]",0.093,0.0,0.0,0.0,0.0,39.0,1.4935506539436343,0.37290038820753757,0.3652956173874276,0.0,0.0,0.0,0.0,11.0,1.425925996298231,0.34028996559062813,0.4005199458846654,2.48078e-11,4.147426e-14,0.003508698,0.03244196,1.0,0.003295334,0.03295349,0.003477602,0.03260709,1.0258325161594375,5.055756e-09,1.043033e-10,0.00347505,0.03258758,1.0,0.003371742,0.03035902,0.003477602,0.03260709,0.8232974900778663
20,40,0.5674,60.0,0.398,10200.0,949.802084615284,8,0.9737,0.03,0.05,0.0392,1000.0,9931.74,974.1315453737434,0.0074,1.0471975511965976,0.24999999999999994,0.7500000000000001,0.3333333333333333,0.39382309529949044,1.5365015305290002,1.02660318877551,0.16940000000000002,0.56,4.01341260817504,0.09611755999999999,0.25452156000000004,0.504501298313493,1.5311039705290002,0.3616180070173432,0.0006237775689852994,15921925.528928505,1522661.4931991377,0.0005094198387295491,4977.5756847263265,49435987.531023845,4848813.493977225,126.96108571434327,12.452681869364433,4.132361765623032e-28,"[0.428,0.523]",0.475,"[0.070,0.100]",0.093,0.0,0.0,0.0,0.0,40.0,1.5674651183338781,0.40079014949440606,0.3017157100229824,0.0,0.0,0.0,0.0,12.0,1.5663531916828461,0.41512276765602657,0.34459171509325115,2.48078e-11,4.147426e-14,0.003488419,0.03262363,1.0,0.003187424,0.03319024,0.003472264,0.03273196,1.3134931300760346,5.055756e-09,1.043033e-10,0.003456374,0.03274563,1.0,0.003487478,0.03250646,0.003472264,0.03273196,1.0667977981934895
20,40,0.5674,60.0,0.403,10200.0,974.9543579004844,8,0.9737,0.03,0.05,0.0392,1000.0,9931.74,997.412293204545,0.0074,1.0471975511965976,0.24999999999999994,0.7500000000000001,0.3333333333333333,0.39882309529949045,1.548684260529,1.02660318877551,0.16440000000000002,0.56,4.01341260817504,0.09328056,0.25568956000000004,0.5056575521041884,1.5433237005290001,0.35368342187161916,0.0006276891716265295,15822704.053128567,1553243.8696912478,0.0005094198387295491,5216.540121429793,51809320.185609125,5203041.245108805,133.05625859621108,13.362406588539756,1.5856454005015548e-28,"[0.428,0.523]",0.475,"[0.070,0.100]",0.093,0.0,0.0,0.0,0.0,40.0,1.5674651183338781,0.40079014949440606,0.3017157100229824,0.0,0.0,0.0,0.0,12.0,1.5663531916828461,0.41512276765602657,0.34459171509325115,2.48078e-11,4.147426e-14,0.003470773,0.03272912,1.0,0.003187424,0.03319024,0.003454746,0.03278495,1.2690454244064255,5.055756e-09,1.043033e-10,0.003439819,0.03282709,1.0,0.003487478,0.03250646,0.003454746,0.03278495,1.0306980931723095
20,40,0.5674,60.0,0.408,9920.0,986.7461679804396,8,0.9737,0.03,0.05,0.0392,1000.0,9659.104,1005.8291602661717,0.0074,1.0471975511965976,0.24999999999999994,0.7500000000000001,0.3333333333333333,0.4038230952994904,1.5608669905289998,1.02660318877551,0.15940000000000007,0.56,4.01341260817504,0.09044356000000003,0.25690756000000003,0.5068604936271913,1.555543430529,0.3455799929134182,0.0006313429646511677,15299297.752271444,1562932.0721513715,0.0005094198387295491,5473.576712710311,52869846.72004701,5505483.068597885,135.77989388632452,14.139135125650546,6.086101933963618e-29,"[0.428,0.523]",0.475,"[0.070,0.100]",0.093,0.0,0.0,0.0,0.0,40.0,1.5674651183338781,0.40079014949440606,0.3017157100229824,0.0,0.0,0.0,0.0,12.0,1.5663531916828461,0.41512276765602657,0.34459171509325115,2.48078e-11,4.147426e-14,0.00345569,0.03276161,1.0,0.003187424,0.03319024,0.003440549,0.03276587,1.2272926914042201,5.055756e-09,1.043033e-10,0.003434816,0.03283326,1.0,0.003487478,0.03250646,0.003440549,0.03276587,0.9967872012038567
20,40,0.5674,60.0,0.413,9100.0,945.6738338706117,8,0.9737,0.03,0.05,0.0392,1000.0,8860.67,960.4199343721189,0.0074,1.0471975511965976,0.24999999999999994,0.7500000000000001,0.3333333333333333,0.4088230952994904,1.573049720529,1.02660318877551,0.15440000000000006,0.56,4.01341260817504,0.08760656000000003,0.25817555999999997,0.5081097912853088,1.5677631605289999,0.3373068908639801,0.000634744818482679,13959420.76562503,1489848.843715165,0.0005094198387295491,5750.50995988168,50953371.0862248,5522904.398275779,130.85801734724544,14.183876437414671,2.3366743730824713e-29,"[0.428,0.523]",0.475,"[0.070,0.100]",0.093,0.0,0.0,0.0,0.0,40.0,1.5674651183338781,0.40079014949440606,0.3017157100229824,0.0,0.0,0.0,0.0,12.0,1.5663531916828461,0.41512276765602657,0.34459171509325115,2.48078e-11,4.147426e-14,0.003443502,0.03272503,1.0,0.003187424,0.03319024,0.003430105,0.03267941,1.1878495326852097,5.055756e-09,1.043033e-10,0.003421591,0.03277313,1.0,0.003487478,0.03250646,0.003430105,0.03267941,0.9647521079766839
20,40,0.5674,60.0,0.418,9220.0,1017.3509719003673,8,0.9737,0.03,0.05,0.0392,1000.0,8977.514,1028.4868999896448,0.0074,1.0471975511965976,0.24999999999999994,0.7500000000000001,0.3333333333333333,0.4138230952994904,1.5852324505289999,1.02660318877551,0.14940000000000006,0.56,4.01341260817504,0.08476956000000002,0.25949356,0.509405104018403,1.5799828905289999,0.32886339224912386,0.0006379007823312863,14073527.182692233,1594842.0194474978,0.0005094198387295491,6049.4095657192165,54308659.06797818,6221738.491014261,139.47503960821197,15.978616253072161,8.973945647626087e-30,"[0.428,0.523]",0.475,"[0.070,0.100]",0.093,0.0,0.0,0.0,0.0,40.0,1.5674651183338781,0.40079014949440606,0.3017157100229824,0.0,0.0,0.0,0.0,12.0,1.5663531916828461,0.41512276765602657,0.34459171509325115,2.48078e-11,4.147426e-14,0.003434857,0.03262405,1.0,0.003187424,0.03319024,0.003424273,0.03253089,1.1503507035337956,5.055756e-09,1.043033e-10,0.003413178,0.03264854,1.0,0.003487478,0.03250646,0.003424273,0.03253089,0.9342961676618331
20,40,0.5674,60.0,0.423,8860.0,1064.8093725911729,8,0.9737,0.03,0.05,0.0392,1000.0,8626.982,1070.3335983815032,0.0074,1.0471975511965976,0.24999999999999994,0.7500000000000001,0.3333333333333333,0.4188230952994904,1.5974151805289998,1.02660318877551,0.14440000000000006,0.56,4.01341260817504,0.08193256000000002,0.26086156,0.5107460817275058,1.5922026205289999,0.32024888446019967,0.0006408170682540486,13462472.252034144,1661643.2759700383,0.0005094198387295491,6372.632827682912,54976588.69702958,6820843.025617945,141.19041084120144,17.5172314596954,3.447429641104878e-30,"[0.428,0.523]",0.475,"[0.070,0.100]",0.093,0.0,0.0,0.0,0.0,40.0,1.5674651183338781,0.40079014949440606,0.3017157100229824,0.0,0.0,0.0,0.0,12.0,1.5663531916828461,0.41512276765602657,0.34459171509325115,2.48078e-11,4.147426e-14,0.003430713,0.03246397,1.0,0.003187424,0.03319024,0.003424303,0.03232622,1.114447881252829,5.055756e-09,1.043033e-10,0.003410545,0.03246521,1.0,0.003487478,0.03250646,0.003424303,0.03232622,0.9051364782190338
20,40,0.5674,60.0,0.428,8380.0,1129.0008852785845,8,0.9737,0.03,0.05,0.0392,1000.0,8159.606,1127.6880752364507,0.0074,1.0471975511965976,0.24999999999999994,0.7500000000000001,0.3333333333333333,0.4238230952994904,1.609597910529,1.02660318877551,0.13940000000000005,0.56,4.01341260817504,0.07909556000000002,0.26227956,0.5121323657024618,1.6044223505289998,0.3114628708329166,0.0006435000352207588,12680039.710022345,1754469.0341644972,0.0005094198387295491,6722.876149771135,54856020.56892945,7581307.2653884515,140.88076879275377,19.470249298523967,1.3247521302185074e-30,"[0.428,0.523]",0.475,"[0.070,0.100]",0.093,0.0,0.0,0.0,0.0,40.0,1.5674651183338781,0.40079014949440606,0.3017157100229824,0.0,0.0,0.0,0.0,12.0,1.5663531916828461,0.41512276765602657,0.34459171509325115,2.48078e-11,4.147426e-14,0.003432351,0.03225063,1.0,0.003187424,0.03319024,0.003431855,0.03207176,1.079809731252538,5.055756e-09,1.043033e-10,0.003415162,0.03222931,1.0,0.003487478,0.03250646,0.003431855,0.03207176,0.8770039350730586
20,40,0.12739999999999999,90.0,0.0375,63300.0,11230.514235634768,9,0.9695,0.03,0.05,0.0354,1000.0,61369.35,11052.347570385227,0.0074,1.5707963267948966,0.5000000000000001,0.5000000000000001,0.9999999999999998,0.03711476478179635,0.930926697529,1.127136111111111,0.0899,0.12,4.01341260817504,0.02290652,0.02431277,0.15592552709546953,0.927820177529,0.3202273218470152,0.0004237480742787327,144825082.93272507,26502808.90302659,0.0018490053405739186,195.10611004644386,11973535.154578729,2156380.5413391264,30.750331873317567,5.537998296683944,0.0008655790401179078,"[0.124,0.158]",0.148,"[0.015,0.025]",0.02,0.0,0.0,0.0,0.0,0.0,0.937820177529,0.04138213193623397,0.3154948571889252,0.0,0.0,0.0,0.0,0.0,0.937820177529,0.041280072537523735,0.31541717130459224,2.628691e-08,9.972801e-10,0.02315285,0.011069939040117908,1.0,0.01907354,0.010297273428050934,0.02308126,0.011077279040117908,0.8743770707035489,2.702078e-08,1.446704e-09,0.02311158,0.011072599040117908,1.0,0.01898044,0.01023762990852476,0.02308126,0.011077279040117908,0.8697651299643694
20,40,0.12739999999999999,90.0,0.0425,37000.0,21559.33672726078,9,0.9695,0.03,0.05,0.0354,1000.0,35871.5,20931.22977666368,0.0074,1.5707963267948966,0.5000000000000001,0.5000000000000001,0.9999999999999998,0.042114764781796356,0.9415094275290001,1.127136111111111,0.08489999999999999,0.12,4.01341260817504,0.02163252,0.023438769999999998,0.15309725667039237,0.938476907529,0.3157568392145621,0.0005154989418086942,69585981.83371675,41822271.54844796,0.0018490053405739186,200.47951706469559,7191500.996386228,4196282.83719571,18.469152130196505,10.776858146921665,0.001132568268210524,"[0.124,0.158]",0.148,"[0.015,0.025]",0.02,0.0,0.0,0.0,0.0,0.0,0.937820177529,0.04138213193623397,0.3154948571889252,0.0,0.0,0.0,0.0,0.0,0.937820177529,0.041280072537523735,0.31541717130459224,2.628691e-08,9.972801e-10,0.01961199,0.010738944268210524,1.0,0.01907354,0.010297273428050934,0.01949996,0.010709373268210524,0.9702211344805374,2.702078e-08,1.446704e-09,0.01955408,0.010722266268210524,1.0,0.01898044,0.01023762990852476,0.01949996,0.010709372268210523,0.9651037036847426
20,40,0.1674,90.0,0.0375,65500.0,5739.629778734483,10,0.9383,0.0483,0.05,0.0357,0.0507,61458.65,6245.977396651675,0.0074,1.5707963267948966,0.5000000000000001,0.5000000000000001,0.9999999999999998,0.036815869476447736,0.9115266975290001,1.0946390624999998,0.1299,0.16,4.01341260817504,0.04349052,0.044896769999999996,0.21188857921086732,0.9072361775290001,0.32629948397430275,0.00014024814480940334,438213639.71353817,40924817.840083495,0.001040065504072829,334.34642923478344,20548480.173090324,2088320.2396516562,52.77243325862561,5.363206404626276,0.0005834197100098713,"[0.186,0.223]",0.205,"[0.035,0.045]",0.04,0.0,0.0,0.0,0.0,0.0,0.9172361775290001,0.04114579578094679,0.32425926478789185,0.0,0.0,0.0,0.0,0.0,0.9172361775290001,0.040968862473928204,0.32426237605298747,2.203918e-08,1.633651e-10,0.02793707,0.013797189710009872,1.0,0.02654147,0.014722913197006422,0.02790494,0.013892459710009871,1.0000354742916253,2.589981e-08,1.887024e-10,0.02791876,0.013856269710009871,1.0,0.02660767,0.014639427117124492,0.02790494,0.013892459710009871,0.9986804410058796
20,40,0.1674,90.0,0.0425,62100.0,5468.97156708944,10,0.9383,0.0483,0.05,0.0357,0.0507,58268.43,5943.840699734976,0.0074,1.5707963267948966,0.5000000000000001,0.5000000000000001,0.9999999999999998,0.04181586947644774,0.9225094275290001,1.0946390624999998,0.1249,0.16,4.01341260817504,0.04181652,0.043622770000000005,0.2088606473225629,0.9182929075290001,0.3240031966016969,0.00019726507595622177,295381378.16615486,27723972.632150795,0.001040065504072829,339.0153056898035,19753889.608514916,2015052.9717921482,50.73177248061329,5.1750420260158725,0.0007700760784901059,"[0.186,0.223]",0.205,"[0.035,0.045]",0.04,0.0,0.0,0.0,0.0,0.0,0.9172361775290001,0.04114579578094679,0.32425926478789185,0.0,0.0,0.0,0.0,0.0,0.9172361775290001,0.040968862473928204,0.32426237605298747,2.203918e-08,1.633651e-10,0.02609967,0.015161586078490106,1.0,0.02654147,0.014722913197006422,0.02596223,0.015207816078490106,0.9958747970070594,2.589981e-08,1.887024e-10,0.02602126,0.015186576078490107,1.0,0.02660767,0.014639427117124492,0.02596223,0.015207816078490106,0.9945254013775335
20,40,0.1674,90.0,0.0475,58600.0,5309.632755291043,10,0.9383,0.0483,0.05,0.0357,0.0507,54984.380000000005,5729.891627700197,0.0074,1.5707963267948966,0.5000000000000001,0.5000000000000001,0.9999999999999998,0.04681586947644774,0.933492157529,1.0946390624999998,0.1199,0.16,4.01341260817504,0.04014252000000001,0.04239877000000001,0.2059096160940523,0.9293496375290001,0.3212942270077348,0.0002537415782512874,216694403.72735223,20925355.599517733,0.001040065504072829,344.6192084831403,18948673.514536213,1974630.7174322144,48.663823307714836,5.071229933714937,0.000969517517682024,"[0.186,0.223]",0.205,"[0.035,0.045]",0.04,0.0,0.0,0.0,0.0,1.0,0.9372361775290001,0.051303261603419914,0.3191188096165548,0.0,0.0,0.0,0.0,1.0,0.9372361775290001,0.05162674136418723,0.3191557924656693,2.203918e-08,1.633651e-10,0.02385027,0.015536277517682023,1.0,0.02239663,0.015333257077299862,0.02374261,0.015532957517682024,0.9680818438572975,2.589981e-08,1.887024e-10,0.02379295,0.015531947517682023,1.0,0.02239472,0.015462187175386806,0.02374261,0.015532957517682024,0.9723510471855128
20,40,0.2074,90.0,0.0525,41300.0,3399.419068165147,11,0.9578,0.0485,0.05,0.0511,0.0898,39557.14,3822.761849697648,0.0074,1.5707963267948966,0.5000000000000001,0.5000000000000001,0.9999999999999998,0.0514321874993326,0.919874887529,1.0753689999999998,0.1549,0.2,4.01341260817504,0.06425252000000002,0.06700877000000002,0.2588605222895141,0.9146223675290001,0.3240656708330043,0.00011608861116591823,340749532.6433309,29282967.846919704,0.0006656419226066104,529.5114097064804,20945956.965356607,2024196.0160055542,53.793229800026,5.1985231149561875,0.0007343625210128633,"[0.223,0.270]",0.24,"[0.045,0.070]",0.056,0.0,0.0,0.0,0.0,1.0,0.9197251675290001,0.05032457612943808,0.3234173133486414,0.0,0.0,0.0,0.0,0.0,0.9087974375290001,0.044998212140816195,0.32548738590252474,1.398818e-08,1.60131e-10,0.02257571,0.019230522521012865,1.0,0.02350936,0.018081109548840194,0.02249442,0.019280782521012865,0.9836285458856144,1.729404e-08,1.92516e-10,0.02253351,0.019256442521012863,1.0,0.02465651,0.017188832998642913,0.02249442,0.019280782521012865,0.9761842576199364
20,40,0.2074,90.0,0.0575,40400.0,3381.8486069130167,11,0.9578,0.0485,0.05,0.0511,0.0898,38695.12,3785.662595777514,0.0074,1.5707963267948966,0.5000000000000001,0.5000000000000001,0.9999999999999998,0.056432187499332605,0.931257617529,1.0753689999999998,0.1499,0.2,4.01341260817504,0.062178520000000015,0.06548477000000001,0.2558999218444586,0.9260790975290001,0.32192153522018296,0.00015441249835021218,250595776.98327443,21901391.681668684,0.0006656419226066104,536.4252542272897,20757039.583355483,2030725.0203586943,53.30805377488597,5.2152908488016605,0.0008726198763316957,"[0.223,0.270]",0.24,"[0.045,0.070]",0.056,0.0,0.0,0.0,0.0,1.0,0.9197251675290001,0.05032457612943808,0.3234173133486414,0.0,0.0,0.0,0.0,1.0,0.9287974375290001,0.055656091031075224,0.32147843165910245,1.398818e-08,1.60131e-10,0.02172801,0.019458159876331697,1.0,0.02350936,0.018081109548840194,0.02163712,0.019451479876331695,0.9913599659349709,1.729404e-08,1.92516e-10,0.02168345,0.019451409876331698,1.0,0.02226025,0.018522704136272914,0.02163712,0.019451479876331695,0.9838148858176144
20,40,0.2074,90.0,0.0625,39500.0,3350.186562221733,11,0.9578,0.0485,0.05,0.0511,0.0898,37833.1,3737.1849388278015,0.0074,1.5707963267948966,0.5000000000000001,0.5000000000000001,0.9999999999999998,0.0614321874993326,0.942640347529,1.0753689999999998,0.1449,0.2,4.01341260817504,0.060104520000000015,0.06401077000000002,0.25300349799953364,0.937535827529,0.3194906649296754,0.00019241367515165832,196623758.525377,17411374.527206305,0.0006656419226066104,544.3890027646963,20595923.58049703,2034482.3819957096,52.89427701689105,5.224940473228755,0.0010131541006586627,"[0.223,0.270]",0.24,"[0.045,0.070]",0.056,0.0,0.0,0.0,0.0,2.0,0.9397251675290001,0.06038868822529686,0.31896058906361247,0.0,0.0,0.0,0.0,1.0,0.9287974375290001,0.055656091031075224,0.32147843165910245,1.398818e-08,1.60131e-10,0.02088332,0.019031474100658665,1.0,0.02117578,0.017940645789946905,0.02080151,0.018971974100658665,0.9750724332295949,1.729404e-08,1.92516e-10,0.02084538,0.018997594100658665,1.0,0.02226025,0.018522704136272914,0.02080151,0.018971974100658665,1.010833814864976
20,40,0.2074,90.0,0.0675,36900.0,3181.2654718536387,11,0.9578,0.0485,0.05,0.0511,0.0898,35342.82,3533.7167468385455,0.0074,1.5707963267948966,0.5000000000000001,0.5000000000000001,0.9999999999999998,0.0664321874993326,0.9540230775290001,1.0753689999999998,0.1399,0.2,4.01341260817504,0.058030520000000016,0.06258677000000001,0.25017347980951143,0.9489925575290001,0.3167534605947052,0.00023004114237367982,153636952.22217673,13829115.257504579,0.0006656419226066104,553.5194109376503,19562936.907275405,1955980.8121305816,50.241369365792515,5.023333404408649,0.0011541884027268937,"[0.223,0.270]",0.24,"[0.045,0.070]",0.056,0.0,0.0,0.0,0.0,2.0,0.9397251675290001,0.06038868822529686,0.31896058906361247,0.0,0.0,0.0,0.0,2.0,0.9487974375290001,0.06631396992133425,0.3167508866685285,1.398818e-08,1.60131e-10,0.02005249,0.018071288402726895,1.0,0.02117578,0.017940645789946905,0.01996534,0.017968108402726893,1.0198180650054487,1.729404e-08,1.92516e-10,0.0200135,0.018017288402726893,1.0,0.02009158,0.017677092216001354,0.01996534,0.017968108402726893,0.9927009197743245
20,40,0.2074,90.0,0.0725,34300.0,3008.4630625009686,11,0.9578,0.0485,0.05,0.0511,0.0898,32852.54,3327.2323298465644,0.0074,1.5707963267948966,0.5000000000000001,0.5000000000000001,0.9999999999999998,0.0714321874993326,0.9654058075290001,1.0753689999999998,0.1349,0.2,4.01341260817504,0.05595652000000001,0.06121277000000001,0.2474121460235936,0.960449287529,0.31368916806992814,0.0002672409034309248,122932304.0680843,11257494.731821928,0.0006656419226066104,563.9512019457757,18527229.419971675,1876396.6715698135,47.581474142944266,4.818946086669782,0.0012941690980837939,"[0.223,0.270]",0.24,"[0.045,0.070]",0.056,0.0,0.0,0.0,0.0,3.0,0.9597251675290002,0.07035238513017805,0.3136751380631542,0.0,0.0,0.0,0.0,3.0,0.9687974375290002,0.07697184881159327,0.311371744797314,1.398818e-08,1.60131e-10,0.01906004,0.016731909098083794,1.0,0.0190783,0.016146350241907612,0.0189523,0.016597079098083792,0.9862411911711272,1.729404e-08,1.92516e-10,0.01901316,0.016665009098083793,1.0,0.01806423,0.015703918140749402,0.0189523,0.016597079098083792,0.9523521994795363
20,40,0.2074,90.0,0.0775,29400.0,2654.1100200902133,11,0.9578,0.0485,0.05,0.0511,0.0898,28159.32,2914.7035286730456,0.0074,1.5707963267948966,0.5000000000000001,0.5000000000000001,0.9999999999999998,0.0764321874993326,0.9767885375290001,1.0753689999999998,0.12990000000000002,0.2,4.01341260817504,0.053882520000000024,0.05988877000000002,0.24472182166696949,0.9719060175290001,0.3102758342937346,0.0003039560588057881,92642733.00106288,8731887.202768508,0.0006656419226066104,575.8405914259173,16215279.482951662,1678404.6037822948,41.64394383798043,4.310464530124438,0.0014317149016714753,"[0.223,0.270]",0.24,"[0.045,0.070]",0.056,0.0,0.0,0.0,0.0,4.0,0.9797251675290002,0.0802186138726918,0.30754655118648205,0.0,0.0,0.0,0.0,3.0,0.9687974375290002,0.07697184881159327,0.311371744797314,1.398818e-08,1.60131e-10,0.01784332,0.015173384901671475,1.0,0.01673728,0.013682452848623712,0.01771451,0.015019644901671476,0.9281833691036563,1.729404e-08,1.92516e-10,0.01778886,0.015100064901671475,1.0,0.01806423,0.015703918140749402,0.01771451,0.015019644901671476,1.0335213165645043
20,40,0.2074,90.0,0.0825,25400.0,2372.403843790383,11,0.9578,0.0485,0.05,0.0511,0.0898,24328.12,2584.7383213714356,0.0074,1.5707963267948966,0.5000000000000001,0.5000000000000001,0.9999999999999998,0.0814321874993326,0.9881712675290001,1.0753689999999998,0.12490000000000001,0.2,4.01341260817504,0.05180852000000002,0.05861477000000002,0.24210487396993893,0.9833627475290001,0.3064902661566278,0.0003401269511758936,71526587.10488053,6975053.977899903,0.0006656419226066104,589.3696640622708,14338255.91166661,1523366.3561555606,36.823387752755835,3.9122966117919344,0.0015655079675003518,"[0.223,0.270]",0.24,"[0.045,0.070]",0.056,0.0,0.0,0.0,0.0,4.0,0.9797251675290002,0.0802186138726918,0.30754655118648205,0.0,0.0,0.0,0.0,4.0,0.9887974375290002,0.0876297277018523,0.3054135561440599,1.398818e-08,1.60131e-10,0.01646351,0.013538857967500352,1.0,0.01673728,0.013682452848623712,0.01632097,0.013377797967500351,1.0222183734242762,1.729404e-08,1.92516e-10,0.01640482,0.013464257967500351,1.0,0.01579255,0.013417160086088469,0.01632097,0.013377797967500351,0.9906037051180947
20,40,0.2074,90.0,0.0875,20800.0,2058.348852934485,11,0.9578,0.0485,0.05,0.0511,0.0898,19922.239999999998,2214.596257392662,0.0074,1.5707963267948966,0.5000000000000001,0.5000000000000001,0.9999999999999998,0.0864321874993326,0.9995539975289999,1.0753689999999998,0.11990000000000002,0.2,4.01341260817504,0.049734520000000025,0.05739077000000002,0.2395637076019655,0.9948194775289999,0.30230799351747184,0.0003756913670491936,53028208.117945254,5478829.255783675,0.0006656419226066104,604.7518506847009,12048011.509784775,1339281.1851776247,30.941601419841195,3.439530630195992,0.0016939923194136722,"[0.223,0.270]",0.24,"[0.045,0.070]",0.056,0.0,0.0,0.0,0.0,5.0,0.9997251675290002,0.0899901800900974,0.30055395423217485,0.0,0.0,0.0,0.0,4.0,0.9887974375290002,0.0876297277018523,0.3054135561440599,1.398818e-08,1.60131e-10,0.01501413,0.011940412319413672,1.0,0.01428422,0.01123318302971269,0.0148659,0.011781382319413673,0.9589975714558565,1.729404e-08,1.92516e-10,0.01495439,0.011868202319413672,1.0,0.01579255,0.013417160086088469,0.0148659,0.011781382319413673,1.1027445944726488
20,40,0.24739999999999998,90.0,0.0525,26100.0,2080.300459102562,12,0.9143,0.0341,0.05,0.0515,0.1147,23863.23,2099.950707128022,0.0074,1.5707963267948966,0.5000000000000001,0.5000000000000001,0.9999999999999998,0.05096399016953707,0.8888748875290001,1.062617361111111,0.1949,0.24,4.01341260817504,0.09643652000000001,0.09919277000000001,0.3149488371148559,0.8824383675290001,0.3271007603705096,4.979754323969516e-06,4792049656.975423,417751624.63121074,0.0004622513351434796,748.6526322140022,17865269.952628143,1572133.6244110488,45.88143542883784,4.037540298309856,0.00041954278095570474,"[0.270,0.340]",0.3,"[0.070,0.100]",0.093,0.0,0.0,0.0,0.0,1.0,0.8832257966749965,0.04824907105315002,0.32753526051428483,0.0,0.0,0.0,0.0,0.0,0.8834385716743224,0.05120170203412138,0.3271845752098398,4.406679e-09,8.478459e-11,0.01825707,0.019511942780955704,1.0,0.01982737,0.018632052556878564,0.01821614,0.019701002780955705,0.9979495911728844,5.055756e-09,1.043033e-10,0.01823736,0.019627802780955706,1.0,0.01886037,0.019432256134201152,0.01821614,0.019701002780955705,1.0043684301470108
20,40,0.24739999999999998,90.0,0.0575,25900.0,2063.6014638411752,12,0.9143,0.0341,0.05,0.0515,0.1147,23680.37,2083.231438605726,0.0074,1.5707963267948966,0.5000000000000001,0.5000000000000001,0.9999999999999998,0.05596399016953708,0.9006576175290001,1.062617361111111,0.18989999999999999,0.24,4.01341260817504,0.09396252000000001,0.09726877,0.31187941580040196,0.894295097529,0.32569324249014026,3.326727253640136e-05,711821805.4722917,62030978.391245134,0.0004622513351434796,755.0367844911191,17879550.42035996,1572916.3667556755,45.9181104054751,4.039550530589448,0.0005017328606733896,"[0.270,0.340]",0.3,"[0.070,0.100]",0.093,0.0,0.0,0.0,0.0,2.0,0.896628803539834,0.05501890248377339,0.3257743154216301,0.0,0.0,0.0,0.0,1.0,0.9031708323686669,0.0617169042696885,0.32447374344184465,4.406679e-09,8.478459e-11,0.01806884,0.02099744286067339,1.0,0.01933333,0.020627065722936856,0.01800406,0.02113528286067339,1.0099689745883975,5.055756e-09,1.043033e-10,0.01803628,0.021076612860673388,1.0,0.01777482,0.021935676937760502,0.01800406,0.02113528286067339,1.02268741080159
20,40,0.24739999999999998,90.0,0.0625,26200.0,2119.6933740538093,12,0.9143,0.0341,0.05,0.0515,0.1147,23954.66,2134.0528307484265,0.0074,1.5707963267948966,0.5000000000000001,0.5000000000000001,0.9999999999999998,0.060963990169537075,0.9124403475289999,1.062617361111111,0.18489999999999998,0.24,4.01341260817504,0.09148852,0.09539477,0.30886043773847116,0.906151827529,0.32410779640472237,6.142077128789139e-05,390009104.3748008,34511018.49760864,0.0004622513351434796,762.3023000276362,18260692.414380014,1626793.3812600132,46.89695605595893,4.177917024274347,0.0005861052852143518,"[0.270,0.340]",0.3,"[0.070,0.100]",0.093,0.0,0.0,0.0,0.0,3.0,0.9155247687318737,0.06448557948554778,0.32290509384896265,0.0,0.0,0.0,0.0,1.0,0.9031708323686669,0.0617169042696885,0.32447374344184465,4.406679e-09,8.478459e-11,0.01796314,0.021942405285214354,1.0,0.0185881,0.022002367536737254,0.01794228,0.022030365285214352,1.0136164980922333,5.055756e-09,1.043033e-10,0.01795667,0.02199376528521435,1.0,0.01777482,0.021935676937760502,0.01794228,0.022030365285214352,0.9932824336973368
20,40,0.24739999999999998,90.0,0.0675,27500.0,2239.0511385999894,12,0.9143,0.0341,0.05,0.0515,0.1147,25143.25,2251.723200684251,0.0074,1.5707963267948966,0.5000000000000001,0.5000000000000001,0.9999999999999998,0.06596399016953708,0.9242230775290001,1.062617361111111,0.17989999999999998,0.24,4.01341260817504,0.08901452,0.09357077,0.30589339646353925,0.9180085575290001,0.3223341178897179,8.941765526202236e-05,281188876.2495754,25040369.623189654,0.0004622513351434796,770.5251172940455,19373505.65540351,1735009.283320956,49.75487362438975,4.455836190116684,0.000671644923629141,"[0.270,0.340]",0.3,"[0.070,0.100]",0.093,0.0,0.0,0.0,0.0,3.0,0.9155247687318737,0.06448557948554778,0.32290509384896265,0.0,0.0,0.0,0.0,2.0,0.9224904349396676,0.07201220349017164,0.32138616004124704,4.406679e-09,8.478459e-11,0.01815338,0.022338804923629142,1.0,0.0185881,0.022002367536737254,0.01816056,0.022353754923629142,0.9962257302163926,5.055756e-09,1.043033e-10,0.01816218,0.02234394492362914,1.0,0.01773394,0.02272194855029541,0.01816056,0.022353754923629142,1.0051796069620271
20,40,0.24739999999999998,90.0,0.0725,27100.0,2219.56076736343,12,0.9143,0.0341,0.05,0.0515,0.1147,24777.53,2229.8470855366586,0.0074,1.5707963267948966,0.5000000000000001,0.5000000000000001,0.9999999999999998,0.07096399016953707,0.9360058075290001,1.062617361111111,0.17489999999999997,0.24,4.01341260817504,0.08654052,0.09179677,0.3029798178097016,0.9298652875290001,0.3203613790871096,0.0001172340204849256,211351021.63612983,18932736.06230053,0.0004622513351434796,779.7902124688698,19321275.383153792,1738812.932603721,49.62073628025723,4.4656046900847155,0.0007574496502765832,"[0.270,0.340]",0.3,"[0.070,0.100]",0.093,0.0,0.0,0.0,0.0,4.0,0.9367313410133745,0.07500452418247916,0.31914718842821754,0.0,0.0,0.0,0.0,2.0,0.9224904349396676,0.07201220349017164,0.32138616004124704,4.406679e-09,8.478459e-11,0.01837501,0.022193879650276582,1.0,0.0184571,0.021734297849683917,0.01836968,0.022144949650276583,0.9916236546025402,5.055756e-09,1.043033e-10,0.01837783,0.022165579650276584,1.0,0.01773394,0.02272194855029541,0.01836968,0.022144949650276583,1.003629617137338
20,40,0.24739999999999998,90.0,0.0775,27800.0,2292.7276335079036,12,0.9143,0.0341,0.05,0.0515,0.1147,25417.54,2300.6285853537393,0.0074,1.5707963267948966,0.5000000000000001,0.5000000000000001,0.9999999999999998,0.07596399016953707,0.9477885375290002,1.062617361111111,0.16989999999999997,0.24,4.01341260817504,0.08406651999999999,0.09007277,0.3001212588271614,0.9417220175290001,0.31817820882211056,0.00014484465451436253,175481380.96790892,15828872.948021432,0.0004622513351434796,790.1929603214865,20084761.176689796,1817940.512460905,51.581514047950805,4.66881947248007,0.0008427020799430606,"[0.270,0.340]",0.3,"[0.070,0.100]",0.093,0.0,0.0,0.0,0.0,4.0,0.9367313410133745,0.07500452418247916,0.31914718842821754,0.0,0.0,0.0,0.0,3.0,0.9431102736512429,0.0830003906764038,0.3176466770033221,4.406679e-09,8.478459e-11,0.01837507,0.02155765207994306,1.0,0.0184571,0.021734297849683917,0.01833506,0.02144921207994306,1.009096472775657,5.055756e-09,1.043033e-10,0.01836172,0.02150067207994306,1.0,0.01745322,0.022029052204704563,0.01833506,0.02144921207994306,1.002870939722048
20,40,0.24739999999999998,90.0,0.0825,26000.0,2163.238313490717,12,0.9143,0.0341,0.05,0.0515,0.1147,23771.8,2167.474428038685,0.0074,1.5707963267948966,0.5000000000000001,0.5000000000000001,0.9999999999999998,0.08096399016953708,0.9595712675290001,1.062617361111111,0.16489999999999996,0.24,4.01341260817504,0.08159251999999999,0.08839876999999999,0.29731930647033333,0.9535787475290002,0.31577267329865555,0.00017222304775330556,138029144.82184187,12560678.38602744,0.0004622513351434796,801.8407448197917,19061197.81770712,1737969.309756391,48.95280727290544,4.4634381050121865,0.0009266062776446409,"[0.270,0.340]",0.3,"[0.070,0.100]",0.093,0.0,0.0,0.0,0.0,5.0,0.9557804992094181,0.08436109839952921,0.3152852805967699,0.0,0.0,0.0,0.0,3.0,0.9431102736512429,0.0830003906764038,0.3176466770033221,4.406679e-09,8.478459e-11,0.01806944,0.02049117627764464,1.0,0.01775622,0.020256303083755884,0.01799341,0.02035281627764464,0.9933535535697552,5.055756e-09,1.043033e-10,0.01803954,0.02041273627764464,1.0,0.01745322,0.022029052204704563,0.01799341,0.02035281627764464,1.039939154814849
20,40,0.24739999999999998,90.0,0.0875,25800.0,2161.897315203152,12,0.9143,0.0341,0.05,0.0515,0.1147,23588.94,2163.5734808416764,0.0074,1.5707963267948966,0.5000000000000001,0.5000000000000001,0.9999999999999998,0.08596399016953707,0.9713539975289999,1.062617361111111,0.1599,0.24,4.01341260817504,0.07911852,0.08677477,0.29457557604119183,0.9654354775289999,0.31313225739731415,0.0001993414173431055,118334364.80186567,10845198.875465527,0.0004622513351434796,814.8548742002894,19221562.736218173,1762998.3965543264,49.36465510242191,4.527717594368199,0.0010082079795043623,"[0.270,0.340]",0.3,"[0.070,0.100]",0.093,0.0,0.0,0.0,0.0,6.0,0.97404856374543,0.09325429665551266,0.3111462104069961,0.0,0.0,0.0,0.0,4.0,0.9663204230381877,0.09536893873594765,0.31293062771558106,4.406679e-09,8.478459e-11,0.01748351,0.019134737979504362,1.0,0.01655317,0.018197466893334947,0.01737209,0.018939657979504365,0.9618617040950943,5.055756e-09,1.043033e-10,0.01743996,0.019040907979504362,1.0,0.0163027,0.0200104580810986,0.01737209,0.018939657979504365,1.0163880253897275
20,40,0.24739999999999998,90.0,0.0925,22600.0,1901.23643940352,12,0.9143,0.0341,0.05,0.0515,0.1147,20663.18,1901.4745284547648,0.0074,1.5707963267948966,0.5000000000000001,0.5000000000000001,0.9999999999999998,0.09096399016953707,0.9831367275289999,1.062617361111111,0.15489999999999998,0.24,4.01341260817504,0.07664452,0.08520077,0.2918917093718148,0.9772922075289999,0.3102438468356873,0.00022617074512359283,91360975.92422238,8406199.654002883,0.0004622513351434796,829.3728693615908,17137480.886735037,1577031.385682506,44.012333695635284,4.050118687448004,0.0010858733758340089,"[0.270,0.340]",0.3,"[0.070,0.100]",0.093,0.0,0.0,0.0,0.0,6.0,0.97404856374543,0.09325429665551266,0.3111462104069961,0.0,0.0,0.0,0.0,4.0,0.9663204230381877,0.09536893873594765,0.31293062771558106,4.406679e-09,8.478459e-11,0.01667545,0.017585383375834006,1.0,0.01655317,0.018197466893334947,0.01653793,0.017365643375834006,1.0297289203130529,5.055756e-09,1.043033e-10,0.01662205,0.017482773375834006,1.0,0.0163027,0.0200104580810986,0.01653793,0.017365643375834006,1.0881025198818057
20,40,0.24739999999999998,90.0,0.0975,20200.0,1741.8981029779761,12,0.9143,0.0341,0.05,0.0515,0.1147,18468.86,1735.1954611589615,0.0074,1.5707963267948966,0.5000000000000001,0.5000000000000001,0.9999999999999998,0.09596399016953708,0.9949194575289999,1.062617361111111,0.14989999999999998,0.24,4.01341260817504,0.07417052,0.08367677000000001,0.28926937273067815,0.9891489375289999,0.3070937114919317,0.0002526808311536831,73091654.46257,6893669.357603686,0.0004622513351434796,845.5512128019282,15616366.97206902,1467196.626631361,40.10582178505602,3.7680419867538877,0.0011558217174929936,"[0.270,0.340]",0.3,"[0.070,0.100]",0.093,0.0,0.0,0.0,0.0,7.0,0.996014000750913,0.10384695506799158,0.30559791066218156,0.0,0.0,0.0,0.0,5.0,0.9881069821703372,0.10697886416924347,0.30806029347640984,4.406679e-09,8.478459e-11,0.01571356,0.015949171717492994,1.0,0.01476192,0.015433074375238259,0.01555799,0.015717851717492994,0.9731975236819093,5.055756e-09,1.043033e-10,0.01565395,0.015843581717492995,1.0,0.01477536,0.017542232291263782,0.01555799,0.015717851717492994,1.0555730842657303
20,40,0.24739999999999998,90.0,0.103,18000.0,1584.6564293096121,12,0.9143,0.0341,0.05,0.0515,0.1147,16457.4,1573.505876050297,0.0074,1.5707963267948966,0.5000000000000001,0.5000000000000001,0.9999999999999998,0.10146399016953707,1.007880460529,1.062617361111111,0.1444,0.24,4.01341260817504,0.07144912,0.08205812,0.2864578852117707,1.002191340529,0.30330911132264954,0.000281435800630116,58476568.94806197,5630614.249365831,0.0004622513351434796,865.4792092074017,14243537.537609894,1361836.6212872108,36.5801328243539,3.497457310742961,0.0012117828678626667,"[0.270,0.340]",0.3,"[0.070,0.100]",0.093,0.0,0.0,0.0,0.0,7.0,0.996014000750913,0.10384695506799158,0.30559791066218156,0.0,0.0,0.0,0.0,6.0,1.0246876423645075,0.12647247647300278,0.2990444328304779,4.406679e-09,8.478459e-11,0.01455334,0.014142242867862666,1.0,0.01476192,0.015433074375238259,0.01438671,0.013911872867862668,1.0749536423415817,5.055756e-09,1.043033e-10,0.01449048,0.014038872867862666,1.0,0.01204519,0.013011696752606034,0.01438671,0.013911872867862668,0.9088803979509958
20,40,0.24739999999999998,90.0,0.108,16200.0,1457.395279201613,12,0.9143,0.0341,0.05,0.0515,0.1147,14811.66,1442.4682973882047,0.0074,1.5707963267948966,0.5000000000000001,0.5000000000000001,0.9999999999999998,0.10646399016953707,1.019663190529,1.062617361111111,0.1394,0.24,4.01341260817504,0.06897512,0.08063912,0.28397028013508735,1.014048070529,0.2995618391844532,0.0003071723441983525,48219380.031281605,4744552.388025268,0.0004622513351434796,885.7577158039894,13119542.128865318,1277677.424214246,33.69349730720976,3.281320371503594,0.0012157129889228489,"[0.270,0.340]",0.3,"[0.045,0.070]",0.056,0.0,0.0,0.0,0.0,8.0,1.0282276647844828,0.11918984321695325,0.2963081467283755,0.0,0.0,0.0,0.0,5.0,1.0087974375290003,0.09828760659211139,0.29895221431138114,4.406679e-09,8.478459e-11,0.01346556,0.012554532988922848,1.0,0.0120714,0.011350230182910379,0.01329526,0.012334232988922849,0.9216381038924992,1.729404e-08,1.92516e-10,0.01340209,0.01245644298892285,1.0,0.01360288,0.011312701664817366,0.01329526,0.012334232988922849,0.9558618414962523
20,40,0.24739999999999998,90.0,0.113,13300.0,1241.8417770536932,12,0.9143,0.0341,0.05,0.0515,0.1147,12160.19,1222.6441879586323,0.0074,1.5707963267948966,0.5000000000000001,0.5000000000000001,0.9999999999999998,0.11146399016953708,1.0314459205289999,1.062617361111111,0.1344,0.24,4.01341260817504,0.06650112000000001,0.07927012000000001,0.28154949831246373,1.025904800529,0.29550621272462985,0.0003324893843374848,36573167.66437605,3734981.7334113554,0.0004622513351434796,908.3423304906553,11045615.323809162,1110579.471051199,28.367255999766105,2.85218081925107,0.0011215581350181114,"[0.270,0.340]",0.3,"[0.045,0.070]",0.056,0.0,0.0,0.0,0.0,8.0,1.0282276647844828,0.11918984321695325,0.2963081467283755,0.0,0.0,0.0,0.0,6.0,1.0287974375290003,0.10894548548237042,0.2920648520445006,4.406679e-09,8.478459e-11,0.01238732,0.011011135135018111,1.0,0.0120714,0.011350230182910379,0.01221805,0.010807363135018112,1.0262549424555227,1.729404e-08,1.92516e-10,0.01232478,0.01092032613501811,1.0,0.01167206,0.009453650690679577,0.01221805,0.010807363135018112,0.9090612866657516
20,40,0.3274,90.0,0.0575,8220.0,643.0139967214574,13,0.9222,0.0228,0.05,0.0527,0.1715,7580.484,621.8994624816924,0.0074,1.5707963267948966,0.5000000000000001,0.5000000000000001,0.9999999999999998,0.05477512895239351,0.8202576175290001,1.0467847656250002,0.26990000000000003,0.32,4.01341260817504,0.17673052000000006,0.18003677000000007,0.4243074003596921,0.8115270975290001,0.3292272416866594,-9.42943903558704e-05,-80391675.17167227,-6819217.922664323,0.0002600163760182073,1313.9970110587742,9960733.318378862,817174.034880002,25.58107119472005,2.0986594557421796,0.00013483690000035714,"[0.340,0.428]",0.38,"[0.145,0.206]",0.16,0.0,0.0,0.0,0.0,0.0,0.8169719066030741,0.04222274532634973,0.3305784438535421,0.0,0.0,0.0,0.0,0.0,0.8064986157136859,0.04590475969397277,0.3304320750562701,6.542464e-10,7.733592e-12,0.007347946,0.013135806900000357,1.0,0.009012593,0.011532891763552305,0.007368369,0.013488826900000356,0.94852257356351,5.512642e-10,5.581626e-12,0.007365992,0.013372616900000356,1.0,0.00798615,0.011220125098395246,0.007368369,0.013488826900000356,0.895269112163527
20,40,0.3274,90.0,0.0625,8740.0,684.378550207969,13,0.9222,0.0228,0.05,0.0527,0.1715,8060.028,661.8453961864511,0.0074,1.5707963267948966,0.5000000000000001,0.5000000000000001,0.9999999999999998,0.05977512895239351,0.8328403475289999,1.0467847656250002,0.2649,0.32,4.01341260817504,0.17345652000000006,0.17736277000000006,0.42114459512143815,0.8241838275289999,0.3284028995608068,-7.686049085299617e-05,-104865684.70419553,-8904165.7503452,0.0002600163760182073,1320.5351008281975,10643549.887658095,873990.0769857536,27.334674941889677,2.244573935294373,0.0001591349781636464,"[0.340,0.428]",0.38,"[0.145,0.206]",0.16,0.0,0.0,0.0,0.0,0.0,0.8169719066030741,0.04222274532634973,0.3305784438535421,0.0,0.0,0.0,0.0,1.0,0.8255120525290002,0.056036905037233374,0.3290283609084276,6.542464e-10,7.733592e-12,0.007686997,0.015168294978163646,1.0,0.009012593,0.011532891763552305,0.007717301,0.015519094978163646,0.8423124802091146,5.512642e-10,5.581626e-12,0.007709467,0.015394144978163646,1.0,0.009115455,0.014972720357001446,0.007717301,0.015519094978163646,1.0156516993986708
20,40,0.3274,90.0,0.0675,10000.0,782.0204601164512,13,0.9222,0.0228,0.05,0.0527,0.1715,9222.0,756.362040992072,0.0074,1.5707963267948966,0.5000000000000001,0.5000000000000001,0.9999999999999998,0.06477512895239351,0.8454230775290001,1.0467847656250002,0.2599,0.32,4.01341260817504,0.17018252000000006,0.17473877000000007,0.4180176670907583,0.8368405575290001,0.32748816601375913,-5.946134366275907e-05,-155092358.02513126,-13151745.519774294,0.0002600163760182073,1327.8333074838652,12245278.761616204,1004322.7105457498,31.44822151016883,2.5792931042075553,0.00018413086307092952,"[0.340,0.428]",0.38,"[0.145,0.206]",0.16,0.0,0.0,0.0,0.0,1.0,0.8396920518425108,0.05374113893276278,0.32885888881839787,0.0,0.0,0.0,0.0,1.0,0.8255120525290002,0.056036905037233374,0.3290283609084276,6.542464e-10,7.733592e-12,0.008173328,0.017120790863070928,1.0,0.01142183,0.01628324488532103,0.00825911,0.017470070863070928,1.0334340692095727,5.512642e-10,5.581626e-12,0.008229122,0.01734255086307093,1.0,0.009115455,0.014972720357001446,0.00825911,0.017470070863070928,0.910813944802225
20,40,0.3274,90.0,0.0725,11000.0,860.4789363908299,13,0.9222,0.0228,0.05,0.0527,0.1715,10144.2,832.2237280807352,0.0074,1.5707963267948966,0.5000000000000001,0.5000000000000001,0.9999999999999998,0.0697751289523935,0.858005807529,1.0467847656250002,0.2549,0.32,4.01341260817504,0.16690852000000006,0.17216477000000005,0.4149274273894172,0.8494972875290001,0.3264790575255685,-4.2103563486042386e-05,-240934475.8517381,-20437199.731943935,0.0002600163760182073,1335.9376455792428,13552018.664284956,1111799.0078873574,34.80417989342081,2.855312823455298,0.00020958122341521658,"[0.340,0.428]",0.38,"[0.145,0.206]",0.16,0.0,0.0,0.0,0.0,2.0,0.8553342004534504,0.06159409139437644,0.32744328892897906,0.0,0.0,0.0,0.0,2.0,0.8431689225290001,0.06544614413928573,0.32748875373394803,6.542464e-10,7.733592e-12,0.008887146,0.018947711223415216,1.0,0.0112776,0.01908362541710557,0.009010358,0.019258181223415216,1.0480054268943761,5.512642e-10,5.581626e-12,0.008963649,0.019132981223415217,1.0,0.00915674,0.01807197839313054,0.009010358,0.019258181223415216,0.9535957469677665
20,40,0.3274,90.0,0.0775,11400.0,892.8919307706377,13,0.9222,0.0228,0.05,0.0527,0.1715,10513.08,863.4738188486525,0.0074,1.5707963267948966,0.5000000000000001,0.5000000000000001,0.9999999999999998,0.07477512895239351,0.8705885375290001,1.0467847656250002,0.24989999999999998,0.32,4.01341260817504,0.16363452000000003,0.16964077000000002,0.4118747018208329,0.8621540175290001,0.32537143474797764,-2.479409723352843e-05,-424015438.0690025,-36012278.340314105,0.0002600163760182073,1344.897969007576,14139019.940014167,1161284.1852607683,36.31171161280875,2.9824002381074752,0.00023526022183488813,"[0.340,0.428]",0.38,"[0.145,0.206]",0.16,0.0,0.0,0.0,0.0,2.0,0.8553342004534504,0.06159409139437644,0.32744328892897906,0.0,0.0,0.0,0.0,4.0,0.8673723325289999,0.07834399476484984,0.3250212117268651,6.542464e-10,7.733592e-12,0.009705202,0.020566350221834888,1.0,0.0112776,0.01908362541710557,0.009837153,0.020840550221834887,0.9634777526183682,5.512642e-10,5.581626e-12,0.009785221,0.02072457022183489,1.0,0.01029623,0.021411062126403153,0.009837153,0.020840550221834887,1.0327931117152314
20,40,0.3274,90.0,0.0825,13100.0,1025.0712170083702,13,0.9222,0.0228,0.05,0.0527,0.1715,12080.82,991.3833383145898,0.0074,1.5707963267948966,0.5000000000000001,0.5000000000000001,0.9999999999999998,0.07977512895239351,0.8831712675290001,1.0467847656250002,0.24489999999999998,0.32,4.01341260817504,0.16036052000000003,0.16716677000000005,0.40886033067540317,0.8748107475290001,0.3241609976072889,-7.540228823811468e-06,-1602182146.2300575,-135946964.0723997,0.0002600163760182073,1354.7683735172989,16366712.862155255,1343094.7927806068,42.032853763669976,3.4493247050379123,0.00026094169433685656,"[0.340,0.428]",0.38,"[0.145,0.206]",0.16,0.0,0.0,0.0,0.0,3.0,0.8723872420289507,0.070085687188716,0.325687382338653,0.0,0.0,0.0,0.0,5.0,0.879783049029,0.0849575904347668,0.3236013043275815,6.542464e-10,7.733592e-12,0.01051335,0.021938761694336856,1.0,0.0118138,0.02151222242431612,0.01063858,0.022183531694336855,0.9980905563054725,5.512642e-10,5.581626e-12,0.01058906,0.022085681694336855,1.0,0.01087772,0.02261266971779298,0.01063858,0.022183531694336855,1.0216685900067854
20,40,0.3274,90.0,0.0875,13800.0,1081.7989647113454,13,0.9222,0.0228,0.05,0.0527,0.1715,12726.36,1046.075491211672,0.0074,1.5707963267948966,0.5000000000000001,0.5000000000000001,0.9999999999999998,0.0847751289523935,0.8957539975289999,1.0467847656250002,0.2399,0.32,4.01341260817504,0.15708652000000004,0.16474277000000004,0.40588516848980827,0.8874674775289999,0.3228432803971523,9.650417107301076e-06,1318736781.8922358,112098674.35604462,0.0002600163760182073,1365.6076501419575,17379214.574460603,1428528.6934246654,44.63315211112885,3.668735327224311,0.00028634750347037547,"[0.340,0.428]",0.38,"[0.145,0.206]",0.16,0.0,0.0,0.0,0.0,4.0,0.8893227882223937,0.07844858835267876,0.32372596297488887,0.0,0.0,0.0,0.0,6.0,0.8932040540289999,0.09210956272854484,0.3219520965953203,6.542464e-10,7.733592e-12,0.01125559,0.023037767503470377,1.0,0.01272149,0.023207921104206854,0.01136322,0.023202837503470377,1.025474652774336,5.512642e-10,5.581626e-12,0.01132019,0.023127967503470376,1.0,0.01136704,0.02352573814142207,0.01136322,0.023202837503470377,1.0133150980981689
20,40,0.3274,90.0,0.0925,13500.0,1056.6262347450008,13,0.9222,0.0228,0.05,0.0527,0.1715,12449.7,1021.8789396265225,0.0074,1.5707963267948966,0.5000000000000001,0.5000000000000001,0.9999999999999998,0.08977512895239351,0.9083367275289999,1.0467847656250002,0.2349,0.32,4.01341260817504,0.15381252000000004,0.16236877000000002,0.4029500837572813,0.9001242075289999,0.3214136468815823,2.6769872728763945e-05,465063847.18904287,39470723.13159215,0.0002600163760182073,1377.479797151857,17149210.230601475,1407617.594470497,44.04245689750447,3.61503161947426,0.0003109956481529368,"[0.340,0.428]",0.38,"[0.145,0.206]",0.16,0.0,0.0,0.0,0.0,5.0,0.9064876069630123,0.08685509295375982,0.32151815275784534,0.0,0.0,0.0,0.0,6.0,0.8932040540289999,0.09210956272854484,0.3219520965953203,6.542464e-10,7.733592e-12,0.01189925,0.023784045648152934,1.0,0.01342611,0.024106214350010098,0.0119885,0.023909975648152934,1.0340523200543499,5.512642e-10,5.581626e-12,0.01195246,0.023837015648152937,1.0,0.01136704,0.02352573814142207,0.0119885,0.023909975648152934,0.9740771395998279
20,40,0.3274,90.0,0.0975,13600.0,1080.2147934230743,13,0.9222,0.0228,0.05,0.0527,0.1715,12541.92,1043.3179807873894,0.0074,1.5707963267948966,0.5000000000000001,0.5000000000000001,0.9999999999999998,0.09477512895239351,0.9209194575289998,1.0467847656250002,0.2299,0.32,4.01341260817504,0.15053852000000004,0.16004477000000003,0.4000559585857959,0.9127809375289999,0.31986728543130216,4.380982591703193e-05,286280982.34748024,24656906.774037637,0.0002600163760182073,1390.454599457497,17438970.35002797,1450686.285082534,44.78661638933255,3.725640267009982,0.0003337678468853024,"[0.340,0.428]",0.38,"[0.145,0.206]",0.16,0.0,0.0,0.0,0.0,5.0,0.9064876069630123,0.08685509295375982,0.32151815275784534,0.0,0.0,0.0,0.0,7.0,0.9064525725289999,0.09916961801096263,0.32021183532447617,6.542464e-10,7.733592e-12,0.01242741,0.024200767846885303,1.0,0.01342611,0.024106214350010098,0.01248697,0.024219697846885303,1.0098110504419853,5.512642e-10,5.581626e-12,0.01246732,0.024212717846885303,1.0,0.01169619,0.024013572897685038,0.01248697,0.024219697846885303,0.9775513546826808
20,40,0.3274,90.0,0.103,13500.0,1076.2244189770163,13,0.9222,0.0228,0.05,0.0527,0.1715,12449.7,1039.1272761349378,0.0074,1.5707963267948966,0.5000000000000001,0.5000000000000001,0.9999999999999998,0.1002751289523935,0.9347604605289999,1.0467847656250002,0.22440000000000002,0.32,4.01341260817504,0.14693712000000006,0.15754612000000007,0.39692079814491965,0.9267033405289999,0.31802550383378236,6.245160799144765e-05,199349550.80267763,17232933.684019767,0.0002600163760182073,1406.0916382794308,17505419.06908743,1461108.174081417,44.957269428493994,3.752405674329138,0.0003530688848464382,"[0.340,0.428]",0.38,"[0.145,0.206]",0.16,0.0,0.0,0.0,0.0,6.0,0.9223887213663167,0.09458164677577774,0.3192762176650104,0.0,0.0,0.0,0.0,8.0,0.9213039313308644,0.10708381718426534,0.3181332653843261,6.542464e-10,7.733592e-12,0.01284551,0.024190878884846438,1.0,0.01378593,0.024231608349923276,0.01287692,0.024161958884846436,1.015781534900173,5.512642e-10,5.581626e-12,0.01287009,0.02416217888484644,1.0,0.01188117,0.024072643011176,0.01287692,0.024161958884846436,0.9783155459955891
20,40,0.3274,90.0,0.108,13900.0,1111.023852135968,13,0.9222,0.0228,0.05,0.0527,0.1715,12818.58,1072.4808438079233,0.0074,1.5707963267948966,0.5000000000000001,0.5000000000000001,0.9999999999999998,0.1052751289523935,0.947343190529,1.0467847656250002,0.2194,0.32,4.01341260817504,0.14366312000000003,0.15532712000000004,0.3941156175540371,0.939360070529,0.3162175444935673,7.92960231362714e-05,161654765.1824995,14011091.706662979,0.0002600163760182073,1421.638750067762,18223390.04884361,1524680.3262627148,46.80115643578865,3.9156711387252905,0.0003570631863674246,"[0.340,0.428]",0.38,"[0.100,0.145]",0.12,0.0,0.0,0.0,0.0,7.0,0.9399285011860588,0.10303795316723663,0.3165842524577996,0.0,0.0,0.0,0.0,5.0,0.9411357339332085,0.09633630691931264,0.3169895560511618,6.542464e-10,7.733592e-12,0.01307388,0.023832953186367425,1.0,0.01385198,0.023634045747952664,0.01306641,0.023687653186367424,1.0119775879649633,2.094834e-09,3.932807e-11,0.01308332,0.023766333186367426,1.0,0.01501349,0.023356981193341755,0.01306641,0.023687653186367424,1.02382671097707
20,40,0.3274,90.0,0.113,13700.0,1100.4244635427453,13,0.9222,0.0228,0.05,0.0527,0.1715,12634.14,1061.7961334085662,0.0074,1.5707963267948966,0.5000000000000001,0.5000000000000001,0.9999999999999998,0.11027512895239351,0.9599259205289999,1.0467847656250002,0.2144,0.32,4.01341260817504,0.14038912000000003,0.15315812000000004,0.3913542129580312,0.952016800529,0.3142767751880121,9.603299486807793e-05,131560408.14259434,11458816.47296761,0.0002600163760182073,1438.5492575717203,18174832.717057172,1527446.0394074162,46.676451906337725,3.9227740198684122,0.0003320220331299169,"[0.340,0.428]",0.38,"[0.100,0.145]",0.12,0.0,0.0,0.0,0.0,8.0,0.9550704636078093,0.11028337121129994,0.31407547671079156,0.0,0.0,0.0,0.0,6.0,0.9607444672681305,0.1067856821730618,0.3134744124889538,6.542464e-10,7.733592e-12,0.01314183,0.023078652033129917,1.0,0.01365493,0.022591080445074685,0.01310894,0.022909622033129916,1.0003974323688134,2.094834e-09,3.932807e-11,0.01313715,0.022981832033129916,1.0,0.01443667,0.021876590188762392,0.01310894,0.022909622033129916,0.9931838045868373
20,40,0.3274,90.0,0.118,13100.0,1060.332966575908,13,0.9222,0.0228,0.05,0.0527,0.1715,12080.82,1022.4377600301932,0.0074,1.5707963267948966,0.5000000000000001,0.5000000000000001,0.9999999999999998,0.1152751289523935,0.9725086505289999,1.0467847656250002,0.2094,0.32,4.01341260817504,0.13711512000000003,0.15103912000000003,0.38863751748898356,0.964673530529,0.3121976161023929,0.00011265282334075661,107239389.49543652,9412395.847093612,0.0002600163760182073,1456.9246074960004,17600843.93672983,1489614.732221079,45.20233876775668,3.8256159762194213,0.0002624475473781762,"[0.340,0.428]",0.38,"[0.100,0.145]",0.12,0.0,0.0,0.0,0.0,9.0,0.9688045205774769,0.11681207741199573,0.31165153010983343,0.0,0.0,0.0,0.0,6.0,0.9607444672681305,0.1067856821730618,0.3134744124889538,6.542464e-10,7.733592e-12,0.01306825,0.022045357547378176,1.0,0.01330551,0.021287565144890296,0.01299336,0.021766797547378175,0.9910319599259648,2.094834e-09,3.932807e-11,0.01304949,0.021920327547378177,1.0,0.01443667,0.021876590188762392,0.01299336,0.021766797547378175,1.0285538305759347
20,40,0.3274,90.0,0.123,12900.0,1049.976190211667,13,0.9222,0.0228,0.05,0.0527,0.1715,11896.380000000001,1011.9724837502752,0.0074,1.5707963267948966,0.5000000000000001,0.5000000000000001,0.9999999999999998,0.1202751289523935,0.985091380529,1.0467847656250002,0.2044,0.32,4.01341260817504,0.13384112000000004,0.14897012000000004,0.38596647522809546,0.977330260529,0.3099742888391477,0.0001291454862079363,92116111.4438465,8130181.092981502,0.0002600163760182073,1476.8765068425434,17569484.1384715,1494558.3868218788,45.12180079868785,3.8383122282184403,0.0001641207440277435,"[0.340,0.428]",0.38,"[0.100,0.145]",0.12,0.0,0.0,0.0,0.0,10.0,0.984796302299891,0.12436348643357376,0.3086505016674612,0.0,0.0,0.0,0.0,7.0,0.9798197527924936,0.11695078631885043,0.309793363745447,6.542464e-10,7.733592e-12,0.01284797,0.02071580074402774,1.0,0.01273754,0.01947464302128233,0.01275571,0.020444290744027743,0.9677296015867467,2.094834e-09,3.932807e-11,0.01281794,0.020573080744027743,1.0,0.01357331,0.019851862111362632,0.01275571,0.020444290744027743,0.9954755045767785
20,40,0.3274,90.0,0.128,12300.0,1008.2410425805126,13,0.9222,0.0228,0.05,0.0527,0.1715,11343.06,971.1716779510397,0.0074,1.5707963267948966,0.5000000000000001,0.5000000000000001,0.9999999999999998,0.1252751289523935,0.997674110529,1.0467847656250002,0.1994,0.32,4.01341260817504,0.13056712000000004,0.14695112000000005,0.3833420404808218,0.989986990529,0.3076008124591137,0.00014550064947205503,77958827.27092952,6929460.770373786,0.0002600163760182073,1498.5282294390645,16997895.618221074,1455328.1750413368,43.65385198776732,3.73756152960368,8.209222834718701e-05,"[0.340,0.428]",0.38,"[0.100,0.145]",0.12,0.0,0.0,0.0,0.0,10.0,0.984796302299891,0.12436348643357376,0.3086505016674612,0.0,0.0,0.0,0.0,8.0,0.996513243767266,0.12584664657208827,0.30637665022800986,6.542464e-10,7.733592e-12,0.01252183,0.019305672228347188,1.0,0.01273754,0.01947464302128233,0.01239119,0.018947632228347187,1.0250549905161885,2.094834e-09,3.932807e-11,0.01248128,0.019148692228347187,1.0,0.01269079,0.01787957723231873,0.01239119,0.018947632228347187,0.9677801533068323
20,40,0.3274,90.0,0.133,12100.0,998.1212351000762,13,0.9222,0.0228,0.05,0.0527,0.1715,11158.62,960.9214402867008,0.0074,1.5707963267948966,0.5000000000000001,0.5000000000000001,0.9999999999999998,0.13027512895239352,1.010256840529,1.0467847656250002,0.1944,0.32,4.01341260817504,0.12729312000000004,0.14498212000000005,0.3807651769791981,1.002643720529,0.3050709998261026,0.00016170768088578626,69004885.47529976,6172379.874800423,0.0002600163760182073,1522.0161249713851,16983599.5724282,1462537.9269470866,43.6171370036852,3.756077553565184,3.564140708788267e-05,"[0.340,0.428]",0.38,"[0.100,0.145]",0.12,0.0,0.0,0.0,0.0,12.0,1.0092635063316036,0.1358142899032012,0.3036844329339291,0.0,0.0,0.0,0.0,8.0,0.996513243767266,0.12584664657208827,0.30637665022800986,6.542464e-10,7.733592e-12,0.01208763,0.017798361407087883,1.0,0.01167825,0.01674183403166553,0.01195274,0.017482811407087885,0.9662370284753433,2.094834e-09,3.932807e-11,0.01205789,0.017698371407087885,1.0,0.01269079,0.01787957723231873,0.01195274,0.017482811407087885,1.0297912429750493
20,40,0.3274,90.0,0.138,10900.0,898.6066993035373,13,0.9222,0.0228,0.05,0.0527,0.1715,10051.98,865.1576480683699,0.0074,1.5707963267948966,0.5000000000000001,0.5000000000000001,0.9999999999999998,0.13527512895239352,1.0228395705289999,1.0467847656250002,0.18939999999999999,0.32,4.01341260817504,0.12401912000000002,0.14306312000000002,0.3782368570089383,1.015300450529,0.30237845431190546,0.00017775566606585143,56549421.02535364,5055291.452541598,0.0002600163760182073,1547.4913679420856,15555352.280726485,1338823.9922948792,39.94912436998947,3.4383564712952963,1.4477010955254206e-05,"[0.340,0.428]",0.38,"[0.100,0.145]",0.12,0.0,0.0,0.0,0.0,12.0,1.0092635063316036,0.1358142899032012,0.3036844329339291,0.0,0.0,0.0,0.0,9.0,1.016174413242903,0.13632396472769806,0.30213880531440007,6.542464e-10,7.733592e-12,0.01159856,0.016362077010955253,1.0,0.01167825,0.01674183403166553,0.01145673,0.016057307010955254,1.032809705285249,2.094834e-09,3.932807e-11,0.01154494,0.01620030701095525,1.0,0.01156891,0.01568826733322986,0.01145673,0.016057307010955254,0.9865298796904212
20,40,0.3274,90.0,0.143,9860.0,831.9939903496561,13,0.9222,0.0228,0.05,0.0527,0.1715,9092.892,799.5211060584967,0.0074,1.5707963267948966,0.5000000000000001,0.5000000000000001,0.9999999999999998,0.1402751289523935,1.035422300529,1.0467847656250002,0.1844,0.32,4.01341260817504,0.12074512000000004,0.14119412000000003,0.37575806045912047,1.027957180529,0.29951656692465245,0.0001936334274708866,46959309.240999445,4296747.732127755,0.0002600163760182073,1575.1219920893554,14322414.160893364,1259343.277292344,36.78270310219585,3.234234770201705,5.728414348064647e-06,"[0.340,0.428]",0.38,"[0.100,0.145]",0.12,0.0,0.0,0.0,0.0,13.0,1.0235841221347433,0.14246014103655724,0.30056568869322114,0.0,0.0,0.0,0.0,9.0,1.016174413242903,0.13632396472769806,0.30213880531440007,6.542464e-10,7.733592e-12,0.01106842,0.014992738414348065,1.0,0.01100277,0.015251807605785076,0.0108886,0.014627428414348064,1.0310119782502378,2.094834e-09,3.932807e-11,0.01100957,0.014834468414348064,1.0,0.01156891,0.01568826733322986,0.0108886,0.014627428414348064,1.0626988443341239
20,40,0.3274,90.0,0.148,8510.0,732.6830829408665,13,0.9222,0.0228,0.05,0.0527,0.1715,7847.9220000000005,702.987044983167,0.0074,1.5707963267948966,0.5000000000000001,0.5000000000000001,0.9999999999999998,0.1452751289523935,1.048005030529,1.0467847656250002,0.1794,0.32,4.01341260817504,0.11747112000000004,0.13937512000000005,0.37332977379255466,1.040613910529,0.2964785139296882,0.00020932954638362177,37490751.47575074,3500141.7410905575,0.0002600163760182073,1605.095265944912,12596662.449704926,1128361.1779230842,32.350642130654215,2.897847648681594,2.21053205753266e-06,"[0.340,0.428]",0.38,"[0.100,0.145]",0.12,0.0,0.0,0.0,0.0,14.0,1.0391504802248652,0.14963806264476653,0.29699596039509235,0.0,0.0,0.0,0.0,10.0,1.0361021086002835,0.146943312911745,0.297630360511435,6.542464e-10,7.733592e-12,0.01048456,0.013652650532057532,1.0,0.01025872,0.013778772370461429,0.01032815,0.013382320532057533,1.0181502307728407,2.094834e-09,3.932807e-11,0.0104573,0.013579260532057533,1.0,0.01047258,0.013871189047599078,0.01032815,0.013382320532057533,1.027236780571555
20,40,0.3274,90.0,0.153,8600.0,742.4796293223122,13,0.9222,0.0228,0.05,0.0527,0.1715,7930.92,712.237043538617,0.0074,1.5707963267948966,0.5000000000000001,0.5000000000000001,0.9999999999999998,0.1502751289523935,1.060587760529,1.0467847656250002,0.1744,0.32,4.01341260817504,0.11419712000000004,0.13760612000000005,0.37095298893525586,1.053270640529,0.29325725503875927,0.00022483238802291648,35274811.025854625,3302369.5378204742,0.0002600163760182073,1637.62047797138,12987837.001152778,1166373.9676686325,33.35525331040406,2.995471774306619,8.500287394785264e-07,"[0.340,0.428]",0.38,"[0.100,0.145]",0.12,0.0,0.0,0.0,0.0,15.0,1.0539720005162208,0.15642878611173405,0.2934211451138114,0.0,0.0,0.0,0.0,11.0,1.0535088308888616,0.1562192498131469,0.2935356780259986,6.542464e-10,7.733592e-12,0.009918681,0.012512630028739478,1.0,0.009572368,0.012577363808615783,0.009769862,0.012281520028739478,1.0112919381736845,2.094834e-09,3.932807e-11,0.009857814,0.012378250028739478,1.0,0.009596297,0.012617109954632074,0.009769862,0.012281520028739478,1.014005507976126
20,40,0.3274,90.0,0.158,7150.0,634.2724178081623,13,0.9222,0.0228,0.05,0.0527,0.1715,6593.7300000000005,607.2182256854917,0.0074,1.5707963267948966,0.5000000000000001,0.5000000000000001,0.9999999999999998,0.1552751289523935,1.073170490529,1.0467847656250002,0.1694,0.32,4.01341260817504,0.11092312000000003,0.13588712000000003,0.3686287020838177,1.065927370529,0.2898455322503401,0.00024013012989294868,27458986.520931467,2641369.5694535477,0.0002600163760182073,1672.9322158697285,11030863.339746706,1015834.9318125144,28.329370078870223,2.60885869364976,3.265389236874875e-07,"[0.340,0.428]",0.38,"[0.100,0.145]",0.12,0.0,0.0,0.0,0.0,16.0,1.0680360263199464,0.1628337279423674,0.289868388863171,0.0,0.0,0.0,0.0,12.0,1.0766199726001868,0.16853503728189279,0.2879022623066869,6.542464e-10,7.733592e-12,0.009362622,0.011527786538923687,1.0,0.008957236,0.011641608729639564,0.009172593,0.011259016538923687,1.0179319145402161,2.094834e-09,3.932807e-11,0.009299817,0.011406436538923688,1.0,0.008521279,0.011350743212522309,0.009172593,0.011259016538923687,0.9913060047007022
20,40,0.3274,90.0,0.163,6870.0,615.5229483545368,13,0.9222,0.0228,0.05,0.0527,0.1715,6335.514,588.850259629662,0.0074,1.5707963267948966,0.5000000000000001,0.5000000000000001,0.9999999999999998,0.16027512895239351,1.085753220529,1.0467847656250002,0.1644,0.32,4.01341260817504,0.10764912000000003,0.13421812000000002,0.36635791242990784,1.078584100529,0.28623586943134405,0.00025521079345488184,24824631.882663857,2411821.772982159,0.0002600163760182073,1711.294245216758,10841928.648690205,1007696.0605986344,27.844149600760346,2.587956513327076,1.254312209391513e-07,"[0.340,0.428]",0.38,"[0.100,0.145]",0.12,0.0,0.0,0.0,0.0,17.0,1.082240705343815,0.16926512816706907,0.28611917434554784,0.0,0.0,0.0,0.0,12.0,1.0766199726001868,0.16853503728189279,0.2879022623066869,6.542464e-10,7.733592e-12,0.008828503,0.01070838543122094,1.0,0.008374354,0.010896620684390814,0.008632794,0.01047852543122094,1.0210556870818626,2.094834e-09,3.932807e-11,0.008762279,0.010600215431220939,1.0,0.008521279,0.011350743212522309,0.008632794,0.01047852543122094,1.0520519740682892
20,40,0.3274,90.0,0.168,6500.0,590.0423713684435,13,0.9222,0.0228,0.05,0.0527,0.1715,5994.3,563.9577965190183,0.0074,1.5707963267948966,0.5000000000000001,0.5000000000000001,0.9999999999999998,0.16527512895239352,1.098335950529,1.0467847656250002,0.1594,0.32,4.01341260817504,0.10437512000000003,0.13259912000000004,0.36414162080157775,1.091240830529,0.2824205727382515,0.0002700622791804886,22195991.30315373,2184838.153476832,0.0002600163760182073,1753.004118967328,10508032.590325855,988620.3402215773,26.98664056325858,2.538966409339884,4.819426165896649e-08,"[0.340,0.428]",0.38,"[0.100,0.145]",0.12,0.0,0.0,0.0,0.0,18.0,1.1025158838249856,0.17838087825636706,0.28048280609288956,0.0,0.0,0.0,0.0,13.0,1.114341661833348,0.18863669705104372,0.27831404323073416,6.542464e-10,7.733592e-12,0.008255739,0.00997643519426166,1.0,0.007560256,0.01012075512158948,0.008119531,0.009865861194261659,1.0059817421412365,2.094834e-09,3.932807e-11,0.008196485,0.00988690519426166,1.0,0.007095128,0.010432210572656848,0.008119531,0.009865861194261659,1.0207426400085258
20,40,0.3674,90.0,0.0575,3880.0,298.65699391245636,14,0.9074,0.0296,0.05,0.0534,0.1837,3520.712,294.3328017865487,0.0074,1.5707963267948966,0.5000000000000001,0.5000000000000001,0.9999999999999998,0.05405500194578589,0.7704576175290001,1.041533641975309,0.3099,0.36,4.01341260817504,0.22771452000000006,0.23102077000000007,0.48064620044269574,0.7605430975290001,0.3301377591376291,-0.00013052297647223306,-26973886.860057794,-2288156.476235366,0.00020544503784154656,1653.9415185249618,5823051.751569055,486809.241138551,14.95471233554428,1.2502193822251322,6.48149074575646e-05,"[0.428,0.523]",0.475,"[0.206,0.322]",0.265,0.0,0.0,0.0,0.0,0.0,0.7466485253811087,0.047766312289884594,0.3310785225990314,0.0,0.0,0.0,0.0,5.0,0.7657250222139123,0.08013062279577066,0.32803451002080375,2.48078e-11,4.147426e-14,0.003523976,0.007775120907457565,1.0,0.003043552,0.006048932010562647,0.003588124,0.008098249907457564,0.7676948827121842,8.328633e-12,5.725275e-15,0.003571629,0.008001997907457564,1.0,0.003095441,0.009777141590965932,0.003588124,0.008098249907457564,1.137920169115722
20,40,0.3674,90.0,0.0625,4620.0,355.0253511805151,14,0.9074,0.0296,0.05,0.0534,0.1837,4192.188,349.9739052599648,0.0074,1.5707963267948966,0.5000000000000001,0.5000000000000001,0.9999999999999998,0.05905500194578589,0.7834403475289999,1.041533641975309,0.3049,0.36,4.01341260817504,0.22404052000000005,0.22794677000000005,0.477437713215033,0.7735998275289999,0.3295033050704947,-0.00011618908448414404,-36080738.725263774,-3055582.654401277,0.00020544503784154656,1660.26671129012,6960150.183869906,581050.0247233218,17.874998927136996,1.4922477668100322,7.682644869394405e-05,"[0.428,0.523]",0.475,"[0.206,0.322]",0.265,0.0,0.0,0.0,0.0,1.0,0.7705031775798628,0.059789211277364585,0.3297938032014408,0.0,0.0,0.0,0.0,6.0,0.777675888977065,0.08649916732553582,0.3271749493470448,2.48078e-11,4.147426e-14,0.003916593,0.009381732448693943,1.0,0.003990069,0.0092226750179129,0.00397234,0.009731379448693943,0.9587901818734554,8.328633e-12,5.725275e-15,0.003956093,0.009618216448693944,1.0,0.003500472,0.011102978897432772,0.00397234,0.009731379448693943,1.0949088107816216
20,40,0.3674,90.0,0.0675,5220.0,401.1122037215664,14,0.9074,0.0296,0.05,0.0534,0.1837,4736.628,395.40807608603296,0.0074,1.5707963267948966,0.5000000000000001,0.5000000000000001,0.9999999999999998,0.0640550019457859,0.7964230775290001,1.041533641975309,0.2999,0.36,4.01341260817504,0.22036652000000007,0.22492277000000008,0.4742602344704857,0.7866565575290001,0.32880118570232836,-0.00010187202257625866,-46495866.87507149,-3937412.7810342098,0.00020544503784154656,1667.2984207105133,7897372.3838931965,659263.2607944253,20.281965066851896,1.6931143392151629,8.924373119178136e-05,"[0.428,0.523]",0.475,"[0.206,0.322]",0.265,0.0,0.0,0.0,0.0,2.0,0.7888204129114524,0.06892380942279208,0.3286214171676922,0.0,0.0,0.0,0.0,7.0,0.7885996612903665,0.09232037944253245,0.3263361506128242,2.48078e-11,4.147426e-14,0.004334931,0.011071543731191782,1.0,0.004479883,0.011758782080288181,0.004420278,0.011440253731191782,1.025541174002249,8.328633e-12,5.725275e-15,0.004391788,0.011312193731191782,1.0,0.003867112,0.012305182530235964,0.004420278,0.011440253731191782,1.0439761282262938
20,40,0.3674,90.0,0.0725,5890.0,452.5367388154382,14,0.9074,0.0296,0.05,0.0534,0.1837,5344.586,446.110228229155,0.0074,1.5707963267948966,0.5000000000000001,0.5000000000000001,0.9999999999999998,0.06905500194578588,0.809405807529,1.041533641975309,0.2949,0.36,4.01341260817504,0.21669252000000006,0.22194877000000005,0.47111439162903956,0.7997132875290001,0.32802873237299396,-8.757571525475202e-05,-61028174.12855778,-5167377.023402418,0.00020544503784154656,1675.0735243247138,8952574.507076526,747267.4322371131,22.99192624894343,1.9191259091619168,0.00010194908845250947,"[0.428,0.523]",0.475,"[0.206,0.322]",0.265,0.0,0.0,0.0,0.0,3.0,0.801563099819252,0.0752298859452013,0.32771215201806886,0.0,0.0,0.0,0.0,8.0,0.7982658549181636,0.09747143549327518,0.32555228104294326,2.48078e-11,4.147426e-14,0.004877632,0.01280523908845251,1.0,0.005014322,0.0135131684709887,0.004996084,0.01318424908845251,1.0217847094170356,8.328633e-12,5.725275e-15,0.004953692,0.013044399088452509,1.0,0.004182004,0.013327064514173493,0.004996084,0.01318424908845251,0.9848650910484191
20,40,0.3674,90.0,0.0775,6360.0,488.5990175950606,14,0.9074,0.0296,0.05,0.0534,0.1837,5771.064,481.6676806801621,0.0074,1.5707963267948966,0.5000000000000001,0.5000000000000001,0.9999999999999998,0.07405500194578589,0.8223885375290001,1.041533641975309,0.2899,0.36,4.01341260817504,0.21301852000000004,0.21902477000000004,0.4680008226488497,0.812770017529,0.32718318266142565,-7.330427354351559e-05,-78727524.61797641,-6665355.155658336,0.00020544503784154656,1683.6315537690218,9716345.449220467,810950.9056238624,24.95343633288396,2.0826772677378567,0.00011483256271006851,"[0.428,0.523]",0.475,"[0.206,0.322]",0.265,0.0,0.0,0.0,0.0,4.0,0.8109080135120526,0.07982965372017004,0.32699701471296355,0.0,0.0,0.0,0.0,9.0,0.8079658062037602,0.10264048079544025,0.3247269911204241,2.48078e-11,4.147426e-14,0.005521349,0.014540652562710069,1.0,0.005445718,0.014754980500640403,0.005657982,0.014933622562710068,0.9836403268329496,8.328633e-12,5.725275e-15,0.005606335,0.014772722562710068,1.0,0.004486175,0.014307914818022413,0.005657982,0.014933622562710068,0.9335264018184439
20,40,0.3674,90.0,0.0825,6970.0,550.8361825775905,14,0.9074,0.0296,0.05,0.0534,0.1837,6324.5779999999995,540.7341516316117,0.0074,1.5707963267948966,0.5000000000000001,0.5000000000000001,0.9999999999999998,0.0790550019457859,0.8353712675290001,1.041533641975309,0.2849,0.36,4.01341260817504,0.20934452000000006,0.21615077000000008,0.46492017594421525,0.8258267475290001,0.3262616776607341,-5.9061998305944085e-05,-107083711.71659942,-9326406.121991195,0.00020544503784154656,1693.0149343707772,10707605.00759286,915470.9942366309,27.49918075999186,2.3511048766919367,0.0001277830618786175,"[0.428,0.523]",0.475,"[0.206,0.322]",0.265,0.0,0.0,0.0,0.0,5.0,0.8219876509108726,0.08525650661467121,0.32609657185590346,0.0,0.0,0.0,0.0,10.0,0.8194007088934154,0.10873407119485236,0.3237051624258977,2.48078e-11,4.147426e-14,0.006206894,0.016234403061878615,1.0,0.005953696,0.016156720304222508,0.006348412,0.016617373061878615,0.9660743547952021,8.328633e-12,5.725275e-15,0.006293781,0.016468153061878616,1.0,0.004825792,0.015386535388110233,0.006348412,0.016617373061878615,0.901275376645855
20,40,0.3674,90.0,0.0875,7500.0,592.4069547426949,14,0.9074,0.0296,0.05,0.0534,0.1837,6805.5,581.5875501982601,0.0074,1.5707963267948966,0.5000000000000001,0.5000000000000001,0.9999999999999998,0.08405500194578588,0.8483539975289999,1.041533641975309,0.2799,0.36,4.01341260817504,0.20567052000000005,0.21332677000000005,0.46187311028030203,0.8388834775289998,0.3252612592347032,-4.485338317481568e-05,-151727685.14418682,-13207631.460792908,0.00020544503784154656,1703.2692507542888,11591598.886008313,990600.1908742129,29.769446373640754,2.5440510450671083,0.00014066278541002174,"[0.428,0.523]",0.475,"[0.145,0.206]",0.16,0.0,0.0,0.0,0.0,6.0,0.8351994405565187,0.0916903200053868,0.32494887192179056,0.0,0.0,0.0,0.0,2.0,0.8431689225290001,0.06544614413928573,0.32748875373394803,2.48078e-11,4.147426e-14,0.00689696,0.017858452785410022,1.0,0.00653103,0.017698901934716526,0.00703618,0.018205472785410022,0.9645374549442064,5.512642e-10,5.581626e-12,0.006980551,0.018058982785410023,1.0,0.00915674,0.01807197839313054,0.00703618,0.018205472785410022,1.0465825414161525
20,40,0.3674,90.0,0.0925,8040.0,635.0566903798154,14,0.9074,0.0296,0.05,0.0534,0.1837,7295.496,623.458863788592,0.0074,1.5707963267948966,0.5000000000000001,0.5000000000000001,0.9999999999999998,0.08905500194578589,0.8613367275289999,1.041533641975309,0.2749,0.36,4.01341260817504,0.20199652000000004,0.21055277000000003,0.45886029464315176,0.8519402075289999,0.3241788672629329,-3.068311703755643e-05,-237769063.39307845,-20697267.80374041,0.00020544503784154656,1714.443541783025,12507716.001303893,1068885.0225897343,32.122210612980105,2.7451014888016427,0.00015323183614148015,"[0.428,0.523]",0.475,"[0.145,0.206]",0.16,0.0,0.0,0.0,0.0,7.0,0.8473855978819633,0.09758924850699302,0.32381944274961816,0.0,0.0,0.0,0.0,3.0,0.855479877529,0.0720065775099571,0.3262843046119403,2.48078e-11,4.147426e-14,0.007570382,0.019338571836141478,1.0,0.00702852,0.01898946191361994,0.007704675,0.01965416183614148,0.9566836783215577,5.512642e-10,5.581626e-12,0.007650021,0.01951688183614148,1.0,0.00967017,0.019917656442857992,0.007704675,0.01965416183614148,1.0546066170634794
20,40,0.3674,90.0,0.0975,8700.0,686.6403716914502,14,0.9074,0.0296,0.05,0.0534,0.1837,7894.38,674.1788823458603,0.0074,1.5707963267948966,0.5000000000000001,0.5000000000000001,0.9999999999999998,0.0940550019457859,0.8743194575289999,1.041533641975309,0.2699,0.36,4.01341260817504,0.19832252000000003,0.20782877000000002,0.4558824080834882,0.8649969375289999,0.32301133688282974,-1.6556086021299437e-05,-476826466.7049848,-41473592.9016125,0.00020544503784154656,1726.590628654074,13630362.527034149,1164030.94029484,35.005381940157534,2.98945443119097,0.0001649329482358728,"[0.428,0.523]",0.475,"[0.145,0.206]",0.16,0.0,0.0,0.0,0.0,9.0,0.8676070538225477,0.10730437820906757,0.3217965048990235,0.0,0.0,0.0,0.0,4.0,0.8673723325289999,0.07834399476484984,0.3250212117268651,2.48078e-11,4.147426e-14,0.008214985,0.02064839294823587,1.0,0.007758984,0.02072104789557842,0.008343194,0.020943962948235872,0.9813892137916249,5.512642e-10,5.581626e-12,0.008289383,0.020799642948235872,1.0,0.01029623,0.021411062126403153,0.008343194,0.020943962948235872,1.0580746985573275
20,40,0.3674,90.0,0.103,9440.0,744.6260806978721,14,0.9074,0.0296,0.05,0.0534,0.1837,8565.856,731.1721604720435,0.0074,1.5707963267948966,0.5000000000000001,0.5000000000000001,0.9999999999999998,0.09955500194578588,0.8886004605289999,1.041533641975309,0.2644,0.36,4.01341260817504,0.19428112000000008,0.2048901200000001,0.45264789848181125,0.8793593405289999,0.3216248097709809,-1.0723631188994661e-06,-7987831592.707962,-694378674.1398374,0.00020544503784154656,1741.144129696027,14914389.890221491,1273076.11500306,38.303010171309694,3.2695033280432413,0.00017501477105553428,"[0.428,0.523]",0.475,"[0.145,0.206]",0.16,0.0,0.0,0.0,0.0,10.0,0.8786820607286365,0.11258715279324216,0.3206103748672069,0.0,0.0,0.0,0.0,5.0,0.879783049029,0.0849575904347668,0.3236013043275815,2.48078e-11,4.147426e-14,0.008877741,0.021866134771055534,1.0,0.008101541,0.02142880883922341,0.008990032,0.022074274771055533,0.9599736851956856,5.512642e-10,5.581626e-12,0.008944509,0.02198053477105553,1.0,0.01087772,0.02261266971779298,0.008990033,0.022074274771055533,1.0554093813388397
20,40,0.3674,90.0,0.108,9480.0,750.2806141808408,14,0.9074,0.0296,0.05,0.0534,0.1837,8602.152,736.3666158584241,0.0074,1.5707963267948966,0.5000000000000001,0.5000000000000001,0.9999999999999998,0.10455500194578589,0.9015831905289999,1.041533641975309,0.2594,0.36,4.01341260817504,0.19060712000000007,0.20227112000000008,0.44974561698809257,0.8924160705289998,0.32026770557226175,1.2947085062133357e-05,664408394.5319024,57949770.97780906,0.00020544503784154656,1755.5249736778492,15101292.663372857,1292709.983922107,38.78301229501416,3.319926864402679,0.00017748112054784398,"[0.428,0.523]",0.475,"[0.145,0.206]",0.16,0.0,0.0,0.0,0.0,11.0,0.8890261900213194,0.1174974248658035,0.31945278952307693,0.0,0.0,0.0,0.0,6.0,0.8932040540289999,0.09210956272854484,0.3219520965953203,2.48078e-11,4.147426e-14,0.009418914,0.022685361120547844,1.0,0.008380378,0.021921513320160856,0.009515057,0.02282888112054784,0.9467012543055652,5.512642e-10,5.581626e-12,0.009477584,0.022765401120547844,1.0,0.01136704,0.02352573814142207,0.009515057,0.02282888112054784,1.0584387878718269
20,40,0.3674,90.0,0.113,9680.0,767.8645713706115,14,0.9074,0.0296,0.05,0.0534,0.1837,8783.632,753.3745597299577,0.0074,1.5707963267948966,0.5000000000000001,0.5000000000000001,0.9999999999999998,0.1095550019457859,0.914565920529,1.041533641975309,0.2544,0.36,4.01341260817504,0.18693312000000004,0.19970212000000004,0.446880431435524,0.9054728005289999,0.31881495663179305,2.6906885851486315e-05,326445507.23861635,28537846.24533929,0.00020544503784154656,1771.0705951428665,15556432.353755927,1334279.5298664311,39.951898204422996,3.4266854212623272,0.00016547378096668075,"[0.428,0.523]",0.475,"[0.145,0.206]",0.16,0.0,0.0,0.0,0.0,13.0,0.9114376128340671,0.12805838040389073,0.31678067785433867,0.0,0.0,0.0,0.0,7.0,0.9064525725289999,0.09916961801096263,0.32021183532447617,2.48078e-11,4.147426e-14,0.009889067,0.02321492378096668,1.0,0.008838633,0.022471628638747954,0.009969134,0.02331654378096668,0.9541636227718796,5.512642e-10,5.581626e-12,0.009938129,0.02325762378096668,1.0,0.01169619,0.024013572897685038,0.009969134,0.02331654378096668,1.054828203880502
20,40,0.3674,90.0,0.118,9880.0,785.9211156439909,14,0.9074,0.0296,0.05,0.0534,0.1837,8965.112,770.7797139748484,0.0074,1.5707963267948966,0.5000000000000001,0.5000000000000001,0.9999999999999998,0.11455500194578588,0.927548650529,1.041533641975309,0.24939999999999998,0.36,4.01341260817504,0.18325912000000003,0.19718312000000002,0.4440530598926214,0.918529530529,0.31726294011744915,4.0801336579932075e-05,219725939.18429238,19262141.427752692,0.00020544503784154656,1787.8536403899113,16028308.125703277,1378041.3175686274,41.16376557717716,3.539074074892129,0.000131135675164971,"[0.428,0.523]",0.475,"[0.145,0.206]",0.16,0.0,0.0,0.0,0.0,14.0,0.9225926852299333,0.1332761986978167,0.31536720832350734,0.0,0.0,0.0,0.0,8.0,0.9213039313308644,0.10708381718426534,0.3181332653843261,2.48078e-11,4.147426e-14,0.01027985,0.02346355567516497,1.0,0.008981588,0.022470936622143525,0.01033003,0.02344758567516497,0.9456436719094964,5.512642e-10,5.581626e-12,0.01031729,0.02346434567516497,1.0,0.01188117,0.024072643011176,0.01033003,0.02344758567516497,1.0495120322947826
20,40,0.3674,90.0,0.123,9960.0,794.6269565196914,14,0.9074,0.0296,0.05,0.0534,0.1837,9037.704,778.9875771378942,0.0074,1.5707963267948966,0.5000000000000001,0.5000000000000001,0.9999999999999998,0.11955500194578589,0.940531380529,1.041533641975309,0.24439999999999998,0.36,4.01341260817504,0.17958512000000001,0.19471412000000002,0.44126422923232744,0.931586260529,0.31560791472453303,5.462453723588425e-05,165451360.45679674,14547069.81018927,0.00020544503784154656,1805.952917183489,16321667.903440887,1406814.8873818782,41.91716968108247,3.6129701139077395,8.220814059717355e-05,"[0.428,0.523]",0.475,"[0.145,0.206]",0.16,0.0,0.0,0.0,0.0,15.0,0.9343442838841287,0.1387457017336925,0.31381827984733063,0.0,0.0,0.0,0.0,9.0,0.9372805488308645,0.11559765990381504,0.3157527230063645,2.48078e-11,4.147426e-14,0.0105686,0.023358108140597172,1.0,0.009071045,0.022290966251343605,0.01059164,0.023262378140597173,0.9422036422246562,5.512642e-10,5.581626e-12,0.01059437,0.023321958140597173,1.0,0.01187207,0.023581073794244886,0.01059164,0.023262378140597173,1.035730456295572
20,40,0.3674,90.0,0.128,9990.0,799.2975040461719,14,0.9074,0.0296,0.05,0.0534,0.1837,9064.926,783.2468579267295,0.0074,1.5707963267948966,0.5000000000000001,0.5000000000000001,0.9999999999999998,0.12455500194578589,0.9535141105289999,1.041533641975309,0.23939999999999997,0.36,4.01341260817504,0.17591112,0.19229512,0.43851467478295414,0.944642990529,0.31384601814347074,6.837039288084531e-05,132585547.8964146,11690696.372612238,0.00020544503784154656,1825.4540501551041,16547605.881056307,1429781.1490736078,42.49742168725824,3.6719518732455474,4.121719445870947e-05,"[0.428,0.523]",0.475,"[0.145,0.206]",0.16,0.0,0.0,0.0,0.0,16.0,0.9435112193676365,0.1429930261784037,0.3125674044900713,0.0,0.0,0.0,0.0,9.0,0.9372805488308645,0.11559765990381504,0.3157527230063645,2.48078e-11,4.147426e-14,0.0107535,0.02296937719445871,1.0,0.009100042,0.022039012882284596,0.01075475,0.02283531719445871,0.943595065328051,5.512642e-10,5.581626e-12,0.01077622,0.02294396719445871,1.0,0.01187207,0.023581073794244886,0.01075475,0.02283531719445871,1.0420953753682063
20,40,0.3674,90.0,0.133,9460.0,748.5679661901431,14,0.9074,0.0296,0.05,0.0534,0.1837,8584.003999999999,734.7042265606065,0.0074,1.5707963267948966,0.5000000000000001,0.5000000000000001,0.9999999999999998,0.1295550019457859,0.966496840529,1.041533641975309,0.23439999999999997,0.36,4.01341260817504,0.17223712,0.18992612,0.43580513994215353,0.957699720529,0.31197326461788727,8.203261702491055e-05,104641352.56581324,9125247.899415767,0.00020544503784154656,1846.4502205913827,15849936.07935731,1356594.781202253,40.70567199401648,3.4839952613015583,1.793505722412821e-05,"[0.428,0.523]",0.475,"[0.145,0.206]",0.16,0.0,0.0,0.0,0.0,17.0,0.952935903916311,0.1473424493725256,0.31124241916337736,0.0,0.0,0.0,0.0,10.0,0.9517388905603885,0.12330242265917728,0.3134753400296215,2.48078e-11,4.147426e-14,0.01084036,0.022372705057224128,1.0,0.009092119,0.021677530833547093,0.01080187,0.02211859505722413,0.9523011761677335,5.512642e-10,5.581626e-12,0.01084049,0.022265495057224128,1.0,0.01169954,0.02272371263563623,0.01080187,0.02211859505722413,1.0349501911699066
20,40,0.3674,90.0,0.138,9200.0,734.958502228122,14,0.9074,0.0296,0.05,0.0534,0.1837,8348.08,720.357957031435,0.0074,1.5707963267948966,0.5000000000000001,0.5000000000000001,0.9999999999999998,0.1345550019457859,0.979479570529,1.041533641975309,0.22939999999999997,0.36,4.01341260817504,0.16856312,0.18760712000000002,0.4331363757524875,0.9707564505290001,0.3099855426125134,9.560473603188266e-05,87318686.77735847,7687469.603838717,0.00020544503784154656,1869.0430034909318,15602920.516582578,1346379.9995986249,40.07128871162451,3.4577617454459753,7.3002782056464986e-06,"[0.428,0.523]",0.475,"[0.145,0.206]",0.16,0.0,0.0,0.0,0.0,18.0,0.9659562254018129,0.1533227243420353,0.30934696458666244,0.0,0.0,0.0,0.0,11.0,0.9659727794565387,0.13088757585880584,0.3111247828675549,2.48078e-11,4.147426e-14,0.01081245,0.02150713027820565,1.0,0.009034642,0.021068618959243925,0.01075847,0.021244550278205647,0.9602199452460775,5.512642e-10,5.581626e-12,0.01080123,0.021373900278205647,1.0,0.01140291,0.021661922131231266,0.01075847,0.021244550278205647,1.0251396914752973
20,40,0.3674,90.0,0.143,8940.0,717.7868764643699,14,0.9074,0.0296,0.05,0.0534,0.1837,8112.156,703.0244366263761,0.0074,1.5707963267948966,0.5000000000000001,0.5000000000000001,0.9999999999999998,0.13955500194578588,0.992462300529,1.041533641975309,0.2244,0.36,4.01341260817504,0.16488912000000003,0.18533812000000002,0.430509140437227,0.983813180529,0.307878612612287,0.00010908009462310494,74368802.37434001,6580365.363125849,0.00020544503784154656,1893.3433170662302,15359096.34959872,1331066.6188208007,39.44510154495288,3.418434050246408,2.8962617915954922e-06,"[0.428,0.523]",0.475,"[0.145,0.206]",0.16,0.0,0.0,0.0,0.0,20.0,0.9899603021060378,0.1642628507123648,0.30565462733051346,0.0,0.0,0.0,0.0,12.0,0.9794375475421591,0.1380628692359042,0.30880715394203123,2.48078e-11,4.147426e-14,0.01070271,0.020518306261791595,1.0,0.008742697,0.01950686406150105,0.01060506,0.020146126261791596,0.9426322634816967,5.512642e-10,5.581626e-12,0.01067915,0.020360266261791594,1.0,0.01101681,0.020491353009698707,0.01060506,0.020146126261791596,1.019262373830492
20,40,0.3674,90.0,0.148,8740.0,705.3637359272685,14,0.9074,0.0296,0.05,0.0534,0.1837,7930.6759999999995,690.3535260466144,0.0074,1.5707963267948966,0.5000000000000001,0.5000000000000001,0.9999999999999998,0.14455500194578588,1.005445030529,1.041533641975309,0.21939999999999998,0.36,4.01341260817504,0.16121512000000002,0.18311912000000002,0.4279241988950847,0.996869910529,0.30564810507605833,0.00012245186254795622,64765662.4814023,5760334.887932183,0.00020544503784154656,1919.4725026314863,15222714.509279465,1325114.610341166,39.09484685432317,3.403148152330822,1.1221784353381447e-06,"[0.340,0.428]",0.38,"[0.145,0.206]",0.16,0.0,0.0,0.0,0.0,11.0,0.9978520713365624,0.13048893389199756,0.30605721390893803,0.0,0.0,0.0,0.0,13.0,0.9912715276460087,0.14436912557273238,0.3066985519872109,6.542464e-10,7.733592e-12,0.01048953,0.019338342178435337,1.0,0.0121896,0.017980321771356028,0.01039054,0.018999072178435338,0.9968942234877036,5.512642e-10,5.581626e-12,0.01045786,0.019168572178435338,1.0,0.01064085,0.019469235158698427,0.01039054,0.018999072178435338,1.0214923885509677
20,40,0.3674,90.0,0.153,8550.0,693.6227360360336,14,0.9074,0.0296,0.05,0.0534,0.1837,7758.2699999999995,678.369645234905,0.0074,1.5707963267948966,0.5000000000000001,0.5000000000000001,0.9999999999999998,0.1495550019457859,1.018427760529,1.041533641975309,0.21439999999999998,0.36,4.01341260817504,0.15754112,0.18095012,0.4253823221526724,1.009926640529,0.3032895185704889,0.00013571304248695835,57166723.68277019,5110951.190285848,0.00020544503784154656,1947.563556161896,15109723.910864152,1321167.9986659754,38.80466535362353,3.3930124975538107,4.3254128233397183e-07,"[0.340,0.428]",0.38,"[0.145,0.206]",0.16,0.0,0.0,0.0,0.0,12.0,1.0092635063316036,0.1358142899032012,0.3036844329339291,0.0,0.0,0.0,0.0,14.0,1.0033982755289999,0.15083139608621363,0.3044718039745159,6.542464e-10,7.733592e-12,0.01022905,0.018152752541282333,1.0,0.01167825,0.01674183403166553,0.01008457,0.017725812541282332,0.9928177498947132,5.512642e-10,5.581626e-12,0.01018724,0.017971572541282333,1.0,0.01020248,0.01834299825554006,0.01008457,0.017725812541282332,1.0259516141321072
20,40,0.3674,90.0,0.158,7940.0,649.7284047732513,14,0.9074,0.0296,0.05,0.0534,0.1837,7204.756,634.6821766524998,0.0074,1.5707963267948966,0.5000000000000001,0.5000000000000001,0.9999999999999998,0.1545550019457859,1.031410490529,1.041533641975309,0.20939999999999998,0.36,4.01341260817504,0.15386712000000002,0.17883112,0.42288428677358064,1.022983370529,0.3007982181120552,0.00014885647925057146,48400687.93963727,4364797.609377538,0.00020544503784154656,1977.7625368726265,14249296.504108278,1255250.6318040886,36.59492295348338,3.2237240726191647,1.6656139343609608e-07,"[0.340,0.428]",0.38,"[0.145,0.206]",0.16,0.0,0.0,0.0,0.0,13.0,1.0235841221347433,0.14246014103655724,0.30056568869322114,0.0,0.0,0.0,0.0,15.0,1.016455005529,0.15778924843835432,0.3020036656802231,6.542464e-10,7.733592e-12,0.009885095,0.016876576561393436,1.0,0.01100277,0.015251807605785076,0.009757311,0.016523026561393435,0.9715357207550559,5.512642e-10,5.581626e-12,0.009839439,0.016698106561393436,1.0,0.009727274,0.017209786574754627,0.009757311,0.016523026561393435,1.0274940774129637
20,40,0.3674,90.0,0.163,7420.0,613.0016312978006,14,0.9074,0.0296,0.05,0.0534,0.1837,6732.907999999999,598.0289059421447,0.0074,1.5707963267948966,0.5000000000000001,0.5000000000000001,0.9999999999999998,0.1595550019457859,1.044393220529,1.041533641975309,0.20439999999999997,0.36,4.01341260817504,0.15019312,0.17676212000000002,0.4204308742230999,1.036040100529,0.29816943374752863,0.00016187487033289153,41593287.37162196,3786885.6978058326,0.00020544503784154656,2010.2301831227114,13534694.881788367,1202175.7571047521,34.75968910150398,3.0874176276077905,6.413674559852861e-08,"[0.340,0.428]",0.38,"[0.145,0.206]",0.16,0.0,0.0,0.0,0.0,14.0,1.0391504802248652,0.14963806264476653,0.29699596039509235,0.0,0.0,0.0,0.0,16.0,1.0314618805290001,0.16578632125191714,0.2990820748882349,6.542464e-10,7.733592e-12,0.009534185,0.0157068741367456,1.0,0.01025872,0.013778772370461429,0.009360053,0.015292904136745599,0.9500061575255689,5.512642e-10,5.581626e-12,0.009480966,0.015530114136745599,1.0,0.009170037,0.01597298110842582,0.009360053,0.015292904136745599,1.0263813731616966
20,40,0.3674,90.0,0.168,7100.0,591.0955929384841,14,0.9074,0.0296,0.05,0.0534,0.1837,6442.54,576.0637347449283,0.0074,1.5707963267948966,0.5000000000000001,0.5000000000000001,0.9999999999999998,0.1645550019457859,1.0573759505290001,1.041533641975309,0.19939999999999997,0.36,4.01341260817504,0.14651912,0.17474312,0.41802287018774464,1.049096830529,0.29539825940590647,0.00017476077787455848,36864908.0094184,3382312.6683652466,0.00020544503784154656,2045.1437720240806,13175920.55701602,1178133.159402522,33.838287910298035,3.0256716312169485,2.4704429543719967e-08,"[0.340,0.428]",0.38,"[0.145,0.206]",0.16,0.0,0.0,0.0,0.0,15.0,1.0539720005162208,0.15642878611173405,0.2934211451138114,0.0,0.0,0.0,0.0,17.0,1.04662203761939,0.17386507716325098,0.29604513483081624,6.542464e-10,7.733592e-12,0.009119444,0.014536594704429544,1.0,0.009572368,0.012577363808615783,0.008978695,0.014225314704429544,0.9322383511110809,5.512642e-10,5.581626e-12,0.009066189,0.014373354704429544,1.0,0.008620011,0.014858556080199026,0.008978695,0.014225314704429544,1.0224296662188577
20,40,0.3674,90.0,0.173,6790.0,569.3474334558432,14,0.9074,0.0296,0.05,0.0534,0.1837,6161.246,554.3436196365406,0.0074,1.5707963267948966,0.5000000000000001,0.5000000000000001,0.9999999999999998,0.16955500194578588,1.070358680529,1.041533641975309,0.1944,0.36,4.01341260817504,0.14284512000000002,0.17277412000000003,0.41566106384890084,1.062153560529,0.2924796520575137,0.00018750664208316007,32858814.661442548,3036412.081889531,0.00020544503784154656,2082.699266616684,12832022.525644977,1154531.050070661,32.95509189018227,2.9650568933391783,9.519919180551588e-09,"[0.340,0.428]",0.38,"[0.100,0.145]",0.12,0.0,0.0,0.0,0.0,16.0,1.0680360263199464,0.1628337279423674,0.289868388863171,0.0,0.0,0.0,0.0,11.0,1.0535088308888616,0.1562192498131469,0.2935356780259986,6.542464e-10,7.733592e-12,0.008732292,0.01355034951991918,1.0,0.008957236,0.011641608729639564,0.008545075,0.013204069519919181,0.927692307378544,2.094834e-09,3.932807e-11,0.008673906,0.013398879519919181,1.0,0.009596297,0.012617109954632074,0.008545075,0.013204069519919181,0.9927346828796114
20,40,0.3674,90.0,0.178,5830.0,492.7925527119077,14,0.9074,0.0296,0.05,0.0534,0.1837,5290.142,479.3033971668354,0.0074,1.5707963267948966,0.5000000000000001,0.5000000000000001,0.9999999999999998,0.17455500194578588,1.083341410529,1.041533641975309,0.18939999999999999,0.36,4.01341260817504,0.13917112,0.17085512,0.4133462471100953,1.075210290529,0.289408431218877,0.00020010479615219866,26436857.595238976,2462672.3706167056,0.00020544503784154656,2123.1138037280894,11231573.50388172,1017615.658698675,28.84483222750221,2.6134319414014264,3.670308301246926e-09,"[0.340,0.428]",0.38,"[0.100,0.145]",0.12,0.0,0.0,0.0,0.0,16.0,1.0680360263199464,0.1628337279423674,0.289868388863171,0.0,0.0,0.0,0.0,12.0,1.0766199726001868,0.16853503728189279,0.2879022623066869,6.542464e-10,7.733592e-12,0.008296191,0.012624593670308302,1.0,0.008957236,0.011641608729639564,0.008154366,0.012395933670308302,0.9756736628428292,2.094834e-09,3.932807e-11,0.00829328,0.012565783670308302,1.0,0.008521279,0.011350743212522309,0.008154366,0.012395933670308302,0.9501530964782551
20,40,0.3674,90.0,0.183,5570.0,480.937106079351,14,0.9074,0.0296,0.05,0.0534,0.1837,5054.218,466.5080600189645,0.0074,1.5707963267948966,0.5000000000000001,0.5000000000000001,0.9999999999999998,0.17955500194578589,1.096324140529,1.041533641975309,0.18439999999999998,0.36,4.01341260817504,0.13549712000000003,0.16898612000000002,0.41107921377758816,1.088267020529,0.2861792788449922,0.00021254748271125652,23779241.868820913,2262727.8382435557,0.00020544503784154656,2166.6285871519267,10950613.204497837,1010749.6989738753,28.123272359197376,2.595798841615881,1.4157616100843023e-09,"[0.340,0.428]",0.38,"[0.100,0.145]",0.12,0.0,0.0,0.0,0.0,17.0,1.082240705343815,0.16926512816706907,0.28611917434554784,0.0,0.0,0.0,0.0,12.0,1.0766199726001868,0.16853503728189279,0.2879022623066869,6.542464e-10,7.733592e-12,0.007911033,0.011918991415761611,1.0,0.008374354,0.010896620684390814,0.007785004,0.01174460141576161,0.9624537408354954,2.094834e-09,3.932807e-11,0.00785191,0.01180417141576161,1.0,0.008521279,0.011350743212522309,0.007785005,0.01174460141576161,0.9916710131175366
20,40,0.40740000000000004,90.0,0.0425,730.0,56.55183463140394,15,0.9377,0.03,0.05,0.0392,1000.0,684.521,57.37288807893596,0.0074,1.5707963267948966,0.5000000000000001,0.5000000000000001,0.9999999999999998,0.03825143336017008,0.674109427529,1.03734225,0.36490000000000006,0.4,4.01341260817504,0.29732052000000014,0.29912677000000015,0.5469248303012034,0.6627889075289999,0.33198875813799256,-0.00019329214553622897,-3541380.3189002285,-292571.8190696185,0.0001664104806516526,2019.3123356080143,1382261.6992827335,115853.78062725338,3.5499128235712285,0.2975347010781724,1.4887899415166793e-05,"[0.523,0.609]",0.57,"[0.206,0.322]",0.265,0.0,0.0,0.0,0.0,0.0,0.6724048218225704,0.06037850168743564,0.33083051211901715,0.0,0.0,0.0,0.0,0.0,0.676074839428892,0.03235658326515417,0.3324576953985922,2.105634e-13,1.469681e-17,0.0005615308,0.0017125848994151668,1.0,0.0008586633,0.002917464036893417,0.0006110923,0.0018449148994151667,1.555663323684387,8.328633e-12,5.725275e-15,0.0006019201,0.0018205658994151668,1.0,0.000388976,0.0016883580483157217,0.0006110923,0.0018449148994151667,0.8637369029194994
20,40,0.40740000000000004,90.0,0.0475,1030.0,78.80678905109237,15,0.9377,0.03,0.05,0.0392,1000.0,965.831,80.09741097461064,0.0074,1.5707963267948966,0.5000000000000001,0.5000000000000001,0.9999999999999998,0.04325143336017008,0.6874921575290001,1.03734225,0.35990000000000005,0.4,4.01341260817504,0.2932465200000001,0.29550277000000014,0.5436016648245295,0.676245637529,0.33163227236360643,-0.00018124013691533578,-5329012.747607759,-434819.7391172025,0.0001664104806516526,2023.641095181234,1954495.3025999865,162088.41246584247,5.019518331376579,0.41627409213709404,1.9569310250097807e-05,"[0.523,0.609]",0.57,"[0.206,0.322]",0.265,0.0,0.0,0.0,0.0,0.0,0.6724048218225704,0.06037850168743564,0.33083051211901715,0.0,0.0,0.0,0.0,0.0,0.676074839428892,0.03235658326515417,0.3324576953985922,2.105634e-13,1.469681e-17,0.0008003066,0.002318001310250098,1.0,0.0008586633,0.002917464036893417,0.0008641457,0.002479044310250098,1.1456853378977991,8.328633e-12,5.725275e-15,0.0008505557,0.0024443613102500977,1.0,0.000388976,0.0016883580483157217,0.0008641457,0.002479044310250098,0.6361085270895602
20,40,0.40740000000000004,90.0,0.0525,1300.0,99.24091898176515,15,0.9377,0.03,0.05,0.0392,1000.0,1219.01,100.90010108024666,0.0074,1.5707963267948966,0.5000000000000001,0.5000000000000001,0.9999999999999998,0.04825143336017008,0.7008748875290001,1.03734225,0.35490000000000005,0.4,4.01341260817504,0.2891725200000001,0.2919287700000001,0.540304330909905,0.6897023675289999,0.3312285948092097,-0.00016918903809757835,-7205017.6164306,-586568.2558259406,0.0001664104806516526,2028.5555396254986,2472829.488358879,204681.4589951071,6.350699810162872,0.5256611945560226,2.467302792824014e-05,"[0.523,0.609]",0.57,"[0.206,0.322]",0.265,0.0,0.0,0.0,0.0,1.0,0.691671914600348,0.06997891028846948,0.32996698083565484,0.0,0.0,0.0,0.0,0.0,0.676074839428892,0.03235658326515417,0.3324576953985922,2.105634e-13,1.469681e-17,0.001088803,0.0030405180279282403,1.0,0.001116153,0.004078662431718172,0.001156199,0.00323358502792824,1.2102373662343209,8.328633e-12,5.725275e-15,0.001140413,0.0031863750279282404,1.0,0.000388976,0.0016883580483157217,0.001156199,0.00323358502792824,0.48473956951445046
20,40,0.40740000000000004,90.0,0.0575,1760.0,141.29263956017695,15,0.9377,0.03,0.05,0.0392,1000.0,1650.3519999999999,142.62352102117492,0.0074,1.5707963267948966,0.5000000000000001,0.5000000000000001,0.9999999999999998,0.05325143336017008,0.7142576175290001,1.03734225,0.34990000000000004,0.4,4.01341260817504,0.28509852000000013,0.28840477000000014,0.5370333043676156,0.703159097529,0.3307760226769431,-0.00015714099703485943,-10502364.317020932,-899145.6222518,0.0001664104806516526,2034.0812580618385,3356950.072404871,290107.83106796053,8.621290828142152,0.7450524819294276,3.0120802915446125e-05,"[0.523,0.609]",0.57,"[0.206,0.322]",0.265,0.0,0.0,0.0,0.0,2.0,0.7118072729309091,0.07991523059928796,0.3289363801338221,0.0,0.0,0.0,0.0,1.0,0.7010786863254437,0.045680981865855494,0.3315925748345095,2.105634e-13,1.469681e-17,0.001381499,0.0038884778029154464,1.0,0.001482076,0.0055043153125976,0.001440486,0.004116163802915446,1.2878415944269033,8.328633e-12,5.725275e-15,0.001425551,0.004054334802915446,1.0,0.001307865,0.0032912574697814777,0.001440486,0.0041161628029154455,0.8177937763669518
20,40,0.40740000000000004,90.0,0.0625,2040.0,162.76719569030598,15,0.9377,0.03,0.05,0.0392,1000.0,1912.908,164.43959345218994,0.0074,1.5707963267948966,0.5000000000000001,0.5000000000000001,0.9999999999999998,0.05825143336017008,0.7276403475289999,1.03734225,0.34490000000000004,0.4,4.01341260817504,0.2810245200000001,0.2849307700000001,0.5337890688277535,0.7166158275289999,0.3302727982169552,-0.0001450982654762213,-13183534.577217171,-1121772.1669938243,0.0001664104806516526,2040.2453892541396,3902801.7270673574,335497.12235165574,10.023142438195036,0.86162087651376,3.5844542404981184e-05,"[0.523,0.609]",0.57,"[0.206,0.322]",0.265,0.0,0.0,0.0,0.0,2.0,0.7118072729309091,0.07991523059928796,0.3289363801338221,0.0,0.0,0.0,0.0,2.0,0.7228559586212869,0.05728595840032001,0.3306039329430672,2.105634e-13,1.469681e-17,0.001651885,0.004865710542404982,1.0,0.001482076,0.0055043153125976,0.00170717,0.005129172542404982,1.0413339528814585,8.328633e-12,5.725275e-15,0.001691669,0.005051038542404981,1.0,0.001990972,0.005221653167042172,0.00170717,0.005129171542404981,1.0433986114794438
20,40,0.40740000000000004,90.0,0.0675,2520.0,199.13615944321924,15,0.9377,0.03,0.05,0.0392,1000.0,2363.004,201.45333008437038,0.0074,1.5707963267948966,0.5000000000000001,0.5000000000000001,0.9999999999999998,0.06325143336017008,0.7410230775290001,1.03734225,0.33990000000000004,0.4,4.01341260817504,0.2769505200000001,0.2815067700000001,0.5305721157392274,0.730072557529,0.3297171071819431,-0.00013306320146523067,-17758508.5431561,-1496553.1961535842,0.0001664104806516526,2047.0767393372246,4837250.523360819,412390.4260777385,12.42298594587103,1.059097609816594,4.178341005866752e-05,"[0.523,0.609]",0.57,"[0.206,0.322]",0.265,0.0,0.0,0.0,0.0,3.0,0.7297341058204907,0.08868079926289318,0.3279106373992015,0.0,0.0,0.0,0.0,2.0,0.7228559586212869,0.05728595840032001,0.3306039329430672,2.105634e-13,1.469681e-17,0.001931778,0.005969719410058668,1.0,0.001872345,0.006922273526501515,0.002000068,0.0062683304100586675,1.0821211484766349,8.328633e-12,5.725275e-15,0.001978751,0.006172869410058668,1.0,0.001990972,0.005221653167042172,0.002000068,0.0062683304100586675,0.8585757790705635
20,40,0.40740000000000004,90.0,0.0725,2910.0,228.78046242342995,15,0.9377,0.03,0.05,0.0392,1000.0,2728.707,231.6102595903981,0.0074,1.5707963267948966,0.5000000000000001,0.5000000000000001,0.9999999999999998,0.06825143336017007,0.7544058075290001,1.03734225,0.33490000000000003,0.4,4.01341260817504,0.2728765200000001,0.27813277000000014,0.5273829443582719,0.743529287529,0.3291070772600778,-0.00012103827173924406,-22544166.90514654,-1890149.7777190486,0.0001664104806516526,2054.6059102664235,5606417.5295853615,475867.8082327725,14.39835415601623,1.2221196866315829,4.788196252200647e-05,"[0.523,0.609]",0.57,"[0.206,0.322]",0.265,0.0,0.0,0.0,0.0,4.0,0.7482077456320708,0.09763613966045825,0.3267487637212615,0.0,0.0,0.0,0.0,3.0,0.7423487574750125,0.06767355287107936,0.32953664854086695,2.105634e-13,1.469681e-17,0.002269257,0.007191073962522006,1.0,0.002309,0.008472644987400153,0.002359282,0.007522250962522006,1.1103700949295021,8.328633e-12,5.725275e-15,0.002329061,0.007409320962522006,1.0,0.002388226,0.0072116878069221416,0.002359282,0.007522250962522006,0.9664075334588458
20,40,0.40740000000000004,90.0,0.0775,3260.0,255.84956517655672,15,0.9377,0.03,0.05,0.0392,1000.0,3056.902,259.0785864617499,0.0074,1.5707963267948966,0.5000000000000001,0.5000000000000001,0.9999999999999998,0.07325143336017008,0.7677885375290001,1.03734225,0.3299,0.4,4.01341260817504,0.2688025200000001,0.2748087700000001,0.5242220617257538,0.756986017529,0.3284407764882987,-0.0001090260540127008,-28038270.5554389,-2346682.795167034,0.0001664104806516526,2062.8654401324898,6305977.489671889,534444.262290321,16.194958138067374,1.3725552412925597,5.4088171882455014e-05,"[0.523,0.609]",0.57,"[0.206,0.322]",0.265,0.0,0.0,0.0,0.0,4.0,0.7482077456320708,0.09763613966045825,0.3267487637212615,0.0,0.0,0.0,0.0,4.0,0.7555772948607411,0.07472296033869731,0.328715993490487,2.105634e-13,1.469681e-17,0.002676696,0.008513545171882455,1.0,0.002309,0.008472644987400153,0.002785369,0.008881248171882456,0.9384314178743057,8.328633e-12,5.725275e-15,0.002746714,0.008743245171882455,1.0,0.00276191,0.008649703750835206,0.002785369,0.008881248171882456,0.9760176013813213
20,40,0.40740000000000004,90.0,0.0825,3530.0,276.9557726232845,15,0.9377,0.03,0.05,0.0392,1000.0,3310.081,280.46326265564596,0.0074,1.5707963267948966,0.5000000000000001,0.5000000000000001,0.9999999999999998,0.07825143336017008,0.7811712675290001,1.03734225,0.3249,0.4,4.01341260817504,0.2647285200000001,0.2715347700000001,0.5210899826325585,0.7704427475290001,0.32771621164824294,-9.70292391253782e-05,-34114263.18331545,-2854353.7506813873,0.0001664104806516526,2071.8899566266887,6858123.579520826,581089.017098986,17.612975063412662,1.4923479066999414,6.034916525428999e-05,"[0.428,0.523]",0.475,"[0.206,0.322]",0.265,0.0,0.0,0.0,0.0,1.0,0.7705031775798628,0.059789211277364585,0.3297938032014408,0.0,0.0,0.0,0.0,5.0,0.7657250222139123,0.08013062279577066,0.32803451002080375,2.48078e-11,4.147426e-14,0.003136958,0.00991501216525429,1.0,0.003990069,0.0092226750179129,0.003257478,0.010305079165254291,0.9447360399209535,8.328633e-12,5.725275e-15,0.003213176,0.01016172916525429,1.0,0.003095441,0.009777141590965932,0.003257478,0.010305079165254291,0.9480350399409971
20,40,0.40740000000000004,90.0,0.0875,4010.0,313.6183986971786,15,0.9377,0.03,0.05,0.0392,1000.0,3760.177,317.734354769988,0.0074,1.5707963267948966,0.5000000000000001,0.5000000000000001,0.9999999999999998,0.08325143336017007,0.7945539975289999,1.03734225,0.3199,0.4,4.01341260817504,0.2606545200000001,0.2683107700000001,0.517987229572313,0.7838994775289998,0.3269313266473849,-8.505063303531813e-05,-44211040.71545886,-3687431.6804549284,0.0001664104806516526,2081.716345101484,7827621.921374663,661432.7997249577,20.102832518020474,1.6986861307758567,6.659900759471991e-05,"[0.428,0.523]",0.475,"[0.206,0.322]",0.265,0.0,0.0,0.0,0.0,2.0,0.7888204129114524,0.06892380942279208,0.3286214171676922,0.0,0.0,0.0,0.0,7.0,0.7885996612903665,0.09232037944253245,0.3263361506128242,2.48078e-11,4.147426e-14,0.003630378,0.01136893900759472,1.0,0.004479883,0.011758782080288181,0.003758275,0.01177397900759472,1.0259887157020686,8.328633e-12,5.725275e-15,0.003709496,0.01161863900759472,1.0,0.003867112,0.012305182530235964,0.003758275,0.01177397900759472,1.0444317148598115
20,40,0.40740000000000004,90.0,0.0925,4540.0,354.3416430404607,15,0.9377,0.03,0.05,0.0392,1000.0,4257.157999999999,359.0978142558444,0.0074,1.5707963267948966,0.5000000000000001,0.5000000000000001,0.9999999999999998,0.08825143336017008,0.8079367275289999,1.03734225,0.3149,0.4,4.01341260817504,0.2565805200000001,0.2651367700000001,0.5149143326806898,0.7973562075289998,0.3260840008882969,-7.309315863489488e-05,-58242906.44306101,-4847808.600123856,0.0001664104806516526,2092.3839328559475,8907608.998829158,751370.4968726182,22.87644621037435,1.929663365110439,7.272269111938031e-05,"[0.428,0.523]",0.475,"[0.206,0.322]",0.265,0.0,0.0,0.0,0.0,2.0,0.7888204129114524,0.06892380942279208,0.3286214171676922,0.0,0.0,0.0,0.0,8.0,0.7982658549181636,0.09747143549327518,0.32555228104294326,2.48078e-11,4.147426e-14,0.004144582,0.01285825269111938,1.0,0.004479883,0.011758782080288181,0.004276301,0.01325758269111938,0.9070569624814296,8.328633e-12,5.725275e-15,0.004224216,0.01309395269111938,1.0,0.004182004,0.013327064514173493,0.004276301,0.01325758269111938,1.0023792429569116
20,40,0.40740000000000004,90.0,0.0975,4770.0,372.46274984432745,15,0.9377,0.03,0.05,0.0392,1000.0,4472.829,377.43739144228374,0.0074,1.5707963267948966,0.5000000000000001,0.5000000000000001,0.9999999999999998,0.09325143336017008,0.8213194575289999,1.03734225,0.3099,0.4,4.01341260817504,0.25250652000000007,0.26201277000000006,0.5118718296605118,0.8108129375289999,0.3251720476293021,-6.11598573672853e-05,-73133411.23637965,-6089987.221643842,0.0001664104806516526,2103.9346914852326,9410540.102181202,794103.6217191123,24.168069622994903,2.0394102154807827,7.845313206964903e-05,"[0.428,0.523]",0.475,"[0.206,0.322]",0.265,0.0,0.0,0.0,0.0,4.0,0.8109080135120526,0.07982965372017004,0.32699701471296355,0.0,0.0,0.0,0.0,9.0,0.8079658062037602,0.10264048079544025,0.3247269911204241,2.48078e-11,4.147426e-14,0.004669034,0.01432758313206965,1.0,0.005445718,0.014754980500640403,0.004802959,0.01472408313206965,1.0186572448798525,8.328633e-12,5.725275e-15,0.00474868,0.01455658313206965,1.0,0.004486175,0.014307914818022413,0.004802959,0.01472408313206965,0.9667592986562005
20,40,0.40740000000000004,90.0,0.103,5590.0,435.1603153035737,15,0.9377,0.03,0.05,0.0392,1000.0,5241.7429999999995,441.1665806172167,0.0074,1.5707963267948966,0.5000000000000001,0.5000000000000001,0.9999999999999998,0.09875143336017007,0.8360404605289999,1.03734225,0.30440000000000006,0.4,4.01341260817504,0.24802512000000013,0.25863412000000013,0.5085608321528509,0.8256153405289999,0.324091561437303,-4.8064922664370056e-05,-109055475.58252163,-9053594.413169686,0.0001664104806516526,2117.7141943933834,11100513.554462155,934264.7298650728,28.508245172140306,2.3993707898289593,8.344581822671254e-05,"[0.428,0.523]",0.475,"[0.206,0.322]",0.265,0.0,0.0,0.0,0.0,5.0,0.8219876509108726,0.08525650661467121,0.32609657185590346,0.0,0.0,0.0,0.0,10.0,0.8194007088934154,0.10873407119485236,0.3237051624258977,2.48078e-11,4.147426e-14,0.00524912,0.015894515818226713,1.0,0.005953696,0.016156720304222508,0.005382963,0.016276755818226712,1.0056389595920747,8.328633e-12,5.725275e-15,0.005327645,0.016110805818226714,1.0,0.004825792,0.015386535388110233,0.005382963,0.016276755818226712,0.9381862043819925
20,40,0.40740000000000004,90.0,0.108,5880.0,458.3895723265128,15,0.9377,0.03,0.05,0.0392,1000.0,5513.6759999999995,464.6207312977312,0.0074,1.5707963267948966,0.5000000000000001,0.5000000000000001,0.9999999999999998,0.10375143336017008,0.849423190529,1.03734225,0.29940000000000005,0.4,4.01341260817504,0.24395112000000013,0.25561512000000014,0.5055839396183389,0.8390720705289998,0.32303646901454247,-3.619281983599387e-05,-152341708.2444798,-12665207.47495455,0.0001664104806516526,2131.2692826372336,11751128.293214131,990231.8926913025,30.179148450078607,2.5431051847838564,8.479478448862416e-05,"[0.428,0.523]",0.475,"[0.206,0.322]",0.265,0.0,0.0,0.0,0.0,6.0,0.8351994405565187,0.0916903200053868,0.32494887192179056,0.0,0.0,0.0,0.0,11.0,0.8341499399436537,0.11659384710774673,0.3223106142441058,2.48078e-11,4.147426e-14,0.005771537,0.017240424784488624,1.0,0.00653103,0.017698901934716526,0.005904712,0.017617944784488623,1.015857610276177,8.328633e-12,5.725275e-15,0.005848029,0.017440054784488623,1.0,0.005228493,0.01662584246822025,0.005904712,0.017617944784488623,0.9359798125126101
20,40,0.40740000000000004,90.0,0.113,6220.0,485.24942043478944,15,0.9377,0.03,0.05,0.0392,1000.0,5832.494,491.7939482555981,0.0074,1.5707963267948966,0.5000000000000001,0.5000000000000001,0.9999999999999998,0.10875143336017008,0.862805920529,1.03734225,0.29440000000000005,0.4,4.01341260817504,0.2398771200000001,0.2526461200000001,0.5026391548616165,0.8525288005289999,0.321909532082747,-2.435508560974767e-05,-239477458.3615363,-19923946.407339968,0.0001664104806516526,2145.8569928978154,12515698.03593455,1055319.4829291014,32.14271000691417,2.7102625843995796,7.921150333481533e-05,"[0.428,0.523]",0.475,"[0.206,0.322]",0.265,0.0,0.0,0.0,0.0,8.0,0.8570679123957183,0.1022523059852597,0.3228739208921934,0.0,0.0,0.0,0.0,12.0,0.8501700347466057,0.12513085861876322,0.32070076343380904,2.48078e-11,4.147426e-14,0.006281306,0.018472951503334813,1.0,0.007394083,0.019884838123653478,0.006409554,0.018815391503334816,1.0702586790957187,8.328633e-12,5.725275e-15,0.006357065,0.018673081503334812,1.0,0.005616933,0.01777738732277008,0.006409555,0.018815391503334816,0.9368068905079101
20,40,0.40740000000000004,90.0,0.118,7100.0,546.5400259731874,15,0.9377,0.03,0.05,0.0392,1000.0,6657.67,554.9915287665447,0.0074,1.5707963267948966,0.5000000000000001,0.5000000000000001,0.9999999999999998,0.11375143336017007,0.876188650529,1.03734225,0.28940000000000005,0.4,4.01341260817504,0.23580312000000012,0.2497271200000001,0.49972704549583874,0.8659855305289998,0.3207082755349773,-1.255525921323286e-05,-530269418.3313252,-43530764.01617825,0.0001664104806516526,2161.532723317048,14390771.56604621,1199632.350592641,36.958258012864405,3.0808856724812155,6.28889543848459e-05,"[0.428,0.523]",0.475,"[0.206,0.322]",0.265,0.0,0.0,0.0,0.0,9.0,0.8676070538225477,0.10730437820906757,0.3217965048990235,0.0,0.0,0.0,0.0,13.0,0.8651095773096094,0.13309205038438138,0.31911294299053683,2.48078e-11,4.147426e-14,0.006773079,0.019580588954384845,1.0,0.007758984,0.02072104789557842,0.006890847,0.019853568954384847,1.054357874444225,8.328633e-12,5.725275e-15,0.006842079,0.019730878954384846,1.0,0.005923879,0.018634524252289578,0.006890847,0.019853568954384847,0.9298541034641331
20,40,0.40740000000000004,90.0,0.123,7330.0,567.8630996812916,15,0.9377,0.03,0.05,0.0392,1000.0,6873.340999999999,576.1046160607175,0.0074,1.5707963267948966,0.5000000000000001,0.5000000000000001,0.9999999999999998,0.11875143336017008,0.889571380529,1.03734225,0.28440000000000004,0.4,4.01341260817504,0.23172912000000012,0.24685812000000013,0.49684818606894415,0.8794422605289999,0.31943014977723483,-7.970026392859885e-07,-8623987752.609735,-712498392.966457,0.0001664104806516526,2178.3559174139864,14972583.039754165,1254960.8994453766,38.45246132652671,3.222979984422169,3.949216655825805e-05,"[0.428,0.523]",0.475,"[0.206,0.322]",0.265,0.0,0.0,0.0,0.0,10.0,0.8786820607286365,0.11258715279324216,0.3206103748672069,0.0,0.0,0.0,0.0,14.0,0.8809186474189954,0.1415166081140539,0.31734478428737095,2.48078e-11,4.147426e-14,0.007232498,0.02048813216655826,1.0,0.008101541,0.02142880883922341,0.00733935,0.020705752166558258,1.0431028127060011,8.328633e-12,5.725275e-15,0.007296338,0.02060961216655826,1.0,0.006190674,0.019335474589008243,0.00733935,0.020705752166558258,0.9244564170247247
20,40,0.40740000000000004,90.0,0.128,7620.0,591.0761372002886,15,0.9377,0.03,0.05,0.0392,1000.0,7145.273999999999,599.5442798827405,0.0074,1.5707963267948966,0.5000000000000001,0.5000000000000001,0.9999999999999998,0.12375143336017008,0.902954110529,1.03734225,0.27940000000000004,0.4,4.01341260817504,0.2276551200000001,0.2440391200000001,0.4940031578846436,0.8928989905289999,0.3180725291329163,1.091589951480513e-05,654574915.2700547,54148184.16005183,0.0001664104806516526,2196.3904336706246,15693811.459555438,1316833.3208963948,40.30471406383767,3.381880214710216,1.9831698860277893e-05,"[0.428,0.523]",0.475,"[0.206,0.322]",0.265,0.0,0.0,0.0,0.0,11.0,0.8890261900213194,0.1174974248658035,0.31945278952307693,0.0,0.0,0.0,0.0,15.0,0.8977879868407729,0.15050617693985271,0.3153619774078575,2.48078e-11,4.147426e-14,0.007652818,0.021204031698860277,1.0,0.008380378,0.021921513320160856,0.007750505,0.021389181698860275,1.0303520304113178,8.328633e-12,5.725275e-15,0.007710179,0.021292691698860278,1.0,0.006402847,0.01980962767443881,0.007750505,0.021389181698860275,0.9168096498274495
20,40,0.40740000000000004,90.0,0.133,7600.0,591.4465318250479,15,0.9377,0.03,0.05,0.0392,1000.0,7126.5199999999995,599.6369808313497,0.0074,1.5707963267948966,0.5000000000000001,0.5000000000000001,0.9999999999999998,0.1287514333601701,0.916336840529,1.03734225,0.27440000000000003,0.4,4.01341260817504,0.2235811200000001,0.24127012000000012,0.49119254880342,0.9063557205289999,0.31663271027518564,2.2579540600780224e-05,315618467.4436532,26193913.431729022,0.0001664104806516526,2215.704955828308,15790265.681809552,1328618.6301259454,40.552426982921766,3.4121471463523525,8.641839392645657e-06,"[0.428,0.523]",0.475,"[0.206,0.322]",0.265,0.0,0.0,0.0,0.0,13.0,0.9114376128340671,0.12805838040389073,0.31678067785433867,0.0,0.0,0.0,0.0,16.0,0.9130933579083811,0.15866231650030485,0.3134805652286399,2.48078e-11,4.147426e-14,0.008024164,0.021709611839392646,1.0,0.008838633,0.022471628638747954,0.00810359,0.021818091839392647,1.040338984224259,8.328633e-12,5.725275e-15,0.008079955,0.021798481839392647,1.0,0.006521688,0.019966700347776,0.00810359,0.021818091839392647,0.9050179477529516
20,40,0.40740000000000004,90.0,0.138,8270.0,643.6812098994216,15,0.9377,0.03,0.05,0.0392,1000.0,7754.7789999999995,652.5812363991048,0.0074,1.5707963267948966,0.5000000000000001,0.5000000000000001,0.9999999999999998,0.1337514333601701,0.929719570529,1.03734225,0.26940000000000003,0.4,4.01341260817504,0.2195071200000001,0.23855112000000012,0.4884169530227223,0.919812450529,0.31510791069474003,3.418989289620206e-05,226814954.4528532,18826651.836950447,0.0001664104806516526,2236.3734491895825,17342581.85993294,1459415.3505222683,44.53907228302433,3.748058179159602,3.5220466743647388e-06,"[0.428,0.523]",0.475,"[0.206,0.322]",0.265,0.0,0.0,0.0,0.0,14.0,0.9225926852299333,0.1332761986978167,0.31536720832350734,0.0,0.0,0.0,0.0,16.0,0.9130933579083811,0.15866231650030485,0.3134805652286399,2.48078e-11,4.147426e-14,0.008344014,0.022023312046674366,1.0,0.008981588,0.022470936622143525,0.008395215,0.022013642046674366,1.0288164118254528,8.328633e-12,5.725275e-15,0.008383602,0.022034912046674366,1.0,0.006521688,0.019966700347776,0.008395215,0.022013642046674366,0.8883419068113025
20,40,0.40740000000000004,90.0,0.143,8280.0,646.0038699232908,15,0.9377,0.03,0.05,0.0392,1000.0,7764.156,654.7099412604681,0.0074,1.5707963267948966,0.5000000000000001,0.5000000000000001,0.9999999999999998,0.13875143336017007,0.943102300529,1.03734225,0.2644,0.4,4.01341260817504,0.2154331200000001,0.23588212000000008,0.48567697083555456,0.9332691805289999,0.31349526721115467,4.574280903563404e-05,169735006.74065852,14122522.939508334,0.0001664104806516526,2258.4756690207532,17535157.416481495,1478646.4726027737,45.03364320114557,3.7974473844892986,1.3988486022403727e-06,"[0.428,0.523]",0.475,"[0.206,0.322]",0.265,0.0,0.0,0.0,0.0,15.0,0.9343442838841287,0.1387457017336925,0.31381827984733063,0.0,0.0,0.0,0.0,17.0,0.9277572791442597,0.1664766313297194,0.3116074586561144,2.48078e-11,4.147426e-14,0.008590092,0.02205772884860224,1.0,0.009071045,0.022290966251343605,0.008617632,0.02196734884860224,1.0206373541755065,8.328633e-12,5.725275e-15,0.008620078,0.02203294884860224,1.0,0.00658416,0.01994734625314523,0.008617632,0.02196734884860224,0.8873280522163552
20,40,0.40740000000000004,90.0,0.148,8090.0,633.8529009403796,15,0.9377,0.03,0.05,0.0392,1000.0,7585.9929999999995,642.0059923937654,0.0074,1.5707963267948966,0.5000000000000001,0.5000000000000001,0.9999999999999998,0.14375143336017007,0.956485030529,1.03734225,0.2594,0.4,4.01341260817504,0.2113591200000001,0.2332631200000001,0.48297320836667545,0.9467259105289999,0.3117918345367424,5.723402392751521e-05,132543415.25256692,11074756.891864376,0.0001664104806516526,2282.097728089493,17311977.390602797,1465120.4166616523,44.460474143330494,3.7627098818422637,5.442127665752296e-07,"[0.428,0.523]",0.475,"[0.206,0.322]",0.265,0.0,0.0,0.0,0.0,17.0,0.952935903916311,0.1473424493725256,0.31124241916337736,0.0,0.0,0.0,0.0,18.0,0.9429430270289892,0.17456902442039215,0.3095979975638874,2.48078e-11,4.147426e-14,0.008764013,0.021854864212766577,1.0,0.009092119,0.021677530833547093,0.008775912,0.021727044212766576,1.0065841296284297,8.328633e-12,5.725275e-15,0.008783616,0.021793994212766576,1.0,0.006578119,0.01969135121828108,0.008775912,0.021727044212766576,0.8837987664768465
20,40,0.40740000000000004,90.0,0.153,8230.0,646.2395066705276,15,0.9377,0.03,0.05,0.0392,1000.0,7717.271,654.3469250793977,0.0074,1.5707963267948966,0.5000000000000001,0.5000000000000001,0.9999999999999998,0.14875143336017008,0.9698677605289999,1.03734225,0.2544,0.4,4.01341260817504,0.2072851200000001,0.2306941200000001,0.48030627728565045,0.9601826405289999,0.30999458390266965,6.865915718807794e-05,112399733.93294196,9412284.29152261,0.0001664104806516526,2307.332731477005,17806311.975978278,1509796.0779770259,45.73002005107704,3.8774455379682102,2.100818052364263e-07,"[0.428,0.523]",0.475,"[0.206,0.322]",0.265,0.0,0.0,0.0,0.0,18.0,0.9659562254018129,0.1533227243420353,0.30934696458666244,0.0,0.0,0.0,0.0,19.0,0.9596255281729276,0.18345902825932725,0.30731249617306866,2.48078e-11,4.147426e-14,0.008876485,0.021477970081805235,1.0,0.009034642,0.021068618959243925,0.008847211,0.021220480081805236,1.0002279604908033,8.328633e-12,5.725275e-15,0.008883154,0.021377900081805238,1.0,0.006518715,0.019252980202114304,0.008847212,0.021220480081805236,0.8832634797281935
20,40,0.40740000000000004,90.0,0.158,8040.0,633.7254926053748,15,0.9377,0.03,0.05,0.0392,1000.0,7539.108,641.3297438096178,0.0074,1.5707963267948966,0.5000000000000001,0.5000000000000001,0.9999999999999998,0.15375143336017008,0.9832504905289999,1.03734225,0.2494,0.4,4.01341260817504,0.20321112000000008,0.22817512000000006,0.47767679449602746,0.973639370529,0.3081004017579199,8.001371612344586e-05,94222695.3734857,7920210.725216882,0.0001664104806516526,2334.2814881086306,17598400.24125168,1497044.1487482414,45.19606288966551,3.844696141006676,8.102196392300945e-08,"[0.428,0.523]",0.475,"[0.145,0.206]",0.16,0.0,0.0,0.0,0.0,19.0,0.9778912214993739,0.15877586923936715,0.3075432233714254,0.0,0.0,0.0,0.0,12.0,0.9794375475421591,0.1380628692359042,0.30880715394203123,2.48078e-11,4.147426e-14,0.00889841,0.020843121021963923,1.0,0.008911699,0.020334641124366126,0.008844278,0.02052295102196392,0.9957870824449718,5.512642e-10,5.581626e-12,0.008895677,0.020716421021963922,1.0,0.01101681,0.020491353009698707,0.008844278,0.02052295102196392,1.0436127253133742
20,40,0.40740000000000004,90.0,0.163,7910.0,625.940492353657,15,0.9377,0.03,0.05,0.0392,1000.0,7417.206999999999,633.099532708518,0.0074,1.5707963267948966,0.5000000000000001,0.5000000000000001,0.9999999999999998,0.15875143336017009,0.9966332205289999,1.03734225,0.2444,0.4,4.01341260817504,0.19913712000000008,0.2257061200000001,0.47508538179994564,0.987096100529,0.3061060885526043,9.129309929056317e-05,81246086.0419787,6856383.420190879,0.0001664104806516526,2363.0533099911963,17527255.55223987,1496047.9463207433,45.01334970012762,3.8421377023448198,3.124756074048041e-08,"[0.428,0.523]",0.475,"[0.145,0.206]",0.16,0.0,0.0,0.0,0.0,20.0,0.9899603021060378,0.1642628507123648,0.30565462733051346,0.0,0.0,0.0,0.0,13.0,0.9912715276460087,0.14436912557273238,0.3066985519872109,2.48078e-11,4.147426e-14,0.008849959,0.02004359124756074,1.0,0.008742697,0.01950686406150105,0.008788622,0.01972295124756074,0.9915678445544432,5.512642e-10,5.581626e-12,0.008860793,0.01995681124756074,1.0,0.01064085,0.019469235158698427,0.008788622,0.01972295124756074,1.0287567571446914
20,40,0.40740000000000004,90.0,0.168,7700.0,611.7932657246723,15,0.9377,0.03,0.05,0.0392,1000.0,7220.29,618.4400320994206,0.0074,1.5707963267948966,0.5000000000000001,0.5000000000000001,0.9999999999999998,0.1637514333601701,1.010015950529,1.03734225,0.2394,0.4,4.01341260817504,0.1950631200000001,0.2232871200000001,0.4725326655375267,1.000552830529,0.3040083576180789,0.00010249260066682878,70446939.12559496,5969145.6919257995,0.0001664104806516526,2393.7669119798757,17283691.296899177,1480401.2858833652,44.38783003634314,3.8019540811379704,1.2055295340638436e-08,"[0.428,0.523]",0.475,"[0.145,0.206]",0.16,0.0,0.0,0.0,0.0,21.0,1.0016210582338896,0.1695383820655073,0.30376808566095903,0.0,0.0,0.0,0.0,14.0,1.0033982755289999,0.15083139608621363,0.3044718039745159,2.48078e-11,4.147426e-14,0.008759068,0.01917697205529534,1.0,0.008544342,0.01865595849492627,0.008652268,0.01875527205529534,0.9940463092985873,5.512642e-10,5.581626e-12,0.008735221,0.01900489205529534,1.0,0.01020248,0.01834299825554006,0.008652268,0.01875527205529534,1.0162427582298557
20,40,0.40740000000000004,90.0,0.173,7050.0,562.2388282610395,15,0.9377,0.03,0.05,0.0392,1000.0,6610.785,568.052864431601,0.0074,1.5707963267948966,0.5000000000000001,0.5000000000000001,0.9999999999999998,0.16875143336017007,1.023398680529,1.03734225,0.23440000000000003,0.4,4.01341260817504,0.1909891200000001,0.2209181200000001,0.4700192762004555,1.014009560529,0.3018038341573417,0.00011360741445720301,58189731.99579632,4948962.4506228,0.0001664104806516526,2426.5514270839512,16041409.775895178,1378409.4888456278,41.19741312456294,3.540019609256694,4.653106484566123e-09,"[0.428,0.523]",0.475,"[0.145,0.206]",0.16,0.0,0.0,0.0,0.0,22.0,1.0129961532928822,0.17466057991071604,0.3018690219864385,0.0,0.0,0.0,0.0,15.0,1.016455005529,0.15778924843835432,0.3020036656802231,2.48078e-11,4.147426e-14,0.008586959,0.018163304653106484,1.0,0.00835302,0.017867203094265035,0.00849236,0.017787444653106485,1.000110780418747,5.512642e-10,5.581626e-12,0.008557318,0.017983374653106482,1.0,0.009727274,0.017209786574754627,0.00849236,0.017787444653106485,1.002421915525174
20,40,0.40740000000000004,90.0,0.178,6180.0,506.45631598469106,15,0.9377,0.03,0.05,0.0392,1000.0,5794.986,509.81080051633904,0.0074,1.5707963267948966,0.5000000000000001,0.5000000000000001,0.9999999999999998,0.17375143336017007,1.036781410529,1.03734225,0.22940000000000002,0.4,4.01341260817504,0.18691512000000007,0.21859912000000006,0.4675458480192077,1.027466290529,0.29948905436025286,0.00012463264056609394,46496535.527760565,4063592.921439486,0.0001664104806516526,2461.547554936006,14264633.619188383,1254923.5294909622,36.63431160291765,3.2228840112208132,1.7969323858647318e-09,"[0.428,0.523]",0.475,"[0.145,0.206]",0.16,0.0,0.0,0.0,0.0,23.0,1.026075368000808,0.18052115801156543,0.29961349227939404,0.0,0.0,0.0,0.0,16.0,1.0314618805290001,0.16578632125191714,0.2990820748882349,2.48078e-11,4.147426e-14,0.00837026,0.017116751796932384,1.0,0.008068025,0.01687645097556798,0.00825662,0.016730131796932383,1.0019771615125015,5.512642e-10,5.581626e-12,0.008365815,0.016997751796932383,1.0,0.009170037,0.01597298110842582,0.00825662,0.016730131796932383,0.9873710730677978
20,40,0.40740000000000004,90.0,0.183,5910.0,487.4848715836307,15,0.9377,0.03,0.05,0.0392,1000.0,5541.807,490.2948242615644,0.0074,1.5707963267948966,0.5000000000000001,0.5000000000000001,0.9999999999999998,0.17875143336017008,1.050164140529,1.03734225,0.22440000000000002,0.4,4.01341260817504,0.18284112000000005,0.21633012000000004,0.46511301852345527,1.040923020529,0.29706046465924957,0.00013556329075950507,40879850.06082064,3595994.6741662472,0.0001664104806516526,2498.908864188544,13848470.635922123,1225202.0824129877,35.5655253435869,3.146553641818301,6.943068325645825e-10,"[0.428,0.523]",0.475,"[0.145,0.206]",0.16,0.0,0.0,0.0,0.0,24.0,1.038391315019815,0.1860118015604476,0.2974189027577166,0.0,0.0,0.0,0.0,17.0,1.04662203761939,0.17386507716325098,0.29604513483081624,2.48078e-11,4.147426e-14,0.008147469,0.016139720694306834,1.0,0.007788026,0.015984400331222805,0.008036739,0.015773990694306836,1.0031718441148074,5.512642e-10,5.581626e-12,0.00810464,0.015957000694306833,1.0,0.008620011,0.014858556080199026,0.008036739,0.015773990694306836,0.9714863158935004
20,40,0.40740000000000004,90.0,0.188,5490.0,456.926142843546,15,0.9377,0.03,0.05,0.0392,1000.0,5147.973,459.0247887209796,0.0074,1.5707963267948966,0.5000000000000001,0.5000000000000001,0.9999999999999998,0.18375143336017008,1.063546870529,1.03734225,0.2194,0.4,4.01341260817504,0.17876712000000006,0.21411112000000004,0.4627214280752514,1.054379750529,0.2945144211424069,0.0001463942955406794,35165120.20490241,3121201.8279535854,0.0001664104806516526,2538.8032733851114,13069690.703698171,1165373.636169732,33.565469298066496,2.992902731398455,2.6841371739556366e-10,"[0.428,0.523]",0.475,"[0.145,0.206]",0.16,0.0,0.0,0.0,0.0,25.0,1.0540822701299413,0.19296847295347208,0.2945230252655066,0.0,0.0,0.0,0.0,18.0,1.06435163261939,0.18331307097741809,0.2923937259096582,2.48078e-11,4.147426e-14,0.007865967,0.015146180268413717,1.0,0.007445348,0.014978080084420526,0.007738653,0.014798450268413716,1.0018743168604627,5.512642e-10,5.581626e-12,0.00786787,0.015043770268413716,1.0,0.00799104,0.013744660901592933,0.007738653,0.014798450268413716,0.9561036595078237
20,40,0.40740000000000004,90.0,0.193,5320.0,445.68262253492577,15,0.9377,0.03,0.05,0.0392,1000.0,4988.564,447.3549379436923,0.0074,1.5707963267948966,0.5000000000000001,0.5000000000000001,0.9999999999999998,0.18875143336017008,1.076929600529,1.03734225,0.2144,0.4,4.01341260817504,0.17469312000000006,0.21194212000000007,0.460371719374681,1.067836480529,0.2918471891419348,0.000157120511759831,31749922.044712704,2836565.497038228,0.0001664104806516526,2581.414739429799,12877552.638188876,1154808.6305645502,33.07202194073789,2.9657697732195527,1.0382272024511783e-10,"[0.428,0.523]",0.475,"[0.145,0.206]",0.16,0.0,0.0,0.0,0.0,26.0,1.0759199130358796,0.20257971312114587,0.29030493136646623,0.0,0.0,0.0,0.0,18.0,1.06435163261939,0.18331307097741809,0.2923937259096582,2.48078e-11,4.147426e-14,0.007611093,0.014300760103822719,1.0,0.006938929,0.013757300012810992,0.007434111,0.01392591010382272,0.981643707705504,5.512642e-10,5.581626e-12,0.007559159,0.01413943010382272,1.0,0.00799104,0.013744660901592933,0.007434111,0.01392591010382272,1.0032918142621057
20,40,0.40740000000000004,90.0,0.198,4990.0,422.2848564375083,15,0.9377,0.03,0.05,0.0392,1000.0,4679.123,423.3290521307217,0.0074,1.5707963267948966,0.5000000000000001,0.5000000000000001,0.9999999999999998,0.1937514333601701,1.0903123305290001,1.03734225,0.2094,0.4,4.01341260817504,0.17061912000000004,0.20982312000000003,0.4580645369377551,1.081293210529,0.28905494301749307,0.0001677367309754467,27895637.24527891,2517545.5249531623,0.0001664104806516526,2626.9451883390752,12291799.650496697,1112062.2165789409,31.567696064145466,2.8559887937943533,4.018044760444395e-11,"[0.428,0.523]",0.475,"[0.145,0.206]",0.16,0.0,0.0,0.0,0.0,26.0,1.0759199130358796,0.20257971312114587,0.29030493136646623,0.0,0.0,0.0,0.0,19.0,1.083296635529,0.19340874830672944,0.2883849945105064,2.48078e-11,4.147426e-14,0.007298967,0.013495910040180447,1.0,0.006938929,0.013757300012810992,0.007170352,0.013236170040180448,1.020661608218055,5.512642e-10,5.581626e-12,0.007313099,0.013424270040180448,1.0,0.007361434,0.012835190117370105,0.007170352,0.013236170040180448,0.9833061417642549
20,40,0.40740000000000004,90.0,0.203,4660.0,398.4394559168125,15,0.9377,0.03,0.05,0.0392,1000.0,4369.682,398.9153568617894,0.0074,1.5707963267948966,0.5000000000000001,0.5000000000000001,0.9999999999999998,0.1987514333601701,1.1036950605290001,1.03734225,0.2044,0.4,4.01341260817504,0.16654512000000005,0.20775412000000004,0.45580052654642694,1.094749940529,0.2861337661550481,0.00017823768858109352,24516038.301360197,2235438.8630636493,0.0001664104806516526,2675.6167297436486,11691594.262859685,1067344.6025710616,30.026253656058206,2.741145395117784,1.5558647733944995e-11,"[0.428,0.523]",0.475,"[0.145,0.206]",0.16,0.0,0.0,0.0,0.0,27.0,1.0986321409017186,0.2124907207097374,0.28568341051719176,0.0,0.0,0.0,0.0,20.0,1.101316656747764,0.20301150849420366,0.28448118921718085,2.48078e-11,4.147426e-14,0.007042857,0.012885570015558649,1.0,0.006483246,0.012891160001840008,0.006855265,0.012619160015558649,1.0079370599515753,5.512642e-10,5.581626e-12,0.006985227,0.012762970015558648,1.0,0.006823909,0.012265560016888758,0.006855265,0.012619160015558649,0.9818413402476082
20,40,0.40740000000000004,90.0,0.208,4370.0,378.16464669717294,15,0.9377,0.03,0.05,0.0392,1000.0,4097.749,378.0633655502244,0.0074,1.5707963267948966,0.5000000000000001,0.5000000000000001,0.9999999999999998,0.20375143336017007,1.1170777905290001,1.03734225,0.19940000000000002,0.4,4.01341260817504,0.16247112000000005,0.20573512000000005,0.45358033467071746,1.1082066705290001,0.2830796512033913,0.00018861807370764737,21725113.184812788,2004922.642160567,0.0001664104806516526,2727.674204922429,11177324.245546678,1031233.6900375059,28.70550974035471,2.6484056544881716,6.027866707217011e-12,"[0.428,0.523]",0.475,"[0.145,0.206]",0.16,0.0,0.0,0.0,0.0,27.0,1.0986321409017186,0.2124907207097374,0.28568341051719176,0.0,0.0,0.0,0.0,20.0,1.101316656747764,0.20301150849420366,0.28448118921718085,2.48078e-11,4.147426e-14,0.006725225,0.012350770006027868,1.0,0.006483246,0.012891160001840008,0.006602899,0.012209080006027868,1.0324089877008746,5.512642e-10,5.581626e-12,0.006751332,0.012315460006027868,1.0,0.006823909,0.012265560016888758,0.006602899,0.012209070006027868,1.0056803475450902
20,40,0.40740000000000004,90.0,0.213,4260.0,370.6669663920776,15,0.9377,0.03,0.05,0.0392,1000.0,3994.602,370.325280713682,0.0074,1.5707963267948966,0.5000000000000001,0.5000000000000001,0.9999999999999998,0.20875143336017007,1.1304605205290001,1.03734225,0.19440000000000002,0.4,4.01341260817504,0.15839712000000006,0.20376612000000005,0.45140460786305675,1.121663400529,0.27988850057187353,0.00019887253990635777,20086242.182459783,1863841.8685989121,0.0001664104806516526,2783.388128389212,11118527.784439802,1030758.9899808648,28.554509165447502,2.6471865338113165,2.336631256283655e-12,"[0.428,0.523]",0.475,"[0.145,0.206]",0.16,0.0,0.0,0.0,0.0,28.0,1.1200252621700115,0.2217486645261465,0.28110852100989575,0.0,0.0,0.0,0.0,21.0,1.1222527647477638,0.21416823366907276,0.27984940936811914,2.48078e-11,4.147426e-14,0.006485833,0.012024150002336632,1.0,0.006039156,0.012385450000301371,0.006296411,0.01189171000233663,1.021775343316334,5.512642e-10,5.581626e-12,0.006425541,0.01194960000233663,1.0,0.006337736,0.011986430001777026,0.006296411,0.01189171000233663,1.007835276846566
20,40,0.40740000000000004,90.0,0.218,3970.0,342.37479462379594,15,0.9377,0.03,0.05,0.0392,1000.0,3722.669,342.42459381430774,0.0074,1.5707963267948966,0.5000000000000001,0.5000000000000001,0.9999999999999998,0.21375143336017008,1.1438432505290002,1.03734225,0.1894,0.4,4.01341260817504,0.15432312000000006,0.20184712000000005,0.44927399212507285,1.135120130529,0.27655612721439354,0.00020899571661320954,17812178.45191335,1638190.4862549521,0.0001664104806516526,2843.0580957233783,10583764.238148453,973533.013618557,27.1811339416797,2.5002192645631305,9.062574023758797e-13,"[0.428,0.523]",0.475,"[0.145,0.206]",0.16,0.0,0.0,0.0,0.0,29.0,1.142222231699732,0.2312770124833191,0.2761306142567472,0.0,0.0,0.0,0.0,22.0,1.147549748529,0.22764884314053588,0.27413784046540995,2.48078e-11,4.147426e-14,0.0061793,0.011789370000906258,1.0,0.005709225,0.012276710000046986,0.006066539,0.011778780000906259,1.0257429694480336,5.512642e-10,5.581626e-12,0.006211948,0.011791490000906258,1.0,0.00569672,0.012021640000117089,0.006066539,0.011778780000906259,1.0147788798561663
20,40,0.40740000000000004,90.0,0.223,3810.0,336.72614987251325,15,0.9377,0.03,0.05,0.0392,1000.0,3572.6369999999997,335.7995822406716,0.0074,1.5707963267948966,0.5000000000000001,0.5000000000000001,0.9999999999999998,0.21875143336017008,1.1572259805290002,1.03734225,0.1844,0.4,4.01341260817504,0.15024912000000004,0.19997812000000004,0.44718913224719586,1.148576860529,0.27307825572618927,0.0002189822213895973,16314735.403308485,1537687.1589654507,0.0001664104806516526,2907.0167460982148,10385715.586730087,976175.0089064171,26.672507067531438,2.5070044145510497,3.5168023830852326e-13,"[0.428,0.523]",0.475,"[0.145,0.206]",0.16,0.0,0.0,0.0,0.0,29.0,1.142222231699732,0.2312770124833191,0.2761306142567472,0.0,0.0,0.0,0.0,22.0,1.147549748529,0.22764884314053588,0.27413784046540995,2.48078e-11,4.147426e-14,0.005963838,0.011752810000351681,1.0,0.005709225,0.012276710000046986,0.005870839,0.01180621000035168,1.0171422437938695,5.512642e-10,5.581626e-12,0.005903546,0.011728600000351681,1.0,0.00569672,0.012021640000117089,0.005870839,0.01180621000035168,1.0062700867128125
20,40,0.40740000000000004,90.0,0.228,3950.0,348.24775665082706,15,0.9377,0.03,0.05,0.0392,1000.0,3703.915,347.38797817070434,0.0074,1.5707963267948966,0.5000000000000001,0.5000000000000001,0.9999999999999998,0.2237514333601701,1.1706087105290002,1.03734225,0.1794,0.4,4.01341260817504,0.14617512000000005,0.19815912000000005,0.44515067112158785,1.162033590529,0.2694505237815261,0.00022882667292845117,16186552.69771863,1521884.456012329,0.0001664104806516526,2975.634387675988,11021496.843028907,1033699.6137099833,28.305315121095074,2.6547386188403035,1.3654620317180685e-13,"[0.428,0.523]",0.475,"[0.145,0.206]",0.16,0.0,0.0,0.0,0.0,30.0,1.168082462820824,0.2422808796771726,0.27002868443562383,0.0,0.0,0.0,0.0,22.0,1.147549748529,0.22764884314053588,0.27413784046540995,2.48078e-11,4.147426e-14,0.005678476,0.011811760000136546,1.0,0.005227471,0.012545140000005518,0.005575843,0.011934160000136546,1.0311068003211332,5.512642e-10,5.581626e-12,0.00571112,0.011851380000136547,1.0,0.00569672,0.012021640000117089,0.005575843,0.011934160000136546,0.9924782808276392
20,40,0.40740000000000004,90.0,0.233,3820.0,339.70281131293694,15,0.9377,0.03,0.05,0.0392,1000.0,3582.014,338.5269004313443,0.0074,1.5707963267948966,0.5000000000000001,0.5000000000000001,0.9999999999999998,0.2287514333601701,1.1839914405290002,1.03734225,0.1744,0.4,4.01341260817504,0.14210112000000005,0.19639012000000006,0.4431592490290596,1.1754903205290002,0.2656684839419344,0.00023852370480863626,15017434.023481198,1424188.8938689556,0.0001664104806516526,3049.3244188409863,10922722.758830277,1032278.3439198494,28.051644352155176,2.6510885257672125,5.3045298604649943e-14,"[0.428,0.523]",0.475,"[0.100,0.145]",0.12,0.0,0.0,0.0,0.0,30.0,1.168082462820824,0.2422808796771726,0.27002868443562383,0.0,0.0,0.0,0.0,14.0,1.1582206585290002,0.2120195486814606,0.2667232250027974,2.48078e-11,4.147426e-14,0.005487617,0.012047920000053046,1.0,0.005227471,0.012545140000005518,0.005399175,0.012232080000053045,1.0002919368660785,2.094834e-09,3.932807e-11,0.005429253,0.012071970000053046,1.0,0.00583533,0.010891040005105152,0.005399175,0.012232080000053045,0.9145153760758905
20,40,0.40740000000000004,90.0,0.238,3960.0,351.8195560350307,15,0.9377,0.03,0.05,0.0392,1000.0,3713.292,350.6397584986157,0.0074,1.5707963267948966,0.5000000000000001,0.5000000000000001,0.9999999999999998,0.23375143336017007,1.1973741705290002,1.03734225,0.16940000000000002,0.4,4.01341260817504,0.13802712000000006,0.19467112000000006,0.4412155029007934,1.188947050529,0.26172760586621874,0.00024806797997371934,14968848.459980167,1418238.4847585042,0.0001664104806516526,3128.5497096317417,11617218.60837787,1096993.9146361882,29.835242728284175,2.8172905079894455,2.0618174348030552e-14,"[0.428,0.523]",0.475,"[0.100,0.145]",0.12,0.0,0.0,0.0,0.0,31.0,1.1926809162842384,0.25265349491235944,0.26391571801581654,0.0,0.0,0.0,0.0,15.0,1.1910777886594348,0.22952891436204323,0.25786097506205513,2.48078e-11,4.147426e-14,0.005330594,0.012402860000020619,1.0,0.004932382,0.013255660000000736,0.005135431,0.01262855000002062,1.028772184550492,2.094834e-09,3.932807e-11,0.005256363,0.012453490000020618,1.0,0.005171392,0.012169290000149253,0.005135431,0.01262855000002062,0.9843752443143527
20,40,0.40740000000000004,90.0,0.243,4080.0,362.81124570642635,15,0.9377,0.03,0.05,0.0392,1000.0,3825.816,361.5567932911717,0.0074,1.5707963267948966,0.5000000000000001,0.5000000000000001,0.9999999999999998,0.23875143336017007,1.2107569005290002,1.03734225,0.16440000000000002,0.4,4.01341260817504,0.13395312000000006,0.19300212000000005,0.43932006555585423,1.202403780529,0.25762327895502823,0.00025745420590412985,14860180.61567286,1409226.3299109943,0.0001664104806516526,3213.830147715191,12295522.80041114,1161982.1223903971,31.577257826315552,2.984192674350049,8.018443686567459e-15,"[0.428,0.523]",0.475,"[0.100,0.145]",0.12,0.0,0.0,0.0,0.0,31.0,1.1926809162842384,0.25265349491235944,0.26391571801581654,0.0,0.0,0.0,0.0,15.0,1.1910777886594348,0.22952891436204323,0.25786097506205513,2.48078e-11,4.147426e-14,0.005060037,0.012859920000008018,1.0,0.004932382,0.013255660000000736,0.004976355,0.013171870000008018,0.978959927001199,2.094834e-09,3.932807e-11,0.005004596,0.012928750000008017,1.0,0.005171392,0.012169290000149253,0.004976355,0.013171870000008018,0.9367126481329061
20,40,0.40740000000000004,90.0,0.248,4060.0,364.1345904656822,15,0.9377,0.03,0.05,0.0392,1000.0,3807.062,362.52263838697826,0.0074,1.5707963267948966,0.5000000000000001,0.5000000000000001,0.9999999999999998,0.24375143336017008,1.224139630529,1.03734225,0.15940000000000001,0.4,4.01341260817504,0.12987912000000004,0.19138312000000005,0.43747356491564154,1.2158605105290001,0.25335081546432026,0.00026667715044433466,14275921.254058374,1365451.0326773967,0.0001664104806516526,3305.7516045133743,12585201.314981896,1198409.7935201752,32.321207741242226,3.0777459117316077,3.1200901988967545e-15,"[0.428,0.523]",0.475,"[0.100,0.145]",0.12,0.0,0.0,0.0,0.0,32.0,1.2158326153826586,0.2623341861281935,0.2578805782134227,0.0,0.0,0.0,0.0,16.0,1.2185850597898695,0.2441873725775278,0.25038865229968665,2.48078e-11,4.147426e-14,0.00491406,0.01345012000000312,1.0,0.004629331,0.014235110000000113,0.004842727,0.01381929000000312,1.0023257433125004,2.094834e-09,3.932807e-11,0.004849029,0.013544030000003121,1.0,0.004729826,0.013722910000007764,0.004842727,0.01381929000000312,1.00408236439391
20,40,0.40740000000000004,90.0,0.253,3970.0,354.20403725528416,15,0.9377,0.03,0.05,0.0392,1000.0,3722.669,352.84540565384845,0.0074,1.5707963267948966,0.5000000000000001,0.5000000000000001,0.9999999999999998,0.24875143336017008,1.237522360529,1.03734225,0.1544,0.4,4.01341260817504,0.12580512000000005,0.18981412000000003,0.435676623196609,1.229317240529,0.24890545412356646,0.00027573165823899974,13501057.599897545,1284596.9139614205,0.0001664104806516526,3404.976643302699,12675600.995747015,1201430.36494802,32.55337143800194,3.085503317765345,1.2147366239701901e-15,"[0.428,0.523]",0.475,"[0.100,0.145]",0.12,0.0,0.0,0.0,0.0,33.0,1.2390150285777806,0.27195013173140936,0.25155675264718014,0.0,0.0,0.0,0.0,16.0,1.2185850597898695,0.2441873725775278,0.25038865229968665,2.48078e-11,4.147426e-14,0.00467952,0.014135010000001214,1.0,0.004453043,0.015509700000000017,0.004600983,0.014570010000001214,1.0428201181173204,2.094834e-09,3.932807e-11,0.004713271,0.014259380000001215,1.0,0.004729826,0.013722910000007764,0.004600983,0.014570000000001214,0.9438398177338294
20,40,0.40740000000000004,90.0,0.258,4420.0,399.6035535793621,15,0.9377,0.03,0.05,0.0392,1000.0,4144.634,397.47834439162807,0.0074,1.5707963267948966,0.5000000000000001,0.5000000000000001,0.9999999999999998,0.2537514333601701,1.250905090529,1.03734225,0.1494,0.4,4.01341260817504,0.12173112000000004,0.18829512000000004,0.43392985608275453,1.2427739705290002,0.24428236429600375,0.00028461266772427193,14562366.577496309,1404025.8881466633,0.0001664104806516526,3512.2573772567407,14557021.342529114,1396046.2473892912,37.38521928492943,3.5853141836146962,4.731902973767217e-16,"[0.428,0.523]",0.475,"[0.100,0.145]",0.12,0.0,0.0,0.0,0.0,33.0,1.2390150285777806,0.27195013173140936,0.25155675264718014,0.0,0.0,0.0,0.0,17.0,1.248986081181174,0.2603878927839626,0.2421289383430454,2.48078e-11,4.147426e-14,0.00454474,0.014936260000000473,1.0,0.004453043,0.015509700000000017,0.004472053,0.015427310000000473,0.9717806850293965,2.094834e-09,3.932807e-11,0.004486705,0.015069990000000474,1.0,0.004429488,0.015853970000000293,0.004472053,0.015427310000000473,1.034885234220399
20,40,0.40740000000000004,90.0,0.263,4470.0,407.37390689122867,15,0.9377,0.03,0.05,0.0392,1000.0,4191.519,404.8488823918479,0.0074,1.5707963267948966,0.5000000000000001,0.5000000000000001,0.9999999999999998,0.2587514333601701,1.264287820529,1.03734225,0.1444,0.4,4.01341260817504,0.11765712000000005,0.18682612000000004,0.4322338718795648,1.256230700529,0.23947665071962002,0.00029331522861235696,14290151.315462308,1388860.403936308,0.0001664104806516526,3628.450998401533,15208721.300368996,1468974.3315164454,39.05890961336514,3.77260747342791,1.8442898772742806e-16,"[0.428,0.523]",0.475,"[0.100,0.145]",0.12,0.0,0.0,0.0,0.0,34.0,1.2621279115046098,0.28146177096646297,0.2449648207496135,0.0,0.0,0.0,0.0,17.0,1.248986081181174,0.2603878927839626,0.2421289383430454,2.48078e-11,4.147426e-14,0.004426504,0.015825560000000183,1.0,0.004224848,0.017010150000000005,0.004360594,0.016370020000000183,1.0071977960012468,2.094834e-09,3.932807e-11,0.004357786,0.015983960000000182,1.0,0.004429488,0.015853970000000293,0.004360594,0.016370020000000183,0.9599203201292421
20,40,0.40740000000000004,90.0,0.268,4790.0,438.18318084567505,15,0.9377,0.03,0.05,0.0392,1000.0,4491.583,435.28801318751215,0.0074,1.5707963267948966,0.5000000000000001,0.5000000000000001,0.9999999999999998,0.2637514333601701,1.277670550529,1.03734225,0.1394,0.4,4.01341260817504,0.11358312000000004,0.18540712000000004,0.43058927065127856,1.2696874305290002,0.23448335886884278,0.0003018345197996011,14880945.370271513,1451733.158740759,0.0001664104806516526,3754.5386479265226,16863821.963869754,1634305.668491664,43.309525160848956,4.197210016905067,7.192223852529251e-17,"[0.428,0.523]",0.475,"[0.100,0.145]",0.12,0.0,0.0,0.0,0.0,34.0,1.2621279115046098,0.28146177096646297,0.2449648207496135,0.0,0.0,0.0,0.0,18.0,1.281203510529,0.27755636579119297,0.23342894150434515,2.48078e-11,4.147426e-14,0.004218203,0.01680586000000007,1.0,0.004224848,0.017010150000000005,0.004148216,0.01740826000000007,0.9315807787901838,2.094834e-09,3.932807e-11,0.004241056,0.016979540000000074,1.0,0.004106304,0.01843288000000001,0.004148216,0.01740826000000007,1.0600021074503392
20,40,0.40740000000000004,90.0,0.273,4890.0,453.22124843535835,15,0.9377,0.03,0.05,0.0392,1000.0,4585.353,449.5927269958216,0.0074,1.5707963267948966,0.5000000000000001,0.5000000000000001,0.9999999999999998,0.2687514333601701,1.291053280529,1.03734225,0.1344,0.4,4.01341260817504,0.10950912000000003,0.18403812000000003,0.4289966433435115,1.2831441605290002,0.2292974809780602,0.0003101658676203674,14783551.250108274,1461222.1902833162,0.0001664104806516526,3891.648497814776,17844582.114400476,1749656.8606417377,45.82830509740026,4.493453974500261,2.806331595800222e-17,"[0.428,0.523]",0.475,"[0.100,0.145]",0.12,0.0,0.0,0.0,0.0,35.0,1.28657115998275,0.29144085288722754,0.23767254754740613,0.0,0.0,0.0,0.0,18.0,1.281203510529,0.27755636579119297,0.23342894150434515,2.48078e-11,4.147426e-14,0.004102785,0.017866220000000026,1.0,0.004089247,0.01880673,0.004035198,0.018516780000000028,0.9737780466731949,2.094834e-09,3.932807e-11,0.004044748,0.018057880000000026,1.0,0.004106304,0.01843288000000001,0.004035198,0.018516780000000028,0.976163923105869
20,40,0.40740000000000004,90.0,0.278,5240.0,490.2336177705474,15,0.9377,0.03,0.05,0.0392,1000.0,4913.548,485.827781356446,0.0074,1.5707963267948966,0.5000000000000001,0.5000000000000001,0.9999999999999998,0.2737514333601701,1.304436010529,1.03734225,0.1294,0.4,4.01341260817504,0.10543512000000002,0.18271912000000004,0.4274565708934652,1.296600890529,0.22391396276909786,0.0003183047643612762,15436614.685487768,1540139.1140163138,0.0001664104806516526,4041.084182660822,19856061.103544716,1963270.9627367342,50.994168451360316,5.0420559076336,1.0956144855183381e-17,"[0.340,0.428]",0.38,"[0.100,0.145]",0.12,0.0,0.0,0.0,0.0,24.0,1.2851995086771484,0.2573856087496499,0.21297747474370454,0.0,0.0,0.0,0.0,18.0,1.281203510529,0.27755636579119297,0.23342894150434515,6.542464e-10,7.733592e-12,0.003996538,0.01899164000000001,1.0,0.003604479,0.01794544000000109,0.003930728,0.01968557000000001,0.9670284810122999,2.094834e-09,3.932807e-11,0.003930345,0.01920421000000001,1.0,0.004106304,0.01843288000000001,0.003930727,0.01968557000000001,0.8970904121499086
20,40,0.40740000000000004,90.0,0.283,5030.0,481.7981942603619,15,0.9377,0.03,0.05,0.0392,1000.0,4716.631,476.3170542826494,0.0074,1.5707963267948966,0.5000000000000001,0.5000000000000001,0.9999999999999998,0.27875143336017005,1.3178187405289998,1.03734225,0.12440000000000005,0.4,4.01341260817504,0.10136112000000008,0.18145012000000005,0.425969623330115,1.3100576205289998,0.2183277109255874,0.00032624688694292214,14457244.46353166,1476790.1658005826,0.0001664104806516526,4204.3600867209525,19830415.120190736,2002608.4116504684,50.92830465347846,5.143082011748259,4.279774110491729e-18,"[0.340,0.428]",0.38,"[0.100,0.145]",0.12,0.0,0.0,0.0,0.0,25.0,1.3119829812697408,0.26853393620385735,0.20019834440079357,0.0,0.0,0.0,0.0,19.0,1.3106228055926925,0.29323372998247443,0.2255757648837981,6.542464e-10,7.733592e-12,0.003820302,0.020182530000000004,1.0,0.003307124,0.02059756000000013,0.003756003,0.020915760000000002,1.0866417917965236,2.094834e-09,3.932807e-11,0.003821651,0.020404040000000002,1.0,0.003929735,0.02091553,0.003756003,0.020915760000000002,0.9640076568953484
20,40,0.40740000000000004,90.0,0.288,5490.0,536.2839732705974,15,0.9377,0.03,0.05,0.0392,1000.0,5147.973,529.1576595241964,0.0074,1.5707963267948966,0.5000000000000001,0.5000000000000001,0.9999999999999998,0.28375143336017006,1.3312014705289998,1.03734225,0.11940000000000005,0.4,4.01341260817504,0.09728712000000007,0.18023112000000008,0.42453635886694097,1.323514350529,0.21253360135773874,0.0003339881156691384,15413641.25991771,1605697.7721981613,0.0001664104806516526,4383.245495422699,22564829.462807678,2319427.927477852,57.95080447739022,5.956735216909672,1.6727446204610391e-18,"[0.340,0.428]",0.38,"[0.070,0.100]",0.093,0.0,0.0,0.0,0.0,25.0,1.3119829812697408,0.26853393620385735,0.20019834440079357,0.0,0.0,0.0,0.0,10.0,1.2696817066828463,0.2570283297898619,0.2262074050304832,6.542464e-10,7.733592e-12,0.003715529,0.0214144,1.0,0.003307124,0.02059756000000013,0.003652099,0.02217693,0.9960498794677705,5.055756e-09,1.043033e-10,0.003719968,0.02164334,1.0,0.003993222,0.016943800000000907,0.003652099,0.02217693,0.7220684698298453
20,40,0.40740000000000004,90.0,0.293,5340.0,550.7985112914653,15,0.9377,0.03,0.05,0.0392,1000.0,5007.318,540.7582810414166,0.0074,1.5707963267948966,0.5000000000000001,0.5000000000000001,0.9999999999999998,0.28875143336017006,1.3445842005289999,1.03734225,0.11440000000000004,0.4,4.01341260817504,0.09321312000000005,0.17906212000000005,0.4231573229899254,1.3369710805289998,0.20652648830134523,0.00034152455293734425,14661663.288725944,1612764.0210761486,0.0001664104806516526,4579.82032306457,22932616.74044704,2476575.7653789422,58.89535265803924,6.360320967170314,6.541625221129606e-19,"[0.340,0.428]",0.38,"[0.070,0.100]",0.093,0.0,0.0,0.0,0.0,26.0,1.337073917566037,0.2788851317010691,0.1874472605844498,0.0,0.0,0.0,0.0,11.0,1.425925996298231,0.34028996559062813,0.18214061473217558,6.542464e-10,7.733592e-12,0.003614995,0.02267373,1.0,0.003041723,0.02317730000000002,0.00355186,0.02345662,1.104197027100185,5.055756e-09,1.043033e-10,0.00355473,0.02292205,1.0,0.003371742,0.03035902,0.00355186,0.02345662,1.4913483209856782
20,40,0.40740000000000004,90.0,0.298,5320.0,585.7584826417533,15,0.9377,0.03,0.05,0.0392,1000.0,4988.564,571.9833924548303,0.0074,1.5707963267948966,0.5000000000000001,0.5000000000000001,0.9999999999999998,0.29375143336017007,1.3579669305289999,1.03734225,0.10940000000000004,0.4,4.01341260817504,0.08913912000000006,0.17794312000000007,0.4218330475436936,1.350427810529,0.20030121429484385,0.0003488525417976326,14299921.606688015,1679100.5151441565,0.0001664104806516526,4796.546119905417,23927877.29809985,2743544.721729554,61.45137241771261,7.045948386447171,2.5597084825046144e-19,"[0.340,0.428]",0.38,"[0.070,0.100]",0.093,0.0,0.0,0.0,0.0,26.0,1.337073917566037,0.2788851317010691,0.1874472605844498,0.0,0.0,0.0,0.0,11.0,1.425925996298231,0.34028996559062813,0.18214061473217558,6.542464e-10,7.733592e-12,0.003472521,0.02394973,1.0,0.003041723,0.02317730000000002,0.003456193,0.02473674,1.0120192362703955,5.055756e-09,1.043033e-10,0.003452556,0.02420224,1.0,0.003371742,0.03035902,0.003456193,0.02473674,1.366851342446265
20,40,0.12739999999999999,140.0,0.0375,19900.0,1902.2223844774587,16,1.0015,0.0611,0.05,0.0357,0.0507,19929.850000000002,2260.02256263508,0.0074,2.443460952792061,0.8830222215594888,0.11697777844051105,7.548632170413027,0.036821326496131755,0.9157590175552444,1.127136111111111,0.0899,0.12,4.01341260817504,0.04045393235719372,0.041860182357193715,0.2045976108296324,0.9102727651718063,0.06016097200617834,0.00010938652277404585,182196576.82297912,17389915.468899056,0.00013869738514267116,464.43753888372197,9256170.484321747,1049639.3168119187,23.771618873984476,2.6956748297436666,0.0006171364626448122,"[0.186,0.223]",0.205,"[0.035,0.045]",0.04,0.0,0.0,0.0,0.0,0.0,0.9172361775290001,0.04114579578094679,0.05976933726939024,0.0,0.0,0.0,0.0,0.0,0.9172361775290001,0.040968862473928204,0.05977013522550072,2.203918e-08,1.633651e-10,0.02803416,0.013548726462644812,1.0,0.02654147,0.014722913197006422,0.02798243,0.013644226462644812,1.0588049764371124,2.589981e-08,1.887024e-10,0.02800818,0.013598996462644812,1.0,0.02660767,0.014639427117124492,0.02798243,0.013644226462644812,1.054272563742199
20,40,0.12739999999999999,140.0,0.0425,18200.0,2910.034364333203,16,1.0015,0.0611,0.05,0.0357,0.0507,18227.3,3119.344872834672,0.0074,2.443460952792061,0.8830222215594888,0.11697777844051105,7.548632170413027,0.04182132649613176,0.9272610008869872,1.127136111111111,0.08489999999999999,0.12,4.01341260817504,0.03820399173666014,0.040010241736660145,0.20002560270290437,0.92190543579234,0.05948468674734884,0.00015181085435589107,120065854.8253054,19168816.20013278,0.00013869738514267116,470.3939974815836,8574012.51029607,1467321.1042563834,22.01970652558351,3.7683616691393174,0.0008234473634667281,"[0.186,0.223]",0.205,"[0.035,0.045]",0.04,0.0,0.0,0.0,0.0,0.0,0.9172361775290001,0.04114579578094679,0.05976933726939024,0.0,0.0,0.0,0.0,0.0,0.9172361775290001,0.040968862473928204,0.05977013522550072,2.203918e-08,1.633651e-10,0.02580585,0.014653487363466729,1.0,0.02654147,0.014722913197006422,0.02563974,0.01469078736346673,1.0042285309432906,2.589981e-08,1.887024e-10,0.02572611,0.014668997363466729,1.0,0.02660767,0.014639427117124492,0.02563974,0.01469078736346673,0.9999297429289409
20,40,0.12739999999999999,140.0,0.0475,16500.0,1761.7179117713001,16,1.0015,0.0611,0.05,0.0357,0.0507,16524.75,2032.0763657821276,0.0074,2.443460952792061,0.8830222215594888,0.11697777844051105,7.548632170413027,0.04682132649613176,0.9387629842187298,1.127136111111111,0.0799,0.12,4.01341260817504,0.03595405111612657,0.03821030111612657,0.19547455362815533,0.9335381064128735,0.058669354464258104,0.00019414553654074584,85115271.2260882,9074212.79500579,0.00013869738514267116,477.7583581615252,7894837.429029664,970841.4681749083,20.27545481717783,2.493306860283542,0.0010480910020900915,"[0.186,0.223]",0.205,"[0.035,0.045]",0.04,0.0,0.0,0.0,0.0,1.0,0.9372361775290001,0.051303261603419914,0.05845908330022473,0.0,0.0,0.0,0.0,1.0,0.9372361775290001,0.05162674136418723,0.058468452167634515,2.203918e-08,1.633651e-10,0.02316042,0.014649111002090091,1.0,0.02239663,0.015333257077299862,0.02302757,0.014627691002090092,1.0399315226356074,2.589981e-08,1.887024e-10,0.02310143,0.014635961002090091,1.0,0.02239472,0.015462187175386806,0.02302757,0.014627691002090092,1.0473260899554389
20,40,0.1674,140.0,0.0375,13200.0,1114.48687742387,17,0.8597,0.0367,0.05,0.0362,0.0512,11348.04,1073.6314168066908,0.0074,2.443460952792061,0.8830222215594888,0.11697777844051105,7.548632170413027,0.036295739603187264,0.8814977553587362,1.0946390624999998,0.1299,0.16,4.01341260817504,0.07680619117435475,0.07821244117435475,0.27966487297183884,0.8739205063546454,0.061073620911169114,-1.3642663941314646e-05,-831805287.3555186,-81691294.47283556,7.801727914275251e-05,811.7496193694717,9211767.15058954,871519.8939359379,23.657582607257943,2.2382300320453288,0.00031702318034310285,"[0.270,0.340]",0.3,"[0.070,0.100]",0.093,0.0,0.0,0.0,0.0,0.0,0.8599996525630798,0.03640625624950056,0.06126353885721877,0.0,0.0,0.0,0.0,0.0,0.8834385716743224,0.05120170203412138,0.060522256797763734,4.406679e-09,8.478459e-11,0.02013657,0.014144673180343103,1.0,0.01647601,0.013263993057365451,0.02035813,0.014385333180343103,0.9034514836064129,5.055756e-09,1.043033e-10,0.02028155,0.014296943180343103,1.0,0.01886037,0.019432256134201152,0.02035813,0.014385333180343103,1.299238886107909
20,40,0.1674,140.0,0.0425,12900.0,1100.1249929384096,17,0.8597,0.0367,0.05,0.0362,0.0512,11090.130000000001,1057.6535169844585,0.0074,2.443460952792061,0.8830222215594888,0.11697777844051105,7.548632170413027,0.04129573960318727,0.8937061564677266,1.0946390624999998,0.1249,0.16,4.01341260817504,0.07384983277657359,0.07565608277657358,0.27505650833342155,0.8862595947524265,0.06072928759409449,1.25095943232118e-05,886529947.611654,87942499.53390622,7.801727914275251e-05,816.9510893657109,9060093.784707353,864051.1928719288,23.268056349806997,2.2190489770422825,0.00042887448762008845,"[0.270,0.340]",0.3,"[0.070,0.100]",0.093,0.0,0.0,0.0,0.0,1.0,0.8832257966749965,0.04824907105315002,0.060612874896574305,0.0,0.0,0.0,0.0,0.0,0.8834385716743224,0.05120170203412138,0.060522256797763734,4.406679e-09,8.478459e-11,0.0221486,0.01659223448762009,1.0,0.01982737,0.018632052556878564,0.02218259,0.016787274487620088,1.0823567164712196,5.055756e-09,1.043033e-10,0.02217311,0.01670418448762009,1.0,0.01886037,0.019432256134201152,0.02218259,0.016787274487620088,1.1191855088163416
20,40,0.1674,140.0,0.0475,14100.0,1216.4945540553658,17,0.8597,0.0367,0.05,0.0362,0.0512,12121.77,1166.839939013735,0.0074,2.443460952792061,0.8830222215594888,0.11697777844051105,7.548632170413027,0.046295739603187266,0.9059145575767169,1.0946390624999998,0.1199,0.16,4.01341260817504,0.07089347437879243,0.07314972437879243,0.27046205718879024,0.8985986831502076,0.060321821774236214,3.864008874596278e-05,313709683.21770525,31482706.006529775,7.801727914275251e-05,823.1832316042876,9978437.801363906,960523.0717622761,25.626539698416504,2.4668072417504514,0.0005529282307568479,"[0.270,0.340]",0.3,"[0.070,0.100]",0.093,0.0,0.0,0.0,0.0,2.0,0.896628803539834,0.05501890248377339,0.0601586176039356,0.0,0.0,0.0,0.0,1.0,0.9031708323686669,0.0617169042696885,0.059824359334036174,4.406679e-09,8.478459e-11,0.0225329,0.01838409823075685,1.0,0.01933333,0.020627065722936856,0.02249157,0.01852715823075685,1.0843257426241282,5.055756e-09,1.043033e-10,0.02251543,0.018458228230756848,1.0,0.01777482,0.021935676937760502,0.02249157,0.01852715823075685,1.1434044773846541
20,40,0.2074,140.0,0.0525,9370.0,762.3080086257959,18,0.8893,0.0342,0.05,0.0519,0.1041,8332.741,749.8446417775476,0.0074,2.443460952792061,0.8830222215594888,0.11697777844051105,7.548632170413027,0.05062187711281347,0.8746782653849804,1.0753689999999998,0.1549,0.2,4.01341260817504,0.11347280590239099,0.11622905590239099,0.3409238271262233,0.8654020816266091,0.06073866858442085,-2.0644400116773526e-05,-403632023.83534837,-36925655.592502415,4.9931058651361606e-05,1276.263432089191,10634772.627370317,956999.2960487029,27.312133256138292,2.457757510719422,0.0003153475721770857,"[0.340,0.428]",0.38,"[0.100,0.145]",0.12,0.0,0.0,0.0,0.0,3.0,0.8723872420289507,0.070085687188716,0.060136242260727085,0.0,0.0,0.0,0.0,1.0,0.8656776655681202,0.05612515922291282,0.06062968140025641,6.542464e-10,7.733592e-12,0.01555605,0.018321157572177085,1.0,0.0118138,0.02151222242431612,0.01554368,0.018614327572177083,1.13056593106663,2.094834e-09,3.932807e-11,0.01555722,0.018481707572177083,1.0,0.01431265,0.01932100154506152,0.01554368,0.018614327572177083,1.0290652263115805
20,40,0.2074,140.0,0.0575,10100.0,831.5804230815529,18,0.8893,0.0342,0.05,0.0519,0.1041,8981.93,816.2177518856446,0.0074,2.443460952792061,0.8830222215594888,0.11697777844051105,7.548632170413027,0.055621877112813474,0.8875930842712183,1.0753689999999998,0.1499,0.2,4.01341260817504,0.10981002972736222,0.11311627972736221,0.33632763747179956,0.8784475878016379,0.060416298148175666,-2.6339928343360613e-06,-3410005480.240433,-315710966.347851,4.9931058651361606e-05,1283.9542391132732,11532387.098918682,1047986.2425730792,29.61737916205186,2.6914294184428855,0.0003845736778728678,"[0.270,0.340]",0.3,"[0.100,0.145]",0.12,0.0,0.0,0.0,0.0,1.0,0.8832257966749965,0.04824907105315002,0.060612874896574305,0.0,0.0,0.0,0.0,2.0,0.882850844054246,0.06527664204620932,0.06012018722525654,4.406679e-09,8.478459e-11,0.01574155,0.020266713677872868,1.0,0.01982737,0.018632052556878564,0.01567645,0.02050483367787287,0.9354350461967521,2.094834e-09,3.932807e-11,0.0157147,0.02039178367787287,1.0,0.01400137,0.021870067751968342,0.01567645,0.02050483367787287,1.0570782793194013
20,40,0.2074,140.0,0.0625,10300.0,854.5519293733408,18,0.8893,0.0342,0.05,0.0519,0.1041,9159.789999999999,837.6250453571148,0.0074,2.443460952792061,0.8830222215594888,0.11697777844051105,7.548632170413027,0.06062187711281347,0.9005079031574562,1.0753689999999998,0.1449,0.2,4.01341260817504,0.10614725355233345,0.11005350355233345,0.33174312886981316,0.8914930939766665,0.06004978816497987,1.536333848565356e-05,596210908.7522548,55622801.65677076,4.9931058651361606e-05,1292.7987627204438,11841765.178779094,1082880.6222613337,30.411921334202198,2.781044869692223,0.0004580878536229882,"[0.270,0.340]",0.3,"[0.100,0.145]",0.12,0.0,0.0,0.0,0.0,2.0,0.896628803539834,0.05501890248377339,0.0601586176039356,0.0,0.0,0.0,0.0,3.0,0.8980617832153133,0.073382459415497,0.059613399112670676,4.406679e-09,8.478459e-11,0.0159103,0.021742907853622987,1.0,0.01933333,0.020627065722936856,0.01590162,0.02192892785362299,0.9604565393865293,2.094834e-09,3.932807e-11,0.01591236,0.021828617853622986,1.0,0.01453131,0.023310048401236814,0.01590162,0.02192892785362299,1.0585460789170833
20,40,0.2074,140.0,0.0675,11000.0,920.8957595432008,18,0.8893,0.0342,0.05,0.0519,0.1041,9782.3,901.2268301300373,0.0074,2.443460952792061,0.8830222215594888,0.11697777844051105,7.548632170413027,0.06562187711281348,0.9134227220436942,1.0753689999999998,0.1399,0.2,4.01341260817504,0.1024844773773047,0.1070407273773047,0.32717079236586005,0.9045386001516954,0.05963577641192591,3.33449555816353e-05,293366712.57668704,27617243.552436553,4.9931058651361606e-05,1302.9208241738847,12745562.378316192,1174227.2042806458,32.733045669926305,3.0156403902568343,0.0005352813109235661,"[0.270,0.340]",0.3,"[0.100,0.145]",0.12,0.0,0.0,0.0,0.0,3.0,0.9155247687318737,0.06448557948554778,0.059422596801885955,0.0,0.0,0.0,0.0,3.0,0.8980617832153133,0.073382459415497,0.059613399112670676,4.406679e-09,8.478459e-11,0.01641989,0.022690451310923565,1.0,0.0185881,0.022002367536737254,0.01646331,0.022789321310923566,0.9810306177052036,2.094834e-09,3.932807e-11,0.01644728,0.022734491310923567,1.0,0.01453131,0.023310048401236814,0.01646331,0.022789321310923566,1.0125169591105987
20,40,0.2074,140.0,0.0725,11200.0,946.3212984655316,18,0.8893,0.0342,0.05,0.0519,0.1041,9960.16,924.6344238924898,0.0074,2.443460952792061,0.8830222215594888,0.11697777844051105,7.548632170413027,0.07062187711281347,0.9263375409299323,1.0753689999999998,0.1349,0.2,4.01341260817504,0.09882170120227593,0.10407795120227593,0.3226111455022531,0.9175841063267242,0.05917063067808042,5.130795747045419e-05,194125053.71580192,18443947.978449017,4.9931058651361606e-05,1314.4626223026594,13092258.032154055,1215397.389501031,33.6234265204368,3.1213733122776692,0.0006155872195898888,"[0.270,0.340]",0.3,"[0.070,0.100]",0.093,0.0,0.0,0.0,0.0,3.0,0.9155247687318737,0.06448557948554778,0.059422596801885955,0.0,0.0,0.0,0.0,2.0,0.9224904349396676,0.07201220349017164,0.05903501236437732,4.406679e-09,8.478459e-11,0.01705096,0.023058037219589888,1.0,0.0185881,0.022002367536737254,0.01709213,0.02307131721958989,0.9603421293727098,5.055756e-09,1.043033e-10,0.01707742,0.02306050721958989,1.0,0.01773394,0.02272194855029541,0.01709213,0.02307131721958989,0.9909435270544004
20,40,0.2074,140.0,0.0775,11700.0,998.4643208293991,18,0.8893,0.0342,0.05,0.0519,0.1041,10404.81,973.9298625393519,0.0074,2.443460952792061,0.8830222215594888,0.11697777844051105,7.548632170413027,0.07562187711281347,0.9392523598161702,1.0753689999999998,0.12990000000000002,0.2,4.01341260817504,0.0951589250272472,0.1011651750272472,0.3180647340200532,0.9306296125017529,0.058650424771593546,6.924915566496781e-05,150251795.8535002,14418433.138160387,4.9931058651361606e-05,1327.5882728271617,13813303.73699478,1292977.8640634133,35.47521001072903,3.320614831919465,0.0006984616556230433,"[0.270,0.340]",0.3,"[0.070,0.100]",0.093,0.0,0.0,0.0,0.0,4.0,0.9367313410133745,0.07500452418247916,0.05846627243209733,0.0,0.0,0.0,0.0,2.0,0.9224904349396676,0.07201220349017164,0.05903501236437732,4.406679e-09,8.478459e-11,0.01750107,0.022819361655623042,1.0,0.0184571,0.021734297849683917,0.01750404,0.02276504165562304,0.9652071038582071,5.055756e-09,1.043033e-10,0.01751103,0.022784281655623042,1.0,0.01773394,0.02272194855029541,0.01750404,0.02276504165562304,0.9934345720277773
20,40,0.2074,140.0,0.0825,11100.0,968.8518979037477,18,0.8893,0.0342,0.05,0.0519,0.1041,9871.23,941.5231765617666,0.0074,2.443460952792061,0.8830222215594888,0.11697777844051105,7.548632170413027,0.08062187711281348,0.9521671787024082,1.0753689999999998,0.12490000000000001,0.2,4.01341260817504,0.09149614885221842,0.09830239885221842,0.313532133683644,0.9436751186767817,0.05807091218351843,8.716504706579317e-05,113247572.64857648,11115142.25618954,4.9931058651361606e-05,1342.4881981032315,13252009.775762562,1263983.7527748367,34.03369959934651,3.246152400149288,0.0007833327822091181,"[0.270,0.340]",0.3,"[0.070,0.100]",0.093,0.0,0.0,0.0,0.0,4.0,0.9367313410133745,0.07500452418247916,0.05846627243209733,0.0,0.0,0.0,0.0,3.0,0.9431102736512429,0.0830003906764038,0.05808682182516811,4.406679e-09,8.478459e-11,0.0176266,0.02204751278220912,1.0,0.0184571,0.021734297849683917,0.01757508,0.02189309278220912,0.9913463179710744,5.055756e-09,1.043033e-10,0.01761607,0.02197921278220912,1.0,0.01745322,0.022029052204704563,0.01757508,0.02189309278220912,1.0049131157145175
20,40,0.2074,140.0,0.0875,10500.0,931.7827000252693,18,0.8893,0.0342,0.05,0.0519,0.1041,9337.65,903.0989450252987,0.0074,2.443460952792061,0.8830222215594888,0.11697777844051105,7.548632170413027,0.08562187711281347,0.9650819975886459,1.0753689999999998,0.11990000000000002,0.2,4.01341260817504,0.08783337267718967,0.09548962267718968,0.30901395223709505,0.9567206248518102,0.0574274971623067,0.00010505178432012199,88886162.76659885,8869746.535535926,4.9931058651361606e-05,1359.3846155690912,12693457.755568724,1227658.8122040676,32.59923101778441,3.152862994521866,0.0008694435342369955,"[0.270,0.340]",0.3,"[0.070,0.100]",0.093,0.0,0.0,0.0,0.0,5.0,0.9557804992094181,0.08436109839952921,0.05749242376624663,0.0,0.0,0.0,0.0,4.0,0.9663204230381877,0.09536893873594765,0.056903051676219084,4.406679e-09,8.478459e-11,0.01740046,0.020811593534236995,1.0,0.01775622,0.020256303083755884,0.01729615,0.020587023534236994,0.986425431963119,5.055756e-09,1.043033e-10,0.01737086,0.020717173534236997,1.0,0.0163027,0.0200104580810986,0.01729615,0.020587023534236994,0.9776220480962579
20,40,0.2074,140.0,0.0925,9440.0,854.1996253774344,18,0.8893,0.0342,0.05,0.0519,0.1041,8394.992,825.3989009623987,0.0074,2.443460952792061,0.8830222215594888,0.11697777844051105,7.548632170413027,0.09062187711281347,0.9779968164748839,1.0753689999999998,0.11490000000000002,0.2,4.01341260817504,0.08417059650216091,0.09272684650216091,0.3045108315021995,0.9697661310268391,0.056715202926142565,0.00012290514342629184,68304643.45078129,6950072.239163134,4.9931058651361606e-05,1378.5384596192687,11572819.340196084,1137844.1295041423,29.721216902669905,2.9222016848531607,0.0009553750090946201,"[0.270,0.340]",0.3,"[0.070,0.100]",0.093,0.0,0.0,0.0,0.0,6.0,0.97404856374543,0.09325429665551266,0.056458606886449166,0.0,0.0,0.0,0.0,4.0,0.9663204230381877,0.09536893873594765,0.056903051676219084,4.406679e-09,8.478459e-11,0.01685529,0.019229585009094618,1.0,0.01655317,0.018197466893334947,0.01670477,0.01895265500909462,0.966582350506081,5.055756e-09,1.043033e-10,0.01680999,0.01911724500909462,1.0,0.0163027,0.0200104580810986,0.01670477,0.01895265500909462,1.0460479963321905
20,40,0.2074,140.0,0.0975,8880.0,818.4723575069758,18,0.8893,0.0342,0.05,0.0519,0.1041,7896.9839999999995,788.6839105154381,0.0074,2.443460952792061,0.8830222215594888,0.11697777844051105,7.548632170413027,0.09562187711281347,0.9909116353611218,1.0753689999999998,0.10990000000000001,0.2,4.01341260817504,0.08050782032713215,0.09001407032713216,0.3000234496287451,0.9828116372018678,0.05592863671064265,0.00014072048834882895,56118224.80621541,5816298.444602341,4.9931058651361606e-05,1400.2581934644243,11057816.549657462,1104361.107752805,28.3985910849563,2.836210871139184,0.0010376628456218967,"[0.270,0.340]",0.3,"[0.070,0.100]",0.093,0.0,0.0,0.0,0.0,7.0,0.996014000750913,0.10384695506799158,0.055088654092683,0.0,0.0,0.0,0.0,5.0,0.9881069821703372,0.10697886416924347,0.055694429518100136,4.406679e-09,8.478459e-11,0.01604781,0.017403482845621897,1.0,0.01476192,0.015433074375238259,0.01586603,0.017126082845621896,0.9157615392786609,5.055756e-09,1.043033e-10,0.01599572,0.0173126428456219,1.0,0.01477536,0.017542232291263782,0.01586603,0.017126082845621896,1.0202519876934681
20,40,0.2074,140.0,0.103,7760.0,733.6600029880865,18,0.8893,0.0342,0.05,0.0519,0.1041,6900.968,704.3549381353517,0.0074,2.443460952792061,0.8830222215594888,0.11697777844051105,7.548632170413027,0.10112187711281347,1.0051179361359837,1.0753689999999998,0.10440000000000002,0.2,4.01341260817504,0.07647876653460052,0.08708776653460051,0.29510636478158264,0.9971616939943995,0.05497063652595037,0.00016026737595080457,43059093.961320676,4577725.183528865,4.9931058651361606e-05,1427.5540065172552,9851504.51724737,1005504.7139453348,25.300550710038163,2.582328715356927,0.0011125486840328606,"[0.270,0.340]",0.3,"[0.070,0.100]",0.093,0.0,0.0,0.0,0.0,7.0,0.996014000750913,0.10384695506799158,0.055088654092683,0.0,0.0,0.0,0.0,5.0,0.9881069821703372,0.10697886416924347,0.055694429518100136,4.406679e-09,8.478459e-11,0.01495824,0.015353628684032861,1.0,0.01476192,0.015433074375238259,0.01474584,0.015035738684032861,1.0222949644534116,5.055756e-09,1.043033e-10,0.01489348,0.01523011868403286,1.0,0.01477536,0.017542232291263782,0.01474584,0.015035738684032861,1.1389411159527179
20,40,0.24739999999999998,140.0,0.0575,5120.0,406.5673376150426,19,0.8712,0.0327,0.05,0.0527,0.1257,4460.544,391.77732610675207,0.0074,2.443460952792061,0.8830222215594888,0.11697777844051105,7.548632170413027,0.05480057289827343,0.8335521243117776,1.062617361111111,0.18989999999999999,0.24,4.01341260817504,0.16594198630745577,0.16924823630745578,0.41139790508394153,0.8223156312215443,0.06098280786630489,-5.6325316482944574e-05,-79192524.40153909,-7218198.902409223,3.4674346285667784e-05,1829.510346057286,8160611.39704375,716760.6714629622,20.958013277499916,1.8407787037564758,0.00015837781431262906,"[0.340,0.428]",0.38,"[0.145,0.206]",0.16,0.0,0.0,0.0,0.0,0.0,0.8169719066030741,0.04222274532634973,0.0614024885438387,0.0,0.0,0.0,0.0,1.0,0.8255120525290002,0.056036905037233374,0.06099956002081792,6.542464e-10,7.733592e-12,0.008446163,0.014381317814312629,1.0,0.009012593,0.011532891763552305,0.008453429,0.014772417814312629,0.7941376571591344,5.512642e-10,5.581626e-12,0.008456916,0.014612347814312629,1.0,0.009115455,0.014972720357001446,0.008453429,0.014772417814312629,1.0174481900424954
20,40,0.24739999999999998,140.0,0.0625,5670.0,460.2396115019521,19,0.8712,0.0327,0.05,0.0527,0.1257,4939.704,441.7533474158176,0.0074,2.443460952792061,0.8830222215594888,0.11697777844051105,7.548632170413027,0.059800572898273424,0.8471733609752631,1.062617361111111,0.18489999999999998,0.24,4.01341260817504,0.16157279235517943,0.16547904235517943,0.4067911532410451,0.8360675551738206,0.06074499365966607,-4.296892118050167e-05,-114959926.01837829,-10710988.287758047,3.4674346285667784e-05,1837.6032297450467,9077216.024384527,811767.377961992,23.312029541156942,2.08477412510193,0.00019017064956927164,"[0.340,0.428]",0.38,"[0.145,0.206]",0.16,0.0,0.0,0.0,0.0,1.0,0.8396920518425108,0.05374113893276278,0.06095559939779122,0.0,0.0,0.0,0.0,1.0,0.8255120525290002,0.056036905037233374,0.06099956002081792,6.542464e-10,7.733592e-12,0.008870495,0.016580780649569273,1.0,0.01142183,0.01628324488532103,0.008896408,0.01697362064956927,0.9752616718523375,5.512642e-10,5.581626e-12,0.008889815,0.016806700649569274,1.0,0.009115455,0.014972720357001446,0.008896408,0.01697362064956927,0.8870198680014274
20,40,0.24739999999999998,140.0,0.0675,6150.0,500.6161203694295,19,0.8712,0.0327,0.05,0.0527,0.1257,5357.88,480.269193260226,0.0074,2.443460952792061,0.8830222215594888,0.11697777844051105,7.548632170413027,0.06480057289827343,0.8607945976387488,1.062617361111111,0.17989999999999998,0.24,4.01341260817504,0.15720359840290307,0.16175984840290308,0.4021937945852759,0.849819479126097,0.060478395872486344,-2.9618380268800728e-05,-180897130.47691062,-16902211.256189663,3.4674346285667784e-05,1846.751575155529,9894673.329494307,886937.8891519976,25.411416489111158,2.2778263971617543,0.00022391838703047303,"[0.340,0.428]",0.38,"[0.145,0.206]",0.16,0.0,0.0,0.0,0.0,2.0,0.8553342004534504,0.06159409139437644,0.06058910172203647,0.0,0.0,0.0,0.0,3.0,0.855479877529,0.0720065775099571,0.06028997640390706,6.542464e-10,7.733592e-12,0.009483657,0.018653138387030473,1.0,0.0112776,0.01908362541710557,0.009578287,0.019008178387030474,1.0119456168211018,5.512642e-10,5.581626e-12,0.009538117,0.018842328387030472,1.0,0.00967017,0.019917656442857992,0.009578287,0.019008178387030474,1.0488222081469085
20,40,0.24739999999999998,140.0,0.0725,6890.0,561.9257068101456,19,0.8712,0.0327,0.05,0.0527,0.1257,6002.568,538.9066030941245,0.0074,2.443460952792061,0.8830222215594888,0.11697777844051105,7.548632170413027,0.06980057289827342,0.8744158343022344,1.062617361111111,0.17489999999999997,0.24,4.01341260817504,0.1528344044506267,0.1580906544506267,0.3976061549456028,0.8635714030783734,0.06018119446776386,-1.6274883900746416e-05,-368824013.5295038,-34527171.45247187,3.4674346285667784e-05,1857.0459842218263,11147044.79941844,1000774.3431465696,28.62774632250334,2.570180217017215,0.000259414268851189,"[0.340,0.428]",0.38,"[0.145,0.206]",0.16,0.0,0.0,0.0,0.0,2.0,0.8553342004534504,0.06159409139437644,0.06058910172203647,0.0,0.0,0.0,0.0,4.0,0.8673723325289999,0.07834399476484984,0.059964935401907546,6.542464e-10,7.733592e-12,0.01035376,0.02049266426885119,1.0,0.0112776,0.01908362541710557,0.01049175,0.020805974268851186,0.9201555758430062,5.512642e-10,5.581626e-12,0.010429,0.020652024268851186,1.0,0.01029623,0.021411062126403153,0.01049175,0.020805974268851186,1.0299722978438832
20,40,0.24739999999999998,140.0,0.0775,7580.0,620.1822312901713,19,0.8712,0.0327,0.05,0.0527,0.1257,6603.696,594.44480510099,0.0074,2.443460952792061,0.8830222215594888,0.11697777844051105,7.548632170413027,0.07480057289827342,0.8880370709657199,1.062617361111111,0.16989999999999997,0.24,4.01341260817504,0.14846521049835035,0.15447146049835034,0.3930285746588285,0.8773233270306497,0.05985144877890509,-2.9397223982940713e-06,-2246367209.3093357,-210966257.10307366,3.4674346285667784e-05,1868.5877360472907,12339585.35818455,1110772.272568732,31.690418915102388,2.8526759704802838,0.00029645704325585823,"[0.340,0.428]",0.38,"[0.145,0.206]",0.16,0.0,0.0,0.0,0.0,3.0,0.8723872420289507,0.070085687188716,0.060136242260727085,0.0,0.0,0.0,0.0,5.0,0.879783049029,0.0849575904347668,0.059600722595186416,6.542464e-10,7.733592e-12,0.01132496,0.022052827043255858,1.0,0.0118138,0.02151222242431612,0.01146729,0.022304117043255856,0.9638525888296582,5.512642e-10,5.581626e-12,0.01140095,0.02217511704325586,1.0,0.01087772,0.02261266971779298,0.01146729,0.022304117043255856,1.0142512437006461
20,40,0.24739999999999998,140.0,0.0825,7490.0,617.7576385621207,19,0.8712,0.0327,0.05,0.0527,0.1257,6525.288,591.3004663245941,0.0074,2.443460952792061,0.8830222215594888,0.11697777844051105,7.548632170413027,0.07980057289827343,0.9016583076292054,1.062617361111111,0.16489999999999996,0.24,4.01341260817504,0.144096016546074,0.15090226654607403,0.3884614093395559,0.8910752509829261,0.0594870886763509,1.0385705844836877e-05,628295091.1077425,59481526.60892386,3.4674346285667784e-05,1881.4904068359942,12277266.773842031,1112526.1549473738,31.530372853044017,2.857180276394429,0.00033482882332371743,"[0.340,0.428]",0.38,"[0.100,0.145]",0.12,0.0,0.0,0.0,0.0,4.0,0.8893227882223937,0.07844858835267876,0.059632648153406805,0.0,0.0,0.0,0.0,2.0,0.882850844054246,0.06527664204620932,0.06012018722525654,6.542464e-10,7.733592e-12,0.01225242,0.023222878823323717,1.0,0.01272149,0.023207921104206854,0.01237689,0.023400338823323718,0.991535909651929,2.094834e-09,3.932807e-11,0.01231919,0.023306168823323717,1.0,0.01400137,0.021870067751968342,0.01237689,0.023400338823323718,0.9365625252004188
20,40,0.24739999999999998,140.0,0.0875,8090.0,670.1055886995179,19,0.8712,0.0327,0.05,0.0527,0.1257,7048.008,640.9374037108167,0.0074,2.443460952792061,0.8830222215594888,0.11697777844051105,7.548632170413027,0.08480057289827342,0.9152795442926908,1.062617361111111,0.1599,0.24,4.01341260817504,0.13972682259379768,0.14738307259379768,0.3839050306961315,0.9048271749352023,0.0590859050231093,2.3699885837987264e-05,297385736.29342675,28274633.611333344,3.4674346285667784e-05,1895.8817938698128,13362190.05024879,1215141.5547055237,34.3166636498633,3.1207162795162473,0.0003742262739797867,"[0.340,0.428]",0.38,"[0.100,0.145]",0.12,0.0,0.0,0.0,0.0,5.0,0.9064876069630123,0.08685509295375982,0.05906863658041865,0.0,0.0,0.0,0.0,4.0,0.9178274233290482,0.08391544934152863,0.058881727743056334,6.542464e-10,7.733592e-12,0.01306309,0.023991086273979785,1.0,0.01342611,0.024106214350010098,0.01315699,0.024075126273979786,1.0026728364678472,2.094834e-09,3.932807e-11,0.01311601,0.024029376273979785,1.0,0.01508705,0.024015443166125878,0.01315699,0.024075126273979786,1.009362797941263
20,40,0.24739999999999998,140.0,0.0925,8290.0,684.7893836845501,19,0.8712,0.0327,0.05,0.0527,0.1257,7222.248,655.28913040346,0.0074,2.443460952792061,0.8830222215594888,0.11697777844051105,7.548632170413027,0.08980057289827342,0.9289007809561763,1.062617361111111,0.15489999999999998,0.24,4.01341260817504,0.13535762864152132,0.1439138786415213,0.3793598273954707,0.9185790988874786,0.05864553935748629,3.7001176798544724e-05,195189683.81254444,18507232.55135721,3.4674346285667784e-05,1911.9062122447044,13808260.817571891,1252851.3592348055,35.462258827652164,3.2175622810674196,0.000414050640478606,"[0.340,0.428]",0.38,"[0.100,0.145]",0.12,0.0,0.0,0.0,0.0,6.0,0.9223887213663167,0.09458164677577774,0.058498965252556615,0.0,0.0,0.0,0.0,4.0,0.9178274233290482,0.08391544934152863,0.058881727743056334,6.542464e-10,7.733592e-12,0.01370599,0.024260060640478608,1.0,0.01378593,0.024231608349923276,0.01376152,0.024248120640478606,1.001819290416512,2.094834e-09,3.932807e-11,0.01374309,0.024256050640478605,1.0,0.01508705,0.024015443166125878,0.01376152,0.024248120640478606,0.9929334724692876
20,40,0.24739999999999998,140.0,0.0975,8190.0,688.8464995735262,19,0.8712,0.0327,0.05,0.0527,0.1257,7135.128,657.1693104744604,0.0074,2.443460952792061,0.8830222215594888,0.11697777844051105,7.548632170413027,0.09480057289827343,0.9425220176196618,1.062617361111111,0.14989999999999998,0.24,4.01341260817504,0.13098843468924498,0.14049468468924498,0.37482620597984473,0.932331022839755,0.058163472735707315,5.0287802236691873e-05,141885858.65050873,13698083.211735943,3.4674346285667784e-05,1929.7272514156352,13768850.943938738,1268157.5272165886,35.36104672298468,3.256871452425103,0.00045279349365579755,"[0.340,0.428]",0.38,"[0.100,0.145]",0.12,0.0,0.0,0.0,0.0,7.0,0.9399285011860588,0.10303795316723663,0.05781897853909025,0.0,0.0,0.0,0.0,5.0,0.9411357339332085,0.09633630691931264,0.05792107754260295,6.542464e-10,7.733592e-12,0.01415461,0.024079013493655797,1.0,0.01385198,0.023634045747952664,0.01416398,0.023960833493655798,0.9913710329146423,2.094834e-09,3.932807e-11,0.01417382,0.024030653493655796,1.0,0.01501349,0.023356981193341755,0.01416398,0.023960833493655798,0.9837345481421732
20,40,0.24739999999999998,140.0,0.103,8030.0,682.1205904754214,19,0.8712,0.0327,0.05,0.0527,0.1257,6995.736,649.6905721779395,0.0074,2.443460952792061,0.8830222215594888,0.11697777844051105,7.548632170413027,0.10030057289827342,0.957505377949496,1.062617361111111,0.1444,0.24,4.01341260817504,0.12618232134174098,0.136791321341741,0.36985310778975616,0.947458139187259,0.0575818170816937,6.488385192912778e-05,107819369.41168964,10512948.448567716,3.4674346285667784e-05,1951.6284809517936,13653077.622819776,1267954.6244683338,35.06371865733626,3.2563503593004497,0.0004891057400484315,"[0.340,0.428]",0.38,"[0.100,0.145]",0.12,0.0,0.0,0.0,0.0,7.0,0.9399285011860588,0.10303795316723663,0.05781897853909025,0.0,0.0,0.0,0.0,5.0,0.9411357339332085,0.09633630691931264,0.05792107754260295,6.542464e-10,7.733592e-12,0.0143878,0.023297925740048433,1.0,0.01385198,0.023634045747952664,0.01434829,0.023109975740048434,1.0152041180588665,2.094834e-09,3.932807e-11,0.01439335,0.023248065740048434,1.0,0.01501349,0.023356981193341755,0.01434829,0.023109975740048434,1.0073840481444654
20,40,0.24739999999999998,140.0,0.108,8070.0,692.3066517239156,19,0.8712,0.0327,0.05,0.0527,0.1257,7030.584,658.3405764120229,0.0074,2.443460952792061,0.8830222215594888,0.11697777844051105,7.548632170413027,0.10530057289827342,0.9711266146129816,1.062617361111111,0.1394,0.24,4.01341260817504,0.12181312738946463,0.13347712738946463,0.3653452167327015,0.9612100631395354,0.05700319567969938,7.813323193912965e-05,89981993.9034038,8860591.511986384,3.4674346285667784e-05,1973.8604164361238,13877391.46202915,1299472.4043134332,35.63979956497268,3.3372940553463373,0.000504262588410484,"[0.340,0.428]",0.38,"[0.100,0.145]",0.12,0.0,0.0,0.0,0.0,9.0,0.9688045205774769,0.11681207741199573,0.05658427544487745,0.0,0.0,0.0,0.0,6.0,0.9607444672681305,0.1067856821730618,0.05703886788172976,6.542464e-10,7.733592e-12,0.01436761,0.022183792588410484,1.0,0.01330551,0.021287565144890296,0.01428194,0.021921652588410487,0.9752762403723517,2.094834e-09,3.932807e-11,0.01434993,0.022063112588410486,1.0,0.01443667,0.021876590188762392,0.01428194,0.021921652588410487,0.9981829653716119
20,40,0.24739999999999998,140.0,0.113,7890.0,684.1611651859271,19,0.8712,0.0327,0.05,0.0527,0.1257,6873.768,649.4849256003728,0.0074,2.443460952792061,0.8830222215594888,0.11697777844051105,7.548632170413027,0.11030057289827343,0.9847478512764671,1.062617361111111,0.1344,0.24,4.01341260817504,0.1174439334371883,0.1302129334371883,0.36085029227809734,0.9749619870918117,0.056373908579770836,9.136145662747502e-05,75237066.63333628,7488509.820673986,3.4674346285667784e-05,1998.558816929762,13737629.641929656,1298033.8245215956,35.280864438813644,3.3335995068730453,0.0004781351472598112,"[0.340,0.428]",0.38,"[0.100,0.145]",0.12,0.0,0.0,0.0,0.0,9.0,0.9688045205774769,0.11681207741199573,0.05658427544487745,0.0,0.0,0.0,0.0,7.0,0.9798197527924936,0.11695078631885043,0.05612290751234029,6.542464e-10,7.733592e-12,0.01413566,0.020717395147259808,1.0,0.01330551,0.021287565144890296,0.01399531,0.02034113514725981,1.0366407696504718,2.094834e-09,3.932807e-11,0.01410228,0.02057218514725981,1.0,0.01357331,0.019851862111362632,0.01399531,0.02034113514725981,0.979588447151105
20,40,0.24739999999999998,140.0,0.118,7260.0,639.8921784213964,19,0.8712,0.0327,0.05,0.0527,0.1257,6324.912,605.9183473777503,0.0074,2.443460952792061,0.8830222215594888,0.11697777844051105,7.548632170413027,0.11530057289827342,0.9983690879399527,1.062617361111111,0.1294,0.24,4.01341260817504,0.11307473948491195,0.12699873948491194,0.3563688250744051,0.988713911044088,0.05569064142133504,0.00010456607204072763,60487229.52447232,6119500.961766677,3.4674346285667784e-05,2026.0099179064173,12814334.441885315,1227596.5812287878,32.90966550283795,3.1527031734566626,0.00038548199835782183,"[0.340,0.428]",0.38,"[0.100,0.145]",0.12,0.0,0.0,0.0,0.0,10.0,0.984796302299891,0.12436348643357376,0.0558401528666868,0.0,0.0,0.0,0.0,7.0,0.9798197527924936,0.11695078631885043,0.05612290751234029,6.542464e-10,7.733592e-12,0.0137078,0.018923691998357823,1.0,0.01273754,0.01947464302128233,0.01353955,0.018554411998357823,1.03964738772078,2.094834e-09,3.932807e-11,0.01367351,0.018816141998357825,1.0,0.01357331,0.019851862111362632,0.01353955,0.018554411998357823,1.0577634769339832
20,40,0.24739999999999998,140.0,0.123,6560.0,582.9039371789158,19,0.8712,0.0327,0.05,0.0527,0.1257,5715.072,551.273573720616,0.0074,2.443460952792061,0.8830222215594888,0.11697777844051105,7.548632170413027,0.12030057289827342,1.0119903246034383,1.062617361111111,0.1244,0.24,4.01341260817504,0.1087055455326356,0.1238345455326356,0.3519013292567046,1.0024658349963644,0.05494984642390626,0.0001177444246644815,48537941.531290144,4950586.31302441,3.4674346285667784e-05,2056.5460112924234,11753308.525849013,1133719.4691660525,30.184747705120508,2.9116087670036257,0.0002459295372905737,"[0.340,0.428]",0.38,"[0.100,0.145]",0.12,0.0,0.0,0.0,0.0,11.0,0.9978520713365624,0.13048893389199756,0.05520138081543734,0.0,0.0,0.0,0.0,8.0,0.996513243767266,0.12584664657208827,0.0552798521586567,6.542464e-10,7.733592e-12,0.01314008,0.01702540953729057,1.0,0.0121896,0.017980321771356028,0.01294572,0.016644989537290572,1.0660043680586424,2.094834e-09,3.932807e-11,0.01308509,0.016861819537290573,1.0,0.01269079,0.01787957723231873,0.01294572,0.016644989537290572,1.0617195765747507
20,40,0.28740000000000004,140.0,0.0575,2200.0,176.08591652940333,20,0.8853,0.03,0.05,0.0537,0.163,1947.6599999999999,169.28478155334133,0.0074,2.443460952792061,0.8830222215594888,0.11697777844051105,7.548632170413027,0.053832654591807146,0.7682084799163754,1.0535556122448981,0.22990000000000002,0.28,4.01341260817504,0.23337662732351092,0.23668287732351093,0.4865006447308276,0.7548809902054892,0.06130776513589343,-9.02622182151631e-05,-21577798.978496782,-1950826.3813067111,2.5475029924164088e-05,2475.2538472875126,4820952.908207997,419022.8068271343,12.381130548260973,1.0761308340499678,5.9862575364330084e-05,"[0.428,0.523]",0.475,"[0.206,0.322]",0.265,0.0,0.0,0.0,0.0,0.0,0.7466485253811087,0.047766312289884594,0.06153280335970976,0.0,0.0,0.0,0.0,4.0,0.7555772948607411,0.07472296033869731,0.06091854677000229,2.48078e-11,4.147426e-14,0.003218064,0.00724712257536433,1.0,0.003043552,0.006048932010562647,0.003291879,0.0076044225753643295,0.7990944753182059,8.328633e-12,5.725275e-15,0.00326856,0.00747792657536433,1.0,0.00276191,0.008649703750835206,0.003291879,0.0076044225753643295,1.129705809529948
20,40,0.28740000000000004,140.0,0.0625,2490.0,199.12182202803356,20,0.8853,0.03,0.05,0.0537,0.163,2204.397,191.45659324384724,0.0074,2.443460952792061,0.8830222215594888,0.11697777844051105,7.548632170413027,0.05883265459180714,0.7825361343571084,1.0535556122448981,0.22490000000000002,0.28,4.01341260817504,0.22830101559398697,0.23220726559398697,0.48187889100269476,0.769339331935013,0.06114121359873372,-7.984725734634909e-05,-27607673.366138395,-2493784.11539314,2.5475029924164088e-05,2482.877391133386,5473247.472382262,475363.2467485693,14.05634793966349,1.220823876088628,7.235582460191643e-05,"[0.428,0.523]",0.475,"[0.206,0.322]",0.265,0.0,0.0,0.0,0.0,1.0,0.7705031775798628,0.059789211277364585,0.061198339355779716,0.0,0.0,0.0,0.0,5.0,0.7657250222139123,0.08013062279577066,0.060742015375646344,2.48078e-11,4.147426e-14,0.003677281,0.008921554824601916,1.0,0.003990069,0.0092226750179129,0.003740933,0.009308669824601917,0.9933633030562594,8.328633e-12,5.725275e-15,0.003718411,0.009157187824601915,1.0,0.003095441,0.009777141590965932,0.003740934,0.009308669824601917,1.0468187731920162
20,40,0.28740000000000004,140.0,0.0675,2740.0,219.4242466200434,20,0.8853,0.03,0.05,0.0537,0.163,2425.7219999999998,210.93208496805636,0.0074,2.443460952792061,0.8830222215594888,0.11697777844051105,7.548632170413027,0.06383265459180715,0.7968637887978417,1.0535556122448981,0.2199,0.28,4.01341260817504,0.223225403864463,0.227781653864463,0.47726476285649144,0.7837976736645371,0.0609554857046099,-6.94345730437143e-05,-34935362.79790796,-3160158.362058326,2.5475029924164088e-05,2491.4280084453644,6043511.7315021055,525522.1043691931,15.520895794331206,1.3496414306627962,8.571639894811454e-05,"[0.428,0.523]",0.475,"[0.206,0.322]",0.265,0.0,0.0,0.0,0.0,2.0,0.7888204129114524,0.06892380942279208,0.060894030282861514,0.0,0.0,0.0,0.0,7.0,0.7885996612903665,0.09232037944253245,0.06030333954747905,2.48078e-11,4.147426e-14,0.004159899,0.010711206398948113,1.0,0.004479883,0.011758782080288181,0.004255575,0.011127646398948114,1.0575823442653944,8.328633e-12,5.725275e-15,0.00421715,0.010953736398948115,1.0,0.003867112,0.012305182530235964,0.004255575,0.011127646398948114,1.1089624033310057
20,40,0.28740000000000004,140.0,0.0725,3220.0,257.3752124720707,20,0.8853,0.03,0.05,0.0537,0.163,2850.6659999999997,247.48561758190178,0.0074,2.443460952792061,0.8830222215594888,0.11697777844051105,7.548632170413027,0.06883265459180714,0.8111914432385748,1.0535556122448981,0.2149,0.28,4.01341260817504,0.21814979213493907,0.22340604213493906,0.4726584836168066,0.798256015394061,0.060749546863566116,-5.902473671798085e-05,-48296123.939026296,-4360463.540935471,2.5475029924164088e-05,2500.970461206483,7129431.460765639,618954.2191457802,18.309745672962702,1.5895929988433328,9.987366270325353e-05,"[0.428,0.523]",0.475,"[0.206,0.322]",0.265,0.0,0.0,0.0,0.0,3.0,0.801563099819252,0.0752298859452013,0.060658613404502806,0.0,0.0,0.0,0.0,8.0,0.7982658549181636,0.09747143549327518,0.060101478436634985,2.48078e-11,4.147426e-14,0.004770428,0.012579123662703254,1.0,0.005014322,0.0135131684709887,0.004905142,0.013013813662703254,1.0392023151815897,8.328633e-12,5.725275e-15,0.004847439,0.012821963662703254,1.0,0.004182004,0.013327064514173493,0.004905142,0.013013813662703254,1.027594154404126
20,40,0.28740000000000004,140.0,0.0775,3750.0,298.9255760554947,20,0.8853,0.03,0.05,0.0537,0.163,3319.875,287.5586045866925,0.0074,2.443460952792061,0.8830222215594888,0.11697777844051105,7.548632170413027,0.07383265459180714,0.8255190976793081,1.0535556122448981,0.2099,0.28,4.01341260817504,0.21307418040541512,0.2190804304054151,0.4680602850118936,0.812714357123585,0.060522304425271393,-4.861836179107961e-05,-68284386.34493692,-6148409.058701375,2.5475029924164088e-05,2511.5756891243905,8338117.340931836,722225.2004784704,21.413882543642075,1.8548126610288187,0.00011475830637179346,"[0.428,0.523]",0.475,"[0.206,0.322]",0.265,0.0,0.0,0.0,0.0,4.0,0.8109080135120526,0.07982965372017004,0.0604738222150988,0.0,0.0,0.0,0.0,9.0,0.8079658062037602,0.10264048079544025,0.05988936385247964,2.48078e-11,4.147426e-14,0.005496283,0.014473568306371793,1.0,0.005445718,0.014754980500640403,0.005654227,0.014926888306371794,0.9881752981351761,8.328633e-12,5.725275e-15,0.005583365,0.014710008306371794,1.0,0.004486175,0.014307914818022413,0.005654227,0.014926888306371794,0.961452558909459
20,40,0.28740000000000004,140.0,0.0825,4190.0,334.3732943590215,20,0.8853,0.03,0.05,0.0537,0.163,3709.4069999999997,321.60337607869656,0.0074,2.443460952792061,0.8830222215594888,0.11697777844051105,7.548632170413027,0.07883265459180715,0.8398467521200412,1.0535556122448981,0.2049,0.28,4.01341260817504,0.20799856867589117,0.21480481867589118,0.46347040755143276,0.827172698853109,0.06027260408503264,-3.821610654717062e-05,-97063969.49206305,-8749538.468716072,2.5475029924164088e-05,2523.3215639811397,9360026.672682587,811508.7339085112,24.038341459917866,2.084109877627904,0.00013029348801467183,"[0.428,0.523]",0.475,"[0.206,0.322]",0.265,0.0,0.0,0.0,0.0,5.0,0.8219876509108726,0.08525650661467121,0.060241602901166744,0.0,0.0,0.0,0.0,11.0,0.8341499399436537,0.11659384710774673,0.05927073531029374,2.48078e-11,4.147426e-14,0.006279831,0.01633861348801467,1.0,0.005953696,0.016156720304222508,0.006445372,0.01678214348801467,0.9615429752336587,8.328633e-12,5.725275e-15,0.006369641,0.01657626348801467,1.0,0.005228493,0.01662584246822025,0.006445372,0.01678214348801467,0.9994621610727921
20,40,0.28740000000000004,140.0,0.0875,4460.0,357.3261815217234,20,0.8853,0.03,0.05,0.0537,0.163,3948.438,343.4734124849869,0.0074,2.443460952792061,0.8830222215594888,0.11697777844051105,7.548632170413027,0.08383265459180714,0.854174406560774,1.0535556122448981,0.19990000000000002,0.28,4.01341260817504,0.20292295694636725,0.21057920694636725,0.4588891009234881,0.8416310405826326,0.0599992260450749,-2.7818677177297083e-05,-141934786.28891578,-12844830.084636034,2.5475029924164088e-05,2536.293757242789,10014398.650260204,871149.4718645498,25.718894046880127,2.2372787172096236,0.00014636749115130423,"[0.428,0.523]",0.475,"[0.145,0.206]",0.16,0.0,0.0,0.0,0.0,6.0,0.8351994405565187,0.0916903200053868,0.059946349699796043,0.0,0.0,0.0,0.0,2.0,0.8431689225290001,0.06544614413928573,0.06060085298006926,2.48078e-11,4.147426e-14,0.007080175,0.018130807491151306,1.0,0.00653103,0.017698901934716526,0.007244312,0.018534147491151304,0.9534487408556308,5.512642e-10,5.581626e-12,0.007167123,0.018333457491151305,1.0,0.00915674,0.01807197839313054,0.007244312,0.018534147491151304,0.9782533887739271
20,40,0.28740000000000004,140.0,0.0925,4900.0,393.25055623423606,20,0.8853,0.03,0.05,0.0537,0.163,4337.97,377.9070577236121,0.0074,2.443460952792061,0.8830222215594888,0.11697777844051105,7.548632170413027,0.08883265459180714,0.8685020610015073,1.0535556122448981,0.19490000000000002,0.28,4.01341260817504,0.1978473452168433,0.2064035952168433,0.4543166244117018,0.8560893823121566,0.05970088091306781,-1.7426831030590594e-05,-248924775.38717416,-22565809.902209677,2.5475029924164088e-05,2550.5867412724015,11064368.76603744,963884.7308631091,28.415418431733084,2.475440626265637,0.00016275011062314945,"[0.428,0.523]",0.475,"[0.145,0.206]",0.16,0.0,0.0,0.0,0.0,8.0,0.8570679123957183,0.1022523059852597,0.059414628176557835,0.0,0.0,0.0,0.0,3.0,0.855479877529,0.0720065775099571,0.06028997640390706,2.48078e-11,4.147426e-14,0.007871564,0.01975928011062315,1.0,0.007394083,0.019884838123653478,0.008031908,0.020143790110623148,0.9888845878064161,5.512642e-10,5.581626e-12,0.007954628,0.01993648011062315,1.0,0.00967017,0.019917656442857992,0.008031908,0.020143790110623148,0.9888580888524494
20,40,0.28740000000000004,140.0,0.0975,5440.0,432.6337943313684,20,0.8853,0.03,0.05,0.0537,0.163,4816.032,416.3309199129523,0.0074,2.443460952792061,0.8830222215594888,0.11697777844051105,7.548632170413027,0.09383265459180715,0.8828297154422403,1.0535556122448981,0.1899,0.28,4.01341260817504,0.19277173348731935,0.20227798348731935,0.44975324733382344,0.8705477240416806,0.059376205318480965,-7.041380085715742e-06,-683961374.2439328,-61441619.26566304,2.5475029924164088e-05,2566.304948775554,12359406.755061429,1068432.1001008882,31.741324059179547,2.743938297090498,0.00017884696320776052,"[0.428,0.523]",0.475,"[0.145,0.206]",0.16,0.0,0.0,0.0,0.0,9.0,0.8676070538225477,0.10730437820906757,0.0591395798484518,0.0,0.0,0.0,0.0,4.0,0.8673723325289999,0.07834399476484984,0.059964935401907546,2.48078e-11,4.147426e-14,0.008636306,0.02117867696320776,1.0,0.007758984,0.02072104789557842,0.008785504,0.02150120696320776,0.9639176304922509,5.512642e-10,5.581626e-12,0.008715892,0.02134732696320776,1.0,0.01029623,0.021411062126403153,0.008785505,0.02150120696320776,0.9941720996443882
20,40,0.28740000000000004,140.0,0.103,5330.0,429.0332155204245,20,0.8853,0.03,0.05,0.0537,0.163,4718.648999999999,412.1087254885165,0.0074,2.443460952792061,0.8830222215594888,0.11697777844051105,7.548632170413027,0.09933265459180714,0.8985901353270469,1.0535556122448981,0.18440000000000004,0.28,4.01341260817504,0.18718856058484304,0.19779756058484305,0.44474437667590927,0.886451899944157,0.05898692694227614,4.374188938923542e-06,1078748327.0352805,98082918.11601688,2.5475029924164088e-05,2585.3796215822754,12199498.96599958,1065457.5007542546,31.33065022565429,2.736298956167516,0.0001942068248386465,"[0.428,0.523]",0.475,"[0.145,0.206]",0.16,0.0,0.0,0.0,0.0,11.0,0.8890261900213194,0.1174974248658035,0.05854372060687959,0.0,0.0,0.0,0.0,6.0,0.8932040540289999,0.09210956272854484,0.059179256026880546,2.48078e-11,4.147426e-14,0.009424951,0.02244624682483865,1.0,0.008380378,0.021921513320160856,0.00955283,0.022660136824838646,0.9704891958479169,5.512642e-10,5.581626e-12,0.009493863,0.02254921682483865,1.0,0.01136704,0.02352573814142207,0.009552831,0.022660136824838646,1.041768976456604
20,40,0.28740000000000004,140.0,0.108,5470.0,442.5262703795046,20,0.8853,0.03,0.05,0.0537,0.163,4842.590999999999,424.74860000692223,0.0074,2.443460952792061,0.8830222215594888,0.11697777844051105,7.548632170413027,0.10433265459180714,0.91291778976778,1.0535556122448981,0.17940000000000003,0.28,4.01341260817504,0.1821129488553191,0.1937769488553191,0.4402010323196881,0.900910241673681,0.058602163523887904,1.474330261691021e-05,328460394.9216687,30015409.835781142,2.5475029924164088e-05,2604.4829604178026,12612445.743772605,1106250.4911793459,32.391176653196595,2.8410631697003033,0.00020116531625187774,"[0.428,0.523]",0.475,"[0.145,0.206]",0.16,0.0,0.0,0.0,0.0,12.0,0.899642195232059,0.12251312134211989,0.05823037693471727,0.0,0.0,0.0,0.0,7.0,0.9064525725289999,0.09916961801096263,0.05873633082101963,2.48078e-11,4.147426e-14,0.01006637,0.02323248531625188,1.0,0.008621665,0.0222556170963645,0.01017296,0.023380415316251877,0.953032238359626,5.512642e-10,5.581626e-12,0.01012969,0.02332660531625188,1.0,0.01169619,0.024013572897685038,0.01017296,0.023380415316251877,1.0304323981444083
20,40,0.28740000000000004,140.0,0.113,5640.0,458.8866962348356,20,0.8853,0.03,0.05,0.0537,0.163,4993.092,440.07913623494034,0.0074,2.443460952792061,0.8830222215594888,0.11697777844051105,7.548632170413027,0.10933265459180715,0.9272454442085132,1.0535556122448981,0.17440000000000003,0.28,4.01341260817504,0.17703733712579514,0.18980633712579514,0.43566769116586457,0.9153685834032048,0.05818632055221457,2.5103115310933297e-05,198903281.05314207,18280069.64677305,2.5475029924164088e-05,2625.4144527122435,13108935.90052188,1155390.1246083328,33.66625848114258,2.9672631613123612,0.00019162154271936985,"[0.428,0.523]",0.475,"[0.145,0.206]",0.16,0.0,0.0,0.0,0.0,13.0,0.9114376128340671,0.12805838040389073,0.05786844719994215,0.0,0.0,0.0,0.0,8.0,0.9213039313308644,0.10708381718426534,0.05820972121672014,2.48078e-11,4.147426e-14,0.01061717,0.023666801542719367,1.0,0.008838633,0.022471628638747954,0.01068779,0.02367582154271937,0.9484985742516888,5.512642e-10,5.581626e-12,0.01066398,0.02368086154271937,1.0,0.01188117,0.024072643011176,0.01068779,0.02367582154271937,1.020800477738787
20,40,0.28740000000000004,140.0,0.118,5960.0,486.97433197856543,20,0.8853,0.03,0.05,0.0537,0.163,5276.388,466.7252877353434,0.0074,2.443460952792061,0.8830222215594888,0.11697777844051105,7.548632170413027,0.11433265459180714,0.9415730986492463,1.0535556122448981,0.16940000000000002,0.28,4.01341260817504,0.17196172539627122,0.1858857253962712,0.4311446687554784,0.9298269251327288,0.057737678687898676,3.5452549519962885e-05,148829578.44904587,13735946.739298856,2.5475029924164088e-05,2648.336155312888,13973649.109859059,1236045.4541083206,35.887007643280505,3.1744014974392636,0.00015518679180297613,"[0.428,0.523]",0.475,"[0.145,0.206]",0.16,0.0,0.0,0.0,0.0,15.0,0.9343442838841287,0.1387457017336925,0.05712484339966567,0.0,0.0,0.0,0.0,8.0,0.9213039313308644,0.10708381718426534,0.05820972121672014,2.48078e-11,4.147426e-14,0.01104634,0.023650386791802976,1.0,0.009071045,0.022290966251343605,0.01108503,0.023585316791802976,0.9488891150400353,5.512642e-10,5.581626e-12,0.0110796,0.023619756791802976,1.0,0.01188117,0.024072643011176,0.01108503,0.023585316791802976,1.0151628458390785
20,40,0.28740000000000004,140.0,0.123,5780.0,476.51547722371816,20,0.8853,0.03,0.05,0.0537,0.163,5117.034,456.10602288774925,0.0074,2.443460952792061,0.8830222215594888,0.11697777844051105,7.548632170413027,0.11933265459180714,0.9559007530899795,1.0535556122448981,0.16440000000000002,0.28,4.01341260817504,0.16688611366674727,0.18201511366674727,0.4266322932769474,0.9442852668622528,0.057254417032950214,4.5790451419321655e-05,111748931.08480746,10406437.640460748,2.5475029924164088e-05,2673.4298585442016,13680031.48278587,1219367.460249954,35.13294133288897,3.1315692144497396,9.944276237538504e-05,"[0.340,0.428]",0.38,"[0.145,0.206]",0.16,0.0,0.0,0.0,0.0,7.0,0.9399285011860588,0.10303795316723663,0.05781897853909025,0.0,0.0,0.0,0.0,9.0,0.9372805488308645,0.11559765990381504,0.05760981960651942,6.542464e-10,7.733592e-12,0.01134725,0.023264022762375387,1.0,0.01385198,0.023634045747952664,0.01133571,0.023043832762375385,1.025747082191178,5.512642e-10,5.581626e-12,0.01136488,0.023186912762375386,1.0,0.01187207,0.023581073794244886,0.01133571,0.023043832762375385,1.0184444162926884
20,40,0.28740000000000004,140.0,0.128,5930.0,491.8063643113507,20,0.8853,0.03,0.05,0.0537,0.163,5249.829,470.33842987438874,0.0074,2.443460952792061,0.8830222215594888,0.11697777844051105,7.548632170413027,0.12433265459180715,0.9702284075307126,1.0535556122448981,0.15940000000000001,0.28,4.01341260817504,0.1618105019372233,0.1781945019372233,0.4221309061620854,0.9587436085917767,0.05673460650795156,5.611558570191438e-05,93553848.4421611,8764166.998520212,2.5475029924164088e-05,2700.9001827723587,14179264.105623629,1270337.1512126008,36.415066339084596,3.2624691443657987,5.097624136478454e-05,"[0.340,0.428]",0.38,"[0.145,0.206]",0.16,0.0,0.0,0.0,0.0,8.0,0.9550704636078093,0.11028337121129994,0.05718919519591746,0.0,0.0,0.0,0.0,10.0,0.9517388905603885,0.12330242265917728,0.05703909969553901,6.542464e-10,7.733592e-12,0.0114941,0.022472836241364782,1.0,0.01365493,0.022591080445074685,0.01144752,0.022196756241364784,1.018936595199501,5.512642e-10,5.581626e-12,0.01150906,0.022412436241364783,1.0,0.01169954,0.02272371263563623,0.01144752,0.022196756241364784,1.018428546376408
20,40,0.28740000000000004,140.0,0.133,5560.0,464.30270301980124,20,0.8853,0.03,0.05,0.0537,0.163,4922.268,443.60120225109114,0.0074,2.443460952792061,0.8830222215594888,0.11697777844051105,7.548632170413027,0.12933265459180715,0.9845560619714457,1.0535556122448981,0.1544,0.28,4.01341260817504,0.15673489020769935,0.17442389020769936,0.4176408627130484,0.9732019503213006,0.05617620275837713,6.642663007852002e-05,74100823.63325675,6989707.327783591,2.5475029924164088e-05,2730.97827677437,13442606.980461625,1211465.2468987238,34.52318973095411,3.1112748168514526,2.268456694398846e-05,"[0.340,0.428]",0.38,"[0.145,0.206]",0.16,0.0,0.0,0.0,0.0,9.0,0.9688045205774769,0.11681207741199573,0.05658427544487745,0.0,0.0,0.0,0.0,11.0,0.9659727794565387,0.13088757585880584,0.05645328138149866,6.542464e-10,7.733592e-12,0.01150402,0.021431964566943986,1.0,0.01330551,0.021287565144890296,0.0114024,0.02101856456694399,1.01390340612072,5.512642e-10,5.581626e-12,0.01149116,0.02128200456694399,1.0,0.01140291,0.021661922131231266,0.0114024,0.02101856456694399,1.0241969619969977
20,40,0.28740000000000004,140.0,0.138,5220.0,447.49413405907165,20,0.8853,0.03,0.05,0.0537,0.163,4621.266,425.9947192068607,0.0074,2.443460952792061,0.8830222215594888,0.11697777844051105,7.548632170413027,0.13433265459180715,0.9988837164121789,1.0535556122448981,0.1494,0.28,4.01341260817504,0.1516592784781754,0.1707032784781754,0.41316253276183623,0.9876602920508246,0.05557703855451926,7.672216941686093e-05,60233776.43156689,5832657.463420575,2.5475029924164088e-05,2763.9262589097393,12772838.446806774,1177417.9905727233,32.80309583869071,3.023834940667512,9.445253009648717e-06,"[0.340,0.428]",0.38,"[0.145,0.206]",0.16,0.0,0.0,0.0,0.0,10.0,0.984796302299891,0.12436348643357376,0.0558401528666868,0.0,0.0,0.0,0.0,13.0,0.9912715276460087,0.14436912557273238,0.055358989097774515,6.542464e-10,7.733592e-12,0.0113627,0.02010549525300965,1.0,0.01273754,0.01947464302128233,0.01123427,0.019680595253009647,0.9928471945705518,5.512642e-10,5.581626e-12,0.01135281,0.01999060525300965,1.0,0.01064085,0.019469235158698427,0.01123428,0.019680595253009647,0.9907221143846827
20,40,0.28740000000000004,140.0,0.143,5010.0,434.74647783219,20,0.8853,0.03,0.05,0.0537,0.163,4435.353,413.18702533187565,0.0074,2.443460952792061,0.8830222215594888,0.11697777844051105,7.548632170413027,0.13933265459180713,1.013211370852912,1.0535556122448981,0.14440000000000003,0.28,4.01341260817504,0.14658366674865148,0.16703266674865147,0.40869630136404644,1.0021186337803485,0.05493481564680206,8.70006894984563e-05,50980664.930002645,4997046.349154554,2.5475029924164088e-05,2800.042581151331,12419177.262437299,1156941.2649085054,31.894826171489438,2.97124678673264,3.834137553873191e-06,"[0.340,0.428]",0.38,"[0.145,0.206]",0.16,0.0,0.0,0.0,0.0,11.0,0.9978520713365624,0.13048893389199756,0.05520138081543734,0.0,0.0,0.0,0.0,14.0,1.0033982755289999,0.15083139608621363,0.05481279048316919,6.542464e-10,7.733592e-12,0.01111227,0.01867472413755387,1.0,0.0121896,0.017980321771356028,0.01095449,0.018218704137553873,0.9893403087777491,5.512642e-10,5.581626e-12,0.01107454,0.01848596413755387,1.0,0.01020248,0.01834299825554006,0.01095449,0.018218704137553873,1.0048150796241007
20,40,0.28740000000000004,140.0,0.148,4850.0,425.5778424526988,20,0.8853,0.03,0.05,0.0537,0.163,4293.705,403.8829160339126,0.0074,2.443460952792061,0.8830222215594888,0.11697777844051105,7.548632170413027,0.14433265459180714,1.0275390252936452,1.0535556122448981,0.13940000000000002,0.28,4.01341260817504,0.14150805501912755,0.16341205501912756,0.4042425695286526,1.0165769755098726,0.054247096035366316,9.726057037163913e-05,44146409.83076149,4375646.172200486,2.5475029924164088e-05,2839.668547699789,12192699.041601323,1146893.6136147764,31.313186717236732,2.9454424935276062,1.521751159011112e-06,"[0.340,0.428]",0.38,"[0.100,0.145]",0.12,0.0,0.0,0.0,0.0,13.0,1.0235841221347433,0.14246014103655724,0.05386155587054002,0.0,0.0,0.0,0.0,9.0,1.016174413242903,0.13632396472769806,0.05424359746841404,6.542464e-10,7.733592e-12,0.01076579,0.01717634175115901,1.0,0.01100277,0.015251807605785076,0.01055779,0.01664256175115901,0.9296344347814857,2.094834e-09,3.932807e-11,0.01071738,0.016979881751159012,1.0,0.01156891,0.01568826733322986,0.01055779,0.016642551751159012,0.9513289402498007
20,40,0.28740000000000004,140.0,0.153,4430.0,395.2284150096076,20,0.8853,0.03,0.05,0.0537,0.163,3921.879,374.285214697023,0.0074,2.443460952792061,0.8830222215594888,0.11697777844051105,7.548632170413027,0.14933265459180714,1.0418666797343783,1.0535556122448981,0.13440000000000002,0.28,4.01341260817504,0.1364324432896036,0.1598414432896036,0.39980175498564735,1.0310353172393965,0.053511292609713844,0.00010750007927859913,36482568.44384261,3676540.6840801165,2.5475029924164088e-05,2883.1962888729377,11307546.978208708,1079137.7419944673,29.039946662709795,2.771432436197657,6.005975948950515e-07,"[0.340,0.428]",0.38,"[0.100,0.145]",0.12,0.0,0.0,0.0,0.0,13.0,1.0235841221347433,0.14246014103655724,0.05386155587054002,0.0,0.0,0.0,0.0,10.0,1.0361021086002835,0.146943312911745,0.05315245097187507,6.542464e-10,7.733592e-12,0.01035011,0.015692980597594892,1.0,0.01100277,0.015251807605785076,0.01011465,0.015165150597594896,1.0043243134533608,2.094834e-09,3.932807e-11,0.01029133,0.015495560597594896,1.0,0.01047258,0.013871189047599078,0.01011465,0.015165150597594896,0.9273584008892771
20,40,0.28740000000000004,140.0,0.158,4460.0,400.58332463553,20,0.8853,0.03,0.05,0.0537,0.163,3948.438,379.0375027292979,0.0074,2.443460952792061,0.8830222215594888,0.11697777844051105,7.548632170413027,0.15433265459180714,1.0561943341751114,1.0535556122448981,0.12940000000000002,0.28,4.01341260817504,0.13135683156007966,0.15632083156007964,0.3953742929934616,1.0454936589689203,0.052724659110902405,0.00011771736313394648,33541678.940830592,3402924.717059116,2.5475029924164088e-05,2931.078583912849,11573182.061707681,1110988.706749653,29.72214844099298,2.8532318149160436,2.3688997532297842e-07,"[0.340,0.428]",0.38,"[0.100,0.145]",0.12,0.0,0.0,0.0,0.0,14.0,1.0391504802248652,0.14963806264476653,0.052999834449407056,0.0,0.0,0.0,0.0,11.0,1.0535088308888616,0.1562192498131469,0.052171367665632164,6.542464e-10,7.733592e-12,0.009840579,0.014205456889975323,1.0,0.01025872,0.013778772370461429,0.00962963,0.013792226889975324,0.9980548109801135,2.094834e-09,3.932807e-11,0.009781504,0.014024316889975323,1.0,0.009596297,0.012617109954632074,0.00962963,0.013792226889975324,0.9285966239690084
20,40,0.28740000000000004,140.0,0.163,3910.0,355.20346278754454,20,0.8853,0.03,0.05,0.0537,0.163,3461.5229999999997,335.6268820858225,0.0074,2.443460952792061,0.8830222215594888,0.11697777844051105,7.548632170413027,0.15933265459180715,1.0705219886158446,1.0535556122448981,0.12440000000000002,0.28,4.01341260817504,0.1262812198305557,0.15285021983055572,0.39096063718813906,1.0599520006984444,0.05188427936527824,0.00012791044053209847,27062083.326429855,2776970.0527175344,2.5475029924164088e-05,2983.841052928519,10328634.433056284,1001457.2692340765,26.52591173068891,2.5719341020281723,9.34631478542559e-08,"[0.340,0.428]",0.38,"[0.100,0.145]",0.12,0.0,0.0,0.0,0.0,15.0,1.0539720005162208,0.15642878611173405,0.052144060078419624,0.0,0.0,0.0,0.0,11.0,1.0535088308888616,0.1562192498131469,0.052171367665632164,6.542464e-10,7.733592e-12,0.009334879,0.012930493463147855,1.0,0.009572368,0.012577363808615783,0.009123037,0.012573503463147855,0.9985325853601479,2.094834e-09,3.932807e-11,0.009271443,0.012764083463147854,1.0,0.009596297,0.012617109954632074,0.009123037,0.012573503463147855,1.0011607855001723
20,40,0.3274,140.0,0.0575,623.0,51.56437724170625,21,0.9087,0.0213,0.05,0.0548,0.1808,566.1201,48.69934790512096,0.0074,2.443460952792061,0.8830222215594888,0.11697777844051105,7.548632170413027,0.05271894364291003,0.6915621510850118,1.0467847656250002,0.26990000000000003,0.32,4.01341260817504,0.3121139527755274,0.3154202027755274,0.5616228296423921,0.6761436647534727,0.06151124153433214,-0.00011322459255065003,-4999974.716153217,-455416.7613245274,1.9504319785688132e-05,3220.893236990139,1823412.401414181,156855.400313434,4.682872331482438,0.40283471451751696,2.1365927613993006e-05,"[0.523,0.609]",0.57,"[0.206,0.322]",0.265,0.0,0.0,0.0,0.0,0.0,0.6724048218225704,0.06037850168743564,0.06146815483646777,0.0,0.0,0.0,0.0,0.0,0.676074839428892,0.03235658326515417,0.06189302346449127,2.105634e-13,1.469681e-17,0.0008684112,0.002739743927613993,1.0,0.0008586633,0.002917464036893417,0.0009207179,0.0029389769276139933,0.9911633499472148,8.328633e-12,5.725275e-15,0.0009046573,0.002874456927613993,1.0,0.000388976,0.0016883580483157217,0.0009207179,0.0029389769276139933,0.5653467384250442
20,40,0.3274,140.0,0.0625,803.0,65.37434512479714,21,0.9087,0.0213,0.05,0.0548,0.1808,729.6861,61.818902580198625,0.0074,2.443460952792061,0.8830222215594888,0.11697777844051105,7.548632170413027,0.057718943642910026,0.7065962233029925,1.0467847656250002,0.2649,0.32,4.01341260817504,0.30633192326875586,0.31023817326875586,0.556990281125942,0.6913084242602441,0.061388183306457435,-0.00010480282821857275,-6962465.731155601,-623784.1691490894,1.9504319785688132e-05,3228.1962323991656,2355569.918854041,199563.54840044826,6.049554773960489,0.5125174197850815,2.596993388121315e-05,"[0.523,0.609]",0.57,"[0.206,0.322]",0.265,0.0,0.0,0.0,0.0,1.0,0.691671914600348,0.06997891028846948,0.061243363530798414,0.0,0.0,0.0,0.0,1.0,0.7010786863254437,0.045680981865855494,0.06166692495309072,2.105634e-13,1.469681e-17,0.001096219,0.003535387933881213,1.0,0.001116153,0.004078662431718172,0.001149171,0.003780862933881213,1.077484487336084,8.328633e-12,5.725275e-15,0.001131302,0.003691542933881213,1.0,0.001307865,0.0032912574697814777,0.001149172,0.003780862933881213,0.876154344786669
20,40,0.3274,140.0,0.0675,1030.0,82.80615918974979,21,0.9087,0.0213,0.05,0.0548,0.1808,935.9609999999999,78.37903893346564,0.0074,2.443460952792061,0.8830222215594888,0.11697777844051105,7.548632170413027,0.06271894364291003,0.7216302955209734,1.0467847656250002,0.2599,0.32,4.01341260817504,0.3005498937619843,0.3051061437619843,0.5523641405467813,0.7064731837670157,0.061251485968197586,-9.638187153924565e-05,-9710965.195554297,-859146.6202856626,1.9504319785688132e-05,3236.3431860248033,3029091.004734961,253661.46857949428,7.7792859391624,0.6514512415583251,3.0917342389681944e-05,"[0.523,0.609]",0.57,"[0.206,0.322]",0.265,0.0,0.0,0.0,0.0,2.0,0.7118072729309091,0.07991523059928796,0.060975698200678795,0.0,0.0,0.0,0.0,1.0,0.7010786863254437,0.045680981865855494,0.06166692495309072,2.105634e-13,1.469681e-17,0.001343052,0.0044752673423896815,1.0,0.001482076,0.0055043153125976,0.001407644,0.004766000342389682,1.1566111461886621,8.328633e-12,5.725275e-15,0.001383636,0.004652980342389682,1.0,0.001307865,0.0032912574697814777,0.001407644,0.004766000342389682,0.6942112076545712
20,40,0.3274,140.0,0.0725,1180.0,94.65775192462357,21,0.9087,0.0213,0.05,0.0548,0.1808,1072.2659999999998,89.61241015694269,0.0074,2.443460952792061,0.8830222215594888,0.11697777844051105,7.548632170413027,0.06771894364291002,0.736664367738954,1.0467847656250002,0.2549,0.32,4.01341260817504,0.2947678642552128,0.3000241142552128,0.5477445702653864,0.7216379432737874,0.06110050750447671,-8.796202899819945e-05,-12190100.799311357,-1076120.6057054594,1.9504319785688132e-05,3245.3837980700605,3479914.703621391,290826.66402935074,8.93708755565601,0.7468985826706758,3.6184211390536916e-05,"[0.523,0.609]",0.57,"[0.206,0.322]",0.265,0.0,0.0,0.0,0.0,2.0,0.7118072729309091,0.07991523059928796,0.060975698200678795,0.0,0.0,0.0,0.0,2.0,0.7228559586212869,0.05728595840032001,0.06140912687532019,2.105634e-13,1.469681e-17,0.00164037,0.005562382211390537,1.0,0.001482076,0.0055043153125976,0.001726243,0.005899165211390537,0.9324434930050495,8.328633e-12,5.725275e-15,0.00169221,0.005766293211390537,1.0,0.001990972,0.005221653167042172,0.001726243,0.005899165211390537,0.8898747047088472
20,40,0.3274,140.0,0.0775,1470.0,117.04247092018565,21,0.9087,0.0213,0.05,0.0548,0.1808,1335.789,110.8696639907757,0.0074,2.443460952792061,0.8830222215594888,0.11697777844051105,7.548632170413027,0.07271894364291002,0.7516984399569349,1.0467847656250002,0.24989999999999998,0.32,4.01341260817504,0.28898583474844125,0.29499208474844124,0.5431317379314536,0.7368027027805588,0.06093457465762466,-7.95436271719485e-05,-16793161.784192227,-1471424.8655920147,1.9504319785688132e-05,3255.3717508754057,4348489.775730107,360921.97218461946,11.167754721152253,0.9269167611543062,4.174697628903214e-05,"[0.523,0.609]",0.57,"[0.206,0.322]",0.265,0.0,0.0,0.0,0.0,4.0,0.7482077456320708,0.09763613966045825,0.0604097490813445,0.0,0.0,0.0,0.0,3.0,0.7423487574750125,0.06767355287107936,0.0611315170799157,2.105634e-13,1.469681e-17,0.002006381,0.0067917029762890315,1.0,0.002309,0.008472644987400153,0.00211382,0.007172672976289032,1.1884548770070897,8.328633e-12,5.725275e-15,0.002069081,0.007014088976289032,1.0,0.002388226,0.0072116878069221416,0.00211382,0.007172672976289032,1.0064587167052934
20,40,0.3274,140.0,0.0825,1710.0,135.65673592661747,21,0.9087,0.0213,0.05,0.0548,0.1808,1553.877,128.5396530258931,0.0074,2.443460952792061,0.8830222215594888,0.11697777844051105,7.548632170413027,0.07771894364291003,0.7667325121749156,1.0467847656250002,0.24489999999999998,0.32,4.01341260817504,0.2832038052416697,0.29001005524166973,0.5385258166900355,0.7519674622873305,0.060752981252733984,-7.112701392528182e-05,-21846509.70491087,-1907246.3251321563,1.9504319785688132e-05,3266.3651157659397,5075529.626991031,419857.438636435,13.034932327663189,1.0782743284145548,4.7579102571060084e-05,"[0.523,0.609]",0.57,"[0.206,0.322]",0.265,0.0,0.0,0.0,0.0,4.0,0.7482077456320708,0.09763613966045825,0.0604097490813445,0.0,0.0,0.0,0.0,4.0,0.7555772948607411,0.07472296033869731,0.06091854677000229,2.105634e-13,1.469681e-17,0.002436648,0.00815714910257106,1.0,0.002309,0.008472644987400153,0.00256087,0.00856991410257106,0.9912721077543392,8.328633e-12,5.725275e-15,0.002506884,0.00838671010257106,1.0,0.00276191,0.008649703750835206,0.00256087,0.00856991410257106,1.0089598992114572
20,40,0.3274,140.0,0.0875,2070.0,163.65433084759366,21,0.9087,0.0213,0.05,0.0548,0.1808,1881.009,155.11118779528013,0.0074,2.443460952792061,0.8830222215594888,0.11697777844051105,7.548632170413027,0.08271894364291002,0.781766584392896,1.0467847656250002,0.2399,0.32,4.01341260817504,0.2774217757348982,0.28507802573489816,0.5339269853967845,0.7671322217941017,0.06055498642424512,-6.271255967998254e-05,-29994135.299191214,-2609594.1814958495,1.9504319785688132e-05,3278.426810800591,6166750.336957209,508520.6767231718,15.837396140171014,1.3059785077510586,5.364091276186598e-05,"[0.523,0.609]",0.57,"[0.206,0.322]",0.265,0.0,0.0,0.0,0.0,5.0,0.771385307888669,0.1087634405734258,0.05999620788539473,0.0,0.0,0.0,0.0,5.0,0.7657250222139123,0.08013062279577066,0.060742015375646344,2.105634e-13,1.469681e-17,0.002917666,0.009621705912761867,1.0,0.002880894,0.010482088808390171,0.003054805,0.010066170912761867,1.0475922568709632,8.328633e-12,5.725275e-15,0.002993131,0.009861156912761867,1.0,0.003095441,0.009777141590965932,0.003054805,0.010066170912761867,0.9697724751095494
20,40,0.3274,140.0,0.0925,2270.0,177.76799487064847,21,0.9087,0.0213,0.05,0.0548,0.1808,2062.749,168.61871954021188,0.0074,2.443460952792061,0.8830222215594888,0.11697777844051105,7.548632170413027,0.08771894364291002,0.7968006566108767,1.0467847656250002,0.2349,0.32,4.01341260817504,0.27163974622812664,0.28019599622812663,0.5293354288427392,0.7822969813008733,0.06033981273744926,-5.430065875919668e-05,-37987550.19064369,-3273772.3433335074,1.9504319785688132e-05,3291.625117009549,6789796.418486329,555029.6124365502,17.437497825433457,1.4254223637048515,5.984852587280621e-05,"[0.523,0.609]",0.57,"[0.206,0.322]",0.265,0.0,0.0,0.0,0.0,5.0,0.771385307888669,0.1087634405734258,0.05999620788539473,0.0,0.0,0.0,0.0,6.0,0.777675888977065,0.08649916732553582,0.060519770532557596,2.105634e-13,1.469681e-17,0.003438292,0.011163778525872806,1.0,0.002880894,0.010482088808390171,0.003585177,0.011630228525872807,0.903020677769283,8.328633e-12,5.725275e-15,0.003517219,0.011407858525872807,1.0,0.003500472,0.011102978897432772,0.003585177,0.011630228525872807,0.9526067348462299
20,40,0.3274,140.0,0.0975,2380.0,190.84548721731778,21,0.9087,0.0213,0.05,0.0548,0.1808,2162.7059999999997,180.67879490943656,0.0074,2.443460952792061,0.8830222215594888,0.11697777844051105,7.548632170413027,0.09271894364291003,0.8118347288288574,1.0467847656250002,0.2299,0.32,4.01341260817504,0.2658577167213551,0.2753639667213551,0.5247513379891042,0.7974617408076448,0.06010664419817104,-4.589173081191162e-05,-47126267.886123165,-4158602.951793269,1.9504319785688132e-05,3306.0342620262822,7149980.134689812,597330.2863922172,18.362518603811218,1.5340585973492105,6.598242170396502e-05,"[0.523,0.609]",0.57,"[0.206,0.322]",0.265,0.0,0.0,0.0,0.0,6.0,0.79369447369298,0.11936326719821777,0.05956040767623345,0.0,0.0,0.0,0.0,8.0,0.7982658549181636,0.09747143549327518,0.060101478436634985,2.105634e-13,1.469681e-17,0.003988973,0.012749142421703965,1.0,0.003429514,0.01235641632999453,0.004143671,0.013239792421703964,0.9381000872882628,8.328633e-12,5.725275e-15,0.004069977,0.012992272421703964,1.0,0.004182004,0.013327064514173493,0.004143671,0.013239792421703964,1.0067706469406388
20,40,0.3274,140.0,0.103,2590.0,207.85425181402536,21,0.9087,0.0213,0.05,0.0548,0.1808,2353.533,196.76884646368904,0.0074,2.443460952792061,0.8830222215594888,0.11697777844051105,7.548632170413027,0.09821894364291002,0.8283722082686363,1.0467847656250002,0.22440000000000002,0.32,4.01341260817504,0.25949748426390645,0.27010648426390643,0.5197176967007247,0.8141429762650936,0.059828351055412315,-3.6645877572542086e-05,-64223676.874460995,-5671968.1880334,1.9504319785688132e-05,3323.3795330349117,7821683.402522255,653937.5570763132,20.08758126405162,1.679436911899281,7.189496903995505e-05,"[0.428,0.523]",0.475,"[0.206,0.322]",0.265,0.0,0.0,0.0,0.0,4.0,0.8109080135120526,0.07982965372017004,0.0604738222150988,0.0,0.0,0.0,0.0,10.0,0.8194007088934154,0.10873407119485236,0.059627320385556785,2.48078e-11,4.147426e-14,0.004618656,0.014496084969039955,1.0,0.005445718,0.014754980500640403,0.00477751,0.014982394969039955,0.9799534272231539,8.328633e-12,5.725275e-15,0.004701667,0.014746254969039954,1.0,0.004825792,0.015386535388110233,0.00477751,0.014982394969039955,1.029810366717274
20,40,0.3274,140.0,0.108,2940.0,235.66713814495844,21,0.9087,0.0213,0.05,0.0548,0.1808,2671.578,223.11891307572938,0.0074,2.443460952792061,0.8830222215594888,0.11697777844051105,7.548632170413027,0.10321894364291002,0.843406280486617,1.0467847656250002,0.2194,0.32,4.01341260817504,0.25371545475713486,0.26537945475713487,0.5151499342493745,0.8293077357718651,0.0595545536110489,-2.8244680161519665e-05,-94586944.68205512,-8343770.819753503,1.9504319785688132e-05,3340.603368933231,8924682.467167905,745351.7926935024,22.920294147584798,1.9142061798626584,7.46929686122728e-05,"[0.428,0.523]",0.475,"[0.206,0.322]",0.265,0.0,0.0,0.0,0.0,6.0,0.8351994405565187,0.0916903200053868,0.059946349699796043,0.0,0.0,0.0,0.0,11.0,0.8341499399436537,0.11659384710774673,0.05927073531029374,2.48078e-11,4.147426e-14,0.005204717,0.01605963296861227,1.0,0.00653103,0.017698901934716526,0.005362835,0.016511672968612272,1.0702092062128534,8.328633e-12,5.725275e-15,0.005286042,0.016280422968612273,1.0,0.005228493,0.01662584246822025,0.005362835,0.016511672968612272,1.0105527807239276
20,40,0.3274,140.0,0.113,3170.0,254.25282691618236,21,0.9087,0.0213,0.05,0.0548,0.1808,2880.5789999999997,240.7038766803915,0.0074,2.443460952792061,0.8830222215594888,0.11697777844051105,7.548632170413027,0.10821894364291003,0.8584403527045978,1.0467847656250002,0.2144,0.32,4.01341260817504,0.24793342525036335,0.26070242525036336,0.5105902714019954,0.8444724952786367,0.05925996316984713,-1.984793440251949e-05,-145132432.50311932,-12810039.662560936,1.9504319785688132e-05,3359.3136171530414,9676768.25998509,808599.8106339655,24.851794529699745,2.0766392054386555,7.13520258145984e-05,"[0.428,0.523]",0.475,"[0.206,0.322]",0.265,0.0,0.0,0.0,0.0,7.0,0.8473855978819633,0.09758924850699302,0.05965659498310116,0.0,0.0,0.0,0.0,12.0,0.8501700347466057,0.12513085861876322,0.058860583933339636,2.48078e-11,4.147426e-14,0.005791497,0.017518672025814596,1.0,0.00702852,0.01898946191361994,0.005946771,0.017937222025814596,1.0561743813155118,8.328633e-12,5.725275e-15,0.005871348,0.017721002025814597,1.0,0.005616933,0.01777738732277008,0.005946771,0.017937222025814596,0.9960737270706279
20,40,0.3274,140.0,0.118,3520.0,282.6800310971463,21,0.9087,0.0213,0.05,0.0548,0.1808,3198.624,267.5897757331174,0.0074,2.443460952792061,0.8830222215594888,0.11697777844051105,7.548632170413027,0.11321894364291002,0.8734744249225785,1.0467847656250002,0.2094,0.32,4.01341260817504,0.24215139574359182,0.25607539574359184,0.5060389271030361,0.8596372547854082,0.0589435821747895,-1.1456180559246969e-05,-279205096.6251749,-24674893.140452325,1.9504319785688132e-05,3379.6168648740313,10810123.614790833,904350.9189355033,27.762468181277995,2.3225463932072,5.794174723843763e-05,"[0.428,0.523]",0.475,"[0.206,0.322]",0.265,0.0,0.0,0.0,0.0,8.0,0.8570679123957183,0.1022523059852597,0.059414628176557835,0.0,0.0,0.0,0.0,13.0,0.8651095773096094,0.13309205038438138,0.058457597183895184,2.48078e-11,4.147426e-14,0.006370167,0.018841221747238436,1.0,0.007394083,0.019884838123653478,0.006521065,0.019231051747238437,1.0295706614297344,8.328633e-12,5.725275e-15,0.006447246,0.019018751747238438,1.0,0.005923879,0.018634524252289578,0.006521065,0.019231051747238437,0.9747507745500288
20,40,0.3274,140.0,0.123,3980.0,319.3790850950493,21,0.9087,0.0213,0.05,0.0548,0.1808,3616.6259999999997,302.3477280547871,0.0074,2.443460952792061,0.8830222215594888,0.11697777844051105,7.548632170413027,0.11821894364291002,0.8885084971405592,1.0467847656250002,0.2044,0.32,4.01341260817504,0.23636936623682028,0.25149836623682026,0.5014961278383117,0.8748020142921797,0.058604362335385365,-3.0699929143803108e-06,-1178056790.6392152,-104032515.38432853,1.9504319785688132e-05,3401.630139093996,12302424.003430963,1028475.1442377593,31.594981437633763,2.6413211804598378,3.7223643804400097e-05,"[0.428,0.523]",0.475,"[0.206,0.322]",0.265,0.0,0.0,0.0,0.0,10.0,0.8786820607286365,0.11258715279324216,0.058837602149852765,0.0,0.0,0.0,0.0,14.0,0.8809186474189954,0.1415166081140539,0.05801064365858133,2.48078e-11,4.147426e-14,0.006929001,0.0199837636438044,1.0,0.008101541,0.02142880883922341,0.007068236,0.020304413643804402,1.054619227479405,8.328633e-12,5.725275e-15,0.007004926,0.0201551736438044,1.0,0.006190674,0.019335474589008243,0.007068236,0.020304413643804402,0.9590994761492008
20,40,0.3274,140.0,0.128,3970.0,320.1882259182312,21,0.9087,0.0213,0.05,0.0548,0.1808,3607.5389999999998,302.9940569407348,0.0074,2.443460952792061,0.8830222215594888,0.11697777844051105,7.548632170413027,0.12321894364291003,0.90354256935854,1.0467847656250002,0.1994,0.32,4.01341260817504,0.23058733673004875,0.24697133673004876,0.49696210794189205,0.8899667737989513,0.058241201780209105,5.310018206337876e-06,679383546.311414,60298894.180073485,1.9504319785688132e-05,3425.4822163231347,12357560.689192144,1037900.7537020864,31.736583008403176,2.665527951091442,1.9127102576496374e-05,"[0.428,0.523]",0.475,"[0.206,0.322]",0.265,0.0,0.0,0.0,0.0,11.0,0.8890261900213194,0.1174974248658035,0.05854372060687959,0.0,0.0,0.0,0.0,15.0,0.8977879868407729,0.15050617693985271,0.05751167680091848,2.48078e-11,4.147426e-14,0.007458006,0.020937097102576498,1.0,0.008380378,0.021921513320160856,0.007576679,0.021146127102576497,1.0340118141640515,8.328633e-12,5.725275e-15,0.007524416,0.021045067102576497,1.0,0.006402847,0.01980962767443881,0.00757668,0.021146127102576497,0.9451045327565144
20,40,0.3274,140.0,0.133,4180.0,338.0207094520744,21,0.9087,0.0213,0.05,0.0548,0.1808,3798.366,319.8030044250408,0.0074,2.443460952792061,0.8830222215594888,0.11697777844051105,7.548632170413027,0.12821894364291003,0.9185766415765207,1.0467847656250002,0.1944,0.32,4.01341260817504,0.2248053072232772,0.24249430722327722,0.4924371099168677,0.9051315333057228,0.057852942034672304,1.3683204291007048e-05,277593312.15250385,24703329.882623345,1.9504319785688132e-05,3451.3151344511266,13109358.061984587,1103740.9492150838,33.66734267264615,2.834618185219545,8.530334317570372e-06,"[0.428,0.523]",0.475,"[0.206,0.322]",0.265,0.0,0.0,0.0,0.0,12.0,0.899642195232059,0.12251312134211989,0.05823037693471727,0.0,0.0,0.0,0.0,15.0,0.8977879868407729,0.15050617693985271,0.05751167680091848,2.48078e-11,4.147426e-14,0.007935182,0.02161248033431757,1.0,0.008621665,0.0222556170963645,0.008036144,0.02175353033431757,1.0184746056205725,8.328633e-12,5.725275e-15,0.007993841,0.02167968033431757,1.0,0.006402847,0.01980962767443881,0.008036144,0.02175353033431757,0.9116365985131389
20,40,0.3274,140.0,0.138,4190.0,336.7202103014922,21,0.9087,0.0213,0.05,0.0548,0.1808,3807.453,318.7277089148129,0.0074,2.443460952792061,0.8830222215594888,0.11697777844051105,7.548632170413027,0.13321894364291004,0.9336107137945016,1.0467847656250002,0.18939999999999999,0.32,4.01341260817504,0.21902327771650565,0.23806727771650565,0.4879213847706469,0.9202962928124944,0.05743836481256971,2.2048876372910174e-05,172682405.01715255,15271536.045945428,1.9504319785688132e-05,3479.285944152158,13247217.705919968,1108944.837639129,34.02139264604346,2.847982767525875,3.558880361963058e-06,"[0.428,0.523]",0.475,"[0.206,0.322]",0.265,0.0,0.0,0.0,0.0,14.0,0.9225926852299333,0.1332761986978167,0.05751299003484355,0.0,0.0,0.0,0.0,17.0,0.9277572791442597,0.1664766313297194,0.05657330925214166,2.48078e-11,4.147426e-14,0.008356153,0.022042248880361964,1.0,0.008981588,0.022470936622143525,0.008420236,0.022029508880361964,1.02055266285667,8.328633e-12,5.725275e-15,0.008403817,0.022059928880361963,1.0,0.00658416,0.01994734625314523,0.008420236,0.022029508880361964,0.9143480485341778
20,40,0.3274,140.0,0.143,4040.0,328.90272114183443,21,0.9087,0.0213,0.05,0.0548,0.1808,3671.1479999999997,311.0153636399277,0.0074,2.443460952792061,0.8830222215594888,0.11697777844051105,7.548632170413027,0.13821894364291,0.9486447860124823,1.0467847656250002,0.1844,0.32,4.01341260817504,0.21324124820973414,0.23369024820973414,0.48341519236545943,0.9354610523192659,0.05699618860916481,3.0406302629456424e-05,120736415.89173478,10816925.857443992,1.9504319785688132e-05,3509.5687452984193,12884146.2801648,1091529.7995383127,33.08895567638036,2.803257613736872,1.4472193311336493e-06,"[0.428,0.523]",0.475,"[0.206,0.322]",0.265,0.0,0.0,0.0,0.0,15.0,0.9343442838841287,0.1387457017336925,0.05712484339966567,0.0,0.0,0.0,0.0,18.0,0.9429430270289892,0.17456902442039215,0.056074517792442685,2.48078e-11,4.147426e-14,0.008690115,0.022118717219331136,1.0,0.009071045,0.022290966251343605,0.008731067,0.022036637219331134,1.010398214726262,8.328633e-12,5.725275e-15,0.008727055,0.022092747219331136,1.0,0.006578119,0.01969135121828108,0.008731067,0.022036637219331134,0.9025019579718111
20,40,0.3274,140.0,0.148,4140.0,338.5232636185192,21,0.9087,0.0213,0.05,0.0548,0.1808,3762.018,320.0058182840558,0.0074,2.443460952792061,0.8830222215594888,0.11697777844051105,7.548632170413027,0.14321894364291002,0.963678858230463,1.0467847656250002,0.1794,0.32,4.01341260817504,0.20745921870296263,0.22936321870296264,0.478918801784773,0.9506258118260373,0.056525065082757724,3.8754705841626455e-05,97072546.88949835,8735023.431784408,1.9504319785688132e-05,3542.357063991555,13326411.037163382,1133574.870916923,34.224776290593695,2.911237411001273,5.77765154681574e-07,"[0.428,0.523]",0.475,"[0.206,0.322]",0.265,0.0,0.0,0.0,0.0,17.0,0.952935903916311,0.1473424493725256,0.05648252152386072,0.0,0.0,0.0,0.0,19.0,0.9596255281729276,0.18345902825932725,0.055510089383744285,2.48078e-11,4.147426e-14,0.008934449,0.02188379776515468,1.0,0.009092119,0.021677530833547093,0.00893608,0.021679647765154682,1.0013475188001086,8.328633e-12,5.725275e-15,0.00897068,0.02186070776515468,1.0,0.006518715,0.019252980202114304,0.00893608,0.021679647765154682,0.8976382698530815
20,40,0.3274,140.0,0.153,4130.0,339.9419068165147,21,0.9087,0.0213,0.05,0.0548,0.1808,3752.9309999999996,321.186821294931,0.0074,2.443460952792061,0.8830222215594888,0.11697777844051105,7.548632170413027,0.14821894364291002,0.9787129304484437,1.0467847656250002,0.1744,0.32,4.01341260817504,0.2016771891961911,0.2250861891961911,0.47443249171635693,0.965790571332809,0.05602357521080127,4.709326070656652e-05,79691466.33069526,7218483.105993856,1.9504319785688132e-05,3577.866638576448,13427486.621779347,1149163.6126615491,34.48435775347034,2.9512722859104916,2.2856350391848103e-07,"[0.428,0.523]",0.475,"[0.145,0.206]",0.16,0.0,0.0,0.0,0.0,18.0,0.9659562254018129,0.1533227243420353,0.056012373026248875,0.0,0.0,0.0,0.0,11.0,0.9659727794565387,0.13088757585880584,0.05645328138149866,2.48078e-11,4.147426e-14,0.009092434,0.02139447856350392,1.0,0.009034642,0.021068618959243925,0.009059853,0.021091958563503918,0.999018780274592,5.512642e-10,5.581626e-12,0.009102701,0.02127890856350392,1.0,0.01140291,0.021661922131231266,0.009059853,0.021091958563503918,1.0290572537925935
20,40,0.3274,140.0,0.158,4160.0,344.33849622214655,21,0.9087,0.0213,0.05,0.0548,0.1808,3780.192,325.2046012520922,0.0074,2.443460952792061,0.8830222215594888,0.11697777844051105,7.548632170413027,0.15321894364291003,0.9937470026664244,1.0467847656250002,0.1694,0.32,4.01341260817504,0.19589515968941953,0.22085915968941955,0.46995655085275656,0.9809553308395805,0.05549022520570003,5.542109099573406e-05,68208545.37654218,6213130.95854882,1.9504319785688132e-05,3616.338699144949,13670454.619798142,1176049.9846479427,35.10834611423583,3.0203216394036336,9.0367272886646e-08,"[0.428,0.523]",0.475,"[0.145,0.206]",0.16,0.0,0.0,0.0,0.0,19.0,0.9778912214993739,0.15877586923936715,0.05556693133978752,0.0,0.0,0.0,0.0,12.0,0.9794375475421591,0.1380628692359042,0.05587886479473732,2.48078e-11,4.147426e-14,0.00913843,0.020590300367272888,1.0,0.008911699,0.020334641124366126,0.009063851,0.020188480367272887,1.004870640710842,5.512642e-10,5.581626e-12,0.009155146,0.02049854036727289,1.0,0.01101681,0.020491353009698707,0.009063851,0.020188480367272887,1.0166891398012539
20,40,0.3274,140.0,0.163,4010.0,335.322978640164,21,0.9087,0.0213,0.05,0.0548,0.1808,3643.8869999999997,316.4527455395677,0.0074,2.443460952792061,0.8830222215594888,0.11697777844051105,7.548632170413027,0.15821894364291003,1.0087810748844053,1.0467847656250002,0.1644,0.32,4.01341260817504,0.190113130182648,0.216682130182648,0.4654912783099679,0.9961200903463521,0.05492344217443872,6.373726655077854e-05,57170431.00831707,5261019.130354722,1.9504319785688132e-05,3658.0438455991884,13329498.414408889,1157598.0182439815,34.232705266764206,2.972933455102848,3.5741405646609635e-08,"[0.428,0.523]",0.475,"[0.145,0.206]",0.16,0.0,0.0,0.0,0.0,20.0,0.9899603021060378,0.1642628507123648,0.055102567439666975,0.0,0.0,0.0,0.0,13.0,0.9912715276460087,0.14436912557273238,0.055358989097774515,2.48078e-11,4.147426e-14,0.009106231,0.019625605741405646,1.0,0.008742697,0.01950686406150105,0.009001735,0.019162305741405646,1.012743140608473,5.512642e-10,5.581626e-12,0.009090316,0.01944462574140565,1.0,0.01064085,0.019469235158698427,0.009001736,0.019162305741405646,1.0155246326324439
20,40,0.3274,140.0,0.168,3930.0,331.0959075446685,21,0.9087,0.0213,0.05,0.0548,0.1808,3571.191,312.29482676388113,0.0074,2.443460952792061,0.8830222215594888,0.11697777844051105,7.548632170413027,0.16321894364291004,1.023815147102386,1.0467847656250002,0.1594,0.32,4.01341260817504,0.18433110067587646,0.21255510067587646,0.461036984065136,1.0112848498531235,0.05432156950513804,7.204080010913923e-05,49571784.24711793,4595949.892881118,1.9504319785688132e-05,3703.286655711157,13225143.975295782,1156517.2646023084,33.96470307745633,2.9701578727267415,1.414622953675053e-08,"[0.428,0.523]",0.475,"[0.145,0.206]",0.16,0.0,0.0,0.0,0.0,22.0,1.0129961532928822,0.17466057991071604,0.05417797847007136,0.0,0.0,0.0,0.0,15.0,1.016455005529,0.15778924843835432,0.05421072245338307,2.48078e-11,4.147426e-14,0.008968127,0.018451744146229538,1.0,0.00835302,0.017867203094265035,0.008828199,0.017939984146229538,0.9962946078384074,5.512642e-10,5.581626e-12,0.00896821,0.01831737414622954,1.0,0.009727274,0.017209786574754627,0.008828199,0.017939984146229538,0.9674964487115009
20,40,0.3274,140.0,0.173,3680.0,311.3727669813546,21,0.9087,0.0213,0.05,0.0548,0.1808,3344.0159999999996,293.6010964269778,0.0074,2.443460952792061,0.8830222215594888,0.11697777844051105,7.548632170413027,0.16821894364291,1.0388492193203667,1.0467847656250002,0.1544,0.32,4.01341260817504,0.17854907116910496,0.20847807116910494,0.4565939894141237,1.0264496093598952,0.0536828619625267,8.033064395118198e-05,41628148.8049841,3876139.312048588,1.9504319785688132e-05,3752.411188666754,12548123.053480642,1101712.039237418,32.22598366316256,2.82940755574806,5.603722838792297e-09,"[0.428,0.523]",0.475,"[0.145,0.206]",0.16,0.0,0.0,0.0,0.0,23.0,1.026075368000808,0.18052115801156543,0.05363099331789278,0.0,0.0,0.0,0.0,16.0,1.0314618805290001,0.16578632125191714,0.053502540829219424,2.48078e-11,4.147426e-14,0.008779686,0.01725645560372284,1.0,0.008068025,0.01687645097556798,0.008619522,0.01673601560372284,1.0060618021277759,5.512642e-10,5.581626e-12,0.00874324,0.01704820560372284,1.0,0.009170037,0.01597298110842582,0.008619522,0.01673601560372284,0.9624409516682294
20,40,0.3274,140.0,0.178,3390.0,294.45118437769423,21,0.9087,0.0213,0.05,0.0548,0.1808,3080.493,277.13962863545606,0.0074,2.443460952792061,0.8830222215594888,0.11697777844051105,7.548632170413027,0.17321894364291002,1.0538832915383474,1.0467847656250002,0.1494,0.32,4.01341260817504,0.17276704166233345,0.20445104166233344,0.45216262744982966,1.0416143688666666,0.053005480473146044,8.860568636056945e-05,34766312.71117668,3323163.5177392904,1.9504319785688132e-05,3805.80759389097,11723763.652327975,1054740.103228942,30.108870810435842,2.708774626346209,2.2217900788825315e-09,"[0.428,0.523]",0.475,"[0.145,0.206]",0.16,0.0,0.0,0.0,0.0,24.0,1.038391315019815,0.1860118015604476,0.05310155579575428,0.0,0.0,0.0,0.0,17.0,1.04662203761939,0.17386507716325098,0.05277151928722977,2.48078e-11,4.147426e-14,0.008543343,0.01605815222179008,1.0,0.007788026,0.015984400331222805,0.008323172,0.015480652221790079,1.0262866555345787,5.512642e-10,5.581626e-12,0.008494636,0.01584663222179008,1.0,0.008620011,0.014858556080199026,0.008323172,0.015480652221790079,0.967376907417533
20,40,0.3674,140.0,0.0575,83.4,7.86242964960333,22,0.9729,0.0242,0.05,0.056,0.2351,81.13986,7.911139551551908,0.0074,2.443460952792061,0.8830222215594888,0.11697777844051105,7.548632170413027,0.051460255375960336,0.6036131378176868,1.041533641975309,0.3099,0.36,4.01341260817504,0.40215396266350534,0.40546021266350535,0.6367575776255084,0.5861036548654948,0.061647019884155226,-0.00012957477585744058,-626201.0446328756,-60678.70538517196,1.5410820571407907e-05,4066.287727898167,329938.01696137537,32168.96967216533,0.8473440289943789,0.08261607626077709,7.37017139131671e-06,"[0.609,0.702]",0.649,"[0.322,0.438]",0.38,0.0,0.0,0.0,0.0,0.0,0.5680483154404774,0.056337132383778465,0.06168312126813325,0.0,0.0,0.0,0.0,0.0,0.620475649825446,0.06401091542463973,0.06150041653857608,1.170721e-15,2.231484e-21,0.0001945928,0.0008646717713913167,1.0,0.0001589692,0.0007437404022390709,0.0002126102,0.0009489205713913168,0.782349040114843,3.443971e-14,5.208215e-19,0.0002074811,0.0009247933713913167,1.0,0.0003753495,0.0016026180560969163,0.0002126102,0.0009489205713913168,1.6949908667851332
20,40,0.3674,140.0,0.0625,151.0,12.990958394928203,22,0.9729,0.0242,0.05,0.056,0.2351,146.9079,13.156559480403788,0.0074,2.443460952792061,0.8830222215594888,0.11697777844051105,7.548632170413027,0.05646025537596033,0.619353627812915,1.041533641975309,0.3049,0.36,4.01341260817504,0.3956655153794862,0.3995717653794862,0.6321168921801459,0.6019748321495137,0.06155242468434026,-0.00012257351085240607,-1198528.9397225117,-105985.0395455422,1.5410820571407907e-05,4073.358038434135,598408.4753744781,53591.37731763959,1.5368275931886723,0.13763292267408736,9.003403920337695e-06,"[0.609,0.702]",0.649,"[0.322,0.438]",0.38,0.0,0.0,0.0,0.0,1.0,0.6265433724545044,0.08532085131726153,0.06111430794261779,0.0,0.0,0.0,0.0,0.0,0.620475649825446,0.06401091542463973,0.06150041653857608,1.170721e-15,2.231484e-21,0.0002588438,0.0011420884039203378,1.0,0.0004355628,0.0021219699189689114,0.0002804707,0.0012485224039203377,1.7080195377272078,3.443971e-14,5.208215e-19,0.0002737488,0.0012150784039203378,1.0,0.0003753495,0.0016026180560969163,0.0002804707,0.0012485224039203377,1.2861647453106826
20,40,0.3674,140.0,0.0675,207.0,17.2882908386443,22,0.9729,0.0242,0.05,0.056,0.2351,201.3903,17.549901014191036,0.0074,2.443460952792061,0.8830222215594888,0.11697777844051105,7.548632170413027,0.06146025537596034,0.6350941178081435,1.041533641975309,0.2999,0.36,4.01341260817504,0.3891770680954671,0.3937333180954671,0.6274817273000601,0.617846009433533,0.06144765517291836,-0.00011557240428720981,-1742546.5987496765,-149588.39824497417,1.5410820571407907e-05,4081.2143089706015,821916.9740478821,71624.90714013412,2.110840232061318,0.18394648167984343,1.0763512037946342e-05,"[0.609,0.702]",0.649,"[0.322,0.438]",0.38,0.0,0.0,0.0,0.0,1.0,0.6265433724545044,0.08532085131726153,0.06111430794261779,0.0,0.0,0.0,0.0,0.0,0.620475649825446,0.06401091542463973,0.06150041653857608,1.170721e-15,2.231484e-21,0.0003363374,0.0014866615120379463,1.0,0.0004355628,0.0021219699189689114,0.0003629513,0.0016198935120379464,1.3142712178208276,3.443971e-14,5.208215e-19,0.0003539354,0.0015745985120379463,1.0,0.0003753495,0.0016026180560969163,0.0003629513,0.0016198935120379464,0.9896662589626996
20,40,0.3674,140.0,0.0725,300.0,24.42150691887133,22,0.9729,0.0242,0.05,0.056,0.2351,291.87,24.844117767522015,0.0074,2.443460952792061,0.8830222215594888,0.11697777844051105,7.548632170413027,0.06646025537596033,0.6508346078033718,1.041533641975309,0.2949,0.36,4.01341260817504,0.38268862081144794,0.38794487081144796,0.6228522062347118,0.6337171867175522,0.06133228644765121,-0.00010857163461932234,-2688271.2139626965,-224934.50526464733,1.5410820571407907e-05,4089.8965434929037,1193718.1041492738,101609.87138351893,3.06569675470829,0.2609536136412883,1.2642143998482445e-05,"[0.609,0.702]",0.649,"[0.322,0.438]",0.38,0.0,0.0,0.0,0.0,1.0,0.6265433724545044,0.08532085131726153,0.06111430794261779,0.0,0.0,0.0,0.0,0.0,0.620475649825446,0.06401091542463973,0.06150041653857608,1.170721e-15,2.231484e-21,0.0004316953,0.0019101301439984823,1.0,0.0004355628,0.0021219699189689114,0.0004662632,0.0020750481439984828,1.0239659610894345,3.443971e-14,5.208215e-19,0.0004536396,0.002015060143998483,1.0,0.0003753495,0.0016026180560969163,0.0004662632,0.0020750481439984828,0.7710619758506183
20,40,0.3674,140.0,0.0775,374.0,29.512539704162773,22,0.9729,0.0242,0.05,0.056,0.2351,363.8646,30.105464391152037,0.0074,2.443460952792061,0.8830222215594888,0.11697777844051105,7.548632170413027,0.07146025537596033,0.6665750977986001,1.041533641975309,0.2899,0.36,4.01341260817504,0.3762001735274288,0.3822064235274288,0.6182284557729681,0.6495883640015714,0.06120587535323993,-0.0001015713908992938,-3582353.2274040156,-290559.57039540715,1.5410820571407907e-05,4099.447508982483,1491643.8280769074,123415.77100506905,3.8308270830616333,0.31695534090915367,1.4631089159956276e-05,"[0.609,0.702]",0.649,"[0.322,0.438]",0.38,0.0,0.0,0.0,0.0,1.0,0.6265433724545044,0.08532085131726153,0.06111430794261779,0.0,0.0,0.0,0.0,0.0,0.620475649825446,0.06401091542463973,0.06150041653857608,1.170721e-15,2.231484e-21,0.0005522369,0.002424228089159956,1.0,0.0004355628,0.0021219699189689114,0.0005974645,0.002625674089159956,0.8072763031442965,3.443971e-14,5.208215e-19,0.0005799453,0.002547989089159956,1.0,0.0003753495,0.0016026180560969163,0.0005974645,0.002625674089159956,0.6078913606635579
20,40,0.3674,140.0,0.0825,505.0,41.63033749456161,22,0.9729,0.0242,0.05,0.056,0.2351,491.3145,42.305761178245035,0.0074,2.443460952792061,0.8830222215594888,0.11697777844051105,7.548632170413027,0.07646025537596034,0.6823155877938285,1.041533641975309,0.2849,0.36,4.01341260817504,0.3697117262434097,0.3765179762434097,0.6136106063648262,0.6654595412855904,0.06106795961867011,-9.457187333397367e-05,-5195143.996618939,-440197.8730774118,1.5410820571407907e-05,4109.912978080449,2019259.8398691067,173872.9969140413,5.185846069086166,0.4465391624018834,1.672105294019477e-05,"[0.609,0.702]",0.649,"[0.322,0.438]",0.38,0.0,0.0,0.0,0.0,2.0,0.6776013535529862,0.10996473713456167,0.06044669326536335,0.0,0.0,0.0,0.0,1.0,0.672469159798289,0.09171794204314149,0.06085880062285482,1.170721e-15,2.231484e-21,0.0007039261,0.003039669052940195,1.0,0.0009041247,0.004191203569146903,0.0007613378,0.0032819610529401947,1.287893663978091,3.443971e-14,5.208215e-19,0.0007380015,0.0031836580529401946,1.0,0.0008491822,0.003737548051310193,0.0007613378,0.0032819610529401947,1.1421333815014862
20,40,0.3674,140.0,0.0875,644.0,52.33851354139656,22,0.9729,0.0242,0.05,0.056,0.2351,626.5476,53.25172889943539,0.0074,2.443460952792061,0.8830222215594888,0.11697777844051105,7.548632170413027,0.08146025537596033,0.6980560777890565,1.041533641975309,0.2799,0.36,4.01341260817504,0.36322327895939055,0.3708795289593905,0.6089987922478916,0.6813307185696094,0.06091805694969158,-8.75732938796834e-05,-7154551.03082923,-597653.8191346809,1.5410820571407907e-05,4121.341997773632,2582216.9374842746,219468.58676729893,6.631627733282993,0.5636373712304751,1.889801873922523e-05,"[0.523,0.609]",0.57,"[0.322,0.438]",0.38,0.0,0.0,0.0,0.0,0.0,0.6724048218225704,0.06037850168743564,0.06146815483646777,0.0,0.0,0.0,0.0,1.0,0.672469159798289,0.09171794204314149,0.06085880062285482,2.105634e-13,1.469681e-17,0.0008902005,0.0037648300187392253,1.0,0.0008586633,0.002917464036893417,0.0009606811,0.004051177018739225,0.718478599908853,3.443971e-14,5.208215e-19,0.0009308151,0.003929752018739225,1.0,0.0008491822,0.003737548051310193,0.0009606811,0.004051177018739225,0.9224264285734299
20,40,0.3674,140.0,0.0925,761.0,61.36656255902189,22,0.9729,0.0242,0.05,0.056,0.2351,740.3769,62.47933869131702,0.0074,2.443460952792061,0.8830222215594888,0.11697777844051105,7.548632170413027,0.08646025537596033,0.7137965677842848,1.041533641975309,0.2749,0.36,4.01341260817504,0.3567348316753714,0.3652910816753714,0.6043931515788141,0.6972018958536286,0.060755664073902725,-8.057587686693236e-05,-9188567.705228962,-761599.6864715002,1.5410820571407907e-05,4133.787187417215,3060560.5430796766,258276.28976046696,7.860105741794378,0.6633029863453824,2.113219265166482e-05,"[0.523,0.609]",0.57,"[0.322,0.438]",0.38,0.0,0.0,0.0,0.0,1.0,0.691671914600348,0.06997891028846948,0.061243363530798414,0.0,0.0,0.0,0.0,2.0,0.7124773807993552,0.11303808074534552,0.060223135873123036,2.105634e-13,1.469681e-17,0.001113068,0.004604310192651665,1.0,0.001116153,0.004078662431718172,0.001197219,0.004936209192651665,0.8226398831760813,3.443971e-14,5.208215e-19,0.001160248,0.004789955192651665,1.0,0.001403841,0.006016478367445563,0.001197219,0.004936209192651665,1.228418093874331
20,40,0.3674,140.0,0.0975,922.0,73.80772317326698,22,0.9729,0.0242,0.05,0.056,0.2351,897.0138,75.19418272052869,0.0074,2.443460952792061,0.8830222215594888,0.11697777844051105,7.548632170413027,0.09146025537596034,0.7295370577795132,1.041533641975309,0.2699,0.36,4.01341260817504,0.35024638439135225,0.35975263439135224,0.5997938265698908,0.7130730731376477,0.0605802557357565,-7.35798596583446e-05,-12191023.524169914,-1003096.819102135,1.5410820571407907e-05,4147.305069899227,3720189.880509571,311853.2152237775,9.554160235933415,0.8008987938892208,2.3345464490511142e-05,"[0.523,0.609]",0.57,"[0.322,0.438]",0.38,0.0,0.0,0.0,0.0,2.0,0.7118072729309091,0.07991523059928796,0.060975698200678795,0.0,0.0,0.0,0.0,2.0,0.7124773807993552,0.11303808074534552,0.060223135873123036,2.105634e-13,1.469681e-17,0.001373702,0.005562811464490511,1.0,0.001482076,0.0055043153125976,0.001471418,0.005934394464490511,0.9237585890442638,3.443971e-14,5.208215e-19,0.001427032,0.005762761464490511,1.0,0.001403841,0.006016478367445563,0.001471418,0.005934394464490511,1.0181917517893848
20,40,0.3674,140.0,0.103,1060.0,84.49260323009948,22,0.9729,0.0242,0.05,0.056,0.2351,1031.274,86.11233510686485,0.0074,2.443460952792061,0.8830222215594888,0.11697777844051105,7.548632170413027,0.09696025537596033,0.7468515967742644,1.041533641975309,0.2644,0.36,4.01341260817504,0.34310909237893134,0.3537180923789313,0.5947420385166424,0.7305313681500687,0.06037161859824569,-6.588615760302018e-05,-15652362.15797667,-1282402.9554005498,1.5410820571407907e-05,4163.486397181489,4293695.270766943,358527.5358469658,11.027031936218757,0.9207673899717925,2.5488990244516056e-05,"[0.523,0.609]",0.57,"[0.322,0.438]",0.38,0.0,0.0,0.0,0.0,3.0,0.7297341058204907,0.08868079926289318,0.06070995875871817,0.0,0.0,0.0,0.0,2.0,0.7124773807993552,0.11303808074534552,0.060223135873123036,2.105634e-13,1.469681e-17,0.001702795,0.006735108990244517,1.0,0.001872345,0.006922273526501515,0.001814971,0.007151821990244517,0.9643342517233053,3.443971e-14,5.208215e-19,0.00176254,0.006953238990244516,1.0,0.001403841,0.006016478367445563,0.001814971,0.007151821990244517,0.8413836599939927
20,40,0.3674,140.0,0.108,1280.0,101.5736678441777,22,0.9729,0.0242,0.05,0.056,0.2351,1245.312,103.56209178822061,0.0074,2.443460952792061,0.8830222215594888,0.11697777844051105,7.548632170413027,0.10196025537596033,0.7625920867694926,1.041533641975309,0.2594,0.36,4.01341260817504,0.3366206450949122,0.3482846450949122,0.590156458148949,0.7464025454340878,0.06016706422013727,-5.8893914547774066e-05,-21145003.003490575,-1724688.6817445683,1.5410820571407907e-05,4179.4604258649615,5204732.221854746,432833.66424866277,13.36674934073921,1.111599761453974,2.652494129403952e-05,"[0.523,0.609]",0.57,"[0.322,0.438]",0.38,0.0,0.0,0.0,0.0,4.0,0.7482077456320708,0.09763613966045825,0.0604097490813445,0.0,0.0,0.0,0.0,3.0,0.7558276312297486,0.1361391666928221,0.05940496957470047,2.105634e-13,1.469681e-17,0.002038207,0.00790010994129404,1.0,0.002309,0.008472644987400153,0.002162153,0.00835166694129404,1.0119635299294145,3.443971e-14,5.208215e-19,0.002102981,0.00813118094129404,1.0,0.002086939,0.008742227865478213,0.002162153,0.00835166694129404,1.0578941380540026
20,40,0.3674,140.0,0.113,1500.0,118.52598870913613,22,0.9729,0.0242,0.05,0.056,0.2351,1459.35,120.89248723677686,0.0074,2.443460952792061,0.8830222215594888,0.11697777844051105,7.548632170413027,0.10696025537596034,0.778332576764721,1.041533641975309,0.2544,0.36,4.01341260817504,0.33013219781089304,0.342901197810893,0.5855776616392508,0.7622737227181069,0.0599477146341571,-5.190389763661957e-05,-28116385.59818656,-2283566.246584012,1.5410820571407907e-05,4196.711407192464,6124470.792086323,507350.8802304508,15.728814170063766,1.3029742462768141,2.5376165606781546e-05,"[0.523,0.609]",0.57,"[0.322,0.438]",0.38,0.0,0.0,0.0,0.0,5.0,0.771385307888669,0.1087634405734258,0.05999620788539473,0.0,0.0,0.0,0.0,3.0,0.7558276312297486,0.1361391666928221,0.05940496957470047,2.105634e-13,1.469681e-17,0.002404081,0.009139722165606783,1.0,0.002880894,0.010482088808390171,0.00253866,0.009627864165606782,1.0892041029964539,3.443971e-14,5.208215e-19,0.002472961,0.009379773165606783,1.0,0.002086939,0.008742227865478213,0.00253866,0.009627864165606782,0.9138189215447463
20,40,0.3674,140.0,0.118,1640.0,129.70585956709317,22,0.9729,0.0242,0.05,0.056,0.2351,1595.556,132.28478036091585,0.0074,2.443460952792061,0.8830222215594888,0.11697777844051105,7.548632170413027,0.11196025537596033,0.7940730667599494,1.041533641975309,0.24939999999999998,0.36,4.01341260817504,0.3236437505268739,0.3375677505268739,0.5810058093744622,0.7781449000021261,0.059712942770705525,-4.491640531652665e-05,-35522789.251635134,-2887716.8298098175,1.5410820571407907e-05,4215.316217457566,6725773.082661725,557622.1799781808,17.27307363501459,1.4320805737722972,2.0633712950587314e-05,"[0.523,0.609]",0.57,"[0.322,0.438]",0.38,0.0,0.0,0.0,0.0,5.0,0.771385307888669,0.1087634405734258,0.05999620788539473,0.0,0.0,0.0,0.0,4.0,0.797380898472492,0.15828265118120846,0.05850475802618553,2.105634e-13,1.469681e-17,0.002795513,0.010431013712950587,1.0,0.002880894,0.010482088808390171,0.002937934,0.010937163712950587,0.9545241999688983,3.443971e-14,5.208215e-19,0.002867533,0.010675683712950586,1.0,0.002707576,0.01119637818452202,0.002937934,0.010937163712950587,1.041909250042632
20,40,0.3674,140.0,0.123,1840.0,145.44070955735873,22,0.9729,0.0242,0.05,0.056,0.2351,1790.136,148.34009962064385,0.0074,2.443460952792061,0.8830222215594888,0.11697777844051105,7.548632170413027,0.11696025537596033,0.8098135567551776,1.041533641975309,0.24439999999999998,0.36,4.01341260817504,0.31715530324285474,0.33228430324285474,0.5764410665825733,0.7940160772861453,0.05946209356124859,-3.793175300629357e-05,-47193600.56211965,-3834273.3470089682,1.5410820571407907e-05,4235.358030614147,7581866.883491486,628273.4321903965,19.471686505010478,1.613526523088302,1.3270460705850388e-05,"[0.523,0.609]",0.57,"[0.206,0.322]",0.265,0.0,0.0,0.0,0.0,6.0,0.79369447369298,0.11936326719821777,0.05956040767623345,0.0,0.0,0.0,0.0,8.0,0.7982658549181636,0.09747143549327518,0.060101478436634985,2.105634e-13,1.469681e-17,0.003207124,0.01175049046070585,1.0,0.003429514,0.01235641632999453,0.003355084,0.01226402046070585,1.006311046973363,8.328633e-12,5.725275e-15,0.003282492,0.012007620460705852,1.0,0.004182004,0.013327064514173493,0.003355084,0.01226402046070585,1.0799747676321956
20,40,0.3674,140.0,0.128,2070.0,163.43130052909058,22,0.9729,0.0242,0.05,0.056,0.2351,2013.903,166.70676095437125,0.0074,2.443460952792061,0.8830222215594888,0.11697777844051105,7.548632170413027,0.12196025537596034,0.825554046750406,1.041533641975309,0.23939999999999997,0.36,4.01341260817504,0.31066685595883564,0.32705085595883565,0.5718836035058494,0.8098872545701643,0.05919448255958685,-3.095027399818749e-05,-65068987.76139876,-5280447.615380124,1.5410820571407907e-05,4256.92697636673,8573038.008485887,709658.5078493828,22.01720381826379,1.8225389871383932,6.825033953950545e-06,"[0.523,0.609]",0.57,"[0.206,0.322]",0.265,0.0,0.0,0.0,0.0,7.0,0.8322024003339883,0.13741394346170643,0.058723938577045914,0.0,0.0,0.0,0.0,9.0,0.8079658062037602,0.10264048079544025,0.05988936385247964,2.105634e-13,1.469681e-17,0.003633372,0.01307485503395395,1.0,0.004312239,0.015238096643253488,0.003784451,0.013583825033953952,1.131308330499336,8.328633e-12,5.725275e-15,0.003710175,0.01332758503395395,1.0,0.004486175,0.014307914818022413,0.003784451,0.013583825033953952,1.0451460844367193
20,40,0.3674,140.0,0.133,2150.0,168.34426038732883,22,0.9729,0.0242,0.05,0.056,0.2351,2091.735,171.84791913853445,0.0074,2.443460952792061,0.8830222215594888,0.11697777844051105,7.548632170413027,0.12696025537596034,0.8412945367456344,1.041533641975309,0.23439999999999997,0.36,4.01341260817504,0.3041784086748165,0.3218674086748165,0.5673335955809566,0.8257584318541835,0.05890939448875453,-2.397232040715962e-05,-87256259.07182847,-7022443.281587827,1.5410820571407907e-05,4280.120882516398,8952878.654190438,735529.8673218306,22.992707356993005,1.888981594064506,3.0458460153675817e-06,"[0.523,0.609]",0.57,"[0.206,0.322]",0.265,0.0,0.0,0.0,0.0,7.0,0.8322024003339883,0.13741394346170643,0.058723938577045914,0.0,0.0,0.0,0.0,10.0,0.8194007088934154,0.10873407119485236,0.059627320385556785,2.105634e-13,1.469681e-17,0.004070199,0.014391945846015367,1.0,0.004312239,0.015238096643253488,0.004220181,0.014868085846015367,1.0280274967742493,8.328633e-12,5.725275e-15,0.004145994,0.014620515846015368,1.0,0.004825792,0.015386535388110233,0.004220181,0.014868085846015367,1.0257905662659963
20,40,0.3674,140.0,0.138,2320.0,183.62529781157122,22,0.9729,0.0242,0.05,0.056,0.2351,2257.128,187.26353783522256,0.0074,2.443460952792061,0.8830222215594888,0.11697777844051105,7.548632170413027,0.13196025537596034,0.8570350267408626,1.041533641975309,0.22939999999999997,0.36,4.01341260817504,0.2976899613907974,0.3167339613907974,0.5627912236263083,0.8416296091382026,0.05860608170924384,-1.69982641700445e-05,-132785793.73873156,-10802591.133697534,1.5410820571407907e-05,4305.046114419427,9717040.126147293,806178.1659299602,24.955220396301225,2.0704199579594387,1.2712453409626503e-06,"[0.523,0.609]",0.57,"[0.206,0.322]",0.265,0.0,0.0,0.0,0.0,7.0,0.8322024003339883,0.13741394346170643,0.058723938577045914,0.0,0.0,0.0,0.0,11.0,0.8341499399436537,0.11659384710774673,0.05927073531029374,2.105634e-13,1.469681e-17,0.004508479,0.015640611245340965,1.0,0.004312239,0.015238096643253488,0.004658755,0.016104371245340962,0.9436754277984716,8.328633e-12,5.725275e-15,0.004583855,0.015854291245340962,1.0,0.005228493,0.01662584246822025,0.004658755,0.016104371245340962,1.02363289454013
20,40,0.3674,140.0,0.143,2400.0,190.6609818597122,22,0.9729,0.0242,0.05,0.056,0.2351,2334.96,194.37421672488168,0.0074,2.443460952792061,0.8830222215594888,0.11697777844051105,7.548632170413027,0.13696025537596032,0.8727755167360909,1.041533641975309,0.2244,0.36,4.01341260817504,0.2912015141067783,0.3116505141067783,0.5582566740369328,0.8575007864222217,0.0582837626039902,-1.00284980972504e-05,-232832471.75767985,-19011917.83762589,1.5410820571407907e-05,4331.818526707607,10114622.987121195,841993.833123122,25.97628934246082,2.162401451999055,5.170150275808755e-07,"[0.523,0.609]",0.57,"[0.206,0.322]",0.265,0.0,0.0,0.0,0.0,7.0,0.8322024003339883,0.13741394346170643,0.058723938577045914,0.0,0.0,0.0,0.0,12.0,0.8501700347466057,0.12513085861876322,0.058860583933339636,2.105634e-13,1.469681e-17,0.004942992,0.01680150701502758,1.0,0.004312239,0.015238096643253488,0.005087205,0.017215367015027582,0.8773501971406524,8.328633e-12,5.725275e-15,0.005016871,0.016994407015027583,1.0,0.005616933,0.01777738732277008,0.005087206,0.017215367015027582,1.0248052210334093
20,40,0.3674,140.0,0.148,2690.0,213.6534343358788,22,0.9729,0.0242,0.05,0.056,0.2351,2617.101,217.81862542671053,0.0074,2.443460952792061,0.8830222215594888,0.11697777844051105,7.548632170413027,0.14196025537596033,0.8885160067313193,1.041533641975309,0.21939999999999998,0.36,4.01341260817504,0.28471306682275915,0.30661706682275913,0.5537301389871777,0.8733719637062409,0.05794161987527957,-3.063436979552907e-06,-854302215.9319735,-69743048.66133086,1.5410820571407907e-05,4360.564545181307,11412037.831758544,949812.1753158415,29.30829919042213,2.43929960794502,2.0733154053099182e-07,"[0.523,0.609]",0.57,"[0.206,0.322]",0.265,0.0,0.0,0.0,0.0,8.0,0.8804492966191411,0.1596110087273067,0.05753153199165832,0.0,0.0,0.0,0.0,14.0,0.8809186474189954,0.1415166081140539,0.05801064365858133,2.105634e-13,1.469681e-17,0.005365938,0.01783927733154053,1.0,0.005201311,0.01778037619525254,0.00550017,0.01818744733154053,0.9835640024718473,8.328633e-12,5.725275e-15,0.005440845,0.01802923733154053,1.0,0.006190674,0.019335474589008243,0.00550017,0.01818744733154053,1.0638310060054452
20,40,0.3674,140.0,0.153,2730.0,217.86578438913938,22,0.9729,0.0242,0.05,0.056,0.2351,2656.017,222.01902035850273,0.0074,2.443460952792061,0.8830222215594888,0.11697777844051105,7.548632170413027,0.14696025537596033,0.9042564967265476,1.041533641975309,0.21439999999999998,0.36,4.01341260817504,0.27822461953874,0.30163361953874,0.5492118166415759,0.88924314099026,0.0575787987484484,3.896481247297327e-06,681645010.3134111,55913469.24619622,1.5410820571407907e-05,4391.422400128146,11663692.548921159,974979.2992568358,29.95459670993766,2.5039336031261805,8.207184908489358e-08,"[0.523,0.609]",0.57,"[0.206,0.322]",0.265,0.0,0.0,0.0,0.0,8.0,0.8804492966191411,0.1596110087273067,0.05753153199165832,0.0,0.0,0.0,0.0,14.0,0.8809186474189954,0.1415166081140539,0.05801064365858133,2.105634e-13,1.469681e-17,0.005772836,0.018744702071849084,1.0,0.005201311,0.01778037619525254,0.00588799,0.018984932071849085,0.9356233910026331,8.328633e-12,5.725275e-15,0.00583903,0.018875842071849083,1.0,0.006190674,0.019335474589008243,0.00588799,0.018984932071849085,1.0119780418875661
20,40,0.3674,140.0,0.158,2840.0,227.54559979187118,22,0.9729,0.0242,0.05,0.056,0.2351,2763.036,231.80217884229108,0.0074,2.443460952792061,0.8830222215594888,0.11697777844051105,7.548632170413027,0.15196025537596033,0.9199969867217759,1.041533641975309,0.20939999999999998,0.36,4.01341260817504,0.2717361722547209,0.2967001722547209,0.5447019113742129,0.9051143182742791,0.05719440507693946,1.0850794277340721e-05,254639054.9279823,20970409.53647472,1.5410820571407907e-05,4424.543536380065,12225173.07458543,1025618.832115475,31.39658625451913,2.6339856237875514,3.247033683503642e-08,"[0.523,0.609]",0.57,"[0.206,0.322]",0.265,0.0,0.0,0.0,0.0,9.0,0.9203837134798151,0.17764980802921804,0.05642855319738987,0.0,0.0,0.0,0.0,15.0,0.8977879868407729,0.15050617693985271,0.05751167680091848,2.105634e-13,1.469681e-17,0.006144673,0.019432332470336836,1.0,0.00566924,0.01866720045567511,0.006246632,0.019606662470336836,0.963517097779235,8.328633e-12,5.725275e-15,0.006205195,0.019526462470336837,1.0,0.006402847,0.01980962767443881,0.006246633,0.019606662470336836,1.0052879491388511
20,40,0.3674,140.0,0.163,2930.0,235.51751530424326,22,0.9729,0.0242,0.05,0.056,0.2351,2850.5969999999998,239.85517457699962,0.0074,2.443460952792061,0.8830222215594888,0.11697777844051105,7.548632170413027,0.15696025537596034,0.9357374767170042,1.041533641975309,0.20439999999999997,0.36,4.01341260817504,0.26524772497070176,0.29181672497070177,0.5402006339969454,0.9209854955582983,0.05678750334295113,1.7799014145636438e-05,160154769.06055748,13232053.942829309,1.5410820571407907e-05,4460.0942303753955,12713931.23282541,1069776.6802565593,32.651810829186495,2.747391436491968,1.2851389044036391e-08,"[0.523,0.609]",0.57,"[0.206,0.322]",0.265,0.0,0.0,0.0,0.0,9.0,0.9203837134798151,0.17764980802921804,0.05642855319738987,0.0,0.0,0.0,0.0,17.0,0.9277572791442597,0.1664766313297194,0.05657330925214166,2.105634e-13,1.469681e-17,0.006475684,0.019901082851389043,1.0,0.00566924,0.01866720045567511,0.006552582,0.019964542851389044,0.938649318233436,8.328633e-12,5.725275e-15,0.006537253,0.019989402851389042,1.0,0.00658416,0.01994734625314523,0.006552582,0.019964542851389044,1.0030797871517854
20,40,0.3674,140.0,0.168,2970.0,239.9176942445507,22,0.9729,0.0242,0.05,0.056,0.2351,2889.513,244.23117285433764,0.0074,2.443460952792061,0.8830222215594888,0.11697777844051105,7.548632170413027,0.16196025537596034,0.9514779667122326,1.041533641975309,0.19939999999999997,0.36,4.01341260817504,0.2587592776866826,0.28698327768668264,0.5357082019968358,0.9368566728423174,0.05635711454757477,2.474062587294393e-05,116792235.36377627,9697317.09604493,1.5410820571407907e-05,4498.2574505642615,12997773.38075229,1098614.6929520722,33.38077183658364,2.821452977173615,5.090215077218023e-09,"[0.523,0.609]",0.57,"[0.206,0.322]",0.265,0.0,0.0,0.0,0.0,9.0,0.9203837134798151,0.17764980802921804,0.05642855319738987,0.0,0.0,0.0,0.0,18.0,0.9429430270289892,0.17456902442039215,0.056074517792442685,2.105634e-13,1.469681e-17,0.006764979,0.020167175090215077,1.0,0.00566924,0.01866720045567511,0.006803243,0.020075975090215074,0.9254438485232561,8.328633e-12,5.725275e-15,0.00680747,0.020170735090215077,1.0,0.006578119,0.01969135121828108,0.006803243,0.020075975090215074,0.9852802484975647
20,40,0.3674,140.0,0.173,3060.0,247.90925756773277,22,0.9729,0.0242,0.05,0.056,0.2351,2977.074,252.30290722983668,0.0074,2.443460952792061,0.8830222215594888,0.11697777844051105,7.548632170413027,0.16696025537596032,0.9672184567074609,1.041533641975309,0.1944,0.36,4.01341260817504,0.2522708304026635,0.2821998304026635,0.5312248397831784,0.9527278501263365,0.05590221398395109,3.1675086040758134e-05,93987874.13455577,7826632.491186728,1.5410820571407907e-05,4539.235004973021,13513638.513195053,1145262.1883541355,34.705612313493404,2.9412526809498196,2.017915227911223e-09,"[0.523,0.609]",0.57,"[0.206,0.322]",0.265,0.0,0.0,0.0,0.0,10.0,0.9637022903627113,0.19689319504049319,0.05511850472203223,0.0,0.0,0.0,0.0,19.0,0.9596255281729276,0.18345902825932725,0.055510089383744285,2.105634e-13,1.469681e-17,0.006984692,0.020144692017915227,1.0,0.00584193,0.0183123600102245,0.007002228,0.019976802017915227,0.9268352686313761,8.328633e-12,5.725275e-15,0.007017476,0.020104252017915228,1.0,0.006518715,0.019252980202114304,0.007002228,0.019976802017915227,0.9694021585427687
20,40,0.3674,140.0,0.178,2910.0,236.70551324932194,22,0.9729,0.0242,0.05,0.056,0.2351,2831.139,240.81758202336388,0.0074,2.443460952792061,0.8830222215594888,0.11697777844051105,7.548632170413027,0.17196025537596032,0.9829589467026892,1.041533641975309,0.18939999999999999,0.36,4.01341260817504,0.2457823831186444,0.2774663831186444,0.5267507789445065,0.9685990274103556,0.05542172888659414,3.8601821293509104e-05,73342109.39099021,6131977.8527943175,1.5410820571407907e-05,4583.250028997125,12975817.903844891,1103727.1897916,33.32438596619337,2.834582848384345,8.007071712532613e-10,"[0.523,0.609]",0.57,"[0.206,0.322]",0.265,0.0,0.0,0.0,0.0,10.0,0.9637022903627113,0.19689319504049319,0.05511850472203223,0.0,0.0,0.0,0.0,19.0,0.9596255281729276,0.18345902825932725,0.055510089383744285,2.105634e-13,1.469681e-17,0.00713931,0.01987881080070717,1.0,0.00584193,0.0183123600102245,0.007121526,0.01959679080070717,0.9356250930324603,8.328633e-12,5.725275e-15,0.007175545,0.019839490800707172,1.0,0.006518715,0.019252980202114304,0.007121526,0.01959679080070717,0.9785956744090837
20,40,0.3674,140.0,0.183,2860.0,238.80326628288256,22,0.9729,0.0242,0.05,0.056,0.2351,2782.494,242.4217785825325,0.0074,2.443460952792061,0.8830222215594888,0.11697777844051105,7.548632170413027,0.17696025537596033,0.9986994366979176,1.041533641975309,0.18439999999999998,0.36,4.01341260817504,0.2392939358346253,0.2727829358346253,0.5222862585159841,0.9844702046943747,0.054914535949627766,4.5520226764658386e-05,61126540.831741,5246091.314911636,1.5410820571407907e-05,4630.54987800414,12884477.252247252,1122546.1372408925,33.089805676087614,2.882913510306775,3.180234504614928e-10,"[0.428,0.523]",0.475,"[0.206,0.322]",0.265,0.0,0.0,0.0,0.0,20.0,0.9899603021060378,0.1642628507123648,0.055102567439666975,0.0,0.0,0.0,0.0,20.0,0.9816249615270407,0.19518239307645038,0.05474162734708625,2.48078e-11,4.147426e-14,0.007240519,0.01943143031802345,1.0,0.008742697,0.01950686406150105,0.007192218,0.019054890318023453,1.0270311684593956,8.328633e-12,5.725275e-15,0.007249224,0.01930483031802345,1.0,0.006345112,0.01841140001893079,0.007192218,0.019054890318023453,0.9663002870991261
20,40,0.3674,140.0,0.188,2910.0,243.92929299460977,22,0.9729,0.0242,0.05,0.056,0.2351,2831.139,247.54691527564836,0.0074,2.443460952792061,0.8830222215594888,0.11697777844051105,7.548632170413027,0.18196025537596033,1.0144399266931459,1.041533641975309,0.17939999999999998,0.36,4.01341260817504,0.23280548855060615,0.26814948855060616,0.5178315252575939,1.000341381978394,0.054379458706254,5.242966442335167e-05,53998800.70067811,4652505.326468693,1.5410820571407907e-05,4681.409503728203,13253721.020975562,1158868.4817900206,34.03809440485191,2.97619624885334,1.2643439527761803e-10,"[0.428,0.523]",0.475,"[0.206,0.322]",0.265,0.0,0.0,0.0,0.0,21.0,1.0016210582338896,0.1695383820655073,0.05464077140088487,0.0,0.0,0.0,0.0,21.0,1.0074756444548456,0.20895806547020196,0.053807390154356705,2.48078e-11,4.147426e-14,0.007258183,0.018743590126434395,1.0,0.008544342,0.01865595849492627,0.007175095,0.018285330126434393,1.0215919330943088,8.328633e-12,5.725275e-15,0.007281038,0.018640560126434395,1.0,0.006040162,0.017204710001172775,0.007175096,0.018285330126434393,0.9472468484224046
20,40,0.3674,140.0,0.193,2820.0,238.58541451170328,22,0.9729,0.0242,0.05,0.056,0.2351,2743.578,241.9438401224627,0.0074,2.443460952792061,0.8830222215594888,0.11697777844051105,7.548632170413027,0.18696025537596034,1.0301804166883741,1.041533641975309,0.17439999999999997,0.36,4.01341260817504,0.226317041266587,0.263566041266587,0.5133868339435547,1.0162125592624132,0.05381526476132682,5.932946133822677e-05,46243096.39960065,4021364.91938752,1.5410820571407907e-05,4736.135411552912,12993956.920157515,1145878.7888110918,33.37097043471229,2.9428362290364842,5.031488141405752e-11,"[0.428,0.523]",0.475,"[0.206,0.322]",0.265,0.0,0.0,0.0,0.0,22.0,1.0129961532928822,0.17466057991071604,0.05417797847007136,0.0,0.0,0.0,0.0,21.0,1.0074756444548456,0.20895806547020196,0.053807390154356705,2.48078e-11,4.147426e-14,0.007236682,0.017960420050314882,1.0,0.00835302,0.017867203094265035,0.007129117,0.01745234005031488,1.022458845483382,8.328633e-12,5.725275e-15,0.007221865,0.017774040050314882,1.0,0.006040162,0.017204710001172775,0.007129117,0.01745234005031488,0.9809128562463154
20,40,0.3674,140.0,0.198,2760.0,235.6098470300857,22,0.9729,0.0242,0.05,0.056,0.2351,2685.204,238.75759558288942,0.0074,2.443460952792061,0.8830222215594888,0.11697777844051105,7.548632170413027,0.19196025537596034,1.0459209066836026,1.041533641975309,0.16939999999999997,0.36,4.01341260817504,0.21982859398256788,0.2590325939825679,0.508952447663402,1.0320837365464322,0.05322066286843405,6.621890785493013e-05,40550412.06482359,3558044.8947640574,1.5410820571407907e-05,4795.070318706874,12875742.000072973,1144859.4599453325,33.06737187521858,2.940218397251177,2.0042726865488716e-11,"[0.428,0.523]",0.475,"[0.206,0.322]",0.265,0.0,0.0,0.0,0.0,23.0,1.026075368000808,0.18052115801156543,0.05363099331789278,0.0,0.0,0.0,0.0,22.0,1.03238443658475,0.22223180996135988,0.052879611078228014,2.48078e-11,4.147426e-14,0.007132683,0.01702479002004273,1.0,0.008068025,0.01687645097556798,0.006997076,0.01649002002004273,1.0205822408720515,8.328633e-12,5.725275e-15,0.00714656,0.016887270020042727,1.0,0.005716881,0.016043330000080496,0.006997077,0.01649002002004273,0.9733471457211004
20,40,0.3674,140.0,0.203,2620.0,226.32277835360364,22,0.9729,0.0242,0.05,0.056,0.2351,2548.998,229.1363191783961,0.0074,2.443460952792061,0.8830222215594888,0.11697777844051105,7.548632170413027,0.19696025537596035,1.0616613966788309,1.041533641975309,0.16439999999999996,0.36,4.01341260817504,0.21334014669854875,0.2545491466985488,0.5045286381351893,1.0479549138304514,0.05259429984239941,7.309725568386463e-05,34871322.81715279,3096187.076193638,1.5410820571407907e-05,4858.598662599988,12384558.273770044,1113281.4139132393,31.805917977134687,2.8591199260927707,7.991904366785875e-12,"[0.428,0.523]",0.475,"[0.206,0.322]",0.265,0.0,0.0,0.0,0.0,25.0,1.0540822701299413,0.19296847295347208,0.05240707885893694,0.0,0.0,0.0,0.0,23.0,1.0551679707024935,0.23437301732730956,0.0520109747155929,2.48078e-11,4.147426e-14,0.007015744,0.016108870007991907,1.0,0.007445348,0.014978080084420526,0.006864727,0.015581730007991904,0.9692146264210605,8.328633e-12,5.725275e-15,0.006982121,0.015903040007991906,1.0,0.005382923,0.01502321000000695,0.006864727,0.015581730007991904,0.9680869980815805
20,40,0.3674,140.0,0.208,2570.0,223.4379108703501,22,0.9729,0.0242,0.05,0.056,0.2351,2500.353,226.10473414193984,0.0074,2.443460952792061,0.8830222215594888,0.11697777844051105,7.548632170413027,0.20196025537596032,1.0774018866740591,1.041533641975309,0.1594,0.36,4.01341260817504,0.20685169941452966,0.25011569941452966,0.5001156860312719,1.0638260911144704,0.051934757297600206,7.996371589467916e-05,31268594.41216107,2794241.217662295,1.5410820571407907e-05,4927.153145976251,12319622.150001157,1114052.6521475827,31.639149572425367,2.8611006136134804,3.1899287087844844e-12,"[0.428,0.523]",0.475,"[0.206,0.322]",0.265,0.0,0.0,0.0,0.0,25.0,1.0540822701299413,0.19296847295347208,0.05240707885893694,0.0,0.0,0.0,0.0,23.0,1.0551679707024935,0.23437301732730956,0.0520109747155929,2.48078e-11,4.147426e-14,0.006824075,0.01515004000318993,1.0,0.007445348,0.014978080084420526,0.006655389,0.014657680003189929,1.0165266401659376,8.328633e-12,5.725275e-15,0.006831946,0.01501303000318993,1.0,0.005382923,0.01502321000000695,0.006655389,0.014657680003189929,1.0153439668797117
20,40,0.3674,140.0,0.213,2370.0,205.53710127954844,22,0.9729,0.0242,0.05,0.056,0.2351,2305.773,208.0295669752886,0.0074,2.443460952792061,0.8830222215594888,0.11697777844051105,7.548632170413027,0.20696025537596033,1.0931423766692876,1.041533641975309,0.15439999999999998,0.36,4.01341260817504,0.20036325213051054,0.24573225213051053,0.49571388131714705,1.0796972683984896,0.05124054820195918,8.681745681402943e-05,26558863.67345645,2367462.821674526,1.5410820571407907e-05,5001.22255392108,11531683.931822272,1040402.1622392492,29.615573294252766,2.671952047373407,1.2745392692681284e-12,"[0.428,0.523]",0.475,"[0.145,0.206]",0.16,0.0,0.0,0.0,0.0,26.0,1.0759199130358796,0.20257971312114587,0.0514038581001552,0.0,0.0,0.0,0.0,19.0,1.083296635529,0.19340874830672944,0.05095046800256983,2.48078e-11,4.147426e-14,0.00664757,0.014319390001274539,1.0,0.006938929,0.013757300012810992,0.006472186,0.01388902000127454,0.9905100595012996,5.512642e-10,5.581626e-12,0.006601953,0.01413618000127454,1.0,0.007361434,0.012835190117370105,0.006472186,0.01388902000127454,0.9372145262161597
20,40,0.3674,140.0,0.218,2270.0,201.61473156777794,22,0.9729,0.0242,0.05,0.056,0.2351,2208.483,203.6981794391552,0.0074,2.443460952792061,0.8830222215594888,0.11697777844051105,7.548632170413027,0.21196025537596033,1.1088828666645159,1.041533641975309,0.14939999999999998,0.36,4.01341260817504,0.1938748048464914,0.2413988048464914,0.49132352360383824,1.0955684456825088,0.050510113235906914,9.36576018231746e-05,23580392.37615343,2152678.775060098,1.5410820571407907e-05,5081.361140690302,11222099.696075141,1035064.0134314835,28.82050167429504,2.6582426586833696,5.097668164380919e-13,"[0.428,0.523]",0.475,"[0.145,0.206]",0.16,0.0,0.0,0.0,0.0,27.0,1.0986321409017186,0.2124907207097374,0.050315893780091,0.0,0.0,0.0,0.0,20.0,1.101316656747764,0.20301150849420366,0.050034774106317716,2.48078e-11,4.147426e-14,0.006472091,0.013604540000509768,1.0,0.006483246,0.012891160001840008,0.006294258,0.013256520000509768,0.9782350252517859,5.512642e-10,5.581626e-12,0.006410377,0.013441380000509767,1.0,0.006823909,0.012265560016888758,0.006294258,0.013256520000509768,0.9396772611662303
20,40,0.3674,140.0,0.223,2280.0,204.00245099767707,22,0.9729,0.0242,0.05,0.056,0.2351,2218.212,206.0007609921172,0.0074,2.443460952792061,0.8830222215594888,0.11697777844051105,7.548632170413027,0.21696025537596034,1.1246233566597441,1.041533641975309,0.14439999999999997,0.36,4.01341260817504,0.18738635756247227,0.23711535756247226,0.48694492251431504,1.1114396229665278,0.049741816945029105,0.00010048322705205554,22075445.47560013,2030213.9668742246,1.5410820571407907e-05,5168.19996686798,11464163.184906155,1064653.1261342387,29.44216708220261,2.7342331680609426,2.040989660451002e-13,"[0.428,0.523]",0.475,"[0.145,0.206]",0.16,0.0,0.0,0.0,0.0,28.0,1.1200252621700115,0.2217486645261465,0.0492502706128599,0.0,0.0,0.0,0.0,20.0,1.101316656747764,0.20301150849420366,0.050034774106317716,2.48078e-11,4.147426e-14,0.006203303,0.0129711500002041,1.0,0.006039156,0.012385450000301371,0.006020769,0.0127261100002041,0.983800723807554,5.512642e-10,5.581626e-12,0.006151891,0.0128426600002041,1.0,0.006823909,0.012265560016888758,0.00602077,0.0127261100002041,0.9644058978308999
20,40,0.3674,140.0,0.228,2110.0,192.09763146468583,22,0.9729,0.0242,0.05,0.056,0.2351,2052.819,193.74175437470993,0.0074,2.443460952792061,0.8830222215594888,0.11697777844051105,7.548632170413027,0.22196025537596034,1.1403638466549726,1.041533641975309,0.13939999999999997,0.36,4.01341260817504,0.18089791027845312,0.23288191027845312,0.48257839806445246,1.127310800250547,0.04893394367450794,0.00010729335896661123,19132768.512157585,1790396.2865443048,1.5410820571407907e-05,5262.460676545301,10802879.263565049,1019558.3638018095,27.743863299634953,2.6184211802420982,8.180239561974388e-14,"[0.428,0.523]",0.475,"[0.145,0.206]",0.16,0.0,0.0,0.0,0.0,28.0,1.1200252621700115,0.2217486645261465,0.0492502706128599,0.0,0.0,0.0,0.0,21.0,1.1222527647477638,0.21416823366907276,0.048958947599752986,2.48078e-11,4.147426e-14,0.00600644,0.012566940000081803,1.0,0.006039156,0.012385450000301371,0.005825523,0.012433050000081802,0.9912989323507988,5.512642e-10,5.581626e-12,0.005946127,0.012472860000081803,1.0,0.006337736,0.011986430001777026,0.005825523,0.012433050000081802,0.9678569641827546
20,40,0.3674,140.0,0.233,2210.0,201.36906415206133,22,0.9729,0.0242,0.05,0.056,0.2351,2150.109,203.08082474696343,0.0074,2.443460952792061,0.8830222215594888,0.11697777844051105,7.548632170413027,0.22696025537596035,1.1561043366502008,1.041533641975309,0.13439999999999996,0.36,4.01341260817504,0.17440946299443402,0.22869846299443403,0.47822428105903825,1.1431819775345662,0.048084693272842684,0.00011408697184624851,18846227.270346306,1765048.7246119583,1.5410820571407907e-05,5364.972349955285,11535275.334390007,1089523.0095735737,29.62479670399958,2.798103792695793,3.2821056927361106e-14,"[0.428,0.523]",0.475,"[0.145,0.206]",0.16,0.0,0.0,0.0,0.0,29.0,1.142222231699732,0.2312770124833191,0.048103409229019914,0.0,0.0,0.0,0.0,22.0,1.147549748529,0.22764884314053588,0.04764793619307361,2.48078e-11,4.147426e-14,0.005827797,0.01234217000003282,1.0,0.005709225,0.012276710000046986,0.005646103,0.012325310000032822,0.9961673618873501,5.512642e-10,5.581626e-12,0.005750403,0.012285710000032821,1.0,0.00569672,0.012021640000117089,0.005646103,0.012325310000032822,0.9852432660431827
20,40,0.40740000000000004,140.0,0.0475,7.2,2.4534057960918405,23,0.9377,0.03,0.05,0.0424,1000.0,6.75144,2.3106765115500654,0.0074,2.443460952792061,0.8830222215594888,0.11697777844051105,7.548632170413027,0.04005739904720214,0.47146762456944835,1.03734225,0.35990000000000005,0.4,4.01341260817504,0.5178863871099783,0.5201426371099782,0.7212091493526536,0.45160577041902183,0.06186955754004464,-0.0001535833227240213,-43959.46044305783,-15974.428424760952,1.2482764662840402e-05,4999.679287043032,33755.034725713806,11552.641493853711,0.08668939513775356,0.029669396328085504,1.5124314040591808e-06,"[0.702,0.878]",0.756,"[0.438,0.650]",0.5,0.0,0.0,0.0,0.0,2.0,0.46415905926452045,0.07941804312876821,0.06147894848603259,0.0,0.0,0.0,0.0,0.0,0.4683968072585769,0.046916294473770895,0.0618669208792796,0.0,0.0,1.87627e-05,0.00010890753140405919,1.0,4.424903e-05,0.00031575631173277196,2.53985e-05,0.0001489174314040592,2.1264006201055206,0.0,0.0,2.406993e-05,0.0001408211314040592,1.0,3.189523e-05,0.0001796867377767757,2.539849e-05,0.0001489174314040592,1.2076844772745698
20,40,0.40740000000000004,140.0,0.0525,10.4,3.5764227933221453,23,0.9377,0.03,0.05,0.0424,1000.0,9.75208,3.368093692452352,0.0074,2.443460952792061,0.8830222215594888,0.11697777844051105,7.548632170413027,0.045057399047202136,0.4879145323419243,1.03734225,0.35490000000000005,0.4,4.01341260817504,0.5106915220487115,0.5134477720487115,0.7165527001196155,0.4681833654802886,0.0618094887630333,-0.00014763558514697343,-66055.07737373518,-24224.66636185147,1.2482764662840402e-05,5005.179067411896,48810.9066797262,16857.912046544552,0.12535575835054394,0.043294347361080746,1.9809011762550492e-06,"[0.702,0.878]",0.756,"[0.438,0.650]",0.5,0.0,0.0,0.0,0.0,2.0,0.46415905926452045,0.07941804312876821,0.06147894848603259,0.0,0.0,0.0,0.0,0.0,0.4683968072585769,0.046916294473770895,0.0618669208792796,0.0,0.0,3.216274e-05,0.00018843600117625505,1.0,4.424903e-05,0.00031575631173277196,3.576319e-05,0.00021175870117625504,1.4941866414067482,0.0,0.0,3.493536e-05,0.00020634150117625503,1.0,3.189523e-05,0.0001796867377767757,3.576319e-05,0.00021175870117625504,0.84861995491076
20,40,0.40740000000000004,140.0,0.0575,9.9,2.5961606265161383,23,0.9377,0.03,0.05,0.0424,1000.0,9.28323,2.4524699503760288,0.0074,2.443460952792061,0.8830222215594888,0.11697777844051105,7.548632170413027,0.05005739904720214,0.5043614401144001,1.03734225,0.34990000000000004,0.4,4.01341260817504,0.5034966569874448,0.5068029069874448,0.7119009109331472,0.48476096054155526,0.061742109041452053,-0.00014168750509973866,-65519.04484072338,-18323.14447691497,1.2482764662840402e-05,5011.361006944216,46521.61684049475,12290.212280016845,0.11947642351736722,0.031563619392683685,2.501692842185885e-06,"[0.702,0.878]",0.756,"[0.438,0.650]",0.5,0.0,0.0,0.0,0.0,3.0,0.5017151082934161,0.09770533389188996,0.06114817973389429,0.0,0.0,0.0,0.0,0.0,0.4683968072585769,0.046916294473770895,0.0618669208792796,0.0,0.0,4.307534e-05,0.0002540873928421859,1.0,8.080651e-05,0.0005687852699772822,4.774241e-05,0.0002839881928421859,2.016563802072536,0.0,0.0,4.65323e-05,0.0002761619928421859,1.0,3.189523e-05,0.0001796867377767757,4.774241e-05,0.0002839881928421859,0.6321345775129928
20,40,0.40740000000000004,140.0,0.0625,22.7,4.683636407687006,23,0.9377,0.03,0.05,0.0424,1000.0,21.28579,4.444330214273329,0.0074,2.443460952792061,0.8830222215594888,0.11697777844051105,7.548632170413027,0.05505739904720214,0.5208083478868759,1.03734225,0.34490000000000004,0.4,4.01341260817504,0.4963017919261781,0.5002080419261781,0.7072538737442009,0.5013385556028218,0.061667144334292594,-0.00013573918204531836,-156813.89617401297,-34504.675342181676,1.2482764662840402e-05,5018.254788769511,106817.51760024216,22302.781380650158,0.2743278466790415,0.05727781480566168,3.070972398746562e-06,"[0.702,0.878]",0.756,"[0.438,0.650]",0.5,0.0,0.0,0.0,0.0,3.0,0.5017151082934161,0.09770533389188996,0.06114817973389429,0.0,0.0,0.0,0.0,1.0,0.5091662073542697,0.06864206090619128,0.06157812587105591,0.0,0.0,5.711032e-05,0.00033731037239874656,1.0,8.080651e-05,0.0005687852699772822,6.319567e-05,0.0003755210723987466,1.523100502980669,0.0,0.0,6.145111e-05,0.00036446997239874656,1.0,7.43863e-05,0.0004514533702752795,6.319567e-05,0.0003755210723987466,1.2034786507221258
20,40,0.40740000000000004,140.0,0.0675,25.8,4.487560584401072,23,0.9377,0.03,0.05,0.0424,1000.0,24.19266,4.2785766877676314,0.0074,2.443460952792061,0.8830222215594888,0.11697777844051105,7.548632170413027,0.06005739904720214,0.537255255659352,1.03734225,0.33990000000000004,0.4,4.01341260817504,0.48910692686491136,0.49366317686491135,0.7026116828411775,0.5179161506640888,0.06158431013908598,-0.00012979072092945761,-186397.45450792988,-34575.35756227211,1.2482764662840402e-05,5025.891844587963,121589.69259288942,21503.663681495516,0.31226562175133654,0.05522552747885241,3.685415692015872e-06,"[0.702,0.878]",0.756,"[0.438,0.650]",0.5,0.0,0.0,0.0,0.0,3.0,0.5017151082934161,0.09770533389188996,0.06114817973389429,0.0,0.0,0.0,0.0,1.0,0.5091662073542697,0.06864206090619128,0.06157812587105591,0.0,0.0,7.519147e-05,0.00044229001569201585,1.0,8.080651e-05,0.0005687852699772822,8.3153e-05,0.0004909298156920159,1.1632927865600002,0.0,0.0,8.066719e-05,0.0004756165156920159,1.0,7.43863e-05,0.0004514533702752795,8.3153e-05,0.0004909298156920159,0.9191763973711848
20,40,0.40740000000000004,140.0,0.0725,46.5,6.407905273743508,23,0.9377,0.03,0.05,0.0424,1000.0,43.603049999999996,6.168501752177099,0.0074,2.443460952792061,0.8830222215594888,0.11697777844051105,7.548632170413027,0.06505739904720213,0.553702163431828,1.03734225,0.33490000000000003,0.4,4.01341260817504,0.4819120618036447,0.4871683118036447,0.6979744349212547,0.5344937457253554,0.06149331105337206,-0.00012384223244403923,-352085.4650266658,-51742.48838447787,1.2482764662840402e-05,5034.305485320065,219511.07379168502,31054.1222071916,0.5637464860477212,0.07975293441557531,4.341983369600814e-06,"[0.609,0.702]",0.649,"[0.438,0.650]",0.5,0.0,0.0,0.0,0.0,0.0,0.5680483154404774,0.056337132383778465,0.06168312126813325,0.0,0.0,0.0,0.0,2.0,0.5476043143403302,0.08912549535760389,0.061210335835124176,1.170721e-15,2.231484e-21,9.849173e-05,0.0005740317833696009,1.0,0.0001589692,0.0007437404022390709,0.0001089301,0.0006364236833696008,1.1708937386905987,0.0,0.0,0.0001054273,0.0006155774833696008,1.0,0.0001441336,0.0008784651159301567,0.0001089301,0.0006364236833696008,1.38568577613503
20,40,0.40740000000000004,140.0,0.0775,66.8,8.197633805201104,23,0.9377,0.03,0.05,0.0424,1000.0,62.63836,7.943851322200071,0.0074,2.443460952792061,0.8830222215594888,0.11697777844051105,7.548632170413027,0.07005739904720214,0.5701490712043038,1.03734225,0.3299,0.4,4.01341260817504,0.47471719674237794,0.48072344674237794,0.6933422291641971,0.5510713407866221,0.06139384031593032,-0.00011789383330310948,-531311.5898009222,-69534.03393139894,1.2482764662840402e-05,5043.531043644028,315918.5131829503,40065.06074960871,0.8113392577785076,0.10289475068722458,5.037702461663035e-06,"[0.609,0.702]",0.649,"[0.438,0.650]",0.5,0.0,0.0,0.0,0.0,0.0,0.5680483154404774,0.056337132383778465,0.06168312126813325,0.0,0.0,0.0,0.0,2.0,0.5476043143403302,0.08912549535760389,0.061210335835124176,1.170721e-15,2.231484e-21,0.0001284913,0.000739201302461663,1.0,0.0001589692,0.0007437404022390709,0.000142144,0.000817811902461663,0.9093983185306634,0.0,0.0,0.0001372426,0.000788841702461663,1.0,0.0001441336,0.0008784651159301567,0.000142144,0.000817811902461663,1.0762209013417894
20,40,0.40740000000000004,140.0,0.0825,79.9,9.389890840629855,23,0.9377,0.03,0.05,0.0424,1000.0,74.92223,9.125342969030608,0.0074,2.443460952792061,0.8830222215594888,0.11697777844051105,7.548632170413027,0.07505739904720214,0.5865959789767798,1.03734225,0.3249,0.4,4.01341260817504,0.4675223316811112,0.4743285816811112,0.6887151673087439,0.5676489358478889,0.061285579326757204,-0.00011194564653214808,-669273.2796758126,-83879.01746525985,1.2482764662840402e-05,5053.606029701961,378627.43328671716,46115.88825139148,0.9723877768427196,0.11843443478101247,5.7692226264895904e-06,"[0.609,0.702]",0.649,"[0.438,0.650]",0.5,0.0,0.0,0.0,0.0,0.0,0.5680483154404774,0.056337132383778465,0.06168312126813325,0.0,0.0,0.0,0.0,3.0,0.5833063280194741,0.10815088225413824,0.06078865473932315,1.170721e-15,2.231484e-21,0.0001669903,0.0009440828226264896,1.0,0.0001589692,0.0007437404022390709,0.0001847789,0.0010425152226264897,0.7118111678234937,0.0,0.0,0.0001780259,0.0010042459226264895,1.0,0.0002524482,0.0014887117702756122,0.0001847789,0.0010425152226264897,1.438647354219032
20,40,0.40740000000000004,140.0,0.0875,122.0,12.758526561951278,23,0.9377,0.03,0.05,0.0424,1000.0,114.3994,12.510995500532774,0.0074,2.443460952792061,0.8830222215594888,0.11697777844051105,7.548632170413027,0.08005739904720213,0.6030428867492554,1.03734225,0.3199,0.4,4.01341260817504,0.4603274666198445,0.4679837166198445,0.6840933537316706,0.5842265309091554,0.06116819714472009,-0.00010599780177121735,-1079262.0043849251,-120365.95428166444,1.2482764662840402e-05,5064.570301416033,579383.8037398133,63362.816253147896,1.4879685921506103,0.1627278496332181,6.531538941877851e-06,"[0.609,0.702]",0.649,"[0.438,0.650]",0.5,0.0,0.0,0.0,0.0,0.0,0.5680483154404774,0.056337132383778465,0.06168312126813325,0.0,0.0,0.0,0.0,3.0,0.5833063280194741,0.10815088225413824,0.06078865473932315,1.170721e-15,2.231484e-21,0.0002162144,0.0011964625389418778,1.0,0.0001589692,0.0007437404022390709,0.0002392087,0.0013187875389418778,0.5613187352867757,0.0,0.0,0.0002300382,0.0012689265389418778,1.0,0.0002524482,0.0014887117702756122,0.0002392087,0.0013187875389418778,1.1344858719526818
20,40,0.40740000000000004,140.0,0.0925,136.0,13.945967157356812,23,0.9377,0.03,0.05,0.0424,1000.0,127.5272,13.698825425988856,0.0074,2.443460952792061,0.8830222215594888,0.11697777844051105,7.548632170413027,0.08505739904720214,0.6194897945217315,1.03734225,0.3149,0.4,4.01341260817504,0.45313260155857776,0.46168885155857775,0.6794768955296256,0.6008041259704222,0.061041349961760985,-0.0001000504355926582,-1274629.133242455,-139389.36971884788,1.2482764662840402e-05,5076.466251038926,647387.5268894914,69541.62495390637,1.6626151796852993,0.1785962139614765,7.314140045383118e-06,"[0.609,0.702]",0.649,"[0.438,0.650]",0.5,0.0,0.0,0.0,0.0,0.0,0.5680483154404774,0.056337132383778465,0.06168312126813325,0.0,0.0,0.0,0.0,3.0,0.5833063280194741,0.10815088225413824,0.06078865473932315,1.170721e-15,2.231484e-21,0.0002785262,0.001504840140045383,1.0,0.0001589692,0.0007437404022390709,0.000308011,0.001653790140045383,0.4464121170059958,0.0,0.0,0.0002957678,0.0015914571400453832,1.0,0.0002524482,0.0014887117702756122,0.000308011,0.001653790140045383,0.9022471689868808
20,40,0.40740000000000004,140.0,0.0975,212.0,19.908038580295177,23,0.9377,0.03,0.05,0.0424,1000.0,198.7924,19.721438937521683,0.0074,2.443460952792061,0.8830222215594888,0.11697777844051105,7.548632170413027,0.09005739904720214,0.6359367022942073,1.03734225,0.3099,0.4,4.01341260817504,0.445937736497311,0.455443986497311,0.6748659026038514,0.617381721031689,0.060904680552462856,-9.410369183403067e-05,-2112482.476783241,-211554.27797037654,1.2482764662840402e-05,5089.339009772693,1011721.9161663371,100369.08851357923,2.598295681599661,0.25776704555251606,8.089690375475786e-06,"[0.609,0.702]",0.649,"[0.438,0.650]",0.5,0.0,0.0,0.0,0.0,1.0,0.6265433724545044,0.08532085131726153,0.06111430794261779,0.0,0.0,0.0,0.0,4.0,0.6207453406835142,0.12810190539134886,0.060267250830847725,1.170721e-15,2.231484e-21,0.0003568683,0.0018780746903754757,1.0,0.0004355628,0.0021219699189689114,0.0003942516,0.0020595656903754757,1.0283679255107145,0.0,0.0,0.0003781321,0.0019806556903754755,1.0,0.000427443,0.0023940437562815007,0.0003942516,0.0020595656903754757,1.173202667977369
20,40,0.40740000000000004,140.0,0.103,281.0,25.200297614807145,23,0.9377,0.03,0.05,0.0424,1000.0,263.4937,25.088979244100624,0.0074,2.443460952792061,0.8830222215594888,0.11697777844051105,7.548632170413027,0.09555739904720213,0.6540283008439308,1.03734225,0.30440000000000006,0.4,4.01341260817504,0.4380233849299177,0.4486323849299177,0.6698002574871987,0.6356170755990822,0.060742556048619493,-8.756317358822622e-05,-3009183.989140264,-287795.6175196874,1.2482764662840402e-05,5104.684754571583,1345052.273315658,128071.32985512333,3.4543518900180614,0.32891170783393653,8.841595152915502e-06,"[0.609,0.702]",0.649,"[0.438,0.650]",0.5,0.0,0.0,0.0,0.0,1.0,0.6265433724545044,0.08532085131726153,0.06111430794261779,0.0,0.0,0.0,0.0,4.0,0.6207453406835142,0.12810190539134886,0.060267250830847725,1.170721e-15,2.231484e-21,0.0004650432,0.0023736035951529154,1.0,0.0004355628,0.0021219699189689114,0.0005128389,0.0025981985951529156,0.8124047826933896,0.0,0.0,0.0004914213,0.0024955985951529156,1.0,0.000427443,0.0023940437562815007,0.0005128389,0.0025981985951529156,0.9268234013231376
20,40,0.40740000000000004,140.0,0.108,373.0,32.273905870319396,23,0.9377,0.03,0.05,0.0424,1000.0,349.7621,32.26576960466692,0.0074,2.443460952792061,0.8830222215594888,0.11697777844051105,7.548632170413027,0.10055739904720214,0.6704752086164067,1.03734225,0.29940000000000005,0.4,4.01341260817504,0.43082851986865106,0.44249251986865107,0.6652011123477253,0.652194670660349,0.060584034205368134,-8.161823942191936e-05,-4285342.3753964,-395425.16597891634,1.2482764662840402e-05,5119.769201652477,1790701.2274852938,165193.29348958834,4.598863770828197,0.42424802136307044,9.207527001067812e-06,"[0.609,0.702]",0.649,"[0.322,0.438]",0.38,0.0,0.0,0.0,0.0,2.0,0.6776013535529862,0.10996473713456167,0.06044669326536335,0.0,0.0,0.0,0.0,0.0,0.620475649825446,0.06401091542463973,0.06150041653857608,1.170721e-15,2.231484e-21,0.0005864877,0.002909766527001068,1.0,0.0009041247,0.004191203569146903,0.0006450581,0.003175605527001068,1.3247699728470457,3.443971e-14,5.208215e-19,0.0006180562,0.003050634527001068,1.0,0.0003753495,0.0016026180560969163,0.0006450581,0.003175605527001068,0.49886115544332993
20,40,0.40740000000000004,140.0,0.113,456.0,38.699353998700644,23,0.9377,0.03,0.05,0.0424,1000.0,427.5912,38.78130001795192,0.0074,2.443460952792061,0.8830222215594888,0.11697777844051105,7.548632170413027,0.10555739904720214,0.6869221163888827,1.03734225,0.29440000000000005,0.4,4.01341260817504,0.4236336548073843,0.43640265480738427,0.6606077919669009,0.6687722657216157,0.06041449108731383,-7.567442360784518e-05,-5650405.772706429,-511392.7817837872,1.2482764662840402e-05,5135.990329731662,2196104.268278357,199180.38186662341,5.640016436761754,0.5115333747285673,8.81319333640154e-06,"[0.609,0.702]",0.649,"[0.322,0.438]",0.38,0.0,0.0,0.0,0.0,2.0,0.6776013535529862,0.10996473713456167,0.06044669326536335,0.0,0.0,0.0,0.0,1.0,0.672469159798289,0.09171794204314149,0.06085880062285482,1.170721e-15,2.231484e-21,0.0007324601,0.0035327581933364016,1.0,0.0009041247,0.004191203569146903,0.0008028134,0.0038422211933364014,1.0910849915835195,3.443971e-14,5.208215e-19,0.0007695761,0.0036930291933364016,1.0,0.0008491822,0.003737548051310193,0.0008028134,0.0038422211933364014,0.9675989763732584
20,40,0.40740000000000004,140.0,0.118,574.0,45.607236266456155,23,0.9377,0.03,0.05,0.0424,1000.0,538.2398,46.10261455391146,0.0074,2.443460952792061,0.8830222215594888,0.11697777844051105,7.548632170413027,0.11055739904720213,0.7033690241613586,1.03734225,0.28940000000000005,0.4,4.01341260817504,0.4164387897461176,0.4303627897461176,0.6560204186960323,0.6853498607828824,0.06023350813050155,-6.973190360420202e-05,-7718702.23212386,-654036.8742164653,1.2482764662840402e-05,5153.407108212869,2773768.811243073,237585.5415493254,7.123569637908079,0.6101651815128178,7.168174903240161e-06,"[0.609,0.702]",0.649,"[0.322,0.438]",0.38,0.0,0.0,0.0,0.0,2.0,0.6776013535529862,0.10996473713456167,0.06044669326536335,0.0,0.0,0.0,0.0,1.0,0.672469159798289,0.09171794204314149,0.06085880062285482,1.170721e-15,2.231484e-21,0.0009046539,0.00424472617490324,1.0,0.0009041247,0.004191203569146903,0.0009873416,0.0045984901749032405,0.9082771824389811,3.443971e-14,5.208215e-19,0.0009474564,0.00442413917490324,1.0,0.0008491822,0.003737548051310193,0.0009873416,0.0045984901749032405,0.8054808550850385
20,40,0.40740000000000004,140.0,0.123,691.0,56.21605642570734,23,0.9377,0.03,0.05,0.0424,1000.0,647.9507,56.64342151006878,0.0074,2.443460952792061,0.8830222215594888,0.11697777844051105,7.548632170413027,0.11555739904720214,0.7198159319338345,1.03734225,0.28440000000000004,0.4,4.01341260817504,0.4092439246848509,0.4243729246848509,0.6514391181721059,0.7019274558441491,0.06004065011447204,-6.379086609762093e-05,-10157421.267935492,-881255.5756756517,1.2482764662840402e-05,5172.082657925234,3351254.578660516,292964.4580777759,8.60666370920357,0.752388847293212,4.610417478349903e-06,"[0.609,0.702]",0.649,"[0.322,0.438]",0.38,0.0,0.0,0.0,0.0,2.0,0.6776013535529862,0.10996473713456167,0.06044669326536335,0.0,0.0,0.0,0.0,2.0,0.7124773807993552,0.11303808074534552,0.060223135873123036,1.170721e-15,2.231484e-21,0.001103738,0.00504494041747835,1.0,0.0009041247,0.004191203569146903,0.001198738,0.00544165641747835,0.7645694364500786,3.443971e-14,5.208215e-19,0.001152113,0.00524236241747835,1.0,0.001403841,0.006016478367445563,0.001198738,0.00544165641747835,1.1038750441402754
20,40,0.40740000000000004,140.0,0.128,775.0,62.81413057974917,23,0.9377,0.03,0.05,0.0424,1000.0,726.7175,63.32351812300074,0.0074,2.443460952792061,0.8830222215594888,0.11697777844051105,7.548632170413027,0.12055739904720214,0.7362628397063105,1.03734225,0.27940000000000004,0.4,4.01341260817504,0.4020490596235841,0.4184330596235841,0.6468640194226173,0.7185050509054158,0.05983546443181657,-5.7851507446125686e-05,-12561772.926604494,-1085782.0885349433,1.2482764662840402e-05,5192.08462284938,3773178.756905544,328781.0647111562,9.690245820828304,0.8443727539952641,2.37067853012738e-06,"[0.609,0.702]",0.649,"[0.322,0.438]",0.38,0.0,0.0,0.0,0.0,3.0,0.7321204588364181,0.13565505105203302,0.059569908382673085,0.0,0.0,0.0,0.0,2.0,0.7124773807993552,0.11303808074534552,0.060223135873123036,1.170721e-15,2.231484e-21,0.001329206,0.0059295126785301275,1.0,0.00162257,0.007142762231505753,0.001435893,0.006365723678530128,1.1273258935232142,3.443971e-14,5.208215e-19,0.001383192,0.006148492678530128,1.0,0.001403841,0.006016478367445563,0.001435893,0.006365723678530128,0.9398117168314013
20,40,0.40740000000000004,140.0,0.133,932.0,74.90313745244295,23,0.9377,0.03,0.05,0.0424,1000.0,873.9363999999999,75.59729950277494,0.0074,2.443460952792061,0.8830222215594888,0.11697777844051105,7.548632170413027,0.12555739904720215,0.7527097474787863,1.03734225,0.27440000000000003,0.4,4.01341260817504,0.3948541945623174,0.4125431945623174,0.6422952549741571,0.7350826459666826,0.059617480322605595,-5.191403414326048e-05,-16834299.518860545,-1442830.2228592446,1.2482764662840402e-05,5213.485582499808,4556254.821421784,394125.431033637,11.701335157023019,1.012189603783318,1.0574736311436176e-06,"[0.609,0.702]",0.649,"[0.322,0.438]",0.38,0.0,0.0,0.0,0.0,3.0,0.7321204588364181,0.13565505105203302,0.059569908382673085,0.0,0.0,0.0,0.0,3.0,0.7558276312297486,0.1361391666928221,0.05940496957470047,1.170721e-15,2.231484e-21,0.001579415,0.0068900164736311435,1.0,0.00162257,0.007142762231505753,0.001696629,0.007360323473631143,0.9708635722515153,3.443971e-14,5.208215e-19,0.001638149,0.007123042473631143,1.0,0.002086939,0.008742227865478213,0.001696629,0.007360323473631143,1.1931248670314092
20,40,0.40740000000000004,140.0,0.138,1080.0,86.30202778916276,23,0.9377,0.03,0.05,0.0424,1000.0,1012.716,87.17042055439492,0.0074,2.443460952792061,0.8830222215594888,0.11697777844051105,7.548632170413027,0.13055739904720215,0.7691566552512623,1.03734225,0.26940000000000003,0.4,4.01341260817504,0.3876593295010507,0.4067033295010507,0.6377329609648937,0.7516602410279494,0.05938620807187355,-4.597866330436896e-05,-22025781.68260429,-1877001.6696192692,1.2482764662840402e-05,5236.363510246575,5302949.108642871,456456.0093638816,13.618989119994707,1.1722664686996822,4.4101528043481986e-07,"[0.609,0.702]",0.649,"[0.322,0.438]",0.38,0.0,0.0,0.0,0.0,3.0,0.7321204588364181,0.13565505105203302,0.059569908382673085,0.0,0.0,0.0,0.0,3.0,0.7558276312297486,0.1361391666928221,0.05940496957470047,1.170721e-15,2.231484e-21,0.001851801,0.007913839015280436,1.0,0.00162257,0.007142762231505753,0.001977986,0.008411211015280435,0.8458004397840435,3.443971e-14,5.208215e-19,0.001914626,0.008157798015280436,1.0,0.002086939,0.008742227865478213,0.001977986,0.008411212015280434,1.0394307184141043
20,40,0.40740000000000004,140.0,0.143,1190.0,95.00163156750884,23,0.9377,0.03,0.05,0.0424,1000.0,1115.863,95.97018401503458,0.0074,2.443460952792061,0.8830222215594888,0.11697777844051105,7.548632170413027,0.13555739904720213,0.7856035630237381,1.03734225,0.2644,0.4,4.01341260817504,0.38046446443978393,0.40091346443978393,0.6331772772611032,0.7682378360892161,0.059141138168243075,-4.004562317604871e-05,-27864792.991095163,-2372334.95280776,1.2482764662840402e-05,5260.8022836585615,5870334.618650094,504880.16322942625,15.076143795501025,1.2966289717387842,1.7916296005664672e-07,"[0.609,0.702]",0.649,"[0.322,0.438]",0.38,0.0,0.0,0.0,0.0,4.0,0.788153044228949,0.16143334454337366,0.05850356421775023,0.0,0.0,0.0,0.0,3.0,0.7558276312297486,0.1361391666928221,0.05940496957470047,1.170721e-15,2.231484e-21,0.002144026,0.008994242162960056,1.0,0.002441013,0.010375883655609628,0.002276551,0.009501744162960056,1.1034950729482471,3.443971e-14,5.208215e-19,0.002209408,0.009237091162960056,1.0,0.002086939,0.008742227865478213,0.002276551,0.009501744162960056,0.9158554968860458
20,40,0.40740000000000004,140.0,0.148,1340.0,106.76441354880845,23,0.9377,0.03,0.05,0.0424,1000.0,1256.518,107.88257914888656,0.0074,2.443460952792061,0.8830222215594888,0.11697777844051105,7.548632170413027,0.14055739904720213,0.8020504707962142,1.03734225,0.2594,0.4,4.01341260817504,0.3732695993785172,0.3951735993785172,0.628628347577897,0.7848154311504828,0.05888174042166814,-3.411515366984533e-05,-36831667.59734243,-3129530.4890617686,1.2482764662840402e-05,5286.892253888495,6643075.2810714645,570363.5720317608,17.06068983931313,1.4648029092494526,7.209713250617558e-08,"[0.609,0.702]",0.649,"[0.322,0.438]",0.38,0.0,0.0,0.0,0.0,4.0,0.788153044228949,0.16143334454337366,0.05850356421775023,0.0,0.0,0.0,0.0,4.0,0.797380898472492,0.15828265118120846,0.05850475802618553,1.170721e-15,2.231484e-21,0.002451058,0.010097592097132506,1.0,0.002441013,0.010375883655609628,0.002588721,0.010613662097132505,0.9830589310908664,3.443971e-14,5.208215e-19,0.002519032,0.010343532097132506,1.0,0.002707576,0.01119637818452202,0.002588721,0.010613662097132505,1.0615200061572352
20,40,0.40740000000000004,140.0,0.153,1520.0,120.78083457589761,23,0.9377,0.03,0.05,0.0424,1000.0,1425.3039999999999,122.09145855497258,0.0074,2.443460952792061,0.8830222215594888,0.11697777844051105,7.548632170413027,0.14555739904720214,0.81849737856869,1.03734225,0.2544,0.4,4.01341260817504,0.3660747343172505,0.38948373431725053,0.624086319604308,0.8013930262117495,0.05860746303816639,-2.8187506921291374e-05,-50565096.23145846,-4284906.604658466,1.2482764662840402e-05,5314.730882223918,7575107.185357279,648883.2452378743,19.454326305344566,1.6664564709170036,2.852021966615044e-08,"[0.609,0.702]",0.649,"[0.322,0.438]",0.38,0.0,0.0,0.0,0.0,4.0,0.788153044228949,0.16143334454337366,0.05850356421775023,0.0,0.0,0.0,0.0,4.0,0.797380898472492,0.15828265118120846,0.05850475802618553,1.170721e-15,2.231484e-21,0.002770031,0.011213258520219666,1.0,0.002441013,0.010375883655609628,0.002910801,0.011727258520219667,0.8851227800685444,3.443971e-14,5.208215e-19,0.00283992,0.011458228520219667,1.0,0.002707576,0.01119637818452202,0.002910801,0.011727258520219667,0.9557672579258863
20,40,0.40740000000000004,140.0,0.158,1590.0,126.64671334068431,23,0.9377,0.03,0.05,0.0424,1000.0,1490.943,127.97822287409241,0.0074,2.443460952792061,0.8830222215594888,0.11697777844051105,7.548632170413027,0.15055739904720214,0.8349442863411659,1.03734225,0.2494,0.4,4.01341260817504,0.3588798692559838,0.3838438692559838,0.6195513451328984,0.8179706212730162,0.05831773164929535,-2.2262947875437254e-05,-66969702.68007319,-5688676.721936444,1.2482764662840402e-05,5344.423453231253,7968230.736630964,683969.8158311559,20.46394288998876,1.7565655052256728,1.1276086289710626e-08,"[0.609,0.702]",0.649,"[0.322,0.438]",0.38,0.0,0.0,0.0,0.0,5.0,0.8458459392888059,0.18735879561027236,0.05724137474728753,0.0,0.0,0.0,0.0,4.0,0.797380898472492,0.15828265118120846,0.05850475802618553,1.170721e-15,2.231484e-21,0.003097235,0.01232104127608629,1.0,0.003206372,0.013207750021401668,0.003240755,0.01283452127608629,1.047525487263622,3.443971e-14,5.208215e-19,0.003168364,0.01256072127608629,1.0,0.002707576,0.01119637818452202,0.003240755,0.01283452127608629,0.868565515990367
20,40,0.40740000000000004,140.0,0.163,1730.0,137.73666906459164,23,0.9377,0.03,0.05,0.0424,1000.0,1622.221,139.19338445737023,0.0074,2.443460952792061,0.8830222215594888,0.11697777844051105,7.548632170413027,0.15555739904720214,0.8513911941136418,1.03734225,0.2444,0.4,4.01341260817504,0.3516850041947171,0.3782540041947171,0.6150235801940582,0.834548216334283,0.05801194829400635,-1.6341754900062523e-05,-99268469.63013706,-8428511.497505367,1.2482764662840402e-05,5376.083875463107,8721196.160537636,748315.3097524052,22.397702333239675,1.9218170593478747,4.460060738047404e-09,"[0.609,0.702]",0.649,"[0.322,0.438]",0.38,0.0,0.0,0.0,0.0,5.0,0.8458459392888059,0.18735879561027236,0.05724137474728753,0.0,0.0,0.0,0.0,5.0,0.8435747087574768,0.18289905295605688,0.05738451848582192,1.170721e-15,2.231484e-21,0.003428723,0.013399064460060738,1.0,0.003206372,0.013207750021401668,0.003570921,0.013886534460060737,0.9625866313152143,3.443971e-14,5.208215e-19,0.003500362,0.013628744460060738,1.0,0.003268113,0.013335330056437647,0.003570921,0.013886534460060737,0.9696675083150286
20,40,0.40740000000000004,140.0,0.168,1880.0,149.63853109863237,23,0.9377,0.03,0.05,0.0424,1000.0,1762.876,151.22682982566732,0.0074,2.443460952792061,0.8830222215594888,0.11697777844051105,7.548632170413027,0.16055739904720215,0.8678381018861178,1.03734225,0.2394,0.4,4.01341260817504,0.3444901391334504,0.3727141391334504,0.610503185195172,0.8511258113955497,0.057689490350381394,-1.0424220427798033e-05,-169113461.50154102,-14354889.378547166,1.2482764662840402e-05,5409.835582532122,9536869.312391898,818112.2850244251,24.492507233869375,2.1010690618400214,1.7654336529021757e-09,"[0.609,0.702]",0.649,"[0.322,0.438]",0.38,0.0,0.0,0.0,0.0,5.0,0.8458459392888059,0.18735879561027236,0.05724137474728753,0.0,0.0,0.0,0.0,5.0,0.8435747087574768,0.18289905295605688,0.05738451848582192,1.170721e-15,2.231484e-21,0.003760087,0.014423581765433654,1.0,0.003206372,0.013207750021401668,0.003898166,0.014870961765433654,0.8933767323085576,3.443971e-14,5.208215e-19,0.003834256,0.014655441765433654,1.0,0.003268113,0.013335330056437647,0.003898166,0.014870961765433654,0.8999484948389905
20,40,0.40740000000000004,140.0,0.173,2050.0,161.58731384361036,23,0.9377,0.03,0.05,0.0424,1000.0,1922.2849999999999,163.52580514116747,0.0074,2.443460952792061,0.8830222215594888,0.11697777844051105,7.548632170413027,0.16555739904720213,0.8842850096585937,1.03734225,0.23440000000000003,0.4,4.01341260817504,0.3372952740721837,0.36722427407218367,0.6059903250648344,0.8677034064568163,0.05734970941462475,-4.510651628431013e-06,-426165698.07423776,-35823496.72608544,1.2482764662840402e-05,5445.812549539423,10468403.77679139,890530.8818113081,26.88486617898539,2.287053890568323,6.994353439131608e-10,"[0.523,0.609]",0.57,"[0.322,0.438]",0.38,0.0,0.0,0.0,0.0,8.0,0.8804492966191411,0.1596110087273067,0.05753153199165832,0.0,0.0,0.0,0.0,5.0,0.8435747087574768,0.18289905295605688,0.05738451848582192,2.105634e-13,1.469681e-17,0.004089964,0.015389180699435345,1.0,0.005201311,0.01778037619525254,0.00421689,0.015761280699435342,1.1274213385752077,3.443971e-14,5.208215e-19,0.00415923,0.015581070699435345,1.0,0.003268113,0.013335330056437647,0.00421689,0.015761280699435342,0.8436165334204891
20,40,0.40740000000000004,140.0,0.178,2040.0,162.99941718892438,23,0.9377,0.03,0.05,0.0424,1000.0,1912.908,164.6417247662925,0.0074,2.443460952792061,0.8830222215594888,0.11697777844051105,7.548632170413027,0.17055739904720213,0.9007319174310695,1.03734225,0.22940000000000002,0.4,4.01341260817504,0.330100409010917,0.36178440901091696,0.6014851694023029,0.8842810015180831,0.05699193012453862,1.3986288872933732e-06,1367702338.6109662,116542292.71952254,1.2482764662840402e-05,5484.160442459553,10490694.383664418,902921.6341416147,26.942112727323384,2.3188757160691487,2.7736521909050856e-10,"[0.523,0.609]",0.57,"[0.322,0.438]",0.38,0.0,0.0,0.0,0.0,8.0,0.8804492966191411,0.1596110087273067,0.05753153199165832,0.0,0.0,0.0,0.0,6.0,0.8867766533066634,0.20592110759750276,0.05623683241488545,2.105634e-13,1.469681e-17,0.004405093,0.016229550277365216,1.0,0.005201311,0.01778037619525254,0.00452587,0.016554090277365218,1.0660689224982116,3.443971e-14,5.208215e-19,0.004471964,0.016395930277365217,1.0,0.003617472,0.014544680000539253,0.00452587,0.016554090277365218,0.8882938197768863
20,40,0.40740000000000004,140.0,0.183,2090.0,167.48116310024545,23,0.9377,0.03,0.05,0.0424,1000.0,1959.793,169.10079071911233,0.0074,2.443460952792061,0.8830222215594888,0.11697777844051105,7.548632170413027,0.17555739904720213,0.9171788252035455,1.03734225,0.22440000000000002,0.4,4.01341260817504,0.3229055439496502,0.3563945439496502,0.5969878926323801,0.9008585965793499,0.056615448924564264,7.303282331020639e-06,268344137.76882118,22932313.925325114,1.2482764662840402e-05,5525.0379212211255,10827930.642743712,934288.281231573,27.808200040094903,2.399431274249525,1.1009681393794732e-10,"[0.523,0.609]",0.57,"[0.322,0.438]",0.38,0.0,0.0,0.0,0.0,8.0,0.8804492966191411,0.1596110087273067,0.05753153199165832,0.0,0.0,0.0,0.0,6.0,0.8867766533066634,0.20592110759750276,0.05623683241488545,2.105634e-13,1.469681e-17,0.004702619,0.016938850110096812,1.0,0.005201311,0.01778037619525254,0.004807704,0.017176540110096814,1.0199629336829186,3.443971e-14,5.208215e-19,0.004765613,0.017073590110096813,1.0,0.003617472,0.014544680000539253,0.004807704,0.017176540110096814,0.8498763553381405
20,40,0.40740000000000004,140.0,0.188,2130.0,171.2981611048632,23,0.9377,0.03,0.05,0.0424,1000.0,1997.301,172.8699327457139,0.0074,2.443460952792061,0.8830222215594888,0.11697777844051105,7.548632170413027,0.18055739904720214,0.9336257329760214,1.03734225,0.2194,0.4,4.01341260817504,0.3157106788883835,0.3510546788883835,0.5924986741659288,0.9174361916406166,0.05621953276931347,1.3202952965893289e-05,151276839.7463473,12974230.957829779,1.2482764662840402e-05,5568.618121004106,11122206.541699622,962646.6400645435,28.56395691877686,2.4722609719318345,4.3744289159082584e-11,"[0.523,0.609]",0.57,"[0.206,0.322]",0.265,0.0,0.0,0.0,0.0,9.0,0.9203837134798151,0.17764980802921804,0.05642855319738987,0.0,0.0,0.0,0.0,16.0,0.9130933579083811,0.15866231650030485,0.057040405602882135,2.105634e-13,1.469681e-17,0.004975334,0.01749239004374429,1.0,0.00566924,0.01866720045567511,0.005060559,0.01763057004374429,1.05661058994513,8.328633e-12,5.725275e-15,0.005040224,0.01761833004374429,1.0,0.006521688,0.019966700347776,0.005060559,0.01763057004374429,1.1206599771994572
20,40,0.40740000000000004,140.0,0.193,2230.0,179.80394882223766,23,0.9377,0.03,0.05,0.0424,1000.0,2091.071,181.38990959922825,0.0074,2.443460952792061,0.8830222215594888,0.11697777844051105,7.548632170413027,0.18555739904720214,0.9500726407484974,1.03734225,0.2144,0.4,4.01341260817504,0.3085158138271168,0.34576481382711677,0.5880176985662224,0.9340137867018833,0.05580341776235134,1.90972672999843e-05,109495822.99671319,9415166.368980208,1.2482764662840402e-05,5615.090340849019,11741552.5741295,1018520.7293181034,30.15455616918774,2.6157563361233622,1.7397860298314007e-11,"[0.523,0.609]",0.57,"[0.206,0.322]",0.265,0.0,0.0,0.0,0.0,9.0,0.9203837134798151,0.17764980802921804,0.05642855319738987,0.0,0.0,0.0,0.0,17.0,0.9277572791442597,0.1664766313297194,0.05657330925214166,2.105634e-13,1.469681e-17,0.005224779,0.017900590017397862,1.0,0.00566924,0.01866720045567511,0.005277425,0.01789897001739786,1.0322694586677044,8.328633e-12,5.725275e-15,0.005273961,0.01795447001739786,1.0,0.00658416,0.01994734625314523,0.005277425,0.01789897001739786,1.1031261715849672
20,40,0.40740000000000004,140.0,0.198,2280.0,184.4455475049216,23,0.9377,0.03,0.05,0.0424,1000.0,2137.956,185.98884419737087,0.0074,2.443460952792061,0.8830222215594888,0.11697777844051105,7.548632170413027,0.19055739904720215,0.9665195485209732,1.03734225,0.2094,0.4,4.01341260817504,0.30132094876585,0.34052494876585004,0.5835451557213461,0.9505913817631501,0.05536630772681937,2.4985833242592856e-05,85566728.12317777,7382005.063193207,1.2482764662840402e-05,5664.6619742319635,12110798.055781072,1053563.9333561999,31.102849297067092,2.7057539968112145,6.9263073129286826e-12,"[0.523,0.609]",0.57,"[0.206,0.322]",0.265,0.0,0.0,0.0,0.0,10.0,0.9637022903627113,0.19689319504049319,0.05511850472203223,0.0,0.0,0.0,0.0,18.0,0.9429430270289892,0.17456902442039215,0.056074517792442685,2.105634e-13,1.469681e-17,0.005426693,0.018087940006926307,1.0,0.00584193,0.0183123600102245,0.005462632,0.018005570006926305,1.0231137429470012,8.328633e-12,5.725275e-15,0.005468256,0.018099520006926308,1.0,0.006578119,0.01969135121828108,0.005462632,0.018005570006926305,1.0830627473665417
20,40,0.40740000000000004,140.0,0.203,2300.0,186.95143753900206,23,0.9377,0.03,0.05,0.0424,1000.0,2156.71,188.39485046024103,0.0074,2.443460952792061,0.8830222215594888,0.11697777844051105,7.548632170413027,0.19555739904720215,0.9829664562934493,1.03734225,0.2044,0.4,4.01341260817504,0.2941260837045833,0.3353350837045833,0.5790812410228666,0.9671689768244167,0.054907372704307345,3.086823922190369e-05,69868254.69687392,6056433.48151662,1.2482764662840402e-05,5717.560723040572,12331120.386988832,1077158.9974145761,31.668679247560103,2.7663506410771146,2.760213609551224e-12,"[0.523,0.609]",0.57,"[0.206,0.322]",0.265,0.0,0.0,0.0,0.0,10.0,0.9637022903627113,0.19689319504049319,0.05511850472203223,0.0,0.0,0.0,0.0,19.0,0.9596255281729276,0.18345902825932725,0.055510089383744285,2.105634e-13,1.469681e-17,0.005585399,0.018082330002760213,1.0,0.00584193,0.0183123600102245,0.00559154,0.017886960002760213,1.0204857124768312,8.328633e-12,5.725275e-15,0.005632347,0.01808847000276021,1.0,0.006518715,0.019252980202114304,0.00559154,0.017886960002760213,1.0673536991076107
20,40,0.40740000000000004,140.0,0.208,2280.0,186.42145802399648,23,0.9377,0.03,0.05,0.0424,1000.0,2137.956,187.71304565875937,0.0074,2.443460952792061,0.8830222215594888,0.11697777844051105,7.548632170413027,0.20055739904720213,0.9994133640659251,1.03734225,0.19940000000000002,0.4,4.01341260817504,0.28693121864331667,0.3301952186433167,0.5746261555509954,0.9837465718856835,0.05442574737819401,3.674405326248425e-05,58185088.74694173,5073513.710974645,1.2482764662840402e-05,5774.037144698507,12344637.357731042,1083862.0981781634,31.703393417676015,2.783565487853739,1.1010888966031877e-12,"[0.523,0.609]",0.57,"[0.206,0.322]",0.265,0.0,0.0,0.0,0.0,10.0,0.9637022903627113,0.19689319504049319,0.05511850472203223,0.0,0.0,0.0,0.0,20.0,0.9816249615270407,0.19518239307645038,0.05474162734708625,2.105634e-13,1.469681e-17,0.005713355,0.017928410001101087,1.0,0.00584193,0.0183123600102245,0.005692034,0.01763100000110109,1.0252713547380803,8.328633e-12,5.725275e-15,0.00573337,0.017850770001101086,1.0,0.006345112,0.01841140001893079,0.005692035,0.01763100000110109,1.0403591410544135
20,40,0.40740000000000004,140.0,0.213,2380.0,194.947582669011,23,0.9377,0.03,0.05,0.0424,1000.0,2231.726,196.2515185484246,0.0074,2.443460952792061,0.8830222215594888,0.11697777844051105,7.548632170413027,0.20555739904720213,1.015860271838401,1.03734225,0.19440000000000002,0.4,4.01341260817504,0.27973635358204996,0.32510535358204995,0.5701801062664761,1.00032416694695,0.053920529417478616,4.2612822021066475e-05,52372170.96057856,4574857.365058688,1.2482764662840402e-05,5834.3675924222625,13020709.849566167,1145003.499782585,33.43967708210413,2.940588319144863,4.396881784515623e-13,"[0.523,0.609]",0.57,"[0.206,0.322]",0.265,0.0,0.0,0.0,0.0,11.0,1.0268268070042565,0.22436486580528003,0.05300740253995262,0.0,0.0,0.0,0.0,21.0,1.0074756444548456,0.20895806547020196,0.053807390154356705,2.105634e-13,1.469681e-17,0.005775946,0.017561220000439685,1.0,0.005534757,0.016108730000046267,0.005723799,0.017173670000439685,0.9549349171220619,8.328633e-12,5.725275e-15,0.005787523,0.017447780000439686,1.0,0.006040162,0.017204710001172775,0.005723799,0.017173670000439685,1.0055045817935269
20,40,0.40740000000000004,140.0,0.218,2260.0,185.04834505232816,23,0.9377,0.03,0.05,0.0424,1000.0,2119.2019999999998,186.295390437703,0.0074,2.443460952792061,0.8830222215594888,0.11697777844051105,7.548632170413027,0.21055739904720214,1.032307179610877,1.03734225,0.1894,0.4,4.01341260817504,0.27254148852078325,0.32006548852078326,0.5657433062094357,1.0169017620082168,0.05339077773691924,4.847406977904305e-05,43718260.291736454,3817470.7817153553,1.2482764662840402e-05,5898.857621262598,12500870.868694939,1098929.9836895356,32.1046310012176,2.822262704183092,1.7575760569118975e-13,"[0.523,0.609]",0.57,"[0.206,0.322]",0.265,0.0,0.0,0.0,0.0,11.0,1.0268268070042565,0.22436486580528003,0.05300740253995262,0.0,0.0,0.0,0.0,21.0,1.0074756444548456,0.20895806547020196,0.053807390154356705,2.105634e-13,1.469681e-17,0.005793206,0.017051490000175758,1.0,0.005534757,0.016108730000046267,0.005712975,0.01659607000017576,0.9775595006484135,8.328633e-12,5.725275e-15,0.005817704,0.01695100000017576,1.0,0.006040162,0.017204710001172775,0.005712976,0.01659607000017576,1.029327270405225
20,40,0.40740000000000004,140.0,0.223,2180.0,180.91459312931147,23,0.9377,0.03,0.05,0.0424,1000.0,2044.186,181.81340919552096,0.0074,2.443460952792061,0.8830222215594888,0.11697777844051105,7.548632170413027,0.21555739904720214,1.0487540873833527,1.03734225,0.1844,0.4,4.01341260817504,0.2653466234595165,0.3150756234595165,0.5613159747054385,1.0334793570694836,0.052835510669078115,5.432729739009107e-05,37627235.261160724,3330086.3805220146,1.2482764662840402e-05,5967.845948342614,12199387.137758695,1085034.4174218476,31.33036302931038,2.786576228235704,7.032907190029574e-14,"[0.523,0.609]",0.57,"[0.206,0.322]",0.265,0.0,0.0,0.0,0.0,11.0,1.0268268070042565,0.22436486580528003,0.05300740253995262,0.0,0.0,0.0,0.0,22.0,1.03238443658475,0.22223180996135988,0.052879611078228014,2.105634e-13,1.469681e-17,0.005791092,0.01647773000007033,1.0,0.005534757,0.016108730000046267,0.005688328,0.01598138000007033,1.0036472603015107,8.328633e-12,5.725275e-15,0.005781794,0.01630927000007033,1.0,0.005716881,0.016043330000080496,0.005688328,0.01598138000007033,1.0030804677839833
20,40,0.40740000000000004,140.0,0.228,2100.0,175.6906656216388,23,0.9377,0.03,0.05,0.0424,1000.0,1969.1699999999998,176.38015822562383,0.0074,2.443460952792061,0.8830222215594888,0.11697777844051105,7.548632170413027,0.22055739904720215,1.0652009951558288,1.03734225,0.1794,0.4,4.01341260817504,0.2581517583982498,0.3101357583982498,0.5568983375789964,1.0500569521307503,0.05225370404364999,6.017198118133266e-05,32725696.60064478,2919808.5582753564,1.2482764662840402e-05,6041.70907541797,11897152.260040803,1065637.602675409,30.5541659685816,2.736761492400552,2.8171620814016348e-14,"[0.523,0.609]",0.57,"[0.206,0.322]",0.265,0.0,0.0,0.0,0.0,11.0,1.0268268070042565,0.22436486580528003,0.05300740253995262,0.0,0.0,0.0,0.0,23.0,1.0551679707024935,0.23437301732730956,0.0520109747155929,2.105634e-13,1.469681e-17,0.005725826,0.015792750000028173,1.0,0.005534757,0.016108730000046267,0.005602098,0.015284900000028172,1.0369790760769069,8.328633e-12,5.725275e-15,0.005744484,0.01566161000002817,1.0,0.005382923,0.01502321000000695,0.005602098,0.015284900000028172,0.9867517733194451
20,40,0.40740000000000004,140.0,0.233,2070.0,174.4978509592304,23,0.9377,0.03,0.05,0.0424,1000.0,1941.039,175.01452976974696,0.0074,2.443460952792061,0.8830222215594888,0.11697777844051105,7.548632170413027,0.22555739904720215,1.0816479029283046,1.03734225,0.1744,0.4,4.01341260817504,0.25095689333698307,0.30524589333698304,0.5524906273747846,1.0666345471920171,0.05164428916921542,6.60075718064413e-05,29406308.198881283,2643603.5470434036,1.2482764662840402e-05,6120.866706683964,11880840.991475135,1071240.6084535937,30.51227550639197,2.7511510845254312,1.1296659269759426e-14,"[0.523,0.609]",0.57,"[0.206,0.322]",0.265,0.0,0.0,0.0,0.0,12.0,1.0915689103510624,0.25188199425539637,0.050605360382054765,0.0,0.0,0.0,0.0,24.0,1.0913331068164962,0.2536451993649482,0.05060080391566093,2.105634e-13,1.469681e-17,0.005664589,0.015135940000011297,1.0,0.00492071,0.013746000000000213,0.005525735,0.014646240000011296,0.9561740412949167,8.328633e-12,5.725275e-15,0.005637364,0.014952800000011297,1.0,0.004858987,0.013742320000000143,0.005525735,0.014646240000011296,0.955671218375466
20,40,0.40740000000000004,140.0,0.238,2000.0,170.0334085120883,23,0.9377,0.03,0.05,0.0424,1000.0,1875.3999999999999,170.35615024253482,0.0074,2.443460952792061,0.8830222215594888,0.11697777844051105,7.548632170413027,0.23055739904720213,1.0980948107007806,1.03734225,0.16940000000000002,0.4,4.01341260817504,0.24376202827571636,0.30040602827571633,0.5480930835868268,1.0832121422532839,0.051006150712319044,7.183349304911571e-05,26107598.564331356,2367049.147893017,1.2482764662840402e-05,6205.7881261422435,11638335.051767163,1057194.1743904266,29.88947379987848,2.7150771511796985,4.534765429245313e-15,"[0.523,0.609]",0.57,"[0.206,0.322]",0.265,0.0,0.0,0.0,0.0,12.0,1.0915689103510624,0.25188199425539637,0.050605360382054765,0.0,0.0,0.0,0.0,24.0,1.0913331068164962,0.2536451993649482,0.05060080391566093,2.105634e-13,1.469681e-17,0.005539317,0.014455290000004535,1.0,0.00492071,0.013746000000000213,0.005388925,0.014015480000004535,0.9863970745465398,8.328633e-12,5.725275e-15,0.005557093,0.014331930000004534,1.0,0.004858987,0.013742320000000143,0.005388925,0.014015480000004535,0.985878358250823
20,40,0.40740000000000004,140.0,0.243,1900.0,163.28453692305106,23,0.9377,0.03,0.05,0.0424,1000.0,1781.6299999999999,163.37765167662653,0.0074,2.443460952792061,0.8830222215594888,0.11697777844051105,7.548632170413027,0.23555739904720213,1.1145417184732564,1.03734225,0.16440000000000002,0.4,4.01341260817504,0.23656716321444965,0.29561616321444967,0.5437059528959102,1.0997897373145504,0.050338124468520415,7.764914057536495e-05,22944619.693128217,2102850.5365692982,1.2482764662840402e-05,6296.999738818561,11218923.644671312,1028789.0299365071,28.812344965899936,2.64212729906075,1.8223503863548324e-15,"[0.523,0.609]",0.57,"[0.206,0.322]",0.265,0.0,0.0,0.0,0.0,12.0,1.0915689103510624,0.25188199425539637,0.050605360382054765,0.0,0.0,0.0,0.0,24.0,1.0913331068164962,0.2536451993649482,0.05060080391566093,2.105634e-13,1.469681e-17,0.005443996,0.013891280000001824,1.0,0.00492071,0.013746000000000213,0.005285389,0.013526060000001823,1.0083305208871562,8.328633e-12,5.725275e-15,0.005403896,0.013737850000001823,1.0,0.004858987,0.013742320000000143,0.005285389,0.013526060000001823,1.0078002704574363
20,40,0.40740000000000004,140.0,0.248,1910.0,165.06516893255514,23,0.9377,0.03,0.05,0.0424,1000.0,1791.007,165.04737639891977,0.0074,2.443460952792061,0.8830222215594888,0.11697777844051105,7.548632170413027,0.24055739904720214,1.1309886262457325,1.03734225,0.15940000000000001,0.4,4.01341260817504,0.2293722981531829,0.2908762981531829,0.5393294894154991,1.1163673323758172,0.049638995019805864,8.34538806330863e-05,21461039.15615799,1977920.8310070252,1.2482764662840402e-05,6395.094031388733,11453658.17587544,1055493.4917051014,29.415188206719613,2.7107094722686833,7.33140419527796e-16,"[0.523,0.609]",0.57,"[0.206,0.322]",0.265,0.0,0.0,0.0,0.0,12.0,1.0915689103510624,0.25188199425539637,0.050605360382054765,0.0,0.0,0.0,0.0,24.0,1.0913331068164962,0.2536451993649482,0.05060080391566093,2.105634e-13,1.469681e-17,0.005283967,0.013384820000000734,1.0,0.00492071,0.013746000000000213,0.005123047,0.013120080000000733,1.0252473918581395,8.328633e-12,5.725275e-15,0.00530205,0.013305790000000733,1.0,0.004858987,0.013742320000000143,0.005123047,0.013120080000000733,1.0247082453592082
20,40,0.40740000000000004,140.0,0.253,1800.0,155.94232906505022,23,0.9377,0.03,0.05,0.0424,1000.0,1687.86,155.87934820867568,0.0074,2.443460952792061,0.8830222215594888,0.11697777844051105,7.548632170413027,0.24555739904720214,1.1474355340182083,1.03734225,0.1544,0.4,4.01341260817504,0.2221774330919162,0.2861864330919162,0.5349639549464209,1.132944927437084,0.04890749327248102,8.924704869746562e-05,18912222.024524275,1747310.7664733182,1.2482764662840402e-05,6500.740273976886,10972339.478834625,1013331.1567814047,28.179069593481316,2.602428519758025,2.9527518484901983e-16,"[0.523,0.609]",0.57,"[0.206,0.322]",0.265,0.0,0.0,0.0,0.0,13.0,1.143904488273432,0.2736694442907476,0.04849658273019775,0.0,0.0,0.0,0.0,25.0,1.1338717759316466,0.27631379854405197,0.04890705787408487,2.105634e-13,1.469681e-17,0.005174955,0.013057820000000294,1.0,0.004457215,0.012954960000000003,0.00501142,0.012908950000000296,1.0087657822826803,8.328633e-12,5.725275e-15,0.005127948,0.012970980000000295,1.0,0.004350348,0.012988410000000002,0.00501142,0.012908950000000296,1.002210652691682
20,40,0.40740000000000004,140.0,0.258,1810.0,159.80922998687743,23,0.9377,0.03,0.05,0.0424,1000.0,1697.2369999999999,159.38772243439533,0.0074,2.443460952792061,0.8830222215594888,0.11697777844051105,7.548632170413027,0.25055739904720215,1.1638824417906843,1.03734225,0.1494,0.4,4.01341260817504,0.21498256803064947,0.2815465680306495,0.5306096192405952,1.1495225224983507,0.0481422938693879,9.502794806080209e-05,17860398.278978415,1681707.6791411522,1.2482764662840402e-05,6614.697371038709,11226709.121929625,1054301.5485626422,28.832339562850173,2.7076483339555986,1.1905779804447745e-16,"[0.523,0.609]",0.57,"[0.206,0.322]",0.265,0.0,0.0,0.0,0.0,13.0,1.143904488273432,0.2736694442907476,0.04849658273019775,0.0,0.0,0.0,0.0,25.0,1.1338717759316466,0.27631379854405197,0.04890705787408487,2.105634e-13,1.469681e-17,0.005002521,0.01284525000000012,1.0,0.004457215,0.012954960000000003,0.004915496,0.01286143000000012,0.9971881984539971,8.328633e-12,5.725275e-15,0.005019816,0.01283882000000012,1.0,0.004350348,0.012988410000000002,0.004915496,0.01286143000000012,0.9907083019484986
20,40,0.40740000000000004,140.0,0.263,1820.0,161.88032617724085,23,0.9377,0.03,0.05,0.0424,1000.0,1706.614,161.3162646319867,0.0074,2.443460952792061,0.8830222215594888,0.11697777844051105,7.548632170413027,0.25555739904720215,1.1803293495631602,1.03734225,0.1444,0.4,4.01341260817504,0.20778770296938276,0.2769567029693828,0.5262667602740865,1.1661001175596173,0.047342012470007966,0.00010079584836544433,16931391.795151312,1606021.7638163955,1.2482764662840402e-05,6737.829382238393,11498873.953339392,1086921.467670344,29.531310984577317,2.7914225347486723,4.806033407220127e-17,"[0.523,0.609]",0.57,"[0.206,0.322]",0.265,0.0,0.0,0.0,0.0,13.0,1.143904488273432,0.2736694442907476,0.04849658273019775,0.0,0.0,0.0,0.0,26.0,1.1754295737209557,0.2984596973332685,0.04723192368952878,2.105634e-13,1.469681e-17,0.004893459,0.012840700000000049,1.0,0.004457215,0.012954960000000003,0.004736305,0.01295859000000005,0.9744654640100712,8.328633e-12,5.725275e-15,0.004934951,0.012872800000000049,1.0,0.003917483,0.01303153,0.004736305,0.01295859000000005,1.0034606654813232
20,40,0.40740000000000004,140.0,0.268,1840.0,164.70883400618186,23,0.9377,0.03,0.05,0.0424,1000.0,1725.368,164.0154325547602,0.0074,2.443460952792061,0.8830222215594888,0.11697777844051105,7.548632170413027,0.26055739904720215,1.1967762573356362,1.03734225,0.1394,0.4,4.01341260817504,0.20059283790811602,0.27241683790811605,0.5219356645297542,1.182677712620884,0.046505202891723774,0.0001065499840786379,16193038.552935056,1545836.308005645,1.2482764662840402e-05,6871.124383699842,11855218.13565543,1126970.4379300897,30.446471104448335,2.8942759619757066,1.9423211474773504e-17,"[0.428,0.523]",0.475,"[0.145,0.206]",0.16,0.0,0.0,0.0,0.0,31.0,1.1926809162842384,0.25265349491235944,0.04534365377529697,0.0,0.0,0.0,0.0,23.0,1.181602425529,0.24579530850829134,0.04587591893160297,2.48078e-11,4.147426e-14,0.004801745,0.01300450000000002,1.0,0.004932382,0.013255660000000736,0.004642168,0.013262210000000019,1.0265840453838355,5.512642e-10,5.581626e-12,0.004740052,0.013057200000000019,1.0,0.005121653,0.012827960000003014,0.004642169,0.013262210000000019,0.9836810883994566
20,40,0.40740000000000004,140.0,0.273,1850.0,167.11822160387024,23,0.9377,0.03,0.05,0.0424,1000.0,1734.745,166.24457134224315,0.0074,2.443460952792061,0.8830222215594888,0.11697777844051105,7.548632170413027,0.26555739904720216,1.213223165108112,1.03734225,0.1344,0.4,4.01341260817504,0.19339797284684931,0.2679269728468493,0.5176166272897822,1.1992553076821508,0.0456303541052187,0.00011228955290821805,15448854.813928468,1488279.3392228342,1.2482764662840402e-05,7015.717539531689,12170480.9231149,1166324.9550177024,31.256126332961088,2.9953459004303884,7.85901690235474e-18,"[0.428,0.523]",0.475,"[0.145,0.206]",0.16,0.0,0.0,0.0,0.0,31.0,1.1926809162842384,0.25265349491235944,0.04534365377529697,0.0,0.0,0.0,0.0,23.0,1.181602425529,0.24579530850829134,0.04587591893160297,2.48078e-11,4.147426e-14,0.004623459,0.013317150000000008,1.0,0.004932382,0.013255660000000736,0.00456471,0.013731560000000009,0.9739243288121108,5.512642e-10,5.581626e-12,0.00464995,0.013440070000000009,1.0,0.005121653,0.012827960000003014,0.00456471,0.013731560000000009,0.933222129180834
20,40,0.40740000000000004,140.0,0.278,1920.0,174.1062893998929,23,0.9377,0.03,0.05,0.0424,1000.0,1800.384,173.12253969755403,0.0074,2.443460952792061,0.8830222215594888,0.11697777844051105,7.548632170413027,0.27055739904720216,1.2296700728805878,1.03734225,0.1294,0.4,4.01341260817504,0.18620310778558258,0.2634871077855826,0.5133099529383612,1.2158329027434176,0.04471588707669761,0.00011801371415824983,15255718.480191084,1475305.5663210975,1.2482764662840402e-05,7172.919522428512,12914009.541467935,1241794.0447689905,33.165650251878375,3.189164979429948,3.1837305795874753e-18,"[0.428,0.523]",0.475,"[0.145,0.206]",0.16,0.0,0.0,0.0,0.0,32.0,1.2158326153826586,0.2623341861281935,0.04400792252473959,0.0,0.0,0.0,0.0,24.0,1.2250796766974754,0.26896407238004044,0.043623788368717026,2.48078e-11,4.147426e-14,0.004534705,0.013821690000000003,1.0,0.004629331,0.014235110000000113,0.004393703,0.014353090000000004,1.0090222253270003,5.512642e-10,5.581626e-12,0.004578316,0.013982640000000003,1.0,0.00452172,0.014747240000000028,0.004393703,0.014353090000000004,1.0534306717307313
20,40,0.40740000000000004,140.0,0.283,1950.0,178.9091948342706,23,0.9377,0.03,0.05,0.0424,1000.0,1828.5149999999999,177.67027091684488,0.0074,2.443460952792061,0.8830222215594888,0.11697777844051105,7.548632170413027,0.2755573990472021,1.2461169806530636,1.03734225,0.12440000000000005,0.4,4.01341260817504,0.17900824272431598,0.25909724272431595,0.5090159552747988,1.232410497804684,0.04376015144931415,0.00012372158702391204,14779272.105898524,1446062.8831061816,1.2482764662840402e-05,7344.251788325916,13429074.558730762,1304855.204913388,34.48843587973961,3.3511181183920122,1.2913192698528262e-18,"[0.428,0.523]",0.475,"[0.145,0.206]",0.16,0.0,0.0,0.0,0.0,33.0,1.2390150285777806,0.27195013173140936,0.042627493153241346,0.0,0.0,0.0,0.0,24.0,1.2250796766974754,0.26896407238004044,0.043623788368717026,2.48078e-11,4.147426e-14,0.004459219,0.014479420000000002,1.0,0.004453043,0.015509700000000017,0.004317191,0.015142620000000002,1.0518898364732188,5.512642e-10,5.581626e-12,0.004394281,0.014679490000000002,1.0,0.00452172,0.014747240000000028,0.004317191,0.015142620000000002,0.9782092857785868
20,40,0.40740000000000004,140.0,0.288,2020.0,186.55294157707007,23,0.9377,0.03,0.05,0.0424,1000.0,1894.154,185.12997451602172,0.0074,2.443460952792061,0.8830222215594888,0.11697777844051105,7.548632170413027,0.2805573990472021,1.2625638884255395,1.03734225,0.11940000000000005,0.4,4.01341260817504,0.17181337766304924,0.25475737766304923,0.5047349578373279,1.2489880928659507,0.042761422055893075,0.00012941224882515956,14636589.791118365,1441540.0649525037,1.2482764662840402e-05,7531.490714268072,14265803.262393726,1394304.6840001023,36.637315470720544,3.580841515225236,5.244075085406169e-19,"[0.428,0.523]",0.475,"[0.145,0.206]",0.16,0.0,0.0,0.0,0.0,33.0,1.2390150285777806,0.27195013173140936,0.042627493153241346,0.0,0.0,0.0,0.0,24.0,1.2250796766974754,0.26896407238004044,0.043623788368717026,2.48078e-11,4.147426e-14,0.004398131,0.01527897,1.0,0.004453043,0.015509700000000017,0.004248567,0.01607007,0.969447067773534,5.512642e-10,5.581626e-12,0.004316649,0.01553176,1.0,0.00452172,0.014747240000000028,0.004248567,0.01607007,0.9015412934746405
20,40,0.40740000000000004,140.0,0.293,2130.0,197.6575321283723,23,0.9377,0.03,0.05,0.0424,1000.0,1997.301,196.0495118193081,0.0074,2.443460952792061,0.8830222215594888,0.11697777844051105,7.548632170413027,0.2855573990472021,1.2790107961980155,1.03734225,0.11440000000000004,0.4,4.01341260817504,0.1646185126017825,0.2504675126017825,0.5004672942378777,1.2655656879272175,0.041717895254743655,0.00013508473317896838,14785542.029785523,1463211.4782838097,1.2482764662840402e-05,7736.723311150114,15452565.206083432,1516780.8282320406,39.68514747287796,3.8953837145903254,2.1323142628302302e-19,"[0.428,0.523]",0.475,"[0.145,0.206]",0.16,0.0,0.0,0.0,0.0,34.0,1.2621279115046098,0.28146177096646297,0.04120901294279486,0.0,0.0,0.0,0.0,25.0,1.2655656879272175,0.2905388226018533,0.04155882193297453,2.48078e-11,4.147426e-14,0.00422212,0.0162238,1.0,0.004224848,0.017010150000000005,0.004185432,0.01712358,1.006056847191828,5.512642e-10,5.581626e-12,0.004244989,0.016516,1.0,0.00418298,0.01716883,0.004185432,0.01712358,1.006501336664254
20,40,0.40740000000000004,140.0,0.298,2280.0,212.86850401141726,23,0.9377,0.03,0.05,0.0424,1000.0,2137.956,211.0010262861811,0.0074,2.443460952792061,0.8830222215594888,0.11697777844051105,7.548632170413027,0.2905573990472021,1.2954577039704913,1.03734225,0.10940000000000004,0.4,4.01341260817504,0.1574236475405158,0.2462276475405158,0.49621330850806067,1.2821432829884842,0.04062768508007396,0.00014073802811029738,15191032.791254323,1512515.8911889168,1.2482764662840402e-05,7962.418214465791,17023299.796126425,1680078.4149720634,43.71909478293794,4.314763197887482,8.681405759075673e-20,"[0.428,0.523]",0.475,"[0.145,0.206]",0.16,0.0,0.0,0.0,0.0,35.0,1.28657115998275,0.29144085288722754,0.03966364024332806,0.0,0.0,0.0,0.0,25.0,1.2655656879272175,0.2905388226018533,0.04155882193297453,2.48078e-11,4.147426e-14,0.004152635,0.01729196,1.0,0.004089247,0.01880673,0.004124826,0.01829071,1.0532610568591128,5.512642e-10,5.581626e-12,0.004176471,0.01762073,1.0,0.00418298,0.01716883,0.004124826,0.01829071,0.918138799584374
20,40,0.40740000000000004,140.0,0.303,2300.0,217.88758566679525,23,0.9377,0.03,0.05,0.0424,1000.0,2156.71,215.64989967987296,0.0074,2.443460952792061,0.8830222215594888,0.11697777844051105,7.548632170413027,0.29555739904720213,1.3119046117429674,1.03734225,0.10440000000000003,0.4,4.01341260817504,0.15022878247924906,0.24203778247924906,0.49197335545662335,1.298720878049751,0.039488819198241126,0.0001463710741022669,14734536.951564247,1488597.2997271374,1.2482764662840402e-05,8211.517075015841,17709860.990857415,1770812.83344673,45.48231544557123,4.547786565206157,3.539120359916297e-20,"[0.428,0.523]",0.475,"[0.145,0.206]",0.16,0.0,0.0,0.0,0.0,35.0,1.28657115998275,0.29144085288722754,0.03966364024332806,0.0,0.0,0.0,0.0,26.0,1.2966460567587421,0.30710136294540186,0.04000595966120762,2.48078e-11,4.147426e-14,0.004085291,0.01846957,1.0,0.004089247,0.01880673,0.004063345,0.01955784,0.9577237431692279,5.512642e-10,5.581626e-12,0.004107811,0.01883366,1.0,0.004020306,0.01923485,0.004063344,0.01955784,0.9705734052428949
20,40,0.40740000000000004,140.0,0.308,2380.0,229.47330995494872,23,0.9377,0.03,0.05,0.0424,1000.0,2231.726,226.7138155311924,0.0074,2.443460952792061,0.8830222215594888,0.11697777844051105,7.548632170413027,0.30055739904720213,1.3283515195154432,1.03734225,0.09940000000000003,0.4,4.01341260817504,0.14303391741798235,0.23789791741798236,0.48774780103859244,1.3152984731110176,0.03829923466081335,0.00015198276208648747,14684073.176206732,1509864.0582960611,1.2482764662840402e-05,8487.553532682678,18941893.895279784,1924245.6459197411,48.646411946791055,4.9418314185339876,1.4446989894225714e-20,"[0.428,0.523]",0.475,"[0.100,0.145]",0.12,0.0,0.0,0.0,0.0,36.0,1.3168711345089243,0.30369967864833647,0.03768428442133321,0.0,0.0,0.0,0.0,19.0,1.3106228055926925,0.29323372998247443,0.03715371115168592,2.48078e-11,4.147426e-14,0.004017412,0.01974289,1.0,0.003901654,0.02124424,0.003997454,0.02090936,1.0326197173968563,2.094834e-09,3.932807e-11,0.004035582,0.02014084,1.0,0.003929735,0.02091553,0.003997454,0.02090936,1.0316774724612265
20,40,0.40740000000000004,140.0,0.313,2520.0,246.27626761809123,23,0.9377,0.03,0.05,0.0424,1000.0,2363.004,242.9928574957622,0.0074,2.443460952792061,0.8830222215594888,0.11697777844051105,7.548632170413027,0.30555739904720214,1.3447984272879192,1.03734225,0.09440000000000003,0.4,4.01341260817504,0.13583905235671564,0.23380805235671565,0.4835370227363316,1.3318760681722843,0.03705677344518107,0.0001575719313749688,14996351.059357367,1562945.03385908,1.2482764662840402e-05,8794.810000067027,20782171.209398385,2137076.0130485916,53.37259660466501,5.48842057014553,5.9053674682108575e-21,"[0.428,0.523]",0.475,"[0.100,0.145]",0.12,0.0,0.0,0.0,0.0,36.0,1.3168711345089243,0.30369967864833647,0.03768428442133321,0.0,0.0,0.0,0.0,20.0,1.3488941505926926,0.31362829798134045,0.03512181884211536,2.48078e-11,4.147426e-14,0.003946567,0.02109595,1.0,0.003901654,0.02124424,0.003924195,0.02232662,0.9356374375541009,2.094834e-09,3.932807e-11,0.003956847,0.0215256,1.0,0.003735157,0.02408514,0.003924195,0.02232662,1.13869207349837
20,40,0.40740000000000004,140.0,0.318,2630.0,259.5101154234938,23,0.9377,0.03,0.05,0.0424,1000.0,2466.151,255.81408898250922,0.0074,2.443460952792061,0.8830222215594888,0.11697777844051105,7.548632170413027,0.31055739904720214,1.3612453350603952,1.03734225,0.08940000000000002,0.4,4.01341260817504,0.1286441872954489,0.2297681872954489,0.4793414099527068,1.3484536632335513,0.03575917777324425,0.00016313736753560015,15117020.93306018,1590746.003467679,1.2482764662840402e-05,9138.527058531174,22536987.64392371,2337763.974120162,57.87930135324302,6.00382569705747,2.4172146842042214e-21,"[0.428,0.523]",0.475,"[0.100,0.145]",0.12,0.0,0.0,0.0,0.0,37.0,1.364881320908833,0.3228797746109243,0.03440594733185504,0.0,0.0,0.0,0.0,20.0,1.3488941505926926,0.31362829798134045,0.03512181884211536,2.48078e-11,4.147426e-14,0.003870909,0.02250962,1.0,0.00375286,0.02525391,0.003842209,0.02378684,1.1039197338729885,2.094834e-09,3.932807e-11,0.003870041,0.02296741,1.0,0.003735157,0.02408514,0.003842209,0.02378684,1.031103196303723
20,40,0.4474,140.0,0.0875,19.3,2.258860331950071,24,0.9467,0.03,0.05,0.044,1000.0,18.27131,2.2154605228970152,0.0074,2.443460952792061,0.8830222215594888,0.11697777844051105,7.548632170413027,0.07851117790109399,0.49672701127349295,1.033919214876033,0.35990000000000005,0.44,4.01341260817504,0.5687343387162599,0.5763905887162599,0.7592039177429605,0.47581965881274,0.06134780260318266,-0.00012008972961026398,-152147.1491300482,-18809.771154293678,1.0316334432099507e-05,6107.851363425897,111598.44569507723,13531.703575392785,0.28660618583958813,0.03475200685367897,2.248904031854242e-06,"[0.702,0.878]",0.756,"[0.438,0.650]",0.5,0.0,0.0,0.0,0.0,2.0,0.46415905926452045,0.07941804312876821,0.06147894848603259,0.0,0.0,0.0,0.0,0.0,0.4683968072585769,0.046916294473770895,0.0618669208792796,0.0,0.0,4.835704e-05,0.00034909890403185426,1.0,4.424903e-05,0.00031575631173277196,5.434111e-05,0.00039157120403185425,0.804739861470287,0.0,0.0,5.212462e-05,0.00037572730403185423,1.0,3.189523e-05,0.0001796867377767757,5.434111e-05,0.00039157120403185425,0.4570502011133305
20,40,0.4474,140.0,0.0925,29.7,3.1145545428017622,24,0.9467,0.03,0.05,0.044,1000.0,28.116989999999998,3.0802306636806533,0.0074,2.443460952792061,0.8830222215594888,0.11697777844051105,7.548632170413027,0.083511177901094,0.5138803368232165,1.033919214876033,0.35490000000000005,0.44,4.01341260817504,0.5608330558777456,0.5693893058777456,0.7545788930772882,0.49310367165125435,0.061246014362782084,-0.00011494637517539427,-244609.62737708667,-27095.71779057259,1.0316334432099507e-05,6119.3293042372925,172057.1208539469,18848.945764071304,0.4418756448385377,0.04840770334112313,2.5207186125413583e-06,"[0.702,0.878]",0.756,"[0.438,0.650]",0.5,0.0,0.0,0.0,0.0,3.0,0.5017151082934161,0.09770533389188996,0.06114817973389429,0.0,0.0,0.0,0.0,1.0,0.5091662073542697,0.06864206090619128,0.06157812587105591,0.0,0.0,6.235684e-05,0.0004415975186125414,1.0,8.080651e-05,0.0005687852699772822,7.018968e-05,0.0004953351186125413,1.1502270300351662,0.0,0.0,6.714898e-05,0.0004744938186125414,1.0,7.43863e-05,0.0004514533702752795,7.018968e-05,0.0004953351186125413,0.9088524830908082
20,40,0.4474,140.0,0.0975,35.3,3.6042266851139,24,0.9467,0.03,0.05,0.044,1000.0,33.41851,3.5726815513599326,0.0074,2.443460952792061,0.8830222215594888,0.11697777844051105,7.548632170413027,0.088511177901094,0.53103366237294,1.033919214876033,0.34990000000000004,0.44,4.01341260817504,0.5529317730392312,0.5624380230392313,0.7499586808879749,0.5103876844897687,0.06113656573615043,-0.00010980324008280552,-304349.0335512706,-32824.41103191361,1.0316334432099507e-05,6131.713856281468,204912.7408232808,21906.66097255487,0.5262551705940759,0.05626050171863524,2.789775383313554e-06,"[0.702,0.878]",0.756,"[0.438,0.650]",0.5,0.0,0.0,0.0,0.0,3.0,0.5017151082934161,0.09770533389188996,0.06114817973389429,0.0,0.0,0.0,0.0,1.0,0.5091662073542697,0.06864206090619128,0.06157812587105591,0.0,0.0,8.033526e-05,0.0005564681753833135,1.0,8.080651e-05,0.0005687852699772822,9.055806e-05,0.0006236083753833135,0.9115696582209203,0.0,0.0,8.641601e-05,0.0005964352753833136,1.0,7.43863e-05,0.0004514533702752795,9.055806e-05,0.0006236083753833135,0.7202772372328907
20,40,0.4474,140.0,0.103,46.5,4.450983037773855,24,0.9467,0.03,0.05,0.044,1000.0,44.02155,4.438657154399113,0.0074,2.443460952792061,0.8830222215594888,0.11697777844051105,7.548632170413027,0.09401117790109399,0.5499023204776359,1.033919214876033,0.34440000000000004,0.44,4.01341260817504,0.5442403619168655,0.5548493619168655,0.7448821127647418,0.5294000986121344,0.06100701082249878,-0.00010414616016972404,-422690.09177351644,-42737.850637221905,1.0316334432099507e-05,6146.431162649311,270575.42674812477,27281.900654115023,0.6948895260968648,0.07006514687753744,3.0502704343644854e-06,"[0.702,0.878]",0.756,"[0.438,0.650]",0.5,0.0,0.0,0.0,0.0,4.0,0.5436554210803047,0.11775324071578097,0.060706721893547644,0.0,0.0,0.0,0.0,1.0,0.5091662073542697,0.06864206090619128,0.06157812587105591,0.0,0.0,0.0001059882,0.0007136730704343645,1.0,0.0001523387,0.001015680478176515,0.0001196331,0.0007989846704343645,1.2777205854973572,0.0,0.0,0.0001138678,0.0007629786704343645,1.0,7.43863e-05,0.0004514533702752795,0.0001196331,0.0007989846704343645,0.5606527039230871
20,40,0.4474,140.0,0.108,63.5,5.8181827063489235,24,0.9467,0.03,0.05,0.044,1000.0,60.115449999999996,5.82819864380133,0.0074,2.443460952792061,0.8830222215594888,0.11697777844051105,7.548632170413027,0.099011177901094,0.5670556460273594,1.033919214876033,0.33940000000000003,0.44,4.01341260817504,0.5363390790783512,0.5480030790783512,0.7402723006288641,0.5466841114506488,0.06088060951261533,-9.900380552025816e-05,-607203.4270207842,-58767.26329634275,1.0316334432099507e-05,6160.850817666322,370362.31928687886,35906.662380185175,0.9511613808631963,0.09221518711051954,3.176815589206092e-06,"[0.702,0.878]",0.756,"[0.438,0.650]",0.5,0.0,0.0,0.0,0.0,4.0,0.5436554210803047,0.11775324071578097,0.060706721893547644,0.0,0.0,0.0,0.0,2.0,0.5476043143403302,0.08912549535760389,0.061210335835124176,0.0,0.0,0.0001360882,0.0008904711155892062,1.0,0.0001523387,0.001015680478176515,0.0001537284,0.0009959296155892061,1.0223133550611787,0.0,0.0,0.0001460193,0.0009498932155892061,1.0,0.0001441336,0.0008784651159301567,0.0001537284,0.0009959296155892061,0.8781820829945665
20,40,0.4474,140.0,0.113,92.3,7.984763615591739,24,0.9467,0.03,0.05,0.044,1000.0,87.38041,8.050372568300311,0.0074,2.443460952792061,0.8830222215594888,0.11697777844051105,7.548632170413027,0.104011177901094,0.584208971577083,1.033919214876033,0.33440000000000003,0.44,4.01341260817504,0.5284377962398369,0.5412067962398369,0.7356675854214572,0.5639681242891631,0.06074570299904094,-9.386198500725602e-05,-930945.6857666608,-85069.19617110671,1.0316334432099507e-05,6176.307181530818,539688.2538081072,49721.573907591905,1.3860228160255843,0.12769452623500754,3.0403072389968165e-06,"[0.702,0.878]",0.756,"[0.438,0.650]",0.5,0.0,0.0,0.0,0.0,4.0,0.5436554210803047,0.11775324071578097,0.060706721893547644,0.0,0.0,0.0,0.0,2.0,0.5476043143403302,0.08912549535760389,0.061210335835124176,0.0,0.0,0.0001742725,0.0011055753072389967,1.0,0.0001523387,0.001015680478176515,0.0001969071,0.0012350533072389967,0.8220160917168582,0.0,0.0,0.0001867141,0.0011768033072389968,1.0,0.0001441336,0.0008784651159301567,0.0001969071,0.0012350533072389967,0.7061238123371316
20,40,0.4474,140.0,0.118,116.0,9.820386957378645,24,0.9467,0.03,0.05,0.044,1000.0,109.8172,9.926926585052142,0.0074,2.443460952792061,0.8830222215594888,0.11697777844051105,7.548632170413027,0.10901117790109399,0.6013622971268064,1.033919214876033,0.3294,0.44,4.01341260817504,0.5205365134013226,0.5344605134013226,0.7310680634532756,0.5812521371276774,0.06060199858073674,-8.872081041707033e-05,-1237784.0044940643,-110688.65254063497,1.0316334432099507e-05,6192.847503439892,680081.1728547593,61475.94251907124,1.7465787251713867,0.15788199644309192,2.4718354199835467e-06,"[0.702,0.878]",0.756,"[0.438,0.650]",0.5,0.0,0.0,0.0,0.0,5.0,0.5940686479407493,0.14135871866185423,0.0600809009468958,0.0,0.0,0.0,0.0,3.0,0.5833063280194741,0.10815088225413824,0.06078865473932315,0.0,0.0,0.0002223597,0.0013653928354199836,1.0,0.0003058403,0.0018734209386604098,0.0002511214,0.0015230528354199836,1.2407514033580989,0.0,0.0,0.0002377686,0.0014489228354199837,1.0,0.0002524482,0.0014887117702756122,0.0002511214,0.0015230528354199836,0.9749089765804058
20,40,0.4474,140.0,0.123,152.0,12.560652851264939,24,0.9467,0.03,0.05,0.044,1000.0,143.8984,12.735522182466768,0.0074,2.443460952792061,0.8830222215594888,0.11697777844051105,7.548632170413027,0.114011177901094,0.61851562267653,1.033919214876033,0.3244,0.44,4.01341260817504,0.5126352305628082,0.5277642305628082,0.7264738333641537,0.5985361499661918,0.06044919305102431,-8.358039890582127e-05,-1721676.3964257375,-150282.27928677792,1.0316334432099507e-05,6210.521948818088,893684.1715998049,79094.2400438695,2.295152142775144,0.20312915936833892,1.5887799518568182e-06,"[0.702,0.878]",0.756,"[0.438,0.650]",0.5,0.0,0.0,0.0,0.0,5.0,0.5940686479407493,0.14135871866185423,0.0600809009468958,0.0,0.0,0.0,0.0,3.0,0.5833063280194741,0.10815088225413824,0.06078865473932315,0.0,0.0,0.000282354,0.0016768687799518568,1.0,0.0003058403,0.0018734209386604098,0.0003184627,0.0018669467799518568,1.00892478513141,0.0,0.0,0.0003012982,0.001775442779951857,1.0,0.0002524482,0.0014887117702756122,0.0003184627,0.0018669467799518568,0.7927533485409927
20,40,0.4474,140.0,0.128,187.0,15.251393382203936,24,0.9467,0.03,0.05,0.044,1000.0,177.03289999999998,15.490068182772452,0.0074,2.443460952792061,0.8830222215594888,0.11697777844051105,7.548632170413027,0.119011177901094,0.6356689482262534,1.033919214876033,0.3194,0.44,4.01341260817504,0.5047339477242939,0.5211179477242939,0.7218849961900399,0.6158201628047061,0.06028697228237016,-7.844087323456733e-05,-2256896.088734325,-194431.71338234097,1.0316334432099507e-05,6229.383827748749,1102805.8842394615,96493.58022848818,2.83221675924532,0.24781399790152475,8.161794077548927e-07,"[0.702,0.878]",0.756,"[0.438,0.650]",0.5,0.0,0.0,0.0,0.0,5.0,0.5940686479407493,0.14135871866185423,0.0600809009468958,0.0,0.0,0.0,0.0,4.0,0.6207453406835142,0.12810190539134886,0.060267250830847725,0.0,0.0,0.0003563458,0.002047092179407755,1.0,0.0003058403,0.0018734209386604098,0.0004010273,0.002273577179407755,0.8256529599124227,0.0,0.0,0.0003793456,0.002162245179407755,1.0,0.000427443,0.0023940437562815007,0.0004010273,0.002273577179407755,1.0535977710775237
20,40,0.4474,140.0,0.133,237.0,19.06974042757315,24,0.9467,0.03,0.05,0.044,1000.0,224.3679,19.402952889458863,0.0074,2.443460952792061,0.8830222215594888,0.11697777844051105,7.548632170413027,0.124011177901094,0.652822273775977,1.033919214876033,0.3144,0.44,4.01341260817504,0.49683266488577965,0.5145216648857797,0.7173016554322036,0.6331041756432203,0.06011501079316255,-7.330236201473881e-05,-3060854.9824750074,-260151.78642863955,1.0316334432099507e-05,6249.489845211499,1402184.912641429,121258.55704979028,3.6010794518771996,0.3114152022458277,3.6361167138511516e-07,"[0.702,0.878]",0.756,"[0.438,0.650]",0.5,0.0,0.0,0.0,0.0,6.0,0.645299832925355,0.16482982064971397,0.05934452155669035,0.0,0.0,0.0,0.0,4.0,0.6207453406835142,0.12810190539134886,0.060267250830847725,0.0,0.0,0.0004463588,0.002482194611671385,1.0,0.0005599265,0.003164280400230117,0.0005007299,0.002748419611671385,1.1659012825449795,0.0,0.0,0.0004738754,0.0026151296116713853,1.0,0.000427443,0.0023940437562815007,0.0005007299,0.002748419611671385,0.8684532448013473
20,40,0.4474,140.0,0.138,293.0,23.364181987608134,24,0.9467,0.03,0.05,0.044,1000.0,277.3831,23.801440254591796,0.0074,2.443460952792061,0.8830222215594888,0.11697777844051105,7.548632170413027,0.129011177901094,0.6699755993257005,1.033919214876033,0.3094,0.44,4.01341260817504,0.4889313820472653,0.5079753820472652,0.712723917128691,0.6503881884817347,0.059932971295638515,-6.816499996427282e-05,-4069289.226808248,-342759.21660462045,1.0316334432099507e-05,6270.900375593005,1739441.7859731521,149256.46063217416,4.467219705997729,0.3833191817974493,1.5140166481948608e-07,"[0.702,0.878]",0.756,"[0.438,0.650]",0.5,0.0,0.0,0.0,0.0,6.0,0.645299832925355,0.16482982064971397,0.05934452155669035,0.0,0.0,0.0,0.0,5.0,0.6702069412190109,0.1544596928026336,0.05946137766953939,0.0,0.0,0.0005541513,0.0029866124016648195,1.0,0.0005599265,0.003164280400230117,0.0006190842,0.003294804401664819,0.9689246940016627,0.0,0.0,0.000586532,0.003138024401664819,1.0,0.0007601467,0.004002010008110774,0.0006190842,0.003294804401664819,1.224748220743949
20,40,0.4474,140.0,0.143,376.0,29.683665538300293,24,0.9467,0.03,0.05,0.044,1000.0,355.9592,30.280920937255186,0.0074,2.443460952792061,0.8830222215594888,0.11697777844051105,7.548632170413027,0.134011177901094,0.687128924875424,1.033919214876033,0.30440000000000006,0.44,4.01341260817504,0.4810300992087511,0.5014790992087511,0.708151889928108,0.667672201320249,0.05974050422407722,-6.302892817490742e-05,-5647552.803249344,-470953.04327446455,1.0316334432099507e-05,6293.679764262656,2240293.213943124,190578.41934604035,5.753502113863888,0.4894418872225889,6.13868135411526e-08,"[0.702,0.878]",0.756,"[0.438,0.650]",0.5,0.0,0.0,0.0,0.0,6.0,0.645299832925355,0.16482982064971397,0.05934452155669035,0.0,0.0,0.0,0.0,5.0,0.6702069412190109,0.1544596928026336,0.05946137766953939,0.0,0.0,0.0006810015,0.003562658386813541,1.0,0.0005599265,0.003164280400230117,0.0007569932,0.003913536386813541,0.812560942027549,0.0,0.0,0.0007184306,0.0037325933868135415,1.0,0.0007601467,0.004002010008110774,0.0007569932,0.003913536386813541,1.027100015259349
20,40,0.4474,140.0,0.148,468.0,36.71416620395313,24,0.9467,0.03,0.05,0.044,1000.0,443.05559999999997,37.485885115651875,0.0074,2.443460952792061,0.8830222215594888,0.11697777844051105,7.548632170413027,0.139011177901094,0.7042822504251475,1.033919214876033,0.29940000000000005,0.44,4.01341260817504,0.47312881637023674,0.4950328163702367,0.703585685165806,0.6849562141587633,0.05953724724233223,-5.7894294391107444e-05,-7652837.031002027,-634158.6263393931,1.0316334432099507e-05,6317.896659377452,2799179.4951584726,236831.94834598392,7.188829141758761,0.6082298098117238,2.468514344487601e-08,"[0.702,0.878]",0.756,"[0.438,0.650]",0.5,0.0,0.0,0.0,0.0,7.0,0.713247622372618,0.1952099607773633,0.05822152671772059,0.0,0.0,0.0,0.0,5.0,0.6702069412190109,0.1544596928026336,0.05946137766953939,0.0,0.0,0.0008275206,0.004210079685143445,1.0,0.001028326,0.00538758800095438,0.0009145999,0.004602590685143445,1.1964895506996633,0.0,0.0,0.0008699888,0.004397859685143445,1.0,0.0007601467,0.004002010008110774,0.0009145999,0.004602590685143445,0.8697937190391077
20,40,0.4474,140.0,0.153,554.0,43.322396055654686,24,0.9467,0.03,0.05,0.044,1000.0,524.4718,44.252866456099696,0.0074,2.443460952792061,0.8830222215594888,0.11697777844051105,7.548632170413027,0.144011177901094,0.721435575974871,1.033919214876033,0.29440000000000005,0.44,4.01341260817504,0.46522753353172247,0.4886365335317225,0.6990254169425619,0.7022402269972776,0.05932282472973009,-5.2761253301115074e-05,-9940472.736816425,-821102.4823161109,1.0316334432099507e-05,6343.624377510796,3327052.095796967,280723.5624256438,8.54450709709158,0.720951882447807,9.78324392650106e-09,"[0.609,0.702]",0.649,"[0.438,0.650]",0.5,0.0,0.0,0.0,0.0,2.0,0.6776013535529862,0.10996473713456167,0.06044669326536335,0.0,0.0,0.0,0.0,6.0,0.7268113846210884,0.18462385792412675,0.05838913449202763,1.170721e-15,2.231484e-21,0.0009935453,0.004925783783243927,1.0,0.0009041247,0.004191203569146903,0.001091246,0.005357041783243927,0.768647961615447,0.0,0.0,0.001040849,0.005130016783243927,1.0,0.001223763,0.006145195011227467,0.001091246,0.005357041783243927,1.1652115473923355
20,40,0.4474,140.0,0.158,627.0,48.67910229003838,24,0.9467,0.03,0.05,0.044,1000.0,593.5809,49.775473940299705,0.0074,2.443460952792061,0.8830222215594888,0.11697777844051105,7.548632170413027,0.149011177901094,0.7385889015245946,1.033919214876033,0.28940000000000005,0.44,4.01341260817504,0.4573262506932081,0.4822902506932081,0.694471202205828,0.719524239835792,0.0590968472443144,-4.7629966840633197e-05,-12462341.239625119,-1022026.7936132629,1.0316334432099507e-05,6370.941307196294,3781669.0749727525,317116.62301152805,9.712050583991909,0.814416233322807,3.861731922984756e-09,"[0.609,0.702]",0.649,"[0.438,0.650]",0.5,0.0,0.0,0.0,0.0,3.0,0.7321204588364181,0.13565505105203302,0.059569908382673085,0.0,0.0,0.0,0.0,6.0,0.7268113846210884,0.18462385792412675,0.05838913449202763,1.170721e-15,2.231484e-21,0.001178145,0.005703901861731923,1.0,0.00162257,0.007142762231505753,0.001285555,0.006169341861731923,1.1508472018229732,0.0,0.0,0.001230384,0.005927529861731923,1.0,0.001223763,0.006145195011227467,0.001285555,0.006169341861731923,1.007356880134331
20,40,0.4474,140.0,0.163,744.0,59.59597301951134,24,0.9467,0.03,0.05,0.044,1000.0,704.3448,60.674073905769305,0.0074,2.443460952792061,0.8830222215594888,0.11697777844051105,7.548632170413027,0.154011177901094,0.7557422270743179,1.033919214876033,0.28440000000000004,0.44,4.01341260817504,0.4494249678546938,0.47599396785469383,0.6899231608336496,0.7368082526743063,0.058858910962364036,-4.2500604509670284e-05,-16572583.09913541,-1402238.2435984246,1.0316334432099507e-05,6399.931355053549,4507758.370288921,388309.9080283693,11.576786980752503,0.9972542267104483,1.5249610811936977e-09,"[0.609,0.702]",0.649,"[0.438,0.650]",0.5,0.0,0.0,0.0,0.0,3.0,0.7321204588364181,0.13565505105203302,0.059569908382673085,0.0,0.0,0.0,0.0,6.0,0.7268113846210884,0.18462385792412675,0.05838913449202763,1.170721e-15,2.231484e-21,0.00137974,0.006536151524961081,1.0,0.00162257,0.007142762231505753,0.001495609,0.007029815524961081,1.005371326771419,0.0,0.0,0.001436072,0.006772450524961081,1.0,0.001223763,0.006145195011227467,0.001495609,0.007029815524961081,0.8800192775450278
20,40,0.4474,140.0,0.168,780.0,62.59520748658831,24,0.9467,0.03,0.05,0.044,1000.0,738.426,63.71165674993431,0.0074,2.443460952792061,0.8830222215594888,0.11697777844051105,7.548632170413027,0.159011177901094,0.7728955526240415,1.033919214876033,0.27940000000000004,0.44,4.01341260817504,0.4415236850161795,0.46974768501617953,0.6853814157213336,0.7540922655128206,0.05860859709306246,-3.737334370309244e-05,-19758092.98376745,-1674862.382768521,1.0316334432099507e-05,6430.6844398307385,4748584.588166453,409709.5596976396,12.19527483984549,1.0522126314178346,6.026473222618049e-10,"[0.609,0.702]",0.649,"[0.438,0.650]",0.5,0.0,0.0,0.0,0.0,3.0,0.7321204588364181,0.13565505105203302,0.059569908382673085,0.0,0.0,0.0,0.0,7.0,0.807768322392017,0.2277653198285664,0.056613385659636355,1.170721e-15,2.231484e-21,0.001596299,0.007412366602647323,1.0,0.00162257,0.007142762231505753,0.001719165,0.007927208602647322,0.8873176704675405,0.0,0.0,0.001656213,0.007658631602647323,1.0,0.001838268,0.008926403000001843,0.001719165,0.007927208602647322,1.1650439413323024
20,40,0.4474,140.0,0.173,876.0,70.09079825492798,24,0.9467,0.03,0.05,0.044,1000.0,829.3092,71.3695939818384,0.0074,2.443460952792061,0.8830222215594888,0.11697777844051105,7.548632170413027,0.16401117790109399,0.7900488781737651,1.033919214876033,0.27440000000000003,0.44,4.01341260817504,0.43362240217766523,0.4635514021776652,0.6808460928709698,0.7713762783513348,0.05834547126713867,-3.224837005544799e-05,-25716313.67954666,-2173467.934485171,1.0316334432099507e-05,6463.2970404768075,5360071.698000189,461282.88556284754,13.765690871609731,1.1846628113932485,2.3837019133509256e-10,"[0.609,0.702]",0.649,"[0.322,0.438]",0.38,0.0,0.0,0.0,0.0,4.0,0.788153044228949,0.16143334454337366,0.05850356421775023,0.0,0.0,0.0,0.0,3.0,0.7558276312297486,0.1361391666928221,0.05940496957470047,1.170721e-15,2.231484e-21,0.001825536,0.008320977238370192,1.0,0.002441013,0.010375883655609628,0.001953826,0.008849064238370192,1.1711418649740502,3.443971e-14,5.208215e-19,0.001888518,0.008574291238370191,1.0,0.002086939,0.008742227865478213,0.001953826,0.008849064238370192,0.971999550305344
20,40,0.4474,140.0,0.178,987.0,78.75972955513647,24,0.9467,0.03,0.05,0.044,1000.0,934.3928999999999,80.22605239692699,0.0074,2.443460952792061,0.8830222215594888,0.11697777844051105,7.548632170413027,0.169011177901094,0.8072022037234885,1.033919214876033,0.26940000000000003,0.44,4.01341260817504,0.4257211193391509,0.4574051193391509,0.6763173214838956,0.7886602911898491,0.0580690828982433,-2.7125877800647632e-05,-34446549.78050853,-2903490.5389589304,1.0316334432099507e-05,6497.872805263507,6071566.214341303,521298.6841436371,15.592945080252393,1.3387948785042496,9.437278506760782e-11,"[0.609,0.702]",0.649,"[0.322,0.438]",0.38,0.0,0.0,0.0,0.0,4.0,0.788153044228949,0.16143334454337366,0.05850356421775023,0.0,0.0,0.0,0.0,4.0,0.797380898472492,0.15828265118120846,0.05850475802618553,1.170721e-15,2.231484e-21,0.002066226,0.009257962094372785,1.0,0.002441013,0.010375883655609628,0.00219712,0.009781849094372786,1.053952057291711,3.443971e-14,5.208215e-19,0.002130604,0.009506539094372785,1.0,0.002707576,0.01119637818452202,0.00219712,0.009781849094372786,1.1380713393288069
20,40,0.4474,140.0,0.183,1100.0,87.64793209345599,24,0.9467,0.03,0.05,0.044,1000.0,1041.37,89.29762547657462,0.0074,2.443460952792061,0.8830222215594888,0.11697777844051105,7.548632170413027,0.174011177901094,0.8243555292732121,1.033919214876033,0.2644,0.44,4.01341260817504,0.4178198365006366,0.4513088365006366,0.671795234056209,0.8059443040283635,0.057778964515762386,-2.200607014710348e-05,-47321943.12927194,-3982897.968949378,1.0316334432099507e-05,6534.523230039819,6804856.456066566,583517.4080640725,17.476174886772338,1.498584479869898,3.739874183211838e-11,"[0.609,0.702]",0.649,"[0.322,0.438]",0.38,0.0,0.0,0.0,0.0,4.0,0.788153044228949,0.16143334454337366,0.05850356421775023,0.0,0.0,0.0,0.0,4.0,0.797380898472492,0.15828265118120846,0.05850475802618553,1.170721e-15,2.231484e-21,0.002313735,0.010193110037398742,1.0,0.002441013,0.010375883655609628,0.002448299,0.010721910037398742,0.9563064690925368,3.443971e-14,5.208215e-19,0.002380005,0.010441340037398742,1.0,0.002707576,0.01119637818452202,0.002448299,0.010721910037398742,1.0326323446681365
20,40,0.4474,140.0,0.188,1180.0,94.00473392565037,24,0.9467,0.03,0.05,0.044,1000.0,1117.106,95.77652196034039,0.0074,2.443460952792061,0.8830222215594888,0.11697777844051105,7.548632170413027,0.179011177901094,0.8415088548229356,1.033919214876033,0.2594,0.44,4.01341260817504,0.40991855366212226,0.44526255366212225,0.6672799664774316,0.8232283168668778,0.05747463106770764,-1.6889159668947382e-05,-66143373.73184557,-5565980.532381883,1.0316334432099507e-05,6573.3684149476285,7343149.296548486,629574.3643476394,18.858614014077194,1.616867566068795,1.4834994598668762e-11,"[0.609,0.702]",0.649,"[0.322,0.438]",0.38,0.0,0.0,0.0,0.0,5.0,0.8458459392888059,0.18735879561027236,0.05724137474728753,0.0,0.0,0.0,0.0,5.0,0.8435747087574768,0.18289905295605688,0.05738451848582192,1.170721e-15,2.231484e-21,0.002566491,0.011119340014834994,1.0,0.003206372,0.013207750021401668,0.002701122,0.011631800014834994,1.1413990635116726,3.443971e-14,5.208215e-19,0.002634084,0.011363310014834994,1.0,0.003268113,0.013335330056437647,0.002701122,0.011631800014834994,1.1497953014330184
20,40,0.4474,140.0,0.193,1320.0,104.95713410533945,24,0.9467,0.03,0.05,0.044,1000.0,1249.644,106.9633098024134,0.0074,2.443460952792061,0.8830222215594888,0.11697777844051105,7.548632170413027,0.184011177901094,0.8586621803726591,1.033919214876033,0.2544,0.44,4.01341260817504,0.40201727082360794,0.4392662708236079,0.6627716581324279,0.8405123297053921,0.05715557919225583,-1.177536871396868e-05,-106123555.90339978,-8913277.932506071,1.0316334432099507e-05,6614.537910394333,8265817.612496817,707512.8677093172,21.228202991611244,1.8170285722495627,5.890352142882913e-12,"[0.609,0.702]",0.649,"[0.322,0.438]",0.38,0.0,0.0,0.0,0.0,5.0,0.8458459392888059,0.18735879561027236,0.05724137474728753,0.0,0.0,0.0,0.0,5.0,0.8435747087574768,0.18289905295605688,0.05738451848582192,1.170721e-15,2.231484e-21,0.002821634,0.012020170005890353,1.0,0.003206372,0.013207750021401668,0.002954128,0.012504300005890352,1.055359931349105,3.443971e-14,5.208215e-19,0.002889892,0.012255510005890353,1.0,0.003268113,0.013335330056437647,0.002954128,0.012504300005890352,1.0631232573930218
20,40,0.4474,140.0,0.198,1430.0,113.65786378298034,24,0.9467,0.03,0.05,0.044,1000.0,1353.781,115.83673166685276,0.0074,2.443460952792061,0.8830222215594888,0.11697777844051105,7.548632170413027,0.189011177901094,0.8758155059223827,1.033919214876033,0.24939999999999998,0.44,4.01341260817504,0.39411598798509356,0.4333199879850936,0.6582704520066912,0.8577963425439066,0.05682128645644016,-6.664929828929487e-06,-203120067.9898895,-17053122.34341047,1.0316334432099507e-05,6658.171664809713,9013706.294557758,771260.844528405,23.148924389324563,1.980745587995734,2.3411081892545184e-12,"[0.609,0.702]",0.649,"[0.322,0.438]",0.38,0.0,0.0,0.0,0.0,5.0,0.8458459392888059,0.18735879561027236,0.05724137474728753,0.0,0.0,0.0,0.0,5.0,0.8435747087574768,0.18289905295605688,0.05738451848582192,1.170721e-15,2.231484e-21,0.003075886,0.012877540002341108,1.0,0.003206372,0.013207750021401668,0.003203636,0.013320130002341108,0.984439769678961,3.443971e-14,5.208215e-19,0.003147476,0.013115460002341109,1.0,0.003268113,0.013335330056437647,0.003203636,0.013320130002341108,0.9916814004018996
20,40,0.4474,140.0,0.203,1490.0,118.80450328261588,24,0.9467,0.03,0.05,0.044,1000.0,1410.583,121.02929812454181,0.0074,2.443460952792061,0.8830222215594888,0.11697777844051105,7.548632170413027,0.194011177901094,0.892968831472106,1.033919214876033,0.24439999999999998,0.44,4.01341260817504,0.38621470514657924,0.42742370514657924,0.653776494795109,0.8750803553824209,0.056471210560423354,-1.5580862029333614e-06,-905330524.9377978,-76250276.17788173,1.0316334432099507e-05,6704.421088764646,9457142.4126529,811431.3787045615,24.28775328321451,2.083911214646347,9.313887404343669e-13,"[0.609,0.702]",0.649,"[0.322,0.438]",0.38,0.0,0.0,0.0,0.0,5.0,0.8458459392888059,0.18735879561027236,0.05724137474728753,0.0,0.0,0.0,0.0,6.0,0.8867766533066634,0.20592110759750276,0.05623683241488545,1.170721e-15,2.231484e-21,0.003325437,0.013672030000931389,1.0,0.003206372,0.013207750021401668,0.003445403,0.01405895000093139,0.9264794195737219,3.443971e-14,5.208215e-19,0.003396101,0.01389184000093139,1.0,0.003617472,0.014544680000539253,0.003445403,0.01405895000093139,1.039277007905262
20,40,0.4474,140.0,0.208,1600.0,127.5970219058879,24,0.9467,0.03,0.05,0.044,1000.0,1514.72,129.9834525215394,0.0074,2.443460952792061,0.8830222215594888,0.11697777844051105,7.548632170413027,0.199011177901094,0.9101221570218296,1.033919214876033,0.2394,0.44,4.01341260817504,0.378313422308065,0.42157742230806494,0.6492899370143241,0.8923643682209351,0.05610478850570662,3.544907870459696e-06,427294602.66722655,35994453.61307553,1.0316334432099507e-05,6753.450252465153,10229586.166414017,877836.7802478825,26.2715368087126,2.254453006128637,3.7091368149777824e-13,"[0.609,0.702]",0.649,"[0.322,0.438]",0.38,0.0,0.0,0.0,0.0,6.0,0.903239362936709,0.21257032684197685,0.05582999033456351,0.0,0.0,0.0,0.0,6.0,0.8867766533066634,0.20592110759750276,0.05623683241488545,1.170721e-15,2.231484e-21,0.003570698,0.014402590000370913,1.0,0.003766407,0.014944670000147334,0.003680508,0.014721300000370913,1.0204144333334773,3.443971e-14,5.208215e-19,0.00363466,0.014580090000370914,1.0,0.003617472,0.014544680000539253,0.003680508,0.014721300000370913,0.9855358991588941
20,40,0.4474,140.0,0.213,1630.0,130.4519452037416,24,0.9467,0.03,0.05,0.044,1000.0,1543.1209999999999,132.82762349311957,0.0074,2.443460952792061,0.8830222215594888,0.11697777844051105,7.548632170413027,0.204011177901094,0.927275482571553,1.033919214876033,0.2344,0.44,4.01341260817504,0.37041213946955065,0.41578113946955064,0.6448109331188101,0.9096483810594495,0.05572143572554834,8.64378651166186e-06,178523728.91418377,15091990.648744147,1.0316334432099507e-05,6805.437236538448,10501613.113884445,903950.0549609851,26.9701541180711,2.321516897732943,1.478599080988787e-13,"[0.609,0.702]",0.649,"[0.322,0.438]",0.38,0.0,0.0,0.0,0.0,6.0,0.903239362936709,0.21257032684197685,0.05582999033456351,0.0,0.0,0.0,0.0,7.0,0.9309560521906091,0.22946404173497958,0.05497774286834673,1.170721e-15,2.231484e-21,0.003797435,0.01501159000014786,1.0,0.003766407,0.014944670000147334,0.003892207,0.01524638000014786,0.9779793856197564,3.443971e-14,5.208215e-19,0.003858134,0.015160080000147859,1.0,0.003783223,0.014956040000004656,0.003892207,0.01524638000014786,0.994119921711978
20,40,0.4474,140.0,0.218,1670.0,134.50598499491525,24,0.9467,0.03,0.05,0.044,1000.0,1580.989,136.83813323655286,0.0074,2.443460952792061,0.8830222215594888,0.11697777844051105,7.548632170413027,0.209011177901094,0.9444288081212766,1.033919214876033,0.2294,0.44,4.01341260817504,0.3625108566310364,0.4100348566310364,0.6403396416207858,0.9269323938979637,0.05532054517578412,1.3738271753304362e-05,115079176.50702584,9790604.481423477,1.0316334432099507e-05,6860.575659500953,10846494.651338752,938788.366174243,27.855875970204675,2.4109883543982655,5.900208093351134e-14,"[0.609,0.702]",0.649,"[0.322,0.438]",0.38,0.0,0.0,0.0,0.0,6.0,0.903239362936709,0.21257032684197685,0.05582999033456351,0.0,0.0,0.0,0.0,7.0,0.9309560521906091,0.22946404173497958,0.05497774286834673,1.170721e-15,2.231484e-21,0.004005383,0.015499730000059001,1.0,0.003766407,0.014944670000147334,0.004081617,0.015639390000059,0.9459732831618023,3.443971e-14,5.208215e-19,0.004061382,0.015613870000059002,1.0,0.003783223,0.014956040000004656,0.004081617,0.015639390000059,0.9615855917070123
20,40,0.4474,140.0,0.223,1650.0,133.70336566909137,24,0.9467,0.03,0.05,0.044,1000.0,1562.055,135.91166588603238,0.0074,2.443460952792061,0.8830222215594888,0.11697777844051105,7.548632170413027,0.214011177901094,0.9615821336710002,1.033919214876033,0.2244,0.44,4.01341260817504,0.35460957379252206,0.4043385737925221,0.6358762252140916,0.944216406736478,0.054901486384152,1.8828073017563675e-05,82964146.06756862,7101277.2015684685,1.0316334432099507e-05,6919.076409467159,10807977.900790222,940383.201203429,27.756957576701137,2.4150841962526157,2.3568255358033612e-14,"[0.609,0.702]",0.649,"[0.322,0.438]",0.38,0.0,0.0,0.0,0.0,7.0,0.9586730055053323,0.2364073844047675,0.05432726071902955,0.0,0.0,0.0,0.0,7.0,0.9309560521906091,0.22946404173497958,0.05497774286834673,1.170721e-15,2.231484e-21,0.00418954,0.015851760000023567,1.0,0.004039035,0.015354650000001354,0.004244007,0.015888290000023567,0.9763315704391776,3.443971e-14,5.208215e-19,0.004248282,0.01595335000002357,1.0,0.003783223,0.014956040000004656,0.004244007,0.015888290000023567,0.9387575843193405
20,40,0.4474,140.0,0.228,1750.0,141.82732456710545,24,0.9467,0.03,0.05,0.044,1000.0,1656.725,144.16700917491815,0.0074,2.443460952792061,0.8830222215594888,0.11697777844051105,7.548632170413027,0.219011177901094,0.9787354592207236,1.033919214876033,0.21939999999999998,0.44,4.01341260817504,0.34670829095400774,0.3986922909540077,0.6314208509021599,0.9615004195749923,0.05446360445613748,2.3912886571813397e-05,69281681.86741684,5930999.76203961,1.0316334432099507e-05,6981.169612683306,11565878.226572748,1006454.343603374,29.70339079327678,2.5847675462255433,9.423992476369484e-15,"[0.609,0.702]",0.649,"[0.322,0.438]",0.38,0.0,0.0,0.0,0.0,7.0,0.9586730055053323,0.2364073844047675,0.05432726071902955,0.0,0.0,0.0,0.0,8.0,0.9846662449920651,0.2580858782374986,0.053351574913783915,1.170721e-15,2.231484e-21,0.004356444,0.01608620000000942,1.0,0.004039035,0.015354650000001354,0.004387594,0.01601697000000942,0.9601073021753689,3.443971e-14,5.208215e-19,0.004397147,0.016118890000009423,1.0,0.003726133,0.014470360000000014,0.004387594,0.01601697000000942,0.9210417314696902
20,40,0.4474,140.0,0.233,1680.0,137.27869463828623,24,0.9467,0.03,0.05,0.044,1000.0,1590.456,139.39230222457863,0.0074,2.443460952792061,0.8830222215594888,0.11697777844051105,7.548632170413027,0.224011177901094,0.9958887847704472,1.033919214876033,0.21439999999999998,0.44,4.01341260817504,0.3388070081154934,0.3930960081154934,0.6269736901302106,0.9787844324135067,0.05400621903525772,2.899239496183904e-05,54857696.37497772,4734989.807464267,1.0316334432099507e-05,7047.106877548616,11208113.416038461,982312.4516841632,28.784582228012162,2.522766543265143,3.772196359238824e-15,"[0.609,0.702]",0.649,"[0.322,0.438]",0.38,0.0,0.0,0.0,0.0,7.0,0.9586730055053323,0.2364073844047675,0.05432726071902955,0.0,0.0,0.0,0.0,8.0,0.9846662449920651,0.2580858782374986,0.053351574913783915,1.170721e-15,2.231484e-21,0.004480496,0.01614286000000377,1.0,0.004039035,0.015354650000001354,0.004485731,0.01596982000000377,0.9542065219241358,3.443971e-14,5.208215e-19,0.004513985,0.016135210000003772,1.0,0.003726133,0.014470360000000014,0.004485731,0.01596982000000377,0.9153810466198783
20,40,0.4474,140.0,0.238,1750.0,143.21630493509616,24,0.9467,0.03,0.05,0.044,1000.0,1656.725,145.39245589936527,0.0074,2.443460952792061,0.8830222215594888,0.11697777844051105,7.548632170413027,0.229011177901094,1.0130421103201708,1.033919214876033,0.2094,0.44,4.01341260817504,0.33090572527697915,0.3875497252769791,0.6225349189218057,0.996068445252021,0.05352862321560696,3.406626642184212e-05,48632420.69103777,4204050.516180745,1.0316334432099507e-05,7117.163860172544,11791183.296244359,1034781.932668693,30.28201737061585,2.6575182212504056,1.511507451443344e-15,"[0.609,0.702]",0.649,"[0.322,0.438]",0.38,0.0,0.0,0.0,0.0,8.0,1.0150296419354272,0.26015540501025647,0.052665922844742474,0.0,0.0,0.0,0.0,8.0,0.9846662449920651,0.2580858782374986,0.053351574913783915,1.170721e-15,2.231484e-21,0.004571648,0.016055960000001514,1.0,0.004018344,0.014631310000000012,0.004550609,0.015787740000001514,0.94089134803375,3.443971e-14,5.208215e-19,0.004613844,0.01604238000000151,1.0,0.003726133,0.014470360000000014,0.004550609,0.015787740000001514,0.9171093700600544
20,40,0.4474,140.0,0.243,1720.0,141.69435415880375,24,0.9467,0.03,0.05,0.044,1000.0,1628.324,143.72420902137102,0.0074,2.443460952792061,0.8830222215594888,0.11697777844051105,7.548632170413027,0.234011177901094,1.0301954358698941,1.033919214876033,0.2044,0.44,4.01341260817504,0.3230044424384648,0.38205344243846484,0.6181047180199039,1.0133524580905353,0.05303008240438307,3.913415426045417e-05,41608769.39265948,3620733.776837709,1.0316334432099507e-05,7191.643206528185,11710325.232626801,1033613.2314221798,30.074358374440198,2.6545167725782233,6.063006197257858e-16,"[0.609,0.702]",0.649,"[0.322,0.438]",0.38,0.0,0.0,0.0,0.0,8.0,1.0150296419354272,0.26015540501025647,0.052665922844742474,0.0,0.0,0.0,0.0,9.0,1.0626510635891206,0.2996435158318105,0.05085321662463052,1.170721e-15,2.231484e-21,0.00464929,0.01587335000000061,1.0,0.004018344,0.014631310000000012,0.00460274,0.015524090000000608,0.9472402534012605,3.443971e-14,5.208215e-19,0.004661664,0.015787610000000608,1.0,0.00335005,0.01293505,0.004602741,0.015524090000000608,0.8664110874780349
20,40,0.4474,140.0,0.248,1790.0,147.7394327570631,24,0.9467,0.03,0.05,0.044,1000.0,1694.593,149.8195118262301,0.0074,2.443460952792061,0.8830222215594888,0.11697777844051105,7.548632170413027,0.239011177901094,1.0473487614196177,1.033919214876033,0.1994,0.44,4.01341260817504,0.3151031595999505,0.3766071595999505,0.6136832730325559,1.0306364709290496,0.05250983313200928,4.419569622197702e-05,38342941.617861345,3342846.59789107,1.0316334432099507e-05,7270.877937307144,12321178.856415125,1089319.3831154632,31.64314749269209,2.7975808409455993,2.4346292596635153e-16,"[0.609,0.702]",0.649,"[0.206,0.322]",0.265,0.0,0.0,0.0,0.0,8.0,1.0150296419354272,0.26015540501025647,0.052665922844742474,0.0,0.0,0.0,0.0,22.0,1.03238443658475,0.22223180996135988,0.052879611078228014,1.170721e-15,2.231484e-21,0.004671885,0.015542920000000243,1.0,0.004018344,0.014631310000000012,0.004602609,0.015135490000000243,0.9613745549058982,8.328633e-12,5.725275e-15,0.004678313,0.015429680000000242,1.0,0.005716881,0.016043330000080496,0.004602609,0.015135490000000243,1.0573285967016905
20,40,0.4474,140.0,0.253,1760.0,146.08302434203125,24,0.9467,0.03,0.05,0.044,1000.0,1666.192,148.03325522882386,0.0074,2.443460952792061,0.8830222215594888,0.11697777844051105,7.548632170413027,0.244011177901094,1.0645020869693411,1.033919214876033,0.1944,0.44,4.01341260817504,0.3072018767614362,0.37121087676143616,0.6092707745833835,1.047920483767564,0.05196708180735549,4.925051382206519e-05,33830956.68848664,2966121.8331611236,1.0316334432099507e-05,7355.235355183235,12255234.306923464,1088819.4326019087,31.473789257557204,2.796296872258527,9.787019793477332e-17,"[0.609,0.702]",0.649,"[0.206,0.322]",0.265,0.0,0.0,0.0,0.0,9.0,1.0931151279798579,0.29230252713348637,0.050152818279664974,0.0,0.0,0.0,0.0,23.0,1.0551679707024935,0.23437301732730956,0.0520109747155929,1.170721e-15,2.231484e-21,0.004666173,0.015131370000000097,1.0,0.00371027,0.01305539,0.004576603,0.014690460000000098,0.9189501898933305,8.328633e-12,5.725275e-15,0.004691669,0.015034560000000098,1.0,0.005382923,0.01502321000000695,0.004576603,0.014690460000000098,1.0257967805403785
20,40,0.4474,140.0,0.258,1700.0,140.58595239339866,24,0.9467,0.03,0.05,0.044,1000.0,1609.3899999999999,142.52954928017215,0.0074,2.443460952792061,0.8830222215594888,0.11697777844051105,7.548632170413027,0.249011177901094,1.0816554125190647,1.033919214876033,0.18939999999999999,0.44,4.01341260817504,0.2993005939229219,0.3658645939229219,0.6048674184669909,1.0652044966060783,0.05140100341545011,5.4298211657069056e-05,29639834.368108038,2589145.168929258,1.0316334432099507e-05,7445.121571026411,11982104.205194196,1061149.8218544815,30.77233883674675,2.7252360115933683,3.9386457164885294e-17,"[0.523,0.609]",0.57,"[0.206,0.322]",0.265,0.0,0.0,0.0,0.0,11.0,1.0268268070042565,0.22436486580528003,0.05300740253995262,0.0,0.0,0.0,0.0,23.0,1.0551679707024935,0.23437301732730956,0.0520109747155929,2.105634e-13,1.469681e-17,0.004663695,0.01470800000000004,1.0,0.005534757,0.016108730000046267,0.004555844,0.01426102000000004,1.097646536097167,8.328633e-12,5.725275e-15,0.004651343,0.01456143000000004,1.0,0.005382923,0.01502321000000695,0.004555845,0.01426102000000004,1.044480727469795
20,40,0.4474,140.0,0.263,1630.0,138.7239705175546,24,0.9467,0.03,0.05,0.044,1000.0,1543.1209999999999,140.13841159945002,0.0074,2.443460952792061,0.8830222215594888,0.11697777844051105,7.548632170413027,0.254011177901094,1.0988087380687883,1.033919214876033,0.18439999999999998,0.44,4.01341260817504,0.2913993110844076,0.36056831108440757,0.600473405809456,1.0824885094445926,0.05081074015495545,5.933837668626552e-05,26005446.83180002,2337845.729265858,1.0316334432099507e-05,7540.986766549998,11636655.040185397,1056781.9073567893,29.88515920832107,2.7140183704653054,1.5868231563349807e-17,"[0.523,0.609]",0.57,"[0.206,0.322]",0.265,0.0,0.0,0.0,0.0,12.0,1.0915689103510624,0.25188199425539637,0.050605360382054765,0.0,0.0,0.0,0.0,24.0,1.0913331068164962,0.2536451993649482,0.05060080391566093,2.105634e-13,1.469681e-17,0.004606853,0.014232260000000016,1.0,0.00492071,0.013746000000000213,0.004487292,0.013811370000000016,1.0019299006671776,8.328633e-12,5.725275e-15,0.004632925,0.014125570000000016,1.0,0.004858987,0.013742320000000143,0.004487292,0.013811370000000016,1.001403016129446
20,40,0.4474,140.0,0.268,1520.0,131.17560746640112,24,0.9467,0.03,0.05,0.044,1000.0,1438.984,132.2913936681026,0.0074,2.443460952792061,0.8830222215594888,0.11697777844051105,7.548632170413027,0.259011177901094,1.1159620636185117,1.033919214876033,0.17939999999999998,0.44,4.01341260817504,0.2834980282458933,0.3553220282458933,0.5960889432340557,1.0997725222831067,0.05019540001255912,6.437057748621429e-05,22354685.264524385,2037819.3359302066,1.0316334432099507e-05,7643.331337069344,10998631.500741392,1011146.9548479855,28.246592542118957,2.596819070797139,6.4003241686911064e-18,"[0.523,0.609]",0.57,"[0.206,0.322]",0.265,0.0,0.0,0.0,0.0,12.0,1.0915689103510624,0.25188199425539637,0.050605360382054765,0.0,0.0,0.0,0.0,24.0,1.0913331068164962,0.2536451993649482,0.05060080391566093,2.105634e-13,1.469681e-17,0.004579998,0.013819180000000007,1.0,0.00492071,0.013746000000000213,0.00444529,0.013450870000000007,1.015875081149977,8.328633e-12,5.725275e-15,0.004549582,0.013682960000000006,1.0,0.004858987,0.013742320000000143,0.00444529,0.013450870000000007,1.0153408632649055
20,40,0.4474,140.0,0.273,1580.0,136.31437927442622,24,0.9467,0.03,0.05,0.044,1000.0,1495.786,137.47857535383173,0.0074,2.443460952792061,0.8830222215594888,0.11697777844051105,7.548632170413027,0.264011177901094,1.1331153891682353,1.033919214876033,0.17439999999999997,0.44,4.01341260817504,0.275596745407379,0.350125745407379,0.5917142430323771,1.117056535121621,0.04955405527130847,6.939436347649755e-05,21554863.033027057,1964343.6793046326,1.0316334432099507e-05,7752.713091003899,11596399.703540359,1065831.9508782171,29.781775792685988,2.7372606158138275,2.584486369947663e-18,"[0.523,0.609]",0.57,"[0.206,0.322]",0.265,0.0,0.0,0.0,0.0,13.0,1.143904488273432,0.2736694442907476,0.04849658273019775,0.0,0.0,0.0,0.0,25.0,1.1338717759316466,0.27631379854405197,0.04890705787408487,2.105634e-13,1.469681e-17,0.004486695,0.013424720000000001,1.0,0.004457215,0.012954960000000003,0.004351366,0.013140560000000003,1.0083419396617366,8.328633e-12,5.725275e-15,0.004460433,0.013311920000000001,1.0,0.004350348,0.012988410000000002,0.004351366,0.013140560000000003,1.0017895642713222
20,40,0.4474,140.0,0.278,1580.0,137.17929872124233,24,0.9467,0.03,0.05,0.044,1000.0,1495.786,138.24747543611016,0.0074,2.443460952792061,0.8830222215594888,0.11697777844051105,7.548632170413027,0.269011177901094,1.1502687147179587,1.033919214876033,0.16939999999999997,0.44,4.01341260817504,0.2676954625688647,0.3449794625688647,0.58734952334097,1.1343405479601354,0.04888574094978743,7.440926411612262e-05,20102147.464671683,1843578.2204103135,1.0316334432099507e-05,7869.755724462557,11771470.43607095,1087973.8612058247,30.231390969584005,2.7941252829395427,1.0448470023450294e-18,"[0.523,0.609]",0.57,"[0.206,0.322]",0.265,0.0,0.0,0.0,0.0,13.0,1.143904488273432,0.2736694442907476,0.04849658273019775,0.0,0.0,0.0,0.0,25.0,1.1338717759316466,0.27631379854405197,0.04890705787408487,2.105634e-13,1.469681e-17,0.004391682,0.013122600000000002,1.0,0.004457215,0.012954960000000003,0.004304393,0.012977190000000001,1.007213898595212,8.328633e-12,5.725275e-15,0.004408258,0.013076590000000003,1.0,0.004350348,0.012988410000000002,0.004304393,0.012977190000000001,1.0006688534052315
20,40,0.4474,140.0,0.283,1530.0,134.07885735894126,24,0.9467,0.03,0.05,0.044,1000.0,1448.451,134.97650886321304,0.0074,2.443460952792061,0.8830222215594888,0.11697777844051105,7.548632170413027,0.27401117790109397,1.167422040267682,1.033919214876033,0.16440000000000002,0.44,4.01341260817504,0.25979417973035046,0.3398831797303504,0.5829950083236994,1.1516245607986495,0.048189453168903044,7.941478806990193e-05,18239058.93603915,1688336.147682259,1.0316334432099507e-05,7995.158842376551,11580595.820399158,1079158.6283508346,29.741188393458852,2.7714860763617044,4.229071544983338e-19,"[0.523,0.609]",0.57,"[0.206,0.322]",0.265,0.0,0.0,0.0,0.0,13.0,1.143904488273432,0.2736694442907476,0.04849658273019775,0.0,0.0,0.0,0.0,26.0,1.1754295737209557,0.2984596973332685,0.04723192368952878,2.105634e-13,1.469681e-17,0.004339161,0.01297135,1.0,0.004457215,0.012954960000000003,0.004200582,0.01291829,0.9978432242259787,8.328633e-12,5.725275e-15,0.004305396,0.01293227,1.0,0.003917483,0.01303153,0.004200582,0.01291829,1.0275340305107838
20,40,0.4474,140.0,0.288,1540.0,135.71661654802858,24,0.9467,0.03,0.05,0.044,1000.0,1457.918,136.53681173735868,0.0074,2.443460952792061,0.8830222215594888,0.11697777844051105,7.548632170413027,0.279011177901094,1.1845753658174054,1.033919214876033,0.15940000000000001,0.44,4.01341260817504,0.25189289689183614,0.33483689689183616,0.5786509283599536,1.1689085736371638,0.04746414744291543,8.441042234416275e-05,17271777.104202814,1607818.2383056614,1.0316334432099507e-05,8129.709865765887,11852450.34807767,1110004.6654214244,30.439362895763754,2.850704608286637,1.713796672059722e-19,"[0.523,0.609]",0.57,"[0.206,0.322]",0.265,0.0,0.0,0.0,0.0,13.0,1.143904488273432,0.2736694442907476,0.04849658273019775,0.0,0.0,0.0,0.0,26.0,1.1754295737209557,0.2984596973332685,0.04723192368952878,2.105634e-13,1.469681e-17,0.004309553,0.01295072,1.0,0.004457215,0.012954960000000003,0.004158667,0.01303717,0.9742387387297716,8.328633e-12,5.725275e-15,0.004255714,0.01296271,1.0,0.003917483,0.01303153,0.004158667,0.01303717,1.0032271939945918
20,40,0.4474,140.0,0.293,1550.0,134.58123937355464,24,0.9467,0.03,0.05,0.044,1000.0,1467.385,135.6284025504995,0.0074,2.443460952792061,0.8830222215594888,0.11697777844051105,7.548632170413027,0.284011177901094,1.201728691367129,1.033919214876033,0.1544,0.44,4.01341260817504,0.24399161405332181,0.3298406140533218,0.5743175202388674,1.1861925864756782,0.04670873689120754,8.939563139118653e-05,16414504.569903051,1505456.556200608,1.0316334432099507e-05,8274.298252701336,12141581.14154015,1122229.8542402713,31.18190615796539,2.882101234975435,6.953507262356065e-20,"[0.523,0.609]",0.57,"[0.206,0.322]",0.265,0.0,0.0,0.0,0.0,14.0,1.2221889111011044,0.30554728890877325,0.045076307148071704,0.0,0.0,0.0,0.0,26.0,1.1754295737209557,0.2984596973332685,0.04723192368952878,2.105634e-13,1.469681e-17,0.004189238,0.0130566,1.0,0.003964137,0.0143163,0.004144225,0.01330477,1.1128217157809335,8.328633e-12,5.725275e-15,0.004228052,0.0131404,1.0,0.003917483,0.01303153,0.004144225,0.01330477,0.9678247190391853
20,40,0.4474,140.0,0.298,1540.0,136.55680135075806,24,0.9467,0.03,0.05,0.044,1000.0,1457.918,137.28556010943026,0.0074,2.443460952792061,0.8830222215594888,0.11697777844051105,7.548632170413027,0.289011177901094,1.2188820169168526,1.033919214876033,0.1494,0.44,4.01341260817504,0.2360903312148075,0.3248943312148075,0.5699950273597196,1.2034765993141925,0.045922090367152696,9.436985618184155e-05,15448979.780055333,1447038.353938215,1.0316334432099507e-05,8429.932574998702,12290150.439876957,1157308.0152434285,31.56346057535863,2.972188671845762,2.8247998767704005e-20,"[0.523,0.609]",0.57,"[0.206,0.322]",0.265,0.0,0.0,0.0,0.0,14.0,1.2221889111011044,0.30554728890877325,0.045076307148071704,0.0,0.0,0.0,0.0,27.0,1.226785977197814,0.3258272137580501,0.04515594645903096,2.105634e-13,1.469681e-17,0.004164432,0.01333737,1.0,0.003964137,0.0143163,0.004025177,0.01372274,1.0619070276672657,8.328633e-12,5.725275e-15,0.004111128,0.01346098,1.0,0.003568369,0.0140157,0.004025177,0.01372274,1.036289785098107
20,40,0.4474,140.0,0.303,1570.0,140.00210711188467,24,0.9467,0.03,0.05,0.044,1000.0,1486.319,140.66008752425785,0.0074,2.443460952792061,0.8830222215594888,0.11697777844051105,7.548632170413027,0.294011177901094,1.236035342466576,1.033919214876033,0.1444,0.44,4.01341260817504,0.22818904837629317,0.3199980483762932,0.5656836999386611,1.2207606121527068,0.04510303050029775,9.93325132459382e-05,14963066.486800855,1409428.8218123736,1.0316334432099507e-05,8597.761142831287,12779015.744051855,1209361.8348633118,32.81896032131126,3.1058728518243974,1.148999405775138e-20,"[0.523,0.609]",0.57,"[0.206,0.322]",0.265,0.0,0.0,0.0,0.0,14.0,1.2221889111011044,0.30554728890877325,0.045076307148071704,0.0,0.0,0.0,0.0,27.0,1.226785977197814,0.3258272137580501,0.04515594645903096,2.105634e-13,1.469681e-17,0.004052762,0.01376166,1.0,0.003964137,0.0143163,0.004011499,0.01430367,1.0012581346986882,8.328633e-12,5.725275e-15,0.004087627,0.01395381,1.0,0.003568369,0.0140157,0.004011499,0.01430367,0.9771039744542975
20,40,0.4474,140.0,0.308,1640.0,146.79237033927376,24,0.9467,0.03,0.05,0.044,1000.0,1552.588,147.42061826148506,0.0074,2.443460952792061,0.8830222215594888,0.11697777844051105,7.548632170413027,0.299011177901094,1.2531886680162996,1.033919214876033,0.1394,0.44,4.01341260817504,0.22028776553777887,0.3151517655377789,0.5613837952219309,1.2380446249912211,0.04425033164793878,0.0001042829936799235,14888218.540842516,1407634.7941240023,1.0316334432099507e-05,8779.09706806527,13630320.758713322,1294219.917551773,35.0052746711087,3.3238046631997333,4.679612133657991e-21,"[0.523,0.609]",0.57,"[0.206,0.322]",0.265,0.0,0.0,0.0,0.0,14.0,1.2221889111011044,0.30554728890877325,0.045076307148071704,0.0,0.0,0.0,0.0,27.0,1.226785977197814,0.3258272137580501,0.04515594645903096,2.105634e-13,1.469681e-17,0.004033586,0.01435008,1.0,0.003964137,0.0143163,0.00391355,0.01502742,0.9359580265793107,8.328633e-12,5.725275e-15,0.003985586,0.01458888,1.0,0.003568369,0.0140157,0.00391355,0.01502742,0.9133791536867338
20,40,0.4474,140.0,0.313,1700.0,153.0916065497658,24,0.9467,0.03,0.05,0.044,1000.0,1609.3899999999999,153.64320220878676,0.0074,2.443460952792061,0.8830222215594888,0.11697777844051105,7.548632170413027,0.304011177901094,1.270341993566023,1.033919214876033,0.1344,0.44,4.01341260817504,0.21238648269926455,0.31035548269926455,0.5570955777057152,1.2553286378297355,0.04336271775202619,0.00010922066212162816,14735215.560291905,1401672.5734484466,1.0316334432099507e-05,8975.448922243759,14444997.740969881,1379016.713674935,37.09752121738975,3.5415790789356034,1.908393163425008e-21,"[0.523,0.609]",0.57,"[0.206,0.322]",0.265,0.0,0.0,0.0,0.0,14.0,1.2221889111011044,0.30554728890877325,0.045076307148071704,0.0,0.0,0.0,0.0,28.0,1.3005339201236623,0.3651270459635214,0.04220747643944703,2.105634e-13,1.469681e-17,0.004040561,0.01507175,1.0,0.003964137,0.0143163,0.003904141,0.01589324,0.8677211214208997,8.328633e-12,5.725275e-15,0.003967754,0.01537752,1.0,0.003370197,0.01646824,0.003904141,0.01589324,1.06258366065134
20,40,0.4474,140.0,0.318,1810.0,163.03833905004913,24,0.9467,0.03,0.05,0.044,1000.0,1713.527,163.6212615087451,0.0074,2.443460952792061,0.8830222215594888,0.11697777844051105,7.548632170413027,0.309011177901094,1.2874953191157468,1.033919214876033,0.1294,0.44,4.01341260817504,0.20448519986075023,0.30560919986075025,0.5528193193628007,1.27261265066825,0.04243886009719599,0.00011414485569189313,15011863.562430343,1428345.921169959,1.0316334432099507e-05,9188.55850246445,15744843.0850524,1503443.5336201391,40.435773053501755,3.861130987194996,7.792991736419448e-22,"[0.523,0.609]",0.57,"[0.145,0.206]",0.16,0.0,0.0,0.0,0.0,14.0,1.2221889111011044,0.30554728890877325,0.045076307148071704,0.0,0.0,0.0,0.0,25.0,1.2655656879272175,0.2905388226018533,0.04155882193297453,2.105634e-13,1.469681e-17,0.003925063,0.01594163,1.0,0.003964137,0.0143163,0.00390685,0.01687657,0.8001101154930665,5.512642e-10,5.581626e-12,0.003962572,0.01629159,1.0,0.00418298,0.01716883,0.00390685,0.01687657,1.039927086423176
20,40,0.4474,140.0,0.323,1870.0,170.72931795127977,24,0.9467,0.03,0.05,0.044,1000.0,1770.329,171.08853728240467,0.0074,2.443460952792061,0.8830222215594888,0.11697777844051105,7.548632170413027,0.314011177901094,1.3046486446654704,1.033919214876033,0.1244,0.44,4.01341260817504,0.19658391702223593,0.30091291702223594,0.548555299876171,1.2898966635067644,0.0414773749655881,0.00011905488290303522,14869856.29511603,1434038.7709282872,1.0316334432099507e-05,9420.447704970025,16677291.76509188,1611730.6183887077,42.83047987950428,4.139232963865955,3.18661665280776e-22,"[0.523,0.609]",0.57,"[0.145,0.206]",0.16,0.0,0.0,0.0,0.0,15.0,1.300375554108193,0.33658995503014466,0.0413561192447112,0.0,0.0,0.0,0.0,26.0,1.2966460567587421,0.30710136294540186,0.04000595966120762,2.105634e-13,1.469681e-17,0.003923183,0.01692383,1.0,0.003759748,0.01810481,0.003924235,0.01796172,1.0103970667109714,5.512642e-10,5.581626e-12,0.003972935,0.01731648,1.0,0.004020306,0.01923485,0.003924235,0.01796172,1.1105223627243295
20,40,0.4474,140.0,0.328,2010.0,184.09101008410886,24,0.9467,0.03,0.05,0.044,1000.0,1902.867,184.41595819257907,0.0074,2.443460952792061,0.8830222215594888,0.11697777844051105,7.548632170413027,0.319011177901094,1.3218019702151937,1.033919214876033,0.11939999999999999,0.44,4.01341260817504,0.18868263418372164,0.2962666341837217,0.5443038068796889,1.3071806763452787,0.04047682118397895,0.00012395002253426295,15351889.100899508,1485203.522518291,1.0316334432099507e-05,9673.477176227423,18407340.493896347,1783943.5625080243,47.27357641540118,4.581508792698763,1.3048362050887047e-22,"[0.523,0.609]",0.57,"[0.145,0.206]",0.16,0.0,0.0,0.0,0.0,15.0,1.300375554108193,0.33658995503014466,0.0413561192447112,0.0,0.0,0.0,0.0,26.0,1.2966460567587421,0.30710136294540186,0.04000595966120762,2.105634e-13,1.469681e-17,0.003933758,0.01800666,1.0,0.003759748,0.01810481,0.003822851,0.01916957,0.9243556653829937,5.512642e-10,5.581626e-12,0.003864672,0.01847104,1.0,0.004020306,0.01923485,0.003822851,0.01916957,1.0159546888435118
20,40,0.4474,140.0,0.333,2220.0,203.81854678125248,24,0.9467,0.03,0.05,0.044,1000.0,2101.674,204.12544932750117,0.0074,2.443460952792061,0.8830222215594888,0.11697777844051105,7.548632170413027,0.324011177901094,1.3389552957649173,1.033919214876033,0.11439999999999999,0.44,4.01341260817504,0.18078135134520731,0.29167035134520736,0.5400651362060018,1.324464689183793,0.03943569755862842,0.00012882952247432504,16313605.450325651,1582079.502172123,1.0316334432099507e-05,9950.420344760623,20912539.72765444,2031134.0238717713,53.707407932351586,5.216341248170109,5.350502248290531e-23,"[0.523,0.609]",0.57,"[0.145,0.206]",0.16,0.0,0.0,0.0,0.0,15.0,1.300375554108193,0.33658995503014466,0.0413561192447112,0.0,0.0,0.0,0.0,27.0,1.3472562604846838,0.334071234041523,0.03755453165650409,2.105634e-13,1.469681e-17,0.003836769,0.01920492,1.0,0.003759748,0.01810481,0.003825255,0.02043525,0.8448313724691695,5.512642e-10,5.581626e-12,0.003860834,0.01969836,1.0,0.003823222,0.02260939,0.003825255,0.02043525,1.1621627767659568
20,40,0.4474,140.0,0.338,2250.0,209.3048016649403,24,0.9467,0.03,0.05,0.044,1000.0,2130.075,209.3304063665023,0.0074,2.443460952792061,0.8830222215594888,0.11697777844051105,7.548632170413027,0.329011177901094,1.356108621314641,1.033919214876033,0.10939999999999998,0.44,4.01341260817504,0.172880068506693,0.28712406850669303,0.5358395921418023,1.3417487020223073,0.03835244019312142,0.0001336925985318733,15932632.197975973,1565567.6078062055,1.0316334432099507e-05,10254.557754466789,21842977.10884584,2146590.7418513,56.096949357636916,5.512856216309396,2.1971402229080518e-23,"[0.523,0.609]",0.57,"[0.145,0.206]",0.16,0.0,0.0,0.0,0.0,16.0,1.3545000021212128,0.3576436648057323,0.038609848971514905,0.0,0.0,0.0,0.0,27.0,1.3472562604846838,0.334071234041523,0.03755453165650409,2.105634e-13,1.469681e-17,0.003835577,0.02046414,1.0,0.003758429,0.02142648,0.003827276,0.02175785,0.9780287709930907,5.512642e-10,5.581626e-12,0.003857378,0.02099562,1.0,0.003823222,0.02260939,0.003827276,0.02175785,1.0614194421294476
20,40,0.4474,140.0,0.343,2340.0,220.00681809196396,24,0.9467,0.03,0.05,0.044,1000.0,2215.278,219.7926017974657,0.0074,2.443460952792061,0.8830222215594888,0.11697777844051105,7.548632170413027,0.334011177901094,1.3732619468643643,1.033919214876033,0.10439999999999998,0.44,4.01341260817504,0.16497878566817867,0.2826277856681787,0.531627487690562,1.3590327148608217,0.03722541968437405,0.00013853843321424408,15990349.74341136,1588056.2020773855,1.0316334432099507e-05,10589.798505482973,23459347.653629307,2327559.3660310167,60.24809854128797,5.977618308735871,9.035630823605754e-24,"[0.523,0.609]",0.57,"[0.145,0.206]",0.16,0.0,0.0,0.0,0.0,16.0,1.3545000021212128,0.3576436648057323,0.038609848971514905,0.0,0.0,0.0,0.0,27.0,1.3472562604846838,0.334071234041523,0.03755453165650409,2.105634e-13,1.469681e-17,0.003833894,0.02177982,1.0,0.003758429,0.02142648,0.003826258,0.02311773,0.8932265055203997,5.512642e-10,5.581626e-12,0.003851555,0.02234477,1.0,0.003823222,0.02260939,0.003826258,0.02311773,0.9693865940385475
20,40,0.4474,140.0,0.348,2450.0,233.12764742099705,24,0.9467,0.03,0.05,0.044,1000.0,2319.415,232.61899751103462,0.0074,2.443460952792061,0.8830222215594888,0.11697777844051105,7.548632170413027,0.339011177901094,1.3904152724140877,1.033919214876033,0.09940000000000003,0.44,4.01341260817504,0.15707750282966446,0.2781815028296645,0.5274291448428542,1.3763167276993356,0.03605293819187658,0.0001433661744756148,16178258.285007877,1626099.3799527641,1.0316334432099507e-05,10960.83834753205,25422732.875841048,2549699.228283411,65.29044788914042,6.548116027109548,3.721431268066775e-24,"[0.523,0.609]",0.57,"[0.145,0.206]",0.16,0.0,0.0,0.0,0.0,16.0,1.3545000021212128,0.3576436648057323,0.038609848971514905,0.0,0.0,0.0,0.0,27.0,1.3472562604846838,0.334071234041523,0.03755453165650409,2.105634e-13,1.469681e-17,0.003829181,0.02313286,1.0,0.003758429,0.02142648,0.003819549,0.02449291,0.8162117525620033,5.512642e-10,5.581626e-12,0.00384052,0.02372549,1.0,0.003823222,0.02260939,0.003819549,0.02449291,0.8858052531360354
20,40,0.4474,140.0,0.353,2570.0,248.16426015316625,24,0.9467,0.03,0.05,0.044,1000.0,2433.019,247.2647434363849,0.0074,2.443460952792061,0.8830222215594888,0.11697777844051105,7.548632170413027,0.344011177901094,1.407568597963811,1.033919214876033,0.09440000000000003,0.44,4.01341260817504,0.14917621999115013,0.27378521999115013,0.5232448948543599,1.3936007405378499,0.034833226375163076,0.00014817493443577766,16419909.408190254,1674805.938657096,1.0316334432099507e-05,11373.368015137976,27671620.47482298,2812232.924270678,71.06602203008558,7.222352848174877,1.5350631375094704e-24,"[0.523,0.609]",0.57,"[0.145,0.206]",0.16,0.0,0.0,0.0,0.0,17.0,1.427556771119658,0.38553090206391893,0.03468868117797489,0.0,0.0,0.0,0.0,28.0,1.4283397669797728,0.37728014365263246,0.03386593490082457,2.105634e-13,1.469681e-17,0.003818918,0.02450188,1.0,0.003762402,0.02584233,0.003804624,0.02585908,1.0035619854431586,5.512642e-10,5.581626e-12,0.003821452,0.02511488,1.0,0.003758412,0.02687989,0.003804624,0.02585908,1.069627402414367
20,40,0.4474,140.0,0.358,2640.0,258.6290780649734,24,0.9467,0.03,0.05,0.044,1000.0,2499.288,257.3349896725984,0.0074,2.443460952792061,0.8830222215594888,0.11697777844051105,7.548632170413027,0.349011177901094,1.4247219235135347,1.033919214876033,0.08940000000000002,0.44,4.01341260817504,0.1412749371526358,0.2694389371526358,0.5190750785316472,1.4108847533763642,0.03356444019443417,0.00015296378807108904,16339082.80853028,1690786.305218703,1.0316334432099507e-05,11834.351474366078,29577452.627665445,3045392.7144378945,75.96056407119148,7.821151852361477,6.341933364662708e-25,"[0.428,0.523]",0.475,"[0.100,0.145]",0.12,0.0,0.0,0.0,0.0,38.0,1.4257460545533907,0.3467838293088795,0.030004382068882084,0.0,0.0,0.0,0.0,21.0,1.4035937444420437,0.3427773803109775,0.0323839011215897,2.48078e-11,4.147426e-14,0.003800708,0.02586314,1.0,0.003501549,0.02983127,0.00377938,0.0271897,1.2298879301943897,2.094834e-09,3.932807e-11,0.003791896,0.02648743,1.0,0.003652916,0.02790839,0.00377938,0.0271897,1.064504436665287
20,40,0.4874,140.0,0.0525,2.2,1.012027667961609,25,0.9557,0.03,0.05,0.0457,1000.0,2.1025400000000003,0.9694440999435966,0.0074,2.443460952792061,0.8830222215594888,0.11697777844051105,7.548632170413027,0.041822389226030994,0.25409024807297165,1.0310710069444444,0.4349,0.48,4.01341260817504,0.7486977995589698,0.7514540495589698,0.8668644931931229,0.23017708797003034,0.061908605328541144,-0.00016272773249875977,-12920.600365497165,-6219.1468683392495,8.668586571416946e-06,7194.398246369361,15126.51008892144,6974.566932587335,0.03884777547435915,0.01791202389945068,2.2506652718617468e-07,"[0.702,0.878]",0.756,"[0.650,1.050]",0.8,0.0,0.0,0.0,0.0,0.0,0.28314891144977367,-0.013781295629553214,0.06210299534344242,0.0,0.0,0.0,0.0,0.0,0.2796507721633755,0.10620285867459446,0.061311635701136485,0.0,0.0,0.0,2.2506652718617468e-07,1.0,0.0,0.0,1.139481e-06,1.0570656527186176e-05,0.0,0.0,0.0,9.631558e-07,8.933559527186176e-06,1.0,5.978881e-06,7.046132048762864e-05,1.139481e-06,1.0570656527186176e-05,6.714741274640546
20,40,0.4874,140.0,0.0575,2.0,1.8055470087943728,25,0.9557,0.03,0.05,0.0457,1000.0,1.9114,1.7266041000422154,0.0074,2.443460952792061,0.8830222215594888,0.11697777844051105,7.548632170413027,0.046822389226031,0.2719499913999428,1.0310710069444444,0.4299,0.48,4.01341260817504,0.7400900989432079,0.7433963489432078,0.8622043545141765,0.24816751858579222,0.06186316022156624,-0.00015821739793860253,-12080.845879804781,-11411.810788943889,8.668586571416946e-06,7200.380884263747,13762.808022181727,12432.207156635379,0.03534552734235786,0.03192828943573784,2.884840926030023e-07,"[0.702,0.878]",0.756,"[0.650,1.050]",0.8,0.0,0.0,0.0,0.0,0.0,0.28314891144977367,-0.013781295629553214,0.06210299534344242,0.0,0.0,0.0,0.0,0.0,0.2796507721633755,0.10620285867459446,0.061311635701136485,0.0,0.0,1.714631e-06,1.5781064092603004e-05,1.0,0.0,0.0,2.649309e-06,2.4730404092603002e-05,0.0,0.0,0.0,2.456563e-06,2.2854324092603003e-05,1.0,5.978881e-06,7.046132048762864e-05,2.649309e-06,2.4730404092603002e-05,2.8681643696278853
20,40,0.4874,140.0,0.0625,1.8,0.8100617265369201,25,0.9557,0.03,0.05,0.0457,1000.0,1.7202600000000001,0.7760569996261022,0.0074,2.443460952792061,0.8830222215594888,0.11697777844051105,7.548632170413027,0.051822389226030996,0.28980973472691374,1.0310710069444444,0.4249,0.48,4.01341260817504,0.731482398327446,0.735388648327446,0.8575480443260576,0.266157949201554,0.061812771410431566,-0.00015370669038575812,-11191.835538730675,-5270.178705324445,8.668586571416946e-06,7207.0246618996625,12397.956244879515,5593.061935345176,0.031840326533398695,0.014364054431670072,3.5799661661512614e-07,"[0.702,0.878]",0.756,"[0.650,1.050]",0.8,0.0,0.0,0.0,0.0,0.0,0.28314891144977367,-0.013781295629553214,0.06210299534344242,0.0,0.0,0.0,0.0,0.0,0.2796507721633755,0.10620285867459446,0.061311635701136485,0.0,0.0,3.143349e-06,2.9167646616615124e-05,1.0,0.0,0.0,3.569412e-06,3.3678586616615125e-05,0.0,0.0,0.0,3.469638e-06,3.2607556616615126e-05,1.0,5.978881e-06,7.046132048762864e-05,3.569412e-06,3.3678586616615125e-05,2.1046212223261316
20,40,0.4874,140.0,0.0675,2.4,1.1130139257511331,25,0.9557,0.03,0.05,0.0457,1000.0,2.2936799999999997,1.066141384442921,0.0074,2.443460952792061,0.8830222215594888,0.11697777844051105,7.548632170413027,0.056822389226031,0.307669478053885,1.0310710069444444,0.4199,0.48,4.01341260817504,0.7228746977116841,0.7274309477116842,0.8528956253327157,0.284148379817316,0.061757284556338374,-0.0001491956566602264,-15373.637888290246,-7460.0960287059615,8.668586571416946e-06,7214.35320830236,16547.417666818954,7691.520517359708,0.042496938317043244,0.019753298041539323,4.330938783819396e-07,"[0.702,0.878]",0.756,"[0.650,1.050]",0.8,0.0,0.0,0.0,0.0,0.0,0.28314891144977367,-0.013781295629553214,0.06210299534344242,0.0,0.0,0.0,0.0,0.0,0.2796507721633755,0.10620285867459446,0.061311635701136485,0.0,0.0,4.063916e-06,3.8058083878381936e-05,1.0,0.0,0.0,4.605305e-06,4.374598387838194e-05,0.0,0.0,0.0,4.46526e-06,4.2255733878381934e-05,1.0,5.978881e-06,7.046132048762864e-05,4.605305e-06,4.374598387838194e-05,1.6189061340760524
20,40,0.4874,140.0,0.0725,2.8,1.0194115950799647,25,0.9557,0.03,0.05,0.0457,1000.0,2.67596,0.9778661972762847,0.0074,2.443460952792061,0.8830222215594888,0.11697777844051105,7.548632170413027,0.06182238922603099,0.32552922138085616,1.0310710069444444,0.4149,0.48,4.01341260817504,0.7142669970959222,0.7195232470959222,0.8482471615607813,0.3021388104330779,0.06169654042929589,-0.00014468434579576768,-18495.15913613287,-7045.762894894912,8.668586571416946e-06,7222.391292809678,19326.830203906986,7062.532308741149,0.04963500212400783,0.018137935835664153,5.133226038288062e-07,"[0.702,0.878]",0.756,"[0.650,1.050]",0.8,0.0,0.0,0.0,0.0,0.0,0.28314891144977367,-0.013781295629553214,0.06210299534344242,0.0,0.0,0.0,0.0,0.0,0.2796507721633755,0.10620285867459446,0.061311635701136485,0.0,0.0,5.22495e-06,4.917276260382881e-05,1.0,0.0,0.0,5.916877e-06,5.6335122603828804e-05,0.0,0.0,0.0,5.72188e-06,5.429265260382881e-05,1.0,5.978881e-06,7.046132048762864e-05,5.916877e-06,5.6335122603828804e-05,1.2558829735745485
20,40,0.4874,140.0,0.0775,3.0,1.0222524152031294,25,0.9557,0.03,0.05,0.0457,1000.0,2.8670999999999998,0.9811033596950736,0.0074,2.443460952792061,0.8830222215594888,0.11697777844051105,7.548632170413027,0.066822389226031,0.3433889647078272,1.0310710069444444,0.4099,0.48,4.01341260817504,0.7056592964801603,0.7116655464801603,0.8436027183930599,0.3201292410488398,0.06163037473810453,-0.00014017280912922137,-20454.038253288487,-7292.801089979895,8.668586571416946e-06,7231.164894685187,20732.4728695519,7094.52017268471,0.05324496174794954,0.01822008679772208,5.982488328468696e-07,"[0.702,0.878]",0.756,"[0.650,1.050]",0.8,0.0,0.0,0.0,0.0,0.0,0.28314891144977367,-0.013781295629553214,0.06210299534344242,0.0,0.0,0.0,0.0,0.0,0.2796507721633755,0.10620285867459446,0.061311635701136485,0.0,0.0,6.693496e-06,6.303529883284688e-05,1.0,0.0,0.0,7.582161e-06,7.204150883284688e-05,0.0,0.0,0.0,7.312289e-06,6.927657883284688e-05,1.0,5.978881e-06,7.046132048762864e-05,7.582161e-06,7.204150883284688e-05,0.9809566681863877
20,40,0.4874,140.0,0.0825,3.0,1.0222524152031294,25,0.9557,0.03,0.05,0.0457,1000.0,2.8670999999999998,0.9811033596950736,0.0074,2.443460952792061,0.8830222215594888,0.11697777844051105,7.548632170413027,0.071822389226031,0.36124870803479836,1.0310710069444444,0.4049,0.48,4.01341260817504,0.6970515958643985,0.7038578458643985,0.8389623626029945,0.33811967166460166,0.06155861795383566,-0.00013566110039341147,-21134.28235275647,-7535.3392552370615,8.668586571416946e-06,7240.701277892223,20759.81463384479,7103.876350288472,0.05331518063611867,0.0182441152540357,6.873975077672555e-07,"[0.702,0.878]",0.756,"[0.650,1.050]",0.8,0.0,0.0,0.0,0.0,1.0,0.38999207994004836,0.04230238207934245,0.061939898140460296,0.0,0.0,0.0,0.0,1.0,0.37949766208085395,0.1594106616900699,0.06032518509752938,0.0,0.0,8.55593e-06,8.028703750776725e-05,1.0,2.076377e-06,1.358882424969066e-05,9.70195e-06,9.159512750776725e-05,0.14825082466982115,0.0,0.0,9.330244e-06,8.789077750776725e-05,1.0,2.367941e-05,0.00024740853823631556,9.70195e-06,9.159512750776725e-05,2.7552667018324533
20,40,0.4874,140.0,0.0875,4.5,1.2414709020811914,25,0.9557,0.03,0.05,0.0457,1000.0,4.30065,1.1941293641665893,0.0074,2.443460952792061,0.8830222215594888,0.11697777844051105,7.548632170413027,0.07682238922603099,0.3791084513617692,1.0310710069444444,0.3999,0.48,4.01341260817504,0.6884438952486366,0.6961001452486366,0.834326162390127,0.3561101022803633,0.06148109512653727,-0.00013114927581378197,-32792.022474500474,-9466.090410167022,8.668586571416946e-06,7251.029071480672,31184.138176263354,8658.66673468067,0.08008684032942387,0.022237114789784355,7.800940527534061e-07,"[0.702,0.878]",0.756,"[0.650,1.050]",0.8,0.0,0.0,0.0,0.0,1.0,0.38999207994004836,0.04230238207934245,0.061939898140460296,0.0,0.0,0.0,0.0,1.0,0.37949766208085395,0.1594106616900699,0.06032518509752938,0.0,0.0,1.092356e-05,0.00010171229405275341,1.0,2.076377e-06,1.358882424969066e-05,1.240644e-05,0.00011588929405275341,0.11700337723635106,0.0,0.0,1.189652e-05,0.0001109701940527534,1.0,2.367941e-05,0.00024740853823631556,1.240644e-05,0.00011588929405275341,2.174527595507427
20,40,0.4874,140.0,0.0925,7.6,1.6878388550098793,25,0.9557,0.03,0.05,0.0457,1000.0,7.263319999999999,1.6291013049995946,0.0074,2.443460952792061,0.8830222215594888,0.11697777844051105,7.548632170413027,0.081822389226031,0.39696819468874034,1.0310710069444444,0.3949,0.48,4.01341260817504,0.6798361946328746,0.6883924446328746,0.8296941874165894,0.3741005328961253,0.06139762569488322,-0.00012663739420891445,-57355.25470476483,-13328.12369958783,8.668586571416946e-06,7262.178356084061,52747.52529731248,11830.824237036355,0.13546574904140252,0.03038382290000942,8.749979350216486e-07,"[0.702,0.878]",0.756,"[0.650,1.050]",0.8,0.0,0.0,0.0,0.0,1.0,0.38999207994004836,0.04230238207934245,0.061939898140460296,0.0,0.0,0.0,0.0,1.0,0.37949766208085395,0.1594106616900699,0.06032518509752938,0.0,0.0,1.39398e-05,0.00012826799793502164,1.0,2.076377e-06,1.358882424969066e-05,1.586365e-05,0.00014601499793502165,0.09271470099875785,0.0,0.0,1.516659e-05,0.00013953269793502164,1.0,2.367941e-05,0.00024740853823631556,1.586365e-05,0.00014601499793502165,1.7231184312206482
20,40,0.4874,140.0,0.0975,2.8,1.0194115950799647,25,0.9557,0.03,0.05,0.0457,1000.0,2.67596,0.9778661972762847,0.0074,2.443460952792061,0.8830222215594888,0.11697777844051105,7.548632170413027,0.086822389226031,0.4148279380157115,1.0310710069444444,0.38989999999999997,0.48,4.01341260817504,0.6712284940171127,0.6807347440171128,0.8250665088446584,0.3920909635118872,0.06130802328847083,-0.00012212551709508393,-21911.55512501587,-8347.244861909374,8.668586571416946e-06,7274.180757075735,19465.41673870438,7113.175475221974,0.04999091889237873,0.018267997188163337,9.687414911258655e-07,"[0.702,0.878]",0.756,"[0.650,1.050]",0.8,0.0,0.0,0.0,0.0,1.0,0.38999207994004836,0.04230238207934245,0.061939898140460296,0.0,0.0,0.0,0.0,1.0,0.37949766208085395,0.1594106616900699,0.06032518509752938,0.0,0.0,1.778916e-05,0.00016111854149112586,1.0,2.076377e-06,1.358882424969066e-05,2.029008e-05,0.00018329974149112587,0.07372576713302612,0.0,0.0,1.934035e-05,0.00017481614149112586,1.0,2.367941e-05,0.00024740853823631556,2.029008e-05,0.00018329974149112587,1.3702058771078904
20,40,0.4874,140.0,0.103,6.3,1.5647523768666702,25,0.9557,0.03,0.05,0.0457,1000.0,6.02091,1.507329887407386,0.0074,2.443460952792061,0.8830222215594888,0.11697777844051105,7.548632170413027,0.09232238922603099,0.43447365567537966,1.0310710069444444,0.3844,0.48,4.01341260817504,0.6617600233397747,0.6723690233397747,0.8199811115750013,0.4118804371892253,0.0612021472596178,-0.00011716253431267855,-51389.380020849014,-13355.398857203989,8.668586571416946e-06,7288.4085076849,43882.85166800509,10986.035975267714,0.11269956908446567,0.028214244819960533,1.0592418655498784e-06,"[0.702,0.878]",0.756,"[0.650,1.050]",0.8,0.0,0.0,0.0,0.0,1.0,0.38999207994004836,0.04230238207934245,0.061939898140460296,0.0,0.0,0.0,0.0,1.0,0.37949766208085395,0.1594106616900699,0.06032518509752938,0.0,0.0,2.32704e-05,0.00020621604186554988,1.0,2.076377e-06,1.358882424969066e-05,2.661275e-05,0.0002345108418655499,0.05750360545252032,0.0,0.0,2.528323e-05,0.0002231862418655499,1.0,2.367941e-05,0.00024740853823631556,2.661275e-05,0.0002345108418655499,1.068714252966263
20,40,0.4874,140.0,0.108,8.7,1.9022223848729383,25,0.9557,0.03,0.05,0.0457,1000.0,8.314589999999999,1.8365939952317223,0.0074,2.443460952792061,0.8830222215594888,0.11697777844051105,7.548632170413027,0.097322389226031,0.4523333990023507,1.0310710069444444,0.3794,0.48,4.01341260817504,0.6531523227240128,0.6648163227240128,0.8153626939736774,0.4298708678049872,0.061099031954128497,-0.00011265087948849397,-73808.47835146499,-16885.99674951698,8.668586571416946e-06,7302.312844943535,60715.737357439066,13411.383922326771,0.15592964396655043,0.03444300293671569,1.1029004755130252e-06,"[0.702,0.878]",0.756,"[0.650,1.050]",0.8,0.0,0.0,0.0,0.0,1.0,0.38999207994004836,0.04230238207934245,0.061939898140460296,0.0,0.0,0.0,0.0,1.0,0.37949766208085395,0.1594106616900699,0.06032518509752938,0.0,0.0,2.972014e-05,0.00025721650047551303,1.0,2.076377e-06,1.358882424969066e-05,3.407292e-05,0.000292453400475513,0.04601358545537696,0.0,0.0,3.227449e-05,0.00027781710047551303,1.0,2.367941e-05,0.00024740853823631556,3.407292e-05,0.000292453400475513,0.8551702840067256
20,40,0.4874,140.0,0.113,18.4,2.818297358070415,25,0.9557,0.03,0.05,0.0457,1000.0,17.58488,2.749428956021242,0.0074,2.443460952792061,0.8830222215594888,0.11697777844051105,7.548632170413027,0.102322389226031,0.47019314232932186,1.0310710069444444,0.3744,0.48,4.01341260817504,0.6445446221082509,0.657313622108251,0.8107488033344551,0.44786129842074907,0.0609891667446316,-0.00010813943819959338,-162613.0142043416,-26061.697794921707,8.668586571416946e-06,7317.179284893806,128671.71966334338,20118.064602285835,0.3304536238694078,0.05166704362433534,1.0549464805280692e-06,"[0.702,0.878]",0.756,"[0.438,0.650]",0.5,0.0,0.0,0.0,0.0,2.0,0.46415905926452045,0.07941804312876821,0.06147894848603259,0.0,0.0,0.0,0.0,0.0,0.4683968072585769,0.046916294473770895,0.0618669208792796,0.0,0.0,3.797309e-05,0.0003198592464805281,1.0,4.424903e-05,0.00031575631173277196,4.364638e-05,0.00036396324648052807,0.8624769958141663,0.0,0.0,4.122325e-05,0.00034513384648052805,1.0,3.189523e-05,0.0001796867377767757,4.364638e-05,0.00036396324648052807,0.48984187719032296
20,40,0.4874,140.0,0.118,21.1,3.084809556198639,25,0.9557,0.03,0.05,0.0457,1000.0,20.16527,3.0153427866746707,0.0074,2.443460952792061,0.8830222215594888,0.11697777844051105,7.548632170413027,0.10732238922603099,0.4880528856562929,1.0310710069444444,0.3694,0.48,4.01341260817504,0.6359369214924889,0.649860921492489,0.806139517386717,0.46585172903651106,0.06087233920829424,-0.00010362828420805568,-194592.33696771393,-29768.02694142105,8.668586571416946e-06,7333.046926262317,147872.87119074972,22111.650153451945,0.37976585907772187,0.056786953201981336,8.570005427033804e-07,"[0.702,0.878]",0.756,"[0.438,0.650]",0.5,0.0,0.0,0.0,0.0,2.0,0.46415905926452045,0.07941804312876821,0.06147894848603259,0.0,0.0,0.0,0.0,0.0,0.4683968072585769,0.046916294473770895,0.0618669208792796,0.0,0.0,4.853592e-05,0.00039695470054270336,1.0,4.424903e-05,0.00031575631173277196,5.591218e-05,0.0004516680005427034,0.6933074248109812,0.0,0.0,5.266236e-05,0.00042758160054270336,1.0,3.189523e-05,0.0001796867377767757,5.591218e-05,0.0004516680005427034,0.3937623984032312
20,40,0.4874,140.0,0.123,15.8,2.6473005113781616,25,0.9557,0.03,0.05,0.0457,1000.0,15.100060000000001,2.5740440944501977,0.0074,2.443460952792061,0.8830222215594888,0.11697777844051105,7.548632170413027,0.112322389226031,0.5059126289832641,1.0310710069444444,0.3644,0.48,4.01341260817504,0.627329220876727,0.642458220876727,0.8015349155693263,0.48384215965227295,0.060748329978692825,-9.911749457593116e-05,-152345.05335919547,-26708.710936495052,8.668586571416946e-06,7349.957016085679,110984.79194031472,18919.113451718138,0.2850302054486141,0.04858790740400579,5.502354719481981e-07,"[0.702,0.878]",0.756,"[0.438,0.650]",0.5,0.0,0.0,0.0,0.0,2.0,0.46415905926452045,0.07941804312876821,0.06147894848603259,0.0,0.0,0.0,0.0,0.0,0.4683968072585769,0.046916294473770895,0.0618669208792796,0.0,0.0,6.202973e-05,0.0004913400354719482,1.0,4.424903e-05,0.00031575631173277196,7.159592e-05,0.0005590118354719482,0.5587147733550549,0.0,0.0,6.724735e-05,0.0005279578354719483,1.0,3.189523e-05,0.0001796867377767757,7.159592e-05,0.0005590117354719482,0.31732085951030603
20,40,0.4874,140.0,0.128,39.6,4.1037543784570865,25,0.9557,0.03,0.05,0.0457,1000.0,37.84572,4.097938386604884,0.0074,2.443460952792061,0.8830222215594888,0.11697777844051105,7.548632170413027,0.117322389226031,0.5237723723102352,1.0310710069444444,0.3594,0.48,4.01341260817504,0.6187215202609652,0.6351055202609651,0.796935079075432,0.5018325902680348,0.06061691249606178,-9.460714979819182e-05,-400030.23112660483,-43376.789039844,8.668586571416946e-06,7367.953099265774,278845.4899679447,30193.41783618564,0.7161286326213512,0.07754248071818692,2.822667459053785e-07,"[0.702,0.878]",0.756,"[0.438,0.650]",0.5,0.0,0.0,0.0,0.0,3.0,0.5017151082934161,0.09770533389188996,0.06114817973389429,0.0,0.0,0.0,0.0,1.0,0.5091662073542697,0.06864206090619128,0.06157812587105591,0.0,0.0,7.922705e-05,0.0006067054667459054,1.0,8.080651e-05,0.0005687852699772822,9.158557e-05,0.0006900966667459054,0.8177215523198195,0.0,0.0,8.582235e-05,0.0006508783667459054,1.0,7.43863e-05,0.0004514533702752795,9.158557e-05,0.0006900966667459054,0.6461231077833535
20,40,0.4874,140.0,0.133,44.0,4.463182721067413,25,0.9557,0.03,0.05,0.0457,1000.0,42.0508,4.4650398433040985,0.0074,2.443460952792061,0.8830222215594888,0.11697777844051105,7.548632170413027,0.122322389226031,0.5416321156372063,1.0310710069444444,0.3544,0.48,4.01341260817504,0.6101138196452033,0.6278028196452032,0.7923400908986009,0.5198230208837967,0.06047785274768061,-9.009733394101834e-05,-466726.352053084,-49537.34506716045,8.668586571416946e-06,7387.081180790675,310632.67331719253,32983.61179795225,0.7977642084716111,0.08470823328896716,1.2553233978992813e-07,"[0.702,0.878]",0.756,"[0.438,0.650]",0.5,0.0,0.0,0.0,0.0,4.0,0.5436554210803047,0.11775324071578097,0.060706721893547644,0.0,0.0,0.0,0.0,1.0,0.5091662073542697,0.06864206090619128,0.06157812587105591,0.0,0.0,0.0001010653,0.0007472066323397898,1.0,0.0001523387,0.001015680478176515,0.0001169455,0.0008494971323397899,1.1926869503482544,0.0,0.0,0.0001093679,0.0008003081323397899,1.0,7.43863e-05,0.0004514533702752795,0.0001169455,0.0008494971323397899,0.5233406828036994
20,40,0.4874,140.0,0.138,54.0,6.451356446410281,25,0.9557,0.03,0.05,0.0457,1000.0,51.6078,6.374837004391356,0.0074,2.443460952792061,0.8830222215594888,0.11697777844051105,7.548632170413027,0.127322389226031,0.5594918589641774,1.0310710069444444,0.3494,0.48,4.01341260817504,0.6015061190294413,0.6205501190294412,0.7877500358803173,0.5378134514995587,0.06033090899797844,-8.558813478563551e-05,-602978.440051967,-75376.76177391155,8.668586571416946e-06,7407.389901890118,382279.09657876485,47220.90325252398,0.9817659476728389,0.12127232497560758,5.2159494985429855e-08,"[0.702,0.878]",0.756,"[0.438,0.650]",0.5,0.0,0.0,0.0,0.0,4.0,0.5436554210803047,0.11775324071578097,0.060706721893547644,0.0,0.0,0.0,0.0,2.0,0.5476043143403302,0.08912549535760389,0.061210335835124176,0.0,0.0,0.0001286571,0.0009174201594949854,1.0,0.0001523387,0.001015680478176515,0.000148882,0.0010413991594949855,0.9698768089265789,0.0,0.0,0.0001390492,0.0009809652594949855,1.0,0.0001441336,0.0008784651159301567,0.000148882,0.0010413991594949855,0.833138325049364
20,40,0.4874,140.0,0.143,79.6,8.522957233469382,25,0.9557,0.03,0.05,0.0457,1000.0,76.07372,8.48822278023101,0.0074,2.443460952792061,0.8830222215594888,0.11697777844051105,7.548632170413027,0.13232238922603098,0.5773516022911485,1.0310710069444444,0.3444,0.48,4.01341260817504,0.5928984184136794,0.6133474184136793,0.7831650007588946,0.5558038821153206,0.06017583150791639,-8.107964397791532e-05,-938259.176627874,-105118.33569213608,8.668586571416946e-06,7428.930731542034,565146.3963707238,63058.41906823332,1.4514042027732843,0.16194609935340643,2.109551698369666e-08,"[0.702,0.878]",0.756,"[0.438,0.650]",0.5,0.0,0.0,0.0,0.0,4.0,0.5436554210803047,0.11775324071578097,0.060706721893547644,0.0,0.0,0.0,0.0,2.0,0.5476043143403302,0.08912549535760389,0.061210335835124176,0.0,0.0,0.0001632852,0.0011223460955169836,1.0,0.0001523387,0.001015680478176515,0.0001888523,0.0012724770955169836,0.7911548117428044,0.0,0.0,0.0001761955,0.0011979470955169836,1.0,0.0001441336,0.0008784651159301567,0.0001888523,0.0012724760955169837,0.6796140477331264
20,40,0.4874,140.0,0.148,87.5,9.193543930698096,25,0.9557,0.03,0.05,0.0457,1000.0,83.62375,9.170014414552279,0.0074,2.443460952792061,0.8830222215594888,0.11697777844051105,7.548632170413027,0.137322389226031,0.5952113456181195,1.0310710069444444,0.3394,0.48,4.01341260817504,0.5842907177979175,0.6061947177979176,0.7785850742198425,0.5737943127310825,0.060012362243188615,-7.657195718397487e-05,-1092093.6733938013,-120064.11052820965,8.668586571416946e-06,7451.758174913455,623143.9626794191,68332.72987771417,1.6003530628060811,0.1754915398353297,8.45820262953547e-09,"[0.702,0.878]",0.756,"[0.438,0.650]",0.5,0.0,0.0,0.0,0.0,5.0,0.5940686479407493,0.14135871866185423,0.0600809009468958,0.0,0.0,0.0,0.0,3.0,0.5833063280194741,0.10815088225413824,0.06078865473932315,0.0,0.0,0.0002063752,0.0013672674582026296,1.0,0.0003058403,0.0018734209386604098,0.0002383369,0.0015474744582026296,1.2104842516599263,0.0,0.0,0.0002222632,0.0014565574582026295,1.0,0.0002524482,0.0014887117702756122,0.0002383369,0.0015474744582026296,0.9511268411693906
20,40,0.4874,140.0,0.153,125.0,12.12497422741057,25,0.9557,0.03,0.05,0.0457,1000.0,119.4625,12.179510929482714,0.0074,2.443460952792061,0.8830222215594888,0.11697777844051105,7.548632170413027,0.142322389226031,0.6130710889450907,1.0310710069444444,0.3344,0.48,4.01341260817504,0.5756830171821556,0.5990920171821557,0.7740103469477366,0.5917847433468444,0.059840234570761826,-7.206517425200487e-05,-1657700.841494552,-168250.12016221206,8.668586571416946e-06,7475.930000508645,893093.287685764,91053.17114924276,2.293634639696831,0.23384198524581107,3.3622810279677206e-09,"[0.702,0.878]",0.756,"[0.438,0.650]",0.5,0.0,0.0,0.0,0.0,5.0,0.5940686479407493,0.14135871866185423,0.0600809009468958,0.0,0.0,0.0,0.0,3.0,0.5833063280194741,0.10815088225413824,0.06078865473932315,0.0,0.0,0.000259436,0.001657465362281028,1.0,0.0003058403,0.0018734209386604098,0.0002988638,0.001871513362281028,0.9973079909369256,0.0,0.0,0.0002787665,0.0017619893622810281,1.0,0.0002524482,0.0014887117702756122,0.0002988638,0.001871513362281028,0.7836255595990353
20,40,0.4874,140.0,0.158,166.0,15.291173922068799,25,0.9557,0.03,0.05,0.0457,1000.0,158.6462,15.43900311983014,0.0074,2.443460952792061,0.8830222215594888,0.11697777844051105,7.548632170413027,0.147322389226031,0.6309308322720617,1.0310710069444444,0.32939999999999997,0.48,4.01341260817504,0.5670753165663938,0.5920393165663937,0.7694409116796388,0.6097751739626063,0.05965917294325161,-6.755939938057159e-05,-2348247.6377021004,-226336.73570618156,8.668586571416946e-06,7501.507488012474,1190085.6572447245,115815.79751085374,3.056367935242271,0.29743715315938374,1.3241419205433692e-09,"[0.702,0.878]",0.756,"[0.438,0.650]",0.5,0.0,0.0,0.0,0.0,5.0,0.5940686479407493,0.14135871866185423,0.0600809009468958,0.0,0.0,0.0,0.0,4.0,0.6207453406835142,0.12810190539134886,0.060267250830847725,0.0,0.0,0.0003239664,0.0019978233241419205,1.0,0.0003058403,0.0018734209386604098,0.0003718616,0.0022489673241419205,0.826823046105317,0.0,0.0,0.0003471733,0.0021189003241419207,1.0,0.000427443,0.0023940437562815007,0.0003718616,0.0022489673241419205,1.0550908926003155
20,40,0.4874,140.0,0.163,186.0,16.892009946888304,25,0.9557,0.03,0.05,0.0457,1000.0,177.7602,17.080844620170506,0.0074,2.443460952792061,0.8830222215594888,0.11697777844051105,7.548632170413027,0.152322389226031,0.6487905755990329,1.0310710069444444,0.32439999999999997,0.48,4.01341260817504,0.5584676159506319,0.5850366159506318,0.7648768632601145,0.6277656045783682,0.05946889257061131,-6.305474129364516e-05,-2819140.898099525,-267894.36607506516,8.668586571416946e-06,7528.555699062318,1338277.5667764575,128594.0901099826,3.436953145893183,0.3302542563060104,5.216867684764548e-10,"[0.702,0.878]",0.756,"[0.438,0.650]",0.5,0.0,0.0,0.0,0.0,6.0,0.645299832925355,0.16482982064971397,0.05934452155669035,0.0,0.0,0.0,0.0,4.0,0.6207453406835142,0.12810190539134886,0.060267250830847725,0.0,0.0,0.0004013277,0.0023923515216867685,1.0,0.0005599265,0.003164280400230117,0.0004585137,0.0026829495216867684,1.1827281269654606,0.0,0.0,0.0004287718,0.0025309255216867683,1.0,0.000427443,0.0023940437562815007,0.0004585137,0.0026829495216867684,0.8809871770094289
20,40,0.4874,140.0,0.168,257.0,22.343791087035008,25,0.9557,0.03,0.05,0.0457,1000.0,245.6149,22.70321026746864,0.0074,2.443460952792061,0.8830222215594888,0.11697777844051105,7.548632170413027,0.157322389226031,0.6666503189260039,1.0310710069444444,0.31939999999999996,0.48,4.01341260817504,0.54985991533487,0.57808391533487,0.7603182986979006,0.64575603519413,0.0592690990785853,-5.855131342261369e-05,-4194865.76205716,-381610.4162473901,8.668586571416946e-06,7557.143773461415,1856147.112204348,171571.4241103859,4.766941339305058,0.44062828256319675,2.0568809615773846e-10,"[0.702,0.878]",0.756,"[0.438,0.650]",0.5,0.0,0.0,0.0,0.0,6.0,0.645299832925355,0.16482982064971397,0.05934452155669035,0.0,0.0,0.0,0.0,5.0,0.6702069412190109,0.1544596928026336,0.05946137766953939,0.0,0.0,0.0004926001,0.002843686205688096,1.0,0.0005599265,0.003164280400230117,0.0005596126,0.0031748352056880963,0.9954557378575158,0.0,0.0,0.0005245265,0.0030001872056880964,1.0,0.0007601467,0.004002010008110774,0.0005596126,0.0031748362056880962,1.2582838220418993
20,40,0.4874,140.0,0.173,277.0,23.960070954227124,25,0.9557,0.03,0.05,0.0457,1000.0,264.7289,24.35988105865558,0.0074,2.443460952792061,0.8830222215594888,0.11697777844051105,7.548632170413027,0.16232238922603098,0.684510062252975,1.0310710069444444,0.3144,0.48,4.01341260817504,0.5412522147191081,0.5711812147191081,0.7557653172242744,0.6637464658098919,0.059059488153354385,-5.404923409555355e-05,-4897921.39389036,-443300.8414488937,8.668586571416946e-06,7587.345253666388,2008589.562923324,184826.82793026816,5.158442753939298,0.47467069871799045,8.116856591296172e-11,"[0.702,0.878]",0.756,"[0.438,0.650]",0.5,0.0,0.0,0.0,0.0,6.0,0.645299832925355,0.16482982064971397,0.05934452155669035,0.0,0.0,0.0,0.0,5.0,0.6702069412190109,0.1544596928026336,0.05946137766953939,0.0,0.0,0.0005984461,0.0033526600811685657,1.0,0.0005599265,0.003164280400230117,0.0006754471,0.003723936081168566,0.8451297623459597,0.0,0.0,0.0006349533,0.0035269200811685656,1.0,0.0007601467,0.004002010008110774,0.0006754471,0.003723936081168566,1.0682679254010163
20,40,0.4874,140.0,0.178,348.0,29.406291846168457,25,0.9557,0.03,0.05,0.0457,1000.0,332.5836,29.9800858255514,0.0074,2.443460952792061,0.8830222215594888,0.11697777844051105,7.548632170413027,0.167322389226031,0.7023698055799461,1.0310710069444444,0.3094,0.48,4.01341260817504,0.5326445141033462,0.5643285141033463,0.751218020353177,0.6817368964256538,0.05883974517177442,-4.9548626734033e-05,-6712266.755348063,-593483.4885337082,8.668586571416946e-06,7619.238440747781,2534033.7498822836,228425.4223789589,6.507884077767106,0.5866402408122268,3.206024320691341e-11,"[0.702,0.878]",0.756,"[0.438,0.650]",0.5,0.0,0.0,0.0,0.0,7.0,0.713247622372618,0.1952099607773633,0.05822152671772059,0.0,0.0,0.0,0.0,5.0,0.6702069412190109,0.1544596928026336,0.05946137766953939,0.0,0.0,0.0007190155,0.003918048032060244,1.0,0.001028326,0.00538758800095438,0.0008057543,0.004327408032060243,1.2591147937899103,0.0,0.0,0.0007600432,0.004109275032060243,1.0,0.0007601467,0.004002010008110774,0.0008057543,0.004327408032060243,0.9153194347140516
20,40,0.4874,140.0,0.183,410.0,34.230687985070645,25,0.9557,0.03,0.05,0.0457,1000.0,391.837,34.95015542125407,0.0074,2.443460952792061,0.8830222215594888,0.11697777844051105,7.548632170413027,0.172322389226031,0.7202295489069171,1.0310710069444444,0.3044,0.48,4.01341260817504,0.5240368134875844,0.5575258134875843,0.7466765119431469,0.6997273270414157,0.058609544816583106,-4.5049620057736914e-05,-8697897.995539367,-759844.0994885105,8.668586571416946e-06,7652.906785443006,2998692.0360876312,267470.2815756029,7.70121556458681,0.6869149184862324,1.2675184360260352e-11,"[0.702,0.878]",0.756,"[0.438,0.650]",0.5,0.0,0.0,0.0,0.0,7.0,0.713247622372618,0.1952099607773633,0.05822152671772059,0.0,0.0,0.0,0.0,5.0,0.6702069412190109,0.1544596928026336,0.05946137766953939,0.0,0.0,0.0008539185,0.004536537012675185,1.0,0.001028326,0.00538758800095438,0.0009497518,0.004980421012675184,1.0891267527729183,0.0,0.0,0.0008992606,0.0047433790126751845,1.0,0.0007601467,0.004002010008110774,0.0009497518,0.004980421012675184,0.7917458269864437
20,40,0.4874,140.0,0.188,493.0,40.5941498278866,25,0.9557,0.03,0.05,0.0457,1000.0,471.1601,41.51939844290848,0.0074,2.443460952792061,0.8830222215594888,0.11697777844051105,7.548632170413027,0.177322389226031,0.7380892922338883,1.0310710069444444,0.2994,0.48,4.01341260817504,0.5154291128718225,0.5507731128718225,0.7421408982611203,0.7177177576571776,0.05836855067592103,-4.0552348297207936e-05,-11618565.133315343,-1001030.8041934416,8.668586571416946e-06,7688.439318404477,3622485.838103385,319219.3754649592,9.30323753928889,0.8198165044169887,5.015960954970317e-12,"[0.702,0.878]",0.756,"[0.438,0.650]",0.5,0.0,0.0,0.0,0.0,7.0,0.713247622372618,0.1952099607773633,0.05822152671772059,0.0,0.0,0.0,0.0,6.0,0.7268113846210884,0.18462385792412675,0.05838913449202763,0.0,0.0,0.001002276,0.005202942005015961,1.0,0.001028326,0.00538758800095438,0.001106761,0.005680847005015961,0.9504180571886717,0.0,0.0,0.001051614,0.0054235950050159605,1.0,0.001223763,0.006145195011227467,0.001106761,0.005680847005015961,1.0818504764947297
20,40,0.4874,140.0,0.193,545.0,44.67532875943473,25,0.9557,0.03,0.05,0.0457,1000.0,520.8565,45.71967840151228,0.0074,2.443460952792061,0.8830222215594888,0.11697777844051105,7.548632170413027,0.182322389226031,0.7559490355608594,1.0310710069444444,0.2944,0.48,4.01341260817504,0.5068214122560605,0.5440704122560605,0.7376112880481565,0.7357081882729396,0.05811641482648432,-3.6056951415009644e-05,-14445383.748754198,-1239021.2429561492,8.668586571416946e-06,7725.9311243033835,4024101.444645725,353227.0863553849,10.334663348562776,0.9071548203472283,1.9868669777574303e-12,"[0.702,0.878]",0.756,"[0.438,0.650]",0.5,0.0,0.0,0.0,0.0,7.0,0.713247622372618,0.1952099607773633,0.05822152671772059,0.0,0.0,0.0,0.0,6.0,0.7268113846210884,0.18462385792412675,0.05838913449202763,0.0,0.0,0.001162832,0.0059105770019868675,1.0,0.001028326,0.00538758800095438,0.001274382,0.006412979001986867,0.83786228393904,0.0,0.0,0.001215781,0.006142913001986867,1.0,0.001223763,0.006145195011227467,0.001274382,0.006412979001986867,0.9537294712157085
20,40,0.4874,140.0,0.198,631.0,49.791716176254546,25,0.9557,0.03,0.05,0.0457,1000.0,603.0467,51.21295622634361,0.0074,2.443460952792061,0.8830222215594888,0.11697777844051105,7.548632170413027,0.187322389226031,0.7738087788878305,1.0310710069444444,0.2894,0.48,4.01341260817504,0.4982137116402986,0.5374177116402986,0.7330877925871488,0.7536986188887015,0.05785277739959499,-3.156357533562566e-05,-19105779.164356705,-1577505.5787186082,8.668586571416946e-06,7765.483865093564,4682949.418747919,397693.38525941427,12.026711152001843,1.0213527936963238,7.877714710366411e-13,"[0.702,0.878]",0.756,"[0.438,0.650]",0.5,0.0,0.0,0.0,0.0,7.0,0.713247622372618,0.1952099607773633,0.05822152671772059,0.0,0.0,0.0,0.0,6.0,0.7268113846210884,0.18462385792412675,0.05838913449202763,0.0,0.0,0.001334091,0.0066516410007877716,1.0,0.001028326,0.00538758800095438,0.00145142,0.007172020000787772,0.7454414977532375,0.0,0.0,0.001390239,0.006893312000787772,1.0,0.001223763,0.006145195011227467,0.00145142,0.007172020000787772,0.8485279014255848
20,40,0.4874,140.0,0.203,695.0,56.169075117574366,25,0.9557,0.03,0.05,0.0457,1000.0,664.2115,57.58775206469133,0.0074,2.443460952792061,0.8830222215594888,0.11697777844051105,7.548632170413027,0.192322389226031,0.7916685222148017,1.0310710069444444,0.2844,0.48,4.01341260817504,0.4896060110245367,0.5308150110245368,0.7285705257725821,0.7716890495044634,0.05757726612944336,-2.707237218441774e-05,-24534661.960000146,-2074774.782754503,8.668586571416946e-06,7807.206358486123,5185636.246179605,449599.46409038047,13.317707217266523,1.1546575470284612,3.126443591257296e-13,"[0.702,0.878]",0.756,"[0.438,0.650]",0.5,0.0,0.0,0.0,0.0,8.0,0.8086693791035295,0.23654842434649603,0.05638330608495114,0.0,0.0,0.0,0.0,7.0,0.807768322392017,0.2277653198285664,0.056613385659636355,0.0,0.0,0.001514436,0.007417510000312644,1.0,0.001748413,0.008629007000000268,0.001636192,0.007948678000312645,1.1086230620406006,0.0,0.0,0.001573371,0.007665978000312644,1.0,0.001838268,0.008926403000001843,0.001636192,0.007948678000312645,1.142466940993897
20,40,0.4874,140.0,0.208,743.0,60.010374103118366,25,0.9557,0.03,0.05,0.0457,1000.0,710.0851,61.53118071593131,0.0074,2.443460952792061,0.8830222215594888,0.11697777844051105,7.548632170413027,0.197322389226031,0.8095282655417726,1.0310710069444444,0.27940000000000004,0.48,4.01341260817504,0.48099831040877483,0.5242623104087748,0.7240596041824007,0.7896794801202253,0.05728949588272345,-2.258350053597524e-05,-31442649.861514743,-2657266.264258837,8.668586571416946e-06,7851.215218551722,5575030.943586821,483094.54245237616,14.317747390899207,1.240679324428119,1.2420014915570315e-13,"[0.702,0.878]",0.756,"[0.438,0.650]",0.5,0.0,0.0,0.0,0.0,8.0,0.8086693791035295,0.23654842434649603,0.05638330608495114,0.0,0.0,0.0,0.0,7.0,0.807768322392017,0.2277653198285664,0.056613385659636355,0.0,0.0,0.001702193,0.008198837000124201,1.0,0.001748413,0.008629007000000268,0.00182696,0.008732880000124201,1.003593929495677,0.0,0.0,0.001763501,0.008451345000124202,1.0,0.001838268,0.008926403000001843,0.00182696,0.008732880000124201,1.0342314948062847
20,40,0.4874,140.0,0.213,836.0,67.267302607547,25,0.9557,0.03,0.05,0.0457,1000.0,798.9652,69.00631273632249,0.0074,2.443460952792061,0.8830222215594888,0.11697777844051105,7.548632170413027,0.202322389226031,0.8273880088687438,1.0310710069444444,0.27440000000000003,0.48,4.01341260817504,0.47239060979301295,0.5177596097930129,0.7195551471520532,0.8076699107359872,0.05698906816884746,-1.8097125672196838e-05,-44148734.69257466,-3717015.8303587288,8.668586571416946e-06,7897.6355663757795,6309935.979816537,544986.7097708303,16.20512429902934,1.3996302658861703,4.938753483493825e-14,"[0.702,0.878]",0.756,"[0.438,0.650]",0.5,0.0,0.0,0.0,0.0,8.0,0.8086693791035295,0.23654842434649603,0.05638330608495114,0.0,0.0,0.0,0.0,7.0,0.807768322392017,0.2277653198285664,0.056613385659636355,0.0,0.0,0.001895624,0.008985467000049388,1.0,0.001748413,0.008629007000000268,0.00202187,0.009513582000049387,0.9160172030412819,0.0,0.0,0.001958873,0.009238952000049388,1.0,0.001838268,0.008926403000001843,0.00202187,0.009513582000049387,0.9439812391509068
20,40,0.4874,140.0,0.218,863.0,69.56583213206558,25,0.9557,0.03,0.05,0.0457,1000.0,824.7691,71.34720107422248,0.0074,2.443460952792061,0.8830222215594888,0.11697777844051105,7.548632170413027,0.207322389226031,0.8452477521957148,1.0310710069444444,0.26940000000000003,0.48,4.01341260817504,0.46378290917725107,0.5113069091772511,0.7150572768507786,0.825660341351749,0.05667557062988902,-1.3613419850454389e-05,-60585004.28696253,-5110092.313045323,8.668586571416946e-06,7946.60181986851,6554111.631031313,566967.7978989409,16.832214144534703,1.4560819107972025,1.965799020914351e-14,"[0.702,0.878]",0.756,"[0.438,0.650]",0.5,0.0,0.0,0.0,0.0,8.0,0.8086693791035295,0.23654842434649603,0.05638330608495114,0.0,0.0,0.0,0.0,7.0,0.807768322392017,0.2277653198285664,0.056613385659636355,0.0,0.0,0.002092863,0.009766246000019657,1.0,0.001748413,0.008629007000000268,0.002218861,0.010278560000019659,0.8428208313282979,0.0,0.0,0.002159498,0.010027070000019659,1.0,0.001838268,0.008926403000001843,0.002218861,0.010278570000019659,0.8685495128917012
20,40,0.4874,140.0,0.223,933.0,75.15613747714163,25,0.9557,0.03,0.05,0.0457,1000.0,891.6681,77.08772853229763,0.0074,2.443460952792061,0.8830222215594888,0.11697777844051105,7.548632170413027,0.212322389226031,0.863107495522686,1.0310710069444444,0.2644,0.48,4.01341260817504,0.4551752085614892,0.5049042085614892,0.7105661183602052,0.8436507719675109,0.05634857650936721,-9.132562582196947e-06,-97636133.55776191,-8229468.651400353,8.668586571416946e-06,7998.258573208956,7131792.025281941,616567.5856226542,18.315808054819648,1.583463666783198,7.832321883584055e-15,"[0.702,0.878]",0.756,"[0.438,0.650]",0.5,0.0,0.0,0.0,0.0,8.0,0.8086693791035295,0.23654842434649603,0.05638330608495114,0.0,0.0,0.0,0.0,7.0,0.807768322392017,0.2277653198285664,0.056613385659636355,0.0,0.0,0.002291816,0.010528830000007832,1.0,0.001748413,0.008629007000000268,0.002415557,0.011014320000007832,0.7816452853015146,0.0,0.0,0.002359577,0.010784250000007833,1.0,0.001838268,0.008926403000001843,0.002415557,0.011014320000007832,0.8055072356126208
20,40,0.4874,140.0,0.228,1090.0,87.30120273793125,25,0.9557,0.03,0.05,0.0457,1000.0,1041.713,89.61295786362938,0.0074,2.443460952792061,0.8830222215594888,0.11697777844051105,7.548632170413027,0.217322389226031,0.880967238849657,1.0310710069444444,0.2594,0.48,4.01341260817504,0.44656750794572725,0.4985515079457272,0.7060817997553309,0.8616412025832729,0.056007644098943925,-4.65474092236165e-06,-223796129.01666543,-18755330.144913357,8.668586571416946e-06,8052.761578017932,8388666.421721794,721631.7839767745,21.543702266064482,1.8532886537802766,3.1237408481013167e-15,"[0.702,0.878]",0.756,"[0.438,0.650]",0.5,0.0,0.0,0.0,0.0,8.0,0.8086693791035295,0.23654842434649603,0.05638330608495114,0.0,0.0,0.0,0.0,7.0,0.807768322392017,0.2277653198285664,0.056613385659636355,0.0,0.0,0.002490062,0.011259600000003124,1.0,0.001748413,0.008629007000000268,0.002612639,0.011719540000003125,0.7298399039669402,0.0,0.0,0.002558277,0.011505320000003124,1.0,0.001838268,0.008926403000001843,0.002612639,0.011719540000003125,0.7521203473483696
20,40,0.4874,140.0,0.233,1060.0,85.38624010852863,25,0.9557,0.03,0.05,0.0457,1000.0,1013.042,87.58077629023022,0.0074,2.443460952792061,0.8830222215594888,0.11697777844051105,7.548632170413027,0.222322389226031,0.8988269821766282,1.0310710069444444,0.25439999999999996,0.48,4.01341260817504,0.43795980732996526,0.49224880732996523,0.7016044521879584,0.8796316331990348,0.055652316162066,-1.8014976996569744e-07,-5623332187.395492,-473973628.3026458,8.668586571416946e-06,8110.278840256712,8216053.096891341,710304.5167599109,21.100398182870354,1.824198061767181,1.2470854999790409e-15,"[0.609,0.702]",0.649,"[0.322,0.438]",0.38,0.0,0.0,0.0,0.0,6.0,0.903239362936709,0.21257032684197685,0.05582999033456351,0.0,0.0,0.0,0.0,6.0,0.8867766533066634,0.20592110759750276,0.05623683241488545,1.170721e-15,2.231484e-21,0.002688101,0.011957360000001247,1.0,0.003766407,0.014944670000147334,0.002800311,0.012353130000001248,1.2088635843294764,3.443971e-14,5.208215e-19,0.002752629,0.012175120000001247,1.0,0.003617472,0.014544680000539253,0.002800311,0.012353130000001248,1.1675437161846227
20,40,0.4874,140.0,0.238,1110.0,89.59207554243305,25,0.9557,0.03,0.05,0.0457,1000.0,1060.827,91.8706331369472,0.0074,2.443460952792061,0.8830222215594888,0.11697777844051105,7.548632170413027,0.22732238922603099,0.9166867255035993,1.0310710069444444,0.24939999999999998,0.48,4.01341260817504,0.42935210671420343,0.4859961067142034,0.697134209972659,0.8976220638147967,0.0552821193335412,4.291007819739119e-06,247220943.08942443,20879028.728472464,8.668586571416946e-06,8170.991849093082,8668008.770297866,750674.1945330164,22.2611069267675,1.9278751273218075,4.983772762015757e-16,"[0.609,0.702]",0.649,"[0.322,0.438]",0.38,0.0,0.0,0.0,0.0,6.0,0.903239362936709,0.21257032684197685,0.05582999033456351,0.0,0.0,0.0,0.0,6.0,0.8867766533066634,0.20592110759750276,0.05623683241488545,1.170721e-15,2.231484e-21,0.002876452,0.012581010000000498,1.0,0.003766407,0.014944670000147334,0.002978377,0.012912270000000498,1.1482809769582054,3.443971e-14,5.208215e-19,0.002939282,0.012778010000000497,1.0,0.003617472,0.014544680000539253,0.002978377,0.012912270000000498,1.109031867979979
20,40,0.4874,140.0,0.243,1120.0,90.69531409894354,25,0.9557,0.03,0.05,0.0457,1000.0,1070.384,92.96209459662805,0.0074,2.443460952792061,0.8830222215594888,0.11697777844051105,7.548632170413027,0.232322389226031,0.9345464688305705,1.0310710069444444,0.24439999999999998,0.48,4.01341260817504,0.4207444060984415,0.4797934060984415,0.6926712106753402,0.9156124944305586,0.054896563493992336,8.758520311160366e-06,122210597.44944417,10355095.481525216,8.668586571416946e-06,8235.09695663485,8814716.020830639,765551.8622950927,22.6378792487145,1.9660838280337152,1.9937252604396337e-16,"[0.609,0.702]",0.649,"[0.322,0.438]",0.38,0.0,0.0,0.0,0.0,6.0,0.903239362936709,0.21257032684197685,0.05582999033456351,0.0,0.0,0.0,0.0,7.0,0.9309560521906091,0.22946404173497958,0.05497774286834673,1.170721e-15,2.231484e-21,0.003054653,0.0131277900000002,1.0,0.003766407,0.014944670000147334,0.003143161,0.0133824100000002,1.0996751462118848,3.443971e-14,5.208215e-19,0.00311462,0.0132987500000002,1.0,0.003783223,0.014956040000004656,0.003143161,0.0133824200000002,1.117823327874408
20,40,0.4874,140.0,0.248,1160.0,94.09149802024318,25,0.9557,0.03,0.05,0.0457,1000.0,1108.612,96.42214439542863,0.0074,2.443460952792061,0.8830222215594888,0.11697777844051105,7.548632170413027,0.237322389226031,0.9524062121575414,1.0310710069444444,0.23939999999999997,0.48,4.01341260817504,0.4121367054826796,0.4736407054826796,0.6882155952044967,0.9336029250463205,0.054495141118088467,1.3222167351912997e-05,83844952.98644097,7116193.246989111,8.668586571416946e-06,8302.806930588624,9204591.396933716,800574.4487485819,23.6391538973148,2.0560285388148847,7.984028470625514e-17,"[0.609,0.702]",0.649,"[0.322,0.438]",0.38,0.0,0.0,0.0,0.0,7.0,0.9586730055053323,0.2364073844047675,0.05432726071902955,0.0,0.0,0.0,0.0,7.0,0.9309560521906091,0.22946404173497958,0.05497774286834673,1.170721e-15,2.231484e-21,0.003219066,0.01358359000000008,1.0,0.004039035,0.015354650000001354,0.003291109,0.01375136000000008,1.1225318706088894,3.443971e-14,5.208215e-19,0.003281522,0.01374289000000008,1.0,0.003783223,0.014956040000004656,0.003291109,0.01375136000000008,1.0793313860579694
20,40,0.4874,140.0,0.253,1230.0,99.82735096241007,25,0.9557,0.03,0.05,0.0457,1000.0,1175.511,102.29234523781471,0.0074,2.443460952792061,0.8830222215594888,0.11697777844051105,7.548632170413027,0.242322389226031,0.9702659554845126,1.0310710069444444,0.23439999999999997,0.48,4.01341260817504,0.4035290048669177,0.46753800486691766,0.6837675079052219,0.9515933556620825,0.0540773265954034,1.7681719423621176e-05,66481713.22239305,5645794.312800245,8.668586571416946e-06,8374.352705666146,9844143.723390317,856632.1781112292,25.2816467814128,2.1999955259838195,3.200615051853864e-17,"[0.609,0.702]",0.649,"[0.322,0.438]",0.38,0.0,0.0,0.0,0.0,7.0,0.9586730055053323,0.2364073844047675,0.05432726071902955,0.0,0.0,0.0,0.0,7.0,0.9309560521906091,0.22946404173497958,0.05497774286834673,1.170721e-15,2.231484e-21,0.003366193,0.01393673000000003,1.0,0.004039035,0.015354650000001354,0.003427801,0.014032080000000032,1.0910456183545536,3.443971e-14,5.208215e-19,0.00342381,0.014062500000000032,1.0,0.003783223,0.014956040000004656,0.003427801,0.014032080000000032,1.0490568778883178
20,40,0.4874,140.0,0.258,1260.0,100.82579034944632,25,0.9557,0.03,0.05,0.0457,1000.0,1204.182,103.5081491234752,0.0074,2.443460952792061,0.8830222215594888,0.11697777844051105,7.548632170413027,0.247322389226031,0.9881256988114837,1.0310710069444444,0.22939999999999997,0.48,4.01341260817504,0.3949213042511558,0.4614853042511558,0.6793270966560628,0.9695837862778444,0.053642575522702914,2.2136937479569048e-05,54396955.365274966,4554640.4258720055,8.668586571416946e-06,8449.985364062883,10175320.275667971,874642.3451546038,26.13217160634762,2.246249084897527,1.2844128216375945e-17,"[0.609,0.702]",0.649,"[0.322,0.438]",0.38,0.0,0.0,0.0,0.0,7.0,0.9586730055053323,0.2364073844047675,0.05432726071902955,0.0,0.0,0.0,0.0,8.0,0.9846662449920651,0.2580858782374986,0.053351574913783915,1.170721e-15,2.231484e-21,0.003501636,0.014201250000000012,1.0,0.004039035,0.015354650000001354,0.003533596,0.014179010000000013,1.0704863865654684,3.443971e-14,5.208215e-19,0.00354495,0.014269190000000011,1.0,0.003726133,0.014470360000000014,0.003533596,0.014179010000000013,1.0269296283478317
20,40,0.4874,140.0,0.263,1200.0,96.75872053464761,25,0.9557,0.03,0.05,0.0457,1000.0,1146.84,99.2326960812195,0.0074,2.443460952792061,0.8830222215594888,0.11697777844051105,7.548632170413027,0.252322389226031,1.0059854421384546,1.0310710069444444,0.22439999999999996,0.48,4.01341260817504,0.38631360363539385,0.45548260363539383,0.6748945129688001,0.9875742168936064,0.05319032396641041,2.658757256879265e-05,43134437.97972409,3639246.128404322,8.668586571416946e-06,8529.978380739307,9782520.406167066,846452.7522352765,25.12338629849894,2.1738528104094903,5.159898705427514e-18,"[0.609,0.702]",0.649,"[0.322,0.438]",0.38,0.0,0.0,0.0,0.0,8.0,1.0150296419354272,0.26015540501025647,0.052665922844742474,0.0,0.0,0.0,0.0,8.0,0.9846662449920651,0.2580858782374986,0.053351574913783915,1.170721e-15,2.231484e-21,0.003606089,0.014331470000000006,1.0,0.004018344,0.014631310000000012,0.003615812,0.014214940000000006,1.0414673719891359,3.443971e-14,5.208215e-19,0.003642791,0.014361440000000005,1.0,0.003726133,0.014470360000000014,0.003615812,0.014214940000000006,1.0151432335509112
20,40,0.4874,140.0,0.268,1210.0,98.00683649527576,25,0.9557,0.03,0.05,0.0457,1000.0,1156.397,100.45320930425582,0.0074,2.443460952792061,0.8830222215594888,0.11697777844051105,7.548632170413027,0.257322389226031,1.0238451854654258,1.0310710069444444,0.21939999999999996,0.48,4.01341260817504,0.37770590301963197,0.44952990301963197,0.6704699120912376,1.0055646475093682,0.05271998769394733,3.1033365446201836e-05,37263022.66522405,3158111.764100364,8.668586571416946e-06,8614.630175749424,9961932.491346106,865367.248123315,25.584150900608094,2.222428859025447,2.075147258371804e-18,"[0.609,0.702]",0.649,"[0.322,0.438]",0.38,0.0,0.0,0.0,0.0,8.0,1.0150296419354272,0.26015540501025647,0.052665922844742474,0.0,0.0,0.0,0.0,8.0,0.9846662449920651,0.2580858782374986,0.053351574913783915,1.170721e-15,2.231484e-21,0.003686735,0.014351030000000002,1.0,0.004018344,0.014631310000000012,0.003690665,0.014174820000000001,1.0345482180474976,3.443971e-14,5.208215e-19,0.003729536,0.014369870000000002,1.0,0.003726133,0.014470360000000014,0.003690665,0.014174820000000001,1.0083989682050503
20,40,0.4874,140.0,0.273,1260.0,102.16653072282043,25,0.9557,0.03,0.05,0.0457,1000.0,1204.182,104.7020423418878,0.0074,2.443460952792061,0.8830222215594888,0.11697777844051105,7.548632170413027,0.262322389226031,1.041704928792397,1.0310710069444444,0.21439999999999995,0.48,4.01341260817504,0.3690982024038701,0.4436272024038701,0.6660534531130892,1.0235550781251301,0.05223096137259022,3.547404616832157e-05,33945437.01855297,2880036.019518276,8.668586571416946e-06,8704.267023742917,10481521.673184793,911354.5344750286,26.918555449728686,2.3405330194936873,8.354761014930457e-19,"[0.609,0.702]",0.649,"[0.322,0.438]",0.38,0.0,0.0,0.0,0.0,8.0,1.0150296419354272,0.26015540501025647,0.052665922844742474,0.0,0.0,0.0,0.0,9.0,1.0626510635891206,0.2996435158318105,0.05085321662463052,1.170721e-15,2.231484e-21,0.003759993,0.01429604,1.0,0.004018344,0.014631310000000012,0.003724347,0.01401985,1.035724986012305,3.443971e-14,5.208215e-19,0.003778689,0.0142547,1.0,0.00335005,0.01293505,0.003724347,0.01401985,0.9473453152839599
20,40,0.4874,140.0,0.278,1190.0,97.47379135034706,25,0.9557,0.03,0.05,0.0457,1000.0,1137.283,99.76209143974134,0.0074,2.443460952792061,0.8830222215594888,0.11697777844051105,7.548632170413027,0.267322389226031,1.0595646721193681,1.0310710069444444,0.20939999999999995,0.48,4.01341260817504,0.36049050178810815,0.4377745017881082,0.6616452990750469,1.041545508740892,0.051722617734428655,3.990933367424121e-05,28496667.2027912,2442380.8261489426,8.668586571416946e-06,8799.246380342258,10007233.321174784,877831.2219965174,25.700492109230662,2.254438731474418,3.367464265350021e-19,"[0.609,0.702]",0.649,"[0.322,0.438]",0.38,0.0,0.0,0.0,0.0,8.0,1.0150296419354272,0.26015540501025647,0.052665922844742474,0.0,0.0,0.0,0.0,9.0,1.0626510635891206,0.2996435158318105,0.05085321662463052,1.170721e-15,2.231484e-21,0.003792158,0.01412699,1.0,0.004018344,0.014631310000000012,0.003737566,0.01379766,1.041616024162067,3.443971e-14,5.208215e-19,0.003805135,0.01405826,1.0,0.00335005,0.01293505,0.003737567,0.01379766,0.952733658245698
20,40,0.4874,140.0,0.283,1200.0,98.7433542048653,25,0.9557,0.03,0.05,0.0457,1000.0,1146.84,101.00253767991306,0.0074,2.443460952792061,0.8830222215594888,0.11697777844051105,7.548632170413027,0.27232238922603097,1.0774244154463388,1.0310710069444444,0.2044,0.48,4.01341260817504,0.3518828011723464,0.43197180117234635,0.6572456170811232,1.0595359393566537,0.0511943067059508,4.433893535136385e-05,25865303.055020772,2227012.295680392,8.668586571416946e-06,8899.960696779808,10206830.925494954,898918.6156262478,26.21309699114119,2.308595197721525,1.3588221893876583e-19,"[0.609,0.702]",0.649,"[0.322,0.438]",0.38,0.0,0.0,0.0,0.0,9.0,1.0931151279798579,0.29230252713348637,0.050152818279664974,0.0,0.0,0.0,0.0,9.0,1.0626510635891206,0.2996435158318105,0.05085321662463052,1.170721e-15,2.231484e-21,0.003803752,0.01389214,1.0,0.00371027,0.01305539,0.00375842,0.01356155,0.9833707594188108,3.443971e-14,5.208215e-19,0.003832788,0.01383218,1.0,0.00335005,0.01293505,0.00375842,0.01356155,0.9588482983141839
20,40,0.4874,140.0,0.288,1210.0,99.96694453682656,25,0.9557,0.03,0.05,0.0457,1000.0,1156.397,102.20214075041456,0.0074,2.443460952792061,0.8830222215594888,0.11697777844051105,7.548632170413027,0.277322389226031,1.09528415877331,1.0310710069444444,0.1994,0.48,4.01341260817504,0.34327510055658444,0.4262191005565844,0.6528545784143543,1.0775263699724156,0.05064535450072172,4.876254658555225e-05,23714860.70710315,2050076.3708359224,8.668586571416946e-06,9006.841808499816,10415484.846823761,920518.5142290166,26.74896022991711,2.3640678749125343,5.489339436236603e-20,"[0.609,0.702]",0.649,"[0.322,0.438]",0.38,0.0,0.0,0.0,0.0,9.0,1.0931151279798579,0.29230252713348637,0.050152818279664974,0.0,0.0,0.0,0.0,9.0,1.0626510635891206,0.2996435158318105,0.05085321662463052,1.170721e-15,2.231484e-21,0.003823842,0.01364556,1.0,0.00371027,0.01305539,0.00373463,0.01328177,0.9929151475636911,3.443971e-14,5.208215e-19,0.003819134,0.01354499,1.0,0.00335005,0.01293505,0.00373463,0.01328177,0.9681546766496323
20,40,0.4874,140.0,0.293,1220.0,101.09050400857873,25,0.9557,0.03,0.05,0.0457,1000.0,1165.954,103.31251696226934,0.0074,2.443460952792061,0.8830222215594888,0.11697777844051105,7.548632170413027,0.282322389226031,1.1131439021002811,1.0310710069444444,0.1944,0.48,4.01341260817504,0.33466739994082256,0.42051639994082257,0.6484723586559589,1.0955168005881775,0.050075062673558636,5.317985029527346e-05,21924732.648290813,1900917.4235596426,8.668586571416946e-06,9120.366001065226,10633927.220406003,942247.9671871557,27.309962089111593,2.4198732725049825,2.2201527621954285e-20,"[0.609,0.702]",0.649,"[0.322,0.438]",0.38,0.0,0.0,0.0,0.0,9.0,1.0931151279798579,0.29230252713348637,0.050152818279664974,0.0,0.0,0.0,0.0,9.0,1.0626510635891206,0.2996435158318105,0.05085321662463052,1.170721e-15,2.231484e-21,0.003798284,0.01335569,1.0,0.00371027,0.01305539,0.00370061,0.01301741,1.0013447214280367,3.443971e-14,5.208215e-19,0.003791735,0.01325485,1.0,0.00335005,0.01293505,0.00370061,0.01301741,0.9763740409920483
20,40,0.4874,140.0,0.298,1180.0,98.1048418770238,25,0.9557,0.03,0.05,0.0457,1000.0,1127.7259999999999,100.21912036380512,0.0074,2.443460952792061,0.8830222215594888,0.11697777844051105,7.548632170413027,0.287322389226031,1.1310036454272523,1.0310710069444444,0.18939999999999999,0.48,4.01341260817504,0.3260596993250606,0.4148636993250606,0.6440991378080401,1.1135072312039394,0.04948270713454299,5.759051644935593e-05,19581800.43396037,1703489.5313587862,8.668586571416946e-06,9241.059878533864,10421383.492579479,926130.8922559157,26.764109082135754,2.3784815367674184,8.989981295747542e-21,"[0.609,0.702]",0.649,"[0.322,0.438]",0.38,0.0,0.0,0.0,0.0,9.0,1.0931151279798579,0.29230252713348637,0.050152818279664974,0.0,0.0,0.0,0.0,9.0,1.0626510635891206,0.2996435158318105,0.05085321662463052,1.170721e-15,2.231484e-21,0.003762552,0.01308226,1.0,0.00371027,0.01305539,0.00369226,0.01282553,1.0039389156501253,3.443971e-14,5.208215e-19,0.003783915,0.01302135,1.0,0.00335005,0.01293505,0.00369226,0.01282553,0.9789035434116812
20,40,0.4874,140.0,0.303,1160.0,97.11848434015754,25,0.9557,0.03,0.05,0.0457,1000.0,1108.612,99.12555173195031,0.0074,2.443460952792061,0.8830222215594888,0.11697777844051105,7.548632170413027,0.292322389226031,1.1488633887542234,1.0310710069444444,0.18439999999999998,0.48,4.01341260817504,0.31745199870929874,0.4092609987092988,0.6397351004199306,1.1314976618197012,0.04886753712114405,6.199420156798263e-05,17882511.137502108,1566573.6775988273,8.668586571416946e-06,9369.507186619703,10387148.101172844,928757.5693301515,26.676186039026437,2.3852273466484624,3.644652093319765e-21,"[0.609,0.702]",0.649,"[0.206,0.322]",0.265,0.0,0.0,0.0,0.0,9.0,1.0931151279798579,0.29230252713348637,0.050152818279664974,0.0,0.0,0.0,0.0,25.0,1.1338717759316466,0.27631379854405197,0.04890705787408487,1.170721e-15,2.231484e-21,0.003754144,0.01288218,1.0,0.00371027,0.01305539,0.003641656,0.01267843,1.0029175481547716,8.328633e-12,5.725275e-15,0.003735749,0.01281502,1.0,0.004350348,0.012988410000000002,0.003641656,0.01267843,1.0272444188287666
20,40,0.4874,140.0,0.308,1130.0,97.05931176610727,25,0.9557,0.03,0.05,0.0457,1000.0,1079.941,98.76006516368896,0.0074,2.443460952792061,0.8830222215594888,0.11697777844051105,7.548632170413027,0.297322389226031,1.1667231320811944,1.0310710069444444,0.17939999999999998,0.48,4.01341260817504,0.3088442980935368,0.4037082980935368,0.6353804357182685,1.1494880924354631,0.0482287741266623,6.639054820656127e-05,16266487.160792433,1461944.7253866033,8.668586571416946e-06,9506.356776915753,10266304.444019174,938848.414757476,26.3658363791902,2.4111425706626433,1.4793921069579946e-21,"[0.609,0.702]",0.649,"[0.206,0.322]",0.265,0.0,0.0,0.0,0.0,10.0,1.2001883968980651,0.33506489580694765,0.046331199367847166,0.0,0.0,0.0,0.0,25.0,1.1338717759316466,0.27631379854405197,0.04890705787408487,1.170721e-15,2.231484e-21,0.00370119,0.0127263,1.0,0.003342124,0.01289868,0.003636382,0.01265126,1.0596814658410452,8.328633e-12,5.725275e-15,0.003726676,0.01271774,1.0,0.004350348,0.012988410000000002,0.003636382,0.01265126,1.0158741572083982
20,40,0.4874,140.0,0.313,1180.0,101.44599548838846,25,0.9557,0.03,0.05,0.0457,1000.0,1127.7259999999999,103.21258770270047,0.0074,2.443460952792061,0.8830222215594888,0.11697777844051105,7.548632170413027,0.302322389226031,1.1845828754081655,1.0310710069444444,0.17439999999999997,0.48,4.01341260817504,0.3002365974777749,0.39820559747777495,0.6310353377409026,1.167478523051225,0.04756561078313276,7.077918442213057e-05,15933017.72558138,1433274.4339544734,8.668586571416946e-06,9652.331941179793,10885185.690698922,996242.1570145965,27.955241970762483,2.5585406948651856,6.012421118224442e-22,"[0.609,0.702]",0.649,"[0.206,0.322]",0.265,0.0,0.0,0.0,0.0,10.0,1.2001883968980651,0.33506489580694765,0.046331199367847166,0.0,0.0,0.0,0.0,26.0,1.1754295737209557,0.2984596973332685,0.04723192368952878,1.170721e-15,2.231484e-21,0.003697318,0.01268979,1.0,0.003342124,0.01289868,0.00357937,0.01271712,1.0400148618884513,8.328633e-12,5.725275e-15,0.003668523,0.01270035,1.0,0.003917483,0.01303153,0.00357937,0.01271712,1.0334021210359075
20,40,0.4874,140.0,0.318,1190.0,102.7691587973438,25,0.9557,0.03,0.05,0.0457,1000.0,1137.283,104.50343505385909,0.0074,2.443460952792061,0.8830222215594888,0.11697777844051105,7.548632170413027,0.307322389226031,1.202442618735137,1.0310710069444444,0.16939999999999997,0.48,4.01341260817504,0.29162889686201304,0.39275289686201303,0.6267000054747192,1.1854689536669871,0.04687720969675939,7.515972322198557e-05,15131548.537519416,1367343.497178845,8.668586571416946e-06,9808.241398757304,11154746.202702902,1024994.918007606,28.647525001383897,2.632383292844373,2.4466040834618437e-22,"[0.609,0.702]",0.649,"[0.206,0.322]",0.265,0.0,0.0,0.0,0.0,10.0,1.2001883968980651,0.33506489580694765,0.046331199367847166,0.0,0.0,0.0,0.0,26.0,1.1754295737209557,0.2984596973332685,0.04723192368952878,1.170721e-15,2.231484e-21,0.003636365,0.01274544,1.0,0.003342124,0.01289868,0.00358545,0.01292942,1.0082781045072906,8.328633e-12,5.725275e-15,0.003668486,0.01282589,1.0,0.003917483,0.01303153,0.00358545,0.01292942,1.0018671559172925
20,40,0.4874,140.0,0.323,1270.0,109.8122943945733,25,0.9557,0.03,0.05,0.0457,1000.0,1213.739,111.64949974292617,0.0074,2.443460952792061,0.8830222215594888,0.11697777844051105,7.548632170413027,0.312322389226031,1.220302362062108,1.0310710069444444,0.16439999999999996,0.48,4.01341260817504,0.28302119624625116,0.38735019624625117,0.6223746429974885,1.203459384282749,0.046162702233881574,7.953176199423199e-05,15261060.104364669,1380735.0879833065,8.668586571416946e-06,9974.99228909124,12107037.165969314,1113702.8990165829,31.093190611611416,2.8602023805759416,9.968640791219475e-23,"[0.609,0.702]",0.649,"[0.206,0.322]",0.265,0.0,0.0,0.0,0.0,10.0,1.2001883968980651,0.33506489580694765,0.046331199367847166,0.0,0.0,0.0,0.0,27.0,1.226785977197814,0.3258272137580501,0.04515594645903096,1.170721e-15,2.231484e-21,0.003645479,0.0129452,1.0,0.003342124,0.01289868,0.003530407,0.01326409,0.9684149938940432,8.328633e-12,5.725275e-15,0.003609078,0.01306734,1.0,0.003568369,0.0140157,0.003530407,0.01326409,1.0797293633589091
20,40,0.4874,140.0,0.328,1310.0,113.62279700526923,25,0.9557,0.03,0.05,0.0457,1000.0,1251.967,115.48215280297565,0.0074,2.443460952792061,0.8830222215594888,0.11697777844051105,7.548632170413027,0.317322389226031,1.238162105389079,1.0310710069444444,0.15939999999999996,0.48,4.01341260817504,0.2744134956304892,0.38199749563048924,0.6180594596238207,1.2214498148985111,0.045421187255403554,8.389488192001347e-05,14923043.82993998,1354347.183104671,8.668586571416946e-06,10153.605609586559,12711979.154217256,1172560.2345074257,32.64679751738939,3.011359292561998,4.0670198565176656e-23,"[0.609,0.702]",0.649,"[0.206,0.322]",0.265,0.0,0.0,0.0,0.0,10.0,1.2001883968980651,0.33506489580694765,0.046331199367847166,0.0,0.0,0.0,0.0,27.0,1.226785977197814,0.3258272137580501,0.04515594645903096,1.170721e-15,2.231484e-21,0.003584188,0.01326753,1.0,0.003342124,0.01289868,0.003549897,0.01374812,0.9195957967452277,8.328633e-12,5.725275e-15,0.003621793,0.01346176,1.0,0.003568369,0.0140157,0.003549897,0.01374812,1.0252986482320936
20,40,0.4874,140.0,0.333,1290.0,111.4868153645186,25,0.9557,0.03,0.05,0.0457,1000.0,1232.853,113.35852650195119,0.0074,2.443460952792061,0.8830222215594888,0.11697777844051105,7.548632170413027,0.322322389226031,1.2560218487160502,1.0310710069444444,0.15439999999999995,0.48,4.01341260817504,0.26580579501472734,0.37669479501472736,0.6137546700553302,1.239440245514273,0.044651729797546065,8.824864736719151e-05,13970219.791247949,1263326.0530400653,8.668586571416946e-06,10345.234653157215,12754153.577848833,1172720.5565988258,32.75510951601754,3.01177103040329,1.6614807354349963e-23,"[0.609,0.702]",0.649,"[0.206,0.322]",0.265,0.0,0.0,0.0,0.0,10.0,1.2001883968980651,0.33506489580694765,0.046331199367847166,0.0,0.0,0.0,0.0,27.0,1.226785977197814,0.3258272137580501,0.04515594645903096,1.170721e-15,2.231484e-21,0.003607177,0.01373528,1.0,0.003342124,0.01289868,0.00350384,0.01436151,0.8659663358649794,8.328633e-12,5.725275e-15,0.003568582,0.01398628,1.0,0.003568369,0.0140157,0.00350384,0.01436151,0.9655047540662545
20,40,0.4874,140.0,0.338,1360.0,119.5366052756018,25,0.9557,0.03,0.05,0.0457,1000.0,1299.752,121.30818859563611,0.0074,2.443460952792061,0.8830222215594888,0.11697777844051105,7.548632170413027,0.327322389226031,1.2738815920430213,1.0310710069444444,0.14939999999999995,0.48,4.01341260817504,0.2571980943989654,0.3714420943989654,0.6094604945350973,1.257430676130035,0.04385335969670914,9.25926052653058e-05,14037319.678777995,1290995.160284056,8.668586571416946e-06,10551.187148197578,13713926.598244097,1279945.4004814038,35.219990482181046,3.287144969000954,6.796792594511804e-24,"[0.609,0.702]",0.649,"[0.206,0.322]",0.265,0.0,0.0,0.0,0.0,10.0,1.2001883968980651,0.33506489580694765,0.046331199367847166,0.0,0.0,0.0,0.0,28.0,1.3005339201236623,0.3651270459635214,0.04220747643944703,1.170721e-15,2.231484e-21,0.003553107,0.01433462,1.0,0.003342124,0.01289868,0.003535172,0.01510864,0.8086781154267061,8.328633e-12,5.725275e-15,0.003593088,0.01465327,1.0,0.003370197,0.01646824,0.003535172,0.01510864,1.131403036300296
20,40,0.4874,140.0,0.343,1370.0,121.47999833871559,25,0.9557,0.03,0.05,0.0457,1000.0,1309.309,123.15866381619101,0.0074,2.443460952792061,0.8830222215594888,0.11697777844051105,7.548632170413027,0.332322389226031,1.2917413353699925,1.0310710069444444,0.14439999999999995,0.48,4.01341260817504,0.24859039378320347,0.36623939378320347,0.6051771590065206,1.2754211067457968,0.0430250701561641,9.692628446168964e-05,13508296.611921689,1253323.5851698294,8.668586571416946e-06,10772.951998386015,14105123.008054795,1326782.3734771863,36.22465779839377,3.4074312875333024,2.784286310901197e-24,"[0.523,0.609]",0.57,"[0.206,0.322]",0.265,0.0,0.0,0.0,0.0,15.0,1.300375554108193,0.33658995503014466,0.0413561192447112,0.0,0.0,0.0,0.0,28.0,1.3005339201236623,0.3651270459635214,0.04220747643944703,2.105634e-13,1.469681e-17,0.003586737,0.01506315,1.0,0.003759748,0.01810481,0.003590493,0.01596341,1.179696076508976,8.328633e-12,5.725275e-15,0.003645782,0.01543502,1.0,0.003370197,0.01646824,0.003590493,0.01596341,1.0507983549057893
20,40,0.4874,140.0,0.348,1510.0,133.7189216076637,25,0.9557,0.03,0.05,0.0457,1000.0,1443.107,135.58649025377784,0.0074,2.443460952792061,0.8830222215594888,0.11697777844051105,7.548632170413027,0.33732238922603097,1.3096010786969632,1.0310710069444444,0.1394,0.48,4.01341260817504,0.2399826931674417,0.3610866931674417,0.60090489527665,1.2934115373615582,0.04216581625222343,0.00010124919505867691,14253021.954038022,1320691.2067811463,8.668586571416946e-06,11012.231777234641,15891828.763349751,1493109.8565363672,40.81326043128256,3.834592124971322,1.1421861416893964e-24,"[0.523,0.609]",0.57,"[0.206,0.322]",0.265,0.0,0.0,0.0,0.0,15.0,1.300375554108193,0.33658995503014466,0.0413561192447112,0.0,0.0,0.0,0.0,28.0,1.3005339201236623,0.3651270459635214,0.04220747643944703,2.105634e-13,1.469681e-17,0.003545761,0.01591246,1.0,0.003759748,0.01810481,0.003543079,0.01694401,1.0897746079683759,8.328633e-12,5.725275e-15,0.003585297,0.01635343,1.0,0.003370197,0.01646824,0.003543079,0.01694401,0.9707020206933427
20,40,0.4874,140.0,0.353,1580.0,140.6241799592568,25,0.9557,0.03,0.05,0.0457,1000.0,1510.006,142.50841858604832,0.0074,2.443460952792061,0.8830222215594888,0.11697777844051105,7.548632170413027,0.342322389226031,1.3274608220239343,1.0310710069444444,0.1344,0.48,4.01341260817504,0.23137499255167976,0.35598399255167973,0.5966439411840866,1.3114019679773203,0.04127451337746913,0.00010556082773190258,14304605.52881442,1332162.5358642142,8.668586571416946e-06,11270.982476023542,17019251.164690405,1606209.8885691783,43.70869712187267,4.125054672163313,4.692296503591937e-25,"[0.523,0.609]",0.57,"[0.206,0.322]",0.265,0.0,0.0,0.0,0.0,15.0,1.300375554108193,0.33658995503014466,0.0413561192447112,0.0,0.0,0.0,0.0,28.0,1.3005339201236623,0.3651270459635214,0.04220747643944703,2.105634e-13,1.469681e-17,0.003586459,0.01686555,1.0,0.003759748,0.01810481,0.003595029,0.01800056,1.0041896013999176,8.328633e-12,5.725275e-15,0.003632686,0.0173589,1.0,0.003370197,0.01646824,0.003595029,0.01800056,0.8944683314427428
20,40,0.4874,140.0,0.358,1630.0,146.17287706791032,25,0.9557,0.03,0.05,0.0457,1000.0,1557.791,148.0087117954879,0.0074,2.443460952792061,0.8830222215594888,0.11697777844051105,7.548632170413027,0.347322389226031,1.3453205653509055,1.0310710069444444,0.1294,0.48,4.01341260817504,0.22276729193591788,0.3509312919359179,0.5923945407715351,1.3293923985930822,0.04035003561855418,0.00010986065302977261,14179699.073678665,1330529.8397261207,8.668586571416946e-06,11551.462467016305,17994764.267955795,1709717.0790970118,46.214001635945905,4.390880964809094,1.9305121285199386e-25,"[0.523,0.609]",0.57,"[0.206,0.322]",0.265,0.0,0.0,0.0,0.0,16.0,1.3545000021212128,0.3576436648057323,0.038609848971514905,0.0,0.0,0.0,0.0,28.0,1.3005339201236623,0.3651270459635214,0.04220747643944703,2.105634e-13,1.469681e-17,0.003643197,0.01790236,1.0,0.003758429,0.02142648,0.003663346,0.01912371,1.1711766559828938,8.328633e-12,5.725275e-15,0.003597628,0.01846647,1.0,0.003370197,0.01646824,0.003663346,0.01912371,0.8230195202214783
20,40,0.4874,140.0,0.363,1740.0,158.10910788307586,25,0.9557,0.03,0.05,0.0457,1000.0,1662.918,159.8672044811098,0.0074,2.443460952792061,0.8830222215594888,0.11697777844051105,7.548632170413027,0.352322389226031,1.3631803086778764,1.0310710069444444,0.1244,0.48,4.01341260817504,0.214159591320156,0.34592859132015596,0.588156944463088,1.3473828292088441,0.03939121406602882,0.00011414812065426905,14568071.646458667,1385122.3040452457,8.668586571416946e-06,11856.293274688362,19716043.49975822,1895432.4613326113,50.634576423696295,4.867833641190628,7.954477244136118e-26,"[0.523,0.609]",0.57,"[0.206,0.322]",0.265,0.0,0.0,0.0,0.0,16.0,1.3545000021212128,0.3576436648057323,0.038609848971514905,0.0,0.0,0.0,0.0,28.0,1.3005339201236623,0.3651270459635214,0.04220747643944703,2.105634e-13,1.469681e-17,0.003605143,0.01903843,1.0,0.003758429,0.02142648,0.003621664,0.02033946,1.0751338164379487,8.328633e-12,5.725275e-15,0.003642636,0.01963641,1.0,0.003370197,0.01646824,0.003621664,0.02033946,0.7555274545973975
20,40,0.4874,140.0,0.368,1870.0,170.72931795127977,25,0.9557,0.03,0.05,0.0457,1000.0,1787.1589999999999,172.54088369766632,0.0074,2.443460952792061,0.8830222215594888,0.11697777844051105,7.548632170413027,0.357322389226031,1.3810400520048476,1.0310710069444444,0.11939999999999999,0.48,4.01341260817504,0.20555189070439409,0.34097589070439405,0.5839314092463207,1.365373259824606,0.03839683505358399,0.00011842265872334724,15091360.211520553,1441694.6874172837,8.668586571416946e-06,12188.535616287578,21782851.12346889,2103020.7062147385,55.94253430972649,5.400960018715305,3.282591405299628e-26,"[0.523,0.609]",0.57,"[0.145,0.206]",0.16,0.0,0.0,0.0,0.0,16.0,1.3545000021212128,0.3576436648057323,0.038609848971514905,0.0,0.0,0.0,0.0,27.0,1.3472562604846838,0.334071234041523,0.03755453165650409,2.105634e-13,1.469681e-17,0.003654946,0.02021864,1.0,0.003758429,0.02142648,0.003674233,0.0215706,0.9879401757351125,5.512642e-10,5.581626e-12,0.003691612,0.02085783,1.0,0.003823222,0.02260939,0.003674233,0.02157061,1.07217543998372
20,40,0.4874,140.0,0.373,1870.0,173.28733366955285,25,0.9557,0.03,0.05,0.0457,1000.0,1787.1589999999999,174.85455538925865,0.0074,2.443460952792061,0.8830222215594888,0.11697777844051105,7.548632170413027,0.362322389226031,1.3988997953318187,1.0310710069444444,0.11439999999999999,0.48,4.01341260817504,0.19694419008863218,0.3360731900886322,0.5797181988592666,1.3833636904403679,0.03736563832405015,0.0001226836730152937,14567211.398840442,1412472.6576123207,8.668586571416946e-06,12551.785383297745,22432036.213829014,2194736.8525379226,57.60976597673752,5.63650465120433,1.356759034411786e-26,"[0.523,0.609]",0.57,"[0.145,0.206]",0.16,0.0,0.0,0.0,0.0,17.0,1.427556771119658,0.38553090206391893,0.03468868117797489,0.0,0.0,0.0,0.0,27.0,1.3472562604846838,0.334071234041523,0.03755453165650409,2.105634e-13,1.469681e-17,0.003709546,0.02143782,1.0,0.003762402,0.02584233,0.00372764,0.02281982,1.2212025878540445,5.512642e-10,5.581626e-12,0.003743886,0.02211217,1.0,0.003823222,0.02260939,0.00372764,0.02281982,0.9859229600279236
20,40,0.4874,140.0,0.378,2020.0,188.4966843558745,25,0.9557,0.03,0.05,0.0457,1000.0,1930.514,190.06589027021178,0.0074,2.443460952792061,0.8830222215594888,0.11697777844051105,7.548632170413027,0.367322389226031,1.41675953865879,1.0310710069444444,0.10939999999999998,0.48,4.01341260817504,0.18833648947287027,0.3312204894728703,0.5755175839823404,1.4013541210561298,0.036296315119440904,0.0001269305461955322,15209215.258761344,1485037.9991708358,8.668586571416946e-06,12950.29594344651,25000727.622966696,2461409.5277538733,64.20665756233728,6.321371163773101,5.6167432049760795e-27,"[0.523,0.609]",0.57,"[0.145,0.206]",0.16,0.0,0.0,0.0,0.0,17.0,1.427556771119658,0.38553090206391893,0.03468868117797489,0.0,0.0,0.0,0.0,28.0,1.4283397669797728,0.37728014365263246,0.03386593490082457,2.105634e-13,1.469681e-17,0.003681536,0.02270516,1.0,0.003762402,0.02584233,0.003781535,0.02406602,1.1243245228070573,5.512642e-10,5.581626e-12,0.003706274,0.02341175,1.0,0.003758412,0.02687989,0.003781535,0.02406602,1.1983398497002962
20,40,0.4874,140.0,0.383,2070.0,195.76644244628827,25,0.9557,0.03,0.05,0.0457,1000.0,1978.299,197.1308467417364,0.0074,2.443460952792061,0.8830222215594888,0.11697777844051105,7.548632170413027,0.372322389226031,1.434619281985761,1.0310710069444444,0.10439999999999998,0.48,4.01341260817504,0.17972878885710838,0.32641778885710837,0.5713298424352682,1.4193445516718917,0.03518750619228971,0.00013116263702650163,15082793.734928349,1492547.32052035,8.668586571416946e-06,13389.135587206294,26487713.543034624,2639411.635445893,68.02552224538402,6.778514673606659,2.3290469609272458e-27,"[0.523,0.609]",0.57,"[0.145,0.206]",0.16,0.0,0.0,0.0,0.0,17.0,1.427556771119658,0.38553090206391893,0.03468868117797489,0.0,0.0,0.0,0.0,28.0,1.4283397669797728,0.37728014365263246,0.03386593490082457,2.105634e-13,1.469681e-17,0.003722478,0.023959,1.0,0.003762402,0.02584233,0.003741957,0.02532424,1.0354145888107487,5.512642e-10,5.581626e-12,0.003740657,0.02468489,1.0,0.003758412,0.02687989,0.003741957,0.02532424,1.1035768922260656
20,40,0.4874,140.0,0.388,2080.0,203.74739260586193,25,0.9557,0.03,0.05,0.0457,1000.0,1987.856,204.47537025667458,0.0074,2.443460952792061,0.8830222215594888,0.11697777844051105,7.548632170413027,0.377322389226031,1.452479025312732,1.0310710069444444,0.09939999999999997,0.48,4.01341260817504,0.17112108824134648,0.3216650882413465,0.5671552593790755,1.4373349822876536,0.03403779973549545,0.0001353792795613786,14683605.98786272,1505011.6477646523,8.668586571416946e-06,13874.392493622452,27580294.364802353,2836971.5422198772,70.83147908553511,7.285886357886433,9.673871084924107e-28,"[0.523,0.609]",0.57,"[0.145,0.206]",0.16,0.0,0.0,0.0,0.0,17.0,1.427556771119658,0.38553090206391893,0.03468868117797489,0.0,0.0,0.0,0.0,28.0,1.4283397669797728,0.37728014365263246,0.03386593490082457,2.105634e-13,1.469681e-17,0.003758178,0.02519497,1.0,0.003762402,0.02584233,0.003772074,0.02651095,0.9561556857151879,5.512642e-10,5.581626e-12,0.003767912,0.02592994,1.0,0.003758412,0.02687989,0.003772074,0.02651095,1.0191003019745126
20,40,0.4874,140.0,0.393,2190.0,216.9896310811742,25,0.9557,0.03,0.05,0.0457,1000.0,2092.983,217.53552849461434,0.0074,2.443460952792061,0.8830222215594888,0.11697777844051105,7.548632170413027,0.382322389226031,1.4703387686397031,1.0310710069444444,0.09439999999999997,0.48,4.01341260817504,0.16251338762558457,0.3169623876255846,0.5629941275231781,1.4553254129034154,0.03284572922787041,0.00013957978232258364,14994886.545695387,1554592.1298235601,8.668586571416946e-06,14413.444833877176,30167095.008742757,3135436.3393654404,77.47487865503157,8.052401129525853,4.0250192270399933e-28,"[0.523,0.609]",0.57,"[0.145,0.206]",0.16,0.0,0.0,0.0,0.0,17.0,1.427556771119658,0.38553090206391893,0.03468868117797489,0.0,0.0,0.0,0.0,28.0,1.4283397669797728,0.37728014365263246,0.03386593490082457,2.105634e-13,1.469681e-17,0.003786552,0.02639125,1.0,0.003762402,0.02584233,0.003792674,0.02762928,0.884697767896188,5.512642e-10,5.581626e-12,0.003785989,0.02712351,1.0,0.003758412,0.02687989,0.003792674,0.02762928,0.9429382431008654
20,40,0.4874,140.0,0.398,2270.0,228.76516339365529,25,0.9557,0.03,0.05,0.0457,1000.0,2169.439,228.9914100014555,0.0074,2.443460952792061,0.8830222215594888,0.11697777844051105,7.548632170413027,0.387322389226031,1.4881985119666743,1.0310710069444444,0.08939999999999997,0.48,4.01341260817504,0.15390568700982266,0.31230968700982265,0.5588467473376065,1.4733158435191775,0.03160977119257444,0.00014376342746619592,15090339.999789689,1591261.195045217,8.668586571416946e-06,15015.32151395493,32574824.08991287,3438379.645105729,83.65838814919347,8.830417569119422,1.6776416782542302e-28,"[0.523,0.609]",0.57,"[0.145,0.206]",0.16,0.0,0.0,0.0,0.0,17.0,1.427556771119658,0.38553090206391893,0.03468868117797489,0.0,0.0,0.0,0.0,28.0,1.4283397669797728,0.37728014365263246,0.03386593490082457,2.105634e-13,1.469681e-17,0.003805714,0.02752535,1.0,0.003762402,0.02584233,0.00380226,0.02865637,0.8202436595746363,5.512642e-10,5.581626e-12,0.003793162,0.02824156,1.0,0.003758412,0.02687989,0.00380226,0.02865637,0.8742410610045629
20,40,0.5074,60.0,0.0557,6670.0,543.4560699656719,33,0.9556,0.0366,0.05,0.0533,0.305,6373.852,573.842913698139,0.0074,1.0471975511965976,0.24999999999999994,0.7500000000000001,0.3333333333333333,0.05236753399648522,0.762729834729,1.0298190399999998,0.45170000000000005,0.5,4.01341260817504,0.22919257999999995,0.23229506999999996,0.4819699886922421,0.755687254729,0.5967687104764628,-0.0002365808479773195,-26941538.39794778,-2297126.223918902,0.0006390162457023467,959.3410401725372,6114697.807585807,550511.0577228122,15.703715273797632,1.4138178496460228,6.055418299093673e-05,"[0.428,0.523]",0.475,"[0.206,0.322]",0.265,0.0,0.0,0.0,0.0,0.0,0.7466485253811087,0.047766312289884594,0.5975581974438162,0.0,0.0,0.0,0.0,4.0,0.7555772948607411,0.07472296033869731,0.5949854885253769,2.48078e-11,4.147426e-14,0.003354445,0.007234520182990937,1.0,0.003043552,0.006048932010562647,0.003424814,0.007518776182990936,0.832589679152887,8.328633e-12,5.725275e-15,0.003411228,0.007456522182990937,1.0,0.00276191,0.008649703750835206,0.003424814,0.007518776182990936,1.0350477676397678
20,40,0.5074,60.0,0.0658,8740.0,710.2379882852659,33,0.9556,0.0366,0.05,0.0533,0.305,8351.944,750.3093415084725,0.0074,1.0471975511965976,0.24999999999999994,0.7500000000000001,0.3333333333333333,0.06246753399648522,0.786732949329,1.0298190399999998,0.44160000000000005,0.5,4.01341260817504,0.22406783999999996,0.22839747999999996,0.477909489338724,0.7797651093289999,0.5953980735208785,-0.00019024231104541978,-43901611.34031849,-3733333.4755153325,0.0006390162457023467,968.0974724289708,8085495.876268308,726372.5770541977,20.76510223135841,1.8654639185280266,8.218579761827426e-05,"[0.428,0.523]",0.475,"[0.206,0.322]",0.265,0.0,0.0,0.0,0.0,1.0,0.7705031775798628,0.059789211277364585,0.5961610015567567,0.0,0.0,0.0,0.0,6.0,0.777675888977065,0.08649916732553582,0.5932994276579158,2.48078e-11,4.147426e-14,0.004049562,0.010265405797618274,1.0,0.003990069,0.0092226750179129,0.004115224,0.010595785797618273,0.8998578687946152,8.328633e-12,5.725275e-15,0.004098977,0.010511915797618274,1.0,0.003500472,0.011102978897432772,0.004115224,0.010595785797618273,0.9916693113047748
20,40,0.5074,60.0,0.0757,11200.0,887.2429205411341,33,0.9556,0.0366,0.05,0.0533,0.305,10702.72,941.7446049954247,0.0074,1.0471975511965976,0.24999999999999994,0.7500000000000001,0.3333333333333333,0.07236753399648523,0.810260754729,1.0298190399999998,0.43170000000000003,0.5,4.01341260817504,0.21904457999999993,0.22477506999999994,0.4741044927017671,0.8033661747290001,0.5937863123116965,-0.00014502920993283693,-73796995.82557495,-6117684.299266448,0.0006390162457023467,978.4745697137039,10472339.346766252,921473.1471531001,26.89497347656086,2.3665195551267555,0.00010318139361024458,"[0.428,0.523]",0.475,"[0.206,0.322]",0.265,0.0,0.0,0.0,0.0,3.0,0.801563099819252,0.0752298859452013,0.5938878954822598,0.0,0.0,0.0,0.0,9.0,0.8079658062037602,0.10264048079544025,0.5906081550925167,2.48078e-11,4.147426e-14,0.004997422,0.013408421393610244,1.0,0.005014322,0.0135131684709887,0.00511087,0.013740971393610244,0.982486820369425,8.328633e-12,5.725275e-15,0.005078148,0.013641901393610245,1.0,0.004486175,0.014307914818022413,0.00511087,0.013740971393610244,1.0002918387515523
20,40,0.5074,60.0,0.0856,13200.0,1058.8673193720497,33,0.9556,0.0366,0.05,0.0533,0.305,12613.92,1121.2727871767802,0.0074,1.0471975511965976,0.24999999999999994,0.7500000000000001,0.3333333333333333,0.08226753399648522,0.8337885601290002,1.0298190399999998,0.4218,0.5,4.01341260817504,0.21402131999999993,0.22134867999999994,0.4704770770186364,0.8269672401290001,0.5918942242520226,-0.00010010467202279749,-126007305.60435131,-10577601.40436709,0.0006390162457023467,990.7680634643405,12497469.091094114,1110921.267966402,32.09589458470952,2.853058619202386,0.0001230866737441276,"[0.428,0.523]",0.475,"[0.206,0.322]",0.265,0.0,0.0,0.0,0.0,5.0,0.8219876509108726,0.08525650661467121,0.5921158305801286,0.0,0.0,0.0,0.0,11.0,0.8341499399436537,0.11659384710774673,0.5879358882051839,2.48078e-11,4.147426e-14,0.006157345,0.01644513667374413,1.0,0.005953696,0.016156720304222508,0.006277359,0.01676140667374413,0.9587656763552119,8.328633e-12,5.725275e-15,0.006239747,0.01665754667374413,1.0,0.005228493,0.01662584246822025,0.006277359,0.01676140667374413,0.9539873958167769
20,40,0.5074,60.0,0.0955,15600.0,1255.7069721784444,33,0.9556,0.0366,0.05,0.0533,0.305,14907.36,1328.8656523620082,0.0074,1.0471975511965976,0.24999999999999994,0.7500000000000001,0.3333333333333333,0.09216753399648522,0.857316365529,1.0298190399999998,0.4119,0.5,4.01341260817504,0.20899805999999993,0.21811830999999993,0.4670313801020226,0.8505683055290001,0.5897065623004902,-5.555472591076673e-05,-268336487.23142913,-22603063.044454392,0.0006390162457023467,1005.1336203101881,14983888.726067286,1335687.5440644852,38.48149649464505,3.430301471435776,0.00014068553255303125,"[0.428,0.523]",0.475,"[0.206,0.322]",0.265,0.0,0.0,0.0,0.0,7.0,0.8473855978819633,0.09758924850699302,0.5896063371644095,0.0,0.0,0.0,0.0,12.0,0.8501700347466057,0.12513085861876322,0.586146823036934,2.48078e-11,4.147426e-14,0.007280324,0.019136845532553032,1.0,0.00702852,0.01898946191361994,0.00739423,0.019426725532553032,0.9696204005876937,8.328633e-12,5.725275e-15,0.007357372,0.01933315553255303,1.0,0.005616933,0.01777738732277008,0.00739423,0.019426725532553032,0.8764336040821625
20,40,0.5074,60.0,0.105,17500.0,1421.7067211653796,33,0.9556,0.0366,0.05,0.0533,0.305,16723.0,1501.9946279262765,0.0074,1.0471975511965976,0.24999999999999994,0.7500000000000001,0.3333333333333333,0.10166753399648522,0.8798935525290001,1.0298190399999998,0.40240000000000004,0.5,4.01341260817504,0.20417775999999996,0.21520275999999997,0.4638995149814235,0.8732157925290002,0.5873146919071378,-1.3239781048898846e-05,-1263087353.0488522,-107381437.49617544,0.0006390162457023467,1021.0282763669966,17074655.865685284,1533578.9860640545,43.850987007102006,3.938524601682244,0.0001504237243063881,"[0.428,0.523]",0.475,"[0.145,0.206]",0.16,0.0,0.0,0.0,0.0,9.0,0.8676070538225477,0.10730437820906757,0.5873653081645137,0.0,0.0,0.0,0.0,4.0,0.8673723325289999,0.07834399476484984,0.5909324641118463,2.48078e-11,4.147426e-14,0.00824912,0.02120654372430639,1.0,0.007758984,0.02072104789557842,0.008345864,0.02140196372430639,0.9564034172558064,5.512642e-10,5.581626e-12,0.008313614,0.02133032372430639,1.0,0.01029623,0.021411062126403153,0.008345864,0.02140196372430639,1.063047182621167
20,40,0.5074,60.0,0.114,18600.0,1489.899325292468,33,0.9556,0.0366,0.05,0.0533,0.305,17774.16,1578.1292602565109,0.0074,1.0471975511965976,0.24999999999999994,0.7500000000000001,0.3333333333333333,0.11066753399648523,0.9012824665290001,1.0298190399999998,0.3934,0.5,4.01341260817504,0.19961115999999995,0.21260715999999996,0.4610934395542838,0.8946713065290002,0.5847710233838694,2.6380419222493686e-05,673763364.0349649,56477469.623457745,0.0006390162457023467,1038.1499334253092,18452243.020690795,1638334.7864718293,47.388894705534724,4.207557563677788,0.0001321317741411386,"[0.428,0.523]",0.475,"[0.145,0.206]",0.16,0.0,0.0,0.0,0.0,12.0,0.899642195232059,0.12251312134211989,0.5833704973378184,0.0,0.0,0.0,0.0,6.0,0.8932040540289999,0.09210956272854484,0.5875380656529247,2.48078e-11,4.147426e-14,0.009012793,0.022487261774141138,1.0,0.008621665,0.0222556170963645,0.009087478,0.02259373177414114,0.9771707954045175,5.512642e-10,5.581626e-12,0.009063998,0.022555991774141138,1.0,0.01136704,0.02352573814142207,0.009087478,0.02259373177414114,1.0990816861964317
20,40,0.5074,60.0,0.125,19400.0,1588.0176322952132,33,0.9556,0.0366,0.05,0.0533,0.305,18538.64,1675.4081107857794,0.0074,1.0471975511965976,0.24999999999999994,0.7500000000000001,0.3333333333333333,0.12166753399648522,0.927424472529,1.0298190399999998,0.3824,0.5,4.01341260817504,0.19402975999999994,0.20965475999999994,0.45788072682741293,0.920894712529,0.5812761908642192,7.408245344324718e-05,250243332.10295218,21435813.18499064,0.0006390162457023467,1062.0461682057035,19688891.575744983,1779360.7642407937,50.56484508173027,4.569739288888361,5.0560655140208444e-05,"[0.428,0.523]",0.475,"[0.145,0.206]",0.16,0.0,0.0,0.0,0.0,14.0,0.9225926852299333,0.1332761986978167,0.5801690424341569,0.0,0.0,0.0,0.0,8.0,0.9213039313308644,0.10708381718426534,0.5832789329893826,2.48078e-11,4.147426e-14,0.009678914,0.023045260655140207,1.0,0.008981588,0.022470936622143525,0.009715571,0.023019970655140207,0.9625152479504995,5.512642e-10,5.581626e-12,0.00970911,0.02303810065514021,1.0,0.01188117,0.024072643011176,0.009715571,0.023019970655140207,1.0964748260570056
20,40,0.5074,60.0,0.135,20800.0,1674.2759626433656,33,0.9556,0.0366,0.05,0.0533,0.305,19876.48,1771.8208695905987,0.0074,1.0471975511965976,0.24999999999999994,0.7500000000000001,0.3333333333333333,0.13166753399648523,0.9511899325290002,1.0298190399999998,0.3724,0.5,4.01341260817504,0.18895575999999994,0.20718075999999994,0.45517113265232445,0.9447341725290003,0.5777116203682566,0.00011665502670806043,170386828.24823877,14352368.773901101,0.0006390162457023467,1086.870439855354,21603158.56037615,1925739.72787683,55.48104938660787,4.945668507199389,9.620441734798282e-06,"[0.428,0.523]",0.475,"[0.145,0.206]",0.16,0.0,0.0,0.0,0.0,16.0,0.9435112193676365,0.1429930261784037,0.5769996484529619,0.0,0.0,0.0,0.0,9.0,0.9372805488308645,0.11559765990381504,0.5806037432079174,2.48078e-11,4.147426e-14,0.009970402,0.0226060404417348,1.0,0.009100042,0.022039012882284596,0.009979295,0.0225175604417348,0.9590564856816242,5.512642e-10,5.581626e-12,0.009980524,0.0225379404417348,1.0,0.01187207,0.023581073794244886,0.009979295,0.0225175604417348,1.0860506817948308
20,40,0.5074,60.0,0.145,20800.0,1674.2759626433656,33,0.9556,0.0366,0.05,0.0533,0.305,19876.48,1771.8208695905987,0.0074,1.0471975511965976,0.24999999999999994,0.7500000000000001,0.3333333333333333,0.1416675339964852,0.974955392529,1.0298190399999998,0.3624,0.5,4.01341260817504,0.18388175999999995,0.20490675999999994,0.45266627884126726,0.968573632529,0.5737586259546431,0.00015837044788107534,125506243.53178433,10571896.367311057,0.0006390162457023467,1114.9428255020682,22161138.77223535,1975478.9666248737,56.914049454833595,5.073408400128473,1.4638743731609254e-06,"[0.428,0.523]",0.475,"[0.145,0.206]",0.16,0.0,0.0,0.0,0.0,18.0,0.9659562254018129,0.1533227243420353,0.5733269749358623,0.0,0.0,0.0,0.0,11.0,0.9659727794565387,0.13088757585880584,0.5753580511391373,2.48078e-11,4.147426e-14,0.009970942,0.02146571387437316,1.0,0.009034642,0.021068618959243925,0.009926338,0.02122295387437316,0.9668510061111079,5.512642e-10,5.581626e-12,0.009960131,0.02134368387437316,1.0,0.01140291,0.021661922131231266,0.009926339,0.02122295387437316,1.0588637077688574
20,40,0.5074,60.0,0.155,18500.0,1483.661012642754,33,0.9556,0.0366,0.05,0.0533,0.305,17678.6,1571.172449668799,0.0074,1.0471975511965976,0.24999999999999994,0.7500000000000001,0.3333333333333333,0.15166753399648522,0.998720852529,1.0298190399999998,0.3524,0.5,4.01341260817504,0.17880775999999995,0.20283275999999995,0.4503695815660733,0.992413092529,0.5693977892529877,0.00019913045098588565,88778988.40922655,7450698.802203365,0.0006390162457023467,1146.5878952244846,20270068.76451557,1801487.3121004456,52.05741943017265,4.626564502253601,2.0983795492608473e-07,"[0.428,0.523]",0.475,"[0.145,0.206]",0.16,0.0,0.0,0.0,0.0,20.0,0.9899603021060378,0.1642628507123648,0.5690800070433675,0.0,0.0,0.0,0.0,13.0,0.9912715276460087,0.14436912557273238,0.5702846829804521,2.48078e-11,4.147426e-14,0.009689492,0.019721039837954927,1.0,0.008742697,0.01950686406150105,0.009630435,0.019473529837954924,0.971261883733439,5.512642e-10,5.581626e-12,0.009685468,0.019632589837954927,1.0,0.01064085,0.019469235158698427,0.009630435,0.019473529837954924,1.0328188027219332
20,40,0.5074,60.0,0.165,18700.0,1545.4610962370584,33,0.9556,0.0366,0.05,0.0533,0.305,17869.72,1627.7269031308022,0.0074,1.0471975511965976,0.24999999999999994,0.7500000000000001,0.3333333333333333,0.16166753399648523,1.022486312529,1.0298190399999998,0.3424,0.5,4.01341260817504,0.17373375999999996,0.20095875999999996,0.4482842401869599,1.016252552529,0.5646091055669108,0.00023883822298474043,74819347.49255654,6470744.409850174,0.0006390162457023467,1182.174059168118,21125119.428597704,1924256.5202912905,54.25335332518206,4.941859346003172,2.996849202689914e-08,"[0.428,0.523]",0.475,"[0.145,0.206]",0.16,0.0,0.0,0.0,0.0,22.0,1.0129961532928822,0.17466057991071604,0.5646851550119064,0.0,0.0,0.0,0.0,15.0,1.016455005529,0.15778924843835432,0.5648421795380647,2.48078e-11,4.147426e-14,0.009227598,0.01776824996849203,1.0,0.00835302,0.017867203094265035,0.009122305,0.01743532996849203,0.9877164407513362,5.512642e-10,5.581626e-12,0.009188629,0.017602589968492028,1.0,0.009727274,0.017209786574754627,0.009122305,0.01743532996849203,1.0133882988716556
20,40,0.5074,60.0,0.175,16100.0,1336.431816611024,33,0.9556,0.0366,0.05,0.0533,0.305,15385.16,1406.4839336228295,0.0074,1.0471975511965976,0.24999999999999994,0.7500000000000001,0.3333333333333333,0.1716675339964852,1.0462517725290001,1.0298190399999998,0.33240000000000003,0.5,4.01341260817504,0.16865975999999996,0.19928475999999995,0.44641321665022415,1.040092012529,0.5593720095587988,0.00027739945098882756,55462114.09271912,4817716.15569942,0.0006390162457023467,1222.120562997765,18802520.401010696,1718892.9368064436,48.28847411575045,4.4144463250928085,4.2827783632674955e-09,"[0.428,0.523]",0.475,"[0.145,0.206]",0.16,0.0,0.0,0.0,0.0,24.0,1.038391315019815,0.1860118015604476,0.5594654862001986,0.0,0.0,0.0,0.0,17.0,1.04662203761939,0.17386507716325098,0.5578423669916683,2.48078e-11,4.147426e-14,0.008654987,0.015839304282778365,1.0,0.007788026,0.015984400331222805,0.008528303,0.015516034282778363,0.9899379046924001,5.512642e-10,5.581626e-12,0.00860597,0.015678094282778363,1.0,0.008620011,0.014858556080199026,0.008528303,0.015516034282778363,0.9787841408949378
20,40,0.5074,60.0,0.184,14700.0,1200.1874853917116,33,0.9556,0.0366,0.05,0.0533,0.305,14047.32,1266.824062762856,0.0074,1.0471975511965976,0.24999999999999994,0.7500000000000001,0.3333333333333333,0.18066753399648522,1.0676406865290002,1.0298190399999998,0.3234,0.5,4.01341260817504,0.16409315999999996,0.19794915999999996,0.44491477835648474,1.0615475265290002,0.5542578073894664,0.0003110491726717696,45161091.02409747,3858513.671914482,0.0006390162457023467,1262.1945175037,17730450.28962007,1598978.38666104,45.53519270878689,4.106482790029343,7.442706047444585e-10,"[0.428,0.523]",0.475,"[0.145,0.206]",0.16,0.0,0.0,0.0,0.0,25.0,1.0540822701299413,0.19296847295347208,0.5560374260401432,0.0,0.0,0.0,0.0,18.0,1.06435163261939,0.18331307097741809,0.5535008349050098,2.48078e-11,4.147426e-14,0.008063857,0.014255280744270606,1.0,0.007445348,0.014978080084420526,0.007984466,0.014048600744270605,1.016295612550267,5.512642e-10,5.581626e-12,0.008014444,0.014115970744270605,1.0,0.00799104,0.013744660901592933,0.007984466,0.014048590744270605,0.9875736144240148
20,40,0.5074,60.0,0.194,12300.0,1003.2198163703545,33,0.9556,0.0366,0.05,0.0533,0.305,11753.88,1059.1144166867903,0.0074,1.0471975511965976,0.24999999999999994,0.7500000000000001,0.3333333333333333,0.19066753399648523,1.0914061465290001,1.0298190399999998,0.3134,0.5,4.01341260817504,0.15901915999999996,0.19665515999999997,0.4434581829214565,1.0853869865290002,0.5481102127169686,0.0003471857956522181,33854726.0492594,2889576.2123151394,0.0006390162457023467,1311.8004553754336,15418745.1364282,1389346.7741044182,39.5982910555834,3.5681086528982737,1.0661498442673851e-10,"[0.428,0.523]",0.475,"[0.145,0.206]",0.16,0.0,0.0,0.0,0.0,26.0,1.0759199130358796,0.20257971312114587,0.5509992153241123,0.0,0.0,0.0,0.0,19.0,1.083296635529,0.19340874830672944,0.5486881343224181,2.48078e-11,4.147426e-14,0.007444812,0.012921340106614984,1.0,0.006938929,0.013757300012810992,0.007307772,0.012708630106614984,1.030986213240978,5.512642e-10,5.581626e-12,0.007391458,0.012811420106614985,1.0,0.007361434,0.012835190117370105,0.007307772,0.012708630106614984,1.007874889700617
20,40,0.5074,60.0,0.204,9970.0,810.5581410155219,33,0.9556,0.0366,0.05,0.0533,0.305,9527.332,856.2191088527305,0.0074,1.0471975511965976,0.24999999999999994,0.7500000000000001,0.3333333333333333,0.2006675339964852,1.115171606529,1.0298190399999998,0.30340000000000006,0.5,4.01341260817504,0.15394516,0.19556115999999998,0.44222297543207767,1.109226446529,0.5414517341889599,0.0003819264045056998,24945465.638414156,2122288.8269916023,0.0006390162457023467,1367.3540469723043,13027235.967048738,1170754.6635848011,33.45643740191299,3.0067222405656806,1.529165078119064e-11,"[0.428,0.523]",0.475,"[0.145,0.206]",0.16,0.0,0.0,0.0,0.0,27.0,1.0986321409017186,0.2124907207097374,0.5454170344435584,0.0,0.0,0.0,0.0,20.0,1.101316656747764,0.20301150849420366,0.5439541313305281,2.48078e-11,4.147426e-14,0.006872389,0.012050960015291651,1.0,0.006483246,0.012891160001840008,0.006725451,0.011917170015291651,1.034198064231143,5.512642e-10,5.581626e-12,0.006812811,0.011975570015291651,1.0,0.006823909,0.012265560016888758,0.006725452,0.011917170015291651,1.0190450120812249
20,40,0.5074,60.0,0.214,9730.0,790.8631360936314,33,0.9556,0.0366,0.05,0.0533,0.305,9297.988,835.4497579446701,0.0074,1.0471975511965976,0.24999999999999994,0.7500000000000001,0.3333333333333333,0.21066753399648522,1.138937066529,1.0298190399999998,0.29340000000000005,0.5,4.01341260817504,0.14887115999999997,0.19466715999999998,0.44121101527500417,1.133065906529,0.5342600100149795,0.0004151966112429335,22394180.848840557,1904791.8857673279,0.0006390162457023467,1429.5686307309445,13292111.973712752,1194332.766509461,34.13668972547867,3.0672753253911984,2.1959855008129473e-12,"[0.428,0.523]",0.475,"[0.145,0.206]",0.16,0.0,0.0,0.0,0.0,29.0,1.142222231699732,0.2312770124833191,0.533667805104906,0.0,0.0,0.0,0.0,21.0,1.1222527647477638,0.21416823366907276,0.5382758632750712,2.48078e-11,4.147426e-14,0.006264398,0.011604320002195984,1.0,0.005709225,0.012276710000046986,0.006206114,0.011611510002195985,1.0169784205683832,5.512642e-10,5.581626e-12,0.006300547,0.011620350002195984,1.0,0.006337736,0.011986430001777026,0.006206114,0.011611510002195985,1.019744528168248
20,40,0.5074,60.0,0.224,8350.0,718.8271697509432,33,0.9556,0.0366,0.05,0.0533,0.305,7979.26,751.8274592142598,0.0074,1.0471975511965976,0.24999999999999994,0.7500000000000001,0.3333333333333333,0.22066753399648523,1.162702526529,1.0298190399999998,0.28340000000000004,0.5,4.01341260817504,0.14379715999999998,0.19397315999999998,0.4404238413165209,1.1569053665290001,0.5265123615680858,0.0004469295996226766,17853505.354616355,1608367.7840040536,0.0006390162457023467,1499.268225561794,11963050.9814962,1127191.0207047954,30.72340650854075,2.894842460794992,3.157427382008807e-13,"[0.428,0.523]",0.475,"[0.100,0.145]",0.12,0.0,0.0,0.0,0.0,30.0,1.168082462820824,0.2422808796771726,0.5260103095384081,0.0,0.0,0.0,0.0,14.0,1.1582206585290002,0.2120195486814606,0.521811293120456,2.48078e-11,4.147426e-14,0.005793718,0.011681830000315743,1.0,0.005227471,0.012545140000005518,0.005757871,0.011764500000315743,1.0238626189433,2.094834e-09,3.932807e-11,0.005744995,0.011681600000315743,1.0,0.00583533,0.010891040005105152,0.005757871,0.011764500000315743,0.9602418257740153
20,40,0.5074,60.0,0.234,8570.0,743.0508058339166,33,0.9556,0.0366,0.05,0.0533,0.305,8189.492,776.2526205072508,0.0074,1.0471975511965976,0.24999999999999994,0.7500000000000001,0.3333333333333333,0.23066753399648524,1.186467986529,1.0298190399999998,0.27340000000000003,0.5,4.01341260817504,0.13872315999999998,0.19347915999999998,0.43986266038389754,1.180744826529,0.5181858727838833,0.00047706699076534883,17166335.45922296,1557539.7590217998,0.0006390162457023467,1577.4082559293472,12918172.292667342,1224467.2922749277,33.17634099435629,3.14466655999068,4.545235381933447e-14,"[0.428,0.523]",0.475,"[0.100,0.145]",0.12,0.0,0.0,0.0,0.0,30.0,1.168082462820824,0.2422808796771726,0.5260103095384081,0.0,0.0,0.0,0.0,15.0,1.1910777886594348,0.22952891436204323,0.5103725819388067,2.48078e-11,4.147426e-14,0.005390662,0.012181330000045452,1.0,0.005227471,0.012545140000005518,0.005265898,0.01230979000004545,0.9924884627437892,2.094834e-09,3.932807e-11,0.005339281,0.012216560000045451,1.0,0.005171392,0.012169290000149253,0.005265898,0.01230979000004545,1.007273566111669
20,40,0.5074,60.0,0.244,8330.0,741.245236053613,33,0.9556,0.0366,0.05,0.0533,0.305,7960.148,771.1598901447821,0.0074,1.0471975511965976,0.24999999999999994,0.7500000000000001,0.3333333333333333,0.24066753399648522,1.2102334465290001,1.0298190399999998,0.2634,0.5,4.01341260817504,0.13364915999999996,0.19318515999999997,0.4395283381080223,1.204584286529,0.509257481540491,0.0005055595990879282,15745221.758939546,1466187.6411621526,0.0006390162457023467,1665.100976410089,13254450.207168818,1284059.0860483737,34.03996709467581,3.2977097015359758,6.55072696847417e-15,"[0.428,0.523]",0.475,"[0.100,0.145]",0.12,0.0,0.0,0.0,0.0,32.0,1.2158326153826586,0.2623341861281935,0.510398179396548,0.0,0.0,0.0,0.0,15.0,1.1910777886594348,0.22952891436204323,0.5103725819388067,2.48078e-11,4.147426e-14,0.005052537,0.01305868000000655,1.0,0.004629331,0.014235110000000113,0.004921995,0.01327313000000655,1.0417075235803972,2.094834e-09,3.932807e-11,0.004995013,0.01312907000000655,1.0,0.005171392,0.012169290000149253,0.004921995,0.01327313000000655,0.9418020963926529
20,40,0.5074,60.0,0.253,8550.0,771.9536902942397,33,0.9556,0.0366,0.05,0.0533,0.305,8170.38,801.3085628697999,0.0074,1.0471975511965976,0.24999999999999994,0.7500000000000001,0.3333333333333333,0.24966753399648522,1.2316223605290002,1.0298190399999998,0.2544,0.5,4.01341260817504,0.12908255999999996,0.19309155999999994,0.43942184743137197,1.226039800529,0.5006882063657149,0.0005297639107624195,15422681.375636643,1457165.4931784014,0.0006390162457023467,1753.2623437231257,14324819.587908551,1404904.1289825148,36.7888806995436,3.6080629203219186,1.1470402682698686e-15,"[0.428,0.523]",0.475,"[0.100,0.145]",0.12,0.0,0.0,0.0,0.0,32.0,1.2158326153826586,0.2623341861281935,0.510398179396548,0.0,0.0,0.0,0.0,16.0,1.2185850597898695,0.2441873725775278,0.5005179346709142,2.48078e-11,4.147426e-14,0.004708983,0.014136810000001146,1.0,0.004629331,0.014235110000000113,0.00469235,0.014427950000001147,0.9591727049014682,2.094834e-09,3.932807e-11,0.004664466,0.014231750000001146,1.0,0.004729826,0.013722910000007764,0.00469235,0.014427950000001147,0.96176931121595
20,40,0.5074,60.0,0.263,8710.0,799.6377304397123,33,0.9556,0.0366,0.05,0.0533,0.305,8323.276,827.9643720237138,0.0074,1.0471975511965976,0.24999999999999994,0.7500000000000001,0.3333333333333333,0.25966753399648523,1.255387820529,1.0298190399999998,0.24439999999999998,0.5,4.01341260817504,0.12400855999999995,0.19317755999999997,0.4395196923915924,1.2498792605290001,0.49055260892680824,0.00055503148813542,14996042.887514943,1440706.9644391271,0.0006390162457023467,1862.874998059122,15505222.762345536,1542394.127926698,39.82038216420288,3.961163574574306,1.6567581678809763e-16,"[0.428,0.523]",0.475,"[0.100,0.145]",0.12,0.0,0.0,0.0,0.0,33.0,1.2390150285777806,0.27195013173140936,0.5020713707137842,0.0,0.0,0.0,0.0,17.0,1.248986081181174,0.2603878927839626,0.4893939432216074,2.48078e-11,4.147426e-14,0.004454118,0.015631930000000165,1.0,0.004453043,0.015509700000000017,0.004453919,0.015982940000000168,0.9411114866933965,2.094834e-09,3.932807e-11,0.004406757,0.015758110000000165,1.0,0.004429488,0.015853970000000293,0.004453918,0.015982940000000168,0.9958874174772377
20,40,0.5074,60.0,0.273,8720.0,800.1824791712547,33,0.9556,0.0366,0.05,0.0533,0.305,8332.832,828.5857321461369,0.0074,1.0471975511965976,0.24999999999999994,0.7500000000000001,0.3333333333333333,0.26966753399648524,1.2791532805290002,1.0298190399999998,0.23439999999999997,0.5,4.01341260817504,0.11893455999999995,0.19346355999999998,0.43984492721867324,1.2737187205290001,0.4797484251022009,0.0005785687794635794,14402491.62377167,1383037.7780030658,0.0006390162457023467,1986.4784963459017,16552991.581663014,1645967.739287326,42.511253198076766,4.227160448641979,2.395676866555502e-17,"[0.428,0.523]",0.475,"[0.100,0.145]",0.12,0.0,0.0,0.0,0.0,34.0,1.2621279115046098,0.28146177096646297,0.49324105097295745,0.0,0.0,0.0,0.0,18.0,1.281203510529,0.27755636579119297,0.4774060477329054,2.48078e-11,4.147426e-14,0.004242255,0.017380700000000023,1.0,0.004224848,0.017010150000000005,0.004135556,0.017805770000000023,0.9225859632519754,2.094834e-09,3.932807e-11,0.004189077,0.017537290000000025,1.0,0.004106304,0.01843288000000001,0.004135556,0.017805770000000023,1.0381260284618934
20,40,0.5074,60.0,0.283,9810.0,891.5046270246626,33,0.9556,0.0366,0.05,0.0533,0.305,9374.436,924.491655023618,0.0074,1.0471975511965976,0.24999999999999994,0.7500000000000001,0.3333333333333333,0.2796675339964852,1.302918740529,1.0298190399999998,0.22440000000000002,0.5,4.01341260817504,0.11386055999999997,0.19394955999999997,0.4403970481281635,1.297558180529,0.4682531466215423,0.0006003670577134093,15614507.624225732,1484932.6184219627,0.0006390162457023467,2126.178741408038,19931726.535890203,1965634.5035203504,51.188491775752276,5.0481259331151325,3.468009247455602e-18,"[0.428,0.523]",0.475,"[0.100,0.145]",0.12,0.0,0.0,0.0,0.0,35.0,1.28657115998275,0.29144085288722754,0.48328872005122075,0.0,0.0,0.0,0.0,19.0,1.3106228055926925,0.29323372998247443,0.46633813269643376,2.48078e-11,4.147426e-14,0.003972821,0.019343780000000005,1.0,0.004089247,0.01880673,0.003953671,0.019814870000000002,0.9107836318330587,2.094834e-09,3.932807e-11,0.004006064,0.019513580000000003,1.0,0.003929735,0.02091553,0.003953671,0.019814870000000002,1.0564015169403536
20,40,0.5074,60.0,0.293,10200.0,938.1897462630192,33,0.9556,0.0366,0.05,0.0533,0.305,9747.12,971.1545981282642,0.0074,1.0471975511965976,0.24999999999999994,0.7500000000000001,0.3333333333333333,0.2896675339964852,1.326684200529,1.0298190399999998,0.2144,0.5,4.01341260817504,0.10878655999999996,0.19463555999999996,0.4411752032922974,1.321397640529,0.4560447649821668,0.0006204283867379048,15710306.311496343,1512164.4436610057,0.0006390162457023467,2284.491073995135,22267208.637159463,2218594.0108933523,57.186457186223365,5.697774403830664,5.02585746813e-19,"[0.428,0.523]",0.475,"[0.100,0.145]",0.12,0.0,0.0,0.0,0.0,36.0,1.3168711345089243,0.30369967864833647,0.4700058645837126,0.0,0.0,0.0,0.0,19.0,1.3106228055926925,0.29323372998247443,0.46633813269643376,2.48078e-11,4.147426e-14,0.003814922,0.02143918,1.0,0.003901654,0.02124424,0.003800054,0.0219437,0.926850747514666,2.094834e-09,3.932807e-11,0.003776195,0.02163357,1.0,0.003929735,0.02091553,0.003800054,0.0219437,0.92606825228162
20,40,0.3054,90.0,0.059770115,10707.6667,757.1463734255382,47,1.0,0.0,0.05,0.0524,0.1633,10707.6667,757.1463734255382,0.0074,1.5707963267948966,0.5000000000000001,0.5000000000000001,0.9999999999999998,0.05740565023958831,0.8505325812917901,1.0502810684203416,0.24562988499999996,0.298,4.01341260817504,0.150030733758,0.15360320040511322,0.3919224418237787,0.84248685899379,0.32812456035460796,-5.952611650020432e-05,-179881828.8433657,-12719566.098738179,0.0002998251982372914,1147.1248076260263,12283030.103361107,868541.3879605139,31.5451741872464,2.230580658151277,0.00021378800460578775,"[0.340,0.428]",0.38,"[0.145,0.206]",0.16,0.0,0.0,0.0,0.0,1.0,0.8396920518425108,0.05374113893276278,0.32885888881839787,0.0,0.0,0.0,0.0,2.0,0.8431689225290001,0.06544614413928573,0.32748875373394803,6.542464e-10,7.733592e-12,0.01019004,0.01711941800460579,1.0,0.01142183,0.01628324488532103,0.0101791,0.01743700800460579,0.9835185703060035,5.512642e-10,5.581626e-12,0.01018743,0.01732180800460579,1.0,0.00915674,0.01807197839313054,0.0101791,0.01743700800460579,1.0008555216198558
20,40,0.3054,90.0,0.070689655,12996.37285,918.9823373770844,47,1.0,0.0,0.05,0.0524,0.1633,12996.37285,918.9823373770844,0.0074,1.5707963267948966,0.5000000000000001,0.5000000000000001,0.9999999999999998,0.06832519023958832,0.8775316462406301,1.0502810684203416,0.23471034499999996,0.298,4.01341260817504,0.143361078726,0.14835810605001903,0.3851728262092473,0.8696475331346301,0.32576340955223354,-1.677383296603855e-05,-774800421.3654294,-54786663.20558448,0.0002998251982372914,1163.5745477697421,15122248.661585705,1069304.4576219216,38.8368313126612,2.7461786783093816,0.0002922791093343446,"[0.340,0.428]",0.38,"[0.100,0.145]",0.12,0.0,0.0,0.0,0.0,3.0,0.8723872420289507,0.070085687188716,0.325687382338653,0.0,0.0,0.0,0.0,1.0,0.8656776655681202,0.05612515922291282,0.32760026768284267,6.542464e-10,7.733592e-12,0.01130036,0.021060149109334344,1.0,0.0118138,0.02151222242431612,0.01140449,0.021303229109334344,1.0165851519177962,2.094834e-09,3.932807e-11,0.01136486,0.021201559109334342,1.0,0.01431265,0.01932100154506152,0.01140449,0.021303219109334342,0.990831181125471
20,40,0.3054,90.0,0.082183908,14161.03548,1001.3364215117082,47,1.0,0.0,0.05,0.0524,0.1633,14161.03548,1001.3364215117081,0.0074,1.5707963267948966,0.5000000000000001,0.5000000000000001,0.9999999999999998,0.07981944323958831,0.905951715518768,1.0502810684203416,0.22321609199999998,0.298,4.01341260817504,0.13634038899360001,0.14309458372775247,0.3782784473476548,0.898237717357168,0.32267657235482095,2.78814935112142e-05,507900893.98562163,35914016.62572205,0.0002998251982372914,1185.4865722091854,16787717.410117857,1187070.8819661268,43.11407408856922,3.0486254148300853,0.0003764979818673821,"[0.340,0.428]",0.38,"[0.100,0.145]",0.12,0.0,0.0,0.0,0.0,4.0,0.8893227882223937,0.07844858835267876,0.32372596297488887,0.0,0.0,0.0,0.0,3.0,0.8980617832153133,0.073382459415497,0.32365080638415916,6.542464e-10,7.733592e-12,0.01312553,0.02363073798186738,1.0,0.01272149,0.023207921104206854,0.01321867,0.02376221798186738,0.9703470622113222,2.094834e-09,3.932807e-11,0.01318107,0.023689387981867382,1.0,0.01453131,0.023310048401236814,0.01321867,0.02376221798186738,1.0087282320307769
20,40,0.3054,90.0,0.093103448,14720.635,1040.9060831872034,47,1.0,0.0,0.05,0.0524,0.1633,14720.635,1040.9060831872034,0.0074,1.5707963267948966,0.5000000000000001,0.5000000000000001,0.9999999999999998,0.09073898323958832,0.932950780467608,1.0502810684203416,0.21229655199999997,0.298,4.01341260817504,0.1296707339616,0.1383389859910887,0.37193949237892004,0.9253983914980081,0.3191119648343148,6.986375151606617e-05,210704903.1945383,14899086.58781131,0.0002998251982372914,1211.3794346857842,17832274.50451577,1260932.2226123083,45.796696797626126,3.238315486154568,0.00045372335218485203,"[0.340,0.428]",0.38,"[0.100,0.145]",0.12,0.0,0.0,0.0,0.0,6.0,0.9223887213663167,0.09458164677577774,0.3192762176650104,0.0,0.0,0.0,0.0,4.0,0.9178274233290482,0.08391544934152863,0.32078390580988264,6.542464e-10,7.733592e-12,0.0142651,0.02419465335218485,1.0,0.01378593,0.024231608349923276,0.01429046,0.02413985335218485,0.9931433844693021,2.094834e-09,3.932807e-11,0.01428749,0.02416743335218485,1.0,0.01508705,0.024015443166125878,0.01429046,0.02413985335218485,1.0065952586259794
20,40,0.3054,90.0,0.105172414,14545.11577,1028.494999411039,47,1.0,0.0,0.05,0.0524,0.1633,14545.11577,1028.494999411039,0.0074,1.5707963267948966,0.5000000000000001,0.5000000000000001,0.9999999999999998,0.10280794923958832,0.962791854075044,1.0502810684203416,0.20022758599999999,0.298,4.01341260817504,0.12229900952880002,0.13336024619538742,0.36518522176477436,0.955418085802244,0.3143775798522407,0.00011562257566940056,125798233.48330197,8895278.39573314,0.0002998251982372914,1246.7814565575297,18134580.625518497,1282308.493427831,46.57307682475741,3.2932138443507997,0.0005139370238125677,"[0.340,0.428]",0.38,"[0.100,0.145]",0.12,0.0,0.0,0.0,0.0,8.0,0.9550704636078093,0.11028337121129994,0.31407547671079156,0.0,0.0,0.0,0.0,6.0,0.9607444672681305,0.1067856821730618,0.3134744124889538,6.542464e-10,7.733592e-12,0.01450018,0.02261168702381257,1.0,0.01365493,0.022591080445074685,0.01444632,0.02243235702381257,0.9911102482378709,2.094834e-09,3.932807e-11,0.01448505,0.02251003702381257,1.0,0.01443667,0.021876590188762392,0.01444632,0.02243235702381257,0.9839635881302367
20,40,0.3054,90.0,0.112643678,13592.4923,961.1343477848825,47,1.0,0.0,0.05,0.0524,0.1633,13592.4923,961.1343477848825,0.0074,1.5707963267948966,0.5000000000000001,0.5000000000000001,0.9999999999999998,0.11027921323958831,0.9812648979931881,1.0502810684203416,0.19275632199999998,0.298,4.01341260817504,0.11773556147760002,0.1304241596709677,0.3611428521665183,0.974001704427588,0.31098936706637703,0.00014353876805412236,94695617.66668396,6695991.339583461,0.0002998251982372914,1272.8528134689734,17301242.066110358,1223382.5586996544,44.4329037736236,3.14188075638271,0.0004810006454459482,"[0.340,0.428]",0.38,"[0.100,0.145]",0.12,0.0,0.0,0.0,0.0,9.0,0.9688045205774769,0.11681207741199573,0.31165153010983343,0.0,0.0,0.0,0.0,7.0,0.9798197527924936,0.11695078631885043,0.309793363745447,6.542464e-10,7.733592e-12,0.01413205,0.020756730645445948,1.0,0.01330551,0.021287565144890296,0.01402307,0.02046219064544595,1.013154778681391,2.094834e-09,3.932807e-11,0.01409704,0.02062306064544595,1.0,0.01357331,0.019851862111362632,0.01402307,0.02046219064544595,0.9724400740748336
20,40,0.3054,90.0,0.121264368,12726.07572,899.8694440212582,47,1.0,0.0,0.05,0.0524,0.1633,12726.07572,899.8694440212582,0.0074,1.5707963267948966,0.5000000000000001,0.5000000000000001,0.9999999999999998,0.11889990323958831,1.002579950569928,1.0502810684203416,0.18413563199999997,0.298,4.01341260817504,0.11247004402560001,0.12717509097203944,0.3566161675696146,0.9954443432163279,0.3066080768264309,0.00017529116585811172,72599641.04694836,5133569.85000403,0.0002998251982372914,1307.5124872106953,16639502.917088842,1176590.5349171408,42.733430879171294,3.0217098760403047,0.00028423319328718866,"[0.340,0.428]",0.38,"[0.100,0.145]",0.12,0.0,0.0,0.0,0.0,11.0,0.9978520713365624,0.13048893389199756,0.30605721390893803,0.0,0.0,0.0,0.0,8.0,0.996513243767266,0.12584664657208827,0.30637665022800986,6.542464e-10,7.733592e-12,0.01332721,0.01802327319328719,1.0,0.0121896,0.017980321771356028,0.0131752,0.01768287319328719,0.9918536284305842,2.094834e-09,3.932807e-11,0.01327576,0.01787241319328719,1.0,0.01269079,0.01787957723231873,0.0131752,0.01768287319328719,0.9979171050395965
20,40,0.3054,90.0,0.124712644,11947.23244,844.7969073321689,47,1.0,0.0,0.05,0.0524,0.1633,11947.23244,844.796907332169,0.0074,1.5707963267948966,0.5000000000000001,0.5000000000000001,0.9999999999999998,0.12234817923958831,1.0111059716006239,1.0502810684203416,0.180687356,0.298,4.01341260817504,0.11036383704480003,0.12591708061827075,0.3548479683163915,1.0040213987318238,0.3047058171731629,0.00018783959122394093,63603377.55290683,4497437.956649982,0.0002998251982372914,1322.9039873707648,15805041.43292135,1117585.1972282168,40.59037394215307,2.8701728660589425,0.00018904236651426091,"[0.340,0.428]",0.38,"[0.100,0.145]",0.12,0.0,0.0,0.0,0.0,12.0,1.0092635063316036,0.1358142899032012,0.3036844329339291,0.0,0.0,0.0,0.0,9.0,1.016174413242903,0.13632396472769806,0.30213880531440007,6.542464e-10,7.733592e-12,0.01292062,0.01685784236651426,1.0,0.01167825,0.01674183403166553,0.01275762,0.01651512236651426,0.9875802853282234,2.094834e-09,3.932807e-11,0.01286535,0.01670713236651426,1.0,0.01156891,0.01568826733322986,0.01275762,0.01651512236651426,0.9433271735187664
20,40,0.3054,90.0,0.136206897,10388.55212,734.5815651468993,47,1.0,0.0,0.05,0.0524,0.1633,10388.55212,734.5815651468993,0.0074,1.5707963267948966,0.5000000000000001,0.5000000000000001,0.9999999999999998,0.1338424322395883,1.039526040878762,1.0502810684203416,0.16919310299999998,0.298,4.01341260817504,0.10334314731240002,0.12189546610276862,0.3491353120249635,1.032611582954362,0.2977038366728843,0.00022896052147208657,45372678.45656312,3208332.86203209,0.0002998251982372914,1381.4273154332436,14351029.666369932,1014771.0395076314,36.85619320171677,2.606126414416412,2.85985185929322e-05,"[0.340,0.428]",0.38,"[0.100,0.145]",0.12,0.0,0.0,0.0,0.0,14.0,1.0391504802248652,0.14963806264476653,0.29699596039509235,0.0,0.0,0.0,0.0,10.0,1.0361021086002835,0.146943312911745,0.297630360511435,6.542464e-10,7.733592e-12,0.01140805,0.013359108518592932,1.0,0.01025872,0.013778772370461429,0.01122263,0.013043238518592931,1.0151490821098867,2.094834e-09,3.932807e-11,0.01134502,0.013220908518592932,1.0,0.01047258,0.013871189047599078,0.01122263,0.013043238518592931,1.0242088479567293
20,40,0.3054,90.0,0.145977011,8657.333797,612.1659435207735,47,1.0,0.0,0.05,0.0524,0.1633,8657.333797,612.1659435207735,0.0074,1.5707963267948966,0.5000000000000001,0.5000000000000001,0.9999999999999998,0.1436125462395883,1.063683097169006,1.0502810684203416,0.159422989,0.298,4.01341260817504,0.09737556168120003,0.11868484942169415,0.34450667543850894,1.0569132369318062,0.2908945193984231,0.00026295561199489106,32923175.631513815,2328020.074858365,0.0002998251982372914,1441.3120720636578,12477919.713500803,882322.16450273,32.04568803825935,2.2659723320950516,4.609698002698808e-06,"[0.340,0.428]",0.38,"[0.070,0.100]",0.093,0.0,0.0,0.0,0.0,15.0,1.0539720005162208,0.15642878611173405,0.2934211451138114,0.0,0.0,0.0,0.0,7.0,1.0737524851443845,0.1526188340788792,0.28563967976170745,6.542464e-10,7.733592e-12,0.0100602,0.010982909698002698,1.0,0.009572368,0.012577363808615783,0.009907892,0.010798899698002698,1.0969370789159851,5.055756e-09,1.043033e-10,0.009998242,0.010869189698002699,1.0,0.009013005,0.009555993616315242,0.009907892,0.010798899698002698,0.9034106377951523
20,40,0.3054,90.0,0.157471264,7530.93014,532.5171770636156,47,1.0,0.0,0.05,0.0524,0.1633,7530.93014,532.5171770636156,0.0074,1.5707963267948966,0.5000000000000001,0.5000000000000001,0.9999999999999998,0.1551067992395883,1.0921031664471441,1.0502810684203416,0.14792873599999998,0.298,4.01341260817504,0.0903548719488,0.1151520709345577,0.33934064144242687,1.085503421154344,0.2817786747142794,0.0003016585259912374,24965083.00321921,1765297.948446132,0.0002998251982372914,1526.4421469195984,11495529.171203112,812856.6630285493,29.52272094333998,2.087571617811381,5.101963389026271e-07,"[0.270,0.340]",0.3,"[0.070,0.100]",0.093,0.0,0.0,0.0,0.0,9.0,1.0734901702740713,0.14037901537570552,0.28084495551934374,0.0,0.0,0.0,0.0,7.0,1.0737524851443845,0.1526188340788792,0.28563967976170745,4.406679e-09,8.478459e-11,0.008582071,0.009052928196338902,1.0,0.00888149,0.0073836088140625585,0.008442613,0.008952473196338902,0.8932957008939544,5.055756e-09,1.043033e-10,0.008565893,0.009039785196338902,1.0,0.009013005,0.009555993616315242,0.008442613,0.008952472196338903,1.057585211825355
20,40,0.3054,90.0,0.163218391,6405.768657,452.95624564304967,47,1.0,0.0,0.05,0.0524,0.1633,6405.768657,452.9562456430496,0.0074,1.5707963267948966,0.5000000000000001,0.5000000000000001,0.9999999999999998,0.1608539262395883,1.106313202322486,1.0502810684203416,0.142181609,0.298,4.01341260817504,0.0868445267772,0.11348476993782888,0.3368750064012302,1.099798514509286,0.2767387953748668,0.0003204302214786391,19991150.108876444,1413587.7806808094,0.0002998251982372914,1576.1305019912584,10096327.368997278,713918.1548254555,25.92930269049256,1.8334785765316994,1.6952749416114293e-07,"[0.270,0.340]",0.3,"[0.070,0.100]",0.093,0.0,0.0,0.0,0.0,9.0,1.0734901702740713,0.14037901537570552,0.28084495551934374,0.0,0.0,0.0,0.0,8.0,1.1261944951443845,0.18056486364596683,0.27018598734391713,4.406679e-09,8.478459e-11,0.007952149,0.008487244527494161,1.0,0.00888149,0.0073836088140625585,0.007772773,0.00836058452749416,0.9484394051891659,5.055756e-09,1.043033e-10,0.007888953,0.00841588652749416,1.0,0.006798865,0.008788666550399405,0.007772773,0.00836058452749416,1.0207766399255063
20,40,0.3554,90.0,0.040468392,2430.690415,171.875767505809,48,1.0,0.0,0.05,0.0382,1000.0,2430.690415,171.875767505809,0.0074,1.5707963267948966,0.5000000000000001,0.5000000000000001,0.9999999999999998,0.03724820552784639,0.742255022495032,1.042980908970802,0.314931608,0.348,4.01341260817504,0.22385338696640003,0.22549107771746568,0.4748590082513605,0.732443634696632,0.3317154668081667,-0.00017260574780649266,-14082326.028476372,-995770.8227567135,0.00021985794774957414,1530.9286021839405,3721213.4793778523,263129.5284969601,9.55678903390314,0.6757670330852072,3.6285393983582875e-05,"[0.428,0.523]",0.475,"[0.206,0.322]",0.265,0.0,0.0,0.0,0.0,0.0,0.7466485253811087,0.047766312289884594,0.3310785225990314,0.0,0.0,0.0,0.0,2.0,0.7228559586212869,0.05728595840032001,0.3306039329430672,2.48078e-11,4.147426e-14,0.001894446,0.004094832393983583,1.0,0.003043552,0.006048932010562647,0.002034186,0.004329517393983583,1.4229407780643635,8.328633e-12,5.725275e-15,0.002006185,0.004282791393983583,1.0,0.001990972,0.005221653167042172,0.002034186,0.004329517393983583,1.1562022154159535
20,40,0.3554,90.0,0.071224022,6082.975856,430.1313477571644,48,1.0,0.0,0.05,0.0382,1000.0,6082.975856,430.13134775716446,0.0074,1.5707963267948966,0.5000000000000001,0.5000000000000001,0.9999999999999998,0.06800383552784639,0.8213752954290119,1.042980908970802,0.284175978,0.348,4.01341260817504,0.20199228516240006,0.20706514647225654,0.45504411486388496,0.8120190909546119,0.32784431595257857,-7.92863450450272e-05,-76721607.64309971,-5425036.9027969465,0.00021985794774957414,1567.003374215209,9532043.69162165,674017.2732912123,24.48011411535724,1.731005469518963,0.00012305190094924896,"[0.428,0.523]",0.475,"[0.145,0.206]",0.16,0.0,0.0,0.0,0.0,4.0,0.8109080135120526,0.07982965372017004,0.32699701471296355,0.0,0.0,0.0,0.0,0.0,0.8064986157136859,0.04590475969397277,0.3304320750562701,2.48078e-11,4.147426e-14,0.005769583,0.014229991900949248,1.0,0.005445718,0.014754980500640403,0.005885537,0.014615281900949248,0.9948997075077142,5.512642e-10,5.581626e-12,0.005843514,0.014463821900949247,1.0,0.00798615,0.011220125098395246,0.005885537,0.014615281900949248,0.8834612761841304
20,40,0.3554,90.0,0.099308716,9695.153764,685.5508971170681,48,1.0,0.0,0.05,0.0382,1000.0,9695.153764,685.5508971170681,0.0074,1.5707963267948966,0.5000000000000001,0.5000000000000001,0.9999999999999998,0.0960885295278464,0.8936244626399361,1.042980908970802,0.256091284,0.348,4.01341260817504,0.18202968466720001,0.19189190574076867,0.4380546835051175,0.884683911636736,0.32171322512842515,4.975700523830057e-06,1948500259.9266434,137779774.693788,0.00021985794774957414,1626.1313520725298,15765593.498804398,1114795.8072435136,40.489064090872496,2.8630091782552674,0.0002093477756785601,"[0.428,0.523]",0.475,"[0.145,0.206]",0.16,0.0,0.0,0.0,0.0,11.0,0.8890261900213194,0.1174974248658035,0.31945278952307693,0.0,0.0,0.0,0.0,5.0,0.879783049029,0.0849575904347668,0.3236013043275815,2.48078e-11,4.147426e-14,0.009674689,0.022498317775678563,1.0,0.008380378,0.021921513320160856,0.009785046,0.022705547775678563,0.9494860167993835,5.512642e-10,5.581626e-12,0.00974199,0.022625137775678563,1.0,0.01087772,0.02261266971779298,0.009785046,0.022705547775678563,1.0145929655106007
20,40,0.3554,90.0,0.125977508,10665.34303,754.1536381607895,48,1.0,0.0,0.05,0.0382,1000.0,10665.34303,754.1536381607895,0.0074,1.5707963267948966,0.5000000000000001,0.5000000000000001,0.9999999999999998,0.12275732152784638,0.962231156824368,1.042980908970802,0.22942249199999998,0.348,4.01341260817504,0.1630735073136,0.17894383983549006,0.4230175408130141,0.953685303942768,0.31302429314840075,8.324274504968883e-05,128123394.10039516,9059692.081401495,0.00021985794774957414,1714.3620904206598,18284259.771964215,1292892.407615677,46.957481544691824,3.3203953633920262,6.8881696341609e-05,"[0.340,0.428]",0.38,"[0.145,0.206]",0.16,0.0,0.0,0.0,0.0,8.0,0.9550704636078093,0.11028337121129994,0.31407547671079156,0.0,0.0,0.0,0.0,10.0,0.9517388905603885,0.12330242265917728,0.3134753400296215,6.542464e-10,7.733592e-12,0.01148997,0.02275423169634161,1.0,0.01365493,0.022591080445074685,0.01145614,0.02252230169634161,1.0426501791457274,5.512642e-10,5.581626e-12,0.01149092,0.02265423169634161,1.0,0.01169954,0.02272371263563623,0.01145614,0.02252230169634161,1.010403229869386
20,40,0.3554,90.0,0.149042057,9685.045361,684.8361251215968,48,1.0,0.0,0.05,0.0382,1000.0,9685.045361,684.8361251215968,0.0074,1.5707963267948966,0.5000000000000001,0.5000000000000001,0.9999999999999998,0.1458218705278464,1.0215657700961218,1.042980908970802,0.20635794299999996,0.348,4.01341260817504,0.1466792258844,0.16889276063919123,0.41096564411054026,1.0133612725397219,0.3027655298830548,0.00014876501461461112,65102977.24293554,4603475.668628979,0.00021985794774957414,1825.782792311875,17682789.162873752,1250362.0128005536,45.41278980555199,3.211169162576292,1.1336334756702396e-06,"[0.340,0.428]",0.38,"[0.145,0.206]",0.16,0.0,0.0,0.0,0.0,12.0,1.0092635063316036,0.1358142899032012,0.3036844329339291,0.0,0.0,0.0,0.0,15.0,1.016455005529,0.15778924843835432,0.3020036656802231,6.542464e-10,7.733592e-12,0.01061624,0.01754444363347567,1.0,0.01167825,0.01674183403166553,0.01046175,0.01712835363347567,1.0088027910908022,5.512642e-10,5.581626e-12,0.0105696,0.017366663633475672,1.0,0.009727274,0.017209786574754627,0.01046175,0.01712835363347567,0.988713047114357
20,40,0.3554,90.0,0.168438596,7648.58265,540.8364658280774,48,1.0,0.0,0.05,0.0382,1000.0,7648.58265,540.8364658280774,0.0074,1.5707963267948966,0.5000000000000001,0.5000000000000001,0.9999999999999998,0.1652184095278464,1.071464258914416,1.042980908970802,0.18696140399999997,0.348,4.01341260817504,0.1328921659632,0.16126372658565122,0.4015765513394068,1.063546830135216,0.2918015833743693,0.00020172502589864584,37915883.842012405,2681057.857936842,0.00021985794774957414,1954.429897979125,14948618.608324405,1057026.9587317598,38.390916076096744,2.7146477093371653,2.7925532631848695e-08,"[0.340,0.428]",0.38,"[0.100,0.145]",0.12,0.0,0.0,0.0,0.0,16.0,1.0680360263199464,0.1628337279423674,0.289868388863171,0.0,0.0,0.0,0.0,11.0,1.0535088308888616,0.1562192498131469,0.2935356780259986,6.542464e-10,7.733592e-12,0.008952525,0.012989067925532631,1.0,0.008957236,0.011641608729639564,0.008763521,0.012665997925532631,0.9496384372439961,2.094834e-09,3.932807e-11,0.008892574,0.012846487925532632,1.0,0.009596297,0.012617109954632074,0.008763521,0.012665997925532631,1.0162195000966245
20,40,0.3554,90.0,0.187785861,6303.186864,445.70261746203687,48,1.0,0.0,0.05,0.0382,1000.0,6303.186864,445.70261746203687,0.0074,1.5707963267948966,0.5000000000000001,0.5000000000000001,0.9999999999999998,0.1845656745278464,1.121235988101106,1.042980908970802,0.16761413899999997,0.348,4.01341260817504,0.11914013000120001,0.15440365959271132,0.3929423107692926,1.113604898843906,0.27839897218138215,0.00025207720389715027,25004985.641509086,1768119.4910583326,0.00021985794774957414,2126.789451344385,13405551.332207695,947915.6252548416,34.42802372802526,2.434428904093802,6.976462581782158e-10,"[0.340,0.428]",0.38,"[0.100,0.145]",0.12,0.0,0.0,0.0,0.0,18.0,1.1025158838249856,0.17838087825636706,0.28048280609288956,0.0,0.0,0.0,0.0,13.0,1.114341661833348,0.18863669705104372,0.27831404323073416,6.542464e-10,7.733592e-12,0.00725788,0.01045852069764626,1.0,0.007560256,0.01012075512158948,0.007135358,0.010397880697646258,0.9870416885369626,2.094834e-09,3.932807e-11,0.00719982,0.010385970697646258,1.0,0.007095128,0.010432210572656848,0.007135358,0.010397880697646258,1.0015246765922323
20,40,0.3554,90.0,0.204407119,5690.052462,402.347468118741,48,1.0,0.0,0.05,0.0382,1000.0,5690.052462,402.34746811874095,0.0074,1.5707963267948966,0.5000000000000001,0.5000000000000001,0.9999999999999998,0.2011869325278464,1.1639949388839739,1.042980908970802,0.15099288099999997,0.348,4.01341260817504,0.10732573981480001,0.14910801011268016,0.3861450635611961,1.156609844245174,0.26464781285205174,0.0002929706537103847,19421919.533363517,1373337.1005700813,0.00021985794774957414,2323.380321662905,13220155.919440363,934806.1898979757,33.95189279453014,2.4007613629130944,2.948660789620813e-11,"[0.340,0.428]",0.38,"[0.100,0.145]",0.12,0.0,0.0,0.0,0.0,20.0,1.1637365908993704,0.2054649904940512,0.26135110822469587,0.0,0.0,0.0,0.0,14.0,1.1582206585290002,0.2120195486814606,0.2667232250027974,6.542464e-10,7.733592e-12,0.006064544,0.010163380029486607,1.0,0.005778575,0.010209080025609888,0.005973409,0.010265230029486608,1.0013812818337575,2.094834e-09,3.932807e-11,0.006004323,0.010147140029486608,1.0,0.00583533,0.010891040005105152,0.005973408,0.010265230029486608,1.03790738933109
20,40,0.3554,90.0,0.220438538,5849.39567,413.61473441002283,48,1.0,0.0,0.05,0.0382,1000.0,5849.39567,413.61473441002283,0.0074,1.5707963267948966,0.5000000000000001,0.5000000000000001,0.9999999999999998,0.21721835152784638,1.2052365017067481,1.042980908970802,0.13496146199999998,0.348,4.01341260817504,0.0959306071896,0.14452375622517744,0.3801628022639478,1.1980886720691482,0.2491845699680743,0.0003300197339967805,17724381.506401263,1253303.0355513766,0.00021985794774957414,2572.4270695754767,15047143.762165582,1063993.7391716142,38.64394754419473,2.732539736031732,1.4016916139670008e-12,"[0.340,0.428]",0.38,"[0.070,0.100]",0.093,0.0,0.0,0.0,0.0,21.0,1.192772394417889,0.2180887057036648,0.2511098182544189,0.0,0.0,0.0,0.0,9.0,1.1859284674520771,0.21239673577044052,0.25187910838363897,6.542464e-10,7.733592e-12,0.005134654,0.011240560001401691,1.0,0.005133603,0.01123453000219118,0.00496685,0.011471870001401692,0.9783621637383519,5.055756e-09,1.043033e-10,0.005067224,0.011274660001401692,1.0,0.00520188,0.010641730007367197,0.00496685,0.011471870001401692,0.9324884136355415
20,40,0.3554,90.0,0.233770036,6375.1413,450.7905644252422,48,1.0,0.0,0.05,0.0382,1000.0,6375.1413,450.7905644252422,0.0074,1.5707963267948966,0.5000000000000001,0.5000000000000001,0.9999999999999998,0.23054984952784638,1.239532393560656,1.042980908970802,0.121629964,0.348,4.01341260817504,0.08645457841120001,0.1411030081426413,0.37563680349859396,1.2325818700934559,0.2345099521210773,0.0003588334789185617,17766294.603316147,1256266.739056281,0.00021985794774957414,2841.290626212329,18113629.21646908,1280827.0050864057,46.51926959296113,3.2894090985027984,1.1173585618569739e-13,"[0.340,0.428]",0.38,"[0.070,0.100]",0.093,0.0,0.0,0.0,0.0,22.0,1.221330806454926,0.23037185899477863,0.2402575258744008,0.0,0.0,0.0,0.0,10.0,1.2696817066828463,0.2570283297898619,0.2262074050304832,6.542464e-10,7.733592e-12,0.004395699,0.013009850000111735,1.0,0.004525406,0.012774970000201702,0.004314179,0.013400670000111735,0.936316070503307,5.055756e-09,1.043033e-10,0.004400338,0.013098180000111734,1.0,0.003993222,0.016943800000000907,0.004314179,0.013400670000111735,1.2884257619732922
20,40,0.3794,90.0,0.072579791,4022.093639,284.40496863506246,49,1.0,0.0,0.05,0.0537,0.1888,4022.093639,284.40496863506246,0.0074,1.5707963267948966,0.5000000000000001,0.5000000000000001,0.9999999999999998,0.06890247162934077,0.793786903514886,1.040180656723321,0.306820209,0.372,4.01341260817504,0.23281517458920006,0.23808300065080373,0.48793749666407454,0.7837403644216859,0.3283799098003932,-9.844110019060256e-05,-40857869.641972564,-2889087.6685083257,0.00019240430182871157,1784.8265145903774,7178739.371052498,507613.5289011041,18.436377831780128,1.3036487783748458,8.16901425058231e-05,"[0.428,0.523]",0.475,"[0.206,0.322]",0.265,0.0,0.0,0.0,0.0,2.0,0.7888204129114524,0.06892380942279208,0.3286214171676922,0.0,0.0,0.0,0.0,6.0,0.777675888977065,0.08649916732553582,0.3271749493470448,2.48078e-11,4.147426e-14,0.003956915,0.011005720142505823,1.0,0.004479883,0.011758782080288181,0.004069252,0.011379940142505823,1.0451507925403132,8.328633e-12,5.725275e-15,0.004029757,0.011244960142505823,1.0,0.003500472,0.011102978897432772,0.004069252,0.011379940142505823,0.9578647561540631
20,40,0.3794,90.0,0.102507118,6891.811003,487.3246295230915,49,1.0,0.0,0.05,0.0537,0.1888,6891.811003,487.32462952309146,0.0074,1.5707963267948966,0.5000000000000001,0.5000000000000001,0.9999999999999998,0.09882979862934076,0.8722128405754279,1.040180656723321,0.276892882,0.372,4.01341260817504,0.21010631886160006,0.220614028102266,0.46969567605234136,0.862609225921828,0.3225782745464146,-1.7927406561544884e-05,-384428778.3255417,-27183219.6056972,0.00019240430182871157,1848.452766910152,12739187.117517179,900796.5598254232,32.71667277897825,2.313418118155523,0.00014007519991939867,"[0.428,0.523]",0.475,"[0.206,0.322]",0.265,0.0,0.0,0.0,0.0,9.0,0.8676070538225477,0.10730437820906757,0.3217965048990235,0.0,0.0,0.0,0.0,13.0,0.8651095773096094,0.13309205038438138,0.31911294299053683,2.48078e-11,4.147426e-14,0.007643434,0.0201782951999194,1.0,0.007758984,0.02072104789557842,0.007768807,0.0204599751999194,1.0125942057742148,8.328633e-12,5.725275e-15,0.007717108,0.020334185199919398,1.0,0.005923879,0.018634524252289578,0.007768807,0.0204599751999194,0.8930220944946968
20,40,0.3794,90.0,0.134194875,8165.629389,577.3971913264512,49,1.0,0.0,0.05,0.0537,0.1888,8165.629389,577.3971913264512,0.0074,1.5707963267948966,0.5000000000000001,0.5000000000000001,0.9999999999999998,0.13051755562934075,0.9552520654307499,1.040180656723321,0.245205125,0.372,4.01341260817504,0.18606164885000004,0.20406991332626567,0.45174098034854626,0.94611742958075,0.31312889065555244,6.551583015480017e-05,124635975.3010277,8813094.33097593,0.00019240430182871157,1957.7290760273947,15986090.078909108,1130387.2698763462,41.05534154591121,2.9030510409266017,1.1716507344091813e-05,"[0.428,0.523]",0.475,"[0.145,0.206]",0.16,0.0,0.0,0.0,0.0,17.0,0.952935903916311,0.1473424493725256,0.31124241916337736,0.0,0.0,0.0,0.0,10.0,0.9517388905603885,0.12330242265917728,0.3134753400296215,2.48078e-11,4.147426e-14,0.01012924,0.022662606507344092,1.0,0.009092119,0.021677530833547093,0.01013415,0.022530026507344092,0.9545326800426173,5.512642e-10,5.581626e-12,0.01014363,0.022589936507344092,1.0,0.01169954,0.02272371263563623,0.01013415,0.022530026507344092,1.0373753644446067
20,40,0.3794,90.0,0.144066795,8043.726834,568.7773790333599,49,1.0,0.0,0.05,0.0537,0.1888,8043.726834,568.7773790333599,0.0074,1.5707963267948966,0.5000000000000001,0.5000000000000001,0.9999999999999998,0.14038947562934076,0.98112188589907,1.040180656723321,0.235333205,0.372,4.01341260817504,0.17857083595400003,0.19932607737557206,0.44645949130416307,0.97213335446507,0.3093619603333112,9.093597102121066e-05,88454840.73759782,6254701.77143315,0.00019240430182871157,2003.3614387178989,16114492.16281601,1139466.6683704676,41.38510269350787,2.926368675468107,1.9149297303455553e-06,"[0.428,0.523]",0.475,"[0.145,0.206]",0.16,0.0,0.0,0.0,0.0,19.0,0.9778912214993739,0.15877586923936715,0.3075432233714254,0.0,0.0,0.0,0.0,11.0,0.9659727794565387,0.13088757585880584,0.3111247828675549,2.48078e-11,4.147426e-14,0.01020811,0.021350834929730347,1.0,0.008911699,0.020334641124366126,0.01014269,0.021026474929730348,0.9538777902810501,5.512642e-10,5.581626e-12,0.01019854,0.021215844929730346,1.0,0.01140291,0.021661922131231266,0.01014269,0.021026474929730348,1.044741182686663
20,40,0.3794,90.0,0.153957133,7669.731177,542.3318925488134,49,1.0,0.0,0.05,0.0537,0.1888,7669.731177,542.3318925488134,0.0074,1.5707963267948966,0.5000000000000001,0.5000000000000001,0.9999999999999998,0.15027981362934076,1.007039971583618,1.040180656723321,0.225442867,0.372,4.01341260817504,0.17106604747960003,0.1947688462811797,0.44132623565926793,0.998197817152018,0.3051461045671873,0.00011605312415918866,66088106.05115225,4673134.794759193,0.00019240430182871157,2055.9113952675825,15768287.725433348,1114986.3179081394,40.49598338094954,2.86349844613539,2.9141811891796836e-07,"[0.428,0.523]",0.475,"[0.145,0.206]",0.16,0.0,0.0,0.0,0.0,21.0,1.0016210582338896,0.1695383820655073,0.30376808566095903,0.0,0.0,0.0,0.0,14.0,1.0033982755289999,0.15083139608621363,0.3044718039745159,2.48078e-11,4.147426e-14,0.009951516,0.019356811418118916,1.0,0.008544342,0.01865595849492627,0.009832989,0.018941251418118917,0.9638640778363867,5.512642e-10,5.581626e-12,0.009920887,0.019182371418118918,1.0,0.01020248,0.01834299825554006,0.009832989,0.018941251418118917,0.9853865759134387
20,40,0.3794,90.0,0.17486743,6460.029622,456.79307523821694,49,1.0,0.0,0.05,0.0537,0.1888,6460.029622,456.79307523821694,0.0074,1.5707963267948966,0.5000000000000001,0.5000000000000001,0.9999999999999998,0.17119011062934075,1.06183636674578,1.040180656723321,0.20453257,0.372,4.01341260817504,0.15519931411600002,0.1857779321908049,0.4310196424651722,1.05330368470978,0.29463272588729617,0.0001677840252335371,38502054.13184206,2722506.3566237055,0.00019240430182871157,2194.1931754452007,14174552.90976624,1002292.2482783217,36.402967085667406,2.5740784881586114,5.405655499120162e-09,"[0.428,0.523]",0.475,"[0.145,0.206]",0.16,0.0,0.0,0.0,0.0,25.0,1.0540822701299413,0.19296847295347208,0.2945230252655066,0.0,0.0,0.0,0.0,17.0,1.04662203761939,0.17386507716325098,0.29604513483081624,2.48078e-11,4.147426e-14,0.008682587,0.0145967454056555,1.0,0.007445348,0.014978080084420526,0.008504698,0.0142091554056555,1.0138063637200336,5.512642e-10,5.581626e-12,0.008629114,0.014430405405655499,1.0,0.008620011,0.014858556080199026,0.008504698,0.0142091554056555,1.0340299928917291
20,40,0.1374,140.0,0.03967732,17675.5448,1249.8497589246617,50,1.0,0.0,0.05,0.0358,0.0508,17675.5448,1249.8497589246617,0.0074,2.443460952792061,0.8830222215594888,0.11697777844051105,7.548632170413027,0.0388811964489046,0.9133389332193005,1.1170863905325443,0.09772268,0.13,4.01341260817504,0.04742569737549473,0.04899998709787713,0.2213594070688597,0.9073868412902253,0.06024671260954003,8.497935194814396e-05,207998112.42130864,14707687.576710919,0.00011818002047659553,544.1940303749343,9618925.963784711,680160.7776723517,24.70324443304795,1.7467831655917037,0.0006067516713556312,"[0.186,0.223]",0.205,"[0.045,0.070]",0.056,0.0,0.0,0.0,0.0,0.0,0.9172361775290001,0.04114579578094679,0.05976933726939024,0.0,0.0,0.0,0.0,0.0,0.9087974375290001,0.044998212140816195,0.060084783868317164,2.203918e-08,1.633651e-10,0.02719336,0.014876391671355632,1.0,0.02654147,0.014722913197006422,0.02709099,0.014984341671355633,0.9876039403495253,1.729404e-08,1.92516e-10,0.02714121,0.014933281671355632,1.0,0.02465651,0.017188832998642913,0.02709099,0.01498433167135563,1.1081448440337376
20,40,0.1374,140.0,0.04995306,19079.9031,1349.152886639223,50,1.0,0.0,0.05,0.0358,0.0508,19079.9031,1349.152886639223,0.0074,2.443460952792061,0.8830222215594888,0.11697777844051105,7.548632170413027,0.0491569364489046,0.9373401595300836,1.1170863905325443,0.08744694000000001,0.13,4.01341260817504,0.04243878813856768,0.04493409634193128,0.21197664102898528,0.9316566493211923,0.058875649724917226,0.0001610442595948526,118476145.30316262,8377528.575270902,0.00011818002047659553,558.4929925965642,10655992.180771463,753492.4331294328,27.366629133994326,1.9351129038864723,0.0010092071584093508,"[0.186,0.223]",0.205,"[0.035,0.045]",0.04,0.0,0.0,0.0,0.0,1.0,0.9372361775290001,0.051303261603419914,0.05845908330022473,0.0,0.0,0.0,0.0,1.0,0.9372361775290001,0.05162674136418723,0.058468452167634515,2.203918e-08,1.633651e-10,0.0233573,0.01606450715840935,1.0,0.02239663,0.015333257077299862,0.0232362,0.01604649715840935,0.9619907424630392,2.589981e-08,1.887024e-10,0.02330427,0.01605248715840935,1.0,0.02239472,0.015462187175386806,0.0232362,0.01604649715840935,0.9688311018053245
20,40,0.1674,140.0,0.03974003,10886.07595,769.7618124756788,51,1.0,0.0,0.05,0.0362,0.0512,10886.07595,769.7618124756788,0.0074,2.443460952792061,0.8830222215594888,0.11697777844051105,7.548632170413027,0.03853576960318727,0.8869671923059704,1.0946390624999998,0.12765996999999998,0.16,4.01341260817504,0.0754817248739984,0.0770609948583993,0.27759862185969025,0.8794484919913816,0.0609268030284294,-1.923939186181329e-06,-5658222478.230661,-400096748.38190526,7.801727914275251e-05,813.9602213054034,8860832.789409429,626555.4952351518,22.756315944344905,1.6091145319069835,0.000365474723896518,"[0.270,0.340]",0.3,"[0.070,0.100]",0.093,0.0,0.0,0.0,0.0,1.0,0.8832257966749965,0.04824907105315002,0.060612874896574305,0.0,0.0,0.0,0.0,0.0,0.8834385716743224,0.05120170203412138,0.060522256797763734,4.406679e-09,8.478459e-11,0.02133235,0.01532115472389652,1.0,0.01982737,0.018632052556878564,0.02146095,0.015542174723896518,1.1649094183471342,5.055756e-09,1.043033e-10,0.02141595,0.015455074723896518,1.0,0.01886037,0.019432256134201152,0.02146095,0.015542174723896518,1.2045471887940684
20,40,0.1674,140.0,0.045051041,12101.26582,855.6887122970094,51,1.0,0.0,0.05,0.0362,0.0512,12101.26582,855.6887122970094,0.0074,2.443460952792061,0.8830222215594888,0.11697777844051105,7.548632170413027,0.043846780603187266,0.8999349828224225,1.0946390624999998,0.12234895900000001,0.16,4.01341260817504,0.07234147447988679,0.07437107077507046,0.2727105989415711,0.8925550988334993,0.0605296471485372,2.584464597033435e-05,468231053.88599163,33108935.339226834,7.801727914275251e-05,819.9940442175531,9922965.899893444,701659.647787735,25.48407722949325,1.801996382274546,0.0004907836084335039,"[0.270,0.340]",0.3,"[0.070,0.100]",0.093,0.0,0.0,0.0,0.0,2.0,0.896628803539834,0.05501890248377339,0.0601586176039356,0.0,0.0,0.0,0.0,0.0,0.8834385716743224,0.05120170203412138,0.060522256797763734,4.406679e-09,8.478459e-11,0.02245889,0.017588583608433503,1.0,0.01933333,0.020627065722936856,0.02244576,0.017760973608433504,1.1284568947987403,5.055756e-09,1.043033e-10,0.02245603,0.017683853608433504,1.0,0.01886037,0.019432256134201152,0.02244576,0.017760973608433504,1.061327785745172
20,40,0.1674,140.0,0.050351164,13518.98734,955.9367623596194,51,1.0,0.0,0.05,0.0362,0.0512,13518.98734,955.9367623596194,0.0074,2.443460952792061,0.8830222215594888,0.11697777844051105,7.548632170413027,0.04914690360318726,0.9128761883246196,1.0946390624999998,0.117048836,0.16,4.01341260817504,0.06920766185182216,0.07174290156797705,0.2678486542209556,0.9056348360767219,0.06005893208908018,5.3528671458129576e-05,252556003.57230288,17858406.276855916,7.801727914275251e-05,827.2491431453162,11183570.693207378,790797.8675631029,28.721551814488713,2.030920405572803,0.0006283078469471663,"[0.223,0.270]",0.24,"[0.045,0.070]",0.056,0.0,0.0,0.0,0.0,0.0,0.8997251675290001,0.04015695024120147,0.060488368176085855,0.0,0.0,0.0,0.0,0.0,0.9087974375290001,0.044998212140816195,0.060084783868317164,1.398818e-08,1.60131e-10,0.02242979,0.019096187846947166,1.0,0.02586177,0.015635959348092844,0.02235884,0.019204127846947167,0.8504721969305221,1.729404e-08,1.92516e-10,0.02239881,0.019148447846947168,1.0,0.02465651,0.017188832998642913,0.02235884,0.019204127846947167,0.9194447537707224
20,40,0.1964,140.0,0.03882979,7266.19862,513.7978317650334,52,1.0,0.0,0.05,0.0367,1000.0,7266.19862,513.7978317650334,0.0074,2.443460952792061,0.8830222215594888,0.11697777844051105,7.548632170413027,0.03715171260889272,0.8529737635049713,1.0798398701044203,0.15757021,0.189,4.01341260817504,0.10930681035348068,0.11081456294492478,0.3328882138870717,0.8439152992808594,0.06132895249156389,-5.613551722845139e-05,-129440307.6474593,-9152811.92963914,5.59122741819788e-05,1127.3470238878274,8191527.389234839,579228.456520329,21.03741146757458,1.4875696307333623,0.00019443156313747717,"[0.270,0.340]",0.3,"[0.100,0.145]",0.12,0.0,0.0,0.0,0.0,0.0,0.8599996525630798,0.03640625624950056,0.06126353885721877,0.0,0.0,0.0,0.0,0.0,0.8456444244855218,0.04544956636102806,0.06113535748608514,4.406679e-09,8.478459e-11,0.01264214,0.012775811563137477,1.0,0.01647601,0.013263993057365451,0.01298956,0.013093661563137477,1.041261830335465,2.094834e-09,3.932807e-11,0.01287735,0.012988911563137478,1.0,0.01372065,0.0152145700136311,0.01298956,0.013093661563137477,1.153795433219356
20,40,0.1964,140.0,0.04946809,9220.21545,651.9676868695975,52,1.0,0.0,0.05,0.0367,1000.0,9220.21545,651.9676868695974,0.0074,2.443460952792061,0.8830222215594888,0.11697777844051105,7.548632170413027,0.047790012608892714,0.8800387774232812,1.0798398701044203,0.14693191,0.189,4.01341260817504,0.10192699763010211,0.10437408955835022,0.3230697905381285,0.8712583713160379,0.06075436128492034,-1.4006235446582188e-05,-658293621.0921632,-46548388.34861163,5.59122741819788e-05,1139.4026866098627,10505538.254851764,742853.734002037,26.980234631957465,1.9077906866261258,0.00034667544895048156,"[0.270,0.340]",0.3,"[0.100,0.145]",0.12,0.0,0.0,0.0,0.0,0.0,0.8599996525630798,0.03640625624950056,0.06126353885721877,0.0,0.0,0.0,0.0,1.0,0.8656776655681202,0.05612515922291282,0.06062968140025641,4.406679e-09,8.478459e-11,0.01740637,0.018090295448950484,1.0,0.01647601,0.013263993057365451,0.0174456,0.01835605544895048,0.7401321077805709,2.094834e-09,3.932807e-11,0.01743585,0.01823727544895048,1.0,0.01431265,0.01932100154506152,0.0174456,0.01835605544895048,1.0309410896369902
20,40,0.1964,140.0,0.06117021,10215.9816,722.3789865836995,52,1.0,0.0,0.05,0.0367,1000.0,10215.9816,722.3789865836995,0.0074,2.443460952792061,0.8830222215594888,0.11697777844051105,7.548632170413027,0.05949213260889272,0.9098102672923141,1.0798398701044203,0.13522979,0.189,4.01341260817504,0.09380921057140824,0.09755100516285234,0.3123315628668552,0.9013357248522518,0.05988220019330865,3.226819596900515e-05,316595994.7005666,22386717.47492709,5.59122741819788e-05,1158.1455066081364,11831593.1856314,836619.9773800509,30.38579770729782,2.1486003610592936,0.0005475087424552509,"[0.270,0.340]",0.3,"[0.070,0.100]",0.093,0.0,0.0,0.0,0.0,2.0,0.896628803539834,0.05501890248377339,0.0601586176039356,0.0,0.0,0.0,0.0,1.0,0.9031708323686669,0.0617169042696885,0.059824359334036174,4.406679e-09,8.478459e-11,0.01773384,0.02173244874245525,1.0,0.01933333,0.020627065722936856,0.01769442,0.02185439874245525,0.9527414152173325,5.055756e-09,1.043033e-10,0.01772154,0.021789388742455253,1.0,0.01777482,0.021935676937760502,0.01769442,0.02185439874245525,1.0046508693162233
20,40,0.1964,140.0,0.0712766,11213.3555,792.903971390547,52,1.0,0.0,0.05,0.0367,1000.0,11213.3555,792.9039713905471,0.0074,2.443460952792061,0.8830222215594888,0.11697777844051105,7.548632170413027,0.06959852260889271,0.9355220432352626,1.0798398701044203,0.1251234,0.189,4.01341260817504,0.08679838501568732,0.09187873872324731,0.30311505855573606,0.9273116561369128,0.058889641985134945,7.214514019920472e-05,155427731.7784408,10990400.312497936,5.59122741819788e-05,1180.1535496052463,13233481.29631051,935748.4363326508,33.98611491488174,2.403181232249815,0.0007407564476891593,"[0.270,0.340]",0.3,"[0.070,0.100]",0.093,0.0,0.0,0.0,0.0,3.0,0.9155247687318737,0.06448557948554778,0.059422596801885955,0.0,0.0,0.0,0.0,2.0,0.9224904349396676,0.07201220349017164,0.05903501236437732,4.406679e-09,8.478459e-11,0.01836858,0.02224603644768916,1.0,0.0185881,0.022002367536737254,0.01836929,0.022217606447689157,0.984260655723023,5.055756e-09,1.043033e-10,0.01837604,0.02222353644768916,1.0,0.01773394,0.02272194855029541,0.01836929,0.022217606447689157,1.015624219631123
20,40,0.1964,140.0,0.08191489,10900.3698,770.7725403021051,52,1.0,0.0,0.05,0.0367,1000.0,10900.3698,770.7725403021051,0.0074,2.443460952792061,0.8830222215594888,0.11697777844051105,7.548632170413027,0.08023681260889272,0.9625870317124644,1.0798398701044203,0.11448511,0.189,4.01341260817504,0.07941857922933133,0.08612862843304343,0.2934767936874114,0.9546547024696086,0.057561155186204305,0.00011399571584842681,95620872.4062364,6761416.730142338,5.59122741819788e-05,1210.802139596581,13198191.076233955,933253.0409400808,33.89548286968985,2.396772578875015,0.0009569541958713479,"[0.270,0.340]",0.3,"[0.070,0.100]",0.093,0.0,0.0,0.0,0.0,5.0,0.9557804992094181,0.08436109839952921,0.05749242376624663,0.0,0.0,0.0,0.0,4.0,0.9663204230381877,0.09536893873594765,0.056903051676219084,4.406679e-09,8.478459e-11,0.01820352,0.020235104195871347,1.0,0.01775622,0.020256303083755884,0.01810185,0.020039114195871347,1.0092867579949205,5.055756e-09,1.043033e-10,0.01817253,0.020151004195871347,1.0,0.0163027,0.0200104580810986,0.01810185,0.020039114195871347,1.000279347526309
20,40,0.1964,140.0,0.09255319,9730.96093,688.0828461064353,52,1.0,0.0,0.05,0.0367,1000.0,9730.96093,688.0828461064353,0.0074,2.443460952792061,0.8830222215594888,0.11697777844051105,7.548632170413027,0.09087511260889271,0.9896520456307744,1.0798398701044203,0.10384681000000001,0.189,4.01341260817504,0.07203876650595276,0.08060485948512885,0.28390994960573124,0.9819977745047872,0.055889425499627304,0.00015567189260318434,62509427.79249636,4420084.028016502,5.59122741819788e-05,1251.44683085326,12177780.21700539,861099.09712439,31.274872317891667,2.2114674296724637,0.0011776666131848722,"[0.270,0.340]",0.3,"[0.070,0.100]",0.093,0.0,0.0,0.0,0.0,6.0,0.97404856374543,0.09325429665551266,0.056458606886449166,0.0,0.0,0.0,0.0,5.0,0.9881069821703372,0.10697886416924347,0.055694429518100136,4.406679e-09,8.478459e-11,0.01649536,0.016586796613184872,1.0,0.01655317,0.018197466893334947,0.01631216,0.016335686613184873,1.0950936017389536,5.055756e-09,1.043033e-10,0.01643634,0.016476966613184874,1.0,0.01477536,0.017542232291263782,0.01631216,0.016335686613184873,1.0619486446115238
20,40,0.1964,140.0,0.10319149,7503.61756,530.5858860106456,52,1.0,0.0,0.05,0.0367,1000.0,7503.61756,530.5858860106456,0.0074,2.443460952792061,0.8830222215594888,0.11697777844051105,7.548632170413027,0.10151341260889271,1.0167170595490842,1.0798398701044203,0.09320851000000001,0.189,4.01341260817504,0.06465895378257419,0.0753074373909943,0.2744220060253811,1.0093408465399658,0.05381092690270122,0.00019711596177058484,38067021.52681654,2691744.9061186262,5.59122741819788e-05,1305.5145251507577,9796081.715756286,692687.581026882,25.158214339267325,1.7789543961840566,0.0013660283885967115,"[0.270,0.340]",0.3,"[0.045,0.070]",0.056,0.0,0.0,0.0,0.0,7.0,0.996014000750913,0.10384695506799158,0.055088654092683,0.0,0.0,0.0,0.0,5.0,1.0087974375290003,0.09828760659211139,0.05347117566455069,4.406679e-09,8.478459e-11,0.013946,0.012642468388596713,1.0,0.01476192,0.015433074375238259,0.01372677,0.012368398388596711,1.2063829762307436,1.729404e-08,1.92516e-10,0.01387732,0.012535998388596712,1.0,0.01360288,0.011312701664817366,0.01372677,0.012368398388596711,0.9267340994963135
20,40,0.1964,140.0,0.11382979,5981.56386,422.96043675063805,52,1.0,0.0,0.05,0.0367,1000.0,5981.56386,422.96043675063805,0.0074,2.443460952792061,0.8830222215594888,0.11697777844051105,7.548632170413027,0.11215171260889271,1.0437820734673944,1.0798398701044203,0.08257021,0.189,4.01341260817504,0.05727914105919561,0.07023636215063972,0.2650214371529966,1.0366839185751446,0.05124934473262611,0.0002382569720575619,25105514.47180685,1775227.9528191627,5.59122741819788e-05,1378.199808080938,8243790.163875875,582923.9927555592,21.171632284074015,1.4970604756856771,0.0012789054849045218,"[0.223,0.270]",0.24,"[0.045,0.070]",0.056,0.0,0.0,0.0,0.0,7.0,1.0397251675290002,0.10925989567869909,0.04988969326034557,0.0,0.0,0.0,0.0,6.0,1.0287974375290003,0.10894548548237042,0.051821237630034565,1.398818e-08,1.60131e-10,0.01125751,0.009047472484904522,1.0,0.01006925,0.007385038766334237,0.01105327,0.008869073484904521,0.8594425258747928,1.729404e-08,1.92516e-10,0.01119037,0.008959259484904522,1.0,0.01167206,0.009453650690679577,0.01105327,0.008869073484904521,1.0548579035734207
20,40,0.2264,140.0,0.05344828,6086.28252,430.3651642109149,53,1.0,0.0,0.05,0.0522,0.1124,6086.28252,430.3651642109149,0.0074,2.443460952792061,0.8830222215594888,0.11697777844051105,7.548632170413027,0.05119837086796279,0.8525955760920825,1.0687216696899562,0.17295172,0.219,4.01341260817504,0.13830342400253606,0.14116014263749446,0.37571284598412985,0.842350954567344,0.06094177577562373,-4.40395811586841e-05,-138200281.65276623,-9772235.63185618,4.1643050521349935e-05,1524.512121650282,9278611.477528226,656096.909575554,23.829251643234098,1.684982542753151,0.00021729286652884578,"[0.340,0.428]",0.38,"[0.100,0.145]",0.12,0.0,0.0,0.0,0.0,1.0,0.8396920518425108,0.05374113893276278,0.06095559939779122,0.0,0.0,0.0,0.0,0.0,0.8456444244855218,0.04544956636102806,0.06113535748608514,6.542464e-10,7.733592e-12,0.01184223,0.016179912866528846,1.0,0.01142183,0.01628324488532103,0.01185957,0.016529802866528845,0.9831464427506473,2.094834e-09,3.932807e-11,0.01186074,0.016385542866528845,1.0,0.01372065,0.0152145700136311,0.01185957,0.016529802866528845,0.9365271376776722
20,40,0.2264,140.0,0.06551724,7360.85904,520.4913342542301,53,1.0,0.0,0.05,0.0522,0.1124,7360.85904,520.4913342542301,0.0074,2.443460952792061,0.8830222215594888,0.11697777844051105,7.548632170413027,0.0632673308679628,0.884579206751337,1.0687216696899562,0.16088275999999999,0.219,4.01341260817504,0.12865230002325645,0.13294480876047404,0.36461597436271775,0.8746500371587835,0.06023738056736066,-6.607232833572825e-06,-1114060791.4704976,-78775994.03028412,4.1643050521349935e-05,1544.6539522327628,11369980.00796426,803978.9965587005,29.200286642511486,2.0647720697510836,0.00033721948822478394,"[0.340,0.428]",0.38,"[0.100,0.145]",0.12,0.0,0.0,0.0,0.0,3.0,0.8723872420289507,0.070085687188716,0.060136242260727085,0.0,0.0,0.0,0.0,2.0,0.882850844054246,0.06527664204620932,0.06012018722525654,6.542464e-10,7.733592e-12,0.01280672,0.021058699488224784,1.0,0.0118138,0.02151222242431612,0.01286081,0.021318119488224783,1.004743011211387,2.094834e-09,3.932807e-11,0.01284002,0.021190939488224782,1.0,0.01400137,0.021870067751968342,0.01286081,0.021318119488224783,1.0318662879422198
20,40,0.2264,140.0,0.07471264,8152.34926,576.4581444347133,53,1.0,0.0,0.05,0.0522,0.1124,8152.34926,576.4581444347133,0.0074,2.443460952792061,0.8830222215594888,0.11697777844051105,7.548632170413027,0.07246273086796279,0.9089476923013853,1.0687216696899562,0.15168736,0.219,4.01341260817504,0.12129906118253882,0.12688103975830842,0.35620364927707915,0.8992588670879011,0.059552114402942675,2.1871558732088524e-05,372737460.5468519,26356518.59549322,4.1643050521349935e-05,1564.7077319750997,12756043.920883482,901988.5157570146,32.7599642790361,2.3164792893135493,0.0004389931762719877,"[0.340,0.428]",0.38,"[0.100,0.145]",0.12,0.0,0.0,0.0,0.0,5.0,0.9064876069630123,0.08685509295375982,0.05906863658041865,0.0,0.0,0.0,0.0,3.0,0.8980617832153133,0.073382459415497,0.059613399112670676,6.542464e-10,7.733592e-12,0.01436568,0.02330518317627199,1.0,0.01342611,0.024106214350010098,0.01446633,0.02343150317627199,1.0300517903732933,2.094834e-09,3.932807e-11,0.01442061,0.023362823176271988,1.0,0.01453131,0.023310048401236814,0.01446633,0.02343150317627199,0.9945039365112469
20,40,0.2264,140.0,0.08390805,8549.10264,604.5128449803816,53,1.0,0.0,0.05,0.0522,0.1124,8549.10264,604.5128449803816,0.0074,2.443460952792061,0.8830222215594888,0.11697777844051105,7.548632170413027,0.08165814086796279,0.9333162043521683,1.0687216696899562,0.14249195,0.219,4.01341260817504,0.11394581434517197,0.12098637519997446,0.3478309577941194,0.9238677237791282,0.05871954643529547,5.030103589804719e-05,169958778.92709357,12017900.510153316,4.1643050521349935e-05,1589.704245093925,13590544.75855168,960996.6358791185,34.903122283382515,2.4680234451163074,0.0005473174468542252,"[0.340,0.428]",0.38,"[0.100,0.145]",0.12,0.0,0.0,0.0,0.0,6.0,0.9223887213663167,0.09458164677577774,0.058498965252556615,0.0,0.0,0.0,0.0,4.0,0.9178274233290482,0.08391544934152863,0.058881727743056334,6.542464e-10,7.733592e-12,0.01566653,0.023847627446854227,1.0,0.01378593,0.024231608349923276,0.01569998,0.023804997446854225,1.0119902630550355,2.094834e-09,3.932807e-11,0.01569221,0.023827027446854224,1.0,0.01508705,0.024015443166125878,0.01569998,0.023804997446854225,1.0030142318207675
20,40,0.2264,140.0,0.0954023,8529.69349,603.1404108221749,53,1.0,0.0,0.05,0.0522,0.1124,8529.69349,603.1404108221749,0.0074,2.443460952792061,0.8830222215594888,0.11697777844051105,7.548632170413027,0.09315239086796279,0.9637768112897287,1.0687216696899562,0.1309977,0.219,4.01341260817504,0.10475426579427492,0.11385586463956492,0.3374253467651251,0.9546287611905252,0.05744157407751475,8.574560914329483e-05,99476737.93704697,7034067.596560301,4.1643050521349935e-05,1629.488026003504,13899033.407435039,982810.0774335682,35.695380226408396,2.5240445415125574,0.000686025023309854,"[0.270,0.340]",0.3,"[0.100,0.145]",0.12,0.0,0.0,0.0,0.0,5.0,0.9557804992094181,0.08436109839952921,0.05749242376624663,0.0,0.0,0.0,0.0,6.0,0.9607444672681305,0.1067856821730618,0.05703886788172976,4.406679e-09,8.478459e-11,0.01603626,0.022070625023309854,1.0,0.01775622,0.020256303083755884,0.01595532,0.021857275023309853,0.9393484679304923,2.094834e-09,3.932807e-11,0.01602184,0.022002575023309854,1.0,0.01443667,0.021876590188762392,0.01595532,0.021857275023309853,1.0005081060620231
20,40,0.2264,140.0,0.10574713,7588.97963,536.6218958659576,53,1.0,0.0,0.05,0.0522,0.1124,7588.97963,536.6218958659576,0.0074,2.443460952792061,0.8830222215594888,0.11697777844051105,7.548632170413027,0.10349722086796279,0.9911913707839002,1.0687216696899562,0.12065287000000001,0.219,4.01341260817504,0.09648186810014299,0.1076643236033799,0.32812242167121086,0.9823137082418371,0.056031607352943255,0.00011753130704147675,64569856.500633076,4565778.339183993,4.1643050521349935e-05,1675.4935885463672,12715286.71367398,899106.5459970083,32.655291963655415,2.3090778389127316,0.0007811368546679052,"[0.270,0.340]",0.3,"[0.070,0.100]",0.093,0.0,0.0,0.0,0.0,6.0,0.97404856374543,0.09325429665551266,0.056458606886449166,0.0,0.0,0.0,0.0,5.0,0.9881069821703372,0.10697886416924347,0.055694429518100136,4.406679e-09,8.478459e-11,0.01516131,0.018818326854667906,1.0,0.01655317,0.018197466893334947,0.01499348,0.018507176854667903,0.9856987380539503,5.055756e-09,1.043033e-10,0.01511205,0.018680766854667904,1.0,0.01477536,0.017542232291263782,0.01499348,0.018507176854667903,0.9558648111992227
20,40,0.2564,140.0,0.05415204,3198.66845,226.18001517624631,54,1.0,0.0,0.05,0.0529,0.1301,3198.66845,226.18001517624631,0.0074,2.443460952792061,0.8830222215594888,0.11697777844051105,7.548632170413027,0.05124758485330384,0.8106081583913278,1.0603209625651202,0.20224795999999998,0.249,4.01341260817504,0.18316133268446855,0.18609377612063016,0.4313858784436855,0.7988136838983715,0.06120335319201031,-7.369217982887889e-05,-43405805.84571727,-3069253.965637337,3.221306666109361e-05,1961.2784335289602,6273479.446994508,443601.9858604248,16.111496939293463,1.1392548740840713,0.00011168608810382574,"[0.428,0.523]",0.475,"[0.145,0.206]",0.16,0.0,0.0,0.0,0.0,3.0,0.801563099819252,0.0752298859452013,0.060658613404502806,0.0,0.0,0.0,0.0,0.0,0.8064986157136859,0.04590475969397277,0.06136437649136755,2.48078e-11,4.147426e-14,0.006597519,0.011242966088103826,1.0,0.005014322,0.0135131684709887,0.006677292,0.011631526088103826,1.145157689655533,5.512642e-10,5.581626e-12,0.006653605,0.011485596088103825,1.0,0.00798615,0.011220125098395246,0.006677292,0.011631526088103826,0.977280231767359
20,40,0.2564,140.0,0.06953282,4701.87278,332.4726127014444,54,1.0,0.0,0.05,0.0529,0.1301,4701.87278,332.4726127014444,0.0074,2.443460952792061,0.8830222215594888,0.11697777844051105,7.548632170413027,0.06662836485330384,0.8529981438200258,1.0603209625651202,0.18686718,0.249,4.01341260817504,0.1692320739541129,0.1740668870112653,0.417213239256936,0.8416056838146071,0.06050126492504105,-3.4993731052608046e-05,-134363288.46819475,-9500919.241838478,3.221306666109361e-05,1987.0068068493447,9342653.21879965,660625.3445287559,23.993723102366065,1.6966124311595372,0.00019326279740362082,"[0.340,0.428]",0.38,"[0.145,0.206]",0.16,0.0,0.0,0.0,0.0,1.0,0.8396920518425108,0.05374113893276278,0.06095559939779122,0.0,0.0,0.0,0.0,2.0,0.8431689225290001,0.06544614413928573,0.06060085298006926,6.542464e-10,7.733592e-12,0.008388707,0.01778625279740362,1.0,0.01142183,0.01628324488532103,0.008508886,0.018166872797403623,0.9133947916698404,5.512642e-10,5.581626e-12,0.008456527,0.017989992797403622,1.0,0.00915674,0.01807197839313054,0.008508886,0.018166872797403623,0.9974688033527825
20,40,0.2564,140.0,0.08541407,5809.34804,410.78293933567784,54,1.0,0.0,0.05,0.0529,0.1301,5809.34804,410.78293933567784,0.0074,2.443460952792061,0.8830222215594888,0.11697777844051105,7.548632170413027,0.08250961485330384,0.8967674426520428,1.0603209625651202,0.17098592999999998,0.249,4.01341260817504,0.15484957578357403,0.16214513913753892,0.40267249612748435,0.8857900781476459,0.05949351405951555,4.901793422750688e-06,1185147463.178901,83802580.79198349,3.221306666109361e-05,2025.0016345581316,11763939.276717078,831836.1236033414,30.21204950972836,2.136314508187263,0.00029151890639436516,"[0.340,0.428]",0.38,"[0.145,0.206]",0.16,0.0,0.0,0.0,0.0,4.0,0.8893227882223937,0.07844858835267876,0.059632648153406805,0.0,0.0,0.0,0.0,5.0,0.879783049029,0.0849575904347668,0.059600722595186416,6.542464e-10,7.733592e-12,0.01130939,0.022865778906394366,1.0,0.01272149,0.023207921104206854,0.01144407,0.023097768906394367,1.0082430975289456,5.512642e-10,5.581626e-12,0.01138236,0.022990178906394366,1.0,0.01087772,0.02261266971779298,0.01144407,0.023097768906394367,0.9757983678527445
20,40,0.2564,140.0,0.09365248,6602.73104,466.88358927349054,54,1.0,0.0,0.05,0.0529,0.1301,6602.73104,466.8835892734905,0.0074,2.443460952792061,0.8830222215594888,0.11697777844051105,7.548632170413027,0.09074802485330384,0.9194727982878195,1.0603209625651202,0.16274752,0.249,4.01341260817504,0.14738864438628801,0.15615943139643843,0.3951701296864914,0.908710764876792,0.05883851363174737,2.5560373755335003e-05,258319033.32876214,18265914.01763215,3.221306666109361e-05,2050.397251027149,13538221.57368763,957296.8279960535,34.768746321858465,2.4585216297540953,0.00034560414702742594,"[0.340,0.428]",0.38,"[0.145,0.206]",0.16,0.0,0.0,0.0,0.0,5.0,0.9064876069630123,0.08685509295375982,0.05906863658041865,0.0,0.0,0.0,0.0,7.0,0.9064525725289999,0.09916961801096263,0.05873633082101963,6.542464e-10,7.733592e-12,0.01257017,0.024120074147027423,1.0,0.01342611,0.024106214350010098,0.01265451,0.024177514147027426,0.9968903842616781,5.512642e-10,5.581626e-12,0.01261971,0.024147774147027425,1.0,0.01169619,0.024013572897685038,0.01265451,0.024177514147027426,0.9910781520352226
20,40,0.2564,140.0,0.10399692,6771.5528,478.8210904042753,54,1.0,0.0,0.05,0.0529,0.1301,6771.5528,478.82109040427537,0.0074,2.443460952792061,0.8830222215594888,0.11697777844051105,7.548632170413027,0.10109246485330385,0.9479824487000901,1.0603209625651202,0.15240308,0.249,4.01341260817504,0.13802043411472567,0.14883579348421208,0.3857924227926361,0.9374907926525945,0.057869384034941775,5.145132364254568e-05,131610857.03149,9306292.948473979,3.221306666109361e-05,2089.030518477875,14145980.456684306,1000271.8707453848,36.32958755294283,2.568889771639627,0.00040456402379402014,"[0.340,0.428]",0.38,"[0.100,0.145]",0.12,0.0,0.0,0.0,0.0,7.0,0.9399285011860588,0.10303795316723663,0.05781897853909025,0.0,0.0,0.0,0.0,5.0,0.9411357339332085,0.09633630691931264,0.05792107754260295,6.542464e-10,7.733592e-12,0.01353851,0.02393586402379402,1.0,0.01385198,0.023634045747952664,0.01353426,0.023777094023794017,0.9964972416040028,2.094834e-09,3.932807e-11,0.01355411,0.023873664023794018,1.0,0.01501349,0.023356981193341755,0.01353426,0.023777094023794017,0.9888212698853781
20,40,0.2564,140.0,0.12565955,6067.73251,429.05348042470706,54,1.0,0.0,0.05,0.0529,0.1301,6067.73251,429.05348042470706,0.0074,2.443460952792061,0.8830222215594888,0.11697777844051105,7.548632170413027,0.12275509485330385,1.0076854397088215,1.0603209625651202,0.13074044999999998,0.249,4.01341260817504,0.11840215870541845,0.13419248121162095,0.3663229193097546,0.9977599897378815,0.0552160920241018,0.0001054285539891348,57553027.90765132,4069613.6311318865,3.221306666109361e-05,2201.76376181196,13359713.556886327,944674.4050784173,34.310303540522604,2.4261048298072345,0.00014486540882888125,"[0.340,0.428]",0.38,"[0.100,0.145]",0.12,0.0,0.0,0.0,0.0,11.0,0.9978520713365624,0.13048893389199756,0.05520138081543734,0.0,0.0,0.0,0.0,8.0,0.996513243767266,0.12584664657208827,0.0552798521586567,6.542464e-10,7.733592e-12,0.01288709,0.018058255408828883,1.0,0.0121896,0.017980321771356028,0.01270928,0.01766251540882888,1.0143869131261094,2.094834e-09,3.932807e-11,0.01283869,0.017888505408828883,1.0,0.01269079,0.01787957723231873,0.01270928,0.01766251540882888,1.0103095973692804
20,40,0.2944,140.0,0.06054054,1651.56443,116.7832408019495,55,1.0,0.0,0.05,0.0539,0.1666,1651.56443,116.7832408019495,0.0074,2.443460952792061,0.8830222215594888,0.11697777844051105,7.548632170413027,0.05668879645141164,0.7643992223930482,1.0522327574694363,0.23385945999999996,0.287,4.01341260817504,0.2431780504444802,0.2468432074279718,0.4968331786706397,0.7507852802593598,0.061256459768528455,-8.882389037744265e-05,-18593696.166447405,-1314772.8646617273,2.4247500225260282e-05,2603.0261959622603,4299065.475609479,303989.83505684324,11.040823650946592,0.7807041273469151,5.6469671498166077e-05,"[0.428,0.523]",0.475,"[0.206,0.322]",0.265,0.0,0.0,0.0,0.0,0.0,0.7466485253811087,0.047766312289884594,0.06153280335970976,0.0,0.0,0.0,0.0,3.0,0.7423487574750125,0.06767355287107936,0.0611315170799157,2.48078e-11,4.147426e-14,0.002882369,0.007128623671498166,1.0,0.003043552,0.006048932010562647,0.002947216,0.007481425671498166,0.815219787888283,8.328633e-12,5.725275e-15,0.002925486,0.007349897671498166,1.0,0.002388226,0.0072116878069221416,0.002947217,0.007481425671498166,0.9589019218324082
20,40,0.2944,140.0,0.07891892,2671.97488,188.93715568081117,55,1.0,0.0,0.05,0.0539,0.1666,2671.97488,188.93715568081117,0.0074,2.443460952792061,0.8830222215594888,0.11697777844051105,7.548632170413027,0.07506717645141164,0.8175174364593599,1.0522327574694363,0.21548107999999996,0.287,4.01341260817504,0.2240673477227352,0.2302955436567016,0.47989117897363104,0.8043838584565849,0.06054401493905019,-5.204132417271858e-05,-51343329.98776229,-3630521.680304533,2.4247500225260282e-05,2637.6560746178493,7047750.773458299,498351.2364025099,18.099974021573605,1.2798614369955041,0.000100180586344803,"[0.428,0.523]",0.475,"[0.206,0.322]",0.265,0.0,0.0,0.0,0.0,3.0,0.801563099819252,0.0752298859452013,0.060658613404502806,0.0,0.0,0.0,0.0,9.0,0.8079658062037602,0.10264048079544025,0.05988936385247964,2.48078e-11,4.147426e-14,0.004910701,0.013499370586344803,1.0,0.005014322,0.0135131684709887,0.005066574,0.013946120586344802,0.968014592241432,8.328633e-12,5.725275e-15,0.004997087,0.013740230586344803,1.0,0.004486175,0.014307914818022413,0.005066574,0.013946120586344802,1.0312300704569637
20,40,0.2944,140.0,0.09675676,4127.95783,291.89069740451055,55,1.0,0.0,0.05,0.0539,0.1666,4127.95783,291.89069740451055,0.0074,2.443460952792061,0.8830222215594888,0.11697777844051105,7.548632170413027,0.09290501645141164,0.8690733518121068,1.0522327574694363,0.19764323999999997,0.287,4.01341260817504,0.2055187238811315,0.21488059448682909,0.46355214861634403,0.8564060095988285,0.05957707097356613,-1.6389107533225917e-05,-251872032.78954154,-17810042.237672526,2.4247500225260282e-05,2685.9862202637137,11087637.849209702,784014.3910516807,28.475177894640016,2.013499138479323,0.00014884849387111608,"[0.428,0.523]",0.475,"[0.145,0.206]",0.16,0.0,0.0,0.0,0.0,8.0,0.8570679123957183,0.1022523059852597,0.059414628176557835,0.0,0.0,0.0,0.0,3.0,0.855479877529,0.0720065775099571,0.06028997640390706,2.48078e-11,4.147426e-14,0.007582279,0.01967053849387112,1.0,0.007394083,0.019884838123653478,0.007738852,0.02003254849387112,0.9937130473649667,5.512642e-10,5.581626e-12,0.007664024,0.01984662849387112,1.0,0.00967017,0.019917656442857992,0.007738852,0.02003254849387112,0.9936864190236792
20,40,0.2944,140.0,0.11297297,4463.2724,315.6010180322757,55,1.0,0.0,0.05,0.0539,0.1666,4463.2724,315.6010180322757,0.0074,2.443460952792061,0.8830222215594888,0.11697777844051105,7.548632170413027,0.10912122645141165,0.9159423421216043,1.0522327574694363,0.18142702999999996,0.287,4.01341260817504,0.1886563470784215,0.2014192390290424,0.44879754793118287,0.9036988504121986,0.05841593229074048,1.5953639740087498e-05,279765149.0640669,19782383.4042867,2.4247500225260282e-05,2746.144589268561,12256791.351691704,866686.0280369835,31.477788046782514,2.2258157384632766,0.00016201886205867175,"[0.428,0.523]",0.475,"[0.145,0.206]",0.16,0.0,0.0,0.0,0.0,12.0,0.899642195232059,0.12251312134211989,0.05823037693471727,0.0,0.0,0.0,0.0,7.0,0.9064525725289999,0.09916961801096263,0.05873633082101963,2.48078e-11,4.147426e-14,0.009741171,0.02309884886205867,1.0,0.008621665,0.0222556170963645,0.009843504,0.02323414886205867,0.9572250953336034,5.512642e-10,5.581626e-12,0.009798561,0.023153558862058672,1.0,0.01169619,0.024013572897685038,0.009843504,0.02323414886205867,1.0349657764425113
20,40,0.2944,140.0,0.12702703,4839.63216,342.2136718784499,55,1.0,0.0,0.05,0.0539,0.1666,4839.63216,342.2136718784498,0.0074,2.443460952792061,0.8830222215594888,0.11697777844051105,7.548632170413027,0.12317528645141165,0.956562166479398,1.0522327574694363,0.16737296999999995,0.287,4.01341260817504,0.17404227539780717,0.19017814174842806,0.43609418907895126,0.9446860121695729,0.057152762458364544,4.390762370261859e-05,110223049.02625307,7793946.540952084,2.4247500225260282e-05,2814.374898624978,13620539.269682184,963117.5681009936,34.98015393357884,2.4734704053382877,4.9824729142873015e-05,"[0.428,0.523]",0.475,"[0.145,0.206]",0.16,0.0,0.0,0.0,0.0,16.0,0.9435112193676365,0.1429930261784037,0.05681243063561505,0.0,0.0,0.0,0.0,9.0,0.9372805488308645,0.11559765990381504,0.05760981960651942,2.48078e-11,4.147426e-14,0.0108727,0.023058404729142872,1.0,0.009100042,0.022039012882284596,0.01087294,0.02288295472914287,0.962738175907954,5.512642e-10,5.581626e-12,0.0108927,0.02298481472914287,1.0,0.01187207,0.023581073794244886,0.01087294,0.02288295472914287,1.0255675760804244
20,40,0.2944,140.0,0.14108108,4676.57284,330.6836367876831,55,1.0,0.0,0.05,0.0539,0.1666,4676.57284,330.6836367876831,0.0074,2.443460952792061,0.8830222215594888,0.11697777844051105,7.548632170413027,0.13722933645141164,0.9971819619346365,1.0522327574694363,0.15331891999999997,0.287,4.01341260817504,0.15942821411566258,0.179332085249629,0.423476192069435,0.9856731447630175,0.05561089585470923,7.176560102552627e-05,65164546.428540215,4607829.267256641,2.4247500225260282e-05,2901.8740155169,13570825.206068072,959602.2529508059,34.85247869521613,2.4644424026547,4.599789965041575e-06,"[0.340,0.428]",0.38,"[0.145,0.206]",0.16,0.0,0.0,0.0,0.0,10.0,0.984796302299891,0.12436348643357376,0.0558401528666868,0.0,0.0,0.0,0.0,12.0,0.9794375475421591,0.1380628692359042,0.05587886479473732,6.542464e-10,7.733592e-12,0.01098948,0.02043398978996504,1.0,0.01273754,0.01947464302128233,0.01085501,0.019949449789965042,0.982488595909209,5.512642e-10,5.581626e-12,0.01096638,0.020258529789965042,1.0,0.01101681,0.020491353009698707,0.01085501,0.019949449789965042,1.0218380944961691
20,40,0.2944,140.0,0.15675676,4306.38107,304.5071256970381,55,1.0,0.0,0.05,0.0539,0.1666,4306.38107,304.5071256970381,0.0074,2.443460952792061,0.8830222215594888,0.11697777844051105,7.548632170413027,0.15290501645141164,1.0424886824331243,1.0522327574694363,0.13764323999999997,0.287,4.01341260817504,0.14312790579462425,0.16770058760032186,0.4095126220280907,1.0313895876853358,0.05350679916954289,0.00010268914447969273,41936088.68609873,2965329.268638087,2.4247500225260282e-05,3029.44125049511,13045928.45380927,922486.4476563067,33.50444328856244,2.369121904922262,2.5359791743421075e-07,"[0.340,0.428]",0.38,"[0.100,0.145]",0.12,0.0,0.0,0.0,0.0,14.0,1.0391504802248652,0.14963806264476653,0.052999834449407056,0.0,0.0,0.0,0.0,10.0,1.0361021086002835,0.146943312911745,0.05315245097187507,6.542464e-10,7.733592e-12,0.01005244,0.015933773597917433,1.0,0.01025872,0.013778772370461429,0.009825988,0.015397493597917434,0.9110873528898836,2.094834e-09,3.932807e-11,0.009998506,0.015735053597917433,1.0,0.01047258,0.013871189047599078,0.009825989,0.015397493597917434,0.9155638260832127
20,40,0.33440000000000003,140.0,0.0590685,458.333333,32.4090607808132,56,1.0,0.0,0.05,0.055,0.1847,458.333333,32.4090607808132,0.0074,2.443460952792061,0.8830222215594888,0.11697777844051105,7.548632170413027,0.05407761578792528,0.6817419553206578,1.0457720543538236,0.2753315,0.327,4.01341260817504,0.3252024387470019,0.32869152643925187,0.5733162534232322,0.6659985411829981,0.061503480404719486,-0.00011392488357291869,-4023118.730743661,-284477.45360274584,1.867821027087567e-05,3363.8286208997342,1541754.7834577686,109018.52623097853,3.9595216155081543,0.27998045845805297,1.8943243167109164e-05,"[0.523,0.609]",0.57,"[0.322,0.438]",0.38,0.0,0.0,0.0,0.0,0.0,0.6724048218225704,0.06037850168743564,0.06146815483646777,0.0,0.0,0.0,0.0,1.0,0.672469159798289,0.09171794204314149,0.06085880062285482,2.105634e-13,1.469681e-17,0.00073103,0.0024589212431671095,1.0,0.0008586633,0.002917464036893417,0.000776355,0.002644480243167109,1.1039544043460572,3.443971e-14,5.208215e-19,0.0007622329,0.0025837982431671093,1.0,0.0008491822,0.003737548051310193,0.000776355,0.002644480243167109,1.4173236595189147
20,40,0.33440000000000003,140.0,0.06946117,833.333333,58.92556507530874,56,1.0,0.0,0.05,0.055,0.1847,833.333333,58.92556507530874,0.0074,2.443460952792061,0.8830222215594888,0.11697777844051105,7.548632170413027,0.06447028578792528,0.7132477404236237,1.0457720543538236,0.26493883,0.327,4.01341260817504,0.31292733898873665,0.31775219312650554,0.5636951242706518,0.6977759642590835,0.06123683437706794,-9.700854378476509e-05,-8590308.652080525,-607426.550037161,1.867821027087567e-05,3380.3959367905923,2816996.612865362,199191.7407536633,7.234586912996715,0.5115625465263428,2.7452715412623755e-05,"[0.523,0.609]",0.57,"[0.206,0.322]",0.265,0.0,0.0,0.0,0.0,1.0,0.691671914600348,0.06997891028846948,0.061243363530798414,0.0,0.0,0.0,0.0,1.0,0.7010786863254437,0.045680981865855494,0.06166692495309072,2.105634e-13,1.469681e-17,0.001161459,0.004093245715412624,1.0,0.001116153,0.004078662431718172,0.001225144,0.004371073715412624,0.932282235806009,8.328633e-12,5.725275e-15,0.001201095,0.004262103715412624,1.0,0.001307865,0.0032912574697814777,0.001225144,0.004371073715412624,0.7580834493017892
20,40,0.33440000000000003,140.0,0.07882417,1125.0,79.5495128834866,56,1.0,0.0,0.05,0.055,0.1847,1125.0,79.5495128834866,0.0074,2.443460952792061,0.8830222215594888,0.11697777844051105,7.548632170413027,0.07383328578792528,0.7416320406967072,1.0457720543538236,0.25557583,0.327,4.01341260817504,0.30186841389666336,0.3080816636728523,0.5550510460064482,0.7264049895491567,0.06094585798744347,-8.177202409046567e-05,-13757761.44119161,-972820.6409013397,1.867821027087567e-05,3398.6409914500923,3823471.115381354,270360.2353357048,9.819406231171412,0.6943368733286746,3.609366134437093e-05,"[0.523,0.609]",0.57,"[0.206,0.322]",0.265,0.0,0.0,0.0,0.0,3.0,0.7297341058204907,0.08868079926289318,0.06070995875871817,0.0,0.0,0.0,0.0,2.0,0.7228559586212869,0.05728595840032001,0.06140912687532019,2.105634e-13,1.469681e-17,0.00172305,0.006080140661344371,1.0,0.001872345,0.006922273526501515,0.00182354,0.006444005661344371,1.0768373222906615,8.328633e-12,5.725275e-15,0.001781495,0.0062865086613443704,1.0,0.001990972,0.005221653167042172,0.00182354,0.006444005661344371,0.8134892806509583
20,40,0.33440000000000003,140.0,0.0897164,1614.58333,114.16828214337573,56,1.0,0.0,0.05,0.055,0.1847,1614.58333,114.16828214337575,0.0074,2.443460952792061,0.8830222215594888,0.11697777844051105,7.548632170413027,0.08472551578792528,0.7746522614553837,1.0457720543538236,0.2446836,0.327,4.01341260817504,0.2890032685740495,0.2970523010030095,0.5450250462162354,0.7597099055093504,0.060540975845998025,-6.405432150511496e-05,-25206469.947091233,-1782366.5829363128,1.867821027087567e-05,3424.3211582904246,5528851.858742011,390948.86414923245,14.199150655160642,1.00403157153535,4.708767924749602e-05,"[0.523,0.609]",0.57,"[0.206,0.322]",0.265,0.0,0.0,0.0,0.0,4.0,0.7482077456320708,0.09763613966045825,0.0604097490813445,0.0,0.0,0.0,0.0,4.0,0.7555772948607411,0.07472296033869731,0.06091854677000229,2.105634e-13,1.469681e-17,0.002623401,0.008959828679247496,1.0,0.002309,0.008472644987400153,0.002755485,0.009399220679247497,0.9012558116473776,8.328633e-12,5.725275e-15,0.002695815,0.009195882679247496,1.0,0.00276191,0.008649703750835206,0.002755485,0.009399220679247497,0.9173373948183682
20,40,0.33440000000000003,140.0,0.09905323,2031.25,143.63106492851747,56,1.0,0.0,0.05,0.055,0.1847,2031.25,143.63106492851747,0.0074,2.443460952792061,0.8830222215594888,0.11697777844051105,7.548632170413027,0.09406234578792529,0.8029572263511154,1.0457720543538236,0.23534677,0.327,4.01341260817504,0.2779752536677777,0.2877867960412106,0.5364576367628767,0.7882589114048022,0.060131769180783,-4.88756098998853e-05,-41559583.68930281,-2938706.3449995853,1.867821027087567e-05,3450.6282970467614,7009088.728376234,495617.41697730304,18.00068248387598,1.2728404650334613,5.666595006471602e-05,"[0.523,0.609]",0.57,"[0.206,0.322]",0.265,0.0,0.0,0.0,0.0,6.0,0.79369447369298,0.11936326719821777,0.05956040767623345,0.0,0.0,0.0,0.0,7.0,0.7885996612903665,0.09232037944253245,0.06030333954747905,2.105634e-13,1.469681e-17,0.003546643,0.011751725950064715,1.0,0.003429514,0.01235641632999453,0.003695945,0.012229815950064716,1.017219482588002,8.328633e-12,5.725275e-15,0.003625277,0.011996005950064715,1.0,0.003867112,0.012305182530235964,0.003695945,0.012229815950064716,1.0046829376535824
20,40,0.33440000000000003,140.0,0.10890489,2489.58333,176.04012549719863,56,1.0,0.0,0.05,0.055,0.1847,2489.58333,176.04012549719863,0.0074,2.443460952792061,0.8830222215594888,0.11697777844051105,7.548632170413027,0.10391400578792528,0.832822918504093,1.0457720543538236,0.22549511,0.327,4.01341260817504,0.2663391573340626,0.2781994323999747,0.5274461417054586,0.8183821009048775,0.05963186947300971,-3.2871890903008136e-05,-75735933.09085168,-5355339.186803185,1.867821027087567e-05,3483.257661808413,8671860.208933003,613193.1159238317,22.270998158946735,1.574797382198435,6.246631678706294e-05,"[0.523,0.609]",0.57,"[0.206,0.322]",0.265,0.0,0.0,0.0,0.0,7.0,0.8322024003339883,0.13741394346170643,0.058723938577045914,0.0,0.0,0.0,0.0,10.0,0.8194007088934154,0.10873407119485236,0.059627320385556785,2.105634e-13,1.469681e-17,0.004611339,0.014780756316787063,1.0,0.004312239,0.015238096643253488,0.004769673,0.015269236316787062,1.0100968826438916,8.328633e-12,5.725275e-15,0.004692038,0.015013326316787062,1.0,0.004825792,0.015386535388110233,0.004769673,0.015269236316787062,1.0078989681521417
20,40,0.33440000000000003,140.0,0.11927574,2968.75,209.9223256647563,56,1.0,0.0,0.05,0.055,0.1847,2968.75,209.9223256647563,0.0074,2.443460952792061,0.8830222215594888,0.11697777844051105,7.548632170413027,0.11428485578792529,0.8642625554246428,1.0457720543538236,0.21512425999999998,0.327,4.01341260817504,0.25408982984382134,0.26831653199636896,0.5179927914521292,0.8500928054792186,0.059022912970749644,-1.60417270820156e-05,-185064238.08495465,-13086017.770499317,1.867821027087567e-05,3523.7547846697757,10461147.016988397,739714.7994701918,26.866229429739146,1.899729301468214,4.43589200176423e-05,"[0.428,0.523]",0.475,"[0.206,0.322]",0.265,0.0,0.0,0.0,0.0,7.0,0.8473855978819633,0.09758924850699302,0.05965659498310116,0.0,0.0,0.0,0.0,12.0,0.8501700347466057,0.12513085861876322,0.058860583933339636,2.48078e-11,4.147426e-14,0.005766064,0.017746798920017643,1.0,0.00702852,0.01898946191361994,0.005917666,0.018150668920017644,1.0402423100144036,8.328633e-12,5.725275e-15,0.005844132,0.017941478920017642,1.0,0.005616933,0.01777738732277008,0.005917666,0.018150668920017644,0.9810482559726793
20,40,0.33440000000000003,140.0,0.12969241,3229.16667,228.33656499385825,56,1.0,0.0,0.05,0.055,0.1847,3229.16667,228.33656499385825,0.0074,2.443460952792061,0.8830222215594888,0.11697777844051105,7.548632170413027,0.12470152578792529,0.8958410974651879,1.0457720543538236,0.20470759,0.327,4.01341260817504,0.24178638295299076,0.25860650416459885,0.5085336804623651,0.8819436127918694,0.05831746677316762,8.407974890775713e-07,3840599801.912681,271571416.3756168,1.867821027087567e-05,3571.7298283539762,11533710.91596548,815556.5200924498,29.62077897781246,2.0945053679239125,1.2327624523319688e-05,"[0.428,0.523]",0.475,"[0.206,0.322]",0.265,0.0,0.0,0.0,0.0,10.0,0.8786820607286365,0.11258715279324216,0.058837602149852765,0.0,0.0,0.0,0.0,14.0,0.8809186474189954,0.1415166081140539,0.05801064365858133,2.48078e-11,4.147426e-14,0.006872943,0.02009860762452332,1.0,0.008101541,0.02142880883922341,0.007004214,0.02038550762452332,1.0458491064823952,8.328633e-12,5.725275e-15,0.006946537,0.020257637624523317,1.0,0.006190674,0.019335474589008243,0.007004214,0.02038550762452332,0.9511236890263914
20,40,0.33440000000000003,140.0,0.14011344,3468.75,245.27766472408368,56,1.0,0.0,0.05,0.055,0.1847,3468.75,245.27766472408368,0.0074,2.443460952792061,0.8830222215594888,0.11697777844051105,7.548632170413027,0.13512255578792529,0.9274328570160595,1.0457720543538236,0.19428656,0.327,4.01341260817504,0.22947778633307742,0.249109562401711,0.49910876810742466,0.9138077515741625,0.05750817499526416,1.770315170473704e-05,195939686.77745816,13855028.122390877,1.867821027087567e-05,3628.2217253398735,12585394.109772686,889921.7518925499,32.321702875195875,2.2854895282547734,2.0417882297443307e-06,"[0.428,0.523]",0.475,"[0.206,0.322]",0.265,0.0,0.0,0.0,0.0,13.0,0.9114376128340671,0.12805838040389073,0.05786844719994215,0.0,0.0,0.0,0.0,16.0,0.9130933579083811,0.15866231650030485,0.057040405602882135,2.48078e-11,4.147426e-14,0.007821258,0.021523171788229743,1.0,0.008838633,0.022471628638747954,0.007907095,0.021605971788229743,1.0366152687546182,8.328633e-12,5.725275e-15,0.007882803,0.021608791788229744,1.0,0.006521688,0.019966700347776,0.007907095,0.021605971788229743,0.9279109838813766
20,40,0.33440000000000003,140.0,0.1495288,3510.41667,248.2239432147299,56,1.0,0.0,0.05,0.055,0.1847,3510.41667,248.22394321472987,0.0074,2.443460952792061,0.8830222215594888,0.11697777844051105,7.548632170413027,0.14453791578792527,0.9559758886746285,1.0457720543538236,0.1848712,0.327,4.01341260817504,0.21835701724679066,0.24071587927623064,0.4906280457497621,0.9425968768070093,0.05667918184885397,3.290992855025797e-05,106667404.78148146,7542524.525255591,1.867821027087567e-05,3687.767109442713,12945599.136065414,915392.0935634564,33.24677838196489,2.350902244649368,3.649626881002768e-07,"[0.428,0.523]",0.475,"[0.206,0.322]",0.265,0.0,0.0,0.0,0.0,16.0,0.9435112193676365,0.1429930261784037,0.05681243063561505,0.0,0.0,0.0,0.0,18.0,0.9429430270289892,0.17456902442039215,0.056074517792442685,2.48078e-11,4.147426e-14,0.008437971,0.0217659349626881,1.0,0.009100042,0.022039012882284596,0.008465172,0.021635454962688098,1.018494885462373,8.328633e-12,5.725275e-15,0.008470606,0.0217234349626881,1.0,0.006578119,0.01969135121828108,0.008465172,0.021635454962688098,0.9146771429212707
20,40,0.33440000000000003,140.0,0.16002836,3375.0,238.64853865045978,56,1.0,0.0,0.05,0.055,0.1847,3375.0,238.64853865045978,0.0074,2.443460952792061,0.8830222215594888,0.11697777844051105,7.548632170413027,0.1550374757879253,0.9878057149883377,1.0457720543538236,0.17437164,0.327,4.01341260817504,0.20595566644686228,0.23156474245115188,0.481211743883243,0.9747011349266979,0.05563437589328763,4.982995841096079e-05,67730339.49106452,4789258.234619874,1.867821027087567e-05,3765.3499074634524,12708055.937689152,898595.2529237969,32.63672194583156,2.307764740359731,5.2039969865301563e-08,"[0.428,0.523]",0.475,"[0.145,0.206]",0.16,0.0,0.0,0.0,0.0,19.0,0.9778912214993739,0.15877586923936715,0.05556693133978752,0.0,0.0,0.0,0.0,12.0,0.9794375475421591,0.1380628692359042,0.05587886479473732,2.48078e-11,4.147426e-14,0.008762676,0.020798592039969865,1.0,0.008911699,0.020334641124366126,0.008711571,0.020441412039969863,0.9970944046351157,5.512642e-10,5.581626e-12,0.008767982,0.020666252039969864,1.0,0.01101681,0.020491353009698707,0.008711571,0.020441412039969863,1.0088214457455005
20,40,0.33440000000000003,140.0,0.17050611,3343.75,236.43882995925182,56,1.0,0.0,0.05,0.055,0.1847,3343.75,236.43882995925182,0.0074,2.443460952792061,0.8830222215594888,0.11697777844051105,7.548632170413027,0.16551522578792527,1.0195694234350214,1.0457720543538236,0.16389389000000001,0.327,4.01341260817504,0.19358007610365277,0.22265240965098487,0.4718605828536485,1.0067387051214072,0.054452562167315054,6.666774553425184e-05,50155438.33385042,3546525.055924935,1.867821027087567e-05,3856.7061118559836,12895861.061518446,911875.0805839242,33.11904147892717,2.3418698816147945,7.464810592958724e-09,"[0.428,0.523]",0.475,"[0.145,0.206]",0.16,0.0,0.0,0.0,0.0,21.0,1.0016210582338896,0.1695383820655073,0.05464077140088487,0.0,0.0,0.0,0.0,14.0,1.0033982755289999,0.15083139608621363,0.05481279048316919,2.48078e-11,4.147426e-14,0.008691049,0.01881815746481059,1.0,0.008544342,0.01865595849492627,0.008568055,0.018317257464810593,1.0141825511807998,5.512642e-10,5.581626e-12,0.008671127,0.018626687464810592,1.0,0.01020248,0.01834299825554006,0.008568055,0.018317257464810593,1.0031050557977756
20,40,0.33440000000000003,140.0,0.1809904,3281.25,232.01941257683592,56,1.0,0.0,0.05,0.055,0.1847,3281.25,232.0194125768359,0.0074,2.443460952792061,0.8830222215594888,0.11697777844051105,7.548632170413027,0.17599951578792528,1.0513529581471959,1.0457720543538236,0.1534096,0.327,4.01341260817504,0.18119676116681913,0.21395428605897912,0.46255192795942285,1.038796272520581,0.05311630066181227,8.34604149505137e-05,39315045.365465246,2779993.518057722,1.867821027087567e-05,3964.913172701136,13009871.347925602,919936.8252482762,33.4118417337167,2.362573986184277,1.0735867246304614e-09,"[0.428,0.523]",0.475,"[0.145,0.206]",0.16,0.0,0.0,0.0,0.0,24.0,1.038391315019815,0.1860118015604476,0.05310155579575428,0.0,0.0,0.0,0.0,16.0,1.0314618805290001,0.16578632125191714,0.053502540829219424,2.48078e-11,4.147426e-14,0.008294642,0.01636014107358672,1.0,0.007788026,0.015984400331222805,0.008121239,0.015839311073586722,1.0072181047453088,5.512642e-10,5.581626e-12,0.008290558,0.016218301073586724,1.0,0.009170037,0.01597298110842582,0.008121239,0.015839311073586722,1.0067742012628682
20,40,0.3744,140.0,0.067567568,158.3706008,11.198492577333875,57,1.0,0.0,0.05,0.0563,0.2391,158.3706008,11.198492577333873,0.0074,2.443460952792061,0.8830222215594888,0.11697777844051105,7.548632170413027,0.06129270786267124,0.6190026107436984,1.0407335417146166,0.30683243200000004,0.367,4.01341260817504,0.40575952797290854,0.41032490421834317,0.6405660810707535,0.6013903440162196,0.06147365807798941,-0.00011827084127057782,-1339050.2603907476,-94685.1519531697,1.482854833026056e-05,4239.442219260175,671403.0113211193,47475.36222442091,1.724291544003539,0.12192582435845122,8.949865274166975e-06,"[0.609,0.702]",0.649,"[0.322,0.438]",0.38,0.0,0.0,0.0,0.0,0.0,0.5680483154404774,0.056337132383778465,0.06168312126813325,0.0,0.0,0.0,0.0,0.0,0.620475649825446,0.06401091542463973,0.06150041653857608,1.170721e-15,2.231484e-21,0.0002609548,0.0012132998652741671,1.0,0.0001589692,0.0007437404022390709,0.0002829079,0.001325260865274167,0.5592901916117171,3.443971e-14,5.208215e-19,0.0002755654,0.0012871978652741671,1.0,0.0003753495,0.0016026180560969163,0.0002829079,0.001325260865274167,1.2117248415428612
20,40,0.3744,140.0,0.088648649,505.9692786,35.77743079701255,57,1.0,0.0,0.05,0.0563,0.2391,505.9692786,35.77743079701255,0.0074,2.443460952792061,0.8830222215594888,0.11697777844051105,7.548632170413027,0.08237378886267124,0.6858891414208879,1.0407335417146166,0.285751351,0.367,4.01341260817504,0.37788160965781115,0.38574019262733633,0.6210798601044284,0.6688278805575428,0.060933872568092726,-8.962836128870021e-05,-5645191.6706390735,-399175.33114067034,1.482854833026056e-05,4281.918685823052,2166519.3084897497,153196.04946046916,5.564036592863226,0.393436800558368,1.6130609048254365e-05,"[0.609,0.702]",0.649,"[0.322,0.438]",0.38,0.0,0.0,0.0,0.0,2.0,0.6776013535529862,0.10996473713456167,0.06044669326536335,0.0,0.0,0.0,0.0,1.0,0.672469159798289,0.09171794204314149,0.06085880062285482,1.170721e-15,2.231484e-21,0.000742662,0.003272663609048254,1.0,0.0009041247,0.004191203569146903,0.0008050749,0.003535600609048254,1.1934448752819602,3.443971e-14,5.208215e-19,0.0007785511,0.0034209146090482543,1.0,0.0008491822,0.003737548051310193,0.0008050749,0.003535600609048254,1.0583740483908404
20,40,0.3744,140.0,0.109189189,1047.754229,74.08741203427827,57,1.0,0.0,0.05,0.0563,0.2391,1047.754229,74.08741203427827,0.0074,2.443460952792061,0.8830222215594888,0.11697777844051105,7.548632170413027,0.10291432886267125,0.7510606313855647,1.0407335417146166,0.265210811,0.367,4.01341260817504,0.3507185103713946,0.36264078936587235,0.60219663679389,0.7345362480187996,0.060202960690592715,-6.173849122808738e-05,-16970842.794475894,-1200019.8022424763,1.482854833026056e-05,4340.653708271217,4547938.279465699,321587.79978280753,11.679976684200545,0.8258990717498973,2.2056376685304585e-05,"[0.523,0.609]",0.57,"[0.322,0.438]",0.38,0.0,0.0,0.0,0.0,3.0,0.7297341058204907,0.08868079926289318,0.06070995875871817,0.0,0.0,0.0,0.0,2.0,0.7124773807993552,0.11303808074534552,0.060223135873123036,2.105634e-13,1.469681e-17,0.001748944,0.007020990376685305,1.0,0.001872345,0.006922273526501515,0.001865105,0.0074611003766853045,0.9221623515631377,3.443971e-14,5.208215e-19,0.001809884,0.007250087376685305,1.0,0.001403841,0.006016478367445563,0.001865105,0.0074611003766853045,0.8045885885317337
20,40,0.3744,140.0,0.128648649,1664.962084,117.73059801563075,57,1.0,0.0,0.05,0.0563,0.2391,1664.962084,117.73059801563075,0.0074,2.443460952792061,0.8830222215594888,0.11697777844051105,7.548632170413027,0.12237378886267125,0.812802046270861,1.0407335417146166,0.24575135099999998,0.367,4.01341260817504,0.3249850464975115,0.3415355213870367,0.5844104049270826,0.7967862837178425,0.05929045594728147,-3.5348224162319445e-05,-47101717.93509273,-3330594.4161440902,1.482854833026056e-05,4416.0212525550605,7352507.947642364,519900.82291304204,18.882648822787242,1.3352049030960924,5.146630554702991e-06,"[0.523,0.609]",0.57,"[0.322,0.438]",0.38,0.0,0.0,0.0,0.0,6.0,0.79369447369298,0.11936326719821777,0.05956040767623345,0.0,0.0,0.0,0.0,4.0,0.797380898472492,0.15828265118120846,0.05850475802618553,2.105634e-13,1.469681e-17,0.003168865,0.011812776630554703,1.0,0.003429514,0.01235641632999453,0.003315292,0.012317956630554704,0.9994938338957624,3.443971e-14,5.208215e-19,0.003242369,0.012056796630554704,1.0,0.002707576,0.01119637818452202,0.003315292,0.012317956630554704,0.9185033859508573
20,40,0.3744,140.0,0.148648649,2195.897336,155.27338970750745,57,1.0,0.0,0.05,0.0563,0.2391,2195.897336,155.27338970750745,0.0074,2.443460952792061,0.8830222215594888,0.11697777844051105,7.548632170413027,0.14237378886267124,0.8762584986958477,1.0407335417146166,0.225751351,0.367,4.01341260817504,0.2985367649173617,0.3206331857668869,0.566244810807911,0.8607654852979923,0.058089889651135915,-8.275883860724545e-06,-265336896.0892778,-18762151.852371864,1.482854833026056e-05,4518.800937371526,9922822.940288436,701649.5389591389,25.48371008184289,1.8019704208663097,1.5308348326595037e-07,"[0.523,0.609]",0.57,"[0.206,0.322]",0.265,0.0,0.0,0.0,0.0,8.0,0.8804492966191411,0.1596110087273067,0.05753153199165832,0.0,0.0,0.0,0.0,13.0,0.8651095773096094,0.13309205038438138,0.058457597183895184,2.105634e-13,1.469681e-17,0.004823539,0.016684023083483265,1.0,0.005201311,0.01778037619525254,0.004961273,0.017066793083483266,1.0521116572125002,8.328633e-12,5.725275e-15,0.004896153,0.016873243083483265,1.0,0.005923879,0.018634524252289578,0.004961273,0.017066793083483266,1.0881344802179502
20,40,0.3744,140.0,0.16,2499.280576,176.72582433774204,57,1.0,0.0,0.05,0.0563,0.2391,2499.280576,176.72582433774204,0.0074,2.443460952792061,0.8830222215594888,0.11697777844051105,7.548632170413027,0.15372513986267125,0.9122743219303888,1.0407335417146166,0.21439999999999998,0.367,4.01341260817504,0.28352557853920596,0.30912557853920597,0.5559906281037532,0.8970780039897941,0.057272385487601524,7.057800547011414e-06,354116067.6548598,25039787.27658656,1.482854833026056e-05,4591.26150140272,11474850.689792415,811394.4735855348,29.469614642000728,2.0838164352313084,1.865705488986928e-08,"[0.523,0.609]",0.57,"[0.206,0.322]",0.265,0.0,0.0,0.0,0.0,8.0,0.8804492966191411,0.1596110087273067,0.05753153199165832,0.0,0.0,0.0,0.0,15.0,0.8977879868407729,0.15050617693985271,0.05751167680091848,2.105634e-13,1.469681e-17,0.005704378,0.018714288657054892,1.0,0.005201311,0.01778037619525254,0.00580931,0.01891273865705489,0.9345019826955591,8.328633e-12,5.725275e-15,0.00576762,0.01883117865705489,1.0,0.006402847,0.01980962767443881,0.00580931,0.01891273865705489,1.044799628437277
20,40,0.3744,140.0,0.17027027,2651.468015,187.48710131521813,57,1.0,0.0,0.05,0.0563,0.2391,2651.468015,187.48710131521815,0.0074,2.443460952792061,0.8830222215594888,0.11697777844051105,7.548632170413027,0.16399540986267125,0.9448600669127272,1.0407335417146166,0.20412972999999998,0.367,4.01341260817504,0.26994402889599767,0.2989359937418706,0.5467503943682808,0.9299321877204224,0.05643751973670807,2.0906126858514507e-05,126827318.75417314,8968045.711387217,1.482854833026056e-05,4667.434709897371,12375553.845393684,875083.8043366943,31.782792880216533,2.247382836641064,2.7836513629172893e-09,"[0.523,0.609]",0.57,"[0.206,0.322]",0.265,0.0,0.0,0.0,0.0,9.0,0.9203837134798151,0.17764980802921804,0.05642855319738987,0.0,0.0,0.0,0.0,17.0,0.9277572791442597,0.1664766313297194,0.05657330925214166,2.105634e-13,1.469681e-17,0.00635283,0.01967714278365136,1.0,0.00566924,0.01866720045567511,0.006415473,0.019685252783651363,0.9463565838389242,8.328633e-12,5.725275e-15,0.006411305,0.019747732783651363,1.0,0.00658416,0.01994734625314523,0.006415473,0.019685252783651363,1.0113160924394997
20,40,0.3744,140.0,0.18,2803.597122,198.24425366812886,57,1.0,0.0,0.05,0.0563,0.2391,2803.597122,198.24425366812883,0.0074,2.443460952792061,0.8830222215594888,0.11697777844051105,7.548632170413027,0.17372513986267124,0.9757307743553754,1.0407335417146166,0.1944,0.367,4.01341260817504,0.2570772969590561,0.2894772969590561,0.5380309442393217,0.9610572055699439,0.05555554085379498,3.3999730017725494e-05,82459393.66396047,5830759.643231749,1.482854833026056e-05,4750.401425586859,13318211.765120015,941739.7852394821,34.20371898937078,2.418568163918316,4.6066418072771623e-10,"[0.523,0.609]",0.57,"[0.206,0.322]",0.265,0.0,0.0,0.0,0.0,10.0,0.9637022903627113,0.19689319504049319,0.05511850472203223,0.0,0.0,0.0,0.0,19.0,0.9596255281729276,0.18345902825932725,0.055510089383744285,2.105634e-13,1.469681e-17,0.006778437,0.01972718046066418,1.0,0.00584193,0.0183123600102245,0.006782225,0.01951134046066418,0.9433832623738869,8.328633e-12,5.725275e-15,0.006806849,0.01967047046066418,1.0,0.006518715,0.019252980202114304,0.006782225,0.01951134046066418,0.9867101542529776
20,40,0.3744,140.0,0.18972973,2696.733424,190.6878491162817,57,1.0,0.0,0.05,0.0563,0.2391,2696.733424,190.6878491162817,0.0074,2.443460952792061,0.8830222215594888,0.11697777844051105,7.548632170413027,0.18345486986267126,1.0066014817980236,1.0407335417146166,0.18467026999999997,0.367,4.01341260817504,0.24421056502211458,0.2802079354679875,0.5293467062974772,0.9921822234194654,0.05457726883849214,4.706410675088293e-05,57299152.37261799,4051661.9198919437,1.482854833026056e-05,4845.572831358717,13067218.212751368,923991.860948085,33.55911946769589,2.372988094625725,7.651322247260861e-11,"[0.523,0.609]",0.57,"[0.206,0.322]",0.265,0.0,0.0,0.0,0.0,11.0,1.0268268070042565,0.22436486580528003,0.05300740253995262,0.0,0.0,0.0,0.0,20.0,0.9816249615270407,0.19518239307645038,0.05474162734708625,2.105634e-13,1.469681e-17,0.006976136,0.018932120076513223,1.0,0.005534757,0.016108730000046267,0.0069187,0.01852609007651322,0.8926440814656693,8.328633e-12,5.725275e-15,0.006980584,0.018794120076513224,1.0,0.006345112,0.01841140001893079,0.0069187,0.01852609007651322,0.9882242628020592
20,40,0.3744,140.0,0.200540541,2525.238188,178.56130468460296,57,1.0,0.0,0.05,0.0563,0.2391,2525.238188,178.56130468460296,0.0074,2.443460952792061,0.8830222215594888,0.11697777844051105,7.548632170413027,0.19426568086267124,1.0409022674928747,1.0407335417146166,0.173859459,0.367,4.01341260817504,0.22991419635022556,0.27013070493479824,0.519740997935316,1.0267655762301604,0.0533672823458893,6.154040916819303e-05,41033821.876263395,2901529.370670675,1.482854833026056e-05,4968.128016628347,12545706.590462599,887115.4204892864,32.21977772324548,2.278282331643014,1.0455896817961007e-11,"[0.428,0.523]",0.475,"[0.206,0.322]",0.265,0.0,0.0,0.0,0.0,23.0,1.026075368000808,0.18052115801156543,0.05363099331789278,0.0,0.0,0.0,0.0,22.0,1.03238443658475,0.22223180996135988,0.052879611078228014,2.48078e-11,4.147426e-14,0.006921408,0.017294630010455895,1.0,0.008068025,0.01687645097556798,0.00680186,0.016770330010455897,1.007884884417683,8.328633e-12,5.725275e-15,0.00690343,0.017102700010455895,1.0,0.005716881,0.016043330000080496,0.00680186,0.016770330010455897,0.9612374597080612
20,40,0.3744,140.0,0.231351351,2237.196189,158.19365957330476,57,1.0,0.0,0.05,0.0563,0.2391,2237.196189,158.19365957330476,0.0074,2.443460952792061,0.8830222215594888,0.11697777844051105,7.548632170413027,0.22507649086267126,1.1386595024398898,1.0407335417146166,0.14304864899999997,0.367,4.01341260817504,0.18916954742060074,0.24269299503012595,0.49263880788070885,1.1253281274220452,0.04909452604719107,0.00010250663999759631,21824890.45638858,1543252.8036916852,1.482854833026056e-05,5449.372146920995,12191314.599534396,862056.1222982687,31.30963120481139,2.2139252536424077,3.69174988303525e-14,"[0.428,0.523]",0.475,"[0.145,0.206]",0.16,0.0,0.0,0.0,0.0,28.0,1.1200252621700115,0.2217486645261465,0.0492502706128599,0.0,0.0,0.0,0.0,21.0,1.1222527647477638,0.21416823366907276,0.048958947599752986,2.48078e-11,4.147426e-14,0.005931339,0.012770260000036917,1.0,0.006039156,0.012385450000301371,0.005750508,0.012608930000036917,0.9815227070438743,5.512642e-10,5.581626e-12,0.005861976,0.012668360000036917,1.0,0.006337736,0.011986430001777026,0.005750508,0.012608930000036917,0.9583119243991567
