qv,q2,ex,nu,RTTOT,RLTOT,RTQE,RLQE,RTIE,RLIE,RTE,RLE,RTNS,RLNS
0.61646,0.38,0.001,0.00464,1.785612e-28,1.150812e-13,0.0,0.0,-0.0,-0.0,0.0,0.0,1.785612e-28,1.150812e-13
0.61647,0.38,0.002,0.00564,2.180963e-27,2.482346e-13,0.0,0.0,-0.0,-0.0,0.0,0.0,2.180963e-27,2.482346e-13
0.61648,0.38,0.003,0.00664,2.483033e-26,7.129971e-13,0.0,0.0,-0.0,-0.0,0.0,0.0,2.483033e-26,7.129971e-13
0.61649,0.38,0.004,0.00764,2.643636e-25,3.631789e-12,0.0,0.0,-0.0,-0.0,0.0,0.0,2.643636e-25,3.631789e-12
0.6165,0.38,0.005,0.00864,2.679796e-24,2.592159e-11,0.0,0.0,-0.0,-0.0,0.0,0.0,2.679796e-24,2.592159e-11
0.61652,0.38,0.006,0.00964,2.806714e-23,1.838342e-10,0.0,0.0,-0.0,-0.0,0.0,0.0,2.806714e-23,1.838342e-10
0.61653,0.38,0.007,0.01064,3.825653e-22,1.149115e-09,0.0,0.0,-0.0,-0.0,0.0,0.0,3.825653e-22,1.149115e-09
0.61655,0.38,0.008,0.01164,8.053449e-21,6.157648e-09,0.0,0.0,-0.0,-0.0,0.0,0.0,8.053449e-21,6.157648e-09
0.61657,0.38,0.009,0.01264,2.088645e-19,2.811568e-08,0.0,0.0,-0.0,-0.0,0.0,0.0,2.088645e-19,2.811568e-08
0.61659,0.38,0.01,0.01364,5.204004e-18,1.092785e-07,0.0,0.0,0.0,0.0,0.0,0.0,5.204004e-18,1.092785e-07
0.61662,0.38,0.011,0.01464,1.137317e-16,3.617743e-07,0.0,0.0,0.0,0.0,0.0,0.0,1.137317e-16,3.617743e-07
0.61664,0.38,0.012,0.01564,2.128905e-15,1.021822e-06,0.0,0.0,0.0,0.0,0.0,0.0,2.128905e-15,1.021822e-06
0.61667,0.38,0.013,0.01664,3.392812e-14,2.469645e-06,0.0,0.0,0.0,0.0,0.0,0.0,3.392812e-14,2.469645e-06
0.61669,0.38,0.014,0.01764,4.596283e-13,5.133011e-06,0.0,0.0,0.0,0.0,0.0,0.0,4.596283e-13,5.133011e-06
0.61672,0.38,0.015,0.01864,5.290625e-12,9.248438e-06,0.0,0.0,0.0,0.0,0.0,0.0,5.290625e-12,9.248438e-06
0.61675,0.38,0.016,0.01964,5.173766e-11,1.462324e-05,0.0,0.0,0.0,0.0,0.0,0.0,5.173766e-11,1.462324e-05
0.61679,0.38,0.017,0.02064,4.298264e-10,2.064026e-05,0.0,0.0,0.0,0.0,0.0,0.0,4.298264e-10,2.064026e-05
0.61682,0.38,0.018,0.02164,3.033656e-09,2.654132e-05,0.0,0.0,0.0,0.0,0.0,0.0,3.033656e-09,2.654132e-05
0.61686,0.38,0.019,0.02264,1.818996e-08,3.16743e-05,0.0,0.0,0.0,0.0,0.0,0.0,1.818996e-08,3.16743e-05
0.61689,0.38,0.02,0.02364,9.266089e-08,3.541656e-05,0.0,0.0,0.0,0.0,0.0,0.0,9.266089e-08,3.541656e-05
0.61693,0.38,0.021,0.02464,4.01023e-07,3.698359e-05,0.0,0.0,0.0,0.0,0.0,0.0,4.01023e-07,3.698359e-05
0.61697,0.38,0.022,0.02564,1.47455e-06,3.560529e-05,0.0,0.0,0.0,0.0,0.0,0.0,1.47455e-06,3.560529e-05
0.61702,0.38,0.023,0.02664,4.606572e-06,3.111051e-05,0.0,0.0,0.0,0.0,0.0,0.0,4.606572e-06,3.111051e-05
0.61706,0.38,0.024,0.02764,1.222744e-05,2.434935e-05,0.0,0.0,0.0,0.0,0.0,0.0,1.222744e-05,2.434935e-05
0.61711,0.38,0.025,0.02864,2.757689e-05,1.693636e-05,0.0,0.0,0.0,0.0,0.0,0.0,2.757689e-05,1.693636e-05
0.61715,0.38,0.026,0.02964,5.284726e-05,1.046266e-05,0.0,0.0,0.0,0.0,0.0,0.0,5.284726e-05,1.046266e-05
0.6172,0.38,0.027,0.03064,8.605699e-05,5.807056e-06,0.0,0.0,0.0,0.0,0.0,0.0,8.605699e-05,5.807056e-06
0.61725,0.38,0.028,0.03164,0.0001190865,2.999398e-06,0.0,0.0,0.0,0.0,0.0,0.0,0.0001190865,2.999398e-06
0.61731,0.38,0.029,0.03264,0.0001400531,1.559587e-06,0.0,0.0,0.0,0.0,0.0,0.0,0.0001400531,1.559587e-06
0.61736,0.38,0.03,0.03364,0.0001872427,1.288236e-05,3.118314e-05,1.195379e-05,0.0,0.0,1.605352e-05,0.0,0.000140006,9.285693e-07
0.61741,0.38,0.031,0.03464,0.0002611737,3.649728e-05,9.329191e-05,3.578797e-05,0.0,0.0,4.888023e-05,0.0,0.0001190015,7.093135e-07
0.61747,0.38,0.032,0.03564,0.0002942656,5.282793e-05,0.0001358042,5.213315e-05,0.0,0.0,7.240983e-05,0.0,8.605167e-05,6.947781e-07
0.61753,0.38,0.033,0.03664,0.0003221066,6.782158e-05,0.000174465,6.702205e-05,0.0,0.0,9.464343e-05,0.0,5.299812e-05,7.995304e-07
0.61759,0.38,0.034,0.03764,0.000356878,8.250335e-05,0.0002120276,8.151002e-05,0.0,0.0,0.0001169862,0.0,2.786421e-05,9.933347e-07
0.61765,0.38,0.035,0.03864,0.0004021262,9.727584e-05,0.0002495658,9.60093e-05,0.0,0.0,0.0001399971,0.0,1.25633e-05,1.266545e-06
0.61771,0.38,0.036,0.03964,0.0004565009,0.000112349,0.000287628,0.0001107312,0.0,0.0,0.0001639711,0.0,4.901746e-06,1.617856e-06
0.61778,0.38,0.037,0.04064,0.0005173183,0.0001278531,0.000326543,0.0001258028,0.0,0.0,0.0001890917,0.0,1.683639e-06,2.050352e-06
0.61785,0.38,0.038,0.04164,0.0005825429,0.000143879,0.000366531,0.0001413098,0.0,0.0,0.0002154869,0.0,5.248868e-07,2.56922e-06
0.61791,0.38,0.039,0.04264,0.0006277633,0.0001548405,0.0003930967,0.0001516608,0.0,0.0,0.0002345106,0.0,1.559309e-07,3.179728e-06
0.61798,0.38,0.04,0.04364,0.0006616434,0.0001630308,0.0004121987,0.0001591452,0.0,0.0,0.0002493975,0.0,4.722158e-08,3.885588e-06
0.61806,0.38,0.041,0.04464,0.000696545,0.0001714985,0.0004317412,0.0001668107,0.0,0.0,0.000264788,0.0,1.581638e-08,4.687726e-06
0.61813,0.38,0.042,0.04564,0.0007324328,0.0001802478,0.0004517411,0.0001746644,0.0,0.0,0.0002806854,0.0,6.31324e-09,5.583344e-06
0.6182,0.38,0.043,0.04664,0.0007693114,0.0001892785,0.0004722155,0.0001827133,0.0,0.0,0.0002970928,0.0,3.035568e-09,6.565216e-06
0.61828,0.38,0.044,0.04764,0.0008071964,0.0001985855,0.0004931813,0.0001909643,0.0,0.0,0.0003140134,0.0,1.631771e-09,7.621217e-06
0.61836,0.38,0.045,0.04864,0.0008461066,0.0002081586,0.0005146555,0.0001994245,0.0,0.0,0.0003314502,0.0,8.956135e-10,8.734117e-06
0.61844,0.38,0.046,0.04964,0.0008860615,0.0002179826,0.0005366549,0.0002081009,0.0,0.0,0.0003494061,0.0,4.748384e-10,9.881712e-06
0.61852,0.38,0.047,0.05064,0.0009270805,0.0002280379,0.0005591963,0.0002170006,0.0,0.0,0.0003678839,0.0,2.37412e-10,1.103731e-05
0.6186,0.38,0.048,0.05164,0.0009707642,0.0002383195,0.0005822966,0.0002261305,1.581281e-06,1.8347e-08,0.0003868862,0.0,1.109876e-10,1.21706e-05
0.61869,0.38,0.049,0.05264,0.001013845,0.0002487632,0.0006059723,0.0002354977,1.45667e-06,1.665595e-08,0.0004064157,0.0,4.838233e-11,1.324885e-05
0.61877,0.38,0.05,0.05364,0.001058095,0.0002593632,0.00063024,0.0002451092,1.380291e-06,1.563414e-08,0.0004264745,0.0,1.965226e-11,1.423841e-05
0.61886,0.38,0.051,0.05464,0.00110351,0.0002700932,0.000655116,0.0002549718,1.329312e-06,1.496541e-08,0.000447065,0.0,7.436505e-12,1.510644e-05
0.61895,0.38,0.052,0.05564,0.001150099,0.0002809298,0.0006806166,0.0002650926,1.293716e-06,1.451055e-08,0.0004681892,0.0,2.62142e-12,1.582266e-05
0.61904,0.38,0.053,0.05664,0.001197875,0.0002918536,0.0007067577,0.0002754783,1.268314e-06,1.419731e-08,0.0004898489,0.0,8.6082e-13,1.636116e-05
0.61913,0.38,0.054,0.05764,0.001246851,0.0003028516,0.0007335552,0.0002861357,1.250114e-06,1.398393e-08,0.000512046,0.0,2.633266e-13,1.670189e-05
0.61922,0.38,0.055,0.05864,0.001298737,0.0003139418,0.0007610246,0.0002970715,2.930583e-06,3.832766e-08,0.0005347818,0.0,7.503844e-14,1.683194e-05
0.61932,0.38,0.056,0.05964,0.001350064,0.0003250752,0.000789181,0.0003082923,2.824982e-06,3.650309e-08,0.0005580577,0.0,1.991955e-14,1.674634e-05
0.61942,0.38,0.057,0.06064,0.001402671,0.0003362884,0.0008180395,0.0003198047,2.756365e-06,3.53274e-08,0.0005818748,0.0,4.925857e-15,1.644835e-05
0.61952,0.38,0.058,0.06164,0.001456559,0.0003475988,0.0008476145,0.0003316149,2.7102e-06,3.454311e-08,0.000606234,0.0,1.134725e-15,1.594931e-05
0.61962,0.38,0.059,0.06264,0.001511735,0.0003590313,0.0008779203,0.0003437294,2.679093e-06,3.401933e-08,0.000631136,0.0,2.435041e-16,1.526787e-05
0.61972,0.38,0.06,0.06364,0.001568211,0.0003706166,0.0009089705,0.0003561541,2.658802e-06,3.368102e-08,0.0006565814,0.0,4.867752e-17,1.442886e-05
0.61982,0.38,0.061,0.06464,0.001627964,0.0003824255,0.0009407786,0.000368895,4.615024e-06,6.873871e-08,0.0006825702,0.0,9.064776e-18,1.346178e-05
0.61993,0.38,0.062,0.06564,0.001686946,0.0003944229,0.0009733573,0.000381958,4.486427e-06,6.579884e-08,0.0007091027,0.0,1.572506e-18,1.239909e-05
0.62003,0.38,0.063,0.06664,0.001747305,0.0004066869,0.001006719,0.0003953485,4.407822e-06,6.395195e-08,0.0007361786,0.0,2.541171e-19,1.127441e-05
0.62014,0.38,0.064,0.06764,0.001809031,0.0004192556,0.001040875,0.000409072,4.358964e-06,6.274894e-08,0.0007637974,0.0,1.021406e-42,1.012081e-05
0.62025,0.38,0.065,0.06864,0.001872125,0.0004321648,0.001075837,0.0004231337,4.329922e-06,6.196949e-08,0.0007919585,0.0,6.474937e-43,8.969191e-06
0.62036,0.38,0.066,0.06964,0.00193659,0.0004454469,0.001111614,0.0004375384,4.315116e-06,6.149005e-08,0.0008206609,0.0,4.015483e-43,7.847082e-06
0.62048,0.38,0.067,0.07064,0.002004721,0.0004591796,0.001148218,0.0004522908,6.599534e-06,1.111786e-07,0.0008499036,0.0,2.436157e-43,6.777664e-06
0.62059,0.38,0.068,0.07164,0.002071789,0.0004732811,0.001185656,0.0004673953,6.447766e-06,1.065715e-07,0.000879685,0.0,1.445899e-43,5.779213e-06
0.62071,0.38,0.069,0.07264,0.002140304,0.0004878247,0.001223938,0.000482856,6.362631e-06,1.037498e-07,0.0009100035,0.0,8.395289e-44,4.864903e-06
0.62082,0.38,0.07,0.07364,0.002210243,0.0005028217,0.00126307,0.0004986768,6.316024e-06,1.01948e-07,0.0009408571,0.0,4.768684e-44,4.042933e-06
0.62094,0.38,0.071,0.07464,0.002281597,0.0005182788,0.001303059,0.000514861,6.294727e-06,1.008055e-07,0.0009722437,0.0,2.649882e-44,3.316926e-06
0.62107,0.38,0.072,0.07564,0.002354363,0.0005341986,0.00134391,0.0005314119,6.291513e-06,1.001252e-07,0.001004161,0.0,1.440521e-44,2.686531e-06
0.62119,0.38,0.073,0.07664,0.002431198,0.00055065,0.00138563,0.0005483322,8.963257e-06,1.695947e-07,0.001036606,0.0,7.660865e-45,2.14815e-06
0.62131,0.38,0.074,0.07764,0.00250658,0.0005674826,0.00142822,0.0005656244,8.785099e-06,1.624756e-07,0.001069575,0.0,3.985667e-45,1.69572e-06
0.62144,0.38,0.075,0.07864,0.002583447,0.0005847702,0.001471685,0.0005832905,8.695597e-06,1.582233e-07,0.001103066,0.0,2.028567e-45,1.32148e-06
0.62156,0.38,0.076,0.07964,0.002661757,0.0006025044,0.001516026,0.0006013321,8.655617e-06,1.555506e-07,0.001137075,0.0,1.010049e-45,1.016679e-06
0.62169,0.38,0.077,0.08064,0.002741489,0.0006206766,0.001561243,0.0006197505,8.6476e-06,1.538784e-07,0.001171598,0.0,4.919953e-46,7.721888e-07
0.62182,0.38,0.078,0.08164,0.002822631,0.0006392785,0.001607338,0.0006385466,8.662222e-06,1.528986e-07,0.001206631,0.0,2.344468e-46,5.790021e-07
0.62196,0.38,0.079,0.08264,0.002905171,0.0006583016,0.001654307,0.0006577206,8.693962e-06,1.524289e-07,0.00124217,0.0,1.092931e-46,4.286013e-07
0.62209,0.38,0.08,0.08364,0.002991938,0.0006778238,0.001702149,0.0006772725,1.157933e-05,2.380391e-07,0.00127821,0.0,4.984319e-47,3.132157e-07
0.62223,0.38,0.081,0.08464,0.003077092,0.0006976596,0.001750859,0.0006972019,1.148705e-05,2.316974e-07,0.001314745,0.0,2.22374e-47,2.259697e-07
0.62236,0.38,0.082,0.08564,0.003163664,0.0007178964,0.001800434,0.0007175077,1.145827e-05,2.277652e-07,0.001351772,0.0,9.705708e-48,1.609436e-07
0.6225,0.38,0.083,0.08664,0.00325162,0.000738527,0.001850867,0.0007381885,1.146964e-05,2.253241e-07,0.001389284,0.0,4.144148e-48,1.131654e-07
0.62264,0.38,0.084,0.08764,0.003340935,0.0007595449,0.001902151,0.0007592425,1.150914e-05,2.239002e-07,0.001427275,0.0,1.731044e-48,7.855438e-08
0.62278,0.38,0.085,0.08864,0.003431587,0.0007809441,0.001954277,0.0007806671,1.156982e-05,2.232183e-07,0.001465739,0.0,7.07369e-49,5.38324e-08
0.62293,0.38,0.086,0.08964,0.003526829,0.0008028349,0.002007237,0.0008024595,1.492094e-05,3.388987e-07,0.001504671,0.0,2.8278e-49,3.641948e-08
0.62307,0.38,0.087,0.09064,0.003619908,0.0008249703,0.002061018,0.0008246165,1.482704e-05,3.295265e-07,0.001544063,0.0,1.105901e-49,2.43243e-08
0.62322,0.38,0.088,0.09164,0.003714334,0.0008474739,0.00211561,0.000847134,1.481458e-05,3.237898e-07,0.001583909,0.0,4.231054e-50,1.603849e-08
0.62336,0.38,0.089,0.09264,0.003810052,0.0008703386,0.002170999,0.0008700079,1.485243e-05,3.202457e-07,0.001624201,0.0,1.583601e-50,1.044007e-08
0.62351,0.38,0.09,0.09364,0.003907028,0.0008935582,0.002227171,0.0008932333,1.492509e-05,3.181736e-07,0.001664931,0.0,5.798392e-51,6.709028e-09
0.62366,0.38,0.091,0.09464,0.004005228,0.0009171263,0.002284111,0.0009168049,1.50238e-05,3.171639e-07,0.001706093,0.0,2.076989e-51,4.256303e-09
0.62382,0.38,0.092,0.09564,0.004108393,0.0009411917,0.002341802,0.000940717,1.891314e-05,4.72066e-07,0.001747678,0.0,7.278228e-52,2.665765e-09
0.62397,0.38,0.093,0.09664,0.004208721,0.0009654234,0.002400226,0.0009649634,1.881818e-05,4.583201e-07,0.001789677,0.0,2.495065e-52,1.648268e-09
0.62413,0.38,0.094,0.09764,0.004310275,0.0009899885,0.002459364,0.0009895375,1.882792e-05,4.500208e-07,0.001832083,0.0,0.0,1.006121e-09
0.62428,0.38,0.095,0.09864,0.004412984,0.001014878,0.002519198,0.001014432,1.890063e-05,4.44913e-07,0.001874885,0.0,0.0,6.063023e-10
0.62444,0.38,0.096,0.09964,0.004516798,0.001040082,0.002579706,0.00103964,1.901631e-05,4.419103e-07,0.001918076,0.0,0.0,3.606988e-10
0.6246,0.38,0.097,0.10064,0.004621675,0.001065593,0.002640866,0.001065153,1.916392e-05,4.404092e-07,0.001961646,0.0,0.0,2.118442e-10
0.62476,0.38,0.098,0.10164,0.004731915,0.001091609,0.002702656,0.001090962,2.367465e-05,6.462499e-07,0.002005584,0.0,0.0,1.228301e-10
0.62493,0.38,0.099,0.10264,0.004838512,0.001117686,0.002765052,0.00111706,2.357817e-05,6.262063e-07,0.002049882,0.0,0.0,7.030878e-11
0.62509,0.38,0.1,0.10364,0.004946176,0.001144051,0.002828031,0.001143437,2.361686e-05,6.142913e-07,0.002094528,0.0,0.0,3.973111e-11
0.62526,0.38,0.101,0.10464,0.005054813,0.00117069,0.002891566,0.001170083,2.373439e-05,6.069882e-07,0.002139513,0.0,0.0,2.216502e-11
0.62543,0.38,0.102,0.10564,0.005164363,0.001197592,0.002955632,0.00119699,2.390487e-05,6.026681e-07,0.002184826,0.0,0.0,1.220737e-11
0.6256,0.38,0.103,0.10664,0.005274773,0.001224746,0.003020203,0.001224146,2.411437e-05,6.004485e-07,0.002230456,0.0,0.0,6.637314e-12
0.62577,0.38,0.104,0.10764,0.005390984,0.001252414,0.003085251,0.001251542,2.934274e-05,8.722663e-07,0.002276391,0.0,0.0,3.562697e-12
0.62594,0.38,0.105,0.10864,0.005502611,0.00128001,0.003150749,0.001279166,2.924233e-05,8.431422e-07,0.00232262,0.0,0.0,1.887912e-12
0.62612,0.38,0.106,0.10964,0.005615118,0.001307836,0.003216668,0.00130701,2.931757e-05,8.261472e-07,0.002369132,0.0,0.0,9.876455e-13
0.62629,0.38,0.107,0.11064,0.005728387,0.001335876,0.003282981,0.00133506,2.949169e-05,8.157845e-07,0.002415915,0.0,0.0,5.10078e-13
0.62647,0.38,0.108,0.11164,0.005842345,0.001364116,0.003349657,0.001363306,2.973102e-05,8.096198e-07,0.002462956,0.0,0.0,2.600689e-13
0.62665,0.38,0.109,0.11264,0.00595693,0.001392544,0.003416669,0.001391737,3.001794e-05,8.063694e-07,0.002510244,0.0,0.0,1.309051e-13
0.62683,0.38,0.11,0.11364,0.006072093,0.001421147,0.003483985,0.001420341,3.034215e-05,8.052761e-07,0.002557765,0.0,0.0,6.504901e-14
0.62701,0.38,0.111,0.11464,0.006193051,0.001450228,0.003551578,0.001449107,3.596626e-05,1.121291e-06,0.002605507,0.0,0.0,3.191106e-14
0.62719,0.38,0.112,0.11564,0.00630896,0.00147912,0.003619416,0.001478023,3.608634e-05,1.097167e-06,0.002653457,0.0,0.0,1.545461e-14
0.62738,0.38,0.113,0.11664,0.006425403,0.001508159,0.00368747,0.001507077,3.633085e-05,1.082562e-06,0.002701602,0.0,0.0,7.389087e-15
0.62757,0.38,0.114,0.11764,0.006542295,0.001537331,0.00375571,0.001536257,3.665568e-05,1.073835e-06,0.002749929,0.0,0.0,3.487706e-15
0.62775,0.38,0.115,0.11864,0.006659568,0.001566621,0.003824107,0.001565552,3.703848e-05,1.069126e-06,0.002798423,0.0,0.0,1.625193e-15
0.62794,0.38,0.116,0.11964,0.006777168,0.001596016,0.00389263,0.001594949,3.746645e-05,1.067359e-06,0.002847071,0.0,0.0,7.476294e-16
0.62814,0.38,0.117,0.12064,0.006901039,0.001625913,0.00396125,0.001624437,4.39288e-05,1.475484e-06,0.00289586,0.0,0.0,3.395344e-16
0.62833,0.38,0.118,0.12164,0.007018815,0.001655446,0.004029938,0.001654005,4.410227e-05,1.441339e-06,0.002944775,0.0,0.0,0.0
0.62852,0.38,0.119,0.12264,0.0071369,0.001685061,0.004098665,0.00168364,4.443312e-05,1.420864e-06,0.002993802,0.0,0.0,0.0
0.62872,0.38,0.12,0.12364,0.00725519,0.00171474,0.004167401,0.001713331,4.486303e-05,1.4086e-06,0.003042926,0.0,0.0,0.0
0.62892,0.38,0.121,0.12464,0.007373616,0.001744469,0.004236119,0.001743067,4.536349e-05,1.401848e-06,0.003092134,0.0,0.0,0.0
0.62912,0.38,0.122,0.12564,0.007492119,0.001774235,0.00430479,0.001772836,4.591856e-05,1.399085e-06,0.00314141,0.0,0.0,0.0
0.62932,0.38,0.123,0.12664,0.007617462,0.00180455,0.004373387,0.001802626,5.333531e-05,1.923813e-06,0.00319074,0.0,0.0,0.0
0.62952,0.38,0.124,0.12764,0.007735561,0.001834303,0.004441883,0.001832428,5.357003e-05,1.875505e-06,0.003240108,0.0,0.0,0.0
0.62972,0.38,0.125,0.12864,0.007853756,0.001864076,0.004510251,0.001862229,5.400532e-05,1.846908e-06,0.0032895,0.0,0.0,0.0
0.62993,0.38,0.126,0.12964,0.007971928,0.00189385,0.004578464,0.00189202,5.456309e-05,1.829773e-06,0.003338901,0.0,0.0,0.0
0.63013,0.38,0.127,0.13064,0.00809,0.001923609,0.004646498,0.001921789,5.52067e-05,1.82018e-06,0.003388294,0.0,0.0,0.0
0.63034,0.38,0.128,0.13164,0.00820791,0.001953343,0.004714328,0.001951527,5.591622e-05,1.815971e-06,0.003437666,0.0,0.0,0.0
0.63055,0.38,0.129,0.13264,0.008333349,0.001983711,0.004781928,0.001981222,6.442136e-05,2.488418e-06,0.003487001,0.0,0.0,0.0
0.63076,0.38,0.13,0.13364,0.008450279,0.002013286,0.004849274,0.002010866,6.472275e-05,2.419902e-06,0.003536282,0.0,0.0,0.0
0.63097,0.38,0.131,0.13464,0.008567122,0.002042829,0.004916345,0.002040449,6.528243e-05,2.380032e-06,0.003585495,0.0,0.0,0.0
0.63119,0.38,0.132,0.13564,0.008683734,0.002072316,0.004983117,0.00206996,6.599419e-05,2.356194e-06,0.003634623,0.0,0.0,0.0
0.6314,0.38,0.133,0.13664,0.00880003,0.002101734,0.005049568,0.002099391,6.681049e-05,2.342666e-06,0.003683652,0.0,0.0,0.0
0.63162,0.38,0.134,0.13764,0.008915948,0.002131069,0.005115676,0.002128733,6.770622e-05,2.336383e-06,0.003732565,0.0,0.0,0.0
0.63184,0.38,0.135,0.13864,0.009040226,0.002161173,0.005181422,0.002157977,7.745719e-05,3.196609e-06,0.003781347,0.0,0.0,0.0
0.63206,0.38,0.136,0.13964,0.009154591,0.002190213,0.005246784,0.002187114,7.78248e-05,3.098834e-06,0.003829982,0.0,0.0,0.0
0.63228,0.38,0.137,0.14064,0.009268728,0.002219179,0.005311744,0.002216136,7.853e-05,3.043219e-06,0.003878454,0.0,0.0,0.0
0.6325,0.38,0.138,0.14164,0.009382455,0.002248045,0.005376283,0.002245035,7.942521e-05,3.01014e-06,0.003926747,0.0,0.0,0.0
0.63273,0.38,0.139,0.14264,0.009495676,0.002276794,0.005440382,0.002273803,8.044794e-05,2.991167e-06,0.003974846,0.0,0.0,0.0
0.63296,0.38,0.14,0.14364,0.009608325,0.002305414,0.005504024,0.002302432,8.156631e-05,2.981935e-06,0.004022734,0.0,0.0,0.0
0.63318,0.38,0.141,0.14464,0.00972035,0.002333896,0.005567192,0.002330916,8.276202e-05,2.979896e-06,0.004070396,0.0,0.0,0.0
0.63341,0.38,0.142,0.14564,0.00984086,0.002363187,0.005629869,0.002359246,9.317454e-05,3.941547e-06,0.004117817,0.0,0.0,0.0
0.63364,0.38,0.143,0.14664,0.009951065,0.002391279,0.005692039,0.002387415,9.404605e-05,3.863723e-06,0.00416498,0.0,0.0,0.0
0.63388,0.38,0.144,0.14764,0.01006071,0.002419236,0.005753688,0.002415418,9.515709e-05,3.817844e-06,0.004211869,0.0,0.0,0.0
0.63411,0.38,0.145,0.14864,0.01016969,0.002447038,0.0058148,0.002443247,9.642418e-05,3.791331e-06,0.00425847,0.0,0.0,0.0
0.63434,0.38,0.146,0.14964,0.01027793,0.002474673,0.005875362,0.002470895,9.78064e-05,3.77792e-06,0.004304767,0.0,0.0,0.0
0.63458,0.38,0.147,0.15064,0.01038538,0.002502132,0.005935359,0.002498358,9.928084e-05,3.774047e-06,0.004350743,0.0,0.0,0.0
0.63482,0.38,0.148,0.15164,0.01050227,0.002530611,0.005994778,0.002525628,0.0001111068,4.983447e-06,0.004396384,0.0,0.0,0.0
0.63506,0.38,0.149,0.15264,0.01060744,0.002557573,0.006053607,0.0025527,0.0001121622,4.873838e-06,0.004441675,0.0,0.0,0.0
0.6353,0.38,0.15,0.15364,0.01071196,0.002584378,0.006111833,0.002579568,0.0001135235,4.810096e-06,0.0044866,0.0,0.0,0.0
0.63554,0.38,0.151,0.15464,0.01081566,0.002610999,0.006169444,0.002606226,0.0001150767,4.773107e-06,0.004531144,0.0,0.0,0.0
0.63579,0.38,0.152,0.15564,0.01091849,0.002637424,0.00622643,0.00263267,0.0001167685,4.753783e-06,0.004575292,0.0,0.0,0.0
0.63603,0.38,0.153,0.15664,0.01102038,0.002663641,0.006282778,0.002658894,0.0001185701,4.74711e-06,0.004619029,0.0,0.0,0.0
0.63628,0.38,0.154,0.15764,0.01113281,0.002691161,0.006338478,0.002684893,0.0001319956,6.267948e-06,0.004662341,0.0,0.0,0.0
0.63653,0.38,0.155,0.15864,0.01123198,0.002716773,0.00639352,0.002710661,0.0001332439,6.111902e-06,0.004705213,0.0,0.0,0.0
0.63678,0.38,0.156,0.15964,0.01133041,0.002742218,0.006447894,0.002736195,0.00013489,6.022957e-06,0.00474763,0.0,0.0,0.0
0.63703,0.38,0.157,0.16064,0.01142794,0.002767461,0.00650159,0.00276149,0.000136774,5.971325e-06,0.004789578,0.0,0.0,0.0
0.63728,0.38,0.158,0.16164,0.01152447,0.002792484,0.006554599,0.00278654,0.0001388252,5.943628e-06,0.004831043,0.0,0.0,0.0
0.63754,0.38,0.159,0.16264,0.01161993,0.002817274,0.006606912,0.002811342,0.0001410068,5.932745e-06,0.004872012,0.0,0.0,0.0
0.63779,0.38,0.16,0.16364,0.01171429,0.002841825,0.00665852,0.00283589,0.000143297,5.934442e-06,0.00491247,0.0,0.0,0.0
0.63805,0.38,0.161,0.16464,0.01181951,0.002867805,0.006709415,0.002860182,0.0001576892,7.62369e-06,0.004952403,0.0,0.0,0.0
0.63831,0.38,0.162,0.16564,0.01191104,0.00289171,0.006759588,0.002884212,0.0001596516,7.498637e-06,0.0049918,0.0,0.0,0.0
0.63857,0.38,0.163,0.16664,0.01200159,0.002915402,0.006809031,0.002907976,0.0001619124,7.426364e-06,0.005030645,0.0,0.0,0.0
0.63883,0.38,0.164,0.16764,0.01209104,0.002938857,0.006857737,0.002931471,0.0001643757,7.386775e-06,0.005068926,0.0,0.0,0.0
0.63909,0.38,0.165,0.16864,0.01217932,0.002962061,0.006905697,0.002954692,0.0001669937,7.369621e-06,0.005106632,0.0,0.0,0.0
0.63936,0.38,0.166,0.16964,0.01226639,0.002985004,0.006952905,0.002977635,0.0001697391,7.36898e-06,0.005143748,0.0,0.0,0.0
0.63962,0.38,0.167,0.17064,0.01236554,0.003009762,0.006999354,0.003000298,0.0001859273,9.464547e-06,0.005180263,0.0,0.0,0.0
0.63989,0.38,0.168,0.17164,0.01244943,0.003031961,0.007045036,0.003022675,0.0001882288,9.286668e-06,0.005216164,0.0,0.0,0.0
0.64016,0.38,0.169,0.17264,0.0125323,0.003053948,0.007089944,0.003044763,0.0001909111,9.184952e-06,0.005251441,0.0,0.0,0.0
0.64043,0.38,0.17,0.17364,0.01261399,0.003075687,0.007134072,0.003066559,0.0001938406,9.128378e-06,0.005286081,0.0,0.0,0.0
0.6407,0.38,0.171,0.17464,0.01269444,0.003097161,0.007177413,0.003088059,0.0001969539,9.101937e-06,0.005320073,0.0,0.0,0.0
0.64098,0.38,0.172,0.17564,0.01277358,0.003118356,0.007219961,0.003109259,0.000200216,9.097252e-06,0.005353407,0.0,0.0,0.0
0.64125,0.38,0.173,0.17664,0.0128662,0.003141859,0.00726171,0.003130156,0.0002184178,1.170302e-05,0.005386071,0.0,0.0,0.0
0.64153,0.38,0.174,0.17764,0.01294177,0.003162192,0.007302654,0.003150747,0.0002210625,1.144558e-05,0.005418055,0.0,0.0,0.0
0.6418,0.38,0.175,0.17864,0.01301634,0.003182328,0.007342786,0.003171027,0.000224206,1.130119e-05,0.005449348,0.0,0.0,0.0
0.64208,0.38,0.176,0.17964,0.0130897,0.003202215,0.007382102,0.003190995,0.0002276549,1.122016e-05,0.005479942,0.0,0.0,0.0
0.64236,0.38,0.177,0.18064,0.01316174,0.003221825,0.007420594,0.003210645,0.0002313229,1.118001e-05,0.005509826,0.0,0.0,0.0
0.64265,0.38,0.178,0.18164,0.01323242,0.003241145,0.007458259,0.003229976,0.0002351646,1.116868e-05,0.005538992,0.0,0.0,0.0
0.64293,0.38,0.179,0.18264,0.01330167,0.003260163,0.007495089,0.003248984,0.0002391535,1.1179e-05,0.005567429,0.0,0.0,0.0
0.64321,0.38,0.18,0.18364,0.01338482,0.00328171,0.007531082,0.003267665,0.0002586098,1.404559e-05,0.005595131,0.0,0.0,0.0
0.6435,0.38,0.181,0.18464,0.01345056,0.003299855,0.00756623,0.003286017,0.0002622433,1.383798e-05,0.005622087,0.0,0.0,0.0
0.64379,0.38,0.182,0.18564,0.01351508,0.003317758,0.007600529,0.003304036,0.0002662611,1.372135e-05,0.005648291,0.0,0.0,0.0
0.64408,0.38,0.183,0.18664,0.01357825,0.003335381,0.007633976,0.00332172,0.0002705424,1.366092e-05,0.005673734,0.0,0.0,0.0
0.64437,0.38,0.184,0.18764,0.01364,0.003352705,0.007666564,0.003339066,0.0002750269,1.363904e-05,0.005698409,0.0,0.0,0.0
0.64466,0.38,0.185,0.18864,0.01370028,0.003369716,0.007698289,0.00335607,0.0002796806,1.364551e-05,0.00572231,0.0,0.0,0.0
0.64495,0.38,0.186,0.18964,0.01377592,0.003389903,0.007729147,0.00337273,0.0003013452,1.717337e-05,0.005745429,0.0,0.0,0.0
0.64525,0.38,0.187,0.19064,0.01383237,0.003405912,0.007759135,0.003389043,0.000305476,1.686923e-05,0.00576776,0.0,0.0,0.0
0.64554,0.38,0.188,0.19164,0.01388765,0.003421706,0.007788248,0.003405006,0.0003101048,1.669993e-05,0.005789297,0.0,0.0,0.0
0.64584,0.38,0.189,0.19264,0.01394157,0.003437227,0.007816481,0.003420617,0.0003150553,1.660943e-05,0.005810034,0.0,0.0,0.0
0.64614,0.38,0.19,0.19364,0.01399405,0.003452444,0.007843833,0.003435873,0.0003202451,1.65711e-05,0.005829967,0.0,0.0,0.0
0.64644,0.38,0.191,0.19464,0.01404502,0.003467342,0.007870299,0.003450772,0.0003256296,1.657023e-05,0.00584909,0.0,0.0,0.0
0.64674,0.38,0.192,0.19564,0.01411305,0.003486252,0.007895876,0.003465311,0.0003497714,2.094174e-05,0.005867398,0.0,0.0,0.0
0.64705,0.38,0.193,0.19664,0.01415981,0.003499971,0.007920561,0.003479487,0.0003543654,2.04836e-05,0.005884888,0.0,0.0,0.0
0.64735,0.38,0.194,0.19764,0.01420554,0.003513533,0.007944351,0.003493299,0.0003596343,2.02346e-05,0.005901555,0.0,0.0,0.0
0.64766,0.38,0.195,0.19864,0.01424994,0.003526843,0.007967244,0.003506744,0.0003653052,2.00991e-05,0.005917395,0.0,0.0,0.0
0.64796,0.38,0.196,0.19964,0.01429291,0.003539856,0.007989238,0.00351982,0.0003712615,2.003543e-05,0.005932407,0.0,0.0,0.0
0.64827,0.38,0.197,0.20064,0.01433436,0.003552547,0.00801033,0.003532526,0.0003774431,2.002183e-05,0.005946586,0.0,0.0,0.0
0.64858,0.38,0.198,0.20164,0.01437426,0.003564904,0.008030518,0.003544858,0.0003838154,2.004548e-05,0.00595993,0.0,0.0,0.0
0.64889,0.38,0.199,0.20264,0.01443163,0.003581608,0.008049801,0.003556816,0.0004093913,2.479164e-05,0.005972437,0.0,0.0,0.0
0.64921,0.38,0.2,0.20364,0.01446759,0.003592816,0.008068178,0.003568398,0.0004153054,2.441801e-05,0.005984106,0.0,0.0,0.0
0.64952,0.38,0.201,0.20464,0.01450232,0.003603816,0.008085647,0.003579602,0.0004217401,2.421414e-05,0.005994934,0.0,0.0,0.0
0.64984,0.38,0.202,0.20564,0.01453565,0.003614539,0.008102208,0.003590427,0.0004285219,2.411158e-05,0.006004922,0.0,0.0,0.0
0.65015,0.38,0.203,0.20664,0.01456749,0.003624948,0.008117859,0.003600871,0.0004355675,2.4077e-05,0.006014067,0.0,0.0,0.0
0.65047,0.38,0.204,0.20764,0.0145978,0.003635025,0.008132602,0.003610933,0.0004428311,2.409169e-05,0.006022371,0.0,0.0,0.0
0.65079,0.38,0.205,0.20864,0.01464734,0.003650553,0.008146435,0.003620612,0.0004710763,2.994109e-05,0.006029832,0.0,0.0,0.0
0.65111,0.38,0.206,0.20964,0.0146734,0.003659269,0.00815936,0.003629907,0.0004775924,2.936264e-05,0.006036451,0.0,0.0,0.0
0.65144,0.38,0.207,0.21064,0.01469843,0.003667869,0.008171376,0.003638817,0.0004848202,2.905235e-05,0.006042229,0.0,0.0,0.0
0.65176,0.38,0.208,0.21164,0.01472213,0.003676231,0.008182485,0.003647341,0.0004924826,2.888977e-05,0.006047167,0.0,0.0,0.0
0.65209,0.38,0.209,0.21264,0.01474441,0.003684301,0.008192687,0.003655479,0.0005004593,2.882155e-05,0.006051267,0.0,0.0,0.0
0.65241,0.38,0.21,0.21364,0.0147652,0.00369205,0.008201985,0.00366323,0.0005086877,2.881948e-05,0.006054529,0.0,0.0,0.0
0.65274,0.38,0.211,0.21464,0.01478447,0.003699461,0.008210381,0.003670594,0.0005171317,2.886689e-05,0.006056957,0.0,0.0,0.0
0.65307,0.38,0.212,0.21564,0.01482343,0.003712784,0.008217875,0.003677571,0.000547006,3.52128e-05,0.006058553,0.0,0.0,0.0
0.6534,0.38,0.213,0.21664,0.01483882,0.003718891,0.008224472,0.00368416,0.0005550269,3.473038e-05,0.006059319,0.0,0.0,0.0
0.65373,0.38,0.214,0.21764,0.01485305,0.003724836,0.008230173,0.003690362,0.0005636169,3.447375e-05,0.006059258,0.0,0.0,0.0
0.65407,0.38,0.215,0.21864,0.01486595,0.00373053,0.008234983,0.003696178,0.0005725905,3.435212e-05,0.006058374,0.0,0.0,0.0
0.6544,0.38,0.216,0.21964,0.01487743,0.003735927,0.008238904,0.003701606,0.0005818593,3.43212e-05,0.006056672,0.0,0.0,0.0
0.65474,0.38,0.217,0.22064,0.01488747,0.003741004,0.00824194,0.003706648,0.0005913743,3.435609e-05,0.006054154,0.0,0.0,0.0
0.65508,0.38,0.218,0.22164,0.01491905,0.003753478,0.008244095,0.003711305,0.0006241287,4.217267e-05,0.006050825,0.0,0.0,0.0
0.65542,0.38,0.219,0.22264,0.01492494,0.003756972,0.008245374,0.003715578,0.0006328755,4.139408e-05,0.00604669,0.0,0.0,0.0
0.65576,0.38,0.22,0.22364,0.01492996,0.003760452,0.008245782,0.003719467,0.0006424208,4.09857e-05,0.006041755,0.0,0.0,0.0
0.6561,0.38,0.221,0.22464,0.0149338,0.003763752,0.008245323,0.003722973,0.0006524524,4.077895e-05,0.006036023,0.0,0.0,0.0
0.65644,0.38,0.222,0.22564,0.01493634,0.003766798,0.008244004,0.003726098,0.0006628372,4.070016e-05,0.006029502,0.0,0.0,0.0
0.65679,0.38,0.223,0.22664,0.01493753,0.003769554,0.00824183,0.003728844,0.0006735067,4.071072e-05,0.006022197,0.0,0.0,0.0
0.65713,0.38,0.224,0.22764,0.01493734,0.003771999,0.008238807,0.003731211,0.0006844215,4.078793e-05,0.006014114,0.0,0.0,0.0
0.65748,0.38,0.225,0.22864,0.01495914,0.003782444,0.008234941,0.003733202,0.0007189359,4.924152e-05,0.00600526,0.0,0.0,0.0
0.65783,0.38,0.226,0.22964,0.0149553,0.003783395,0.00823024,0.003734819,0.0007294196,4.85758e-05,0.005995641,0.0,0.0,0.0
0.65818,0.38,0.227,0.23064,0.01495053,0.003784294,0.00822471,0.003736063,0.0007405565,4.823065e-05,0.005985266,0.0,0.0,0.0
0.65853,0.38,0.228,0.23164,0.01494463,0.00378501,0.008218358,0.003736937,0.0007521295,4.807342e-05,0.00597414,0.0,0.0,0.0
0.65888,0.38,0.229,0.23264,0.0149375,0.003785484,0.008211194,0.003737443,0.0007640376,4.804093e-05,0.005962272,0.0,0.0,0.0
0.65923,0.38,0.23,0.23364,0.01492912,0.003785682,0.008203223,0.003737584,0.0007762261,4.809821e-05,0.005949669,0.0,0.0,0.0
0.65959,0.38,0.231,0.23464,0.01491946,0.003785586,0.008194455,0.003737362,0.0007886622,4.822391e-05,0.005936341,0.0,0.0,0.0
0.65994,0.38,0.232,0.23564,0.01493237,0.003794223,0.008184898,0.00373678,0.0008251786,5.744283e-05,0.005922294,0.0,0.0,0.0
0.6603,0.38,0.233,0.23664,0.01491953,0.003792704,0.008174561,0.003735841,0.000837435,5.686346e-05,0.005907538,0.0,0.0,0.0
0.66066,0.38,0.234,0.23764,0.01490579,0.003791124,0.008163453,0.003734548,0.0008502574,5.657664e-05,0.005892082,0.0,0.0,0.0
0.66102,0.38,0.235,0.23864,0.014891,0.003789375,0.008151583,0.003732904,0.0008634848,5.647079e-05,0.005875935,0.0,0.0,0.0
0.66138,0.38,0.236,0.23964,0.0148751,0.003787402,0.008138961,0.003730912,0.0008770374,5.648925e-05,0.005859105,0.0,0.0,0.0
0.66175,0.38,0.237,0.24064,0.01485807,0.003785176,0.008125597,0.003728577,0.00089087,5.659934e-05,0.005841603,0.0,0.0,0.0
0.66211,0.38,0.238,0.24164,0.01486528,0.003793787,0.008111501,0.0037259,0.0009303385,6.788655e-05,0.005823439,0.0,0.0,0.0
0.66248,0.38,0.239,0.24264,0.01484495,0.003789768,0.008096683,0.003722887,0.0009436462,6.688104e-05,0.005804621,0.0,0.0,0.0
0.66284,0.38,0.24,0.24364,0.01482407,0.003785914,0.008081154,0.003719541,0.0009577524,6.637335e-05,0.005785162,0.0,0.0,0.0
0.66321,0.38,0.241,0.24464,0.01480236,0.003782009,0.008064924,0.003715865,0.0009723697,6.614335e-05,0.00576507,0.0,0.0,0.0
0.66358,0.38,0.242,0.24564,0.01477973,0.003777957,0.008048005,0.003711865,0.0009873728,6.609218e-05,0.005744356,0.0,0.0,0.0
0.66395,0.38,0.243,0.24664,0.01475613,0.00377371,0.008030408,0.003707543,0.001002696,6.616715e-05,0.005723031,0.0,0.0,0.0
0.66432,0.38,0.244,0.24764,0.01473155,0.003769241,0.008012143,0.003702904,0.001018302,6.633689e-05,0.005701106,0.0,0.0,0.0
0.6647,0.38,0.245,0.24864,0.01473161,0.003776536,0.007993223,0.003697953,0.001059798,7.85835e-05,0.005678591,0.0,0.0,0.0
0.66507,0.38,0.246,0.24964,0.01470431,0.003770368,0.007973658,0.003692693,0.001075157,7.767502e-05,0.005655499,0.0,0.0,0.0
0.66545,0.38,0.247,0.25064,0.01467651,0.003764361,0.007953462,0.00368713,0.001091212,7.723042e-05,0.00563184,0.0,0.0,0.0
0.66583,0.38,0.248,0.25164,0.01464801,0.003758326,0.007932645,0.003681268,0.001107741,7.70577e-05,0.005607625,0.0,0.0,0.0
0.6662,0.38,0.249,0.25264,0.01461873,0.003752177,0.007911221,0.003675112,0.001124645,7.706546e-05,0.005582867,0.0,0.0,0.0
0.66658,0.38,0.25,0.25364,0.01458865,0.003745868,0.0078892,0.003668665,0.001141869,7.720319e-05,0.005557577,0.0,0.0,0.0
0.66697,0.38,0.251,0.25464,0.01455774,0.003739374,0.007866596,0.003661934,0.001159378,7.744002e-05,0.005531767,0.0,0.0,0.0
0.66735,0.38,0.252,0.25564,0.01455191,0.003745713,0.00784342,0.003654923,0.001203044,9.079014e-05,0.005505448,0.0,0.0,0.0
0.66773,0.38,0.253,0.25664,0.01451885,0.00373759,0.007819686,0.003647637,0.001220527,8.995375e-05,0.005478634,0.0,0.0,0.0
0.66812,0.38,0.254,0.25764,0.01448538,0.003729647,0.007795406,0.00364008,0.001238638,8.956678e-05,0.005451334,0.0,0.0,0.0
0.6685,0.38,0.255,0.25864,0.01445136,0.003721712,0.007770592,0.003632259,0.001257201,8.945284e-05,0.005423564,0.0,0.0,0.0
0.66889,0.38,0.256,0.25964,0.01441672,0.003713702,0.007745258,0.003624177,0.001276131,8.952434e-05,0.005395333,0.0,0.0,0.0
0.66928,0.38,0.257,0.26064,0.01438145,0.003705572,0.007719415,0.003615841,0.001295381,8.973148e-05,0.005366655,0.0,0.0,0.0
0.66967,0.38,0.258,0.26164,0.01434554,0.003697298,0.007693077,0.003607255,0.001314922,9.004327e-05,0.005337542,0.0,0.0,0.0
0.67006,0.38,0.259,0.26264,0.01433511,0.003703061,0.007666256,0.003598424,0.001360844,0.0001046371,0.005308007,0.0,0.0,0.0
0.67045,0.38,0.26,0.26364,0.01429757,0.003693209,0.007638966,0.003589355,0.001380541,0.000103854,0.005278062,0.0,0.0,0.0
0.67085,0.38,0.261,0.26464,0.01425976,0.003683571,0.007611219,0.003580051,0.00140082,0.0001035204,0.005247719,0.0,0.0,0.0
0.67124,0.38,0.262,0.26564,0.01422155,0.003673985,0.007583028,0.003570518,0.001421535,0.0001034671,0.005216992,0.0,0.0,0.0
0.67164,0.38,0.263,0.26664,0.01418291,0.00366437,0.007554405,0.003560762,0.001442613,0.0001036072,0.005185892,0.0,0.0,0.0
0.67204,0.38,0.264,0.26764,0.01414381,0.003654679,0.007525364,0.003550788,0.001464012,0.0001038906,0.005154433,0.0,0.0,0.0
0.67243,0.38,0.265,0.26864,0.01410425,0.003644887,0.007495917,0.003540601,0.001485707,0.0001042855,0.005122627,0.0,0.0,0.0
0.67284,0.38,0.266,0.26964,0.01409049,0.003650472,0.007466078,0.003530207,0.001533925,0.0001202653,0.005090487,0.0,0.0,0.0
0.67324,0.38,0.267,0.27064,0.01404981,0.003639129,0.007435857,0.003519611,0.001555931,0.0001195184,0.005058026,0.0,0.0,0.0
0.67364,0.38,0.268,0.27164,0.01400901,0.003628051,0.007405269,0.003508817,0.001578488,0.0001192339,0.005025255,0.0,0.0,0.0
0.67404,0.38,0.269,0.27264,0.01396798,0.003617075,0.007374326,0.003497832,0.001601468,0.0001192426,0.004992189,0.0,0.0,0.0
0.67445,0.38,0.27,0.27364,0.01392669,0.003606117,0.00734304,0.003486661,0.001624809,0.000119456,0.004958839,0.0,0.0,0.0
0.67485,0.38,0.271,0.27464,0.01388511,0.003595131,0.007311424,0.003475308,0.001648473,0.0001198224,0.004925217,0.0,0.0,0.0
0.67526,0.38,0.272,0.27564,0.01387015,0.003603216,0.007279489,0.00346378,0.001699323,0.0001394357,0.004891338,0.0,0.0,0.0
0.67567,0.38,0.273,0.27664,0.01382741,0.003589906,0.007247249,0.003452082,0.001722945,0.000137824,0.004857212,0.0,0.0,0.0
0.67608,0.38,0.274,0.27764,0.01378492,0.003577313,0.007214714,0.003440218,0.001747355,0.0001370948,0.004822853,0.0,0.0,0.0
0.67649,0.38,0.275,0.27864,0.01374246,0.003565047,0.007181898,0.003428194,0.001772292,0.0001368533,0.004788273,0.0,0.0,0.0
0.6769,0.38,0.276,0.27964,0.01369994,0.003552939,0.007148812,0.003416015,0.001797643,0.0001369242,0.004753484,0.0,0.0,0.0
0.67732,0.38,0.277,0.28064,0.01365732,0.003540901,0.007115468,0.003403686,0.001823351,0.0001372148,0.004718499,0.0,0.0,0.0
0.67773,0.38,0.278,0.28164,0.01361459,0.003528883,0.007081877,0.003391213,0.001849384,0.0001376702,0.00468333,0.0,0.0,0.0
0.67815,0.38,0.279,0.28264,0.01359836,0.003537752,0.007048051,0.003378599,0.001902318,0.0001591528,0.004647989,0.0,0.0,0.0
0.67857,0.38,0.28,0.28364,0.01355496,0.00352332,0.007014001,0.003365851,0.001928474,0.0001574691,0.004612488,0.0,0.0,0.0
0.67899,0.38,0.281,0.28464,0.01351195,0.003509708,0.006979739,0.003352973,0.001955375,0.0001567344,0.004576839,0.0,0.0,0.0
0.67941,0.38,0.282,0.28564,0.01346911,0.003496497,0.006945276,0.003339971,0.001982784,0.0001565268,0.004541054,0.0,0.0,0.0
0.67983,0.38,0.283,0.28664,0.01342637,0.003483506,0.006910622,0.003326848,0.002010599,0.0001566581,0.004505144,0.0,0.0,0.0
0.68025,0.38,0.284,0.28764,0.01338368,0.003470638,0.006875788,0.00331361,0.002038768,0.0001570283,0.004469123,0.0,0.0,0.0
0.68067,0.38,0.285,0.28864,0.01334105,0.003457839,0.006840786,0.003300261,0.00206726,0.0001575779,0.004433,0.0,0.0,0.0
0.6811,0.38,0.286,0.28964,0.01332463,0.003468002,0.006805625,0.003286807,0.002122216,0.000181195,0.004396788,0.0,0.0,0.0
0.68152,0.38,0.287,0.29064,0.01328178,0.003452615,0.006770315,0.003273251,0.00215097,0.0001793645,0.004360497,0.0,0.0,0.0
0.68195,0.38,0.288,0.29164,0.01323945,0.003438191,0.006734868,0.003259599,0.002180438,0.0001785921,0.00432414,0.0,0.0,0.0
0.68238,0.38,0.289,0.29264,0.01319742,0.003424259,0.006699292,0.003245854,0.002210398,0.0001784042,0.004287727,0.0,0.0,0.0
0.68281,0.38,0.29,0.29364,0.01315562,0.003410613,0.006663598,0.003232022,0.002240756,0.0001785907,0.004251269,0.0,0.0,0.0
0.68324,0.38,0.291,0.29464,0.01311403,0.003397147,0.006627795,0.003218107,0.002271462,0.0001790405,0.004214778,0.0,0.0,0.0
0.68367,0.38,0.292,0.29564,0.01307264,0.0033838,0.006591892,0.003204113,0.00230249,0.0001796878,0.004178263,0.0,0.0,0.0
0.6841,0.38,0.293,0.29664,0.01303146,0.003370534,0.0065559,0.003190044,0.00233382,0.0001804902,0.004141735,0.0,0.0,0.0
0.68454,0.38,0.294,0.29764,0.01301579,0.003379587,0.006519827,0.003175904,0.002390762,0.0002036832,0.004105206,0.0,0.0,0.0
0.68497,0.38,0.295,0.29864,0.01297523,0.003364524,0.006483682,0.003161698,0.002422861,0.0002028265,0.004068684,0.0,0.0,0.0
0.68541,0.38,0.296,0.29964,0.01293509,0.003350065,0.006447473,0.00314743,0.002455436,0.0002026359,0.00403218,0.0,0.0,0.0
0.68585,0.38,0.297,0.30064,0.01289531,0.00333597,0.00641121,0.003133103,0.002488397,0.0002028674,0.003995705,0.0,0.0,0.0
0.68629,0.38,0.298,0.30164,0.01285587,0.003322115,0.006374901,0.003118721,0.0025217,0.0002033934,0.003959267,0.0,0.0,0.0
0.68673,0.38,0.299,0.30264,0.01281675,0.003308429,0.006338553,0.003104289,0.002555319,0.0002041394,0.003922877,0.0,0.0,0.0
0.68717,0.38,0.3,0.30364,0.01277796,0.003294868,0.006302175,0.003089811,0.002589237,0.0002050574,0.003886544,0.0,0.0,0.0
0.68761,0.38,0.301,0.30464,0.01276409,0.003305902,0.006265775,0.003075289,0.002648034,0.0002306137,0.003850278,0.0,0.0,0.0
0.68805,0.38,0.302,0.30564,0.01272626,0.003290329,0.006229361,0.003060727,0.00268281,0.0002296018,0.003814087,0.0,0.0,0.0
0.6885,0.38,0.303,0.30664,0.01268896,0.003275503,0.006192939,0.003046129,0.002718045,0.0002293735,0.00377798,0.0,0.0,0.0
0.68894,0.38,0.304,0.30764,0.01265214,0.003261131,0.006156517,0.003031499,0.002753653,0.0002296319,0.003741967,0.0,0.0,0.0
0.68939,0.38,0.305,0.30864,0.01261575,0.003247065,0.006120103,0.003016839,0.002789593,0.0002302259,0.003706055,0.0,0.0,0.0
0.68984,0.38,0.306,0.30964,0.0125798,0.003233222,0.006083703,0.003002154,0.00282584,0.0002310678,0.003670254,0.0,0.0,0.0
0.69029,0.38,0.307,0.31064,0.01254427,0.003219549,0.006047324,0.002987446,0.002862378,0.0002321026,0.003634572,0.0,0.0,0.0
0.69074,0.38,0.308,0.31164,0.0125328,0.00323309,0.006010973,0.002972719,0.002922807,0.0002603715,0.003599016,0.0,0.0,0.0
0.69119,0.38,0.309,0.31264,0.01249854,0.003217067,0.005974655,0.002957975,0.002960289,0.0002590922,0.003563594,0.0,0.0,0.0
0.69164,0.38,0.31,0.31364,0.0124649,0.003201989,0.005938378,0.002943218,0.002998212,0.000258771,0.003528315,0.0,0.0,0.0
0.6921,0.38,0.311,0.31464,0.01243182,0.003187478,0.005902147,0.002928451,0.00303649,0.000259027,0.003493186,0.0,0.0,0.0
0.69255,0.38,0.312,0.31564,0.01239927,0.00317335,0.005865969,0.002913677,0.003075084,0.0002596729,0.003458213,0.0,0.0,0.0
0.69301,0.38,0.313,0.31664,0.01236723,0.003159501,0.005829848,0.002898898,0.003113973,0.000260603,0.003423405,0.0,0.0,0.0
0.69347,0.38,0.314,0.31764,0.0123357,0.003145869,0.005793791,0.002884117,0.003153143,0.0002617518,0.003388768,0.0,0.0,0.0
0.69393,0.38,0.315,0.31864,0.01232704,0.003162564,0.005757803,0.002869337,0.003214924,0.0002932266,0.00335431,0.0,0.0,0.0
0.69439,0.38,0.316,0.31964,0.01229705,0.003146052,0.005721889,0.00285456,0.003255126,0.000291492,0.003320035,0.0,0.0,0.0
0.69485,0.38,0.317,0.32064,0.01226775,0.00313078,0.005686054,0.00283979,0.003295745,0.0002909896,0.003285952,0.0,0.0,0.0
0.69531,0.38,0.318,0.32164,0.01223907,0.003116224,0.005650304,0.002825028,0.003336695,0.0002911955,0.003252066,0.0,0.0,0.0
0.69577,0.38,0.319,0.32264,0.01221097,0.003102144,0.005614642,0.002810277,0.003377941,0.0002918663,0.003218383,0.0,0.0,0.0
0.69624,0.38,0.32,0.32364,0.01218345,0.003088409,0.005579074,0.00279554,0.003419463,0.0002928691,0.003184909,0.0,0.0,0.0
0.6967,0.38,0.321,0.32464,0.0121565,0.003074942,0.005543604,0.002780818,0.00346125,0.0002941238,0.003151649,0.0,0.0,0.0
0.69717,0.38,0.322,0.32564,0.01213014,0.003061692,0.005508236,0.002766114,0.003503294,0.0002955782,0.00311861,0.0,0.0,0.0
0.69764,0.38,0.323,0.32664,0.01212573,0.003078468,0.005472975,0.00275143,0.00356696,0.0003270379,0.003085795,0.0,0.0,0.0
0.6981,0.38,0.324,0.32764,0.0121013,0.003062974,0.005437824,0.002736768,0.003610267,0.0003262063,0.003053212,0.0,0.0,0.0
0.69857,0.38,0.325,0.32864,0.01207752,0.003048415,0.005402788,0.00272213,0.003653872,0.0003262849,0.003020863,0.0,0.0,0.0
0.69905,0.38,0.326,0.32964,0.01205437,0.003034454,0.00536787,0.002707518,0.003697743,0.0003269361,0.002988754,0.0,0.0,0.0
0.69952,0.38,0.327,0.33064,0.01203183,0.003020919,0.005333073,0.002692934,0.003741867,0.0003279851,0.00295689,0.0,0.0,0.0
0.69999,0.38,0.328,0.33164,0.01200991,0.003007709,0.005298402,0.00267838,0.003786234,0.0003293296,0.002925274,0.0,0.0,0.0
0.70046,0.38,0.329,0.33264,0.01198861,0.002994762,0.005263859,0.002663857,0.003830838,0.0003309048,0.002893911,0.0,0.0,0.0
0.70094,0.38,0.33,0.33364,0.01198748,0.003015428,0.005229447,0.002649368,0.003895224,0.0003660593,0.002862804,0.0,0.0,0.0
0.70142,0.38,0.331,0.33464,0.01196833,0.002999549,0.005195171,0.002634914,0.003941204,0.000364635,0.002831958,0.0,0.0,0.0
0.70189,0.38,0.332,0.33564,0.01194984,0.002984954,0.005161032,0.002620497,0.003987429,0.000364457,0.002801376,0.0,0.0,0.0
0.70237,0.38,0.333,0.33664,0.01193198,0.002971134,0.005127033,0.002606117,0.004033881,0.000365016,0.002771062,0.0,0.0,0.0
0.70285,0.38,0.334,0.33764,0.01191475,0.002957845,0.005093178,0.002591778,0.004080551,0.000366067,0.002741018,0.0,0.0,0.0
0.70333,0.38,0.335,0.33864,0.01189815,0.002944953,0.005059469,0.00257748,0.004127437,0.0003674736,0.002711248,0.0,0.0,0.0
0.70382,0.38,0.336,0.33964,0.0118822,0.002932376,0.005025908,0.002563224,0.004174535,0.000369152,0.002681754,0.0,0.0,0.0
0.7043,0.38,0.337,0.34064,0.01186688,0.002920059,0.004992497,0.002549012,0.004221842,0.0003710471,0.002652539,0.0,0.0,0.0
0.70478,0.38,0.338,0.34164,0.01187062,0.002941418,0.00495924,0.002534846,0.004287769,0.0004065726,0.002623606,0.0,0.0,0.0
0.70527,0.38,0.339,0.34264,0.01185767,0.002926634,0.004926137,0.002520726,0.004336576,0.0004059083,0.002594957,0.0,0.0,0.0
0.70575,0.38,0.34,0.34364,0.01184533,0.002912906,0.004893191,0.002506653,0.004385547,0.0004062531,0.002566594,0.0,0.0,0.0
0.70624,0.38,0.341,0.34464,0.01183362,0.002899864,0.004860405,0.00249263,0.004434691,0.0004072339,0.002538519,0.0,0.0,0.0
0.70673,0.38,0.342,0.34564,0.01182253,0.002887313,0.004827779,0.002478656,0.004484013,0.0004086566,0.002510735,0.0,0.0,0.0
0.70722,0.38,0.343,0.34664,0.01181207,0.002875142,0.004795316,0.002464734,0.004533514,0.0004104081,0.002483242,0.0,0.0,0.0
0.70771,0.38,0.344,0.34764,0.01180225,0.00286328,0.004763017,0.002450864,0.004583194,0.0004124159,0.002456042,0.0,0.0,0.0
0.7082,0.38,0.345,0.34864,0.01180897,0.002889566,0.004730883,0.002437046,0.004648946,0.0004525196,0.002429136,0.0,0.0,0.0
0.7087,0.38,0.346,0.34964,0.01180175,0.002874201,0.004698917,0.002423283,0.004700309,0.0004509173,0.002402527,0.0,0.0,0.0
0.70919,0.38,0.347,0.35064,0.01179507,0.002860406,0.004667119,0.002409575,0.004751736,0.0004508308,0.002376214,0.0,0.0,0.0
0.70968,0.38,0.348,0.35164,0.01178896,0.002847542,0.004635491,0.002395922,0.004803267,0.0004516194,0.002350199,0.0,0.0,0.0
0.71018,0.38,0.349,0.35264,0.01178344,0.00283531,0.004604035,0.002382326,0.004854923,0.0004529831,0.002324482,0.0,0.0,0.0
0.71068,0.38,0.35,0.35364,0.01177853,0.002823546,0.00457275,0.002368788,0.004906715,0.0004547581,0.002299064,0.0,0.0,0.0
0.71118,0.38,0.351,0.35464,0.01177423,0.002812152,0.004541638,0.002355307,0.00495865,0.0004568449,0.002273946,0.0,0.0,0.0
0.71168,0.38,0.352,0.35564,0.01177056,0.002801065,0.004510701,0.002341886,0.00501073,0.0004591788,0.002249127,0.0,0.0,0.0
0.71218,0.38,0.353,0.35664,0.01178194,0.00282849,0.004479939,0.002328524,0.005077392,0.0004999666,0.002224609,0.0,0.0,0.0
0.71268,0.38,0.354,0.35764,0.01178097,0.002814242,0.004449352,0.002315222,0.005131233,0.0004990204,0.00220039,0.0,0.0,0.0
0.71318,0.38,0.355,0.35864,0.01178048,0.002801379,0.004418942,0.00230198,0.005185063,0.0004993981,0.002176471,0.0,0.0,0.0
0.71368,0.38,0.356,0.35964,0.0117805,0.002789376,0.004388709,0.0022888,0.005238942,0.0005005751,0.002152853,0.0,0.0,0.0
0.71419,0.38,0.357,0.36064,0.01178109,0.002777975,0.004358654,0.002275682,0.005292898,0.0005022923,0.002129533,0.0,0.0,0.0
0.71469,0.38,0.358,0.36164,0.01178224,0.00276703,0.004328778,0.002262627,0.005346949,0.0005044032,0.002106512,0.0,0.0,0.0
0.7152,0.38,0.359,0.36264,0.01178397,0.00275645,0.00429908,0.002249634,0.005401104,0.0005068167,0.00208379,0.0,0.0,0.0
0.71571,0.38,0.36,0.36364,0.01178629,0.002746176,0.004269561,0.002236704,0.005455367,0.0005094721,0.002061365,0.0,0.0,0.0
0.71622,0.38,0.361,0.36464,0.01180204,0.002775154,0.004240222,0.002223838,0.005522584,0.0005513157,0.002039237,0.0,0.0,0.0
0.71672,0.38,0.362,0.36564,0.01180713,0.002761882,0.004211064,0.002211036,0.005578661,0.0005508454,0.002017405,0.0,0.0,0.0
0.71724,0.38,0.363,0.36664,0.01181261,0.002749903,0.004182085,0.002198299,0.005634657,0.0005516037,0.001995868,0.0,0.0,0.0
0.71775,0.38,0.364,0.36764,0.01181856,0.00273875,0.004153286,0.002185626,0.005690645,0.0005531241,0.001974624,0.0,0.0,0.0
0.71826,0.38,0.365,0.36864,0.011825,0.002728187,0.004124668,0.002173019,0.005746662,0.0005551685,0.001953673,0.0,0.0,0.0
0.71877,0.38,0.366,0.36964,0.01183197,0.002718075,0.004096231,0.002160476,0.005802729,0.000557599,0.001933013,0.0,0.0,0.0
0.71929,0.38,0.367,0.37064,0.01183947,0.002708329,0.004067974,0.002148,0.005858857,0.0005603289,0.001912642,0.0,0.0,0.0
0.7198,0.38,0.368,0.37164,0.01184751,0.002698889,0.004039898,0.002135589,0.005915054,0.0005632996,0.00189256,0.0,0.0,0.0
0.72032,0.38,0.369,0.37264,0.01186716,0.002729743,0.004012003,0.002123244,0.005982398,0.0006064981,0.001872763,0.0,0.0,0.0
0.72084,0.38,0.37,0.37364,0.011878,0.002717329,0.003984288,0.002110966,0.006040456,0.000606363,0.001853252,0.0,0.0,0.0
0.72136,0.38,0.371,0.37464,0.01188913,0.002706183,0.003956753,0.002098754,0.006098358,0.0006074292,0.001834023,0.0,0.0,0.0
0.72188,0.38,0.372,0.37564,0.01190067,0.002695859,0.003929399,0.002086609,0.006156191,0.0006092502,0.001815076,0.0,0.0,0.0
0.7224,0.38,0.373,0.37664,0.01191263,0.002686125,0.003902224,0.00207453,0.006214001,0.0006115942,0.001796407,0.0,0.0,0.0
0.72292,0.38,0.374,0.37764,0.01192506,0.002676845,0.003875229,0.002062519,0.006271812,0.000614326,0.001778016,0.0,0.0,0.0
0.72344,0.38,0.375,0.37864,0.01193795,0.002667933,0.003848414,0.002050574,0.00632964,0.0006173593,0.001759899,0.0,0.0,0.0
0.72397,0.38,0.376,0.37964,0.01195132,0.002659332,0.003821777,0.002038696,0.006387492,0.0006206358,0.001742055,0.0,0.0,0.0
0.72449,0.38,0.377,0.38064,0.01197427,0.002692361,0.003795319,0.002026885,0.006454474,0.000665476,0.001724481,0.0,0.0,0.0
0.72502,0.38,0.378,0.38164,0.01199046,0.002680683,0.00376904,0.002015141,0.006514245,0.0006655411,0.001707175,0.0,0.0,0.0
0.72554,0.38,0.379,0.38264,0.01200685,0.002670305,0.003742938,0.002003465,0.006573773,0.0006668403,0.001690135,0.0,0.0,0.0
0.72607,0.38,0.38,0.38364,0.01202354,0.00266077,0.003717014,0.001991855,0.006633166,0.0006689151,0.001673358,0.0,0.0,0.0
0.7266,0.38,0.381,0.38464,0.01204059,0.00265184,0.003691267,0.001980313,0.006692477,0.0006715272,0.001656842,0.0,0.0,0.0
0.72713,0.38,0.382,0.38564,0.01205802,0.002643375,0.003665696,0.001968838,0.006751737,0.0006745374,0.001640584,0.0,0.0,0.0
0.72766,0.38,0.383,0.38664,0.01207585,0.002635286,0.003640301,0.001957429,0.006810966,0.0006778569,0.001624581,0.0,0.0,0.0
0.72819,0.38,0.384,0.38764,0.01209408,0.002627514,0.003615081,0.001946088,0.006870172,0.0006814258,0.001608831,0.0,0.0,0.0
0.72873,0.38,0.385,0.38864,0.01211961,0.002663049,0.003590036,0.001934813,0.006936238,0.0007282359,0.001593331,0.0,0.0,0.0
0.72926,0.38,0.386,0.38964,0.01214069,0.00265195,0.003565166,0.001923606,0.006997448,0.0007283447,0.001578079,0.0,0.0,0.0
0.7298,0.38,0.387,0.39064,0.01216185,0.002642253,0.003540468,0.001912465,0.007058311,0.0007297884,0.001563071,0.0,0.0,0.0
0.73033,0.38,0.388,0.39164,0.01218321,0.002633451,0.003515944,0.001901391,0.00711896,0.0007320602,0.001548304,0.0,0.0,0.0
0.73087,0.38,0.389,0.39264,0.01220483,0.002625284,0.003491591,0.001890383,0.007179463,0.0007349009,0.001533776,0.0,0.0,0.0
0.73141,0.38,0.39,0.39364,0.01222675,0.002617601,0.00346741,0.001879441,0.007239858,0.0007381602,0.001519485,0.0,0.0,0.0
0.73194,0.38,0.391,0.39464,0.01224899,0.002610309,0.0034434,0.001868566,0.007300169,0.0007417432,0.001505426,0.0,0.0,0.0
0.73248,0.38,0.392,0.39564,0.01227156,0.002603343,0.00341956,0.001857757,0.007360407,0.0007455859,0.001491597,0.0,0.0,0.0
0.73302,0.38,0.393,0.39664,0.01229881,0.002641821,0.003395889,0.001847014,0.007424927,0.0007948076,0.001477994,0.0,0.0,0.0
0.73357,0.38,0.394,0.39764,0.01232432,0.002631082,0.003372387,0.001836336,0.007487315,0.0007947457,0.001464616,0.0,0.0,0.0
0.73411,0.38,0.395,0.39864,0.01234973,0.00262194,0.003349052,0.001825724,0.007549217,0.000796216,0.001451459,0.0,0.0,0.0
0.73465,0.38,0.396,0.39964,0.01237521,0.002613788,0.003325884,0.001815178,0.00761081,0.0007986105,0.001438519,0.0,0.0,0.0
0.7352,0.38,0.397,0.40064,0.01240086,0.002606324,0.003302882,0.001804696,0.007672184,0.0008016281,0.001425794,0.0,0.0,0.0
0.73574,0.38,0.398,0.40164,0.01242671,0.002599378,0.003280045,0.00179428,0.007733387,0.0008050981,0.001413281,0.0,0.0,0.0
0.73629,0.38,0.399,0.40264,0.0124528,0.002592842,0.003257373,0.001783928,0.007794448,0.0008089143,0.001400976,0.0,0.0,0.0
0.73684,0.38,0.4,0.40364,0.01247913,0.002586647,0.003234865,0.001773641,0.007855385,0.0008130061,0.001388876,0.0,0.0,0.0
0.73738,0.38,0.401,0.40464,0.01250711,0.002628738,0.003212519,0.001763418,0.007917609,0.0008653199,0.001376978,0.0,0.0,0.0
0.73793,0.38,0.402,0.40564,0.01253657,0.002618006,0.003190335,0.001753259,0.007980954,0.0008647473,0.00136528,0.0,0.0,0.0
0.73848,0.38,0.403,0.40664,0.0125657,0.002609235,0.003168312,0.001743164,0.008043612,0.0008660709,0.001353777,0.0,0.0,0.0
0.73903,0.38,0.404,0.40764,0.01259476,0.002601616,0.003146449,0.001733133,0.008105841,0.0008684833,0.001342467,0.0,0.0,0.0
0.73959,0.38,0.405,0.40864,0.01262385,0.002594771,0.003124745,0.001723165,0.008167761,0.0008716069,0.001331347,0.0,0.0,0.0
0.74014,0.38,0.406,0.40964,0.01265305,0.002588495,0.003103199,0.00171326,0.008229439,0.0008752357,0.001320412,0.0,0.0,0.0
0.74069,0.38,0.407,0.41064,0.01268239,0.002582662,0.003081811,0.001703417,0.008290912,0.0008792449,0.001309661,0.0,0.0,0.0
0.74125,0.38,0.408,0.41164,0.01271187,0.002577191,0.00306058,0.001693638,0.008352205,0.0008835531,0.00129909,0.0,0.0,0.0
0.7418,0.38,0.409,0.41264,0.01274153,0.002572024,0.003039503,0.00168392,0.008413331,0.0008881039,0.001288696,0.0,0.0,0.0
0.74236,0.38,0.41,0.41364,0.01277241,0.002612706,0.003018582,0.001674265,0.008475356,0.0009384413,0.001278476,0.0,0.0,0.0
0.74292,0.38,0.411,0.41464,0.01280477,0.002604004,0.002997814,0.001664671,0.008538529,0.0009393334,0.001268426,0.0,0.0,0.0
0.74348,0.38,0.412,0.41564,0.01283684,0.002596742,0.002977199,0.001655138,0.0086011,0.0009416041,0.001258544,0.0,0.0,0.0
0.74404,0.38,0.413,0.41664,0.01286881,0.002590398,0.002956735,0.001645667,0.008663252,0.0009447315,0.001248826,0.0,0.0,0.0
0.7446,0.38,0.414,0.41764,0.01290077,0.002584704,0.002936423,0.001636256,0.008725076,0.0009484471,0.001239269,0.0,0.0,0.0
0.74516,0.38,0.415,0.41864,0.01293276,0.002579501,0.00291626,0.001626906,0.008786625,0.0009525948,0.00122987,0.0,0.0,0.0
0.74572,0.38,0.416,0.41964,0.01296481,0.002574692,0.002896246,0.001617617,0.008847933,0.0009570757,0.001220626,0.0,0.0,0.0
0.74628,0.38,0.417,0.42064,0.01299693,0.00257021,0.00287638,0.001608387,0.008909018,0.0009618233,0.001211535,0.0,0.0,0.0
0.74685,0.38,0.418,0.42164,0.01302663,0.002615372,0.002856661,0.001599216,0.008967376,0.001016156,0.001202592,0.0,0.0,0.0
0.74741,0.38,0.419,0.42264,0.01306181,0.002606183,0.002837089,0.001590105,0.009030931,0.001016078,0.001193795,0.0,0.0,0.0
0.74798,0.38,0.42,0.42364,0.0130964,0.002598993,0.002817661,0.001581053,0.009093602,0.001017939,0.001185141,0.0,0.0,0.0
0.74855,0.38,0.421,0.42464,0.0131307,0.002592972,0.002798377,0.00157206,0.009155694,0.001020912,0.001176627,0.0,0.0,0.0
0.74911,0.38,0.422,0.42564,0.01316484,0.002587733,0.002779237,0.001563125,0.009217351,0.001024609,0.00116825,0.0,0.0,0.0
0.74968,0.38,0.423,0.42664,0.0131989,0.002583066,0.002760238,0.001554247,0.009278652,0.001028818,0.001160006,0.0,0.0,0.0
0.75025,0.38,0.424,0.42764,0.01323292,0.002578841,0.002741381,0.001545428,0.009339641,0.001033413,0.001151894,0.0,0.0,0.0
0.75082,0.38,0.425,0.42864,0.01326692,0.002574976,0.002722664,0.001536666,0.009400348,0.00103831,0.00114391,0.0,0.0,0.0
0.75139,0.38,0.426,0.42964,0.01330093,0.002571411,0.002704087,0.001527961,0.009460791,0.00104345,0.001136052,0.0,0.0,0.0
0.75197,0.38,0.427,0.43064,0.01333165,0.002615945,0.002685647,0.001519313,0.009517688,0.001096633,0.001128316,0.0,0.0,0.0
0.75254,0.38,0.428,0.43164,0.01336838,0.002608288,0.002667345,0.001510721,0.009580331,0.001097567,0.001120699,0.0,0.0,0.0
0.75311,0.38,0.429,0.43264,0.01340451,0.002602297,0.00264918,0.001502185,0.009642133,0.001100112,0.0011132,0.0,0.0,0.0
0.75369,0.38,0.43,0.43364,0.01344031,0.002597327,0.002631149,0.001493704,0.009703346,0.001103623,0.001105814,0.0,0.0,0.0
0.75426,0.38,0.431,0.43464,0.01347589,0.002593061,0.002613254,0.001485279,0.009764097,0.001107781,0.00109854,0.0,0.0,0.0
0.75484,0.38,0.432,0.43564,0.01351132,0.002589316,0.002595491,0.00147691,0.009824455,0.001112407,0.001091375,0.0,0.0,0.0
0.75542,0.38,0.433,0.43664,0.01354664,0.002585982,0.002577862,0.001468594,0.009884463,0.001117387,0.001084316,0.0,0.0,0.0
0.756,0.38,0.434,0.43764,0.01358187,0.002582982,0.002560363,0.001460334,0.009944148,0.001122649,0.00107736,0.0,0.0,0.0
0.75658,0.38,0.435,0.43864,0.01361703,0.002580266,0.002542996,0.001452127,0.01000353,0.001128139,0.001070505,0.0,0.0,0.0
0.75716,0.38,0.436,0.43964,0.01364772,0.002624842,0.002525758,0.001443974,0.01005821,0.001180868,0.001063748,0.0,0.0,0.0
0.75774,0.38,0.437,0.44064,0.01368537,0.002618314,0.002508649,0.001435874,0.01011963,0.001182439,0.001057088,0.0,0.0,0.0
0.75832,0.38,0.438,0.44164,0.01372238,0.002613296,0.002491667,0.001427828,0.01018019,0.001185469,0.00105052,0.0,0.0,0.0
0.7589,0.38,0.439,0.44264,0.013759,0.002609225,0.002474813,0.001419834,0.01024014,0.001189391,0.001044043,0.0,0.0,0.0
0.75949,0.38,0.44,0.44364,0.01379533,0.002605814,0.002458084,0.001411892,0.01029959,0.001193921,0.001037655,0.0,0.0,0.0
0.76007,0.38,0.441,0.44464,0.01383144,0.002602896,0.00244148,0.001404003,0.0103586,0.001198893,0.001031353,0.0,0.0,0.0
0.76066,0.38,0.442,0.44564,0.01386736,0.002600368,0.002425001,0.001396165,0.01041723,0.001204202,0.001025134,0.0,0.0,0.0
0.76124,0.38,0.443,0.44664,0.01390313,0.002598159,0.002408644,0.001388379,0.01047549,0.00120978,0.001018996,0.0,0.0,0.0
0.76183,0.38,0.444,0.44764,0.01393875,0.00259622,0.00239241,0.001380643,0.0105334,0.001215577,0.001012938,0.0,0.0,0.0
0.76242,0.38,0.445,0.44864,0.01396843,0.002641351,0.002376296,0.001372959,0.01058518,0.001268392,0.001006957,0.0,0.0,0.0
0.76301,0.38,0.446,0.44964,0.01400642,0.002635639,0.002360303,0.001365324,0.01064506,0.001270315,0.00100105,0.0,0.0,0.0
0.7636,0.38,0.447,0.45064,0.01404369,0.002631402,0.00234443,0.00135774,0.01070404,0.001273662,0.0009952153,0.0,0.0,0.0
0.76419,0.38,0.448,0.45164,0.01408049,0.00262809,0.002328675,0.001350205,0.01076236,0.001277884,0.0009894511,0.0,0.0,0.0
0.76478,0.38,0.449,0.45264,0.01411693,0.002625423,0.002313037,0.00134272,0.01082013,0.001282703,0.0009837552,0.0,0.0,0.0
0.76537,0.38,0.45,0.45364,0.01415307,0.002623238,0.002297517,0.001335284,0.01087743,0.001287955,0.0009781254,0.0,0.0,0.0
0.76596,0.38,0.451,0.45464,0.01418897,0.002621434,0.002282112,0.001327896,0.0109343,0.001293538,0.0009725598,0.0,0.0,0.0
0.76656,0.38,0.452,0.45564,0.01422464,0.002619941,0.002266822,0.001320557,0.01099076,0.001299384,0.0009670563,0.0,0.0,0.0
0.76715,0.38,0.453,0.45664,0.0142601,0.00261871,0.002251646,0.001313266,0.01104684,0.001305444,0.000961613,0.0,0.0,0.0
0.76775,0.38,0.454,0.45764,0.01428784,0.002664909,0.002236583,0.001306023,0.01109502,0.001358886,0.0009562281,0.0,0.0,0.0
0.76834,0.38,0.455,0.45864,0.01432564,0.002659705,0.002221632,0.001298827,0.01115311,0.001360879,0.0009508996,0.0,0.0,0.0
0.76894,0.38,0.456,0.45964,0.01436262,0.002656055,0.002206793,0.001291678,0.0112102,0.001364377,0.0009456257,0.0,0.0,0.0
0.76954,0.38,0.457,0.46064,0.01439903,0.002653362,0.002192064,0.001284576,0.01126656,0.001368786,0.0009404046,0.0,0.0,0.0
0.77014,0.38,0.458,0.46164,0.01443501,0.002651328,0.002177445,0.00127752,0.01132233,0.001373808,0.0009352345,0.0,0.0,0.0
0.77074,0.38,0.459,0.46264,0.01447062,0.002649783,0.002162935,0.00127051,0.01137757,0.001379273,0.0009301138,0.0,0.0,0.0
0.77134,0.38,0.46,0.46364,0.01450592,0.002648619,0.002148533,0.001263546,0.01143235,0.001385073,0.0009250408,0.0,0.0,0.0
0.77194,0.38,0.461,0.46464,0.01454093,0.002647766,0.002134238,0.001256628,0.01148668,0.001391138,0.0009200138,0.0,0.0,0.0
0.77254,0.38,0.462,0.46564,0.01457567,0.002647172,0.002120049,0.001249755,0.01154059,0.001397418,0.0009150311,0.0,0.0,0.0
0.77315,0.38,0.463,0.46664,0.01460049,0.002695114,0.002105965,0.001242926,0.01158444,0.001452188,0.0009100913,0.0,0.0,0.0
0.77375,0.38,0.464,0.46764,0.01463773,0.002690035,0.002091986,0.001236142,0.01164055,0.001453893,0.0009051928,0.0,0.0,0.0
0.77436,0.38,0.465,0.46864,0.01467395,0.002686746,0.002078111,0.001229403,0.0116955,0.001457343,0.0009003341,0.0,0.0,0.0
0.77496,0.38,0.466,0.46964,0.01470948,0.002684516,0.002064339,0.001222707,0.01174963,0.001461809,0.0008955138,0.0,0.0,0.0
0.77557,0.38,0.467,0.47064,0.0147445,0.002682995,0.002050669,0.001216055,0.0118031,0.00146694,0.0008907303,0.0,0.0,0.0
0.77617,0.38,0.468,0.47164,0.01477908,0.002681989,0.0020371,0.001209446,0.011856,0.001472543,0.0008859824,0.0,0.0,0.0
0.77678,0.38,0.469,0.47264,0.01481328,0.002681379,0.002023631,0.00120288,0.01190838,0.001478499,0.0008812686,0.0,0.0,0.0
0.77739,0.38,0.47,0.47364,0.01484714,0.002681087,0.002010263,0.001196356,0.01196029,0.00148473,0.0008765876,0.0,0.0,0.0
0.778,0.38,0.471,0.47464,0.01488066,0.002681059,0.001996993,0.001189875,0.01201173,0.001491183,0.0008719383,0.0,0.0,0.0
0.77861,0.38,0.472,0.47564,0.01491388,0.002681256,0.001983822,0.001183436,0.01206274,0.001497819,0.0008673192,0.0,0.0,0.0
0.77922,0.38,0.473,0.47664,0.01493794,0.002726291,0.001970747,0.001177039,0.01210446,0.001549252,0.0008627292,0.0,0.0,0.0
0.77983,0.38,0.474,0.47764,0.01497305,0.002723048,0.00195777,0.001170684,0.01215712,0.001552364,0.0008581671,0.0,0.0,0.0
0.78045,0.38,0.475,0.47864,0.01500733,0.002721081,0.001944888,0.001164369,0.01220881,0.001556712,0.0008536317,0.0,0.0,0.0
0.78106,0.38,0.476,0.47964,0.01504097,0.00271993,0.001932101,0.001158095,0.01225975,0.001561834,0.000849122,0.0,0.0,0.0
0.78168,0.38,0.477,0.48064,0.0150741,0.00271935,0.001919408,0.001151862,0.01231006,0.001567488,0.0008446368,0.0,0.0,0.0
0.78229,0.38,0.478,0.48164,0.01510679,0.002719199,0.001906809,0.001145669,0.01235981,0.00157353,0.0008401751,0.0,0.0,0.0
0.78291,0.38,0.479,0.48264,0.01513908,0.002719386,0.001894303,0.001139517,0.01240904,0.00157987,0.0008357359,0.0,0.0,0.0
0.78352,0.38,0.48,0.48364,0.01517099,0.00271985,0.001881889,0.001133403,0.01245778,0.001586446,0.0008313182,0.0,0.0,0.0
0.78414,0.38,0.481,0.48464,0.01520254,0.002720545,0.001869566,0.00112733,0.01250605,0.001593215,0.000826921,0.0,0.0,0.0
0.78476,0.38,0.482,0.48564,0.01523374,0.002721439,0.001857333,0.001121295,0.01255387,0.001600144,0.0008225434,0.0,0.0,0.0
0.78538,0.38,0.483,0.48664,0.01525595,0.002764689,0.00184519,0.001115299,0.01259257,0.00164939,0.0008181845,0.0,0.0,0.0
0.786,0.38,0.484,0.48764,0.01528869,0.002762689,0.001833137,0.001109342,0.01264171,0.001653347,0.0008138434,0.0,0.0,0.0
0.78662,0.38,0.485,0.48864,0.01532066,0.002761714,0.001821172,0.001103423,0.01268997,0.001658291,0.0008095193,0.0,0.0,0.0
0.78724,0.38,0.486,0.48964,0.01535203,0.00276142,0.001809294,0.001097542,0.01273752,0.001663878,0.0008052114,0.0,0.0,0.0
0.78786,0.38,0.487,0.49064,0.01538287,0.002761619,0.001797503,0.001091699,0.01278445,0.00166992,0.0008009189,0.0,0.0,0.0
0.78849,0.38,0.488,0.49164,0.01541326,0.002762193,0.001785799,0.001085893,0.01283082,0.0016763,0.0007966411,0.0,0.0,0.0
0.78911,0.38,0.489,0.49264,0.01544322,0.002763068,0.00177418,0.001080124,0.01287666,0.001682943,0.0007923772,0.0,0.0,0.0
0.78974,0.38,0.49,0.49364,0.01547278,0.00276419,0.001762646,0.001074393,0.01292201,0.001689797,0.0007881265,0.0,0.0,0.0
0.79036,0.38,0.491,0.49464,0.01550196,0.002765521,0.001751196,0.001068698,0.01296687,0.001696823,0.0007838884,0.0,0.0,0.0
0.79099,0.38,0.492,0.49564,0.01551916,0.002811756,0.00173983,0.001063039,0.01299966,0.001748717,0.0007796622,0.0,0.0,0.0
0.79161,0.38,0.493,0.49664,0.01555033,0.002809162,0.001728546,0.001057416,0.01304634,0.001751745,0.0007754474,0.0,0.0,0.0
0.79224,0.38,0.494,0.49764,0.01558046,0.002808054,0.001717345,0.00105183,0.01309187,0.001756225,0.0007712432,0.0,0.0,0.0
0.79287,0.38,0.495,0.49864,0.01560984,0.002807848,0.001706225,0.001046278,0.01313656,0.001761569,0.0007670492,0.0,0.0,0.0
0.7935,0.38,0.496,0.49964,0.01563861,0.002808251,0.001695186,0.001040763,0.01318055,0.001767489,0.0007628648,0.0,0.0,0.0
0.79413,0.38,0.497,0.50064,0.01566685,0.002809101,0.001684227,0.001035282,0.01322393,0.00177382,0.0007586894,0.0,0.0,0.0
0.79476,0.38,0.498,0.50164,0.01569462,0.002810295,0.001673348,0.001029836,0.01326674,0.00178046,0.0007545227,0.0,0.0,0.0
0.79539,0.38,0.499,0.50264,0.01572194,0.002811766,0.001662548,0.001024424,0.01330903,0.001787342,0.0007503641,0.0,0.0,0.0
0.79602,0.38,0.5,0.50364,0.01574885,0.002813465,0.001651826,0.001019047,0.01335081,0.001794418,0.0007462132,0.0,0.0,0.0
0.79666,0.38,0.501,0.50464,0.01577536,0.002815358,0.001641181,0.001013704,0.01339211,0.001801654,0.0007420695,0.0,0.0,0.0
0.79729,0.38,0.502,0.50564,0.01578944,0.002860788,0.001630614,0.001008395,0.0134209,0.001852393,0.0007379326,0.0,0.0,0.0
0.79793,0.38,0.503,0.50664,0.01581782,0.002858912,0.001620122,0.001003119,0.01346389,0.001855793,0.0007338022,0.0,0.0,0.0
0.79856,0.38,0.504,0.50764,0.01584515,0.002858443,0.001609707,0.0009978762,0.01350576,0.001860567,0.000729678,0.0,0.0,0.0
0.7992,0.38,0.505,0.50864,0.01587172,0.002858832,0.001599367,0.0009926667,0.01354679,0.001866165,0.0007255595,0.0,0.0,0.0
0.79983,0.38,0.506,0.50964,0.01589767,0.002859802,0.001589101,0.00098749,0.01358712,0.001872312,0.0007214464,0.0,0.0,0.0
0.80047,0.38,0.507,0.51064,0.01592309,0.002861198,0.001578909,0.0009823459,0.01362684,0.001878852,0.0007173385,0.0,0.0,0.0
0.80111,0.38,0.508,0.51164,0.01594802,0.002862922,0.001568791,0.0009772341,0.01366599,0.001885688,0.0007132354,0.0,0.0,0.0
0.80175,0.38,0.509,0.51264,0.01597249,0.00286491,0.001558745,0.0009721544,0.01370461,0.001892756,0.0007091369,0.0,0.0,0.0
0.80239,0.38,0.51,0.51364,0.01599654,0.002867115,0.001548771,0.0009671066,0.01374272,0.001900009,0.0007050428,0.0,0.0,0.0
0.80303,0.38,0.511,0.51464,0.01602017,0.002869506,0.001538869,0.0009620904,0.01378035,0.001907415,0.0007009529,0.0,0.0,0.0
0.80367,0.38,0.512,0.51564,0.01603049,0.002914918,0.001529038,0.0009571055,0.01380459,0.001957812,0.0006968668,0.0,0.0,0.0
0.80431,0.38,0.513,0.51664,0.01605603,0.002913374,0.001519278,0.0009521518,0.01384397,0.001961222,0.0006927845,0.0,0.0,0.0
0.80496,0.38,0.514,0.51764,0.01608047,0.002913317,0.001509587,0.0009472291,0.01388218,0.001966088,0.0006887057,0.0,0.0,0.0
0.8056,0.38,0.515,0.51864,0.01610412,0.002914145,0.001499966,0.0009423371,0.01391952,0.001971808,0.0006846303,0.0,0.0,0.0
0.80624,0.38,0.516,0.51964,0.01612713,0.002915565,0.001490413,0.0009374755,0.01395616,0.001978089,0.0006805582,0.0,0.0,0.0
0.80689,0.38,0.517,0.52064,0.01614959,0.002917413,0.001480928,0.0009326442,0.01399217,0.001984769,0.0006764892,0.0,0.0,0.0
0.80753,0.38,0.518,0.52164,0.01617155,0.002919588,0.001471511,0.0009278429,0.01402762,0.001991745,0.0006724233,0.0,0.0,0.0
0.80818,0.38,0.519,0.52264,0.01619305,0.002922024,0.001462162,0.0009230714,0.01406253,0.001998952,0.0006683602,0.0,0.0,0.0
0.80883,0.38,0.52,0.52364,0.01621411,0.002924674,0.001452878,0.0009183295,0.01409693,0.002006345,0.0006643,0.0,0.0,0.0
0.80947,0.38,0.521,0.52464,0.01623475,0.002927506,0.001443661,0.000913617,0.01413084,0.002013889,0.0006602425,0.0,0.0,0.0
0.81012,0.38,0.522,0.52564,0.01625498,0.002930494,0.00143451,0.0009089337,0.01416428,0.00202156,0.0006561878,0.0,0.0,0.0
0.81077,0.38,0.523,0.52664,0.01626348,0.002972208,0.001425423,0.0009042793,0.01418592,0.002067929,0.0006521357,0.0,0.0,0.0
0.81142,0.38,0.524,0.52764,0.01628504,0.002972301,0.0014164,0.0008996536,0.01422056,0.002072648,0.0006480863,0.0,0.0,0.0
0.81207,0.38,0.525,0.52864,0.01630575,0.002973401,0.001407442,0.0008950564,0.01425426,0.002078344,0.0006440395,0.0,0.0,0.0
0.81272,0.38,0.526,0.52964,0.01632577,0.00297515,0.001398547,0.0008904876,0.01428723,0.002084662,0.0006399953,0.0,0.0,0.0
0.81338,0.38,0.527,0.53064,0.01634523,0.002977357,0.001389715,0.0008859469,0.01431956,0.00209141,0.0006359537,0.0,0.0,0.0
0.81403,0.38,0.528,0.53164,0.01636418,0.002979907,0.001380945,0.000881434,0.01435132,0.002098473,0.0006319148,0.0,0.0,0.0
0.81468,0.38,0.529,0.53264,0.01638265,0.002982727,0.001372238,0.0008769489,0.01438254,0.002105778,0.0006278785,0.0,0.0,0.0
0.81534,0.38,0.53,0.53364,0.01640069,0.002985767,0.001363591,0.0008724913,0.01441325,0.002113276,0.0006238449,0.0,0.0,0.0
0.81599,0.38,0.531,0.53464,0.0164183,0.002988991,0.001355006,0.0008680609,0.01444348,0.00212093,0.0006198141,0.0,0.0,0.0
0.81665,0.38,0.532,0.53564,0.01643557,0.002992364,0.001346481,0.0008636577,0.0144733,0.002128706,0.000615786,0.0,0.0,0.0
0.8173,0.38,0.533,0.53664,0.01643945,0.003035382,0.001338016,0.0008592813,0.01448967,0.0021761,0.0006117609,0.0,0.0,0.0
0.81796,0.38,0.534,0.53764,0.01645836,0.00303521,0.00132961,0.0008549317,0.01452101,0.002180278,0.0006077387,0.0,0.0,0.0
0.81862,0.38,0.535,0.53864,0.01647622,0.003036349,0.001321263,0.0008506086,0.01455124,0.00218574,0.0006037195,0.0,0.0,0.0
0.81928,0.38,0.536,0.53964,0.01649332,0.003038277,0.001312975,0.0008463117,0.01458065,0.002191965,0.0005997034,0.0,0.0,0.0
0.81994,0.38,0.537,0.54064,0.01650982,0.003040734,0.001304745,0.000842041,0.01460938,0.002198693,0.0005956906,0.0,0.0,0.0
0.8206,0.38,0.538,0.54164,0.01652579,0.003043577,0.001296573,0.0008377963,0.01463753,0.002205781,0.0005916811,0.0,0.0,0.0
0.82126,0.38,0.539,0.54264,0.01654136,0.003046704,0.001288457,0.0008335772,0.01466522,0.002213127,0.0005876751,0.0,0.0,0.0
0.82192,0.38,0.54,0.54364,0.01655648,0.003050072,0.001280399,0.0008293838,0.01469241,0.002220689,0.0005836726,0.0,0.0,0.0
0.82258,0.38,0.541,0.54464,0.01657113,0.003053636,0.001272396,0.0008252156,0.01471906,0.00222842,0.0005796738,0.0,0.0,0.0
0.82324,0.38,0.542,0.54564,0.01658536,0.003057364,0.00126445,0.0008210727,0.01474523,0.002236291,0.0005756789,0.0,0.0,0.0
0.8239,0.38,0.543,0.54664,0.01659919,0.003061235,0.001256559,0.0008169548,0.01477094,0.00224428,0.000571688,0.0,0.0,0.0
0.82457,0.38,0.544,0.54764,0.01660026,0.003102203,0.001248722,0.0008128617,0.01478383,0.002289341,0.0005677011,0.0,0.0,0.0
0.82523,0.38,0.545,0.54864,0.01661552,0.003102963,0.00124094,0.0008087933,0.01481086,0.00229417,0.0005637186,0.0,0.0,0.0
0.8259,0.38,0.546,0.54964,0.01662996,0.003104823,0.001233213,0.0008047493,0.01483701,0.002300074,0.0005597405,0.0,0.0,0.0
0.82656,0.38,0.547,0.55064,0.01664373,0.003107378,0.001225538,0.0008007296,0.01486242,0.002306648,0.0005557671,0.0,0.0,0.0
0.82723,0.38,0.548,0.55164,0.01665685,0.003110405,0.001217917,0.000796734,0.01488714,0.002313671,0.0005517984,0.0,0.0,0.0
0.8279,0.38,0.549,0.55264,0.01666946,0.003113779,0.001210349,0.0007927624,0.01491128,0.002321017,0.0005478347,0.0,0.0,0.0
0.82856,0.38,0.55,0.55364,0.01668161,0.003117423,0.001202833,0.0007888145,0.0149349,0.002328608,0.0005438761,0.0,0.0,0.0
0.82923,0.38,0.551,0.55464,0.01669334,0.003121282,0.001195369,0.0007848902,0.01495805,0.002336392,0.0005399228,0.0,0.0,0.0
0.8299,0.38,0.552,0.55564,0.01670467,0.003125322,0.001187957,0.0007809893,0.01498073,0.002344332,0.000535975,0.0,0.0,0.0
0.83057,0.38,0.553,0.55664,0.01671574,0.003129497,0.001180596,0.0007771117,0.01500311,0.002352385,0.0005320329,0.0,0.0,0.0
0.83124,0.38,0.554,0.55764,0.01672644,0.003133814,0.001173285,0.0007732572,0.01502506,0.002360557,0.0005280967,0.0,0.0,0.0
0.83191,0.38,0.555,0.55864,0.01672438,0.003173654,0.001166025,0.0007694256,0.01503419,0.002404228,0.0005241666,0.0,0.0,0.0
0.83259,0.38,0.556,0.55964,0.01673635,0.003174968,0.001158815,0.0007656168,0.01505729,0.002409351,0.0005202428,0.0,0.0,0.0
0.83326,0.38,0.557,0.56064,0.01674744,0.003177356,0.001151654,0.0007618305,0.01507946,0.002415526,0.0005163254,0.0,0.0,0.0
0.83393,0.38,0.558,0.56164,0.01675786,0.003180408,0.001144542,0.0007580667,0.01510091,0.002422341,0.0005124148,0.0,0.0,0.0
0.83461,0.38,0.559,0.56264,0.01676775,0.003183913,0.00113748,0.0007543251,0.01512176,0.002429588,0.000508511,0.0,0.0,0.0
0.83528,0.38,0.56,0.56364,0.01677731,0.003187731,0.001130465,0.0007506057,0.01514224,0.002437125,0.0005046143,0.0,0.0,0.0
0.83596,0.38,0.561,0.56464,0.01678645,0.003191818,0.001123499,0.0007469082,0.01516223,0.002444909,0.000500725,0.0,0.0,0.0
0.83663,0.38,0.562,0.56564,0.0167951,0.003196115,0.00111658,0.0007432325,0.01518168,0.002452883,0.0004968432,0.0,0.0,0.0
0.83731,0.38,0.563,0.56664,0.01680333,0.003200587,0.001109709,0.0007395785,0.01520066,0.002461009,0.0004929691,0.0,0.0,0.0
0.83798,0.38,0.564,0.56764,0.0168112,0.003205207,0.001102884,0.0007359459,0.01521921,0.002469262,0.000489103,0.0,0.0,0.0
0.83866,0.38,0.565,0.56864,0.01681871,0.003209956,0.001096106,0.0007323346,0.01523736,0.002477622,0.0004852451,0.0,0.0,0.0
0.83934,0.38,0.566,0.56964,0.01682589,0.003214819,0.001089374,0.0007287446,0.01525512,0.002486075,0.0004813956,0.0,0.0,0.0
0.84002,0.38,0.567,0.57064,0.01682235,0.003251084,0.001082688,0.0007251756,0.01526211,0.002525908,0.0004775547,0.0,0.0,0.0
0.8407,0.38,0.568,0.57164,0.01683059,0.003253787,0.001076047,0.0007216274,0.01528082,0.00253216,0.0004737226,0.0,0.0,0.0
0.84138,0.38,0.569,0.57264,0.01683817,0.003257204,0.001069452,0.0007181,0.01529882,0.002539104,0.0004698995,0.0,0.0,0.0
0.84206,0.38,0.57,0.57364,0.01684512,0.003261097,0.001062901,0.0007145932,0.01531614,0.002546503,0.0004660858,0.0,0.0,0.0
0.84274,0.38,0.571,0.57464,0.01685161,0.003265334,0.001056395,0.0007111068,0.01533293,0.002554227,0.0004622815,0.0,0.0,0.0
0.84342,0.38,0.572,0.57564,0.01685768,0.003269836,0.001049933,0.0007076406,0.01534926,0.002562196,0.0004584869,0.0,0.0,0.0
0.84411,0.38,0.573,0.57664,0.01686338,0.00327455,0.001043514,0.0007041947,0.01536517,0.002570356,0.0004547023,0.0,0.0,0.0
0.84479,0.38,0.574,0.57764,0.01686892,0.003279416,0.001037139,0.0007007687,0.01538086,0.002578647,0.0004509278,0.0,0.0,0.0
0.84547,0.38,0.575,0.57864,0.01687399,0.003284436,0.001030807,0.0006973627,0.01539602,0.002587073,0.0004471636,0.0,0.0,0.0
0.84616,0.38,0.576,0.57964,0.01687894,0.003289591,0.001024517,0.0006939763,0.01541101,0.002595614,0.0004434101,0.0,0.0,0.0
0.84684,0.38,0.577,0.58064,0.01688336,0.003294862,0.001018271,0.0006906095,0.01542542,0.002604252,0.0004396673,0.0,0.0,0.0
0.84753,0.38,0.578,0.58164,0.01687614,0.003331466,0.001012066,0.0006872622,0.01542814,0.002644204,0.0004359356,0.0,0.0,0.0
0.84822,0.38,0.579,0.58264,0.01688169,0.003334247,0.001005902,0.0006839342,0.01544357,0.002650313,0.0004322151,0.0,0.0,0.0
0.8489,0.38,0.58,0.58364,0.01688651,0.003337899,0.0009997808,0.0006806253,0.01545822,0.002657273,0.0004285061,0.0,0.0,0.0
0.84959,0.38,0.581,0.58464,0.01689097,0.003342085,0.0009937001,0.0006773355,0.01547246,0.00266475,0.0004248087,0.0,0.0,0.0
0.85028,0.38,0.582,0.58564,0.0168949,0.003346647,0.0009876603,0.0006740646,0.01548612,0.002672582,0.0004211232,0.0,0.0,0.0
0.85097,0.38,0.583,0.58664,0.01689864,0.003351509,0.000981661,0.0006708125,0.01549953,0.002680697,0.0004174498,0.0,0.0,0.0
0.85166,0.38,0.584,0.58764,0.01690178,0.003356602,0.0009757018,0.000667579,0.01551229,0.002689023,0.0004137886,0.0,0.0,0.0
0.85235,0.38,0.585,0.58864,0.01690457,0.003361883,0.0009697825,0.000664364,0.01552464,0.002697519,0.00041014,0.0,0.0,0.0
0.85304,0.38,0.586,0.58964,0.01690703,0.003367322,0.0009639028,0.0006611674,0.01553662,0.002706154,0.0004065041,0.0,0.0,0.0
0.85373,0.38,0.587,0.59064,0.01690919,0.003372897,0.0009580623,0.0006579891,0.01554825,0.002714908,0.0004028811,0.0,0.0,0.0
0.85442,0.38,0.588,0.59164,0.01691106,0.003378592,0.0009522608,0.0006548289,0.01555953,0.002723764,0.0003992712,0.0,0.0,0.0
0.85512,0.38,0.589,0.59264,0.01691298,0.003384349,0.000946498,0.0006516866,0.01557081,0.002732663,0.0003956746,0.0,0.0,0.0
0.85581,0.38,0.59,0.59364,0.01690404,0.003419117,0.0009407735,0.0006485623,0.01557118,0.002770555,0.0003920915,0.0,0.0,0.0
0.8565,0.38,0.591,0.59464,0.01690681,0.003422734,0.0009350871,0.0006454557,0.0155832,0.002777278,0.0003885221,0.0,0.0,0.0
0.8572,0.38,0.592,0.59564,0.01690885,0.003427099,0.0009294386,0.0006423667,0.01559445,0.002784732,0.0003849666,0.0,0.0,0.0
0.85789,0.38,0.593,0.59664,0.0169104,0.003431951,0.0009238275,0.0006392952,0.01560515,0.002792656,0.0003814253,0.0,0.0,0.0
0.85859,0.38,0.594,0.59764,0.01691155,0.003437151,0.0009182536,0.0006362411,0.0156154,0.00280091,0.0003778981,0.0,0.0,0.0
0.85929,0.38,0.595,0.59864,0.01691235,0.003442615,0.0009127167,0.0006332043,0.01562525,0.002809411,0.0003743855,0.0,0.0,0.0
0.85998,0.38,0.596,0.59964,0.01691315,0.003448255,0.0009072164,0.0006301846,0.01563504,0.00281807,0.0003708875,0.0,0.0,0.0
0.86068,0.38,0.597,0.60064,0.01691346,0.003454067,0.0009017525,0.0006271819,0.0156443,0.002826886,0.0003674043,0.0,0.0,0.0
0.86138,0.38,0.598,0.60164,0.01691383,0.003460042,0.0008963248,0.0006241962,0.01565357,0.002835846,0.0003639362,0.0,0.0,0.0
0.86208,0.38,0.599,0.60264,0.01691358,0.003466151,0.0008909329,0.0006212272,0.01566217,0.002844924,0.0003604832,0.0,0.0,0.0
0.86278,0.38,0.6,0.60364,0.01691305,0.003472379,0.0008855765,0.0006182749,0.01567043,0.002854104,0.0003570455,0.0,0.0,0.0
0.86348,0.38,0.601,0.60464,0.01691226,0.003478713,0.0008802555,0.0006153391,0.01567838,0.002863374,0.0003536234,0.0,0.0,0.0
0.86418,0.38,0.602,0.60564,0.01690094,0.003512551,0.0008749695,0.0006124198,0.01567576,0.002900132,0.000350217,0.0,0.0,0.0
0.86488,0.38,0.603,0.60664,0.01690116,0.003516785,0.0008697182,0.0006095168,0.01568462,0.002907268,0.0003468265,0.0,0.0,0.0
0.86558,0.38,0.604,0.60764,0.01690126,0.003521687,0.0008645015,0.00060663,0.01569331,0.002915057,0.000343452,0.0,0.0,0.0
0.86628,0.38,0.605,0.60864,0.01690083,0.003527099,0.000859319,0.0006037593,0.01570142,0.002923339,0.0003400936,0.0,0.0,0.0
0.86699,0.38,0.606,0.60964,0.01689997,0.00353286,0.0008541706,0.0006009046,0.01570905,0.002931955,0.0003367516,0.0,0.0,0.0
0.86769,0.38,0.607,0.61064,0.01689859,0.003538884,0.0008490559,0.0005980659,0.01571611,0.002940818,0.0003334261,0.0,0.0,0.0
0.86839,0.38,0.608,0.61164,0.01689691,0.003545119,0.0008439747,0.0005952428,0.01572282,0.002949876,0.0003301172,0.0,0.0,0.0
0.8691,0.38,0.609,0.61264,0.01689497,0.003551528,0.0008389267,0.0005924355,0.01572922,0.002959093,0.000326825,0.0,0.0,0.0
0.8698,0.38,0.61,0.61364,0.01689278,0.003558087,0.0008339117,0.0005896437,0.01573532,0.002968444,0.0003235498,0.0,0.0,0.0
0.87051,0.38,0.611,0.61464,0.01689072,0.003564746,0.0008289295,0.0005868673,0.01574149,0.002977879,0.0003202917,0.0,0.0,0.0
0.87122,0.38,0.612,0.61564,0.01688833,0.003571487,0.0008239798,0.0005841063,0.0157473,0.00298738,0.0003170508,0.0,0.0,0.0
0.87192,0.38,0.613,0.61664,0.0168861,0.003578364,0.0008190624,0.0005813606,0.01575321,0.002997004,0.0003138272,0.0,0.0,0.0
0.87263,0.38,0.614,0.61764,0.01688323,0.003585348,0.000814177,0.00057863,0.01575844,0.003006718,0.0003106211,0.0,0.0,0.0
0.87334,0.38,0.615,0.61864,0.01687117,0.003616703,0.0008093234,0.0005759144,0.01575442,0.003040789,0.0003074325,0.0,0.0,0.0
0.87405,0.38,0.616,0.61964,0.01686896,0.003622138,0.0008045013,0.0005732137,0.0157602,0.003048924,0.0003042617,0.0,0.0,0.0
0.87476,0.38,0.617,0.62064,0.01686632,0.003628103,0.0007997106,0.0005705279,0.0157655,0.003057575,0.0003011087,0.0,0.0,0.0
0.87547,0.38,0.618,0.62164,0.01686334,0.003634437,0.000794951,0.0005678568,0.01577042,0.00306658,0.0002979737,0.0,0.0,0.0
0.87618,0.38,0.619,0.62264,0.01686062,0.003640978,0.0007902222,0.0005652004,0.01577555,0.003075778,0.0002948567,0.0,0.0,0.0
0.87689,0.38,0.62,0.62364,0.0168573,0.003647744,0.0007855241,0.0005625584,0.01578001,0.003085186,0.0002917579,0.0,0.0,0.0
0.8776,0.38,0.621,0.62464,0.01685432,0.003654713,0.0007808564,0.000559931,0.01578478,0.003094782,0.0002886774,0.0,0.0,0.0
0.87831,0.38,0.622,0.62564,0.01685053,0.003661844,0.0007762188,0.0005573178,0.01578869,0.003104526,0.0002856152,0.0,0.0,0.0
0.87902,0.38,0.623,0.62664,0.01684648,0.003669117,0.0007716113,0.0005547189,0.0157923,0.003114398,0.0002825716,0.0,0.0,0.0
0.87974,0.38,0.624,0.62764,0.01684223,0.003676516,0.0007670335,0.0005521341,0.01579565,0.003124382,0.0002795465,0.0,0.0,0.0
0.88045,0.38,0.625,0.62864,0.0168378,0.003684028,0.0007624852,0.0005495634,0.01579878,0.003134465,0.0002765401,0.0,0.0,0.0
0.88116,0.38,0.626,0.62964,0.01683321,0.003691647,0.0007579662,0.0005470066,0.01580169,0.00314464,0.0002735525,0.0,0.0,0.0
0.88188,0.38,0.627,0.63064,0.01681972,0.003723472,0.0007534763,0.0005444637,0.01579566,0.003179009,0.0002705837,0.0,0.0,0.0
0.88259,0.38,0.628,0.63164,0.01681629,0.003729132,0.0007490154,0.0005419345,0.01579964,0.003187197,0.0002676339,0.0,0.0,0.0
0.88331,0.38,0.629,0.63264,0.0168131,0.003735501,0.000744583,0.000539419,0.01580382,0.003196082,0.0002647031,0.0,0.0,0.0
0.88403,0.38,0.63,0.63364,0.01680883,0.003742326,0.0007401792,0.0005369171,0.01580686,0.003205409,0.0002617913,0.0,0.0,0.0
0.88474,0.38,0.631,0.63464,0.01680423,0.003749479,0.0007358036,0.0005344287,0.01580953,0.00321505,0.0002588988,0.0,0.0,0.0
0.88546,0.38,0.632,0.63564,0.01679938,0.003756882,0.0007314561,0.0005319537,0.01581189,0.003224929,0.0002560254,0.0,0.0,0.0
0.88618,0.38,0.633,0.63664,0.01679431,0.00376449,0.0007271364,0.000529492,0.01581401,0.003234998,0.0002531714,0.0,0.0,0.0
0.8869,0.38,0.634,0.63764,0.01678907,0.003772271,0.0007228444,0.0005270435,0.01581589,0.003245227,0.0002503367,0.0,0.0,0.0
0.88762,0.38,0.635,0.63864,0.0167845,0.003780073,0.0007185798,0.0005246081,0.0158184,0.003255465,0.0002475215,0.0,0.0,0.0
0.88834,0.38,0.636,0.63964,0.01677914,0.003788057,0.0007143424,0.0005221858,0.01582007,0.003265871,0.0002447257,0.0,0.0,0.0
0.88906,0.38,0.637,0.64064,0.01677449,0.003796185,0.0007101322,0.0005197765,0.01582241,0.003276408,0.0002419495,0.0,0.0,0.0
0.88978,0.38,0.638,0.64164,0.01676882,0.003804434,0.0007059487,0.00051738,0.01582368,0.003287054,0.0002391929,0.0,0.0,0.0
0.8905,0.38,0.639,0.64264,0.01676296,0.003812794,0.000701792,0.0005149963,0.01582471,0.003297798,0.0002364559,0.0,0.0,0.0
0.89122,0.38,0.64,0.64364,0.01674802,0.003843883,0.0006976617,0.0005126253,0.01581662,0.003331258,0.0002337385,0.0,0.0,0.0
0.89194,0.38,0.641,0.64464,0.0167431,0.003850473,0.0006935576,0.0005102669,0.0158185,0.003340206,0.0002310409,0.0,0.0,0.0
0.89267,0.38,0.642,0.64564,0.01673775,0.00385773,0.0006894797,0.000507921,0.0158199,0.003349809,0.000228363,0.0,0.0,0.0
0.89339,0.38,0.643,0.64664,0.01673306,0.003865275,0.0006854277,0.0005055876,0.01582193,0.003359687,0.0002257049,0.0,0.0,0.0
0.89411,0.38,0.644,0.64764,0.01672742,0.003873185,0.0006814014,0.0005032665,0.01582295,0.003369919,0.0002230667,0.0,0.0,0.0
0.89484,0.38,0.645,0.64864,0.01672258,0.003881367,0.0006774006,0.0005009578,0.01582473,0.003380409,0.0002204482,0.0,0.0,0.0
0.89556,0.38,0.646,0.64964,0.01671656,0.00388976,0.0006734252,0.0004986612,0.01582529,0.003391099,0.0002178497,0.0,0.0,0.0
0.89629,0.38,0.647,0.65064,0.01671032,0.00389833,0.0006694749,0.0004963768,0.01582557,0.003401954,0.000215271,0.0,0.0,0.0
0.89702,0.38,0.648,0.65164,0.01670391,0.003907056,0.0006655496,0.0004941044,0.01582565,0.003412951,0.0002127123,0.0,0.0,0.0
0.89774,0.38,0.649,0.65264,0.01669738,0.003915919,0.0006616491,0.0004918439,0.01582555,0.003424075,0.0002101734,0.0,0.0,0.0
0.89847,0.38,0.65,0.65364,0.01669072,0.00392491,0.0006577733,0.0004895954,0.0158253,0.003435315,0.0002076545,0.0,0.0,0.0
0.8992,0.38,0.651,0.65464,0.01668502,0.003933864,0.0006539219,0.0004873586,0.01582595,0.003446505,0.0002051556,0.0,0.0,0.0
0.89993,0.38,0.652,0.65564,0.01667849,0.003942959,0.0006500948,0.0004851336,0.01582571,0.003457825,0.0002026766,0.0,0.0,0.0
0.90065,0.38,0.653,0.65664,0.01667294,0.003952197,0.0006462918,0.0004829202,0.01582643,0.003469277,0.0002002175,0.0,0.0,0.0
0.90138,0.38,0.654,0.65764,0.01665854,0.003981342,0.0006425128,0.0004807184,0.01581825,0.003500624,0.0001977784,0.0,0.0,0.0
0.90211,0.38,0.655,0.65864,0.0166525,0.003989324,0.0006387575,0.000478528,0.01581839,0.003510796,0.0001953593,0.0,0.0,0.0
0.90284,0.38,0.656,0.65964,0.01664614,0.003997794,0.0006350258,0.0004763491,0.01581816,0.003521445,0.0001929601,0.0,0.0,0.0
0.90358,0.38,0.657,0.66064,0.01663955,0.004006607,0.0006313175,0.0004741816,0.01581766,0.003532426,0.0001905808,0.0,0.0,0.0
0.90431,0.38,0.658,0.66164,0.0166328,0.004015683,0.0006276325,0.0004720253,0.01581694,0.003543658,0.0001882215,0.0,0.0,0.0
0.90504,0.38,0.659,0.66264,0.01662691,0.004024849,0.0006239706,0.0004698802,0.01581706,0.003554969,0.0001858821,0.0,0.0,0.0
0.90577,0.38,0.66,0.66364,0.01662041,0.004034144,0.0006203317,0.0004677462,0.01581651,0.003566398,0.0001835626,0.0,0.0,0.0
0.9065,0.38,0.661,0.66464,0.01661483,0.004043666,0.0006167155,0.0004656233,0.01581685,0.003578042,0.000181263,0.0,0.0,0.0
0.90724,0.38,0.662,0.66564,0.01660802,0.004053351,0.0006131219,0.0004635114,0.01581591,0.00358984,0.0001789832,0.0,0.0,0.0
0.90797,0.38,0.663,0.66664,0.01660093,0.004063179,0.0006095508,0.0004614103,0.01581466,0.003601769,0.0001767233,0.0,0.0,0.0
0.90871,0.38,0.664,0.66764,0.01659371,0.004073137,0.000606002,0.0004593201,0.01581323,0.003613817,0.0001744831,0.0,0.0,0.0
0.90944,0.38,0.665,0.66864,0.0165864,0.004083216,0.0006024753,0.0004572407,0.01581166,0.003625975,0.0001722628,0.0,0.0,0.0
0.91018,0.38,0.666,0.66964,0.01657901,0.00409341,0.0005989706,0.000455172,0.01580998,0.003638238,0.0001700622,0.0,0.0,0.0
0.91091,0.38,0.667,0.67064,0.01657156,0.004103714,0.0005954878,0.0004531138,0.01580819,0.0036506,0.0001678813,0.0,0.0,0.0
0.91165,0.38,0.668,0.67164,0.01655877,0.004131762,0.0005920266,0.0004510663,0.01580103,0.003680696,0.0001657201,0.0,0.0,0.0
0.91239,0.38,0.669,0.67264,0.01655329,0.004140861,0.0005885869,0.0004490292,0.01580112,0.003691831,0.0001635785,0.0,0.0,0.0
0.91312,0.38,0.67,0.67364,0.01654724,0.004150414,0.0005851687,0.0004470025,0.01580061,0.003703411,0.0001614565,0.0,0.0,0.0
0.91386,0.38,0.671,0.67464,0.01654037,0.00416029,0.0005817716,0.0004449862,0.01579924,0.003715303,0.0001593541,0.0,0.0,0.0
0.9146,0.38,0.672,0.67564,0.01653328,0.004170416,0.0005783956,0.0004429802,0.01579761,0.003727436,0.0001572712,0.0,0.0,0.0
0.91534,0.38,0.673,0.67664,0.01652605,0.00418075,0.0005750406,0.0004409844,0.01579581,0.003739766,0.0001552077,0.0,0.0,0.0
0.91608,0.38,0.674,0.67764,0.01651873,0.004191263,0.0005717063,0.0004389987,0.01579386,0.003752264,0.0001531637,0.0,0.0,0.0
0.91682,0.38,0.675,0.67864,0.01651133,0.004201934,0.0005683927,0.0004370232,0.0157918,0.003764911,0.0001511389,0.0,0.0,0.0
0.91756,0.38,0.676,0.67964,0.01650542,0.004212517,0.0005650996,0.0004350576,0.01579119,0.00377746,0.0001491335,0.0,0.0,0.0
0.9183,0.38,0.677,0.68064,0.01649842,0.00422326,0.0005618268,0.000433102,0.01578945,0.003790158,0.0001471474,0.0,0.0,0.0
0.91904,0.38,0.678,0.68164,0.01649294,0.004234195,0.0005585743,0.0004311563,0.01578919,0.003803039,0.0001451804,0.0,0.0,0.0
0.91978,0.38,0.679,0.68264,0.01648579,0.004245276,0.0005553418,0.0004292204,0.01578721,0.003816056,0.0001432325,0.0,0.0,0.0
0.92053,0.38,0.68,0.68364,0.01647839,0.004256486,0.0005521293,0.0004272943,0.01578496,0.003829192,0.0001413037,0.0,0.0,0.0
0.92127,0.38,0.681,0.68464,0.0164709,0.004267818,0.0005489365,0.0004253779,0.01578257,0.00384244,0.0001393939,0.0,0.0,0.0
0.92201,0.38,0.682,0.68564,0.01645681,0.004296024,0.0005457634,0.0004234711,0.01577354,0.003872553,0.000137503,0.0,0.0,0.0
0.92276,0.38,0.683,0.68664,0.01644997,0.004306339,0.0005426099,0.0004215739,0.01577173,0.003884765,0.000135631,0.0,0.0,0.0
0.9235,0.38,0.684,0.68764,0.01644293,0.004317086,0.0005394757,0.0004196862,0.01576968,0.0038974,0.0001337778,0.0,0.0,0.0
0.92424,0.38,0.685,0.68864,0.01643785,0.004327754,0.0005363608,0.0004178079,0.01576955,0.003909946,0.0001319432,0.0,0.0,0.0
0.92499,0.38,0.686,0.68964,0.01643099,0.004338862,0.000533265,0.000415939,0.0157676,0.003922923,0.0001301273,0.0,0.0,0.0
0.92574,0.38,0.687,0.69064,0.01642615,0.004350222,0.0005301882,0.0004140795,0.01576763,0.003936142,0.00012833,0.0,0.0,0.0
0.92648,0.38,0.688,0.69164,0.01641913,0.004361782,0.0005271302,0.0004122293,0.01576545,0.003949553,0.0001265512,0.0,0.0,0.0
0.92723,0.38,0.689,0.69264,0.01641194,0.004373516,0.000524091,0.0004103882,0.01576305,0.003963128,0.0001247907,0.0,0.0,0.0
0.92798,0.38,0.69,0.69364,0.01640465,0.004385406,0.0005210704,0.0004085563,0.01576053,0.00397685,0.0001230486,0.0,0.0,0.0
0.92872,0.38,0.691,0.69464,0.01639731,0.00439744,0.0005180682,0.0004067335,0.01575791,0.003990706,0.0001213247,0.0,0.0,0.0
0.92947,0.38,0.692,0.69564,0.01638993,0.004409609,0.0005150845,0.0004049197,0.01575522,0.004004689,0.000119619,0.0,0.0,0.0
0.93022,0.38,0.693,0.69664,0.01638399,0.004421743,0.0005121189,0.0004031149,0.01575394,0.004018628,0.0001179314,0.0,0.0,0.0
0.93097,0.38,0.694,0.69764,0.01637766,0.004433797,0.0005091714,0.0004013191,0.01575223,0.004032478,0.0001162617,0.0,0.0,0.0
0.93172,0.38,0.695,0.69864,0.01637268,0.004446131,0.0005062419,0.000399532,0.01575183,0.004046599,0.00011461,0.0,0.0,0.0
0.93247,0.38,0.696,0.69964,0.01636606,0.004458623,0.0005033303,0.0003977538,0.01574976,0.004060869,0.000112976,0.0,0.0,0.0
0.93322,0.38,0.697,0.70064,0.01635326,0.004486124,0.0005004364,0.0003959844,0.01574147,0.00409014,0.0001113598,0.0,0.0,0.0
0.93397,0.38,0.698,0.70164,0.01634668,0.004497868,0.0004975601,0.0003942236,0.01573936,0.004103644,0.0001097611,0.0,0.0,0.0
0.93472,0.38,0.699,0.70264,0.01633991,0.004509977,0.0004947013,0.0003924715,0.01573703,0.004117506,0.0001081801,0.0,0.0,0.0
0.93547,0.38,0.7,0.70364,0.01633304,0.004522365,0.0004918599,0.0003907279,0.01573456,0.004131637,0.0001066164,0.0,0.0,0.0
0.93623,0.38,0.701,0.70464,0.01632609,0.004534979,0.0004890357,0.0003889929,0.01573199,0.004145986,0.0001050701,0.0,0.0,0.0
0.93698,0.38,0.702,0.70564,0.0163212,0.00454748,0.0004862286,0.0003872663,0.01573143,0.004160214,0.000103541,0.0,0.0,0.0
0.93773,0.38,0.703,0.70664,0.01631506,0.004560109,0.0004834386,0.0003855482,0.01572959,0.004174561,0.000102029,0.0,0.0,0.0
0.93849,0.38,0.704,0.70764,0.01631096,0.004573022,0.0004806655,0.0003838384,0.01572976,0.004189184,0.0001005341,0.0,0.0,0.0
0.93924,0.38,0.705,0.70864,0.01630466,0.004586123,0.0004779092,0.000382137,0.0157277,0.004203986,9.905616e-05,0.0,0.0,0.0
0.94,0.38,0.706,0.70964,0.01629799,0.004599386,0.0004751695,0.0003804438,0.01572523,0.004218942,9.759502e-05,0.0,0.0,0.0
0.94075,0.38,0.707,0.71064,0.01629121,0.004612796,0.0004724464,0.0003787588,0.01572261,0.004234037,9.615062e-05,0.0,0.0,0.0
0.94151,0.38,0.708,0.71164,0.01628437,0.004626344,0.0004697398,0.0003770819,0.01571991,0.004249262,9.472285e-05,0.0,0.0,0.0
0.94226,0.38,0.709,0.71264,0.01627752,0.004640024,0.0004670495,0.0003754132,0.01571715,0.004264611,9.33116e-05,0.0,0.0,0.0
0.94302,0.38,0.71,0.71364,0.01627065,0.004653831,0.0004643755,0.0003737525,0.01571436,0.004280078,9.191677e-05,0.0,0.0,0.0
0.94378,0.38,0.711,0.71464,0.01626624,0.00466738,0.0004617176,0.0003720998,0.01571399,0.00429528,9.053825e-05,0.0,0.0,0.0
0.94453,0.38,0.712,0.71564,0.01625505,0.004694697,0.0004590756,0.0003704551,0.0157068,0.004324241,8.917594e-05,0.0,0.0,0.0
0.94529,0.38,0.713,0.71664,0.0162521,0.004707667,0.0004564496,0.0003688182,0.01570782,0.004338849,8.782972e-05,0.0,0.0,0.0
0.94605,0.38,0.714,0.71764,0.01624654,0.004721031,0.0004538394,0.0003671892,0.0157062,0.004353842,8.649949e-05,0.0,0.0,0.0
0.94681,0.38,0.715,0.71864,0.01624053,0.004734688,0.0004512449,0.000365568,0.0157041,0.00436912,8.518514e-05,0.0,0.0,0.0
0.94757,0.38,0.716,0.71964,0.01623436,0.004748581,0.000448666,0.0003639545,0.0157018,0.004384627,8.388655e-05,0.0,0.0,0.0
0.94833,0.38,0.717,0.72064,0.0162281,0.004762677,0.0004461026,0.0003623488,0.0156994,0.004400328,8.260362e-05,0.0,0.0,0.0
0.94909,0.38,0.718,0.72164,0.01622181,0.004776952,0.0004435546,0.0003607506,0.01569692,0.004416201,8.133622e-05,0.0,0.0,0.0
0.94985,0.38,0.719,0.72264,0.01621551,0.004791392,0.0004410218,0.0003591601,0.0156944,0.004432232,8.008427e-05,0.0,0.0,0.0
0.95061,0.38,0.72,0.72364,0.01621173,0.004805612,0.0004385042,0.0003575772,0.01569438,0.004448035,7.884762e-05,0.0,0.0,0.0
0.95137,0.38,0.721,0.72464,0.01620662,0.004819868,0.0004360017,0.0003560017,0.015693,0.004463867,7.762619e-05,0.0,0.0,0.0
0.95213,0.38,0.722,0.72564,0.01620394,0.004834443,0.0004335142,0.0003544337,0.01569401,0.004480009,7.641984e-05,0.0,0.0,0.0
0.9529,0.38,0.723,0.72664,0.0161987,0.004849207,0.0004310415,0.0003528731,0.01569243,0.004496333,7.522847e-05,0.0,0.0,0.0
0.95366,0.38,0.724,0.72764,0.01619295,0.00486413,0.0004285837,0.0003513199,0.01569032,0.00451281,7.405196e-05,0.0,0.0,0.0
0.95442,0.38,0.725,0.72864,0.01618707,0.0048792,0.0004261405,0.0003497739,0.01568804,0.004529426,7.289019e-05,0.0,0.0,0.0
0.95518,0.38,0.726,0.72964,0.01618114,0.004894407,0.0004237119,0.0003482353,0.01568569,0.004546172,7.174305e-05,0.0,0.0,0.0
0.95595,0.38,0.727,0.73064,0.01617005,0.004922786,0.0004212977,0.0003467038,0.01567814,0.004576082,7.061043e-05,0.0,0.0,0.0
0.95671,0.38,0.728,0.73164,0.0161647,0.004937228,0.000418898,0.0003451796,0.01567631,0.004592048,6.94922e-05,0.0,0.0,0.0
0.95748,0.38,0.729,0.73264,0.01616054,0.004951977,0.0004165126,0.0003436625,0.01567564,0.004608314,6.838826e-05,0.0,0.0,0.0
0.95824,0.38,0.73,0.73364,0.01615768,0.004966329,0.0004141414,0.0003421524,0.01567624,0.004624177,6.729848e-05,0.0,0.0,0.0
0.95901,0.38,0.731,0.73464,0.01615555,0.004981338,0.0004117842,0.0003406494,0.01567754,0.004640688,6.622274e-05,0.0,0.0,0.0
0.95978,0.38,0.732,0.73564,0.01615172,0.004996627,0.0004094411,0.0003391534,0.01567712,0.004657474,6.516093e-05,0.0,0.0,0.0
0.96054,0.38,0.733,0.73664,0.01614678,0.005012136,0.000407112,0.0003376643,0.01567556,0.004674472,6.411293e-05,0.0,0.0,0.0
0.96131,0.38,0.734,0.73764,0.01614163,0.005027835,0.0004047966,0.0003361822,0.01567376,0.004691653,6.307862e-05,0.0,0.0,0.0
0.96208,0.38,0.735,0.73864,0.01613641,0.005043705,0.000402495,0.0003347069,0.01567185,0.004708998,6.205789e-05,0.0,0.0,0.0
0.96285,0.38,0.736,0.73964,0.01613115,0.005059734,0.000400207,0.0003332384,0.01566989,0.004726495,6.105062e-05,0.0,0.0,0.0
0.96361,0.38,0.737,0.74064,0.01612589,0.005075913,0.0003979326,0.0003317767,0.01566791,0.004744136,6.005668e-05,0.0,0.0,0.0
0.96438,0.38,0.738,0.74164,0.01612065,0.005092235,0.0003956717,0.0003303217,0.01566591,0.004761914,5.907596e-05,0.0,0.0,0.0
0.96515,0.38,0.739,0.74264,0.01611942,0.005107898,0.0003934242,0.0003288735,0.01566789,0.004779025,5.810834e-05,0.0,0.0,0.0
0.96592,0.38,0.74,0.74364,0.01611516,0.005124013,0.0003911899,0.0003274318,0.01566681,0.004796581,5.715371e-05,0.0,0.0,0.0
0.96669,0.38,0.741,0.74464,0.01611483,0.005140385,0.0003889689,0.0003259968,0.01566965,0.004814388,5.621194e-05,0.0,0.0,0.0
0.96746,0.38,0.742,0.74564,0.01611059,0.00515694,0.0003867609,0.0003245683,0.01566855,0.004832372,5.528292e-05,0.0,0.0,0.0
0.96823,0.38,0.743,0.74664,0.01610603,0.005173654,0.0003845661,0.0003231464,0.0156671,0.004850507,5.436652e-05,0.0,0.0,0.0
0.969,0.38,0.744,0.74764,0.0160972,0.005201464,0.0003823841,0.0003217309,0.01566136,0.004879734,5.346264e-05,0.0,0.0,0.0
0.96978,0.38,0.745,0.74864,0.0160929,0.005217768,0.0003802151,0.0003203219,0.01566012,0.004897446,5.257115e-05,0.0,0.0,0.0
0.97055,0.38,0.746,0.74964,0.01608853,0.005234366,0.0003780588,0.0003189192,0.01565878,0.004915447,5.169193e-05,0.0,0.0,0.0
0.97132,0.38,0.747,0.75064,0.01608412,0.005251204,0.0003759152,0.0003175229,0.01565738,0.004933681,5.082487e-05,0.0,0.0,0.0
0.97209,0.38,0.748,0.75164,0.01608272,0.005267832,0.0003737843,0.0003161329,0.01565897,0.004951699,4.996984e-05,0.0,0.0,0.0
0.97287,0.38,0.749,0.75264,0.01608029,0.005284276,0.0003716658,0.0003147492,0.0156595,0.004969527,4.912674e-05,0.0,0.0,0.0
0.97364,0.38,0.75,0.75364,0.01608047,0.005301216,0.0003695599,0.0003133717,0.01566262,0.004987844,4.829544e-05,0.0,0.0,0.0
0.97442,0.38,0.751,0.75464,0.01607784,0.005318402,0.0003674663,0.0003120004,0.0156629,0.005006402,4.747582e-05,0.0,0.0,0.0
0.97519,0.38,0.752,0.75564,0.01607424,0.005335784,0.000365385,0.0003106353,0.01566218,0.005025149,4.666778e-05,0.0,0.0,0.0
0.97597,0.38,0.753,0.75664,0.01607042,0.005353339,0.0003633159,0.0003092763,0.01566123,0.005044062,4.587118e-05,0.0,0.0,0.0
0.97674,0.38,0.754,0.75764,0.01606652,0.005371053,0.0003612589,0.0003079233,0.01566018,0.005063129,4.508593e-05,0.0,0.0,0.0
0.97752,0.38,0.755,0.75864,0.0160626,0.005388917,0.000359214,0.0003065764,0.01565908,0.00508234,4.431189e-05,0.0,0.0,0.0
0.97829,0.38,0.756,0.75964,0.01605869,0.005406925,0.0003571811,0.0003052355,0.01565796,0.005101689,4.354896e-05,0.0,0.0,0.0
0.97907,0.38,0.757,0.76064,0.0160548,0.005425072,0.0003551601,0.0003039005,0.01565684,0.005121171,4.279702e-05,0.0,0.0,0.0
0.97985,0.38,0.758,0.76164,0.01605545,0.005442487,0.0003531509,0.0003025715,0.01566024,0.005139915,4.205596e-05,0.0,0.0,0.0
0.98062,0.38,0.759,0.76264,0.01605296,0.005460236,0.0003511535,0.0003012483,0.01566048,0.005158988,4.132565e-05,0.0,0.0,0.0
0.9814,0.38,0.76,0.76364,0.01605081,0.005488714,0.0003491677,0.0002999309,0.01566104,0.005188783,4.060599e-05,0.0,0.0,0.0
0.98218,0.38,0.761,0.76464,0.01604878,0.00550624,0.0003471935,0.0002986194,0.01566169,0.005207621,3.989686e-05,0.0,0.0,0.0
0.98296,0.38,0.762,0.76564,0.01604611,0.005524129,0.0003452309,0.0002973136,0.01566168,0.005226815,3.919815e-05,0.0,0.0,0.0
0.98374,0.38,0.763,0.76664,0.01604321,0.005542295,0.0003432797,0.0002960136,0.01566142,0.005246282,3.850975e-05,0.0,0.0,0.0
0.98452,0.38,0.764,0.76764,0.01604022,0.005560692,0.0003413399,0.0002947192,0.01566105,0.005265973,3.783154e-05,0.0,0.0,0.0
0.9853,0.38,0.765,0.76864,0.01603718,0.005579289,0.0003394114,0.0002934305,0.01566061,0.005285859,3.716341e-05,0.0,0.0,0.0
0.98608,0.38,0.766,0.76964,0.01603414,0.005598068,0.0003374941,0.0002921474,0.01566014,0.00530592,3.650525e-05,0.0,0.0,0.0
0.98686,0.38,0.767,0.77064,0.01603111,0.005617013,0.000335588,0.0002908699,0.01565967,0.005326144,3.585694e-05,0.0,0.0,0.0
0.98764,0.38,0.768,0.77164,0.01603343,0.005634973,0.0003336929,0.0002895979,0.01566452,0.005345376,3.521838e-05,0.0,0.0,0.0
0.98842,0.38,0.769,0.77264,0.01603169,0.005653548,0.0003318089,0.0002883314,0.0156653,0.005365216,3.458947e-05,0.0,0.0,0.0
0.9892,0.38,0.77,0.77364,0.01603513,0.005672444,0.0003299358,0.0002870703,0.01567122,0.005385374,3.397007e-05,0.0,0.0,0.0
0.98999,0.38,0.771,0.77464,0.01603344,0.005691557,0.0003280736,0.0002858147,0.01567201,0.005405743,3.33601e-05,0.0,0.0,0.0
0.99077,0.38,0.772,0.77564,0.01603129,0.005710852,0.0003262223,0.0002845645,0.01567231,0.005426288,3.275944e-05,0.0,0.0,0.0
0.99155,0.38,0.773,0.77664,0.01602899,0.00573031,0.0003243816,0.0002833197,0.01567244,0.005446991,3.216798e-05,0.0,0.0,0.0
0.99233,0.38,0.774,0.77764,0.01602662,0.005749921,0.0003225516,0.0002820802,0.01567248,0.005467841,3.158561e-05,0.0,0.0,0.0
0.99312,0.38,0.775,0.77864,0.01602424,0.005769678,0.0003207323,0.0002808459,0.0156725,0.005488832,3.101223e-05,0.0,0.0,0.0
0.9939,0.38,0.776,0.77964,0.01602188,0.005789575,0.0003189234,0.0002796169,0.01567251,0.005509959,3.044774e-05,0.0,0.0,0.0
0.99469,0.38,0.777,0.78064,0.01601954,0.005809609,0.0003171251,0.0002783931,0.01567253,0.005531216,2.989202e-05,0.0,0.0,0.0
0.99547,0.38,0.778,0.78164,0.0160198,0.005837296,0.0003153371,0.0002771745,0.01567511,0.005560122,2.934497e-05,0.0,0.0,0.0
0.99626,0.38,0.779,0.78264,0.01601917,0.005856304,0.0003135595,0.000275961,0.0156768,0.005580343,2.880649e-05,0.0,0.0,0.0
0.99704,0.38,0.78,0.78364,0.01602414,0.005875756,0.0003117922,0.0002747526,0.01568407,0.005601003,2.827647e-05,0.0,0.0,0.0
0.99783,0.38,0.781,0.78464,0.01602349,0.005895501,0.000310035,0.0002735493,0.01568571,0.005621952,2.775481e-05,0.0,0.0,0.0
0.99862,0.38,0.782,0.78564,0.01602232,0.005915482,0.000308288,0.000272351,0.01568679,0.005643131,2.724141e-05,0.0,0.0,0.0
0.9994,0.38,0.783,0.78664,0.01602094,0.005935665,0.0003065511,0.0002711577,0.01568766,0.005664507,2.673616e-05,0.0,0.0,0.0
1.00019,0.38,0.784,0.78764,0.01601948,0.005956139,0.0003048242,0.0002699694,0.01568842,0.005686169,2.623897e-05,0.0,0.0,0.0
1.00098,0.38,0.785,0.78864,0.01601796,0.005977133,0.0003031072,0.000268786,0.0156891,0.005708347,2.574974e-05,0.0,0.0,0.0
1.00177,0.38,0.786,0.78964,0.01601643,0.005998309,0.0003014002,0.0002676075,0.01568976,0.005730701,2.526836e-05,0.0,0.0,0.0
1.00255,0.38,0.787,0.79064,0.01601492,0.006019654,0.0002997029,0.0002664338,0.01569042,0.005753221,2.479473e-05,0.0,0.0,0.0
1.00334,0.38,0.788,0.79164,0.01602019,0.006039518,0.0002980155,0.000265265,0.01569785,0.005774253,2.432877e-05,0.0,0.0,0.0
1.00413,0.38,0.789,0.79264,0.01602006,0.006060367,0.0002963377,0.000264101,0.01569985,0.005796266,2.387036e-05,0.0,0.0,0.0
1.00492,0.38,0.79,0.79364,0.01602655,0.006081559,0.0002946696,0.0002629417,0.01570846,0.005818618,2.341942e-05,0.0,0.0,0.0
1.00571,0.38,0.791,0.79464,0.01602638,0.00610299,0.000293011,0.0002617871,0.01571039,0.005841203,2.297584e-05,0.0,0.0,0.0
1.0065,0.38,0.792,0.79564,0.01602581,0.006124619,0.000291362,0.0002606371,0.01571191,0.005863982,2.253953e-05,0.0,0.0,0.0
1.00729,0.38,0.793,0.79664,0.01602508,0.006146428,0.0002897225,0.0002594919,0.01571325,0.005886936,2.21104e-05,0.0,0.0,0.0
1.00808,0.38,0.794,0.79764,0.01602126,0.006176476,0.0002880923,0.0002583512,0.01571148,0.005918125,2.168836e-05,0.0,0.0,0.0
1.00888,0.38,0.795,0.79864,0.01602079,0.006198012,0.0002864715,0.0002572151,0.01571304,0.005940797,2.12733e-05,0.0,0.0,0.0
1.00967,0.38,0.796,0.79964,0.01602025,0.006219858,0.00028486,0.0002560835,0.01571453,0.005963774,2.086514e-05,0.0,0.0,0.0
1.01046,0.38,0.797,0.80064,0.01602554,0.00624082,0.0002832577,0.0002549564,0.01572182,0.005985864,2.046379e-05,0.0,0.0,0.0
1.01125,0.38,0.798,0.80164,0.01602728,0.006261955,0.0002816646,0.0002538338,0.01572555,0.006008121,2.006914e-05,0.0,0.0,0.0
1.01204,0.38,0.799,0.80264,0.0160347,0.006283682,0.0002800806,0.0002527156,0.01573494,0.006030967,1.968113e-05,0.0,0.0,0.0
1.01284,0.38,0.8,0.80364,0.01603612,0.006305725,0.0002785056,0.0002516018,0.01573832,0.006054123,1.929964e-05,0.0,0.0,0.0
1.01363,0.38,0.801,0.80464,0.01603666,0.006328009,0.0002769397,0.0002504924,0.01574079,0.006077517,1.89246e-05,0.0,0.0,0.0
1.01443,0.38,0.802,0.80564,0.01603691,0.006350501,0.0002753827,0.0002493873,0.01574297,0.006101114,1.855592e-05,0.0,0.0,0.0
1.01522,0.38,0.803,0.80664,0.01603705,0.006373181,0.0002738346,0.0002482864,0.01574502,0.006124895,1.819351e-05,0.0,0.0,0.0
1.01601,0.38,0.804,0.80764,0.01603713,0.006396036,0.0002722953,0.0002471898,0.015747,0.006148846,1.783729e-05,0.0,0.0,0.0
1.01681,0.38,0.805,0.80864,0.01603722,0.006419056,0.0002707648,0.0002460973,0.01574896,0.006172958,1.748716e-05,0.0,0.0,0.0
1.01761,0.38,0.806,0.80964,0.01603731,0.006442233,0.000269243,0.0002450091,0.01575093,0.006197224,1.714304e-05,0.0,0.0,0.0
1.0184,0.38,0.807,0.81064,0.01604496,0.006463754,0.0002677299,0.0002439249,0.01576043,0.006219829,1.680485e-05,0.0,0.0,0.0
1.0192,0.38,0.808,0.81164,0.01604683,0.006486182,0.0002662255,0.0002428448,0.01576414,0.006243337,1.647251e-05,0.0,0.0,0.0
1.01999,0.38,0.809,0.81264,0.01605606,0.006509025,0.0002647295,0.0002417688,0.01577519,0.006267256,1.614593e-05,0.0,0.0,0.0
1.02079,0.38,0.81,0.81364,0.01605519,0.006539304,0.0002632421,0.0002406967,0.01577612,0.006298607,1.582504e-05,0.0,0.0,0.0
1.02159,0.38,0.811,0.81464,0.01605669,0.006562079,0.0002617632,0.0002396286,0.01577942,0.00632245,1.550974e-05,0.0,0.0,0.0
1.02239,0.38,0.812,0.81564,0.01605791,0.006585176,0.0002602927,0.0002385645,0.01578241,0.006346612,1.519996e-05,0.0,0.0,0.0
1.02318,0.38,0.813,0.81664,0.01605899,0.006608531,0.0002588305,0.0002375041,0.01578526,0.006371027,1.489562e-05,0.0,0.0,0.0
1.02398,0.38,0.814,0.81764,0.01606,0.006632107,0.0002573766,0.0002364476,0.01578803,0.006395659,1.459665e-05,0.0,0.0,0.0
1.02478,0.38,0.815,0.81864,0.016061,0.006655879,0.000255931,0.0002353949,0.01579077,0.006420484,1.430295e-05,0.0,0.0,0.0
1.02558,0.38,0.816,0.81964,0.01606201,0.006679832,0.0002544936,0.0002343459,0.0157935,0.006445486,1.401447e-05,0.0,0.0,0.0
1.02638,0.38,0.817,0.82064,0.01607162,0.006701679,0.0002530643,0.0002333005,0.01580482,0.006468378,1.373111e-05,0.0,0.0,0.0
1.02718,0.38,0.818,0.82164,0.0160767,0.006724905,0.0002516431,0.0002322588,0.0158116,0.006492646,1.345281e-05,0.0,0.0,0.0
1.02798,0.38,0.819,0.82264,0.01608517,0.00674852,0.00025023,0.0002312206,0.01582176,0.0065173,1.317949e-05,0.0,0.0,0.0
1.02878,0.38,0.82,0.82364,0.01608775,0.006772397,0.0002488249,0.0002301859,0.01582602,0.006542212,1.291107e-05,0.0,0.0,0.0
1.02958,0.38,0.821,0.82464,0.01608983,0.006796487,0.0002474277,0.0002291546,0.01582976,0.006567333,1.264749e-05,0.0,0.0,0.0
1.03038,0.38,0.822,0.82564,0.0160917,0.006820765,0.0002460385,0.0002281267,0.01583328,0.006592638,1.238867e-05,0.0,0.0,0.0
1.03118,0.38,0.823,0.82664,0.01609348,0.006845214,0.0002446571,0.000227102,0.01583669,0.006618112,1.213453e-05,0.0,0.0,0.0
1.03198,0.38,0.824,0.82764,0.01609522,0.006869824,0.0002432835,0.0002260806,0.01584005,0.006643744,1.188501e-05,0.0,0.0,0.0
1.03279,0.38,0.825,0.82864,0.01609696,0.006894588,0.0002419177,0.0002250623,0.0158434,0.006669526,1.164004e-05,0.0,0.0,0.0
1.03359,0.38,0.826,0.82964,0.01609872,0.0069195,0.0002405596,0.000224047,0.01584676,0.006695453,1.139955e-05,0.0,0.0,0.0
1.03439,0.38,0.827,0.83064,0.01610761,0.00694807,0.0002392091,0.0002230346,0.01585724,0.006725035,1.116346e-05,0.0,0.0,0.0
1.0352,0.38,0.828,0.83164,0.01611705,0.006971737,0.0002378663,0.0002220249,0.01586825,0.006749712,1.093172e-05,0.0,0.0,0.0
1.036,0.38,0.829,0.83264,0.01612381,0.006995878,0.000236531,0.0002210178,0.01587658,0.00677486,1.070425e-05,0.0,0.0,0.0
1.0368,0.38,0.83,0.83364,0.01612736,0.007020335,0.0002352033,0.0002200131,0.01588167,0.006800322,1.048099e-05,0.0,0.0,0.0
1.03761,0.38,0.831,0.83464,0.01613037,0.007045042,0.0002338831,0.0002190105,0.01588622,0.006826031,1.026187e-05,0.0,0.0,0.0
1.03841,0.38,0.832,0.83564,0.01613315,0.00706996,0.0002325703,0.0002180095,0.01589053,0.00685195,1.004683e-05,0.0,0.0,0.0
1.03922,0.38,0.833,0.83664,0.01613582,0.007095066,0.0002312649,0.0002170095,0.01589472,0.006878056,9.835798e-06,0.0,0.0,0.0
1.04002,0.38,0.834,0.83764,0.01613843,0.007122622,0.0002299668,0.0002182882,0.01589884,0.006904334,9.628718e-06,0.0,0.0,0.0
1.04083,0.38,0.835,0.83864,0.01614104,0.007148045,0.000228676,0.000217273,0.01590294,0.006930772,9.425526e-06,0.0,0.0,0.0
1.04163,0.38,0.836,0.83964,0.01614365,0.007173623,0.0002273925,0.0002162624,0.01590703,0.006957361,9.226158e-06,0.0,0.0,0.0
1.04244,0.38,0.837,0.84064,0.01615598,0.007196688,0.0002261162,0.0002152564,0.01592083,0.006981432,9.030555e-06,0.0,0.0,0.0
1.04325,0.38,0.838,0.84164,0.01616045,0.00722131,0.0002248471,0.000214255,0.01592676,0.007007055,8.838656e-06,0.0,0.0,0.0
1.04405,0.38,0.839,0.84264,0.01617424,0.007246355,0.0002235851,0.0002132581,0.015942,0.007033097,8.650401e-06,0.0,0.0,0.0
1.04486,0.38,0.84,0.84364,0.01617866,0.007271671,0.0002223302,0.0002122657,0.01594787,0.007059406,8.46573e-06,0.0,0.0,0.0
1.04567,0.38,0.841,0.84464,0.01618248,0.007297203,0.0002210823,0.0002112778,0.01595311,0.007085926,8.284587e-06,0.0,0.0,0.0
1.04648,0.38,0.842,0.84564,0.01618604,0.007322922,0.0002198414,0.0002102944,0.01595809,0.007112628,8.106913e-06,0.0,0.0,0.0
1.04728,0.38,0.843,0.84664,0.01618948,0.007348811,0.0002186075,0.0002093154,0.01596294,0.007139495,7.932652e-06,0.0,0.0,0.0
1.04809,0.38,0.844,0.84764,0.01619094,0.007380215,0.0002173805,0.0002083409,0.0159658,0.007171874,7.761748e-06,0.0,0.0,0.0
1.0489,0.38,0.845,0.84864,0.01619449,0.007406055,0.0002161604,0.0002073708,0.01597074,0.007198684,7.594144e-06,0.0,0.0,0.0
1.04971,0.38,0.846,0.84964,0.01619801,0.007432124,0.0002149471,0.0002064051,0.01597563,0.007225718,7.429788e-06,0.0,0.0,0.0
1.05052,0.38,0.847,0.85064,0.01621104,0.007455932,0.0002137406,0.0002054437,0.01599003,0.007250489,7.268623e-06,0.0,0.0,0.0
1.05133,0.38,0.848,0.85164,0.01621684,0.007480881,0.0002125408,0.0002044867,0.01599718,0.007276395,7.110599e-06,0.0,0.0,0.0
1.05214,0.38,0.849,0.85264,0.01623177,0.007506384,0.0002113478,0.000203534,0.01601347,0.00730285,6.955661e-06,0.0,0.0,0.0
1.05295,0.38,0.85,0.85364,0.01623746,0.007532206,0.0002101614,0.0002025856,0.01602049,0.00732962,6.803757e-06,0.0,0.0,0.0
1.05376,0.38,0.851,0.85464,0.01624227,0.00755827,0.0002089816,0.0002016415,0.01602664,0.007356628,6.654838e-06,0.0,0.0,0.0
1.05457,0.38,0.852,0.85564,0.01624675,0.007584537,0.0002078085,0.0002007016,0.01603243,0.007383836,6.508852e-06,0.0,0.0,0.0
1.05538,0.38,0.853,0.85664,0.01625106,0.007610985,0.0002066419,0.000199766,0.01603805,0.007411219,6.365748e-06,0.0,0.0,0.0
1.0562,0.38,0.854,0.85764,0.01625528,0.007637599,0.0002054818,0.0001988345,0.01604358,0.007438764,6.225479e-06,0.0,0.0,0.0
1.05701,0.38,0.855,0.85864,0.01625947,0.007664367,0.0002043281,0.0001979073,0.01604905,0.00746646,6.087996e-06,0.0,0.0,0.0
1.05782,0.38,0.856,0.85964,0.01626364,0.007691283,0.0002031809,0.0001969843,0.01605451,0.007494299,5.95325e-06,0.0,0.0,0.0
1.05863,0.38,0.857,0.86064,0.01627576,0.007716714,0.0002020401,0.0001960654,0.0160679,0.007520649,5.821195e-06,0.0,0.0,0.0
1.05945,0.38,0.858,0.86164,0.01628372,0.007741851,0.0002009057,0.0001951506,0.01607712,0.0075467,5.691783e-06,0.0,0.0,0.0
1.06026,0.38,0.859,0.86264,0.01629884,0.007767878,0.0001997776,0.0001942399,0.01609349,0.007573639,5.564969e-06,0.0,0.0,0.0
1.06107,0.38,0.86,0.86364,0.01630647,0.007794274,0.0001986557,0.0001933334,0.01610237,0.007600941,5.440708e-06,0.0,0.0,0.0
1.06189,0.38,0.861,0.86464,0.01631056,0.007825832,0.0001975401,0.0001924309,0.0161077,0.007633401,5.318955e-06,0.0,0.0,0.0
1.0627,0.38,0.862,0.86564,0.01631609,0.007852318,0.0001964308,0.0001915324,0.01611446,0.007660785,5.199666e-06,0.0,0.0,0.0
1.06352,0.38,0.863,0.86664,0.01632135,0.007879076,0.0001953275,0.000190638,0.01612094,0.007688438,5.082797e-06,0.0,0.0,0.0
1.06433,0.38,0.864,0.86764,0.01632646,0.007906056,0.0001942305,0.0001897476,0.01612726,0.007716308,4.968306e-06,0.0,0.0,0.0
1.06515,0.38,0.865,0.86864,0.01633149,0.007933227,0.0001931395,0.0001888612,0.0161335,0.007744366,4.85615e-06,0.0,0.0,0.0
1.06596,0.38,0.866,0.86964,0.01633649,0.00796057,0.0001920545,0.0001879787,0.01613968,0.007772591,4.746288e-06,0.0,0.0,0.0
1.06678,0.38,0.867,0.87064,0.01634147,0.00798807,0.0001909756,0.0001871002,0.01614585,0.00780097,4.638679e-06,0.0,0.0,0.0
1.0676,0.38,0.868,0.87164,0.0163571,0.008012813,0.0001899027,0.0001862257,0.01616266,0.007826587,4.533282e-06,0.0,0.0,0.0
1.06841,0.38,0.869,0.87264,0.01636455,0.008038918,0.0001888358,0.000185355,0.01617128,0.007853563,4.430058e-06,0.0,0.0,0.0
1.06923,0.38,0.87,0.87364,0.01638212,0.00806559,0.0001877747,0.0001844883,0.01619002,0.007881101,4.328967e-06,0.0,0.0,0.0
1.07005,0.38,0.871,0.87464,0.0163895,0.00809258,0.0001867196,0.0001836254,0.01619855,0.007908955,4.229971e-06,0.0,0.0,0.0
1.07086,0.38,0.872,0.87564,0.01639592,0.008119807,0.0001856703,0.0001827664,0.01620611,0.00793704,4.133032e-06,0.0,0.0,0.0
1.07168,0.38,0.873,0.87664,0.01640195,0.008147229,0.0001846268,0.0001819112,0.01621329,0.007965318,4.038111e-06,0.0,0.0,0.0
1.0725,0.38,0.874,0.87764,0.0164078,0.008174824,0.0001835891,0.0001810598,0.01622026,0.007993764,3.945173e-06,0.0,0.0,0.0
1.07332,0.38,0.875,0.87864,0.01641353,0.008202576,0.0001825571,0.0001802122,0.01622712,0.008022364,3.854181e-06,0.0,0.0,0.0
1.07414,0.38,0.876,0.87964,0.01641921,0.008230474,0.0001815308,0.0001793685,0.01623392,0.008051106,3.765098e-06,0.0,0.0,0.0
1.07496,0.38,0.877,0.88064,0.01642487,0.00825851,0.0001805103,0.0001785284,0.01624068,0.008079981,3.67789e-06,0.0,0.0,0.0
1.07578,0.38,0.878,0.88164,0.01643053,0.008286677,0.0001794953,0.0001776922,0.01624744,0.008108985,3.592522e-06,0.0,0.0,0.0
1.0766,0.38,0.879,0.88264,0.01644666,0.008315639,0.000178486,0.0001768596,0.01626466,0.008138779,3.508959e-06,0.0,0.0,0.0
1.07742,0.38,0.88,0.88364,0.01645462,0.008342109,0.0001774823,0.0001760308,0.01627371,0.008166078,3.427168e-06,0.0,0.0,0.0
1.07824,0.38,0.881,0.88464,0.01647391,0.008369137,0.0001764841,0.0001752056,0.01629407,0.008193931,3.347116e-06,0.0,0.0,0.0
1.07906,0.38,0.882,0.88564,0.01648179,0.008396507,0.0001754914,0.0001743841,0.01630303,0.008222123,3.268769e-06,0.0,0.0,0.0
1.07988,0.38,0.883,0.88664,0.01648889,0.008424134,0.0001745042,0.0001735663,0.0163112,0.008250567,3.192097e-06,0.0,0.0,0.0
1.0807,0.38,0.884,0.88764,0.01649565,0.00845197,0.0001735225,0.0001727521,0.01631901,0.008279218,3.117066e-06,0.0,0.0,0.0
1.08152,0.38,0.885,0.88864,0.01650222,0.008479989,0.0001725462,0.0001719415,0.01632663,0.008308048,3.043647e-06,0.0,0.0,0.0
1.08234,0.38,0.886,0.88964,0.01650869,0.008508172,0.0001715752,0.0001711346,0.01633414,0.008337038,2.971808e-06,0.0,0.0,0.0
1.08316,0.38,0.887,0.89064,0.01651509,0.008536505,0.0001706096,0.0001703312,0.01634158,0.008366174,2.901519e-06,0.0,0.0,0.0
1.08399,0.38,0.888,0.89164,0.01652147,0.008564979,0.0001696494,0.0001695314,0.01634899,0.008395447,2.83275e-06,0.0,0.0,0.0
1.08481,0.38,0.889,0.89264,0.01653331,0.008592841,0.0001686944,0.0001687351,0.01636185,0.008424106,2.765473e-06,0.0,0.0,0.0
1.08563,0.38,0.89,0.89364,0.01654696,0.008618259,0.0001677447,0.0001679424,0.01637651,0.008450316,2.699658e-06,0.0,0.0,0.0
1.08646,0.38,0.891,0.89464,0.01656265,0.008645449,0.0001668002,0.0001671532,0.01639321,0.008478296,2.635277e-06,0.0,0.0,0.0
1.08728,0.38,0.892,0.89564,0.0165759,0.008673102,0.000165861,0.0001663675,0.01640747,0.008506734,2.572303e-06,0.0,0.0,0.0
1.0881,0.38,0.893,0.89664,0.01658437,0.008701043,0.0001649268,0.0001655852,0.01641693,0.008535457,2.510707e-06,0.0,0.0,0.0
1.08893,0.38,0.894,0.89764,0.0165921,0.008729202,0.0001639979,0.0001648065,0.01642565,0.008564396,2.450464e-06,0.0,0.0,0.0
1.08975,0.38,0.895,0.89864,0.01659949,0.008757545,0.000163074,0.0001640312,0.01643402,0.008593513,2.391546e-06,0.0,0.0,0.0
1.09058,0.38,0.896,0.89964,0.0166067,0.008786048,0.0001621552,0.0001632593,0.01644221,0.008622789,2.333928e-06,0.0,0.0,0.0
1.0914,0.38,0.897,0.90064,0.0166138,0.008814698,0.0001612415,0.0001624908,0.01645028,0.008652207,2.277583e-06,0.0,0.0,0.0
1.09223,0.38,0.898,0.90164,0.01661957,0.008847143,0.0001603328,0.0001617258,0.01645701,0.008685418,2.222488e-06,0.0,0.0,0.0
1.09305,0.38,0.899,0.90264,0.0166267,0.0088758,0.0001594291,0.0001609641,0.0164651,0.008714836,2.168616e-06,0.0,0.0,0.0
1.09388,0.38,0.9,0.90364,0.0166338,0.008904641,0.0001585304,0.0001602058,0.01647315,0.008744435,2.115945e-06,0.0,0.0,0.0
1.0947,0.38,0.901,0.90464,0.01665377,0.008929547,0.0001576365,0.0001594508,0.01649407,0.008770097,2.064449e-06,0.0,0.0,0.0
1.09553,0.38,0.902,0.90564,0.01666314,0.008956878,0.0001567476,0.0001586992,0.01650438,0.008798179,2.014105e-06,0.0,0.0,0.0
1.09636,0.38,0.903,0.90664,0.01668461,0.008984736,0.0001558636,0.0001579509,0.01652679,0.008826785,1.96489e-06,0.0,0.0,0.0
1.09718,0.38,0.904,0.90764,0.01669396,0.009012909,0.0001549844,0.0001572059,0.01653706,0.008855703,1.916782e-06,0.0,0.0,0.0
1.09801,0.38,0.905,0.90864,0.01670245,0.009041317,0.0001541101,0.0001564642,0.01654647,0.008884852,1.869758e-06,0.0,0.0,0.0
1.09884,0.38,0.906,0.90964,0.01671056,0.009069917,0.0001532405,0.0001557258,0.0165555,0.008914191,1.823796e-06,0.0,0.0,0.0
1.09967,0.38,0.907,0.91064,0.01671846,0.009098685,0.0001523757,0.0001549906,0.01656431,0.008943695,1.778875e-06,0.0,0.0,0.0
1.1005,0.38,0.908,0.91164,0.01672623,0.009127604,0.0001515157,0.0001542587,0.01657298,0.008973345,1.734973e-06,0.0,0.0,0.0
1.10132,0.38,0.909,0.91264,0.01673393,0.00915666,0.0001506603,0.00015353,0.01658158,0.00900313,1.69207e-06,0.0,0.0,0.0
1.10215,0.38,0.91,0.91364,0.01674159,0.009185846,0.0001498096,0.0001528045,0.01659013,0.009033041,1.650145e-06,0.0,0.0,0.0
1.10298,0.38,0.911,0.91464,0.01674922,0.009215153,0.0001489636,0.0001520822,0.01659865,0.009063071,1.609178e-06,0.0,0.0,0.0
1.10381,0.38,0.912,0.91564,0.01676909,0.00924096,0.0001481223,0.0001513631,0.0166194,0.009089597,1.56915e-06,0.0,0.0,0.0
1.10464,0.38,0.913,0.91664,0.01677961,0.009268373,0.0001472855,0.0001506472,0.0166308,0.009117726,1.53004e-06,0.0,0.0,0.0
1.10547,0.38,0.914,0.91764,0.01680153,0.009296446,0.0001464533,0.0001499344,0.01665358,0.009146511,1.49183e-06,0.0,0.0,0.0
1.1063,0.38,0.915,0.91864,0.01681205,0.009324863,0.0001456257,0.0001492247,0.01666497,0.009175638,1.454502e-06,0.0,0.0,0.0
1.10713,0.38,0.916,0.91964,0.01682133,0.009353523,0.0001448025,0.0001485182,0.01667511,0.009205005,1.418037e-06,0.0,0.0,0.0
1.10796,0.38,0.917,0.92064,0.01682901,0.009385634,0.0001439839,0.0001478148,0.01668364,0.009237819,1.382416e-06,0.0,0.0,0.0
1.10879,0.38,0.918,0.92164,0.01683766,0.009414407,0.0001431698,0.0001471144,0.01669314,0.009267292,1.347623e-06,0.0,0.0,0.0
1.10963,0.38,0.919,0.92264,0.01684613,0.009443389,0.0001423601,0.0001464172,0.01670246,0.009296972,1.313639e-06,0.0,0.0,0.0
1.11046,0.38,0.92,0.92364,0.0168545,0.009472546,0.0001415548,0.000145723,0.01671166,0.009326823,1.280449e-06,0.0,0.0,0.0
1.11129,0.38,0.921,0.92464,0.01686279,0.009501855,0.0001407539,0.0001450319,0.01672079,0.009356823,1.248034e-06,0.0,0.0,0.0
1.11212,0.38,0.922,0.92564,0.01687105,0.009531301,0.0001399574,0.0001443438,0.01672988,0.009386957,1.216379e-06,0.0,0.0,0.0
1.11295,0.38,0.923,0.92664,0.01688859,0.009558811,0.0001391653,0.0001436587,0.01674824,0.009415152,1.185467e-06,0.0,0.0,0.0
1.11379,0.38,0.924,0.92764,0.0169019,0.009585485,0.0001383774,0.0001429766,0.01676237,0.009442508,1.155283e-06,0.0,0.0,0.0
1.11462,0.38,0.925,0.92864,0.01692239,0.009613446,0.0001375939,0.0001422976,0.01678367,0.009471149,1.125811e-06,0.0,0.0,0.0
1.11545,0.38,0.926,0.92964,0.01693592,0.009641866,0.0001368146,0.0001416215,0.01679801,0.009500245,1.097036e-06,0.0,0.0,0.0
1.11629,0.38,0.927,0.93064,0.01694626,0.009670575,0.0001360396,0.0001409483,0.01680915,0.009529627,1.068943e-06,0.0,0.0,0.0
1.11712,0.38,0.928,0.93164,0.01695586,0.009699502,0.0001352688,0.0001402782,0.01681955,0.009559224,1.041517e-06,0.0,0.0,0.0
1.11795,0.38,0.929,0.93264,0.01696511,0.009728607,0.0001345022,0.0001396109,0.01682959,0.009588996,1.014743e-06,0.0,0.0,0.0
1.11879,0.38,0.93,0.93364,0.01697415,0.009757869,0.0001337398,0.0001389466,0.01683942,0.009618922,9.886086e-07,0.0,0.0,0.0
1.11962,0.38,0.931,0.93464,0.01698306,0.009787269,0.0001329815,0.0001382852,0.01684911,0.009648984,9.630988e-07,0.0,0.0,0.0
1.12046,0.38,0.932,0.93564,0.01699189,0.009816798,0.0001322274,0.0001376267,0.01685872,0.009679171,9.382002e-07,0.0,0.0,0.0
1.12129,0.38,0.933,0.93664,0.01700067,0.009846446,0.0001314774,0.0001369711,0.01686827,0.009709475,9.138994e-07,0.0,0.0,0.0
1.12213,0.38,0.934,0.93764,0.01700942,0.009876207,0.0001307314,0.0001363184,0.0168778,0.009739888,8.901835e-07,0.0,0.0,0.0
1.12296,0.38,0.935,0.93864,0.01703027,0.00990256,0.0001299895,0.0001356685,0.01689941,0.009766891,8.670395e-07,0.0,0.0,0.0
1.1238,0.38,0.936,0.93964,0.01704243,0.009930052,0.0001292517,0.0001350214,0.01691233,0.00979503,8.444548e-07,0.0,0.0,0.0
1.12464,0.38,0.937,0.94064,0.01706556,0.009958356,0.0001285178,0.0001343772,0.01693622,0.009823979,8.224173e-07,0.0,0.0,0.0
1.12547,0.38,0.938,0.94164,0.01707695,0.009989644,0.000127788,0.0001337358,0.01694836,0.009855908,8.009146e-07,0.0,0.0,0.0
1.12631,0.38,0.939,0.94264,0.0170876,0.01001843,0.0001270621,0.0001330972,0.01695976,0.009885336,7.799351e-07,0.0,0.0,0.0
1.12715,0.38,0.94,0.94364,0.01709766,0.01004746,0.0001263402,0.0001324614,0.01697056,0.009914995,7.59467e-07,0.0,0.0,0.0
1.12798,0.38,0.941,0.94464,0.0171074,0.01007667,0.0001256221,0.0001318284,0.01698103,0.00994484,7.39499e-07,0.0,0.0,0.0
1.12882,0.38,0.942,0.94564,0.01711694,0.01010604,0.000124908,0.0001311982,0.01699131,0.009974846,7.200199e-07,0.0,0.0,0.0
1.12966,0.38,0.943,0.94664,0.01712637,0.01013556,0.0001241978,0.0001305707,0.01700147,0.01000499,7.010187e-07,0.0,0.0,0.0
1.1305,0.38,0.944,0.94764,0.01713571,0.01016521,0.0001234914,0.0001299459,0.01701154,0.01003527,6.824847e-07,0.0,0.0,0.0
1.13134,0.38,0.945,0.94864,0.01714501,0.01019498,0.0001227889,0.0001293239,0.01702155,0.01006566,6.644074e-07,0.0,0.0,0.0
1.13218,0.38,0.946,0.94964,0.01715427,0.01022486,0.0001220902,0.0001287046,0.01703154,0.01009616,6.467766e-07,0.0,0.0,0.0
1.13301,0.38,0.947,0.95064,0.01717647,0.01025079,0.0001213952,0.000128088,0.01705445,0.01012271,6.29582e-07,0.0,0.0,0.0
1.13385,0.38,0.948,0.95164,0.01718883,0.01027847,0.0001207041,0.0001274741,0.01706752,0.01015099,6.128138e-07,0.0,0.0,0.0
1.13469,0.38,0.949,0.95264,0.01721303,0.01030688,0.0001200167,0.0001268629,0.01709241,0.01018001,5.964623e-07,0.0,0.0,0.0
1.13553,0.38,0.95,0.95364,0.01722549,0.01033565,0.000119333,0.0001262543,0.01710557,0.0102094,5.805179e-07,0.0,0.0,0.0
1.13637,0.38,0.951,0.95464,0.01723651,0.01036468,0.000118653,0.0001256484,0.01711729,0.01023903,5.649715e-07,0.0,0.0,0.0
1.13721,0.38,0.952,0.95564,0.01724697,0.01039391,0.0001179767,0.0001250452,0.01712845,0.01026886,5.498138e-07,0.0,0.0,0.0
1.13805,0.38,0.953,0.95664,0.01725714,0.01042329,0.0001173041,0.0001244446,0.0171393,0.01029885,5.35036e-07,0.0,0.0,0.0
1.13889,0.38,0.954,0.95764,0.01726713,0.01045283,0.0001166351,0.0001238465,0.01714997,0.01032898,5.206292e-07,0.0,0.0,0.0
1.13973,0.38,0.955,0.95864,0.01727699,0.01048249,0.0001159698,0.0001232511,0.01716052,0.01035924,5.06585e-07,0.0,0.0,0.0
1.14058,0.38,0.956,0.95964,0.01728678,0.01051227,0.000115308,0.0001226583,0.01717098,0.01038961,4.928949e-07,0.0,0.0,0.0
1.14142,0.38,0.957,0.96064,0.01729652,0.01054216,0.0001146498,0.0001220681,0.01718139,0.01042009,4.795508e-07,0.0,0.0,0.0
1.14226,0.38,0.958,0.96164,0.01730546,0.01057451,0.0001139952,0.0001214805,0.01719099,0.01045303,4.665445e-07,0.0,0.0,0.0
1.1431,0.38,0.959,0.96264,0.01732788,0.01060053,0.0001133442,0.0001208954,0.01721408,0.01047963,4.538682e-07,0.0,0.0,0.0
1.14394,0.38,0.96,0.96364,0.01734102,0.01062799,0.0001126967,0.0001203129,0.01722788,0.01050768,4.415141e-07,0.0,0.0,0.0
1.14479,0.38,0.961,0.96464,0.01736552,0.0106563,0.0001120526,0.0001197329,0.01725303,0.01053656,4.294748e-07,0.0,0.0,0.0
1.14563,0.38,0.962,0.96564,0.01737882,0.01068501,0.0001114121,0.0001191554,0.01726699,0.01056586,4.177429e-07,0.0,0.0,0.0
1.14647,0.38,0.963,0.96664,0.01739041,0.010714,0.000110775,0.0001185804,0.01727923,0.01059542,4.063111e-07,0.0,0.0,0.0
1.14732,0.38,0.964,0.96764,0.0174014,0.0107432,0.0001101414,0.000118008,0.01729086,0.01062519,3.951722e-07,0.0,0.0,0.0
1.14816,0.38,0.965,0.96864,0.01741206,0.01077256,0.0001095112,0.000117438,0.01730216,0.01065513,3.843195e-07,0.0,0.0,0.0
1.149,0.38,0.966,0.96964,0.01742251,0.01080208,0.0001088844,0.0001168705,0.01731326,0.01068521,3.737461e-07,0.0,0.0,0.0
1.14985,0.38,0.967,0.97064,0.01743284,0.01083173,0.000108261,0.0001163055,0.01732422,0.01071543,3.634454e-07,0.0,0.0,0.0
1.15069,0.38,0.968,0.97164,0.01744308,0.0108615,0.000107641,0.000115743,0.01733509,0.01074576,3.534108e-07,0.0,0.0,0.0
1.15154,0.38,0.969,0.97264,0.01745326,0.01089138,0.0001070243,0.0001151829,0.01734589,0.0107762,3.43636e-07,0.0,0.0,0.0
1.15238,0.38,0.97,0.97364,0.0174634,0.01092137,0.000106411,0.0001146252,0.01735666,0.01080675,3.341149e-07,0.0,0.0,0.0
1.15322,0.38,0.971,0.97464,0.01748409,0.01094871,0.000105801,0.0001140699,0.01737796,0.01083464,3.248412e-07,0.0,0.0,0.0
1.15407,0.38,0.972,0.97564,0.01749903,0.01097563,0.0001051942,0.0001135171,0.01739352,0.01086211,3.158092e-07,0.0,0.0,0.0
1.15492,0.38,0.973,0.97664,0.01752191,0.01100382,0.0001045908,0.0001129667,0.01741701,0.01089086,3.070128e-07,0.0,0.0,0.0
1.15576,0.38,0.974,0.97764,0.01753766,0.01103249,0.0001039906,0.0001124187,0.01743337,0.01092007,2.984465e-07,0.0,0.0,0.0
1.15661,0.38,0.975,0.97864,0.01754998,0.01106145,0.0001033936,0.000111873,0.01744629,0.01094958,2.901047e-07,0.0,0.0,0.0
1.15745,0.38,0.976,0.97964,0.01756151,0.01109063,0.0001027999,0.0001113297,0.01745843,0.0109793,2.819819e-07,0.0,0.0,0.0
1.1583,0.38,0.977,0.98064,0.01757264,0.01111997,0.0001022094,0.0001107888,0.01747016,0.01100918,2.740728e-07,0.0,0.0,0.0
1.15915,0.38,0.978,0.98164,0.01758354,0.01114947,0.000101622,0.0001102503,0.01748165,0.01103922,2.663721e-07,0.0,0.0,0.0
1.15999,0.38,0.979,0.98264,0.01759429,0.0111791,0.0001010379,0.000109714,0.01749299,0.01106938,2.588749e-07,0.0,0.0,0.0
1.16084,0.38,0.98,0.98364,0.01760432,0.01121078,0.0001004569,0.0001091801,0.01750361,0.0111016,2.51576e-07,0.0,0.0,0.0
1.16169,0.38,0.981,0.98464,0.01761494,0.01124052,9.9879e-05,0.0001086486,0.01751481,0.01113187,2.444707e-07,0.0,0.0,0.0
1.16254,0.38,0.982,0.98564,0.0176255,0.01127039,9.930424e-05,0.0001081193,0.01752596,0.01116227,2.375541e-07,0.0,0.0,0.0
1.16338,0.38,0.983,0.98664,0.01763603,0.01130037,9.873259e-05,0.0001075923,0.01753707,0.01119278,2.308217e-07,0.0,0.0,0.0
1.16423,0.38,0.984,0.98764,0.01766013,0.01132577,9.816402e-05,0.0001070677,0.01756174,0.0112187,2.242688e-07,0.0,0.0,0.0
1.16508,0.38,0.985,0.98864,0.01767362,0.01135342,9.759852e-05,0.0001065453,0.01757581,0.01124687,2.17891e-07,0.0,0.0,0.0
1.16593,0.38,0.986,0.98964,0.01769938,0.01138179,9.703607e-05,0.0001060251,0.01760214,0.01127576,2.11684e-07,0.0,0.0,0.0
1.16678,0.38,0.987,0.99064,0.01771308,0.01141054,9.647665e-05,0.0001055073,0.0176164,0.01130503,2.056435e-07,0.0,0.0,0.0
1.16763,0.38,0.988,0.99164,0.01772534,0.01143954,9.592025e-05,0.0001049916,0.01762922,0.01133455,1.997653e-07,0.0,0.0,0.0
1.16848,0.38,0.989,0.99264,0.01773704,0.01146874,9.536685e-05,0.0001044783,0.01764148,0.01136426,1.940454e-07,0.0,0.0,0.0
1.16933,0.38,0.99,0.99364,0.01774843,0.0114981,9.481643e-05,0.0001039671,0.01765342,0.01139413,1.884799e-07,0.0,0.0,0.0
1.17018,0.38,0.991,0.99464,0.01775961,0.0115276,9.426898e-05,0.0001034582,0.01766516,0.01142414,1.830648e-07,0.0,0.0,0.0
1.17103,0.38,0.992,0.99564,0.01777067,0.01155723,9.372448e-05,0.0001029514,0.01767677,0.01145428,1.777963e-07,0.0,0.0,0.0
1.17188,0.38,0.993,0.99664,0.01778163,0.01158697,9.318291e-05,0.0001024469,0.01768827,0.01148453,1.726708e-07,0.0,0.0,0.0
1.17273,0.38,0.994,0.99764,0.01779253,0.01161682,9.264426e-05,0.0001019446,0.01769972,0.01151488,1.676847e-07,0.0,0.0,0.0
1.17358,0.38,0.995,0.99864,0.01780338,0.01164677,9.210852e-05,0.0001014444,0.01771111,0.01154533,1.628344e-07,0.0,0.0,0.0
1.17443,0.38,0.996,0.99964,0.01781421,0.01167682,9.157566e-05,0.0001009464,0.01772247,0.01157587,1.581164e-07,0.0,0.0,0.0
1.17528,0.38,0.997,1.00064,0.01783951,0.01170145,9.104567e-05,0.0001004506,0.01774831,0.011601,1.535275e-07,0.0,0.0,0.0
1.17613,0.38,0.998,1.00164,0.01785287,0.0117293,9.051854e-05,9.995693e-05,0.0177622,0.01162934,1.490642e-07,0.0,0.0,0.0
1.17698,0.38,0.999,1.00264,0.01787939,0.01175775,8.999425e-05,9.94654e-05,0.01778926,0.01165828,1.447235e-07,0.0,0.0,0.0
1.17784,0.38,1.0,1.00364,0.01789291,0.01178653,8.947278e-05,9.8976e-05,0.0178033,0.01168755,1.405021e-07,0.0,0.0,0.0
1.17869,0.38,1.001,1.00464,0.01790532,0.01181554,8.895412e-05,9.848873e-05,0.01781623,0.01171706,1.36397e-07,0.0,0.0,0.0
1.17954,0.38,1.002,1.00564,0.01791672,0.01184643,8.843826e-05,9.800357e-05,0.01782815,0.01174843,1.324052e-07,0.0,0.0,0.0
1.18039,0.38,1.003,1.00664,0.0179284,0.01187568,8.792517e-05,9.752051e-05,0.01784035,0.01177816,1.285238e-07,0.0,0.0,0.0
1.18125,0.38,1.004,1.00764,0.01793989,0.01190509,8.741484e-05,9.703955e-05,0.01785235,0.01180805,1.247499e-07,0.0,0.0,0.0
1.1821,0.38,1.005,1.00864,0.01795125,0.01193463,8.690726e-05,9.656067e-05,0.01786422,0.01183807,1.210808e-07,0.0,0.0,0.0
1.18295,0.38,1.006,1.00964,0.01796252,0.0119643,8.640242e-05,9.608388e-05,0.017876,0.01186821,1.175136e-07,0.0,0.0,0.0
1.18381,0.38,1.007,1.01064,0.01797372,0.01199407,8.590029e-05,9.560915e-05,0.01788771,0.01189846,1.140459e-07,0.0,0.0,0.0
1.18466,0.38,1.008,1.01164,0.01798488,0.01202395,8.540087e-05,9.513648e-05,0.01789936,0.01192882,1.106749e-07,0.0,0.0,0.0
1.18551,0.38,1.009,1.01264,0.017996,0.01205393,8.490413e-05,9.466586e-05,0.01791099,0.01195927,1.073982e-07,0.0,0.0,0.0
1.18637,0.38,1.01,1.01364,0.01802149,0.01207843,8.441007e-05,9.419728e-05,0.01793697,0.01198423,1.042133e-07,0.0,0.0,0.0
1.18722,0.38,1.011,1.01464,0.01803514,0.01210617,8.391867e-05,9.373073e-05,0.01795112,0.01201244,1.011177e-07,0.0,0.0,0.0
1.18808,0.38,1.012,1.01564,0.01806179,0.01213452,8.342991e-05,9.326621e-05,0.01797826,0.01204126,9.810919e-08,0.0,0.0,0.0
1.18893,0.38,1.013,1.01664,0.01807563,0.01216322,8.294378e-05,9.28037e-05,0.01799259,0.01207041,9.518541e-08,0.0,0.0,0.0
1.18979,0.38,1.014,1.01764,0.01808833,0.01219215,8.246027e-05,9.23432e-05,0.01800578,0.0120998,9.234413e-08,0.0,0.0,0.0
1.19064,0.38,1.015,1.01864,0.01810054,0.01222127,8.197936e-05,9.18847e-05,0.01801847,0.01212938,8.958317e-08,0.0,0.0,0.0
1.1915,0.38,1.016,1.01964,0.01811246,0.01225054,8.150103e-05,9.142818e-05,0.01803087,0.01215911,8.69004e-08,0.0,0.0,0.0
1.19236,0.38,1.017,1.02064,0.01812419,0.01227995,8.102528e-05,9.097365e-05,0.01804308,0.01218897,8.429374e-08,0.0,0.0,0.0
1.19321,0.38,1.018,1.02164,0.01813579,0.01230948,8.055209e-05,9.052109e-05,0.01805516,0.01221896,8.176117e-08,0.0,0.0,0.0
1.19407,0.38,1.019,1.02264,0.0181473,0.01233912,8.008145e-05,9.007049e-05,0.01806714,0.01224905,7.930072e-08,0.0,0.0,0.0
1.19492,0.38,1.02,1.02364,0.01815875,0.01236886,7.961334e-05,8.962184e-05,0.01807906,0.01227924,7.691045e-08,0.0,0.0,0.0
1.19578,0.38,1.021,1.02464,0.01817014,0.0123987,7.914775e-05,8.917514e-05,0.01809092,0.01230953,7.458849e-08,0.0,0.0,0.0
1.19664,0.38,1.022,1.02564,0.0181815,0.01242863,7.868466e-05,8.873038e-05,0.01810274,0.0123399,7.233301e-08,0.0,0.0,0.0
1.1975,0.38,1.023,1.02664,0.01820607,0.01245382,7.822406e-05,8.828755e-05,0.01812778,0.01236553,7.014221e-08,0.0,0.0,0.0
1.19835,0.38,1.024,1.02764,0.01822042,0.01248123,7.776594e-05,8.784664e-05,0.01814259,0.01239338,6.801435e-08,0.0,0.0,0.0
1.19921,0.38,1.025,1.02864,0.01824597,0.01251085,7.731028e-05,8.740764e-05,0.0181686,0.01242345,6.594774e-08,0.0,0.0,0.0
1.20007,0.38,1.026,1.02964,0.01826073,0.01253932,7.685708e-05,8.697055e-05,0.0181838,0.01245235,6.394071e-08,0.0,0.0,0.0
1.20093,0.38,1.027,1.03064,0.01827388,0.01256807,7.640631e-05,8.653535e-05,0.01819741,0.01248154,6.199166e-08,0.0,0.0,0.0
1.20178,0.38,1.028,1.03164,0.01828644,0.01259703,7.595797e-05,8.610204e-05,0.01821042,0.01251093,6.009901e-08,0.0,0.0,0.0
1.20264,0.38,1.029,1.03264,0.01829866,0.01262616,7.551204e-05,8.567062e-05,0.01822309,0.01254049,5.826121e-08,0.0,0.0,0.0
1.2035,0.38,1.03,1.03364,0.01831067,0.01265543,7.506851e-05,8.524106e-05,0.01823555,0.01257019,5.647679e-08,0.0,0.0,0.0
1.20436,0.38,1.031,1.03464,0.01832253,0.01268484,7.462736e-05,8.481337e-05,0.01824785,0.01260002,5.474427e-08,0.0,0.0,0.0
1.20522,0.38,1.032,1.03564,0.01833429,0.01271436,7.418859e-05,8.438753e-05,0.01826005,0.01262997,5.306224e-08,0.0,0.0,0.0
1.20608,0.38,1.033,1.03664,0.01834597,0.01274399,7.375218e-05,8.396354e-05,0.01827217,0.01266002,5.142931e-08,0.0,0.0,0.0
1.20694,0.38,1.034,1.03764,0.01835759,0.01277372,7.331811e-05,8.35414e-05,0.01828423,0.01269018,4.984413e-08,0.0,0.0,0.0
1.2078,0.38,1.035,1.03864,0.01836918,0.01280354,7.288638e-05,8.312108e-05,0.01829624,0.01272042,4.830539e-08,0.0,0.0,0.0
1.20866,0.38,1.036,1.03964,0.01839021,0.01283089,7.245697e-05,8.270259e-05,0.01831771,0.01274818,4.681181e-08,0.0,0.0,0.0
1.20952,0.38,1.037,1.04064,0.01840701,0.01285713,7.202987e-05,8.228592e-05,0.01833494,0.01277484,4.536213e-08,0.0,0.0,0.0
1.21038,0.38,1.038,1.04164,0.01842073,0.01288492,7.160507e-05,8.187105e-05,0.01834908,0.01280305,4.395514e-08,0.0,0.0,0.0
1.21124,0.38,1.039,1.04264,0.01844772,0.01291324,7.118255e-05,8.145799e-05,0.01837649,0.01283178,4.258966e-08,0.0,0.0,0.0
1.2121,0.38,1.04,1.04364,0.0184616,0.01294186,7.076231e-05,8.104672e-05,0.01839079,0.01286082,4.126452e-08,0.0,0.0,0.0
1.21296,0.38,1.041,1.04464,0.01847457,0.01297071,7.034433e-05,8.063724e-05,0.01840418,0.01289008,3.997862e-08,0.0,0.0,0.0
1.21382,0.38,1.042,1.04564,0.0184871,0.01299974,6.992859e-05,8.022953e-05,0.01841714,0.01291951,3.873084e-08,0.0,0.0,0.0
1.21469,0.38,1.043,1.04664,0.01849938,0.01302892,6.951509e-05,7.98236e-05,0.01842982,0.0129491,3.752012e-08,0.0,0.0,0.0
1.21555,0.38,1.044,1.04764,0.01851147,0.01305823,6.910382e-05,7.941943e-05,0.01844233,0.01297881,3.634543e-08,0.0,0.0,0.0
1.21641,0.38,1.045,1.04864,0.01852344,0.01308766,6.869476e-05,7.901701e-05,0.01845471,0.01300864,3.520575e-08,0.0,0.0,0.0
1.21727,0.38,1.046,1.04964,0.01853532,0.01311719,6.82879e-05,7.861635e-05,0.018467,0.01303858,3.41001e-08,0.0,0.0,0.0
1.21813,0.38,1.047,1.05064,0.01854713,0.01314683,6.788323e-05,7.821742e-05,0.01847922,0.01306861,3.302751e-08,0.0,0.0,0.0
1.219,0.38,1.048,1.05164,0.01855889,0.01317656,6.748073e-05,7.782023e-05,0.01849138,0.01309874,3.198706e-08,0.0,0.0,0.0
1.21986,0.38,1.049,1.05264,0.01857061,0.01320638,6.70804e-05,7.742476e-05,0.0185035,0.01312896,3.097783e-08,0.0,0.0,0.0
1.22072,0.38,1.05,1.05364,0.01859352,0.01323255,6.668223e-05,7.703102e-05,0.01852681,0.01315552,2.999894e-08,0.0,0.0,0.0
1.22159,0.38,1.051,1.05464,0.01860903,0.01325937,6.62862e-05,7.663898e-05,0.01854272,0.01318274,2.904953e-08,0.0,0.0,0.0
1.22245,0.38,1.052,1.05564,0.01863299,0.01328728,6.58923e-05,7.624865e-05,0.01856707,0.01321103,2.812875e-08,0.0,0.0,0.0
1.22331,0.38,1.053,1.05664,0.01864971,0.01331564,6.550051e-05,7.586002e-05,0.01858419,0.01323978,2.723579e-08,0.0,0.0,0.0
1.22418,0.38,1.054,1.05764,0.01866344,0.01334429,6.511084e-05,7.547308e-05,0.0185983,0.01326881,2.636986e-08,0.0,0.0,0.0
1.22504,0.38,1.055,1.05864,0.01867642,0.01337314,6.472327e-05,7.508782e-05,0.01861167,0.01329806,2.553018e-08,0.0,0.0,0.0
1.2259,0.38,1.056,1.05964,0.01868902,0.01340217,6.433778e-05,7.470424e-05,0.01862466,0.01332747,2.471599e-08,0.0,0.0,0.0
1.22677,0.38,1.057,1.06064,0.01870137,0.01343134,6.395436e-05,7.432232e-05,0.0186374,0.01335702,2.392657e-08,0.0,0.0,0.0
1.22763,0.38,1.058,1.06164,0.01871357,0.01346064,6.357301e-05,7.394207e-05,0.01864997,0.0133867,2.316121e-08,0.0,0.0,0.0
1.2285,0.38,1.059,1.06264,0.01872564,0.01349006,6.319372e-05,7.356347e-05,0.01866242,0.01341649,2.24192e-08,0.0,0.0,0.0
1.22936,0.38,1.06,1.06364,0.01873763,0.01351958,6.281646e-05,7.318652e-05,0.01867479,0.01344639,2.169988e-08,0.0,0.0,0.0
1.23023,0.38,1.061,1.06464,0.01874954,0.0135492,6.244124e-05,7.281122e-05,0.01868708,0.01347639,2.100258e-08,0.0,0.0,0.0
1.23109,0.38,1.062,1.06564,0.01876141,0.01357891,6.206804e-05,7.243754e-05,0.01869932,0.01350647,2.032667e-08,0.0,0.0,0.0
1.23196,0.38,1.063,1.06664,0.01877324,0.01360871,6.169684e-05,7.206549e-05,0.01871152,0.01353665,1.967152e-08,0.0,0.0,0.0
1.23283,0.38,1.064,1.06764,0.01879559,0.01363513,6.132765e-05,7.169507e-05,0.01873424,0.01356344,1.903654e-08,0.0,0.0,0.0
1.23369,0.38,1.065,1.06864,0.01881138,0.01366182,6.096044e-05,7.132626e-05,0.0187504,0.01359049,1.842113e-08,0.0,0.0,0.0
1.23456,0.38,1.066,1.06964,0.01883407,0.01368968,6.059521e-05,7.095905e-05,0.01877346,0.01361872,1.782472e-08,0.0,0.0,0.0
1.23543,0.38,1.067,1.07064,0.0188518,0.013718,6.023195e-05,7.059345e-05,0.01879155,0.01364741,1.724675e-08,0.0,0.0,0.0
1.23629,0.38,1.068,1.07164,0.01886568,0.01374662,5.987065e-05,7.022943e-05,0.01880579,0.01367639,1.668669e-08,0.0,0.0,0.0
1.23716,0.38,1.069,1.07264,0.01887876,0.01377545,5.951129e-05,6.986701e-05,0.01881924,0.01370559,1.614401e-08,0.0,0.0,0.0
1.23803,0.38,1.07,1.07364,0.01889146,0.01380446,5.915388e-05,6.950616e-05,0.01883229,0.01373495,1.561819e-08,0.0,0.0,0.0
1.23889,0.38,1.071,1.07464,0.01890391,0.01383361,5.879838e-05,6.914689e-05,0.01884509,0.01376446,1.510874e-08,0.0,0.0,0.0
1.23976,0.38,1.072,1.07564,0.01891619,0.01386288,5.84448e-05,6.878919e-05,0.01885773,0.01379409,1.461518e-08,0.0,0.0,0.0
1.24063,0.38,1.073,1.07664,0.01892835,0.01389228,5.809313e-05,6.843305e-05,0.01887024,0.01382384,1.413703e-08,0.0,0.0,0.0
1.2415,0.38,1.074,1.07764,0.01894042,0.01392178,5.774336e-05,6.807846e-05,0.01888266,0.0138537,1.367384e-08,0.0,0.0,0.0
1.24236,0.38,1.075,1.07864,0.01895242,0.01395138,5.739547e-05,6.772542e-05,0.01889501,0.01388365,1.322516e-08,0.0,0.0,0.0
1.24323,0.38,1.076,1.07964,0.01896436,0.01398107,5.704945e-05,6.737392e-05,0.0189073,0.0139137,1.279056e-08,0.0,0.0,0.0
1.2441,0.38,1.077,1.08064,0.01897626,0.01401086,5.670531e-05,6.702396e-05,0.01891954,0.01394383,1.236962e-08,0.0,0.0,0.0
1.24497,0.38,1.078,1.08164,0.01899254,0.01404004,5.636301e-05,6.667552e-05,0.01893616,0.01397337,1.196194e-08,0.0,0.0,0.0
1.24584,0.38,1.079,1.08264,0.01901319,0.01406488,5.602257e-05,6.632861e-05,0.01895716,0.01399855,1.156711e-08,0.0,0.0,0.0
1.24671,0.38,1.08,1.08364,0.0190273,0.01409251,5.568396e-05,6.598321e-05,0.0189716,0.01402652,1.118476e-08,0.0,0.0,0.0
1.24758,0.38,1.081,1.08464,0.01905306,0.01412072,5.534718e-05,6.563932e-05,0.0189977,0.01405509,1.08145e-08,0.0,0.0,0.0
1.24845,0.38,1.082,1.08564,0.01906748,0.01414927,5.501222e-05,6.529694e-05,0.01901245,0.01408398,1.045597e-08,0.0,0.0,0.0
1.24932,0.38,1.083,1.08664,0.01908079,0.01417806,5.467906e-05,6.495605e-05,0.0190261,0.0141131,1.010882e-08,0.0,0.0,0.0
1.25019,0.38,1.084,1.08764,0.01909363,0.01420703,5.43477e-05,6.461665e-05,0.01903927,0.01414241,9.772712e-09,0.0,0.0,0.0
1.25106,0.38,1.085,1.08864,0.01910619,0.01423615,5.401813e-05,6.427874e-05,0.01905216,0.01417187,9.447302e-09,0.0,0.0,0.0
1.25193,0.38,1.086,1.08964,0.01911856,0.0142654,5.369034e-05,6.394231e-05,0.01906486,0.01420146,9.13227e-09,0.0,0.0,0.0
1.2528,0.38,1.087,1.09064,0.01913079,0.01429477,5.336432e-05,6.360735e-05,0.01907742,0.01423117,8.827299e-09,0.0,0.0,0.0
1.25367,0.38,1.088,1.09164,0.01914292,0.01432426,5.304007e-05,6.327386e-05,0.01908987,0.01426098,8.532086e-09,0.0,0.0,0.0
1.25454,0.38,1.089,1.09264,0.01915497,0.01435384,5.271756e-05,6.294182e-05,0.01910225,0.0142909,8.246332e-09,0.0,0.0,0.0
1.25541,0.38,1.09,1.09364,0.01916696,0.01438353,5.23968e-05,6.261124e-05,0.01911456,0.01432092,7.969748e-09,0.0,0.0,0.0
1.25628,0.38,1.091,1.09464,0.01917891,0.0144133,5.207777e-05,6.228211e-05,0.01912682,0.01435102,7.702055e-09,0.0,0.0,0.0
1.25715,0.38,1.092,1.09564,0.01919081,0.01444316,5.176046e-05,6.195443e-05,0.01913904,0.01438121,7.44298e-09,0.0,0.0,0.0
1.25802,0.38,1.093,1.09664,0.0192127,0.01446962,5.144487e-05,6.162818e-05,0.01916125,0.01440799,7.192259e-09,0.0,0.0,0.0
1.2589,0.38,1.094,1.09764,0.01922827,0.01449645,5.113098e-05,6.130336e-05,0.01917713,0.01443514,6.949636e-09,0.0,0.0,0.0
1.25977,0.38,1.095,1.09864,0.01924967,0.0145244,5.08188e-05,6.097996e-05,0.01919885,0.01446342,6.71486e-09,0.0,0.0,0.0
1.26064,0.38,1.096,1.09964,0.01926777,0.01455282,5.05083e-05,6.065799e-05,0.01921726,0.01449216,6.48769e-09,0.0,0.0,0.0
1.26151,0.38,1.097,1.10064,0.01928163,0.01458153,5.019948e-05,6.033742e-05,0.01923142,0.01452119,6.267891e-09,0.0,0.0,0.0
1.26239,0.38,1.098,1.10164,0.01929471,0.01461044,4.989233e-05,6.001827e-05,0.01924482,0.01455042,6.055235e-09,0.0,0.0,0.0
1.26326,0.38,1.099,1.10264,0.01930742,0.01463953,4.958685e-05,5.970052e-05,0.01925783,0.01457982,5.849501e-09,0.0,0.0,0.0
1.26413,0.38,1.1,1.10364,0.01931989,0.01466876,4.928301e-05,5.938416e-05,0.0192706,0.01460937,5.650474e-09,0.0,0.0,0.0
1.265,0.38,1.101,1.10464,0.01933219,0.01469811,4.898083e-05,5.906919e-05,0.01928321,0.01463904,5.457944e-09,0.0,0.0,0.0
1.26588,0.38,1.102,1.10564,0.01934437,0.01472759,4.868027e-05,5.875561e-05,0.01929569,0.01466883,5.271711e-09,0.0,0.0,0.0
1.26675,0.38,1.103,1.10664,0.01935646,0.01475717,4.838135e-05,5.844341e-05,0.01930807,0.01469873,5.091576e-09,0.0,0.0,0.0
1.26762,0.38,1.104,1.10764,0.01936848,0.01478685,4.808405e-05,5.813258e-05,0.01932039,0.01472872,4.917351e-09,0.0,0.0,0.0
1.2685,0.38,1.105,1.10864,0.01938043,0.01481663,4.778835e-05,5.782311e-05,0.01933264,0.0147588,4.748849e-09,0.0,0.0,0.0
1.26937,0.38,1.106,1.10964,0.01939234,0.01484649,4.749426e-05,5.751502e-05,0.01934484,0.01478898,4.585891e-09,0.0,0.0,0.0
1.27025,0.38,1.107,1.11064,0.01940421,0.01487645,4.720177e-05,5.720827e-05,0.01935701,0.01481924,4.428302e-09,0.0,0.0,0.0
1.27112,0.38,1.108,1.11164,0.01942602,0.01490282,4.691086e-05,5.690288e-05,0.01937911,0.01484592,4.275915e-09,0.0,0.0,0.0
1.272,0.38,1.109,1.11264,0.01944123,0.01492988,4.662152e-05,5.659883e-05,0.01939461,0.01487329,4.128565e-09,0.0,0.0,0.0
1.27287,0.38,1.11,1.11364,0.01946277,0.01495799,4.633376e-05,5.629613e-05,0.01941643,0.01490169,3.986092e-09,0.0,0.0,0.0
1.27375,0.38,1.111,1.11464,0.01948007,0.01498654,4.604756e-05,5.599476e-05,0.01943402,0.01493054,3.848343e-09,0.0,0.0,0.0
1.27462,0.38,1.112,1.11564,0.01949379,0.01501536,4.576291e-05,5.569472e-05,0.01944802,0.01495967,3.715169e-09,0.0,0.0,0.0
1.2755,0.38,1.113,1.11664,0.01950678,0.0150444,4.547981e-05,5.5396e-05,0.0194613,0.014989,3.586422e-09,0.0,0.0,0.0
1.27637,0.38,1.114,1.11764,0.01951941,0.0150736,4.519824e-05,5.50986e-05,0.01947421,0.0150185,3.461964e-09,0.0,0.0,0.0
1.27725,0.38,1.115,1.11864,0.01953181,0.01510294,4.49182e-05,5.480252e-05,0.01948689,0.01504814,3.341657e-09,0.0,0.0,0.0
1.27812,0.38,1.116,1.11964,0.01954405,0.01513241,4.463969e-05,5.450774e-05,0.0194994,0.0150779,3.22537e-09,0.0,0.0,0.0
1.279,0.38,1.117,1.12064,0.01955617,0.015162,4.436268e-05,5.421426e-05,0.0195118,0.01510778,3.112973e-09,0.0,0.0,0.0
1.27988,0.38,1.118,1.12164,0.01956819,0.01519169,4.408719e-05,5.392209e-05,0.0195241,0.01513777,3.004342e-09,0.0,0.0,0.0
1.28075,0.38,1.119,1.12264,0.01958015,0.01522148,4.381319e-05,5.36312e-05,0.01953633,0.01516785,2.899356e-09,0.0,0.0,0.0
1.28163,0.38,1.12,1.12364,0.01959204,0.01525137,4.354068e-05,5.334161e-05,0.0195485,0.01519803,2.797899e-09,0.0,0.0,0.0
1.28251,0.38,1.121,1.12464,0.01960389,0.01528135,4.326965e-05,5.305329e-05,0.01956062,0.0152283,2.699857e-09,0.0,0.0,0.0
1.28338,0.38,1.122,1.12564,0.0196157,0.01531141,4.30001e-05,5.276625e-05,0.01957269,0.01525865,2.60512e-09,0.0,0.0,0.0
1.28426,0.38,1.123,1.12664,0.01963489,0.01533938,4.273201e-05,5.248049e-05,0.01959216,0.01528689,2.513581e-09,0.0,0.0,0.0
1.28514,0.38,1.124,1.12764,0.01965142,0.01536586,4.246539e-05,5.219598e-05,0.01960895,0.01531366,2.425137e-09,0.0,0.0,0.0
1.28601,0.38,1.125,1.12864,0.01966505,0.01539396,4.220021e-05,5.191275e-05,0.01962285,0.01534205,2.339687e-09,0.0,0.0,0.0
1.28689,0.38,1.126,1.12964,0.01968933,0.01542258,4.193648e-05,5.163076e-05,0.01964739,0.01537095,2.257135e-09,0.0,0.0,0.0
1.28777,0.38,1.127,1.13064,0.01970326,0.0154515,4.167419e-05,5.135003e-05,0.01966158,0.01540015,2.177387e-09,0.0,0.0,0.0
1.28865,0.38,1.128,1.13164,0.01971627,0.01548065,4.141332e-05,5.107055e-05,0.01967486,0.01542958,2.100351e-09,0.0,0.0,0.0
1.28953,0.38,1.129,1.13264,0.01972887,0.01550997,4.115388e-05,5.07923e-05,0.01968772,0.01545917,2.025939e-09,0.0,0.0,0.0
1.29041,0.38,1.13,1.13364,0.01974122,0.01553943,4.089586e-05,5.05153e-05,0.01970032,0.01548892,1.954065e-09,0.0,0.0,0.0
1.29128,0.38,1.131,1.13464,0.01975339,0.01556903,4.063924e-05,5.023952e-05,0.01971275,0.01551879,1.884647e-09,0.0,0.0,0.0
1.29216,0.38,1.132,1.13564,0.01976544,0.01559874,4.038402e-05,4.996497e-05,0.01972505,0.01554878,1.817603e-09,0.0,0.0,0.0
1.29304,0.38,1.133,1.13664,0.01977739,0.01562856,4.013019e-05,4.969165e-05,0.01973726,0.01557887,1.752857e-09,0.0,0.0,0.0
1.29392,0.38,1.134,1.13764,0.01978926,0.01565849,3.987776e-05,4.941954e-05,0.01974938,0.01560907,1.690332e-09,0.0,0.0,0.0
1.2948,0.38,1.135,1.13864,0.01980107,0.01568851,3.962669e-05,4.914864e-05,0.01976144,0.01563936,1.629956e-09,0.0,0.0,0.0
1.29568,0.38,1.136,1.13964,0.01981283,0.01571862,3.937701e-05,4.887895e-05,0.01977345,0.01566974,1.571657e-09,0.0,0.0,0.0
1.29656,0.38,1.137,1.14064,0.01982454,0.01574882,3.912868e-05,4.861046e-05,0.01978541,0.01570021,1.515368e-09,0.0,0.0,0.0
1.29744,0.38,1.138,1.14164,0.01983622,0.01577911,3.888172e-05,4.834317e-05,0.01979734,0.01573076,1.461022e-09,0.0,0.0,0.0
1.29832,0.38,1.139,1.14264,0.01985763,0.01580545,3.86361e-05,4.807707e-05,0.01981899,0.01575737,1.408553e-09,0.0,0.0,0.0
1.2992,0.38,1.14,1.14364,0.01987199,0.01583318,3.839183e-05,4.781216e-05,0.0198336,0.01578536,1.357901e-09,0.0,0.0,0.0
1.30008,0.38,1.141,1.14464,0.01989341,0.01586176,3.814889e-05,4.754843e-05,0.01985526,0.01581421,1.309005e-09,0.0,0.0,0.0
1.30096,0.38,1.142,1.14564,0.01990915,0.01589074,3.790729e-05,4.728588e-05,0.01987124,0.01584345,1.261806e-09,0.0,0.0,0.0
1.30184,0.38,1.143,1.14664,0.01992243,0.01591998,3.766701e-05,4.702451e-05,0.01988476,0.01587295,1.216249e-09,0.0,0.0,0.0
1.30272,0.38,1.144,1.14764,0.01993509,0.01594941,3.742804e-05,4.67643e-05,0.01989766,0.01590265,1.172277e-09,0.0,0.0,0.0
1.3036,0.38,1.145,1.14864,0.01994742,0.01597901,3.719039e-05,4.650526e-05,0.01991023,0.0159325,1.129838e-09,0.0,0.0,0.0
1.30448,0.38,1.146,1.14964,0.01995954,0.01600874,3.695404e-05,4.624738e-05,0.01992259,0.01596249,1.088881e-09,0.0,0.0,0.0
1.30537,0.38,1.147,1.15064,0.01997152,0.0160386,3.671898e-05,4.599066e-05,0.0199348,0.01599261,1.049356e-09,0.0,0.0,0.0
1.30625,0.38,1.148,1.15164,0.01998338,0.01606857,3.648522e-05,4.573508e-05,0.0199469,0.01602284,1.011215e-09,0.0,0.0,0.0
1.30713,0.38,1.149,1.15264,0.01999516,0.01609865,3.625274e-05,4.548066e-05,0.01995891,0.01605317,9.744118e-10,0.0,0.0,0.0
1.30801,0.38,1.15,1.15364,0.02000687,0.01612882,3.602153e-05,4.522737e-05,0.01997084,0.0160836,9.389007e-10,0.0,0.0,0.0
1.30889,0.38,1.151,1.15464,0.02001851,0.01615909,3.579159e-05,4.497522e-05,0.01998272,0.01611412,9.046384e-10,0.0,0.0,0.0
1.30977,0.38,1.152,1.15564,0.02003011,0.01618945,3.556292e-05,4.472421e-05,0.01999455,0.01614473,8.715827e-10,0.0,0.0,0.0
1.31066,0.38,1.153,1.15664,0.02004166,0.0162199,3.533551e-05,4.447432e-05,0.02000633,0.01617543,8.396928e-10,0.0,0.0,0.0
1.31154,0.38,1.154,1.15764,0.02005318,0.01625043,3.510935e-05,4.422556e-05,0.02001807,0.0162062,8.089291e-10,0.0,0.0,0.0
1.31242,0.38,1.155,1.15864,0.02007418,0.01627692,3.488443e-05,4.397792e-05,0.0200393,0.01623295,7.792534e-10,0.0,0.0,0.0
1.31331,0.38,1.156,1.15964,0.02008813,0.01630505,3.466075e-05,4.373139e-05,0.02005347,0.01626132,7.506287e-10,0.0,0.0,0.0
1.31419,0.38,1.157,1.16064,0.02010912,0.01633395,3.44383e-05,4.348598e-05,0.02007468,0.01629047,7.230193e-10,0.0,0.0,0.0
1.31507,0.38,1.158,1.16164,0.02012428,0.01636323,3.421707e-05,4.324167e-05,0.02009007,0.01631999,6.963905e-10,0.0,0.0,0.0
1.31595,0.38,1.159,1.16264,0.02013729,0.01639276,3.399707e-05,4.299846e-05,0.02010329,0.01634976,6.707087e-10,0.0,0.0,0.0
1.31684,0.38,1.16,1.16364,0.02014972,0.01642248,3.377828e-05,4.275635e-05,0.02011595,0.01637973,6.459417e-10,0.0,0.0,0.0
1.31772,0.38,1.161,1.16464,0.02016185,0.01645236,3.35607e-05,4.251534e-05,0.02012829,0.01640984,6.220581e-10,0.0,0.0,0.0
1.31861,0.38,1.162,1.16564,0.02017378,0.01648237,3.334431e-05,4.227541e-05,0.02014044,0.0164401,5.990275e-10,0.0,0.0,0.0
1.31949,0.38,1.163,1.16664,0.02018557,0.01651251,3.312912e-05,4.203657e-05,0.02015244,0.01647047,5.768206e-10,0.0,0.0,0.0
1.32037,0.38,1.164,1.16764,0.02019725,0.01654276,3.291513e-05,4.179881e-05,0.02016433,0.01650096,5.554091e-10,0.0,0.0,0.0
1.32126,0.38,1.165,1.16864,0.02020884,0.01657311,3.270231e-05,4.156213e-05,0.02017614,0.01653155,5.347656e-10,0.0,0.0,0.0
1.32214,0.38,1.166,1.16964,0.02022037,0.01660356,3.249067e-05,4.132652e-05,0.02018788,0.01656223,5.148636e-10,0.0,0.0,0.0
1.32303,0.38,1.167,1.17064,0.02023183,0.01663411,3.22802e-05,4.109198e-05,0.02019955,0.01659301,4.956774e-10,0.0,0.0,0.0
1.32391,0.38,1.168,1.17164,0.02024325,0.01666474,3.20709e-05,4.085851e-05,0.02021118,0.01662388,4.771822e-10,0.0,0.0,0.0
1.3248,0.38,1.169,1.17264,0.02025462,0.01669546,3.186275e-05,4.062609e-05,0.02022276,0.01665483,4.593541e-10,0.0,0.0,0.0
1.32568,0.38,1.17,1.17364,0.02026596,0.01672626,3.165576e-05,4.039473e-05,0.02023431,0.01668587,4.4217e-10,0.0,0.0,0.0
1.32657,0.38,1.171,1.17464,0.02028489,0.01675429,3.144991e-05,4.016442e-05,0.02025344,0.01671412,4.256073e-10,0.0,0.0,0.0
1.32745,0.38,1.172,1.17564,0.02029937,0.01678227,3.124521e-05,3.993516e-05,0.02026813,0.01674234,4.096444e-10,0.0,0.0,0.0
1.32834,0.38,1.173,1.17664,0.02031215,0.01681137,3.104164e-05,3.970695e-05,0.02028111,0.01677166,3.942606e-10,0.0,0.0,0.0
1.32923,0.38,1.174,1.17764,0.02033428,0.01684091,3.083921e-05,3.947977e-05,0.02030344,0.01680143,3.794354e-10,0.0,0.0,0.0
1.33011,0.38,1.175,1.17864,0.02034733,0.01687071,3.063789e-05,3.925363e-05,0.02031669,0.01683146,3.651493e-10,0.0,0.0,0.0
1.331,0.38,1.176,1.17964,0.02035965,0.01690072,3.04377e-05,3.902852e-05,0.02032921,0.01686169,3.513836e-10,0.0,0.0,0.0
1.33188,0.38,1.177,1.18064,0.02037162,0.01693088,3.023862e-05,3.880444e-05,0.02034139,0.01689208,3.381198e-10,0.0,0.0,0.0
1.33277,0.38,1.178,1.18164,0.02038338,0.01696119,3.004064e-05,3.858138e-05,0.02035334,0.01692261,3.253404e-10,0.0,0.0,0.0
1.33366,0.38,1.179,1.18264,0.02039499,0.01699162,2.984377e-05,3.835935e-05,0.02036515,0.01695326,3.130283e-10,0.0,0.0,0.0
1.33454,0.38,1.18,1.18364,0.02040649,0.01702217,2.964799e-05,3.813833e-05,0.02037684,0.01698403,3.01167e-10,0.0,0.0,0.0
1.33543,0.38,1.181,1.18464,0.02041789,0.01705282,2.945331e-05,3.791832e-05,0.02038844,0.0170149,2.897406e-10,0.0,0.0,0.0
1.33632,0.38,1.182,1.18564,0.02042923,0.01708357,2.925971e-05,3.769932e-05,0.02039997,0.01704587,2.787338e-10,0.0,0.0,0.0
1.33721,0.38,1.183,1.18664,0.0204405,0.01711442,2.906719e-05,3.748133e-05,0.02041143,0.01707694,2.681317e-10,0.0,0.0,0.0
1.33809,0.38,1.184,1.18764,0.02045172,0.01714535,2.887575e-05,3.726434e-05,0.02042284,0.01710809,2.579199e-10,0.0,0.0,0.0
1.33898,0.38,1.185,1.18864,0.0204629,0.01717638,2.868537e-05,3.704834e-05,0.02043421,0.01713933,2.480846e-10,0.0,0.0,0.0
1.33987,0.38,1.186,1.18964,0.02047403,0.01720748,2.849606e-05,3.683334e-05,0.02044554,0.01717065,2.386123e-10,0.0,0.0,0.0
1.34076,0.38,1.187,1.19064,0.02048514,0.01723867,2.83078e-05,3.661932e-05,0.02045683,0.01720205,2.294903e-10,0.0,0.0,0.0
1.34165,0.38,1.188,1.19164,0.0205048,0.01726599,2.81206e-05,3.64063e-05,0.02047668,0.01722959,2.207059e-10,0.0,0.0,0.0
1.34253,0.38,1.189,1.19264,0.02051802,0.01729497,2.793445e-05,3.619425e-05,0.02049008,0.01725878,2.122471e-10,0.0,0.0,0.0
1.34342,0.38,1.19,1.19364,0.02053737,0.01732467,2.774934e-05,3.598318e-05,0.02050962,0.01728868,2.041022e-10,0.0,0.0,0.0
1.34431,0.38,1.191,1.19464,0.02055187,0.01735471,2.756527e-05,3.577309e-05,0.0205243,0.01731894,1.962601e-10,0.0,0.0,0.0
1.3452,0.38,1.192,1.19564,0.02056431,0.01738499,2.738222e-05,3.556397e-05,0.02053693,0.01734943,1.887098e-10,0.0,0.0,0.0
1.34609,0.38,1.193,1.19664,0.02057622,0.01741545,2.720021e-05,3.535581e-05,0.02054902,0.01738009,1.814409e-10,0.0,0.0,0.0
1.34698,0.38,1.194,1.19764,0.02058786,0.01744606,2.701922e-05,3.514862e-05,0.02056084,0.01741092,1.744432e-10,0.0,0.0,0.0
1.34787,0.38,1.195,1.19864,0.02059931,0.01747681,2.683924e-05,3.494239e-05,0.02057247,0.01744187,1.67707e-10,0.0,0.0,0.0
1.34876,0.38,1.196,1.19964,0.02061064,0.01750767,2.666028e-05,3.473711e-05,0.02058397,0.01747294,1.612229e-10,0.0,0.0,0.0
1.34965,0.38,1.197,1.20064,0.02062186,0.01753865,2.648233e-05,3.453279e-05,0.02059537,0.01750411,1.549816e-10,0.0,0.0,0.0
1.35053,0.38,1.198,1.20164,0.020633,0.01756972,2.630537e-05,3.432942e-05,0.02060669,0.01753539,1.489745e-10,0.0,0.0,0.0
1.35142,0.38,1.199,1.20264,0.02064407,0.01760089,2.612941e-05,3.412699e-05,0.02061794,0.01756677,1.431931e-10,0.0,0.0,0.0
1.35231,0.38,1.2,1.20364,0.02065509,0.01763216,2.595445e-05,3.392551e-05,0.02062913,0.01759823,1.376291e-10,0.0,0.0,0.0
1.3532,0.38,1.201,1.20464,0.02066605,0.01766351,2.578047e-05,3.372496e-05,0.02064027,0.01762979,1.322747e-10,0.0,0.0,0.0
1.3541,0.38,1.202,1.20564,0.02067698,0.01769495,2.560747e-05,3.352535e-05,0.02065137,0.01766142,1.271222e-10,0.0,0.0,0.0
1.35499,0.38,1.203,1.20664,0.02068787,0.01772647,2.543545e-05,3.332667e-05,0.02066243,0.01769315,1.221643e-10,0.0,0.0,0.0
1.35588,0.38,1.204,1.20764,0.02069872,0.01775808,2.526441e-05,3.312892e-05,0.02067346,0.01772495,1.173939e-10,0.0,0.0,0.0
1.35677,0.38,1.205,1.20864,0.02071743,0.01778613,2.509433e-05,3.293209e-05,0.02069234,0.01775319,1.128041e-10,0.0,0.0,0.0
1.35766,0.38,1.206,1.20964,0.02073037,0.01781555,2.492521e-05,3.273619e-05,0.02070544,0.01778281,1.083883e-10,0.0,0.0,0.0
1.35855,0.38,1.207,1.21064,0.02074819,0.0178457,2.475705e-05,3.25412e-05,0.02072343,0.01781316,1.041402e-10,0.0,0.0,0.0
1.35944,0.38,1.208,1.21164,0.02076295,0.0178762,2.458985e-05,3.234713e-05,0.02073836,0.01784386,1.000535e-10,0.0,0.0,0.0
1.36033,0.38,1.209,1.21264,0.02077512,0.01790694,2.442359e-05,3.215396e-05,0.02075069,0.01787478,9.612242e-11,0.0,0.0,0.0
1.36122,0.38,1.21,1.21364,0.02078675,0.01793785,2.425828e-05,3.196171e-05,0.0207625,0.01790589,9.234113e-11,0.0,0.0,0.0
1.36211,0.38,1.211,1.21464,0.02079812,0.01796892,2.409391e-05,3.177036e-05,0.02077402,0.01793715,8.870414e-11,0.0,0.0,0.0
1.36301,0.38,1.212,1.21564,0.0208093,0.01800011,2.393047e-05,3.157991e-05,0.02078537,0.01796853,8.520612e-11,0.0,0.0,0.0
1.3639,0.38,1.213,1.21664,0.02082036,0.01803143,2.376796e-05,3.139036e-05,0.02079659,0.01800004,8.184195e-11,0.0,0.0,0.0
1.36479,0.38,1.214,1.21764,0.02083132,0.01806285,2.360638e-05,3.120171e-05,0.02080772,0.01803164,7.860666e-11,0.0,0.0,0.0
1.36568,0.38,1.215,1.21864,0.0208422,0.01809437,2.344572e-05,3.101395e-05,0.02081876,0.01806335,7.549548e-11,0.0,0.0,0.0
1.36658,0.38,1.216,1.21964,0.02085302,0.01812599,2.328597e-05,3.082707e-05,0.02082973,0.01809516,7.25038e-11,0.0,0.0,0.0
1.36747,0.38,1.217,1.22064,0.02086377,0.0181577,2.312714e-05,3.064108e-05,0.02084065,0.01812706,6.962718e-11,0.0,0.0,0.0
1.36836,0.38,1.218,1.22164,0.02087449,0.01818949,2.296921e-05,3.045597e-05,0.02085152,0.01815904,6.686134e-11,0.0,0.0,0.0
1.36925,0.38,1.219,1.22264,0.02088515,0.01822138,2.281219e-05,3.027174e-05,0.02086234,0.01819111,6.420214e-11,0.0,0.0,0.0
1.37015,0.38,1.22,1.22364,0.02089579,0.01825334,2.265607e-05,3.008839e-05,0.02087313,0.01822326,6.164562e-11,0.0,0.0,0.0
1.37104,0.38,1.221,1.22464,0.02090638,0.01828539,2.250084e-05,2.99059e-05,0.02088388,0.01825549,5.918793e-11,0.0,0.0,0.0
1.37193,0.38,1.222,1.22564,0.02092202,0.01831585,2.23465e-05,2.972429e-05,0.02089967,0.01828612,5.682538e-11,0.0,0.0,0.0
1.37283,0.38,1.223,1.22664,0.02093614,0.0183449,2.219304e-05,2.954354e-05,0.02091394,0.01831536,5.455439e-11,0.0,0.0,0.0
1.37372,0.38,1.224,1.22764,0.02094804,0.01837537,2.204047e-05,2.936366e-05,0.020926,0.018346,5.237153e-11,0.0,0.0,0.0
1.37461,0.38,1.225,1.22864,0.02096716,0.01840627,2.188878e-05,2.918463e-05,0.02094527,0.01837709,5.02735e-11,0.0,0.0,0.0
1.37551,0.38,1.226,1.22964,0.02097948,0.01843744,2.173795e-05,2.900647e-05,0.02095774,0.01840844,4.825709e-11,0.0,0.0,0.0
1.3764,0.38,1.227,1.23064,0.02099098,0.01846881,2.1588e-05,2.882915e-05,0.02096939,0.01843998,4.631924e-11,0.0,0.0,0.0
1.3773,0.38,1.228,1.23164,0.02100214,0.01850034,2.143891e-05,2.865269e-05,0.0209807,0.01847168,4.445697e-11,0.0,0.0,0.0
1.37819,0.38,1.229,1.23264,0.0210131,0.01853199,2.129068e-05,2.847708e-05,0.02099181,0.01850352,4.266744e-11,0.0,0.0,0.0
1.37908,0.38,1.23,1.23364,0.02102392,0.01856377,2.114331e-05,2.830231e-05,0.02100278,0.01853547,4.094789e-11,0.0,0.0,0.0
1.37998,0.38,1.231,1.23464,0.02103464,0.01859566,2.099679e-05,2.812838e-05,0.02101364,0.01856753,3.929567e-11,0.0,0.0,0.0
1.38087,0.38,1.232,1.23564,0.02104527,0.01862766,2.085112e-05,2.795529e-05,0.02102442,0.0185997,3.770822e-11,0.0,0.0,0.0
1.38177,0.38,1.233,1.23664,0.02105583,0.01865974,2.070629e-05,2.778304e-05,0.02103512,0.01863196,3.618309e-11,0.0,0.0,0.0
1.38266,0.38,1.234,1.23764,0.02106634,0.01869193,2.05623e-05,2.761162e-05,0.02104577,0.01866431,3.47179e-11,0.0,0.0,0.0
1.38356,0.38,1.235,1.23864,0.02107679,0.0187242,2.041915e-05,2.744103e-05,0.02105637,0.01869676,3.331038e-11,0.0,0.0,0.0
1.38445,0.38,1.236,1.23964,0.0210872,0.01875655,2.027683e-05,2.727126e-05,0.02106693,0.01872928,3.195831e-11,0.0,0.0,0.0
1.38535,0.38,1.237,1.24064,0.02109758,0.01878899,2.013534e-05,2.710233e-05,0.02107744,0.01876189,3.065959e-11,0.0,0.0,0.0
1.38625,0.38,1.238,1.24164,0.02110792,0.01882152,1.999467e-05,2.693421e-05,0.02108792,0.01879458,2.941217e-11,0.0,0.0,0.0
1.38714,0.38,1.239,1.24264,0.02111822,0.01885412,1.985482e-05,2.676691e-05,0.02109837,0.01882735,2.821408e-11,0.0,0.0,0.0
1.38804,0.38,1.24,1.24364,0.0211341,0.01888457,1.971579e-05,2.660043e-05,0.02111438,0.01885797,2.706345e-11,0.0,0.0,0.0
1.38893,0.38,1.241,1.24464,0.02114701,0.0189147,1.957757e-05,2.643477e-05,0.02112743,0.01888826,2.595843e-11,0.0,0.0,0.0
1.38983,0.38,1.242,1.24564,0.02115846,0.01894586,1.944016e-05,2.626991e-05,0.02113902,0.01891959,2.489729e-11,0.0,0.0,0.0
1.39073,0.38,1.243,1.24664,0.02117682,0.01897741,1.930355e-05,2.610586e-05,0.02115752,0.01895131,2.387833e-11,0.0,0.0,0.0
1.39162,0.38,1.244,1.24764,0.0211886,0.01900921,1.916774e-05,2.594262e-05,0.02116944,0.01898327,2.289992e-11,0.0,0.0,0.0
1.39252,0.38,1.245,1.24864,0.02119971,0.01904119,1.903274e-05,2.578018e-05,0.02118068,0.01901541,2.19605e-11,0.0,0.0,0.0
1.39342,0.38,1.246,1.24964,0.02121052,0.01907332,1.889852e-05,2.561854e-05,0.02119162,0.0190477,2.105856e-11,0.0,0.0,0.0
1.39431,0.38,1.247,1.25064,0.02122115,0.01910558,1.87651e-05,2.54577e-05,0.02120239,0.01908012,2.019265e-11,0.0,0.0,0.0
1.39521,0.38,1.248,1.25164,0.02123165,0.01913796,1.863246e-05,2.529765e-05,0.02121302,0.01911266,1.936138e-11,0.0,0.0,0.0
1.39611,0.38,1.249,1.25264,0.02124206,0.01917044,1.85006e-05,2.513839e-05,0.02122356,0.0191453,1.85634e-11,0.0,0.0,0.0
1.397,0.38,1.25,1.25364,0.02125239,0.01920303,1.836952e-05,2.497993e-05,0.02123402,0.01917805,1.779741e-11,0.0,0.0,0.0
1.3979,0.38,1.251,1.25464,0.02126265,0.0192357,1.823922e-05,2.482225e-05,0.02124441,0.01921088,1.706218e-11,0.0,0.0,0.0
1.3988,0.38,1.252,1.25564,0.02127286,0.01926847,1.810969e-05,2.466535e-05,0.02125475,0.01924381,1.63565e-11,0.0,0.0,0.0
1.3997,0.38,1.253,1.25664,0.02128302,0.01930133,1.798092e-05,2.450924e-05,0.02126504,0.01927682,1.567922e-11,0.0,0.0,0.0
1.40059,0.38,1.254,1.25764,0.02129315,0.01933427,1.785293e-05,2.435391e-05,0.02127529,0.01930992,1.502923e-11,0.0,0.0,0.0
1.40149,0.38,1.255,1.25864,0.02130323,0.0193673,1.772569e-05,2.419935e-05,0.0212855,0.0193431,1.440546e-11,0.0,0.0,0.0
1.40239,0.38,1.256,1.25964,0.02131328,0.0194004,1.759921e-05,2.404557e-05,0.02129568,0.01937636,1.380689e-11,0.0,0.0,0.0
1.40329,0.38,1.257,1.26064,0.02132331,0.01943358,1.747348e-05,2.389257e-05,0.02130583,0.01940969,1.323253e-11,0.0,0.0,0.0
1.40419,0.38,1.258,1.26164,0.0213333,0.01946685,1.734851e-05,2.374033e-05,0.02131595,0.01944311,1.268142e-11,0.0,0.0,0.0
1.40509,0.38,1.259,1.26264,0.02135042,0.01949617,1.722428e-05,2.358886e-05,0.0213332,0.01947258,1.215266e-11,0.0,0.0,0.0
1.40598,0.38,1.26,1.26364,0.0213617,0.01952784,1.71008e-05,2.343815e-05,0.0213446,0.0195044,1.164536e-11,0.0,0.0,0.0
1.40688,0.38,1.261,1.26464,0.02137858,0.01955998,1.697806e-05,2.328821e-05,0.0213616,0.01953669,1.115868e-11,0.0,0.0,0.0
1.40778,0.38,1.262,1.26564,0.02139049,0.01959237,1.685605e-05,2.313903e-05,0.02137363,0.01956923,1.06918e-11,0.0,0.0,0.0
1.40868,0.38,1.263,1.26664,0.02140138,0.01962496,1.673478e-05,2.299061e-05,0.02138465,0.01960197,1.024394e-11,0.0,0.0,0.0
1.40958,0.38,1.264,1.26764,0.02141194,0.0196577,1.661424e-05,2.284294e-05,0.02139532,0.01963486,9.814349e-12,0.0,0.0,0.0
1.41048,0.38,1.265,1.26864,0.02142229,0.01969057,1.649443e-05,2.269603e-05,0.0214058,0.01966788,9.402302e-12,0.0,0.0,0.0
1.41138,0.38,1.266,1.26964,0.02143252,0.01972356,1.637535e-05,2.254988e-05,0.02141615,0.01970101,9.007104e-12,0.0,0.0,0.0
1.41228,0.38,1.267,1.27064,0.02144265,0.01975666,1.625698e-05,2.240447e-05,0.02142639,0.01973426,8.628083e-12,0.0,0.0,0.0
1.41318,0.38,1.268,1.27164,0.0214527,0.01978986,1.613933e-05,2.225981e-05,0.02143656,0.0197676,8.264597e-12,0.0,0.0,0.0
1.41408,0.38,1.269,1.27264,0.02146268,0.01982315,1.60224e-05,2.211589e-05,0.02144666,0.01980103,7.916028e-12,0.0,0.0,0.0
1.41498,0.38,1.27,1.27364,0.02147262,0.01985653,1.590618e-05,2.197272e-05,0.02145671,0.01983456,7.581779e-12,0.0,0.0,0.0
1.41588,0.38,1.271,1.27464,0.0214825,0.01989,1.579067e-05,2.183029e-05,0.02146671,0.01986817,7.26128e-12,0.0,0.0,0.0
1.41678,0.38,1.272,1.27564,0.02149235,0.01992356,1.567587e-05,2.168861e-05,0.02147667,0.01990187,6.95398e-12,0.0,0.0,0.0
1.41768,0.38,1.273,1.27664,0.02150216,0.01995719,1.556177e-05,2.154766e-05,0.0214866,0.01993565,6.659351e-12,0.0,0.0,0.0
1.41858,0.38,1.274,1.27764,0.02151194,0.01999091,1.544837e-05,2.140744e-05,0.02149649,0.0199695,6.376886e-12,0.0,0.0,0.0
1.41948,0.38,1.275,1.27864,0.02152169,0.02002471,1.533566e-05,2.126796e-05,0.02150635,0.02000344,6.106095e-12,0.0,0.0,0.0
1.42038,0.38,1.276,1.27964,0.02153141,0.02005858,1.522366e-05,2.112922e-05,0.02151618,0.02003745,5.846511e-12,0.0,0.0,0.0
1.42128,0.38,1.277,1.28064,0.02154557,0.02009078,1.511234e-05,2.09912e-05,0.02153045,0.02006978,5.597681e-12,0.0,0.0,0.0
1.42218,0.38,1.278,1.28164,0.02155774,0.0201223,1.500171e-05,2.085392e-05,0.02154274,0.02010144,5.359172e-12,0.0,0.0,0.0
1.42309,0.38,1.279,1.28264,0.02156847,0.02015487,1.489177e-05,2.071736e-05,0.02155358,0.02013416,5.130569e-12,0.0,0.0,0.0
1.42399,0.38,1.28,1.28364,0.0215849,0.02018782,1.478251e-05,2.058153e-05,0.02157011,0.02016724,4.911471e-12,0.0,0.0,0.0
1.42489,0.38,1.281,1.28464,0.02159602,0.020221,1.467394e-05,2.044642e-05,0.02158134,0.02020055,4.701494e-12,0.0,0.0,0.0
1.42579,0.38,1.282,1.28564,0.02160646,0.02025435,1.456604e-05,2.031204e-05,0.0215919,0.02023404,4.500268e-12,0.0,0.0,0.0
1.42669,0.38,1.283,1.28664,0.02161663,0.02028784,1.445882e-05,2.017838e-05,0.02160217,0.02026766,4.307438e-12,0.0,0.0,0.0
1.42759,0.38,1.284,1.28764,0.02162664,0.02032146,1.435227e-05,2.004544e-05,0.02161229,0.02030141,4.122665e-12,0.0,0.0,0.0
1.4285,0.38,1.285,1.28864,0.02163653,0.02035519,1.424639e-05,1.991321e-05,0.02162229,0.02033527,3.945619e-12,0.0,0.0,0.0
1.4294,0.38,1.286,1.28964,0.02164634,0.02038902,1.414118e-05,1.978171e-05,0.0216322,0.02036924,3.775988e-12,0.0,0.0,0.0
1.4303,0.38,1.287,1.29064,0.02165608,0.02042295,1.403664e-05,1.965092e-05,0.02164204,0.0204033,3.613468e-12,0.0,0.0,0.0
1.4312,0.38,1.288,1.29164,0.02166576,0.02045697,1.393276e-05,1.952085e-05,0.02165183,0.02043745,3.457769e-12,0.0,0.0,0.0
1.4321,0.38,1.289,1.29264,0.02167539,0.02049108,1.382954e-05,1.939149e-05,0.02166156,0.02047169,3.308614e-12,0.0,0.0,0.0
1.43301,0.38,1.29,1.29364,0.02168498,0.02052527,1.372698e-05,1.926284e-05,0.02167125,0.02050601,3.165733e-12,0.0,0.0,0.0
1.43391,0.38,1.291,1.29464,0.02169453,0.02055955,1.362508e-05,1.913491e-05,0.02168091,0.02054041,3.028871e-12,0.0,0.0,0.0
1.43481,0.38,1.292,1.29564,0.02170406,0.02059391,1.352383e-05,1.900768e-05,0.02169053,0.0205749,2.897781e-12,0.0,0.0,0.0
1.43572,0.38,1.293,1.29664,0.02171355,0.02062835,1.342323e-05,1.888117e-05,0.02170012,0.02060947,2.772225e-12,0.0,0.0,0.0
1.43662,0.38,1.294,1.29764,0.02172301,0.02066286,1.332329e-05,1.875537e-05,0.02170969,0.02064411,2.651976e-12,0.0,0.0,0.0
1.43752,0.38,1.295,1.29864,0.02173245,0.02069745,1.322399e-05,1.863028e-05,0.02171922,0.02067882,2.536816e-12,0.0,0.0,0.0
1.43843,0.38,1.296,1.29964,0.02174186,0.02073212,1.312534e-05,1.850589e-05,0.02172874,0.02071361,2.426535e-12,0.0,0.0,0.0
1.43933,0.38,1.297,1.30064,0.02175734,0.02076325,1.302734e-05,1.838222e-05,0.02174431,0.02074487,2.320932e-12,0.0,0.0,0.0
1.44023,0.38,1.298,1.30164,0.02176784,0.02079653,1.292998e-05,1.825925e-05,0.02175491,0.02077827,2.219814e-12,0.0,0.0,0.0
1.44114,0.38,1.299,1.30264,0.02178295,0.02083022,1.283326e-05,1.813699e-05,0.02177011,0.02081208,0.0,0.0,0.0,0.0
1.44204,0.38,1.3,1.30364,0.02179408,0.02086415,1.273718e-05,1.801544e-05,0.02178135,0.02084613,0.0,0.0,0.0,0.0
1.44295,0.38,1.301,1.30464,0.02180428,0.02089825,1.264174e-05,1.789459e-05,0.02179164,0.02088036,0.0,0.0,0.0,0.0
1.44385,0.38,1.302,1.30564,0.02181418,0.0209325,1.254693e-05,1.777445e-05,0.02180164,0.02091473,0.0,0.0,0.0,0.0
1.44475,0.38,1.303,1.30664,0.02182392,0.02096687,1.245276e-05,1.765502e-05,0.02181146,0.02094922,0.0,0.0,0.0,0.0
1.44566,0.38,1.304,1.30764,0.02183353,0.02100136,1.235923e-05,1.75363e-05,0.02182117,0.02098382,0.0,0.0,0.0,0.0
1.44656,0.38,1.305,1.30864,0.02184307,0.02103594,1.226633e-05,1.741829e-05,0.0218308,0.02101852,0.0,0.0,0.0,0.0
1.44747,0.38,1.306,1.30964,0.02185253,0.02107062,1.217406e-05,1.730099e-05,0.02184036,0.02105332,0.0,0.0,0.0,0.0
1.44837,0.38,1.307,1.31064,0.02186194,0.0211054,1.208242e-05,1.71844e-05,0.02184986,0.02108821,0.0,0.0,0.0,0.0
1.44928,0.38,1.308,1.31164,0.02187131,0.02114026,1.199142e-05,1.706852e-05,0.02185931,0.02112319,0.0,0.0,0.0,0.0
1.45018,0.38,1.309,1.31264,0.02188063,0.02117521,1.190104e-05,1.695335e-05,0.02186873,0.02115825,0.0,0.0,0.0,0.0
1.45109,0.38,1.31,1.31364,0.02188992,0.02121024,1.181129e-05,1.68389e-05,0.02187811,0.0211934,0.0,0.0,0.0,0.0
1.45199,0.38,1.311,1.31464,0.02189918,0.02124534,1.172217e-05,1.672516e-05,0.02188746,0.02122862,0.0,0.0,0.0,0.0
1.4529,0.38,1.312,1.31564,0.02190841,0.02128053,1.163368e-05,1.661214e-05,0.02189677,0.02126392,0.0,0.0,0.0,0.0
1.4538,0.38,1.313,1.31664,0.02191761,0.0213158,1.154582e-05,1.649985e-05,0.02190607,0.0212993,0.0,0.0,0.0,0.0
1.45471,0.38,1.314,1.31764,0.02192679,0.02135114,1.145859e-05,1.638827e-05,0.02191533,0.02133475,0.0,0.0,0.0,0.0
1.45562,0.38,1.315,1.31864,0.02193595,0.02138656,1.137198e-05,1.627742e-05,0.02192458,0.02137028,0.0,0.0,0.0,0.0
1.45652,0.38,1.316,1.31964,0.02194908,0.02142029,1.128601e-05,1.61673e-05,0.0219378,0.02140413,0.0,0.0,0.0,0.0
1.45743,0.38,1.317,1.32064,0.02196013,0.02145377,1.120066e-05,1.605791e-05,0.02194893,0.02143771,0.0,0.0,0.0,0.0
1.45833,0.38,1.318,1.32164,0.02197011,0.02148808,1.111595e-05,1.594926e-05,0.02195899,0.02147213,0.0,0.0,0.0,0.0
1.45924,0.38,1.319,1.32264,0.02198487,0.02152272,1.103187e-05,1.584135e-05,0.02197384,0.02150688,0.0,0.0,0.0,0.0
1.46015,0.38,1.32,1.32364,0.02199522,0.02155757,1.094842e-05,1.573418e-05,0.02198427,0.02154184,0.0,0.0,0.0,0.0
1.46105,0.38,1.321,1.32464,0.022005,0.02159258,1.086561e-05,1.562777e-05,0.02199413,0.02157695,0.0,0.0,0.0,0.0
1.46196,0.38,1.322,1.32564,0.02201454,0.02162771,1.078344e-05,1.552211e-05,0.02200376,0.02161219,0.0,0.0,0.0,0.0
1.46287,0.38,1.323,1.32664,0.02202395,0.02166297,1.07019e-05,1.541721e-05,0.02201325,0.02164755,0.0,0.0,0.0,0.0
1.46377,0.38,1.324,1.32764,0.02203326,0.02169833,1.062102e-05,1.531308e-05,0.02202264,0.02168301,0.0,0.0,0.0,0.0
1.46468,0.38,1.325,1.32864,0.0220425,0.02173379,1.054077e-05,1.520973e-05,0.02203196,0.02171858,0.0,0.0,0.0,0.0
1.46559,0.38,1.326,1.32964,0.02205168,0.02176934,1.046118e-05,1.510717e-05,0.02204122,0.02175423,0.0,0.0,0.0,0.0
1.4665,0.38,1.327,1.33064,0.02206082,0.02180498,1.038224e-05,1.50054e-05,0.02205044,0.02178997,0.0,0.0,0.0,0.0
1.4674,0.38,1.328,1.33164,0.02206991,0.0218407,1.030397e-05,1.490443e-05,0.02205961,0.0218258,0.0,0.0,0.0,0.0
1.46831,0.38,1.329,1.33264,0.02207897,0.02187651,1.022636e-05,1.480429e-05,0.02206875,0.02186171,0.0,0.0,0.0,0.0
1.46922,0.38,1.33,1.33364,0.022088,0.02191241,1.014942e-05,1.470497e-05,0.02207785,0.0218977,0.0,0.0,0.0,0.0
1.47013,0.38,1.331,1.33464,0.022097,0.02194838,1.007316e-05,1.460649e-05,0.02208693,0.02193377,0.0,0.0,0.0,0.0
1.47103,0.38,1.332,1.33564,0.02210598,0.02198442,9.997586e-06,1.450888e-05,0.02209598,0.02196992,0.0,0.0,0.0,0.0
1.47194,0.38,1.333,1.33664,0.02211493,0.02202055,9.92271e-06,1.441214e-05,0.02210501,0.02200614,0.0,0.0,0.0,0.0
1.47285,0.38,1.334,1.33764,0.02212386,0.02205675,9.848541e-06,1.431629e-05,0.02211401,0.02204243,0.0,0.0,0.0,0.0
1.47376,0.38,1.335,1.33864,0.02213277,0.02209302,9.775091e-06,1.422137e-05,0.022123,0.0220788,0.0,0.0,0.0,0.0
1.47467,0.38,1.336,1.33964,0.0221438,0.02212878,9.702372e-06,1.412738e-05,0.0221341,0.02211465,0.0,0.0,0.0,0.0
1.47558,0.38,1.337,1.34064,0.02215568,0.02216254,9.630399e-06,1.403435e-05,0.02214605,0.02214851,0.0,0.0,0.0,0.0
1.47648,0.38,1.338,1.34164,0.02216545,0.02219772,9.55919e-06,1.394233e-05,0.02215589,0.02218378,0.0,0.0,0.0,0.0
1.47739,0.38,1.339,1.34264,0.02217904,0.02223325,9.488763e-06,1.385133e-05,0.02216956,0.02221939,0.0,0.0,0.0,0.0
1.4783,0.38,1.34,1.34364,0.02218941,0.02226899,9.41914e-06,1.37614e-05,0.02217999,0.02225523,0.0,0.0,0.0,0.0
1.47921,0.38,1.341,1.34464,0.02219897,0.02230489,9.350346e-06,1.367258e-05,0.02218962,0.02229122,0.0,0.0,0.0,0.0
1.48012,0.38,1.342,1.34564,0.02220828,0.02234093,9.28241e-06,1.358492e-05,0.022199,0.02232734,0.0,0.0,0.0,0.0
1.48103,0.38,1.343,1.34664,0.02221745,0.02237708,9.215364e-06,1.349847e-05,0.02220824,0.02236358,0.0,0.0,0.0,0.0
1.48194,0.38,1.344,1.34764,0.02222653,0.02241334,9.149247e-06,1.341331e-05,0.02221738,0.02239992,0.0,0.0,0.0,0.0
1.48285,0.38,1.345,1.34864,0.02223554,0.02244969,9.084103e-06,1.332949e-05,0.02222645,0.02243636,0.0,0.0,0.0,0.0
1.48376,0.38,1.346,1.34964,0.02224449,0.02248614,9.019982e-06,1.324712e-05,0.02223547,0.0224729,0.0,0.0,0.0,0.0
1.48467,0.38,1.347,1.35064,0.0222534,0.02252268,8.956948e-06,1.316629e-05,0.02224444,0.02250952,0.0,0.0,0.0,0.0
1.48558,0.38,1.348,1.35164,0.02226227,0.02255931,8.895072e-06,1.308713e-05,0.02225338,0.02254622,0.0,0.0,0.0,0.0
1.48649,0.38,1.349,1.35264,0.02227112,0.02259602,8.83444e-06,1.300977e-05,0.02226228,0.02258301,0.0,0.0,0.0,0.0
1.4874,0.38,1.35,1.35364,0.02227993,0.02263281,8.77516e-06,1.29344e-05,0.02227115,0.02261987,0.0,0.0,0.0,0.0
1.48831,0.38,1.351,1.35464,0.02228872,0.02266968,8.717359e-06,1.286123e-05,0.02228,0.02265682,0.0,0.0,0.0,0.0
1.48922,0.38,1.352,1.35564,0.02229748,0.02270663,8.6612e-06,1.279052e-05,0.02228882,0.02269384,0.0,0.0,0.0,0.0
1.49013,0.38,1.353,1.35664,0.02230623,0.02274366,8.606884e-06,1.272261e-05,0.02229762,0.02273094,0.0,0.0,0.0,0.0
1.49104,0.38,1.354,1.35764,0.02231496,0.02278077,8.554674e-06,1.265794e-05,0.02230641,0.02276811,0.0,0.0,0.0,0.0
1.49195,0.38,1.355,1.35864,0.02232367,0.02281795,8.504916e-06,1.259707e-05,0.02231517,0.02280535,0.0,0.0,0.0,0.0
1.49286,0.38,1.356,1.35964,0.02233238,0.02285521,8.458076e-06,1.254077e-05,0.02232392,0.02284267,0.0,0.0,0.0,0.0
1.49377,0.38,1.357,1.36064,0.0223444,0.02289099,8.414811e-06,1.249012e-05,0.02233598,0.0228785,0.0,0.0,0.0,0.0
1.49468,0.38,1.358,1.36164,0.02235464,0.02292661,8.376083e-06,1.24467e-05,0.02234626,0.02291416,0.0,0.0,0.0,0.0
1.49559,0.38,1.359,1.36264,0.02236404,0.02296296,8.343383e-06,1.241297e-05,0.02235569,0.02295055,0.0,0.0,0.0,0.0
1.4965,0.38,1.36,1.36364,0.02237731,0.02299962,8.319219e-06,1.239306e-05,0.02236899,0.02298722,0.0,0.0,0.0,0.0
1.49741,0.38,1.361,1.36464,0.02238709,0.02303648,8.308325e-06,1.239473e-05,0.02237878,0.02302409,0.0,0.0,0.0,0.0
1.49833,0.38,1.362,1.36564,0.02239638,0.02307353,8.321516e-06,1.243579e-05,0.02238806,0.02306109,0.0,0.0,0.0,0.0
1.49924,0.38,1.363,1.36664,0.02240554,0.0231108,8.395348e-06,1.257639e-05,0.02239715,0.02309822,0.0,0.0,0.0,0.0
1.50015,0.38,1.364,1.36764,0.02241632,0.02315106,1.020306e-05,1.56002e-05,0.02240611,0.02313546,0.0,0.0,0.0,0.0
1.50106,0.38,1.365,1.36864,0.02242513,0.02318829,1.0122e-05,1.548818e-05,0.022415,0.0231728,0.0,0.0,0.0,0.0
1.50197,0.38,1.366,1.36964,0.02243388,0.02322561,1.004142e-05,1.537671e-05,0.02242383,0.02321024,0.0,0.0,0.0,0.0
1.50288,0.38,1.367,1.37064,0.02244258,0.02326303,9.961311e-06,1.526578e-05,0.02243262,0.02324776,0.0,0.0,0.0,0.0
1.5038,0.38,1.368,1.37164,0.02245124,0.02330052,9.881683e-06,1.51554e-05,0.02244136,0.02328537,0.0,0.0,0.0,0.0
1.50471,0.38,1.369,1.37264,0.02245987,0.0233381,9.802529e-06,1.504557e-05,0.02245007,0.02332306,0.0,0.0,0.0,0.0
1.50562,0.38,1.37,1.37364,0.02246848,0.02337577,9.723846e-06,1.493627e-05,0.02245875,0.02336083,0.0,0.0,0.0,0.0
1.50653,0.38,1.371,1.37464,0.02247706,0.02341351,9.645633e-06,1.482752e-05,0.02246741,0.02339868,0.0,0.0,0.0,0.0
1.50745,0.38,1.372,1.37564,0.02248562,0.02345133,9.567887e-06,1.47193e-05,0.02247605,0.02343661,0.0,0.0,0.0,0.0
1.50836,0.38,1.373,1.37664,0.02249415,0.02348922,9.490607e-06,1.461162e-05,0.02248466,0.02347461,0.0,0.0,0.0,0.0
1.50927,0.38,1.374,1.37764,0.02250267,0.02352719,9.413789e-06,1.450447e-05,0.02249326,0.02351269,0.0,0.0,0.0,0.0
1.51018,0.38,1.375,1.37864,0.02251118,0.02356524,9.337431e-06,1.439786e-05,0.02250184,0.02355084,0.0,0.0,0.0,0.0
1.5111,0.38,1.376,1.37964,0.02251967,0.02360335,9.261532e-06,1.429178e-05,0.0225104,0.02358906,0.0,0.0,0.0,0.0
1.51201,0.38,1.377,1.38064,0.02252814,0.02364154,9.186089e-06,1.418623e-05,0.02251896,0.02362736,0.0,0.0,0.0,0.0
1.51292,0.38,1.378,1.38164,0.0225366,0.02367981,9.111101e-06,1.40812e-05,0.02252749,0.02366572,0.0,0.0,0.0,0.0
1.51384,0.38,1.379,1.38264,0.02254917,0.02371544,9.036564e-06,1.39767e-05,0.02254014,0.02370147,0.0,0.0,0.0,0.0
1.51475,0.38,1.38,1.38364,0.02255839,0.02375268,8.962477e-06,1.387272e-05,0.02254943,0.02373881,0.0,0.0,0.0,0.0
1.51566,0.38,1.381,1.38464,0.0225703,0.02379025,8.888837e-06,1.376927e-05,0.02256142,0.02377648,0.0,0.0,0.0,0.0
1.51658,0.38,1.382,1.38564,0.02258033,0.02382802,8.815644e-06,1.366633e-05,0.02257151,0.02381435,0.0,0.0,0.0,0.0
1.51749,0.38,1.383,1.38664,0.02258939,0.02386594,8.742893e-06,1.356391e-05,0.02258065,0.02385237,0.0,0.0,0.0,0.0
1.5184,0.38,1.384,1.38764,0.02259823,0.02390398,8.670584e-06,1.346201e-05,0.02258956,0.02389052,0.0,0.0,0.0,0.0
1.51932,0.38,1.385,1.38864,0.02260694,0.02394213,8.598714e-06,1.336062e-05,0.02259834,0.02392877,0.0,0.0,0.0,0.0
1.52023,0.38,1.386,1.38964,0.02261558,0.02398038,8.527281e-06,1.325975e-05,0.02260705,0.02396712,0.0,0.0,0.0,0.0
1.52115,0.38,1.387,1.39064,0.02262416,0.02401873,8.456284e-06,1.315939e-05,0.0226157,0.02400557,0.0,0.0,0.0,0.0
1.52206,0.38,1.388,1.39164,0.02263269,0.02405717,8.385719e-06,1.305953e-05,0.02262431,0.02404411,0.0,0.0,0.0,0.0
1.52298,0.38,1.389,1.39264,0.02264119,0.02409569,8.315585e-06,1.296019e-05,0.02263288,0.02408273,0.0,0.0,0.0,0.0
1.52389,0.38,1.39,1.39364,0.02264966,0.02413429,8.24588e-06,1.286135e-05,0.02264141,0.02412143,0.0,0.0,0.0,0.0
1.5248,0.38,1.391,1.39464,0.0226581,0.02417298,8.176603e-06,1.276301e-05,0.02264993,0.02416021,0.0,0.0,0.0,0.0
1.52572,0.38,1.392,1.39564,0.02266652,0.02421174,8.10775e-06,1.266518e-05,0.02265841,0.02419908,0.0,0.0,0.0,0.0
1.52663,0.38,1.393,1.39664,0.02267492,0.02425058,8.039319e-06,1.256784e-05,0.02266688,0.02423801,0.0,0.0,0.0,0.0
1.52755,0.38,1.394,1.39764,0.02268331,0.0242895,7.97131e-06,1.247101e-05,0.02267534,0.02427703,0.0,0.0,0.0,0.0
1.52846,0.38,1.395,1.39864,0.02269167,0.02432849,7.90372e-06,1.237467e-05,0.02268377,0.02431612,0.0,0.0,0.0,0.0
1.52938,0.38,1.396,1.39964,0.02270003,0.02436756,7.836546e-06,1.227883e-05,0.02269219,0.02435528,0.0,0.0,0.0,0.0
1.53029,0.38,1.397,1.40064,0.02270837,0.02440669,7.769787e-06,1.218348e-05,0.0227006,0.02439451,0.0,0.0,0.0,0.0
1.53121,0.38,1.398,1.40164,0.0227167,0.02444591,7.703442e-06,1.208863e-05,0.02270899,0.02443382,0.0,0.0,0.0,0.0
1.53212,0.38,1.399,1.40264,0.02272502,0.02448519,7.637507e-06,1.199426e-05,0.02271738,0.02447319,0.0,0.0,0.0,0.0
1.53304,0.38,1.4,1.40364,0.02273512,0.02452392,7.571981e-06,1.190039e-05,0.02272755,0.02451202,0.0,0.0,0.0,0.0
1.53396,0.38,1.401,1.40464,0.02274541,0.02456135,7.506863e-06,1.1807e-05,0.02273791,0.02454955,0.0,0.0,0.0,0.0
1.53487,0.38,1.402,1.40564,0.02275437,0.02459981,7.442149e-06,1.17141e-05,0.02274692,0.02458809,0.0,0.0,0.0,0.0
1.53579,0.38,1.403,1.40664,0.02276594,0.02463855,7.377839e-06,1.162168e-05,0.02275856,0.02462693,0.0,0.0,0.0,0.0
1.5367,0.38,1.404,1.40764,0.0227755,0.02467748,7.31393e-06,1.152974e-05,0.02276818,0.02466595,0.0,0.0,0.0,0.0
1.53762,0.38,1.405,1.40864,0.02278433,0.02471655,7.250421e-06,1.143828e-05,0.02277708,0.02470511,0.0,0.0,0.0,0.0
1.53854,0.38,1.406,1.40964,0.02279298,0.02475574,7.187309e-06,1.134731e-05,0.02278579,0.02474439,0.0,0.0,0.0,0.0
1.53945,0.38,1.407,1.41064,0.02280152,0.02479503,7.124593e-06,1.125681e-05,0.02279439,0.02478377,0.0,0.0,0.0,0.0
1.54037,0.38,1.408,1.41164,0.02280999,0.02483442,7.062271e-06,1.116678e-05,0.02280293,0.02482325,0.0,0.0,0.0,0.0
1.54128,0.38,1.409,1.41264,0.02281841,0.0248739,7.000341e-06,1.107723e-05,0.02281141,0.02486282,0.0,0.0,0.0,0.0
1.5422,0.38,1.41,1.41364,0.02282679,0.02491347,6.938801e-06,1.098816e-05,0.02281986,0.02490248,0.0,0.0,0.0,0.0
1.54312,0.38,1.411,1.41464,0.02283515,0.02495312,6.877649e-06,1.089955e-05,0.02282827,0.02494222,0.0,0.0,0.0,0.0
1.54403,0.38,1.412,1.41564,0.02284347,0.02499285,6.816884e-06,1.081141e-05,0.02283666,0.02498204,0.0,0.0,0.0,0.0
1.54495,0.38,1.413,1.41664,0.02285178,0.02503266,6.756503e-06,1.072374e-05,0.02284502,0.02502194,0.0,0.0,0.0,0.0
1.54587,0.38,1.414,1.41764,0.02286007,0.02507255,6.696505e-06,1.063654e-05,0.02285337,0.02506191,0.0,0.0,0.0,0.0
1.54679,0.38,1.415,1.41864,0.02286834,0.02511252,6.636889e-06,1.05498e-05,0.0228617,0.02510197,0.0,0.0,0.0,0.0
1.5477,0.38,1.416,1.41964,0.02287659,0.02515256,6.577651e-06,1.046353e-05,0.02287001,0.02514209,0.0,0.0,0.0,0.0
1.54862,0.38,1.417,1.42064,0.02288483,0.02519267,6.518791e-06,1.037771e-05,0.02287831,0.02518229,0.0,0.0,0.0,0.0
1.54954,0.38,1.418,1.42164,0.02289306,0.02523286,6.460306e-06,1.029236e-05,0.0228866,0.02522257,0.0,0.0,0.0,0.0
1.55046,0.38,1.419,1.42264,0.02290128,0.02527312,6.402195e-06,1.020746e-05,0.02289488,0.02526291,0.0,0.0,0.0,0.0
1.55137,0.38,1.42,1.42364,0.02290949,0.02531345,6.344456e-06,1.012303e-05,0.02290315,0.02530333,0.0,0.0,0.0,0.0
1.55229,0.38,1.421,1.42464,0.02291769,0.02535386,6.287088e-06,1.003904e-05,0.02291141,0.02534382,0.0,0.0,0.0,0.0
1.55321,0.38,1.422,1.42564,0.02292589,0.02539433,6.230088e-06,9.955514e-06,0.02291966,0.02538438,0.0,0.0,0.0,0.0
1.55413,0.38,1.423,1.42664,0.02293695,0.02543314,6.173455e-06,9.872437e-06,0.02293078,0.02542327,0.0,0.0,0.0,0.0
1.55504,0.38,1.424,1.42764,0.02294597,0.02547258,6.117187e-06,9.78981e-06,0.02293986,0.02546279,0.0,0.0,0.0,0.0
1.55596,0.38,1.425,1.42864,0.02295462,0.02551243,6.061283e-06,9.707633e-06,0.02294856,0.02550272,0.0,0.0,0.0,0.0
1.55688,0.38,1.426,1.42964,0.02296623,0.02555249,6.00574e-06,9.625904e-06,0.02296023,0.02554287,0.0,0.0,0.0,0.0
1.5578,0.38,1.427,1.43064,0.0229751,0.0255927,5.950557e-06,9.544621e-06,0.02296915,0.02558316,0.0,0.0,0.0,0.0
1.55872,0.38,1.428,1.43164,0.02298368,0.02563303,5.895733e-06,9.463783e-06,0.02297778,0.02562357,0.0,0.0,0.0,0.0
1.55964,0.38,1.429,1.43264,0.02299213,0.02567347,5.841265e-06,9.383388e-06,0.02298629,0.02566409,0.0,0.0,0.0,0.0
1.56055,0.38,1.43,1.43364,0.02300051,0.02571401,5.787152e-06,9.303435e-06,0.02299472,0.02570471,0.0,0.0,0.0,0.0
1.56147,0.38,1.431,1.43464,0.02300883,0.02575464,5.733392e-06,9.223922e-06,0.0230031,0.02574542,0.0,0.0,0.0,0.0
1.56239,0.38,1.432,1.43564,0.02301712,0.02579536,5.679984e-06,9.144848e-06,0.02301144,0.02578621,0.0,0.0,0.0,0.0
1.56331,0.38,1.433,1.43664,0.02302538,0.02583616,5.626925e-06,9.066211e-06,0.02301975,0.02582709,0.0,0.0,0.0,0.0
1.56423,0.38,1.434,1.43764,0.02303361,0.02587704,5.574215e-06,8.98801e-06,0.02302803,0.02586805,0.0,0.0,0.0,0.0
1.56515,0.38,1.435,1.43864,0.02304182,0.025918,5.521852e-06,8.910244e-06,0.0230363,0.02590909,0.0,0.0,0.0,0.0
1.56607,0.38,1.436,1.43964,0.02305002,0.02595904,5.469833e-06,8.832911e-06,0.02304455,0.02595021,0.0,0.0,0.0,0.0
1.56699,0.38,1.437,1.44064,0.0230582,0.02600015,5.418158e-06,8.756009e-06,0.02305278,0.0259914,0.0,0.0,0.0,0.0
1.56791,0.38,1.438,1.44164,0.02306636,0.02604134,5.366825e-06,8.679537e-06,0.023061,0.02603266,0.0,0.0,0.0,0.0
1.56883,0.38,1.439,1.44264,0.02307452,0.0260826,5.315831e-06,8.603494e-06,0.0230692,0.026074,0.0,0.0,0.0,0.0
1.56975,0.38,1.44,1.44364,0.02308266,0.02612394,5.265176e-06,8.527878e-06,0.0230774,0.02611541,0.0,0.0,0.0,0.0
1.57067,0.38,1.441,1.44464,0.0230908,0.02616535,5.214858e-06,8.452688e-06,0.02308559,0.0261569,0.0,0.0,0.0,0.0
1.57159,0.38,1.442,1.44564,0.02309893,0.02620683,5.164876e-06,8.377923e-06,0.02309376,0.02619845,0.0,0.0,0.0,0.0
1.57251,0.38,1.443,1.44664,0.02310705,0.02624838,5.115227e-06,8.30358e-06,0.02310194,0.02624008,0.0,0.0,0.0,0.0
1.57343,0.38,1.444,1.44764,0.02311517,0.02629,5.06591e-06,8.229659e-06,0.0231101,0.02628177,0.0,0.0,0.0,0.0
1.57435,0.38,1.445,1.44864,0.02312327,0.02633169,5.016924e-06,8.156158e-06,0.02311826,0.02632354,0.0,0.0,0.0,0.0
1.57527,0.38,1.446,1.44964,0.02313375,0.02637209,4.968267e-06,8.083076e-06,0.02312879,0.026364,0.0,0.0,0.0,0.0
1.57619,0.38,1.447,1.45064,0.02314271,0.02641275,4.919938e-06,8.010412e-06,0.02313779,0.02640474,0.0,0.0,0.0,0.0
1.57711,0.38,1.448,1.45164,0.02315125,0.02645386,4.871934e-06,7.938163e-06,0.02314638,0.02644592,0.0,0.0,0.0,0.0
1.57803,0.38,1.449,1.45264,0.02316228,0.02649518,4.824255e-06,7.866329e-06,0.02315746,0.02648731,0.0,0.0,0.0,0.0
1.57895,0.38,1.45,1.45364,0.02317111,0.02653664,4.776899e-06,7.794909e-06,0.02316633,0.02652885,0.0,0.0,0.0,0.0
1.57987,0.38,1.451,1.45464,0.02317959,0.02657823,4.729864e-06,7.7239e-06,0.02317486,0.02657051,0.0,0.0,0.0,0.0
1.58079,0.38,1.452,1.45564,0.02318795,0.02661993,4.683149e-06,7.653302e-06,0.02318327,0.02661227,0.0,0.0,0.0,0.0
1.58171,0.38,1.453,1.45664,0.02319625,0.02666172,4.636753e-06,7.583113e-06,0.02319161,0.02665413,0.0,0.0,0.0,0.0
1.58263,0.38,1.454,1.45764,0.02320449,0.0267036,4.590673e-06,7.513332e-06,0.0231999,0.02669608,0.0,0.0,0.0,0.0
1.58355,0.38,1.455,1.45864,0.0232127,0.02674556,4.544909e-06,7.443957e-06,0.02320815,0.02673812,0.0,0.0,0.0,0.0
1.58447,0.38,1.456,1.45964,0.02322088,0.02678761,4.499458e-06,7.374987e-06,0.02321638,0.02678023,0.0,0.0,0.0,0.0
1.58539,0.38,1.457,1.46064,0.02322904,0.02682974,4.45432e-06,7.306422e-06,0.02322459,0.02682243,0.0,0.0,0.0,0.0
1.58632,0.38,1.458,1.46164,0.02323718,0.02687194,4.409493e-06,7.238258e-06,0.02323278,0.0268647,0.0,0.0,0.0,0.0
1.58724,0.38,1.459,1.46264,0.02324531,0.02691423,4.364975e-06,7.170496e-06,0.02324095,0.02690705,0.0,0.0,0.0,0.0
1.58816,0.38,1.46,1.46364,0.02325343,0.02695658,4.320765e-06,7.103134e-06,0.02324911,0.02694948,0.0,0.0,0.0,0.0
1.58908,0.38,1.461,1.46464,0.02326153,0.02699901,4.276862e-06,7.03617e-06,0.02325726,0.02699198,0.0,0.0,0.0,0.0
1.59,0.38,1.462,1.46564,0.02326963,0.02704152,4.233264e-06,6.969603e-06,0.0232654,0.02703455,0.0,0.0,0.0,0.0
1.59092,0.38,1.463,1.46664,0.02327772,0.0270841,4.189969e-06,6.903432e-06,0.02327353,0.02707719,0.0,0.0,0.0,0.0
1.59185,0.38,1.464,1.46764,0.0232858,0.02712675,4.146977e-06,6.837656e-06,0.02328165,0.02711991,0.0,0.0,0.0,0.0
1.59277,0.38,1.465,1.46864,0.02329387,0.02716947,4.104286e-06,6.772273e-06,0.02328977,0.02716269,0.0,0.0,0.0,0.0
1.59369,0.38,1.466,1.46964,0.02330194,0.02721226,4.061894e-06,6.707282e-06,0.02329788,0.02720555,0.0,0.0,0.0,0.0
1.59461,0.38,1.467,1.47064,0.02331,0.02725512,4.0198e-06,6.642681e-06,0.02330598,0.02724847,0.0,0.0,0.0,0.0
1.59553,0.38,1.468,1.47164,0.02331806,0.02729805,3.978002e-06,6.57847e-06,0.02331408,0.02729147,0.0,0.0,0.0,0.0
1.59646,0.38,1.469,1.47264,0.02332612,0.02734105,3.9365e-06,6.514648e-06,0.02332218,0.02733453,0.0,0.0,0.0,0.0
1.59738,0.38,1.47,1.47364,0.02333649,0.02738261,3.895292e-06,6.451212e-06,0.02333259,0.02737616,0.0,0.0,0.0,0.0
1.5983,0.38,1.471,1.47464,0.02334518,0.02742479,3.854376e-06,6.388161e-06,0.02334132,0.0274184,0.0,0.0,0.0,0.0
1.59923,0.38,1.472,1.47564,0.02335359,0.0274673,3.813751e-06,6.325495e-06,0.02334977,0.02746098,0.0,0.0,0.0,0.0
1.60015,0.38,1.473,1.47664,0.02336433,0.02751,3.773416e-06,6.263212e-06,0.02336056,0.02750374,0.0,0.0,0.0,0.0
1.60107,0.38,1.474,1.47764,0.02337295,0.02755284,3.733369e-06,6.201311e-06,0.02336921,0.02754664,0.0,0.0,0.0,0.0
1.60199,0.38,1.475,1.47864,0.02338132,0.02759578,3.693608e-06,6.13979e-06,0.02337763,0.02758964,0.0,0.0,0.0,0.0
1.60292,0.38,1.476,1.47964,0.0233896,0.02763883,3.654134e-06,6.078649e-06,0.02338595,0.02763275,0.0,0.0,0.0,0.0
1.60384,0.38,1.477,1.48064,0.02339782,0.02768197,3.614944e-06,6.017885e-06,0.02339421,0.02767595,0.0,0.0,0.0,0.0
1.60476,0.38,1.478,1.48164,0.023406,0.02772519,3.576036e-06,5.957499e-06,0.02340243,0.02771923,0.0,0.0,0.0,0.0
1.60569,0.38,1.479,1.48264,0.02341415,0.0277685,3.537411e-06,5.897488e-06,0.02341062,0.0277626,0.0,0.0,0.0,0.0
1.60661,0.38,1.48,1.48364,0.02342229,0.02781189,3.499065e-06,5.837851e-06,0.02341879,0.02780605,0.0,0.0,0.0,0.0
1.60753,0.38,1.481,1.48464,0.0234304,0.02785535,3.460998e-06,5.778588e-06,0.02342694,0.02784957,0.0,0.0,0.0,0.0
1.60846,0.38,1.482,1.48564,0.0234385,0.02789889,3.42321e-06,5.719697e-06,0.02343508,0.02789317,0.0,0.0,0.0,0.0
1.60938,0.38,1.483,1.48664,0.02344659,0.02794251,3.385697e-06,5.661176e-06,0.0234432,0.02793685,0.0,0.0,0.0,0.0
1.6103,0.38,1.484,1.48764,0.02345466,0.0279862,3.348459e-06,5.603025e-06,0.02345132,0.0279806,0.0,0.0,0.0,0.0
1.61123,0.38,1.485,1.48864,0.02346273,0.02802996,3.311495e-06,5.545242e-06,0.02345942,0.02802442,0.0,0.0,0.0,0.0
1.61215,0.38,1.486,1.48964,0.02347079,0.0280738,3.274804e-06,5.487826e-06,0.02346752,0.02806831,0.0,0.0,0.0,0.0
1.61308,0.38,1.487,1.49064,0.02347885,0.02811771,3.238383e-06,5.430776e-06,0.02347561,0.02811228,0.0,0.0,0.0,0.0
1.614,0.38,1.488,1.49164,0.0234869,0.02816168,3.202233e-06,5.374091e-06,0.0234837,0.02815631,0.0,0.0,0.0,0.0
1.61492,0.38,1.489,1.49264,0.02349495,0.02820573,3.166351e-06,5.317769e-06,0.02349178,0.02820041,0.0,0.0,0.0,0.0
1.61585,0.38,1.49,1.49364,0.02350299,0.02824985,3.130736e-06,5.26181e-06,0.02349986,0.02824459,0.0,0.0,0.0,0.0
1.61677,0.38,1.491,1.49464,0.02351103,0.02829404,3.095388e-06,5.206212e-06,0.02350793,0.02828883,0.0,0.0,0.0,0.0
1.6177,0.38,1.492,1.49564,0.02351906,0.02833829,3.060304e-06,5.150973e-06,0.023516,0.02833314,0.0,0.0,0.0,0.0
1.61862,0.38,1.493,1.49664,0.0235271,0.02838262,3.025484e-06,5.096094e-06,0.02352407,0.02837752,0.0,0.0,0.0,0.0
1.61955,0.38,1.494,1.49764,0.02353638,0.02842648,2.990926e-06,5.041573e-06,0.02353339,0.02842144,0.0,0.0,0.0,0.0
1.62047,0.38,1.495,1.49864,0.02354554,0.02846963,2.956629e-06,4.987407e-06,0.02354258,0.02846464,0.0,0.0,0.0,0.0
1.6214,0.38,1.496,1.49964,0.02355397,0.02851344,2.922592e-06,4.933598e-06,0.02355105,0.02850851,0.0,0.0,0.0,0.0
1.62232,0.38,1.497,1.50064,0.02356371,0.02855747,2.888814e-06,4.880142e-06,0.02356082,0.02855259,0.0,0.0,0.0,0.0
1.62325,0.38,1.498,1.50164,0.02357284,0.02860165,2.855293e-06,4.827039e-06,0.02356998,0.02859682,0.0,0.0,0.0,0.0
1.62417,0.38,1.499,1.50264,0.02358125,0.02864594,2.822028e-06,4.774289e-06,0.02357843,0.02864116,0.0,0.0,0.0,0.0
1.6251,0.38,1.5,1.50364,0.02358952,0.02869033,2.789018e-06,4.721889e-06,0.02358674,0.02868561,0.0,0.0,0.0,0.0
1.62602,0.38,1.501,1.50464,0.02359774,0.02873482,2.756262e-06,4.669839e-06,0.02359498,0.02873015,0.0,0.0,0.0,0.0
1.62695,0.38,1.502,1.50564,0.02360591,0.02877939,2.723759e-06,4.618137e-06,0.02360318,0.02877477,0.0,0.0,0.0,0.0
1.62787,0.38,1.503,1.50664,0.02361405,0.02882404,2.691507e-06,4.566783e-06,0.02361136,0.02881948,0.0,0.0,0.0,0.0
1.6288,0.38,1.504,1.50764,0.02362217,0.02886878,2.659505e-06,4.515775e-06,0.02361951,0.02886426,0.0,0.0,0.0,0.0
1.62972,0.38,1.505,1.50864,0.02363027,0.02891359,2.627752e-06,4.465112e-06,0.02362765,0.02890912,0.0,0.0,0.0,0.0
1.63065,0.38,1.506,1.50964,0.02363837,0.02895848,2.596247e-06,4.414793e-06,0.02363577,0.02895406,0.0,0.0,0.0,0.0
1.63158,0.38,1.507,1.51064,0.02364645,0.02900344,2.564989e-06,4.364817e-06,0.02364388,0.02899907,0.0,0.0,0.0,0.0
1.6325,0.38,1.508,1.51164,0.02365452,0.02904847,2.533977e-06,4.315183e-06,0.02365199,0.02904416,0.0,0.0,0.0,0.0
1.63343,0.38,1.509,1.51264,0.02366259,0.02909358,2.503208e-06,4.265889e-06,0.02366008,0.02908931,0.0,0.0,0.0,0.0
1.63435,0.38,1.51,1.51364,0.02367064,0.02913876,2.472683e-06,4.216935e-06,0.02366817,0.02913454,0.0,0.0,0.0,0.0
1.63528,0.38,1.511,1.51464,0.0236787,0.02918401,2.4424e-06,4.16832e-06,0.02367626,0.02917984,0.0,0.0,0.0,0.0
1.63621,0.38,1.512,1.51564,0.02368675,0.02922933,2.412358e-06,4.120042e-06,0.02368434,0.02922521,0.0,0.0,0.0,0.0
1.63713,0.38,1.513,1.51664,0.0236948,0.02927471,2.382556e-06,4.0721e-06,0.02369241,0.02927064,0.0,0.0,0.0,0.0
1.63806,0.38,1.514,1.51764,0.02370284,0.02932017,2.352992e-06,4.024494e-06,0.02370049,0.02931615,0.0,0.0,0.0,0.0
1.63899,0.38,1.515,1.51864,0.02371088,0.0293657,2.323666e-06,3.977222e-06,0.02370856,0.02936172,0.0,0.0,0.0,0.0
1.63991,0.38,1.516,1.51964,0.02371892,0.0294113,2.294577e-06,3.930283e-06,0.02371663,0.02940736,0.0,0.0,0.0,0.0
1.64084,0.38,1.517,1.52064,0.02372696,0.02945696,2.265722e-06,3.883676e-06,0.02372469,0.02945308,0.0,0.0,0.0,0.0
1.64177,0.38,1.518,1.52164,0.02373499,0.02950269,2.237102e-06,3.8374e-06,0.02373276,0.02949885,0.0,0.0,0.0,0.0
1.64269,0.38,1.519,1.52264,0.02374303,0.02954849,2.208715e-06,3.791454e-06,0.02374082,0.0295447,0.0,0.0,0.0,0.0
1.64362,0.38,1.52,1.52364,0.02375303,0.02959288,2.18056e-06,3.745837e-06,0.02375085,0.02958913,0.0,0.0,0.0,0.0
1.64455,0.38,1.521,1.52464,0.02376148,0.02963811,2.152636e-06,3.700548e-06,0.02375933,0.02963441,0.0,0.0,0.0,0.0
1.64547,0.38,1.522,1.52564,0.02376977,0.02968357,2.124941e-06,3.655585e-06,0.02376765,0.02967992,0.0,0.0,0.0,0.0
1.6464,0.38,1.523,1.52664,0.02377996,0.02972918,2.097476e-06,3.610948e-06,0.02377787,0.02972557,0.0,0.0,0.0,0.0
1.64733,0.38,1.524,1.52764,0.0237884,0.02977491,2.070238e-06,3.566636e-06,0.02378633,0.02977134,0.0,0.0,0.0,0.0
1.64826,0.38,1.525,1.52864,0.02379668,0.02982074,2.043226e-06,3.522647e-06,0.02379464,0.02981721,0.0,0.0,0.0,0.0
1.64918,0.38,1.526,1.52964,0.0238049,0.02986666,2.01644e-06,3.478981e-06,0.02380288,0.02986318,0.0,0.0,0.0,0.0
1.65011,0.38,1.527,1.53064,0.02381307,0.02991266,1.989879e-06,3.435637e-06,0.02381108,0.02990922,0.0,0.0,0.0,0.0
1.65104,0.38,1.528,1.53164,0.02382122,0.02995874,1.96354e-06,3.392613e-06,0.02381926,0.02995535,0.0,0.0,0.0,0.0
1.65197,0.38,1.529,1.53264,0.02382935,0.0300049,1.937424e-06,3.349909e-06,0.02382741,0.03000155,0.0,0.0,0.0,0.0
1.65289,0.38,1.53,1.53364,0.02383747,0.03005114,1.91153e-06,3.307523e-06,0.02383555,0.03004783,0.0,0.0,0.0,0.0
1.65382,0.38,1.531,1.53464,0.02384557,0.03009745,1.885855e-06,3.265455e-06,0.02384369,0.03009419,0.0,0.0,0.0,0.0
1.65475,0.38,1.532,1.53564,0.02385367,0.03014384,1.8604e-06,3.223703e-06,0.02385181,0.03014062,0.0,0.0,0.0,0.0
1.65568,0.38,1.533,1.53664,0.02386175,0.0301903,1.835163e-06,3.182266e-06,0.02385992,0.03018712,0.0,0.0,0.0,0.0
1.65661,0.38,1.534,1.53764,0.02386984,0.03023683,1.810143e-06,3.141144e-06,0.02386803,0.03023369,0.0,0.0,0.0,0.0
1.65753,0.38,1.535,1.53864,0.02387792,0.03028343,1.785339e-06,3.100336e-06,0.02387613,0.03028033,0.0,0.0,0.0,0.0
1.65846,0.38,1.536,1.53964,0.02388599,0.0303301,1.76075e-06,3.05984e-06,0.02388423,0.03032704,0.0,0.0,0.0,0.0
1.65939,0.38,1.537,1.54064,0.02389406,0.03037684,1.736376e-06,3.019655e-06,0.02389232,0.03037382,0.0,0.0,0.0,0.0
1.66032,0.38,1.538,1.54164,0.02390213,0.03042364,1.712214e-06,2.979781e-06,0.02390042,0.03042066,0.0,0.0,0.0,0.0
1.66125,0.38,1.539,1.54264,0.0239102,0.03047052,1.688264e-06,2.940217e-06,0.02390851,0.03046758,0.0,0.0,0.0,0.0
1.66218,0.38,1.54,1.54364,0.02391826,0.03051746,1.664525e-06,2.900961e-06,0.0239166,0.03051456,0.0,0.0,0.0,0.0
1.66311,0.38,1.541,1.54464,0.02392633,0.03056447,1.640997e-06,2.862012e-06,0.02392468,0.03056161,0.0,0.0,0.0,0.0
1.66403,0.38,1.542,1.54564,0.02393439,0.03061155,1.617677e-06,2.82337e-06,0.02393277,0.03060873,0.0,0.0,0.0,0.0
1.66496,0.38,1.543,1.54664,0.02394245,0.0306587,1.594565e-06,2.785034e-06,0.02394086,0.03065591,0.0,0.0,0.0,0.0
1.66589,0.38,1.544,1.54764,0.02395052,0.03070591,1.571661e-06,2.747002e-06,0.02394894,0.03070316,0.0,0.0,0.0,0.0
1.66682,0.38,1.545,1.54864,0.02395858,0.03075319,1.548962e-06,2.709274e-06,0.02395703,0.03075048,0.0,0.0,0.0,0.0
1.66775,0.38,1.546,1.54964,0.02396836,0.03079921,1.526469e-06,2.671848e-06,0.02396683,0.03079654,0.0,0.0,0.0,0.0
1.66868,0.38,1.547,1.55064,0.02397679,0.03084599,1.50418e-06,2.634725e-06,0.02397529,0.03084335,0.0,0.0,0.0,0.0
1.66961,0.38,1.548,1.55164,0.02398508,0.03089298,1.482094e-06,2.597902e-06,0.0239836,0.03089038,0.0,0.0,0.0,0.0
1.67054,0.38,1.549,1.55264,0.02399502,0.03094012,1.46021e-06,2.561379e-06,0.02399356,0.03093755,0.0,0.0,0.0,0.0
1.67147,0.38,1.55,1.55364,0.02400345,0.03098736,1.438527e-06,2.525155e-06,0.02400201,0.03098483,0.0,0.0,0.0,0.0
1.6724,0.38,1.551,1.55464,0.02401174,0.0310347,1.417045e-06,2.489228e-06,0.02401032,0.03103221,0.0,0.0,0.0,0.0
1.67333,0.38,1.552,1.55564,0.02401997,0.03108212,1.395762e-06,2.453599e-06,0.02401857,0.03107967,0.0,0.0,0.0,0.0
1.67426,0.38,1.553,1.55664,0.02402816,0.03112963,1.374677e-06,2.418266e-06,0.02402679,0.03112721,0.0,0.0,0.0,0.0
1.67519,0.38,1.554,1.55764,0.02403634,0.03117722,1.35379e-06,2.383228e-06,0.02403498,0.03117484,0.0,0.0,0.0,0.0
1.67612,0.38,1.555,1.55864,0.02404449,0.03122489,1.3331e-06,2.348484e-06,0.02404316,0.03122254,0.0,0.0,0.0,0.0
1.67705,0.38,1.556,1.55964,0.02405264,0.03127262,1.312605e-06,2.314034e-06,0.02405132,0.03127031,0.0,0.0,0.0,0.0
1.67798,0.38,1.557,1.56064,0.02406077,0.03132044,1.292304e-06,2.279875e-06,0.02405948,0.03131816,0.0,0.0,0.0,0.0
1.67891,0.38,1.558,1.56164,0.0240689,0.03136832,1.272198e-06,2.246009e-06,0.02406763,0.03136607,0.0,0.0,0.0,0.0
1.67984,0.38,1.559,1.56264,0.02407702,0.03141627,1.252284e-06,2.212432e-06,0.02407577,0.03141406,0.0,0.0,0.0,0.0
1.68077,0.38,1.56,1.56364,0.02408514,0.0314643,1.232562e-06,2.179146e-06,0.02408391,0.03146212,0.0,0.0,0.0,0.0
1.6817,0.38,1.561,1.56464,0.02409326,0.03151239,1.213032e-06,2.146148e-06,0.02409204,0.03151024,0.0,0.0,0.0,0.0
1.68263,0.38,1.562,1.56564,0.02410137,0.03156055,1.193691e-06,2.113438e-06,0.02410018,0.03155844,0.0,0.0,0.0,0.0
1.68356,0.38,1.563,1.56664,0.02410948,0.03160878,1.174539e-06,2.081014e-06,0.02410831,0.0316067,0.0,0.0,0.0,0.0
1.68449,0.38,1.564,1.56764,0.02411759,0.03165708,1.155576e-06,2.048877e-06,0.02411644,0.03165503,0.0,0.0,0.0,0.0
1.68542,0.38,1.565,1.56864,0.0241257,0.03170544,1.1368e-06,2.017025e-06,0.02412456,0.03170343,0.0,0.0,0.0,0.0
1.68635,0.38,1.566,1.56964,0.02413381,0.03175387,1.118211e-06,1.985457e-06,0.02413269,0.03175189,0.0,0.0,0.0,0.0
1.68728,0.38,1.567,1.57064,0.02414192,0.03180237,1.099807e-06,1.954172e-06,0.02414082,0.03180042,0.0,0.0,0.0,0.0
1.68821,0.38,1.568,1.57164,0.02415002,0.03185094,1.081588e-06,1.92317e-06,0.02414894,0.03184901,0.0,0.0,0.0,0.0
1.68914,0.38,1.569,1.57264,0.02415813,0.03189957,1.063553e-06,1.892449e-06,0.02415707,0.03189768,0.0,0.0,0.0,0.0
1.69007,0.38,1.57,1.57364,0.02416624,0.03194827,1.045701e-06,1.862009e-06,0.02416519,0.0319464,0.0,0.0,0.0,0.0
1.69101,0.38,1.571,1.57464,0.02417435,0.03199703,1.028031e-06,1.831848e-06,0.02417332,0.0319952,0.0,0.0,0.0,0.0
1.69194,0.38,1.572,1.57564,0.02418307,0.03204564,1.010543e-06,1.801967e-06,0.02418206,0.03204384,0.0,0.0,0.0,0.0
1.69287,0.38,1.573,1.57664,0.02419215,0.03209344,9.932345e-07,1.772363e-06,0.02419115,0.03209166,0.0,0.0,0.0,0.0
1.6938,0.38,1.574,1.57764,0.02420055,0.03214186,9.761058e-07,1.743037e-06,0.02419957,0.03214012,0.0,0.0,0.0,0.0
1.69473,0.38,1.575,1.57864,0.02420885,0.03219047,9.591558e-07,1.713987e-06,0.02420789,0.03218875,0.0,0.0,0.0,0.0
1.69566,0.38,1.576,1.57964,0.02421863,0.0322392,9.423837e-07,1.685212e-06,0.02421768,0.03223751,0.0,0.0,0.0,0.0
1.69659,0.38,1.577,1.58064,0.02422703,0.03228803,9.257885e-07,1.656712e-06,0.02422611,0.03228637,0.0,0.0,0.0,0.0
1.69753,0.38,1.578,1.58164,0.02423534,0.03233695,9.093695e-07,1.628486e-06,0.02423443,0.03233532,0.0,0.0,0.0,0.0
1.69846,0.38,1.579,1.58264,0.0242436,0.03238595,8.931258e-07,1.600532e-06,0.0242427,0.03238435,0.0,0.0,0.0,0.0
1.69939,0.38,1.58,1.58364,0.02425182,0.03243504,8.770566e-07,1.572851e-06,0.02425095,0.03243346,0.0,0.0,0.0,0.0
1.70032,0.38,1.581,1.58464,0.02426004,0.0324842,8.61161e-07,1.54544e-06,0.02425918,0.03248265,0.0,0.0,0.0,0.0
1.70125,0.38,1.582,1.58564,0.02426824,0.03253343,8.454382e-07,1.5183e-06,0.02426739,0.03253191,0.0,0.0,0.0,0.0
1.70219,0.38,1.583,1.58664,0.02427643,0.03258273,8.298875e-07,1.49143e-06,0.0242756,0.03258124,0.0,0.0,0.0,0.0
1.70312,0.38,1.584,1.58764,0.02428461,0.03263211,8.145079e-07,1.464828e-06,0.02428379,0.03263065,0.0,0.0,0.0,0.0
1.70405,0.38,1.585,1.58864,0.02429279,0.03268156,7.992988e-07,1.438494e-06,0.02429199,0.03268012,0.0,0.0,0.0,0.0
1.70498,0.38,1.586,1.58964,0.02430096,0.03273107,7.842591e-07,1.412427e-06,0.02430018,0.03272966,0.0,0.0,0.0,0.0
1.70591,0.38,1.587,1.59064,0.02430913,0.03278066,7.693882e-07,1.386626e-06,0.02430836,0.03277927,0.0,0.0,0.0,0.0
1.70685,0.38,1.588,1.59164,0.0243173,0.03283031,7.546853e-07,1.36109e-06,0.02431654,0.03282895,0.0,0.0,0.0,0.0
1.70778,0.38,1.589,1.59264,0.02432547,0.03288003,7.401495e-07,1.335819e-06,0.02432473,0.0328787,0.0,0.0,0.0,0.0
1.70871,0.38,1.59,1.59364,0.02433363,0.03292982,7.2578e-07,1.310811e-06,0.02433291,0.03292851,0.0,0.0,0.0,0.0
1.70964,0.38,1.591,1.59464,0.0243418,0.03297967,7.115761e-07,1.286067e-06,0.02434109,0.03297838,0.0,0.0,0.0,0.0
1.71058,0.38,1.592,1.59564,0.02434996,0.03302959,6.97537e-07,1.261584e-06,0.02434927,0.03302833,0.0,0.0,0.0,0.0
1.71151,0.38,1.593,1.59664,0.02435813,0.03307957,6.836618e-07,1.237363e-06,0.02435745,0.03307834,0.0,0.0,0.0,0.0
1.71244,0.38,1.594,1.59764,0.02436629,0.03312962,6.699499e-07,1.213402e-06,0.02436563,0.03312841,0.0,0.0,0.0,0.0
1.71338,0.38,1.595,1.59864,0.02437446,0.03317974,6.564003e-07,1.189701e-06,0.02437381,0.03317855,0.0,0.0,0.0,0.0
1.71431,0.38,1.596,1.59964,0.02438263,0.03322992,6.430124e-07,1.166258e-06,0.02438199,0.03322876,0.0,0.0,0.0,0.0
1.71524,0.38,1.597,1.60064,0.0243908,0.03328017,6.297854e-07,1.143074e-06,0.02439017,0.03327902,0.0,0.0,0.0,0.0
1.71618,0.38,1.598,1.60164,0.02439897,0.03333048,6.167184e-07,1.120147e-06,0.02439835,0.03332936,0.0,0.0,0.0,0.0
1.71711,0.38,1.599,1.60264,0.02440714,0.03338085,6.038108e-07,1.097476e-06,0.02440654,0.03337975,0.0,0.0,0.0,0.0
1.71804,0.38,1.6,1.60364,0.02441637,0.03343059,5.910618e-07,1.075061e-06,0.02441577,0.03342951,0.0,0.0,0.0,0.0
1.71898,0.38,1.601,1.60464,0.02442496,0.03348044,5.784706e-07,1.0529e-06,0.02442438,0.03347939,0.0,0.0,0.0,0.0
1.71991,0.38,1.602,1.60564,0.02443334,0.03353058,5.660364e-07,1.030994e-06,0.02443278,0.03352955,0.0,0.0,0.0,0.0
1.72084,0.38,1.603,1.60664,0.02444264,0.03358086,5.537585e-07,1.009341e-06,0.02444209,0.03357985,0.0,0.0,0.0,0.0
1.72178,0.38,1.604,1.60764,0.02445134,0.03363125,5.416362e-07,9.879406e-07,0.0244508,0.03363026,0.0,0.0,0.0,0.0
1.72271,0.38,1.605,1.60864,0.02445974,0.03368173,5.296688e-07,9.667919e-07,0.02445921,0.03368076,0.0,0.0,0.0,0.0
1.72364,0.38,1.606,1.60964,0.02446807,0.03373229,5.178554e-07,9.458941e-07,0.02446756,0.03373134,0.0,0.0,0.0,0.0
1.72458,0.38,1.607,1.61064,0.02447637,0.03378293,5.061953e-07,9.252465e-07,0.02447586,0.03378201,0.0,0.0,0.0,0.0
1.72551,0.38,1.608,1.61164,0.02448465,0.03383365,4.946878e-07,9.048483e-07,0.02448415,0.03383275,0.0,0.0,0.0,0.0
1.72645,0.38,1.609,1.61264,0.02449291,0.03388444,4.833322e-07,8.846987e-07,0.02449243,0.03388356,0.0,0.0,0.0,0.0
1.72738,0.38,1.61,1.61364,0.02450117,0.03393531,4.721278e-07,8.647971e-07,0.0245007,0.03393444,0.0,0.0,0.0,0.0
1.72831,0.38,1.611,1.61464,0.02450942,0.03398624,4.610738e-07,8.451425e-07,0.02450895,0.0339854,0.0,0.0,0.0,0.0
1.72925,0.38,1.612,1.61564,0.02451766,0.03403724,4.501695e-07,8.257343e-07,0.02451721,0.03403642,0.0,0.0,0.0,0.0
1.73018,0.38,1.613,1.61664,0.0245259,0.03408832,4.394141e-07,8.065718e-07,0.02452546,0.03408751,0.0,0.0,0.0,0.0
1.73112,0.38,1.614,1.61764,0.02453413,0.03413945,4.28807e-07,7.87654e-07,0.02453371,0.03413867,0.0,0.0,0.0,0.0
1.73205,0.38,1.615,1.61864,0.02454237,0.03419066,4.183475e-07,7.689804e-07,0.02454195,0.03418989,0.0,0.0,0.0,0.0
1.73299,0.38,1.616,1.61964,0.0245506,0.03424193,4.080348e-07,7.505501e-07,0.02455019,0.03424118,0.0,0.0,0.0,0.0
1.73392,0.38,1.617,1.62064,0.02455884,0.03429327,3.978683e-07,7.323625e-07,0.02455844,0.03429254,0.0,0.0,0.0,0.0
1.73486,0.38,1.618,1.62164,0.02456707,0.03434467,3.878472e-07,7.144167e-07,0.02456668,0.03434396,0.0,0.0,0.0,0.0
1.73579,0.38,1.619,1.62264,0.0245753,0.03439614,3.779708e-07,6.967121e-07,0.02457492,0.03439544,0.0,0.0,0.0,0.0
1.73673,0.38,1.62,1.62364,0.02458354,0.03444767,3.682385e-07,6.792478e-07,0.02458317,0.03444699,0.0,0.0,0.0,0.0
1.73766,0.38,1.621,1.62464,0.02459177,0.03449927,3.586496e-07,6.620232e-07,0.02459141,0.03449861,0.0,0.0,0.0,0.0
1.7386,0.38,1.622,1.62564,0.02460001,0.03455093,3.492033e-07,6.450376e-07,0.02459966,0.03455029,0.0,0.0,0.0,0.0
1.73953,0.38,1.623,1.62664,0.02460824,0.03460266,3.39899e-07,6.282901e-07,0.0246079,0.03460203,0.0,0.0,0.0,0.0
1.74047,0.38,1.624,1.62764,0.02461648,0.03465445,3.30736e-07,6.117801e-07,0.02461615,0.03465384,0.0,0.0,0.0,0.0
1.7414,0.38,1.625,1.62864,0.02462472,0.03470631,3.217136e-07,5.955069e-07,0.0246244,0.03470571,0.0,0.0,0.0,0.0
1.74234,0.38,1.626,1.62964,0.02463296,0.03475822,3.128311e-07,5.794697e-07,0.02463265,0.03475764,0.0,0.0,0.0,0.0
1.74327,0.38,1.627,1.63064,0.02464121,0.03481021,3.040879e-07,5.636678e-07,0.0246409,0.03480964,0.0,0.0,0.0,0.0
1.74421,0.38,1.628,1.63164,0.02464945,0.03486225,2.954833e-07,5.481005e-07,0.02464916,0.0348617,0.0,0.0,0.0,0.0
1.74514,0.38,1.629,1.63264,0.02465881,0.03491343,2.870166e-07,5.327671e-07,0.02465853,0.0349129,0.0,0.0,0.0,0.0
1.74608,0.38,1.63,1.63364,0.02466731,0.03496514,2.786872e-07,5.176669e-07,0.02466703,0.03496462,0.0,0.0,0.0,0.0
1.74701,0.38,1.631,1.63464,0.02467571,0.03501703,2.704944e-07,5.027991e-07,0.02467544,0.03501653,0.0,0.0,0.0,0.0
1.74795,0.38,1.632,1.63564,0.02468514,0.03506903,2.624375e-07,4.881631e-07,0.02468487,0.03506855,0.0,0.0,0.0,0.0
1.74888,0.38,1.633,1.63664,0.02469367,0.03512113,2.545159e-07,4.737581e-07,0.02469341,0.03512066,0.0,0.0,0.0,0.0
1.74982,0.38,1.634,1.63764,0.02470208,0.03517332,2.467289e-07,4.595835e-07,0.02470184,0.03517286,0.0,0.0,0.0,0.0
1.75076,0.38,1.635,1.63864,0.02471046,0.03522558,2.39076e-07,4.456385e-07,0.02471022,0.03522513,0.0,0.0,0.0,0.0
1.75169,0.38,1.636,1.63964,0.02471881,0.03527792,2.315563e-07,4.319225e-07,0.02471857,0.03527748,0.0,0.0,0.0,0.0
1.75263,0.38,1.637,1.64064,0.02472714,0.03533033,2.241694e-07,4.184348e-07,0.02472692,0.03532991,0.0,0.0,0.0,0.0
1.75356,0.38,1.638,1.64164,0.02473547,0.03538281,2.169145e-07,4.051746e-07,0.02473525,0.0353824,0.0,0.0,0.0,0.0
1.7545,0.38,1.639,1.64264,0.02474379,0.03543536,2.09791e-07,3.921413e-07,0.02474358,0.03543496,0.0,0.0,0.0,0.0
1.75544,0.38,1.64,1.64364,0.0247521,0.03548797,2.027982e-07,3.793342e-07,0.0247519,0.03548759,0.0,0.0,0.0,0.0
1.75637,0.38,1.641,1.64464,0.02476042,0.03554066,1.959357e-07,3.667526e-07,0.02476022,0.03554029,0.0,0.0,0.0,0.0
1.75731,0.38,1.642,1.64564,0.02476873,0.03559341,1.892026e-07,3.543958e-07,0.02476854,0.03559305,0.0,0.0,0.0,0.0
1.75825,0.38,1.643,1.64664,0.02477703,0.03564622,1.825984e-07,3.422632e-07,0.02477685,0.03564588,0.0,0.0,0.0,0.0
1.75918,0.38,1.644,1.64764,0.02478534,0.03569911,1.761225e-07,3.303541e-07,0.02478517,0.03569878,0.0,0.0,0.0,0.0
1.76012,0.38,1.645,1.64864,0.02479365,0.03575205,1.697742e-07,3.186677e-07,0.02479348,0.03575173,0.0,0.0,0.0,0.0
1.76106,0.38,1.646,1.64964,0.02480196,0.03580506,1.63553e-07,3.072035e-07,0.02480179,0.03580476,0.0,0.0,0.0,0.0
1.76199,0.38,1.647,1.65064,0.02481026,0.03585814,1.574581e-07,2.959608e-07,0.02481011,0.03585784,0.0,0.0,0.0,0.0
1.76293,0.38,1.648,1.65164,0.02481857,0.03591128,1.514891e-07,2.849388e-07,0.02481842,0.035911,0.0,0.0,0.0,0.0
1.76387,0.38,1.649,1.65264,0.02482688,0.03596448,1.456452e-07,2.74137e-07,0.02482674,0.03596421,0.0,0.0,0.0,0.0
1.7648,0.38,1.65,1.65364,0.02483519,0.03601775,1.399259e-07,2.635546e-07,0.02483505,0.03601749,0.0,0.0,0.0,0.0
1.76574,0.38,1.651,1.65464,0.02484351,0.03607108,1.343306e-07,2.53191e-07,0.02484337,0.03607083,0.0,0.0,0.0,0.0
1.76668,0.38,1.652,1.65564,0.02485182,0.03612448,1.288587e-07,2.430456e-07,0.02485169,0.03612423,0.0,0.0,0.0,0.0
1.76762,0.38,1.653,1.65664,0.02486013,0.03617793,1.235095e-07,2.331177e-07,0.02486001,0.0361777,0.0,0.0,0.0,0.0
1.76855,0.38,1.654,1.65764,0.02486845,0.03623145,1.182825e-07,2.234066e-07,0.02486833,0.03623123,0.0,0.0,0.0,0.0
1.76949,0.38,1.655,1.65864,0.02487677,0.03628503,1.13177e-07,2.139116e-07,0.02487666,0.03628482,0.0,0.0,0.0,0.0
1.77043,0.38,1.656,1.65964,0.02488509,0.03633868,1.081926e-07,2.046323e-07,0.02488498,0.03633847,0.0,0.0,0.0,0.0
1.77136,0.38,1.657,1.66064,0.02489341,0.03639239,1.033285e-07,1.955678e-07,0.02489331,0.03639219,0.0,0.0,0.0,0.0
1.7723,0.38,1.658,1.66164,0.02490249,0.03644563,9.858432e-08,1.867175e-07,0.02490239,0.03644545,0.0,0.0,0.0,0.0
1.77324,0.38,1.659,1.66264,0.02491115,0.03649894,9.395931e-08,1.780808e-07,0.02491105,0.03649876,0.0,0.0,0.0,0.0
1.77418,0.38,1.66,1.66364,0.02491964,0.03655248,8.945296e-08,1.696571e-07,0.02491955,0.03655232,0.0,0.0,0.0,0.0
1.77512,0.38,1.661,1.66464,0.02492808,0.03660616,8.506468e-08,1.614458e-07,0.02492799,0.036606,0.0,0.0,0.0,0.0
1.77605,0.38,1.662,1.66564,0.0249375,0.03665993,8.079389e-08,1.534461e-07,0.02493742,0.03665978,0.0,0.0,0.0,0.0
1.77699,0.38,1.663,1.66664,0.02494601,0.03671379,7.664002e-08,1.456574e-07,0.02494594,0.03671365,0.0,0.0,0.0,0.0
1.77793,0.38,1.664,1.66764,0.02495447,0.03676773,7.26025e-08,1.380792e-07,0.0249544,0.03676759,0.0,0.0,0.0,0.0
1.77887,0.38,1.665,1.66864,0.02496289,0.03682174,6.868077e-08,1.307108e-07,0.02496283,0.03682161,0.0,0.0,0.0,0.0
1.77981,0.38,1.666,1.66964,0.02497131,0.03687582,6.487426e-08,1.235516e-07,0.02497124,0.0368757,0.0,0.0,0.0,0.0
1.78074,0.38,1.667,1.67064,0.02497971,0.03692998,6.118239e-08,1.166008e-07,0.02497965,0.03692986,0.0,0.0,0.0,0.0
1.78168,0.38,1.668,1.67164,0.02498811,0.0369842,5.760463e-08,1.098581e-07,0.02498805,0.03698409,0.0,0.0,0.0,0.0
1.78262,0.38,1.669,1.67264,0.0249965,0.03703848,5.41404e-08,1.033226e-07,0.02499644,0.03703838,0.0,0.0,0.0,0.0
1.78356,0.38,1.67,1.67364,0.02500488,0.03709284,5.078915e-08,9.699376e-08,0.02500483,0.03709274,0.0,0.0,0.0,0.0
1.7845,0.38,1.671,1.67464,0.02501327,0.03714726,4.755032e-08,9.087102e-08,0.02501322,0.03714716,0.0,0.0,0.0,0.0
1.78543,0.38,1.672,1.67564,0.02502166,0.03720174,4.442338e-08,8.495373e-08,0.02502161,0.03720165,0.0,0.0,0.0,0.0
1.78637,0.38,1.673,1.67664,0.02503004,0.03725629,4.140777e-08,7.924128e-08,0.02503,0.03725621,0.0,0.0,0.0,0.0
1.78731,0.38,1.674,1.67764,0.02503842,0.0373109,3.850294e-08,7.373306e-08,0.02503839,0.03731083,0.0,0.0,0.0,0.0
1.78825,0.38,1.675,1.67864,0.02504681,0.03736557,3.570835e-08,6.842847e-08,0.02504677,0.03736551,0.0,0.0,0.0,0.0
1.78919,0.38,1.676,1.67964,0.02505519,0.03742031,3.302346e-08,6.332689e-08,0.02505516,0.03742025,0.0,0.0,0.0,0.0
1.79013,0.38,1.677,1.68064,0.02506358,0.03747512,3.044773e-08,5.842773e-08,0.02506355,0.03747506,0.0,0.0,0.0,0.0
1.79107,0.38,1.678,1.68164,0.02507197,0.03752998,2.798063e-08,5.373038e-08,0.02507194,0.03752993,0.0,0.0,0.0,0.0
1.79201,0.38,1.679,1.68264,0.02508035,0.03758491,2.562162e-08,4.923425e-08,0.02508033,0.03758486,0.0,0.0,0.0,0.0
1.79295,0.38,1.68,1.68364,0.02508874,0.0376399,2.337017e-08,4.493873e-08,0.02508872,0.03763985,0.0,0.0,0.0,0.0
1.79388,0.38,1.681,1.68464,0.02509713,0.03769495,2.122576e-08,4.084324e-08,0.02509711,0.03769491,0.0,0.0,0.0,0.0
1.79482,0.38,1.682,1.68564,0.02510553,0.03775007,1.918785e-08,3.694718e-08,0.02510551,0.03775003,0.0,0.0,0.0,0.0
1.79576,0.38,1.683,1.68664,0.02511392,0.03780524,1.725592e-08,3.324996e-08,0.0251139,0.03780521,0.0,0.0,0.0,0.0
1.7967,0.38,1.684,1.68764,0.02512232,0.03786048,1.542946e-08,2.975099e-08,0.0251223,0.03786045,0.0,0.0,0.0,0.0
1.79764,0.38,1.685,1.68864,0.02513071,0.03791578,1.370793e-08,2.644968e-08,0.0251307,0.03791576,0.0,0.0,0.0,0.0
1.79858,0.38,1.686,1.68964,0.02513911,0.03797115,1.209083e-08,2.334545e-08,0.0251391,0.03797112,0.0,0.0,0.0,0.0
1.79952,0.38,1.687,1.69064,0.02514752,0.03802657,1.057764e-08,2.043772e-08,0.0251475,0.03802655,0.0,0.0,0.0,0.0
1.80046,0.38,1.688,1.69164,0.02515592,0.03808205,9.167847e-09,1.772591e-08,0.02515591,0.03808204,0.0,0.0,0.0,0.0
1.8014,0.38,1.689,1.69264,0.02516515,0.03813686,7.86094e-09,1.520943e-08,0.02516514,0.03813684,0.0,0.0,0.0,0.0
1.80234,0.38,1.69,1.69364,0.02517374,0.03819211,6.656411e-09,1.288771e-08,0.02517373,0.0381921,0.0,0.0,0.0,0.0
1.80328,0.38,1.691,1.69464,0.02518226,0.03824751,5.553755e-09,1.076018e-08,0.02518226,0.0382475,0.0,0.0,0.0,0.0
1.80422,0.38,1.692,1.69564,0.02519151,0.03830301,4.552469e-09,8.826264e-09,0.02519151,0.03830301,0.0,0.0,0.0,0.0
1.80516,0.38,1.693,1.69664,0.02520015,0.0383586,3.652051e-09,7.08539e-09,0.02520014,0.03835859,0.0,0.0,0.0,0.0
1.8061,0.38,1.694,1.69764,0.02520869,0.03841427,2.852003e-09,5.53699e-09,0.02520868,0.03841426,0.0,0.0,0.0,0.0
1.80704,0.38,1.695,1.69864,0.02521719,0.03847001,2.151827e-09,4.180497e-09,0.02521719,0.03847,0.0,0.0,0.0,0.0
1.80798,0.38,1.696,1.69964,0.02522568,0.03852582,1.551029e-09,3.015347e-09,0.02522568,0.03852581,0.0,0.0,0.0,0.0
1.80892,0.38,1.697,1.70064,0.02523416,0.0385817,1.049117e-09,2.040977e-09,0.02523416,0.03858169,0.0,0.0,0.0,0.0
1.80986,0.38,1.698,1.70164,0.02524263,0.03863764,6.456011e-10,1.256825e-09,0.02524263,0.03863764,0.0,0.0,0.0,0.0
1.8108,0.38,1.699,1.70264,0.0252511,0.03869365,3.399926e-10,6.623329e-10,0.0252511,0.03869365,0.0,0.0,0.0,0.0
1.81174,0.38,1.7,1.70364,0.02525956,0.03874973,1.318058e-10,2.569436e-10,0.02525956,0.03874973,0.0,0.0,0.0,0.0
1.81268,0.38,1.701,1.70464,0.02526802,0.03880587,2.055725e-11,4.010186e-11,0.02526802,0.03880587,0.0,0.0,0.0,0.0
1.81362,0.38,1.702,1.70564,0.02527648,0.03886208,0.0,0.0,0.02527648,0.03886208,0.0,0.0,0.0,0.0
1.81456,0.38,1.703,1.70664,0.02528494,0.03891835,0.0,0.0,0.02528494,0.03891835,0.0,0.0,0.0,0.0
1.8155,0.38,1.704,1.70764,0.0252934,0.03897468,0.0,0.0,0.0252934,0.03897468,0.0,0.0,0.0,0.0
1.81644,0.38,1.705,1.70864,0.02530186,0.03903107,0.0,0.0,0.02530186,0.03903107,0.0,0.0,0.0,0.0
1.81738,0.38,1.706,1.70964,0.02531032,0.03908753,0.0,0.0,0.02531032,0.03908753,0.0,0.0,0.0,0.0
1.81832,0.38,1.707,1.71064,0.02531879,0.03914405,0.0,0.0,0.02531879,0.03914405,0.0,0.0,0.0,0.0
1.81926,0.38,1.708,1.71164,0.02532725,0.03920063,0.0,0.0,0.02532725,0.03920063,0.0,0.0,0.0,0.0
1.8202,0.38,1.709,1.71264,0.02533571,0.03925728,0.0,0.0,0.02533571,0.03925728,0.0,0.0,0.0,0.0
1.82115,0.38,1.71,1.71364,0.02534417,0.03931398,0.0,0.0,0.02534417,0.03931398,0.0,0.0,0.0,0.0
1.82209,0.38,1.711,1.71464,0.02535264,0.03937075,0.0,0.0,0.02535264,0.03937075,0.0,0.0,0.0,0.0
1.82303,0.38,1.712,1.71564,0.02536111,0.03942757,0.0,0.0,0.02536111,0.03942757,0.0,0.0,0.0,0.0
1.82397,0.38,1.713,1.71664,0.02536958,0.03948446,0.0,0.0,0.02536958,0.03948446,0.0,0.0,0.0,0.0
1.82491,0.38,1.714,1.71764,0.02537805,0.03954141,0.0,0.0,0.02537805,0.03954141,0.0,0.0,0.0,0.0
1.82585,0.38,1.715,1.71864,0.02538652,0.03959842,0.0,0.0,0.02538652,0.03959842,0.0,0.0,0.0,0.0
1.82679,0.38,1.716,1.71964,0.02539499,0.0396555,0.0,0.0,0.02539499,0.0396555,0.0,0.0,0.0,0.0
1.82773,0.38,1.717,1.72064,0.02540347,0.03971263,0.0,0.0,0.02540347,0.03971263,0.0,0.0,0.0,0.0
1.82868,0.38,1.718,1.72164,0.02541194,0.03976982,0.0,0.0,0.02541194,0.03976982,0.0,0.0,0.0,0.0
1.82962,0.38,1.719,1.72264,0.02542042,0.03982708,0.0,0.0,0.02542042,0.03982708,0.0,0.0,0.0,0.0
1.83056,0.38,1.72,1.72364,0.02542945,0.03988399,0.0,0.0,0.02542945,0.03988399,0.0,0.0,0.0,0.0
1.8315,0.38,1.721,1.72464,0.02543818,0.03994095,0.0,0.0,0.02543818,0.03994095,0.0,0.0,0.0,0.0
1.83244,0.38,1.722,1.72564,0.02544678,0.03999812,0.0,0.0,0.02544678,0.03999812,0.0,0.0,0.0,0.0
1.83338,0.38,1.723,1.72664,0.02545535,0.0400554,0.0,0.0,0.02545535,0.0400554,0.0,0.0,0.0,0.0
1.83433,0.38,1.724,1.72764,0.02546462,0.04011276,0.0,0.0,0.02546462,0.04011276,0.0,0.0,0.0,0.0
1.83527,0.38,1.725,1.72864,0.02547325,0.04017021,0.0,0.0,0.02547325,0.04017021,0.0,0.0,0.0,0.0
1.83621,0.38,1.726,1.72964,0.02548183,0.04022773,0.0,0.0,0.02548183,0.04022773,0.0,0.0,0.0,0.0
1.83715,0.38,1.727,1.73064,0.02549039,0.04028532,0.0,0.0,0.02549039,0.04028532,0.0,0.0,0.0,0.0
1.83809,0.38,1.728,1.73164,0.02549894,0.04034297,0.0,0.0,0.02549894,0.04034297,0.0,0.0,0.0,0.0
1.83904,0.38,1.729,1.73264,0.02550748,0.0404007,0.0,0.0,0.02550748,0.0404007,0.0,0.0,0.0,0.0
1.83998,0.38,1.73,1.73364,0.02551602,0.04045849,0.0,0.0,0.02551602,0.04045849,0.0,0.0,0.0,0.0
1.84092,0.38,1.731,1.73464,0.02552455,0.04051634,0.0,0.0,0.02552455,0.04051634,0.0,0.0,0.0,0.0
1.84186,0.38,1.732,1.73564,0.02553308,0.04057425,0.0,0.0,0.02553308,0.04057425,0.0,0.0,0.0,0.0
1.8428,0.38,1.733,1.73664,0.02554161,0.04063223,0.0,0.0,0.02554161,0.04063223,0.0,0.0,0.0,0.0
1.84375,0.38,1.734,1.73764,0.02555014,0.04069028,0.0,0.0,0.02555014,0.04069028,0.0,0.0,0.0,0.0
1.84469,0.38,1.735,1.73864,0.02555867,0.04074838,0.0,0.0,0.02555867,0.04074838,0.0,0.0,0.0,0.0
1.84563,0.38,1.736,1.73964,0.0255672,0.04080655,0.0,0.0,0.0255672,0.04080655,0.0,0.0,0.0,0.0
1.84657,0.38,1.737,1.74064,0.02557573,0.04086478,0.0,0.0,0.02557573,0.04086478,0.0,0.0,0.0,0.0
1.84752,0.38,1.738,1.74164,0.02558426,0.04092307,0.0,0.0,0.02558426,0.04092307,0.0,0.0,0.0,0.0
1.84846,0.38,1.739,1.74264,0.02559279,0.04098142,0.0,0.0,0.02559279,0.04098142,0.0,0.0,0.0,0.0
1.8494,0.38,1.74,1.74364,0.02560132,0.04103983,0.0,0.0,0.02560132,0.04103983,0.0,0.0,0.0,0.0
1.85035,0.38,1.741,1.74464,0.02560985,0.04109831,0.0,0.0,0.02560985,0.04109831,0.0,0.0,0.0,0.0
1.85129,0.38,1.742,1.74564,0.02561839,0.04115684,0.0,0.0,0.02561839,0.04115684,0.0,0.0,0.0,0.0
1.85223,0.38,1.743,1.74664,0.02562692,0.04121544,0.0,0.0,0.02562692,0.04121544,0.0,0.0,0.0,0.0
1.85317,0.38,1.744,1.74764,0.02563546,0.0412741,0.0,0.0,0.02563546,0.0412741,0.0,0.0,0.0,0.0
1.85412,0.38,1.745,1.74864,0.025644,0.04133282,0.0,0.0,0.025644,0.04133282,0.0,0.0,0.0,0.0
1.85506,0.38,1.746,1.74964,0.02565254,0.0413916,0.0,0.0,0.02565254,0.0413916,0.0,0.0,0.0,0.0
1.856,0.38,1.747,1.75064,0.02566108,0.04145044,0.0,0.0,0.02566108,0.04145044,0.0,0.0,0.0,0.0
1.85695,0.38,1.748,1.75164,0.02566962,0.04150934,0.0,0.0,0.02566962,0.04150934,0.0,0.0,0.0,0.0
1.85789,0.38,1.749,1.75264,0.02567816,0.0415683,0.0,0.0,0.02567816,0.0415683,0.0,0.0,0.0,0.0
1.85883,0.38,1.75,1.75364,0.02568671,0.04162732,0.0,0.0,0.02568671,0.04162732,0.0,0.0,0.0,0.0
1.85978,0.38,1.751,1.75464,0.02569526,0.0416864,0.0,0.0,0.02569526,0.0416864,0.0,0.0,0.0,0.0
1.86072,0.38,1.752,1.75564,0.02570381,0.04174554,0.0,0.0,0.02570381,0.04174554,0.0,0.0,0.0,0.0
1.86166,0.38,1.753,1.75664,0.02571293,0.04180422,0.0,0.0,0.02571293,0.04180422,0.0,0.0,0.0,0.0
1.86261,0.38,1.754,1.75764,0.02572162,0.04186319,0.0,0.0,0.02572162,0.04186319,0.0,0.0,0.0,0.0
1.86355,0.38,1.755,1.75864,0.02573026,0.0419223,0.0,0.0,0.02573026,0.0419223,0.0,0.0,0.0,0.0
1.8645,0.38,1.756,1.75964,0.02573935,0.0419815,0.0,0.0,0.02573935,0.0419815,0.0,0.0,0.0,0.0
1.86544,0.38,1.757,1.76064,0.02574813,0.04204078,0.0,0.0,0.02574813,0.04204078,0.0,0.0,0.0,0.0
1.86638,0.38,1.758,1.76164,0.02575679,0.04210014,0.0,0.0,0.02575679,0.04210014,0.0,0.0,0.0,0.0
1.86733,0.38,1.759,1.76264,0.02576542,0.04215957,0.0,0.0,0.02576542,0.04215957,0.0,0.0,0.0,0.0
1.86827,0.38,1.76,1.76364,0.02577403,0.04221906,0.0,0.0,0.02577403,0.04221906,0.0,0.0,0.0,0.0
1.86921,0.38,1.761,1.76464,0.02578264,0.04227862,0.0,0.0,0.02578264,0.04227862,0.0,0.0,0.0,0.0
1.87016,0.38,1.762,1.76564,0.02579124,0.04233825,0.0,0.0,0.02579124,0.04233825,0.0,0.0,0.0,0.0
1.8711,0.38,1.763,1.76664,0.02579983,0.04239794,0.0,0.0,0.02579983,0.04239794,0.0,0.0,0.0,0.0
1.87205,0.38,1.764,1.76764,0.02580843,0.04245769,0.0,0.0,0.02580843,0.04245769,0.0,0.0,0.0,0.0
1.87299,0.38,1.765,1.76864,0.02581702,0.04251751,0.0,0.0,0.02581702,0.04251751,0.0,0.0,0.0,0.0
1.87394,0.38,1.766,1.76964,0.02582562,0.04257739,0.0,0.0,0.02582562,0.04257739,0.0,0.0,0.0,0.0
1.87488,0.38,1.767,1.77064,0.02583421,0.04263733,0.0,0.0,0.02583421,0.04263733,0.0,0.0,0.0,0.0
1.87582,0.38,1.768,1.77164,0.0258428,0.04269733,0.0,0.0,0.0258428,0.04269733,0.0,0.0,0.0,0.0
1.87677,0.38,1.769,1.77264,0.02585139,0.0427574,0.0,0.0,0.02585139,0.0427574,0.0,0.0,0.0,0.0
1.87771,0.38,1.77,1.77364,0.02585998,0.04281752,0.0,0.0,0.02585998,0.04281752,0.0,0.0,0.0,0.0
1.87866,0.38,1.771,1.77464,0.02586858,0.04287771,0.0,0.0,0.02586858,0.04287771,0.0,0.0,0.0,0.0
1.8796,0.38,1.772,1.77564,0.02587717,0.04293796,0.0,0.0,0.02587717,0.04293796,0.0,0.0,0.0,0.0
1.88055,0.38,1.773,1.77664,0.02588577,0.04299827,0.0,0.0,0.02588577,0.04299827,0.0,0.0,0.0,0.0
1.88149,0.38,1.774,1.77764,0.02589436,0.04305864,0.0,0.0,0.02589436,0.04305864,0.0,0.0,0.0,0.0
1.88244,0.38,1.775,1.77864,0.02590296,0.04311907,0.0,0.0,0.02590296,0.04311907,0.0,0.0,0.0,0.0
1.88338,0.38,1.776,1.77964,0.02591155,0.04317956,0.0,0.0,0.02591155,0.04317956,0.0,0.0,0.0,0.0
1.88433,0.38,1.777,1.78064,0.02592015,0.04324012,0.0,0.0,0.02592015,0.04324012,0.0,0.0,0.0,0.0
1.88527,0.38,1.778,1.78164,0.02592875,0.04330073,0.0,0.0,0.02592875,0.04330073,0.0,0.0,0.0,0.0
1.88622,0.38,1.779,1.78264,0.02593735,0.0433614,0.0,0.0,0.02593735,0.0433614,0.0,0.0,0.0,0.0
1.88716,0.38,1.78,1.78364,0.02594596,0.04342214,0.0,0.0,0.02594596,0.04342214,0.0,0.0,0.0,0.0
1.88811,0.38,1.781,1.78464,0.02595456,0.04348293,0.0,0.0,0.02595456,0.04348293,0.0,0.0,0.0,0.0
1.88905,0.38,1.782,1.78564,0.02596316,0.04354379,0.0,0.0,0.02596316,0.04354379,0.0,0.0,0.0,0.0
1.89,0.38,1.783,1.78664,0.02597177,0.04360471,0.0,0.0,0.02597177,0.04360471,0.0,0.0,0.0,0.0
1.89094,0.38,1.784,1.78764,0.02598038,0.04366568,0.0,0.0,0.02598038,0.04366568,0.0,0.0,0.0,0.0
1.89189,0.38,1.785,1.78864,0.02598899,0.04372672,0.0,0.0,0.02598899,0.04372672,0.0,0.0,0.0,0.0
1.89283,0.38,1.786,1.78964,0.0259976,0.04378781,0.0,0.0,0.0259976,0.04378781,0.0,0.0,0.0,0.0
1.89378,0.38,1.787,1.79064,0.02600672,0.04384845,0.0,0.0,0.02600672,0.04384845,0.0,0.0,0.0,0.0
1.89472,0.38,1.788,1.79164,0.02601544,0.04390944,0.0,0.0,0.02601544,0.04390944,0.0,0.0,0.0,0.0
1.89567,0.38,1.789,1.79264,0.02602412,0.04397053,0.0,0.0,0.02602412,0.04397053,0.0,0.0,0.0,0.0
1.89662,0.38,1.79,1.79364,0.02603323,0.04403172,0.0,0.0,0.02603323,0.04403172,0.0,0.0,0.0,0.0
1.89756,0.38,1.791,1.79464,0.026042,0.04409298,0.0,0.0,0.026042,0.04409298,0.0,0.0,0.0,0.0
1.89851,0.38,1.792,1.79564,0.0260507,0.04415431,0.0,0.0,0.0260507,0.04415431,0.0,0.0,0.0,0.0
1.89945,0.38,1.793,1.79664,0.02605937,0.04421572,0.0,0.0,0.02605937,0.04421572,0.0,0.0,0.0,0.0
1.9004,0.38,1.794,1.79764,0.02606804,0.04427718,0.0,0.0,0.02606804,0.04427718,0.0,0.0,0.0,0.0
1.90135,0.38,1.795,1.79864,0.0260767,0.04433872,0.0,0.0,0.0260767,0.04433872,0.0,0.0,0.0,0.0
1.90229,0.38,1.796,1.79964,0.02608535,0.04440031,0.0,0.0,0.02608535,0.04440031,0.0,0.0,0.0,0.0
1.90324,0.38,1.797,1.80064,0.026094,0.04446198,0.0,0.0,0.026094,0.04446198,0.0,0.0,0.0,0.0
1.90418,0.38,1.798,1.80164,0.02610265,0.0445237,0.0,0.0,0.02610265,0.0445237,0.0,0.0,0.0,0.0
1.90513,0.38,1.799,1.80264,0.0261113,0.04458549,0.0,0.0,0.0261113,0.04458549,0.0,0.0,0.0,0.0
1.90608,0.38,1.8,1.80364,0.02611994,0.04464734,0.0,0.0,0.02611994,0.04464734,0.0,0.0,0.0,0.0
1.90702,0.38,1.801,1.80464,0.02612859,0.04470925,0.0,0.0,0.02612859,0.04470925,0.0,0.0,0.0,0.0
1.90797,0.38,1.802,1.80564,0.02613723,0.04477122,0.0,0.0,0.02613723,0.04477122,0.0,0.0,0.0,0.0
1.90892,0.38,1.803,1.80664,0.02614588,0.04483326,0.0,0.0,0.02614588,0.04483326,0.0,0.0,0.0,0.0
1.90986,0.38,1.804,1.80764,0.02615453,0.04489535,0.0,0.0,0.02615453,0.04489535,0.0,0.0,0.0,0.0
1.91081,0.38,1.805,1.80864,0.02616317,0.04495751,0.0,0.0,0.02616317,0.04495751,0.0,0.0,0.0,0.0
1.91175,0.38,1.806,1.80964,0.02617182,0.04501973,0.0,0.0,0.02617182,0.04501973,0.0,0.0,0.0,0.0
1.9127,0.38,1.807,1.81064,0.02618047,0.04508201,0.0,0.0,0.02618047,0.04508201,0.0,0.0,0.0,0.0
1.91365,0.38,1.808,1.81164,0.02618912,0.04514436,0.0,0.0,0.02618912,0.04514436,0.0,0.0,0.0,0.0
1.91459,0.38,1.809,1.81264,0.02619777,0.04520676,0.0,0.0,0.02619777,0.04520676,0.0,0.0,0.0,0.0
1.91554,0.38,1.81,1.81364,0.02620642,0.04526922,0.0,0.0,0.02620642,0.04526922,0.0,0.0,0.0,0.0
1.91649,0.38,1.811,1.81464,0.02621507,0.04533175,0.0,0.0,0.02621507,0.04533175,0.0,0.0,0.0,0.0
1.91744,0.38,1.812,1.81564,0.02622372,0.04539433,0.0,0.0,0.02622372,0.04539433,0.0,0.0,0.0,0.0
1.91838,0.38,1.813,1.81664,0.02623237,0.04545698,0.0,0.0,0.02623237,0.04545698,0.0,0.0,0.0,0.0
1.91933,0.38,1.814,1.81764,0.02624102,0.04551969,0.0,0.0,0.02624102,0.04551969,0.0,0.0,0.0,0.0
1.92028,0.38,1.815,1.81864,0.02624968,0.04558245,0.0,0.0,0.02624968,0.04558245,0.0,0.0,0.0,0.0
1.92122,0.38,1.816,1.81964,0.02625834,0.04564528,0.0,0.0,0.02625834,0.04564528,0.0,0.0,0.0,0.0
1.92217,0.38,1.817,1.82064,0.02626699,0.04570817,0.0,0.0,0.02626699,0.04570817,0.0,0.0,0.0,0.0
1.92312,0.38,1.818,1.82164,0.02627565,0.04577112,0.0,0.0,0.02627565,0.04577112,0.0,0.0,0.0,0.0
1.92406,0.38,1.819,1.82264,0.02628431,0.04583413,0.0,0.0,0.02628431,0.04583413,0.0,0.0,0.0,0.0
1.92501,0.38,1.82,1.82364,0.02629297,0.04589721,0.0,0.0,0.02629297,0.04589721,0.0,0.0,0.0,0.0
1.92596,0.38,1.821,1.82464,0.02630163,0.04596034,0.0,0.0,0.02630163,0.04596034,0.0,0.0,0.0,0.0
1.92691,0.38,1.822,1.82564,0.02631073,0.04602308,0.0,0.0,0.02631073,0.04602308,0.0,0.0,0.0,0.0
1.92785,0.38,1.823,1.82664,0.02631948,0.04608613,0.0,0.0,0.02631948,0.04608613,0.0,0.0,0.0,0.0
1.9288,0.38,1.824,1.82764,0.0263282,0.04614929,0.0,0.0,0.0263282,0.04614929,0.0,0.0,0.0,0.0
1.92975,0.38,1.825,1.82864,0.02633726,0.04621253,0.0,0.0,0.02633726,0.04621253,0.0,0.0,0.0,0.0
1.9307,0.38,1.826,1.82964,0.02634607,0.04627585,0.0,0.0,0.02634607,0.04627585,0.0,0.0,0.0,0.0
1.93164,0.38,1.827,1.83064,0.02635481,0.04633924,0.0,0.0,0.02635481,0.04633924,0.0,0.0,0.0,0.0
1.93259,0.38,1.828,1.83164,0.02636352,0.04640269,0.0,0.0,0.02636352,0.04640269,0.0,0.0,0.0,0.0
1.93354,0.38,1.829,1.83264,0.02637223,0.04646622,0.0,0.0,0.02637223,0.04646622,0.0,0.0,0.0,0.0
1.93449,0.38,1.83,1.83364,0.02638093,0.0465298,0.0,0.0,0.02638093,0.0465298,0.0,0.0,0.0,0.0
1.93544,0.38,1.831,1.83464,0.02638963,0.04659345,0.0,0.0,0.02638963,0.04659345,0.0,0.0,0.0,0.0
1.93638,0.38,1.832,1.83564,0.02639832,0.04665717,0.0,0.0,0.02639832,0.04665717,0.0,0.0,0.0,0.0
1.93733,0.38,1.833,1.83664,0.02640702,0.04672095,0.0,0.0,0.02640702,0.04672095,0.0,0.0,0.0,0.0
1.93828,0.38,1.834,1.83764,0.02641571,0.04678479,0.0,0.0,0.02641571,0.04678479,0.0,0.0,0.0,0.0
1.93923,0.38,1.835,1.83864,0.0264244,0.0468487,0.0,0.0,0.0264244,0.0468487,0.0,0.0,0.0,0.0
1.94018,0.38,1.836,1.83964,0.02643309,0.04691266,0.0,0.0,0.02643309,0.04691266,0.0,0.0,0.0,0.0
1.94112,0.38,1.837,1.84064,0.02644178,0.04697669,0.0,0.0,0.02644178,0.04697669,0.0,0.0,0.0,0.0
1.94207,0.38,1.838,1.84164,0.02645047,0.04704078,0.0,0.0,0.02645047,0.04704078,0.0,0.0,0.0,0.0
1.94302,0.38,1.839,1.84264,0.02645916,0.04710494,0.0,0.0,0.02645916,0.04710494,0.0,0.0,0.0,0.0
1.94397,0.38,1.84,1.84364,0.02646785,0.04716915,0.0,0.0,0.02646785,0.04716915,0.0,0.0,0.0,0.0
1.94492,0.38,1.841,1.84464,0.02647654,0.04723343,0.0,0.0,0.02647654,0.04723343,0.0,0.0,0.0,0.0
1.94587,0.38,1.842,1.84564,0.02648523,0.04729777,0.0,0.0,0.02648523,0.04729777,0.0,0.0,0.0,0.0
1.94681,0.38,1.843,1.84664,0.02649392,0.04736217,0.0,0.0,0.02649392,0.04736217,0.0,0.0,0.0,0.0
1.94776,0.38,1.844,1.84764,0.02650261,0.04742664,0.0,0.0,0.02650261,0.04742664,0.0,0.0,0.0,0.0
1.94871,0.38,1.845,1.84864,0.0265113,0.04749116,0.0,0.0,0.0265113,0.04749116,0.0,0.0,0.0,0.0
1.94966,0.38,1.846,1.84964,0.02651999,0.04755575,0.0,0.0,0.02651999,0.04755575,0.0,0.0,0.0,0.0
1.95061,0.38,1.847,1.85064,0.02652869,0.04762039,0.0,0.0,0.02652869,0.04762039,0.0,0.0,0.0,0.0
1.95156,0.38,1.848,1.85164,0.02653738,0.0476851,0.0,0.0,0.02653738,0.0476851,0.0,0.0,0.0,0.0
1.95251,0.38,1.849,1.85264,0.02654608,0.04774987,0.0,0.0,0.02654608,0.04774987,0.0,0.0,0.0,0.0
1.95346,0.38,1.85,1.85364,0.02655477,0.04781471,0.0,0.0,0.02655477,0.04781471,0.0,0.0,0.0,0.0
1.9544,0.38,1.851,1.85464,0.02656347,0.0478796,0.0,0.0,0.02656347,0.0478796,0.0,0.0,0.0,0.0
1.95535,0.38,1.852,1.85564,0.02657217,0.04794456,0.0,0.0,0.02657217,0.04794456,0.0,0.0,0.0,0.0
1.9563,0.38,1.853,1.85664,0.02658086,0.04800957,0.0,0.0,0.02658086,0.04800957,0.0,0.0,0.0,0.0
1.95725,0.38,1.854,1.85764,0.02658956,0.04807465,0.0,0.0,0.02658956,0.04807465,0.0,0.0,0.0,0.0
1.9582,0.38,1.855,1.85864,0.02659826,0.04813979,0.0,0.0,0.02659826,0.04813979,0.0,0.0,0.0,0.0
1.95915,0.38,1.856,1.85964,0.02660696,0.048205,0.0,0.0,0.02660696,0.048205,0.0,0.0,0.0,0.0
1.9601,0.38,1.857,1.86064,0.02661566,0.04827026,0.0,0.0,0.02661566,0.04827026,0.0,0.0,0.0,0.0
1.96105,0.38,1.858,1.86164,0.02662469,0.04833527,0.0,0.0,0.02662469,0.04833527,0.0,0.0,0.0,0.0
1.962,0.38,1.859,1.86264,0.02663348,0.04840045,0.0,0.0,0.02663348,0.04840045,0.0,0.0,0.0,0.0
1.96295,0.38,1.86,1.86364,0.02664224,0.04846576,0.0,0.0,0.02664224,0.04846576,0.0,0.0,0.0,0.0
1.9639,0.38,1.861,1.86464,0.02665098,0.04853115,0.0,0.0,0.02665098,0.04853115,0.0,0.0,0.0,0.0
1.96485,0.38,1.862,1.86564,0.02666008,0.04859661,0.0,0.0,0.02666008,0.04859661,0.0,0.0,0.0,0.0
1.9658,0.38,1.863,1.86664,0.02666886,0.04866215,0.0,0.0,0.02666886,0.04866215,0.0,0.0,0.0,0.0
1.96675,0.38,1.864,1.86764,0.02667761,0.04872775,0.0,0.0,0.02667761,0.04872775,0.0,0.0,0.0,0.0
1.9677,0.38,1.865,1.86864,0.02668635,0.04879343,0.0,0.0,0.02668635,0.04879343,0.0,0.0,0.0,0.0
1.96864,0.38,1.866,1.86964,0.02669509,0.04885917,0.0,0.0,0.02669509,0.04885917,0.0,0.0,0.0,0.0
1.96959,0.38,1.867,1.87064,0.02670382,0.04892497,0.0,0.0,0.02670382,0.04892497,0.0,0.0,0.0,0.0
1.97054,0.38,1.868,1.87164,0.02671254,0.04899084,0.0,0.0,0.02671254,0.04899084,0.0,0.0,0.0,0.0
1.97149,0.38,1.869,1.87264,0.02672127,0.04905677,0.0,0.0,0.02672127,0.04905677,0.0,0.0,0.0,0.0
1.97244,0.38,1.87,1.87364,0.02673,0.04912277,0.0,0.0,0.02673,0.04912277,0.0,0.0,0.0,0.0
1.97339,0.38,1.871,1.87464,0.02673872,0.04918883,0.0,0.0,0.02673872,0.04918883,0.0,0.0,0.0,0.0
1.97434,0.38,1.872,1.87564,0.02674744,0.04925495,0.0,0.0,0.02674744,0.04925495,0.0,0.0,0.0,0.0
1.97529,0.38,1.873,1.87664,0.02675617,0.04932114,0.0,0.0,0.02675617,0.04932114,0.0,0.0,0.0,0.0
1.97624,0.38,1.874,1.87764,0.02676489,0.04938739,0.0,0.0,0.02676489,0.04938739,0.0,0.0,0.0,0.0
1.97719,0.38,1.875,1.87864,0.02677361,0.0494537,0.0,0.0,0.02677361,0.0494537,0.0,0.0,0.0,0.0
1.97814,0.38,1.876,1.87964,0.02678233,0.04952008,0.0,0.0,0.02678233,0.04952008,0.0,0.0,0.0,0.0
1.97909,0.38,1.877,1.88064,0.02679106,0.04958652,0.0,0.0,0.02679106,0.04958652,0.0,0.0,0.0,0.0
1.98005,0.38,1.878,1.88164,0.02679978,0.04965302,0.0,0.0,0.02679978,0.04965302,0.0,0.0,0.0,0.0
1.981,0.38,1.879,1.88264,0.0268085,0.04971958,0.0,0.0,0.0268085,0.04971958,0.0,0.0,0.0,0.0
1.98195,0.38,1.88,1.88364,0.02681722,0.04978621,0.0,0.0,0.02681722,0.04978621,0.0,0.0,0.0,0.0
1.9829,0.38,1.881,1.88464,0.02682595,0.0498529,0.0,0.0,0.02682595,0.0498529,0.0,0.0,0.0,0.0
1.98385,0.38,1.882,1.88564,0.02683467,0.04991966,0.0,0.0,0.02683467,0.04991966,0.0,0.0,0.0,0.0
1.9848,0.38,1.883,1.88664,0.02684339,0.04998647,0.0,0.0,0.02684339,0.04998647,0.0,0.0,0.0,0.0
1.98575,0.38,1.884,1.88764,0.02685212,0.05005335,0.0,0.0,0.02685212,0.05005335,0.0,0.0,0.0,0.0
1.9867,0.38,1.885,1.88864,0.02686084,0.05012029,0.0,0.0,0.02686084,0.05012029,0.0,0.0,0.0,0.0
1.98765,0.38,1.886,1.88964,0.02686957,0.0501873,0.0,0.0,0.02686957,0.0501873,0.0,0.0,0.0,0.0
1.9886,0.38,1.887,1.89064,0.02687829,0.05025437,0.0,0.0,0.02687829,0.05025437,0.0,0.0,0.0,0.0
1.98955,0.38,1.888,1.89164,0.02688702,0.0503215,0.0,0.0,0.02688702,0.0503215,0.0,0.0,0.0,0.0
1.9905,0.38,1.889,1.89264,0.02689574,0.05038869,0.0,0.0,0.02689574,0.05038869,0.0,0.0,0.0,0.0
1.99145,0.38,1.89,1.89364,0.02690447,0.05045595,0.0,0.0,0.02690447,0.05045595,0.0,0.0,0.0,0.0
1.9924,0.38,1.891,1.89464,0.0269132,0.05052327,0.0,0.0,0.0269132,0.05052327,0.0,0.0,0.0,0.0
1.99335,0.38,1.892,1.89564,0.02692193,0.05059065,0.0,0.0,0.02692193,0.05059065,0.0,0.0,0.0,0.0
1.99431,0.38,1.893,1.89664,0.02693065,0.05065809,0.0,0.0,0.02693065,0.05065809,0.0,0.0,0.0,0.0
1.99526,0.38,1.894,1.89764,0.02693938,0.0507256,0.0,0.0,0.02693938,0.0507256,0.0,0.0,0.0,0.0
1.99621,0.38,1.895,1.89864,0.02694811,0.05079317,0.0,0.0,0.02694811,0.05079317,0.0,0.0,0.0,0.0
1.99716,0.38,1.896,1.89964,0.02695714,0.05086047,0.0,0.0,0.02695714,0.05086047,0.0,0.0,0.0,0.0
1.99811,0.38,1.897,1.90064,0.02696594,0.05092802,0.0,0.0,0.02696594,0.05092802,0.0,0.0,0.0,0.0
1.99906,0.38,1.898,1.90164,0.02697471,0.05099566,0.0,0.0,0.02697471,0.05099566,0.0,0.0,0.0,0.0
2.00001,0.38,1.899,1.90264,0.02698367,0.05106338,0.0,0.0,0.02698367,0.05106338,0.0,0.0,0.0,0.0
2.00096,0.38,1.9,1.90364,0.02699254,0.05113118,0.0,0.0,0.02699254,0.05113118,0.0,0.0,0.0,0.0
2.00191,0.38,1.901,1.90464,0.02700133,0.05119905,0.0,0.0,0.02700133,0.05119905,0.0,0.0,0.0,0.0
2.00287,0.38,1.902,1.90564,0.02701009,0.05126699,0.0,0.0,0.02701009,0.05126699,0.0,0.0,0.0,0.0
2.00382,0.38,1.903,1.90664,0.02701885,0.05133499,0.0,0.0,0.02701885,0.05133499,0.0,0.0,0.0,0.0
2.00477,0.38,1.904,1.90764,0.02702761,0.05140306,0.0,0.0,0.02702761,0.05140306,0.0,0.0,0.0,0.0
2.00572,0.38,1.905,1.90864,0.02703636,0.0514712,0.0,0.0,0.02703636,0.0514712,0.0,0.0,0.0,0.0
2.00667,0.38,1.906,1.90964,0.02704511,0.0515394,0.0,0.0,0.02704511,0.0515394,0.0,0.0,0.0,0.0
2.00762,0.38,1.907,1.91064,0.02705386,0.05160767,0.0,0.0,0.02705386,0.05160767,0.0,0.0,0.0,0.0
2.00858,0.38,1.908,1.91164,0.0270626,0.05167601,0.0,0.0,0.0270626,0.05167601,0.0,0.0,0.0,0.0
2.00953,0.38,1.909,1.91264,0.02707135,0.0517444,0.0,0.0,0.02707135,0.0517444,0.0,0.0,0.0,0.0
2.01048,0.38,1.91,1.91364,0.02708009,0.05181287,0.0,0.0,0.02708009,0.05181287,0.0,0.0,0.0,0.0
2.01143,0.38,1.911,1.91464,0.02708884,0.0518814,0.0,0.0,0.02708884,0.0518814,0.0,0.0,0.0,0.0
2.01238,0.38,1.912,1.91564,0.02709758,0.05194999,0.0,0.0,0.02709758,0.05194999,0.0,0.0,0.0,0.0
2.01334,0.38,1.913,1.91664,0.02710633,0.05201865,0.0,0.0,0.02710633,0.05201865,0.0,0.0,0.0,0.0
2.01429,0.38,1.914,1.91764,0.02711507,0.05208737,0.0,0.0,0.02711507,0.05208737,0.0,0.0,0.0,0.0
2.01524,0.38,1.915,1.91864,0.02712381,0.05215616,0.0,0.0,0.02712381,0.05215616,0.0,0.0,0.0,0.0
2.01619,0.38,1.916,1.91964,0.02713256,0.05222501,0.0,0.0,0.02713256,0.05222501,0.0,0.0,0.0,0.0
2.01714,0.38,1.917,1.92064,0.0271413,0.05229393,0.0,0.0,0.0271413,0.05229393,0.0,0.0,0.0,0.0
2.0181,0.38,1.918,1.92164,0.02715004,0.05236291,0.0,0.0,0.02715004,0.05236291,0.0,0.0,0.0,0.0
2.01905,0.38,1.919,1.92264,0.02715879,0.05243195,0.0,0.0,0.02715879,0.05243195,0.0,0.0,0.0,0.0
2.02,0.38,1.92,1.92364,0.02716753,0.05250106,0.0,0.0,0.02716753,0.05250106,0.0,0.0,0.0,0.0
2.02095,0.38,1.921,1.92464,0.02717628,0.05257024,0.0,0.0,0.02717628,0.05257024,0.0,0.0,0.0,0.0
2.0219,0.38,1.922,1.92564,0.02718502,0.05263947,0.0,0.0,0.02718502,0.05263947,0.0,0.0,0.0,0.0
2.02286,0.38,1.923,1.92664,0.02719376,0.05270878,0.0,0.0,0.02719376,0.05270878,0.0,0.0,0.0,0.0
2.02381,0.38,1.924,1.92764,0.02720251,0.05277815,0.0,0.0,0.02720251,0.05277815,0.0,0.0,0.0,0.0
2.02476,0.38,1.925,1.92864,0.02721125,0.05284758,0.0,0.0,0.02721125,0.05284758,0.0,0.0,0.0,0.0
2.02571,0.38,1.926,1.92964,0.02722,0.05291707,0.0,0.0,0.02722,0.05291707,0.0,0.0,0.0,0.0
2.02667,0.38,1.927,1.93064,0.02722874,0.05298664,0.0,0.0,0.02722874,0.05298664,0.0,0.0,0.0,0.0
2.02762,0.38,1.928,1.93164,0.02723749,0.05305626,0.0,0.0,0.02723749,0.05305626,0.0,0.0,0.0,0.0
2.02857,0.38,1.929,1.93264,0.02724623,0.05312595,0.0,0.0,0.02724623,0.05312595,0.0,0.0,0.0,0.0
2.02953,0.38,1.93,1.93364,0.02725498,0.05319571,0.0,0.0,0.02725498,0.05319571,0.0,0.0,0.0,0.0
2.03048,0.38,1.931,1.93464,0.02726372,0.05326553,0.0,0.0,0.02726372,0.05326553,0.0,0.0,0.0,0.0
2.03143,0.38,1.932,1.93564,0.02727247,0.05333542,0.0,0.0,0.02727247,0.05333542,0.0,0.0,0.0,0.0
2.03238,0.38,1.933,1.93664,0.02728121,0.05340537,0.0,0.0,0.02728121,0.05340537,0.0,0.0,0.0,0.0
2.03334,0.38,1.934,1.93764,0.02728996,0.05347538,0.0,0.0,0.02728996,0.05347538,0.0,0.0,0.0,0.0
2.03429,0.38,1.935,1.93864,0.02729894,0.0535452,0.0,0.0,0.02729894,0.0535452,0.0,0.0,0.0,0.0
2.03524,0.38,1.936,1.93964,0.02730775,0.05361521,0.0,0.0,0.02730775,0.05361521,0.0,0.0,0.0,0.0
2.0362,0.38,1.937,1.94064,0.02731653,0.05368531,0.0,0.0,0.02731653,0.05368531,0.0,0.0,0.0,0.0
2.03715,0.38,1.938,1.94164,0.0273253,0.0537555,0.0,0.0,0.0273253,0.0537555,0.0,0.0,0.0,0.0
2.0381,0.38,1.939,1.94264,0.02733432,0.05382577,0.0,0.0,0.02733432,0.05382577,0.0,0.0,0.0,0.0
2.03906,0.38,1.94,1.94364,0.02734312,0.0538961,0.0,0.0,0.02734312,0.0538961,0.0,0.0,0.0,0.0
2.04001,0.38,1.941,1.94464,0.0273519,0.05396651,0.0,0.0,0.0273519,0.05396651,0.0,0.0,0.0,0.0
2.04096,0.38,1.942,1.94564,0.02736067,0.05403698,0.0,0.0,0.02736067,0.05403698,0.0,0.0,0.0,0.0
2.04192,0.38,1.943,1.94664,0.02736944,0.05410752,0.0,0.0,0.02736944,0.05410752,0.0,0.0,0.0,0.0
2.04287,0.38,1.944,1.94764,0.0273782,0.05417813,0.0,0.0,0.0273782,0.05417813,0.0,0.0,0.0,0.0
2.04382,0.38,1.945,1.94864,0.02738696,0.05424881,0.0,0.0,0.02738696,0.05424881,0.0,0.0,0.0,0.0
2.04478,0.38,1.946,1.94964,0.02739572,0.05431956,0.0,0.0,0.02739572,0.05431956,0.0,0.0,0.0,0.0
2.04573,0.38,1.947,1.95064,0.02740448,0.05439037,0.0,0.0,0.02740448,0.05439037,0.0,0.0,0.0,0.0
2.04668,0.38,1.948,1.95164,0.02741324,0.05446125,0.0,0.0,0.02741324,0.05446125,0.0,0.0,0.0,0.0
2.04764,0.38,1.949,1.95264,0.027422,0.0545322,0.0,0.0,0.027422,0.0545322,0.0,0.0,0.0,0.0
2.04859,0.38,1.95,1.95364,0.02743075,0.05460321,0.0,0.0,0.02743075,0.05460321,0.0,0.0,0.0,0.0
2.04954,0.38,1.951,1.95464,0.02743951,0.05467429,0.0,0.0,0.02743951,0.05467429,0.0,0.0,0.0,0.0
2.0505,0.38,1.952,1.95564,0.02744826,0.05474544,0.0,0.0,0.02744826,0.05474544,0.0,0.0,0.0,0.0
2.05145,0.38,1.953,1.95664,0.02745702,0.05481665,0.0,0.0,0.02745702,0.05481665,0.0,0.0,0.0,0.0
2.0524,0.38,1.954,1.95764,0.02746577,0.05488793,0.0,0.0,0.02746577,0.05488793,0.0,0.0,0.0,0.0
2.05336,0.38,1.955,1.95864,0.02747453,0.05495928,0.0,0.0,0.02747453,0.05495928,0.0,0.0,0.0,0.0
2.05431,0.38,1.956,1.95964,0.02748328,0.05503069,0.0,0.0,0.02748328,0.05503069,0.0,0.0,0.0,0.0
2.05527,0.38,1.957,1.96064,0.02749203,0.05510217,0.0,0.0,0.02749203,0.05510217,0.0,0.0,0.0,0.0
2.05622,0.38,1.958,1.96164,0.02750079,0.05517372,0.0,0.0,0.02750079,0.05517372,0.0,0.0,0.0,0.0
2.05717,0.38,1.959,1.96264,0.02750954,0.05524533,0.0,0.0,0.02750954,0.05524533,0.0,0.0,0.0,0.0
2.05813,0.38,1.96,1.96364,0.02751829,0.05531701,0.0,0.0,0.02751829,0.05531701,0.0,0.0,0.0,0.0
2.05908,0.38,1.961,1.96464,0.02752705,0.05538876,0.0,0.0,0.02752705,0.05538876,0.0,0.0,0.0,0.0
2.06004,0.38,1.962,1.96564,0.0275358,0.05546058,0.0,0.0,0.0275358,0.05546058,0.0,0.0,0.0,0.0
2.06099,0.38,1.963,1.96664,0.02754455,0.05553246,0.0,0.0,0.02754455,0.05553246,0.0,0.0,0.0,0.0
2.06194,0.38,1.964,1.96764,0.02755331,0.0556044,0.0,0.0,0.02755331,0.0556044,0.0,0.0,0.0,0.0
2.0629,0.38,1.965,1.96864,0.02756206,0.05567642,0.0,0.0,0.02756206,0.05567642,0.0,0.0,0.0,0.0
2.06385,0.38,1.966,1.96964,0.02757081,0.0557485,0.0,0.0,0.02757081,0.0557485,0.0,0.0,0.0,0.0
2.06481,0.38,1.967,1.97064,0.02757957,0.05582065,0.0,0.0,0.02757957,0.05582065,0.0,0.0,0.0,0.0
2.06576,0.38,1.968,1.97164,0.02758832,0.05589286,0.0,0.0,0.02758832,0.05589286,0.0,0.0,0.0,0.0
2.06672,0.38,1.969,1.97264,0.02759707,0.05596515,0.0,0.0,0.02759707,0.05596515,0.0,0.0,0.0,0.0
2.06767,0.38,1.97,1.97364,0.02760582,0.0560375,0.0,0.0,0.02760582,0.0560375,0.0,0.0,0.0,0.0
2.06863,0.38,1.971,1.97464,0.02761458,0.05610991,0.0,0.0,0.02761458,0.05610991,0.0,0.0,0.0,0.0
2.06958,0.38,1.972,1.97564,0.02762333,0.0561824,0.0,0.0,0.02762333,0.0561824,0.0,0.0,0.0,0.0
2.07054,0.38,1.973,1.97664,0.02763208,0.05625495,0.0,0.0,0.02763208,0.05625495,0.0,0.0,0.0,0.0
2.07149,0.38,1.974,1.97764,0.02764083,0.05632757,0.0,0.0,0.02764083,0.05632757,0.0,0.0,0.0,0.0
2.07244,0.38,1.975,1.97864,0.02764959,0.05640025,0.0,0.0,0.02764959,0.05640025,0.0,0.0,0.0,0.0
2.0734,0.38,1.976,1.97964,0.02765855,0.05647274,0.0,0.0,0.02765855,0.05647274,0.0,0.0,0.0,0.0
2.07435,0.38,1.977,1.98064,0.02766735,0.05654546,0.0,0.0,0.02766735,0.05654546,0.0,0.0,0.0,0.0
2.07531,0.38,1.978,1.98164,0.02767613,0.05661826,0.0,0.0,0.02767613,0.05661826,0.0,0.0,0.0,0.0
2.07626,0.38,1.979,1.98264,0.02768503,0.05669114,0.0,0.0,0.02768503,0.05669114,0.0,0.0,0.0,0.0
2.07722,0.38,1.98,1.98364,0.02769389,0.0567641,0.0,0.0,0.02769389,0.0567641,0.0,0.0,0.0,0.0
2.07817,0.38,1.981,1.98464,0.02770268,0.05683714,0.0,0.0,0.02770268,0.05683714,0.0,0.0,0.0,0.0
2.07913,0.38,1.982,1.98564,0.02771145,0.05691024,0.0,0.0,0.02771145,0.05691024,0.0,0.0,0.0,0.0
2.08008,0.38,1.983,1.98664,0.02772022,0.05698342,0.0,0.0,0.02772022,0.05698342,0.0,0.0,0.0,0.0
2.08104,0.38,1.984,1.98764,0.02772899,0.05705666,0.0,0.0,0.02772899,0.05705666,0.0,0.0,0.0,0.0
2.08199,0.38,1.985,1.98864,0.02773776,0.05712998,0.0,0.0,0.02773776,0.05712998,0.0,0.0,0.0,0.0
2.08295,0.38,1.986,1.98964,0.02774652,0.05720336,0.0,0.0,0.02774652,0.05720336,0.0,0.0,0.0,0.0
2.0839,0.38,1.987,1.99064,0.02775528,0.05727682,0.0,0.0,0.02775528,0.05727682,0.0,0.0,0.0,0.0
2.08486,0.38,1.988,1.99164,0.02776404,0.05735034,0.0,0.0,0.02776404,0.05735034,0.0,0.0,0.0,0.0
2.08581,0.38,1.989,1.99264,0.0277728,0.05742394,0.0,0.0,0.0277728,0.05742394,0.0,0.0,0.0,0.0
2.08677,0.38,1.99,1.99364,0.02778156,0.0574976,0.0,0.0,0.02778156,0.0574976,0.0,0.0,0.0,0.0
2.08773,0.38,1.991,1.99464,0.02779032,0.05757133,0.0,0.0,0.02779032,0.05757133,0.0,0.0,0.0,0.0
2.08868,0.38,1.992,1.99564,0.02779908,0.05764513,0.0,0.0,0.02779908,0.05764513,0.0,0.0,0.0,0.0
2.08964,0.38,1.993,1.99664,0.02780783,0.057719,0.0,0.0,0.02780783,0.057719,0.0,0.0,0.0,0.0
2.09059,0.38,1.994,1.99764,0.02781659,0.05779294,0.0,0.0,0.02781659,0.05779294,0.0,0.0,0.0,0.0
2.09155,0.38,1.995,1.99864,0.02782535,0.05786695,0.0,0.0,0.02782535,0.05786695,0.0,0.0,0.0,0.0
2.0925,0.38,1.996,1.99964,0.0278341,0.05794103,0.0,0.0,0.0278341,0.05794103,0.0,0.0,0.0,0.0
2.09346,0.38,1.997,2.00064,0.02784286,0.05801518,0.0,0.0,0.02784286,0.05801518,0.0,0.0,0.0,0.0
2.09441,0.38,1.998,2.00164,0.02785161,0.05808939,0.0,0.0,0.02785161,0.05808939,0.0,0.0,0.0,0.0
2.09537,0.38,1.999,2.00264,0.02786037,0.05816368,0.0,0.0,0.02786037,0.05816368,0.0,0.0,0.0,0.0
2.09633,0.38,2.0,2.00364,0.02786912,0.05823804,0.0,0.0,0.02786912,0.05823804,0.0,0.0,0.0,0.0
2.09728,0.38,2.001,2.00464,0.02787787,0.05831246,0.0,0.0,0.02787787,0.05831246,0.0,0.0,0.0,0.0
2.09824,0.38,2.002,2.00564,0.02788663,0.05838696,0.0,0.0,0.02788663,0.05838696,0.0,0.0,0.0,0.0
2.09919,0.38,2.003,2.00664,0.02789538,0.05846152,0.0,0.0,0.02789538,0.05846152,0.0,0.0,0.0,0.0
2.10015,0.38,2.004,2.00764,0.02790413,0.05853615,0.0,0.0,0.02790413,0.05853615,0.0,0.0,0.0,0.0
2.10111,0.38,2.005,2.00864,0.02791289,0.05861086,0.0,0.0,0.02791289,0.05861086,0.0,0.0,0.0,0.0
2.10206,0.38,2.006,2.00964,0.02792164,0.05868563,0.0,0.0,0.02792164,0.05868563,0.0,0.0,0.0,0.0
2.10302,0.38,2.007,2.01064,0.02793039,0.05876047,0.0,0.0,0.02793039,0.05876047,0.0,0.0,0.0,0.0
2.10397,0.38,2.008,2.01164,0.02793915,0.05883538,0.0,0.0,0.02793915,0.05883538,0.0,0.0,0.0,0.0
2.10493,0.38,2.009,2.01264,0.0279479,0.05891037,0.0,0.0,0.0279479,0.05891037,0.0,0.0,0.0,0.0
2.10589,0.38,2.01,2.01364,0.02795665,0.05898542,0.0,0.0,0.02795665,0.05898542,0.0,0.0,0.0,0.0
2.10684,0.38,2.011,2.01464,0.0279654,0.05906054,0.0,0.0,0.0279654,0.05906054,0.0,0.0,0.0,0.0
2.1078,0.38,2.012,2.01564,0.02797415,0.05913573,0.0,0.0,0.02797415,0.05913573,0.0,0.0,0.0,0.0
2.10875,0.38,2.013,2.01664,0.0279829,0.05921099,0.0,0.0,0.0279829,0.05921099,0.0,0.0,0.0,0.0
2.10971,0.38,2.014,2.01764,0.02799166,0.05928633,0.0,0.0,0.02799166,0.05928633,0.0,0.0,0.0,0.0
2.11067,0.38,2.015,2.01864,0.02800041,0.05936173,0.0,0.0,0.02800041,0.05936173,0.0,0.0,0.0,0.0
2.11162,0.38,2.016,2.01964,0.02800916,0.0594372,0.0,0.0,0.02800916,0.0594372,0.0,0.0,0.0,0.0
2.11258,0.38,2.017,2.02064,0.02801791,0.05951274,0.0,0.0,0.02801791,0.05951274,0.0,0.0,0.0,0.0
2.11354,0.38,2.018,2.02164,0.02802681,0.05958818,0.0,0.0,0.02802681,0.05958818,0.0,0.0,0.0,0.0
2.11449,0.38,2.019,2.02264,0.02803561,0.05966375,0.0,0.0,0.02803561,0.05966375,0.0,0.0,0.0,0.0
2.11545,0.38,2.02,2.02364,0.02804438,0.05973943,0.0,0.0,0.02804438,0.05973943,0.0,0.0,0.0,0.0
2.11641,0.38,2.021,2.02464,0.02805315,0.05981519,0.0,0.0,0.02805315,0.05981519,0.0,0.0,0.0,0.0
2.11736,0.38,2.022,2.02564,0.02806208,0.05989103,0.0,0.0,0.02806208,0.05989103,0.0,0.0,0.0,0.0
2.11832,0.38,2.023,2.02664,0.02807087,0.05996694,0.0,0.0,0.02807087,0.05996694,0.0,0.0,0.0,0.0
2.11928,0.38,2.024,2.02764,0.02807964,0.06004293,0.0,0.0,0.02807964,0.06004293,0.0,0.0,0.0,0.0
2.12023,0.38,2.025,2.02864,0.02808841,0.06011899,0.0,0.0,0.02808841,0.06011899,0.0,0.0,0.0,0.0
2.12119,0.38,2.026,2.02964,0.02809717,0.06019513,0.0,0.0,0.02809717,0.06019513,0.0,0.0,0.0,0.0
2.12215,0.38,2.027,2.03064,0.02810593,0.06027133,0.0,0.0,0.02810593,0.06027133,0.0,0.0,0.0,0.0
2.1231,0.38,2.028,2.03164,0.02811469,0.06034761,0.0,0.0,0.02811469,0.06034761,0.0,0.0,0.0,0.0
2.12406,0.38,2.029,2.03264,0.02812345,0.06042397,0.0,0.0,0.02812345,0.06042397,0.0,0.0,0.0,0.0
2.12502,0.38,2.03,2.03364,0.0281322,0.06050039,0.0,0.0,0.0281322,0.06050039,0.0,0.0,0.0,0.0
2.12598,0.38,2.031,2.03464,0.02814096,0.06057689,0.0,0.0,0.02814096,0.06057689,0.0,0.0,0.0,0.0
2.12693,0.38,2.032,2.03564,0.02814971,0.06065346,0.0,0.0,0.02814971,0.06065346,0.0,0.0,0.0,0.0
2.12789,0.38,2.033,2.03664,0.02815846,0.0607301,0.0,0.0,0.02815846,0.0607301,0.0,0.0,0.0,0.0
2.12885,0.38,2.034,2.03764,0.02816721,0.06080682,0.0,0.0,0.02816721,0.06080682,0.0,0.0,0.0,0.0
2.1298,0.38,2.035,2.03864,0.02817597,0.0608836,0.0,0.0,0.02817597,0.0608836,0.0,0.0,0.0,0.0
2.13076,0.38,2.036,2.03964,0.02818472,0.06096046,0.0,0.0,0.02818472,0.06096046,0.0,0.0,0.0,0.0
2.13172,0.38,2.037,2.04064,0.02819347,0.06103739,0.0,0.0,0.02819347,0.06103739,0.0,0.0,0.0,0.0
2.13268,0.38,2.038,2.04164,0.02820222,0.0611144,0.0,0.0,0.02820222,0.0611144,0.0,0.0,0.0,0.0
2.13363,0.38,2.039,2.04264,0.02821096,0.06119147,0.0,0.0,0.02821096,0.06119147,0.0,0.0,0.0,0.0
2.13459,0.38,2.04,2.04364,0.02821971,0.06126862,0.0,0.0,0.02821971,0.06126862,0.0,0.0,0.0,0.0
2.13555,0.38,2.041,2.04464,0.02822846,0.06134584,0.0,0.0,0.02822846,0.06134584,0.0,0.0,0.0,0.0
2.1365,0.38,2.042,2.04564,0.02823721,0.06142313,0.0,0.0,0.02823721,0.06142313,0.0,0.0,0.0,0.0
2.13746,0.38,2.043,2.04664,0.02824596,0.0615005,0.0,0.0,0.02824596,0.0615005,0.0,0.0,0.0,0.0
2.13842,0.38,2.044,2.04764,0.0282547,0.06157793,0.0,0.0,0.0282547,0.06157793,0.0,0.0,0.0,0.0
2.13938,0.38,2.045,2.04864,0.02826345,0.06165544,0.0,0.0,0.02826345,0.06165544,0.0,0.0,0.0,0.0
2.14034,0.38,2.046,2.04964,0.0282722,0.06173303,0.0,0.0,0.0282722,0.06173303,0.0,0.0,0.0,0.0
2.14129,0.38,2.047,2.05064,0.02828094,0.06181068,0.0,0.0,0.02828094,0.06181068,0.0,0.0,0.0,0.0
2.14225,0.38,2.048,2.05164,0.02828969,0.06188841,0.0,0.0,0.02828969,0.06188841,0.0,0.0,0.0,0.0
2.14321,0.38,2.049,2.05264,0.02829843,0.06196621,0.0,0.0,0.02829843,0.06196621,0.0,0.0,0.0,0.0
2.14417,0.38,2.05,2.05364,0.02830718,0.06204408,0.0,0.0,0.02830718,0.06204408,0.0,0.0,0.0,0.0
2.14512,0.38,2.051,2.05464,0.02831592,0.06212203,0.0,0.0,0.02831592,0.06212203,0.0,0.0,0.0,0.0
2.14608,0.38,2.052,2.05564,0.02832467,0.06220005,0.0,0.0,0.02832467,0.06220005,0.0,0.0,0.0,0.0
2.14704,0.38,2.053,2.05664,0.02833341,0.06227814,0.0,0.0,0.02833341,0.06227814,0.0,0.0,0.0,0.0
2.148,0.38,2.054,2.05764,0.02834215,0.06235631,0.0,0.0,0.02834215,0.06235631,0.0,0.0,0.0,0.0
2.14896,0.38,2.055,2.05864,0.0283509,0.06243455,0.0,0.0,0.0283509,0.06243455,0.0,0.0,0.0,0.0
2.14991,0.38,2.056,2.05964,0.02835964,0.06251286,0.0,0.0,0.02835964,0.06251286,0.0,0.0,0.0,0.0
2.15087,0.38,2.057,2.06064,0.02836838,0.06259125,0.0,0.0,0.02836838,0.06259125,0.0,0.0,0.0,0.0
2.15183,0.38,2.058,2.06164,0.02837713,0.06266971,0.0,0.0,0.02837713,0.06266971,0.0,0.0,0.0,0.0
2.15279,0.38,2.059,2.06264,0.02838587,0.06274824,0.0,0.0,0.02838587,0.06274824,0.0,0.0,0.0,0.0
2.15375,0.38,2.06,2.06364,0.02839461,0.06282684,0.0,0.0,0.02839461,0.06282684,0.0,0.0,0.0,0.0
2.1547,0.38,2.061,2.06464,0.02840335,0.06290552,0.0,0.0,0.02840335,0.06290552,0.0,0.0,0.0,0.0
2.15566,0.38,2.062,2.06564,0.02841221,0.06298415,0.0,0.0,0.02841221,0.06298415,0.0,0.0,0.0,0.0
2.15662,0.38,2.063,2.06664,0.02842099,0.06306287,0.0,0.0,0.02842099,0.06306287,0.0,0.0,0.0,0.0
2.15758,0.38,2.064,2.06764,0.02842976,0.0631417,0.0,0.0,0.02842976,0.0631417,0.0,0.0,0.0,0.0
2.15854,0.38,2.065,2.06864,0.02843851,0.06322062,0.0,0.0,0.02843851,0.06322062,0.0,0.0,0.0,0.0
2.1595,0.38,2.066,2.06964,0.02844739,0.06329962,0.0,0.0,0.02844739,0.06329962,0.0,0.0,0.0,0.0
2.16045,0.38,2.067,2.07064,0.02845617,0.0633787,0.0,0.0,0.02845617,0.0633787,0.0,0.0,0.0,0.0
2.16141,0.38,2.068,2.07164,0.02846493,0.06345786,0.0,0.0,0.02846493,0.06345786,0.0,0.0,0.0,0.0
2.16237,0.38,2.069,2.07264,0.02847368,0.06353709,0.0,0.0,0.02847368,0.06353709,0.0,0.0,0.0,0.0
2.16333,0.38,2.07,2.07364,0.02848243,0.0636164,0.0,0.0,0.02848243,0.0636164,0.0,0.0,0.0,0.0
2.16429,0.38,2.071,2.07464,0.02849118,0.06369578,0.0,0.0,0.02849118,0.06369578,0.0,0.0,0.0,0.0
2.16525,0.38,2.072,2.07564,0.02849993,0.06377524,0.0,0.0,0.02849993,0.06377524,0.0,0.0,0.0,0.0
2.1662,0.38,2.073,2.07664,0.02850867,0.06385478,0.0,0.0,0.02850867,0.06385478,0.0,0.0,0.0,0.0
2.16716,0.38,2.074,2.07764,0.02851742,0.06393439,0.0,0.0,0.02851742,0.06393439,0.0,0.0,0.0,0.0
2.16812,0.38,2.075,2.07864,0.02852616,0.06401408,0.0,0.0,0.02852616,0.06401408,0.0,0.0,0.0,0.0
2.16908,0.38,2.076,2.07964,0.0285349,0.06409384,0.0,0.0,0.0285349,0.06409384,0.0,0.0,0.0,0.0
2.17004,0.38,2.077,2.08064,0.02854364,0.06417368,0.0,0.0,0.02854364,0.06417368,0.0,0.0,0.0,0.0
2.171,0.38,2.078,2.08164,0.02855238,0.06425359,0.0,0.0,0.02855238,0.06425359,0.0,0.0,0.0,0.0
2.17196,0.38,2.079,2.08264,0.02856112,0.06433358,0.0,0.0,0.02856112,0.06433358,0.0,0.0,0.0,0.0
2.17292,0.38,2.08,2.08364,0.02856986,0.06441365,0.0,0.0,0.02856986,0.06441365,0.0,0.0,0.0,0.0
2.17388,0.38,2.081,2.08464,0.0285786,0.06449379,0.0,0.0,0.0285786,0.06449379,0.0,0.0,0.0,0.0
2.17483,0.38,2.082,2.08564,0.02858734,0.064574,0.0,0.0,0.02858734,0.064574,0.0,0.0,0.0,0.0
2.17579,0.38,2.083,2.08664,0.02859607,0.06465429,0.0,0.0,0.02859607,0.06465429,0.0,0.0,0.0,0.0
2.17675,0.38,2.084,2.08764,0.02860481,0.06473466,0.0,0.0,0.02860481,0.06473466,0.0,0.0,0.0,0.0
2.17771,0.38,2.085,2.08864,0.02861355,0.0648151,0.0,0.0,0.02861355,0.0648151,0.0,0.0,0.0,0.0
2.17867,0.38,2.086,2.08964,0.02862228,0.06489562,0.0,0.0,0.02862228,0.06489562,0.0,0.0,0.0,0.0
2.17963,0.38,2.087,2.09064,0.02863102,0.06497622,0.0,0.0,0.02863102,0.06497622,0.0,0.0,0.0,0.0
2.18059,0.38,2.088,2.09164,0.02863975,0.06505689,0.0,0.0,0.02863975,0.06505689,0.0,0.0,0.0,0.0
2.18155,0.38,2.089,2.09264,0.02864849,0.06513764,0.0,0.0,0.02864849,0.06513764,0.0,0.0,0.0,0.0
2.18251,0.38,2.09,2.09364,0.02865722,0.06521846,0.0,0.0,0.02865722,0.06521846,0.0,0.0,0.0,0.0
2.18347,0.38,2.091,2.09464,0.02866595,0.06529936,0.0,0.0,0.02866595,0.06529936,0.0,0.0,0.0,0.0
2.18443,0.38,2.092,2.09564,0.02867469,0.06538033,0.0,0.0,0.02867469,0.06538033,0.0,0.0,0.0,0.0
2.18539,0.38,2.093,2.09664,0.02868342,0.06546138,0.0,0.0,0.02868342,0.06546138,0.0,0.0,0.0,0.0
2.18634,0.38,2.094,2.09764,0.02869215,0.06554251,0.0,0.0,0.02869215,0.06554251,0.0,0.0,0.0,0.0
2.1873,0.38,2.095,2.09864,0.02870088,0.06562372,0.0,0.0,0.02870088,0.06562372,0.0,0.0,0.0,0.0
2.18826,0.38,2.096,2.09964,0.02870962,0.065705,0.0,0.0,0.02870962,0.065705,0.0,0.0,0.0,0.0
2.18922,0.38,2.097,2.10064,0.02871835,0.06578635,0.0,0.0,0.02871835,0.06578635,0.0,0.0,0.0,0.0
2.19018,0.38,2.098,2.10164,0.02872708,0.06586779,0.0,0.0,0.02872708,0.06586779,0.0,0.0,0.0,0.0
2.19114,0.38,2.099,2.10264,0.02873581,0.0659493,0.0,0.0,0.02873581,0.0659493,0.0,0.0,0.0,0.0
2.1921,0.38,2.1,2.10364,0.02874454,0.06603089,0.0,0.0,0.02874454,0.06603089,0.0,0.0,0.0,0.0
2.19306,0.38,2.101,2.10464,0.02875327,0.06611255,0.0,0.0,0.02875327,0.06611255,0.0,0.0,0.0,0.0
2.19402,0.38,2.102,2.10564,0.028762,0.06619429,0.0,0.0,0.028762,0.06619429,0.0,0.0,0.0,0.0
2.19498,0.38,2.103,2.10664,0.02877073,0.06627611,0.0,0.0,0.02877073,0.06627611,0.0,0.0,0.0,0.0
2.19594,0.38,2.104,2.10764,0.02877945,0.066358,0.0,0.0,0.02877945,0.066358,0.0,0.0,0.0,0.0
2.1969,0.38,2.105,2.10864,0.02878818,0.06643998,0.0,0.0,0.02878818,0.06643998,0.0,0.0,0.0,0.0
2.19786,0.38,2.106,2.10964,0.02879691,0.06652202,0.0,0.0,0.02879691,0.06652202,0.0,0.0,0.0,0.0
2.19882,0.38,2.107,2.11064,0.02880564,0.06660415,0.0,0.0,0.02880564,0.06660415,0.0,0.0,0.0,0.0
2.19978,0.38,2.108,2.11164,0.02881446,0.06668625,0.0,0.0,0.02881446,0.06668625,0.0,0.0,0.0,0.0
2.20074,0.38,2.109,2.11264,0.02882322,0.06676844,0.0,0.0,0.02882322,0.06676844,0.0,0.0,0.0,0.0
2.2017,0.38,2.11,2.11364,0.02883197,0.06685074,0.0,0.0,0.02883197,0.06685074,0.0,0.0,0.0,0.0
2.20266,0.38,2.111,2.11464,0.0288407,0.06693313,0.0,0.0,0.0288407,0.06693313,0.0,0.0,0.0,0.0
2.20362,0.38,2.112,2.11564,0.02884953,0.0670156,0.0,0.0,0.02884953,0.0670156,0.0,0.0,0.0,0.0
2.20458,0.38,2.113,2.11664,0.0288583,0.06709816,0.0,0.0,0.0288583,0.06709816,0.0,0.0,0.0,0.0
2.20554,0.38,2.114,2.11764,0.02886704,0.06718079,0.0,0.0,0.02886704,0.06718079,0.0,0.0,0.0,0.0
2.2065,0.38,2.115,2.11864,0.02887578,0.06726351,0.0,0.0,0.02887578,0.06726351,0.0,0.0,0.0,0.0
2.20746,0.38,2.116,2.11964,0.02888451,0.0673463,0.0,0.0,0.02888451,0.0673463,0.0,0.0,0.0,0.0
2.20842,0.38,2.117,2.12064,0.02889324,0.06742917,0.0,0.0,0.02889324,0.06742917,0.0,0.0,0.0,0.0
2.20938,0.38,2.118,2.12164,0.02890197,0.06751213,0.0,0.0,0.02890197,0.06751213,0.0,0.0,0.0,0.0
2.21034,0.38,2.119,2.12264,0.0289107,0.06759516,0.0,0.0,0.0289107,0.06759516,0.0,0.0,0.0,0.0
2.2113,0.38,2.12,2.12364,0.02891943,0.06767827,0.0,0.0,0.02891943,0.06767827,0.0,0.0,0.0,0.0
2.21226,0.38,2.121,2.12464,0.02892816,0.06776146,0.0,0.0,0.02892816,0.06776146,0.0,0.0,0.0,0.0
2.21322,0.38,2.122,2.12564,0.02893688,0.06784473,0.0,0.0,0.02893688,0.06784473,0.0,0.0,0.0,0.0
2.21418,0.38,2.123,2.12664,0.02894561,0.06792808,0.0,0.0,0.02894561,0.06792808,0.0,0.0,0.0,0.0
2.21514,0.38,2.124,2.12764,0.02895433,0.06801151,0.0,0.0,0.02895433,0.06801151,0.0,0.0,0.0,0.0
2.2161,0.38,2.125,2.12864,0.02896306,0.06809502,0.0,0.0,0.02896306,0.06809502,0.0,0.0,0.0,0.0
2.21706,0.38,2.126,2.12964,0.02897178,0.06817861,0.0,0.0,0.02897178,0.06817861,0.0,0.0,0.0,0.0
2.21803,0.38,2.127,2.13064,0.0289805,0.06826227,0.0,0.0,0.0289805,0.06826227,0.0,0.0,0.0,0.0
2.21899,0.38,2.128,2.13164,0.02898922,0.06834602,0.0,0.0,0.02898922,0.06834602,0.0,0.0,0.0,0.0
2.21995,0.38,2.129,2.13264,0.02899794,0.06842984,0.0,0.0,0.02899794,0.06842984,0.0,0.0,0.0,0.0
2.22091,0.38,2.13,2.13364,0.02900667,0.06851375,0.0,0.0,0.02900667,0.06851375,0.0,0.0,0.0,0.0
2.22187,0.38,2.131,2.13464,0.02901539,0.06859773,0.0,0.0,0.02901539,0.06859773,0.0,0.0,0.0,0.0
2.22283,0.38,2.132,2.13564,0.02902411,0.0686818,0.0,0.0,0.02902411,0.0686818,0.0,0.0,0.0,0.0
2.22379,0.38,2.133,2.13664,0.02903282,0.06876594,0.0,0.0,0.02903282,0.06876594,0.0,0.0,0.0,0.0
2.22475,0.38,2.134,2.13764,0.02904154,0.06885016,0.0,0.0,0.02904154,0.06885016,0.0,0.0,0.0,0.0
2.22571,0.38,2.135,2.13864,0.02905026,0.06893446,0.0,0.0,0.02905026,0.06893446,0.0,0.0,0.0,0.0
2.22667,0.38,2.136,2.13964,0.02905898,0.06901885,0.0,0.0,0.02905898,0.06901885,0.0,0.0,0.0,0.0
2.22763,0.38,2.137,2.14064,0.0290677,0.06910331,0.0,0.0,0.0290677,0.06910331,0.0,0.0,0.0,0.0
2.22859,0.38,2.138,2.14164,0.02907641,0.06918785,0.0,0.0,0.02907641,0.06918785,0.0,0.0,0.0,0.0
2.22956,0.38,2.139,2.14264,0.02908513,0.06927247,0.0,0.0,0.02908513,0.06927247,0.0,0.0,0.0,0.0
2.23052,0.38,2.14,2.14364,0.02909385,0.06935718,0.0,0.0,0.02909385,0.06935718,0.0,0.0,0.0,0.0
2.23148,0.38,2.141,2.14464,0.02910256,0.06944196,0.0,0.0,0.02910256,0.06944196,0.0,0.0,0.0,0.0
2.23244,0.38,2.142,2.14564,0.02911128,0.06952682,0.0,0.0,0.02911128,0.06952682,0.0,0.0,0.0,0.0
2.2334,0.38,2.143,2.14664,0.02911999,0.06961177,0.0,0.0,0.02911999,0.06961177,0.0,0.0,0.0,0.0
2.23436,0.38,2.144,2.14764,0.02912871,0.06969679,0.0,0.0,0.02912871,0.06969679,0.0,0.0,0.0,0.0
2.23532,0.38,2.145,2.14864,0.02913742,0.0697819,0.0,0.0,0.02913742,0.0697819,0.0,0.0,0.0,0.0
2.23628,0.38,2.146,2.14964,0.02914614,0.06986708,0.0,0.0,0.02914614,0.06986708,0.0,0.0,0.0,0.0
2.23724,0.38,2.147,2.15064,0.02915485,0.06995235,0.0,0.0,0.02915485,0.06995235,0.0,0.0,0.0,0.0
2.23821,0.38,2.148,2.15164,0.02916356,0.07003769,0.0,0.0,0.02916356,0.07003769,0.0,0.0,0.0,0.0
2.23917,0.38,2.149,2.15264,0.02917228,0.07012312,0.0,0.0,0.02917228,0.07012312,0.0,0.0,0.0,0.0
2.24013,0.38,2.15,2.15364,0.02918099,0.07020863,0.0,0.0,0.02918099,0.07020863,0.0,0.0,0.0,0.0
2.24109,0.38,2.151,2.15464,0.0291897,0.07029422,0.0,0.0,0.0291897,0.07029422,0.0,0.0,0.0,0.0
2.24205,0.38,2.152,2.15564,0.02919841,0.07037989,0.0,0.0,0.02919841,0.07037989,0.0,0.0,0.0,0.0
2.24301,0.38,2.153,2.15664,0.02920712,0.07046564,0.0,0.0,0.02920712,0.07046564,0.0,0.0,0.0,0.0
2.24397,0.38,2.154,2.15764,0.02921583,0.07055147,0.0,0.0,0.02921583,0.07055147,0.0,0.0,0.0,0.0
2.24494,0.38,2.155,2.15864,0.02922454,0.07063739,0.0,0.0,0.02922454,0.07063739,0.0,0.0,0.0,0.0
2.2459,0.38,2.156,2.15964,0.02923333,0.0707233,0.0,0.0,0.02923333,0.0707233,0.0,0.0,0.0,0.0
2.24686,0.38,2.157,2.16064,0.02924207,0.0708093,0.0,0.0,0.02924207,0.0708093,0.0,0.0,0.0,0.0
2.24782,0.38,2.158,2.16164,0.02925079,0.07089541,0.0,0.0,0.02925079,0.07089541,0.0,0.0,0.0,0.0
2.24878,0.38,2.159,2.16264,0.02925951,0.07098161,0.0,0.0,0.02925951,0.07098161,0.0,0.0,0.0,0.0
2.24974,0.38,2.16,2.16364,0.02926829,0.0710679,0.0,0.0,0.02926829,0.0710679,0.0,0.0,0.0,0.0
2.25071,0.38,2.161,2.16464,0.02927704,0.07115427,0.0,0.0,0.02927704,0.07115427,0.0,0.0,0.0,0.0
2.25167,0.38,2.162,2.16564,0.02928577,0.07124073,0.0,0.0,0.02928577,0.07124073,0.0,0.0,0.0,0.0
2.25263,0.38,2.163,2.16664,0.02929448,0.07132727,0.0,0.0,0.02929448,0.07132727,0.0,0.0,0.0,0.0
2.25359,0.38,2.164,2.16764,0.0293032,0.07141389,0.0,0.0,0.0293032,0.07141389,0.0,0.0,0.0,0.0
2.25455,0.38,2.165,2.16864,0.02931191,0.0715006,0.0,0.0,0.02931191,0.0715006,0.0,0.0,0.0,0.0
2.25552,0.38,2.166,2.16964,0.02932062,0.07158739,0.0,0.0,0.02932062,0.07158739,0.0,0.0,0.0,0.0
2.25648,0.38,2.167,2.17064,0.02932934,0.07167427,0.0,0.0,0.02932934,0.07167427,0.0,0.0,0.0,0.0
2.25744,0.38,2.168,2.17164,0.02933805,0.07176122,0.0,0.0,0.02933805,0.07176122,0.0,0.0,0.0,0.0
2.2584,0.38,2.169,2.17264,0.02934675,0.07184826,0.0,0.0,0.02934675,0.07184826,0.0,0.0,0.0,0.0
2.25936,0.38,2.17,2.17364,0.02935546,0.07193539,0.0,0.0,0.02935546,0.07193539,0.0,0.0,0.0,0.0
2.26033,0.38,2.171,2.17464,0.02936417,0.0720226,0.0,0.0,0.02936417,0.0720226,0.0,0.0,0.0,0.0
2.26129,0.38,2.172,2.17564,0.02937288,0.07210989,0.0,0.0,0.02937288,0.07210989,0.0,0.0,0.0,0.0
2.26225,0.38,2.173,2.17664,0.02938158,0.07219726,0.0,0.0,0.02938158,0.07219726,0.0,0.0,0.0,0.0
2.26321,0.38,2.174,2.17764,0.02939029,0.07228472,0.0,0.0,0.02939029,0.07228472,0.0,0.0,0.0,0.0
2.26417,0.38,2.175,2.17864,0.02939899,0.07237226,0.0,0.0,0.02939899,0.07237226,0.0,0.0,0.0,0.0
2.26514,0.38,2.176,2.17964,0.0294077,0.07245989,0.0,0.0,0.0294077,0.07245989,0.0,0.0,0.0,0.0
2.2661,0.38,2.177,2.18064,0.0294164,0.0725476,0.0,0.0,0.0294164,0.0725476,0.0,0.0,0.0,0.0
2.26706,0.38,2.178,2.18164,0.02942511,0.07263539,0.0,0.0,0.02942511,0.07263539,0.0,0.0,0.0,0.0
2.26802,0.38,2.179,2.18264,0.02943381,0.07272326,0.0,0.0,0.02943381,0.07272326,0.0,0.0,0.0,0.0
2.26899,0.38,2.18,2.18364,0.02944251,0.07281122,0.0,0.0,0.02944251,0.07281122,0.0,0.0,0.0,0.0
2.26995,0.38,2.181,2.18464,0.02945121,0.07289927,0.0,0.0,0.02945121,0.07289927,0.0,0.0,0.0,0.0
2.27091,0.38,2.182,2.18564,0.02945992,0.0729874,0.0,0.0,0.02945992,0.0729874,0.0,0.0,0.0,0.0
2.27187,0.38,2.183,2.18664,0.02946862,0.07307561,0.0,0.0,0.02946862,0.07307561,0.0,0.0,0.0,0.0
2.27284,0.38,2.184,2.18764,0.02947732,0.0731639,0.0,0.0,0.02947732,0.0731639,0.0,0.0,0.0,0.0
2.2738,0.38,2.185,2.18864,0.02948602,0.07325229,0.0,0.0,0.02948602,0.07325229,0.0,0.0,0.0,0.0
2.27476,0.38,2.186,2.18964,0.02949472,0.07334075,0.0,0.0,0.02949472,0.07334075,0.0,0.0,0.0,0.0
2.27572,0.38,2.187,2.19064,0.02950342,0.0734293,0.0,0.0,0.02950342,0.0734293,0.0,0.0,0.0,0.0
2.27669,0.38,2.188,2.19164,0.02951212,0.07351793,0.0,0.0,0.02951212,0.07351793,0.0,0.0,0.0,0.0
2.27765,0.38,2.189,2.19264,0.02952082,0.07360665,0.0,0.0,0.02952082,0.07360665,0.0,0.0,0.0,0.0
2.27861,0.38,2.19,2.19364,0.02952951,0.07369546,0.0,0.0,0.02952951,0.07369546,0.0,0.0,0.0,0.0
2.27957,0.38,2.191,2.19464,0.02953821,0.07378434,0.0,0.0,0.02953821,0.07378434,0.0,0.0,0.0,0.0
2.28054,0.38,2.192,2.19564,0.02954691,0.07387332,0.0,0.0,0.02954691,0.07387332,0.0,0.0,0.0,0.0
2.2815,0.38,2.193,2.19664,0.02955561,0.07396238,0.0,0.0,0.02955561,0.07396238,0.0,0.0,0.0,0.0
2.28246,0.38,2.194,2.19764,0.0295643,0.07405152,0.0,0.0,0.0295643,0.07405152,0.0,0.0,0.0,0.0
2.28342,0.38,2.195,2.19864,0.029573,0.07414075,0.0,0.0,0.029573,0.07414075,0.0,0.0,0.0,0.0
2.28439,0.38,2.196,2.19964,0.0295817,0.07423006,0.0,0.0,0.0295817,0.07423006,0.0,0.0,0.0,0.0
2.28535,0.38,2.197,2.20064,0.02959039,0.07431946,0.0,0.0,0.02959039,0.07431946,0.0,0.0,0.0,0.0
2.28631,0.38,2.198,2.20164,0.02959909,0.07440894,0.0,0.0,0.02959909,0.07440894,0.0,0.0,0.0,0.0
2.28728,0.38,2.199,2.20264,0.02960778,0.07449852,0.0,0.0,0.02960778,0.07449852,0.0,0.0,0.0,0.0
2.28824,0.38,2.2,2.20364,0.02961648,0.07458817,0.0,0.0,0.02961648,0.07458817,0.0,0.0,0.0,0.0
2.2892,0.38,2.201,2.20464,0.02962517,0.07467791,0.0,0.0,0.02962517,0.07467791,0.0,0.0,0.0,0.0
2.29017,0.38,2.202,2.20564,0.02963387,0.07476774,0.0,0.0,0.02963387,0.07476774,0.0,0.0,0.0,0.0
2.29113,0.38,2.203,2.20664,0.02964256,0.07485765,0.0,0.0,0.02964256,0.07485765,0.0,0.0,0.0,0.0
2.29209,0.38,2.204,2.20764,0.02965126,0.07494765,0.0,0.0,0.02965126,0.07494765,0.0,0.0,0.0,0.0
2.29306,0.38,2.205,2.20864,0.02965995,0.07503774,0.0,0.0,0.02965995,0.07503774,0.0,0.0,0.0,0.0
2.29402,0.38,2.206,2.20964,0.02966864,0.07512791,0.0,0.0,0.02966864,0.07512791,0.0,0.0,0.0,0.0
2.29498,0.38,2.207,2.21064,0.02967733,0.07521817,0.0,0.0,0.02967733,0.07521817,0.0,0.0,0.0,0.0
2.29594,0.38,2.208,2.21164,0.02968603,0.07530852,0.0,0.0,0.02968603,0.07530852,0.0,0.0,0.0,0.0
2.29691,0.38,2.209,2.21264,0.02969472,0.07539895,0.0,0.0,0.02969472,0.07539895,0.0,0.0,0.0,0.0
2.29787,0.38,2.21,2.21364,0.02970341,0.07548947,0.0,0.0,0.02970341,0.07548947,0.0,0.0,0.0,0.0
2.29883,0.38,2.211,2.21464,0.0297121,0.07558007,0.0,0.0,0.0297121,0.07558007,0.0,0.0,0.0,0.0
2.2998,0.38,2.212,2.21564,0.02972079,0.07567076,0.0,0.0,0.02972079,0.07567076,0.0,0.0,0.0,0.0
2.30076,0.38,2.213,2.21664,0.02972948,0.07576154,0.0,0.0,0.02972948,0.07576154,0.0,0.0,0.0,0.0
2.30173,0.38,2.214,2.21764,0.02973817,0.07585241,0.0,0.0,0.02973817,0.07585241,0.0,0.0,0.0,0.0
2.30269,0.38,2.215,2.21864,0.02974686,0.07594336,0.0,0.0,0.02974686,0.07594336,0.0,0.0,0.0,0.0
2.30365,0.38,2.216,2.21964,0.02975555,0.0760344,0.0,0.0,0.02975555,0.0760344,0.0,0.0,0.0,0.0
2.30462,0.38,2.217,2.22064,0.02976424,0.07612553,0.0,0.0,0.02976424,0.07612553,0.0,0.0,0.0,0.0
2.30558,0.38,2.218,2.22164,0.02977293,0.07621674,0.0,0.0,0.02977293,0.07621674,0.0,0.0,0.0,0.0
2.30654,0.38,2.219,2.22264,0.02978162,0.07630805,0.0,0.0,0.02978162,0.07630805,0.0,0.0,0.0,0.0
2.30751,0.38,2.22,2.22364,0.02979031,0.07639944,0.0,0.0,0.02979031,0.07639944,0.0,0.0,0.0,0.0
2.30847,0.38,2.221,2.22464,0.029799,0.07649092,0.0,0.0,0.029799,0.07649092,0.0,0.0,0.0,0.0
2.30943,0.38,2.222,2.22564,0.02980769,0.07658248,0.0,0.0,0.02980769,0.07658248,0.0,0.0,0.0,0.0
2.3104,0.38,2.223,2.22664,0.02981637,0.07667414,0.0,0.0,0.02981637,0.07667414,0.0,0.0,0.0,0.0
2.31136,0.38,2.224,2.22764,0.02982506,0.07676588,0.0,0.0,0.02982506,0.07676588,0.0,0.0,0.0,0.0
2.31233,0.38,2.225,2.22864,0.02983375,0.07685771,0.0,0.0,0.02983375,0.07685771,0.0,0.0,0.0,0.0
2.31329,0.38,2.226,2.22964,0.02984244,0.07694963,0.0,0.0,0.02984244,0.07694963,0.0,0.0,0.0,0.0
2.31425,0.38,2.227,2.23064,0.02985112,0.07704164,0.0,0.0,0.02985112,0.07704164,0.0,0.0,0.0,0.0
2.31522,0.38,2.228,2.23164,0.02985981,0.07713373,0.0,0.0,0.02985981,0.07713373,0.0,0.0,0.0,0.0
2.31618,0.38,2.229,2.23264,0.0298685,0.07722592,0.0,0.0,0.0298685,0.07722592,0.0,0.0,0.0,0.0
2.31714,0.38,2.23,2.23364,0.02987718,0.07731819,0.0,0.0,0.02987718,0.07731819,0.0,0.0,0.0,0.0
2.31811,0.38,2.231,2.23464,0.02988587,0.07741055,0.0,0.0,0.02988587,0.07741055,0.0,0.0,0.0,0.0
2.31907,0.38,2.232,2.23564,0.02989455,0.07750301,0.0,0.0,0.02989455,0.07750301,0.0,0.0,0.0,0.0
2.32004,0.38,2.233,2.23664,0.02990324,0.07759555,0.0,0.0,0.02990324,0.07759555,0.0,0.0,0.0,0.0
2.321,0.38,2.234,2.23764,0.02991192,0.07768818,0.0,0.0,0.02991192,0.07768818,0.0,0.0,0.0,0.0
2.32196,0.38,2.235,2.23864,0.02992061,0.07778089,0.0,0.0,0.02992061,0.07778089,0.0,0.0,0.0,0.0
2.32293,0.38,2.236,2.23964,0.02992929,0.0778737,0.0,0.0,0.02992929,0.0778737,0.0,0.0,0.0,0.0
2.32389,0.38,2.237,2.24064,0.02993798,0.0779666,0.0,0.0,0.02993798,0.0779666,0.0,0.0,0.0,0.0
2.32486,0.38,2.238,2.24164,0.02994666,0.07805959,0.0,0.0,0.02994666,0.07805959,0.0,0.0,0.0,0.0
2.32582,0.38,2.239,2.24264,0.02995534,0.07815266,0.0,0.0,0.02995534,0.07815266,0.0,0.0,0.0,0.0
2.32679,0.38,2.24,2.24364,0.02996403,0.07824583,0.0,0.0,0.02996403,0.07824583,0.0,0.0,0.0,0.0
2.32775,0.38,2.241,2.24464,0.02997271,0.07833909,0.0,0.0,0.02997271,0.07833909,0.0,0.0,0.0,0.0
2.32871,0.38,2.242,2.24564,0.02998139,0.07843243,0.0,0.0,0.02998139,0.07843243,0.0,0.0,0.0,0.0
2.32968,0.38,2.243,2.24664,0.02999008,0.07852587,0.0,0.0,0.02999008,0.07852587,0.0,0.0,0.0,0.0
2.33064,0.38,2.244,2.24764,0.02999876,0.07861939,0.0,0.0,0.02999876,0.07861939,0.0,0.0,0.0,0.0
2.33161,0.38,2.245,2.24864,0.03000744,0.07871301,0.0,0.0,0.03000744,0.07871301,0.0,0.0,0.0,0.0
2.33257,0.38,2.246,2.24964,0.03001612,0.07880672,0.0,0.0,0.03001612,0.07880672,0.0,0.0,0.0,0.0
2.33354,0.38,2.247,2.25064,0.0300248,0.07890052,0.0,0.0,0.0300248,0.07890052,0.0,0.0,0.0,0.0
2.3345,0.38,2.248,2.25164,0.03003348,0.0789944,0.0,0.0,0.03003348,0.0789944,0.0,0.0,0.0,0.0
2.33547,0.38,2.249,2.25264,0.03004217,0.07908838,0.0,0.0,0.03004217,0.07908838,0.0,0.0,0.0,0.0
2.33643,0.38,2.25,2.25364,0.03005085,0.07918245,0.0,0.0,0.03005085,0.07918245,0.0,0.0,0.0,0.0
2.33739,0.38,2.251,2.25464,0.03005953,0.07927661,0.0,0.0,0.03005953,0.07927661,0.0,0.0,0.0,0.0
2.33836,0.38,2.252,2.25564,0.03006821,0.07937086,0.0,0.0,0.03006821,0.07937086,0.0,0.0,0.0,0.0
2.33932,0.38,2.253,2.25664,0.03007689,0.07946521,0.0,0.0,0.03007689,0.07946521,0.0,0.0,0.0,0.0
2.34029,0.38,2.254,2.25764,0.03008557,0.07955964,0.0,0.0,0.03008557,0.07955964,0.0,0.0,0.0,0.0
2.34125,0.38,2.255,2.25864,0.03009425,0.07965417,0.0,0.0,0.03009425,0.07965417,0.0,0.0,0.0,0.0
2.34222,0.38,2.256,2.25964,0.03010293,0.07974878,0.0,0.0,0.03010293,0.07974878,0.0,0.0,0.0,0.0
2.34318,0.38,2.257,2.26064,0.03011161,0.07984349,0.0,0.0,0.03011161,0.07984349,0.0,0.0,0.0,0.0
2.34415,0.38,2.258,2.26164,0.03012029,0.07993829,0.0,0.0,0.03012029,0.07993829,0.0,0.0,0.0,0.0
2.34511,0.38,2.259,2.26264,0.03012896,0.08003318,0.0,0.0,0.03012896,0.08003318,0.0,0.0,0.0,0.0
2.34608,0.38,2.26,2.26364,0.03013764,0.08012816,0.0,0.0,0.03013764,0.08012816,0.0,0.0,0.0,0.0
2.34704,0.38,2.261,2.26464,0.03014632,0.08022324,0.0,0.0,0.03014632,0.08022324,0.0,0.0,0.0,0.0
2.34801,0.38,2.262,2.26564,0.030155,0.08031841,0.0,0.0,0.030155,0.08031841,0.0,0.0,0.0,0.0
2.34897,0.38,2.263,2.26664,0.03016368,0.08041366,0.0,0.0,0.03016368,0.08041366,0.0,0.0,0.0,0.0
2.34994,0.38,2.264,2.26764,0.03017236,0.08050901,0.0,0.0,0.03017236,0.08050901,0.0,0.0,0.0,0.0
2.3509,0.38,2.265,2.26864,0.03018103,0.08060446,0.0,0.0,0.03018103,0.08060446,0.0,0.0,0.0,0.0
2.35187,0.38,2.266,2.26964,0.03018971,0.08069999,0.0,0.0,0.03018971,0.08069999,0.0,0.0,0.0,0.0
2.35283,0.38,2.267,2.27064,0.03019839,0.08079562,0.0,0.0,0.03019839,0.08079562,0.0,0.0,0.0,0.0
2.3538,0.38,2.268,2.27164,0.03020706,0.08089134,0.0,0.0,0.03020706,0.08089134,0.0,0.0,0.0,0.0
2.35476,0.38,2.269,2.27264,0.03021574,0.08098715,0.0,0.0,0.03021574,0.08098715,0.0,0.0,0.0,0.0
2.35573,0.38,2.27,2.27364,0.03022442,0.08108306,0.0,0.0,0.03022442,0.08108306,0.0,0.0,0.0,0.0
2.35669,0.38,2.271,2.27464,0.03023309,0.08117906,0.0,0.0,0.03023309,0.08117906,0.0,0.0,0.0,0.0
2.35766,0.38,2.272,2.27564,0.03024177,0.08127515,0.0,0.0,0.03024177,0.08127515,0.0,0.0,0.0,0.0
2.35862,0.38,2.273,2.27664,0.03025045,0.08137133,0.0,0.0,0.03025045,0.08137133,0.0,0.0,0.0,0.0
2.35959,0.38,2.274,2.27764,0.03025912,0.08146761,0.0,0.0,0.03025912,0.08146761,0.0,0.0,0.0,0.0
2.36055,0.38,2.275,2.27864,0.0302678,0.08156398,0.0,0.0,0.0302678,0.08156398,0.0,0.0,0.0,0.0
2.36152,0.38,2.276,2.27964,0.03027647,0.08166045,0.0,0.0,0.03027647,0.08166045,0.0,0.0,0.0,0.0
2.36248,0.38,2.277,2.28064,0.03028515,0.081757,0.0,0.0,0.03028515,0.081757,0.0,0.0,0.0,0.0
2.36345,0.38,2.278,2.28164,0.03029382,0.08185365,0.0,0.0,0.03029382,0.08185365,0.0,0.0,0.0,0.0
2.36441,0.38,2.279,2.28264,0.0303025,0.0819504,0.0,0.0,0.0303025,0.0819504,0.0,0.0,0.0,0.0
2.36538,0.38,2.28,2.28364,0.03031117,0.08204724,0.0,0.0,0.03031117,0.08204724,0.0,0.0,0.0,0.0
2.36635,0.38,2.281,2.28464,0.03031985,0.08214417,0.0,0.0,0.03031985,0.08214417,0.0,0.0,0.0,0.0
2.36731,0.38,2.282,2.28564,0.03032852,0.08224119,0.0,0.0,0.03032852,0.08224119,0.0,0.0,0.0,0.0
2.36828,0.38,2.283,2.28664,0.0303372,0.08233831,0.0,0.0,0.0303372,0.08233831,0.0,0.0,0.0,0.0
2.36924,0.38,2.284,2.28764,0.03034587,0.08243553,0.0,0.0,0.03034587,0.08243553,0.0,0.0,0.0,0.0
2.37021,0.38,2.285,2.28864,0.03035454,0.08253283,0.0,0.0,0.03035454,0.08253283,0.0,0.0,0.0,0.0
2.37117,0.38,2.286,2.28964,0.03036322,0.08263023,0.0,0.0,0.03036322,0.08263023,0.0,0.0,0.0,0.0
2.37214,0.38,2.287,2.29064,0.03037189,0.08272773,0.0,0.0,0.03037189,0.08272773,0.0,0.0,0.0,0.0
2.3731,0.38,2.288,2.29164,0.03038056,0.08282532,0.0,0.0,0.03038056,0.08282532,0.0,0.0,0.0,0.0
2.37407,0.38,2.289,2.29264,0.03038924,0.08292301,0.0,0.0,0.03038924,0.08292301,0.0,0.0,0.0,0.0
2.37504,0.38,2.29,2.29364,0.03039791,0.08302078,0.0,0.0,0.03039791,0.08302078,0.0,0.0,0.0,0.0
2.376,0.38,2.291,2.29464,0.03040658,0.08311866,0.0,0.0,0.03040658,0.08311866,0.0,0.0,0.0,0.0
2.37697,0.38,2.292,2.29564,0.03041526,0.08321663,0.0,0.0,0.03041526,0.08321663,0.0,0.0,0.0,0.0
2.37793,0.38,2.293,2.29664,0.03042393,0.08331469,0.0,0.0,0.03042393,0.08331469,0.0,0.0,0.0,0.0
2.3789,0.38,2.294,2.29764,0.0304326,0.08341285,0.0,0.0,0.0304326,0.08341285,0.0,0.0,0.0,0.0
2.37986,0.38,2.295,2.29864,0.03044127,0.0835111,0.0,0.0,0.03044127,0.0835111,0.0,0.0,0.0,0.0
2.38083,0.38,2.296,2.29964,0.03044994,0.08360945,0.0,0.0,0.03044994,0.08360945,0.0,0.0,0.0,0.0
2.3818,0.38,2.297,2.30064,0.03045862,0.08370789,0.0,0.0,0.03045862,0.08370789,0.0,0.0,0.0,0.0
2.38276,0.38,2.298,2.30164,0.03046729,0.08380643,0.0,0.0,0.03046729,0.08380643,0.0,0.0,0.0,0.0
2.38373,0.38,2.299,2.30264,0.03047596,0.08390506,0.0,0.0,0.03047596,0.08390506,0.0,0.0,0.0,0.0
2.38469,0.38,2.3,2.30364,0.03048463,0.08400379,0.0,0.0,0.03048463,0.08400379,0.0,0.0,0.0,0.0
2.38566,0.38,2.301,2.30464,0.0304933,0.08410262,0.0,0.0,0.0304933,0.08410262,0.0,0.0,0.0,0.0
2.38663,0.38,2.302,2.30564,0.03050197,0.08420154,0.0,0.0,0.03050197,0.08420154,0.0,0.0,0.0,0.0
2.38759,0.38,2.303,2.30664,0.03051064,0.08430055,0.0,0.0,0.03051064,0.08430055,0.0,0.0,0.0,0.0
2.38856,0.38,2.304,2.30764,0.03051931,0.08439966,0.0,0.0,0.03051931,0.08439966,0.0,0.0,0.0,0.0
2.38953,0.38,2.305,2.30864,0.03052798,0.08449887,0.0,0.0,0.03052798,0.08449887,0.0,0.0,0.0,0.0
2.39049,0.38,2.306,2.30964,0.03053665,0.08459817,0.0,0.0,0.03053665,0.08459817,0.0,0.0,0.0,0.0
2.39146,0.38,2.307,2.31064,0.03054532,0.08469757,0.0,0.0,0.03054532,0.08469757,0.0,0.0,0.0,0.0
2.39242,0.38,2.308,2.31164,0.03055399,0.08479706,0.0,0.0,0.03055399,0.08479706,0.0,0.0,0.0,0.0
2.39339,0.38,2.309,2.31264,0.03056266,0.08489666,0.0,0.0,0.03056266,0.08489666,0.0,0.0,0.0,0.0
2.39436,0.38,2.31,2.31364,0.03057133,0.08499634,0.0,0.0,0.03057133,0.08499634,0.0,0.0,0.0,0.0
2.39532,0.38,2.311,2.31464,0.03058,0.08509613,0.0,0.0,0.03058,0.08509613,0.0,0.0,0.0,0.0
2.39629,0.38,2.312,2.31564,0.03058867,0.085196,0.0,0.0,0.03058867,0.085196,0.0,0.0,0.0,0.0
2.39726,0.38,2.313,2.31664,0.03059734,0.08529598,0.0,0.0,0.03059734,0.08529598,0.0,0.0,0.0,0.0
2.39822,0.38,2.314,2.31764,0.03060601,0.08539605,0.0,0.0,0.03060601,0.08539605,0.0,0.0,0.0,0.0
2.39919,0.38,2.315,2.31864,0.03061468,0.08549622,0.0,0.0,0.03061468,0.08549622,0.0,0.0,0.0,0.0
2.40015,0.38,2.316,2.31964,0.03062335,0.08559649,0.0,0.0,0.03062335,0.08559649,0.0,0.0,0.0,0.0
2.40112,0.38,2.317,2.32064,0.03063202,0.08569685,0.0,0.0,0.03063202,0.08569685,0.0,0.0,0.0,0.0
2.40209,0.38,2.318,2.32164,0.03064069,0.08579731,0.0,0.0,0.03064069,0.08579731,0.0,0.0,0.0,0.0
2.40305,0.38,2.319,2.32264,0.03064935,0.08589787,0.0,0.0,0.03064935,0.08589787,0.0,0.0,0.0,0.0
2.40402,0.38,2.32,2.32364,0.03065802,0.08599852,0.0,0.0,0.03065802,0.08599852,0.0,0.0,0.0,0.0
2.40499,0.38,2.321,2.32464,0.03066669,0.08609927,0.0,0.0,0.03066669,0.08609927,0.0,0.0,0.0,0.0
2.40595,0.38,2.322,2.32564,0.03067536,0.08620012,0.0,0.0,0.03067536,0.08620012,0.0,0.0,0.0,0.0
2.40692,0.38,2.323,2.32664,0.03068403,0.08630106,0.0,0.0,0.03068403,0.08630106,0.0,0.0,0.0,0.0
2.40789,0.38,2.324,2.32764,0.03069269,0.0864021,0.0,0.0,0.03069269,0.0864021,0.0,0.0,0.0,0.0
2.40885,0.38,2.325,2.32864,0.03070136,0.08650324,0.0,0.0,0.03070136,0.08650324,0.0,0.0,0.0,0.0
2.40982,0.38,2.326,2.32964,0.03071003,0.08660448,0.0,0.0,0.03071003,0.08660448,0.0,0.0,0.0,0.0
2.41079,0.38,2.327,2.33064,0.0307187,0.08670581,0.0,0.0,0.0307187,0.08670581,0.0,0.0,0.0,0.0
2.41175,0.38,2.328,2.33164,0.03072736,0.08680724,0.0,0.0,0.03072736,0.08680724,0.0,0.0,0.0,0.0
2.41272,0.38,2.329,2.33264,0.03073603,0.08690877,0.0,0.0,0.03073603,0.08690877,0.0,0.0,0.0,0.0
2.41369,0.38,2.33,2.33364,0.0307447,0.0870104,0.0,0.0,0.0307447,0.0870104,0.0,0.0,0.0,0.0
2.41465,0.38,2.331,2.33464,0.03075337,0.08711212,0.0,0.0,0.03075337,0.08711212,0.0,0.0,0.0,0.0
2.41562,0.38,2.332,2.33564,0.03076203,0.08721394,0.0,0.0,0.03076203,0.08721394,0.0,0.0,0.0,0.0
2.41659,0.38,2.333,2.33664,0.0307707,0.08731587,0.0,0.0,0.0307707,0.08731587,0.0,0.0,0.0,0.0
2.41756,0.38,2.334,2.33764,0.03077937,0.08741788,0.0,0.0,0.03077937,0.08741788,0.0,0.0,0.0,0.0
2.41852,0.38,2.335,2.33864,0.03078803,0.08752,0.0,0.0,0.03078803,0.08752,0.0,0.0,0.0,0.0
2.41949,0.38,2.336,2.33964,0.0307967,0.08762222,0.0,0.0,0.0307967,0.08762222,0.0,0.0,0.0,0.0
2.42046,0.38,2.337,2.34064,0.03080537,0.08772453,0.0,0.0,0.03080537,0.08772453,0.0,0.0,0.0,0.0
2.42142,0.38,2.338,2.34164,0.03081403,0.08782694,0.0,0.0,0.03081403,0.08782694,0.0,0.0,0.0,0.0
2.42239,0.38,2.339,2.34264,0.0308227,0.08792945,0.0,0.0,0.0308227,0.08792945,0.0,0.0,0.0,0.0
2.42336,0.38,2.34,2.34364,0.03083136,0.08803206,0.0,0.0,0.03083136,0.08803206,0.0,0.0,0.0,0.0
2.42432,0.38,2.341,2.34464,0.03084003,0.08813476,0.0,0.0,0.03084003,0.08813476,0.0,0.0,0.0,0.0
2.42529,0.38,2.342,2.34564,0.0308487,0.08823757,0.0,0.0,0.0308487,0.08823757,0.0,0.0,0.0,0.0
2.42626,0.38,2.343,2.34664,0.03085736,0.08834047,0.0,0.0,0.03085736,0.08834047,0.0,0.0,0.0,0.0
2.42723,0.38,2.344,2.34764,0.03086603,0.08844348,0.0,0.0,0.03086603,0.08844348,0.0,0.0,0.0,0.0
2.42819,0.38,2.345,2.34864,0.03087469,0.08854658,0.0,0.0,0.03087469,0.08854658,0.0,0.0,0.0,0.0
2.42916,0.38,2.346,2.34964,0.03088336,0.08864978,0.0,0.0,0.03088336,0.08864978,0.0,0.0,0.0,0.0
2.43013,0.38,2.347,2.35064,0.03089202,0.08875308,0.0,0.0,0.03089202,0.08875308,0.0,0.0,0.0,0.0
2.43109,0.38,2.348,2.35164,0.03090069,0.08885648,0.0,0.0,0.03090069,0.08885648,0.0,0.0,0.0,0.0
2.43206,0.38,2.349,2.35264,0.03090935,0.08895998,0.0,0.0,0.03090935,0.08895998,0.0,0.0,0.0,0.0
2.43303,0.38,2.35,2.35364,0.03091802,0.08906357,0.0,0.0,0.03091802,0.08906357,0.0,0.0,0.0,0.0
2.434,0.38,2.351,2.35464,0.03092668,0.08916727,0.0,0.0,0.03092668,0.08916727,0.0,0.0,0.0,0.0
2.43496,0.38,2.352,2.35564,0.03093535,0.08927107,0.0,0.0,0.03093535,0.08927107,0.0,0.0,0.0,0.0
2.43593,0.38,2.353,2.35664,0.03094401,0.08937496,0.0,0.0,0.03094401,0.08937496,0.0,0.0,0.0,0.0
2.4369,0.38,2.354,2.35764,0.03095268,0.08947896,0.0,0.0,0.03095268,0.08947896,0.0,0.0,0.0,0.0
2.43787,0.38,2.355,2.35864,0.03096134,0.08958305,0.0,0.0,0.03096134,0.08958305,0.0,0.0,0.0,0.0
2.43883,0.38,2.356,2.35964,0.03097,0.08968725,0.0,0.0,0.03097,0.08968725,0.0,0.0,0.0,0.0
2.4398,0.38,2.357,2.36064,0.03097867,0.08979154,0.0,0.0,0.03097867,0.08979154,0.0,0.0,0.0,0.0
2.44077,0.38,2.358,2.36164,0.03098733,0.08989593,0.0,0.0,0.03098733,0.08989593,0.0,0.0,0.0,0.0
2.44174,0.38,2.359,2.36264,0.030996,0.09000043,0.0,0.0,0.030996,0.09000043,0.0,0.0,0.0,0.0
2.4427,0.38,2.36,2.36364,0.03100466,0.09010502,0.0,0.0,0.03100466,0.09010502,0.0,0.0,0.0,0.0
2.44367,0.38,2.361,2.36464,0.03101332,0.09020971,0.0,0.0,0.03101332,0.09020971,0.0,0.0,0.0,0.0
2.44464,0.38,2.362,2.36564,0.03102199,0.09031451,0.0,0.0,0.03102199,0.09031451,0.0,0.0,0.0,0.0
2.44561,0.38,2.363,2.36664,0.03103065,0.0904194,0.0,0.0,0.03103065,0.0904194,0.0,0.0,0.0,0.0
2.44658,0.38,2.364,2.36764,0.03103932,0.0905244,0.0,0.0,0.03103932,0.0905244,0.0,0.0,0.0,0.0
2.44754,0.38,2.365,2.36864,0.03104798,0.09062949,0.0,0.0,0.03104798,0.09062949,0.0,0.0,0.0,0.0
2.44851,0.38,2.366,2.36964,0.03105664,0.09073469,0.0,0.0,0.03105664,0.09073469,0.0,0.0,0.0,0.0
2.44948,0.38,2.367,2.37064,0.03106531,0.09083998,0.0,0.0,0.03106531,0.09083998,0.0,0.0,0.0,0.0
2.45045,0.38,2.368,2.37164,0.03107397,0.09094538,0.0,0.0,0.03107397,0.09094538,0.0,0.0,0.0,0.0
2.45141,0.38,2.369,2.37264,0.03108263,0.09105087,0.0,0.0,0.03108263,0.09105087,0.0,0.0,0.0,0.0
2.45238,0.38,2.37,2.37364,0.0310913,0.09115647,0.0,0.0,0.0310913,0.09115647,0.0,0.0,0.0,0.0
2.45335,0.38,2.371,2.37464,0.03109996,0.09126217,0.0,0.0,0.03109996,0.09126217,0.0,0.0,0.0,0.0
2.45432,0.38,2.372,2.37564,0.03110862,0.09136797,0.0,0.0,0.03110862,0.09136797,0.0,0.0,0.0,0.0
2.45529,0.38,2.373,2.37664,0.03111729,0.09147387,0.0,0.0,0.03111729,0.09147387,0.0,0.0,0.0,0.0
2.45625,0.38,2.374,2.37764,0.03112595,0.09157987,0.0,0.0,0.03112595,0.09157987,0.0,0.0,0.0,0.0
2.45722,0.38,2.375,2.37864,0.03113461,0.09168597,0.0,0.0,0.03113461,0.09168597,0.0,0.0,0.0,0.0
2.45819,0.38,2.376,2.37964,0.03114327,0.09179217,0.0,0.0,0.03114327,0.09179217,0.0,0.0,0.0,0.0
2.45916,0.38,2.377,2.38064,0.03115194,0.09189848,0.0,0.0,0.03115194,0.09189848,0.0,0.0,0.0,0.0
2.46013,0.38,2.378,2.38164,0.0311606,0.09200488,0.0,0.0,0.0311606,0.09200488,0.0,0.0,0.0,0.0
2.46109,0.38,2.379,2.38264,0.03116926,0.09211139,0.0,0.0,0.03116926,0.09211139,0.0,0.0,0.0,0.0
2.46206,0.38,2.38,2.38364,0.03117792,0.092218,0.0,0.0,0.03117792,0.092218,0.0,0.0,0.0,0.0
2.46303,0.38,2.381,2.38464,0.03118659,0.0923247,0.0,0.0,0.03118659,0.0923247,0.0,0.0,0.0,0.0
2.464,0.38,2.382,2.38564,0.03119525,0.09243152,0.0,0.0,0.03119525,0.09243152,0.0,0.0,0.0,0.0
2.46497,0.38,2.383,2.38664,0.03120391,0.09253843,0.0,0.0,0.03120391,0.09253843,0.0,0.0,0.0,0.0
2.46594,0.38,2.384,2.38764,0.03121257,0.09264544,0.0,0.0,0.03121257,0.09264544,0.0,0.0,0.0,0.0
2.4669,0.38,2.385,2.38864,0.03122124,0.09275256,0.0,0.0,0.03122124,0.09275256,0.0,0.0,0.0,0.0
2.46787,0.38,2.386,2.38964,0.0312299,0.09285978,0.0,0.0,0.0312299,0.09285978,0.0,0.0,0.0,0.0
2.46884,0.38,2.387,2.39064,0.03123856,0.0929671,0.0,0.0,0.03123856,0.0929671,0.0,0.0,0.0,0.0
2.46981,0.38,2.388,2.39164,0.03124722,0.09307452,0.0,0.0,0.03124722,0.09307452,0.0,0.0,0.0,0.0
2.47078,0.38,2.389,2.39264,0.03125588,0.09318204,0.0,0.0,0.03125588,0.09318204,0.0,0.0,0.0,0.0
2.47175,0.38,2.39,2.39364,0.03126455,0.09328967,0.0,0.0,0.03126455,0.09328967,0.0,0.0,0.0,0.0
2.47271,0.38,2.391,2.39464,0.03127321,0.09339739,0.0,0.0,0.03127321,0.09339739,0.0,0.0,0.0,0.0
2.47368,0.38,2.392,2.39564,0.03128187,0.09350522,0.0,0.0,0.03128187,0.09350522,0.0,0.0,0.0,0.0
2.47465,0.38,2.393,2.39664,0.03129053,0.09361316,0.0,0.0,0.03129053,0.09361316,0.0,0.0,0.0,0.0
2.47562,0.38,2.394,2.39764,0.03129919,0.09372119,0.0,0.0,0.03129919,0.09372119,0.0,0.0,0.0,0.0
2.47659,0.38,2.395,2.39864,0.03130785,0.09382933,0.0,0.0,0.03130785,0.09382933,0.0,0.0,0.0,0.0
2.47756,0.38,2.396,2.39964,0.03131652,0.09393757,0.0,0.0,0.03131652,0.09393757,0.0,0.0,0.0,0.0
2.47852,0.38,2.397,2.40064,0.03132518,0.09404591,0.0,0.0,0.03132518,0.09404591,0.0,0.0,0.0,0.0
2.47949,0.38,2.398,2.40164,0.03133384,0.09415436,0.0,0.0,0.03133384,0.09415436,0.0,0.0,0.0,0.0
2.48046,0.38,2.399,2.40264,0.0313425,0.09426291,0.0,0.0,0.0313425,0.09426291,0.0,0.0,0.0,0.0
2.48143,0.38,2.4,2.40364,0.03135116,0.09437156,0.0,0.0,0.03135116,0.09437156,0.0,0.0,0.0,0.0
2.4824,0.38,2.401,2.40464,0.03135982,0.09448031,0.0,0.0,0.03135982,0.09448031,0.0,0.0,0.0,0.0
2.48337,0.38,2.402,2.40564,0.03136849,0.09458917,0.0,0.0,0.03136849,0.09458917,0.0,0.0,0.0,0.0
2.48434,0.38,2.403,2.40664,0.03137715,0.09469813,0.0,0.0,0.03137715,0.09469813,0.0,0.0,0.0,0.0
2.48531,0.38,2.404,2.40764,0.03138581,0.09480719,0.0,0.0,0.03138581,0.09480719,0.0,0.0,0.0,0.0
2.48627,0.38,2.405,2.40864,0.03139447,0.09491635,0.0,0.0,0.03139447,0.09491635,0.0,0.0,0.0,0.0
2.48724,0.38,2.406,2.40964,0.03140313,0.09502562,0.0,0.0,0.03140313,0.09502562,0.0,0.0,0.0,0.0
2.48821,0.38,2.407,2.41064,0.03141179,0.095135,0.0,0.0,0.03141179,0.095135,0.0,0.0,0.0,0.0
2.48918,0.38,2.408,2.41164,0.03142045,0.09524447,0.0,0.0,0.03142045,0.09524447,0.0,0.0,0.0,0.0
2.49015,0.38,2.409,2.41264,0.03142911,0.09535405,0.0,0.0,0.03142911,0.09535405,0.0,0.0,0.0,0.0
2.49112,0.38,2.41,2.41364,0.03143777,0.09546373,0.0,0.0,0.03143777,0.09546373,0.0,0.0,0.0,0.0
2.49209,0.38,2.411,2.41464,0.03144644,0.09557352,0.0,0.0,0.03144644,0.09557352,0.0,0.0,0.0,0.0
2.49306,0.38,2.412,2.41564,0.0314551,0.09568341,0.0,0.0,0.0314551,0.09568341,0.0,0.0,0.0,0.0
2.49403,0.38,2.413,2.41664,0.03146376,0.0957934,0.0,0.0,0.03146376,0.0957934,0.0,0.0,0.0,0.0
2.49499,0.38,2.414,2.41764,0.03147242,0.0959035,0.0,0.0,0.03147242,0.0959035,0.0,0.0,0.0,0.0
2.49596,0.38,2.415,2.41864,0.03148108,0.0960137,0.0,0.0,0.03148108,0.0960137,0.0,0.0,0.0,0.0
2.49693,0.38,2.416,2.41964,0.03148974,0.09612401,0.0,0.0,0.03148974,0.09612401,0.0,0.0,0.0,0.0
2.4979,0.38,2.417,2.42064,0.0314984,0.09623442,0.0,0.0,0.0314984,0.09623442,0.0,0.0,0.0,0.0
2.49887,0.38,2.418,2.42164,0.03150706,0.09634493,0.0,0.0,0.03150706,0.09634493,0.0,0.0,0.0,0.0
2.49984,0.38,2.419,2.42264,0.03151572,0.09645555,0.0,0.0,0.03151572,0.09645555,0.0,0.0,0.0,0.0
2.50081,0.38,2.42,2.42364,0.03152438,0.09656627,0.0,0.0,0.03152438,0.09656627,0.0,0.0,0.0,0.0
2.50178,0.38,2.421,2.42464,0.03153304,0.0966771,0.0,0.0,0.03153304,0.0966771,0.0,0.0,0.0,0.0
2.50275,0.38,2.422,2.42564,0.03154171,0.09678803,0.0,0.0,0.03154171,0.09678803,0.0,0.0,0.0,0.0
2.50372,0.38,2.423,2.42664,0.03155037,0.09689906,0.0,0.0,0.03155037,0.09689906,0.0,0.0,0.0,0.0
2.50469,0.38,2.424,2.42764,0.03155903,0.0970102,0.0,0.0,0.03155903,0.0970102,0.0,0.0,0.0,0.0
2.50565,0.38,2.425,2.42864,0.03156769,0.09712144,0.0,0.0,0.03156769,0.09712144,0.0,0.0,0.0,0.0
2.50662,0.38,2.426,2.42964,0.03157635,0.09723279,0.0,0.0,0.03157635,0.09723279,0.0,0.0,0.0,0.0
2.50759,0.38,2.427,2.43064,0.03158501,0.09734425,0.0,0.0,0.03158501,0.09734425,0.0,0.0,0.0,0.0
2.50856,0.38,2.428,2.43164,0.03159367,0.0974558,0.0,0.0,0.03159367,0.0974558,0.0,0.0,0.0,0.0
2.50953,0.38,2.429,2.43264,0.03160233,0.09756747,0.0,0.0,0.03160233,0.09756747,0.0,0.0,0.0,0.0
2.5105,0.38,2.43,2.43364,0.03161099,0.09767923,0.0,0.0,0.03161099,0.09767923,0.0,0.0,0.0,0.0
2.51147,0.38,2.431,2.43464,0.03161965,0.09779111,0.0,0.0,0.03161965,0.09779111,0.0,0.0,0.0,0.0
2.51244,0.38,2.432,2.43564,0.03162831,0.09790308,0.0,0.0,0.03162831,0.09790308,0.0,0.0,0.0,0.0
2.51341,0.38,2.433,2.43664,0.03163697,0.09801517,0.0,0.0,0.03163697,0.09801517,0.0,0.0,0.0,0.0
2.51438,0.38,2.434,2.43764,0.03164563,0.09812735,0.0,0.0,0.03164563,0.09812735,0.0,0.0,0.0,0.0
2.51535,0.38,2.435,2.43864,0.03165429,0.09823965,0.0,0.0,0.03165429,0.09823965,0.0,0.0,0.0,0.0
2.51632,0.38,2.436,2.43964,0.03166295,0.09835205,0.0,0.0,0.03166295,0.09835205,0.0,0.0,0.0,0.0
2.51729,0.38,2.437,2.44064,0.03167162,0.09846455,0.0,0.0,0.03167162,0.09846455,0.0,0.0,0.0,0.0
2.51826,0.38,2.438,2.44164,0.03168028,0.09857716,0.0,0.0,0.03168028,0.09857716,0.0,0.0,0.0,0.0
2.51923,0.38,2.439,2.44264,0.03168894,0.09868987,0.0,0.0,0.03168894,0.09868987,0.0,0.0,0.0,0.0
2.5202,0.38,2.44,2.44364,0.0316976,0.09880269,0.0,0.0,0.0316976,0.09880269,0.0,0.0,0.0,0.0
2.52117,0.38,2.441,2.44464,0.03170626,0.09891562,0.0,0.0,0.03170626,0.09891562,0.0,0.0,0.0,0.0
2.52214,0.38,2.442,2.44564,0.03171492,0.09902865,0.0,0.0,0.03171492,0.09902865,0.0,0.0,0.0,0.0
2.52311,0.38,2.443,2.44664,0.03172358,0.09914179,0.0,0.0,0.03172358,0.09914179,0.0,0.0,0.0,0.0
2.52407,0.38,2.444,2.44764,0.03173224,0.09925503,0.0,0.0,0.03173224,0.09925503,0.0,0.0,0.0,0.0
2.52504,0.38,2.445,2.44864,0.0317409,0.09936838,0.0,0.0,0.0317409,0.09936838,0.0,0.0,0.0,0.0
2.52601,0.38,2.446,2.44964,0.03174956,0.09948184,0.0,0.0,0.03174956,0.09948184,0.0,0.0,0.0,0.0
2.52698,0.38,2.447,2.45064,0.03175822,0.0995954,0.0,0.0,0.03175822,0.0995954,0.0,0.0,0.0,0.0
2.52795,0.38,2.448,2.45164,0.03176688,0.09970907,0.0,0.0,0.03176688,0.09970907,0.0,0.0,0.0,0.0
2.52892,0.38,2.449,2.45264,0.03177554,0.09982284,0.0,0.0,0.03177554,0.09982284,0.0,0.0,0.0,0.0
2.52989,0.38,2.45,2.45364,0.0317842,0.09993672,0.0,0.0,0.0317842,0.09993672,0.0,0.0,0.0,0.0
2.53086,0.38,2.451,2.45464,0.03179286,0.1000507,0.0,0.0,0.03179286,0.1000507,0.0,0.0,0.0,0.0
2.53183,0.38,2.452,2.45564,0.03180152,0.1001648,0.0,0.0,0.03180152,0.1001648,0.0,0.0,0.0,0.0
2.5328,0.38,2.453,2.45664,0.03181019,0.100279,0.0,0.0,0.03181019,0.100279,0.0,0.0,0.0,0.0
2.53377,0.38,2.454,2.45764,0.03181885,0.1003933,0.0,0.0,0.03181885,0.1003933,0.0,0.0,0.0,0.0
2.53474,0.38,2.455,2.45864,0.03182751,0.1005077,0.0,0.0,0.03182751,0.1005077,0.0,0.0,0.0,0.0
2.53571,0.38,2.456,2.45964,0.03183617,0.1006222,0.0,0.0,0.03183617,0.1006222,0.0,0.0,0.0,0.0
2.53668,0.38,2.457,2.46064,0.03184483,0.1007369,0.0,0.0,0.03184483,0.1007369,0.0,0.0,0.0,0.0
2.53765,0.38,2.458,2.46164,0.03185349,0.1008516,0.0,0.0,0.03185349,0.1008516,0.0,0.0,0.0,0.0
2.53862,0.38,2.459,2.46264,0.03186215,0.1009664,0.0,0.0,0.03186215,0.1009664,0.0,0.0,0.0,0.0
2.53959,0.38,2.46,2.46364,0.03187081,0.1010814,0.0,0.0,0.03187081,0.1010814,0.0,0.0,0.0,0.0
2.54056,0.38,2.461,2.46464,0.03187947,0.1011964,0.0,0.0,0.03187947,0.1011964,0.0,0.0,0.0,0.0
2.54153,0.38,2.462,2.46564,0.03188813,0.1013116,0.0,0.0,0.03188813,0.1013116,0.0,0.0,0.0,0.0
2.5425,0.38,2.463,2.46664,0.03189679,0.1014269,0.0,0.0,0.03189679,0.1014269,0.0,0.0,0.0,0.0
2.54347,0.38,2.464,2.46764,0.03190545,0.1015422,0.0,0.0,0.03190545,0.1015422,0.0,0.0,0.0,0.0
2.54444,0.38,2.465,2.46864,0.03191411,0.1016577,0.0,0.0,0.03191411,0.1016577,0.0,0.0,0.0,0.0
2.54541,0.38,2.466,2.46964,0.03192278,0.1017733,0.0,0.0,0.03192278,0.1017733,0.0,0.0,0.0,0.0
2.54638,0.38,2.467,2.47064,0.03193144,0.101889,0.0,0.0,0.03193144,0.101889,0.0,0.0,0.0,0.0
2.54735,0.38,2.468,2.47164,0.0319401,0.1020048,0.0,0.0,0.0319401,0.1020048,0.0,0.0,0.0,0.0
2.54833,0.38,2.469,2.47264,0.03194876,0.1021207,0.0,0.0,0.03194876,0.1021207,0.0,0.0,0.0,0.0
2.5493,0.38,2.47,2.47364,0.03195742,0.1022367,0.0,0.0,0.03195742,0.1022367,0.0,0.0,0.0,0.0
2.55027,0.38,2.471,2.47464,0.03196608,0.1023529,0.0,0.0,0.03196608,0.1023529,0.0,0.0,0.0,0.0
2.55124,0.38,2.472,2.47564,0.03197474,0.1024691,0.0,0.0,0.03197474,0.1024691,0.0,0.0,0.0,0.0
2.55221,0.38,2.473,2.47664,0.0319834,0.1025854,0.0,0.0,0.0319834,0.1025854,0.0,0.0,0.0,0.0
2.55318,0.38,2.474,2.47764,0.03199206,0.1027019,0.0,0.0,0.03199206,0.1027019,0.0,0.0,0.0,0.0
2.55415,0.38,2.475,2.47864,0.03200072,0.1028185,0.0,0.0,0.03200072,0.1028185,0.0,0.0,0.0,0.0
2.55512,0.38,2.476,2.47964,0.03200939,0.1029351,0.0,0.0,0.03200939,0.1029351,0.0,0.0,0.0,0.0
2.55609,0.38,2.477,2.48064,0.03201805,0.1030519,0.0,0.0,0.03201805,0.1030519,0.0,0.0,0.0,0.0
2.55706,0.38,2.478,2.48164,0.03202671,0.1031688,0.0,0.0,0.03202671,0.1031688,0.0,0.0,0.0,0.0
2.55803,0.38,2.479,2.48264,0.03203537,0.1032858,0.0,0.0,0.03203537,0.1032858,0.0,0.0,0.0,0.0
2.559,0.38,2.48,2.48364,0.03204403,0.1034029,0.0,0.0,0.03204403,0.1034029,0.0,0.0,0.0,0.0
2.55997,0.38,2.481,2.48464,0.03205269,0.1035201,0.0,0.0,0.03205269,0.1035201,0.0,0.0,0.0,0.0
2.56094,0.38,2.482,2.48564,0.03206135,0.1036374,0.0,0.0,0.03206135,0.1036374,0.0,0.0,0.0,0.0
2.56191,0.38,2.483,2.48664,0.03207001,0.1037548,0.0,0.0,0.03207001,0.1037548,0.0,0.0,0.0,0.0
2.56288,0.38,2.484,2.48764,0.03207868,0.1038724,0.0,0.0,0.03207868,0.1038724,0.0,0.0,0.0,0.0
2.56385,0.38,2.485,2.48864,0.03208734,0.10399,0.0,0.0,0.03208734,0.10399,0.0,0.0,0.0,0.0
2.56482,0.38,2.486,2.48964,0.032096,0.1041077,0.0,0.0,0.032096,0.1041077,0.0,0.0,0.0,0.0
2.56579,0.38,2.487,2.49064,0.03210466,0.1042256,0.0,0.0,0.03210466,0.1042256,0.0,0.0,0.0,0.0
2.56676,0.38,2.488,2.49164,0.03211332,0.1043436,0.0,0.0,0.03211332,0.1043436,0.0,0.0,0.0,0.0
2.56774,0.38,2.489,2.49264,0.03212198,0.1044617,0.0,0.0,0.03212198,0.1044617,0.0,0.0,0.0,0.0
2.56871,0.38,2.49,2.49364,0.03213065,0.1045798,0.0,0.0,0.03213065,0.1045798,0.0,0.0,0.0,0.0
2.56968,0.38,2.491,2.49464,0.03213931,0.1046981,0.0,0.0,0.03213931,0.1046981,0.0,0.0,0.0,0.0
2.57065,0.38,2.492,2.49564,0.03214797,0.1048165,0.0,0.0,0.03214797,0.1048165,0.0,0.0,0.0,0.0
2.57162,0.38,2.493,2.49664,0.03215663,0.1049351,0.0,0.0,0.03215663,0.1049351,0.0,0.0,0.0,0.0
2.57259,0.38,2.494,2.49764,0.03216529,0.1050537,0.0,0.0,0.03216529,0.1050537,0.0,0.0,0.0,0.0
2.57356,0.38,2.495,2.49864,0.03217396,0.1051724,0.0,0.0,0.03217396,0.1051724,0.0,0.0,0.0,0.0
2.57453,0.38,2.496,2.49964,0.03218262,0.1052912,0.0,0.0,0.03218262,0.1052912,0.0,0.0,0.0,0.0
2.5755,0.38,2.497,2.50064,0.03219128,0.1054102,0.0,0.0,0.03219128,0.1054102,0.0,0.0,0.0,0.0
2.57647,0.38,2.498,2.50164,0.03219994,0.1055293,0.0,0.0,0.03219994,0.1055293,0.0,0.0,0.0,0.0
2.57744,0.38,2.499,2.50264,0.0322086,0.1056484,0.0,0.0,0.0322086,0.1056484,0.0,0.0,0.0,0.0
2.57842,0.38,2.5,2.50364,0.03221727,0.1057677,0.0,0.0,0.03221727,0.1057677,0.0,0.0,0.0,0.0
2.57939,0.38,2.501,2.50464,0.03222593,0.1058871,0.0,0.0,0.03222593,0.1058871,0.0,0.0,0.0,0.0
2.58036,0.38,2.502,2.50564,0.03223459,0.1060066,0.0,0.0,0.03223459,0.1060066,0.0,0.0,0.0,0.0
2.58133,0.38,2.503,2.50664,0.03224325,0.1061262,0.0,0.0,0.03224325,0.1061262,0.0,0.0,0.0,0.0
2.5823,0.38,2.504,2.50764,0.03225192,0.1062459,0.0,0.0,0.03225192,0.1062459,0.0,0.0,0.0,0.0
2.58327,0.38,2.505,2.50864,0.03226058,0.1063658,0.0,0.0,0.03226058,0.1063658,0.0,0.0,0.0,0.0
2.58424,0.38,2.506,2.50964,0.03226924,0.1064857,0.0,0.0,0.03226924,0.1064857,0.0,0.0,0.0,0.0
2.58521,0.38,2.507,2.51064,0.0322779,0.1066057,0.0,0.0,0.0322779,0.1066057,0.0,0.0,0.0,0.0
2.58618,0.38,2.508,2.51164,0.03228657,0.1067259,0.0,0.0,0.03228657,0.1067259,0.0,0.0,0.0,0.0
2.58716,0.38,2.509,2.51264,0.03229523,0.1068462,0.0,0.0,0.03229523,0.1068462,0.0,0.0,0.0,0.0
2.58813,0.38,2.51,2.51364,0.03230389,0.1069665,0.0,0.0,0.03230389,0.1069665,0.0,0.0,0.0,0.0
2.5891,0.38,2.511,2.51464,0.03231255,0.107087,0.0,0.0,0.03231255,0.107087,0.0,0.0,0.0,0.0
2.59007,0.38,2.512,2.51564,0.03232122,0.1072076,0.0,0.0,0.03232122,0.1072076,0.0,0.0,0.0,0.0
2.59104,0.38,2.513,2.51664,0.03232988,0.1073283,0.0,0.0,0.03232988,0.1073283,0.0,0.0,0.0,0.0
2.59201,0.38,2.514,2.51764,0.03233854,0.1074492,0.0,0.0,0.03233854,0.1074492,0.0,0.0,0.0,0.0
2.59298,0.38,2.515,2.51864,0.03234721,0.1075701,0.0,0.0,0.03234721,0.1075701,0.0,0.0,0.0,0.0
2.59395,0.38,2.516,2.51964,0.03235587,0.1076911,0.0,0.0,0.03235587,0.1076911,0.0,0.0,0.0,0.0
2.59493,0.38,2.517,2.52064,0.03236453,0.1078123,0.0,0.0,0.03236453,0.1078123,0.0,0.0,0.0,0.0
2.5959,0.38,2.518,2.52164,0.0323732,0.1079336,0.0,0.0,0.0323732,0.1079336,0.0,0.0,0.0,0.0
2.59687,0.38,2.519,2.52264,0.03238186,0.1080549,0.0,0.0,0.03238186,0.1080549,0.0,0.0,0.0,0.0
2.59784,0.38,2.52,2.52364,0.03239052,0.1081764,0.0,0.0,0.03239052,0.1081764,0.0,0.0,0.0,0.0
2.59881,0.38,2.521,2.52464,0.03239919,0.108298,0.0,0.0,0.03239919,0.108298,0.0,0.0,0.0,0.0
2.59978,0.38,2.522,2.52564,0.03240785,0.1084197,0.0,0.0,0.03240785,0.1084197,0.0,0.0,0.0,0.0
2.60075,0.38,2.523,2.52664,0.03241651,0.1085415,0.0,0.0,0.03241651,0.1085415,0.0,0.0,0.0,0.0
2.60173,0.38,2.524,2.52764,0.03242518,0.1086635,0.0,0.0,0.03242518,0.1086635,0.0,0.0,0.0,0.0
2.6027,0.38,2.525,2.52864,0.03243384,0.1087855,0.0,0.0,0.03243384,0.1087855,0.0,0.0,0.0,0.0
2.60367,0.38,2.526,2.52964,0.0324425,0.1089077,0.0,0.0,0.0324425,0.1089077,0.0,0.0,0.0,0.0
2.60464,0.38,2.527,2.53064,0.03245117,0.1090299,0.0,0.0,0.03245117,0.1090299,0.0,0.0,0.0,0.0
2.60561,0.38,2.528,2.53164,0.03245983,0.1091523,0.0,0.0,0.03245983,0.1091523,0.0,0.0,0.0,0.0
2.60658,0.38,2.529,2.53264,0.0324685,0.1092748,0.0,0.0,0.0324685,0.1092748,0.0,0.0,0.0,0.0
2.60756,0.38,2.53,2.53364,0.03247716,0.1093974,0.0,0.0,0.03247716,0.1093974,0.0,0.0,0.0,0.0
2.60853,0.38,2.531,2.53464,0.03248582,0.1095201,0.0,0.0,0.03248582,0.1095201,0.0,0.0,0.0,0.0
2.6095,0.38,2.532,2.53564,0.03249449,0.1096429,0.0,0.0,0.03249449,0.1096429,0.0,0.0,0.0,0.0
2.61047,0.38,2.533,2.53664,0.03250315,0.1097658,0.0,0.0,0.03250315,0.1097658,0.0,0.0,0.0,0.0
2.61144,0.38,2.534,2.53764,0.03251182,0.1098889,0.0,0.0,0.03251182,0.1098889,0.0,0.0,0.0,0.0
2.61241,0.38,2.535,2.53864,0.03252048,0.110012,0.0,0.0,0.03252048,0.110012,0.0,0.0,0.0,0.0
2.61339,0.38,2.536,2.53964,0.03252915,0.1101353,0.0,0.0,0.03252915,0.1101353,0.0,0.0,0.0,0.0
2.61436,0.38,2.537,2.54064,0.03253781,0.1102587,0.0,0.0,0.03253781,0.1102587,0.0,0.0,0.0,0.0
2.61533,0.38,2.538,2.54164,0.03254648,0.1103822,0.0,0.0,0.03254648,0.1103822,0.0,0.0,0.0,0.0
2.6163,0.38,2.539,2.54264,0.03255514,0.1105058,0.0,0.0,0.03255514,0.1105058,0.0,0.0,0.0,0.0
2.61727,0.38,2.54,2.54364,0.03256381,0.1106295,0.0,0.0,0.03256381,0.1106295,0.0,0.0,0.0,0.0
2.61824,0.38,2.541,2.54464,0.03257247,0.1107533,0.0,0.0,0.03257247,0.1107533,0.0,0.0,0.0,0.0
2.61922,0.38,2.542,2.54564,0.03258114,0.1108773,0.0,0.0,0.03258114,0.1108773,0.0,0.0,0.0,0.0
2.62019,0.38,2.543,2.54664,0.0325898,0.1110013,0.0,0.0,0.0325898,0.1110013,0.0,0.0,0.0,0.0
2.62116,0.38,2.544,2.54764,0.03259847,0.1111255,0.0,0.0,0.03259847,0.1111255,0.0,0.0,0.0,0.0
2.62213,0.38,2.545,2.54864,0.03260713,0.1112498,0.0,0.0,0.03260713,0.1112498,0.0,0.0,0.0,0.0
2.6231,0.38,2.546,2.54964,0.0326158,0.1113742,0.0,0.0,0.0326158,0.1113742,0.0,0.0,0.0,0.0
2.62408,0.38,2.547,2.55064,0.03262446,0.1114987,0.0,0.0,0.03262446,0.1114987,0.0,0.0,0.0,0.0
2.62505,0.38,2.548,2.55164,0.03263313,0.1116233,0.0,0.0,0.03263313,0.1116233,0.0,0.0,0.0,0.0
2.62602,0.38,2.549,2.55264,0.03264179,0.111748,0.0,0.0,0.03264179,0.111748,0.0,0.0,0.0,0.0
2.62699,0.38,2.55,2.55364,0.03265046,0.1118729,0.0,0.0,0.03265046,0.1118729,0.0,0.0,0.0,0.0
2.62796,0.38,2.551,2.55464,0.03265912,0.1119978,0.0,0.0,0.03265912,0.1119978,0.0,0.0,0.0,0.0
2.62894,0.38,2.552,2.55564,0.03266779,0.1121229,0.0,0.0,0.03266779,0.1121229,0.0,0.0,0.0,0.0
2.62991,0.38,2.553,2.55664,0.03267646,0.1122481,0.0,0.0,0.03267646,0.1122481,0.0,0.0,0.0,0.0
2.63088,0.38,2.554,2.55764,0.03268512,0.1123734,0.0,0.0,0.03268512,0.1123734,0.0,0.0,0.0,0.0
2.63185,0.38,2.555,2.55864,0.03269379,0.1124988,0.0,0.0,0.03269379,0.1124988,0.0,0.0,0.0,0.0
2.63283,0.38,2.556,2.55964,0.03270246,0.1126243,0.0,0.0,0.03270246,0.1126243,0.0,0.0,0.0,0.0
2.6338,0.38,2.557,2.56064,0.03271112,0.1127499,0.0,0.0,0.03271112,0.1127499,0.0,0.0,0.0,0.0
2.63477,0.38,2.558,2.56164,0.03271979,0.1128757,0.0,0.0,0.03271979,0.1128757,0.0,0.0,0.0,0.0
2.63574,0.38,2.559,2.56264,0.03272845,0.1130015,0.0,0.0,0.03272845,0.1130015,0.0,0.0,0.0,0.0
2.63671,0.38,2.56,2.56364,0.03273712,0.1131275,0.0,0.0,0.03273712,0.1131275,0.0,0.0,0.0,0.0
2.63769,0.38,2.561,2.56464,0.03274579,0.1132536,0.0,0.0,0.03274579,0.1132536,0.0,0.0,0.0,0.0
2.63866,0.38,2.562,2.56564,0.03275445,0.1133798,0.0,0.0,0.03275445,0.1133798,0.0,0.0,0.0,0.0
2.63963,0.38,2.563,2.56664,0.03276312,0.1135061,0.0,0.0,0.03276312,0.1135061,0.0,0.0,0.0,0.0
2.6406,0.38,2.564,2.56764,0.03277179,0.1136325,0.0,0.0,0.03277179,0.1136325,0.0,0.0,0.0,0.0
2.64158,0.38,2.565,2.56864,0.03278046,0.1137591,0.0,0.0,0.03278046,0.1137591,0.0,0.0,0.0,0.0
2.64255,0.38,2.566,2.56964,0.03278912,0.1138857,0.0,0.0,0.03278912,0.1138857,0.0,0.0,0.0,0.0
2.64352,0.38,2.567,2.57064,0.03279779,0.1140125,0.0,0.0,0.03279779,0.1140125,0.0,0.0,0.0,0.0
2.64449,0.38,2.568,2.57164,0.03280646,0.1141394,0.0,0.0,0.03280646,0.1141394,0.0,0.0,0.0,0.0
2.64547,0.38,2.569,2.57264,0.03281513,0.1142664,0.0,0.0,0.03281513,0.1142664,0.0,0.0,0.0,0.0
2.64644,0.38,2.57,2.57364,0.03282379,0.1143935,0.0,0.0,0.03282379,0.1143935,0.0,0.0,0.0,0.0
2.64741,0.38,2.571,2.57464,0.03283246,0.1145207,0.0,0.0,0.03283246,0.1145207,0.0,0.0,0.0,0.0
2.64838,0.38,2.572,2.57564,0.03284113,0.114648,0.0,0.0,0.03284113,0.114648,0.0,0.0,0.0,0.0
2.64936,0.38,2.573,2.57664,0.0328498,0.1147755,0.0,0.0,0.0328498,0.1147755,0.0,0.0,0.0,0.0
2.65033,0.38,2.574,2.57764,0.03285846,0.1149031,0.0,0.0,0.03285846,0.1149031,0.0,0.0,0.0,0.0
2.6513,0.38,2.575,2.57864,0.03286713,0.1150308,0.0,0.0,0.03286713,0.1150308,0.0,0.0,0.0,0.0
2.65227,0.38,2.576,2.57964,0.0328758,0.1151586,0.0,0.0,0.0328758,0.1151586,0.0,0.0,0.0,0.0
2.65325,0.38,2.577,2.58064,0.03288447,0.1152865,0.0,0.0,0.03288447,0.1152865,0.0,0.0,0.0,0.0
2.65422,0.38,2.578,2.58164,0.03289314,0.1154145,0.0,0.0,0.03289314,0.1154145,0.0,0.0,0.0,0.0
2.65519,0.38,2.579,2.58264,0.03290181,0.1155426,0.0,0.0,0.03290181,0.1155426,0.0,0.0,0.0,0.0
2.65616,0.38,2.58,2.58364,0.03291047,0.1156709,0.0,0.0,0.03291047,0.1156709,0.0,0.0,0.0,0.0
2.65714,0.38,2.581,2.58464,0.03291914,0.1157993,0.0,0.0,0.03291914,0.1157993,0.0,0.0,0.0,0.0
2.65811,0.38,2.582,2.58564,0.03292781,0.1159277,0.0,0.0,0.03292781,0.1159277,0.0,0.0,0.0,0.0
2.65908,0.38,2.583,2.58664,0.03293648,0.1160563,0.0,0.0,0.03293648,0.1160563,0.0,0.0,0.0,0.0
2.66006,0.38,2.584,2.58764,0.03294515,0.1161851,0.0,0.0,0.03294515,0.1161851,0.0,0.0,0.0,0.0
2.66103,0.38,2.585,2.58864,0.03295382,0.1163139,0.0,0.0,0.03295382,0.1163139,0.0,0.0,0.0,0.0
2.662,0.38,2.586,2.58964,0.03296249,0.1164428,0.0,0.0,0.03296249,0.1164428,0.0,0.0,0.0,0.0
2.66297,0.38,2.587,2.59064,0.03297116,0.1165719,0.0,0.0,0.03297116,0.1165719,0.0,0.0,0.0,0.0
2.66395,0.38,2.588,2.59164,0.03297983,0.1167011,0.0,0.0,0.03297983,0.1167011,0.0,0.0,0.0,0.0
2.66492,0.38,2.589,2.59264,0.0329885,0.1168304,0.0,0.0,0.0329885,0.1168304,0.0,0.0,0.0,0.0
2.66589,0.38,2.59,2.59364,0.03299717,0.1169598,0.0,0.0,0.03299717,0.1169598,0.0,0.0,0.0,0.0
2.66687,0.38,2.591,2.59464,0.03300584,0.1170893,0.0,0.0,0.03300584,0.1170893,0.0,0.0,0.0,0.0
2.66784,0.38,2.592,2.59564,0.03301451,0.1172189,0.0,0.0,0.03301451,0.1172189,0.0,0.0,0.0,0.0
2.66881,0.38,2.593,2.59664,0.03302318,0.1173487,0.0,0.0,0.03302318,0.1173487,0.0,0.0,0.0,0.0
2.66978,0.38,2.594,2.59764,0.03303185,0.1174785,0.0,0.0,0.03303185,0.1174785,0.0,0.0,0.0,0.0
2.67076,0.38,2.595,2.59864,0.03304052,0.1176085,0.0,0.0,0.03304052,0.1176085,0.0,0.0,0.0,0.0
2.67173,0.38,2.596,2.59964,0.03304919,0.1177386,0.0,0.0,0.03304919,0.1177386,0.0,0.0,0.0,0.0
2.6727,0.38,2.597,2.60064,0.03305786,0.1178688,0.0,0.0,0.03305786,0.1178688,0.0,0.0,0.0,0.0
2.67368,0.38,2.598,2.60164,0.03306653,0.1179992,0.0,0.0,0.03306653,0.1179992,0.0,0.0,0.0,0.0
2.67465,0.38,2.599,2.60264,0.0330752,0.1181296,0.0,0.0,0.0330752,0.1181296,0.0,0.0,0.0,0.0
2.67562,0.38,2.6,2.60364,0.03308387,0.1182602,0.0,0.0,0.03308387,0.1182602,0.0,0.0,0.0,0.0
2.6766,0.38,2.601,2.60464,0.03309254,0.1183908,0.0,0.0,0.03309254,0.1183908,0.0,0.0,0.0,0.0
2.67757,0.38,2.602,2.60564,0.03310121,0.1185216,0.0,0.0,0.03310121,0.1185216,0.0,0.0,0.0,0.0
2.67854,0.38,2.603,2.60664,0.03310988,0.1186526,0.0,0.0,0.03310988,0.1186526,0.0,0.0,0.0,0.0
2.67951,0.38,2.604,2.60764,0.03311855,0.1187836,0.0,0.0,0.03311855,0.1187836,0.0,0.0,0.0,0.0
2.68049,0.38,2.605,2.60864,0.03312722,0.1189147,0.0,0.0,0.03312722,0.1189147,0.0,0.0,0.0,0.0
2.68146,0.38,2.606,2.60964,0.0331359,0.119046,0.0,0.0,0.0331359,0.119046,0.0,0.0,0.0,0.0
2.68243,0.38,2.607,2.61064,0.03314457,0.1191774,0.0,0.0,0.03314457,0.1191774,0.0,0.0,0.0,0.0
2.68341,0.38,2.608,2.61164,0.03315324,0.1193088,0.0,0.0,0.03315324,0.1193088,0.0,0.0,0.0,0.0
2.68438,0.38,2.609,2.61264,0.03316191,0.1194404,0.0,0.0,0.03316191,0.1194404,0.0,0.0,0.0,0.0
2.68535,0.38,2.61,2.61364,0.03317058,0.1195722,0.0,0.0,0.03317058,0.1195722,0.0,0.0,0.0,0.0
2.68633,0.38,2.611,2.61464,0.03317926,0.119704,0.0,0.0,0.03317926,0.119704,0.0,0.0,0.0,0.0
2.6873,0.38,2.612,2.61564,0.03318793,0.119836,0.0,0.0,0.03318793,0.119836,0.0,0.0,0.0,0.0
2.68827,0.38,2.613,2.61664,0.0331966,0.119968,0.0,0.0,0.0331966,0.119968,0.0,0.0,0.0,0.0
2.68925,0.38,2.614,2.61764,0.03320527,0.1201002,0.0,0.0,0.03320527,0.1201002,0.0,0.0,0.0,0.0
2.69022,0.38,2.615,2.61864,0.03321394,0.1202325,0.0,0.0,0.03321394,0.1202325,0.0,0.0,0.0,0.0
2.69119,0.38,2.616,2.61964,0.03322262,0.120365,0.0,0.0,0.03322262,0.120365,0.0,0.0,0.0,0.0
2.69217,0.38,2.617,2.62064,0.03323129,0.1204975,0.0,0.0,0.03323129,0.1204975,0.0,0.0,0.0,0.0
2.69314,0.38,2.618,2.62164,0.03323996,0.1206302,0.0,0.0,0.03323996,0.1206302,0.0,0.0,0.0,0.0
2.69411,0.38,2.619,2.62264,0.03324864,0.1207629,0.0,0.0,0.03324864,0.1207629,0.0,0.0,0.0,0.0
2.69509,0.38,2.62,2.62364,0.03325731,0.1208958,0.0,0.0,0.03325731,0.1208958,0.0,0.0,0.0,0.0
2.69606,0.38,2.621,2.62464,0.03326598,0.1210288,0.0,0.0,0.03326598,0.1210288,0.0,0.0,0.0,0.0
2.69704,0.38,2.622,2.62564,0.03327466,0.121162,0.0,0.0,0.03327466,0.121162,0.0,0.0,0.0,0.0
2.69801,0.38,2.623,2.62664,0.03328333,0.1212952,0.0,0.0,0.03328333,0.1212952,0.0,0.0,0.0,0.0
2.69898,0.38,2.624,2.62764,0.033292,0.1214286,0.0,0.0,0.033292,0.1214286,0.0,0.0,0.0,0.0
2.69996,0.38,2.625,2.62864,0.03330068,0.121562,0.0,0.0,0.03330068,0.121562,0.0,0.0,0.0,0.0
2.70093,0.38,2.626,2.62964,0.03330935,0.1216956,0.0,0.0,0.03330935,0.1216956,0.0,0.0,0.0,0.0
2.7019,0.38,2.627,2.63064,0.03331802,0.1218294,0.0,0.0,0.03331802,0.1218294,0.0,0.0,0.0,0.0
2.70288,0.38,2.628,2.63164,0.0333267,0.1219632,0.0,0.0,0.0333267,0.1219632,0.0,0.0,0.0,0.0
2.70385,0.38,2.629,2.63264,0.03333537,0.1220971,0.0,0.0,0.03333537,0.1220971,0.0,0.0,0.0,0.0
2.70482,0.38,2.63,2.63364,0.03334405,0.1222312,0.0,0.0,0.03334405,0.1222312,0.0,0.0,0.0,0.0
2.7058,0.38,2.631,2.63464,0.03335272,0.1223654,0.0,0.0,0.03335272,0.1223654,0.0,0.0,0.0,0.0
2.70677,0.38,2.632,2.63564,0.03336139,0.1224997,0.0,0.0,0.03336139,0.1224997,0.0,0.0,0.0,0.0
2.70775,0.38,2.633,2.63664,0.03337007,0.1226341,0.0,0.0,0.03337007,0.1226341,0.0,0.0,0.0,0.0
2.70872,0.38,2.634,2.63764,0.03337874,0.1227686,0.0,0.0,0.03337874,0.1227686,0.0,0.0,0.0,0.0
2.70969,0.38,2.635,2.63864,0.03338742,0.1229033,0.0,0.0,0.03338742,0.1229033,0.0,0.0,0.0,0.0
2.71067,0.38,2.636,2.63964,0.03339609,0.1230381,0.0,0.0,0.03339609,0.1230381,0.0,0.0,0.0,0.0
2.71164,0.38,2.637,2.64064,0.03340477,0.123173,0.0,0.0,0.03340477,0.123173,0.0,0.0,0.0,0.0
2.71261,0.38,2.638,2.64164,0.03341344,0.123308,0.0,0.0,0.03341344,0.123308,0.0,0.0,0.0,0.0
2.71359,0.38,2.639,2.64264,0.03342212,0.1234431,0.0,0.0,0.03342212,0.1234431,0.0,0.0,0.0,0.0
2.71456,0.38,2.64,2.64364,0.0334308,0.1235783,0.0,0.0,0.0334308,0.1235783,0.0,0.0,0.0,0.0
2.71554,0.38,2.641,2.64464,0.03343947,0.1237137,0.0,0.0,0.03343947,0.1237137,0.0,0.0,0.0,0.0
2.71651,0.38,2.642,2.64564,0.03344815,0.1238492,0.0,0.0,0.03344815,0.1238492,0.0,0.0,0.0,0.0
2.71748,0.38,2.643,2.64664,0.03345682,0.1239848,0.0,0.0,0.03345682,0.1239848,0.0,0.0,0.0,0.0
2.71846,0.38,2.644,2.64764,0.0334655,0.1241205,0.0,0.0,0.0334655,0.1241205,0.0,0.0,0.0,0.0
2.71943,0.38,2.645,2.64864,0.03347417,0.1242563,0.0,0.0,0.03347417,0.1242563,0.0,0.0,0.0,0.0
2.72041,0.38,2.646,2.64964,0.03348285,0.1243923,0.0,0.0,0.03348285,0.1243923,0.0,0.0,0.0,0.0
2.72138,0.38,2.647,2.65064,0.03349153,0.1245284,0.0,0.0,0.03349153,0.1245284,0.0,0.0,0.0,0.0
2.72235,0.38,2.648,2.65164,0.0335002,0.1246646,0.0,0.0,0.0335002,0.1246646,0.0,0.0,0.0,0.0
2.72333,0.38,2.649,2.65264,0.03350888,0.1248009,0.0,0.0,0.03350888,0.1248009,0.0,0.0,0.0,0.0
2.7243,0.38,2.65,2.65364,0.03351756,0.1249373,0.0,0.0,0.03351756,0.1249373,0.0,0.0,0.0,0.0
2.72528,0.38,2.651,2.65464,0.03352623,0.1250739,0.0,0.0,0.03352623,0.1250739,0.0,0.0,0.0,0.0
2.72625,0.38,2.652,2.65564,0.03353491,0.1252105,0.0,0.0,0.03353491,0.1252105,0.0,0.0,0.0,0.0
2.72722,0.38,2.653,2.65664,0.03354359,0.1253473,0.0,0.0,0.03354359,0.1253473,0.0,0.0,0.0,0.0
2.7282,0.38,2.654,2.65764,0.03355226,0.1254842,0.0,0.0,0.03355226,0.1254842,0.0,0.0,0.0,0.0
2.72917,0.38,2.655,2.65864,0.03356094,0.1256212,0.0,0.0,0.03356094,0.1256212,0.0,0.0,0.0,0.0
2.73015,0.38,2.656,2.65964,0.03356962,0.1257584,0.0,0.0,0.03356962,0.1257584,0.0,0.0,0.0,0.0
2.73112,0.38,2.657,2.66064,0.0335783,0.1258956,0.0,0.0,0.0335783,0.1258956,0.0,0.0,0.0,0.0
2.73209,0.38,2.658,2.66164,0.03358697,0.126033,0.0,0.0,0.03358697,0.126033,0.0,0.0,0.0,0.0
2.73307,0.38,2.659,2.66264,0.03359565,0.1261705,0.0,0.0,0.03359565,0.1261705,0.0,0.0,0.0,0.0
2.73404,0.38,2.66,2.66364,0.03360433,0.1263082,0.0,0.0,0.03360433,0.1263082,0.0,0.0,0.0,0.0
2.73502,0.38,2.661,2.66464,0.03361301,0.1264459,0.0,0.0,0.03361301,0.1264459,0.0,0.0,0.0,0.0
2.73599,0.38,2.662,2.66564,0.03362169,0.1265838,0.0,0.0,0.03362169,0.1265838,0.0,0.0,0.0,0.0
2.73697,0.38,2.663,2.66664,0.03363037,0.1267217,0.0,0.0,0.03363037,0.1267217,0.0,0.0,0.0,0.0
2.73794,0.38,2.664,2.66764,0.03363904,0.1268598,0.0,0.0,0.03363904,0.1268598,0.0,0.0,0.0,0.0
2.73891,0.38,2.665,2.66864,0.03364772,0.1269981,0.0,0.0,0.03364772,0.1269981,0.0,0.0,0.0,0.0
2.73989,0.38,2.666,2.66964,0.0336564,0.1271364,0.0,0.0,0.0336564,0.1271364,0.0,0.0,0.0,0.0
2.74086,0.38,2.667,2.67064,0.03366508,0.1272749,0.0,0.0,0.03366508,0.1272749,0.0,0.0,0.0,0.0
2.74184,0.38,2.668,2.67164,0.03367376,0.1274134,0.0,0.0,0.03367376,0.1274134,0.0,0.0,0.0,0.0
2.74281,0.38,2.669,2.67264,0.03368244,0.1275521,0.0,0.0,0.03368244,0.1275521,0.0,0.0,0.0,0.0
2.74379,0.38,2.67,2.67364,0.03369112,0.127691,0.0,0.0,0.03369112,0.127691,0.0,0.0,0.0,0.0
2.74476,0.38,2.671,2.67464,0.0336998,0.1278299,0.0,0.0,0.0336998,0.1278299,0.0,0.0,0.0,0.0
2.74574,0.38,2.672,2.67564,0.03370848,0.1279689,0.0,0.0,0.03370848,0.1279689,0.0,0.0,0.0,0.0
2.74671,0.38,2.673,2.67664,0.03371716,0.1281081,0.0,0.0,0.03371716,0.1281081,0.0,0.0,0.0,0.0
2.74768,0.38,2.674,2.67764,0.03372584,0.1282474,0.0,0.0,0.03372584,0.1282474,0.0,0.0,0.0,0.0
2.74866,0.38,2.675,2.67864,0.03373452,0.1283868,0.0,0.0,0.03373452,0.1283868,0.0,0.0,0.0,0.0
2.74963,0.38,2.676,2.67964,0.0337432,0.1285264,0.0,0.0,0.0337432,0.1285264,0.0,0.0,0.0,0.0
2.75061,0.38,2.677,2.68064,0.03375188,0.128666,0.0,0.0,0.03375188,0.128666,0.0,0.0,0.0,0.0
2.75158,0.38,2.678,2.68164,0.03376056,0.1288058,0.0,0.0,0.03376056,0.1288058,0.0,0.0,0.0,0.0
2.75256,0.38,2.679,2.68264,0.03376924,0.1289457,0.0,0.0,0.03376924,0.1289457,0.0,0.0,0.0,0.0
2.75353,0.38,2.68,2.68364,0.03377792,0.1290857,0.0,0.0,0.03377792,0.1290857,0.0,0.0,0.0,0.0
2.75451,0.38,2.681,2.68464,0.0337866,0.1292259,0.0,0.0,0.0337866,0.1292259,0.0,0.0,0.0,0.0
2.75548,0.38,2.682,2.68564,0.03379528,0.1293662,0.0,0.0,0.03379528,0.1293662,0.0,0.0,0.0,0.0
2.75646,0.38,2.683,2.68664,0.03380396,0.1295065,0.0,0.0,0.03380396,0.1295065,0.0,0.0,0.0,0.0
2.75743,0.38,2.684,2.68764,0.03381264,0.129647,0.0,0.0,0.03381264,0.129647,0.0,0.0,0.0,0.0
2.75841,0.38,2.685,2.68864,0.03382132,0.1297877,0.0,0.0,0.03382132,0.1297877,0.0,0.0,0.0,0.0
2.75938,0.38,2.686,2.68964,0.03383,0.1299284,0.0,0.0,0.03383,0.1299284,0.0,0.0,0.0,0.0
2.76035,0.38,2.687,2.69064,0.03383868,0.1300693,0.0,0.0,0.03383868,0.1300693,0.0,0.0,0.0,0.0
2.76133,0.38,2.688,2.69164,0.03384736,0.1302103,0.0,0.0,0.03384736,0.1302103,0.0,0.0,0.0,0.0
2.7623,0.38,2.689,2.69264,0.03385605,0.1303514,0.0,0.0,0.03385605,0.1303514,0.0,0.0,0.0,0.0
2.76328,0.38,2.69,2.69364,0.03386473,0.1304926,0.0,0.0,0.03386473,0.1304926,0.0,0.0,0.0,0.0
2.76425,0.38,2.691,2.69464,0.03387341,0.1306339,0.0,0.0,0.03387341,0.1306339,0.0,0.0,0.0,0.0
2.76523,0.38,2.692,2.69564,0.03388209,0.1307754,0.0,0.0,0.03388209,0.1307754,0.0,0.0,0.0,0.0
2.7662,0.38,2.693,2.69664,0.03389077,0.130917,0.0,0.0,0.03389077,0.130917,0.0,0.0,0.0,0.0
2.76718,0.38,2.694,2.69764,0.03389946,0.1310587,0.0,0.0,0.03389946,0.1310587,0.0,0.0,0.0,0.0
2.76815,0.38,2.695,2.69864,0.03390814,0.1312006,0.0,0.0,0.03390814,0.1312006,0.0,0.0,0.0,0.0
2.76913,0.38,2.696,2.69964,0.03391682,0.1313425,0.0,0.0,0.03391682,0.1313425,0.0,0.0,0.0,0.0
2.7701,0.38,2.697,2.70064,0.0339255,0.1314846,0.0,0.0,0.0339255,0.1314846,0.0,0.0,0.0,0.0
2.77108,0.38,2.698,2.70164,0.03393419,0.1316268,0.0,0.0,0.03393419,0.1316268,0.0,0.0,0.0,0.0
2.77205,0.38,2.699,2.70264,0.03394287,0.1317691,0.0,0.0,0.03394287,0.1317691,0.0,0.0,0.0,0.0
2.77303,0.38,2.7,2.70364,0.03395155,0.1319116,0.0,0.0,0.03395155,0.1319116,0.0,0.0,0.0,0.0
2.774,0.38,2.701,2.70464,0.03396024,0.1320541,0.0,0.0,0.03396024,0.1320541,0.0,0.0,0.0,0.0
2.77498,0.38,2.702,2.70564,0.03396892,0.1321968,0.0,0.0,0.03396892,0.1321968,0.0,0.0,0.0,0.0
2.77595,0.38,2.703,2.70664,0.0339776,0.1323396,0.0,0.0,0.0339776,0.1323396,0.0,0.0,0.0,0.0
2.77693,0.38,2.704,2.70764,0.03398629,0.1324825,0.0,0.0,0.03398629,0.1324825,0.0,0.0,0.0,0.0
2.7779,0.38,2.705,2.70864,0.03399497,0.1326256,0.0,0.0,0.03399497,0.1326256,0.0,0.0,0.0,0.0
2.77888,0.38,2.706,2.70964,0.03400365,0.1327688,0.0,0.0,0.03400365,0.1327688,0.0,0.0,0.0,0.0
2.77985,0.38,2.707,2.71064,0.03401234,0.1329121,0.0,0.0,0.03401234,0.1329121,0.0,0.0,0.0,0.0
2.78083,0.38,2.708,2.71164,0.03402102,0.1330555,0.0,0.0,0.03402102,0.1330555,0.0,0.0,0.0,0.0
2.7818,0.38,2.709,2.71264,0.0340297,0.133199,0.0,0.0,0.0340297,0.133199,0.0,0.0,0.0,0.0
2.78278,0.38,2.71,2.71364,0.03403839,0.1333427,0.0,0.0,0.03403839,0.1333427,0.0,0.0,0.0,0.0
2.78375,0.38,2.711,2.71464,0.03404707,0.1334865,0.0,0.0,0.03404707,0.1334865,0.0,0.0,0.0,0.0
2.78473,0.38,2.712,2.71564,0.03405576,0.1336304,0.0,0.0,0.03405576,0.1336304,0.0,0.0,0.0,0.0
2.7857,0.38,2.713,2.71664,0.03406444,0.1337744,0.0,0.0,0.03406444,0.1337744,0.0,0.0,0.0,0.0
2.78668,0.38,2.714,2.71764,0.03407313,0.1339185,0.0,0.0,0.03407313,0.1339185,0.0,0.0,0.0,0.0
2.78765,0.38,2.715,2.71864,0.03408181,0.1340628,0.0,0.0,0.03408181,0.1340628,0.0,0.0,0.0,0.0
2.78863,0.38,2.716,2.71964,0.0340905,0.1342072,0.0,0.0,0.0340905,0.1342072,0.0,0.0,0.0,0.0
2.7896,0.38,2.717,2.72064,0.03409918,0.1343517,0.0,0.0,0.03409918,0.1343517,0.0,0.0,0.0,0.0
2.79058,0.38,2.718,2.72164,0.03410787,0.1344964,0.0,0.0,0.03410787,0.1344964,0.0,0.0,0.0,0.0
2.79156,0.38,2.719,2.72264,0.03411655,0.1346411,0.0,0.0,0.03411655,0.1346411,0.0,0.0,0.0,0.0
2.79253,0.38,2.72,2.72364,0.03412524,0.134786,0.0,0.0,0.03412524,0.134786,0.0,0.0,0.0,0.0
2.79351,0.38,2.721,2.72464,0.03413392,0.134931,0.0,0.0,0.03413392,0.134931,0.0,0.0,0.0,0.0
2.79448,0.38,2.722,2.72564,0.03414261,0.1350762,0.0,0.0,0.03414261,0.1350762,0.0,0.0,0.0,0.0
2.79546,0.38,2.723,2.72664,0.03415129,0.1352214,0.0,0.0,0.03415129,0.1352214,0.0,0.0,0.0,0.0
2.79643,0.38,2.724,2.72764,0.03415998,0.1353668,0.0,0.0,0.03415998,0.1353668,0.0,0.0,0.0,0.0
2.79741,0.38,2.725,2.72864,0.03416867,0.1355123,0.0,0.0,0.03416867,0.1355123,0.0,0.0,0.0,0.0
2.79838,0.38,2.726,2.72964,0.03417735,0.1356579,0.0,0.0,0.03417735,0.1356579,0.0,0.0,0.0,0.0
2.79936,0.38,2.727,2.73064,0.03418604,0.1358037,0.0,0.0,0.03418604,0.1358037,0.0,0.0,0.0,0.0
2.80033,0.38,2.728,2.73164,0.03419473,0.1359495,0.0,0.0,0.03419473,0.1359495,0.0,0.0,0.0,0.0
2.80131,0.38,2.729,2.73264,0.03420341,0.1360955,0.0,0.0,0.03420341,0.1360955,0.0,0.0,0.0,0.0
2.80229,0.38,2.73,2.73364,0.0342121,0.1362416,0.0,0.0,0.0342121,0.1362416,0.0,0.0,0.0,0.0
2.80326,0.38,2.731,2.73464,0.03422079,0.1363879,0.0,0.0,0.03422079,0.1363879,0.0,0.0,0.0,0.0
2.80424,0.38,2.732,2.73564,0.03422947,0.1365342,0.0,0.0,0.03422947,0.1365342,0.0,0.0,0.0,0.0
2.80521,0.38,2.733,2.73664,0.03423816,0.1366807,0.0,0.0,0.03423816,0.1366807,0.0,0.0,0.0,0.0
2.80619,0.38,2.734,2.73764,0.03424685,0.1368273,0.0,0.0,0.03424685,0.1368273,0.0,0.0,0.0,0.0
2.80716,0.38,2.735,2.73864,0.03425553,0.1369741,0.0,0.0,0.03425553,0.1369741,0.0,0.0,0.0,0.0
2.80814,0.38,2.736,2.73964,0.03426422,0.1371209,0.0,0.0,0.03426422,0.1371209,0.0,0.0,0.0,0.0
2.80911,0.38,2.737,2.74064,0.03427291,0.1372679,0.0,0.0,0.03427291,0.1372679,0.0,0.0,0.0,0.0
2.81009,0.38,2.738,2.74164,0.0342816,0.137415,0.0,0.0,0.0342816,0.137415,0.0,0.0,0.0,0.0
2.81107,0.38,2.739,2.74264,0.03429028,0.1375622,0.0,0.0,0.03429028,0.1375622,0.0,0.0,0.0,0.0
2.81204,0.38,2.74,2.74364,0.03429897,0.1377096,0.0,0.0,0.03429897,0.1377096,0.0,0.0,0.0,0.0
2.81302,0.38,2.741,2.74464,0.03430766,0.1378571,0.0,0.0,0.03430766,0.1378571,0.0,0.0,0.0,0.0
2.81399,0.38,2.742,2.74564,0.03431635,0.1380047,0.0,0.0,0.03431635,0.1380047,0.0,0.0,0.0,0.0
2.81497,0.38,2.743,2.74664,0.03432504,0.1381524,0.0,0.0,0.03432504,0.1381524,0.0,0.0,0.0,0.0
2.81594,0.38,2.744,2.74764,0.03433372,0.1383002,0.0,0.0,0.03433372,0.1383002,0.0,0.0,0.0,0.0
2.81692,0.38,2.745,2.74864,0.03434241,0.1384482,0.0,0.0,0.03434241,0.1384482,0.0,0.0,0.0,0.0
2.8179,0.38,2.746,2.74964,0.0343511,0.1385963,0.0,0.0,0.0343511,0.1385963,0.0,0.0,0.0,0.0
2.81887,0.38,2.747,2.75064,0.03435979,0.1387445,0.0,0.0,0.03435979,0.1387445,0.0,0.0,0.0,0.0
2.81985,0.38,2.748,2.75164,0.03436848,0.1388928,0.0,0.0,0.03436848,0.1388928,0.0,0.0,0.0,0.0
2.82082,0.38,2.749,2.75264,0.03437717,0.1390413,0.0,0.0,0.03437717,0.1390413,0.0,0.0,0.0,0.0
2.8218,0.38,2.75,2.75364,0.03438586,0.1391899,0.0,0.0,0.03438586,0.1391899,0.0,0.0,0.0,0.0
2.82277,0.38,2.751,2.75464,0.03439455,0.1393386,0.0,0.0,0.03439455,0.1393386,0.0,0.0,0.0,0.0
2.82375,0.38,2.752,2.75564,0.03440324,0.1394875,0.0,0.0,0.03440324,0.1394875,0.0,0.0,0.0,0.0
2.82473,0.38,2.753,2.75664,0.03441192,0.1396364,0.0,0.0,0.03441192,0.1396364,0.0,0.0,0.0,0.0
2.8257,0.38,2.754,2.75764,0.03442061,0.1397855,0.0,0.0,0.03442061,0.1397855,0.0,0.0,0.0,0.0
2.82668,0.38,2.755,2.75864,0.0344293,0.1399347,0.0,0.0,0.0344293,0.1399347,0.0,0.0,0.0,0.0
2.82765,0.38,2.756,2.75964,0.03443799,0.1400841,0.0,0.0,0.03443799,0.1400841,0.0,0.0,0.0,0.0
2.82863,0.38,2.757,2.76064,0.03444668,0.1402335,0.0,0.0,0.03444668,0.1402335,0.0,0.0,0.0,0.0
2.82961,0.38,2.758,2.76164,0.03445537,0.1403831,0.0,0.0,0.03445537,0.1403831,0.0,0.0,0.0,0.0
2.83058,0.38,2.759,2.76264,0.03446406,0.1405328,0.0,0.0,0.03446406,0.1405328,0.0,0.0,0.0,0.0
2.83156,0.38,2.76,2.76364,0.03447275,0.1406827,0.0,0.0,0.03447275,0.1406827,0.0,0.0,0.0,0.0
2.83253,0.38,2.761,2.76464,0.03448144,0.1408326,0.0,0.0,0.03448144,0.1408326,0.0,0.0,0.0,0.0
2.83351,0.38,2.762,2.76564,0.03449013,0.1409827,0.0,0.0,0.03449013,0.1409827,0.0,0.0,0.0,0.0
2.83449,0.38,2.763,2.76664,0.03449882,0.1411329,0.0,0.0,0.03449882,0.1411329,0.0,0.0,0.0,0.0
2.83546,0.38,2.764,2.76764,0.03450751,0.1412832,0.0,0.0,0.03450751,0.1412832,0.0,0.0,0.0,0.0
2.83644,0.38,2.765,2.76864,0.03451621,0.1414337,0.0,0.0,0.03451621,0.1414337,0.0,0.0,0.0,0.0
2.83741,0.38,2.766,2.76964,0.0345249,0.1415843,0.0,0.0,0.0345249,0.1415843,0.0,0.0,0.0,0.0
2.83839,0.38,2.767,2.77064,0.03453359,0.141735,0.0,0.0,0.03453359,0.141735,0.0,0.0,0.0,0.0
2.83937,0.38,2.768,2.77164,0.03454228,0.1418858,0.0,0.0,0.03454228,0.1418858,0.0,0.0,0.0,0.0
2.84034,0.38,2.769,2.77264,0.03455097,0.1420368,0.0,0.0,0.03455097,0.1420368,0.0,0.0,0.0,0.0
2.84132,0.38,2.77,2.77364,0.03455966,0.1421879,0.0,0.0,0.03455966,0.1421879,0.0,0.0,0.0,0.0
2.8423,0.38,2.771,2.77464,0.03456835,0.1423391,0.0,0.0,0.03456835,0.1423391,0.0,0.0,0.0,0.0
2.84327,0.38,2.772,2.77564,0.03457704,0.1424904,0.0,0.0,0.03457704,0.1424904,0.0,0.0,0.0,0.0
2.84425,0.38,2.773,2.77664,0.03458573,0.1426419,0.0,0.0,0.03458573,0.1426419,0.0,0.0,0.0,0.0
2.84522,0.38,2.774,2.77764,0.03459443,0.1427935,0.0,0.0,0.03459443,0.1427935,0.0,0.0,0.0,0.0
2.8462,0.38,2.775,2.77864,0.03460312,0.1429452,0.0,0.0,0.03460312,0.1429452,0.0,0.0,0.0,0.0
2.84718,0.38,2.776,2.77964,0.03461181,0.143097,0.0,0.0,0.03461181,0.143097,0.0,0.0,0.0,0.0
2.84815,0.38,2.777,2.78064,0.0346205,0.143249,0.0,0.0,0.0346205,0.143249,0.0,0.0,0.0,0.0
2.84913,0.38,2.778,2.78164,0.03462919,0.1434011,0.0,0.0,0.03462919,0.1434011,0.0,0.0,0.0,0.0
2.85011,0.38,2.779,2.78264,0.03463789,0.1435533,0.0,0.0,0.03463789,0.1435533,0.0,0.0,0.0,0.0
2.85108,0.38,2.78,2.78364,0.03464658,0.1437057,0.0,0.0,0.03464658,0.1437057,0.0,0.0,0.0,0.0
2.85206,0.38,2.781,2.78464,0.03465527,0.1438581,0.0,0.0,0.03465527,0.1438581,0.0,0.0,0.0,0.0
2.85303,0.38,2.782,2.78564,0.03466396,0.1440107,0.0,0.0,0.03466396,0.1440107,0.0,0.0,0.0,0.0
2.85401,0.38,2.783,2.78664,0.03467266,0.1441634,0.0,0.0,0.03467266,0.1441634,0.0,0.0,0.0,0.0
2.85499,0.38,2.784,2.78764,0.03468135,0.1443163,0.0,0.0,0.03468135,0.1443163,0.0,0.0,0.0,0.0
2.85596,0.38,2.785,2.78864,0.03469004,0.1444693,0.0,0.0,0.03469004,0.1444693,0.0,0.0,0.0,0.0
2.85694,0.38,2.786,2.78964,0.03469873,0.1446224,0.0,0.0,0.03469873,0.1446224,0.0,0.0,0.0,0.0
2.85792,0.38,2.787,2.79064,0.03470743,0.1447756,0.0,0.0,0.03470743,0.1447756,0.0,0.0,0.0,0.0
2.85889,0.38,2.788,2.79164,0.03471612,0.1449289,0.0,0.0,0.03471612,0.1449289,0.0,0.0,0.0,0.0
2.85987,0.38,2.789,2.79264,0.03472481,0.1450824,0.0,0.0,0.03472481,0.1450824,0.0,0.0,0.0,0.0
2.86085,0.38,2.79,2.79364,0.03473351,0.145236,0.0,0.0,0.03473351,0.145236,0.0,0.0,0.0,0.0
2.86182,0.38,2.791,2.79464,0.0347422,0.1453897,0.0,0.0,0.0347422,0.1453897,0.0,0.0,0.0,0.0
2.8628,0.38,2.792,2.79564,0.03475089,0.1455436,0.0,0.0,0.03475089,0.1455436,0.0,0.0,0.0,0.0
2.86378,0.38,2.793,2.79664,0.03475959,0.1456976,0.0,0.0,0.03475959,0.1456976,0.0,0.0,0.0,0.0
2.86475,0.38,2.794,2.79764,0.03476828,0.1458517,0.0,0.0,0.03476828,0.1458517,0.0,0.0,0.0,0.0
2.86573,0.38,2.795,2.79864,0.03477698,0.1460059,0.0,0.0,0.03477698,0.1460059,0.0,0.0,0.0,0.0
2.86671,0.38,2.796,2.79964,0.03478567,0.1461603,0.0,0.0,0.03478567,0.1461603,0.0,0.0,0.0,0.0
2.86768,0.38,2.797,2.80064,0.03479436,0.1463148,0.0,0.0,0.03479436,0.1463148,0.0,0.0,0.0,0.0
2.86866,0.38,2.798,2.80164,0.03480306,0.1464694,0.0,0.0,0.03480306,0.1464694,0.0,0.0,0.0,0.0
2.86964,0.38,2.799,2.80264,0.03481175,0.1466241,0.0,0.0,0.03481175,0.1466241,0.0,0.0,0.0,0.0
2.87061,0.38,2.8,2.80364,0.03482045,0.146779,0.0,0.0,0.03482045,0.146779,0.0,0.0,0.0,0.0
2.87159,0.38,2.801,2.80464,0.03482914,0.146934,0.0,0.0,0.03482914,0.146934,0.0,0.0,0.0,0.0
2.87257,0.38,2.802,2.80564,0.03483784,0.1470891,0.0,0.0,0.03483784,0.1470891,0.0,0.0,0.0,0.0
2.87354,0.38,2.803,2.80664,0.03484653,0.1472444,0.0,0.0,0.03484653,0.1472444,0.0,0.0,0.0,0.0
2.87452,0.38,2.804,2.80764,0.03485523,0.1473997,0.0,0.0,0.03485523,0.1473997,0.0,0.0,0.0,0.0
2.8755,0.38,2.805,2.80864,0.03486392,0.1475552,0.0,0.0,0.03486392,0.1475552,0.0,0.0,0.0,0.0
2.87647,0.38,2.806,2.80964,0.03487262,0.1477109,0.0,0.0,0.03487262,0.1477109,0.0,0.0,0.0,0.0
2.87745,0.38,2.807,2.81064,0.03488131,0.1478666,0.0,0.0,0.03488131,0.1478666,0.0,0.0,0.0,0.0
2.87843,0.38,2.808,2.81164,0.03489001,0.1480225,0.0,0.0,0.03489001,0.1480225,0.0,0.0,0.0,0.0
2.8794,0.38,2.809,2.81264,0.0348987,0.1481785,0.0,0.0,0.0348987,0.1481785,0.0,0.0,0.0,0.0
2.88038,0.38,2.81,2.81364,0.0349074,0.1483347,0.0,0.0,0.0349074,0.1483347,0.0,0.0,0.0,0.0
2.88136,0.38,2.811,2.81464,0.03491609,0.1484909,0.0,0.0,0.03491609,0.1484909,0.0,0.0,0.0,0.0
2.88233,0.38,2.812,2.81564,0.03492479,0.1486473,0.0,0.0,0.03492479,0.1486473,0.0,0.0,0.0,0.0
2.88331,0.38,2.813,2.81664,0.03493348,0.1488039,0.0,0.0,0.03493348,0.1488039,0.0,0.0,0.0,0.0
2.88429,0.38,2.814,2.81764,0.03494218,0.1489605,0.0,0.0,0.03494218,0.1489605,0.0,0.0,0.0,0.0
2.88526,0.38,2.815,2.81864,0.03495088,0.1491173,0.0,0.0,0.03495088,0.1491173,0.0,0.0,0.0,0.0
2.88624,0.38,2.816,2.81964,0.03495957,0.1492742,0.0,0.0,0.03495957,0.1492742,0.0,0.0,0.0,0.0
2.88722,0.38,2.817,2.82064,0.03496827,0.1494312,0.0,0.0,0.03496827,0.1494312,0.0,0.0,0.0,0.0
2.88819,0.38,2.818,2.82164,0.03497697,0.1495884,0.0,0.0,0.03497697,0.1495884,0.0,0.0,0.0,0.0
2.88917,0.38,2.819,2.82264,0.03498566,0.1497457,0.0,0.0,0.03498566,0.1497457,0.0,0.0,0.0,0.0
2.89015,0.38,2.82,2.82364,0.03499436,0.1499031,0.0,0.0,0.03499436,0.1499031,0.0,0.0,0.0,0.0
2.89113,0.38,2.821,2.82464,0.03500306,0.1500606,0.0,0.0,0.03500306,0.1500606,0.0,0.0,0.0,0.0
2.8921,0.38,2.822,2.82564,0.03501175,0.1502183,0.0,0.0,0.03501175,0.1502183,0.0,0.0,0.0,0.0
2.89308,0.38,2.823,2.82664,0.03502045,0.1503761,0.0,0.0,0.03502045,0.1503761,0.0,0.0,0.0,0.0
2.89406,0.38,2.824,2.82764,0.03502915,0.150534,0.0,0.0,0.03502915,0.150534,0.0,0.0,0.0,0.0
2.89503,0.38,2.825,2.82864,0.03503784,0.1506921,0.0,0.0,0.03503784,0.1506921,0.0,0.0,0.0,0.0
2.89601,0.38,2.826,2.82964,0.03504654,0.1508503,0.0,0.0,0.03504654,0.1508503,0.0,0.0,0.0,0.0
2.89699,0.38,2.827,2.83064,0.03505524,0.1510086,0.0,0.0,0.03505524,0.1510086,0.0,0.0,0.0,0.0
2.89796,0.38,2.828,2.83164,0.03506394,0.151167,0.0,0.0,0.03506394,0.151167,0.0,0.0,0.0,0.0
2.89894,0.38,2.829,2.83264,0.03507263,0.1513256,0.0,0.0,0.03507263,0.1513256,0.0,0.0,0.0,0.0
2.89992,0.38,2.83,2.83364,0.03508133,0.1514843,0.0,0.0,0.03508133,0.1514843,0.0,0.0,0.0,0.0
2.9009,0.38,2.831,2.83464,0.03509003,0.1516431,0.0,0.0,0.03509003,0.1516431,0.0,0.0,0.0,0.0
2.90187,0.38,2.832,2.83564,0.03509873,0.1518021,0.0,0.0,0.03509873,0.1518021,0.0,0.0,0.0,0.0
2.90285,0.38,2.833,2.83664,0.03510742,0.1519611,0.0,0.0,0.03510742,0.1519611,0.0,0.0,0.0,0.0
2.90383,0.38,2.834,2.83764,0.03511612,0.1521204,0.0,0.0,0.03511612,0.1521204,0.0,0.0,0.0,0.0
2.9048,0.38,2.835,2.83864,0.03512482,0.1522797,0.0,0.0,0.03512482,0.1522797,0.0,0.0,0.0,0.0
2.90578,0.38,2.836,2.83964,0.03513352,0.1524392,0.0,0.0,0.03513352,0.1524392,0.0,0.0,0.0,0.0
2.90676,0.38,2.837,2.84064,0.03514222,0.1525988,0.0,0.0,0.03514222,0.1525988,0.0,0.0,0.0,0.0
2.90774,0.38,2.838,2.84164,0.03515092,0.1527585,0.0,0.0,0.03515092,0.1527585,0.0,0.0,0.0,0.0
2.90871,0.38,2.839,2.84264,0.03515961,0.1529183,0.0,0.0,0.03515961,0.1529183,0.0,0.0,0.0,0.0
2.90969,0.38,2.84,2.84364,0.03516831,0.1530783,0.0,0.0,0.03516831,0.1530783,0.0,0.0,0.0,0.0
2.91067,0.38,2.841,2.84464,0.03517701,0.1532384,0.0,0.0,0.03517701,0.1532384,0.0,0.0,0.0,0.0
2.91165,0.38,2.842,2.84564,0.03518571,0.1533987,0.0,0.0,0.03518571,0.1533987,0.0,0.0,0.0,0.0
2.91262,0.38,2.843,2.84664,0.03519441,0.153559,0.0,0.0,0.03519441,0.153559,0.0,0.0,0.0,0.0
2.9136,0.38,2.844,2.84764,0.03520311,0.1537195,0.0,0.0,0.03520311,0.1537195,0.0,0.0,0.0,0.0
2.91458,0.38,2.845,2.84864,0.03521181,0.1538802,0.0,0.0,0.03521181,0.1538802,0.0,0.0,0.0,0.0
2.91556,0.38,2.846,2.84964,0.03522051,0.1540409,0.0,0.0,0.03522051,0.1540409,0.0,0.0,0.0,0.0
2.91653,0.38,2.847,2.85064,0.03522921,0.1542018,0.0,0.0,0.03522921,0.1542018,0.0,0.0,0.0,0.0
2.91751,0.38,2.848,2.85164,0.03523791,0.1543628,0.0,0.0,0.03523791,0.1543628,0.0,0.0,0.0,0.0
2.91849,0.38,2.849,2.85264,0.03524661,0.154524,0.0,0.0,0.03524661,0.154524,0.0,0.0,0.0,0.0
2.91946,0.38,2.85,2.85364,0.03525531,0.1546852,0.0,0.0,0.03525531,0.1546852,0.0,0.0,0.0,0.0
2.92044,0.38,2.851,2.85464,0.03526401,0.1548466,0.0,0.0,0.03526401,0.1548466,0.0,0.0,0.0,0.0
2.92142,0.38,2.852,2.85564,0.03527271,0.1550082,0.0,0.0,0.03527271,0.1550082,0.0,0.0,0.0,0.0
2.9224,0.38,2.853,2.85664,0.03528141,0.1551698,0.0,0.0,0.03528141,0.1551698,0.0,0.0,0.0,0.0
2.92337,0.38,2.854,2.85764,0.03529011,0.1553316,0.0,0.0,0.03529011,0.1553316,0.0,0.0,0.0,0.0
2.92435,0.38,2.855,2.85864,0.03529881,0.1554935,0.0,0.0,0.03529881,0.1554935,0.0,0.0,0.0,0.0
2.92533,0.38,2.856,2.85964,0.03530751,0.1556556,0.0,0.0,0.03530751,0.1556556,0.0,0.0,0.0,0.0
2.92631,0.38,2.857,2.86064,0.03531621,0.1558178,0.0,0.0,0.03531621,0.1558178,0.0,0.0,0.0,0.0
2.92729,0.38,2.858,2.86164,0.03532491,0.1559801,0.0,0.0,0.03532491,0.1559801,0.0,0.0,0.0,0.0
2.92826,0.38,2.859,2.86264,0.03533361,0.1561425,0.0,0.0,0.03533361,0.1561425,0.0,0.0,0.0,0.0
2.92924,0.38,2.86,2.86364,0.03534232,0.1563051,0.0,0.0,0.03534232,0.1563051,0.0,0.0,0.0,0.0
2.93022,0.38,2.861,2.86464,0.03535102,0.1564678,0.0,0.0,0.03535102,0.1564678,0.0,0.0,0.0,0.0
2.9312,0.38,2.862,2.86564,0.03535972,0.1566306,0.0,0.0,0.03535972,0.1566306,0.0,0.0,0.0,0.0
2.93217,0.38,2.863,2.86664,0.03536842,0.1567936,0.0,0.0,0.03536842,0.1567936,0.0,0.0,0.0,0.0
2.93315,0.38,2.864,2.86764,0.03537712,0.1569567,0.0,0.0,0.03537712,0.1569567,0.0,0.0,0.0,0.0
2.93413,0.38,2.865,2.86864,0.03538583,0.1571199,0.0,0.0,0.03538583,0.1571199,0.0,0.0,0.0,0.0
2.93511,0.38,2.866,2.86964,0.03539453,0.1572832,0.0,0.0,0.03539453,0.1572832,0.0,0.0,0.0,0.0
2.93608,0.38,2.867,2.87064,0.03540323,0.1574467,0.0,0.0,0.03540323,0.1574467,0.0,0.0,0.0,0.0
2.93706,0.38,2.868,2.87164,0.03541193,0.1576103,0.0,0.0,0.03541193,0.1576103,0.0,0.0,0.0,0.0
2.93804,0.38,2.869,2.87264,0.03542064,0.157774,0.0,0.0,0.03542064,0.157774,0.0,0.0,0.0,0.0
2.93902,0.38,2.87,2.87364,0.03542934,0.1579379,0.0,0.0,0.03542934,0.1579379,0.0,0.0,0.0,0.0
2.93999,0.38,2.871,2.87464,0.03543804,0.1581019,0.0,0.0,0.03543804,0.1581019,0.0,0.0,0.0,0.0
2.94097,0.38,2.872,2.87564,0.03544674,0.158266,0.0,0.0,0.03544674,0.158266,0.0,0.0,0.0,0.0
2.94195,0.38,2.873,2.87664,0.03545545,0.1584303,0.0,0.0,0.03545545,0.1584303,0.0,0.0,0.0,0.0
2.94293,0.38,2.874,2.87764,0.03546415,0.1585947,0.0,0.0,0.03546415,0.1585947,0.0,0.0,0.0,0.0
2.94391,0.38,2.875,2.87864,0.03547285,0.1587592,0.0,0.0,0.03547285,0.1587592,0.0,0.0,0.0,0.0
2.94488,0.38,2.876,2.87964,0.03548156,0.1589239,0.0,0.0,0.03548156,0.1589239,0.0,0.0,0.0,0.0
2.94586,0.38,2.877,2.88064,0.03549026,0.1590887,0.0,0.0,0.03549026,0.1590887,0.0,0.0,0.0,0.0
2.94684,0.38,2.878,2.88164,0.03549897,0.1592536,0.0,0.0,0.03549897,0.1592536,0.0,0.0,0.0,0.0
2.94782,0.38,2.879,2.88264,0.03550767,0.1594186,0.0,0.0,0.03550767,0.1594186,0.0,0.0,0.0,0.0
2.9488,0.38,2.88,2.88364,0.03551637,0.1595838,0.0,0.0,0.03551637,0.1595838,0.0,0.0,0.0,0.0
2.94977,0.38,2.881,2.88464,0.03552508,0.1597491,0.0,0.0,0.03552508,0.1597491,0.0,0.0,0.0,0.0
2.95075,0.38,2.882,2.88564,0.03553378,0.1599145,0.0,0.0,0.03553378,0.1599145,0.0,0.0,0.0,0.0
2.95173,0.38,2.883,2.88664,0.03554249,0.1600801,0.0,0.0,0.03554249,0.1600801,0.0,0.0,0.0,0.0
2.95271,0.38,2.884,2.88764,0.03555119,0.1602458,0.0,0.0,0.03555119,0.1602458,0.0,0.0,0.0,0.0
2.95369,0.38,2.885,2.88864,0.0355599,0.1604116,0.0,0.0,0.0355599,0.1604116,0.0,0.0,0.0,0.0
2.95466,0.38,2.886,2.88964,0.0355686,0.1605776,0.0,0.0,0.0355686,0.1605776,0.0,0.0,0.0,0.0
2.95564,0.38,2.887,2.89064,0.03557731,0.1607437,0.0,0.0,0.03557731,0.1607437,0.0,0.0,0.0,0.0
2.95662,0.38,2.888,2.89164,0.03558601,0.1609099,0.0,0.0,0.03558601,0.1609099,0.0,0.0,0.0,0.0
2.9576,0.38,2.889,2.89264,0.03559472,0.1610762,0.0,0.0,0.03559472,0.1610762,0.0,0.0,0.0,0.0
2.95858,0.38,2.89,2.89364,0.03560343,0.1612427,0.0,0.0,0.03560343,0.1612427,0.0,0.0,0.0,0.0
2.95955,0.38,2.891,2.89464,0.03561213,0.1614093,0.0,0.0,0.03561213,0.1614093,0.0,0.0,0.0,0.0
2.96053,0.38,2.892,2.89564,0.03562084,0.1615761,0.0,0.0,0.03562084,0.1615761,0.0,0.0,0.0,0.0
2.96151,0.38,2.893,2.89664,0.03562955,0.161743,0.0,0.0,0.03562955,0.161743,0.0,0.0,0.0,0.0
2.96249,0.38,2.894,2.89764,0.03563825,0.16191,0.0,0.0,0.03563825,0.16191,0.0,0.0,0.0,0.0
2.96347,0.38,2.895,2.89864,0.03564696,0.1620771,0.0,0.0,0.03564696,0.1620771,0.0,0.0,0.0,0.0
2.96444,0.38,2.896,2.89964,0.03565567,0.1622444,0.0,0.0,0.03565567,0.1622444,0.0,0.0,0.0,0.0
2.96542,0.38,2.897,2.90064,0.03566437,0.1624118,0.0,0.0,0.03566437,0.1624118,0.0,0.0,0.0,0.0
2.9664,0.38,2.898,2.90164,0.03567308,0.1625793,0.0,0.0,0.03567308,0.1625793,0.0,0.0,0.0,0.0
2.96738,0.38,2.899,2.90264,0.03568179,0.162747,0.0,0.0,0.03568179,0.162747,0.0,0.0,0.0,0.0
2.96836,0.38,2.9,2.90364,0.0356905,0.1629148,0.0,0.0,0.0356905,0.1629148,0.0,0.0,0.0,0.0
2.96933,0.38,2.901,2.90464,0.0356992,0.1630827,0.0,0.0,0.0356992,0.1630827,0.0,0.0,0.0,0.0
2.97031,0.38,2.902,2.90564,0.03570791,0.1632508,0.0,0.0,0.03570791,0.1632508,0.0,0.0,0.0,0.0
2.97129,0.38,2.903,2.90664,0.03571662,0.163419,0.0,0.0,0.03571662,0.163419,0.0,0.0,0.0,0.0
2.97227,0.38,2.904,2.90764,0.03572533,0.1635873,0.0,0.0,0.03572533,0.1635873,0.0,0.0,0.0,0.0
2.97325,0.38,2.905,2.90864,0.03573404,0.1637558,0.0,0.0,0.03573404,0.1637558,0.0,0.0,0.0,0.0
2.97423,0.38,2.906,2.90964,0.03574275,0.1639244,0.0,0.0,0.03574275,0.1639244,0.0,0.0,0.0,0.0
2.9752,0.38,2.907,2.91064,0.03575145,0.1640931,0.0,0.0,0.03575145,0.1640931,0.0,0.0,0.0,0.0
2.97618,0.38,2.908,2.91164,0.03576016,0.1642619,0.0,0.0,0.03576016,0.1642619,0.0,0.0,0.0,0.0
2.97716,0.38,2.909,2.91264,0.03576887,0.1644309,0.0,0.0,0.03576887,0.1644309,0.0,0.0,0.0,0.0
2.97814,0.38,2.91,2.91364,0.03577758,0.1646,0.0,0.0,0.03577758,0.1646,0.0,0.0,0.0,0.0
2.97912,0.38,2.911,2.91464,0.03578629,0.1647693,0.0,0.0,0.03578629,0.1647693,0.0,0.0,0.0,0.0
2.9801,0.38,2.912,2.91564,0.035795,0.1649387,0.0,0.0,0.035795,0.1649387,0.0,0.0,0.0,0.0
2.98107,0.38,2.913,2.91664,0.03580371,0.1651082,0.0,0.0,0.03580371,0.1651082,0.0,0.0,0.0,0.0
2.98205,0.38,2.914,2.91764,0.03581242,0.1652778,0.0,0.0,0.03581242,0.1652778,0.0,0.0,0.0,0.0
2.98303,0.38,2.915,2.91864,0.03582113,0.1654476,0.0,0.0,0.03582113,0.1654476,0.0,0.0,0.0,0.0
2.98401,0.38,2.916,2.91964,0.03582984,0.1656175,0.0,0.0,0.03582984,0.1656175,0.0,0.0,0.0,0.0
2.98499,0.38,2.917,2.92064,0.03583855,0.1657876,0.0,0.0,0.03583855,0.1657876,0.0,0.0,0.0,0.0
2.98597,0.38,2.918,2.92164,0.03584726,0.1659578,0.0,0.0,0.03584726,0.1659578,0.0,0.0,0.0,0.0
2.98694,0.38,2.919,2.92264,0.03585598,0.1661281,0.0,0.0,0.03585598,0.1661281,0.0,0.0,0.0,0.0
2.98792,0.38,2.92,2.92364,0.03586469,0.1662985,0.0,0.0,0.03586469,0.1662985,0.0,0.0,0.0,0.0
2.9889,0.38,2.921,2.92464,0.0358734,0.1664691,0.0,0.0,0.0358734,0.1664691,0.0,0.0,0.0,0.0
2.98988,0.38,2.922,2.92564,0.03588211,0.1666398,0.0,0.0,0.03588211,0.1666398,0.0,0.0,0.0,0.0
2.99086,0.38,2.923,2.92664,0.03589082,0.1668107,0.0,0.0,0.03589082,0.1668107,0.0,0.0,0.0,0.0
2.99184,0.38,2.924,2.92764,0.03589953,0.1669816,0.0,0.0,0.03589953,0.1669816,0.0,0.0,0.0,0.0
2.99282,0.38,2.925,2.92864,0.03590825,0.1671527,0.0,0.0,0.03590825,0.1671527,0.0,0.0,0.0,0.0
2.99379,0.38,2.926,2.92964,0.03591696,0.167324,0.0,0.0,0.03591696,0.167324,0.0,0.0,0.0,0.0
2.99477,0.38,2.927,2.93064,0.03592567,0.1674954,0.0,0.0,0.03592567,0.1674954,0.0,0.0,0.0,0.0
2.99575,0.38,2.928,2.93164,0.03593438,0.1676669,0.0,0.0,0.03593438,0.1676669,0.0,0.0,0.0,0.0
2.99673,0.38,2.929,2.93264,0.0359431,0.1678385,0.0,0.0,0.0359431,0.1678385,0.0,0.0,0.0,0.0
2.99771,0.38,2.93,2.93364,0.03595181,0.1680103,0.0,0.0,0.03595181,0.1680103,0.0,0.0,0.0,0.0
2.99869,0.38,2.931,2.93464,0.03596052,0.1681822,0.0,0.0,0.03596052,0.1681822,0.0,0.0,0.0,0.0
2.99967,0.38,2.932,2.93564,0.03596924,0.1683542,0.0,0.0,0.03596924,0.1683542,0.0,0.0,0.0,0.0
3.00064,0.38,2.933,2.93664,0.03597795,0.1685264,0.0,0.0,0.03597795,0.1685264,0.0,0.0,0.0,0.0
3.00162,0.38,2.934,2.93764,0.03598667,0.1686987,0.0,0.0,0.03598667,0.1686987,0.0,0.0,0.0,0.0
3.0026,0.38,2.935,2.93864,0.03599538,0.1688712,0.0,0.0,0.03599538,0.1688712,0.0,0.0,0.0,0.0
3.00358,0.38,2.936,2.93964,0.03600409,0.1690437,0.0,0.0,0.03600409,0.1690437,0.0,0.0,0.0,0.0
3.00456,0.38,2.937,2.94064,0.03601281,0.1692164,0.0,0.0,0.03601281,0.1692164,0.0,0.0,0.0,0.0
3.00554,0.38,2.938,2.94164,0.03602152,0.1693893,0.0,0.0,0.03602152,0.1693893,0.0,0.0,0.0,0.0
3.00652,0.38,2.939,2.94264,0.03603024,0.1695623,0.0,0.0,0.03603024,0.1695623,0.0,0.0,0.0,0.0
3.0075,0.38,2.94,2.94364,0.03603895,0.1697354,0.0,0.0,0.03603895,0.1697354,0.0,0.0,0.0,0.0
3.00847,0.38,2.941,2.94464,0.03604767,0.1699086,0.0,0.0,0.03604767,0.1699086,0.0,0.0,0.0,0.0
3.00945,0.38,2.942,2.94564,0.03605638,0.170082,0.0,0.0,0.03605638,0.170082,0.0,0.0,0.0,0.0
3.01043,0.38,2.943,2.94664,0.0360651,0.1702555,0.0,0.0,0.0360651,0.1702555,0.0,0.0,0.0,0.0
3.01141,0.38,2.944,2.94764,0.03607381,0.1704291,0.0,0.0,0.03607381,0.1704291,0.0,0.0,0.0,0.0
3.01239,0.38,2.945,2.94864,0.03608253,0.1706029,0.0,0.0,0.03608253,0.1706029,0.0,0.0,0.0,0.0
3.01337,0.38,2.946,2.94964,0.03609125,0.1707768,0.0,0.0,0.03609125,0.1707768,0.0,0.0,0.0,0.0
3.01435,0.38,2.947,2.95064,0.03609996,0.1709509,0.0,0.0,0.03609996,0.1709509,0.0,0.0,0.0,0.0
3.01533,0.38,2.948,2.95164,0.03610868,0.1711251,0.0,0.0,0.03610868,0.1711251,0.0,0.0,0.0,0.0
3.01631,0.38,2.949,2.95264,0.0361174,0.1712994,0.0,0.0,0.0361174,0.1712994,0.0,0.0,0.0,0.0
3.01728,0.38,2.95,2.95364,0.03612611,0.1714738,0.0,0.0,0.03612611,0.1714738,0.0,0.0,0.0,0.0
3.01826,0.38,2.951,2.95464,0.03613483,0.1716484,0.0,0.0,0.03613483,0.1716484,0.0,0.0,0.0,0.0
3.01924,0.38,2.952,2.95564,0.03614355,0.1718231,0.0,0.0,0.03614355,0.1718231,0.0,0.0,0.0,0.0
3.02022,0.38,2.953,2.95664,0.03615226,0.171998,0.0,0.0,0.03615226,0.171998,0.0,0.0,0.0,0.0
3.0212,0.38,2.954,2.95764,0.03616098,0.172173,0.0,0.0,0.03616098,0.172173,0.0,0.0,0.0,0.0
3.02218,0.38,2.955,2.95864,0.0361697,0.1723481,0.0,0.0,0.0361697,0.1723481,0.0,0.0,0.0,0.0
3.02316,0.38,2.956,2.95964,0.03617842,0.1725234,0.0,0.0,0.03617842,0.1725234,0.0,0.0,0.0,0.0
3.02414,0.38,2.957,2.96064,0.03618714,0.1726988,0.0,0.0,0.03618714,0.1726988,0.0,0.0,0.0,0.0
3.02512,0.38,2.958,2.96164,0.03619585,0.1728743,0.0,0.0,0.03619585,0.1728743,0.0,0.0,0.0,0.0
3.02609,0.38,2.959,2.96264,0.03620457,0.1730499,0.0,0.0,0.03620457,0.1730499,0.0,0.0,0.0,0.0
3.02707,0.38,2.96,2.96364,0.03621329,0.1732257,0.0,0.0,0.03621329,0.1732257,0.0,0.0,0.0,0.0
3.02805,0.38,2.961,2.96464,0.03622201,0.1734017,0.0,0.0,0.03622201,0.1734017,0.0,0.0,0.0,0.0
3.02903,0.38,2.962,2.96564,0.03623073,0.1735777,0.0,0.0,0.03623073,0.1735777,0.0,0.0,0.0,0.0
3.03001,0.38,2.963,2.96664,0.03623945,0.1737539,0.0,0.0,0.03623945,0.1737539,0.0,0.0,0.0,0.0
3.03099,0.38,2.964,2.96764,0.03624817,0.1739303,0.0,0.0,0.03624817,0.1739303,0.0,0.0,0.0,0.0
3.03197,0.38,2.965,2.96864,0.03625689,0.1741067,0.0,0.0,0.03625689,0.1741067,0.0,0.0,0.0,0.0
3.03295,0.38,2.966,2.96964,0.03626561,0.1742834,0.0,0.0,0.03626561,0.1742834,0.0,0.0,0.0,0.0
3.03393,0.38,2.967,2.97064,0.03627433,0.1744601,0.0,0.0,0.03627433,0.1744601,0.0,0.0,0.0,0.0
3.03491,0.38,2.968,2.97164,0.03628305,0.174637,0.0,0.0,0.03628305,0.174637,0.0,0.0,0.0,0.0
3.03589,0.38,2.969,2.97264,0.03629177,0.174814,0.0,0.0,0.03629177,0.174814,0.0,0.0,0.0,0.0
3.03687,0.38,2.97,2.97364,0.03630049,0.1749911,0.0,0.0,0.03630049,0.1749911,0.0,0.0,0.0,0.0
3.03784,0.38,2.971,2.97464,0.03630921,0.1751684,0.0,0.0,0.03630921,0.1751684,0.0,0.0,0.0,0.0
3.03882,0.38,2.972,2.97564,0.03631793,0.1753458,0.0,0.0,0.03631793,0.1753458,0.0,0.0,0.0,0.0
3.0398,0.38,2.973,2.97664,0.03632665,0.1755234,0.0,0.0,0.03632665,0.1755234,0.0,0.0,0.0,0.0
3.04078,0.38,2.974,2.97764,0.03633537,0.1757011,0.0,0.0,0.03633537,0.1757011,0.0,0.0,0.0,0.0
3.04176,0.38,2.975,2.97864,0.03634409,0.1758789,0.0,0.0,0.03634409,0.1758789,0.0,0.0,0.0,0.0
3.04274,0.38,2.976,2.97964,0.03635281,0.1760569,0.0,0.0,0.03635281,0.1760569,0.0,0.0,0.0,0.0
3.04372,0.38,2.977,2.98064,0.03636153,0.176235,0.0,0.0,0.03636153,0.176235,0.0,0.0,0.0,0.0
3.0447,0.38,2.978,2.98164,0.03637025,0.1764132,0.0,0.0,0.03637025,0.1764132,0.0,0.0,0.0,0.0
3.04568,0.38,2.979,2.98264,0.03637897,0.1765916,0.0,0.0,0.03637897,0.1765916,0.0,0.0,0.0,0.0
3.04666,0.38,2.98,2.98364,0.0363877,0.1767701,0.0,0.0,0.0363877,0.1767701,0.0,0.0,0.0,0.0
3.04764,0.38,2.981,2.98464,0.03639642,0.1769487,0.0,0.0,0.03639642,0.1769487,0.0,0.0,0.0,0.0
3.04862,0.38,2.982,2.98564,0.03640514,0.1771275,0.0,0.0,0.03640514,0.1771275,0.0,0.0,0.0,0.0
3.0496,0.38,2.983,2.98664,0.03641386,0.1773064,0.0,0.0,0.03641386,0.1773064,0.0,0.0,0.0,0.0
3.05058,0.38,2.984,2.98764,0.03642259,0.1774854,0.0,0.0,0.03642259,0.1774854,0.0,0.0,0.0,0.0
3.05155,0.38,2.985,2.98864,0.03643131,0.1776646,0.0,0.0,0.03643131,0.1776646,0.0,0.0,0.0,0.0
3.05253,0.38,2.986,2.98964,0.03644003,0.1778439,0.0,0.0,0.03644003,0.1778439,0.0,0.0,0.0,0.0
3.05351,0.38,2.987,2.99064,0.03644875,0.1780234,0.0,0.0,0.03644875,0.1780234,0.0,0.0,0.0,0.0
3.05449,0.38,2.988,2.99164,0.03645748,0.178203,0.0,0.0,0.03645748,0.178203,0.0,0.0,0.0,0.0
3.05547,0.38,2.989,2.99264,0.0364662,0.1783827,0.0,0.0,0.0364662,0.1783827,0.0,0.0,0.0,0.0
3.05645,0.38,2.99,2.99364,0.03647492,0.1785626,0.0,0.0,0.03647492,0.1785626,0.0,0.0,0.0,0.0
3.05743,0.38,2.991,2.99464,0.03648365,0.1787426,0.0,0.0,0.03648365,0.1787426,0.0,0.0,0.0,0.0
3.05841,0.38,2.992,2.99564,0.03649237,0.1789227,0.0,0.0,0.03649237,0.1789227,0.0,0.0,0.0,0.0
3.05939,0.38,2.993,2.99664,0.03650109,0.179103,0.0,0.0,0.03650109,0.179103,0.0,0.0,0.0,0.0
3.06037,0.38,2.994,2.99764,0.03650982,0.1792834,0.0,0.0,0.03650982,0.1792834,0.0,0.0,0.0,0.0
3.06135,0.38,2.995,2.99864,0.03651854,0.179464,0.0,0.0,0.03651854,0.179464,0.0,0.0,0.0,0.0
3.06233,0.38,2.996,2.99964,0.03652727,0.1796447,0.0,0.0,0.03652727,0.1796447,0.0,0.0,0.0,0.0
3.06331,0.38,2.997,3.00064,0.03653599,0.1798255,0.0,0.0,0.03653599,0.1798255,0.0,0.0,0.0,0.0
3.06429,0.38,2.998,3.00164,0.03654471,0.1800064,0.0,0.0,0.03654471,0.1800064,0.0,0.0,0.0,0.0
3.06527,0.38,2.999,3.00264,0.03655344,0.1801875,0.0,0.0,0.03655344,0.1801875,0.0,0.0,0.0,0.0
3.06625,0.38,3.0,3.00364,0.03656216,0.1803688,0.0,0.0,0.03656216,0.1803688,0.0,0.0,0.0,0.0
3.06723,0.38,3.001,3.00464,0.03657089,0.1805501,0.0,0.0,0.03657089,0.1805501,0.0,0.0,0.0,0.0
3.06821,0.38,3.002,3.00564,0.03657961,0.1807317,0.0,0.0,0.03657961,0.1807317,0.0,0.0,0.0,0.0
3.06919,0.38,3.003,3.00664,0.03658834,0.1809133,0.0,0.0,0.03658834,0.1809133,0.0,0.0,0.0,0.0
3.07017,0.38,3.004,3.00764,0.03659706,0.1810951,0.0,0.0,0.03659706,0.1810951,0.0,0.0,0.0,0.0
3.07114,0.38,3.005,3.00864,0.03660579,0.181277,0.0,0.0,0.03660579,0.181277,0.0,0.0,0.0,0.0
3.07212,0.38,3.006,3.00964,0.03661451,0.1814591,0.0,0.0,0.03661451,0.1814591,0.0,0.0,0.0,0.0
3.0731,0.38,3.007,3.01064,0.03662324,0.1816413,0.0,0.0,0.03662324,0.1816413,0.0,0.0,0.0,0.0
3.07408,0.38,3.008,3.01164,0.03663197,0.1818236,0.0,0.0,0.03663197,0.1818236,0.0,0.0,0.0,0.0
3.07506,0.38,3.009,3.01264,0.03664069,0.1820061,0.0,0.0,0.03664069,0.1820061,0.0,0.0,0.0,0.0
3.07604,0.38,3.01,3.01364,0.03664942,0.1821887,0.0,0.0,0.03664942,0.1821887,0.0,0.0,0.0,0.0
3.07702,0.38,3.011,3.01464,0.03665814,0.1823714,0.0,0.0,0.03665814,0.1823714,0.0,0.0,0.0,0.0
3.078,0.38,3.012,3.01564,0.03666687,0.1825543,0.0,0.0,0.03666687,0.1825543,0.0,0.0,0.0,0.0
3.07898,0.38,3.013,3.01664,0.0366756,0.1827373,0.0,0.0,0.0366756,0.1827373,0.0,0.0,0.0,0.0
3.07996,0.38,3.014,3.01764,0.03668432,0.1829205,0.0,0.0,0.03668432,0.1829205,0.0,0.0,0.0,0.0
3.08094,0.38,3.015,3.01864,0.03669305,0.1831038,0.0,0.0,0.03669305,0.1831038,0.0,0.0,0.0,0.0
3.08192,0.38,3.016,3.01964,0.03670178,0.1832872,0.0,0.0,0.03670178,0.1832872,0.0,0.0,0.0,0.0
3.0829,0.38,3.017,3.02064,0.0367105,0.1834708,0.0,0.0,0.0367105,0.1834708,0.0,0.0,0.0,0.0
3.08388,0.38,3.018,3.02164,0.03671923,0.1836545,0.0,0.0,0.03671923,0.1836545,0.0,0.0,0.0,0.0
3.08486,0.38,3.019,3.02264,0.03672796,0.1838383,0.0,0.0,0.03672796,0.1838383,0.0,0.0,0.0,0.0
3.08584,0.38,3.02,3.02364,0.03673669,0.1840223,0.0,0.0,0.03673669,0.1840223,0.0,0.0,0.0,0.0
3.08682,0.38,3.021,3.02464,0.03674541,0.1842064,0.0,0.0,0.03674541,0.1842064,0.0,0.0,0.0,0.0
3.0878,0.38,3.022,3.02564,0.03675414,0.1843907,0.0,0.0,0.03675414,0.1843907,0.0,0.0,0.0,0.0
3.08878,0.38,3.023,3.02664,0.03676287,0.1845751,0.0,0.0,0.03676287,0.1845751,0.0,0.0,0.0,0.0
3.08976,0.38,3.024,3.02764,0.0367716,0.1847596,0.0,0.0,0.0367716,0.1847596,0.0,0.0,0.0,0.0
3.09074,0.38,3.025,3.02864,0.03678032,0.1849443,0.0,0.0,0.03678032,0.1849443,0.0,0.0,0.0,0.0
3.09172,0.38,3.026,3.02964,0.03678905,0.1851291,0.0,0.0,0.03678905,0.1851291,0.0,0.0,0.0,0.0
3.0927,0.38,3.027,3.03064,0.03679778,0.1853141,0.0,0.0,0.03679778,0.1853141,0.0,0.0,0.0,0.0
3.09368,0.38,3.028,3.03164,0.03680651,0.1854992,0.0,0.0,0.03680651,0.1854992,0.0,0.0,0.0,0.0
3.09466,0.38,3.029,3.03264,0.03681524,0.1856844,0.0,0.0,0.03681524,0.1856844,0.0,0.0,0.0,0.0
3.09564,0.38,3.03,3.03364,0.03682396,0.1858698,0.0,0.0,0.03682396,0.1858698,0.0,0.0,0.0,0.0
3.09662,0.38,3.031,3.03464,0.03683269,0.1860553,0.0,0.0,0.03683269,0.1860553,0.0,0.0,0.0,0.0
3.0976,0.38,3.032,3.03564,0.03684142,0.1862409,0.0,0.0,0.03684142,0.1862409,0.0,0.0,0.0,0.0
3.09858,0.38,3.033,3.03664,0.03685015,0.1864267,0.0,0.0,0.03685015,0.1864267,0.0,0.0,0.0,0.0
3.09956,0.38,3.034,3.03764,0.03685888,0.1866126,0.0,0.0,0.03685888,0.1866126,0.0,0.0,0.0,0.0
3.10054,0.38,3.035,3.03864,0.03686761,0.1867987,0.0,0.0,0.03686761,0.1867987,0.0,0.0,0.0,0.0
3.10152,0.38,3.036,3.03964,0.03687634,0.1869849,0.0,0.0,0.03687634,0.1869849,0.0,0.0,0.0,0.0
3.1025,0.38,3.037,3.04064,0.03688507,0.1871712,0.0,0.0,0.03688507,0.1871712,0.0,0.0,0.0,0.0
3.10348,0.38,3.038,3.04164,0.03689379,0.1873577,0.0,0.0,0.03689379,0.1873577,0.0,0.0,0.0,0.0
3.10446,0.38,3.039,3.04264,0.03690252,0.1875443,0.0,0.0,0.03690252,0.1875443,0.0,0.0,0.0,0.0
3.10544,0.38,3.04,3.04364,0.03691125,0.1877311,0.0,0.0,0.03691125,0.1877311,0.0,0.0,0.0,0.0
3.10642,0.38,3.041,3.04464,0.03691998,0.187918,0.0,0.0,0.03691998,0.187918,0.0,0.0,0.0,0.0
3.1074,0.38,3.042,3.04564,0.03692871,0.188105,0.0,0.0,0.03692871,0.188105,0.0,0.0,0.0,0.0
3.10838,0.38,3.043,3.04664,0.03693744,0.1882922,0.0,0.0,0.03693744,0.1882922,0.0,0.0,0.0,0.0
3.10936,0.38,3.044,3.04764,0.03694617,0.1884795,0.0,0.0,0.03694617,0.1884795,0.0,0.0,0.0,0.0
3.11034,0.38,3.045,3.04864,0.0369549,0.1886669,0.0,0.0,0.0369549,0.1886669,0.0,0.0,0.0,0.0
3.11132,0.38,3.046,3.04964,0.03696363,0.1888545,0.0,0.0,0.03696363,0.1888545,0.0,0.0,0.0,0.0
3.1123,0.38,3.047,3.05064,0.03697236,0.1890423,0.0,0.0,0.03697236,0.1890423,0.0,0.0,0.0,0.0
3.11328,0.38,3.048,3.05164,0.03698109,0.1892301,0.0,0.0,0.03698109,0.1892301,0.0,0.0,0.0,0.0
3.11426,0.38,3.049,3.05264,0.03698982,0.1894181,0.0,0.0,0.03698982,0.1894181,0.0,0.0,0.0,0.0
3.11524,0.38,3.05,3.05364,0.03699855,0.1896063,0.0,0.0,0.03699855,0.1896063,0.0,0.0,0.0,0.0
3.11622,0.38,3.051,3.05464,0.03700728,0.1897946,0.0,0.0,0.03700728,0.1897946,0.0,0.0,0.0,0.0
3.1172,0.38,3.052,3.05564,0.03701601,0.189983,0.0,0.0,0.03701601,0.189983,0.0,0.0,0.0,0.0
3.11818,0.38,3.053,3.05664,0.03702474,0.1901716,0.0,0.0,0.03702474,0.1901716,0.0,0.0,0.0,0.0
3.11916,0.38,3.054,3.05764,0.03703347,0.1903603,0.0,0.0,0.03703347,0.1903603,0.0,0.0,0.0,0.0
3.12014,0.38,3.055,3.05864,0.03704221,0.1905491,0.0,0.0,0.03704221,0.1905491,0.0,0.0,0.0,0.0
3.12112,0.38,3.056,3.05964,0.03705094,0.1907381,0.0,0.0,0.03705094,0.1907381,0.0,0.0,0.0,0.0
3.1221,0.38,3.057,3.06064,0.03705967,0.1909273,0.0,0.0,0.03705967,0.1909273,0.0,0.0,0.0,0.0
3.12308,0.38,3.058,3.06164,0.0370684,0.1911165,0.0,0.0,0.0370684,0.1911165,0.0,0.0,0.0,0.0
3.12406,0.38,3.059,3.06264,0.03707713,0.1913059,0.0,0.0,0.03707713,0.1913059,0.0,0.0,0.0,0.0
3.12504,0.38,3.06,3.06364,0.03708586,0.1914955,0.0,0.0,0.03708586,0.1914955,0.0,0.0,0.0,0.0
3.12603,0.38,3.061,3.06464,0.03709459,0.1916852,0.0,0.0,0.03709459,0.1916852,0.0,0.0,0.0,0.0
3.12701,0.38,3.062,3.06564,0.03710332,0.191875,0.0,0.0,0.03710332,0.191875,0.0,0.0,0.0,0.0
3.12799,0.38,3.063,3.06664,0.03711205,0.192065,0.0,0.0,0.03711205,0.192065,0.0,0.0,0.0,0.0
3.12897,0.38,3.064,3.06764,0.03712079,0.1922551,0.0,0.0,0.03712079,0.1922551,0.0,0.0,0.0,0.0
3.12995,0.38,3.065,3.06864,0.03712952,0.1924453,0.0,0.0,0.03712952,0.1924453,0.0,0.0,0.0,0.0
3.13093,0.38,3.066,3.06964,0.03713825,0.1926357,0.0,0.0,0.03713825,0.1926357,0.0,0.0,0.0,0.0
3.13191,0.38,3.067,3.07064,0.03714698,0.1928262,0.0,0.0,0.03714698,0.1928262,0.0,0.0,0.0,0.0
3.13289,0.38,3.068,3.07164,0.03715571,0.1930169,0.0,0.0,0.03715571,0.1930169,0.0,0.0,0.0,0.0
3.13387,0.38,3.069,3.07264,0.03716444,0.1932077,0.0,0.0,0.03716444,0.1932077,0.0,0.0,0.0,0.0
3.13485,0.38,3.07,3.07364,0.03717318,0.1933987,0.0,0.0,0.03717318,0.1933987,0.0,0.0,0.0,0.0
3.13583,0.38,3.071,3.07464,0.03718191,0.1935898,0.0,0.0,0.03718191,0.1935898,0.0,0.0,0.0,0.0
3.13681,0.38,3.072,3.07564,0.03719064,0.193781,0.0,0.0,0.03719064,0.193781,0.0,0.0,0.0,0.0
3.13779,0.38,3.073,3.07664,0.03719937,0.1939724,0.0,0.0,0.03719937,0.1939724,0.0,0.0,0.0,0.0
3.13877,0.38,3.074,3.07764,0.03720811,0.1941639,0.0,0.0,0.03720811,0.1941639,0.0,0.0,0.0,0.0
3.13975,0.38,3.075,3.07864,0.03721684,0.1943555,0.0,0.0,0.03721684,0.1943555,0.0,0.0,0.0,0.0
3.14073,0.38,3.076,3.07964,0.03722557,0.1945473,0.0,0.0,0.03722557,0.1945473,0.0,0.0,0.0,0.0
3.14171,0.38,3.077,3.08064,0.0372343,0.1947393,0.0,0.0,0.0372343,0.1947393,0.0,0.0,0.0,0.0
3.14269,0.38,3.078,3.08164,0.03724304,0.1949313,0.0,0.0,0.03724304,0.1949313,0.0,0.0,0.0,0.0
3.14367,0.38,3.079,3.08264,0.03725177,0.1951236,0.0,0.0,0.03725177,0.1951236,0.0,0.0,0.0,0.0
3.14465,0.38,3.08,3.08364,0.0372605,0.1953159,0.0,0.0,0.0372605,0.1953159,0.0,0.0,0.0,0.0
3.14563,0.38,3.081,3.08464,0.03726923,0.1955084,0.0,0.0,0.03726923,0.1955084,0.0,0.0,0.0,0.0
3.14662,0.38,3.082,3.08564,0.03727797,0.1957011,0.0,0.0,0.03727797,0.1957011,0.0,0.0,0.0,0.0
3.1476,0.38,3.083,3.08664,0.0372867,0.1958938,0.0,0.0,0.0372867,0.1958938,0.0,0.0,0.0,0.0
3.14858,0.38,3.084,3.08764,0.03729543,0.1960868,0.0,0.0,0.03729543,0.1960868,0.0,0.0,0.0,0.0
3.14956,0.38,3.085,3.08864,0.03730416,0.1962798,0.0,0.0,0.03730416,0.1962798,0.0,0.0,0.0,0.0
3.15054,0.38,3.086,3.08964,0.0373129,0.196473,0.0,0.0,0.0373129,0.196473,0.0,0.0,0.0,0.0
3.15152,0.38,3.087,3.09064,0.03732163,0.1966664,0.0,0.0,0.03732163,0.1966664,0.0,0.0,0.0,0.0
3.1525,0.38,3.088,3.09164,0.03733036,0.1968599,0.0,0.0,0.03733036,0.1968599,0.0,0.0,0.0,0.0
3.15348,0.38,3.089,3.09264,0.0373391,0.1970535,0.0,0.0,0.0373391,0.1970535,0.0,0.0,0.0,0.0
3.15446,0.38,3.09,3.09364,0.03734783,0.1972473,0.0,0.0,0.03734783,0.1972473,0.0,0.0,0.0,0.0
3.15544,0.38,3.091,3.09464,0.03735656,0.1974412,0.0,0.0,0.03735656,0.1974412,0.0,0.0,0.0,0.0
3.15642,0.38,3.092,3.09564,0.0373653,0.1976352,0.0,0.0,0.0373653,0.1976352,0.0,0.0,0.0,0.0
3.1574,0.38,3.093,3.09664,0.03737403,0.1978294,0.0,0.0,0.03737403,0.1978294,0.0,0.0,0.0,0.0
3.15838,0.38,3.094,3.09764,0.03738276,0.1980238,0.0,0.0,0.03738276,0.1980238,0.0,0.0,0.0,0.0
3.15936,0.38,3.095,3.09864,0.0373915,0.1982183,0.0,0.0,0.0373915,0.1982183,0.0,0.0,0.0,0.0
3.16035,0.38,3.096,3.09964,0.03740023,0.1984129,0.0,0.0,0.03740023,0.1984129,0.0,0.0,0.0,0.0
3.16133,0.38,3.097,3.10064,0.03740896,0.1986076,0.0,0.0,0.03740896,0.1986076,0.0,0.0,0.0,0.0
3.16231,0.38,3.098,3.10164,0.0374177,0.1988026,0.0,0.0,0.0374177,0.1988026,0.0,0.0,0.0,0.0
3.16329,0.38,3.099,3.10264,0.03742643,0.1989976,0.0,0.0,0.03742643,0.1989976,0.0,0.0,0.0,0.0
3.16427,0.38,3.1,3.10364,0.03743517,0.1991928,0.0,0.0,0.03743517,0.1991928,0.0,0.0,0.0,0.0
3.16525,0.38,3.101,3.10464,0.0374439,0.1993881,0.0,0.0,0.0374439,0.1993881,0.0,0.0,0.0,0.0
3.16623,0.38,3.102,3.10564,0.03745263,0.1995836,0.0,0.0,0.03745263,0.1995836,0.0,0.0,0.0,0.0
3.16721,0.38,3.103,3.10664,0.03746137,0.1997792,0.0,0.0,0.03746137,0.1997792,0.0,0.0,0.0,0.0
3.16819,0.38,3.104,3.10764,0.0374701,0.199975,0.0,0.0,0.0374701,0.199975,0.0,0.0,0.0,0.0
3.16917,0.38,3.105,3.10864,0.03747884,0.2001709,0.0,0.0,0.03747884,0.2001709,0.0,0.0,0.0,0.0
3.17015,0.38,3.106,3.10964,0.03748757,0.2003669,0.0,0.0,0.03748757,0.2003669,0.0,0.0,0.0,0.0
3.17113,0.38,3.107,3.11064,0.0374963,0.2005631,0.0,0.0,0.0374963,0.2005631,0.0,0.0,0.0,0.0
3.17212,0.38,3.108,3.11164,0.03750504,0.2007594,0.0,0.0,0.03750504,0.2007594,0.0,0.0,0.0,0.0
3.1731,0.38,3.109,3.11264,0.03751377,0.2009559,0.0,0.0,0.03751377,0.2009559,0.0,0.0,0.0,0.0
3.17408,0.38,3.11,3.11364,0.03752251,0.2011525,0.0,0.0,0.03752251,0.2011525,0.0,0.0,0.0,0.0
3.17506,0.38,3.111,3.11464,0.03753124,0.2013492,0.0,0.0,0.03753124,0.2013492,0.0,0.0,0.0,0.0
3.17604,0.38,3.112,3.11564,0.03753998,0.2015461,0.0,0.0,0.03753998,0.2015461,0.0,0.0,0.0,0.0
3.17702,0.38,3.113,3.11664,0.03754871,0.2017432,0.0,0.0,0.03754871,0.2017432,0.0,0.0,0.0,0.0
3.178,0.38,3.114,3.11764,0.03755744,0.2019403,0.0,0.0,0.03755744,0.2019403,0.0,0.0,0.0,0.0
3.17898,0.38,3.115,3.11864,0.03756618,0.2021377,0.0,0.0,0.03756618,0.2021377,0.0,0.0,0.0,0.0
3.17996,0.38,3.116,3.11964,0.03757491,0.2023351,0.0,0.0,0.03757491,0.2023351,0.0,0.0,0.0,0.0
3.18094,0.38,3.117,3.12064,0.03758365,0.2025327,0.0,0.0,0.03758365,0.2025327,0.0,0.0,0.0,0.0
3.18193,0.38,3.118,3.12164,0.03759238,0.2027305,0.0,0.0,0.03759238,0.2027305,0.0,0.0,0.0,0.0
3.18291,0.38,3.119,3.12264,0.03760112,0.2029284,0.0,0.0,0.03760112,0.2029284,0.0,0.0,0.0,0.0
3.18389,0.38,3.12,3.12364,0.03760985,0.2031264,0.0,0.0,0.03760985,0.2031264,0.0,0.0,0.0,0.0
3.18487,0.38,3.121,3.12464,0.03761859,0.2033246,0.0,0.0,0.03761859,0.2033246,0.0,0.0,0.0,0.0
3.18585,0.38,3.122,3.12564,0.03762732,0.2035229,0.0,0.0,0.03762732,0.2035229,0.0,0.0,0.0,0.0
3.18683,0.38,3.123,3.12664,0.03763606,0.2037214,0.0,0.0,0.03763606,0.2037214,0.0,0.0,0.0,0.0
3.18781,0.38,3.124,3.12764,0.03764479,0.20392,0.0,0.0,0.03764479,0.20392,0.0,0.0,0.0,0.0
3.18879,0.38,3.125,3.12864,0.03765352,0.2041187,0.0,0.0,0.03765352,0.2041187,0.0,0.0,0.0,0.0
3.18977,0.38,3.126,3.12964,0.03766226,0.2043176,0.0,0.0,0.03766226,0.2043176,0.0,0.0,0.0,0.0
3.19076,0.38,3.127,3.13064,0.03767099,0.2045167,0.0,0.0,0.03767099,0.2045167,0.0,0.0,0.0,0.0
3.19174,0.38,3.128,3.13164,0.03767973,0.2047158,0.0,0.0,0.03767973,0.2047158,0.0,0.0,0.0,0.0
3.19272,0.38,3.129,3.13264,0.03768846,0.2049152,0.0,0.0,0.03768846,0.2049152,0.0,0.0,0.0,0.0
3.1937,0.38,3.13,3.13364,0.0376972,0.2051146,0.0,0.0,0.0376972,0.2051146,0.0,0.0,0.0,0.0
3.19468,0.38,3.131,3.13464,0.03770593,0.2053142,0.0,0.0,0.03770593,0.2053142,0.0,0.0,0.0,0.0
3.19566,0.38,3.132,3.13564,0.03771467,0.205514,0.0,0.0,0.03771467,0.205514,0.0,0.0,0.0,0.0
3.19664,0.38,3.133,3.13664,0.0377234,0.2057139,0.0,0.0,0.0377234,0.2057139,0.0,0.0,0.0,0.0
3.19762,0.38,3.134,3.13764,0.03773214,0.2059139,0.0,0.0,0.03773214,0.2059139,0.0,0.0,0.0,0.0
3.19861,0.38,3.135,3.13864,0.03774087,0.2061141,0.0,0.0,0.03774087,0.2061141,0.0,0.0,0.0,0.0
3.19959,0.38,3.136,3.13964,0.03774961,0.2063144,0.0,0.0,0.03774961,0.2063144,0.0,0.0,0.0,0.0
3.20057,0.38,3.137,3.14064,0.03775834,0.2065149,0.0,0.0,0.03775834,0.2065149,0.0,0.0,0.0,0.0
3.20155,0.38,3.138,3.14164,0.03776708,0.2067155,0.0,0.0,0.03776708,0.2067155,0.0,0.0,0.0,0.0
3.20253,0.38,3.139,3.14264,0.03777582,0.2069163,0.0,0.0,0.03777582,0.2069163,0.0,0.0,0.0,0.0
3.20351,0.38,3.14,3.14364,0.03778455,0.2071172,0.0,0.0,0.03778455,0.2071172,0.0,0.0,0.0,0.0
3.20449,0.38,3.141,3.14464,0.03779329,0.2073182,0.0,0.0,0.03779329,0.2073182,0.0,0.0,0.0,0.0
3.20547,0.38,3.142,3.14564,0.03780202,0.2075194,0.0,0.0,0.03780202,0.2075194,0.0,0.0,0.0,0.0
3.20646,0.38,3.143,3.14664,0.03781076,0.2077207,0.0,0.0,0.03781076,0.2077207,0.0,0.0,0.0,0.0
3.20744,0.38,3.144,3.14764,0.03781949,0.2079222,0.0,0.0,0.03781949,0.2079222,0.0,0.0,0.0,0.0
3.20842,0.38,3.145,3.14864,0.03782823,0.2081238,0.0,0.0,0.03782823,0.2081238,0.0,0.0,0.0,0.0
3.2094,0.38,3.146,3.14964,0.03783696,0.2083256,0.0,0.0,0.03783696,0.2083256,0.0,0.0,0.0,0.0
3.21038,0.38,3.147,3.15064,0.0378457,0.2085275,0.0,0.0,0.0378457,0.2085275,0.0,0.0,0.0,0.0
3.21136,0.38,3.148,3.15164,0.03785443,0.2087296,0.0,0.0,0.03785443,0.2087296,0.0,0.0,0.0,0.0
3.21234,0.38,3.149,3.15264,0.03786317,0.2089317,0.0,0.0,0.03786317,0.2089317,0.0,0.0,0.0,0.0
3.21333,0.38,3.15,3.15364,0.0378719,0.2091341,0.0,0.0,0.0378719,0.2091341,0.0,0.0,0.0,0.0
3.21431,0.38,3.151,3.15464,0.03788064,0.2093366,0.0,0.0,0.03788064,0.2093366,0.0,0.0,0.0,0.0
3.21529,0.38,3.152,3.15564,0.03788937,0.2095392,0.0,0.0,0.03788937,0.2095392,0.0,0.0,0.0,0.0
3.21627,0.38,3.153,3.15664,0.03789811,0.209742,0.0,0.0,0.03789811,0.209742,0.0,0.0,0.0,0.0
3.21725,0.38,3.154,3.15764,0.03790685,0.2099449,0.0,0.0,0.03790685,0.2099449,0.0,0.0,0.0,0.0
3.21823,0.38,3.155,3.15864,0.03791558,0.2101479,0.0,0.0,0.03791558,0.2101479,0.0,0.0,0.0,0.0
3.21921,0.38,3.156,3.15964,0.03792432,0.2103511,0.0,0.0,0.03792432,0.2103511,0.0,0.0,0.0,0.0
3.2202,0.38,3.157,3.16064,0.03793305,0.2105545,0.0,0.0,0.03793305,0.2105545,0.0,0.0,0.0,0.0
3.22118,0.38,3.158,3.16164,0.03794179,0.210758,0.0,0.0,0.03794179,0.210758,0.0,0.0,0.0,0.0
3.22216,0.38,3.159,3.16264,0.03795052,0.2109616,0.0,0.0,0.03795052,0.2109616,0.0,0.0,0.0,0.0
3.22314,0.38,3.16,3.16364,0.03795926,0.2111654,0.0,0.0,0.03795926,0.2111654,0.0,0.0,0.0,0.0
3.22412,0.38,3.161,3.16464,0.03796799,0.2113693,0.0,0.0,0.03796799,0.2113693,0.0,0.0,0.0,0.0
3.2251,0.38,3.162,3.16564,0.03797673,0.2115734,0.0,0.0,0.03797673,0.2115734,0.0,0.0,0.0,0.0
3.22609,0.38,3.163,3.16664,0.03798546,0.2117776,0.0,0.0,0.03798546,0.2117776,0.0,0.0,0.0,0.0
3.22707,0.38,3.164,3.16764,0.0379942,0.211982,0.0,0.0,0.0379942,0.211982,0.0,0.0,0.0,0.0
3.22805,0.38,3.165,3.16864,0.03800294,0.2121865,0.0,0.0,0.03800294,0.2121865,0.0,0.0,0.0,0.0
3.22903,0.38,3.166,3.16964,0.03801167,0.2123911,0.0,0.0,0.03801167,0.2123911,0.0,0.0,0.0,0.0
3.23001,0.38,3.167,3.17064,0.03802041,0.2125959,0.0,0.0,0.03802041,0.2125959,0.0,0.0,0.0,0.0
3.23099,0.38,3.168,3.17164,0.03802914,0.2128009,0.0,0.0,0.03802914,0.2128009,0.0,0.0,0.0,0.0
3.23197,0.38,3.169,3.17264,0.03803788,0.213006,0.0,0.0,0.03803788,0.213006,0.0,0.0,0.0,0.0
3.23296,0.38,3.17,3.17364,0.03804661,0.2132112,0.0,0.0,0.03804661,0.2132112,0.0,0.0,0.0,0.0
3.23394,0.38,3.171,3.17464,0.03805535,0.2134166,0.0,0.0,0.03805535,0.2134166,0.0,0.0,0.0,0.0
3.23492,0.38,3.172,3.17564,0.03806408,0.2136221,0.0,0.0,0.03806408,0.2136221,0.0,0.0,0.0,0.0
3.2359,0.38,3.173,3.17664,0.03807282,0.2138277,0.0,0.0,0.03807282,0.2138277,0.0,0.0,0.0,0.0
3.23688,0.38,3.174,3.17764,0.03808156,0.2140335,0.0,0.0,0.03808156,0.2140335,0.0,0.0,0.0,0.0
3.23786,0.38,3.175,3.17864,0.03809029,0.2142395,0.0,0.0,0.03809029,0.2142395,0.0,0.0,0.0,0.0
3.23885,0.38,3.176,3.17964,0.03809903,0.2144456,0.0,0.0,0.03809903,0.2144456,0.0,0.0,0.0,0.0
3.23983,0.38,3.177,3.18064,0.03810776,0.2146518,0.0,0.0,0.03810776,0.2146518,0.0,0.0,0.0,0.0
3.24081,0.38,3.178,3.18164,0.0381165,0.2148582,0.0,0.0,0.0381165,0.2148582,0.0,0.0,0.0,0.0
3.24179,0.38,3.179,3.18264,0.03812523,0.2150648,0.0,0.0,0.03812523,0.2150648,0.0,0.0,0.0,0.0
3.24277,0.38,3.18,3.18364,0.03813397,0.2152715,0.0,0.0,0.03813397,0.2152715,0.0,0.0,0.0,0.0
3.24376,0.38,3.181,3.18464,0.0381427,0.2154783,0.0,0.0,0.0381427,0.2154783,0.0,0.0,0.0,0.0
3.24474,0.38,3.182,3.18564,0.03815144,0.2156853,0.0,0.0,0.03815144,0.2156853,0.0,0.0,0.0,0.0
3.24572,0.38,3.183,3.18664,0.03816018,0.2158924,0.0,0.0,0.03816018,0.2158924,0.0,0.0,0.0,0.0
3.2467,0.38,3.184,3.18764,0.03816891,0.2160996,0.0,0.0,0.03816891,0.2160996,0.0,0.0,0.0,0.0
3.24768,0.38,3.185,3.18864,0.03817765,0.216307,0.0,0.0,0.03817765,0.216307,0.0,0.0,0.0,0.0
3.24866,0.38,3.186,3.18964,0.03818638,0.2165146,0.0,0.0,0.03818638,0.2165146,0.0,0.0,0.0,0.0
3.24965,0.38,3.187,3.19064,0.03819512,0.2167223,0.0,0.0,0.03819512,0.2167223,0.0,0.0,0.0,0.0
3.25063,0.38,3.188,3.19164,0.03820385,0.2169301,0.0,0.0,0.03820385,0.2169301,0.0,0.0,0.0,0.0
3.25161,0.38,3.189,3.19264,0.03821259,0.2171381,0.0,0.0,0.03821259,0.2171381,0.0,0.0,0.0,0.0
3.25259,0.38,3.19,3.19364,0.03822132,0.2173463,0.0,0.0,0.03822132,0.2173463,0.0,0.0,0.0,0.0
3.25357,0.38,3.191,3.19464,0.03823006,0.2175545,0.0,0.0,0.03823006,0.2175545,0.0,0.0,0.0,0.0
3.25456,0.38,3.192,3.19564,0.0382388,0.217763,0.0,0.0,0.0382388,0.217763,0.0,0.0,0.0,0.0
3.25554,0.38,3.193,3.19664,0.03824753,0.2179716,0.0,0.0,0.03824753,0.2179716,0.0,0.0,0.0,0.0
3.25652,0.38,3.194,3.19764,0.03825627,0.2181803,0.0,0.0,0.03825627,0.2181803,0.0,0.0,0.0,0.0
3.2575,0.38,3.195,3.19864,0.038265,0.2183891,0.0,0.0,0.038265,0.2183891,0.0,0.0,0.0,0.0
3.25848,0.38,3.196,3.19964,0.03827374,0.2185981,0.0,0.0,0.03827374,0.2185981,0.0,0.0,0.0,0.0
3.25947,0.38,3.197,3.20064,0.03828247,0.2188073,0.0,0.0,0.03828247,0.2188073,0.0,0.0,0.0,0.0
3.26045,0.38,3.198,3.20164,0.03829121,0.2190166,0.0,0.0,0.03829121,0.2190166,0.0,0.0,0.0,0.0
3.26143,0.38,3.199,3.20264,0.03829994,0.2192261,0.0,0.0,0.03829994,0.2192261,0.0,0.0,0.0,0.0
3.26241,0.38,3.2,3.20364,0.03830868,0.2194357,0.0,0.0,0.03830868,0.2194357,0.0,0.0,0.0,0.0
3.26339,0.38,3.201,3.20464,0.03831741,0.2196454,0.0,0.0,0.03831741,0.2196454,0.0,0.0,0.0,0.0
3.26437,0.38,3.202,3.20564,0.03832615,0.2198553,0.0,0.0,0.03832615,0.2198553,0.0,0.0,0.0,0.0
3.26536,0.38,3.203,3.20664,0.03833488,0.2200653,0.0,0.0,0.03833488,0.2200653,0.0,0.0,0.0,0.0
3.26634,0.38,3.204,3.20764,0.03834362,0.2202755,0.0,0.0,0.03834362,0.2202755,0.0,0.0,0.0,0.0
3.26732,0.38,3.205,3.20864,0.03835236,0.2204858,0.0,0.0,0.03835236,0.2204858,0.0,0.0,0.0,0.0
3.2683,0.38,3.206,3.20964,0.03836109,0.2206963,0.0,0.0,0.03836109,0.2206963,0.0,0.0,0.0,0.0
3.26929,0.38,3.207,3.21064,0.03836983,0.2209069,0.0,0.0,0.03836983,0.2209069,0.0,0.0,0.0,0.0
3.27027,0.38,3.208,3.21164,0.03837856,0.2211177,0.0,0.0,0.03837856,0.2211177,0.0,0.0,0.0,0.0
3.27125,0.38,3.209,3.21264,0.0383873,0.2213286,0.0,0.0,0.0383873,0.2213286,0.0,0.0,0.0,0.0
3.27223,0.38,3.21,3.21364,0.03839603,0.2215397,0.0,0.0,0.03839603,0.2215397,0.0,0.0,0.0,0.0
3.27321,0.38,3.211,3.21464,0.03840477,0.2217509,0.0,0.0,0.03840477,0.2217509,0.0,0.0,0.0,0.0
3.2742,0.38,3.212,3.21564,0.0384135,0.2219622,0.0,0.0,0.0384135,0.2219622,0.0,0.0,0.0,0.0
3.27518,0.38,3.213,3.21664,0.03842224,0.2221737,0.0,0.0,0.03842224,0.2221737,0.0,0.0,0.0,0.0
3.27616,0.38,3.214,3.21764,0.03843097,0.2223854,0.0,0.0,0.03843097,0.2223854,0.0,0.0,0.0,0.0
3.27714,0.38,3.215,3.21864,0.03843971,0.2225972,0.0,0.0,0.03843971,0.2225972,0.0,0.0,0.0,0.0
3.27812,0.38,3.216,3.21964,0.03844844,0.2228091,0.0,0.0,0.03844844,0.2228091,0.0,0.0,0.0,0.0
3.27911,0.38,3.217,3.22064,0.03845718,0.2230212,0.0,0.0,0.03845718,0.2230212,0.0,0.0,0.0,0.0
3.28009,0.38,3.218,3.22164,0.03846591,0.2232335,0.0,0.0,0.03846591,0.2232335,0.0,0.0,0.0,0.0
3.28107,0.38,3.219,3.22264,0.03847465,0.2234458,0.0,0.0,0.03847465,0.2234458,0.0,0.0,0.0,0.0
3.28205,0.38,3.22,3.22364,0.03848338,0.2236584,0.0,0.0,0.03848338,0.2236584,0.0,0.0,0.0,0.0
3.28304,0.38,3.221,3.22464,0.03849212,0.2238711,0.0,0.0,0.03849212,0.2238711,0.0,0.0,0.0,0.0
3.28402,0.38,3.222,3.22564,0.03850085,0.2240839,0.0,0.0,0.03850085,0.2240839,0.0,0.0,0.0,0.0
3.285,0.38,3.223,3.22664,0.03850959,0.2242968,0.0,0.0,0.03850959,0.2242968,0.0,0.0,0.0,0.0
3.28598,0.38,3.224,3.22764,0.03851832,0.22451,0.0,0.0,0.03851832,0.22451,0.0,0.0,0.0,0.0
3.28696,0.38,3.225,3.22864,0.03852706,0.2247232,0.0,0.0,0.03852706,0.2247232,0.0,0.0,0.0,0.0
3.28795,0.38,3.226,3.22964,0.03853579,0.2249366,0.0,0.0,0.03853579,0.2249366,0.0,0.0,0.0,0.0
3.28893,0.38,3.227,3.23064,0.03854453,0.2251502,0.0,0.0,0.03854453,0.2251502,0.0,0.0,0.0,0.0
3.28991,0.38,3.228,3.23164,0.03855326,0.2253639,0.0,0.0,0.03855326,0.2253639,0.0,0.0,0.0,0.0
3.29089,0.38,3.229,3.23264,0.03856199,0.2255778,0.0,0.0,0.03856199,0.2255778,0.0,0.0,0.0,0.0
3.29188,0.38,3.23,3.23364,0.03857073,0.2257918,0.0,0.0,0.03857073,0.2257918,0.0,0.0,0.0,0.0
3.29286,0.38,3.231,3.23464,0.03857946,0.2260059,0.0,0.0,0.03857946,0.2260059,0.0,0.0,0.0,0.0
3.29384,0.38,3.232,3.23564,0.0385882,0.2262202,0.0,0.0,0.0385882,0.2262202,0.0,0.0,0.0,0.0
3.29482,0.38,3.233,3.23664,0.03859693,0.2264347,0.0,0.0,0.03859693,0.2264347,0.0,0.0,0.0,0.0
3.2958,0.38,3.234,3.23764,0.03860567,0.2266493,0.0,0.0,0.03860567,0.2266493,0.0,0.0,0.0,0.0
3.29679,0.38,3.235,3.23864,0.0386144,0.226864,0.0,0.0,0.0386144,0.226864,0.0,0.0,0.0,0.0
3.29777,0.38,3.236,3.23964,0.03862314,0.2270789,0.0,0.0,0.03862314,0.2270789,0.0,0.0,0.0,0.0
3.29875,0.38,3.237,3.24064,0.03863187,0.2272939,0.0,0.0,0.03863187,0.2272939,0.0,0.0,0.0,0.0
3.29973,0.38,3.238,3.24164,0.03864061,0.2275091,0.0,0.0,0.03864061,0.2275091,0.0,0.0,0.0,0.0
3.30072,0.38,3.239,3.24264,0.03864934,0.2277245,0.0,0.0,0.03864934,0.2277245,0.0,0.0,0.0,0.0
3.3017,0.38,3.24,3.24364,0.03865807,0.2279399,0.0,0.0,0.03865807,0.2279399,0.0,0.0,0.0,0.0
3.30268,0.38,3.241,3.24464,0.03866681,0.2281556,0.0,0.0,0.03866681,0.2281556,0.0,0.0,0.0,0.0
3.30366,0.38,3.242,3.24564,0.03867554,0.2283713,0.0,0.0,0.03867554,0.2283713,0.0,0.0,0.0,0.0
3.30465,0.38,3.243,3.24664,0.03868428,0.2285873,0.0,0.0,0.03868428,0.2285873,0.0,0.0,0.0,0.0
3.30563,0.38,3.244,3.24764,0.03869301,0.2288033,0.0,0.0,0.03869301,0.2288033,0.0,0.0,0.0,0.0
3.30661,0.38,3.245,3.24864,0.03870175,0.2290196,0.0,0.0,0.03870175,0.2290196,0.0,0.0,0.0,0.0
3.30759,0.38,3.246,3.24964,0.03871048,0.2292359,0.0,0.0,0.03871048,0.2292359,0.0,0.0,0.0,0.0
3.30858,0.38,3.247,3.25064,0.03871921,0.2294525,0.0,0.0,0.03871921,0.2294525,0.0,0.0,0.0,0.0
3.30956,0.38,3.248,3.25164,0.03872795,0.2296691,0.0,0.0,0.03872795,0.2296691,0.0,0.0,0.0,0.0
3.31054,0.38,3.249,3.25264,0.03873668,0.2298859,0.0,0.0,0.03873668,0.2298859,0.0,0.0,0.0,0.0
3.31152,0.38,3.25,3.25364,0.03874542,0.2301029,0.0,0.0,0.03874542,0.2301029,0.0,0.0,0.0,0.0
3.31251,0.38,3.251,3.25464,0.03875415,0.23032,0.0,0.0,0.03875415,0.23032,0.0,0.0,0.0,0.0
3.31349,0.38,3.252,3.25564,0.03876288,0.2305373,0.0,0.0,0.03876288,0.2305373,0.0,0.0,0.0,0.0
3.31447,0.38,3.253,3.25664,0.03877162,0.2307547,0.0,0.0,0.03877162,0.2307547,0.0,0.0,0.0,0.0
3.31545,0.38,3.254,3.25764,0.03878035,0.2309722,0.0,0.0,0.03878035,0.2309722,0.0,0.0,0.0,0.0
3.31644,0.38,3.255,3.25864,0.03878908,0.2311899,0.0,0.0,0.03878908,0.2311899,0.0,0.0,0.0,0.0
3.31742,0.38,3.256,3.25964,0.03879782,0.2314078,0.0,0.0,0.03879782,0.2314078,0.0,0.0,0.0,0.0
3.3184,0.38,3.257,3.26064,0.03880655,0.2316258,0.0,0.0,0.03880655,0.2316258,0.0,0.0,0.0,0.0
3.31938,0.38,3.258,3.26164,0.03881528,0.231844,0.0,0.0,0.03881528,0.231844,0.0,0.0,0.0,0.0
3.32037,0.38,3.259,3.26264,0.03882402,0.2320623,0.0,0.0,0.03882402,0.2320623,0.0,0.0,0.0,0.0
3.32135,0.38,3.26,3.26364,0.03883275,0.2322807,0.0,0.0,0.03883275,0.2322807,0.0,0.0,0.0,0.0
3.32233,0.38,3.261,3.26464,0.03884148,0.2324993,0.0,0.0,0.03884148,0.2324993,0.0,0.0,0.0,0.0
3.32331,0.38,3.262,3.26564,0.03885022,0.2327181,0.0,0.0,0.03885022,0.2327181,0.0,0.0,0.0,0.0
3.3243,0.38,3.263,3.26664,0.03885895,0.232937,0.0,0.0,0.03885895,0.232937,0.0,0.0,0.0,0.0
3.32528,0.38,3.264,3.26764,0.03886768,0.233156,0.0,0.0,0.03886768,0.233156,0.0,0.0,0.0,0.0
3.32626,0.38,3.265,3.26864,0.03887642,0.2333752,0.0,0.0,0.03887642,0.2333752,0.0,0.0,0.0,0.0
3.32725,0.38,3.266,3.26964,0.03888515,0.2335945,0.0,0.0,0.03888515,0.2335945,0.0,0.0,0.0,0.0
3.32823,0.38,3.267,3.27064,0.03889388,0.233814,0.0,0.0,0.03889388,0.233814,0.0,0.0,0.0,0.0
3.32921,0.38,3.268,3.27164,0.03890262,0.2340337,0.0,0.0,0.03890262,0.2340337,0.0,0.0,0.0,0.0
3.33019,0.38,3.269,3.27264,0.03891135,0.2342535,0.0,0.0,0.03891135,0.2342535,0.0,0.0,0.0,0.0
3.33118,0.38,3.27,3.27364,0.03892008,0.2344734,0.0,0.0,0.03892008,0.2344734,0.0,0.0,0.0,0.0
3.33216,0.38,3.271,3.27464,0.03892882,0.2346935,0.0,0.0,0.03892882,0.2346935,0.0,0.0,0.0,0.0
3.33314,0.38,3.272,3.27564,0.03893755,0.2349137,0.0,0.0,0.03893755,0.2349137,0.0,0.0,0.0,0.0
3.33412,0.38,3.273,3.27664,0.03894628,0.2351341,0.0,0.0,0.03894628,0.2351341,0.0,0.0,0.0,0.0
3.33511,0.38,3.274,3.27764,0.03895501,0.2353547,0.0,0.0,0.03895501,0.2353547,0.0,0.0,0.0,0.0
3.33609,0.38,3.275,3.27864,0.03896375,0.2355753,0.0,0.0,0.03896375,0.2355753,0.0,0.0,0.0,0.0
3.33707,0.38,3.276,3.27964,0.03897248,0.2357962,0.0,0.0,0.03897248,0.2357962,0.0,0.0,0.0,0.0
3.33806,0.38,3.277,3.28064,0.03898121,0.2360172,0.0,0.0,0.03898121,0.2360172,0.0,0.0,0.0,0.0
3.33904,0.38,3.278,3.28164,0.03898994,0.2362383,0.0,0.0,0.03898994,0.2362383,0.0,0.0,0.0,0.0
3.34002,0.38,3.279,3.28264,0.03899868,0.2364596,0.0,0.0,0.03899868,0.2364596,0.0,0.0,0.0,0.0
3.341,0.38,3.28,3.28364,0.03900741,0.236681,0.0,0.0,0.03900741,0.236681,0.0,0.0,0.0,0.0
3.34199,0.38,3.281,3.28464,0.03901614,0.2369026,0.0,0.0,0.03901614,0.2369026,0.0,0.0,0.0,0.0
3.34297,0.38,3.282,3.28564,0.03902487,0.2371243,0.0,0.0,0.03902487,0.2371243,0.0,0.0,0.0,0.0
3.34395,0.38,3.283,3.28664,0.03903361,0.2373462,0.0,0.0,0.03903361,0.2373462,0.0,0.0,0.0,0.0
3.34494,0.38,3.284,3.28764,0.03904234,0.2375683,0.0,0.0,0.03904234,0.2375683,0.0,0.0,0.0,0.0
3.34592,0.38,3.285,3.28864,0.03905107,0.2377904,0.0,0.0,0.03905107,0.2377904,0.0,0.0,0.0,0.0
3.3469,0.38,3.286,3.28964,0.0390598,0.2380128,0.0,0.0,0.0390598,0.2380128,0.0,0.0,0.0,0.0
3.34788,0.38,3.287,3.29064,0.03906853,0.2382353,0.0,0.0,0.03906853,0.2382353,0.0,0.0,0.0,0.0
3.34887,0.38,3.288,3.29164,0.03907727,0.2384579,0.0,0.0,0.03907727,0.2384579,0.0,0.0,0.0,0.0
3.34985,0.38,3.289,3.29264,0.039086,0.2386807,0.0,0.0,0.039086,0.2386807,0.0,0.0,0.0,0.0
3.35083,0.38,3.29,3.29364,0.03909473,0.2389036,0.0,0.0,0.03909473,0.2389036,0.0,0.0,0.0,0.0
3.35182,0.38,3.291,3.29464,0.03910346,0.2391267,0.0,0.0,0.03910346,0.2391267,0.0,0.0,0.0,0.0
3.3528,0.38,3.292,3.29564,0.03911219,0.2393499,0.0,0.0,0.03911219,0.2393499,0.0,0.0,0.0,0.0
3.35378,0.38,3.293,3.29664,0.03912093,0.2395733,0.0,0.0,0.03912093,0.2395733,0.0,0.0,0.0,0.0
3.35476,0.38,3.294,3.29764,0.03912966,0.2397969,0.0,0.0,0.03912966,0.2397969,0.0,0.0,0.0,0.0
3.35575,0.38,3.295,3.29864,0.03913839,0.2400206,0.0,0.0,0.03913839,0.2400206,0.0,0.0,0.0,0.0
3.35673,0.38,3.296,3.29964,0.03914712,0.2402444,0.0,0.0,0.03914712,0.2402444,0.0,0.0,0.0,0.0
3.35771,0.38,3.297,3.30064,0.03915585,0.2404684,0.0,0.0,0.03915585,0.2404684,0.0,0.0,0.0,0.0
3.3587,0.38,3.298,3.30164,0.03916458,0.2406925,0.0,0.0,0.03916458,0.2406925,0.0,0.0,0.0,0.0
3.35968,0.38,3.299,3.30264,0.03917331,0.2409168,0.0,0.0,0.03917331,0.2409168,0.0,0.0,0.0,0.0
3.36066,0.38,3.3,3.30364,0.03918204,0.2411412,0.0,0.0,0.03918204,0.2411412,0.0,0.0,0.0,0.0
3.36165,0.38,3.301,3.30464,0.03919078,0.2413658,0.0,0.0,0.03919078,0.2413658,0.0,0.0,0.0,0.0
3.36263,0.38,3.302,3.30564,0.03919951,0.2415906,0.0,0.0,0.03919951,0.2415906,0.0,0.0,0.0,0.0
3.36361,0.38,3.303,3.30664,0.03920824,0.2418155,0.0,0.0,0.03920824,0.2418155,0.0,0.0,0.0,0.0
3.36459,0.38,3.304,3.30764,0.03921697,0.2420405,0.0,0.0,0.03921697,0.2420405,0.0,0.0,0.0,0.0
3.36558,0.38,3.305,3.30864,0.0392257,0.2422657,0.0,0.0,0.0392257,0.2422657,0.0,0.0,0.0,0.0
3.36656,0.38,3.306,3.30964,0.03923443,0.242491,0.0,0.0,0.03923443,0.242491,0.0,0.0,0.0,0.0
3.36754,0.38,3.307,3.31064,0.03924316,0.2427165,0.0,0.0,0.03924316,0.2427165,0.0,0.0,0.0,0.0
3.36853,0.38,3.308,3.31164,0.03925189,0.2429422,0.0,0.0,0.03925189,0.2429422,0.0,0.0,0.0,0.0
3.36951,0.38,3.309,3.31264,0.03926062,0.243168,0.0,0.0,0.03926062,0.243168,0.0,0.0,0.0,0.0
3.37049,0.38,3.31,3.31364,0.03926935,0.2433939,0.0,0.0,0.03926935,0.2433939,0.0,0.0,0.0,0.0
3.37148,0.38,3.311,3.31464,0.03927808,0.24362,0.0,0.0,0.03927808,0.24362,0.0,0.0,0.0,0.0
3.37246,0.38,3.312,3.31564,0.03928681,0.2438463,0.0,0.0,0.03928681,0.2438463,0.0,0.0,0.0,0.0
3.37344,0.38,3.313,3.31664,0.03929554,0.2440727,0.0,0.0,0.03929554,0.2440727,0.0,0.0,0.0,0.0
3.37443,0.38,3.314,3.31764,0.03930427,0.2442992,0.0,0.0,0.03930427,0.2442992,0.0,0.0,0.0,0.0
3.37541,0.38,3.315,3.31864,0.039313,0.2445259,0.0,0.0,0.039313,0.2445259,0.0,0.0,0.0,0.0
3.37639,0.38,3.316,3.31964,0.03932173,0.2447528,0.0,0.0,0.03932173,0.2447528,0.0,0.0,0.0,0.0
3.37738,0.38,3.317,3.32064,0.03933046,0.2449798,0.0,0.0,0.03933046,0.2449798,0.0,0.0,0.0,0.0
3.37836,0.38,3.318,3.32164,0.03933919,0.2452069,0.0,0.0,0.03933919,0.2452069,0.0,0.0,0.0,0.0
3.37934,0.38,3.319,3.32264,0.03934792,0.2454342,0.0,0.0,0.03934792,0.2454342,0.0,0.0,0.0,0.0
3.38033,0.38,3.32,3.32364,0.03935665,0.2456617,0.0,0.0,0.03935665,0.2456617,0.0,0.0,0.0,0.0
3.38131,0.38,3.321,3.32464,0.03936538,0.2458893,0.0,0.0,0.03936538,0.2458893,0.0,0.0,0.0,0.0
3.38229,0.38,3.322,3.32564,0.03937411,0.2461171,0.0,0.0,0.03937411,0.2461171,0.0,0.0,0.0,0.0
3.38328,0.38,3.323,3.32664,0.03938284,0.246345,0.0,0.0,0.03938284,0.246345,0.0,0.0,0.0,0.0
3.38426,0.38,3.324,3.32764,0.03939157,0.2465731,0.0,0.0,0.03939157,0.2465731,0.0,0.0,0.0,0.0
3.38524,0.38,3.325,3.32864,0.0394003,0.2468013,0.0,0.0,0.0394003,0.2468013,0.0,0.0,0.0,0.0
3.38622,0.38,3.326,3.32964,0.03940903,0.2470296,0.0,0.0,0.03940903,0.2470296,0.0,0.0,0.0,0.0
3.38721,0.38,3.327,3.33064,0.03941776,0.2472582,0.0,0.0,0.03941776,0.2472582,0.0,0.0,0.0,0.0
3.38819,0.38,3.328,3.33164,0.03942649,0.2474868,0.0,0.0,0.03942649,0.2474868,0.0,0.0,0.0,0.0
3.38917,0.38,3.329,3.33264,0.03943522,0.2477157,0.0,0.0,0.03943522,0.2477157,0.0,0.0,0.0,0.0
3.39016,0.38,3.33,3.33364,0.03944394,0.2479446,0.0,0.0,0.03944394,0.2479446,0.0,0.0,0.0,0.0
3.39114,0.38,3.331,3.33464,0.03945267,0.2481738,0.0,0.0,0.03945267,0.2481738,0.0,0.0,0.0,0.0
3.39212,0.38,3.332,3.33564,0.0394614,0.2484031,0.0,0.0,0.0394614,0.2484031,0.0,0.0,0.0,0.0
3.39311,0.38,3.333,3.33664,0.03947013,0.2486325,0.0,0.0,0.03947013,0.2486325,0.0,0.0,0.0,0.0
3.39409,0.38,3.334,3.33764,0.03947886,0.2488621,0.0,0.0,0.03947886,0.2488621,0.0,0.0,0.0,0.0
3.39507,0.38,3.335,3.33864,0.03948759,0.2490918,0.0,0.0,0.03948759,0.2490918,0.0,0.0,0.0,0.0
3.39606,0.38,3.336,3.33964,0.03949632,0.2493217,0.0,0.0,0.03949632,0.2493217,0.0,0.0,0.0,0.0
3.39704,0.38,3.337,3.34064,0.03950504,0.2495517,0.0,0.0,0.03950504,0.2495517,0.0,0.0,0.0,0.0
3.39803,0.38,3.338,3.34164,0.03951377,0.2497819,0.0,0.0,0.03951377,0.2497819,0.0,0.0,0.0,0.0
3.39901,0.38,3.339,3.34264,0.0395225,0.2500123,0.0,0.0,0.0395225,0.2500123,0.0,0.0,0.0,0.0
3.39999,0.38,3.34,3.34364,0.03953123,0.2502428,0.0,0.0,0.03953123,0.2502428,0.0,0.0,0.0,0.0
3.40098,0.38,3.341,3.34464,0.03953996,0.2504734,0.0,0.0,0.03953996,0.2504734,0.0,0.0,0.0,0.0
3.40196,0.38,3.342,3.34564,0.03954868,0.2507042,0.0,0.0,0.03954868,0.2507042,0.0,0.0,0.0,0.0
3.40294,0.38,3.343,3.34664,0.03955741,0.2509352,0.0,0.0,0.03955741,0.2509352,0.0,0.0,0.0,0.0
3.40393,0.38,3.344,3.34764,0.03956614,0.2511663,0.0,0.0,0.03956614,0.2511663,0.0,0.0,0.0,0.0
3.40491,0.38,3.345,3.34864,0.03957487,0.2513976,0.0,0.0,0.03957487,0.2513976,0.0,0.0,0.0,0.0
3.40589,0.38,3.346,3.34964,0.0395836,0.251629,0.0,0.0,0.0395836,0.251629,0.0,0.0,0.0,0.0
3.40688,0.38,3.347,3.35064,0.03959232,0.2518605,0.0,0.0,0.03959232,0.2518605,0.0,0.0,0.0,0.0
3.40786,0.38,3.348,3.35164,0.03960105,0.2520922,0.0,0.0,0.03960105,0.2520922,0.0,0.0,0.0,0.0
3.40884,0.38,3.349,3.35264,0.03960978,0.2523241,0.0,0.0,0.03960978,0.2523241,0.0,0.0,0.0,0.0
3.40983,0.38,3.35,3.35364,0.0396185,0.2525561,0.0,0.0,0.0396185,0.2525561,0.0,0.0,0.0,0.0
3.41081,0.38,3.351,3.35464,0.03962723,0.2527883,0.0,0.0,0.03962723,0.2527883,0.0,0.0,0.0,0.0
3.41179,0.38,3.352,3.35564,0.03963596,0.2530207,0.0,0.0,0.03963596,0.2530207,0.0,0.0,0.0,0.0
3.41278,0.38,3.353,3.35664,0.03964469,0.2532531,0.0,0.0,0.03964469,0.2532531,0.0,0.0,0.0,0.0
3.41376,0.38,3.354,3.35764,0.03965341,0.2534858,0.0,0.0,0.03965341,0.2534858,0.0,0.0,0.0,0.0
3.41474,0.38,3.355,3.35864,0.03966214,0.2537186,0.0,0.0,0.03966214,0.2537186,0.0,0.0,0.0,0.0
3.41573,0.38,3.356,3.35964,0.03967087,0.2539515,0.0,0.0,0.03967087,0.2539515,0.0,0.0,0.0,0.0
3.41671,0.38,3.357,3.36064,0.03967959,0.2541846,0.0,0.0,0.03967959,0.2541846,0.0,0.0,0.0,0.0
3.4177,0.38,3.358,3.36164,0.03968832,0.2544178,0.0,0.0,0.03968832,0.2544178,0.0,0.0,0.0,0.0
3.41868,0.38,3.359,3.36264,0.03969704,0.2546512,0.0,0.0,0.03969704,0.2546512,0.0,0.0,0.0,0.0
3.41966,0.38,3.36,3.36364,0.03970577,0.2548848,0.0,0.0,0.03970577,0.2548848,0.0,0.0,0.0,0.0
3.42065,0.38,3.361,3.36464,0.0397145,0.2551185,0.0,0.0,0.0397145,0.2551185,0.0,0.0,0.0,0.0
3.42163,0.38,3.362,3.36564,0.03972322,0.2553524,0.0,0.0,0.03972322,0.2553524,0.0,0.0,0.0,0.0
3.42261,0.38,3.363,3.36664,0.03973195,0.2555864,0.0,0.0,0.03973195,0.2555864,0.0,0.0,0.0,0.0
3.4236,0.38,3.364,3.36764,0.03974067,0.2558205,0.0,0.0,0.03974067,0.2558205,0.0,0.0,0.0,0.0
3.42458,0.38,3.365,3.36864,0.0397494,0.2560549,0.0,0.0,0.0397494,0.2560549,0.0,0.0,0.0,0.0
3.42556,0.38,3.366,3.36964,0.03975813,0.2562893,0.0,0.0,0.03975813,0.2562893,0.0,0.0,0.0,0.0
3.42655,0.38,3.367,3.37064,0.03976685,0.256524,0.0,0.0,0.03976685,0.256524,0.0,0.0,0.0,0.0
3.42753,0.38,3.368,3.37164,0.03977558,0.2567588,0.0,0.0,0.03977558,0.2567588,0.0,0.0,0.0,0.0
3.42852,0.38,3.369,3.37264,0.0397843,0.2569937,0.0,0.0,0.0397843,0.2569937,0.0,0.0,0.0,0.0
3.4295,0.38,3.37,3.37364,0.03979303,0.2572288,0.0,0.0,0.03979303,0.2572288,0.0,0.0,0.0,0.0
3.43048,0.38,3.371,3.37464,0.03980175,0.257464,0.0,0.0,0.03980175,0.257464,0.0,0.0,0.0,0.0
3.43147,0.38,3.372,3.37564,0.03981048,0.2576994,0.0,0.0,0.03981048,0.2576994,0.0,0.0,0.0,0.0
3.43245,0.38,3.373,3.37664,0.0398192,0.257935,0.0,0.0,0.0398192,0.257935,0.0,0.0,0.0,0.0
3.43343,0.38,3.374,3.37764,0.03982793,0.2581707,0.0,0.0,0.03982793,0.2581707,0.0,0.0,0.0,0.0
3.43442,0.38,3.375,3.37864,0.03983665,0.2584065,0.0,0.0,0.03983665,0.2584065,0.0,0.0,0.0,0.0
3.4354,0.38,3.376,3.37964,0.03984538,0.2586425,0.0,0.0,0.03984538,0.2586425,0.0,0.0,0.0,0.0
3.43639,0.38,3.377,3.38064,0.0398541,0.2588787,0.0,0.0,0.0398541,0.2588787,0.0,0.0,0.0,0.0
3.43737,0.38,3.378,3.38164,0.03986283,0.259115,0.0,0.0,0.03986283,0.259115,0.0,0.0,0.0,0.0
3.43835,0.38,3.379,3.38264,0.03987155,0.2593515,0.0,0.0,0.03987155,0.2593515,0.0,0.0,0.0,0.0
3.43934,0.38,3.38,3.38364,0.03988027,0.2595881,0.0,0.0,0.03988027,0.2595881,0.0,0.0,0.0,0.0
3.44032,0.38,3.381,3.38464,0.039889,0.2598249,0.0,0.0,0.039889,0.2598249,0.0,0.0,0.0,0.0
3.4413,0.38,3.382,3.38564,0.03989772,0.2600619,0.0,0.0,0.03989772,0.2600619,0.0,0.0,0.0,0.0
3.44229,0.38,3.383,3.38664,0.03990645,0.2602989,0.0,0.0,0.03990645,0.2602989,0.0,0.0,0.0,0.0
3.44327,0.38,3.384,3.38764,0.03991517,0.2605362,0.0,0.0,0.03991517,0.2605362,0.0,0.0,0.0,0.0
3.44426,0.38,3.385,3.38864,0.03992389,0.2607736,0.0,0.0,0.03992389,0.2607736,0.0,0.0,0.0,0.0
3.44524,0.38,3.386,3.38964,0.03993262,0.2610111,0.0,0.0,0.03993262,0.2610111,0.0,0.0,0.0,0.0
3.44622,0.38,3.387,3.39064,0.03994134,0.2612488,0.0,0.0,0.03994134,0.2612488,0.0,0.0,0.0,0.0
3.44721,0.38,3.388,3.39164,0.03995006,0.2614867,0.0,0.0,0.03995006,0.2614867,0.0,0.0,0.0,0.0
3.44819,0.38,3.389,3.39264,0.03995879,0.2617247,0.0,0.0,0.03995879,0.2617247,0.0,0.0,0.0,0.0
3.44918,0.38,3.39,3.39364,0.03996751,0.2619629,0.0,0.0,0.03996751,0.2619629,0.0,0.0,0.0,0.0
3.45016,0.38,3.391,3.39464,0.03997623,0.2622012,0.0,0.0,0.03997623,0.2622012,0.0,0.0,0.0,0.0
3.45114,0.38,3.392,3.39564,0.03998496,0.2624397,0.0,0.0,0.03998496,0.2624397,0.0,0.0,0.0,0.0
3.45213,0.38,3.393,3.39664,0.03999368,0.2626783,0.0,0.0,0.03999368,0.2626783,0.0,0.0,0.0,0.0
3.45311,0.38,3.394,3.39764,0.0400024,0.2629171,0.0,0.0,0.0400024,0.2629171,0.0,0.0,0.0,0.0
3.45409,0.38,3.395,3.39864,0.04001113,0.2631561,0.0,0.0,0.04001113,0.2631561,0.0,0.0,0.0,0.0
3.45508,0.38,3.396,3.39964,0.04001985,0.2633952,0.0,0.0,0.04001985,0.2633952,0.0,0.0,0.0,0.0
3.45606,0.38,3.397,3.40064,0.04002857,0.2636344,0.0,0.0,0.04002857,0.2636344,0.0,0.0,0.0,0.0
3.45705,0.38,3.398,3.40164,0.04003729,0.2638738,0.0,0.0,0.04003729,0.2638738,0.0,0.0,0.0,0.0
3.45803,0.38,3.399,3.40264,0.04004601,0.2641134,0.0,0.0,0.04004601,0.2641134,0.0,0.0,0.0,0.0
3.45901,0.38,3.4,3.40364,0.04005474,0.2643531,0.0,0.0,0.04005474,0.2643531,0.0,0.0,0.0,0.0
3.46,0.38,3.401,3.40464,0.04006346,0.264593,0.0,0.0,0.04006346,0.264593,0.0,0.0,0.0,0.0
3.46098,0.38,3.402,3.40564,0.04007218,0.264833,0.0,0.0,0.04007218,0.264833,0.0,0.0,0.0,0.0
3.46197,0.38,3.403,3.40664,0.0400809,0.2650732,0.0,0.0,0.0400809,0.2650732,0.0,0.0,0.0,0.0
3.46295,0.38,3.404,3.40764,0.04008962,0.2653136,0.0,0.0,0.04008962,0.2653136,0.0,0.0,0.0,0.0
3.46393,0.38,3.405,3.40864,0.04009835,0.2655541,0.0,0.0,0.04009835,0.2655541,0.0,0.0,0.0,0.0
3.46492,0.38,3.406,3.40964,0.04010707,0.2657947,0.0,0.0,0.04010707,0.2657947,0.0,0.0,0.0,0.0
3.4659,0.38,3.407,3.41064,0.04011579,0.2660355,0.0,0.0,0.04011579,0.2660355,0.0,0.0,0.0,0.0
3.46689,0.38,3.408,3.41164,0.04012451,0.2662765,0.0,0.0,0.04012451,0.2662765,0.0,0.0,0.0,0.0
3.46787,0.38,3.409,3.41264,0.04013323,0.2665176,0.0,0.0,0.04013323,0.2665176,0.0,0.0,0.0,0.0
3.46886,0.38,3.41,3.41364,0.04014195,0.2667589,0.0,0.0,0.04014195,0.2667589,0.0,0.0,0.0,0.0
3.46984,0.38,3.411,3.41464,0.04015067,0.2670003,0.0,0.0,0.04015067,0.2670003,0.0,0.0,0.0,0.0
3.47082,0.38,3.412,3.41564,0.04015939,0.2672419,0.0,0.0,0.04015939,0.2672419,0.0,0.0,0.0,0.0
3.47181,0.38,3.413,3.41664,0.04016811,0.2674836,0.0,0.0,0.04016811,0.2674836,0.0,0.0,0.0,0.0
3.47279,0.38,3.414,3.41764,0.04017683,0.2677255,0.0,0.0,0.04017683,0.2677255,0.0,0.0,0.0,0.0
3.47378,0.38,3.415,3.41864,0.04018555,0.2679676,0.0,0.0,0.04018555,0.2679676,0.0,0.0,0.0,0.0
3.47476,0.38,3.416,3.41964,0.04019427,0.2682098,0.0,0.0,0.04019427,0.2682098,0.0,0.0,0.0,0.0
3.47574,0.38,3.417,3.42064,0.04020299,0.2684521,0.0,0.0,0.04020299,0.2684521,0.0,0.0,0.0,0.0
3.47673,0.38,3.418,3.42164,0.04021171,0.2686946,0.0,0.0,0.04021171,0.2686946,0.0,0.0,0.0,0.0
3.47771,0.38,3.419,3.42264,0.04022043,0.2689373,0.0,0.0,0.04022043,0.2689373,0.0,0.0,0.0,0.0
3.4787,0.38,3.42,3.42364,0.04022915,0.2691801,0.0,0.0,0.04022915,0.2691801,0.0,0.0,0.0,0.0
3.47968,0.38,3.421,3.42464,0.04023787,0.2694231,0.0,0.0,0.04023787,0.2694231,0.0,0.0,0.0,0.0
3.48066,0.38,3.422,3.42564,0.04024659,0.2696663,0.0,0.0,0.04024659,0.2696663,0.0,0.0,0.0,0.0
3.48165,0.38,3.423,3.42664,0.04025531,0.2699096,0.0,0.0,0.04025531,0.2699096,0.0,0.0,0.0,0.0
3.48263,0.38,3.424,3.42764,0.04026403,0.270153,0.0,0.0,0.04026403,0.270153,0.0,0.0,0.0,0.0
3.48362,0.38,3.425,3.42864,0.04027275,0.2703966,0.0,0.0,0.04027275,0.2703966,0.0,0.0,0.0,0.0
3.4846,0.38,3.426,3.42964,0.04028147,0.2706404,0.0,0.0,0.04028147,0.2706404,0.0,0.0,0.0,0.0
3.48559,0.38,3.427,3.43064,0.04029019,0.2708843,0.0,0.0,0.04029019,0.2708843,0.0,0.0,0.0,0.0
3.48657,0.38,3.428,3.43164,0.04029891,0.2711284,0.0,0.0,0.04029891,0.2711284,0.0,0.0,0.0,0.0
3.48755,0.38,3.429,3.43264,0.04030763,0.2713726,0.0,0.0,0.04030763,0.2713726,0.0,0.0,0.0,0.0
3.48854,0.38,3.43,3.43364,0.04031634,0.271617,0.0,0.0,0.04031634,0.271617,0.0,0.0,0.0,0.0
3.48952,0.38,3.431,3.43464,0.04032506,0.2718616,0.0,0.0,0.04032506,0.2718616,0.0,0.0,0.0,0.0
3.49051,0.38,3.432,3.43564,0.04033378,0.2721063,0.0,0.0,0.04033378,0.2721063,0.0,0.0,0.0,0.0
3.49149,0.38,3.433,3.43664,0.0403425,0.2723511,0.0,0.0,0.0403425,0.2723511,0.0,0.0,0.0,0.0
3.49248,0.38,3.434,3.43764,0.04035122,0.2725962,0.0,0.0,0.04035122,0.2725962,0.0,0.0,0.0,0.0
3.49346,0.38,3.435,3.43864,0.04035993,0.2728413,0.0,0.0,0.04035993,0.2728413,0.0,0.0,0.0,0.0
3.49444,0.38,3.436,3.43964,0.04036865,0.2730867,0.0,0.0,0.04036865,0.2730867,0.0,0.0,0.0,0.0
3.49543,0.38,3.437,3.44064,0.04037737,0.2733321,0.0,0.0,0.04037737,0.2733321,0.0,0.0,0.0,0.0
3.49641,0.38,3.438,3.44164,0.04038609,0.2735778,0.0,0.0,0.04038609,0.2735778,0.0,0.0,0.0,0.0
3.4974,0.38,3.439,3.44264,0.04039481,0.2738236,0.0,0.0,0.04039481,0.2738236,0.0,0.0,0.0,0.0
3.49838,0.38,3.44,3.44364,0.04040352,0.2740695,0.0,0.0,0.04040352,0.2740695,0.0,0.0,0.0,0.0
3.49937,0.38,3.441,3.44464,0.04041224,0.2743157,0.0,0.0,0.04041224,0.2743157,0.0,0.0,0.0,0.0
3.50035,0.38,3.442,3.44564,0.04042096,0.2745619,0.0,0.0,0.04042096,0.2745619,0.0,0.0,0.0,0.0
3.50133,0.38,3.443,3.44664,0.04042967,0.2748084,0.0,0.0,0.04042967,0.2748084,0.0,0.0,0.0,0.0
3.50232,0.38,3.444,3.44764,0.04043839,0.2750549,0.0,0.0,0.04043839,0.2750549,0.0,0.0,0.0,0.0
3.5033,0.38,3.445,3.44864,0.04044711,0.2753017,0.0,0.0,0.04044711,0.2753017,0.0,0.0,0.0,0.0
3.50429,0.38,3.446,3.44964,0.04045582,0.2755486,0.0,0.0,0.04045582,0.2755486,0.0,0.0,0.0,0.0
3.50527,0.38,3.447,3.45064,0.04046454,0.2757956,0.0,0.0,0.04046454,0.2757956,0.0,0.0,0.0,0.0
3.50626,0.38,3.448,3.45164,0.04047326,0.2760428,0.0,0.0,0.04047326,0.2760428,0.0,0.0,0.0,0.0
3.50724,0.38,3.449,3.45264,0.04048197,0.2762902,0.0,0.0,0.04048197,0.2762902,0.0,0.0,0.0,0.0
3.50823,0.38,3.45,3.45364,0.04049069,0.2765377,0.0,0.0,0.04049069,0.2765377,0.0,0.0,0.0,0.0
3.50921,0.38,3.451,3.45464,0.0404994,0.2767854,0.0,0.0,0.0404994,0.2767854,0.0,0.0,0.0,0.0
3.51019,0.38,3.452,3.45564,0.04050812,0.2770333,0.0,0.0,0.04050812,0.2770333,0.0,0.0,0.0,0.0
3.51118,0.38,3.453,3.45664,0.04051683,0.2772813,0.0,0.0,0.04051683,0.2772813,0.0,0.0,0.0,0.0
3.51216,0.38,3.454,3.45764,0.04052555,0.2775294,0.0,0.0,0.04052555,0.2775294,0.0,0.0,0.0,0.0
3.51315,0.38,3.455,3.45864,0.04053427,0.2777777,0.0,0.0,0.04053427,0.2777777,0.0,0.0,0.0,0.0
3.51413,0.38,3.456,3.45964,0.04054298,0.2780262,0.0,0.0,0.04054298,0.2780262,0.0,0.0,0.0,0.0
3.51512,0.38,3.457,3.46064,0.0405517,0.2782748,0.0,0.0,0.0405517,0.2782748,0.0,0.0,0.0,0.0
3.5161,0.38,3.458,3.46164,0.04056041,0.2785236,0.0,0.0,0.04056041,0.2785236,0.0,0.0,0.0,0.0
3.51709,0.38,3.459,3.46264,0.04056912,0.2787726,0.0,0.0,0.04056912,0.2787726,0.0,0.0,0.0,0.0
3.51807,0.38,3.46,3.46364,0.04057784,0.2790217,0.0,0.0,0.04057784,0.2790217,0.0,0.0,0.0,0.0
3.51905,0.38,3.461,3.46464,0.04058655,0.2792709,0.0,0.0,0.04058655,0.2792709,0.0,0.0,0.0,0.0
3.52004,0.38,3.462,3.46564,0.04059527,0.2795203,0.0,0.0,0.04059527,0.2795203,0.0,0.0,0.0,0.0
3.52102,0.38,3.463,3.46664,0.04060398,0.2797699,0.0,0.0,0.04060398,0.2797699,0.0,0.0,0.0,0.0
3.52201,0.38,3.464,3.46764,0.0406127,0.2800197,0.0,0.0,0.0406127,0.2800197,0.0,0.0,0.0,0.0
3.52299,0.38,3.465,3.46864,0.04062141,0.2802695,0.0,0.0,0.04062141,0.2802695,0.0,0.0,0.0,0.0
3.52398,0.38,3.466,3.46964,0.04063012,0.2805196,0.0,0.0,0.04063012,0.2805196,0.0,0.0,0.0,0.0
3.52496,0.38,3.467,3.47064,0.04063884,0.2807698,0.0,0.0,0.04063884,0.2807698,0.0,0.0,0.0,0.0
3.52595,0.38,3.468,3.47164,0.04064755,0.2810202,0.0,0.0,0.04064755,0.2810202,0.0,0.0,0.0,0.0
3.52693,0.38,3.469,3.47264,0.04065626,0.2812707,0.0,0.0,0.04065626,0.2812707,0.0,0.0,0.0,0.0
3.52792,0.38,3.47,3.47364,0.04066498,0.2815214,0.0,0.0,0.04066498,0.2815214,0.0,0.0,0.0,0.0
3.5289,0.38,3.471,3.47464,0.04067369,0.2817722,0.0,0.0,0.04067369,0.2817722,0.0,0.0,0.0,0.0
3.52989,0.38,3.472,3.47564,0.0406824,0.2820232,0.0,0.0,0.0406824,0.2820232,0.0,0.0,0.0,0.0
3.53087,0.38,3.473,3.47664,0.04069112,0.2822744,0.0,0.0,0.04069112,0.2822744,0.0,0.0,0.0,0.0
3.53185,0.38,3.474,3.47764,0.04069983,0.2825257,0.0,0.0,0.04069983,0.2825257,0.0,0.0,0.0,0.0
3.53284,0.38,3.475,3.47864,0.04070854,0.2827771,0.0,0.0,0.04070854,0.2827771,0.0,0.0,0.0,0.0
3.53382,0.38,3.476,3.47964,0.04071725,0.2830288,0.0,0.0,0.04071725,0.2830288,0.0,0.0,0.0,0.0
3.53481,0.38,3.477,3.48064,0.04072597,0.2832806,0.0,0.0,0.04072597,0.2832806,0.0,0.0,0.0,0.0
3.53579,0.38,3.478,3.48164,0.04073468,0.2835325,0.0,0.0,0.04073468,0.2835325,0.0,0.0,0.0,0.0
3.53678,0.38,3.479,3.48264,0.04074339,0.2837846,0.0,0.0,0.04074339,0.2837846,0.0,0.0,0.0,0.0
3.53776,0.38,3.48,3.48364,0.0407521,0.2840369,0.0,0.0,0.0407521,0.2840369,0.0,0.0,0.0,0.0
3.53875,0.38,3.481,3.48464,0.04076081,0.2842893,0.0,0.0,0.04076081,0.2842893,0.0,0.0,0.0,0.0
3.53973,0.38,3.482,3.48564,0.04076953,0.2845419,0.0,0.0,0.04076953,0.2845419,0.0,0.0,0.0,0.0
3.54072,0.38,3.483,3.48664,0.04077824,0.2847946,0.0,0.0,0.04077824,0.2847946,0.0,0.0,0.0,0.0
3.5417,0.38,3.484,3.48764,0.04078695,0.2850475,0.0,0.0,0.04078695,0.2850475,0.0,0.0,0.0,0.0
3.54269,0.38,3.485,3.48864,0.04079566,0.2853006,0.0,0.0,0.04079566,0.2853006,0.0,0.0,0.0,0.0
3.54367,0.38,3.486,3.48964,0.04080437,0.2855538,0.0,0.0,0.04080437,0.2855538,0.0,0.0,0.0,0.0
3.54466,0.38,3.487,3.49064,0.04081308,0.2858072,0.0,0.0,0.04081308,0.2858072,0.0,0.0,0.0,0.0
3.54564,0.38,3.488,3.49164,0.04082179,0.2860607,0.0,0.0,0.04082179,0.2860607,0.0,0.0,0.0,0.0
3.54663,0.38,3.489,3.49264,0.0408305,0.2863144,0.0,0.0,0.0408305,0.2863144,0.0,0.0,0.0,0.0
3.54761,0.38,3.49,3.49364,0.04083921,0.2865683,0.0,0.0,0.04083921,0.2865683,0.0,0.0,0.0,0.0
3.5486,0.38,3.491,3.49464,0.04084792,0.2868223,0.0,0.0,0.04084792,0.2868223,0.0,0.0,0.0,0.0
3.54958,0.38,3.492,3.49564,0.04085663,0.2870764,0.0,0.0,0.04085663,0.2870764,0.0,0.0,0.0,0.0
3.55056,0.38,3.493,3.49664,0.04086534,0.2873308,0.0,0.0,0.04086534,0.2873308,0.0,0.0,0.0,0.0
3.55155,0.38,3.494,3.49764,0.04087405,0.2875853,0.0,0.0,0.04087405,0.2875853,0.0,0.0,0.0,0.0
3.55253,0.38,3.495,3.49864,0.04088276,0.2878399,0.0,0.0,0.04088276,0.2878399,0.0,0.0,0.0,0.0
3.55352,0.38,3.496,3.49964,0.04089147,0.2880947,0.0,0.0,0.04089147,0.2880947,0.0,0.0,0.0,0.0
3.5545,0.38,3.497,3.50064,0.04090018,0.2883497,0.0,0.0,0.04090018,0.2883497,0.0,0.0,0.0,0.0
3.55549,0.38,3.498,3.50164,0.04090889,0.2886048,0.0,0.0,0.04090889,0.2886048,0.0,0.0,0.0,0.0
3.55647,0.38,3.499,3.50264,0.0409176,0.2888601,0.0,0.0,0.0409176,0.2888601,0.0,0.0,0.0,0.0
3.55746,0.38,3.5,3.50364,0.04092631,0.2891155,0.0,0.0,0.04092631,0.2891155,0.0,0.0,0.0,0.0
