qv,q2,ex,nu,RTTOT,RLTOT,RTQE,RLQE,RTIE,RLIE,RTE,RLE,RTNS,RLNS
0.34642,0.12,0.001,0.00215,3.339608e-15,0.0002141222,0.0,0.0,0.0,0.0,0.0,0.0,3.339608e-15,0.0002141222
0.34642,0.12,0.002,0.00315,2.347972e-14,0.00068897,0.0,0.0,0.0,0.0,0.0,0.0,2.347972e-14,0.00068897
0.34644,0.12,0.003,0.00415,1.77659e-13,0.001883374,0.0,0.0,0.0,0.0,0.0,0.0,1.77659e-13,0.001883374
0.34645,0.12,0.004,0.00515,1.554015e-12,0.004375196,0.0,0.0,0.0,0.0,0.0,0.0,1.554015e-12,0.004375196
0.34646,0.12,0.005,0.00615,1.524748e-11,0.008642992,0.0,0.0,0.0,0.0,0.0,0.0,1.524748e-11,0.008642992
0.34648,0.12,0.006,0.00715,1.506637e-10,0.01453981,0.0,0.0,0.0,0.0,0.0,0.0,1.506637e-10,0.01453981
0.34651,0.12,0.007,0.00815,1.371703e-09,0.02089612,0.0,0.0,0.0,0.0,0.0,0.0,1.371703e-09,0.02089612
0.34653,0.12,0.008,0.00915,1.099267e-08,0.02583751,0.0,0.0,0.0,0.0,0.0,0.0,1.099267e-08,0.02583751
0.34656,0.12,0.009,0.01015,7.603958e-08,0.02790602,0.0,0.0,0.0,0.0,0.0,0.0,7.603958e-08,0.02790602
0.34659,0.12,0.01,0.01115,4.504302e-07,0.02713064,0.0,0.0,0.0,0.0,0.0,0.0,4.504302e-07,0.02713064
0.34662,0.12,0.011,0.01215,2.27791e-06,0.02495275,0.0,0.0,0.0,0.0,0.0,0.0,2.27791e-06,0.02495275
0.34666,0.12,0.012,0.01315,9.826012e-06,0.02296957,0.0,0.0,0.0,0.0,0.0,0.0,9.826012e-06,0.02296957
0.3467,0.12,0.013,0.01415,3.616443e-05,0.02171299,0.0,0.0,0.0,0.0,0.0,0.0,3.616443e-05,0.02171299
0.34674,0.12,0.014,0.01515,0.0001137128,0.02059865,0.0,0.0,0.0,0.0,0.0,0.0,0.0001137128,0.02059865
0.34679,0.12,0.015,0.01615,0.0003062153,0.01886763,0.0,0.0,0.0,0.0,0.0,0.0,0.0003062153,0.01886763
0.34683,0.12,0.016,0.01715,0.0007091044,0.01640057,0.0,0.0,0.0,0.0,0.0,0.0,0.0007091044,0.01640057
0.34689,0.12,0.017,0.01815,0.001421146,0.01368702,0.0,0.0,0.0,0.0,0.0,0.0,0.001421146,0.01368702
0.34694,0.12,0.018,0.01915,0.002488245,0.01125797,0.0,0.0,0.0,0.0,0.0,0.0,0.002488245,0.01125797
0.347,0.12,0.019,0.02015,0.003854099,0.009293315,0.0,0.0,0.0,0.0,0.0,0.0,0.003854099,0.009293315
0.34706,0.12,0.02,0.02115,0.005357691,0.007681824,0.0,0.0,0.0,0.0,0.0,0.0,0.005357691,0.007681824
0.34712,0.12,0.021,0.02215,0.007330448,0.00666485,0.0003994932,0.0003836487,0.0,0.0,0.0001606602,0.0,0.006770295,0.006281201
0.34718,0.12,0.022,0.02315,0.009223886,0.006025706,0.001003568,0.0009641337,0.0,0.0,0.0003920249,0.0,0.007828293,0.005061572
0.34725,0.12,0.023,0.02415,0.01039977,0.005553724,0.001541854,0.001481871,0.0,0.0,0.0005941965,0.0,0.008263725,0.004071853
0.34732,0.12,0.024,0.02515,0.01078302,0.00536098,0.002090417,0.002009962,0.0,0.0,0.000802655,0.0,0.007889944,0.003351018
0.3474,0.12,0.025,0.02615,0.01042017,0.005445498,0.002660636,0.002559404,0.0,0.0,0.001024436,0.0,0.006735099,0.002886093
0.34747,0.12,0.026,0.02715,0.009612255,0.005755847,0.003254664,0.003132341,0.0,0.0,0.001261999,0.0,0.005095593,0.002623506
0.34755,0.12,0.027,0.02815,0.008798753,0.006224892,0.00387206,0.003728423,0.0,0.0,0.001516292,0.0,0.003410401,0.002496469
0.34763,0.12,0.028,0.02915,0.008337233,0.006791259,0.004511474,0.004346431,0.0,0.0,0.001787595,0.0,0.002038164,0.002444829
0.34772,0.12,0.029,0.03015,0.008364884,0.007410219,0.005171219,0.004984817,0.0,0.0,0.002075837,0.0,0.001117827,0.002425403
0.34781,0.12,0.03,0.03115,0.008467897,0.007814504,0.005597203,0.005398585,0.0,0.0,0.002278055,0.0,0.0005926403,0.002415919
0.3479,0.12,0.031,0.03215,0.008735131,0.008155451,0.00594997,0.005742318,3.884407e-06,4.606295e-08,0.002456431,0.0,0.0003248457,0.002413087
0.34799,0.12,0.032,0.03315,0.009128977,0.008506155,0.006296404,0.006080499,3.35663e-06,3.923395e-08,0.002637444,0.0,0.0001917718,0.002425617
0.34809,0.12,0.033,0.03415,0.009579668,0.008878378,0.006636289,0.006412935,3.019041e-06,3.495869e-08,0.002820646,0.0,0.0001197146,0.002465408
0.34819,0.12,0.034,0.03515,0.0100577,0.009280208,0.006969436,0.006739456,7.509042e-06,1.019496e-07,0.00300561,0.0,7.514187e-05,0.00254065
0.34829,0.12,0.035,0.03615,0.01053971,0.009712657,0.007295687,0.007059918,6.59049e-06,8.743176e-08,0.003191924,0.0,4.55123e-05,0.002652652
0.3484,0.12,0.036,0.03715,0.01102614,0.01017035,0.007614903,0.007374198,6.009866e-06,7.851656e-08,0.003379195,0.0,2.603102e-05,0.002796072
0.3485,0.12,0.037,0.03815,0.01151355,0.01064334,0.007926975,0.007682197,5.602509e-06,7.24269e-08,0.003567042,0.0,1.393409e-05,0.002961075
0.34862,0.12,0.038,0.03915,0.01200395,0.01111991,0.008231811,0.007983834,1.008022e-05,1.523102e-07,0.003755099,0.0,6.958378e-06,0.003135925
0.34873,0.12,0.039,0.04015,0.01248483,0.01158826,0.008529343,0.008279048,9.239534e-06,1.364436e-07,0.003943013,0.0,3.238487e-06,0.003309078
0.34885,0.12,0.04,0.04115,0.01296003,0.01203833,0.00881952,0.008567794,8.663598e-06,1.258844e-07,0.004130444,0.0,1.404289e-06,0.003470406
0.34897,0.12,0.041,0.04215,0.01343399,0.01246193,0.009102306,0.008850041,1.405587e-05,2.423718e-07,0.004317064,0.0,5.673073e-07,0.003611644
0.34909,0.12,0.042,0.04315,0.01389333,0.01285233,0.009377684,0.009125772,1.287742e-05,2.150278e-07,0.004502556,0.0,2.135111e-07,0.00372634
0.34921,0.12,0.043,0.04415,0.01434444,0.01320478,0.009645645,0.009394983,1.210417e-05,1.975945e-07,0.004686617,0.0,7.486198e-08,0.003809604
0.34934,0.12,0.044,0.04515,0.01478672,0.01351572,0.009906195,0.009657678,1.154831e-05,1.853562e-07,0.004868951,0.0,2.445351e-08,0.003857859
0.34947,0.12,0.045,0.04615,0.01522571,0.01378288,0.01015935,0.00991387,1.707737e-05,3.224903e-07,0.005049279,0.0,7.441532e-09,0.003868686
0.3496,0.12,0.046,0.04715,0.01564851,0.01400466,0.01040513,0.01016358,1.604824e-05,2.941037e-07,0.005227329,0.0,2.10975e-09,0.003840783
0.34974,0.12,0.047,0.04815,0.01606174,0.01418109,0.01064356,0.01040683,1.533397e-05,2.747912e-07,0.005402842,0.0,5.572723e-10,0.003773991
0.34988,0.12,0.048,0.04915,0.01647226,0.01431346,0.01087468,0.01064365,2.201114e-05,4.703864e-07,0.005575569,0.0,1.371637e-10,0.003669343
0.35002,0.12,0.049,0.05015,0.01686443,0.01440359,0.01109853,0.01087407,2.062496e-05,4.240553e-07,0.005745274,0.0,3.147589e-11,0.003529089
0.35017,0.12,0.05,0.05115,0.01724658,0.01445518,0.01131515,0.01109813,1.970735e-05,3.938346e-07,0.005911729,0.0,6.747152e-12,0.003356653
0.35031,0.12,0.051,0.05215,0.01761834,0.01447276,0.01152457,0.01131587,1.904852e-05,3.722982e-07,0.006074721,0.0,1.360767e-12,0.003156522
0.35046,0.12,0.052,0.05315,0.01798688,0.01446195,0.01172685,0.01152731,2.598173e-05,5.991964e-07,0.006234045,0.0,2.652716e-13,0.002934049
0.35062,0.12,0.053,0.05415,0.01833633,0.01442824,0.01192203,0.01173249,2.478965e-05,5.519017e-07,0.006389507,0.0,5.48507e-14,0.002695195
0.35077,0.12,0.054,0.05515,0.01867504,0.01437819,0.01211015,0.01193145,2.396538e-05,5.191926e-07,0.006540927,0.0,1.494643e-14,0.002446227
0.35093,0.12,0.055,0.05615,0.01901169,0.01431845,0.01229125,0.01212421,3.229933e-05,8.360121e-07,0.006688132,0.0,5.260322e-15,0.0021934
0.35109,0.12,0.056,0.05715,0.01932707,0.01425423,0.01246538,0.01231081,3.071917e-05,7.61438e-07,0.006830963,0.0,3.353431e-15,0.001942652
0.35126,0.12,0.057,0.05815,0.01963153,0.01419133,0.01263258,0.01249128,2.967685e-05,7.118328e-07,0.006969271,0.0,2.091471e-15,0.001699337
0.35142,0.12,0.058,0.05915,0.01993562,0.01413482,0.01279289,0.01266564,3.981731e-05,1.158724e-06,0.007102916,0.0,1.276144e-15,0.001468022
0.35159,0.12,0.059,0.06015,0.02021577,0.01408729,0.01294633,0.01283391,3.765986e-05,1.039202e-06,0.007231773,0.0,7.617854e-16,0.001252338
0.35177,0.12,0.06,0.06115,0.020485,0.01405201,0.01309296,0.01299612,3.631985e-05,9.637242e-07,0.007355723,0.0,4.448881e-16,0.001054925
0.35194,0.12,0.061,0.06215,0.02074287,0.01403062,0.0132328,0.01315228,3.540729e-05,9.107597e-07,0.007474661,0.0,2.541875e-16,0.0008774315
0.35212,0.12,0.062,0.06315,0.02100019,0.01402439,0.01336589,0.0133024,4.58147e-05,1.408395e-06,0.007588492,0.0,1.420831e-16,0.0007205776
0.3523,0.12,0.063,0.06415,0.02123343,0.01403208,0.01349225,0.01344652,4.405279e-05,1.292527e-06,0.007697129,0.0,7.769905e-17,0.0005842687
0.35248,0.12,0.064,0.06515,0.02145533,0.01405357,0.01361192,0.01358462,4.290686e-05,1.214091e-06,0.0078005,0.0,4.156941e-17,0.0004677352
0.35267,0.12,0.065,0.06615,0.02167893,0.01408833,0.01372494,0.01371674,5.545055e-05,1.902539e-06,0.007898538,0.0,2.175789e-17,0.0003696889
0.35286,0.12,0.066,0.06715,0.02187557,0.01413308,0.01383132,0.01384288,5.306368e-05,1.721744e-06,0.00799119,0.0,1.114152e-17,0.0002884807
0.35305,0.12,0.067,0.06815,0.02206111,0.01418689,0.01393111,0.01396304,5.159718e-05,1.605048e-06,0.008078411,0.0,5.581577e-18,0.0002222479
0.35324,0.12,0.068,0.06915,0.02223512,0.01424781,0.01402432,0.01407725,5.062646e-05,1.522093e-06,0.008160166,0.0,2.735608e-18,0.0001690427
0.35344,0.12,0.069,0.07015,0.02241102,0.01431472,0.01411101,0.0141855,6.358367e-05,2.283517e-06,0.008236431,0.0,1.311703e-18,0.0001269379
0.35364,0.12,0.07,0.07115,0.02256004,0.01438403,0.01419119,0.01428781,6.166179e-05,2.108231e-06,0.008307189,0.0,6.153203e-19,9.410675e-05
0.35384,0.12,0.071,0.07215,0.02269779,0.01445507,0.01426491,0.0143842,6.044535e-05,1.98774e-06,0.008372434,0.0,2.823914e-19,6.887855e-05
0.35405,0.12,0.072,0.07315,0.02284028,0.01452748,0.0143322,0.01447468,7.591301e-05,3.023705e-06,0.008432168,0.0,1.267903e-19,4.977146e-05
0.35426,0.12,0.073,0.07415,0.02295282,0.01459752,0.01439311,0.01455926,7.331695e-05,2.756059e-06,0.008486402,0.0,5.569354e-20,3.550661e-05
0.35447,0.12,0.074,0.07515,0.02305459,0.01466555,0.01444767,0.01463797,7.176019e-05,2.580067e-06,0.008535156,0.0,2.393358e-20,2.500751e-05
0.35468,0.12,0.075,0.07615,0.02314519,0.01473066,0.01449595,0.01471082,7.077819e-05,2.453556e-06,0.008578458,0.0,1.006224e-20,1.738856e-05
0.3549,0.12,0.076,0.07715,0.02324116,0.01479337,0.01453799,0.01477784,8.682632e-05,3.592477e-06,0.008616342,0.0,4.138713e-21,1.193681e-05
0.35512,0.12,0.077,0.07815,0.02330748,0.01485048,0.01457384,0.01483906,8.478274e-05,3.332764e-06,0.008648854,0.0,1.665406e-21,8.089933e-06
0.35534,0.12,0.078,0.07915,0.02336316,0.01490308,0.01460357,0.01489452,8.354843e-05,3.151933e-06,0.008676044,0.0,6.556295e-22,5.412937e-06
0.35556,0.12,0.079,0.08015,0.02342774,0.0149525,0.01462724,0.01494424,0.000102529,4.679719e-06,0.00869797,0.0,2.525112e-22,3.575629e-06
0.35579,0.12,0.08,0.08115,0.02345939,0.0149949,0.01464493,0.01498828,9.976067e-05,4.28992e-06,0.008714697,0.0,9.514511e-23,2.331864e-06
0.35602,0.12,0.081,0.08215,0.02348117,0.01503221,0.0146567,0.01502668,9.817156e-05,4.029743e-06,0.008726298,0.0,3.507323e-23,1.501361e-06
0.35625,0.12,0.082,0.08315,0.02351639,0.01506656,0.01466264,0.01505949,0.0001209,6.11213e-06,0.008732849,0.0,1.264877e-23,9.543296e-07
0.35648,0.12,0.083,0.08415,0.02351427,0.01509288,0.01466284,0.01508677,0.0001169938,5.511023e-06,0.008734436,0.0,4.46277e-24,5.98884e-07
0.35672,0.12,0.084,0.08515,0.02350342,0.01511408,0.01465738,0.01510858,0.0001148897,5.132452e-06,0.008731148,0.0,1.540437e-24,3.710376e-07
0.35696,0.12,0.085,0.08615,0.02348316,0.01513008,0.01464637,0.01512498,0.0001137169,4.866191e-06,0.00872308,0.0,0.0,2.269469e-07
0.3572,0.12,0.086,0.08715,0.02347709,0.01514328,0.0146299,0.01513606,0.0001368662,7.080192e-06,0.008710332,0.0,0.0,1.370444e-07
0.35745,0.12,0.087,0.08815,0.02343507,0.01514849,0.01460808,0.01514189,0.0001339845,6.519357e-06,0.00869301,0.0,0.0,8.170134e-08
0.3577,0.12,0.088,0.08915,0.02338469,0.01514874,0.01458102,0.01514255,0.0001324495,6.140839e-06,0.008671223,0.0,0.0,4.808701e-08
0.35795,0.12,0.089,0.09015,0.02335384,0.01514729,0.01454884,0.01513814,0.0001599153,9.125291e-06,0.008645085,0.0,0.0,2.794197e-08
0.3582,0.12,0.09,0.09115,0.02328216,0.01513702,0.01451166,0.01512874,0.0001557955,8.270489e-06,0.008614713,0.0,0.0,1.602939e-08
0.35846,0.12,0.091,0.09215,0.02320355,0.01512218,0.0144696,0.01511445,0.0001537212,7.725572e-06,0.00858023,0.0,0.0,9.078357e-09
0.35872,0.12,0.092,0.09315,0.02311728,0.01510272,0.0144228,0.01509538,0.0001527235,7.339575e-06,0.008541758,0.0,0.0,5.076075e-09
0.35898,0.12,0.093,0.09415,0.02305158,0.01508214,0.01437139,0.01507163,0.0001807592,1.049964e-05,0.008499426,0.0,0.0,2.802071e-09
0.35924,0.12,0.094,0.09515,0.02294673,0.01505303,0.01431551,0.01504333,0.0001778493,9.699547e-06,0.008453363,0.0,0.0,1.527076e-09
0.35951,0.12,0.095,0.09615,0.02283549,0.01501973,0.0142553,0.01501057,0.0001764909,9.155766e-06,0.008403702,0.0,0.0,8.216222e-10
0.35978,0.12,0.096,0.09715,0.02275097,0.01498687,0.0141909,0.01497349,0.0002094928,1.338202e-05,0.008350576,0.0,0.0,4.364293e-10
0.36005,0.12,0.097,0.09815,0.02262179,0.01494437,0.01412245,0.0149322,0.0002052183,1.217029e-05,0.008294123,0.0,0.0,2.288683e-10
0.36032,0.12,0.098,0.09915,0.02248789,0.01489822,0.01405011,0.01488683,0.0002032986,1.139309e-05,0.00823448,0.0,0.0,1.184916e-10
0.3606,0.12,0.099,0.10015,0.02234845,0.01484835,0.01397403,0.01483751,0.0002026317,1.084042e-05,0.008171784,0.0,0.0,6.056462e-11
0.36088,0.12,0.1,0.10115,0.02223686,0.01479967,0.01389436,0.01478437,0.0002363268,1.529286e-05,0.008106177,0.0,0.0,3.056191e-11
0.36116,0.12,0.101,0.10215,0.02208254,0.01474171,0.01381124,0.01472755,0.0002335028,1.415694e-05,0.008037798,0.0,0.0,1.52255e-11
0.36144,0.12,0.102,0.10315,0.02192411,0.01468055,0.01372484,0.01466717,0.0002324852,1.338305e-05,0.007966787,0.0,0.0,7.488459e-12
0.36173,0.12,0.103,0.10415,0.02180049,0.01462269,0.01363531,0.01460338,0.0002718994,1.931208e-05,0.007893285,0.0,0.0,3.636159e-12
0.36202,0.12,0.104,0.10515,0.02162777,0.01455389,0.0135428,0.0145363,0.0002675384,1.759253e-05,0.007817433,0.0,0.0,1.743102e-12
0.36231,0.12,0.105,0.10615,0.02145277,0.01448257,0.01344746,0.01446608,0.0002659372,1.64903e-05,0.007739372,0.0,0.0,8.249584e-13
0.3626,0.12,0.106,0.10715,0.0212745,0.01440857,0.01334945,0.01439286,0.0002658058,1.570636e-05,0.007659239,0.0,0.0,3.854523e-13
0.3629,0.12,0.107,0.10815,0.02113208,0.01433869,0.01324892,0.01431677,0.000305984,2.191457e-05,0.007577175,0.0,0.0,1.778028e-13
0.3632,0.12,0.108,0.10915,0.02094273,0.01425825,0.01314603,0.01423795,0.0003033858,2.030307e-05,0.007493317,0.0,0.0,8.097213e-14
0.3635,0.12,0.109,0.11015,0.02075163,0.01417574,0.01304091,0.01415654,0.0003029208,1.920832e-05,0.0074078,0.0,0.0,0.0
0.36381,0.12,0.11,0.11115,0.02060419,0.01410014,0.01293371,0.01407266,0.0003497177,2.747629e-05,0.007320761,0.0,0.0,0.0
0.36411,0.12,0.111,0.11215,0.02040225,0.01401149,0.01282459,0.01398647,0.0003453277,2.502025e-05,0.007232332,0.0,0.0,0.0
0.36442,0.12,0.112,0.11315,0.02020057,0.01392154,0.01271367,0.01389808,0.0003442474,2.345976e-05,0.007142645,0.0,0.0,0.0
0.36473,0.12,0.113,0.11415,0.01999785,0.01382998,0.01260111,0.01380763,0.0003449112,2.235454e-05,0.007051828,0.0,0.0,0.0
0.36505,0.12,0.114,0.11515,0.0198395,0.01374619,0.01248704,0.01371524,0.0003924512,3.09478e-05,0.006960011,0.0,0.0,0.0
0.36536,0.12,0.115,0.11615,0.01962914,0.01364971,0.01237159,0.01362106,0.0003902324,2.865152e-05,0.006867316,0.0,0.0,0.0
0.36568,0.12,0.116,0.11715,0.01941933,0.0135523,0.01225489,0.01352519,0.0003905805,2.710625e-05,0.006773867,0.0,0.0,0.0
0.366,0.12,0.117,0.11815,0.01920927,0.01345375,0.01213706,0.01342777,0.0003924168,2.597733e-05,0.006679784,0.0,0.0,0.0
0.36633,0.12,0.118,0.11915,0.01904488,0.01336397,0.01201824,0.0133289,0.0004414545,3.506347e-05,0.006585184,0.0,0.0,0.0
0.36666,0.12,0.119,0.12015,0.01882985,0.01326156,0.01189855,0.01322872,0.0004411278,3.284696e-05,0.006490181,0.0,0.0,0.0
0.36698,0.12,0.12,0.12115,0.01861588,0.01315861,0.01177809,0.01312732,0.0004429038,3.129236e-05,0.006394887,0.0,0.0,0.0
0.36732,0.12,0.121,0.12215,0.01845515,0.01306798,0.01165697,0.01302483,0.0004987697,4.315223e-05,0.006299409,0.0,0.0,0.0
0.36765,0.12,0.122,0.12315,0.01823624,0.01296118,0.01153532,0.01292134,0.0004970627,3.984203e-05,0.006203854,0.0,0.0,0.0
0.36799,0.12,0.123,0.12415,0.01802008,0.01285462,0.01141323,0.01281696,0.0004985277,3.765496e-05,0.006108324,0.0,0.0,0.0
0.36832,0.12,0.124,0.12515,0.01780551,0.01274787,0.0112908,0.0127118,0.0005017879,3.607295e-05,0.006012917,0.0,0.0,0.0
0.36866,0.12,0.125,0.12615,0.01764495,0.01265444,0.01116814,0.01260594,0.0005590862,4.850333e-05,0.005917728,0.0,0.0,0.0
0.36901,0.12,0.126,0.12715,0.01742792,0.01254481,0.01104532,0.01249949,0.0005597509,4.53229e-05,0.005822851,0.0,0.0,0.0
0.36935,0.12,0.127,0.12815,0.01721383,0.01243566,0.01092245,0.01239253,0.0005630086,4.313069e-05,0.005728374,0.0,0.0,0.0
0.3697,0.12,0.128,0.12915,0.01706233,0.01234471,0.0107996,0.01228515,0.0006283442,5.956299e-05,0.005634381,0.0,0.0,0.0
0.37005,0.12,0.129,0.13015,0.01684499,0.01223212,0.01067686,0.01217744,0.000627175,5.468203e-05,0.005540956,0.0,0.0,0.0
0.37041,0.12,0.13,0.13115,0.01663256,0.01212102,0.01055431,0.01206946,0.0006300828,5.155729e-05,0.005448176,0.0,0.0,0.0
0.37076,0.12,0.131,0.13215,0.01642332,0.01201065,0.01043201,0.01196131,0.0006351992,4.933446e-05,0.005356117,0.0,0.0,0.0
0.37112,0.12,0.132,0.13315,0.01627659,0.01191944,0.01031003,0.01185306,0.0007017099,6.638259e-05,0.005264849,0.0,0.0,0.0
0.37148,0.12,0.133,0.13415,0.01606644,0.01180649,0.01018846,0.01174476,0.0007035431,6.172394e-05,0.005174441,0.0,0.0,0.0
0.37184,0.12,0.134,0.13515,0.01586098,0.01169511,0.01006733,0.0116365,0.0007086866,5.860404e-05,0.005084957,0.0,0.0,0.0
0.37221,0.12,0.135,0.13615,0.01565896,0.01158467,0.009946727,0.01152834,0.0007157731,5.633065e-05,0.004996457,0.0,0.0,0.0
0.37257,0.12,0.136,0.13715,0.01551984,0.01149456,0.009826689,0.01142032,0.0007841474,7.423274e-05,0.004909001,0.0,0.0,0.0
0.37294,0.12,0.137,0.13815,0.01531871,0.0113822,0.009707275,0.01131252,0.0007887932,6.967989e-05,0.004822641,0.0,0.0,0.0
0.37331,0.12,0.138,0.13915,0.0151222,0.01127152,0.009588532,0.01120499,0.0007962406,6.652726e-05,0.004737428,0.0,0.0,0.0
0.37369,0.12,0.139,0.14015,0.01499714,0.011188,0.009470506,0.01109778,0.0008732203,9.022726e-05,0.00465341,0.0,0.0,0.0
0.37406,0.12,0.14,0.14115,0.01480004,0.01107406,0.009353241,0.01099093,0.0008761711,8.313656e-05,0.004570631,0.0,0.0,0.0
0.37444,0.12,0.141,0.14215,0.0146095,0.0109631,0.009236777,0.01088449,0.0008835928,7.86098e-05,0.004489132,0.0,0.0,0.0
0.37482,0.12,0.142,0.14315,0.01442357,0.01085391,0.009121151,0.01077851,0.000893464,7.539487e-05,0.00440895,0.0,0.0,0.0
0.37521,0.12,0.143,0.14415,0.01430841,0.01077305,0.009006396,0.01067303,0.0009718902,0.0001000211,0.00433012,0.0,0.0,0.0
0.37559,0.12,0.144,0.14515,0.01412362,0.01066122,0.008892546,0.01056808,0.0009784027,9.31391e-05,0.004252674,0.0,0.0,0.0
0.37598,0.12,0.145,0.14615,0.01394492,0.01055228,0.008779629,0.0104637,0.0009886563,8.857939e-05,0.004176639,0.0,0.0,0.0
0.37637,0.12,0.146,0.14715,0.01377082,0.0104452,0.008667673,0.01035993,0.001001109,8.527751e-05,0.004102041,0.0,0.0,0.0
0.37676,0.12,0.147,0.14815,0.01366717,0.01036789,0.008556701,0.01025679,0.001081566,0.0001111085,0.004028904,0.0,0.0,0.0
0.37715,0.12,0.148,0.14915,0.01349551,0.0102586,0.008446737,0.01015431,0.00109153,0.0001042977,0.003957246,0.0,0.0,0.0
0.37755,0.12,0.149,0.15015,0.01332962,0.01015217,0.0083378,0.01005252,0.001104733,9.96581e-05,0.003887086,0.0,0.0,0.0
0.37795,0.12,0.15,0.15115,0.0131683,0.01004769,0.008229908,0.009951441,0.001119952,9.624761e-05,0.003818436,0.0,0.0,0.0
0.37835,0.12,0.151,0.15215,0.01307724,0.009974621,0.008123079,0.009851102,0.001202853,0.0001235188,0.003751311,0.0,0.0,0.0
0.37875,0.12,0.152,0.15315,0.01291933,0.009868197,0.008017326,0.00975152,0.001216285,0.0001166772,0.003685718,0.0,0.0,0.0
0.37916,0.12,0.153,0.15415,0.01276692,0.009764632,0.007912662,0.009652715,0.001232595,0.0001119177,0.003621665,0.0,0.0,0.0
0.37957,0.12,0.154,0.15515,0.01261904,0.009663082,0.007809098,0.009554703,0.001250788,0.0001083786,0.003559158,0.0,0.0,0.0
0.37998,0.12,0.155,0.15615,0.01254127,0.009594802,0.007706643,0.0094575,0.001336432,0.0001373017,0.003498197,0.0,0.0,0.0
0.38039,0.12,0.156,0.15715,0.01239752,0.009491468,0.007605306,0.009361122,0.001353425,0.0001303467,0.003438785,0.0,0.0,0.0
0.3808,0.12,0.157,0.15815,0.01225904,0.00939101,0.007505093,0.009265579,0.001373032,0.0001254312,0.003380919,0.0,0.0,0.0
0.38122,0.12,0.158,0.15915,0.01219703,0.009334411,0.007406009,0.009170883,0.00146643,0.0001635277,0.003324595,0.0,0.0,0.0
0.38164,0.12,0.159,0.16015,0.01206089,0.009229564,0.007308058,0.009077046,0.001483024,0.0001525187,0.003269809,0.0,0.0,0.0
0.38206,0.12,0.16,0.16115,0.01193152,0.009129452,0.007211243,0.008984074,0.001503722,0.0001453783,0.003216553,0.0,0.0,0.0
0.38248,0.12,0.161,0.16215,0.01180722,0.009032248,0.007115565,0.008891976,0.001526837,0.0001402722,0.003164818,0.0,0.0,0.0
0.38291,0.12,0.162,0.16315,0.01175809,0.008981206,0.007021024,0.008800757,0.001622476,0.0001804491,0.003114593,0.0,0.0,0.0
0.38333,0.12,0.163,0.16415,0.01163686,0.008879663,0.006927621,0.008710424,0.001643372,0.0001692394,0.003065868,0.0,0.0,0.0
0.38376,0.12,0.164,0.16515,0.01152194,0.008782826,0.006835354,0.00862098,0.001667954,0.0001618457,0.003018627,0.0,0.0,0.0
0.3842,0.12,0.165,0.16615,0.01141188,0.008688943,0.006744221,0.008532429,0.001694803,0.0001565139,0.002972857,0.0,0.0,0.0
0.38463,0.12,0.166,0.16715,0.01137568,0.008643878,0.006654218,0.008444774,0.001792927,0.0001991047,0.002928541,0.0,0.0,0.0
0.38506,0.12,0.167,0.16815,0.01126923,0.008545554,0.006565341,0.008358014,0.001818224,0.0001875392,0.002885661,0.0,0.0,0.0
0.3855,0.12,0.168,0.16915,0.01116868,0.008451976,0.006477587,0.008272153,0.001846894,0.0001798235,0.0028442,0.0,0.0,0.0
0.38594,0.12,0.169,0.17015,0.0110728,0.008361417,0.006390949,0.008187188,0.001877714,0.0001742287,0.002804138,0.0,0.0,0.0
0.38638,0.12,0.17,0.17115,0.01104936,0.008322697,0.006305423,0.008103121,0.001978479,0.0002195758,0.002765454,0.0,0.0,0.0
0.38683,0.12,0.171,0.17215,0.01095745,0.008227447,0.006221001,0.008019948,0.002008324,0.0002074987,0.002728128,0.0,0.0,0.0
0.38727,0.12,0.172,0.17315,0.01087111,0.008137057,0.006137677,0.007937669,0.0020413,0.0001993874,0.002692136,0.0,0.0,0.0
0.38772,0.12,0.173,0.17415,0.01078924,0.008049769,0.006055443,0.007856281,0.002076337,0.0001934884,0.002657457,0.0,0.0,0.0
0.38817,0.12,0.174,0.17515,0.01077819,0.008017743,0.005974291,0.00777578,0.002179829,0.000241963,0.002624066,0.0,0.0,0.0
0.38862,0.12,0.175,0.17615,0.01070055,0.007925368,0.005894213,0.007696163,0.0022144,0.0002292045,0.00259194,0.0,0.0,0.0
0.38908,0.12,0.176,0.17715,0.01062817,0.007838041,0.0058152,0.007617427,0.002251915,0.0002206142,0.002561053,0.0,0.0,0.0
0.38953,0.12,0.177,0.17815,0.01056004,0.007753928,0.005737244,0.007539565,0.002291416,0.0002143634,0.002531381,0.0,0.0,0.0
0.38999,0.12,0.178,0.17915,0.01056089,0.007728964,0.005660335,0.007462574,0.002397663,0.0002663898,0.002502897,0.0,0.0,0.0
0.39045,0.12,0.179,0.18015,0.0104972,0.007639199,0.005584463,0.007386448,0.00243716,0.0002527508,0.002475577,0.0,0.0,0.0
0.39092,0.12,0.18,0.18115,0.01043846,0.007554764,0.005509618,0.007311181,0.002479451,0.0002435829,0.002449393,0.0,0.0,0.0
0.39138,0.12,0.181,0.18215,0.01038378,0.007473692,0.005435791,0.007236768,0.002523665,0.0002369236,0.00242432,0.0,0.0,0.0
0.39185,0.12,0.182,0.18315,0.01039594,0.007456213,0.005362972,0.007163202,0.00263264,0.0002930106,0.00240033,0.0,0.0,0.0
0.39232,0.12,0.183,0.18415,0.01034582,0.007368721,0.005291148,0.007090477,0.00267728,0.0002782436,0.002377396,0.0,0.0,0.0
0.39279,0.12,0.184,0.18515,0.01030039,0.007286962,0.005220311,0.007018586,0.002724588,0.0002683762,0.002355492,0.0,0.0,0.0
0.39326,0.12,0.185,0.18615,0.0102588,0.007208761,0.005150449,0.006947522,0.002773764,0.0002612394,0.002334591,0.0,0.0,0.0
0.39373,0.12,0.186,0.18715,0.0102816,0.007199304,0.005081552,0.006877277,0.002885384,0.0003220273,0.002314666,0.0,0.0,0.0
0.39421,0.12,0.187,0.18815,0.01024469,0.007113652,0.005013608,0.006807845,0.002935396,0.0003058065,0.00229569,0.0,0.0,0.0
0.39469,0.12,0.188,0.18915,0.0102122,0.007034302,0.004946606,0.006739218,0.002987963,0.0002950842,0.002277635,0.0,0.0,0.0
0.39517,0.12,0.189,0.19015,0.01018335,0.006958771,0.004880535,0.006671388,0.003042344,0.0002873827,0.002260475,0.0,0.0,0.0
0.39565,0.12,0.19,0.19115,0.01021604,0.006958064,0.004815385,0.006604347,0.00315647,0.0003537173,0.002244184,0.0,0.0,0.0
0.39613,0.12,0.191,0.19215,0.01019197,0.00687368,0.004751143,0.006538088,0.003212092,0.0003355919,0.002228734,0.0,0.0,0.0
0.39662,0.12,0.192,0.19315,0.01017206,0.006796411,0.004687799,0.006472602,0.003270161,0.0003238087,0.0022141,0.0,0.0,0.0
0.39711,0.12,0.193,0.19415,0.01015558,0.006723312,0.004625341,0.006407882,0.003329986,0.00031543,0.002200256,0.0,0.0,0.0
0.3976,0.12,0.194,0.19515,0.01014221,0.006653095,0.004563758,0.006343919,0.003391276,0.0003091759,0.002187176,0.0,0.0,0.0
0.39809,0.12,0.195,0.19615,0.01018576,0.006648504,0.00450304,0.006280705,0.003507891,0.0003677992,0.002174834,0.0,0.0,0.0
0.39858,0.12,0.196,0.19715,0.01017808,0.006572903,0.004443173,0.006218231,0.003571704,0.0003546719,0.002163205,0.0,0.0,0.0
0.39908,0.12,0.197,0.19815,0.01017362,0.006501957,0.004384149,0.00615649,0.003637203,0.0003454667,0.002152264,0.0,0.0,0.0
0.39958,0.12,0.198,0.19915,0.01017207,0.006434134,0.004325955,0.006095474,0.003704132,0.0003386608,0.002141988,0.0,0.0,0.0
0.40008,0.12,0.199,0.20015,0.01022416,0.006437879,0.00426858,0.006035172,0.003823232,0.000402707,0.002132351,0.0,0.0,0.0
0.40058,0.12,0.2,0.20115,0.01022838,0.006363408,0.004212013,0.005975579,0.003893038,0.0003878298,0.00212333,0.0,0.0,0.0
0.40108,0.12,0.201,0.20215,0.01023558,0.006294278,0.004156243,0.005916684,0.003964435,0.0003775935,0.002114902,0.0,0.0,0.0
0.40158,0.12,0.202,0.20315,0.01024551,0.006228598,0.00410126,0.00585848,0.004037209,0.0003701182,0.002107044,0.0,0.0,0.0
0.40209,0.12,0.203,0.20415,0.01030524,0.006241692,0.004047052,0.005800958,0.004158454,0.0004407338,0.002099733,0.0,0.0,0.0
0.4026,0.12,0.204,0.20515,0.01032107,0.006167606,0.00399361,0.005744111,0.004234515,0.0004234954,0.002092948,0.0,0.0,0.0
0.40311,0.12,0.205,0.20615,0.01033962,0.006099867,0.003940921,0.005687929,0.004312029,0.0004119383,0.002086666,0.0,0.0,0.0
0.40362,0.12,0.206,0.20715,0.01036069,0.006036038,0.003888976,0.005632405,0.004390843,0.0004036328,0.002080867,0.0,0.0,0.0
0.40414,0.12,0.207,0.20815,0.01042705,0.006060091,0.003837763,0.00557753,0.004513756,0.0004825611,0.00207553,0.0,0.0,0.0
0.40465,0.12,0.208,0.20915,0.01045428,0.005985277,0.003787274,0.005523296,0.004596371,0.0004619811,0.002070635,0.0,0.0,0.0
0.40517,0.12,0.209,0.21015,0.01048388,0.00591837,0.003737497,0.005469695,0.004680226,0.0004486745,0.002066161,0.0,0.0,0.0
0.40569,0.12,0.21,0.21115,0.01051578,0.005856031,0.003688422,0.005416719,0.004765264,0.0004393118,0.00206209,0.0,0.0,0.0
0.40621,0.12,0.211,0.21215,0.01054991,0.005796788,0.003640039,0.00536436,0.004851465,0.0004324273,0.002058403,0.0,0.0,0.0
0.40673,0.12,0.212,0.21315,0.01062612,0.005816391,0.003592338,0.005312611,0.004978698,0.0005037804,0.002055082,0.0,0.0,0.0
0.40726,0.12,0.213,0.21415,0.01066656,0.005749516,0.00354531,0.005261462,0.00506914,0.0004880544,0.002052108,0.0,0.0,0.0
0.40779,0.12,0.214,0.21515,0.01070899,0.005688208,0.003498944,0.005210906,0.00516058,0.000477302,0.002049465,0.0,0.0,0.0
0.40831,0.12,0.215,0.21615,0.01075344,0.005630475,0.00345323,0.005160936,0.005253076,0.0004695384,0.002047135,0.0,0.0,0.0
0.40884,0.12,0.216,0.21715,0.01083465,0.005661287,0.003408161,0.005111544,0.00538139,0.0005497428,0.002045102,0.0,0.0,0.0
0.40938,0.12,0.217,0.21815,0.01088581,0.005593195,0.003363725,0.005062723,0.00547873,0.0005304728,0.00204335,0.0,0.0,0.0
0.40991,0.12,0.218,0.21915,0.01093854,0.005532282,0.003319913,0.005014463,0.00557676,0.0005178184,0.002041864,0.0,0.0,0.0
0.41045,0.12,0.219,0.22015,0.01099303,0.005475659,0.003276717,0.00496676,0.005675681,0.0005088989,0.002040628,0.0,0.0,0.0
0.41098,0.12,0.22,0.22115,0.01104935,0.005421989,0.003234128,0.004919604,0.005775591,0.0005023854,0.002039628,0.0,0.0,0.0
0.41152,0.12,0.221,0.22215,0.01113974,0.005449585,0.003192135,0.004872988,0.005908751,0.0005765965,0.00203885,0.0,0.0,0.0
0.41206,0.12,0.222,0.22315,0.01120262,0.005388104,0.003150732,0.004826906,0.006013608,0.0005611978,0.00203828,0.0,0.0,0.0
0.41261,0.12,0.223,0.22415,0.0112669,0.00533205,0.003109908,0.00478135,0.006119086,0.0005506995,0.002037905,0.0,0.0,0.0
0.41315,0.12,0.224,0.22515,0.01133276,0.005279506,0.003069655,0.004736314,0.006225395,0.0005431918,0.002037712,0.0,0.0,0.0
0.4137,0.12,0.225,0.22615,0.01142632,0.005319459,0.003029965,0.004691789,0.006358668,0.0006276695,0.002037688,0.0,0.0,0.0
0.41424,0.12,0.226,0.22715,0.01149937,0.005255778,0.00299083,0.00464777,0.006470718,0.0006080078,0.002037823,0.0,0.0,0.0
0.41479,0.12,0.227,0.22815,0.01157326,0.005199491,0.00295224,0.004604249,0.00658292,0.000595242,0.002038103,0.0,0.0,0.0
0.41534,0.12,0.228,0.22915,0.01164841,0.00514759,0.002914189,0.00456122,0.006695703,0.0005863702,0.002038518,0.0,0.0,0.0
0.4159,0.12,0.229,0.23015,0.011725,0.005098685,0.002876668,0.004518676,0.006809271,0.0005800082,0.002039057,0.0,0.0,0.0
0.41645,0.12,0.23,0.23115,0.01182677,0.005135905,0.002839668,0.004476611,0.006947396,0.0006592944,0.00203971,0.0,0.0,0.0
0.41701,0.12,0.231,0.23215,0.01191025,0.005078057,0.002803183,0.004435018,0.007066596,0.0006430388,0.002040467,0.0,0.0,0.0
0.41756,0.12,0.232,0.23315,0.01199448,0.005026093,0.002767204,0.00439389,0.007185956,0.0006322025,0.002041317,0.0,0.0,0.0
0.41812,0.12,0.233,0.23415,0.01207984,0.004977845,0.002731725,0.004353222,0.007305859,0.0006246232,0.002042253,0.0,0.0,0.0
0.41868,0.12,0.234,0.23515,0.0121665,0.004932235,0.002696737,0.004313007,0.007426495,0.0006192275,0.002043264,0.0,0.0,0.0
0.41925,0.12,0.235,0.23615,0.01227581,0.004968274,0.002662233,0.004273239,0.007569235,0.000695035,0.002044343,0.0,0.0,0.0
0.41981,0.12,0.236,0.23715,0.01236906,0.004915086,0.002628206,0.004233912,0.00769537,0.000681174,0.00204548,0.0,0.0,0.0
0.42038,0.12,0.237,0.23815,0.01246297,0.004866847,0.002594649,0.00419502,0.007821651,0.0006718268,0.002046669,0.0,0.0,0.0
0.42094,0.12,0.238,0.23915,0.01255788,0.004821871,0.002561555,0.004156557,0.007948424,0.0006653138,0.002047901,0.0,0.0,0.0
0.42151,0.12,0.239,0.24015,0.01266756,0.004871714,0.002528916,0.004118518,0.00808947,0.0007531962,0.002049169,0.0,0.0,0.0
0.42208,0.12,0.24,0.24115,0.01277006,0.004815084,0.002496727,0.004080896,0.008222863,0.0007341884,0.002050466,0.0,0.0,0.0
0.42265,0.12,0.241,0.24215,0.01287242,0.004765784,0.00246498,0.004043686,0.008355657,0.0007220983,0.002051785,0.0,0.0,0.0
0.42323,0.12,0.242,0.24315,0.01297534,0.004720823,0.002433669,0.004006882,0.008488552,0.0007139411,0.002053121,0.0,0.0,0.0
0.4238,0.12,0.243,0.24415,0.01307912,0.00467881,0.002402787,0.00397048,0.008621871,0.0007083305,0.002054466,0.0,0.0,0.0
0.42438,0.12,0.244,0.24515,0.013195,0.00472761,0.002372328,0.003934472,0.008766853,0.0007931378,0.002055815,0.0,0.0,0.0
0.42496,0.12,0.245,0.24615,0.01330602,0.0046752,0.002342286,0.003898855,0.008906574,0.0007763444,0.002057162,0.0,0.0,0.0
0.42554,0.12,0.246,0.24715,0.01341683,0.004629225,0.002312653,0.003863623,0.009045675,0.0007656012,0.002058501,0.0,0.0,0.0
0.42612,0.12,0.247,0.24815,0.01352806,0.004587185,0.002283426,0.003828771,0.009184804,0.0007584143,0.002059829,0.0,0.0,0.0
0.4267,0.12,0.248,0.24915,0.01364,0.004547873,0.002254596,0.003794294,0.009324267,0.0007535792,0.002061139,0.0,0.0,0.0
0.42729,0.12,0.249,0.25015,0.01376116,0.004596682,0.002226158,0.003760186,0.009472578,0.0008364964,0.002062426,0.0,0.0,0.0
0.42787,0.12,0.25,0.25115,0.01388006,0.004547688,0.002198108,0.003726443,0.009618264,0.0008212449,0.002063688,0.0,0.0,0.0
0.42846,0.12,0.251,0.25215,0.0139986,0.004504591,0.002170437,0.003693059,0.009763247,0.0008115315,0.002064918,0.0,0.0,0.0
0.42905,0.12,0.252,0.25315,0.01411741,0.004465171,0.002143142,0.003660031,0.009908152,0.0008051402,0.002066113,0.0,0.0,0.0
0.42964,0.12,0.253,0.25415,0.01423677,0.004428328,0.002116217,0.003627353,0.01005328,0.0008009747,0.00206727,0.0,0.0,0.0
0.43023,0.12,0.254,0.25515,0.01436226,0.004477971,0.002089655,0.003595021,0.01020422,0.0008829506,0.002068384,0.0,0.0,0.0
0.43083,0.12,0.255,0.25615,0.01448834,0.004431751,0.002063452,0.00356303,0.01035543,0.0008687212,0.002069451,0.0,0.0,0.0
0.43142,0.12,0.256,0.25715,0.01461387,0.00439115,0.002037603,0.003531375,0.0105058,0.0008597752,0.00207047,0.0,0.0,0.0
0.43202,0.12,0.257,0.25815,0.01473949,0.00435408,0.002012101,0.003500052,0.01065595,0.0008540276,0.002071435,0.0,0.0,0.0
0.43262,0.12,0.258,0.25915,0.01486548,0.004319493,0.001986943,0.003469058,0.01080619,0.0008504358,0.002072345,0.0,0.0,0.0
0.43322,0.12,0.259,0.26015,0.01499426,0.004370724,0.001962123,0.003438386,0.01095894,0.0009323379,0.002073196,0.0,0.0,0.0
0.43382,0.12,0.26,0.26115,0.01512682,0.004326701,0.001937635,0.003408034,0.0111152,0.0009186671,0.002073986,0.0,0.0,0.0
0.43442,0.12,0.261,0.26215,0.01525857,0.004288242,0.001913476,0.003377996,0.01127039,0.0009102451,0.002074712,0.0,0.0,0.0
0.43503,0.12,0.262,0.26315,0.0153902,0.004253266,0.00188964,0.00334827,0.01142519,0.0009049958,0.002075372,0.0,0.0,0.0
0.43563,0.12,0.263,0.26415,0.01552201,0.004220734,0.001866122,0.00331885,0.01157992,0.0009018835,0.002075963,0.0,0.0,0.0
0.43624,0.12,0.264,0.26515,0.01565295,0.004274361,0.001842918,0.003289733,0.01173355,0.0009846275,0.002076483,0.0,0.0,0.0
0.43685,0.12,0.265,0.26615,0.01579126,0.004231947,0.001820024,0.003260915,0.01189431,0.0009710317,0.002076931,0.0,0.0,0.0
0.43746,0.12,0.266,0.26715,0.01592845,0.004195271,0.001797434,0.003232392,0.01205371,0.0009628789,0.002077303,0.0,0.0,0.0
0.43807,0.12,0.267,0.26815,0.01606525,0.004162135,0.001775145,0.00320416,0.01221251,0.0009579749,0.002077599,0.0,0.0,0.0
0.43868,0.12,0.268,0.26915,0.01620202,0.004131457,0.001753151,0.003176216,0.01237105,0.0009552413,0.002077817,0.0,0.0,0.0
0.4393,0.12,0.269,0.27015,0.01633385,0.004188498,0.00173145,0.003148555,0.01252445,0.001039943,0.002077954,0.0,0.0,0.0
0.43991,0.12,0.27,0.27115,0.01647723,0.004147004,0.001710035,0.003121174,0.01268919,0.00102583,0.00207801,0.0,0.0,0.0
0.44053,0.12,0.271,0.27215,0.01661905,0.004111715,0.001688904,0.00309407,0.01285216,0.001017645,0.002077983,0.0,0.0,0.0
0.44115,0.12,0.272,0.27315,0.01676018,0.004080147,0.001668052,0.003067238,0.01301426,0.001012909,0.002077872,0.0,0.0,0.0
0.44177,0.12,0.273,0.27415,0.01690103,0.004051114,0.001647475,0.003040676,0.01317588,0.001010438,0.002077676,0.0,0.0,0.0
0.44239,0.12,0.274,0.27515,0.01704181,0.004023961,0.001627169,0.00301438,0.01333725,0.001009581,0.002077392,0.0,0.0,0.0
0.44301,0.12,0.275,0.27615,0.0171801,0.004071523,0.00160713,0.002988347,0.01349595,0.001083176,0.002077021,0.0,0.0,0.0
0.44364,0.12,0.276,0.27715,0.01732577,0.004037133,0.001587354,0.002962573,0.01366185,0.00107456,0.002076561,0.0,0.0,0.0
0.44426,0.12,0.277,0.27815,0.01747037,0.00400682,0.001567838,0.002937054,0.01382652,0.001069765,0.002076012,0.0,0.0,0.0
0.44489,0.12,0.278,0.27915,0.01761442,0.003979203,0.001548578,0.002911789,0.01399047,0.001067414,0.002075372,0.0,0.0,0.0
0.44552,0.12,0.279,0.28015,0.01775815,0.003953543,0.00152957,0.002886773,0.01415394,0.00106677,0.00207464,0.0,0.0,0.0
0.44615,0.12,0.28,0.28115,0.01789503,0.004005367,0.001510811,0.002862004,0.01431041,0.001143363,0.002073817,0.0,0.0,0.0
0.44678,0.12,0.281,0.28215,0.01804384,0.003971198,0.001492296,0.002837478,0.01447864,0.001133719,0.002072901,0.0,0.0,0.0
0.44741,0.12,0.282,0.28315,0.01819109,0.003941745,0.001474023,0.002813193,0.01464517,0.001128552,0.002071891,0.0,0.0,0.0
0.44804,0.12,0.283,0.28415,0.01833744,0.003915274,0.001455988,0.002789145,0.01481066,0.001126129,0.002070788,0.0,0.0,0.0
0.44868,0.12,0.284,0.28515,0.01848321,0.003890903,0.001438187,0.002765331,0.01497543,0.001125572,0.00206959,0.0,0.0,0.0
0.44931,0.12,0.285,0.28615,0.01861696,0.003948806,0.001420618,0.002741749,0.01512804,0.001207057,0.002068298,0.0,0.0,0.0
0.44995,0.12,0.286,0.28715,0.01876837,0.00391377,0.001403276,0.002718396,0.01529818,0.001195374,0.002066911,0.0,0.0,0.0
0.45059,0.12,0.287,0.28815,0.0189175,0.003884621,0.00138616,0.002695268,0.01546591,0.001189353,0.002065428,0.0,0.0,0.0
0.45123,0.12,0.288,0.28915,0.01906529,0.003858951,0.001369265,0.002672364,0.01563218,0.001186587,0.002063849,0.0,0.0,0.0
0.45187,0.12,0.289,0.29015,0.0192122,0.003835622,0.001352588,0.00264968,0.01579744,0.001185942,0.002062175,0.0,0.0,0.0
0.45251,0.12,0.29,0.29115,0.01935843,0.003814013,0.001336127,0.002627214,0.0159619,0.0011868,0.002060404,0.0,0.0,0.0
0.45316,0.12,0.291,0.29215,0.01949429,0.003865063,0.001319878,0.002604963,0.01611587,0.001260101,0.002058537,0.0,0.0,0.0
0.4538,0.12,0.292,0.29315,0.01964469,0.003835324,0.001303838,0.002582924,0.01628427,0.0012524,0.002056574,0.0,0.0,0.0
0.45445,0.12,0.293,0.29415,0.01979315,0.003809959,0.001288005,0.002561095,0.01645063,0.001248864,0.002054514,0.0,0.0,0.0
0.4551,0.12,0.294,0.29515,0.01994033,0.003787353,0.001272375,0.002539473,0.0166156,0.001247879,0.002052358,0.0,0.0,0.0
0.45575,0.12,0.295,0.29615,0.02008655,0.003766682,0.001256946,0.002518057,0.01677949,0.001248625,0.002050106,0.0,0.0,0.0
0.4564,0.12,0.296,0.29715,0.02023195,0.003747473,0.001241714,0.002496842,0.01694248,0.001250631,0.002047756,0.0,0.0,0.0
0.45705,0.12,0.297,0.29815,0.02036764,0.003794073,0.001226678,0.002475828,0.01709565,0.001318245,0.002045311,0.0,0.0,0.0
0.4577,0.12,0.298,0.29915,0.02051615,0.003768208,0.001211834,0.002455011,0.01726155,0.001313197,0.002042769,0.0,0.0,0.0
0.45836,0.12,0.299,0.30015,0.02066283,0.003745857,0.001197179,0.00243439,0.01742552,0.001311467,0.002040131,0.0,0.0,0.0
0.45901,0.12,0.3,0.30115,0.02080818,0.003725814,0.001182712,0.002413961,0.01758807,0.001311853,0.002037397,0.0,0.0,0.0
0.45967,0.12,0.301,0.30215,0.02095244,0.003707435,0.001168429,0.002393724,0.01774945,0.001313712,0.002034568,0.0,0.0,0.0
0.46033,0.12,0.302,0.30315,0.02108108,0.003761918,0.001154327,0.002373674,0.01789511,0.001388244,0.002031642,0.0,0.0,0.0
0.46099,0.12,0.303,0.30415,0.02122938,0.003733968,0.001140405,0.002353811,0.01806035,0.001380157,0.002028622,0.0,0.0,0.0
0.46165,0.12,0.304,0.30515,0.02137496,0.003711093,0.00112666,0.002334132,0.01822279,0.001376961,0.002025507,0.0,0.0,0.0
0.46231,0.12,0.305,0.30615,0.02151871,0.003691216,0.001113089,0.002314635,0.01838332,0.001376582,0.002022296,0.0,0.0,0.0
0.46297,0.12,0.306,0.30715,0.02166102,0.003673357,0.00109969,0.002295317,0.01854234,0.00137804,0.002018992,0.0,0.0,0.0
0.46363,0.12,0.307,0.30815,0.02180211,0.003656975,0.001086461,0.002276177,0.01870005,0.001380798,0.002015593,0.0,0.0,0.0
0.4643,0.12,0.308,0.30915,0.02192768,0.00370842,0.001073399,0.002257213,0.01884218,0.001451207,0.002012101,0.0,0.0,0.0
0.46497,0.12,0.309,0.31015,0.02207197,0.003683429,0.001060502,0.002238422,0.01900295,0.001445006,0.002008515,0.0,0.0,0.0
0.46563,0.12,0.31,0.31115,0.02221357,0.003662916,0.001047768,0.002219803,0.01916096,0.001443113,0.002004837,0.0,0.0,0.0
0.4663,0.12,0.311,0.31215,0.02235325,0.003645098,0.001035194,0.002201354,0.01931699,0.001443744,0.002001066,0.0,0.0,0.0
0.46697,0.12,0.312,0.31315,0.02249137,0.003629112,0.001022778,0.002183072,0.01947139,0.001446039,0.001997204,0.0,0.0,0.0
0.46764,0.12,0.313,0.31415,0.02262811,0.003614476,0.001010519,0.002164957,0.01962434,0.00144952,0.001993249,0.0,0.0,0.0
0.46832,0.12,0.314,0.31515,0.02274882,0.003664324,0.0009984131,0.002147005,0.01976121,0.001517319,0.001989204,0.0,0.0,0.0
0.46899,0.12,0.315,0.31615,0.02288822,0.00364144,0.0009864594,0.002129215,0.01991669,0.001512226,0.001985069,0.0,0.0,0.0
0.46966,0.12,0.316,0.31715,0.02302483,0.003622788,0.0009746556,0.002111585,0.02006933,0.001511203,0.001980843,0.0,0.0,0.0
0.47034,0.12,0.317,0.31815,0.02315938,0.003606679,0.0009629995,0.002094114,0.02021985,0.001512565,0.001976528,0.0,0.0,0.0
0.47102,0.12,0.318,0.31915,0.02329222,0.003592294,0.0009514892,0.002076799,0.0203686,0.001515495,0.001972125,0.0,0.0,0.0
0.4717,0.12,0.319,0.32015,0.02342353,0.003579181,0.0009401227,0.00205964,0.02051577,0.001519541,0.001967633,0.0,0.0,0.0
0.47237,0.12,0.32,0.32115,0.02355341,0.00356706,0.0009288981,0.002042633,0.02066146,0.001524426,0.001963053,0.0,0.0,0.0
0.47305,0.12,0.321,0.32215,0.02367142,0.0036072,0.0009178134,0.002025778,0.02079522,0.001581422,0.001958386,0.0,0.0,0.0
0.47374,0.12,0.322,0.32315,0.0238021,0.003589949,0.0009068667,0.002009073,0.0209416,0.001580877,0.001953633,0.0,0.0,0.0
0.47442,0.12,0.323,0.32415,0.02393055,0.003575226,0.0008960562,0.001992516,0.02108569,0.00158271,0.001948795,0.0,0.0,0.0
0.4751,0.12,0.324,0.32515,0.02405712,0.003562193,0.0008853801,0.001976105,0.02122787,0.001586088,0.001943871,0.0,0.0,0.0
0.47579,0.12,0.325,0.32615,0.02418202,0.003550393,0.0008748365,0.001959839,0.02136832,0.001590554,0.001938863,0.0,0.0,0.0
0.47647,0.12,0.326,0.32715,0.02430535,0.003539548,0.0008644237,0.001943717,0.02150715,0.001595831,0.001933771,0.0,0.0,0.0
0.47716,0.12,0.327,0.32815,0.02441541,0.003580102,0.0008541399,0.001927736,0.02163268,0.001652366,0.001928596,0.0,0.0,0.0
0.47785,0.12,0.328,0.32915,0.02453937,0.003563764,0.0008439834,0.001911896,0.02177205,0.001651869,0.001923339,0.0,0.0,0.0
0.47854,0.12,0.329,0.33015,0.02466087,0.003550098,0.0008339524,0.001896194,0.02190892,0.001653905,0.001918,0.0,0.0,0.0
0.47923,0.12,0.33,0.33115,0.02478033,0.003538168,0.0008240454,0.001880629,0.0220437,0.001657539,0.001912581,0.0,0.0,0.0
0.47992,0.12,0.331,0.33215,0.02489796,0.003527477,0.0008142607,0.0018652,0.02217661,0.001662277,0.001907081,0.0,0.0,0.0
0.48061,0.12,0.332,0.33315,0.02501387,0.003517732,0.0008045966,0.001849905,0.02230777,0.001667826,0.001901502,0.0,0.0,0.0
0.48131,0.12,0.333,0.33415,0.02511467,0.0035598,0.0007950515,0.001834743,0.02242378,0.001725056,0.001895844,0.0,0.0,0.0
0.482,0.12,0.334,0.33515,0.02523131,0.003543747,0.0007856239,0.001819713,0.02255558,0.001724034,0.001890109,0.0,0.0,0.0
0.4827,0.12,0.335,0.33615,0.02534518,0.003530757,0.0007763122,0.001804812,0.02268457,0.001725945,0.001884297,0.0,0.0,0.0
0.48339,0.12,0.336,0.33715,0.0254568,0.003519659,0.0007671148,0.00179004,0.02281127,0.001729619,0.001878408,0.0,0.0,0.0
0.48409,0.12,0.337,0.33815,0.02556643,0.003509864,0.0007580303,0.001775395,0.02293596,0.001734469,0.001872444,0.0,0.0,0.0
0.48479,0.12,0.338,0.33915,0.02567422,0.00350104,0.0007490571,0.001760876,0.02305876,0.001740163,0.001866406,0.0,0.0,0.0
0.48549,0.12,0.339,0.34015,0.02578024,0.003492976,0.0007401938,0.001746482,0.02317976,0.001746494,0.001860294,0.0,0.0,0.0
0.48619,0.12,0.34,0.34115,0.02587328,0.003529644,0.000731439,0.001732211,0.02328774,0.001797433,0.001854109,0.0,0.0,0.0
0.4869,0.12,0.341,0.34215,0.02597903,0.003516803,0.0007227912,0.001718061,0.02340839,0.001798742,0.001847852,0.0,0.0,0.0
0.4876,0.12,0.342,0.34315,0.02608227,0.003506203,0.000714249,0.001704033,0.02352649,0.00180217,0.001841524,0.0,0.0,0.0
0.4883,0.12,0.343,0.34415,0.02618334,0.003497062,0.000705811,0.001690124,0.0236424,0.001806939,0.001835126,0.0,0.0,0.0
0.48901,0.12,0.344,0.34515,0.02628243,0.003488966,0.0006974759,0.001676333,0.0237563,0.001812634,0.001828658,0.0,0.0,0.0
0.48971,0.12,0.345,0.34615,0.02637966,0.003481666,0.0006892423,0.001662659,0.02386829,0.001819007,0.001822122,0.0,0.0,0.0
0.49042,0.12,0.346,0.34715,0.02647507,0.003475002,0.0006811089,0.0016491,0.02397844,0.001825901,0.001815518,0.0,0.0,0.0
0.49113,0.12,0.347,0.34815,0.02655874,0.00350808,0.0006730744,0.001635657,0.02407682,0.001872423,0.001808848,0.0,0.0,0.0
0.49184,0.12,0.348,0.34915,0.02665326,0.003497487,0.0006651375,0.001622326,0.02418601,0.00187516,0.001802111,0.0,0.0,0.0
0.49255,0.12,0.349,0.35015,0.02674538,0.003488685,0.0006572969,0.001609108,0.02429277,0.001879577,0.00179531,0.0,0.0,0.0
0.49326,0.12,0.35,0.35115,0.02683537,0.003481089,0.0006495514,0.001596001,0.02439737,0.001885087,0.001788445,0.0,0.0,0.0
0.49397,0.12,0.351,0.35215,0.02692338,0.003474371,0.0006418997,0.001583004,0.02449997,0.001891367,0.001781516,0.0,0.0,0.0
0.49469,0.12,0.352,0.35315,0.02700951,0.003468332,0.0006343406,0.001570116,0.02460064,0.001898216,0.001774526,0.0,0.0,0.0
0.4954,0.12,0.353,0.35415,0.02708121,0.003504975,0.0006268729,0.001557336,0.02468686,0.001947639,0.001767474,0.0,0.0,0.0
0.49612,0.12,0.354,0.35515,0.02716701,0.003493474,0.0006194955,0.001544662,0.02478716,0.001948813,0.001760363,0.0,0.0,0.0
0.49683,0.12,0.355,0.35615,0.02725002,0.003484517,0.0006122071,0.001532094,0.02488462,0.001952423,0.001753192,0.0,0.0,0.0
0.49755,0.12,0.356,0.35715,0.02733069,0.003477104,0.0006050067,0.00151963,0.02497972,0.001957474,0.001745962,0.0,0.0,0.0
0.49827,0.12,0.357,0.35815,0.02740925,0.003470741,0.0005978931,0.00150727,0.02507268,0.001963472,0.001738676,0.0,0.0,0.0
0.49899,0.12,0.358,0.35915,0.02748583,0.003465151,0.0005908651,0.001495012,0.02516363,0.001970139,0.001731332,0.0,0.0,0.0
0.49971,0.12,0.359,0.36015,0.02756052,0.003460161,0.0005839217,0.001482855,0.02525266,0.001977306,0.001723934,0.0,0.0,0.0
0.50043,0.12,0.36,0.36115,0.02762131,0.003494819,0.0005770618,0.001470799,0.02532776,0.00202402,0.001716481,0.0,0.0,0.0
0.50115,0.12,0.361,0.36215,0.02769542,0.003484686,0.0005702843,0.001458843,0.02541616,0.002025843,0.001708974,0.0,0.0,0.0
0.50187,0.12,0.362,0.36315,0.02776678,0.003476913,0.0005635881,0.001446984,0.02550178,0.002029929,0.001701416,0.0,0.0,0.0
0.5026,0.12,0.363,0.36415,0.02783584,0.003470568,0.0005569723,0.001435224,0.02558506,0.002035344,0.001693805,0.0,0.0,0.0
0.50332,0.12,0.364,0.36515,0.02790281,0.00346519,0.0005504357,0.00142356,0.02566623,0.00204163,0.001686144,0.0,0.0,0.0
0.50405,0.12,0.365,0.36615,0.02796781,0.00346052,0.0005439775,0.001411991,0.02574539,0.002048529,0.001678434,0.0,0.0,0.0
0.50478,0.12,0.366,0.36715,0.02803092,0.0034564,0.0005375965,0.001400517,0.02582264,0.002055883,0.001670675,0.0,0.0,0.0
0.5055,0.12,0.367,0.36815,0.02809219,0.003452723,0.0005312918,0.001389137,0.02589803,0.002063586,0.001662869,0.0,0.0,0.0
0.50623,0.12,0.368,0.36915,0.02814265,0.003480893,0.0005250624,0.001377849,0.02596257,0.002103044,0.001655016,0.0,0.0,0.0
0.50696,0.12,0.369,0.37015,0.02820243,0.003473914,0.0005189074,0.001366654,0.0260364,0.00210726,0.001647117,0.0,0.0,0.0
0.50769,0.12,0.37,0.37115,0.0282599,0.003468358,0.0005128258,0.001355549,0.0261079,0.002112809,0.001639174,0.0,0.0,0.0
0.50842,0.12,0.371,0.37215,0.02831529,0.003463748,0.0005068167,0.001344535,0.02617729,0.002119214,0.001631188,0.0,0.0,0.0
0.50916,0.12,0.372,0.37315,0.02836875,0.003459821,0.0005008792,0.00133361,0.02624471,0.002126211,0.001623159,0.0,0.0,0.0
0.50989,0.12,0.373,0.37415,0.02842033,0.003456415,0.0004950124,0.001322773,0.02631023,0.002133642,0.001615088,0.0,0.0,0.0
0.51062,0.12,0.374,0.37515,0.02847011,0.003453427,0.0004892153,0.001312024,0.02637392,0.002141403,0.001606978,0.0,0.0,0.0
0.51136,0.12,0.375,0.37615,0.02850869,0.003481563,0.0004834871,0.001301362,0.02642638,0.002180201,0.001598827,0.0,0.0,0.0
0.5121,0.12,0.376,0.37715,0.02855713,0.003474958,0.000477827,0.001290786,0.02648867,0.002184172,0.001590639,0.0,0.0,0.0
0.51283,0.12,0.377,0.37815,0.02860324,0.003469915,0.000472234,0.001280294,0.02654859,0.002189621,0.001582413,0.0,0.0,0.0
0.51357,0.12,0.378,0.37915,0.02864728,0.003465867,0.0004667073,0.001269887,0.02660642,0.002195979,0.00157415,0.0,0.0,0.0
0.51431,0.12,0.379,0.38015,0.0286894,0.003462514,0.0004612462,0.001259564,0.0266623,0.00220295,0.001565852,0.0,0.0,0.0
0.51505,0.12,0.38,0.38115,0.02872969,0.003459682,0.0004558497,0.001249323,0.02671632,0.002210359,0.00155752,0.0,0.0,0.0
0.51579,0.12,0.381,0.38215,0.02876822,0.00345726,0.000450517,0.001239165,0.02676855,0.002218095,0.001549154,0.0,0.0,0.0
0.51653,0.12,0.382,0.38315,0.02880503,0.003455172,0.0004452474,0.001229087,0.02681902,0.002226085,0.001540757,0.0,0.0,0.0
0.51727,0.12,0.383,0.38415,0.02883227,0.003479724,0.0004400401,0.00121909,0.0268599,0.002260634,0.001532327,0.0,0.0,0.0
0.51802,0.12,0.384,0.38515,0.02886743,0.003474852,0.0004348943,0.001209173,0.02690867,0.002265679,0.001523868,0.0,0.0,0.0
0.51876,0.12,0.385,0.38615,0.0289005,0.003471135,0.0004298092,0.001199334,0.02695531,0.002271801,0.001515379,0.0,0.0,0.0
0.5195,0.12,0.386,0.38715,0.02893168,0.003468187,0.0004247841,0.001189574,0.02700003,0.002278612,0.001506862,0.0,0.0,0.0
0.52025,0.12,0.387,0.38815,0.02896107,0.003465791,0.0004198182,0.001179891,0.02704293,0.002285899,0.001498318,0.0,0.0,0.0
0.521,0.12,0.388,0.38915,0.02898875,0.003463818,0.0004149108,0.001170286,0.02708409,0.002293532,0.001489747,0.0,0.0,0.0
0.52174,0.12,0.389,0.39015,0.02901478,0.003462183,0.0004100611,0.001160756,0.02712356,0.002301427,0.001481151,0.0,0.0,0.0
0.52249,0.12,0.39,0.39115,0.02903918,0.003460826,0.0004052685,0.001151301,0.02716138,0.002309525,0.001472531,0.0,0.0,0.0
0.52324,0.12,0.391,0.39215,0.02905504,0.003483028,0.0004005322,0.001141922,0.02719062,0.002341106,0.001463888,0.0,0.0,0.0
0.52399,0.12,0.392,0.39315,0.02907773,0.003479322,0.0003958515,0.001132616,0.02722665,0.002346706,0.001455222,0.0,0.0,0.0
0.52474,0.12,0.393,0.39415,0.0290985,0.003476566,0.0003912258,0.001123384,0.02726074,0.002353182,0.001446535,0.0,0.0,0.0
0.52549,0.12,0.394,0.39515,0.02911753,0.003474452,0.0003866543,0.001114224,0.02729305,0.002360228,0.001437828,0.0,0.0,0.0
0.52625,0.12,0.395,0.39615,0.02913491,0.003472808,0.0003821365,0.001105137,0.02732367,0.002367672,0.001429102,0.0,0.0,0.0
0.527,0.12,0.396,0.39715,0.0291507,0.003471527,0.0003776715,0.00109612,0.02735267,0.002375406,0.001420357,0.0,0.0,0.0
0.52775,0.12,0.397,0.39815,0.02916495,0.003470537,0.0003732589,0.001087175,0.0273801,0.002383362,0.001411596,0.0,0.0,0.0
0.52851,0.12,0.398,0.39915,0.02917769,0.003469789,0.0003688979,0.0010783,0.02740598,0.002391489,0.001402817,0.0,0.0,0.0
0.52926,0.12,0.399,0.40015,0.02918252,0.00349048,0.0003645879,0.001069494,0.02742391,0.002420986,0.001394024,0.0,0.0,0.0
0.53002,0.12,0.4,0.40115,0.02919363,0.003487575,0.0003603282,0.001060757,0.02744809,0.002426819,0.001385216,0.0,0.0,0.0
0.53078,0.12,0.401,0.40215,0.02920298,0.00348553,0.0003561184,0.001052088,0.02747047,0.002433442,0.001376395,0.0,0.0,0.0
0.53154,0.12,0.402,0.40315,0.02921073,0.003484066,0.0003519576,0.001043487,0.02749121,0.002440579,0.001367561,0.0,0.0,0.0
0.53229,0.12,0.403,0.40415,0.02921695,0.003483026,0.0003478454,0.001034953,0.02751039,0.002448073,0.001358716,0.0,0.0,0.0
0.53305,0.12,0.404,0.40515,0.02922171,0.003482313,0.0003437812,0.001026485,0.02752807,0.002455828,0.001349861,0.0,0.0,0.0
0.53381,0.12,0.405,0.40615,0.02922505,0.003481863,0.0003397643,0.001018084,0.02754429,0.00246378,0.001340996,0.0,0.0,0.0
0.53458,0.12,0.406,0.40715,0.02922702,0.003481633,0.0003357942,0.001009747,0.0275591,0.002471886,0.001332122,0.0,0.0,0.0
0.53534,0.12,0.407,0.40815,0.02922139,0.003501524,0.0003318704,0.001001475,0.02756628,0.002500048,0.001323241,0.0,0.0,0.0
0.5361,0.12,0.408,0.40915,0.02922193,0.003499132,0.0003279921,0.0009932679,0.02757958,0.002505864,0.001314353,0.0,0.0,0.0
0.53686,0.12,0.409,0.41015,0.02922084,0.003497602,0.000324159,0.0009851239,0.02759122,0.002512478,0.001305459,0.0,0.0,0.0
0.53763,0.12,0.41,0.41115,0.02921827,0.003496642,0.0003203704,0.000977043,0.02760134,0.002519599,0.001296561,0.0,0.0,0.0
0.53839,0.12,0.411,0.41215,0.02921431,0.003496092,0.0003166258,0.0009690245,0.02761003,0.002527068,0.001287658,0.0,0.0,0.0
0.53916,0.12,0.412,0.41315,0.02920902,0.003495856,0.0003129247,0.000961068,0.02761734,0.002534788,0.001278753,0.0,0.0,0.0
0.53993,0.12,0.413,0.41415,0.02920245,0.003495869,0.0003092665,0.000953173,0.02762333,0.002542696,0.001269845,0.0,0.0,0.0
0.54069,0.12,0.414,0.41515,0.02919463,0.00349609,0.0003056507,0.0009453388,0.02762804,0.002550751,0.001260937,0.0,0.0,0.0
0.54146,0.12,0.415,0.41615,0.02917919,0.003515964,0.0003020769,0.0009375649,0.02762508,0.002578399,0.001252028,0.0,0.0,0.0
0.54223,0.12,0.416,0.41715,0.02917029,0.003513772,0.0002985444,0.0009298509,0.02762863,0.002583921,0.001243119,0.0,0.0,0.0
0.543,0.12,0.417,0.41815,0.02915985,0.003512567,0.0002950529,0.0009221962,0.02763058,0.002590371,0.001234212,0.0,0.0,0.0
0.54377,0.12,0.418,0.41915,0.02914803,0.003511982,0.0002916017,0.0009146004,0.02763112,0.002597382,0.001225308,0.0,0.0,0.0
0.54454,0.12,0.419,0.42015,0.02913495,0.003511827,0.0002881905,0.0009070629,0.02763035,0.002604765,0.001216406,0.0,0.0,0.0
0.54531,0.12,0.42,0.42115,0.02912067,0.003511993,0.0002848187,0.0008995832,0.02762834,0.00261241,0.001207509,0.0,0.0,0.0
0.54609,0.12,0.421,0.42215,0.02910524,0.003512411,0.0002814858,0.0008921608,0.02762513,0.00262025,0.001198617,0.0,0.0,0.0
0.54686,0.12,0.422,0.42315,0.0290887,0.003513035,0.0002781915,0.0008847953,0.02762077,0.002628239,0.001189731,0.0,0.0,0.0
0.54763,0.12,0.423,0.42415,0.02907108,0.003513832,0.0002749352,0.0008774861,0.02761529,0.002636346,0.001180851,0.0,0.0,0.0
0.54841,0.12,0.424,0.42515,0.02904697,0.003531585,0.0002717164,0.0008702328,0.02760327,0.002661352,0.001171979,0.0,0.0,0.0
0.54918,0.12,0.425,0.42615,0.02902834,0.003530441,0.0002685348,0.000863035,0.02759669,0.002667406,0.001163115,0.0,0.0,0.0
0.54996,0.12,0.426,0.42715,0.02900842,0.003530075,0.0002653898,0.0008558921,0.02758877,0.002674183,0.00115426,0.0,0.0,0.0
0.55074,0.12,0.427,0.42815,0.02898734,0.003530215,0.0002622811,0.0008488037,0.02757964,0.002681411,0.001145415,0.0,0.0,0.0
0.55152,0.12,0.428,0.42915,0.02896518,0.003530714,0.0002592082,0.0008417694,0.02756939,0.002688945,0.001136581,0.0,0.0,0.0
0.55229,0.12,0.429,0.43015,0.02894201,0.003531487,0.0002561706,0.0008347886,0.02755808,0.002696698,0.001127759,0.0,0.0,0.0
0.55307,0.12,0.43,0.43115,0.02891786,0.003532477,0.000253168,0.000827861,0.02754574,0.002704616,0.001118949,0.0,0.0,0.0
0.55385,0.12,0.431,0.43215,0.02889276,0.003533649,0.0002502,0.0008209861,0.02753241,0.002712663,0.001110152,0.0,0.0,0.0
0.55463,0.12,0.432,0.43315,0.02886676,0.003534975,0.0002472661,0.0008141634,0.02751812,0.002720812,0.001101369,0.0,0.0,0.0
0.55542,0.12,0.433,0.43415,0.02883494,0.003551572,0.0002443658,0.0008073926,0.02749797,0.002744179,0.001092601,0.0,0.0,0.0
0.5562,0.12,0.434,0.43515,0.02880814,0.003551144,0.0002414989,0.0008006732,0.0274828,0.002750471,0.001083848,0.0,0.0,0.0
0.55698,0.12,0.435,0.43615,0.02878024,0.003551425,0.0002386649,0.0007940048,0.02746646,0.00275742,0.001075111,0.0,0.0,0.0
0.55776,0.12,0.436,0.43715,0.02875135,0.003552166,0.0002358635,0.0007873869,0.0274491,0.002764779,0.001066392,0.0,0.0,0.0
0.55855,0.12,0.437,0.43815,0.02872157,0.003553236,0.0002330941,0.0007808192,0.02743078,0.002772417,0.00105769,0.0,0.0,0.0
0.55933,0.12,0.438,0.43915,0.02869093,0.003554558,0.0002303566,0.0007743012,0.02741157,0.002780257,0.001049006,0.0,0.0,0.0
0.56012,0.12,0.439,0.44015,0.02865948,0.003556082,0.0002276504,0.0007678326,0.02739149,0.00278825,0.001040342,0.0,0.0,0.0
0.5609,0.12,0.44,0.44115,0.02862726,0.003557777,0.0002249752,0.0007614129,0.02737059,0.002796364,0.001031697,0.0,0.0,0.0
0.56169,0.12,0.441,0.44215,0.02859428,0.003559617,0.0002223306,0.0007550417,0.02734888,0.002804576,0.001023073,0.0,0.0,0.0
0.56248,0.12,0.442,0.44315,0.02856058,0.003561588,0.0002197164,0.0007487186,0.0273264,0.002812869,0.00101447,0.0,0.0,0.0
0.56327,0.12,0.443,0.44415,0.02852238,0.003575911,0.0002171321,0.0007424433,0.02729936,0.002833468,0.001005889,0.0,0.0,0.0
0.56406,0.12,0.444,0.44515,0.02848796,0.003576703,0.0002145773,0.0007362154,0.02727605,0.002840487,0.0009973311,0.0,0.0,0.0
0.56485,0.12,0.445,0.44615,0.02845272,0.003577967,0.0002120517,0.0007300345,0.02725187,0.002847932,0.0009887959,0.0,0.0,0.0
0.56564,0.12,0.446,0.44715,0.02841673,0.003579562,0.0002095551,0.0007239001,0.02722689,0.002855662,0.0009802846,0.0,0.0,0.0
0.56643,0.12,0.447,0.44815,0.02838005,0.003581409,0.0002070869,0.000717812,0.02720116,0.002863597,0.0009717979,0.0,0.0,0.0
0.56722,0.12,0.448,0.44915,0.02834271,0.003583458,0.000204647,0.0007117697,0.02717473,0.002871688,0.0009633363,0.0,0.0,0.0
0.56801,0.12,0.449,0.45015,0.02830475,0.003585675,0.0002022349,0.000705773,0.02714761,0.002879902,0.0009549006,0.0,0.0,0.0
0.5688,0.12,0.45,0.45115,0.0282662,0.003588038,0.0001998504,0.0006998213,0.02711985,0.002888217,0.0009464912,0.0,0.0,0.0
0.5696,0.12,0.451,0.45215,0.02822707,0.003590532,0.0001974931,0.0006939144,0.02709147,0.002896617,0.0009381088,0.0,0.0,0.0
0.57039,0.12,0.452,0.45315,0.02818352,0.003605112,0.0001951626,0.000688052,0.0270586,0.00291706,0.0009297541,0.0,0.0,0.0
0.57119,0.12,0.453,0.45415,0.02814403,0.003606264,0.0001928588,0.0006822335,0.02702974,0.00292403,0.0009214275,0.0,0.0,0.0
0.57198,0.12,0.454,0.45515,0.02810383,0.003607977,0.0001905812,0.0006764588,0.02700012,0.002931519,0.0009131298,0.0,0.0,0.0
0.57278,0.12,0.455,0.45615,0.02806302,0.003610066,0.0001883296,0.0006707275,0.02696983,0.002939339,0.0009048614,0.0,0.0,0.0
0.57357,0.12,0.456,0.45715,0.02802166,0.00361243,0.0001861037,0.0006650392,0.02693894,0.002947391,0.0008966229,0.0,0.0,0.0
0.57437,0.12,0.457,0.45815,0.02797979,0.00361501,0.0001839031,0.0006593935,0.02690747,0.002955616,0.0008884148,0.0,0.0,0.0
0.57517,0.12,0.458,0.45915,0.02793744,0.003617768,0.0001817276,0.0006537902,0.02687548,0.002963978,0.0008802378,0.0,0.0,0.0
0.57597,0.12,0.459,0.46015,0.02789464,0.003620681,0.0001795768,0.000648229,0.02684297,0.002972452,0.0008720923,0.0,0.0,0.0
0.57677,0.12,0.46,0.46115,0.02785141,0.00362373,0.0001774506,0.0006427094,0.02680998,0.002981021,0.0008639788,0.0,0.0,0.0
0.57757,0.12,0.461,0.46215,0.02780778,0.003626904,0.0001753485,0.0006372311,0.02677653,0.002989672,0.0008558979,0.0,0.0,0.0
0.57837,0.12,0.462,0.46315,0.02776034,0.003640774,0.0001732703,0.0006317939,0.02673922,0.00300898,0.0008478501,0.0,0.0,0.0
0.57917,0.12,0.463,0.46415,0.02771657,0.003642796,0.0001712158,0.0006263974,0.02670552,0.003016398,0.0008398358,0.0,0.0,0.0
0.57997,0.12,0.464,0.46515,0.02767228,0.00364532,0.0001691847,0.0006210413,0.02667124,0.003024279,0.0008318555,0.0,0.0,0.0
0.58077,0.12,0.465,0.46615,0.02762755,0.003648187,0.0001671766,0.0006157253,0.02663646,0.003032461,0.0008239098,0.0,0.0,0.0
0.58157,0.12,0.466,0.46715,0.02758243,0.003651308,0.0001651913,0.0006104491,0.02660124,0.003040859,0.0008159991,0.0,0.0,0.0
0.58238,0.12,0.467,0.46815,0.02753696,0.003654635,0.0001632286,0.0006052123,0.02656561,0.003049422,0.0008081237,0.0,0.0,0.0
0.58318,0.12,0.468,0.46915,0.02749117,0.003658133,0.0001612883,0.0006000147,0.0265296,0.003058119,0.0008002843,0.0,0.0,0.0
0.58399,0.12,0.469,0.47015,0.02744508,0.003661783,0.0001593699,0.0005948559,0.02649323,0.003066927,0.0007924812,0.0,0.0,0.0
0.58479,0.12,0.47,0.47115,0.02739872,0.003665569,0.0001574733,0.0005897357,0.02645653,0.003075834,0.0007847148,0.0,0.0,0.0
0.5856,0.12,0.471,0.47215,0.02735211,0.003669481,0.0001555983,0.0005846538,0.02641952,0.003084828,0.0007769855,0.0,0.0,0.0
0.58641,0.12,0.472,0.47315,0.02730525,0.003673511,0.0001537445,0.0005796098,0.02638221,0.003093901,0.0007692938,0.0,0.0,0.0
0.58721,0.12,0.473,0.47415,0.02725555,0.00368616,0.0001519118,0.0005746035,0.026342,0.003111556,0.0007616401,0.0,0.0,0.0
0.58802,0.12,0.474,0.47515,0.02720869,0.003689451,0.0001500999,0.0005696346,0.02630457,0.003119817,0.0007540247,0.0,0.0,0.0
0.58883,0.12,0.475,0.47615,0.02716154,0.003693098,0.0001483085,0.0005647029,0.02626678,0.003128395,0.000746448,0.0,0.0,0.0
0.58964,0.12,0.476,0.47715,0.02711414,0.003697007,0.0001465375,0.0005598079,0.02622869,0.003137199,0.0007389103,0.0,0.0,0.0
0.59045,0.12,0.477,0.47815,0.02706654,0.003701126,0.0001447865,0.0005549494,0.02619034,0.003146177,0.0007314122,0.0,0.0,0.0
0.59126,0.12,0.478,0.47915,0.02701875,0.003705424,0.0001430554,0.0005501273,0.02615174,0.003155297,0.0007239538,0.0,0.0,0.0
0.59207,0.12,0.479,0.48015,0.02697081,0.003709879,0.0001413439,0.0005453411,0.02611293,0.003164537,0.0007165355,0.0,0.0,0.0
0.59288,0.12,0.48,0.48115,0.02692272,0.003714476,0.0001396518,0.0005405906,0.02607391,0.003173885,0.0007091577,0.0,0.0,0.0
0.59369,0.12,0.481,0.48215,0.02687452,0.003719206,0.0001379788,0.0005358756,0.02603472,0.003183331,0.0007018206,0.0,0.0,0.0
0.5945,0.12,0.482,0.48315,0.0268262,0.003724062,0.0001363249,0.0005311958,0.02599535,0.003192866,0.0006945247,0.0,0.0,0.0
0.59532,0.12,0.483,0.48415,0.0267778,0.003729037,0.0001346896,0.0005265509,0.02595584,0.003202486,0.0006872701,0.0,0.0,0.0
0.59613,0.12,0.484,0.48515,0.02672713,0.003741369,0.0001330729,0.0005219406,0.025914,0.003219429,0.0006800572,0.0,0.0,0.0
0.59694,0.12,0.485,0.48615,0.02667901,0.003745798,0.0001314745,0.0005173647,0.02587465,0.003228433,0.0006728862,0.0,0.0,0.0
0.59776,0.12,0.486,0.48715,0.02663088,0.003750531,0.0001298943,0.000512823,0.02583523,0.003237708,0.0006657575,0.0,0.0,0.0
0.59857,0.12,0.487,0.48815,0.02658247,0.003755501,0.0001283319,0.0005083151,0.02579547,0.003247186,0.0006586713,0.0,0.0,0.0
0.59939,0.12,0.488,0.48915,0.02653397,0.003760669,0.0001267872,0.0005038409,0.02575556,0.003256828,0.0006516278,0.0,0.0,0.0
0.60021,0.12,0.489,0.49015,0.02648543,0.003766009,0.0001252599,0.0004994,0.02571554,0.003266609,0.0006446273,0.0,0.0,0.0
0.60102,0.12,0.49,0.49115,0.02643698,0.003771494,0.00012375,0.0004949923,0.02567556,0.003276501,0.0006376701,0.0,0.0,0.0
0.60184,0.12,0.491,0.49215,0.02638868,0.003777128,0.0001222572,0.0004906174,0.02563567,0.003286511,0.0006307563,0.0,0.0,0.0
0.60266,0.12,0.492,0.49315,0.02634012,0.003782901,0.0001207812,0.0004862752,0.02559545,0.003296626,0.0006238861,0.0,0.0,0.0
0.60348,0.12,0.493,0.49415,0.02629157,0.003788806,0.000119322,0.0004819653,0.02555519,0.003306841,0.0006170599,0.0,0.0,0.0
0.6043,0.12,0.494,0.49515,0.02624317,0.003794833,0.0001178793,0.0004776877,0.02551502,0.003317145,0.0006102777,0.0,0.0,0.0
0.60512,0.12,0.495,0.49615,0.02619277,0.003807458,0.0001164529,0.0004734419,0.02547278,0.003334016,0.0006035399,0.0,0.0,0.0
0.60594,0.12,0.496,0.49715,0.026145,0.003813027,0.0001150426,0.0004692278,0.02543311,0.003343799,0.0005968465,0.0,0.0,0.0
0.60676,0.12,0.497,0.49815,0.02609689,0.003818897,0.0001136483,0.0004650452,0.02539304,0.003353852,0.0005901977,0.0,0.0,0.0
0.60758,0.12,0.498,0.49915,0.0260488,0.003825004,0.0001122698,0.0004608937,0.02535293,0.00336411,0.0005835937,0.0,0.0,0.0
0.6084,0.12,0.499,0.50015,0.02600092,0.003831301,0.0001109069,0.0004567733,0.02531298,0.003374528,0.0005770347,0.0,0.0,0.0
0.60922,0.12,0.5,0.50115,0.02595298,0.003837777,0.0001095594,0.0004526836,0.0252729,0.003385093,0.0005705208,0.0,0.0,0.0
0.61004,0.12,0.501,0.50215,0.02590553,0.003844416,0.0001082271,0.0004486245,0.02523325,0.003395792,0.0005640521,0.0,0.0,0.0
0.61087,0.12,0.502,0.50315,0.02585777,0.003851211,0.0001069099,0.0004445956,0.02519323,0.003406616,0.0005576288,0.0,0.0,0.0
0.61169,0.12,0.503,0.50415,0.02581012,0.003858153,0.0001056076,0.0004405969,0.02515326,0.003417557,0.0005512511,0.0,0.0,0.0
0.61252,0.12,0.504,0.50515,0.0257628,0.003865223,0.0001043201,0.000436628,0.02511356,0.003428595,0.0005449189,0.0,0.0,0.0
0.61334,0.12,0.505,0.50615,0.02571543,0.003872434,0.0001030471,0.0004326888,0.02507375,0.003439745,0.0005386325,0.0,0.0,0.0
0.61417,0.12,0.506,0.50715,0.02566872,0.003879782,0.0001017885,0.000428779,0.02503454,0.003451003,0.0005323919,0.0,0.0,0.0
0.61499,0.12,0.507,0.50815,0.02562007,0.003892663,0.0001005442,0.0004248984,0.02499333,0.003467764,0.0005261972,0.0,0.0,0.0
0.61582,0.12,0.508,0.50915,0.02557338,0.003899741,9.931395e-05,0.0004210468,0.02495402,0.003478694,0.0005200485,0.0,0.0,0.0
0.61665,0.12,0.509,0.51015,0.02552707,0.003907062,9.809761e-05,0.0004172241,0.02491503,0.003489838,0.0005139459,0.0,0.0,0.0
0.61747,0.12,0.51,0.51115,0.02548069,0.003914606,9.689504e-05,0.0004134299,0.02487591,0.003501176,0.0005078894,0.0,0.0,0.0
0.6183,0.12,0.511,0.51215,0.0254351,0.003922344,9.570608e-05,0.0004096641,0.02483751,0.00351268,0.0005018791,0.0,0.0,0.0
0.61913,0.12,0.512,0.51315,0.02538905,0.003930263,9.453057e-05,0.0004059265,0.0247986,0.003524337,0.0004959151,0.0,0.0,0.0
0.61996,0.12,0.513,0.51415,0.02534319,0.00393835,9.336837e-05,0.0004022168,0.02475983,0.003536133,0.0004899974,0.0,0.0,0.0
0.62079,0.12,0.514,0.51515,0.02529784,0.003946575,9.221932e-05,0.000398535,0.0247215,0.00354804,0.000484126,0.0,0.0,0.0
0.62162,0.12,0.515,0.51615,0.02525244,0.003954961,9.108328e-05,0.0003948807,0.02468305,0.00356008,0.000478301,0.0,0.0,0.0
0.62245,0.12,0.516,0.51715,0.02520801,0.003963499,8.99601e-05,0.0003912538,0.02464553,0.003572245,0.0004725224,0.0,0.0,0.0
0.62328,0.12,0.517,0.51815,0.02516304,0.003972191,8.884964e-05,0.0003876541,0.0246074,0.003584537,0.0004667902,0.0,0.0,0.0
0.62411,0.12,0.518,0.51915,0.02511831,0.003981033,8.775176e-05,0.0003840813,0.02456946,0.003596952,0.0004611044,0.0,0.0,0.0
0.62495,0.12,0.519,0.52015,0.02507281,0.003994749,8.66663e-05,0.0003805354,0.02453068,0.003614213,0.0004554651,0.0,0.0,0.0
0.62578,0.12,0.52,0.52115,0.02502882,0.004003384,8.559314e-05,0.0003770161,0.02449336,0.003626368,0.0004498721,0.0,0.0,0.0
0.62661,0.12,0.521,0.52215,0.02498597,0.004012282,8.453214e-05,0.0003735231,0.02445711,0.003638759,0.0004443255,0.0,0.0,0.0
0.62744,0.12,0.522,0.52315,0.02494241,0.004021409,8.348316e-05,0.0003700564,0.0244201,0.003651352,0.0004388254,0.0,0.0,0.0
0.62828,0.12,0.523,0.52415,0.0248991,0.004030738,8.244606e-05,0.0003666158,0.02438328,0.003664122,0.0004333715,0.0,0.0,0.0
0.62911,0.12,0.524,0.52515,0.02485647,0.004040232,8.142072e-05,0.000363201,0.02434708,0.003677031,0.000427964,0.0,0.0,0.0
0.62995,0.12,0.525,0.52615,0.02481378,0.004049897,8.0407e-05,0.0003598118,0.02431077,0.003690085,0.0004226028,0.0,0.0,0.0
0.63078,0.12,0.526,0.52715,0.02477244,0.004059741,7.940477e-05,0.0003564482,0.02427575,0.003703293,0.0004172878,0.0,0.0,0.0
0.63162,0.12,0.527,0.52815,0.02473028,0.004069759,7.841391e-05,0.0003531099,0.02423985,0.003716649,0.000412019,0.0,0.0,0.0
0.63246,0.12,0.528,0.52915,0.02468841,0.004079945,7.743428e-05,0.0003497967,0.02420418,0.003730149,0.0004067963,0.0,0.0,0.0
0.63329,0.12,0.529,0.53015,0.02464685,0.004090297,7.646577e-05,0.0003465084,0.02416877,0.003743789,0.0004016197,0.0,0.0,0.0
0.63413,0.12,0.53,0.53115,0.02460616,0.004100752,7.550824e-05,0.0003432449,0.02413416,0.003757507,0.0003964891,0.0,0.0,0.0
0.63497,0.12,0.531,0.53215,0.02456527,0.004115847,7.456158e-05,0.0003400061,0.02409931,0.003775841,0.0003914044,0.0,0.0,0.0
0.63581,0.12,0.532,0.53315,0.02452491,0.004126166,7.362566e-05,0.0003367916,0.02406492,0.003789374,0.0003863655,0.0,0.0,0.0
0.63664,0.12,0.533,0.53415,0.02448479,0.00413678,7.270037e-05,0.0003336015,0.02403072,0.003803178,0.0003813723,0.0,0.0,0.0
0.63748,0.12,0.534,0.53515,0.02444498,0.00414764,7.178559e-05,0.0003304354,0.02399677,0.003817205,0.0003764249,0.0,0.0,0.0
0.63832,0.12,0.535,0.53615,0.02440613,0.00415866,7.08812e-05,0.0003272932,0.02396373,0.003831367,0.0003715229,0.0,0.0,0.0
0.63916,0.12,0.536,0.53715,0.02436841,0.004169909,6.998708e-05,0.0003241748,0.02393176,0.003845734,0.0003666665,0.0,0.0,0.0
0.64,0.12,0.537,0.53815,0.02432983,0.004181357,6.910313e-05,0.00032108,0.02389887,0.003860277,0.0003618553,0.0,0.0,0.0
0.64085,0.12,0.538,0.53915,0.02429136,0.004193002,6.822922e-05,0.0003180085,0.02386604,0.003874993,0.0003570894,0.0,0.0,0.0
0.64169,0.12,0.539,0.54015,0.02425324,0.004204834,6.736525e-05,0.0003149604,0.0238335,0.003889874,0.0003523686,0.0,0.0,0.0
0.64253,0.12,0.54,0.54115,0.02421619,0.004216799,6.651111e-05,0.0003119353,0.02380199,0.003904864,0.0003476927,0.0,0.0,0.0
0.64337,0.12,0.541,0.54215,0.02417889,0.004228944,6.566669e-05,0.0003089332,0.02377016,0.003920011,0.0003430617,0.0,0.0,0.0
0.64421,0.12,0.542,0.54315,0.02414381,0.004241277,6.483187e-05,0.0003059539,0.0237405,0.003935324,0.0003384754,0.0,0.0,0.0
0.64506,0.12,0.543,0.54415,0.02410717,0.0042538,6.400656e-05,0.0003029972,0.02370923,0.003950803,0.0003339337,0.0,0.0,0.0
0.6459,0.12,0.544,0.54515,0.02407089,0.004266506,6.319065e-05,0.0003000629,0.02367826,0.003966443,0.0003294364,0.0,0.0,0.0
0.64675,0.12,0.545,0.54615,0.02403403,0.004282882,6.238404e-05,0.000297151,0.02364666,0.003985731,0.0003249834,0.0,0.0,0.0
0.64759,0.12,0.546,0.54715,0.02399957,0.004295518,6.158662e-05,0.0002942612,0.02361741,0.004001257,0.0003205745,0.0,0.0,0.0
0.64844,0.12,0.547,0.54815,0.02396677,0.004308457,6.079829e-05,0.0002913934,0.02358976,0.004017064,0.0003162095,0.0,0.0,0.0
0.64928,0.12,0.548,0.54915,0.02393226,0.004321637,6.001895e-05,0.0002885475,0.02356035,0.004033089,0.0003118883,0.0,0.0,0.0
0.65013,0.12,0.549,0.55015,0.02389799,0.004335043,5.92485e-05,0.0002857232,0.02353113,0.00404932,0.0003076108,0.0,0.0,0.0
0.65097,0.12,0.55,0.55115,0.02386411,0.004348664,5.848685e-05,0.0002829205,0.02350225,0.004065743,0.0003033767,0.0,0.0,0.0
0.65182,0.12,0.551,0.55215,0.02383164,0.004362415,5.773389e-05,0.0002801392,0.02347472,0.004082275,0.0002991859,0.0,0.0,0.0
0.65267,0.12,0.552,0.55315,0.02379867,0.004376369,5.698953e-05,0.0002773792,0.02344664,0.00409899,0.0002950382,0.0,0.0,0.0
0.65352,0.12,0.553,0.55415,0.0237687,0.004390533,5.625368e-05,0.0002746403,0.02342152,0.004115893,0.0002909334,0.0,0.0,0.0
0.65436,0.12,0.554,0.55515,0.02373645,0.00440491,5.552625e-05,0.0002719223,0.02339405,0.004132988,0.0002868713,0.0,0.0,0.0
0.65521,0.12,0.555,0.55615,0.02370457,0.00441949,5.480713e-05,0.0002692252,0.02336691,0.004150265,0.0002828518,0.0,0.0,0.0
0.65606,0.12,0.556,0.55715,0.02367311,0.00443427,5.409624e-05,0.0002665487,0.02334014,0.004167722,0.0002788745,0.0,0.0,0.0
0.65691,0.12,0.557,0.55815,0.02364333,0.004449116,5.339349e-05,0.0002638928,0.023315,0.004185224,0.0002749395,0.0,0.0,0.0
0.65776,0.12,0.558,0.55915,0.02361453,0.004467516,5.269879e-05,0.0002612572,0.02329079,0.004206258,0.0002710463,0.0,0.0,0.0
0.65861,0.12,0.559,0.56015,0.02358496,0.004482464,5.201205e-05,0.000258642,0.02326575,0.004223822,0.0002671949,0.0,0.0,0.0
0.65946,0.12,0.56,0.56115,0.02355527,0.004497714,5.133318e-05,0.0002560468,0.02324055,0.004241667,0.000263385,0.0,0.0,0.0
0.66031,0.12,0.561,0.56215,0.02352597,0.004513227,5.06621e-05,0.0002534717,0.02321569,0.004259756,0.0002596164,0.0,0.0,0.0
0.66116,0.12,0.562,0.56315,0.02349812,0.004528945,4.999872e-05,0.0002509163,0.02319223,0.004278029,0.0002558889,0.0,0.0,0.0
0.66202,0.12,0.563,0.56415,0.02347014,0.004544783,4.934295e-05,0.0002483807,0.0231686,0.004296402,0.0002522023,0.0,0.0,0.0
0.66287,0.12,0.564,0.56515,0.02344576,0.004560904,4.869472e-05,0.0002458647,0.02314851,0.004315039,0.0002485563,0.0,0.0,0.0
0.66372,0.12,0.565,0.56615,0.02341827,0.00457726,4.805394e-05,0.0002433681,0.02312526,0.004333892,0.0002449508,0.0,0.0,0.0
0.66457,0.12,0.566,0.56715,0.02339105,0.004593845,4.742053e-05,0.0002408909,0.02310225,0.004352955,0.0002413854,0.0,0.0,0.0
0.66543,0.12,0.567,0.56815,0.02336427,0.004610652,4.679441e-05,0.0002384328,0.02307962,0.00437222,0.0002378601,0.0,0.0,0.0
0.66628,0.12,0.568,0.56915,0.02333949,0.004627564,4.61755e-05,0.0002359938,0.02305894,0.004391571,0.0002343744,0.0,0.0,0.0
0.66714,0.12,0.569,0.57015,0.0233138,0.004644672,4.556372e-05,0.0002335737,0.02303731,0.004411098,0.0002309282,0.0,0.0,0.0
0.66799,0.12,0.57,0.57115,0.02329265,0.00466202,4.495899e-05,0.0002311724,0.02302017,0.004430847,0.0002275214,0.0,0.0,0.0
0.66885,0.12,0.571,0.57215,0.02326767,0.004679605,4.436123e-05,0.0002287898,0.02299915,0.004450815,0.0002241535,0.0,0.0,0.0
0.6697,0.12,0.572,0.57315,0.02324303,0.004697416,4.377038e-05,0.0002264257,0.02297844,0.00447099,0.0002208244,0.0,0.0,0.0
0.67056,0.12,0.573,0.57415,0.02321813,0.00471811,4.318635e-05,0.0002240801,0.02295741,0.00449403,0.0002175338,0.0,0.0,0.0
0.67141,0.12,0.574,0.57515,0.02319636,0.004735944,4.260907e-05,0.0002217528,0.02293947,0.004514191,0.0002142816,0.0,0.0,0.0
0.67227,0.12,0.575,0.57615,0.02317332,0.004754075,4.203846e-05,0.0002194436,0.02292021,0.004534631,0.0002110673,0.0,0.0,0.0
0.67313,0.12,0.576,0.57715,0.02315554,0.00477248,4.147446e-05,0.0002171525,0.02290617,0.004555328,0.0002078909,0.0,0.0,0.0
0.67399,0.12,0.577,0.57815,0.0231332,0.004791161,4.091698e-05,0.0002148794,0.02288753,0.004576281,0.000204752,0.0,0.0,0.0
0.67484,0.12,0.578,0.57915,0.02311121,0.004810094,4.036597e-05,0.000212624,0.0228692,0.00459747,0.0002016504,0.0,0.0,0.0
0.6757,0.12,0.579,0.58015,0.02308968,0.004829271,3.982135e-05,0.0002103864,0.02285127,0.004618885,0.0001985858,0.0,0.0,0.0
0.67656,0.12,0.58,0.58115,0.02307079,0.004848483,3.928304e-05,0.0002081663,0.02283594,0.004640316,0.000195558,0.0,0.0,0.0
0.67742,0.12,0.581,0.58215,0.02305033,0.004867969,3.875099e-05,0.0002059637,0.02281901,0.004662005,0.0001925666,0.0,0.0,0.0
0.67828,0.12,0.582,0.58315,0.02303591,0.004887702,3.822512e-05,0.0002037785,0.02280807,0.004683924,0.0001896116,0.0,0.0,0.0
0.67914,0.12,0.583,0.58415,0.02301616,0.0049077,3.770537e-05,0.0002016104,0.02279176,0.004706089,0.0001866925,0.0,0.0,0.0
0.68,0.12,0.584,0.58515,0.02299677,0.004927943,3.719167e-05,0.0001994595,0.02277577,0.004728483,0.0001838091,0.0,0.0,0.0
0.68086,0.12,0.585,0.58615,0.02297783,0.004948425,3.668395e-05,0.0001973256,0.02276019,0.004751099,0.0001809612,0.0,0.0,0.0
0.68172,0.12,0.586,0.58715,0.02296184,0.004968917,3.618214e-05,0.0001952086,0.02274751,0.004773709,0.0001781485,0.0,0.0,0.0
0.68258,0.12,0.587,0.58815,0.02294404,0.004989673,3.56862e-05,0.0001931084,0.02273298,0.004796565,0.0001753707,0.0,0.0,0.0
0.68345,0.12,0.588,0.58915,0.02293308,0.005010686,3.519604e-05,0.0001910249,0.02272525,0.004819661,0.0001726276,0.0,0.0,0.0
0.68431,0.12,0.589,0.59015,0.02291596,0.005031969,3.471161e-05,0.0001889579,0.02271133,0.004843011,0.0001699188,0.0,0.0,0.0
0.68517,0.12,0.59,0.59115,0.02289916,0.005053503,3.423285e-05,0.0001869073,0.02269768,0.004866595,0.0001672442,0.0,0.0,0.0
0.68603,0.12,0.591,0.59215,0.02288281,0.00507528,3.37597e-05,0.0001848731,0.02268445,0.004890407,0.0001646034,0.0,0.0,0.0
0.6869,0.12,0.592,0.59315,0.02286964,0.005097086,3.329208e-05,0.0001828552,0.02267435,0.00491423,0.0001619962,0.0,0.0,0.0
0.68776,0.12,0.593,0.59415,0.02285458,0.00511909,3.282995e-05,0.0001808533,0.02266232,0.004938237,0.0001594223,0.0,0.0,0.0
0.68862,0.12,0.594,0.59515,0.0228471,0.005141384,3.237325e-05,0.0001788675,0.02265785,0.004962516,0.0001568814,0.0,0.0,0.0
0.68949,0.12,0.595,0.59615,0.02283264,0.005163954,3.192191e-05,0.0001768976,0.02264635,0.004987056,0.0001543733,0.0,0.0,0.0
0.69035,0.12,0.596,0.59715,0.02281841,0.005186785,3.147588e-05,0.0001749436,0.02263504,0.005011841,0.0001518977,0.0,0.0,0.0
0.69122,0.12,0.597,0.59815,0.02280462,0.005209867,3.103509e-05,0.0001730052,0.02262413,0.005036861,0.0001494542,0.0,0.0,0.0
0.69208,0.12,0.598,0.59915,0.0227935,0.005233114,3.05995e-05,0.0001710824,0.02261586,0.005062031,0.0001470427,0.0,0.0,0.0
0.69295,0.12,0.599,0.60015,0.02278188,0.005256284,3.016905e-05,0.0001691752,0.02260705,0.005087109,0.0001446629,0.0,0.0,0.0
0.69382,0.12,0.6,0.60115,0.02277777,0.005279867,2.974368e-05,0.0001672833,0.02260572,0.005112584,0.0001423144,0.0,0.0,0.0
0.69468,0.12,0.601,0.60215,0.02276614,0.005303726,2.932334e-05,0.0001654068,0.02259682,0.005138319,0.000139997,0.0,0.0,0.0
0.69555,0.12,0.602,0.60315,0.02275445,0.005327862,2.890797e-05,0.0001635454,0.02258784,0.005164316,0.0001377105,0.0,0.0,0.0
0.69642,0.12,0.603,0.60415,0.02274316,0.005352257,2.849751e-05,0.0001616992,0.02257921,0.005190557,0.0001354545,0.0,0.0,0.0
0.69729,0.12,0.604,0.60515,0.02273233,0.005376905,2.809193e-05,0.000159868,0.02257101,0.005217037,0.0001332288,0.0,0.0,0.0
0.69815,0.12,0.605,0.60615,0.02272579,0.005401347,2.769115e-05,0.0001580516,0.02256706,0.005243295,0.0001310331,0.0,0.0,0.0
0.69902,0.12,0.606,0.60715,0.02271601,0.005426232,2.729514e-05,0.0001562501,0.02255985,0.005269982,0.0001288671,0.0,0.0,0.0
0.69989,0.12,0.607,0.60815,0.02271628,0.005451362,2.690384e-05,0.0001544633,0.02256265,0.005296898,0.0001267306,0.0,0.0,0.0
0.70076,0.12,0.608,0.60915,0.02270712,0.005476804,2.651719e-05,0.0001526912,0.02255598,0.005324112,0.0001246233,0.0,0.0,0.0
0.70163,0.12,0.609,0.61015,0.02269827,0.005502516,2.613516e-05,0.0001509335,0.02254959,0.005351582,0.0001225448,0.0,0.0,0.0
0.7025,0.12,0.61,0.61115,0.02268986,0.005528489,2.575768e-05,0.0001491903,0.02254361,0.005379299,0.000120495,0.0,0.0,0.0
0.70337,0.12,0.611,0.61215,0.02268582,0.005554404,2.538471e-05,0.0001474615,0.02254196,0.005406942,0.0001184735,0.0,0.0,0.0
0.70424,0.12,0.612,0.61315,0.02267886,0.005580497,2.50162e-05,0.0001457469,0.02253737,0.00543475,0.0001164801,0.0,0.0,0.0
0.70511,0.12,0.613,0.61415,0.02268266,0.005606929,2.465211e-05,0.0001440464,0.02254349,0.005462883,0.0001145144,0.0,0.0,0.0
0.70598,0.12,0.614,0.61515,0.02267615,0.005633667,2.429238e-05,0.00014236,0.02253928,0.005491307,0.0001125763,0.0,0.0,0.0
0.70685,0.12,0.615,0.61615,0.0226697,0.005660694,2.393697e-05,0.0001406876,0.02253509,0.005520006,0.0001106655,0.0,0.0,0.0
0.70772,0.12,0.616,0.61715,0.02266363,0.005687991,2.358584e-05,0.0001390291,0.02253126,0.005548962,0.0001087816,0.0,0.0,0.0
0.7086,0.12,0.617,0.61815,0.02265802,0.005715552,2.323893e-05,0.0001373843,0.02252785,0.005578168,0.0001069245,0.0,0.0,0.0
0.70947,0.12,0.618,0.61915,0.02265769,0.005742769,2.28962e-05,0.0001357533,0.0225297,0.005607015,0.0001050938,0.0,0.0,0.0
0.71034,0.12,0.619,0.62015,0.02265313,0.005770505,2.25576e-05,0.0001341359,0.02252729,0.005636369,0.0001032892,0.0,0.0,0.0
0.71122,0.12,0.62,0.62115,0.02266118,0.005798492,2.22231e-05,0.000132532,0.02253744,0.00566596,0.0001015105,0.0,0.0,0.0
0.71209,0.12,0.621,0.62215,0.02265713,0.005826818,2.189264e-05,0.0001309416,0.02253548,0.005695876,9.975751e-05,0.0,0.0,0.0
0.71296,0.12,0.622,0.62315,0.02265333,0.005855429,2.156619e-05,0.0001293646,0.02253374,0.005726064,9.802983e-05,0.0,0.0,0.0
0.71384,0.12,0.623,0.62415,0.02264994,0.005884312,2.12437e-05,0.0001278008,0.02253237,0.005756511,9.632725e-05,0.0,0.0,0.0
0.71471,0.12,0.624,0.62515,0.02265084,0.005913283,2.092512e-05,0.0001262502,0.02253526,0.005787033,9.464949e-05,0.0,0.0,0.0
0.71559,0.12,0.625,0.62615,0.02265004,0.005942033,2.061043e-05,0.0001247127,0.02253643,0.00581732,9.299629e-05,0.0,0.0,0.0
0.71646,0.12,0.626,0.62715,0.02266113,0.005971311,2.029956e-05,0.0001231883,0.02254947,0.005848123,9.136738e-05,0.0,0.0,0.0
0.71734,0.12,0.627,0.62815,0.02266014,0.006000895,1.999249e-05,0.0001216768,0.02255039,0.005879218,8.97625e-05,0.0,0.0,0.0
0.71821,0.12,0.628,0.62915,0.02265859,0.006030797,1.968918e-05,0.0001201781,0.02255072,0.005910619,8.818139e-05,0.0,0.0,0.0
0.71909,0.12,0.629,0.63015,0.02265734,0.006060985,1.938957e-05,0.0001186922,0.02255133,0.005942293,8.662379e-05,0.0,0.0,0.0
0.71997,0.12,0.63,0.63115,0.02265651,0.006091446,1.909364e-05,0.0001172191,0.02255232,0.005974227,8.508943e-05,0.0,0.0,0.0
0.72084,0.12,0.631,0.63215,0.02266162,0.006121686,1.880134e-05,0.0001157585,0.02255924,0.006005928,8.357806e-05,0.0,0.0,0.0
0.72172,0.12,0.632,0.63315,0.02266234,0.006152117,1.851263e-05,0.0001143105,0.02256174,0.006037806,8.208942e-05,0.0,0.0,0.0
0.7226,0.12,0.633,0.63415,0.02267791,0.006182927,1.822748e-05,0.000112875,0.02257906,0.006070052,8.062325e-05,0.0,0.0,0.0
0.72347,0.12,0.634,0.63515,0.02267894,0.006214074,1.794585e-05,0.0001114518,0.02258181,0.006102622,7.91793e-05,0.0,0.0,0.0
0.72435,0.12,0.635,0.63615,0.02267979,0.006245534,1.766769e-05,0.0001100409,0.02258436,0.006135493,7.775731e-05,0.0,0.0,0.0
0.72523,0.12,0.636,0.63715,0.02268096,0.006277281,1.739298e-05,0.0001086423,0.02258721,0.006168639,7.635703e-05,0.0,0.0,0.0
0.72611,0.12,0.637,0.63815,0.02268253,0.006309304,1.712167e-05,0.0001072558,0.02259043,0.006202048,7.49782e-05,0.0,0.0,0.0
0.72699,0.12,0.638,0.63915,0.02269087,0.00634094,1.685374e-05,0.0001058814,0.0226004,0.006235059,7.362058e-05,0.0,0.0,0.0
0.72787,0.12,0.639,0.64015,0.02269383,0.006372913,1.658913e-05,0.000104519,0.02260496,0.006268394,7.228392e-05,0.0,0.0,0.0
0.72875,0.12,0.64,0.64115,0.02271352,0.006405233,1.632782e-05,0.0001031685,0.02262622,0.006302064,7.096797e-05,0.0,0.0,0.0
0.72963,0.12,0.641,0.64215,0.02271677,0.006437908,1.606978e-05,0.0001018299,0.02263103,0.006336078,6.967248e-05,0.0,0.0,0.0
0.73051,0.12,0.642,0.64315,0.0227199,0.006470899,1.581496e-05,0.000100503,0.02263568,0.006370396,6.839721e-05,0.0,0.0,0.0
0.73139,0.12,0.643,0.64415,0.02272333,0.006504178,1.556333e-05,9.918783e-05,0.02264062,0.006404991,6.714192e-05,0.0,0.0,0.0
0.73227,0.12,0.644,0.64515,0.02272715,0.006537735,1.531486e-05,9.78843e-05,0.02264593,0.006439851,6.590635e-05,0.0,0.0,0.0
0.73315,0.12,0.645,0.64615,0.02273838,0.006570832,1.506952e-05,9.659233e-05,0.02265862,0.00647424,6.469029e-05,0.0,0.0,0.0
0.73403,0.12,0.646,0.64715,0.02274363,0.006604266,1.482726e-05,9.531184e-05,0.02266531,0.006508954,6.349347e-05,0.0,0.0,0.0
0.73491,0.12,0.647,0.64815,0.02276725,0.006638062,1.458806e-05,9.404276e-05,0.02269035,0.006544019,6.231568e-05,0.0,0.0,0.0
0.7358,0.12,0.648,0.64915,0.02277275,0.006672222,1.435189e-05,9.278503e-05,0.02269724,0.006579437,6.115666e-05,0.0,0.0,0.0
0.73668,0.12,0.649,0.65015,0.02277801,0.006706705,1.411871e-05,9.153858e-05,0.02270388,0.006615166,6.001619e-05,0.0,0.0,0.0
0.73756,0.12,0.65,0.65115,0.02278355,0.00674148,1.388849e-05,9.030332e-05,0.02271077,0.006651177,5.889404e-05,0.0,0.0,0.0
0.73844,0.12,0.651,0.65215,0.02278946,0.006776535,1.36612e-05,8.907921e-05,0.02271801,0.006687455,5.778997e-05,0.0,0.0,0.0
0.73933,0.12,0.652,0.65315,0.0228031,0.006811193,1.343681e-05,8.786615e-05,0.02273296,0.006723327,5.670375e-05,0.0,0.0,0.0
0.74021,0.12,0.653,0.65415,0.02281081,0.006845972,1.321528e-05,8.66641e-05,0.02274196,0.006759308,5.563516e-05,0.0,0.0,0.0
0.7411,0.12,0.654,0.65515,0.02283806,0.006881203,1.299659e-05,8.547298e-05,0.02277048,0.00679573,5.458397e-05,0.0,0.0,0.0
0.74198,0.12,0.655,0.65615,0.02284593,0.006916789,1.278071e-05,8.429272e-05,0.0227796,0.006832496,5.354996e-05,0.0,0.0,0.0
0.74286,0.12,0.656,0.65715,0.02285319,0.006952714,1.25676e-05,8.312326e-05,0.02278809,0.006869591,5.25329e-05,0.0,0.0,0.0
0.74375,0.12,0.657,0.65815,0.02286067,0.006988938,1.235723e-05,8.196453e-05,0.02279678,0.006906973,5.153258e-05,0.0,0.0,0.0
0.74463,0.12,0.658,0.65915,0.0228685,0.007025442,1.214958e-05,8.081647e-05,0.0228058,0.006944625,5.054876e-05,0.0,0.0,0.0
0.74552,0.12,0.659,0.66015,0.02287671,0.007062217,1.194462e-05,7.9679e-05,0.02281518,0.006982538,4.958124e-05,0.0,0.0,0.0
0.7464,0.12,0.66,0.66115,0.02289433,0.007097793,1.174232e-05,7.855207e-05,0.02283396,0.007019241,4.862981e-05,0.0,0.0,0.0
0.74729,0.12,0.661,0.66215,0.02292332,0.007134422,1.154265e-05,7.743562e-05,0.02286408,0.007056986,4.769423e-05,0.0,0.0,0.0
0.74818,0.12,0.662,0.66315,0.02293528,0.007171337,1.134558e-05,7.632957e-05,0.02287716,0.007095007,4.677432e-05,0.0,0.0,0.0
0.74906,0.12,0.663,0.66415,0.02294446,0.007208641,1.115108e-05,7.523386e-05,0.02288744,0.007133407,4.586984e-05,0.0,0.0,0.0
0.74995,0.12,0.664,0.66515,0.02295372,0.007246253,1.095913e-05,7.414844e-05,0.02289778,0.007172104,4.49806e-05,0.0,0.0,0.0
0.75084,0.12,0.665,0.66615,0.02296328,0.007284149,1.07697e-05,7.307324e-05,0.02290841,0.007211076,4.410639e-05,0.0,0.0,0.0
0.75172,0.12,0.666,0.66715,0.0229732,0.007322318,1.058276e-05,7.200819e-05,0.02291937,0.00725031,4.324699e-05,0.0,0.0,0.0
0.75261,0.12,0.667,0.66815,0.02299303,0.007359484,1.039829e-05,7.095325e-05,0.02294023,0.007288531,4.240222e-05,0.0,0.0,0.0
0.7535,0.12,0.668,0.66915,0.02300411,0.007397375,1.021626e-05,6.990833e-05,0.02295233,0.007327467,4.157187e-05,0.0,0.0,0.0
0.75439,0.12,0.669,0.67015,0.02303961,0.00743556,1.003664e-05,6.88734e-05,0.02298882,0.007366687,4.075573e-05,0.0,0.0,0.0
0.75528,0.12,0.67,0.67115,0.02305077,0.007474159,9.859407e-06,6.784838e-05,0.02300096,0.007406311,3.995361e-05,0.0,0.0,0.0
0.75617,0.12,0.671,0.67215,0.02306169,0.007513086,9.684537e-06,6.683321e-05,0.02301284,0.007446253,3.916531e-05,0.0,0.0,0.0
0.75705,0.12,0.672,0.67315,0.02307282,0.007552305,9.512003e-06,6.582784e-05,0.02302492,0.007486478,3.839064e-05,0.0,0.0,0.0
0.75794,0.12,0.673,0.67415,0.02308427,0.0075918,9.341781e-06,6.483221e-05,0.0230373,0.007526968,3.76294e-05,0.0,0.0,0.0
0.75883,0.12,0.674,0.67515,0.02310418,0.007631037,9.173846e-06,6.384626e-05,0.02305812,0.00756719,3.688142e-05,0.0,0.0,0.0
0.75972,0.12,0.675,0.67615,0.02311895,0.007669709,9.008173e-06,6.286993e-05,0.02307379,0.007606839,3.614648e-05,0.0,0.0,0.0
0.76061,0.12,0.676,0.67715,0.023156,0.007709159,8.844739e-06,6.190317e-05,0.02311174,0.007647255,3.542442e-05,0.0,0.0,0.0
0.7615,0.12,0.677,0.67815,0.02317101,0.007748916,8.683518e-06,6.094591e-05,0.02312761,0.00768797,3.471504e-05,0.0,0.0,0.0
0.76239,0.12,0.678,0.67915,0.02318355,0.007789067,8.524489e-06,5.99981e-05,0.02314101,0.007729069,3.401815e-05,0.0,0.0,0.0
0.76329,0.12,0.679,0.68015,0.02319611,0.007829527,8.367627e-06,5.905969e-05,0.02315441,0.007770467,3.333359e-05,0.0,0.0,0.0
0.76418,0.12,0.68,0.68115,0.02320892,0.007870269,8.212908e-06,5.813062e-05,0.02316804,0.007812138,3.266116e-05,0.0,0.0,0.0
0.76507,0.12,0.681,0.68215,0.02322205,0.007911279,8.060311e-06,5.721083e-05,0.02318199,0.007854068,3.20007e-05,0.0,0.0,0.0
0.76596,0.12,0.682,0.68315,0.0232463,0.00795127,7.909812e-06,5.630027e-05,0.02320704,0.007894969,3.135201e-05,0.0,0.0,0.0
0.76685,0.12,0.683,0.68415,0.02326099,0.00799171,7.761389e-06,5.539889e-05,0.02322251,0.007936311,3.071494e-05,0.0,0.0,0.0
0.76774,0.12,0.684,0.68515,0.02330346,0.00803256,7.615019e-06,5.450662e-05,0.02326575,0.007978053,3.00893e-05,0.0,0.0,0.0
0.76864,0.12,0.685,0.68615,0.0233182,0.008073807,7.470681e-06,5.362343e-05,0.02328125,0.008020184,2.947493e-05,0.0,0.0,0.0
0.76953,0.12,0.686,0.68715,0.02333213,0.008115408,7.328353e-06,5.274924e-05,0.02329593,0.008062658,2.887166e-05,0.0,0.0,0.0
0.77042,0.12,0.687,0.68815,0.02334615,0.008157305,7.188014e-06,5.188402e-05,0.02331068,0.008105421,2.827931e-05,0.0,0.0,0.0
0.77132,0.12,0.688,0.68915,0.02336043,0.008199476,7.049641e-06,5.102771e-05,0.02332568,0.008148449,2.769773e-05,0.0,0.0,0.0
0.77221,0.12,0.689,0.69015,0.02337503,0.008241908,6.913215e-06,5.018025e-05,0.02334099,0.008191728,2.712675e-05,0.0,0.0,0.0
0.7731,0.12,0.69,0.69115,0.02340193,0.008282907,6.778714e-06,4.93416e-05,0.02336858,0.008233566,2.656621e-05,0.0,0.0,0.0
0.774,0.12,0.691,0.69215,0.02341773,0.00832477,6.646117e-06,4.85117e-05,0.02338507,0.008276258,2.601594e-05,0.0,0.0,0.0
0.77489,0.12,0.692,0.69315,0.02346403,0.008366935,6.515405e-06,4.769051e-05,0.02343204,0.008319244,2.54758e-05,0.0,0.0,0.0
0.77579,0.12,0.693,0.69415,0.02347977,0.008409537,6.386557e-06,4.687796e-05,0.02344844,0.008362659,2.494562e-05,0.0,0.0,0.0
0.77668,0.12,0.694,0.69515,0.02349497,0.008452478,6.259552e-06,4.607402e-05,0.02346428,0.008406404,2.442525e-05,0.0,0.0,0.0
0.77758,0.12,0.695,0.69615,0.02351026,0.00849571,6.134372e-06,4.527863e-05,0.02348021,0.008450431,2.391453e-05,0.0,0.0,0.0
0.77847,0.12,0.696,0.69715,0.0235258,0.008539209,6.010997e-06,4.449174e-05,0.02349638,0.008494717,2.341332e-05,0.0,0.0,0.0
0.77937,0.12,0.697,0.69815,0.02354164,0.008582962,5.889406e-06,4.371331e-05,0.02351283,0.008539248,2.292146e-05,0.0,0.0,0.0
0.78026,0.12,0.698,0.69915,0.02357068,0.008625066,5.769583e-06,4.294328e-05,0.02354247,0.008582123,2.243881e-05,0.0,0.0,0.0
0.78116,0.12,0.699,0.70015,0.02358768,0.008668162,5.651506e-06,4.218161e-05,0.02356006,0.008625981,2.196523e-05,0.0,0.0,0.0
0.78206,0.12,0.7,0.70115,0.02363736,0.008711541,5.535158e-06,4.142825e-05,0.02361032,0.008670113,2.150056e-05,0.0,0.0,0.0
0.78295,0.12,0.701,0.70215,0.02365425,0.00875537,5.420519e-06,4.068314e-05,0.02362779,0.008714686,2.104466e-05,0.0,0.0,0.0
0.78385,0.12,0.702,0.70315,0.02367055,0.008799538,5.307573e-06,3.994626e-05,0.02364464,0.008759591,2.05974e-05,0.0,0.0,0.0
0.78475,0.12,0.703,0.70415,0.02368691,0.008843993,5.196299e-06,3.921754e-05,0.02366156,0.008804775,2.015863e-05,0.0,0.0,0.0
0.78564,0.12,0.704,0.70515,0.02370351,0.008888711,5.086682e-06,3.849694e-05,0.02367869,0.008850214,1.972822e-05,0.0,0.0,0.0
0.78654,0.12,0.705,0.70615,0.02372038,0.008933678,4.978702e-06,3.778441e-05,0.02369609,0.008895893,1.930604e-05,0.0,0.0,0.0
0.78744,0.12,0.706,0.70715,0.02375104,0.00897702,4.872342e-06,3.707992e-05,0.02372728,0.00893994,1.889194e-05,0.0,0.0,0.0
0.78834,0.12,0.707,0.70815,0.02376932,0.009021147,4.767584e-06,3.638341e-05,0.02374606,0.008984764,1.848579e-05,0.0,0.0,0.0
0.78924,0.12,0.708,0.70915,0.02382191,0.009065635,4.664413e-06,3.569483e-05,0.02379915,0.00902994,1.808747e-05,0.0,0.0,0.0
0.79014,0.12,0.709,0.71015,0.02384013,0.009110552,4.562809e-06,3.501415e-05,0.02381787,0.009075538,1.769684e-05,0.0,0.0,0.0
0.79103,0.12,0.71,0.71115,0.02385739,0.009155824,4.462758e-06,3.434132e-05,0.02383561,0.009121482,1.731379e-05,0.0,0.0,0.0
0.79193,0.12,0.711,0.71215,0.02387464,0.009201384,4.364241e-06,3.36763e-05,0.02385334,0.009167708,1.693817e-05,0.0,0.0,0.0
0.79283,0.12,0.712,0.71315,0.02389208,0.009247206,4.267242e-06,3.301903e-05,0.02387125,0.009214187,1.656987e-05,0.0,0.0,0.0
0.79373,0.12,0.713,0.71415,0.02390978,0.009293272,4.171746e-06,3.236949e-05,0.0238894,0.009260902,1.620877e-05,0.0,0.0,0.0
0.79463,0.12,0.714,0.71515,0.02394097,0.009338171,4.077735e-06,3.172762e-05,0.02392104,0.009306443,1.585474e-05,0.0,0.0,0.0
0.79553,0.12,0.715,0.71615,0.02396113,0.009382997,3.985194e-06,3.109338e-05,0.02394164,0.009351903,1.550767e-05,0.0,0.0,0.0
0.79643,0.12,0.716,0.71715,0.02401505,0.009428497,3.894108e-06,3.046673e-05,0.02399599,0.00939803,1.516744e-05,0.0,0.0,0.0
0.79733,0.12,0.717,0.71815,0.0240359,0.009474327,3.804459e-06,2.984763e-05,0.02401726,0.00944448,1.483392e-05,0.0,0.0,0.0
0.79823,0.12,0.718,0.71915,0.02405404,0.009520567,3.716234e-06,2.923603e-05,0.02403582,0.009491331,1.450701e-05,0.0,0.0,0.0
0.79913,0.12,0.719,0.72015,0.02407202,0.009567107,3.629416e-06,2.86319e-05,0.02405421,0.009538475,1.41866e-05,0.0,0.0,0.0
0.80004,0.12,0.72,0.72115,0.02409012,0.00961391,3.54399e-06,2.803519e-05,0.02407271,0.009585875,1.387256e-05,0.0,0.0,0.0
0.80094,0.12,0.721,0.72215,0.02410844,0.009660956,3.459942e-06,2.744587e-05,0.02409142,0.00963351,1.35648e-05,0.0,0.0,0.0
0.80184,0.12,0.722,0.72315,0.02412702,0.00970823,3.377256e-06,2.686388e-05,0.02411038,0.009681366,1.32632e-05,0.0,0.0,0.0
0.80274,0.12,0.723,0.72415,0.0241615,0.009753045,3.295918e-06,2.62892e-05,0.02414523,0.009726756,1.296765e-05,0.0,0.0,0.0
0.80364,0.12,0.724,0.72515,0.02418103,0.009799412,3.215913e-06,2.572178e-05,0.02416514,0.009773691,1.267806e-05,0.0,0.0,0.0
0.80455,0.12,0.725,0.72615,0.02423982,0.009845963,3.137227e-06,2.516158e-05,0.02422429,0.009820802,1.239431e-05,0.0,0.0,0.0
0.80545,0.12,0.726,0.72715,0.02425908,0.009893014,3.059846e-06,2.460857e-05,0.0242439,0.009868405,1.21163e-05,0.0,0.0,0.0
0.80635,0.12,0.727,0.72815,0.02427768,0.009940396,2.983755e-06,2.40627e-05,0.02426285,0.009916333,1.184394e-05,0.0,0.0,0.0
0.80725,0.12,0.728,0.72915,0.02429628,0.00998805,2.90894e-06,2.352393e-05,0.02428179,0.009964526,1.157712e-05,0.0,0.0,0.0
0.80816,0.12,0.729,0.73015,0.02431504,0.01003595,2.835389e-06,2.299223e-05,0.02430089,0.01001296,1.131574e-05,0.0,0.0,0.0
0.80906,0.12,0.73,0.73115,0.02433403,0.01008408,2.763086e-06,2.246757e-05,0.02432021,0.01006161,1.10597e-05,0.0,0.0,0.0
0.80997,0.12,0.731,0.73215,0.02436747,0.01013099,2.692018e-06,2.194989e-05,0.02435397,0.01010904,1.080892e-05,0.0,0.0,0.0
0.81087,0.12,0.732,0.73315,0.02438954,0.01017748,2.622173e-06,2.143916e-05,0.02437635,0.01015605,1.05633e-05,0.0,0.0,0.0
0.81177,0.12,0.733,0.73415,0.02444664,0.01022485,2.553537e-06,2.093536e-05,0.02443376,0.01020391,1.032274e-05,0.0,0.0,0.0
0.81268,0.12,0.734,0.73515,0.02447093,0.01027245,2.486096e-06,2.043843e-05,0.02445836,0.01025201,1.008715e-05,0.0,0.0,0.0
0.81358,0.12,0.735,0.73615,0.02449026,0.01032052,2.419839e-06,1.994834e-05,0.02447799,0.01030057,9.856444e-06,0.0,0.0,0.0
0.81449,0.12,0.736,0.73715,0.02450927,0.01036888,2.354751e-06,1.946507e-05,0.02449728,0.01034942,9.630532e-06,0.0,0.0,0.0
0.81539,0.12,0.737,0.73815,0.02452833,0.01041751,2.29082e-06,1.898856e-05,0.02451663,0.01039852,9.409327e-06,0.0,0.0,0.0
0.8163,0.12,0.738,0.73915,0.02454756,0.01046636,2.228034e-06,1.851879e-05,0.02453614,0.01044784,9.192741e-06,0.0,0.0,0.0
0.8172,0.12,0.739,0.74015,0.02456701,0.01051543,2.166381e-06,1.805571e-05,0.02455586,0.01049737,8.98069e-06,0.0,0.0,0.0
0.81811,0.12,0.74,0.74115,0.02460287,0.01056254,2.105847e-06,1.75993e-05,0.024592,0.01054494,8.77309e-06,0.0,0.0,0.0
0.81902,0.12,0.741,0.74215,0.02462427,0.01061014,2.046421e-06,1.714952e-05,0.02461365,0.01059299,8.56986e-06,0.0,0.0,0.0
0.81992,0.12,0.742,0.74315,0.02468636,0.01065829,1.988091e-06,1.670634e-05,0.024676,0.01064158,8.370918e-06,0.0,0.0,0.0
0.82083,0.12,0.743,0.74415,0.0247083,0.0107068,1.930845e-06,1.626971e-05,0.0246982,0.01069053,8.176184e-06,0.0,0.0,0.0
0.82174,0.12,0.744,0.74515,0.02472783,0.01075572,1.87467e-06,1.583962e-05,0.02471797,0.01073988,7.98558e-06,0.0,0.0,0.0
0.82264,0.12,0.745,0.74615,0.02474711,0.01080492,1.819556e-06,1.541601e-05,0.02473749,0.0107895,7.799028e-06,0.0,0.0,0.0
0.82355,0.12,0.746,0.74715,0.02476645,0.01085436,1.765491e-06,1.499886e-05,0.02475707,0.01083936,7.616452e-06,0.0,0.0,0.0
0.82446,0.12,0.747,0.74815,0.02478596,0.01090403,1.712462e-06,1.458814e-05,0.0247768,0.01088944,7.437777e-06,0.0,0.0,0.0
0.82536,0.12,0.748,0.74915,0.02480567,0.0109539,1.66046e-06,1.418381e-05,0.02479674,0.01093972,7.26293e-06,0.0,0.0,0.0
0.82627,0.12,0.749,0.75015,0.02484256,0.01100161,1.609473e-06,1.378584e-05,0.02483385,0.01098782,7.091838e-06,0.0,0.0,0.0
0.82718,0.12,0.75,0.75115,0.02486418,0.01104991,1.559489e-06,1.33942e-05,0.02485569,0.01103652,6.924428e-06,0.0,0.0,0.0
0.82809,0.12,0.751,0.75215,0.02492825,0.01109875,1.510498e-06,1.300885e-05,0.02491998,0.01108574,6.760631e-06,0.0,0.0,0.0
0.829,0.12,0.752,0.75315,0.02495051,0.01114795,1.462488e-06,1.262976e-05,0.02494244,0.01113532,6.600378e-06,0.0,0.0,0.0
0.82991,0.12,0.753,0.75415,0.02497021,0.01119756,1.41545e-06,1.225691e-05,0.02496235,0.0111853,6.443601e-06,0.0,0.0,0.0
0.83081,0.12,0.754,0.75515,0.02498963,0.01124744,1.369372e-06,1.189026e-05,0.02498197,0.01123555,6.290232e-06,0.0,0.0,0.0
0.83172,0.12,0.755,0.75615,0.02500909,0.01129757,1.324244e-06,1.152977e-05,0.02500162,0.01128604,6.140205e-06,0.0,0.0,0.0
0.83263,0.12,0.756,0.75715,0.02502869,0.01134792,1.280055e-06,1.117542e-05,0.02502142,0.01133674,5.993457e-06,0.0,0.0,0.0
0.83354,0.12,0.757,0.75815,0.02504849,0.01139846,1.236796e-06,1.082718e-05,0.0250414,0.01138763,5.849922e-06,0.0,0.0,0.0
0.83445,0.12,0.758,0.75915,0.0250851,0.01144723,1.194456e-06,1.048502e-05,0.02507819,0.01143675,5.709538e-06,0.0,0.0,0.0
0.83536,0.12,0.759,0.76015,0.02510775,0.01149581,1.153024e-06,1.01489e-05,0.02510103,0.01148566,5.572244e-06,0.0,0.0,0.0
0.83627,0.12,0.76,0.76115,0.0251701,0.01154526,1.112491e-06,9.818792e-06,0.02516355,0.01153545,5.437978e-06,0.0,0.0,0.0
0.83718,0.12,0.761,0.76215,0.02519605,0.01159491,1.072848e-06,9.494674e-06,0.02518967,0.01158542,5.306682e-06,0.0,0.0,0.0
0.83809,0.12,0.762,0.76315,0.02521597,0.01164505,1.034083e-06,9.176513e-06,0.02520975,0.01163588,5.178296e-06,0.0,0.0,0.0
0.839,0.12,0.763,0.76415,0.02523542,0.01169548,9.961881e-07,8.86428e-06,0.02522937,0.01168662,5.052762e-06,0.0,0.0,0.0
0.83991,0.12,0.764,0.76515,0.02525485,0.01174616,9.591529e-07,8.557945e-06,0.02524896,0.0117376,4.930025e-06,0.0,0.0,0.0
0.84082,0.12,0.765,0.76615,0.0252744,0.01179704,9.229681e-07,8.257479e-06,0.02526866,0.01178878,4.810028e-06,0.0,0.0,0.0
0.84174,0.12,0.766,0.76715,0.02529411,0.01184812,8.876244e-07,7.962854e-06,0.02528853,0.01184016,4.692716e-06,0.0,0.0,0.0
0.84265,0.12,0.767,0.76815,0.02531403,0.01189939,8.531123e-07,7.674042e-06,0.02530859,0.01189171,4.578036e-06,0.0,0.0,0.0
0.84356,0.12,0.768,0.76915,0.02535347,0.01194702,8.194227e-07,7.391014e-06,0.02534819,0.01193963,4.465934e-06,0.0,0.0,0.0
0.84447,0.12,0.769,0.77015,0.02537426,0.01199687,7.865466e-07,7.113742e-06,0.02536912,0.01198976,4.356359e-06,0.0,0.0,0.0
0.84538,0.12,0.77,0.77115,0.02544325,0.01204683,7.544748e-07,6.8422e-06,0.02543825,0.01203999,4.249259e-06,0.0,0.0,0.0
0.8463,0.12,0.771,0.77215,0.02546375,0.01209733,7.231985e-07,6.576359e-06,0.02545888,0.01209075,4.144585e-06,0.0,0.0,0.0
0.84721,0.12,0.772,0.77315,0.0254832,0.01214815,6.927089e-07,6.316192e-06,0.02547847,0.01214184,4.042286e-06,0.0,0.0,0.0
0.84812,0.12,0.773,0.77415,0.02550251,0.01219923,6.629971e-07,6.061673e-06,0.0254979,0.01219317,3.942315e-06,0.0,0.0,0.0
0.84903,0.12,0.774,0.77515,0.02552187,0.01225053,6.340546e-07,5.812774e-06,0.02551739,0.01224472,3.844623e-06,0.0,0.0,0.0
0.84995,0.12,0.775,0.77615,0.02554137,0.01230202,6.058729e-07,5.569469e-06,0.02553701,0.01229645,3.749164e-06,0.0,0.0,0.0
0.85086,0.12,0.776,0.77715,0.02556104,0.0123537,5.784433e-07,5.331732e-06,0.02555681,0.01234837,3.655892e-06,0.0,0.0,0.0
0.85177,0.12,0.777,0.77815,0.02559897,0.01240314,5.517576e-07,5.099536e-06,0.02559485,0.01239804,3.564762e-06,0.0,0.0,0.0
0.85269,0.12,0.778,0.77915,0.02562124,0.0124527,5.258075e-07,4.872856e-06,0.02561724,0.01244782,3.475729e-06,0.0,0.0,0.0
0.8536,0.12,0.779,0.78015,0.02568635,0.01250307,5.005847e-07,4.651665e-06,0.02568246,0.01249842,3.388749e-06,0.0,0.0,0.0
0.85451,0.12,0.78,0.78115,0.02571214,0.01255364,4.760811e-07,4.43594e-06,0.02570836,0.0125492,3.303781e-06,0.0,0.0,0.0
0.85543,0.12,0.781,0.78215,0.02573182,0.0126047,4.522887e-07,4.225653e-06,0.02572814,0.01260047,3.220782e-06,0.0,0.0,0.0
0.85634,0.12,0.782,0.78315,0.02575097,0.01265604,4.291995e-07,4.020781e-06,0.0257474,0.01265202,3.13971e-06,0.0,0.0,0.0
0.85726,0.12,0.783,0.78415,0.02577006,0.01270762,4.068056e-07,3.821297e-06,0.02576659,0.0127038,3.060525e-06,0.0,0.0,0.0
0.85817,0.12,0.784,0.78515,0.02578923,0.0127594,3.850993e-07,3.627179e-06,0.02578586,0.01275577,2.983188e-06,0.0,0.0,0.0
0.85909,0.12,0.785,0.78615,0.02580855,0.01281137,3.640728e-07,3.438401e-06,0.02580527,0.01280793,2.90766e-06,0.0,0.0,0.0
0.86,0.12,0.786,0.78715,0.02582803,0.0128635,3.437184e-07,3.254938e-06,0.02582486,0.01286025,2.833901e-06,0.0,0.0,0.0
0.86092,0.12,0.787,0.78815,0.02586723,0.01291258,3.240287e-07,3.076768e-06,0.02586414,0.0129095,2.761876e-06,0.0,0.0,0.0
0.86183,0.12,0.788,0.78915,0.02588841,0.01296278,3.049961e-07,2.903866e-06,0.02588542,0.01295988,2.691545e-06,0.0,0.0,0.0
0.86275,0.12,0.789,0.79015,0.02595777,0.01301346,2.866133e-07,2.736208e-06,0.02595486,0.01301073,2.622874e-06,0.0,0.0,0.0
0.86367,0.12,0.79,0.79115,0.02597997,0.0130645,2.688728e-07,2.573772e-06,0.02597714,0.01306193,2.555827e-06,0.0,0.0,0.0
0.86458,0.12,0.791,0.79215,0.02599921,0.01311596,2.517675e-07,2.416533e-06,0.02599646,0.01311354,2.490369e-06,0.0,0.0,0.0
0.8655,0.12,0.792,0.79315,0.02601804,0.01316768,2.352902e-07,2.264469e-06,0.02601537,0.01316542,2.426466e-06,0.0,0.0,0.0
0.86641,0.12,0.793,0.79415,0.02603682,0.01321963,2.194337e-07,2.117557e-06,0.02603424,0.01321751,2.364084e-06,0.0,0.0,0.0
0.86733,0.12,0.794,0.79515,0.02605569,0.01327177,2.041911e-07,1.975774e-06,0.02605319,0.01326979,2.30319e-06,0.0,0.0,0.0
0.86825,0.12,0.795,0.79615,0.0260747,0.01332409,1.895553e-07,1.839099e-06,0.02607227,0.01332225,2.243753e-06,0.0,0.0,0.0
0.86917,0.12,0.796,0.79715,0.02609387,0.01337656,1.755194e-07,1.707507e-06,0.02609151,0.01337486,2.185739e-06,0.0,0.0,0.0
0.87008,0.12,0.797,0.79815,0.02613308,0.01342588,1.620768e-07,1.580978e-06,0.02613079,0.0134243,2.129119e-06,0.0,0.0,0.0
0.871,0.12,0.798,0.79915,0.02615401,0.01347631,1.492205e-07,1.45949e-06,0.02615179,0.01347485,2.073861e-06,0.0,0.0,0.0
0.87192,0.12,0.799,0.80015,0.0262236,0.01352727,1.36944e-07,1.34302e-06,0.02622144,0.01352592,2.019937e-06,0.0,0.0,0.0
0.87284,0.12,0.8,0.80115,0.02624594,0.01357854,1.252405e-07,1.231548e-06,0.02624385,0.01357731,1.967315e-06,0.0,0.0,0.0
0.87375,0.12,0.801,0.80215,0.02626487,0.01363025,1.141037e-07,1.125052e-06,0.02626284,0.01362912,1.915969e-06,0.0,0.0,0.0
0.87467,0.12,0.802,0.80315,0.02628334,0.01368223,1.035269e-07,1.02351e-06,0.02628137,0.01368121,1.865869e-06,0.0,0.0,0.0
0.87559,0.12,0.803,0.80415,0.02630174,0.01373443,9.350381e-08,9.26902e-07,0.02629983,0.0137335,1.816988e-06,0.0,0.0,0.0
0.87651,0.12,0.804,0.80515,0.02632021,0.01378682,8.402805e-08,8.35207e-07,0.02631836,0.01378599,1.769299e-06,0.0,0.0,0.0
0.87743,0.12,0.805,0.80615,0.02633881,0.01383939,7.509334e-08,7.484042e-07,0.02633701,0.01383864,1.722775e-06,0.0,0.0,0.0
0.87835,0.12,0.806,0.80715,0.02635755,0.01389211,6.669346e-08,6.664731e-07,0.02635581,0.01389144,1.67739e-06,0.0,0.0,0.0
0.87926,0.12,0.807,0.80815,0.02639529,0.01394244,5.882227e-08,5.893936e-07,0.0263936,0.01394185,1.633119e-06,0.0,0.0,0.0
0.88018,0.12,0.808,0.80915,0.02641703,0.01399262,5.147367e-08,5.171454e-07,0.02641539,0.0139921,1.589937e-06,0.0,0.0,0.0
0.8811,0.12,0.809,0.81015,0.0264364,0.01404394,4.464164e-08,4.497086e-07,0.02643481,0.01404349,1.547819e-06,0.0,0.0,0.0
0.88202,0.12,0.81,0.81115,0.02650903,0.0140951,3.832021e-08,3.870634e-07,0.02650748,0.01409471,1.506741e-06,0.0,0.0,0.0
0.88294,0.12,0.811,0.81215,0.02652788,0.01414692,3.250348e-08,3.291901e-07,0.02652638,0.01414659,1.46668e-06,0.0,0.0,0.0
0.88386,0.12,0.812,0.81315,0.02654599,0.01419904,2.71856e-08,2.760694e-07,0.02654453,0.01419877,1.427612e-06,0.0,0.0,0.0
0.88478,0.12,0.813,0.81415,0.02656396,0.01425139,2.236078e-08,2.276819e-07,0.02656254,0.01425117,1.389516e-06,0.0,0.0,0.0
0.8857,0.12,0.814,0.81515,0.02658195,0.01430394,1.802331e-08,1.840084e-07,0.02658058,0.01430376,1.352368e-06,0.0,0.0,0.0
0.88662,0.12,0.815,0.81615,0.02660004,0.01435666,1.416752e-08,1.450301e-07,0.02659871,0.01435652,1.316147e-06,0.0,0.0,0.0
0.88754,0.12,0.816,0.81715,0.02661827,0.01440954,1.078779e-08,1.107281e-07,0.02661698,0.01440943,1.280832e-06,0.0,0.0,0.0
0.88846,0.12,0.817,0.81815,0.02663666,0.01446257,7.878581e-09,8.108377e-08,0.02663541,0.01446249,1.246402e-06,0.0,0.0,0.0
0.88939,0.12,0.818,0.81915,0.02667634,0.01451135,5.434393e-09,5.607859e-08,0.02667512,0.0145113,1.212837e-06,0.0,0.0,0.0
0.89031,0.12,0.819,0.82015,0.02669582,0.01456245,3.449788e-09,3.569425e-08,0.02669463,0.01456242,1.180117e-06,0.0,0.0,0.0
0.89123,0.12,0.82,0.82115,0.02676747,0.01461376,1.919383e-09,1.991255e-08,0.02676632,0.01461374,1.148221e-06,0.0,0.0,0.0
0.89215,0.12,0.821,0.82215,0.02678733,0.01466554,8.378521e-10,8.715487e-09,0.02678621,0.01466553,1.117132e-06,0.0,0.0,0.0
0.89307,0.12,0.822,0.82315,0.02680522,0.01471769,1.999208e-10,2.085168e-09,0.02680413,0.01471769,1.08683e-06,0.0,0.0,0.0
0.89399,0.12,0.823,0.82415,0.02682275,0.01477009,0.0,0.0,0.02682169,0.01477009,1.057297e-06,0.0,0.0,0.0
0.89492,0.12,0.824,0.82515,0.02684023,0.01482271,0.0,0.0,0.0268392,0.01482271,1.028515e-06,0.0,0.0,0.0
0.89584,0.12,0.825,0.82615,0.02685776,0.0148755,0.0,0.0,0.02685676,0.0148755,1.000466e-06,0.0,0.0,0.0
0.89676,0.12,0.826,0.82715,0.02687541,0.01492844,0.0,0.0,0.02687444,0.01492844,9.731337e-07,0.0,0.0,0.0
0.89768,0.12,0.827,0.82815,0.02689319,0.01498154,0.0,0.0,0.02689225,0.01498154,9.465003e-07,0.0,0.0,0.0
0.8986,0.12,0.828,0.82915,0.02692682,0.01503341,0.0,0.0,0.0269259,0.01503341,9.205497e-07,0.0,0.0,0.0
0.89953,0.12,0.829,0.83015,0.02695089,0.01508294,0.0,0.0,0.02694999,0.01508294,8.952657e-07,0.0,0.0,0.0
0.90045,0.12,0.83,0.83115,0.02696952,0.01513437,0.0,0.0,0.02696865,0.01513437,8.706325e-07,0.0,0.0,0.0
0.90137,0.12,0.831,0.83215,0.02704176,0.01518578,0.0,0.0,0.02704091,0.01518578,8.466346e-07,0.0,0.0,0.0
0.9023,0.12,0.832,0.83315,0.02706024,0.01523777,0.0,0.0,0.02705941,0.01523777,8.232569e-07,0.0,0.0,0.0
0.90322,0.12,0.833,0.83415,0.02707749,0.01529008,0.0,0.0,0.02707669,0.01529008,8.004845e-07,0.0,0.0,0.0
0.90414,0.12,0.834,0.83515,0.02709447,0.01534263,0.0,0.0,0.02709369,0.01534263,7.783031e-07,0.0,0.0,0.0
0.90507,0.12,0.835,0.83615,0.02711143,0.01539538,0.0,0.0,0.02711068,0.01539538,7.566984e-07,0.0,0.0,0.0
0.90599,0.12,0.836,0.83715,0.02712846,0.0154483,0.0,0.0,0.02712772,0.0154483,7.356564e-07,0.0,0.0,0.0
0.90692,0.12,0.837,0.83815,0.02714559,0.01550138,0.0,0.0,0.02714487,0.01550138,7.151638e-07,0.0,0.0,0.0
0.90784,0.12,0.838,0.83915,0.02716285,0.0155546,0.0,0.0,0.02716215,0.0155546,6.952071e-07,0.0,0.0,0.0
0.90876,0.12,0.839,0.84015,0.0271962,0.01560649,0.0,0.0,0.02719553,0.01560649,6.757735e-07,0.0,0.0,0.0
0.90969,0.12,0.84,0.84115,0.02721954,0.01565611,0.0,0.0,0.02721888,0.01565611,6.568501e-07,0.0,0.0,0.0
0.91061,0.12,0.841,0.84215,0.02723764,0.01570761,0.0,0.0,0.027237,0.01570761,6.384247e-07,0.0,0.0,0.0
0.91154,0.12,0.842,0.84315,0.0273094,0.0157591,0.0,0.0,0.02730878,0.0157591,6.204849e-07,0.0,0.0,0.0
0.91246,0.12,0.843,0.84415,0.02732744,0.01581116,0.0,0.0,0.02732684,0.01581116,6.030191e-07,0.0,0.0,0.0
0.91339,0.12,0.844,0.84515,0.02734417,0.01586355,0.0,0.0,0.02734359,0.01586355,5.860155e-07,0.0,0.0,0.0
0.91431,0.12,0.845,0.84615,0.02736063,0.01591619,0.0,0.0,0.02736006,0.01591619,5.694628e-07,0.0,0.0,0.0
0.91524,0.12,0.846,0.84715,0.02737704,0.01596902,0.0,0.0,0.02737649,0.01596902,5.533499e-07,0.0,0.0,0.0
0.91617,0.12,0.847,0.84815,0.02739351,0.01602203,0.0,0.0,0.02739297,0.01602203,5.376659e-07,0.0,0.0,0.0
0.91709,0.12,0.848,0.84915,0.02741007,0.01607519,0.0,0.0,0.02740955,0.01607519,5.224003e-07,0.0,0.0,0.0
0.91802,0.12,0.849,0.85015,0.02742676,0.01612849,0.0,0.0,0.02742625,0.01612849,5.075427e-07,0.0,0.0,0.0
0.91894,0.12,0.85,0.85115,0.02744358,0.01618193,0.0,0.0,0.02744309,0.01618193,4.930829e-07,0.0,0.0,0.0
0.91987,0.12,0.851,0.85215,0.02748181,0.01623078,0.0,0.0,0.02748133,0.01623078,4.79011e-07,0.0,0.0,0.0
0.9208,0.12,0.852,0.85315,0.02749973,0.01628213,0.0,0.0,0.02749927,0.01628213,4.653175e-07,0.0,0.0,0.0
0.92172,0.12,0.853,0.85415,0.02756964,0.01633372,0.0,0.0,0.02756919,0.01633372,4.519927e-07,0.0,0.0,0.0
0.92265,0.12,0.854,0.85515,0.02758848,0.01638573,0.0,0.0,0.02758804,0.01638573,4.390274e-07,0.0,0.0,0.0
0.92358,0.12,0.855,0.85615,0.02760488,0.01643814,0.0,0.0,0.02760445,0.01643814,4.264127e-07,0.0,0.0,0.0
0.9245,0.12,0.856,0.85715,0.02762083,0.01649081,0.0,0.0,0.02762042,0.01649081,4.141396e-07,0.0,0.0,0.0
0.92543,0.12,0.857,0.85815,0.02763669,0.01654368,0.0,0.0,0.02763629,0.01654368,4.021997e-07,0.0,0.0,0.0
0.92636,0.12,0.858,0.85915,0.02765257,0.01659674,0.0,0.0,0.02765218,0.01659674,3.905844e-07,0.0,0.0,0.0
0.92729,0.12,0.859,0.86015,0.02766854,0.01664996,0.0,0.0,0.02766816,0.01664996,3.792855e-07,0.0,0.0,0.0
0.92821,0.12,0.86,0.86115,0.02768461,0.01670332,0.0,0.0,0.02768424,0.01670332,3.68295e-07,0.0,0.0,0.0
0.92914,0.12,0.861,0.86215,0.0277008,0.01675683,0.0,0.0,0.02770045,0.01675683,3.576051e-07,0.0,0.0,0.0
0.93007,0.12,0.862,0.86315,0.0277359,0.01680772,0.0,0.0,0.02773555,0.01680772,3.47208e-07,0.0,0.0,0.0
0.931,0.12,0.863,0.86415,0.02775531,0.01685826,0.0,0.0,0.02775497,0.01685826,3.370963e-07,0.0,0.0,0.0
0.93193,0.12,0.864,0.86515,0.02777214,0.01691009,0.0,0.0,0.02777181,0.01691009,3.272626e-07,0.0,0.0,0.0
0.93285,0.12,0.865,0.86615,0.02784254,0.01696179,0.0,0.0,0.02784223,0.01696179,3.176999e-07,0.0,0.0,0.0
0.93378,0.12,0.866,0.86715,0.0278592,0.01701412,0.0,0.0,0.02785889,0.01701412,3.084012e-07,0.0,0.0,0.0
0.93471,0.12,0.867,0.86815,0.0278748,0.01706677,0.0,0.0,0.0278745,0.01706677,2.993596e-07,0.0,0.0,0.0
0.93564,0.12,0.868,0.86915,0.02789015,0.01711966,0.0,0.0,0.02788985,0.01711966,2.905685e-07,0.0,0.0,0.0
0.93657,0.12,0.869,0.87015,0.02790545,0.01717275,0.0,0.0,0.02790517,0.01717275,2.820215e-07,0.0,0.0,0.0
0.9375,0.12,0.87,0.87115,0.0279208,0.01722601,0.0,0.0,0.02792052,0.01722601,2.737121e-07,0.0,0.0,0.0
0.93843,0.12,0.871,0.87215,0.02793623,0.01727943,0.0,0.0,0.02793597,0.01727943,2.656342e-07,0.0,0.0,0.0
0.93936,0.12,0.872,0.87315,0.02795177,0.01733299,0.0,0.0,0.02795152,0.01733299,2.577818e-07,0.0,0.0,0.0
0.94029,0.12,0.873,0.87415,0.02796744,0.0173867,0.0,0.0,0.02796719,0.0173867,2.50149e-07,0.0,0.0,0.0
0.94122,0.12,0.874,0.87515,0.02800282,0.01743704,0.0,0.0,0.02800258,0.01743704,2.4273e-07,0.0,0.0,0.0
0.94215,0.12,0.875,0.87615,0.02802073,0.0174881,0.0,0.0,0.02802049,0.0174881,2.355192e-07,0.0,0.0,0.0
0.94308,0.12,0.876,0.87715,0.02803689,0.01754019,0.0,0.0,0.02803666,0.01754019,2.285112e-07,0.0,0.0,0.0
0.94401,0.12,0.877,0.87815,0.02810631,0.01759206,0.0,0.0,0.02810609,0.01759206,2.217006e-07,0.0,0.0,0.0
0.94494,0.12,0.878,0.87915,0.02812219,0.01764461,0.0,0.0,0.02812198,0.01764461,2.150822e-07,0.0,0.0,0.0
0.94587,0.12,0.879,0.88015,0.0281372,0.01769748,0.0,0.0,0.02813699,0.01769748,2.086509e-07,0.0,0.0,0.0
0.9468,0.12,0.88,0.88115,0.02815199,0.01775057,0.0,0.0,0.02815179,0.01775057,2.024018e-07,0.0,0.0,0.0
0.94773,0.12,0.881,0.88215,0.02816675,0.01780387,0.0,0.0,0.02816656,0.01780387,1.9633e-07,0.0,0.0,0.0
0.94866,0.12,0.882,0.88315,0.02818155,0.01785733,0.0,0.0,0.02818136,0.01785733,1.904307e-07,0.0,0.0,0.0
0.94959,0.12,0.883,0.88415,0.02819643,0.01791096,0.0,0.0,0.02819625,0.01791096,1.846995e-07,0.0,0.0,0.0
0.95052,0.12,0.884,0.88515,0.02821142,0.01796473,0.0,0.0,0.02821124,0.01796473,1.791318e-07,0.0,0.0,0.0
0.95145,0.12,0.885,0.88615,0.02822651,0.01801865,0.0,0.0,0.02822634,0.01801865,1.737232e-07,0.0,0.0,0.0
0.95238,0.12,0.886,0.88715,0.02825999,0.01806989,0.0,0.0,0.02825982,0.01806989,1.684695e-07,0.0,0.0,0.0
0.95332,0.12,0.887,0.88815,0.02827822,0.0181208,0.0,0.0,0.02827806,0.0181208,1.633664e-07,0.0,0.0,0.0
0.95425,0.12,0.888,0.88915,0.02829395,0.01817302,0.0,0.0,0.02829379,0.01817302,1.5841e-07,0.0,0.0,0.0
0.95518,0.12,0.889,0.89015,0.02836172,0.01822514,0.0,0.0,0.02836157,0.01822514,1.535963e-07,0.0,0.0,0.0
0.95611,0.12,0.89,0.89115,0.02837747,0.01827786,0.0,0.0,0.02837732,0.01827786,1.489213e-07,0.0,0.0,0.0
0.95704,0.12,0.891,0.89215,0.02839204,0.01833092,0.0,0.0,0.02839189,0.01833092,1.443815e-07,0.0,0.0,0.0
0.95798,0.12,0.892,0.89315,0.02840632,0.01838423,0.0,0.0,0.02840618,0.01838423,1.399729e-07,0.0,0.0,0.0
0.95891,0.12,0.893,0.89415,0.02842054,0.01843774,0.0,0.0,0.02842041,0.01843774,1.356922e-07,0.0,0.0,0.0
0.95984,0.12,0.894,0.89515,0.02843479,0.01849144,0.0,0.0,0.02843466,0.01849144,1.315359e-07,0.0,0.0,0.0
0.96077,0.12,0.895,0.89615,0.0284491,0.01854529,0.0,0.0,0.02844898,0.01854529,1.275004e-07,0.0,0.0,0.0
0.96171,0.12,0.896,0.89715,0.02846351,0.0185993,0.0,0.0,0.02846338,0.0185993,1.235826e-07,0.0,0.0,0.0
0.96264,0.12,0.897,0.89815,0.02847802,0.01865346,0.0,0.0,0.0284779,0.01865346,1.197791e-07,0.0,0.0,0.0
0.96357,0.12,0.898,0.89915,0.02849264,0.01870775,0.0,0.0,0.02849252,0.01870775,1.160868e-07,0.0,0.0,0.0
0.96451,0.12,0.899,0.90015,0.02852747,0.01875738,0.0,0.0,0.02852736,0.01875738,1.125028e-07,0.0,0.0,0.0
0.96544,0.12,0.9,0.90115,0.02854322,0.01880951,0.0,0.0,0.02854311,0.01880951,1.090239e-07,0.0,0.0,0.0
0.96637,0.12,0.901,0.90215,0.02860663,0.01886201,0.0,0.0,0.02860652,0.01886201,1.056473e-07,0.0,0.0,0.0
0.96731,0.12,0.902,0.90315,0.02862481,0.01891479,0.0,0.0,0.02862471,0.01891479,1.023702e-07,0.0,0.0,0.0
0.96824,0.12,0.903,0.90415,0.02863925,0.01896803,0.0,0.0,0.02863915,0.01896803,9.918969e-08,0.0,0.0,0.0
0.96917,0.12,0.904,0.90515,0.02865312,0.01902155,0.0,0.0,0.02865302,0.01902155,9.610321e-08,0.0,0.0,0.0
0.97011,0.12,0.905,0.90615,0.02866684,0.0190753,0.0,0.0,0.02866675,0.0190753,9.310811e-08,0.0,0.0,0.0
0.97104,0.12,0.906,0.90715,0.02868055,0.01912925,0.0,0.0,0.02868046,0.01912925,9.020183e-08,0.0,0.0,0.0
0.97198,0.12,0.907,0.90815,0.02869429,0.01918337,0.0,0.0,0.02869421,0.01918337,8.738188e-08,0.0,0.0,0.0
0.97291,0.12,0.908,0.90915,0.02870811,0.01923766,0.0,0.0,0.02870803,0.01923766,8.464584e-08,0.0,0.0,0.0
0.97384,0.12,0.909,0.91015,0.02872202,0.0192921,0.0,0.0,0.02872194,0.0192921,8.199136e-08,0.0,0.0,0.0
0.97478,0.12,0.91,0.91115,0.02873603,0.01934668,0.0,0.0,0.02873595,0.01934668,7.941615e-08,0.0,0.0,0.0
0.97571,0.12,0.911,0.91215,0.02875015,0.01940141,0.0,0.0,0.02875007,0.01940141,7.691796e-08,0.0,0.0,0.0
0.97665,0.12,0.912,0.91315,0.02878431,0.01945095,0.0,0.0,0.02878423,0.01945095,7.449462e-08,0.0,0.0,0.0
0.97758,0.12,0.913,0.91415,0.02879925,0.01950368,0.0,0.0,0.02879917,0.01950368,7.214401e-08,0.0,0.0,0.0
0.97852,0.12,0.914,0.91515,0.02886233,0.01955659,0.0,0.0,0.02886226,0.01955659,6.986407e-08,0.0,0.0,0.0
0.97945,0.12,0.915,0.91615,0.02887854,0.01960991,0.0,0.0,0.02887847,0.01960991,6.765279e-08,0.0,0.0,0.0
0.98039,0.12,0.916,0.91715,0.02889234,0.01966363,0.0,0.0,0.02889227,0.01966363,6.550821e-08,0.0,0.0,0.0
0.98133,0.12,0.917,0.91815,0.02890568,0.01971764,0.0,0.0,0.02890562,0.01971764,6.342844e-08,0.0,0.0,0.0
0.98226,0.12,0.918,0.91915,0.02891889,0.01977187,0.0,0.0,0.02891883,0.01977187,6.141161e-08,0.0,0.0,0.0
0.9832,0.12,0.919,0.92015,0.0289321,0.01982629,0.0,0.0,0.02893204,0.01982629,5.945593e-08,0.0,0.0,0.0
0.98413,0.12,0.92,0.92115,0.02894534,0.01988089,0.0,0.0,0.02894528,0.01988089,5.755965e-08,0.0,0.0,0.0
0.98507,0.12,0.921,0.92215,0.02895865,0.01993566,0.0,0.0,0.0289586,0.01993566,5.572105e-08,0.0,0.0,0.0
0.98601,0.12,0.922,0.92315,0.02897205,0.01999059,0.0,0.0,0.028972,0.01999059,5.393847e-08,0.0,0.0,0.0
0.98694,0.12,0.923,0.92415,0.02898554,0.02004566,0.0,0.0,0.02898549,0.02004566,5.221031e-08,0.0,0.0,0.0
0.98788,0.12,0.924,0.92515,0.02899913,0.02010088,0.0,0.0,0.02899908,0.02010088,5.053498e-08,0.0,0.0,0.0
0.98881,0.12,0.925,0.92615,0.02903191,0.02015144,0.0,0.0,0.02903186,0.02015144,4.891095e-08,0.0,0.0,0.0
0.98975,0.12,0.926,0.92715,0.02904656,0.02020454,0.0,0.0,0.02904651,0.02020454,4.733674e-08,0.0,0.0,0.0
0.99069,0.12,0.927,0.92815,0.0291054,0.02025807,0.0,0.0,0.02910535,0.02025807,4.58109e-08,0.0,0.0,0.0
0.99163,0.12,0.928,0.92915,0.02912342,0.02031179,0.0,0.0,0.02912338,0.02031179,4.433203e-08,0.0,0.0,0.0
0.99256,0.12,0.929,0.93015,0.02913694,0.02036601,0.0,0.0,0.02913689,0.02036601,4.289874e-08,0.0,0.0,0.0
0.9935,0.12,0.93,0.93115,0.02914986,0.02042053,0.0,0.0,0.02914982,0.02042053,4.150971e-08,0.0,0.0,0.0
0.99444,0.12,0.931,0.93215,0.02916261,0.02047528,0.0,0.0,0.02916257,0.02047528,4.016364e-08,0.0,0.0,0.0
0.99537,0.12,0.932,0.93315,0.02917533,0.02053024,0.0,0.0,0.02917529,0.02053024,3.885927e-08,0.0,0.0,0.0
0.99631,0.12,0.933,0.93415,0.02918807,0.02058538,0.0,0.0,0.02918803,0.02058538,3.759538e-08,0.0,0.0,0.0
0.99725,0.12,0.934,0.93515,0.02920086,0.02064069,0.0,0.0,0.02920083,0.02064069,3.637077e-08,0.0,0.0,0.0
0.99819,0.12,0.935,0.93615,0.02921374,0.02069617,0.0,0.0,0.0292137,0.02069617,3.518429e-08,0.0,0.0,0.0
0.99912,0.12,0.936,0.93715,0.02922669,0.02075181,0.0,0.0,0.02922666,0.02075181,3.40348e-08,0.0,0.0,0.0
1.00006,0.12,0.937,0.93815,0.02923966,0.02080756,0.0,0.0,0.02923963,0.02080756,3.292122e-08,0.0,0.0,0.0
1.001,0.12,0.938,0.93915,0.02926904,0.02085968,0.0,0.0,0.02926901,0.02085968,3.184248e-08,0.0,0.0,0.0
1.00194,0.12,0.939,0.94015,0.02928319,0.02091222,0.0,0.0,0.02928316,0.02091222,3.079754e-08,0.0,0.0,0.0
1.00288,0.12,0.94,0.94115,0.02933204,0.02096585,0.0,0.0,0.02933201,0.02096585,2.97854e-08,0.0,0.0,0.0
1.00382,0.12,0.941,0.94215,0.02935546,0.02101943,0.0,0.0,0.02935543,0.02101943,2.880508e-08,0.0,0.0,0.0
1.00475,0.12,0.942,0.94315,0.02936733,0.02107371,0.0,0.0,0.02936731,0.02107371,2.785562e-08,0.0,0.0,0.0
1.00569,0.12,0.943,0.94415,0.02937855,0.02112833,0.0,0.0,0.02937853,0.02112833,2.693611e-08,0.0,0.0,0.0
1.00663,0.12,0.944,0.94515,0.02938962,0.02118321,0.0,0.0,0.02938959,0.02118321,2.604565e-08,0.0,0.0,0.0
1.00757,0.12,0.945,0.94615,0.02940066,0.02123832,0.0,0.0,0.02940064,0.02123832,2.518336e-08,0.0,0.0,0.0
1.00851,0.12,0.946,0.94715,0.02941176,0.02129362,0.0,0.0,0.02941174,0.02129362,2.43484e-08,0.0,0.0,0.0
1.00945,0.12,0.947,0.94815,0.02942294,0.02134912,0.0,0.0,0.02942292,0.02134912,2.353994e-08,0.0,0.0,0.0
1.01039,0.12,0.948,0.94915,0.02943422,0.02140478,0.0,0.0,0.02943419,0.02140478,2.275718e-08,0.0,0.0,0.0
1.01133,0.12,0.949,0.95015,0.0294456,0.02146062,0.0,0.0,0.02944558,0.02146062,2.199935e-08,0.0,0.0,0.0
1.01227,0.12,0.95,0.95115,0.02947292,0.02151384,0.0,0.0,0.0294729,0.02151384,2.126569e-08,0.0,0.0,0.0
1.01321,0.12,0.951,0.95215,0.02948715,0.02156656,0.0,0.0,0.02948713,0.02156656,2.055546e-08,0.0,0.0,0.0
1.01415,0.12,0.952,0.95315,0.02949905,0.02162069,0.0,0.0,0.02949903,0.02162069,1.986796e-08,0.0,0.0,0.0
1.01509,0.12,0.953,0.95415,0.02955645,0.02167469,0.0,0.0,0.02955643,0.02167469,1.920249e-08,0.0,0.0,0.0
1.01603,0.12,0.954,0.95515,0.02956799,0.02172942,0.0,0.0,0.02956797,0.02172942,1.855838e-08,0.0,0.0,0.0
1.01697,0.12,0.955,0.95615,0.02957872,0.0217845,0.0,0.0,0.02957871,0.0217845,1.793498e-08,0.0,0.0,0.0
1.01791,0.12,0.956,0.95715,0.02958926,0.02183986,0.0,0.0,0.02958924,0.02183986,1.733164e-08,0.0,0.0,0.0
1.01885,0.12,0.957,0.95815,0.02959977,0.02189546,0.0,0.0,0.02959975,0.02189546,1.674777e-08,0.0,0.0,0.0
1.01979,0.12,0.958,0.95915,0.02961031,0.02195126,0.0,0.0,0.02961029,0.02195126,1.618275e-08,0.0,0.0,0.0
1.02073,0.12,0.959,0.96015,0.02962092,0.02200725,0.0,0.0,0.0296209,0.02200725,1.563601e-08,0.0,0.0,0.0
1.02167,0.12,0.96,0.96115,0.02963161,0.02206343,0.0,0.0,0.0296316,0.02206343,1.510698e-08,0.0,0.0,0.0
1.02261,0.12,0.961,0.96215,0.02964241,0.02211978,0.0,0.0,0.02964239,0.02211978,1.459512e-08,0.0,0.0,0.0
1.02355,0.12,0.962,0.96315,0.0296533,0.02217629,0.0,0.0,0.02965329,0.02217629,1.40999e-08,0.0,0.0,0.0
1.02449,0.12,0.963,0.96415,0.02968155,0.02222799,0.0,0.0,0.02968154,0.02222799,1.36208e-08,0.0,0.0,0.0
1.02543,0.12,0.964,0.96515,0.02969328,0.02228241,0.0,0.0,0.02969326,0.02228241,1.315731e-08,0.0,0.0,0.0
1.02638,0.12,0.965,0.96615,0.02974727,0.02233708,0.0,0.0,0.02974726,0.02233708,1.270896e-08,0.0,0.0,0.0
1.02732,0.12,0.966,0.96715,0.02975943,0.02239225,0.0,0.0,0.02975942,0.02239225,1.227528e-08,0.0,0.0,0.0
1.02826,0.12,0.967,0.96815,0.02976985,0.02244785,0.0,0.0,0.02976984,0.02244785,1.185579e-08,0.0,0.0,0.0
1.0292,0.12,0.968,0.96915,0.02977993,0.02250376,0.0,0.0,0.02977992,0.02250376,1.145007e-08,0.0,0.0,0.0
1.03014,0.12,0.969,0.97015,0.02978992,0.02255992,0.0,0.0,0.0297899,0.02255992,1.105768e-08,0.0,0.0,0.0
1.03108,0.12,0.97,0.97115,0.02979991,0.0226163,0.0,0.0,0.0297999,0.0226163,1.06782e-08,0.0,0.0,0.0
1.03203,0.12,0.971,0.97215,0.02980995,0.02267288,0.0,0.0,0.02980994,0.02267288,1.031123e-08,0.0,0.0,0.0
1.03297,0.12,0.972,0.97315,0.02982006,0.02272966,0.0,0.0,0.02982005,0.02272966,9.956367e-09,0.0,0.0,0.0
1.03391,0.12,0.973,0.97415,0.02983026,0.02278661,0.0,0.0,0.02983025,0.02278661,9.613237e-09,0.0,0.0,0.0
1.03485,0.12,0.974,0.97515,0.02984055,0.02284374,0.0,0.0,0.02984054,0.02284374,9.281466e-09,0.0,0.0,0.0
1.03579,0.12,0.975,0.97615,0.02986432,0.02289902,0.0,0.0,0.02986431,0.02289902,8.960696e-09,0.0,0.0,0.0
1.03674,0.12,0.976,0.97715,0.0298782,0.02295285,0.0,0.0,0.02987819,0.02295285,8.650578e-09,0.0,0.0,0.0
1.03768,0.12,0.977,0.97815,0.02988904,0.02300835,0.0,0.0,0.02988903,0.02300835,8.350774e-09,0.0,0.0,0.0
1.03862,0.12,0.978,0.97915,0.02994121,0.02306384,0.0,0.0,0.0299412,0.02306384,8.060956e-09,0.0,0.0,0.0
1.03956,0.12,0.979,0.98015,0.02995195,0.02311997,0.0,0.0,0.02995194,0.02311997,7.780806e-09,0.0,0.0,0.0
1.04051,0.12,0.98,0.98115,0.02996172,0.02317647,0.0,0.0,0.02996171,0.02317647,7.510016e-09,0.0,0.0,0.0
1.04145,0.12,0.981,0.98215,0.02997125,0.02323326,0.0,0.0,0.02997125,0.02323326,7.248287e-09,0.0,0.0,0.0
1.04239,0.12,0.982,0.98315,0.02998073,0.0232903,0.0,0.0,0.02998072,0.0232903,6.995328e-09,0.0,0.0,0.0
1.04334,0.12,0.983,0.98415,0.02999022,0.02334756,0.0,0.0,0.02999021,0.02334756,6.750859e-09,0.0,0.0,0.0
1.04428,0.12,0.984,0.98515,0.02999975,0.02340502,0.0,0.0,0.02999975,0.02340502,6.514606e-09,0.0,0.0,0.0
1.04522,0.12,0.985,0.98615,0.03000936,0.02346267,0.0,0.0,0.03000935,0.02346267,6.286306e-09,0.0,0.0,0.0
1.04617,0.12,0.986,0.98715,0.03001904,0.02352051,0.0,0.0,0.03001903,0.02352051,6.065703e-09,0.0,0.0,0.0
1.04711,0.12,0.987,0.98815,0.0300288,0.02357852,0.0,0.0,0.03002879,0.02357852,5.852548e-09,0.0,0.0,0.0
1.04805,0.12,0.988,0.98915,0.03005134,0.02363475,0.0,0.0,0.03005133,0.02363475,5.6466e-09,0.0,0.0,0.0
1.049,0.12,0.989,0.99015,0.03006453,0.02368958,0.0,0.0,0.03006453,0.02368958,5.447626e-09,0.0,0.0,0.0
1.04994,0.12,0.99,0.99115,0.03007482,0.02374604,0.0,0.0,0.03007482,0.02374604,5.2554e-09,0.0,0.0,0.0
1.05089,0.12,0.991,0.99215,0.03012431,0.02380251,0.0,0.0,0.03012431,0.02380251,5.069703e-09,0.0,0.0,0.0
1.05183,0.12,0.992,0.99315,0.03013458,0.0238596,0.0,0.0,0.03013458,0.0238596,4.890322e-09,0.0,0.0,0.0
1.05277,0.12,0.993,0.99415,0.03014386,0.02391706,0.0,0.0,0.03014386,0.02391706,4.717052e-09,0.0,0.0,0.0
1.05372,0.12,0.994,0.99515,0.03015291,0.02397481,0.0,0.0,0.0301529,0.02397481,4.549692e-09,0.0,0.0,0.0
1.05466,0.12,0.995,0.99615,0.03016189,0.02403281,0.0,0.0,0.03016188,0.02403281,4.38805e-09,0.0,0.0,0.0
1.05561,0.12,0.996,0.99715,0.03017087,0.02409104,0.0,0.0,0.03017087,0.02409104,4.231939e-09,0.0,0.0,0.0
1.05655,0.12,0.997,0.99815,0.0301799,0.02414947,0.0,0.0,0.0301799,0.02414947,4.081178e-09,0.0,0.0,0.0
1.0575,0.12,0.998,0.99915,0.03018898,0.02420809,0.0,0.0,0.03018898,0.02420809,3.935589e-09,0.0,0.0,0.0
1.05844,0.12,0.999,1.00015,0.03019813,0.02426691,0.0,0.0,0.03019813,0.02426691,3.795004e-09,0.0,0.0,0.0
1.05939,0.12,1.0,1.00115,0.03020735,0.02432591,0.0,0.0,0.03020735,0.02432591,3.659258e-09,0.0,0.0,0.0
1.06033,0.12,1.001,1.00215,0.03021665,0.02438508,0.0,0.0,0.03021665,0.02438508,3.52819e-09,0.0,0.0,0.0
1.06128,0.12,1.002,1.00315,0.03024079,0.02443992,0.0,0.0,0.03024078,0.02443992,3.401646e-09,0.0,0.0,0.0
1.06222,0.12,1.003,1.00415,0.03025083,0.02449723,0.0,0.0,0.03025083,0.02449723,3.279476e-09,0.0,0.0,0.0
1.06317,0.12,1.004,1.00515,0.03029657,0.02455485,0.0,0.0,0.03029657,0.02455485,3.161536e-09,0.0,0.0,0.0
1.06411,0.12,1.005,1.00615,0.03030749,0.02461288,0.0,0.0,0.03030749,0.02461288,3.047684e-09,0.0,0.0,0.0
1.06506,0.12,1.006,1.00715,0.03031646,0.02467135,0.0,0.0,0.03031646,0.02467135,2.937785e-09,0.0,0.0,0.0
1.06601,0.12,1.007,1.00815,0.03032507,0.02473014,0.0,0.0,0.03032507,0.02473014,2.831706e-09,0.0,0.0,0.0
1.06695,0.12,1.008,1.00915,0.03033358,0.02478918,0.0,0.0,0.03033358,0.02478918,2.729322e-09,0.0,0.0,0.0
1.0679,0.12,1.009,1.01015,0.03034207,0.02484846,0.0,0.0,0.03034207,0.02484846,2.630507e-09,0.0,0.0,0.0
1.06884,0.12,1.01,1.01115,0.03035058,0.02490795,0.0,0.0,0.03035058,0.02490795,2.535143e-09,0.0,0.0,0.0
1.06979,0.12,1.011,1.01215,0.03035914,0.02496764,0.0,0.0,0.03035914,0.02496764,2.443113e-09,0.0,0.0,0.0
1.07074,0.12,1.012,1.01315,0.03036775,0.02502753,0.0,0.0,0.03036775,0.02502753,2.354306e-09,0.0,0.0,0.0
1.07168,0.12,1.013,1.01415,0.03037643,0.0250876,0.0,0.0,0.03037642,0.0250876,2.268614e-09,0.0,0.0,0.0
1.07263,0.12,1.014,1.01515,0.03038517,0.02514786,0.0,0.0,0.03038517,0.02514786,2.185931e-09,0.0,0.0,0.0
1.07357,0.12,1.015,1.01615,0.03040567,0.02520624,0.0,0.0,0.03040567,0.02520624,2.106156e-09,0.0,0.0,0.0
1.07452,0.12,1.016,1.01715,0.03041709,0.02526371,0.0,0.0,0.03041709,0.02526371,2.02919e-09,0.0,0.0,0.0
1.07547,0.12,1.017,1.01815,0.03042627,0.02532261,0.0,0.0,0.03042627,0.02532261,1.954939e-09,0.0,0.0,0.0
1.07641,0.12,1.018,1.01915,0.03047034,0.02538153,0.0,0.0,0.03047034,0.02538153,1.883311e-09,0.0,0.0,0.0
1.07736,0.12,1.019,1.02015,0.03047958,0.02544102,0.0,0.0,0.03047958,0.02544102,1.814216e-09,0.0,0.0,0.0
1.07831,0.12,1.02,1.02115,0.0304879,0.02550089,0.0,0.0,0.0304879,0.02550089,1.747568e-09,0.0,0.0,0.0
1.07925,0.12,1.021,1.02215,0.03049598,0.02556104,0.0,0.0,0.03049598,0.02556104,1.683284e-09,0.0,0.0,0.0
1.0802,0.12,1.022,1.02315,0.030504,0.02562144,0.0,0.0,0.030504,0.02562144,1.621284e-09,0.0,0.0,0.0
1.08115,0.12,1.023,1.02415,0.03051201,0.02568207,0.0,0.0,0.03051201,0.02568207,1.561489e-09,0.0,0.0,0.0
1.0821,0.12,1.024,1.02515,0.03052005,0.02574291,0.0,0.0,0.03052005,0.02574291,1.503824e-09,0.0,0.0,0.0
1.08304,0.12,1.025,1.02615,0.03052812,0.02580395,0.0,0.0,0.03052812,0.02580395,1.448216e-09,0.0,0.0,0.0
1.08399,0.12,1.026,1.02715,0.03053625,0.02586518,0.0,0.0,0.03053625,0.02586518,1.394594e-09,0.0,0.0,0.0
1.08494,0.12,1.027,1.02815,0.03054443,0.02592661,0.0,0.0,0.03054443,0.02592661,1.34289e-09,0.0,0.0,0.0
1.08589,0.12,1.028,1.02915,0.03055267,0.02598822,0.0,0.0,0.03055267,0.02598822,1.293038e-09,0.0,0.0,0.0
1.08683,0.12,1.029,1.03015,0.03057205,0.02604795,0.0,0.0,0.03057205,0.02604795,1.244975e-09,0.0,0.0,0.0
1.08778,0.12,1.03,1.03115,0.03058268,0.02610697,0.0,0.0,0.03058268,0.02610697,1.198638e-09,0.0,0.0,0.0
1.08873,0.12,1.031,1.03215,0.03059132,0.02616731,0.0,0.0,0.03059132,0.02616731,1.153967e-09,0.0,0.0,0.0
1.08968,0.12,1.032,1.03315,0.03063265,0.02622769,0.0,0.0,0.03063265,0.02622769,1.110906e-09,0.0,0.0,0.0
1.09063,0.12,1.033,1.03415,0.03064139,0.02628862,0.0,0.0,0.03064139,0.02628862,1.069398e-09,0.0,0.0,0.0
1.09158,0.12,1.034,1.03515,0.03064923,0.02634991,0.0,0.0,0.03064923,0.02634991,1.029389e-09,0.0,0.0,0.0
1.09252,0.12,1.035,1.03615,0.03065685,0.02641149,0.0,0.0,0.03065685,0.02641149,9.908278e-10,0.0,0.0,0.0
1.09347,0.12,1.036,1.03715,0.0306644,0.02647332,0.0,0.0,0.0306644,0.02647332,9.53663e-10,0.0,0.0,0.0
1.09442,0.12,1.037,1.03815,0.03067193,0.02653538,0.0,0.0,0.03067193,0.02653538,9.178461e-10,0.0,0.0,0.0
1.09537,0.12,1.038,1.03915,0.03067949,0.02659765,0.0,0.0,0.03067949,0.02659765,8.833301e-10,0.0,0.0,0.0
1.09632,0.12,1.039,1.04015,0.03068707,0.02666012,0.0,0.0,0.03068707,0.02666012,8.500695e-10,0.0,0.0,0.0
1.09727,0.12,1.04,1.04115,0.0306947,0.02672279,0.0,0.0,0.0306947,0.02672279,8.180202e-10,0.0,0.0,0.0
1.09822,0.12,1.041,1.04215,0.03070237,0.02678565,0.0,0.0,0.03070237,0.02678565,7.871398e-10,0.0,0.0,0.0
1.09916,0.12,1.042,1.04315,0.0307101,0.02684869,0.0,0.0,0.0307101,0.02684869,7.573871e-10,0.0,0.0,0.0
1.10011,0.12,1.043,1.04415,0.03071787,0.02691192,0.0,0.0,0.03071787,0.02691192,7.287225e-10,0.0,0.0,0.0
1.10106,0.12,1.044,1.04515,0.03073789,0.02697128,0.0,0.0,0.03073789,0.02697128,7.011077e-10,0.0,0.0,0.0
1.10201,0.12,1.045,1.04615,0.03074625,0.02703295,0.0,0.0,0.03074625,0.02703295,6.745054e-10,0.0,0.0,0.0
1.10296,0.12,1.046,1.04715,0.0307837,0.02709495,0.0,0.0,0.0307837,0.02709495,6.4888e-10,0.0,0.0,0.0
1.10391,0.12,1.047,1.04815,0.03079317,0.02715727,0.0,0.0,0.03079317,0.02715727,6.241968e-10,0.0,0.0,0.0
1.10486,0.12,1.048,1.04915,0.03080071,0.02722003,0.0,0.0,0.03080071,0.02722003,6.004225e-10,0.0,0.0,0.0
1.10581,0.12,1.049,1.05015,0.03080792,0.02728309,0.0,0.0,0.03080792,0.02728309,5.775247e-10,0.0,0.0,0.0
1.10676,0.12,1.05,1.05115,0.03081502,0.02734641,0.0,0.0,0.03081502,0.02734641,5.554723e-10,0.0,0.0,0.0
1.10771,0.12,1.051,1.05215,0.03082209,0.02740996,0.0,0.0,0.03082209,0.02740996,5.342351e-10,0.0,0.0,0.0
1.10866,0.12,1.052,1.05315,0.03082916,0.02747373,0.0,0.0,0.03082916,0.02747373,5.137842e-10,0.0,0.0,0.0
1.10961,0.12,1.053,1.05415,0.03083626,0.02753771,0.0,0.0,0.03083626,0.02753771,4.940913e-10,0.0,0.0,0.0
1.11056,0.12,1.054,1.05515,0.03084338,0.02760188,0.0,0.0,0.03084338,0.02760188,4.751295e-10,0.0,0.0,0.0
1.11151,0.12,1.055,1.05615,0.03085055,0.02766625,0.0,0.0,0.03085055,0.02766625,4.568724e-10,0.0,0.0,0.0
1.11246,0.12,1.056,1.05715,0.03085775,0.02773081,0.0,0.0,0.03085775,0.02773081,4.392948e-10,0.0,0.0,0.0
1.11341,0.12,1.057,1.05815,0.030865,0.02779556,0.0,0.0,0.030865,0.02779556,4.223723e-10,0.0,0.0,0.0
1.11436,0.12,1.058,1.05915,0.03088156,0.02785883,0.0,0.0,0.03088156,0.02785883,4.060814e-10,0.0,0.0,0.0
1.11531,0.12,1.059,1.06015,0.0308912,0.02792114,0.0,0.0,0.0308912,0.02792114,3.903992e-10,0.0,0.0,0.0
1.11626,0.12,1.06,1.06115,0.03089882,0.02798477,0.0,0.0,0.03089882,0.02798477,3.753038e-10,0.0,0.0,0.0
1.11721,0.12,1.061,1.06215,0.03093457,0.02804851,0.0,0.0,0.03093457,0.02804851,3.60774e-10,0.0,0.0,0.0
1.11816,0.12,1.062,1.06315,0.03094249,0.02811272,0.0,0.0,0.03094249,0.02811272,3.467894e-10,0.0,0.0,0.0
1.11911,0.12,1.063,1.06415,0.03094943,0.02817729,0.0,0.0,0.03094943,0.02817729,3.333301e-10,0.0,0.0,0.0
1.12006,0.12,1.064,1.06515,0.03095614,0.02824214,0.0,0.0,0.03095614,0.02824214,3.203771e-10,0.0,0.0,0.0
1.12102,0.12,1.065,1.06615,0.03096278,0.02830724,0.0,0.0,0.03096277,0.02830724,3.07912e-10,0.0,0.0,0.0
1.12197,0.12,1.066,1.06715,0.03096939,0.02837257,0.0,0.0,0.03096939,0.02837257,2.959171e-10,0.0,0.0,0.0
1.12292,0.12,1.067,1.06815,0.030976,0.02843811,0.0,0.0,0.030976,0.02843811,2.843751e-10,0.0,0.0,0.0
1.12387,0.12,1.068,1.06915,0.03098263,0.02850386,0.0,0.0,0.03098263,0.02850386,2.732697e-10,0.0,0.0,0.0
1.12482,0.12,1.069,1.07015,0.0309893,0.0285698,0.0,0.0,0.0309893,0.0285698,2.625848e-10,0.0,0.0,0.0
1.12577,0.12,1.07,1.07115,0.03099599,0.02863594,0.0,0.0,0.03099599,0.02863594,2.52305e-10,0.0,0.0,0.0
1.12672,0.12,1.071,1.07215,0.03100272,0.02870227,0.0,0.0,0.03100272,0.02870227,2.424155e-10,0.0,0.0,0.0
1.12768,0.12,1.072,1.07315,0.03100949,0.02876878,0.0,0.0,0.03100949,0.02876878,2.329019e-10,0.0,0.0,0.0
1.12863,0.12,1.073,1.07415,0.03102381,0.02883444,0.0,0.0,0.03102381,0.02883444,2.237505e-10,0.0,0.0,0.0
1.12958,0.12,1.074,1.07515,0.03103378,0.02889831,0.0,0.0,0.03103378,0.02889831,2.149479e-10,0.0,0.0,0.0
1.13053,0.12,1.075,1.07615,0.03104094,0.02896376,0.0,0.0,0.03104094,0.02896376,2.064812e-10,0.0,0.0,0.0
1.13148,0.12,1.076,1.07715,0.03107378,0.02902939,0.0,0.0,0.03107378,0.02902939,1.983381e-10,0.0,0.0,0.0
1.13243,0.12,1.077,1.07815,0.03108149,0.02909541,0.0,0.0,0.03108149,0.02909541,1.905066e-10,0.0,0.0,0.0
1.13339,0.12,1.078,1.07915,0.03108803,0.02916181,0.0,0.0,0.03108803,0.02916181,1.829751e-10,0.0,0.0,0.0
1.13434,0.12,1.079,1.08015,0.03109431,0.02922849,0.0,0.0,0.03109431,0.02922849,1.757326e-10,0.0,0.0,0.0
1.13529,0.12,1.08,1.08115,0.03110051,0.02929542,0.0,0.0,0.03110051,0.02929542,1.687683e-10,0.0,0.0,0.0
1.13624,0.12,1.081,1.08215,0.03110667,0.02936258,0.0,0.0,0.03110667,0.02936258,1.620718e-10,0.0,0.0,0.0
1.1372,0.12,1.082,1.08315,0.03111284,0.02942995,0.0,0.0,0.03111284,0.02942995,1.556333e-10,0.0,0.0,0.0
1.13815,0.12,1.083,1.08415,0.03111902,0.02949752,0.0,0.0,0.03111902,0.02949752,1.49443e-10,0.0,0.0,0.0
1.1391,0.12,1.084,1.08515,0.03112522,0.02956529,0.0,0.0,0.03112522,0.02956529,1.434918e-10,0.0,0.0,0.0
1.14005,0.12,1.085,1.08615,0.03113145,0.02963326,0.0,0.0,0.03113145,0.02963326,1.377707e-10,0.0,0.0,0.0
1.14101,0.12,1.086,1.08715,0.0311377,0.02970142,0.0,0.0,0.0311377,0.02970142,1.32271e-10,0.0,0.0,0.0
1.14196,0.12,1.087,1.08815,0.03114399,0.02976976,0.0,0.0,0.03114399,0.02976976,1.269845e-10,0.0,0.0,0.0
1.14291,0.12,1.088,1.08915,0.03115031,0.02983829,0.0,0.0,0.03115031,0.02983829,1.219031e-10,0.0,0.0,0.0
1.14387,0.12,1.089,1.09015,0.03116596,0.02990419,0.0,0.0,0.03116596,0.02990419,1.170193e-10,0.0,0.0,0.0
1.14482,0.12,1.09,1.09115,0.03117306,0.02997124,0.0,0.0,0.03117306,0.02997124,1.123254e-10,0.0,0.0,0.0
1.14577,0.12,1.091,1.09215,0.03117953,0.03003899,0.0,0.0,0.03117953,0.03003899,1.078145e-10,0.0,0.0,0.0
1.14672,0.12,1.092,1.09315,0.03121051,0.03010667,0.0,0.0,0.03121051,0.03010667,1.034795e-10,0.0,0.0,0.0
1.14768,0.12,1.093,1.09415,0.03121692,0.0301749,0.0,0.0,0.03121692,0.0301749,9.931381e-11,0.0,0.0,0.0
1.14863,0.12,1.094,1.09515,0.03122287,0.03024344,0.0,0.0,0.03122286,0.03024344,9.531106e-11,0.0,0.0,0.0
1.14958,0.12,1.095,1.09615,0.03122867,0.03031223,0.0,0.0,0.03122867,0.03031223,9.146504e-11,0.0,0.0,0.0
1.15054,0.12,1.096,1.09715,0.03123442,0.03038126,0.0,0.0,0.03123442,0.03038126,8.776982e-11,0.0,0.0,0.0
1.15149,0.12,1.097,1.09815,0.03124016,0.0304505,0.0,0.0,0.03124016,0.0304505,8.421966e-11,0.0,0.0,0.0
1.15245,0.12,1.098,1.09915,0.0312459,0.03051996,0.0,0.0,0.0312459,0.03051996,8.080905e-11,0.0,0.0,0.0
1.1534,0.12,1.099,1.10015,0.03125166,0.03058961,0.0,0.0,0.03125166,0.03058961,7.753266e-11,0.0,0.0,0.0
1.15435,0.12,1.1,1.10115,0.03125743,0.03065946,0.0,0.0,0.03125743,0.03065946,7.438539e-11,0.0,0.0,0.0
1.15531,0.12,1.101,1.10215,0.03126323,0.0307295,0.0,0.0,0.03126323,0.0307295,7.13623e-11,0.0,0.0,0.0
1.15626,0.12,1.102,1.10315,0.03126905,0.03079973,0.0,0.0,0.03126905,0.03079973,6.845864e-11,0.0,0.0,0.0
1.15722,0.12,1.103,1.10415,0.0312749,0.03087015,0.0,0.0,0.0312749,0.03087015,6.566982e-11,0.0,0.0,0.0
1.15817,0.12,1.104,1.10515,0.03128077,0.03094074,0.0,0.0,0.03128077,0.03094074,6.299146e-11,0.0,0.0,0.0
1.15912,0.12,1.105,1.10615,0.03129534,0.03100867,0.0,0.0,0.03129534,0.03100867,6.041931e-11,0.0,0.0,0.0
1.16008,0.12,1.106,1.10715,0.03130182,0.03107799,0.0,0.0,0.03130182,0.03107799,5.794928e-11,0.0,0.0,0.0
1.16103,0.12,1.107,1.10815,0.03130781,0.03114791,0.0,0.0,0.03130781,0.03114791,5.557744e-11,0.0,0.0,0.0
1.16199,0.12,1.108,1.10915,0.03133634,0.03121776,0.0,0.0,0.03133634,0.03121776,5.330001e-11,0.0,0.0,0.0
1.16294,0.12,1.109,1.11015,0.03134225,0.03128815,0.0,0.0,0.03134225,0.03128815,5.111334e-11,0.0,0.0,0.0
1.1639,0.12,1.11,1.11115,0.03134778,0.03135883,0.0,0.0,0.03134778,0.03135883,4.901392e-11,0.0,0.0,0.0
1.16485,0.12,1.111,1.11215,0.03135318,0.03142976,0.0,0.0,0.03135318,0.03142976,4.699837e-11,0.0,0.0,0.0
1.16581,0.12,1.112,1.11315,0.03135853,0.03150092,0.0,0.0,0.03135853,0.03150092,4.506345e-11,0.0,0.0,0.0
1.16676,0.12,1.113,1.11415,0.03136386,0.03157229,0.0,0.0,0.03136386,0.03157229,4.320602e-11,0.0,0.0,0.0
1.16772,0.12,1.114,1.11515,0.0313692,0.03164387,0.0,0.0,0.0313692,0.03164387,4.142308e-11,0.0,0.0,0.0
1.16867,0.12,1.115,1.11615,0.03137455,0.03171565,0.0,0.0,0.03137455,0.03171565,3.971171e-11,0.0,0.0,0.0
1.16963,0.12,1.116,1.11715,0.03137991,0.03178762,0.0,0.0,0.03137991,0.03178762,3.806915e-11,0.0,0.0,0.0
1.17058,0.12,1.117,1.11815,0.03138529,0.03185979,0.0,0.0,0.03138529,0.03185979,3.649269e-11,0.0,0.0,0.0
1.17154,0.12,1.118,1.11915,0.0313907,0.03193214,0.0,0.0,0.0313907,0.03193214,3.497976e-11,0.0,0.0,0.0
1.17249,0.12,1.119,1.12015,0.03139612,0.03200468,0.0,0.0,0.03139612,0.03200468,3.352787e-11,0.0,0.0,0.0
1.17345,0.12,1.12,1.12115,0.03140158,0.0320774,0.0,0.0,0.03140158,0.0320774,3.213464e-11,0.0,0.0,0.0
1.1744,0.12,1.121,1.12215,0.03141436,0.03214842,0.0,0.0,0.03141436,0.03214842,3.079775e-11,0.0,0.0,0.0
1.17536,0.12,1.122,1.12315,0.03142088,0.03221963,0.0,0.0,0.03142088,0.03221963,2.951501e-11,0.0,0.0,0.0
1.17631,0.12,1.123,1.12415,0.03142653,0.03229167,0.0,0.0,0.03142653,0.03229167,2.828427e-11,0.0,0.0,0.0
1.17727,0.12,1.124,1.12515,0.03145237,0.03236378,0.0,0.0,0.03145237,0.03236378,2.710349e-11,0.0,0.0,0.0
1.17823,0.12,1.125,1.12615,0.03145826,0.03243629,0.0,0.0,0.03145826,0.03243629,2.597071e-11,0.0,0.0,0.0
1.17918,0.12,1.126,1.12715,0.03146349,0.03250913,0.0,0.0,0.03146349,0.03250913,2.488402e-11,0.0,0.0,0.0
1.18014,0.12,1.127,1.12815,0.03146855,0.03258222,0.0,0.0,0.03146855,0.03258222,2.38416e-11,0.0,0.0,0.0
1.18109,0.12,1.128,1.12915,0.03147354,0.03265555,0.0,0.0,0.03147354,0.03265555,2.284171e-11,0.0,0.0,0.0
1.18205,0.12,1.129,1.13015,0.03147851,0.03272909,0.0,0.0,0.03147851,0.03272909,2.188266e-11,0.0,0.0,0.0
1.18301,0.12,1.13,1.13115,0.03148348,0.03280284,0.0,0.0,0.03148348,0.03280284,2.096282e-11,0.0,0.0,0.0
1.18396,0.12,1.131,1.13215,0.03148845,0.03287679,0.0,0.0,0.03148845,0.03287679,2.008064e-11,0.0,0.0,0.0
1.18492,0.12,1.132,1.13315,0.03149343,0.03295093,0.0,0.0,0.03149343,0.03295093,1.923462e-11,0.0,0.0,0.0
1.18587,0.12,1.133,1.13415,0.03149842,0.03302526,0.0,0.0,0.03149842,0.03302526,1.842332e-11,0.0,0.0,0.0
1.18683,0.12,1.134,1.13515,0.03150344,0.03309979,0.0,0.0,0.03150344,0.03309979,1.764535e-11,0.0,0.0,0.0
1.18779,0.12,1.135,1.13615,0.03150847,0.03317449,0.0,0.0,0.03150847,0.03317449,1.689939e-11,0.0,0.0,0.0
1.18874,0.12,1.136,1.13715,0.03151353,0.03324938,0.0,0.0,0.03151353,0.03324938,1.618416e-11,0.0,0.0,0.0
1.1897,0.12,1.137,1.13815,0.0315186,0.03332446,0.0,0.0,0.0315186,0.03332446,1.549841e-11,0.0,0.0,0.0
1.19066,0.12,1.138,1.13915,0.03153073,0.03339749,0.0,0.0,0.03153073,0.03339749,1.484098e-11,0.0,0.0,0.0
1.19161,0.12,1.139,1.14015,0.03153645,0.03347139,0.0,0.0,0.03153645,0.03347139,1.421073e-11,0.0,0.0,0.0
1.19257,0.12,1.14,1.14115,0.03154165,0.03354592,0.0,0.0,0.03154165,0.03354592,1.360655e-11,0.0,0.0,0.0
1.19353,0.12,1.141,1.14215,0.03156544,0.03362046,0.0,0.0,0.03156544,0.03362046,1.302741e-11,0.0,0.0,0.0
1.19448,0.12,1.142,1.14315,0.03157073,0.03369544,0.0,0.0,0.03157073,0.03369544,1.24723e-11,0.0,0.0,0.0
1.19544,0.12,1.143,1.14415,0.03157557,0.03377071,0.0,0.0,0.03157557,0.03377071,1.194024e-11,0.0,0.0,0.0
1.1964,0.12,1.144,1.14515,0.03158028,0.03384623,0.0,0.0,0.03158028,0.03384623,1.14303e-11,0.0,0.0,0.0
1.19736,0.12,1.145,1.14615,0.03158493,0.03392197,0.0,0.0,0.03158493,0.03392197,1.09416e-11,0.0,0.0,0.0
1.19831,0.12,1.146,1.14715,0.03158957,0.03399792,0.0,0.0,0.03158957,0.03399792,1.047326e-11,0.0,0.0,0.0
1.19927,0.12,1.147,1.14815,0.03159421,0.03407408,0.0,0.0,0.03159421,0.03407408,1.002447e-11,0.0,0.0,0.0
1.20023,0.12,1.148,1.14915,0.03159885,0.03415044,0.0,0.0,0.03159885,0.03415044,9.594423e-12,0.0,0.0,0.0
1.20119,0.12,1.149,1.15015,0.0316035,0.03422698,0.0,0.0,0.0316035,0.03422698,9.182369e-12,0.0,0.0,0.0
1.20214,0.12,1.15,1.15115,0.03160816,0.03430372,0.0,0.0,0.03160816,0.03430372,8.78757e-12,0.0,0.0,0.0
1.2031,0.12,1.151,1.15215,0.03161284,0.03438065,0.0,0.0,0.03161284,0.03438065,8.409324e-12,0.0,0.0,0.0
1.20406,0.12,1.152,1.15315,0.03161754,0.03445776,0.0,0.0,0.03161754,0.03445776,8.046956e-12,0.0,0.0,0.0
1.20502,0.12,1.153,1.15415,0.03162226,0.03453505,0.0,0.0,0.03162226,0.03453505,7.699816e-12,0.0,0.0,0.0
1.20597,0.12,1.154,1.15515,0.03162699,0.03461252,0.0,0.0,0.03162699,0.03461252,7.367282e-12,0.0,0.0,0.0
1.20693,0.12,1.155,1.15615,0.03163761,0.0346887,0.0,0.0,0.03163761,0.0346887,7.048756e-12,0.0,0.0,0.0
1.20789,0.12,1.156,1.15715,0.03164336,0.03476485,0.0,0.0,0.03164336,0.03476485,6.743664e-12,0.0,0.0,0.0
1.20885,0.12,1.157,1.15815,0.03164829,0.03484179,0.0,0.0,0.03164829,0.03484179,6.451453e-12,0.0,0.0,0.0
1.20981,0.12,1.158,1.15915,0.03166961,0.03491887,0.0,0.0,0.03166961,0.03491887,6.171594e-12,0.0,0.0,0.0
1.21076,0.12,1.159,1.16015,0.03167495,0.03499627,0.0,0.0,0.03167495,0.03499627,5.90358e-12,0.0,0.0,0.0
1.21172,0.12,1.16,1.16115,0.03167956,0.03507398,0.0,0.0,0.03167956,0.03507398,5.646921e-12,0.0,0.0,0.0
1.21268,0.12,1.161,1.16215,0.03168401,0.03515195,0.0,0.0,0.03168401,0.03515195,5.40115e-12,0.0,0.0,0.0
1.21364,0.12,1.162,1.16315,0.03168839,0.03523014,0.0,0.0,0.03168839,0.03523014,5.165817e-12,0.0,0.0,0.0
1.2146,0.12,1.163,1.16415,0.03169275,0.03530854,0.0,0.0,0.03169275,0.03530854,4.940489e-12,0.0,0.0,0.0
1.21556,0.12,1.164,1.16515,0.0316971,0.03538715,0.0,0.0,0.0316971,0.03538715,4.724753e-12,0.0,0.0,0.0
1.21651,0.12,1.165,1.16615,0.03170146,0.03546595,0.0,0.0,0.03170146,0.03546595,4.518211e-12,0.0,0.0,0.0
1.21747,0.12,1.166,1.16715,0.03170582,0.03554495,0.0,0.0,0.03170582,0.03554495,4.320482e-12,0.0,0.0,0.0
1.21843,0.12,1.167,1.16815,0.03171019,0.03562414,0.0,0.0,0.03171019,0.03562414,4.131198e-12,0.0,0.0,0.0
1.21939,0.12,1.168,1.16915,0.03171458,0.03570352,0.0,0.0,0.03171458,0.03570352,3.950009e-12,0.0,0.0,0.0
1.22035,0.12,1.169,1.17015,0.03171899,0.03578308,0.0,0.0,0.03171899,0.03578308,3.776577e-12,0.0,0.0,0.0
1.22131,0.12,1.17,1.17115,0.03172341,0.03586282,0.0,0.0,0.03172341,0.03586282,3.610579e-12,0.0,0.0,0.0
1.22227,0.12,1.171,1.17215,0.03172785,0.03594275,0.0,0.0,0.03172785,0.03594275,3.451705e-12,0.0,0.0,0.0
1.22323,0.12,1.172,1.17315,0.03173231,0.03602286,0.0,0.0,0.03173231,0.03602286,3.299656e-12,0.0,0.0,0.0
1.22418,0.12,1.173,1.17415,0.03174248,0.03610129,0.0,0.0,0.03174248,0.03610129,3.154146e-12,0.0,0.0,0.0
1.22514,0.12,1.174,1.17515,0.03174751,0.03618043,0.0,0.0,0.03174751,0.03618043,3.014902e-12,0.0,0.0,0.0
1.2261,0.12,1.175,1.17615,0.03175209,0.03626014,0.0,0.0,0.03175209,0.03626014,2.881661e-12,0.0,0.0,0.0
1.22706,0.12,1.176,1.17715,0.03177175,0.03633992,0.0,0.0,0.03177175,0.03633992,2.75417e-12,0.0,0.0,0.0
1.22802,0.12,1.177,1.17815,0.03177651,0.03642007,0.0,0.0,0.03177651,0.03642007,2.632187e-12,0.0,0.0,0.0
1.22898,0.12,1.178,1.17915,0.03178082,0.0365005,0.0,0.0,0.03178082,0.0365005,2.515481e-12,0.0,0.0,0.0
1.22994,0.12,1.179,1.18015,0.03178501,0.03658117,0.0,0.0,0.03178501,0.03658117,2.403829e-12,0.0,0.0,0.0
1.2309,0.12,1.18,1.18115,0.03178916,0.03666206,0.0,0.0,0.03178916,0.03666206,2.297017e-12,0.0,0.0,0.0
1.23186,0.12,1.181,1.18215,0.03179328,0.03674316,0.0,0.0,0.03179328,0.03674316,2.194842e-12,0.0,0.0,0.0
1.23282,0.12,1.182,1.18315,0.03179741,0.03682446,0.0,0.0,0.03179741,0.03682446,0.0,0.0,0.0,0.0
1.23378,0.12,1.183,1.18415,0.03180154,0.03690595,0.0,0.0,0.03180154,0.03690595,0.0,0.0,0.0,0.0
1.23474,0.12,1.184,1.18515,0.03180568,0.03698764,0.0,0.0,0.03180568,0.03698764,0.0,0.0,0.0,0.0
1.2357,0.12,1.185,1.18615,0.03180983,0.03706952,0.0,0.0,0.03180983,0.03706952,0.0,0.0,0.0,0.0
1.23666,0.12,1.186,1.18715,0.031814,0.03715158,0.0,0.0,0.031814,0.03715158,0.0,0.0,0.0,0.0
1.23762,0.12,1.187,1.18815,0.03181818,0.03723383,0.0,0.0,0.03181818,0.03723383,0.0,0.0,0.0,0.0
1.23858,0.12,1.188,1.18915,0.03182237,0.03731626,0.0,0.0,0.03182237,0.03731626,0.0,0.0,0.0,0.0
1.23954,0.12,1.189,1.19015,0.03182659,0.03739888,0.0,0.0,0.03182659,0.03739888,0.0,0.0,0.0,0.0
1.2405,0.12,1.19,1.19115,0.03183082,0.03748167,0.0,0.0,0.03183082,0.03748167,0.0,0.0,0.0,0.0
1.24146,0.12,1.191,1.19215,0.03183971,0.03756348,0.0,0.0,0.03183971,0.03756348,0.0,0.0,0.0,0.0
1.24242,0.12,1.192,1.19315,0.03184486,0.03764516,0.0,0.0,0.03184486,0.03764516,0.0,0.0,0.0,0.0
1.24338,0.12,1.193,1.19415,0.03184928,0.03772758,0.0,0.0,0.03184928,0.03772758,0.0,0.0,0.0,0.0
1.24434,0.12,1.194,1.19515,0.03186671,0.03781017,0.0,0.0,0.03186671,0.03781017,0.0,0.0,0.0,0.0
1.2453,0.12,1.195,1.19615,0.0318717,0.03789303,0.0,0.0,0.0318717,0.03789303,0.0,0.0,0.0,0.0
1.24626,0.12,1.196,1.19715,0.03187589,0.03797619,0.0,0.0,0.03187589,0.03797619,0.0,0.0,0.0,0.0
1.24722,0.12,1.197,1.19815,0.03187993,0.0380596,0.0,0.0,0.03187993,0.0380596,0.0,0.0,0.0,0.0
1.24818,0.12,1.198,1.19915,0.03188391,0.03814322,0.0,0.0,0.03188391,0.03814322,0.0,0.0,0.0,0.0
1.24914,0.12,1.199,1.20015,0.03188788,0.03822706,0.0,0.0,0.03188788,0.03822706,0.0,0.0,0.0,0.0
1.2501,0.12,1.2,1.20115,0.03189184,0.0383111,0.0,0.0,0.03189184,0.0383111,0.0,0.0,0.0,0.0
1.25107,0.12,1.201,1.20215,0.0318958,0.03839534,0.0,0.0,0.0318958,0.03839534,0.0,0.0,0.0,0.0
1.25203,0.12,1.202,1.20315,0.03189978,0.03847976,0.0,0.0,0.03189978,0.03847976,0.0,0.0,0.0,0.0
1.25299,0.12,1.203,1.20415,0.03190376,0.03856438,0.0,0.0,0.03190376,0.03856438,0.0,0.0,0.0,0.0
1.25395,0.12,1.204,1.20515,0.03190776,0.03864919,0.0,0.0,0.03190776,0.03864919,0.0,0.0,0.0,0.0
1.25491,0.12,1.205,1.20615,0.03191177,0.03873419,0.0,0.0,0.03191177,0.03873419,0.0,0.0,0.0,0.0
1.25587,0.12,1.206,1.20715,0.0319158,0.03881936,0.0,0.0,0.0319158,0.03881936,0.0,0.0,0.0,0.0
1.25683,0.12,1.207,1.20815,0.03191984,0.03890473,0.0,0.0,0.03191984,0.03890473,0.0,0.0,0.0,0.0
1.25779,0.12,1.208,1.20915,0.03192391,0.03899027,0.0,0.0,0.03192391,0.03899027,0.0,0.0,0.0,0.0
1.25875,0.12,1.209,1.21015,0.03192799,0.039076,0.0,0.0,0.03192799,0.039076,0.0,0.0,0.0,0.0
1.25972,0.12,1.21,1.21115,0.03193654,0.03916049,0.0,0.0,0.03193654,0.03916049,0.0,0.0,0.0,0.0
1.26068,0.12,1.211,1.21215,0.03194118,0.0392454,0.0,0.0,0.03194118,0.0392454,0.0,0.0,0.0,0.0
1.26164,0.12,1.212,1.21315,0.0319454,0.03933086,0.0,0.0,0.0319454,0.03933086,0.0,0.0,0.0,0.0
1.2626,0.12,1.213,1.21415,0.03196151,0.03941645,0.0,0.0,0.03196151,0.03941645,0.0,0.0,0.0,0.0
1.26356,0.12,1.214,1.21515,0.03196606,0.03950234,0.0,0.0,0.03196606,0.03950234,0.0,0.0,0.0,0.0
1.26452,0.12,1.215,1.21615,0.03197009,0.03958852,0.0,0.0,0.03197009,0.03958852,0.0,0.0,0.0,0.0
1.26549,0.12,1.216,1.21715,0.03197401,0.03967492,0.0,0.0,0.03197401,0.03967492,0.0,0.0,0.0,0.0
1.26645,0.12,1.217,1.21815,0.03197788,0.03976154,0.0,0.0,0.03197788,0.03976154,0.0,0.0,0.0,0.0
1.26741,0.12,1.218,1.21915,0.03198175,0.03984837,0.0,0.0,0.03198175,0.03984837,0.0,0.0,0.0,0.0
1.26837,0.12,1.219,1.22015,0.03198561,0.0399354,0.0,0.0,0.03198561,0.0399354,0.0,0.0,0.0,0.0
1.26933,0.12,1.22,1.22115,0.03198948,0.04002263,0.0,0.0,0.03198948,0.04002263,0.0,0.0,0.0,0.0
1.2703,0.12,1.221,1.22215,0.03199335,0.04011005,0.0,0.0,0.03199335,0.04011005,0.0,0.0,0.0,0.0
1.27126,0.12,1.222,1.22315,0.03199725,0.04019766,0.0,0.0,0.03199725,0.04019766,0.0,0.0,0.0,0.0
1.27222,0.12,1.223,1.22415,0.03200115,0.04028546,0.0,0.0,0.03200115,0.04028546,0.0,0.0,0.0,0.0
1.27318,0.12,1.224,1.22515,0.03200507,0.04037345,0.0,0.0,0.03200507,0.04037345,0.0,0.0,0.0,0.0
1.27414,0.12,1.225,1.22615,0.03200901,0.04046162,0.0,0.0,0.03200901,0.04046162,0.0,0.0,0.0,0.0
1.27511,0.12,1.226,1.22715,0.03201296,0.04054998,0.0,0.0,0.03201296,0.04054998,0.0,0.0,0.0,0.0
1.27607,0.12,1.227,1.22815,0.03201693,0.04063852,0.0,0.0,0.03201693,0.04063852,0.0,0.0,0.0,0.0
1.27703,0.12,1.228,1.22915,0.03202092,0.04072724,0.0,0.0,0.03202092,0.04072724,0.0,0.0,0.0,0.0
1.27799,0.12,1.229,1.23015,0.03202768,0.04081575,0.0,0.0,0.03202768,0.04081575,0.0,0.0,0.0,0.0
1.27896,0.12,1.23,1.23115,0.0320333,0.04090321,0.0,0.0,0.0320333,0.04090321,0.0,0.0,0.0,0.0
1.27992,0.12,1.231,1.23215,0.0320375,0.04099167,0.0,0.0,0.0320375,0.04099167,0.0,0.0,0.0,0.0
1.28088,0.12,1.232,1.23315,0.0320495,0.04108045,0.0,0.0,0.0320495,0.04108045,0.0,0.0,0.0,0.0
1.28185,0.12,1.233,1.23415,0.03205662,0.04116929,0.0,0.0,0.03205662,0.04116929,0.0,0.0,0.0,0.0
1.28281,0.12,1.234,1.23515,0.0320607,0.04125849,0.0,0.0,0.0320607,0.04125849,0.0,0.0,0.0,0.0
1.28377,0.12,1.235,1.23615,0.0320646,0.04134794,0.0,0.0,0.0320646,0.04134794,0.0,0.0,0.0,0.0
1.28473,0.12,1.236,1.23715,0.03206845,0.04143761,0.0,0.0,0.03206845,0.04143761,0.0,0.0,0.0,0.0
1.2857,0.12,1.237,1.23815,0.03207229,0.04152749,0.0,0.0,0.03207229,0.04152749,0.0,0.0,0.0,0.0
1.28666,0.12,1.238,1.23915,0.03207612,0.04161757,0.0,0.0,0.03207612,0.04161757,0.0,0.0,0.0,0.0
1.28762,0.12,1.239,1.24015,0.03207996,0.04170785,0.0,0.0,0.03207996,0.04170785,0.0,0.0,0.0,0.0
1.28859,0.12,1.24,1.24115,0.03208381,0.04179833,0.0,0.0,0.03208381,0.04179833,0.0,0.0,0.0,0.0
1.28955,0.12,1.241,1.24215,0.03208767,0.041889,0.0,0.0,0.03208767,0.041889,0.0,0.0,0.0,0.0
1.29051,0.12,1.242,1.24315,0.03209154,0.04197986,0.0,0.0,0.03209154,0.04197986,0.0,0.0,0.0,0.0
1.29148,0.12,1.243,1.24415,0.03209543,0.04207091,0.0,0.0,0.03209543,0.04207091,0.0,0.0,0.0,0.0
1.29244,0.12,1.244,1.24515,0.03209934,0.04216214,0.0,0.0,0.03209934,0.04216214,0.0,0.0,0.0,0.0
1.2934,0.12,1.245,1.24615,0.03210327,0.04225356,0.0,0.0,0.03210327,0.04225356,0.0,0.0,0.0,0.0
1.29437,0.12,1.246,1.24715,0.03210721,0.04234517,0.0,0.0,0.03210721,0.04234517,0.0,0.0,0.0,0.0
1.29533,0.12,1.247,1.24815,0.03211117,0.04243697,0.0,0.0,0.03211117,0.04243697,0.0,0.0,0.0,0.0
1.29629,0.12,1.248,1.24915,0.03211515,0.04252894,0.0,0.0,0.03211515,0.04252894,0.0,0.0,0.0,0.0
1.29726,0.12,1.249,1.25015,0.03212178,0.04262066,0.0,0.0,0.03212178,0.04262066,0.0,0.0,0.0,0.0
1.29822,0.12,1.25,1.25115,0.03212702,0.0427116,0.0,0.0,0.03212702,0.0427116,0.0,0.0,0.0,0.0
1.29918,0.12,1.251,1.25215,0.0321312,0.04280339,0.0,0.0,0.0321312,0.04280339,0.0,0.0,0.0,0.0
1.30015,0.12,1.252,1.25315,0.03213526,0.04289552,0.0,0.0,0.03213526,0.04289552,0.0,0.0,0.0,0.0
1.30111,0.12,1.253,1.25415,0.03214905,0.04298768,0.0,0.0,0.03214905,0.04298768,0.0,0.0,0.0,0.0
1.30208,0.12,1.254,1.25515,0.03215315,0.04308021,0.0,0.0,0.03215315,0.04308021,0.0,0.0,0.0,0.0
1.30304,0.12,1.255,1.25615,0.03215708,0.04317298,0.0,0.0,0.03215708,0.04317298,0.0,0.0,0.0,0.0
1.304,0.12,1.256,1.25715,0.03216097,0.04326597,0.0,0.0,0.03216097,0.04326597,0.0,0.0,0.0,0.0
1.30497,0.12,1.257,1.25815,0.03216484,0.04335916,0.0,0.0,0.03216484,0.04335916,0.0,0.0,0.0,0.0
1.30593,0.12,1.258,1.25915,0.03216872,0.04345256,0.0,0.0,0.03216872,0.04345256,0.0,0.0,0.0,0.0
1.3069,0.12,1.259,1.26015,0.0321726,0.04354617,0.0,0.0,0.0321726,0.04354617,0.0,0.0,0.0,0.0
1.30786,0.12,1.26,1.26115,0.03217649,0.04363996,0.0,0.0,0.03217649,0.04363996,0.0,0.0,0.0,0.0
1.30883,0.12,1.261,1.26215,0.0321804,0.04373395,0.0,0.0,0.0321804,0.04373395,0.0,0.0,0.0,0.0
1.30979,0.12,1.262,1.26315,0.03218433,0.04382813,0.0,0.0,0.03218433,0.04382813,0.0,0.0,0.0,0.0
1.31075,0.12,1.263,1.26415,0.03218827,0.04392251,0.0,0.0,0.03218827,0.04392251,0.0,0.0,0.0,0.0
1.31172,0.12,1.264,1.26515,0.03219222,0.04401707,0.0,0.0,0.03219222,0.04401707,0.0,0.0,0.0,0.0
1.31268,0.12,1.265,1.26615,0.0321962,0.04411182,0.0,0.0,0.0321962,0.04411182,0.0,0.0,0.0,0.0
1.31365,0.12,1.266,1.26715,0.0322002,0.04420676,0.0,0.0,0.0322002,0.04420676,0.0,0.0,0.0,0.0
1.31461,0.12,1.267,1.26815,0.03220421,0.04430189,0.0,0.0,0.03220421,0.04430189,0.0,0.0,0.0,0.0
1.31558,0.12,1.268,1.26915,0.03220824,0.04439721,0.0,0.0,0.03220824,0.04439721,0.0,0.0,0.0,0.0
1.31654,0.12,1.269,1.27015,0.0322123,0.04449271,0.0,0.0,0.0322123,0.04449271,0.0,0.0,0.0,0.0
1.31751,0.12,1.27,1.27115,0.0322195,0.04458728,0.0,0.0,0.0322195,0.04458728,0.0,0.0,0.0,0.0
1.31847,0.12,1.271,1.27215,0.03222394,0.04468229,0.0,0.0,0.03222394,0.04468229,0.0,0.0,0.0,0.0
1.31944,0.12,1.272,1.27315,0.03222811,0.04477776,0.0,0.0,0.03222811,0.04477776,0.0,0.0,0.0,0.0
1.3204,0.12,1.273,1.27415,0.03224046,0.04487338,0.0,0.0,0.03224046,0.04487338,0.0,0.0,0.0,0.0
1.32137,0.12,1.274,1.27515,0.032245,0.04496926,0.0,0.0,0.032245,0.04496926,0.0,0.0,0.0,0.0
1.32233,0.12,1.275,1.27615,0.0322491,0.0450654,0.0,0.0,0.0322491,0.0450654,0.0,0.0,0.0,0.0
1.3233,0.12,1.276,1.27715,0.03225312,0.04516177,0.0,0.0,0.03225312,0.04516177,0.0,0.0,0.0,0.0
1.32426,0.12,1.277,1.27815,0.0322571,0.04525835,0.0,0.0,0.0322571,0.04525835,0.0,0.0,0.0,0.0
1.32523,0.12,1.278,1.27915,0.03226109,0.04535514,0.0,0.0,0.03226109,0.04535514,0.0,0.0,0.0,0.0
1.32619,0.12,1.279,1.28015,0.03226508,0.04545214,0.0,0.0,0.03226508,0.04545214,0.0,0.0,0.0,0.0
1.32716,0.12,1.28,1.28115,0.03226908,0.04554933,0.0,0.0,0.03226908,0.04554933,0.0,0.0,0.0,0.0
1.32812,0.12,1.281,1.28215,0.0322731,0.04564672,0.0,0.0,0.0322731,0.04564672,0.0,0.0,0.0,0.0
1.32909,0.12,1.282,1.28315,0.03227713,0.04574431,0.0,0.0,0.03227713,0.04574431,0.0,0.0,0.0,0.0
1.33005,0.12,1.283,1.28415,0.03228118,0.04584209,0.0,0.0,0.03228118,0.04584209,0.0,0.0,0.0,0.0
1.33102,0.12,1.284,1.28515,0.03228525,0.04594006,0.0,0.0,0.03228525,0.04594006,0.0,0.0,0.0,0.0
1.33198,0.12,1.285,1.28615,0.03228934,0.04603822,0.0,0.0,0.03228934,0.04603822,0.0,0.0,0.0,0.0
1.33295,0.12,1.286,1.28715,0.03229344,0.04613658,0.0,0.0,0.03229344,0.04613658,0.0,0.0,0.0,0.0
1.33392,0.12,1.287,1.28815,0.03229757,0.04623512,0.0,0.0,0.03229757,0.04623512,0.0,0.0,0.0,0.0
1.33488,0.12,1.288,1.28915,0.03230171,0.04633386,0.0,0.0,0.03230171,0.04633386,0.0,0.0,0.0,0.0
1.33585,0.12,1.289,1.29015,0.03230588,0.04643278,0.0,0.0,0.03230588,0.04643278,0.0,0.0,0.0,0.0
1.33681,0.12,1.29,1.29115,0.03231006,0.04653189,0.0,0.0,0.03231006,0.04653189,0.0,0.0,0.0,0.0
1.33778,0.12,1.291,1.29215,0.03231674,0.04663052,0.0,0.0,0.03231674,0.04663052,0.0,0.0,0.0,0.0
1.33874,0.12,1.292,1.29315,0.03232151,0.04672907,0.0,0.0,0.03232151,0.04672907,0.0,0.0,0.0,0.0
1.33971,0.12,1.293,1.29415,0.03232585,0.04682817,0.0,0.0,0.03232585,0.04682817,0.0,0.0,0.0,0.0
1.34068,0.12,1.294,1.29515,0.03233622,0.04692754,0.0,0.0,0.03233622,0.04692754,0.0,0.0,0.0,0.0
1.34164,0.12,1.295,1.29615,0.03234196,0.04702704,0.0,0.0,0.03234196,0.04702704,0.0,0.0,0.0,0.0
1.34261,0.12,1.296,1.29715,0.03234626,0.04712684,0.0,0.0,0.03234626,0.04712684,0.0,0.0,0.0,0.0
1.34358,0.12,1.297,1.29815,0.03235046,0.04722687,0.0,0.0,0.03235046,0.04722687,0.0,0.0,0.0,0.0
1.34454,0.12,1.298,1.29915,0.03235463,0.04732713,0.0,0.0,0.03235463,0.04732713,0.0,0.0,0.0,0.0
1.34551,0.12,1.299,1.30015,0.0323588,0.04742759,0.0,0.0,0.0323588,0.04742759,0.0,0.0,0.0,0.0
1.34647,0.12,1.3,1.30115,0.03236297,0.04752825,0.0,0.0,0.03236297,0.04752825,0.0,0.0,0.0,0.0
1.34744,0.12,1.301,1.30215,0.03236715,0.04762912,0.0,0.0,0.03236715,0.04762912,0.0,0.0,0.0,0.0
1.34841,0.12,1.302,1.30315,0.03237135,0.04773019,0.0,0.0,0.03237135,0.04773019,0.0,0.0,0.0,0.0
1.34937,0.12,1.303,1.30415,0.03237556,0.04783146,0.0,0.0,0.03237556,0.04783146,0.0,0.0,0.0,0.0
1.35034,0.12,1.304,1.30515,0.03237979,0.04793292,0.0,0.0,0.03237979,0.04793292,0.0,0.0,0.0,0.0
1.35131,0.12,1.305,1.30615,0.03238404,0.04803458,0.0,0.0,0.03238404,0.04803458,0.0,0.0,0.0,0.0
1.35227,0.12,1.306,1.30715,0.03238831,0.04813643,0.0,0.0,0.03238831,0.04813643,0.0,0.0,0.0,0.0
1.35324,0.12,1.307,1.30815,0.0323926,0.04823847,0.0,0.0,0.0323926,0.04823847,0.0,0.0,0.0,0.0
1.35421,0.12,1.308,1.30915,0.03239691,0.04834071,0.0,0.0,0.03239691,0.04834071,0.0,0.0,0.0,0.0
1.35517,0.12,1.309,1.31015,0.03240124,0.04844314,0.0,0.0,0.03240124,0.04844314,0.0,0.0,0.0,0.0
1.35614,0.12,1.31,1.31115,0.0324056,0.04854576,0.0,0.0,0.0324056,0.04854576,0.0,0.0,0.0,0.0
1.35711,0.12,1.311,1.31215,0.03240997,0.04864858,0.0,0.0,0.03240997,0.04864858,0.0,0.0,0.0,0.0
1.35807,0.12,1.312,1.31315,0.03241436,0.04875159,0.0,0.0,0.03241436,0.04875159,0.0,0.0,0.0,0.0
1.35904,0.12,1.313,1.31415,0.03242102,0.04885409,0.0,0.0,0.03242102,0.04885409,0.0,0.0,0.0,0.0
1.36001,0.12,1.314,1.31515,0.03242586,0.04895669,0.0,0.0,0.03242586,0.04895669,0.0,0.0,0.0,0.0
1.36097,0.12,1.315,1.31615,0.03243039,0.04905976,0.0,0.0,0.03243039,0.04905976,0.0,0.0,0.0,0.0
1.36194,0.12,1.316,1.31715,0.03244033,0.04916309,0.0,0.0,0.03244033,0.04916309,0.0,0.0,0.0,0.0
1.36291,0.12,1.317,1.31815,0.03244598,0.04926655,0.0,0.0,0.03244598,0.04926655,0.0,0.0,0.0,0.0
1.36388,0.12,1.318,1.31915,0.0324505,0.04937031,0.0,0.0,0.0324505,0.04937031,0.0,0.0,0.0,0.0
1.36484,0.12,1.319,1.32015,0.03245493,0.0494743,0.0,0.0,0.03245493,0.0494743,0.0,0.0,0.0,0.0
1.36581,0.12,1.32,1.32115,0.03245934,0.04957851,0.0,0.0,0.03245934,0.04957851,0.0,0.0,0.0,0.0
1.36678,0.12,1.321,1.32215,0.03246375,0.04968293,0.0,0.0,0.03246375,0.04968293,0.0,0.0,0.0,0.0
1.36775,0.12,1.322,1.32315,0.03246816,0.04978756,0.0,0.0,0.03246816,0.04978756,0.0,0.0,0.0,0.0
1.36871,0.12,1.323,1.32415,0.03247259,0.04989239,0.0,0.0,0.03247259,0.04989239,0.0,0.0,0.0,0.0
1.36968,0.12,1.324,1.32515,0.03247704,0.04999742,0.0,0.0,0.03247704,0.04999742,0.0,0.0,0.0,0.0
1.37065,0.12,1.325,1.32615,0.0324815,0.05010265,0.0,0.0,0.0324815,0.05010265,0.0,0.0,0.0,0.0
1.37162,0.12,1.326,1.32715,0.03248599,0.05020808,0.0,0.0,0.03248599,0.05020808,0.0,0.0,0.0,0.0
1.37258,0.12,1.327,1.32815,0.03249049,0.0503137,0.0,0.0,0.03249049,0.0503137,0.0,0.0,0.0,0.0
1.37355,0.12,1.328,1.32915,0.03249501,0.05041952,0.0,0.0,0.03249501,0.05041952,0.0,0.0,0.0,0.0
1.37452,0.12,1.329,1.33015,0.03249955,0.05052554,0.0,0.0,0.03249955,0.05052554,0.0,0.0,0.0,0.0
1.37549,0.12,1.33,1.33115,0.03250411,0.05063176,0.0,0.0,0.03250411,0.05063176,0.0,0.0,0.0,0.0
1.37645,0.12,1.331,1.33215,0.0325087,0.05073817,0.0,0.0,0.0325087,0.05073817,0.0,0.0,0.0,0.0
1.37742,0.12,1.332,1.33315,0.03251331,0.05084478,0.0,0.0,0.03251331,0.05084478,0.0,0.0,0.0,0.0
1.37839,0.12,1.333,1.33415,0.03251793,0.05095158,0.0,0.0,0.03251793,0.05095158,0.0,0.0,0.0,0.0
1.37936,0.12,1.334,1.33515,0.03252258,0.05105857,0.0,0.0,0.03252258,0.05105857,0.0,0.0,0.0,0.0
1.38033,0.12,1.335,1.33615,0.03252725,0.05116576,0.0,0.0,0.03252725,0.05116576,0.0,0.0,0.0,0.0
1.38129,0.12,1.336,1.33715,0.0325341,0.05127222,0.0,0.0,0.0325341,0.05127222,0.0,0.0,0.0,0.0
1.38226,0.12,1.337,1.33815,0.032539,0.05137922,0.0,0.0,0.032539,0.05137922,0.0,0.0,0.0,0.0
1.38323,0.12,1.338,1.33915,0.03254376,0.05148658,0.0,0.0,0.03254376,0.05148658,0.0,0.0,0.0,0.0
1.3842,0.12,1.339,1.34015,0.03255402,0.05159411,0.0,0.0,0.03255402,0.05159411,0.0,0.0,0.0,0.0
1.38517,0.12,1.34,1.34115,0.03255908,0.05170187,0.0,0.0,0.03255908,0.05170187,0.0,0.0,0.0,0.0
1.38613,0.12,1.341,1.34215,0.03256384,0.05180989,0.0,0.0,0.03256384,0.05180989,0.0,0.0,0.0,0.0
1.3871,0.12,1.342,1.34315,0.03256856,0.05191813,0.0,0.0,0.03256856,0.05191813,0.0,0.0,0.0,0.0
1.38807,0.12,1.343,1.34415,0.03257326,0.05202659,0.0,0.0,0.03257326,0.05202659,0.0,0.0,0.0,0.0
1.38904,0.12,1.344,1.34515,0.03257797,0.05213526,0.0,0.0,0.03257797,0.05213526,0.0,0.0,0.0,0.0
1.39001,0.12,1.345,1.34615,0.0325827,0.05224413,0.0,0.0,0.0325827,0.05224413,0.0,0.0,0.0,0.0
1.39098,0.12,1.346,1.34715,0.03258743,0.05235321,0.0,0.0,0.03258743,0.05235321,0.0,0.0,0.0,0.0
1.39194,0.12,1.347,1.34815,0.03259219,0.05246249,0.0,0.0,0.03259219,0.05246249,0.0,0.0,0.0,0.0
1.39291,0.12,1.348,1.34915,0.03259696,0.05257197,0.0,0.0,0.03259696,0.05257197,0.0,0.0,0.0,0.0
1.39388,0.12,1.349,1.35015,0.03260176,0.05268165,0.0,0.0,0.03260176,0.05268165,0.0,0.0,0.0,0.0
1.39485,0.12,1.35,1.35115,0.03260657,0.05279154,0.0,0.0,0.03260657,0.05279154,0.0,0.0,0.0,0.0
1.39582,0.12,1.351,1.35215,0.0326114,0.05290162,0.0,0.0,0.0326114,0.05290162,0.0,0.0,0.0,0.0
1.39679,0.12,1.352,1.35315,0.03261626,0.0530119,0.0,0.0,0.03261626,0.0530119,0.0,0.0,0.0,0.0
1.39776,0.12,1.353,1.35415,0.03262114,0.05312238,0.0,0.0,0.03262114,0.05312238,0.0,0.0,0.0,0.0
1.39873,0.12,1.354,1.35515,0.03262603,0.05323306,0.0,0.0,0.03262603,0.05323306,0.0,0.0,0.0,0.0
1.39969,0.12,1.355,1.35615,0.03263095,0.05334394,0.0,0.0,0.03263095,0.05334394,0.0,0.0,0.0,0.0
1.40066,0.12,1.356,1.35715,0.03263589,0.05345501,0.0,0.0,0.03263589,0.05345501,0.0,0.0,0.0,0.0
1.40163,0.12,1.357,1.35815,0.03264086,0.05356628,0.0,0.0,0.03264086,0.05356628,0.0,0.0,0.0,0.0
1.4026,0.12,1.358,1.35915,0.03264584,0.05367775,0.0,0.0,0.03264584,0.05367775,0.0,0.0,0.0,0.0
1.40357,0.12,1.359,1.36015,0.03265246,0.05378894,0.0,0.0,0.03265246,0.05378894,0.0,0.0,0.0,0.0
1.40454,0.12,1.36,1.36115,0.03265787,0.05390012,0.0,0.0,0.03265787,0.05390012,0.0,0.0,0.0,0.0
1.40551,0.12,1.361,1.36215,0.03266298,0.05401177,0.0,0.0,0.03266298,0.05401177,0.0,0.0,0.0,0.0
1.40648,0.12,1.362,1.36315,0.03266806,0.0541237,0.0,0.0,0.03266806,0.0541237,0.0,0.0,0.0,0.0
1.40745,0.12,1.363,1.36415,0.03267813,0.05423574,0.0,0.0,0.03267813,0.05423574,0.0,0.0,0.0,0.0
1.40842,0.12,1.364,1.36515,0.03268328,0.05434807,0.0,0.0,0.03268328,0.05434807,0.0,0.0,0.0,0.0
1.40939,0.12,1.365,1.36615,0.03268835,0.05446063,0.0,0.0,0.03268835,0.05446063,0.0,0.0,0.0,0.0
1.41035,0.12,1.366,1.36715,0.0326934,0.05457342,0.0,0.0,0.0326934,0.05457342,0.0,0.0,0.0,0.0
1.41132,0.12,1.367,1.36815,0.03269846,0.05468641,0.0,0.0,0.03269846,0.05468641,0.0,0.0,0.0,0.0
1.41229,0.12,1.368,1.36915,0.03270352,0.05479962,0.0,0.0,0.03270352,0.05479962,0.0,0.0,0.0,0.0
1.41326,0.12,1.369,1.37015,0.0327086,0.05491303,0.0,0.0,0.0327086,0.05491303,0.0,0.0,0.0,0.0
1.41423,0.12,1.37,1.37115,0.0327137,0.05502665,0.0,0.0,0.0327137,0.05502665,0.0,0.0,0.0,0.0
1.4152,0.12,1.371,1.37215,0.03271882,0.05514047,0.0,0.0,0.03271882,0.05514047,0.0,0.0,0.0,0.0
1.41617,0.12,1.372,1.37315,0.03272396,0.0552545,0.0,0.0,0.03272396,0.0552545,0.0,0.0,0.0,0.0
1.41714,0.12,1.373,1.37415,0.03272911,0.05536873,0.0,0.0,0.03272911,0.05536873,0.0,0.0,0.0,0.0
1.41811,0.12,1.374,1.37515,0.03273429,0.05548316,0.0,0.0,0.03273429,0.05548316,0.0,0.0,0.0,0.0
1.41908,0.12,1.375,1.37615,0.03273949,0.05559779,0.0,0.0,0.03273949,0.05559779,0.0,0.0,0.0,0.0
1.42005,0.12,1.376,1.37715,0.03274471,0.05571263,0.0,0.0,0.03274471,0.05571263,0.0,0.0,0.0,0.0
1.42102,0.12,1.377,1.37815,0.03274995,0.05582766,0.0,0.0,0.03274995,0.05582766,0.0,0.0,0.0,0.0
1.42199,0.12,1.378,1.37915,0.03275521,0.0559429,0.0,0.0,0.03275521,0.0559429,0.0,0.0,0.0,0.0
1.42296,0.12,1.379,1.38015,0.03276049,0.05605833,0.0,0.0,0.03276049,0.05605833,0.0,0.0,0.0,0.0
1.42393,0.12,1.38,1.38115,0.0327658,0.05617397,0.0,0.0,0.0327658,0.05617397,0.0,0.0,0.0,0.0
1.4249,0.12,1.381,1.38215,0.03277112,0.0562898,0.0,0.0,0.03277112,0.0562898,0.0,0.0,0.0,0.0
1.42587,0.12,1.382,1.38315,0.03277647,0.05640584,0.0,0.0,0.03277647,0.05640584,0.0,0.0,0.0,0.0
1.42684,0.12,1.383,1.38415,0.03278184,0.05652208,0.0,0.0,0.03278184,0.05652208,0.0,0.0,0.0,0.0
1.42781,0.12,1.384,1.38515,0.03278892,0.05663758,0.0,0.0,0.03278892,0.05663758,0.0,0.0,0.0,0.0
1.42878,0.12,1.385,1.38615,0.03279441,0.05675383,0.0,0.0,0.03279441,0.05675383,0.0,0.0,0.0,0.0
1.42975,0.12,1.386,1.38715,0.03279986,0.05687036,0.0,0.0,0.03279986,0.05687036,0.0,0.0,0.0,0.0
1.43072,0.12,1.387,1.38815,0.03280956,0.05698704,0.0,0.0,0.03280956,0.05698704,0.0,0.0,0.0,0.0
1.43169,0.12,1.388,1.38915,0.03281513,0.05710398,0.0,0.0,0.03281513,0.05710398,0.0,0.0,0.0,0.0
1.43266,0.12,1.389,1.39015,0.03282059,0.05722116,0.0,0.0,0.03282059,0.05722116,0.0,0.0,0.0,0.0
1.43363,0.12,1.39,1.39115,0.03282603,0.05733855,0.0,0.0,0.03282603,0.05733855,0.0,0.0,0.0,0.0
1.4346,0.12,1.391,1.39215,0.03283147,0.05745617,0.0,0.0,0.03283147,0.05745617,0.0,0.0,0.0,0.0
1.43557,0.12,1.392,1.39315,0.03283692,0.05757399,0.0,0.0,0.03283692,0.05757399,0.0,0.0,0.0,0.0
1.43654,0.12,1.393,1.39415,0.03284239,0.05769203,0.0,0.0,0.03284239,0.05769203,0.0,0.0,0.0,0.0
1.43751,0.12,1.394,1.39515,0.03284787,0.05781027,0.0,0.0,0.03284787,0.05781027,0.0,0.0,0.0,0.0
1.43848,0.12,1.395,1.39615,0.03285337,0.05792872,0.0,0.0,0.03285337,0.05792872,0.0,0.0,0.0,0.0
1.43945,0.12,1.396,1.39715,0.03285889,0.05804737,0.0,0.0,0.03285889,0.05804737,0.0,0.0,0.0,0.0
1.44043,0.12,1.397,1.39815,0.03286443,0.05816623,0.0,0.0,0.03286443,0.05816623,0.0,0.0,0.0,0.0
1.4414,0.12,1.398,1.39915,0.03286999,0.0582853,0.0,0.0,0.03286999,0.0582853,0.0,0.0,0.0,0.0
1.44237,0.12,1.399,1.40015,0.03287557,0.05840456,0.0,0.0,0.03287557,0.05840456,0.0,0.0,0.0,0.0
1.44334,0.12,1.4,1.40115,0.03288117,0.05852404,0.0,0.0,0.03288117,0.05852404,0.0,0.0,0.0,0.0
1.44431,0.12,1.401,1.40215,0.03288679,0.05864371,0.0,0.0,0.03288679,0.05864371,0.0,0.0,0.0,0.0
1.44528,0.12,1.402,1.40315,0.03289244,0.05876359,0.0,0.0,0.03289244,0.05876359,0.0,0.0,0.0,0.0
1.44625,0.12,1.403,1.40415,0.0328981,0.05888367,0.0,0.0,0.0328981,0.05888367,0.0,0.0,0.0,0.0
1.44722,0.12,1.404,1.40515,0.03290379,0.05900395,0.0,0.0,0.03290379,0.05900395,0.0,0.0,0.0,0.0
1.44819,0.12,1.405,1.40615,0.03290949,0.05912444,0.0,0.0,0.03290949,0.05912444,0.0,0.0,0.0,0.0
1.44916,0.12,1.406,1.40715,0.03291522,0.05924513,0.0,0.0,0.03291522,0.05924513,0.0,0.0,0.0,0.0
1.45013,0.12,1.407,1.40815,0.03292097,0.05936602,0.0,0.0,0.03292097,0.05936602,0.0,0.0,0.0,0.0
1.4511,0.12,1.408,1.40915,0.03292674,0.05948711,0.0,0.0,0.03292674,0.05948711,0.0,0.0,0.0,0.0
1.45208,0.12,1.409,1.41015,0.03293398,0.05960761,0.0,0.0,0.03293398,0.05960761,0.0,0.0,0.0,0.0
1.45305,0.12,1.41,1.41115,0.03293986,0.05972876,0.0,0.0,0.03293986,0.05972876,0.0,0.0,0.0,0.0
1.45402,0.12,1.411,1.41215,0.03294571,0.05985019,0.0,0.0,0.03294571,0.05985019,0.0,0.0,0.0,0.0
1.45499,0.12,1.412,1.41315,0.03295518,0.05997178,0.0,0.0,0.03295518,0.05997178,0.0,0.0,0.0,0.0
1.45596,0.12,1.413,1.41415,0.03296117,0.06009362,0.0,0.0,0.03296117,0.06009362,0.0,0.0,0.0,0.0
1.45693,0.12,1.414,1.41515,0.03296705,0.0602157,0.0,0.0,0.03296705,0.0602157,0.0,0.0,0.0,0.0
1.4579,0.12,1.415,1.41615,0.0329729,0.060338,0.0,0.0,0.0329729,0.060338,0.0,0.0,0.0,0.0
1.45887,0.12,1.416,1.41715,0.03297875,0.06046052,0.0,0.0,0.03297875,0.06046052,0.0,0.0,0.0,0.0
1.45985,0.12,1.417,1.41815,0.03298461,0.06058325,0.0,0.0,0.03298461,0.06058325,0.0,0.0,0.0,0.0
1.46082,0.12,1.418,1.41915,0.03299049,0.06070619,0.0,0.0,0.03299049,0.06070619,0.0,0.0,0.0,0.0
1.46179,0.12,1.419,1.42015,0.03299639,0.06082934,0.0,0.0,0.03299639,0.06082934,0.0,0.0,0.0,0.0
1.46276,0.12,1.42,1.42115,0.0330023,0.0609527,0.0,0.0,0.0330023,0.0609527,0.0,0.0,0.0,0.0
1.46373,0.12,1.421,1.42215,0.03300824,0.06107627,0.0,0.0,0.03300824,0.06107627,0.0,0.0,0.0,0.0
1.4647,0.12,1.422,1.42315,0.03301419,0.06120004,0.0,0.0,0.03301419,0.06120004,0.0,0.0,0.0,0.0
1.46568,0.12,1.423,1.42415,0.03302016,0.06132402,0.0,0.0,0.03302016,0.06132402,0.0,0.0,0.0,0.0
1.46665,0.12,1.424,1.42515,0.03302615,0.0614482,0.0,0.0,0.03302615,0.0614482,0.0,0.0,0.0,0.0
1.46762,0.12,1.425,1.42615,0.03303217,0.0615726,0.0,0.0,0.03303217,0.0615726,0.0,0.0,0.0,0.0
1.46859,0.12,1.426,1.42715,0.0330382,0.06169719,0.0,0.0,0.0330382,0.06169719,0.0,0.0,0.0,0.0
1.46956,0.12,1.427,1.42815,0.03304425,0.061822,0.0,0.0,0.03304425,0.061822,0.0,0.0,0.0,0.0
1.47053,0.12,1.428,1.42915,0.03305032,0.061947,0.0,0.0,0.03305032,0.061947,0.0,0.0,0.0,0.0
1.47151,0.12,1.429,1.43015,0.03305642,0.06207222,0.0,0.0,0.03305642,0.06207222,0.0,0.0,0.0,0.0
1.47248,0.12,1.43,1.43115,0.03306253,0.06219763,0.0,0.0,0.03306253,0.06219763,0.0,0.0,0.0,0.0
1.47345,0.12,1.431,1.43215,0.03306866,0.06232326,0.0,0.0,0.03306866,0.06232326,0.0,0.0,0.0,0.0
1.47442,0.12,1.432,1.43315,0.03307482,0.06244908,0.0,0.0,0.03307482,0.06244908,0.0,0.0,0.0,0.0
1.47539,0.12,1.433,1.43415,0.03308099,0.06257512,0.0,0.0,0.03308099,0.06257512,0.0,0.0,0.0,0.0
1.47637,0.12,1.434,1.43515,0.03308719,0.06270135,0.0,0.0,0.03308719,0.06270135,0.0,0.0,0.0,0.0
1.47734,0.12,1.435,1.43615,0.03309465,0.06282707,0.0,0.0,0.03309465,0.06282707,0.0,0.0,0.0,0.0
1.47831,0.12,1.436,1.43715,0.03310094,0.06295341,0.0,0.0,0.03310094,0.06295341,0.0,0.0,0.0,0.0
1.47928,0.12,1.437,1.43815,0.03310721,0.06308002,0.0,0.0,0.03310721,0.06308002,0.0,0.0,0.0,0.0
1.48025,0.12,1.438,1.43915,0.03311658,0.06320681,0.0,0.0,0.03311658,0.06320681,0.0,0.0,0.0,0.0
1.48123,0.12,1.439,1.44015,0.03312298,0.06333384,0.0,0.0,0.03312298,0.06333384,0.0,0.0,0.0,0.0
1.4822,0.12,1.44,1.44115,0.03312928,0.0634611,0.0,0.0,0.03312928,0.0634611,0.0,0.0,0.0,0.0
1.48317,0.12,1.441,1.44215,0.03313556,0.06358858,0.0,0.0,0.03313556,0.06358858,0.0,0.0,0.0,0.0
1.48414,0.12,1.442,1.44315,0.03314185,0.06371629,0.0,0.0,0.03314185,0.06371629,0.0,0.0,0.0,0.0
1.48512,0.12,1.443,1.44415,0.03314814,0.0638442,0.0,0.0,0.03314814,0.0638442,0.0,0.0,0.0,0.0
1.48609,0.12,1.444,1.44515,0.03315445,0.06397233,0.0,0.0,0.03315445,0.06397233,0.0,0.0,0.0,0.0
1.48706,0.12,1.445,1.44615,0.03316078,0.06410067,0.0,0.0,0.03316078,0.06410067,0.0,0.0,0.0,0.0
1.48803,0.12,1.446,1.44715,0.03316713,0.06422922,0.0,0.0,0.03316713,0.06422922,0.0,0.0,0.0,0.0
1.48901,0.12,1.447,1.44815,0.03317349,0.06435797,0.0,0.0,0.03317349,0.06435797,0.0,0.0,0.0,0.0
1.48998,0.12,1.448,1.44915,0.03317987,0.06448694,0.0,0.0,0.03317987,0.06448694,0.0,0.0,0.0,0.0
1.49095,0.12,1.449,1.45015,0.03318627,0.06461612,0.0,0.0,0.03318627,0.06461612,0.0,0.0,0.0,0.0
1.49192,0.12,1.45,1.45115,0.03319269,0.0647455,0.0,0.0,0.03319269,0.0647455,0.0,0.0,0.0,0.0
1.4929,0.12,1.451,1.45215,0.03319913,0.06487509,0.0,0.0,0.03319913,0.06487509,0.0,0.0,0.0,0.0
1.49387,0.12,1.452,1.45315,0.03320559,0.06500489,0.0,0.0,0.03320559,0.06500489,0.0,0.0,0.0,0.0
1.49484,0.12,1.453,1.45415,0.03321207,0.06513489,0.0,0.0,0.03321207,0.06513489,0.0,0.0,0.0,0.0
1.49581,0.12,1.454,1.45515,0.03321856,0.0652651,0.0,0.0,0.03321856,0.0652651,0.0,0.0,0.0,0.0
1.49679,0.12,1.455,1.45615,0.03322508,0.06539552,0.0,0.0,0.03322508,0.06539552,0.0,0.0,0.0,0.0
1.49776,0.12,1.456,1.45715,0.03323162,0.06552615,0.0,0.0,0.03323162,0.06552615,0.0,0.0,0.0,0.0
1.49873,0.12,1.457,1.45815,0.03323817,0.06565698,0.0,0.0,0.03323817,0.06565698,0.0,0.0,0.0,0.0
1.49971,0.12,1.458,1.45915,0.03324474,0.06578802,0.0,0.0,0.03324474,0.06578802,0.0,0.0,0.0,0.0
1.50068,0.12,1.459,1.46015,0.03325134,0.06591927,0.0,0.0,0.03325134,0.06591927,0.0,0.0,0.0,0.0
1.50165,0.12,1.46,1.46115,0.03325795,0.06605072,0.0,0.0,0.03325795,0.06605072,0.0,0.0,0.0,0.0
1.50263,0.12,1.461,1.46215,0.03326538,0.06618216,0.0,0.0,0.03326538,0.06618216,0.0,0.0,0.0,0.0
1.5036,0.12,1.462,1.46315,0.0332723,0.06631357,0.0,0.0,0.0332723,0.06631357,0.0,0.0,0.0,0.0
1.50457,0.12,1.463,1.46415,0.03327902,0.06644539,0.0,0.0,0.03327902,0.06644539,0.0,0.0,0.0,0.0
1.50554,0.12,1.464,1.46515,0.03328571,0.06657746,0.0,0.0,0.03328571,0.06657746,0.0,0.0,0.0,0.0
1.50652,0.12,1.465,1.46615,0.03329508,0.06670971,0.0,0.0,0.03329508,0.06670971,0.0,0.0,0.0,0.0
1.50749,0.12,1.466,1.46715,0.03330188,0.06684221,0.0,0.0,0.03330188,0.06684221,0.0,0.0,0.0,0.0
1.50846,0.12,1.467,1.46815,0.03330861,0.06697493,0.0,0.0,0.03330861,0.06697493,0.0,0.0,0.0,0.0
1.50944,0.12,1.468,1.46915,0.03331533,0.06710788,0.0,0.0,0.03331533,0.06710788,0.0,0.0,0.0,0.0
1.51041,0.12,1.469,1.47015,0.03332205,0.06724104,0.0,0.0,0.03332205,0.06724104,0.0,0.0,0.0,0.0
1.51138,0.12,1.47,1.47115,0.03332879,0.06737442,0.0,0.0,0.03332879,0.06737442,0.0,0.0,0.0,0.0
1.51236,0.12,1.471,1.47215,0.03333554,0.06750801,0.0,0.0,0.03333554,0.06750801,0.0,0.0,0.0,0.0
1.51333,0.12,1.472,1.47315,0.03334231,0.06764181,0.0,0.0,0.03334231,0.06764181,0.0,0.0,0.0,0.0
1.5143,0.12,1.473,1.47415,0.03334909,0.06777583,0.0,0.0,0.03334909,0.06777583,0.0,0.0,0.0,0.0
1.51528,0.12,1.474,1.47515,0.03335589,0.06791005,0.0,0.0,0.03335589,0.06791005,0.0,0.0,0.0,0.0
1.51625,0.12,1.475,1.47615,0.0333627,0.06804449,0.0,0.0,0.0333627,0.06804449,0.0,0.0,0.0,0.0
1.51723,0.12,1.476,1.47715,0.03336954,0.06817913,0.0,0.0,0.03336954,0.06817913,0.0,0.0,0.0,0.0
1.5182,0.12,1.477,1.47815,0.03337639,0.06831399,0.0,0.0,0.03337639,0.06831399,0.0,0.0,0.0,0.0
1.51917,0.12,1.478,1.47915,0.03338326,0.06844905,0.0,0.0,0.03338326,0.06844905,0.0,0.0,0.0,0.0
1.52015,0.12,1.479,1.48015,0.03339015,0.06858432,0.0,0.0,0.03339015,0.06858432,0.0,0.0,0.0,0.0
1.52112,0.12,1.48,1.48115,0.03339706,0.06871981,0.0,0.0,0.03339706,0.06871981,0.0,0.0,0.0,0.0
1.52209,0.12,1.481,1.48215,0.03340398,0.0688555,0.0,0.0,0.03340398,0.0688555,0.0,0.0,0.0,0.0
1.52307,0.12,1.482,1.48315,0.03341092,0.0689914,0.0,0.0,0.03341092,0.0689914,0.0,0.0,0.0,0.0
1.52404,0.12,1.483,1.48415,0.03341788,0.06912751,0.0,0.0,0.03341788,0.06912751,0.0,0.0,0.0,0.0
1.52502,0.12,1.484,1.48515,0.03342486,0.06926382,0.0,0.0,0.03342486,0.06926382,0.0,0.0,0.0,0.0
1.52599,0.12,1.485,1.48615,0.03343186,0.06940035,0.0,0.0,0.03343186,0.06940035,0.0,0.0,0.0,0.0
1.52696,0.12,1.486,1.48715,0.03343887,0.06953708,0.0,0.0,0.03343887,0.06953708,0.0,0.0,0.0,0.0
1.52794,0.12,1.487,1.48815,0.0334459,0.06967403,0.0,0.0,0.0334459,0.06967403,0.0,0.0,0.0,0.0
1.52891,0.12,1.488,1.48915,0.03345295,0.06981118,0.0,0.0,0.03345295,0.06981118,0.0,0.0,0.0,0.0
1.52988,0.12,1.489,1.49015,0.03346078,0.06994826,0.0,0.0,0.03346078,0.06994826,0.0,0.0,0.0,0.0
1.53086,0.12,1.49,1.49115,0.03346802,0.07008548,0.0,0.0,0.03346802,0.07008548,0.0,0.0,0.0,0.0
1.53183,0.12,1.491,1.49215,0.03347516,0.07022304,0.0,0.0,0.03347516,0.07022304,0.0,0.0,0.0,0.0
1.53281,0.12,1.492,1.49315,0.03348228,0.07036085,0.0,0.0,0.03348228,0.07036085,0.0,0.0,0.0,0.0
1.53378,0.12,1.493,1.49415,0.03349169,0.07049884,0.0,0.0,0.03349169,0.07049884,0.0,0.0,0.0,0.0
1.53476,0.12,1.494,1.49515,0.0334989,0.07063707,0.0,0.0,0.0334989,0.07063707,0.0,0.0,0.0,0.0
1.53573,0.12,1.495,1.49615,0.03350606,0.07077553,0.0,0.0,0.03350606,0.07077553,0.0,0.0,0.0,0.0
1.5367,0.12,1.496,1.49715,0.03351321,0.07091421,0.0,0.0,0.03351321,0.07091421,0.0,0.0,0.0,0.0
1.53768,0.12,1.497,1.49815,0.03352037,0.07105311,0.0,0.0,0.03352037,0.07105311,0.0,0.0,0.0,0.0
1.53865,0.12,1.498,1.49915,0.03352754,0.07119222,0.0,0.0,0.03352754,0.07119222,0.0,0.0,0.0,0.0
1.53963,0.12,1.499,1.50015,0.03353472,0.07133155,0.0,0.0,0.03353472,0.07133155,0.0,0.0,0.0,0.0
1.5406,0.12,1.5,1.50115,0.03354192,0.07147109,0.0,0.0,0.03354192,0.07147109,0.0,0.0,0.0,0.0
1.54158,0.12,1.501,1.50215,0.03354913,0.07161084,0.0,0.0,0.03354913,0.07161084,0.0,0.0,0.0,0.0
1.54255,0.12,1.502,1.50315,0.03355636,0.0717508,0.0,0.0,0.03355636,0.0717508,0.0,0.0,0.0,0.0
1.54352,0.12,1.503,1.50415,0.03356361,0.07189098,0.0,0.0,0.03356361,0.07189098,0.0,0.0,0.0,0.0
1.5445,0.12,1.504,1.50515,0.03357087,0.07203137,0.0,0.0,0.03357087,0.07203137,0.0,0.0,0.0,0.0
1.54547,0.12,1.505,1.50615,0.03357815,0.07217197,0.0,0.0,0.03357815,0.07217197,0.0,0.0,0.0,0.0
1.54645,0.12,1.506,1.50715,0.03358544,0.07231278,0.0,0.0,0.03358544,0.07231278,0.0,0.0,0.0,0.0
1.54742,0.12,1.507,1.50815,0.03359276,0.0724538,0.0,0.0,0.03359276,0.0724538,0.0,0.0,0.0,0.0
1.5484,0.12,1.508,1.50915,0.03360008,0.07259503,0.0,0.0,0.03360008,0.07259503,0.0,0.0,0.0,0.0
1.54937,0.12,1.509,1.51015,0.03360743,0.07273647,0.0,0.0,0.03360743,0.07273647,0.0,0.0,0.0,0.0
1.55035,0.12,1.51,1.51115,0.03361479,0.07287812,0.0,0.0,0.03361479,0.07287812,0.0,0.0,0.0,0.0
1.55132,0.12,1.511,1.51215,0.03362216,0.07301999,0.0,0.0,0.03362216,0.07301999,0.0,0.0,0.0,0.0
1.5523,0.12,1.512,1.51315,0.03362956,0.07316206,0.0,0.0,0.03362956,0.07316206,0.0,0.0,0.0,0.0
1.55327,0.12,1.513,1.51415,0.03363697,0.07330434,0.0,0.0,0.03363697,0.07330434,0.0,0.0,0.0,0.0
1.55425,0.12,1.514,1.51515,0.03364439,0.07344684,0.0,0.0,0.03364439,0.07344684,0.0,0.0,0.0,0.0
1.55522,0.12,1.515,1.51615,0.03365184,0.07358954,0.0,0.0,0.03365184,0.07358954,0.0,0.0,0.0,0.0
1.5562,0.12,1.516,1.51715,0.0336593,0.07373245,0.0,0.0,0.0336593,0.07373245,0.0,0.0,0.0,0.0
1.55717,0.12,1.517,1.51815,0.03366677,0.07387558,0.0,0.0,0.03366677,0.07387558,0.0,0.0,0.0,0.0
1.55815,0.12,1.518,1.51915,0.03367494,0.07401863,0.0,0.0,0.03367494,0.07401863,0.0,0.0,0.0,0.0
1.55912,0.12,1.519,1.52015,0.03368255,0.07416189,0.0,0.0,0.03368255,0.07416189,0.0,0.0,0.0,0.0
1.5601,0.12,1.52,1.52115,0.0336901,0.07430546,0.0,0.0,0.0336901,0.07430546,0.0,0.0,0.0,0.0
1.56107,0.12,1.521,1.52215,0.03369764,0.07444928,0.0,0.0,0.03369764,0.07444928,0.0,0.0,0.0,0.0
1.56205,0.12,1.522,1.52315,0.03370712,0.07459328,0.0,0.0,0.03370712,0.07459328,0.0,0.0,0.0,0.0
1.56302,0.12,1.523,1.52415,0.03371474,0.07473751,0.0,0.0,0.03371474,0.07473751,0.0,0.0,0.0,0.0
1.564,0.12,1.524,1.52515,0.03372231,0.07488198,0.0,0.0,0.03372231,0.07488198,0.0,0.0,0.0,0.0
1.56497,0.12,1.525,1.52615,0.03372988,0.07502666,0.0,0.0,0.03372988,0.07502666,0.0,0.0,0.0,0.0
1.56595,0.12,1.526,1.52715,0.03373746,0.07517157,0.0,0.0,0.03373746,0.07517157,0.0,0.0,0.0,0.0
1.56692,0.12,1.527,1.52815,0.03374505,0.07531669,0.0,0.0,0.03374505,0.07531669,0.0,0.0,0.0,0.0
1.5679,0.12,1.528,1.52915,0.03375265,0.07546202,0.0,0.0,0.03375265,0.07546202,0.0,0.0,0.0,0.0
1.56887,0.12,1.529,1.53015,0.03376027,0.07560757,0.0,0.0,0.03376027,0.07560757,0.0,0.0,0.0,0.0
1.56985,0.12,1.53,1.53115,0.0337679,0.07575334,0.0,0.0,0.0337679,0.07575334,0.0,0.0,0.0,0.0
1.57082,0.12,1.531,1.53215,0.03377554,0.07589932,0.0,0.0,0.03377554,0.07589932,0.0,0.0,0.0,0.0
1.5718,0.12,1.532,1.53315,0.0337832,0.07604551,0.0,0.0,0.0337832,0.07604551,0.0,0.0,0.0,0.0
1.57277,0.12,1.533,1.53415,0.03379087,0.07619191,0.0,0.0,0.03379087,0.07619191,0.0,0.0,0.0,0.0
1.57375,0.12,1.534,1.53515,0.03379856,0.07633853,0.0,0.0,0.03379856,0.07633853,0.0,0.0,0.0,0.0
1.57472,0.12,1.535,1.53615,0.03380626,0.07648535,0.0,0.0,0.03380626,0.07648535,0.0,0.0,0.0,0.0
1.5757,0.12,1.536,1.53715,0.03381398,0.07663239,0.0,0.0,0.03381398,0.07663239,0.0,0.0,0.0,0.0
1.57668,0.12,1.537,1.53815,0.03382171,0.07677965,0.0,0.0,0.03382171,0.07677965,0.0,0.0,0.0,0.0
1.57765,0.12,1.538,1.53915,0.03382945,0.07692711,0.0,0.0,0.03382945,0.07692711,0.0,0.0,0.0,0.0
1.57863,0.12,1.539,1.54015,0.03383722,0.07707479,0.0,0.0,0.03383722,0.07707479,0.0,0.0,0.0,0.0
1.5796,0.12,1.54,1.54115,0.03384499,0.07722268,0.0,0.0,0.03384499,0.07722268,0.0,0.0,0.0,0.0
1.58058,0.12,1.541,1.54215,0.03385278,0.07737078,0.0,0.0,0.03385278,0.07737078,0.0,0.0,0.0,0.0
1.58155,0.12,1.542,1.54315,0.03386059,0.07751909,0.0,0.0,0.03386059,0.07751909,0.0,0.0,0.0,0.0
1.58253,0.12,1.543,1.54415,0.03386841,0.07766762,0.0,0.0,0.03386841,0.07766762,0.0,0.0,0.0,0.0
1.58351,0.12,1.544,1.54515,0.03387625,0.07781636,0.0,0.0,0.03387625,0.07781636,0.0,0.0,0.0,0.0
1.58448,0.12,1.545,1.54615,0.0338841,0.07796531,0.0,0.0,0.0338841,0.07796531,0.0,0.0,0.0,0.0
1.58546,0.12,1.546,1.54715,0.03389196,0.07811447,0.0,0.0,0.03389196,0.07811447,0.0,0.0,0.0,0.0
1.58643,0.12,1.547,1.54815,0.03389984,0.07826384,0.0,0.0,0.03389984,0.07826384,0.0,0.0,0.0,0.0
1.58741,0.12,1.548,1.54915,0.03390829,0.07841319,0.0,0.0,0.03390829,0.07841319,0.0,0.0,0.0,0.0
1.58838,0.12,1.549,1.55015,0.0339163,0.07856274,0.0,0.0,0.0339163,0.07856274,0.0,0.0,0.0,0.0
1.58936,0.12,1.55,1.55115,0.03392424,0.07871259,0.0,0.0,0.03392424,0.07871259,0.0,0.0,0.0,0.0
1.59034,0.12,1.551,1.55215,0.03393218,0.07886268,0.0,0.0,0.03393218,0.07886268,0.0,0.0,0.0,0.0
1.59131,0.12,1.552,1.55315,0.03394174,0.07901296,0.0,0.0,0.03394174,0.07901296,0.0,0.0,0.0,0.0
1.59229,0.12,1.553,1.55415,0.03394976,0.07916348,0.0,0.0,0.03394976,0.07916348,0.0,0.0,0.0,0.0
1.59326,0.12,1.554,1.55515,0.03395773,0.07931422,0.0,0.0,0.03395773,0.07931422,0.0,0.0,0.0,0.0
1.59424,0.12,1.555,1.55615,0.0339657,0.07946519,0.0,0.0,0.0339657,0.07946519,0.0,0.0,0.0,0.0
1.59522,0.12,1.556,1.55715,0.03397367,0.07961637,0.0,0.0,0.03397367,0.07961637,0.0,0.0,0.0,0.0
1.59619,0.12,1.557,1.55815,0.03398166,0.07976777,0.0,0.0,0.03398166,0.07976777,0.0,0.0,0.0,0.0
1.59717,0.12,1.558,1.55915,0.03398965,0.07991939,0.0,0.0,0.03398965,0.07991939,0.0,0.0,0.0,0.0
1.59815,0.12,1.559,1.56015,0.03399766,0.08007123,0.0,0.0,0.03399766,0.08007123,0.0,0.0,0.0,0.0
1.59912,0.12,1.56,1.56115,0.03400568,0.08022328,0.0,0.0,0.03400568,0.08022328,0.0,0.0,0.0,0.0
1.6001,0.12,1.561,1.56215,0.03401371,0.08037554,0.0,0.0,0.03401371,0.08037554,0.0,0.0,0.0,0.0
1.60107,0.12,1.562,1.56315,0.03402175,0.08052802,0.0,0.0,0.03402175,0.08052802,0.0,0.0,0.0,0.0
1.60205,0.12,1.563,1.56415,0.03402981,0.08068072,0.0,0.0,0.03402981,0.08068072,0.0,0.0,0.0,0.0
1.60303,0.12,1.564,1.56515,0.03403788,0.08083363,0.0,0.0,0.03403788,0.08083363,0.0,0.0,0.0,0.0
1.604,0.12,1.565,1.56615,0.03404597,0.08098675,0.0,0.0,0.03404597,0.08098675,0.0,0.0,0.0,0.0
1.60498,0.12,1.566,1.56715,0.03405407,0.08114009,0.0,0.0,0.03405407,0.08114009,0.0,0.0,0.0,0.0
1.60596,0.12,1.567,1.56815,0.03406218,0.08129364,0.0,0.0,0.03406218,0.08129364,0.0,0.0,0.0,0.0
1.60693,0.12,1.568,1.56915,0.0340703,0.08144741,0.0,0.0,0.0340703,0.08144741,0.0,0.0,0.0,0.0
1.60791,0.12,1.569,1.57015,0.03407844,0.08160138,0.0,0.0,0.03407844,0.08160138,0.0,0.0,0.0,0.0
1.60889,0.12,1.57,1.57115,0.03408659,0.08175558,0.0,0.0,0.03408659,0.08175558,0.0,0.0,0.0,0.0
1.60986,0.12,1.571,1.57215,0.03409475,0.08190999,0.0,0.0,0.03409475,0.08190999,0.0,0.0,0.0,0.0
1.61084,0.12,1.572,1.57315,0.03410293,0.08206461,0.0,0.0,0.03410293,0.08206461,0.0,0.0,0.0,0.0
1.61182,0.12,1.573,1.57415,0.03411112,0.08221944,0.0,0.0,0.03411112,0.08221944,0.0,0.0,0.0,0.0
1.61279,0.12,1.574,1.57515,0.03411932,0.08237449,0.0,0.0,0.03411932,0.08237449,0.0,0.0,0.0,0.0
1.61377,0.12,1.575,1.57615,0.03412753,0.08252976,0.0,0.0,0.03412753,0.08252976,0.0,0.0,0.0,0.0
1.61475,0.12,1.576,1.57715,0.03413576,0.08268523,0.0,0.0,0.03413576,0.08268523,0.0,0.0,0.0,0.0
1.61572,0.12,1.577,1.57815,0.034144,0.08284093,0.0,0.0,0.034144,0.08284093,0.0,0.0,0.0,0.0
1.6167,0.12,1.578,1.57915,0.03415226,0.08299683,0.0,0.0,0.03415226,0.08299683,0.0,0.0,0.0,0.0
1.61768,0.12,1.579,1.58015,0.03416093,0.08315282,0.0,0.0,0.03416093,0.08315282,0.0,0.0,0.0,0.0
1.61865,0.12,1.58,1.58115,0.03416934,0.08330889,0.0,0.0,0.03416934,0.08330889,0.0,0.0,0.0,0.0
1.61963,0.12,1.581,1.58215,0.03417766,0.0834653,0.0,0.0,0.03417766,0.0834653,0.0,0.0,0.0,0.0
1.62061,0.12,1.582,1.58315,0.03418597,0.08362194,0.0,0.0,0.03418597,0.08362194,0.0,0.0,0.0,0.0
1.62158,0.12,1.583,1.58415,0.03419558,0.08377879,0.0,0.0,0.03419558,0.08377879,0.0,0.0,0.0,0.0
1.62256,0.12,1.584,1.58515,0.034204,0.08393587,0.0,0.0,0.034204,0.08393587,0.0,0.0,0.0,0.0
1.62354,0.12,1.585,1.58615,0.03421235,0.08409317,0.0,0.0,0.03421235,0.08409317,0.0,0.0,0.0,0.0
1.62451,0.12,1.586,1.58715,0.03422068,0.0842507,0.0,0.0,0.03422068,0.0842507,0.0,0.0,0.0,0.0
1.62549,0.12,1.587,1.58815,0.03422902,0.08440845,0.0,0.0,0.03422902,0.08440845,0.0,0.0,0.0,0.0
1.62647,0.12,1.588,1.58915,0.03423737,0.08456642,0.0,0.0,0.03423737,0.08456642,0.0,0.0,0.0,0.0
1.62745,0.12,1.589,1.59015,0.03424573,0.0847246,0.0,0.0,0.03424573,0.0847246,0.0,0.0,0.0,0.0
1.62842,0.12,1.59,1.59115,0.0342541,0.08488301,0.0,0.0,0.0342541,0.08488301,0.0,0.0,0.0,0.0
1.6294,0.12,1.591,1.59215,0.03426248,0.08504163,0.0,0.0,0.03426248,0.08504163,0.0,0.0,0.0,0.0
1.63038,0.12,1.592,1.59315,0.03427086,0.08520047,0.0,0.0,0.03427086,0.08520047,0.0,0.0,0.0,0.0
1.63135,0.12,1.593,1.59415,0.03427927,0.08535952,0.0,0.0,0.03427927,0.08535952,0.0,0.0,0.0,0.0
1.63233,0.12,1.594,1.59515,0.03428768,0.08551879,0.0,0.0,0.03428768,0.08551879,0.0,0.0,0.0,0.0
1.63331,0.12,1.595,1.59615,0.0342961,0.08567828,0.0,0.0,0.0342961,0.08567828,0.0,0.0,0.0,0.0
1.63429,0.12,1.596,1.59715,0.03430454,0.08583798,0.0,0.0,0.03430454,0.08583798,0.0,0.0,0.0,0.0
1.63526,0.12,1.597,1.59815,0.03431298,0.08599791,0.0,0.0,0.03431298,0.08599791,0.0,0.0,0.0,0.0
1.63624,0.12,1.598,1.59915,0.03432144,0.08615804,0.0,0.0,0.03432144,0.08615804,0.0,0.0,0.0,0.0
1.63722,0.12,1.599,1.60015,0.03432991,0.0863184,0.0,0.0,0.03432991,0.0863184,0.0,0.0,0.0,0.0
1.63819,0.12,1.6,1.60115,0.03433839,0.08647897,0.0,0.0,0.03433839,0.08647897,0.0,0.0,0.0,0.0
1.63917,0.12,1.601,1.60215,0.03434688,0.08663975,0.0,0.0,0.03434688,0.08663975,0.0,0.0,0.0,0.0
1.64015,0.12,1.602,1.60315,0.03435539,0.08680075,0.0,0.0,0.03435539,0.08680075,0.0,0.0,0.0,0.0
1.64113,0.12,1.603,1.60415,0.0343639,0.08696197,0.0,0.0,0.0343639,0.08696197,0.0,0.0,0.0,0.0
1.6421,0.12,1.604,1.60515,0.03437243,0.08712341,0.0,0.0,0.03437243,0.08712341,0.0,0.0,0.0,0.0
1.64308,0.12,1.605,1.60615,0.03438097,0.08728506,0.0,0.0,0.03438097,0.08728506,0.0,0.0,0.0,0.0
1.64406,0.12,1.606,1.60715,0.03438951,0.08744693,0.0,0.0,0.03438951,0.08744693,0.0,0.0,0.0,0.0
1.64504,0.12,1.607,1.60815,0.03439807,0.08760901,0.0,0.0,0.03439807,0.08760901,0.0,0.0,0.0,0.0
1.64601,0.12,1.608,1.60915,0.03440664,0.08777131,0.0,0.0,0.03440664,0.08777131,0.0,0.0,0.0,0.0
1.64699,0.12,1.609,1.61015,0.03441523,0.08793383,0.0,0.0,0.03441523,0.08793383,0.0,0.0,0.0,0.0
1.64797,0.12,1.61,1.61115,0.03442382,0.08809656,0.0,0.0,0.03442382,0.08809656,0.0,0.0,0.0,0.0
1.64895,0.12,1.611,1.61215,0.03443242,0.08825951,0.0,0.0,0.03443242,0.08825951,0.0,0.0,0.0,0.0
1.64993,0.12,1.612,1.61315,0.03444147,0.08842241,0.0,0.0,0.03444147,0.08842241,0.0,0.0,0.0,0.0
1.6509,0.12,1.613,1.61415,0.03445013,0.08858565,0.0,0.0,0.03445013,0.08858565,0.0,0.0,0.0,0.0
1.65188,0.12,1.614,1.61515,0.03445878,0.08874914,0.0,0.0,0.03445878,0.08874914,0.0,0.0,0.0,0.0
1.65286,0.12,1.615,1.61615,0.03446742,0.08891286,0.0,0.0,0.03446742,0.08891286,0.0,0.0,0.0,0.0
1.65384,0.12,1.616,1.61715,0.03447722,0.08907678,0.0,0.0,0.03447722,0.08907678,0.0,0.0,0.0,0.0
1.65481,0.12,1.617,1.61815,0.03448591,0.08924094,0.0,0.0,0.03448591,0.08924094,0.0,0.0,0.0,0.0
1.65579,0.12,1.618,1.61915,0.03449459,0.08940532,0.0,0.0,0.03449459,0.08940532,0.0,0.0,0.0,0.0
1.65677,0.12,1.619,1.62015,0.03450326,0.08956993,0.0,0.0,0.03450326,0.08956993,0.0,0.0,0.0,0.0
1.65775,0.12,1.62,1.62115,0.03451193,0.08973476,0.0,0.0,0.03451193,0.08973476,0.0,0.0,0.0,0.0
1.65873,0.12,1.621,1.62215,0.03452062,0.08989981,0.0,0.0,0.03452062,0.08989981,0.0,0.0,0.0,0.0
1.6597,0.12,1.622,1.62315,0.03452931,0.09006509,0.0,0.0,0.03452931,0.09006509,0.0,0.0,0.0,0.0
1.66068,0.12,1.623,1.62415,0.03453801,0.09023058,0.0,0.0,0.03453801,0.09023058,0.0,0.0,0.0,0.0
1.66166,0.12,1.624,1.62515,0.03454673,0.09039629,0.0,0.0,0.03454673,0.09039629,0.0,0.0,0.0,0.0
1.66264,0.12,1.625,1.62615,0.03455545,0.09056222,0.0,0.0,0.03455545,0.09056222,0.0,0.0,0.0,0.0
1.66362,0.12,1.626,1.62715,0.03456418,0.09072837,0.0,0.0,0.03456418,0.09072837,0.0,0.0,0.0,0.0
1.66459,0.12,1.627,1.62815,0.03457292,0.09089474,0.0,0.0,0.03457292,0.09089474,0.0,0.0,0.0,0.0
1.66557,0.12,1.628,1.62915,0.03458167,0.09106133,0.0,0.0,0.03458167,0.09106133,0.0,0.0,0.0,0.0
1.66655,0.12,1.629,1.63015,0.03459043,0.09122813,0.0,0.0,0.03459043,0.09122813,0.0,0.0,0.0,0.0
1.66753,0.12,1.63,1.63115,0.0345992,0.09139516,0.0,0.0,0.0345992,0.09139516,0.0,0.0,0.0,0.0
1.66851,0.12,1.631,1.63215,0.03460798,0.0915624,0.0,0.0,0.03460798,0.0915624,0.0,0.0,0.0,0.0
1.66948,0.12,1.632,1.63315,0.03461677,0.09172987,0.0,0.0,0.03461677,0.09172987,0.0,0.0,0.0,0.0
1.67046,0.12,1.633,1.63415,0.03462556,0.09189755,0.0,0.0,0.03462556,0.09189755,0.0,0.0,0.0,0.0
1.67144,0.12,1.634,1.63515,0.03463437,0.09206545,0.0,0.0,0.03463437,0.09206545,0.0,0.0,0.0,0.0
1.67242,0.12,1.635,1.63615,0.03464319,0.09223357,0.0,0.0,0.03464319,0.09223357,0.0,0.0,0.0,0.0
1.6734,0.12,1.636,1.63715,0.03465202,0.09240191,0.0,0.0,0.03465202,0.09240191,0.0,0.0,0.0,0.0
1.67438,0.12,1.637,1.63815,0.03466086,0.09257047,0.0,0.0,0.03466086,0.09257047,0.0,0.0,0.0,0.0
1.67535,0.12,1.638,1.63915,0.0346697,0.09273925,0.0,0.0,0.0346697,0.09273925,0.0,0.0,0.0,0.0
1.67633,0.12,1.639,1.64015,0.03467856,0.09290825,0.0,0.0,0.03467856,0.09290825,0.0,0.0,0.0,0.0
1.67731,0.12,1.64,1.64115,0.03468742,0.09307746,0.0,0.0,0.03468742,0.09307746,0.0,0.0,0.0,0.0
1.67829,0.12,1.641,1.64215,0.0346963,0.0932469,0.0,0.0,0.0346963,0.0932469,0.0,0.0,0.0,0.0
1.67927,0.12,1.642,1.64315,0.03470518,0.09341656,0.0,0.0,0.03470518,0.09341656,0.0,0.0,0.0,0.0
1.68025,0.12,1.643,1.64415,0.03471408,0.09358643,0.0,0.0,0.03471408,0.09358643,0.0,0.0,0.0,0.0
1.68123,0.12,1.644,1.64515,0.03472298,0.09375653,0.0,0.0,0.03472298,0.09375653,0.0,0.0,0.0,0.0
1.6822,0.12,1.645,1.64615,0.03473189,0.09392684,0.0,0.0,0.03473189,0.09392684,0.0,0.0,0.0,0.0
1.68318,0.12,1.646,1.64715,0.03474118,0.09409711,0.0,0.0,0.03474118,0.09409711,0.0,0.0,0.0,0.0
1.68416,0.12,1.647,1.64815,0.03475013,0.09426775,0.0,0.0,0.03475013,0.09426775,0.0,0.0,0.0,0.0
1.68514,0.12,1.648,1.64915,0.03475908,0.09443864,0.0,0.0,0.03475908,0.09443864,0.0,0.0,0.0,0.0
1.68612,0.12,1.649,1.65015,0.03476803,0.09460976,0.0,0.0,0.03476803,0.09460976,0.0,0.0,0.0,0.0
1.6871,0.12,1.65,1.65115,0.03477794,0.09478107,0.0,0.0,0.03477794,0.09478107,0.0,0.0,0.0,0.0
1.68808,0.12,1.651,1.65215,0.03478692,0.09495263,0.0,0.0,0.03478692,0.09495263,0.0,0.0,0.0,0.0
1.68905,0.12,1.652,1.65315,0.03479589,0.09512441,0.0,0.0,0.03479589,0.09512441,0.0,0.0,0.0,0.0
1.69003,0.12,1.653,1.65415,0.03480486,0.09529643,0.0,0.0,0.03480486,0.09529643,0.0,0.0,0.0,0.0
1.69101,0.12,1.654,1.65515,0.03481383,0.09546866,0.0,0.0,0.03481383,0.09546866,0.0,0.0,0.0,0.0
1.69199,0.12,1.655,1.65615,0.03482281,0.09564112,0.0,0.0,0.03482281,0.09564112,0.0,0.0,0.0,0.0
1.69297,0.12,1.656,1.65715,0.0348318,0.0958138,0.0,0.0,0.0348318,0.0958138,0.0,0.0,0.0,0.0
1.69395,0.12,1.657,1.65815,0.03484079,0.09598671,0.0,0.0,0.03484079,0.09598671,0.0,0.0,0.0,0.0
1.69493,0.12,1.658,1.65915,0.0348498,0.09615984,0.0,0.0,0.0348498,0.09615984,0.0,0.0,0.0,0.0
1.69591,0.12,1.659,1.66015,0.03485881,0.09633319,0.0,0.0,0.03485881,0.09633319,0.0,0.0,0.0,0.0
1.69689,0.12,1.66,1.66115,0.03486783,0.09650676,0.0,0.0,0.03486783,0.09650676,0.0,0.0,0.0,0.0
1.69786,0.12,1.661,1.66215,0.03487685,0.09668055,0.0,0.0,0.03487685,0.09668055,0.0,0.0,0.0,0.0
1.69884,0.12,1.662,1.66315,0.03488589,0.09685457,0.0,0.0,0.03488589,0.09685457,0.0,0.0,0.0,0.0
1.69982,0.12,1.663,1.66415,0.03489493,0.09702881,0.0,0.0,0.03489493,0.09702881,0.0,0.0,0.0,0.0
1.7008,0.12,1.664,1.66515,0.03490398,0.09720327,0.0,0.0,0.03490398,0.09720327,0.0,0.0,0.0,0.0
1.70178,0.12,1.665,1.66615,0.03491304,0.09737796,0.0,0.0,0.03491304,0.09737796,0.0,0.0,0.0,0.0
1.70276,0.12,1.666,1.66715,0.03492211,0.09755287,0.0,0.0,0.03492211,0.09755287,0.0,0.0,0.0,0.0
1.70374,0.12,1.667,1.66815,0.03493119,0.09772799,0.0,0.0,0.03493119,0.09772799,0.0,0.0,0.0,0.0
1.70472,0.12,1.668,1.66915,0.03494027,0.09790335,0.0,0.0,0.03494027,0.09790335,0.0,0.0,0.0,0.0
1.7057,0.12,1.669,1.67015,0.03494936,0.09807892,0.0,0.0,0.03494936,0.09807892,0.0,0.0,0.0,0.0
1.70668,0.12,1.67,1.67115,0.03495846,0.09825472,0.0,0.0,0.03495846,0.09825472,0.0,0.0,0.0,0.0
1.70766,0.12,1.671,1.67215,0.03496757,0.09843074,0.0,0.0,0.03496757,0.09843074,0.0,0.0,0.0,0.0
1.70863,0.12,1.672,1.67315,0.03497668,0.09860698,0.0,0.0,0.03497668,0.09860698,0.0,0.0,0.0,0.0
1.70961,0.12,1.673,1.67415,0.03498581,0.09878345,0.0,0.0,0.03498581,0.09878345,0.0,0.0,0.0,0.0
1.71059,0.12,1.674,1.67515,0.03499494,0.09896014,0.0,0.0,0.03499494,0.09896014,0.0,0.0,0.0,0.0
1.71157,0.12,1.675,1.67615,0.03500408,0.09913705,0.0,0.0,0.03500408,0.09913705,0.0,0.0,0.0,0.0
1.71255,0.12,1.676,1.67715,0.03501322,0.09931418,0.0,0.0,0.03501322,0.09931418,0.0,0.0,0.0,0.0
1.71353,0.12,1.677,1.67815,0.03502238,0.09949154,0.0,0.0,0.03502238,0.09949154,0.0,0.0,0.0,0.0
1.71451,0.12,1.678,1.67915,0.03503154,0.09966912,0.0,0.0,0.03503154,0.09966912,0.0,0.0,0.0,0.0
1.71549,0.12,1.679,1.68015,0.03504071,0.09984693,0.0,0.0,0.03504071,0.09984693,0.0,0.0,0.0,0.0
1.71647,0.12,1.68,1.68115,0.03504989,0.100025,0.0,0.0,0.03504989,0.100025,0.0,0.0,0.0,0.0
1.71745,0.12,1.681,1.68215,0.03505937,0.100203,0.0,0.0,0.03505937,0.100203,0.0,0.0,0.0,0.0
1.71843,0.12,1.682,1.68315,0.03506859,0.1003814,0.0,0.0,0.03506859,0.1003814,0.0,0.0,0.0,0.0
1.71941,0.12,1.683,1.68415,0.0350778,0.10056,0.0,0.0,0.0350778,0.10056,0.0,0.0,0.0,0.0
1.72039,0.12,1.684,1.68515,0.035087,0.1007389,0.0,0.0,0.035087,0.1007389,0.0,0.0,0.0,0.0
1.72137,0.12,1.685,1.68615,0.035097,0.1009179,0.0,0.0,0.035097,0.1009179,0.0,0.0,0.0,0.0
1.72235,0.12,1.686,1.68715,0.03510624,0.1010972,0.0,0.0,0.03510624,0.1010972,0.0,0.0,0.0,0.0
1.72333,0.12,1.687,1.68815,0.03511547,0.1012768,0.0,0.0,0.03511547,0.1012768,0.0,0.0,0.0,0.0
1.72431,0.12,1.688,1.68915,0.0351247,0.1014565,0.0,0.0,0.0351247,0.1014565,0.0,0.0,0.0,0.0
1.72528,0.12,1.689,1.69015,0.03513393,0.1016365,0.0,0.0,0.03513393,0.1016365,0.0,0.0,0.0,0.0
1.72626,0.12,1.69,1.69115,0.03514316,0.1018167,0.0,0.0,0.03514316,0.1018167,0.0,0.0,0.0,0.0
1.72724,0.12,1.691,1.69215,0.0351524,0.1019972,0.0,0.0,0.0351524,0.1019972,0.0,0.0,0.0,0.0
1.72822,0.12,1.692,1.69315,0.03516165,0.1021779,0.0,0.0,0.03516165,0.1021779,0.0,0.0,0.0,0.0
1.7292,0.12,1.693,1.69415,0.0351709,0.1023588,0.0,0.0,0.0351709,0.1023588,0.0,0.0,0.0,0.0
1.73018,0.12,1.694,1.69515,0.03518016,0.1025399,0.0,0.0,0.03518016,0.1025399,0.0,0.0,0.0,0.0
1.73116,0.12,1.695,1.69615,0.03518943,0.1027213,0.0,0.0,0.03518943,0.1027213,0.0,0.0,0.0,0.0
1.73214,0.12,1.696,1.69715,0.0351987,0.1029028,0.0,0.0,0.0351987,0.1029028,0.0,0.0,0.0,0.0
1.73312,0.12,1.697,1.69815,0.03520798,0.1030846,0.0,0.0,0.03520798,0.1030846,0.0,0.0,0.0,0.0
1.7341,0.12,1.698,1.69915,0.03521726,0.1032667,0.0,0.0,0.03521726,0.1032667,0.0,0.0,0.0,0.0
1.73508,0.12,1.699,1.70015,0.03522656,0.1034489,0.0,0.0,0.03522656,0.1034489,0.0,0.0,0.0,0.0
1.73606,0.12,1.7,1.70115,0.03523586,0.1036314,0.0,0.0,0.03523586,0.1036314,0.0,0.0,0.0,0.0
1.73704,0.12,1.701,1.70215,0.03524516,0.1038141,0.0,0.0,0.03524516,0.1038141,0.0,0.0,0.0,0.0
1.73802,0.12,1.702,1.70315,0.03525447,0.1039971,0.0,0.0,0.03525447,0.1039971,0.0,0.0,0.0,0.0
1.739,0.12,1.703,1.70415,0.03526379,0.1041802,0.0,0.0,0.03526379,0.1041802,0.0,0.0,0.0,0.0
1.73998,0.12,1.704,1.70515,0.03527312,0.1043636,0.0,0.0,0.03527312,0.1043636,0.0,0.0,0.0,0.0
1.74096,0.12,1.705,1.70615,0.03528245,0.1045473,0.0,0.0,0.03528245,0.1045473,0.0,0.0,0.0,0.0
1.74194,0.12,1.706,1.70715,0.03529179,0.1047311,0.0,0.0,0.03529179,0.1047311,0.0,0.0,0.0,0.0
1.74292,0.12,1.707,1.70815,0.03530113,0.1049152,0.0,0.0,0.03530113,0.1049152,0.0,0.0,0.0,0.0
1.7439,0.12,1.708,1.70915,0.03531049,0.1050995,0.0,0.0,0.03531049,0.1050995,0.0,0.0,0.0,0.0
1.74488,0.12,1.709,1.71015,0.03531984,0.105284,0.0,0.0,0.03531984,0.105284,0.0,0.0,0.0,0.0
1.74586,0.12,1.71,1.71115,0.03532921,0.1054688,0.0,0.0,0.03532921,0.1054688,0.0,0.0,0.0,0.0
1.74684,0.12,1.711,1.71215,0.03533858,0.1056538,0.0,0.0,0.03533858,0.1056538,0.0,0.0,0.0,0.0
1.74782,0.12,1.712,1.71315,0.03534796,0.105839,0.0,0.0,0.03534796,0.105839,0.0,0.0,0.0,0.0
1.7488,0.12,1.713,1.71415,0.03535734,0.1060244,0.0,0.0,0.03535734,0.1060244,0.0,0.0,0.0,0.0
1.74978,0.12,1.714,1.71515,0.03536673,0.1062101,0.0,0.0,0.03536673,0.1062101,0.0,0.0,0.0,0.0
1.75076,0.12,1.715,1.71615,0.03537612,0.106396,0.0,0.0,0.03537612,0.106396,0.0,0.0,0.0,0.0
1.75174,0.12,1.716,1.71715,0.03538553,0.1065821,0.0,0.0,0.03538553,0.1065821,0.0,0.0,0.0,0.0
1.75272,0.12,1.717,1.71815,0.03539511,0.1067684,0.0,0.0,0.03539511,0.1067684,0.0,0.0,0.0,0.0
1.7537,0.12,1.718,1.71915,0.0354046,0.1069549,0.0,0.0,0.0354046,0.1069549,0.0,0.0,0.0,0.0
1.75468,0.12,1.719,1.72015,0.03541404,0.1071416,0.0,0.0,0.03541404,0.1071416,0.0,0.0,0.0,0.0
1.75566,0.12,1.72,1.72115,0.03542347,0.1073286,0.0,0.0,0.03542347,0.1073286,0.0,0.0,0.0,0.0
1.75665,0.12,1.721,1.72215,0.0354329,0.1075158,0.0,0.0,0.0354329,0.1075158,0.0,0.0,0.0,0.0
1.75763,0.12,1.722,1.72315,0.03544299,0.1077032,0.0,0.0,0.03544299,0.1077032,0.0,0.0,0.0,0.0
1.75861,0.12,1.723,1.72415,0.03545245,0.1078909,0.0,0.0,0.03545245,0.1078909,0.0,0.0,0.0,0.0
1.75959,0.12,1.724,1.72515,0.03546189,0.1080788,0.0,0.0,0.03546189,0.1080788,0.0,0.0,0.0,0.0
1.76057,0.12,1.725,1.72615,0.03547134,0.1082669,0.0,0.0,0.03547134,0.1082669,0.0,0.0,0.0,0.0
1.76155,0.12,1.726,1.72715,0.03548079,0.1084553,0.0,0.0,0.03548079,0.1084553,0.0,0.0,0.0,0.0
1.76253,0.12,1.727,1.72815,0.03549024,0.1086439,0.0,0.0,0.03549024,0.1086439,0.0,0.0,0.0,0.0
1.76351,0.12,1.728,1.72915,0.0354997,0.1088328,0.0,0.0,0.0354997,0.1088328,0.0,0.0,0.0,0.0
1.76449,0.12,1.729,1.73015,0.03550916,0.1090218,0.0,0.0,0.03550916,0.1090218,0.0,0.0,0.0,0.0
1.76547,0.12,1.73,1.73115,0.03551863,0.1092111,0.0,0.0,0.03551863,0.1092111,0.0,0.0,0.0,0.0
1.76645,0.12,1.731,1.73215,0.0355281,0.1094007,0.0,0.0,0.0355281,0.1094007,0.0,0.0,0.0,0.0
1.76743,0.12,1.732,1.73315,0.03553758,0.1095904,0.0,0.0,0.03553758,0.1095904,0.0,0.0,0.0,0.0
1.76841,0.12,1.733,1.73415,0.03554707,0.1097804,0.0,0.0,0.03554707,0.1097804,0.0,0.0,0.0,0.0
1.76939,0.12,1.734,1.73515,0.03555656,0.1099706,0.0,0.0,0.03555656,0.1099706,0.0,0.0,0.0,0.0
1.77037,0.12,1.735,1.73615,0.03556605,0.1101611,0.0,0.0,0.03556605,0.1101611,0.0,0.0,0.0,0.0
1.77135,0.12,1.736,1.73715,0.03557555,0.1103518,0.0,0.0,0.03557555,0.1103518,0.0,0.0,0.0,0.0
1.77233,0.12,1.737,1.73815,0.03558506,0.1105427,0.0,0.0,0.03558506,0.1105427,0.0,0.0,0.0,0.0
1.77331,0.12,1.738,1.73915,0.03559457,0.1107339,0.0,0.0,0.03559457,0.1107339,0.0,0.0,0.0,0.0
1.7743,0.12,1.739,1.74015,0.03560409,0.1109253,0.0,0.0,0.03560409,0.1109253,0.0,0.0,0.0,0.0
1.77528,0.12,1.74,1.74115,0.03561361,0.1111169,0.0,0.0,0.03561361,0.1111169,0.0,0.0,0.0,0.0
1.77626,0.12,1.741,1.74215,0.03562314,0.1113087,0.0,0.0,0.03562314,0.1113087,0.0,0.0,0.0,0.0
1.77724,0.12,1.742,1.74315,0.03563267,0.1115008,0.0,0.0,0.03563267,0.1115008,0.0,0.0,0.0,0.0
1.77822,0.12,1.743,1.74415,0.03564221,0.1116931,0.0,0.0,0.03564221,0.1116931,0.0,0.0,0.0,0.0
1.7792,0.12,1.744,1.74515,0.03565175,0.1118857,0.0,0.0,0.03565175,0.1118857,0.0,0.0,0.0,0.0
1.78018,0.12,1.745,1.74615,0.0356613,0.1120784,0.0,0.0,0.0356613,0.1120784,0.0,0.0,0.0,0.0
1.78116,0.12,1.746,1.74715,0.03567085,0.1122715,0.0,0.0,0.03567085,0.1122715,0.0,0.0,0.0,0.0
1.78214,0.12,1.747,1.74815,0.03568041,0.1124647,0.0,0.0,0.03568041,0.1124647,0.0,0.0,0.0,0.0
1.78312,0.12,1.748,1.74915,0.03568997,0.1126582,0.0,0.0,0.03568997,0.1126582,0.0,0.0,0.0,0.0
1.7841,0.12,1.749,1.75015,0.03569954,0.1128519,0.0,0.0,0.03569954,0.1128519,0.0,0.0,0.0,0.0
1.78508,0.12,1.75,1.75115,0.03570911,0.1130459,0.0,0.0,0.03570911,0.1130459,0.0,0.0,0.0,0.0
1.78607,0.12,1.751,1.75215,0.03571869,0.11324,0.0,0.0,0.03571869,0.11324,0.0,0.0,0.0,0.0
1.78705,0.12,1.752,1.75315,0.03572827,0.1134344,0.0,0.0,0.03572827,0.1134344,0.0,0.0,0.0,0.0
1.78803,0.12,1.753,1.75415,0.03573786,0.1136291,0.0,0.0,0.03573786,0.1136291,0.0,0.0,0.0,0.0
1.78901,0.12,1.754,1.75515,0.03574745,0.113824,0.0,0.0,0.03574745,0.113824,0.0,0.0,0.0,0.0
1.78999,0.12,1.755,1.75615,0.03575705,0.1140191,0.0,0.0,0.03575705,0.1140191,0.0,0.0,0.0,0.0
1.79097,0.12,1.756,1.75715,0.03576686,0.1142143,0.0,0.0,0.03576686,0.1142143,0.0,0.0,0.0,0.0
1.79195,0.12,1.757,1.75815,0.03577648,0.1144098,0.0,0.0,0.03577648,0.1144098,0.0,0.0,0.0,0.0
1.79293,0.12,1.758,1.75915,0.0357861,0.1146056,0.0,0.0,0.0357861,0.1146056,0.0,0.0,0.0,0.0
1.79391,0.12,1.759,1.76015,0.03579572,0.1148016,0.0,0.0,0.03579572,0.1148016,0.0,0.0,0.0,0.0
1.7949,0.12,1.76,1.76115,0.03580586,0.1149978,0.0,0.0,0.03580586,0.1149978,0.0,0.0,0.0,0.0
1.79588,0.12,1.761,1.76215,0.03581551,0.1151943,0.0,0.0,0.03581551,0.1151943,0.0,0.0,0.0,0.0
1.79686,0.12,1.762,1.76315,0.03582514,0.115391,0.0,0.0,0.03582514,0.115391,0.0,0.0,0.0,0.0
1.79784,0.12,1.763,1.76415,0.03583477,0.115588,0.0,0.0,0.03583477,0.115588,0.0,0.0,0.0,0.0
1.79882,0.12,1.764,1.76515,0.0358444,0.1157852,0.0,0.0,0.0358444,0.1157852,0.0,0.0,0.0,0.0
1.7998,0.12,1.765,1.76615,0.03585404,0.1159826,0.0,0.0,0.03585404,0.1159826,0.0,0.0,0.0,0.0
1.80078,0.12,1.766,1.76715,0.03586368,0.1161803,0.0,0.0,0.03586368,0.1161803,0.0,0.0,0.0,0.0
1.80176,0.12,1.767,1.76815,0.03587332,0.1163782,0.0,0.0,0.03587332,0.1163782,0.0,0.0,0.0,0.0
1.80275,0.12,1.768,1.76915,0.03588297,0.1165763,0.0,0.0,0.03588297,0.1165763,0.0,0.0,0.0,0.0
1.80373,0.12,1.769,1.77015,0.03589262,0.1167747,0.0,0.0,0.03589262,0.1167747,0.0,0.0,0.0,0.0
1.80471,0.12,1.77,1.77115,0.03590227,0.1169733,0.0,0.0,0.03590227,0.1169733,0.0,0.0,0.0,0.0
1.80569,0.12,1.771,1.77215,0.03591193,0.1171722,0.0,0.0,0.03591193,0.1171722,0.0,0.0,0.0,0.0
1.80667,0.12,1.772,1.77315,0.03592159,0.1173713,0.0,0.0,0.03592159,0.1173713,0.0,0.0,0.0,0.0
1.80765,0.12,1.773,1.77415,0.03593126,0.1175706,0.0,0.0,0.03593126,0.1175706,0.0,0.0,0.0,0.0
1.80863,0.12,1.774,1.77515,0.03594093,0.1177702,0.0,0.0,0.03594093,0.1177702,0.0,0.0,0.0,0.0
1.80962,0.12,1.775,1.77615,0.03595061,0.11797,0.0,0.0,0.03595061,0.11797,0.0,0.0,0.0,0.0
1.8106,0.12,1.776,1.77715,0.03596029,0.1181701,0.0,0.0,0.03596029,0.1181701,0.0,0.0,0.0,0.0
1.81158,0.12,1.777,1.77815,0.03596997,0.1183704,0.0,0.0,0.03596997,0.1183704,0.0,0.0,0.0,0.0
1.81256,0.12,1.778,1.77915,0.03597966,0.1185709,0.0,0.0,0.03597966,0.1185709,0.0,0.0,0.0,0.0
1.81354,0.12,1.779,1.78015,0.03598935,0.1187717,0.0,0.0,0.03598935,0.1187717,0.0,0.0,0.0,0.0
1.81452,0.12,1.78,1.78115,0.03599905,0.1189727,0.0,0.0,0.03599905,0.1189727,0.0,0.0,0.0,0.0
1.81551,0.12,1.781,1.78215,0.03600875,0.1191739,0.0,0.0,0.03600875,0.1191739,0.0,0.0,0.0,0.0
1.81649,0.12,1.782,1.78315,0.03601845,0.1193754,0.0,0.0,0.03601845,0.1193754,0.0,0.0,0.0,0.0
1.81747,0.12,1.783,1.78415,0.03602816,0.1195771,0.0,0.0,0.03602816,0.1195771,0.0,0.0,0.0,0.0
1.81845,0.12,1.784,1.78515,0.03603788,0.1197791,0.0,0.0,0.03603788,0.1197791,0.0,0.0,0.0,0.0
1.81943,0.12,1.785,1.78615,0.03604759,0.1199813,0.0,0.0,0.03604759,0.1199813,0.0,0.0,0.0,0.0
1.82041,0.12,1.786,1.78715,0.03605732,0.1201837,0.0,0.0,0.03605732,0.1201837,0.0,0.0,0.0,0.0
1.8214,0.12,1.787,1.78815,0.03606704,0.1203864,0.0,0.0,0.03606704,0.1203864,0.0,0.0,0.0,0.0
1.82238,0.12,1.788,1.78915,0.03607677,0.1205893,0.0,0.0,0.03607677,0.1205893,0.0,0.0,0.0,0.0
1.82336,0.12,1.789,1.79015,0.0360865,0.1207925,0.0,0.0,0.0360865,0.1207925,0.0,0.0,0.0,0.0
1.82434,0.12,1.79,1.79115,0.03609624,0.1209959,0.0,0.0,0.03609624,0.1209959,0.0,0.0,0.0,0.0
1.82532,0.12,1.791,1.79215,0.03610598,0.1211995,0.0,0.0,0.03610598,0.1211995,0.0,0.0,0.0,0.0
1.8263,0.12,1.792,1.79315,0.03611573,0.1214034,0.0,0.0,0.03611573,0.1214034,0.0,0.0,0.0,0.0
1.82729,0.12,1.793,1.79415,0.03612548,0.1216075,0.0,0.0,0.03612548,0.1216075,0.0,0.0,0.0,0.0
1.82827,0.12,1.794,1.79515,0.03613523,0.1218119,0.0,0.0,0.03613523,0.1218119,0.0,0.0,0.0,0.0
1.82925,0.12,1.795,1.79615,0.03614499,0.1220165,0.0,0.0,0.03614499,0.1220165,0.0,0.0,0.0,0.0
1.83023,0.12,1.796,1.79715,0.03615491,0.1222212,0.0,0.0,0.03615491,0.1222212,0.0,0.0,0.0,0.0
1.83121,0.12,1.797,1.79815,0.03616469,0.1224263,0.0,0.0,0.03616469,0.1224263,0.0,0.0,0.0,0.0
1.8322,0.12,1.798,1.79915,0.03617446,0.1226315,0.0,0.0,0.03617446,0.1226315,0.0,0.0,0.0,0.0
1.83318,0.12,1.799,1.80015,0.03618424,0.1228371,0.0,0.0,0.03618424,0.1228371,0.0,0.0,0.0,0.0
1.83416,0.12,1.8,1.80115,0.03619444,0.1230429,0.0,0.0,0.03619444,0.1230429,0.0,0.0,0.0,0.0
1.83514,0.12,1.801,1.80215,0.03620424,0.1232489,0.0,0.0,0.03620424,0.1232489,0.0,0.0,0.0,0.0
1.83612,0.12,1.802,1.80315,0.03621402,0.1234551,0.0,0.0,0.03621402,0.1234551,0.0,0.0,0.0,0.0
1.83711,0.12,1.803,1.80415,0.0362238,0.1236617,0.0,0.0,0.0362238,0.1236617,0.0,0.0,0.0,0.0
1.83809,0.12,1.804,1.80515,0.03623359,0.1238684,0.0,0.0,0.03623359,0.1238684,0.0,0.0,0.0,0.0
1.83907,0.12,1.805,1.80615,0.03624337,0.1240754,0.0,0.0,0.03624337,0.1240754,0.0,0.0,0.0,0.0
1.84005,0.12,1.806,1.80715,0.03625316,0.1242827,0.0,0.0,0.03625316,0.1242827,0.0,0.0,0.0,0.0
1.84103,0.12,1.807,1.80815,0.03626296,0.1244902,0.0,0.0,0.03626296,0.1244902,0.0,0.0,0.0,0.0
1.84202,0.12,1.808,1.80915,0.03627275,0.1246979,0.0,0.0,0.03627275,0.1246979,0.0,0.0,0.0,0.0
1.843,0.12,1.809,1.81015,0.03628255,0.1249059,0.0,0.0,0.03628255,0.1249059,0.0,0.0,0.0,0.0
1.84398,0.12,1.81,1.81115,0.03629235,0.1251141,0.0,0.0,0.03629235,0.1251141,0.0,0.0,0.0,0.0
1.84496,0.12,1.811,1.81215,0.03630215,0.1253226,0.0,0.0,0.03630215,0.1253226,0.0,0.0,0.0,0.0
1.84595,0.12,1.812,1.81315,0.03631196,0.1255313,0.0,0.0,0.03631196,0.1255313,0.0,0.0,0.0,0.0
1.84693,0.12,1.813,1.81415,0.03632177,0.1257403,0.0,0.0,0.03632177,0.1257403,0.0,0.0,0.0,0.0
1.84791,0.12,1.814,1.81515,0.03633159,0.1259495,0.0,0.0,0.03633159,0.1259495,0.0,0.0,0.0,0.0
1.84889,0.12,1.815,1.81615,0.03634141,0.1261589,0.0,0.0,0.03634141,0.1261589,0.0,0.0,0.0,0.0
1.84987,0.12,1.816,1.81715,0.03635123,0.1263686,0.0,0.0,0.03635123,0.1263686,0.0,0.0,0.0,0.0
1.85086,0.12,1.817,1.81815,0.03636106,0.1265786,0.0,0.0,0.03636106,0.1265786,0.0,0.0,0.0,0.0
1.85184,0.12,1.818,1.81915,0.03637088,0.1267888,0.0,0.0,0.03637088,0.1267888,0.0,0.0,0.0,0.0
1.85282,0.12,1.819,1.82015,0.03638072,0.1269992,0.0,0.0,0.03638072,0.1269992,0.0,0.0,0.0,0.0
1.8538,0.12,1.82,1.82115,0.03639055,0.1272099,0.0,0.0,0.03639055,0.1272099,0.0,0.0,0.0,0.0
1.85479,0.12,1.821,1.82215,0.03640039,0.1274209,0.0,0.0,0.03640039,0.1274209,0.0,0.0,0.0,0.0
1.85577,0.12,1.822,1.82315,0.03641023,0.127632,0.0,0.0,0.03641023,0.127632,0.0,0.0,0.0,0.0
1.85675,0.12,1.823,1.82415,0.03642008,0.1278435,0.0,0.0,0.03642008,0.1278435,0.0,0.0,0.0,0.0
1.85773,0.12,1.824,1.82515,0.03642992,0.1280552,0.0,0.0,0.03642992,0.1280552,0.0,0.0,0.0,0.0
1.85872,0.12,1.825,1.82615,0.03643977,0.1282671,0.0,0.0,0.03643977,0.1282671,0.0,0.0,0.0,0.0
1.8597,0.12,1.826,1.82715,0.03644963,0.1284793,0.0,0.0,0.03644963,0.1284793,0.0,0.0,0.0,0.0
1.86068,0.12,1.827,1.82815,0.03645949,0.1286917,0.0,0.0,0.03645949,0.1286917,0.0,0.0,0.0,0.0
1.86166,0.12,1.828,1.82915,0.03646935,0.1289044,0.0,0.0,0.03646935,0.1289044,0.0,0.0,0.0,0.0
1.86265,0.12,1.829,1.83015,0.03647921,0.1291173,0.0,0.0,0.03647921,0.1291173,0.0,0.0,0.0,0.0
1.86363,0.12,1.83,1.83115,0.03648908,0.1293304,0.0,0.0,0.03648908,0.1293304,0.0,0.0,0.0,0.0
1.86461,0.12,1.831,1.83215,0.03649895,0.1295439,0.0,0.0,0.03649895,0.1295439,0.0,0.0,0.0,0.0
1.86559,0.12,1.832,1.83315,0.03650882,0.1297575,0.0,0.0,0.03650882,0.1297575,0.0,0.0,0.0,0.0
1.86658,0.12,1.833,1.83415,0.0365187,0.1299714,0.0,0.0,0.0365187,0.1299714,0.0,0.0,0.0,0.0
1.86756,0.12,1.834,1.83515,0.03652858,0.1301856,0.0,0.0,0.03652858,0.1301856,0.0,0.0,0.0,0.0
1.86854,0.12,1.835,1.83615,0.03653846,0.1304,0.0,0.0,0.03653846,0.1304,0.0,0.0,0.0,0.0
1.86952,0.12,1.836,1.83715,0.03654835,0.1306147,0.0,0.0,0.03654835,0.1306147,0.0,0.0,0.0,0.0
1.87051,0.12,1.837,1.83815,0.03655824,0.1308296,0.0,0.0,0.03655824,0.1308296,0.0,0.0,0.0,0.0
1.87149,0.12,1.838,1.83915,0.03656813,0.1310448,0.0,0.0,0.03656813,0.1310448,0.0,0.0,0.0,0.0
1.87247,0.12,1.839,1.84015,0.03657803,0.1312602,0.0,0.0,0.03657803,0.1312602,0.0,0.0,0.0,0.0
1.87346,0.12,1.84,1.84115,0.03658792,0.1314759,0.0,0.0,0.03658792,0.1314759,0.0,0.0,0.0,0.0
1.87444,0.12,1.841,1.84215,0.03659783,0.1316918,0.0,0.0,0.03659783,0.1316918,0.0,0.0,0.0,0.0
1.87542,0.12,1.842,1.84315,0.03660773,0.131908,0.0,0.0,0.03660773,0.131908,0.0,0.0,0.0,0.0
1.8764,0.12,1.843,1.84415,0.03661764,0.1321244,0.0,0.0,0.03661764,0.1321244,0.0,0.0,0.0,0.0
1.87739,0.12,1.844,1.84515,0.03662755,0.1323411,0.0,0.0,0.03662755,0.1323411,0.0,0.0,0.0,0.0
1.87837,0.12,1.845,1.84615,0.03663746,0.132558,0.0,0.0,0.03663746,0.132558,0.0,0.0,0.0,0.0
1.87935,0.12,1.846,1.84715,0.03664738,0.1327752,0.0,0.0,0.03664738,0.1327752,0.0,0.0,0.0,0.0
1.88033,0.12,1.847,1.84815,0.03665729,0.1329926,0.0,0.0,0.03665729,0.1329926,0.0,0.0,0.0,0.0
1.88132,0.12,1.848,1.84915,0.03666722,0.1332103,0.0,0.0,0.03666722,0.1332103,0.0,0.0,0.0,0.0
1.8823,0.12,1.849,1.85015,0.03667714,0.1334282,0.0,0.0,0.03667714,0.1334282,0.0,0.0,0.0,0.0
1.88328,0.12,1.85,1.85115,0.03668707,0.1336464,0.0,0.0,0.03668707,0.1336464,0.0,0.0,0.0,0.0
1.88427,0.12,1.851,1.85215,0.036697,0.1338649,0.0,0.0,0.036697,0.1338649,0.0,0.0,0.0,0.0
1.88525,0.12,1.852,1.85315,0.03670693,0.1340836,0.0,0.0,0.03670693,0.1340836,0.0,0.0,0.0,0.0
1.88623,0.12,1.853,1.85415,0.03671687,0.1343025,0.0,0.0,0.03671687,0.1343025,0.0,0.0,0.0,0.0
1.88722,0.12,1.854,1.85515,0.03672681,0.1345217,0.0,0.0,0.03672681,0.1345217,0.0,0.0,0.0,0.0
1.8882,0.12,1.855,1.85615,0.03673675,0.1347412,0.0,0.0,0.03673675,0.1347412,0.0,0.0,0.0,0.0
1.88918,0.12,1.856,1.85715,0.03674669,0.1349609,0.0,0.0,0.03674669,0.1349609,0.0,0.0,0.0,0.0
1.89016,0.12,1.857,1.85815,0.03675664,0.1351809,0.0,0.0,0.03675664,0.1351809,0.0,0.0,0.0,0.0
1.89115,0.12,1.858,1.85915,0.03676659,0.1354011,0.0,0.0,0.03676659,0.1354011,0.0,0.0,0.0,0.0
1.89213,0.12,1.859,1.86015,0.03677654,0.1356216,0.0,0.0,0.03677654,0.1356216,0.0,0.0,0.0,0.0
1.89311,0.12,1.86,1.86115,0.03678649,0.1358423,0.0,0.0,0.03678649,0.1358423,0.0,0.0,0.0,0.0
1.8941,0.12,1.861,1.86215,0.03679645,0.1360633,0.0,0.0,0.03679645,0.1360633,0.0,0.0,0.0,0.0
1.89508,0.12,1.862,1.86315,0.03680641,0.1362846,0.0,0.0,0.03680641,0.1362846,0.0,0.0,0.0,0.0
1.89606,0.12,1.863,1.86415,0.03681638,0.1365061,0.0,0.0,0.03681638,0.1365061,0.0,0.0,0.0,0.0
1.89705,0.12,1.864,1.86515,0.03682634,0.1367278,0.0,0.0,0.03682634,0.1367278,0.0,0.0,0.0,0.0
1.89803,0.12,1.865,1.86615,0.03683631,0.1369498,0.0,0.0,0.03683631,0.1369498,0.0,0.0,0.0,0.0
1.89901,0.12,1.866,1.86715,0.03684628,0.1371721,0.0,0.0,0.03684628,0.1371721,0.0,0.0,0.0,0.0
1.9,0.12,1.867,1.86815,0.03685625,0.1373947,0.0,0.0,0.03685625,0.1373947,0.0,0.0,0.0,0.0
1.90098,0.12,1.868,1.86915,0.03686623,0.1376175,0.0,0.0,0.03686623,0.1376175,0.0,0.0,0.0,0.0
1.90196,0.12,1.869,1.87015,0.03687621,0.1378405,0.0,0.0,0.03687621,0.1378405,0.0,0.0,0.0,0.0
1.90295,0.12,1.87,1.87115,0.03688619,0.1380638,0.0,0.0,0.03688619,0.1380638,0.0,0.0,0.0,0.0
1.90393,0.12,1.871,1.87215,0.03689617,0.1382874,0.0,0.0,0.03689617,0.1382874,0.0,0.0,0.0,0.0
1.90491,0.12,1.872,1.87315,0.03690616,0.1385112,0.0,0.0,0.03690616,0.1385112,0.0,0.0,0.0,0.0
1.9059,0.12,1.873,1.87415,0.03691615,0.1387353,0.0,0.0,0.03691615,0.1387353,0.0,0.0,0.0,0.0
1.90688,0.12,1.874,1.87515,0.03692614,0.1389596,0.0,0.0,0.03692614,0.1389596,0.0,0.0,0.0,0.0
1.90786,0.12,1.875,1.87615,0.03693613,0.1391842,0.0,0.0,0.03693613,0.1391842,0.0,0.0,0.0,0.0
1.90885,0.12,1.876,1.87715,0.03694613,0.1394091,0.0,0.0,0.03694613,0.1394091,0.0,0.0,0.0,0.0
1.90983,0.12,1.877,1.87815,0.03695613,0.1396342,0.0,0.0,0.03695613,0.1396342,0.0,0.0,0.0,0.0
1.91081,0.12,1.878,1.87915,0.03696613,0.1398596,0.0,0.0,0.03696613,0.1398596,0.0,0.0,0.0,0.0
1.9118,0.12,1.879,1.88015,0.03697614,0.1400852,0.0,0.0,0.03697614,0.1400852,0.0,0.0,0.0,0.0
1.91278,0.12,1.88,1.88115,0.03698614,0.1403111,0.0,0.0,0.03698614,0.1403111,0.0,0.0,0.0,0.0
1.91376,0.12,1.881,1.88215,0.03699615,0.1405373,0.0,0.0,0.03699615,0.1405373,0.0,0.0,0.0,0.0
1.91475,0.12,1.882,1.88315,0.03700616,0.1407637,0.0,0.0,0.03700616,0.1407637,0.0,0.0,0.0,0.0
1.91573,0.12,1.883,1.88415,0.03701617,0.1409904,0.0,0.0,0.03701617,0.1409904,0.0,0.0,0.0,0.0
1.91671,0.12,1.884,1.88515,0.03702619,0.1412173,0.0,0.0,0.03702619,0.1412173,0.0,0.0,0.0,0.0
1.9177,0.12,1.885,1.88615,0.03703621,0.1414446,0.0,0.0,0.03703621,0.1414446,0.0,0.0,0.0,0.0
1.91868,0.12,1.886,1.88715,0.03704623,0.141672,0.0,0.0,0.03704623,0.141672,0.0,0.0,0.0,0.0
1.91966,0.12,1.887,1.88815,0.03705625,0.1418998,0.0,0.0,0.03705625,0.1418998,0.0,0.0,0.0,0.0
1.92065,0.12,1.888,1.88915,0.03706628,0.1421277,0.0,0.0,0.03706628,0.1421277,0.0,0.0,0.0,0.0
1.92163,0.12,1.889,1.89015,0.03707631,0.142356,0.0,0.0,0.03707631,0.142356,0.0,0.0,0.0,0.0
1.92262,0.12,1.89,1.89115,0.03708634,0.1425845,0.0,0.0,0.03708634,0.1425845,0.0,0.0,0.0,0.0
1.9236,0.12,1.891,1.89215,0.03709637,0.1428133,0.0,0.0,0.03709637,0.1428133,0.0,0.0,0.0,0.0
1.92458,0.12,1.892,1.89315,0.0371064,0.1430423,0.0,0.0,0.0371064,0.1430423,0.0,0.0,0.0,0.0
1.92557,0.12,1.893,1.89415,0.03711644,0.1432717,0.0,0.0,0.03711644,0.1432717,0.0,0.0,0.0,0.0
1.92655,0.12,1.894,1.89515,0.03712648,0.1435012,0.0,0.0,0.03712648,0.1435012,0.0,0.0,0.0,0.0
1.92753,0.12,1.895,1.89615,0.03713652,0.1437311,0.0,0.0,0.03713652,0.1437311,0.0,0.0,0.0,0.0
1.92852,0.12,1.896,1.89715,0.03714656,0.1439612,0.0,0.0,0.03714656,0.1439612,0.0,0.0,0.0,0.0
1.9295,0.12,1.897,1.89815,0.03715661,0.1441915,0.0,0.0,0.03715661,0.1441915,0.0,0.0,0.0,0.0
1.93048,0.12,1.898,1.89915,0.03716666,0.1444222,0.0,0.0,0.03716666,0.1444222,0.0,0.0,0.0,0.0
1.93147,0.12,1.899,1.90015,0.03717671,0.1446531,0.0,0.0,0.03717671,0.1446531,0.0,0.0,0.0,0.0
1.93245,0.12,1.9,1.90115,0.03718676,0.1448842,0.0,0.0,0.03718676,0.1448842,0.0,0.0,0.0,0.0
1.93344,0.12,1.901,1.90215,0.03719682,0.1451157,0.0,0.0,0.03719682,0.1451157,0.0,0.0,0.0,0.0
1.93442,0.12,1.902,1.90315,0.03720687,0.1453473,0.0,0.0,0.03720687,0.1453473,0.0,0.0,0.0,0.0
1.9354,0.12,1.903,1.90415,0.03721693,0.1455793,0.0,0.0,0.03721693,0.1455793,0.0,0.0,0.0,0.0
1.93639,0.12,1.904,1.90515,0.03722699,0.1458115,0.0,0.0,0.03722699,0.1458115,0.0,0.0,0.0,0.0
1.93737,0.12,1.905,1.90615,0.03723706,0.146044,0.0,0.0,0.03723706,0.146044,0.0,0.0,0.0,0.0
1.93836,0.12,1.906,1.90715,0.03724712,0.1462768,0.0,0.0,0.03724712,0.1462768,0.0,0.0,0.0,0.0
1.93934,0.12,1.907,1.90815,0.03725719,0.1465098,0.0,0.0,0.03725719,0.1465098,0.0,0.0,0.0,0.0
1.94032,0.12,1.908,1.90915,0.03726726,0.1467431,0.0,0.0,0.03726726,0.1467431,0.0,0.0,0.0,0.0
1.94131,0.12,1.909,1.91015,0.03727733,0.1469767,0.0,0.0,0.03727733,0.1469767,0.0,0.0,0.0,0.0
1.94229,0.12,1.91,1.91115,0.03728741,0.1472105,0.0,0.0,0.03728741,0.1472105,0.0,0.0,0.0,0.0
1.94328,0.12,1.911,1.91215,0.03729749,0.1474446,0.0,0.0,0.03729749,0.1474446,0.0,0.0,0.0,0.0
1.94426,0.12,1.912,1.91315,0.03730756,0.1476789,0.0,0.0,0.03730756,0.1476789,0.0,0.0,0.0,0.0
1.94524,0.12,1.913,1.91415,0.03731764,0.1479136,0.0,0.0,0.03731764,0.1479136,0.0,0.0,0.0,0.0
1.94623,0.12,1.914,1.91515,0.03732773,0.1481485,0.0,0.0,0.03732773,0.1481485,0.0,0.0,0.0,0.0
1.94721,0.12,1.915,1.91615,0.03733781,0.1483836,0.0,0.0,0.03733781,0.1483836,0.0,0.0,0.0,0.0
1.9482,0.12,1.916,1.91715,0.0373479,0.1486191,0.0,0.0,0.0373479,0.1486191,0.0,0.0,0.0,0.0
1.94918,0.12,1.917,1.91815,0.03735799,0.1488548,0.0,0.0,0.03735799,0.1488548,0.0,0.0,0.0,0.0
1.95016,0.12,1.918,1.91915,0.03736808,0.1490908,0.0,0.0,0.03736808,0.1490908,0.0,0.0,0.0,0.0
1.95115,0.12,1.919,1.92015,0.03737817,0.149327,0.0,0.0,0.03737817,0.149327,0.0,0.0,0.0,0.0
1.95213,0.12,1.92,1.92115,0.03738827,0.1495635,0.0,0.0,0.03738827,0.1495635,0.0,0.0,0.0,0.0
1.95312,0.12,1.921,1.92215,0.03739836,0.1498003,0.0,0.0,0.03739836,0.1498003,0.0,0.0,0.0,0.0
1.9541,0.12,1.922,1.92315,0.03740846,0.1500374,0.0,0.0,0.03740846,0.1500374,0.0,0.0,0.0,0.0
1.95508,0.12,1.923,1.92415,0.03741856,0.1502747,0.0,0.0,0.03741856,0.1502747,0.0,0.0,0.0,0.0
1.95607,0.12,1.924,1.92515,0.03742867,0.1505123,0.0,0.0,0.03742867,0.1505123,0.0,0.0,0.0,0.0
1.95705,0.12,1.925,1.92615,0.03743877,0.1507502,0.0,0.0,0.03743877,0.1507502,0.0,0.0,0.0,0.0
1.95804,0.12,1.926,1.92715,0.03744888,0.1509883,0.0,0.0,0.03744888,0.1509883,0.0,0.0,0.0,0.0
1.95902,0.12,1.927,1.92815,0.03745899,0.1512267,0.0,0.0,0.03745899,0.1512267,0.0,0.0,0.0,0.0
1.96001,0.12,1.928,1.92915,0.0374691,0.1514654,0.0,0.0,0.0374691,0.1514654,0.0,0.0,0.0,0.0
1.96099,0.12,1.929,1.93015,0.03747921,0.1517044,0.0,0.0,0.03747921,0.1517044,0.0,0.0,0.0,0.0
1.96197,0.12,1.93,1.93115,0.03748933,0.1519436,0.0,0.0,0.03748933,0.1519436,0.0,0.0,0.0,0.0
1.96296,0.12,1.931,1.93215,0.03749944,0.1521831,0.0,0.0,0.03749944,0.1521831,0.0,0.0,0.0,0.0
1.96394,0.12,1.932,1.93315,0.03750956,0.1524229,0.0,0.0,0.03750956,0.1524229,0.0,0.0,0.0,0.0
1.96493,0.12,1.933,1.93415,0.03751968,0.1526629,0.0,0.0,0.03751968,0.1526629,0.0,0.0,0.0,0.0
1.96591,0.12,1.934,1.93515,0.0375298,0.1529032,0.0,0.0,0.0375298,0.1529032,0.0,0.0,0.0,0.0
1.9669,0.12,1.935,1.93615,0.03753993,0.1531438,0.0,0.0,0.03753993,0.1531438,0.0,0.0,0.0,0.0
1.96788,0.12,1.936,1.93715,0.03755005,0.1533847,0.0,0.0,0.03755005,0.1533847,0.0,0.0,0.0,0.0
1.96886,0.12,1.937,1.93815,0.03756018,0.1536259,0.0,0.0,0.03756018,0.1536259,0.0,0.0,0.0,0.0
1.96985,0.12,1.938,1.93915,0.03757031,0.1538673,0.0,0.0,0.03757031,0.1538673,0.0,0.0,0.0,0.0
1.97083,0.12,1.939,1.94015,0.03758044,0.154109,0.0,0.0,0.03758044,0.154109,0.0,0.0,0.0,0.0
1.97182,0.12,1.94,1.94115,0.03759058,0.1543509,0.0,0.0,0.03759058,0.1543509,0.0,0.0,0.0,0.0
1.9728,0.12,1.941,1.94215,0.03760071,0.1545932,0.0,0.0,0.03760071,0.1545932,0.0,0.0,0.0,0.0
1.97379,0.12,1.942,1.94315,0.03761085,0.1548357,0.0,0.0,0.03761085,0.1548357,0.0,0.0,0.0,0.0
1.97477,0.12,1.943,1.94415,0.03762099,0.1550785,0.0,0.0,0.03762099,0.1550785,0.0,0.0,0.0,0.0
1.97576,0.12,1.944,1.94515,0.03763113,0.1553216,0.0,0.0,0.03763113,0.1553216,0.0,0.0,0.0,0.0
1.97674,0.12,1.945,1.94615,0.03764127,0.1555649,0.0,0.0,0.03764127,0.1555649,0.0,0.0,0.0,0.0
1.97772,0.12,1.946,1.94715,0.03765142,0.1558085,0.0,0.0,0.03765142,0.1558085,0.0,0.0,0.0,0.0
1.97871,0.12,1.947,1.94815,0.03766157,0.1560524,0.0,0.0,0.03766157,0.1560524,0.0,0.0,0.0,0.0
1.97969,0.12,1.948,1.94915,0.03767171,0.1562966,0.0,0.0,0.03767171,0.1562966,0.0,0.0,0.0,0.0
1.98068,0.12,1.949,1.95015,0.03768186,0.156541,0.0,0.0,0.03768186,0.156541,0.0,0.0,0.0,0.0
1.98166,0.12,1.95,1.95115,0.03769202,0.1567858,0.0,0.0,0.03769202,0.1567858,0.0,0.0,0.0,0.0
1.98265,0.12,1.951,1.95215,0.03770217,0.1570308,0.0,0.0,0.03770217,0.1570308,0.0,0.0,0.0,0.0
1.98363,0.12,1.952,1.95315,0.03771233,0.1572761,0.0,0.0,0.03771233,0.1572761,0.0,0.0,0.0,0.0
1.98462,0.12,1.953,1.95415,0.03772248,0.1575216,0.0,0.0,0.03772248,0.1575216,0.0,0.0,0.0,0.0
1.9856,0.12,1.954,1.95515,0.03773264,0.1577675,0.0,0.0,0.03773264,0.1577675,0.0,0.0,0.0,0.0
1.98659,0.12,1.955,1.95615,0.0377428,0.1580136,0.0,0.0,0.0377428,0.1580136,0.0,0.0,0.0,0.0
1.98757,0.12,1.956,1.95715,0.03775296,0.15826,0.0,0.0,0.03775296,0.15826,0.0,0.0,0.0,0.0
1.98856,0.12,1.957,1.95815,0.03776313,0.1585066,0.0,0.0,0.03776313,0.1585066,0.0,0.0,0.0,0.0
1.98954,0.12,1.958,1.95915,0.03777329,0.1587536,0.0,0.0,0.03777329,0.1587536,0.0,0.0,0.0,0.0
1.99052,0.12,1.959,1.96015,0.03778346,0.1590008,0.0,0.0,0.03778346,0.1590008,0.0,0.0,0.0,0.0
1.99151,0.12,1.96,1.96115,0.03779363,0.1592483,0.0,0.0,0.03779363,0.1592483,0.0,0.0,0.0,0.0
1.99249,0.12,1.961,1.96215,0.0378038,0.1594961,0.0,0.0,0.0378038,0.1594961,0.0,0.0,0.0,0.0
1.99348,0.12,1.962,1.96315,0.03781398,0.1597442,0.0,0.0,0.03781398,0.1597442,0.0,0.0,0.0,0.0
1.99446,0.12,1.963,1.96415,0.03782415,0.1599925,0.0,0.0,0.03782415,0.1599925,0.0,0.0,0.0,0.0
1.99545,0.12,1.964,1.96515,0.03783433,0.1602412,0.0,0.0,0.03783433,0.1602412,0.0,0.0,0.0,0.0
1.99643,0.12,1.965,1.96615,0.0378445,0.1604901,0.0,0.0,0.0378445,0.1604901,0.0,0.0,0.0,0.0
1.99742,0.12,1.966,1.96715,0.03785468,0.1607393,0.0,0.0,0.03785468,0.1607393,0.0,0.0,0.0,0.0
1.9984,0.12,1.967,1.96815,0.03786487,0.1609887,0.0,0.0,0.03786487,0.1609887,0.0,0.0,0.0,0.0
1.99939,0.12,1.968,1.96915,0.03787505,0.1612385,0.0,0.0,0.03787505,0.1612385,0.0,0.0,0.0,0.0
2.00037,0.12,1.969,1.97015,0.03788523,0.1614885,0.0,0.0,0.03788523,0.1614885,0.0,0.0,0.0,0.0
2.00136,0.12,1.97,1.97115,0.03789542,0.1617389,0.0,0.0,0.03789542,0.1617389,0.0,0.0,0.0,0.0
2.00234,0.12,1.971,1.97215,0.03790561,0.1619894,0.0,0.0,0.03790561,0.1619894,0.0,0.0,0.0,0.0
2.00333,0.12,1.972,1.97315,0.0379158,0.1622403,0.0,0.0,0.0379158,0.1622403,0.0,0.0,0.0,0.0
2.00431,0.12,1.973,1.97415,0.03792599,0.1624915,0.0,0.0,0.03792599,0.1624915,0.0,0.0,0.0,0.0
2.0053,0.12,1.974,1.97515,0.03793618,0.1627429,0.0,0.0,0.03793618,0.1627429,0.0,0.0,0.0,0.0
2.00628,0.12,1.975,1.97615,0.03794638,0.1629947,0.0,0.0,0.03794638,0.1629947,0.0,0.0,0.0,0.0
2.00727,0.12,1.976,1.97715,0.03795657,0.1632467,0.0,0.0,0.03795657,0.1632467,0.0,0.0,0.0,0.0
2.00825,0.12,1.977,1.97815,0.03796677,0.163499,0.0,0.0,0.03796677,0.163499,0.0,0.0,0.0,0.0
2.00924,0.12,1.978,1.97915,0.03797697,0.1637516,0.0,0.0,0.03797697,0.1637516,0.0,0.0,0.0,0.0
2.01022,0.12,1.979,1.98015,0.03798717,0.1640044,0.0,0.0,0.03798717,0.1640044,0.0,0.0,0.0,0.0
2.01121,0.12,1.98,1.98115,0.03799737,0.1642576,0.0,0.0,0.03799737,0.1642576,0.0,0.0,0.0,0.0
2.01219,0.12,1.981,1.98215,0.03800758,0.164511,0.0,0.0,0.03800758,0.164511,0.0,0.0,0.0,0.0
2.01318,0.12,1.982,1.98315,0.03801778,0.1647647,0.0,0.0,0.03801778,0.1647647,0.0,0.0,0.0,0.0
2.01416,0.12,1.983,1.98415,0.03802799,0.1650187,0.0,0.0,0.03802799,0.1650187,0.0,0.0,0.0,0.0
2.01515,0.12,1.984,1.98515,0.0380382,0.165273,0.0,0.0,0.0380382,0.165273,0.0,0.0,0.0,0.0
2.01613,0.12,1.985,1.98615,0.03804841,0.1655276,0.0,0.0,0.03804841,0.1655276,0.0,0.0,0.0,0.0
2.01712,0.12,1.986,1.98715,0.03805862,0.1657824,0.0,0.0,0.03805862,0.1657824,0.0,0.0,0.0,0.0
2.0181,0.12,1.987,1.98815,0.03806883,0.1660376,0.0,0.0,0.03806883,0.1660376,0.0,0.0,0.0,0.0
2.01909,0.12,1.988,1.98915,0.03807905,0.166293,0.0,0.0,0.03807905,0.166293,0.0,0.0,0.0,0.0
2.02007,0.12,1.989,1.99015,0.03808927,0.1665487,0.0,0.0,0.03808927,0.1665487,0.0,0.0,0.0,0.0
2.02106,0.12,1.99,1.99115,0.03809948,0.1668047,0.0,0.0,0.03809948,0.1668047,0.0,0.0,0.0,0.0
2.02204,0.12,1.991,1.99215,0.0381097,0.167061,0.0,0.0,0.0381097,0.167061,0.0,0.0,0.0,0.0
2.02303,0.12,1.992,1.99315,0.03811993,0.1673175,0.0,0.0,0.03811993,0.1673175,0.0,0.0,0.0,0.0
2.02401,0.12,1.993,1.99415,0.03813015,0.1675744,0.0,0.0,0.03813015,0.1675744,0.0,0.0,0.0,0.0
2.025,0.12,1.994,1.99515,0.03814037,0.1678316,0.0,0.0,0.03814037,0.1678316,0.0,0.0,0.0,0.0
2.02599,0.12,1.995,1.99615,0.0381506,0.168089,0.0,0.0,0.0381506,0.168089,0.0,0.0,0.0,0.0
2.02697,0.12,1.996,1.99715,0.03816083,0.1683467,0.0,0.0,0.03816083,0.1683467,0.0,0.0,0.0,0.0
2.02796,0.12,1.997,1.99815,0.03817106,0.1686047,0.0,0.0,0.03817106,0.1686047,0.0,0.0,0.0,0.0
2.02894,0.12,1.998,1.99915,0.03818129,0.168863,0.0,0.0,0.03818129,0.168863,0.0,0.0,0.0,0.0
2.02993,0.12,1.999,2.00015,0.03819152,0.1691216,0.0,0.0,0.03819152,0.1691216,0.0,0.0,0.0,0.0
2.03091,0.12,2.0,2.00115,0.03820175,0.1693805,0.0,0.0,0.03820175,0.1693805,0.0,0.0,0.0,0.0
2.0319,0.12,2.001,2.00215,0.03821199,0.1696396,0.0,0.0,0.03821199,0.1696396,0.0,0.0,0.0,0.0
2.03288,0.12,2.002,2.00315,0.03822222,0.1698991,0.0,0.0,0.03822222,0.1698991,0.0,0.0,0.0,0.0
2.03387,0.12,2.003,2.00415,0.03823246,0.1701588,0.0,0.0,0.03823246,0.1701588,0.0,0.0,0.0,0.0
2.03485,0.12,2.004,2.00515,0.0382427,0.1704189,0.0,0.0,0.0382427,0.1704189,0.0,0.0,0.0,0.0
2.03584,0.12,2.005,2.00615,0.03825294,0.1706792,0.0,0.0,0.03825294,0.1706792,0.0,0.0,0.0,0.0
2.03682,0.12,2.006,2.00715,0.03826319,0.1709398,0.0,0.0,0.03826319,0.1709398,0.0,0.0,0.0,0.0
2.03781,0.12,2.007,2.00815,0.03827343,0.1712007,0.0,0.0,0.03827343,0.1712007,0.0,0.0,0.0,0.0
2.03879,0.12,2.008,2.00915,0.03828368,0.1714619,0.0,0.0,0.03828368,0.1714619,0.0,0.0,0.0,0.0
2.03978,0.12,2.009,2.01015,0.03829392,0.1717234,0.0,0.0,0.03829392,0.1717234,0.0,0.0,0.0,0.0
2.04077,0.12,2.01,2.01115,0.03830417,0.1719851,0.0,0.0,0.03830417,0.1719851,0.0,0.0,0.0,0.0
2.04175,0.12,2.011,2.01215,0.03831442,0.1722472,0.0,0.0,0.03831442,0.1722472,0.0,0.0,0.0,0.0
2.04274,0.12,2.012,2.01315,0.03832467,0.1725095,0.0,0.0,0.03832467,0.1725095,0.0,0.0,0.0,0.0
2.04372,0.12,2.013,2.01415,0.03833493,0.1727722,0.0,0.0,0.03833493,0.1727722,0.0,0.0,0.0,0.0
2.04471,0.12,2.014,2.01515,0.03834518,0.1730351,0.0,0.0,0.03834518,0.1730351,0.0,0.0,0.0,0.0
2.04569,0.12,2.015,2.01615,0.03835544,0.1732984,0.0,0.0,0.03835544,0.1732984,0.0,0.0,0.0,0.0
2.04668,0.12,2.016,2.01715,0.03836569,0.1735619,0.0,0.0,0.03836569,0.1735619,0.0,0.0,0.0,0.0
2.04766,0.12,2.017,2.01815,0.03837595,0.1738257,0.0,0.0,0.03837595,0.1738257,0.0,0.0,0.0,0.0
2.04865,0.12,2.018,2.01915,0.03838621,0.1740898,0.0,0.0,0.03838621,0.1740898,0.0,0.0,0.0,0.0
2.04964,0.12,2.019,2.02015,0.03839647,0.1743542,0.0,0.0,0.03839647,0.1743542,0.0,0.0,0.0,0.0
2.05062,0.12,2.02,2.02115,0.03840674,0.1746189,0.0,0.0,0.03840674,0.1746189,0.0,0.0,0.0,0.0
2.05161,0.12,2.021,2.02215,0.038417,0.1748839,0.0,0.0,0.038417,0.1748839,0.0,0.0,0.0,0.0
2.05259,0.12,2.022,2.02315,0.03842727,0.1751492,0.0,0.0,0.03842727,0.1751492,0.0,0.0,0.0,0.0
2.05358,0.12,2.023,2.02415,0.03843754,0.1754147,0.0,0.0,0.03843754,0.1754147,0.0,0.0,0.0,0.0
2.05456,0.12,2.024,2.02515,0.0384478,0.1756806,0.0,0.0,0.0384478,0.1756806,0.0,0.0,0.0,0.0
2.05555,0.12,2.025,2.02615,0.03845807,0.1759468,0.0,0.0,0.03845807,0.1759468,0.0,0.0,0.0,0.0
2.05654,0.12,2.026,2.02715,0.03846835,0.1762132,0.0,0.0,0.03846835,0.1762132,0.0,0.0,0.0,0.0
2.05752,0.12,2.027,2.02815,0.03847862,0.17648,0.0,0.0,0.03847862,0.17648,0.0,0.0,0.0,0.0
2.05851,0.12,2.028,2.02915,0.03848889,0.176747,0.0,0.0,0.03848889,0.176747,0.0,0.0,0.0,0.0
2.05949,0.12,2.029,2.03015,0.03849917,0.1770144,0.0,0.0,0.03849917,0.1770144,0.0,0.0,0.0,0.0
2.06048,0.12,2.03,2.03115,0.03850945,0.177282,0.0,0.0,0.03850945,0.177282,0.0,0.0,0.0,0.0
2.06146,0.12,2.031,2.03215,0.03851972,0.1775499,0.0,0.0,0.03851972,0.1775499,0.0,0.0,0.0,0.0
2.06245,0.12,2.032,2.03315,0.03853,0.1778182,0.0,0.0,0.03853,0.1778182,0.0,0.0,0.0,0.0
2.06344,0.12,2.033,2.03415,0.03854029,0.1780867,0.0,0.0,0.03854029,0.1780867,0.0,0.0,0.0,0.0
2.06442,0.12,2.034,2.03515,0.03855057,0.1783555,0.0,0.0,0.03855057,0.1783555,0.0,0.0,0.0,0.0
2.06541,0.12,2.035,2.03615,0.03856085,0.1786246,0.0,0.0,0.03856085,0.1786246,0.0,0.0,0.0,0.0
2.06639,0.12,2.036,2.03715,0.03857114,0.178894,0.0,0.0,0.03857114,0.178894,0.0,0.0,0.0,0.0
2.06738,0.12,2.037,2.03815,0.03858143,0.1791638,0.0,0.0,0.03858143,0.1791638,0.0,0.0,0.0,0.0
2.06837,0.12,2.038,2.03915,0.03859171,0.1794338,0.0,0.0,0.03859171,0.1794338,0.0,0.0,0.0,0.0
2.06935,0.12,2.039,2.04015,0.038602,0.1797041,0.0,0.0,0.038602,0.1797041,0.0,0.0,0.0,0.0
2.07034,0.12,2.04,2.04115,0.0386123,0.1799747,0.0,0.0,0.0386123,0.1799747,0.0,0.0,0.0,0.0
2.07132,0.12,2.041,2.04215,0.03862259,0.1802456,0.0,0.0,0.03862259,0.1802456,0.0,0.0,0.0,0.0
2.07231,0.12,2.042,2.04315,0.03863288,0.1805168,0.0,0.0,0.03863288,0.1805168,0.0,0.0,0.0,0.0
2.07329,0.12,2.043,2.04415,0.03864318,0.1807883,0.0,0.0,0.03864318,0.1807883,0.0,0.0,0.0,0.0
2.07428,0.12,2.044,2.04515,0.03865347,0.1810601,0.0,0.0,0.03865347,0.1810601,0.0,0.0,0.0,0.0
2.07527,0.12,2.045,2.04615,0.03866377,0.1813322,0.0,0.0,0.03866377,0.1813322,0.0,0.0,0.0,0.0
2.07625,0.12,2.046,2.04715,0.03867407,0.1816046,0.0,0.0,0.03867407,0.1816046,0.0,0.0,0.0,0.0
2.07724,0.12,2.047,2.04815,0.03868437,0.1818773,0.0,0.0,0.03868437,0.1818773,0.0,0.0,0.0,0.0
2.07822,0.12,2.048,2.04915,0.03869467,0.1821503,0.0,0.0,0.03869467,0.1821503,0.0,0.0,0.0,0.0
2.07921,0.12,2.049,2.05015,0.03870498,0.1824236,0.0,0.0,0.03870498,0.1824236,0.0,0.0,0.0,0.0
2.0802,0.12,2.05,2.05115,0.03871528,0.1826972,0.0,0.0,0.03871528,0.1826972,0.0,0.0,0.0,0.0
2.08118,0.12,2.051,2.05215,0.03872559,0.1829711,0.0,0.0,0.03872559,0.1829711,0.0,0.0,0.0,0.0
2.08217,0.12,2.052,2.05315,0.03873589,0.1832453,0.0,0.0,0.03873589,0.1832453,0.0,0.0,0.0,0.0
2.08315,0.12,2.053,2.05415,0.0387462,0.1835197,0.0,0.0,0.0387462,0.1835197,0.0,0.0,0.0,0.0
2.08414,0.12,2.054,2.05515,0.03875651,0.1837945,0.0,0.0,0.03875651,0.1837945,0.0,0.0,0.0,0.0
2.08513,0.12,2.055,2.05615,0.03876683,0.1840696,0.0,0.0,0.03876683,0.1840696,0.0,0.0,0.0,0.0
2.08611,0.12,2.056,2.05715,0.03877714,0.184345,0.0,0.0,0.03877714,0.184345,0.0,0.0,0.0,0.0
2.0871,0.12,2.057,2.05815,0.03878745,0.1846207,0.0,0.0,0.03878745,0.1846207,0.0,0.0,0.0,0.0
2.08809,0.12,2.058,2.05915,0.03879777,0.1848968,0.0,0.0,0.03879777,0.1848968,0.0,0.0,0.0,0.0
2.08907,0.12,2.059,2.06015,0.03880808,0.1851731,0.0,0.0,0.03880808,0.1851731,0.0,0.0,0.0,0.0
2.09006,0.12,2.06,2.06115,0.0388184,0.1854497,0.0,0.0,0.0388184,0.1854497,0.0,0.0,0.0,0.0
2.09104,0.12,2.061,2.06215,0.03882872,0.1857266,0.0,0.0,0.03882872,0.1857266,0.0,0.0,0.0,0.0
2.09203,0.12,2.062,2.06315,0.03883904,0.1860038,0.0,0.0,0.03883904,0.1860038,0.0,0.0,0.0,0.0
2.09302,0.12,2.063,2.06415,0.03884936,0.1862813,0.0,0.0,0.03884936,0.1862813,0.0,0.0,0.0,0.0
2.094,0.12,2.064,2.06515,0.03885969,0.1865591,0.0,0.0,0.03885969,0.1865591,0.0,0.0,0.0,0.0
2.09499,0.12,2.065,2.06615,0.03887001,0.1868373,0.0,0.0,0.03887001,0.1868373,0.0,0.0,0.0,0.0
2.09597,0.12,2.066,2.06715,0.03888034,0.1871157,0.0,0.0,0.03888034,0.1871157,0.0,0.0,0.0,0.0
2.09696,0.12,2.067,2.06815,0.03889067,0.1873944,0.0,0.0,0.03889067,0.1873944,0.0,0.0,0.0,0.0
2.09795,0.12,2.068,2.06915,0.038901,0.1876735,0.0,0.0,0.038901,0.1876735,0.0,0.0,0.0,0.0
2.09893,0.12,2.069,2.07015,0.03891133,0.1879528,0.0,0.0,0.03891133,0.1879528,0.0,0.0,0.0,0.0
2.09992,0.12,2.07,2.07115,0.03892166,0.1882324,0.0,0.0,0.03892166,0.1882324,0.0,0.0,0.0,0.0
2.10091,0.12,2.071,2.07215,0.03893199,0.1885124,0.0,0.0,0.03893199,0.1885124,0.0,0.0,0.0,0.0
2.10189,0.12,2.072,2.07315,0.03894232,0.1887927,0.0,0.0,0.03894232,0.1887927,0.0,0.0,0.0,0.0
2.10288,0.12,2.073,2.07415,0.03895266,0.1890732,0.0,0.0,0.03895266,0.1890732,0.0,0.0,0.0,0.0
2.10387,0.12,2.074,2.07515,0.038963,0.1893541,0.0,0.0,0.038963,0.1893541,0.0,0.0,0.0,0.0
2.10485,0.12,2.075,2.07615,0.03897333,0.1896353,0.0,0.0,0.03897333,0.1896353,0.0,0.0,0.0,0.0
2.10584,0.12,2.076,2.07715,0.03898367,0.1899167,0.0,0.0,0.03898367,0.1899167,0.0,0.0,0.0,0.0
2.10682,0.12,2.077,2.07815,0.03899401,0.1901985,0.0,0.0,0.03899401,0.1901985,0.0,0.0,0.0,0.0
2.10781,0.12,2.078,2.07915,0.03900435,0.1904806,0.0,0.0,0.03900435,0.1904806,0.0,0.0,0.0,0.0
2.1088,0.12,2.079,2.08015,0.0390147,0.190763,0.0,0.0,0.0390147,0.190763,0.0,0.0,0.0,0.0
2.10978,0.12,2.08,2.08115,0.03902504,0.1910457,0.0,0.0,0.03902504,0.1910457,0.0,0.0,0.0,0.0
2.11077,0.12,2.081,2.08215,0.03903539,0.1913287,0.0,0.0,0.03903539,0.1913287,0.0,0.0,0.0,0.0
2.11176,0.12,2.082,2.08315,0.03904573,0.1916121,0.0,0.0,0.03904573,0.1916121,0.0,0.0,0.0,0.0
2.11274,0.12,2.083,2.08415,0.03905608,0.1918957,0.0,0.0,0.03905608,0.1918957,0.0,0.0,0.0,0.0
2.11373,0.12,2.084,2.08515,0.03906643,0.1921796,0.0,0.0,0.03906643,0.1921796,0.0,0.0,0.0,0.0
2.11472,0.12,2.085,2.08615,0.03907678,0.1924639,0.0,0.0,0.03907678,0.1924639,0.0,0.0,0.0,0.0
2.1157,0.12,2.086,2.08715,0.03908714,0.1927484,0.0,0.0,0.03908714,0.1927484,0.0,0.0,0.0,0.0
2.11669,0.12,2.087,2.08815,0.03909749,0.1930333,0.0,0.0,0.03909749,0.1930333,0.0,0.0,0.0,0.0
2.11768,0.12,2.088,2.08915,0.03910784,0.1933185,0.0,0.0,0.03910784,0.1933185,0.0,0.0,0.0,0.0
2.11866,0.12,2.089,2.09015,0.0391182,0.1936039,0.0,0.0,0.0391182,0.1936039,0.0,0.0,0.0,0.0
2.11965,0.12,2.09,2.09115,0.03912856,0.1938897,0.0,0.0,0.03912856,0.1938897,0.0,0.0,0.0,0.0
2.12064,0.12,2.091,2.09215,0.03913892,0.1941758,0.0,0.0,0.03913892,0.1941758,0.0,0.0,0.0,0.0
2.12162,0.12,2.092,2.09315,0.03914928,0.1944622,0.0,0.0,0.03914928,0.1944622,0.0,0.0,0.0,0.0
2.12261,0.12,2.093,2.09415,0.03915964,0.1947489,0.0,0.0,0.03915964,0.1947489,0.0,0.0,0.0,0.0
2.12359,0.12,2.094,2.09515,0.03917,0.195036,0.0,0.0,0.03917,0.195036,0.0,0.0,0.0,0.0
2.12458,0.12,2.095,2.09615,0.03918036,0.1953233,0.0,0.0,0.03918036,0.1953233,0.0,0.0,0.0,0.0
2.12557,0.12,2.096,2.09715,0.03919073,0.195611,0.0,0.0,0.03919073,0.195611,0.0,0.0,0.0,0.0
2.12655,0.12,2.097,2.09815,0.03920109,0.1958989,0.0,0.0,0.03920109,0.1958989,0.0,0.0,0.0,0.0
2.12754,0.12,2.098,2.09915,0.03921146,0.1961872,0.0,0.0,0.03921146,0.1961872,0.0,0.0,0.0,0.0
2.12853,0.12,2.099,2.10015,0.03922183,0.1964758,0.0,0.0,0.03922183,0.1964758,0.0,0.0,0.0,0.0
2.12951,0.12,2.1,2.10115,0.0392322,0.1967647,0.0,0.0,0.0392322,0.1967647,0.0,0.0,0.0,0.0
2.1305,0.12,2.101,2.10215,0.03924257,0.1970539,0.0,0.0,0.03924257,0.1970539,0.0,0.0,0.0,0.0
2.13149,0.12,2.102,2.10315,0.03925294,0.1973434,0.0,0.0,0.03925294,0.1973434,0.0,0.0,0.0,0.0
2.13247,0.12,2.103,2.10415,0.03926332,0.1976332,0.0,0.0,0.03926332,0.1976332,0.0,0.0,0.0,0.0
2.13346,0.12,2.104,2.10515,0.03927369,0.1979234,0.0,0.0,0.03927369,0.1979234,0.0,0.0,0.0,0.0
2.13445,0.12,2.105,2.10615,0.03928407,0.1982138,0.0,0.0,0.03928407,0.1982138,0.0,0.0,0.0,0.0
2.13543,0.12,2.106,2.10715,0.03929445,0.1985046,0.0,0.0,0.03929445,0.1985046,0.0,0.0,0.0,0.0
2.13642,0.12,2.107,2.10815,0.03930483,0.1987957,0.0,0.0,0.03930483,0.1987957,0.0,0.0,0.0,0.0
2.13741,0.12,2.108,2.10915,0.03931521,0.1990871,0.0,0.0,0.03931521,0.1990871,0.0,0.0,0.0,0.0
2.1384,0.12,2.109,2.11015,0.03932559,0.1993788,0.0,0.0,0.03932559,0.1993788,0.0,0.0,0.0,0.0
2.13938,0.12,2.11,2.11115,0.03933597,0.1996708,0.0,0.0,0.03933597,0.1996708,0.0,0.0,0.0,0.0
2.14037,0.12,2.111,2.11215,0.03934635,0.1999632,0.0,0.0,0.03934635,0.1999632,0.0,0.0,0.0,0.0
2.14136,0.12,2.112,2.11315,0.03935674,0.2002558,0.0,0.0,0.03935674,0.2002558,0.0,0.0,0.0,0.0
2.14234,0.12,2.113,2.11415,0.03936713,0.2005488,0.0,0.0,0.03936713,0.2005488,0.0,0.0,0.0,0.0
2.14333,0.12,2.114,2.11515,0.03937751,0.2008421,0.0,0.0,0.03937751,0.2008421,0.0,0.0,0.0,0.0
2.14432,0.12,2.115,2.11615,0.0393879,0.2011357,0.0,0.0,0.0393879,0.2011357,0.0,0.0,0.0,0.0
2.1453,0.12,2.116,2.11715,0.03939829,0.2014296,0.0,0.0,0.03939829,0.2014296,0.0,0.0,0.0,0.0
2.14629,0.12,2.117,2.11815,0.03940868,0.2017238,0.0,0.0,0.03940868,0.2017238,0.0,0.0,0.0,0.0
2.14728,0.12,2.118,2.11915,0.03941908,0.2020184,0.0,0.0,0.03941908,0.2020184,0.0,0.0,0.0,0.0
2.14826,0.12,2.119,2.12015,0.03942947,0.2023132,0.0,0.0,0.03942947,0.2023132,0.0,0.0,0.0,0.0
2.14925,0.12,2.12,2.12115,0.03943987,0.2026084,0.0,0.0,0.03943987,0.2026084,0.0,0.0,0.0,0.0
2.15024,0.12,2.121,2.12215,0.03945026,0.2029039,0.0,0.0,0.03945026,0.2029039,0.0,0.0,0.0,0.0
2.15122,0.12,2.122,2.12315,0.03946066,0.2031997,0.0,0.0,0.03946066,0.2031997,0.0,0.0,0.0,0.0
2.15221,0.12,2.123,2.12415,0.03947106,0.2034958,0.0,0.0,0.03947106,0.2034958,0.0,0.0,0.0,0.0
2.1532,0.12,2.124,2.12515,0.03948146,0.2037923,0.0,0.0,0.03948146,0.2037923,0.0,0.0,0.0,0.0
2.15419,0.12,2.125,2.12615,0.03949186,0.204089,0.0,0.0,0.03949186,0.204089,0.0,0.0,0.0,0.0
2.15517,0.12,2.126,2.12715,0.03950227,0.2043861,0.0,0.0,0.03950227,0.2043861,0.0,0.0,0.0,0.0
2.15616,0.12,2.127,2.12815,0.03951267,0.2046835,0.0,0.0,0.03951267,0.2046835,0.0,0.0,0.0,0.0
2.15715,0.12,2.128,2.12915,0.03952307,0.2049812,0.0,0.0,0.03952307,0.2049812,0.0,0.0,0.0,0.0
2.15813,0.12,2.129,2.13015,0.03953348,0.2052793,0.0,0.0,0.03953348,0.2052793,0.0,0.0,0.0,0.0
2.15912,0.12,2.13,2.13115,0.03954389,0.2055776,0.0,0.0,0.03954389,0.2055776,0.0,0.0,0.0,0.0
2.16011,0.12,2.131,2.13215,0.0395543,0.2058763,0.0,0.0,0.0395543,0.2058763,0.0,0.0,0.0,0.0
2.16109,0.12,2.132,2.13315,0.03956471,0.2061753,0.0,0.0,0.03956471,0.2061753,0.0,0.0,0.0,0.0
2.16208,0.12,2.133,2.13415,0.03957512,0.2064746,0.0,0.0,0.03957512,0.2064746,0.0,0.0,0.0,0.0
2.16307,0.12,2.134,2.13515,0.03958553,0.2067742,0.0,0.0,0.03958553,0.2067742,0.0,0.0,0.0,0.0
2.16406,0.12,2.135,2.13615,0.03959595,0.2070742,0.0,0.0,0.03959595,0.2070742,0.0,0.0,0.0,0.0
2.16504,0.12,2.136,2.13715,0.03960636,0.2073745,0.0,0.0,0.03960636,0.2073745,0.0,0.0,0.0,0.0
2.16603,0.12,2.137,2.13815,0.03961678,0.207675,0.0,0.0,0.03961678,0.207675,0.0,0.0,0.0,0.0
2.16702,0.12,2.138,2.13915,0.0396272,0.207976,0.0,0.0,0.0396272,0.207976,0.0,0.0,0.0,0.0
2.168,0.12,2.139,2.14015,0.03963762,0.2082772,0.0,0.0,0.03963762,0.2082772,0.0,0.0,0.0,0.0
2.16899,0.12,2.14,2.14115,0.03964804,0.2085787,0.0,0.0,0.03964804,0.2085787,0.0,0.0,0.0,0.0
2.16998,0.12,2.141,2.14215,0.03965846,0.2088806,0.0,0.0,0.03965846,0.2088806,0.0,0.0,0.0,0.0
2.17097,0.12,2.142,2.14315,0.03966888,0.2091828,0.0,0.0,0.03966888,0.2091828,0.0,0.0,0.0,0.0
2.17195,0.12,2.143,2.14415,0.0396793,0.2094853,0.0,0.0,0.0396793,0.2094853,0.0,0.0,0.0,0.0
2.17294,0.12,2.144,2.14515,0.03968973,0.2097882,0.0,0.0,0.03968973,0.2097882,0.0,0.0,0.0,0.0
2.17393,0.12,2.145,2.14615,0.03970016,0.2100913,0.0,0.0,0.03970016,0.2100913,0.0,0.0,0.0,0.0
2.17491,0.12,2.146,2.14715,0.03971058,0.2103948,0.0,0.0,0.03971058,0.2103948,0.0,0.0,0.0,0.0
2.1759,0.12,2.147,2.14815,0.03972101,0.2106986,0.0,0.0,0.03972101,0.2106986,0.0,0.0,0.0,0.0
2.17689,0.12,2.148,2.14915,0.03973144,0.2110027,0.0,0.0,0.03973144,0.2110027,0.0,0.0,0.0,0.0
2.17788,0.12,2.149,2.15015,0.03974187,0.2113072,0.0,0.0,0.03974187,0.2113072,0.0,0.0,0.0,0.0
2.17886,0.12,2.15,2.15115,0.03975231,0.211612,0.0,0.0,0.03975231,0.211612,0.0,0.0,0.0,0.0
2.17985,0.12,2.151,2.15215,0.03976274,0.2119171,0.0,0.0,0.03976274,0.2119171,0.0,0.0,0.0,0.0
2.18084,0.12,2.152,2.15315,0.03977318,0.2122225,0.0,0.0,0.03977318,0.2122225,0.0,0.0,0.0,0.0
2.18183,0.12,2.153,2.15415,0.03978361,0.2125282,0.0,0.0,0.03978361,0.2125282,0.0,0.0,0.0,0.0
2.18281,0.12,2.154,2.15515,0.03979405,0.2128343,0.0,0.0,0.03979405,0.2128343,0.0,0.0,0.0,0.0
2.1838,0.12,2.155,2.15615,0.03980449,0.2131407,0.0,0.0,0.03980449,0.2131407,0.0,0.0,0.0,0.0
2.18479,0.12,2.156,2.15715,0.03981493,0.2134474,0.0,0.0,0.03981493,0.2134474,0.0,0.0,0.0,0.0
2.18578,0.12,2.157,2.15815,0.03982537,0.2137545,0.0,0.0,0.03982537,0.2137545,0.0,0.0,0.0,0.0
2.18676,0.12,2.158,2.15915,0.03983581,0.2140618,0.0,0.0,0.03983581,0.2140618,0.0,0.0,0.0,0.0
2.18775,0.12,2.159,2.16015,0.03984626,0.2143695,0.0,0.0,0.03984626,0.2143695,0.0,0.0,0.0,0.0
2.18874,0.12,2.16,2.16115,0.0398567,0.2146775,0.0,0.0,0.0398567,0.2146775,0.0,0.0,0.0,0.0
2.18972,0.12,2.161,2.16215,0.03986715,0.2149859,0.0,0.0,0.03986715,0.2149859,0.0,0.0,0.0,0.0
2.19071,0.12,2.162,2.16315,0.0398776,0.2152945,0.0,0.0,0.0398776,0.2152945,0.0,0.0,0.0,0.0
2.1917,0.12,2.163,2.16415,0.03988805,0.2156035,0.0,0.0,0.03988805,0.2156035,0.0,0.0,0.0,0.0
2.19269,0.12,2.164,2.16515,0.0398985,0.2159129,0.0,0.0,0.0398985,0.2159129,0.0,0.0,0.0,0.0
2.19367,0.12,2.165,2.16615,0.03990895,0.2162225,0.0,0.0,0.03990895,0.2162225,0.0,0.0,0.0,0.0
2.19466,0.12,2.166,2.16715,0.0399194,0.2165325,0.0,0.0,0.0399194,0.2165325,0.0,0.0,0.0,0.0
2.19565,0.12,2.167,2.16815,0.03992985,0.2168428,0.0,0.0,0.03992985,0.2168428,0.0,0.0,0.0,0.0
2.19664,0.12,2.168,2.16915,0.03994031,0.2171534,0.0,0.0,0.03994031,0.2171534,0.0,0.0,0.0,0.0
2.19762,0.12,2.169,2.17015,0.03995077,0.2174644,0.0,0.0,0.03995077,0.2174644,0.0,0.0,0.0,0.0
2.19861,0.12,2.17,2.17115,0.03996122,0.2177757,0.0,0.0,0.03996122,0.2177757,0.0,0.0,0.0,0.0
2.1996,0.12,2.171,2.17215,0.03997168,0.2180873,0.0,0.0,0.03997168,0.2180873,0.0,0.0,0.0,0.0
2.20059,0.12,2.172,2.17315,0.03998214,0.2183992,0.0,0.0,0.03998214,0.2183992,0.0,0.0,0.0,0.0
2.20157,0.12,2.173,2.17415,0.0399926,0.2187115,0.0,0.0,0.0399926,0.2187115,0.0,0.0,0.0,0.0
2.20256,0.12,2.174,2.17515,0.04000307,0.2190241,0.0,0.0,0.04000307,0.2190241,0.0,0.0,0.0,0.0
2.20355,0.12,2.175,2.17615,0.04001353,0.219337,0.0,0.0,0.04001353,0.219337,0.0,0.0,0.0,0.0
2.20454,0.12,2.176,2.17715,0.04002399,0.2196503,0.0,0.0,0.04002399,0.2196503,0.0,0.0,0.0,0.0
2.20552,0.12,2.177,2.17815,0.04003446,0.2199639,0.0,0.0,0.04003446,0.2199639,0.0,0.0,0.0,0.0
2.20651,0.12,2.178,2.17915,0.04004493,0.2202778,0.0,0.0,0.04004493,0.2202778,0.0,0.0,0.0,0.0
2.2075,0.12,2.179,2.18015,0.0400554,0.220592,0.0,0.0,0.0400554,0.220592,0.0,0.0,0.0,0.0
2.20849,0.12,2.18,2.18115,0.04006587,0.2209066,0.0,0.0,0.04006587,0.2209066,0.0,0.0,0.0,0.0
2.20948,0.12,2.181,2.18215,0.04007634,0.2212215,0.0,0.0,0.04007634,0.2212215,0.0,0.0,0.0,0.0
2.21046,0.12,2.182,2.18315,0.04008681,0.2215367,0.0,0.0,0.04008681,0.2215367,0.0,0.0,0.0,0.0
2.21145,0.12,2.183,2.18415,0.04009728,0.2218523,0.0,0.0,0.04009728,0.2218523,0.0,0.0,0.0,0.0
2.21244,0.12,2.184,2.18515,0.04010776,0.2221682,0.0,0.0,0.04010776,0.2221682,0.0,0.0,0.0,0.0
2.21343,0.12,2.185,2.18615,0.04011823,0.2224844,0.0,0.0,0.04011823,0.2224844,0.0,0.0,0.0,0.0
2.21441,0.12,2.186,2.18715,0.04012871,0.222801,0.0,0.0,0.04012871,0.222801,0.0,0.0,0.0,0.0
2.2154,0.12,2.187,2.18815,0.04013919,0.2231179,0.0,0.0,0.04013919,0.2231179,0.0,0.0,0.0,0.0
2.21639,0.12,2.188,2.18915,0.04014967,0.2234351,0.0,0.0,0.04014967,0.2234351,0.0,0.0,0.0,0.0
2.21738,0.12,2.189,2.19015,0.04016015,0.2237527,0.0,0.0,0.04016015,0.2237527,0.0,0.0,0.0,0.0
2.21836,0.12,2.19,2.19115,0.04017063,0.2240706,0.0,0.0,0.04017063,0.2240706,0.0,0.0,0.0,0.0
2.21935,0.12,2.191,2.19215,0.04018112,0.2243888,0.0,0.0,0.04018112,0.2243888,0.0,0.0,0.0,0.0
2.22034,0.12,2.192,2.19315,0.0401916,0.2247073,0.0,0.0,0.0401916,0.2247073,0.0,0.0,0.0,0.0
2.22133,0.12,2.193,2.19415,0.04020209,0.2250262,0.0,0.0,0.04020209,0.2250262,0.0,0.0,0.0,0.0
2.22232,0.12,2.194,2.19515,0.04021257,0.2253454,0.0,0.0,0.04021257,0.2253454,0.0,0.0,0.0,0.0
2.2233,0.12,2.195,2.19615,0.04022306,0.225665,0.0,0.0,0.04022306,0.225665,0.0,0.0,0.0,0.0
2.22429,0.12,2.196,2.19715,0.04023355,0.2259849,0.0,0.0,0.04023355,0.2259849,0.0,0.0,0.0,0.0
2.22528,0.12,2.197,2.19815,0.04024404,0.2263051,0.0,0.0,0.04024404,0.2263051,0.0,0.0,0.0,0.0
2.22627,0.12,2.198,2.19915,0.04025454,0.2266257,0.0,0.0,0.04025454,0.2266257,0.0,0.0,0.0,0.0
2.22725,0.12,2.199,2.20015,0.04026503,0.2269465,0.0,0.0,0.04026503,0.2269465,0.0,0.0,0.0,0.0
2.22824,0.12,2.2,2.20115,0.04027552,0.2272678,0.0,0.0,0.04027552,0.2272678,0.0,0.0,0.0,0.0
2.22923,0.12,2.201,2.20215,0.04028602,0.2275893,0.0,0.0,0.04028602,0.2275893,0.0,0.0,0.0,0.0
2.23022,0.12,2.202,2.20315,0.04029652,0.2279112,0.0,0.0,0.04029652,0.2279112,0.0,0.0,0.0,0.0
2.23121,0.12,2.203,2.20415,0.04030702,0.2282335,0.0,0.0,0.04030702,0.2282335,0.0,0.0,0.0,0.0
2.23219,0.12,2.204,2.20515,0.04031751,0.228556,0.0,0.0,0.04031751,0.228556,0.0,0.0,0.0,0.0
2.23318,0.12,2.205,2.20615,0.04032802,0.2288789,0.0,0.0,0.04032802,0.2288789,0.0,0.0,0.0,0.0
2.23417,0.12,2.206,2.20715,0.04033852,0.2292022,0.0,0.0,0.04033852,0.2292022,0.0,0.0,0.0,0.0
2.23516,0.12,2.207,2.20815,0.04034902,0.2295257,0.0,0.0,0.04034902,0.2295257,0.0,0.0,0.0,0.0
2.23615,0.12,2.208,2.20915,0.04035953,0.2298496,0.0,0.0,0.04035953,0.2298496,0.0,0.0,0.0,0.0
2.23713,0.12,2.209,2.21015,0.04037003,0.2301739,0.0,0.0,0.04037003,0.2301739,0.0,0.0,0.0,0.0
2.23812,0.12,2.21,2.21115,0.04038054,0.2304985,0.0,0.0,0.04038054,0.2304985,0.0,0.0,0.0,0.0
2.23911,0.12,2.211,2.21215,0.04039105,0.2308234,0.0,0.0,0.04039105,0.2308234,0.0,0.0,0.0,0.0
2.2401,0.12,2.212,2.21315,0.04040156,0.2311486,0.0,0.0,0.04040156,0.2311486,0.0,0.0,0.0,0.0
2.24108,0.12,2.213,2.21415,0.04041207,0.2314742,0.0,0.0,0.04041207,0.2314742,0.0,0.0,0.0,0.0
2.24207,0.12,2.214,2.21515,0.04042258,0.2318002,0.0,0.0,0.04042258,0.2318002,0.0,0.0,0.0,0.0
2.24306,0.12,2.215,2.21615,0.04043309,0.2321264,0.0,0.0,0.04043309,0.2321264,0.0,0.0,0.0,0.0
2.24405,0.12,2.216,2.21715,0.04044361,0.232453,0.0,0.0,0.04044361,0.232453,0.0,0.0,0.0,0.0
2.24504,0.12,2.217,2.21815,0.04045412,0.23278,0.0,0.0,0.04045412,0.23278,0.0,0.0,0.0,0.0
2.24602,0.12,2.218,2.21915,0.04046464,0.2331073,0.0,0.0,0.04046464,0.2331073,0.0,0.0,0.0,0.0
2.24701,0.12,2.219,2.22015,0.04047516,0.2334349,0.0,0.0,0.04047516,0.2334349,0.0,0.0,0.0,0.0
2.248,0.12,2.22,2.22115,0.04048568,0.2337628,0.0,0.0,0.04048568,0.2337628,0.0,0.0,0.0,0.0
2.24899,0.12,2.221,2.22215,0.0404962,0.2340911,0.0,0.0,0.0404962,0.2340911,0.0,0.0,0.0,0.0
2.24998,0.12,2.222,2.22315,0.04050672,0.2344198,0.0,0.0,0.04050672,0.2344198,0.0,0.0,0.0,0.0
2.25097,0.12,2.223,2.22415,0.04051724,0.2347488,0.0,0.0,0.04051724,0.2347488,0.0,0.0,0.0,0.0
2.25195,0.12,2.224,2.22515,0.04052777,0.2350781,0.0,0.0,0.04052777,0.2350781,0.0,0.0,0.0,0.0
2.25294,0.12,2.225,2.22615,0.04053829,0.2354077,0.0,0.0,0.04053829,0.2354077,0.0,0.0,0.0,0.0
2.25393,0.12,2.226,2.22715,0.04054882,0.2357377,0.0,0.0,0.04054882,0.2357377,0.0,0.0,0.0,0.0
2.25492,0.12,2.227,2.22815,0.04055935,0.2360681,0.0,0.0,0.04055935,0.2360681,0.0,0.0,0.0,0.0
2.25591,0.12,2.228,2.22915,0.04056987,0.2363988,0.0,0.0,0.04056987,0.2363988,0.0,0.0,0.0,0.0
2.25689,0.12,2.229,2.23015,0.04058041,0.2367298,0.0,0.0,0.04058041,0.2367298,0.0,0.0,0.0,0.0
2.25788,0.12,2.23,2.23115,0.04059094,0.2370612,0.0,0.0,0.04059094,0.2370612,0.0,0.0,0.0,0.0
2.25887,0.12,2.231,2.23215,0.04060147,0.2373929,0.0,0.0,0.04060147,0.2373929,0.0,0.0,0.0,0.0
2.25986,0.12,2.232,2.23315,0.040612,0.2377249,0.0,0.0,0.040612,0.2377249,0.0,0.0,0.0,0.0
2.26085,0.12,2.233,2.23415,0.04062254,0.2380573,0.0,0.0,0.04062254,0.2380573,0.0,0.0,0.0,0.0
2.26183,0.12,2.234,2.23515,0.04063308,0.23839,0.0,0.0,0.04063308,0.23839,0.0,0.0,0.0,0.0
2.26282,0.12,2.235,2.23615,0.04064361,0.2387231,0.0,0.0,0.04064361,0.2387231,0.0,0.0,0.0,0.0
2.26381,0.12,2.236,2.23715,0.04065415,0.2390565,0.0,0.0,0.04065415,0.2390565,0.0,0.0,0.0,0.0
2.2648,0.12,2.237,2.23815,0.04066469,0.2393903,0.0,0.0,0.04066469,0.2393903,0.0,0.0,0.0,0.0
2.26579,0.12,2.238,2.23915,0.04067523,0.2397244,0.0,0.0,0.04067523,0.2397244,0.0,0.0,0.0,0.0
2.26678,0.12,2.239,2.24015,0.04068578,0.2400588,0.0,0.0,0.04068578,0.2400588,0.0,0.0,0.0,0.0
2.26776,0.12,2.24,2.24115,0.04069632,0.2403936,0.0,0.0,0.04069632,0.2403936,0.0,0.0,0.0,0.0
2.26875,0.12,2.241,2.24215,0.04070687,0.2407287,0.0,0.0,0.04070687,0.2407287,0.0,0.0,0.0,0.0
2.26974,0.12,2.242,2.24315,0.04071741,0.2410642,0.0,0.0,0.04071741,0.2410642,0.0,0.0,0.0,0.0
2.27073,0.12,2.243,2.24415,0.04072796,0.2414,0.0,0.0,0.04072796,0.2414,0.0,0.0,0.0,0.0
2.27172,0.12,2.244,2.24515,0.04073851,0.2417362,0.0,0.0,0.04073851,0.2417362,0.0,0.0,0.0,0.0
2.27271,0.12,2.245,2.24615,0.04074906,0.2420727,0.0,0.0,0.04074906,0.2420727,0.0,0.0,0.0,0.0
2.27369,0.12,2.246,2.24715,0.04075961,0.2424096,0.0,0.0,0.04075961,0.2424096,0.0,0.0,0.0,0.0
2.27468,0.12,2.247,2.24815,0.04077016,0.2427468,0.0,0.0,0.04077016,0.2427468,0.0,0.0,0.0,0.0
2.27567,0.12,2.248,2.24915,0.04078072,0.2430843,0.0,0.0,0.04078072,0.2430843,0.0,0.0,0.0,0.0
2.27666,0.12,2.249,2.25015,0.04079127,0.2434222,0.0,0.0,0.04079127,0.2434222,0.0,0.0,0.0,0.0
2.27765,0.12,2.25,2.25115,0.04080183,0.2437604,0.0,0.0,0.04080183,0.2437604,0.0,0.0,0.0,0.0
2.27864,0.12,2.251,2.25215,0.04081239,0.244099,0.0,0.0,0.04081239,0.244099,0.0,0.0,0.0,0.0
2.27962,0.12,2.252,2.25315,0.04082295,0.2444379,0.0,0.0,0.04082295,0.2444379,0.0,0.0,0.0,0.0
2.28061,0.12,2.253,2.25415,0.04083351,0.2447772,0.0,0.0,0.04083351,0.2447772,0.0,0.0,0.0,0.0
2.2816,0.12,2.254,2.25515,0.04084407,0.2451168,0.0,0.0,0.04084407,0.2451168,0.0,0.0,0.0,0.0
2.28259,0.12,2.255,2.25615,0.04085463,0.2454568,0.0,0.0,0.04085463,0.2454568,0.0,0.0,0.0,0.0
2.28358,0.12,2.256,2.25715,0.04086519,0.2457971,0.0,0.0,0.04086519,0.2457971,0.0,0.0,0.0,0.0
2.28457,0.12,2.257,2.25815,0.04087576,0.2461378,0.0,0.0,0.04087576,0.2461378,0.0,0.0,0.0,0.0
2.28555,0.12,2.258,2.25915,0.04088633,0.2464788,0.0,0.0,0.04088633,0.2464788,0.0,0.0,0.0,0.0
2.28654,0.12,2.259,2.26015,0.04089689,0.2468201,0.0,0.0,0.04089689,0.2468201,0.0,0.0,0.0,0.0
2.28753,0.12,2.26,2.26115,0.04090746,0.2471618,0.0,0.0,0.04090746,0.2471618,0.0,0.0,0.0,0.0
2.28852,0.12,2.261,2.26215,0.04091803,0.2475039,0.0,0.0,0.04091803,0.2475039,0.0,0.0,0.0,0.0
2.28951,0.12,2.262,2.26315,0.0409286,0.2478463,0.0,0.0,0.0409286,0.2478463,0.0,0.0,0.0,0.0
2.2905,0.12,2.263,2.26415,0.04093918,0.248189,0.0,0.0,0.04093918,0.248189,0.0,0.0,0.0,0.0
2.29149,0.12,2.264,2.26515,0.04094975,0.2485321,0.0,0.0,0.04094975,0.2485321,0.0,0.0,0.0,0.0
2.29247,0.12,2.265,2.26615,0.04096032,0.2488756,0.0,0.0,0.04096032,0.2488756,0.0,0.0,0.0,0.0
2.29346,0.12,2.266,2.26715,0.0409709,0.2492194,0.0,0.0,0.0409709,0.2492194,0.0,0.0,0.0,0.0
2.29445,0.12,2.267,2.26815,0.04098148,0.2495635,0.0,0.0,0.04098148,0.2495635,0.0,0.0,0.0,0.0
2.29544,0.12,2.268,2.26915,0.04099206,0.249908,0.0,0.0,0.04099206,0.249908,0.0,0.0,0.0,0.0
2.29643,0.12,2.269,2.27015,0.04100264,0.2502529,0.0,0.0,0.04100264,0.2502529,0.0,0.0,0.0,0.0
2.29742,0.12,2.27,2.27115,0.04101322,0.250598,0.0,0.0,0.04101322,0.250598,0.0,0.0,0.0,0.0
2.29841,0.12,2.271,2.27215,0.0410238,0.2509436,0.0,0.0,0.0410238,0.2509436,0.0,0.0,0.0,0.0
2.29939,0.12,2.272,2.27315,0.04103438,0.2512895,0.0,0.0,0.04103438,0.2512895,0.0,0.0,0.0,0.0
2.30038,0.12,2.273,2.27415,0.04104497,0.2516357,0.0,0.0,0.04104497,0.2516357,0.0,0.0,0.0,0.0
2.30137,0.12,2.274,2.27515,0.04105555,0.2519823,0.0,0.0,0.04105555,0.2519823,0.0,0.0,0.0,0.0
2.30236,0.12,2.275,2.27615,0.04106614,0.2523293,0.0,0.0,0.04106614,0.2523293,0.0,0.0,0.0,0.0
2.30335,0.12,2.276,2.27715,0.04107673,0.2526766,0.0,0.0,0.04107673,0.2526766,0.0,0.0,0.0,0.0
2.30434,0.12,2.277,2.27815,0.04108732,0.2530242,0.0,0.0,0.04108732,0.2530242,0.0,0.0,0.0,0.0
2.30533,0.12,2.278,2.27915,0.04109791,0.2533722,0.0,0.0,0.04109791,0.2533722,0.0,0.0,0.0,0.0
2.30631,0.12,2.279,2.28015,0.0411085,0.2537206,0.0,0.0,0.0411085,0.2537206,0.0,0.0,0.0,0.0
2.3073,0.12,2.28,2.28115,0.0411191,0.2540693,0.0,0.0,0.0411191,0.2540693,0.0,0.0,0.0,0.0
2.30829,0.12,2.281,2.28215,0.04112969,0.2544183,0.0,0.0,0.04112969,0.2544183,0.0,0.0,0.0,0.0
2.30928,0.12,2.282,2.28315,0.04114029,0.2547678,0.0,0.0,0.04114029,0.2547678,0.0,0.0,0.0,0.0
2.31027,0.12,2.283,2.28415,0.04115088,0.2551175,0.0,0.0,0.04115088,0.2551175,0.0,0.0,0.0,0.0
2.31126,0.12,2.284,2.28515,0.04116148,0.2554676,0.0,0.0,0.04116148,0.2554676,0.0,0.0,0.0,0.0
2.31225,0.12,2.285,2.28615,0.04117208,0.2558181,0.0,0.0,0.04117208,0.2558181,0.0,0.0,0.0,0.0
2.31324,0.12,2.286,2.28715,0.04118268,0.2561689,0.0,0.0,0.04118268,0.2561689,0.0,0.0,0.0,0.0
2.31422,0.12,2.287,2.28815,0.04119328,0.2565201,0.0,0.0,0.04119328,0.2565201,0.0,0.0,0.0,0.0
2.31521,0.12,2.288,2.28915,0.04120389,0.2568716,0.0,0.0,0.04120389,0.2568716,0.0,0.0,0.0,0.0
2.3162,0.12,2.289,2.29015,0.04121449,0.2572235,0.0,0.0,0.04121449,0.2572235,0.0,0.0,0.0,0.0
2.31719,0.12,2.29,2.29115,0.0412251,0.2575758,0.0,0.0,0.0412251,0.2575758,0.0,0.0,0.0,0.0
2.31818,0.12,2.291,2.29215,0.04123571,0.2579284,0.0,0.0,0.04123571,0.2579284,0.0,0.0,0.0,0.0
2.31917,0.12,2.292,2.29315,0.04124631,0.2582813,0.0,0.0,0.04124631,0.2582813,0.0,0.0,0.0,0.0
2.32016,0.12,2.293,2.29415,0.04125692,0.2586346,0.0,0.0,0.04125692,0.2586346,0.0,0.0,0.0,0.0
2.32115,0.12,2.294,2.29515,0.04126753,0.2589883,0.0,0.0,0.04126753,0.2589883,0.0,0.0,0.0,0.0
2.32213,0.12,2.295,2.29615,0.04127815,0.2593423,0.0,0.0,0.04127815,0.2593423,0.0,0.0,0.0,0.0
2.32312,0.12,2.296,2.29715,0.04128876,0.2596967,0.0,0.0,0.04128876,0.2596967,0.0,0.0,0.0,0.0
2.32411,0.12,2.297,2.29815,0.04129937,0.2600514,0.0,0.0,0.04129937,0.2600514,0.0,0.0,0.0,0.0
2.3251,0.12,2.298,2.29915,0.04130999,0.2604065,0.0,0.0,0.04130999,0.2604065,0.0,0.0,0.0,0.0
2.32609,0.12,2.299,2.30015,0.04132061,0.2607619,0.0,0.0,0.04132061,0.2607619,0.0,0.0,0.0,0.0
2.32708,0.12,2.3,2.30115,0.04133122,0.2611177,0.0,0.0,0.04133122,0.2611177,0.0,0.0,0.0,0.0
2.32807,0.12,2.301,2.30215,0.04134184,0.2614738,0.0,0.0,0.04134184,0.2614738,0.0,0.0,0.0,0.0
2.32906,0.12,2.302,2.30315,0.04135246,0.2618304,0.0,0.0,0.04135246,0.2618304,0.0,0.0,0.0,0.0
2.33004,0.12,2.303,2.30415,0.04136309,0.2621872,0.0,0.0,0.04136309,0.2621872,0.0,0.0,0.0,0.0
2.33103,0.12,2.304,2.30515,0.04137371,0.2625444,0.0,0.0,0.04137371,0.2625444,0.0,0.0,0.0,0.0
2.33202,0.12,2.305,2.30615,0.04138433,0.262902,0.0,0.0,0.04138433,0.262902,0.0,0.0,0.0,0.0
2.33301,0.12,2.306,2.30715,0.04139496,0.26326,0.0,0.0,0.04139496,0.26326,0.0,0.0,0.0,0.0
2.334,0.12,2.307,2.30815,0.04140558,0.2636183,0.0,0.0,0.04140558,0.2636183,0.0,0.0,0.0,0.0
2.33499,0.12,2.308,2.30915,0.04141621,0.2639769,0.0,0.0,0.04141621,0.2639769,0.0,0.0,0.0,0.0
2.33598,0.12,2.309,2.31015,0.04142684,0.2643359,0.0,0.0,0.04142684,0.2643359,0.0,0.0,0.0,0.0
2.33697,0.12,2.31,2.31115,0.04143747,0.2646953,0.0,0.0,0.04143747,0.2646953,0.0,0.0,0.0,0.0
2.33796,0.12,2.311,2.31215,0.0414481,0.265055,0.0,0.0,0.0414481,0.265055,0.0,0.0,0.0,0.0
2.33895,0.12,2.312,2.31315,0.04145874,0.2654151,0.0,0.0,0.04145874,0.2654151,0.0,0.0,0.0,0.0
2.33993,0.12,2.313,2.31415,0.04146937,0.2657756,0.0,0.0,0.04146937,0.2657756,0.0,0.0,0.0,0.0
2.34092,0.12,2.314,2.31515,0.04148001,0.2661364,0.0,0.0,0.04148001,0.2661364,0.0,0.0,0.0,0.0
2.34191,0.12,2.315,2.31615,0.04149064,0.2664976,0.0,0.0,0.04149064,0.2664976,0.0,0.0,0.0,0.0
2.3429,0.12,2.316,2.31715,0.04150128,0.2668591,0.0,0.0,0.04150128,0.2668591,0.0,0.0,0.0,0.0
2.34389,0.12,2.317,2.31815,0.04151192,0.267221,0.0,0.0,0.04151192,0.267221,0.0,0.0,0.0,0.0
2.34488,0.12,2.318,2.31915,0.04152256,0.2675832,0.0,0.0,0.04152256,0.2675832,0.0,0.0,0.0,0.0
2.34587,0.12,2.319,2.32015,0.0415332,0.2679458,0.0,0.0,0.0415332,0.2679458,0.0,0.0,0.0,0.0
2.34686,0.12,2.32,2.32115,0.04154384,0.2683088,0.0,0.0,0.04154384,0.2683088,0.0,0.0,0.0,0.0
2.34785,0.12,2.321,2.32215,0.04155449,0.2686721,0.0,0.0,0.04155449,0.2686721,0.0,0.0,0.0,0.0
2.34884,0.12,2.322,2.32315,0.04156513,0.2690358,0.0,0.0,0.04156513,0.2690358,0.0,0.0,0.0,0.0
2.34982,0.12,2.323,2.32415,0.04157578,0.2693999,0.0,0.0,0.04157578,0.2693999,0.0,0.0,0.0,0.0
2.35081,0.12,2.324,2.32515,0.04158643,0.2697643,0.0,0.0,0.04158643,0.2697643,0.0,0.0,0.0,0.0
2.3518,0.12,2.325,2.32615,0.04159708,0.2701291,0.0,0.0,0.04159708,0.2701291,0.0,0.0,0.0,0.0
2.35279,0.12,2.326,2.32715,0.04160773,0.2704942,0.0,0.0,0.04160773,0.2704942,0.0,0.0,0.0,0.0
2.35378,0.12,2.327,2.32815,0.04161838,0.2708597,0.0,0.0,0.04161838,0.2708597,0.0,0.0,0.0,0.0
2.35477,0.12,2.328,2.32915,0.04162903,0.2712256,0.0,0.0,0.04162903,0.2712256,0.0,0.0,0.0,0.0
2.35576,0.12,2.329,2.33015,0.04163968,0.2715918,0.0,0.0,0.04163968,0.2715918,0.0,0.0,0.0,0.0
2.35675,0.12,2.33,2.33115,0.04165034,0.2719584,0.0,0.0,0.04165034,0.2719584,0.0,0.0,0.0,0.0
2.35774,0.12,2.331,2.33215,0.04166099,0.2723253,0.0,0.0,0.04166099,0.2723253,0.0,0.0,0.0,0.0
2.35873,0.12,2.332,2.33315,0.04167165,0.2726927,0.0,0.0,0.04167165,0.2726927,0.0,0.0,0.0,0.0
2.35972,0.12,2.333,2.33415,0.04168231,0.2730603,0.0,0.0,0.04168231,0.2730603,0.0,0.0,0.0,0.0
2.3607,0.12,2.334,2.33515,0.04169297,0.2734284,0.0,0.0,0.04169297,0.2734284,0.0,0.0,0.0,0.0
2.36169,0.12,2.335,2.33615,0.04170363,0.2737968,0.0,0.0,0.04170363,0.2737968,0.0,0.0,0.0,0.0
2.36268,0.12,2.336,2.33715,0.04171429,0.2741656,0.0,0.0,0.04171429,0.2741656,0.0,0.0,0.0,0.0
2.36367,0.12,2.337,2.33815,0.04172496,0.2745347,0.0,0.0,0.04172496,0.2745347,0.0,0.0,0.0,0.0
2.36466,0.12,2.338,2.33915,0.04173562,0.2749042,0.0,0.0,0.04173562,0.2749042,0.0,0.0,0.0,0.0
2.36565,0.12,2.339,2.34015,0.04174629,0.2752741,0.0,0.0,0.04174629,0.2752741,0.0,0.0,0.0,0.0
2.36664,0.12,2.34,2.34115,0.04175695,0.2756443,0.0,0.0,0.04175695,0.2756443,0.0,0.0,0.0,0.0
2.36763,0.12,2.341,2.34215,0.04176762,0.2760149,0.0,0.0,0.04176762,0.2760149,0.0,0.0,0.0,0.0
2.36862,0.12,2.342,2.34315,0.04177829,0.2763859,0.0,0.0,0.04177829,0.2763859,0.0,0.0,0.0,0.0
2.36961,0.12,2.343,2.34415,0.04178896,0.2767572,0.0,0.0,0.04178896,0.2767572,0.0,0.0,0.0,0.0
2.3706,0.12,2.344,2.34515,0.04179964,0.2771289,0.0,0.0,0.04179964,0.2771289,0.0,0.0,0.0,0.0
2.37159,0.12,2.345,2.34615,0.04181031,0.2775009,0.0,0.0,0.04181031,0.2775009,0.0,0.0,0.0,0.0
2.37258,0.12,2.346,2.34715,0.04182098,0.2778734,0.0,0.0,0.04182098,0.2778734,0.0,0.0,0.0,0.0
2.37356,0.12,2.347,2.34815,0.04183166,0.2782462,0.0,0.0,0.04183166,0.2782462,0.0,0.0,0.0,0.0
2.37455,0.12,2.348,2.34915,0.04184234,0.2786193,0.0,0.0,0.04184234,0.2786193,0.0,0.0,0.0,0.0
2.37554,0.12,2.349,2.35015,0.04185301,0.2789928,0.0,0.0,0.04185301,0.2789928,0.0,0.0,0.0,0.0
2.37653,0.12,2.35,2.35115,0.04186369,0.2793667,0.0,0.0,0.04186369,0.2793667,0.0,0.0,0.0,0.0
2.37752,0.12,2.351,2.35215,0.04187437,0.279741,0.0,0.0,0.04187437,0.279741,0.0,0.0,0.0,0.0
2.37851,0.12,2.352,2.35315,0.04188506,0.2801156,0.0,0.0,0.04188506,0.2801156,0.0,0.0,0.0,0.0
2.3795,0.12,2.353,2.35415,0.04189574,0.2804906,0.0,0.0,0.04189574,0.2804906,0.0,0.0,0.0,0.0
2.38049,0.12,2.354,2.35515,0.04190642,0.280866,0.0,0.0,0.04190642,0.280866,0.0,0.0,0.0,0.0
2.38148,0.12,2.355,2.35615,0.04191711,0.2812417,0.0,0.0,0.04191711,0.2812417,0.0,0.0,0.0,0.0
2.38247,0.12,2.356,2.35715,0.04192779,0.2816178,0.0,0.0,0.04192779,0.2816178,0.0,0.0,0.0,0.0
2.38346,0.12,2.357,2.35815,0.04193848,0.2819943,0.0,0.0,0.04193848,0.2819943,0.0,0.0,0.0,0.0
2.38445,0.12,2.358,2.35915,0.04194917,0.2823711,0.0,0.0,0.04194917,0.2823711,0.0,0.0,0.0,0.0
2.38544,0.12,2.359,2.36015,0.04195986,0.2827483,0.0,0.0,0.04195986,0.2827483,0.0,0.0,0.0,0.0
2.38643,0.12,2.36,2.36115,0.04197055,0.2831259,0.0,0.0,0.04197055,0.2831259,0.0,0.0,0.0,0.0
2.38742,0.12,2.361,2.36215,0.04198125,0.2835038,0.0,0.0,0.04198125,0.2835038,0.0,0.0,0.0,0.0
2.38841,0.12,2.362,2.36315,0.04199194,0.2838822,0.0,0.0,0.04199194,0.2838822,0.0,0.0,0.0,0.0
2.38939,0.12,2.363,2.36415,0.04200263,0.2842608,0.0,0.0,0.04200263,0.2842608,0.0,0.0,0.0,0.0
2.39038,0.12,2.364,2.36515,0.04201333,0.2846399,0.0,0.0,0.04201333,0.2846399,0.0,0.0,0.0,0.0
2.39137,0.12,2.365,2.36615,0.04202403,0.2850193,0.0,0.0,0.04202403,0.2850193,0.0,0.0,0.0,0.0
2.39236,0.12,2.366,2.36715,0.04203473,0.2853991,0.0,0.0,0.04203473,0.2853991,0.0,0.0,0.0,0.0
2.39335,0.12,2.367,2.36815,0.04204543,0.2857793,0.0,0.0,0.04204543,0.2857793,0.0,0.0,0.0,0.0
2.39434,0.12,2.368,2.36915,0.04205613,0.2861598,0.0,0.0,0.04205613,0.2861598,0.0,0.0,0.0,0.0
2.39533,0.12,2.369,2.37015,0.04206683,0.2865407,0.0,0.0,0.04206683,0.2865407,0.0,0.0,0.0,0.0
2.39632,0.12,2.37,2.37115,0.04207753,0.286922,0.0,0.0,0.04207753,0.286922,0.0,0.0,0.0,0.0
2.39731,0.12,2.371,2.37215,0.04208824,0.2873036,0.0,0.0,0.04208824,0.2873036,0.0,0.0,0.0,0.0
2.3983,0.12,2.372,2.37315,0.04209894,0.2876857,0.0,0.0,0.04209894,0.2876857,0.0,0.0,0.0,0.0
2.39929,0.12,2.373,2.37415,0.04210965,0.2880681,0.0,0.0,0.04210965,0.2880681,0.0,0.0,0.0,0.0
2.40028,0.12,2.374,2.37515,0.04212036,0.2884508,0.0,0.0,0.04212036,0.2884508,0.0,0.0,0.0,0.0
2.40127,0.12,2.375,2.37615,0.04213107,0.288834,0.0,0.0,0.04213107,0.288834,0.0,0.0,0.0,0.0
2.40226,0.12,2.376,2.37715,0.04214178,0.2892175,0.0,0.0,0.04214178,0.2892175,0.0,0.0,0.0,0.0
2.40325,0.12,2.377,2.37815,0.04215249,0.2896014,0.0,0.0,0.04215249,0.2896014,0.0,0.0,0.0,0.0
2.40424,0.12,2.378,2.37915,0.0421632,0.2899856,0.0,0.0,0.0421632,0.2899856,0.0,0.0,0.0,0.0
2.40523,0.12,2.379,2.38015,0.04217392,0.2903702,0.0,0.0,0.04217392,0.2903702,0.0,0.0,0.0,0.0
2.40622,0.12,2.38,2.38115,0.04218463,0.2907552,0.0,0.0,0.04218463,0.2907552,0.0,0.0,0.0,0.0
2.40721,0.12,2.381,2.38215,0.04219535,0.2911406,0.0,0.0,0.04219535,0.2911406,0.0,0.0,0.0,0.0
2.4082,0.12,2.382,2.38315,0.04220607,0.2915264,0.0,0.0,0.04220607,0.2915264,0.0,0.0,0.0,0.0
2.40919,0.12,2.383,2.38415,0.04221679,0.2919125,0.0,0.0,0.04221679,0.2919125,0.0,0.0,0.0,0.0
2.41017,0.12,2.384,2.38515,0.04222751,0.292299,0.0,0.0,0.04222751,0.292299,0.0,0.0,0.0,0.0
2.41116,0.12,2.385,2.38615,0.04223823,0.2926859,0.0,0.0,0.04223823,0.2926859,0.0,0.0,0.0,0.0
2.41215,0.12,2.386,2.38715,0.04224895,0.2930731,0.0,0.0,0.04224895,0.2930731,0.0,0.0,0.0,0.0
2.41314,0.12,2.387,2.38815,0.04225968,0.2934607,0.0,0.0,0.04225968,0.2934607,0.0,0.0,0.0,0.0
2.41413,0.12,2.388,2.38915,0.0422704,0.2938487,0.0,0.0,0.0422704,0.2938487,0.0,0.0,0.0,0.0
2.41512,0.12,2.389,2.39015,0.04228113,0.2942371,0.0,0.0,0.04228113,0.2942371,0.0,0.0,0.0,0.0
2.41611,0.12,2.39,2.39115,0.04229186,0.2946259,0.0,0.0,0.04229186,0.2946259,0.0,0.0,0.0,0.0
2.4171,0.12,2.391,2.39215,0.04230258,0.295015,0.0,0.0,0.04230258,0.295015,0.0,0.0,0.0,0.0
2.41809,0.12,2.392,2.39315,0.04231331,0.2954045,0.0,0.0,0.04231331,0.2954045,0.0,0.0,0.0,0.0
2.41908,0.12,2.393,2.39415,0.04232404,0.2957944,0.0,0.0,0.04232404,0.2957944,0.0,0.0,0.0,0.0
2.42007,0.12,2.394,2.39515,0.04233478,0.2961846,0.0,0.0,0.04233478,0.2961846,0.0,0.0,0.0,0.0
2.42106,0.12,2.395,2.39615,0.04234551,0.2965752,0.0,0.0,0.04234551,0.2965752,0.0,0.0,0.0,0.0
2.42205,0.12,2.396,2.39715,0.04235625,0.2969662,0.0,0.0,0.04235625,0.2969662,0.0,0.0,0.0,0.0
2.42304,0.12,2.397,2.39815,0.04236698,0.2973576,0.0,0.0,0.04236698,0.2973576,0.0,0.0,0.0,0.0
2.42403,0.12,2.398,2.39915,0.04237772,0.2977494,0.0,0.0,0.04237772,0.2977494,0.0,0.0,0.0,0.0
2.42502,0.12,2.399,2.40015,0.04238846,0.2981415,0.0,0.0,0.04238846,0.2981415,0.0,0.0,0.0,0.0
2.42601,0.12,2.4,2.40115,0.0423992,0.298534,0.0,0.0,0.0423992,0.298534,0.0,0.0,0.0,0.0
2.427,0.12,2.401,2.40215,0.04240994,0.2989269,0.0,0.0,0.04240994,0.2989269,0.0,0.0,0.0,0.0
2.42799,0.12,2.402,2.40315,0.04242068,0.2993202,0.0,0.0,0.04242068,0.2993202,0.0,0.0,0.0,0.0
2.42898,0.12,2.403,2.40415,0.04243142,0.2997138,0.0,0.0,0.04243142,0.2997138,0.0,0.0,0.0,0.0
2.42997,0.12,2.404,2.40515,0.04244216,0.3001079,0.0,0.0,0.04244216,0.3001079,0.0,0.0,0.0,0.0
2.43096,0.12,2.405,2.40615,0.04245291,0.3005023,0.0,0.0,0.04245291,0.3005023,0.0,0.0,0.0,0.0
2.43195,0.12,2.406,2.40715,0.04246366,0.3008971,0.0,0.0,0.04246366,0.3008971,0.0,0.0,0.0,0.0
2.43294,0.12,2.407,2.40815,0.0424744,0.3012922,0.0,0.0,0.0424744,0.3012922,0.0,0.0,0.0,0.0
2.43393,0.12,2.408,2.40915,0.04248515,0.3016878,0.0,0.0,0.04248515,0.3016878,0.0,0.0,0.0,0.0
2.43492,0.12,2.409,2.41015,0.0424959,0.3020837,0.0,0.0,0.0424959,0.3020837,0.0,0.0,0.0,0.0
2.43591,0.12,2.41,2.41115,0.04250665,0.30248,0.0,0.0,0.04250665,0.30248,0.0,0.0,0.0,0.0
2.4369,0.12,2.411,2.41215,0.04251741,0.3028767,0.0,0.0,0.04251741,0.3028767,0.0,0.0,0.0,0.0
2.43789,0.12,2.412,2.41315,0.04252816,0.3032737,0.0,0.0,0.04252816,0.3032737,0.0,0.0,0.0,0.0
2.43888,0.12,2.413,2.41415,0.04253891,0.3036712,0.0,0.0,0.04253891,0.3036712,0.0,0.0,0.0,0.0
2.43987,0.12,2.414,2.41515,0.04254967,0.304069,0.0,0.0,0.04254967,0.304069,0.0,0.0,0.0,0.0
2.44086,0.12,2.415,2.41615,0.04256043,0.3044672,0.0,0.0,0.04256043,0.3044672,0.0,0.0,0.0,0.0
2.44185,0.12,2.416,2.41715,0.04257119,0.3048658,0.0,0.0,0.04257119,0.3048658,0.0,0.0,0.0,0.0
2.44284,0.12,2.417,2.41815,0.04258194,0.3052647,0.0,0.0,0.04258194,0.3052647,0.0,0.0,0.0,0.0
2.44383,0.12,2.418,2.41915,0.04259271,0.3056641,0.0,0.0,0.04259271,0.3056641,0.0,0.0,0.0,0.0
2.44482,0.12,2.419,2.42015,0.04260347,0.3060638,0.0,0.0,0.04260347,0.3060638,0.0,0.0,0.0,0.0
2.44581,0.12,2.42,2.42115,0.04261423,0.3064639,0.0,0.0,0.04261423,0.3064639,0.0,0.0,0.0,0.0
2.4468,0.12,2.421,2.42215,0.04262499,0.3068644,0.0,0.0,0.04262499,0.3068644,0.0,0.0,0.0,0.0
2.44779,0.12,2.422,2.42315,0.04263576,0.3072652,0.0,0.0,0.04263576,0.3072652,0.0,0.0,0.0,0.0
2.44878,0.12,2.423,2.42415,0.04264653,0.3076665,0.0,0.0,0.04264653,0.3076665,0.0,0.0,0.0,0.0
2.44977,0.12,2.424,2.42515,0.04265729,0.3080681,0.0,0.0,0.04265729,0.3080681,0.0,0.0,0.0,0.0
2.45076,0.12,2.425,2.42615,0.04266806,0.3084701,0.0,0.0,0.04266806,0.3084701,0.0,0.0,0.0,0.0
2.45175,0.12,2.426,2.42715,0.04267883,0.3088725,0.0,0.0,0.04267883,0.3088725,0.0,0.0,0.0,0.0
2.45274,0.12,2.427,2.42815,0.0426896,0.3092753,0.0,0.0,0.0426896,0.3092753,0.0,0.0,0.0,0.0
2.45373,0.12,2.428,2.42915,0.04270038,0.3096785,0.0,0.0,0.04270038,0.3096785,0.0,0.0,0.0,0.0
2.45472,0.12,2.429,2.43015,0.04271115,0.310082,0.0,0.0,0.04271115,0.310082,0.0,0.0,0.0,0.0
2.45571,0.12,2.43,2.43115,0.04272192,0.310486,0.0,0.0,0.04272192,0.310486,0.0,0.0,0.0,0.0
2.4567,0.12,2.431,2.43215,0.0427327,0.3108903,0.0,0.0,0.0427327,0.3108903,0.0,0.0,0.0,0.0
2.45769,0.12,2.432,2.43315,0.04274348,0.311295,0.0,0.0,0.04274348,0.311295,0.0,0.0,0.0,0.0
2.45868,0.12,2.433,2.43415,0.04275425,0.3117001,0.0,0.0,0.04275425,0.3117001,0.0,0.0,0.0,0.0
2.45967,0.12,2.434,2.43515,0.04276503,0.3121056,0.0,0.0,0.04276503,0.3121056,0.0,0.0,0.0,0.0
2.46066,0.12,2.435,2.43615,0.04277581,0.3125114,0.0,0.0,0.04277581,0.3125114,0.0,0.0,0.0,0.0
2.46165,0.12,2.436,2.43715,0.0427866,0.3129176,0.0,0.0,0.0427866,0.3129176,0.0,0.0,0.0,0.0
2.46264,0.12,2.437,2.43815,0.04279738,0.3133243,0.0,0.0,0.04279738,0.3133243,0.0,0.0,0.0,0.0
2.46363,0.12,2.438,2.43915,0.04280816,0.3137313,0.0,0.0,0.04280816,0.3137313,0.0,0.0,0.0,0.0
2.46462,0.12,2.439,2.44015,0.04281895,0.3141387,0.0,0.0,0.04281895,0.3141387,0.0,0.0,0.0,0.0
2.46561,0.12,2.44,2.44115,0.04282973,0.3145465,0.0,0.0,0.04282973,0.3145465,0.0,0.0,0.0,0.0
2.4666,0.12,2.441,2.44215,0.04284052,0.3149546,0.0,0.0,0.04284052,0.3149546,0.0,0.0,0.0,0.0
2.46759,0.12,2.442,2.44315,0.04285131,0.3153632,0.0,0.0,0.04285131,0.3153632,0.0,0.0,0.0,0.0
2.46858,0.12,2.443,2.44415,0.0428621,0.3157721,0.0,0.0,0.0428621,0.3157721,0.0,0.0,0.0,0.0
2.46957,0.12,2.444,2.44515,0.04287289,0.3161814,0.0,0.0,0.04287289,0.3161814,0.0,0.0,0.0,0.0
2.47056,0.12,2.445,2.44615,0.04288368,0.3165911,0.0,0.0,0.04288368,0.3165911,0.0,0.0,0.0,0.0
2.47155,0.12,2.446,2.44715,0.04289448,0.3170012,0.0,0.0,0.04289448,0.3170012,0.0,0.0,0.0,0.0
2.47254,0.12,2.447,2.44815,0.04290527,0.3174117,0.0,0.0,0.04290527,0.3174117,0.0,0.0,0.0,0.0
2.47353,0.12,2.448,2.44915,0.04291607,0.3178226,0.0,0.0,0.04291607,0.3178226,0.0,0.0,0.0,0.0
2.47452,0.12,2.449,2.45015,0.04292686,0.3182339,0.0,0.0,0.04292686,0.3182339,0.0,0.0,0.0,0.0
2.47551,0.12,2.45,2.45115,0.04293766,0.3186455,0.0,0.0,0.04293766,0.3186455,0.0,0.0,0.0,0.0
2.4765,0.12,2.451,2.45215,0.04294846,0.3190575,0.0,0.0,0.04294846,0.3190575,0.0,0.0,0.0,0.0
2.47749,0.12,2.452,2.45315,0.04295926,0.31947,0.0,0.0,0.04295926,0.31947,0.0,0.0,0.0,0.0
2.47848,0.12,2.453,2.45415,0.04297006,0.3198828,0.0,0.0,0.04297006,0.3198828,0.0,0.0,0.0,0.0
2.47947,0.12,2.454,2.45515,0.04298086,0.320296,0.0,0.0,0.04298086,0.320296,0.0,0.0,0.0,0.0
2.48046,0.12,2.455,2.45615,0.04299167,0.3207096,0.0,0.0,0.04299167,0.3207096,0.0,0.0,0.0,0.0
2.48145,0.12,2.456,2.45715,0.04300247,0.3211235,0.0,0.0,0.04300247,0.3211235,0.0,0.0,0.0,0.0
2.48244,0.12,2.457,2.45815,0.04301328,0.3215379,0.0,0.0,0.04301328,0.3215379,0.0,0.0,0.0,0.0
2.48343,0.12,2.458,2.45915,0.04302408,0.3219527,0.0,0.0,0.04302408,0.3219527,0.0,0.0,0.0,0.0
2.48442,0.12,2.459,2.46015,0.04303489,0.3223678,0.0,0.0,0.04303489,0.3223678,0.0,0.0,0.0,0.0
2.48541,0.12,2.46,2.46115,0.0430457,0.3227833,0.0,0.0,0.0430457,0.3227833,0.0,0.0,0.0,0.0
2.4864,0.12,2.461,2.46215,0.04305651,0.3231993,0.0,0.0,0.04305651,0.3231993,0.0,0.0,0.0,0.0
2.48739,0.12,2.462,2.46315,0.04306732,0.3236156,0.0,0.0,0.04306732,0.3236156,0.0,0.0,0.0,0.0
2.48838,0.12,2.463,2.46415,0.04307814,0.3240323,0.0,0.0,0.04307814,0.3240323,0.0,0.0,0.0,0.0
2.48937,0.12,2.464,2.46515,0.04308895,0.3244494,0.0,0.0,0.04308895,0.3244494,0.0,0.0,0.0,0.0
2.49036,0.12,2.465,2.46615,0.04309977,0.3248669,0.0,0.0,0.04309977,0.3248669,0.0,0.0,0.0,0.0
2.49135,0.12,2.466,2.46715,0.04311058,0.3252847,0.0,0.0,0.04311058,0.3252847,0.0,0.0,0.0,0.0
2.49234,0.12,2.467,2.46815,0.0431214,0.325703,0.0,0.0,0.0431214,0.325703,0.0,0.0,0.0,0.0
2.49333,0.12,2.468,2.46915,0.04313222,0.3261217,0.0,0.0,0.04313222,0.3261217,0.0,0.0,0.0,0.0
2.49432,0.12,2.469,2.47015,0.04314304,0.3265407,0.0,0.0,0.04314304,0.3265407,0.0,0.0,0.0,0.0
2.49531,0.12,2.47,2.47115,0.04315386,0.3269602,0.0,0.0,0.04315386,0.3269602,0.0,0.0,0.0,0.0
2.4963,0.12,2.471,2.47215,0.04316468,0.32738,0.0,0.0,0.04316468,0.32738,0.0,0.0,0.0,0.0
2.49729,0.12,2.472,2.47315,0.04317551,0.3278002,0.0,0.0,0.04317551,0.3278002,0.0,0.0,0.0,0.0
2.49828,0.12,2.473,2.47415,0.04318633,0.3282208,0.0,0.0,0.04318633,0.3282208,0.0,0.0,0.0,0.0
2.49927,0.12,2.474,2.47515,0.04319716,0.3286418,0.0,0.0,0.04319716,0.3286418,0.0,0.0,0.0,0.0
2.50026,0.12,2.475,2.47615,0.04320798,0.3290633,0.0,0.0,0.04320798,0.3290633,0.0,0.0,0.0,0.0
2.50125,0.12,2.476,2.47715,0.04321881,0.329485,0.0,0.0,0.04321881,0.329485,0.0,0.0,0.0,0.0
2.50224,0.12,2.477,2.47815,0.04322964,0.3299072,0.0,0.0,0.04322964,0.3299072,0.0,0.0,0.0,0.0
2.50324,0.12,2.478,2.47915,0.04324047,0.3303298,0.0,0.0,0.04324047,0.3303298,0.0,0.0,0.0,0.0
2.50423,0.12,2.479,2.48015,0.0432513,0.3307528,0.0,0.0,0.0432513,0.3307528,0.0,0.0,0.0,0.0
2.50522,0.12,2.48,2.48115,0.04326213,0.3311762,0.0,0.0,0.04326213,0.3311762,0.0,0.0,0.0,0.0
2.50621,0.12,2.481,2.48215,0.04327297,0.3315999,0.0,0.0,0.04327297,0.3315999,0.0,0.0,0.0,0.0
2.5072,0.12,2.482,2.48315,0.0432838,0.3320241,0.0,0.0,0.0432838,0.3320241,0.0,0.0,0.0,0.0
2.50819,0.12,2.483,2.48415,0.04329464,0.3324486,0.0,0.0,0.04329464,0.3324486,0.0,0.0,0.0,0.0
2.50918,0.12,2.484,2.48515,0.04330548,0.3328736,0.0,0.0,0.04330548,0.3328736,0.0,0.0,0.0,0.0
2.51017,0.12,2.485,2.48615,0.04331631,0.3332989,0.0,0.0,0.04331631,0.3332989,0.0,0.0,0.0,0.0
2.51116,0.12,2.486,2.48715,0.04332715,0.3337247,0.0,0.0,0.04332715,0.3337247,0.0,0.0,0.0,0.0
2.51215,0.12,2.487,2.48815,0.043338,0.3341508,0.0,0.0,0.043338,0.3341508,0.0,0.0,0.0,0.0
2.51314,0.12,2.488,2.48915,0.04334884,0.3345773,0.0,0.0,0.04334884,0.3345773,0.0,0.0,0.0,0.0
2.51413,0.12,2.489,2.49015,0.04335968,0.3350042,0.0,0.0,0.04335968,0.3350042,0.0,0.0,0.0,0.0
2.51512,0.12,2.49,2.49115,0.04337052,0.3354316,0.0,0.0,0.04337052,0.3354316,0.0,0.0,0.0,0.0
2.51611,0.12,2.491,2.49215,0.04338137,0.3358593,0.0,0.0,0.04338137,0.3358593,0.0,0.0,0.0,0.0
2.5171,0.12,2.492,2.49315,0.04339222,0.3362874,0.0,0.0,0.04339222,0.3362874,0.0,0.0,0.0,0.0
2.51809,0.12,2.493,2.49415,0.04340306,0.3367159,0.0,0.0,0.04340306,0.3367159,0.0,0.0,0.0,0.0
2.51908,0.12,2.494,2.49515,0.04341391,0.3371448,0.0,0.0,0.04341391,0.3371448,0.0,0.0,0.0,0.0
2.52007,0.12,2.495,2.49615,0.04342476,0.3375741,0.0,0.0,0.04342476,0.3375741,0.0,0.0,0.0,0.0
2.52106,0.12,2.496,2.49715,0.04343561,0.3380038,0.0,0.0,0.04343561,0.3380038,0.0,0.0,0.0,0.0
2.52205,0.12,2.497,2.49815,0.04344647,0.3384339,0.0,0.0,0.04344647,0.3384339,0.0,0.0,0.0,0.0
2.52304,0.12,2.498,2.49915,0.04345732,0.3388644,0.0,0.0,0.04345732,0.3388644,0.0,0.0,0.0,0.0
2.52403,0.12,2.499,2.50015,0.04346818,0.3392952,0.0,0.0,0.04346818,0.3392952,0.0,0.0,0.0,0.0
2.52503,0.12,2.5,2.50115,0.04347903,0.3397265,0.0,0.0,0.04347903,0.3397265,0.0,0.0,0.0,0.0
2.52602,0.12,2.501,2.50215,0.04348989,0.3401582,0.0,0.0,0.04348989,0.3401582,0.0,0.0,0.0,0.0
2.52701,0.12,2.502,2.50315,0.04350075,0.3405903,0.0,0.0,0.04350075,0.3405903,0.0,0.0,0.0,0.0
2.528,0.12,2.503,2.50415,0.04351161,0.3410228,0.0,0.0,0.04351161,0.3410228,0.0,0.0,0.0,0.0
2.52899,0.12,2.504,2.50515,0.04352247,0.3414557,0.0,0.0,0.04352247,0.3414557,0.0,0.0,0.0,0.0
2.52998,0.12,2.505,2.50615,0.04353333,0.3418889,0.0,0.0,0.04353333,0.3418889,0.0,0.0,0.0,0.0
2.53097,0.12,2.506,2.50715,0.04354419,0.3423226,0.0,0.0,0.04354419,0.3423226,0.0,0.0,0.0,0.0
2.53196,0.12,2.507,2.50815,0.04355506,0.3427567,0.0,0.0,0.04355506,0.3427567,0.0,0.0,0.0,0.0
2.53295,0.12,2.508,2.50915,0.04356592,0.3431912,0.0,0.0,0.04356592,0.3431912,0.0,0.0,0.0,0.0
2.53394,0.12,2.509,2.51015,0.04357679,0.343626,0.0,0.0,0.04357679,0.343626,0.0,0.0,0.0,0.0
2.53493,0.12,2.51,2.51115,0.04358766,0.3440613,0.0,0.0,0.04358766,0.3440613,0.0,0.0,0.0,0.0
2.53592,0.12,2.511,2.51215,0.04359853,0.344497,0.0,0.0,0.04359853,0.344497,0.0,0.0,0.0,0.0
2.53691,0.12,2.512,2.51315,0.0436094,0.344933,0.0,0.0,0.0436094,0.344933,0.0,0.0,0.0,0.0
2.5379,0.12,2.513,2.51415,0.04362027,0.3453695,0.0,0.0,0.04362027,0.3453695,0.0,0.0,0.0,0.0
2.53889,0.12,2.514,2.51515,0.04363114,0.3458064,0.0,0.0,0.04363114,0.3458064,0.0,0.0,0.0,0.0
2.53988,0.12,2.515,2.51615,0.04364201,0.3462437,0.0,0.0,0.04364201,0.3462437,0.0,0.0,0.0,0.0
2.54088,0.12,2.516,2.51715,0.04365289,0.3466813,0.0,0.0,0.04365289,0.3466813,0.0,0.0,0.0,0.0
2.54187,0.12,2.517,2.51815,0.04366377,0.3471194,0.0,0.0,0.04366377,0.3471194,0.0,0.0,0.0,0.0
2.54286,0.12,2.518,2.51915,0.04367464,0.3475579,0.0,0.0,0.04367464,0.3475579,0.0,0.0,0.0,0.0
2.54385,0.12,2.519,2.52015,0.04368552,0.3479968,0.0,0.0,0.04368552,0.3479968,0.0,0.0,0.0,0.0
2.54484,0.12,2.52,2.52115,0.0436964,0.348436,0.0,0.0,0.0436964,0.348436,0.0,0.0,0.0,0.0
2.54583,0.12,2.521,2.52215,0.04370728,0.3488757,0.0,0.0,0.04370728,0.3488757,0.0,0.0,0.0,0.0
2.54682,0.12,2.522,2.52315,0.04371816,0.3493158,0.0,0.0,0.04371816,0.3493158,0.0,0.0,0.0,0.0
2.54781,0.12,2.523,2.52415,0.04372905,0.3497563,0.0,0.0,0.04372905,0.3497563,0.0,0.0,0.0,0.0
2.5488,0.12,2.524,2.52515,0.04373993,0.3501972,0.0,0.0,0.04373993,0.3501972,0.0,0.0,0.0,0.0
2.54979,0.12,2.525,2.52615,0.04375082,0.3506385,0.0,0.0,0.04375082,0.3506385,0.0,0.0,0.0,0.0
2.55078,0.12,2.526,2.52715,0.04376171,0.3510802,0.0,0.0,0.04376171,0.3510802,0.0,0.0,0.0,0.0
2.55177,0.12,2.527,2.52815,0.04377259,0.3515223,0.0,0.0,0.04377259,0.3515223,0.0,0.0,0.0,0.0
2.55276,0.12,2.528,2.52915,0.04378348,0.3519648,0.0,0.0,0.04378348,0.3519648,0.0,0.0,0.0,0.0
2.55375,0.12,2.529,2.53015,0.04379437,0.3524077,0.0,0.0,0.04379437,0.3524077,0.0,0.0,0.0,0.0
2.55475,0.12,2.53,2.53115,0.04380527,0.352851,0.0,0.0,0.04380527,0.352851,0.0,0.0,0.0,0.0
2.55574,0.12,2.531,2.53215,0.04381616,0.3532947,0.0,0.0,0.04381616,0.3532947,0.0,0.0,0.0,0.0
2.55673,0.12,2.532,2.53315,0.04382705,0.3537388,0.0,0.0,0.04382705,0.3537388,0.0,0.0,0.0,0.0
2.55772,0.12,2.533,2.53415,0.04383795,0.3541833,0.0,0.0,0.04383795,0.3541833,0.0,0.0,0.0,0.0
2.55871,0.12,2.534,2.53515,0.04384884,0.3546282,0.0,0.0,0.04384884,0.3546282,0.0,0.0,0.0,0.0
2.5597,0.12,2.535,2.53615,0.04385974,0.3550736,0.0,0.0,0.04385974,0.3550736,0.0,0.0,0.0,0.0
2.56069,0.12,2.536,2.53715,0.04387064,0.3555193,0.0,0.0,0.04387064,0.3555193,0.0,0.0,0.0,0.0
2.56168,0.12,2.537,2.53815,0.04388154,0.3559654,0.0,0.0,0.04388154,0.3559654,0.0,0.0,0.0,0.0
2.56267,0.12,2.538,2.53915,0.04389244,0.356412,0.0,0.0,0.04389244,0.356412,0.0,0.0,0.0,0.0
2.56366,0.12,2.539,2.54015,0.04390335,0.3568589,0.0,0.0,0.04390335,0.3568589,0.0,0.0,0.0,0.0
2.56465,0.12,2.54,2.54115,0.04391425,0.3573063,0.0,0.0,0.04391425,0.3573063,0.0,0.0,0.0,0.0
2.56564,0.12,2.541,2.54215,0.04392516,0.357754,0.0,0.0,0.04392516,0.357754,0.0,0.0,0.0,0.0
2.56663,0.12,2.542,2.54315,0.04393606,0.3582022,0.0,0.0,0.04393606,0.3582022,0.0,0.0,0.0,0.0
2.56763,0.12,2.543,2.54415,0.04394697,0.3586508,0.0,0.0,0.04394697,0.3586508,0.0,0.0,0.0,0.0
2.56862,0.12,2.544,2.54515,0.04395788,0.3590998,0.0,0.0,0.04395788,0.3590998,0.0,0.0,0.0,0.0
2.56961,0.12,2.545,2.54615,0.04396879,0.3595491,0.0,0.0,0.04396879,0.3595491,0.0,0.0,0.0,0.0
2.5706,0.12,2.546,2.54715,0.0439797,0.3599989,0.0,0.0,0.0439797,0.3599989,0.0,0.0,0.0,0.0
2.57159,0.12,2.547,2.54815,0.04399061,0.3604491,0.0,0.0,0.04399061,0.3604491,0.0,0.0,0.0,0.0
2.57258,0.12,2.548,2.54915,0.04400153,0.3608997,0.0,0.0,0.04400153,0.3608997,0.0,0.0,0.0,0.0
2.57357,0.12,2.549,2.55015,0.04401244,0.3613508,0.0,0.0,0.04401244,0.3613508,0.0,0.0,0.0,0.0
2.57456,0.12,2.55,2.55115,0.04402336,0.3618022,0.0,0.0,0.04402336,0.3618022,0.0,0.0,0.0,0.0
2.57555,0.12,2.551,2.55215,0.04403428,0.362254,0.0,0.0,0.04403428,0.362254,0.0,0.0,0.0,0.0
2.57654,0.12,2.552,2.55315,0.04404519,0.3627062,0.0,0.0,0.04404519,0.3627062,0.0,0.0,0.0,0.0
2.57753,0.12,2.553,2.55415,0.04405611,0.3631589,0.0,0.0,0.04405611,0.3631589,0.0,0.0,0.0,0.0
2.57853,0.12,2.554,2.55515,0.04406704,0.3636119,0.0,0.0,0.04406704,0.3636119,0.0,0.0,0.0,0.0
2.57952,0.12,2.555,2.55615,0.04407796,0.3640654,0.0,0.0,0.04407796,0.3640654,0.0,0.0,0.0,0.0
2.58051,0.12,2.556,2.55715,0.04408888,0.3645193,0.0,0.0,0.04408888,0.3645193,0.0,0.0,0.0,0.0
2.5815,0.12,2.557,2.55815,0.04409981,0.3649736,0.0,0.0,0.04409981,0.3649736,0.0,0.0,0.0,0.0
2.58249,0.12,2.558,2.55915,0.04411073,0.3654282,0.0,0.0,0.04411073,0.3654282,0.0,0.0,0.0,0.0
2.58348,0.12,2.559,2.56015,0.04412166,0.3658833,0.0,0.0,0.04412166,0.3658833,0.0,0.0,0.0,0.0
2.58447,0.12,2.56,2.56115,0.04413259,0.3663389,0.0,0.0,0.04413259,0.3663389,0.0,0.0,0.0,0.0
2.58546,0.12,2.561,2.56215,0.04414352,0.3667948,0.0,0.0,0.04414352,0.3667948,0.0,0.0,0.0,0.0
2.58645,0.12,2.562,2.56315,0.04415445,0.3672511,0.0,0.0,0.04415445,0.3672511,0.0,0.0,0.0,0.0
2.58744,0.12,2.563,2.56415,0.04416538,0.3677078,0.0,0.0,0.04416538,0.3677078,0.0,0.0,0.0,0.0
2.58844,0.12,2.564,2.56515,0.04417631,0.368165,0.0,0.0,0.04417631,0.368165,0.0,0.0,0.0,0.0
2.58943,0.12,2.565,2.56615,0.04418725,0.3686225,0.0,0.0,0.04418725,0.3686225,0.0,0.0,0.0,0.0
2.59042,0.12,2.566,2.56715,0.04419818,0.3690805,0.0,0.0,0.04419818,0.3690805,0.0,0.0,0.0,0.0
2.59141,0.12,2.567,2.56815,0.04420912,0.3695389,0.0,0.0,0.04420912,0.3695389,0.0,0.0,0.0,0.0
2.5924,0.12,2.568,2.56915,0.04422006,0.3699977,0.0,0.0,0.04422006,0.3699977,0.0,0.0,0.0,0.0
2.59339,0.12,2.569,2.57015,0.044231,0.3704569,0.0,0.0,0.044231,0.3704569,0.0,0.0,0.0,0.0
2.59438,0.12,2.57,2.57115,0.04424194,0.3709165,0.0,0.0,0.04424194,0.3709165,0.0,0.0,0.0,0.0
2.59537,0.12,2.571,2.57215,0.04425288,0.3713765,0.0,0.0,0.04425288,0.3713765,0.0,0.0,0.0,0.0
2.59636,0.12,2.572,2.57315,0.04426383,0.371837,0.0,0.0,0.04426383,0.371837,0.0,0.0,0.0,0.0
2.59735,0.12,2.573,2.57415,0.04427477,0.3722978,0.0,0.0,0.04427477,0.3722978,0.0,0.0,0.0,0.0
2.59835,0.12,2.574,2.57515,0.04428572,0.3727591,0.0,0.0,0.04428572,0.3727591,0.0,0.0,0.0,0.0
2.59934,0.12,2.575,2.57615,0.04429666,0.3732208,0.0,0.0,0.04429666,0.3732208,0.0,0.0,0.0,0.0
2.60033,0.12,2.576,2.57715,0.04430761,0.3736829,0.0,0.0,0.04430761,0.3736829,0.0,0.0,0.0,0.0
2.60132,0.12,2.577,2.57815,0.04431856,0.3741454,0.0,0.0,0.04431856,0.3741454,0.0,0.0,0.0,0.0
2.60231,0.12,2.578,2.57915,0.04432951,0.3746083,0.0,0.0,0.04432951,0.3746083,0.0,0.0,0.0,0.0
2.6033,0.12,2.579,2.58015,0.04434046,0.3750716,0.0,0.0,0.04434046,0.3750716,0.0,0.0,0.0,0.0
2.60429,0.12,2.58,2.58115,0.04435142,0.3755354,0.0,0.0,0.04435142,0.3755354,0.0,0.0,0.0,0.0
2.60528,0.12,2.581,2.58215,0.04436237,0.3759995,0.0,0.0,0.04436237,0.3759995,0.0,0.0,0.0,0.0
2.60627,0.12,2.582,2.58315,0.04437332,0.3764641,0.0,0.0,0.04437332,0.3764641,0.0,0.0,0.0,0.0
2.60727,0.12,2.583,2.58415,0.04438428,0.3769291,0.0,0.0,0.04438428,0.3769291,0.0,0.0,0.0,0.0
2.60826,0.12,2.584,2.58515,0.04439524,0.3773945,0.0,0.0,0.04439524,0.3773945,0.0,0.0,0.0,0.0
2.60925,0.12,2.585,2.58615,0.0444062,0.3778603,0.0,0.0,0.0444062,0.3778603,0.0,0.0,0.0,0.0
2.61024,0.12,2.586,2.58715,0.04441716,0.3783265,0.0,0.0,0.04441716,0.3783265,0.0,0.0,0.0,0.0
2.61123,0.12,2.587,2.58815,0.04442812,0.3787931,0.0,0.0,0.04442812,0.3787931,0.0,0.0,0.0,0.0
2.61222,0.12,2.588,2.58915,0.04443908,0.3792602,0.0,0.0,0.04443908,0.3792602,0.0,0.0,0.0,0.0
2.61321,0.12,2.589,2.59015,0.04445005,0.3797277,0.0,0.0,0.04445005,0.3797277,0.0,0.0,0.0,0.0
2.6142,0.12,2.59,2.59115,0.04446101,0.3801956,0.0,0.0,0.04446101,0.3801956,0.0,0.0,0.0,0.0
2.61519,0.12,2.591,2.59215,0.04447198,0.3806639,0.0,0.0,0.04447198,0.3806639,0.0,0.0,0.0,0.0
2.61619,0.12,2.592,2.59315,0.04448295,0.3811326,0.0,0.0,0.04448295,0.3811326,0.0,0.0,0.0,0.0
2.61718,0.12,2.593,2.59415,0.04449391,0.3816017,0.0,0.0,0.04449391,0.3816017,0.0,0.0,0.0,0.0
2.61817,0.12,2.594,2.59515,0.04450488,0.3820713,0.0,0.0,0.04450488,0.3820713,0.0,0.0,0.0,0.0
2.61916,0.12,2.595,2.59615,0.04451586,0.3825413,0.0,0.0,0.04451586,0.3825413,0.0,0.0,0.0,0.0
2.62015,0.12,2.596,2.59715,0.04452683,0.3830116,0.0,0.0,0.04452683,0.3830116,0.0,0.0,0.0,0.0
2.62114,0.12,2.597,2.59815,0.0445378,0.3834825,0.0,0.0,0.0445378,0.3834825,0.0,0.0,0.0,0.0
2.62213,0.12,2.598,2.59915,0.04454878,0.3839537,0.0,0.0,0.04454878,0.3839537,0.0,0.0,0.0,0.0
2.62312,0.12,2.599,2.60015,0.04455975,0.3844253,0.0,0.0,0.04455975,0.3844253,0.0,0.0,0.0,0.0
2.62412,0.12,2.6,2.60115,0.04457073,0.3848974,0.0,0.0,0.04457073,0.3848974,0.0,0.0,0.0,0.0
2.62511,0.12,2.601,2.60215,0.04458171,0.3853698,0.0,0.0,0.04458171,0.3853698,0.0,0.0,0.0,0.0
2.6261,0.12,2.602,2.60315,0.04459269,0.3858427,0.0,0.0,0.04459269,0.3858427,0.0,0.0,0.0,0.0
2.62709,0.12,2.603,2.60415,0.04460367,0.386316,0.0,0.0,0.04460367,0.386316,0.0,0.0,0.0,0.0
2.62808,0.12,2.604,2.60515,0.04461465,0.3867898,0.0,0.0,0.04461465,0.3867898,0.0,0.0,0.0,0.0
2.62907,0.12,2.605,2.60615,0.04462563,0.3872639,0.0,0.0,0.04462563,0.3872639,0.0,0.0,0.0,0.0
2.63006,0.12,2.606,2.60715,0.04463662,0.3877385,0.0,0.0,0.04463662,0.3877385,0.0,0.0,0.0,0.0
2.63105,0.12,2.607,2.60815,0.0446476,0.3882135,0.0,0.0,0.0446476,0.3882135,0.0,0.0,0.0,0.0
2.63205,0.12,2.608,2.60915,0.04465859,0.3886889,0.0,0.0,0.04465859,0.3886889,0.0,0.0,0.0,0.0
2.63304,0.12,2.609,2.61015,0.04466958,0.3891647,0.0,0.0,0.04466958,0.3891647,0.0,0.0,0.0,0.0
2.63403,0.12,2.61,2.61115,0.04468057,0.389641,0.0,0.0,0.04468057,0.389641,0.0,0.0,0.0,0.0
2.63502,0.12,2.611,2.61215,0.04469156,0.3901176,0.0,0.0,0.04469156,0.3901176,0.0,0.0,0.0,0.0
2.63601,0.12,2.612,2.61315,0.04470255,0.3905947,0.0,0.0,0.04470255,0.3905947,0.0,0.0,0.0,0.0
2.637,0.12,2.613,2.61415,0.04471354,0.3910722,0.0,0.0,0.04471354,0.3910722,0.0,0.0,0.0,0.0
2.63799,0.12,2.614,2.61515,0.04472453,0.3915501,0.0,0.0,0.04472453,0.3915501,0.0,0.0,0.0,0.0
2.63899,0.12,2.615,2.61615,0.04473553,0.3920285,0.0,0.0,0.04473553,0.3920285,0.0,0.0,0.0,0.0
2.63998,0.12,2.616,2.61715,0.04474653,0.3925072,0.0,0.0,0.04474653,0.3925072,0.0,0.0,0.0,0.0
2.64097,0.12,2.617,2.61815,0.04475752,0.3929864,0.0,0.0,0.04475752,0.3929864,0.0,0.0,0.0,0.0
2.64196,0.12,2.618,2.61915,0.04476852,0.393466,0.0,0.0,0.04476852,0.393466,0.0,0.0,0.0,0.0
2.64295,0.12,2.619,2.62015,0.04477952,0.3939461,0.0,0.0,0.04477952,0.3939461,0.0,0.0,0.0,0.0
2.64394,0.12,2.62,2.62115,0.04479052,0.3944265,0.0,0.0,0.04479052,0.3944265,0.0,0.0,0.0,0.0
2.64493,0.12,2.621,2.62215,0.04480152,0.3949074,0.0,0.0,0.04480152,0.3949074,0.0,0.0,0.0,0.0
2.64592,0.12,2.622,2.62315,0.04481253,0.3953887,0.0,0.0,0.04481253,0.3953887,0.0,0.0,0.0,0.0
2.64692,0.12,2.623,2.62415,0.04482353,0.3958704,0.0,0.0,0.04482353,0.3958704,0.0,0.0,0.0,0.0
2.64791,0.12,2.624,2.62515,0.04483454,0.3963525,0.0,0.0,0.04483454,0.3963525,0.0,0.0,0.0,0.0
2.6489,0.12,2.625,2.62615,0.04484554,0.3968351,0.0,0.0,0.04484554,0.3968351,0.0,0.0,0.0,0.0
2.64989,0.12,2.626,2.62715,0.04485655,0.3973181,0.0,0.0,0.04485655,0.3973181,0.0,0.0,0.0,0.0
2.65088,0.12,2.627,2.62815,0.04486756,0.3978015,0.0,0.0,0.04486756,0.3978015,0.0,0.0,0.0,0.0
2.65187,0.12,2.628,2.62915,0.04487857,0.3982853,0.0,0.0,0.04487857,0.3982853,0.0,0.0,0.0,0.0
2.65286,0.12,2.629,2.63015,0.04488958,0.3987696,0.0,0.0,0.04488958,0.3987696,0.0,0.0,0.0,0.0
2.65386,0.12,2.63,2.63115,0.04490059,0.3992543,0.0,0.0,0.04490059,0.3992543,0.0,0.0,0.0,0.0
2.65485,0.12,2.631,2.63215,0.0449116,0.3997394,0.0,0.0,0.0449116,0.3997394,0.0,0.0,0.0,0.0
2.65584,0.12,2.632,2.63315,0.04492262,0.4002249,0.0,0.0,0.04492262,0.4002249,0.0,0.0,0.0,0.0
2.65683,0.12,2.633,2.63415,0.04493363,0.4007108,0.0,0.0,0.04493363,0.4007108,0.0,0.0,0.0,0.0
2.65782,0.12,2.634,2.63515,0.04494465,0.4011972,0.0,0.0,0.04494465,0.4011972,0.0,0.0,0.0,0.0
2.65881,0.12,2.635,2.63615,0.04495567,0.401684,0.0,0.0,0.04495567,0.401684,0.0,0.0,0.0,0.0
2.6598,0.12,2.636,2.63715,0.04496669,0.4021713,0.0,0.0,0.04496669,0.4021713,0.0,0.0,0.0,0.0
2.6608,0.12,2.637,2.63815,0.04497771,0.4026589,0.0,0.0,0.04497771,0.4026589,0.0,0.0,0.0,0.0
2.66179,0.12,2.638,2.63915,0.04498873,0.403147,0.0,0.0,0.04498873,0.403147,0.0,0.0,0.0,0.0
2.66278,0.12,2.639,2.64015,0.04499975,0.4036355,0.0,0.0,0.04499975,0.4036355,0.0,0.0,0.0,0.0
2.66377,0.12,2.64,2.64115,0.04501078,0.4041244,0.0,0.0,0.04501078,0.4041244,0.0,0.0,0.0,0.0
2.66476,0.12,2.641,2.64215,0.0450218,0.4046138,0.0,0.0,0.0450218,0.4046138,0.0,0.0,0.0,0.0
2.66575,0.12,2.642,2.64315,0.04503283,0.4051035,0.0,0.0,0.04503283,0.4051035,0.0,0.0,0.0,0.0
2.66675,0.12,2.643,2.64415,0.04504385,0.4055937,0.0,0.0,0.04504385,0.4055937,0.0,0.0,0.0,0.0
2.66774,0.12,2.644,2.64515,0.04505488,0.4060844,0.0,0.0,0.04505488,0.4060844,0.0,0.0,0.0,0.0
2.66873,0.12,2.645,2.64615,0.04506591,0.4065754,0.0,0.0,0.04506591,0.4065754,0.0,0.0,0.0,0.0
2.66972,0.12,2.646,2.64715,0.04507694,0.4070669,0.0,0.0,0.04507694,0.4070669,0.0,0.0,0.0,0.0
2.67071,0.12,2.647,2.64815,0.04508797,0.4075588,0.0,0.0,0.04508797,0.4075588,0.0,0.0,0.0,0.0
2.6717,0.12,2.648,2.64915,0.045099,0.4080512,0.0,0.0,0.045099,0.4080512,0.0,0.0,0.0,0.0
2.67269,0.12,2.649,2.65015,0.04511004,0.4085439,0.0,0.0,0.04511004,0.4085439,0.0,0.0,0.0,0.0
2.67369,0.12,2.65,2.65115,0.04512107,0.4090371,0.0,0.0,0.04512107,0.4090371,0.0,0.0,0.0,0.0
2.67468,0.12,2.651,2.65215,0.04513211,0.4095307,0.0,0.0,0.04513211,0.4095307,0.0,0.0,0.0,0.0
2.67567,0.12,2.652,2.65315,0.04514315,0.4100248,0.0,0.0,0.04514315,0.4100248,0.0,0.0,0.0,0.0
2.67666,0.12,2.653,2.65415,0.04515418,0.4105193,0.0,0.0,0.04515418,0.4105193,0.0,0.0,0.0,0.0
2.67765,0.12,2.654,2.65515,0.04516522,0.4110142,0.0,0.0,0.04516522,0.4110142,0.0,0.0,0.0,0.0
2.67864,0.12,2.655,2.65615,0.04517626,0.4115095,0.0,0.0,0.04517626,0.4115095,0.0,0.0,0.0,0.0
2.67964,0.12,2.656,2.65715,0.0451873,0.4120053,0.0,0.0,0.0451873,0.4120053,0.0,0.0,0.0,0.0
2.68063,0.12,2.657,2.65815,0.04519835,0.4125015,0.0,0.0,0.04519835,0.4125015,0.0,0.0,0.0,0.0
2.68162,0.12,2.658,2.65915,0.04520939,0.4129981,0.0,0.0,0.04520939,0.4129981,0.0,0.0,0.0,0.0
2.68261,0.12,2.659,2.66015,0.04522043,0.4134952,0.0,0.0,0.04522043,0.4134952,0.0,0.0,0.0,0.0
2.6836,0.12,2.66,2.66115,0.04523148,0.4139926,0.0,0.0,0.04523148,0.4139926,0.0,0.0,0.0,0.0
2.68459,0.12,2.661,2.66215,0.04524253,0.4144906,0.0,0.0,0.04524253,0.4144906,0.0,0.0,0.0,0.0
2.68559,0.12,2.662,2.66315,0.04525357,0.4149889,0.0,0.0,0.04525357,0.4149889,0.0,0.0,0.0,0.0
2.68658,0.12,2.663,2.66415,0.04526462,0.4154877,0.0,0.0,0.04526462,0.4154877,0.0,0.0,0.0,0.0
2.68757,0.12,2.664,2.66515,0.04527567,0.4159869,0.0,0.0,0.04527567,0.4159869,0.0,0.0,0.0,0.0
2.68856,0.12,2.665,2.66615,0.04528672,0.4164865,0.0,0.0,0.04528672,0.4164865,0.0,0.0,0.0,0.0
2.68955,0.12,2.666,2.66715,0.04529778,0.4169866,0.0,0.0,0.04529778,0.4169866,0.0,0.0,0.0,0.0
2.69054,0.12,2.667,2.66815,0.04530883,0.4174871,0.0,0.0,0.04530883,0.4174871,0.0,0.0,0.0,0.0
2.69154,0.12,2.668,2.66915,0.04531988,0.417988,0.0,0.0,0.04531988,0.417988,0.0,0.0,0.0,0.0
2.69253,0.12,2.669,2.67015,0.04533094,0.4184893,0.0,0.0,0.04533094,0.4184893,0.0,0.0,0.0,0.0
2.69352,0.12,2.67,2.67115,0.04534199,0.4189911,0.0,0.0,0.04534199,0.4189911,0.0,0.0,0.0,0.0
2.69451,0.12,2.671,2.67215,0.04535305,0.4194934,0.0,0.0,0.04535305,0.4194934,0.0,0.0,0.0,0.0
2.6955,0.12,2.672,2.67315,0.04536411,0.419996,0.0,0.0,0.04536411,0.419996,0.0,0.0,0.0,0.0
2.69649,0.12,2.673,2.67415,0.04537517,0.4204991,0.0,0.0,0.04537517,0.4204991,0.0,0.0,0.0,0.0
2.69749,0.12,2.674,2.67515,0.04538623,0.4210026,0.0,0.0,0.04538623,0.4210026,0.0,0.0,0.0,0.0
2.69848,0.12,2.675,2.67615,0.04539729,0.4215066,0.0,0.0,0.04539729,0.4215066,0.0,0.0,0.0,0.0
2.69947,0.12,2.676,2.67715,0.04540835,0.422011,0.0,0.0,0.04540835,0.422011,0.0,0.0,0.0,0.0
2.70046,0.12,2.677,2.67815,0.04541942,0.4225158,0.0,0.0,0.04541942,0.4225158,0.0,0.0,0.0,0.0
2.70145,0.12,2.678,2.67915,0.04543048,0.423021,0.0,0.0,0.04543048,0.423021,0.0,0.0,0.0,0.0
2.70244,0.12,2.679,2.68015,0.04544155,0.4235267,0.0,0.0,0.04544155,0.4235267,0.0,0.0,0.0,0.0
2.70344,0.12,2.68,2.68115,0.04545261,0.4240328,0.0,0.0,0.04545261,0.4240328,0.0,0.0,0.0,0.0
2.70443,0.12,2.681,2.68215,0.04546368,0.4245394,0.0,0.0,0.04546368,0.4245394,0.0,0.0,0.0,0.0
2.70542,0.12,2.682,2.68315,0.04547475,0.4250464,0.0,0.0,0.04547475,0.4250464,0.0,0.0,0.0,0.0
2.70641,0.12,2.683,2.68415,0.04548582,0.4255538,0.0,0.0,0.04548582,0.4255538,0.0,0.0,0.0,0.0
2.7074,0.12,2.684,2.68515,0.04549689,0.4260616,0.0,0.0,0.04549689,0.4260616,0.0,0.0,0.0,0.0
2.7084,0.12,2.685,2.68615,0.04550796,0.4265699,0.0,0.0,0.04550796,0.4265699,0.0,0.0,0.0,0.0
2.70939,0.12,2.686,2.68715,0.04551904,0.4270787,0.0,0.0,0.04551904,0.4270787,0.0,0.0,0.0,0.0
2.71038,0.12,2.687,2.68815,0.04553011,0.4275878,0.0,0.0,0.04553011,0.4275878,0.0,0.0,0.0,0.0
2.71137,0.12,2.688,2.68915,0.04554119,0.4280974,0.0,0.0,0.04554119,0.4280974,0.0,0.0,0.0,0.0
2.71236,0.12,2.689,2.69015,0.04555226,0.4286074,0.0,0.0,0.04555226,0.4286074,0.0,0.0,0.0,0.0
2.71335,0.12,2.69,2.69115,0.04556334,0.4291179,0.0,0.0,0.04556334,0.4291179,0.0,0.0,0.0,0.0
2.71435,0.12,2.691,2.69215,0.04557442,0.4296288,0.0,0.0,0.04557442,0.4296288,0.0,0.0,0.0,0.0
2.71534,0.12,2.692,2.69315,0.0455855,0.4301401,0.0,0.0,0.0455855,0.4301401,0.0,0.0,0.0,0.0
2.71633,0.12,2.693,2.69415,0.04559658,0.4306519,0.0,0.0,0.04559658,0.4306519,0.0,0.0,0.0,0.0
2.71732,0.12,2.694,2.69515,0.04560766,0.4311641,0.0,0.0,0.04560766,0.4311641,0.0,0.0,0.0,0.0
2.71831,0.12,2.695,2.69615,0.04561874,0.4316768,0.0,0.0,0.04561874,0.4316768,0.0,0.0,0.0,0.0
2.71931,0.12,2.696,2.69715,0.04562982,0.4321898,0.0,0.0,0.04562982,0.4321898,0.0,0.0,0.0,0.0
2.7203,0.12,2.697,2.69815,0.04564091,0.4327034,0.0,0.0,0.04564091,0.4327034,0.0,0.0,0.0,0.0
2.72129,0.12,2.698,2.69915,0.04565199,0.4332173,0.0,0.0,0.04565199,0.4332173,0.0,0.0,0.0,0.0
2.72228,0.12,2.699,2.70015,0.04566308,0.4337317,0.0,0.0,0.04566308,0.4337317,0.0,0.0,0.0,0.0
2.72327,0.12,2.7,2.70115,0.04567416,0.4342466,0.0,0.0,0.04567416,0.4342466,0.0,0.0,0.0,0.0
2.72426,0.12,2.701,2.70215,0.04568525,0.4347618,0.0,0.0,0.04568525,0.4347618,0.0,0.0,0.0,0.0
2.72526,0.12,2.702,2.70315,0.04569634,0.4352775,0.0,0.0,0.04569634,0.4352775,0.0,0.0,0.0,0.0
2.72625,0.12,2.703,2.70415,0.04570743,0.4357937,0.0,0.0,0.04570743,0.4357937,0.0,0.0,0.0,0.0
2.72724,0.12,2.704,2.70515,0.04571852,0.4363103,0.0,0.0,0.04571852,0.4363103,0.0,0.0,0.0,0.0
2.72823,0.12,2.705,2.70615,0.04572961,0.4368273,0.0,0.0,0.04572961,0.4368273,0.0,0.0,0.0,0.0
2.72922,0.12,2.706,2.70715,0.04574071,0.4373447,0.0,0.0,0.04574071,0.4373447,0.0,0.0,0.0,0.0
2.73022,0.12,2.707,2.70815,0.0457518,0.4378626,0.0,0.0,0.0457518,0.4378626,0.0,0.0,0.0,0.0
2.73121,0.12,2.708,2.70915,0.0457629,0.438381,0.0,0.0,0.0457629,0.438381,0.0,0.0,0.0,0.0
2.7322,0.12,2.709,2.71015,0.04577399,0.4388998,0.0,0.0,0.04577399,0.4388998,0.0,0.0,0.0,0.0
2.73319,0.12,2.71,2.71115,0.04578509,0.439419,0.0,0.0,0.04578509,0.439419,0.0,0.0,0.0,0.0
2.73418,0.12,2.711,2.71215,0.04579619,0.4399386,0.0,0.0,0.04579619,0.4399386,0.0,0.0,0.0,0.0
2.73518,0.12,2.712,2.71315,0.04580729,0.4404587,0.0,0.0,0.04580729,0.4404587,0.0,0.0,0.0,0.0
2.73617,0.12,2.713,2.71415,0.04581839,0.4409793,0.0,0.0,0.04581839,0.4409793,0.0,0.0,0.0,0.0
2.73716,0.12,2.714,2.71515,0.04582949,0.4415003,0.0,0.0,0.04582949,0.4415003,0.0,0.0,0.0,0.0
2.73815,0.12,2.715,2.71615,0.04584059,0.4420217,0.0,0.0,0.04584059,0.4420217,0.0,0.0,0.0,0.0
2.73914,0.12,2.716,2.71715,0.04585169,0.4425435,0.0,0.0,0.04585169,0.4425435,0.0,0.0,0.0,0.0
2.74014,0.12,2.717,2.71815,0.0458628,0.4430658,0.0,0.0,0.0458628,0.4430658,0.0,0.0,0.0,0.0
2.74113,0.12,2.718,2.71915,0.0458739,0.4435886,0.0,0.0,0.0458739,0.4435886,0.0,0.0,0.0,0.0
2.74212,0.12,2.719,2.72015,0.04588501,0.4441118,0.0,0.0,0.04588501,0.4441118,0.0,0.0,0.0,0.0
2.74311,0.12,2.72,2.72115,0.04589611,0.4446354,0.0,0.0,0.04589611,0.4446354,0.0,0.0,0.0,0.0
2.7441,0.12,2.721,2.72215,0.04590722,0.4451595,0.0,0.0,0.04590722,0.4451595,0.0,0.0,0.0,0.0
2.7451,0.12,2.722,2.72315,0.04591833,0.445684,0.0,0.0,0.04591833,0.445684,0.0,0.0,0.0,0.0
2.74609,0.12,2.723,2.72415,0.04592944,0.4462089,0.0,0.0,0.04592944,0.4462089,0.0,0.0,0.0,0.0
2.74708,0.12,2.724,2.72515,0.04594055,0.4467343,0.0,0.0,0.04594055,0.4467343,0.0,0.0,0.0,0.0
2.74807,0.12,2.725,2.72615,0.04595166,0.4472601,0.0,0.0,0.04595166,0.4472601,0.0,0.0,0.0,0.0
2.74906,0.12,2.726,2.72715,0.04596277,0.4477864,0.0,0.0,0.04596277,0.4477864,0.0,0.0,0.0,0.0
2.75006,0.12,2.727,2.72815,0.04597389,0.4483131,0.0,0.0,0.04597389,0.4483131,0.0,0.0,0.0,0.0
2.75105,0.12,2.728,2.72915,0.045985,0.4488403,0.0,0.0,0.045985,0.4488403,0.0,0.0,0.0,0.0
2.75204,0.12,2.729,2.73015,0.04599612,0.4493679,0.0,0.0,0.04599612,0.4493679,0.0,0.0,0.0,0.0
2.75303,0.12,2.73,2.73115,0.04600723,0.449896,0.0,0.0,0.04600723,0.449896,0.0,0.0,0.0,0.0
2.75402,0.12,2.731,2.73215,0.04601835,0.4504245,0.0,0.0,0.04601835,0.4504245,0.0,0.0,0.0,0.0
2.75502,0.12,2.732,2.73315,0.04602947,0.4509534,0.0,0.0,0.04602947,0.4509534,0.0,0.0,0.0,0.0
2.75601,0.12,2.733,2.73415,0.04604059,0.4514828,0.0,0.0,0.04604059,0.4514828,0.0,0.0,0.0,0.0
2.757,0.12,2.734,2.73515,0.04605171,0.4520126,0.0,0.0,0.04605171,0.4520126,0.0,0.0,0.0,0.0
2.75799,0.12,2.735,2.73615,0.04606283,0.4525429,0.0,0.0,0.04606283,0.4525429,0.0,0.0,0.0,0.0
2.75898,0.12,2.736,2.73715,0.04607395,0.4530736,0.0,0.0,0.04607395,0.4530736,0.0,0.0,0.0,0.0
2.75998,0.12,2.737,2.73815,0.04608507,0.4536047,0.0,0.0,0.04608507,0.4536047,0.0,0.0,0.0,0.0
2.76097,0.12,2.738,2.73915,0.0460962,0.4541363,0.0,0.0,0.0460962,0.4541363,0.0,0.0,0.0,0.0
2.76196,0.12,2.739,2.74015,0.04610732,0.4546684,0.0,0.0,0.04610732,0.4546684,0.0,0.0,0.0,0.0
2.76295,0.12,2.74,2.74115,0.04611845,0.4552009,0.0,0.0,0.04611845,0.4552009,0.0,0.0,0.0,0.0
2.76394,0.12,2.741,2.74215,0.04612957,0.4557338,0.0,0.0,0.04612957,0.4557338,0.0,0.0,0.0,0.0
2.76494,0.12,2.742,2.74315,0.0461407,0.4562672,0.0,0.0,0.0461407,0.4562672,0.0,0.0,0.0,0.0
2.76593,0.12,2.743,2.74415,0.04615183,0.456801,0.0,0.0,0.04615183,0.456801,0.0,0.0,0.0,0.0
2.76692,0.12,2.744,2.74515,0.04616296,0.4573353,0.0,0.0,0.04616296,0.4573353,0.0,0.0,0.0,0.0
2.76791,0.12,2.745,2.74615,0.04617409,0.45787,0.0,0.0,0.04617409,0.45787,0.0,0.0,0.0,0.0
2.76891,0.12,2.746,2.74715,0.04618522,0.4584052,0.0,0.0,0.04618522,0.4584052,0.0,0.0,0.0,0.0
2.7699,0.12,2.747,2.74815,0.04619635,0.4589408,0.0,0.0,0.04619635,0.4589408,0.0,0.0,0.0,0.0
2.77089,0.12,2.748,2.74915,0.04620748,0.4594769,0.0,0.0,0.04620748,0.4594769,0.0,0.0,0.0,0.0
2.77188,0.12,2.749,2.75015,0.04621862,0.4600134,0.0,0.0,0.04621862,0.4600134,0.0,0.0,0.0,0.0
2.77287,0.12,2.75,2.75115,0.04622975,0.4605504,0.0,0.0,0.04622975,0.4605504,0.0,0.0,0.0,0.0
2.77387,0.12,2.751,2.75215,0.04624089,0.4610878,0.0,0.0,0.04624089,0.4610878,0.0,0.0,0.0,0.0
2.77486,0.12,2.752,2.75315,0.04625202,0.4616256,0.0,0.0,0.04625202,0.4616256,0.0,0.0,0.0,0.0
2.77585,0.12,2.753,2.75415,0.04626316,0.4621639,0.0,0.0,0.04626316,0.4621639,0.0,0.0,0.0,0.0
2.77684,0.12,2.754,2.75515,0.0462743,0.4627027,0.0,0.0,0.0462743,0.4627027,0.0,0.0,0.0,0.0
2.77783,0.12,2.755,2.75615,0.04628544,0.4632419,0.0,0.0,0.04628544,0.4632419,0.0,0.0,0.0,0.0
2.77883,0.12,2.756,2.75715,0.04629658,0.4637815,0.0,0.0,0.04629658,0.4637815,0.0,0.0,0.0,0.0
2.77982,0.12,2.757,2.75815,0.04630772,0.4643216,0.0,0.0,0.04630772,0.4643216,0.0,0.0,0.0,0.0
2.78081,0.12,2.758,2.75915,0.04631886,0.4648621,0.0,0.0,0.04631886,0.4648621,0.0,0.0,0.0,0.0
2.7818,0.12,2.759,2.76015,0.04633,0.4654031,0.0,0.0,0.04633,0.4654031,0.0,0.0,0.0,0.0
2.7828,0.12,2.76,2.76115,0.04634115,0.4659446,0.0,0.0,0.04634115,0.4659446,0.0,0.0,0.0,0.0
2.78379,0.12,2.761,2.76215,0.04635229,0.4664865,0.0,0.0,0.04635229,0.4664865,0.0,0.0,0.0,0.0
2.78478,0.12,2.762,2.76315,0.04636344,0.4670288,0.0,0.0,0.04636344,0.4670288,0.0,0.0,0.0,0.0
2.78577,0.12,2.763,2.76415,0.04637458,0.4675716,0.0,0.0,0.04637458,0.4675716,0.0,0.0,0.0,0.0
2.78676,0.12,2.764,2.76515,0.04638573,0.4681148,0.0,0.0,0.04638573,0.4681148,0.0,0.0,0.0,0.0
2.78776,0.12,2.765,2.76615,0.04639688,0.4686585,0.0,0.0,0.04639688,0.4686585,0.0,0.0,0.0,0.0
2.78875,0.12,2.766,2.76715,0.04640803,0.4692027,0.0,0.0,0.04640803,0.4692027,0.0,0.0,0.0,0.0
2.78974,0.12,2.767,2.76815,0.04641918,0.4697472,0.0,0.0,0.04641918,0.4697472,0.0,0.0,0.0,0.0
2.79073,0.12,2.768,2.76915,0.04643033,0.4702923,0.0,0.0,0.04643033,0.4702923,0.0,0.0,0.0,0.0
2.79173,0.12,2.769,2.77015,0.04644148,0.4708378,0.0,0.0,0.04644148,0.4708378,0.0,0.0,0.0,0.0
2.79272,0.12,2.77,2.77115,0.04645263,0.4713837,0.0,0.0,0.04645263,0.4713837,0.0,0.0,0.0,0.0
2.79371,0.12,2.771,2.77215,0.04646378,0.4719301,0.0,0.0,0.04646378,0.4719301,0.0,0.0,0.0,0.0
2.7947,0.12,2.772,2.77315,0.04647494,0.4724769,0.0,0.0,0.04647494,0.4724769,0.0,0.0,0.0,0.0
2.79569,0.12,2.773,2.77415,0.04648609,0.4730242,0.0,0.0,0.04648609,0.4730242,0.0,0.0,0.0,0.0
2.79669,0.12,2.774,2.77515,0.04649725,0.473572,0.0,0.0,0.04649725,0.473572,0.0,0.0,0.0,0.0
2.79768,0.12,2.775,2.77615,0.04650841,0.4741202,0.0,0.0,0.04650841,0.4741202,0.0,0.0,0.0,0.0
2.79867,0.12,2.776,2.77715,0.04651956,0.4746688,0.0,0.0,0.04651956,0.4746688,0.0,0.0,0.0,0.0
2.79966,0.12,2.777,2.77815,0.04653072,0.4752179,0.0,0.0,0.04653072,0.4752179,0.0,0.0,0.0,0.0
2.80066,0.12,2.778,2.77915,0.04654188,0.4757675,0.0,0.0,0.04654188,0.4757675,0.0,0.0,0.0,0.0
2.80165,0.12,2.779,2.78015,0.04655304,0.4763175,0.0,0.0,0.04655304,0.4763175,0.0,0.0,0.0,0.0
2.80264,0.12,2.78,2.78115,0.0465642,0.476868,0.0,0.0,0.0465642,0.476868,0.0,0.0,0.0,0.0
2.80363,0.12,2.781,2.78215,0.04657537,0.4774189,0.0,0.0,0.04657537,0.4774189,0.0,0.0,0.0,0.0
2.80463,0.12,2.782,2.78315,0.04658653,0.4779702,0.0,0.0,0.04658653,0.4779702,0.0,0.0,0.0,0.0
2.80562,0.12,2.783,2.78415,0.04659769,0.4785221,0.0,0.0,0.04659769,0.4785221,0.0,0.0,0.0,0.0
2.80661,0.12,2.784,2.78515,0.04660886,0.4790743,0.0,0.0,0.04660886,0.4790743,0.0,0.0,0.0,0.0
2.8076,0.12,2.785,2.78615,0.04662002,0.4796271,0.0,0.0,0.04662002,0.4796271,0.0,0.0,0.0,0.0
2.8086,0.12,2.786,2.78715,0.04663119,0.4801802,0.0,0.0,0.04663119,0.4801802,0.0,0.0,0.0,0.0
2.80959,0.12,2.787,2.78815,0.04664235,0.4807339,0.0,0.0,0.04664235,0.4807339,0.0,0.0,0.0,0.0
2.81058,0.12,2.788,2.78915,0.04665352,0.481288,0.0,0.0,0.04665352,0.481288,0.0,0.0,0.0,0.0
2.81157,0.12,2.789,2.79015,0.04666469,0.4818425,0.0,0.0,0.04666469,0.4818425,0.0,0.0,0.0,0.0
2.81256,0.12,2.79,2.79115,0.04667586,0.4823975,0.0,0.0,0.04667586,0.4823975,0.0,0.0,0.0,0.0
2.81356,0.12,2.791,2.79215,0.04668703,0.482953,0.0,0.0,0.04668703,0.482953,0.0,0.0,0.0,0.0
2.81455,0.12,2.792,2.79315,0.0466982,0.4835089,0.0,0.0,0.0466982,0.4835089,0.0,0.0,0.0,0.0
2.81554,0.12,2.793,2.79415,0.04670937,0.4840652,0.0,0.0,0.04670937,0.4840652,0.0,0.0,0.0,0.0
2.81653,0.12,2.794,2.79515,0.04672055,0.4846221,0.0,0.0,0.04672055,0.4846221,0.0,0.0,0.0,0.0
2.81753,0.12,2.795,2.79615,0.04673172,0.4851793,0.0,0.0,0.04673172,0.4851793,0.0,0.0,0.0,0.0
2.81852,0.12,2.796,2.79715,0.04674289,0.4857371,0.0,0.0,0.04674289,0.4857371,0.0,0.0,0.0,0.0
2.81951,0.12,2.797,2.79815,0.04675407,0.4862953,0.0,0.0,0.04675407,0.4862953,0.0,0.0,0.0,0.0
2.8205,0.12,2.798,2.79915,0.04676525,0.4868539,0.0,0.0,0.04676525,0.4868539,0.0,0.0,0.0,0.0
2.8215,0.12,2.799,2.80015,0.04677642,0.487413,0.0,0.0,0.04677642,0.487413,0.0,0.0,0.0,0.0
2.82249,0.12,2.8,2.80115,0.0467876,0.4879726,0.0,0.0,0.0467876,0.4879726,0.0,0.0,0.0,0.0
2.82348,0.12,2.801,2.80215,0.04679878,0.4885326,0.0,0.0,0.04679878,0.4885326,0.0,0.0,0.0,0.0
2.82447,0.12,2.802,2.80315,0.04680996,0.4890931,0.0,0.0,0.04680996,0.4890931,0.0,0.0,0.0,0.0
2.82547,0.12,2.803,2.80415,0.04682114,0.489654,0.0,0.0,0.04682114,0.489654,0.0,0.0,0.0,0.0
2.82646,0.12,2.804,2.80515,0.04683232,0.4902154,0.0,0.0,0.04683232,0.4902154,0.0,0.0,0.0,0.0
2.82745,0.12,2.805,2.80615,0.0468435,0.4907772,0.0,0.0,0.0468435,0.4907772,0.0,0.0,0.0,0.0
2.82844,0.12,2.806,2.80715,0.04685468,0.4913395,0.0,0.0,0.04685468,0.4913395,0.0,0.0,0.0,0.0
2.82944,0.12,2.807,2.80815,0.04686587,0.4919023,0.0,0.0,0.04686587,0.4919023,0.0,0.0,0.0,0.0
2.83043,0.12,2.808,2.80915,0.04687705,0.4924655,0.0,0.0,0.04687705,0.4924655,0.0,0.0,0.0,0.0
2.83142,0.12,2.809,2.81015,0.04688824,0.4930292,0.0,0.0,0.04688824,0.4930292,0.0,0.0,0.0,0.0
2.83241,0.12,2.81,2.81115,0.04689942,0.4935933,0.0,0.0,0.04689942,0.4935933,0.0,0.0,0.0,0.0
2.83341,0.12,2.811,2.81215,0.04691061,0.4941579,0.0,0.0,0.04691061,0.4941579,0.0,0.0,0.0,0.0
2.8344,0.12,2.812,2.81315,0.0469218,0.4947229,0.0,0.0,0.0469218,0.4947229,0.0,0.0,0.0,0.0
2.83539,0.12,2.813,2.81415,0.04693299,0.4952885,0.0,0.0,0.04693299,0.4952885,0.0,0.0,0.0,0.0
2.83638,0.12,2.814,2.81515,0.04694418,0.4958544,0.0,0.0,0.04694418,0.4958544,0.0,0.0,0.0,0.0
2.83738,0.12,2.815,2.81615,0.04695536,0.4964209,0.0,0.0,0.04695536,0.4964209,0.0,0.0,0.0,0.0
2.83837,0.12,2.816,2.81715,0.04696656,0.4969877,0.0,0.0,0.04696656,0.4969877,0.0,0.0,0.0,0.0
2.83936,0.12,2.817,2.81815,0.04697775,0.4975551,0.0,0.0,0.04697775,0.4975551,0.0,0.0,0.0,0.0
2.84035,0.12,2.818,2.81915,0.04698894,0.4981229,0.0,0.0,0.04698894,0.4981229,0.0,0.0,0.0,0.0
2.84135,0.12,2.819,2.82015,0.04700013,0.4986912,0.0,0.0,0.04700013,0.4986912,0.0,0.0,0.0,0.0
2.84234,0.12,2.82,2.82115,0.04701133,0.4992599,0.0,0.0,0.04701133,0.4992599,0.0,0.0,0.0,0.0
2.84333,0.12,2.821,2.82215,0.04702252,0.4998291,0.0,0.0,0.04702252,0.4998291,0.0,0.0,0.0,0.0
2.84432,0.12,2.822,2.82315,0.04703372,0.5003987,0.0,0.0,0.04703372,0.5003987,0.0,0.0,0.0,0.0
2.84532,0.12,2.823,2.82415,0.04704491,0.5009688,0.0,0.0,0.04704491,0.5009688,0.0,0.0,0.0,0.0
2.84631,0.12,2.824,2.82515,0.04705611,0.5015394,0.0,0.0,0.04705611,0.5015394,0.0,0.0,0.0,0.0
2.8473,0.12,2.825,2.82615,0.04706731,0.5021105,0.0,0.0,0.04706731,0.5021105,0.0,0.0,0.0,0.0
2.84829,0.12,2.826,2.82715,0.04707851,0.502682,0.0,0.0,0.04707851,0.502682,0.0,0.0,0.0,0.0
2.84929,0.12,2.827,2.82815,0.04708971,0.5032539,0.0,0.0,0.04708971,0.5032539,0.0,0.0,0.0,0.0
2.85028,0.12,2.828,2.82915,0.04710091,0.5038263,0.0,0.0,0.04710091,0.5038263,0.0,0.0,0.0,0.0
2.85127,0.12,2.829,2.83015,0.04711211,0.5043992,0.0,0.0,0.04711211,0.5043992,0.0,0.0,0.0,0.0
2.85226,0.12,2.83,2.83115,0.04712331,0.5049726,0.0,0.0,0.04712331,0.5049726,0.0,0.0,0.0,0.0
2.85326,0.12,2.831,2.83215,0.04713451,0.5055464,0.0,0.0,0.04713451,0.5055464,0.0,0.0,0.0,0.0
2.85425,0.12,2.832,2.83315,0.04714571,0.5061206,0.0,0.0,0.04714571,0.5061206,0.0,0.0,0.0,0.0
2.85524,0.12,2.833,2.83415,0.04715692,0.5066954,0.0,0.0,0.04715692,0.5066954,0.0,0.0,0.0,0.0
2.85623,0.12,2.834,2.83515,0.04716812,0.5072706,0.0,0.0,0.04716812,0.5072706,0.0,0.0,0.0,0.0
2.85723,0.12,2.835,2.83615,0.04717933,0.5078462,0.0,0.0,0.04717933,0.5078462,0.0,0.0,0.0,0.0
2.85822,0.12,2.836,2.83715,0.04719053,0.5084223,0.0,0.0,0.04719053,0.5084223,0.0,0.0,0.0,0.0
2.85921,0.12,2.837,2.83815,0.04720174,0.5089989,0.0,0.0,0.04720174,0.5089989,0.0,0.0,0.0,0.0
2.86021,0.12,2.838,2.83915,0.04721295,0.509576,0.0,0.0,0.04721295,0.509576,0.0,0.0,0.0,0.0
2.8612,0.12,2.839,2.84015,0.04722416,0.5101535,0.0,0.0,0.04722416,0.5101535,0.0,0.0,0.0,0.0
2.86219,0.12,2.84,2.84115,0.04723537,0.5107315,0.0,0.0,0.04723537,0.5107315,0.0,0.0,0.0,0.0
2.86318,0.12,2.841,2.84215,0.04724658,0.5113099,0.0,0.0,0.04724658,0.5113099,0.0,0.0,0.0,0.0
2.86418,0.12,2.842,2.84315,0.04725779,0.5118888,0.0,0.0,0.04725779,0.5118888,0.0,0.0,0.0,0.0
2.86517,0.12,2.843,2.84415,0.047269,0.5124682,0.0,0.0,0.047269,0.5124682,0.0,0.0,0.0,0.0
2.86616,0.12,2.844,2.84515,0.04728021,0.513048,0.0,0.0,0.04728021,0.513048,0.0,0.0,0.0,0.0
2.86715,0.12,2.845,2.84615,0.04729143,0.5136283,0.0,0.0,0.04729143,0.5136283,0.0,0.0,0.0,0.0
2.86815,0.12,2.846,2.84715,0.04730264,0.5142091,0.0,0.0,0.04730264,0.5142091,0.0,0.0,0.0,0.0
2.86914,0.12,2.847,2.84815,0.04731385,0.5147903,0.0,0.0,0.04731385,0.5147903,0.0,0.0,0.0,0.0
2.87013,0.12,2.848,2.84915,0.04732507,0.515372,0.0,0.0,0.04732507,0.515372,0.0,0.0,0.0,0.0
2.87112,0.12,2.849,2.85015,0.04733629,0.5159542,0.0,0.0,0.04733629,0.5159542,0.0,0.0,0.0,0.0
2.87212,0.12,2.85,2.85115,0.0473475,0.5165368,0.0,0.0,0.0473475,0.5165368,0.0,0.0,0.0,0.0
2.87311,0.12,2.851,2.85215,0.04735872,0.5171199,0.0,0.0,0.04735872,0.5171199,0.0,0.0,0.0,0.0
2.8741,0.12,2.852,2.85315,0.04736994,0.5177034,0.0,0.0,0.04736994,0.5177034,0.0,0.0,0.0,0.0
2.8751,0.12,2.853,2.85415,0.04738116,0.5182875,0.0,0.0,0.04738116,0.5182875,0.0,0.0,0.0,0.0
2.87609,0.12,2.854,2.85515,0.04739238,0.518872,0.0,0.0,0.04739238,0.518872,0.0,0.0,0.0,0.0
2.87708,0.12,2.855,2.85615,0.0474036,0.5194569,0.0,0.0,0.0474036,0.5194569,0.0,0.0,0.0,0.0
2.87807,0.12,2.856,2.85715,0.04741482,0.5200424,0.0,0.0,0.04741482,0.5200424,0.0,0.0,0.0,0.0
2.87907,0.12,2.857,2.85815,0.04742604,0.5206283,0.0,0.0,0.04742604,0.5206283,0.0,0.0,0.0,0.0
2.88006,0.12,2.858,2.85915,0.04743726,0.5212146,0.0,0.0,0.04743726,0.5212146,0.0,0.0,0.0,0.0
2.88105,0.12,2.859,2.86015,0.04744849,0.5218014,0.0,0.0,0.04744849,0.5218014,0.0,0.0,0.0,0.0
2.88204,0.12,2.86,2.86115,0.04745971,0.5223887,0.0,0.0,0.04745971,0.5223887,0.0,0.0,0.0,0.0
2.88304,0.12,2.861,2.86215,0.04747094,0.5229765,0.0,0.0,0.04747094,0.5229765,0.0,0.0,0.0,0.0
2.88403,0.12,2.862,2.86315,0.04748216,0.5235647,0.0,0.0,0.04748216,0.5235647,0.0,0.0,0.0,0.0
2.88502,0.12,2.863,2.86415,0.04749339,0.5241534,0.0,0.0,0.04749339,0.5241534,0.0,0.0,0.0,0.0
2.88602,0.12,2.864,2.86515,0.04750462,0.5247426,0.0,0.0,0.04750462,0.5247426,0.0,0.0,0.0,0.0
2.88701,0.12,2.865,2.86615,0.04751584,0.5253323,0.0,0.0,0.04751584,0.5253323,0.0,0.0,0.0,0.0
2.888,0.12,2.866,2.86715,0.04752707,0.5259224,0.0,0.0,0.04752707,0.5259224,0.0,0.0,0.0,0.0
2.88899,0.12,2.867,2.86815,0.0475383,0.526513,0.0,0.0,0.0475383,0.526513,0.0,0.0,0.0,0.0
2.88999,0.12,2.868,2.86915,0.04754953,0.527104,0.0,0.0,0.04754953,0.527104,0.0,0.0,0.0,0.0
2.89098,0.12,2.869,2.87015,0.04756076,0.5276955,0.0,0.0,0.04756076,0.5276955,0.0,0.0,0.0,0.0
2.89197,0.12,2.87,2.87115,0.04757199,0.5282875,0.0,0.0,0.04757199,0.5282875,0.0,0.0,0.0,0.0
2.89297,0.12,2.871,2.87215,0.04758323,0.52888,0.0,0.0,0.04758323,0.52888,0.0,0.0,0.0,0.0
2.89396,0.12,2.872,2.87315,0.04759446,0.5294729,0.0,0.0,0.04759446,0.5294729,0.0,0.0,0.0,0.0
2.89495,0.12,2.873,2.87415,0.04760569,0.5300663,0.0,0.0,0.04760569,0.5300663,0.0,0.0,0.0,0.0
2.89594,0.12,2.874,2.87515,0.04761693,0.5306602,0.0,0.0,0.04761693,0.5306602,0.0,0.0,0.0,0.0
2.89694,0.12,2.875,2.87615,0.04762816,0.5312545,0.0,0.0,0.04762816,0.5312545,0.0,0.0,0.0,0.0
2.89793,0.12,2.876,2.87715,0.0476394,0.5318493,0.0,0.0,0.0476394,0.5318493,0.0,0.0,0.0,0.0
2.89892,0.12,2.877,2.87815,0.04765063,0.5324446,0.0,0.0,0.04765063,0.5324446,0.0,0.0,0.0,0.0
2.89991,0.12,2.878,2.87915,0.04766187,0.5330404,0.0,0.0,0.04766187,0.5330404,0.0,0.0,0.0,0.0
2.90091,0.12,2.879,2.88015,0.04767311,0.5336366,0.0,0.0,0.04767311,0.5336366,0.0,0.0,0.0,0.0
2.9019,0.12,2.88,2.88115,0.04768435,0.5342333,0.0,0.0,0.04768435,0.5342333,0.0,0.0,0.0,0.0
2.90289,0.12,2.881,2.88215,0.04769559,0.5348304,0.0,0.0,0.04769559,0.5348304,0.0,0.0,0.0,0.0
2.90389,0.12,2.882,2.88315,0.04770683,0.5354281,0.0,0.0,0.04770683,0.5354281,0.0,0.0,0.0,0.0
2.90488,0.12,2.883,2.88415,0.04771807,0.5360262,0.0,0.0,0.04771807,0.5360262,0.0,0.0,0.0,0.0
2.90587,0.12,2.884,2.88515,0.04772931,0.5366248,0.0,0.0,0.04772931,0.5366248,0.0,0.0,0.0,0.0
2.90686,0.12,2.885,2.88615,0.04774055,0.5372238,0.0,0.0,0.04774055,0.5372238,0.0,0.0,0.0,0.0
2.90786,0.12,2.886,2.88715,0.04775179,0.5378234,0.0,0.0,0.04775179,0.5378234,0.0,0.0,0.0,0.0
2.90885,0.12,2.887,2.88815,0.04776303,0.5384234,0.0,0.0,0.04776303,0.5384234,0.0,0.0,0.0,0.0
2.90984,0.12,2.888,2.88915,0.04777428,0.5390239,0.0,0.0,0.04777428,0.5390239,0.0,0.0,0.0,0.0
2.91084,0.12,2.889,2.89015,0.04778552,0.5396248,0.0,0.0,0.04778552,0.5396248,0.0,0.0,0.0,0.0
2.91183,0.12,2.89,2.89115,0.04779677,0.5402262,0.0,0.0,0.04779677,0.5402262,0.0,0.0,0.0,0.0
2.91282,0.12,2.891,2.89215,0.04780802,0.5408281,0.0,0.0,0.04780802,0.5408281,0.0,0.0,0.0,0.0
2.91382,0.12,2.892,2.89315,0.04781926,0.5414305,0.0,0.0,0.04781926,0.5414305,0.0,0.0,0.0,0.0
2.91481,0.12,2.893,2.89415,0.04783051,0.5420333,0.0,0.0,0.04783051,0.5420333,0.0,0.0,0.0,0.0
2.9158,0.12,2.894,2.89515,0.04784176,0.5426367,0.0,0.0,0.04784176,0.5426367,0.0,0.0,0.0,0.0
2.91679,0.12,2.895,2.89615,0.04785301,0.5432405,0.0,0.0,0.04785301,0.5432405,0.0,0.0,0.0,0.0
2.91779,0.12,2.896,2.89715,0.04786426,0.5438447,0.0,0.0,0.04786426,0.5438447,0.0,0.0,0.0,0.0
2.91878,0.12,2.897,2.89815,0.04787551,0.5444495,0.0,0.0,0.04787551,0.5444495,0.0,0.0,0.0,0.0
2.91977,0.12,2.898,2.89915,0.04788676,0.5450547,0.0,0.0,0.04788676,0.5450547,0.0,0.0,0.0,0.0
2.92077,0.12,2.899,2.90015,0.04789801,0.5456604,0.0,0.0,0.04789801,0.5456604,0.0,0.0,0.0,0.0
2.92176,0.12,2.9,2.90115,0.04790926,0.5462666,0.0,0.0,0.04790926,0.5462666,0.0,0.0,0.0,0.0
2.92275,0.12,2.901,2.90215,0.04792051,0.5468732,0.0,0.0,0.04792051,0.5468732,0.0,0.0,0.0,0.0
2.92374,0.12,2.902,2.90315,0.04793177,0.5474803,0.0,0.0,0.04793177,0.5474803,0.0,0.0,0.0,0.0
2.92474,0.12,2.903,2.90415,0.04794302,0.5480879,0.0,0.0,0.04794302,0.5480879,0.0,0.0,0.0,0.0
2.92573,0.12,2.904,2.90515,0.04795428,0.548696,0.0,0.0,0.04795428,0.548696,0.0,0.0,0.0,0.0
2.92672,0.12,2.905,2.90615,0.04796553,0.5493045,0.0,0.0,0.04796553,0.5493045,0.0,0.0,0.0,0.0
2.92772,0.12,2.906,2.90715,0.04797679,0.5499136,0.0,0.0,0.04797679,0.5499136,0.0,0.0,0.0,0.0
2.92871,0.12,2.907,2.90815,0.04798804,0.5505231,0.0,0.0,0.04798804,0.5505231,0.0,0.0,0.0,0.0
2.9297,0.12,2.908,2.90915,0.0479993,0.5511331,0.0,0.0,0.0479993,0.5511331,0.0,0.0,0.0,0.0
2.9307,0.12,2.909,2.91015,0.04801056,0.5517435,0.0,0.0,0.04801056,0.5517435,0.0,0.0,0.0,0.0
2.93169,0.12,2.91,2.91115,0.04802182,0.5523544,0.0,0.0,0.04802182,0.5523544,0.0,0.0,0.0,0.0
2.93268,0.12,2.911,2.91215,0.04803308,0.5529659,0.0,0.0,0.04803308,0.5529659,0.0,0.0,0.0,0.0
2.93367,0.12,2.912,2.91315,0.04804434,0.5535778,0.0,0.0,0.04804434,0.5535778,0.0,0.0,0.0,0.0
2.93467,0.12,2.913,2.91415,0.0480556,0.5541901,0.0,0.0,0.0480556,0.5541901,0.0,0.0,0.0,0.0
2.93566,0.12,2.914,2.91515,0.04806686,0.554803,0.0,0.0,0.04806686,0.554803,0.0,0.0,0.0,0.0
2.93665,0.12,2.915,2.91615,0.04807812,0.5554163,0.0,0.0,0.04807812,0.5554163,0.0,0.0,0.0,0.0
2.93765,0.12,2.916,2.91715,0.04808938,0.5560301,0.0,0.0,0.04808938,0.5560301,0.0,0.0,0.0,0.0
2.93864,0.12,2.917,2.91815,0.04810065,0.5566444,0.0,0.0,0.04810065,0.5566444,0.0,0.0,0.0,0.0
2.93963,0.12,2.918,2.91915,0.04811191,0.5572591,0.0,0.0,0.04811191,0.5572591,0.0,0.0,0.0,0.0
2.94063,0.12,2.919,2.92015,0.04812318,0.5578744,0.0,0.0,0.04812318,0.5578744,0.0,0.0,0.0,0.0
2.94162,0.12,2.92,2.92115,0.04813444,0.5584901,0.0,0.0,0.04813444,0.5584901,0.0,0.0,0.0,0.0
2.94261,0.12,2.921,2.92215,0.04814571,0.5591063,0.0,0.0,0.04814571,0.5591063,0.0,0.0,0.0,0.0
2.9436,0.12,2.922,2.92315,0.04815697,0.559723,0.0,0.0,0.04815697,0.559723,0.0,0.0,0.0,0.0
2.9446,0.12,2.923,2.92415,0.04816824,0.5603401,0.0,0.0,0.04816824,0.5603401,0.0,0.0,0.0,0.0
2.94559,0.12,2.924,2.92515,0.04817951,0.5609578,0.0,0.0,0.04817951,0.5609578,0.0,0.0,0.0,0.0
2.94658,0.12,2.925,2.92615,0.04819078,0.5615759,0.0,0.0,0.04819078,0.5615759,0.0,0.0,0.0,0.0
2.94758,0.12,2.926,2.92715,0.04820205,0.5621945,0.0,0.0,0.04820205,0.5621945,0.0,0.0,0.0,0.0
2.94857,0.12,2.927,2.92815,0.04821332,0.5628136,0.0,0.0,0.04821332,0.5628136,0.0,0.0,0.0,0.0
2.94956,0.12,2.928,2.92915,0.04822459,0.5634331,0.0,0.0,0.04822459,0.5634331,0.0,0.0,0.0,0.0
2.95056,0.12,2.929,2.93015,0.04823586,0.5640532,0.0,0.0,0.04823586,0.5640532,0.0,0.0,0.0,0.0
2.95155,0.12,2.93,2.93115,0.04824713,0.5646737,0.0,0.0,0.04824713,0.5646737,0.0,0.0,0.0,0.0
2.95254,0.12,2.931,2.93215,0.0482584,0.5652947,0.0,0.0,0.0482584,0.5652947,0.0,0.0,0.0,0.0
2.95354,0.12,2.932,2.93315,0.04826967,0.5659162,0.0,0.0,0.04826967,0.5659162,0.0,0.0,0.0,0.0
2.95453,0.12,2.933,2.93415,0.04828095,0.5665381,0.0,0.0,0.04828095,0.5665381,0.0,0.0,0.0,0.0
2.95552,0.12,2.934,2.93515,0.04829222,0.5671606,0.0,0.0,0.04829222,0.5671606,0.0,0.0,0.0,0.0
2.95651,0.12,2.935,2.93615,0.0483035,0.5677835,0.0,0.0,0.0483035,0.5677835,0.0,0.0,0.0,0.0
2.95751,0.12,2.936,2.93715,0.04831477,0.5684069,0.0,0.0,0.04831477,0.5684069,0.0,0.0,0.0,0.0
2.9585,0.12,2.937,2.93815,0.04832605,0.5690308,0.0,0.0,0.04832605,0.5690308,0.0,0.0,0.0,0.0
2.95949,0.12,2.938,2.93915,0.04833732,0.5696552,0.0,0.0,0.04833732,0.5696552,0.0,0.0,0.0,0.0
2.96049,0.12,2.939,2.94015,0.0483486,0.5702801,0.0,0.0,0.0483486,0.5702801,0.0,0.0,0.0,0.0
2.96148,0.12,2.94,2.94115,0.04835988,0.5709054,0.0,0.0,0.04835988,0.5709054,0.0,0.0,0.0,0.0
2.96247,0.12,2.941,2.94215,0.04837116,0.5715312,0.0,0.0,0.04837116,0.5715312,0.0,0.0,0.0,0.0
2.96347,0.12,2.942,2.94315,0.04838244,0.5721576,0.0,0.0,0.04838244,0.5721576,0.0,0.0,0.0,0.0
2.96446,0.12,2.943,2.94415,0.04839372,0.5727843,0.0,0.0,0.04839372,0.5727843,0.0,0.0,0.0,0.0
2.96545,0.12,2.944,2.94515,0.048405,0.5734116,0.0,0.0,0.048405,0.5734116,0.0,0.0,0.0,0.0
2.96645,0.12,2.945,2.94615,0.04841628,0.5740394,0.0,0.0,0.04841628,0.5740394,0.0,0.0,0.0,0.0
2.96744,0.12,2.946,2.94715,0.04842756,0.5746676,0.0,0.0,0.04842756,0.5746676,0.0,0.0,0.0,0.0
2.96843,0.12,2.947,2.94815,0.04843884,0.5752964,0.0,0.0,0.04843884,0.5752964,0.0,0.0,0.0,0.0
2.96943,0.12,2.948,2.94915,0.04845012,0.5759256,0.0,0.0,0.04845012,0.5759256,0.0,0.0,0.0,0.0
2.97042,0.12,2.949,2.95015,0.04846141,0.5765553,0.0,0.0,0.04846141,0.5765553,0.0,0.0,0.0,0.0
2.97141,0.12,2.95,2.95115,0.04847269,0.5771855,0.0,0.0,0.04847269,0.5771855,0.0,0.0,0.0,0.0
2.97241,0.12,2.951,2.95215,0.04848398,0.5778161,0.0,0.0,0.04848398,0.5778161,0.0,0.0,0.0,0.0
2.9734,0.12,2.952,2.95315,0.04849526,0.5784473,0.0,0.0,0.04849526,0.5784473,0.0,0.0,0.0,0.0
2.97439,0.12,2.953,2.95415,0.04850655,0.5790789,0.0,0.0,0.04850655,0.5790789,0.0,0.0,0.0,0.0
2.97538,0.12,2.954,2.95515,0.04851783,0.5797111,0.0,0.0,0.04851783,0.5797111,0.0,0.0,0.0,0.0
2.97638,0.12,2.955,2.95615,0.04852912,0.5803437,0.0,0.0,0.04852912,0.5803437,0.0,0.0,0.0,0.0
2.97737,0.12,2.956,2.95715,0.04854041,0.5809768,0.0,0.0,0.04854041,0.5809768,0.0,0.0,0.0,0.0
2.97836,0.12,2.957,2.95815,0.04855169,0.5816104,0.0,0.0,0.04855169,0.5816104,0.0,0.0,0.0,0.0
2.97936,0.12,2.958,2.95915,0.04856298,0.5822444,0.0,0.0,0.04856298,0.5822444,0.0,0.0,0.0,0.0
2.98035,0.12,2.959,2.96015,0.04857427,0.582879,0.0,0.0,0.04857427,0.582879,0.0,0.0,0.0,0.0
2.98134,0.12,2.96,2.96115,0.04858556,0.583514,0.0,0.0,0.04858556,0.583514,0.0,0.0,0.0,0.0
2.98234,0.12,2.961,2.96215,0.04859685,0.5841496,0.0,0.0,0.04859685,0.5841496,0.0,0.0,0.0,0.0
2.98333,0.12,2.962,2.96315,0.04860814,0.5847856,0.0,0.0,0.04860814,0.5847856,0.0,0.0,0.0,0.0
2.98432,0.12,2.963,2.96415,0.04861944,0.5854221,0.0,0.0,0.04861944,0.5854221,0.0,0.0,0.0,0.0
2.98532,0.12,2.964,2.96515,0.04863073,0.5860591,0.0,0.0,0.04863073,0.5860591,0.0,0.0,0.0,0.0
2.98631,0.12,2.965,2.96615,0.04864202,0.5866966,0.0,0.0,0.04864202,0.5866966,0.0,0.0,0.0,0.0
2.9873,0.12,2.966,2.96715,0.04865331,0.5873345,0.0,0.0,0.04865331,0.5873345,0.0,0.0,0.0,0.0
2.9883,0.12,2.967,2.96815,0.04866461,0.587973,0.0,0.0,0.04866461,0.587973,0.0,0.0,0.0,0.0
2.98929,0.12,2.968,2.96915,0.0486759,0.5886119,0.0,0.0,0.0486759,0.5886119,0.0,0.0,0.0,0.0
2.99028,0.12,2.969,2.97015,0.0486872,0.5892514,0.0,0.0,0.0486872,0.5892514,0.0,0.0,0.0,0.0
2.99128,0.12,2.97,2.97115,0.04869849,0.5898913,0.0,0.0,0.04869849,0.5898913,0.0,0.0,0.0,0.0
2.99227,0.12,2.971,2.97215,0.04870979,0.5905317,0.0,0.0,0.04870979,0.5905317,0.0,0.0,0.0,0.0
2.99326,0.12,2.972,2.97315,0.04872109,0.5911726,0.0,0.0,0.04872109,0.5911726,0.0,0.0,0.0,0.0
2.99426,0.12,2.973,2.97415,0.04873238,0.591814,0.0,0.0,0.04873238,0.591814,0.0,0.0,0.0,0.0
2.99525,0.12,2.974,2.97515,0.04874368,0.5924559,0.0,0.0,0.04874368,0.5924559,0.0,0.0,0.0,0.0
2.99624,0.12,2.975,2.97615,0.04875498,0.5930982,0.0,0.0,0.04875498,0.5930982,0.0,0.0,0.0,0.0
2.99724,0.12,2.976,2.97715,0.04876628,0.5937411,0.0,0.0,0.04876628,0.5937411,0.0,0.0,0.0,0.0
2.99823,0.12,2.977,2.97815,0.04877758,0.5943845,0.0,0.0,0.04877758,0.5943845,0.0,0.0,0.0,0.0
2.99922,0.12,2.978,2.97915,0.04878888,0.5950283,0.0,0.0,0.04878888,0.5950283,0.0,0.0,0.0,0.0
3.00022,0.12,2.979,2.98015,0.04880018,0.5956726,0.0,0.0,0.04880018,0.5956726,0.0,0.0,0.0,0.0
3.00121,0.12,2.98,2.98115,0.04881148,0.5963174,0.0,0.0,0.04881148,0.5963174,0.0,0.0,0.0,0.0
3.0022,0.12,2.981,2.98215,0.04882278,0.5969628,0.0,0.0,0.04882278,0.5969628,0.0,0.0,0.0,0.0
3.0032,0.12,2.982,2.98315,0.04883408,0.5976086,0.0,0.0,0.04883408,0.5976086,0.0,0.0,0.0,0.0
3.00419,0.12,2.983,2.98415,0.04884539,0.5982549,0.0,0.0,0.04884539,0.5982549,0.0,0.0,0.0,0.0
3.00518,0.12,2.984,2.98515,0.04885669,0.5989016,0.0,0.0,0.04885669,0.5989016,0.0,0.0,0.0,0.0
3.00618,0.12,2.985,2.98615,0.04886799,0.5995489,0.0,0.0,0.04886799,0.5995489,0.0,0.0,0.0,0.0
3.00717,0.12,2.986,2.98715,0.0488793,0.6001967,0.0,0.0,0.0488793,0.6001967,0.0,0.0,0.0,0.0
3.00816,0.12,2.987,2.98815,0.0488906,0.6008449,0.0,0.0,0.0488906,0.6008449,0.0,0.0,0.0,0.0
3.00916,0.12,2.988,2.98915,0.04890191,0.6014937,0.0,0.0,0.04890191,0.6014937,0.0,0.0,0.0,0.0
3.01015,0.12,2.989,2.99015,0.04891322,0.6021429,0.0,0.0,0.04891322,0.6021429,0.0,0.0,0.0,0.0
3.01114,0.12,2.99,2.99115,0.04892452,0.6027927,0.0,0.0,0.04892452,0.6027927,0.0,0.0,0.0,0.0
3.01214,0.12,2.991,2.99215,0.04893583,0.6034429,0.0,0.0,0.04893583,0.6034429,0.0,0.0,0.0,0.0
3.01313,0.12,2.992,2.99315,0.04894714,0.6040936,0.0,0.0,0.04894714,0.6040936,0.0,0.0,0.0,0.0
3.01412,0.12,2.993,2.99415,0.04895845,0.6047449,0.0,0.0,0.04895845,0.6047449,0.0,0.0,0.0,0.0
3.01512,0.12,2.994,2.99515,0.04896976,0.6053966,0.0,0.0,0.04896976,0.6053966,0.0,0.0,0.0,0.0
3.01611,0.12,2.995,2.99615,0.04898107,0.6060488,0.0,0.0,0.04898107,0.6060488,0.0,0.0,0.0,0.0
3.0171,0.12,2.996,2.99715,0.04899238,0.6067015,0.0,0.0,0.04899238,0.6067015,0.0,0.0,0.0,0.0
3.0181,0.12,2.997,2.99815,0.04900369,0.6073547,0.0,0.0,0.04900369,0.6073547,0.0,0.0,0.0,0.0
3.01909,0.12,2.998,2.99915,0.049015,0.6080083,0.0,0.0,0.049015,0.6080083,0.0,0.0,0.0,0.0
3.02008,0.12,2.999,3.00015,0.04902631,0.6086625,0.0,0.0,0.04902631,0.6086625,0.0,0.0,0.0,0.0
3.02108,0.12,3.0,3.00115,0.04903762,0.6093172,0.0,0.0,0.04903762,0.6093172,0.0,0.0,0.0,0.0
3.02207,0.12,3.001,3.00215,0.04904893,0.6099724,0.0,0.0,0.04904893,0.6099724,0.0,0.0,0.0,0.0
3.02306,0.12,3.002,3.00315,0.04906025,0.610628,0.0,0.0,0.04906025,0.610628,0.0,0.0,0.0,0.0
3.02406,0.12,3.003,3.00415,0.04907156,0.6112842,0.0,0.0,0.04907156,0.6112842,0.0,0.0,0.0,0.0
3.02505,0.12,3.004,3.00515,0.04908288,0.6119408,0.0,0.0,0.04908288,0.6119408,0.0,0.0,0.0,0.0
3.02604,0.12,3.005,3.00615,0.04909419,0.612598,0.0,0.0,0.04909419,0.612598,0.0,0.0,0.0,0.0
3.02704,0.12,3.006,3.00715,0.04910551,0.6132556,0.0,0.0,0.04910551,0.6132556,0.0,0.0,0.0,0.0
3.02803,0.12,3.007,3.00815,0.04911682,0.6139138,0.0,0.0,0.04911682,0.6139138,0.0,0.0,0.0,0.0
3.02902,0.12,3.008,3.00915,0.04912814,0.6145724,0.0,0.0,0.04912814,0.6145724,0.0,0.0,0.0,0.0
3.03002,0.12,3.009,3.01015,0.04913946,0.6152316,0.0,0.0,0.04913946,0.6152316,0.0,0.0,0.0,0.0
3.03101,0.12,3.01,3.01115,0.04915077,0.6158912,0.0,0.0,0.04915077,0.6158912,0.0,0.0,0.0,0.0
3.032,0.12,3.011,3.01215,0.04916209,0.6165513,0.0,0.0,0.04916209,0.6165513,0.0,0.0,0.0,0.0
3.033,0.12,3.012,3.01315,0.04917341,0.6172119,0.0,0.0,0.04917341,0.6172119,0.0,0.0,0.0,0.0
3.03399,0.12,3.013,3.01415,0.04918473,0.617873,0.0,0.0,0.04918473,0.617873,0.0,0.0,0.0,0.0
3.03498,0.12,3.014,3.01515,0.04919605,0.6185347,0.0,0.0,0.04919605,0.6185347,0.0,0.0,0.0,0.0
3.03598,0.12,3.015,3.01615,0.04920737,0.6191968,0.0,0.0,0.04920737,0.6191968,0.0,0.0,0.0,0.0
3.03697,0.12,3.016,3.01715,0.04921869,0.6198594,0.0,0.0,0.04921869,0.6198594,0.0,0.0,0.0,0.0
3.03797,0.12,3.017,3.01815,0.04923001,0.6205225,0.0,0.0,0.04923001,0.6205225,0.0,0.0,0.0,0.0
3.03896,0.12,3.018,3.01915,0.04924133,0.6211861,0.0,0.0,0.04924133,0.6211861,0.0,0.0,0.0,0.0
3.03995,0.12,3.019,3.02015,0.04925265,0.6218502,0.0,0.0,0.04925265,0.6218502,0.0,0.0,0.0,0.0
3.04095,0.12,3.02,3.02115,0.04926398,0.6225148,0.0,0.0,0.04926398,0.6225148,0.0,0.0,0.0,0.0
3.04194,0.12,3.021,3.02215,0.0492753,0.6231799,0.0,0.0,0.0492753,0.6231799,0.0,0.0,0.0,0.0
3.04293,0.12,3.022,3.02315,0.04928662,0.6238455,0.0,0.0,0.04928662,0.6238455,0.0,0.0,0.0,0.0
3.04393,0.12,3.023,3.02415,0.04929795,0.6245116,0.0,0.0,0.04929795,0.6245116,0.0,0.0,0.0,0.0
3.04492,0.12,3.024,3.02515,0.04930927,0.6251782,0.0,0.0,0.04930927,0.6251782,0.0,0.0,0.0,0.0
3.04591,0.12,3.025,3.02615,0.0493206,0.6258453,0.0,0.0,0.0493206,0.6258453,0.0,0.0,0.0,0.0
3.04691,0.12,3.026,3.02715,0.04933192,0.6265129,0.0,0.0,0.04933192,0.6265129,0.0,0.0,0.0,0.0
3.0479,0.12,3.027,3.02815,0.04934325,0.627181,0.0,0.0,0.04934325,0.627181,0.0,0.0,0.0,0.0
3.04889,0.12,3.028,3.02915,0.04935458,0.6278496,0.0,0.0,0.04935458,0.6278496,0.0,0.0,0.0,0.0
3.04989,0.12,3.029,3.03015,0.0493659,0.6285187,0.0,0.0,0.0493659,0.6285187,0.0,0.0,0.0,0.0
3.05088,0.12,3.03,3.03115,0.04937723,0.6291883,0.0,0.0,0.04937723,0.6291883,0.0,0.0,0.0,0.0
3.05187,0.12,3.031,3.03215,0.04938856,0.6298584,0.0,0.0,0.04938856,0.6298584,0.0,0.0,0.0,0.0
3.05287,0.12,3.032,3.03315,0.04939989,0.630529,0.0,0.0,0.04939989,0.630529,0.0,0.0,0.0,0.0
3.05386,0.12,3.033,3.03415,0.04941122,0.6312001,0.0,0.0,0.04941122,0.6312001,0.0,0.0,0.0,0.0
3.05485,0.12,3.034,3.03515,0.04942255,0.6318717,0.0,0.0,0.04942255,0.6318717,0.0,0.0,0.0,0.0
3.05585,0.12,3.035,3.03615,0.04943388,0.6325438,0.0,0.0,0.04943388,0.6325438,0.0,0.0,0.0,0.0
3.05684,0.12,3.036,3.03715,0.04944521,0.6332164,0.0,0.0,0.04944521,0.6332164,0.0,0.0,0.0,0.0
3.05784,0.12,3.037,3.03815,0.04945654,0.6338895,0.0,0.0,0.04945654,0.6338895,0.0,0.0,0.0,0.0
3.05883,0.12,3.038,3.03915,0.04946787,0.6345631,0.0,0.0,0.04946787,0.6345631,0.0,0.0,0.0,0.0
3.05982,0.12,3.039,3.04015,0.0494792,0.6352372,0.0,0.0,0.0494792,0.6352372,0.0,0.0,0.0,0.0
3.06082,0.12,3.04,3.04115,0.04949053,0.6359118,0.0,0.0,0.04949053,0.6359118,0.0,0.0,0.0,0.0
3.06181,0.12,3.041,3.04215,0.04950187,0.6365869,0.0,0.0,0.04950187,0.6365869,0.0,0.0,0.0,0.0
3.0628,0.12,3.042,3.04315,0.0495132,0.6372625,0.0,0.0,0.0495132,0.6372625,0.0,0.0,0.0,0.0
3.0638,0.12,3.043,3.04415,0.04952453,0.6379387,0.0,0.0,0.04952453,0.6379387,0.0,0.0,0.0,0.0
3.06479,0.12,3.044,3.04515,0.04953587,0.6386153,0.0,0.0,0.04953587,0.6386153,0.0,0.0,0.0,0.0
3.06578,0.12,3.045,3.04615,0.0495472,0.6392924,0.0,0.0,0.0495472,0.6392924,0.0,0.0,0.0,0.0
3.06678,0.12,3.046,3.04715,0.04955854,0.63997,0.0,0.0,0.04955854,0.63997,0.0,0.0,0.0,0.0
3.06777,0.12,3.047,3.04815,0.04956988,0.6406481,0.0,0.0,0.04956988,0.6406481,0.0,0.0,0.0,0.0
3.06876,0.12,3.048,3.04915,0.04958121,0.6413268,0.0,0.0,0.04958121,0.6413268,0.0,0.0,0.0,0.0
3.06976,0.12,3.049,3.05015,0.04959255,0.6420059,0.0,0.0,0.04959255,0.6420059,0.0,0.0,0.0,0.0
3.07075,0.12,3.05,3.05115,0.04960389,0.6426856,0.0,0.0,0.04960389,0.6426856,0.0,0.0,0.0,0.0
3.07175,0.12,3.051,3.05215,0.04961522,0.6433657,0.0,0.0,0.04961522,0.6433657,0.0,0.0,0.0,0.0
3.07274,0.12,3.052,3.05315,0.04962656,0.6440463,0.0,0.0,0.04962656,0.6440463,0.0,0.0,0.0,0.0
3.07373,0.12,3.053,3.05415,0.0496379,0.6447275,0.0,0.0,0.0496379,0.6447275,0.0,0.0,0.0,0.0
3.07473,0.12,3.054,3.05515,0.04964924,0.6454092,0.0,0.0,0.04964924,0.6454092,0.0,0.0,0.0,0.0
3.07572,0.12,3.055,3.05615,0.04966058,0.6460913,0.0,0.0,0.04966058,0.6460913,0.0,0.0,0.0,0.0
3.07671,0.12,3.056,3.05715,0.04967192,0.646774,0.0,0.0,0.04967192,0.646774,0.0,0.0,0.0,0.0
3.07771,0.12,3.057,3.05815,0.04968326,0.6474572,0.0,0.0,0.04968326,0.6474572,0.0,0.0,0.0,0.0
3.0787,0.12,3.058,3.05915,0.0496946,0.6481408,0.0,0.0,0.0496946,0.6481408,0.0,0.0,0.0,0.0
3.07969,0.12,3.059,3.06015,0.04970594,0.648825,0.0,0.0,0.04970594,0.648825,0.0,0.0,0.0,0.0
3.08069,0.12,3.06,3.06115,0.04971728,0.6495097,0.0,0.0,0.04971728,0.6495097,0.0,0.0,0.0,0.0
3.08168,0.12,3.061,3.06215,0.04972863,0.6501949,0.0,0.0,0.04972863,0.6501949,0.0,0.0,0.0,0.0
3.08268,0.12,3.062,3.06315,0.04973997,0.6508806,0.0,0.0,0.04973997,0.6508806,0.0,0.0,0.0,0.0
3.08367,0.12,3.063,3.06415,0.04975131,0.6515668,0.0,0.0,0.04975131,0.6515668,0.0,0.0,0.0,0.0
3.08466,0.12,3.064,3.06515,0.04976266,0.6522535,0.0,0.0,0.04976266,0.6522535,0.0,0.0,0.0,0.0
3.08566,0.12,3.065,3.06615,0.049774,0.6529408,0.0,0.0,0.049774,0.6529408,0.0,0.0,0.0,0.0
3.08665,0.12,3.066,3.06715,0.04978535,0.6536285,0.0,0.0,0.04978535,0.6536285,0.0,0.0,0.0,0.0
3.08764,0.12,3.067,3.06815,0.04979669,0.6543167,0.0,0.0,0.04979669,0.6543167,0.0,0.0,0.0,0.0
3.08864,0.12,3.068,3.06915,0.04980804,0.6550055,0.0,0.0,0.04980804,0.6550055,0.0,0.0,0.0,0.0
3.08963,0.12,3.069,3.07015,0.04981938,0.6556947,0.0,0.0,0.04981938,0.6556947,0.0,0.0,0.0,0.0
3.09063,0.12,3.07,3.07115,0.04983073,0.6563845,0.0,0.0,0.04983073,0.6563845,0.0,0.0,0.0,0.0
3.09162,0.12,3.071,3.07215,0.04984208,0.6570748,0.0,0.0,0.04984208,0.6570748,0.0,0.0,0.0,0.0
3.09261,0.12,3.072,3.07315,0.04985342,0.6577655,0.0,0.0,0.04985342,0.6577655,0.0,0.0,0.0,0.0
3.09361,0.12,3.073,3.07415,0.04986477,0.6584568,0.0,0.0,0.04986477,0.6584568,0.0,0.0,0.0,0.0
3.0946,0.12,3.074,3.07515,0.04987612,0.6591486,0.0,0.0,0.04987612,0.6591486,0.0,0.0,0.0,0.0
3.09559,0.12,3.075,3.07615,0.04988747,0.6598409,0.0,0.0,0.04988747,0.6598409,0.0,0.0,0.0,0.0
3.09659,0.12,3.076,3.07715,0.04989882,0.6605337,0.0,0.0,0.04989882,0.6605337,0.0,0.0,0.0,0.0
3.09758,0.12,3.077,3.07815,0.04991017,0.6612271,0.0,0.0,0.04991017,0.6612271,0.0,0.0,0.0,0.0
3.09857,0.12,3.078,3.07915,0.04992152,0.6619209,0.0,0.0,0.04992152,0.6619209,0.0,0.0,0.0,0.0
3.09957,0.12,3.079,3.08015,0.04993287,0.6626152,0.0,0.0,0.04993287,0.6626152,0.0,0.0,0.0,0.0
3.10056,0.12,3.08,3.08115,0.04994422,0.6633101,0.0,0.0,0.04994422,0.6633101,0.0,0.0,0.0,0.0
3.10156,0.12,3.081,3.08215,0.04995557,0.6640054,0.0,0.0,0.04995557,0.6640054,0.0,0.0,0.0,0.0
3.10255,0.12,3.082,3.08315,0.04996692,0.6647013,0.0,0.0,0.04996692,0.6647013,0.0,0.0,0.0,0.0
3.10354,0.12,3.083,3.08415,0.04997827,0.6653977,0.0,0.0,0.04997827,0.6653977,0.0,0.0,0.0,0.0
3.10454,0.12,3.084,3.08515,0.04998963,0.6660946,0.0,0.0,0.04998963,0.6660946,0.0,0.0,0.0,0.0
3.10553,0.12,3.085,3.08615,0.05000098,0.666792,0.0,0.0,0.05000098,0.666792,0.0,0.0,0.0,0.0
3.10652,0.12,3.086,3.08715,0.05001233,0.6674899,0.0,0.0,0.05001233,0.6674899,0.0,0.0,0.0,0.0
3.10752,0.12,3.087,3.08815,0.05002369,0.6681883,0.0,0.0,0.05002369,0.6681883,0.0,0.0,0.0,0.0
3.10851,0.12,3.088,3.08915,0.05003504,0.6688872,0.0,0.0,0.05003504,0.6688872,0.0,0.0,0.0,0.0
3.10951,0.12,3.089,3.09015,0.0500464,0.6695867,0.0,0.0,0.0500464,0.6695867,0.0,0.0,0.0,0.0
3.1105,0.12,3.09,3.09115,0.05005775,0.6702866,0.0,0.0,0.05005775,0.6702866,0.0,0.0,0.0,0.0
3.11149,0.12,3.091,3.09215,0.05006911,0.6709871,0.0,0.0,0.05006911,0.6709871,0.0,0.0,0.0,0.0
3.11249,0.12,3.092,3.09315,0.05008046,0.6716881,0.0,0.0,0.05008046,0.6716881,0.0,0.0,0.0,0.0
3.11348,0.12,3.093,3.09415,0.05009182,0.6723896,0.0,0.0,0.05009182,0.6723896,0.0,0.0,0.0,0.0
3.11448,0.12,3.094,3.09515,0.05010318,0.6730916,0.0,0.0,0.05010318,0.6730916,0.0,0.0,0.0,0.0
3.11547,0.12,3.095,3.09615,0.05011453,0.6737941,0.0,0.0,0.05011453,0.6737941,0.0,0.0,0.0,0.0
3.11646,0.12,3.096,3.09715,0.05012589,0.6744971,0.0,0.0,0.05012589,0.6744971,0.0,0.0,0.0,0.0
3.11746,0.12,3.097,3.09815,0.05013725,0.6752007,0.0,0.0,0.05013725,0.6752007,0.0,0.0,0.0,0.0
3.11845,0.12,3.098,3.09915,0.05014861,0.6759047,0.0,0.0,0.05014861,0.6759047,0.0,0.0,0.0,0.0
3.11944,0.12,3.099,3.10015,0.05015997,0.6766093,0.0,0.0,0.05015997,0.6766093,0.0,0.0,0.0,0.0
3.12044,0.12,3.1,3.10115,0.05017133,0.6773144,0.0,0.0,0.05017133,0.6773144,0.0,0.0,0.0,0.0
3.12143,0.12,3.101,3.10215,0.05018269,0.67802,0.0,0.0,0.05018269,0.67802,0.0,0.0,0.0,0.0
3.12243,0.12,3.102,3.10315,0.05019405,0.6787261,0.0,0.0,0.05019405,0.6787261,0.0,0.0,0.0,0.0
3.12342,0.12,3.103,3.10415,0.05020541,0.6794327,0.0,0.0,0.05020541,0.6794327,0.0,0.0,0.0,0.0
3.12441,0.12,3.104,3.10515,0.05021677,0.6801399,0.0,0.0,0.05021677,0.6801399,0.0,0.0,0.0,0.0
3.12541,0.12,3.105,3.10615,0.05022813,0.6808475,0.0,0.0,0.05022813,0.6808475,0.0,0.0,0.0,0.0
3.1264,0.12,3.106,3.10715,0.05023949,0.6815557,0.0,0.0,0.05023949,0.6815557,0.0,0.0,0.0,0.0
3.12739,0.12,3.107,3.10815,0.05025086,0.6822644,0.0,0.0,0.05025086,0.6822644,0.0,0.0,0.0,0.0
3.12839,0.12,3.108,3.10915,0.05026222,0.6829736,0.0,0.0,0.05026222,0.6829736,0.0,0.0,0.0,0.0
3.12938,0.12,3.109,3.11015,0.05027358,0.6836833,0.0,0.0,0.05027358,0.6836833,0.0,0.0,0.0,0.0
3.13038,0.12,3.11,3.11115,0.05028494,0.6843935,0.0,0.0,0.05028494,0.6843935,0.0,0.0,0.0,0.0
3.13137,0.12,3.111,3.11215,0.05029631,0.6851043,0.0,0.0,0.05029631,0.6851043,0.0,0.0,0.0,0.0
3.13236,0.12,3.112,3.11315,0.05030767,0.6858155,0.0,0.0,0.05030767,0.6858155,0.0,0.0,0.0,0.0
3.13336,0.12,3.113,3.11415,0.05031904,0.6865273,0.0,0.0,0.05031904,0.6865273,0.0,0.0,0.0,0.0
3.13435,0.12,3.114,3.11515,0.0503304,0.6872396,0.0,0.0,0.0503304,0.6872396,0.0,0.0,0.0,0.0
3.13535,0.12,3.115,3.11615,0.05034177,0.6879524,0.0,0.0,0.05034177,0.6879524,0.0,0.0,0.0,0.0
3.13634,0.12,3.116,3.11715,0.05035313,0.6886658,0.0,0.0,0.05035313,0.6886658,0.0,0.0,0.0,0.0
3.13733,0.12,3.117,3.11815,0.0503645,0.6893796,0.0,0.0,0.0503645,0.6893796,0.0,0.0,0.0,0.0
3.13833,0.12,3.118,3.11915,0.05037587,0.690094,0.0,0.0,0.05037587,0.690094,0.0,0.0,0.0,0.0
3.13932,0.12,3.119,3.12015,0.05038723,0.6908088,0.0,0.0,0.05038723,0.6908088,0.0,0.0,0.0,0.0
3.14032,0.12,3.12,3.12115,0.0503986,0.6915242,0.0,0.0,0.0503986,0.6915242,0.0,0.0,0.0,0.0
3.14131,0.12,3.121,3.12215,0.05040997,0.6922402,0.0,0.0,0.05040997,0.6922402,0.0,0.0,0.0,0.0
3.1423,0.12,3.122,3.12315,0.05042134,0.6929566,0.0,0.0,0.05042134,0.6929566,0.0,0.0,0.0,0.0
3.1433,0.12,3.123,3.12415,0.05043271,0.6936735,0.0,0.0,0.05043271,0.6936735,0.0,0.0,0.0,0.0
3.14429,0.12,3.124,3.12515,0.05044407,0.694391,0.0,0.0,0.05044407,0.694391,0.0,0.0,0.0,0.0
3.14528,0.12,3.125,3.12615,0.05045544,0.695109,0.0,0.0,0.05045544,0.695109,0.0,0.0,0.0,0.0
3.14628,0.12,3.126,3.12715,0.05046681,0.6958275,0.0,0.0,0.05046681,0.6958275,0.0,0.0,0.0,0.0
3.14727,0.12,3.127,3.12815,0.05047818,0.6965465,0.0,0.0,0.05047818,0.6965465,0.0,0.0,0.0,0.0
3.14827,0.12,3.128,3.12915,0.05048955,0.6972661,0.0,0.0,0.05048955,0.6972661,0.0,0.0,0.0,0.0
3.14926,0.12,3.129,3.13015,0.05050093,0.6979861,0.0,0.0,0.05050093,0.6979861,0.0,0.0,0.0,0.0
3.15025,0.12,3.13,3.13115,0.0505123,0.6987067,0.0,0.0,0.0505123,0.6987067,0.0,0.0,0.0,0.0
3.15125,0.12,3.131,3.13215,0.05052367,0.6994278,0.0,0.0,0.05052367,0.6994278,0.0,0.0,0.0,0.0
3.15224,0.12,3.132,3.13315,0.05053504,0.7001494,0.0,0.0,0.05053504,0.7001494,0.0,0.0,0.0,0.0
3.15324,0.12,3.133,3.13415,0.05054641,0.7008716,0.0,0.0,0.05054641,0.7008716,0.0,0.0,0.0,0.0
3.15423,0.12,3.134,3.13515,0.05055779,0.7015942,0.0,0.0,0.05055779,0.7015942,0.0,0.0,0.0,0.0
3.15522,0.12,3.135,3.13615,0.05056916,0.7023174,0.0,0.0,0.05056916,0.7023174,0.0,0.0,0.0,0.0
3.15622,0.12,3.136,3.13715,0.05058053,0.7030411,0.0,0.0,0.05058053,0.7030411,0.0,0.0,0.0,0.0
3.15721,0.12,3.137,3.13815,0.05059191,0.7037653,0.0,0.0,0.05059191,0.7037653,0.0,0.0,0.0,0.0
3.15821,0.12,3.138,3.13915,0.05060328,0.7044901,0.0,0.0,0.05060328,0.7044901,0.0,0.0,0.0,0.0
3.1592,0.12,3.139,3.14015,0.05061465,0.7052154,0.0,0.0,0.05061465,0.7052154,0.0,0.0,0.0,0.0
3.16019,0.12,3.14,3.14115,0.05062603,0.7059411,0.0,0.0,0.05062603,0.7059411,0.0,0.0,0.0,0.0
3.16119,0.12,3.141,3.14215,0.05063741,0.7066674,0.0,0.0,0.05063741,0.7066674,0.0,0.0,0.0,0.0
3.16218,0.12,3.142,3.14315,0.05064878,0.7073943,0.0,0.0,0.05064878,0.7073943,0.0,0.0,0.0,0.0
3.16318,0.12,3.143,3.14415,0.05066016,0.7081216,0.0,0.0,0.05066016,0.7081216,0.0,0.0,0.0,0.0
3.16417,0.12,3.144,3.14515,0.05067153,0.7088495,0.0,0.0,0.05067153,0.7088495,0.0,0.0,0.0,0.0
3.16516,0.12,3.145,3.14615,0.05068291,0.7095779,0.0,0.0,0.05068291,0.7095779,0.0,0.0,0.0,0.0
3.16616,0.12,3.146,3.14715,0.05069429,0.7103068,0.0,0.0,0.05069429,0.7103068,0.0,0.0,0.0,0.0
3.16715,0.12,3.147,3.14815,0.05070566,0.7110363,0.0,0.0,0.05070566,0.7110363,0.0,0.0,0.0,0.0
3.16815,0.12,3.148,3.14915,0.05071704,0.7117662,0.0,0.0,0.05071704,0.7117662,0.0,0.0,0.0,0.0
3.16914,0.12,3.149,3.15015,0.05072842,0.7124967,0.0,0.0,0.05072842,0.7124967,0.0,0.0,0.0,0.0
3.17013,0.12,3.15,3.15115,0.0507398,0.7132277,0.0,0.0,0.0507398,0.7132277,0.0,0.0,0.0,0.0
3.17113,0.12,3.151,3.15215,0.05075118,0.7139592,0.0,0.0,0.05075118,0.7139592,0.0,0.0,0.0,0.0
3.17212,0.12,3.152,3.15315,0.05076256,0.7146913,0.0,0.0,0.05076256,0.7146913,0.0,0.0,0.0,0.0
3.17312,0.12,3.153,3.15415,0.05077394,0.7154239,0.0,0.0,0.05077394,0.7154239,0.0,0.0,0.0,0.0
3.17411,0.12,3.154,3.15515,0.05078532,0.716157,0.0,0.0,0.05078532,0.716157,0.0,0.0,0.0,0.0
3.1751,0.12,3.155,3.15615,0.0507967,0.7168906,0.0,0.0,0.0507967,0.7168906,0.0,0.0,0.0,0.0
3.1761,0.12,3.156,3.15715,0.05080808,0.7176248,0.0,0.0,0.05080808,0.7176248,0.0,0.0,0.0,0.0
3.17709,0.12,3.157,3.15815,0.05081946,0.7183594,0.0,0.0,0.05081946,0.7183594,0.0,0.0,0.0,0.0
3.17809,0.12,3.158,3.15915,0.05083084,0.7190946,0.0,0.0,0.05083084,0.7190946,0.0,0.0,0.0,0.0
3.17908,0.12,3.159,3.16015,0.05084222,0.7198304,0.0,0.0,0.05084222,0.7198304,0.0,0.0,0.0,0.0
3.18007,0.12,3.16,3.16115,0.05085361,0.7205666,0.0,0.0,0.05085361,0.7205666,0.0,0.0,0.0,0.0
3.18107,0.12,3.161,3.16215,0.05086499,0.7213034,0.0,0.0,0.05086499,0.7213034,0.0,0.0,0.0,0.0
3.18206,0.12,3.162,3.16315,0.05087637,0.7220407,0.0,0.0,0.05087637,0.7220407,0.0,0.0,0.0,0.0
3.18306,0.12,3.163,3.16415,0.05088775,0.7227785,0.0,0.0,0.05088775,0.7227785,0.0,0.0,0.0,0.0
3.18405,0.12,3.164,3.16515,0.05089914,0.7235169,0.0,0.0,0.05089914,0.7235169,0.0,0.0,0.0,0.0
3.18504,0.12,3.165,3.16615,0.05091052,0.7242558,0.0,0.0,0.05091052,0.7242558,0.0,0.0,0.0,0.0
3.18604,0.12,3.166,3.16715,0.05092191,0.7249952,0.0,0.0,0.05092191,0.7249952,0.0,0.0,0.0,0.0
3.18703,0.12,3.167,3.16815,0.05093329,0.7257351,0.0,0.0,0.05093329,0.7257351,0.0,0.0,0.0,0.0
3.18803,0.12,3.168,3.16915,0.05094467,0.7264756,0.0,0.0,0.05094467,0.7264756,0.0,0.0,0.0,0.0
3.18902,0.12,3.169,3.17015,0.05095606,0.7272166,0.0,0.0,0.05095606,0.7272166,0.0,0.0,0.0,0.0
3.19001,0.12,3.17,3.17115,0.05096745,0.7279581,0.0,0.0,0.05096745,0.7279581,0.0,0.0,0.0,0.0
3.19101,0.12,3.171,3.17215,0.05097883,0.7287001,0.0,0.0,0.05097883,0.7287001,0.0,0.0,0.0,0.0
3.192,0.12,3.172,3.17315,0.05099022,0.7294427,0.0,0.0,0.05099022,0.7294427,0.0,0.0,0.0,0.0
3.193,0.12,3.173,3.17415,0.0510016,0.7301858,0.0,0.0,0.0510016,0.7301858,0.0,0.0,0.0,0.0
3.19399,0.12,3.174,3.17515,0.05101299,0.7309294,0.0,0.0,0.05101299,0.7309294,0.0,0.0,0.0,0.0
3.19499,0.12,3.175,3.17615,0.05102438,0.7316736,0.0,0.0,0.05102438,0.7316736,0.0,0.0,0.0,0.0
3.19598,0.12,3.176,3.17715,0.05103577,0.7324182,0.0,0.0,0.05103577,0.7324182,0.0,0.0,0.0,0.0
3.19697,0.12,3.177,3.17815,0.05104715,0.7331634,0.0,0.0,0.05104715,0.7331634,0.0,0.0,0.0,0.0
3.19797,0.12,3.178,3.17915,0.05105854,0.7339092,0.0,0.0,0.05105854,0.7339092,0.0,0.0,0.0,0.0
3.19896,0.12,3.179,3.18015,0.05106993,0.7346554,0.0,0.0,0.05106993,0.7346554,0.0,0.0,0.0,0.0
3.19996,0.12,3.18,3.18115,0.05108132,0.7354022,0.0,0.0,0.05108132,0.7354022,0.0,0.0,0.0,0.0
3.20095,0.12,3.181,3.18215,0.05109271,0.7361496,0.0,0.0,0.05109271,0.7361496,0.0,0.0,0.0,0.0
3.20194,0.12,3.182,3.18315,0.0511041,0.7368974,0.0,0.0,0.0511041,0.7368974,0.0,0.0,0.0,0.0
3.20294,0.12,3.183,3.18415,0.05111549,0.7376458,0.0,0.0,0.05111549,0.7376458,0.0,0.0,0.0,0.0
3.20393,0.12,3.184,3.18515,0.05112688,0.7383947,0.0,0.0,0.05112688,0.7383947,0.0,0.0,0.0,0.0
3.20493,0.12,3.185,3.18615,0.05113827,0.7391442,0.0,0.0,0.05113827,0.7391442,0.0,0.0,0.0,0.0
3.20592,0.12,3.186,3.18715,0.05114966,0.7398941,0.0,0.0,0.05114966,0.7398941,0.0,0.0,0.0,0.0
3.20691,0.12,3.187,3.18815,0.05116105,0.7406446,0.0,0.0,0.05116105,0.7406446,0.0,0.0,0.0,0.0
3.20791,0.12,3.188,3.18915,0.05117244,0.7413957,0.0,0.0,0.05117244,0.7413957,0.0,0.0,0.0,0.0
3.2089,0.12,3.189,3.19015,0.05118383,0.7421472,0.0,0.0,0.05118383,0.7421472,0.0,0.0,0.0,0.0
3.2099,0.12,3.19,3.19115,0.05119522,0.7428993,0.0,0.0,0.05119522,0.7428993,0.0,0.0,0.0,0.0
3.21089,0.12,3.191,3.19215,0.05120662,0.743652,0.0,0.0,0.05120662,0.743652,0.0,0.0,0.0,0.0
3.21189,0.12,3.192,3.19315,0.05121801,0.7444051,0.0,0.0,0.05121801,0.7444051,0.0,0.0,0.0,0.0
3.21288,0.12,3.193,3.19415,0.0512294,0.7451588,0.0,0.0,0.0512294,0.7451588,0.0,0.0,0.0,0.0
3.21387,0.12,3.194,3.19515,0.0512408,0.745913,0.0,0.0,0.0512408,0.745913,0.0,0.0,0.0,0.0
3.21487,0.12,3.195,3.19615,0.05125219,0.7466678,0.0,0.0,0.05125219,0.7466678,0.0,0.0,0.0,0.0
3.21586,0.12,3.196,3.19715,0.05126358,0.7474231,0.0,0.0,0.05126358,0.7474231,0.0,0.0,0.0,0.0
3.21686,0.12,3.197,3.19815,0.05127498,0.7481789,0.0,0.0,0.05127498,0.7481789,0.0,0.0,0.0,0.0
3.21785,0.12,3.198,3.19915,0.05128637,0.7489352,0.0,0.0,0.05128637,0.7489352,0.0,0.0,0.0,0.0
3.21884,0.12,3.199,3.20015,0.05129777,0.7496921,0.0,0.0,0.05129777,0.7496921,0.0,0.0,0.0,0.0
3.21984,0.12,3.2,3.20115,0.05130916,0.7504495,0.0,0.0,0.05130916,0.7504495,0.0,0.0,0.0,0.0
3.22083,0.12,3.201,3.20215,0.05132056,0.7512075,0.0,0.0,0.05132056,0.7512075,0.0,0.0,0.0,0.0
3.22183,0.12,3.202,3.20315,0.05133195,0.751966,0.0,0.0,0.05133195,0.751966,0.0,0.0,0.0,0.0
3.22282,0.12,3.203,3.20415,0.05134335,0.752725,0.0,0.0,0.05134335,0.752725,0.0,0.0,0.0,0.0
3.22382,0.12,3.204,3.20515,0.05135475,0.7534845,0.0,0.0,0.05135475,0.7534845,0.0,0.0,0.0,0.0
3.22481,0.12,3.205,3.20615,0.05136614,0.7542446,0.0,0.0,0.05136614,0.7542446,0.0,0.0,0.0,0.0
3.2258,0.12,3.206,3.20715,0.05137754,0.7550052,0.0,0.0,0.05137754,0.7550052,0.0,0.0,0.0,0.0
3.2268,0.12,3.207,3.20815,0.05138894,0.7557664,0.0,0.0,0.05138894,0.7557664,0.0,0.0,0.0,0.0
3.22779,0.12,3.208,3.20915,0.05140033,0.7565281,0.0,0.0,0.05140033,0.7565281,0.0,0.0,0.0,0.0
3.22879,0.12,3.209,3.21015,0.05141173,0.7572903,0.0,0.0,0.05141173,0.7572903,0.0,0.0,0.0,0.0
3.22978,0.12,3.21,3.21115,0.05142313,0.758053,0.0,0.0,0.05142313,0.758053,0.0,0.0,0.0,0.0
3.23078,0.12,3.211,3.21215,0.05143453,0.7588163,0.0,0.0,0.05143453,0.7588163,0.0,0.0,0.0,0.0
3.23177,0.12,3.212,3.21315,0.05144593,0.7595802,0.0,0.0,0.05144593,0.7595802,0.0,0.0,0.0,0.0
3.23276,0.12,3.213,3.21415,0.05145733,0.7603445,0.0,0.0,0.05145733,0.7603445,0.0,0.0,0.0,0.0
3.23376,0.12,3.214,3.21515,0.05146872,0.7611094,0.0,0.0,0.05146872,0.7611094,0.0,0.0,0.0,0.0
3.23475,0.12,3.215,3.21615,0.05148012,0.7618749,0.0,0.0,0.05148012,0.7618749,0.0,0.0,0.0,0.0
3.23575,0.12,3.216,3.21715,0.05149152,0.7626408,0.0,0.0,0.05149152,0.7626408,0.0,0.0,0.0,0.0
3.23674,0.12,3.217,3.21815,0.05150292,0.7634073,0.0,0.0,0.05150292,0.7634073,0.0,0.0,0.0,0.0
3.23774,0.12,3.218,3.21915,0.05151432,0.7641744,0.0,0.0,0.05151432,0.7641744,0.0,0.0,0.0,0.0
3.23873,0.12,3.219,3.22015,0.05152573,0.7649419,0.0,0.0,0.05152573,0.7649419,0.0,0.0,0.0,0.0
3.23972,0.12,3.22,3.22115,0.05153713,0.7657101,0.0,0.0,0.05153713,0.7657101,0.0,0.0,0.0,0.0
3.24072,0.12,3.221,3.22215,0.05154853,0.7664787,0.0,0.0,0.05154853,0.7664787,0.0,0.0,0.0,0.0
3.24171,0.12,3.222,3.22315,0.05155993,0.7672479,0.0,0.0,0.05155993,0.7672479,0.0,0.0,0.0,0.0
3.24271,0.12,3.223,3.22415,0.05157133,0.7680176,0.0,0.0,0.05157133,0.7680176,0.0,0.0,0.0,0.0
3.2437,0.12,3.224,3.22515,0.05158273,0.7687879,0.0,0.0,0.05158273,0.7687879,0.0,0.0,0.0,0.0
3.2447,0.12,3.225,3.22615,0.05159414,0.7695587,0.0,0.0,0.05159414,0.7695587,0.0,0.0,0.0,0.0
3.24569,0.12,3.226,3.22715,0.05160554,0.77033,0.0,0.0,0.05160554,0.77033,0.0,0.0,0.0,0.0
3.24668,0.12,3.227,3.22815,0.05161694,0.7711019,0.0,0.0,0.05161694,0.7711019,0.0,0.0,0.0,0.0
3.24768,0.12,3.228,3.22915,0.05162834,0.7718743,0.0,0.0,0.05162834,0.7718743,0.0,0.0,0.0,0.0
3.24867,0.12,3.229,3.23015,0.05163975,0.7726473,0.0,0.0,0.05163975,0.7726473,0.0,0.0,0.0,0.0
3.24967,0.12,3.23,3.23115,0.05165115,0.7734208,0.0,0.0,0.05165115,0.7734208,0.0,0.0,0.0,0.0
3.25066,0.12,3.231,3.23215,0.05166256,0.7741948,0.0,0.0,0.05166256,0.7741948,0.0,0.0,0.0,0.0
3.25166,0.12,3.232,3.23315,0.05167396,0.7749694,0.0,0.0,0.05167396,0.7749694,0.0,0.0,0.0,0.0
3.25265,0.12,3.233,3.23415,0.05168536,0.7757445,0.0,0.0,0.05168536,0.7757445,0.0,0.0,0.0,0.0
3.25364,0.12,3.234,3.23515,0.05169677,0.7765201,0.0,0.0,0.05169677,0.7765201,0.0,0.0,0.0,0.0
3.25464,0.12,3.235,3.23615,0.05170817,0.7772963,0.0,0.0,0.05170817,0.7772963,0.0,0.0,0.0,0.0
3.25563,0.12,3.236,3.23715,0.05171958,0.778073,0.0,0.0,0.05171958,0.778073,0.0,0.0,0.0,0.0
3.25663,0.12,3.237,3.23815,0.05173099,0.7788503,0.0,0.0,0.05173099,0.7788503,0.0,0.0,0.0,0.0
3.25762,0.12,3.238,3.23915,0.05174239,0.7796281,0.0,0.0,0.05174239,0.7796281,0.0,0.0,0.0,0.0
3.25862,0.12,3.239,3.24015,0.0517538,0.7804065,0.0,0.0,0.0517538,0.7804065,0.0,0.0,0.0,0.0
3.25961,0.12,3.24,3.24115,0.0517652,0.7811854,0.0,0.0,0.0517652,0.7811854,0.0,0.0,0.0,0.0
3.2606,0.12,3.241,3.24215,0.05177661,0.7819648,0.0,0.0,0.05177661,0.7819648,0.0,0.0,0.0,0.0
3.2616,0.12,3.242,3.24315,0.05178802,0.7827448,0.0,0.0,0.05178802,0.7827448,0.0,0.0,0.0,0.0
3.26259,0.12,3.243,3.24415,0.05179943,0.7835253,0.0,0.0,0.05179943,0.7835253,0.0,0.0,0.0,0.0
3.26359,0.12,3.244,3.24515,0.05181083,0.7843063,0.0,0.0,0.05181083,0.7843063,0.0,0.0,0.0,0.0
3.26458,0.12,3.245,3.24615,0.05182224,0.7850879,0.0,0.0,0.05182224,0.7850879,0.0,0.0,0.0,0.0
3.26558,0.12,3.246,3.24715,0.05183365,0.7858701,0.0,0.0,0.05183365,0.7858701,0.0,0.0,0.0,0.0
3.26657,0.12,3.247,3.24815,0.05184506,0.7866527,0.0,0.0,0.05184506,0.7866527,0.0,0.0,0.0,0.0
3.26756,0.12,3.248,3.24915,0.05185647,0.787436,0.0,0.0,0.05185647,0.787436,0.0,0.0,0.0,0.0
3.26856,0.12,3.249,3.25015,0.05186787,0.7882197,0.0,0.0,0.05186787,0.7882197,0.0,0.0,0.0,0.0
3.26955,0.12,3.25,3.25115,0.05187928,0.789004,0.0,0.0,0.05187928,0.789004,0.0,0.0,0.0,0.0
3.27055,0.12,3.251,3.25215,0.05189069,0.7897889,0.0,0.0,0.05189069,0.7897889,0.0,0.0,0.0,0.0
3.27154,0.12,3.252,3.25315,0.0519021,0.7905743,0.0,0.0,0.0519021,0.7905743,0.0,0.0,0.0,0.0
3.27254,0.12,3.253,3.25415,0.05191351,0.7913602,0.0,0.0,0.05191351,0.7913602,0.0,0.0,0.0,0.0
3.27353,0.12,3.254,3.25515,0.05192492,0.7921467,0.0,0.0,0.05192492,0.7921467,0.0,0.0,0.0,0.0
3.27453,0.12,3.255,3.25615,0.05193633,0.7929337,0.0,0.0,0.05193633,0.7929337,0.0,0.0,0.0,0.0
3.27552,0.12,3.256,3.25715,0.05194774,0.7937213,0.0,0.0,0.05194774,0.7937213,0.0,0.0,0.0,0.0
3.27651,0.12,3.257,3.25815,0.05195915,0.7945094,0.0,0.0,0.05195915,0.7945094,0.0,0.0,0.0,0.0
3.27751,0.12,3.258,3.25915,0.05197057,0.795298,0.0,0.0,0.05197057,0.795298,0.0,0.0,0.0,0.0
3.2785,0.12,3.259,3.26015,0.05198198,0.7960872,0.0,0.0,0.05198198,0.7960872,0.0,0.0,0.0,0.0
3.2795,0.12,3.26,3.26115,0.05199339,0.796877,0.0,0.0,0.05199339,0.796877,0.0,0.0,0.0,0.0
3.28049,0.12,3.261,3.26215,0.0520048,0.7976673,0.0,0.0,0.0520048,0.7976673,0.0,0.0,0.0,0.0
3.28149,0.12,3.262,3.26315,0.05201621,0.7984581,0.0,0.0,0.05201621,0.7984581,0.0,0.0,0.0,0.0
3.28248,0.12,3.263,3.26415,0.05202762,0.7992495,0.0,0.0,0.05202762,0.7992495,0.0,0.0,0.0,0.0
3.28347,0.12,3.264,3.26515,0.05203904,0.8000414,0.0,0.0,0.05203904,0.8000414,0.0,0.0,0.0,0.0
3.28447,0.12,3.265,3.26615,0.05205045,0.8008339,0.0,0.0,0.05205045,0.8008339,0.0,0.0,0.0,0.0
3.28546,0.12,3.266,3.26715,0.05206186,0.8016269,0.0,0.0,0.05206186,0.8016269,0.0,0.0,0.0,0.0
3.28646,0.12,3.267,3.26815,0.05207328,0.8024205,0.0,0.0,0.05207328,0.8024205,0.0,0.0,0.0,0.0
3.28745,0.12,3.268,3.26915,0.05208469,0.8032146,0.0,0.0,0.05208469,0.8032146,0.0,0.0,0.0,0.0
3.28845,0.12,3.269,3.27015,0.0520961,0.8040092,0.0,0.0,0.0520961,0.8040092,0.0,0.0,0.0,0.0
3.28944,0.12,3.27,3.27115,0.05210752,0.8048044,0.0,0.0,0.05210752,0.8048044,0.0,0.0,0.0,0.0
3.29044,0.12,3.271,3.27215,0.05211893,0.8056002,0.0,0.0,0.05211893,0.8056002,0.0,0.0,0.0,0.0
3.29143,0.12,3.272,3.27315,0.05213035,0.8063965,0.0,0.0,0.05213035,0.8063965,0.0,0.0,0.0,0.0
3.29242,0.12,3.273,3.27415,0.05214176,0.8071933,0.0,0.0,0.05214176,0.8071933,0.0,0.0,0.0,0.0
3.29342,0.12,3.274,3.27515,0.05215318,0.8079907,0.0,0.0,0.05215318,0.8079907,0.0,0.0,0.0,0.0
3.29441,0.12,3.275,3.27615,0.05216459,0.8087886,0.0,0.0,0.05216459,0.8087886,0.0,0.0,0.0,0.0
3.29541,0.12,3.276,3.27715,0.05217601,0.8095871,0.0,0.0,0.05217601,0.8095871,0.0,0.0,0.0,0.0
3.2964,0.12,3.277,3.27815,0.05218742,0.8103861,0.0,0.0,0.05218742,0.8103861,0.0,0.0,0.0,0.0
3.2974,0.12,3.278,3.27915,0.05219884,0.8111857,0.0,0.0,0.05219884,0.8111857,0.0,0.0,0.0,0.0
3.29839,0.12,3.279,3.28015,0.05221025,0.8119858,0.0,0.0,0.05221025,0.8119858,0.0,0.0,0.0,0.0
3.29939,0.12,3.28,3.28115,0.05222167,0.8127865,0.0,0.0,0.05222167,0.8127865,0.0,0.0,0.0,0.0
3.30038,0.12,3.281,3.28215,0.05223309,0.8135877,0.0,0.0,0.05223309,0.8135877,0.0,0.0,0.0,0.0
3.30137,0.12,3.282,3.28315,0.0522445,0.8143895,0.0,0.0,0.0522445,0.8143895,0.0,0.0,0.0,0.0
3.30237,0.12,3.283,3.28415,0.05225592,0.8151918,0.0,0.0,0.05225592,0.8151918,0.0,0.0,0.0,0.0
3.30336,0.12,3.284,3.28515,0.05226734,0.8159947,0.0,0.0,0.05226734,0.8159947,0.0,0.0,0.0,0.0
3.30436,0.12,3.285,3.28615,0.05227875,0.8167981,0.0,0.0,0.05227875,0.8167981,0.0,0.0,0.0,0.0
3.30535,0.12,3.286,3.28715,0.05229017,0.8176021,0.0,0.0,0.05229017,0.8176021,0.0,0.0,0.0,0.0
3.30635,0.12,3.287,3.28815,0.05230159,0.8184066,0.0,0.0,0.05230159,0.8184066,0.0,0.0,0.0,0.0
3.30734,0.12,3.288,3.28915,0.05231301,0.8192117,0.0,0.0,0.05231301,0.8192117,0.0,0.0,0.0,0.0
3.30834,0.12,3.289,3.29015,0.05232443,0.8200173,0.0,0.0,0.05232443,0.8200173,0.0,0.0,0.0,0.0
3.30933,0.12,3.29,3.29115,0.05233584,0.8208235,0.0,0.0,0.05233584,0.8208235,0.0,0.0,0.0,0.0
3.31033,0.12,3.291,3.29215,0.05234726,0.8216302,0.0,0.0,0.05234726,0.8216302,0.0,0.0,0.0,0.0
3.31132,0.12,3.292,3.29315,0.05235868,0.8224374,0.0,0.0,0.05235868,0.8224374,0.0,0.0,0.0,0.0
3.31231,0.12,3.293,3.29415,0.0523701,0.8232453,0.0,0.0,0.0523701,0.8232453,0.0,0.0,0.0,0.0
3.31331,0.12,3.294,3.29515,0.05238152,0.8240536,0.0,0.0,0.05238152,0.8240536,0.0,0.0,0.0,0.0
3.3143,0.12,3.295,3.29615,0.05239294,0.8248626,0.0,0.0,0.05239294,0.8248626,0.0,0.0,0.0,0.0
3.3153,0.12,3.296,3.29715,0.05240436,0.825672,0.0,0.0,0.05240436,0.825672,0.0,0.0,0.0,0.0
3.31629,0.12,3.297,3.29815,0.05241578,0.8264821,0.0,0.0,0.05241578,0.8264821,0.0,0.0,0.0,0.0
3.31729,0.12,3.298,3.29915,0.0524272,0.8272926,0.0,0.0,0.0524272,0.8272926,0.0,0.0,0.0,0.0
3.31828,0.12,3.299,3.30015,0.05243862,0.8281038,0.0,0.0,0.05243862,0.8281038,0.0,0.0,0.0,0.0
3.31928,0.12,3.3,3.30115,0.05245004,0.8289155,0.0,0.0,0.05245004,0.8289155,0.0,0.0,0.0,0.0
3.32027,0.12,3.301,3.30215,0.05246146,0.8297277,0.0,0.0,0.05246146,0.8297277,0.0,0.0,0.0,0.0
3.32127,0.12,3.302,3.30315,0.05247288,0.8305405,0.0,0.0,0.05247288,0.8305405,0.0,0.0,0.0,0.0
3.32226,0.12,3.303,3.30415,0.05248431,0.8313538,0.0,0.0,0.05248431,0.8313538,0.0,0.0,0.0,0.0
3.32325,0.12,3.304,3.30515,0.05249573,0.8321677,0.0,0.0,0.05249573,0.8321677,0.0,0.0,0.0,0.0
3.32425,0.12,3.305,3.30615,0.05250715,0.8329822,0.0,0.0,0.05250715,0.8329822,0.0,0.0,0.0,0.0
3.32524,0.12,3.306,3.30715,0.05251857,0.8337972,0.0,0.0,0.05251857,0.8337972,0.0,0.0,0.0,0.0
3.32624,0.12,3.307,3.30815,0.05252999,0.8346127,0.0,0.0,0.05252999,0.8346127,0.0,0.0,0.0,0.0
3.32723,0.12,3.308,3.30915,0.05254141,0.8354288,0.0,0.0,0.05254141,0.8354288,0.0,0.0,0.0,0.0
3.32823,0.12,3.309,3.31015,0.05255284,0.8362455,0.0,0.0,0.05255284,0.8362455,0.0,0.0,0.0,0.0
3.32922,0.12,3.31,3.31115,0.05256426,0.8370627,0.0,0.0,0.05256426,0.8370627,0.0,0.0,0.0,0.0
3.33022,0.12,3.311,3.31215,0.05257568,0.8378805,0.0,0.0,0.05257568,0.8378805,0.0,0.0,0.0,0.0
3.33121,0.12,3.312,3.31315,0.05258711,0.8386988,0.0,0.0,0.05258711,0.8386988,0.0,0.0,0.0,0.0
3.33221,0.12,3.313,3.31415,0.05259853,0.8395177,0.0,0.0,0.05259853,0.8395177,0.0,0.0,0.0,0.0
3.3332,0.12,3.314,3.31515,0.05260995,0.8403371,0.0,0.0,0.05260995,0.8403371,0.0,0.0,0.0,0.0
3.33419,0.12,3.315,3.31615,0.05262138,0.8411571,0.0,0.0,0.05262138,0.8411571,0.0,0.0,0.0,0.0
3.33519,0.12,3.316,3.31715,0.0526328,0.8419777,0.0,0.0,0.0526328,0.8419777,0.0,0.0,0.0,0.0
3.33618,0.12,3.317,3.31815,0.05264422,0.8427988,0.0,0.0,0.05264422,0.8427988,0.0,0.0,0.0,0.0
3.33718,0.12,3.318,3.31915,0.05265565,0.8436204,0.0,0.0,0.05265565,0.8436204,0.0,0.0,0.0,0.0
3.33817,0.12,3.319,3.32015,0.05266707,0.8444426,0.0,0.0,0.05266707,0.8444426,0.0,0.0,0.0,0.0
3.33917,0.12,3.32,3.32115,0.0526785,0.8452654,0.0,0.0,0.0526785,0.8452654,0.0,0.0,0.0,0.0
3.34016,0.12,3.321,3.32215,0.05268992,0.8460887,0.0,0.0,0.05268992,0.8460887,0.0,0.0,0.0,0.0
3.34116,0.12,3.322,3.32315,0.05270135,0.8469126,0.0,0.0,0.05270135,0.8469126,0.0,0.0,0.0,0.0
3.34215,0.12,3.323,3.32415,0.05271277,0.8477371,0.0,0.0,0.05271277,0.8477371,0.0,0.0,0.0,0.0
3.34315,0.12,3.324,3.32515,0.0527242,0.8485621,0.0,0.0,0.0527242,0.8485621,0.0,0.0,0.0,0.0
3.34414,0.12,3.325,3.32615,0.05273562,0.8493876,0.0,0.0,0.05273562,0.8493876,0.0,0.0,0.0,0.0
3.34514,0.12,3.326,3.32715,0.05274705,0.8502137,0.0,0.0,0.05274705,0.8502137,0.0,0.0,0.0,0.0
3.34613,0.12,3.327,3.32815,0.05275848,0.8510404,0.0,0.0,0.05275848,0.8510404,0.0,0.0,0.0,0.0
3.34712,0.12,3.328,3.32915,0.0527699,0.8518676,0.0,0.0,0.0527699,0.8518676,0.0,0.0,0.0,0.0
3.34812,0.12,3.329,3.33015,0.05278133,0.8526954,0.0,0.0,0.05278133,0.8526954,0.0,0.0,0.0,0.0
3.34911,0.12,3.33,3.33115,0.05279276,0.8535238,0.0,0.0,0.05279276,0.8535238,0.0,0.0,0.0,0.0
3.35011,0.12,3.331,3.33215,0.05280418,0.8543527,0.0,0.0,0.05280418,0.8543527,0.0,0.0,0.0,0.0
3.3511,0.12,3.332,3.33315,0.05281561,0.8551821,0.0,0.0,0.05281561,0.8551821,0.0,0.0,0.0,0.0
3.3521,0.12,3.333,3.33415,0.05282704,0.8560121,0.0,0.0,0.05282704,0.8560121,0.0,0.0,0.0,0.0
3.35309,0.12,3.334,3.33515,0.05283846,0.8568427,0.0,0.0,0.05283846,0.8568427,0.0,0.0,0.0,0.0
3.35409,0.12,3.335,3.33615,0.05284989,0.8576739,0.0,0.0,0.05284989,0.8576739,0.0,0.0,0.0,0.0
3.35508,0.12,3.336,3.33715,0.05286132,0.8585055,0.0,0.0,0.05286132,0.8585055,0.0,0.0,0.0,0.0
3.35608,0.12,3.337,3.33815,0.05287275,0.8593378,0.0,0.0,0.05287275,0.8593378,0.0,0.0,0.0,0.0
3.35707,0.12,3.338,3.33915,0.05288417,0.8601706,0.0,0.0,0.05288417,0.8601706,0.0,0.0,0.0,0.0
3.35807,0.12,3.339,3.34015,0.0528956,0.861004,0.0,0.0,0.0528956,0.861004,0.0,0.0,0.0,0.0
3.35906,0.12,3.34,3.34115,0.05290703,0.8618379,0.0,0.0,0.05290703,0.8618379,0.0,0.0,0.0,0.0
3.36005,0.12,3.341,3.34215,0.05291846,0.8626724,0.0,0.0,0.05291846,0.8626724,0.0,0.0,0.0,0.0
3.36105,0.12,3.342,3.34315,0.05292989,0.8635075,0.0,0.0,0.05292989,0.8635075,0.0,0.0,0.0,0.0
3.36204,0.12,3.343,3.34415,0.05294132,0.8643431,0.0,0.0,0.05294132,0.8643431,0.0,0.0,0.0,0.0
3.36304,0.12,3.344,3.34515,0.05295275,0.8651793,0.0,0.0,0.05295275,0.8651793,0.0,0.0,0.0,0.0
3.36403,0.12,3.345,3.34615,0.05296417,0.866016,0.0,0.0,0.05296417,0.866016,0.0,0.0,0.0,0.0
3.36503,0.12,3.346,3.34715,0.0529756,0.8668533,0.0,0.0,0.0529756,0.8668533,0.0,0.0,0.0,0.0
3.36602,0.12,3.347,3.34815,0.05298703,0.8676912,0.0,0.0,0.05298703,0.8676912,0.0,0.0,0.0,0.0
3.36702,0.12,3.348,3.34915,0.05299846,0.8685296,0.0,0.0,0.05299846,0.8685296,0.0,0.0,0.0,0.0
3.36801,0.12,3.349,3.35015,0.05300989,0.8693686,0.0,0.0,0.05300989,0.8693686,0.0,0.0,0.0,0.0
3.36901,0.12,3.35,3.35115,0.05302132,0.8702081,0.0,0.0,0.05302132,0.8702081,0.0,0.0,0.0,0.0
3.37,0.12,3.351,3.35215,0.05303275,0.8710483,0.0,0.0,0.05303275,0.8710483,0.0,0.0,0.0,0.0
3.371,0.12,3.352,3.35315,0.05304418,0.8718889,0.0,0.0,0.05304418,0.8718889,0.0,0.0,0.0,0.0
3.37199,0.12,3.353,3.35415,0.05305561,0.8727302,0.0,0.0,0.05305561,0.8727302,0.0,0.0,0.0,0.0
3.37299,0.12,3.354,3.35515,0.05306705,0.873572,0.0,0.0,0.05306705,0.873572,0.0,0.0,0.0,0.0
3.37398,0.12,3.355,3.35615,0.05307848,0.8744143,0.0,0.0,0.05307848,0.8744143,0.0,0.0,0.0,0.0
3.37498,0.12,3.356,3.35715,0.05308991,0.8752572,0.0,0.0,0.05308991,0.8752572,0.0,0.0,0.0,0.0
3.37597,0.12,3.357,3.35815,0.05310134,0.8761007,0.0,0.0,0.05310134,0.8761007,0.0,0.0,0.0,0.0
3.37696,0.12,3.358,3.35915,0.05311277,0.8769448,0.0,0.0,0.05311277,0.8769448,0.0,0.0,0.0,0.0
3.37796,0.12,3.359,3.36015,0.0531242,0.8777894,0.0,0.0,0.0531242,0.8777894,0.0,0.0,0.0,0.0
3.37895,0.12,3.36,3.36115,0.05313563,0.8786346,0.0,0.0,0.05313563,0.8786346,0.0,0.0,0.0,0.0
3.37995,0.12,3.361,3.36215,0.05314706,0.8794803,0.0,0.0,0.05314706,0.8794803,0.0,0.0,0.0,0.0
3.38094,0.12,3.362,3.36315,0.0531585,0.8803266,0.0,0.0,0.0531585,0.8803266,0.0,0.0,0.0,0.0
3.38194,0.12,3.363,3.36415,0.05316993,0.8811735,0.0,0.0,0.05316993,0.8811735,0.0,0.0,0.0,0.0
3.38293,0.12,3.364,3.36515,0.05318136,0.8820209,0.0,0.0,0.05318136,0.8820209,0.0,0.0,0.0,0.0
3.38393,0.12,3.365,3.36615,0.05319279,0.8828689,0.0,0.0,0.05319279,0.8828689,0.0,0.0,0.0,0.0
3.38492,0.12,3.366,3.36715,0.05320423,0.8837175,0.0,0.0,0.05320423,0.8837175,0.0,0.0,0.0,0.0
3.38592,0.12,3.367,3.36815,0.05321566,0.8845666,0.0,0.0,0.05321566,0.8845666,0.0,0.0,0.0,0.0
3.38691,0.12,3.368,3.36915,0.05322709,0.8854163,0.0,0.0,0.05322709,0.8854163,0.0,0.0,0.0,0.0
3.38791,0.12,3.369,3.37015,0.05323853,0.8862666,0.0,0.0,0.05323853,0.8862666,0.0,0.0,0.0,0.0
3.3889,0.12,3.37,3.37115,0.05324996,0.8871174,0.0,0.0,0.05324996,0.8871174,0.0,0.0,0.0,0.0
3.3899,0.12,3.371,3.37215,0.05326139,0.8879688,0.0,0.0,0.05326139,0.8879688,0.0,0.0,0.0,0.0
3.39089,0.12,3.372,3.37315,0.05327283,0.8888208,0.0,0.0,0.05327283,0.8888208,0.0,0.0,0.0,0.0
3.39189,0.12,3.373,3.37415,0.05328426,0.8896733,0.0,0.0,0.05328426,0.8896733,0.0,0.0,0.0,0.0
3.39288,0.12,3.374,3.37515,0.05329569,0.8905264,0.0,0.0,0.05329569,0.8905264,0.0,0.0,0.0,0.0
3.39388,0.12,3.375,3.37615,0.05330713,0.8913801,0.0,0.0,0.05330713,0.8913801,0.0,0.0,0.0,0.0
3.39487,0.12,3.376,3.37715,0.05331856,0.8922343,0.0,0.0,0.05331856,0.8922343,0.0,0.0,0.0,0.0
3.39587,0.12,3.377,3.37815,0.05333,0.8930891,0.0,0.0,0.05333,0.8930891,0.0,0.0,0.0,0.0
3.39686,0.12,3.378,3.37915,0.05334143,0.8939445,0.0,0.0,0.05334143,0.8939445,0.0,0.0,0.0,0.0
3.39785,0.12,3.379,3.38015,0.05335286,0.8948004,0.0,0.0,0.05335286,0.8948004,0.0,0.0,0.0,0.0
3.39885,0.12,3.38,3.38115,0.0533643,0.8956569,0.0,0.0,0.0533643,0.8956569,0.0,0.0,0.0,0.0
3.39984,0.12,3.381,3.38215,0.05337573,0.896514,0.0,0.0,0.05337573,0.896514,0.0,0.0,0.0,0.0
3.40084,0.12,3.382,3.38315,0.05338717,0.8973716,0.0,0.0,0.05338717,0.8973716,0.0,0.0,0.0,0.0
3.40183,0.12,3.383,3.38415,0.0533986,0.8982298,0.0,0.0,0.0533986,0.8982298,0.0,0.0,0.0,0.0
3.40283,0.12,3.384,3.38515,0.05341004,0.8990886,0.0,0.0,0.05341004,0.8990886,0.0,0.0,0.0,0.0
3.40382,0.12,3.385,3.38615,0.05342147,0.899948,0.0,0.0,0.05342147,0.899948,0.0,0.0,0.0,0.0
3.40482,0.12,3.386,3.38715,0.05343291,0.9008079,0.0,0.0,0.05343291,0.9008079,0.0,0.0,0.0,0.0
3.40581,0.12,3.387,3.38815,0.05344435,0.9016684,0.0,0.0,0.05344435,0.9016684,0.0,0.0,0.0,0.0
3.40681,0.12,3.388,3.38915,0.05345578,0.9025294,0.0,0.0,0.05345578,0.9025294,0.0,0.0,0.0,0.0
3.4078,0.12,3.389,3.39015,0.05346722,0.903391,0.0,0.0,0.05346722,0.903391,0.0,0.0,0.0,0.0
3.4088,0.12,3.39,3.39115,0.05347865,0.9042532,0.0,0.0,0.05347865,0.9042532,0.0,0.0,0.0,0.0
3.40979,0.12,3.391,3.39215,0.05349009,0.905116,0.0,0.0,0.05349009,0.905116,0.0,0.0,0.0,0.0
3.41079,0.12,3.392,3.39315,0.05350153,0.9059793,0.0,0.0,0.05350153,0.9059793,0.0,0.0,0.0,0.0
3.41178,0.12,3.393,3.39415,0.05351296,0.9068432,0.0,0.0,0.05351296,0.9068432,0.0,0.0,0.0,0.0
3.41278,0.12,3.394,3.39515,0.0535244,0.9077077,0.0,0.0,0.0535244,0.9077077,0.0,0.0,0.0,0.0
3.41377,0.12,3.395,3.39615,0.05353584,0.9085727,0.0,0.0,0.05353584,0.9085727,0.0,0.0,0.0,0.0
3.41477,0.12,3.396,3.39715,0.05354727,0.9094384,0.0,0.0,0.05354727,0.9094384,0.0,0.0,0.0,0.0
3.41576,0.12,3.397,3.39815,0.05355871,0.9103045,0.0,0.0,0.05355871,0.9103045,0.0,0.0,0.0,0.0
3.41676,0.12,3.398,3.39915,0.05357015,0.9111713,0.0,0.0,0.05357015,0.9111713,0.0,0.0,0.0,0.0
3.41775,0.12,3.399,3.40015,0.05358158,0.9120386,0.0,0.0,0.05358158,0.9120386,0.0,0.0,0.0,0.0
3.41875,0.12,3.4,3.40115,0.05359302,0.9129065,0.0,0.0,0.05359302,0.9129065,0.0,0.0,0.0,0.0
3.41974,0.12,3.401,3.40215,0.05360446,0.913775,0.0,0.0,0.05360446,0.913775,0.0,0.0,0.0,0.0
3.42074,0.12,3.402,3.40315,0.0536159,0.9146441,0.0,0.0,0.0536159,0.9146441,0.0,0.0,0.0,0.0
3.42173,0.12,3.403,3.40415,0.05362733,0.9155137,0.0,0.0,0.05362733,0.9155137,0.0,0.0,0.0,0.0
3.42273,0.12,3.404,3.40515,0.05363877,0.9163839,0.0,0.0,0.05363877,0.9163839,0.0,0.0,0.0,0.0
3.42372,0.12,3.405,3.40615,0.05365021,0.9172546,0.0,0.0,0.05365021,0.9172546,0.0,0.0,0.0,0.0
3.42472,0.12,3.406,3.40715,0.05366165,0.918126,0.0,0.0,0.05366165,0.918126,0.0,0.0,0.0,0.0
3.42571,0.12,3.407,3.40815,0.05367309,0.9189979,0.0,0.0,0.05367309,0.9189979,0.0,0.0,0.0,0.0
3.4267,0.12,3.408,3.40915,0.05368453,0.9198704,0.0,0.0,0.05368453,0.9198704,0.0,0.0,0.0,0.0
3.4277,0.12,3.409,3.41015,0.05369596,0.9207434,0.0,0.0,0.05369596,0.9207434,0.0,0.0,0.0,0.0
3.42869,0.12,3.41,3.41115,0.0537074,0.9216171,0.0,0.0,0.0537074,0.9216171,0.0,0.0,0.0,0.0
3.42969,0.12,3.411,3.41215,0.05371884,0.9224913,0.0,0.0,0.05371884,0.9224913,0.0,0.0,0.0,0.0
3.43068,0.12,3.412,3.41315,0.05373028,0.9233661,0.0,0.0,0.05373028,0.9233661,0.0,0.0,0.0,0.0
3.43168,0.12,3.413,3.41415,0.05374172,0.9242414,0.0,0.0,0.05374172,0.9242414,0.0,0.0,0.0,0.0
3.43267,0.12,3.414,3.41515,0.05375316,0.9251173,0.0,0.0,0.05375316,0.9251173,0.0,0.0,0.0,0.0
3.43367,0.12,3.415,3.41615,0.0537646,0.9259938,0.0,0.0,0.0537646,0.9259938,0.0,0.0,0.0,0.0
3.43466,0.12,3.416,3.41715,0.05377604,0.9268709,0.0,0.0,0.05377604,0.9268709,0.0,0.0,0.0,0.0
3.43566,0.12,3.417,3.41815,0.05378748,0.9277486,0.0,0.0,0.05378748,0.9277486,0.0,0.0,0.0,0.0
3.43665,0.12,3.418,3.41915,0.05379892,0.9286268,0.0,0.0,0.05379892,0.9286268,0.0,0.0,0.0,0.0
3.43765,0.12,3.419,3.42015,0.05381036,0.9295056,0.0,0.0,0.05381036,0.9295056,0.0,0.0,0.0,0.0
3.43864,0.12,3.42,3.42115,0.0538218,0.930385,0.0,0.0,0.0538218,0.930385,0.0,0.0,0.0,0.0
3.43964,0.12,3.421,3.42215,0.05383324,0.931265,0.0,0.0,0.05383324,0.931265,0.0,0.0,0.0,0.0
3.44063,0.12,3.422,3.42315,0.05384468,0.9321455,0.0,0.0,0.05384468,0.9321455,0.0,0.0,0.0,0.0
3.44163,0.12,3.423,3.42415,0.05385612,0.9330266,0.0,0.0,0.05385612,0.9330266,0.0,0.0,0.0,0.0
3.44262,0.12,3.424,3.42515,0.05386756,0.9339083,0.0,0.0,0.05386756,0.9339083,0.0,0.0,0.0,0.0
3.44362,0.12,3.425,3.42615,0.053879,0.9347905,0.0,0.0,0.053879,0.9347905,0.0,0.0,0.0,0.0
3.44461,0.12,3.426,3.42715,0.05389044,0.9356734,0.0,0.0,0.05389044,0.9356734,0.0,0.0,0.0,0.0
3.44561,0.12,3.427,3.42815,0.05390188,0.9365568,0.0,0.0,0.05390188,0.9365568,0.0,0.0,0.0,0.0
3.4466,0.12,3.428,3.42915,0.05391332,0.9374408,0.0,0.0,0.05391332,0.9374408,0.0,0.0,0.0,0.0
3.4476,0.12,3.429,3.43015,0.05392476,0.9383254,0.0,0.0,0.05392476,0.9383254,0.0,0.0,0.0,0.0
3.44859,0.12,3.43,3.43115,0.0539362,0.9392105,0.0,0.0,0.0539362,0.9392105,0.0,0.0,0.0,0.0
3.44959,0.12,3.431,3.43215,0.05394764,0.9400963,0.0,0.0,0.05394764,0.9400963,0.0,0.0,0.0,0.0
3.45058,0.12,3.432,3.43315,0.05395908,0.9409826,0.0,0.0,0.05395908,0.9409826,0.0,0.0,0.0,0.0
3.45158,0.12,3.433,3.43415,0.05397052,0.9418695,0.0,0.0,0.05397052,0.9418695,0.0,0.0,0.0,0.0
3.45257,0.12,3.434,3.43515,0.05398196,0.9427569,0.0,0.0,0.05398196,0.9427569,0.0,0.0,0.0,0.0
3.45357,0.12,3.435,3.43615,0.05399341,0.943645,0.0,0.0,0.05399341,0.943645,0.0,0.0,0.0,0.0
3.45456,0.12,3.436,3.43715,0.05400485,0.9445336,0.0,0.0,0.05400485,0.9445336,0.0,0.0,0.0,0.0
3.45556,0.12,3.437,3.43815,0.05401629,0.9454228,0.0,0.0,0.05401629,0.9454228,0.0,0.0,0.0,0.0
3.45655,0.12,3.438,3.43915,0.05402773,0.9463126,0.0,0.0,0.05402773,0.9463126,0.0,0.0,0.0,0.0
3.45755,0.12,3.439,3.44015,0.05403917,0.9472029,0.0,0.0,0.05403917,0.9472029,0.0,0.0,0.0,0.0
3.45854,0.12,3.44,3.44115,0.05405061,0.9480939,0.0,0.0,0.05405061,0.9480939,0.0,0.0,0.0,0.0
3.45954,0.12,3.441,3.44215,0.05406206,0.9489854,0.0,0.0,0.05406206,0.9489854,0.0,0.0,0.0,0.0
3.46053,0.12,3.442,3.44315,0.0540735,0.9498775,0.0,0.0,0.0540735,0.9498775,0.0,0.0,0.0,0.0
3.46153,0.12,3.443,3.44415,0.05408494,0.9507702,0.0,0.0,0.05408494,0.9507702,0.0,0.0,0.0,0.0
3.46252,0.12,3.444,3.44515,0.05409638,0.9516634,0.0,0.0,0.05409638,0.9516634,0.0,0.0,0.0,0.0
3.46352,0.12,3.445,3.44615,0.05410783,0.9525573,0.0,0.0,0.05410783,0.9525573,0.0,0.0,0.0,0.0
3.46451,0.12,3.446,3.44715,0.05411927,0.9534517,0.0,0.0,0.05411927,0.9534517,0.0,0.0,0.0,0.0
3.46551,0.12,3.447,3.44815,0.05413071,0.9543467,0.0,0.0,0.05413071,0.9543467,0.0,0.0,0.0,0.0
3.4665,0.12,3.448,3.44915,0.05414215,0.9552423,0.0,0.0,0.05414215,0.9552423,0.0,0.0,0.0,0.0
3.4675,0.12,3.449,3.45015,0.0541536,0.9561384,0.0,0.0,0.0541536,0.9561384,0.0,0.0,0.0,0.0
3.46849,0.12,3.45,3.45115,0.05416504,0.9570352,0.0,0.0,0.05416504,0.9570352,0.0,0.0,0.0,0.0
3.46949,0.12,3.451,3.45215,0.05417648,0.9579325,0.0,0.0,0.05417648,0.9579325,0.0,0.0,0.0,0.0
3.47048,0.12,3.452,3.45315,0.05418793,0.9588304,0.0,0.0,0.05418793,0.9588304,0.0,0.0,0.0,0.0
3.47148,0.12,3.453,3.45415,0.05419937,0.9597289,0.0,0.0,0.05419937,0.9597289,0.0,0.0,0.0,0.0
3.47247,0.12,3.454,3.45515,0.05421081,0.960628,0.0,0.0,0.05421081,0.960628,0.0,0.0,0.0,0.0
3.47347,0.12,3.455,3.45615,0.05422226,0.9615277,0.0,0.0,0.05422226,0.9615277,0.0,0.0,0.0,0.0
3.47446,0.12,3.456,3.45715,0.0542337,0.9624279,0.0,0.0,0.0542337,0.9624279,0.0,0.0,0.0,0.0
3.47546,0.12,3.457,3.45815,0.05424514,0.9633287,0.0,0.0,0.05424514,0.9633287,0.0,0.0,0.0,0.0
3.47645,0.12,3.458,3.45915,0.05425659,0.9642302,0.0,0.0,0.05425659,0.9642302,0.0,0.0,0.0,0.0
3.47745,0.12,3.459,3.46015,0.05426803,0.9651322,0.0,0.0,0.05426803,0.9651322,0.0,0.0,0.0,0.0
3.47844,0.12,3.46,3.46115,0.05427947,0.9660347,0.0,0.0,0.05427947,0.9660347,0.0,0.0,0.0,0.0
3.47944,0.12,3.461,3.46215,0.05429092,0.9669379,0.0,0.0,0.05429092,0.9669379,0.0,0.0,0.0,0.0
3.48043,0.12,3.462,3.46315,0.05430236,0.9678416,0.0,0.0,0.05430236,0.9678416,0.0,0.0,0.0,0.0
3.48143,0.12,3.463,3.46415,0.0543138,0.968746,0.0,0.0,0.0543138,0.968746,0.0,0.0,0.0,0.0
3.48242,0.12,3.464,3.46515,0.05432525,0.9696509,0.0,0.0,0.05432525,0.9696509,0.0,0.0,0.0,0.0
3.48342,0.12,3.465,3.46615,0.05433669,0.9705564,0.0,0.0,0.05433669,0.9705564,0.0,0.0,0.0,0.0
3.48441,0.12,3.466,3.46715,0.05434814,0.9714625,0.0,0.0,0.05434814,0.9714625,0.0,0.0,0.0,0.0
3.48541,0.12,3.467,3.46815,0.05435958,0.9723691,0.0,0.0,0.05435958,0.9723691,0.0,0.0,0.0,0.0
3.4864,0.12,3.468,3.46915,0.05437103,0.9732764,0.0,0.0,0.05437103,0.9732764,0.0,0.0,0.0,0.0
3.4874,0.12,3.469,3.47015,0.05438247,0.9741842,0.0,0.0,0.05438247,0.9741842,0.0,0.0,0.0,0.0
3.48839,0.12,3.47,3.47115,0.05439392,0.9750927,0.0,0.0,0.05439392,0.9750927,0.0,0.0,0.0,0.0
3.48939,0.12,3.471,3.47215,0.05440536,0.9760017,0.0,0.0,0.05440536,0.9760017,0.0,0.0,0.0,0.0
3.49038,0.12,3.472,3.47315,0.0544168,0.9769113,0.0,0.0,0.0544168,0.9769113,0.0,0.0,0.0,0.0
3.49138,0.12,3.473,3.47415,0.05442825,0.9778214,0.0,0.0,0.05442825,0.9778214,0.0,0.0,0.0,0.0
3.49237,0.12,3.474,3.47515,0.05443969,0.9787322,0.0,0.0,0.05443969,0.9787322,0.0,0.0,0.0,0.0
3.49337,0.12,3.475,3.47615,0.05445114,0.9796436,0.0,0.0,0.05445114,0.9796436,0.0,0.0,0.0,0.0
3.49436,0.12,3.476,3.47715,0.05446258,0.9805555,0.0,0.0,0.05446258,0.9805555,0.0,0.0,0.0,0.0
3.49536,0.12,3.477,3.47815,0.05447403,0.981468,0.0,0.0,0.05447403,0.981468,0.0,0.0,0.0,0.0
3.49635,0.12,3.478,3.47915,0.05448547,0.9823812,0.0,0.0,0.05448547,0.9823812,0.0,0.0,0.0,0.0
3.49735,0.12,3.479,3.48015,0.05449692,0.9832949,0.0,0.0,0.05449692,0.9832949,0.0,0.0,0.0,0.0
3.49834,0.12,3.48,3.48115,0.05450836,0.9842092,0.0,0.0,0.05450836,0.9842092,0.0,0.0,0.0,0.0
3.49934,0.12,3.481,3.48215,0.05451981,0.985124,0.0,0.0,0.05451981,0.985124,0.0,0.0,0.0,0.0
3.50033,0.12,3.482,3.48315,0.05453126,0.9860395,0.0,0.0,0.05453126,0.9860395,0.0,0.0,0.0,0.0
3.50133,0.12,3.483,3.48415,0.0545427,0.9869556,0.0,0.0,0.0545427,0.9869556,0.0,0.0,0.0,0.0
3.50232,0.12,3.484,3.48515,0.05455415,0.9878722,0.0,0.0,0.05455415,0.9878722,0.0,0.0,0.0,0.0
3.50332,0.12,3.485,3.48615,0.05456559,0.9887895,0.0,0.0,0.05456559,0.9887895,0.0,0.0,0.0,0.0
3.50431,0.12,3.486,3.48715,0.05457704,0.9897073,0.0,0.0,0.05457704,0.9897073,0.0,0.0,0.0,0.0
3.50531,0.12,3.487,3.48815,0.05458848,0.9906257,0.0,0.0,0.05458848,0.9906257,0.0,0.0,0.0,0.0
3.5063,0.12,3.488,3.48915,0.05459993,0.9915447,0.0,0.0,0.05459993,0.9915447,0.0,0.0,0.0,0.0
3.5073,0.12,3.489,3.49015,0.05461138,0.9924643,0.0,0.0,0.05461138,0.9924643,0.0,0.0,0.0,0.0
3.50829,0.12,3.49,3.49115,0.05462282,0.9933845,0.0,0.0,0.05462282,0.9933845,0.0,0.0,0.0,0.0
3.50929,0.12,3.491,3.49215,0.05463427,0.9943052,0.0,0.0,0.05463427,0.9943052,0.0,0.0,0.0,0.0
3.51028,0.12,3.492,3.49315,0.05464571,0.9952266,0.0,0.0,0.05464571,0.9952266,0.0,0.0,0.0,0.0
3.51128,0.12,3.493,3.49415,0.05465716,0.9961486,0.0,0.0,0.05465716,0.9961486,0.0,0.0,0.0,0.0
3.51228,0.12,3.494,3.49515,0.05466861,0.9970711,0.0,0.0,0.05466861,0.9970711,0.0,0.0,0.0,0.0
3.51327,0.12,3.495,3.49615,0.05468005,0.9979942,0.0,0.0,0.05468005,0.9979942,0.0,0.0,0.0,0.0
3.51427,0.12,3.496,3.49715,0.0546915,0.998918,0.0,0.0,0.0546915,0.998918,0.0,0.0,0.0,0.0
3.51526,0.12,3.497,3.49815,0.05470295,0.9998423,0.0,0.0,0.05470295,0.9998423,0.0,0.0,0.0,0.0
3.51626,0.12,3.498,3.49915,0.05471439,1.000767,0.0,0.0,0.05471439,1.000767,0.0,0.0,0.0,0.0
3.51725,0.12,3.499,3.50015,0.05472584,1.001693,0.0,0.0,0.05472584,1.001693,0.0,0.0,0.0,0.0
3.51825,0.12,3.5,3.50115,0.05473729,1.002619,0.0,0.0,0.05473729,1.002619,0.0,0.0,0.0,0.0
