  0.50000  0.25000 -0.01118  0.00000            NaN            NaN  0.0000000E+00            NaN            NaN            NaN  0.0000000E+00  0.0000000E+00  0.5804176E-15            NaN
  0.50000  0.25000 -0.01108  0.00010  0.6446554E-15  0.1573484E-11  0.0000000E+00  0.0000000E+00 -0.0000000E+00 -0.0000000E+00  0.0000000E+00  0.0000000E+00  0.6446554E-15  0.1573484E-11
  0.50000  0.25000 -0.01098  0.00020  0.7158270E-15  0.1693562E-11  0.0000000E+00  0.0000000E+00 -0.0000000E+00 -0.0000000E+00  0.0000000E+00  0.0000000E+00  0.7158270E-15  0.1693562E-11
  0.50000  0.25000 -0.01088  0.00030  0.7946612E-15  0.1822552E-11  0.0000000E+00  0.0000000E+00 -0.0000000E+00 -0.0000000E+00  0.0000000E+00  0.0000000E+00  0.7946612E-15  0.1822552E-11
  0.50000  0.25000 -0.01078  0.00040  0.8819612E-15  0.1961095E-11  0.0000000E+00  0.0000000E+00 -0.0000000E+00 -0.0000000E+00  0.0000000E+00  0.0000000E+00  0.8819612E-15  0.1961095E-11
  0.50000  0.25000 -0.01068  0.00050  0.9786116E-15  0.2109879E-11  0.0000000E+00  0.0000000E+00 -0.0000000E+00 -0.0000000E+00  0.0000000E+00  0.0000000E+00  0.9786116E-15  0.2109879E-11
  0.50000  0.25000 -0.01058  0.00060  0.1085587E-14  0.2269638E-11  0.0000000E+00  0.0000000E+00 -0.0000000E+00 -0.0000000E+00  0.0000000E+00  0.0000000E+00  0.1085587E-14  0.2269638E-11
  0.50000  0.25000 -0.01048  0.00070  0.1203961E-14  0.2441157E-11  0.0000000E+00  0.0000000E+00 -0.0000000E+00 -0.0000000E+00  0.0000000E+00  0.0000000E+00  0.1203961E-14  0.2441157E-11
  0.50000  0.25000 -0.01038  0.00080  0.1334916E-14  0.2625276E-11  0.0000000E+00  0.0000000E+00 -0.0000000E+00 -0.0000000E+00  0.0000000E+00  0.0000000E+00  0.1334916E-14  0.2625276E-11
  0.50000  0.25000 -0.01028  0.00090  0.1479751E-14  0.2822891E-11  0.0000000E+00  0.0000000E+00 -0.0000000E+00 -0.0000000E+00  0.0000000E+00  0.0000000E+00  0.1479751E-14  0.2822891E-11
  0.50000  0.25000 -0.01018  0.00100  0.1639898E-14  0.3034963E-11  0.0000000E+00  0.0000000E+00 -0.0000000E+00 -0.0000000E+00  0.0000000E+00  0.0000000E+00  0.1639898E-14  0.3034963E-11
  0.50000  0.25000 -0.01008  0.00110  0.1816931E-14  0.3262517E-11  0.0000000E+00  0.0000000E+00 -0.0000000E+00 -0.0000000E+00  0.0000000E+00  0.0000000E+00  0.1816931E-14  0.3262517E-11
  0.50000  0.25000 -0.00998  0.00120  0.2012581E-14  0.3506649E-11  0.0000000E+00  0.0000000E+00 -0.0000000E+00 -0.0000000E+00  0.0000000E+00  0.0000000E+00  0.2012581E-14  0.3506649E-11
  0.50000  0.25000 -0.00988  0.00130  0.2228753E-14  0.3768528E-11  0.0000000E+00  0.0000000E+00 -0.0000000E+00 -0.0000000E+00  0.0000000E+00  0.0000000E+00  0.2228753E-14  0.3768528E-11
  0.50000  0.25000 -0.00978  0.00140  0.2467539E-14  0.4049406E-11  0.0000000E+00  0.0000000E+00 -0.0000000E+00 -0.0000000E+00  0.0000000E+00  0.0000000E+00  0.2467539E-14  0.4049406E-11
  0.50000  0.25000 -0.00968  0.00150  0.2731237E-14  0.4350619E-11  0.0000000E+00  0.0000000E+00 -0.0000000E+00 -0.0000000E+00  0.0000000E+00  0.0000000E+00  0.2731237E-14  0.4350619E-11
  0.50000  0.25000 -0.00958  0.00160  0.3022374E-14  0.4673591E-11  0.0000000E+00  0.0000000E+00 -0.0000000E+00 -0.0000000E+00  0.0000000E+00  0.0000000E+00  0.3022374E-14  0.4673591E-11
  0.50000  0.25000 -0.00948  0.00170  0.3343725E-14  0.5019847E-11  0.0000000E+00  0.0000000E+00 -0.0000000E+00 -0.0000000E+00  0.0000000E+00  0.0000000E+00  0.3343725E-14  0.5019847E-11
  0.50000  0.25000 -0.00938  0.00180  0.3698335E-14  0.5391013E-11  0.0000000E+00  0.0000000E+00 -0.0000000E+00 -0.0000000E+00  0.0000000E+00  0.0000000E+00  0.3698335E-14  0.5391013E-11
  0.50000  0.25000 -0.00928  0.00190  0.4089549E-14  0.5788823E-11  0.0000000E+00  0.0000000E+00 -0.0000000E+00 -0.0000000E+00  0.0000000E+00  0.0000000E+00  0.4089549E-14  0.5788823E-11
  0.50000  0.25000 -0.00918  0.00200  0.4521036E-14  0.6215131E-11  0.0000000E+00  0.0000000E+00 -0.0000000E+00 -0.0000000E+00  0.0000000E+00  0.0000000E+00  0.4521036E-14  0.6215131E-11
  0.50000  0.25000 -0.00908  0.00210  0.4996823E-14  0.6671912E-11  0.0000000E+00  0.0000000E+00 -0.0000000E+00 -0.0000000E+00  0.0000000E+00  0.0000000E+00  0.4996823E-14  0.6671912E-11
  0.50000  0.25000 -0.00898  0.00220  0.5521325E-14  0.7161276E-11  0.0000000E+00  0.0000000E+00 -0.0000000E+00 -0.0000000E+00  0.0000000E+00  0.0000000E+00  0.5521325E-14  0.7161276E-11
  0.50000  0.24999 -0.00888  0.00230  0.6099387E-14  0.7685472E-11  0.0000000E+00  0.0000000E+00 -0.0000000E+00 -0.0000000E+00  0.0000000E+00  0.0000000E+00  0.6099387E-14  0.7685472E-11
  0.50000  0.24999 -0.00878  0.00240  0.6736315E-14  0.8246901E-11  0.0000000E+00  0.0000000E+00 -0.0000000E+00 -0.0000000E+00  0.0000000E+00  0.0000000E+00  0.6736315E-14  0.8246901E-11
  0.50000  0.24999 -0.00868  0.00250  0.7437929E-14  0.8848121E-11  0.0000000E+00  0.0000000E+00 -0.0000000E+00 -0.0000000E+00  0.0000000E+00  0.0000000E+00  0.7437929E-14  0.8848121E-11
  0.50000  0.24999 -0.00858  0.00260  0.8210604E-14  0.9491861E-11  0.0000000E+00  0.0000000E+00 -0.0000000E+00 -0.0000000E+00  0.0000000E+00  0.0000000E+00  0.8210604E-14  0.9491861E-11
  0.50000  0.24999 -0.00848  0.00270  0.9061322E-14  0.1018103E-10  0.0000000E+00  0.0000000E+00 -0.0000000E+00 -0.0000000E+00  0.0000000E+00  0.0000000E+00  0.9061322E-14  0.1018103E-10
  0.50000  0.24999 -0.00838  0.00280  0.9997730E-14  0.1091873E-10  0.0000000E+00  0.0000000E+00 -0.0000000E+00 -0.0000000E+00  0.0000000E+00  0.0000000E+00  0.9997730E-14  0.1091873E-10
  0.50000  0.24999 -0.00828  0.00290  0.1102820E-13  0.1170827E-10  0.0000000E+00  0.0000000E+00 -0.0000000E+00 -0.0000000E+00  0.0000000E+00  0.0000000E+00  0.1102820E-13  0.1170827E-10
  0.50000  0.24999 -0.00818  0.00300  0.1216190E-13  0.1255317E-10  0.0000000E+00  0.0000000E+00 -0.0000000E+00 -0.0000000E+00  0.0000000E+00  0.0000000E+00  0.1216190E-13  0.1255317E-10
  0.50000  0.24999 -0.00808  0.00310  0.1340885E-13  0.1345717E-10  0.0000000E+00  0.0000000E+00 -0.0000000E+00 -0.0000000E+00  0.0000000E+00  0.0000000E+00  0.1340885E-13  0.1345717E-10
  0.50000  0.24999 -0.00798  0.00320  0.1478001E-13  0.1442429E-10  0.0000000E+00  0.0000000E+00 -0.0000000E+00 -0.0000000E+00  0.0000000E+00  0.0000000E+00  0.1478001E-13  0.1442429E-10
  0.50000  0.24999 -0.00788  0.00330  0.1628740E-13  0.1545878E-10  0.0000000E+00  0.0000000E+00 -0.0000000E+00 -0.0000000E+00  0.0000000E+00  0.0000000E+00  0.1628740E-13  0.1545878E-10
  0.50000  0.24999 -0.00778  0.00340  0.1794411E-13  0.1656517E-10  0.0000000E+00  0.0000000E+00 -0.0000000E+00 -0.0000000E+00  0.0000000E+00  0.0000000E+00  0.1794411E-13  0.1656517E-10
  0.50000  0.24999 -0.00768  0.00350  0.1976448E-13  0.1774830E-10  0.0000000E+00  0.0000000E+00 -0.0000000E+00 -0.0000000E+00  0.0000000E+00  0.0000000E+00  0.1976448E-13  0.1774830E-10
  0.50000  0.24999 -0.00758  0.00360  0.2176419E-13  0.1901330E-10  0.0000000E+00  0.0000000E+00 -0.0000000E+00 -0.0000000E+00  0.0000000E+00  0.0000000E+00  0.2176419E-13  0.1901330E-10
  0.50000  0.24999 -0.00748  0.00370  0.2396033E-13  0.2036566E-10  0.0000000E+00  0.0000000E+00 -0.0000000E+00 -0.0000000E+00  0.0000000E+00  0.0000000E+00  0.2396033E-13  0.2036566E-10
  0.50000  0.24999 -0.00738  0.00380  0.2637160E-13  0.2181119E-10  0.0000000E+00  0.0000000E+00 -0.0000000E+00 -0.0000000E+00  0.0000000E+00  0.0000000E+00  0.2637160E-13  0.2181119E-10
  0.50000  0.24998 -0.00728  0.00390  0.2901841E-13  0.2335610E-10  0.0000000E+00  0.0000000E+00 -0.0000000E+00 -0.0000000E+00  0.0000000E+00  0.0000000E+00  0.2901841E-13  0.2335610E-10
  0.50000  0.24998 -0.00718  0.00400  0.3192303E-13  0.2500699E-10  0.0000000E+00  0.0000000E+00 -0.0000000E+00 -0.0000000E+00  0.0000000E+00  0.0000000E+00  0.3192303E-13  0.2500699E-10
  0.50000  0.24998 -0.00708  0.00410  0.3510976E-13  0.2677087E-10  0.0000000E+00  0.0000000E+00 -0.0000000E+00 -0.0000000E+00  0.0000000E+00  0.0000000E+00  0.3510976E-13  0.2677087E-10
  0.50000  0.24998 -0.00698  0.00420  0.3860513E-13  0.2865521E-10  0.0000000E+00  0.0000000E+00 -0.0000000E+00 -0.0000000E+00  0.0000000E+00  0.0000000E+00  0.3860513E-13  0.2865521E-10
  0.50000  0.24998 -0.00688  0.00430  0.4243807E-13  0.3066795E-10  0.0000000E+00  0.0000000E+00 -0.0000000E+00 -0.0000000E+00  0.0000000E+00  0.0000000E+00  0.4243807E-13  0.3066795E-10
  0.50000  0.24998 -0.00678  0.00440  0.4664010E-13  0.3281753E-10  0.0000000E+00  0.0000000E+00 -0.0000000E+00 -0.0000000E+00  0.0000000E+00  0.0000000E+00  0.4664010E-13  0.3281753E-10
  0.50000  0.24998 -0.00668  0.00450  0.5124562E-13  0.3511294E-10  0.0000000E+00  0.0000000E+00 -0.0000000E+00 -0.0000000E+00  0.0000000E+00  0.0000000E+00  0.5124562E-13  0.3511294E-10
  0.50000  0.24998 -0.00658  0.00460  0.5629209E-13  0.3756371E-10  0.0000000E+00  0.0000000E+00 -0.0000000E+00 -0.0000000E+00  0.0000000E+00  0.0000000E+00  0.5629209E-13  0.3756371E-10
  0.50000  0.24998 -0.00648  0.00470  0.6182033E-13  0.4017998E-10  0.0000000E+00  0.0000000E+00 -0.0000000E+00 -0.0000000E+00  0.0000000E+00  0.0000000E+00  0.6182033E-13  0.4017998E-10
  0.50000  0.24998 -0.00638  0.00480  0.6787480E-13  0.4297255E-10  0.0000000E+00  0.0000000E+00 -0.0000000E+00 -0.0000000E+00  0.0000000E+00  0.0000000E+00  0.6787480E-13  0.4297255E-10
  0.50000  0.24998 -0.00628  0.00490  0.7450394E-13  0.4595285E-10  0.0000000E+00  0.0000000E+00 -0.0000000E+00 -0.0000000E+00  0.0000000E+00  0.0000000E+00  0.7450394E-13  0.4595285E-10
  0.50000  0.24998 -0.00618  0.00500  0.8176043E-13  0.4913307E-10  0.0000000E+00  0.0000000E+00 -0.0000000E+00 -0.0000000E+00  0.0000000E+00  0.0000000E+00  0.8176043E-13  0.4913307E-10
  0.50000  0.24997 -0.00608  0.00510  0.8970166E-13  0.5252612E-10  0.0000000E+00  0.0000000E+00 -0.0000000E+00 -0.0000000E+00  0.0000000E+00  0.0000000E+00  0.8970166E-13  0.5252612E-10
  0.50000  0.24997 -0.00598  0.00520  0.9839004E-13  0.5614574E-10  0.0000000E+00  0.0000000E+00 -0.0000000E+00 -0.0000000E+00  0.0000000E+00  0.0000000E+00  0.9839004E-13  0.5614574E-10
  0.50000  0.24997 -0.00588  0.00530  0.1078935E-12  0.6000651E-10  0.0000000E+00  0.0000000E+00 -0.0000000E+00 -0.0000000E+00  0.0000000E+00  0.0000000E+00  0.1078935E-12  0.6000651E-10
  0.50000  0.24997 -0.00578  0.00540  0.1182857E-12  0.6412390E-10  0.0000000E+00  0.0000000E+00 -0.0000000E+00 -0.0000000E+00  0.0000000E+00  0.0000000E+00  0.1182857E-12  0.6412390E-10
  0.50000  0.24997 -0.00568  0.00550  0.1296472E-12  0.6851434E-10  0.0000000E+00  0.0000000E+00 -0.0000000E+00 -0.0000000E+00  0.0000000E+00  0.0000000E+00  0.1296472E-12  0.6851434E-10
  0.50000  0.24997 -0.00558  0.00560  0.1420650E-12  0.7319528E-10  0.0000000E+00  0.0000000E+00 -0.0000000E+00 -0.0000000E+00  0.0000000E+00  0.0000000E+00  0.1420650E-12  0.7319528E-10
  0.50000  0.24997 -0.00548  0.00570  0.1556339E-12  0.7818523E-10  0.0000000E+00  0.0000000E+00 -0.0000000E+00 -0.0000000E+00  0.0000000E+00  0.0000000E+00  0.1556339E-12  0.7818523E-10
  0.50000  0.24997 -0.00538  0.00580  0.1704570E-12  0.8350383E-10  0.0000000E+00  0.0000000E+00 -0.0000000E+00 -0.0000000E+00  0.0000000E+00  0.0000000E+00  0.1704570E-12  0.8350383E-10
  0.50000  0.24997 -0.00528  0.00590  0.1866460E-12  0.8917192E-10  0.0000000E+00  0.0000000E+00 -0.0000000E+00 -0.0000000E+00  0.0000000E+00  0.0000000E+00  0.1866460E-12  0.8917192E-10
  0.50000  0.24996 -0.00518  0.00600  0.2043224E-12  0.9521160E-10  0.0000000E+00  0.0000000E+00 -0.0000000E+00 -0.0000000E+00  0.0000000E+00  0.0000000E+00  0.2043224E-12  0.9521160E-10
  0.50000  0.24996 -0.00508  0.00610  0.2236178E-12  0.1016463E-09  0.0000000E+00  0.0000000E+00 -0.0000000E+00 -0.0000000E+00  0.0000000E+00  0.0000000E+00  0.2236178E-12  0.1016463E-09
  0.50000  0.24996 -0.00498  0.00620  0.2446754E-12  0.1085009E-09  0.0000000E+00  0.0000000E+00 -0.0000000E+00 -0.0000000E+00  0.0000000E+00  0.0000000E+00  0.2446754E-12  0.1085009E-09
  0.50000  0.24996 -0.00488  0.00630  0.2676501E-12  0.1158018E-09  0.0000000E+00  0.0000000E+00 -0.0000000E+00 -0.0000000E+00  0.0000000E+00  0.0000000E+00  0.2676501E-12  0.1158018E-09
  0.50000  0.24996 -0.00478  0.00640  0.2927101E-12  0.1235768E-09  0.0000000E+00  0.0000000E+00 -0.0000000E+00 -0.0000000E+00  0.0000000E+00  0.0000000E+00  0.2927101E-12  0.1235768E-09
  0.50000  0.24996 -0.00468  0.00650  0.3200379E-12  0.1318557E-09  0.0000000E+00  0.0000000E+00 -0.0000000E+00 -0.0000000E+00  0.0000000E+00  0.0000000E+00  0.3200379E-12  0.1318557E-09
  0.50000  0.24996 -0.00458  0.00660  0.3498311E-12  0.1406698E-09  0.0000000E+00  0.0000000E+00 -0.0000000E+00 -0.0000000E+00  0.0000000E+00  0.0000000E+00  0.3498311E-12  0.1406698E-09
  0.50000  0.24996 -0.00448  0.00670  0.3823039E-12  0.1500523E-09  0.0000000E+00  0.0000000E+00 -0.0000000E+00 -0.0000000E+00  0.0000000E+00  0.0000000E+00  0.3823039E-12  0.1500523E-09
  0.50000  0.24995 -0.00438  0.00680  0.4176883E-12  0.1600386E-09  0.0000000E+00  0.0000000E+00 -0.0000000E+00 -0.0000000E+00  0.0000000E+00  0.0000000E+00  0.4176883E-12  0.1600386E-09
  0.50000  0.24995 -0.00428  0.00690  0.4562356E-12  0.1706658E-09  0.0000000E+00  0.0000000E+00 -0.0000000E+00 -0.0000000E+00  0.0000000E+00  0.0000000E+00  0.4562356E-12  0.1706658E-09
  0.50000  0.24995 -0.00418  0.00700  0.4982179E-12  0.1819737E-09  0.0000000E+00  0.0000000E+00 -0.0000000E+00 -0.0000000E+00  0.0000000E+00  0.0000000E+00  0.4982179E-12  0.1819737E-09
  0.50000  0.24995 -0.00408  0.00710  0.5439297E-12  0.1940039E-09  0.0000000E+00  0.0000000E+00 -0.0000000E+00 -0.0000000E+00  0.0000000E+00  0.0000000E+00  0.5439297E-12  0.1940039E-09
  0.50000  0.24995 -0.00398  0.00720  0.5936896E-12  0.2068010E-09  0.0000000E+00  0.0000000E+00 -0.0000000E+00 -0.0000000E+00  0.0000000E+00  0.0000000E+00  0.5936896E-12  0.2068010E-09
  0.50000  0.24995 -0.00388  0.00730  0.6478425E-12  0.2204117E-09  0.0000000E+00  0.0000000E+00 -0.0000000E+00 -0.0000000E+00  0.0000000E+00  0.0000000E+00  0.6478425E-12  0.2204117E-09
  0.50000  0.24995 -0.00378  0.00740  0.7067611E-12  0.2348857E-09  0.0000000E+00  0.0000000E+00 -0.0000000E+00 -0.0000000E+00  0.0000000E+00  0.0000000E+00  0.7067611E-12  0.2348857E-09
  0.50000  0.24994 -0.00368  0.00750  0.7708487E-12  0.2502757E-09  0.0000000E+00  0.0000000E+00 -0.0000000E+00 -0.0000000E+00  0.0000000E+00  0.0000000E+00  0.7708487E-12  0.2502757E-09
  0.50000  0.24994 -0.00358  0.00760  0.8405410E-12  0.2666372E-09  0.0000000E+00  0.0000000E+00 -0.0000000E+00 -0.0000000E+00  0.0000000E+00  0.0000000E+00  0.8405410E-12  0.2666372E-09
  0.50000  0.24994 -0.00348  0.00770  0.9163090E-12  0.2840291E-09  0.0000000E+00  0.0000000E+00 -0.0000000E+00 -0.0000000E+00  0.0000000E+00  0.0000000E+00  0.9163090E-12  0.2840291E-09
  0.50000  0.24994 -0.00338  0.00780  0.9986613E-12  0.3025136E-09  0.0000000E+00  0.0000000E+00 -0.0000000E+00 -0.0000000E+00  0.0000000E+00  0.0000000E+00  0.9986613E-12  0.3025136E-09
  0.50000  0.24994 -0.00328  0.00790  0.1088148E-11  0.3221566E-09  0.0000000E+00  0.0000000E+00 -0.0000000E+00 -0.0000000E+00  0.0000000E+00  0.0000000E+00  0.1088148E-11  0.3221566E-09
  0.50000  0.24994 -0.00318  0.00800  0.1185361E-11  0.3430277E-09  0.0000000E+00  0.0000000E+00 -0.0000000E+00 -0.0000000E+00  0.0000000E+00  0.0000000E+00  0.1185361E-11  0.3430277E-09
  0.50000  0.24993 -0.00308  0.00810  0.1290942E-11  0.3652005E-09  0.0000000E+00  0.0000000E+00 -0.0000000E+00 -0.0000000E+00  0.0000000E+00  0.0000000E+00  0.1290942E-11  0.3652005E-09
  0.50000  0.24993 -0.00298  0.00820  0.1405581E-11  0.3887528E-09  0.0000000E+00  0.0000000E+00 -0.0000000E+00 -0.0000000E+00  0.0000000E+00  0.0000000E+00  0.1405581E-11  0.3887528E-09
  0.50000  0.24993 -0.00288  0.00830  0.1530025E-11  0.4137668E-09  0.0000000E+00  0.0000000E+00 -0.0000000E+00 -0.0000000E+00  0.0000000E+00  0.0000000E+00  0.1530025E-11  0.4137668E-09
  0.50000  0.24993 -0.00278  0.00840  0.1665077E-11  0.4403296E-09  0.0000000E+00  0.0000000E+00 -0.0000000E+00 -0.0000000E+00  0.0000000E+00  0.0000000E+00  0.1665077E-11  0.4403296E-09
  0.50000  0.24993 -0.00268  0.00850  0.1811604E-11  0.4685328E-09  0.0000000E+00  0.0000000E+00  0.0000000E+00  0.0000000E+00  0.0000000E+00  0.0000000E+00  0.1811604E-11  0.4685328E-09
  0.50000  0.24993 -0.00258  0.00860  0.1970541E-11  0.4984737E-09  0.0000000E+00  0.0000000E+00  0.0000000E+00  0.0000000E+00  0.0000000E+00  0.0000000E+00  0.1970541E-11  0.4984737E-09
  0.50000  0.24992 -0.00248  0.00870  0.2142895E-11  0.5302546E-09  0.0000000E+00  0.0000000E+00  0.0000000E+00  0.0000000E+00  0.0000000E+00  0.0000000E+00  0.2142895E-11  0.5302546E-09
  0.50000  0.24992 -0.00238  0.00880  0.2329752E-11  0.5639838E-09  0.0000000E+00  0.0000000E+00  0.0000000E+00  0.0000000E+00  0.0000000E+00  0.0000000E+00  0.2329752E-11  0.5639838E-09
  0.50000  0.24992 -0.00228  0.00890  0.2532279E-11  0.5997757E-09  0.0000000E+00  0.0000000E+00  0.0000000E+00  0.0000000E+00  0.0000000E+00  0.0000000E+00  0.2532279E-11  0.5997757E-09
  0.50000  0.24992 -0.00218  0.00900  0.2751736E-11  0.6377509E-09  0.0000000E+00  0.0000000E+00  0.0000000E+00  0.0000000E+00  0.0000000E+00  0.0000000E+00  0.2751736E-11  0.6377509E-09
  0.50000  0.24992 -0.00208  0.00910  0.2989477E-11  0.6780368E-09  0.0000000E+00  0.0000000E+00  0.0000000E+00  0.0000000E+00  0.0000000E+00  0.0000000E+00  0.2989477E-11  0.6780368E-09
  0.50000  0.24992 -0.00198  0.00920  0.3246959E-11  0.7207680E-09  0.0000000E+00  0.0000000E+00  0.0000000E+00  0.0000000E+00  0.0000000E+00  0.0000000E+00  0.3246959E-11  0.7207680E-09
  0.50000  0.24991 -0.00188  0.00930  0.3525751E-11  0.7660864E-09  0.0000000E+00  0.0000000E+00  0.0000000E+00  0.0000000E+00  0.0000000E+00  0.0000000E+00  0.3525751E-11  0.7660864E-09
  0.50000  0.24991 -0.00178  0.00940  0.3827539E-11  0.8141416E-09  0.0000000E+00  0.0000000E+00  0.0000000E+00  0.0000000E+00  0.0000000E+00  0.0000000E+00  0.3827539E-11  0.8141416E-09
  0.50000  0.24991 -0.00168  0.00950  0.4154137E-11  0.8650918E-09  0.0000000E+00  0.0000000E+00  0.0000000E+00  0.0000000E+00  0.0000000E+00  0.0000000E+00  0.4154137E-11  0.8650918E-09
  0.50000  0.24991 -0.00158  0.00960  0.4507495E-11  0.9191035E-09  0.0000000E+00  0.0000000E+00  0.0000000E+00  0.0000000E+00  0.0000000E+00  0.0000000E+00  0.4507495E-11  0.9191035E-09
  0.50000  0.24991 -0.00148  0.00970  0.4889708E-11  0.9763525E-09  0.0000000E+00  0.0000000E+00  0.0000000E+00  0.0000000E+00  0.0000000E+00  0.0000000E+00  0.4889708E-11  0.9763525E-09
  0.50000  0.24990 -0.00138  0.00980  0.5303026E-11  0.1037024E-08  0.0000000E+00  0.0000000E+00  0.0000000E+00  0.0000000E+00  0.0000000E+00  0.0000000E+00  0.5303026E-11  0.1037024E-08
  0.50000  0.24990 -0.00128  0.00990  0.5749868E-11  0.1101314E-08  0.0000000E+00  0.0000000E+00  0.0000000E+00  0.0000000E+00  0.0000000E+00  0.0000000E+00  0.5749868E-11  0.1101314E-08
  0.50000  0.24990 -0.00118  0.01000  0.6232827E-11  0.1169428E-08  0.0000000E+00  0.0000000E+00  0.0000000E+00  0.0000000E+00  0.0000000E+00  0.0000000E+00  0.6232827E-11  0.1169428E-08
  0.50000  0.24990 -0.00108  0.01010  0.6754691E-11  0.1241582E-08  0.0000000E+00  0.0000000E+00  0.0000000E+00  0.0000000E+00  0.0000000E+00  0.0000000E+00  0.6754691E-11  0.1241582E-08
  0.50000  0.24990 -0.00098  0.01020  0.7318450E-11  0.1318007E-08  0.0000000E+00  0.0000000E+00  0.0000000E+00  0.0000000E+00  0.0000000E+00  0.0000000E+00  0.7318450E-11  0.1318007E-08
  0.50000  0.24989 -0.00088  0.01030  0.7927312E-11  0.1398943E-08  0.0000000E+00  0.0000000E+00  0.0000000E+00  0.0000000E+00  0.0000000E+00  0.0000000E+00  0.7927312E-11  0.1398943E-08
  0.50000  0.24989 -0.00078  0.01040  0.8584716E-11  0.1484643E-08  0.0000000E+00  0.0000000E+00  0.0000000E+00  0.0000000E+00  0.0000000E+00  0.0000000E+00  0.8584716E-11  0.1484643E-08
  0.50000  0.24989 -0.00068  0.01050  0.9294352E-11  0.1575376E-08  0.0000000E+00  0.0000000E+00  0.0000000E+00  0.0000000E+00  0.0000000E+00  0.0000000E+00  0.9294352E-11  0.1575376E-08
  0.50000  0.24989 -0.00058  0.01060  0.1006017E-10  0.1671423E-08  0.0000000E+00  0.0000000E+00  0.0000000E+00  0.0000000E+00  0.0000000E+00  0.0000000E+00  0.1006017E-10  0.1671423E-08
  0.50000  0.24989 -0.00048  0.01070  0.1088642E-10  0.1773081E-08  0.0000000E+00  0.0000000E+00  0.0000000E+00  0.0000000E+00  0.0000000E+00  0.0000000E+00  0.1088642E-10  0.1773081E-08
  0.50000  0.24988 -0.00038  0.01080  0.1177762E-10  0.1880662E-08  0.0000000E+00  0.0000000E+00  0.0000000E+00  0.0000000E+00  0.0000000E+00  0.0000000E+00  0.1177762E-10  0.1880662E-08
  0.50000  0.24988 -0.00028  0.01090  0.1273865E-10  0.1994495E-08  0.0000000E+00  0.0000000E+00  0.0000000E+00  0.0000000E+00  0.0000000E+00  0.0000000E+00  0.1273865E-10  0.1994495E-08
  0.50000  0.24988 -0.00018  0.01100  0.1377471E-10  0.2114925E-08  0.0000000E+00  0.0000000E+00  0.0000000E+00  0.0000000E+00  0.0000000E+00  0.0000000E+00  0.1377471E-10  0.2114925E-08
  0.50000  0.24988 -0.00008  0.01110  0.1489137E-10  0.2242318E-08  0.0000000E+00  0.0000000E+00  0.0000000E+00  0.0000000E+00  0.0000000E+00  0.0000000E+00  0.1489137E-10  0.2242318E-08
  0.50000  0.24987  0.00002  0.01120  0.1609460E-10  0.2377055E-08  0.0000000E+00  0.0000000E+00  0.0000000E+00  0.0000000E+00  0.0000000E+00  0.0000000E+00  0.1609460E-10  0.2377055E-08
  0.50000  0.24987  0.00012  0.01130  0.1739076E-10  0.2519540E-08  0.0000000E+00  0.0000000E+00  0.0000000E+00  0.0000000E+00  0.0000000E+00  0.0000000E+00  0.1739076E-10  0.2519540E-08
  0.50000  0.24987  0.00022  0.01140  0.1878669E-10  0.2670197E-08  0.0000000E+00  0.0000000E+00  0.0000000E+00  0.0000000E+00  0.0000000E+00  0.0000000E+00  0.1878669E-10  0.2670197E-08
  0.50000  0.24987  0.00032  0.01150  0.2028968E-10  0.2829472E-08  0.0000000E+00  0.0000000E+00  0.0000000E+00  0.0000000E+00  0.0000000E+00  0.0000000E+00  0.2028968E-10  0.2829472E-08
  0.50000  0.24987  0.00042  0.01160  0.2190752E-10  0.2997832E-08  0.0000000E+00  0.0000000E+00  0.0000000E+00  0.0000000E+00  0.0000000E+00  0.0000000E+00  0.2190752E-10  0.2997832E-08
  0.50000  0.24986  0.00052  0.01170  0.2364853E-10  0.3175772E-08  0.0000000E+00  0.0000000E+00  0.0000000E+00  0.0000000E+00  0.0000000E+00  0.0000000E+00  0.2364853E-10  0.3175772E-08
  0.50000  0.24986  0.00062  0.01180  0.2552164E-10  0.3363809E-08  0.0000000E+00  0.0000000E+00  0.0000000E+00  0.0000000E+00  0.0000000E+00  0.0000000E+00  0.2552164E-10  0.3363809E-08
  0.50000  0.24986  0.00072  0.01190  0.2753632E-10  0.3562486E-08  0.0000000E+00  0.0000000E+00  0.0000000E+00  0.0000000E+00  0.0000000E+00  0.0000000E+00  0.2753632E-10  0.3562486E-08
  0.50000  0.24986  0.00082  0.01200  0.2970273E-10  0.3772377E-08  0.0000000E+00  0.0000000E+00  0.0000000E+00  0.0000000E+00  0.0000000E+00  0.0000000E+00  0.2970273E-10  0.3772377E-08
  0.50000  0.24985  0.00092  0.01210  0.3203171E-10  0.3994082E-08  0.0000000E+00  0.0000000E+00  0.0000000E+00  0.0000000E+00  0.0000000E+00  0.0000000E+00  0.3203171E-10  0.3994082E-08
  0.50000  0.24985  0.00102  0.01220  0.3453480E-10  0.4228232E-08  0.0000000E+00  0.0000000E+00  0.0000000E+00  0.0000000E+00  0.0000000E+00  0.0000000E+00  0.3453480E-10  0.4228232E-08
  0.50000  0.24985  0.00112  0.01230  0.3722433E-10  0.4475491E-08  0.0000000E+00  0.0000000E+00  0.0000000E+00  0.0000000E+00  0.0000000E+00  0.0000000E+00  0.3722433E-10  0.4475491E-08
  0.50000  0.24985  0.00122  0.01240  0.4011344E-10  0.4736554E-08  0.0000000E+00  0.0000000E+00  0.0000000E+00  0.0000000E+00  0.0000000E+00  0.0000000E+00  0.4011344E-10  0.4736554E-08
  0.50000  0.24984  0.00132  0.01250  0.4321615E-10  0.5012152E-08  0.0000000E+00  0.0000000E+00  0.0000000E+00  0.0000000E+00  0.0000000E+00  0.0000000E+00  0.4321615E-10  0.5012152E-08
  0.50000  0.24984  0.00142  0.01260  0.4654740E-10  0.5303052E-08  0.0000000E+00  0.0000000E+00  0.0000000E+00  0.0000000E+00  0.0000000E+00  0.0000000E+00  0.4654740E-10  0.5303052E-08
  0.50000  0.24984  0.00152  0.01270  0.5012309E-10  0.5610061E-08  0.0000000E+00  0.0000000E+00  0.0000000E+00  0.0000000E+00  0.0000000E+00  0.0000000E+00  0.5012309E-10  0.5610061E-08
  0.50000  0.24984  0.00162  0.01280  0.5396018E-10  0.5934023E-08  0.0000000E+00  0.0000000E+00  0.0000000E+00  0.0000000E+00  0.0000000E+00  0.0000000E+00  0.5396018E-10  0.5934023E-08
  0.50000  0.24983  0.00172  0.01290  0.5807671E-10  0.6275826E-08  0.0000000E+00  0.0000000E+00  0.0000000E+00  0.0000000E+00  0.0000000E+00  0.0000000E+00  0.5807671E-10  0.6275826E-08
  0.50000  0.24983  0.00182  0.01300  0.6249191E-10  0.6636398E-08  0.0000000E+00  0.0000000E+00  0.0000000E+00  0.0000000E+00  0.0000000E+00  0.0000000E+00  0.6249191E-10  0.6636398E-08
  0.50000  0.24983  0.00192  0.01310  0.6722621E-10  0.7016719E-08  0.0000000E+00  0.0000000E+00  0.0000000E+00  0.0000000E+00  0.0000000E+00  0.0000000E+00  0.6722621E-10  0.7016719E-08
  0.50000  0.24983  0.00203  0.01320  0.7230138E-10  0.7417826E-08  0.0000000E+00  0.0000000E+00  0.0000000E+00  0.0000000E+00  0.0000000E+00  0.0000000E+00  0.7230138E-10  0.7417826E-08
  0.50000  0.24982  0.00213  0.01330  0.7774056E-10  0.7840891E-08  0.0000000E+00  0.0000000E+00  0.0000000E+00  0.0000000E+00  0.0000000E+00  0.0000000E+00  0.7774056E-10  0.7840891E-08
  0.50000  0.24982  0.00223  0.01340  0.8356835E-10  0.8287735E-08  0.0000000E+00  0.0000000E+00  0.0000000E+00  0.0000000E+00  0.0000000E+00  0.0000000E+00  0.8356835E-10  0.8287735E-08
  0.50000  0.24982  0.00233  0.01350  0.8981091E-10  0.8763869E-08  0.0000000E+00  0.0000000E+00  0.0000000E+00  0.0000000E+00  0.0000000E+00  0.0000000E+00  0.8981091E-10  0.8763869E-08
  0.50000  0.24982  0.00243  0.01360  0.9649603E-10  0.9295198E-08  0.0000000E+00  0.0000000E+00  0.0000000E+00  0.0000000E+00  0.0000000E+00  0.0000000E+00  0.9649603E-10  0.9295198E-08
  0.50000  0.24981  0.00253  0.01370  0.1036532E-09  0.1001109E-07  0.0000000E+00  0.0000000E+00  0.0000000E+00  0.0000000E+00  0.0000000E+00  0.0000000E+00  0.1036532E-09  0.1001109E-07
  0.50000  0.24981  0.00263  0.01380  0.1113139E-09  0.1151826E-07  0.0000000E+00  0.0000000E+00  0.0000000E+00  0.0000000E+00  0.0000000E+00  0.0000000E+00  0.1113139E-09  0.1151826E-07
  0.50000  0.24981  0.00273  0.01390  0.1195113E-09  0.1642108E-07  0.0000000E+00  0.0000000E+00  0.0000000E+00  0.0000000E+00  0.0000000E+00  0.0000000E+00  0.1195113E-09  0.1642108E-07
  0.50000  0.24980  0.00283  0.01400  0.1282808E-09  0.3488879E-07  0.0000000E+00  0.0000000E+00  0.0000000E+00  0.0000000E+00  0.0000000E+00  0.0000000E+00  0.1282808E-09  0.3488879E-07
  0.50000  0.24980  0.00293  0.01410  0.1376599E-09  0.1029483E-06  0.0000000E+00  0.0000000E+00  0.0000000E+00  0.0000000E+00  0.0000000E+00  0.0000000E+00  0.1376599E-09  0.1029483E-06
  0.50000  0.24980  0.00303  0.01420  0.1476884E-09  0.3361466E-06  0.0000000E+00  0.0000000E+00  0.0000000E+00  0.0000000E+00  0.0000000E+00  0.0000000E+00  0.1476884E-09  0.3361466E-06
  0.50000  0.24980  0.00313  0.01430  0.1584084E-09  0.1069093E-05  0.0000000E+00  0.0000000E+00  0.0000000E+00  0.0000000E+00  0.0000000E+00  0.0000000E+00  0.1584084E-09  0.1069093E-05
  0.50000  0.24979  0.00323  0.01440  0.1698648E-09  0.3173710E-05  0.0000000E+00  0.0000000E+00  0.0000000E+00  0.0000000E+00  0.0000000E+00  0.0000000E+00  0.1698648E-09  0.3173710E-05
  0.50000  0.24979  0.00333  0.01450  0.1821048E-09  0.8684885E-05  0.0000000E+00  0.0000000E+00  0.0000000E+00  0.0000000E+00  0.0000000E+00  0.0000000E+00  0.1821048E-09  0.8684885E-05
  0.50000  0.24979  0.00343  0.01460  0.1951788E-09  0.2182733E-04  0.0000000E+00  0.0000000E+00  0.0000000E+00  0.0000000E+00  0.0000000E+00  0.0000000E+00  0.1951788E-09  0.2182733E-04
  0.50000  0.24978  0.00353  0.01470  0.2091398E-09  0.5032395E-04  0.0000000E+00  0.0000000E+00  0.0000000E+00  0.0000000E+00  0.0000000E+00  0.0000000E+00  0.2091398E-09  0.5032395E-04
  0.50000  0.24978  0.00363  0.01480  0.2240444E-09  0.1063943E-03  0.0000000E+00  0.0000000E+00  0.0000000E+00  0.0000000E+00  0.0000000E+00  0.0000000E+00  0.2240444E-09  0.1063943E-03
  0.50000  0.24978  0.00373  0.01490  0.2399520E-09  0.2062390E-03  0.0000000E+00  0.0000000E+00  0.0000000E+00  0.0000000E+00  0.0000000E+00  0.0000000E+00  0.2399520E-09  0.2062390E-03
  0.50000  0.24977  0.00383  0.01500  0.2569259E-09  0.3665290E-03  0.0000000E+00  0.0000000E+00  0.0000000E+00  0.0000000E+00  0.0000000E+00  0.0000000E+00  0.2569259E-09  0.3665290E-03
  0.50000  0.24977  0.00393  0.01510  0.2750327E-09  0.5972014E-03  0.0000000E+00  0.0000000E+00  0.0000000E+00  0.0000000E+00  0.0000000E+00  0.0000000E+00  0.2750327E-09  0.5972014E-03
  0.50000  0.24977  0.00403  0.01520  0.2943431E-09  0.8920788E-03  0.0000000E+00  0.0000000E+00  0.0000000E+00  0.0000000E+00  0.0000000E+00  0.0000000E+00  0.2943431E-09  0.8920788E-03
  0.50000  0.24977  0.00413  0.01530  0.3149318E-09  0.1221667E-02  0.0000000E+00  0.0000000E+00  0.0000000E+00  0.0000000E+00  0.0000000E+00  0.0000000E+00  0.3149318E-09  0.1221667E-02
  0.50000  0.24976  0.00423  0.01540  0.3368776E-09  0.1533796E-02  0.0000000E+00  0.0000000E+00  0.0000000E+00  0.0000000E+00  0.0000000E+00  0.0000000E+00  0.3368776E-09  0.1533796E-02
  0.50000  0.24976  0.00433  0.01550  0.3602640E-09  0.1765412E-02  0.0000000E+00  0.0000000E+00  0.0000000E+00  0.0000000E+00  0.0000000E+00  0.0000000E+00  0.3602640E-09  0.1765412E-02
  0.50000  0.24976  0.00443  0.01560  0.3851791E-09  0.1862891E-02  0.0000000E+00  0.0000000E+00  0.0000000E+00  0.0000000E+00  0.0000000E+00  0.0000000E+00  0.3851791E-09  0.1862891E-02
  0.50000  0.24975  0.00453  0.01570  0.4117158E-09  0.1802148E-02  0.0000000E+00  0.0000000E+00  0.0000000E+00  0.0000000E+00  0.0000000E+00  0.0000000E+00  0.4117158E-09  0.1802148E-02
  0.50000  0.24975  0.00463  0.01580  0.4399725E-09  0.1598285E-02  0.0000000E+00  0.0000000E+00  0.0000000E+00  0.0000000E+00  0.0000000E+00  0.0000000E+00  0.4399725E-09  0.1598285E-02
  0.50000  0.24975  0.00473  0.01590  0.4700527E-09  0.1299505E-02  0.0000000E+00  0.0000000E+00  0.0000000E+00  0.0000000E+00  0.0000000E+00  0.0000000E+00  0.4700527E-09  0.1299505E-02
  0.50000  0.24974  0.00483  0.01600  0.5020658E-09  0.9686391E-03  0.0000000E+00  0.0000000E+00  0.0000000E+00  0.0000000E+00  0.0000000E+00  0.0000000E+00  0.5020658E-09  0.9686391E-03
  0.50000  0.24974  0.00493  0.01610  0.5361273E-09  0.6619218E-03  0.0000000E+00  0.0000000E+00  0.0000000E+00  0.0000000E+00  0.0000000E+00  0.0000000E+00  0.5361273E-09  0.6619218E-03
  0.50000  0.24974  0.00503  0.01620  0.5723586E-09  0.4146818E-03  0.0000000E+00  0.0000000E+00  0.0000000E+00  0.0000000E+00  0.0000000E+00  0.0000000E+00  0.5723586E-09  0.4146818E-03
  0.50000  0.24973  0.00513  0.01630  0.6108881E-09  0.2381742E-03  0.0000000E+00  0.0000000E+00  0.0000000E+00  0.0000000E+00  0.0000000E+00  0.0000000E+00  0.6108881E-09  0.2381742E-03
  0.50000  0.24973  0.00523  0.01640  0.6518509E-09  0.1254201E-03  0.0000000E+00  0.0000000E+00  0.0000000E+00  0.0000000E+00  0.0000000E+00  0.0000000E+00  0.6518509E-09  0.1254201E-03
  0.50000  0.24973  0.00533  0.01650  0.6953892E-09  0.6056038E-04  0.0000000E+00  0.0000000E+00  0.0000000E+00  0.0000000E+00  0.0000000E+00  0.0000000E+00  0.6953892E-09  0.6056038E-04
  0.50000  0.24972  0.00543  0.01660  0.7416532E-09  0.2682376E-04  0.0000000E+00  0.0000000E+00  0.0000000E+00  0.0000000E+00  0.0000000E+00  0.0000000E+00  0.7416532E-09  0.2682376E-04
  0.50000  0.24972  0.00553  0.01670  0.7908005E-09  0.1091045E-04  0.0000000E+00  0.0000000E+00  0.0000000E+00  0.0000000E+00  0.0000000E+00  0.0000000E+00  0.7908005E-09  0.1091045E-04
  0.50000  0.24972  0.00563  0.01680  0.8429974E-09  0.4089797E-05  0.0000000E+00  0.0000000E+00  0.0000000E+00  0.0000000E+00  0.0000000E+00  0.0000000E+00  0.8429974E-09  0.4089797E-05
  0.50000  0.24971  0.00573  0.01690  0.8984186E-09  0.1429993E-05  0.0000000E+00  0.0000000E+00  0.0000000E+00  0.0000000E+00  0.0000000E+00  0.0000000E+00  0.8984186E-09  0.1429993E-05
  0.50000  0.24971  0.00583  0.01700  0.9572482E-09  0.4863920E-06  0.0000000E+00  0.0000000E+00  0.0000000E+00  0.0000000E+00  0.0000000E+00  0.0000000E+00  0.9572482E-09  0.4863920E-06
  0.50000  0.24971  0.00593  0.01710  0.1019680E-08  0.1842974E-06  0.0000000E+00  0.0000000E+00  0.0000000E+00  0.0000000E+00  0.0000000E+00  0.0000000E+00  0.1019680E-08  0.1842974E-06
  0.50000  0.24970  0.00603  0.01720  0.1085916E-08  0.1053501E-06  0.0000000E+00  0.0000000E+00  0.0000000E+00  0.0000000E+00  0.0000000E+00  0.0000000E+00  0.1085916E-08  0.1053501E-06
  0.50000  0.24970  0.00613  0.01730  0.1156171E-08  0.1180469E-06  0.0000000E+00  0.0000000E+00  0.0000000E+00  0.0000000E+00  0.0000000E+00  0.0000000E+00  0.1156171E-08  0.1180469E-06
  0.50000  0.24970  0.00623  0.01740  0.1230670E-08  0.2336931E-06  0.0000000E+00  0.0000000E+00  0.0000000E+00  0.0000000E+00  0.0000000E+00  0.0000000E+00  0.1230670E-08  0.2336931E-06
  0.50000  0.24969  0.00633  0.01750  0.1309648E-08  0.6107318E-06  0.0000000E+00  0.0000000E+00  0.0000000E+00  0.0000000E+00  0.0000000E+00  0.0000000E+00  0.1309648E-08  0.6107318E-06
  0.50000  0.24969  0.00643  0.01760  0.1393353E-08  0.1697161E-05  0.0000000E+00  0.0000000E+00  0.0000000E+00  0.0000000E+00  0.0000000E+00  0.0000000E+00  0.1393353E-08  0.1697161E-05
  0.50000  0.24969  0.00653  0.01770  0.1482045E-08  0.4552829E-05  0.0000000E+00  0.0000000E+00  0.0000000E+00  0.0000000E+00  0.0000000E+00  0.0000000E+00  0.1482045E-08  0.4552829E-05
  0.50000  0.24968  0.00663  0.01780  0.1575998E-08  0.1139464E-04  0.0000000E+00  0.0000000E+00  0.0000000E+00  0.0000000E+00  0.0000000E+00  0.0000000E+00  0.1575998E-08  0.1139464E-04
  0.50000  0.24968  0.00673  0.01790  0.1675497E-08  0.2630544E-04  0.0000000E+00  0.0000000E+00  0.0000000E+00  0.0000000E+00  0.0000000E+00  0.0000000E+00  0.1675497E-08  0.2630544E-04
  0.50000  0.24968  0.00683  0.01800  0.1780844E-08  0.5580032E-04  0.0000000E+00  0.0000000E+00  0.0000000E+00  0.0000000E+00  0.0000000E+00  0.0000000E+00  0.1780844E-08  0.5580032E-04
  0.50000  0.24967  0.00693  0.01810  0.1892354E-08  0.1086107E-03  0.0000000E+00  0.0000000E+00  0.0000000E+00  0.0000000E+00  0.0000000E+00  0.0000000E+00  0.1892354E-08  0.1086107E-03
  0.50000  0.24967  0.00703  0.01820  0.2010357E-08  0.1938760E-03  0.0000000E+00  0.0000000E+00  0.0000000E+00  0.0000000E+00  0.0000000E+00  0.0000000E+00  0.2010357E-08  0.1938760E-03
  0.50000  0.24967  0.00713  0.01830  0.2135201E-08  0.3173205E-03  0.0000000E+00  0.0000000E+00  0.0000000E+00  0.0000000E+00  0.0000000E+00  0.0000000E+00  0.2135201E-08  0.3173205E-03
  0.50000  0.24966  0.00723  0.01840  0.2267248E-08  0.4761613E-03  0.0000000E+00  0.0000000E+00  0.0000000E+00  0.0000000E+00  0.0000000E+00  0.0000000E+00  0.2267248E-08  0.4761613E-03
  0.50000  0.24966  0.00733  0.01850  0.2406880E-08  0.6550487E-03  0.0000000E+00  0.0000000E+00  0.0000000E+00  0.0000000E+00  0.0000000E+00  0.0000000E+00  0.2406880E-08  0.6550487E-03
  0.50000  0.24965  0.00743  0.01860  0.2554496E-08  0.8261281E-03  0.0000000E+00  0.0000000E+00  0.0000000E+00  0.0000000E+00  0.0000000E+00  0.0000000E+00  0.2554496E-08  0.8261281E-03
  0.50000  0.24965  0.00753  0.01870  0.2710514E-08  0.9551498E-03  0.0000000E+00  0.0000000E+00  0.0000000E+00  0.0000000E+00  0.0000000E+00  0.0000000E+00  0.2710514E-08  0.9551498E-03
  0.50000  0.24965  0.00763  0.01880  0.2875374E-08  0.1012384E-02  0.0000000E+00  0.0000000E+00  0.0000000E+00  0.0000000E+00  0.0000000E+00  0.0000000E+00  0.2875374E-08  0.1012384E-02
  0.50000  0.24964  0.00773  0.01890  0.3049533E-08  0.9837223E-03  0.0000000E+00  0.0000000E+00  0.0000000E+00  0.0000000E+00  0.0000000E+00  0.0000000E+00  0.3049533E-08  0.9837223E-03
  0.50000  0.24964  0.00783  0.01900  0.3233473E-08  0.8763284E-03  0.0000000E+00  0.0000000E+00  0.0000000E+00  0.0000000E+00  0.0000000E+00  0.0000000E+00  0.3233473E-08  0.8763284E-03
  0.50000  0.24964  0.00793  0.01910  0.3427698E-08  0.7157626E-03  0.0000000E+00  0.0000000E+00  0.0000000E+00  0.0000000E+00  0.0000000E+00  0.0000000E+00  0.3427698E-08  0.7157626E-03
  0.50000  0.24963  0.00803  0.01920  0.3632736E-08  0.5361744E-03  0.0000000E+00  0.0000000E+00  0.0000000E+00  0.0000000E+00  0.0000000E+00  0.0000000E+00  0.3632736E-08  0.5361744E-03
  0.50000  0.24963  0.00813  0.01930  0.3849140E-08  0.3687398E-03  0.0000000E+00  0.0000000E+00  0.0000000E+00  0.0000000E+00  0.0000000E+00  0.0000000E+00  0.3849140E-08  0.3687398E-03
  0.50000  0.24962  0.00823  0.01940  0.4077490E-08  0.2337339E-03  0.0000000E+00  0.0000000E+00  0.0000000E+00  0.0000000E+00  0.0000000E+00  0.0000000E+00  0.4077490E-08  0.2337339E-03
  0.50000  0.24962  0.00833  0.01950  0.4318394E-08  0.1388409E-03  0.0000000E+00  0.0000000E+00  0.0000000E+00  0.0000000E+00  0.0000000E+00  0.0000000E+00  0.4318394E-08  0.1388409E-03
  0.50000  0.24962  0.00843  0.01960  0.4572486E-08  0.8287241E-04  0.0000000E+00  0.0000000E+00  0.0000000E+00  0.0000000E+00  0.0000000E+00  0.0000000E+00  0.4572486E-08  0.8287241E-04
  0.50000  0.24961  0.00853  0.01970  0.4840436E-08  0.6220311E-04  0.0000000E+00  0.0000000E+00  0.0000000E+00  0.0000000E+00  0.0000000E+00  0.0000000E+00  0.4840436E-08  0.6220311E-04
  0.50000  0.24961  0.00863  0.01980  0.5122944E-08  0.7739306E-04  0.0000000E+00  0.0000000E+00  0.0000000E+00  0.0000000E+00  0.0000000E+00  0.0000000E+00  0.5122944E-08  0.7739306E-04
  0.50000  0.24960  0.00873  0.01990  0.5420742E-08  0.1384981E-03  0.0000000E+00  0.0000000E+00  0.0000000E+00  0.0000000E+00  0.0000000E+00  0.0000000E+00  0.5420742E-08  0.1384981E-03
  0.50000  0.24960  0.00884  0.02000  0.5734602E-08  0.2680670E-03  0.0000000E+00  0.0000000E+00  0.0000000E+00  0.0000000E+00  0.0000000E+00  0.0000000E+00  0.5734602E-08  0.2680670E-03
  0.50000  0.24960  0.00894  0.02010  0.6065334E-08  0.5003742E-03  0.0000000E+00  0.0000000E+00  0.0000000E+00  0.0000000E+00  0.0000000E+00  0.0000000E+00  0.6065334E-08  0.5003742E-03
  0.50000  0.24959  0.00904  0.02020  0.6413788E-08  0.8750532E-03  0.0000000E+00  0.0000000E+00  0.0000000E+00  0.0000000E+00  0.0000000E+00  0.0000000E+00  0.6413788E-08  0.8750532E-03
  0.50000  0.24959  0.00914  0.02030  0.6780856E-08  0.1424721E-02  0.0000000E+00  0.0000000E+00  0.0000000E+00  0.0000000E+00  0.0000000E+00  0.0000000E+00  0.6780856E-08  0.1424721E-02
  0.50000  0.24958  0.00924  0.02040  0.7167481E-08  0.2160307E-02  0.0000000E+00  0.0000000E+00  0.0000000E+00  0.0000000E+00  0.0000000E+00  0.0000000E+00  0.7167481E-08  0.2160307E-02
  0.50000  0.24958  0.00934  0.02050  0.7574653E-08  0.3063011E-02  0.0000000E+00  0.0000000E+00  0.0000000E+00  0.0000000E+00  0.0000000E+00  0.0000000E+00  0.7574653E-08  0.3063011E-02
  0.50000  0.24958  0.00944  0.02060  0.8003414E-08  0.4093934E-02  0.0000000E+00  0.0000000E+00  0.0000000E+00  0.0000000E+00  0.0000000E+00  0.0000000E+00  0.8003414E-08  0.4093934E-02
  0.50000  0.24957  0.00954  0.02070  0.8454866E-08  0.5227577E-02  0.0000000E+00  0.0000000E+00  0.0000000E+00  0.0000000E+00  0.0000000E+00  0.0000000E+00  0.8454866E-08  0.5227577E-02
  0.50000  0.24957  0.00964  0.02080  0.8930171E-08  0.6504237E-02  0.0000000E+00  0.0000000E+00  0.0000000E+00  0.0000000E+00  0.0000000E+00  0.0000000E+00  0.8930171E-08  0.6504237E-02
  0.50000  0.24956  0.00974  0.02090  0.9430559E-08  0.8085618E-02  0.0000000E+00  0.0000000E+00  0.0000000E+00  0.0000000E+00  0.0000000E+00  0.0000000E+00  0.9430559E-08  0.8085618E-02
  0.50000  0.24956  0.00984  0.02100  0.9957330E-08  0.1029630E-01  0.0000000E+00  0.0000000E+00  0.0000000E+00  0.0000000E+00  0.0000000E+00  0.0000000E+00  0.9957330E-08  0.1029630E-01
  0.50000  0.24955  0.00994  0.02110  0.1051186E-07  0.1364422E-01  0.0000000E+00  0.0000000E+00  0.0000000E+00  0.0000000E+00  0.0000000E+00  0.0000000E+00  0.1051186E-07  0.1364422E-01
  0.50000  0.24955  0.01004  0.02120  0.1109562E-07  0.1882967E-01  0.0000000E+00  0.0000000E+00  0.0000000E+00  0.0000000E+00  0.0000000E+00  0.0000000E+00  0.1109562E-07  0.1882967E-01
  0.50000  0.24955  0.01014  0.02130  0.1171015E-07  0.2676304E-01  0.0000000E+00  0.0000000E+00  0.0000000E+00  0.0000000E+00  0.0000000E+00  0.0000000E+00  0.1171015E-07  0.2676304E-01
  0.50000  0.24954  0.01024  0.02140  0.1235712E-07  0.3861080E-01  0.0000000E+00  0.0000000E+00  0.0000000E+00  0.0000000E+00  0.0000000E+00  0.0000000E+00  0.1235712E-07  0.3861080E-01
  0.50000  0.24954  0.01034  0.02150  0.1303828E-07  0.5587762E-01  0.0000000E+00  0.0000000E+00  0.0000000E+00  0.0000000E+00  0.0000000E+00  0.0000000E+00  0.1303828E-07  0.5587762E-01
  0.50000  0.24953  0.01044  0.02160  0.1375552E-07  0.8052056E-01  0.0000000E+00  0.0000000E+00  0.0000000E+00  0.0000000E+00  0.0000000E+00  0.0000000E+00  0.1375552E-07  0.8052056E-01
  0.50000  0.24953  0.01054  0.02170  0.1451085E-07  0.1150842E+00  0.0000000E+00  0.0000000E+00  0.0000000E+00  0.0000000E+00  0.0000000E+00  0.0000000E+00  0.1451085E-07  0.1150842E+00
  0.50000  0.24952  0.01064  0.02180  0.1530642E-07  0.1628454E+00  0.0000000E+00  0.0000000E+00  0.0000000E+00  0.0000000E+00  0.0000000E+00  0.0000000E+00  0.1530642E-07  0.1628454E+00
  0.50000  0.24952  0.01074  0.02190  0.1614454E-07  0.2279598E+00  0.0000000E+00  0.0000000E+00  0.0000000E+00  0.0000000E+00  0.0000000E+00  0.0000000E+00  0.1614454E-07  0.2279598E+00
  0.50000  0.24952  0.01084  0.02200  0.1702769E-07  0.3156023E+00  0.0000000E+00  0.0000000E+00  0.0000000E+00  0.0000000E+00  0.0000000E+00  0.0000000E+00  0.1702769E-07  0.3156023E+00
  0.50000  0.24951  0.01094  0.02210  0.1795854E-07  0.4320946E+00  0.0000000E+00  0.0000000E+00  0.0000000E+00  0.0000000E+00  0.0000000E+00  0.0000000E+00  0.1795854E-07  0.4320946E+00
  0.50000  0.24951  0.01104  0.02220  0.1893997E-07  0.5850071E+00  0.0000000E+00  0.0000000E+00  0.0000000E+00  0.0000000E+00  0.0000000E+00  0.0000000E+00  0.1893997E-07  0.5850071E+00
  0.50000  0.24950  0.01114  0.02230  0.1997506E-07  0.7832189E+00  0.0000000E+00  0.0000000E+00  0.0000000E+00  0.0000000E+00  0.0000000E+00  0.0000000E+00  0.1997506E-07  0.7832189E+00
  0.50000  0.24950  0.01124  0.02240  0.2106718E-07  0.1036916E+01  0.0000000E+00  0.0000000E+00  0.0000000E+00  0.0000000E+00  0.0000000E+00  0.0000000E+00  0.2106718E-07  0.1036916E+01
  0.50000  0.24949  0.01134  0.02250  0.2221994E-07  0.1357506E+01  0.0000000E+00  0.0000000E+00  0.0000000E+00  0.0000000E+00  0.0000000E+00  0.0000000E+00  0.2221994E-07  0.1357506E+01
  0.50000  0.24949  0.01144  0.02260  0.2343726E-07  0.1757428E+01  0.0000000E+00  0.0000000E+00  0.0000000E+00  0.0000000E+00  0.0000000E+00  0.0000000E+00  0.2343726E-07  0.1757428E+01
  0.50000  0.24948  0.01154  0.02270  0.2472340E-07  0.2249834E+01  0.0000000E+00  0.0000000E+00  0.0000000E+00  0.0000000E+00  0.0000000E+00  0.0000000E+00  0.2472340E-07  0.2249834E+01
  0.50000  0.24948  0.01164  0.02280  0.2608297E-07  0.2848132E+01  0.0000000E+00  0.0000000E+00  0.0000000E+00  0.0000000E+00  0.0000000E+00  0.0000000E+00  0.2608297E-07  0.2848132E+01
  0.50000  0.24948  0.01174  0.02290  0.2752097E-07  0.3565384E+01  0.0000000E+00  0.0000000E+00  0.0000000E+00  0.0000000E+00  0.0000000E+00  0.0000000E+00  0.2752097E-07  0.3565384E+01
  0.50000  0.24947  0.01184  0.02300  0.2904287E-07  0.4413560E+01  0.0000000E+00  0.0000000E+00  0.0000000E+00  0.0000000E+00  0.0000000E+00  0.0000000E+00  0.2904287E-07  0.4413560E+01
  0.50000  0.24947  0.01194  0.02310  0.3065457E-07  0.5402664E+01  0.0000000E+00  0.0000000E+00  0.0000000E+00  0.0000000E+00  0.0000000E+00  0.0000000E+00  0.3065457E-07  0.5402664E+01
  0.50000  0.24946  0.01204  0.02320  0.3236252E-07  0.6539777E+01  0.0000000E+00  0.0000000E+00  0.0000000E+00  0.0000000E+00  0.0000000E+00  0.0000000E+00  0.3236252E-07  0.6539777E+01
  0.50000  0.24946  0.01214  0.02330  0.3417376E-07  0.7828058E+01  0.0000000E+00  0.0000000E+00  0.0000000E+00  0.0000000E+00  0.0000000E+00  0.0000000E+00  0.3417376E-07  0.7828058E+01
  0.50000  0.24945  0.01224  0.02340  0.3609592E-07  0.9265757E+01  0.0000000E+00  0.0000000E+00  0.0000000E+00  0.0000000E+00  0.0000000E+00  0.0000000E+00  0.3609592E-07  0.9265757E+01
  0.50000  0.24945  0.01234  0.02350  0.3813733E-07  0.1084535E+02  0.0000000E+00  0.0000000E+00  0.0000000E+00  0.0000000E+00  0.0000000E+00  0.0000000E+00  0.3813733E-07  0.1084535E+02
  0.50000  0.24944  0.01244  0.02360  0.4030707E-07  0.1255283E+02  0.0000000E+00  0.0000000E+00  0.0000000E+00  0.0000000E+00  0.0000000E+00  0.0000000E+00  0.4030707E-07  0.1255283E+02
  0.50000  0.24944  0.01254  0.02370  0.4261502E-07  0.1436731E+02  0.0000000E+00  0.0000000E+00  0.0000000E+00  0.0000000E+00  0.0000000E+00  0.0000000E+00  0.4261502E-07  0.1436731E+02
  0.50000  0.24943  0.01264  0.02380  0.4507195E-07  0.1626089E+02  0.0000000E+00  0.0000000E+00  0.0000000E+00  0.0000000E+00  0.0000000E+00  0.0000000E+00  0.4507195E-07  0.1626089E+02
  0.50000  0.24943  0.01274  0.02390  0.4768960E-07  0.1819905E+02  0.0000000E+00  0.0000000E+00  0.0000000E+00  0.0000000E+00  0.0000000E+00  0.0000000E+00  0.4768960E-07  0.1819905E+02
  0.50000  0.24942  0.01284  0.02400  0.5048074E-07  0.2014132E+02  0.0000000E+00  0.0000000E+00  0.0000000E+00  0.0000000E+00  0.0000000E+00  0.0000000E+00  0.5048074E-07  0.2014132E+02
  0.50000  0.24942  0.01294  0.02410  0.5345925E-07  0.2204257E+02  0.0000000E+00  0.0000000E+00  0.0000000E+00  0.0000000E+00  0.0000000E+00  0.0000000E+00  0.5345925E-07  0.2204257E+02
  0.50000  0.24941  0.01304  0.02420  0.5664025E-07  0.2385455E+02  0.0000000E+00  0.0000000E+00  0.0000000E+00  0.0000000E+00  0.0000000E+00  0.0000000E+00  0.5664025E-07  0.2385455E+02
  0.50000  0.24941  0.01314  0.02430  0.6004016E-07  0.2552789E+02  0.0000000E+00  0.0000000E+00  0.0000000E+00  0.0000000E+00  0.0000000E+00  0.0000000E+00  0.6004016E-07  0.2552789E+02
  0.50000  0.24940  0.01324  0.02440  0.6367684E-07  0.2701427E+02  0.0000000E+00  0.0000000E+00  0.0000000E+00  0.0000000E+00  0.0000000E+00  0.0000000E+00  0.6367684E-07  0.2701427E+02
  0.50000  0.24940  0.01334  0.02450  0.6756963E-07  0.2826870E+02  0.0000000E+00  0.0000000E+00  0.0000000E+00  0.0000000E+00  0.0000000E+00  0.0000000E+00  0.6756963E-07  0.2826870E+02
  0.50000  0.24939  0.01344  0.02460  0.7173955E-07  0.2925182E+02  0.0000000E+00  0.0000000E+00  0.0000000E+00  0.0000000E+00  0.0000000E+00  0.0000000E+00  0.7173955E-07  0.2925182E+02
  0.50000  0.24939  0.01354  0.02470  0.7620933E-07  0.2993188E+02  0.0000000E+00  0.0000000E+00  0.0000000E+00  0.0000000E+00  0.0000000E+00  0.0000000E+00  0.7620933E-07  0.2993188E+02
  0.50000  0.24938  0.01364  0.02480  0.8100360E-07  0.3028651E+02  0.0000000E+00  0.0000000E+00  0.0000000E+00  0.0000000E+00  0.0000000E+00  0.0000000E+00  0.8100360E-07  0.3028651E+02
  0.50000  0.24938  0.01374  0.02490  0.8614917E-07  0.3030388E+02  0.0000000E+00  0.0000000E+00  0.0000000E+00  0.0000000E+00  0.0000000E+00  0.0000000E+00  0.8614917E-07  0.3030388E+02
  0.50000  0.24938  0.01385  0.02500  0.9167606E-07  0.2998341E+02  0.0000000E+00  0.0000000E+00  0.0000000E+00  0.0000000E+00  0.0000000E+00  0.0000000E+00  0.9167606E-07  0.2998341E+02
  0.50000  0.24937  0.01395  0.02510  0.9762380E-07  0.2933578E+02  0.0000000E+00  0.0000000E+00  0.0000000E+00  0.0000000E+00  0.0000000E+00  0.0000000E+00  0.9762380E-07  0.2933578E+02
  0.50000  0.24936  0.01405  0.02520  0.1040763E-06  0.2838230E+02  0.0000000E+00  0.0000000E+00  0.0000000E+00  0.0000000E+00  0.0000000E+00  0.0000000E+00  0.1040763E-06  0.2838230E+02
  0.50000  0.24936  0.01415  0.02530  0.1113424E-06  0.2715382E+02  0.0000000E+00  0.0000000E+00  0.0000000E+00  0.0000000E+00  0.0000000E+00  0.0000000E+00  0.1113424E-06  0.2715382E+02
  0.50000  0.24935  0.01425  0.02540  0.1208020E-06  0.2568902E+02  0.0000000E+00  0.0000000E+00  0.0000000E+00  0.0000000E+00  0.0000000E+00  0.0000000E+00  0.1208020E-06  0.2568902E+02
  0.50000  0.24935  0.01435  0.02550  0.1384955E-06  0.2403241E+02  0.0000000E+00  0.0000000E+00  0.0000000E+00  0.0000000E+00  0.0000000E+00  0.0000000E+00  0.1384955E-06  0.2403241E+02
  0.50000  0.24934  0.01445  0.02560  0.1888478E-06  0.2223209E+02  0.0000000E+00  0.0000000E+00  0.0000000E+00  0.0000000E+00  0.0000000E+00  0.0000000E+00  0.1888478E-06  0.2223209E+02
  0.50000  0.24934  0.01455  0.02570  0.3618284E-06  0.2033743E+02  0.0000000E+00  0.0000000E+00  0.0000000E+00  0.0000000E+00  0.0000000E+00  0.0000000E+00  0.3618284E-06  0.2033743E+02
  0.50000  0.24933  0.01465  0.02580  0.9579196E-06  0.1839690E+02  0.0000000E+00  0.0000000E+00  0.0000000E+00  0.0000000E+00  0.0000000E+00  0.0000000E+00  0.9579196E-06  0.1839690E+02
  0.50000  0.24933  0.01475  0.02590  0.2884353E-05  0.1645607E+02  0.0000000E+00  0.0000000E+00  0.0000000E+00  0.0000000E+00  0.0000000E+00  0.0000000E+00  0.2884353E-05  0.1645607E+02
  0.50000  0.24932  0.01485  0.02600  0.8609543E-05  0.1455593E+02  0.0000000E+00  0.0000000E+00  0.0000000E+00  0.0000000E+00  0.0000000E+00  0.0000000E+00  0.8609543E-05  0.1455593E+02
  0.50000  0.24932  0.01495  0.02610  0.2416119E-04  0.1273170E+02  0.0000000E+00  0.0000000E+00  0.0000000E+00  0.0000000E+00  0.0000000E+00  0.0000000E+00  0.2416119E-04  0.1273170E+02
  0.50000  0.24931  0.01505  0.02620  0.6267562E-04  0.1101197E+02  0.0000000E+00  0.0000000E+00  0.0000000E+00  0.0000000E+00  0.0000000E+00  0.0000000E+00  0.6267562E-04  0.1101197E+02
  0.50000  0.24931  0.01515  0.02630  0.1494925E-03  0.9418365E+01  0.0000000E+00  0.0000000E+00  0.0000000E+00  0.0000000E+00  0.0000000E+00  0.0000000E+00  0.1494925E-03  0.9418365E+01
  0.50000  0.24930  0.01525  0.02640  0.3273168E-03  0.7965590E+01  0.0000000E+00  0.0000000E+00  0.0000000E+00  0.0000000E+00  0.0000000E+00  0.0000000E+00  0.3273168E-03  0.7965590E+01
  0.50000  0.24930  0.01535  0.02650  0.6576138E-03  0.6661809E+01  0.0000000E+00  0.0000000E+00  0.0000000E+00  0.0000000E+00  0.0000000E+00  0.0000000E+00  0.6576138E-03  0.6661809E+01
  0.50000  0.24929  0.01545  0.02660  0.1212487E-02  0.5509322E+01  0.0000000E+00  0.0000000E+00  0.0000000E+00  0.0000000E+00  0.0000000E+00  0.0000000E+00  0.1212487E-02  0.5509322E+01
  0.50000  0.24929  0.01555  0.02670  0.2052484E-02  0.4505430E+01  0.0000000E+00  0.0000000E+00  0.0000000E+00  0.0000000E+00  0.0000000E+00  0.0000000E+00  0.2052484E-02  0.4505430E+01
  0.50000  0.24928  0.01565  0.02680  0.3192396E-02  0.3643400E+01  0.0000000E+00  0.0000000E+00  0.0000000E+00  0.0000000E+00  0.0000000E+00  0.0000000E+00  0.3192396E-02  0.3643400E+01
  0.50000  0.24928  0.01575  0.02690  0.4567909E-02  0.2913469E+01  0.0000000E+00  0.0000000E+00  0.0000000E+00  0.0000000E+00  0.0000000E+00  0.0000000E+00  0.4567909E-02  0.2913469E+01
  0.50000  0.24927  0.01585  0.02700  0.6023900E-02  0.2303813E+01  0.0000000E+00  0.0000000E+00  0.0000000E+00  0.0000000E+00  0.0000000E+00  0.0000000E+00  0.6023900E-02  0.2303813E+01
  0.50000  0.24927  0.01595  0.02710  0.7341161E-02  0.1801430E+01  0.0000000E+00  0.0000000E+00  0.0000000E+00  0.0000000E+00  0.0000000E+00  0.0000000E+00  0.7341161E-02  0.1801430E+01
  0.50000  0.24926  0.01605  0.02720  0.8299178E-02  0.1392902E+01  0.0000000E+00  0.0000000E+00  0.0000000E+00  0.0000000E+00  0.0000000E+00  0.0000000E+00  0.8299178E-02  0.1392902E+01
  0.50000  0.24925  0.01615  0.02730  0.8748589E-02  0.1065014E+01  0.0000000E+00  0.0000000E+00  0.0000000E+00  0.0000000E+00  0.0000000E+00  0.0000000E+00  0.8748589E-02  0.1065014E+01
  0.50000  0.24925  0.01625  0.02740  0.8656262E-02  0.8052297E+00  0.0000000E+00  0.0000000E+00  0.0000000E+00  0.0000000E+00  0.0000000E+00  0.0000000E+00  0.8656262E-02  0.8052297E+00
  0.50000  0.24924  0.01635  0.02750  0.8100246E-02  0.6020220E+00  0.0000000E+00  0.0000000E+00  0.0000000E+00  0.0000000E+00  0.0000000E+00  0.0000000E+00  0.8100246E-02  0.6020220E+00
  0.50000  0.24924  0.01645  0.02760  0.7222524E-02  0.4450733E+00  0.0000000E+00  0.0000000E+00  0.0000000E+00  0.0000000E+00  0.0000000E+00  0.0000000E+00  0.7222524E-02  0.4450733E+00
  0.50000  0.24923  0.01655  0.02770  0.6273748E-02  0.3254090E+00  0.7034574E-04  0.3950903E-04  0.0000000E+00  0.0000000E+00  0.3195891E-04  0.0000000E+00  0.6171443E-02  0.3253695E+00
  0.50000  0.24923  0.01665  0.02780  0.5241203E-02  0.2352744E+00  0.1210528E-03  0.6799290E-04  0.0000000E+00  0.0000000E+00  0.5503604E-04  0.0000000E+00  0.5065114E-02  0.2352064E+00
  0.50000  0.24922  0.01675  0.02790  0.4214255E-02  0.1682201E+00  0.1572463E-03  0.8832817E-04  0.0000000E+00  0.0000000E+00  0.7154586E-04  0.0000000E+00  0.3985463E-02  0.1681318E+00
  0.50000  0.24922  0.01685  0.02800  0.3263112E-02  0.1189506E+00  0.1875423E-03  0.1053533E-03  0.0000000E+00  0.0000000E+00  0.8539819E-04  0.0000000E+00  0.2990171E-02  0.1188453E+00
  0.50000  0.24921  0.01695  0.02810  0.2435664E-02  0.8319123E-01  0.2144684E-03  0.1204877E-03  0.0000000E+00  0.0000000E+00  0.9773971E-04  0.0000000E+00  0.2123456E-02  0.8307075E-01
  0.50000  0.24920  0.01705  0.02820  0.1764817E-02  0.5755287E-01  0.2391778E-03  0.1343788E-03  0.0000000E+00  0.0000000E+00  0.1090936E-03  0.0000000E+00  0.1416545E-02  0.5741849E-01
  0.50000  0.24920  0.01715  0.02830  0.1263894E-02  0.3939356E-01  0.2623088E-03  0.1473850E-03  0.0000000E+00  0.0000000E+00  0.1197495E-03  0.0000000E+00  0.8818359E-03  0.3924617E-01
  0.50000  0.24919  0.01725  0.02840  0.9238343E-03  0.2668696E-01  0.2842573E-03  0.1597285E-03  0.0000000E+00  0.0000000E+00  0.1298873E-03  0.0000000E+00  0.5096897E-03  0.2652724E-01
  0.50000  0.24919  0.01735  0.02850  0.7175204E-03  0.1790326E-01  0.3052882E-03  0.1715581E-03  0.0000000E+00  0.0000000E+00  0.1396272E-03  0.0000000E+00  0.2726050E-03  0.1773170E-01
  0.50000  0.24918  0.01745  0.02860  0.6094085E-03  0.1190504E-01  0.3255884E-03  0.1829788E-03  0.0000000E+00  0.0000000E+00  0.1490544E-03  0.0000000E+00  0.1347657E-03  0.1172206E-01
  0.50000  0.24918  0.01755  0.02870  0.5652961E-03  0.7859284E-02  0.3452954E-03  0.1940677E-03  0.0000000E+00  0.0000000E+00  0.1582315E-03  0.0000000E+00  0.6176920E-04  0.7665216E-02
  0.50000  0.24917  0.01765  0.02880  0.5583758E-03  0.5164725E-02  0.3645137E-03  0.2048835E-03  0.0000000E+00  0.0000000E+00  0.1672061E-03  0.0000000E+00  0.2665605E-04  0.4959842E-02
  0.50000  0.24916  0.01775  0.02890  0.5708493E-03  0.3393536E-02  0.3833246E-03  0.2154719E-03  0.0000000E+00  0.0000000E+00  0.1760154E-03  0.0000000E+00  0.1150933E-04  0.3178064E-02
  0.50000  0.24916  0.01785  0.02900  0.5926108E-03  0.2245391E-02  0.4017929E-03  0.2258692E-03  0.0000000E+00  0.0000000E+00  0.1846890E-03  0.0000000E+00  0.6128896E-05  0.2019522E-02
  0.50000  0.24915  0.01796  0.02910  0.6189885E-03  0.1512133E-02  0.4199710E-03  0.2361049E-03  0.0000000E+00  0.0000000E+00  0.1932510E-03  0.0000000E+00  0.5766501E-05  0.1276028E-02
  0.50000  0.24915  0.01806  0.02920  0.6488976E-03  0.1051179E-02  0.4379020E-03  0.2462031E-03  0.0000000E+00  0.0000000E+00  0.2017212E-03  0.0000000E+00  0.9274429E-05  0.8049759E-03
  0.50000  0.24914  0.01816  0.02930  0.6839314E-03  0.7660189E-03  0.4556218E-03  0.2561840E-03  0.0000000E+00  0.0000000E+00  0.2101161E-03  0.0000000E+00  0.1819339E-04  0.5098348E-03
  0.50000  0.24914  0.01826  0.02940  0.7283644E-03  0.5922357E-03  0.4731607E-03  0.2660647E-03  0.0000000E+00  0.0000000E+00  0.2184499E-03  0.0000000E+00  0.3675381E-04  0.3261710E-03
  0.50000  0.24913  0.01836  0.02950  0.7897706E-03  0.4876644E-03  0.4905443E-03  0.2758595E-03  0.0000000E+00  0.0000000E+00  0.2267343E-03  0.0000000E+00  0.7249203E-04  0.2118049E-03
  0.50000  0.24912  0.01846  0.02960  0.8797872E-03  0.4254571E-03  0.5077947E-03  0.2855808E-03  0.0000000E+00  0.0000000E+00  0.2349797E-03  0.0000000E+00  0.1370128E-03  0.1398763E-03
  0.50000  0.24912  0.01856  0.02970  0.1014371E-02  0.3891106E-03  0.5249311E-03  0.2952394E-03  0.0000000E+00  0.0000000E+00  0.2431949E-03  0.0000000E+00  0.2462455E-03  0.9387121E-04
  0.50000  0.24911  0.01866  0.02980  0.1212746E-02  0.3688357E-03  0.5419700E-03  0.3048446E-03  0.0000000E+00  0.0000000E+00  0.2513879E-03  0.0000000E+00  0.4193879E-03  0.6399111E-04
  0.50000  0.24911  0.01876  0.02990  0.1494277E-02  0.3589373E-03  0.5589259E-03  0.3144046E-03  0.0000000E+00  0.0000000E+00  0.2595653E-03  0.0000000E+00  0.6757854E-03  0.4453268E-04
  0.50000  0.24910  0.01886  0.03000  0.1873017E-02  0.3560379E-03  0.5758118E-03  0.3239265E-03  0.0000000E+00  0.0000000E+00  0.2677334E-03  0.0000000E+00  0.1029472E-02  0.3211139E-04
  0.50000  0.24909  0.01896  0.03010  0.2350612E-02  0.3580049E-03  0.5926390E-03  0.3334169E-03  0.0000000E+00  0.0000000E+00  0.2758974E-03  0.0000000E+00  0.1482075E-02  0.2458806E-04
  0.50000  0.24909  0.01906  0.03020  0.2911725E-02  0.3634124E-03  0.6094175E-03  0.3428813E-03  0.2224886E-05  0.1415693E-07  0.2840623E-03  0.0000000E+00  0.2016020E-02  0.2051698E-04
  0.50000  0.24908  0.01916  0.03030  0.3511523E-02  0.3712459E-03  0.6261565E-03  0.3523249E-03  0.2227375E-05  0.1418449E-07  0.2922323E-03  0.0000000E+00  0.2590906E-02  0.1890680E-04
  0.50000  0.24908  0.01926  0.03040  0.4091330E-02  0.3808772E-03  0.6428641E-03  0.3617522E-03  0.2230132E-05  0.1421453E-07  0.3004115E-03  0.0000000E+00  0.3145825E-02  0.1911078E-04
  0.50000  0.24907  0.01936  0.03050  0.4579254E-02  0.3919122E-03  0.6595476E-03  0.3711674E-03  0.2233127E-05  0.1424681E-07  0.3086032E-03  0.0000000E+00  0.3608870E-02  0.2073062E-04
  0.50000  0.24906  0.01946  0.03060  0.4907704E-02  0.4040806E-03  0.6762135E-03  0.3805741E-03  0.2236332E-05  0.1428112E-07  0.3168109E-03  0.0000000E+00  0.3912443E-02  0.2349224E-04
  0.50000  0.24906  0.01956  0.03070  0.5030349E-02  0.4170985E-03  0.6928680E-03  0.3899757E-03  0.2239724E-05  0.1431728E-07  0.3250373E-03  0.0000000E+00  0.4010204E-02  0.2710843E-04
  0.50000  0.24905  0.01966  0.03080  0.4935166E-02  0.4305631E-03  0.7095164E-03  0.3993754E-03  0.2243283E-05  0.1435513E-07  0.3332852E-03  0.0000000E+00  0.3890121E-02  0.3117333E-04
  0.50000  0.24905  0.01976  0.03090  0.4648824E-02  0.4439256E-03  0.7261637E-03  0.4087760E-03  0.2246992E-05  0.1439454E-07  0.3415572E-03  0.0000000E+00  0.3578856E-02  0.3513520E-04
  0.50000  0.24904  0.01986  0.03100  0.4230459E-02  0.4565636E-03  0.7428146E-03  0.4181799E-03  0.2250835E-05  0.1443537E-07  0.3498553E-03  0.0000000E+00  0.3135538E-02  0.3836925E-04
  0.50000  0.24903  0.01996  0.03110  0.3756596E-02  0.4679321E-03  0.7594731E-03  0.4275896E-03  0.2254800E-05  0.1447752E-07  0.3581819E-03  0.0000000E+00  0.2636686E-02  0.4032805E-04
  0.50000  0.24903  0.02006  0.03120  0.3301966E-02  0.4777271E-03  0.7761431E-03  0.4370072E-03  0.2258874E-05  0.1452090E-07  0.3665387E-03  0.0000000E+00  0.2157025E-02  0.4070540E-04
  0.50000  0.24902  0.02016  0.03130  0.2922120E-02  0.4859855E-03  0.7928282E-03  0.4464347E-03  0.2263047E-05  0.1456541E-07  0.3749277E-03  0.0000000E+00  0.1752101E-02  0.3953625E-04
  0.50000  0.24901  0.02026  0.03140  0.2642937E-02  0.4930706E-03  0.8095316E-03  0.4558740E-03  0.2267310E-05  0.1461099E-07  0.3833504E-03  0.0000000E+00  0.1447788E-02  0.3718198E-04
  0.50000  0.24901  0.02036  0.03150  0.2459667E-02  0.4995479E-03  0.8262564E-03  0.4653267E-03  0.2271656E-05  0.1465757E-07  0.3918086E-03  0.0000000E+00  0.1239330E-02  0.3420653E-04
  0.50000  0.24900  0.02046  0.03160  0.2344997E-02  0.5060091E-03  0.8430053E-03  0.4747946E-03  0.2276077E-05  0.1470507E-07  0.4003035E-03  0.0000000E+00  0.1099413E-02  0.3119987E-04
  0.50000  0.24900  0.02056  0.03170  0.2262665E-02  0.5129185E-03  0.8597810E-03  0.4842789E-03  0.2280566E-05  0.1475345E-07  0.4088367E-03  0.0000000E+00  0.9917667E-03  0.2862484E-04
  0.50000  0.24899  0.02066  0.03180  0.2181375E-02  0.5205315E-03  0.8765858E-03  0.4937812E-03  0.2285118E-05  0.1480265E-07  0.4174093E-03  0.0000000E+00  0.8850947E-03  0.2673556E-04
  0.50000  0.24898  0.02076  0.03190  0.2084090E-02  0.5289009E-03  0.8934220E-03  0.5033026E-03  0.2289728E-05  0.1485264E-07  0.4260227E-03  0.0000000E+00  0.7623559E-03  0.2558341E-04
  0.50000  0.24898  0.02086  0.03200  0.1970078E-02  0.5379369E-03  0.9102918E-03  0.5128444E-03  0.2294392E-05  0.1490336E-07  0.4346778E-03  0.0000000E+00  0.6228138E-03  0.2507758E-04
  0.50000  0.24897  0.02096  0.03210  0.1850429E-02  0.5474851E-03  0.9271971E-03  0.5224077E-03  0.2299104E-05  0.1495477E-07  0.4433759E-03  0.0000000E+00  0.4775564E-03  0.2506239E-04
  0.50000  0.24896  0.02106  0.03220  0.1740372E-02  0.5573880E-03  0.9441397E-03  0.5319936E-03  0.2303862E-05  0.1500686E-07  0.4521179E-03  0.0000000E+00  0.3418105E-03  0.2537936E-04
  0.50000  0.24896  0.02116  0.03230  0.1652318E-02  0.5675192E-03  0.9611214E-03  0.5416029E-03  0.2308663E-05  0.1505957E-07  0.4609047E-03  0.0000000E+00  0.2279834E-03  0.2590124E-04
  0.50000  0.24895  0.02126  0.03240  0.1592182E-02  0.5777931E-03  0.9781437E-03  0.5512367E-03  0.2313502E-05  0.1511289E-07  0.4697373E-03  0.0000000E+00  0.1419877E-03  0.2654126E-04
  0.50000  0.24894  0.02136  0.03250  0.1559339E-02  0.5881586E-03  0.9952083E-03  0.5608959E-03  0.2318377E-05  0.1516678E-07  0.4786166E-03  0.0000000E+00  0.8319553E-04  0.2724753E-04
  0.50000  0.24894  0.02146  0.03260  0.1548879E-02  0.5985888E-03  0.1012317E-02  0.5705811E-03  0.2323287E-05  0.1522122E-07  0.4875433E-03  0.0000000E+00  0.4669595E-04  0.2799246E-04
  0.50000  0.24893  0.02157  0.03270  0.1554389E-02  0.6090713E-03  0.1029470E-02  0.5802932E-03  0.2328228E-05  0.1527619E-07  0.4965182E-03  0.0000000E+00  0.2607318E-04  0.2876286E-04
  0.50000  0.24892  0.02167  0.03280  0.1570009E-02  0.6196014E-03  0.1046669E-02  0.5900330E-03  0.2333198E-05  0.1533167E-07  0.5055422E-03  0.0000000E+00  0.1546463E-04  0.2955312E-04
  0.50000  0.24892  0.02177  0.03290  0.1591383E-02  0.6301775E-03  0.1063916E-02  0.5998010E-03  0.2338197E-05  0.1538763E-07  0.5146157E-03  0.0000000E+00  0.1051259E-04  0.3036114E-04
  0.50000  0.24891  0.02187  0.03300  0.1615736E-02  0.6407998E-03  0.1081212E-02  0.6095980E-03  0.2343221E-05  0.1544407E-07  0.5237396E-03  0.0000000E+00  0.8441868E-05  0.3118631E-04
  0.50000  0.24890  0.02197  0.03310  0.1641520E-02  0.6514687E-03  0.1098557E-02  0.6194246E-03  0.2348269E-05  0.1550095E-07  0.5329145E-03  0.0000000E+00  0.7700242E-05  0.3202857E-04
  0.50000  0.24890  0.02207  0.03320  0.1667961E-02  0.6621850E-03  0.1115953E-02  0.6292813E-03  0.2353341E-05  0.1555827E-07  0.5421410E-03  0.0000000E+00  0.7514503E-05  0.3288810E-04
  0.50000  0.24889  0.02217  0.03330  0.1694717E-02  0.6729495E-03  0.1133400E-02  0.6391688E-03  0.2358434E-05  0.1561601E-07  0.5514197E-03  0.0000000E+00  0.7538532E-05  0.3376511E-04
  0.50000  0.24888  0.02227  0.03340  0.1721647E-02  0.6837630E-03  0.1150900E-02  0.6490875E-03  0.2363548E-05  0.1567416E-07  0.5607512E-03  0.0000000E+00  0.7632196E-05  0.3465984E-04
  0.50000  0.24888  0.02237  0.03350  0.1748702E-02  0.6946262E-03  0.1168454E-02  0.6590379E-03  0.2368681E-05  0.1573270E-07  0.5701359E-03  0.0000000E+00  0.7743873E-05  0.3557256E-04
  0.50000  0.24887  0.02247  0.03360  0.1775866E-02  0.7055399E-03  0.1186062E-02  0.6690205E-03  0.2373833E-05  0.1579163E-07  0.5795745E-03  0.0000000E+00  0.7856108E-05  0.3650352E-04
  0.50000  0.24886  0.02257  0.03370  0.1803134E-02  0.7165047E-03  0.1203724E-02  0.6790359E-03  0.2379002E-05  0.1585093E-07  0.5890674E-03  0.0000000E+00  0.7963368E-05  0.3745300E-04
  0.50000  0.24886  0.02267  0.03380  0.1830506E-02  0.7275215E-03  0.1221443E-02  0.6890843E-03  0.2384188E-05  0.1591059E-07  0.5986150E-03  0.0000000E+00  0.8063903E-05  0.3842125E-04
  0.50000  0.24885  0.02277  0.03390  0.1857983E-02  0.7385908E-03  0.1239218E-02  0.6991663E-03  0.2389389E-05  0.1597060E-07  0.6082180E-03  0.0000000E+00  0.8157070E-05  0.3940855E-04
  0.50000  0.24884  0.02287  0.03400  0.1885564E-02  0.7497134E-03  0.1257051E-02  0.7092821E-03  0.2394606E-05  0.1603096E-07  0.6178766E-03  0.0000000E+00  0.8242534E-05  0.4041519E-04
  0.50000  0.24884  0.02297  0.03410  0.1913252E-02  0.7608899E-03  0.1274941E-02  0.7194323E-03  0.2399838E-05  0.1609164E-07  0.6275914E-03  0.0000000E+00  0.8320055E-05  0.4144144E-04
  0.50000  0.24883  0.02307  0.03420  0.1941047E-02  0.7721209E-03  0.1292890E-02  0.7296172E-03  0.2405083E-05  0.1615266E-07  0.6373628E-03  0.0000000E+00  0.8389438E-05  0.4248759E-04
  0.50000  0.24882  0.02317  0.03430  0.1968949E-02  0.7834072E-03  0.1310897E-02  0.7398370E-03  0.2410342E-05  0.1621399E-07  0.6471911E-03  0.0000000E+00  0.8450520E-05  0.4355394E-04
  0.50000  0.24882  0.02327  0.03440  0.1996960E-02  0.7947493E-03  0.1328965E-02  0.7500923E-03  0.2415614E-05  0.1627563E-07  0.6570767E-03  0.0000000E+00  0.8503168E-05  0.4464077E-04
  0.50000  0.24881  0.02337  0.03450  0.2025081E-02  0.8061479E-03  0.1347093E-02  0.7603831E-03  0.2420899E-05  0.1633758E-07  0.6670201E-03  0.0000000E+00  0.8547282E-05  0.4574840E-04
  0.50000  0.24880  0.02347  0.03460  0.2053312E-02  0.8176035E-03  0.1365281E-02  0.7707100E-03  0.2426195E-05  0.1639982E-07  0.6770216E-03  0.0000000E+00  0.8582794E-05  0.4687710E-04
  0.50000  0.24880  0.02357  0.03470  0.2081653E-02  0.8291168E-03  0.1383530E-02  0.7810731E-03  0.2431504E-05  0.1646236E-07  0.6870816E-03  0.0000000E+00  0.8609667E-05  0.4802720E-04
  0.50000  0.24879  0.02367  0.03480  0.2110107E-02  0.8406883E-03  0.1401842E-02  0.7914728E-03  0.2436823E-05  0.1652518E-07  0.6972003E-03  0.0000000E+00  0.8627898E-05  0.4919900E-04
  0.50000  0.24878  0.02377  0.03490  0.2138673E-02  0.8523187E-03  0.1420215E-02  0.8019093E-03  0.2442154E-05  0.1658828E-07  0.7073782E-03  0.0000000E+00  0.8637517E-05  0.5039280E-04
  0.50000  0.24877  0.02387  0.03500  0.2167353E-02  0.8640085E-03  0.1438651E-02  0.8123829E-03  0.2447496E-05  0.1665166E-07  0.7176155E-03  0.0000000E+00  0.8638583E-05  0.5160892E-04
  0.50000  0.24877  0.02397  0.03510  0.2196147E-02  0.8757583E-03  0.1457151E-02  0.8228939E-03  0.2452847E-05  0.1671531E-07  0.7279126E-03  0.0000000E+00  0.8631191E-05  0.5284767E-04
  0.50000  0.24876  0.02407  0.03520  0.2225057E-02  0.8875686E-03  0.1475713E-02  0.8334425E-03  0.2458210E-05  0.1677922E-07  0.7382697E-03  0.0000000E+00  0.8615464E-05  0.5410937E-04
  0.50000  0.24875  0.02417  0.03530  0.2258396E-02  0.8994778E-03  0.1494340E-02  0.8440289E-03  0.6777212E-05  0.5458756E-07  0.7486873E-03  0.0000000E+00  0.8591556E-05  0.5539431E-04
  0.50000  0.24875  0.02427  0.03540  0.2287488E-02  0.9114104E-03  0.1513030E-02  0.8546533E-03  0.6732532E-05  0.5420743E-07  0.7591655E-03  0.0000000E+00  0.8559653E-05  0.5670283E-04
  0.50000  0.24874  0.02437  0.03550  0.2316702E-02  0.9234052E-03  0.1531786E-02  0.8653161E-03  0.6691661E-05  0.5386311E-07  0.7697046E-03  0.0000000E+00  0.8519965E-05  0.5803523E-04
  0.50000  0.24873  0.02447  0.03560  0.2346038E-02  0.9354627E-03  0.1550606E-02  0.8760173E-03  0.6654215E-05  0.5355102E-07  0.7803049E-03  0.0000000E+00  0.8472732E-05  0.5939183E-04
  0.50000  0.24873  0.02457  0.03570  0.2375496E-02  0.9475835E-03  0.1569491E-02  0.8867573E-03  0.6619863E-05  0.5326807E-07  0.7909668E-03  0.0000000E+00  0.8418218E-05  0.6077293E-04
  0.50000  0.24872  0.02467  0.03580  0.2405078E-02  0.9597680E-03  0.1588443E-02  0.8975362E-03  0.6588314E-05  0.5301157E-07  0.8016903E-03  0.0000000E+00  0.8356711E-05  0.6217885E-04
  0.50000  0.24871  0.02477  0.03590  0.2434784E-02  0.9720168E-03  0.1607460E-02  0.9083542E-03  0.6559316E-05  0.5277913E-07  0.8124759E-03  0.0000000E+00  0.8288519E-05  0.6360989E-04
  0.50000  0.24870  0.02488  0.03600  0.2464614E-02  0.9843304E-03  0.1626543E-02  0.9192114E-03  0.6532646E-05  0.5256870E-07  0.8233238E-03  0.0000000E+00  0.8213973E-05  0.6506636E-04
  0.50000  0.24870  0.02498  0.03610  0.2494569E-02  0.9967092E-03  0.1645694E-02  0.9301082E-03  0.6508105E-05  0.5237842E-07  0.8342341E-03  0.0000000E+00  0.8133421E-05  0.6654856E-04
  0.50000  0.24869  0.02508  0.03620  0.2513341E-02  0.1004924E-02  0.1657428E-02  0.9368155E-03  0.6456373E-05  0.5197205E-07  0.8414088E-03  0.0000000E+00  0.8047225E-05  0.6805679E-04
  0.50000  0.24868  0.02518  0.03630  0.2528713E-02  0.1011891E-02  0.1666905E-02  0.9422477E-03  0.6398368E-05  0.5151763E-07  0.8474533E-03  0.0000000E+00  0.7955764E-05  0.6959133E-04
  0.50000  0.24868  0.02528  0.03640  0.2544116E-02  0.1018892E-02  0.1676395E-02  0.9476881E-03  0.6342875E-05  0.5108567E-07  0.8535186E-03  0.0000000E+00  0.7859426E-05  0.7115247E-04
  0.50000  0.24867  0.02538  0.03650  0.2559550E-02  0.1025928E-02  0.1685897E-02  0.9531367E-03  0.6289721E-05  0.5067457E-07  0.8596047E-03  0.0000000E+00  0.7758610E-05  0.7274050E-04
  0.50000  0.24866  0.02548  0.03660  0.2575016E-02  0.1033000E-02  0.1695412E-02  0.9585935E-03  0.6238747E-05  0.5028287E-07  0.8657116E-03  0.0000000E+00  0.7653720E-05  0.7435569E-04
  0.50000  0.24865  0.02558  0.03670  0.2590515E-02  0.1040107E-02  0.1704940E-02  0.9640586E-03  0.6189811E-05  0.4990929E-07  0.8718393E-03  0.0000000E+00  0.7545169E-05  0.7599830E-04
  0.50000  0.24865  0.02568  0.03680  0.2606045E-02  0.1047250E-02  0.1714481E-02  0.9695319E-03  0.6142784E-05  0.4955264E-07  0.8779876E-03  0.0000000E+00  0.7433368E-05  0.7766860E-04
  0.50000  0.24864  0.02578  0.03690  0.2621608E-02  0.1054430E-02  0.1724035E-02  0.9750135E-03  0.6097548E-05  0.4921184E-07  0.8841567E-03  0.0000000E+00  0.7318732E-05  0.7936684E-04
  0.50000  0.24863  0.02588  0.03700  0.2637204E-02  0.1061646E-02  0.1733602E-02  0.9805035E-03  0.6053994E-05  0.4888590E-07  0.8903465E-03  0.0000000E+00  0.7201674E-05  0.8109326E-04
  0.50000  0.24862  0.02598  0.03710  0.2652833E-02  0.1068898E-02  0.1743181E-02  0.9860017E-03  0.6012024E-05  0.4857394E-07  0.8965569E-03  0.0000000E+00  0.7082603E-05  0.8284810E-04
  0.50000  0.24862  0.02608  0.03720  0.2668495E-02  0.1076188E-02  0.1752774E-02  0.9915083E-03  0.5971548E-05  0.4827512E-07  0.9027880E-03  0.0000000E+00  0.6961921E-05  0.8463157E-04
  0.50000  0.24861  0.02618  0.03730  0.2684191E-02  0.1083515E-02  0.1762379E-02  0.9970233E-03  0.5932482E-05  0.4798868E-07  0.9090397E-03  0.0000000E+00  0.6840025E-05  0.8644390E-04
  0.50000  0.24860  0.02628  0.03740  0.2699922E-02  0.1090880E-02  0.1771998E-02  0.1002547E-02  0.5894749E-05  0.4771394E-07  0.9153119E-03  0.0000000E+00  0.6717302E-05  0.8828529E-04
  0.50000  0.24859  0.02638  0.03750  0.2715686E-02  0.1098282E-02  0.1781629E-02  0.1008078E-02  0.5858278E-05  0.4745025E-07  0.9216048E-03  0.0000000E+00  0.6594127E-05  0.9015593E-04
  0.50000  0.24859  0.02648  0.03760  0.2731486E-02  0.1105722E-02  0.1791274E-02  0.1013619E-02  0.5823004E-05  0.4719702E-07  0.9279182E-03  0.0000000E+00  0.6470865E-05  0.9205600E-04
  0.50000  0.24858  0.02658  0.03770  0.2747321E-02  0.1113200E-02  0.1800932E-02  0.1019167E-02  0.5788867E-05  0.4695370E-07  0.9342521E-03  0.0000000E+00  0.6347866E-05  0.9398567E-04
  0.50000  0.24857  0.02668  0.03780  0.2763190E-02  0.1120716E-02  0.1810603E-02  0.1024724E-02  0.5755809E-05  0.4671977E-07  0.9406066E-03  0.0000000E+00  0.6225463E-05  0.9594509E-04
  0.50000  0.24856  0.02678  0.03790  0.2779096E-02  0.1128271E-02  0.1820287E-02  0.1030290E-02  0.5723778E-05  0.4649476E-07  0.9469815E-03  0.0000000E+00  0.6103977E-05  0.9793440E-04
  0.50000  0.24856  0.02688  0.03800  0.2795037E-02  0.1135864E-02  0.1829984E-02  0.1035864E-02  0.5692726E-05  0.4627825E-07  0.9533768E-03  0.0000000E+00  0.5983708E-05  0.9995374E-04
  0.50000  0.24855  0.02698  0.03810  0.2811014E-02  0.1143496E-02  0.1839694E-02  0.1041447E-02  0.5662607E-05  0.4606980E-07  0.9597927E-03  0.0000000E+00  0.5864939E-05  0.1020032E-03
  0.50000  0.24854  0.02708  0.03820  0.2827028E-02  0.1151167E-02  0.1849418E-02  0.1047038E-02  0.5633378E-05  0.4586905E-07  0.9662289E-03  0.0000000E+00  0.5747935E-05  0.1040829E-03
  0.50000  0.24853  0.02718  0.03830  0.2843078E-02  0.1158876E-02  0.1859155E-02  0.1052638E-02  0.5605000E-05  0.4567564E-07  0.9726855E-03  0.0000000E+00  0.5632942E-05  0.1061930E-03
  0.50000  0.24853  0.02728  0.03840  0.2859165E-02  0.1166625E-02  0.1868905E-02  0.1058246E-02  0.5577436E-05  0.4548923E-07  0.9791625E-03  0.0000000E+00  0.5520184E-05  0.1083334E-03
  0.50000  0.24852  0.02738  0.03850  0.2875289E-02  0.1174412E-02  0.1878669E-02  0.1063863E-02  0.5550650E-05  0.4530951E-07  0.9856598E-03  0.0000000E+00  0.5409867E-05  0.1105043E-03
  0.50000  0.24851  0.02748  0.03860  0.2891450E-02  0.1182239E-02  0.1888445E-02  0.1069488E-02  0.5524609E-05  0.4513618E-07  0.9921775E-03  0.0000000E+00  0.5302176E-05  0.1127057E-03
  0.50000  0.24850  0.02758  0.03870  0.2907648E-02  0.1190105E-02  0.1898236E-02  0.1075122E-02  0.5499284E-05  0.4496897E-07  0.9987154E-03  0.0000000E+00  0.5197276E-05  0.1149376E-03
  0.50000  0.24849  0.02768  0.03880  0.2923883E-02  0.1198010E-02  0.1908039E-02  0.1080765E-02  0.5474644E-05  0.4480763E-07  0.1005274E-02  0.0000000E+00  0.5095312E-05  0.1172000E-03
  0.50000  0.24849  0.02778  0.03890  0.2940155E-02  0.1205954E-02  0.1917856E-02  0.1086417E-02  0.5450663E-05  0.4465190E-07  0.1011852E-02  0.0000000E+00  0.4996408E-05  0.1194929E-03
  0.50000  0.24848  0.02789  0.03900  0.2956465E-02  0.1213938E-02  0.1927687E-02  0.1092077E-02  0.5427315E-05  0.4450156E-07  0.1018451E-02  0.0000000E+00  0.4900669E-05  0.1218163E-03
  0.50000  0.24847  0.02799  0.03910  0.2972813E-02  0.1221960E-02  0.1937530E-02  0.1097746E-02  0.5404575E-05  0.4435640E-07  0.1025070E-02  0.0000000E+00  0.4808182E-05  0.1241701E-03
  0.50000  0.24846  0.02809  0.03920  0.2989198E-02  0.1230022E-02  0.1947388E-02  0.1103423E-02  0.5382421E-05  0.4421620E-07  0.1031709E-02  0.0000000E+00  0.4719014E-05  0.1265543E-03
  0.50000  0.24846  0.02819  0.03930  0.3005621E-02  0.1238122E-02  0.1957258E-02  0.1109109E-02  0.5360831E-05  0.4408078E-07  0.1038368E-02  0.0000000E+00  0.4633214E-05  0.1289688E-03
  0.50000  0.24845  0.02829  0.03940  0.3022081E-02  0.1246262E-02  0.1967143E-02  0.1114804E-02  0.5339783E-05  0.4394995E-07  0.1045048E-02  0.0000000E+00  0.4550814E-05  0.1314135E-03
  0.50000  0.24844  0.02839  0.03950  0.3038578E-02  0.1254440E-02  0.1977040E-02  0.1120508E-02  0.5319260E-05  0.4382354E-07  0.1051747E-02  0.0000000E+00  0.4471830E-05  0.1338883E-03
  0.50000  0.24843  0.02849  0.03960  0.3055114E-02  0.1262657E-02  0.1986952E-02  0.1126221E-02  0.5299241E-05  0.4370139E-07  0.1058467E-02  0.0000000E+00  0.4396262E-05  0.1363931E-03
  0.50000  0.24842  0.02859  0.03970  0.3071687E-02  0.1270913E-02  0.1996876E-02  0.1131942E-02  0.5279710E-05  0.4358334E-07  0.1065206E-02  0.0000000E+00  0.4324095E-05  0.1389276E-03
  0.50000  0.24842  0.02869  0.03980  0.3088297E-02  0.1279207E-02  0.2006815E-02  0.1137672E-02  0.5260650E-05  0.4346925E-07  0.1071966E-02  0.0000000E+00  0.4255300E-05  0.1414918E-03
  0.50000  0.24841  0.02879  0.03990  0.3104945E-02  0.1287540E-02  0.2016767E-02  0.1143411E-02  0.5242045E-05  0.4335897E-07  0.1078746E-02  0.0000000E+00  0.4189834E-05  0.1440855E-03
  0.50000  0.24840  0.02889  0.04000  0.3121629E-02  0.1295910E-02  0.2026732E-02  0.1149159E-02  0.5223880E-05  0.4325237E-07  0.1085546E-02  0.0000000E+00  0.4127645E-05  0.1467084E-03
  0.50000  0.24839  0.02899  0.04010  0.3138352E-02  0.1304319E-02  0.2036711E-02  0.1154915E-02  0.5206140E-05  0.4314933E-07  0.1092365E-02  0.0000000E+00  0.4068666E-05  0.1493604E-03
  0.50000  0.24838  0.02909  0.04020  0.3155111E-02  0.1312765E-02  0.2046704E-02  0.1160681E-02  0.5188812E-05  0.4304972E-07  0.1099205E-02  0.0000000E+00  0.4012823E-05  0.1520411E-03
  0.50000  0.24838  0.02919  0.04030  0.3177067E-02  0.1321308E-02  0.2056711E-02  0.1166455E-02  0.1033132E-04  0.1024895E-06  0.1106065E-02  0.0000000E+00  0.3960031E-05  0.1547504E-03
  0.50000  0.24837  0.02929  0.04040  0.3193804E-02  0.1329827E-02  0.2066731E-02  0.1172238E-02  0.1021828E-04  0.1012254E-06  0.1112944E-02  0.0000000E+00  0.3910200E-05  0.1574879E-03
  0.50000  0.24836  0.02939  0.04050  0.3210584E-02  0.1338384E-02  0.2076765E-02  0.1178030E-02  0.1011199E-04  0.1000437E-06  0.1119844E-02  0.0000000E+00  0.3863228E-05  0.1602534E-03
  0.50000  0.24835  0.02949  0.04060  0.3227406E-02  0.1346977E-02  0.2086812E-02  0.1183831E-02  0.1001178E-04  0.9893640E-07  0.1126763E-02  0.0000000E+00  0.3819011E-05  0.1630466E-03
  0.50000  0.24834  0.02959  0.04070  0.3244270E-02  0.1355606E-02  0.2096873E-02  0.1189641E-02  0.9917084E-05  0.9789635E-07  0.1133702E-02  0.0000000E+00  0.3777438E-05  0.1658670E-03
  0.50000  0.24834  0.02969  0.04080  0.3261175E-02  0.1364271E-02  0.2106948E-02  0.1195460E-02  0.9827407E-05  0.9691738E-07  0.1140661E-02  0.0000000E+00  0.3738393E-05  0.1687145E-03
  0.50000  0.24833  0.02979  0.04090  0.3278121E-02  0.1372972E-02  0.2117037E-02  0.1201288E-02  0.9742315E-05  0.9599410E-07  0.1147640E-02  0.0000000E+00  0.3701759E-05  0.1715885E-03
  0.50000  0.24832  0.02989  0.04100  0.3295106E-02  0.1381708E-02  0.2127139E-02  0.1207124E-02  0.9661425E-05  0.9512176E-07  0.1154638E-02  0.0000000E+00  0.3667414E-05  0.1744887E-03
  0.50000  0.24831  0.02999  0.04110  0.3312131E-02  0.1390479E-02  0.2137255E-02  0.1212970E-02  0.9584400E-05  0.9429619E-07  0.1161656E-02  0.0000000E+00  0.3635235E-05  0.1774148E-03
  0.50000  0.24830  0.03009  0.04120  0.3329195E-02  0.1399284E-02  0.2147385E-02  0.1218824E-02  0.9510939E-05  0.9351366E-07  0.1168694E-02  0.0000000E+00  0.3605098E-05  0.1803662E-03
  0.50000  0.24829  0.03019  0.04130  0.3346298E-02  0.1408123E-02  0.2157529E-02  0.1224688E-02  0.9440776E-05  0.9277085E-07  0.1175752E-02  0.0000000E+00  0.3576877E-05  0.1833426E-03
  0.50000  0.24829  0.03029  0.04140  0.3363439E-02  0.1416996E-02  0.2167687E-02  0.1230561E-02  0.9373671E-05  0.9206481E-07  0.1182829E-02  0.0000000E+00  0.3550449E-05  0.1863434E-03
  0.50000  0.24828  0.03039  0.04150  0.3380619E-02  0.1425902E-02  0.2177858E-02  0.1236442E-02  0.9309408E-05  0.9139289E-07  0.1189926E-02  0.0000000E+00  0.3525689E-05  0.1893683E-03
  0.50000  0.24827  0.03049  0.04160  0.3397835E-02  0.1434840E-02  0.2188043E-02  0.1242333E-02  0.9247795E-05  0.9075268E-07  0.1197042E-02  0.0000000E+00  0.3502474E-05  0.1924166E-03
  0.50000  0.24826  0.03060  0.04170  0.3415089E-02  0.1443811E-02  0.2198242E-02  0.1248233E-02  0.9188657E-05  0.9014204E-07  0.1204178E-02  0.0000000E+00  0.3480685E-05  0.1954880E-03
  0.50000  0.24825  0.03070  0.04180  0.3432380E-02  0.1452813E-02  0.2208455E-02  0.1254141E-02  0.9131833E-05  0.8955900E-07  0.1211334E-02  0.0000000E+00  0.3460203E-05  0.1985818E-03
  0.50000  0.24824  0.03080  0.04190  0.3449708E-02  0.1461846E-02  0.2218681E-02  0.1260059E-02  0.9077182E-05  0.8900179E-07  0.1218509E-02  0.0000000E+00  0.3440911E-05  0.2016976E-03
  0.50000  0.24824  0.03090  0.04200  0.3467072E-02  0.1470909E-02  0.2228921E-02  0.1265986E-02  0.9024570E-05  0.8846880E-07  0.1225704E-02  0.0000000E+00  0.3422697E-05  0.2048347E-03
  0.50000  0.24823  0.03100  0.04210  0.3484473E-02  0.1480002E-02  0.2239176E-02  0.1271922E-02  0.8973877E-05  0.8795854E-07  0.1232918E-02  0.0000000E+00  0.3405451E-05  0.2079925E-03
  0.50000  0.24822  0.03110  0.04220  0.3501909E-02  0.1489124E-02  0.2249444E-02  0.1277866E-02  0.8924994E-05  0.8746966E-07  0.1240151E-02  0.0000000E+00  0.3389068E-05  0.2111706E-03
  0.50000  0.24821  0.03120  0.04230  0.3519381E-02  0.1498276E-02  0.2259726E-02  0.1283820E-02  0.8877818E-05  0.8700093E-07  0.1247404E-02  0.0000000E+00  0.3373445E-05  0.2143682E-03
  0.50000  0.24820  0.03130  0.04240  0.3536889E-02  0.1507455E-02  0.2270022E-02  0.1289783E-02  0.8832258E-05  0.8655120E-07  0.1254677E-02  0.0000000E+00  0.3358485E-05  0.2175847E-03
  0.50000  0.24819  0.03140  0.04250  0.3554432E-02  0.1516661E-02  0.2280331E-02  0.1295756E-02  0.8788228E-05  0.8611943E-07  0.1261969E-02  0.0000000E+00  0.3344093E-05  0.2208195E-03
  0.50000  0.24819  0.03150  0.04260  0.3572010E-02  0.1525894E-02  0.2290655E-02  0.1301737E-02  0.8745647E-05  0.8570465E-07  0.1269280E-02  0.0000000E+00  0.3330179E-05  0.2240719E-03
  0.50000  0.24818  0.03160  0.04270  0.3589624E-02  0.1535154E-02  0.2300992E-02  0.1307727E-02  0.8704443E-05  0.8530596E-07  0.1276610E-02  0.0000000E+00  0.3316659E-05  0.2273412E-03
  0.50000  0.24817  0.03170  0.04280  0.3607272E-02  0.1544438E-02  0.2311344E-02  0.1313726E-02  0.8664548E-05  0.8492254E-07  0.1283960E-02  0.0000000E+00  0.3303451E-05  0.2306267E-03
  0.50000  0.24816  0.03180  0.04290  0.3624954E-02  0.1553747E-02  0.2321709E-02  0.1319735E-02  0.8625899E-05  0.8455361E-07  0.1291329E-02  0.0000000E+00  0.3290479E-05  0.2339277E-03
  0.50000  0.24815  0.03190  0.04300  0.3642672E-02  0.1563080E-02  0.2332088E-02  0.1325753E-02  0.8588435E-05  0.8419846E-07  0.1298718E-02  0.0000000E+00  0.3277670E-05  0.2372435E-03
  0.50000  0.24814  0.03200  0.04310  0.3660423E-02  0.1572437E-02  0.2342481E-02  0.1331780E-02  0.8552104E-05  0.8385642E-07  0.1306125E-02  0.0000000E+00  0.3264958E-05  0.2405733E-03
  0.50000  0.24813  0.03210  0.04320  0.3678209E-02  0.1581815E-02  0.2352888E-02  0.1337815E-02  0.8516854E-05  0.8352688E-07  0.1313552E-02  0.0000000E+00  0.3252278E-05  0.2439163E-03
  0.50000  0.24813  0.03220  0.04330  0.3696029E-02  0.1591216E-02  0.2363308E-02  0.1343861E-02  0.8482636E-05  0.8320926E-07  0.1320998E-02  0.0000000E+00  0.3239571E-05  0.2472718E-03
  0.50000  0.24812  0.03230  0.04340  0.3713882E-02  0.1600637E-02  0.2373743E-02  0.1349915E-02  0.8449406E-05  0.8290301E-07  0.1328463E-02  0.0000000E+00  0.3226783E-05  0.2506390E-03
  0.50000  0.24811  0.03240  0.04350  0.3731770E-02  0.1610078E-02  0.2384192E-02  0.1355978E-02  0.8417123E-05  0.8260763E-07  0.1335948E-02  0.0000000E+00  0.3213862E-05  0.2540171E-03
  0.50000  0.24810  0.03250  0.04360  0.3749691E-02  0.1619538E-02  0.2394654E-02  0.1362051E-02  0.8385746E-05  0.8232265E-07  0.1343451E-02  0.0000000E+00  0.3200763E-05  0.2574052E-03
  0.50000  0.24809  0.03260  0.04370  0.3767646E-02  0.1629017E-02  0.2405130E-02  0.1368132E-02  0.8355240E-05  0.8204761E-07  0.1350973E-02  0.0000000E+00  0.3187441E-05  0.2608026E-03
  0.50000  0.24808  0.03270  0.04380  0.3785635E-02  0.1638513E-02  0.2415621E-02  0.1374223E-02  0.8325569E-05  0.8178211E-07  0.1358515E-02  0.0000000E+00  0.3173858E-05  0.2642083E-03
  0.50000  0.24807  0.03280  0.04390  0.3803657E-02  0.1648026E-02  0.2426125E-02  0.1380323E-02  0.8296700E-05  0.8152574E-07  0.1366075E-02  0.0000000E+00  0.3159978E-05  0.2676214E-03
  0.50000  0.24806  0.03290  0.04400  0.3821712E-02  0.1657555E-02  0.2436643E-02  0.1386432E-02  0.8268602E-05  0.8127814E-07  0.1373655E-02  0.0000000E+00  0.3145769E-05  0.2710412E-03
  0.50000  0.24806  0.03300  0.04410  0.3839800E-02  0.1667098E-02  0.2447175E-02  0.1392551E-02  0.8241247E-05  0.8103895E-07  0.1381253E-02  0.0000000E+00  0.3131203E-05  0.2744667E-03
  0.50000  0.24805  0.03310  0.04420  0.3857922E-02  0.1676656E-02  0.2457720E-02  0.1398678E-02  0.8214607E-05  0.8080786E-07  0.1388871E-02  0.0000000E+00  0.3116253E-05  0.2778971E-03
  0.50000  0.24804  0.03321  0.04430  0.3876076E-02  0.1686227E-02  0.2468280E-02  0.1404815E-02  0.8188656E-05  0.8058454E-07  0.1396507E-02  0.0000000E+00  0.3100897E-05  0.2813313E-03
  0.50000  0.24803  0.03331  0.04440  0.3894264E-02  0.1695810E-02  0.2478853E-02  0.1410961E-02  0.8163368E-05  0.8036871E-07  0.1404162E-02  0.0000000E+00  0.3085116E-05  0.2847684E-03
  0.50000  0.24802  0.03341  0.04450  0.3912485E-02  0.1705404E-02  0.2489441E-02  0.1417116E-02  0.8138722E-05  0.8016008E-07  0.1411836E-02  0.0000000E+00  0.3068892E-05  0.2882076E-03
  0.50000  0.24801  0.03351  0.04460  0.3930738E-02  0.1715008E-02  0.2500042E-02  0.1423280E-02  0.8114695E-05  0.7995839E-07  0.1419529E-02  0.0000000E+00  0.3052211E-05  0.2916479E-03
  0.50000  0.24800  0.03361  0.04470  0.3949024E-02  0.1724622E-02  0.2510657E-02  0.1429454E-02  0.8091265E-05  0.7976339E-07  0.1427241E-02  0.0000000E+00  0.3035062E-05  0.2950883E-03
  0.50000  0.24799  0.03371  0.04480  0.3967343E-02  0.1734243E-02  0.2521286E-02  0.1435636E-02  0.8068412E-05  0.7957485E-07  0.1434971E-02  0.0000000E+00  0.3017435E-05  0.2985277E-03
  0.50000  0.24798  0.03381  0.04490  0.3985695E-02  0.1743873E-02  0.2531929E-02  0.1441828E-02  0.8046119E-05  0.7939254E-07  0.1442720E-02  0.0000000E+00  0.2999322E-05  0.3019653E-03
  0.50000  0.24798  0.03391  0.04500  0.4004079E-02  0.1753508E-02  0.2542586E-02  0.1448029E-02  0.8024366E-05  0.7921624E-07  0.1450488E-02  0.0000000E+00  0.2980719E-05  0.3054001E-03
  0.50000  0.24797  0.03401  0.04510  0.4022496E-02  0.1763149E-02  0.2553256E-02  0.1454239E-02  0.8003137E-05  0.7904575E-07  0.1458275E-02  0.0000000E+00  0.2961622E-05  0.3088310E-03
  0.50000  0.24796  0.03411  0.04520  0.4040945E-02  0.1772794E-02  0.2563941E-02  0.1460459E-02  0.7982414E-05  0.7888089E-07  0.1466080E-02  0.0000000E+00  0.2942030E-05  0.3122570E-03
  0.50000  0.24795  0.03421  0.04530  0.4059426E-02  0.1782443E-02  0.2574639E-02  0.1466687E-02  0.7962183E-05  0.7872146E-07  0.1473904E-02  0.0000000E+00  0.2921942E-05  0.3156771E-03
  0.50000  0.24794  0.03431  0.04540  0.4083675E-02  0.1792178E-02  0.2585351E-02  0.1472925E-02  0.1367690E-04  0.1629834E-06  0.1481746E-02  0.0000000E+00  0.2901360E-05  0.3190902E-03
  0.50000  0.24793  0.03441  0.04550  0.4102117E-02  0.1801828E-02  0.2596076E-02  0.1479172E-02  0.1355298E-04  0.1611649E-06  0.1489607E-02  0.0000000E+00  0.2880288E-05  0.3224954E-03
  0.50000  0.24792  0.03451  0.04560  0.4120598E-02  0.1811479E-02  0.2606816E-02  0.1485428E-02  0.1343634E-04  0.1594624E-06  0.1497487E-02  0.0000000E+00  0.2858730E-05  0.3258916E-03
  0.50000  0.24791  0.03461  0.04570  0.4139117E-02  0.1821129E-02  0.2617569E-02  0.1491693E-02  0.1332630E-04  0.1578645E-06  0.1505385E-02  0.0000000E+00  0.2836692E-05  0.3292776E-03
  0.50000  0.24790  0.03471  0.04580  0.4157674E-02  0.1830777E-02  0.2628337E-02  0.1497968E-02  0.1322225E-04  0.1563614E-06  0.1513301E-02  0.0000000E+00  0.2814181E-05  0.3326525E-03
  0.50000  0.24789  0.03481  0.04590  0.4176268E-02  0.1840422E-02  0.2639117E-02  0.1504252E-02  0.1312365E-04  0.1549447E-06  0.1521236E-02  0.0000000E+00  0.2791205E-05  0.3360152E-03
  0.50000  0.24788  0.03491  0.04600  0.4194899E-02  0.1850063E-02  0.2649912E-02  0.1510545E-02  0.1303004E-04  0.1536067E-06  0.1529190E-02  0.0000000E+00  0.2767773E-05  0.3393647E-03
  0.50000  0.24787  0.03501  0.04610  0.4213567E-02  0.1859699E-02  0.2660720E-02  0.1516847E-02  0.1294102E-04  0.1523410E-06  0.1537161E-02  0.0000000E+00  0.2743895E-05  0.3426997E-03
  0.50000  0.24787  0.03511  0.04620  0.4232270E-02  0.1869328E-02  0.2671542E-02  0.1523158E-02  0.1285622E-04  0.1511416E-06  0.1545152E-02  0.0000000E+00  0.2719581E-05  0.3460193E-03
  0.50000  0.24786  0.03521  0.04630  0.4251009E-02  0.1878951E-02  0.2682378E-02  0.1529478E-02  0.1277532E-04  0.1500034E-06  0.1553160E-02  0.0000000E+00  0.2694843E-05  0.3493224E-03
  0.50000  0.24785  0.03531  0.04640  0.4269782E-02  0.1888565E-02  0.2693228E-02  0.1535808E-02  0.1269803E-04  0.1489217E-06  0.1561187E-02  0.0000000E+00  0.2669694E-05  0.3526079E-03
  0.50000  0.24784  0.03541  0.04650  0.4288591E-02  0.1898169E-02  0.2704091E-02  0.1542147E-02  0.1262410E-04  0.1478924E-06  0.1569232E-02  0.0000000E+00  0.2644146E-05  0.3558746E-03
  0.50000  0.24783  0.03551  0.04660  0.4307435E-02  0.1907763E-02  0.2714968E-02  0.1548495E-02  0.1255328E-04  0.1469117E-06  0.1577295E-02  0.0000000E+00  0.2618212E-05  0.3591216E-03
  0.50000  0.24782  0.03561  0.04670  0.4326313E-02  0.1917345E-02  0.2725858E-02  0.1554852E-02  0.1248538E-04  0.1459764E-06  0.1585377E-02  0.0000000E+00  0.2591906E-05  0.3623476E-03
  0.50000  0.24781  0.03572  0.04680  0.4345225E-02  0.1926915E-02  0.2736763E-02  0.1561218E-02  0.1242021E-04  0.1450834E-06  0.1593477E-02  0.0000000E+00  0.2565243E-05  0.3655517E-03
  0.50000  0.24780  0.03582  0.04690  0.4364171E-02  0.1936470E-02  0.2747680E-02  0.1567594E-02  0.1235759E-04  0.1442299E-06  0.1601595E-02  0.0000000E+00  0.2538237E-05  0.3687326E-03
  0.50000  0.24779  0.03592  0.04700  0.4383151E-02  0.1946011E-02  0.2758612E-02  0.1573978E-02  0.1229736E-04  0.1434135E-06  0.1609731E-02  0.0000000E+00  0.2510904E-05  0.3718894E-03
  0.50000  0.24778  0.03602  0.04710  0.4402164E-02  0.1955535E-02  0.2769557E-02  0.1580372E-02  0.1223939E-04  0.1426318E-06  0.1617885E-02  0.0000000E+00  0.2483258E-05  0.3750209E-03
  0.50000  0.24777  0.03612  0.04720  0.4421211E-02  0.1965043E-02  0.2780515E-02  0.1586775E-02  0.1218354E-04  0.1418827E-06  0.1626057E-02  0.0000000E+00  0.2455316E-05  0.3781260E-03
  0.50000  0.24776  0.03622  0.04730  0.4440291E-02  0.1974532E-02  0.2791487E-02  0.1593187E-02  0.1212970E-04  0.1411644E-06  0.1634247E-02  0.0000000E+00  0.2427093E-05  0.3812036E-03
  0.50000  0.24775  0.03632  0.04740  0.4459405E-02  0.1984001E-02  0.2802473E-02  0.1599608E-02  0.1207775E-04  0.1404752E-06  0.1642455E-02  0.0000000E+00  0.2398605E-05  0.3842527E-03
  0.50000  0.24774  0.03642  0.04750  0.4478551E-02  0.1993450E-02  0.2813472E-02  0.1606038E-02  0.1202759E-04  0.1398133E-06  0.1650682E-02  0.0000000E+00  0.2369869E-05  0.3872721E-03
  0.50000  0.24773  0.03652  0.04760  0.4497731E-02  0.2002878E-02  0.2824485E-02  0.1612478E-02  0.1197913E-04  0.1391773E-06  0.1658926E-02  0.0000000E+00  0.2340900E-05  0.3902608E-03
  0.50000  0.24772  0.03662  0.04770  0.4516943E-02  0.2012282E-02  0.2835511E-02  0.1618926E-02  0.1193228E-04  0.1385658E-06  0.1667188E-02  0.0000000E+00  0.2311716E-05  0.3932177E-03
  0.50000  0.24772  0.03672  0.04780  0.4536188E-02  0.2021664E-02  0.2846551E-02  0.1625384E-02  0.1188697E-04  0.1379777E-06  0.1675468E-02  0.0000000E+00  0.2282332E-05  0.3961417E-03
  0.50000  0.24771  0.03682  0.04790  0.4555465E-02  0.2031020E-02  0.2857604E-02  0.1631851E-02  0.1184312E-04  0.1374116E-06  0.1683765E-02  0.0000000E+00  0.2252765E-05  0.3990318E-03
  0.50000  0.24770  0.03692  0.04800  0.4574775E-02  0.2040350E-02  0.2868670E-02  0.1638326E-02  0.1180065E-04  0.1368664E-06  0.1692081E-02  0.0000000E+00  0.2223031E-05  0.4018869E-03
  0.50000  0.24769  0.03702  0.04810  0.4594117E-02  0.2049654E-02  0.2879750E-02  0.1644811E-02  0.1175951E-04  0.1363413E-06  0.1700414E-02  0.0000000E+00  0.2193147E-05  0.4047059E-03
  0.50000  0.24768  0.03712  0.04820  0.4613492E-02  0.2058929E-02  0.2890843E-02  0.1651305E-02  0.1171964E-04  0.1358352E-06  0.1708766E-02  0.0000000E+00  0.2163130E-05  0.4074878E-03
  0.50000  0.24767  0.03722  0.04830  0.4632898E-02  0.2068175E-02  0.2901950E-02  0.1657808E-02  0.1168098E-04  0.1353472E-06  0.1717134E-02  0.0000000E+00  0.2132995E-05  0.4102315E-03
  0.50000  0.24766  0.03732  0.04840  0.4652337E-02  0.2077392E-02  0.2913070E-02  0.1664321E-02  0.1164347E-04  0.1348766E-06  0.1725521E-02  0.0000000E+00  0.2102759E-05  0.4129361E-03
  0.50000  0.24765  0.03742  0.04850  0.4671808E-02  0.2086577E-02  0.2924203E-02  0.1670842E-02  0.1160707E-04  0.1344225E-06  0.1733925E-02  0.0000000E+00  0.2072437E-05  0.4156005E-03
  0.50000  0.24764  0.03752  0.04860  0.4691310E-02  0.2095730E-02  0.2935350E-02  0.1677372E-02  0.1157174E-04  0.1339842E-06  0.1742347E-02  0.0000000E+00  0.2042047E-05  0.4182238E-03
  0.50000  0.24763  0.03762  0.04870  0.4710845E-02  0.2104850E-02  0.2946510E-02  0.1683911E-02  0.1153742E-04  0.1335611E-06  0.1750786E-02  0.0000000E+00  0.2011603E-05  0.4208048E-03
  0.50000  0.24762  0.03772  0.04880  0.4730411E-02  0.2113935E-02  0.2957683E-02  0.1690460E-02  0.1150409E-04  0.1331524E-06  0.1759243E-02  0.0000000E+00  0.1981122E-05  0.4233426E-03
  0.50000  0.24761  0.03782  0.04890  0.4750009E-02  0.2122986E-02  0.2968869E-02  0.1697017E-02  0.1147169E-04  0.1327577E-06  0.1767718E-02  0.0000000E+00  0.1950618E-05  0.4258363E-03
  0.50000  0.24760  0.03792  0.04900  0.4769638E-02  0.2132000E-02  0.2980068E-02  0.1703583E-02  0.1144020E-04  0.1323764E-06  0.1776210E-02  0.0000000E+00  0.1920107E-05  0.4282849E-03
  0.50000  0.24759  0.03803  0.04910  0.4789299E-02  0.2140978E-02  0.2991281E-02  0.1710159E-02  0.1140957E-04  0.1320078E-06  0.1784719E-02  0.0000000E+00  0.1889604E-05  0.4306874E-03
  0.50000  0.24758  0.03813  0.04920  0.4808991E-02  0.2149917E-02  0.3002507E-02  0.1716743E-02  0.1137979E-04  0.1316516E-06  0.1793246E-02  0.0000000E+00  0.1859125E-05  0.4330429E-03
  0.50000  0.24757  0.03823  0.04930  0.4828715E-02  0.2158818E-02  0.3013746E-02  0.1723336E-02  0.1135081E-04  0.1313072E-06  0.1801790E-02  0.0000000E+00  0.1828682E-05  0.4353505E-03
  0.50000  0.24756  0.03833  0.04940  0.4848470E-02  0.2167679E-02  0.3024998E-02  0.1729938E-02  0.1132262E-04  0.1309742E-06  0.1810351E-02  0.0000000E+00  0.1798292E-05  0.4376093E-03
  0.50000  0.24755  0.03843  0.04950  0.4868256E-02  0.2176499E-02  0.3036263E-02  0.1736550E-02  0.1129518E-04  0.1306521E-06  0.1818930E-02  0.0000000E+00  0.1767967E-05  0.4398184E-03
  0.50000  0.24754  0.03853  0.04960  0.4888073E-02  0.2185277E-02  0.3047541E-02  0.1743170E-02  0.1126846E-04  0.1303407E-06  0.1827527E-02  0.0000000E+00  0.1737722E-05  0.4419769E-03
  0.50000  0.24753  0.03863  0.04970  0.4907921E-02  0.2194013E-02  0.3058832E-02  0.1749799E-02  0.1124244E-04  0.1300394E-06  0.1836140E-02  0.0000000E+00  0.1707570E-05  0.4440840E-03
  0.50000  0.24752  0.03873  0.04980  0.4927801E-02  0.2202706E-02  0.3070136E-02  0.1756437E-02  0.1121711E-04  0.1297480E-06  0.1844771E-02  0.0000000E+00  0.1677524E-05  0.4461388E-03
  0.50000  0.24751  0.03883  0.04990  0.4947711E-02  0.2211354E-02  0.3081452E-02  0.1763084E-02  0.1119243E-04  0.1294661E-06  0.1853418E-02  0.0000000E+00  0.1647598E-05  0.4481405E-03
  0.50000  0.24750  0.03893  0.05000  0.4967652E-02  0.2219957E-02  0.3092782E-02  0.1769740E-02  0.1116839E-04  0.1291933E-06  0.1862083E-02  0.0000000E+00  0.1617803E-05  0.4500883E-03
  0.50000  0.24749  0.03903  0.05010  0.4987624E-02  0.2228515E-02  0.3104125E-02  0.1776405E-02  0.1114496E-04  0.1289294E-06  0.1870765E-02  0.0000000E+00  0.1588152E-05  0.4519814E-03
  0.50000  0.24748  0.03913  0.05020  0.5007626E-02  0.2237026E-02  0.3115481E-02  0.1783078E-02  0.1112213E-04  0.1286741E-06  0.1879465E-02  0.0000000E+00  0.1558658E-05  0.4538191E-03
  0.50000  0.24747  0.03923  0.05030  0.5027659E-02  0.2245490E-02  0.3126849E-02  0.1789761E-02  0.1109988E-04  0.1284271E-06  0.1888181E-02  0.0000000E+00  0.1529331E-05  0.4556006E-03
  0.50000  0.24746  0.03933  0.05040  0.5054197E-02  0.2254024E-02  0.3138230E-02  0.1796452E-02  0.1755239E-04  0.2468889E-06  0.1896914E-02  0.0000000E+00  0.1500182E-05  0.4573253E-03
  0.50000  0.24745  0.03943  0.05050  0.5074171E-02  0.2262389E-02  0.3149624E-02  0.1803152E-02  0.1741158E-04  0.2442220E-06  0.1905664E-02  0.0000000E+00  0.1471224E-05  0.4589923E-03
  0.50000  0.24744  0.03953  0.05060  0.5094184E-02  0.2270704E-02  0.3161031E-02  0.1809861E-02  0.1727928E-04  0.2417263E-06  0.1914431E-02  0.0000000E+00  0.1442466E-05  0.4606010E-03
  0.50000  0.24743  0.03963  0.05070  0.5114234E-02  0.2278969E-02  0.3172450E-02  0.1816579E-02  0.1715467E-04  0.2393850E-06  0.1923215E-02  0.0000000E+00  0.1413918E-05  0.4621508E-03
  0.50000  0.24742  0.03973  0.05080  0.5134321E-02  0.2287184E-02  0.3183882E-02  0.1823306E-02  0.1703702E-04  0.2371833E-06  0.1932016E-02  0.0000000E+00  0.1385591E-05  0.4636410E-03
  0.50000  0.24741  0.03983  0.05090  0.5154444E-02  0.2295347E-02  0.3195327E-02  0.1830041E-02  0.1692571E-04  0.2351086E-06  0.1940834E-02  0.0000000E+00  0.1357494E-05  0.4650711E-03
  0.50000  0.24740  0.03993  0.05100  0.5174602E-02  0.2303459E-02  0.3206784E-02  0.1836785E-02  0.1682020E-04  0.2331496E-06  0.1949668E-02  0.0000000E+00  0.1329636E-05  0.4664403E-03
  0.50000  0.24739  0.04003  0.05110  0.5194795E-02  0.2311518E-02  0.3218254E-02  0.1843538E-02  0.1672000E-04  0.2312966E-06  0.1958520E-02  0.0000000E+00  0.1302026E-05  0.4677482E-03
  0.50000  0.24738  0.04013  0.05120  0.5215023E-02  0.2319523E-02  0.3229736E-02  0.1850300E-02  0.1662469E-04  0.2295409E-06  0.1967388E-02  0.0000000E+00  0.1274672E-05  0.4689943E-03
  0.50000  0.24737  0.04023  0.05130  0.5235284E-02  0.2327476E-02  0.3241231E-02  0.1857070E-02  0.1653389E-04  0.2278747E-06  0.1976272E-02  0.0000000E+00  0.1247583E-05  0.4701779E-03
  0.50000  0.24736  0.04034  0.05140  0.5255580E-02  0.2335374E-02  0.3252738E-02  0.1863849E-02  0.1644727E-04  0.2262914E-06  0.1985174E-02  0.0000000E+00  0.1220766E-05  0.4712987E-03
  0.50000  0.24735  0.04044  0.05150  0.5275908E-02  0.2343218E-02  0.3264257E-02  0.1870637E-02  0.1636452E-04  0.2247847E-06  0.1994092E-02  0.0000000E+00  0.1194228E-05  0.4723561E-03
  0.50000  0.24734  0.04054  0.05160  0.5296269E-02  0.2351006E-02  0.3275789E-02  0.1877433E-02  0.1628538E-04  0.2233491E-06  0.2003026E-02  0.0000000E+00  0.1167977E-05  0.4733497E-03
  0.50000  0.24733  0.04064  0.05170  0.5316663E-02  0.2358739E-02  0.3287334E-02  0.1884238E-02  0.1620959E-04  0.2219798E-06  0.2011977E-02  0.0000000E+00  0.1142018E-05  0.4742791E-03
  0.50000  0.24732  0.04074  0.05180  0.5337088E-02  0.2366417E-02  0.3298890E-02  0.1891052E-02  0.1613695E-04  0.2206722E-06  0.2020945E-02  0.0000000E+00  0.1116359E-05  0.4751439E-03
  0.50000  0.24731  0.04084  0.05190  0.5357546E-02  0.2374037E-02  0.3310459E-02  0.1897874E-02  0.1606725E-04  0.2194223E-06  0.2029929E-02  0.0000000E+00  0.1091005E-05  0.4759437E-03
  0.50000  0.24730  0.04094  0.05200  0.5378036E-02  0.2381602E-02  0.3322040E-02  0.1904705E-02  0.1600031E-04  0.2182265E-06  0.2038930E-02  0.0000000E+00  0.1065962E-05  0.4766783E-03
  0.50000  0.24729  0.04104  0.05210  0.5398557E-02  0.2389109E-02  0.3333633E-02  0.1911545E-02  0.1593597E-04  0.2170813E-06  0.2047946E-02  0.0000000E+00  0.1041235E-05  0.4773472E-03
  0.50000  0.24728  0.04114  0.05220  0.5419109E-02  0.2396559E-02  0.3345239E-02  0.1918393E-02  0.1587407E-04  0.2159837E-06  0.2056980E-02  0.0000000E+00  0.1016828E-05  0.4779502E-03
  0.50000  0.24726  0.04124  0.05230  0.5439693E-02  0.2403952E-02  0.3356856E-02  0.1925250E-02  0.1581447E-04  0.2149310E-06  0.2066029E-02  0.0000000E+00  0.9927463E-06  0.4784871E-03
  0.50000  0.24725  0.04134  0.05240  0.5460307E-02  0.2411286E-02  0.3368486E-02  0.1932115E-02  0.1575705E-04  0.2139205E-06  0.2075095E-02  0.0000000E+00  0.9689939E-06  0.4789577E-03
  0.50000  0.24724  0.04144  0.05250  0.5480952E-02  0.2418563E-02  0.3380127E-02  0.1938988E-02  0.1570170E-04  0.2129500E-06  0.2084177E-02  0.0000000E+00  0.9455747E-06  0.4793616E-03
  0.50000  0.24723  0.04154  0.05260  0.5501627E-02  0.2425782E-02  0.3391781E-02  0.1945871E-02  0.1564830E-04  0.2120171E-06  0.2093275E-02  0.0000000E+00  0.9224919E-06  0.4796988E-03
  0.50000  0.24722  0.04164  0.05270  0.5522333E-02  0.2432942E-02  0.3403446E-02  0.1952761E-02  0.1559675E-04  0.2111200E-06  0.2102390E-02  0.0000000E+00  0.8997488E-06  0.4799692E-03
  0.50000  0.24721  0.04174  0.05280  0.5543069E-02  0.2440043E-02  0.3415124E-02  0.1959661E-02  0.1554697E-04  0.2102568E-06  0.2111520E-02  0.0000000E+00  0.8773481E-06  0.4801725E-03
  0.50000  0.24720  0.04184  0.05290  0.5563834E-02  0.2447086E-02  0.3426813E-02  0.1966568E-02  0.1549886E-04  0.2094257E-06  0.2120667E-02  0.0000000E+00  0.8552923E-06  0.4803088E-03
  0.50000  0.24719  0.04194  0.05300  0.5584630E-02  0.2454071E-02  0.3438514E-02  0.1973484E-02  0.1545235E-04  0.2086252E-06  0.2129830E-02  0.0000000E+00  0.8335836E-06  0.4803778E-03
  0.50000  0.24718  0.04204  0.05310  0.5605455E-02  0.2460996E-02  0.3450227E-02  0.1980409E-02  0.1540736E-04  0.2078537E-06  0.2139008E-02  0.0000000E+00  0.8122238E-06  0.4803798E-03
  0.50000  0.24717  0.04214  0.05320  0.5626310E-02  0.2467863E-02  0.3461952E-02  0.1987341E-02  0.1536382E-04  0.2071100E-06  0.2148203E-02  0.0000000E+00  0.7912144E-06  0.4803145E-03
  0.50000  0.24716  0.04224  0.05330  0.5647194E-02  0.2474671E-02  0.3473688E-02  0.1994283E-02  0.1532168E-04  0.2063926E-06  0.2157414E-02  0.0000000E+00  0.7705567E-06  0.4801821E-03
  0.50000  0.24715  0.04234  0.05340  0.5668107E-02  0.2481420E-02  0.3485436E-02  0.2001232E-02  0.1528087E-04  0.2057005E-06  0.2166640E-02  0.0000000E+00  0.7502517E-06  0.4799825E-03
  0.50000  0.24714  0.04245  0.05350  0.5689050E-02  0.2488111E-02  0.3497195E-02  0.2008190E-02  0.1524133E-04  0.2050324E-06  0.2175883E-02  0.0000000E+00  0.7303001E-06  0.4797159E-03
  0.50000  0.24713  0.04255  0.05360  0.5710021E-02  0.2494743E-02  0.3508966E-02  0.2015156E-02  0.1520301E-04  0.2043874E-06  0.2185141E-02  0.0000000E+00  0.7107021E-06  0.4793825E-03
  0.50000  0.24712  0.04265  0.05370  0.5731021E-02  0.2501316E-02  0.3520749E-02  0.2022131E-02  0.1516586E-04  0.2037644E-06  0.2194415E-02  0.0000000E+00  0.6914580E-06  0.4789822E-03
  0.50000  0.24711  0.04275  0.05380  0.5752050E-02  0.2507832E-02  0.3532543E-02  0.2029113E-02  0.1512984E-04  0.2031625E-06  0.2203704E-02  0.0000000E+00  0.6725676E-06  0.4785153E-03
  0.50000  0.24709  0.04285  0.05390  0.5773107E-02  0.2514289E-02  0.3544348E-02  0.2036104E-02  0.1509490E-04  0.2025808E-06  0.2213010E-02  0.0000000E+00  0.6540305E-06  0.4779820E-03
  0.50000  0.24708  0.04295  0.05400  0.5794193E-02  0.2520688E-02  0.3556165E-02  0.2043103E-02  0.1506100E-04  0.2020186E-06  0.2222331E-02  0.0000000E+00  0.6358461E-06  0.4773825E-03
  0.50000  0.24707  0.04305  0.05410  0.5815307E-02  0.2527029E-02  0.3567993E-02  0.2050111E-02  0.1502810E-04  0.2014750E-06  0.2231668E-02  0.0000000E+00  0.6180135E-06  0.4767170E-03
  0.50000  0.24706  0.04315  0.05420  0.5836449E-02  0.2533313E-02  0.3579832E-02  0.2057126E-02  0.1499617E-04  0.2009494E-06  0.2241020E-02  0.0000000E+00  0.6005315E-06  0.4759859E-03
  0.50000  0.24705  0.04325  0.05430  0.5857619E-02  0.2539540E-02  0.3591683E-02  0.2064150E-02  0.1496516E-04  0.2004410E-06  0.2250388E-02  0.0000000E+00  0.5833989E-06  0.4751894E-03
  0.50000  0.24704  0.04335  0.05440  0.5878817E-02  0.2545709E-02  0.3603545E-02  0.2071182E-02  0.1493505E-04  0.1999492E-06  0.2259771E-02  0.0000000E+00  0.5666139E-06  0.4743278E-03
  0.50000  0.24703  0.04345  0.05450  0.5900043E-02  0.2551823E-02  0.3615418E-02  0.2078221E-02  0.1490581E-04  0.1994734E-06  0.2269169E-02  0.0000000E+00  0.5501750E-06  0.4734016E-03
  0.50000  0.24702  0.04355  0.05460  0.5921297E-02  0.2557879E-02  0.3627302E-02  0.2085269E-02  0.1487741E-04  0.1990129E-06  0.2278584E-02  0.0000000E+00  0.5340801E-06  0.4724110E-03
  0.50000  0.24701  0.04365  0.05470  0.5942578E-02  0.2563881E-02  0.3639197E-02  0.2092325E-02  0.1484981E-04  0.1985674E-06  0.2288013E-02  0.0000000E+00  0.5183270E-06  0.4713565E-03
  0.50000  0.24700  0.04375  0.05480  0.5963887E-02  0.2569826E-02  0.3651103E-02  0.2099390E-02  0.1482300E-04  0.1981361E-06  0.2297458E-02  0.0000000E+00  0.5029133E-06  0.4702386E-03
  0.50000  0.24699  0.04385  0.05490  0.5985222E-02  0.2575717E-02  0.3663020E-02  0.2106462E-02  0.1479694E-04  0.1977187E-06  0.2306918E-02  0.0000000E+00  0.4878366E-06  0.4690577E-03
  0.50000  0.24698  0.04395  0.05500  0.6006586E-02  0.2581553E-02  0.3674948E-02  0.2113542E-02  0.1477161E-04  0.1973146E-06  0.2316393E-02  0.0000000E+00  0.4730941E-06  0.4678143E-03
  0.50000  0.24696  0.04405  0.05510  0.6027976E-02  0.2587336E-02  0.3686886E-02  0.2120630E-02  0.1474700E-04  0.1969235E-06  0.2325884E-02  0.0000000E+00  0.4586829E-06  0.4665088E-03
  0.50000  0.24695  0.04415  0.05520  0.6049393E-02  0.2593064E-02  0.3698836E-02  0.2127726E-02  0.1472307E-04  0.1965448E-06  0.2335389E-02  0.0000000E+00  0.4446000E-06  0.4651419E-03
  0.50000  0.24694  0.04425  0.05530  0.6070837E-02  0.2598740E-02  0.3710796E-02  0.2134830E-02  0.1469982E-04  0.1961782E-06  0.2344910E-02  0.0000000E+00  0.4308422E-06  0.4637140E-03
  0.50000  0.24693  0.04435  0.05540  0.6099588E-02  0.2604526E-02  0.3722767E-02  0.2141941E-02  0.2195814E-04  0.3587294E-06  0.2354446E-02  0.0000000E+00  0.4174062E-06  0.4622259E-03
  0.50000  0.24692  0.04446  0.05550  0.6120951E-02  0.2610094E-02  0.3734748E-02  0.2149061E-02  0.2180151E-04  0.3549740E-06  0.2363997E-02  0.0000000E+00  0.4042886E-06  0.4606780E-03
  0.50000  0.24691  0.04456  0.05560  0.6142349E-02  0.2615611E-02  0.3746740E-02  0.2156189E-02  0.2165456E-04  0.3514594E-06  0.2373563E-02  0.0000000E+00  0.3914858E-06  0.4590710E-03
  0.50000  0.24690  0.04466  0.05570  0.6163782E-02  0.2621078E-02  0.3758743E-02  0.2163324E-02  0.2151634E-04  0.3481618E-06  0.2383144E-02  0.0000000E+00  0.3789940E-06  0.4574056E-03
  0.50000  0.24689  0.04476  0.05580  0.6185248E-02  0.2626495E-02  0.3770756E-02  0.2170467E-02  0.2138604E-04  0.3450605E-06  0.2392739E-02  0.0000000E+00  0.3668095E-06  0.4556824E-03
  0.50000  0.24688  0.04486  0.05590  0.6206747E-02  0.2631862E-02  0.3782779E-02  0.2177618E-02  0.2126294E-04  0.3421375E-06  0.2402350E-02  0.0000000E+00  0.3549283E-06  0.4539022E-03
  0.50000  0.24686  0.04496  0.05600  0.6228279E-02  0.2637182E-02  0.3794813E-02  0.2184777E-02  0.2114642E-04  0.3393771E-06  0.2411975E-02  0.0000000E+00  0.3433465E-06  0.4520656E-03
  0.50000  0.24685  0.04506  0.05610  0.6249841E-02  0.2642453E-02  0.3806857E-02  0.2191943E-02  0.2103592E-04  0.3367654E-06  0.2421616E-02  0.0000000E+00  0.3320599E-06  0.4501734E-03
  0.50000  0.24684  0.04516  0.05620  0.6271434E-02  0.2647678E-02  0.3818912E-02  0.2199117E-02  0.2093097E-04  0.3342903E-06  0.2431271E-02  0.0000000E+00  0.3210644E-06  0.4482264E-03
  0.50000  0.24683  0.04526  0.05630  0.6293058E-02  0.2652856E-02  0.3830976E-02  0.2206299E-02  0.2083114E-04  0.3319409E-06  0.2440940E-02  0.0000000E+00  0.3103557E-06  0.4462252E-03
  0.50000  0.24682  0.04536  0.05640  0.6314712E-02  0.2657989E-02  0.3843051E-02  0.2213488E-02  0.2073604E-04  0.3297076E-06  0.2450624E-02  0.0000000E+00  0.2999295E-06  0.4441709E-03
  0.50000  0.24681  0.04546  0.05650  0.6336395E-02  0.2663077E-02  0.3855136E-02  0.2220685E-02  0.2064533E-04  0.3275819E-06  0.2460323E-02  0.0000000E+00  0.2897814E-06  0.4420640E-03
  0.50000  0.24680  0.04556  0.05660  0.6358106E-02  0.2668121E-02  0.3867231E-02  0.2227889E-02  0.2055870E-04  0.3255560E-06  0.2470037E-02  0.0000000E+00  0.2799069E-06  0.4399055E-03
  0.50000  0.24679  0.04566  0.05670  0.6379847E-02  0.2673121E-02  0.3879336E-02  0.2235102E-02  0.2047588E-04  0.3236229E-06  0.2479765E-02  0.0000000E+00  0.2703016E-06  0.4376963E-03
  0.50000  0.24677  0.04576  0.05680  0.6401615E-02  0.2678080E-02  0.3891451E-02  0.2242321E-02  0.2039662E-04  0.3217764E-06  0.2489507E-02  0.0000000E+00  0.2609609E-06  0.4354372E-03
  0.50000  0.24676  0.04586  0.05690  0.6423412E-02  0.2682997E-02  0.3903575E-02  0.2249548E-02  0.2032069E-04  0.3200109E-06  0.2499264E-02  0.0000000E+00  0.2518802E-06  0.4331290E-03
  0.50000  0.24675  0.04596  0.05700  0.6445236E-02  0.2687874E-02  0.3915710E-02  0.2256783E-02  0.2024789E-04  0.3183211E-06  0.2509035E-02  0.0000000E+00  0.2430550E-06  0.4307728E-03
  0.50000  0.24674  0.04606  0.05710  0.6467087E-02  0.2692711E-02  0.3927854E-02  0.2264025E-02  0.2017802E-04  0.3167024E-06  0.2518821E-02  0.0000000E+00  0.2344806E-06  0.4283693E-03
  0.50000  0.24673  0.04616  0.05720  0.6488965E-02  0.2697509E-02  0.3940008E-02  0.2271274E-02  0.2011093E-04  0.3151505E-06  0.2528620E-02  0.0000000E+00  0.2261524E-06  0.4259196E-03
  0.50000  0.24672  0.04626  0.05730  0.6510871E-02  0.2702269E-02  0.3952171E-02  0.2278531E-02  0.2004644E-04  0.3136614E-06  0.2538435E-02  0.0000000E+00  0.2180656E-06  0.4234246E-03
  0.50000  0.24671  0.04636  0.05740  0.6532802E-02  0.2706993E-02  0.3964345E-02  0.2285795E-02  0.1998442E-04  0.3122316E-06  0.2548263E-02  0.0000000E+00  0.2102157E-06  0.4208853E-03
  0.50000  0.24669  0.04647  0.05750  0.6554760E-02  0.2711680E-02  0.3976527E-02  0.2293067E-02  0.1992474E-04  0.3108578E-06  0.2558105E-02  0.0000000E+00  0.2025978E-06  0.4183025E-03
  0.50000  0.24668  0.04657  0.05760  0.6576744E-02  0.2716333E-02  0.3988719E-02  0.2300346E-02  0.1986727E-04  0.3095369E-06  0.2567962E-02  0.0000000E+00  0.1952074E-06  0.4156774E-03
  0.50000  0.24667  0.04667  0.05770  0.6598753E-02  0.2720951E-02  0.4000921E-02  0.2307632E-02  0.1981190E-04  0.3082660E-06  0.2577832E-02  0.0000000E+00  0.1880397E-06  0.4130109E-03
  0.50000  0.24666  0.04677  0.05780  0.6620788E-02  0.2725536E-02  0.4013132E-02  0.2314925E-02  0.1975852E-04  0.3070427E-06  0.2587717E-02  0.0000000E+00  0.1810901E-06  0.4103040E-03
  0.50000  0.24665  0.04687  0.05790  0.6642849E-02  0.2730089E-02  0.4025352E-02  0.2322226E-02  0.1970704E-04  0.3058645E-06  0.2597615E-02  0.0000000E+00  0.1743539E-06  0.4075577E-03
  0.50000  0.24664  0.04697  0.05800  0.6664935E-02  0.2734611E-02  0.4037582E-02  0.2329533E-02  0.1965738E-04  0.3047292E-06  0.2607528E-02  0.0000000E+00  0.1678265E-06  0.4047731E-03
  0.50000  0.24662  0.04707  0.05810  0.6687045E-02  0.2739103E-02  0.4049820E-02  0.2336848E-02  0.1960944E-04  0.3036347E-06  0.2617454E-02  0.0000000E+00  0.1615032E-06  0.4019511E-03
  0.50000  0.24661  0.04717  0.05820  0.6709181E-02  0.2743566E-02  0.4062068E-02  0.2344170E-02  0.1956314E-04  0.3025790E-06  0.2627394E-02  0.0000000E+00  0.1553794E-06  0.3990930E-03
  0.50000  0.24660  0.04727  0.05830  0.6731341E-02  0.2748001E-02  0.4074325E-02  0.2351499E-02  0.1951843E-04  0.3015604E-06  0.2637348E-02  0.0000000E+00  0.1494506E-06  0.3961996E-03
  0.50000  0.24659  0.04737  0.05840  0.6753525E-02  0.2752408E-02  0.4086590E-02  0.2358836E-02  0.1947522E-04  0.3005771E-06  0.2647316E-02  0.0000000E+00  0.1437122E-06  0.3932721E-03
  0.50000  0.24658  0.04747  0.05850  0.6775734E-02  0.2756790E-02  0.4098865E-02  0.2366179E-02  0.1943345E-04  0.2996277E-06  0.2657298E-02  0.0000000E+00  0.1381597E-06  0.3903115E-03
  0.50000  0.24657  0.04757  0.05860  0.6797967E-02  0.2761147E-02  0.4111149E-02  0.2373529E-02  0.1939307E-04  0.2987106E-06  0.2667293E-02  0.0000000E+00  0.1327887E-06  0.3873189E-03
  0.50000  0.24655  0.04767  0.05870  0.6820224E-02  0.2765479E-02  0.4123441E-02  0.2380886E-02  0.1935402E-04  0.2978244E-06  0.2677301E-02  0.0000000E+00  0.1275947E-06  0.3842954E-03
  0.50000  0.24654  0.04777  0.05880  0.6842504E-02  0.2769789E-02  0.4135742E-02  0.2388250E-02  0.1931625E-04  0.2969679E-06  0.2687323E-02  0.0000000E+00  0.1225733E-06  0.3812420E-03
  0.50000  0.24653  0.04787  0.05890  0.6864808E-02  0.2774078E-02  0.4148052E-02  0.2395621E-02  0.1927970E-04  0.2961398E-06  0.2697359E-02  0.0000000E+00  0.1177201E-06  0.3781599E-03
  0.50000  0.24652  0.04797  0.05900  0.6887136E-02  0.2778345E-02  0.4160370E-02  0.2402999E-02  0.1924433E-04  0.2953390E-06  0.2707408E-02  0.0000000E+00  0.1130310E-06  0.3750502E-03
  0.50000  0.24651  0.04807  0.05910  0.6909487E-02  0.2782593E-02  0.4172697E-02  0.2410384E-02  0.1921010E-04  0.2945644E-06  0.2717471E-02  0.0000000E+00  0.1085016E-06  0.3719138E-03
  0.50000  0.24650  0.04817  0.05920  0.6931860E-02  0.2786822E-02  0.4185033E-02  0.2417776E-02  0.1917696E-04  0.2938150E-06  0.2727547E-02  0.0000000E+00  0.1041277E-06  0.3687521E-03
  0.50000  0.24648  0.04827  0.05930  0.6954257E-02  0.2791033E-02  0.4197376E-02  0.2425174E-02  0.1914489E-04  0.2930899E-06  0.2737636E-02  0.0000000E+00  0.9990527E-07  0.3655659E-03
  0.50000  0.24647  0.04838  0.05940  0.6976677E-02  0.2795228E-02  0.4209729E-02  0.2432579E-02  0.1911383E-04  0.2923880E-06  0.2747738E-02  0.0000000E+00  0.9583017E-07  0.3623565E-03
  0.50000  0.24646  0.04848  0.05950  0.6999119E-02  0.2799408E-02  0.4222089E-02  0.2439991E-02  0.1908375E-04  0.2917086E-06  0.2757854E-02  0.0000000E+00  0.9189839E-07  0.3591249E-03
  0.50000  0.24645  0.04858  0.05960  0.7021584E-02  0.2803573E-02  0.4234458E-02  0.2447410E-02  0.1905463E-04  0.2910509E-06  0.2767983E-02  0.0000000E+00  0.8810596E-07  0.3558722E-03
  0.50000  0.24644  0.04868  0.05970  0.7044071E-02  0.2807725E-02  0.4246835E-02  0.2454835E-02  0.1902642E-04  0.2904140E-06  0.2778125E-02  0.0000000E+00  0.8444899E-07  0.3525995E-03
  0.50000  0.24642  0.04878  0.05980  0.7066580E-02  0.2811865E-02  0.4259220E-02  0.2462267E-02  0.1899911E-04  0.2897973E-06  0.2788280E-02  0.0000000E+00  0.8092364E-07  0.3493080E-03
  0.50000  0.24641  0.04888  0.05990  0.7089111E-02  0.2815993E-02  0.4271613E-02  0.2469705E-02  0.1897265E-04  0.2892001E-06  0.2798448E-02  0.0000000E+00  0.7752613E-07  0.3459987E-03
  0.50000  0.24640  0.04898  0.06000  0.7111665E-02  0.2820112E-02  0.4284014E-02  0.2477151E-02  0.1894703E-04  0.2886217E-06  0.2808629E-02  0.0000000E+00  0.7425275E-07  0.3426727E-03
  0.50000  0.24639  0.04908  0.06010  0.7134239E-02  0.2824221E-02  0.4296423E-02  0.2484602E-02  0.1892222E-04  0.2880614E-06  0.2818823E-02  0.0000000E+00  0.7109986E-07  0.3393310E-03
  0.50000  0.24638  0.04918  0.06020  0.7156836E-02  0.2828323E-02  0.4308840E-02  0.2492060E-02  0.1889820E-04  0.2875187E-06  0.2829030E-02  0.0000000E+00  0.6806388E-07  0.3359749E-03
  0.50000  0.24636  0.04928  0.06030  0.7179454E-02  0.2832417E-02  0.4321265E-02  0.2499525E-02  0.1887493E-04  0.2869930E-06  0.2839249E-02  0.0000000E+00  0.6514129E-07  0.3326053E-03
  0.50000  0.24635  0.04938  0.06040  0.7210245E-02  0.2836724E-02  0.4333697E-02  0.2506996E-02  0.2700418E-04  0.5053152E-06  0.2849482E-02  0.0000000E+00  0.6232866E-07  0.3292233E-03
  0.50000  0.24634  0.04948  0.06050  0.7232757E-02  0.2840803E-02  0.4346137E-02  0.2514473E-02  0.2683344E-04  0.5002131E-06  0.2859727E-02  0.0000000E+00  0.5962261E-07  0.3258300E-03
  0.50000  0.24633  0.04958  0.06060  0.7255300E-02  0.2844879E-02  0.4358585E-02  0.2521957E-02  0.2667342E-04  0.4954350E-06  0.2869985E-02  0.0000000E+00  0.5701983E-07  0.3224264E-03
  0.50000  0.24632  0.04968  0.06070  0.7277873E-02  0.2848951E-02  0.4371040E-02  0.2529447E-02  0.2652309E-04  0.4909489E-06  0.2880255E-02  0.0000000E+00  0.5451708E-07  0.3190137E-03
  0.50000  0.24630  0.04978  0.06080  0.7300474E-02  0.2853023E-02  0.4383503E-02  0.2536943E-02  0.2638153E-04  0.4867271E-06  0.2890538E-02  0.0000000E+00  0.5211119E-07  0.3155928E-03
  0.50000  0.24629  0.04988  0.06090  0.7323104E-02  0.2857093E-02  0.4395973E-02  0.2544446E-02  0.2624796E-04  0.4827455E-06  0.2900833E-02  0.0000000E+00  0.4979905E-07  0.3121649E-03
  0.50000  0.24628  0.04998  0.06100  0.7345761E-02  0.2861164E-02  0.4408450E-02  0.2551955E-02  0.2612170E-04  0.4789831E-06  0.2911141E-02  0.0000000E+00  0.4757764E-07  0.3087308E-03
  0.50000  0.24627  0.05008  0.06110  0.7368444E-02  0.2865237E-02  0.4420935E-02  0.2559470E-02  0.2600213E-04  0.4754214E-06  0.2921462E-02  0.0000000E+00  0.4544399E-07  0.3052917E-03
  0.50000  0.24625  0.05018  0.06120  0.7391153E-02  0.2869311E-02  0.4433426E-02  0.2566991E-02  0.2588871E-04  0.4720439E-06  0.2931794E-02  0.0000000E+00  0.4339521E-07  0.3018486E-03
  0.50000  0.24624  0.05029  0.06130  0.7413887E-02  0.2873389E-02  0.4445925E-02  0.2574518E-02  0.2578099E-04  0.4688362E-06  0.2942139E-02  0.0000000E+00  0.4142846E-07  0.2984024E-03
  0.50000  0.24623  0.05039  0.06140  0.7436646E-02  0.2877472E-02  0.4458431E-02  0.2582052E-02  0.2567853E-04  0.4657854E-06  0.2952497E-02  0.0000000E+00  0.3954099E-07  0.2949543E-03
  0.50000  0.24622  0.05049  0.06150  0.7459429E-02  0.2881559E-02  0.4470944E-02  0.2589591E-02  0.2558095E-04  0.4628799E-06  0.2962866E-02  0.0000000E+00  0.3773010E-07  0.2915050E-03
  0.50000  0.24621  0.05059  0.06160  0.7482236E-02  0.2885652E-02  0.4483464E-02  0.2597137E-02  0.2548792E-04  0.4601094E-06  0.2973248E-02  0.0000000E+00  0.3599317E-07  0.2880557E-03
  0.50000  0.24619  0.05069  0.06170  0.7505066E-02  0.2889753E-02  0.4495991E-02  0.2604688E-02  0.2539912E-04  0.4574644E-06  0.2983642E-02  0.0000000E+00  0.3432764E-07  0.2846073E-03
  0.50000  0.24618  0.05079  0.06180  0.7527919E-02  0.2893861E-02  0.4508524E-02  0.2612245E-02  0.2531429E-04  0.4549367E-06  0.2994047E-02  0.0000000E+00  0.3273101E-07  0.2811607E-03
  0.50000  0.24617  0.05089  0.06190  0.7550794E-02  0.2897978E-02  0.4521065E-02  0.2619809E-02  0.2523317E-04  0.4525184E-06  0.3004465E-02  0.0000000E+00  0.3120087E-07  0.2777169E-03
  0.50000  0.24616  0.05099  0.06200  0.7573692E-02  0.2902105E-02  0.4533612E-02  0.2627378E-02  0.2515554E-04  0.4502028E-06  0.3014895E-02  0.0000000E+00  0.2973484E-07  0.2742767E-03
  0.50000  0.24614  0.05109  0.06210  0.7596611E-02  0.2906242E-02  0.4546165E-02  0.2634953E-02  0.2508118E-04  0.4479835E-06  0.3025337E-02  0.0000000E+00  0.2833064E-07  0.2708412E-03
  0.50000  0.24613  0.05119  0.06220  0.7619552E-02  0.2910391E-02  0.4558725E-02  0.2642534E-02  0.2500990E-04  0.4458546E-06  0.3035790E-02  0.0000000E+00  0.2698601E-07  0.2674112E-03
  0.50000  0.24612  0.05129  0.06230  0.7642514E-02  0.2914552E-02  0.4571291E-02  0.2650121E-02  0.2494154E-04  0.4438110E-06  0.3046256E-02  0.0000000E+00  0.2569879E-07  0.2639876E-03
  0.50000  0.24611  0.05139  0.06240  0.7665497E-02  0.2918726E-02  0.4583864E-02  0.2657713E-02  0.2487594E-04  0.4418478E-06  0.3056733E-02  0.0000000E+00  0.2446687E-07  0.2605713E-03
  0.50000  0.24609  0.05149  0.06250  0.7688501E-02  0.2922914E-02  0.4596443E-02  0.2665311E-02  0.2481294E-04  0.4399606E-06  0.3067221E-02  0.0000000E+00  0.2328819E-07  0.2571630E-03
  0.50000  0.24608  0.05159  0.06260  0.7711525E-02  0.2927117E-02  0.4609028E-02  0.2672915E-02  0.2475241E-04  0.4381451E-06  0.3077722E-02  0.0000000E+00  0.2216077E-07  0.2537638E-03
  0.50000  0.24607  0.05169  0.06270  0.7734569E-02  0.2931335E-02  0.4621620E-02  0.2680525E-02  0.2469423E-04  0.4363977E-06  0.3088234E-02  0.0000000E+00  0.2108267E-07  0.2503743E-03
  0.50000  0.24606  0.05179  0.06280  0.7757633E-02  0.2935570E-02  0.4634217E-02  0.2688140E-02  0.2463828E-04  0.4347148E-06  0.3098757E-02  0.0000000E+00  0.2005202E-07  0.2469955E-03
  0.50000  0.24604  0.05189  0.06290  0.7780717E-02  0.2939821E-02  0.4646821E-02  0.2695760E-02  0.2458445E-04  0.4330931E-06  0.3109292E-02  0.0000000E+00  0.1906699E-07  0.2436280E-03
  0.50000  0.24603  0.05199  0.06300  0.7803820E-02  0.2944091E-02  0.4659431E-02  0.2703386E-02  0.2453265E-04  0.4315298E-06  0.3119839E-02  0.0000000E+00  0.1812583E-07  0.2402728E-03
  0.50000  0.24602  0.05210  0.06310  0.7826942E-02  0.2948379E-02  0.4672046E-02  0.2711018E-02  0.2448278E-04  0.4300219E-06  0.3130397E-02  0.0000000E+00  0.1722683E-07  0.2369305E-03
  0.50000  0.24601  0.05220  0.06320  0.7850084E-02  0.2952686E-02  0.4684667E-02  0.2718655E-02  0.2443475E-04  0.4285668E-06  0.3140966E-02  0.0000000E+00  0.1636833E-07  0.2336019E-03
  0.50000  0.24599  0.05230  0.06330  0.7873244E-02  0.2957013E-02  0.4697294E-02  0.2726298E-02  0.2438849E-04  0.4271622E-06  0.3151546E-02  0.0000000E+00  0.1554874E-07  0.2302877E-03
  0.50000  0.24598  0.05240  0.06340  0.7896423E-02  0.2961360E-02  0.4709927E-02  0.2733946E-02  0.2434392E-04  0.4258057E-06  0.3162138E-02  0.0000000E+00  0.1476650E-07  0.2269887E-03
  0.50000  0.24597  0.05250  0.06350  0.7919620E-02  0.2965729E-02  0.4722565E-02  0.2741599E-02  0.2430096E-04  0.4244952E-06  0.3172740E-02  0.0000000E+00  0.1402012E-07  0.2237056E-03
  0.50000  0.24596  0.05260  0.06360  0.7942836E-02  0.2970120E-02  0.4735209E-02  0.2749257E-02  0.2425956E-04  0.4232287E-06  0.3183354E-02  0.0000000E+00  0.1330814E-07  0.2204390E-03
  0.50000  0.24594  0.05270  0.06370  0.7966069E-02  0.2974533E-02  0.4747858E-02  0.2756921E-02  0.2421965E-04  0.4220044E-06  0.3193979E-02  0.0000000E+00  0.1262917E-07  0.2171896E-03
  0.50000  0.24593  0.05280  0.06380  0.7989320E-02  0.2978969E-02  0.4760512E-02  0.2764590E-02  0.2418117E-04  0.4208205E-06  0.3204615E-02  0.0000000E+00  0.1198185E-07  0.2139580E-03
  0.50000  0.24592  0.05290  0.06390  0.8012589E-02  0.2983429E-02  0.4773172E-02  0.2772264E-02  0.2414407E-04  0.4196754E-06  0.3215261E-02  0.0000000E+00  0.1136487E-07  0.2107450E-03
  0.50000  0.24590  0.05300  0.06400  0.8035876E-02  0.2987914E-02  0.4785837E-02  0.2779944E-02  0.2410829E-04  0.4185674E-06  0.3225919E-02  0.0000000E+00  0.1077697E-07  0.2075511E-03
  0.50000  0.24589  0.05310  0.06410  0.8059179E-02  0.2992423E-02  0.4798508E-02  0.2787628E-02  0.2407379E-04  0.4174952E-06  0.3236588E-02  0.0000000E+00  0.1021694E-07  0.2043769E-03
  0.50000  0.24588  0.05320  0.06420  0.8082500E-02  0.2996957E-02  0.4811183E-02  0.2795318E-02  0.2404052E-04  0.4164574E-06  0.3247267E-02  0.0000000E+00  0.9683588E-08  0.2012230E-03
  0.50000  0.24587  0.05330  0.06430  0.8105838E-02  0.3001518E-02  0.4823864E-02  0.2803013E-02  0.2400844E-04  0.4154526E-06  0.3257957E-02  0.0000000E+00  0.9175791E-08  0.1980899E-03
  0.50000  0.24585  0.05340  0.06440  0.8129193E-02  0.3006105E-02  0.4836549E-02  0.2810712E-02  0.2397750E-04  0.4144796E-06  0.3268657E-02  0.0000000E+00  0.8692453E-08  0.1949782E-03
  0.50000  0.24584  0.05350  0.06450  0.8152564E-02  0.3010719E-02  0.4849239E-02  0.2818417E-02  0.2394767E-04  0.4135373E-06  0.3279369E-02  0.0000000E+00  0.8232520E-08  0.1918885E-03
  0.50000  0.24583  0.05360  0.06460  0.8175951E-02  0.3015360E-02  0.4861934E-02  0.2826127E-02  0.2391891E-04  0.4126246E-06  0.3290090E-02  0.0000000E+00  0.7794978E-08  0.1888212E-03
  0.50000  0.24581  0.05370  0.06470  0.8199355E-02  0.3020030E-02  0.4874634E-02  0.2833841E-02  0.2389119E-04  0.4117404E-06  0.3300823E-02  0.0000000E+00  0.7378849E-08  0.1857769E-03
  0.50000  0.24580  0.05381  0.06480  0.8222775E-02  0.3024727E-02  0.4887339E-02  0.2841560E-02  0.2386447E-04  0.4108837E-06  0.3311565E-02  0.0000000E+00  0.6983191E-08  0.1827560E-03
  0.50000  0.24579  0.05391  0.06490  0.8246211E-02  0.3029454E-02  0.4900048E-02  0.2849285E-02  0.2383872E-04  0.4100537E-06  0.3322318E-02  0.0000000E+00  0.6607100E-08  0.1797590E-03
  0.50000  0.24577  0.05401  0.06500  0.8269663E-02  0.3034209E-02  0.4912761E-02  0.2857014E-02  0.2381391E-04  0.4092493E-06  0.3333082E-02  0.0000000E+00  0.6249703E-08  0.1767863E-03
  0.50000  0.24576  0.05411  0.06510  0.8293130E-02  0.3038994E-02  0.4925479E-02  0.2864747E-02  0.2379001E-04  0.4084697E-06  0.3343855E-02  0.0000000E+00  0.5910164E-08  0.1738383E-03
  0.50000  0.24575  0.05421  0.06520  0.8316613E-02  0.3043809E-02  0.4938202E-02  0.2872486E-02  0.2376700E-04  0.4077143E-06  0.3354639E-02  0.0000000E+00  0.5587677E-08  0.1709155E-03
  0.50000  0.24574  0.05431  0.06530  0.8340111E-02  0.3048654E-02  0.4950928E-02  0.2880229E-02  0.2374485E-04  0.4069820E-06  0.3365433E-02  0.0000000E+00  0.5281468E-08  0.1680182E-03
  0.50000  0.24572  0.05441  0.06540  0.8372708E-02  0.3053818E-02  0.4963659E-02  0.2887976E-02  0.3280656E-04  0.6946393E-06  0.3376237E-02  0.0000000E+00  0.4990794E-08  0.1651469E-03
  0.50000  0.24571  0.05451  0.06550  0.8396074E-02  0.3058718E-02  0.4976394E-02  0.2895729E-02  0.3262418E-04  0.6879264E-06  0.3387051E-02  0.0000000E+00  0.4714940E-08  0.1623018E-03
  0.50000  0.24570  0.05461  0.06560  0.8419466E-02  0.3063651E-02  0.4989133E-02  0.2903486E-02  0.3245339E-04  0.6816318E-06  0.3397875E-02  0.0000000E+00  0.4453222E-08  0.1594834E-03
  0.50000  0.24568  0.05471  0.06570  0.8442883E-02  0.3068614E-02  0.5001877E-02  0.2911247E-02  0.3229306E-04  0.6757147E-06  0.3408709E-02  0.0000000E+00  0.4204982E-08  0.1566918E-03
  0.50000  0.24567  0.05481  0.06580  0.8466323E-02  0.3073611E-02  0.5014624E-02  0.2919013E-02  0.3214224E-04  0.6701400E-06  0.3419553E-02  0.0000000E+00  0.3969588E-08  0.1539276E-03
  0.50000  0.24566  0.05491  0.06590  0.8489785E-02  0.3078639E-02  0.5027375E-02  0.2926783E-02  0.3200008E-04  0.6648769E-06  0.3430407E-02  0.0000000E+00  0.3746436E-08  0.1511908E-03
  0.50000  0.24564  0.05501  0.06600  0.8513269E-02  0.3083700E-02  0.5040129E-02  0.2934558E-02  0.3186586E-04  0.6598984E-06  0.3441270E-02  0.0000000E+00  0.3534947E-08  0.1484818E-03
  0.50000  0.24563  0.05511  0.06610  0.8536773E-02  0.3088793E-02  0.5052888E-02  0.2942337E-02  0.3173891E-04  0.6551809E-06  0.3452143E-02  0.0000000E+00  0.3334563E-08  0.1458009E-03
  0.50000  0.24562  0.05521  0.06620  0.8560298E-02  0.3093919E-02  0.5065650E-02  0.2950120E-02  0.3161867E-04  0.6507034E-06  0.3463026E-02  0.0000000E+00  0.3144753E-08  0.1431483E-03
  0.50000  0.24560  0.05531  0.06630  0.8583841E-02  0.3099079E-02  0.5078416E-02  0.2957908E-02  0.3150463E-04  0.6464473E-06  0.3473918E-02  0.0000000E+00  0.2965008E-08  0.1405243E-03
  0.50000  0.24559  0.05541  0.06640  0.8607404E-02  0.3104271E-02  0.5091185E-02  0.2965700E-02  0.3139633E-04  0.6423959E-06  0.3484820E-02  0.0000000E+00  0.2794838E-08  0.1379289E-03
  0.50000  0.24558  0.05552  0.06650  0.8630985E-02  0.3109497E-02  0.5103957E-02  0.2973496E-02  0.3129337E-04  0.6385343E-06  0.3495731E-02  0.0000000E+00  0.2633777E-08  0.1353625E-03
  0.50000  0.24556  0.05562  0.06660  0.8654583E-02  0.3114756E-02  0.5116733E-02  0.2981296E-02  0.3119537E-04  0.6348492E-06  0.3506652E-02  0.0000000E+00  0.2481378E-08  0.1328251E-03
  0.50000  0.24555  0.05572  0.06670  0.8678199E-02  0.3120049E-02  0.5129512E-02  0.2989101E-02  0.3110201E-04  0.6313285E-06  0.3517582E-02  0.0000000E+00  0.2337214E-08  0.1303170E-03
  0.50000  0.24554  0.05582  0.06680  0.8701831E-02  0.3125376E-02  0.5142295E-02  0.2996909E-02  0.3101300E-04  0.6279614E-06  0.3528521E-02  0.0000000E+00  0.2200876E-08  0.1278383E-03
  0.50000  0.24552  0.05592  0.06690  0.8725480E-02  0.3130736E-02  0.5155080E-02  0.3004722E-02  0.3092805E-04  0.6247379E-06  0.3539470E-02  0.0000000E+00  0.2071973E-08  0.1253891E-03
  0.50000  0.24551  0.05602  0.06700  0.8749145E-02  0.3136130E-02  0.5167869E-02  0.3012539E-02  0.3084693E-04  0.6216491E-06  0.3550427E-02  0.0000000E+00  0.1950133E-08  0.1229696E-03
  0.50000  0.24550  0.05612  0.06710  0.8772826E-02  0.3141558E-02  0.5180661E-02  0.3020359E-02  0.3076940E-04  0.6186867E-06  0.3561394E-02  0.0000000E+00  0.1835000E-08  0.1205798E-03
  0.50000  0.24548  0.05622  0.06720  0.8796522E-02  0.3147020E-02  0.5193455E-02  0.3028184E-02  0.3069527E-04  0.6158434E-06  0.3572370E-02  0.0000000E+00  0.1726232E-08  0.1182199E-03
  0.50000  0.24547  0.05632  0.06730  0.8820233E-02  0.3152515E-02  0.5206252E-02  0.3036012E-02  0.3062434E-04  0.6131121E-06  0.3583354E-02  0.0000000E+00  0.1623507E-08  0.1158898E-03
  0.50000  0.24546  0.05642  0.06740  0.8843958E-02  0.3158045E-02  0.5219052E-02  0.3043845E-02  0.3055644E-04  0.6104867E-06  0.3594348E-02  0.0000000E+00  0.1526513E-08  0.1135897E-03
  0.50000  0.24544  0.05652  0.06750  0.8867698E-02  0.3163608E-02  0.5231855E-02  0.3051681E-02  0.3049141E-04  0.6079613E-06  0.3605351E-02  0.0000000E+00  0.1434955E-08  0.1113197E-03
  0.50000  0.24543  0.05662  0.06760  0.8891453E-02  0.3169206E-02  0.5244660E-02  0.3059521E-02  0.3042910E-04  0.6055306E-06  0.3616362E-02  0.0000000E+00  0.1348552E-08  0.1090796E-03
  0.50000  0.24542  0.05672  0.06770  0.8915221E-02  0.3174837E-02  0.5257468E-02  0.3067364E-02  0.3036939E-04  0.6031896E-06  0.3627382E-02  0.0000000E+00  0.1267035E-08  0.1068696E-03
  0.50000  0.24540  0.05682  0.06780  0.8939002E-02  0.3180502E-02  0.5270279E-02  0.3075212E-02  0.3031213E-04  0.6009338E-06  0.3638411E-02  0.0000000E+00  0.1190149E-08  0.1046897E-03
  0.50000  0.24539  0.05692  0.06790  0.8962798E-02  0.3186201E-02  0.5283091E-02  0.3083063E-02  0.3025722E-04  0.5987589E-06  0.3649448E-02  0.0000000E+00  0.1117648E-08  0.1025398E-03
  0.50000  0.24538  0.05702  0.06800  0.8986606E-02  0.3191934E-02  0.5295906E-02  0.3090917E-02  0.3020455E-04  0.5966610E-06  0.3660494E-02  0.0000000E+00  0.1049303E-08  0.1004200E-03
  0.50000  0.24536  0.05712  0.06810  0.9010427E-02  0.3197700E-02  0.5308724E-02  0.3098775E-02  0.3015402E-04  0.5946365E-06  0.3671548E-02  0.0000000E+00  0.9848902E-09  0.9833017E-04
  0.50000  0.24535  0.05723  0.06820  0.9034260E-02  0.3203500E-02  0.5321543E-02  0.3106637E-02  0.3010552E-04  0.5926818E-06  0.3682611E-02  0.0000000E+00  0.9242009E-09  0.9627029E-04
  0.50000  0.24534  0.05733  0.06830  0.9058107E-02  0.3209334E-02  0.5334364E-02  0.3114503E-02  0.3005898E-04  0.5907939E-06  0.3693682E-02  0.0000000E+00  0.8670347E-09  0.9424033E-04
  0.50000  0.24532  0.05743  0.06840  0.9081965E-02  0.3215200E-02  0.5347188E-02  0.3122371E-02  0.3001431E-04  0.5889697E-06  0.3704762E-02  0.0000000E+00  0.8132014E-09  0.9224020E-04
  0.50000  0.24531  0.05753  0.06850  0.9105835E-02  0.3221101E-02  0.5360013E-02  0.3130244E-02  0.2997144E-04  0.5872065E-06  0.3715850E-02  0.0000000E+00  0.7625200E-09  0.9026983E-04
  0.50000  0.24529  0.05763  0.06860  0.9129717E-02  0.3227034E-02  0.5372841E-02  0.3138119E-02  0.2993028E-04  0.5855017E-06  0.3726946E-02  0.0000000E+00  0.7148186E-09  0.8832913E-04
  0.50000  0.24528  0.05773  0.06870  0.9153611E-02  0.3233000E-02  0.5385670E-02  0.3145998E-02  0.2989078E-04  0.5838527E-06  0.3738050E-02  0.0000000E+00  0.6699339E-09  0.8641801E-04
  0.50000  0.24527  0.05783  0.06880  0.9177516E-02  0.3238999E-02  0.5398501E-02  0.3153880E-02  0.2985287E-04  0.5822574E-06  0.3749162E-02  0.0000000E+00  0.6277108E-09  0.8453636E-04
  0.50000  0.24525  0.05793  0.06890  0.9201432E-02  0.3245031E-02  0.5411333E-02  0.3161766E-02  0.2981649E-04  0.5807135E-06  0.3760282E-02  0.0000000E+00  0.5880019E-09  0.8268405E-04
  0.50000  0.24524  0.05803  0.06900  0.9225359E-02  0.3251095E-02  0.5424167E-02  0.3169655E-02  0.2978159E-04  0.5792190E-06  0.3771410E-02  0.0000000E+00  0.5506674E-09  0.8086096E-04
  0.50000  0.24523  0.05813  0.06910  0.9249297E-02  0.3257191E-02  0.5437003E-02  0.3177546E-02  0.2974810E-04  0.5777720E-06  0.3782546E-02  0.0000000E+00  0.5155746E-09  0.7906695E-04
  0.50000  0.24521  0.05823  0.06920  0.9273246E-02  0.3263320E-02  0.5449840E-02  0.3185442E-02  0.2971599E-04  0.5763707E-06  0.3793690E-02  0.0000000E+00  0.4825976E-09  0.7730188E-04
  0.50000  0.24520  0.05833  0.06930  0.9297205E-02  0.3269480E-02  0.5462678E-02  0.3193340E-02  0.2968519E-04  0.5750134E-06  0.3804841E-02  0.0000000E+00  0.4516169E-09  0.7556558E-04
  0.50000  0.24518  0.05843  0.06940  0.9321174E-02  0.3275673E-02  0.5475518E-02  0.3201241E-02  0.2965568E-04  0.5736984E-06  0.3816001E-02  0.0000000E+00  0.4225196E-09  0.7385790E-04
  0.50000  0.24517  0.05853  0.06950  0.9345154E-02  0.3281897E-02  0.5488358E-02  0.3209145E-02  0.2962740E-04  0.5724242E-06  0.3827167E-02  0.0000000E+00  0.3951981E-09  0.7217866E-04
  0.50000  0.24516  0.05863  0.06960  0.9369143E-02  0.3288152E-02  0.5501200E-02  0.3217053E-02  0.2960031E-04  0.5711894E-06  0.3838342E-02  0.0000000E+00  0.3695510E-09  0.7052768E-04
  0.50000  0.24514  0.05873  0.06970  0.9393142E-02  0.3294438E-02  0.5514043E-02  0.3224963E-02  0.2957438E-04  0.5699925E-06  0.3849524E-02  0.0000000E+00  0.3454820E-09  0.6890478E-04
  0.50000  0.24513  0.05884  0.06980  0.9417150E-02  0.3300755E-02  0.5526887E-02  0.3232876E-02  0.2954957E-04  0.5688324E-06  0.3860713E-02  0.0000000E+00  0.3228999E-09  0.6730976E-04
  0.50000  0.24511  0.05894  0.06990  0.9441168E-02  0.3307102E-02  0.5539732E-02  0.3240792E-02  0.2952585E-04  0.5677077E-06  0.3871910E-02  0.0000000E+00  0.3017185E-09  0.6574241E-04
  0.50000  0.24510  0.05904  0.07000  0.9465195E-02  0.3313480E-02  0.5552578E-02  0.3248711E-02  0.2950317E-04  0.5666172E-06  0.3883114E-02  0.0000000E+00  0.2818560E-09  0.6420254E-04
  0.50000  0.24509  0.05914  0.07010  0.9489231E-02  0.3319888E-02  0.5565424E-02  0.3256633E-02  0.2948152E-04  0.5655600E-06  0.3894325E-02  0.0000000E+00  0.2632354E-09  0.6268991E-04
  0.50000  0.24507  0.05924  0.07020  0.9513276E-02  0.3326326E-02  0.5578271E-02  0.3264557E-02  0.2946086E-04  0.5645347E-06  0.3905544E-02  0.0000000E+00  0.2457834E-09  0.6120432E-04
  0.50000  0.24506  0.05934  0.07030  0.9547586E-02  0.3333175E-02  0.5591119E-02  0.3272485E-02  0.3969754E-04  0.9452169E-06  0.3916769E-02  0.0000000E+00  0.2294312E-09  0.5974552E-04
  0.50000  0.24504  0.05944  0.07040  0.9571463E-02  0.3339664E-02  0.5603967E-02  0.3280415E-02  0.3949326E-04  0.9360583E-06  0.3928002E-02  0.0000000E+00  0.2141133E-09  0.5831330E-04
  0.50000  0.24503  0.05954  0.07050  0.9595360E-02  0.3346182E-02  0.5616816E-02  0.3288347E-02  0.3930250E-04  0.9274768E-06  0.3939242E-02  0.0000000E+00  0.1997682E-09  0.5690741E-04
  0.50000  0.24502  0.05964  0.07060  0.9619277E-02  0.3352729E-02  0.5629665E-02  0.3296282E-02  0.3912393E-04  0.9194153E-06  0.3950488E-02  0.0000000E+00  0.1863376E-09  0.5552760E-04
  0.50000  0.24500  0.05974  0.07070  0.9643213E-02  0.3359305E-02  0.5642514E-02  0.3304220E-02  0.3895642E-04  0.9118246E-06  0.3961742E-02  0.0000000E+00  0.1737666E-09  0.5417363E-04
  0.50000  0.24499  0.05984  0.07080  0.9667165E-02  0.3365910E-02  0.5655364E-02  0.3312160E-02  0.3879897E-04  0.9046618E-06  0.3973002E-02  0.0000000E+00  0.1620031E-09  0.5284524E-04
  0.50000  0.24497  0.05994  0.07090  0.9691134E-02  0.3372543E-02  0.5668214E-02  0.3320103E-02  0.3865071E-04  0.8978894E-06  0.3984269E-02  0.0000000E+00  0.1509982E-09  0.5154217E-04
  0.50000  0.24496  0.06004  0.07100  0.9715117E-02  0.3379204E-02  0.5681064E-02  0.3328048E-02  0.3851089E-04  0.8914744E-06  0.3995543E-02  0.0000000E+00  0.1407057E-09  0.5026416E-04
  0.50000  0.24494  0.06014  0.07110  0.9739115E-02  0.3385892E-02  0.5693914E-02  0.3335996E-02  0.3837882E-04  0.8853878E-06  0.4006823E-02  0.0000000E+00  0.1310820E-09  0.4901095E-04
  0.50000  0.24493  0.06024  0.07120  0.9763127E-02  0.3392607E-02  0.5706764E-02  0.3343946E-02  0.3825391E-04  0.8796036E-06  0.4018110E-02  0.0000000E+00  0.1220860E-09  0.4778226E-04
  0.50000  0.24492  0.06034  0.07130  0.9787152E-02  0.3399350E-02  0.5719613E-02  0.3351898E-02  0.3813564E-04  0.8740990E-06  0.4029403E-02  0.0000000E+00  0.1136790E-09  0.4657783E-04
  0.50000  0.24490  0.06045  0.07140  0.9811189E-02  0.3406119E-02  0.5732463E-02  0.3359852E-02  0.3802352E-04  0.8688534E-06  0.4040703E-02  0.0000000E+00  0.1058244E-09  0.4539736E-04
  0.50000  0.24489  0.06055  0.07150  0.9835238E-02  0.3412914E-02  0.5745312E-02  0.3367809E-02  0.3791712E-04  0.8638483E-06  0.4052009E-02  0.0000000E+00  0.9848790E-10  0.4424059E-04
  0.50000  0.24487  0.06065  0.07160  0.9859298E-02  0.3419734E-02  0.5758161E-02  0.3375768E-02  0.3781606E-04  0.8590671E-06  0.4063321E-02  0.0000000E+00  0.9163711E-10  0.4310723E-04
  0.50000  0.24486  0.06075  0.07170  0.9883369E-02  0.3426581E-02  0.5771009E-02  0.3383729E-02  0.3772000E-04  0.8544949E-06  0.4074640E-02  0.0000000E+00  0.8524155E-10  0.4199700E-04
  0.50000  0.24484  0.06085  0.07180  0.9907450E-02  0.3433452E-02  0.5783857E-02  0.3391693E-02  0.3762861E-04  0.8501181E-06  0.4085964E-02  0.0000000E+00  0.7927252E-10  0.4090961E-04
  0.50000  0.24483  0.06095  0.07190  0.9931542E-02  0.3440349E-02  0.5796705E-02  0.3399658E-02  0.3754162E-04  0.8459243E-06  0.4097295E-02  0.0000000E+00  0.7370304E-10  0.3984476E-04
  0.50000  0.24482  0.06105  0.07200  0.9955642E-02  0.3447270E-02  0.5809552E-02  0.3407625E-02  0.3745876E-04  0.8419023E-06  0.4108632E-02  0.0000000E+00  0.6850773E-10  0.3880217E-04
  0.50000  0.24480  0.06115  0.07210  0.9979752E-02  0.3454215E-02  0.5822398E-02  0.3415595E-02  0.3737979E-04  0.8380419E-06  0.4119975E-02  0.0000000E+00  0.6366271E-10  0.3778155E-04
  0.50000  0.24479  0.06125  0.07220  0.1000387E-01  0.3461183E-02  0.5835243E-02  0.3423566E-02  0.3730450E-04  0.8343336E-06  0.4131323E-02  0.0000000E+00  0.5914556E-10  0.3678260E-04
  0.50000  0.24477  0.06135  0.07230  0.1002800E-01  0.3468176E-02  0.5848088E-02  0.3431540E-02  0.3723268E-04  0.8307688E-06  0.4142678E-02  0.0000000E+00  0.5493517E-10  0.3580502E-04
  0.50000  0.24476  0.06145  0.07240  0.1005213E-01  0.3475191E-02  0.5860931E-02  0.3439515E-02  0.3716416E-04  0.8273396E-06  0.4154038E-02  0.0000000E+00  0.5101176E-10  0.3484852E-04
  0.50000  0.24474  0.06155  0.07250  0.1007628E-01  0.3482229E-02  0.5873774E-02  0.3447492E-02  0.3709875E-04  0.8240387E-06  0.4165404E-02  0.0000000E+00  0.4735670E-10  0.3391280E-04
  0.50000  0.24473  0.06165  0.07260  0.1010043E-01  0.3489290E-02  0.5886615E-02  0.3455471E-02  0.3703631E-04  0.8208594E-06  0.4176775E-02  0.0000000E+00  0.4395254E-10  0.3299756E-04
  0.50000  0.24471  0.06175  0.07270  0.1012458E-01  0.3496372E-02  0.5899455E-02  0.3463452E-02  0.3697669E-04  0.8177954E-06  0.4188152E-02  0.0000000E+00  0.4078289E-10  0.3210250E-04
  0.50000  0.24470  0.06185  0.07280  0.1014875E-01  0.3503477E-02  0.5912294E-02  0.3471434E-02  0.3691975E-04  0.8148410E-06  0.4199535E-02  0.0000000E+00  0.3783235E-10  0.3122733E-04
  0.50000  0.24469  0.06195  0.07290  0.1017292E-01  0.3510602E-02  0.5925132E-02  0.3479419E-02  0.3686537E-04  0.8119908E-06  0.4210923E-02  0.0000000E+00  0.3508650E-10  0.3037174E-04
  0.50000  0.24467  0.06206  0.07300  0.1019710E-01  0.3517749E-02  0.5937969E-02  0.3487404E-02  0.3681344E-04  0.8092397E-06  0.4222316E-02  0.0000000E+00  0.3253180E-10  0.2953543E-04
  0.50000  0.24466  0.06216  0.07310  0.1022128E-01  0.3524917E-02  0.5950803E-02  0.3495392E-02  0.3676384E-04  0.8065832E-06  0.4233715E-02  0.0000000E+00  0.3015557E-10  0.2871812E-04
  0.50000  0.24464  0.06226  0.07320  0.1024547E-01  0.3532104E-02  0.5963637E-02  0.3503381E-02  0.3671648E-04  0.8040169E-06  0.4245119E-02  0.0000000E+00  0.2794592E-10  0.2791949E-04
  0.50000  0.24463  0.06236  0.07330  0.1026967E-01  0.3539312E-02  0.5976469E-02  0.3511371E-02  0.3667125E-04  0.8015369E-06  0.4256528E-02  0.0000000E+00  0.2589170E-10  0.2713925E-04
  0.50000  0.24461  0.06246  0.07340  0.1029387E-01  0.3546540E-02  0.5989299E-02  0.3519364E-02  0.3662808E-04  0.7991391E-06  0.4267942E-02  0.0000000E+00  0.2398249E-10  0.2637710E-04
  0.50000  0.24460  0.06256  0.07350  0.1031808E-01  0.3553787E-02  0.6002128E-02  0.3527357E-02  0.3658688E-04  0.7968203E-06  0.4279361E-02  0.0000000E+00  0.2220850E-10  0.2563274E-04
  0.50000  0.24458  0.06266  0.07360  0.1034229E-01  0.3561053E-02  0.6014954E-02  0.3535352E-02  0.3654756E-04  0.7945770E-06  0.4290785E-02  0.0000000E+00  0.2056059E-10  0.2490589E-04
  0.50000  0.24457  0.06276  0.07370  0.1036650E-01  0.3568337E-02  0.6027779E-02  0.3543349E-02  0.3651007E-04  0.7924060E-06  0.4302214E-02  0.0000000E+00  0.1903019E-10  0.2419624E-04
  0.50000  0.24455  0.06286  0.07380  0.1039072E-01  0.3575640E-02  0.6040602E-02  0.3551346E-02  0.3647432E-04  0.7903046E-06  0.4313648E-02  0.0000000E+00  0.1760931E-10  0.2350351E-04
  0.50000  0.24454  0.06296  0.07390  0.1041495E-01  0.3582961E-02  0.6053423E-02  0.3559345E-02  0.3644026E-04  0.7882698E-06  0.4325086E-02  0.0000000E+00  0.1629043E-10  0.2282739E-04
  0.50000  0.24452  0.06306  0.07400  0.1043918E-01  0.3590300E-02  0.6066242E-02  0.3567346E-02  0.3640782E-04  0.7862991E-06  0.4336529E-02  0.0000000E+00  0.1506657E-10  0.2216760E-04
  0.50000  0.24451  0.06316  0.07410  0.1046341E-01  0.3597656E-02  0.6079059E-02  0.3575347E-02  0.3637694E-04  0.7843901E-06  0.4347977E-02  0.0000000E+00  0.1393117E-10  0.2152385E-04
  0.50000  0.24449  0.06326  0.07420  0.1048765E-01  0.3605029E-02  0.6091873E-02  0.3583350E-02  0.3634758E-04  0.7825404E-06  0.4359429E-02  0.0000000E+00  0.1287810E-10  0.2089586E-04
  0.50000  0.24448  0.06336  0.07430  0.1051189E-01  0.3612418E-02  0.6104685E-02  0.3591354E-02  0.3631968E-04  0.7807479E-06  0.4370886E-02  0.0000000E+00  0.1190166E-10  0.2028333E-04
  0.50000  0.24446  0.06346  0.07440  0.1053614E-01  0.3619824E-02  0.6117495E-02  0.3599359E-02  0.3629319E-04  0.7790104E-06  0.4382347E-02  0.0000000E+00  0.1099651E-10  0.1968598E-04
  0.50000  0.24445  0.06357  0.07450  0.1056038E-01  0.3627246E-02  0.6130302E-02  0.3607365E-02  0.3626807E-04  0.7773261E-06  0.4393813E-02  0.0000000E+00  0.1015765E-10  0.1910354E-04
  0.50000  0.24443  0.06367  0.07460  0.1058463E-01  0.3634684E-02  0.6143107E-02  0.3615373E-02  0.3624426E-04  0.7756929E-06  0.4405282E-02  0.0000000E+00  0.9380436E-11  0.1853572E-04
  0.50000  0.24442  0.06377  0.07470  0.1060889E-01  0.3642137E-02  0.6155910E-02  0.3623381E-02  0.3622174E-04  0.7741093E-06  0.4416756E-02  0.0000000E+00  0.8660523E-11  0.1798225E-04
  0.50000  0.24440  0.06387  0.07480  0.1063314E-01  0.3649605E-02  0.6168709E-02  0.3631390E-02  0.3620046E-04  0.7725735E-06  0.4428234E-02  0.0000000E+00  0.7993861E-11  0.1744284E-04
  0.50000  0.24439  0.06397  0.07490  0.1065740E-01  0.3657088E-02  0.6181506E-02  0.3639400E-02  0.3618038E-04  0.7710838E-06  0.4439716E-02  0.0000000E+00  0.7376670E-11  0.1691724E-04
  0.50000  0.24438  0.06407  0.07500  0.1068166E-01  0.3664586E-02  0.6194300E-02  0.3647411E-02  0.3616146E-04  0.7696389E-06  0.4451202E-02  0.0000000E+00  0.6805428E-11  0.1640516E-04
  0.50000  0.24436  0.06417  0.07510  0.1070593E-01  0.3672098E-02  0.6207092E-02  0.3655423E-02  0.3614368E-04  0.7682372E-06  0.4462692E-02  0.0000000E+00  0.6276852E-11  0.1590634E-04
  0.50000  0.24434  0.06427  0.07520  0.1074171E-01  0.3680120E-02  0.6219880E-02  0.3663436E-02  0.4764231E-04  0.1264038E-05  0.4474186E-02  0.0000000E+00  0.5787881E-11  0.1542052E-04
  0.50000  0.24433  0.06437  0.07530  0.1076577E-01  0.3687648E-02  0.6232666E-02  0.3671449E-02  0.4741788E-04  0.1251888E-05  0.4485684E-02  0.0000000E+00  0.5335666E-11  0.1494743E-04
  0.50000  0.24431  0.06447  0.07540  0.1078984E-01  0.3695191E-02  0.6245448E-02  0.3679463E-02  0.4720881E-04  0.1240505E-05  0.4497185E-02  0.0000000E+00  0.4917553E-11  0.1448682E-04
  0.50000  0.24430  0.06457  0.07550  0.1081393E-01  0.3702747E-02  0.6258227E-02  0.3687478E-02  0.4701360E-04  0.1229813E-05  0.4508690E-02  0.0000000E+00  0.4531069E-11  0.1403842E-04
  0.50000  0.24428  0.06467  0.07560  0.1083803E-01  0.3710316E-02  0.6271003E-02  0.3695494E-02  0.4683095E-04  0.1219746E-05  0.4520199E-02  0.0000000E+00  0.4173915E-11  0.1360199E-04
  0.50000  0.24427  0.06477  0.07570  0.1086215E-01  0.3717898E-02  0.6283776E-02  0.3703510E-02  0.4665971E-04  0.1210248E-05  0.4531711E-02  0.0000000E+00  0.3843952E-11  0.1317726E-04
  0.50000  0.24425  0.06487  0.07580  0.1088627E-01  0.3725492E-02  0.6296545E-02  0.3711527E-02  0.4649890E-04  0.1201267E-05  0.4543226E-02  0.0000000E+00  0.3539187E-11  0.1276401E-04
  0.50000  0.24424  0.06497  0.07590  0.1091040E-01  0.3733099E-02  0.6309311E-02  0.3719544E-02  0.4634765E-04  0.1192761E-05  0.4554745E-02  0.0000000E+00  0.3257770E-11  0.1236197E-04
  0.50000  0.24422  0.06508  0.07600  0.1093455E-01  0.3740718E-02  0.6322074E-02  0.3727562E-02  0.4620520E-04  0.1184690E-05  0.4566267E-02  0.0000000E+00  0.2997979E-11  0.1197091E-04
  0.50000  0.24421  0.06518  0.07610  0.1095870E-01  0.3748348E-02  0.6334833E-02  0.3735581E-02  0.4607086E-04  0.1177019E-05  0.4577793E-02  0.0000000E+00  0.2758214E-11  0.1159058E-04
  0.50000  0.24419  0.06528  0.07620  0.1098285E-01  0.3755990E-02  0.6347588E-02  0.3743599E-02  0.4594402E-04  0.1169719E-05  0.4589321E-02  0.0000000E+00  0.2536990E-11  0.1122076E-04
  0.50000  0.24418  0.06538  0.07630  0.1100702E-01  0.3763643E-02  0.6360340E-02  0.3751619E-02  0.4582415E-04  0.1162762E-05  0.4600853E-02  0.0000000E+00  0.2332925E-11  0.1086121E-04
  0.50000  0.24416  0.06548  0.07640  0.1103119E-01  0.3771306E-02  0.6373088E-02  0.3759638E-02  0.4571076E-04  0.1156123E-05  0.4612387E-02  0.0000000E+00  0.2144737E-11  0.1051170E-04
  0.50000  0.24415  0.06558  0.07650  0.1105536E-01  0.3778980E-02  0.6385832E-02  0.3767658E-02  0.4560341E-04  0.1149781E-05  0.4623925E-02  0.0000000E+00  0.1971236E-11  0.1017201E-04
  0.50000  0.24413  0.06568  0.07660  0.1107954E-01  0.3786664E-02  0.6398572E-02  0.3775678E-02  0.4550171E-04  0.1143716E-05  0.4635465E-02  0.0000000E+00  0.1811317E-11  0.9841902E-05
  0.50000  0.24412  0.06578  0.07670  0.1110372E-01  0.3794358E-02  0.6411309E-02  0.3783699E-02  0.4540530E-04  0.1137908E-05  0.4647008E-02  0.0000000E+00  0.1663955E-11  0.9521168E-05
  0.50000  0.24410  0.06588  0.07680  0.1112791E-01  0.3802061E-02  0.6424041E-02  0.3791719E-02  0.4531386E-04  0.1132343E-05  0.4658554E-02  0.0000000E+00  0.1528200E-11  0.9209590E-05
  0.50000  0.24409  0.06598  0.07690  0.1115210E-01  0.3809774E-02  0.6436769E-02  0.3799740E-02  0.4522709E-04  0.1127005E-05  0.4670103E-02  0.0000000E+00  0.1403168E-11  0.8906952E-05
  0.50000  0.24407  0.06608  0.07700  0.1117629E-01  0.3817496E-02  0.6449493E-02  0.3807761E-02  0.4514473E-04  0.1121881E-05  0.4681654E-02  0.0000000E+00  0.1288044E-11  0.8613047E-05
  0.50000  0.24406  0.06618  0.07710  0.1120049E-01  0.3825227E-02  0.6462213E-02  0.3815782E-02  0.4506652E-04  0.1116958E-05  0.4693207E-02  0.0000000E+00  0.1182069E-11  0.8327666E-05
  0.50000  0.24404  0.06628  0.07720  0.1122468E-01  0.3832967E-02  0.6474929E-02  0.3823804E-02  0.4499223E-04  0.1112224E-05  0.4704763E-02  0.0000000E+00  0.1084542E-11  0.8050606E-05
  0.50000  0.24402  0.06638  0.07730  0.1124888E-01  0.3840714E-02  0.6487640E-02  0.3831825E-02  0.4492167E-04  0.1107670E-05  0.4716322E-02  0.0000000E+00  0.9948121E-12  0.7781668E-05
  0.50000  0.24401  0.06649  0.07740  0.1127308E-01  0.3848470E-02  0.6500347E-02  0.3839846E-02  0.4485463E-04  0.1103286E-05  0.4727882E-02  0.0000000E+00  0.9122777E-12  0.7520654E-05
  0.50000  0.24399  0.06659  0.07750  0.1129728E-01  0.3856234E-02  0.6513049E-02  0.3847867E-02  0.4479095E-04  0.1099062E-05  0.4739445E-02  0.0000000E+00  0.8363812E-12  0.7267371E-05
  0.50000  0.24398  0.06669  0.07760  0.1132149E-01  0.3864005E-02  0.6525747E-02  0.3855889E-02  0.4473045E-04  0.1094990E-05  0.4751010E-02  0.0000000E+00  0.7666069E-12  0.7021629E-05
  0.50000  0.24396  0.06679  0.07770  0.1134569E-01  0.3871784E-02  0.6538440E-02  0.3863910E-02  0.4467299E-04  0.1091064E-05  0.4762577E-02  0.0000000E+00  0.7024775E-12  0.6783241E-05
  0.50000  0.24395  0.06689  0.07780  0.1136989E-01  0.3879570E-02  0.6551128E-02  0.3871930E-02  0.4461842E-04  0.1087274E-05  0.4774146E-02  0.0000000E+00  0.6435516E-12  0.6552023E-05
  0.50000  0.24393  0.06699  0.07790  0.1139410E-01  0.3887363E-02  0.6563812E-02  0.3879951E-02  0.4456661E-04  0.1083616E-05  0.4785717E-02  0.0000000E+00  0.5894210E-12  0.6327794E-05
  0.50000  0.24392  0.06709  0.07800  0.1141830E-01  0.3895162E-02  0.6576491E-02  0.3887972E-02  0.4451744E-04  0.1080083E-05  0.4797290E-02  0.0000000E+00  0.5397082E-12  0.6110378E-05
  0.50000  0.24390  0.06719  0.07810  0.1144250E-01  0.3902968E-02  0.6589165E-02  0.3895992E-02  0.4447080E-04  0.1076669E-05  0.4808865E-02  0.0000000E+00  0.4940645E-12  0.5899601E-05
  0.50000  0.24388  0.06729  0.07820  0.1146670E-01  0.3910780E-02  0.6601834E-02  0.3904012E-02  0.4442658E-04  0.1073369E-05  0.4820441E-02  0.0000000E+00  0.4521677E-12  0.5695292E-05
  0.50000  0.24387  0.06739  0.07830  0.1149090E-01  0.3918599E-02  0.6614498E-02  0.3912031E-02  0.4438468E-04  0.1070178E-05  0.4832019E-02  0.0000000E+00  0.4137202E-12  0.5497284E-05
  0.50000  0.24385  0.06749  0.07840  0.1151510E-01  0.3926423E-02  0.6627157E-02  0.3920051E-02  0.4434500E-04  0.1067091E-05  0.4843599E-02  0.0000000E+00  0.3784470E-12  0.5305412E-05
  0.50000  0.24384  0.06759  0.07850  0.1153930E-01  0.3934253E-02  0.6639811E-02  0.3928069E-02  0.4430747E-04  0.1064103E-05  0.4855180E-02  0.0000000E+00  0.3460944E-12  0.5119515E-05
  0.50000  0.24382  0.06769  0.07860  0.1156349E-01  0.3942089E-02  0.6652459E-02  0.3936088E-02  0.4427199E-04  0.1061212E-05  0.4866762E-02  0.0000000E+00  0.3164284E-12  0.4939436E-05
  0.50000  0.24381  0.06779  0.07870  0.1158769E-01  0.3949929E-02  0.6665102E-02  0.3944106E-02  0.4423849E-04  0.1058412E-05  0.4878346E-02  0.0000000E+00  0.2892327E-12  0.4765019E-05
  0.50000  0.24379  0.06790  0.07880  0.1161188E-01  0.3957775E-02  0.6677740E-02  0.3952123E-02  0.4420689E-04  0.1055700E-05  0.4889931E-02  0.0000000E+00  0.2643082E-12  0.4596113E-05
  0.50000  0.24377  0.06800  0.07890  0.1163607E-01  0.3965626E-02  0.6690373E-02  0.3960140E-02  0.4417713E-04  0.1053073E-05  0.4901517E-02  0.0000000E+00  0.2414710E-12  0.4432570E-05
  0.50000  0.24376  0.06810  0.07900  0.1166025E-01  0.3973481E-02  0.6703000E-02  0.3968156E-02  0.4414915E-04  0.1050527E-05  0.4913105E-02  0.0000000E+00  0.2205518E-12  0.4274244E-05
  0.50000  0.24374  0.06820  0.07910  0.1168444E-01  0.3981341E-02  0.6715622E-02  0.3976172E-02  0.4412288E-04  0.1048060E-05  0.4924693E-02  0.0000000E+00  0.2013944E-12  0.4120992E-05
  0.50000  0.24373  0.06830  0.07920  0.1170862E-01  0.3989206E-02  0.6728238E-02  0.3984187E-02  0.4409826E-04  0.1045668E-05  0.4936283E-02  0.0000000E+00  0.1838550E-12  0.3972674E-05
  0.50000  0.24371  0.06840  0.07930  0.1173280E-01  0.3997074E-02  0.6740848E-02  0.3992202E-02  0.4407524E-04  0.1043349E-05  0.4947873E-02  0.0000000E+00  0.1678011E-12  0.3829155E-05
  0.50000  0.24370  0.06850  0.07940  0.1175697E-01  0.4004947E-02  0.6753453E-02  0.4000215E-02  0.4405376E-04  0.1041100E-05  0.4959464E-02  0.0000000E+00  0.1531106E-12  0.3690301E-05
  0.50000  0.24368  0.06860  0.07950  0.1178114E-01  0.4012823E-02  0.6766051E-02  0.4008228E-02  0.4403379E-04  0.1038918E-05  0.4971056E-02  0.0000000E+00  0.1396712E-12  0.3555980E-05
  0.50000  0.24366  0.06870  0.07960  0.1180531E-01  0.4020703E-02  0.6778644E-02  0.4016240E-02  0.4401526E-04  0.1036802E-05  0.4982649E-02  0.0000000E+00  0.1273795E-12  0.3426066E-05
  0.50000  0.24365  0.06880  0.07970  0.1182947E-01  0.4028587E-02  0.6791231E-02  0.4024252E-02  0.4399815E-04  0.1034750E-05  0.4994242E-02  0.0000000E+00  0.1161405E-12  0.3300432E-05
  0.50000  0.24363  0.06890  0.07980  0.1185363E-01  0.4036474E-02  0.6803812E-02  0.4032262E-02  0.4398239E-04  0.1032758E-05  0.5005836E-02  0.0000000E+00  0.1058666E-12  0.3178957E-05
  0.50000  0.24362  0.06900  0.07990  0.1187779E-01  0.4044364E-02  0.6816388E-02  0.4040272E-02  0.4396796E-04  0.1030825E-05  0.5017430E-02  0.0000000E+00  0.9647730E-13  0.3061522E-05
  0.50000  0.24360  0.06910  0.08000  0.1190194E-01  0.4052257E-02  0.6828956E-02  0.4048280E-02  0.4395482E-04  0.1028950E-05  0.5029025E-02  0.0000000E+00  0.8789875E-13  0.2948009E-05
  0.50000  0.24358  0.06920  0.08010  0.1193893E-01  0.4060791E-02  0.6841519E-02  0.4056288E-02  0.5679307E-04  0.1664960E-05  0.5040620E-02  0.0000000E+00  0.8006292E-13  0.2838304E-05
  0.50000  0.24357  0.06930  0.08020  0.1196284E-01  0.4068676E-02  0.6854076E-02  0.4064295E-02  0.5655169E-04  0.1649264E-05  0.5052215E-02  0.0000000E+00  0.7290735E-13  0.2732297E-05
  0.50000  0.24355  0.06941  0.08030  0.1198676E-01  0.4076565E-02  0.6866626E-02  0.4072300E-02  0.5632731E-04  0.1634553E-05  0.5063810E-02  0.0000000E+00  0.6637467E-13  0.2629878E-05
  0.50000  0.24354  0.06951  0.08040  0.1201069E-01  0.4084457E-02  0.6879170E-02  0.4080305E-02  0.5611829E-04  0.1620730E-05  0.5075406E-02  0.0000000E+00  0.6041219E-13  0.2530942E-05
  0.50000  0.24352  0.06961  0.08050  0.1203463E-01  0.4092351E-02  0.6891707E-02  0.4088308E-02  0.5592318E-04  0.1607709E-05  0.5087001E-02  0.0000000E+00  0.5497155E-13  0.2435384E-05
  0.50000  0.24350  0.06971  0.08060  0.1205858E-01  0.4100249E-02  0.6904239E-02  0.4096311E-02  0.5574073E-04  0.1595418E-05  0.5098596E-02  0.0000000E+00  0.5000835E-13  0.2343103E-05
  0.50000  0.24349  0.06981  0.08070  0.1208252E-01  0.4108150E-02  0.6916763E-02  0.4104312E-02  0.5556984E-04  0.1583793E-05  0.5110192E-02  0.0000000E+00  0.4548186E-13  0.2254001E-05
  0.50000  0.24347  0.06991  0.08080  0.1210648E-01  0.4116053E-02  0.6929281E-02  0.4112312E-02  0.5540956E-04  0.1572777E-05  0.5121787E-02  0.0000000E+00  0.4135472E-13  0.2167982E-05
  0.50000  0.24346  0.07001  0.08090  0.1213043E-01  0.4123958E-02  0.6941792E-02  0.4120311E-02  0.5525904E-04  0.1562322E-05  0.5133381E-02  0.0000000E+00  0.3759266E-13  0.2084951E-05
  0.50000  0.24344  0.07011  0.08100  0.1215439E-01  0.4131865E-02  0.6954297E-02  0.4128308E-02  0.5511752E-04  0.1552381E-05  0.5144976E-02  0.0000000E+00  0.3416428E-13  0.2004818E-05
  0.50000  0.24342  0.07021  0.08110  0.1217835E-01  0.4139775E-02  0.6966795E-02  0.4136304E-02  0.5498434E-04  0.1542918E-05  0.5156570E-02  0.0000000E+00  0.3104078E-13  0.1927492E-05
  0.50000  0.24341  0.07031  0.08120  0.1220231E-01  0.4147686E-02  0.6979285E-02  0.4144299E-02  0.5485889E-04  0.1533896E-05  0.5168163E-02  0.0000000E+00  0.2819577E-13  0.1852888E-05
  0.50000  0.24339  0.07041  0.08130  0.1222627E-01  0.4155599E-02  0.6991769E-02  0.4152293E-02  0.5474065E-04  0.1525284E-05  0.5179756E-02  0.0000000E+00  0.2560511E-13  0.1780920E-05
  0.50000  0.24337  0.07051  0.08140  0.1225022E-01  0.4163513E-02  0.7004247E-02  0.4160285E-02  0.5462913E-04  0.1517053E-05  0.5191348E-02  0.0000000E+00  0.2324665E-13  0.1711506E-05
  0.50000  0.24336  0.07061  0.08150  0.1227418E-01  0.4171429E-02  0.7016717E-02  0.4168275E-02  0.5452388E-04  0.1509179E-05  0.5202940E-02  0.0000000E+00  0.2110013E-13  0.1644566E-05
  0.50000  0.24334  0.07072  0.08160  0.1229813E-01  0.4179346E-02  0.7029180E-02  0.4176264E-02  0.5442453E-04  0.1501638E-05  0.5214530E-02  0.0000000E+00  0.1914702E-13  0.1580021E-05
  0.50000  0.24333  0.07082  0.08170  0.1232209E-01  0.4187264E-02  0.7041635E-02  0.4184252E-02  0.5433070E-04  0.1494410E-05  0.5226120E-02  0.0000000E+00  0.1737034E-13  0.1517794E-05
  0.50000  0.24331  0.07092  0.08180  0.1234604E-01  0.4195183E-02  0.7054084E-02  0.4192238E-02  0.5424207E-04  0.1487474E-05  0.5237709E-02  0.0000000E+00  0.1575457E-13  0.1457813E-05
  0.50000  0.24329  0.07102  0.08190  0.1236998E-01  0.4203104E-02  0.7066525E-02  0.4200223E-02  0.5415834E-04  0.1480813E-05  0.5249297E-02  0.0000000E+00  0.1428552E-13  0.1400005E-05
  0.50000  0.24328  0.07112  0.08200  0.1239392E-01  0.4211024E-02  0.7078959E-02  0.4208206E-02  0.5407924E-04  0.1474412E-05  0.5260883E-02  0.0000000E+00  0.1295020E-13  0.1344300E-05
  0.50000  0.24326  0.07122  0.08210  0.1241786E-01  0.4218946E-02  0.7091386E-02  0.4216187E-02  0.5400452E-04  0.1468256E-05  0.5272469E-02  0.0000000E+00  0.1173676E-13  0.1290629E-05
  0.50000  0.24324  0.07132  0.08220  0.1244179E-01  0.4226868E-02  0.7103805E-02  0.4224167E-02  0.5393394E-04  0.1462331E-05  0.5284053E-02  0.0000000E+00  0.1063435E-13  0.1238925E-05
  0.50000  0.24323  0.07142  0.08230  0.1246572E-01  0.4234790E-02  0.7116217E-02  0.4232144E-02  0.5386730E-04  0.1456625E-05  0.5295636E-02  0.0000000E+00  0.9633068E-14  0.1189126E-05
  0.50000  0.24321  0.07152  0.08240  0.1248964E-01  0.4242713E-02  0.7128621E-02  0.4240121E-02  0.5380439E-04  0.1451127E-05  0.5307217E-02  0.0000000E+00  0.8723878E-14  0.1141167E-05
  0.50000  0.24319  0.07162  0.08250  0.1251356E-01  0.4250636E-02  0.7141018E-02  0.4248095E-02  0.5374504E-04  0.1445825E-05  0.5318797E-02  0.0000000E+00  0.7898518E-14  0.1094988E-05
  0.50000  0.24318  0.07172  0.08260  0.1253747E-01  0.4258559E-02  0.7153407E-02  0.4256068E-02  0.5368908E-04  0.1440710E-05  0.5330376E-02  0.0000000E+00  0.7149452E-14  0.1050529E-05
  0.50000  0.24316  0.07182  0.08270  0.1256138E-01  0.4266482E-02  0.7165788E-02  0.4264038E-02  0.5363634E-04  0.1435773E-05  0.5341952E-02  0.0000000E+00  0.6469803E-14  0.1007733E-05
  0.50000  0.24314  0.07192  0.08280  0.1258528E-01  0.4274405E-02  0.7178161E-02  0.4272007E-02  0.5358669E-04  0.1431006E-05  0.5353527E-02  0.0000000E+00  0.5853295E-14  0.9665447E-06
  0.50000  0.24313  0.07202  0.08290  0.1260917E-01  0.4282328E-02  0.7190527E-02  0.4279974E-02  0.5354000E-04  0.1426400E-05  0.5365101E-02  0.0000000E+00  0.5294206E-14  0.9269087E-06
  0.50000  0.24311  0.07213  0.08300  0.1263305E-01  0.4290250E-02  0.7202884E-02  0.4287939E-02  0.5349612E-04  0.1421948E-05  0.5376672E-02  0.0000000E+00  0.4787319E-14  0.8887726E-06
  0.50000  0.24309  0.07223  0.08310  0.1265693E-01  0.4298172E-02  0.7215234E-02  0.4295903E-02  0.5345495E-04  0.1417643E-05  0.5388241E-02  0.0000000E+00  0.4327878E-14  0.8520853E-06
  0.50000  0.24308  0.07233  0.08320  0.1268080E-01  0.4306094E-02  0.7227576E-02  0.4303864E-02  0.5341637E-04  0.1413479E-05  0.5399809E-02  0.0000000E+00  0.3911548E-14  0.8167972E-06
  0.50000  0.24306  0.07243  0.08330  0.1270466E-01  0.4314015E-02  0.7239909E-02  0.4311823E-02  0.5338029E-04  0.1409449E-05  0.5411374E-02  0.0000000E+00  0.3534382E-14  0.7828600E-06
  0.50000  0.24304  0.07253  0.08340  0.1272852E-01  0.4321936E-02  0.7252235E-02  0.4319780E-02  0.5334660E-04  0.1405549E-05  0.5422937E-02  0.0000000E+00  0.3192783E-14  0.7502270E-06
  0.50000  0.24303  0.07263  0.08350  0.1275237E-01  0.4329855E-02  0.7264552E-02  0.4327735E-02  0.5331521E-04  0.1401772E-05  0.5434498E-02  0.0000000E+00  0.2883476E-14  0.7188528E-06
  0.50000  0.24301  0.07273  0.08360  0.1277620E-01  0.4337774E-02  0.7276861E-02  0.4335688E-02  0.5328604E-04  0.1398114E-05  0.5446056E-02  0.0000000E+00  0.2603481E-14  0.6886934E-06
  0.50000  0.24299  0.07283  0.08370  0.1280003E-01  0.4345693E-02  0.7289162E-02  0.4343638E-02  0.5325900E-04  0.1394570E-05  0.5457612E-02  0.0000000E+00  0.2350084E-14  0.6597063E-06
  0.50000  0.24298  0.07293  0.08380  0.1282385E-01  0.4353610E-02  0.7301454E-02  0.4351587E-02  0.5323403E-04  0.1391136E-05  0.5469166E-02  0.0000000E+00  0.2120819E-14  0.6318501E-06
  0.50000  0.24296  0.07303  0.08390  0.1284767E-01  0.4361526E-02  0.7313738E-02  0.4359533E-02  0.5321104E-04  0.1387807E-05  0.5480717E-02  0.0000000E+00  0.1913440E-14  0.6050847E-06
  0.50000  0.24294  0.07313  0.08400  0.1287147E-01  0.4369441E-02  0.7326014E-02  0.4367477E-02  0.5318997E-04  0.1384580E-05  0.5492265E-02  0.0000000E+00  0.1725906E-14  0.5793713E-06
  0.50000  0.24293  0.07323  0.08410  0.1289526E-01  0.4377355E-02  0.7338281E-02  0.4375419E-02  0.5317076E-04  0.1381450E-05  0.5503811E-02  0.0000000E+00  0.1556362E-14  0.5546723E-06
  0.50000  0.24291  0.07333  0.08420  0.1291905E-01  0.4385267E-02  0.7350539E-02  0.4383358E-02  0.5315334E-04  0.1378415E-05  0.5515354E-02  0.0000000E+00  0.1403120E-14  0.5309514E-06
  0.50000  0.24289  0.07344  0.08430  0.1294282E-01  0.4393179E-02  0.7362789E-02  0.4391295E-02  0.5313767E-04  0.1375470E-05  0.5526894E-02  0.0000000E+00  0.1264650E-14  0.5081731E-06
  0.50000  0.24288  0.07354  0.08440  0.1296658E-01  0.4401089E-02  0.7375030E-02  0.4399230E-02  0.5312367E-04  0.1372614E-05  0.5538431E-02  0.0000000E+00  0.1139559E-14  0.4863034E-06
  0.50000  0.24286  0.07364  0.08450  0.1299034E-01  0.4408997E-02  0.7387262E-02  0.4407162E-02  0.5311131E-04  0.1369842E-05  0.5549965E-02  0.0000000E+00  0.1026584E-14  0.4653091E-06
  0.50000  0.24284  0.07374  0.08460  0.1301408E-01  0.4416904E-02  0.7399486E-02  0.4415092E-02  0.5310052E-04  0.1367151E-05  0.5561496E-02  0.0000000E+00  0.9245769E-15  0.4451584E-06
  0.50000  0.24283  0.07384  0.08470  0.1303782E-01  0.4424810E-02  0.7411700E-02  0.4423019E-02  0.5309128E-04  0.1364540E-05  0.5573023E-02  0.0000000E+00  0.8324970E-15  0.4258202E-06
  0.50000  0.24281  0.07394  0.08480  0.1306154E-01  0.4432713E-02  0.7423906E-02  0.4430944E-02  0.5308352E-04  0.1362006E-05  0.5584548E-02  0.0000000E+00  0.7493994E-15  0.4072646E-06
  0.50000  0.24279  0.07404  0.08490  0.1309977E-01  0.4441441E-02  0.7436103E-02  0.4438867E-02  0.6759652E-04  0.2184925E-05  0.5596069E-02  0.0000000E+00  0.6744272E-15  0.3894626E-06
  0.50000  0.24277  0.07414  0.08500  0.1312320E-01  0.4449322E-02  0.7448291E-02  0.4446786E-02  0.6732248E-04  0.2163794E-05  0.5607587E-02  0.0000000E+00  0.6068032E-15  0.3723861E-06
  0.50000  0.24276  0.07424  0.08510  0.1314664E-01  0.4457204E-02  0.7460469E-02  0.4454703E-02  0.6706884E-04  0.2144022E-05  0.5619101E-02  0.0000000E+00  0.5458228E-15  0.3560081E-06
  0.50000  0.24274  0.07434  0.08520  0.1317008E-01  0.4465084E-02  0.7472639E-02  0.4462618E-02  0.6683354E-04  0.2125471E-05  0.5630611E-02  0.0000000E+00  0.4908474E-15  0.3403024E-06
  0.50000  0.24272  0.07444  0.08530  0.1319353E-01  0.4472963E-02  0.7484799E-02  0.4470530E-02  0.6661483E-04  0.2108023E-05  0.5642118E-02  0.0000000E+00  0.4412983E-15  0.3252437E-06
  0.50000  0.24271  0.07454  0.08540  0.1321698E-01  0.4480842E-02  0.7496950E-02  0.4478439E-02  0.6641116E-04  0.2091573E-05  0.5653622E-02  0.0000000E+00  0.3966516E-15  0.3108074E-06
  0.50000  0.24269  0.07464  0.08550  0.1324043E-01  0.4488719E-02  0.7509092E-02  0.4486346E-02  0.6622121E-04  0.2076032E-05  0.5665121E-02  0.0000000E+00  0.3564323E-15  0.2969700E-06
  0.50000  0.24267  0.07475  0.08560  0.1326389E-01  0.4496594E-02  0.7521225E-02  0.4494249E-02  0.6604379E-04  0.2061320E-05  0.5676617E-02  0.0000000E+00  0.3202108E-15  0.2837085E-06
  0.50000  0.24266  0.07485  0.08570  0.1328733E-01  0.4504469E-02  0.7533348E-02  0.4502150E-02  0.6587789E-04  0.2047370E-05  0.5688108E-02  0.0000000E+00  0.2875980E-15  0.2710010E-06
  0.50000  0.24264  0.07495  0.08580  0.1331078E-01  0.4512342E-02  0.7545462E-02  0.4510049E-02  0.6572260E-04  0.2034119E-05  0.5699596E-02  0.0000000E+00  0.2582419E-15  0.2588261E-06
  0.50000  0.24262  0.07505  0.08590  0.1333422E-01  0.4520213E-02  0.7557566E-02  0.4517944E-02  0.6557711E-04  0.2021513E-05  0.5711079E-02  0.0000000E+00  0.2318242E-15  0.2471633E-06
  0.50000  0.24260  0.07515  0.08600  0.1335766E-01  0.4528082E-02  0.7569660E-02  0.4525836E-02  0.6544069E-04  0.2009503E-05  0.5722559E-02  0.0000000E+00  0.2080567E-15  0.2359926E-06
  0.50000  0.24259  0.07525  0.08610  0.1338109E-01  0.4535949E-02  0.7581745E-02  0.4533726E-02  0.6531271E-04  0.1998047E-05  0.5734033E-02  0.0000000E+00  0.1866790E-15  0.2252951E-06
  0.50000  0.24257  0.07535  0.08620  0.1340452E-01  0.4543815E-02  0.7593821E-02  0.4541613E-02  0.6519259E-04  0.1987105E-05  0.5745504E-02  0.0000000E+00  0.1674559E-15  0.2150520E-06
  0.50000  0.24255  0.07545  0.08630  0.1342794E-01  0.4551678E-02  0.7605886E-02  0.4549496E-02  0.6507981E-04  0.1976642E-05  0.5756970E-02  0.0000000E+00  0.1501746E-15  0.2052457E-06
  0.50000  0.24254  0.07555  0.08640  0.1345135E-01  0.4559539E-02  0.7617942E-02  0.4557377E-02  0.6497390E-04  0.1966626E-05  0.5768432E-02  0.0000000E+00  0.1346429E-15  0.1958589E-06
  0.50000  0.24252  0.07565  0.08650  0.1347475E-01  0.4567399E-02  0.7629988E-02  0.4565255E-02  0.6487442E-04  0.1957030E-05  0.5779889E-02  0.0000000E+00  0.1206872E-15  0.1868750E-06
  0.50000  0.24250  0.07575  0.08660  0.1349815E-01  0.4575255E-02  0.7642024E-02  0.4573129E-02  0.6478100E-04  0.1947825E-05  0.5791342E-02  0.0000000E+00  0.1081509E-15  0.1782780E-06
  0.50000  0.24248  0.07585  0.08670  0.1352153E-01  0.4583110E-02  0.7654051E-02  0.4581001E-02  0.6469327E-04  0.1938990E-05  0.5802789E-02  0.0000000E+00  0.9689248E-16  0.1700524E-06
  0.50000  0.24247  0.07595  0.08680  0.1354491E-01  0.4590962E-02  0.7666067E-02  0.4588869E-02  0.6461093E-04  0.1930501E-05  0.5814232E-02  0.0000000E+00  0.8678425E-16  0.1621835E-06
  0.50000  0.24245  0.07606  0.08690  0.1356828E-01  0.4598812E-02  0.7678073E-02  0.4596735E-02  0.6453366E-04  0.1922339E-05  0.5825670E-02  0.0000000E+00  0.7771105E-16  0.1546569E-06
  0.50000  0.24243  0.07616  0.08700  0.1359163E-01  0.4606659E-02  0.7690070E-02  0.4604597E-02  0.6446119E-04  0.1914486E-05  0.5837103E-02  0.0000000E+00  0.6956897E-16  0.1474587E-06
  0.50000  0.24241  0.07626  0.08710  0.1361498E-01  0.4614503E-02  0.7702056E-02  0.4612456E-02  0.6439329E-04  0.1906925E-05  0.5848531E-02  0.0000000E+00  0.6226434E-16  0.1405757E-06
  0.50000  0.24240  0.07636  0.08720  0.1363832E-01  0.4622345E-02  0.7714032E-02  0.4620312E-02  0.6432971E-04  0.1899640E-05  0.5859954E-02  0.0000000E+00  0.5571269E-16  0.1339950E-06
  0.50000  0.24238  0.07646  0.08730  0.1366164E-01  0.4630184E-02  0.7725997E-02  0.4628164E-02  0.6427024E-04  0.1892617E-05  0.5871371E-02  0.0000000E+00  0.4983792E-16  0.1277044E-06
  0.50000  0.24236  0.07656  0.08740  0.1368495E-01  0.4638021E-02  0.7737953E-02  0.4636013E-02  0.6421469E-04  0.1885843E-05  0.5882784E-02  0.0000000E+00  0.4457143E-16  0.1216918E-06
  0.50000  0.24234  0.07666  0.08750  0.1370825E-01  0.4645855E-02  0.7749898E-02  0.4643859E-02  0.6416287E-04  0.1879305E-05  0.5894191E-02  0.0000000E+00  0.0000000E+00  0.1159460E-06
  0.50000  0.24233  0.07676  0.08760  0.1373154E-01  0.4653685E-02  0.7761832E-02  0.4651702E-02  0.6411462E-04  0.1872992E-05  0.5905592E-02  0.0000000E+00  0.0000000E+00  0.1104559E-06
  0.50000  0.24231  0.07686  0.08770  0.1375481E-01  0.4661513E-02  0.7773757E-02  0.4659541E-02  0.6406977E-04  0.1866894E-05  0.5916988E-02  0.0000000E+00  0.0000000E+00  0.1052109E-06
  0.50000  0.24229  0.07696  0.08780  0.1377808E-01  0.4669338E-02  0.7785671E-02  0.4667377E-02  0.6402817E-04  0.1860999E-05  0.5928378E-02  0.0000000E+00  0.0000000E+00  0.1002007E-06
  0.50000  0.24227  0.07706  0.08790  0.1380133E-01  0.4677160E-02  0.7797574E-02  0.4675209E-02  0.6398970E-04  0.1855300E-05  0.5939763E-02  0.0000000E+00  0.0000000E+00  0.9541571E-07
  0.50000  0.24226  0.07716  0.08800  0.1382456E-01  0.4684979E-02  0.7809466E-02  0.4683038E-02  0.6395421E-04  0.1849787E-05  0.5951142E-02  0.0000000E+00  0.0000000E+00  0.9084635E-07
  0.50000  0.24224  0.07726  0.08810  0.1384779E-01  0.4692795E-02  0.7821349E-02  0.4690864E-02  0.6392160E-04  0.1844453E-05  0.5962515E-02  0.0000000E+00  0.0000000E+00  0.8648359E-07
  0.50000  0.24222  0.07737  0.08820  0.1387099E-01  0.4700607E-02  0.7833220E-02  0.4698686E-02  0.6389174E-04  0.1839289E-05  0.5973882E-02  0.0000000E+00  0.0000000E+00  0.8231872E-07
  0.50000  0.24220  0.07747  0.08830  0.1389419E-01  0.4708417E-02  0.7845081E-02  0.4706504E-02  0.6386454E-04  0.1834290E-05  0.5985243E-02  0.0000000E+00  0.0000000E+00  0.7834335E-07
  0.50000  0.24219  0.07757  0.08840  0.1391737E-01  0.4716223E-02  0.7856931E-02  0.4714319E-02  0.6383989E-04  0.1829447E-05  0.5996598E-02  0.0000000E+00  0.0000000E+00  0.7454942E-07
  0.50000  0.24217  0.07767  0.08850  0.1394053E-01  0.4724026E-02  0.7868770E-02  0.4722130E-02  0.6381769E-04  0.1824755E-05  0.6007947E-02  0.0000000E+00  0.0000000E+00  0.7092919E-07
  0.50000  0.24215  0.07777  0.08860  0.1396369E-01  0.4731826E-02  0.7880598E-02  0.4729938E-02  0.6379787E-04  0.1820207E-05  0.6019290E-02  0.0000000E+00  0.0000000E+00  0.6747524E-07
  0.50000  0.24213  0.07787  0.08870  0.1398682E-01  0.4739622E-02  0.7892415E-02  0.4737742E-02  0.6378033E-04  0.1815799E-05  0.6030626E-02  0.0000000E+00  0.0000000E+00  0.6418040E-07
  0.50000  0.24211  0.07797  0.08880  0.1400994E-01  0.4747415E-02  0.7904222E-02  0.4745542E-02  0.6376500E-04  0.1811525E-05  0.6041956E-02  0.0000000E+00  0.0000000E+00  0.6103783E-07
  0.50000  0.24210  0.07807  0.08890  0.1403305E-01  0.4755204E-02  0.7916017E-02  0.4753339E-02  0.6375181E-04  0.1807380E-05  0.6053280E-02  0.0000000E+00  0.0000000E+00  0.5804093E-07
  0.50000  0.24208  0.07817  0.08900  0.1405614E-01  0.4762990E-02  0.7927801E-02  0.4761132E-02  0.6374068E-04  0.1803359E-05  0.6064596E-02  0.0000000E+00  0.0000000E+00  0.5518337E-07
  0.50000  0.24206  0.07827  0.08910  0.1407921E-01  0.4770773E-02  0.7939574E-02  0.4768921E-02  0.6373155E-04  0.1799458E-05  0.6075907E-02  0.0000000E+00  0.0000000E+00  0.5245909E-07
  0.50000  0.24204  0.07837  0.08920  0.1410227E-01  0.4778552E-02  0.7951336E-02  0.4776706E-02  0.6372435E-04  0.1795672E-05  0.6087210E-02  0.0000000E+00  0.0000000E+00  0.4986225E-07
  0.50000  0.24203  0.07847  0.08930  0.1412531E-01  0.4786327E-02  0.7963087E-02  0.4784488E-02  0.6371903E-04  0.1791999E-05  0.6098507E-02  0.0000000E+00  0.0000000E+00  0.4738727E-07
  0.50000  0.24201  0.07857  0.08940  0.1414834E-01  0.4794099E-02  0.7974827E-02  0.4792265E-02  0.6371552E-04  0.1788433E-05  0.6109797E-02  0.0000000E+00  0.0000000E+00  0.4502876E-07
  0.50000  0.24199  0.07868  0.08950  0.1417135E-01  0.4801867E-02  0.7986555E-02  0.4800039E-02  0.6371378E-04  0.1784971E-05  0.6121080E-02  0.0000000E+00  0.0000000E+00  0.4278160E-07
  0.50000  0.24197  0.07878  0.08960  0.1419434E-01  0.4809631E-02  0.7998272E-02  0.4807809E-02  0.6371376E-04  0.1781610E-05  0.6132356E-02  0.0000000E+00  0.0000000E+00  0.4064083E-07
  0.50000  0.24195  0.07888  0.08970  0.1421732E-01  0.4817392E-02  0.8009977E-02  0.4815575E-02  0.6371540E-04  0.1778347E-05  0.6143625E-02  0.0000000E+00  0.0000000E+00  0.3860173E-07
  0.50000  0.24194  0.07898  0.08980  0.1425627E-01  0.4826178E-02  0.8021671E-02  0.4823337E-02  0.7970925E-04  0.2804503E-05  0.6154886E-02  0.0000000E+00  0.0000000E+00  0.3665976E-07
  0.50000  0.24192  0.07908  0.08990  0.1427892E-01  0.4833908E-02  0.8033354E-02  0.4831095E-02  0.7942806E-04  0.2778545E-05  0.6166141E-02  0.0000000E+00  0.0000000E+00  0.3481056E-07
  0.50000  0.24190  0.07918  0.09000  0.1430158E-01  0.4841636E-02  0.8045025E-02  0.4838849E-02  0.7916828E-04  0.2754215E-05  0.6177388E-02  0.0000000E+00  0.0000000E+00  0.3304997E-07
  0.50000  0.24188  0.07928  0.09010  0.1432424E-01  0.4849362E-02  0.8056684E-02  0.4846599E-02  0.7892779E-04  0.2731353E-05  0.6188627E-02  0.0000000E+00  0.0000000E+00  0.3137398E-07
  0.50000  0.24186  0.07938  0.09020  0.1434690E-01  0.4857085E-02  0.8068332E-02  0.4854345E-02  0.7870478E-04  0.2709817E-05  0.6199859E-02  0.0000000E+00  0.0000000E+00  0.2977878E-07
  0.50000  0.24185  0.07948  0.09030  0.1436955E-01  0.4864805E-02  0.8079968E-02  0.4862087E-02  0.7849767E-04  0.2689486E-05  0.6211084E-02  0.0000000E+00  0.0000000E+00  0.2826069E-07
  0.50000  0.24183  0.07958  0.09040  0.1439220E-01  0.4872522E-02  0.8091592E-02  0.4869824E-02  0.7830508E-04  0.2670255E-05  0.6222301E-02  0.0000000E+00  0.0000000E+00  0.2681619E-07
  0.50000  0.24181  0.07968  0.09050  0.1441484E-01  0.4880236E-02  0.8103205E-02  0.4877558E-02  0.7812580E-04  0.2652028E-05  0.6233510E-02  0.0000000E+00  0.0000000E+00  0.2544194E-07
  0.50000  0.24179  0.07978  0.09060  0.1443748E-01  0.4887946E-02  0.8114806E-02  0.4885287E-02  0.7795876E-04  0.2634725E-05  0.6244711E-02  0.0000000E+00  0.0000000E+00  0.2413469E-07
  0.50000  0.24177  0.07989  0.09070  0.1446010E-01  0.4895654E-02  0.8126395E-02  0.4893013E-02  0.7780302E-04  0.2618273E-05  0.6255905E-02  0.0000000E+00  0.0000000E+00  0.2289138E-07
  0.50000  0.24176  0.07999  0.09080  0.1448272E-01  0.4903358E-02  0.8137972E-02  0.4900734E-02  0.7765774E-04  0.2602606E-05  0.6267090E-02  0.0000000E+00  0.0000000E+00  0.2170905E-07
  0.50000  0.24174  0.08009  0.09090  0.1450533E-01  0.4911059E-02  0.8149537E-02  0.4908450E-02  0.7752217E-04  0.2587667E-05  0.6278267E-02  0.0000000E+00  0.0000000E+00  0.2058487E-07
  0.50000  0.24172  0.08019  0.09100  0.1452792E-01  0.4918756E-02  0.8161090E-02  0.4916163E-02  0.7739563E-04  0.2573404E-05  0.6289437E-02  0.0000000E+00  0.0000000E+00  0.1951615E-07
  0.50000  0.24170  0.08029  0.09110  0.1455051E-01  0.4926449E-02  0.8172631E-02  0.4923871E-02  0.7727752E-04  0.2559769E-05  0.6300598E-02  0.0000000E+00  0.0000000E+00  0.1850030E-07
  0.50000  0.24168  0.08039  0.09120  0.1457308E-01  0.4934139E-02  0.8184160E-02  0.4931575E-02  0.7716728E-04  0.2546722E-05  0.6311750E-02  0.0000000E+00  0.0000000E+00  0.1753484E-07
  0.50000  0.24166  0.08049  0.09130  0.1459564E-01  0.4941825E-02  0.8195677E-02  0.4939274E-02  0.7706443E-04  0.2534223E-05  0.6322895E-02  0.0000000E+00  0.0000000E+00  0.1661742E-07
  0.50000  0.24165  0.08059  0.09140  0.1461818E-01  0.4949507E-02  0.8207181E-02  0.4946969E-02  0.7696851E-04  0.2522238E-05  0.6334030E-02  0.0000000E+00  0.0000000E+00  0.1574577E-07
  0.50000  0.24163  0.08069  0.09150  0.1464071E-01  0.4957186E-02  0.8218674E-02  0.4954660E-02  0.7687911E-04  0.2510736E-05  0.6345158E-02  0.0000000E+00  0.0000000E+00  0.1491773E-07
  0.50000  0.24161  0.08079  0.09160  0.1466323E-01  0.4964860E-02  0.8230154E-02  0.4962346E-02  0.7679587E-04  0.2499687E-05  0.6356276E-02  0.0000000E+00  0.0000000E+00  0.1413124E-07
  0.50000  0.24159  0.08089  0.09170  0.1468573E-01  0.4972530E-02  0.8241622E-02  0.4970028E-02  0.7671843E-04  0.2489066E-05  0.6367386E-02  0.0000000E+00  0.0000000E+00  0.1338432E-07
  0.50000  0.24157  0.08099  0.09180  0.1470821E-01  0.4980197E-02  0.8253077E-02  0.4977705E-02  0.7664649E-04  0.2478847E-05  0.6378488E-02  0.0000000E+00  0.0000000E+00  0.1267509E-07
  0.50000  0.24155  0.08110  0.09190  0.1473068E-01  0.4987859E-02  0.8264520E-02  0.4985378E-02  0.7657976E-04  0.2469010E-05  0.6389580E-02  0.0000000E+00  0.0000000E+00  0.1200174E-07
  0.50000  0.24154  0.08120  0.09200  0.1475313E-01  0.4995517E-02  0.8275951E-02  0.4993046E-02  0.7651797E-04  0.2459533E-05  0.6400664E-02  0.0000000E+00  0.0000000E+00  0.1136256E-07
  0.50000  0.24152  0.08130  0.09210  0.1477557E-01  0.5003171E-02  0.8287369E-02  0.5000710E-02  0.7646087E-04  0.2450397E-05  0.6411738E-02  0.0000000E+00  0.0000000E+00  0.1075589E-07
  0.50000  0.24150  0.08140  0.09220  0.1479799E-01  0.5010820E-02  0.8298775E-02  0.5008369E-02  0.7640824E-04  0.2441585E-05  0.6422803E-02  0.0000000E+00  0.0000000E+00  0.1018018E-07
  0.50000  0.24148  0.08150  0.09230  0.1482039E-01  0.5018466E-02  0.8310168E-02  0.5016023E-02  0.7635987E-04  0.2433082E-05  0.6433860E-02  0.0000000E+00  0.0000000E+00  0.9633915E-08
  0.50000  0.24146  0.08160  0.09240  0.1484277E-01  0.5026107E-02  0.8321548E-02  0.5023673E-02  0.7631556E-04  0.2424871E-05  0.6444906E-02  0.0000000E+00  0.0000000E+00  0.9115676E-08
  0.50000  0.24144  0.08170  0.09250  0.1486514E-01  0.5033743E-02  0.8332916E-02  0.5031318E-02  0.7627513E-04  0.2416939E-05  0.6455944E-02  0.0000000E+00  0.0000000E+00  0.8624094E-08
  0.50000  0.24143  0.08180  0.09260  0.1488748E-01  0.5041376E-02  0.8344271E-02  0.5038958E-02  0.7623842E-04  0.2409273E-05  0.6466972E-02  0.0000000E+00  0.0000000E+00  0.8157868E-08
  0.50000  0.24141  0.08190  0.09270  0.1490981E-01  0.5049004E-02  0.8355613E-02  0.5046594E-02  0.7620526E-04  0.2401860E-05  0.6477991E-02  0.0000000E+00  0.0000000E+00  0.7715755E-08
  0.50000  0.24139  0.08200  0.09280  0.1493212E-01  0.5056627E-02  0.8366943E-02  0.5054225E-02  0.7617551E-04  0.2394690E-05  0.6489000E-02  0.0000000E+00  0.0000000E+00  0.7296570E-08
  0.50000  0.24137  0.08210  0.09290  0.1495441E-01  0.5064246E-02  0.8378259E-02  0.5061851E-02  0.7614903E-04  0.2387751E-05  0.6500000E-02  0.0000000E+00  0.0000000E+00  0.6899182E-08
  0.50000  0.24135  0.08220  0.09300  0.1497668E-01  0.5071860E-02  0.8389563E-02  0.5069472E-02  0.7612569E-04  0.2381035E-05  0.6510989E-02  0.0000000E+00  0.0000000E+00  0.6522514E-08
  0.50000  0.24133  0.08230  0.09310  0.1499893E-01  0.5079470E-02  0.8400854E-02  0.5077089E-02  0.7610537E-04  0.2374531E-05  0.6521969E-02  0.0000000E+00  0.0000000E+00  0.6165538E-08
  0.50000  0.24131  0.08241  0.09320  0.1502116E-01  0.5087075E-02  0.8412132E-02  0.5084701E-02  0.7608796E-04  0.2368231E-05  0.6532940E-02  0.0000000E+00  0.0000000E+00  0.5827275E-08
  0.50000  0.24130  0.08251  0.09330  0.1504337E-01  0.5094675E-02  0.8423397E-02  0.5092307E-02  0.7607335E-04  0.2362126E-05  0.6543900E-02  0.0000000E+00  0.0000000E+00  0.5506791E-08
  0.50000  0.24128  0.08261  0.09340  0.1506556E-01  0.5102271E-02  0.8434649E-02  0.5099909E-02  0.7606144E-04  0.2356210E-05  0.6554850E-02  0.0000000E+00  0.0000000E+00  0.5203197E-08
  0.50000  0.24126  0.08271  0.09350  0.1508773E-01  0.5109862E-02  0.8445887E-02  0.5107506E-02  0.7605214E-04  0.2350474E-05  0.6565790E-02  0.0000000E+00  0.0000000E+00  0.4915644E-08
  0.50000  0.24124  0.08281  0.09360  0.1510988E-01  0.5117448E-02  0.8457113E-02  0.5115098E-02  0.7604535E-04  0.2344911E-05  0.6576719E-02  0.0000000E+00  0.0000000E+00  0.4643326E-08
  0.50000  0.24122  0.08291  0.09370  0.1513201E-01  0.5125029E-02  0.8468325E-02  0.5122685E-02  0.7604099E-04  0.2339516E-05  0.6587639E-02  0.0000000E+00  0.0000000E+00  0.4385473E-08
  0.50000  0.24120  0.08301  0.09380  0.1515411E-01  0.5132606E-02  0.8479525E-02  0.5130267E-02  0.7603898E-04  0.2334282E-05  0.6598548E-02  0.0000000E+00  0.0000000E+00  0.4141353E-08
  0.50000  0.24118  0.08311  0.09390  0.1517620E-01  0.5140177E-02  0.8490710E-02  0.5137844E-02  0.7603925E-04  0.2329203E-05  0.6609447E-02  0.0000000E+00  0.0000000E+00  0.3910269E-08
  0.50000  0.24116  0.08321  0.09400  0.1519826E-01  0.5147744E-02  0.8501883E-02  0.5145416E-02  0.7604173E-04  0.2324275E-05  0.6620335E-02  0.0000000E+00  0.0000000E+00  0.3691556E-08
  0.50000  0.24115  0.08331  0.09410  0.1522030E-01  0.5155306E-02  0.8513042E-02  0.5152983E-02  0.7604634E-04  0.2319490E-05  0.6631212E-02  0.0000000E+00  0.0000000E+00  0.3484584E-08
  0.50000  0.24113  0.08341  0.09420  0.1524232E-01  0.5162863E-02  0.8524188E-02  0.5160545E-02  0.7605302E-04  0.2314846E-05  0.6642079E-02  0.0000000E+00  0.0000000E+00  0.3288750E-08
  0.50000  0.24111  0.08352  0.09430  0.1526432E-01  0.5170415E-02  0.8535321E-02  0.5168101E-02  0.7606172E-04  0.2310336E-05  0.6652936E-02  0.0000000E+00  0.0000000E+00  0.3103483E-08
  0.50000  0.24109  0.08362  0.09440  0.1528629E-01  0.5177962E-02  0.8546440E-02  0.5175653E-02  0.7607236E-04  0.2305957E-05  0.6663781E-02  0.0000000E+00  0.0000000E+00  0.2928238E-08
  0.50000  0.24107  0.08372  0.09450  0.1530825E-01  0.5185504E-02  0.8557545E-02  0.5183199E-02  0.7608491E-04  0.2301704E-05  0.6674615E-02  0.0000000E+00  0.0000000E+00  0.2762498E-08
  0.50000  0.24105  0.08382  0.09460  0.1534800E-01  0.5194337E-02  0.8568637E-02  0.5190740E-02  0.9392204E-04  0.3594181E-05  0.6685439E-02  0.0000000E+00  0.0000000E+00  0.2605770E-08
  0.50000  0.24103  0.08392  0.09470  0.1536958E-01  0.5201839E-02  0.8579715E-02  0.5198276E-02  0.9361726E-04  0.3560886E-05  0.6696251E-02  0.0000000E+00  0.0000000E+00  0.2457586E-08
  0.50000  0.24101  0.08402  0.09480  0.1539117E-01  0.5209339E-02  0.8590780E-02  0.5205807E-02  0.9333680E-04  0.3529696E-05  0.6707052E-02  0.0000000E+00  0.0000000E+00  0.2317501E-08
  0.50000  0.24099  0.08412  0.09490  0.1541275E-01  0.5216834E-02  0.8601831E-02  0.5213332E-02  0.9307823E-04  0.3500398E-05  0.6717842E-02  0.0000000E+00  0.0000000E+00  0.2185091E-08
  0.50000  0.24097  0.08422  0.09500  0.1543433E-01  0.5224327E-02  0.8612868E-02  0.5220852E-02  0.9283949E-04  0.3472810E-05  0.6728621E-02  0.0000000E+00  0.0000000E+00  0.2059955E-08
  0.50000  0.24096  0.08432  0.09510  0.1545590E-01  0.5231815E-02  0.8623892E-02  0.5228367E-02  0.9261876E-04  0.3446774E-05  0.6739388E-02  0.0000000E+00  0.0000000E+00  0.1941711E-08
  0.50000  0.24094  0.08442  0.09520  0.1547746E-01  0.5239300E-02  0.8634901E-02  0.5235876E-02  0.9241447E-04  0.3422153E-05  0.6750144E-02  0.0000000E+00  0.0000000E+00  0.1829994E-08
  0.50000  0.24092  0.08452  0.09530  0.1549901E-01  0.5246780E-02  0.8645897E-02  0.5243380E-02  0.9222524E-04  0.3398825E-05  0.6760888E-02  0.0000000E+00  0.0000000E+00  0.1724462E-08
  0.50000  0.24090  0.08462  0.09540  0.1552055E-01  0.5254257E-02  0.8656879E-02  0.5250878E-02  0.9204985E-04  0.3376683E-05  0.6771621E-02  0.0000000E+00  0.0000000E+00  0.1624785E-08
  0.50000  0.24088  0.08473  0.09550  0.1554208E-01  0.5261729E-02  0.8667847E-02  0.5258371E-02  0.9188724E-04  0.3355634E-05  0.6782341E-02  0.0000000E+00  0.0000000E+00  0.1530653E-08
  0.50000  0.24086  0.08483  0.09560  0.1556359E-01  0.5269196E-02  0.8678801E-02  0.5265859E-02  0.9173643E-04  0.3335593E-05  0.6793051E-02  0.0000000E+00  0.0000000E+00  0.1441770E-08
  0.50000  0.24084  0.08493  0.09570  0.1558509E-01  0.5276659E-02  0.8689741E-02  0.5273341E-02  0.9159658E-04  0.3316485E-05  0.6803748E-02  0.0000000E+00  0.0000000E+00  0.1357856E-08
  0.50000  0.24082  0.08503  0.09580  0.1560657E-01  0.5284117E-02  0.8700667E-02  0.5280818E-02  0.9146693E-04  0.3298244E-05  0.6814433E-02  0.0000000E+00  0.0000000E+00  0.1278645E-08
  0.50000  0.24080  0.08513  0.09590  0.1562803E-01  0.5291571E-02  0.8711579E-02  0.5288289E-02  0.9134677E-04  0.3280810E-05  0.6825107E-02  0.0000000E+00  0.0000000E+00  0.1203885E-08
  0.50000  0.24078  0.08523  0.09600  0.1564948E-01  0.5299020E-02  0.8722477E-02  0.5295755E-02  0.9123551E-04  0.3264127E-05  0.6835768E-02  0.0000000E+00  0.0000000E+00  0.1133335E-08
  0.50000  0.24076  0.08533  0.09610  0.1567091E-01  0.5306464E-02  0.8733361E-02  0.5303215E-02  0.9113257E-04  0.3248146E-05  0.6846417E-02  0.0000000E+00  0.0000000E+00  0.1066769E-08
  0.50000  0.24075  0.08543  0.09620  0.1569232E-01  0.5313903E-02  0.8744230E-02  0.5310669E-02  0.9103744E-04  0.3232824E-05  0.6857054E-02  0.0000000E+00  0.0000000E+00  0.1003970E-08
  0.50000  0.24073  0.08553  0.09630  0.1571371E-01  0.5321337E-02  0.8755085E-02  0.5318118E-02  0.9094967E-04  0.3218119E-05  0.6867678E-02  0.0000000E+00  0.0000000E+00  0.9447338E-09
  0.50000  0.24071  0.08563  0.09640  0.1573509E-01  0.5328766E-02  0.8765926E-02  0.5325561E-02  0.9086882E-04  0.3203994E-05  0.6878290E-02  0.0000000E+00  0.0000000E+00  0.8888671E-09
  0.50000  0.24069  0.08573  0.09650  0.1575644E-01  0.5336190E-02  0.8776753E-02  0.5332999E-02  0.9079452E-04  0.3190416E-05  0.6888890E-02  0.0000000E+00  0.0000000E+00  0.8361856E-09
  0.50000  0.24067  0.08583  0.09660  0.1577777E-01  0.5343608E-02  0.8787565E-02  0.5340430E-02  0.9072641E-04  0.3177353E-05  0.6899477E-02  0.0000000E+00  0.0000000E+00  0.7865151E-09
  0.50000  0.24065  0.08594  0.09670  0.1579908E-01  0.5351022E-02  0.8798363E-02  0.5347856E-02  0.9066416E-04  0.3164777E-05  0.6910051E-02  0.0000000E+00  0.0000000E+00  0.7396903E-09
  0.50000  0.24063  0.08604  0.09680  0.1582037E-01  0.5358430E-02  0.8809146E-02  0.5355277E-02  0.9060747E-04  0.3152661E-05  0.6920613E-02  0.0000000E+00  0.0000000E+00  0.6955547E-09
  0.50000  0.24061  0.08614  0.09690  0.1584163E-01  0.5365833E-02  0.8819915E-02  0.5362691E-02  0.9055607E-04  0.3140982E-05  0.6931161E-02  0.0000000E+00  0.0000000E+00  0.6539599E-09
  0.50000  0.24059  0.08624  0.09700  0.1586288E-01  0.5373230E-02  0.8830670E-02  0.5370100E-02  0.9050971E-04  0.3129716E-05  0.6941697E-02  0.0000000E+00  0.0000000E+00  0.6147655E-09
  0.50000  0.24057  0.08634  0.09710  0.1588410E-01  0.5380622E-02  0.8841409E-02  0.5377503E-02  0.9046814E-04  0.3118844E-05  0.6952220E-02  0.0000000E+00  0.0000000E+00  0.5778383E-09
  0.50000  0.24055  0.08644  0.09720  0.1590530E-01  0.5388009E-02  0.8852135E-02  0.5384900E-02  0.9043114E-04  0.3108345E-05  0.6962730E-02  0.0000000E+00  0.0000000E+00  0.5430523E-09
  0.50000  0.24053  0.08654  0.09730  0.1592647E-01  0.5395390E-02  0.8862845E-02  0.5392291E-02  0.9039852E-04  0.3098202E-05  0.6973227E-02  0.0000000E+00  0.0000000E+00  0.5102881E-09
  0.50000  0.24051  0.08664  0.09740  0.1594762E-01  0.5402765E-02  0.8873541E-02  0.5399676E-02  0.9037008E-04  0.3088399E-05  0.6983711E-02  0.0000000E+00  0.0000000E+00  0.4794328E-09
  0.50000  0.24049  0.08674  0.09750  0.1596875E-01  0.5410135E-02  0.8884222E-02  0.5407056E-02  0.9034564E-04  0.3078919E-05  0.6994181E-02  0.0000000E+00  0.0000000E+00  0.4503794E-09
  0.50000  0.24047  0.08684  0.09760  0.1598985E-01  0.5417499E-02  0.8894889E-02  0.5414429E-02  0.9032504E-04  0.3069749E-05  0.7004638E-02  0.0000000E+00  0.0000000E+00  0.4230267E-09
  0.50000  0.24045  0.08694  0.09770  0.1601093E-01  0.5424858E-02  0.8905540E-02  0.5421797E-02  0.9030813E-04  0.3060874E-05  0.7015082E-02  0.0000000E+00  0.0000000E+00  0.3972789E-09
  0.50000  0.24044  0.08705  0.09780  0.1603198E-01  0.5432211E-02  0.8916177E-02  0.5429158E-02  0.9029475E-04  0.3052283E-05  0.7025512E-02  0.0000000E+00  0.0000000E+00  0.3730454E-09
  0.50000  0.24042  0.08715  0.09790  0.1605301E-01  0.5439558E-02  0.8926799E-02  0.5436514E-02  0.9028478E-04  0.3043962E-05  0.7035928E-02  0.0000000E+00  0.0000000E+00  0.3502405E-09
  0.50000  0.24040  0.08725  0.09800  0.1607401E-01  0.5446900E-02  0.8937406E-02  0.5443863E-02  0.9027808E-04  0.3035901E-05  0.7046331E-02  0.0000000E+00  0.0000000E+00  0.3287832E-09
  0.50000  0.24038  0.08735  0.09810  0.1609499E-01  0.5454235E-02  0.8947998E-02  0.5451207E-02  0.9027455E-04  0.3028090E-05  0.7056720E-02  0.0000000E+00  0.0000000E+00  0.3085966E-09
  0.50000  0.24036  0.08745  0.09820  0.1611594E-01  0.5461565E-02  0.8958575E-02  0.5458544E-02  0.9027405E-04  0.3020518E-05  0.7067095E-02  0.0000000E+00  0.0000000E+00  0.2896085E-09
  0.50000  0.24034  0.08755  0.09830  0.1613687E-01  0.5468889E-02  0.8969137E-02  0.5465875E-02  0.9027649E-04  0.3013177E-05  0.7077457E-02  0.0000000E+00  0.0000000E+00  0.2717502E-09
  0.50000  0.24032  0.08765  0.09840  0.1615777E-01  0.5476207E-02  0.8979684E-02  0.5473200E-02  0.9028177E-04  0.3006057E-05  0.7087804E-02  0.0000000E+00  0.0000000E+00  0.2549570E-09
  0.50000  0.24030  0.08775  0.09850  0.1617864E-01  0.5483519E-02  0.8990216E-02  0.5480519E-02  0.9028980E-04  0.2999150E-05  0.7098137E-02  0.0000000E+00  0.0000000E+00  0.2391677E-09
  0.50000  0.24028  0.08785  0.09860  0.1619949E-01  0.5490825E-02  0.9000733E-02  0.5487832E-02  0.9030047E-04  0.2992449E-05  0.7108457E-02  0.0000000E+00  0.0000000E+00  0.2243244E-09
  0.50000  0.24026  0.08795  0.09870  0.1622031E-01  0.5498125E-02  0.9011234E-02  0.5495139E-02  0.9031372E-04  0.2985945E-05  0.7118762E-02  0.0000000E+00  0.0000000E+00  0.2103725E-09
  0.50000  0.24024  0.08805  0.09880  0.1624110E-01  0.5505419E-02  0.9021720E-02  0.5502439E-02  0.9032945E-04  0.2979633E-05  0.7129052E-02  0.0000000E+00  0.0000000E+00  0.1972603E-09
  0.50000  0.24022  0.08815  0.09890  0.1626187E-01  0.5512707E-02  0.9032192E-02  0.5509733E-02  0.9034759E-04  0.2973504E-05  0.7139329E-02  0.0000000E+00  0.0000000E+00  0.1849393E-09
  0.50000  0.24020  0.08826  0.09900  0.1628261E-01  0.5519989E-02  0.9042647E-02  0.5517021E-02  0.9036808E-04  0.2967554E-05  0.7149591E-02  0.0000000E+00  0.0000000E+00  0.1733632E-09
  0.50000  0.24018  0.08836  0.09910  0.1630332E-01  0.5527264E-02  0.9053088E-02  0.5524302E-02  0.9039084E-04  0.2961775E-05  0.7159838E-02  0.0000000E+00  0.0000000E+00  0.1624887E-09
  0.50000  0.24016  0.08846  0.09920  0.1632400E-01  0.5534534E-02  0.9063513E-02  0.5531578E-02  0.9041581E-04  0.2956163E-05  0.7170071E-02  0.0000000E+00  0.0000000E+00  0.1522748E-09
  0.50000  0.24014  0.08856  0.09930  0.1634465E-01  0.5541797E-02  0.9073922E-02  0.5538846E-02  0.9044292E-04  0.2950712E-05  0.7180289E-02  0.0000000E+00  0.0000000E+00  0.1426827E-09
  0.50000  0.24012  0.08866  0.09940  0.1638501E-01  0.5550667E-02  0.9084317E-02  0.5546109E-02  0.1101976E-03  0.4558110E-05  0.7190493E-02  0.0000000E+00  0.0000000E+00  0.1336758E-09
  0.50000  0.24010  0.08876  0.09950  0.1640525E-01  0.5557881E-02  0.9094695E-02  0.5553365E-02  0.1098756E-03  0.4516373E-05  0.7200681E-02  0.0000000E+00  0.0000000E+00  0.1252198E-09
  0.50000  0.24008  0.08886  0.09960  0.1642549E-01  0.5565092E-02  0.9105059E-02  0.5560615E-02  0.1095805E-03  0.4477267E-05  0.7210855E-02  0.0000000E+00  0.0000000E+00  0.1172820E-09
  0.50000  0.24006  0.08896  0.09970  0.1644573E-01  0.5572298E-02  0.9115406E-02  0.5567858E-02  0.1093097E-03  0.4440530E-05  0.7221014E-02  0.0000000E+00  0.0000000E+00  0.1098319E-09
  0.50000  0.24004  0.08906  0.09980  0.1646596E-01  0.5579501E-02  0.9125738E-02  0.5575095E-02  0.1090608E-03  0.4405933E-05  0.7231157E-02  0.0000000E+00  0.0000000E+00  0.1028404E-09
  0.50000  0.24002  0.08916  0.09990  0.1648617E-01  0.5586698E-02  0.9136055E-02  0.5582325E-02  0.1088318E-03  0.4373278E-05  0.7241286E-02  0.0000000E+00  0.0000000E+00  0.9628038E-10
  0.50000  0.24000  0.08926  0.10000  0.1650638E-01  0.5593891E-02  0.9146355E-02  0.5589549E-02  0.1086210E-03  0.4342392E-05  0.7251399E-02  0.0000000E+00  0.0000000E+00  0.9012600E-10
  0.50000  0.23998  0.08937  0.10010  0.1652656E-01  0.5601079E-02  0.9156640E-02  0.5596766E-02  0.1084269E-03  0.4313125E-05  0.7261497E-02  0.0000000E+00  0.0000000E+00  0.8435306E-10
  0.50000  0.23996  0.08947  0.10020  0.1654674E-01  0.5608262E-02  0.9166910E-02  0.5603977E-02  0.1082480E-03  0.4285342E-05  0.7271580E-02  0.0000000E+00  0.0000000E+00  0.7893872E-10
  0.50000  0.23994  0.08957  0.10030  0.1656689E-01  0.5615440E-02  0.9177163E-02  0.5611181E-02  0.1080834E-03  0.4258927E-05  0.7281647E-02  0.0000000E+00  0.0000000E+00  0.7386143E-10
  0.50000  0.23992  0.08967  0.10040  0.1658703E-01  0.5622612E-02  0.9187401E-02  0.5618378E-02  0.1079318E-03  0.4233773E-05  0.7291699E-02  0.0000000E+00  0.0000000E+00  0.6910091E-10
  0.50000  0.23990  0.08977  0.10050  0.1660715E-01  0.5629779E-02  0.9197623E-02  0.5625569E-02  0.1077923E-03  0.4209788E-05  0.7301735E-02  0.0000000E+00  0.0000000E+00  0.6463806E-10
  0.50000  0.23988  0.08987  0.10060  0.1662725E-01  0.5636940E-02  0.9207829E-02  0.5632753E-02  0.1076642E-03  0.4186887E-05  0.7311756E-02  0.0000000E+00  0.0000000E+00  0.6045486E-10
  0.50000  0.23986  0.08997  0.10070  0.1664733E-01  0.5644096E-02  0.9218019E-02  0.5639931E-02  0.1075465E-03  0.4164996E-05  0.7321760E-02  0.0000000E+00  0.0000000E+00  0.5653438E-10
  0.50000  0.23984  0.09007  0.10080  0.1666738E-01  0.5651246E-02  0.9228193E-02  0.5647102E-02  0.1074387E-03  0.4144046E-05  0.7331749E-02  0.0000000E+00  0.0000000E+00  0.5286064E-10
  0.50000  0.23982  0.09017  0.10090  0.1668741E-01  0.5658390E-02  0.9238351E-02  0.5654266E-02  0.1073402E-03  0.4123975E-05  0.7341722E-02  0.0000000E+00  0.0000000E+00  0.4941862E-10
  0.50000  0.23980  0.09027  0.10100  0.1670742E-01  0.5665528E-02  0.9248493E-02  0.5661423E-02  0.1072503E-03  0.4104728E-05  0.7351679E-02  0.0000000E+00  0.0000000E+00  0.4619418E-10
  0.50000  0.23978  0.09037  0.10110  0.1672741E-01  0.5672660E-02  0.9258619E-02  0.5668574E-02  0.1071685E-03  0.4086253E-05  0.7361620E-02  0.0000000E+00  0.0000000E+00  0.4317401E-10
  0.50000  0.23976  0.09048  0.10120  0.1674737E-01  0.5679786E-02  0.9268728E-02  0.5675718E-02  0.1070944E-03  0.4068506E-05  0.7371545E-02  0.0000000E+00  0.0000000E+00  0.4034557E-10
  0.50000  0.23974  0.09058  0.10130  0.1676730E-01  0.5686906E-02  0.9278822E-02  0.5682855E-02  0.1070276E-03  0.4051442E-05  0.7381454E-02  0.0000000E+00  0.0000000E+00  0.3769709E-10
  0.50000  0.23972  0.09068  0.10140  0.1678721E-01  0.5694020E-02  0.9288900E-02  0.5689985E-02  0.1069677E-03  0.4035024E-05  0.7391347E-02  0.0000000E+00  0.0000000E+00  0.3521747E-10
  0.50000  0.23970  0.09078  0.10150  0.1680710E-01  0.5701127E-02  0.9298961E-02  0.5697108E-02  0.1069143E-03  0.4019216E-05  0.7401223E-02  0.0000000E+00  0.0000000E+00  0.3289629E-10
  0.50000  0.23968  0.09088  0.10160  0.1682696E-01  0.5708228E-02  0.9309006E-02  0.5704224E-02  0.1068670E-03  0.4003984E-05  0.7411082E-02  0.0000000E+00  0.0000000E+00  0.3072374E-10
  0.50000  0.23966  0.09098  0.10170  0.1684679E-01  0.5715323E-02  0.9319034E-02  0.5711334E-02  0.1068256E-03  0.3989299E-05  0.7420926E-02  0.0000000E+00  0.0000000E+00  0.2869060E-10
  0.50000  0.23964  0.09108  0.10180  0.1686659E-01  0.5722412E-02  0.9329047E-02  0.5718437E-02  0.1067898E-03  0.3975132E-05  0.7430752E-02  0.0000000E+00  0.0000000E+00  0.2678821E-10
  0.50000  0.23962  0.09118  0.10190  0.1688636E-01  0.5729494E-02  0.9339043E-02  0.5725532E-02  0.1067594E-03  0.3961458E-05  0.7440562E-02  0.0000000E+00  0.0000000E+00  0.2500841E-10
  0.50000  0.23960  0.09128  0.10200  0.1690611E-01  0.5736569E-02  0.9349022E-02  0.5732621E-02  0.1067340E-03  0.3948252E-05  0.7450355E-02  0.0000000E+00  0.0000000E+00  0.2334355E-10
  0.50000  0.23958  0.09138  0.10210  0.1692583E-01  0.5743638E-02  0.9358985E-02  0.5739702E-02  0.1067135E-03  0.3935491E-05  0.7460132E-02  0.0000000E+00  0.0000000E+00  0.2178643E-10
  0.50000  0.23956  0.09148  0.10220  0.1694552E-01  0.5750700E-02  0.9368932E-02  0.5746777E-02  0.1066976E-03  0.3923156E-05  0.7469891E-02  0.0000000E+00  0.0000000E+00  0.2033030E-10
  0.50000  0.23953  0.09159  0.10230  0.1696518E-01  0.5757756E-02  0.9378862E-02  0.5753845E-02  0.1066862E-03  0.3911227E-05  0.7479634E-02  0.0000000E+00  0.0000000E+00  0.1896880E-10
  0.50000  0.23951  0.09169  0.10240  0.1698481E-01  0.5764805E-02  0.9388776E-02  0.5760905E-02  0.1066791E-03  0.3899685E-05  0.7489360E-02  0.0000000E+00  0.0000000E+00  0.1769597E-10
  0.50000  0.23949  0.09179  0.10250  0.1700442E-01  0.5771847E-02  0.9398673E-02  0.5767958E-02  0.1066761E-03  0.3888514E-05  0.7499068E-02  0.0000000E+00  0.0000000E+00  0.1650620E-10
  0.50000  0.23947  0.09189  0.10260  0.1702399E-01  0.5778882E-02  0.9408553E-02  0.5775005E-02  0.1066770E-03  0.3877698E-05  0.7508760E-02  0.0000000E+00  0.0000000E+00  0.1539424E-10
  0.50000  0.23945  0.09199  0.10270  0.1704353E-01  0.5785911E-02  0.9418417E-02  0.5782044E-02  0.1066817E-03  0.3867221E-05  0.7518434E-02  0.0000000E+00  0.0000000E+00  0.1435516E-10
  0.50000  0.23943  0.09209  0.10280  0.1706304E-01  0.5792933E-02  0.9428263E-02  0.5789076E-02  0.1066901E-03  0.3857070E-05  0.7528090E-02  0.0000000E+00  0.0000000E+00  0.1338431E-10
  0.50000  0.23941  0.09219  0.10290  0.1708253E-01  0.5799948E-02  0.9438094E-02  0.5796100E-02  0.1067020E-03  0.3847232E-05  0.7537730E-02  0.0000000E+00  0.0000000E+00  0.1247735E-10
  0.50000  0.23939  0.09229  0.10300  0.1710198E-01  0.5806956E-02  0.9447907E-02  0.5803118E-02  0.1067172E-03  0.3837694E-05  0.7547352E-02  0.0000000E+00  0.0000000E+00  0.1163020E-10
  0.50000  0.23937  0.09239  0.10310  0.1712140E-01  0.5813957E-02  0.9457704E-02  0.5810128E-02  0.1067358E-03  0.3828445E-05  0.7556956E-02  0.0000000E+00  0.0000000E+00  0.1083903E-10
  0.50000  0.23935  0.09249  0.10320  0.1714078E-01  0.5820951E-02  0.9467484E-02  0.5817131E-02  0.1067575E-03  0.3819473E-05  0.7566543E-02  0.0000000E+00  0.0000000E+00  0.1010025E-10
  0.50000  0.23933  0.09259  0.10330  0.1716014E-01  0.5827938E-02  0.9477247E-02  0.5824127E-02  0.1067823E-03  0.3810769E-05  0.7576112E-02  0.0000000E+00  0.0000000E+00  0.9410489E-11
  0.50000  0.23931  0.09270  0.10340  0.1717947E-01  0.5834918E-02  0.9486993E-02  0.5831115E-02  0.1068101E-03  0.3802322E-05  0.7585663E-02  0.0000000E+00  0.0000000E+00  0.8766588E-11
  0.50000  0.23929  0.09280  0.10350  0.1719876E-01  0.5841891E-02  0.9496722E-02  0.5838097E-02  0.1068407E-03  0.3794124E-05  0.7595197E-02  0.0000000E+00  0.0000000E+00  0.8165586E-11
  0.50000  0.23927  0.09290  0.10360  0.1721802E-01  0.5848857E-02  0.9506434E-02  0.5845070E-02  0.1068741E-03  0.3786165E-05  0.7604712E-02  0.0000000E+00  0.0000000E+00  0.7604708E-11
  0.50000  0.23925  0.09300  0.10370  0.1723725E-01  0.5855815E-02  0.9516129E-02  0.5852037E-02  0.1069102E-03  0.3778437E-05  0.7614210E-02  0.0000000E+00  0.0000000E+00  0.7081350E-11
  0.50000  0.23923  0.09310  0.10380  0.1725645E-01  0.5862767E-02  0.9525807E-02  0.5858996E-02  0.1069490E-03  0.3770933E-05  0.7623689E-02  0.0000000E+00  0.0000000E+00  0.6593075E-11
  0.50000  0.23920  0.09320  0.10390  0.1727561E-01  0.5869711E-02  0.9535468E-02  0.5865947E-02  0.1069903E-03  0.3763644E-05  0.7633151E-02  0.0000000E+00  0.0000000E+00  0.6137596E-11
  0.50000  0.23918  0.09330  0.10400  0.1729474E-01  0.5876648E-02  0.9545112E-02  0.5872891E-02  0.1070340E-03  0.3756564E-05  0.7642594E-02  0.0000000E+00  0.0000000E+00  0.5712773E-11
  0.50000  0.23916  0.09340  0.10410  0.1731384E-01  0.5883578E-02  0.9554738E-02  0.5879828E-02  0.1070802E-03  0.3749685E-05  0.7652019E-02  0.0000000E+00  0.0000000E+00  0.5316601E-11
  0.50000  0.23914  0.09350  0.10420  0.1735458E-01  0.5892481E-02  0.9564348E-02  0.5886757E-02  0.1288048E-03  0.5724241E-05  0.7661425E-02  0.0000000E+00  0.0000000E+00  0.4947200E-11
  0.50000  0.23912  0.09360  0.10430  0.1737323E-01  0.5899352E-02  0.9573940E-02  0.5893679E-02  0.1284745E-03  0.5673067E-05  0.7670814E-02  0.0000000E+00  0.0000000E+00  0.4602812E-11
  0.50000  0.23910  0.09370  0.10440  0.1739187E-01  0.5906218E-02  0.9583515E-02  0.5900593E-02  0.1281732E-03  0.5625086E-05  0.7680183E-02  0.0000000E+00  0.0000000E+00  0.4281791E-11
  0.50000  0.23908  0.09381  0.10450  0.1741050E-01  0.5913079E-02  0.9593072E-02  0.5907499E-02  0.1278980E-03  0.5579980E-05  0.7689534E-02  0.0000000E+00  0.0000000E+00  0.3982593E-11
  0.50000  0.23906  0.09391  0.10460  0.1742913E-01  0.5919936E-02  0.9602612E-02  0.5914398E-02  0.1276465E-03  0.5537474E-05  0.7698867E-02  0.0000000E+00  0.0000000E+00  0.3703777E-11
  0.50000  0.23904  0.09401  0.10470  0.1744773E-01  0.5926787E-02  0.9612135E-02  0.5921289E-02  0.1274165E-03  0.5497331E-05  0.7708180E-02  0.0000000E+00  0.0000000E+00  0.3443992E-11
  0.50000  0.23902  0.09411  0.10480  0.1746632E-01  0.5933632E-02  0.9621641E-02  0.5928173E-02  0.1272062E-03  0.5459343E-05  0.7717475E-02  0.0000000E+00  0.0000000E+00  0.3201974E-11
  0.50000  0.23900  0.09421  0.10490  0.1748489E-01  0.5940472E-02  0.9631129E-02  0.5935049E-02  0.1270139E-03  0.5423326E-05  0.7726751E-02  0.0000000E+00  0.0000000E+00  0.2976540E-11
  0.50000  0.23897  0.09431  0.10500  0.1750345E-01  0.5947306E-02  0.9640599E-02  0.5941917E-02  0.1268383E-03  0.5389121E-05  0.7736009E-02  0.0000000E+00  0.0000000E+00  0.2766586E-11
  0.50000  0.23895  0.09441  0.10510  0.1752198E-01  0.5954134E-02  0.9650052E-02  0.5948778E-02  0.1266780E-03  0.5356583E-05  0.7745247E-02  0.0000000E+00  0.0000000E+00  0.2571076E-11
  0.50000  0.23893  0.09451  0.10520  0.1754049E-01  0.5960956E-02  0.9659488E-02  0.5955631E-02  0.1265319E-03  0.5325586E-05  0.7754466E-02  0.0000000E+00  0.0000000E+00  0.2389043E-11
  0.50000  0.23891  0.09461  0.10530  0.1755897E-01  0.5967772E-02  0.9668905E-02  0.5962476E-02  0.1263989E-03  0.5296017E-05  0.7763666E-02  0.0000000E+00  0.0000000E+00  0.2219583E-11
  0.50000  0.23889  0.09471  0.10540  0.1757743E-01  0.5974581E-02  0.9678306E-02  0.5969313E-02  0.1262783E-03  0.5267773E-05  0.7772846E-02  0.0000000E+00  0.0000000E+00  0.2061850E-11
  0.50000  0.23887  0.09482  0.10550  0.1759587E-01  0.5981383E-02  0.9687688E-02  0.5976143E-02  0.1261691E-03  0.5240764E-05  0.7782008E-02  0.0000000E+00  0.0000000E+00  0.1915055E-11
  0.50000  0.23885  0.09492  0.10560  0.1761427E-01  0.5988179E-02  0.9697053E-02  0.5982964E-02  0.1260706E-03  0.5214907E-05  0.7791150E-02  0.0000000E+00  0.0000000E+00  0.1778459E-11
  0.50000  0.23883  0.09502  0.10570  0.1763265E-01  0.5994968E-02  0.9706400E-02  0.5989778E-02  0.1259822E-03  0.5190127E-05  0.7800272E-02  0.0000000E+00  0.0000000E+00  0.1651371E-11
  0.50000  0.23881  0.09512  0.10580  0.1765101E-01  0.6001750E-02  0.9715730E-02  0.5996584E-02  0.1259032E-03  0.5166357E-05  0.7809376E-02  0.0000000E+00  0.0000000E+00  0.1533147E-11
  0.50000  0.23879  0.09522  0.10590  0.1766933E-01  0.6008526E-02  0.9725041E-02  0.6003382E-02  0.1258331E-03  0.5143534E-05  0.7818459E-02  0.0000000E+00  0.0000000E+00  0.1423185E-11
  0.50000  0.23876  0.09532  0.10600  0.1768763E-01  0.6015294E-02  0.9734335E-02  0.6010172E-02  0.1257714E-03  0.5121601E-05  0.7827523E-02  0.0000000E+00  0.0000000E+00  0.1320922E-11
  0.50000  0.23874  0.09542  0.10610  0.1770590E-01  0.6022055E-02  0.9743611E-02  0.6016955E-02  0.1257177E-03  0.5100508E-05  0.7836567E-02  0.0000000E+00  0.0000000E+00  0.1225833E-11
  0.50000  0.23872  0.09552  0.10620  0.1772413E-01  0.6028809E-02  0.9752868E-02  0.6023729E-02  0.1256714E-03  0.5080208E-05  0.7845592E-02  0.0000000E+00  0.0000000E+00  0.1137428E-11
  0.50000  0.23870  0.09562  0.10630  0.1774234E-01  0.6035556E-02  0.9762108E-02  0.6030495E-02  0.1256323E-03  0.5060655E-05  0.7854596E-02  0.0000000E+00  0.0000000E+00  0.1055249E-11
  0.50000  0.23868  0.09572  0.10640  0.1776051E-01  0.6042295E-02  0.9771330E-02  0.6037253E-02  0.1255999E-03  0.5041812E-05  0.7863581E-02  0.0000000E+00  0.0000000E+00  0.9788680E-12
  0.50000  0.23866  0.09582  0.10650  0.1777865E-01  0.6049027E-02  0.9780534E-02  0.6044003E-02  0.1255740E-03  0.5023639E-05  0.7872545E-02  0.0000000E+00  0.0000000E+00  0.9078868E-12
  0.50000  0.23864  0.09593  0.10660  0.1779676E-01  0.6055752E-02  0.9789720E-02  0.6050746E-02  0.1255542E-03  0.5006104E-05  0.7881490E-02  0.0000000E+00  0.0000000E+00  0.8419331E-12
  0.50000  0.23862  0.09603  0.10670  0.1781484E-01  0.6062469E-02  0.9798888E-02  0.6057480E-02  0.1255403E-03  0.4989175E-05  0.7890414E-02  0.0000000E+00  0.0000000E+00  0.7806599E-12
  0.50000  0.23859  0.09613  0.10680  0.1783289E-01  0.6069178E-02  0.9808038E-02  0.6064206E-02  0.1255319E-03  0.4972821E-05  0.7899319E-02  0.0000000E+00  0.0000000E+00  0.7237431E-12
  0.50000  0.23857  0.09623  0.10690  0.1785090E-01  0.6075880E-02  0.9817169E-02  0.6070923E-02  0.1255289E-03  0.4957016E-05  0.7908202E-02  0.0000000E+00  0.0000000E+00  0.6708807E-12
  0.50000  0.23855  0.09633  0.10700  0.1786888E-01  0.6082575E-02  0.9826283E-02  0.6077633E-02  0.1255310E-03  0.4941735E-05  0.7917066E-02  0.0000000E+00  0.0000000E+00  0.6217912E-12
  0.50000  0.23853  0.09643  0.10710  0.1788682E-01  0.6089261E-02  0.9835378E-02  0.6084334E-02  0.1255380E-03  0.4926953E-05  0.7925909E-02  0.0000000E+00  0.0000000E+00  0.5762118E-12
  0.50000  0.23851  0.09653  0.10720  0.1790474E-01  0.6095940E-02  0.9844455E-02  0.6091028E-02  0.1255496E-03  0.4912648E-05  0.7934732E-02  0.0000000E+00  0.0000000E+00  0.5338976E-12
  0.50000  0.23849  0.09663  0.10730  0.1792261E-01  0.6102611E-02  0.9853513E-02  0.6097713E-02  0.1255658E-03  0.4898799E-05  0.7943534E-02  0.0000000E+00  0.0000000E+00  0.4946206E-12
  0.50000  0.23847  0.09673  0.10740  0.1794046E-01  0.6109275E-02  0.9862553E-02  0.6104389E-02  0.1255864E-03  0.4885388E-05  0.7952316E-02  0.0000000E+00  0.0000000E+00  0.4581680E-12
  0.50000  0.23844  0.09683  0.10750  0.1795826E-01  0.6115930E-02  0.9871575E-02  0.6111058E-02  0.1256111E-03  0.4872396E-05  0.7961076E-02  0.0000000E+00  0.0000000E+00  0.4243416E-12
  0.50000  0.23842  0.09694  0.10760  0.1797603E-01  0.6122578E-02  0.9880579E-02  0.6117718E-02  0.1256399E-03  0.4859805E-05  0.7969816E-02  0.0000000E+00  0.0000000E+00  0.3929567E-12
  0.50000  0.23840  0.09704  0.10770  0.1799377E-01  0.6129218E-02  0.9889564E-02  0.6124370E-02  0.1256725E-03  0.4847600E-05  0.7978536E-02  0.0000000E+00  0.0000000E+00  0.3638415E-12
  0.50000  0.23838  0.09714  0.10780  0.1801147E-01  0.6135849E-02  0.9898530E-02  0.6131013E-02  0.1257089E-03  0.4835765E-05  0.7987234E-02  0.0000000E+00  0.0000000E+00  0.3368356E-12
  0.50000  0.23836  0.09724  0.10790  0.1802914E-01  0.6142473E-02  0.9907478E-02  0.6137649E-02  0.1257490E-03  0.4824287E-05  0.7995911E-02  0.0000000E+00  0.0000000E+00  0.3117900E-12
  0.50000  0.23834  0.09734  0.10800  0.1804677E-01  0.6149088E-02  0.9916408E-02  0.6144275E-02  0.1257925E-03  0.4813151E-05  0.8004568E-02  0.0000000E+00  0.0000000E+00  0.2885656E-12
  0.50000  0.23831  0.09744  0.10810  0.1806436E-01  0.6155696E-02  0.9925319E-02  0.6150894E-02  0.1258394E-03  0.4802345E-05  0.8013203E-02  0.0000000E+00  0.0000000E+00  0.2670332E-12
  0.50000  0.23829  0.09754  0.10820  0.1808192E-01  0.6162295E-02  0.9934211E-02  0.6157504E-02  0.1258896E-03  0.4791858E-05  0.8021817E-02  0.0000000E+00  0.0000000E+00  0.2470725E-12
  0.50000  0.23827  0.09764  0.10830  0.1809944E-01  0.6168887E-02  0.9943085E-02  0.6164105E-02  0.1259430E-03  0.4781676E-05  0.8030410E-02  0.0000000E+00  0.0000000E+00  0.2285713E-12
  0.50000  0.23825  0.09774  0.10840  0.1811692E-01  0.6175470E-02  0.9951940E-02  0.6170698E-02  0.1259995E-03  0.4771791E-05  0.8038981E-02  0.0000000E+00  0.0000000E+00  0.2114255E-12
  0.50000  0.23823  0.09784  0.10850  0.1813437E-01  0.6182044E-02  0.9960776E-02  0.6177282E-02  0.1260589E-03  0.4762191E-05  0.8047531E-02  0.0000000E+00  0.0000000E+00  0.1955381E-12
  0.50000  0.23821  0.09794  0.10860  0.1815177E-01  0.6188611E-02  0.9969593E-02  0.6183858E-02  0.1261213E-03  0.4752867E-05  0.8056060E-02  0.0000000E+00  0.0000000E+00  0.1808188E-12
  0.50000  0.23818  0.09805  0.10870  0.1816915E-01  0.6195169E-02  0.9978392E-02  0.6190425E-02  0.1261865E-03  0.4743810E-05  0.8064567E-02  0.0000000E+00  0.0000000E+00  0.1671838E-12
  0.50000  0.23816  0.09815  0.10880  0.1818648E-01  0.6201719E-02  0.9987172E-02  0.6196984E-02  0.1262545E-03  0.4735011E-05  0.8073052E-02  0.0000000E+00  0.0000000E+00  0.1545550E-12
  0.50000  0.23814  0.09825  0.10890  0.1822786E-01  0.6210723E-02  0.9995933E-02  0.6203534E-02  0.1504116E-03  0.7189063E-05  0.8081516E-02  0.0000000E+00  0.0000000E+00  0.1428598E-12
  0.50000  0.23812  0.09835  0.10900  0.1824468E-01  0.6217199E-02  0.1000468E-01  0.6210076E-02  0.1500504E-03  0.7123446E-05  0.8089959E-02  0.0000000E+00  0.0000000E+00  0.1320309E-12
  0.50000  0.23810  0.09845  0.10910  0.1826150E-01  0.6223671E-02  0.1001340E-01  0.6216608E-02  0.1497230E-03  0.7062016E-05  0.8098379E-02  0.0000000E+00  0.0000000E+00  0.1220055E-12
  0.50000  0.23808  0.09855  0.10920  0.1827831E-01  0.6230137E-02  0.1002210E-01  0.6223133E-02  0.1494261E-03  0.7004345E-05  0.8106778E-02  0.0000000E+00  0.0000000E+00  0.1127253E-12
  0.50000  0.23805  0.09865  0.10930  0.1829510E-01  0.6236598E-02  0.1003079E-01  0.6229648E-02  0.1491566E-03  0.6950065E-05  0.8115154E-02  0.0000000E+00  0.0000000E+00  0.1041362E-12
  0.50000  0.23803  0.09875  0.10940  0.1831188E-01  0.6243054E-02  0.1003945E-01  0.6236155E-02  0.1489120E-03  0.6898859E-05  0.8123509E-02  0.0000000E+00  0.0000000E+00  0.9618787E-13
  0.50000  0.23801  0.09885  0.10950  0.1832863E-01  0.6249503E-02  0.1004810E-01  0.6242653E-02  0.1486902E-03  0.6850450E-05  0.8131842E-02  0.0000000E+00  0.0000000E+00  0.8883359E-13
  0.50000  0.23799  0.09895  0.10960  0.1834537E-01  0.6255946E-02  0.1005673E-01  0.6249142E-02  0.1484893E-03  0.6804596E-05  0.8140152E-02  0.0000000E+00  0.0000000E+00  0.8202994E-13
  0.50000  0.23797  0.09906  0.10970  0.1836209E-01  0.6262383E-02  0.1006534E-01  0.6255622E-02  0.1483074E-03  0.6761084E-05  0.8148441E-02  0.0000000E+00  0.0000000E+00  0.7573661E-13
  0.50000  0.23794  0.09916  0.10980  0.1837878E-01  0.6268813E-02  0.1007393E-01  0.6262094E-02  0.1481432E-03  0.6719727E-05  0.8156707E-02  0.0000000E+00  0.0000000E+00  0.6991617E-13
  0.50000  0.23792  0.09926  0.10990  0.1839544E-01  0.6275237E-02  0.1008250E-01  0.6268556E-02  0.1479953E-03  0.6680356E-05  0.8164950E-02  0.0000000E+00  0.0000000E+00  0.6453387E-13
  0.50000  0.23790  0.09936  0.11000  0.1841208E-01  0.6281653E-02  0.1009105E-01  0.6275010E-02  0.1478626E-03  0.6642823E-05  0.8173172E-02  0.0000000E+00  0.0000000E+00  0.5955744E-13
  0.50000  0.23788  0.09946  0.11010  0.1842870E-01  0.6288062E-02  0.1009958E-01  0.6281455E-02  0.1477438E-03  0.6606994E-05  0.8181371E-02  0.0000000E+00  0.0000000E+00  0.5495695E-13
  0.50000  0.23786  0.09956  0.11020  0.1844528E-01  0.6294464E-02  0.1010809E-01  0.6287891E-02  0.1476382E-03  0.6572751E-05  0.8189547E-02  0.0000000E+00  0.0000000E+00  0.5070461E-13
  0.50000  0.23783  0.09966  0.11030  0.1846183E-01  0.6300858E-02  0.1011659E-01  0.6294318E-02  0.1475449E-03  0.6539984E-05  0.8197701E-02  0.0000000E+00  0.0000000E+00  0.4677466E-13
  0.50000  0.23781  0.09976  0.11040  0.1847836E-01  0.6307244E-02  0.1012506E-01  0.6300736E-02  0.1474630E-03  0.6508597E-05  0.8205833E-02  0.0000000E+00  0.0000000E+00  0.4314317E-13
  0.50000  0.23779  0.09986  0.11050  0.1849485E-01  0.6313623E-02  0.1013352E-01  0.6307145E-02  0.1473919E-03  0.6478502E-05  0.8213941E-02  0.0000000E+00  0.0000000E+00  0.3978796E-13
  0.50000  0.23777  0.09996  0.11060  0.1851131E-01  0.6319995E-02  0.1014195E-01  0.6313545E-02  0.1473309E-03  0.6449618E-05  0.8222027E-02  0.0000000E+00  0.0000000E+00  0.3668848E-13
  0.50000  0.23775  0.10007  0.11070  0.1852774E-01  0.6326358E-02  0.1015037E-01  0.6319936E-02  0.1472795E-03  0.6421872E-05  0.8230090E-02  0.0000000E+00  0.0000000E+00  0.3382563E-13
  0.50000  0.23772  0.10017  0.11080  0.1854413E-01  0.6332713E-02  0.1015876E-01  0.6326318E-02  0.1472371E-03  0.6395196E-05  0.8238130E-02  0.0000000E+00  0.0000000E+00  0.3118174E-13
  0.50000  0.23770  0.10027  0.11090  0.1856049E-01  0.6339060E-02  0.1016714E-01  0.6332691E-02  0.1472032E-03  0.6369531E-05  0.8246147E-02  0.0000000E+00  0.0000000E+00  0.2874042E-13
  0.50000  0.23768  0.10037  0.11100  0.1857682E-01  0.6345399E-02  0.1017550E-01  0.6339054E-02  0.1471775E-03  0.6344819E-05  0.8254142E-02  0.0000000E+00  0.0000000E+00  0.2648648E-13
  0.50000  0.23766  0.10047  0.11110  0.1859311E-01  0.6351730E-02  0.1018383E-01  0.6345409E-02  0.1471594E-03  0.6321009E-05  0.8262113E-02  0.0000000E+00  0.0000000E+00  0.2440582E-13
  0.50000  0.23763  0.10057  0.11120  0.1860936E-01  0.6358052E-02  0.1019215E-01  0.6351754E-02  0.1471487E-03  0.6298053E-05  0.8270061E-02  0.0000000E+00  0.0000000E+00  0.2248542E-13
  0.50000  0.23761  0.10067  0.11130  0.1862558E-01  0.6364366E-02  0.1020045E-01  0.6358090E-02  0.1471449E-03  0.6275908E-05  0.8277985E-02  0.0000000E+00  0.0000000E+00  0.2071318E-13
  0.50000  0.23759  0.10077  0.11140  0.1864176E-01  0.6370672E-02  0.1020873E-01  0.6364417E-02  0.1471477E-03  0.6254531E-05  0.8285887E-02  0.0000000E+00  0.0000000E+00  0.1907791E-13
  0.50000  0.23757  0.10087  0.11150  0.1865791E-01  0.6376969E-02  0.1021699E-01  0.6370735E-02  0.1471568E-03  0.6233886E-05  0.8293765E-02  0.0000000E+00  0.0000000E+00  0.1756925E-13
  0.50000  0.23755  0.10097  0.11160  0.1867402E-01  0.6383257E-02  0.1022523E-01  0.6377043E-02  0.1471721E-03  0.6213937E-05  0.8301620E-02  0.0000000E+00  0.0000000E+00  0.1617759E-13
  0.50000  0.23752  0.10108  0.11170  0.1869009E-01  0.6389537E-02  0.1023345E-01  0.6383342E-02  0.1471931E-03  0.6194651E-05  0.8309451E-02  0.0000000E+00  0.0000000E+00  0.1489404E-13
  0.50000  0.23750  0.10118  0.11180  0.1870612E-01  0.6395808E-02  0.1024164E-01  0.6389632E-02  0.1472196E-03  0.6175999E-05  0.8317259E-02  0.0000000E+00  0.0000000E+00  0.1371038E-13
  0.50000  0.23748  0.10128  0.11190  0.1872212E-01  0.6402071E-02  0.1024982E-01  0.6395913E-02  0.1472515E-03  0.6157951E-05  0.8325043E-02  0.0000000E+00  0.0000000E+00  0.1261900E-13
  0.50000  0.23746  0.10138  0.11200  0.1873807E-01  0.6408324E-02  0.1025798E-01  0.6402184E-02  0.1472885E-03  0.6140481E-05  0.8332803E-02  0.0000000E+00  0.0000000E+00  0.1161284E-13
  0.50000  0.23743  0.10148  0.11210  0.1875399E-01  0.6414569E-02  0.1026612E-01  0.6408446E-02  0.1473304E-03  0.6123565E-05  0.8340540E-02  0.0000000E+00  0.0000000E+00  0.1068539E-13
  0.50000  0.23741  0.10158  0.11220  0.1876987E-01  0.6420805E-02  0.1027424E-01  0.6414698E-02  0.1473771E-03  0.6107178E-05  0.8348253E-02  0.0000000E+00  0.0000000E+00  0.9830606E-14
  0.50000  0.23739  0.10168  0.11230  0.1878571E-01  0.6427032E-02  0.1028234E-01  0.6420941E-02  0.1474283E-03  0.6091299E-05  0.8355942E-02  0.0000000E+00  0.0000000E+00  0.9042918E-14
  0.50000  0.23737  0.10178  0.11240  0.1880151E-01  0.6433250E-02  0.1029042E-01  0.6427174E-02  0.1474840E-03  0.6075908E-05  0.8363608E-02  0.0000000E+00  0.0000000E+00  0.8317161E-14
  0.50000  0.23734  0.10188  0.11250  0.1881727E-01  0.6439459E-02  0.1029848E-01  0.6433398E-02  0.1475438E-03  0.6060985E-05  0.8371249E-02  0.0000000E+00  0.0000000E+00  0.7648564E-14
  0.50000  0.23732  0.10198  0.11260  0.1883299E-01  0.6445659E-02  0.1030652E-01  0.6439613E-02  0.1476078E-03  0.6046512E-05  0.8378866E-02  0.0000000E+00  0.0000000E+00  0.7032713E-14
  0.50000  0.23730  0.10209  0.11270  0.1884867E-01  0.6451850E-02  0.1031454E-01  0.6445818E-02  0.1476757E-03  0.6032471E-05  0.8386459E-02  0.0000000E+00  0.0000000E+00  0.0000000E+00
  0.50000  0.23728  0.10219  0.11280  0.1886431E-01  0.6458032E-02  0.1032254E-01  0.6452013E-02  0.1477475E-03  0.6018847E-05  0.8394029E-02  0.0000000E+00  0.0000000E+00  0.0000000E+00
  0.50000  0.23725  0.10229  0.11290  0.1887991E-01  0.6464204E-02  0.1033051E-01  0.6458199E-02  0.1478230E-03  0.6005624E-05  0.8401573E-02  0.0000000E+00  0.0000000E+00  0.0000000E+00
  0.50000  0.23723  0.10239  0.11300  0.1889547E-01  0.6470368E-02  0.1033847E-01  0.6464375E-02  0.1479021E-03  0.5992788E-05  0.8409094E-02  0.0000000E+00  0.0000000E+00  0.0000000E+00
  0.50000  0.23721  0.10249  0.11310  0.1891098E-01  0.6476522E-02  0.1034641E-01  0.6470541E-02  0.1479847E-03  0.5980325E-05  0.8416590E-02  0.0000000E+00  0.0000000E+00  0.0000000E+00
  0.50000  0.23719  0.10259  0.11320  0.1892646E-01  0.6482666E-02  0.1035433E-01  0.6476698E-02  0.1480707E-03  0.5968222E-05  0.8424062E-02  0.0000000E+00  0.0000000E+00  0.0000000E+00
  0.50000  0.23716  0.10269  0.11330  0.1894189E-01  0.6488802E-02  0.1036222E-01  0.6482845E-02  0.1481600E-03  0.5956467E-05  0.8431510E-02  0.0000000E+00  0.0000000E+00  0.0000000E+00
  0.50000  0.23714  0.10279  0.11340  0.1895729E-01  0.6494928E-02  0.1037010E-01  0.6488983E-02  0.1482525E-03  0.5945048E-05  0.8438933E-02  0.0000000E+00  0.0000000E+00  0.0000000E+00
  0.50000  0.23712  0.10289  0.11350  0.1897264E-01  0.6501044E-02  0.1037796E-01  0.6495110E-02  0.1483481E-03  0.5933954E-05  0.8446331E-02  0.0000000E+00  0.0000000E+00  0.0000000E+00
  0.50000  0.23710  0.10299  0.11360  0.1901451E-01  0.6510178E-02  0.1038579E-01  0.6501228E-02  0.1750152E-03  0.8949323E-05  0.8453705E-02  0.0000000E+00  0.0000000E+00  0.0000000E+00
  0.50000  0.23707  0.10310  0.11370  0.1902929E-01  0.6516203E-02  0.1039361E-01  0.6507337E-02  0.1746310E-03  0.8866922E-05  0.8461054E-02  0.0000000E+00  0.0000000E+00  0.0000000E+00
  0.50000  0.23705  0.10320  0.11380  0.1904407E-01  0.6522225E-02  0.1040140E-01  0.6513435E-02  0.1742852E-03  0.8789851E-05  0.8468379E-02  0.0000000E+00  0.0000000E+00  0.0000000E+00
  0.50000  0.23703  0.10330  0.11390  0.1905883E-01  0.6528241E-02  0.1040918E-01  0.6519523E-02  0.1739740E-03  0.8717557E-05  0.8475679E-02  0.0000000E+00  0.0000000E+00  0.0000000E+00
  0.50000  0.23700  0.10340  0.11400  0.1907358E-01  0.6534252E-02  0.1041693E-01  0.6525602E-02  0.1736939E-03  0.8649567E-05  0.8482953E-02  0.0000000E+00  0.0000000E+00  0.0000000E+00
  0.50000  0.23698  0.10350  0.11410  0.1908831E-01  0.6540256E-02  0.1042466E-01  0.6531671E-02  0.1734421E-03  0.8585471E-05  0.8490203E-02  0.0000000E+00  0.0000000E+00  0.0000000E+00
  0.50000  0.23696  0.10360  0.11420  0.1910302E-01  0.6546255E-02  0.1043238E-01  0.6537730E-02  0.1732160E-03  0.8524914E-05  0.8497428E-02  0.0000000E+00  0.0000000E+00  0.0000000E+00
  0.50000  0.23694  0.10370  0.11430  0.1911771E-01  0.6552246E-02  0.1044007E-01  0.6543779E-02  0.1730133E-03  0.8467587E-05  0.8504628E-02  0.0000000E+00  0.0000000E+00  0.0000000E+00
  0.50000  0.23691  0.10380  0.11440  0.1913237E-01  0.6558231E-02  0.1044774E-01  0.6549818E-02  0.1728323E-03  0.8413216E-05  0.8511803E-02  0.0000000E+00  0.0000000E+00  0.0000000E+00
  0.50000  0.23689  0.10390  0.11450  0.1914701E-01  0.6564208E-02  0.1045539E-01  0.6555847E-02  0.1726712E-03  0.8361561E-05  0.8518953E-02  0.0000000E+00  0.0000000E+00  0.0000000E+00
  0.50000  0.23687  0.10400  0.11460  0.1916162E-01  0.6570178E-02  0.1046302E-01  0.6561866E-02  0.1725284E-03  0.8312408E-05  0.8526077E-02  0.0000000E+00  0.0000000E+00  0.0000000E+00
  0.50000  0.23684  0.10411  0.11470  0.1917620E-01  0.6576140E-02  0.1047062E-01  0.6567875E-02  0.1724026E-03  0.8265569E-05  0.8533176E-02  0.0000000E+00  0.0000000E+00  0.0000000E+00
  0.50000  0.23682  0.10421  0.11480  0.1919075E-01  0.6582094E-02  0.1047821E-01  0.6573874E-02  0.1722926E-03  0.8220872E-05  0.8540250E-02  0.0000000E+00  0.0000000E+00  0.0000000E+00
  0.50000  0.23680  0.10431  0.11490  0.1920527E-01  0.6588041E-02  0.1048578E-01  0.6579862E-02  0.1721974E-03  0.8178168E-05  0.8547299E-02  0.0000000E+00  0.0000000E+00  0.0000000E+00
  0.50000  0.23678  0.10441  0.11500  0.1921976E-01  0.6593978E-02  0.1049332E-01  0.6585841E-02  0.1721159E-03  0.8137318E-05  0.8554322E-02  0.0000000E+00  0.0000000E+00  0.0000000E+00
  0.50000  0.23675  0.10451  0.11510  0.1923421E-01  0.6599908E-02  0.1050085E-01  0.6591810E-02  0.1720473E-03  0.8098198E-05  0.8561319E-02  0.0000000E+00  0.0000000E+00  0.0000000E+00
  0.50000  0.23673  0.10461  0.11520  0.1924863E-01  0.6605829E-02  0.1050835E-01  0.6597768E-02  0.1719907E-03  0.8060699E-05  0.8568291E-02  0.0000000E+00  0.0000000E+00  0.0000000E+00
  0.50000  0.23671  0.10471  0.11530  0.1926302E-01  0.6611741E-02  0.1051583E-01  0.6603716E-02  0.1719456E-03  0.8024716E-05  0.8575238E-02  0.0000000E+00  0.0000000E+00  0.0000000E+00
  0.50000  0.23668  0.10481  0.11540  0.1927737E-01  0.6617645E-02  0.1052330E-01  0.6609654E-02  0.1719112E-03  0.7990159E-05  0.8582159E-02  0.0000000E+00  0.0000000E+00  0.0000000E+00
  0.50000  0.23666  0.10491  0.11550  0.1929168E-01  0.6623539E-02  0.1053074E-01  0.6615582E-02  0.1718868E-03  0.7956942E-05  0.8589054E-02  0.0000000E+00  0.0000000E+00  0.0000000E+00
  0.50000  0.23664  0.10502  0.11560  0.1930595E-01  0.6629425E-02  0.1053815E-01  0.6621500E-02  0.1718721E-03  0.7924989E-05  0.8595923E-02  0.0000000E+00  0.0000000E+00  0.0000000E+00
  0.50000  0.23661  0.10512  0.11570  0.1932019E-01  0.6635301E-02  0.1054555E-01  0.6627407E-02  0.1718664E-03  0.7894228E-05  0.8602767E-02  0.0000000E+00  0.0000000E+00  0.0000000E+00
  0.50000  0.23659  0.10522  0.11580  0.1933438E-01  0.6641169E-02  0.1055293E-01  0.6633304E-02  0.1718694E-03  0.7864594E-05  0.8609585E-02  0.0000000E+00  0.0000000E+00  0.0000000E+00
  0.50000  0.23657  0.10532  0.11590  0.1934854E-01  0.6647027E-02  0.1056028E-01  0.6639191E-02  0.1718805E-03  0.7836027E-05  0.8616376E-02  0.0000000E+00  0.0000000E+00  0.0000000E+00
  0.50000  0.23654  0.10542  0.11600  0.1936266E-01  0.6652875E-02  0.1056762E-01  0.6645067E-02  0.1718994E-03  0.7808471E-05  0.8623142E-02  0.0000000E+00  0.0000000E+00  0.0000000E+00
  0.50000  0.23652  0.10552  0.11610  0.1937674E-01  0.6658715E-02  0.1057493E-01  0.6650933E-02  0.1719257E-03  0.7781876E-05  0.8629882E-02  0.0000000E+00  0.0000000E+00  0.0000000E+00
  0.50000  0.23650  0.10562  0.11620  0.1939078E-01  0.6664544E-02  0.1058222E-01  0.6656788E-02  0.1719591E-03  0.7756193E-05  0.8636595E-02  0.0000000E+00  0.0000000E+00  0.0000000E+00
  0.50000  0.23647  0.10572  0.11630  0.1940477E-01  0.6670365E-02  0.1058949E-01  0.6662633E-02  0.1719993E-03  0.7731379E-05  0.8643283E-02  0.0000000E+00  0.0000000E+00  0.0000000E+00
  0.50000  0.23645  0.10582  0.11640  0.1941873E-01  0.6676175E-02  0.1059674E-01  0.6668468E-02  0.1720460E-03  0.7707393E-05  0.8649944E-02  0.0000000E+00  0.0000000E+00  0.0000000E+00
  0.50000  0.23643  0.10592  0.11650  0.1943265E-01  0.6681976E-02  0.1060397E-01  0.6674292E-02  0.1720988E-03  0.7684195E-05  0.8656579E-02  0.0000000E+00  0.0000000E+00  0.0000000E+00
  0.50000  0.23640  0.10603  0.11660  0.1944652E-01  0.6687767E-02  0.1061117E-01  0.6680106E-02  0.1721577E-03  0.7661751E-05  0.8663188E-02  0.0000000E+00  0.0000000E+00  0.0000000E+00
  0.50000  0.23638  0.10613  0.11670  0.1946035E-01  0.6693549E-02  0.1061836E-01  0.6685909E-02  0.1722223E-03  0.7640028E-05  0.8669770E-02  0.0000000E+00  0.0000000E+00  0.0000000E+00
  0.50000  0.23636  0.10623  0.11680  0.1947414E-01  0.6699320E-02  0.1062552E-01  0.6691701E-02  0.1722924E-03  0.7618993E-05  0.8676326E-02  0.0000000E+00  0.0000000E+00  0.0000000E+00
  0.50000  0.23633  0.10633  0.11690  0.1948789E-01  0.6705082E-02  0.1063266E-01  0.6697483E-02  0.1723678E-03  0.7598618E-05  0.8682856E-02  0.0000000E+00  0.0000000E+00  0.0000000E+00
  0.50000  0.23631  0.10643  0.11700  0.1950159E-01  0.6710833E-02  0.1063978E-01  0.6703254E-02  0.1724483E-03  0.7578876E-05  0.8689359E-02  0.0000000E+00  0.0000000E+00  0.0000000E+00
  0.50000  0.23629  0.10653  0.11710  0.1951525E-01  0.6716575E-02  0.1064688E-01  0.6709015E-02  0.1725337E-03  0.7559740E-05  0.8695835E-02  0.0000000E+00  0.0000000E+00  0.0000000E+00
  0.50000  0.23626  0.10663  0.11720  0.1952886E-01  0.6722306E-02  0.1065395E-01  0.6714765E-02  0.1726239E-03  0.7541187E-05  0.8702285E-02  0.0000000E+00  0.0000000E+00  0.0000000E+00
  0.50000  0.23624  0.10673  0.11730  0.1954244E-01  0.6728028E-02  0.1066101E-01  0.6720504E-02  0.1727187E-03  0.7523194E-05  0.8708708E-02  0.0000000E+00  0.0000000E+00  0.0000000E+00
  0.50000  0.23622  0.10683  0.11740  0.1955596E-01  0.6733739E-02  0.1066804E-01  0.6726233E-02  0.1728179E-03  0.7505738E-05  0.8715105E-02  0.0000000E+00  0.0000000E+00  0.0000000E+00
  0.50000  0.23619  0.10693  0.11750  0.1956945E-01  0.6739440E-02  0.1067505E-01  0.6731951E-02  0.1729214E-03  0.7488801E-05  0.8721475E-02  0.0000000E+00  0.0000000E+00  0.0000000E+00
  0.50000  0.23617  0.10704  0.11760  0.1958289E-01  0.6745131E-02  0.1068204E-01  0.6737658E-02  0.1730291E-03  0.7472363E-05  0.8727817E-02  0.0000000E+00  0.0000000E+00  0.0000000E+00
  0.50000  0.23615  0.10714  0.11770  0.1959628E-01  0.6750811E-02  0.1068901E-01  0.6743355E-02  0.1731409E-03  0.7456406E-05  0.8734133E-02  0.0000000E+00  0.0000000E+00  0.0000000E+00
  0.50000  0.23612  0.10724  0.11780  0.1960963E-01  0.6756481E-02  0.1069595E-01  0.6749040E-02  0.1732565E-03  0.7440912E-05  0.8740422E-02  0.0000000E+00  0.0000000E+00  0.0000000E+00
  0.50000  0.23610  0.10734  0.11790  0.1962294E-01  0.6762141E-02  0.1070288E-01  0.6754715E-02  0.1733760E-03  0.7425866E-05  0.8746684E-02  0.0000000E+00  0.0000000E+00  0.0000000E+00
  0.50000  0.23608  0.10744  0.11800  0.1963620E-01  0.6767790E-02  0.1070978E-01  0.6760379E-02  0.1734992E-03  0.7411252E-05  0.8752919E-02  0.0000000E+00  0.0000000E+00  0.0000000E+00
  0.50000  0.23605  0.10754  0.11810  0.1964941E-01  0.6773429E-02  0.1071666E-01  0.6766032E-02  0.1736259E-03  0.7397055E-05  0.8759127E-02  0.0000000E+00  0.0000000E+00  0.0000000E+00
  0.50000  0.23603  0.10764  0.11820  0.1966258E-01  0.6779057E-02  0.1072351E-01  0.6771674E-02  0.1737562E-03  0.7383262E-05  0.8765308E-02  0.0000000E+00  0.0000000E+00  0.0000000E+00
  0.50000  0.23601  0.10774  0.11830  0.1970478E-01  0.6788351E-02  0.1073035E-01  0.6777305E-02  0.2029726E-03  0.1104612E-04  0.8771462E-02  0.0000000E+00  0.0000000E+00  0.0000000E+00
  0.50000  0.23598  0.10784  0.11840  0.1971733E-01  0.6793870E-02  0.1073716E-01  0.6782925E-02  0.2025772E-03  0.1094479E-04  0.8777588E-02  0.0000000E+00  0.0000000E+00  0.0000000E+00
  0.50000  0.23596  0.10795  0.11850  0.1972986E-01  0.6799384E-02  0.1074395E-01  0.6788534E-02  0.2022244E-03  0.1085004E-04  0.8783687E-02  0.0000000E+00  0.0000000E+00  0.0000000E+00
  0.50000  0.23593  0.10805  0.11860  0.1974239E-01  0.6804893E-02  0.1075072E-01  0.6794132E-02  0.2019097E-03  0.1076120E-04  0.8789759E-02  0.0000000E+00  0.0000000E+00  0.0000000E+00
  0.50000  0.23591  0.10815  0.11870  0.1975490E-01  0.6810397E-02  0.1075747E-01  0.6799719E-02  0.2016295E-03  0.1067766E-04  0.8795804E-02  0.0000000E+00  0.0000000E+00  0.0000000E+00
  0.50000  0.23589  0.10825  0.11880  0.1976739E-01  0.6815894E-02  0.1076419E-01  0.6805295E-02  0.2013805E-03  0.1059893E-04  0.8801821E-02  0.0000000E+00  0.0000000E+00  0.0000000E+00
  0.50000  0.23586  0.10835  0.11890  0.1977986E-01  0.6821385E-02  0.1077089E-01  0.6810860E-02  0.2011599E-03  0.1052456E-04  0.8807810E-02  0.0000000E+00  0.0000000E+00  0.0000000E+00
  0.50000  0.23584  0.10845  0.11900  0.1979231E-01  0.6826868E-02  0.1077757E-01  0.6816414E-02  0.2009653E-03  0.1045417E-04  0.8813772E-02  0.0000000E+00  0.0000000E+00  0.0000000E+00
  0.50000  0.23582  0.10855  0.11910  0.1980473E-01  0.6832344E-02  0.1078423E-01  0.6821957E-02  0.2007946E-03  0.1038743E-04  0.8819707E-02  0.0000000E+00  0.0000000E+00  0.0000000E+00
  0.50000  0.23579  0.10865  0.11920  0.1981713E-01  0.6837813E-02  0.1079087E-01  0.6827489E-02  0.2006457E-03  0.1032402E-04  0.8825614E-02  0.0000000E+00  0.0000000E+00  0.0000000E+00
  0.50000  0.23577  0.10875  0.11930  0.1982949E-01  0.6843273E-02  0.1079748E-01  0.6833009E-02  0.2005171E-03  0.1026370E-04  0.8831493E-02  0.0000000E+00  0.0000000E+00  0.0000000E+00
  0.50000  0.23574  0.10885  0.11940  0.1984182E-01  0.6848724E-02  0.1080407E-01  0.6838518E-02  0.2004073E-03  0.1020622E-04  0.8837344E-02  0.0000000E+00  0.0000000E+00  0.0000000E+00
  0.50000  0.23572  0.10896  0.11950  0.1985412E-01  0.6854167E-02  0.1081064E-01  0.6844016E-02  0.2003150E-03  0.1015137E-04  0.8843168E-02  0.0000000E+00  0.0000000E+00  0.0000000E+00
  0.50000  0.23570  0.10906  0.11960  0.1986639E-01  0.6859602E-02  0.1081718E-01  0.6849503E-02  0.2002389E-03  0.1009898E-04  0.8848964E-02  0.0000000E+00  0.0000000E+00  0.0000000E+00
  0.50000  0.23567  0.10916  0.11970  0.1987862E-01  0.6865027E-02  0.1082371E-01  0.6854978E-02  0.2001779E-03  0.1004886E-04  0.8854732E-02  0.0000000E+00  0.0000000E+00  0.0000000E+00
  0.50000  0.23565  0.10926  0.11980  0.1989081E-01  0.6870443E-02  0.1083021E-01  0.6860442E-02  0.2001312E-03  0.1000087E-04  0.8860472E-02  0.0000000E+00  0.0000000E+00  0.0000000E+00
  0.50000  0.23562  0.10936  0.11990  0.1990297E-01  0.6875850E-02  0.1083668E-01  0.6865895E-02  0.2000978E-03  0.9954875E-05  0.8866184E-02  0.0000000E+00  0.0000000E+00  0.0000000E+00
  0.50000  0.23560  0.10946  0.12000  0.1991508E-01  0.6881247E-02  0.1084314E-01  0.6871336E-02  0.2000770E-03  0.9910740E-05  0.8871868E-02  0.0000000E+00  0.0000000E+00  0.0000000E+00
  0.50000  0.23558  0.10956  0.12010  0.1992716E-01  0.6886634E-02  0.1084957E-01  0.6876766E-02  0.2000680E-03  0.9868355E-05  0.8877525E-02  0.0000000E+00  0.0000000E+00  0.0000000E+00
  0.50000  0.23555  0.10966  0.12020  0.1993920E-01  0.6892012E-02  0.1085598E-01  0.6882184E-02  0.2000701E-03  0.9827616E-05  0.8883153E-02  0.0000000E+00  0.0000000E+00  0.0000000E+00
  0.50000  0.23553  0.10976  0.12030  0.1995120E-01  0.6897380E-02  0.1086237E-01  0.6887592E-02  0.2000828E-03  0.9788428E-05  0.8888753E-02  0.0000000E+00  0.0000000E+00  0.0000000E+00
  0.50000  0.23550  0.10987  0.12040  0.1996316E-01  0.6902738E-02  0.1086873E-01  0.6892987E-02  0.2001056E-03  0.9750704E-05  0.8894325E-02  0.0000000E+00  0.0000000E+00  0.0000000E+00
  0.50000  0.23548  0.10997  0.12050  0.1997508E-01  0.6908086E-02  0.1087508E-01  0.6898371E-02  0.2001378E-03  0.9714363E-05  0.8899868E-02  0.0000000E+00  0.0000000E+00  0.0000000E+00
  0.50000  0.23546  0.11007  0.12060  0.1998696E-01  0.6913423E-02  0.1088139E-01  0.6903744E-02  0.2001790E-03  0.9679331E-05  0.8905384E-02  0.0000000E+00  0.0000000E+00  0.0000000E+00
  0.50000  0.23543  0.11017  0.12070  0.1999879E-01  0.6918751E-02  0.1088769E-01  0.6909105E-02  0.2002289E-03  0.9645540E-05  0.8910871E-02  0.0000000E+00  0.0000000E+00  0.0000000E+00
  0.50000  0.23541  0.11027  0.12080  0.2001058E-01  0.6924067E-02  0.1089396E-01  0.6914454E-02  0.2002869E-03  0.9612927E-05  0.8916329E-02  0.0000000E+00  0.0000000E+00  0.0000000E+00
  0.50000  0.23538  0.11037  0.12090  0.2002233E-01  0.6929374E-02  0.1090021E-01  0.6919792E-02  0.2003528E-03  0.9581434E-05  0.8921760E-02  0.0000000E+00  0.0000000E+00  0.0000000E+00
  0.50000  0.23536  0.11047  0.12100  0.2003403E-01  0.6934670E-02  0.1090644E-01  0.6925119E-02  0.2004262E-03  0.9551006E-05  0.8927162E-02  0.0000000E+00  0.0000000E+00  0.0000000E+00
  0.50000  0.23533  0.11057  0.12110  0.2004569E-01  0.6939955E-02  0.1091265E-01  0.6930433E-02  0.2005068E-03  0.9521593E-05  0.8932535E-02  0.0000000E+00  0.0000000E+00  0.0000000E+00
  0.50000  0.23531  0.11067  0.12120  0.2005730E-01  0.6945229E-02  0.1091883E-01  0.6935736E-02  0.2005942E-03  0.9493148E-05  0.8937880E-02  0.0000000E+00  0.0000000E+00  0.0000000E+00
  0.50000  0.23529  0.11078  0.12130  0.2006887E-01  0.6950493E-02  0.1092498E-01  0.6941028E-02  0.2006882E-03  0.9465627E-05  0.8943196E-02  0.0000000E+00  0.0000000E+00  0.0000000E+00
  0.50000  0.23526  0.11088  0.12140  0.2008039E-01  0.6955746E-02  0.1093112E-01  0.6946307E-02  0.2007886E-03  0.9438989E-05  0.8948484E-02  0.0000000E+00  0.0000000E+00  0.0000000E+00
  0.50000  0.23524  0.11098  0.12150  0.2009187E-01  0.6960988E-02  0.1093723E-01  0.6951575E-02  0.2008950E-03  0.9413196E-05  0.8953743E-02  0.0000000E+00  0.0000000E+00  0.0000000E+00
  0.50000  0.23521  0.11108  0.12160  0.2010330E-01  0.6966219E-02  0.1094332E-01  0.6956831E-02  0.2010073E-03  0.9388212E-05  0.8958974E-02  0.0000000E+00  0.0000000E+00  0.0000000E+00
  0.50000  0.23519  0.11118  0.12170  0.2011469E-01  0.6971439E-02  0.1094939E-01  0.6962075E-02  0.2011253E-03  0.9364003E-05  0.8964175E-02  0.0000000E+00  0.0000000E+00  0.0000000E+00
  0.50000  0.23516  0.11128  0.12180  0.2012603E-01  0.6976648E-02  0.1095543E-01  0.6967308E-02  0.2012488E-03  0.9340538E-05  0.8969348E-02  0.0000000E+00  0.0000000E+00  0.0000000E+00
  0.50000  0.23514  0.11138  0.12190  0.2013732E-01  0.6981846E-02  0.1096145E-01  0.6972528E-02  0.2013775E-03  0.9317787E-05  0.8974492E-02  0.0000000E+00  0.0000000E+00  0.0000000E+00
  0.50000  0.23512  0.11148  0.12200  0.2014856E-01  0.6987033E-02  0.1096745E-01  0.6977737E-02  0.2015113E-03  0.9295722E-05  0.8979607E-02  0.0000000E+00  0.0000000E+00  0.0000000E+00
  0.50000  0.23509  0.11158  0.12210  0.2015976E-01  0.6992208E-02  0.1097342E-01  0.6982934E-02  0.2016501E-03  0.9274317E-05  0.8984694E-02  0.0000000E+00  0.0000000E+00  0.0000000E+00
  0.50000  0.23507  0.11169  0.12220  0.2017091E-01  0.6997372E-02  0.1097937E-01  0.6988119E-02  0.2017936E-03  0.9253547E-05  0.8989751E-02  0.0000000E+00  0.0000000E+00  0.0000000E+00
  0.50000  0.23504  0.11179  0.12230  0.2018202E-01  0.7002525E-02  0.1098530E-01  0.6993292E-02  0.2019417E-03  0.9233388E-05  0.8994780E-02  0.0000000E+00  0.0000000E+00  0.0000000E+00
  0.50000  0.23502  0.11189  0.12240  0.2019307E-01  0.7007667E-02  0.1099120E-01  0.6998453E-02  0.2020943E-03  0.9213819E-05  0.8999779E-02  0.0000000E+00  0.0000000E+00  0.0000000E+00
  0.50000  0.23499  0.11199  0.12250  0.2020408E-01  0.7012797E-02  0.1099708E-01  0.7003602E-02  0.2022513E-03  0.9194817E-05  0.9004749E-02  0.0000000E+00  0.0000000E+00  0.0000000E+00
  0.50000  0.23497  0.11209  0.12260  0.2021504E-01  0.7017915E-02  0.1100293E-01  0.7008739E-02  0.2024125E-03  0.9176365E-05  0.9009691E-02  0.0000000E+00  0.0000000E+00  0.0000000E+00
  0.50000  0.23494  0.11219  0.12270  0.2022595E-01  0.7023022E-02  0.1100877E-01  0.7013864E-02  0.2025779E-03  0.9158442E-05  0.9014603E-02  0.0000000E+00  0.0000000E+00  0.0000000E+00
  0.50000  0.23492  0.11229  0.12280  0.2023681E-01  0.7028118E-02  0.1101458E-01  0.7018977E-02  0.2027472E-03  0.9141030E-05  0.9019486E-02  0.0000000E+00  0.0000000E+00  0.0000000E+00
  0.50000  0.23490  0.11239  0.12290  0.2024762E-01  0.7033201E-02  0.1102036E-01  0.7024077E-02  0.2029204E-03  0.9124113E-05  0.9024339E-02  0.0000000E+00  0.0000000E+00  0.0000000E+00
  0.50000  0.23487  0.11249  0.12300  0.2028997E-01  0.7042689E-02  0.1102612E-01  0.7029166E-02  0.2346855E-03  0.1352319E-04  0.9029164E-02  0.0000000E+00  0.0000000E+00  0.0000000E+00
  0.50000  0.23485  0.11260  0.12310  0.2030012E-01  0.7047644E-02  0.1103186E-01  0.7034242E-02  0.2342947E-03  0.1340114E-04  0.9033959E-02  0.0000000E+00  0.0000000E+00  0.0000000E+00
  0.50000  0.23482  0.11270  0.12320  0.2031025E-01  0.7052594E-02  0.1103758E-01  0.7039307E-02  0.2339497E-03  0.1328700E-04  0.9038725E-02  0.0000000E+00  0.0000000E+00  0.0000000E+00
  0.50000  0.23480  0.11280  0.12330  0.2032038E-01  0.7057539E-02  0.1104327E-01  0.7044359E-02  0.2336459E-03  0.1317993E-04  0.9043462E-02  0.0000000E+00  0.0000000E+00  0.0000000E+00
  0.50000  0.23477  0.11290  0.12340  0.2033048E-01  0.7062478E-02  0.1104894E-01  0.7049399E-02  0.2333792E-03  0.1307923E-04  0.9048169E-02  0.0000000E+00  0.0000000E+00  0.0000000E+00
  0.50000  0.23475  0.11300  0.12350  0.2034057E-01  0.7067411E-02  0.1105458E-01  0.7054426E-02  0.2331462E-03  0.1298431E-04  0.9052846E-02  0.0000000E+00  0.0000000E+00  0.0000000E+00
  0.50000  0.23472  0.11310  0.12360  0.2035064E-01  0.7072337E-02  0.1106020E-01  0.7059442E-02  0.2329439E-03  0.1289462E-04  0.9057495E-02  0.0000000E+00  0.0000000E+00  0.0000000E+00
  0.50000  0.23470  0.11320  0.12370  0.2036068E-01  0.7077255E-02  0.1106580E-01  0.7064445E-02  0.2327696E-03  0.1280972E-04  0.9062113E-02  0.0000000E+00  0.0000000E+00  0.0000000E+00
  0.50000  0.23467  0.11330  0.12380  0.2037069E-01  0.7082165E-02  0.1107137E-01  0.7069436E-02  0.2326211E-03  0.1272919E-04  0.9066702E-02  0.0000000E+00  0.0000000E+00  0.0000000E+00
  0.50000  0.23465  0.11340  0.12390  0.2038068E-01  0.7087067E-02  0.1107692E-01  0.7074414E-02  0.2324963E-03  0.1265268E-04  0.9071262E-02  0.0000000E+00  0.0000000E+00  0.0000000E+00
  0.50000  0.23462  0.11351  0.12400  0.2039063E-01  0.7091960E-02  0.1108244E-01  0.7079380E-02  0.2323934E-03  0.1257987E-04  0.9075792E-02  0.0000000E+00  0.0000000E+00  0.0000000E+00
  0.50000  0.23460  0.11361  0.12410  0.2040055E-01  0.7096844E-02  0.1108795E-01  0.7084334E-02  0.2323109E-03  0.1251049E-04  0.9080292E-02  0.0000000E+00  0.0000000E+00  0.0000000E+00
  0.50000  0.23457  0.11371  0.12420  0.2041043E-01  0.7101720E-02  0.1109342E-01  0.7089275E-02  0.2322472E-03  0.1244428E-04  0.9084763E-02  0.0000000E+00  0.0000000E+00  0.0000000E+00
  0.50000  0.23455  0.11381  0.12430  0.2042028E-01  0.7106585E-02  0.1109888E-01  0.7094204E-02  0.2322011E-03  0.1238102E-04  0.9089204E-02  0.0000000E+00  0.0000000E+00  0.0000000E+00
  0.50000  0.23452  0.11391  0.12440  0.2043009E-01  0.7111441E-02  0.1110431E-01  0.7099120E-02  0.2321715E-03  0.1232050E-04  0.9093615E-02  0.0000000E+00  0.0000000E+00  0.0000000E+00
  0.50000  0.23450  0.11401  0.12450  0.2043986E-01  0.7116287E-02  0.1110971E-01  0.7104024E-02  0.2321573E-03  0.1226254E-04  0.9097996E-02  0.0000000E+00  0.0000000E+00  0.0000000E+00
  0.50000  0.23447  0.11411  0.12460  0.2044960E-01  0.7121123E-02  0.1111509E-01  0.7108916E-02  0.2321575E-03  0.1220697E-04  0.9102348E-02  0.0000000E+00  0.0000000E+00  0.0000000E+00
  0.50000  0.23445  0.11421  0.12470  0.2045929E-01  0.7125948E-02  0.1112045E-01  0.7113794E-02  0.2321714E-03  0.1215365E-04  0.9106669E-02  0.0000000E+00  0.0000000E+00  0.0000000E+00
  0.50000  0.23442  0.11431  0.12480  0.2046894E-01  0.7130763E-02  0.1112578E-01  0.7118661E-02  0.2321981E-03  0.1210244E-04  0.9110961E-02  0.0000000E+00  0.0000000E+00  0.0000000E+00
  0.50000  0.23440  0.11442  0.12490  0.2047855E-01  0.7135568E-02  0.1113109E-01  0.7123514E-02  0.2322369E-03  0.1205322E-04  0.9115223E-02  0.0000000E+00  0.0000000E+00  0.0000000E+00
  0.50000  0.23438  0.11452  0.12500  0.2048812E-01  0.7140361E-02  0.1113638E-01  0.7128355E-02  0.2322873E-03  0.1200586E-04  0.9119455E-02  0.0000000E+00  0.0000000E+00  0.0000000E+00
  0.50000  0.23435  0.11462  0.12510  0.2049764E-01  0.7145144E-02  0.1114164E-01  0.7133184E-02  0.2323485E-03  0.1196026E-04  0.9123656E-02  0.0000000E+00  0.0000000E+00  0.0000000E+00
  0.50000  0.23432  0.11472  0.12520  0.2050712E-01  0.7149916E-02  0.1114687E-01  0.7137999E-02  0.2324200E-03  0.1191634E-04  0.9127828E-02  0.0000000E+00  0.0000000E+00  0.0000000E+00
  0.50000  0.23430  0.11482  0.12530  0.2051656E-01  0.7154676E-02  0.1115209E-01  0.7142803E-02  0.2325014E-03  0.1187399E-04  0.9131970E-02  0.0000000E+00  0.0000000E+00  0.0000000E+00
  0.50000  0.23427  0.11492  0.12540  0.2052595E-01  0.7159426E-02  0.1115727E-01  0.7147593E-02  0.2325922E-03  0.1183314E-04  0.9136082E-02  0.0000000E+00  0.0000000E+00  0.0000000E+00
  0.50000  0.23425  0.11502  0.12550  0.2053529E-01  0.7164164E-02  0.1116244E-01  0.7152370E-02  0.2326918E-03  0.1179371E-04  0.9140163E-02  0.0000000E+00  0.0000000E+00  0.0000000E+00
  0.50000  0.23422  0.11512  0.12560  0.2054459E-01  0.7168891E-02  0.1116758E-01  0.7157135E-02  0.2328001E-03  0.1175562E-04  0.9144214E-02  0.0000000E+00  0.0000000E+00  0.0000000E+00
  0.50000  0.23420  0.11522  0.12570  0.2055384E-01  0.7173606E-02  0.1117269E-01  0.7161887E-02  0.2329165E-03  0.1171883E-04  0.9148236E-02  0.0000000E+00  0.0000000E+00  0.0000000E+00
  0.50000  0.23417  0.11533  0.12580  0.2056305E-01  0.7178310E-02  0.1117778E-01  0.7166627E-02  0.2330407E-03  0.1168326E-04  0.9152226E-02  0.0000000E+00  0.0000000E+00  0.0000000E+00
  0.50000  0.23415  0.11543  0.12590  0.2057221E-01  0.7183002E-02  0.1118285E-01  0.7171353E-02  0.2331725E-03  0.1164886E-04  0.9156187E-02  0.0000000E+00  0.0000000E+00  0.0000000E+00
  0.50000  0.23412  0.11553  0.12600  0.2058132E-01  0.7187682E-02  0.1118789E-01  0.7176066E-02  0.2333114E-03  0.1161557E-04  0.9160118E-02  0.0000000E+00  0.0000000E+00  0.0000000E+00
  0.50000  0.23410  0.11563  0.12610  0.2059038E-01  0.7192350E-02  0.1119291E-01  0.7180767E-02  0.2334573E-03  0.1158335E-04  0.9164018E-02  0.0000000E+00  0.0000000E+00  0.0000000E+00
  0.50000  0.23407  0.11573  0.12620  0.2059940E-01  0.7197007E-02  0.1119790E-01  0.7185455E-02  0.2336098E-03  0.1155215E-04  0.9167887E-02  0.0000000E+00  0.0000000E+00  0.0000000E+00
  0.50000  0.23405  0.11583  0.12630  0.2060837E-01  0.7201652E-02  0.1120287E-01  0.7190130E-02  0.2337688E-03  0.1152192E-04  0.9171727E-02  0.0000000E+00  0.0000000E+00  0.0000000E+00
  0.50000  0.23402  0.11593  0.12640  0.2061729E-01  0.7206284E-02  0.1120782E-01  0.7194791E-02  0.2339340E-03  0.1149263E-04  0.9175536E-02  0.0000000E+00  0.0000000E+00  0.0000000E+00
  0.50000  0.23400  0.11603  0.12650  0.2062615E-01  0.7210905E-02  0.1121273E-01  0.7199440E-02  0.2341052E-03  0.1146424E-04  0.9179314E-02  0.0000000E+00  0.0000000E+00  0.0000000E+00
  0.50000  0.23397  0.11613  0.12660  0.2063497E-01  0.7215513E-02  0.1121763E-01  0.7204076E-02  0.2342821E-03  0.1143672E-04  0.9183062E-02  0.0000000E+00  0.0000000E+00  0.0000000E+00
  0.50000  0.23395  0.11624  0.12670  0.2064374E-01  0.7220109E-02  0.1122250E-01  0.7208699E-02  0.2344647E-03  0.1141002E-04  0.9186780E-02  0.0000000E+00  0.0000000E+00  0.0000000E+00
  0.50000  0.23392  0.11634  0.12680  0.2065247E-01  0.7224693E-02  0.1122735E-01  0.7213309E-02  0.2346526E-03  0.1138412E-04  0.9190467E-02  0.0000000E+00  0.0000000E+00  0.0000000E+00
  0.50000  0.23390  0.11644  0.12690  0.2066114E-01  0.7229265E-02  0.1123217E-01  0.7217906E-02  0.2348458E-03  0.1135898E-04  0.9194123E-02  0.0000000E+00  0.0000000E+00  0.0000000E+00
  0.50000  0.23387  0.11654  0.12700  0.2066976E-01  0.7233824E-02  0.1123696E-01  0.7222489E-02  0.2350441E-03  0.1133459E-04  0.9197749E-02  0.0000000E+00  0.0000000E+00  0.0000000E+00
  0.50000  0.23385  0.11664  0.12710  0.2067833E-01  0.7238371E-02  0.1124173E-01  0.7227060E-02  0.2352473E-03  0.1131090E-04  0.9201345E-02  0.0000000E+00  0.0000000E+00  0.0000000E+00
  0.50000  0.23382  0.11674  0.12720  0.2068685E-01  0.7242905E-02  0.1124648E-01  0.7231617E-02  0.2354553E-03  0.1128791E-04  0.9204909E-02  0.0000000E+00  0.0000000E+00  0.0000000E+00
  0.50000  0.23379  0.11684  0.12730  0.2069531E-01  0.7247427E-02  0.1125120E-01  0.7236161E-02  0.2356680E-03  0.1126557E-04  0.9208443E-02  0.0000000E+00  0.0000000E+00  0.0000000E+00
  0.50000  0.23377  0.11694  0.12740  0.2070373E-01  0.7251936E-02  0.1125590E-01  0.7240692E-02  0.2358852E-03  0.1124388E-04  0.9211947E-02  0.0000000E+00  0.0000000E+00  0.0000000E+00
  0.50000  0.23374  0.11704  0.12750  0.2071210E-01  0.7256433E-02  0.1126057E-01  0.7245210E-02  0.2361068E-03  0.1122281E-04  0.9215419E-02  0.0000000E+00  0.0000000E+00  0.0000000E+00
  0.50000  0.23372  0.11715  0.12760  0.2072041E-01  0.7260917E-02  0.1126522E-01  0.7249714E-02  0.2363327E-03  0.1120233E-04  0.9218861E-02  0.0000000E+00  0.0000000E+00  0.0000000E+00
  0.50000  0.23369  0.11725  0.12770  0.2076272E-01  0.7270633E-02  0.1126984E-01  0.7254206E-02  0.2706073E-03  0.1642709E-04  0.9222272E-02  0.0000000E+00  0.0000000E+00  0.0000000E+00
  0.50000  0.23367  0.11735  0.12780  0.2077033E-01  0.7274967E-02  0.1127444E-01  0.7258684E-02  0.2702405E-03  0.1628304E-04  0.9225653E-02  0.0000000E+00  0.0000000E+00  0.0000000E+00
  0.50000  0.23364  0.11745  0.12790  0.2077794E-01  0.7279297E-02  0.1127901E-01  0.7263148E-02  0.2699217E-03  0.1614818E-04  0.9229002E-02  0.0000000E+00  0.0000000E+00  0.0000000E+00
  0.50000  0.23362  0.11755  0.12800  0.2078553E-01  0.7283621E-02  0.1128356E-01  0.7267600E-02  0.2696462E-03  0.1602159E-04  0.9232321E-02  0.0000000E+00  0.0000000E+00  0.0000000E+00
  0.50000  0.23359  0.11765  0.12810  0.2079310E-01  0.7287940E-02  0.1128808E-01  0.7272038E-02  0.2694098E-03  0.1590245E-04  0.9235609E-02  0.0000000E+00  0.0000000E+00  0.0000000E+00
  0.50000  0.23356  0.11775  0.12820  0.2080066E-01  0.7292252E-02  0.1129258E-01  0.7276462E-02  0.2692088E-03  0.1579005E-04  0.9238866E-02  0.0000000E+00  0.0000000E+00  0.0000000E+00
  0.50000  0.23354  0.11785  0.12830  0.2080819E-01  0.7296557E-02  0.1129706E-01  0.7280873E-02  0.2690403E-03  0.1568379E-04  0.9242092E-02  0.0000000E+00  0.0000000E+00  0.0000000E+00
  0.50000  0.23351  0.11795  0.12840  0.2081569E-01  0.7300854E-02  0.1130150E-01  0.7285271E-02  0.2689014E-03  0.1558313E-04  0.9245287E-02  0.0000000E+00  0.0000000E+00  0.0000000E+00
  0.50000  0.23349  0.11806  0.12850  0.2082317E-01  0.7305143E-02  0.1130593E-01  0.7289655E-02  0.2687897E-03  0.1548762E-04  0.9248451E-02  0.0000000E+00  0.0000000E+00  0.0000000E+00
  0.50000  0.23346  0.11816  0.12860  0.2083061E-01  0.7309423E-02  0.1131032E-01  0.7294026E-02  0.2687031E-03  0.1539682E-04  0.9251584E-02  0.0000000E+00  0.0000000E+00  0.0000000E+00
  0.50000  0.23344  0.11826  0.12870  0.2083802E-01  0.7313694E-02  0.1131470E-01  0.7298384E-02  0.2686398E-03  0.1531038E-04  0.9254686E-02  0.0000000E+00  0.0000000E+00  0.0000000E+00
  0.50000  0.23341  0.11836  0.12880  0.2084540E-01  0.7317955E-02  0.1131904E-01  0.7302727E-02  0.2685980E-03  0.1522796E-04  0.9257757E-02  0.0000000E+00  0.0000000E+00  0.0000000E+00
  0.50000  0.23338  0.11846  0.12890  0.2085274E-01  0.7322207E-02  0.1132337E-01  0.7307058E-02  0.2685763E-03  0.1514928E-04  0.9260797E-02  0.0000000E+00  0.0000000E+00  0.0000000E+00
  0.50000  0.23336  0.11856  0.12900  0.2086004E-01  0.7326448E-02  0.1132766E-01  0.7311374E-02  0.2685733E-03  0.1507408E-04  0.9263806E-02  0.0000000E+00  0.0000000E+00  0.0000000E+00
  0.50000  0.23333  0.11866  0.12910  0.2086731E-01  0.7330679E-02  0.1133193E-01  0.7315677E-02  0.2685879E-03  0.1500210E-04  0.9266784E-02  0.0000000E+00  0.0000000E+00  0.0000000E+00
  0.50000  0.23331  0.11876  0.12920  0.2087453E-01  0.7334900E-02  0.1133618E-01  0.7319967E-02  0.2686189E-03  0.1493315E-04  0.9269731E-02  0.0000000E+00  0.0000000E+00  0.0000000E+00
  0.50000  0.23328  0.11887  0.12930  0.2088171E-01  0.7339110E-02  0.1134040E-01  0.7324243E-02  0.2686653E-03  0.1486703E-04  0.9272647E-02  0.0000000E+00  0.0000000E+00  0.0000000E+00
  0.50000  0.23326  0.11897  0.12940  0.2088885E-01  0.7343308E-02  0.1134460E-01  0.7328505E-02  0.2687263E-03  0.1480357E-04  0.9275531E-02  0.0000000E+00  0.0000000E+00  0.0000000E+00
  0.50000  0.23323  0.11907  0.12950  0.2089595E-01  0.7347496E-02  0.1134877E-01  0.7332753E-02  0.2688010E-03  0.1474259E-04  0.9278384E-02  0.0000000E+00  0.0000000E+00  0.0000000E+00
  0.50000  0.23320  0.11917  0.12960  0.2090301E-01  0.7351672E-02  0.1135291E-01  0.7336988E-02  0.2688886E-03  0.1468396E-04  0.9281206E-02  0.0000000E+00  0.0000000E+00  0.0000000E+00
  0.50000  0.23318  0.11927  0.12970  0.2091002E-01  0.7355837E-02  0.1135703E-01  0.7341209E-02  0.2689886E-03  0.1462754E-04  0.9283997E-02  0.0000000E+00  0.0000000E+00  0.0000000E+00
  0.50000  0.23315  0.11937  0.12980  0.2091698E-01  0.7359990E-02  0.1136113E-01  0.7345417E-02  0.2691003E-03  0.1457321E-04  0.9286757E-02  0.0000000E+00  0.0000000E+00  0.0000000E+00
  0.50000  0.23313  0.11947  0.12990  0.2092390E-01  0.7364131E-02  0.1136520E-01  0.7349610E-02  0.2692230E-03  0.1452086E-04  0.9289485E-02  0.0000000E+00  0.0000000E+00  0.0000000E+00
  0.50000  0.23310  0.11957  0.13000  0.2093078E-01  0.7368260E-02  0.1136924E-01  0.7353790E-02  0.2693563E-03  0.1447038E-04  0.9292182E-02  0.0000000E+00  0.0000000E+00  0.0000000E+00
  0.50000  0.23307  0.11967  0.13010  0.2093761E-01  0.7372378E-02  0.1137326E-01  0.7357956E-02  0.2694997E-03  0.1442167E-04  0.9294848E-02  0.0000000E+00  0.0000000E+00  0.0000000E+00
  0.50000  0.23305  0.11978  0.13020  0.2094439E-01  0.7376483E-02  0.1137725E-01  0.7362108E-02  0.2696527E-03  0.1437465E-04  0.9297483E-02  0.0000000E+00  0.0000000E+00  0.0000000E+00
  0.50000  0.23302  0.11988  0.13030  0.2095112E-01  0.7380575E-02  0.1138122E-01  0.7366246E-02  0.2698148E-03  0.1432923E-04  0.9300086E-02  0.0000000E+00  0.0000000E+00  0.0000000E+00
  0.50000  0.23300  0.11998  0.13040  0.2095780E-01  0.7384656E-02  0.1138516E-01  0.7370371E-02  0.2699858E-03  0.1428533E-04  0.9302657E-02  0.0000000E+00  0.0000000E+00  0.0000000E+00
  0.50000  0.23297  0.12008  0.13050  0.2096444E-01  0.7388724E-02  0.1138908E-01  0.7374481E-02  0.2701653E-03  0.1424289E-04  0.9305198E-02  0.0000000E+00  0.0000000E+00  0.0000000E+00
  0.50000  0.23294  0.12018  0.13060  0.2097103E-01  0.7392779E-02  0.1139297E-01  0.7378578E-02  0.2703528E-03  0.1420184E-04  0.9307707E-02  0.0000000E+00  0.0000000E+00  0.0000000E+00
  0.50000  0.23292  0.12028  0.13070  0.2097756E-01  0.7396822E-02  0.1139683E-01  0.7382660E-02  0.2705481E-03  0.1416211E-04  0.9310184E-02  0.0000000E+00  0.0000000E+00  0.0000000E+00
  0.50000  0.23289  0.12038  0.13080  0.2098405E-01  0.7400852E-02  0.1140067E-01  0.7386729E-02  0.2707510E-03  0.1412365E-04  0.9312630E-02  0.0000000E+00  0.0000000E+00  0.0000000E+00
  0.50000  0.23287  0.12048  0.13090  0.2099049E-01  0.7404870E-02  0.1140448E-01  0.7390783E-02  0.2709610E-03  0.1408640E-04  0.9315045E-02  0.0000000E+00  0.0000000E+00  0.0000000E+00
  0.50000  0.23284  0.12058  0.13100  0.2099688E-01  0.7408874E-02  0.1140827E-01  0.7394824E-02  0.2711780E-03  0.1405032E-04  0.9317428E-02  0.0000000E+00  0.0000000E+00  0.0000000E+00
  0.50000  0.23281  0.12069  0.13110  0.2100321E-01  0.7412866E-02  0.1141203E-01  0.7398850E-02  0.2714017E-03  0.1401535E-04  0.9319780E-02  0.0000000E+00  0.0000000E+00  0.0000000E+00
  0.50000  0.23279  0.12079  0.13120  0.2100950E-01  0.7416844E-02  0.1141577E-01  0.7402863E-02  0.2716320E-03  0.1398145E-04  0.9322100E-02  0.0000000E+00  0.0000000E+00  0.0000000E+00
  0.50000  0.23276  0.12089  0.13130  0.2101574E-01  0.7420810E-02  0.1141948E-01  0.7406861E-02  0.2718685E-03  0.1394857E-04  0.9324389E-02  0.0000000E+00  0.0000000E+00  0.0000000E+00
  0.50000  0.23273  0.12099  0.13140  0.2102192E-01  0.7424762E-02  0.1142317E-01  0.7410846E-02  0.2721110E-03  0.1391668E-04  0.9326646E-02  0.0000000E+00  0.0000000E+00  0.0000000E+00
  0.50000  0.23271  0.12109  0.13150  0.2102806E-01  0.7428702E-02  0.1142682E-01  0.7414816E-02  0.2723595E-03  0.1388575E-04  0.9328872E-02  0.0000000E+00  0.0000000E+00  0.0000000E+00
  0.50000  0.23268  0.12119  0.13160  0.2103414E-01  0.7432628E-02  0.1143046E-01  0.7418772E-02  0.2726136E-03  0.1385572E-04  0.9331066E-02  0.0000000E+00  0.0000000E+00  0.0000000E+00
  0.50000  0.23266  0.12129  0.13170  0.2104017E-01  0.7436540E-02  0.1143407E-01  0.7422714E-02  0.2728733E-03  0.1382658E-04  0.9333229E-02  0.0000000E+00  0.0000000E+00  0.0000000E+00
  0.50000  0.23263  0.12139  0.13180  0.2104615E-01  0.7440440E-02  0.1143765E-01  0.7426642E-02  0.2731384E-03  0.1379829E-04  0.9335360E-02  0.0000000E+00  0.0000000E+00  0.0000000E+00
  0.50000  0.23260  0.12150  0.13190  0.2105207E-01  0.7444326E-02  0.1144120E-01  0.7430555E-02  0.2734087E-03  0.1377081E-04  0.9337459E-02  0.0000000E+00  0.0000000E+00  0.0000000E+00
  0.50000  0.23258  0.12160  0.13200  0.2105794E-01  0.7448199E-02  0.1144473E-01  0.7434454E-02  0.2736841E-03  0.1374413E-04  0.9339527E-02  0.0000000E+00  0.0000000E+00  0.0000000E+00
  0.50000  0.23255  0.12170  0.13210  0.2106376E-01  0.7452058E-02  0.1144824E-01  0.7438339E-02  0.2739645E-03  0.1371821E-04  0.9341563E-02  0.0000000E+00  0.0000000E+00  0.0000000E+00
  0.50000  0.23252  0.12180  0.13220  0.2106953E-01  0.7455903E-02  0.1145172E-01  0.7442210E-02  0.2742496E-03  0.1369303E-04  0.9343568E-02  0.0000000E+00  0.0000000E+00  0.0000000E+00
  0.50000  0.23250  0.12190  0.13230  0.2111233E-01  0.7466053E-02  0.1145517E-01  0.7446067E-02  0.3116249E-03  0.1998597E-04  0.9345540E-02  0.0000000E+00  0.0000000E+00  0.0000000E+00
  0.50000  0.23247  0.12200  0.13240  0.2111733E-01  0.7469716E-02  0.1145859E-01  0.7449909E-02  0.3112497E-03  0.1980754E-04  0.9347482E-02  0.0000000E+00  0.0000000E+00  0.0000000E+00
  0.50000  0.23244  0.12210  0.13250  0.2112232E-01  0.7473377E-02  0.1146199E-01  0.7453737E-02  0.3109294E-03  0.1964076E-04  0.9349391E-02  0.0000000E+00  0.0000000E+00  0.0000000E+00
  0.50000  0.23242  0.12220  0.13260  0.2112730E-01  0.7477034E-02  0.1146537E-01  0.7457550E-02  0.3106581E-03  0.1948441E-04  0.9351269E-02  0.0000000E+00  0.0000000E+00  0.0000000E+00
  0.50000  0.23239  0.12230  0.13270  0.2113226E-01  0.7480687E-02  0.1146872E-01  0.7461349E-02  0.3104312E-03  0.1933744E-04  0.9353115E-02  0.0000000E+00  0.0000000E+00  0.0000000E+00
  0.50000  0.23236  0.12241  0.13280  0.2113721E-01  0.7484333E-02  0.1147204E-01  0.7465134E-02  0.3102445E-03  0.1919895E-04  0.9354930E-02  0.0000000E+00  0.0000000E+00  0.0000000E+00
  0.50000  0.23234  0.12251  0.13290  0.2114214E-01  0.7487972E-02  0.1147534E-01  0.7468904E-02  0.3100943E-03  0.1906816E-04  0.9356712E-02  0.0000000E+00  0.0000000E+00  0.0000000E+00
  0.50000  0.23231  0.12261  0.13300  0.2114705E-01  0.7491604E-02  0.1147861E-01  0.7472660E-02  0.3099776E-03  0.1894439E-04  0.9358463E-02  0.0000000E+00  0.0000000E+00  0.0000000E+00
  0.50000  0.23228  0.12271  0.13310  0.2115192E-01  0.7495228E-02  0.1148185E-01  0.7476401E-02  0.3098914E-03  0.1882704E-04  0.9360183E-02  0.0000000E+00  0.0000000E+00  0.0000000E+00
  0.50000  0.23226  0.12281  0.13320  0.2115677E-01  0.7498844E-02  0.1148507E-01  0.7480128E-02  0.3098336E-03  0.1871558E-04  0.9361870E-02  0.0000000E+00  0.0000000E+00  0.0000000E+00
  0.50000  0.23223  0.12291  0.13330  0.2116159E-01  0.7502450E-02  0.1148826E-01  0.7483841E-02  0.3098018E-03  0.1860954E-04  0.9363526E-02  0.0000000E+00  0.0000000E+00  0.0000000E+00
  0.50000  0.23220  0.12301  0.13340  0.2116637E-01  0.7506047E-02  0.1149143E-01  0.7487539E-02  0.3097942E-03  0.1850851E-04  0.9365150E-02  0.0000000E+00  0.0000000E+00  0.0000000E+00
  0.50000  0.23218  0.12311  0.13350  0.2117112E-01  0.7509634E-02  0.1149457E-01  0.7491222E-02  0.3098090E-03  0.1841213E-04  0.9366742E-02  0.0000000E+00  0.0000000E+00  0.0000000E+00
  0.50000  0.23215  0.12322  0.13360  0.2117583E-01  0.7513211E-02  0.1149768E-01  0.7494891E-02  0.3098448E-03  0.1832005E-04  0.9368302E-02  0.0000000E+00  0.0000000E+00  0.0000000E+00
  0.50000  0.23212  0.12332  0.13370  0.2118050E-01  0.7516777E-02  0.1150077E-01  0.7498545E-02  0.3099002E-03  0.1823198E-04  0.9369831E-02  0.0000000E+00  0.0000000E+00  0.0000000E+00
  0.50000  0.23210  0.12342  0.13380  0.2118513E-01  0.7520332E-02  0.1150383E-01  0.7502185E-02  0.3099740E-03  0.1814765E-04  0.9371328E-02  0.0000000E+00  0.0000000E+00  0.0000000E+00
  0.50000  0.23207  0.12352  0.13390  0.2118972E-01  0.7523877E-02  0.1150686E-01  0.7505810E-02  0.3100649E-03  0.1806683E-04  0.9372793E-02  0.0000000E+00  0.0000000E+00  0.0000000E+00
  0.50000  0.23204  0.12362  0.13400  0.2119427E-01  0.7527409E-02  0.1150987E-01  0.7509420E-02  0.3101721E-03  0.1798928E-04  0.9374226E-02  0.0000000E+00  0.0000000E+00  0.0000000E+00
  0.50000  0.23202  0.12372  0.13410  0.2119877E-01  0.7530931E-02  0.1151285E-01  0.7513016E-02  0.3102946E-03  0.1791481E-04  0.9375627E-02  0.0000000E+00  0.0000000E+00  0.0000000E+00
  0.50000  0.23199  0.12382  0.13420  0.2120324E-01  0.7534440E-02  0.1151581E-01  0.7516597E-02  0.3104315E-03  0.1784323E-04  0.9376997E-02  0.0000000E+00  0.0000000E+00  0.0000000E+00
  0.50000  0.23196  0.12392  0.13430  0.2120765E-01  0.7537938E-02  0.1151874E-01  0.7520163E-02  0.3105822E-03  0.1777437E-04  0.9378334E-02  0.0000000E+00  0.0000000E+00  0.0000000E+00
  0.50000  0.23194  0.12403  0.13440  0.2121203E-01  0.7541423E-02  0.1152164E-01  0.7523715E-02  0.3107458E-03  0.1770809E-04  0.9379640E-02  0.0000000E+00  0.0000000E+00  0.0000000E+00
  0.50000  0.23191  0.12413  0.13450  0.2121635E-01  0.7544896E-02  0.1152452E-01  0.7527252E-02  0.3109217E-03  0.1764424E-04  0.9380914E-02  0.0000000E+00  0.0000000E+00  0.0000000E+00
  0.50000  0.23188  0.12423  0.13460  0.2122063E-01  0.7548357E-02  0.1152737E-01  0.7530774E-02  0.3111094E-03  0.1758269E-04  0.9382156E-02  0.0000000E+00  0.0000000E+00  0.0000000E+00
  0.50000  0.23186  0.12433  0.13470  0.2122487E-01  0.7551805E-02  0.1153019E-01  0.7534282E-02  0.3113083E-03  0.1752333E-04  0.9383367E-02  0.0000000E+00  0.0000000E+00  0.0000000E+00
  0.50000  0.23183  0.12443  0.13480  0.2122905E-01  0.7555240E-02  0.1153299E-01  0.7537774E-02  0.3115179E-03  0.1746603E-04  0.9384545E-02  0.0000000E+00  0.0000000E+00  0.0000000E+00
  0.50000  0.23180  0.12453  0.13490  0.2123319E-01  0.7558663E-02  0.1153576E-01  0.7541252E-02  0.3117377E-03  0.1741070E-04  0.9385691E-02  0.0000000E+00  0.0000000E+00  0.0000000E+00
  0.50000  0.23178  0.12463  0.13500  0.2123728E-01  0.7562072E-02  0.1153851E-01  0.7544715E-02  0.3119672E-03  0.1735724E-04  0.9386806E-02  0.0000000E+00  0.0000000E+00  0.0000000E+00
  0.50000  0.23175  0.12473  0.13510  0.2124132E-01  0.7565469E-02  0.1154123E-01  0.7548163E-02  0.3122062E-03  0.1730556E-04  0.9387889E-02  0.0000000E+00  0.0000000E+00  0.0000000E+00
  0.50000  0.23172  0.12483  0.13520  0.2124531E-01  0.7568852E-02  0.1154392E-01  0.7551596E-02  0.3124541E-03  0.1725559E-04  0.9388940E-02  0.0000000E+00  0.0000000E+00  0.0000000E+00
  0.50000  0.23169  0.12494  0.13530  0.2124925E-01  0.7572222E-02  0.1154658E-01  0.7555015E-02  0.3127107E-03  0.1720724E-04  0.9389958E-02  0.0000000E+00  0.0000000E+00  0.0000000E+00
  0.50000  0.23167  0.12504  0.13540  0.2125315E-01  0.7575579E-02  0.1154922E-01  0.7558418E-02  0.3129757E-03  0.1716044E-04  0.9390946E-02  0.0000000E+00  0.0000000E+00  0.0000000E+00
  0.50000  0.23164  0.12514  0.13550  0.2125699E-01  0.7578922E-02  0.1155184E-01  0.7561807E-02  0.3132486E-03  0.1711512E-04  0.9391901E-02  0.0000000E+00  0.0000000E+00  0.0000000E+00
  0.50000  0.23161  0.12524  0.13560  0.2126078E-01  0.7582252E-02  0.1155442E-01  0.7565181E-02  0.3135293E-03  0.1707123E-04  0.9392824E-02  0.0000000E+00  0.0000000E+00  0.0000000E+00
  0.50000  0.23159  0.12534  0.13570  0.2126452E-01  0.7585568E-02  0.1155698E-01  0.7568539E-02  0.3138174E-03  0.1702870E-04  0.9393715E-02  0.0000000E+00  0.0000000E+00  0.0000000E+00
  0.50000  0.23156  0.12544  0.13580  0.2126820E-01  0.7588871E-02  0.1155952E-01  0.7571883E-02  0.3141127E-03  0.1698747E-04  0.9394575E-02  0.0000000E+00  0.0000000E+00  0.0000000E+00
  0.50000  0.23153  0.12554  0.13590  0.2127184E-01  0.7592159E-02  0.1156202E-01  0.7575212E-02  0.3144150E-03  0.1694750E-04  0.9395402E-02  0.0000000E+00  0.0000000E+00  0.0000000E+00
  0.50000  0.23150  0.12564  0.13600  0.2127543E-01  0.7595434E-02  0.1156450E-01  0.7578526E-02  0.3147241E-03  0.1690874E-04  0.9396198E-02  0.0000000E+00  0.0000000E+00  0.0000000E+00
  0.50000  0.23148  0.12575  0.13610  0.2127896E-01  0.7598696E-02  0.1156696E-01  0.7581824E-02  0.3150396E-03  0.1687114E-04  0.9396962E-02  0.0000000E+00  0.0000000E+00  0.0000000E+00
  0.50000  0.23145  0.12585  0.13620  0.2128244E-01  0.7601943E-02  0.1156938E-01  0.7585108E-02  0.3153616E-03  0.1683465E-04  0.9397693E-02  0.0000000E+00  0.0000000E+00  0.0000000E+00
  0.50000  0.23142  0.12595  0.13630  0.2128587E-01  0.7605176E-02  0.1157179E-01  0.7588377E-02  0.3156896E-03  0.1679924E-04  0.9398393E-02  0.0000000E+00  0.0000000E+00  0.0000000E+00
  0.50000  0.23140  0.12605  0.13640  0.2128924E-01  0.7608395E-02  0.1157416E-01  0.7591630E-02  0.3160237E-03  0.1676486E-04  0.9399061E-02  0.0000000E+00  0.0000000E+00  0.0000000E+00
  0.50000  0.23137  0.12615  0.13650  0.2129257E-01  0.7611600E-02  0.1157651E-01  0.7594869E-02  0.3163636E-03  0.1673148E-04  0.9399697E-02  0.0000000E+00  0.0000000E+00  0.0000000E+00
  0.50000  0.23134  0.12625  0.13660  0.2129584E-01  0.7614791E-02  0.1157883E-01  0.7598092E-02  0.3167091E-03  0.1669907E-04  0.9400301E-02  0.0000000E+00  0.0000000E+00  0.0000000E+00
  0.50000  0.23131  0.12635  0.13670  0.2129906E-01  0.7617968E-02  0.1158112E-01  0.7601300E-02  0.3170601E-03  0.1666759E-04  0.9400874E-02  0.0000000E+00  0.0000000E+00  0.0000000E+00
  0.50000  0.23129  0.12645  0.13680  0.2130222E-01  0.7621131E-02  0.1158339E-01  0.7604494E-02  0.3174165E-03  0.1663701E-04  0.9401414E-02  0.0000000E+00  0.0000000E+00  0.0000000E+00
  0.50000  0.23126  0.12656  0.13690  0.2134541E-01  0.7631809E-02  0.1158563E-01  0.7607671E-02  0.3578564E-03  0.2413706E-04  0.9401922E-02  0.0000000E+00  0.0000000E+00  0.0000000E+00
  0.50000  0.23123  0.12666  0.13700  0.2134773E-01  0.7634754E-02  0.1158784E-01  0.7610834E-02  0.3574919E-03  0.2392026E-04  0.9402399E-02  0.0000000E+00  0.0000000E+00  0.0000000E+00
  0.50000  0.23120  0.12676  0.13710  0.2135006E-01  0.7637700E-02  0.1159003E-01  0.7613982E-02  0.3571883E-03  0.2371782E-04  0.9402843E-02  0.0000000E+00  0.0000000E+00  0.0000000E+00
  0.50000  0.23118  0.12686  0.13720  0.2135239E-01  0.7640642E-02  0.1159219E-01  0.7617114E-02  0.3569391E-03  0.2352819E-04  0.9403256E-02  0.0000000E+00  0.0000000E+00  0.0000000E+00
  0.50000  0.23115  0.12696  0.13730  0.2135470E-01  0.7643581E-02  0.1159433E-01  0.7620231E-02  0.3567390E-03  0.2335009E-04  0.9403637E-02  0.0000000E+00  0.0000000E+00  0.0000000E+00
  0.50000  0.23112  0.12706  0.13740  0.2135700E-01  0.7646516E-02  0.1159643E-01  0.7623333E-02  0.3565833E-03  0.2318239E-04  0.9403986E-02  0.0000000E+00  0.0000000E+00  0.0000000E+00
  0.50000  0.23109  0.12716  0.13750  0.2135928E-01  0.7649444E-02  0.1159851E-01  0.7626420E-02  0.3564680E-03  0.2302411E-04  0.9404303E-02  0.0000000E+00  0.0000000E+00  0.0000000E+00
  0.50000  0.23107  0.12726  0.13760  0.2136155E-01  0.7652366E-02  0.1160057E-01  0.7629491E-02  0.3563896E-03  0.2287441E-04  0.9404588E-02  0.0000000E+00  0.0000000E+00  0.0000000E+00
  0.50000  0.23104  0.12737  0.13770  0.2136378E-01  0.7655280E-02  0.1160260E-01  0.7632547E-02  0.3563449E-03  0.2273255E-04  0.9404841E-02  0.0000000E+00  0.0000000E+00  0.0000000E+00
  0.50000  0.23101  0.12747  0.13780  0.2136599E-01  0.7658186E-02  0.1160460E-01  0.7635588E-02  0.3563313E-03  0.2259788E-04  0.9405062E-02  0.0000000E+00  0.0000000E+00  0.0000000E+00
  0.50000  0.23098  0.12757  0.13790  0.2136817E-01  0.7661083E-02  0.1160657E-01  0.7638613E-02  0.3563465E-03  0.2246983E-04  0.9405252E-02  0.0000000E+00  0.0000000E+00  0.0000000E+00
  0.50000  0.23096  0.12767  0.13800  0.2137031E-01  0.7663971E-02  0.1160852E-01  0.7641624E-02  0.3563882E-03  0.2234788E-04  0.9405409E-02  0.0000000E+00  0.0000000E+00  0.0000000E+00
  0.50000  0.23093  0.12777  0.13810  0.2137243E-01  0.7666850E-02  0.1161044E-01  0.7644618E-02  0.3564546E-03  0.2223158E-04  0.9405535E-02  0.0000000E+00  0.0000000E+00  0.0000000E+00
  0.50000  0.23090  0.12787  0.13820  0.2137450E-01  0.7669718E-02  0.1161233E-01  0.7647598E-02  0.3565440E-03  0.2212051E-04  0.9405629E-02  0.0000000E+00  0.0000000E+00  0.0000000E+00
  0.50000  0.23087  0.12797  0.13830  0.2137654E-01  0.7672576E-02  0.1161420E-01  0.7650562E-02  0.3566550E-03  0.2201432E-04  0.9405691E-02  0.0000000E+00  0.0000000E+00  0.0000000E+00
  0.50000  0.23085  0.12807  0.13840  0.2137854E-01  0.7675423E-02  0.1161604E-01  0.7653510E-02  0.3567861E-03  0.2191268E-04  0.9405721E-02  0.0000000E+00  0.0000000E+00  0.0000000E+00
  0.50000  0.23082  0.12818  0.13850  0.2138050E-01  0.7678259E-02  0.1161785E-01  0.7656444E-02  0.3569360E-03  0.2181528E-04  0.9405719E-02  0.0000000E+00  0.0000000E+00  0.0000000E+00
  0.50000  0.23079  0.12828  0.13860  0.2138242E-01  0.7681083E-02  0.1161963E-01  0.7659361E-02  0.3571038E-03  0.2172186E-04  0.9405686E-02  0.0000000E+00  0.0000000E+00  0.0000000E+00
  0.50000  0.23076  0.12838  0.13870  0.2138430E-01  0.7683896E-02  0.1162139E-01  0.7662264E-02  0.3572884E-03  0.2163217E-04  0.9405620E-02  0.0000000E+00  0.0000000E+00  0.0000000E+00
  0.50000  0.23073  0.12848  0.13880  0.2138614E-01  0.7686697E-02  0.1162313E-01  0.7665151E-02  0.3574888E-03  0.2154599E-04  0.9405523E-02  0.0000000E+00  0.0000000E+00  0.0000000E+00
  0.50000  0.23071  0.12858  0.13890  0.2138793E-01  0.7689485E-02  0.1162483E-01  0.7668022E-02  0.3577042E-03  0.2146310E-04  0.9405394E-02  0.0000000E+00  0.0000000E+00  0.0000000E+00
  0.50000  0.23068  0.12868  0.13900  0.2138968E-01  0.7692261E-02  0.1162651E-01  0.7670878E-02  0.3579338E-03  0.2138334E-04  0.9405233E-02  0.0000000E+00  0.0000000E+00  0.0000000E+00
  0.50000  0.23065  0.12878  0.13910  0.2139138E-01  0.7695025E-02  0.1162816E-01  0.7673718E-02  0.3581770E-03  0.2130651E-04  0.9405040E-02  0.0000000E+00  0.0000000E+00  0.0000000E+00
  0.50000  0.23062  0.12888  0.13920  0.2139304E-01  0.7697776E-02  0.1162979E-01  0.7676543E-02  0.3584331E-03  0.2123247E-04  0.9404816E-02  0.0000000E+00  0.0000000E+00  0.0000000E+00
  0.50000  0.23060  0.12899  0.13930  0.2139465E-01  0.7700514E-02  0.1163139E-01  0.7679353E-02  0.3587014E-03  0.2116106E-04  0.9404559E-02  0.0000000E+00  0.0000000E+00  0.0000000E+00
  0.50000  0.23057  0.12909  0.13940  0.2139621E-01  0.7703238E-02  0.1163296E-01  0.7682146E-02  0.3589814E-03  0.2109216E-04  0.9404271E-02  0.0000000E+00  0.0000000E+00  0.0000000E+00
  0.50000  0.23054  0.12919  0.13950  0.2139772E-01  0.7705950E-02  0.1163450E-01  0.7684925E-02  0.3592727E-03  0.2102563E-04  0.9403952E-02  0.0000000E+00  0.0000000E+00  0.0000000E+00
  0.50000  0.23051  0.12929  0.13960  0.2139919E-01  0.7708649E-02  0.1163602E-01  0.7687687E-02  0.3595746E-03  0.2096136E-04  0.9403600E-02  0.0000000E+00  0.0000000E+00  0.0000000E+00
  0.50000  0.23048  0.12939  0.13970  0.2140061E-01  0.7711334E-02  0.1163751E-01  0.7690434E-02  0.3598869E-03  0.2089925E-04  0.9403217E-02  0.0000000E+00  0.0000000E+00  0.0000000E+00
  0.50000  0.23046  0.12949  0.13980  0.2140198E-01  0.7714005E-02  0.1163897E-01  0.7693166E-02  0.3602090E-03  0.2083919E-04  0.9402801E-02  0.0000000E+00  0.0000000E+00  0.0000000E+00
  0.50000  0.23043  0.12959  0.13990  0.2140330E-01  0.7716663E-02  0.1164041E-01  0.7695882E-02  0.3605406E-03  0.2078109E-04  0.9402355E-02  0.0000000E+00  0.0000000E+00  0.0000000E+00
  0.50000  0.23040  0.12969  0.14000  0.2140458E-01  0.7719307E-02  0.1164182E-01  0.7698582E-02  0.3608813E-03  0.2072487E-04  0.9401876E-02  0.0000000E+00  0.0000000E+00  0.0000000E+00
  0.50000  0.23037  0.12980  0.14010  0.2140580E-01  0.7721937E-02  0.1164320E-01  0.7701267E-02  0.3612309E-03  0.2067043E-04  0.9401366E-02  0.0000000E+00  0.0000000E+00  0.0000000E+00
  0.50000  0.23034  0.12990  0.14020  0.2140697E-01  0.7724553E-02  0.1164456E-01  0.7703936E-02  0.3615889E-03  0.2061771E-04  0.9400824E-02  0.0000000E+00  0.0000000E+00  0.0000000E+00
  0.50000  0.23032  0.13000  0.14030  0.2140809E-01  0.7727156E-02  0.1164589E-01  0.7706589E-02  0.3619551E-03  0.2056663E-04  0.9400250E-02  0.0000000E+00  0.0000000E+00  0.0000000E+00
  0.50000  0.23029  0.13010  0.14040  0.2140916E-01  0.7729744E-02  0.1164719E-01  0.7709227E-02  0.3623292E-03  0.2051712E-04  0.9399645E-02  0.0000000E+00  0.0000000E+00  0.0000000E+00
  0.50000  0.23026  0.13020  0.14050  0.2141018E-01  0.7732318E-02  0.1164846E-01  0.7711849E-02  0.3627110E-03  0.2046913E-04  0.9399008E-02  0.0000000E+00  0.0000000E+00  0.0000000E+00
  0.50000  0.23023  0.13030  0.14060  0.2141115E-01  0.7734878E-02  0.1164971E-01  0.7714455E-02  0.3631002E-03  0.2042260E-04  0.9398339E-02  0.0000000E+00  0.0000000E+00  0.0000000E+00
  0.50000  0.23020  0.13040  0.14070  0.2141207E-01  0.7737423E-02  0.1165093E-01  0.7717046E-02  0.3634965E-03  0.2037745E-04  0.9397639E-02  0.0000000E+00  0.0000000E+00  0.0000000E+00
  0.50000  0.23018  0.13050  0.14080  0.2141293E-01  0.7739954E-02  0.1165213E-01  0.7719620E-02  0.3638999E-03  0.2033366E-04  0.9396907E-02  0.0000000E+00  0.0000000E+00  0.0000000E+00
  0.50000  0.23015  0.13061  0.14090  0.2141375E-01  0.7742471E-02  0.1165330E-01  0.7722179E-02  0.3643100E-03  0.2029116E-04  0.9396143E-02  0.0000000E+00  0.0000000E+00  0.0000000E+00
  0.50000  0.23012  0.13071  0.14100  0.2141451E-01  0.7744973E-02  0.1165444E-01  0.7724723E-02  0.3647267E-03  0.2024990E-04  0.9395348E-02  0.0000000E+00  0.0000000E+00  0.0000000E+00
  0.50000  0.23009  0.13081  0.14110  0.2141522E-01  0.7747460E-02  0.1165555E-01  0.7727250E-02  0.3651498E-03  0.2020985E-04  0.9394522E-02  0.0000000E+00  0.0000000E+00  0.0000000E+00
  0.50000  0.23006  0.13091  0.14120  0.2141588E-01  0.7749933E-02  0.1165664E-01  0.7729762E-02  0.3655791E-03  0.2017096E-04  0.9393663E-02  0.0000000E+00  0.0000000E+00  0.0000000E+00
  0.50000  0.23003  0.13101  0.14130  0.2141648E-01  0.7752391E-02  0.1165770E-01  0.7732258E-02  0.3660144E-03  0.2013319E-04  0.9392773E-02  0.0000000E+00  0.0000000E+00  0.0000000E+00
  0.50000  0.23001  0.13111  0.14140  0.2141704E-01  0.7754835E-02  0.1165873E-01  0.7734738E-02  0.3664557E-03  0.2009650E-04  0.9391852E-02  0.0000000E+00  0.0000000E+00  0.0000000E+00
  0.50000  0.22998  0.13121  0.14150  0.2146050E-01  0.7766143E-02  0.1165973E-01  0.7737203E-02  0.4098632E-03  0.2894042E-04  0.9390899E-02  0.0000000E+00  0.0000000E+00  0.0000000E+00
  0.50000  0.22995  0.13131  0.14160  0.2146016E-01  0.7768334E-02  0.1166071E-01  0.7739651E-02  0.4095340E-03  0.2868211E-04  0.9389915E-02  0.0000000E+00  0.0000000E+00  0.0000000E+00
  0.50000  0.22992  0.13142  0.14170  0.2145983E-01  0.7770525E-02  0.1166166E-01  0.7742084E-02  0.4092705E-03  0.2844098E-04  0.9388899E-02  0.0000000E+00  0.0000000E+00  0.0000000E+00
  0.50000  0.22989  0.13152  0.14180  0.2145951E-01  0.7772716E-02  0.1166259E-01  0.7744501E-02  0.4090660E-03  0.2821519E-04  0.9387851E-02  0.0000000E+00  0.0000000E+00  0.0000000E+00
  0.50000  0.22986  0.13162  0.14190  0.2145917E-01  0.7774905E-02  0.1166349E-01  0.7746902E-02  0.4089144E-03  0.2800319E-04  0.9386773E-02  0.0000000E+00  0.0000000E+00  0.0000000E+00
  0.50000  0.22984  0.13172  0.14200  0.2145883E-01  0.7777091E-02  0.1166436E-01  0.7749287E-02  0.4088107E-03  0.2780361E-04  0.9385662E-02  0.0000000E+00  0.0000000E+00  0.0000000E+00
  0.50000  0.22981  0.13182  0.14210  0.2145847E-01  0.7779272E-02  0.1166520E-01  0.7751657E-02  0.4087506E-03  0.2761529E-04  0.9384521E-02  0.0000000E+00  0.0000000E+00  0.0000000E+00
  0.50000  0.22978  0.13192  0.14220  0.2145810E-01  0.7781447E-02  0.1166602E-01  0.7754010E-02  0.4087302E-03  0.2743722E-04  0.9383347E-02  0.0000000E+00  0.0000000E+00  0.0000000E+00
  0.50000  0.22975  0.13202  0.14230  0.2145770E-01  0.7783616E-02  0.1166681E-01  0.7756348E-02  0.4087463E-03  0.2726851E-04  0.9382143E-02  0.0000000E+00  0.0000000E+00  0.0000000E+00
  0.50000  0.22972  0.13212  0.14240  0.2145727E-01  0.7785778E-02  0.1166757E-01  0.7758669E-02  0.4087959E-03  0.2710837E-04  0.9380907E-02  0.0000000E+00  0.0000000E+00  0.0000000E+00
  0.50000  0.22969  0.13223  0.14250  0.2145682E-01  0.7787931E-02  0.1166831E-01  0.7760975E-02  0.4088765E-03  0.2695613E-04  0.9379640E-02  0.0000000E+00  0.0000000E+00  0.0000000E+00
  0.50000  0.22967  0.13233  0.14260  0.2145634E-01  0.7790076E-02  0.1166902E-01  0.7763265E-02  0.4089858E-03  0.2681117E-04  0.9378341E-02  0.0000000E+00  0.0000000E+00  0.0000000E+00
  0.50000  0.22964  0.13243  0.14270  0.2145583E-01  0.7792212E-02  0.1166970E-01  0.7765539E-02  0.4091217E-03  0.2667294E-04  0.9377011E-02  0.0000000E+00  0.0000000E+00  0.0000000E+00
  0.50000  0.22961  0.13253  0.14280  0.2145529E-01  0.7794338E-02  0.1167035E-01  0.7767797E-02  0.4092824E-03  0.2654096E-04  0.9375650E-02  0.0000000E+00  0.0000000E+00  0.0000000E+00
  0.50000  0.22958  0.13263  0.14290  0.2145471E-01  0.7796454E-02  0.1167098E-01  0.7770039E-02  0.4094663E-03  0.2641478E-04  0.9374258E-02  0.0000000E+00  0.0000000E+00  0.0000000E+00
  0.50000  0.22955  0.13273  0.14300  0.2145409E-01  0.7798559E-02  0.1167158E-01  0.7772265E-02  0.4096719E-03  0.2629402E-04  0.9372834E-02  0.0000000E+00  0.0000000E+00  0.0000000E+00
  0.50000  0.22952  0.13283  0.14310  0.2145343E-01  0.7800653E-02  0.1167216E-01  0.7774475E-02  0.4098980E-03  0.2617832E-04  0.9371379E-02  0.0000000E+00  0.0000000E+00  0.0000000E+00
  0.50000  0.22949  0.13293  0.14320  0.2145274E-01  0.7802736E-02  0.1167270E-01  0.7776669E-02  0.4101432E-03  0.2606735E-04  0.9369893E-02  0.0000000E+00  0.0000000E+00  0.0000000E+00
  0.50000  0.22947  0.13304  0.14330  0.2145201E-01  0.7804808E-02  0.1167323E-01  0.7778847E-02  0.4104066E-03  0.2596083E-04  0.9368375E-02  0.0000000E+00  0.0000000E+00  0.0000000E+00
  0.50000  0.22944  0.13314  0.14340  0.2145123E-01  0.7806868E-02  0.1167372E-01  0.7781009E-02  0.4106870E-03  0.2585848E-04  0.9366827E-02  0.0000000E+00  0.0000000E+00  0.0000000E+00
  0.50000  0.22941  0.13324  0.14350  0.2145042E-01  0.7808915E-02  0.1167419E-01  0.7783155E-02  0.4109837E-03  0.2576006E-04  0.9365247E-02  0.0000000E+00  0.0000000E+00  0.0000000E+00
  0.50000  0.22938  0.13334  0.14360  0.2144956E-01  0.7810951E-02  0.1167462E-01  0.7785285E-02  0.4112957E-03  0.2566534E-04  0.9363636E-02  0.0000000E+00  0.0000000E+00  0.0000000E+00
  0.50000  0.22935  0.13344  0.14370  0.2144865E-01  0.7812973E-02  0.1167504E-01  0.7787399E-02  0.4116224E-03  0.2557413E-04  0.9361994E-02  0.0000000E+00  0.0000000E+00  0.0000000E+00
  0.50000  0.22932  0.13354  0.14380  0.2144771E-01  0.7814984E-02  0.1167542E-01  0.7789497E-02  0.4119630E-03  0.2548623E-04  0.9360321E-02  0.0000000E+00  0.0000000E+00  0.0000000E+00
  0.50000  0.22929  0.13364  0.14390  0.2144672E-01  0.7816981E-02  0.1167578E-01  0.7791579E-02  0.4123168E-03  0.2540147E-04  0.9358617E-02  0.0000000E+00  0.0000000E+00  0.0000000E+00
  0.50000  0.22926  0.13374  0.14400  0.2144568E-01  0.7818965E-02  0.1167611E-01  0.7793645E-02  0.4126833E-03  0.2531968E-04  0.9356882E-02  0.0000000E+00  0.0000000E+00  0.0000000E+00
  0.50000  0.22924  0.13385  0.14410  0.2144460E-01  0.7820936E-02  0.1167642E-01  0.7795695E-02  0.4130620E-03  0.2524072E-04  0.9355116E-02  0.0000000E+00  0.0000000E+00  0.0000000E+00
  0.50000  0.22921  0.13395  0.14420  0.2144347E-01  0.7822893E-02  0.1167670E-01  0.7797729E-02  0.4134522E-03  0.2516445E-04  0.9353318E-02  0.0000000E+00  0.0000000E+00  0.0000000E+00
  0.50000  0.22918  0.13405  0.14430  0.2144229E-01  0.7824837E-02  0.1167695E-01  0.7799747E-02  0.4138536E-03  0.2509074E-04  0.9351490E-02  0.0000000E+00  0.0000000E+00  0.0000000E+00
  0.50000  0.22915  0.13415  0.14440  0.2144107E-01  0.7826768E-02  0.1167717E-01  0.7801748E-02  0.4142657E-03  0.2501948E-04  0.9349631E-02  0.0000000E+00  0.0000000E+00  0.0000000E+00
  0.50000  0.22912  0.13425  0.14450  0.2143980E-01  0.7828684E-02  0.1167737E-01  0.7803734E-02  0.4146880E-03  0.2495054E-04  0.9347741E-02  0.0000000E+00  0.0000000E+00  0.0000000E+00
  0.50000  0.22909  0.13435  0.14460  0.2143848E-01  0.7830587E-02  0.1167754E-01  0.7805703E-02  0.4151203E-03  0.2488383E-04  0.9345820E-02  0.0000000E+00  0.0000000E+00  0.0000000E+00
  0.50000  0.22906  0.13445  0.14470  0.2143711E-01  0.7832476E-02  0.1167768E-01  0.7807657E-02  0.4155621E-03  0.2481925E-04  0.9343868E-02  0.0000000E+00  0.0000000E+00  0.0000000E+00
  0.50000  0.22903  0.13456  0.14480  0.2143570E-01  0.7834351E-02  0.1167780E-01  0.7809594E-02  0.4160130E-03  0.2475671E-04  0.9341886E-02  0.0000000E+00  0.0000000E+00  0.0000000E+00
  0.50000  0.22900  0.13466  0.14490  0.2143423E-01  0.7836211E-02  0.1167789E-01  0.7811515E-02  0.4164729E-03  0.2469612E-04  0.9339872E-02  0.0000000E+00  0.0000000E+00  0.0000000E+00
  0.50000  0.22897  0.13476  0.14500  0.2143272E-01  0.7838057E-02  0.1167795E-01  0.7813420E-02  0.4169414E-03  0.2463741E-04  0.9337828E-02  0.0000000E+00  0.0000000E+00  0.0000000E+00
  0.50000  0.22895  0.13486  0.14510  0.2143116E-01  0.7839889E-02  0.1167799E-01  0.7815309E-02  0.4174182E-03  0.2458049E-04  0.9335753E-02  0.0000000E+00  0.0000000E+00  0.0000000E+00
  0.50000  0.22892  0.13496  0.14520  0.2142955E-01  0.7841707E-02  0.1167800E-01  0.7817182E-02  0.4179031E-03  0.2452530E-04  0.9333647E-02  0.0000000E+00  0.0000000E+00  0.0000000E+00
  0.50000  0.22889  0.13506  0.14530  0.2142789E-01  0.7843510E-02  0.1167798E-01  0.7819038E-02  0.4183958E-03  0.2447177E-04  0.9331511E-02  0.0000000E+00  0.0000000E+00  0.0000000E+00
  0.50000  0.22886  0.13516  0.14540  0.2142617E-01  0.7845299E-02  0.1167793E-01  0.7820879E-02  0.4188960E-03  0.2441984E-04  0.9329343E-02  0.0000000E+00  0.0000000E+00  0.0000000E+00
  0.50000  0.22883  0.13526  0.14550  0.2142441E-01  0.7847073E-02  0.1167786E-01  0.7822703E-02  0.4194036E-03  0.2436945E-04  0.9327145E-02  0.0000000E+00  0.0000000E+00  0.0000000E+00
  0.50000  0.22880  0.13537  0.14560  0.2142260E-01  0.7848832E-02  0.1167776E-01  0.7824511E-02  0.4199184E-03  0.2432054E-04  0.9324917E-02  0.0000000E+00  0.0000000E+00  0.0000000E+00
  0.50000  0.22877  0.13547  0.14570  0.2142074E-01  0.7850576E-02  0.1167764E-01  0.7826303E-02  0.4204402E-03  0.2427306E-04  0.9322658E-02  0.0000000E+00  0.0000000E+00  0.0000000E+00
  0.50000  0.22874  0.13557  0.14580  0.2141882E-01  0.7852306E-02  0.1167749E-01  0.7828079E-02  0.4209687E-03  0.2422696E-04  0.9320368E-02  0.0000000E+00  0.0000000E+00  0.0000000E+00
  0.50000  0.22871  0.13567  0.14590  0.2141686E-01  0.7854021E-02  0.1167731E-01  0.7829839E-02  0.4215039E-03  0.2418219E-04  0.9318048E-02  0.0000000E+00  0.0000000E+00  0.0000000E+00
  0.50000  0.22868  0.13577  0.14600  0.2141485E-01  0.7855721E-02  0.1167710E-01  0.7831582E-02  0.4220455E-03  0.2413871E-04  0.9315697E-02  0.0000000E+00  0.0000000E+00  0.0000000E+00
  0.50000  0.22865  0.13587  0.14610  0.2145845E-01  0.7867767E-02  0.1167687E-01  0.7833310E-02  0.4682656E-03  0.3445687E-04  0.9313316E-02  0.0000000E+00  0.0000000E+00  0.0000000E+00
  0.50000  0.22863  0.13597  0.14620  0.2145552E-01  0.7869176E-02  0.1167661E-01  0.7835021E-02  0.4680014E-03  0.3415502E-04  0.9310904E-02  0.0000000E+00  0.0000000E+00  0.0000000E+00
  0.50000  0.22860  0.13607  0.14630  0.2145259E-01  0.7870589E-02  0.1167633E-01  0.7836716E-02  0.4678064E-03  0.3387318E-04  0.9308462E-02  0.0000000E+00  0.0000000E+00  0.0000000E+00
  0.50000  0.22857  0.13618  0.14640  0.2144968E-01  0.7872004E-02  0.1167601E-01  0.7838394E-02  0.4676732E-03  0.3360921E-04  0.9305989E-02  0.0000000E+00  0.0000000E+00  0.0000000E+00
  0.50000  0.22854  0.13628  0.14650  0.2144676E-01  0.7873418E-02  0.1167567E-01  0.7840057E-02  0.4675959E-03  0.3336128E-04  0.9303487E-02  0.0000000E+00  0.0000000E+00  0.0000000E+00
  0.50000  0.22851  0.13638  0.14660  0.2144383E-01  0.7874831E-02  0.1167531E-01  0.7841703E-02  0.4675691E-03  0.3312785E-04  0.9300953E-02  0.0000000E+00  0.0000000E+00  0.0000000E+00
  0.50000  0.22848  0.13648  0.14670  0.2144089E-01  0.7876241E-02  0.1167492E-01  0.7843333E-02  0.4675881E-03  0.3290754E-04  0.9298390E-02  0.0000000E+00  0.0000000E+00  0.0000000E+00
  0.50000  0.22845  0.13658  0.14680  0.2143794E-01  0.7877647E-02  0.1167450E-01  0.7844947E-02  0.4676491E-03  0.3269918E-04  0.9295796E-02  0.0000000E+00  0.0000000E+00  0.0000000E+00
  0.50000  0.22842  0.13668  0.14690  0.2143497E-01  0.7879047E-02  0.1167405E-01  0.7846545E-02  0.4677486E-03  0.3250174E-04  0.9293172E-02  0.0000000E+00  0.0000000E+00  0.0000000E+00
  0.50000  0.22839  0.13678  0.14700  0.2143198E-01  0.7880441E-02  0.1167358E-01  0.7848127E-02  0.4678835E-03  0.3231432E-04  0.9290517E-02  0.0000000E+00  0.0000000E+00  0.0000000E+00
  0.50000  0.22836  0.13689  0.14710  0.2142896E-01  0.7881828E-02  0.1167308E-01  0.7849692E-02  0.4680512E-03  0.3213610E-04  0.9287833E-02  0.0000000E+00  0.0000000E+00  0.0000000E+00
  0.50000  0.22833  0.13699  0.14720  0.2142592E-01  0.7883207E-02  0.1167255E-01  0.7851241E-02  0.4682491E-03  0.3196639E-04  0.9285118E-02  0.0000000E+00  0.0000000E+00  0.0000000E+00
  0.50000  0.22830  0.13709  0.14730  0.2142285E-01  0.7884578E-02  0.1167200E-01  0.7852774E-02  0.4684753E-03  0.3180454E-04  0.9282373E-02  0.0000000E+00  0.0000000E+00  0.0000000E+00
  0.50000  0.22827  0.13719  0.14740  0.2141975E-01  0.7885940E-02  0.1167142E-01  0.7854290E-02  0.4687277E-03  0.3164998E-04  0.9279599E-02  0.0000000E+00  0.0000000E+00  0.0000000E+00
  0.50000  0.22824  0.13729  0.14750  0.2141661E-01  0.7887293E-02  0.1167081E-01  0.7855790E-02  0.4690047E-03  0.3150222E-04  0.9276794E-02  0.0000000E+00  0.0000000E+00  0.0000000E+00
  0.50000  0.22821  0.13739  0.14760  0.2141344E-01  0.7888635E-02  0.1167018E-01  0.7857275E-02  0.4693047E-03  0.3136078E-04  0.9273959E-02  0.0000000E+00  0.0000000E+00  0.0000000E+00
  0.50000  0.22818  0.13749  0.14770  0.2141024E-01  0.7889968E-02  0.1166952E-01  0.7858742E-02  0.4696264E-03  0.3122526E-04  0.9271094E-02  0.0000000E+00  0.0000000E+00  0.0000000E+00
  0.50000  0.22816  0.13759  0.14780  0.2140700E-01  0.7891289E-02  0.1166884E-01  0.7860194E-02  0.4699685E-03  0.3109527E-04  0.9268199E-02  0.0000000E+00  0.0000000E+00  0.0000000E+00
  0.50000  0.22813  0.13770  0.14790  0.2140373E-01  0.7892600E-02  0.1166812E-01  0.7861629E-02  0.4703298E-03  0.3097048E-04  0.9265274E-02  0.0000000E+00  0.0000000E+00  0.0000000E+00
  0.50000  0.22810  0.13780  0.14800  0.2140041E-01  0.7893899E-02  0.1166738E-01  0.7863048E-02  0.4707093E-03  0.3085058E-04  0.9262319E-02  0.0000000E+00  0.0000000E+00  0.0000000E+00
  0.50000  0.22807  0.13790  0.14810  0.2139706E-01  0.7895187E-02  0.1166662E-01  0.7864451E-02  0.4711060E-03  0.3073527E-04  0.9259335E-02  0.0000000E+00  0.0000000E+00  0.0000000E+00
  0.50000  0.22804  0.13800  0.14820  0.2139367E-01  0.7896462E-02  0.1166583E-01  0.7865838E-02  0.4715191E-03  0.3062430E-04  0.9256321E-02  0.0000000E+00  0.0000000E+00  0.0000000E+00
  0.50000  0.22801  0.13810  0.14830  0.2139023E-01  0.7897726E-02  0.1166501E-01  0.7867208E-02  0.4719478E-03  0.3051743E-04  0.9253276E-02  0.0000000E+00  0.0000000E+00  0.0000000E+00
  0.50000  0.22798  0.13820  0.14840  0.2138676E-01  0.7898977E-02  0.1166416E-01  0.7868562E-02  0.4723913E-03  0.3041443E-04  0.9250203E-02  0.0000000E+00  0.0000000E+00  0.0000000E+00
  0.50000  0.22795  0.13830  0.14850  0.2138324E-01  0.7900215E-02  0.1166329E-01  0.7869900E-02  0.4728489E-03  0.3031511E-04  0.9247099E-02  0.0000000E+00  0.0000000E+00  0.0000000E+00
  0.50000  0.22792  0.13840  0.14860  0.2137968E-01  0.7901441E-02  0.1166239E-01  0.7871222E-02  0.4733201E-03  0.3021928E-04  0.9243966E-02  0.0000000E+00  0.0000000E+00  0.0000000E+00
  0.50000  0.22789  0.13851  0.14870  0.2137608E-01  0.7902654E-02  0.1166147E-01  0.7872527E-02  0.4738042E-03  0.3012676E-04  0.9240803E-02  0.0000000E+00  0.0000000E+00  0.0000000E+00
  0.50000  0.22786  0.13861  0.14880  0.2137243E-01  0.7903854E-02  0.1166052E-01  0.7873816E-02  0.4743007E-03  0.3003738E-04  0.9237611E-02  0.0000000E+00  0.0000000E+00  0.0000000E+00
  0.50000  0.22783  0.13871  0.14890  0.2136874E-01  0.7905040E-02  0.1165954E-01  0.7875089E-02  0.4748091E-03  0.2995101E-04  0.9234389E-02  0.0000000E+00  0.0000000E+00  0.0000000E+00
  0.50000  0.22780  0.13881  0.14900  0.2136500E-01  0.7906213E-02  0.1165854E-01  0.7876346E-02  0.4753289E-03  0.2986750E-04  0.9231137E-02  0.0000000E+00  0.0000000E+00  0.0000000E+00
  0.50000  0.22777  0.13891  0.14910  0.2136122E-01  0.7907373E-02  0.1165751E-01  0.7877586E-02  0.4758598E-03  0.2978672E-04  0.9227856E-02  0.0000000E+00  0.0000000E+00  0.0000000E+00
  0.50000  0.22774  0.13901  0.14920  0.2135740E-01  0.7908518E-02  0.1165645E-01  0.7878810E-02  0.4764013E-03  0.2970855E-04  0.9224546E-02  0.0000000E+00  0.0000000E+00  0.0000000E+00
  0.50000  0.22771  0.13911  0.14930  0.2135353E-01  0.7909650E-02  0.1165537E-01  0.7880018E-02  0.4769530E-03  0.2963287E-04  0.9221206E-02  0.0000000E+00  0.0000000E+00  0.0000000E+00
  0.50000  0.22768  0.13922  0.14940  0.2134961E-01  0.7910769E-02  0.1165426E-01  0.7881209E-02  0.4775146E-03  0.2955959E-04  0.9217837E-02  0.0000000E+00  0.0000000E+00  0.0000000E+00
  0.50000  0.22765  0.13932  0.14950  0.2134565E-01  0.7911873E-02  0.1165312E-01  0.7882384E-02  0.4780857E-03  0.2948860E-04  0.9214438E-02  0.0000000E+00  0.0000000E+00  0.0000000E+00
  0.50000  0.22762  0.13942  0.14960  0.2134164E-01  0.7912963E-02  0.1165196E-01  0.7883543E-02  0.4786661E-03  0.2941980E-04  0.9211010E-02  0.0000000E+00  0.0000000E+00  0.0000000E+00
  0.50000  0.22759  0.13952  0.14970  0.2133758E-01  0.7914039E-02  0.1165077E-01  0.7884686E-02  0.4792554E-03  0.2935311E-04  0.9207553E-02  0.0000000E+00  0.0000000E+00  0.0000000E+00
  0.50000  0.22756  0.13962  0.14980  0.2133348E-01  0.7915101E-02  0.1164956E-01  0.7885812E-02  0.4798533E-03  0.2928845E-04  0.9204067E-02  0.0000000E+00  0.0000000E+00  0.0000000E+00
  0.50000  0.22753  0.13972  0.14990  0.2132933E-01  0.7916148E-02  0.1164832E-01  0.7886923E-02  0.4804597E-03  0.2922574E-04  0.9200552E-02  0.0000000E+00  0.0000000E+00  0.0000000E+00
  0.50000  0.22750  0.13982  0.15000  0.2132513E-01  0.7917182E-02  0.1164705E-01  0.7888017E-02  0.4810743E-03  0.2916490E-04  0.9197007E-02  0.0000000E+00  0.0000000E+00  0.0000000E+00
  0.50000  0.22747  0.13993  0.15010  0.2132089E-01  0.7918200E-02  0.1164576E-01  0.7889094E-02  0.4816968E-03  0.2910587E-04  0.9193434E-02  0.0000000E+00  0.0000000E+00  0.0000000E+00
  0.50000  0.22744  0.14003  0.15020  0.2131660E-01  0.7919204E-02  0.1164444E-01  0.7890156E-02  0.4823270E-03  0.2904857E-04  0.9189831E-02  0.0000000E+00  0.0000000E+00  0.0000000E+00
  0.50000  0.22741  0.14013  0.15030  0.2131226E-01  0.7920194E-02  0.1164309E-01  0.7891201E-02  0.4829648E-03  0.2899296E-04  0.9186199E-02  0.0000000E+00  0.0000000E+00  0.0000000E+00
  0.50000  0.22738  0.14023  0.15040  0.2130787E-01  0.7921169E-02  0.1164172E-01  0.7892230E-02  0.4836099E-03  0.2893897E-04  0.9182539E-02  0.0000000E+00  0.0000000E+00  0.0000000E+00
  0.50000  0.22735  0.14033  0.15050  0.2130344E-01  0.7922129E-02  0.1164032E-01  0.7893243E-02  0.4842621E-03  0.2888654E-04  0.9178849E-02  0.0000000E+00  0.0000000E+00  0.0000000E+00
  0.50000  0.22732  0.14043  0.15060  0.2129895E-01  0.7923075E-02  0.1163890E-01  0.7894239E-02  0.4849213E-03  0.2883562E-04  0.9175131E-02  0.0000000E+00  0.0000000E+00  0.0000000E+00
  0.50000  0.22729  0.14053  0.15070  0.2134258E-01  0.7935967E-02  0.1163745E-01  0.7895219E-02  0.5337485E-03  0.4074827E-04  0.9171384E-02  0.0000000E+00  0.0000000E+00  0.0000000E+00
  0.50000  0.22726  0.14063  0.15080  0.2133717E-01  0.7936585E-02  0.1163597E-01  0.7896183E-02  0.5335831E-03  0.4040221E-04  0.9167608E-02  0.0000000E+00  0.0000000E+00  0.0000000E+00
  0.50000  0.22723  0.14074  0.15090  0.2133176E-01  0.7937210E-02  0.1163447E-01  0.7897131E-02  0.5334886E-03  0.4007879E-04  0.9163803E-02  0.0000000E+00  0.0000000E+00  0.0000000E+00
  0.50000  0.22720  0.14084  0.15100  0.2132637E-01  0.7937838E-02  0.1163294E-01  0.7898062E-02  0.5334575E-03  0.3977564E-04  0.9159969E-02  0.0000000E+00  0.0000000E+00  0.0000000E+00
  0.50000  0.22717  0.14094  0.15110  0.2132098E-01  0.7938468E-02  0.1163139E-01  0.7898977E-02  0.5334837E-03  0.3949071E-04  0.9156107E-02  0.0000000E+00  0.0000000E+00  0.0000000E+00
  0.50000  0.22714  0.14104  0.15120  0.2131559E-01  0.7939099E-02  0.1162981E-01  0.7899876E-02  0.5335619E-03  0.3922226E-04  0.9152217E-02  0.0000000E+00  0.0000000E+00  0.0000000E+00
  0.50000  0.22711  0.14114  0.15130  0.2131019E-01  0.7939728E-02  0.1162820E-01  0.7900759E-02  0.5336874E-03  0.3896875E-04  0.9148297E-02  0.0000000E+00  0.0000000E+00  0.0000000E+00
  0.50000  0.22708  0.14124  0.15140  0.2130478E-01  0.7940355E-02  0.1162657E-01  0.7901626E-02  0.5338562E-03  0.3872886E-04  0.9144349E-02  0.0000000E+00  0.0000000E+00  0.0000000E+00
  0.50000  0.22705  0.14134  0.15150  0.2129935E-01  0.7940977E-02  0.1162491E-01  0.7902476E-02  0.5340647E-03  0.3850143E-04  0.9140373E-02  0.0000000E+00  0.0000000E+00  0.0000000E+00
  0.50000  0.22702  0.14145  0.15160  0.2129391E-01  0.7941596E-02  0.1162323E-01  0.7903310E-02  0.5343099E-03  0.3828543E-04  0.9136368E-02  0.0000000E+00  0.0000000E+00  0.0000000E+00
  0.50000  0.22699  0.14155  0.15170  0.2128845E-01  0.7942208E-02  0.1162152E-01  0.7904128E-02  0.5345890E-03  0.3807996E-04  0.9132335E-02  0.0000000E+00  0.0000000E+00  0.0000000E+00
  0.50000  0.22696  0.14165  0.15180  0.2128296E-01  0.7942814E-02  0.1161979E-01  0.7904930E-02  0.5348996E-03  0.3788421E-04  0.9128274E-02  0.0000000E+00  0.0000000E+00  0.0000000E+00
  0.50000  0.22693  0.14175  0.15190  0.2127745E-01  0.7943413E-02  0.1161803E-01  0.7905715E-02  0.5352394E-03  0.3769747E-04  0.9124184E-02  0.0000000E+00  0.0000000E+00  0.0000000E+00
  0.50000  0.22690  0.14185  0.15200  0.2127191E-01  0.7944003E-02  0.1161624E-01  0.7906484E-02  0.5356066E-03  0.3751908E-04  0.9120066E-02  0.0000000E+00  0.0000000E+00  0.0000000E+00
  0.50000  0.22687  0.14195  0.15210  0.2126634E-01  0.7944586E-02  0.1161443E-01  0.7907237E-02  0.5359994E-03  0.3734848E-04  0.9115920E-02  0.0000000E+00  0.0000000E+00  0.0000000E+00
  0.50000  0.22684  0.14205  0.15220  0.2126075E-01  0.7945159E-02  0.1161259E-01  0.7907974E-02  0.5364161E-03  0.3718514E-04  0.9111745E-02  0.0000000E+00  0.0000000E+00  0.0000000E+00
  0.50000  0.22680  0.14215  0.15230  0.2125512E-01  0.7945724E-02  0.1161072E-01  0.7908695E-02  0.5368555E-03  0.3702858E-04  0.9107543E-02  0.0000000E+00  0.0000000E+00  0.0000000E+00
  0.50000  0.22677  0.14226  0.15240  0.2124946E-01  0.7946278E-02  0.1160883E-01  0.7909399E-02  0.5373161E-03  0.3687839E-04  0.9103312E-02  0.0000000E+00  0.0000000E+00  0.0000000E+00
  0.50000  0.22674  0.14236  0.15250  0.2124377E-01  0.7946822E-02  0.1160692E-01  0.7910088E-02  0.5377969E-03  0.3673417E-04  0.9099054E-02  0.0000000E+00  0.0000000E+00  0.0000000E+00
  0.50000  0.22671  0.14246  0.15260  0.2123804E-01  0.7947355E-02  0.1160498E-01  0.7910760E-02  0.5382967E-03  0.3659556E-04  0.9094767E-02  0.0000000E+00  0.0000000E+00  0.0000000E+00
  0.50000  0.22668  0.14256  0.15270  0.2123228E-01  0.7947878E-02  0.1160301E-01  0.7911416E-02  0.5388146E-03  0.3646225E-04  0.9090452E-02  0.0000000E+00  0.0000000E+00  0.0000000E+00
  0.50000  0.22665  0.14266  0.15280  0.2122648E-01  0.7948390E-02  0.1160102E-01  0.7912056E-02  0.5393497E-03  0.3633392E-04  0.9086110E-02  0.0000000E+00  0.0000000E+00  0.0000000E+00
  0.50000  0.22662  0.14276  0.15290  0.2122064E-01  0.7948890E-02  0.1159900E-01  0.7912679E-02  0.5399011E-03  0.3621032E-04  0.9081740E-02  0.0000000E+00  0.0000000E+00  0.0000000E+00
  0.50000  0.22659  0.14286  0.15300  0.2121477E-01  0.7949378E-02  0.1159696E-01  0.7913287E-02  0.5404680E-03  0.3609118E-04  0.9077342E-02  0.0000000E+00  0.0000000E+00  0.0000000E+00
  0.50000  0.22656  0.14297  0.15310  0.2120885E-01  0.7949854E-02  0.1159489E-01  0.7913878E-02  0.5410499E-03  0.3597628E-04  0.9072916E-02  0.0000000E+00  0.0000000E+00  0.0000000E+00
  0.50000  0.22653  0.14307  0.15320  0.2120290E-01  0.7950319E-02  0.1159279E-01  0.7914453E-02  0.5416460E-03  0.3586540E-04  0.9068463E-02  0.0000000E+00  0.0000000E+00  0.0000000E+00
  0.50000  0.22650  0.14317  0.15330  0.2119691E-01  0.7950771E-02  0.1159067E-01  0.7915012E-02  0.5422558E-03  0.3575834E-04  0.9063982E-02  0.0000000E+00  0.0000000E+00  0.0000000E+00
  0.50000  0.22647  0.14327  0.15340  0.2119088E-01  0.7951210E-02  0.1158853E-01  0.7915555E-02  0.5428787E-03  0.3565491E-04  0.9059473E-02  0.0000000E+00  0.0000000E+00  0.0000000E+00
  0.50000  0.22644  0.14337  0.15350  0.2118481E-01  0.7951637E-02  0.1158636E-01  0.7916082E-02  0.5435141E-03  0.3555495E-04  0.9054937E-02  0.0000000E+00  0.0000000E+00  0.0000000E+00
  0.50000  0.22641  0.14347  0.15360  0.2117869E-01  0.7952051E-02  0.1158416E-01  0.7916593E-02  0.5441616E-03  0.3545829E-04  0.9050374E-02  0.0000000E+00  0.0000000E+00  0.0000000E+00
  0.50000  0.22638  0.14357  0.15370  0.2117254E-01  0.7952452E-02  0.1158194E-01  0.7917087E-02  0.5448208E-03  0.3536479E-04  0.9045783E-02  0.0000000E+00  0.0000000E+00  0.0000000E+00
  0.50000  0.22635  0.14368  0.15380  0.2116635E-01  0.7952840E-02  0.1157969E-01  0.7917566E-02  0.5454912E-03  0.3527430E-04  0.9041164E-02  0.0000000E+00  0.0000000E+00  0.0000000E+00
  0.50000  0.22631  0.14378  0.15390  0.2116011E-01  0.7953215E-02  0.1157742E-01  0.7918028E-02  0.5461725E-03  0.3518670E-04  0.9036519E-02  0.0000000E+00  0.0000000E+00  0.0000000E+00
  0.50000  0.22628  0.14388  0.15400  0.2115383E-01  0.7953576E-02  0.1157512E-01  0.7918474E-02  0.5468642E-03  0.3510187E-04  0.9031846E-02  0.0000000E+00  0.0000000E+00  0.0000000E+00
  0.50000  0.22625  0.14398  0.15410  0.2114751E-01  0.7953924E-02  0.1157280E-01  0.7918905E-02  0.5475661E-03  0.3501968E-04  0.9027145E-02  0.0000000E+00  0.0000000E+00  0.0000000E+00
  0.50000  0.22622  0.14408  0.15420  0.2114115E-01  0.7954259E-02  0.1157045E-01  0.7919319E-02  0.5482778E-03  0.3494003E-04  0.9022418E-02  0.0000000E+00  0.0000000E+00  0.0000000E+00
  0.50000  0.22619  0.14418  0.15430  0.2113474E-01  0.7954580E-02  0.1156808E-01  0.7919717E-02  0.5489990E-03  0.3486283E-04  0.9017664E-02  0.0000000E+00  0.0000000E+00  0.0000000E+00
  0.50000  0.22616  0.14428  0.15440  0.2112829E-01  0.7954887E-02  0.1156568E-01  0.7920099E-02  0.5497295E-03  0.3478797E-04  0.9012882E-02  0.0000000E+00  0.0000000E+00  0.0000000E+00
  0.50000  0.22613  0.14438  0.15450  0.2112180E-01  0.7955180E-02  0.1156326E-01  0.7920465E-02  0.5504689E-03  0.3471537E-04  0.9008073E-02  0.0000000E+00  0.0000000E+00  0.0000000E+00
  0.50000  0.22610  0.14449  0.15460  0.2111526E-01  0.7955460E-02  0.1156081E-01  0.7920815E-02  0.5512171E-03  0.3464494E-04  0.9003238E-02  0.0000000E+00  0.0000000E+00  0.0000000E+00
  0.50000  0.22607  0.14459  0.15470  0.2110868E-01  0.7955725E-02  0.1155833E-01  0.7921148E-02  0.5519737E-03  0.3457660E-04  0.8998375E-02  0.0000000E+00  0.0000000E+00  0.0000000E+00
  0.50000  0.22604  0.14469  0.15480  0.2110206E-01  0.7955977E-02  0.1155583E-01  0.7921466E-02  0.5527386E-03  0.3451028E-04  0.8993486E-02  0.0000000E+00  0.0000000E+00  0.0000000E+00
  0.50000  0.22601  0.14479  0.15490  0.2109539E-01  0.7956214E-02  0.1155331E-01  0.7921768E-02  0.5535115E-03  0.3444591E-04  0.8988570E-02  0.0000000E+00  0.0000000E+00  0.0000000E+00
  0.50000  0.22598  0.14489  0.15500  0.2108868E-01  0.7956437E-02  0.1155076E-01  0.7922054E-02  0.5542923E-03  0.3438341E-04  0.8983627E-02  0.0000000E+00  0.0000000E+00  0.0000000E+00
  0.50000  0.22594  0.14499  0.15510  0.2108193E-01  0.7956647E-02  0.1154819E-01  0.7922324E-02  0.5550807E-03  0.3432273E-04  0.8978658E-02  0.0000000E+00  0.0000000E+00  0.0000000E+00
  0.50000  0.22591  0.14509  0.15520  0.2112643E-01  0.7970873E-02  0.1154559E-01  0.7922578E-02  0.6071738E-03  0.4829564E-04  0.8973662E-02  0.0000000E+00  0.0000000E+00  0.0000000E+00
  0.50000  0.22588  0.14520  0.15530  0.2111867E-01  0.7970694E-02  0.1154297E-01  0.7922816E-02  0.6070652E-03  0.4787807E-04  0.8968639E-02  0.0000000E+00  0.0000000E+00  0.0000000E+00
  0.50000  0.22585  0.14530  0.15540  0.2111094E-01  0.7970526E-02  0.1154032E-01  0.7923037E-02  0.6070355E-03  0.4748849E-04  0.8963590E-02  0.0000000E+00  0.0000000E+00  0.0000000E+00
  0.50000  0.22582  0.14540  0.15550  0.2110324E-01  0.7970367E-02  0.1153765E-01  0.7923243E-02  0.6070764E-03  0.4712389E-04  0.8958514E-02  0.0000000E+00  0.0000000E+00  0.0000000E+00
  0.50000  0.22579  0.14550  0.15560  0.2109554E-01  0.7970215E-02  0.1153495E-01  0.7923433E-02  0.6071808E-03  0.4678169E-04  0.8953412E-02  0.0000000E+00  0.0000000E+00  0.0000000E+00
  0.50000  0.22576  0.14560  0.15570  0.2108785E-01  0.7970067E-02  0.1153223E-01  0.7923607E-02  0.6073427E-03  0.4645969E-04  0.8948283E-02  0.0000000E+00  0.0000000E+00  0.0000000E+00
  0.50000  0.22573  0.14570  0.15580  0.2108016E-01  0.7969922E-02  0.1152948E-01  0.7923766E-02  0.6075568E-03  0.4615597E-04  0.8943129E-02  0.0000000E+00  0.0000000E+00  0.0000000E+00
  0.50000  0.22570  0.14580  0.15590  0.2107247E-01  0.7969777E-02  0.1152671E-01  0.7923908E-02  0.6078187E-03  0.4586889E-04  0.8937948E-02  0.0000000E+00  0.0000000E+00  0.0000000E+00
  0.50000  0.22566  0.14591  0.15600  0.2106478E-01  0.7969631E-02  0.1152391E-01  0.7924034E-02  0.6081242E-03  0.4559698E-04  0.8932740E-02  0.0000000E+00  0.0000000E+00  0.0000000E+00
  0.50000  0.22563  0.14601  0.15610  0.2105707E-01  0.7969483E-02  0.1152109E-01  0.7924144E-02  0.6084700E-03  0.4533899E-04  0.8927507E-02  0.0000000E+00  0.0000000E+00  0.0000000E+00
  0.50000  0.22560  0.14611  0.15620  0.2104935E-01  0.7969333E-02  0.1151824E-01  0.7924239E-02  0.6088531E-03  0.4509378E-04  0.8922248E-02  0.0000000E+00  0.0000000E+00  0.0000000E+00
  0.50000  0.22557  0.14621  0.15630  0.2104161E-01  0.7969178E-02  0.1151537E-01  0.7924318E-02  0.6092705E-03  0.4486036E-04  0.8916962E-02  0.0000000E+00  0.0000000E+00  0.0000000E+00
  0.50000  0.22554  0.14631  0.15640  0.2103385E-01  0.7969018E-02  0.1151248E-01  0.7924380E-02  0.6097200E-03  0.4463784E-04  0.8911651E-02  0.0000000E+00  0.0000000E+00  0.0000000E+00
  0.50000  0.22551  0.14641  0.15650  0.2102607E-01  0.7968853E-02  0.1150956E-01  0.7924427E-02  0.6101994E-03  0.4442543E-04  0.8906313E-02  0.0000000E+00  0.0000000E+00  0.0000000E+00
  0.50000  0.22548  0.14651  0.15660  0.2101827E-01  0.7968681E-02  0.1150662E-01  0.7924458E-02  0.6107068E-03  0.4422242E-04  0.8900950E-02  0.0000000E+00  0.0000000E+00  0.0000000E+00
  0.50000  0.22545  0.14662  0.15670  0.2101045E-01  0.7968502E-02  0.1150365E-01  0.7924474E-02  0.6112403E-03  0.4402816E-04  0.8895561E-02  0.0000000E+00  0.0000000E+00  0.0000000E+00
  0.50000  0.22541  0.14672  0.15680  0.2100260E-01  0.7968315E-02  0.1150066E-01  0.7924473E-02  0.6117984E-03  0.4384209E-04  0.8890147E-02  0.0000000E+00  0.0000000E+00  0.0000000E+00
  0.50000  0.22538  0.14682  0.15690  0.2099473E-01  0.7968120E-02  0.1149764E-01  0.7924457E-02  0.6123798E-03  0.4366367E-04  0.8884706E-02  0.0000000E+00  0.0000000E+00  0.0000000E+00
  0.50000  0.22535  0.14692  0.15700  0.2098682E-01  0.7967917E-02  0.1149460E-01  0.7924424E-02  0.6129830E-03  0.4349243E-04  0.8879240E-02  0.0000000E+00  0.0000000E+00  0.0000000E+00
  0.50000  0.22532  0.14702  0.15710  0.2097889E-01  0.7967704E-02  0.1149153E-01  0.7924376E-02  0.6136070E-03  0.4332794E-04  0.8873749E-02  0.0000000E+00  0.0000000E+00  0.0000000E+00
  0.50000  0.22529  0.14712  0.15720  0.2097093E-01  0.7967482E-02  0.1148844E-01  0.7924313E-02  0.6142506E-03  0.4316980E-04  0.8868232E-02  0.0000000E+00  0.0000000E+00  0.0000000E+00
  0.50000  0.22526  0.14722  0.15730  0.2096293E-01  0.7967251E-02  0.1148533E-01  0.7924233E-02  0.6149129E-03  0.4301765E-04  0.8862689E-02  0.0000000E+00  0.0000000E+00  0.0000000E+00
  0.50000  0.22523  0.14733  0.15740  0.2095491E-01  0.7967009E-02  0.1148219E-01  0.7924138E-02  0.6155930E-03  0.4287115E-04  0.8857122E-02  0.0000000E+00  0.0000000E+00  0.0000000E+00
  0.50000  0.22519  0.14743  0.15750  0.2094685E-01  0.7966757E-02  0.1147903E-01  0.7924027E-02  0.6162900E-03  0.4273001E-04  0.8851529E-02  0.0000000E+00  0.0000000E+00  0.0000000E+00
  0.50000  0.22516  0.14753  0.15760  0.2093876E-01  0.7966494E-02  0.1147584E-01  0.7923900E-02  0.6170031E-03  0.4259393E-04  0.8845910E-02  0.0000000E+00  0.0000000E+00  0.0000000E+00
  0.50000  0.22513  0.14763  0.15770  0.2093063E-01  0.7966220E-02  0.1147263E-01  0.7923758E-02  0.6177318E-03  0.4246266E-04  0.8840267E-02  0.0000000E+00  0.0000000E+00  0.0000000E+00
  0.50000  0.22510  0.14773  0.15780  0.2092247E-01  0.7965935E-02  0.1146940E-01  0.7923599E-02  0.6184752E-03  0.4233596E-04  0.8834598E-02  0.0000000E+00  0.0000000E+00  0.0000000E+00
  0.50000  0.22507  0.14783  0.15790  0.2091428E-01  0.7965639E-02  0.1146614E-01  0.7923426E-02  0.6192329E-03  0.4221359E-04  0.8828904E-02  0.0000000E+00  0.0000000E+00  0.0000000E+00
  0.50000  0.22504  0.14793  0.15800  0.2090605E-01  0.7965332E-02  0.1146286E-01  0.7923236E-02  0.6200042E-03  0.4209537E-04  0.8823186E-02  0.0000000E+00  0.0000000E+00  0.0000000E+00
  0.50000  0.22500  0.14804  0.15810  0.2089778E-01  0.7965012E-02  0.1145955E-01  0.7923031E-02  0.6207887E-03  0.4198108E-04  0.8817442E-02  0.0000000E+00  0.0000000E+00  0.0000000E+00
  0.50000  0.22497  0.14814  0.15820  0.2088948E-01  0.7964681E-02  0.1145622E-01  0.7922810E-02  0.6215858E-03  0.4187056E-04  0.8811673E-02  0.0000000E+00  0.0000000E+00  0.0000000E+00
  0.50000  0.22494  0.14824  0.15830  0.2088115E-01  0.7964337E-02  0.1145287E-01  0.7922574E-02  0.6223951E-03  0.4176364E-04  0.8805880E-02  0.0000000E+00  0.0000000E+00  0.0000000E+00
  0.50000  0.22491  0.14834  0.15840  0.2087277E-01  0.7963982E-02  0.1144949E-01  0.7922322E-02  0.6232162E-03  0.4166015E-04  0.8800062E-02  0.0000000E+00  0.0000000E+00  0.0000000E+00
  0.50000  0.22488  0.14844  0.15850  0.2086436E-01  0.7963614E-02  0.1144609E-01  0.7922054E-02  0.6240486E-03  0.4155995E-04  0.8794219E-02  0.0000000E+00  0.0000000E+00  0.0000000E+00
  0.50000  0.22485  0.14854  0.15860  0.2085591E-01  0.7963234E-02  0.1144267E-01  0.7921771E-02  0.6248921E-03  0.4146291E-04  0.8788351E-02  0.0000000E+00  0.0000000E+00  0.0000000E+00
  0.50000  0.22481  0.14864  0.15870  0.2084742E-01  0.7962841E-02  0.1143922E-01  0.7921472E-02  0.6257462E-03  0.4136889E-04  0.8782459E-02  0.0000000E+00  0.0000000E+00  0.0000000E+00
  0.50000  0.22478  0.14875  0.15880  0.2083890E-01  0.7962436E-02  0.1143575E-01  0.7921158E-02  0.6266106E-03  0.4127777E-04  0.8776543E-02  0.0000000E+00  0.0000000E+00  0.0000000E+00
  0.50000  0.22475  0.14885  0.15890  0.2083034E-01  0.7962017E-02  0.1143225E-01  0.7920828E-02  0.6274851E-03  0.4118945E-04  0.8770602E-02  0.0000000E+00  0.0000000E+00  0.0000000E+00
  0.50000  0.22472  0.14895  0.15900  0.2082174E-01  0.7961586E-02  0.1142873E-01  0.7920483E-02  0.6283694E-03  0.4110380E-04  0.8764636E-02  0.0000000E+00  0.0000000E+00  0.0000000E+00
  0.50000  0.22469  0.14905  0.15910  0.2081310E-01  0.7961142E-02  0.1142519E-01  0.7920122E-02  0.6292631E-03  0.4102074E-04  0.8758647E-02  0.0000000E+00  0.0000000E+00  0.0000000E+00
  0.50000  0.22466  0.14915  0.15920  0.2080442E-01  0.7960685E-02  0.1142162E-01  0.7919745E-02  0.6301660E-03  0.4094016E-04  0.8752633E-02  0.0000000E+00  0.0000000E+00  0.0000000E+00
  0.50000  0.22462  0.14925  0.15930  0.2079571E-01  0.7960215E-02  0.1141803E-01  0.7919353E-02  0.6310779E-03  0.4086198E-04  0.8746595E-02  0.0000000E+00  0.0000000E+00  0.0000000E+00
  0.50000  0.22459  0.14935  0.15940  0.2078695E-01  0.7959732E-02  0.1141442E-01  0.7918946E-02  0.6319985E-03  0.4078610E-04  0.8740532E-02  0.0000000E+00  0.0000000E+00  0.0000000E+00
  0.50000  0.22456  0.14946  0.15950  0.2077816E-01  0.7959235E-02  0.1141078E-01  0.7918523E-02  0.6329277E-03  0.4071245E-04  0.8734446E-02  0.0000000E+00  0.0000000E+00  0.0000000E+00
  0.50000  0.22453  0.14956  0.15960  0.2076933E-01  0.7958726E-02  0.1140712E-01  0.7918085E-02  0.6338652E-03  0.4064096E-04  0.8728336E-02  0.0000000E+00  0.0000000E+00  0.0000000E+00
  0.50000  0.22450  0.14966  0.15970  0.2076045E-01  0.7958203E-02  0.1140344E-01  0.7917631E-02  0.6348108E-03  0.4057154E-04  0.8722202E-02  0.0000000E+00  0.0000000E+00  0.0000000E+00
  0.50000  0.22446  0.14976  0.15980  0.2080475E-01  0.7973535E-02  0.1139973E-01  0.7917162E-02  0.6889731E-03  0.5637305E-04  0.8716044E-02  0.0000000E+00  0.0000000E+00  0.0000000E+00
  0.50000  0.22443  0.14986  0.15990  0.2079491E-01  0.7972590E-02  0.1139601E-01  0.7916678E-02  0.6890409E-03  0.5591195E-04  0.8709862E-02  0.0000000E+00  0.0000000E+00  0.0000000E+00
  0.50000  0.22440  0.14996  0.16000  0.2078509E-01  0.7971659E-02  0.1139225E-01  0.7916178E-02  0.6891851E-03  0.5548087E-04  0.8703656E-02  0.0000000E+00  0.0000000E+00  0.0000000E+00
  0.50000  0.22437  0.15006  0.16010  0.2077530E-01  0.7970739E-02  0.1138848E-01  0.7915663E-02  0.6893982E-03  0.5507667E-04  0.8697427E-02  0.0000000E+00  0.0000000E+00  0.0000000E+00
  0.50000  0.22434  0.15017  0.16020  0.2076553E-01  0.7969829E-02  0.1138468E-01  0.7915132E-02  0.6896734E-03  0.5469666E-04  0.8691174E-02  0.0000000E+00  0.0000000E+00  0.0000000E+00
  0.50000  0.22430  0.15027  0.16030  0.2075576E-01  0.7968925E-02  0.1138086E-01  0.7914586E-02  0.6900050E-03  0.5433852E-04  0.8684898E-02  0.0000000E+00  0.0000000E+00  0.0000000E+00
  0.50000  0.22427  0.15037  0.16040  0.2074600E-01  0.7968025E-02  0.1137701E-01  0.7914025E-02  0.6903879E-03  0.5400024E-04  0.8678598E-02  0.0000000E+00  0.0000000E+00  0.0000000E+00
  0.50000  0.22424  0.15047  0.16050  0.2073624E-01  0.7967129E-02  0.1137315E-01  0.7913449E-02  0.6908181E-03  0.5368006E-04  0.8672274E-02  0.0000000E+00  0.0000000E+00  0.0000000E+00
  0.50000  0.22421  0.15057  0.16060  0.2072647E-01  0.7966233E-02  0.1136925E-01  0.7912857E-02  0.6912915E-03  0.5337646E-04  0.8665928E-02  0.0000000E+00  0.0000000E+00  0.0000000E+00
  0.50000  0.22418  0.15067  0.16070  0.2071670E-01  0.7965338E-02  0.1136534E-01  0.7912250E-02  0.6918049E-03  0.5308806E-04  0.8659558E-02  0.0000000E+00  0.0000000E+00  0.0000000E+00
  0.50000  0.22414  0.15077  0.16080  0.2070693E-01  0.7964441E-02  0.1136141E-01  0.7911628E-02  0.6923553E-03  0.5281369E-04  0.8653165E-02  0.0000000E+00  0.0000000E+00  0.0000000E+00
  0.50000  0.22411  0.15088  0.16090  0.2069714E-01  0.7963542E-02  0.1135745E-01  0.7910990E-02  0.6929402E-03  0.5255226E-04  0.8646749E-02  0.0000000E+00  0.0000000E+00  0.0000000E+00
  0.50000  0.22408  0.15098  0.16100  0.2068733E-01  0.7962640E-02  0.1135346E-01  0.7910338E-02  0.6935571E-03  0.5230283E-04  0.8640309E-02  0.0000000E+00  0.0000000E+00  0.0000000E+00
  0.50000  0.22405  0.15108  0.16110  0.2067751E-01  0.7961734E-02  0.1134946E-01  0.7909670E-02  0.6942040E-03  0.5206454E-04  0.8633847E-02  0.0000000E+00  0.0000000E+00  0.0000000E+00
  0.50000  0.22401  0.15118  0.16120  0.2066767E-01  0.7960823E-02  0.1134543E-01  0.7908987E-02  0.6948789E-03  0.5183663E-04  0.8627362E-02  0.0000000E+00  0.0000000E+00  0.0000000E+00
  0.50000  0.22398  0.15128  0.16130  0.2065782E-01  0.7959907E-02  0.1134138E-01  0.7908289E-02  0.6955803E-03  0.5161840E-04  0.8620854E-02  0.0000000E+00  0.0000000E+00  0.0000000E+00
  0.50000  0.22395  0.15138  0.16140  0.2064794E-01  0.7958985E-02  0.1133731E-01  0.7907576E-02  0.6963065E-03  0.5140923E-04  0.8614323E-02  0.0000000E+00  0.0000000E+00  0.0000000E+00
  0.50000  0.22392  0.15148  0.16150  0.2063804E-01  0.7958056E-02  0.1133322E-01  0.7906847E-02  0.6970563E-03  0.5120855E-04  0.8607770E-02  0.0000000E+00  0.0000000E+00  0.0000000E+00
  0.50000  0.22389  0.15159  0.16160  0.2062812E-01  0.7957120E-02  0.1132910E-01  0.7906104E-02  0.6978282E-03  0.5101584E-04  0.8601194E-02  0.0000000E+00  0.0000000E+00  0.0000000E+00
  0.50000  0.22385  0.15169  0.16170  0.2061818E-01  0.7956176E-02  0.1132496E-01  0.7905345E-02  0.6986212E-03  0.5083063E-04  0.8594595E-02  0.0000000E+00  0.0000000E+00  0.0000000E+00
  0.50000  0.22382  0.15179  0.16180  0.2060821E-01  0.7955224E-02  0.1132080E-01  0.7904572E-02  0.6994341E-03  0.5065250E-04  0.8587974E-02  0.0000000E+00  0.0000000E+00  0.0000000E+00
  0.50000  0.22379  0.15189  0.16190  0.2059821E-01  0.7954264E-02  0.1131662E-01  0.7903783E-02  0.7002661E-03  0.5048103E-04  0.8581330E-02  0.0000000E+00  0.0000000E+00  0.0000000E+00
  0.50000  0.22376  0.15199  0.16200  0.2058819E-01  0.7953295E-02  0.1131241E-01  0.7902979E-02  0.7011163E-03  0.5031587E-04  0.8574664E-02  0.0000000E+00  0.0000000E+00  0.0000000E+00
  0.50000  0.22372  0.15209  0.16210  0.2057814E-01  0.7952318E-02  0.1130818E-01  0.7902161E-02  0.7019838E-03  0.5015669E-04  0.8567975E-02  0.0000000E+00  0.0000000E+00  0.0000000E+00
  0.50000  0.22369  0.15219  0.16220  0.2056806E-01  0.7951330E-02  0.1130393E-01  0.7901327E-02  0.7028678E-03  0.5000317E-04  0.8561265E-02  0.0000000E+00  0.0000000E+00  0.0000000E+00
  0.50000  0.22366  0.15230  0.16230  0.2055796E-01  0.7950334E-02  0.1129966E-01  0.7900479E-02  0.7037677E-03  0.4985503E-04  0.8554532E-02  0.0000000E+00  0.0000000E+00  0.0000000E+00
  0.50000  0.22363  0.15240  0.16240  0.2054782E-01  0.7949327E-02  0.1129536E-01  0.7899615E-02  0.7046829E-03  0.4971200E-04  0.8547777E-02  0.0000000E+00  0.0000000E+00  0.0000000E+00
  0.50000  0.22359  0.15250  0.16250  0.2053766E-01  0.7948311E-02  0.1129105E-01  0.7898737E-02  0.7056127E-03  0.4957384E-04  0.8541000E-02  0.0000000E+00  0.0000000E+00  0.0000000E+00
  0.50000  0.22356  0.15260  0.16260  0.2052747E-01  0.7947284E-02  0.1128671E-01  0.7897844E-02  0.7065566E-03  0.4944032E-04  0.8534202E-02  0.0000000E+00  0.0000000E+00  0.0000000E+00
  0.50000  0.22353  0.15270  0.16270  0.2051724E-01  0.7946247E-02  0.1128235E-01  0.7896935E-02  0.7075141E-03  0.4931122E-04  0.8527381E-02  0.0000000E+00  0.0000000E+00  0.0000000E+00
  0.50000  0.22350  0.15280  0.16280  0.2050699E-01  0.7945199E-02  0.1127796E-01  0.7896012E-02  0.7084846E-03  0.4918635E-04  0.8520539E-02  0.0000000E+00  0.0000000E+00  0.0000000E+00
  0.50000  0.22346  0.15290  0.16290  0.2049670E-01  0.7944140E-02  0.1127356E-01  0.7895075E-02  0.7094677E-03  0.4906552E-04  0.8513674E-02  0.0000000E+00  0.0000000E+00  0.0000000E+00
  0.50000  0.22343  0.15301  0.16300  0.2048639E-01  0.7943070E-02  0.1126913E-01  0.7894122E-02  0.7104631E-03  0.4894856E-04  0.8506789E-02  0.0000000E+00  0.0000000E+00  0.0000000E+00
  0.50000  0.22340  0.15311  0.16310  0.2047604E-01  0.7941990E-02  0.1126469E-01  0.7893154E-02  0.7114703E-03  0.4883530E-04  0.8499881E-02  0.0000000E+00  0.0000000E+00  0.0000000E+00
  0.50000  0.22337  0.15321  0.16320  0.2046566E-01  0.7940898E-02  0.1126022E-01  0.7892172E-02  0.7124890E-03  0.4872560E-04  0.8492952E-02  0.0000000E+00  0.0000000E+00  0.0000000E+00
  0.50000  0.22333  0.15331  0.16330  0.2045525E-01  0.7939794E-02  0.1125572E-01  0.7891175E-02  0.7135187E-03  0.4861930E-04  0.8486002E-02  0.0000000E+00  0.0000000E+00  0.0000000E+00
  0.50000  0.22330  0.15341  0.16340  0.2044480E-01  0.7938680E-02  0.1125121E-01  0.7890163E-02  0.7145593E-03  0.4851628E-04  0.8479030E-02  0.0000000E+00  0.0000000E+00  0.0000000E+00
  0.50000  0.22327  0.15351  0.16350  0.2043432E-01  0.7937553E-02  0.1124668E-01  0.7889137E-02  0.7156103E-03  0.4841640E-04  0.8472037E-02  0.0000000E+00  0.0000000E+00  0.0000000E+00
  0.50000  0.22324  0.15361  0.16360  0.2042382E-01  0.7936415E-02  0.1124212E-01  0.7888096E-02  0.7166715E-03  0.4831956E-04  0.8465023E-02  0.0000000E+00  0.0000000E+00  0.0000000E+00
  0.50000  0.22320  0.15372  0.16370  0.2041327E-01  0.7935266E-02  0.1123754E-01  0.7887040E-02  0.7177426E-03  0.4822563E-04  0.8457987E-02  0.0000000E+00  0.0000000E+00  0.0000000E+00
  0.50000  0.22317  0.15382  0.16380  0.2040270E-01  0.7934104E-02  0.1123294E-01  0.7885970E-02  0.7188234E-03  0.4813451E-04  0.8450931E-02  0.0000000E+00  0.0000000E+00  0.0000000E+00
  0.50000  0.22314  0.15392  0.16390  0.2039209E-01  0.7932931E-02  0.1122832E-01  0.7884884E-02  0.7199136E-03  0.4804609E-04  0.8443853E-02  0.0000000E+00  0.0000000E+00  0.0000000E+00
  0.50000  0.22310  0.15402  0.16400  0.2038145E-01  0.7931745E-02  0.1122368E-01  0.7883785E-02  0.7210130E-03  0.4796029E-04  0.8436755E-02  0.0000000E+00  0.0000000E+00  0.0000000E+00
  0.50000  0.22307  0.15412  0.16410  0.2037078E-01  0.7930548E-02  0.1121902E-01  0.7882671E-02  0.7221213E-03  0.4787701E-04  0.8429636E-02  0.0000000E+00  0.0000000E+00  0.0000000E+00
  0.50000  0.22304  0.15422  0.16420  0.2036007E-01  0.7929338E-02  0.1121434E-01  0.7881542E-02  0.7232385E-03  0.4779617E-04  0.8422496E-02  0.0000000E+00  0.0000000E+00  0.0000000E+00
  0.50000  0.22301  0.15432  0.16430  0.2040505E-01  0.7946354E-02  0.1120963E-01  0.7880398E-02  0.7800855E-03  0.6595531E-04  0.8415335E-02  0.0000000E+00  0.0000000E+00  0.0000000E+00
  0.50000  0.22297  0.15443  0.16440  0.2039335E-01  0.7944660E-02  0.1120490E-01  0.7879240E-02  0.7802893E-03  0.6541929E-04  0.8408153E-02  0.0000000E+00  0.0000000E+00  0.0000000E+00
  0.50000  0.22294  0.15453  0.16450  0.2038168E-01  0.7942986E-02  0.1120016E-01  0.7878068E-02  0.7805740E-03  0.6491841E-04  0.8400951E-02  0.0000000E+00  0.0000000E+00  0.0000000E+00
  0.50000  0.22291  0.15463  0.16460  0.2037005E-01  0.7941330E-02  0.1119539E-01  0.7876881E-02  0.7809312E-03  0.6444899E-04  0.8393729E-02  0.0000000E+00  0.0000000E+00  0.0000000E+00
  0.50000  0.22287  0.15473  0.16470  0.2035844E-01  0.7939688E-02  0.1119060E-01  0.7875680E-02  0.7813539E-03  0.6400784E-04  0.8386486E-02  0.0000000E+00  0.0000000E+00  0.0000000E+00
  0.50000  0.22284  0.15483  0.16480  0.2034685E-01  0.7938056E-02  0.1118579E-01  0.7874464E-02  0.7818361E-03  0.6359224E-04  0.8379223E-02  0.0000000E+00  0.0000000E+00  0.0000000E+00
  0.50000  0.22281  0.15493  0.16490  0.2033527E-01  0.7936434E-02  0.1118096E-01  0.7873234E-02  0.7823725E-03  0.6319984E-04  0.8371940E-02  0.0000000E+00  0.0000000E+00  0.0000000E+00
  0.50000  0.22278  0.15504  0.16500  0.2032370E-01  0.7934818E-02  0.1117610E-01  0.7871989E-02  0.7829586E-03  0.6282856E-04  0.8364636E-02  0.0000000E+00  0.0000000E+00  0.0000000E+00
  0.50000  0.22274  0.15514  0.16510  0.2031213E-01  0.7933207E-02  0.1117123E-01  0.7870731E-02  0.7835903E-03  0.6247661E-04  0.8357312E-02  0.0000000E+00  0.0000000E+00  0.0000000E+00
  0.50000  0.22271  0.15524  0.16520  0.2030057E-01  0.7931600E-02  0.1116634E-01  0.7869457E-02  0.7842642E-03  0.6214239E-04  0.8349968E-02  0.0000000E+00  0.0000000E+00  0.0000000E+00
  0.50000  0.22268  0.15534  0.16530  0.2028900E-01  0.7929994E-02  0.1116142E-01  0.7868170E-02  0.7849770E-03  0.6182451E-04  0.8342605E-02  0.0000000E+00  0.0000000E+00  0.0000000E+00
  0.50000  0.22264  0.15544  0.16540  0.2027744E-01  0.7928390E-02  0.1115649E-01  0.7866868E-02  0.7857262E-03  0.6152170E-04  0.8335221E-02  0.0000000E+00  0.0000000E+00  0.0000000E+00
  0.50000  0.22261  0.15554  0.16550  0.2026586E-01  0.7926785E-02  0.1115153E-01  0.7865552E-02  0.7865091E-03  0.6123286E-04  0.8327818E-02  0.0000000E+00  0.0000000E+00  0.0000000E+00
  0.50000  0.22258  0.15564  0.16560  0.2025427E-01  0.7925179E-02  0.1114656E-01  0.7864222E-02  0.7873235E-03  0.6095699E-04  0.8320395E-02  0.0000000E+00  0.0000000E+00  0.0000000E+00
  0.50000  0.22254  0.15575  0.16570  0.2024268E-01  0.7923570E-02  0.1114156E-01  0.7862877E-02  0.7881676E-03  0.6069319E-04  0.8312952E-02  0.0000000E+00  0.0000000E+00  0.0000000E+00
  0.50000  0.22251  0.15585  0.16580  0.2023107E-01  0.7921959E-02  0.1113654E-01  0.7861518E-02  0.7890396E-03  0.6044066E-04  0.8305490E-02  0.0000000E+00  0.0000000E+00  0.0000000E+00
  0.50000  0.22248  0.15595  0.16590  0.2021945E-01  0.7920344E-02  0.1113151E-01  0.7860145E-02  0.7899377E-03  0.6019866E-04  0.8298008E-02  0.0000000E+00  0.0000000E+00  0.0000000E+00
  0.50000  0.22244  0.15605  0.16600  0.2020782E-01  0.7918725E-02  0.1112645E-01  0.7858758E-02  0.7908606E-03  0.5996652E-04  0.8290507E-02  0.0000000E+00  0.0000000E+00  0.0000000E+00
  0.50000  0.22241  0.15615  0.16610  0.2019616E-01  0.7917101E-02  0.1112137E-01  0.7857357E-02  0.7918069E-03  0.5974365E-04  0.8282986E-02  0.0000000E+00  0.0000000E+00  0.0000000E+00
  0.50000  0.22238  0.15625  0.16620  0.2018449E-01  0.7915471E-02  0.1111627E-01  0.7855942E-02  0.7927755E-03  0.5952950E-04  0.8275446E-02  0.0000000E+00  0.0000000E+00  0.0000000E+00
  0.50000  0.22234  0.15635  0.16630  0.2017281E-01  0.7913836E-02  0.1111115E-01  0.7854513E-02  0.7937651E-03  0.5932356E-04  0.8267887E-02  0.0000000E+00  0.0000000E+00  0.0000000E+00
  0.50000  0.22231  0.15646  0.16640  0.2016110E-01  0.7912195E-02  0.1110602E-01  0.7853069E-02  0.7947749E-03  0.5912537E-04  0.8260309E-02  0.0000000E+00  0.0000000E+00  0.0000000E+00
  0.50000  0.22228  0.15656  0.16650  0.2014937E-01  0.7910546E-02  0.1110086E-01  0.7851612E-02  0.7958038E-03  0.5893450E-04  0.8252712E-02  0.0000000E+00  0.0000000E+00  0.0000000E+00
  0.50000  0.22224  0.15666  0.16660  0.2013763E-01  0.7908891E-02  0.1109568E-01  0.7850140E-02  0.7968510E-03  0.5875057E-04  0.8245096E-02  0.0000000E+00  0.0000000E+00  0.0000000E+00
  0.50000  0.22221  0.15676  0.16670  0.2012586E-01  0.7907228E-02  0.1109048E-01  0.7848655E-02  0.7979158E-03  0.5857321E-04  0.8237461E-02  0.0000000E+00  0.0000000E+00  0.0000000E+00
  0.50000  0.22218  0.15686  0.16680  0.2011407E-01  0.7905558E-02  0.1108526E-01  0.7847156E-02  0.7989973E-03  0.5840209E-04  0.8229807E-02  0.0000000E+00  0.0000000E+00  0.0000000E+00
  0.50000  0.22214  0.15696  0.16690  0.2010225E-01  0.7903879E-02  0.1108002E-01  0.7845642E-02  0.8000950E-03  0.5823691E-04  0.8222135E-02  0.0000000E+00  0.0000000E+00  0.0000000E+00
  0.50000  0.22211  0.15706  0.16700  0.2009042E-01  0.7902193E-02  0.1107477E-01  0.7844115E-02  0.8012082E-03  0.5807737E-04  0.8214444E-02  0.0000000E+00  0.0000000E+00  0.0000000E+00
  0.50000  0.22208  0.15717  0.16710  0.2007856E-01  0.7900497E-02  0.1106949E-01  0.7842574E-02  0.8023363E-03  0.5792322E-04  0.8206734E-02  0.0000000E+00  0.0000000E+00  0.0000000E+00
  0.50000  0.22204  0.15727  0.16720  0.2006668E-01  0.7898793E-02  0.1106419E-01  0.7841019E-02  0.8034787E-03  0.5777420E-04  0.8199006E-02  0.0000000E+00  0.0000000E+00  0.0000000E+00
  0.50000  0.22201  0.15737  0.16730  0.2005477E-01  0.7897081E-02  0.1105888E-01  0.7839451E-02  0.8046350E-03  0.5763008E-04  0.8191259E-02  0.0000000E+00  0.0000000E+00  0.0000000E+00
  0.50000  0.22198  0.15747  0.16740  0.2004284E-01  0.7895359E-02  0.1105354E-01  0.7837868E-02  0.8058048E-03  0.5749064E-04  0.8183494E-02  0.0000000E+00  0.0000000E+00  0.0000000E+00
  0.50000  0.22194  0.15757  0.16750  0.2003088E-01  0.7893627E-02  0.1104818E-01  0.7836272E-02  0.8069875E-03  0.5735569E-04  0.8175711E-02  0.0000000E+00  0.0000000E+00  0.0000000E+00
  0.50000  0.22191  0.15767  0.16760  0.2001890E-01  0.7891887E-02  0.1104281E-01  0.7834662E-02  0.8081827E-03  0.5722504E-04  0.8167910E-02  0.0000000E+00  0.0000000E+00  0.0000000E+00
  0.50000  0.22188  0.15778  0.16770  0.2000689E-01  0.7890136E-02  0.1103741E-01  0.7833038E-02  0.8093902E-03  0.5709850E-04  0.8160091E-02  0.0000000E+00  0.0000000E+00  0.0000000E+00
  0.50000  0.22184  0.15788  0.16780  0.1999486E-01  0.7888376E-02  0.1103200E-01  0.7831401E-02  0.8106094E-03  0.5697592E-04  0.8152253E-02  0.0000000E+00  0.0000000E+00  0.0000000E+00
  0.50000  0.22181  0.15798  0.16790  0.1998280E-01  0.7886607E-02  0.1102656E-01  0.7829749E-02  0.8118401E-03  0.5685713E-04  0.8144398E-02  0.0000000E+00  0.0000000E+00  0.0000000E+00
  0.50000  0.22178  0.15808  0.16800  0.1997072E-01  0.7884827E-02  0.1102111E-01  0.7828085E-02  0.8130820E-03  0.5674199E-04  0.8136525E-02  0.0000000E+00  0.0000000E+00  0.0000000E+00
  0.50000  0.22174  0.15818  0.16810  0.1995861E-01  0.7883037E-02  0.1101564E-01  0.7826406E-02  0.8143347E-03  0.5663036E-04  0.8128634E-02  0.0000000E+00  0.0000000E+00  0.0000000E+00
  0.50000  0.22171  0.15828  0.16820  0.1994647E-01  0.7881236E-02  0.1101015E-01  0.7824714E-02  0.8155979E-03  0.5652211E-04  0.8120725E-02  0.0000000E+00  0.0000000E+00  0.0000000E+00
  0.50000  0.22168  0.15838  0.16830  0.1993431E-01  0.7879426E-02  0.1100464E-01  0.7823009E-02  0.8168715E-03  0.5641712E-04  0.8112799E-02  0.0000000E+00  0.0000000E+00  0.0000000E+00
  0.50000  0.22164  0.15849  0.16840  0.1992212E-01  0.7877605E-02  0.1099911E-01  0.7821290E-02  0.8181552E-03  0.5631526E-04  0.8104855E-02  0.0000000E+00  0.0000000E+00  0.0000000E+00
  0.50000  0.22161  0.15859  0.16850  0.1990990E-01  0.7875774E-02  0.1099356E-01  0.7819557E-02  0.8194486E-03  0.5621643E-04  0.8096894E-02  0.0000000E+00  0.0000000E+00  0.0000000E+00
  0.50000  0.22157  0.15869  0.16860  0.1989766E-01  0.7873932E-02  0.1098799E-01  0.7817811E-02  0.8207516E-03  0.5612052E-04  0.8088916E-02  0.0000000E+00  0.0000000E+00  0.0000000E+00
  0.50000  0.22154  0.15879  0.16870  0.1988539E-01  0.7872079E-02  0.1098241E-01  0.7816052E-02  0.8220640E-03  0.5602744E-04  0.8080920E-02  0.0000000E+00  0.0000000E+00  0.0000000E+00
  0.50000  0.22151  0.15889  0.16880  0.1993096E-01  0.7890968E-02  0.1097680E-01  0.7814279E-02  0.8812474E-03  0.7668898E-04  0.8072907E-02  0.0000000E+00  0.0000000E+00  0.0000000E+00
  0.50000  0.22147  0.15899  0.16890  0.1991769E-01  0.7888569E-02  0.1097118E-01  0.7812492E-02  0.8816309E-03  0.7607699E-04  0.8064877E-02  0.0000000E+00  0.0000000E+00  0.0000000E+00
  0.50000  0.22144  0.15909  0.16900  0.1990447E-01  0.7886198E-02  0.1096554E-01  0.7810693E-02  0.8820974E-03  0.7550511E-04  0.8056830E-02  0.0000000E+00  0.0000000E+00  0.0000000E+00
  0.50000  0.22141  0.15920  0.16910  0.1989128E-01  0.7883849E-02  0.1095988E-01  0.7808880E-02  0.8826386E-03  0.7496910E-04  0.8048766E-02  0.0000000E+00  0.0000000E+00  0.0000000E+00
  0.50000  0.22137  0.15930  0.16920  0.1987813E-01  0.7881519E-02  0.1095420E-01  0.7807053E-02  0.8832473E-03  0.7446537E-04  0.8040685E-02  0.0000000E+00  0.0000000E+00  0.0000000E+00
  0.50000  0.22134  0.15940  0.16930  0.1986500E-01  0.7879204E-02  0.1094850E-01  0.7805213E-02  0.8839172E-03  0.7399079E-04  0.8032587E-02  0.0000000E+00  0.0000000E+00  0.0000000E+00
  0.50000  0.22130  0.15950  0.16940  0.1985190E-01  0.7876903E-02  0.1094278E-01  0.7803361E-02  0.8846430E-03  0.7354269E-04  0.8024473E-02  0.0000000E+00  0.0000000E+00  0.0000000E+00
  0.50000  0.22127  0.15960  0.16950  0.1983881E-01  0.7874613E-02  0.1093705E-01  0.7801494E-02  0.8854200E-03  0.7311871E-04  0.8016342E-02  0.0000000E+00  0.0000000E+00  0.0000000E+00
  0.50000  0.22124  0.15970  0.16960  0.1982573E-01  0.7872332E-02  0.1093130E-01  0.7799615E-02  0.8862441E-03  0.7271679E-04  0.8008194E-02  0.0000000E+00  0.0000000E+00  0.0000000E+00
  0.50000  0.22120  0.15981  0.16970  0.1981267E-01  0.7870058E-02  0.1092552E-01  0.7797722E-02  0.8871117E-03  0.7233512E-04  0.8000030E-02  0.0000000E+00  0.0000000E+00  0.0000000E+00
  0.50000  0.22117  0.15991  0.16980  0.1979960E-01  0.7867789E-02  0.1091973E-01  0.7795817E-02  0.8880196E-03  0.7197211E-04  0.7991849E-02  0.0000000E+00  0.0000000E+00  0.0000000E+00
  0.50000  0.22113  0.16001  0.16990  0.1978654E-01  0.7865524E-02  0.1091393E-01  0.7793898E-02  0.8889650E-03  0.7162631E-04  0.7983653E-02  0.0000000E+00  0.0000000E+00  0.0000000E+00
  0.50000  0.22110  0.16011  0.17000  0.1977348E-01  0.7863262E-02  0.1090810E-01  0.7791966E-02  0.8899453E-03  0.7129648E-04  0.7975440E-02  0.0000000E+00  0.0000000E+00  0.0000000E+00
  0.50000  0.22107  0.16021  0.17010  0.1976042E-01  0.7861002E-02  0.1090226E-01  0.7790021E-02  0.8909583E-03  0.7098146E-04  0.7967211E-02  0.0000000E+00  0.0000000E+00  0.0000000E+00
  0.50000  0.22103  0.16031  0.17020  0.1974736E-01  0.7858743E-02  0.1089639E-01  0.7788063E-02  0.8920020E-03  0.7068023E-04  0.7958966E-02  0.0000000E+00  0.0000000E+00  0.0000000E+00
  0.50000  0.22100  0.16041  0.17030  0.1973429E-01  0.7856484E-02  0.1089051E-01  0.7786092E-02  0.8930746E-03  0.7039187E-04  0.7950704E-02  0.0000000E+00  0.0000000E+00  0.0000000E+00
  0.50000  0.22096  0.16052  0.17040  0.1972122E-01  0.7854223E-02  0.1088461E-01  0.7784108E-02  0.8941743E-03  0.7011555E-04  0.7942427E-02  0.0000000E+00  0.0000000E+00  0.0000000E+00
  0.50000  0.22093  0.16062  0.17050  0.1970813E-01  0.7851961E-02  0.1087870E-01  0.7782111E-02  0.8952997E-03  0.6985050E-04  0.7934135E-02  0.0000000E+00  0.0000000E+00  0.0000000E+00
  0.50000  0.22090  0.16072  0.17060  0.1969504E-01  0.7849697E-02  0.1087277E-01  0.7780101E-02  0.8964495E-03  0.6959605E-04  0.7925826E-02  0.0000000E+00  0.0000000E+00  0.0000000E+00
  0.50000  0.22086  0.16082  0.17070  0.1968194E-01  0.7847430E-02  0.1086681E-01  0.7778078E-02  0.8976223E-03  0.6935156E-04  0.7917502E-02  0.0000000E+00  0.0000000E+00  0.0000000E+00
  0.50000  0.22083  0.16092  0.17080  0.1966882E-01  0.7845159E-02  0.1086084E-01  0.7776042E-02  0.8988172E-03  0.6911645E-04  0.7909162E-02  0.0000000E+00  0.0000000E+00  0.0000000E+00
  0.50000  0.22079  0.16102  0.17090  0.1965570E-01  0.7842884E-02  0.1085486E-01  0.7773994E-02  0.9000329E-03  0.6889021E-04  0.7900807E-02  0.0000000E+00  0.0000000E+00  0.0000000E+00
  0.50000  0.22076  0.16113  0.17100  0.1964256E-01  0.7840605E-02  0.1084885E-01  0.7771932E-02  0.9012686E-03  0.6867234E-04  0.7892437E-02  0.0000000E+00  0.0000000E+00  0.0000000E+00
  0.50000  0.22072  0.16123  0.17110  0.1962941E-01  0.7838321E-02  0.1084283E-01  0.7769858E-02  0.9025234E-03  0.6846240E-04  0.7884051E-02  0.0000000E+00  0.0000000E+00  0.0000000E+00
  0.50000  0.22069  0.16133  0.17120  0.1961624E-01  0.7836031E-02  0.1083679E-01  0.7767771E-02  0.9037965E-03  0.6825998E-04  0.7875650E-02  0.0000000E+00  0.0000000E+00  0.0000000E+00
  0.50000  0.22066  0.16143  0.17130  0.1960306E-01  0.7833736E-02  0.1083073E-01  0.7765672E-02  0.9050872E-03  0.6806470E-04  0.7867234E-02  0.0000000E+00  0.0000000E+00  0.0000000E+00
  0.50000  0.22062  0.16153  0.17140  0.1958986E-01  0.7831436E-02  0.1082466E-01  0.7763559E-02  0.9063947E-03  0.6787621E-04  0.7858802E-02  0.0000000E+00  0.0000000E+00  0.0000000E+00
  0.50000  0.22059  0.16163  0.17150  0.1957664E-01  0.7829129E-02  0.1081857E-01  0.7761434E-02  0.9077184E-03  0.6769417E-04  0.7850356E-02  0.0000000E+00  0.0000000E+00  0.0000000E+00
  0.50000  0.22055  0.16173  0.17160  0.1956341E-01  0.7826815E-02  0.1081246E-01  0.7759297E-02  0.9090577E-03  0.6751829E-04  0.7841895E-02  0.0000000E+00  0.0000000E+00  0.0000000E+00
  0.50000  0.22052  0.16184  0.17170  0.1955017E-01  0.7824495E-02  0.1080633E-01  0.7757147E-02  0.9104121E-03  0.6734829E-04  0.7833419E-02  0.0000000E+00  0.0000000E+00  0.0000000E+00
  0.50000  0.22048  0.16194  0.17180  0.1953690E-01  0.7822168E-02  0.1080019E-01  0.7754984E-02  0.9117810E-03  0.6718389E-04  0.7824929E-02  0.0000000E+00  0.0000000E+00  0.0000000E+00
  0.50000  0.22045  0.16204  0.17190  0.1952362E-01  0.7819833E-02  0.1079403E-01  0.7752809E-02  0.9131640E-03  0.6702485E-04  0.7816423E-02  0.0000000E+00  0.0000000E+00  0.0000000E+00
  0.50000  0.22042  0.16214  0.17200  0.1951032E-01  0.7817492E-02  0.1078786E-01  0.7750621E-02  0.9145606E-03  0.6687095E-04  0.7807904E-02  0.0000000E+00  0.0000000E+00  0.0000000E+00
  0.50000  0.22038  0.16224  0.17210  0.1949700E-01  0.7815142E-02  0.1078166E-01  0.7748420E-02  0.9159704E-03  0.6672197E-04  0.7799369E-02  0.0000000E+00  0.0000000E+00  0.0000000E+00
  0.50000  0.22035  0.16234  0.17220  0.1948366E-01  0.7812785E-02  0.1077545E-01  0.7746208E-02  0.9173930E-03  0.6657769E-04  0.7790821E-02  0.0000000E+00  0.0000000E+00  0.0000000E+00
  0.50000  0.22031  0.16245  0.17230  0.1947031E-01  0.7810420E-02  0.1076922E-01  0.7743982E-02  0.9188280E-03  0.6643794E-04  0.7782258E-02  0.0000000E+00  0.0000000E+00  0.0000000E+00
  0.50000  0.22028  0.16255  0.17240  0.1945693E-01  0.7808047E-02  0.1076298E-01  0.7741745E-02  0.9202752E-03  0.6630254E-04  0.7773681E-02  0.0000000E+00  0.0000000E+00  0.0000000E+00
  0.50000  0.22024  0.16265  0.17250  0.1944354E-01  0.7805666E-02  0.1075672E-01  0.7739495E-02  0.9217340E-03  0.6617131E-04  0.7765090E-02  0.0000000E+00  0.0000000E+00  0.0000000E+00
  0.50000  0.22021  0.16275  0.17260  0.1943013E-01  0.7803276E-02  0.1075044E-01  0.7737232E-02  0.9232044E-03  0.6604410E-04  0.7756485E-02  0.0000000E+00  0.0000000E+00  0.0000000E+00
  0.50000  0.22017  0.16285  0.17270  0.1941670E-01  0.7800878E-02  0.1074415E-01  0.7734958E-02  0.9246859E-03  0.6592076E-04  0.7747865E-02  0.0000000E+00  0.0000000E+00  0.0000000E+00
  0.50000  0.22014  0.16295  0.17280  0.1940325E-01  0.7798472E-02  0.1073783E-01  0.7732671E-02  0.9261782E-03  0.6580115E-04  0.7739232E-02  0.0000000E+00  0.0000000E+00  0.0000000E+00
  0.50000  0.22011  0.16305  0.17290  0.1938977E-01  0.7796057E-02  0.1073151E-01  0.7730372E-02  0.9276812E-03  0.6568513E-04  0.7730586E-02  0.0000000E+00  0.0000000E+00  0.0000000E+00
  0.50000  0.22007  0.16316  0.17300  0.1937628E-01  0.7793633E-02  0.1072516E-01  0.7728060E-02  0.9291946E-03  0.6557258E-04  0.7721925E-02  0.0000000E+00  0.0000000E+00  0.0000000E+00
  0.50000  0.22004  0.16326  0.17310  0.1936277E-01  0.7791200E-02  0.1071880E-01  0.7725737E-02  0.9307182E-03  0.6546338E-04  0.7713251E-02  0.0000000E+00  0.0000000E+00  0.0000000E+00
  0.50000  0.22000  0.16336  0.17320  0.1940985E-01  0.7812772E-02  0.1071243E-01  0.7723401E-02  0.9928609E-03  0.8937130E-04  0.7704563E-02  0.0000000E+00  0.0000000E+00  0.0000000E+00
  0.50000  0.21997  0.16346  0.17330  0.1939527E-01  0.7809688E-02  0.1070603E-01  0.7721053E-02  0.9933780E-03  0.8863487E-04  0.7695862E-02  0.0000000E+00  0.0000000E+00  0.0000000E+00
  0.50000  0.21993  0.16356  0.17340  0.1938076E-01  0.7806642E-02  0.1069963E-01  0.7718693E-02  0.9939883E-03  0.8794849E-04  0.7687148E-02  0.0000000E+00  0.0000000E+00  0.0000000E+00
  0.50000  0.21990  0.16366  0.17350  0.1936630E-01  0.7803628E-02  0.1069320E-01  0.7716321E-02  0.9946818E-03  0.8730669E-04  0.7678420E-02  0.0000000E+00  0.0000000E+00  0.0000000E+00
  0.50000  0.21986  0.16377  0.17360  0.1935189E-01  0.7800642E-02  0.1068676E-01  0.7713937E-02  0.9954503E-03  0.8670483E-04  0.7669680E-02  0.0000000E+00  0.0000000E+00  0.0000000E+00
  0.50000  0.21983  0.16387  0.17370  0.1933752E-01  0.7797680E-02  0.1068030E-01  0.7711541E-02  0.9962865E-03  0.8613892E-04  0.7660926E-02  0.0000000E+00  0.0000000E+00  0.0000000E+00
  0.50000  0.21979  0.16397  0.17380  0.1932317E-01  0.7794739E-02  0.1067383E-01  0.7709133E-02  0.9971844E-03  0.8560555E-04  0.7652159E-02  0.0000000E+00  0.0000000E+00  0.0000000E+00
  0.50000  0.21976  0.16407  0.17390  0.1930886E-01  0.7791815E-02  0.1066734E-01  0.7706713E-02  0.9981386E-03  0.8510171E-04  0.7643379E-02  0.0000000E+00  0.0000000E+00  0.0000000E+00
  0.50000  0.21972  0.16417  0.17400  0.1929457E-01  0.7788906E-02  0.1066084E-01  0.7704281E-02  0.9991444E-03  0.8462483E-04  0.7634586E-02  0.0000000E+00  0.0000000E+00  0.0000000E+00
  0.50000  0.21969  0.16427  0.17410  0.1928029E-01  0.7786010E-02  0.1065432E-01  0.7701838E-02  0.1000198E-02  0.8417262E-04  0.7625781E-02  0.0000000E+00  0.0000000E+00  0.0000000E+00
  0.50000  0.21965  0.16437  0.17420  0.1926604E-01  0.7783125E-02  0.1064778E-01  0.7699382E-02  0.1001295E-02  0.8374306E-04  0.7616963E-02  0.0000000E+00  0.0000000E+00  0.0000000E+00
  0.50000  0.21962  0.16448  0.17430  0.1925179E-01  0.7780249E-02  0.1064123E-01  0.7696915E-02  0.1002434E-02  0.8333439E-04  0.7608132E-02  0.0000000E+00  0.0000000E+00  0.0000000E+00
  0.50000  0.21958  0.16458  0.17440  0.1923756E-01  0.7777381E-02  0.1063466E-01  0.7694436E-02  0.1003610E-02  0.8294502E-04  0.7599289E-02  0.0000000E+00  0.0000000E+00  0.0000000E+00
  0.50000  0.21955  0.16468  0.17450  0.1922333E-01  0.7774518E-02  0.1062808E-01  0.7691945E-02  0.1004822E-02  0.8257353E-04  0.7590433E-02  0.0000000E+00  0.0000000E+00  0.0000000E+00
  0.50000  0.21951  0.16478  0.17460  0.1920911E-01  0.7771661E-02  0.1062148E-01  0.7689442E-02  0.1006067E-02  0.8221866E-04  0.7581566E-02  0.0000000E+00  0.0000000E+00  0.0000000E+00
  0.50000  0.21948  0.16488  0.17470  0.1919490E-01  0.7768807E-02  0.1061487E-01  0.7686928E-02  0.1007343E-02  0.8187927E-04  0.7572686E-02  0.0000000E+00  0.0000000E+00  0.0000000E+00
  0.50000  0.21944  0.16498  0.17480  0.1918068E-01  0.7765956E-02  0.1060824E-01  0.7684402E-02  0.1008649E-02  0.8155433E-04  0.7563793E-02  0.0000000E+00  0.0000000E+00  0.0000000E+00
  0.50000  0.21941  0.16509  0.17490  0.1916646E-01  0.7763107E-02  0.1060159E-01  0.7681864E-02  0.1009983E-02  0.8124292E-04  0.7554889E-02  0.0000000E+00  0.0000000E+00  0.0000000E+00
  0.50000  0.21937  0.16519  0.17500  0.1915225E-01  0.7760259E-02  0.1059493E-01  0.7679315E-02  0.1011342E-02  0.8094418E-04  0.7545973E-02  0.0000000E+00  0.0000000E+00  0.0000000E+00
  0.50000  0.21934  0.16529  0.17510  0.1913803E-01  0.7757411E-02  0.1058826E-01  0.7676754E-02  0.1012727E-02  0.8065735E-04  0.7537045E-02  0.0000000E+00  0.0000000E+00  0.0000000E+00
  0.50000  0.21930  0.16539  0.17520  0.1912381E-01  0.7754564E-02  0.1058157E-01  0.7674182E-02  0.1014135E-02  0.8038173E-04  0.7528105E-02  0.0000000E+00  0.0000000E+00  0.0000000E+00
  0.50000  0.21927  0.16549  0.17530  0.1910958E-01  0.7751715E-02  0.1057486E-01  0.7671598E-02  0.1015566E-02  0.8011666E-04  0.7519153E-02  0.0000000E+00  0.0000000E+00  0.0000000E+00
  0.50000  0.21923  0.16559  0.17540  0.1909535E-01  0.7748864E-02  0.1056814E-01  0.7669003E-02  0.1017019E-02  0.7986158E-04  0.7510190E-02  0.0000000E+00  0.0000000E+00  0.0000000E+00
  0.50000  0.21920  0.16569  0.17550  0.1908112E-01  0.7746012E-02  0.1056141E-01  0.7666396E-02  0.1018491E-02  0.7961593E-04  0.7501215E-02  0.0000000E+00  0.0000000E+00  0.0000000E+00
  0.50000  0.21916  0.16580  0.17560  0.1906687E-01  0.7743157E-02  0.1055466E-01  0.7663778E-02  0.1019984E-02  0.7937921E-04  0.7492229E-02  0.0000000E+00  0.0000000E+00  0.0000000E+00
  0.50000  0.21913  0.16590  0.17570  0.1905262E-01  0.7740300E-02  0.1054790E-01  0.7661149E-02  0.1021495E-02  0.7915096E-04  0.7483231E-02  0.0000000E+00  0.0000000E+00  0.0000000E+00
  0.50000  0.21909  0.16600  0.17580  0.1903836E-01  0.7737439E-02  0.1054112E-01  0.7658508E-02  0.1023025E-02  0.7893077E-04  0.7474223E-02  0.0000000E+00  0.0000000E+00  0.0000000E+00
  0.50000  0.21906  0.16610  0.17590  0.1902410E-01  0.7734574E-02  0.1053432E-01  0.7655856E-02  0.1024572E-02  0.7871822E-04  0.7465203E-02  0.0000000E+00  0.0000000E+00  0.0000000E+00
  0.50000  0.21902  0.16620  0.17600  0.1900982E-01  0.7731705E-02  0.1052751E-01  0.7653192E-02  0.1026135E-02  0.7851297E-04  0.7456171E-02  0.0000000E+00  0.0000000E+00  0.0000000E+00
  0.50000  0.21899  0.16630  0.17610  0.1899554E-01  0.7728832E-02  0.1052069E-01  0.7650518E-02  0.1027715E-02  0.7831466E-04  0.7447129E-02  0.0000000E+00  0.0000000E+00  0.0000000E+00
  0.50000  0.21895  0.16641  0.17620  0.1898124E-01  0.7725955E-02  0.1051385E-01  0.7647832E-02  0.1029311E-02  0.7812297E-04  0.7438076E-02  0.0000000E+00  0.0000000E+00  0.0000000E+00
  0.50000  0.21892  0.16651  0.17630  0.1896693E-01  0.7723073E-02  0.1050700E-01  0.7645135E-02  0.1030921E-02  0.7793762E-04  0.7429012E-02  0.0000000E+00  0.0000000E+00  0.0000000E+00
  0.50000  0.21888  0.16661  0.17640  0.1895262E-01  0.7720185E-02  0.1050013E-01  0.7642427E-02  0.1032546E-02  0.7775833E-04  0.7419938E-02  0.0000000E+00  0.0000000E+00  0.0000000E+00
  0.50000  0.21885  0.16671  0.17650  0.1893829E-01  0.7717292E-02  0.1049325E-01  0.7639708E-02  0.1034186E-02  0.7758484E-04  0.7410852E-02  0.0000000E+00  0.0000000E+00  0.0000000E+00
  0.50000  0.21881  0.16681  0.17660  0.1892395E-01  0.7714394E-02  0.1048636E-01  0.7636977E-02  0.1035839E-02  0.7741689E-04  0.7401757E-02  0.0000000E+00  0.0000000E+00  0.0000000E+00
  0.50000  0.21878  0.16691  0.17670  0.1890960E-01  0.7711490E-02  0.1047945E-01  0.7634236E-02  0.1037505E-02  0.7725428E-04  0.7392650E-02  0.0000000E+00  0.0000000E+00  0.0000000E+00
  0.50000  0.21874  0.16702  0.17680  0.1889524E-01  0.7708580E-02  0.1047253E-01  0.7631483E-02  0.1039184E-02  0.7709678E-04  0.7383533E-02  0.0000000E+00  0.0000000E+00  0.0000000E+00
  0.50000  0.21871  0.16712  0.17690  0.1888087E-01  0.7705664E-02  0.1046559E-01  0.7628720E-02  0.1040876E-02  0.7694419E-04  0.7374406E-02  0.0000000E+00  0.0000000E+00  0.0000000E+00
  0.50000  0.21867  0.16722  0.17700  0.1886649E-01  0.7702742E-02  0.1045864E-01  0.7625946E-02  0.1042581E-02  0.7679633E-04  0.7365269E-02  0.0000000E+00  0.0000000E+00  0.0000000E+00
  0.50000  0.21864  0.16732  0.17710  0.1885209E-01  0.7699814E-02  0.1045167E-01  0.7623161E-02  0.1044297E-02  0.7665301E-04  0.7356122E-02  0.0000000E+00  0.0000000E+00  0.0000000E+00
  0.50000  0.21860  0.16742  0.17720  0.1883768E-01  0.7696878E-02  0.1044469E-01  0.7620364E-02  0.1046025E-02  0.7651407E-04  0.7346964E-02  0.0000000E+00  0.0000000E+00  0.0000000E+00
  0.50000  0.21856  0.16752  0.17730  0.1882326E-01  0.7693937E-02  0.1043770E-01  0.7617557E-02  0.1047764E-02  0.7637935E-04  0.7337797E-02  0.0000000E+00  0.0000000E+00  0.0000000E+00
  0.50000  0.21853  0.16762  0.17740  0.1880883E-01  0.7690988E-02  0.1043069E-01  0.7614740E-02  0.1049514E-02  0.7624870E-04  0.7328620E-02  0.0000000E+00  0.0000000E+00  0.0000000E+00
  0.50000  0.21849  0.16773  0.17750  0.1879438E-01  0.7688033E-02  0.1042367E-01  0.7611911E-02  0.1051276E-02  0.7612197E-04  0.7319432E-02  0.0000000E+00  0.0000000E+00  0.0000000E+00
  0.50000  0.21846  0.16783  0.17760  0.1877992E-01  0.7685071E-02  0.1041664E-01  0.7609072E-02  0.1053048E-02  0.7599904E-04  0.7310236E-02  0.0000000E+00  0.0000000E+00  0.0000000E+00
  0.50000  0.21842  0.16793  0.17770  0.1882730E-01  0.7708884E-02  0.1040959E-01  0.7606222E-02  0.1116683E-02  0.1026624E-03  0.7301029E-02  0.0000000E+00  0.0000000E+00  0.0000000E+00
  0.50000  0.21839  0.16803  0.17780  0.1881182E-01  0.7705213E-02  0.1040253E-01  0.7603361E-02  0.1117479E-02  0.1018516E-03  0.7291813E-02  0.0000000E+00  0.0000000E+00  0.0000000E+00
  0.50000  0.21835  0.16813  0.17790  0.1879640E-01  0.7701585E-02  0.1039545E-01  0.7600490E-02  0.1118365E-02  0.1010950E-03  0.7282588E-02  0.0000000E+00  0.0000000E+00  0.0000000E+00
  0.50000  0.21832  0.16823  0.17800  0.1878105E-01  0.7697994E-02  0.1038836E-01  0.7597608E-02  0.1119333E-02  0.1003867E-03  0.7273353E-02  0.0000000E+00  0.0000000E+00  0.0000000E+00
  0.50000  0.21828  0.16834  0.17810  0.1876574E-01  0.7694437E-02  0.1038126E-01  0.7594715E-02  0.1120374E-02  0.9972182E-04  0.7264109E-02  0.0000000E+00  0.0000000E+00  0.0000000E+00
  0.50000  0.21824  0.16844  0.17820  0.1875048E-01  0.7690908E-02  0.1037415E-01  0.7591812E-02  0.1121482E-02  0.9909610E-04  0.7254856E-02  0.0000000E+00  0.0000000E+00  0.0000000E+00
  0.50000  0.21821  0.16854  0.17830  0.1873526E-01  0.7687404E-02  0.1036702E-01  0.7588898E-02  0.1122650E-02  0.9850584E-04  0.7245594E-02  0.0000000E+00  0.0000000E+00  0.0000000E+00
  0.50000  0.21817  0.16864  0.17840  0.1872007E-01  0.7683922E-02  0.1035988E-01  0.7585974E-02  0.1123874E-02  0.9794787E-04  0.7236323E-02  0.0000000E+00  0.0000000E+00  0.0000000E+00
  0.50000  0.21814  0.16874  0.17850  0.1870491E-01  0.7680459E-02  0.1035272E-01  0.7583040E-02  0.1125149E-02  0.9741938E-04  0.7227043E-02  0.0000000E+00  0.0000000E+00  0.0000000E+00
  0.50000  0.21810  0.16884  0.17860  0.1868978E-01  0.7677012E-02  0.1034555E-01  0.7580095E-02  0.1126471E-02  0.9691792E-04  0.7217754E-02  0.0000000E+00  0.0000000E+00  0.0000000E+00
  0.50000  0.21807  0.16895  0.17870  0.1867467E-01  0.7673581E-02  0.1033837E-01  0.7577139E-02  0.1127837E-02  0.9644132E-04  0.7208456E-02  0.0000000E+00  0.0000000E+00  0.0000000E+00
  0.50000  0.21803  0.16905  0.17880  0.1865957E-01  0.7670161E-02  0.1033118E-01  0.7574173E-02  0.1129243E-02  0.9598766E-04  0.7199150E-02  0.0000000E+00  0.0000000E+00  0.0000000E+00
  0.50000  0.21799  0.16915  0.17890  0.1864449E-01  0.7666753E-02  0.1032397E-01  0.7571197E-02  0.1130688E-02  0.9555521E-04  0.7189835E-02  0.0000000E+00  0.0000000E+00  0.0000000E+00
  0.50000  0.21796  0.16925  0.17900  0.1862943E-01  0.7663353E-02  0.1031675E-01  0.7568211E-02  0.1132167E-02  0.9514246E-04  0.7180512E-02  0.0000000E+00  0.0000000E+00  0.0000000E+00
  0.50000  0.21792  0.16935  0.17910  0.1861438E-01  0.7659962E-02  0.1030952E-01  0.7565214E-02  0.1133680E-02  0.9474802E-04  0.7171180E-02  0.0000000E+00  0.0000000E+00  0.0000000E+00
  0.50000  0.21789  0.16945  0.17920  0.1859934E-01  0.7656578E-02  0.1030228E-01  0.7562208E-02  0.1135225E-02  0.9437065E-04  0.7161840E-02  0.0000000E+00  0.0000000E+00  0.0000000E+00
  0.50000  0.21785  0.16956  0.17930  0.1858431E-01  0.7653200E-02  0.1029502E-01  0.7559191E-02  0.1136799E-02  0.9400923E-04  0.7152492E-02  0.0000000E+00  0.0000000E+00  0.0000000E+00
  0.50000  0.21782  0.16966  0.17940  0.1856928E-01  0.7649826E-02  0.1028775E-01  0.7556163E-02  0.1138400E-02  0.9366276E-04  0.7143136E-02  0.0000000E+00  0.0000000E+00  0.0000000E+00
  0.50000  0.21778  0.16976  0.17950  0.1855426E-01  0.7646456E-02  0.1028046E-01  0.7553126E-02  0.1140029E-02  0.9333030E-04  0.7133771E-02  0.0000000E+00  0.0000000E+00  0.0000000E+00
  0.50000  0.21774  0.16986  0.17960  0.1853925E-01  0.7643090E-02  0.1027317E-01  0.7550079E-02  0.1141682E-02  0.9301103E-04  0.7124399E-02  0.0000000E+00  0.0000000E+00  0.0000000E+00
  0.50000  0.21771  0.16996  0.17970  0.1852424E-01  0.7639725E-02  0.1026586E-01  0.7547021E-02  0.1143359E-02  0.9270416E-04  0.7115019E-02  0.0000000E+00  0.0000000E+00  0.0000000E+00
  0.50000  0.21767  0.17006  0.17980  0.1850923E-01  0.7636363E-02  0.1025854E-01  0.7543954E-02  0.1145059E-02  0.9240900E-04  0.7105631E-02  0.0000000E+00  0.0000000E+00  0.0000000E+00
  0.50000  0.21764  0.17016  0.17990  0.1849423E-01  0.7633001E-02  0.1025121E-01  0.7540876E-02  0.1146781E-02  0.9212490E-04  0.7096236E-02  0.0000000E+00  0.0000000E+00  0.0000000E+00
  0.50000  0.21760  0.17027  0.18000  0.1847922E-01  0.7629640E-02  0.1024387E-01  0.7537789E-02  0.1148524E-02  0.9185127E-04  0.7086833E-02  0.0000000E+00  0.0000000E+00  0.0000000E+00
  0.50000  0.21756  0.17037  0.18010  0.1846422E-01  0.7626279E-02  0.1023651E-01  0.7534692E-02  0.1150286E-02  0.9158756E-04  0.7077422E-02  0.0000000E+00  0.0000000E+00  0.0000000E+00
  0.50000  0.21753  0.17047  0.18020  0.1844921E-01  0.7622918E-02  0.1022914E-01  0.7531585E-02  0.1152068E-02  0.9133326E-04  0.7068004E-02  0.0000000E+00  0.0000000E+00  0.0000000E+00
  0.50000  0.21749  0.17057  0.18030  0.1843421E-01  0.7619555E-02  0.1022176E-01  0.7528468E-02  0.1153869E-02  0.9108791E-04  0.7058579E-02  0.0000000E+00  0.0000000E+00  0.0000000E+00
  0.50000  0.21746  0.17067  0.18040  0.1841920E-01  0.7616192E-02  0.1021437E-01  0.7525341E-02  0.1155687E-02  0.9085108E-04  0.7049146E-02  0.0000000E+00  0.0000000E+00  0.0000000E+00
  0.50000  0.21742  0.17077  0.18050  0.1840419E-01  0.7612826E-02  0.1020696E-01  0.7522204E-02  0.1157522E-02  0.9062235E-04  0.7039706E-02  0.0000000E+00  0.0000000E+00  0.0000000E+00
  0.50000  0.21738  0.17088  0.18060  0.1838918E-01  0.7609459E-02  0.1019955E-01  0.7519058E-02  0.1159374E-02  0.9040135E-04  0.7030259E-02  0.0000000E+00  0.0000000E+00  0.0000000E+00
  0.50000  0.21735  0.17098  0.18070  0.1837416E-01  0.7606089E-02  0.1019212E-01  0.7515902E-02  0.1161242E-02  0.9018774E-04  0.7020806E-02  0.0000000E+00  0.0000000E+00  0.0000000E+00
  0.50000  0.21731  0.17108  0.18080  0.1835915E-01  0.7602717E-02  0.1018468E-01  0.7512736E-02  0.1163125E-02  0.8998118E-04  0.7011345E-02  0.0000000E+00  0.0000000E+00  0.0000000E+00
  0.50000  0.21728  0.17118  0.18090  0.1834413E-01  0.7599342E-02  0.1017722E-01  0.7509560E-02  0.1165023E-02  0.8978138E-04  0.7001877E-02  0.0000000E+00  0.0000000E+00  0.0000000E+00
  0.50000  0.21724  0.17128  0.18100  0.1832910E-01  0.7595963E-02  0.1016976E-01  0.7506375E-02  0.1166936E-02  0.8958804E-04  0.6992403E-02  0.0000000E+00  0.0000000E+00  0.0000000E+00
  0.50000  0.21720  0.17138  0.18110  0.1831407E-01  0.7592582E-02  0.1016229E-01  0.7503181E-02  0.1168863E-02  0.8940091E-04  0.6982923E-02  0.0000000E+00  0.0000000E+00  0.0000000E+00
  0.50000  0.21717  0.17149  0.18120  0.1829904E-01  0.7589196E-02  0.1015480E-01  0.7499977E-02  0.1170804E-02  0.8921971E-04  0.6973435E-02  0.0000000E+00  0.0000000E+00  0.0000000E+00
  0.50000  0.21713  0.17159  0.18130  0.1828400E-01  0.7585807E-02  0.1014730E-01  0.7496763E-02  0.1172758E-02  0.8904423E-04  0.6963941E-02  0.0000000E+00  0.0000000E+00  0.0000000E+00
  0.50000  0.21709  0.17169  0.18140  0.1826896E-01  0.7582414E-02  0.1013979E-01  0.7493540E-02  0.1174726E-02  0.8887424E-04  0.6954441E-02  0.0000000E+00  0.0000000E+00  0.0000000E+00
  0.50000  0.21706  0.17179  0.18150  0.1825391E-01  0.7579017E-02  0.1013227E-01  0.7490307E-02  0.1176706E-02  0.8870953E-04  0.6944935E-02  0.0000000E+00  0.0000000E+00  0.0000000E+00
  0.50000  0.21702  0.17189  0.18160  0.1823886E-01  0.7575615E-02  0.1012474E-01  0.7487065E-02  0.1178698E-02  0.8854990E-04  0.6935422E-02  0.0000000E+00  0.0000000E+00  0.0000000E+00
  0.50000  0.21699  0.17199  0.18170  0.1822380E-01  0.7572209E-02  0.1011720E-01  0.7483814E-02  0.1180703E-02  0.8839516E-04  0.6925904E-02  0.0000000E+00  0.0000000E+00  0.0000000E+00
  0.50000  0.21695  0.17210  0.18180  0.1820874E-01  0.7568798E-02  0.1010964E-01  0.7480553E-02  0.1182720E-02  0.8824515E-04  0.6916379E-02  0.0000000E+00  0.0000000E+00  0.0000000E+00
  0.50000  0.21691  0.17220  0.18190  0.1819367E-01  0.7565383E-02  0.1010208E-01  0.7477283E-02  0.1184748E-02  0.8809968E-04  0.6906848E-02  0.0000000E+00  0.0000000E+00  0.0000000E+00
  0.50000  0.21688  0.17230  0.18200  0.1817860E-01  0.7561962E-02  0.1009450E-01  0.7474004E-02  0.1186787E-02  0.8795861E-04  0.6897312E-02  0.0000000E+00  0.0000000E+00  0.0000000E+00
  0.50000  0.21684  0.17240  0.18210  0.1822717E-01  0.7588932E-02  0.1008691E-01  0.7470715E-02  0.1252483E-02  0.1182164E-03  0.6887770E-02  0.0000000E+00  0.0000000E+00  0.0000000E+00
  0.50000  0.21680  0.17250  0.18220  0.1821105E-01  0.7584692E-02  0.1007932E-01  0.7467417E-02  0.1253513E-02  0.1172746E-03  0.6878222E-02  0.0000000E+00  0.0000000E+00  0.0000000E+00
  0.50000  0.21677  0.17260  0.18230  0.1819501E-01  0.7580507E-02  0.1007171E-01  0.7464110E-02  0.1254640E-02  0.1163970E-03  0.6868669E-02  0.0000000E+00  0.0000000E+00  0.0000000E+00
  0.50000  0.21673  0.17271  0.18240  0.1817905E-01  0.7576371E-02  0.1006409E-01  0.7460794E-02  0.1255853E-02  0.1155766E-03  0.6859110E-02  0.0000000E+00  0.0000000E+00  0.0000000E+00
  0.50000  0.21669  0.17281  0.18250  0.1816314E-01  0.7572277E-02  0.1005646E-01  0.7457469E-02  0.1257143E-02  0.1148074E-03  0.6849545E-02  0.0000000E+00  0.0000000E+00  0.0000000E+00
  0.50000  0.21666  0.17291  0.18260  0.1814729E-01  0.7568219E-02  0.1004881E-01  0.7454135E-02  0.1258503E-02  0.1140843E-03  0.6839976E-02  0.0000000E+00  0.0000000E+00  0.0000000E+00
  0.50000  0.21662  0.17301  0.18270  0.1813149E-01  0.7564195E-02  0.1004116E-01  0.7450792E-02  0.1259928E-02  0.1134029E-03  0.6830401E-02  0.0000000E+00  0.0000000E+00  0.0000000E+00
  0.50000  0.21658  0.17311  0.18280  0.1811573E-01  0.7560199E-02  0.1003350E-01  0.7447439E-02  0.1261411E-02  0.1127594E-03  0.6820821E-02  0.0000000E+00  0.0000000E+00  0.0000000E+00
  0.50000  0.21655  0.17321  0.18290  0.1810001E-01  0.7556229E-02  0.1002583E-01  0.7444078E-02  0.1262947E-02  0.1121504E-03  0.6811236E-02  0.0000000E+00  0.0000000E+00  0.0000000E+00
  0.50000  0.21651  0.17332  0.18300  0.1808432E-01  0.7552281E-02  0.1001814E-01  0.7440708E-02  0.1264533E-02  0.1115731E-03  0.6801646E-02  0.0000000E+00  0.0000000E+00  0.0000000E+00
  0.50000  0.21647  0.17342  0.18310  0.1806867E-01  0.7548354E-02  0.1001045E-01  0.7437329E-02  0.1266165E-02  0.1110248E-03  0.6792051E-02  0.0000000E+00  0.0000000E+00  0.0000000E+00
  0.50000  0.21644  0.17352  0.18320  0.1805304E-01  0.7544444E-02  0.1000275E-01  0.7433941E-02  0.1267839E-02  0.1105033E-03  0.6782452E-02  0.0000000E+00  0.0000000E+00  0.0000000E+00
  0.50000  0.21640  0.17362  0.18330  0.1803743E-01  0.7540551E-02  0.9995031E-02  0.7430544E-02  0.1269553E-02  0.1100065E-03  0.6772848E-02  0.0000000E+00  0.0000000E+00  0.0000000E+00
  0.50000  0.21636  0.17372  0.18340  0.1802185E-01  0.7536671E-02  0.9987306E-02  0.7427139E-02  0.1271304E-02  0.1095327E-03  0.6763239E-02  0.0000000E+00  0.0000000E+00  0.0000000E+00
  0.50000  0.21633  0.17382  0.18350  0.1800629E-01  0.7532804E-02  0.9979572E-02  0.7423724E-02  0.1273090E-02  0.1090801E-03  0.6753625E-02  0.0000000E+00  0.0000000E+00  0.0000000E+00
  0.50000  0.21629  0.17393  0.18360  0.1799074E-01  0.7528948E-02  0.9971827E-02  0.7420301E-02  0.1274909E-02  0.1086474E-03  0.6744007E-02  0.0000000E+00  0.0000000E+00  0.0000000E+00
  0.50000  0.21625  0.17403  0.18370  0.1797522E-01  0.7525102E-02  0.9964072E-02  0.7416869E-02  0.1276758E-02  0.1082332E-03  0.6734385E-02  0.0000000E+00  0.0000000E+00  0.0000000E+00
  0.50000  0.21622  0.17413  0.18380  0.1795970E-01  0.7521265E-02  0.9956307E-02  0.7413429E-02  0.1278637E-02  0.1078363E-03  0.6724759E-02  0.0000000E+00  0.0000000E+00  0.0000000E+00
  0.50000  0.21618  0.17423  0.18390  0.1794420E-01  0.7517435E-02  0.9948533E-02  0.7409980E-02  0.1280544E-02  0.1074556E-03  0.6715128E-02  0.0000000E+00  0.0000000E+00  0.0000000E+00
  0.50000  0.21614  0.17433  0.18400  0.1792872E-01  0.7513612E-02  0.9940748E-02  0.7406522E-02  0.1282476E-02  0.1070903E-03  0.6705493E-02  0.0000000E+00  0.0000000E+00  0.0000000E+00
  0.50000  0.21611  0.17443  0.18410  0.1791324E-01  0.7509795E-02  0.9932954E-02  0.7403056E-02  0.1284434E-02  0.1067392E-03  0.6695855E-02  0.0000000E+00  0.0000000E+00  0.0000000E+00
  0.50000  0.21607  0.17453  0.18420  0.1789778E-01  0.7505983E-02  0.9925150E-02  0.7399581E-02  0.1286416E-02  0.1064018E-03  0.6686212E-02  0.0000000E+00  0.0000000E+00  0.0000000E+00
  0.50000  0.21603  0.17464  0.18430  0.1788232E-01  0.7502175E-02  0.9917336E-02  0.7396098E-02  0.1288420E-02  0.1060771E-03  0.6676565E-02  0.0000000E+00  0.0000000E+00  0.0000000E+00
  0.50000  0.21600  0.17474  0.18440  0.1786687E-01  0.7498371E-02  0.9909513E-02  0.7392606E-02  0.1290446E-02  0.1057645E-03  0.6666915E-02  0.0000000E+00  0.0000000E+00  0.0000000E+00
  0.50000  0.21596  0.17484  0.18450  0.1785143E-01  0.7494569E-02  0.9901680E-02  0.7389106E-02  0.1292494E-02  0.1054633E-03  0.6657261E-02  0.0000000E+00  0.0000000E+00  0.0000000E+00
  0.50000  0.21592  0.17494  0.18460  0.1783600E-01  0.7490771E-02  0.9893837E-02  0.7385597E-02  0.1294561E-02  0.1051730E-03  0.6647604E-02  0.0000000E+00  0.0000000E+00  0.0000000E+00
  0.50000  0.21589  0.17504  0.18470  0.1782058E-01  0.7486974E-02  0.9885985E-02  0.7382081E-02  0.1296647E-02  0.1048931E-03  0.6637943E-02  0.0000000E+00  0.0000000E+00  0.0000000E+00
  0.50000  0.21585  0.17514  0.18480  0.1780516E-01  0.7483178E-02  0.9878124E-02  0.7378555E-02  0.1298753E-02  0.1046229E-03  0.6628279E-02  0.0000000E+00  0.0000000E+00  0.0000000E+00
  0.50000  0.21581  0.17525  0.18490  0.1778974E-01  0.7479384E-02  0.9870254E-02  0.7375022E-02  0.1300876E-02  0.1043621E-03  0.6618611E-02  0.0000000E+00  0.0000000E+00  0.0000000E+00
  0.50000  0.21577  0.17535  0.18500  0.1777433E-01  0.7475590E-02  0.9862374E-02  0.7371480E-02  0.1303017E-02  0.1041101E-03  0.6608940E-02  0.0000000E+00  0.0000000E+00  0.0000000E+00
  0.50000  0.21574  0.17545  0.18510  0.1775892E-01  0.7471797E-02  0.9854485E-02  0.7367930E-02  0.1305174E-02  0.1038667E-03  0.6599266E-02  0.0000000E+00  0.0000000E+00  0.0000000E+00
  0.50000  0.21570  0.17555  0.18520  0.1774352E-01  0.7468003E-02  0.9846587E-02  0.7364372E-02  0.1307348E-02  0.1036314E-03  0.6589589E-02  0.0000000E+00  0.0000000E+00  0.0000000E+00
  0.50000  0.21566  0.17565  0.18530  0.1772813E-01  0.7464210E-02  0.9838679E-02  0.7360806E-02  0.1309537E-02  0.1034039E-03  0.6579909E-02  0.0000000E+00  0.0000000E+00  0.0000000E+00
  0.50000  0.21563  0.17575  0.18540  0.1771273E-01  0.7460415E-02  0.9830763E-02  0.7357231E-02  0.1311742E-02  0.1031838E-03  0.6570226E-02  0.0000000E+00  0.0000000E+00  0.0000000E+00
  0.50000  0.21559  0.17586  0.18550  0.1769734E-01  0.7456620E-02  0.9822838E-02  0.7353649E-02  0.1313961E-02  0.1029708E-03  0.6560540E-02  0.0000000E+00  0.0000000E+00  0.0000000E+00
  0.50000  0.21555  0.17596  0.18560  0.1768195E-01  0.7452823E-02  0.9814904E-02  0.7350058E-02  0.1316196E-02  0.1027647E-03  0.6550852E-02  0.0000000E+00  0.0000000E+00  0.0000000E+00
  0.50000  0.21552  0.17606  0.18570  0.1766657E-01  0.7449025E-02  0.9806961E-02  0.7346460E-02  0.1318444E-02  0.1025651E-03  0.6541161E-02  0.0000000E+00  0.0000000E+00  0.0000000E+00
  0.50000  0.21548  0.17616  0.18580  0.1765118E-01  0.7445225E-02  0.9799009E-02  0.7342853E-02  0.1320706E-02  0.1023718E-03  0.6531467E-02  0.0000000E+00  0.0000000E+00  0.0000000E+00
  0.50000  0.21544  0.17626  0.18590  0.1763580E-01  0.7441423E-02  0.9791048E-02  0.7339239E-02  0.1322981E-02  0.1021846E-03  0.6521771E-02  0.0000000E+00  0.0000000E+00  0.0000000E+00
  0.50000  0.21540  0.17636  0.18600  0.1762042E-01  0.7437619E-02  0.9783079E-02  0.7335616E-02  0.1325270E-02  0.1020032E-03  0.6512073E-02  0.0000000E+00  0.0000000E+00  0.0000000E+00
  0.50000  0.21537  0.17647  0.18610  0.1760504E-01  0.7433813E-02  0.9775101E-02  0.7331986E-02  0.1327571E-02  0.1018274E-03  0.6502372E-02  0.0000000E+00  0.0000000E+00  0.0000000E+00
  0.50000  0.21533  0.17657  0.18620  0.1758967E-01  0.7430005E-02  0.9767114E-02  0.7328348E-02  0.1329885E-02  0.1016570E-03  0.6492669E-02  0.0000000E+00  0.0000000E+00  0.0000000E+00
  0.50000  0.21529  0.17667  0.18630  0.1757430E-01  0.7426194E-02  0.9759119E-02  0.7324702E-02  0.1332211E-02  0.1014919E-03  0.6482964E-02  0.0000000E+00  0.0000000E+00  0.0000000E+00
  0.50000  0.21526  0.17677  0.18640  0.1755892E-01  0.7422380E-02  0.9751116E-02  0.7321048E-02  0.1334550E-02  0.1013318E-03  0.6473257E-02  0.0000000E+00  0.0000000E+00  0.0000000E+00
  0.50000  0.21522  0.17687  0.18650  0.1760845E-01  0.7452727E-02  0.9743104E-02  0.7317386E-02  0.1401796E-02  0.1353402E-03  0.6463548E-02  0.0000000E+00  0.0000000E+00  0.0000000E+00
  0.50000  0.21518  0.17697  0.18660  0.1759204E-01  0.7447982E-02  0.9735084E-02  0.7313717E-02  0.1403117E-02  0.1342649E-03  0.6453837E-02  0.0000000E+00  0.0000000E+00  0.0000000E+00
  0.50000  0.21514  0.17708  0.18670  0.1757572E-01  0.7443304E-02  0.9727055E-02  0.7310040E-02  0.1404537E-02  0.1332639E-03  0.6444125E-02  0.0000000E+00  0.0000000E+00  0.0000000E+00
  0.50000  0.21511  0.17718  0.18680  0.1755947E-01  0.7438685E-02  0.9719019E-02  0.7306356E-02  0.1406045E-02  0.1323290E-03  0.6434411E-02  0.0000000E+00  0.0000000E+00  0.0000000E+00
  0.50000  0.21507  0.17728  0.18690  0.1754330E-01  0.7434117E-02  0.9710974E-02  0.7302664E-02  0.1407634E-02  0.1314531E-03  0.6424695E-02  0.0000000E+00  0.0000000E+00  0.0000000E+00
  0.50000  0.21503  0.17738  0.18700  0.1752719E-01  0.7429594E-02  0.9702921E-02  0.7298964E-02  0.1409294E-02  0.1306303E-03  0.6414977E-02  0.0000000E+00  0.0000000E+00  0.0000000E+00
  0.50000  0.21499  0.17748  0.18710  0.1751114E-01  0.7425112E-02  0.9694860E-02  0.7295257E-02  0.1411021E-02  0.1298555E-03  0.6405258E-02  0.0000000E+00  0.0000000E+00  0.0000000E+00
  0.50000  0.21496  0.17758  0.18720  0.1749514E-01  0.7420666E-02  0.9686791E-02  0.7291542E-02  0.1412807E-02  0.1291243E-03  0.6395538E-02  0.0000000E+00  0.0000000E+00  0.0000000E+00
  0.50000  0.21492  0.17769  0.18730  0.1747918E-01  0.7416252E-02  0.9678714E-02  0.7287820E-02  0.1414649E-02  0.1284327E-03  0.6385817E-02  0.0000000E+00  0.0000000E+00  0.0000000E+00
  0.50000  0.21488  0.17779  0.18740  0.1746326E-01  0.7411867E-02  0.9670629E-02  0.7284090E-02  0.1416542E-02  0.1277773E-03  0.6376094E-02  0.0000000E+00  0.0000000E+00  0.0000000E+00
  0.50000  0.21484  0.17789  0.18750  0.1744739E-01  0.7407508E-02  0.9662536E-02  0.7280353E-02  0.1418482E-02  0.1271553E-03  0.6366370E-02  0.0000000E+00  0.0000000E+00  0.0000000E+00
  0.50000  0.21481  0.17799  0.18760  0.1743155E-01  0.7403172E-02  0.9654436E-02  0.7276608E-02  0.1420465E-02  0.1265639E-03  0.6356645E-02  0.0000000E+00  0.0000000E+00  0.0000000E+00
  0.50000  0.21477  0.17809  0.18770  0.1741574E-01  0.7398857E-02  0.9646327E-02  0.7272857E-02  0.1422489E-02  0.1260008E-03  0.6346920E-02  0.0000000E+00  0.0000000E+00  0.0000000E+00
  0.50000  0.21473  0.17819  0.18780  0.1739996E-01  0.7394561E-02  0.9638211E-02  0.7269097E-02  0.1424552E-02  0.1254640E-03  0.6337193E-02  0.0000000E+00  0.0000000E+00  0.0000000E+00
  0.50000  0.21469  0.17830  0.18790  0.1738420E-01  0.7390282E-02  0.9630088E-02  0.7265331E-02  0.1426650E-02  0.1249514E-03  0.6327466E-02  0.0000000E+00  0.0000000E+00  0.0000000E+00
  0.50000  0.21466  0.17840  0.18800  0.1736848E-01  0.7386019E-02  0.9621957E-02  0.7261557E-02  0.1428782E-02  0.1244616E-03  0.6317738E-02  0.0000000E+00  0.0000000E+00  0.0000000E+00
  0.50000  0.21462  0.17850  0.18810  0.1735277E-01  0.7381769E-02  0.9613818E-02  0.7257777E-02  0.1430946E-02  0.1239928E-03  0.6308009E-02  0.0000000E+00  0.0000000E+00  0.0000000E+00
  0.50000  0.21458  0.17860  0.18820  0.1733709E-01  0.7377532E-02  0.9605672E-02  0.7253989E-02  0.1433140E-02  0.1235439E-03  0.6298280E-02  0.0000000E+00  0.0000000E+00  0.0000000E+00
  0.50000  0.21454  0.17870  0.18830  0.1732143E-01  0.7373307E-02  0.9597519E-02  0.7250193E-02  0.1435362E-02  0.1231134E-03  0.6288551E-02  0.0000000E+00  0.0000000E+00  0.0000000E+00
  0.50000  0.21451  0.17880  0.18840  0.1730579E-01  0.7369091E-02  0.9589358E-02  0.7246391E-02  0.1437611E-02  0.1227004E-03  0.6278821E-02  0.0000000E+00  0.0000000E+00  0.0000000E+00
  0.50000  0.21447  0.17891  0.18850  0.1729017E-01  0.7364885E-02  0.9581190E-02  0.7242582E-02  0.1439886E-02  0.1223038E-03  0.6269091E-02  0.0000000E+00  0.0000000E+00  0.0000000E+00
  0.50000  0.21443  0.17901  0.18860  0.1727456E-01  0.7360688E-02  0.9573015E-02  0.7238765E-02  0.1442186E-02  0.1219225E-03  0.6259360E-02  0.0000000E+00  0.0000000E+00  0.0000000E+00
  0.50000  0.21439  0.17911  0.18870  0.1725897E-01  0.7356498E-02  0.9564833E-02  0.7234942E-02  0.1444510E-02  0.1215558E-03  0.6249630E-02  0.0000000E+00  0.0000000E+00  0.0000000E+00
  0.50000  0.21435  0.17921  0.18880  0.1724340E-01  0.7352314E-02  0.9556643E-02  0.7231112E-02  0.1446855E-02  0.1212029E-03  0.6239899E-02  0.0000000E+00  0.0000000E+00  0.0000000E+00
  0.50000  0.21432  0.17931  0.18890  0.1722784E-01  0.7348137E-02  0.9548447E-02  0.7227274E-02  0.1449223E-02  0.1208630E-03  0.6230169E-02  0.0000000E+00  0.0000000E+00  0.0000000E+00
  0.50000  0.21428  0.17942  0.18900  0.1721229E-01  0.7343965E-02  0.9540243E-02  0.7223430E-02  0.1451611E-02  0.1205355E-03  0.6220439E-02  0.0000000E+00  0.0000000E+00  0.0000000E+00
  0.50000  0.21424  0.17952  0.18910  0.1719676E-01  0.7339799E-02  0.9532033E-02  0.7219579E-02  0.1454019E-02  0.1202197E-03  0.6210709E-02  0.0000000E+00  0.0000000E+00  0.0000000E+00
  0.50000  0.21420  0.17962  0.18920  0.1718124E-01  0.7335636E-02  0.9523815E-02  0.7215721E-02  0.1456447E-02  0.1199150E-03  0.6200979E-02  0.0000000E+00  0.0000000E+00  0.0000000E+00
  0.50000  0.21417  0.17972  0.18930  0.1716573E-01  0.7331477E-02  0.9515591E-02  0.7211856E-02  0.1458893E-02  0.1196210E-03  0.6191250E-02  0.0000000E+00  0.0000000E+00  0.0000000E+00
  0.50000  0.21413  0.17982  0.18940  0.1715024E-01  0.7327322E-02  0.9507360E-02  0.7207985E-02  0.1461357E-02  0.1193371E-03  0.6181521E-02  0.0000000E+00  0.0000000E+00  0.0000000E+00
  0.50000  0.21409  0.17992  0.18950  0.1713475E-01  0.7323169E-02  0.9499122E-02  0.7204106E-02  0.1463839E-02  0.1190629E-03  0.6171793E-02  0.0000000E+00  0.0000000E+00  0.0000000E+00
  0.50000  0.21405  0.18003  0.18960  0.1711928E-01  0.7319019E-02  0.9490878E-02  0.7200221E-02  0.1466338E-02  0.1187978E-03  0.6162065E-02  0.0000000E+00  0.0000000E+00  0.0000000E+00
  0.50000  0.21401  0.18013  0.18970  0.1710382E-01  0.7314871E-02  0.9482627E-02  0.7196330E-02  0.1468852E-02  0.1185416E-03  0.6152338E-02  0.0000000E+00  0.0000000E+00  0.0000000E+00
  0.50000  0.21398  0.18023  0.18980  0.1708836E-01  0.7310725E-02  0.9474370E-02  0.7192431E-02  0.1471383E-02  0.1182938E-03  0.6142612E-02  0.0000000E+00  0.0000000E+00  0.0000000E+00
  0.50000  0.21394  0.18033  0.18990  0.1707292E-01  0.7306581E-02  0.9466106E-02  0.7188526E-02  0.1473930E-02  0.1180542E-03  0.6132887E-02  0.0000000E+00  0.0000000E+00  0.0000000E+00
  0.50000  0.21390  0.18043  0.19000  0.1705749E-01  0.7302437E-02  0.9457835E-02  0.7184615E-02  0.1476491E-02  0.1178222E-03  0.6123163E-02  0.0000000E+00  0.0000000E+00  0.0000000E+00
  0.50000  0.21386  0.18053  0.19010  0.1704207E-01  0.7298295E-02  0.9449558E-02  0.7180697E-02  0.1479068E-02  0.1175978E-03  0.6113439E-02  0.0000000E+00  0.0000000E+00  0.0000000E+00
  0.50000  0.21382  0.18064  0.19020  0.1702665E-01  0.7294153E-02  0.9441275E-02  0.7176772E-02  0.1481658E-02  0.1173804E-03  0.6103717E-02  0.0000000E+00  0.0000000E+00  0.0000000E+00
  0.50000  0.21379  0.18074  0.19030  0.1701124E-01  0.7290011E-02  0.9432985E-02  0.7172841E-02  0.1484263E-02  0.1171700E-03  0.6093996E-02  0.0000000E+00  0.0000000E+00  0.0000000E+00
  0.50000  0.21375  0.18084  0.19040  0.1699585E-01  0.7285870E-02  0.9424690E-02  0.7168904E-02  0.1486881E-02  0.1169661E-03  0.6084277E-02  0.0000000E+00  0.0000000E+00  0.0000000E+00
  0.50000  0.21371  0.18094  0.19050  0.1698046E-01  0.7281729E-02  0.9416388E-02  0.7164960E-02  0.1489513E-02  0.1167687E-03  0.6074559E-02  0.0000000E+00  0.0000000E+00  0.0000000E+00
  0.50000  0.21367  0.18104  0.19060  0.1696508E-01  0.7277587E-02  0.9408080E-02  0.7161010E-02  0.1492158E-02  0.1165773E-03  0.6064842E-02  0.0000000E+00  0.0000000E+00  0.0000000E+00
  0.50000  0.21363  0.18114  0.19070  0.1694971E-01  0.7273445E-02  0.9399765E-02  0.7157053E-02  0.1494816E-02  0.1163919E-03  0.6055127E-02  0.0000000E+00  0.0000000E+00  0.0000000E+00
  0.50000  0.21360  0.18125  0.19080  0.1693434E-01  0.7269302E-02  0.9391445E-02  0.7153090E-02  0.1497486E-02  0.1162122E-03  0.6045413E-02  0.0000000E+00  0.0000000E+00  0.0000000E+00
  0.50000  0.21356  0.18135  0.19090  0.1698455E-01  0.7303186E-02  0.9383119E-02  0.7149121E-02  0.1565733E-02  0.1540645E-03  0.6035701E-02  0.0000000E+00  0.0000000E+00  0.0000000E+00
  0.50000  0.21352  0.18145  0.19100  0.1696818E-01  0.7298004E-02  0.9374787E-02  0.7145146E-02  0.1567404E-02  0.1528584E-03  0.6025991E-02  0.0000000E+00  0.0000000E+00  0.0000000E+00
  0.50000  0.21348  0.18155  0.19110  0.1695191E-01  0.7292900E-02  0.9366449E-02  0.7141164E-02  0.1569174E-02  0.1517360E-03  0.6016283E-02  0.0000000E+00  0.0000000E+00  0.0000000E+00
  0.50000  0.21344  0.18165  0.19120  0.1693571E-01  0.7287864E-02  0.9358105E-02  0.7137176E-02  0.1571033E-02  0.1506881E-03  0.6006576E-02  0.0000000E+00  0.0000000E+00  0.0000000E+00
  0.50000  0.21340  0.18175  0.19130  0.1691960E-01  0.7282889E-02  0.9349756E-02  0.7133182E-02  0.1572973E-02  0.1497067E-03  0.5996872E-02  0.0000000E+00  0.0000000E+00  0.0000000E+00
  0.50000  0.21337  0.18186  0.19140  0.1690356E-01  0.7277967E-02  0.9341401E-02  0.7129182E-02  0.1574985E-02  0.1487850E-03  0.5987170E-02  0.0000000E+00  0.0000000E+00  0.0000000E+00
  0.50000  0.21333  0.18196  0.19150  0.1688757E-01  0.7273093E-02  0.9333040E-02  0.7125176E-02  0.1577063E-02  0.1479174E-03  0.5977470E-02  0.0000000E+00  0.0000000E+00  0.0000000E+00
  0.50000  0.21329  0.18206  0.19160  0.1687165E-01  0.7268262E-02  0.9324673E-02  0.7121163E-02  0.1579201E-02  0.1470987E-03  0.5967772E-02  0.0000000E+00  0.0000000E+00  0.0000000E+00
  0.50000  0.21325  0.18216  0.19170  0.1685577E-01  0.7263470E-02  0.9316301E-02  0.7117145E-02  0.1581395E-02  0.1463246E-03  0.5958077E-02  0.0000000E+00  0.0000000E+00  0.0000000E+00
  0.50000  0.21321  0.18226  0.19180  0.1683995E-01  0.7258712E-02  0.9307924E-02  0.7113121E-02  0.1583641E-02  0.1455913E-03  0.5948383E-02  0.0000000E+00  0.0000000E+00  0.0000000E+00
  0.50000  0.21317  0.18236  0.19190  0.1682417E-01  0.7253986E-02  0.9299541E-02  0.7109091E-02  0.1585933E-02  0.1448954E-03  0.5938693E-02  0.0000000E+00  0.0000000E+00  0.0000000E+00
  0.50000  0.21314  0.18247  0.19200  0.1680843E-01  0.7249288E-02  0.9291153E-02  0.7105054E-02  0.1588270E-02  0.1442339E-03  0.5929005E-02  0.0000000E+00  0.0000000E+00  0.0000000E+00
  0.50000  0.21310  0.18257  0.19210  0.1679273E-01  0.7244617E-02  0.9282759E-02  0.7101012E-02  0.1590648E-02  0.1436043E-03  0.5919319E-02  0.0000000E+00  0.0000000E+00  0.0000000E+00
  0.50000  0.21306  0.18267  0.19220  0.1677706E-01  0.7239969E-02  0.9274360E-02  0.7096964E-02  0.1593065E-02  0.1430041E-03  0.5909637E-02  0.0000000E+00  0.0000000E+00  0.0000000E+00
  0.50000  0.21302  0.18277  0.19230  0.1676143E-01  0.7235342E-02  0.9265956E-02  0.7092911E-02  0.1595517E-02  0.1424312E-03  0.5899957E-02  0.0000000E+00  0.0000000E+00  0.0000000E+00
  0.50000  0.21298  0.18287  0.19240  0.1674583E-01  0.7230735E-02  0.9257546E-02  0.7088851E-02  0.1598004E-02  0.1418838E-03  0.5890280E-02  0.0000000E+00  0.0000000E+00  0.0000000E+00
  0.50000  0.21294  0.18297  0.19250  0.1673026E-01  0.7226146E-02  0.9249132E-02  0.7084786E-02  0.1600523E-02  0.1413601E-03  0.5880606E-02  0.0000000E+00  0.0000000E+00  0.0000000E+00
  0.50000  0.21291  0.18308  0.19260  0.1671472E-01  0.7221573E-02  0.9240712E-02  0.7080715E-02  0.1603072E-02  0.1408586E-03  0.5870935E-02  0.0000000E+00  0.0000000E+00  0.0000000E+00
  0.50000  0.21287  0.18318  0.19270  0.1669921E-01  0.7217016E-02  0.9232288E-02  0.7076638E-02  0.1605650E-02  0.1403780E-03  0.5861267E-02  0.0000000E+00  0.0000000E+00  0.0000000E+00
  0.50000  0.21283  0.18328  0.19280  0.1668372E-01  0.7212472E-02  0.9223858E-02  0.7072556E-02  0.1608256E-02  0.1399168E-03  0.5851602E-02  0.0000000E+00  0.0000000E+00  0.0000000E+00
  0.50000  0.21279  0.18338  0.19290  0.1666825E-01  0.7207942E-02  0.9215424E-02  0.7068468E-02  0.1610888E-02  0.1394740E-03  0.5841941E-02  0.0000000E+00  0.0000000E+00  0.0000000E+00
  0.50000  0.21275  0.18348  0.19300  0.1665281E-01  0.7203422E-02  0.9206984E-02  0.7064374E-02  0.1613545E-02  0.1390485E-03  0.5832283E-02  0.0000000E+00  0.0000000E+00  0.0000000E+00
  0.50000  0.21271  0.18359  0.19310  0.1663739E-01  0.7198914E-02  0.9198540E-02  0.7060275E-02  0.1616226E-02  0.1386394E-03  0.5822628E-02  0.0000000E+00  0.0000000E+00  0.0000000E+00
  0.50000  0.21267  0.18369  0.19320  0.1662200E-01  0.7194416E-02  0.9190091E-02  0.7056170E-02  0.1618930E-02  0.1382456E-03  0.5812977E-02  0.0000000E+00  0.0000000E+00  0.0000000E+00
  0.50000  0.21264  0.18379  0.19330  0.1660662E-01  0.7189926E-02  0.9181638E-02  0.7052060E-02  0.1621656E-02  0.1378665E-03  0.5803330E-02  0.0000000E+00  0.0000000E+00  0.0000000E+00
  0.50000  0.21260  0.18389  0.19340  0.1659127E-01  0.7185445E-02  0.9173179E-02  0.7047944E-02  0.1624403E-02  0.1375013E-03  0.5793686E-02  0.0000000E+00  0.0000000E+00  0.0000000E+00
  0.50000  0.21256  0.18399  0.19350  0.1657593E-01  0.7180972E-02  0.9164716E-02  0.7043823E-02  0.1627170E-02  0.1371492E-03  0.5784045E-02  0.0000000E+00  0.0000000E+00  0.0000000E+00
  0.50000  0.21252  0.18409  0.19360  0.1656062E-01  0.7176506E-02  0.9156249E-02  0.7039696E-02  0.1629958E-02  0.1368097E-03  0.5774409E-02  0.0000000E+00  0.0000000E+00  0.0000000E+00
  0.50000  0.21248  0.18420  0.19370  0.1654532E-01  0.7172046E-02  0.9147777E-02  0.7035564E-02  0.1632764E-02  0.1364820E-03  0.5764776E-02  0.0000000E+00  0.0000000E+00  0.0000000E+00
  0.50000  0.21244  0.18430  0.19380  0.1653004E-01  0.7167592E-02  0.9139300E-02  0.7031427E-02  0.1635589E-02  0.1361657E-03  0.5755148E-02  0.0000000E+00  0.0000000E+00  0.0000000E+00
  0.50000  0.21240  0.18440  0.19390  0.1651477E-01  0.7163144E-02  0.9130819E-02  0.7027284E-02  0.1638432E-02  0.1358602E-03  0.5745523E-02  0.0000000E+00  0.0000000E+00  0.0000000E+00
  0.50000  0.21236  0.18450  0.19400  0.1649953E-01  0.7158701E-02  0.9122334E-02  0.7023136E-02  0.1641292E-02  0.1355651E-03  0.5735903E-02  0.0000000E+00  0.0000000E+00  0.0000000E+00
  0.50000  0.21233  0.18460  0.19410  0.1648430E-01  0.7154263E-02  0.9113844E-02  0.7018983E-02  0.1644170E-02  0.1352799E-03  0.5726287E-02  0.0000000E+00  0.0000000E+00  0.0000000E+00
  0.50000  0.21229  0.18470  0.19420  0.1646909E-01  0.7149828E-02  0.9105351E-02  0.7014824E-02  0.1647063E-02  0.1350041E-03  0.5716675E-02  0.0000000E+00  0.0000000E+00  0.0000000E+00
  0.50000  0.21225  0.18481  0.19430  0.1645389E-01  0.7145398E-02  0.9096852E-02  0.7010661E-02  0.1649973E-02  0.1347374E-03  0.5707067E-02  0.0000000E+00  0.0000000E+00  0.0000000E+00
  0.50000  0.21221  0.18491  0.19440  0.1643871E-01  0.7140971E-02  0.9088350E-02  0.7006492E-02  0.1652898E-02  0.1344794E-03  0.5697464E-02  0.0000000E+00  0.0000000E+00  0.0000000E+00
  0.50000  0.21217  0.18501  0.19450  0.1642355E-01  0.7136547E-02  0.9079844E-02  0.7002318E-02  0.1655838E-02  0.1342297E-03  0.5687865E-02  0.0000000E+00  0.0000000E+00  0.0000000E+00
  0.50000  0.21213  0.18511  0.19460  0.1640840E-01  0.7132127E-02  0.9071333E-02  0.6998139E-02  0.1658794E-02  0.1339881E-03  0.5678271E-02  0.0000000E+00  0.0000000E+00  0.0000000E+00
  0.50000  0.21209  0.18521  0.19470  0.1639326E-01  0.7127709E-02  0.9062819E-02  0.6993955E-02  0.1661763E-02  0.1337542E-03  0.5668681E-02  0.0000000E+00  0.0000000E+00  0.0000000E+00
  0.50000  0.21205  0.18531  0.19480  0.1637814E-01  0.7123293E-02  0.9054300E-02  0.6989765E-02  0.1664747E-02  0.1335276E-03  0.5659096E-02  0.0000000E+00  0.0000000E+00  0.0000000E+00
  0.50000  0.21201  0.18542  0.19490  0.1636304E-01  0.7118879E-02  0.9045778E-02  0.6985571E-02  0.1667745E-02  0.1333083E-03  0.5649516E-02  0.0000000E+00  0.0000000E+00  0.0000000E+00
  0.50000  0.21197  0.18552  0.19500  0.1634795E-01  0.7114468E-02  0.9037252E-02  0.6981372E-02  0.1670757E-02  0.1330958E-03  0.5639941E-02  0.0000000E+00  0.0000000E+00  0.0000000E+00
  0.50000  0.21194  0.18562  0.19510  0.1633287E-01  0.7110058E-02  0.9028722E-02  0.6977168E-02  0.1673782E-02  0.1328899E-03  0.5630371E-02  0.0000000E+00  0.0000000E+00  0.0000000E+00
  0.50000  0.21190  0.18572  0.19520  0.1631781E-01  0.7105649E-02  0.9020188E-02  0.6972959E-02  0.1676820E-02  0.1326905E-03  0.5620805E-02  0.0000000E+00  0.0000000E+00  0.0000000E+00
  0.50000  0.21186  0.18582  0.19530  0.1636840E-01  0.7143155E-02  0.9011650E-02  0.6968745E-02  0.1745500E-02  0.1744103E-03  0.5611245E-02  0.0000000E+00  0.0000000E+00  0.0000000E+00
  0.50000  0.21182  0.18593  0.19540  0.1635238E-01  0.7137607E-02  0.9003109E-02  0.6964526E-02  0.1747583E-02  0.1730813E-03  0.5601690E-02  0.0000000E+00  0.0000000E+00  0.0000000E+00
  0.50000  0.21178  0.18603  0.19550  0.1633647E-01  0.7132147E-02  0.8994564E-02  0.6960303E-02  0.1749763E-02  0.1718442E-03  0.5592140E-02  0.0000000E+00  0.0000000E+00  0.0000000E+00
  0.50000  0.21174  0.18613  0.19560  0.1632064E-01  0.7126763E-02  0.8986016E-02  0.6956074E-02  0.1752030E-02  0.1706889E-03  0.5582596E-02  0.0000000E+00  0.0000000E+00  0.0000000E+00
  0.50000  0.21170  0.18623  0.19570  0.1630490E-01  0.7121448E-02  0.8977464E-02  0.6951841E-02  0.1754376E-02  0.1696068E-03  0.5573056E-02  0.0000000E+00  0.0000000E+00  0.0000000E+00
  0.50000  0.21166  0.18633  0.19580  0.1628922E-01  0.7116194E-02  0.8968908E-02  0.6947603E-02  0.1756793E-02  0.1685905E-03  0.5563523E-02  0.0000000E+00  0.0000000E+00  0.0000000E+00
  0.50000  0.21162  0.18643  0.19590  0.1627362E-01  0.7110994E-02  0.8960349E-02  0.6943360E-02  0.1759275E-02  0.1676336E-03  0.5553994E-02  0.0000000E+00  0.0000000E+00  0.0000000E+00
  0.50000  0.21158  0.18654  0.19600  0.1625807E-01  0.7105844E-02  0.8951787E-02  0.6939113E-02  0.1761816E-02  0.1667306E-03  0.5544472E-02  0.0000000E+00  0.0000000E+00  0.0000000E+00
  0.50000  0.21154  0.18664  0.19610  0.1624259E-01  0.7100738E-02  0.8943221E-02  0.6934861E-02  0.1764411E-02  0.1658767E-03  0.5534955E-02  0.0000000E+00  0.0000000E+00  0.0000000E+00
  0.50000  0.21151  0.18674  0.19620  0.1622715E-01  0.7095672E-02  0.8934653E-02  0.6930605E-02  0.1767057E-02  0.1650678E-03  0.5525443E-02  0.0000000E+00  0.0000000E+00  0.0000000E+00
  0.50000  0.21147  0.18684  0.19630  0.1621177E-01  0.7090644E-02  0.8926080E-02  0.6926344E-02  0.1769750E-02  0.1643001E-03  0.5515938E-02  0.0000000E+00  0.0000000E+00  0.0000000E+00
  0.50000  0.21143  0.18694  0.19640  0.1619643E-01  0.7085648E-02  0.8917505E-02  0.6922078E-02  0.1772487E-02  0.1635705E-03  0.5506438E-02  0.0000000E+00  0.0000000E+00  0.0000000E+00
  0.50000  0.21139  0.18704  0.19650  0.1618113E-01  0.7080684E-02  0.8908926E-02  0.6917808E-02  0.1775264E-02  0.1628759E-03  0.5496944E-02  0.0000000E+00  0.0000000E+00  0.0000000E+00
  0.50000  0.21135  0.18715  0.19660  0.1616588E-01  0.7075747E-02  0.8900345E-02  0.6913533E-02  0.1778079E-02  0.1622137E-03  0.5487457E-02  0.0000000E+00  0.0000000E+00  0.0000000E+00
  0.50000  0.21131  0.18725  0.19670  0.1615067E-01  0.7070836E-02  0.8891760E-02  0.6909254E-02  0.1780930E-02  0.1615818E-03  0.5477975E-02  0.0000000E+00  0.0000000E+00  0.0000000E+00
  0.50000  0.21127  0.18735  0.19680  0.1613549E-01  0.7065948E-02  0.8883172E-02  0.6904970E-02  0.1783815E-02  0.1609779E-03  0.5468500E-02  0.0000000E+00  0.0000000E+00  0.0000000E+00
  0.50000  0.21123  0.18745  0.19690  0.1612034E-01  0.7061083E-02  0.8874582E-02  0.6900682E-02  0.1786733E-02  0.1604003E-03  0.5459030E-02  0.0000000E+00  0.0000000E+00  0.0000000E+00
  0.50000  0.21119  0.18755  0.19700  0.1610524E-01  0.7056237E-02  0.8865988E-02  0.6896390E-02  0.1789680E-02  0.1598472E-03  0.5449568E-02  0.0000000E+00  0.0000000E+00  0.0000000E+00
  0.50000  0.21115  0.18765  0.19710  0.1609016E-01  0.7051410E-02  0.8857392E-02  0.6892093E-02  0.1792656E-02  0.1593170E-03  0.5440111E-02  0.0000000E+00  0.0000000E+00  0.0000000E+00
  0.50000  0.21111  0.18776  0.19720  0.1607511E-01  0.7046601E-02  0.8848792E-02  0.6887792E-02  0.1795660E-02  0.1588085E-03  0.5430661E-02  0.0000000E+00  0.0000000E+00  0.0000000E+00
  0.50000  0.21107  0.18786  0.19730  0.1606010E-01  0.7041807E-02  0.8840190E-02  0.6883487E-02  0.1798690E-02  0.1583202E-03  0.5421217E-02  0.0000000E+00  0.0000000E+00  0.0000000E+00
  0.50000  0.21103  0.18796  0.19740  0.1604511E-01  0.7037028E-02  0.8831585E-02  0.6879177E-02  0.1801745E-02  0.1578511E-03  0.5411780E-02  0.0000000E+00  0.0000000E+00  0.0000000E+00
  0.50000  0.21099  0.18806  0.19750  0.1603015E-01  0.7032263E-02  0.8822978E-02  0.6874863E-02  0.1804825E-02  0.1574000E-03  0.5402350E-02  0.0000000E+00  0.0000000E+00  0.0000000E+00
  0.50000  0.21095  0.18816  0.19760  0.1601522E-01  0.7027511E-02  0.8814368E-02  0.6870545E-02  0.1807927E-02  0.1569660E-03  0.5392926E-02  0.0000000E+00  0.0000000E+00  0.0000000E+00
  0.50000  0.21091  0.18827  0.19770  0.1600032E-01  0.7022771E-02  0.8805755E-02  0.6866223E-02  0.1811052E-02  0.1565481E-03  0.5383509E-02  0.0000000E+00  0.0000000E+00  0.0000000E+00
  0.50000  0.21088  0.18837  0.19780  0.1598544E-01  0.7018043E-02  0.8797140E-02  0.6861897E-02  0.1814198E-02  0.1561456E-03  0.5374099E-02  0.0000000E+00  0.0000000E+00  0.0000000E+00
  0.50000  0.21084  0.18847  0.19790  0.1597058E-01  0.7013324E-02  0.8788522E-02  0.6857567E-02  0.1817364E-02  0.1557577E-03  0.5364696E-02  0.0000000E+00  0.0000000E+00  0.0000000E+00
  0.50000  0.21080  0.18857  0.19800  0.1595575E-01  0.7008616E-02  0.8779902E-02  0.6853232E-02  0.1820551E-02  0.1553836E-03  0.5355300E-02  0.0000000E+00  0.0000000E+00  0.0000000E+00
  0.50000  0.21076  0.18867  0.19810  0.1594095E-01  0.7003916E-02  0.8771279E-02  0.6848894E-02  0.1823757E-02  0.1550227E-03  0.5345911E-02  0.0000000E+00  0.0000000E+00  0.0000000E+00
  0.50000  0.21072  0.18877  0.19820  0.1592616E-01  0.6999225E-02  0.8762654E-02  0.6844551E-02  0.1826982E-02  0.1546744E-03  0.5336529E-02  0.0000000E+00  0.0000000E+00  0.0000000E+00
  0.50000  0.21068  0.18888  0.19830  0.1591141E-01  0.6994542E-02  0.8754026E-02  0.6840204E-02  0.1830225E-02  0.1543380E-03  0.5327154E-02  0.0000000E+00  0.0000000E+00  0.0000000E+00
  0.50000  0.21064  0.18898  0.19840  0.1589667E-01  0.6989867E-02  0.8745397E-02  0.6835854E-02  0.1833486E-02  0.1540131E-03  0.5317786E-02  0.0000000E+00  0.0000000E+00  0.0000000E+00
  0.50000  0.21060  0.18908  0.19850  0.1588195E-01  0.6985199E-02  0.8736765E-02  0.6831499E-02  0.1836764E-02  0.1536992E-03  0.5308426E-02  0.0000000E+00  0.0000000E+00  0.0000000E+00
  0.50000  0.21056  0.18918  0.19860  0.1586726E-01  0.6980537E-02  0.8728131E-02  0.6827141E-02  0.1840059E-02  0.1533957E-03  0.5299073E-02  0.0000000E+00  0.0000000E+00  0.0000000E+00
  0.50000  0.21052  0.18928  0.19870  0.1585259E-01  0.6975881E-02  0.8719495E-02  0.6822779E-02  0.1843370E-02  0.1531023E-03  0.5289728E-02  0.0000000E+00  0.0000000E+00  0.0000000E+00
  0.50000  0.21048  0.18939  0.19880  0.1583794E-01  0.6971231E-02  0.8710856E-02  0.6818413E-02  0.1846697E-02  0.1528185E-03  0.5280390E-02  0.0000000E+00  0.0000000E+00  0.0000000E+00
  0.50000  0.21044  0.18949  0.19890  0.1582332E-01  0.6966587E-02  0.8702216E-02  0.6814043E-02  0.1850040E-02  0.1525440E-03  0.5271060E-02  0.0000000E+00  0.0000000E+00  0.0000000E+00
  0.50000  0.21040  0.18959  0.19900  0.1580871E-01  0.6961948E-02  0.8693574E-02  0.6809669E-02  0.1853398E-02  0.1522783E-03  0.5261737E-02  0.0000000E+00  0.0000000E+00  0.0000000E+00
  0.50000  0.21036  0.18969  0.19910  0.1579412E-01  0.6957313E-02  0.8684929E-02  0.6805292E-02  0.1856771E-02  0.1520212E-03  0.5252422E-02  0.0000000E+00  0.0000000E+00  0.0000000E+00
  0.50000  0.21032  0.18979  0.19920  0.1577956E-01  0.6952683E-02  0.8676283E-02  0.6800911E-02  0.1860158E-02  0.1517724E-03  0.5243115E-02  0.0000000E+00  0.0000000E+00  0.0000000E+00
  0.50000  0.21028  0.18989  0.19930  0.1576501E-01  0.6948057E-02  0.8667635E-02  0.6796526E-02  0.1863560E-02  0.1515314E-03  0.5233816E-02  0.0000000E+00  0.0000000E+00  0.0000000E+00
  0.50000  0.21024  0.19000  0.19940  0.1575049E-01  0.6943435E-02  0.8658985E-02  0.6792137E-02  0.1866976E-02  0.1512981E-03  0.5224524E-02  0.0000000E+00  0.0000000E+00  0.0000000E+00
  0.50000  0.21020  0.19010  0.19950  0.1573598E-01  0.6938817E-02  0.8650333E-02  0.6787745E-02  0.1870406E-02  0.1510722E-03  0.5215241E-02  0.0000000E+00  0.0000000E+00  0.0000000E+00
  0.50000  0.21016  0.19020  0.19960  0.1572149E-01  0.6934202E-02  0.8641679E-02  0.6783349E-02  0.1873849E-02  0.1508533E-03  0.5205966E-02  0.0000000E+00  0.0000000E+00  0.0000000E+00
  0.50000  0.21012  0.19030  0.19970  0.1577212E-01  0.6975342E-02  0.8633024E-02  0.6778950E-02  0.1942402E-02  0.1963924E-03  0.5196699E-02  0.0000000E+00  0.0000000E+00  0.0000000E+00
  0.50000  0.21008  0.19040  0.19980  0.1575677E-01  0.6969500E-02  0.8624367E-02  0.6774547E-02  0.1944961E-02  0.1949531E-03  0.5187440E-02  0.0000000E+00  0.0000000E+00  0.0000000E+00
  0.50000  0.21004  0.19050  0.19990  0.1574151E-01  0.6963753E-02  0.8615708E-02  0.6770140E-02  0.1947611E-02  0.1936124E-03  0.5178189E-02  0.0000000E+00  0.0000000E+00  0.0000000E+00
  0.50000  0.21000  0.19061  0.20000  0.1572634E-01  0.6958090E-02  0.8607048E-02  0.6765730E-02  0.1950344E-02  0.1923595E-03  0.5168946E-02  0.0000000E+00  0.0000000E+00  0.0000000E+00
  0.50000  0.20996  0.19071  0.20010  0.1571125E-01  0.6952502E-02  0.8598387E-02  0.6761317E-02  0.1953152E-02  0.1911851E-03  0.5159712E-02  0.0000000E+00  0.0000000E+00  0.0000000E+00
  0.50000  0.20992  0.19081  0.20020  0.1569624E-01  0.6946981E-02  0.8589723E-02  0.6756900E-02  0.1956028E-02  0.1900816E-03  0.5150487E-02  0.0000000E+00  0.0000000E+00  0.0000000E+00
  0.50000  0.20988  0.19091  0.20030  0.1568129E-01  0.6941521E-02  0.8581059E-02  0.6752479E-02  0.1958966E-02  0.1890421E-03  0.5141270E-02  0.0000000E+00  0.0000000E+00  0.0000000E+00
  0.50000  0.20984  0.19101  0.20040  0.1566642E-01  0.6936116E-02  0.8572393E-02  0.6748056E-02  0.1961961E-02  0.1880607E-03  0.5132061E-02  0.0000000E+00  0.0000000E+00  0.0000000E+00
  0.50000  0.20980  0.19112  0.20050  0.1565160E-01  0.6930761E-02  0.8563725E-02  0.6743628E-02  0.1965009E-02  0.1871324E-03  0.5122861E-02  0.0000000E+00  0.0000000E+00  0.0000000E+00
  0.50000  0.20976  0.19122  0.20060  0.1563683E-01  0.6925451E-02  0.8555057E-02  0.6739198E-02  0.1968105E-02  0.1862526E-03  0.5113670E-02  0.0000000E+00  0.0000000E+00  0.0000000E+00
  0.50000  0.20972  0.19132  0.20070  0.1562212E-01  0.6920182E-02  0.8546386E-02  0.6734764E-02  0.1971247E-02  0.1854175E-03  0.5104487E-02  0.0000000E+00  0.0000000E+00  0.0000000E+00
  0.50000  0.20968  0.19142  0.20080  0.1560746E-01  0.6914950E-02  0.8537715E-02  0.6730327E-02  0.1974430E-02  0.1846235E-03  0.5095314E-02  0.0000000E+00  0.0000000E+00  0.0000000E+00
  0.50000  0.20964  0.19152  0.20090  0.1559285E-01  0.6909754E-02  0.8529043E-02  0.6725887E-02  0.1977654E-02  0.1838674E-03  0.5086149E-02  0.0000000E+00  0.0000000E+00  0.0000000E+00
  0.50000  0.20960  0.19162  0.20100  0.1557828E-01  0.6904590E-02  0.8520369E-02  0.6721443E-02  0.1980914E-02  0.1831466E-03  0.5076993E-02  0.0000000E+00  0.0000000E+00  0.0000000E+00
  0.50000  0.20956  0.19173  0.20110  0.1556375E-01  0.6899455E-02  0.8511694E-02  0.6716996E-02  0.1984210E-02  0.1824586E-03  0.5067846E-02  0.0000000E+00  0.0000000E+00  0.0000000E+00
  0.50000  0.20952  0.19183  0.20120  0.1554927E-01  0.6894347E-02  0.8503019E-02  0.6712546E-02  0.1987538E-02  0.1818010E-03  0.5058709E-02  0.0000000E+00  0.0000000E+00  0.0000000E+00
  0.50000  0.20948  0.19193  0.20130  0.1553482E-01  0.6889265E-02  0.8494342E-02  0.6708093E-02  0.1990898E-02  0.1811719E-03  0.5049580E-02  0.0000000E+00  0.0000000E+00  0.0000000E+00
  0.50000  0.20944  0.19203  0.20140  0.1552041E-01  0.6884207E-02  0.8485664E-02  0.6703637E-02  0.1994288E-02  0.1805695E-03  0.5040460E-02  0.0000000E+00  0.0000000E+00  0.0000000E+00
  0.50000  0.20940  0.19213  0.20150  0.1550604E-01  0.6879170E-02  0.8476985E-02  0.6699178E-02  0.1997706E-02  0.1799920E-03  0.5031350E-02  0.0000000E+00  0.0000000E+00  0.0000000E+00
  0.50000  0.20936  0.19224  0.20160  0.1549171E-01  0.6874153E-02  0.8468305E-02  0.6694715E-02  0.2001152E-02  0.1794381E-03  0.5022249E-02  0.0000000E+00  0.0000000E+00  0.0000000E+00
  0.50000  0.20932  0.19234  0.20170  0.1547741E-01  0.6869156E-02  0.8459625E-02  0.6690250E-02  0.2004623E-02  0.1789062E-03  0.5013158E-02  0.0000000E+00  0.0000000E+00  0.0000000E+00
  0.50000  0.20928  0.19244  0.20180  0.1546314E-01  0.6864177E-02  0.8450943E-02  0.6685781E-02  0.2008119E-02  0.1783952E-03  0.5004076E-02  0.0000000E+00  0.0000000E+00  0.0000000E+00
  0.50000  0.20924  0.19254  0.20190  0.1544890E-01  0.6859214E-02  0.8442261E-02  0.6681310E-02  0.2011639E-02  0.1779038E-03  0.4995003E-02  0.0000000E+00  0.0000000E+00  0.0000000E+00
  0.50000  0.20920  0.19264  0.20200  0.1543470E-01  0.6854267E-02  0.8433578E-02  0.6676836E-02  0.2015182E-02  0.1774311E-03  0.4985940E-02  0.0000000E+00  0.0000000E+00  0.0000000E+00
  0.50000  0.20916  0.19274  0.20210  0.1542053E-01  0.6849334E-02  0.8424894E-02  0.6672358E-02  0.2018747E-02  0.1769760E-03  0.4976887E-02  0.0000000E+00  0.0000000E+00  0.0000000E+00
  0.50000  0.20912  0.19285  0.20220  0.1540639E-01  0.6844416E-02  0.8416210E-02  0.6667878E-02  0.2022334E-02  0.1765377E-03  0.4967843E-02  0.0000000E+00  0.0000000E+00  0.0000000E+00
  0.50000  0.20907  0.19295  0.20230  0.1539227E-01  0.6839510E-02  0.8407525E-02  0.6663395E-02  0.2025941E-02  0.1761152E-03  0.4958809E-02  0.0000000E+00  0.0000000E+00  0.0000000E+00
  0.50000  0.20903  0.19305  0.20240  0.1537819E-01  0.6834617E-02  0.8398839E-02  0.6658909E-02  0.2029568E-02  0.1757079E-03  0.4949784E-02  0.0000000E+00  0.0000000E+00  0.0000000E+00
  0.50000  0.20899  0.19315  0.20250  0.1536414E-01  0.6829735E-02  0.8390153E-02  0.6654420E-02  0.2033215E-02  0.1753150E-03  0.4940770E-02  0.0000000E+00  0.0000000E+00  0.0000000E+00
  0.50000  0.20895  0.19325  0.20260  0.1535011E-01  0.6824864E-02  0.8381467E-02  0.6649928E-02  0.2036881E-02  0.1749357E-03  0.4931765E-02  0.0000000E+00  0.0000000E+00  0.0000000E+00
  0.50000  0.20891  0.19336  0.20270  0.1533611E-01  0.6820004E-02  0.8372780E-02  0.6645434E-02  0.2040565E-02  0.1745697E-03  0.4922771E-02  0.0000000E+00  0.0000000E+00  0.0000000E+00
  0.50000  0.20887  0.19346  0.20280  0.1532214E-01  0.6815153E-02  0.8364092E-02  0.6640937E-02  0.2044266E-02  0.1742161E-03  0.4913786E-02  0.0000000E+00  0.0000000E+00  0.0000000E+00
  0.50000  0.20883  0.19356  0.20290  0.1530820E-01  0.6810312E-02  0.8355404E-02  0.6636437E-02  0.2047985E-02  0.1738745E-03  0.4904812E-02  0.0000000E+00  0.0000000E+00  0.0000000E+00
  0.50000  0.20879  0.19366  0.20300  0.1529428E-01  0.6805479E-02  0.8346716E-02  0.6631934E-02  0.2051722E-02  0.1735444E-03  0.4895848E-02  0.0000000E+00  0.0000000E+00  0.0000000E+00
  0.50000  0.20875  0.19376  0.20310  0.1528040E-01  0.6800655E-02  0.8338027E-02  0.6627429E-02  0.2055474E-02  0.1732253E-03  0.4886893E-02  0.0000000E+00  0.0000000E+00  0.0000000E+00
  0.50000  0.20871  0.19386  0.20320  0.1526653E-01  0.6795838E-02  0.8329338E-02  0.6622921E-02  0.2059243E-02  0.1729167E-03  0.4877950E-02  0.0000000E+00  0.0000000E+00  0.0000000E+00
  0.50000  0.20867  0.19397  0.20330  0.1525269E-01  0.6791029E-02  0.8320649E-02  0.6618411E-02  0.2063028E-02  0.1726183E-03  0.4869016E-02  0.0000000E+00  0.0000000E+00  0.0000000E+00
  0.50000  0.20863  0.19407  0.20340  0.1523888E-01  0.6786227E-02  0.8311960E-02  0.6613898E-02  0.2066829E-02  0.1723296E-03  0.4860093E-02  0.0000000E+00  0.0000000E+00  0.0000000E+00
  0.50000  0.20859  0.19417  0.20350  0.1522509E-01  0.6781432E-02  0.8303270E-02  0.6609382E-02  0.2070644E-02  0.1720503E-03  0.4851180E-02  0.0000000E+00  0.0000000E+00  0.0000000E+00
  0.50000  0.20855  0.19427  0.20360  0.1521133E-01  0.6776644E-02  0.8294581E-02  0.6604864E-02  0.2074475E-02  0.1717800E-03  0.4842278E-02  0.0000000E+00  0.0000000E+00  0.0000000E+00
  0.50000  0.20851  0.19437  0.20370  0.1519760E-01  0.6771862E-02  0.8285891E-02  0.6600343E-02  0.2078320E-02  0.1715184E-03  0.4833386E-02  0.0000000E+00  0.0000000E+00  0.0000000E+00
  0.50000  0.20847  0.19448  0.20380  0.1518389E-01  0.6767085E-02  0.8277201E-02  0.6595820E-02  0.2082180E-02  0.1712651E-03  0.4824505E-02  0.0000000E+00  0.0000000E+00  0.0000000E+00
  0.50000  0.20842  0.19458  0.20390  0.1517020E-01  0.6762314E-02  0.8268511E-02  0.6591294E-02  0.2086054E-02  0.1710199E-03  0.4815634E-02  0.0000000E+00  0.0000000E+00  0.0000000E+00
  0.50000  0.20838  0.19468  0.20400  0.1522144E-01  0.6808437E-02  0.8259822E-02  0.6586766E-02  0.2154842E-02  0.2216708E-03  0.4806774E-02  0.0000000E+00  0.0000000E+00  0.0000000E+00
  0.50000  0.20834  0.19478  0.20410  0.1520690E-01  0.6802258E-02  0.8251132E-02  0.6582236E-02  0.2157841E-02  0.2200221E-03  0.4797925E-02  0.0000000E+00  0.0000000E+00  0.0000000E+00
  0.50000  0.20830  0.19488  0.20420  0.1519247E-01  0.6796192E-02  0.8242442E-02  0.6577703E-02  0.2160936E-02  0.2184896E-03  0.4789087E-02  0.0000000E+00  0.0000000E+00  0.0000000E+00
  0.50000  0.20826  0.19498  0.20430  0.1517813E-01  0.6790228E-02  0.8233753E-02  0.6573167E-02  0.2164115E-02  0.2170602E-03  0.4780259E-02  0.0000000E+00  0.0000000E+00  0.0000000E+00
  0.50000  0.20822  0.19509  0.20440  0.1516388E-01  0.6784353E-02  0.8225064E-02  0.6568630E-02  0.2167371E-02  0.2157227E-03  0.4771443E-02  0.0000000E+00  0.0000000E+00  0.0000000E+00
  0.50000  0.20818  0.19519  0.20450  0.1514971E-01  0.6778558E-02  0.8216375E-02  0.6564090E-02  0.2170697E-02  0.2144679E-03  0.4762637E-02  0.0000000E+00  0.0000000E+00  0.0000000E+00
  0.50000  0.20814  0.19529  0.20460  0.1513561E-01  0.6772835E-02  0.8207686E-02  0.6559548E-02  0.2174086E-02  0.2132877E-03  0.4753843E-02  0.0000000E+00  0.0000000E+00  0.0000000E+00
  0.50000  0.20810  0.19539  0.20470  0.1512159E-01  0.6767178E-02  0.8198997E-02  0.6555003E-02  0.2177533E-02  0.2121750E-03  0.4745059E-02  0.0000000E+00  0.0000000E+00  0.0000000E+00
  0.50000  0.20806  0.19549  0.20480  0.1510763E-01  0.6761580E-02  0.8190309E-02  0.6550456E-02  0.2181034E-02  0.2111237E-03  0.4736287E-02  0.0000000E+00  0.0000000E+00  0.0000000E+00
  0.50000  0.20802  0.19560  0.20490  0.1509373E-01  0.6756036E-02  0.8181621E-02  0.6545907E-02  0.2184584E-02  0.2101287E-03  0.4727526E-02  0.0000000E+00  0.0000000E+00  0.0000000E+00
  0.50000  0.20797  0.19570  0.20500  0.1507989E-01  0.6750541E-02  0.8172934E-02  0.6541356E-02  0.2188180E-02  0.2091851E-03  0.4718776E-02  0.0000000E+00  0.0000000E+00  0.0000000E+00
  0.50000  0.20793  0.19580  0.20510  0.1506610E-01  0.6745092E-02  0.8164247E-02  0.6536803E-02  0.2191819E-02  0.2082889E-03  0.4710038E-02  0.0000000E+00  0.0000000E+00  0.0000000E+00
  0.50000  0.20789  0.19590  0.20520  0.1505237E-01  0.6739684E-02  0.8155560E-02  0.6532247E-02  0.2195498E-02  0.2074364E-03  0.4701310E-02  0.0000000E+00  0.0000000E+00  0.0000000E+00
  0.50000  0.20785  0.19600  0.20530  0.1503868E-01  0.6734314E-02  0.8146874E-02  0.6527690E-02  0.2199215E-02  0.2066244E-03  0.4692595E-02  0.0000000E+00  0.0000000E+00  0.0000000E+00
  0.50000  0.20781  0.19610  0.20540  0.1502505E-01  0.6728980E-02  0.8138189E-02  0.6523130E-02  0.2202968E-02  0.2058499E-03  0.4683890E-02  0.0000000E+00  0.0000000E+00  0.0000000E+00
  0.50000  0.20777  0.19621  0.20550  0.1501146E-01  0.6723679E-02  0.8129504E-02  0.6518568E-02  0.2206754E-02  0.2051104E-03  0.4675197E-02  0.0000000E+00  0.0000000E+00  0.0000000E+00
  0.50000  0.20773  0.19631  0.20560  0.1499791E-01  0.6718408E-02  0.8120819E-02  0.6514005E-02  0.2210572E-02  0.2044035E-03  0.4666516E-02  0.0000000E+00  0.0000000E+00  0.0000000E+00
  0.50000  0.20769  0.19641  0.20570  0.1498440E-01  0.6713166E-02  0.8112136E-02  0.6509439E-02  0.2214421E-02  0.2037269E-03  0.4657846E-02  0.0000000E+00  0.0000000E+00  0.0000000E+00
  0.50000  0.20765  0.19651  0.20580  0.1497094E-01  0.6707950E-02  0.8103453E-02  0.6504871E-02  0.2218298E-02  0.2030790E-03  0.4649188E-02  0.0000000E+00  0.0000000E+00  0.0000000E+00
  0.50000  0.20761  0.19661  0.20590  0.1495751E-01  0.6702759E-02  0.8094770E-02  0.6500301E-02  0.2222203E-02  0.2024577E-03  0.4640542E-02  0.0000000E+00  0.0000000E+00  0.0000000E+00
  0.50000  0.20756  0.19672  0.20600  0.1494413E-01  0.6697591E-02  0.8086089E-02  0.6495730E-02  0.2226134E-02  0.2018617E-03  0.4631907E-02  0.0000000E+00  0.0000000E+00  0.0000000E+00
  0.50000  0.20752  0.19682  0.20610  0.1493078E-01  0.6692445E-02  0.8077408E-02  0.6491156E-02  0.2230091E-02  0.2012894E-03  0.4623284E-02  0.0000000E+00  0.0000000E+00  0.0000000E+00
  0.50000  0.20748  0.19692  0.20620  0.1491747E-01  0.6687320E-02  0.8068728E-02  0.6486580E-02  0.2234072E-02  0.2007394E-03  0.4614673E-02  0.0000000E+00  0.0000000E+00  0.0000000E+00
  0.50000  0.20744  0.19702  0.20630  0.1490420E-01  0.6682214E-02  0.8060049E-02  0.6482003E-02  0.2238076E-02  0.2002106E-03  0.4606074E-02  0.0000000E+00  0.0000000E+00  0.0000000E+00
  0.50000  0.20740  0.19712  0.20640  0.1489096E-01  0.6677126E-02  0.8051371E-02  0.6477424E-02  0.2242103E-02  0.1997018E-03  0.4597487E-02  0.0000000E+00  0.0000000E+00  0.0000000E+00
  0.50000  0.20736  0.19722  0.20650  0.1487776E-01  0.6672055E-02  0.8042694E-02  0.6472843E-02  0.2246151E-02  0.1992120E-03  0.4588912E-02  0.0000000E+00  0.0000000E+00  0.0000000E+00
  0.50000  0.20732  0.19733  0.20660  0.1486459E-01  0.6667000E-02  0.8034017E-02  0.6468260E-02  0.2250221E-02  0.1987403E-03  0.4580349E-02  0.0000000E+00  0.0000000E+00  0.0000000E+00
  0.50000  0.20728  0.19743  0.20670  0.1485145E-01  0.6661961E-02  0.8025342E-02  0.6463675E-02  0.2254312E-02  0.1982856E-03  0.4571798E-02  0.0000000E+00  0.0000000E+00  0.0000000E+00
  0.50000  0.20723  0.19753  0.20680  0.1483835E-01  0.6656936E-02  0.8016668E-02  0.6459089E-02  0.2258422E-02  0.1978472E-03  0.4563259E-02  0.0000000E+00  0.0000000E+00  0.0000000E+00
  0.50000  0.20719  0.19763  0.20690  0.1482528E-01  0.6651925E-02  0.8007995E-02  0.6454500E-02  0.2262551E-02  0.1974244E-03  0.4554733E-02  0.0000000E+00  0.0000000E+00  0.0000000E+00
  0.50000  0.20715  0.19773  0.20700  0.1481224E-01  0.6646927E-02  0.7999323E-02  0.6449911E-02  0.2266700E-02  0.1970164E-03  0.4546218E-02  0.0000000E+00  0.0000000E+00  0.0000000E+00
  0.50000  0.20711  0.19784  0.20710  0.1479923E-01  0.6641942E-02  0.7990652E-02  0.6445319E-02  0.2270867E-02  0.1966226E-03  0.4537716E-02  0.0000000E+00  0.0000000E+00  0.0000000E+00
  0.50000  0.20707  0.19794  0.20720  0.1478626E-01  0.6636968E-02  0.7981982E-02  0.6440726E-02  0.2275051E-02  0.1962423E-03  0.4529226E-02  0.0000000E+00  0.0000000E+00  0.0000000E+00
  0.50000  0.20703  0.19804  0.20730  0.1477332E-01  0.6632006E-02  0.7973313E-02  0.6436131E-02  0.2279253E-02  0.1958749E-03  0.4520749E-02  0.0000000E+00  0.0000000E+00  0.0000000E+00
  0.50000  0.20699  0.19814  0.20740  0.1476040E-01  0.6627054E-02  0.7964646E-02  0.6431534E-02  0.2283472E-02  0.1955200E-03  0.4512284E-02  0.0000000E+00  0.0000000E+00  0.0000000E+00
  0.50000  0.20694  0.19824  0.20750  0.1474752E-01  0.6622113E-02  0.7955980E-02  0.6426936E-02  0.2287708E-02  0.1951769E-03  0.4503832E-02  0.0000000E+00  0.0000000E+00  0.0000000E+00
  0.50000  0.20690  0.19835  0.20760  0.1473467E-01  0.6617182E-02  0.7947315E-02  0.6422336E-02  0.2291960E-02  0.1948453E-03  0.4495392E-02  0.0000000E+00  0.0000000E+00  0.0000000E+00
  0.50000  0.20686  0.19845  0.20770  0.1472184E-01  0.6612260E-02  0.7938651E-02  0.6417735E-02  0.2296229E-02  0.1945247E-03  0.4486965E-02  0.0000000E+00  0.0000000E+00  0.0000000E+00
  0.50000  0.20682  0.19855  0.20780  0.1470905E-01  0.6607347E-02  0.7929989E-02  0.6413133E-02  0.2300513E-02  0.1942146E-03  0.4478550E-02  0.0000000E+00  0.0000000E+00  0.0000000E+00
  0.50000  0.20678  0.19865  0.20790  0.1469629E-01  0.6602443E-02  0.7921329E-02  0.6408528E-02  0.2304812E-02  0.1939146E-03  0.4470148E-02  0.0000000E+00  0.0000000E+00  0.0000000E+00
  0.50000  0.20674  0.19875  0.20800  0.1468355E-01  0.6597547E-02  0.7912669E-02  0.6403923E-02  0.2309127E-02  0.1936244E-03  0.4461758E-02  0.0000000E+00  0.0000000E+00  0.0000000E+00
  0.50000  0.20669  0.19885  0.20810  0.1467085E-01  0.6592659E-02  0.7904011E-02  0.6399315E-02  0.2313456E-02  0.1933437E-03  0.4453382E-02  0.0000000E+00  0.0000000E+00  0.0000000E+00
  0.50000  0.20665  0.19896  0.20820  0.1465817E-01  0.6587779E-02  0.7895355E-02  0.6394707E-02  0.2317801E-02  0.1930720E-03  0.4445018E-02  0.0000000E+00  0.0000000E+00  0.0000000E+00
  0.50000  0.20661  0.19906  0.20830  0.1464553E-01  0.6582906E-02  0.7886700E-02  0.6390097E-02  0.2322159E-02  0.1928091E-03  0.4436667E-02  0.0000000E+00  0.0000000E+00  0.0000000E+00
  0.50000  0.20657  0.19916  0.20840  0.1469608E-01  0.6632520E-02  0.7878047E-02  0.6385485E-02  0.2389702E-02  0.2470353E-03  0.4428329E-02  0.0000000E+00  0.0000000E+00  0.0000000E+00
  0.50000  0.20653  0.19926  0.20850  0.1468270E-01  0.6626184E-02  0.7869395E-02  0.6380872E-02  0.2393305E-02  0.2453112E-03  0.4420004E-02  0.0000000E+00  0.0000000E+00  0.0000000E+00
  0.50000  0.20649  0.19936  0.20860  0.1466943E-01  0.6619964E-02  0.7860745E-02  0.6376258E-02  0.2396993E-02  0.2437054E-03  0.4411692E-02  0.0000000E+00  0.0000000E+00  0.0000000E+00
  0.50000  0.20644  0.19947  0.20870  0.1465625E-01  0.6613848E-02  0.7852097E-02  0.6371643E-02  0.2400757E-02  0.2422050E-03  0.4403393E-02  0.0000000E+00  0.0000000E+00  0.0000000E+00
  0.50000  0.20640  0.19957  0.20880  0.1464315E-01  0.6607825E-02  0.7843450E-02  0.6367026E-02  0.2404590E-02  0.2407991E-03  0.4395107E-02  0.0000000E+00  0.0000000E+00  0.0000000E+00
  0.50000  0.20636  0.19967  0.20890  0.1463013E-01  0.6601886E-02  0.7834805E-02  0.6362408E-02  0.2408487E-02  0.2394782E-03  0.4386834E-02  0.0000000E+00  0.0000000E+00  0.0000000E+00
  0.50000  0.20632  0.19977  0.20900  0.1461718E-01  0.6596023E-02  0.7826161E-02  0.6357788E-02  0.2412441E-02  0.2382342E-03  0.4378574E-02  0.0000000E+00  0.0000000E+00  0.0000000E+00
  0.50000  0.20628  0.19987  0.20910  0.1460430E-01  0.6590228E-02  0.7817520E-02  0.6353168E-02  0.2416448E-02  0.2370600E-03  0.4370328E-02  0.0000000E+00  0.0000000E+00  0.0000000E+00
  0.50000  0.20624  0.19997  0.20920  0.1459148E-01  0.6584496E-02  0.7808880E-02  0.6348546E-02  0.2420505E-02  0.2359497E-03  0.4362094E-02  0.0000000E+00  0.0000000E+00  0.0000000E+00
  0.50000  0.20619  0.20008  0.20930  0.1457872E-01  0.6578821E-02  0.7800242E-02  0.6343923E-02  0.2424608E-02  0.2348977E-03  0.4353874E-02  0.0000000E+00  0.0000000E+00  0.0000000E+00
  0.50000  0.20615  0.20018  0.20940  0.1456603E-01  0.6573198E-02  0.7791606E-02  0.6339299E-02  0.2428753E-02  0.2338994E-03  0.4345668E-02  0.0000000E+00  0.0000000E+00  0.0000000E+00
  0.50000  0.20611  0.20028  0.20950  0.1455338E-01  0.6567624E-02  0.7782972E-02  0.6334674E-02  0.2432938E-02  0.2329504E-03  0.4337474E-02  0.0000000E+00  0.0000000E+00  0.0000000E+00
  0.50000  0.20607  0.20038  0.20960  0.1454080E-01  0.6562094E-02  0.7774340E-02  0.6330047E-02  0.2437161E-02  0.2320472E-03  0.4329294E-02  0.0000000E+00  0.0000000E+00  0.0000000E+00
  0.50000  0.20603  0.20048  0.20970  0.1452826E-01  0.6556606E-02  0.7765710E-02  0.6325420E-02  0.2441419E-02  0.2311863E-03  0.4321128E-02  0.0000000E+00  0.0000000E+00  0.0000000E+00
  0.50000  0.20598  0.20059  0.20980  0.1451577E-01  0.6551156E-02  0.7757082E-02  0.6320791E-02  0.2445711E-02  0.2303649E-03  0.4312975E-02  0.0000000E+00  0.0000000E+00  0.0000000E+00
  0.50000  0.20594  0.20069  0.20990  0.1450332E-01  0.6545741E-02  0.7748455E-02  0.6316161E-02  0.2450034E-02  0.2295801E-03  0.4304835E-02  0.0000000E+00  0.0000000E+00  0.0000000E+00
  0.50000  0.20590  0.20079  0.21000  0.1449093E-01  0.6540360E-02  0.7739831E-02  0.6311530E-02  0.2454388E-02  0.2288295E-03  0.4296709E-02  0.0000000E+00  0.0000000E+00  0.0000000E+00
  0.50000  0.20586  0.20089  0.21010  0.1447858E-01  0.6535010E-02  0.7731209E-02  0.6306899E-02  0.2458770E-02  0.2281110E-03  0.4288597E-02  0.0000000E+00  0.0000000E+00  0.0000000E+00
  0.50000  0.20582  0.20099  0.21020  0.1446627E-01  0.6529688E-02  0.7722589E-02  0.6302266E-02  0.2463181E-02  0.2274226E-03  0.4280499E-02  0.0000000E+00  0.0000000E+00  0.0000000E+00
  0.50000  0.20577  0.20110  0.21030  0.1445400E-01  0.6524395E-02  0.7713971E-02  0.6297632E-02  0.2467617E-02  0.2267625E-03  0.4272414E-02  0.0000000E+00  0.0000000E+00  0.0000000E+00
  0.50000  0.20573  0.20120  0.21040  0.1444178E-01  0.6519126E-02  0.7705356E-02  0.6292997E-02  0.2472079E-02  0.2261290E-03  0.4264342E-02  0.0000000E+00  0.0000000E+00  0.0000000E+00
  0.50000  0.20569  0.20130  0.21050  0.1442959E-01  0.6513882E-02  0.7696742E-02  0.6288362E-02  0.2476566E-02  0.2255205E-03  0.4256285E-02  0.0000000E+00  0.0000000E+00  0.0000000E+00
  0.50000  0.20565  0.20140  0.21060  0.1441745E-01  0.6508661E-02  0.7688131E-02  0.6283725E-02  0.2481076E-02  0.2249358E-03  0.4248241E-02  0.0000000E+00  0.0000000E+00  0.0000000E+00
  0.50000  0.20561  0.20150  0.21070  0.1440534E-01  0.6503461E-02  0.7679522E-02  0.6279088E-02  0.2485608E-02  0.2243735E-03  0.4240211E-02  0.0000000E+00  0.0000000E+00  0.0000000E+00
  0.50000  0.20556  0.20160  0.21080  0.1439327E-01  0.6498282E-02  0.7670915E-02  0.6274449E-02  0.2490163E-02  0.2238324E-03  0.4232195E-02  0.0000000E+00  0.0000000E+00  0.0000000E+00
  0.50000  0.20552  0.20171  0.21090  0.1438124E-01  0.6493121E-02  0.7662311E-02  0.6269810E-02  0.2494739E-02  0.2233115E-03  0.4224193E-02  0.0000000E+00  0.0000000E+00  0.0000000E+00
  0.50000  0.20548  0.20181  0.21100  0.1436925E-01  0.6487980E-02  0.7653709E-02  0.6265170E-02  0.2499336E-02  0.2228097E-03  0.4216205E-02  0.0000000E+00  0.0000000E+00  0.0000000E+00
  0.50000  0.20544  0.20191  0.21110  0.1435729E-01  0.6482855E-02  0.7645109E-02  0.6260529E-02  0.2503953E-02  0.2223261E-03  0.4208231E-02  0.0000000E+00  0.0000000E+00  0.0000000E+00
  0.50000  0.20539  0.20201  0.21120  0.1434537E-01  0.6477747E-02  0.7636512E-02  0.6255887E-02  0.2508589E-02  0.2218599E-03  0.4200271E-02  0.0000000E+00  0.0000000E+00  0.0000000E+00
  0.50000  0.20535  0.20211  0.21130  0.1433349E-01  0.6472655E-02  0.7627917E-02  0.6251245E-02  0.2513245E-02  0.2214103E-03  0.4192325E-02  0.0000000E+00  0.0000000E+00  0.0000000E+00
  0.50000  0.20531  0.20222  0.21140  0.1432164E-01  0.6467578E-02  0.7619324E-02  0.6246602E-02  0.2517919E-02  0.2209765E-03  0.4184393E-02  0.0000000E+00  0.0000000E+00  0.0000000E+00
  0.50000  0.20527  0.20232  0.21150  0.1430982E-01  0.6462516E-02  0.7610734E-02  0.6241958E-02  0.2522611E-02  0.2205577E-03  0.4176476E-02  0.0000000E+00  0.0000000E+00  0.0000000E+00
  0.50000  0.20523  0.20242  0.21160  0.1429804E-01  0.6457467E-02  0.7602147E-02  0.6237313E-02  0.2527321E-02  0.2201534E-03  0.4168572E-02  0.0000000E+00  0.0000000E+00  0.0000000E+00
  0.50000  0.20518  0.20252  0.21170  0.1428629E-01  0.6452431E-02  0.7593562E-02  0.6232668E-02  0.2532048E-02  0.2197630E-03  0.4160683E-02  0.0000000E+00  0.0000000E+00  0.0000000E+00
  0.50000  0.20514  0.20262  0.21180  0.1427458E-01  0.6447408E-02  0.7584980E-02  0.6228022E-02  0.2536793E-02  0.2193858E-03  0.4152808E-02  0.0000000E+00  0.0000000E+00  0.0000000E+00
  0.50000  0.20510  0.20273  0.21190  0.1426290E-01  0.6442396E-02  0.7576400E-02  0.6223375E-02  0.2541554E-02  0.2190213E-03  0.4144947E-02  0.0000000E+00  0.0000000E+00  0.0000000E+00
  0.50000  0.20506  0.20283  0.21200  0.1425126E-01  0.6437397E-02  0.7567823E-02  0.6218728E-02  0.2546332E-02  0.2186691E-03  0.4137101E-02  0.0000000E+00  0.0000000E+00  0.0000000E+00
  0.50000  0.20501  0.20293  0.21210  0.1423964E-01  0.6432408E-02  0.7559249E-02  0.6214080E-02  0.2551125E-02  0.2183286E-03  0.4129269E-02  0.0000000E+00  0.0000000E+00  0.0000000E+00
  0.50000  0.20497  0.20303  0.21220  0.1422806E-01  0.6427431E-02  0.7550677E-02  0.6209431E-02  0.2555935E-02  0.2179994E-03  0.4121451E-02  0.0000000E+00  0.0000000E+00  0.0000000E+00
  0.50000  0.20493  0.20313  0.21230  0.1421652E-01  0.6422463E-02  0.7542108E-02  0.6204782E-02  0.2560760E-02  0.2176811E-03  0.4113648E-02  0.0000000E+00  0.0000000E+00  0.0000000E+00
  0.50000  0.20489  0.20324  0.21240  0.1420500E-01  0.6417506E-02  0.7533542E-02  0.6200132E-02  0.2565601E-02  0.2173733E-03  0.4105859E-02  0.0000000E+00  0.0000000E+00  0.0000000E+00
  0.50000  0.20484  0.20334  0.21250  0.1419352E-01  0.6412558E-02  0.7524978E-02  0.6195482E-02  0.2570456E-02  0.2170756E-03  0.4098084E-02  0.0000000E+00  0.0000000E+00  0.0000000E+00
  0.50000  0.20480  0.20344  0.21260  0.1418207E-01  0.6407619E-02  0.7516417E-02  0.6190832E-02  0.2575327E-02  0.2167876E-03  0.4090325E-02  0.0000000E+00  0.0000000E+00  0.0000000E+00
  0.50000  0.20476  0.20354  0.21270  0.1423235E-01  0.6462137E-02  0.7507859E-02  0.6186180E-02  0.2641915E-02  0.2759564E-03  0.4082579E-02  0.0000000E+00  0.0000000E+00  0.0000000E+00
  0.50000  0.20472  0.20364  0.21280  0.1422025E-01  0.6455577E-02  0.7499304E-02  0.6181529E-02  0.2646093E-02  0.2740485E-03  0.4074849E-02  0.0000000E+00  0.0000000E+00  0.0000000E+00
  0.50000  0.20467  0.20374  0.21290  0.1420824E-01  0.6449150E-02  0.7490752E-02  0.6176876E-02  0.2650353E-02  0.2722733E-03  0.4067133E-02  0.0000000E+00  0.0000000E+00  0.0000000E+00
  0.50000  0.20463  0.20385  0.21300  0.1419632E-01  0.6442840E-02  0.7482202E-02  0.6172224E-02  0.2654686E-02  0.2706161E-03  0.4059432E-02  0.0000000E+00  0.0000000E+00  0.0000000E+00
  0.50000  0.20459  0.20395  0.21310  0.1418449E-01  0.6436635E-02  0.7473656E-02  0.6167571E-02  0.2659087E-02  0.2690644E-03  0.4051745E-02  0.0000000E+00  0.0000000E+00  0.0000000E+00
  0.50000  0.20455  0.20405  0.21320  0.1417273E-01  0.6430525E-02  0.7465112E-02  0.6162917E-02  0.2663549E-02  0.2676078E-03  0.4044073E-02  0.0000000E+00  0.0000000E+00  0.0000000E+00
  0.50000  0.20450  0.20415  0.21330  0.1416105E-01  0.6424500E-02  0.7456572E-02  0.6158264E-02  0.2668066E-02  0.2662369E-03  0.4036416E-02  0.0000000E+00  0.0000000E+00  0.0000000E+00
  0.50000  0.20446  0.20425  0.21340  0.1414944E-01  0.6418553E-02  0.7448034E-02  0.6153609E-02  0.2672636E-02  0.2649440E-03  0.4028773E-02  0.0000000E+00  0.0000000E+00  0.0000000E+00
  0.50000  0.20442  0.20436  0.21350  0.1413790E-01  0.6412677E-02  0.7439500E-02  0.6148955E-02  0.2677253E-02  0.2637220E-03  0.4021146E-02  0.0000000E+00  0.0000000E+00  0.0000000E+00
  0.50000  0.20438  0.20446  0.21360  0.1412642E-01  0.6406865E-02  0.7430968E-02  0.6144300E-02  0.2681914E-02  0.2625650E-03  0.4013533E-02  0.0000000E+00  0.0000000E+00  0.0000000E+00
  0.50000  0.20433  0.20456  0.21370  0.1411499E-01  0.6401112E-02  0.7422440E-02  0.6139645E-02  0.2686617E-02  0.2614676E-03  0.4005935E-02  0.0000000E+00  0.0000000E+00  0.0000000E+00
  0.50000  0.20429  0.20466  0.21380  0.1410363E-01  0.6395414E-02  0.7413915E-02  0.6134989E-02  0.2691359E-02  0.2604251E-03  0.3998352E-02  0.0000000E+00  0.0000000E+00  0.0000000E+00
  0.50000  0.20425  0.20476  0.21390  0.1409231E-01  0.6389767E-02  0.7405392E-02  0.6130334E-02  0.2696138E-02  0.2594334E-03  0.3990784E-02  0.0000000E+00  0.0000000E+00  0.0000000E+00
  0.50000  0.20420  0.20487  0.21400  0.1408106E-01  0.6384166E-02  0.7396873E-02  0.6125678E-02  0.2700951E-02  0.2584887E-03  0.3983231E-02  0.0000000E+00  0.0000000E+00  0.0000000E+00
  0.50000  0.20416  0.20497  0.21410  0.1406985E-01  0.6378609E-02  0.7388357E-02  0.6121021E-02  0.2705797E-02  0.2575876E-03  0.3975693E-02  0.0000000E+00  0.0000000E+00  0.0000000E+00
  0.50000  0.20412  0.20507  0.21420  0.1405869E-01  0.6373092E-02  0.7379845E-02  0.6116365E-02  0.2710674E-02  0.2567271E-03  0.3968171E-02  0.0000000E+00  0.0000000E+00  0.0000000E+00
  0.50000  0.20408  0.20517  0.21430  0.1404758E-01  0.6367613E-02  0.7371335E-02  0.6111708E-02  0.2715581E-02  0.2559047E-03  0.3960663E-02  0.0000000E+00  0.0000000E+00  0.0000000E+00
  0.50000  0.20403  0.20527  0.21440  0.1403651E-01  0.6362169E-02  0.7362829E-02  0.6107051E-02  0.2720516E-02  0.2551177E-03  0.3953170E-02  0.0000000E+00  0.0000000E+00  0.0000000E+00
  0.50000  0.20399  0.20538  0.21450  0.1402550E-01  0.6356759E-02  0.7354326E-02  0.6102394E-02  0.2725478E-02  0.2543640E-03  0.3945692E-02  0.0000000E+00  0.0000000E+00  0.0000000E+00
  0.50000  0.20395  0.20548  0.21460  0.1401452E-01  0.6351379E-02  0.7345826E-02  0.6097737E-02  0.2730466E-02  0.2536416E-03  0.3938230E-02  0.0000000E+00  0.0000000E+00  0.0000000E+00
  0.50000  0.20390  0.20558  0.21470  0.1400359E-01  0.6346029E-02  0.7337330E-02  0.6093080E-02  0.2735480E-02  0.2529486E-03  0.3930782E-02  0.0000000E+00  0.0000000E+00  0.0000000E+00
  0.50000  0.20386  0.20568  0.21480  0.1399270E-01  0.6340706E-02  0.7328837E-02  0.6088423E-02  0.2740517E-02  0.2522833E-03  0.3923350E-02  0.0000000E+00  0.0000000E+00  0.0000000E+00
  0.50000  0.20382  0.20578  0.21490  0.1398186E-01  0.6335409E-02  0.7320347E-02  0.6083765E-02  0.2745578E-02  0.2516442E-03  0.3915933E-02  0.0000000E+00  0.0000000E+00  0.0000000E+00
  0.50000  0.20378  0.20588  0.21500  0.1397105E-01  0.6330138E-02  0.7311861E-02  0.6079108E-02  0.2750661E-02  0.2510299E-03  0.3908531E-02  0.0000000E+00  0.0000000E+00  0.0000000E+00
  0.50000  0.20373  0.20599  0.21510  0.1396029E-01  0.6324889E-02  0.7303378E-02  0.6074450E-02  0.2755767E-02  0.2504391E-03  0.3901145E-02  0.0000000E+00  0.0000000E+00  0.0000000E+00
  0.50000  0.20369  0.20609  0.21520  0.1394957E-01  0.6319663E-02  0.7294899E-02  0.6069792E-02  0.2760893E-02  0.2498705E-03  0.3893774E-02  0.0000000E+00  0.0000000E+00  0.0000000E+00
  0.50000  0.20365  0.20619  0.21530  0.1393888E-01  0.6314458E-02  0.7286423E-02  0.6065135E-02  0.2766041E-02  0.2493230E-03  0.3886418E-02  0.0000000E+00  0.0000000E+00  0.0000000E+00
  0.50000  0.20360  0.20629  0.21540  0.1392824E-01  0.6309273E-02  0.7277951E-02  0.6060477E-02  0.2771208E-02  0.2487957E-03  0.3879078E-02  0.0000000E+00  0.0000000E+00  0.0000000E+00
  0.50000  0.20356  0.20639  0.21550  0.1391763E-01  0.6304107E-02  0.7269482E-02  0.6055820E-02  0.2776395E-02  0.2482875E-03  0.3871753E-02  0.0000000E+00  0.0000000E+00  0.0000000E+00
  0.50000  0.20352  0.20650  0.21560  0.1390706E-01  0.6298959E-02  0.7261016E-02  0.6051162E-02  0.2781601E-02  0.2477975E-03  0.3864443E-02  0.0000000E+00  0.0000000E+00  0.0000000E+00
  0.50000  0.20347  0.20660  0.21570  0.1389653E-01  0.6293829E-02  0.7252554E-02  0.6046504E-02  0.2786826E-02  0.2473250E-03  0.3857149E-02  0.0000000E+00  0.0000000E+00  0.0000000E+00
  0.50000  0.20343  0.20670  0.21580  0.1388604E-01  0.6288716E-02  0.7244096E-02  0.6041847E-02  0.2792069E-02  0.2468691E-03  0.3849871E-02  0.0000000E+00  0.0000000E+00  0.0000000E+00
  0.50000  0.20339  0.20680  0.21590  0.1387558E-01  0.6283619E-02  0.7235642E-02  0.6037189E-02  0.2797330E-02  0.2464292E-03  0.3842608E-02  0.0000000E+00  0.0000000E+00  0.0000000E+00
  0.50000  0.20334  0.20690  0.21600  0.1386516E-01  0.6278537E-02  0.7227190E-02  0.6032532E-02  0.2802608E-02  0.2460045E-03  0.3835360E-02  0.0000000E+00  0.0000000E+00  0.0000000E+00
  0.50000  0.20330  0.20701  0.21610  0.1385477E-01  0.6273469E-02  0.7218743E-02  0.6027875E-02  0.2807904E-02  0.2455944E-03  0.3828128E-02  0.0000000E+00  0.0000000E+00  0.0000000E+00
  0.50000  0.20326  0.20711  0.21620  0.1384443E-01  0.6268416E-02  0.7210299E-02  0.6023218E-02  0.2813217E-02  0.2451984E-03  0.3820911E-02  0.0000000E+00  0.0000000E+00  0.0000000E+00
  0.50000  0.20321  0.20721  0.21630  0.1383412E-01  0.6263377E-02  0.7201859E-02  0.6018561E-02  0.2818546E-02  0.2448158E-03  0.3813710E-02  0.0000000E+00  0.0000000E+00  0.0000000E+00
  0.50000  0.20317  0.20731  0.21640  0.1382384E-01  0.6258350E-02  0.7193423E-02  0.6013904E-02  0.2823892E-02  0.2444462E-03  0.3806525E-02  0.0000000E+00  0.0000000E+00  0.0000000E+00
  0.50000  0.20313  0.20741  0.21650  0.1381360E-01  0.6253337E-02  0.7184990E-02  0.6009248E-02  0.2829253E-02  0.2440890E-03  0.3799355E-02  0.0000000E+00  0.0000000E+00  0.0000000E+00
  0.50000  0.20308  0.20752  0.21660  0.1380339E-01  0.6248335E-02  0.7176562E-02  0.6004591E-02  0.2834631E-02  0.2437438E-03  0.3792201E-02  0.0000000E+00  0.0000000E+00  0.0000000E+00
  0.50000  0.20304  0.20762  0.21670  0.1379322E-01  0.6243345E-02  0.7168137E-02  0.5999935E-02  0.2840024E-02  0.2434101E-03  0.3785063E-02  0.0000000E+00  0.0000000E+00  0.0000000E+00
  0.50000  0.20300  0.20772  0.21680  0.1378309E-01  0.6238367E-02  0.7159715E-02  0.5995279E-02  0.2845433E-02  0.2430875E-03  0.3777940E-02  0.0000000E+00  0.0000000E+00  0.0000000E+00
  0.50000  0.20295  0.20782  0.21690  0.1377299E-01  0.6233399E-02  0.7151298E-02  0.5990623E-02  0.2850857E-02  0.2427757E-03  0.3770834E-02  0.0000000E+00  0.0000000E+00  0.0000000E+00
  0.50000  0.20291  0.20792  0.21700  0.1382255E-01  0.6292702E-02  0.7142884E-02  0.5985968E-02  0.2915926E-02  0.3067339E-03  0.3763742E-02  0.0000000E+00  0.0000000E+00  0.0000000E+00
  0.50000  0.20287  0.20803  0.21710  0.1381189E-01  0.6285971E-02  0.7134475E-02  0.5981313E-02  0.2920744E-02  0.3046579E-03  0.3756667E-02  0.0000000E+00  0.0000000E+00  0.0000000E+00
  0.50000  0.20282  0.20813  0.21720  0.1380131E-01  0.6279385E-02  0.7126069E-02  0.5976658E-02  0.2925638E-02  0.3027271E-03  0.3749608E-02  0.0000000E+00  0.0000000E+00  0.0000000E+00
  0.50000  0.20278  0.20823  0.21730  0.1379083E-01  0.6272929E-02  0.7117667E-02  0.5972004E-02  0.2930602E-02  0.3009254E-03  0.3742564E-02  0.0000000E+00  0.0000000E+00  0.0000000E+00
  0.50000  0.20274  0.20833  0.21740  0.1378043E-01  0.6266589E-02  0.7109269E-02  0.5967349E-02  0.2935629E-02  0.2992392E-03  0.3735536E-02  0.0000000E+00  0.0000000E+00  0.0000000E+00
  0.50000  0.20269  0.20843  0.21750  0.1377011E-01  0.6260352E-02  0.7100875E-02  0.5962696E-02  0.2940714E-02  0.2976568E-03  0.3728524E-02  0.0000000E+00  0.0000000E+00  0.0000000E+00
  0.50000  0.20265  0.20854  0.21760  0.1375986E-01  0.6254210E-02  0.7092485E-02  0.5958042E-02  0.2945850E-02  0.2961682E-03  0.3721528E-02  0.0000000E+00  0.0000000E+00  0.0000000E+00
  0.50000  0.20261  0.20864  0.21770  0.1374968E-01  0.6248154E-02  0.7084099E-02  0.5953389E-02  0.2951036E-02  0.2947646E-03  0.3714547E-02  0.0000000E+00  0.0000000E+00  0.0000000E+00
  0.50000  0.20256  0.20874  0.21780  0.1373957E-01  0.6242175E-02  0.7075717E-02  0.5948736E-02  0.2956267E-02  0.2934386E-03  0.3707583E-02  0.0000000E+00  0.0000000E+00  0.0000000E+00
  0.50000  0.20252  0.20884  0.21790  0.1372951E-01  0.6236268E-02  0.7067339E-02  0.5944084E-02  0.2961540E-02  0.2921835E-03  0.3700635E-02  0.0000000E+00  0.0000000E+00  0.0000000E+00
  0.50000  0.20248  0.20894  0.21800  0.1371952E-01  0.6230426E-02  0.7058965E-02  0.5939432E-02  0.2966852E-02  0.2909935E-03  0.3693702E-02  0.0000000E+00  0.0000000E+00  0.0000000E+00
  0.50000  0.20243  0.20904  0.21810  0.1370958E-01  0.6224644E-02  0.7050595E-02  0.5934781E-02  0.2972201E-02  0.2898634E-03  0.3686786E-02  0.0000000E+00  0.0000000E+00  0.0000000E+00
  0.50000  0.20239  0.20915  0.21820  0.1369970E-01  0.6218919E-02  0.7042229E-02  0.5930130E-02  0.2977586E-02  0.2887887E-03  0.3679885E-02  0.0000000E+00  0.0000000E+00  0.0000000E+00
  0.50000  0.20235  0.20925  0.21830  0.1368987E-01  0.6213245E-02  0.7033867E-02  0.5925479E-02  0.2983003E-02  0.2877652E-03  0.3673001E-02  0.0000000E+00  0.0000000E+00  0.0000000E+00
  0.50000  0.20230  0.20935  0.21840  0.1368009E-01  0.6207619E-02  0.7025510E-02  0.5920829E-02  0.2988452E-02  0.2867893E-03  0.3666132E-02  0.0000000E+00  0.0000000E+00  0.0000000E+00
  0.50000  0.20226  0.20945  0.21850  0.1367037E-01  0.6202038E-02  0.7017156E-02  0.5916180E-02  0.2993931E-02  0.2858578E-03  0.3659280E-02  0.0000000E+00  0.0000000E+00  0.0000000E+00
  0.50000  0.20221  0.20955  0.21860  0.1366069E-01  0.6196499E-02  0.7008807E-02  0.5911531E-02  0.2999438E-02  0.2849677E-03  0.3652444E-02  0.0000000E+00  0.0000000E+00  0.0000000E+00
  0.50000  0.20217  0.20966  0.21870  0.1365106E-01  0.6190999E-02  0.7000462E-02  0.5906883E-02  0.3004973E-02  0.2841163E-03  0.3645624E-02  0.0000000E+00  0.0000000E+00  0.0000000E+00
  0.50000  0.20213  0.20976  0.21880  0.1364148E-01  0.6185536E-02  0.6992121E-02  0.5902235E-02  0.3010534E-02  0.2833012E-03  0.3638820E-02  0.0000000E+00  0.0000000E+00  0.0000000E+00
  0.50000  0.20208  0.20986  0.21890  0.1363194E-01  0.6180107E-02  0.6983785E-02  0.5897587E-02  0.3016121E-02  0.2825201E-03  0.3632032E-02  0.0000000E+00  0.0000000E+00  0.0000000E+00
  0.50000  0.20204  0.20996  0.21900  0.1362244E-01  0.6174712E-02  0.6975453E-02  0.5892941E-02  0.3021731E-02  0.2817711E-03  0.3625260E-02  0.0000000E+00  0.0000000E+00  0.0000000E+00
  0.50000  0.20200  0.21006  0.21910  0.1361299E-01  0.6169347E-02  0.6967125E-02  0.5888294E-02  0.3027366E-02  0.2810524E-03  0.3618504E-02  0.0000000E+00  0.0000000E+00  0.0000000E+00
  0.50000  0.20195  0.21017  0.21920  0.1360359E-01  0.6164011E-02  0.6958801E-02  0.5883649E-02  0.3033023E-02  0.2803621E-03  0.3611765E-02  0.0000000E+00  0.0000000E+00  0.0000000E+00
  0.50000  0.20191  0.21027  0.21930  0.1359423E-01  0.6158703E-02  0.6950481E-02  0.5879004E-02  0.3038702E-02  0.2796989E-03  0.3605041E-02  0.0000000E+00  0.0000000E+00  0.0000000E+00
  0.50000  0.20186  0.21037  0.21940  0.1358490E-01  0.6153421E-02  0.6942166E-02  0.5874360E-02  0.3044403E-02  0.2790613E-03  0.3598334E-02  0.0000000E+00  0.0000000E+00  0.0000000E+00
  0.50000  0.20182  0.21047  0.21950  0.1357562E-01  0.6148164E-02  0.6933856E-02  0.5869716E-02  0.3050125E-02  0.2784478E-03  0.3591643E-02  0.0000000E+00  0.0000000E+00  0.0000000E+00
  0.50000  0.20178  0.21057  0.21960  0.1356638E-01  0.6142931E-02  0.6925549E-02  0.5865073E-02  0.3055867E-02  0.2778574E-03  0.3584969E-02  0.0000000E+00  0.0000000E+00  0.0000000E+00
  0.50000  0.20173  0.21068  0.21970  0.1355719E-01  0.6137720E-02  0.6917247E-02  0.5860431E-02  0.3061629E-02  0.2772890E-03  0.3578310E-02  0.0000000E+00  0.0000000E+00  0.0000000E+00
  0.50000  0.20169  0.21078  0.21980  0.1354803E-01  0.6132531E-02  0.6908950E-02  0.5855789E-02  0.3067410E-02  0.2767413E-03  0.3571668E-02  0.0000000E+00  0.0000000E+00  0.0000000E+00
  0.50000  0.20164  0.21088  0.21990  0.1353891E-01  0.6127362E-02  0.6900657E-02  0.5851149E-02  0.3073210E-02  0.2762136E-03  0.3565043E-02  0.0000000E+00  0.0000000E+00  0.0000000E+00
  0.50000  0.20160  0.21098  0.22000  0.1352983E-01  0.6122213E-02  0.6892368E-02  0.5846508E-02  0.3079029E-02  0.2757049E-03  0.3558433E-02  0.0000000E+00  0.0000000E+00  0.0000000E+00
  0.50000  0.20156  0.21108  0.22010  0.1352079E-01  0.6117083E-02  0.6884084E-02  0.5841869E-02  0.3084866E-02  0.2752142E-03  0.3551840E-02  0.0000000E+00  0.0000000E+00  0.0000000E+00
  0.50000  0.20151  0.21119  0.22020  0.1351179E-01  0.6111971E-02  0.6875804E-02  0.5837230E-02  0.3090722E-02  0.2747410E-03  0.3545263E-02  0.0000000E+00  0.0000000E+00  0.0000000E+00
  0.50000  0.20147  0.21129  0.22030  0.1350283E-01  0.6106877E-02  0.6867529E-02  0.5832593E-02  0.3096594E-02  0.2742843E-03  0.3538703E-02  0.0000000E+00  0.0000000E+00  0.0000000E+00
  0.50000  0.20142  0.21139  0.22040  0.1349390E-01  0.6101799E-02  0.6859258E-02  0.5827955E-02  0.3102484E-02  0.2738436E-03  0.3532158E-02  0.0000000E+00  0.0000000E+00  0.0000000E+00
  0.50000  0.20138  0.21149  0.22050  0.1348501E-01  0.6096737E-02  0.6850992E-02  0.5823319E-02  0.3108391E-02  0.2734182E-03  0.3525631E-02  0.0000000E+00  0.0000000E+00  0.0000000E+00
  0.50000  0.20134  0.21159  0.22060  0.1347616E-01  0.6091691E-02  0.6842730E-02  0.5818684E-02  0.3114315E-02  0.2730074E-03  0.3519119E-02  0.0000000E+00  0.0000000E+00  0.0000000E+00
  0.50000  0.20129  0.21170  0.22070  0.1346735E-01  0.6086660E-02  0.6834473E-02  0.5814049E-02  0.3120255E-02  0.2726107E-03  0.3512624E-02  0.0000000E+00  0.0000000E+00  0.0000000E+00
  0.50000  0.20125  0.21180  0.22080  0.1345858E-01  0.6081643E-02  0.6826220E-02  0.5809415E-02  0.3126211E-02  0.2722276E-03  0.3506146E-02  0.0000000E+00  0.0000000E+00  0.0000000E+00
  0.50000  0.20120  0.21190  0.22090  0.1344984E-01  0.6076640E-02  0.6817972E-02  0.5804782E-02  0.3132183E-02  0.2718575E-03  0.3499683E-02  0.0000000E+00  0.0000000E+00  0.0000000E+00
  0.50000  0.20116  0.21200  0.22100  0.1344114E-01  0.6071650E-02  0.6809729E-02  0.5800150E-02  0.3138172E-02  0.2715000E-03  0.3493238E-02  0.0000000E+00  0.0000000E+00  0.0000000E+00
  0.50000  0.20111  0.21210  0.22110  0.1343247E-01  0.6066674E-02  0.6801491E-02  0.5795519E-02  0.3144176E-02  0.2711546E-03  0.3486808E-02  0.0000000E+00  0.0000000E+00  0.0000000E+00
  0.50000  0.20107  0.21221  0.22120  0.1342385E-01  0.6061710E-02  0.6793257E-02  0.5790889E-02  0.3150195E-02  0.2708209E-03  0.3480396E-02  0.0000000E+00  0.0000000E+00  0.0000000E+00
  0.50000  0.20103  0.21231  0.22130  0.1347226E-01  0.6125567E-02  0.6785027E-02  0.5786260E-02  0.3213234E-02  0.3393071E-03  0.3473999E-02  0.0000000E+00  0.0000000E+00  0.0000000E+00
  0.50000  0.20098  0.21241  0.22140  0.1346318E-01  0.6118717E-02  0.6776803E-02  0.5781631E-02  0.3218755E-02  0.3370861E-03  0.3467619E-02  0.0000000E+00  0.0000000E+00  0.0000000E+00
  0.50000  0.20094  0.21251  0.22150  0.1345418E-01  0.6112024E-02  0.6768583E-02  0.5777004E-02  0.3224345E-02  0.3350202E-03  0.3461256E-02  0.0000000E+00  0.0000000E+00  0.0000000E+00
  0.50000  0.20089  0.21261  0.22160  0.1344527E-01  0.6105469E-02  0.6760368E-02  0.5772377E-02  0.3229998E-02  0.3330924E-03  0.3454909E-02  0.0000000E+00  0.0000000E+00  0.0000000E+00
  0.50000  0.20085  0.21272  0.22170  0.1343644E-01  0.6099039E-02  0.6752157E-02  0.5767751E-02  0.3235707E-02  0.3312881E-03  0.3448579E-02  0.0000000E+00  0.0000000E+00  0.0000000E+00
  0.50000  0.20080  0.21282  0.22180  0.1342769E-01  0.6092722E-02  0.6743951E-02  0.5763127E-02  0.3241469E-02  0.3295948E-03  0.3442265E-02  0.0000000E+00  0.0000000E+00  0.0000000E+00
  0.50000  0.20076  0.21292  0.22190  0.1341900E-01  0.6086505E-02  0.6735751E-02  0.5758503E-02  0.3247280E-02  0.3280019E-03  0.3435967E-02  0.0000000E+00  0.0000000E+00  0.0000000E+00
  0.50000  0.20072  0.21302  0.22200  0.1341038E-01  0.6080381E-02  0.6727554E-02  0.5753880E-02  0.3253134E-02  0.3265001E-03  0.3429686E-02  0.0000000E+00  0.0000000E+00  0.0000000E+00
  0.50000  0.20067  0.21312  0.22210  0.1340182E-01  0.6074340E-02  0.6719363E-02  0.5749259E-02  0.3259031E-02  0.3250814E-03  0.3423422E-02  0.0000000E+00  0.0000000E+00  0.0000000E+00
  0.50000  0.20063  0.21323  0.22220  0.1339332E-01  0.6068377E-02  0.6711177E-02  0.5744638E-02  0.3264966E-02  0.3237386E-03  0.3417174E-02  0.0000000E+00  0.0000000E+00  0.0000000E+00
  0.50000  0.20058  0.21333  0.22230  0.1338488E-01  0.6062484E-02  0.6702995E-02  0.5740019E-02  0.3270938E-02  0.3224656E-03  0.3410943E-02  0.0000000E+00  0.0000000E+00  0.0000000E+00
  0.50000  0.20054  0.21343  0.22240  0.1337649E-01  0.6056657E-02  0.6694818E-02  0.5735400E-02  0.3276945E-02  0.3212569E-03  0.3404729E-02  0.0000000E+00  0.0000000E+00  0.0000000E+00
  0.50000  0.20049  0.21353  0.22250  0.1336816E-01  0.6050890E-02  0.6686646E-02  0.5730783E-02  0.3282984E-02  0.3201075E-03  0.3398531E-02  0.0000000E+00  0.0000000E+00  0.0000000E+00
  0.50000  0.20045  0.21363  0.22260  0.1335988E-01  0.6045180E-02  0.6678479E-02  0.5726166E-02  0.3289054E-02  0.3190131E-03  0.3392349E-02  0.0000000E+00  0.0000000E+00  0.0000000E+00
  0.50000  0.20040  0.21374  0.22270  0.1335165E-01  0.6039521E-02  0.6670317E-02  0.5721551E-02  0.3295153E-02  0.3179698E-03  0.3386185E-02  0.0000000E+00  0.0000000E+00  0.0000000E+00
  0.50000  0.20036  0.21384  0.22280  0.1334348E-01  0.6033911E-02  0.6662160E-02  0.5716937E-02  0.3301281E-02  0.3169741E-03  0.3380036E-02  0.0000000E+00  0.0000000E+00  0.0000000E+00
  0.50000  0.20032  0.21394  0.22290  0.1333535E-01  0.6028347E-02  0.6654008E-02  0.5712324E-02  0.3307436E-02  0.3160228E-03  0.3373905E-02  0.0000000E+00  0.0000000E+00  0.0000000E+00
  0.50000  0.20027  0.21404  0.22300  0.1332727E-01  0.6022825E-02  0.6645860E-02  0.5707712E-02  0.3313617E-02  0.3151131E-03  0.3367790E-02  0.0000000E+00  0.0000000E+00  0.0000000E+00
  0.50000  0.20023  0.21414  0.22310  0.1331923E-01  0.6017344E-02  0.6637718E-02  0.5703101E-02  0.3319823E-02  0.3142423E-03  0.3361691E-02  0.0000000E+00  0.0000000E+00  0.0000000E+00
  0.50000  0.20018  0.21425  0.22320  0.1331124E-01  0.6011900E-02  0.6629580E-02  0.5698492E-02  0.3326053E-02  0.3134082E-03  0.3355610E-02  0.0000000E+00  0.0000000E+00  0.0000000E+00
  0.50000  0.20014  0.21435  0.22330  0.1330330E-01  0.6006492E-02  0.6621448E-02  0.5693883E-02  0.3332307E-02  0.3126085E-03  0.3349545E-02  0.0000000E+00  0.0000000E+00  0.0000000E+00
  0.50000  0.20009  0.21445  0.22340  0.1329540E-01  0.6001117E-02  0.6613321E-02  0.5689276E-02  0.3338583E-02  0.3118413E-03  0.3343496E-02  0.0000000E+00  0.0000000E+00  0.0000000E+00
  0.50000  0.20005  0.21455  0.22350  0.1328754E-01  0.5995775E-02  0.6605198E-02  0.5684670E-02  0.3344881E-02  0.3111047E-03  0.3337464E-02  0.0000000E+00  0.0000000E+00  0.0000000E+00
  0.50000  0.20000  0.21465  0.22360  0.1327973E-01  0.5990463E-02  0.6597081E-02  0.5680065E-02  0.3351201E-02  0.3103972E-03  0.3331449E-02  0.0000000E+00  0.0000000E+00  0.0000000E+00
  0.50000  0.19996  0.21476  0.22370  0.1327196E-01  0.5985179E-02  0.6588969E-02  0.5675462E-02  0.3357542E-02  0.3097171E-03  0.3325451E-02  0.0000000E+00  0.0000000E+00  0.0000000E+00
  0.50000  0.19991  0.21486  0.22380  0.1326423E-01  0.5979922E-02  0.6580861E-02  0.5670859E-02  0.3363902E-02  0.3090632E-03  0.3319469E-02  0.0000000E+00  0.0000000E+00  0.0000000E+00
  0.50000  0.19987  0.21496  0.22390  0.1325655E-01  0.5974692E-02  0.6572759E-02  0.5666258E-02  0.3370283E-02  0.3084339E-03  0.3313504E-02  0.0000000E+00  0.0000000E+00  0.0000000E+00
  0.50000  0.19982  0.21506  0.22400  0.1324890E-01  0.5969487E-02  0.6564662E-02  0.5661658E-02  0.3376683E-02  0.3078283E-03  0.3307556E-02  0.0000000E+00  0.0000000E+00  0.0000000E+00
  0.50000  0.19978  0.21516  0.22410  0.1324130E-01  0.5964305E-02  0.6556570E-02  0.5657060E-02  0.3383103E-02  0.3072451E-03  0.3301624E-02  0.0000000E+00  0.0000000E+00  0.0000000E+00
  0.50000  0.19973  0.21527  0.22420  0.1323373E-01  0.5959146E-02  0.6548484E-02  0.5652462E-02  0.3389541E-02  0.3066833E-03  0.3295709E-02  0.0000000E+00  0.0000000E+00  0.0000000E+00
  0.50000  0.19969  0.21537  0.22430  0.1322621E-01  0.5954008E-02  0.6540402E-02  0.5647866E-02  0.3395997E-02  0.3061419E-03  0.3289811E-02  0.0000000E+00  0.0000000E+00  0.0000000E+00
  0.50000  0.19964  0.21547  0.22440  0.1321873E-01  0.5948892E-02  0.6532325E-02  0.5643272E-02  0.3402471E-02  0.3056201E-03  0.3283929E-02  0.0000000E+00  0.0000000E+00  0.0000000E+00
  0.50000  0.19960  0.21557  0.22450  0.1321128E-01  0.5943795E-02  0.6524254E-02  0.5638678E-02  0.3408963E-02  0.3051169E-03  0.3278064E-02  0.0000000E+00  0.0000000E+00  0.0000000E+00
  0.50000  0.19955  0.21567  0.22460  0.1320388E-01  0.5938718E-02  0.6516188E-02  0.5634086E-02  0.3415472E-02  0.3046317E-03  0.3272216E-02  0.0000000E+00  0.0000000E+00  0.0000000E+00
  0.50000  0.19951  0.21578  0.22470  0.1319651E-01  0.5933659E-02  0.6508127E-02  0.5629495E-02  0.3421999E-02  0.3041635E-03  0.3266384E-02  0.0000000E+00  0.0000000E+00  0.0000000E+00
  0.50000  0.19946  0.21588  0.22480  0.1318918E-01  0.5928618E-02  0.6500071E-02  0.5624906E-02  0.3428542E-02  0.3037118E-03  0.3260569E-02  0.0000000E+00  0.0000000E+00  0.0000000E+00
  0.50000  0.19942  0.21598  0.22490  0.1318189E-01  0.5923594E-02  0.6492021E-02  0.5620318E-02  0.3435103E-02  0.3032760E-03  0.3254771E-02  0.0000000E+00  0.0000000E+00  0.0000000E+00
  0.50000  0.19937  0.21608  0.22500  0.1317464E-01  0.5918586E-02  0.6483976E-02  0.5615731E-02  0.3441679E-02  0.3028553E-03  0.3248990E-02  0.0000000E+00  0.0000000E+00  0.0000000E+00
  0.50000  0.19933  0.21618  0.22510  0.1316743E-01  0.5913595E-02  0.6475936E-02  0.5611146E-02  0.3448272E-02  0.3024492E-03  0.3243225E-02  0.0000000E+00  0.0000000E+00  0.0000000E+00
  0.50000  0.19928  0.21629  0.22520  0.1316026E-01  0.5908619E-02  0.6467901E-02  0.5606562E-02  0.3454881E-02  0.3020571E-03  0.3237477E-02  0.0000000E+00  0.0000000E+00  0.0000000E+00
  0.50000  0.19924  0.21639  0.22530  0.1315312E-01  0.5903658E-02  0.6459871E-02  0.5601979E-02  0.3461506E-02  0.3016787E-03  0.3231746E-02  0.0000000E+00  0.0000000E+00  0.0000000E+00
  0.50000  0.19919  0.21649  0.22540  0.1314603E-01  0.5898711E-02  0.6451847E-02  0.5597398E-02  0.3468147E-02  0.3013132E-03  0.3226031E-02  0.0000000E+00  0.0000000E+00  0.0000000E+00
  0.50000  0.19915  0.21659  0.22550  0.1319333E-01  0.5968950E-02  0.6443828E-02  0.5592818E-02  0.3529170E-02  0.3761316E-03  0.3220333E-02  0.0000000E+00  0.0000000E+00  0.0000000E+00
  0.50000  0.19910  0.21669  0.22560  0.1318585E-01  0.5961852E-02  0.6435815E-02  0.5588240E-02  0.3535384E-02  0.3736121E-03  0.3214652E-02  0.0000000E+00  0.0000000E+00  0.0000000E+00
  0.50000  0.19906  0.21680  0.22570  0.1317846E-01  0.5954939E-02  0.6427806E-02  0.5583663E-02  0.3541664E-02  0.3712755E-03  0.3208988E-02  0.0000000E+00  0.0000000E+00  0.0000000E+00
  0.50000  0.19901  0.21690  0.22580  0.1317115E-01  0.5948189E-02  0.6419804E-02  0.5579088E-02  0.3548005E-02  0.3691008E-03  0.3203340E-02  0.0000000E+00  0.0000000E+00  0.0000000E+00
  0.50000  0.19897  0.21700  0.22590  0.1316392E-01  0.5941585E-02  0.6411806E-02  0.5574514E-02  0.3554400E-02  0.3670704E-03  0.3197709E-02  0.0000000E+00  0.0000000E+00  0.0000000E+00
  0.50000  0.19892  0.21710  0.22600  0.1315675E-01  0.5935111E-02  0.6403814E-02  0.5569942E-02  0.3560845E-02  0.3651691E-03  0.3192095E-02  0.0000000E+00  0.0000000E+00  0.0000000E+00
  0.50000  0.19888  0.21720  0.22610  0.1314966E-01  0.5928755E-02  0.6395827E-02  0.5565371E-02  0.3567337E-02  0.3633842E-03  0.3186498E-02  0.0000000E+00  0.0000000E+00  0.0000000E+00
  0.50000  0.19883  0.21731  0.22620  0.1314263E-01  0.5922506E-02  0.6387846E-02  0.5560802E-02  0.3573871E-02  0.3617046E-03  0.3180917E-02  0.0000000E+00  0.0000000E+00  0.0000000E+00
  0.50000  0.19879  0.21741  0.22630  0.1313567E-01  0.5916354E-02  0.6379870E-02  0.5556234E-02  0.3580445E-02  0.3601206E-03  0.3175353E-02  0.0000000E+00  0.0000000E+00  0.0000000E+00
  0.50000  0.19874  0.21751  0.22640  0.1312876E-01  0.5910291E-02  0.6371899E-02  0.5551668E-02  0.3587056E-02  0.3586239E-03  0.3169806E-02  0.0000000E+00  0.0000000E+00  0.0000000E+00
  0.50000  0.19870  0.21761  0.22650  0.1312191E-01  0.5904310E-02  0.6363934E-02  0.5547103E-02  0.3593702E-02  0.3572072E-03  0.3164275E-02  0.0000000E+00  0.0000000E+00  0.0000000E+00
  0.50000  0.19865  0.21771  0.22660  0.1311512E-01  0.5898403E-02  0.6355974E-02  0.5542539E-02  0.3600382E-02  0.3558638E-03  0.3158761E-02  0.0000000E+00  0.0000000E+00  0.0000000E+00
  0.50000  0.19861  0.21782  0.22670  0.1310838E-01  0.5892566E-02  0.6348020E-02  0.5537978E-02  0.3607092E-02  0.3545882E-03  0.3153264E-02  0.0000000E+00  0.0000000E+00  0.0000000E+00
  0.50000  0.19856  0.21792  0.22680  0.1310169E-01  0.5886793E-02  0.6340071E-02  0.5533418E-02  0.3613833E-02  0.3533751E-03  0.3147784E-02  0.0000000E+00  0.0000000E+00  0.0000000E+00
  0.50000  0.19852  0.21802  0.22690  0.1309505E-01  0.5881079E-02  0.6332128E-02  0.5528859E-02  0.3620602E-02  0.3522201E-03  0.3142320E-02  0.0000000E+00  0.0000000E+00  0.0000000E+00
  0.50000  0.19847  0.21812  0.22700  0.1308846E-01  0.5875421E-02  0.6324190E-02  0.5524302E-02  0.3627398E-02  0.3511190E-03  0.3136873E-02  0.0000000E+00  0.0000000E+00  0.0000000E+00
  0.50000  0.19843  0.21822  0.22710  0.1308192E-01  0.5869815E-02  0.6316258E-02  0.5519747E-02  0.3634220E-02  0.3500682E-03  0.3131443E-02  0.0000000E+00  0.0000000E+00  0.0000000E+00
  0.50000  0.19838  0.21833  0.22720  0.1307543E-01  0.5864257E-02  0.6308331E-02  0.5515193E-02  0.3641068E-02  0.3490643E-03  0.3126029E-02  0.0000000E+00  0.0000000E+00  0.0000000E+00
  0.50000  0.19833  0.21843  0.22730  0.1306898E-01  0.5858745E-02  0.6300410E-02  0.5510641E-02  0.3647940E-02  0.3481044E-03  0.3120632E-02  0.0000000E+00  0.0000000E+00  0.0000000E+00
  0.50000  0.19829  0.21853  0.22740  0.1306258E-01  0.5853276E-02  0.6292494E-02  0.5506090E-02  0.3654835E-02  0.3471857E-03  0.3115252E-02  0.0000000E+00  0.0000000E+00  0.0000000E+00
  0.50000  0.19824  0.21863  0.22750  0.1305623E-01  0.5847847E-02  0.6284584E-02  0.5501542E-02  0.3661754E-02  0.3463058E-03  0.3109889E-02  0.0000000E+00  0.0000000E+00  0.0000000E+00
  0.50000  0.19820  0.21873  0.22760  0.1304992E-01  0.5842457E-02  0.6276679E-02  0.5496994E-02  0.3668694E-02  0.3454624E-03  0.3104542E-02  0.0000000E+00  0.0000000E+00  0.0000000E+00
  0.50000  0.19815  0.21884  0.22770  0.1304365E-01  0.5837102E-02  0.6268780E-02  0.5492449E-02  0.3675656E-02  0.3446533E-03  0.3099212E-02  0.0000000E+00  0.0000000E+00  0.0000000E+00
  0.50000  0.19811  0.21894  0.22780  0.1303742E-01  0.5831782E-02  0.6260887E-02  0.5487905E-02  0.3682639E-02  0.3438769E-03  0.3093898E-02  0.0000000E+00  0.0000000E+00  0.0000000E+00
  0.50000  0.19806  0.21904  0.22790  0.1303124E-01  0.5826494E-02  0.6252999E-02  0.5483363E-02  0.3689642E-02  0.3431311E-03  0.3088602E-02  0.0000000E+00  0.0000000E+00  0.0000000E+00
  0.50000  0.19802  0.21914  0.22800  0.1302510E-01  0.5821237E-02  0.6245117E-02  0.5478822E-02  0.3696665E-02  0.3424146E-03  0.3083322E-02  0.0000000E+00  0.0000000E+00  0.0000000E+00
  0.50000  0.19797  0.21924  0.22810  0.1301901E-01  0.5816009E-02  0.6237240E-02  0.5474283E-02  0.3703708E-02  0.3417257E-03  0.3078058E-02  0.0000000E+00  0.0000000E+00  0.0000000E+00
  0.50000  0.19792  0.21935  0.22820  0.1301295E-01  0.5810809E-02  0.6229369E-02  0.5469746E-02  0.3710770E-02  0.3410632E-03  0.3072812E-02  0.0000000E+00  0.0000000E+00  0.0000000E+00
  0.50000  0.19788  0.21945  0.22830  0.1300694E-01  0.5805636E-02  0.6221503E-02  0.5465211E-02  0.3717851E-02  0.3404256E-03  0.3067582E-02  0.0000000E+00  0.0000000E+00  0.0000000E+00
  0.50000  0.19783  0.21955  0.22840  0.1300096E-01  0.5800489E-02  0.6213644E-02  0.5460677E-02  0.3724951E-02  0.3398119E-03  0.3062368E-02  0.0000000E+00  0.0000000E+00  0.0000000E+00
  0.50000  0.19779  0.21965  0.22850  0.1299503E-01  0.5795366E-02  0.6205790E-02  0.5456145E-02  0.3732069E-02  0.3392210E-03  0.3057172E-02  0.0000000E+00  0.0000000E+00  0.0000000E+00
  0.50000  0.19774  0.21975  0.22860  0.1298914E-01  0.5790267E-02  0.6197941E-02  0.5451615E-02  0.3739204E-02  0.3386518E-03  0.3051992E-02  0.0000000E+00  0.0000000E+00  0.0000000E+00
  0.50000  0.19770  0.21986  0.22870  0.1298328E-01  0.5785190E-02  0.6190098E-02  0.5447087E-02  0.3746358E-02  0.3381033E-03  0.3046828E-02  0.0000000E+00  0.0000000E+00  0.0000000E+00
  0.50000  0.19765  0.21996  0.22880  0.1297747E-01  0.5780135E-02  0.6182261E-02  0.5442560E-02  0.3753528E-02  0.3375748E-03  0.3041681E-02  0.0000000E+00  0.0000000E+00  0.0000000E+00
  0.50000  0.19760  0.22006  0.22890  0.1297170E-01  0.5775100E-02  0.6174430E-02  0.5438035E-02  0.3760716E-02  0.3370652E-03  0.3036551E-02  0.0000000E+00  0.0000000E+00  0.0000000E+00
  0.50000  0.19756  0.22016  0.22900  0.1296596E-01  0.5770086E-02  0.6166604E-02  0.5433512E-02  0.3767921E-02  0.3365740E-03  0.3031438E-02  0.0000000E+00  0.0000000E+00  0.0000000E+00
  0.50000  0.19751  0.22027  0.22910  0.1296027E-01  0.5765091E-02  0.6158784E-02  0.5428991E-02  0.3775142E-02  0.3361002E-03  0.3026341E-02  0.0000000E+00  0.0000000E+00  0.0000000E+00
  0.50000  0.19747  0.22037  0.22920  0.1295461E-01  0.5760114E-02  0.6150970E-02  0.5424471E-02  0.3782380E-02  0.3356433E-03  0.3021261E-02  0.0000000E+00  0.0000000E+00  0.0000000E+00
  0.50000  0.19742  0.22047  0.22930  0.1294899E-01  0.5755156E-02  0.6143162E-02  0.5419953E-02  0.3789635E-02  0.3352025E-03  0.3016197E-02  0.0000000E+00  0.0000000E+00  0.0000000E+00
  0.50000  0.19738  0.22057  0.22940  0.1294341E-01  0.5750215E-02  0.6135359E-02  0.5415438E-02  0.3796906E-02  0.3347773E-03  0.3011150E-02  0.0000000E+00  0.0000000E+00  0.0000000E+00
  0.50000  0.19733  0.22067  0.22950  0.1293787E-01  0.5745291E-02  0.6127562E-02  0.5410923E-02  0.3804192E-02  0.3343672E-03  0.3006119E-02  0.0000000E+00  0.0000000E+00  0.0000000E+00
  0.50000  0.19728  0.22078  0.22960  0.1293237E-01  0.5740383E-02  0.6119771E-02  0.5406411E-02  0.3811495E-02  0.3339714E-03  0.3001105E-02  0.0000000E+00  0.0000000E+00  0.0000000E+00
  0.50000  0.19724  0.22088  0.22970  0.1292691E-01  0.5735491E-02  0.6111985E-02  0.5401901E-02  0.3818813E-02  0.3335896E-03  0.2996108E-02  0.0000000E+00  0.0000000E+00  0.0000000E+00
  0.50000  0.19719  0.22098  0.22980  0.1297223E-01  0.5809585E-02  0.6104206E-02  0.5397392E-02  0.3876900E-02  0.4121928E-03  0.2991127E-02  0.0000000E+00  0.0000000E+00  0.0000000E+00
  0.50000  0.19715  0.22108  0.22990  0.1296653E-01  0.5802474E-02  0.6096432E-02  0.5392886E-02  0.3883934E-02  0.4095883E-03  0.2986163E-02  0.0000000E+00  0.0000000E+00  0.0000000E+00
  0.50000  0.19710  0.22118  0.23000  0.1296090E-01  0.5795551E-02  0.6088664E-02  0.5388381E-02  0.3891024E-02  0.4071700E-03  0.2981216E-02  0.0000000E+00  0.0000000E+00  0.0000000E+00
  0.50000  0.19705  0.22129  0.23010  0.1295535E-01  0.5788795E-02  0.6080902E-02  0.5383878E-02  0.3898164E-02  0.4049168E-03  0.2976284E-02  0.0000000E+00  0.0000000E+00  0.0000000E+00
  0.50000  0.19701  0.22139  0.23020  0.1294987E-01  0.5782188E-02  0.6073145E-02  0.5379377E-02  0.3905350E-02  0.4028111E-03  0.2971370E-02  0.0000000E+00  0.0000000E+00  0.0000000E+00
  0.50000  0.19696  0.22149  0.23030  0.1294444E-01  0.5775716E-02  0.6065395E-02  0.5374878E-02  0.3912578E-02  0.4008378E-03  0.2966472E-02  0.0000000E+00  0.0000000E+00  0.0000000E+00
  0.50000  0.19692  0.22159  0.23040  0.1293909E-01  0.5769365E-02  0.6057650E-02  0.5370381E-02  0.3919846E-02  0.3989839E-03  0.2961590E-02  0.0000000E+00  0.0000000E+00  0.0000000E+00
  0.50000  0.19687  0.22169  0.23050  0.1293379E-01  0.5763124E-02  0.6049911E-02  0.5365885E-02  0.3927150E-02  0.3972383E-03  0.2956725E-02  0.0000000E+00  0.0000000E+00  0.0000000E+00
  0.50000  0.19682  0.22180  0.23060  0.1292854E-01  0.5756983E-02  0.6042178E-02  0.5361392E-02  0.3934489E-02  0.3955912E-03  0.2951877E-02  0.0000000E+00  0.0000000E+00  0.0000000E+00
  0.50000  0.19678  0.22190  0.23070  0.1292336E-01  0.5750935E-02  0.6034451E-02  0.5356901E-02  0.3941860E-02  0.3940342E-03  0.2947045E-02  0.0000000E+00  0.0000000E+00  0.0000000E+00
  0.50000  0.19673  0.22200  0.23080  0.1291822E-01  0.5744971E-02  0.6026730E-02  0.5352411E-02  0.3949262E-02  0.3925597E-03  0.2942229E-02  0.0000000E+00  0.0000000E+00  0.0000000E+00
  0.50000  0.19669  0.22210  0.23090  0.1291314E-01  0.5739085E-02  0.6019014E-02  0.5347924E-02  0.3956694E-02  0.3911612E-03  0.2937430E-02  0.0000000E+00  0.0000000E+00  0.0000000E+00
  0.50000  0.19664  0.22220  0.23100  0.1290810E-01  0.5733271E-02  0.6011305E-02  0.5343438E-02  0.3964153E-02  0.3898328E-03  0.2932647E-02  0.0000000E+00  0.0000000E+00  0.0000000E+00
  0.50000  0.19659  0.22231  0.23110  0.1290312E-01  0.5727524E-02  0.6003601E-02  0.5338954E-02  0.3971638E-02  0.3885694E-03  0.2927881E-02  0.0000000E+00  0.0000000E+00  0.0000000E+00
  0.50000  0.19655  0.22241  0.23120  0.1289818E-01  0.5721839E-02  0.5995904E-02  0.5334473E-02  0.3979150E-02  0.3873661E-03  0.2923131E-02  0.0000000E+00  0.0000000E+00  0.0000000E+00
  0.50000  0.19650  0.22251  0.23130  0.1289330E-01  0.5716212E-02  0.5988212E-02  0.5329993E-02  0.3986686E-02  0.3862190E-03  0.2918398E-02  0.0000000E+00  0.0000000E+00  0.0000000E+00
  0.50000  0.19645  0.22261  0.23140  0.1288845E-01  0.5710640E-02  0.5980526E-02  0.5325515E-02  0.3994246E-02  0.3851241E-03  0.2913681E-02  0.0000000E+00  0.0000000E+00  0.0000000E+00
  0.50000  0.19641  0.22271  0.23150  0.1288366E-01  0.5705118E-02  0.5972846E-02  0.5321040E-02  0.4001829E-02  0.3840781E-03  0.2908980E-02  0.0000000E+00  0.0000000E+00  0.0000000E+00
  0.50000  0.19636  0.22282  0.23160  0.1287890E-01  0.5699644E-02  0.5965173E-02  0.5316566E-02  0.4009434E-02  0.3830779E-03  0.2904296E-02  0.0000000E+00  0.0000000E+00  0.0000000E+00
  0.50000  0.19632  0.22292  0.23170  0.1287419E-01  0.5694215E-02  0.5957505E-02  0.5312094E-02  0.4017061E-02  0.3821208E-03  0.2899628E-02  0.0000000E+00  0.0000000E+00  0.0000000E+00
  0.50000  0.19627  0.22302  0.23180  0.1286953E-01  0.5688829E-02  0.5949843E-02  0.5307625E-02  0.4024709E-02  0.3812040E-03  0.2894977E-02  0.0000000E+00  0.0000000E+00  0.0000000E+00
  0.50000  0.19622  0.22312  0.23190  0.1286491E-01  0.5683483E-02  0.5942187E-02  0.5303157E-02  0.4032378E-02  0.3803255E-03  0.2890341E-02  0.0000000E+00  0.0000000E+00  0.0000000E+00
  0.50000  0.19618  0.22322  0.23200  0.1286033E-01  0.5678175E-02  0.5934537E-02  0.5298692E-02  0.4040067E-02  0.3794829E-03  0.2885723E-02  0.0000000E+00  0.0000000E+00  0.0000000E+00
  0.50000  0.19613  0.22333  0.23210  0.1285579E-01  0.5672902E-02  0.5926892E-02  0.5294228E-02  0.4047776E-02  0.3786743E-03  0.2881120E-02  0.0000000E+00  0.0000000E+00  0.0000000E+00
  0.50000  0.19608  0.22343  0.23220  0.1285129E-01  0.5667665E-02  0.5919254E-02  0.5289767E-02  0.4055504E-02  0.3778979E-03  0.2876534E-02  0.0000000E+00  0.0000000E+00  0.0000000E+00
  0.50000  0.19604  0.22353  0.23230  0.1284684E-01  0.5662459E-02  0.5911622E-02  0.5285307E-02  0.4063252E-02  0.3771521E-03  0.2871964E-02  0.0000000E+00  0.0000000E+00  0.0000000E+00
  0.50000  0.19599  0.22363  0.23240  0.1284242E-01  0.5657285E-02  0.5903996E-02  0.5280850E-02  0.4071018E-02  0.3764353E-03  0.2867411E-02  0.0000000E+00  0.0000000E+00  0.0000000E+00
  0.50000  0.19594  0.22374  0.23250  0.1283805E-01  0.5652141E-02  0.5896376E-02  0.5276395E-02  0.4078802E-02  0.3757461E-03  0.2862873E-02  0.0000000E+00  0.0000000E+00  0.0000000E+00
  0.50000  0.19590  0.22384  0.23260  0.1283372E-01  0.5647025E-02  0.5888762E-02  0.5271941E-02  0.4086605E-02  0.3750831E-03  0.2858352E-02  0.0000000E+00  0.0000000E+00  0.0000000E+00
  0.50000  0.19585  0.22394  0.23270  0.1282943E-01  0.5641936E-02  0.5881154E-02  0.5267490E-02  0.4094425E-02  0.3744452E-03  0.2853847E-02  0.0000000E+00  0.0000000E+00  0.0000000E+00
  0.50000  0.19580  0.22404  0.23280  0.1282517E-01  0.5636873E-02  0.5873552E-02  0.5263041E-02  0.4102263E-02  0.3738312E-03  0.2849359E-02  0.0000000E+00  0.0000000E+00  0.0000000E+00
  0.50000  0.19576  0.22414  0.23290  0.1282096E-01  0.5631835E-02  0.5865956E-02  0.5258595E-02  0.4110118E-02  0.3732400E-03  0.2844887E-02  0.0000000E+00  0.0000000E+00  0.0000000E+00
  0.50000  0.19571  0.22425  0.23300  0.1281679E-01  0.5626820E-02  0.5858367E-02  0.5254150E-02  0.4117991E-02  0.3726707E-03  0.2840430E-02  0.0000000E+00  0.0000000E+00  0.0000000E+00
  0.50000  0.19566  0.22435  0.23310  0.1281265E-01  0.5621829E-02  0.5850783E-02  0.5249707E-02  0.4125880E-02  0.3721222E-03  0.2835990E-02  0.0000000E+00  0.0000000E+00  0.0000000E+00
  0.50000  0.19562  0.22445  0.23320  0.1280856E-01  0.5616860E-02  0.5843205E-02  0.5245267E-02  0.4133787E-02  0.3715938E-03  0.2831567E-02  0.0000000E+00  0.0000000E+00  0.0000000E+00
  0.50000  0.19557  0.22455  0.23330  0.1280450E-01  0.5611913E-02  0.5835633E-02  0.5240828E-02  0.4141710E-02  0.3710846E-03  0.2827159E-02  0.0000000E+00  0.0000000E+00  0.0000000E+00
  0.50000  0.19552  0.22465  0.23340  0.1280048E-01  0.5606986E-02  0.5828068E-02  0.5236392E-02  0.4149649E-02  0.3705939E-03  0.2822768E-02  0.0000000E+00  0.0000000E+00  0.0000000E+00
  0.50000  0.19548  0.22476  0.23350  0.1279651E-01  0.5602079E-02  0.5820508E-02  0.5231958E-02  0.4157605E-02  0.3701209E-03  0.2818392E-02  0.0000000E+00  0.0000000E+00  0.0000000E+00
  0.50000  0.19543  0.22486  0.23360  0.1279256E-01  0.5597191E-02  0.5812955E-02  0.5227526E-02  0.4165577E-02  0.3696650E-03  0.2814033E-02  0.0000000E+00  0.0000000E+00  0.0000000E+00
  0.50000  0.19538  0.22496  0.23370  0.1278866E-01  0.5592322E-02  0.5805408E-02  0.5223096E-02  0.4173565E-02  0.3692255E-03  0.2809690E-02  0.0000000E+00  0.0000000E+00  0.0000000E+00
  0.50000  0.19534  0.22506  0.23380  0.1278480E-01  0.5587470E-02  0.5797867E-02  0.5218668E-02  0.4181569E-02  0.3688018E-03  0.2805363E-02  0.0000000E+00  0.0000000E+00  0.0000000E+00
  0.50000  0.19529  0.22516  0.23390  0.1278097E-01  0.5582636E-02  0.5790332E-02  0.5214243E-02  0.4189588E-02  0.3683933E-03  0.2801052E-02  0.0000000E+00  0.0000000E+00  0.0000000E+00
  0.50000  0.19524  0.22527  0.23400  0.1282425E-01  0.5662509E-02  0.5782803E-02  0.5209820E-02  0.4244690E-02  0.4526891E-03  0.2796757E-02  0.0000000E+00  0.0000000E+00  0.0000000E+00
  0.50000  0.19520  0.22537  0.23410  0.1282030E-01  0.5655230E-02  0.5775280E-02  0.5205399E-02  0.4252540E-02  0.4498310E-03  0.2792478E-02  0.0000000E+00  0.0000000E+00  0.0000000E+00
  0.50000  0.19515  0.22547  0.23420  0.1281642E-01  0.5648162E-02  0.5767763E-02  0.5200980E-02  0.4260438E-02  0.4471822E-03  0.2788215E-02  0.0000000E+00  0.0000000E+00  0.0000000E+00
  0.50000  0.19510  0.22557  0.23430  0.1281260E-01  0.5641282E-02  0.5760253E-02  0.5196563E-02  0.4268379E-02  0.4447184E-03  0.2783968E-02  0.0000000E+00  0.0000000E+00  0.0000000E+00
  0.50000  0.19506  0.22567  0.23440  0.1280885E-01  0.5634568E-02  0.5752748E-02  0.5192149E-02  0.4276360E-02  0.4424196E-03  0.2779737E-02  0.0000000E+00  0.0000000E+00  0.0000000E+00
  0.50000  0.19501  0.22578  0.23450  0.1280515E-01  0.5628005E-02  0.5745250E-02  0.5187737E-02  0.4284378E-02  0.4402685E-03  0.2775522E-02  0.0000000E+00  0.0000000E+00  0.0000000E+00
  0.50000  0.19496  0.22588  0.23460  0.1280151E-01  0.5621577E-02  0.5737758E-02  0.5183327E-02  0.4292431E-02  0.4382503E-03  0.2771323E-02  0.0000000E+00  0.0000000E+00  0.0000000E+00
  0.50000  0.19492  0.22598  0.23470  0.1279793E-01  0.5615271E-02  0.5730272E-02  0.5178919E-02  0.4300516E-02  0.4363524E-03  0.2767140E-02  0.0000000E+00  0.0000000E+00  0.0000000E+00
  0.50000  0.19487  0.22608  0.23480  0.1279440E-01  0.5609077E-02  0.5722793E-02  0.5174513E-02  0.4308631E-02  0.4345638E-03  0.2762973E-02  0.0000000E+00  0.0000000E+00  0.0000000E+00
  0.50000  0.19482  0.22619  0.23490  0.1279092E-01  0.5602985E-02  0.5715319E-02  0.5170110E-02  0.4316776E-02  0.4328748E-03  0.2758821E-02  0.0000000E+00  0.0000000E+00  0.0000000E+00
  0.50000  0.19477  0.22629  0.23500  0.1278749E-01  0.5596986E-02  0.5707852E-02  0.5165709E-02  0.4324947E-02  0.4312771E-03  0.2754686E-02  0.0000000E+00  0.0000000E+00  0.0000000E+00
  0.50000  0.19473  0.22639  0.23510  0.1278410E-01  0.5591073E-02  0.5700390E-02  0.5161310E-02  0.4333146E-02  0.4297633E-03  0.2750567E-02  0.0000000E+00  0.0000000E+00  0.0000000E+00
  0.50000  0.19468  0.22649  0.23520  0.1278077E-01  0.5585240E-02  0.5692936E-02  0.5156913E-02  0.4341369E-02  0.4283268E-03  0.2746463E-02  0.0000000E+00  0.0000000E+00  0.0000000E+00
  0.50000  0.19463  0.22659  0.23530  0.1277748E-01  0.5579481E-02  0.5685487E-02  0.5152519E-02  0.4349616E-02  0.4269617E-03  0.2742375E-02  0.0000000E+00  0.0000000E+00  0.0000000E+00
  0.50000  0.19459  0.22670  0.23540  0.1277423E-01  0.5573790E-02  0.5678044E-02  0.5148127E-02  0.4357887E-02  0.4256628E-03  0.2738303E-02  0.0000000E+00  0.0000000E+00  0.0000000E+00
  0.50000  0.19454  0.22680  0.23550  0.1277104E-01  0.5568163E-02  0.5670608E-02  0.5143738E-02  0.4366181E-02  0.4244256E-03  0.2734247E-02  0.0000000E+00  0.0000000E+00  0.0000000E+00
  0.50000  0.19449  0.22690  0.23560  0.1276788E-01  0.5562596E-02  0.5663178E-02  0.5139350E-02  0.4374496E-02  0.4232457E-03  0.2730206E-02  0.0000000E+00  0.0000000E+00  0.0000000E+00
  0.50000  0.19445  0.22700  0.23570  0.1276477E-01  0.5557084E-02  0.5655754E-02  0.5134965E-02  0.4382833E-02  0.4221195E-03  0.2726181E-02  0.0000000E+00  0.0000000E+00  0.0000000E+00
  0.50000  0.19440  0.22710  0.23580  0.1276170E-01  0.5551626E-02  0.5648336E-02  0.5130582E-02  0.4391191E-02  0.4210434E-03  0.2722172E-02  0.0000000E+00  0.0000000E+00  0.0000000E+00
  0.50000  0.19435  0.22721  0.23590  0.1275867E-01  0.5546216E-02  0.5640925E-02  0.5126202E-02  0.4399569E-02  0.4200144E-03  0.2718179E-02  0.0000000E+00  0.0000000E+00  0.0000000E+00
  0.50000  0.19430  0.22731  0.23600  0.1275569E-01  0.5540853E-02  0.5633520E-02  0.5121823E-02  0.4407967E-02  0.4190296E-03  0.2714201E-02  0.0000000E+00  0.0000000E+00  0.0000000E+00
  0.50000  0.19426  0.22741  0.23610  0.1275274E-01  0.5535534E-02  0.5626121E-02  0.5117447E-02  0.4416384E-02  0.4180865E-03  0.2710239E-02  0.0000000E+00  0.0000000E+00  0.0000000E+00
  0.50000  0.19421  0.22751  0.23620  0.1274984E-01  0.5530257E-02  0.5618728E-02  0.5113074E-02  0.4424820E-02  0.4171827E-03  0.2706293E-02  0.0000000E+00  0.0000000E+00  0.0000000E+00
  0.50000  0.19416  0.22761  0.23630  0.1274698E-01  0.5525019E-02  0.5611341E-02  0.5108703E-02  0.4433276E-02  0.4163160E-03  0.2702362E-02  0.0000000E+00  0.0000000E+00  0.0000000E+00
  0.50000  0.19412  0.22772  0.23640  0.1274416E-01  0.5519818E-02  0.5603961E-02  0.5104334E-02  0.4441749E-02  0.4154844E-03  0.2698447E-02  0.0000000E+00  0.0000000E+00  0.0000000E+00
  0.50000  0.19407  0.22782  0.23650  0.1274138E-01  0.5514653E-02  0.5596587E-02  0.5099967E-02  0.4450241E-02  0.4146862E-03  0.2694548E-02  0.0000000E+00  0.0000000E+00  0.0000000E+00
  0.50000  0.19402  0.22792  0.23660  0.1273863E-01  0.5509522E-02  0.5589220E-02  0.5095603E-02  0.4458751E-02  0.4139195E-03  0.2690664E-02  0.0000000E+00  0.0000000E+00  0.0000000E+00
  0.50000  0.19397  0.22802  0.23670  0.1273593E-01  0.5504424E-02  0.5581858E-02  0.5091241E-02  0.4467278E-02  0.4131829E-03  0.2686795E-02  0.0000000E+00  0.0000000E+00  0.0000000E+00
  0.50000  0.19393  0.22813  0.23680  0.1273327E-01  0.5499356E-02  0.5574503E-02  0.5086882E-02  0.4475823E-02  0.4124749E-03  0.2682942E-02  0.0000000E+00  0.0000000E+00  0.0000000E+00
  0.50000  0.19388  0.22823  0.23690  0.1273065E-01  0.5494318E-02  0.5567155E-02  0.5082524E-02  0.4484385E-02  0.4117941E-03  0.2679105E-02  0.0000000E+00  0.0000000E+00  0.0000000E+00
  0.50000  0.19383  0.22833  0.23700  0.1272806E-01  0.5489309E-02  0.5559812E-02  0.5078170E-02  0.4492965E-02  0.4111393E-03  0.2675283E-02  0.0000000E+00  0.0000000E+00  0.0000000E+00
  0.50000  0.19378  0.22843  0.23710  0.1272551E-01  0.5484326E-02  0.5552476E-02  0.5073817E-02  0.4501561E-02  0.4105093E-03  0.2671477E-02  0.0000000E+00  0.0000000E+00  0.0000000E+00
  0.50000  0.19374  0.22853  0.23720  0.1272301E-01  0.5479370E-02  0.5545146E-02  0.5069467E-02  0.4510174E-02  0.4099030E-03  0.2667686E-02  0.0000000E+00  0.0000000E+00  0.0000000E+00
  0.50000  0.19369  0.22864  0.23730  0.1272054E-01  0.5474439E-02  0.5537822E-02  0.5065120E-02  0.4518804E-02  0.4093194E-03  0.2663910E-02  0.0000000E+00  0.0000000E+00  0.0000000E+00
  0.50000  0.19364  0.22874  0.23740  0.1271810E-01  0.5469532E-02  0.5530505E-02  0.5060774E-02  0.4527450E-02  0.4087576E-03  0.2660150E-02  0.0000000E+00  0.0000000E+00  0.0000000E+00
  0.50000  0.19359  0.22884  0.23750  0.1271571E-01  0.5464648E-02  0.5523194E-02  0.5056431E-02  0.4536112E-02  0.4082166E-03  0.2656405E-02  0.0000000E+00  0.0000000E+00  0.0000000E+00
  0.50000  0.19355  0.22894  0.23760  0.1271336E-01  0.5459787E-02  0.5515889E-02  0.5052091E-02  0.4544791E-02  0.4076957E-03  0.2652676E-02  0.0000000E+00  0.0000000E+00  0.0000000E+00
  0.50000  0.19350  0.22904  0.23770  0.1271104E-01  0.5454947E-02  0.5508591E-02  0.5047753E-02  0.4553486E-02  0.4071940E-03  0.2648962E-02  0.0000000E+00  0.0000000E+00  0.0000000E+00
  0.50000  0.19345  0.22915  0.23780  0.1270876E-01  0.5450128E-02  0.5501299E-02  0.5043417E-02  0.4562197E-02  0.4067107E-03  0.2645263E-02  0.0000000E+00  0.0000000E+00  0.0000000E+00
  0.50000  0.19340  0.22925  0.23790  0.1270652E-01  0.5445329E-02  0.5494013E-02  0.5039084E-02  0.4570923E-02  0.4062453E-03  0.2641580E-02  0.0000000E+00  0.0000000E+00  0.0000000E+00
  0.50000  0.19336  0.22935  0.23800  0.1270431E-01  0.5440550E-02  0.5486734E-02  0.5034753E-02  0.4579666E-02  0.4057970E-03  0.2637912E-02  0.0000000E+00  0.0000000E+00  0.0000000E+00
  0.50000  0.19331  0.22945  0.23810  0.1270214E-01  0.5435790E-02  0.5479461E-02  0.5030425E-02  0.4588424E-02  0.4053652E-03  0.2634259E-02  0.0000000E+00  0.0000000E+00  0.0000000E+00
  0.50000  0.19326  0.22956  0.23820  0.1270001E-01  0.5431048E-02  0.5472194E-02  0.5026099E-02  0.4597198E-02  0.4049494E-03  0.2630621E-02  0.0000000E+00  0.0000000E+00  0.0000000E+00
  0.50000  0.19321  0.22966  0.23830  0.1274079E-01  0.5513634E-02  0.5464934E-02  0.5021775E-02  0.4648856E-02  0.4918588E-03  0.2626998E-02  0.0000000E+00  0.0000000E+00  0.0000000E+00
  0.50000  0.19317  0.22976  0.23840  0.1273869E-01  0.5506457E-02  0.5457680E-02  0.5017454E-02  0.4657615E-02  0.4890028E-03  0.2623391E-02  0.0000000E+00  0.0000000E+00  0.0000000E+00
  0.50000  0.19312  0.22986  0.23850  0.1273664E-01  0.5499486E-02  0.5450432E-02  0.5013136E-02  0.4666409E-02  0.4863499E-03  0.2619799E-02  0.0000000E+00  0.0000000E+00  0.0000000E+00
  0.50000  0.19307  0.22996  0.23860  0.1273465E-01  0.5492697E-02  0.5443191E-02  0.5008820E-02  0.4675235E-02  0.4838775E-03  0.2616222E-02  0.0000000E+00  0.0000000E+00  0.0000000E+00
  0.50000  0.19302  0.23007  0.23870  0.1273271E-01  0.5486072E-02  0.5435956E-02  0.5004506E-02  0.4684091E-02  0.4815665E-03  0.2612660E-02  0.0000000E+00  0.0000000E+00  0.0000000E+00
  0.50000  0.19297  0.23017  0.23880  0.1273082E-01  0.5479595E-02  0.5428727E-02  0.5000195E-02  0.4692976E-02  0.4794006E-03  0.2609113E-02  0.0000000E+00  0.0000000E+00  0.0000000E+00
  0.50000  0.19293  0.23027  0.23890  0.1272897E-01  0.5473252E-02  0.5421505E-02  0.4995886E-02  0.4701887E-02  0.4773658E-03  0.2605581E-02  0.0000000E+00  0.0000000E+00  0.0000000E+00
  0.50000  0.19288  0.23037  0.23900  0.1272718E-01  0.5467030E-02  0.5414289E-02  0.4991580E-02  0.4710824E-02  0.4754499E-03  0.2602064E-02  0.0000000E+00  0.0000000E+00  0.0000000E+00
  0.50000  0.19283  0.23047  0.23910  0.1272543E-01  0.5460918E-02  0.5407080E-02  0.4987276E-02  0.4719786E-02  0.4736424E-03  0.2598563E-02  0.0000000E+00  0.0000000E+00  0.0000000E+00
  0.50000  0.19278  0.23058  0.23920  0.1272372E-01  0.5454909E-02  0.5399877E-02  0.4982974E-02  0.4728771E-02  0.4719340E-03  0.2595076E-02  0.0000000E+00  0.0000000E+00  0.0000000E+00
  0.50000  0.19274  0.23068  0.23930  0.1272206E-01  0.5448992E-02  0.5392680E-02  0.4978676E-02  0.4737779E-02  0.4703167E-03  0.2591604E-02  0.0000000E+00  0.0000000E+00  0.0000000E+00
  0.50000  0.19269  0.23078  0.23940  0.1272045E-01  0.5443162E-02  0.5385490E-02  0.4974379E-02  0.4746808E-02  0.4687831E-03  0.2588147E-02  0.0000000E+00  0.0000000E+00  0.0000000E+00
  0.50000  0.19264  0.23088  0.23950  0.1271887E-01  0.5437412E-02  0.5378306E-02  0.4970085E-02  0.4755859E-02  0.4673269E-03  0.2584705E-02  0.0000000E+00  0.0000000E+00  0.0000000E+00
  0.50000  0.19259  0.23099  0.23960  0.1271734E-01  0.5431736E-02  0.5371128E-02  0.4965794E-02  0.4764930E-02  0.4659424E-03  0.2581278E-02  0.0000000E+00  0.0000000E+00  0.0000000E+00
  0.50000  0.19254  0.23109  0.23970  0.1271585E-01  0.5426130E-02  0.5363957E-02  0.4961505E-02  0.4774022E-02  0.4646245E-03  0.2577866E-02  0.0000000E+00  0.0000000E+00  0.0000000E+00
  0.50000  0.19250  0.23119  0.23980  0.1271439E-01  0.5420587E-02  0.5356793E-02  0.4957219E-02  0.4783133E-02  0.4633686E-03  0.2574468E-02  0.0000000E+00  0.0000000E+00  0.0000000E+00
  0.50000  0.19245  0.23129  0.23990  0.1271298E-01  0.5415106E-02  0.5349634E-02  0.4952935E-02  0.4792264E-02  0.4621707E-03  0.2571086E-02  0.0000000E+00  0.0000000E+00  0.0000000E+00
  0.50000  0.19240  0.23139  0.24000  0.1271161E-01  0.5409681E-02  0.5342482E-02  0.4948654E-02  0.4801413E-02  0.4610269E-03  0.2567718E-02  0.0000000E+00  0.0000000E+00  0.0000000E+00
  0.50000  0.19235  0.23150  0.24010  0.1271028E-01  0.5404309E-02  0.5335337E-02  0.4944375E-02  0.4810581E-02  0.4599340E-03  0.2564365E-02  0.0000000E+00  0.0000000E+00  0.0000000E+00
  0.50000  0.19230  0.23160  0.24020  0.1270899E-01  0.5398987E-02  0.5328198E-02  0.4940099E-02  0.4819767E-02  0.4588887E-03  0.2561027E-02  0.0000000E+00  0.0000000E+00  0.0000000E+00
  0.50000  0.19226  0.23170  0.24030  0.1270774E-01  0.5393713E-02  0.5321065E-02  0.4935825E-02  0.4828971E-02  0.4578884E-03  0.2557703E-02  0.0000000E+00  0.0000000E+00  0.0000000E+00
  0.50000  0.19221  0.23180  0.24040  0.1270653E-01  0.5388484E-02  0.5313939E-02  0.4931554E-02  0.4838193E-02  0.4569304E-03  0.2554394E-02  0.0000000E+00  0.0000000E+00  0.0000000E+00
  0.50000  0.19216  0.23190  0.24050  0.1270535E-01  0.5383297E-02  0.5306819E-02  0.4927285E-02  0.4847432E-02  0.4560123E-03  0.2551100E-02  0.0000000E+00  0.0000000E+00  0.0000000E+00
  0.50000  0.19211  0.23201  0.24060  0.1270421E-01  0.5378151E-02  0.5299706E-02  0.4923019E-02  0.4856688E-02  0.4551321E-03  0.2547820E-02  0.0000000E+00  0.0000000E+00  0.0000000E+00
  0.50000  0.19206  0.23211  0.24070  0.1270312E-01  0.5373043E-02  0.5292599E-02  0.4918755E-02  0.4865962E-02  0.4542878E-03  0.2544555E-02  0.0000000E+00  0.0000000E+00  0.0000000E+00
  0.50000  0.19202  0.23221  0.24080  0.1270206E-01  0.5367972E-02  0.5285498E-02  0.4914494E-02  0.4875253E-02  0.4534774E-03  0.2541305E-02  0.0000000E+00  0.0000000E+00  0.0000000E+00
  0.50000  0.19197  0.23231  0.24090  0.1270103E-01  0.5362935E-02  0.5278404E-02  0.4910236E-02  0.4884560E-02  0.4526993E-03  0.2538069E-02  0.0000000E+00  0.0000000E+00  0.0000000E+00
  0.50000  0.19192  0.23242  0.24100  0.1270005E-01  0.5357932E-02  0.5271316E-02  0.4905980E-02  0.4893884E-02  0.4519520E-03  0.2534848E-02  0.0000000E+00  0.0000000E+00  0.0000000E+00
  0.50000  0.19187  0.23252  0.24110  0.1269910E-01  0.5352961E-02  0.5264235E-02  0.4901727E-02  0.4903225E-02  0.4512340E-03  0.2531641E-02  0.0000000E+00  0.0000000E+00  0.0000000E+00
  0.50000  0.19182  0.23262  0.24120  0.1269819E-01  0.5348020E-02  0.5257160E-02  0.4897476E-02  0.4912582E-02  0.4505438E-03  0.2528449E-02  0.0000000E+00  0.0000000E+00  0.0000000E+00
  0.50000  0.19177  0.23272  0.24130  0.1269732E-01  0.5343108E-02  0.5250092E-02  0.4893228E-02  0.4921955E-02  0.4498803E-03  0.2525271E-02  0.0000000E+00  0.0000000E+00  0.0000000E+00
  0.50000  0.19173  0.23282  0.24140  0.1269648E-01  0.5338224E-02  0.5243030E-02  0.4888982E-02  0.4931344E-02  0.4492423E-03  0.2522107E-02  0.0000000E+00  0.0000000E+00  0.0000000E+00
  0.50000  0.19168  0.23293  0.24150  0.1269568E-01  0.5333368E-02  0.5235974E-02  0.4884739E-02  0.4940750E-02  0.4486287E-03  0.2518958E-02  0.0000000E+00  0.0000000E+00  0.0000000E+00
  0.50000  0.19163  0.23303  0.24160  0.1269492E-01  0.5328537E-02  0.5228925E-02  0.4880499E-02  0.4950171E-02  0.4480384E-03  0.2515824E-02  0.0000000E+00  0.0000000E+00  0.0000000E+00
  0.50000  0.19158  0.23313  0.24170  0.1269419E-01  0.5323731E-02  0.5221883E-02  0.4876261E-02  0.4959609E-02  0.4474705E-03  0.2512703E-02  0.0000000E+00  0.0000000E+00  0.0000000E+00
  0.50000  0.19153  0.23323  0.24180  0.1269351E-01  0.5318950E-02  0.5214846E-02  0.4872026E-02  0.4969062E-02  0.4469241E-03  0.2509597E-02  0.0000000E+00  0.0000000E+00  0.0000000E+00
  0.50000  0.19148  0.23333  0.24190  0.1269285E-01  0.5314191E-02  0.5207817E-02  0.4867793E-02  0.4978531E-02  0.4463983E-03  0.2506505E-02  0.0000000E+00  0.0000000E+00  0.0000000E+00
  0.50000  0.19144  0.23344  0.24200  0.1269224E-01  0.5309455E-02  0.5200794E-02  0.4863563E-02  0.4988016E-02  0.4458923E-03  0.2503428E-02  0.0000000E+00  0.0000000E+00  0.0000000E+00
  0.50000  0.19139  0.23354  0.24210  0.1269166E-01  0.5304741E-02  0.5193777E-02  0.4859335E-02  0.4997516E-02  0.4454055E-03  0.2500365E-02  0.0000000E+00  0.0000000E+00  0.0000000E+00
  0.50000  0.19134  0.23364  0.24220  0.1269111E-01  0.5300047E-02  0.5186766E-02  0.4855110E-02  0.5007032E-02  0.4449370E-03  0.2497315E-02  0.0000000E+00  0.0000000E+00  0.0000000E+00
  0.50000  0.19129  0.23374  0.24230  0.1269061E-01  0.5295374E-02  0.5179763E-02  0.4850888E-02  0.5016564E-02  0.4444862E-03  0.2494281E-02  0.0000000E+00  0.0000000E+00  0.0000000E+00
  0.50000  0.19124  0.23385  0.24240  0.1269014E-01  0.5290721E-02  0.5172765E-02  0.4846669E-02  0.5026111E-02  0.4440525E-03  0.2491260E-02  0.0000000E+00  0.0000000E+00  0.0000000E+00
  0.50000  0.19119  0.23395  0.24250  0.1272825E-01  0.5377970E-02  0.5165774E-02  0.4842452E-02  0.5074223E-02  0.5355185E-03  0.2488253E-02  0.0000000E+00  0.0000000E+00  0.0000000E+00
  0.50000  0.19115  0.23405  0.24260  0.1272794E-01  0.5370726E-02  0.5158790E-02  0.4838237E-02  0.5083888E-02  0.5324890E-03  0.2485261E-02  0.0000000E+00  0.0000000E+00  0.0000000E+00
  0.50000  0.19110  0.23415  0.24270  0.1272767E-01  0.5363703E-02  0.5151812E-02  0.4834025E-02  0.5093578E-02  0.5296772E-03  0.2482282E-02  0.0000000E+00  0.0000000E+00  0.0000000E+00
  0.50000  0.19105  0.23425  0.24280  0.1272745E-01  0.5356875E-02  0.5144840E-02  0.4829816E-02  0.5103292E-02  0.5270587E-03  0.2479318E-02  0.0000000E+00  0.0000000E+00  0.0000000E+00
  0.50000  0.19100  0.23436  0.24290  0.1272727E-01  0.5350223E-02  0.5137875E-02  0.4825610E-02  0.5113028E-02  0.5246129E-03  0.2476367E-02  0.0000000E+00  0.0000000E+00  0.0000000E+00
  0.50000  0.19095  0.23446  0.24300  0.1272713E-01  0.5343728E-02  0.5130917E-02  0.4821406E-02  0.5122786E-02  0.5223222E-03  0.2473431E-02  0.0000000E+00  0.0000000E+00  0.0000000E+00
  0.50000  0.19090  0.23456  0.24310  0.1272704E-01  0.5337376E-02  0.5123965E-02  0.4817205E-02  0.5132564E-02  0.5201716E-03  0.2470508E-02  0.0000000E+00  0.0000000E+00  0.0000000E+00
  0.50000  0.19085  0.23466  0.24320  0.1272698E-01  0.5331154E-02  0.5117019E-02  0.4813006E-02  0.5142363E-02  0.5181481E-03  0.2467600E-02  0.0000000E+00  0.0000000E+00  0.0000000E+00
  0.50000  0.19081  0.23477  0.24330  0.1272697E-01  0.5325050E-02  0.5110080E-02  0.4808810E-02  0.5152181E-02  0.5162402E-03  0.2464705E-02  0.0000000E+00  0.0000000E+00  0.0000000E+00
  0.50000  0.19076  0.23487  0.24340  0.1272699E-01  0.5319055E-02  0.5103147E-02  0.4804617E-02  0.5162017E-02  0.5144381E-03  0.2461824E-02  0.0000000E+00  0.0000000E+00  0.0000000E+00
  0.50000  0.19071  0.23497  0.24350  0.1272705E-01  0.5313159E-02  0.5096221E-02  0.4800426E-02  0.5171872E-02  0.5127330E-03  0.2458957E-02  0.0000000E+00  0.0000000E+00  0.0000000E+00
  0.50000  0.19066  0.23507  0.24360  0.1272715E-01  0.5307355E-02  0.5089301E-02  0.4796238E-02  0.5181745E-02  0.5111172E-03  0.2456104E-02  0.0000000E+00  0.0000000E+00  0.0000000E+00
  0.50000  0.19061  0.23517  0.24370  0.1272729E-01  0.5301637E-02  0.5082388E-02  0.4792053E-02  0.5191636E-02  0.5095840E-03  0.2453264E-02  0.0000000E+00  0.0000000E+00  0.0000000E+00
  0.50000  0.19056  0.23528  0.24380  0.1272746E-01  0.5295997E-02  0.5075481E-02  0.4787870E-02  0.5201545E-02  0.5081271E-03  0.2450438E-02  0.0000000E+00  0.0000000E+00  0.0000000E+00
  0.50000  0.19051  0.23538  0.24390  0.1272768E-01  0.5290431E-02  0.5068581E-02  0.4783690E-02  0.5211470E-02  0.5067411E-03  0.2447626E-02  0.0000000E+00  0.0000000E+00  0.0000000E+00
  0.50000  0.19046  0.23548  0.24400  0.1272793E-01  0.5284934E-02  0.5061687E-02  0.4779513E-02  0.5221413E-02  0.5054212E-03  0.2444828E-02  0.0000000E+00  0.0000000E+00  0.0000000E+00
  0.50000  0.19042  0.23558  0.24410  0.1272822E-01  0.5279501E-02  0.5054800E-02  0.4775338E-02  0.5231372E-02  0.5041629E-03  0.2442043E-02  0.0000000E+00  0.0000000E+00  0.0000000E+00
  0.50000  0.19037  0.23568  0.24420  0.1272854E-01  0.5274128E-02  0.5047919E-02  0.4771166E-02  0.5241349E-02  0.5029622E-03  0.2439272E-02  0.0000000E+00  0.0000000E+00  0.0000000E+00
  0.50000  0.19032  0.23579  0.24430  0.1272890E-01  0.5268813E-02  0.5041045E-02  0.4766997E-02  0.5251341E-02  0.5018155E-03  0.2436515E-02  0.0000000E+00  0.0000000E+00  0.0000000E+00
  0.50000  0.19027  0.23589  0.24440  0.1272930E-01  0.5263550E-02  0.5034177E-02  0.4762830E-02  0.5261350E-02  0.5007197E-03  0.2433771E-02  0.0000000E+00  0.0000000E+00  0.0000000E+00
  0.50000  0.19022  0.23599  0.24450  0.1272973E-01  0.5258338E-02  0.5027316E-02  0.4758666E-02  0.5271375E-02  0.4996715E-03  0.2431041E-02  0.0000000E+00  0.0000000E+00  0.0000000E+00
  0.50000  0.19017  0.23609  0.24460  0.1273020E-01  0.5253173E-02  0.5020461E-02  0.4754505E-02  0.5281417E-02  0.4986684E-03  0.2428324E-02  0.0000000E+00  0.0000000E+00  0.0000000E+00
  0.50000  0.19012  0.23620  0.24470  0.1273071E-01  0.5248054E-02  0.5013613E-02  0.4750347E-02  0.5291474E-02  0.4977077E-03  0.2425620E-02  0.0000000E+00  0.0000000E+00  0.0000000E+00
  0.50000  0.19007  0.23630  0.24480  0.1273125E-01  0.5242978E-02  0.5006771E-02  0.4746191E-02  0.5301547E-02  0.4967873E-03  0.2422930E-02  0.0000000E+00  0.0000000E+00  0.0000000E+00
  0.50000  0.19002  0.23640  0.24490  0.1273183E-01  0.5237942E-02  0.4999936E-02  0.4742038E-02  0.5311636E-02  0.4959049E-03  0.2420254E-02  0.0000000E+00  0.0000000E+00  0.0000000E+00
  0.50000  0.18998  0.23650  0.24500  0.1273244E-01  0.5232946E-02  0.4993107E-02  0.4737887E-02  0.5321741E-02  0.4950586E-03  0.2417591E-02  0.0000000E+00  0.0000000E+00  0.0000000E+00
  0.50000  0.18993  0.23660  0.24510  0.1273309E-01  0.5227986E-02  0.4986285E-02  0.4733739E-02  0.5331862E-02  0.4942467E-03  0.2414941E-02  0.0000000E+00  0.0000000E+00  0.0000000E+00
  0.50000  0.18988  0.23671  0.24520  0.1273377E-01  0.5223062E-02  0.4979469E-02  0.4729594E-02  0.5341998E-02  0.4934674E-03  0.2412304E-02  0.0000000E+00  0.0000000E+00  0.0000000E+00
  0.50000  0.18983  0.23681  0.24530  0.1273449E-01  0.5218171E-02  0.4972660E-02  0.4725452E-02  0.5352150E-02  0.4927192E-03  0.2409681E-02  0.0000000E+00  0.0000000E+00  0.0000000E+00
  0.50000  0.18978  0.23691  0.24540  0.1273524E-01  0.5213313E-02  0.4965857E-02  0.4721312E-02  0.5362317E-02  0.4920006E-03  0.2407071E-02  0.0000000E+00  0.0000000E+00  0.0000000E+00
  0.50000  0.18973  0.23701  0.24550  0.1273603E-01  0.5208486E-02  0.4959060E-02  0.4717175E-02  0.5372500E-02  0.4913104E-03  0.2404474E-02  0.0000000E+00  0.0000000E+00  0.0000000E+00
  0.50000  0.18968  0.23712  0.24560  0.1273686E-01  0.5203688E-02  0.4952271E-02  0.4713041E-02  0.5382698E-02  0.4906471E-03  0.2401891E-02  0.0000000E+00  0.0000000E+00  0.0000000E+00
  0.50000  0.18963  0.23722  0.24570  0.1273772E-01  0.5198919E-02  0.4945487E-02  0.4708909E-02  0.5392912E-02  0.4900098E-03  0.2399320E-02  0.0000000E+00  0.0000000E+00  0.0000000E+00
  0.50000  0.18958  0.23732  0.24580  0.1273861E-01  0.5194178E-02  0.4938711E-02  0.4704781E-02  0.5403141E-02  0.4893973E-03  0.2396763E-02  0.0000000E+00  0.0000000E+00  0.0000000E+00
  0.50000  0.18953  0.23742  0.24590  0.1273954E-01  0.5189463E-02  0.4931940E-02  0.4700654E-02  0.5413386E-02  0.4888085E-03  0.2394219E-02  0.0000000E+00  0.0000000E+00  0.0000000E+00
  0.50000  0.18948  0.23752  0.24600  0.1274051E-01  0.5184774E-02  0.4925176E-02  0.4696531E-02  0.5423646E-02  0.4882425E-03  0.2391688E-02  0.0000000E+00  0.0000000E+00  0.0000000E+00
  0.50000  0.18943  0.23763  0.24610  0.1274151E-01  0.5180109E-02  0.4918419E-02  0.4692410E-02  0.5433921E-02  0.4876984E-03  0.2389170E-02  0.0000000E+00  0.0000000E+00  0.0000000E+00
  0.50000  0.18939  0.23773  0.24620  0.1274254E-01  0.5175468E-02  0.4911668E-02  0.4688293E-02  0.5444211E-02  0.4871753E-03  0.2386665E-02  0.0000000E+00  0.0000000E+00  0.0000000E+00
  0.50000  0.18934  0.23783  0.24630  0.1274361E-01  0.5170850E-02  0.4904924E-02  0.4684177E-02  0.5454517E-02  0.4866725E-03  0.2384173E-02  0.0000000E+00  0.0000000E+00  0.0000000E+00
  0.50000  0.18929  0.23793  0.24640  0.1274472E-01  0.5166254E-02  0.4898186E-02  0.4680065E-02  0.5464838E-02  0.4861892E-03  0.2381694E-02  0.0000000E+00  0.0000000E+00  0.0000000E+00
  0.50000  0.18924  0.23804  0.24650  0.1274586E-01  0.5161680E-02  0.4891455E-02  0.4675955E-02  0.5475174E-02  0.4857247E-03  0.2379228E-02  0.0000000E+00  0.0000000E+00  0.0000000E+00
  0.50000  0.18919  0.23814  0.24660  0.1274703E-01  0.5157127E-02  0.4884730E-02  0.4671848E-02  0.5485525E-02  0.4852783E-03  0.2376774E-02  0.0000000E+00  0.0000000E+00  0.0000000E+00
  0.50000  0.18914  0.23824  0.24670  0.1278226E-01  0.5248403E-02  0.4878012E-02  0.4667744E-02  0.5529915E-02  0.5806586E-03  0.2374334E-02  0.0000000E+00  0.0000000E+00  0.0000000E+00
  0.50000  0.18909  0.23834  0.24680  0.1278373E-01  0.5241140E-02  0.4871300E-02  0.4663643E-02  0.5540523E-02  0.5774978E-03  0.2371906E-02  0.0000000E+00  0.0000000E+00  0.0000000E+00
  0.50000  0.18904  0.23844  0.24690  0.1278523E-01  0.5234109E-02  0.4864595E-02  0.4659544E-02  0.5551145E-02  0.5745650E-03  0.2369491E-02  0.0000000E+00  0.0000000E+00  0.0000000E+00
  0.50000  0.18899  0.23855  0.24700  0.1278677E-01  0.5227282E-02  0.4857896E-02  0.4655448E-02  0.5561782E-02  0.5718347E-03  0.2367089E-02  0.0000000E+00  0.0000000E+00  0.0000000E+00
  0.50000  0.18894  0.23865  0.24710  0.1278834E-01  0.5220640E-02  0.4851204E-02  0.4651355E-02  0.5572432E-02  0.5692853E-03  0.2364700E-02  0.0000000E+00  0.0000000E+00  0.0000000E+00
  0.50000  0.18889  0.23875  0.24720  0.1278994E-01  0.5214163E-02  0.4844518E-02  0.4647264E-02  0.5583096E-02  0.5668984E-03  0.2362323E-02  0.0000000E+00  0.0000000E+00  0.0000000E+00
  0.50000  0.18884  0.23885  0.24730  0.1279157E-01  0.5207835E-02  0.4837839E-02  0.4643176E-02  0.5593774E-02  0.5646584E-03  0.2359959E-02  0.0000000E+00  0.0000000E+00  0.0000000E+00
  0.50000  0.18879  0.23896  0.24740  0.1279324E-01  0.5201643E-02  0.4831167E-02  0.4639091E-02  0.5604467E-02  0.5625514E-03  0.2357607E-02  0.0000000E+00  0.0000000E+00  0.0000000E+00
  0.50000  0.18874  0.23906  0.24750  0.1279494E-01  0.5195575E-02  0.4824500E-02  0.4635009E-02  0.5615173E-02  0.5605657E-03  0.2355269E-02  0.0000000E+00  0.0000000E+00  0.0000000E+00
  0.50000  0.18869  0.23916  0.24760  0.1279668E-01  0.5189620E-02  0.4817841E-02  0.4630930E-02  0.5625893E-02  0.5586908E-03  0.2352942E-02  0.0000000E+00  0.0000000E+00  0.0000000E+00
  0.50000  0.18864  0.23926  0.24770  0.1279844E-01  0.5183771E-02  0.4811188E-02  0.4626853E-02  0.5636627E-02  0.5569175E-03  0.2350628E-02  0.0000000E+00  0.0000000E+00  0.0000000E+00
  0.50000  0.18860  0.23936  0.24780  0.1280024E-01  0.5178017E-02  0.4804541E-02  0.4622779E-02  0.5647375E-02  0.5552379E-03  0.2348327E-02  0.0000000E+00  0.0000000E+00  0.0000000E+00
  0.50000  0.18855  0.23947  0.24790  0.1280208E-01  0.5172353E-02  0.4797901E-02  0.4618708E-02  0.5658138E-02  0.5536448E-03  0.2346038E-02  0.0000000E+00  0.0000000E+00  0.0000000E+00
  0.50000  0.18850  0.23957  0.24800  0.1280394E-01  0.5166771E-02  0.4791267E-02  0.4614639E-02  0.5668914E-02  0.5521317E-03  0.2343762E-02  0.0000000E+00  0.0000000E+00  0.0000000E+00
  0.50000  0.18845  0.23967  0.24810  0.1280584E-01  0.5161267E-02  0.4784640E-02  0.4610574E-02  0.5679705E-02  0.5506929E-03  0.2341498E-02  0.0000000E+00  0.0000000E+00  0.0000000E+00
  0.50000  0.18840  0.23977  0.24820  0.1280777E-01  0.5155834E-02  0.4778019E-02  0.4606511E-02  0.5690509E-02  0.5493234E-03  0.2339246E-02  0.0000000E+00  0.0000000E+00  0.0000000E+00
  0.50000  0.18835  0.23988  0.24830  0.1280974E-01  0.5150469E-02  0.4771405E-02  0.4602451E-02  0.5701328E-02  0.5480185E-03  0.2337007E-02  0.0000000E+00  0.0000000E+00  0.0000000E+00
  0.50000  0.18830  0.23998  0.24840  0.1281174E-01  0.5145168E-02  0.4764797E-02  0.4598394E-02  0.5712161E-02  0.5467741E-03  0.2334780E-02  0.0000000E+00  0.0000000E+00  0.0000000E+00
  0.50000  0.18825  0.24008  0.24850  0.1281377E-01  0.5139925E-02  0.4758196E-02  0.4594339E-02  0.5723009E-02  0.5455863E-03  0.2332565E-02  0.0000000E+00  0.0000000E+00  0.0000000E+00
  0.50000  0.18820  0.24018  0.24860  0.1281583E-01  0.5134739E-02  0.4751602E-02  0.4590287E-02  0.5733870E-02  0.5444517E-03  0.2330363E-02  0.0000000E+00  0.0000000E+00  0.0000000E+00
  0.50000  0.18815  0.24028  0.24870  0.1281793E-01  0.5129605E-02  0.4745013E-02  0.4586238E-02  0.5744746E-02  0.5433671E-03  0.2328172E-02  0.0000000E+00  0.0000000E+00  0.0000000E+00
  0.50000  0.18810  0.24039  0.24880  0.1282006E-01  0.5124522E-02  0.4738432E-02  0.4582192E-02  0.5755637E-02  0.5423298E-03  0.2325994E-02  0.0000000E+00  0.0000000E+00  0.0000000E+00
  0.50000  0.18805  0.24049  0.24890  0.1282223E-01  0.5119486E-02  0.4731857E-02  0.4578149E-02  0.5766541E-02  0.5413371E-03  0.2323828E-02  0.0000000E+00  0.0000000E+00  0.0000000E+00
  0.50000  0.18800  0.24059  0.24900  0.1282442E-01  0.5114495E-02  0.4725288E-02  0.4574108E-02  0.5777460E-02  0.5403865E-03  0.2321674E-02  0.0000000E+00  0.0000000E+00  0.0000000E+00
  0.50000  0.18795  0.24069  0.24910  0.1282665E-01  0.5109546E-02  0.4718726E-02  0.4570070E-02  0.5788394E-02  0.5394759E-03  0.2319532E-02  0.0000000E+00  0.0000000E+00  0.0000000E+00
  0.50000  0.18790  0.24080  0.24920  0.1282891E-01  0.5104638E-02  0.4712170E-02  0.4566035E-02  0.5799342E-02  0.5386031E-03  0.2317402E-02  0.0000000E+00  0.0000000E+00  0.0000000E+00
  0.50000  0.18785  0.24090  0.24930  0.1283121E-01  0.5099769E-02  0.4705621E-02  0.4562003E-02  0.5810305E-02  0.5377664E-03  0.2315284E-02  0.0000000E+00  0.0000000E+00  0.0000000E+00
  0.50000  0.18780  0.24100  0.24940  0.1283354E-01  0.5094937E-02  0.4699078E-02  0.4557974E-02  0.5821282E-02  0.5369639E-03  0.2313178E-02  0.0000000E+00  0.0000000E+00  0.0000000E+00
  0.50000  0.18775  0.24110  0.24950  0.1283590E-01  0.5090141E-02  0.4692542E-02  0.4553947E-02  0.5832273E-02  0.5361940E-03  0.2311084E-02  0.0000000E+00  0.0000000E+00  0.0000000E+00
  0.50000  0.18770  0.24120  0.24960  0.1283829E-01  0.5085378E-02  0.4686013E-02  0.4549923E-02  0.5843280E-02  0.5354553E-03  0.2309002E-02  0.0000000E+00  0.0000000E+00  0.0000000E+00
  0.50000  0.18765  0.24131  0.24970  0.1284072E-01  0.5080648E-02  0.4679489E-02  0.4545902E-02  0.5854300E-02  0.5347462E-03  0.2306932E-02  0.0000000E+00  0.0000000E+00  0.0000000E+00
  0.50000  0.18760  0.24141  0.24980  0.1284318E-01  0.5075949E-02  0.4672973E-02  0.4541884E-02  0.5865336E-02  0.5340655E-03  0.2304873E-02  0.0000000E+00  0.0000000E+00  0.0000000E+00
  0.50000  0.18755  0.24151  0.24990  0.1284568E-01  0.5071280E-02  0.4666462E-02  0.4537868E-02  0.5876386E-02  0.5334120E-03  0.2302827E-02  0.0000000E+00  0.0000000E+00  0.0000000E+00
  0.50000  0.18750  0.24161  0.25000  0.1284820E-01  0.5066640E-02  0.4659959E-02  0.4533856E-02  0.5887451E-02  0.5327845E-03  0.2300792E-02  0.0000000E+00  0.0000000E+00  0.0000000E+00
  0.50000  0.18745  0.24172  0.25010  0.1285076E-01  0.5062028E-02  0.4653462E-02  0.4529846E-02  0.5898530E-02  0.5321820E-03  0.2298769E-02  0.0000000E+00  0.0000000E+00  0.0000000E+00
  0.50000  0.18740  0.24182  0.25020  0.1285335E-01  0.5057442E-02  0.4646971E-02  0.4525839E-02  0.5909624E-02  0.5316034E-03  0.2296757E-02  0.0000000E+00  0.0000000E+00  0.0000000E+00
  0.50000  0.18735  0.24192  0.25030  0.1285598E-01  0.5052882E-02  0.4640487E-02  0.4521834E-02  0.5920733E-02  0.5310478E-03  0.2294757E-02  0.0000000E+00  0.0000000E+00  0.0000000E+00
  0.50000  0.18730  0.24202  0.25040  0.1285863E-01  0.5048347E-02  0.4634009E-02  0.4517833E-02  0.5931857E-02  0.5305143E-03  0.2292769E-02  0.0000000E+00  0.0000000E+00  0.0000000E+00
  0.50000  0.18725  0.24212  0.25050  0.1286133E-01  0.5043836E-02  0.4627538E-02  0.4513834E-02  0.5942995E-02  0.5300020E-03  0.2290793E-02  0.0000000E+00  0.0000000E+00  0.0000000E+00
  0.50000  0.18720  0.24223  0.25060  0.1286405E-01  0.5039349E-02  0.4621073E-02  0.4509838E-02  0.5954148E-02  0.5295103E-03  0.2288828E-02  0.0000000E+00  0.0000000E+00  0.0000000E+00
  0.50000  0.18715  0.24233  0.25070  0.1286680E-01  0.5034884E-02  0.4614615E-02  0.4505845E-02  0.5965316E-02  0.5290382E-03  0.2286874E-02  0.0000000E+00  0.0000000E+00  0.0000000E+00
  0.50000  0.18710  0.24243  0.25080  0.1289863E-01  0.5132501E-02  0.4608163E-02  0.4501855E-02  0.6005539E-02  0.6306454E-03  0.2284932E-02  0.0000000E+00  0.0000000E+00  0.0000000E+00
  0.50000  0.18705  0.24253  0.25090  0.1290183E-01  0.5125006E-02  0.4601718E-02  0.4497868E-02  0.6017112E-02  0.6271377E-03  0.2283001E-02  0.0000000E+00  0.0000000E+00  0.0000000E+00
  0.50000  0.18700  0.24264  0.25100  0.1290505E-01  0.5117778E-02  0.4595279E-02  0.4493883E-02  0.6028688E-02  0.6238942E-03  0.2281082E-02  0.0000000E+00  0.0000000E+00  0.0000000E+00
  0.50000  0.18695  0.24274  0.25110  0.1290829E-01  0.5110786E-02  0.4588846E-02  0.4489902E-02  0.6040267E-02  0.6208842E-03  0.2279174E-02  0.0000000E+00  0.0000000E+00  0.0000000E+00
  0.50000  0.18690  0.24284  0.25120  0.1291155E-01  0.5104004E-02  0.4582420E-02  0.4485923E-02  0.6051851E-02  0.6180816E-03  0.2277278E-02  0.0000000E+00  0.0000000E+00  0.0000000E+00
  0.50000  0.18685  0.24294  0.25130  0.1291483E-01  0.5097411E-02  0.4576001E-02  0.4481947E-02  0.6063440E-02  0.6154647E-03  0.2275393E-02  0.0000000E+00  0.0000000E+00  0.0000000E+00
  0.50000  0.18680  0.24304  0.25140  0.1291814E-01  0.5090988E-02  0.4569588E-02  0.4477973E-02  0.6075036E-02  0.6130147E-03  0.2273519E-02  0.0000000E+00  0.0000000E+00  0.0000000E+00
  0.50000  0.18675  0.24315  0.25150  0.1292148E-01  0.5084718E-02  0.4563182E-02  0.4474003E-02  0.6086639E-02  0.6107154E-03  0.2271656E-02  0.0000000E+00  0.0000000E+00  0.0000000E+00
  0.50000  0.18670  0.24325  0.25160  0.1292484E-01  0.5078588E-02  0.4556782E-02  0.4470035E-02  0.6098250E-02  0.6085530E-03  0.2269805E-02  0.0000000E+00  0.0000000E+00  0.0000000E+00
  0.50000  0.18665  0.24335  0.25170  0.1292822E-01  0.5072586E-02  0.4550388E-02  0.4466070E-02  0.6109870E-02  0.6065153E-03  0.2267964E-02  0.0000000E+00  0.0000000E+00  0.0000000E+00
  0.50000  0.18660  0.24345  0.25180  0.1293163E-01  0.5066700E-02  0.4544001E-02  0.4462108E-02  0.6121499E-02  0.6045917E-03  0.2266135E-02  0.0000000E+00  0.0000000E+00  0.0000000E+00
  0.50000  0.18655  0.24356  0.25190  0.1293507E-01  0.5060922E-02  0.4537621E-02  0.4458149E-02  0.6133137E-02  0.6027729E-03  0.2264317E-02  0.0000000E+00  0.0000000E+00  0.0000000E+00
  0.50000  0.18650  0.24366  0.25200  0.1293854E-01  0.5055243E-02  0.4531246E-02  0.4454193E-02  0.6144785E-02  0.6010506E-03  0.2262510E-02  0.0000000E+00  0.0000000E+00  0.0000000E+00
  0.50000  0.18645  0.24376  0.25210  0.1294204E-01  0.5049657E-02  0.4524879E-02  0.4450239E-02  0.6156443E-02  0.5994173E-03  0.2260714E-02  0.0000000E+00  0.0000000E+00  0.0000000E+00
  0.50000  0.18640  0.24386  0.25220  0.1294556E-01  0.5044155E-02  0.4518518E-02  0.4446289E-02  0.6168112E-02  0.5978667E-03  0.2258929E-02  0.0000000E+00  0.0000000E+00  0.0000000E+00
  0.50000  0.18634  0.24396  0.25230  0.1294911E-01  0.5038734E-02  0.4512163E-02  0.4442341E-02  0.6179792E-02  0.5963929E-03  0.2257155E-02  0.0000000E+00  0.0000000E+00  0.0000000E+00
  0.50000  0.18629  0.24407  0.25240  0.1295269E-01  0.5033386E-02  0.4505815E-02  0.4438396E-02  0.6191483E-02  0.5949905E-03  0.2255392E-02  0.0000000E+00  0.0000000E+00  0.0000000E+00
  0.50000  0.18624  0.24417  0.25250  0.1295630E-01  0.5028108E-02  0.4499473E-02  0.4434453E-02  0.6203186E-02  0.5936549E-03  0.2253640E-02  0.0000000E+00  0.0000000E+00  0.0000000E+00
  0.50000  0.18619  0.24427  0.25260  0.1295994E-01  0.5022896E-02  0.4493137E-02  0.4430514E-02  0.6214900E-02  0.5923817E-03  0.2251899E-02  0.0000000E+00  0.0000000E+00  0.0000000E+00
  0.50000  0.18614  0.24437  0.25270  0.1296360E-01  0.5017745E-02  0.4486809E-02  0.4426578E-02  0.6226627E-02  0.5911671E-03  0.2250168E-02  0.0000000E+00  0.0000000E+00  0.0000000E+00
  0.50000  0.18609  0.24448  0.25280  0.1296730E-01  0.5012651E-02  0.4480486E-02  0.4422644E-02  0.6238365E-02  0.5900075E-03  0.2248449E-02  0.0000000E+00  0.0000000E+00  0.0000000E+00
  0.50000  0.18604  0.24458  0.25290  0.1297103E-01  0.5007613E-02  0.4474170E-02  0.4418713E-02  0.6250116E-02  0.5888997E-03  0.2246740E-02  0.0000000E+00  0.0000000E+00  0.0000000E+00
  0.50000  0.18599  0.24468  0.25300  0.1297478E-01  0.5002626E-02  0.4467861E-02  0.4414785E-02  0.6261879E-02  0.5878408E-03  0.2245042E-02  0.0000000E+00  0.0000000E+00  0.0000000E+00
  0.50000  0.18594  0.24478  0.25310  0.1297857E-01  0.4997688E-02  0.4461558E-02  0.4410860E-02  0.6273656E-02  0.5868281E-03  0.2243354E-02  0.0000000E+00  0.0000000E+00  0.0000000E+00
  0.50000  0.18589  0.24488  0.25320  0.1298238E-01  0.4992796E-02  0.4455261E-02  0.4406937E-02  0.6285445E-02  0.5858589E-03  0.2241677E-02  0.0000000E+00  0.0000000E+00  0.0000000E+00
  0.50000  0.18584  0.24499  0.25330  0.1298623E-01  0.4987949E-02  0.4448971E-02  0.4403018E-02  0.6297246E-02  0.5849312E-03  0.2240011E-02  0.0000000E+00  0.0000000E+00  0.0000000E+00
  0.50000  0.18579  0.24509  0.25340  0.1299010E-01  0.4983144E-02  0.4442687E-02  0.4399101E-02  0.6309061E-02  0.5840427E-03  0.2238355E-02  0.0000000E+00  0.0000000E+00  0.0000000E+00
  0.50000  0.18574  0.24519  0.25350  0.1299401E-01  0.4978379E-02  0.4436410E-02  0.4395187E-02  0.6320889E-02  0.5831916E-03  0.2236710E-02  0.0000000E+00  0.0000000E+00  0.0000000E+00
  0.50000  0.18569  0.24529  0.25360  0.1299795E-01  0.4973652E-02  0.4430139E-02  0.4391276E-02  0.6332731E-02  0.5823759E-03  0.2235075E-02  0.0000000E+00  0.0000000E+00  0.0000000E+00
  0.50000  0.18564  0.24540  0.25370  0.1300191E-01  0.4968962E-02  0.4423874E-02  0.4387368E-02  0.6344586E-02  0.5815941E-03  0.2233451E-02  0.0000000E+00  0.0000000E+00  0.0000000E+00
  0.50000  0.18559  0.24550  0.25380  0.1300591E-01  0.4964307E-02  0.4417616E-02  0.4383463E-02  0.6356454E-02  0.5808446E-03  0.2231838E-02  0.0000000E+00  0.0000000E+00  0.0000000E+00
  0.50000  0.18553  0.24560  0.25390  0.1300994E-01  0.4959686E-02  0.4411365E-02  0.4379560E-02  0.6368336E-02  0.5801258E-03  0.2230234E-02  0.0000000E+00  0.0000000E+00  0.0000000E+00
  0.50000  0.18548  0.24570  0.25400  0.1301399E-01  0.4955097E-02  0.4405120E-02  0.4375661E-02  0.6380232E-02  0.5794365E-03  0.2228641E-02  0.0000000E+00  0.0000000E+00  0.0000000E+00
  0.50000  0.18543  0.24581  0.25410  0.1301808E-01  0.4950539E-02  0.4398881E-02  0.4371764E-02  0.6392142E-02  0.5787755E-03  0.2227059E-02  0.0000000E+00  0.0000000E+00  0.0000000E+00
  0.50000  0.18538  0.24591  0.25420  0.1302220E-01  0.4946011E-02  0.4392648E-02  0.4367870E-02  0.6404065E-02  0.5781414E-03  0.2225486E-02  0.0000000E+00  0.0000000E+00  0.0000000E+00
  0.50000  0.18533  0.24601  0.25430  0.1302635E-01  0.4941512E-02  0.4386423E-02  0.4363979E-02  0.6416002E-02  0.5775332E-03  0.2223924E-02  0.0000000E+00  0.0000000E+00  0.0000000E+00
  0.50000  0.18528  0.24611  0.25440  0.1303053E-01  0.4937040E-02  0.4380203E-02  0.4360090E-02  0.6427954E-02  0.5769499E-03  0.2222373E-02  0.0000000E+00  0.0000000E+00  0.0000000E+00
  0.50000  0.18523  0.24621  0.25450  0.1303474E-01  0.4932596E-02  0.4373990E-02  0.4356205E-02  0.6439919E-02  0.5763905E-03  0.2220831E-02  0.0000000E+00  0.0000000E+00  0.0000000E+00
  0.50000  0.18518  0.24632  0.25460  0.1303898E-01  0.4928177E-02  0.4367784E-02  0.4352322E-02  0.6451898E-02  0.5758541E-03  0.2219299E-02  0.0000000E+00  0.0000000E+00  0.0000000E+00
  0.50000  0.18513  0.24642  0.25470  0.1304325E-01  0.4923782E-02  0.4361583E-02  0.4348443E-02  0.6463892E-02  0.5753397E-03  0.2217778E-02  0.0000000E+00  0.0000000E+00  0.0000000E+00
  0.50000  0.18508  0.24652  0.25480  0.1304756E-01  0.4919412E-02  0.4355390E-02  0.4344566E-02  0.6475900E-02  0.5748466E-03  0.2216267E-02  0.0000000E+00  0.0000000E+00  0.0000000E+00
  0.50000  0.18503  0.24662  0.25490  0.1305189E-01  0.4915066E-02  0.4349202E-02  0.4340692E-02  0.6487922E-02  0.5743741E-03  0.2214766E-02  0.0000000E+00  0.0000000E+00  0.0000000E+00
  0.50000  0.18498  0.24673  0.25500  0.1308059E-01  0.5015191E-02  0.4343021E-02  0.4336821E-02  0.6524292E-02  0.6783703E-03  0.2213274E-02  0.0000000E+00  0.0000000E+00  0.0000000E+00
  0.50000  0.18492  0.24683  0.25510  0.1308550E-01  0.5007784E-02  0.4336847E-02  0.4332952E-02  0.6536858E-02  0.6748322E-03  0.2211793E-02  0.0000000E+00  0.0000000E+00  0.0000000E+00
  0.50000  0.18487  0.24693  0.25520  0.1309042E-01  0.5000645E-02  0.4330678E-02  0.4329087E-02  0.6549415E-02  0.6715582E-03  0.2210322E-02  0.0000000E+00  0.0000000E+00  0.0000000E+00
  0.50000  0.18482  0.24703  0.25530  0.1309534E-01  0.4993742E-02  0.4324517E-02  0.4325224E-02  0.6561966E-02  0.6685179E-03  0.2208860E-02  0.0000000E+00  0.0000000E+00  0.0000000E+00
  0.50000  0.18477  0.24714  0.25540  0.1310028E-01  0.4987050E-02  0.4318361E-02  0.4321364E-02  0.6574512E-02  0.6656858E-03  0.2207409E-02  0.0000000E+00  0.0000000E+00  0.0000000E+00
  0.50000  0.18472  0.24724  0.25550  0.1310524E-01  0.4980548E-02  0.4312212E-02  0.4317507E-02  0.6587056E-02  0.6630403E-03  0.2205967E-02  0.0000000E+00  0.0000000E+00  0.0000000E+00
  0.50000  0.18467  0.24734  0.25560  0.1311020E-01  0.4974216E-02  0.4306070E-02  0.4313653E-02  0.6599600E-02  0.6605628E-03  0.2204535E-02  0.0000000E+00  0.0000000E+00  0.0000000E+00
  0.50000  0.18462  0.24744  0.25570  0.1311519E-01  0.4968039E-02  0.4299934E-02  0.4309802E-02  0.6612144E-02  0.6582373E-03  0.2203113E-02  0.0000000E+00  0.0000000E+00  0.0000000E+00
  0.50000  0.18457  0.24754  0.25580  0.1312020E-01  0.4962003E-02  0.4293804E-02  0.4305954E-02  0.6624691E-02  0.6560499E-03  0.2201701E-02  0.0000000E+00  0.0000000E+00  0.0000000E+00
  0.50000  0.18452  0.24765  0.25590  0.1312522E-01  0.4956097E-02  0.4287680E-02  0.4302108E-02  0.6637240E-02  0.6539886E-03  0.2200298E-02  0.0000000E+00  0.0000000E+00  0.0000000E+00
  0.50000  0.18446  0.24775  0.25600  0.1313026E-01  0.4950308E-02  0.4281563E-02  0.4298265E-02  0.6649795E-02  0.6520427E-03  0.2198905E-02  0.0000000E+00  0.0000000E+00  0.0000000E+00
  0.50000  0.18441  0.24785  0.25610  0.1313533E-01  0.4944628E-02  0.4275453E-02  0.4294425E-02  0.6662354E-02  0.6502028E-03  0.2197522E-02  0.0000000E+00  0.0000000E+00  0.0000000E+00
  0.50000  0.18436  0.24795  0.25620  0.1314042E-01  0.4939049E-02  0.4269348E-02  0.4290588E-02  0.6674919E-02  0.6484609E-03  0.2196148E-02  0.0000000E+00  0.0000000E+00  0.0000000E+00
  0.50000  0.18431  0.24806  0.25630  0.1314553E-01  0.4933564E-02  0.4263250E-02  0.4286754E-02  0.6687491E-02  0.6468093E-03  0.2194784E-02  0.0000000E+00  0.0000000E+00  0.0000000E+00
  0.50000  0.18426  0.24816  0.25640  0.1315066E-01  0.4928165E-02  0.4257159E-02  0.4282923E-02  0.6700070E-02  0.6452417E-03  0.2193429E-02  0.0000000E+00  0.0000000E+00  0.0000000E+00
  0.50000  0.18421  0.24826  0.25650  0.1315582E-01  0.4922847E-02  0.4251074E-02  0.4279094E-02  0.6712657E-02  0.6437521E-03  0.2192084E-02  0.0000000E+00  0.0000000E+00  0.0000000E+00
  0.50000  0.18416  0.24836  0.25660  0.1316100E-01  0.4917604E-02  0.4244995E-02  0.4275269E-02  0.6725253E-02  0.6423352E-03  0.2190748E-02  0.0000000E+00  0.0000000E+00  0.0000000E+00
  0.50000  0.18411  0.24846  0.25670  0.1316620E-01  0.4912432E-02  0.4238923E-02  0.4271446E-02  0.6737857E-02  0.6409863E-03  0.2189422E-02  0.0000000E+00  0.0000000E+00  0.0000000E+00
  0.50000  0.18405  0.24857  0.25680  0.1317143E-01  0.4907327E-02  0.4232857E-02  0.4267626E-02  0.6750471E-02  0.6397010E-03  0.2188105E-02  0.0000000E+00  0.0000000E+00  0.0000000E+00
  0.50000  0.18400  0.24867  0.25690  0.1317669E-01  0.4902284E-02  0.4226797E-02  0.4263809E-02  0.6763094E-02  0.6384754E-03  0.2186797E-02  0.0000000E+00  0.0000000E+00  0.0000000E+00
  0.50000  0.18395  0.24877  0.25700  0.1318197E-01  0.4897301E-02  0.4220744E-02  0.4259995E-02  0.6775727E-02  0.6373059E-03  0.2185499E-02  0.0000000E+00  0.0000000E+00  0.0000000E+00
  0.50000  0.18390  0.24887  0.25710  0.1318728E-01  0.4892373E-02  0.4214697E-02  0.4256184E-02  0.6788371E-02  0.6361893E-03  0.2184210E-02  0.0000000E+00  0.0000000E+00  0.0000000E+00
  0.50000  0.18385  0.24898  0.25720  0.1319261E-01  0.4887498E-02  0.4208656E-02  0.4252375E-02  0.6801025E-02  0.6351227E-03  0.2182930E-02  0.0000000E+00  0.0000000E+00  0.0000000E+00
  0.50000  0.18380  0.24908  0.25730  0.1319797E-01  0.4882673E-02  0.4202622E-02  0.4248569E-02  0.6813690E-02  0.6341032E-03  0.2181659E-02  0.0000000E+00  0.0000000E+00  0.0000000E+00
  0.50000  0.18375  0.24918  0.25740  0.1320336E-01  0.4877895E-02  0.4196594E-02  0.4244767E-02  0.6826367E-02  0.6331283E-03  0.2180398E-02  0.0000000E+00  0.0000000E+00  0.0000000E+00
  0.50000  0.18369  0.24928  0.25750  0.1320877E-01  0.4873162E-02  0.4190572E-02  0.4240967E-02  0.6839055E-02  0.6321958E-03  0.2179145E-02  0.0000000E+00  0.0000000E+00  0.0000000E+00
  0.50000  0.18364  0.24939  0.25760  0.1321421E-01  0.4868473E-02  0.4184557E-02  0.4237170E-02  0.6851754E-02  0.6313034E-03  0.2177902E-02  0.0000000E+00  0.0000000E+00  0.0000000E+00
  0.50000  0.18359  0.24949  0.25770  0.1321968E-01  0.4863825E-02  0.4178548E-02  0.4233375E-02  0.6864466E-02  0.6304493E-03  0.2176668E-02  0.0000000E+00  0.0000000E+00  0.0000000E+00
  0.50000  0.18354  0.24959  0.25780  0.1322518E-01  0.4859215E-02  0.4172545E-02  0.4229584E-02  0.6877190E-02  0.6296315E-03  0.2175443E-02  0.0000000E+00  0.0000000E+00  0.0000000E+00
  0.50000  0.18349  0.24969  0.25790  0.1323070E-01  0.4854644E-02  0.4166549E-02  0.4225795E-02  0.6889925E-02  0.6288484E-03  0.2174227E-02  0.0000000E+00  0.0000000E+00  0.0000000E+00
  0.50000  0.18344  0.24979  0.25800  0.1323625E-01  0.4850108E-02  0.4160559E-02  0.4222010E-02  0.6902674E-02  0.6280984E-03  0.2173019E-02  0.0000000E+00  0.0000000E+00  0.0000000E+00
  0.50000  0.18338  0.24990  0.25810  0.1324183E-01  0.4845607E-02  0.4154576E-02  0.4218227E-02  0.6915434E-02  0.6273800E-03  0.2171821E-02  0.0000000E+00  0.0000000E+00  0.0000000E+00
  0.50000  0.18333  0.25000  0.25820  0.1324744E-01  0.4841139E-02  0.4148598E-02  0.4214447E-02  0.6928208E-02  0.6266919E-03  0.2170632E-02  0.0000000E+00  0.0000000E+00  0.0000000E+00
  0.50000  0.18328  0.25010  0.25830  0.1325307E-01  0.4836702E-02  0.4142627E-02  0.4210670E-02  0.6940994E-02  0.6260327E-03  0.2169451E-02  0.0000000E+00  0.0000000E+00  0.0000000E+00
  0.50000  0.18323  0.25020  0.25840  0.1325874E-01  0.4832296E-02  0.4136663E-02  0.4206895E-02  0.6953794E-02  0.6254012E-03  0.2168279E-02  0.0000000E+00  0.0000000E+00  0.0000000E+00
  0.50000  0.18318  0.25031  0.25850  0.1326443E-01  0.4827920E-02  0.4130704E-02  0.4203124E-02  0.6966606E-02  0.6247964E-03  0.2167116E-02  0.0000000E+00  0.0000000E+00  0.0000000E+00
  0.50000  0.18313  0.25041  0.25860  0.1327015E-01  0.4823572E-02  0.4124752E-02  0.4199355E-02  0.6979432E-02  0.6242170E-03  0.2165962E-02  0.0000000E+00  0.0000000E+00  0.0000000E+00
  0.50000  0.18307  0.25051  0.25870  0.1327589E-01  0.4819252E-02  0.4118807E-02  0.4195589E-02  0.6992271E-02  0.6236623E-03  0.2164816E-02  0.0000000E+00  0.0000000E+00  0.0000000E+00
  0.50000  0.18302  0.25061  0.25880  0.1328167E-01  0.4814958E-02  0.4112867E-02  0.4191827E-02  0.7005123E-02  0.6231312E-03  0.2163680E-02  0.0000000E+00  0.0000000E+00  0.0000000E+00
  0.50000  0.18297  0.25072  0.25890  0.1328747E-01  0.4810689E-02  0.4106934E-02  0.4188066E-02  0.7017989E-02  0.6226228E-03  0.2162551E-02  0.0000000E+00  0.0000000E+00  0.0000000E+00
  0.50000  0.18292  0.25082  0.25900  0.1329331E-01  0.4806446E-02  0.4101007E-02  0.4184309E-02  0.7030868E-02  0.6221363E-03  0.2161432E-02  0.0000000E+00  0.0000000E+00  0.0000000E+00
  0.50000  0.18287  0.25092  0.25910  0.1331829E-01  0.4911508E-02  0.4095087E-02  0.4180555E-02  0.7062883E-02  0.7309532E-03  0.2160321E-02  0.0000000E+00  0.0000000E+00  0.0000000E+00
  0.50000  0.18282  0.25102  0.25920  0.1332486E-01  0.4903954E-02  0.4089173E-02  0.4176803E-02  0.7076466E-02  0.7271504E-03  0.2159218E-02  0.0000000E+00  0.0000000E+00  0.0000000E+00
  0.50000  0.18276  0.25112  0.25930  0.1333142E-01  0.4896695E-02  0.4083265E-02  0.4173055E-02  0.7090026E-02  0.7236403E-03  0.2158124E-02  0.0000000E+00  0.0000000E+00  0.0000000E+00
  0.50000  0.18271  0.25123  0.25940  0.1333797E-01  0.4889697E-02  0.4077363E-02  0.4169309E-02  0.7103567E-02  0.7203884E-03  0.2157038E-02  0.0000000E+00  0.0000000E+00  0.0000000E+00
  0.50000  0.18266  0.25133  0.25950  0.1334452E-01  0.4882931E-02  0.4071468E-02  0.4165566E-02  0.7117093E-02  0.7173656E-03  0.2155961E-02  0.0000000E+00  0.0000000E+00  0.0000000E+00
  0.50000  0.18261  0.25143  0.25960  0.1335108E-01  0.4876373E-02  0.4065579E-02  0.4161826E-02  0.7130607E-02  0.7145476E-03  0.2154892E-02  0.0000000E+00  0.0000000E+00  0.0000000E+00
  0.50000  0.18256  0.25153  0.25970  0.1335764E-01  0.4870002E-02  0.4059696E-02  0.4158088E-02  0.7144112E-02  0.7119135E-03  0.2153832E-02  0.0000000E+00  0.0000000E+00  0.0000000E+00
  0.50000  0.18250  0.25164  0.25980  0.1336421E-01  0.4863799E-02  0.4053819E-02  0.4154354E-02  0.7157609E-02  0.7094452E-03  0.2152780E-02  0.0000000E+00  0.0000000E+00  0.0000000E+00
  0.50000  0.18245  0.25174  0.25990  0.1337079E-01  0.4857750E-02  0.4047949E-02  0.4150622E-02  0.7171102E-02  0.7071274E-03  0.2151736E-02  0.0000000E+00  0.0000000E+00  0.0000000E+00
  0.50000  0.18240  0.25184  0.26000  0.1337738E-01  0.4851840E-02  0.4042085E-02  0.4146894E-02  0.7184592E-02  0.7049466E-03  0.2150700E-02  0.0000000E+00  0.0000000E+00  0.0000000E+00
  0.50000  0.18235  0.25194  0.26010  0.1338398E-01  0.4846059E-02  0.4036227E-02  0.4143168E-02  0.7198081E-02  0.7028910E-03  0.2149673E-02  0.0000000E+00  0.0000000E+00  0.0000000E+00
  0.50000  0.18230  0.25205  0.26020  0.1339060E-01  0.4840395E-02  0.4030376E-02  0.4139445E-02  0.7211569E-02  0.7009502E-03  0.2148654E-02  0.0000000E+00  0.0000000E+00  0.0000000E+00
  0.50000  0.18224  0.25215  0.26030  0.1339723E-01  0.4834840E-02  0.4024531E-02  0.4135724E-02  0.7225059E-02  0.6991151E-03  0.2147643E-02  0.0000000E+00  0.0000000E+00  0.0000000E+00
  0.50000  0.18219  0.25225  0.26040  0.1340388E-01  0.4829385E-02  0.4018692E-02  0.4132007E-02  0.7238551E-02  0.6973777E-03  0.2146640E-02  0.0000000E+00  0.0000000E+00  0.0000000E+00
  0.50000  0.18214  0.25235  0.26050  0.1341055E-01  0.4824023E-02  0.4012859E-02  0.4128292E-02  0.7252046E-02  0.6957306E-03  0.2145645E-02  0.0000000E+00  0.0000000E+00  0.0000000E+00
  0.50000  0.18209  0.25246  0.26060  0.1341724E-01  0.4818748E-02  0.4007033E-02  0.4124581E-02  0.7265545E-02  0.6941675E-03  0.2144658E-02  0.0000000E+00  0.0000000E+00  0.0000000E+00
  0.50000  0.18204  0.25256  0.26070  0.1342394E-01  0.4813554E-02  0.4001212E-02  0.4120872E-02  0.7279050E-02  0.6926825E-03  0.2143679E-02  0.0000000E+00  0.0000000E+00  0.0000000E+00
  0.50000  0.18198  0.25266  0.26080  0.1343067E-01  0.4808436E-02  0.3995398E-02  0.4117166E-02  0.7292560E-02  0.6912705E-03  0.2142708E-02  0.0000000E+00  0.0000000E+00  0.0000000E+00
  0.50000  0.18193  0.25276  0.26090  0.1343741E-01  0.4803389E-02  0.3989591E-02  0.4113463E-02  0.7306076E-02  0.6899266E-03  0.2141745E-02  0.0000000E+00  0.0000000E+00  0.0000000E+00
  0.50000  0.18188  0.25286  0.26100  0.1344418E-01  0.4798409E-02  0.3983789E-02  0.4109762E-02  0.7319600E-02  0.6886467E-03  0.2140790E-02  0.0000000E+00  0.0000000E+00  0.0000000E+00
  0.50000  0.18183  0.25297  0.26110  0.1345097E-01  0.4793492E-02  0.3977994E-02  0.4106065E-02  0.7333131E-02  0.6874269E-03  0.2139843E-02  0.0000000E+00  0.0000000E+00  0.0000000E+00
  0.50000  0.18177  0.25307  0.26120  0.1345778E-01  0.4788634E-02  0.3972205E-02  0.4102370E-02  0.7346670E-02  0.6862636E-03  0.2138903E-02  0.0000000E+00  0.0000000E+00  0.0000000E+00
  0.50000  0.18172  0.25317  0.26130  0.1346461E-01  0.4783832E-02  0.3966422E-02  0.4098678E-02  0.7360217E-02  0.6851536E-03  0.2137972E-02  0.0000000E+00  0.0000000E+00  0.0000000E+00
  0.50000  0.18167  0.25327  0.26140  0.1347147E-01  0.4779083E-02  0.3960645E-02  0.4094989E-02  0.7373773E-02  0.6840939E-03  0.2137048E-02  0.0000000E+00  0.0000000E+00  0.0000000E+00
  0.50000  0.18162  0.25338  0.26150  0.1347835E-01  0.4774385E-02  0.3954875E-02  0.4091303E-02  0.7387339E-02  0.6830817E-03  0.2136132E-02  0.0000000E+00  0.0000000E+00  0.0000000E+00
  0.50000  0.18157  0.25348  0.26160  0.1348525E-01  0.4769734E-02  0.3949111E-02  0.4087620E-02  0.7400914E-02  0.6821147E-03  0.2135224E-02  0.0000000E+00  0.0000000E+00  0.0000000E+00
  0.50000  0.18151  0.25358  0.26170  0.1349217E-01  0.4765130E-02  0.3943353E-02  0.4083939E-02  0.7414499E-02  0.6811905E-03  0.2134323E-02  0.0000000E+00  0.0000000E+00  0.0000000E+00
  0.50000  0.18146  0.25368  0.26180  0.1349913E-01  0.4760568E-02  0.3937601E-02  0.4080262E-02  0.7428095E-02  0.6803069E-03  0.2133430E-02  0.0000000E+00  0.0000000E+00  0.0000000E+00
  0.50000  0.18141  0.25379  0.26190  0.1350610E-01  0.4756049E-02  0.3931855E-02  0.4076587E-02  0.7441701E-02  0.6794619E-03  0.2132544E-02  0.0000000E+00  0.0000000E+00  0.0000000E+00
  0.50000  0.18136  0.25389  0.26200  0.1351310E-01  0.4751569E-02  0.3926116E-02  0.4072915E-02  0.7455318E-02  0.6786538E-03  0.2131666E-02  0.0000000E+00  0.0000000E+00  0.0000000E+00
  0.50000  0.18130  0.25399  0.26210  0.1352012E-01  0.4747126E-02  0.3920383E-02  0.4069246E-02  0.7468945E-02  0.6778809E-03  0.2130796E-02  0.0000000E+00  0.0000000E+00  0.0000000E+00
  0.50000  0.18125  0.25409  0.26220  0.1352717E-01  0.4742721E-02  0.3914656E-02  0.4065579E-02  0.7482585E-02  0.6771415E-03  0.2129933E-02  0.0000000E+00  0.0000000E+00  0.0000000E+00
  0.50000  0.18120  0.25419  0.26230  0.1353425E-01  0.4738350E-02  0.3908935E-02  0.4061916E-02  0.7496235E-02  0.6764341E-03  0.2129077E-02  0.0000000E+00  0.0000000E+00  0.0000000E+00
  0.50000  0.18115  0.25430  0.26240  0.1354135E-01  0.4734012E-02  0.3903221E-02  0.4058255E-02  0.7509898E-02  0.6757575E-03  0.2128229E-02  0.0000000E+00  0.0000000E+00  0.0000000E+00
  0.50000  0.18109  0.25440  0.26250  0.1354847E-01  0.4729707E-02  0.3897512E-02  0.4054597E-02  0.7523572E-02  0.6751102E-03  0.2127388E-02  0.0000000E+00  0.0000000E+00  0.0000000E+00
  0.50000  0.18104  0.25450  0.26260  0.1355562E-01  0.4725433E-02  0.3891810E-02  0.4050942E-02  0.7537258E-02  0.6744912E-03  0.2126555E-02  0.0000000E+00  0.0000000E+00  0.0000000E+00
  0.50000  0.18099  0.25460  0.26270  0.1356280E-01  0.4721189E-02  0.3886114E-02  0.4047290E-02  0.7550957E-02  0.6738991E-03  0.2125728E-02  0.0000000E+00  0.0000000E+00  0.0000000E+00
  0.50000  0.18094  0.25471  0.26280  0.1357000E-01  0.4716974E-02  0.3880424E-02  0.4043640E-02  0.7564668E-02  0.6733331E-03  0.2124910E-02  0.0000000E+00  0.0000000E+00  0.0000000E+00
  0.50000  0.18088  0.25481  0.26290  0.1357723E-01  0.4712786E-02  0.3874740E-02  0.4039994E-02  0.7578391E-02  0.6727921E-03  0.2124098E-02  0.0000000E+00  0.0000000E+00  0.0000000E+00
  0.50000  0.18083  0.25491  0.26300  0.1358448E-01  0.4708625E-02  0.3869062E-02  0.4036350E-02  0.7592127E-02  0.6722750E-03  0.2123294E-02  0.0000000E+00  0.0000000E+00  0.0000000E+00
  0.50000  0.18078  0.25501  0.26310  0.1359176E-01  0.4704490E-02  0.3863391E-02  0.4032709E-02  0.7605876E-02  0.6717812E-03  0.2122496E-02  0.0000000E+00  0.0000000E+00  0.0000000E+00
  0.50000  0.18073  0.25512  0.26320  0.1359907E-01  0.4700381E-02  0.3857726E-02  0.4029071E-02  0.7619638E-02  0.6713097E-03  0.2121706E-02  0.0000000E+00  0.0000000E+00  0.0000000E+00
  0.50000  0.18067  0.25522  0.26330  0.1362115E-01  0.4806053E-02  0.3852067E-02  0.4025436E-02  0.7648163E-02  0.7806166E-03  0.2120923E-02  0.0000000E+00  0.0000000E+00  0.0000000E+00
  0.50000  0.18062  0.25532  0.26340  0.1362930E-01  0.4798714E-02  0.3846414E-02  0.4021803E-02  0.7662739E-02  0.7769106E-03  0.2120147E-02  0.0000000E+00  0.0000000E+00  0.0000000E+00
  0.50000  0.18057  0.25542  0.26350  0.1363743E-01  0.4791658E-02  0.3840767E-02  0.4018174E-02  0.7677282E-02  0.7734838E-03  0.2119378E-02  0.0000000E+00  0.0000000E+00  0.0000000E+00
  0.50000  0.18052  0.25553  0.26360  0.1364554E-01  0.4784851E-02  0.3835126E-02  0.4014547E-02  0.7691799E-02  0.7703043E-03  0.2118617E-02  0.0000000E+00  0.0000000E+00  0.0000000E+00
  0.50000  0.18046  0.25563  0.26370  0.1365365E-01  0.4778268E-02  0.3829492E-02  0.4010923E-02  0.7706293E-02  0.7673451E-03  0.2117862E-02  0.0000000E+00  0.0000000E+00  0.0000000E+00
  0.50000  0.18041  0.25573  0.26380  0.1366175E-01  0.4771885E-02  0.3823863E-02  0.4007302E-02  0.7720770E-02  0.7645834E-03  0.2117114E-02  0.0000000E+00  0.0000000E+00  0.0000000E+00
  0.50000  0.18036  0.25583  0.26390  0.1366984E-01  0.4765683E-02  0.3818241E-02  0.4003683E-02  0.7735231E-02  0.7619996E-03  0.2116373E-02  0.0000000E+00  0.0000000E+00  0.0000000E+00
  0.50000  0.18030  0.25593  0.26400  0.1367794E-01  0.4759645E-02  0.3812625E-02  0.4000068E-02  0.7749680E-02  0.7595767E-03  0.2115638E-02  0.0000000E+00  0.0000000E+00  0.0000000E+00
  0.50000  0.18025  0.25604  0.26410  0.1368605E-01  0.4753755E-02  0.3807014E-02  0.3996455E-02  0.7764120E-02  0.7573001E-03  0.2114911E-02  0.0000000E+00  0.0000000E+00  0.0000000E+00
  0.50000  0.18020  0.25614  0.26420  0.1369415E-01  0.4748002E-02  0.3801411E-02  0.3992845E-02  0.7778552E-02  0.7551571E-03  0.2114190E-02  0.0000000E+00  0.0000000E+00  0.0000000E+00
  0.50000  0.18015  0.25624  0.26430  0.1370227E-01  0.4742375E-02  0.3795813E-02  0.3989238E-02  0.7792979E-02  0.7531364E-03  0.2113476E-02  0.0000000E+00  0.0000000E+00  0.0000000E+00
  0.50000  0.18009  0.25634  0.26440  0.1371039E-01  0.4736862E-02  0.3790221E-02  0.3985634E-02  0.7807402E-02  0.7512282E-03  0.2112769E-02  0.0000000E+00  0.0000000E+00  0.0000000E+00
  0.50000  0.18004  0.25645  0.26450  0.1371853E-01  0.4731456E-02  0.3784635E-02  0.3982032E-02  0.7821823E-02  0.7494236E-03  0.2112069E-02  0.0000000E+00  0.0000000E+00  0.0000000E+00
  0.50000  0.17999  0.25655  0.26460  0.1372667E-01  0.4726149E-02  0.3779056E-02  0.3978434E-02  0.7836243E-02  0.7477150E-03  0.2111375E-02  0.0000000E+00  0.0000000E+00  0.0000000E+00
  0.50000  0.17993  0.25665  0.26470  0.1373483E-01  0.4720933E-02  0.3773482E-02  0.3974838E-02  0.7850664E-02  0.7460955E-03  0.2110688E-02  0.0000000E+00  0.0000000E+00  0.0000000E+00
  0.50000  0.17988  0.25675  0.26480  0.1374301E-01  0.4715803E-02  0.3767915E-02  0.3971245E-02  0.7865085E-02  0.7445586E-03  0.2110008E-02  0.0000000E+00  0.0000000E+00  0.0000000E+00
  0.50000  0.17983  0.25686  0.26490  0.1375120E-01  0.4710753E-02  0.3762354E-02  0.3967654E-02  0.7879509E-02  0.7430990E-03  0.2109334E-02  0.0000000E+00  0.0000000E+00  0.0000000E+00
  0.50000  0.17977  0.25696  0.26500  0.1375940E-01  0.4705778E-02  0.3756799E-02  0.3964067E-02  0.7893937E-02  0.7417115E-03  0.2108666E-02  0.0000000E+00  0.0000000E+00  0.0000000E+00
  0.50000  0.17972  0.25706  0.26510  0.1376762E-01  0.4700874E-02  0.3751250E-02  0.3960482E-02  0.7908369E-02  0.7403915E-03  0.2108005E-02  0.0000000E+00  0.0000000E+00  0.0000000E+00
  0.50000  0.17967  0.25716  0.26520  0.1377586E-01  0.4696035E-02  0.3745706E-02  0.3956900E-02  0.7922805E-02  0.7391349E-03  0.2107351E-02  0.0000000E+00  0.0000000E+00  0.0000000E+00
  0.50000  0.17962  0.25727  0.26530  0.1378412E-01  0.4691259E-02  0.3740170E-02  0.3953321E-02  0.7937247E-02  0.7379380E-03  0.2106703E-02  0.0000000E+00  0.0000000E+00  0.0000000E+00
  0.50000  0.17956  0.25737  0.26540  0.1379239E-01  0.4686542E-02  0.3734639E-02  0.3949745E-02  0.7951695E-02  0.7367972E-03  0.2106061E-02  0.0000000E+00  0.0000000E+00  0.0000000E+00
  0.50000  0.17951  0.25747  0.26550  0.1380069E-01  0.4681881E-02  0.3729114E-02  0.3946172E-02  0.7966150E-02  0.7357094E-03  0.2105426E-02  0.0000000E+00  0.0000000E+00  0.0000000E+00
  0.50000  0.17946  0.25757  0.26560  0.1380900E-01  0.4677273E-02  0.3723595E-02  0.3942601E-02  0.7980612E-02  0.7346718E-03  0.2104797E-02  0.0000000E+00  0.0000000E+00  0.0000000E+00
  0.50000  0.17940  0.25768  0.26570  0.1381734E-01  0.4672715E-02  0.3718082E-02  0.3939033E-02  0.7995081E-02  0.7336816E-03  0.2104174E-02  0.0000000E+00  0.0000000E+00  0.0000000E+00
  0.50000  0.17935  0.25778  0.26580  0.1382569E-01  0.4668204E-02  0.3712576E-02  0.3935468E-02  0.8009559E-02  0.7327364E-03  0.2103558E-02  0.0000000E+00  0.0000000E+00  0.0000000E+00
  0.50000  0.17930  0.25788  0.26590  0.1383407E-01  0.4663740E-02  0.3707075E-02  0.3931906E-02  0.8024046E-02  0.7318340E-03  0.2102948E-02  0.0000000E+00  0.0000000E+00  0.0000000E+00
  0.50000  0.17924  0.25798  0.26600  0.1384246E-01  0.4659318E-02  0.3701581E-02  0.3928346E-02  0.8038541E-02  0.7309722E-03  0.2102344E-02  0.0000000E+00  0.0000000E+00  0.0000000E+00
  0.50000  0.17919  0.25808  0.26610  0.1385088E-01  0.4654939E-02  0.3696092E-02  0.3924790E-02  0.8053045E-02  0.7301490E-03  0.2101746E-02  0.0000000E+00  0.0000000E+00  0.0000000E+00
  0.50000  0.17914  0.25819  0.26620  0.1385932E-01  0.4650598E-02  0.3690610E-02  0.3921236E-02  0.8067559E-02  0.7293628E-03  0.2101154E-02  0.0000000E+00  0.0000000E+00  0.0000000E+00
  0.50000  0.17908  0.25829  0.26630  0.1386779E-01  0.4646296E-02  0.3685133E-02  0.3917684E-02  0.8082083E-02  0.7286118E-03  0.2100568E-02  0.0000000E+00  0.0000000E+00  0.0000000E+00
  0.50000  0.17903  0.25839  0.26640  0.1387627E-01  0.4642030E-02  0.3679663E-02  0.3914136E-02  0.8096617E-02  0.7278944E-03  0.2099989E-02  0.0000000E+00  0.0000000E+00  0.0000000E+00
  0.50000  0.17898  0.25849  0.26650  0.1388478E-01  0.4637800E-02  0.3674198E-02  0.3910591E-02  0.8111162E-02  0.7272092E-03  0.2099415E-02  0.0000000E+00  0.0000000E+00  0.0000000E+00
  0.50000  0.17892  0.25860  0.26660  0.1389331E-01  0.4633603E-02  0.3668740E-02  0.3907048E-02  0.8125717E-02  0.7265548E-03  0.2098848E-02  0.0000000E+00  0.0000000E+00  0.0000000E+00
  0.50000  0.17887  0.25870  0.26670  0.1390186E-01  0.4629438E-02  0.3663288E-02  0.3903508E-02  0.8140283E-02  0.7259299E-03  0.2098286E-02  0.0000000E+00  0.0000000E+00  0.0000000E+00
  0.50000  0.17882  0.25880  0.26680  0.1391043E-01  0.4625304E-02  0.3657841E-02  0.3899971E-02  0.8154861E-02  0.7253334E-03  0.2097731E-02  0.0000000E+00  0.0000000E+00  0.0000000E+00
  0.50000  0.17876  0.25890  0.26690  0.1391903E-01  0.4621200E-02  0.3652401E-02  0.3896436E-02  0.8169449E-02  0.7247641E-03  0.2097181E-02  0.0000000E+00  0.0000000E+00  0.0000000E+00
  0.50000  0.17871  0.25901  0.26700  0.1392765E-01  0.4617126E-02  0.3646967E-02  0.3892905E-02  0.8184049E-02  0.7242210E-03  0.2096637E-02  0.0000000E+00  0.0000000E+00  0.0000000E+00
  0.50000  0.17866  0.25911  0.26710  0.1393630E-01  0.4613079E-02  0.3641538E-02  0.3889376E-02  0.8198661E-02  0.7237030E-03  0.2096099E-02  0.0000000E+00  0.0000000E+00  0.0000000E+00
  0.50000  0.17860  0.25921  0.26720  0.1394497E-01  0.4609059E-02  0.3636116E-02  0.3885850E-02  0.8213285E-02  0.7232093E-03  0.2095567E-02  0.0000000E+00  0.0000000E+00  0.0000000E+00
  0.50000  0.17855  0.25931  0.26730  0.1395366E-01  0.4605065E-02  0.3630700E-02  0.3882326E-02  0.8227920E-02  0.7227389E-03  0.2095041E-02  0.0000000E+00  0.0000000E+00  0.0000000E+00
  0.50000  0.17850  0.25942  0.26740  0.1397221E-01  0.4713812E-02  0.3625289E-02  0.3878806E-02  0.8252404E-02  0.8350068E-03  0.2094520E-02  0.0000000E+00  0.0000000E+00  0.0000000E+00
  0.50000  0.17844  0.25952  0.26750  0.1398188E-01  0.4706444E-02  0.3619885E-02  0.3875288E-02  0.8267994E-02  0.8311562E-03  0.2094005E-02  0.0000000E+00  0.0000000E+00  0.0000000E+00
  0.50000  0.17839  0.25962  0.26760  0.1399152E-01  0.4699374E-02  0.3614486E-02  0.3871773E-02  0.8283539E-02  0.8276010E-03  0.2093496E-02  0.0000000E+00  0.0000000E+00  0.0000000E+00
  0.50000  0.17834  0.25972  0.26770  0.1400113E-01  0.4692568E-02  0.3609094E-02  0.3868261E-02  0.8299045E-02  0.8243071E-03  0.2092992E-02  0.0000000E+00  0.0000000E+00  0.0000000E+00
  0.50000  0.17828  0.25983  0.26780  0.1401072E-01  0.4685997E-02  0.3603708E-02  0.3864751E-02  0.8314520E-02  0.8212457E-03  0.2092494E-02  0.0000000E+00  0.0000000E+00  0.0000000E+00
  0.50000  0.17823  0.25993  0.26790  0.1402030E-01  0.4679637E-02  0.3598327E-02  0.3861245E-02  0.8329968E-02  0.8183922E-03  0.2092002E-02  0.0000000E+00  0.0000000E+00  0.0000000E+00
  0.50000  0.17818  0.26003  0.26800  0.1402986E-01  0.4673466E-02  0.3592953E-02  0.3857741E-02  0.8345392E-02  0.8157258E-03  0.2091515E-02  0.0000000E+00  0.0000000E+00  0.0000000E+00
  0.50000  0.17812  0.26013  0.26810  0.1403941E-01  0.4667468E-02  0.3587584E-02  0.3854239E-02  0.8360797E-02  0.8132285E-03  0.2091033E-02  0.0000000E+00  0.0000000E+00  0.0000000E+00
  0.50000  0.17807  0.26023  0.26820  0.1404897E-01  0.4661626E-02  0.3582221E-02  0.3850741E-02  0.8376187E-02  0.8108848E-03  0.2090558E-02  0.0000000E+00  0.0000000E+00  0.0000000E+00
  0.50000  0.17802  0.26034  0.26830  0.1405851E-01  0.4655927E-02  0.3576865E-02  0.3847245E-02  0.8391562E-02  0.8086812E-03  0.2090087E-02  0.0000000E+00  0.0000000E+00  0.0000000E+00
  0.50000  0.17796  0.26044  0.26840  0.1406806E-01  0.4650358E-02  0.3571514E-02  0.3843752E-02  0.8406928E-02  0.8066057E-03  0.2089622E-02  0.0000000E+00  0.0000000E+00  0.0000000E+00
  0.50000  0.17791  0.26054  0.26850  0.1407762E-01  0.4644910E-02  0.3566169E-02  0.3840262E-02  0.8422284E-02  0.8046478E-03  0.2089162E-02  0.0000000E+00  0.0000000E+00  0.0000000E+00
  0.50000  0.17785  0.26064  0.26860  0.1408717E-01  0.4639574E-02  0.3560830E-02  0.3836775E-02  0.8437634E-02  0.8027985E-03  0.2088708E-02  0.0000000E+00  0.0000000E+00  0.0000000E+00
  0.50000  0.17780  0.26075  0.26870  0.1409673E-01  0.4634340E-02  0.3555497E-02  0.3833290E-02  0.8452978E-02  0.8010494E-03  0.2088259E-02  0.0000000E+00  0.0000000E+00  0.0000000E+00
  0.50000  0.17775  0.26085  0.26880  0.1410631E-01  0.4629202E-02  0.3550170E-02  0.3829809E-02  0.8468319E-02  0.7993933E-03  0.2087816E-02  0.0000000E+00  0.0000000E+00  0.0000000E+00
  0.50000  0.17769  0.26095  0.26890  0.1411588E-01  0.4624153E-02  0.3544849E-02  0.3826329E-02  0.8483658E-02  0.7978236E-03  0.2087377E-02  0.0000000E+00  0.0000000E+00  0.0000000E+00
  0.50000  0.17764  0.26105  0.26900  0.1412547E-01  0.4619187E-02  0.3539534E-02  0.3822853E-02  0.8498996E-02  0.7963343E-03  0.2086944E-02  0.0000000E+00  0.0000000E+00  0.0000000E+00
  0.50000  0.17759  0.26116  0.26910  0.1413508E-01  0.4614300E-02  0.3534225E-02  0.3819379E-02  0.8514334E-02  0.7949203E-03  0.2086516E-02  0.0000000E+00  0.0000000E+00  0.0000000E+00
  0.50000  0.17753  0.26126  0.26920  0.1414469E-01  0.4609485E-02  0.3528922E-02  0.3815909E-02  0.8529674E-02  0.7935766E-03  0.2086093E-02  0.0000000E+00  0.0000000E+00  0.0000000E+00
  0.50000  0.17748  0.26136  0.26930  0.1415431E-01  0.4604739E-02  0.3523624E-02  0.3812440E-02  0.8545015E-02  0.7922990E-03  0.2085676E-02  0.0000000E+00  0.0000000E+00  0.0000000E+00
  0.50000  0.17742  0.26146  0.26940  0.1416396E-01  0.4600059E-02  0.3518333E-02  0.3808975E-02  0.8560360E-02  0.7910835E-03  0.2085263E-02  0.0000000E+00  0.0000000E+00  0.0000000E+00
  0.50000  0.17737  0.26157  0.26950  0.1417361E-01  0.4595439E-02  0.3513047E-02  0.3805512E-02  0.8575708E-02  0.7899264E-03  0.2084855E-02  0.0000000E+00  0.0000000E+00  0.0000000E+00
  0.50000  0.17732  0.26167  0.26960  0.1418328E-01  0.4590877E-02  0.3507767E-02  0.3802053E-02  0.8591061E-02  0.7888244E-03  0.2084453E-02  0.0000000E+00  0.0000000E+00  0.0000000E+00
  0.50000  0.17726  0.26177  0.26970  0.1419297E-01  0.4586370E-02  0.3502493E-02  0.3798595E-02  0.8606419E-02  0.7877746E-03  0.2084056E-02  0.0000000E+00  0.0000000E+00  0.0000000E+00
  0.50000  0.17721  0.26187  0.26980  0.1420267E-01  0.4581915E-02  0.3497225E-02  0.3795141E-02  0.8621782E-02  0.7867741E-03  0.2083663E-02  0.0000000E+00  0.0000000E+00  0.0000000E+00
  0.50000  0.17715  0.26198  0.26990  0.1421239E-01  0.4577510E-02  0.3491963E-02  0.3791689E-02  0.8637152E-02  0.7858204E-03  0.2083276E-02  0.0000000E+00  0.0000000E+00  0.0000000E+00
  0.50000  0.17710  0.26208  0.27000  0.1422213E-01  0.4573151E-02  0.3486707E-02  0.3788240E-02  0.8652529E-02  0.7849110E-03  0.2082893E-02  0.0000000E+00  0.0000000E+00  0.0000000E+00
  0.50000  0.17705  0.26218  0.27010  0.1423188E-01  0.4568838E-02  0.3481457E-02  0.3784794E-02  0.8667912E-02  0.7840439E-03  0.2082515E-02  0.0000000E+00  0.0000000E+00  0.0000000E+00
  0.50000  0.17699  0.26228  0.27020  0.1424166E-01  0.4564568E-02  0.3476212E-02  0.3781351E-02  0.8683304E-02  0.7832169E-03  0.2082143E-02  0.0000000E+00  0.0000000E+00  0.0000000E+00
  0.50000  0.17694  0.26239  0.27030  0.1425145E-01  0.4560338E-02  0.3470973E-02  0.3777910E-02  0.8698703E-02  0.7824283E-03  0.2081775E-02  0.0000000E+00  0.0000000E+00  0.0000000E+00
  0.50000  0.17688  0.26249  0.27040  0.1426126E-01  0.4556148E-02  0.3465741E-02  0.3774472E-02  0.8714111E-02  0.7816761E-03  0.2081411E-02  0.0000000E+00  0.0000000E+00  0.0000000E+00
  0.50000  0.17683  0.26259  0.27050  0.1427109E-01  0.4551996E-02  0.3460514E-02  0.3771037E-02  0.8729527E-02  0.7809589E-03  0.2081053E-02  0.0000000E+00  0.0000000E+00  0.0000000E+00
  0.50000  0.17678  0.26269  0.27060  0.1428094E-01  0.4547879E-02  0.3455293E-02  0.3767604E-02  0.8744953E-02  0.7802750E-03  0.2080699E-02  0.0000000E+00  0.0000000E+00  0.0000000E+00
  0.50000  0.17672  0.26280  0.27070  0.1429082E-01  0.4543797E-02  0.3450077E-02  0.3764174E-02  0.8760388E-02  0.7796231E-03  0.2080350E-02  0.0000000E+00  0.0000000E+00  0.0000000E+00
  0.50000  0.17667  0.26290  0.27080  0.1430071E-01  0.4539749E-02  0.3444868E-02  0.3760747E-02  0.8775832E-02  0.7790019E-03  0.2080006E-02  0.0000000E+00  0.0000000E+00  0.0000000E+00
  0.50000  0.17661  0.26300  0.27090  0.1431062E-01  0.4535733E-02  0.3439665E-02  0.3757323E-02  0.8791287E-02  0.7784100E-03  0.2079666E-02  0.0000000E+00  0.0000000E+00  0.0000000E+00
  0.50000  0.17656  0.26310  0.27100  0.1432055E-01  0.4531748E-02  0.3434467E-02  0.3753901E-02  0.8806751E-02  0.7778463E-03  0.2079331E-02  0.0000000E+00  0.0000000E+00  0.0000000E+00
  0.50000  0.17650  0.26320  0.27110  0.1433050E-01  0.4527792E-02  0.3429275E-02  0.3750482E-02  0.8822226E-02  0.7773098E-03  0.2079001E-02  0.0000000E+00  0.0000000E+00  0.0000000E+00
  0.50000  0.17645  0.26331  0.27120  0.1434048E-01  0.4523865E-02  0.3424089E-02  0.3747066E-02  0.8837712E-02  0.7767993E-03  0.2078675E-02  0.0000000E+00  0.0000000E+00  0.0000000E+00
  0.50000  0.17640  0.26341  0.27130  0.1435047E-01  0.4519966E-02  0.3418909E-02  0.3743652E-02  0.8853208E-02  0.7763140E-03  0.2078353E-02  0.0000000E+00  0.0000000E+00  0.0000000E+00
  0.50000  0.17634  0.26351  0.27140  0.1436049E-01  0.4516094E-02  0.3413734E-02  0.3740242E-02  0.8868716E-02  0.7758528E-03  0.2078037E-02  0.0000000E+00  0.0000000E+00  0.0000000E+00
  0.50000  0.17629  0.26361  0.27150  0.1437570E-01  0.4626950E-02  0.3408565E-02  0.3736834E-02  0.8889411E-02  0.8901161E-03  0.2077724E-02  0.0000000E+00  0.0000000E+00  0.0000000E+00
  0.50000  0.17623  0.26372  0.27160  0.1438682E-01  0.4619609E-02  0.3403403E-02  0.3733428E-02  0.8906000E-02  0.8861811E-03  0.2077416E-02  0.0000000E+00  0.0000000E+00  0.0000000E+00
  0.50000  0.17618  0.26382  0.27170  0.1439789E-01  0.4612577E-02  0.3398246E-02  0.3730025E-02  0.8922532E-02  0.8825520E-03  0.2077113E-02  0.0000000E+00  0.0000000E+00  0.0000000E+00
  0.50000  0.17612  0.26392  0.27180  0.1440892E-01  0.4605818E-02  0.3393094E-02  0.3726625E-02  0.8939015E-02  0.8791929E-03  0.2076813E-02  0.0000000E+00  0.0000000E+00  0.0000000E+00
  0.50000  0.17607  0.26402  0.27190  0.1441992E-01  0.4599302E-02  0.3387949E-02  0.3723228E-02  0.8955457E-02  0.8760740E-03  0.2076519E-02  0.0000000E+00  0.0000000E+00  0.0000000E+00
  0.50000  0.17602  0.26413  0.27200  0.1443090E-01  0.4593003E-02  0.3382809E-02  0.3719834E-02  0.8971863E-02  0.8731698E-03  0.2076228E-02  0.0000000E+00  0.0000000E+00  0.0000000E+00
  0.50000  0.17596  0.26423  0.27210  0.1444186E-01  0.4586900E-02  0.3377675E-02  0.3716442E-02  0.8988239E-02  0.8704587E-03  0.2075942E-02  0.0000000E+00  0.0000000E+00  0.0000000E+00
  0.50000  0.17591  0.26433  0.27220  0.1445280E-01  0.4580975E-02  0.3372547E-02  0.3713053E-02  0.9004589E-02  0.8679220E-03  0.2075660E-02  0.0000000E+00  0.0000000E+00  0.0000000E+00
  0.50000  0.17585  0.26443  0.27230  0.1446372E-01  0.4575210E-02  0.3367425E-02  0.3709666E-02  0.9020917E-02  0.8655437E-03  0.2075382E-02  0.0000000E+00  0.0000000E+00  0.0000000E+00
  0.50000  0.17580  0.26454  0.27240  0.1447464E-01  0.4569592E-02  0.3362308E-02  0.3706282E-02  0.9037226E-02  0.8633096E-03  0.2075109E-02  0.0000000E+00  0.0000000E+00  0.0000000E+00
  0.50000  0.17574  0.26464  0.27250  0.1448556E-01  0.4564109E-02  0.3357197E-02  0.3702901E-02  0.9053519E-02  0.8612076E-03  0.2074839E-02  0.0000000E+00  0.0000000E+00  0.0000000E+00
  0.50000  0.17569  0.26474  0.27260  0.1449646E-01  0.4558749E-02  0.3352092E-02  0.3699523E-02  0.9069798E-02  0.8592267E-03  0.2074574E-02  0.0000000E+00  0.0000000E+00  0.0000000E+00
  0.50000  0.17563  0.26484  0.27270  0.1450737E-01  0.4553505E-02  0.3346993E-02  0.3696147E-02  0.9086067E-02  0.8573575E-03  0.2074313E-02  0.0000000E+00  0.0000000E+00  0.0000000E+00
  0.50000  0.17558  0.26495  0.27280  0.1451828E-01  0.4548365E-02  0.3341899E-02  0.3692774E-02  0.9102326E-02  0.8555914E-03  0.2074056E-02  0.0000000E+00  0.0000000E+00  0.0000000E+00
  0.50000  0.17553  0.26505  0.27290  0.1452919E-01  0.4543325E-02  0.3336812E-02  0.3689404E-02  0.9118579E-02  0.8539210E-03  0.2073803E-02  0.0000000E+00  0.0000000E+00  0.0000000E+00
  0.50000  0.17547  0.26515  0.27300  0.1454011E-01  0.4538375E-02  0.3331730E-02  0.3686036E-02  0.9134825E-02  0.8523394E-03  0.2073554E-02  0.0000000E+00  0.0000000E+00  0.0000000E+00
  0.50000  0.17542  0.26525  0.27310  0.1455103E-01  0.4533512E-02  0.3326653E-02  0.3682671E-02  0.9151068E-02  0.8508405E-03  0.2073309E-02  0.0000000E+00  0.0000000E+00  0.0000000E+00
  0.50000  0.17536  0.26536  0.27320  0.1456196E-01  0.4528728E-02  0.3321583E-02  0.3679309E-02  0.9167308E-02  0.8494189E-03  0.2073068E-02  0.0000000E+00  0.0000000E+00  0.0000000E+00
  0.50000  0.17531  0.26546  0.27330  0.1457289E-01  0.4524019E-02  0.3316518E-02  0.3675949E-02  0.9183546E-02  0.8480697E-03  0.2072831E-02  0.0000000E+00  0.0000000E+00  0.0000000E+00
  0.50000  0.17525  0.26556  0.27340  0.1458384E-01  0.4519381E-02  0.3311459E-02  0.3672592E-02  0.9199784E-02  0.8467884E-03  0.2072598E-02  0.0000000E+00  0.0000000E+00  0.0000000E+00
  0.50000  0.17520  0.26566  0.27350  0.1459480E-01  0.4514809E-02  0.3306405E-02  0.3669238E-02  0.9216022E-02  0.8455708E-03  0.2072368E-02  0.0000000E+00  0.0000000E+00  0.0000000E+00
  0.50000  0.17514  0.26577  0.27360  0.1460576E-01  0.4510299E-02  0.3301357E-02  0.3665886E-02  0.9232262E-02  0.8444132E-03  0.2072143E-02  0.0000000E+00  0.0000000E+00  0.0000000E+00
  0.50000  0.17509  0.26587  0.27370  0.1461674E-01  0.4505850E-02  0.3296315E-02  0.3662537E-02  0.9248503E-02  0.8433123E-03  0.2071922E-02  0.0000000E+00  0.0000000E+00  0.0000000E+00
  0.50000  0.17503  0.26597  0.27380  0.1462773E-01  0.4501456E-02  0.3291279E-02  0.3659191E-02  0.9264748E-02  0.8422649E-03  0.2071704E-02  0.0000000E+00  0.0000000E+00  0.0000000E+00
  0.50000  0.17498  0.26607  0.27390  0.1463873E-01  0.4497116E-02  0.3286248E-02  0.3655848E-02  0.9280997E-02  0.8412681E-03  0.2071490E-02  0.0000000E+00  0.0000000E+00  0.0000000E+00
  0.50000  0.17492  0.26618  0.27400  0.1464975E-01  0.4492826E-02  0.3281223E-02  0.3652507E-02  0.9297249E-02  0.8403193E-03  0.2071280E-02  0.0000000E+00  0.0000000E+00  0.0000000E+00
  0.50000  0.17487  0.26628  0.27410  0.1466078E-01  0.4488584E-02  0.3276204E-02  0.3649168E-02  0.9313507E-02  0.8394161E-03  0.2071073E-02  0.0000000E+00  0.0000000E+00  0.0000000E+00
  0.50000  0.17481  0.26638  0.27420  0.1467183E-01  0.4484389E-02  0.3271191E-02  0.3645833E-02  0.9329770E-02  0.8385563E-03  0.2070870E-02  0.0000000E+00  0.0000000E+00  0.0000000E+00
  0.50000  0.17476  0.26648  0.27430  0.1468289E-01  0.4480237E-02  0.3266183E-02  0.3642500E-02  0.9346039E-02  0.8377376E-03  0.2070671E-02  0.0000000E+00  0.0000000E+00  0.0000000E+00
  0.50000  0.17470  0.26659  0.27440  0.1469397E-01  0.4476128E-02  0.3261180E-02  0.3639170E-02  0.9362315E-02  0.8369583E-03  0.2070475E-02  0.0000000E+00  0.0000000E+00  0.0000000E+00
  0.50000  0.17465  0.26669  0.27450  0.1470506E-01  0.4472058E-02  0.3256184E-02  0.3635842E-02  0.9378597E-02  0.8362164E-03  0.2070283E-02  0.0000000E+00  0.0000000E+00  0.0000000E+00
  0.50000  0.17459  0.26679  0.27460  0.1471617E-01  0.4468027E-02  0.3251193E-02  0.3632517E-02  0.9394886E-02  0.8355103E-03  0.2070095E-02  0.0000000E+00  0.0000000E+00  0.0000000E+00
  0.50000  0.17454  0.26689  0.27470  0.1472730E-01  0.4464033E-02  0.3246208E-02  0.3629195E-02  0.9411184E-02  0.8348385E-03  0.2069910E-02  0.0000000E+00  0.0000000E+00  0.0000000E+00
  0.50000  0.17448  0.26700  0.27480  0.1473845E-01  0.4460074E-02  0.3241228E-02  0.3625875E-02  0.9427489E-02  0.8341995E-03  0.2069729E-02  0.0000000E+00  0.0000000E+00  0.0000000E+00
  0.50000  0.17443  0.26710  0.27490  0.1474961E-01  0.4456150E-02  0.3236254E-02  0.3622558E-02  0.9443802E-02  0.8335919E-03  0.2069551E-02  0.0000000E+00  0.0000000E+00  0.0000000E+00
  0.50000  0.17438  0.26720  0.27500  0.1476079E-01  0.4452258E-02  0.3231286E-02  0.3619244E-02  0.9460125E-02  0.8330145E-03  0.2069377E-02  0.0000000E+00  0.0000000E+00  0.0000000E+00
  0.50000  0.17432  0.26730  0.27510  0.1477199E-01  0.4448398E-02  0.3226323E-02  0.3615932E-02  0.9476456E-02  0.8324660E-03  0.2069206E-02  0.0000000E+00  0.0000000E+00  0.0000000E+00
  0.50000  0.17426  0.26740  0.27520  0.1478320E-01  0.4444568E-02  0.3221366E-02  0.3612623E-02  0.9492796E-02  0.8319453E-03  0.2069038E-02  0.0000000E+00  0.0000000E+00  0.0000000E+00
  0.50000  0.17421  0.26751  0.27530  0.1479444E-01  0.4440768E-02  0.3216415E-02  0.3609316E-02  0.9509146E-02  0.8314513E-03  0.2068874E-02  0.0000000E+00  0.0000000E+00  0.0000000E+00
  0.50000  0.17415  0.26761  0.27540  0.1480569E-01  0.4436996E-02  0.3211469E-02  0.3606012E-02  0.9525505E-02  0.8309831E-03  0.2068714E-02  0.0000000E+00  0.0000000E+00  0.0000000E+00
  0.50000  0.17410  0.26771  0.27550  0.1481696E-01  0.4433251E-02  0.3206529E-02  0.3602711E-02  0.9541874E-02  0.8305397E-03  0.2068556E-02  0.0000000E+00  0.0000000E+00  0.0000000E+00
  0.50000  0.17404  0.26781  0.27560  0.1482914E-01  0.4545182E-02  0.3201595E-02  0.3599413E-02  0.9559140E-02  0.9457688E-03  0.2068402E-02  0.0000000E+00  0.0000000E+00  0.0000000E+00
  0.50000  0.17399  0.26792  0.27570  0.1484162E-01  0.4537932E-02  0.3196666E-02  0.3596117E-02  0.9576698E-02  0.9418154E-03  0.2068251E-02  0.0000000E+00  0.0000000E+00  0.0000000E+00
  0.50000  0.17393  0.26802  0.27580  0.1485404E-01  0.4530995E-02  0.3191743E-02  0.3592824E-02  0.9594189E-02  0.9381713E-03  0.2068103E-02  0.0000000E+00  0.0000000E+00  0.0000000E+00
  0.50000  0.17388  0.26812  0.27590  0.1486641E-01  0.4524333E-02  0.3186825E-02  0.3589533E-02  0.9611622E-02  0.9348006E-03  0.2067959E-02  0.0000000E+00  0.0000000E+00  0.0000000E+00
  0.50000  0.17382  0.26822  0.27600  0.1487874E-01  0.4517918E-02  0.3181913E-02  0.3586245E-02  0.9629006E-02  0.9316729E-03  0.2067818E-02  0.0000000E+00  0.0000000E+00  0.0000000E+00
  0.50000  0.17377  0.26833  0.27610  0.1489103E-01  0.4511722E-02  0.3177006E-02  0.3582959E-02  0.9646347E-02  0.9287626E-03  0.2067680E-02  0.0000000E+00  0.0000000E+00  0.0000000E+00
  0.50000  0.17371  0.26843  0.27620  0.1490330E-01  0.4505724E-02  0.3172106E-02  0.3579677E-02  0.9663651E-02  0.9260477E-03  0.2067545E-02  0.0000000E+00  0.0000000E+00  0.0000000E+00
  0.50000  0.17366  0.26853  0.27630  0.1491555E-01  0.4499906E-02  0.3167210E-02  0.3576397E-02  0.9680923E-02  0.9235094E-03  0.2067413E-02  0.0000000E+00  0.0000000E+00  0.0000000E+00
  0.50000  0.17360  0.26863  0.27640  0.1492777E-01  0.4494250E-02  0.3162321E-02  0.3573119E-02  0.9698167E-02  0.9211314E-03  0.2067285E-02  0.0000000E+00  0.0000000E+00  0.0000000E+00
  0.50000  0.17355  0.26874  0.27650  0.1493998E-01  0.4488744E-02  0.3157436E-02  0.3569844E-02  0.9715388E-02  0.9188995E-03  0.2067159E-02  0.0000000E+00  0.0000000E+00  0.0000000E+00
  0.50000  0.17349  0.26884  0.27660  0.1495218E-01  0.4483373E-02  0.3152558E-02  0.3566572E-02  0.9732588E-02  0.9168013E-03  0.2067036E-02  0.0000000E+00  0.0000000E+00  0.0000000E+00
  0.50000  0.17344  0.26894  0.27670  0.1496437E-01  0.4478128E-02  0.3147685E-02  0.3563302E-02  0.9749771E-02  0.9148258E-03  0.2066917E-02  0.0000000E+00  0.0000000E+00  0.0000000E+00
  0.50000  0.17338  0.26904  0.27680  0.1497656E-01  0.4472998E-02  0.3142817E-02  0.3560035E-02  0.9766938E-02  0.9129634E-03  0.2066800E-02  0.0000000E+00  0.0000000E+00  0.0000000E+00
  0.50000  0.17333  0.26915  0.27690  0.1498874E-01  0.4467976E-02  0.3137956E-02  0.3556770E-02  0.9784093E-02  0.9112054E-03  0.2066687E-02  0.0000000E+00  0.0000000E+00  0.0000000E+00
  0.50000  0.17327  0.26925  0.27700  0.1500091E-01  0.4463053E-02  0.3133099E-02  0.3553509E-02  0.9801238E-02  0.9095444E-03  0.2066576E-02  0.0000000E+00  0.0000000E+00  0.0000000E+00
  0.50000  0.17322  0.26935  0.27710  0.1501309E-01  0.4458223E-02  0.3128249E-02  0.3550249E-02  0.9818373E-02  0.9079733E-03  0.2066468E-02  0.0000000E+00  0.0000000E+00  0.0000000E+00
  0.50000  0.17316  0.26945  0.27720  0.1502527E-01  0.4453479E-02  0.3123403E-02  0.3546993E-02  0.9835502E-02  0.9064862E-03  0.2066363E-02  0.0000000E+00  0.0000000E+00  0.0000000E+00
  0.50000  0.17310  0.26956  0.27730  0.1503745E-01  0.4448816E-02  0.3118564E-02  0.3543739E-02  0.9852625E-02  0.9050773E-03  0.2066261E-02  0.0000000E+00  0.0000000E+00  0.0000000E+00
  0.50000  0.17305  0.26966  0.27740  0.1504964E-01  0.4444229E-02  0.3113729E-02  0.3540487E-02  0.9869743E-02  0.9037418E-03  0.2066162E-02  0.0000000E+00  0.0000000E+00  0.0000000E+00
  0.50000  0.17299  0.26976  0.27750  0.1506183E-01  0.4439713E-02  0.3108901E-02  0.3537238E-02  0.9886859E-02  0.9024750E-03  0.2066066E-02  0.0000000E+00  0.0000000E+00  0.0000000E+00
  0.50000  0.17294  0.26986  0.27760  0.1507402E-01  0.4435265E-02  0.3104078E-02  0.3533992E-02  0.9903973E-02  0.9012729E-03  0.2065972E-02  0.0000000E+00  0.0000000E+00  0.0000000E+00
  0.50000  0.17288  0.26997  0.27770  0.1508623E-01  0.4430880E-02  0.3099260E-02  0.3530748E-02  0.9921086E-02  0.9001317E-03  0.2065881E-02  0.0000000E+00  0.0000000E+00  0.0000000E+00
  0.50000  0.17283  0.27007  0.27780  0.1509844E-01  0.4426555E-02  0.3094448E-02  0.3527507E-02  0.9938199E-02  0.8990478E-03  0.2065793E-02  0.0000000E+00  0.0000000E+00  0.0000000E+00
  0.50000  0.17277  0.27017  0.27790  0.1511066E-01  0.4422287E-02  0.3089642E-02  0.3524269E-02  0.9955313E-02  0.8980182E-03  0.2065708E-02  0.0000000E+00  0.0000000E+00  0.0000000E+00
  0.50000  0.17272  0.27027  0.27800  0.1512289E-01  0.4418073E-02  0.3084841E-02  0.3521033E-02  0.9972428E-02  0.8970400E-03  0.2065625E-02  0.0000000E+00  0.0000000E+00  0.0000000E+00
  0.50000  0.17266  0.27038  0.27810  0.1513514E-01  0.4413910E-02  0.3080045E-02  0.3517799E-02  0.9989546E-02  0.8961105E-03  0.2065545E-02  0.0000000E+00  0.0000000E+00  0.0000000E+00
  0.50000  0.17260  0.27048  0.27820  0.1514739E-01  0.4409796E-02  0.3075255E-02  0.3514569E-02  0.1000667E-01  0.8952272E-03  0.2065467E-02  0.0000000E+00  0.0000000E+00  0.0000000E+00
  0.50000  0.17255  0.27058  0.27830  0.1515965E-01  0.4405728E-02  0.3070470E-02  0.3511340E-02  0.1002379E-01  0.8943878E-03  0.2065393E-02  0.0000000E+00  0.0000000E+00  0.0000000E+00
  0.50000  0.17249  0.27068  0.27840  0.1517193E-01  0.4401705E-02  0.3065691E-02  0.3508115E-02  0.1004092E-01  0.8935903E-03  0.2065320E-02  0.0000000E+00  0.0000000E+00  0.0000000E+00
  0.50000  0.17244  0.27079  0.27850  0.1518422E-01  0.4397724E-02  0.3060918E-02  0.3504892E-02  0.1005805E-01  0.8928326E-03  0.2065251E-02  0.0000000E+00  0.0000000E+00  0.0000000E+00
  0.50000  0.17238  0.27089  0.27860  0.1519653E-01  0.4393784E-02  0.3056150E-02  0.3501671E-02  0.1007519E-01  0.8921129E-03  0.2065183E-02  0.0000000E+00  0.0000000E+00  0.0000000E+00
  0.50000  0.17233  0.27099  0.27870  0.1520884E-01  0.4389883E-02  0.3051387E-02  0.3498453E-02  0.1009234E-01  0.8914296E-03  0.2065119E-02  0.0000000E+00  0.0000000E+00  0.0000000E+00
  0.50000  0.17227  0.27109  0.27880  0.1522118E-01  0.4386019E-02  0.3046630E-02  0.3495238E-02  0.1010949E-01  0.8907811E-03  0.2065056E-02  0.0000000E+00  0.0000000E+00  0.0000000E+00
  0.50000  0.17221  0.27120  0.27890  0.1523352E-01  0.4382191E-02  0.3041878E-02  0.3492025E-02  0.1012665E-01  0.8901658E-03  0.2064997E-02  0.0000000E+00  0.0000000E+00  0.0000000E+00
  0.50000  0.17216  0.27130  0.27900  0.1524588E-01  0.4378398E-02  0.3037132E-02  0.3488815E-02  0.1014381E-01  0.8895824E-03  0.2064939E-02  0.0000000E+00  0.0000000E+00  0.0000000E+00
  0.50000  0.17210  0.27140  0.27910  0.1525826E-01  0.4374637E-02  0.3032391E-02  0.3485608E-02  0.1016098E-01  0.8890296E-03  0.2064884E-02  0.0000000E+00  0.0000000E+00  0.0000000E+00
  0.50000  0.17205  0.27150  0.27920  0.1527065E-01  0.4370909E-02  0.3027656E-02  0.3482402E-02  0.1017816E-01  0.8885062E-03  0.2064832E-02  0.0000000E+00  0.0000000E+00  0.0000000E+00
  0.50000  0.17199  0.27161  0.27930  0.1528306E-01  0.4367211E-02  0.3022926E-02  0.3479200E-02  0.1019535E-01  0.8880110E-03  0.2064782E-02  0.0000000E+00  0.0000000E+00  0.0000000E+00
  0.50000  0.17194  0.27171  0.27940  0.1529548E-01  0.4363543E-02  0.3018201E-02  0.3476000E-02  0.1021255E-01  0.8875430E-03  0.2064734E-02  0.0000000E+00  0.0000000E+00  0.0000000E+00
  0.50000  0.17188  0.27181  0.27950  0.1530792E-01  0.4359904E-02  0.3013482E-02  0.3472803E-02  0.1022975E-01  0.8871011E-03  0.2064688E-02  0.0000000E+00  0.0000000E+00  0.0000000E+00
  0.50000  0.17182  0.27191  0.27960  0.1532038E-01  0.4356292E-02  0.3008769E-02  0.3469608E-02  0.1024696E-01  0.8866845E-03  0.2064645E-02  0.0000000E+00  0.0000000E+00  0.0000000E+00
  0.50000  0.17177  0.27202  0.27970  0.1532991E-01  0.4468240E-02  0.3004060E-02  0.3466415E-02  0.1026124E-01  0.1001824E-02  0.2064604E-02  0.0000000E+00  0.0000000E+00  0.0000000E+00
  0.50000  0.17171  0.27212  0.27980  0.1534365E-01  0.4461146E-02  0.2999358E-02  0.3463226E-02  0.1027973E-01  0.9979201E-03  0.2064565E-02  0.0000000E+00  0.0000000E+00  0.0000000E+00
  0.50000  0.17166  0.27222  0.27990  0.1535733E-01  0.4454360E-02  0.2994660E-02  0.3460038E-02  0.1029814E-01  0.9943220E-03  0.2064529E-02  0.0000000E+00  0.0000000E+00  0.0000000E+00
  0.50000  0.17160  0.27232  0.28000  0.1537094E-01  0.4447848E-02  0.2989968E-02  0.3456854E-02  0.1031648E-01  0.9909947E-03  0.2064494E-02  0.0000000E+00  0.0000000E+00  0.0000000E+00
  0.50000  0.17154  0.27243  0.28010  0.1538451E-01  0.4441580E-02  0.2985282E-02  0.3453672E-02  0.1033477E-01  0.9879083E-03  0.2064462E-02  0.0000000E+00  0.0000000E+00  0.0000000E+00
  0.50000  0.17149  0.27253  0.28020  0.1539804E-01  0.4435530E-02  0.2980601E-02  0.3450492E-02  0.1035301E-01  0.9850376E-03  0.2064432E-02  0.0000000E+00  0.0000000E+00  0.0000000E+00
  0.50000  0.17143  0.27263  0.28030  0.1541153E-01  0.4429676E-02  0.2975925E-02  0.3447315E-02  0.1037121E-01  0.9823610E-03  0.2064404E-02  0.0000000E+00  0.0000000E+00  0.0000000E+00
  0.50000  0.17138  0.27273  0.28040  0.1542500E-01  0.4424000E-02  0.2971255E-02  0.3444140E-02  0.1038937E-01  0.9798598E-03  0.2064378E-02  0.0000000E+00  0.0000000E+00  0.0000000E+00
  0.50000  0.17132  0.27284  0.28050  0.1543844E-01  0.4418486E-02  0.2966590E-02  0.3440968E-02  0.1040749E-01  0.9775181E-03  0.2064354E-02  0.0000000E+00  0.0000000E+00  0.0000000E+00
  0.50000  0.17126  0.27294  0.28060  0.1545186E-01  0.4413121E-02  0.2961930E-02  0.3437799E-02  0.1042560E-01  0.9753218E-03  0.2064333E-02  0.0000000E+00  0.0000000E+00  0.0000000E+00
  0.50000  0.17121  0.27304  0.28070  0.1546526E-01  0.4407891E-02  0.2957276E-02  0.3434632E-02  0.1044367E-01  0.9732585E-03  0.2064313E-02  0.0000000E+00  0.0000000E+00  0.0000000E+00
  0.50000  0.17115  0.27314  0.28080  0.1547865E-01  0.4402785E-02  0.2952627E-02  0.3431468E-02  0.1046173E-01  0.9713176E-03  0.2064295E-02  0.0000000E+00  0.0000000E+00  0.0000000E+00
  0.50000  0.17110  0.27325  0.28090  0.1549203E-01  0.4397795E-02  0.2947984E-02  0.3428306E-02  0.1047976E-01  0.9694894E-03  0.2064280E-02  0.0000000E+00  0.0000000E+00  0.0000000E+00
  0.50000  0.17104  0.27335  0.28100  0.1550540E-01  0.4392912E-02  0.2943346E-02  0.3425146E-02  0.1049778E-01  0.9677655E-03  0.2064266E-02  0.0000000E+00  0.0000000E+00  0.0000000E+00
  0.50000  0.17098  0.27345  0.28110  0.1551876E-01  0.4388128E-02  0.2938713E-02  0.3421989E-02  0.1051579E-01  0.9661381E-03  0.2064254E-02  0.0000000E+00  0.0000000E+00  0.0000000E+00
  0.50000  0.17093  0.27355  0.28120  0.1553212E-01  0.4383436E-02  0.2934085E-02  0.3418835E-02  0.1053379E-01  0.9646007E-03  0.2064244E-02  0.0000000E+00  0.0000000E+00  0.0000000E+00
  0.50000  0.17087  0.27366  0.28130  0.1554547E-01  0.4378830E-02  0.2929463E-02  0.3415683E-02  0.1055177E-01  0.9631470E-03  0.2064236E-02  0.0000000E+00  0.0000000E+00  0.0000000E+00
  0.50000  0.17081  0.27376  0.28140  0.1555883E-01  0.4374306E-02  0.2924847E-02  0.3412534E-02  0.1056975E-01  0.9617716E-03  0.2064230E-02  0.0000000E+00  0.0000000E+00  0.0000000E+00
  0.50000  0.17076  0.27386  0.28150  0.1557218E-01  0.4369857E-02  0.2920235E-02  0.3409387E-02  0.1058772E-01  0.9604695E-03  0.2064226E-02  0.0000000E+00  0.0000000E+00  0.0000000E+00
  0.50000  0.17070  0.27396  0.28160  0.1558554E-01  0.4365479E-02  0.2915629E-02  0.3406243E-02  0.1060569E-01  0.9592362E-03  0.2064223E-02  0.0000000E+00  0.0000000E+00  0.0000000E+00
  0.50000  0.17065  0.27407  0.28170  0.1559890E-01  0.4361168E-02  0.2911029E-02  0.3403101E-02  0.1062365E-01  0.9580675E-03  0.2064222E-02  0.0000000E+00  0.0000000E+00  0.0000000E+00
  0.50000  0.17059  0.27417  0.28180  0.1561227E-01  0.4356921E-02  0.2906433E-02  0.3399962E-02  0.1064161E-01  0.9569597E-03  0.2064224E-02  0.0000000E+00  0.0000000E+00  0.0000000E+00
  0.50000  0.17053  0.27427  0.28190  0.1562564E-01  0.4352734E-02  0.2901843E-02  0.3396825E-02  0.1065957E-01  0.9559094E-03  0.2064226E-02  0.0000000E+00  0.0000000E+00  0.0000000E+00
  0.50000  0.17048  0.27437  0.28200  0.1563901E-01  0.4348604E-02  0.2897258E-02  0.3393691E-02  0.1067752E-01  0.9549135E-03  0.2064231E-02  0.0000000E+00  0.0000000E+00  0.0000000E+00
  0.50000  0.17042  0.27448  0.28210  0.1565239E-01  0.4344528E-02  0.2892679E-02  0.3390559E-02  0.1069548E-01  0.9539690E-03  0.2064237E-02  0.0000000E+00  0.0000000E+00  0.0000000E+00
  0.50000  0.17036  0.27458  0.28220  0.1566578E-01  0.4340503E-02  0.2888105E-02  0.3387430E-02  0.1071343E-01  0.9530732E-03  0.2064245E-02  0.0000000E+00  0.0000000E+00  0.0000000E+00
  0.50000  0.17031  0.27468  0.28230  0.1567918E-01  0.4336527E-02  0.2883536E-02  0.3384303E-02  0.1073139E-01  0.9522238E-03  0.2064255E-02  0.0000000E+00  0.0000000E+00  0.0000000E+00
  0.50000  0.17025  0.27478  0.28240  0.1569259E-01  0.4332597E-02  0.2878973E-02  0.3381178E-02  0.1074935E-01  0.9514185E-03  0.2064266E-02  0.0000000E+00  0.0000000E+00  0.0000000E+00
  0.50000  0.17019  0.27489  0.28250  0.1570601E-01  0.4328712E-02  0.2874414E-02  0.3378056E-02  0.1076731E-01  0.9506551E-03  0.2064279E-02  0.0000000E+00  0.0000000E+00  0.0000000E+00
  0.50000  0.17014  0.27499  0.28260  0.1571943E-01  0.4324869E-02  0.2869861E-02  0.3374937E-02  0.1078528E-01  0.9499316E-03  0.2064294E-02  0.0000000E+00  0.0000000E+00  0.0000000E+00
  0.50000  0.17008  0.27509  0.28270  0.1573287E-01  0.4321067E-02  0.2865314E-02  0.3371820E-02  0.1080325E-01  0.9492464E-03  0.2064310E-02  0.0000000E+00  0.0000000E+00  0.0000000E+00
  0.50000  0.17002  0.27519  0.28280  0.1574632E-01  0.4317303E-02  0.2860771E-02  0.3368706E-02  0.1082122E-01  0.9485976E-03  0.2064327E-02  0.0000000E+00  0.0000000E+00  0.0000000E+00
  0.50000  0.16997  0.27530  0.28290  0.1575978E-01  0.4313578E-02  0.2856234E-02  0.3365594E-02  0.1083920E-01  0.9479837E-03  0.2064347E-02  0.0000000E+00  0.0000000E+00  0.0000000E+00
  0.50000  0.16991  0.27540  0.28300  0.1577325E-01  0.4309888E-02  0.2851702E-02  0.3362484E-02  0.1085718E-01  0.9474032E-03  0.2064367E-02  0.0000000E+00  0.0000000E+00  0.0000000E+00
  0.50000  0.16985  0.27550  0.28310  0.1578674E-01  0.4306232E-02  0.2847176E-02  0.3359377E-02  0.1087517E-01  0.9468547E-03  0.2064390E-02  0.0000000E+00  0.0000000E+00  0.0000000E+00
  0.50000  0.16980  0.27560  0.28320  0.1580024E-01  0.4302610E-02  0.2842654E-02  0.3356273E-02  0.1089317E-01  0.9463370E-03  0.2064413E-02  0.0000000E+00  0.0000000E+00  0.0000000E+00
  0.50000  0.16974  0.27571  0.28330  0.1581375E-01  0.4299020E-02  0.2838138E-02  0.3353171E-02  0.1091117E-01  0.9458487E-03  0.2064438E-02  0.0000000E+00  0.0000000E+00  0.0000000E+00
  0.50000  0.16968  0.27581  0.28340  0.1582727E-01  0.4295460E-02  0.2833628E-02  0.3350071E-02  0.1092918E-01  0.9453889E-03  0.2064465E-02  0.0000000E+00  0.0000000E+00  0.0000000E+00
  0.50000  0.16963  0.27591  0.28350  0.1584081E-01  0.4291931E-02  0.2829122E-02  0.3346974E-02  0.1094719E-01  0.9449563E-03  0.2064493E-02  0.0000000E+00  0.0000000E+00  0.0000000E+00
  0.50000  0.16957  0.27601  0.28360  0.1585436E-01  0.4288430E-02  0.2824622E-02  0.3343880E-02  0.1096521E-01  0.9445501E-03  0.2064522E-02  0.0000000E+00  0.0000000E+00  0.0000000E+00
  0.50000  0.16951  0.27612  0.28370  0.1586028E-01  0.4403093E-02  0.2820127E-02  0.3340787E-02  0.1097560E-01  0.1062306E-02  0.2064553E-02  0.0000000E+00  0.0000000E+00  0.0000000E+00
  0.50000  0.16946  0.27622  0.28380  0.1587526E-01  0.4395878E-02  0.2815637E-02  0.3337698E-02  0.1099504E-01  0.1058180E-02  0.2064585E-02  0.0000000E+00  0.0000000E+00  0.0000000E+00
  0.50000  0.16940  0.27632  0.28390  0.1589017E-01  0.4389001E-02  0.2811152E-02  0.3334610E-02  0.1101440E-01  0.1054391E-02  0.2064618E-02  0.0000000E+00  0.0000000E+00  0.0000000E+00
  0.50000  0.16934  0.27643  0.28400  0.1590499E-01  0.4382423E-02  0.2806673E-02  0.3331526E-02  0.1103367E-01  0.1050898E-02  0.2064653E-02  0.0000000E+00  0.0000000E+00  0.0000000E+00
  0.50000  0.16929  0.27653  0.28410  0.1591976E-01  0.4376110E-02  0.2802198E-02  0.3328443E-02  0.1105287E-01  0.1047667E-02  0.2064689E-02  0.0000000E+00  0.0000000E+00  0.0000000E+00
  0.50000  0.16923  0.27663  0.28420  0.1593447E-01  0.4370034E-02  0.2797729E-02  0.3325363E-02  0.1107202E-01  0.1044671E-02  0.2064726E-02  0.0000000E+00  0.0000000E+00  0.0000000E+00
  0.50000  0.16917  0.27673  0.28430  0.1594914E-01  0.4364170E-02  0.2793265E-02  0.3322286E-02  0.1109111E-01  0.1041884E-02  0.2064765E-02  0.0000000E+00  0.0000000E+00  0.0000000E+00
  0.50000  0.16912  0.27684  0.28440  0.1596377E-01  0.4358498E-02  0.2788807E-02  0.3319211E-02  0.1111015E-01  0.1039287E-02  0.2064805E-02  0.0000000E+00  0.0000000E+00  0.0000000E+00
  0.50000  0.16906  0.27694  0.28450  0.1597836E-01  0.4352999E-02  0.2784353E-02  0.3316138E-02  0.1112916E-01  0.1036861E-02  0.2064846E-02  0.0000000E+00  0.0000000E+00  0.0000000E+00
  0.50000  0.16900  0.27704  0.28460  0.1599292E-01  0.4347659E-02  0.2779905E-02  0.3313068E-02  0.1114813E-01  0.1034591E-02  0.2064888E-02  0.0000000E+00  0.0000000E+00  0.0000000E+00
  0.50000  0.16895  0.27714  0.28470  0.1600746E-01  0.4342463E-02  0.2775462E-02  0.3310000E-02  0.1116707E-01  0.1032463E-02  0.2064931E-02  0.0000000E+00  0.0000000E+00  0.0000000E+00
  0.50000  0.16889  0.27725  0.28480  0.1602198E-01  0.4337401E-02  0.2771024E-02  0.3306935E-02  0.1118598E-01  0.1030466E-02  0.2064975E-02  0.0000000E+00  0.0000000E+00  0.0000000E+00
  0.50000  0.16883  0.27735  0.28490  0.1603648E-01  0.4332460E-02  0.2766592E-02  0.3303872E-02  0.1120486E-01  0.1028588E-02  0.2065021E-02  0.0000000E+00  0.0000000E+00  0.0000000E+00
  0.50000  0.16877  0.27745  0.28500  0.1605096E-01  0.4327633E-02  0.2762164E-02  0.3300812E-02  0.1122373E-01  0.1026821E-02  0.2065068E-02  0.0000000E+00  0.0000000E+00  0.0000000E+00
  0.50000  0.16872  0.27755  0.28510  0.1606543E-01  0.4322910E-02  0.2757742E-02  0.3297754E-02  0.1124258E-01  0.1025157E-02  0.2065115E-02  0.0000000E+00  0.0000000E+00  0.0000000E+00
  0.50000  0.16866  0.27766  0.28520  0.1607990E-01  0.4318285E-02  0.2753325E-02  0.3294698E-02  0.1126141E-01  0.1023587E-02  0.2065164E-02  0.0000000E+00  0.0000000E+00  0.0000000E+00
  0.50000  0.16860  0.27776  0.28530  0.1609435E-01  0.4313751E-02  0.2748913E-02  0.3291645E-02  0.1128023E-01  0.1022106E-02  0.2065214E-02  0.0000000E+00  0.0000000E+00  0.0000000E+00
  0.50000  0.16855  0.27786  0.28540  0.1610880E-01  0.4309301E-02  0.2744506E-02  0.3288594E-02  0.1129903E-01  0.1020707E-02  0.2065265E-02  0.0000000E+00  0.0000000E+00  0.0000000E+00
  0.50000  0.16849  0.27796  0.28550  0.1612325E-01  0.4304932E-02  0.2740104E-02  0.3285546E-02  0.1131783E-01  0.1019386E-02  0.2065317E-02  0.0000000E+00  0.0000000E+00  0.0000000E+00
  0.50000  0.16843  0.27807  0.28560  0.1613769E-01  0.4300637E-02  0.2735707E-02  0.3282500E-02  0.1133661E-01  0.1018137E-02  0.2065370E-02  0.0000000E+00  0.0000000E+00  0.0000000E+00
  0.50000  0.16838  0.27817  0.28570  0.1615213E-01  0.4296412E-02  0.2731316E-02  0.3279456E-02  0.1135539E-01  0.1016955E-02  0.2065423E-02  0.0000000E+00  0.0000000E+00  0.0000000E+00
  0.50000  0.16832  0.27827  0.28580  0.1616657E-01  0.4292253E-02  0.2726930E-02  0.3276415E-02  0.1137417E-01  0.1015838E-02  0.2065478E-02  0.0000000E+00  0.0000000E+00  0.0000000E+00
  0.50000  0.16826  0.27837  0.28590  0.1618102E-01  0.4288157E-02  0.2722548E-02  0.3273376E-02  0.1139293E-01  0.1014781E-02  0.2065534E-02  0.0000000E+00  0.0000000E+00  0.0000000E+00
  0.50000  0.16820  0.27848  0.28600  0.1619546E-01  0.4284120E-02  0.2718172E-02  0.3270340E-02  0.1141170E-01  0.1013780E-02  0.2065590E-02  0.0000000E+00  0.0000000E+00  0.0000000E+00
  0.50000  0.16815  0.27858  0.28610  0.1620991E-01  0.4280140E-02  0.2713801E-02  0.3267306E-02  0.1143046E-01  0.1012834E-02  0.2065648E-02  0.0000000E+00  0.0000000E+00  0.0000000E+00
  0.50000  0.16809  0.27868  0.28620  0.1622436E-01  0.4276213E-02  0.2709436E-02  0.3264275E-02  0.1144922E-01  0.1011938E-02  0.2065706E-02  0.0000000E+00  0.0000000E+00  0.0000000E+00
  0.50000  0.16803  0.27878  0.28630  0.1623882E-01  0.4272336E-02  0.2705075E-02  0.3261246E-02  0.1146798E-01  0.1011090E-02  0.2065766E-02  0.0000000E+00  0.0000000E+00  0.0000000E+00
  0.50000  0.16798  0.27889  0.28640  0.1625328E-01  0.4268508E-02  0.2700719E-02  0.3258219E-02  0.1148674E-01  0.1010289E-02  0.2065826E-02  0.0000000E+00  0.0000000E+00  0.0000000E+00
  0.50000  0.16792  0.27899  0.28650  0.1626775E-01  0.4264725E-02  0.2696369E-02  0.3255195E-02  0.1150549E-01  0.1009531E-02  0.2065887E-02  0.0000000E+00  0.0000000E+00  0.0000000E+00
  0.50000  0.16786  0.27909  0.28660  0.1628223E-01  0.4260987E-02  0.2692023E-02  0.3252173E-02  0.1152425E-01  0.1008814E-02  0.2065948E-02  0.0000000E+00  0.0000000E+00  0.0000000E+00
  0.50000  0.16780  0.27919  0.28670  0.1629671E-01  0.4257291E-02  0.2687683E-02  0.3249153E-02  0.1154302E-01  0.1008138E-02  0.2066011E-02  0.0000000E+00  0.0000000E+00  0.0000000E+00
  0.50000  0.16775  0.27930  0.28680  0.1631120E-01  0.4253635E-02  0.2683348E-02  0.3246136E-02  0.1156178E-01  0.1007499E-02  0.2066074E-02  0.0000000E+00  0.0000000E+00  0.0000000E+00
  0.50000  0.16769  0.27940  0.28690  0.1632570E-01  0.4250017E-02  0.2679018E-02  0.3243121E-02  0.1158055E-01  0.1006896E-02  0.2066138E-02  0.0000000E+00  0.0000000E+00  0.0000000E+00
  0.50000  0.16763  0.27950  0.28700  0.1634021E-01  0.4246437E-02  0.2674692E-02  0.3240109E-02  0.1159931E-01  0.1006328E-02  0.2066202E-02  0.0000000E+00  0.0000000E+00  0.0000000E+00
  0.50000  0.16757  0.27960  0.28710  0.1635473E-01  0.4242892E-02  0.2670372E-02  0.3237099E-02  0.1161809E-01  0.1005793E-02  0.2066268E-02  0.0000000E+00  0.0000000E+00  0.0000000E+00
  0.50000  0.16752  0.27971  0.28720  0.1636926E-01  0.4239382E-02  0.2666057E-02  0.3234091E-02  0.1163686E-01  0.1005290E-02  0.2066334E-02  0.0000000E+00  0.0000000E+00  0.0000000E+00
  0.50000  0.16746  0.27981  0.28730  0.1638379E-01  0.4235904E-02  0.2661748E-02  0.3231086E-02  0.1165565E-01  0.1004818E-02  0.2066401E-02  0.0000000E+00  0.0000000E+00  0.0000000E+00
  0.50000  0.16740  0.27991  0.28740  0.1639834E-01  0.4232458E-02  0.2657443E-02  0.3228083E-02  0.1167443E-01  0.1004375E-02  0.2066468E-02  0.0000000E+00  0.0000000E+00  0.0000000E+00
  0.50000  0.16734  0.28001  0.28750  0.1641290E-01  0.4229043E-02  0.2653143E-02  0.3225083E-02  0.1169322E-01  0.1003960E-02  0.2066536E-02  0.0000000E+00  0.0000000E+00  0.0000000E+00
  0.50000  0.16729  0.28012  0.28760  0.1642747E-01  0.4225657E-02  0.2648848E-02  0.3222085E-02  0.1171202E-01  0.1003572E-02  0.2066605E-02  0.0000000E+00  0.0000000E+00  0.0000000E+00
  0.50000  0.16723  0.28022  0.28770  0.1644206E-01  0.4222300E-02  0.2644559E-02  0.3219089E-02  0.1173082E-01  0.1003211E-02  0.2066674E-02  0.0000000E+00  0.0000000E+00  0.0000000E+00
  0.50000  0.16717  0.28032  0.28780  0.1644626E-01  0.4334798E-02  0.2640274E-02  0.3216095E-02  0.1173924E-01  0.1118703E-02  0.2066744E-02  0.0000000E+00  0.0000000E+00  0.0000000E+00
  0.50000  0.16711  0.28042  0.28790  0.1646230E-01  0.4327874E-02  0.2635994E-02  0.3213104E-02  0.1175949E-01  0.1114770E-02  0.2066814E-02  0.0000000E+00  0.0000000E+00  0.0000000E+00
  0.50000  0.16706  0.28053  0.28800  0.1647825E-01  0.4321271E-02  0.2631720E-02  0.3210116E-02  0.1177965E-01  0.1111155E-02  0.2066885E-02  0.0000000E+00  0.0000000E+00  0.0000000E+00
  0.50000  0.16700  0.28063  0.28810  0.1649413E-01  0.4314950E-02  0.2627450E-02  0.3207129E-02  0.1179973E-01  0.1107821E-02  0.2066956E-02  0.0000000E+00  0.0000000E+00  0.0000000E+00
  0.50000  0.16694  0.28073  0.28820  0.1650994E-01  0.4308882E-02  0.2623186E-02  0.3204145E-02  0.1181973E-01  0.1104737E-02  0.2067028E-02  0.0000000E+00  0.0000000E+00  0.0000000E+00
  0.50000  0.16688  0.28084  0.28830  0.1652570E-01  0.4303039E-02  0.2618926E-02  0.3201164E-02  0.1183967E-01  0.1101876E-02  0.2067101E-02  0.0000000E+00  0.0000000E+00  0.0000000E+00
  0.50000  0.16683  0.28094  0.28840  0.1654140E-01  0.4297400E-02  0.2614672E-02  0.3198184E-02  0.1185955E-01  0.1099215E-02  0.2067174E-02  0.0000000E+00  0.0000000E+00  0.0000000E+00
  0.50000  0.16677  0.28104  0.28850  0.1655706E-01  0.4291943E-02  0.2610422E-02  0.3195207E-02  0.1187939E-01  0.1096736E-02  0.2067247E-02  0.0000000E+00  0.0000000E+00  0.0000000E+00
  0.50000  0.16671  0.28114  0.28860  0.1657269E-01  0.4286653E-02  0.2606178E-02  0.3192233E-02  0.1189919E-01  0.1094421E-02  0.2067321E-02  0.0000000E+00  0.0000000E+00  0.0000000E+00
  0.50000  0.16665  0.28125  0.28870  0.1658828E-01  0.4281516E-02  0.2601938E-02  0.3189260E-02  0.1191894E-01  0.1092255E-02  0.2067395E-02  0.0000000E+00  0.0000000E+00  0.0000000E+00
  0.50000  0.16659  0.28135  0.28880  0.1660384E-01  0.4276517E-02  0.2597703E-02  0.3186290E-02  0.1193867E-01  0.1090227E-02  0.2067470E-02  0.0000000E+00  0.0000000E+00  0.0000000E+00
  0.50000  0.16654  0.28145  0.28890  0.1661938E-01  0.4271647E-02  0.2593474E-02  0.3183323E-02  0.1195836E-01  0.1088324E-02  0.2067545E-02  0.0000000E+00  0.0000000E+00  0.0000000E+00
  0.50000  0.16648  0.28155  0.28900  0.1663490E-01  0.4266894E-02  0.2589249E-02  0.3180358E-02  0.1197803E-01  0.1086537E-02  0.2067620E-02  0.0000000E+00  0.0000000E+00  0.0000000E+00
  0.50000  0.16642  0.28166  0.28910  0.1665040E-01  0.4262251E-02  0.2585030E-02  0.3177395E-02  0.1199768E-01  0.1084857E-02  0.2067696E-02  0.0000000E+00  0.0000000E+00  0.0000000E+00
  0.50000  0.16636  0.28176  0.28920  0.1666589E-01  0.4257710E-02  0.2580815E-02  0.3174434E-02  0.1201730E-01  0.1083276E-02  0.2067772E-02  0.0000000E+00  0.0000000E+00  0.0000000E+00
  0.50000  0.16631  0.28186  0.28930  0.1668136E-01  0.4253263E-02  0.2576606E-02  0.3171476E-02  0.1203691E-01  0.1081787E-02  0.2067848E-02  0.0000000E+00  0.0000000E+00  0.0000000E+00
  0.50000  0.16625  0.28196  0.28940  0.1669683E-01  0.4248904E-02  0.2572401E-02  0.3168520E-02  0.1205650E-01  0.1080384E-02  0.2067925E-02  0.0000000E+00  0.0000000E+00  0.0000000E+00
  0.50000  0.16619  0.28207  0.28950  0.1671228E-01  0.4244627E-02  0.2568201E-02  0.3165566E-02  0.1207608E-01  0.1079061E-02  0.2068002E-02  0.0000000E+00  0.0000000E+00  0.0000000E+00
  0.50000  0.16613  0.28217  0.28960  0.1672773E-01  0.4240428E-02  0.2564006E-02  0.3162615E-02  0.1209564E-01  0.1077813E-02  0.2068079E-02  0.0000000E+00  0.0000000E+00  0.0000000E+00
  0.50000  0.16607  0.28227  0.28970  0.1674317E-01  0.4236301E-02  0.2559817E-02  0.3159666E-02  0.1211520E-01  0.1076635E-02  0.2068157E-02  0.0000000E+00  0.0000000E+00  0.0000000E+00
  0.50000  0.16602  0.28237  0.28980  0.1675861E-01  0.4232243E-02  0.2555632E-02  0.3156719E-02  0.1213474E-01  0.1075524E-02  0.2068234E-02  0.0000000E+00  0.0000000E+00  0.0000000E+00
  0.50000  0.16596  0.28248  0.28990  0.1677405E-01  0.4228249E-02  0.2551452E-02  0.3153775E-02  0.1215428E-01  0.1074475E-02  0.2068312E-02  0.0000000E+00  0.0000000E+00  0.0000000E+00
  0.50000  0.16590  0.28258  0.29000  0.1678948E-01  0.4224317E-02  0.2547277E-02  0.3150833E-02  0.1217381E-01  0.1073484E-02  0.2068390E-02  0.0000000E+00  0.0000000E+00  0.0000000E+00
  0.50000  0.16584  0.28268  0.29010  0.1680491E-01  0.4220442E-02  0.2543107E-02  0.3147893E-02  0.1219334E-01  0.1072549E-02  0.2068469E-02  0.0000000E+00  0.0000000E+00  0.0000000E+00
  0.50000  0.16578  0.28278  0.29020  0.1682035E-01  0.4216622E-02  0.2538942E-02  0.3144955E-02  0.1221286E-01  0.1071667E-02  0.2068547E-02  0.0000000E+00  0.0000000E+00  0.0000000E+00
  0.50000  0.16573  0.28289  0.29030  0.1683578E-01  0.4212854E-02  0.2534781E-02  0.3142020E-02  0.1223238E-01  0.1070834E-02  0.2068626E-02  0.0000000E+00  0.0000000E+00  0.0000000E+00
  0.50000  0.16567  0.28299  0.29040  0.1685122E-01  0.4209136E-02  0.2530626E-02  0.3139087E-02  0.1225189E-01  0.1070049E-02  0.2068705E-02  0.0000000E+00  0.0000000E+00  0.0000000E+00
  0.50000  0.16561  0.28309  0.29050  0.1686666E-01  0.4205465E-02  0.2526476E-02  0.3136157E-02  0.1227140E-01  0.1069308E-02  0.2068784E-02  0.0000000E+00  0.0000000E+00  0.0000000E+00
  0.50000  0.16555  0.28319  0.29060  0.1688211E-01  0.4201839E-02  0.2522330E-02  0.3133228E-02  0.1229092E-01  0.1068610E-02  0.2068863E-02  0.0000000E+00  0.0000000E+00  0.0000000E+00
  0.50000  0.16549  0.28330  0.29070  0.1689756E-01  0.4198256E-02  0.2518189E-02  0.3130302E-02  0.1231043E-01  0.1067953E-02  0.2068942E-02  0.0000000E+00  0.0000000E+00  0.0000000E+00
  0.50000  0.16544  0.28340  0.29080  0.1691301E-01  0.4194714E-02  0.2514054E-02  0.3127379E-02  0.1232994E-01  0.1067335E-02  0.2069021E-02  0.0000000E+00  0.0000000E+00  0.0000000E+00
  0.50000  0.16538  0.28350  0.29090  0.1692847E-01  0.4191212E-02  0.2509923E-02  0.3124457E-02  0.1234945E-01  0.1066754E-02  0.2069100E-02  0.0000000E+00  0.0000000E+00  0.0000000E+00
  0.50000  0.16532  0.28361  0.29100  0.1694394E-01  0.4187747E-02  0.2505797E-02  0.3121538E-02  0.1236896E-01  0.1066209E-02  0.2069180E-02  0.0000000E+00  0.0000000E+00  0.0000000E+00
  0.50000  0.16526  0.28371  0.29110  0.1695941E-01  0.4184319E-02  0.2501676E-02  0.3118621E-02  0.1238848E-01  0.1065698E-02  0.2069259E-02  0.0000000E+00  0.0000000E+00  0.0000000E+00
  0.50000  0.16520  0.28381  0.29120  0.1697489E-01  0.4180926E-02  0.2497560E-02  0.3115707E-02  0.1240800E-01  0.1065219E-02  0.2069338E-02  0.0000000E+00  0.0000000E+00  0.0000000E+00
  0.50000  0.16514  0.28391  0.29130  0.1699038E-01  0.4177566E-02  0.2493449E-02  0.3112794E-02  0.1242752E-01  0.1064772E-02  0.2069418E-02  0.0000000E+00  0.0000000E+00  0.0000000E+00
  0.50000  0.16509  0.28402  0.29140  0.1700588E-01  0.4174239E-02  0.2489342E-02  0.3109884E-02  0.1244704E-01  0.1064355E-02  0.2069497E-02  0.0000000E+00  0.0000000E+00  0.0000000E+00
  0.50000  0.16503  0.28412  0.29150  0.1702138E-01  0.4170943E-02  0.2485241E-02  0.3106977E-02  0.1246656E-01  0.1063966E-02  0.2069576E-02  0.0000000E+00  0.0000000E+00  0.0000000E+00
  0.50000  0.16497  0.28422  0.29160  0.1703689E-01  0.4167677E-02  0.2481144E-02  0.3104071E-02  0.1248609E-01  0.1063606E-02  0.2069656E-02  0.0000000E+00  0.0000000E+00  0.0000000E+00
  0.50000  0.16491  0.28432  0.29170  0.1705242E-01  0.4164440E-02  0.2477052E-02  0.3101168E-02  0.1250563E-01  0.1063272E-02  0.2069735E-02  0.0000000E+00  0.0000000E+00  0.0000000E+00
  0.50000  0.16485  0.28443  0.29180  0.1705389E-01  0.4277531E-02  0.2472965E-02  0.3098267E-02  0.1251111E-01  0.1179264E-02  0.2069814E-02  0.0000000E+00  0.0000000E+00  0.0000000E+00
  0.50000  0.16479  0.28453  0.29190  0.1707097E-01  0.4270613E-02  0.2468883E-02  0.3095368E-02  0.1253219E-01  0.1175245E-02  0.2069893E-02  0.0000000E+00  0.0000000E+00  0.0000000E+00
  0.50000  0.16474  0.28463  0.29200  0.1708795E-01  0.4264033E-02  0.2464806E-02  0.3092472E-02  0.1255317E-01  0.1171561E-02  0.2069972E-02  0.0000000E+00  0.0000000E+00  0.0000000E+00
  0.50000  0.16468  0.28473  0.29210  0.1710484E-01  0.4257749E-02  0.2460733E-02  0.3089578E-02  0.1257406E-01  0.1168171E-02  0.2070051E-02  0.0000000E+00  0.0000000E+00  0.0000000E+00
  0.50000  0.16462  0.28484  0.29220  0.1712166E-01  0.4251729E-02  0.2456666E-02  0.3086686E-02  0.1259486E-01  0.1165043E-02  0.2070130E-02  0.0000000E+00  0.0000000E+00  0.0000000E+00
  0.50000  0.16456  0.28494  0.29230  0.1713841E-01  0.4245944E-02  0.2452603E-02  0.3083796E-02  0.1261560E-01  0.1162148E-02  0.2070208E-02  0.0000000E+00  0.0000000E+00  0.0000000E+00
  0.50000  0.16450  0.28504  0.29240  0.1715510E-01  0.4240370E-02  0.2448545E-02  0.3080909E-02  0.1263627E-01  0.1159462E-02  0.2070287E-02  0.0000000E+00  0.0000000E+00  0.0000000E+00
  0.50000  0.16444  0.28514  0.29250  0.1717174E-01  0.4234987E-02  0.2444492E-02  0.3078024E-02  0.1265688E-01  0.1156963E-02  0.2070365E-02  0.0000000E+00  0.0000000E+00  0.0000000E+00
  0.50000  0.16439  0.28525  0.29260  0.1718833E-01  0.4229776E-02  0.2440443E-02  0.3075141E-02  0.1267745E-01  0.1154636E-02  0.2070443E-02  0.0000000E+00  0.0000000E+00  0.0000000E+00
  0.50000  0.16433  0.28535  0.29270  0.1720489E-01  0.4224723E-02  0.2436400E-02  0.3072260E-02  0.1269797E-01  0.1152463E-02  0.2070521E-02  0.0000000E+00  0.0000000E+00  0.0000000E+00
  0.50000  0.16427  0.28545  0.29280  0.1722141E-01  0.4219813E-02  0.2432361E-02  0.3069381E-02  0.1271845E-01  0.1150432E-02  0.2070598E-02  0.0000000E+00  0.0000000E+00  0.0000000E+00
  0.50000  0.16421  0.28555  0.29290  0.1723790E-01  0.4215036E-02  0.2428327E-02  0.3066505E-02  0.1273890E-01  0.1148531E-02  0.2070676E-02  0.0000000E+00  0.0000000E+00  0.0000000E+00
  0.50000  0.16415  0.28566  0.29300  0.1725437E-01  0.4210380E-02  0.2424298E-02  0.3063631E-02  0.1275932E-01  0.1146748E-02  0.2070753E-02  0.0000000E+00  0.0000000E+00  0.0000000E+00
  0.50000  0.16409  0.28576  0.29310  0.1727081E-01  0.4205836E-02  0.2420274E-02  0.3060760E-02  0.1277971E-01  0.1145077E-02  0.2070829E-02  0.0000000E+00  0.0000000E+00  0.0000000E+00
  0.50000  0.16403  0.28586  0.29320  0.1728723E-01  0.4201397E-02  0.2416254E-02  0.3057890E-02  0.1280007E-01  0.1143507E-02  0.2070906E-02  0.0000000E+00  0.0000000E+00  0.0000000E+00
  0.50000  0.16398  0.28597  0.29330  0.1730364E-01  0.4197054E-02  0.2412239E-02  0.3055023E-02  0.1282042E-01  0.1142031E-02  0.2070982E-02  0.0000000E+00  0.0000000E+00  0.0000000E+00
  0.50000  0.16392  0.28607  0.29340  0.1732003E-01  0.4192801E-02  0.2408229E-02  0.3052158E-02  0.1284074E-01  0.1140644E-02  0.2071058E-02  0.0000000E+00  0.0000000E+00  0.0000000E+00
  0.50000  0.16386  0.28617  0.29350  0.1733641E-01  0.4188633E-02  0.2404224E-02  0.3049295E-02  0.1286105E-01  0.1139339E-02  0.2071134E-02  0.0000000E+00  0.0000000E+00  0.0000000E+00
  0.50000  0.16380  0.28627  0.29360  0.1735277E-01  0.4184544E-02  0.2400224E-02  0.3046434E-02  0.1288134E-01  0.1138110E-02  0.2071209E-02  0.0000000E+00  0.0000000E+00  0.0000000E+00
  0.50000  0.16374  0.28638  0.29370  0.1736913E-01  0.4180529E-02  0.2396228E-02  0.3043576E-02  0.1290162E-01  0.1136954E-02  0.2071284E-02  0.0000000E+00  0.0000000E+00  0.0000000E+00
  0.50000  0.16368  0.28648  0.29380  0.1738548E-01  0.4176584E-02  0.2392237E-02  0.3040720E-02  0.1292189E-01  0.1135865E-02  0.2071359E-02  0.0000000E+00  0.0000000E+00  0.0000000E+00
  0.50000  0.16362  0.28658  0.29390  0.1740183E-01  0.4172705E-02  0.2388251E-02  0.3037866E-02  0.1294214E-01  0.1134840E-02  0.2071433E-02  0.0000000E+00  0.0000000E+00  0.0000000E+00
  0.50000  0.16356  0.28668  0.29400  0.1741816E-01  0.4168888E-02  0.2384270E-02  0.3035014E-02  0.1296239E-01  0.1133874E-02  0.2071507E-02  0.0000000E+00  0.0000000E+00  0.0000000E+00
  0.50000  0.16351  0.28679  0.29410  0.1743450E-01  0.4165130E-02  0.2380293E-02  0.3032164E-02  0.1298263E-01  0.1132966E-02  0.2071580E-02  0.0000000E+00  0.0000000E+00  0.0000000E+00
  0.50000  0.16345  0.28689  0.29420  0.1745083E-01  0.4161427E-02  0.2376321E-02  0.3029317E-02  0.1300286E-01  0.1132110E-02  0.2071653E-02  0.0000000E+00  0.0000000E+00  0.0000000E+00
  0.50000  0.16339  0.28699  0.29430  0.1746716E-01  0.4157778E-02  0.2372354E-02  0.3026472E-02  0.1302308E-01  0.1131306E-02  0.2071726E-02  0.0000000E+00  0.0000000E+00  0.0000000E+00
  0.50000  0.16333  0.28709  0.29440  0.1748349E-01  0.4154179E-02  0.2368391E-02  0.3023629E-02  0.1304330E-01  0.1130550E-02  0.2071798E-02  0.0000000E+00  0.0000000E+00  0.0000000E+00
  0.50000  0.16327  0.28720  0.29450  0.1749982E-01  0.4150627E-02  0.2364433E-02  0.3020788E-02  0.1306352E-01  0.1129839E-02  0.2071870E-02  0.0000000E+00  0.0000000E+00  0.0000000E+00
  0.50000  0.16321  0.28730  0.29460  0.1751615E-01  0.4147122E-02  0.2360480E-02  0.3017949E-02  0.1308373E-01  0.1129172E-02  0.2071941E-02  0.0000000E+00  0.0000000E+00  0.0000000E+00
  0.50000  0.16315  0.28740  0.29470  0.1753249E-01  0.4143660E-02  0.2356532E-02  0.3015113E-02  0.1310394E-01  0.1128547E-02  0.2072012E-02  0.0000000E+00  0.0000000E+00  0.0000000E+00
  0.50000  0.16309  0.28750  0.29480  0.1754882E-01  0.4140239E-02  0.2352588E-02  0.3012279E-02  0.1312415E-01  0.1127961E-02  0.2072082E-02  0.0000000E+00  0.0000000E+00  0.0000000E+00
  0.50000  0.16303  0.28761  0.29490  0.1756516E-01  0.4136859E-02  0.2348650E-02  0.3009447E-02  0.1314436E-01  0.1127412E-02  0.2072152E-02  0.0000000E+00  0.0000000E+00  0.0000000E+00
  0.50000  0.16297  0.28771  0.29500  0.1758150E-01  0.4133517E-02  0.2344715E-02  0.3006617E-02  0.1316456E-01  0.1126900E-02  0.2072221E-02  0.0000000E+00  0.0000000E+00  0.0000000E+00
  0.50000  0.16292  0.28781  0.29510  0.1759784E-01  0.4130212E-02  0.2340786E-02  0.3003789E-02  0.1318477E-01  0.1126422E-02  0.2072289E-02  0.0000000E+00  0.0000000E+00  0.0000000E+00
  0.50000  0.16286  0.28792  0.29520  0.1761419E-01  0.4126942E-02  0.2336861E-02  0.3000964E-02  0.1320497E-01  0.1125978E-02  0.2072358E-02  0.0000000E+00  0.0000000E+00  0.0000000E+00
  0.50000  0.16280  0.28802  0.29530  0.1763055E-01  0.4123706E-02  0.2332941E-02  0.2998141E-02  0.1322518E-01  0.1125565E-02  0.2072425E-02  0.0000000E+00  0.0000000E+00  0.0000000E+00
  0.50000  0.16274  0.28812  0.29540  0.1764690E-01  0.4120503E-02  0.2329026E-02  0.2995320E-02  0.1324539E-01  0.1125183E-02  0.2072492E-02  0.0000000E+00  0.0000000E+00  0.0000000E+00
  0.50000  0.16268  0.28822  0.29550  0.1766327E-01  0.4117331E-02  0.2325115E-02  0.2992501E-02  0.1326560E-01  0.1124830E-02  0.2072559E-02  0.0000000E+00  0.0000000E+00  0.0000000E+00
  0.50000  0.16262  0.28833  0.29560  0.1767964E-01  0.4114189E-02  0.2321209E-02  0.2989684E-02  0.1328581E-01  0.1124505E-02  0.2072624E-02  0.0000000E+00  0.0000000E+00  0.0000000E+00
  0.50000  0.16256  0.28843  0.29570  0.1769602E-01  0.4111077E-02  0.2317307E-02  0.2986869E-02  0.1330602E-01  0.1124207E-02  0.2072690E-02  0.0000000E+00  0.0000000E+00  0.0000000E+00
  0.50000  0.16250  0.28853  0.29580  0.1769523E-01  0.4223725E-02  0.2313411E-02  0.2984057E-02  0.1330907E-01  0.1239668E-02  0.2072754E-02  0.0000000E+00  0.0000000E+00  0.0000000E+00
  0.50000  0.16244  0.28863  0.29590  0.1771325E-01  0.4216875E-02  0.2309519E-02  0.2981247E-02  0.1333092E-01  0.1235628E-02  0.2072818E-02  0.0000000E+00  0.0000000E+00  0.0000000E+00
  0.50000  0.16238  0.28874  0.29600  0.1773116E-01  0.4210372E-02  0.2305631E-02  0.2978439E-02  0.1335264E-01  0.1231934E-02  0.2072882E-02  0.0000000E+00  0.0000000E+00  0.0000000E+00
  0.50000  0.16232  0.28884  0.29610  0.1774896E-01  0.4204175E-02  0.2301748E-02  0.2975633E-02  0.1337427E-01  0.1228542E-02  0.2072944E-02  0.0000000E+00  0.0000000E+00  0.0000000E+00
  0.50000  0.16227  0.28894  0.29620  0.1776668E-01  0.4198248E-02  0.2297870E-02  0.2972829E-02  0.1339580E-01  0.1225419E-02  0.2073006E-02  0.0000000E+00  0.0000000E+00  0.0000000E+00
  0.50000  0.16221  0.28904  0.29630  0.1778432E-01  0.4192561E-02  0.2293997E-02  0.2970027E-02  0.1341726E-01  0.1222534E-02  0.2073068E-02  0.0000000E+00  0.0000000E+00  0.0000000E+00
  0.50000  0.16215  0.28915  0.29640  0.1780190E-01  0.4187091E-02  0.2290128E-02  0.2967228E-02  0.1343864E-01  0.1219863E-02  0.2073128E-02  0.0000000E+00  0.0000000E+00  0.0000000E+00
  0.50000  0.16209  0.28925  0.29650  0.1781942E-01  0.4181814E-02  0.2286264E-02  0.2964430E-02  0.1345996E-01  0.1217384E-02  0.2073188E-02  0.0000000E+00  0.0000000E+00  0.0000000E+00
  0.50000  0.16203  0.28935  0.29660  0.1783688E-01  0.4176714E-02  0.2282404E-02  0.2961635E-02  0.1348123E-01  0.1215079E-02  0.2073247E-02  0.0000000E+00  0.0000000E+00  0.0000000E+00
  0.50000  0.16197  0.28945  0.29670  0.1785431E-01  0.4171773E-02  0.2278549E-02  0.2958842E-02  0.1350245E-01  0.1212931E-02  0.2073306E-02  0.0000000E+00  0.0000000E+00  0.0000000E+00
  0.50000  0.16191  0.28956  0.29680  0.1787169E-01  0.4166979E-02  0.2274699E-02  0.2956051E-02  0.1352363E-01  0.1210928E-02  0.2073363E-02  0.0000000E+00  0.0000000E+00  0.0000000E+00
  0.50000  0.16185  0.28966  0.29690  0.1788904E-01  0.4162318E-02  0.2270853E-02  0.2953262E-02  0.1354477E-01  0.1209056E-02  0.2073420E-02  0.0000000E+00  0.0000000E+00  0.0000000E+00
  0.50000  0.16179  0.28976  0.29700  0.1790636E-01  0.4157781E-02  0.2267012E-02  0.2950476E-02  0.1356587E-01  0.1207306E-02  0.2073477E-02  0.0000000E+00  0.0000000E+00  0.0000000E+00
  0.50000  0.16173  0.28987  0.29710  0.1792365E-01  0.4153358E-02  0.2263176E-02  0.2947691E-02  0.1358694E-01  0.1205667E-02  0.2073532E-02  0.0000000E+00  0.0000000E+00  0.0000000E+00
  0.50000  0.16167  0.28997  0.29720  0.1794091E-01  0.4149040E-02  0.2259344E-02  0.2944909E-02  0.1360798E-01  0.1204131E-02  0.2073587E-02  0.0000000E+00  0.0000000E+00  0.0000000E+00
  0.50000  0.16161  0.29007  0.29730  0.1795816E-01  0.4144820E-02  0.2255517E-02  0.2942129E-02  0.1362900E-01  0.1202691E-02  0.2073641E-02  0.0000000E+00  0.0000000E+00  0.0000000E+00
  0.50000  0.16155  0.29017  0.29740  0.1797538E-01  0.4140691E-02  0.2251694E-02  0.2939351E-02  0.1365000E-01  0.1201341E-02  0.2073694E-02  0.0000000E+00  0.0000000E+00  0.0000000E+00
  0.50000  0.16149  0.29028  0.29750  0.1799259E-01  0.4136648E-02  0.2247876E-02  0.2936575E-02  0.1367097E-01  0.1200073E-02  0.2073746E-02  0.0000000E+00  0.0000000E+00  0.0000000E+00
  0.50000  0.16143  0.29038  0.29760  0.1800979E-01  0.4132684E-02  0.2244063E-02  0.2933801E-02  0.1369193E-01  0.1198883E-02  0.2073797E-02  0.0000000E+00  0.0000000E+00  0.0000000E+00
  0.50000  0.16137  0.29048  0.29770  0.1802697E-01  0.4128795E-02  0.2240254E-02  0.2931029E-02  0.1371287E-01  0.1197766E-02  0.2073848E-02  0.0000000E+00  0.0000000E+00  0.0000000E+00
  0.50000  0.16132  0.29058  0.29780  0.1804414E-01  0.4124976E-02  0.2236449E-02  0.2928259E-02  0.1373379E-01  0.1196717E-02  0.2073897E-02  0.0000000E+00  0.0000000E+00  0.0000000E+00
  0.50000  0.16126  0.29069  0.29790  0.1806130E-01  0.4121223E-02  0.2232650E-02  0.2925492E-02  0.1375471E-01  0.1195732E-02  0.2073946E-02  0.0000000E+00  0.0000000E+00  0.0000000E+00
  0.50000  0.16120  0.29079  0.29800  0.1807846E-01  0.4117533E-02  0.2228854E-02  0.2922726E-02  0.1377561E-01  0.1194807E-02  0.2073994E-02  0.0000000E+00  0.0000000E+00  0.0000000E+00
  0.50000  0.16114  0.29089  0.29810  0.1809560E-01  0.4113903E-02  0.2225064E-02  0.2919963E-02  0.1379650E-01  0.1193940E-02  0.2074041E-02  0.0000000E+00  0.0000000E+00  0.0000000E+00
  0.50000  0.16108  0.29099  0.29820  0.1811274E-01  0.4110328E-02  0.2221278E-02  0.2917202E-02  0.1381738E-01  0.1193126E-02  0.2074087E-02  0.0000000E+00  0.0000000E+00  0.0000000E+00
  0.50000  0.16102  0.29110  0.29830  0.1812988E-01  0.4106806E-02  0.2217496E-02  0.2914443E-02  0.1383825E-01  0.1192364E-02  0.2074133E-02  0.0000000E+00  0.0000000E+00  0.0000000E+00
  0.50000  0.16096  0.29120  0.29840  0.1814701E-01  0.4103335E-02  0.2213719E-02  0.2911686E-02  0.1385911E-01  0.1191650E-02  0.2074177E-02  0.0000000E+00  0.0000000E+00  0.0000000E+00
  0.50000  0.16090  0.29130  0.29850  0.1816414E-01  0.4099912E-02  0.2209947E-02  0.2908931E-02  0.1387997E-01  0.1190982E-02  0.2074220E-02  0.0000000E+00  0.0000000E+00  0.0000000E+00
  0.50000  0.16084  0.29141  0.29860  0.1818127E-01  0.4096535E-02  0.2206179E-02  0.2906178E-02  0.1390082E-01  0.1190357E-02  0.2074263E-02  0.0000000E+00  0.0000000E+00  0.0000000E+00
  0.50000  0.16078  0.29151  0.29870  0.1819839E-01  0.4093202E-02  0.2202416E-02  0.2903427E-02  0.1392167E-01  0.1189775E-02  0.2074304E-02  0.0000000E+00  0.0000000E+00  0.0000000E+00
  0.50000  0.16072  0.29161  0.29880  0.1821552E-01  0.4089911E-02  0.2198657E-02  0.2900679E-02  0.1394252E-01  0.1189232E-02  0.2074345E-02  0.0000000E+00  0.0000000E+00  0.0000000E+00
  0.50000  0.16066  0.29171  0.29890  0.1823264E-01  0.4086659E-02  0.2194903E-02  0.2897932E-02  0.1396336E-01  0.1188727E-02  0.2074384E-02  0.0000000E+00  0.0000000E+00  0.0000000E+00
  0.50000  0.16060  0.29182  0.29900  0.1824977E-01  0.4083446E-02  0.2191153E-02  0.2895188E-02  0.1398419E-01  0.1188259E-02  0.2074423E-02  0.0000000E+00  0.0000000E+00  0.0000000E+00
  0.50000  0.16054  0.29192  0.29910  0.1826690E-01  0.4080270E-02  0.2187408E-02  0.2892445E-02  0.1400503E-01  0.1187825E-02  0.2074460E-02  0.0000000E+00  0.0000000E+00  0.0000000E+00
  0.50000  0.16048  0.29202  0.29920  0.1828403E-01  0.4077129E-02  0.2183667E-02  0.2889705E-02  0.1402586E-01  0.1187424E-02  0.2074497E-02  0.0000000E+00  0.0000000E+00  0.0000000E+00
  0.50000  0.16042  0.29212  0.29930  0.1830116E-01  0.4074022E-02  0.2179931E-02  0.2886967E-02  0.1404669E-01  0.1187055E-02  0.2074532E-02  0.0000000E+00  0.0000000E+00  0.0000000E+00
  0.50000  0.16036  0.29223  0.29940  0.1831829E-01  0.4070948E-02  0.2176199E-02  0.2884231E-02  0.1406753E-01  0.1186717E-02  0.2074567E-02  0.0000000E+00  0.0000000E+00  0.0000000E+00
  0.50000  0.16030  0.29233  0.29950  0.1833543E-01  0.4067905E-02  0.2172472E-02  0.2881497E-02  0.1408836E-01  0.1186408E-02  0.2074600E-02  0.0000000E+00  0.0000000E+00  0.0000000E+00
  0.50000  0.16024  0.29243  0.29960  0.1835257E-01  0.4064892E-02  0.2168749E-02  0.2878765E-02  0.1410919E-01  0.1186128E-02  0.2074633E-02  0.0000000E+00  0.0000000E+00  0.0000000E+00
  0.50000  0.16018  0.29253  0.29970  0.1836971E-01  0.4061909E-02  0.2165031E-02  0.2876035E-02  0.1413002E-01  0.1185875E-02  0.2074664E-02  0.0000000E+00  0.0000000E+00  0.0000000E+00
  0.50000  0.16012  0.29264  0.29980  0.1838686E-01  0.4058954E-02  0.2161317E-02  0.2873307E-02  0.1415085E-01  0.1185647E-02  0.2074694E-02  0.0000000E+00  0.0000000E+00  0.0000000E+00
  0.50000  0.16006  0.29274  0.29990  0.1838604E-01  0.4166350E-02  0.2157608E-02  0.2870581E-02  0.1415371E-01  0.1295769E-02  0.2074724E-02  0.0000000E+00  0.0000000E+00  0.0000000E+00
  0.50000  0.16000  0.29284  0.30000  0.1840475E-01  0.4159984E-02  0.2153903E-02  0.2867857E-02  0.1417610E-01  0.1292126E-02  0.2074752E-02  0.0000000E+00  0.0000000E+00  0.0000000E+00
  0.50000  0.15994  0.29295  0.30010  0.1842336E-01  0.4153925E-02  0.2150203E-02  0.2865136E-02  0.1419838E-01  0.1288789E-02  0.2074779E-02  0.0000000E+00  0.0000000E+00  0.0000000E+00
  0.50000  0.15988  0.29305  0.30020  0.1844187E-01  0.4148138E-02  0.2146507E-02  0.2862416E-02  0.1422055E-01  0.1285722E-02  0.2074805E-02  0.0000000E+00  0.0000000E+00  0.0000000E+00
  0.50000  0.15982  0.29315  0.30030  0.1846029E-01  0.4142592E-02  0.2142816E-02  0.2859698E-02  0.1424265E-01  0.1282894E-02  0.2074829E-02  0.0000000E+00  0.0000000E+00  0.0000000E+00
  0.50000  0.15976  0.29325  0.30040  0.1847865E-01  0.4137263E-02  0.2139129E-02  0.2856983E-02  0.1426467E-01  0.1280280E-02  0.2074853E-02  0.0000000E+00  0.0000000E+00  0.0000000E+00
  0.50000  0.15970  0.29336  0.30050  0.1849694E-01  0.4132128E-02  0.2135447E-02  0.2854269E-02  0.1428662E-01  0.1277859E-02  0.2074876E-02  0.0000000E+00  0.0000000E+00  0.0000000E+00
  0.50000  0.15964  0.29346  0.30060  0.1851518E-01  0.4127170E-02  0.2131769E-02  0.2851558E-02  0.1430851E-01  0.1275612E-02  0.2074897E-02  0.0000000E+00  0.0000000E+00  0.0000000E+00
  0.50000  0.15958  0.29356  0.30070  0.1853337E-01  0.4122372E-02  0.2128096E-02  0.2848849E-02  0.1433036E-01  0.1273523E-02  0.2074917E-02  0.0000000E+00  0.0000000E+00  0.0000000E+00
  0.50000  0.15952  0.29366  0.30080  0.1855151E-01  0.4117719E-02  0.2124426E-02  0.2846141E-02  0.1435215E-01  0.1271578E-02  0.2074936E-02  0.0000000E+00  0.0000000E+00  0.0000000E+00
  0.50000  0.15946  0.29377  0.30090  0.1856962E-01  0.4113201E-02  0.2120762E-02  0.2843436E-02  0.1437390E-01  0.1269765E-02  0.2074954E-02  0.0000000E+00  0.0000000E+00  0.0000000E+00
  0.50000  0.15940  0.29387  0.30100  0.1858769E-01  0.4108806E-02  0.2117102E-02  0.2840733E-02  0.1439561E-01  0.1268073E-02  0.2074971E-02  0.0000000E+00  0.0000000E+00  0.0000000E+00
  0.50000  0.15934  0.29397  0.30110  0.1860572E-01  0.4104524E-02  0.2113446E-02  0.2838031E-02  0.1441729E-01  0.1266492E-02  0.2074986E-02  0.0000000E+00  0.0000000E+00  0.0000000E+00
  0.50000  0.15928  0.29408  0.30120  0.1862374E-01  0.4100347E-02  0.2109795E-02  0.2835332E-02  0.1443894E-01  0.1265015E-02  0.2075001E-02  0.0000000E+00  0.0000000E+00  0.0000000E+00
  0.50000  0.15922  0.29418  0.30130  0.1864172E-01  0.4096268E-02  0.2106148E-02  0.2832635E-02  0.1446056E-01  0.1263633E-02  0.2075014E-02  0.0000000E+00  0.0000000E+00  0.0000000E+00
  0.50000  0.15916  0.29428  0.30140  0.1865968E-01  0.4092280E-02  0.2102505E-02  0.2829940E-02  0.1448215E-01  0.1262340E-02  0.2075026E-02  0.0000000E+00  0.0000000E+00  0.0000000E+00
  0.50000  0.15910  0.29438  0.30150  0.1867763E-01  0.4088377E-02  0.2098867E-02  0.2827247E-02  0.1450372E-01  0.1261130E-02  0.2075036E-02  0.0000000E+00  0.0000000E+00  0.0000000E+00
  0.50000  0.15904  0.29449  0.30160  0.1869555E-01  0.4084553E-02  0.2095234E-02  0.2824556E-02  0.1452527E-01  0.1259997E-02  0.2075046E-02  0.0000000E+00  0.0000000E+00  0.0000000E+00
  0.50000  0.15898  0.29459  0.30170  0.1871346E-01  0.4080803E-02  0.2091605E-02  0.2821867E-02  0.1454680E-01  0.1258937E-02  0.2075054E-02  0.0000000E+00  0.0000000E+00  0.0000000E+00
  0.50000  0.15892  0.29469  0.30180  0.1873136E-01  0.4077124E-02  0.2087980E-02  0.2819180E-02  0.1456832E-01  0.1257944E-02  0.2075061E-02  0.0000000E+00  0.0000000E+00  0.0000000E+00
  0.50000  0.15886  0.29479  0.30190  0.1874924E-01  0.4073510E-02  0.2084359E-02  0.2816495E-02  0.1458982E-01  0.1257016E-02  0.2075066E-02  0.0000000E+00  0.0000000E+00  0.0000000E+00
  0.50000  0.15880  0.29490  0.30200  0.1876711E-01  0.4069959E-02  0.2080743E-02  0.2813811E-02  0.1461130E-01  0.1256147E-02  0.2075071E-02  0.0000000E+00  0.0000000E+00  0.0000000E+00
  0.50000  0.15874  0.29500  0.30210  0.1878497E-01  0.4066466E-02  0.2077132E-02  0.2811130E-02  0.1463277E-01  0.1255336E-02  0.2075074E-02  0.0000000E+00  0.0000000E+00  0.0000000E+00
  0.50000  0.15868  0.29510  0.30220  0.1880283E-01  0.4063029E-02  0.2073524E-02  0.2808451E-02  0.1465423E-01  0.1254578E-02  0.2075075E-02  0.0000000E+00  0.0000000E+00  0.0000000E+00
  0.50000  0.15861  0.29521  0.30230  0.1882067E-01  0.4059645E-02  0.2069922E-02  0.2805774E-02  0.1467568E-01  0.1253871E-02  0.2075076E-02  0.0000000E+00  0.0000000E+00  0.0000000E+00
  0.50000  0.15855  0.29531  0.30240  0.1883851E-01  0.4056311E-02  0.2066323E-02  0.2803099E-02  0.1469712E-01  0.1253212E-02  0.2075075E-02  0.0000000E+00  0.0000000E+00  0.0000000E+00
  0.50000  0.15849  0.29541  0.30250  0.1885635E-01  0.4053025E-02  0.2062729E-02  0.2800426E-02  0.1471855E-01  0.1252599E-02  0.2075073E-02  0.0000000E+00  0.0000000E+00  0.0000000E+00
  0.50000  0.15843  0.29551  0.30260  0.1887418E-01  0.4049785E-02  0.2059139E-02  0.2797755E-02  0.1473997E-01  0.1252029E-02  0.2075069E-02  0.0000000E+00  0.0000000E+00  0.0000000E+00
  0.50000  0.15837  0.29562  0.30270  0.1889200E-01  0.4046587E-02  0.2055554E-02  0.2795086E-02  0.1476138E-01  0.1251501E-02  0.2075064E-02  0.0000000E+00  0.0000000E+00  0.0000000E+00
  0.50000  0.15831  0.29572  0.30280  0.1890982E-01  0.4043432E-02  0.2051973E-02  0.2792419E-02  0.1478279E-01  0.1251013E-02  0.2075058E-02  0.0000000E+00  0.0000000E+00  0.0000000E+00
  0.50000  0.15825  0.29582  0.30290  0.1892764E-01  0.4040316E-02  0.2048396E-02  0.2789754E-02  0.1480420E-01  0.1250562E-02  0.2075051E-02  0.0000000E+00  0.0000000E+00  0.0000000E+00
  0.50000  0.15819  0.29592  0.30300  0.1894546E-01  0.4037238E-02  0.2044824E-02  0.2787091E-02  0.1482560E-01  0.1250147E-02  0.2075042E-02  0.0000000E+00  0.0000000E+00  0.0000000E+00
  0.50000  0.15813  0.29603  0.30310  0.1896328E-01  0.4034196E-02  0.2041256E-02  0.2784430E-02  0.1484699E-01  0.1249766E-02  0.2075032E-02  0.0000000E+00  0.0000000E+00  0.0000000E+00
  0.50000  0.15807  0.29613  0.30320  0.1898109E-01  0.4031190E-02  0.2037692E-02  0.2781771E-02  0.1486838E-01  0.1249419E-02  0.2075020E-02  0.0000000E+00  0.0000000E+00  0.0000000E+00
  0.50000  0.15801  0.29623  0.30330  0.1899891E-01  0.4028217E-02  0.2034133E-02  0.2779114E-02  0.1488977E-01  0.1249103E-02  0.2075007E-02  0.0000000E+00  0.0000000E+00  0.0000000E+00
  0.50000  0.15795  0.29633  0.30340  0.1901672E-01  0.4025277E-02  0.2030578E-02  0.2776459E-02  0.1491115E-01  0.1248818E-02  0.2074992E-02  0.0000000E+00  0.0000000E+00  0.0000000E+00
  0.50000  0.15789  0.29644  0.30350  0.1903454E-01  0.4022367E-02  0.2027027E-02  0.2773806E-02  0.1493254E-01  0.1248562E-02  0.2074976E-02  0.0000000E+00  0.0000000E+00  0.0000000E+00
  0.50000  0.15783  0.29654  0.30360  0.1905236E-01  0.4019488E-02  0.2023481E-02  0.2771154E-02  0.1495392E-01  0.1248334E-02  0.2074959E-02  0.0000000E+00  0.0000000E+00  0.0000000E+00
  0.50000  0.15777  0.29664  0.30370  0.1907017E-01  0.4016638E-02  0.2019939E-02  0.2768505E-02  0.1497529E-01  0.1248133E-02  0.2074941E-02  0.0000000E+00  0.0000000E+00  0.0000000E+00
  0.50000  0.15771  0.29675  0.30380  0.1908799E-01  0.4013815E-02  0.2016402E-02  0.2765858E-02  0.1499667E-01  0.1247958E-02  0.2074920E-02  0.0000000E+00  0.0000000E+00  0.0000000E+00
  0.50000  0.15764  0.29685  0.30390  0.1908603E-01  0.4118765E-02  0.2012868E-02  0.2763213E-02  0.1499826E-01  0.1355552E-02  0.2074899E-02  0.0000000E+00  0.0000000E+00  0.0000000E+00
  0.50000  0.15758  0.29695  0.30400  0.1910542E-01  0.4112594E-02  0.2009339E-02  0.2760569E-02  0.1502121E-01  0.1352025E-02  0.2074876E-02  0.0000000E+00  0.0000000E+00  0.0000000E+00
  0.50000  0.15752  0.29705  0.30410  0.1912470E-01  0.4106726E-02  0.2005815E-02  0.2757928E-02  0.1504404E-01  0.1348799E-02  0.2074851E-02  0.0000000E+00  0.0000000E+00  0.0000000E+00
  0.50000  0.15746  0.29716  0.30420  0.1914389E-01  0.4101126E-02  0.2002294E-02  0.2755288E-02  0.1506677E-01  0.1345837E-02  0.2074826E-02  0.0000000E+00  0.0000000E+00  0.0000000E+00
  0.50000  0.15740  0.29726  0.30430  0.1916299E-01  0.4095763E-02  0.1998778E-02  0.2752651E-02  0.1508941E-01  0.1343112E-02  0.2074798E-02  0.0000000E+00  0.0000000E+00  0.0000000E+00
  0.50000  0.15734  0.29736  0.30440  0.1918201E-01  0.4090613E-02  0.1995266E-02  0.2750015E-02  0.1511197E-01  0.1340598E-02  0.2074769E-02  0.0000000E+00  0.0000000E+00  0.0000000E+00
  0.50000  0.15728  0.29746  0.30450  0.1920096E-01  0.4085655E-02  0.1991759E-02  0.2747382E-02  0.1513447E-01  0.1338273E-02  0.2074739E-02  0.0000000E+00  0.0000000E+00  0.0000000E+00
  0.50000  0.15722  0.29757  0.30460  0.1921986E-01  0.4080870E-02  0.1988255E-02  0.2744750E-02  0.1515690E-01  0.1336120E-02  0.2074707E-02  0.0000000E+00  0.0000000E+00  0.0000000E+00
  0.50000  0.15716  0.29767  0.30470  0.1923870E-01  0.4076242E-02  0.1984756E-02  0.2742121E-02  0.1517927E-01  0.1334122E-02  0.2074674E-02  0.0000000E+00  0.0000000E+00  0.0000000E+00
  0.50000  0.15710  0.29777  0.30480  0.1925750E-01  0.4071758E-02  0.1981262E-02  0.2739493E-02  0.1520160E-01  0.1332265E-02  0.2074639E-02  0.0000000E+00  0.0000000E+00  0.0000000E+00
  0.50000  0.15704  0.29788  0.30490  0.1927625E-01  0.4067406E-02  0.1977771E-02  0.2736867E-02  0.1522388E-01  0.1330539E-02  0.2074603E-02  0.0000000E+00  0.0000000E+00  0.0000000E+00
  0.50000  0.15698  0.29798  0.30500  0.1929497E-01  0.4063175E-02  0.1974285E-02  0.2734243E-02  0.1524612E-01  0.1328931E-02  0.2074565E-02  0.0000000E+00  0.0000000E+00  0.0000000E+00
  0.50000  0.15691  0.29808  0.30510  0.1931365E-01  0.4059055E-02  0.1970803E-02  0.2731621E-02  0.1526832E-01  0.1327434E-02  0.2074525E-02  0.0000000E+00  0.0000000E+00  0.0000000E+00
  0.50000  0.15685  0.29818  0.30520  0.1933230E-01  0.4055039E-02  0.1967326E-02  0.2729001E-02  0.1529049E-01  0.1326037E-02  0.2074484E-02  0.0000000E+00  0.0000000E+00  0.0000000E+00
  0.50000  0.15679  0.29829  0.30530  0.1935092E-01  0.4051118E-02  0.1963852E-02  0.2726383E-02  0.1531263E-01  0.1324735E-02  0.2074442E-02  0.0000000E+00  0.0000000E+00  0.0000000E+00
  0.50000  0.15673  0.29839  0.30540  0.1936952E-01  0.4047287E-02  0.1960383E-02  0.2723767E-02  0.1533474E-01  0.1323520E-02  0.2074398E-02  0.0000000E+00  0.0000000E+00  0.0000000E+00
  0.50000  0.15667  0.29849  0.30550  0.1938809E-01  0.4043539E-02  0.1956918E-02  0.2721153E-02  0.1535682E-01  0.1322386E-02  0.2074352E-02  0.0000000E+00  0.0000000E+00  0.0000000E+00
  0.50000  0.15661  0.29859  0.30560  0.1940665E-01  0.4039870E-02  0.1953458E-02  0.2718541E-02  0.1537888E-01  0.1321329E-02  0.2074305E-02  0.0000000E+00  0.0000000E+00  0.0000000E+00
  0.50000  0.15655  0.29870  0.30570  0.1942518E-01  0.4036273E-02  0.1950001E-02  0.2715930E-02  0.1540092E-01  0.1320343E-02  0.2074256E-02  0.0000000E+00  0.0000000E+00  0.0000000E+00
  0.50000  0.15649  0.29880  0.30580  0.1944370E-01  0.4032745E-02  0.1946549E-02  0.2713322E-02  0.1542295E-01  0.1319423E-02  0.2074206E-02  0.0000000E+00  0.0000000E+00  0.0000000E+00
  0.50000  0.15643  0.29890  0.30590  0.1946220E-01  0.4029282E-02  0.1943101E-02  0.2710715E-02  0.1544495E-01  0.1318566E-02  0.2074154E-02  0.0000000E+00  0.0000000E+00  0.0000000E+00
  0.50000  0.15636  0.29901  0.30600  0.1948069E-01  0.4025880E-02  0.1939658E-02  0.2708111E-02  0.1546693E-01  0.1317769E-02  0.2074100E-02  0.0000000E+00  0.0000000E+00  0.0000000E+00
  0.50000  0.15630  0.29911  0.30610  0.1949917E-01  0.4022535E-02  0.1936218E-02  0.2705508E-02  0.1548891E-01  0.1317027E-02  0.2074045E-02  0.0000000E+00  0.0000000E+00  0.0000000E+00
  0.50000  0.15624  0.29921  0.30620  0.1951764E-01  0.4019246E-02  0.1932783E-02  0.2702907E-02  0.1551086E-01  0.1316338E-02  0.2073989E-02  0.0000000E+00  0.0000000E+00  0.0000000E+00
  0.50000  0.15618  0.29931  0.30630  0.1953609E-01  0.4016008E-02  0.1929352E-02  0.2700308E-02  0.1553281E-01  0.1315699E-02  0.2073930E-02  0.0000000E+00  0.0000000E+00  0.0000000E+00
  0.50000  0.15612  0.29942  0.30640  0.1955454E-01  0.4012819E-02  0.1925925E-02  0.2697711E-02  0.1555474E-01  0.1315108E-02  0.2073870E-02  0.0000000E+00  0.0000000E+00  0.0000000E+00
  0.50000  0.15606  0.29952  0.30650  0.1957298E-01  0.4009678E-02  0.1922502E-02  0.2695116E-02  0.1557667E-01  0.1314561E-02  0.2073809E-02  0.0000000E+00  0.0000000E+00  0.0000000E+00
  0.50000  0.15600  0.29962  0.30660  0.1959141E-01  0.4006581E-02  0.1919084E-02  0.2692523E-02  0.1559858E-01  0.1314057E-02  0.2073746E-02  0.0000000E+00  0.0000000E+00  0.0000000E+00
  0.50000  0.15594  0.29972  0.30670  0.1960983E-01  0.4003526E-02  0.1915670E-02  0.2689932E-02  0.1562048E-01  0.1313594E-02  0.2073681E-02  0.0000000E+00  0.0000000E+00  0.0000000E+00
  0.50000  0.15587  0.29983  0.30680  0.1962825E-01  0.4000513E-02  0.1912260E-02  0.2687342E-02  0.1564238E-01  0.1313170E-02  0.2073614E-02  0.0000000E+00  0.0000000E+00  0.0000000E+00
  0.50000  0.15581  0.29993  0.30690  0.1964667E-01  0.3997538E-02  0.1908854E-02  0.2684755E-02  0.1566427E-01  0.1312783E-02  0.2073546E-02  0.0000000E+00  0.0000000E+00  0.0000000E+00
  0.50000  0.15575  0.30003  0.30700  0.1966508E-01  0.3994601E-02  0.1905452E-02  0.2682169E-02  0.1568615E-01  0.1312431E-02  0.2073476E-02  0.0000000E+00  0.0000000E+00  0.0000000E+00
  0.50000  0.15569  0.30014  0.30710  0.1968348E-01  0.3991699E-02  0.1902055E-02  0.2679586E-02  0.1570802E-01  0.1312114E-02  0.2073405E-02  0.0000000E+00  0.0000000E+00  0.0000000E+00
  0.50000  0.15563  0.30024  0.30720  0.1970188E-01  0.3988832E-02  0.1898662E-02  0.2677004E-02  0.1572989E-01  0.1311828E-02  0.2073331E-02  0.0000000E+00  0.0000000E+00  0.0000000E+00
  0.50000  0.15557  0.30034  0.30730  0.1972028E-01  0.3985998E-02  0.1895272E-02  0.2674424E-02  0.1575175E-01  0.1311574E-02  0.2073257E-02  0.0000000E+00  0.0000000E+00  0.0000000E+00
  0.50000  0.15551  0.30044  0.30740  0.1973868E-01  0.3983195E-02  0.1891888E-02  0.2671846E-02  0.1577361E-01  0.1311350E-02  0.2073180E-02  0.0000000E+00  0.0000000E+00  0.0000000E+00
  0.50000  0.15544  0.30055  0.30750  0.1975708E-01  0.3980423E-02  0.1888507E-02  0.2669269E-02  0.1579547E-01  0.1311154E-02  0.2073102E-02  0.0000000E+00  0.0000000E+00  0.0000000E+00
  0.50000  0.15538  0.30065  0.30760  0.1977547E-01  0.3977681E-02  0.1885130E-02  0.2666695E-02  0.1581732E-01  0.1310986E-02  0.2073022E-02  0.0000000E+00  0.0000000E+00  0.0000000E+00
  0.50000  0.15532  0.30075  0.30770  0.1979386E-01  0.3974967E-02  0.1881758E-02  0.2664123E-02  0.1583917E-01  0.1310844E-02  0.2072940E-02  0.0000000E+00  0.0000000E+00  0.0000000E+00
  0.50000  0.15526  0.30086  0.30780  0.1978959E-01  0.4080140E-02  0.1878389E-02  0.2661552E-02  0.1583834E-01  0.1418588E-02  0.2072857E-02  0.0000000E+00  0.0000000E+00  0.0000000E+00
  0.50000  0.15520  0.30096  0.30790  0.1980967E-01  0.4073888E-02  0.1875025E-02  0.2658983E-02  0.1586187E-01  0.1414904E-02  0.2072772E-02  0.0000000E+00  0.0000000E+00  0.0000000E+00
  0.50000  0.15514  0.30106  0.30800  0.1982961E-01  0.4067968E-02  0.1871665E-02  0.2656417E-02  0.1588526E-01  0.1411551E-02  0.2072685E-02  0.0000000E+00  0.0000000E+00  0.0000000E+00
  0.50000  0.15507  0.30116  0.30810  0.1984945E-01  0.4062340E-02  0.1868309E-02  0.2653852E-02  0.1590854E-01  0.1408488E-02  0.2072596E-02  0.0000000E+00  0.0000000E+00  0.0000000E+00
  0.50000  0.15501  0.30127  0.30820  0.1986918E-01  0.4056969E-02  0.1864958E-02  0.2651288E-02  0.1593172E-01  0.1405681E-02  0.2072506E-02  0.0000000E+00  0.0000000E+00  0.0000000E+00
  0.50000  0.15495  0.30137  0.30830  0.1988883E-01  0.4051829E-02  0.1861610E-02  0.2648727E-02  0.1595481E-01  0.1403101E-02  0.2072414E-02  0.0000000E+00  0.0000000E+00  0.0000000E+00
  0.50000  0.15489  0.30147  0.30840  0.1990840E-01  0.4046893E-02  0.1858267E-02  0.2646168E-02  0.1597781E-01  0.1400726E-02  0.2072320E-02  0.0000000E+00  0.0000000E+00  0.0000000E+00
  0.50000  0.15483  0.30157  0.30850  0.1992790E-01  0.4042143E-02  0.1854927E-02  0.2643610E-02  0.1600075E-01  0.1398533E-02  0.2072224E-02  0.0000000E+00  0.0000000E+00  0.0000000E+00
  0.50000  0.15477  0.30168  0.30860  0.1994734E-01  0.4037561E-02  0.1851592E-02  0.2641054E-02  0.1602362E-01  0.1396506E-02  0.2072127E-02  0.0000000E+00  0.0000000E+00  0.0000000E+00
  0.50000  0.15470  0.30178  0.30870  0.1996672E-01  0.4033130E-02  0.1848261E-02  0.2638500E-02  0.1604643E-01  0.1394630E-02  0.2072028E-02  0.0000000E+00  0.0000000E+00  0.0000000E+00
  0.50000  0.15464  0.30188  0.30880  0.1998606E-01  0.4028839E-02  0.1844934E-02  0.2635948E-02  0.1606920E-01  0.1392891E-02  0.2071927E-02  0.0000000E+00  0.0000000E+00  0.0000000E+00
  0.50000  0.15458  0.30199  0.30890  0.2000535E-01  0.4024675E-02  0.1841611E-02  0.2633398E-02  0.1609191E-01  0.1391277E-02  0.2071824E-02  0.0000000E+00  0.0000000E+00  0.0000000E+00
  0.50000  0.15452  0.30209  0.30900  0.2002460E-01  0.4020628E-02  0.1838292E-02  0.2630850E-02  0.1611458E-01  0.1389778E-02  0.2071720E-02  0.0000000E+00  0.0000000E+00  0.0000000E+00
  0.50000  0.15446  0.30219  0.30910  0.2004381E-01  0.4016689E-02  0.1834978E-02  0.2628303E-02  0.1613722E-01  0.1388386E-02  0.2071614E-02  0.0000000E+00  0.0000000E+00  0.0000000E+00
  0.50000  0.15440  0.30229  0.30920  0.2006299E-01  0.4012851E-02  0.1831667E-02  0.2625759E-02  0.1615982E-01  0.1387092E-02  0.2071506E-02  0.0000000E+00  0.0000000E+00  0.0000000E+00
  0.50000  0.15433  0.30240  0.30930  0.2008214E-01  0.4009105E-02  0.1828361E-02  0.2623216E-02  0.1618238E-01  0.1385889E-02  0.2071396E-02  0.0000000E+00  0.0000000E+00  0.0000000E+00
  0.50000  0.15427  0.30250  0.30940  0.2010126E-01  0.4005446E-02  0.1825058E-02  0.2620675E-02  0.1620492E-01  0.1384771E-02  0.2071284E-02  0.0000000E+00  0.0000000E+00  0.0000000E+00
  0.50000  0.15421  0.30260  0.30950  0.2012036E-01  0.4001867E-02  0.1821760E-02  0.2618136E-02  0.1622743E-01  0.1383731E-02  0.2071171E-02  0.0000000E+00  0.0000000E+00  0.0000000E+00
  0.50000  0.15415  0.30270  0.30960  0.2013943E-01  0.3998364E-02  0.1818466E-02  0.2615598E-02  0.1624991E-01  0.1382766E-02  0.2071055E-02  0.0000000E+00  0.0000000E+00  0.0000000E+00
  0.50000  0.15409  0.30281  0.30970  0.2015849E-01  0.3994932E-02  0.1815176E-02  0.2613063E-02  0.1627237E-01  0.1381869E-02  0.2070938E-02  0.0000000E+00  0.0000000E+00  0.0000000E+00
  0.50000  0.15402  0.30291  0.30980  0.2017752E-01  0.3991567E-02  0.1811890E-02  0.2610529E-02  0.1629481E-01  0.1381038E-02  0.2070819E-02  0.0000000E+00  0.0000000E+00  0.0000000E+00
  0.50000  0.15396  0.30301  0.30990  0.2019654E-01  0.3988264E-02  0.1808608E-02  0.2607997E-02  0.1631723E-01  0.1380267E-02  0.2070699E-02  0.0000000E+00  0.0000000E+00  0.0000000E+00
  0.50000  0.15390  0.30312  0.31000  0.2021554E-01  0.3985021E-02  0.1805330E-02  0.2605467E-02  0.1633963E-01  0.1379554E-02  0.2070576E-02  0.0000000E+00  0.0000000E+00  0.0000000E+00
  0.50000  0.15384  0.30322  0.31010  0.2023452E-01  0.3981834E-02  0.1802056E-02  0.2602939E-02  0.1636202E-01  0.1378895E-02  0.2070451E-02  0.0000000E+00  0.0000000E+00  0.0000000E+00
  0.50000  0.15378  0.30332  0.31020  0.2025350E-01  0.3978700E-02  0.1798786E-02  0.2600412E-02  0.1638438E-01  0.1378287E-02  0.2070325E-02  0.0000000E+00  0.0000000E+00  0.0000000E+00
  0.50000  0.15371  0.30342  0.31030  0.2027246E-01  0.3975616E-02  0.1795520E-02  0.2597888E-02  0.1640674E-01  0.1377728E-02  0.2070197E-02  0.0000000E+00  0.0000000E+00  0.0000000E+00
  0.50000  0.15365  0.30353  0.31040  0.2029140E-01  0.3972580E-02  0.1792259E-02  0.2595365E-02  0.1642908E-01  0.1377215E-02  0.2070067E-02  0.0000000E+00  0.0000000E+00  0.0000000E+00
  0.50000  0.15359  0.30363  0.31050  0.2031034E-01  0.3969589E-02  0.1789001E-02  0.2592844E-02  0.1645141E-01  0.1376745E-02  0.2069935E-02  0.0000000E+00  0.0000000E+00  0.0000000E+00
  0.50000  0.15353  0.30373  0.31060  0.2032927E-01  0.3966642E-02  0.1785747E-02  0.2590325E-02  0.1647372E-01  0.1376317E-02  0.2069801E-02  0.0000000E+00  0.0000000E+00  0.0000000E+00
  0.50000  0.15347  0.30384  0.31070  0.2034819E-01  0.3963736E-02  0.1782498E-02  0.2587807E-02  0.1649603E-01  0.1375929E-02  0.2069665E-02  0.0000000E+00  0.0000000E+00  0.0000000E+00
  0.50000  0.15340  0.30394  0.31080  0.2036710E-01  0.3960870E-02  0.1779252E-02  0.2585292E-02  0.1651832E-01  0.1375579E-02  0.2069528E-02  0.0000000E+00  0.0000000E+00  0.0000000E+00
  0.50000  0.15334  0.30404  0.31090  0.2038600E-01  0.3958042E-02  0.1776011E-02  0.2582778E-02  0.1654060E-01  0.1375264E-02  0.2069388E-02  0.0000000E+00  0.0000000E+00  0.0000000E+00
  0.50000  0.15328  0.30414  0.31100  0.2040490E-01  0.3955250E-02  0.1772773E-02  0.2580266E-02  0.1656288E-01  0.1374984E-02  0.2069247E-02  0.0000000E+00  0.0000000E+00  0.0000000E+00
  0.50000  0.15322  0.30425  0.31110  0.2042379E-01  0.3952492E-02  0.1769540E-02  0.2577755E-02  0.1658515E-01  0.1374737E-02  0.2069104E-02  0.0000000E+00  0.0000000E+00  0.0000000E+00
  0.50000  0.15315  0.30435  0.31120  0.2044268E-01  0.3949768E-02  0.1766310E-02  0.2575247E-02  0.1660741E-01  0.1374521E-02  0.2068958E-02  0.0000000E+00  0.0000000E+00  0.0000000E+00
  0.50000  0.15309  0.30445  0.31130  0.2046156E-01  0.3947077E-02  0.1763085E-02  0.2572740E-02  0.1662966E-01  0.1374336E-02  0.2068811E-02  0.0000000E+00  0.0000000E+00  0.0000000E+00
  0.50000  0.15303  0.30455  0.31140  0.2048043E-01  0.3944416E-02  0.1759864E-02  0.2570235E-02  0.1665191E-01  0.1374180E-02  0.2068662E-02  0.0000000E+00  0.0000000E+00  0.0000000E+00
  0.50000  0.15297  0.30466  0.31150  0.2049930E-01  0.3941784E-02  0.1756646E-02  0.2567732E-02  0.1667415E-01  0.1374052E-02  0.2068511E-02  0.0000000E+00  0.0000000E+00  0.0000000E+00
  0.50000  0.15291  0.30476  0.31160  0.2051817E-01  0.3939181E-02  0.1753433E-02  0.2565231E-02  0.1669638E-01  0.1373950E-02  0.2068358E-02  0.0000000E+00  0.0000000E+00  0.0000000E+00
  0.50000  0.15284  0.30486  0.31170  0.2053703E-01  0.3936606E-02  0.1750224E-02  0.2562731E-02  0.1671861E-01  0.1373875E-02  0.2068204E-02  0.0000000E+00  0.0000000E+00  0.0000000E+00
  0.50000  0.15278  0.30497  0.31180  0.2053267E-01  0.4037455E-02  0.1747018E-02  0.2560234E-02  0.1671760E-01  0.1477222E-02  0.2068047E-02  0.0000000E+00  0.0000000E+00  0.0000000E+00
  0.50000  0.15272  0.30507  0.31190  0.2055317E-01  0.4031521E-02  0.1743817E-02  0.2557738E-02  0.1674146E-01  0.1473784E-02  0.2067888E-02  0.0000000E+00  0.0000000E+00  0.0000000E+00
  0.50000  0.15266  0.30517  0.31200  0.2057354E-01  0.4025900E-02  0.1740619E-02  0.2555243E-02  0.1676519E-01  0.1470657E-02  0.2067728E-02  0.0000000E+00  0.0000000E+00  0.0000000E+00
  0.50000  0.15259  0.30527  0.31210  0.2059379E-01  0.4020555E-02  0.1737426E-02  0.2552751E-02  0.1678880E-01  0.1467804E-02  0.2067565E-02  0.0000000E+00  0.0000000E+00  0.0000000E+00
  0.50000  0.15253  0.30538  0.31220  0.2061395E-01  0.4015453E-02  0.1734237E-02  0.2550260E-02  0.1681231E-01  0.1465193E-02  0.2067400E-02  0.0000000E+00  0.0000000E+00  0.0000000E+00
  0.50000  0.15247  0.30548  0.31230  0.2063402E-01  0.4010569E-02  0.1731051E-02  0.2547771E-02  0.1683574E-01  0.1462798E-02  0.2067234E-02  0.0000000E+00  0.0000000E+00  0.0000000E+00
  0.50000  0.15241  0.30558  0.31240  0.2065402E-01  0.4005879E-02  0.1727870E-02  0.2545284E-02  0.1685908E-01  0.1460595E-02  0.2067066E-02  0.0000000E+00  0.0000000E+00  0.0000000E+00
  0.50000  0.15234  0.30569  0.31250  0.2067394E-01  0.4001366E-02  0.1724692E-02  0.2542799E-02  0.1688235E-01  0.1458567E-02  0.2066895E-02  0.0000000E+00  0.0000000E+00  0.0000000E+00
  0.50000  0.15228  0.30579  0.31260  0.2069380E-01  0.3997011E-02  0.1721519E-02  0.2540315E-02  0.1690556E-01  0.1456696E-02  0.2066723E-02  0.0000000E+00  0.0000000E+00  0.0000000E+00
  0.50000  0.15222  0.30589  0.31270  0.2071361E-01  0.3992801E-02  0.1718349E-02  0.2537833E-02  0.1692871E-01  0.1454968E-02  0.2066548E-02  0.0000000E+00  0.0000000E+00  0.0000000E+00
  0.50000  0.15216  0.30599  0.31280  0.2073336E-01  0.3988723E-02  0.1715183E-02  0.2535353E-02  0.1695181E-01  0.1453371E-02  0.2066372E-02  0.0000000E+00  0.0000000E+00  0.0000000E+00
  0.50000  0.15209  0.30610  0.31290  0.2075307E-01  0.3984767E-02  0.1712022E-02  0.2532874E-02  0.1697485E-01  0.1451893E-02  0.2066194E-02  0.0000000E+00  0.0000000E+00  0.0000000E+00
  0.50000  0.15203  0.30620  0.31300  0.2077274E-01  0.3980922E-02  0.1708864E-02  0.2530398E-02  0.1699786E-01  0.1450524E-02  0.2066013E-02  0.0000000E+00  0.0000000E+00  0.0000000E+00
  0.50000  0.15197  0.30630  0.31310  0.2079237E-01  0.3977180E-02  0.1705710E-02  0.2527923E-02  0.1702083E-01  0.1449258E-02  0.2065831E-02  0.0000000E+00  0.0000000E+00  0.0000000E+00
  0.50000  0.15191  0.30641  0.31320  0.2081196E-01  0.3973534E-02  0.1702560E-02  0.2525449E-02  0.1704375E-01  0.1448085E-02  0.2065646E-02  0.0000000E+00  0.0000000E+00  0.0000000E+00
  0.50000  0.15184  0.30651  0.31330  0.2083152E-01  0.3969977E-02  0.1699415E-02  0.2522978E-02  0.1706665E-01  0.1446999E-02  0.2065460E-02  0.0000000E+00  0.0000000E+00  0.0000000E+00
  0.50000  0.15178  0.30661  0.31340  0.2085106E-01  0.3966502E-02  0.1696273E-02  0.2520508E-02  0.1708951E-01  0.1445994E-02  0.2065272E-02  0.0000000E+00  0.0000000E+00  0.0000000E+00
  0.50000  0.15172  0.30671  0.31350  0.2087056E-01  0.3963104E-02  0.1693135E-02  0.2518040E-02  0.1711235E-01  0.1445064E-02  0.2065081E-02  0.0000000E+00  0.0000000E+00  0.0000000E+00
  0.50000  0.15166  0.30682  0.31360  0.2089005E-01  0.3959779E-02  0.1690000E-02  0.2515574E-02  0.1713516E-01  0.1444205E-02  0.2064889E-02  0.0000000E+00  0.0000000E+00  0.0000000E+00
  0.50000  0.15159  0.30692  0.31370  0.2090951E-01  0.3956522E-02  0.1686870E-02  0.2513109E-02  0.1715794E-01  0.1443413E-02  0.2064694E-02  0.0000000E+00  0.0000000E+00  0.0000000E+00
  0.50000  0.15153  0.30702  0.31380  0.2092894E-01  0.3953329E-02  0.1683744E-02  0.2510647E-02  0.1718070E-01  0.1442682E-02  0.2064498E-02  0.0000000E+00  0.0000000E+00  0.0000000E+00
  0.50000  0.15147  0.30712  0.31390  0.2094836E-01  0.3950195E-02  0.1680622E-02  0.2508185E-02  0.1720344E-01  0.1442010E-02  0.2064300E-02  0.0000000E+00  0.0000000E+00  0.0000000E+00
  0.50000  0.15140  0.30723  0.31400  0.2096776E-01  0.3947119E-02  0.1677503E-02  0.2505726E-02  0.1722616E-01  0.1441393E-02  0.2064099E-02  0.0000000E+00  0.0000000E+00  0.0000000E+00
  0.50000  0.15134  0.30733  0.31410  0.2098715E-01  0.3944096E-02  0.1674389E-02  0.2503268E-02  0.1724886E-01  0.1440827E-02  0.2063896E-02  0.0000000E+00  0.0000000E+00  0.0000000E+00
  0.50000  0.15128  0.30743  0.31420  0.2100651E-01  0.3941124E-02  0.1671278E-02  0.2500812E-02  0.1727154E-01  0.1440311E-02  0.2063692E-02  0.0000000E+00  0.0000000E+00  0.0000000E+00
  0.50000  0.15122  0.30754  0.31430  0.2102587E-01  0.3938200E-02  0.1668172E-02  0.2498358E-02  0.1729421E-01  0.1439842E-02  0.2063485E-02  0.0000000E+00  0.0000000E+00  0.0000000E+00
  0.50000  0.15115  0.30764  0.31440  0.2104521E-01  0.3935323E-02  0.1665069E-02  0.2495906E-02  0.1731686E-01  0.1439417E-02  0.2063276E-02  0.0000000E+00  0.0000000E+00  0.0000000E+00
  0.50000  0.15109  0.30774  0.31450  0.2106453E-01  0.3932489E-02  0.1661970E-02  0.2493455E-02  0.1733950E-01  0.1439034E-02  0.2063066E-02  0.0000000E+00  0.0000000E+00  0.0000000E+00
  0.50000  0.15103  0.30784  0.31460  0.2108385E-01  0.3929696E-02  0.1658875E-02  0.2491006E-02  0.1736212E-01  0.1438690E-02  0.2062853E-02  0.0000000E+00  0.0000000E+00  0.0000000E+00
  0.50000  0.15096  0.30795  0.31470  0.2110315E-01  0.3926944E-02  0.1655784E-02  0.2488558E-02  0.1738473E-01  0.1438385E-02  0.2062638E-02  0.0000000E+00  0.0000000E+00  0.0000000E+00
  0.50000  0.15090  0.30805  0.31480  0.2112244E-01  0.3924229E-02  0.1652697E-02  0.2486113E-02  0.1740733E-01  0.1438116E-02  0.2062421E-02  0.0000000E+00  0.0000000E+00  0.0000000E+00
  0.50000  0.15084  0.30815  0.31490  0.2114173E-01  0.3921551E-02  0.1649613E-02  0.2483669E-02  0.1742991E-01  0.1437882E-02  0.2062202E-02  0.0000000E+00  0.0000000E+00  0.0000000E+00
  0.50000  0.15077  0.30826  0.31500  0.2116100E-01  0.3918907E-02  0.1646534E-02  0.2481226E-02  0.1745249E-01  0.1437681E-02  0.2061981E-02  0.0000000E+00  0.0000000E+00  0.0000000E+00
  0.50000  0.15071  0.30836  0.31510  0.2118027E-01  0.3916297E-02  0.1643458E-02  0.2478786E-02  0.1747505E-01  0.1437511E-02  0.2061758E-02  0.0000000E+00  0.0000000E+00  0.0000000E+00
  0.50000  0.15065  0.30846  0.31520  0.2119952E-01  0.3913719E-02  0.1640386E-02  0.2476347E-02  0.1749761E-01  0.1437373E-02  0.2061532E-02  0.0000000E+00  0.0000000E+00  0.0000000E+00
  0.50000  0.15059  0.30856  0.31530  0.2121877E-01  0.3911172E-02  0.1637319E-02  0.2473910E-02  0.1752015E-01  0.1437263E-02  0.2061305E-02  0.0000000E+00  0.0000000E+00  0.0000000E+00
  0.50000  0.15052  0.30867  0.31540  0.2123802E-01  0.3908655E-02  0.1634255E-02  0.2471474E-02  0.1754269E-01  0.1437181E-02  0.2061076E-02  0.0000000E+00  0.0000000E+00  0.0000000E+00
  0.50000  0.15046  0.30877  0.31550  0.2125725E-01  0.3906166E-02  0.1631194E-02  0.2469040E-02  0.1756522E-01  0.1437126E-02  0.2060844E-02  0.0000000E+00  0.0000000E+00  0.0000000E+00
  0.50000  0.15040  0.30887  0.31560  0.2127648E-01  0.3903705E-02  0.1628138E-02  0.2466608E-02  0.1758774E-01  0.1437097E-02  0.2060610E-02  0.0000000E+00  0.0000000E+00  0.0000000E+00
  0.50000  0.15033  0.30898  0.31570  0.2129571E-01  0.3901270E-02  0.1625086E-02  0.2464178E-02  0.1761025E-01  0.1437093E-02  0.2060375E-02  0.0000000E+00  0.0000000E+00  0.0000000E+00
  0.50000  0.15027  0.30908  0.31580  0.2129172E-01  0.3997072E-02  0.1622037E-02  0.2461749E-02  0.1760955E-01  0.1535323E-02  0.2060137E-02  0.0000000E+00  0.0000000E+00  0.0000000E+00
  0.50000  0.15021  0.30918  0.31590  0.2131250E-01  0.3991500E-02  0.1618992E-02  0.2459322E-02  0.1763361E-01  0.1532178E-02  0.2059897E-02  0.0000000E+00  0.0000000E+00  0.0000000E+00
  0.50000  0.15014  0.30928  0.31600  0.2133316E-01  0.3986217E-02  0.1615951E-02  0.2456896E-02  0.1765755E-01  0.1529320E-02  0.2059655E-02  0.0000000E+00  0.0000000E+00  0.0000000E+00
  0.50000  0.15008  0.30939  0.31610  0.2135371E-01  0.3981189E-02  0.1612914E-02  0.2454473E-02  0.1768138E-01  0.1526716E-02  0.2059411E-02  0.0000000E+00  0.0000000E+00  0.0000000E+00
  0.50000  0.15002  0.30949  0.31620  0.2137416E-01  0.3976387E-02  0.1609881E-02  0.2452051E-02  0.1770511E-01  0.1524336E-02  0.2059164E-02  0.0000000E+00  0.0000000E+00  0.0000000E+00
  0.50000  0.14995  0.30959  0.31630  0.2139452E-01  0.3971787E-02  0.1606852E-02  0.2449630E-02  0.1772876E-01  0.1522156E-02  0.2058916E-02  0.0000000E+00  0.0000000E+00  0.0000000E+00
  0.50000  0.14989  0.30970  0.31640  0.2141481E-01  0.3967368E-02  0.1603826E-02  0.2447211E-02  0.1775232E-01  0.1520156E-02  0.2058665E-02  0.0000000E+00  0.0000000E+00  0.0000000E+00
  0.50000  0.14983  0.30980  0.31650  0.2143504E-01  0.3963113E-02  0.1600804E-02  0.2444794E-02  0.1777582E-01  0.1518318E-02  0.2058413E-02  0.0000000E+00  0.0000000E+00  0.0000000E+00
  0.50000  0.14976  0.30990  0.31660  0.2145520E-01  0.3959006E-02  0.1597786E-02  0.2442379E-02  0.1779925E-01  0.1516627E-02  0.2058158E-02  0.0000000E+00  0.0000000E+00  0.0000000E+00
  0.50000  0.14970  0.31000  0.31670  0.2147530E-01  0.3955035E-02  0.1594772E-02  0.2439965E-02  0.1782263E-01  0.1515070E-02  0.2057901E-02  0.0000000E+00  0.0000000E+00  0.0000000E+00
  0.50000  0.14964  0.31011  0.31680  0.2149535E-01  0.3951188E-02  0.1591762E-02  0.2437553E-02  0.1784595E-01  0.1513635E-02  0.2057642E-02  0.0000000E+00  0.0000000E+00  0.0000000E+00
  0.50000  0.14957  0.31021  0.31690  0.2151536E-01  0.3947455E-02  0.1588756E-02  0.2435143E-02  0.1786922E-01  0.1512312E-02  0.2057380E-02  0.0000000E+00  0.0000000E+00  0.0000000E+00
  0.50000  0.14951  0.31031  0.31700  0.2153533E-01  0.3943826E-02  0.1585753E-02  0.2432734E-02  0.1789246E-01  0.1511093E-02  0.2057117E-02  0.0000000E+00  0.0000000E+00  0.0000000E+00
  0.50000  0.14945  0.31042  0.31710  0.2155525E-01  0.3940295E-02  0.1582754E-02  0.2430327E-02  0.1791565E-01  0.1509968E-02  0.2056851E-02  0.0000000E+00  0.0000000E+00  0.0000000E+00
  0.50000  0.14938  0.31052  0.31720  0.2157514E-01  0.3936853E-02  0.1579759E-02  0.2427921E-02  0.1793880E-01  0.1508932E-02  0.2056584E-02  0.0000000E+00  0.0000000E+00  0.0000000E+00
  0.50000  0.14932  0.31062  0.31730  0.2159500E-01  0.3933495E-02  0.1576768E-02  0.2425517E-02  0.1796192E-01  0.1507978E-02  0.2056314E-02  0.0000000E+00  0.0000000E+00  0.0000000E+00
  0.50000  0.14926  0.31072  0.31740  0.2161483E-01  0.3930215E-02  0.1573780E-02  0.2423115E-02  0.1798500E-01  0.1507100E-02  0.2056042E-02  0.0000000E+00  0.0000000E+00  0.0000000E+00
  0.50000  0.14919  0.31083  0.31750  0.2163462E-01  0.3927007E-02  0.1570796E-02  0.2420714E-02  0.1800806E-01  0.1506293E-02  0.2055768E-02  0.0000000E+00  0.0000000E+00  0.0000000E+00
  0.50000  0.14913  0.31093  0.31760  0.2165440E-01  0.3923868E-02  0.1567816E-02  0.2418315E-02  0.1803109E-01  0.1505553E-02  0.2055491E-02  0.0000000E+00  0.0000000E+00  0.0000000E+00
  0.50000  0.14907  0.31103  0.31770  0.2167414E-01  0.3920793E-02  0.1564840E-02  0.2415918E-02  0.1805409E-01  0.1504875E-02  0.2055213E-02  0.0000000E+00  0.0000000E+00  0.0000000E+00
  0.50000  0.14900  0.31113  0.31780  0.2169387E-01  0.3917779E-02  0.1561868E-02  0.2413523E-02  0.1807707E-01  0.1504256E-02  0.2054932E-02  0.0000000E+00  0.0000000E+00  0.0000000E+00
  0.50000  0.14894  0.31124  0.31790  0.2171357E-01  0.3914821E-02  0.1558899E-02  0.2411128E-02  0.1810002E-01  0.1503693E-02  0.2054649E-02  0.0000000E+00  0.0000000E+00  0.0000000E+00
  0.50000  0.14888  0.31134  0.31800  0.2173325E-01  0.3911917E-02  0.1555934E-02  0.2408736E-02  0.1812296E-01  0.1503181E-02  0.2054364E-02  0.0000000E+00  0.0000000E+00  0.0000000E+00
  0.50000  0.14881  0.31144  0.31810  0.2175292E-01  0.3909064E-02  0.1552973E-02  0.2406345E-02  0.1814587E-01  0.1502719E-02  0.2054077E-02  0.0000000E+00  0.0000000E+00  0.0000000E+00
  0.50000  0.14875  0.31155  0.31820  0.2177257E-01  0.3906260E-02  0.1550016E-02  0.2403956E-02  0.1816876E-01  0.1502304E-02  0.2053788E-02  0.0000000E+00  0.0000000E+00  0.0000000E+00
  0.50000  0.14869  0.31165  0.31830  0.2179220E-01  0.3903501E-02  0.1547062E-02  0.2401569E-02  0.1819164E-01  0.1501932E-02  0.2053496E-02  0.0000000E+00  0.0000000E+00  0.0000000E+00
  0.50000  0.14862  0.31175  0.31840  0.2181181E-01  0.3900786E-02  0.1544112E-02  0.2399183E-02  0.1821450E-01  0.1501603E-02  0.2053202E-02  0.0000000E+00  0.0000000E+00  0.0000000E+00
  0.50000  0.14856  0.31185  0.31850  0.2183141E-01  0.3898112E-02  0.1541166E-02  0.2396798E-02  0.1823734E-01  0.1501313E-02  0.2052906E-02  0.0000000E+00  0.0000000E+00  0.0000000E+00
  0.50000  0.14849  0.31196  0.31860  0.2185100E-01  0.3895477E-02  0.1538224E-02  0.2394416E-02  0.1826016E-01  0.1501062E-02  0.2052608E-02  0.0000000E+00  0.0000000E+00  0.0000000E+00
  0.50000  0.14843  0.31206  0.31870  0.2187057E-01  0.3892881E-02  0.1535286E-02  0.2392035E-02  0.1828298E-01  0.1500846E-02  0.2052308E-02  0.0000000E+00  0.0000000E+00  0.0000000E+00
  0.50000  0.14837  0.31216  0.31880  0.2189013E-01  0.3890321E-02  0.1532351E-02  0.2389655E-02  0.1830577E-01  0.1500666E-02  0.2052005E-02  0.0000000E+00  0.0000000E+00  0.0000000E+00
  0.50000  0.14830  0.31227  0.31890  0.2190968E-01  0.3887795E-02  0.1529420E-02  0.2387277E-02  0.1832856E-01  0.1500518E-02  0.2051700E-02  0.0000000E+00  0.0000000E+00  0.0000000E+00
  0.50000  0.14824  0.31237  0.31900  0.2192921E-01  0.3885302E-02  0.1526492E-02  0.2384901E-02  0.1835133E-01  0.1500401E-02  0.2051393E-02  0.0000000E+00  0.0000000E+00  0.0000000E+00
  0.50000  0.14818  0.31247  0.31910  0.2194874E-01  0.3882842E-02  0.1523569E-02  0.2382526E-02  0.1837409E-01  0.1500315E-02  0.2051084E-02  0.0000000E+00  0.0000000E+00  0.0000000E+00
  0.50000  0.14811  0.31257  0.31920  0.2196826E-01  0.3880411E-02  0.1520649E-02  0.2380153E-02  0.1839683E-01  0.1500258E-02  0.2050773E-02  0.0000000E+00  0.0000000E+00  0.0000000E+00
  0.50000  0.14805  0.31268  0.31930  0.2198776E-01  0.3878010E-02  0.1517733E-02  0.2377782E-02  0.1841957E-01  0.1500229E-02  0.2050459E-02  0.0000000E+00  0.0000000E+00  0.0000000E+00
  0.50000  0.14798  0.31278  0.31940  0.2200726E-01  0.3875638E-02  0.1514820E-02  0.2375412E-02  0.1844229E-01  0.1500226E-02  0.2050143E-02  0.0000000E+00  0.0000000E+00  0.0000000E+00
  0.50000  0.14792  0.31288  0.31950  0.2202675E-01  0.3873292E-02  0.1511911E-02  0.2373044E-02  0.1846501E-01  0.1500249E-02  0.2049825E-02  0.0000000E+00  0.0000000E+00  0.0000000E+00
  0.50000  0.14786  0.31299  0.31960  0.2204622E-01  0.3870973E-02  0.1509006E-02  0.2370677E-02  0.1848771E-01  0.1500296E-02  0.2049505E-02  0.0000000E+00  0.0000000E+00  0.0000000E+00
  0.50000  0.14779  0.31309  0.31970  0.2204142E-01  0.3964335E-02  0.1506105E-02  0.2368312E-02  0.1848614E-01  0.1596022E-02  0.2049182E-02  0.0000000E+00  0.0000000E+00  0.0000000E+00
  0.50000  0.14773  0.31319  0.31980  0.2206248E-01  0.3958859E-02  0.1503207E-02  0.2365949E-02  0.1851042E-01  0.1592910E-02  0.2048857E-02  0.0000000E+00  0.0000000E+00  0.0000000E+00
  0.50000  0.14766  0.31329  0.31990  0.2208340E-01  0.3953680E-02  0.1500313E-02  0.2363587E-02  0.1853456E-01  0.1590094E-02  0.2048530E-02  0.0000000E+00  0.0000000E+00  0.0000000E+00
  0.50000  0.14760  0.31340  0.32000  0.2210421E-01  0.3948763E-02  0.1497423E-02  0.2361226E-02  0.1855859E-01  0.1587537E-02  0.2048201E-02  0.0000000E+00  0.0000000E+00  0.0000000E+00
  0.50000  0.14754  0.31350  0.32010  0.2212492E-01  0.3944077E-02  0.1494537E-02  0.2358868E-02  0.1858251E-01  0.1585210E-02  0.2047870E-02  0.0000000E+00  0.0000000E+00  0.0000000E+00
  0.50000  0.14747  0.31360  0.32020  0.2214553E-01  0.3939597E-02  0.1491654E-02  0.2356510E-02  0.1860634E-01  0.1583086E-02  0.2047536E-02  0.0000000E+00  0.0000000E+00  0.0000000E+00
  0.50000  0.14741  0.31371  0.32030  0.2216606E-01  0.3935301E-02  0.1488775E-02  0.2354155E-02  0.1863009E-01  0.1581146E-02  0.2047200E-02  0.0000000E+00  0.0000000E+00  0.0000000E+00
  0.50000  0.14734  0.31381  0.32040  0.2218652E-01  0.3931171E-02  0.1485899E-02  0.2351801E-02  0.1865376E-01  0.1579370E-02  0.2046862E-02  0.0000000E+00  0.0000000E+00  0.0000000E+00
  0.50000  0.14728  0.31391  0.32050  0.2220691E-01  0.3927191E-02  0.1483028E-02  0.2349448E-02  0.1867736E-01  0.1577743E-02  0.2046522E-02  0.0000000E+00  0.0000000E+00  0.0000000E+00
  0.50000  0.14722  0.31401  0.32060  0.2222724E-01  0.3923348E-02  0.1480159E-02  0.2347098E-02  0.1870090E-01  0.1576250E-02  0.2046179E-02  0.0000000E+00  0.0000000E+00  0.0000000E+00
  0.50000  0.14715  0.31412  0.32070  0.2224752E-01  0.3919630E-02  0.1477295E-02  0.2344748E-02  0.1872439E-01  0.1574881E-02  0.2045834E-02  0.0000000E+00  0.0000000E+00  0.0000000E+00
  0.50000  0.14709  0.31422  0.32080  0.2226775E-01  0.3916025E-02  0.1474434E-02  0.2342401E-02  0.1874782E-01  0.1573625E-02  0.2045487E-02  0.0000000E+00  0.0000000E+00  0.0000000E+00
  0.50000  0.14702  0.31432  0.32090  0.2228793E-01  0.3912526E-02  0.1471577E-02  0.2340054E-02  0.1877121E-01  0.1572472E-02  0.2045137E-02  0.0000000E+00  0.0000000E+00  0.0000000E+00
  0.50000  0.14696  0.31443  0.32100  0.2230806E-01  0.3909124E-02  0.1468724E-02  0.2337710E-02  0.1879456E-01  0.1571414E-02  0.2044786E-02  0.0000000E+00  0.0000000E+00  0.0000000E+00
  0.50000  0.14689  0.31453  0.32110  0.2232816E-01  0.3905811E-02  0.1465874E-02  0.2335367E-02  0.1881786E-01  0.1570445E-02  0.2044432E-02  0.0000000E+00  0.0000000E+00  0.0000000E+00
  0.50000  0.14683  0.31463  0.32120  0.2234823E-01  0.3902582E-02  0.1463028E-02  0.2333025E-02  0.1884112E-01  0.1569557E-02  0.2044075E-02  0.0000000E+00  0.0000000E+00  0.0000000E+00
  0.50000  0.14677  0.31473  0.32130  0.2236826E-01  0.3899431E-02  0.1460185E-02  0.2330685E-02  0.1886435E-01  0.1568746E-02  0.2043717E-02  0.0000000E+00  0.0000000E+00  0.0000000E+00
  0.50000  0.14670  0.31484  0.32140  0.2238825E-01  0.3896352E-02  0.1457347E-02  0.2328347E-02  0.1888755E-01  0.1568005E-02  0.2043356E-02  0.0000000E+00  0.0000000E+00  0.0000000E+00
  0.50000  0.14664  0.31494  0.32150  0.2240822E-01  0.3893341E-02  0.1454512E-02  0.2326010E-02  0.1891072E-01  0.1567331E-02  0.2042993E-02  0.0000000E+00  0.0000000E+00  0.0000000E+00
  0.50000  0.14657  0.31504  0.32160  0.2242816E-01  0.3890394E-02  0.1451680E-02  0.2323675E-02  0.1893385E-01  0.1566719E-02  0.2042628E-02  0.0000000E+00  0.0000000E+00  0.0000000E+00
  0.50000  0.14651  0.31515  0.32170  0.2244808E-01  0.3887507E-02  0.1448852E-02  0.2321341E-02  0.1895696E-01  0.1566166E-02  0.2042260E-02  0.0000000E+00  0.0000000E+00  0.0000000E+00
  0.50000  0.14644  0.31525  0.32180  0.2246797E-01  0.3884676E-02  0.1446028E-02  0.2319009E-02  0.1898005E-01  0.1565667E-02  0.2041890E-02  0.0000000E+00  0.0000000E+00  0.0000000E+00
  0.50000  0.14638  0.31535  0.32190  0.2248784E-01  0.3881898E-02  0.1443207E-02  0.2316678E-02  0.1900311E-01  0.1565220E-02  0.2041518E-02  0.0000000E+00  0.0000000E+00  0.0000000E+00
  0.50000  0.14632  0.31546  0.32200  0.2250768E-01  0.3879171E-02  0.1440390E-02  0.2314349E-02  0.1902615E-01  0.1564821E-02  0.2041144E-02  0.0000000E+00  0.0000000E+00  0.0000000E+00
  0.50000  0.14625  0.31556  0.32210  0.2252751E-01  0.3876491E-02  0.1437577E-02  0.2312022E-02  0.1904916E-01  0.1564469E-02  0.2040767E-02  0.0000000E+00  0.0000000E+00  0.0000000E+00
  0.50000  0.14619  0.31566  0.32220  0.2254731E-01  0.3873856E-02  0.1434767E-02  0.2309696E-02  0.1907216E-01  0.1564161E-02  0.2040388E-02  0.0000000E+00  0.0000000E+00  0.0000000E+00
  0.50000  0.14612  0.31576  0.32230  0.2256710E-01  0.3871265E-02  0.1431961E-02  0.2307371E-02  0.1909513E-01  0.1563893E-02  0.2040007E-02  0.0000000E+00  0.0000000E+00  0.0000000E+00
  0.50000  0.14606  0.31587  0.32240  0.2258687E-01  0.3868714E-02  0.1429159E-02  0.2305048E-02  0.1911809E-01  0.1563666E-02  0.2039623E-02  0.0000000E+00  0.0000000E+00  0.0000000E+00
  0.50000  0.14599  0.31597  0.32250  0.2260662E-01  0.3866202E-02  0.1426360E-02  0.2302727E-02  0.1914103E-01  0.1563475E-02  0.2039237E-02  0.0000000E+00  0.0000000E+00  0.0000000E+00
  0.50000  0.14593  0.31607  0.32260  0.2262636E-01  0.3863728E-02  0.1423565E-02  0.2300407E-02  0.1916395E-01  0.1563321E-02  0.2038849E-02  0.0000000E+00  0.0000000E+00  0.0000000E+00
  0.50000  0.14586  0.31618  0.32270  0.2264608E-01  0.3861289E-02  0.1420773E-02  0.2298088E-02  0.1918685E-01  0.1563200E-02  0.2038459E-02  0.0000000E+00  0.0000000E+00  0.0000000E+00
  0.50000  0.14580  0.31628  0.32280  0.2266579E-01  0.3858884E-02  0.1417985E-02  0.2295772E-02  0.1920974E-01  0.1563112E-02  0.2038066E-02  0.0000000E+00  0.0000000E+00  0.0000000E+00
  0.50000  0.14574  0.31638  0.32290  0.2268548E-01  0.3856511E-02  0.1415201E-02  0.2293456E-02  0.1923261E-01  0.1563055E-02  0.2037671E-02  0.0000000E+00  0.0000000E+00  0.0000000E+00
  0.50000  0.14567  0.31648  0.32300  0.2270516E-01  0.3854170E-02  0.1412420E-02  0.2291142E-02  0.1925547E-01  0.1563028E-02  0.2037273E-02  0.0000000E+00  0.0000000E+00  0.0000000E+00
  0.50000  0.14561  0.31659  0.32310  0.2272483E-01  0.3851859E-02  0.1409643E-02  0.2288830E-02  0.1927831E-01  0.1563029E-02  0.2036874E-02  0.0000000E+00  0.0000000E+00  0.0000000E+00
  0.50000  0.14554  0.31669  0.32320  0.2274449E-01  0.3849576E-02  0.1406869E-02  0.2286519E-02  0.1930114E-01  0.1563057E-02  0.2036472E-02  0.0000000E+00  0.0000000E+00  0.0000000E+00
  0.50000  0.14548  0.31679  0.32330  0.2276413E-01  0.3847321E-02  0.1404099E-02  0.2284210E-02  0.1932396E-01  0.1563111E-02  0.2036068E-02  0.0000000E+00  0.0000000E+00  0.0000000E+00
  0.50000  0.14541  0.31690  0.32340  0.2278376E-01  0.3845093E-02  0.1401332E-02  0.2281902E-02  0.1934676E-01  0.1563191E-02  0.2035661E-02  0.0000000E+00  0.0000000E+00  0.0000000E+00
  0.50000  0.14535  0.31700  0.32350  0.2280338E-01  0.3842891E-02  0.1398570E-02  0.2279596E-02  0.1936956E-01  0.1563295E-02  0.2035252E-02  0.0000000E+00  0.0000000E+00  0.0000000E+00
  0.50000  0.14528  0.31710  0.32360  0.2282299E-01  0.3840713E-02  0.1395810E-02  0.2277291E-02  0.1939233E-01  0.1563422E-02  0.2034841E-02  0.0000000E+00  0.0000000E+00  0.0000000E+00
  0.50000  0.14522  0.31720  0.32370  0.2281939E-01  0.3927729E-02  0.1393055E-02  0.2274988E-02  0.1939191E-01  0.1652741E-02  0.2034427E-02  0.0000000E+00  0.0000000E+00  0.0000000E+00
  0.50000  0.14515  0.31731  0.32380  0.2284045E-01  0.3922699E-02  0.1390302E-02  0.2272686E-02  0.1941613E-01  0.1650013E-02  0.2034011E-02  0.0000000E+00  0.0000000E+00  0.0000000E+00
  0.50000  0.14509  0.31741  0.32390  0.2286138E-01  0.3917932E-02  0.1387554E-02  0.2270386E-02  0.1944023E-01  0.1647547E-02  0.2033593E-02  0.0000000E+00  0.0000000E+00  0.0000000E+00
  0.50000  0.14502  0.31751  0.32400  0.2288220E-01  0.3913397E-02  0.1384809E-02  0.2268087E-02  0.1946422E-01  0.1645310E-02  0.2033173E-02  0.0000000E+00  0.0000000E+00  0.0000000E+00
  0.50000  0.14496  0.31762  0.32410  0.2290293E-01  0.3909068E-02  0.1382067E-02  0.2265790E-02  0.1948811E-01  0.1643279E-02  0.2032750E-02  0.0000000E+00  0.0000000E+00  0.0000000E+00
  0.50000  0.14489  0.31772  0.32420  0.2292357E-01  0.3904923E-02  0.1379329E-02  0.2263494E-02  0.1951192E-01  0.1641429E-02  0.2032325E-02  0.0000000E+00  0.0000000E+00  0.0000000E+00
  0.50000  0.14483  0.31782  0.32430  0.2294414E-01  0.3900943E-02  0.1376595E-02  0.2261200E-02  0.1953565E-01  0.1639744E-02  0.2031898E-02  0.0000000E+00  0.0000000E+00  0.0000000E+00
  0.50000  0.14476  0.31792  0.32440  0.2296464E-01  0.3897113E-02  0.1373864E-02  0.2258907E-02  0.1955930E-01  0.1638206E-02  0.2031468E-02  0.0000000E+00  0.0000000E+00  0.0000000E+00
  0.50000  0.14470  0.31803  0.32450  0.2298507E-01  0.3893418E-02  0.1371137E-02  0.2256615E-02  0.1958290E-01  0.1636803E-02  0.2031036E-02  0.0000000E+00  0.0000000E+00  0.0000000E+00
  0.50000  0.14463  0.31813  0.32460  0.2300544E-01  0.3889847E-02  0.1368413E-02  0.2254326E-02  0.1960643E-01  0.1635521E-02  0.2030601E-02  0.0000000E+00  0.0000000E+00  0.0000000E+00
  0.50000  0.14457  0.31823  0.32470  0.2302576E-01  0.3886389E-02  0.1365693E-02  0.2252037E-02  0.1962991E-01  0.1634351E-02  0.2030164E-02  0.0000000E+00  0.0000000E+00  0.0000000E+00
  0.50000  0.14450  0.31834  0.32480  0.2304604E-01  0.3883034E-02  0.1362976E-02  0.2249750E-02  0.1965333E-01  0.1633284E-02  0.2029725E-02  0.0000000E+00  0.0000000E+00  0.0000000E+00
  0.50000  0.14444  0.31844  0.32490  0.2306626E-01  0.3879775E-02  0.1360263E-02  0.2247465E-02  0.1967672E-01  0.1632311E-02  0.2029284E-02  0.0000000E+00  0.0000000E+00  0.0000000E+00
  0.50000  0.14437  0.31854  0.32500  0.2308645E-01  0.3876605E-02  0.1357554E-02  0.2245181E-02  0.1970005E-01  0.1631424E-02  0.2028840E-02  0.0000000E+00  0.0000000E+00  0.0000000E+00
  0.50000  0.14431  0.31864  0.32510  0.2310659E-01  0.3873517E-02  0.1354848E-02  0.2242898E-02  0.1972335E-01  0.1630619E-02  0.2028394E-02  0.0000000E+00  0.0000000E+00  0.0000000E+00
  0.50000  0.14424  0.31875  0.32520  0.2312670E-01  0.3870505E-02  0.1352145E-02  0.2240617E-02  0.1974661E-01  0.1629888E-02  0.2027946E-02  0.0000000E+00  0.0000000E+00  0.0000000E+00
  0.50000  0.14418  0.31885  0.32530  0.2314678E-01  0.3867565E-02  0.1349446E-02  0.2238338E-02  0.1976984E-01  0.1629227E-02  0.2027495E-02  0.0000000E+00  0.0000000E+00  0.0000000E+00
  0.50000  0.14411  0.31895  0.32540  0.2316682E-01  0.3864691E-02  0.1346751E-02  0.2236060E-02  0.1979303E-01  0.1628631E-02  0.2027042E-02  0.0000000E+00  0.0000000E+00  0.0000000E+00
  0.50000  0.14405  0.31906  0.32550  0.2318683E-01  0.3861880E-02  0.1344059E-02  0.2233783E-02  0.1981619E-01  0.1628097E-02  0.2026586E-02  0.0000000E+00  0.0000000E+00  0.0000000E+00
  0.50000  0.14398  0.31916  0.32560  0.2320682E-01  0.3859127E-02  0.1341370E-02  0.2231508E-02  0.1983932E-01  0.1627619E-02  0.2026128E-02  0.0000000E+00  0.0000000E+00  0.0000000E+00
  0.50000  0.14392  0.31926  0.32570  0.2322678E-01  0.3856429E-02  0.1338686E-02  0.2229234E-02  0.1986242E-01  0.1627195E-02  0.2025668E-02  0.0000000E+00  0.0000000E+00  0.0000000E+00
  0.50000  0.14385  0.31937  0.32580  0.2324671E-01  0.3853784E-02  0.1336004E-02  0.2226962E-02  0.1988550E-01  0.1626822E-02  0.2025206E-02  0.0000000E+00  0.0000000E+00  0.0000000E+00
  0.50000  0.14379  0.31947  0.32590  0.2326662E-01  0.3851188E-02  0.1333326E-02  0.2224691E-02  0.1990855E-01  0.1626496E-02  0.2024741E-02  0.0000000E+00  0.0000000E+00  0.0000000E+00
  0.50000  0.14372  0.31957  0.32600  0.2328650E-01  0.3848638E-02  0.1330652E-02  0.2222422E-02  0.1993158E-01  0.1626216E-02  0.2024274E-02  0.0000000E+00  0.0000000E+00  0.0000000E+00
  0.50000  0.14366  0.31967  0.32610  0.2330636E-01  0.3846132E-02  0.1327981E-02  0.2220154E-02  0.1995458E-01  0.1625978E-02  0.2023804E-02  0.0000000E+00  0.0000000E+00  0.0000000E+00
  0.50000  0.14359  0.31978  0.32620  0.2332621E-01  0.3843669E-02  0.1325313E-02  0.2217888E-02  0.1997756E-01  0.1625781E-02  0.2023332E-02  0.0000000E+00  0.0000000E+00  0.0000000E+00
  0.50000  0.14353  0.31988  0.32630  0.2334603E-01  0.3841245E-02  0.1322650E-02  0.2215623E-02  0.2000052E-01  0.1625622E-02  0.2022858E-02  0.0000000E+00  0.0000000E+00  0.0000000E+00
  0.50000  0.14346  0.31998  0.32640  0.2336583E-01  0.3838859E-02  0.1319989E-02  0.2213359E-02  0.2002346E-01  0.1625500E-02  0.2022381E-02  0.0000000E+00  0.0000000E+00  0.0000000E+00
  0.50000  0.14340  0.32009  0.32650  0.2338561E-01  0.3836509E-02  0.1317332E-02  0.2211097E-02  0.2004638E-01  0.1625412E-02  0.2021902E-02  0.0000000E+00  0.0000000E+00  0.0000000E+00
  0.50000  0.14333  0.32019  0.32660  0.2340538E-01  0.3834194E-02  0.1314679E-02  0.2208836E-02  0.2006928E-01  0.1625358E-02  0.2021421E-02  0.0000000E+00  0.0000000E+00  0.0000000E+00
  0.50000  0.14327  0.32029  0.32670  0.2342513E-01  0.3831912E-02  0.1312029E-02  0.2206577E-02  0.2009216E-01  0.1625335E-02  0.2020937E-02  0.0000000E+00  0.0000000E+00  0.0000000E+00
  0.50000  0.14320  0.32039  0.32680  0.2344486E-01  0.3829662E-02  0.1309382E-02  0.2204319E-02  0.2011503E-01  0.1625342E-02  0.2020451E-02  0.0000000E+00  0.0000000E+00  0.0000000E+00
  0.50000  0.14314  0.32050  0.32690  0.2346457E-01  0.3827442E-02  0.1306739E-02  0.2202063E-02  0.2013787E-01  0.1625379E-02  0.2019963E-02  0.0000000E+00  0.0000000E+00  0.0000000E+00
  0.50000  0.14307  0.32060  0.32700  0.2348427E-01  0.3825251E-02  0.1304100E-02  0.2199808E-02  0.2016070E-01  0.1625443E-02  0.2019472E-02  0.0000000E+00  0.0000000E+00  0.0000000E+00
  0.50000  0.14301  0.32070  0.32710  0.2350396E-01  0.3823088E-02  0.1301463E-02  0.2197554E-02  0.2018352E-01  0.1625533E-02  0.2018979E-02  0.0000000E+00  0.0000000E+00  0.0000000E+00
  0.50000  0.14294  0.32081  0.32720  0.2352363E-01  0.3820952E-02  0.1298831E-02  0.2195302E-02  0.2020631E-01  0.1625649E-02  0.2018483E-02  0.0000000E+00  0.0000000E+00  0.0000000E+00
  0.50000  0.14287  0.32091  0.32730  0.2354328E-01  0.3818841E-02  0.1296202E-02  0.2193052E-02  0.2022910E-01  0.1625790E-02  0.2017985E-02  0.0000000E+00  0.0000000E+00  0.0000000E+00
  0.50000  0.14281  0.32101  0.32740  0.2356293E-01  0.3816756E-02  0.1293576E-02  0.2190802E-02  0.2025186E-01  0.1625954E-02  0.2017485E-02  0.0000000E+00  0.0000000E+00  0.0000000E+00
  0.50000  0.14274  0.32111  0.32750  0.2358255E-01  0.3814695E-02  0.1290954E-02  0.2188555E-02  0.2027462E-01  0.1626140E-02  0.2016983E-02  0.0000000E+00  0.0000000E+00  0.0000000E+00
  0.50000  0.14268  0.32122  0.32760  0.2357897E-01  0.3897898E-02  0.1288335E-02  0.2186308E-02  0.2027416E-01  0.1711590E-02  0.2016478E-02  0.0000000E+00  0.0000000E+00  0.0000000E+00
  0.50000  0.14261  0.32132  0.32770  0.2360001E-01  0.3893060E-02  0.1285719E-02  0.2184063E-02  0.2029832E-01  0.1708997E-02  0.2015970E-02  0.0000000E+00  0.0000000E+00  0.0000000E+00
  0.50000  0.14255  0.32142  0.32780  0.2362093E-01  0.3888481E-02  0.1283108E-02  0.2181820E-02  0.2032236E-01  0.1706662E-02  0.2015460E-02  0.0000000E+00  0.0000000E+00  0.0000000E+00
  0.50000  0.14248  0.32153  0.32790  0.2364173E-01  0.3884131E-02  0.1280499E-02  0.2179578E-02  0.2034629E-01  0.1704553E-02  0.2014948E-02  0.0000000E+00  0.0000000E+00  0.0000000E+00
  0.50000  0.14242  0.32163  0.32800  0.2366244E-01  0.3879983E-02  0.1277894E-02  0.2177337E-02  0.2037011E-01  0.1702646E-02  0.2014434E-02  0.0000000E+00  0.0000000E+00  0.0000000E+00
  0.50000  0.14235  0.32173  0.32810  0.2368306E-01  0.3876015E-02  0.1275292E-02  0.2175097E-02  0.2039385E-01  0.1700918E-02  0.2013917E-02  0.0000000E+00  0.0000000E+00  0.0000000E+00
  0.50000  0.14228  0.32184  0.32820  0.2370360E-01  0.3872210E-02  0.1272694E-02  0.2172860E-02  0.2041751E-01  0.1699350E-02  0.2013398E-02  0.0000000E+00  0.0000000E+00  0.0000000E+00
  0.50000  0.14222  0.32194  0.32830  0.2372407E-01  0.3868550E-02  0.1270099E-02  0.2170623E-02  0.2044109E-01  0.1697927E-02  0.2012876E-02  0.0000000E+00  0.0000000E+00  0.0000000E+00
  0.50000  0.14215  0.32204  0.32840  0.2374447E-01  0.3865022E-02  0.1267508E-02  0.2168388E-02  0.2046461E-01  0.1696635E-02  0.2012352E-02  0.0000000E+00  0.0000000E+00  0.0000000E+00
  0.50000  0.14209  0.32214  0.32850  0.2376482E-01  0.3861616E-02  0.1264920E-02  0.2166154E-02  0.2048807E-01  0.1695462E-02  0.2011826E-02  0.0000000E+00  0.0000000E+00  0.0000000E+00
  0.50000  0.14202  0.32225  0.32860  0.2378510E-01  0.3858319E-02  0.1262336E-02  0.2163922E-02  0.2051147E-01  0.1694397E-02  0.2011297E-02  0.0000000E+00  0.0000000E+00  0.0000000E+00
  0.50000  0.14196  0.32235  0.32870  0.2380534E-01  0.3855123E-02  0.1259755E-02  0.2161691E-02  0.2053482E-01  0.1693432E-02  0.2010766E-02  0.0000000E+00  0.0000000E+00  0.0000000E+00
  0.50000  0.14189  0.32245  0.32880  0.2382553E-01  0.3852021E-02  0.1257177E-02  0.2159461E-02  0.2055812E-01  0.1692559E-02  0.2010232E-02  0.0000000E+00  0.0000000E+00  0.0000000E+00
  0.50000  0.14182  0.32256  0.32890  0.2384567E-01  0.3849004E-02  0.1254603E-02  0.2157233E-02  0.2058137E-01  0.1691771E-02  0.2009696E-02  0.0000000E+00  0.0000000E+00  0.0000000E+00
  0.50000  0.14176  0.32266  0.32900  0.2386578E-01  0.3846067E-02  0.1252032E-02  0.2155006E-02  0.2060459E-01  0.1691061E-02  0.2009158E-02  0.0000000E+00  0.0000000E+00  0.0000000E+00
  0.50000  0.14169  0.32276  0.32910  0.2388584E-01  0.3843205E-02  0.1249465E-02  0.2152781E-02  0.2062776E-01  0.1690424E-02  0.2008617E-02  0.0000000E+00  0.0000000E+00  0.0000000E+00
  0.50000  0.14163  0.32286  0.32920  0.2390587E-01  0.3840411E-02  0.1246900E-02  0.2150557E-02  0.2065089E-01  0.1689854E-02  0.2008074E-02  0.0000000E+00  0.0000000E+00  0.0000000E+00
  0.50000  0.14156  0.32297  0.32930  0.2392586E-01  0.3837682E-02  0.1244340E-02  0.2148334E-02  0.2067400E-01  0.1689348E-02  0.2007529E-02  0.0000000E+00  0.0000000E+00  0.0000000E+00
  0.50000  0.14150  0.32307  0.32940  0.2394583E-01  0.3835013E-02  0.1241783E-02  0.2146113E-02  0.2069706E-01  0.1688900E-02  0.2006981E-02  0.0000000E+00  0.0000000E+00  0.0000000E+00
  0.50000  0.14143  0.32317  0.32950  0.2396576E-01  0.3832401E-02  0.1239229E-02  0.2143893E-02  0.2072010E-01  0.1688508E-02  0.2006431E-02  0.0000000E+00  0.0000000E+00  0.0000000E+00
  0.50000  0.14136  0.32328  0.32960  0.2398566E-01  0.3829843E-02  0.1236678E-02  0.2141675E-02  0.2074310E-01  0.1688168E-02  0.2005878E-02  0.0000000E+00  0.0000000E+00  0.0000000E+00
  0.50000  0.14130  0.32338  0.32970  0.2400553E-01  0.3827334E-02  0.1234131E-02  0.2139458E-02  0.2076608E-01  0.1687877E-02  0.2005323E-02  0.0000000E+00  0.0000000E+00  0.0000000E+00
  0.50000  0.14123  0.32348  0.32980  0.2402538E-01  0.3824873E-02  0.1231588E-02  0.2137242E-02  0.2078902E-01  0.1687631E-02  0.2004766E-02  0.0000000E+00  0.0000000E+00  0.0000000E+00
  0.50000  0.14117  0.32359  0.32990  0.2404520E-01  0.3822458E-02  0.1229047E-02  0.2135028E-02  0.2081195E-01  0.1687430E-02  0.2004206E-02  0.0000000E+00  0.0000000E+00  0.0000000E+00
  0.50000  0.14110  0.32369  0.33000  0.2406500E-01  0.3820084E-02  0.1226510E-02  0.2132815E-02  0.2083484E-01  0.1687270E-02  0.2003644E-02  0.0000000E+00  0.0000000E+00  0.0000000E+00
  0.50000  0.14103  0.32379  0.33010  0.2408477E-01  0.3817751E-02  0.1223977E-02  0.2130603E-02  0.2085771E-01  0.1687149E-02  0.2003079E-02  0.0000000E+00  0.0000000E+00  0.0000000E+00
  0.50000  0.14097  0.32389  0.33020  0.2410452E-01  0.3815457E-02  0.1221447E-02  0.2128393E-02  0.2088056E-01  0.1687064E-02  0.2002512E-02  0.0000000E+00  0.0000000E+00  0.0000000E+00
  0.50000  0.14090  0.32400  0.33030  0.2412425E-01  0.3813199E-02  0.1218920E-02  0.2126184E-02  0.2090339E-01  0.1687015E-02  0.2001943E-02  0.0000000E+00  0.0000000E+00  0.0000000E+00
  0.50000  0.14084  0.32410  0.33040  0.2414396E-01  0.3810976E-02  0.1216396E-02  0.2123976E-02  0.2092619E-01  0.1687000E-02  0.2001371E-02  0.0000000E+00  0.0000000E+00  0.0000000E+00
  0.50000  0.14077  0.32420  0.33050  0.2416364E-01  0.3808787E-02  0.1213876E-02  0.2121770E-02  0.2094897E-01  0.1687017E-02  0.2000797E-02  0.0000000E+00  0.0000000E+00  0.0000000E+00
  0.50000  0.14070  0.32431  0.33060  0.2418331E-01  0.3806629E-02  0.1211360E-02  0.2119565E-02  0.2097173E-01  0.1687064E-02  0.2000221E-02  0.0000000E+00  0.0000000E+00  0.0000000E+00
  0.50000  0.14064  0.32441  0.33070  0.2420296E-01  0.3804501E-02  0.1208846E-02  0.2117362E-02  0.2099447E-01  0.1687140E-02  0.1999642E-02  0.0000000E+00  0.0000000E+00  0.0000000E+00
  0.50000  0.14057  0.32451  0.33080  0.2422259E-01  0.3802403E-02  0.1206336E-02  0.2115159E-02  0.2101719E-01  0.1687244E-02  0.1999060E-02  0.0000000E+00  0.0000000E+00  0.0000000E+00
  0.50000  0.14051  0.32462  0.33090  0.2424220E-01  0.3800333E-02  0.1203830E-02  0.2112959E-02  0.2103989E-01  0.1687374E-02  0.1998477E-02  0.0000000E+00  0.0000000E+00  0.0000000E+00
  0.50000  0.14044  0.32472  0.33100  0.2426179E-01  0.3798290E-02  0.1201326E-02  0.2110759E-02  0.2106258E-01  0.1687530E-02  0.1997890E-02  0.0000000E+00  0.0000000E+00  0.0000000E+00
  0.50000  0.14037  0.32482  0.33110  0.2428137E-01  0.3796272E-02  0.1198826E-02  0.2108561E-02  0.2108524E-01  0.1687711E-02  0.1997302E-02  0.0000000E+00  0.0000000E+00  0.0000000E+00
  0.50000  0.14031  0.32492  0.33120  0.2430093E-01  0.3794279E-02  0.1196330E-02  0.2106364E-02  0.2110789E-01  0.1687915E-02  0.1996711E-02  0.0000000E+00  0.0000000E+00  0.0000000E+00
  0.50000  0.14024  0.32503  0.33130  0.2432047E-01  0.3792311E-02  0.1193837E-02  0.2104169E-02  0.2113052E-01  0.1688142E-02  0.1996118E-02  0.0000000E+00  0.0000000E+00  0.0000000E+00
  0.50000  0.14017  0.32513  0.33140  0.2434000E-01  0.3790365E-02  0.1191347E-02  0.2101975E-02  0.2115313E-01  0.1688390E-02  0.1995522E-02  0.0000000E+00  0.0000000E+00  0.0000000E+00
  0.50000  0.14011  0.32523  0.33150  0.2433677E-01  0.3869183E-02  0.1188860E-02  0.2099782E-02  0.2115298E-01  0.1769401E-02  0.1994924E-02  0.0000000E+00  0.0000000E+00  0.0000000E+00
  0.50000  0.14004  0.32534  0.33160  0.2435765E-01  0.3864578E-02  0.1186377E-02  0.2097591E-02  0.2117695E-01  0.1766987E-02  0.1994323E-02  0.0000000E+00  0.0000000E+00  0.0000000E+00
  0.50000  0.13998  0.32544  0.33170  0.2437841E-01  0.3860222E-02  0.1183897E-02  0.2095401E-02  0.2120079E-01  0.1764822E-02  0.1993720E-02  0.0000000E+00  0.0000000E+00  0.0000000E+00
  0.50000  0.13991  0.32554  0.33180  0.2439905E-01  0.3856087E-02  0.1181420E-02  0.2093212E-02  0.2122452E-01  0.1762875E-02  0.1993115E-02  0.0000000E+00  0.0000000E+00  0.0000000E+00
  0.50000  0.13984  0.32564  0.33190  0.2441960E-01  0.3852147E-02  0.1178947E-02  0.2091025E-02  0.2124815E-01  0.1761123E-02  0.1992507E-02  0.0000000E+00  0.0000000E+00  0.0000000E+00
  0.50000  0.13978  0.32575  0.33200  0.2444007E-01  0.3848381E-02  0.1176477E-02  0.2088838E-02  0.2127169E-01  0.1759542E-02  0.1991897E-02  0.0000000E+00  0.0000000E+00  0.0000000E+00
  0.50000  0.13971  0.32585  0.33210  0.2446045E-01  0.3844770E-02  0.1174010E-02  0.2086654E-02  0.2129515E-01  0.1758117E-02  0.1991285E-02  0.0000000E+00  0.0000000E+00  0.0000000E+00
  0.50000  0.13964  0.32595  0.33220  0.2448075E-01  0.3841300E-02  0.1171547E-02  0.2084470E-02  0.2131854E-01  0.1756830E-02  0.1990670E-02  0.0000000E+00  0.0000000E+00  0.0000000E+00
  0.50000  0.13958  0.32606  0.33230  0.2450100E-01  0.3837957E-02  0.1169087E-02  0.2082288E-02  0.2134186E-01  0.1755669E-02  0.1990052E-02  0.0000000E+00  0.0000000E+00  0.0000000E+00
  0.50000  0.13951  0.32616  0.33240  0.2452118E-01  0.3834729E-02  0.1166630E-02  0.2080107E-02  0.2136511E-01  0.1754622E-02  0.1989432E-02  0.0000000E+00  0.0000000E+00  0.0000000E+00
  0.50000  0.13944  0.32626  0.33250  0.2454130E-01  0.3831607E-02  0.1164177E-02  0.2077928E-02  0.2138831E-01  0.1753679E-02  0.1988810E-02  0.0000000E+00  0.0000000E+00  0.0000000E+00
  0.50000  0.13938  0.32637  0.33260  0.2456137E-01  0.3828582E-02  0.1161727E-02  0.2075750E-02  0.2141146E-01  0.1752833E-02  0.1988186E-02  0.0000000E+00  0.0000000E+00  0.0000000E+00
  0.50000  0.13931  0.32647  0.33270  0.2458139E-01  0.3825646E-02  0.1159280E-02  0.2073573E-02  0.2143455E-01  0.1752074E-02  0.1987559E-02  0.0000000E+00  0.0000000E+00  0.0000000E+00
  0.50000  0.13924  0.32657  0.33280  0.2460137E-01  0.3822793E-02  0.1156836E-02  0.2071397E-02  0.2145760E-01  0.1751396E-02  0.1986929E-02  0.0000000E+00  0.0000000E+00  0.0000000E+00
  0.50000  0.13918  0.32667  0.33290  0.2462130E-01  0.3820016E-02  0.1154396E-02  0.2069223E-02  0.2148061E-01  0.1750793E-02  0.1986298E-02  0.0000000E+00  0.0000000E+00  0.0000000E+00
  0.50000  0.13911  0.32678  0.33300  0.2464119E-01  0.3817309E-02  0.1151959E-02  0.2067050E-02  0.2150357E-01  0.1750259E-02  0.1985663E-02  0.0000000E+00  0.0000000E+00  0.0000000E+00
  0.50000  0.13904  0.32688  0.33310  0.2466105E-01  0.3814669E-02  0.1149525E-02  0.2064878E-02  0.2152650E-01  0.1749791E-02  0.1985027E-02  0.0000000E+00  0.0000000E+00  0.0000000E+00
  0.50000  0.13898  0.32698  0.33320  0.2468087E-01  0.3812090E-02  0.1147095E-02  0.2062708E-02  0.2154938E-01  0.1749382E-02  0.1984388E-02  0.0000000E+00  0.0000000E+00  0.0000000E+00
  0.50000  0.13891  0.32709  0.33330  0.2470065E-01  0.3809569E-02  0.1144668E-02  0.2060539E-02  0.2157224E-01  0.1749030E-02  0.1983746E-02  0.0000000E+00  0.0000000E+00  0.0000000E+00
  0.50000  0.13884  0.32719  0.33340  0.2472040E-01  0.3807103E-02  0.1142244E-02  0.2058371E-02  0.2159505E-01  0.1748731E-02  0.1983102E-02  0.0000000E+00  0.0000000E+00  0.0000000E+00
  0.50000  0.13878  0.32729  0.33350  0.2474012E-01  0.3804687E-02  0.1139824E-02  0.2056205E-02  0.2161784E-01  0.1748482E-02  0.1982456E-02  0.0000000E+00  0.0000000E+00  0.0000000E+00
  0.50000  0.13871  0.32740  0.33360  0.2475981E-01  0.3802319E-02  0.1137406E-02  0.2054040E-02  0.2164060E-01  0.1748280E-02  0.1981808E-02  0.0000000E+00  0.0000000E+00  0.0000000E+00
  0.50000  0.13864  0.32750  0.33370  0.2477947E-01  0.3799997E-02  0.1134992E-02  0.2051876E-02  0.2166332E-01  0.1748121E-02  0.1981157E-02  0.0000000E+00  0.0000000E+00  0.0000000E+00
  0.50000  0.13858  0.32760  0.33380  0.2479910E-01  0.3797717E-02  0.1132582E-02  0.2049713E-02  0.2168602E-01  0.1748004E-02  0.1980503E-02  0.0000000E+00  0.0000000E+00  0.0000000E+00
  0.50000  0.13851  0.32770  0.33390  0.2481871E-01  0.3795478E-02  0.1130174E-02  0.2047552E-02  0.2170869E-01  0.1747926E-02  0.1979847E-02  0.0000000E+00  0.0000000E+00  0.0000000E+00
  0.50000  0.13844  0.32781  0.33400  0.2483829E-01  0.3793278E-02  0.1127770E-02  0.2045392E-02  0.2173133E-01  0.1747886E-02  0.1979189E-02  0.0000000E+00  0.0000000E+00  0.0000000E+00
  0.50000  0.13838  0.32791  0.33410  0.2485785E-01  0.3791114E-02  0.1125369E-02  0.2043233E-02  0.2175395E-01  0.1747881E-02  0.1978528E-02  0.0000000E+00  0.0000000E+00  0.0000000E+00
  0.50000  0.13831  0.32801  0.33420  0.2487738E-01  0.3788985E-02  0.1122971E-02  0.2041076E-02  0.2177654E-01  0.1747910E-02  0.1977865E-02  0.0000000E+00  0.0000000E+00  0.0000000E+00
  0.50000  0.13824  0.32812  0.33430  0.2489688E-01  0.3786890E-02  0.1120577E-02  0.2038920E-02  0.2179911E-01  0.1747970E-02  0.1977200E-02  0.0000000E+00  0.0000000E+00  0.0000000E+00
  0.50000  0.13818  0.32822  0.33440  0.2491637E-01  0.3784826E-02  0.1118186E-02  0.2036765E-02  0.2182165E-01  0.1748061E-02  0.1976532E-02  0.0000000E+00  0.0000000E+00  0.0000000E+00
  0.50000  0.13811  0.32832  0.33450  0.2493583E-01  0.3782792E-02  0.1115798E-02  0.2034611E-02  0.2184417E-01  0.1748181E-02  0.1975861E-02  0.0000000E+00  0.0000000E+00  0.0000000E+00
  0.50000  0.13804  0.32843  0.33460  0.2495527E-01  0.3780788E-02  0.1113413E-02  0.2032459E-02  0.2186667E-01  0.1748329E-02  0.1975188E-02  0.0000000E+00  0.0000000E+00  0.0000000E+00
  0.50000  0.13798  0.32853  0.33470  0.2497469E-01  0.3778811E-02  0.1111032E-02  0.2030308E-02  0.2188915E-01  0.1748503E-02  0.1974513E-02  0.0000000E+00  0.0000000E+00  0.0000000E+00
  0.50000  0.13791  0.32863  0.33480  0.2499409E-01  0.3776861E-02  0.1108654E-02  0.2028158E-02  0.2191160E-01  0.1748703E-02  0.1973836E-02  0.0000000E+00  0.0000000E+00  0.0000000E+00
  0.50000  0.13784  0.32873  0.33490  0.2501347E-01  0.3774936E-02  0.1106279E-02  0.2026010E-02  0.2193404E-01  0.1748926E-02  0.1973156E-02  0.0000000E+00  0.0000000E+00  0.0000000E+00
  0.50000  0.13777  0.32884  0.33500  0.2503283E-01  0.3773036E-02  0.1103907E-02  0.2023862E-02  0.2195645E-01  0.1749174E-02  0.1972473E-02  0.0000000E+00  0.0000000E+00  0.0000000E+00
  0.50000  0.13771  0.32894  0.33510  0.2505217E-01  0.3771159E-02  0.1101538E-02  0.2021716E-02  0.2197884E-01  0.1749443E-02  0.1971789E-02  0.0000000E+00  0.0000000E+00  0.0000000E+00
  0.50000  0.13764  0.32904  0.33520  0.2507149E-01  0.3769306E-02  0.1099173E-02  0.2019572E-02  0.2200122E-01  0.1749734E-02  0.1971101E-02  0.0000000E+00  0.0000000E+00  0.0000000E+00
  0.50000  0.13757  0.32915  0.33530  0.2509079E-01  0.3767474E-02  0.1096811E-02  0.2017428E-02  0.2202357E-01  0.1750046E-02  0.1970412E-02  0.0000000E+00  0.0000000E+00  0.0000000E+00
  0.50000  0.13751  0.32925  0.33540  0.2508820E-01  0.3841432E-02  0.1094452E-02  0.2015286E-02  0.2202402E-01  0.1826146E-02  0.1969720E-02  0.0000000E+00  0.0000000E+00  0.0000000E+00
  0.50000  0.13744  0.32935  0.33550  0.2510878E-01  0.3837094E-02  0.1092097E-02  0.2013145E-02  0.2204765E-01  0.1823949E-02  0.1969025E-02  0.0000000E+00  0.0000000E+00  0.0000000E+00
  0.50000  0.13737  0.32946  0.33560  0.2512923E-01  0.3832992E-02  0.1089744E-02  0.2011005E-02  0.2207116E-01  0.1821987E-02  0.1968328E-02  0.0000000E+00  0.0000000E+00  0.0000000E+00
  0.50000  0.13731  0.32956  0.33570  0.2514958E-01  0.3829098E-02  0.1087395E-02  0.2008867E-02  0.2209456E-01  0.1820231E-02  0.1967629E-02  0.0000000E+00  0.0000000E+00  0.0000000E+00
  0.50000  0.13724  0.32966  0.33580  0.2516984E-01  0.3825388E-02  0.1085049E-02  0.2006730E-02  0.2211786E-01  0.1818659E-02  0.1966927E-02  0.0000000E+00  0.0000000E+00  0.0000000E+00
  0.50000  0.13717  0.32976  0.33590  0.2519000E-01  0.3821843E-02  0.1082706E-02  0.2004594E-02  0.2214107E-01  0.1817249E-02  0.1966223E-02  0.0000000E+00  0.0000000E+00  0.0000000E+00
  0.50000  0.13710  0.32987  0.33600  0.2521009E-01  0.3818445E-02  0.1080367E-02  0.2002459E-02  0.2216421E-01  0.1815986E-02  0.1965517E-02  0.0000000E+00  0.0000000E+00  0.0000000E+00
  0.50000  0.13704  0.32997  0.33610  0.2523010E-01  0.3815179E-02  0.1078031E-02  0.2000326E-02  0.2218727E-01  0.1814853E-02  0.1964808E-02  0.0000000E+00  0.0000000E+00  0.0000000E+00
  0.50000  0.13697  0.33007  0.33620  0.2525005E-01  0.3812033E-02  0.1075697E-02  0.1998193E-02  0.2221026E-01  0.1813840E-02  0.1964097E-02  0.0000000E+00  0.0000000E+00  0.0000000E+00
  0.50000  0.13690  0.33018  0.33630  0.2526994E-01  0.3808996E-02  0.1073367E-02  0.1996062E-02  0.2223319E-01  0.1812934E-02  0.1963383E-02  0.0000000E+00  0.0000000E+00  0.0000000E+00
  0.50000  0.13684  0.33028  0.33640  0.2528977E-01  0.3806059E-02  0.1071041E-02  0.1993933E-02  0.2225606E-01  0.1812127E-02  0.1962667E-02  0.0000000E+00  0.0000000E+00  0.0000000E+00
  0.50000  0.13677  0.33038  0.33650  0.2530954E-01  0.3803214E-02  0.1068717E-02  0.1991804E-02  0.2227887E-01  0.1811410E-02  0.1961948E-02  0.0000000E+00  0.0000000E+00  0.0000000E+00
  0.50000  0.13670  0.33049  0.33660  0.2532927E-01  0.3800452E-02  0.1066397E-02  0.1989677E-02  0.2230164E-01  0.1810775E-02  0.1961227E-02  0.0000000E+00  0.0000000E+00  0.0000000E+00
  0.50000  0.13663  0.33059  0.33670  0.2534894E-01  0.3797769E-02  0.1064080E-02  0.1987551E-02  0.2232436E-01  0.1810218E-02  0.1960504E-02  0.0000000E+00  0.0000000E+00  0.0000000E+00
  0.50000  0.13657  0.33069  0.33680  0.2536858E-01  0.3795157E-02  0.1061766E-02  0.1985426E-02  0.2234703E-01  0.1809731E-02  0.1959778E-02  0.0000000E+00  0.0000000E+00  0.0000000E+00
  0.50000  0.13650  0.33079  0.33690  0.2538817E-01  0.3792612E-02  0.1059455E-02  0.1983302E-02  0.2236966E-01  0.1809310E-02  0.1959050E-02  0.0000000E+00  0.0000000E+00  0.0000000E+00
  0.50000  0.13643  0.33090  0.33700  0.2540772E-01  0.3790130E-02  0.1057147E-02  0.1981180E-02  0.2239226E-01  0.1808949E-02  0.1958319E-02  0.0000000E+00  0.0000000E+00  0.0000000E+00
  0.50000  0.13636  0.33100  0.33710  0.2542724E-01  0.3787705E-02  0.1054843E-02  0.1979059E-02  0.2241481E-01  0.1808646E-02  0.1957586E-02  0.0000000E+00  0.0000000E+00  0.0000000E+00
  0.50000  0.13630  0.33110  0.33720  0.2544671E-01  0.3785335E-02  0.1052542E-02  0.1976939E-02  0.2243732E-01  0.1808396E-02  0.1956851E-02  0.0000000E+00  0.0000000E+00  0.0000000E+00
  0.50000  0.13623  0.33121  0.33730  0.2546616E-01  0.3783016E-02  0.1050244E-02  0.1974820E-02  0.2245980E-01  0.1808196E-02  0.1956113E-02  0.0000000E+00  0.0000000E+00  0.0000000E+00
  0.50000  0.13616  0.33131  0.33740  0.2548557E-01  0.3780746E-02  0.1047949E-02  0.1972703E-02  0.2248225E-01  0.1808043E-02  0.1955373E-02  0.0000000E+00  0.0000000E+00  0.0000000E+00
  0.50000  0.13609  0.33141  0.33750  0.2550495E-01  0.3778520E-02  0.1045657E-02  0.1970587E-02  0.2250466E-01  0.1807933E-02  0.1954630E-02  0.0000000E+00  0.0000000E+00  0.0000000E+00
  0.50000  0.13603  0.33152  0.33760  0.2552430E-01  0.3776337E-02  0.1043368E-02  0.1968472E-02  0.2252704E-01  0.1807866E-02  0.1953885E-02  0.0000000E+00  0.0000000E+00  0.0000000E+00
  0.50000  0.13596  0.33162  0.33770  0.2554362E-01  0.3774195E-02  0.1041083E-02  0.1966358E-02  0.2254940E-01  0.1807837E-02  0.1953137E-02  0.0000000E+00  0.0000000E+00  0.0000000E+00
  0.50000  0.13589  0.33172  0.33780  0.2556291E-01  0.3772091E-02  0.1038801E-02  0.1964245E-02  0.2257172E-01  0.1807845E-02  0.1952388E-02  0.0000000E+00  0.0000000E+00  0.0000000E+00
  0.50000  0.13582  0.33182  0.33790  0.2558217E-01  0.3770023E-02  0.1036521E-02  0.1962134E-02  0.2259401E-01  0.1807889E-02  0.1951635E-02  0.0000000E+00  0.0000000E+00  0.0000000E+00
  0.50000  0.13576  0.33193  0.33800  0.2560140E-01  0.3767990E-02  0.1034245E-02  0.1960024E-02  0.2261628E-01  0.1807966E-02  0.1950881E-02  0.0000000E+00  0.0000000E+00  0.0000000E+00
  0.50000  0.13569  0.33203  0.33810  0.2562061E-01  0.3765989E-02  0.1031973E-02  0.1957915E-02  0.2263851E-01  0.1808075E-02  0.1950124E-02  0.0000000E+00  0.0000000E+00  0.0000000E+00
  0.50000  0.13562  0.33213  0.33820  0.2563979E-01  0.3764020E-02  0.1029703E-02  0.1955807E-02  0.2266073E-01  0.1808213E-02  0.1949364E-02  0.0000000E+00  0.0000000E+00  0.0000000E+00
  0.50000  0.13555  0.33224  0.33830  0.2565895E-01  0.3762081E-02  0.1027436E-02  0.1953700E-02  0.2268291E-01  0.1808381E-02  0.1948602E-02  0.0000000E+00  0.0000000E+00  0.0000000E+00
  0.50000  0.13549  0.33234  0.33840  0.2567808E-01  0.3760170E-02  0.1025173E-02  0.1951595E-02  0.2270507E-01  0.1808575E-02  0.1947838E-02  0.0000000E+00  0.0000000E+00  0.0000000E+00
  0.50000  0.13542  0.33244  0.33850  0.2569719E-01  0.3758287E-02  0.1022913E-02  0.1949491E-02  0.2272721E-01  0.1808796E-02  0.1947071E-02  0.0000000E+00  0.0000000E+00  0.0000000E+00
  0.50000  0.13535  0.33255  0.33860  0.2571628E-01  0.3756430E-02  0.1020656E-02  0.1947388E-02  0.2274932E-01  0.1809042E-02  0.1946302E-02  0.0000000E+00  0.0000000E+00  0.0000000E+00
  0.50000  0.13528  0.33265  0.33870  0.2573534E-01  0.3754598E-02  0.1018402E-02  0.1945286E-02  0.2277141E-01  0.1809312E-02  0.1945530E-02  0.0000000E+00  0.0000000E+00  0.0000000E+00
  0.50000  0.13521  0.33275  0.33880  0.2575438E-01  0.3752790E-02  0.1016151E-02  0.1943185E-02  0.2279348E-01  0.1809604E-02  0.1944757E-02  0.0000000E+00  0.0000000E+00  0.0000000E+00
  0.50000  0.13515  0.33285  0.33890  0.2577340E-01  0.3751005E-02  0.1013903E-02  0.1941086E-02  0.2281552E-01  0.1809919E-02  0.1943980E-02  0.0000000E+00  0.0000000E+00  0.0000000E+00
  0.50000  0.13508  0.33296  0.33900  0.2579240E-01  0.3749242E-02  0.1011659E-02  0.1938988E-02  0.2283754E-01  0.1810254E-02  0.1943201E-02  0.0000000E+00  0.0000000E+00  0.0000000E+00
  0.50000  0.13501  0.33306  0.33910  0.2581137E-01  0.3747501E-02  0.1009417E-02  0.1936891E-02  0.2285953E-01  0.1810610E-02  0.1942420E-02  0.0000000E+00  0.0000000E+00  0.0000000E+00
  0.50000  0.13494  0.33316  0.33920  0.2583033E-01  0.3745780E-02  0.1007179E-02  0.1934795E-02  0.2288151E-01  0.1810985E-02  0.1941637E-02  0.0000000E+00  0.0000000E+00  0.0000000E+00
  0.50000  0.13488  0.33327  0.33930  0.2582858E-01  0.3814517E-02  0.1004944E-02  0.1932700E-02  0.2288278E-01  0.1881817E-02  0.1940851E-02  0.0000000E+00  0.0000000E+00  0.0000000E+00
  0.50000  0.13481  0.33337  0.33940  0.2584871E-01  0.3810472E-02  0.1002712E-02  0.1930607E-02  0.2290594E-01  0.1879865E-02  0.1940063E-02  0.0000000E+00  0.0000000E+00  0.0000000E+00
  0.50000  0.13474  0.33347  0.33950  0.2586873E-01  0.3806646E-02  0.1000483E-02  0.1928514E-02  0.2292898E-01  0.1878132E-02  0.1939272E-02  0.0000000E+00  0.0000000E+00  0.0000000E+00
  0.50000  0.13467  0.33358  0.33960  0.2588865E-01  0.3803013E-02  0.9982568E-03  0.1926423E-02  0.2295191E-01  0.1876590E-02  0.1938479E-02  0.0000000E+00  0.0000000E+00  0.0000000E+00
  0.50000  0.13460  0.33368  0.33970  0.2590847E-01  0.3799551E-02  0.9960340E-03  0.1924333E-02  0.2297475E-01  0.1875218E-02  0.1937683E-02  0.0000000E+00  0.0000000E+00  0.0000000E+00
  0.50000  0.13454  0.33378  0.33980  0.2592820E-01  0.3796241E-02  0.9938143E-03  0.1922244E-02  0.2299750E-01  0.1873996E-02  0.1936885E-02  0.0000000E+00  0.0000000E+00  0.0000000E+00
  0.50000  0.13447  0.33389  0.33990  0.2594786E-01  0.3793067E-02  0.9915978E-03  0.1920157E-02  0.2302018E-01  0.1872910E-02  0.1936085E-02  0.0000000E+00  0.0000000E+00  0.0000000E+00
  0.50000  0.13440  0.33399  0.34000  0.2596745E-01  0.3790016E-02  0.9893843E-03  0.1918070E-02  0.2304278E-01  0.1871946E-02  0.1935282E-02  0.0000000E+00  0.0000000E+00  0.0000000E+00
  0.50000  0.13433  0.33409  0.34010  0.2598697E-01  0.3787077E-02  0.9871740E-03  0.1915985E-02  0.2306532E-01  0.1871092E-02  0.1934477E-02  0.0000000E+00  0.0000000E+00  0.0000000E+00
  0.50000  0.13426  0.33419  0.34020  0.2600643E-01  0.3784239E-02  0.9849667E-03  0.1913901E-02  0.2308779E-01  0.1870338E-02  0.1933669E-02  0.0000000E+00  0.0000000E+00  0.0000000E+00
  0.50000  0.13420  0.33430  0.34030  0.2602583E-01  0.3781494E-02  0.9827626E-03  0.1911818E-02  0.2311021E-01  0.1869676E-02  0.1932859E-02  0.0000000E+00  0.0000000E+00  0.0000000E+00
  0.50000  0.13413  0.33440  0.34040  0.2604518E-01  0.3778833E-02  0.9805615E-03  0.1909736E-02  0.2313257E-01  0.1869097E-02  0.1932047E-02  0.0000000E+00  0.0000000E+00  0.0000000E+00
  0.50000  0.13406  0.33450  0.34050  0.2606448E-01  0.3776251E-02  0.9783635E-03  0.1907655E-02  0.2315488E-01  0.1868596E-02  0.1931232E-02  0.0000000E+00  0.0000000E+00  0.0000000E+00
  0.50000  0.13399  0.33461  0.34060  0.2608373E-01  0.3773741E-02  0.9761686E-03  0.1905576E-02  0.2317715E-01  0.1868165E-02  0.1930415E-02  0.0000000E+00  0.0000000E+00  0.0000000E+00
  0.50000  0.13392  0.33471  0.34070  0.2610294E-01  0.3771298E-02  0.9739768E-03  0.1903498E-02  0.2319936E-01  0.1867800E-02  0.1929596E-02  0.0000000E+00  0.0000000E+00  0.0000000E+00
  0.50000  0.13386  0.33481  0.34080  0.2612210E-01  0.3768917E-02  0.9717881E-03  0.1901420E-02  0.2322154E-01  0.1867497E-02  0.1928774E-02  0.0000000E+00  0.0000000E+00  0.0000000E+00
  0.50000  0.13379  0.33492  0.34090  0.2614122E-01  0.3766594E-02  0.9696024E-03  0.1899344E-02  0.2324367E-01  0.1867250E-02  0.1927950E-02  0.0000000E+00  0.0000000E+00  0.0000000E+00
  0.50000  0.13372  0.33502  0.34100  0.2616031E-01  0.3764326E-02  0.9674199E-03  0.1897270E-02  0.2326576E-01  0.1867056E-02  0.1927123E-02  0.0000000E+00  0.0000000E+00  0.0000000E+00
  0.50000  0.13365  0.33512  0.34110  0.2617935E-01  0.3762107E-02  0.9652404E-03  0.1895196E-02  0.2328782E-01  0.1866912E-02  0.1926294E-02  0.0000000E+00  0.0000000E+00  0.0000000E+00
  0.50000  0.13358  0.33522  0.34120  0.2619836E-01  0.3759937E-02  0.9630639E-03  0.1893123E-02  0.2330984E-01  0.1866814E-02  0.1925462E-02  0.0000000E+00  0.0000000E+00  0.0000000E+00
  0.50000  0.13351  0.33533  0.34130  0.2621734E-01  0.3757811E-02  0.9608906E-03  0.1891052E-02  0.2333182E-01  0.1866759E-02  0.1924628E-02  0.0000000E+00  0.0000000E+00  0.0000000E+00
  0.50000  0.13345  0.33543  0.34140  0.2623628E-01  0.3755727E-02  0.9587203E-03  0.1888982E-02  0.2335377E-01  0.1866746E-02  0.1923792E-02  0.0000000E+00  0.0000000E+00  0.0000000E+00
  0.50000  0.13338  0.33553  0.34150  0.2625519E-01  0.3753684E-02  0.9565530E-03  0.1886912E-02  0.2337569E-01  0.1866771E-02  0.1922954E-02  0.0000000E+00  0.0000000E+00  0.0000000E+00
  0.50000  0.13331  0.33564  0.34160  0.2627407E-01  0.3751677E-02  0.9543888E-03  0.1884844E-02  0.2339757E-01  0.1866833E-02  0.1922113E-02  0.0000000E+00  0.0000000E+00  0.0000000E+00
  0.50000  0.13324  0.33574  0.34170  0.2629292E-01  0.3749707E-02  0.9522277E-03  0.1882777E-02  0.2341942E-01  0.1866929E-02  0.1921269E-02  0.0000000E+00  0.0000000E+00  0.0000000E+00
  0.50000  0.13317  0.33584  0.34180  0.2631174E-01  0.3747770E-02  0.9500697E-03  0.1880712E-02  0.2344124E-01  0.1867058E-02  0.1920423E-02  0.0000000E+00  0.0000000E+00  0.0000000E+00
  0.50000  0.13310  0.33595  0.34190  0.2633053E-01  0.3745865E-02  0.9479147E-03  0.1878647E-02  0.2346304E-01  0.1867218E-02  0.1919575E-02  0.0000000E+00  0.0000000E+00  0.0000000E+00
  0.50000  0.13304  0.33605  0.34200  0.2634929E-01  0.3743991E-02  0.9457627E-03  0.1876584E-02  0.2348480E-01  0.1867408E-02  0.1918725E-02  0.0000000E+00  0.0000000E+00  0.0000000E+00
  0.50000  0.13297  0.33615  0.34210  0.2636802E-01  0.3742147E-02  0.9436138E-03  0.1874521E-02  0.2350653E-01  0.1867625E-02  0.1917872E-02  0.0000000E+00  0.0000000E+00  0.0000000E+00
  0.50000  0.13290  0.33626  0.34220  0.2638672E-01  0.3740330E-02  0.9414679E-03  0.1872460E-02  0.2352824E-01  0.1867870E-02  0.1917016E-02  0.0000000E+00  0.0000000E+00  0.0000000E+00
  0.50000  0.13283  0.33636  0.34230  0.2640540E-01  0.3738539E-02  0.9393251E-03  0.1870400E-02  0.2354992E-01  0.1868139E-02  0.1916158E-02  0.0000000E+00  0.0000000E+00  0.0000000E+00
  0.50000  0.13276  0.33646  0.34240  0.2642406E-01  0.3736774E-02  0.9371853E-03  0.1868341E-02  0.2357157E-01  0.1868433E-02  0.1915298E-02  0.0000000E+00  0.0000000E+00  0.0000000E+00
  0.50000  0.13269  0.33656  0.34250  0.2644268E-01  0.3735034E-02  0.9350486E-03  0.1866283E-02  0.2359320E-01  0.1868751E-02  0.1914436E-02  0.0000000E+00  0.0000000E+00  0.0000000E+00
  0.50000  0.13263  0.33667  0.34260  0.2646129E-01  0.3733317E-02  0.9329149E-03  0.1864226E-02  0.2361480E-01  0.1869090E-02  0.1913571E-02  0.0000000E+00  0.0000000E+00  0.0000000E+00
  0.50000  0.13256  0.33677  0.34270  0.2647986E-01  0.3731622E-02  0.9307842E-03  0.1862171E-02  0.2363637E-01  0.1869451E-02  0.1912704E-02  0.0000000E+00  0.0000000E+00  0.0000000E+00
  0.50000  0.13249  0.33687  0.34280  0.2649842E-01  0.3729949E-02  0.9286566E-03  0.1860116E-02  0.2365792E-01  0.1869833E-02  0.1911834E-02  0.0000000E+00  0.0000000E+00  0.0000000E+00
  0.50000  0.13242  0.33698  0.34290  0.2651694E-01  0.3728296E-02  0.9265319E-03  0.1858063E-02  0.2367945E-01  0.1870233E-02  0.1910962E-02  0.0000000E+00  0.0000000E+00  0.0000000E+00
  0.50000  0.13235  0.33708  0.34300  0.2653545E-01  0.3726664E-02  0.9244104E-03  0.1856011E-02  0.2370095E-01  0.1870653E-02  0.1910088E-02  0.0000000E+00  0.0000000E+00  0.0000000E+00
  0.50000  0.13228  0.33718  0.34310  0.2655393E-01  0.3725051E-02  0.9222918E-03  0.1853959E-02  0.2372243E-01  0.1871091E-02  0.1909211E-02  0.0000000E+00  0.0000000E+00  0.0000000E+00
  0.50000  0.13221  0.33729  0.34320  0.2655317E-01  0.3788326E-02  0.9201762E-03  0.1851909E-02  0.2372466E-01  0.1936416E-02  0.1908332E-02  0.0000000E+00  0.0000000E+00  0.0000000E+00
  0.50000  0.13215  0.33739  0.34330  0.2657273E-01  0.3784592E-02  0.9180637E-03  0.1849860E-02  0.2374721E-01  0.1934732E-02  0.1907450E-02  0.0000000E+00  0.0000000E+00  0.0000000E+00
  0.50000  0.13208  0.33749  0.34340  0.2659217E-01  0.3781057E-02  0.9159542E-03  0.1847813E-02  0.2376965E-01  0.1933245E-02  0.1906566E-02  0.0000000E+00  0.0000000E+00  0.0000000E+00
  0.50000  0.13201  0.33760  0.34350  0.2661152E-01  0.3777697E-02  0.9138477E-03  0.1845766E-02  0.2379199E-01  0.1931932E-02  0.1905680E-02  0.0000000E+00  0.0000000E+00  0.0000000E+00
  0.50000  0.13194  0.33770  0.34360  0.2663077E-01  0.3774493E-02  0.9117442E-03  0.1843720E-02  0.2381424E-01  0.1930772E-02  0.1904791E-02  0.0000000E+00  0.0000000E+00  0.0000000E+00
  0.50000  0.13187  0.33780  0.34370  0.2664995E-01  0.3771426E-02  0.9096438E-03  0.1841676E-02  0.2383640E-01  0.1929751E-02  0.1903900E-02  0.0000000E+00  0.0000000E+00  0.0000000E+00
  0.50000  0.13180  0.33790  0.34380  0.2666905E-01  0.3768484E-02  0.9075463E-03  0.1839632E-02  0.2385849E-01  0.1928852E-02  0.1903007E-02  0.0000000E+00  0.0000000E+00  0.0000000E+00
  0.50000  0.13173  0.33801  0.34390  0.2668808E-01  0.3765654E-02  0.9054518E-03  0.1837590E-02  0.2388051E-01  0.1928064E-02  0.1902111E-02  0.0000000E+00  0.0000000E+00  0.0000000E+00
  0.50000  0.13166  0.33811  0.34400  0.2670704E-01  0.3762926E-02  0.9033604E-03  0.1835549E-02  0.2390247E-01  0.1927377E-02  0.1901213E-02  0.0000000E+00  0.0000000E+00  0.0000000E+00
  0.50000  0.13160  0.33821  0.34410  0.2672595E-01  0.3760290E-02  0.9012719E-03  0.1833508E-02  0.2392436E-01  0.1926782E-02  0.1900313E-02  0.0000000E+00  0.0000000E+00  0.0000000E+00
  0.50000  0.13153  0.33832  0.34420  0.2674479E-01  0.3757739E-02  0.8991864E-03  0.1831469E-02  0.2394620E-01  0.1926270E-02  0.1899410E-02  0.0000000E+00  0.0000000E+00  0.0000000E+00
  0.50000  0.13146  0.33842  0.34430  0.2676359E-01  0.3755266E-02  0.8971040E-03  0.1829431E-02  0.2396798E-01  0.1925835E-02  0.1898505E-02  0.0000000E+00  0.0000000E+00  0.0000000E+00
  0.50000  0.13139  0.33852  0.34440  0.2678233E-01  0.3752864E-02  0.8950245E-03  0.1827394E-02  0.2398971E-01  0.1925470E-02  0.1897597E-02  0.0000000E+00  0.0000000E+00  0.0000000E+00
  0.50000  0.13132  0.33863  0.34450  0.2680103E-01  0.3750529E-02  0.8929480E-03  0.1825359E-02  0.2401140E-01  0.1925170E-02  0.1896687E-02  0.0000000E+00  0.0000000E+00  0.0000000E+00
  0.50000  0.13125  0.33873  0.34460  0.2681968E-01  0.3748255E-02  0.8908745E-03  0.1823324E-02  0.2403304E-01  0.1924931E-02  0.1895775E-02  0.0000000E+00  0.0000000E+00  0.0000000E+00
  0.50000  0.13118  0.33883  0.34470  0.2683829E-01  0.3746038E-02  0.8888040E-03  0.1821290E-02  0.2405463E-01  0.1924748E-02  0.1894860E-02  0.0000000E+00  0.0000000E+00  0.0000000E+00
  0.50000  0.13111  0.33894  0.34480  0.2685686E-01  0.3743874E-02  0.8867364E-03  0.1819258E-02  0.2407618E-01  0.1924616E-02  0.1893943E-02  0.0000000E+00  0.0000000E+00  0.0000000E+00
  0.50000  0.13104  0.33904  0.34490  0.2687539E-01  0.3741760E-02  0.8846719E-03  0.1817226E-02  0.2409769E-01  0.1924534E-02  0.1893024E-02  0.0000000E+00  0.0000000E+00  0.0000000E+00
  0.50000  0.13097  0.33914  0.34500  0.2689388E-01  0.3739692E-02  0.8826103E-03  0.1815196E-02  0.2411916E-01  0.1924496E-02  0.1892102E-02  0.0000000E+00  0.0000000E+00  0.0000000E+00
  0.50000  0.13091  0.33924  0.34510  0.2691233E-01  0.3737668E-02  0.8805517E-03  0.1813166E-02  0.2414060E-01  0.1924502E-02  0.1891178E-02  0.0000000E+00  0.0000000E+00  0.0000000E+00
  0.50000  0.13084  0.33935  0.34520  0.2693074E-01  0.3735685E-02  0.8784961E-03  0.1811138E-02  0.2416200E-01  0.1924547E-02  0.1890251E-02  0.0000000E+00  0.0000000E+00  0.0000000E+00
  0.50000  0.13077  0.33945  0.34530  0.2694913E-01  0.3733741E-02  0.8764434E-03  0.1809111E-02  0.2418336E-01  0.1924630E-02  0.1889323E-02  0.0000000E+00  0.0000000E+00  0.0000000E+00
  0.50000  0.13070  0.33955  0.34540  0.2696747E-01  0.3731834E-02  0.8743937E-03  0.1807085E-02  0.2420469E-01  0.1924749E-02  0.1888391E-02  0.0000000E+00  0.0000000E+00  0.0000000E+00
  0.50000  0.13063  0.33966  0.34550  0.2698579E-01  0.3729961E-02  0.8723470E-03  0.1805060E-02  0.2422598E-01  0.1924901E-02  0.1887458E-02  0.0000000E+00  0.0000000E+00  0.0000000E+00
  0.50000  0.13056  0.33976  0.34560  0.2700407E-01  0.3728121E-02  0.8703032E-03  0.1803036E-02  0.2424724E-01  0.1925085E-02  0.1886522E-02  0.0000000E+00  0.0000000E+00  0.0000000E+00
  0.50000  0.13049  0.33986  0.34570  0.2702232E-01  0.3726312E-02  0.8682624E-03  0.1801013E-02  0.2426847E-01  0.1925299E-02  0.1885584E-02  0.0000000E+00  0.0000000E+00  0.0000000E+00
  0.50000  0.13042  0.33997  0.34580  0.2704054E-01  0.3724533E-02  0.8662246E-03  0.1798991E-02  0.2428967E-01  0.1925542E-02  0.1884643E-02  0.0000000E+00  0.0000000E+00  0.0000000E+00
  0.50000  0.13035  0.34007  0.34590  0.2705873E-01  0.3722782E-02  0.8641897E-03  0.1796970E-02  0.2431084E-01  0.1925811E-02  0.1883700E-02  0.0000000E+00  0.0000000E+00  0.0000000E+00
  0.50000  0.13028  0.34017  0.34600  0.2707688E-01  0.3721057E-02  0.8621578E-03  0.1794950E-02  0.2433197E-01  0.1926107E-02  0.1882755E-02  0.0000000E+00  0.0000000E+00  0.0000000E+00
  0.50000  0.13021  0.34028  0.34610  0.2709501E-01  0.3719359E-02  0.8601288E-03  0.1792932E-02  0.2435308E-01  0.1926427E-02  0.1881807E-02  0.0000000E+00  0.0000000E+00  0.0000000E+00
  0.50000  0.13015  0.34038  0.34620  0.2711312E-01  0.3717685E-02  0.8581028E-03  0.1790914E-02  0.2437416E-01  0.1926771E-02  0.1880857E-02  0.0000000E+00  0.0000000E+00  0.0000000E+00
  0.50000  0.13008  0.34048  0.34630  0.2713119E-01  0.3716034E-02  0.8560797E-03  0.1788897E-02  0.2439520E-01  0.1927137E-02  0.1879905E-02  0.0000000E+00  0.0000000E+00  0.0000000E+00
  0.50000  0.13001  0.34058  0.34640  0.2714924E-01  0.3714406E-02  0.8540596E-03  0.1786882E-02  0.2441622E-01  0.1927524E-02  0.1878951E-02  0.0000000E+00  0.0000000E+00  0.0000000E+00
  0.50000  0.12994  0.34069  0.34650  0.2716725E-01  0.3712800E-02  0.8520424E-03  0.1784867E-02  0.2443722E-01  0.1927932E-02  0.1877994E-02  0.0000000E+00  0.0000000E+00  0.0000000E+00
  0.50000  0.12987  0.34079  0.34660  0.2718524E-01  0.3711214E-02  0.8500281E-03  0.1782854E-02  0.2445818E-01  0.1928360E-02  0.1877034E-02  0.0000000E+00  0.0000000E+00  0.0000000E+00
  0.50000  0.12980  0.34089  0.34670  0.2720321E-01  0.3709648E-02  0.8480168E-03  0.1780842E-02  0.2447912E-01  0.1928806E-02  0.1876073E-02  0.0000000E+00  0.0000000E+00  0.0000000E+00
  0.50000  0.12973  0.34100  0.34680  0.2722115E-01  0.3708101E-02  0.8460084E-03  0.1778830E-02  0.2450003E-01  0.1929271E-02  0.1875109E-02  0.0000000E+00  0.0000000E+00  0.0000000E+00
  0.50000  0.12966  0.34110  0.34690  0.2723906E-01  0.3706572E-02  0.8440030E-03  0.1776820E-02  0.2452091E-01  0.1929752E-02  0.1874142E-02  0.0000000E+00  0.0000000E+00  0.0000000E+00
  0.50000  0.12959  0.34120  0.34700  0.2723829E-01  0.3766374E-02  0.8420004E-03  0.1774811E-02  0.2452311E-01  0.1991564E-02  0.1873173E-02  0.0000000E+00  0.0000000E+00  0.0000000E+00
  0.50000  0.12952  0.34131  0.34710  0.2725724E-01  0.3762759E-02  0.8400009E-03  0.1772802E-02  0.2454504E-01  0.1989956E-02  0.1872202E-02  0.0000000E+00  0.0000000E+00  0.0000000E+00
  0.50000  0.12945  0.34141  0.34720  0.2727609E-01  0.3759344E-02  0.8380042E-03  0.1770795E-02  0.2456685E-01  0.1988549E-02  0.1871229E-02  0.0000000E+00  0.0000000E+00  0.0000000E+00
  0.50000  0.12938  0.34151  0.34730  0.2729483E-01  0.3756106E-02  0.8360105E-03  0.1768789E-02  0.2458856E-01  0.1987317E-02  0.1870253E-02  0.0000000E+00  0.0000000E+00  0.0000000E+00
  0.50000  0.12931  0.34162  0.34740  0.2731348E-01  0.3753024E-02  0.8340196E-03  0.1766784E-02  0.2461018E-01  0.1986240E-02  0.1869275E-02  0.0000000E+00  0.0000000E+00  0.0000000E+00
  0.50000  0.12924  0.34172  0.34750  0.2733204E-01  0.3750080E-02  0.8320317E-03  0.1764780E-02  0.2463171E-01  0.1985300E-02  0.1868295E-02  0.0000000E+00  0.0000000E+00  0.0000000E+00
  0.50000  0.12917  0.34182  0.34760  0.2735052E-01  0.3747260E-02  0.8300468E-03  0.1762777E-02  0.2465316E-01  0.1984483E-02  0.1867312E-02  0.0000000E+00  0.0000000E+00  0.0000000E+00
  0.50000  0.12910  0.34193  0.34770  0.2736894E-01  0.3744551E-02  0.8280647E-03  0.1760775E-02  0.2467454E-01  0.1983776E-02  0.1866327E-02  0.0000000E+00  0.0000000E+00  0.0000000E+00
  0.50000  0.12904  0.34203  0.34780  0.2738728E-01  0.3741942E-02  0.8260855E-03  0.1758774E-02  0.2469586E-01  0.1983169E-02  0.1865340E-02  0.0000000E+00  0.0000000E+00  0.0000000E+00
  0.50000  0.12897  0.34213  0.34790  0.2740557E-01  0.3739425E-02  0.8241093E-03  0.1756774E-02  0.2471711E-01  0.1982652E-02  0.1864350E-02  0.0000000E+00  0.0000000E+00  0.0000000E+00
  0.50000  0.12890  0.34223  0.34800  0.2742379E-01  0.3736991E-02  0.8221360E-03  0.1754775E-02  0.2473830E-01  0.1982217E-02  0.1863359E-02  0.0000000E+00  0.0000000E+00  0.0000000E+00
  0.50000  0.12883  0.34234  0.34810  0.2744196E-01  0.3734634E-02  0.8201655E-03  0.1752777E-02  0.2475943E-01  0.1981857E-02  0.1862364E-02  0.0000000E+00  0.0000000E+00  0.0000000E+00
  0.50000  0.12876  0.34244  0.34820  0.2746008E-01  0.3732346E-02  0.8181980E-03  0.1750780E-02  0.2478051E-01  0.1981566E-02  0.1861368E-02  0.0000000E+00  0.0000000E+00  0.0000000E+00
  0.50000  0.12869  0.34254  0.34830  0.2747815E-01  0.3730123E-02  0.8162334E-03  0.1748784E-02  0.2480155E-01  0.1981339E-02  0.1860369E-02  0.0000000E+00  0.0000000E+00  0.0000000E+00
  0.50000  0.12862  0.34265  0.34840  0.2749617E-01  0.3727960E-02  0.8142717E-03  0.1746789E-02  0.2482253E-01  0.1981171E-02  0.1859367E-02  0.0000000E+00  0.0000000E+00  0.0000000E+00
  0.50000  0.12855  0.34275  0.34850  0.2751414E-01  0.3725852E-02  0.8123128E-03  0.1744795E-02  0.2484347E-01  0.1981057E-02  0.1858364E-02  0.0000000E+00  0.0000000E+00  0.0000000E+00
  0.50000  0.12848  0.34285  0.34860  0.2753207E-01  0.3723795E-02  0.8103569E-03  0.1742802E-02  0.2486436E-01  0.1980993E-02  0.1857358E-02  0.0000000E+00  0.0000000E+00  0.0000000E+00
  0.50000  0.12841  0.34296  0.34870  0.2754996E-01  0.3721787E-02  0.8084039E-03  0.1740810E-02  0.2488521E-01  0.1980977E-02  0.1856350E-02  0.0000000E+00  0.0000000E+00  0.0000000E+00
  0.50000  0.12834  0.34306  0.34880  0.2756781E-01  0.3719824E-02  0.8064537E-03  0.1738819E-02  0.2490602E-01  0.1981005E-02  0.1855339E-02  0.0000000E+00  0.0000000E+00  0.0000000E+00
  0.50000  0.12827  0.34316  0.34890  0.2758562E-01  0.3717903E-02  0.8045065E-03  0.1736829E-02  0.2492679E-01  0.1981074E-02  0.1854327E-02  0.0000000E+00  0.0000000E+00  0.0000000E+00
  0.50000  0.12820  0.34327  0.34900  0.2760339E-01  0.3716022E-02  0.8025621E-03  0.1734841E-02  0.2494752E-01  0.1981182E-02  0.1853311E-02  0.0000000E+00  0.0000000E+00  0.0000000E+00
  0.50000  0.12813  0.34337  0.34910  0.2762112E-01  0.3714178E-02  0.8006206E-03  0.1732853E-02  0.2496821E-01  0.1981326E-02  0.1852294E-02  0.0000000E+00  0.0000000E+00  0.0000000E+00
  0.50000  0.12806  0.34347  0.34920  0.2763882E-01  0.3712369E-02  0.7986820E-03  0.1730866E-02  0.2498886E-01  0.1981504E-02  0.1851274E-02  0.0000000E+00  0.0000000E+00  0.0000000E+00
  0.50000  0.12799  0.34357  0.34930  0.2765648E-01  0.3710594E-02  0.7967462E-03  0.1728880E-02  0.2500948E-01  0.1981714E-02  0.1850252E-02  0.0000000E+00  0.0000000E+00  0.0000000E+00
  0.50000  0.12792  0.34368  0.34940  0.2767411E-01  0.3708850E-02  0.7948134E-03  0.1726895E-02  0.2503007E-01  0.1981955E-02  0.1849228E-02  0.0000000E+00  0.0000000E+00  0.0000000E+00
  0.50000  0.12785  0.34378  0.34950  0.2769170E-01  0.3707136E-02  0.7928834E-03  0.1724911E-02  0.2505062E-01  0.1982225E-02  0.1848201E-02  0.0000000E+00  0.0000000E+00  0.0000000E+00
  0.50000  0.12778  0.34388  0.34960  0.2770927E-01  0.3705450E-02  0.7909563E-03  0.1722928E-02  0.2507114E-01  0.1982522E-02  0.1847172E-02  0.0000000E+00  0.0000000E+00  0.0000000E+00
  0.50000  0.12771  0.34399  0.34970  0.2772679E-01  0.3703791E-02  0.7890321E-03  0.1720947E-02  0.2509162E-01  0.1982845E-02  0.1846141E-02  0.0000000E+00  0.0000000E+00  0.0000000E+00
  0.50000  0.12764  0.34409  0.34980  0.2774429E-01  0.3702158E-02  0.7871107E-03  0.1718966E-02  0.2511207E-01  0.1983193E-02  0.1845108E-02  0.0000000E+00  0.0000000E+00  0.0000000E+00
  0.50000  0.12757  0.34419  0.34990  0.2776175E-01  0.3700549E-02  0.7851922E-03  0.1716986E-02  0.2513249E-01  0.1983564E-02  0.1844072E-02  0.0000000E+00  0.0000000E+00  0.0000000E+00
  0.50000  0.12750  0.34430  0.35000  0.2777919E-01  0.3698964E-02  0.7832765E-03  0.1715007E-02  0.2515288E-01  0.1983957E-02  0.1843034E-02  0.0000000E+00  0.0000000E+00  0.0000000E+00
  0.50000  0.12743  0.34440  0.35010  0.2779659E-01  0.3697401E-02  0.7813637E-03  0.1713029E-02  0.2517323E-01  0.1984372E-02  0.1841993E-02  0.0000000E+00  0.0000000E+00  0.0000000E+00
  0.50000  0.12736  0.34450  0.35020  0.2781396E-01  0.3695860E-02  0.7794538E-03  0.1711052E-02  0.2519356E-01  0.1984808E-02  0.1840951E-02  0.0000000E+00  0.0000000E+00  0.0000000E+00
  0.50000  0.12729  0.34461  0.35030  0.2783131E-01  0.3694339E-02  0.7775468E-03  0.1709076E-02  0.2521386E-01  0.1985263E-02  0.1839906E-02  0.0000000E+00  0.0000000E+00  0.0000000E+00
  0.50000  0.12722  0.34471  0.35040  0.2784862E-01  0.3692837E-02  0.7756425E-03  0.1707101E-02  0.2523412E-01  0.1985736E-02  0.1838858E-02  0.0000000E+00  0.0000000E+00  0.0000000E+00
  0.50000  0.12715  0.34481  0.35050  0.2786591E-01  0.3691355E-02  0.7737412E-03  0.1705127E-02  0.2525436E-01  0.1986228E-02  0.1837809E-02  0.0000000E+00  0.0000000E+00  0.0000000E+00
  0.50000  0.12708  0.34492  0.35060  0.2788316E-01  0.3689890E-02  0.7718427E-03  0.1703154E-02  0.2527456E-01  0.1986736E-02  0.1836757E-02  0.0000000E+00  0.0000000E+00  0.0000000E+00
  0.50000  0.12701  0.34502  0.35070  0.2790039E-01  0.3688443E-02  0.7699470E-03  0.1701182E-02  0.2529474E-01  0.1987261E-02  0.1835703E-02  0.0000000E+00  0.0000000E+00  0.0000000E+00
  0.50000  0.12694  0.34512  0.35080  0.2791759E-01  0.3687013E-02  0.7680542E-03  0.1699211E-02  0.2531489E-01  0.1987802E-02  0.1834646E-02  0.0000000E+00  0.0000000E+00  0.0000000E+00
  0.50000  0.12687  0.34523  0.35090  0.2791800E-01  0.3740992E-02  0.7661642E-03  0.1697241E-02  0.2531825E-01  0.2043751E-02  0.1833588E-02  0.0000000E+00  0.0000000E+00  0.0000000E+00
  0.50000  0.12680  0.34533  0.35100  0.2793611E-01  0.3737720E-02  0.7642771E-03  0.1695272E-02  0.2533931E-01  0.2042448E-02  0.1832527E-02  0.0000000E+00  0.0000000E+00  0.0000000E+00
  0.50000  0.12673  0.34543  0.35110  0.2795412E-01  0.3734623E-02  0.7623928E-03  0.1693304E-02  0.2536027E-01  0.2041320E-02  0.1831464E-02  0.0000000E+00  0.0000000E+00  0.0000000E+00
  0.50000  0.12666  0.34553  0.35120  0.2797204E-01  0.3731680E-02  0.7605114E-03  0.1691336E-02  0.2538113E-01  0.2040343E-02  0.1830398E-02  0.0000000E+00  0.0000000E+00  0.0000000E+00
  0.50000  0.12659  0.34564  0.35130  0.2798986E-01  0.3728872E-02  0.7586327E-03  0.1689370E-02  0.2540190E-01  0.2039502E-02  0.1829330E-02  0.0000000E+00  0.0000000E+00  0.0000000E+00
  0.50000  0.12652  0.34574  0.35140  0.2800761E-01  0.3726186E-02  0.7567570E-03  0.1687405E-02  0.2542259E-01  0.2038781E-02  0.1828260E-02  0.0000000E+00  0.0000000E+00  0.0000000E+00
  0.50000  0.12645  0.34584  0.35150  0.2802529E-01  0.3723608E-02  0.7548840E-03  0.1685441E-02  0.2544321E-01  0.2038168E-02  0.1827188E-02  0.0000000E+00  0.0000000E+00  0.0000000E+00
  0.50000  0.12638  0.34595  0.35160  0.2804289E-01  0.3721128E-02  0.7530139E-03  0.1683477E-02  0.2546376E-01  0.2037651E-02  0.1826113E-02  0.0000000E+00  0.0000000E+00  0.0000000E+00
  0.50000  0.12631  0.34605  0.35170  0.2806043E-01  0.3718737E-02  0.7511466E-03  0.1681515E-02  0.2548425E-01  0.2037222E-02  0.1825036E-02  0.0000000E+00  0.0000000E+00  0.0000000E+00
  0.50000  0.12624  0.34615  0.35180  0.2807792E-01  0.3716427E-02  0.7492821E-03  0.1679553E-02  0.2550468E-01  0.2036873E-02  0.1823957E-02  0.0000000E+00  0.0000000E+00  0.0000000E+00
  0.50000  0.12617  0.34626  0.35190  0.2809534E-01  0.3714190E-02  0.7474204E-03  0.1677593E-02  0.2552505E-01  0.2036597E-02  0.1822876E-02  0.0000000E+00  0.0000000E+00  0.0000000E+00
  0.50000  0.12610  0.34636  0.35200  0.2811271E-01  0.3712021E-02  0.7455616E-03  0.1675633E-02  0.2554536E-01  0.2036387E-02  0.1821792E-02  0.0000000E+00  0.0000000E+00  0.0000000E+00
  0.50000  0.12603  0.34646  0.35210  0.2813003E-01  0.3709914E-02  0.7437056E-03  0.1673675E-02  0.2556562E-01  0.2036239E-02  0.1820706E-02  0.0000000E+00  0.0000000E+00  0.0000000E+00
  0.50000  0.12596  0.34657  0.35220  0.2814731E-01  0.3707864E-02  0.7418524E-03  0.1671717E-02  0.2558583E-01  0.2036147E-02  0.1819618E-02  0.0000000E+00  0.0000000E+00  0.0000000E+00
  0.50000  0.12588  0.34667  0.35230  0.2816453E-01  0.3705868E-02  0.7400020E-03  0.1669761E-02  0.2560600E-01  0.2036107E-02  0.1818528E-02  0.0000000E+00  0.0000000E+00  0.0000000E+00
  0.50000  0.12581  0.34677  0.35240  0.2818171E-01  0.3703921E-02  0.7381544E-03  0.1667805E-02  0.2562612E-01  0.2036116E-02  0.1817435E-02  0.0000000E+00  0.0000000E+00  0.0000000E+00
  0.50000  0.12574  0.34688  0.35250  0.2819884E-01  0.3702020E-02  0.7363097E-03  0.1665850E-02  0.2564619E-01  0.2036170E-02  0.1816340E-02  0.0000000E+00  0.0000000E+00  0.0000000E+00
  0.50000  0.12567  0.34698  0.35260  0.2821593E-01  0.3700162E-02  0.7344677E-03  0.1663896E-02  0.2566622E-01  0.2036266E-02  0.1815243E-02  0.0000000E+00  0.0000000E+00  0.0000000E+00
  0.50000  0.12560  0.34708  0.35270  0.2823298E-01  0.3698344E-02  0.7326286E-03  0.1661943E-02  0.2568621E-01  0.2036401E-02  0.1814144E-02  0.0000000E+00  0.0000000E+00  0.0000000E+00
  0.50000  0.12553  0.34718  0.35280  0.2825000E-01  0.3696564E-02  0.7307922E-03  0.1659991E-02  0.2570616E-01  0.2036573E-02  0.1813042E-02  0.0000000E+00  0.0000000E+00  0.0000000E+00
  0.50000  0.12546  0.34729  0.35290  0.2826697E-01  0.3694820E-02  0.7289587E-03  0.1658040E-02  0.2572607E-01  0.2036779E-02  0.1811938E-02  0.0000000E+00  0.0000000E+00  0.0000000E+00
  0.50000  0.12539  0.34739  0.35300  0.2828390E-01  0.3693109E-02  0.7271279E-03  0.1656090E-02  0.2574594E-01  0.2037019E-02  0.1810832E-02  0.0000000E+00  0.0000000E+00  0.0000000E+00
  0.50000  0.12532  0.34749  0.35310  0.2830080E-01  0.3691430E-02  0.7253000E-03  0.1654141E-02  0.2576577E-01  0.2037288E-02  0.1809723E-02  0.0000000E+00  0.0000000E+00  0.0000000E+00
  0.50000  0.12525  0.34760  0.35320  0.2831766E-01  0.3689780E-02  0.7234748E-03  0.1652193E-02  0.2578557E-01  0.2037587E-02  0.1808613E-02  0.0000000E+00  0.0000000E+00  0.0000000E+00
  0.50000  0.12518  0.34770  0.35330  0.2833448E-01  0.3688159E-02  0.7216524E-03  0.1650246E-02  0.2580533E-01  0.2037913E-02  0.1807500E-02  0.0000000E+00  0.0000000E+00  0.0000000E+00
  0.50000  0.12511  0.34780  0.35340  0.2835127E-01  0.3686564E-02  0.7198329E-03  0.1648299E-02  0.2582505E-01  0.2038265E-02  0.1806385E-02  0.0000000E+00  0.0000000E+00  0.0000000E+00
  0.50000  0.12504  0.34791  0.35350  0.2836802E-01  0.3684996E-02  0.7180161E-03  0.1646354E-02  0.2584474E-01  0.2038642E-02  0.1805267E-02  0.0000000E+00  0.0000000E+00  0.0000000E+00
  0.50000  0.12497  0.34801  0.35360  0.2838474E-01  0.3683451E-02  0.7162021E-03  0.1644409E-02  0.2586439E-01  0.2039042E-02  0.1804148E-02  0.0000000E+00  0.0000000E+00  0.0000000E+00
  0.50000  0.12490  0.34811  0.35370  0.2840143E-01  0.3681930E-02  0.7143908E-03  0.1642466E-02  0.2588401E-01  0.2039464E-02  0.1803026E-02  0.0000000E+00  0.0000000E+00  0.0000000E+00
  0.50000  0.12483  0.34822  0.35380  0.2841808E-01  0.3680430E-02  0.7125824E-03  0.1640523E-02  0.2590360E-01  0.2039907E-02  0.1801902E-02  0.0000000E+00  0.0000000E+00  0.0000000E+00
  0.50000  0.12475  0.34832  0.35390  0.2843471E-01  0.3678952E-02  0.7107768E-03  0.1638581E-02  0.2592315E-01  0.2040370E-02  0.1800776E-02  0.0000000E+00  0.0000000E+00  0.0000000E+00
  0.50000  0.12468  0.34842  0.35400  0.2845129E-01  0.3677494E-02  0.7089739E-03  0.1636641E-02  0.2594267E-01  0.2040853E-02  0.1799647E-02  0.0000000E+00  0.0000000E+00  0.0000000E+00
  0.50000  0.12461  0.34853  0.35410  0.2846785E-01  0.3676055E-02  0.7071738E-03  0.1634701E-02  0.2596216E-01  0.2041354E-02  0.1798517E-02  0.0000000E+00  0.0000000E+00  0.0000000E+00
  0.50000  0.12454  0.34863  0.35420  0.2848438E-01  0.3674634E-02  0.7053764E-03  0.1632762E-02  0.2598162E-01  0.2041872E-02  0.1797384E-02  0.0000000E+00  0.0000000E+00  0.0000000E+00
  0.50000  0.12447  0.34873  0.35430  0.2850087E-01  0.3673231E-02  0.7035819E-03  0.1630824E-02  0.2600104E-01  0.2042408E-02  0.1796249E-02  0.0000000E+00  0.0000000E+00  0.0000000E+00
  0.50000  0.12440  0.34884  0.35440  0.2851733E-01  0.3671846E-02  0.7017901E-03  0.1628887E-02  0.2602043E-01  0.2042959E-02  0.1795111E-02  0.0000000E+00  0.0000000E+00  0.0000000E+00
  0.50000  0.12433  0.34894  0.35450  0.2853376E-01  0.3670476E-02  0.7000011E-03  0.1626950E-02  0.2603979E-01  0.2043526E-02  0.1793972E-02  0.0000000E+00  0.0000000E+00  0.0000000E+00
  0.50000  0.12426  0.34904  0.35460  0.2855016E-01  0.3669123E-02  0.6982148E-03  0.1625015E-02  0.2605912E-01  0.2044108E-02  0.1792830E-02  0.0000000E+00  0.0000000E+00  0.0000000E+00
  0.50000  0.12419  0.34914  0.35470  0.2855080E-01  0.3719163E-02  0.6964313E-03  0.1623081E-02  0.2606268E-01  0.2096082E-02  0.1791686E-02  0.0000000E+00  0.0000000E+00  0.0000000E+00
  0.50000  0.12412  0.34925  0.35480  0.2856805E-01  0.3716054E-02  0.6946506E-03  0.1621147E-02  0.2608286E-01  0.2094907E-02  0.1790540E-02  0.0000000E+00  0.0000000E+00  0.0000000E+00
  0.50000  0.12405  0.34935  0.35490  0.2858521E-01  0.3713115E-02  0.6928726E-03  0.1619214E-02  0.2610295E-01  0.2093901E-02  0.1789391E-02  0.0000000E+00  0.0000000E+00  0.0000000E+00
  0.50000  0.12397  0.34945  0.35500  0.2860227E-01  0.3710325E-02  0.6910974E-03  0.1617283E-02  0.2612293E-01  0.2093043E-02  0.1788241E-02  0.0000000E+00  0.0000000E+00  0.0000000E+00
  0.50000  0.12390  0.34956  0.35510  0.2861924E-01  0.3707666E-02  0.6893250E-03  0.1615352E-02  0.2614283E-01  0.2092315E-02  0.1787088E-02  0.0000000E+00  0.0000000E+00  0.0000000E+00
  0.50000  0.12383  0.34966  0.35520  0.2863613E-01  0.3705124E-02  0.6875553E-03  0.1613422E-02  0.2616265E-01  0.2091702E-02  0.1785933E-02  0.0000000E+00  0.0000000E+00  0.0000000E+00
  0.50000  0.12376  0.34976  0.35530  0.2865295E-01  0.3702686E-02  0.6857883E-03  0.1611493E-02  0.2618239E-01  0.2091193E-02  0.1784775E-02  0.0000000E+00  0.0000000E+00  0.0000000E+00
  0.50000  0.12369  0.34987  0.35540  0.2866970E-01  0.3700342E-02  0.6840241E-03  0.1609565E-02  0.2620206E-01  0.2090778E-02  0.1783616E-02  0.0000000E+00  0.0000000E+00  0.0000000E+00
  0.50000  0.12362  0.34997  0.35550  0.2868639E-01  0.3698083E-02  0.6822627E-03  0.1607638E-02  0.2622167E-01  0.2090445E-02  0.1782454E-02  0.0000000E+00  0.0000000E+00  0.0000000E+00
  0.50000  0.12355  0.35007  0.35560  0.2870301E-01  0.3695901E-02  0.6805039E-03  0.1605711E-02  0.2624122E-01  0.2090189E-02  0.1781291E-02  0.0000000E+00  0.0000000E+00  0.0000000E+00
  0.50000  0.12348  0.35018  0.35570  0.2871958E-01  0.3693789E-02  0.6787480E-03  0.1603786E-02  0.2626071E-01  0.2090003E-02  0.1780125E-02  0.0000000E+00  0.0000000E+00  0.0000000E+00
  0.50000  0.12341  0.35028  0.35580  0.2873609E-01  0.3691741E-02  0.6769948E-03  0.1601861E-02  0.2628014E-01  0.2089879E-02  0.1778956E-02  0.0000000E+00  0.0000000E+00  0.0000000E+00
  0.50000  0.12334  0.35038  0.35590  0.2875255E-01  0.3689752E-02  0.6752443E-03  0.1599938E-02  0.2629952E-01  0.2089814E-02  0.1777786E-02  0.0000000E+00  0.0000000E+00  0.0000000E+00
  0.50000  0.12326  0.35049  0.35600  0.2876896E-01  0.3687817E-02  0.6734965E-03  0.1598015E-02  0.2631885E-01  0.2089802E-02  0.1776613E-02  0.0000000E+00  0.0000000E+00  0.0000000E+00
  0.50000  0.12319  0.35059  0.35610  0.2878532E-01  0.3685933E-02  0.6717515E-03  0.1596093E-02  0.2633813E-01  0.2089840E-02  0.1775439E-02  0.0000000E+00  0.0000000E+00  0.0000000E+00
  0.50000  0.12312  0.35069  0.35620  0.2880164E-01  0.3684096E-02  0.6700092E-03  0.1594172E-02  0.2635737E-01  0.2089924E-02  0.1774262E-02  0.0000000E+00  0.0000000E+00  0.0000000E+00
  0.50000  0.12305  0.35080  0.35630  0.2881791E-01  0.3682302E-02  0.6682697E-03  0.1592252E-02  0.2637655E-01  0.2090050E-02  0.1773083E-02  0.0000000E+00  0.0000000E+00  0.0000000E+00
  0.50000  0.12298  0.35090  0.35640  0.2883413E-01  0.3680548E-02  0.6665328E-03  0.1590333E-02  0.2639570E-01  0.2090216E-02  0.1771901E-02  0.0000000E+00  0.0000000E+00  0.0000000E+00
  0.50000  0.12291  0.35100  0.35650  0.2885031E-01  0.3678833E-02  0.6647987E-03  0.1588414E-02  0.2641480E-01  0.2090419E-02  0.1770718E-02  0.0000000E+00  0.0000000E+00  0.0000000E+00
  0.50000  0.12284  0.35111  0.35660  0.2886645E-01  0.3677153E-02  0.6630674E-03  0.1586497E-02  0.2643386E-01  0.2090656E-02  0.1769532E-02  0.0000000E+00  0.0000000E+00  0.0000000E+00
  0.50000  0.12277  0.35121  0.35670  0.2888255E-01  0.3675507E-02  0.6613387E-03  0.1584580E-02  0.2645287E-01  0.2090926E-02  0.1768345E-02  0.0000000E+00  0.0000000E+00  0.0000000E+00
  0.50000  0.12269  0.35131  0.35680  0.2889862E-01  0.3673891E-02  0.6596128E-03  0.1582665E-02  0.2647185E-01  0.2091227E-02  0.1767155E-02  0.0000000E+00  0.0000000E+00  0.0000000E+00
  0.50000  0.12262  0.35141  0.35690  0.2891464E-01  0.3672306E-02  0.6578896E-03  0.1580750E-02  0.2649078E-01  0.2091556E-02  0.1765962E-02  0.0000000E+00  0.0000000E+00  0.0000000E+00
  0.50000  0.12255  0.35152  0.35700  0.2893062E-01  0.3670748E-02  0.6561691E-03  0.1578836E-02  0.2650968E-01  0.2091913E-02  0.1764768E-02  0.0000000E+00  0.0000000E+00  0.0000000E+00
  0.50000  0.12248  0.35162  0.35710  0.2894656E-01  0.3669218E-02  0.6544513E-03  0.1576923E-02  0.2652854E-01  0.2092295E-02  0.1763572E-02  0.0000000E+00  0.0000000E+00  0.0000000E+00
  0.50000  0.12241  0.35172  0.35720  0.2896247E-01  0.3667712E-02  0.6527363E-03  0.1575010E-02  0.2654736E-01  0.2092701E-02  0.1762373E-02  0.0000000E+00  0.0000000E+00  0.0000000E+00
  0.50000  0.12234  0.35183  0.35730  0.2897835E-01  0.3666230E-02  0.6510239E-03  0.1573099E-02  0.2656615E-01  0.2093131E-02  0.1761172E-02  0.0000000E+00  0.0000000E+00  0.0000000E+00
  0.50000  0.12227  0.35193  0.35740  0.2899418E-01  0.3664770E-02  0.6493143E-03  0.1571188E-02  0.2658490E-01  0.2093582E-02  0.1759969E-02  0.0000000E+00  0.0000000E+00  0.0000000E+00
  0.50000  0.12219  0.35203  0.35750  0.2900998E-01  0.3663333E-02  0.6476073E-03  0.1569279E-02  0.2660361E-01  0.2094054E-02  0.1758764E-02  0.0000000E+00  0.0000000E+00  0.0000000E+00
  0.50000  0.12212  0.35214  0.35760  0.2902575E-01  0.3661915E-02  0.6459031E-03  0.1567370E-02  0.2662229E-01  0.2094545E-02  0.1757557E-02  0.0000000E+00  0.0000000E+00  0.0000000E+00
  0.50000  0.12205  0.35224  0.35770  0.2904148E-01  0.3660518E-02  0.6442016E-03  0.1565462E-02  0.2664093E-01  0.2095056E-02  0.1756348E-02  0.0000000E+00  0.0000000E+00  0.0000000E+00
  0.50000  0.12198  0.35234  0.35780  0.2905718E-01  0.3659139E-02  0.6425027E-03  0.1563555E-02  0.2665954E-01  0.2095584E-02  0.1755136E-02  0.0000000E+00  0.0000000E+00  0.0000000E+00
  0.50000  0.12191  0.35245  0.35790  0.2907284E-01  0.3657778E-02  0.6408066E-03  0.1561649E-02  0.2667811E-01  0.2096130E-02  0.1753923E-02  0.0000000E+00  0.0000000E+00  0.0000000E+00
  0.50000  0.12184  0.35255  0.35800  0.2908847E-01  0.3656435E-02  0.6391132E-03  0.1559743E-02  0.2669665E-01  0.2096691E-02  0.1752707E-02  0.0000000E+00  0.0000000E+00  0.0000000E+00
  0.50000  0.12176  0.35265  0.35810  0.2910406E-01  0.3655108E-02  0.6374225E-03  0.1557839E-02  0.2671515E-01  0.2097269E-02  0.1751489E-02  0.0000000E+00  0.0000000E+00  0.0000000E+00
  0.50000  0.12169  0.35276  0.35820  0.2911963E-01  0.3653797E-02  0.6357344E-03  0.1555935E-02  0.2673362E-01  0.2097861E-02  0.1750269E-02  0.0000000E+00  0.0000000E+00  0.0000000E+00
  0.50000  0.12162  0.35286  0.35830  0.2913516E-01  0.3652501E-02  0.6340491E-03  0.1554032E-02  0.2675206E-01  0.2098468E-02  0.1749047E-02  0.0000000E+00  0.0000000E+00  0.0000000E+00
  0.50000  0.12155  0.35296  0.35840  0.2915065E-01  0.3651219E-02  0.6323664E-03  0.1552130E-02  0.2677047E-01  0.2099089E-02  0.1747822E-02  0.0000000E+00  0.0000000E+00  0.0000000E+00
  0.50000  0.12148  0.35307  0.35850  0.2915157E-01  0.3697166E-02  0.6306864E-03  0.1550229E-02  0.2677429E-01  0.2146936E-02  0.1746596E-02  0.0000000E+00  0.0000000E+00  0.0000000E+00
  0.50000  0.12141  0.35317  0.35860  0.2916786E-01  0.3694238E-02  0.6290091E-03  0.1548329E-02  0.2679349E-01  0.2145909E-02  0.1745367E-02  0.0000000E+00  0.0000000E+00  0.0000000E+00
  0.50000  0.12133  0.35327  0.35870  0.2918405E-01  0.3691472E-02  0.6273345E-03  0.1546430E-02  0.2681258E-01  0.2145042E-02  0.1744136E-02  0.0000000E+00  0.0000000E+00  0.0000000E+00
  0.50000  0.12126  0.35338  0.35880  0.2920014E-01  0.3688847E-02  0.6256626E-03  0.1544531E-02  0.2683157E-01  0.2144316E-02  0.1742904E-02  0.0000000E+00  0.0000000E+00  0.0000000E+00
  0.50000  0.12119  0.35348  0.35890  0.2921614E-01  0.3686346E-02  0.6239934E-03  0.1542633E-02  0.2685048E-01  0.2143713E-02  0.1741669E-02  0.0000000E+00  0.0000000E+00  0.0000000E+00
  0.50000  0.12112  0.35358  0.35900  0.2923207E-01  0.3683956E-02  0.6223268E-03  0.1540736E-02  0.2686931E-01  0.2143220E-02  0.1740432E-02  0.0000000E+00  0.0000000E+00  0.0000000E+00
  0.50000  0.12105  0.35369  0.35910  0.2924792E-01  0.3681665E-02  0.6206629E-03  0.1538840E-02  0.2688807E-01  0.2142824E-02  0.1739192E-02  0.0000000E+00  0.0000000E+00  0.0000000E+00
  0.50000  0.12098  0.35379  0.35920  0.2926371E-01  0.3679461E-02  0.6190017E-03  0.1536945E-02  0.2690676E-01  0.2142516E-02  0.1737951E-02  0.0000000E+00  0.0000000E+00  0.0000000E+00
  0.50000  0.12090  0.35389  0.35930  0.2927943E-01  0.3677337E-02  0.6173432E-03  0.1535051E-02  0.2692538E-01  0.2142287E-02  0.1736708E-02  0.0000000E+00  0.0000000E+00  0.0000000E+00
  0.50000  0.12083  0.35400  0.35940  0.2929509E-01  0.3675286E-02  0.6156873E-03  0.1533157E-02  0.2694394E-01  0.2142129E-02  0.1735462E-02  0.0000000E+00  0.0000000E+00  0.0000000E+00
  0.50000  0.12076  0.35410  0.35950  0.2931069E-01  0.3673300E-02  0.6140341E-03  0.1531264E-02  0.2696244E-01  0.2142036E-02  0.1734215E-02  0.0000000E+00  0.0000000E+00  0.0000000E+00
  0.50000  0.12069  0.35420  0.35960  0.2932623E-01  0.3671375E-02  0.6123836E-03  0.1529373E-02  0.2698089E-01  0.2142002E-02  0.1732965E-02  0.0000000E+00  0.0000000E+00  0.0000000E+00
  0.50000  0.12062  0.35430  0.35970  0.2934173E-01  0.3669505E-02  0.6107357E-03  0.1527481E-02  0.2699928E-01  0.2142023E-02  0.1731713E-02  0.0000000E+00  0.0000000E+00  0.0000000E+00
  0.50000  0.12054  0.35441  0.35980  0.2935717E-01  0.3667685E-02  0.6090905E-03  0.1525591E-02  0.2701762E-01  0.2142094E-02  0.1730459E-02  0.0000000E+00  0.0000000E+00  0.0000000E+00
  0.50000  0.12047  0.35451  0.35990  0.2937256E-01  0.3665913E-02  0.6074479E-03  0.1523702E-02  0.2703591E-01  0.2142211E-02  0.1729203E-02  0.0000000E+00  0.0000000E+00  0.0000000E+00
  0.50000  0.12040  0.35461  0.36000  0.2938790E-01  0.3664184E-02  0.6058080E-03  0.1521813E-02  0.2705415E-01  0.2142371E-02  0.1727945E-02  0.0000000E+00  0.0000000E+00  0.0000000E+00
  0.50000  0.12033  0.35472  0.36010  0.2940320E-01  0.3662496E-02  0.6041708E-03  0.1519925E-02  0.2707235E-01  0.2142570E-02  0.1726685E-02  0.0000000E+00  0.0000000E+00  0.0000000E+00
  0.50000  0.12026  0.35482  0.36020  0.2941846E-01  0.3660845E-02  0.6025362E-03  0.1518038E-02  0.2709050E-01  0.2142807E-02  0.1725422E-02  0.0000000E+00  0.0000000E+00  0.0000000E+00
  0.50000  0.12018  0.35492  0.36030  0.2943367E-01  0.3659230E-02  0.6009043E-03  0.1516152E-02  0.2710860E-01  0.2143077E-02  0.1724158E-02  0.0000000E+00  0.0000000E+00  0.0000000E+00
  0.50000  0.12011  0.35503  0.36040  0.2944883E-01  0.3657647E-02  0.5992750E-03  0.1514267E-02  0.2712667E-01  0.2143380E-02  0.1722892E-02  0.0000000E+00  0.0000000E+00  0.0000000E+00
  0.50000  0.12004  0.35513  0.36050  0.2946396E-01  0.3656096E-02  0.5976484E-03  0.1512383E-02  0.2714469E-01  0.2143713E-02  0.1721623E-02  0.0000000E+00  0.0000000E+00  0.0000000E+00
  0.50000  0.11997  0.35523  0.36060  0.2947904E-01  0.3654574E-02  0.5960244E-03  0.1510499E-02  0.2716266E-01  0.2144075E-02  0.1720352E-02  0.0000000E+00  0.0000000E+00  0.0000000E+00
  0.50000  0.11990  0.35534  0.36070  0.2949408E-01  0.3653079E-02  0.5944031E-03  0.1508616E-02  0.2718060E-01  0.2144463E-02  0.1719080E-02  0.0000000E+00  0.0000000E+00  0.0000000E+00
  0.50000  0.11982  0.35544  0.36080  0.2950909E-01  0.3651610E-02  0.5927844E-03  0.1506734E-02  0.2719850E-01  0.2144876E-02  0.1717805E-02  0.0000000E+00  0.0000000E+00  0.0000000E+00
  0.50000  0.11975  0.35554  0.36090  0.2952405E-01  0.3650166E-02  0.5911683E-03  0.1504853E-02  0.2721636E-01  0.2145313E-02  0.1716528E-02  0.0000000E+00  0.0000000E+00  0.0000000E+00
  0.50000  0.11968  0.35565  0.36100  0.2953898E-01  0.3648745E-02  0.5895549E-03  0.1502972E-02  0.2723417E-01  0.2145773E-02  0.1715249E-02  0.0000000E+00  0.0000000E+00  0.0000000E+00
  0.50000  0.11961  0.35575  0.36110  0.2955387E-01  0.3647346E-02  0.5879441E-03  0.1501092E-02  0.2725195E-01  0.2146253E-02  0.1713968E-02  0.0000000E+00  0.0000000E+00  0.0000000E+00
  0.50000  0.11953  0.35585  0.36120  0.2956872E-01  0.3645968E-02  0.5863360E-03  0.1499214E-02  0.2726969E-01  0.2146754E-02  0.1712685E-02  0.0000000E+00  0.0000000E+00  0.0000000E+00
  0.50000  0.11946  0.35596  0.36130  0.2958353E-01  0.3644610E-02  0.5847305E-03  0.1497336E-02  0.2728740E-01  0.2147274E-02  0.1711400E-02  0.0000000E+00  0.0000000E+00  0.0000000E+00
  0.50000  0.11939  0.35606  0.36140  0.2959831E-01  0.3643271E-02  0.5831276E-03  0.1495458E-02  0.2730506E-01  0.2147812E-02  0.1710113E-02  0.0000000E+00  0.0000000E+00  0.0000000E+00
  0.50000  0.11932  0.35616  0.36150  0.2961305E-01  0.3641950E-02  0.5815274E-03  0.1493582E-02  0.2732269E-01  0.2148368E-02  0.1708824E-02  0.0000000E+00  0.0000000E+00  0.0000000E+00
  0.50000  0.11925  0.35627  0.36160  0.2962775E-01  0.3640646E-02  0.5799298E-03  0.1491706E-02  0.2734029E-01  0.2148940E-02  0.1707532E-02  0.0000000E+00  0.0000000E+00  0.0000000E+00
  0.50000  0.11917  0.35637  0.36170  0.2964242E-01  0.3639359E-02  0.5783348E-03  0.1489831E-02  0.2735784E-01  0.2149528E-02  0.1706239E-02  0.0000000E+00  0.0000000E+00  0.0000000E+00
  0.50000  0.11910  0.35647  0.36180  0.2965705E-01  0.3638088E-02  0.5767424E-03  0.1487957E-02  0.2737537E-01  0.2150130E-02  0.1704944E-02  0.0000000E+00  0.0000000E+00  0.0000000E+00
  0.50000  0.11903  0.35658  0.36190  0.2967165E-01  0.3636832E-02  0.5751527E-03  0.1486084E-02  0.2739285E-01  0.2150748E-02  0.1703646E-02  0.0000000E+00  0.0000000E+00  0.0000000E+00
  0.50000  0.11896  0.35668  0.36200  0.2968621E-01  0.3635590E-02  0.5735656E-03  0.1484212E-02  0.2741030E-01  0.2151379E-02  0.1702347E-02  0.0000000E+00  0.0000000E+00  0.0000000E+00
  0.50000  0.11888  0.35678  0.36210  0.2970074E-01  0.3634363E-02  0.5719811E-03  0.1482340E-02  0.2742771E-01  0.2152023E-02  0.1701045E-02  0.0000000E+00  0.0000000E+00  0.0000000E+00
  0.50000  0.11881  0.35689  0.36220  0.2971523E-01  0.3633149E-02  0.5703992E-03  0.1480469E-02  0.2744509E-01  0.2152680E-02  0.1699742E-02  0.0000000E+00  0.0000000E+00  0.0000000E+00
  0.50000  0.11874  0.35699  0.36230  0.2972969E-01  0.3631948E-02  0.5688200E-03  0.1478599E-02  0.2746244E-01  0.2153349E-02  0.1698436E-02  0.0000000E+00  0.0000000E+00  0.0000000E+00
  0.50000  0.11867  0.35709  0.36240  0.2973168E-01  0.3672187E-02  0.5672433E-03  0.1476730E-02  0.2746730E-01  0.2195457E-02  0.1697129E-02  0.0000000E+00  0.0000000E+00  0.0000000E+00
  0.50000  0.11859  0.35720  0.36250  0.2974678E-01  0.3669604E-02  0.5656693E-03  0.1474861E-02  0.2748530E-01  0.2194742E-02  0.1695819E-02  0.0000000E+00  0.0000000E+00  0.0000000E+00
  0.50000  0.11852  0.35730  0.36260  0.2976180E-01  0.3667152E-02  0.5640978E-03  0.1472994E-02  0.2750320E-01  0.2194159E-02  0.1694507E-02  0.0000000E+00  0.0000000E+00  0.0000000E+00
  0.50000  0.11845  0.35740  0.36270  0.2977674E-01  0.3664817E-02  0.5625290E-03  0.1471127E-02  0.2752101E-01  0.2193690E-02  0.1693194E-02  0.0000000E+00  0.0000000E+00  0.0000000E+00
  0.50000  0.11838  0.35750  0.36280  0.2979159E-01  0.3662584E-02  0.5609628E-03  0.1469260E-02  0.2753875E-01  0.2193323E-02  0.1691878E-02  0.0000000E+00  0.0000000E+00  0.0000000E+00
  0.50000  0.11830  0.35761  0.36290  0.2980638E-01  0.3660441E-02  0.5593992E-03  0.1467395E-02  0.2755642E-01  0.2193046E-02  0.1690560E-02  0.0000000E+00  0.0000000E+00  0.0000000E+00
  0.50000  0.11823  0.35771  0.36300  0.2982109E-01  0.3658381E-02  0.5578382E-03  0.1465530E-02  0.2757402E-01  0.2192851E-02  0.1689240E-02  0.0000000E+00  0.0000000E+00  0.0000000E+00
  0.50000  0.11816  0.35781  0.36310  0.2983575E-01  0.3656395E-02  0.5562798E-03  0.1463667E-02  0.2759155E-01  0.2192728E-02  0.1687919E-02  0.0000000E+00  0.0000000E+00  0.0000000E+00
  0.50000  0.11809  0.35792  0.36320  0.2985034E-01  0.3654475E-02  0.5547240E-03  0.1461804E-02  0.2760902E-01  0.2192671E-02  0.1686595E-02  0.0000000E+00  0.0000000E+00  0.0000000E+00
  0.50000  0.11801  0.35802  0.36330  0.2986488E-01  0.3652616E-02  0.5531708E-03  0.1459941E-02  0.2762644E-01  0.2192674E-02  0.1685269E-02  0.0000000E+00  0.0000000E+00  0.0000000E+00
  0.50000  0.11794  0.35812  0.36340  0.2987936E-01  0.3650812E-02  0.5516202E-03  0.1458080E-02  0.2764379E-01  0.2192732E-02  0.1683941E-02  0.0000000E+00  0.0000000E+00  0.0000000E+00
  0.50000  0.11787  0.35823  0.36350  0.2989378E-01  0.3649059E-02  0.5500721E-03  0.1456219E-02  0.2766110E-01  0.2192840E-02  0.1682612E-02  0.0000000E+00  0.0000000E+00  0.0000000E+00
  0.50000  0.11780  0.35833  0.36360  0.2990816E-01  0.3647353E-02  0.5485267E-03  0.1454359E-02  0.2767835E-01  0.2192994E-02  0.1681280E-02  0.0000000E+00  0.0000000E+00  0.0000000E+00
  0.50000  0.11772  0.35843  0.36370  0.2992248E-01  0.3645690E-02  0.5469839E-03  0.1452500E-02  0.2769555E-01  0.2193191E-02  0.1679946E-02  0.0000000E+00  0.0000000E+00  0.0000000E+00
  0.50000  0.11765  0.35854  0.36380  0.2993676E-01  0.3644068E-02  0.5454436E-03  0.1450641E-02  0.2771271E-01  0.2193426E-02  0.1678610E-02  0.0000000E+00  0.0000000E+00  0.0000000E+00
  0.50000  0.11758  0.35864  0.36390  0.2995099E-01  0.3642482E-02  0.5439060E-03  0.1448784E-02  0.2772981E-01  0.2193699E-02  0.1677273E-02  0.0000000E+00  0.0000000E+00  0.0000000E+00
  0.50000  0.11750  0.35874  0.36400  0.2996518E-01  0.3640931E-02  0.5423709E-03  0.1446927E-02  0.2774687E-01  0.2194005E-02  0.1675933E-02  0.0000000E+00  0.0000000E+00  0.0000000E+00
  0.50000  0.11743  0.35885  0.36410  0.2997931E-01  0.3639413E-02  0.5408384E-03  0.1445071E-02  0.2776389E-01  0.2194342E-02  0.1674591E-02  0.0000000E+00  0.0000000E+00  0.0000000E+00
  0.50000  0.11736  0.35895  0.36420  0.2999341E-01  0.3637925E-02  0.5393085E-03  0.1443215E-02  0.2778086E-01  0.2194709E-02  0.1673247E-02  0.0000000E+00  0.0000000E+00  0.0000000E+00
  0.50000  0.11729  0.35905  0.36430  0.3000746E-01  0.3636465E-02  0.5377811E-03  0.1441360E-02  0.2779778E-01  0.2195104E-02  0.1671902E-02  0.0000000E+00  0.0000000E+00  0.0000000E+00
  0.50000  0.11721  0.35916  0.36440  0.3002147E-01  0.3635032E-02  0.5362564E-03  0.1439507E-02  0.2781466E-01  0.2195525E-02  0.1670554E-02  0.0000000E+00  0.0000000E+00  0.0000000E+00
  0.50000  0.11714  0.35926  0.36450  0.3003544E-01  0.3633624E-02  0.5347342E-03  0.1437653E-02  0.2783151E-01  0.2195970E-02  0.1669204E-02  0.0000000E+00  0.0000000E+00  0.0000000E+00
  0.50000  0.11707  0.35936  0.36460  0.3004937E-01  0.3632239E-02  0.5332146E-03  0.1435801E-02  0.2784831E-01  0.2196438E-02  0.1667853E-02  0.0000000E+00  0.0000000E+00  0.0000000E+00
  0.50000  0.11699  0.35947  0.36470  0.3006326E-01  0.3630878E-02  0.5316975E-03  0.1433949E-02  0.2786506E-01  0.2196928E-02  0.1666499E-02  0.0000000E+00  0.0000000E+00  0.0000000E+00
  0.50000  0.11692  0.35957  0.36480  0.3007711E-01  0.3629537E-02  0.5301831E-03  0.1432099E-02  0.2788178E-01  0.2197438E-02  0.1665144E-02  0.0000000E+00  0.0000000E+00  0.0000000E+00
  0.50000  0.11685  0.35967  0.36490  0.3009092E-01  0.3628217E-02  0.5286712E-03  0.1430248E-02  0.2789846E-01  0.2197968E-02  0.1663786E-02  0.0000000E+00  0.0000000E+00  0.0000000E+00
  0.50000  0.11678  0.35978  0.36500  0.3010469E-01  0.3626915E-02  0.5271618E-03  0.1428399E-02  0.2791510E-01  0.2198516E-02  0.1662427E-02  0.0000000E+00  0.0000000E+00  0.0000000E+00
  0.50000  0.11670  0.35988  0.36510  0.3011842E-01  0.3625632E-02  0.5256551E-03  0.1426550E-02  0.2793170E-01  0.2199082E-02  0.1661065E-02  0.0000000E+00  0.0000000E+00  0.0000000E+00
  0.50000  0.11663  0.35998  0.36520  0.3013211E-01  0.3624367E-02  0.5241508E-03  0.1424703E-02  0.2794826E-01  0.2199664E-02  0.1659702E-02  0.0000000E+00  0.0000000E+00  0.0000000E+00
  0.50000  0.11656  0.36009  0.36530  0.3014577E-01  0.3623117E-02  0.5226492E-03  0.1422855E-02  0.2796478E-01  0.2200262E-02  0.1658337E-02  0.0000000E+00  0.0000000E+00  0.0000000E+00
  0.50000  0.11648  0.36019  0.36540  0.3015939E-01  0.3621884E-02  0.5211501E-03  0.1421009E-02  0.2798127E-01  0.2200875E-02  0.1656969E-02  0.0000000E+00  0.0000000E+00  0.0000000E+00
  0.50000  0.11641  0.36029  0.36550  0.3017297E-01  0.3620666E-02  0.5196536E-03  0.1419163E-02  0.2799772E-01  0.2201502E-02  0.1655600E-02  0.0000000E+00  0.0000000E+00  0.0000000E+00
  0.50000  0.11634  0.36040  0.36560  0.3018651E-01  0.3619462E-02  0.5181596E-03  0.1417318E-02  0.2801412E-01  0.2202144E-02  0.1654229E-02  0.0000000E+00  0.0000000E+00  0.0000000E+00
  0.50000  0.11626  0.36050  0.36570  0.3020002E-01  0.3618272E-02  0.5166682E-03  0.1415474E-02  0.2803050E-01  0.2202798E-02  0.1652856E-02  0.0000000E+00  0.0000000E+00  0.0000000E+00
  0.50000  0.11619  0.36060  0.36580  0.3021349E-01  0.3617095E-02  0.5151793E-03  0.1413631E-02  0.2804683E-01  0.2203465E-02  0.1651481E-02  0.0000000E+00  0.0000000E+00  0.0000000E+00
  0.50000  0.11612  0.36071  0.36590  0.3022693E-01  0.3615932E-02  0.5136930E-03  0.1411788E-02  0.2806313E-01  0.2204143E-02  0.1650104E-02  0.0000000E+00  0.0000000E+00  0.0000000E+00
  0.50000  0.11604  0.36081  0.36600  0.3024032E-01  0.3614780E-02  0.5122092E-03  0.1409946E-02  0.2807939E-01  0.2204834E-02  0.1648725E-02  0.0000000E+00  0.0000000E+00  0.0000000E+00
  0.50000  0.11597  0.36091  0.36610  0.3025369E-01  0.3613640E-02  0.5107280E-03  0.1408105E-02  0.2809561E-01  0.2205535E-02  0.1647344E-02  0.0000000E+00  0.0000000E+00  0.0000000E+00
  0.50000  0.11590  0.36102  0.36620  0.3025588E-01  0.3649838E-02  0.5092494E-03  0.1406264E-02  0.2810067E-01  0.2243574E-02  0.1645961E-02  0.0000000E+00  0.0000000E+00  0.0000000E+00
  0.50000  0.11582  0.36112  0.36630  0.3026982E-01  0.3647445E-02  0.5077732E-03  0.1404425E-02  0.2811747E-01  0.2243021E-02  0.1644577E-02  0.0000000E+00  0.0000000E+00  0.0000000E+00
  0.50000  0.11575  0.36122  0.36640  0.3028367E-01  0.3645172E-02  0.5062996E-03  0.1402586E-02  0.2813418E-01  0.2242586E-02  0.1643190E-02  0.0000000E+00  0.0000000E+00  0.0000000E+00
  0.50000  0.11568  0.36133  0.36650  0.3029743E-01  0.3643004E-02  0.5048286E-03  0.1400747E-02  0.2815080E-01  0.2242257E-02  0.1641802E-02  0.0000000E+00  0.0000000E+00  0.0000000E+00
  0.50000  0.11560  0.36143  0.36660  0.3031113E-01  0.3640929E-02  0.5033601E-03  0.1398910E-02  0.2816736E-01  0.2242020E-02  0.1640411E-02  0.0000000E+00  0.0000000E+00  0.0000000E+00
  0.50000  0.11553  0.36153  0.36670  0.3032475E-01  0.3638938E-02  0.5018941E-03  0.1397073E-02  0.2818384E-01  0.2241865E-02  0.1639019E-02  0.0000000E+00  0.0000000E+00  0.0000000E+00
  0.50000  0.11546  0.36164  0.36680  0.3033831E-01  0.3637020E-02  0.5004307E-03  0.1395237E-02  0.2820025E-01  0.2241784E-02  0.1637625E-02  0.0000000E+00  0.0000000E+00  0.0000000E+00
  0.50000  0.11538  0.36174  0.36690  0.3035180E-01  0.3635170E-02  0.4989698E-03  0.1393401E-02  0.2821661E-01  0.2241769E-02  0.1636228E-02  0.0000000E+00  0.0000000E+00  0.0000000E+00
  0.50000  0.11531  0.36184  0.36700  0.3036524E-01  0.3633380E-02  0.4975114E-03  0.1391566E-02  0.2823290E-01  0.2241814E-02  0.1634830E-02  0.0000000E+00  0.0000000E+00  0.0000000E+00
  0.50000  0.11524  0.36195  0.36710  0.3037862E-01  0.3631645E-02  0.4960555E-03  0.1389732E-02  0.2824913E-01  0.2241913E-02  0.1633430E-02  0.0000000E+00  0.0000000E+00  0.0000000E+00
  0.50000  0.11516  0.36205  0.36720  0.3039194E-01  0.3629961E-02  0.4946022E-03  0.1387899E-02  0.2826531E-01  0.2242062E-02  0.1632029E-02  0.0000000E+00  0.0000000E+00  0.0000000E+00
  0.50000  0.11509  0.36215  0.36730  0.3040521E-01  0.3628323E-02  0.4931514E-03  0.1386067E-02  0.2828143E-01  0.2242257E-02  0.1630625E-02  0.0000000E+00  0.0000000E+00  0.0000000E+00
  0.50000  0.11502  0.36226  0.36740  0.3041843E-01  0.3626727E-02  0.4917032E-03  0.1384235E-02  0.2829751E-01  0.2242493E-02  0.1629219E-02  0.0000000E+00  0.0000000E+00  0.0000000E+00
  0.50000  0.11494  0.36236  0.36750  0.3043160E-01  0.3625171E-02  0.4902574E-03  0.1382404E-02  0.2831353E-01  0.2242767E-02  0.1627812E-02  0.0000000E+00  0.0000000E+00  0.0000000E+00
  0.50000  0.11487  0.36246  0.36760  0.3044472E-01  0.3623651E-02  0.4888142E-03  0.1380573E-02  0.2832950E-01  0.2243078E-02  0.1626402E-02  0.0000000E+00  0.0000000E+00  0.0000000E+00
  0.50000  0.11480  0.36257  0.36770  0.3045779E-01  0.3622164E-02  0.4873735E-03  0.1378743E-02  0.2834543E-01  0.2243421E-02  0.1624991E-02  0.0000000E+00  0.0000000E+00  0.0000000E+00
  0.50000  0.11472  0.36267  0.36780  0.3047082E-01  0.3620709E-02  0.4859353E-03  0.1376914E-02  0.2836131E-01  0.2243795E-02  0.1623578E-02  0.0000000E+00  0.0000000E+00  0.0000000E+00
  0.50000  0.11465  0.36277  0.36790  0.3048380E-01  0.3619283E-02  0.4844996E-03  0.1375086E-02  0.2837714E-01  0.2244197E-02  0.1622163E-02  0.0000000E+00  0.0000000E+00  0.0000000E+00
  0.50000  0.11458  0.36287  0.36800  0.3049674E-01  0.3617885E-02  0.4830665E-03  0.1373258E-02  0.2839293E-01  0.2244626E-02  0.1620746E-02  0.0000000E+00  0.0000000E+00  0.0000000E+00
  0.50000  0.11450  0.36298  0.36810  0.3050964E-01  0.3616512E-02  0.4816358E-03  0.1371431E-02  0.2840867E-01  0.2245081E-02  0.1619328E-02  0.0000000E+00  0.0000000E+00  0.0000000E+00
  0.50000  0.11443  0.36308  0.36820  0.3052249E-01  0.3615164E-02  0.4802077E-03  0.1369605E-02  0.2842437E-01  0.2245558E-02  0.1617907E-02  0.0000000E+00  0.0000000E+00  0.0000000E+00
  0.50000  0.11436  0.36318  0.36830  0.3053530E-01  0.3613838E-02  0.4787821E-03  0.1367780E-02  0.2844003E-01  0.2246058E-02  0.1616484E-02  0.0000000E+00  0.0000000E+00  0.0000000E+00
  0.50000  0.11428  0.36329  0.36840  0.3054806E-01  0.3612533E-02  0.4773589E-03  0.1365955E-02  0.2845564E-01  0.2246578E-02  0.1615060E-02  0.0000000E+00  0.0000000E+00  0.0000000E+00
  0.50000  0.11421  0.36339  0.36850  0.3056079E-01  0.3611249E-02  0.4759383E-03  0.1364131E-02  0.2847122E-01  0.2247119E-02  0.1613634E-02  0.0000000E+00  0.0000000E+00  0.0000000E+00
  0.50000  0.11413  0.36349  0.36860  0.3057347E-01  0.3609985E-02  0.4745202E-03  0.1362307E-02  0.2848675E-01  0.2247677E-02  0.1612206E-02  0.0000000E+00  0.0000000E+00  0.0000000E+00
  0.50000  0.11406  0.36360  0.36870  0.3058612E-01  0.3608738E-02  0.4731046E-03  0.1360485E-02  0.2850224E-01  0.2248253E-02  0.1610776E-02  0.0000000E+00  0.0000000E+00  0.0000000E+00
  0.50000  0.11399  0.36370  0.36880  0.3059872E-01  0.3607509E-02  0.4716915E-03  0.1358663E-02  0.2851769E-01  0.2248846E-02  0.1609344E-02  0.0000000E+00  0.0000000E+00  0.0000000E+00
  0.50000  0.11391  0.36380  0.36890  0.3061129E-01  0.3606296E-02  0.4702809E-03  0.1356841E-02  0.2853309E-01  0.2249454E-02  0.1607911E-02  0.0000000E+00  0.0000000E+00  0.0000000E+00
  0.50000  0.11384  0.36391  0.36900  0.3062381E-01  0.3605098E-02  0.4688728E-03  0.1355021E-02  0.2854846E-01  0.2250078E-02  0.1606476E-02  0.0000000E+00  0.0000000E+00  0.0000000E+00
  0.50000  0.11377  0.36401  0.36910  0.3063630E-01  0.3603916E-02  0.4674672E-03  0.1353201E-02  0.2856379E-01  0.2250715E-02  0.1605038E-02  0.0000000E+00  0.0000000E+00  0.0000000E+00
  0.50000  0.11369  0.36411  0.36920  0.3064875E-01  0.3602748E-02  0.4660640E-03  0.1351382E-02  0.2857908E-01  0.2251367E-02  0.1603599E-02  0.0000000E+00  0.0000000E+00  0.0000000E+00
  0.50000  0.11362  0.36422  0.36930  0.3066116E-01  0.3601594E-02  0.4646634E-03  0.1349563E-02  0.2859433E-01  0.2252031E-02  0.1602158E-02  0.0000000E+00  0.0000000E+00  0.0000000E+00
  0.50000  0.11354  0.36432  0.36940  0.3067353E-01  0.3600452E-02  0.4632653E-03  0.1347745E-02  0.2860954E-01  0.2252707E-02  0.1600716E-02  0.0000000E+00  0.0000000E+00  0.0000000E+00
  0.50000  0.11347  0.36442  0.36950  0.3068586E-01  0.3599323E-02  0.4618696E-03  0.1345928E-02  0.2862472E-01  0.2253396E-02  0.1599271E-02  0.0000000E+00  0.0000000E+00  0.0000000E+00
  0.50000  0.11340  0.36453  0.36960  0.3069815E-01  0.3598207E-02  0.4604765E-03  0.1344111E-02  0.2863985E-01  0.2254095E-02  0.1597825E-02  0.0000000E+00  0.0000000E+00  0.0000000E+00
  0.50000  0.11332  0.36463  0.36970  0.3071041E-01  0.3597101E-02  0.4590858E-03  0.1342295E-02  0.2865495E-01  0.2254806E-02  0.1596377E-02  0.0000000E+00  0.0000000E+00  0.0000000E+00
  0.50000  0.11325  0.36473  0.36980  0.3072263E-01  0.3596007E-02  0.4576976E-03  0.1340480E-02  0.2867001E-01  0.2255526E-02  0.1594927E-02  0.0000000E+00  0.0000000E+00  0.0000000E+00
  0.50000  0.11317  0.36484  0.36990  0.3073481E-01  0.3594923E-02  0.4563119E-03  0.1338666E-02  0.2868503E-01  0.2256257E-02  0.1593475E-02  0.0000000E+00  0.0000000E+00  0.0000000E+00
  0.50000  0.11310  0.36494  0.37000  0.3073716E-01  0.3627156E-02  0.4549286E-03  0.1336852E-02  0.2869021E-01  0.2290304E-02  0.1592022E-02  0.0000000E+00  0.0000000E+00  0.0000000E+00
  0.50000  0.11303  0.36504  0.37010  0.3074984E-01  0.3624954E-02  0.4535479E-03  0.1335039E-02  0.2870573E-01  0.2289915E-02  0.1590566E-02  0.0000000E+00  0.0000000E+00  0.0000000E+00
  0.50000  0.11295  0.36515  0.37020  0.3076244E-01  0.3622859E-02  0.4521696E-03  0.1333226E-02  0.2872116E-01  0.2289633E-02  0.1589109E-02  0.0000000E+00  0.0000000E+00  0.0000000E+00
  0.50000  0.11288  0.36525  0.37030  0.3077495E-01  0.3620858E-02  0.4507938E-03  0.1331415E-02  0.2873651E-01  0.2289444E-02  0.1587650E-02  0.0000000E+00  0.0000000E+00  0.0000000E+00
  0.50000  0.11280  0.36535  0.37040  0.3078740E-01  0.3618941E-02  0.4494204E-03  0.1329604E-02  0.2875179E-01  0.2289337E-02  0.1586189E-02  0.0000000E+00  0.0000000E+00  0.0000000E+00
  0.50000  0.11273  0.36546  0.37050  0.3079978E-01  0.3617097E-02  0.4480496E-03  0.1327793E-02  0.2876700E-01  0.2289304E-02  0.1584727E-02  0.0000000E+00  0.0000000E+00  0.0000000E+00
  0.50000  0.11266  0.36556  0.37060  0.3081210E-01  0.3615320E-02  0.4466812E-03  0.1325983E-02  0.2878215E-01  0.2289337E-02  0.1583263E-02  0.0000000E+00  0.0000000E+00  0.0000000E+00
  0.50000  0.11258  0.36566  0.37070  0.3082435E-01  0.3613603E-02  0.4453153E-03  0.1324174E-02  0.2879724E-01  0.2289429E-02  0.1581796E-02  0.0000000E+00  0.0000000E+00  0.0000000E+00
  0.50000  0.11251  0.36577  0.37080  0.3083655E-01  0.3611940E-02  0.4439518E-03  0.1322366E-02  0.2881227E-01  0.2289574E-02  0.1580329E-02  0.0000000E+00  0.0000000E+00  0.0000000E+00
  0.50000  0.11243  0.36587  0.37090  0.3084869E-01  0.3610326E-02  0.4425908E-03  0.1320558E-02  0.2882724E-01  0.2289768E-02  0.1578859E-02  0.0000000E+00  0.0000000E+00  0.0000000E+00
  0.50000  0.11236  0.36597  0.37100  0.3086078E-01  0.3608757E-02  0.4412323E-03  0.1318751E-02  0.2884216E-01  0.2290006E-02  0.1577388E-02  0.0000000E+00  0.0000000E+00  0.0000000E+00
  0.50000  0.11228  0.36608  0.37110  0.3087281E-01  0.3607230E-02  0.4398762E-03  0.1316944E-02  0.2885702E-01  0.2290285E-02  0.1575914E-02  0.0000000E+00  0.0000000E+00  0.0000000E+00
  0.50000  0.11221  0.36618  0.37120  0.3088479E-01  0.3605740E-02  0.4385226E-03  0.1315139E-02  0.2887183E-01  0.2290601E-02  0.1574439E-02  0.0000000E+00  0.0000000E+00  0.0000000E+00
  0.50000  0.11214  0.36628  0.37130  0.3089673E-01  0.3604285E-02  0.4371715E-03  0.1313334E-02  0.2888659E-01  0.2290952E-02  0.1572963E-02  0.0000000E+00  0.0000000E+00  0.0000000E+00
  0.50000  0.11206  0.36639  0.37140  0.3090861E-01  0.3602863E-02  0.4358228E-03  0.1311529E-02  0.2890131E-01  0.2291334E-02  0.1571484E-02  0.0000000E+00  0.0000000E+00  0.0000000E+00
  0.50000  0.11199  0.36649  0.37150  0.3092045E-01  0.3601471E-02  0.4344765E-03  0.1309725E-02  0.2891597E-01  0.2291746E-02  0.1570004E-02  0.0000000E+00  0.0000000E+00  0.0000000E+00
  0.50000  0.11191  0.36659  0.37160  0.3093224E-01  0.3600107E-02  0.4331328E-03  0.1307922E-02  0.2893059E-01  0.2292185E-02  0.1568522E-02  0.0000000E+00  0.0000000E+00  0.0000000E+00
  0.50000  0.11184  0.36670  0.37170  0.3094399E-01  0.3598769E-02  0.4317914E-03  0.1306120E-02  0.2894516E-01  0.2292649E-02  0.1567038E-02  0.0000000E+00  0.0000000E+00  0.0000000E+00
  0.50000  0.11176  0.36680  0.37180  0.3095569E-01  0.3597455E-02  0.4304525E-03  0.1304318E-02  0.2895969E-01  0.2293137E-02  0.1565553E-02  0.0000000E+00  0.0000000E+00  0.0000000E+00
  0.50000  0.11169  0.36690  0.37190  0.3096735E-01  0.3596165E-02  0.4291161E-03  0.1302516E-02  0.2897417E-01  0.2293648E-02  0.1564066E-02  0.0000000E+00  0.0000000E+00  0.0000000E+00
  0.50000  0.11162  0.36701  0.37200  0.3097896E-01  0.3594896E-02  0.4277821E-03  0.1300716E-02  0.2898860E-01  0.2294180E-02  0.1562577E-02  0.0000000E+00  0.0000000E+00  0.0000000E+00
  0.50000  0.11154  0.36711  0.37210  0.3099053E-01  0.3593647E-02  0.4264506E-03  0.1298916E-02  0.2900300E-01  0.2294731E-02  0.1561086E-02  0.0000000E+00  0.0000000E+00  0.0000000E+00
  0.50000  0.11147  0.36721  0.37220  0.3100206E-01  0.3592418E-02  0.4251215E-03  0.1297117E-02  0.2901735E-01  0.2295301E-02  0.1559594E-02  0.0000000E+00  0.0000000E+00  0.0000000E+00
  0.50000  0.11139  0.36732  0.37230  0.3101355E-01  0.3591207E-02  0.4237948E-03  0.1295318E-02  0.2903165E-01  0.2295888E-02  0.1558100E-02  0.0000000E+00  0.0000000E+00  0.0000000E+00
  0.50000  0.11132  0.36742  0.37240  0.3102499E-01  0.3590013E-02  0.4224706E-03  0.1293520E-02  0.2904592E-01  0.2296492E-02  0.1556604E-02  0.0000000E+00  0.0000000E+00  0.0000000E+00
  0.50000  0.11124  0.36752  0.37250  0.3103640E-01  0.3588835E-02  0.4211488E-03  0.1291723E-02  0.2906014E-01  0.2297112E-02  0.1555106E-02  0.0000000E+00  0.0000000E+00  0.0000000E+00
  0.50000  0.11117  0.36763  0.37260  0.3104776E-01  0.3587672E-02  0.4198295E-03  0.1289926E-02  0.2907432E-01  0.2297746E-02  0.1553607E-02  0.0000000E+00  0.0000000E+00  0.0000000E+00
  0.50000  0.11109  0.36773  0.37270  0.3105908E-01  0.3586525E-02  0.4185126E-03  0.1288130E-02  0.2908846E-01  0.2298395E-02  0.1552106E-02  0.0000000E+00  0.0000000E+00  0.0000000E+00
  0.50000  0.11102  0.36783  0.37280  0.3107036E-01  0.3585391E-02  0.4171981E-03  0.1286335E-02  0.2910256E-01  0.2299056E-02  0.1550603E-02  0.0000000E+00  0.0000000E+00  0.0000000E+00
  0.50000  0.11095  0.36794  0.37290  0.3108161E-01  0.3584271E-02  0.4158861E-03  0.1284540E-02  0.2911662E-01  0.2299731E-02  0.1549099E-02  0.0000000E+00  0.0000000E+00  0.0000000E+00
  0.50000  0.11087  0.36804  0.37300  0.3109281E-01  0.3583163E-02  0.4145765E-03  0.1282746E-02  0.2913064E-01  0.2300417E-02  0.1547593E-02  0.0000000E+00  0.0000000E+00  0.0000000E+00
  0.50000  0.11080  0.36814  0.37310  0.3110397E-01  0.3582068E-02  0.4132693E-03  0.1280952E-02  0.2914462E-01  0.2301115E-02  0.1546085E-02  0.0000000E+00  0.0000000E+00  0.0000000E+00
  0.50000  0.11072  0.36825  0.37320  0.3111509E-01  0.3580984E-02  0.4119645E-03  0.1279160E-02  0.2915855E-01  0.2301824E-02  0.1544576E-02  0.0000000E+00  0.0000000E+00  0.0000000E+00
  0.50000  0.11065  0.36835  0.37330  0.3112618E-01  0.3579911E-02  0.4106622E-03  0.1277367E-02  0.2917245E-01  0.2302544E-02  0.1543065E-02  0.0000000E+00  0.0000000E+00  0.0000000E+00
  0.50000  0.11057  0.36845  0.37340  0.3113722E-01  0.3578849E-02  0.4093623E-03  0.1275576E-02  0.2918631E-01  0.2303274E-02  0.1541552E-02  0.0000000E+00  0.0000000E+00  0.0000000E+00
  0.50000  0.11050  0.36856  0.37350  0.3114823E-01  0.3577798E-02  0.4080648E-03  0.1273785E-02  0.2920013E-01  0.2304013E-02  0.1540037E-02  0.0000000E+00  0.0000000E+00  0.0000000E+00
  0.50000  0.11042  0.36866  0.37360  0.3115920E-01  0.3576756E-02  0.4067697E-03  0.1271994E-02  0.2921391E-01  0.2304761E-02  0.1538521E-02  0.0000000E+00  0.0000000E+00  0.0000000E+00
  0.50000  0.11035  0.36876  0.37370  0.3116111E-01  0.3606251E-02  0.4054771E-03  0.1270205E-02  0.2921863E-01  0.2336046E-02  0.1537003E-02  0.0000000E+00  0.0000000E+00  0.0000000E+00
  0.50000  0.11027  0.36887  0.37380  0.3117254E-01  0.3604130E-02  0.4041869E-03  0.1268416E-02  0.2923287E-01  0.2335714E-02  0.1535484E-02  0.0000000E+00  0.0000000E+00  0.0000000E+00
  0.50000  0.11020  0.36897  0.37390  0.3118389E-01  0.3602116E-02  0.4028991E-03  0.1266627E-02  0.2924702E-01  0.2335489E-02  0.1533962E-02  0.0000000E+00  0.0000000E+00  0.0000000E+00
  0.50000  0.11012  0.36907  0.37400  0.3119516E-01  0.3600196E-02  0.4016137E-03  0.1264839E-02  0.2926110E-01  0.2335357E-02  0.1532440E-02  0.0000000E+00  0.0000000E+00  0.0000000E+00
  0.50000  0.11005  0.36918  0.37410  0.3120635E-01  0.3598358E-02  0.4003307E-03  0.1263052E-02  0.2927511E-01  0.2335306E-02  0.1530915E-02  0.0000000E+00  0.0000000E+00  0.0000000E+00
  0.50000  0.10997  0.36928  0.37420  0.3121748E-01  0.3596593E-02  0.3990501E-03  0.1261266E-02  0.2928904E-01  0.2335328E-02  0.1529389E-02  0.0000000E+00  0.0000000E+00  0.0000000E+00
  0.50000  0.10990  0.36938  0.37430  0.3122855E-01  0.3594894E-02  0.3977720E-03  0.1259480E-02  0.2930292E-01  0.2335414E-02  0.1527861E-02  0.0000000E+00  0.0000000E+00  0.0000000E+00
  0.50000  0.10982  0.36949  0.37440  0.3123955E-01  0.3593252E-02  0.3964962E-03  0.1257694E-02  0.2931672E-01  0.2335558E-02  0.1526331E-02  0.0000000E+00  0.0000000E+00  0.0000000E+00
  0.50000  0.10975  0.36959  0.37450  0.3125050E-01  0.3591663E-02  0.3952229E-03  0.1255909E-02  0.2933047E-01  0.2335753E-02  0.1524800E-02  0.0000000E+00  0.0000000E+00  0.0000000E+00
  0.50000  0.10967  0.36969  0.37460  0.3126139E-01  0.3590121E-02  0.3939519E-03  0.1254125E-02  0.2934417E-01  0.2335996E-02  0.1523268E-02  0.0000000E+00  0.0000000E+00  0.0000000E+00
  0.50000  0.10960  0.36980  0.37470  0.3127222E-01  0.3588623E-02  0.3926834E-03  0.1252342E-02  0.2935780E-01  0.2336281E-02  0.1521733E-02  0.0000000E+00  0.0000000E+00  0.0000000E+00
  0.50000  0.10952  0.36990  0.37480  0.3128300E-01  0.3587165E-02  0.3914172E-03  0.1250559E-02  0.2937139E-01  0.2336606E-02  0.1520197E-02  0.0000000E+00  0.0000000E+00  0.0000000E+00
  0.50000  0.10945  0.37000  0.37490  0.3129373E-01  0.3585742E-02  0.3901535E-03  0.1248777E-02  0.2938492E-01  0.2336966E-02  0.1518659E-02  0.0000000E+00  0.0000000E+00  0.0000000E+00
  0.50000  0.10938  0.37011  0.37500  0.3130441E-01  0.3584353E-02  0.3888921E-03  0.1246995E-02  0.2939840E-01  0.2337358E-02  0.1517120E-02  0.0000000E+00  0.0000000E+00  0.0000000E+00
  0.50000  0.10930  0.37021  0.37510  0.3131504E-01  0.3582995E-02  0.3876332E-03  0.1245214E-02  0.2941183E-01  0.2337781E-02  0.1515579E-02  0.0000000E+00  0.0000000E+00  0.0000000E+00
  0.50000  0.10922  0.37031  0.37520  0.3132562E-01  0.3581666E-02  0.3863766E-03  0.1243434E-02  0.2942521E-01  0.2338232E-02  0.1514037E-02  0.0000000E+00  0.0000000E+00  0.0000000E+00
  0.50000  0.10915  0.37042  0.37530  0.3133616E-01  0.3580363E-02  0.3851225E-03  0.1241654E-02  0.2943854E-01  0.2338709E-02  0.1512492E-02  0.0000000E+00  0.0000000E+00  0.0000000E+00
  0.50000  0.10907  0.37052  0.37540  0.3134665E-01  0.3579084E-02  0.3838707E-03  0.1239874E-02  0.2945183E-01  0.2339210E-02  0.1510947E-02  0.0000000E+00  0.0000000E+00  0.0000000E+00
  0.50000  0.10900  0.37062  0.37550  0.3135709E-01  0.3577829E-02  0.3826213E-03  0.1238096E-02  0.2946507E-01  0.2339733E-02  0.1509399E-02  0.0000000E+00  0.0000000E+00  0.0000000E+00
  0.50000  0.10892  0.37073  0.37560  0.3136749E-01  0.3576596E-02  0.3813743E-03  0.1236318E-02  0.2947826E-01  0.2340278E-02  0.1507850E-02  0.0000000E+00  0.0000000E+00  0.0000000E+00
  0.50000  0.10885  0.37083  0.37570  0.3137784E-01  0.3575382E-02  0.3801297E-03  0.1234540E-02  0.2949141E-01  0.2340842E-02  0.1506300E-02  0.0000000E+00  0.0000000E+00  0.0000000E+00
  0.50000  0.10877  0.37093  0.37580  0.3138815E-01  0.3574188E-02  0.3788875E-03  0.1232764E-02  0.2950452E-01  0.2341425E-02  0.1504747E-02  0.0000000E+00  0.0000000E+00  0.0000000E+00
  0.50000  0.10870  0.37104  0.37590  0.3139842E-01  0.3573012E-02  0.3776477E-03  0.1230987E-02  0.2951758E-01  0.2342024E-02  0.1503194E-02  0.0000000E+00  0.0000000E+00  0.0000000E+00
  0.50000  0.10862  0.37114  0.37600  0.3140864E-01  0.3571852E-02  0.3764102E-03  0.1229212E-02  0.2953059E-01  0.2342641E-02  0.1501638E-02  0.0000000E+00  0.0000000E+00  0.0000000E+00
  0.50000  0.10855  0.37124  0.37610  0.3141882E-01  0.3570709E-02  0.3751752E-03  0.1227437E-02  0.2954357E-01  0.2343272E-02  0.1500081E-02  0.0000000E+00  0.0000000E+00  0.0000000E+00
  0.50000  0.10847  0.37135  0.37620  0.3142896E-01  0.3569581E-02  0.3739425E-03  0.1225662E-02  0.2955650E-01  0.2343919E-02  0.1498523E-02  0.0000000E+00  0.0000000E+00  0.0000000E+00
  0.50000  0.10840  0.37145  0.37630  0.3143906E-01  0.3568467E-02  0.3727122E-03  0.1223888E-02  0.2956939E-01  0.2344579E-02  0.1496963E-02  0.0000000E+00  0.0000000E+00  0.0000000E+00
  0.50000  0.10832  0.37155  0.37640  0.3144912E-01  0.3567367E-02  0.3714842E-03  0.1222115E-02  0.2958223E-01  0.2345252E-02  0.1495401E-02  0.0000000E+00  0.0000000E+00  0.0000000E+00
  0.50000  0.10825  0.37166  0.37650  0.3145913E-01  0.3566280E-02  0.3702587E-03  0.1220343E-02  0.2959504E-01  0.2345938E-02  0.1493838E-02  0.0000000E+00  0.0000000E+00  0.0000000E+00
  0.50000  0.10817  0.37176  0.37660  0.3146911E-01  0.3565205E-02  0.3690355E-03  0.1218570E-02  0.2960780E-01  0.2346635E-02  0.1492273E-02  0.0000000E+00  0.0000000E+00  0.0000000E+00
  0.50000  0.10810  0.37186  0.37670  0.3147904E-01  0.3564143E-02  0.3678147E-03  0.1216799E-02  0.2962052E-01  0.2347344E-02  0.1490707E-02  0.0000000E+00  0.0000000E+00  0.0000000E+00
  0.50000  0.10802  0.37197  0.37680  0.3148893E-01  0.3563091E-02  0.3665962E-03  0.1215028E-02  0.2963320E-01  0.2348063E-02  0.1489139E-02  0.0000000E+00  0.0000000E+00  0.0000000E+00
  0.50000  0.10795  0.37207  0.37690  0.3149878E-01  0.3562050E-02  0.3653801E-03  0.1213258E-02  0.2964583E-01  0.2348792E-02  0.1487569E-02  0.0000000E+00  0.0000000E+00  0.0000000E+00
  0.50000  0.10787  0.37217  0.37700  0.3150860E-01  0.3561020E-02  0.3641664E-03  0.1211488E-02  0.2965843E-01  0.2349531E-02  0.1485998E-02  0.0000000E+00  0.0000000E+00  0.0000000E+00
  0.50000  0.10780  0.37228  0.37710  0.3151837E-01  0.3559999E-02  0.3629551E-03  0.1209719E-02  0.2967099E-01  0.2350280E-02  0.1484426E-02  0.0000000E+00  0.0000000E+00  0.0000000E+00
  0.50000  0.10772  0.37238  0.37720  0.3152810E-01  0.3558988E-02  0.3617461E-03  0.1207950E-02  0.2968350E-01  0.2351037E-02  0.1482852E-02  0.0000000E+00  0.0000000E+00  0.0000000E+00
  0.50000  0.10764  0.37248  0.37730  0.3153779E-01  0.3557986E-02  0.3605394E-03  0.1206183E-02  0.2969598E-01  0.2351803E-02  0.1481276E-02  0.0000000E+00  0.0000000E+00  0.0000000E+00
  0.50000  0.10757  0.37259  0.37740  0.3154745E-01  0.3556992E-02  0.3593352E-03  0.1204415E-02  0.2970841E-01  0.2352577E-02  0.1479699E-02  0.0000000E+00  0.0000000E+00  0.0000000E+00
  0.50000  0.10749  0.37269  0.37750  0.3154938E-01  0.3582705E-02  0.3581333E-03  0.1202648E-02  0.2971313E-01  0.2380057E-02  0.1478120E-02  0.0000000E+00  0.0000000E+00  0.0000000E+00
  0.50000  0.10742  0.37280  0.37760  0.3155942E-01  0.3580781E-02  0.3569337E-03  0.1200882E-02  0.2972594E-01  0.2379899E-02  0.1476540E-02  0.0000000E+00  0.0000000E+00  0.0000000E+00
  0.50000  0.10734  0.37290  0.37770  0.3156938E-01  0.3578949E-02  0.3557365E-03  0.1199116E-02  0.2973868E-01  0.2379832E-02  0.1474958E-02  0.0000000E+00  0.0000000E+00  0.0000000E+00
  0.50000  0.10727  0.37300  0.37780  0.3157926E-01  0.3577197E-02  0.3545417E-03  0.1197351E-02  0.2975135E-01  0.2379845E-02  0.1473375E-02  0.0000000E+00  0.0000000E+00  0.0000000E+00
  0.50000  0.10719  0.37311  0.37790  0.3158908E-01  0.3575515E-02  0.3533492E-03  0.1195587E-02  0.2976394E-01  0.2379928E-02  0.1471790E-02  0.0000000E+00  0.0000000E+00  0.0000000E+00
  0.50000  0.10712  0.37321  0.37800  0.3159883E-01  0.3573896E-02  0.3521590E-03  0.1193823E-02  0.2977647E-01  0.2380073E-02  0.1470204E-02  0.0000000E+00  0.0000000E+00  0.0000000E+00
  0.50000  0.10704  0.37331  0.37810  0.3160853E-01  0.3572334E-02  0.3509713E-03  0.1192060E-02  0.2978894E-01  0.2380274E-02  0.1468616E-02  0.0000000E+00  0.0000000E+00  0.0000000E+00
  0.50000  0.10696  0.37342  0.37820  0.3161816E-01  0.3570821E-02  0.3497858E-03  0.1190297E-02  0.2980135E-01  0.2380524E-02  0.1467026E-02  0.0000000E+00  0.0000000E+00  0.0000000E+00
  0.50000  0.10689  0.37352  0.37830  0.3162774E-01  0.3569354E-02  0.3486027E-03  0.1188535E-02  0.2981370E-01  0.2380819E-02  0.1465436E-02  0.0000000E+00  0.0000000E+00  0.0000000E+00
  0.50000  0.10681  0.37362  0.37840  0.3163726E-01  0.3567928E-02  0.3474220E-03  0.1186773E-02  0.2982599E-01  0.2381155E-02  0.1463843E-02  0.0000000E+00  0.0000000E+00  0.0000000E+00
  0.50000  0.10674  0.37373  0.37850  0.3164673E-01  0.3566540E-02  0.3462435E-03  0.1185012E-02  0.2983824E-01  0.2381528E-02  0.1462249E-02  0.0000000E+00  0.0000000E+00  0.0000000E+00
  0.50000  0.10666  0.37383  0.37860  0.3165615E-01  0.3565185E-02  0.3450675E-03  0.1183252E-02  0.2985043E-01  0.2381934E-02  0.1460654E-02  0.0000000E+00  0.0000000E+00  0.0000000E+00
  0.50000  0.10659  0.37393  0.37870  0.3166551E-01  0.3563863E-02  0.3438938E-03  0.1181492E-02  0.2986256E-01  0.2382371E-02  0.1459057E-02  0.0000000E+00  0.0000000E+00  0.0000000E+00
  0.50000  0.10651  0.37404  0.37880  0.3167483E-01  0.3562569E-02  0.3427224E-03  0.1179732E-02  0.2987465E-01  0.2382837E-02  0.1457459E-02  0.0000000E+00  0.0000000E+00  0.0000000E+00
  0.50000  0.10643  0.37414  0.37890  0.3168410E-01  0.3561302E-02  0.3415533E-03  0.1177973E-02  0.2988669E-01  0.2383328E-02  0.1455859E-02  0.0000000E+00  0.0000000E+00  0.0000000E+00
  0.50000  0.10636  0.37424  0.37900  0.3169332E-01  0.3560060E-02  0.3403866E-03  0.1176215E-02  0.2989868E-01  0.2383845E-02  0.1454258E-02  0.0000000E+00  0.0000000E+00  0.0000000E+00
  0.50000  0.10628  0.37435  0.37910  0.3170250E-01  0.3558841E-02  0.3392222E-03  0.1174457E-02  0.2991062E-01  0.2384383E-02  0.1452656E-02  0.0000000E+00  0.0000000E+00  0.0000000E+00
  0.50000  0.10621  0.37445  0.37920  0.3171163E-01  0.3557643E-02  0.3380601E-03  0.1172700E-02  0.2992252E-01  0.2384943E-02  0.1451051E-02  0.0000000E+00  0.0000000E+00  0.0000000E+00
  0.50000  0.10613  0.37455  0.37930  0.3172071E-01  0.3556466E-02  0.3369004E-03  0.1170944E-02  0.2993437E-01  0.2385522E-02  0.1449446E-02  0.0000000E+00  0.0000000E+00  0.0000000E+00
  0.50000  0.10606  0.37466  0.37940  0.3172975E-01  0.3555307E-02  0.3357430E-03  0.1169188E-02  0.2994617E-01  0.2386119E-02  0.1447839E-02  0.0000000E+00  0.0000000E+00  0.0000000E+00
  0.50000  0.10598  0.37476  0.37950  0.3173875E-01  0.3554166E-02  0.3345880E-03  0.1167432E-02  0.2995793E-01  0.2386734E-02  0.1446230E-02  0.0000000E+00  0.0000000E+00  0.0000000E+00
  0.50000  0.10590  0.37486  0.37960  0.3174770E-01  0.3553042E-02  0.3334352E-03  0.1165677E-02  0.2996965E-01  0.2387365E-02  0.1444620E-02  0.0000000E+00  0.0000000E+00  0.0000000E+00
  0.50000  0.10583  0.37497  0.37970  0.3175661E-01  0.3551934E-02  0.3322848E-03  0.1163923E-02  0.2998132E-01  0.2388011E-02  0.1443009E-02  0.0000000E+00  0.0000000E+00  0.0000000E+00
  0.50000  0.10575  0.37507  0.37980  0.3176547E-01  0.3550840E-02  0.3311367E-03  0.1162169E-02  0.2999294E-01  0.2388671E-02  0.1441396E-02  0.0000000E+00  0.0000000E+00  0.0000000E+00
  0.50000  0.10568  0.37517  0.37990  0.3177430E-01  0.3549760E-02  0.3299909E-03  0.1160416E-02  0.3000452E-01  0.2389344E-02  0.1439782E-02  0.0000000E+00  0.0000000E+00  0.0000000E+00
  0.50000  0.10560  0.37528  0.38000  0.3178308E-01  0.3548694E-02  0.3288475E-03  0.1158663E-02  0.3001606E-01  0.2390031E-02  0.1438166E-02  0.0000000E+00  0.0000000E+00  0.0000000E+00
  0.50000  0.10552  0.37538  0.38010  0.3179181E-01  0.3547640E-02  0.3277063E-03  0.1156911E-02  0.3002756E-01  0.2390729E-02  0.1436549E-02  0.0000000E+00  0.0000000E+00  0.0000000E+00
  0.50000  0.10545  0.37548  0.38020  0.3180051E-01  0.3546599E-02  0.3265675E-03  0.1155160E-02  0.3003901E-01  0.2391439E-02  0.1434931E-02  0.0000000E+00  0.0000000E+00  0.0000000E+00
  0.50000  0.10537  0.37559  0.38030  0.3180917E-01  0.3545568E-02  0.3254310E-03  0.1153409E-02  0.3005042E-01  0.2392160E-02  0.1433311E-02  0.0000000E+00  0.0000000E+00  0.0000000E+00
  0.50000  0.10530  0.37569  0.38040  0.3181778E-01  0.3544549E-02  0.3242968E-03  0.1151658E-02  0.3006179E-01  0.2392891E-02  0.1431690E-02  0.0000000E+00  0.0000000E+00  0.0000000E+00
  0.50000  0.10522  0.37579  0.38050  0.3182635E-01  0.3543540E-02  0.3231650E-03  0.1149908E-02  0.3007312E-01  0.2393631E-02  0.1430067E-02  0.0000000E+00  0.0000000E+00  0.0000000E+00
  0.50000  0.10514  0.37590  0.38060  0.3183488E-01  0.3542540E-02  0.3220354E-03  0.1148159E-02  0.3008440E-01  0.2394381E-02  0.1428443E-02  0.0000000E+00  0.0000000E+00  0.0000000E+00
  0.50000  0.10507  0.37600  0.38070  0.3184337E-01  0.3541551E-02  0.3209081E-03  0.1146410E-02  0.3009565E-01  0.2395141E-02  0.1426817E-02  0.0000000E+00  0.0000000E+00  0.0000000E+00
  0.50000  0.10499  0.37610  0.38080  0.3185182E-01  0.3540570E-02  0.3197832E-03  0.1144662E-02  0.3010685E-01  0.2395908E-02  0.1425190E-02  0.0000000E+00  0.0000000E+00  0.0000000E+00
  0.50000  0.10492  0.37621  0.38090  0.3186023E-01  0.3539598E-02  0.3186605E-03  0.1142914E-02  0.3011801E-01  0.2396684E-02  0.1423562E-02  0.0000000E+00  0.0000000E+00  0.0000000E+00
  0.50000  0.10484  0.37631  0.38100  0.3186860E-01  0.3538634E-02  0.3175402E-03  0.1141167E-02  0.3012913E-01  0.2397468E-02  0.1421932E-02  0.0000000E+00  0.0000000E+00  0.0000000E+00
  0.50000  0.10476  0.37641  0.38110  0.3187693E-01  0.3537679E-02  0.3164221E-03  0.1139420E-02  0.3014020E-01  0.2398259E-02  0.1420301E-02  0.0000000E+00  0.0000000E+00  0.0000000E+00
  0.50000  0.10469  0.37652  0.38120  0.3188521E-01  0.3536731E-02  0.3153064E-03  0.1137674E-02  0.3015124E-01  0.2399057E-02  0.1418669E-02  0.0000000E+00  0.0000000E+00  0.0000000E+00
  0.50000  0.10461  0.37662  0.38130  0.3188704E-01  0.3558907E-02  0.3141930E-03  0.1135928E-02  0.3015581E-01  0.2422979E-02  0.1417035E-02  0.0000000E+00  0.0000000E+00  0.0000000E+00
  0.50000  0.10453  0.37672  0.38140  0.3189563E-01  0.3557169E-02  0.3130818E-03  0.1134183E-02  0.3016715E-01  0.2422986E-02  0.1415400E-02  0.0000000E+00  0.0000000E+00  0.0000000E+00
  0.50000  0.10446  0.37683  0.38150  0.3190416E-01  0.3555509E-02  0.3119730E-03  0.1132438E-02  0.3017842E-01  0.2423071E-02  0.1413763E-02  0.0000000E+00  0.0000000E+00  0.0000000E+00
  0.50000  0.10438  0.37693  0.38160  0.3191261E-01  0.3553916E-02  0.3108664E-03  0.1130694E-02  0.3018962E-01  0.2423222E-02  0.1412125E-02  0.0000000E+00  0.0000000E+00  0.0000000E+00
  0.50000  0.10431  0.37703  0.38170  0.3192101E-01  0.3552382E-02  0.3097622E-03  0.1128951E-02  0.3020076E-01  0.2423432E-02  0.1410486E-02  0.0000000E+00  0.0000000E+00  0.0000000E+00
  0.50000  0.10423  0.37714  0.38180  0.3192934E-01  0.3550902E-02  0.3086602E-03  0.1127208E-02  0.3021183E-01  0.2423694E-02  0.1408845E-02  0.0000000E+00  0.0000000E+00  0.0000000E+00
  0.50000  0.10415  0.37724  0.38190  0.3193761E-01  0.3549469E-02  0.3075605E-03  0.1125465E-02  0.3022285E-01  0.2424003E-02  0.1407203E-02  0.0000000E+00  0.0000000E+00  0.0000000E+00
  0.50000  0.10408  0.37734  0.38200  0.3194583E-01  0.3548078E-02  0.3064632E-03  0.1123724E-02  0.3023381E-01  0.2424355E-02  0.1405560E-02  0.0000000E+00  0.0000000E+00  0.0000000E+00
  0.50000  0.10400  0.37745  0.38210  0.3195400E-01  0.3546726E-02  0.3053681E-03  0.1121982E-02  0.3024471E-01  0.2424744E-02  0.1403915E-02  0.0000000E+00  0.0000000E+00  0.0000000E+00
  0.50000  0.10392  0.37755  0.38220  0.3196211E-01  0.3545409E-02  0.3042753E-03  0.1120241E-02  0.3025556E-01  0.2425168E-02  0.1402269E-02  0.0000000E+00  0.0000000E+00  0.0000000E+00
  0.50000  0.10385  0.37765  0.38230  0.3197017E-01  0.3544124E-02  0.3031847E-03  0.1118501E-02  0.3026636E-01  0.2425623E-02  0.1400622E-02  0.0000000E+00  0.0000000E+00  0.0000000E+00
  0.50000  0.10377  0.37776  0.38240  0.3197818E-01  0.3542869E-02  0.3020965E-03  0.1116761E-02  0.3027711E-01  0.2426108E-02  0.1398973E-02  0.0000000E+00  0.0000000E+00  0.0000000E+00
  0.50000  0.10369  0.37786  0.38250  0.3198614E-01  0.3541640E-02  0.3010105E-03  0.1115022E-02  0.3028780E-01  0.2426618E-02  0.1397323E-02  0.0000000E+00  0.0000000E+00  0.0000000E+00
  0.50000  0.10362  0.37797  0.38260  0.3199405E-01  0.3540436E-02  0.2999268E-03  0.1113283E-02  0.3029845E-01  0.2427153E-02  0.1395672E-02  0.0000000E+00  0.0000000E+00  0.0000000E+00
  0.50000  0.10354  0.37807  0.38270  0.3200192E-01  0.3539255E-02  0.2988454E-03  0.1111545E-02  0.3030905E-01  0.2427710E-02  0.1394019E-02  0.0000000E+00  0.0000000E+00  0.0000000E+00
  0.50000  0.10346  0.37817  0.38280  0.3200973E-01  0.3538095E-02  0.2977663E-03  0.1109807E-02  0.3031960E-01  0.2428288E-02  0.1392365E-02  0.0000000E+00  0.0000000E+00  0.0000000E+00
  0.50000  0.10339  0.37828  0.38290  0.3201751E-01  0.3536956E-02  0.2966895E-03  0.1108070E-02  0.3033011E-01  0.2428886E-02  0.1390710E-02  0.0000000E+00  0.0000000E+00  0.0000000E+00
  0.50000  0.10331  0.37838  0.38300  0.3202523E-01  0.3535834E-02  0.2956149E-03  0.1106333E-02  0.3034057E-01  0.2429501E-02  0.1389054E-02  0.0000000E+00  0.0000000E+00  0.0000000E+00
  0.50000  0.10323  0.37848  0.38310  0.3203292E-01  0.3534731E-02  0.2945426E-03  0.1104597E-02  0.3035098E-01  0.2430134E-02  0.1387396E-02  0.0000000E+00  0.0000000E+00  0.0000000E+00
  0.50000  0.10316  0.37859  0.38320  0.3204055E-01  0.3533643E-02  0.2934725E-03  0.1102861E-02  0.3036135E-01  0.2430782E-02  0.1385737E-02  0.0000000E+00  0.0000000E+00  0.0000000E+00
  0.50000  0.10308  0.37869  0.38330  0.3204815E-01  0.3532571E-02  0.2924048E-03  0.1101126E-02  0.3037167E-01  0.2431445E-02  0.1384076E-02  0.0000000E+00  0.0000000E+00  0.0000000E+00
  0.50000  0.10300  0.37879  0.38340  0.3205570E-01  0.3531513E-02  0.2913393E-03  0.1099391E-02  0.3038195E-01  0.2432121E-02  0.1382415E-02  0.0000000E+00  0.0000000E+00  0.0000000E+00
  0.50000  0.10293  0.37890  0.38350  0.3206321E-01  0.3530469E-02  0.2902760E-03  0.1097657E-02  0.3039218E-01  0.2432811E-02  0.1380752E-02  0.0000000E+00  0.0000000E+00  0.0000000E+00
  0.50000  0.10285  0.37900  0.38360  0.3207067E-01  0.3529437E-02  0.2892151E-03  0.1095924E-02  0.3040237E-01  0.2433514E-02  0.1379087E-02  0.0000000E+00  0.0000000E+00  0.0000000E+00
  0.50000  0.10277  0.37910  0.38370  0.3207809E-01  0.3528418E-02  0.2881564E-03  0.1094191E-02  0.3041251E-01  0.2434227E-02  0.1377422E-02  0.0000000E+00  0.0000000E+00  0.0000000E+00
  0.50000  0.10270  0.37921  0.38380  0.3208547E-01  0.3527410E-02  0.2870999E-03  0.1092458E-02  0.3042262E-01  0.2434952E-02  0.1375755E-02  0.0000000E+00  0.0000000E+00  0.0000000E+00
  0.50000  0.10262  0.37931  0.38390  0.3209281E-01  0.3526414E-02  0.2860457E-03  0.1090726E-02  0.3043267E-01  0.2435688E-02  0.1374087E-02  0.0000000E+00  0.0000000E+00  0.0000000E+00
  0.50000  0.10254  0.37941  0.38400  0.3210010E-01  0.3525427E-02  0.2849938E-03  0.1088994E-02  0.3044269E-01  0.2436433E-02  0.1372418E-02  0.0000000E+00  0.0000000E+00  0.0000000E+00
  0.50000  0.10247  0.37952  0.38410  0.3210736E-01  0.3524451E-02  0.2839442E-03  0.1087263E-02  0.3045266E-01  0.2437188E-02  0.1370747E-02  0.0000000E+00  0.0000000E+00  0.0000000E+00
  0.50000  0.10239  0.37962  0.38420  0.3211457E-01  0.3523484E-02  0.2828967E-03  0.1085533E-02  0.3046259E-01  0.2437952E-02  0.1369076E-02  0.0000000E+00  0.0000000E+00  0.0000000E+00
  0.50000  0.10231  0.37972  0.38430  0.3212174E-01  0.3522526E-02  0.2818516E-03  0.1083803E-02  0.3047248E-01  0.2438724E-02  0.1367403E-02  0.0000000E+00  0.0000000E+00  0.0000000E+00
  0.50000  0.10224  0.37983  0.38440  0.3212887E-01  0.3521577E-02  0.2808087E-03  0.1082073E-02  0.3048233E-01  0.2439504E-02  0.1365728E-02  0.0000000E+00  0.0000000E+00  0.0000000E+00
  0.50000  0.10216  0.37993  0.38450  0.3213595E-01  0.3520636E-02  0.2797680E-03  0.1080344E-02  0.3049213E-01  0.2440292E-02  0.1364053E-02  0.0000000E+00  0.0000000E+00  0.0000000E+00
  0.50000  0.10208  0.38003  0.38460  0.3214300E-01  0.3519703E-02  0.2787296E-03  0.1078615E-02  0.3050190E-01  0.2441088E-02  0.1362376E-02  0.0000000E+00  0.0000000E+00  0.0000000E+00
  0.50000  0.10201  0.38014  0.38470  0.3215001E-01  0.3518778E-02  0.2776935E-03  0.1076887E-02  0.3051162E-01  0.2441891E-02  0.1360698E-02  0.0000000E+00  0.0000000E+00  0.0000000E+00
  0.50000  0.10193  0.38024  0.38480  0.3215697E-01  0.3517860E-02  0.2766596E-03  0.1075160E-02  0.3052130E-01  0.2442701E-02  0.1359019E-02  0.0000000E+00  0.0000000E+00  0.0000000E+00
  0.50000  0.10185  0.38034  0.38490  0.3216390E-01  0.3516949E-02  0.2756279E-03  0.1073433E-02  0.3053093E-01  0.2443517E-02  0.1357339E-02  0.0000000E+00  0.0000000E+00  0.0000000E+00
  0.50000  0.10178  0.38045  0.38500  0.3216515E-01  0.3536604E-02  0.2745985E-03  0.1071706E-02  0.3053490E-01  0.2464898E-02  0.1355657E-02  0.0000000E+00  0.0000000E+00  0.0000000E+00
  0.50000  0.10170  0.38055  0.38510  0.3217235E-01  0.3534969E-02  0.2735713E-03  0.1069980E-02  0.3054480E-01  0.2464989E-02  0.1353974E-02  0.0000000E+00  0.0000000E+00  0.0000000E+00
  0.50000  0.10162  0.38065  0.38520  0.3217947E-01  0.3533406E-02  0.2725464E-03  0.1068254E-02  0.3055463E-01  0.2465151E-02  0.1352290E-02  0.0000000E+00  0.0000000E+00  0.0000000E+00
  0.50000  0.10154  0.38076  0.38530  0.3218653E-01  0.3531906E-02  0.2715237E-03  0.1066529E-02  0.3056440E-01  0.2465377E-02  0.1350605E-02  0.0000000E+00  0.0000000E+00  0.0000000E+00
  0.50000  0.10147  0.38086  0.38540  0.3219352E-01  0.3530462E-02  0.2705032E-03  0.1064805E-02  0.3057410E-01  0.2465657E-02  0.1348919E-02  0.0000000E+00  0.0000000E+00  0.0000000E+00
  0.50000  0.10139  0.38096  0.38550  0.3220046E-01  0.3529067E-02  0.2694850E-03  0.1063081E-02  0.3058374E-01  0.2465987E-02  0.1347231E-02  0.0000000E+00  0.0000000E+00  0.0000000E+00
  0.50000  0.10131  0.38107  0.38560  0.3220734E-01  0.3527717E-02  0.2684690E-03  0.1061357E-02  0.3059333E-01  0.2466360E-02  0.1345542E-02  0.0000000E+00  0.0000000E+00  0.0000000E+00
  0.50000  0.10124  0.38117  0.38570  0.3221416E-01  0.3526405E-02  0.2674552E-03  0.1059634E-02  0.3060286E-01  0.2466772E-02  0.1343852E-02  0.0000000E+00  0.0000000E+00  0.0000000E+00
  0.50000  0.10116  0.38128  0.38580  0.3222094E-01  0.3525130E-02  0.2664437E-03  0.1057911E-02  0.3061233E-01  0.2467219E-02  0.1342161E-02  0.0000000E+00  0.0000000E+00  0.0000000E+00
  0.50000  0.10108  0.38138  0.38590  0.3222766E-01  0.3523886E-02  0.2654344E-03  0.1056189E-02  0.3062175E-01  0.2467698E-02  0.1340469E-02  0.0000000E+00  0.0000000E+00  0.0000000E+00
  0.50000  0.10100  0.38148  0.38600  0.3223432E-01  0.3522673E-02  0.2644273E-03  0.1054467E-02  0.3063112E-01  0.2468205E-02  0.1338776E-02  0.0000000E+00  0.0000000E+00  0.0000000E+00
  0.50000  0.10093  0.38159  0.38610  0.3224094E-01  0.3521486E-02  0.2634225E-03  0.1052746E-02  0.3064044E-01  0.2468740E-02  0.1337081E-02  0.0000000E+00  0.0000000E+00  0.0000000E+00
  0.50000  0.10085  0.38169  0.38620  0.3224751E-01  0.3520323E-02  0.2624199E-03  0.1051025E-02  0.3064971E-01  0.2469298E-02  0.1335385E-02  0.0000000E+00  0.0000000E+00  0.0000000E+00
  0.50000  0.10077  0.38179  0.38630  0.3225404E-01  0.3519184E-02  0.2614195E-03  0.1049305E-02  0.3065893E-01  0.2469879E-02  0.1333688E-02  0.0000000E+00  0.0000000E+00  0.0000000E+00
  0.50000  0.10070  0.38190  0.38640  0.3226051E-01  0.3518065E-02  0.2604213E-03  0.1047585E-02  0.3066810E-01  0.2470480E-02  0.1331990E-02  0.0000000E+00  0.0000000E+00  0.0000000E+00
  0.50000  0.10062  0.38200  0.38650  0.3226694E-01  0.3516966E-02  0.2594253E-03  0.1045866E-02  0.3067723E-01  0.2471100E-02  0.1330291E-02  0.0000000E+00  0.0000000E+00  0.0000000E+00
  0.50000  0.10054  0.38210  0.38660  0.3227333E-01  0.3515886E-02  0.2584316E-03  0.1044147E-02  0.3068630E-01  0.2471738E-02  0.1328591E-02  0.0000000E+00  0.0000000E+00  0.0000000E+00
  0.50000  0.10046  0.38221  0.38670  0.3227966E-01  0.3514822E-02  0.2574401E-03  0.1042429E-02  0.3069534E-01  0.2472393E-02  0.1326889E-02  0.0000000E+00  0.0000000E+00  0.0000000E+00
  0.50000  0.10039  0.38231  0.38680  0.3228596E-01  0.3513774E-02  0.2564508E-03  0.1040711E-02  0.3070432E-01  0.2473062E-02  0.1325187E-02  0.0000000E+00  0.0000000E+00  0.0000000E+00
  0.50000  0.10031  0.38241  0.38690  0.3229221E-01  0.3512741E-02  0.2554637E-03  0.1038994E-02  0.3071326E-01  0.2473747E-02  0.1323483E-02  0.0000000E+00  0.0000000E+00  0.0000000E+00
  0.50000  0.10023  0.38252  0.38700  0.3229841E-01  0.3511721E-02  0.2544789E-03  0.1037277E-02  0.3072216E-01  0.2474444E-02  0.1321778E-02  0.0000000E+00  0.0000000E+00  0.0000000E+00
  0.50000  0.10015  0.38262  0.38710  0.3230458E-01  0.3510715E-02  0.2534962E-03  0.1035561E-02  0.3073101E-01  0.2475155E-02  0.1320072E-02  0.0000000E+00  0.0000000E+00  0.0000000E+00
  0.50000  0.10008  0.38272  0.38720  0.3231070E-01  0.3509722E-02  0.2525158E-03  0.1033845E-02  0.3073982E-01  0.2475877E-02  0.1318365E-02  0.0000000E+00  0.0000000E+00  0.0000000E+00
  0.50000  0.10000  0.38283  0.38730  0.3231677E-01  0.3508740E-02  0.2515375E-03  0.1032129E-02  0.3074858E-01  0.2476610E-02  0.1316657E-02  0.0000000E+00  0.0000000E+00  0.0000000E+00
  0.50000  0.09992  0.38293  0.38740  0.3232281E-01  0.3507769E-02  0.2505615E-03  0.1030414E-02  0.3075730E-01  0.2477354E-02  0.1314948E-02  0.0000000E+00  0.0000000E+00  0.0000000E+00
  0.50000  0.09984  0.38303  0.38750  0.3232880E-01  0.3506808E-02  0.2495877E-03  0.1028700E-02  0.3076597E-01  0.2478109E-02  0.1313238E-02  0.0000000E+00  0.0000000E+00  0.0000000E+00
  0.50000  0.09977  0.38314  0.38760  0.3233475E-01  0.3505858E-02  0.2486161E-03  0.1026986E-02  0.3077461E-01  0.2478872E-02  0.1311526E-02  0.0000000E+00  0.0000000E+00  0.0000000E+00
  0.50000  0.09969  0.38324  0.38770  0.3234066E-01  0.3504917E-02  0.2476466E-03  0.1025272E-02  0.3078319E-01  0.2479645E-02  0.1309814E-02  0.0000000E+00  0.0000000E+00  0.0000000E+00
  0.50000  0.09961  0.38334  0.38780  0.3234652E-01  0.3503985E-02  0.2466794E-03  0.1023559E-02  0.3079174E-01  0.2480426E-02  0.1308100E-02  0.0000000E+00  0.0000000E+00  0.0000000E+00
  0.50000  0.09953  0.38345  0.38790  0.3235234E-01  0.3503062E-02  0.2457144E-03  0.1021846E-02  0.3080024E-01  0.2481216E-02  0.1306386E-02  0.0000000E+00  0.0000000E+00  0.0000000E+00
  0.50000  0.09946  0.38355  0.38800  0.3235813E-01  0.3502147E-02  0.2447516E-03  0.1020134E-02  0.3080871E-01  0.2482013E-02  0.1304670E-02  0.0000000E+00  0.0000000E+00  0.0000000E+00
  0.50000  0.09938  0.38365  0.38810  0.3236387E-01  0.3501240E-02  0.2437910E-03  0.1018423E-02  0.3081712E-01  0.2482818E-02  0.1302953E-02  0.0000000E+00  0.0000000E+00  0.0000000E+00
  0.50000  0.09930  0.38376  0.38820  0.3236957E-01  0.3500341E-02  0.2428326E-03  0.1016711E-02  0.3082550E-01  0.2483629E-02  0.1301235E-02  0.0000000E+00  0.0000000E+00  0.0000000E+00
  0.50000  0.09922  0.38386  0.38830  0.3237523E-01  0.3499448E-02  0.2418763E-03  0.1015001E-02  0.3083384E-01  0.2484448E-02  0.1299516E-02  0.0000000E+00  0.0000000E+00  0.0000000E+00
  0.50000  0.09915  0.38397  0.38840  0.3238085E-01  0.3498563E-02  0.2409223E-03  0.1013290E-02  0.3084213E-01  0.2485273E-02  0.1297796E-02  0.0000000E+00  0.0000000E+00  0.0000000E+00
  0.50000  0.09907  0.38407  0.38850  0.3238642E-01  0.3497685E-02  0.2399704E-03  0.1011580E-02  0.3085038E-01  0.2486104E-02  0.1296075E-02  0.0000000E+00  0.0000000E+00  0.0000000E+00
  0.50000  0.09899  0.38417  0.38860  0.3239196E-01  0.3496813E-02  0.2390208E-03  0.1009871E-02  0.3085859E-01  0.2486942E-02  0.1294353E-02  0.0000000E+00  0.0000000E+00  0.0000000E+00
  0.50000  0.09891  0.38428  0.38870  0.3239746E-01  0.3495947E-02  0.2380733E-03  0.1008162E-02  0.3086675E-01  0.2487785E-02  0.1292630E-02  0.0000000E+00  0.0000000E+00  0.0000000E+00
  0.50000  0.09883  0.38438  0.38880  0.3239837E-01  0.3512525E-02  0.2371280E-03  0.1006454E-02  0.3087034E-01  0.2506071E-02  0.1290906E-02  0.0000000E+00  0.0000000E+00  0.0000000E+00
  0.50000  0.09876  0.38448  0.38890  0.3240407E-01  0.3511066E-02  0.2361849E-03  0.1004746E-02  0.3087870E-01  0.2506320E-02  0.1289181E-02  0.0000000E+00  0.0000000E+00  0.0000000E+00
  0.50000  0.09868  0.38459  0.38900  0.3240970E-01  0.3509665E-02  0.2352440E-03  0.1003038E-02  0.3088701E-01  0.2506627E-02  0.1287455E-02  0.0000000E+00  0.0000000E+00  0.0000000E+00
  0.50000  0.09860  0.38469  0.38910  0.3241528E-01  0.3508315E-02  0.2343053E-03  0.1001331E-02  0.3089525E-01  0.2506984E-02  0.1285728E-02  0.0000000E+00  0.0000000E+00  0.0000000E+00
  0.50000  0.09852  0.38479  0.38920  0.3242080E-01  0.3507010E-02  0.2333687E-03  0.9996244E-03  0.3090343E-01  0.2507386E-02  0.1284000E-02  0.0000000E+00  0.0000000E+00  0.0000000E+00
  0.50000  0.09845  0.38490  0.38930  0.3242626E-01  0.3505746E-02  0.2324344E-03  0.9979182E-03  0.3091155E-01  0.2507828E-02  0.1282270E-02  0.0000000E+00  0.0000000E+00  0.0000000E+00
  0.50000  0.09837  0.38500  0.38940  0.3243167E-01  0.3504517E-02  0.2315022E-03  0.9962125E-03  0.3091962E-01  0.2508305E-02  0.1280540E-02  0.0000000E+00  0.0000000E+00  0.0000000E+00
  0.50000  0.09829  0.38510  0.38950  0.3243702E-01  0.3503321E-02  0.2305722E-03  0.9945072E-03  0.3092764E-01  0.2508814E-02  0.1278809E-02  0.0000000E+00  0.0000000E+00  0.0000000E+00
  0.50000  0.09821  0.38521  0.38960  0.3244233E-01  0.3502155E-02  0.2296443E-03  0.9928024E-03  0.3093561E-01  0.2509353E-02  0.1277077E-02  0.0000000E+00  0.0000000E+00  0.0000000E+00
  0.50000  0.09813  0.38531  0.38970  0.3244758E-01  0.3501015E-02  0.2287186E-03  0.9910980E-03  0.3094352E-01  0.2509917E-02  0.1275344E-02  0.0000000E+00  0.0000000E+00  0.0000000E+00
  0.50000  0.09806  0.38541  0.38980  0.3245279E-01  0.3499900E-02  0.2277951E-03  0.9893941E-03  0.3095139E-01  0.2510506E-02  0.1273610E-02  0.0000000E+00  0.0000000E+00  0.0000000E+00
  0.50000  0.09798  0.38552  0.38990  0.3245795E-01  0.3498807E-02  0.2268738E-03  0.9876906E-03  0.3095920E-01  0.2511116E-02  0.1271874E-02  0.0000000E+00  0.0000000E+00  0.0000000E+00
  0.50000  0.09790  0.38562  0.39000  0.3246306E-01  0.3497734E-02  0.2259546E-03  0.9859876E-03  0.3096697E-01  0.2511747E-02  0.1270138E-02  0.0000000E+00  0.0000000E+00  0.0000000E+00
  0.50000  0.09782  0.38572  0.39010  0.3246813E-01  0.3496681E-02  0.2250377E-03  0.9842851E-03  0.3097469E-01  0.2512396E-02  0.1268401E-02  0.0000000E+00  0.0000000E+00  0.0000000E+00
  0.50000  0.09774  0.38583  0.39020  0.3247315E-01  0.3495646E-02  0.2241228E-03  0.9825830E-03  0.3098237E-01  0.2513063E-02  0.1266663E-02  0.0000000E+00  0.0000000E+00  0.0000000E+00
  0.50000  0.09767  0.38593  0.39030  0.3247813E-01  0.3494627E-02  0.2232102E-03  0.9808813E-03  0.3098999E-01  0.2513745E-02  0.1264924E-02  0.0000000E+00  0.0000000E+00  0.0000000E+00
  0.50000  0.09759  0.38603  0.39040  0.3248306E-01  0.3493623E-02  0.2222997E-03  0.9791801E-03  0.3099758E-01  0.2514443E-02  0.1263184E-02  0.0000000E+00  0.0000000E+00  0.0000000E+00
  0.50000  0.09751  0.38614  0.39050  0.3248795E-01  0.3492633E-02  0.2213913E-03  0.9774793E-03  0.3100511E-01  0.2515154E-02  0.1261443E-02  0.0000000E+00  0.0000000E+00  0.0000000E+00
  0.50000  0.09743  0.38624  0.39060  0.3249279E-01  0.3491658E-02  0.2204851E-03  0.9757790E-03  0.3101260E-01  0.2515879E-02  0.1259702E-02  0.0000000E+00  0.0000000E+00  0.0000000E+00
  0.50000  0.09735  0.38635  0.39070  0.3249759E-01  0.3490694E-02  0.2195811E-03  0.9740791E-03  0.3102005E-01  0.2516615E-02  0.1257959E-02  0.0000000E+00  0.0000000E+00  0.0000000E+00
  0.50000  0.09728  0.38645  0.39080  0.3250235E-01  0.3489743E-02  0.2186792E-03  0.9723796E-03  0.3102746E-01  0.2517363E-02  0.1256215E-02  0.0000000E+00  0.0000000E+00  0.0000000E+00
  0.50000  0.09720  0.38655  0.39090  0.3250706E-01  0.3488803E-02  0.2177795E-03  0.9706806E-03  0.3103481E-01  0.2518122E-02  0.1254471E-02  0.0000000E+00  0.0000000E+00  0.0000000E+00
  0.50000  0.09712  0.38666  0.39100  0.3251174E-01  0.3487873E-02  0.2168820E-03  0.9689820E-03  0.3104213E-01  0.2518891E-02  0.1252725E-02  0.0000000E+00  0.0000000E+00  0.0000000E+00
  0.50000  0.09704  0.38676  0.39110  0.3251637E-01  0.3486954E-02  0.2159865E-03  0.9672839E-03  0.3104940E-01  0.2519670E-02  0.1250978E-02  0.0000000E+00  0.0000000E+00  0.0000000E+00
  0.50000  0.09696  0.38686  0.39120  0.3252095E-01  0.3486044E-02  0.2150933E-03  0.9655862E-03  0.3105663E-01  0.2520458E-02  0.1249231E-02  0.0000000E+00  0.0000000E+00  0.0000000E+00
  0.50000  0.09688  0.38697  0.39130  0.3252550E-01  0.3485143E-02  0.2142022E-03  0.9638890E-03  0.3106381E-01  0.2521254E-02  0.1247483E-02  0.0000000E+00  0.0000000E+00  0.0000000E+00
  0.50000  0.09681  0.38707  0.39140  0.3253000E-01  0.3484251E-02  0.2133132E-03  0.9621922E-03  0.3107096E-01  0.2522059E-02  0.1245734E-02  0.0000000E+00  0.0000000E+00  0.0000000E+00
  0.50000  0.09673  0.38717  0.39150  0.3253447E-01  0.3483367E-02  0.2124264E-03  0.9604958E-03  0.3107806E-01  0.2522872E-02  0.1243984E-02  0.0000000E+00  0.0000000E+00  0.0000000E+00
  0.50000  0.09665  0.38728  0.39160  0.3253889E-01  0.3482491E-02  0.2115417E-03  0.9587999E-03  0.3108511E-01  0.2523692E-02  0.1242233E-02  0.0000000E+00  0.0000000E+00  0.0000000E+00
  0.50000  0.09657  0.38738  0.39170  0.3254327E-01  0.3481623E-02  0.2106592E-03  0.9571044E-03  0.3109213E-01  0.2524519E-02  0.1240481E-02  0.0000000E+00  0.0000000E+00  0.0000000E+00
  0.50000  0.09649  0.38748  0.39180  0.3254761E-01  0.3480762E-02  0.2097788E-03  0.9554093E-03  0.3109910E-01  0.2525353E-02  0.1238728E-02  0.0000000E+00  0.0000000E+00  0.0000000E+00
  0.50000  0.09641  0.38759  0.39190  0.3255191E-01  0.3479908E-02  0.2089006E-03  0.9537147E-03  0.3110603E-01  0.2526193E-02  0.1236974E-02  0.0000000E+00  0.0000000E+00  0.0000000E+00
  0.50000  0.09634  0.38769  0.39200  0.3255616E-01  0.3479060E-02  0.2080245E-03  0.9520205E-03  0.3111292E-01  0.2527040E-02  0.1235220E-02  0.0000000E+00  0.0000000E+00  0.0000000E+00
  0.50000  0.09626  0.38779  0.39210  0.3256038E-01  0.3478219E-02  0.2071505E-03  0.9503267E-03  0.3111977E-01  0.2527892E-02  0.1233464E-02  0.0000000E+00  0.0000000E+00  0.0000000E+00
  0.50000  0.09618  0.38790  0.39220  0.3256456E-01  0.3477384E-02  0.2062786E-03  0.9486334E-03  0.3112657E-01  0.2528751E-02  0.1231708E-02  0.0000000E+00  0.0000000E+00  0.0000000E+00
  0.50000  0.09610  0.38800  0.39230  0.3256869E-01  0.3476555E-02  0.2054089E-03  0.9469405E-03  0.3113333E-01  0.2529615E-02  0.1229951E-02  0.0000000E+00  0.0000000E+00  0.0000000E+00
  0.50000  0.09602  0.38810  0.39240  0.3257279E-01  0.3475732E-02  0.2045414E-03  0.9452480E-03  0.3114006E-01  0.2530484E-02  0.1228193E-02  0.0000000E+00  0.0000000E+00  0.0000000E+00
  0.50000  0.09594  0.38821  0.39250  0.3257301E-01  0.3490101E-02  0.2036759E-03  0.9435560E-03  0.3114290E-01  0.2546545E-02  0.1226434E-02  0.0000000E+00  0.0000000E+00  0.0000000E+00
  0.50000  0.09587  0.38831  0.39260  0.3257727E-01  0.3488752E-02  0.2028126E-03  0.9418643E-03  0.3114978E-01  0.2546888E-02  0.1224675E-02  0.0000000E+00  0.0000000E+00  0.0000000E+00
  0.50000  0.09579  0.38842  0.39270  0.3258147E-01  0.3487456E-02  0.2019514E-03  0.9401732E-03  0.3115660E-01  0.2547283E-02  0.1222914E-02  0.0000000E+00  0.0000000E+00  0.0000000E+00
  0.50000  0.09571  0.38852  0.39280  0.3258561E-01  0.3486206E-02  0.2010924E-03  0.9384824E-03  0.3116337E-01  0.2547724E-02  0.1221153E-02  0.0000000E+00  0.0000000E+00  0.0000000E+00
  0.50000  0.09563  0.38862  0.39290  0.3258970E-01  0.3484997E-02  0.2002355E-03  0.9367921E-03  0.3117007E-01  0.2548205E-02  0.1219391E-02  0.0000000E+00  0.0000000E+00  0.0000000E+00
  0.50000  0.09555  0.38873  0.39300  0.3259373E-01  0.3483824E-02  0.1993806E-03  0.9351021E-03  0.3117672E-01  0.2548722E-02  0.1217628E-02  0.0000000E+00  0.0000000E+00  0.0000000E+00
  0.50000  0.09547  0.38883  0.39310  0.3259772E-01  0.3482683E-02  0.1985280E-03  0.9334127E-03  0.3118332E-01  0.2549271E-02  0.1215864E-02  0.0000000E+00  0.0000000E+00  0.0000000E+00
  0.50000  0.09539  0.38893  0.39320  0.3260165E-01  0.3481572E-02  0.1976774E-03  0.9317236E-03  0.3118987E-01  0.2549848E-02  0.1214100E-02  0.0000000E+00  0.0000000E+00  0.0000000E+00
  0.50000  0.09532  0.38904  0.39330  0.3260553E-01  0.3480487E-02  0.1968289E-03  0.9300350E-03  0.3119637E-01  0.2550452E-02  0.1212334E-02  0.0000000E+00  0.0000000E+00  0.0000000E+00
  0.50000  0.09524  0.38914  0.39340  0.3260937E-01  0.3479426E-02  0.1959826E-03  0.9283468E-03  0.3120282E-01  0.2551079E-02  0.1210568E-02  0.0000000E+00  0.0000000E+00  0.0000000E+00
  0.50000  0.09516  0.38924  0.39350  0.3261315E-01  0.3478387E-02  0.1951384E-03  0.9266590E-03  0.3120921E-01  0.2551728E-02  0.1208801E-02  0.0000000E+00  0.0000000E+00  0.0000000E+00
  0.50000  0.09508  0.38935  0.39360  0.3261690E-01  0.3477368E-02  0.1942963E-03  0.9249716E-03  0.3121557E-01  0.2552396E-02  0.1207033E-02  0.0000000E+00  0.0000000E+00  0.0000000E+00
  0.50000  0.09500  0.38945  0.39370  0.3262059E-01  0.3476368E-02  0.1934563E-03  0.9232846E-03  0.3122187E-01  0.2553083E-02  0.1205265E-02  0.0000000E+00  0.0000000E+00  0.0000000E+00
  0.50000  0.09492  0.38955  0.39380  0.3262424E-01  0.3475385E-02  0.1926184E-03  0.9215981E-03  0.3122813E-01  0.2553787E-02  0.1203496E-02  0.0000000E+00  0.0000000E+00  0.0000000E+00
  0.50000  0.09484  0.38966  0.39390  0.3262785E-01  0.3474417E-02  0.1917827E-03  0.9199120E-03  0.3123434E-01  0.2554505E-02  0.1201725E-02  0.0000000E+00  0.0000000E+00  0.0000000E+00
  0.50000  0.09476  0.38976  0.39400  0.3263141E-01  0.3473465E-02  0.1909490E-03  0.9182263E-03  0.3124051E-01  0.2555239E-02  0.1199955E-02  0.0000000E+00  0.0000000E+00  0.0000000E+00
  0.50000  0.09469  0.38986  0.39410  0.3263493E-01  0.3472526E-02  0.1901174E-03  0.9165410E-03  0.3124663E-01  0.2555985E-02  0.1198183E-02  0.0000000E+00  0.0000000E+00  0.0000000E+00
  0.50000  0.09461  0.38997  0.39420  0.3263840E-01  0.3471601E-02  0.1892880E-03  0.9148562E-03  0.3125271E-01  0.2556745E-02  0.1196411E-02  0.0000000E+00  0.0000000E+00  0.0000000E+00
  0.50000  0.09453  0.39007  0.39430  0.3264184E-01  0.3470687E-02  0.1884607E-03  0.9131718E-03  0.3125874E-01  0.2557516E-02  0.1194637E-02  0.0000000E+00  0.0000000E+00  0.0000000E+00
  0.50000  0.09445  0.39018  0.39440  0.3264523E-01  0.3469785E-02  0.1876354E-03  0.9114877E-03  0.3126473E-01  0.2558298E-02  0.1192863E-02  0.0000000E+00  0.0000000E+00  0.0000000E+00
  0.50000  0.09437  0.39028  0.39450  0.3264857E-01  0.3468894E-02  0.1868123E-03  0.9098041E-03  0.3127067E-01  0.2559090E-02  0.1191089E-02  0.0000000E+00  0.0000000E+00  0.0000000E+00
  0.50000  0.09429  0.39038  0.39460  0.3265188E-01  0.3468013E-02  0.1859912E-03  0.9081209E-03  0.3127657E-01  0.2559892E-02  0.1189313E-02  0.0000000E+00  0.0000000E+00  0.0000000E+00
  0.50000  0.09421  0.39049  0.39470  0.3265514E-01  0.3467142E-02  0.1851723E-03  0.9064382E-03  0.3128243E-01  0.2560704E-02  0.1187537E-02  0.0000000E+00  0.0000000E+00  0.0000000E+00
  0.50000  0.09413  0.39059  0.39480  0.3265836E-01  0.3466280E-02  0.1843554E-03  0.9047558E-03  0.3128825E-01  0.2561524E-02  0.1185761E-02  0.0000000E+00  0.0000000E+00  0.0000000E+00
  0.50000  0.09405  0.39069  0.39490  0.3266154E-01  0.3465427E-02  0.1835407E-03  0.9030738E-03  0.3129402E-01  0.2562353E-02  0.1183983E-02  0.0000000E+00  0.0000000E+00  0.0000000E+00
  0.50000  0.09397  0.39080  0.39500  0.3266468E-01  0.3464581E-02  0.1827280E-03  0.9013923E-03  0.3129975E-01  0.2563189E-02  0.1182205E-02  0.0000000E+00  0.0000000E+00  0.0000000E+00
  0.50000  0.09390  0.39090  0.39510  0.3266778E-01  0.3463744E-02  0.1819175E-03  0.8997112E-03  0.3130544E-01  0.2564033E-02  0.1180426E-02  0.0000000E+00  0.0000000E+00  0.0000000E+00
  0.50000  0.09382  0.39100  0.39520  0.3267084E-01  0.3462915E-02  0.1811090E-03  0.8980304E-03  0.3131108E-01  0.2564884E-02  0.1178646E-02  0.0000000E+00  0.0000000E+00  0.0000000E+00
  0.50000  0.09374  0.39111  0.39530  0.3267386E-01  0.3462092E-02  0.1803026E-03  0.8963501E-03  0.3131669E-01  0.2565742E-02  0.1176866E-02  0.0000000E+00  0.0000000E+00  0.0000000E+00
  0.50000  0.09366  0.39121  0.39540  0.3267683E-01  0.3461277E-02  0.1794983E-03  0.8946702E-03  0.3132225E-01  0.2566607E-02  0.1175085E-02  0.0000000E+00  0.0000000E+00  0.0000000E+00
  0.50000  0.09358  0.39131  0.39550  0.3267977E-01  0.3460469E-02  0.1786961E-03  0.8929908E-03  0.3132777E-01  0.2567478E-02  0.1173303E-02  0.0000000E+00  0.0000000E+00  0.0000000E+00
  0.50000  0.09350  0.39142  0.39560  0.3268266E-01  0.3459666E-02  0.1778959E-03  0.8913117E-03  0.3133325E-01  0.2568355E-02  0.1171520E-02  0.0000000E+00  0.0000000E+00  0.0000000E+00
  0.50000  0.09342  0.39152  0.39570  0.3268552E-01  0.3458870E-02  0.1770979E-03  0.8896330E-03  0.3133868E-01  0.2569237E-02  0.1169737E-02  0.0000000E+00  0.0000000E+00  0.0000000E+00
  0.50000  0.09334  0.39162  0.39580  0.3268833E-01  0.3458080E-02  0.1763019E-03  0.8879547E-03  0.3134408E-01  0.2570126E-02  0.1167953E-02  0.0000000E+00  0.0000000E+00  0.0000000E+00
  0.50000  0.09326  0.39173  0.39590  0.3269111E-01  0.3457296E-02  0.1755080E-03  0.8862769E-03  0.3134943E-01  0.2571019E-02  0.1166169E-02  0.0000000E+00  0.0000000E+00  0.0000000E+00
  0.50000  0.09318  0.39183  0.39600  0.3269384E-01  0.3456517E-02  0.1747162E-03  0.8845994E-03  0.3135474E-01  0.2571918E-02  0.1164384E-02  0.0000000E+00  0.0000000E+00  0.0000000E+00
  0.50000  0.09310  0.39194  0.39610  0.3269654E-01  0.3455744E-02  0.1739264E-03  0.8829224E-03  0.3136002E-01  0.2572822E-02  0.1162598E-02  0.0000000E+00  0.0000000E+00  0.0000000E+00
  0.50000  0.09303  0.39204  0.39620  0.3269601E-01  0.3468064E-02  0.1731388E-03  0.8812457E-03  0.3136206E-01  0.2586819E-02  0.1160811E-02  0.0000000E+00  0.0000000E+00  0.0000000E+00
  0.50000  0.09295  0.39214  0.39630  0.3269884E-01  0.3466834E-02  0.1723532E-03  0.8795695E-03  0.3136746E-01  0.2587264E-02  0.1159024E-02  0.0000000E+00  0.0000000E+00  0.0000000E+00
  0.50000  0.09287  0.39225  0.39640  0.3270161E-01  0.3465650E-02  0.1715697E-03  0.8778937E-03  0.3137280E-01  0.2587756E-02  0.1157236E-02  0.0000000E+00  0.0000000E+00  0.0000000E+00
  0.50000  0.09279  0.39235  0.39650  0.3270432E-01  0.3464507E-02  0.1707882E-03  0.8762182E-03  0.3137808E-01  0.2588289E-02  0.1155448E-02  0.0000000E+00  0.0000000E+00  0.0000000E+00
  0.50000  0.09271  0.39245  0.39660  0.3270698E-01  0.3463401E-02  0.1700088E-03  0.8745432E-03  0.3138331E-01  0.2588857E-02  0.1153659E-02  0.0000000E+00  0.0000000E+00  0.0000000E+00
  0.50000  0.09263  0.39256  0.39670  0.3270959E-01  0.3462326E-02  0.1692315E-03  0.8728686E-03  0.3138849E-01  0.2589458E-02  0.1151869E-02  0.0000000E+00  0.0000000E+00  0.0000000E+00
  0.50000  0.09255  0.39266  0.39680  0.3271215E-01  0.3461281E-02  0.1684563E-03  0.8711944E-03  0.3139362E-01  0.2590086E-02  0.1150079E-02  0.0000000E+00  0.0000000E+00  0.0000000E+00
  0.50000  0.09247  0.39276  0.39690  0.3271467E-01  0.3460261E-02  0.1676831E-03  0.8695205E-03  0.3139869E-01  0.2590740E-02  0.1148288E-02  0.0000000E+00  0.0000000E+00  0.0000000E+00
  0.50000  0.09239  0.39287  0.39700  0.3271713E-01  0.3459265E-02  0.1669119E-03  0.8678471E-03  0.3140372E-01  0.2591417E-02  0.1146497E-02  0.0000000E+00  0.0000000E+00  0.0000000E+00
  0.50000  0.09231  0.39297  0.39710  0.3271955E-01  0.3458290E-02  0.1661429E-03  0.8661741E-03  0.3140870E-01  0.2592116E-02  0.1144705E-02  0.0000000E+00  0.0000000E+00  0.0000000E+00
  0.50000  0.09223  0.39307  0.39720  0.3272192E-01  0.3457335E-02  0.1653759E-03  0.8645015E-03  0.3141364E-01  0.2592833E-02  0.1142912E-02  0.0000000E+00  0.0000000E+00  0.0000000E+00
  0.50000  0.09215  0.39318  0.39730  0.3272425E-01  0.3456397E-02  0.1646109E-03  0.8628292E-03  0.3141852E-01  0.2593568E-02  0.1141119E-02  0.0000000E+00  0.0000000E+00  0.0000000E+00
  0.50000  0.09207  0.39328  0.39740  0.3272654E-01  0.3455477E-02  0.1638480E-03  0.8611574E-03  0.3142336E-01  0.2594319E-02  0.1139325E-02  0.0000000E+00  0.0000000E+00  0.0000000E+00
  0.50000  0.09199  0.39339  0.39750  0.3272878E-01  0.3454571E-02  0.1630872E-03  0.8594860E-03  0.3142816E-01  0.2595085E-02  0.1137530E-02  0.0000000E+00  0.0000000E+00  0.0000000E+00
  0.50000  0.09191  0.39349  0.39760  0.3273098E-01  0.3453680E-02  0.1623284E-03  0.8578150E-03  0.3143291E-01  0.2595865E-02  0.1135735E-02  0.0000000E+00  0.0000000E+00  0.0000000E+00
  0.50000  0.09183  0.39359  0.39770  0.3273313E-01  0.3452803E-02  0.1615717E-03  0.8561443E-03  0.3143762E-01  0.2596658E-02  0.1133940E-02  0.0000000E+00  0.0000000E+00  0.0000000E+00
  0.50000  0.09176  0.39370  0.39780  0.3273524E-01  0.3451937E-02  0.1608170E-03  0.8544741E-03  0.3144228E-01  0.2597463E-02  0.1132143E-02  0.0000000E+00  0.0000000E+00  0.0000000E+00
  0.50000  0.09168  0.39380  0.39790  0.3273731E-01  0.3451084E-02  0.1600644E-03  0.8528042E-03  0.3144690E-01  0.2598280E-02  0.1130347E-02  0.0000000E+00  0.0000000E+00  0.0000000E+00
  0.50000  0.09160  0.39390  0.39800  0.3273934E-01  0.3450242E-02  0.1593138E-03  0.8511348E-03  0.3145148E-01  0.2599107E-02  0.1128549E-02  0.0000000E+00  0.0000000E+00  0.0000000E+00
  0.50000  0.09152  0.39401  0.39810  0.3274133E-01  0.3449410E-02  0.1585652E-03  0.8494658E-03  0.3145601E-01  0.2599944E-02  0.1126752E-02  0.0000000E+00  0.0000000E+00  0.0000000E+00
  0.50000  0.09144  0.39411  0.39820  0.3274327E-01  0.3448587E-02  0.1578187E-03  0.8477971E-03  0.3146050E-01  0.2600790E-02  0.1124953E-02  0.0000000E+00  0.0000000E+00  0.0000000E+00
  0.50000  0.09136  0.39421  0.39830  0.3274518E-01  0.3447774E-02  0.1570743E-03  0.8461288E-03  0.3146495E-01  0.2601646E-02  0.1123154E-02  0.0000000E+00  0.0000000E+00  0.0000000E+00
  0.50000  0.09128  0.39432  0.39840  0.3274704E-01  0.3446970E-02  0.1563319E-03  0.8444610E-03  0.3146935E-01  0.2602509E-02  0.1121355E-02  0.0000000E+00  0.0000000E+00  0.0000000E+00
  0.50000  0.09120  0.39442  0.39850  0.3274886E-01  0.3446175E-02  0.1555915E-03  0.8427935E-03  0.3147372E-01  0.2603381E-02  0.1119555E-02  0.0000000E+00  0.0000000E+00  0.0000000E+00
  0.50000  0.09112  0.39452  0.39860  0.3275065E-01  0.3445387E-02  0.1548531E-03  0.8411264E-03  0.3147804E-01  0.2604261E-02  0.1117754E-02  0.0000000E+00  0.0000000E+00  0.0000000E+00
  0.50000  0.09104  0.39463  0.39870  0.3275239E-01  0.3444608E-02  0.1541168E-03  0.8394597E-03  0.3148232E-01  0.2605148E-02  0.1115953E-02  0.0000000E+00  0.0000000E+00  0.0000000E+00
  0.50000  0.09096  0.39473  0.39880  0.3275409E-01  0.3443835E-02  0.1533826E-03  0.8377934E-03  0.3148656E-01  0.2606042E-02  0.1114152E-02  0.0000000E+00  0.0000000E+00  0.0000000E+00
  0.50000  0.09088  0.39483  0.39890  0.3275575E-01  0.3443070E-02  0.1526503E-03  0.8361275E-03  0.3149075E-01  0.2606942E-02  0.1112350E-02  0.0000000E+00  0.0000000E+00  0.0000000E+00
  0.50000  0.09080  0.39494  0.39900  0.3275738E-01  0.3442311E-02  0.1519201E-03  0.8344620E-03  0.3149491E-01  0.2607849E-02  0.1110547E-02  0.0000000E+00  0.0000000E+00  0.0000000E+00
  0.50000  0.09072  0.39504  0.39910  0.3275896E-01  0.3441559E-02  0.1511919E-03  0.8327969E-03  0.3149902E-01  0.2608762E-02  0.1108744E-02  0.0000000E+00  0.0000000E+00  0.0000000E+00
  0.50000  0.09064  0.39515  0.39920  0.3276050E-01  0.3440813E-02  0.1504658E-03  0.8311322E-03  0.3150309E-01  0.2609681E-02  0.1106940E-02  0.0000000E+00  0.0000000E+00  0.0000000E+00
  0.50000  0.09056  0.39525  0.39930  0.3276200E-01  0.3440074E-02  0.1497417E-03  0.8294678E-03  0.3150713E-01  0.2610606E-02  0.1105136E-02  0.0000000E+00  0.0000000E+00  0.0000000E+00
  0.50000  0.09048  0.39535  0.39940  0.3276347E-01  0.3439340E-02  0.1490196E-03  0.8278039E-03  0.3151112E-01  0.2611536E-02  0.1103332E-02  0.0000000E+00  0.0000000E+00  0.0000000E+00
  0.50000  0.09040  0.39546  0.39950  0.3276489E-01  0.3438612E-02  0.1482995E-03  0.8261403E-03  0.3151507E-01  0.2612472E-02  0.1101527E-02  0.0000000E+00  0.0000000E+00  0.0000000E+00
  0.50000  0.09032  0.39556  0.39960  0.3276628E-01  0.3437889E-02  0.1475814E-03  0.8244771E-03  0.3151898E-01  0.2613412E-02  0.1099722E-02  0.0000000E+00  0.0000000E+00  0.0000000E+00
  0.50000  0.09024  0.39566  0.39970  0.3276763E-01  0.3437172E-02  0.1468654E-03  0.8228144E-03  0.3152285E-01  0.2614358E-02  0.1097916E-02  0.0000000E+00  0.0000000E+00  0.0000000E+00
  0.50000  0.09016  0.39577  0.39980  0.3276894E-01  0.3436460E-02  0.1461514E-03  0.8211520E-03  0.3152667E-01  0.2615308E-02  0.1096109E-02  0.0000000E+00  0.0000000E+00  0.0000000E+00
  0.50000  0.09008  0.39587  0.39990  0.3276762E-01  0.3446912E-02  0.1454394E-03  0.8194899E-03  0.3152788E-01  0.2627422E-02  0.1094302E-02  0.0000000E+00  0.0000000E+00  0.0000000E+00
  0.50000  0.09000  0.39597  0.40000  0.3276903E-01  0.3445809E-02  0.1447294E-03  0.8178283E-03  0.3153180E-01  0.2627981E-02  0.1092495E-02  0.0000000E+00  0.0000000E+00  0.0000000E+00
  0.50000  0.08992  0.39608  0.40010  0.3277038E-01  0.3444748E-02  0.1440214E-03  0.8161671E-03  0.3153567E-01  0.2628581E-02  0.1090688E-02  0.0000000E+00  0.0000000E+00  0.0000000E+00
  0.50000  0.08984  0.39618  0.40020  0.3277168E-01  0.3443722E-02  0.1433155E-03  0.8145062E-03  0.3153948E-01  0.2629216E-02  0.1088879E-02  0.0000000E+00  0.0000000E+00  0.0000000E+00
  0.50000  0.08976  0.39628  0.40030  0.3277293E-01  0.3442728E-02  0.1426115E-03  0.8128458E-03  0.3154325E-01  0.2629882E-02  0.1087071E-02  0.0000000E+00  0.0000000E+00  0.0000000E+00
  0.50000  0.08968  0.39639  0.40040  0.3277413E-01  0.3441762E-02  0.1419096E-03  0.8111857E-03  0.3154696E-01  0.2630577E-02  0.1085262E-02  0.0000000E+00  0.0000000E+00  0.0000000E+00
  0.50000  0.08960  0.39649  0.40050  0.3277529E-01  0.3440822E-02  0.1412097E-03  0.8095260E-03  0.3155063E-01  0.2631296E-02  0.1083452E-02  0.0000000E+00  0.0000000E+00  0.0000000E+00
  0.50000  0.08952  0.39660  0.40060  0.3277640E-01  0.3439904E-02  0.1405117E-03  0.8078667E-03  0.3155424E-01  0.2632038E-02  0.1081643E-02  0.0000000E+00  0.0000000E+00  0.0000000E+00
  0.50000  0.08944  0.39670  0.40070  0.3277746E-01  0.3439008E-02  0.1398158E-03  0.8062078E-03  0.3155782E-01  0.2632800E-02  0.1079832E-02  0.0000000E+00  0.0000000E+00  0.0000000E+00
  0.50000  0.08936  0.39680  0.40080  0.3277848E-01  0.3438130E-02  0.1391219E-03  0.8045493E-03  0.3156134E-01  0.2633580E-02  0.1078022E-02  0.0000000E+00  0.0000000E+00  0.0000000E+00
  0.50000  0.08928  0.39691  0.40090  0.3277946E-01  0.3437269E-02  0.1384300E-03  0.8028911E-03  0.3156482E-01  0.2634378E-02  0.1076211E-02  0.0000000E+00  0.0000000E+00  0.0000000E+00
  0.50000  0.08920  0.39701  0.40100  0.3278040E-01  0.3436425E-02  0.1377401E-03  0.8012334E-03  0.3156826E-01  0.2635191E-02  0.1074399E-02  0.0000000E+00  0.0000000E+00  0.0000000E+00
  0.50000  0.08912  0.39711  0.40110  0.3278129E-01  0.3435595E-02  0.1370522E-03  0.7995760E-03  0.3157165E-01  0.2636019E-02  0.1072588E-02  0.0000000E+00  0.0000000E+00  0.0000000E+00
  0.50000  0.08904  0.39722  0.40120  0.3278214E-01  0.3434779E-02  0.1363662E-03  0.7979190E-03  0.3157500E-01  0.2636860E-02  0.1070776E-02  0.0000000E+00  0.0000000E+00  0.0000000E+00
  0.50000  0.08896  0.39732  0.40130  0.3278295E-01  0.3433977E-02  0.1356823E-03  0.7962624E-03  0.3157830E-01  0.2637714E-02  0.1068963E-02  0.0000000E+00  0.0000000E+00  0.0000000E+00
  0.50000  0.08888  0.39742  0.40140  0.3278371E-01  0.3433186E-02  0.1350004E-03  0.7946061E-03  0.3158156E-01  0.2638580E-02  0.1067150E-02  0.0000000E+00  0.0000000E+00  0.0000000E+00
  0.50000  0.08880  0.39753  0.40150  0.3278444E-01  0.3432406E-02  0.1343204E-03  0.7929503E-03  0.3158478E-01  0.2639456E-02  0.1065337E-02  0.0000000E+00  0.0000000E+00  0.0000000E+00
  0.50000  0.08872  0.39763  0.40160  0.3278512E-01  0.3431637E-02  0.1336425E-03  0.7912948E-03  0.3158796E-01  0.2640343E-02  0.1063523E-02  0.0000000E+00  0.0000000E+00  0.0000000E+00
  0.50000  0.08864  0.39774  0.40170  0.3278577E-01  0.3430879E-02  0.1329665E-03  0.7896398E-03  0.3159109E-01  0.2641239E-02  0.1061709E-02  0.0000000E+00  0.0000000E+00  0.0000000E+00
  0.50000  0.08856  0.39784  0.40180  0.3278637E-01  0.3430130E-02  0.1322925E-03  0.7879851E-03  0.3159418E-01  0.2642144E-02  0.1059895E-02  0.0000000E+00  0.0000000E+00  0.0000000E+00
  0.50000  0.08848  0.39794  0.40190  0.3278694E-01  0.3429389E-02  0.1316205E-03  0.7863307E-03  0.3159723E-01  0.2643059E-02  0.1058080E-02  0.0000000E+00  0.0000000E+00  0.0000000E+00
  0.50000  0.08840  0.39805  0.40200  0.3278746E-01  0.3428658E-02  0.1309505E-03  0.7846768E-03  0.3160024E-01  0.2643981E-02  0.1056265E-02  0.0000000E+00  0.0000000E+00  0.0000000E+00
  0.50000  0.08832  0.39815  0.40210  0.3278795E-01  0.3427935E-02  0.1302825E-03  0.7830233E-03  0.3160321E-01  0.2644912E-02  0.1054450E-02  0.0000000E+00  0.0000000E+00  0.0000000E+00
  0.50000  0.08824  0.39825  0.40220  0.3278839E-01  0.3427220E-02  0.1296164E-03  0.7813701E-03  0.3160614E-01  0.2645850E-02  0.1052634E-02  0.0000000E+00  0.0000000E+00  0.0000000E+00
  0.50000  0.08815  0.39836  0.40230  0.3278880E-01  0.3426512E-02  0.1289524E-03  0.7797173E-03  0.3160903E-01  0.2646795E-02  0.1050819E-02  0.0000000E+00  0.0000000E+00  0.0000000E+00
  0.50000  0.08807  0.39846  0.40240  0.3278917E-01  0.3425812E-02  0.1282903E-03  0.7780649E-03  0.3161187E-01  0.2647747E-02  0.1049002E-02  0.0000000E+00  0.0000000E+00  0.0000000E+00
  0.50000  0.08799  0.39856  0.40250  0.3278949E-01  0.3425118E-02  0.1276301E-03  0.7764129E-03  0.3161468E-01  0.2648705E-02  0.1047186E-02  0.0000000E+00  0.0000000E+00  0.0000000E+00
  0.50000  0.08791  0.39867  0.40260  0.3278978E-01  0.3424432E-02  0.1269720E-03  0.7747612E-03  0.3161744E-01  0.2649670E-02  0.1045369E-02  0.0000000E+00  0.0000000E+00  0.0000000E+00
  0.50000  0.08783  0.39877  0.40270  0.3279003E-01  0.3423752E-02  0.1263158E-03  0.7731100E-03  0.3162017E-01  0.2650642E-02  0.1043552E-02  0.0000000E+00  0.0000000E+00  0.0000000E+00
  0.50000  0.08775  0.39887  0.40280  0.3279025E-01  0.3423078E-02  0.1256616E-03  0.7714591E-03  0.3162285E-01  0.2651619E-02  0.1041734E-02  0.0000000E+00  0.0000000E+00  0.0000000E+00
  0.50000  0.08767  0.39898  0.40290  0.3279042E-01  0.3422410E-02  0.1250094E-03  0.7698086E-03  0.3162550E-01  0.2652602E-02  0.1039917E-02  0.0000000E+00  0.0000000E+00  0.0000000E+00
  0.50000  0.08759  0.39908  0.40300  0.3279056E-01  0.3421748E-02  0.1243591E-03  0.7681585E-03  0.3162810E-01  0.2653590E-02  0.1038099E-02  0.0000000E+00  0.0000000E+00  0.0000000E+00
  0.50000  0.08751  0.39919  0.40310  0.3279066E-01  0.3421093E-02  0.1237108E-03  0.7665087E-03  0.3163066E-01  0.2654584E-02  0.1036280E-02  0.0000000E+00  0.0000000E+00  0.0000000E+00
  0.50000  0.08743  0.39929  0.40320  0.3279072E-01  0.3420442E-02  0.1230645E-03  0.7648594E-03  0.3163319E-01  0.2655583E-02  0.1034462E-02  0.0000000E+00  0.0000000E+00  0.0000000E+00
  0.50000  0.08735  0.39939  0.40330  0.3279074E-01  0.3419797E-02  0.1224201E-03  0.7632104E-03  0.3163567E-01  0.2656587E-02  0.1032643E-02  0.0000000E+00  0.0000000E+00  0.0000000E+00
  0.50000  0.08727  0.39950  0.40340  0.3279072E-01  0.3419158E-02  0.1217777E-03  0.7615618E-03  0.3163812E-01  0.2657596E-02  0.1030824E-02  0.0000000E+00  0.0000000E+00  0.0000000E+00
  0.50000  0.08719  0.39960  0.40350  0.3279067E-01  0.3418524E-02  0.1211372E-03  0.7599136E-03  0.3164053E-01  0.2658610E-02  0.1029005E-02  0.0000000E+00  0.0000000E+00  0.0000000E+00
  0.50000  0.08711  0.39970  0.40360  0.3278852E-01  0.3427303E-02  0.1204987E-03  0.7582657E-03  0.3164084E-01  0.2669037E-02  0.1027185E-02  0.0000000E+00  0.0000000E+00  0.0000000E+00
  0.50000  0.08703  0.39981  0.40370  0.3278854E-01  0.3426342E-02  0.1198622E-03  0.7566183E-03  0.3164331E-01  0.2669724E-02  0.1025366E-02  0.0000000E+00  0.0000000E+00  0.0000000E+00
  0.50000  0.08695  0.39991  0.40380  0.3278850E-01  0.3425416E-02  0.1192276E-03  0.7549712E-03  0.3164573E-01  0.2670445E-02  0.1023546E-02  0.0000000E+00  0.0000000E+00  0.0000000E+00
  0.50000  0.08686  0.40001  0.40390  0.3278842E-01  0.3424521E-02  0.1185949E-03  0.7533245E-03  0.3164810E-01  0.2671197E-02  0.1021726E-02  0.0000000E+00  0.0000000E+00  0.0000000E+00
  0.50000  0.08678  0.40012  0.40400  0.3278829E-01  0.3423654E-02  0.1179642E-03  0.7516782E-03  0.3165042E-01  0.2671976E-02  0.1019905E-02  0.0000000E+00  0.0000000E+00  0.0000000E+00
  0.50000  0.08670  0.40022  0.40410  0.3278812E-01  0.3422811E-02  0.1173355E-03  0.7500322E-03  0.3165270E-01  0.2672779E-02  0.1018085E-02  0.0000000E+00  0.0000000E+00  0.0000000E+00
  0.50000  0.08662  0.40033  0.40420  0.3278790E-01  0.3421991E-02  0.1167087E-03  0.7483867E-03  0.3165493E-01  0.2673604E-02  0.1016264E-02  0.0000000E+00  0.0000000E+00  0.0000000E+00
  0.50000  0.08654  0.40043  0.40430  0.3278764E-01  0.3421190E-02  0.1160839E-03  0.7467415E-03  0.3165711E-01  0.2674449E-02  0.1014443E-02  0.0000000E+00  0.0000000E+00  0.0000000E+00
  0.50000  0.08646  0.40053  0.40440  0.3278733E-01  0.3420408E-02  0.1154610E-03  0.7450967E-03  0.3165925E-01  0.2675312E-02  0.1012621E-02  0.0000000E+00  0.0000000E+00  0.0000000E+00
  0.50000  0.08638  0.40064  0.40450  0.3278698E-01  0.3419643E-02  0.1148400E-03  0.7434523E-03  0.3166134E-01  0.2676191E-02  0.1010800E-02  0.0000000E+00  0.0000000E+00  0.0000000E+00
  0.50000  0.08630  0.40074  0.40460  0.3278660E-01  0.3418893E-02  0.1142210E-03  0.7418082E-03  0.3166340E-01  0.2677085E-02  0.1008979E-02  0.0000000E+00  0.0000000E+00  0.0000000E+00
  0.50000  0.08622  0.40084  0.40470  0.3278617E-01  0.3418158E-02  0.1136039E-03  0.7401645E-03  0.3166541E-01  0.2677993E-02  0.1007157E-02  0.0000000E+00  0.0000000E+00  0.0000000E+00
  0.50000  0.08614  0.40095  0.40480  0.3278570E-01  0.3417436E-02  0.1129887E-03  0.7385213E-03  0.3166737E-01  0.2678915E-02  0.1005335E-02  0.0000000E+00  0.0000000E+00  0.0000000E+00
  0.50000  0.08606  0.40105  0.40490  0.3278519E-01  0.3416727E-02  0.1123755E-03  0.7368784E-03  0.3166930E-01  0.2679848E-02  0.1003513E-02  0.0000000E+00  0.0000000E+00  0.0000000E+00
  0.50000  0.08597  0.40115  0.40500  0.3278464E-01  0.3416029E-02  0.1117643E-03  0.7352358E-03  0.3167118E-01  0.2680793E-02  0.1001691E-02  0.0000000E+00  0.0000000E+00  0.0000000E+00
  0.50000  0.08589  0.40126  0.40510  0.3278405E-01  0.3415342E-02  0.1111549E-03  0.7335937E-03  0.3167302E-01  0.2681749E-02  0.9998681E-03  0.0000000E+00  0.0000000E+00  0.0000000E+00
  0.50000  0.08581  0.40136  0.40520  0.3278342E-01  0.3414666E-02  0.1105475E-03  0.7319519E-03  0.3167483E-01  0.2682714E-02  0.9980456E-03  0.0000000E+00  0.0000000E+00  0.0000000E+00
  0.50000  0.08573  0.40147  0.40530  0.3278275E-01  0.3414000E-02  0.1099420E-03  0.7303105E-03  0.3167659E-01  0.2683690E-02  0.9962229E-03  0.0000000E+00  0.0000000E+00  0.0000000E+00
  0.50000  0.08565  0.40157  0.40540  0.3278204E-01  0.3413343E-02  0.1093384E-03  0.7286695E-03  0.3167831E-01  0.2684674E-02  0.9944001E-03  0.0000000E+00  0.0000000E+00  0.0000000E+00
  0.50000  0.08557  0.40167  0.40550  0.3278130E-01  0.3412696E-02  0.1087368E-03  0.7270289E-03  0.3167999E-01  0.2685667E-02  0.9925772E-03  0.0000000E+00  0.0000000E+00  0.0000000E+00
  0.50000  0.08549  0.40178  0.40560  0.3278052E-01  0.3412056E-02  0.1081371E-03  0.7253887E-03  0.3168163E-01  0.2686668E-02  0.9907541E-03  0.0000000E+00  0.0000000E+00  0.0000000E+00
  0.50000  0.08541  0.40188  0.40570  0.3277969E-01  0.3411426E-02  0.1075393E-03  0.7237488E-03  0.3168322E-01  0.2687677E-02  0.9889309E-03  0.0000000E+00  0.0000000E+00  0.0000000E+00
  0.50000  0.08533  0.40198  0.40580  0.3277884E-01  0.3410803E-02  0.1069434E-03  0.7221093E-03  0.3168478E-01  0.2688693E-02  0.9871076E-03  0.0000000E+00  0.0000000E+00  0.0000000E+00
  0.50000  0.08525  0.40209  0.40590  0.3277794E-01  0.3410187E-02  0.1063495E-03  0.7204702E-03  0.3168630E-01  0.2689717E-02  0.9852842E-03  0.0000000E+00  0.0000000E+00  0.0000000E+00
  0.50000  0.08516  0.40219  0.40600  0.3277700E-01  0.3409579E-02  0.1057575E-03  0.7188315E-03  0.3168779E-01  0.2690748E-02  0.9834607E-03  0.0000000E+00  0.0000000E+00  0.0000000E+00
  0.50000  0.08508  0.40229  0.40610  0.3277603E-01  0.3408978E-02  0.1051673E-03  0.7171931E-03  0.3168923E-01  0.2691785E-02  0.9816372E-03  0.0000000E+00  0.0000000E+00  0.0000000E+00
  0.50000  0.08500  0.40240  0.40620  0.3277502E-01  0.3408384E-02  0.1045791E-03  0.7155552E-03  0.3169063E-01  0.2692829E-02  0.9798135E-03  0.0000000E+00  0.0000000E+00  0.0000000E+00
  0.50000  0.08492  0.40250  0.40630  0.3277397E-01  0.3407797E-02  0.1039928E-03  0.7139176E-03  0.3169199E-01  0.2693879E-02  0.9779897E-03  0.0000000E+00  0.0000000E+00  0.0000000E+00
  0.50000  0.08484  0.40261  0.40640  0.3277289E-01  0.3407216E-02  0.1034085E-03  0.7122804E-03  0.3169332E-01  0.2694936E-02  0.9761659E-03  0.0000000E+00  0.0000000E+00  0.0000000E+00
  0.50000  0.08476  0.40271  0.40650  0.3277177E-01  0.3406642E-02  0.1028260E-03  0.7106436E-03  0.3169460E-01  0.2695998E-02  0.9743420E-03  0.0000000E+00  0.0000000E+00  0.0000000E+00
  0.50000  0.08468  0.40281  0.40660  0.3277061E-01  0.3406074E-02  0.1022454E-03  0.7090072E-03  0.3169585E-01  0.2697066E-02  0.9725180E-03  0.0000000E+00  0.0000000E+00  0.0000000E+00
  0.50000  0.08460  0.40292  0.40670  0.3276942E-01  0.3405511E-02  0.1016667E-03  0.7073711E-03  0.3169705E-01  0.2698140E-02  0.9706940E-03  0.0000000E+00  0.0000000E+00  0.0000000E+00
  0.50000  0.08451  0.40302  0.40680  0.3276818E-01  0.3404955E-02  0.1010900E-03  0.7057354E-03  0.3169822E-01  0.2699220E-02  0.9688699E-03  0.0000000E+00  0.0000000E+00  0.0000000E+00
  0.50000  0.08443  0.40312  0.40690  0.3276692E-01  0.3404405E-02  0.1005151E-03  0.7041001E-03  0.3169935E-01  0.2700304E-02  0.9670458E-03  0.0000000E+00  0.0000000E+00  0.0000000E+00
  0.50000  0.08435  0.40323  0.40700  0.3276561E-01  0.3403860E-02  0.9994216E-04  0.7024652E-03  0.3170045E-01  0.2701394E-02  0.9652217E-03  0.0000000E+00  0.0000000E+00  0.0000000E+00
  0.50000  0.08427  0.40333  0.40710  0.3276427E-01  0.3403320E-02  0.9937110E-04  0.7008307E-03  0.3170150E-01  0.2702490E-02  0.9633975E-03  0.0000000E+00  0.0000000E+00  0.0000000E+00
  0.50000  0.08419  0.40343  0.40720  0.3276289E-01  0.3402787E-02  0.9880193E-04  0.6991966E-03  0.3170252E-01  0.2703590E-02  0.9615732E-03  0.0000000E+00  0.0000000E+00  0.0000000E+00
  0.50000  0.08411  0.40354  0.40730  0.3275989E-01  0.3410103E-02  0.9823466E-04  0.6975628E-03  0.3170190E-01  0.2712540E-02  0.9597490E-03  0.0000000E+00  0.0000000E+00  0.0000000E+00
  0.50000  0.08403  0.40364  0.40740  0.3275855E-01  0.3409301E-02  0.9766928E-04  0.6959294E-03  0.3170296E-01  0.2713372E-02  0.9579248E-03  0.0000000E+00  0.0000000E+00  0.0000000E+00
  0.50000  0.08394  0.40375  0.40750  0.3275717E-01  0.3408530E-02  0.9710579E-04  0.6942965E-03  0.3170397E-01  0.2714233E-02  0.9561005E-03  0.0000000E+00  0.0000000E+00  0.0000000E+00
  0.50000  0.08386  0.40385  0.40760  0.3275575E-01  0.3407785E-02  0.9654418E-04  0.6926638E-03  0.3170493E-01  0.2715121E-02  0.9542762E-03  0.0000000E+00  0.0000000E+00  0.0000000E+00
  0.50000  0.08378  0.40395  0.40770  0.3275428E-01  0.3407064E-02  0.9598447E-04  0.6910316E-03  0.3170584E-01  0.2716033E-02  0.9524520E-03  0.0000000E+00  0.0000000E+00  0.0000000E+00
  0.50000  0.08370  0.40406  0.40780  0.3275277E-01  0.3406365E-02  0.9542664E-04  0.6893998E-03  0.3170672E-01  0.2716965E-02  0.9506277E-03  0.0000000E+00  0.0000000E+00  0.0000000E+00
  0.50000  0.08362  0.40416  0.40790  0.3275122E-01  0.3405685E-02  0.9487070E-04  0.6877683E-03  0.3170755E-01  0.2717917E-02  0.9488035E-03  0.0000000E+00  0.0000000E+00  0.0000000E+00
  0.50000  0.08354  0.40426  0.40800  0.3274963E-01  0.3405023E-02  0.9431663E-04  0.6861373E-03  0.3170833E-01  0.2718886E-02  0.9469792E-03  0.0000000E+00  0.0000000E+00  0.0000000E+00
  0.50000  0.08345  0.40437  0.40810  0.3274800E-01  0.3404378E-02  0.9376445E-04  0.6845066E-03  0.3170908E-01  0.2719871E-02  0.9451550E-03  0.0000000E+00  0.0000000E+00  0.0000000E+00
  0.50000  0.08337  0.40447  0.40820  0.3274633E-01  0.3403747E-02  0.9321414E-04  0.6828763E-03  0.3170978E-01  0.2720871E-02  0.9433309E-03  0.0000000E+00  0.0000000E+00  0.0000000E+00
  0.50000  0.08329  0.40457  0.40830  0.3274462E-01  0.3403130E-02  0.9266572E-04  0.6812464E-03  0.3171044E-01  0.2721884E-02  0.9415068E-03  0.0000000E+00  0.0000000E+00  0.0000000E+00
  0.50000  0.08321  0.40468  0.40840  0.3274287E-01  0.3402527E-02  0.9211916E-04  0.6796169E-03  0.3171106E-01  0.2722910E-02  0.9396827E-03  0.0000000E+00  0.0000000E+00  0.0000000E+00
  0.50000  0.08313  0.40478  0.40850  0.3274108E-01  0.3401936E-02  0.9157448E-04  0.6779878E-03  0.3171164E-01  0.2723948E-02  0.9378587E-03  0.0000000E+00  0.0000000E+00  0.0000000E+00
  0.50000  0.08305  0.40489  0.40860  0.3273925E-01  0.3401357E-02  0.9103167E-04  0.6763590E-03  0.3171219E-01  0.2724998E-02  0.9360347E-03  0.0000000E+00  0.0000000E+00  0.0000000E+00
  0.50000  0.08296  0.40499  0.40870  0.3273739E-01  0.3400788E-02  0.9049073E-04  0.6747307E-03  0.3171269E-01  0.2726058E-02  0.9342108E-03  0.0000000E+00  0.0000000E+00  0.0000000E+00
  0.50000  0.08288  0.40509  0.40880  0.3273549E-01  0.3400230E-02  0.8995166E-04  0.6731027E-03  0.3171315E-01  0.2727127E-02  0.9323869E-03  0.0000000E+00  0.0000000E+00  0.0000000E+00
  0.50000  0.08280  0.40520  0.40890  0.3273355E-01  0.3399682E-02  0.8941445E-04  0.6714751E-03  0.3171357E-01  0.2728207E-02  0.9305632E-03  0.0000000E+00  0.0000000E+00  0.0000000E+00
  0.50000  0.08272  0.40530  0.40900  0.3273157E-01  0.3399143E-02  0.8887911E-04  0.6698479E-03  0.3171395E-01  0.2729296E-02  0.9287395E-03  0.0000000E+00  0.0000000E+00  0.0000000E+00
  0.50000  0.08264  0.40540  0.40910  0.3272956E-01  0.3398614E-02  0.8834563E-04  0.6682211E-03  0.3171430E-01  0.2730393E-02  0.9269159E-03  0.0000000E+00  0.0000000E+00  0.0000000E+00
  0.50000  0.08256  0.40551  0.40920  0.3272751E-01  0.3398093E-02  0.8781401E-04  0.6665947E-03  0.3171461E-01  0.2731499E-02  0.9250924E-03  0.0000000E+00  0.0000000E+00  0.0000000E+00
  0.50000  0.08247  0.40561  0.40930  0.3272543E-01  0.3397581E-02  0.8728425E-04  0.6649687E-03  0.3171487E-01  0.2732612E-02  0.9232690E-03  0.0000000E+00  0.0000000E+00  0.0000000E+00
  0.50000  0.08239  0.40571  0.40940  0.3272331E-01  0.3397077E-02  0.8675634E-04  0.6633431E-03  0.3171510E-01  0.2733734E-02  0.9214457E-03  0.0000000E+00  0.0000000E+00  0.0000000E+00
  0.50000  0.08231  0.40582  0.40950  0.3272115E-01  0.3396581E-02  0.8623029E-04  0.6617179E-03  0.3171529E-01  0.2734863E-02  0.9196225E-03  0.0000000E+00  0.0000000E+00  0.0000000E+00
  0.50000  0.08223  0.40592  0.40960  0.3271895E-01  0.3396092E-02  0.8570610E-04  0.6600930E-03  0.3171545E-01  0.2735999E-02  0.9177995E-03  0.0000000E+00  0.0000000E+00  0.0000000E+00
  0.50000  0.08215  0.40603  0.40970  0.3271672E-01  0.3395611E-02  0.8518375E-04  0.6584686E-03  0.3171556E-01  0.2737143E-02  0.9159765E-03  0.0000000E+00  0.0000000E+00  0.0000000E+00
  0.50000  0.08206  0.40613  0.40980  0.3271446E-01  0.3395137E-02  0.8466326E-04  0.6568445E-03  0.3171564E-01  0.2738293E-02  0.9141537E-03  0.0000000E+00  0.0000000E+00  0.0000000E+00
  0.50000  0.08198  0.40623  0.40990  0.3271216E-01  0.3394671E-02  0.8414461E-04  0.6552209E-03  0.3171568E-01  0.2739450E-02  0.9123310E-03  0.0000000E+00  0.0000000E+00  0.0000000E+00
  0.50000  0.08190  0.40634  0.41000  0.3270982E-01  0.3394211E-02  0.8362781E-04  0.6535976E-03  0.3171568E-01  0.2740613E-02  0.9105085E-03  0.0000000E+00  0.0000000E+00  0.0000000E+00
  0.50000  0.08182  0.40644  0.41010  0.3270745E-01  0.3393758E-02  0.8311285E-04  0.6519748E-03  0.3171565E-01  0.2741783E-02  0.9086861E-03  0.0000000E+00  0.0000000E+00  0.0000000E+00
  0.50000  0.08174  0.40654  0.41020  0.3270504E-01  0.3393312E-02  0.8259973E-04  0.6503523E-03  0.3171558E-01  0.2742959E-02  0.9068639E-03  0.0000000E+00  0.0000000E+00  0.0000000E+00
  0.50000  0.08165  0.40665  0.41030  0.3270260E-01  0.3392872E-02  0.8208846E-04  0.6487302E-03  0.3171547E-01  0.2744142E-02  0.9050418E-03  0.0000000E+00  0.0000000E+00  0.0000000E+00
  0.50000  0.08157  0.40675  0.41040  0.3270012E-01  0.3392438E-02  0.8157902E-04  0.6471085E-03  0.3171532E-01  0.2745330E-02  0.9032199E-03  0.0000000E+00  0.0000000E+00  0.0000000E+00
  0.50000  0.08149  0.40685  0.41050  0.3269761E-01  0.3392011E-02  0.8107142E-04  0.6454873E-03  0.3171514E-01  0.2746524E-02  0.9013982E-03  0.0000000E+00  0.0000000E+00  0.0000000E+00
  0.50000  0.08141  0.40696  0.41060  0.3269506E-01  0.3391591E-02  0.8056566E-04  0.6438664E-03  0.3171492E-01  0.2747724E-02  0.8995767E-03  0.0000000E+00  0.0000000E+00  0.0000000E+00
  0.50000  0.08133  0.40706  0.41070  0.3269248E-01  0.3391176E-02  0.8006172E-04  0.6422459E-03  0.3171466E-01  0.2748930E-02  0.8977553E-03  0.0000000E+00  0.0000000E+00  0.0000000E+00
  0.50000  0.08124  0.40717  0.41080  0.3268986E-01  0.3390768E-02  0.7955962E-04  0.6406258E-03  0.3171437E-01  0.2750142E-02  0.8959341E-03  0.0000000E+00  0.0000000E+00  0.0000000E+00
  0.50000  0.08116  0.40727  0.41090  0.3268721E-01  0.3390365E-02  0.7905935E-04  0.6390062E-03  0.3171404E-01  0.2751359E-02  0.8941131E-03  0.0000000E+00  0.0000000E+00  0.0000000E+00
  0.50000  0.08108  0.40737  0.41100  0.3268333E-01  0.3396435E-02  0.7856090E-04  0.6373869E-03  0.3171247E-01  0.2759048E-02  0.8922924E-03  0.0000000E+00  0.0000000E+00  0.0000000E+00
  0.50000  0.08100  0.40748  0.41110  0.3268070E-01  0.3395818E-02  0.7806428E-04  0.6357680E-03  0.3171216E-01  0.2760050E-02  0.8904718E-03  0.0000000E+00  0.0000000E+00  0.0000000E+00
  0.50000  0.08091  0.40758  0.41120  0.3267803E-01  0.3395228E-02  0.7756949E-04  0.6341496E-03  0.3171181E-01  0.2761078E-02  0.8886515E-03  0.0000000E+00  0.0000000E+00  0.0000000E+00
  0.50000  0.08083  0.40768  0.41130  0.3267532E-01  0.3394660E-02  0.7707651E-04  0.6325315E-03  0.3171141E-01  0.2762129E-02  0.8868313E-03  0.0000000E+00  0.0000000E+00  0.0000000E+00
  0.50000  0.08075  0.40779  0.41140  0.3267256E-01  0.3394114E-02  0.7658536E-04  0.6309138E-03  0.3171097E-01  0.2763200E-02  0.8850114E-03  0.0000000E+00  0.0000000E+00  0.0000000E+00
  0.50000  0.08067  0.40789  0.41150  0.3266977E-01  0.3393586E-02  0.7609602E-04  0.6292966E-03  0.3171049E-01  0.2764289E-02  0.8831918E-03  0.0000000E+00  0.0000000E+00  0.0000000E+00
  0.50000  0.08059  0.40800  0.41160  0.3266695E-01  0.3393076E-02  0.7560850E-04  0.6276797E-03  0.3170996E-01  0.2765396E-02  0.8813724E-03  0.0000000E+00  0.0000000E+00  0.0000000E+00
  0.50000  0.08050  0.40810  0.41170  0.3266408E-01  0.3392581E-02  0.7512279E-04  0.6260633E-03  0.3170940E-01  0.2766518E-02  0.8795532E-03  0.0000000E+00  0.0000000E+00  0.0000000E+00
  0.50000  0.08042  0.40820  0.41180  0.3266117E-01  0.3392102E-02  0.7463890E-04  0.6244473E-03  0.3170880E-01  0.2767655E-02  0.8777343E-03  0.0000000E+00  0.0000000E+00  0.0000000E+00
  0.50000  0.08034  0.40831  0.41190  0.3265823E-01  0.3391637E-02  0.7415681E-04  0.6228316E-03  0.3170816E-01  0.2768805E-02  0.8759156E-03  0.0000000E+00  0.0000000E+00  0.0000000E+00
  0.50000  0.08026  0.40841  0.41200  0.3265526E-01  0.3391184E-02  0.7367654E-04  0.6212164E-03  0.3170748E-01  0.2769968E-02  0.8740972E-03  0.0000000E+00  0.0000000E+00  0.0000000E+00
  0.50000  0.08017  0.40851  0.41210  0.3265224E-01  0.3390744E-02  0.7319807E-04  0.6196016E-03  0.3170676E-01  0.2771143E-02  0.8722791E-03  0.0000000E+00  0.0000000E+00  0.0000000E+00
  0.50000  0.08009  0.40862  0.41220  0.3264919E-01  0.3390316E-02  0.7272140E-04  0.6179872E-03  0.3170601E-01  0.2772329E-02  0.8704612E-03  0.0000000E+00  0.0000000E+00  0.0000000E+00
  0.50000  0.08001  0.40872  0.41230  0.3264611E-01  0.3389899E-02  0.7224654E-04  0.6163732E-03  0.3170522E-01  0.2773526E-02  0.8686437E-03  0.0000000E+00  0.0000000E+00  0.0000000E+00
  0.50000  0.07993  0.40882  0.41240  0.3264298E-01  0.3389492E-02  0.7177348E-04  0.6147597E-03  0.3170438E-01  0.2774733E-02  0.8668264E-03  0.0000000E+00  0.0000000E+00  0.0000000E+00
  0.50000  0.07984  0.40893  0.41250  0.3263983E-01  0.3389096E-02  0.7130221E-04  0.6131465E-03  0.3170352E-01  0.2775950E-02  0.8650094E-03  0.0000000E+00  0.0000000E+00  0.0000000E+00
  0.50000  0.07976  0.40903  0.41260  0.3263664E-01  0.3388710E-02  0.7083275E-04  0.6115338E-03  0.3170261E-01  0.2777176E-02  0.8631928E-03  0.0000000E+00  0.0000000E+00  0.0000000E+00
  0.50000  0.07968  0.40914  0.41270  0.3263341E-01  0.3388333E-02  0.7036507E-04  0.6099215E-03  0.3170167E-01  0.2778411E-02  0.8613764E-03  0.0000000E+00  0.0000000E+00  0.0000000E+00
  0.50000  0.07960  0.40924  0.41280  0.3263015E-01  0.3387965E-02  0.6989920E-04  0.6083096E-03  0.3170069E-01  0.2779655E-02  0.8595604E-03  0.0000000E+00  0.0000000E+00  0.0000000E+00
  0.50000  0.07951  0.40934  0.41290  0.3262685E-01  0.3387606E-02  0.6943511E-04  0.6066981E-03  0.3169967E-01  0.2780908E-02  0.8577446E-03  0.0000000E+00  0.0000000E+00  0.0000000E+00
  0.50000  0.07943  0.40945  0.41300  0.3262352E-01  0.3387256E-02  0.6897281E-04  0.6050870E-03  0.3169862E-01  0.2782169E-02  0.8559292E-03  0.0000000E+00  0.0000000E+00  0.0000000E+00
  0.50000  0.07935  0.40955  0.41310  0.3262016E-01  0.3386914E-02  0.6851230E-04  0.6034764E-03  0.3169753E-01  0.2783438E-02  0.8541142E-03  0.0000000E+00  0.0000000E+00  0.0000000E+00
  0.50000  0.07927  0.40965  0.41320  0.3261676E-01  0.3386581E-02  0.6805357E-04  0.6018661E-03  0.3169641E-01  0.2784715E-02  0.8522994E-03  0.0000000E+00  0.0000000E+00  0.0000000E+00
  0.50000  0.07918  0.40976  0.41330  0.3261333E-01  0.3386256E-02  0.6759663E-04  0.6002563E-03  0.3169524E-01  0.2785999E-02  0.8504851E-03  0.0000000E+00  0.0000000E+00  0.0000000E+00
  0.50000  0.07910  0.40986  0.41340  0.3260986E-01  0.3385938E-02  0.6714147E-04  0.5986470E-03  0.3169405E-01  0.2787291E-02  0.8486710E-03  0.0000000E+00  0.0000000E+00  0.0000000E+00
  0.50000  0.07902  0.40997  0.41350  0.3260636E-01  0.3385628E-02  0.6668808E-04  0.5970380E-03  0.3169281E-01  0.2788590E-02  0.8468574E-03  0.0000000E+00  0.0000000E+00  0.0000000E+00
  0.50000  0.07894  0.41007  0.41360  0.3260283E-01  0.3385327E-02  0.6623648E-04  0.5954295E-03  0.3169155E-01  0.2789897E-02  0.8450441E-03  0.0000000E+00  0.0000000E+00  0.0000000E+00
  0.50000  0.07885  0.41017  0.41370  0.3259926E-01  0.3385032E-02  0.6578665E-04  0.5938214E-03  0.3169024E-01  0.2791211E-02  0.8432312E-03  0.0000000E+00  0.0000000E+00  0.0000000E+00
  0.50000  0.07877  0.41028  0.41380  0.3259566E-01  0.3384745E-02  0.6533859E-04  0.5922137E-03  0.3168890E-01  0.2792531E-02  0.8414186E-03  0.0000000E+00  0.0000000E+00  0.0000000E+00
  0.50000  0.07869  0.41038  0.41390  0.3259203E-01  0.3384466E-02  0.6489231E-04  0.5906064E-03  0.3168753E-01  0.2793859E-02  0.8396064E-03  0.0000000E+00  0.0000000E+00  0.0000000E+00
  0.50000  0.07860  0.41048  0.41400  0.3258836E-01  0.3384193E-02  0.6444779E-04  0.5889996E-03  0.3168612E-01  0.2795194E-02  0.8377947E-03  0.0000000E+00  0.0000000E+00  0.0000000E+00
  0.50000  0.07852  0.41059  0.41410  0.3258466E-01  0.3383928E-02  0.6400504E-04  0.5873932E-03  0.3168467E-01  0.2796535E-02  0.8359833E-03  0.0000000E+00  0.0000000E+00  0.0000000E+00
  0.50000  0.07844  0.41069  0.41420  0.3258093E-01  0.3383670E-02  0.6356406E-04  0.5857873E-03  0.3168319E-01  0.2797883E-02  0.8341723E-03  0.0000000E+00  0.0000000E+00  0.0000000E+00
  0.50000  0.07836  0.41080  0.41430  0.3257716E-01  0.3383419E-02  0.6312484E-04  0.5841818E-03  0.3168167E-01  0.2799237E-02  0.8323617E-03  0.0000000E+00  0.0000000E+00  0.0000000E+00
  0.50000  0.07827  0.41090  0.41440  0.3257336E-01  0.3383175E-02  0.6268738E-04  0.5825767E-03  0.3168012E-01  0.2800599E-02  0.8305516E-03  0.0000000E+00  0.0000000E+00  0.0000000E+00
  0.50000  0.07819  0.41100  0.41450  0.3256953E-01  0.3382938E-02  0.6225168E-04  0.5809721E-03  0.3167854E-01  0.2801966E-02  0.8287419E-03  0.0000000E+00  0.0000000E+00  0.0000000E+00
  0.50000  0.07811  0.41111  0.41460  0.3256567E-01  0.3382708E-02  0.6181773E-04  0.5793678E-03  0.3167692E-01  0.2803340E-02  0.8269326E-03  0.0000000E+00  0.0000000E+00  0.0000000E+00
  0.50000  0.07802  0.41121  0.41470  0.3256090E-01  0.3387755E-02  0.6138555E-04  0.5777641E-03  0.3167439E-01  0.2809991E-02  0.8251237E-03  0.0000000E+00  0.0000000E+00  0.0000000E+00
  0.50000  0.07794  0.41131  0.41480  0.3255704E-01  0.3387359E-02  0.6095511E-04  0.5761607E-03  0.3167277E-01  0.2811198E-02  0.8233153E-03  0.0000000E+00  0.0000000E+00  0.0000000E+00
  0.50000  0.07786  0.41142  0.41490  0.3255314E-01  0.3386985E-02  0.6052643E-04  0.5745579E-03  0.3167111E-01  0.2812427E-02  0.8215073E-03  0.0000000E+00  0.0000000E+00  0.0000000E+00
  0.50000  0.07777  0.41152  0.41500  0.3254921E-01  0.3386632E-02  0.6009949E-04  0.5729554E-03  0.3166941E-01  0.2813676E-02  0.8196998E-03  0.0000000E+00  0.0000000E+00  0.0000000E+00
  0.50000  0.07769  0.41162  0.41510  0.3254524E-01  0.3386297E-02  0.5967431E-04  0.5713534E-03  0.3166768E-01  0.2814944E-02  0.8178927E-03  0.0000000E+00  0.0000000E+00  0.0000000E+00
  0.50000  0.07761  0.41173  0.41520  0.3254124E-01  0.3385980E-02  0.5925086E-04  0.5697519E-03  0.3166590E-01  0.2816228E-02  0.8160861E-03  0.0000000E+00  0.0000000E+00  0.0000000E+00
  0.50000  0.07753  0.41183  0.41530  0.3253720E-01  0.3385678E-02  0.5882917E-04  0.5681507E-03  0.3166409E-01  0.2817527E-02  0.8142800E-03  0.0000000E+00  0.0000000E+00  0.0000000E+00
  0.50000  0.07744  0.41194  0.41540  0.3253312E-01  0.3385392E-02  0.5840921E-04  0.5665501E-03  0.3166224E-01  0.2818842E-02  0.8124743E-03  0.0000000E+00  0.0000000E+00  0.0000000E+00
  0.50000  0.07736  0.41204  0.41550  0.3252901E-01  0.3385119E-02  0.5799099E-04  0.5649499E-03  0.3166035E-01  0.2820170E-02  0.8106692E-03  0.0000000E+00  0.0000000E+00  0.0000000E+00
  0.50000  0.07728  0.41214  0.41560  0.3252487E-01  0.3384860E-02  0.5757450E-04  0.5633501E-03  0.3165843E-01  0.2821510E-02  0.8088645E-03  0.0000000E+00  0.0000000E+00  0.0000000E+00
  0.50000  0.07719  0.41225  0.41570  0.3252069E-01  0.3384614E-02  0.5715976E-04  0.5617508E-03  0.3165647E-01  0.2822863E-02  0.8070603E-03  0.0000000E+00  0.0000000E+00  0.0000000E+00
  0.50000  0.07711  0.41235  0.41580  0.3251647E-01  0.3384380E-02  0.5674674E-04  0.5601520E-03  0.3165447E-01  0.2824228E-02  0.8052567E-03  0.0000000E+00  0.0000000E+00  0.0000000E+00
  0.50000  0.07703  0.41245  0.41590  0.3251223E-01  0.3384157E-02  0.5633545E-04  0.5585536E-03  0.3165244E-01  0.2825604E-02  0.8034535E-03  0.0000000E+00  0.0000000E+00  0.0000000E+00
  0.50000  0.07694  0.41256  0.41600  0.3250795E-01  0.3383946E-02  0.5592590E-04  0.5569556E-03  0.3165037E-01  0.2826990E-02  0.8016509E-03  0.0000000E+00  0.0000000E+00  0.0000000E+00
  0.50000  0.07686  0.41266  0.41610  0.3250364E-01  0.3383745E-02  0.5551807E-04  0.5553582E-03  0.3164827E-01  0.2828387E-02  0.7998487E-03  0.0000000E+00  0.0000000E+00  0.0000000E+00
  0.50000  0.07678  0.41277  0.41620  0.3249929E-01  0.3383555E-02  0.5511196E-04  0.5537611E-03  0.3164613E-01  0.2829794E-02  0.7980472E-03  0.0000000E+00  0.0000000E+00  0.0000000E+00
  0.50000  0.07669  0.41287  0.41630  0.3249492E-01  0.3383376E-02  0.5470758E-04  0.5521646E-03  0.3164396E-01  0.2831211E-02  0.7962461E-03  0.0000000E+00  0.0000000E+00  0.0000000E+00
  0.50000  0.07661  0.41297  0.41640  0.3249051E-01  0.3383206E-02  0.5430491E-04  0.5505685E-03  0.3164176E-01  0.2832638E-02  0.7944456E-03  0.0000000E+00  0.0000000E+00  0.0000000E+00
  0.50000  0.07653  0.41308  0.41650  0.3248606E-01  0.3383046E-02  0.5390397E-04  0.5489729E-03  0.3163951E-01  0.2834073E-02  0.7926456E-03  0.0000000E+00  0.0000000E+00  0.0000000E+00
  0.50000  0.07644  0.41318  0.41660  0.3248159E-01  0.3382896E-02  0.5350474E-04  0.5473777E-03  0.3163724E-01  0.2835518E-02  0.7908462E-03  0.0000000E+00  0.0000000E+00  0.0000000E+00
  0.50000  0.07636  0.41328  0.41670  0.3247708E-01  0.3382755E-02  0.5310722E-04  0.5457830E-03  0.3163493E-01  0.2836972E-02  0.7890474E-03  0.0000000E+00  0.0000000E+00  0.0000000E+00
  0.50000  0.07628  0.41339  0.41680  0.3247254E-01  0.3382623E-02  0.5271141E-04  0.5441888E-03  0.3163258E-01  0.2838434E-02  0.7872491E-03  0.0000000E+00  0.0000000E+00  0.0000000E+00
  0.50000  0.07619  0.41349  0.41690  0.3246797E-01  0.3382500E-02  0.5231732E-04  0.5425951E-03  0.3163021E-01  0.2839905E-02  0.7854514E-03  0.0000000E+00  0.0000000E+00  0.0000000E+00
  0.50000  0.07611  0.41360  0.41700  0.3246337E-01  0.3382386E-02  0.5192493E-04  0.5410018E-03  0.3162779E-01  0.2841384E-02  0.7836543E-03  0.0000000E+00  0.0000000E+00  0.0000000E+00
  0.50000  0.07603  0.41370  0.41710  0.3245874E-01  0.3382281E-02  0.5153424E-04  0.5394090E-03  0.3162535E-01  0.2842872E-02  0.7818577E-03  0.0000000E+00  0.0000000E+00  0.0000000E+00
  0.50000  0.07594  0.41380  0.41720  0.3245407E-01  0.3382185E-02  0.5114526E-04  0.5378167E-03  0.3162287E-01  0.2844368E-02  0.7800618E-03  0.0000000E+00  0.0000000E+00  0.0000000E+00
  0.50000  0.07586  0.41391  0.41730  0.3244938E-01  0.3382098E-02  0.5075798E-04  0.5362249E-03  0.3162035E-01  0.2845873E-02  0.7782665E-03  0.0000000E+00  0.0000000E+00  0.0000000E+00
  0.50000  0.07578  0.41401  0.41740  0.3244465E-01  0.3382019E-02  0.5037240E-04  0.5346335E-03  0.3161781E-01  0.2847385E-02  0.7764717E-03  0.0000000E+00  0.0000000E+00  0.0000000E+00
  0.50000  0.07569  0.41411  0.41750  0.3243989E-01  0.3381949E-02  0.4998852E-04  0.5330426E-03  0.3161523E-01  0.2848906E-02  0.7746776E-03  0.0000000E+00  0.0000000E+00  0.0000000E+00
  0.50000  0.07561  0.41422  0.41760  0.3243510E-01  0.3381887E-02  0.4960632E-04  0.5314522E-03  0.3161261E-01  0.2850434E-02  0.7728841E-03  0.0000000E+00  0.0000000E+00  0.0000000E+00
  0.50000  0.07553  0.41432  0.41770  0.3243028E-01  0.3381833E-02  0.4922583E-04  0.5298623E-03  0.3160997E-01  0.2851971E-02  0.7710912E-03  0.0000000E+00  0.0000000E+00  0.0000000E+00
  0.50000  0.07544  0.41443  0.41780  0.3242543E-01  0.3381788E-02  0.4884702E-04  0.5282729E-03  0.3160729E-01  0.2853515E-02  0.7692990E-03  0.0000000E+00  0.0000000E+00  0.0000000E+00
  0.50000  0.07536  0.41453  0.41790  0.3242055E-01  0.3381752E-02  0.4846990E-04  0.5266840E-03  0.3160457E-01  0.2855068E-02  0.7675073E-03  0.0000000E+00  0.0000000E+00  0.0000000E+00
  0.50000  0.07528  0.41463  0.41800  0.3241564E-01  0.3381723E-02  0.4809446E-04  0.5250956E-03  0.3160183E-01  0.2856628E-02  0.7657164E-03  0.0000000E+00  0.0000000E+00  0.0000000E+00
  0.50000  0.07519  0.41474  0.41810  0.3241069E-01  0.3381704E-02  0.4772071E-04  0.5235077E-03  0.3159905E-01  0.2858196E-02  0.7639261E-03  0.0000000E+00  0.0000000E+00  0.0000000E+00
  0.50000  0.07511  0.41484  0.41820  0.3240572E-01  0.3381692E-02  0.4734863E-04  0.5219202E-03  0.3159624E-01  0.2859772E-02  0.7621364E-03  0.0000000E+00  0.0000000E+00  0.0000000E+00
  0.50000  0.07503  0.41494  0.41830  0.3240005E-01  0.3386089E-02  0.4697824E-04  0.5203333E-03  0.3159272E-01  0.2865755E-02  0.7603474E-03  0.0000000E+00  0.0000000E+00  0.0000000E+00
  0.50000  0.07494  0.41505  0.41840  0.3239507E-01  0.3385939E-02  0.4660953E-04  0.5187469E-03  0.3158990E-01  0.2867192E-02  0.7585591E-03  0.0000000E+00  0.0000000E+00  0.0000000E+00
  0.50000  0.07486  0.41515  0.41850  0.3239006E-01  0.3385811E-02  0.4624248E-04  0.5171609E-03  0.3158705E-01  0.2868650E-02  0.7567714E-03  0.0000000E+00  0.0000000E+00  0.0000000E+00
  0.50000  0.07477  0.41526  0.41860  0.3238502E-01  0.3385704E-02  0.4587711E-04  0.5155755E-03  0.3158416E-01  0.2870128E-02  0.7549845E-03  0.0000000E+00  0.0000000E+00  0.0000000E+00
  0.50000  0.07469  0.41536  0.41870  0.3237994E-01  0.3385615E-02  0.4551341E-04  0.5139906E-03  0.3158123E-01  0.2871625E-02  0.7531982E-03  0.0000000E+00  0.0000000E+00  0.0000000E+00
  0.50000  0.07461  0.41546  0.41880  0.3237483E-01  0.3385544E-02  0.4515138E-04  0.5124062E-03  0.3157827E-01  0.2873138E-02  0.7514126E-03  0.0000000E+00  0.0000000E+00  0.0000000E+00
  0.50000  0.07452  0.41557  0.41890  0.3236969E-01  0.3385489E-02  0.4479102E-04  0.5108223E-03  0.3157527E-01  0.2874667E-02  0.7496277E-03  0.0000000E+00  0.0000000E+00  0.0000000E+00
  0.50000  0.07444  0.41567  0.41900  0.3236451E-01  0.3385450E-02  0.4443231E-04  0.5092389E-03  0.3157224E-01  0.2876211E-02  0.7478436E-03  0.0000000E+00  0.0000000E+00  0.0000000E+00
  0.50000  0.07436  0.41577  0.41910  0.3235930E-01  0.3385425E-02  0.4407527E-04  0.5076560E-03  0.3156917E-01  0.2877769E-02  0.7460601E-03  0.0000000E+00  0.0000000E+00  0.0000000E+00
  0.50000  0.07427  0.41588  0.41920  0.3235406E-01  0.3385414E-02  0.4371989E-04  0.5060737E-03  0.3156607E-01  0.2879340E-02  0.7442774E-03  0.0000000E+00  0.0000000E+00  0.0000000E+00
  0.50000  0.07419  0.41598  0.41930  0.3234879E-01  0.3385416E-02  0.4336616E-04  0.5044918E-03  0.3156293E-01  0.2880925E-02  0.7424954E-03  0.0000000E+00  0.0000000E+00  0.0000000E+00
  0.50000  0.07410  0.41609  0.41940  0.3234349E-01  0.3385432E-02  0.4301408E-04  0.5029105E-03  0.3155976E-01  0.2882522E-02  0.7407141E-03  0.0000000E+00  0.0000000E+00  0.0000000E+00
  0.50000  0.07402  0.41619  0.41950  0.3233816E-01  0.3385460E-02  0.4266366E-04  0.5013298E-03  0.3155656E-01  0.2884130E-02  0.7389336E-03  0.0000000E+00  0.0000000E+00  0.0000000E+00
  0.50000  0.07394  0.41629  0.41960  0.3233279E-01  0.3385501E-02  0.4231489E-04  0.4997495E-03  0.3155332E-01  0.2885751E-02  0.7371538E-03  0.0000000E+00  0.0000000E+00  0.0000000E+00
  0.50000  0.07385  0.41640  0.41970  0.3232740E-01  0.3385553E-02  0.4196777E-04  0.4981698E-03  0.3155006E-01  0.2887383E-02  0.7353747E-03  0.0000000E+00  0.0000000E+00  0.0000000E+00
  0.50000  0.07377  0.41650  0.41980  0.3232197E-01  0.3385617E-02  0.4162229E-04  0.4965906E-03  0.3154675E-01  0.2889026E-02  0.7335965E-03  0.0000000E+00  0.0000000E+00  0.0000000E+00
  0.50000  0.07368  0.41660  0.41990  0.3231652E-01  0.3385692E-02  0.4127845E-04  0.4950120E-03  0.3154342E-01  0.2890680E-02  0.7318190E-03  0.0000000E+00  0.0000000E+00  0.0000000E+00
  0.50000  0.07360  0.41671  0.42000  0.3231103E-01  0.3385779E-02  0.4093625E-04  0.4934338E-03  0.3154005E-01  0.2892345E-02  0.7300422E-03  0.0000000E+00  0.0000000E+00  0.0000000E+00
  0.50000  0.07352  0.41681  0.42010  0.3230552E-01  0.3385877E-02  0.4059569E-04  0.4918563E-03  0.3153666E-01  0.2894021E-02  0.7282663E-03  0.0000000E+00  0.0000000E+00  0.0000000E+00
  0.50000  0.07343  0.41692  0.42020  0.3229997E-01  0.3385985E-02  0.4025677E-04  0.4902792E-03  0.3153322E-01  0.2895706E-02  0.7264911E-03  0.0000000E+00  0.0000000E+00  0.0000000E+00
  0.50000  0.07335  0.41702  0.42030  0.3229440E-01  0.3386105E-02  0.3991948E-04  0.4887027E-03  0.3152976E-01  0.2897402E-02  0.7247168E-03  0.0000000E+00  0.0000000E+00  0.0000000E+00
  0.50000  0.07326  0.41712  0.42040  0.3228879E-01  0.3386235E-02  0.3958382E-04  0.4871268E-03  0.3152627E-01  0.2899108E-02  0.7229432E-03  0.0000000E+00  0.0000000E+00  0.0000000E+00
  0.50000  0.07318  0.41723  0.42050  0.3228316E-01  0.3386375E-02  0.3924979E-04  0.4855514E-03  0.3152274E-01  0.2900824E-02  0.7211704E-03  0.0000000E+00  0.0000000E+00  0.0000000E+00
  0.50000  0.07310  0.41733  0.42060  0.3227750E-01  0.3386526E-02  0.3891738E-04  0.4839766E-03  0.3151918E-01  0.2902550E-02  0.7193985E-03  0.0000000E+00  0.0000000E+00  0.0000000E+00
  0.50000  0.07301  0.41743  0.42070  0.3227181E-01  0.3386688E-02  0.3858660E-04  0.4824023E-03  0.3151559E-01  0.2904286E-02  0.7176273E-03  0.0000000E+00  0.0000000E+00  0.0000000E+00
  0.50000  0.07293  0.41754  0.42080  0.3226609E-01  0.3386860E-02  0.3825744E-04  0.4808286E-03  0.3151197E-01  0.2906031E-02  0.7158570E-03  0.0000000E+00  0.0000000E+00  0.0000000E+00
  0.50000  0.07284  0.41764  0.42090  0.3226034E-01  0.3387042E-02  0.3792990E-04  0.4792554E-03  0.3150832E-01  0.2907786E-02  0.7140875E-03  0.0000000E+00  0.0000000E+00  0.0000000E+00
  0.50000  0.07276  0.41775  0.42100  0.3225456E-01  0.3387234E-02  0.3760398E-04  0.4776828E-03  0.3150464E-01  0.2909551E-02  0.7123189E-03  0.0000000E+00  0.0000000E+00  0.0000000E+00
  0.50000  0.07267  0.41785  0.42110  0.3224875E-01  0.3387437E-02  0.3727967E-04  0.4761108E-03  0.3150092E-01  0.2911326E-02  0.7105511E-03  0.0000000E+00  0.0000000E+00  0.0000000E+00
  0.50000  0.07259  0.41795  0.42120  0.3224292E-01  0.3387649E-02  0.3695697E-04  0.4745393E-03  0.3149718E-01  0.2913110E-02  0.7087842E-03  0.0000000E+00  0.0000000E+00  0.0000000E+00
  0.50000  0.07251  0.41806  0.42130  0.3223705E-01  0.3387872E-02  0.3663588E-04  0.4729684E-03  0.3149340E-01  0.2914904E-02  0.7070181E-03  0.0000000E+00  0.0000000E+00  0.0000000E+00
  0.50000  0.07242  0.41816  0.42140  0.3223116E-01  0.3388105E-02  0.3631640E-04  0.4713981E-03  0.3148959E-01  0.2916707E-02  0.7052528E-03  0.0000000E+00  0.0000000E+00  0.0000000E+00
  0.50000  0.07234  0.41826  0.42150  0.3222524E-01  0.3388349E-02  0.3599853E-04  0.4698284E-03  0.3148575E-01  0.2918520E-02  0.7034885E-03  0.0000000E+00  0.0000000E+00  0.0000000E+00
  0.50000  0.07225  0.41837  0.42160  0.3221929E-01  0.3388602E-02  0.3568226E-04  0.4682592E-03  0.3148188E-01  0.2920343E-02  0.7017250E-03  0.0000000E+00  0.0000000E+00  0.0000000E+00
  0.50000  0.07217  0.41847  0.42170  0.3221331E-01  0.3388865E-02  0.3536758E-04  0.4666907E-03  0.3147798E-01  0.2922175E-02  0.6999624E-03  0.0000000E+00  0.0000000E+00  0.0000000E+00
  0.50000  0.07208  0.41858  0.42180  0.3220731E-01  0.3389139E-02  0.3505451E-04  0.4651227E-03  0.3147405E-01  0.2924016E-02  0.6982007E-03  0.0000000E+00  0.0000000E+00  0.0000000E+00
  0.50000  0.07200  0.41868  0.42190  0.3220127E-01  0.3389423E-02  0.3474302E-04  0.4635553E-03  0.3147009E-01  0.2925868E-02  0.6964399E-03  0.0000000E+00  0.0000000E+00  0.0000000E+00
  0.50000  0.07192  0.41878  0.42200  0.3219477E-01  0.3393217E-02  0.3443314E-04  0.4619885E-03  0.3146565E-01  0.2931229E-02  0.6946800E-03  0.0000000E+00  0.0000000E+00  0.0000000E+00
  0.50000  0.07183  0.41889  0.42210  0.3218872E-01  0.3393403E-02  0.3412484E-04  0.4604223E-03  0.3146168E-01  0.2932981E-02  0.6929210E-03  0.0000000E+00  0.0000000E+00  0.0000000E+00
  0.50000  0.07175  0.41899  0.42220  0.3218265E-01  0.3393609E-02  0.3381813E-04  0.4588567E-03  0.3145767E-01  0.2934753E-02  0.6911629E-03  0.0000000E+00  0.0000000E+00  0.0000000E+00
  0.50000  0.07166  0.41909  0.42230  0.3217654E-01  0.3393835E-02  0.3351300E-04  0.4572917E-03  0.3145362E-01  0.2936543E-02  0.6894058E-03  0.0000000E+00  0.0000000E+00  0.0000000E+00
  0.50000  0.07158  0.41920  0.42240  0.3217040E-01  0.3394078E-02  0.3320946E-04  0.4557273E-03  0.3144954E-01  0.2938351E-02  0.6876495E-03  0.0000000E+00  0.0000000E+00  0.0000000E+00
  0.50000  0.07149  0.41930  0.42250  0.3216424E-01  0.3394339E-02  0.3290749E-04  0.4541635E-03  0.3144544E-01  0.2940176E-02  0.6858942E-03  0.0000000E+00  0.0000000E+00  0.0000000E+00
  0.50000  0.07141  0.41941  0.42260  0.3215804E-01  0.3394616E-02  0.3260711E-04  0.4526003E-03  0.3144129E-01  0.2942016E-02  0.6841399E-03  0.0000000E+00  0.0000000E+00  0.0000000E+00
  0.50000  0.07132  0.41951  0.42270  0.3215182E-01  0.3394909E-02  0.3230830E-04  0.4510377E-03  0.3143712E-01  0.2943871E-02  0.6823865E-03  0.0000000E+00  0.0000000E+00  0.0000000E+00
  0.50000  0.07124  0.41961  0.42280  0.3214556E-01  0.3395217E-02  0.3201106E-04  0.4494758E-03  0.3143292E-01  0.2945742E-02  0.6806340E-03  0.0000000E+00  0.0000000E+00  0.0000000E+00
  0.50000  0.07116  0.41972  0.42290  0.3213928E-01  0.3395540E-02  0.3171539E-04  0.4479145E-03  0.3142868E-01  0.2947626E-02  0.6788825E-03  0.0000000E+00  0.0000000E+00  0.0000000E+00
  0.50000  0.07107  0.41982  0.42300  0.3213297E-01  0.3395878E-02  0.3142129E-04  0.4463538E-03  0.3142442E-01  0.2949524E-02  0.6771320E-03  0.0000000E+00  0.0000000E+00  0.0000000E+00
  0.50000  0.07099  0.41992  0.42310  0.3212663E-01  0.3396229E-02  0.3112876E-04  0.4447937E-03  0.3142012E-01  0.2951435E-02  0.6753825E-03  0.0000000E+00  0.0000000E+00  0.0000000E+00
  0.50000  0.07090  0.42003  0.42320  0.3212026E-01  0.3396594E-02  0.3083779E-04  0.4432343E-03  0.3141579E-01  0.2953360E-02  0.6736339E-03  0.0000000E+00  0.0000000E+00  0.0000000E+00
  0.50000  0.07082  0.42013  0.42330  0.3211387E-01  0.3396973E-02  0.3054838E-04  0.4416755E-03  0.3141143E-01  0.2955298E-02  0.6718863E-03  0.0000000E+00  0.0000000E+00  0.0000000E+00
  0.50000  0.07073  0.42024  0.42340  0.3210745E-01  0.3397366E-02  0.3026052E-04  0.4401173E-03  0.3140704E-01  0.2957248E-02  0.6701397E-03  0.0000000E+00  0.0000000E+00  0.0000000E+00
  0.50000  0.07065  0.42034  0.42350  0.3210099E-01  0.3397771E-02  0.2997422E-04  0.4385598E-03  0.3140263E-01  0.2959211E-02  0.6683942E-03  0.0000000E+00  0.0000000E+00  0.0000000E+00
  0.50000  0.07056  0.42044  0.42360  0.3209452E-01  0.3398189E-02  0.2968947E-04  0.4370029E-03  0.3139818E-01  0.2961186E-02  0.6666496E-03  0.0000000E+00  0.0000000E+00  0.0000000E+00
  0.50000  0.07048  0.42055  0.42370  0.3208801E-01  0.3398621E-02  0.2940628E-04  0.4354467E-03  0.3139370E-01  0.2963174E-02  0.6649060E-03  0.0000000E+00  0.0000000E+00  0.0000000E+00
  0.50000  0.07039  0.42065  0.42380  0.3208148E-01  0.3399065E-02  0.2912463E-04  0.4338911E-03  0.3138919E-01  0.2965174E-02  0.6631635E-03  0.0000000E+00  0.0000000E+00  0.0000000E+00
  0.50000  0.07031  0.42076  0.42390  0.3207492E-01  0.3399522E-02  0.2884452E-04  0.4323362E-03  0.3138466E-01  0.2967186E-02  0.6614220E-03  0.0000000E+00  0.0000000E+00  0.0000000E+00
  0.50000  0.07022  0.42086  0.42400  0.3206834E-01  0.3399991E-02  0.2856596E-04  0.4307820E-03  0.3138009E-01  0.2969210E-02  0.6596815E-03  0.0000000E+00  0.0000000E+00  0.0000000E+00
  0.50000  0.07014  0.42096  0.42410  0.3206172E-01  0.3400474E-02  0.2828893E-04  0.4292284E-03  0.3137549E-01  0.2971245E-02  0.6579420E-03  0.0000000E+00  0.0000000E+00  0.0000000E+00
  0.50000  0.07005  0.42107  0.42420  0.3205508E-01  0.3400969E-02  0.2801345E-04  0.4276755E-03  0.3137087E-01  0.2973293E-02  0.6562036E-03  0.0000000E+00  0.0000000E+00  0.0000000E+00
  0.50000  0.06997  0.42117  0.42430  0.3204842E-01  0.3401476E-02  0.2773949E-04  0.4261232E-03  0.3136621E-01  0.2975353E-02  0.6544663E-03  0.0000000E+00  0.0000000E+00  0.0000000E+00
  0.50000  0.06988  0.42127  0.42440  0.3204173E-01  0.3401996E-02  0.2746707E-04  0.4245717E-03  0.3136153E-01  0.2977424E-02  0.6527300E-03  0.0000000E+00  0.0000000E+00  0.0000000E+00
  0.50000  0.06980  0.42138  0.42450  0.3203501E-01  0.3402528E-02  0.2719618E-04  0.4230208E-03  0.3135682E-01  0.2979507E-02  0.6509948E-03  0.0000000E+00  0.0000000E+00  0.0000000E+00
  0.50000  0.06971  0.42148  0.42460  0.3202826E-01  0.3403073E-02  0.2692681E-04  0.4214706E-03  0.3135208E-01  0.2981602E-02  0.6492606E-03  0.0000000E+00  0.0000000E+00  0.0000000E+00
  0.50000  0.06963  0.42159  0.42470  0.3202149E-01  0.3403630E-02  0.2665897E-04  0.4199211E-03  0.3134731E-01  0.2983709E-02  0.6475276E-03  0.0000000E+00  0.0000000E+00  0.0000000E+00
  0.50000  0.06954  0.42169  0.42480  0.3201470E-01  0.3404200E-02  0.2639264E-04  0.4183722E-03  0.3134251E-01  0.2985828E-02  0.6457956E-03  0.0000000E+00  0.0000000E+00  0.0000000E+00
  0.50000  0.06946  0.42179  0.42490  0.3200787E-01  0.3404782E-02  0.2612784E-04  0.4168241E-03  0.3133768E-01  0.2987958E-02  0.6440647E-03  0.0000000E+00  0.0000000E+00  0.0000000E+00
  0.50000  0.06937  0.42190  0.42500  0.3200103E-01  0.3405377E-02  0.2586455E-04  0.4152767E-03  0.3133283E-01  0.2990101E-02  0.6423349E-03  0.0000000E+00  0.0000000E+00  0.0000000E+00
  0.50000  0.06929  0.42200  0.42510  0.3199415E-01  0.3405985E-02  0.2560278E-04  0.4137300E-03  0.3132794E-01  0.2992255E-02  0.6406062E-03  0.0000000E+00  0.0000000E+00  0.0000000E+00
  0.50000  0.06920  0.42210  0.42520  0.3198725E-01  0.3406605E-02  0.2534251E-04  0.4121840E-03  0.3132303E-01  0.2994421E-02  0.6388786E-03  0.0000000E+00  0.0000000E+00  0.0000000E+00
  0.50000  0.06912  0.42221  0.42530  0.3198033E-01  0.3407237E-02  0.2508375E-04  0.4106387E-03  0.3131809E-01  0.2996599E-02  0.6371522E-03  0.0000000E+00  0.0000000E+00  0.0000000E+00
  0.50000  0.06903  0.42231  0.42540  0.3197338E-01  0.3407883E-02  0.2482650E-04  0.4090941E-03  0.3131312E-01  0.2998789E-02  0.6354269E-03  0.0000000E+00  0.0000000E+00  0.0000000E+00
  0.50000  0.06895  0.42242  0.42550  0.3196640E-01  0.3408541E-02  0.2457075E-04  0.4075502E-03  0.3130813E-01  0.3000990E-02  0.6337026E-03  0.0000000E+00  0.0000000E+00  0.0000000E+00
  0.50000  0.06886  0.42252  0.42560  0.3195909E-01  0.3412061E-02  0.2431650E-04  0.4060071E-03  0.3130279E-01  0.3006054E-02  0.6319796E-03  0.0000000E+00  0.0000000E+00  0.0000000E+00
  0.50000  0.06878  0.42262  0.42570  0.3195210E-01  0.3412647E-02  0.2406374E-04  0.4044647E-03  0.3129778E-01  0.3008182E-02  0.6302577E-03  0.0000000E+00  0.0000000E+00  0.0000000E+00
  0.50000  0.06869  0.42273  0.42580  0.3194508E-01  0.3413254E-02  0.2381248E-04  0.4029230E-03  0.3129273E-01  0.3010331E-02  0.6285369E-03  0.0000000E+00  0.0000000E+00  0.0000000E+00
  0.50000  0.06861  0.42283  0.42590  0.3193803E-01  0.3413881E-02  0.2356271E-04  0.4013821E-03  0.3128765E-01  0.3012499E-02  0.6268173E-03  0.0000000E+00  0.0000000E+00  0.0000000E+00
  0.50000  0.06852  0.42293  0.42600  0.3193096E-01  0.3414528E-02  0.2331443E-04  0.3998419E-03  0.3128255E-01  0.3014687E-02  0.6250988E-03  0.0000000E+00  0.0000000E+00  0.0000000E+00
  0.50000  0.06844  0.42304  0.42610  0.3192386E-01  0.3415194E-02  0.2306763E-04  0.3983024E-03  0.3127741E-01  0.3016892E-02  0.6233816E-03  0.0000000E+00  0.0000000E+00  0.0000000E+00
  0.50000  0.06835  0.42314  0.42620  0.3191673E-01  0.3415878E-02  0.2282232E-04  0.3967638E-03  0.3127225E-01  0.3019114E-02  0.6216655E-03  0.0000000E+00  0.0000000E+00  0.0000000E+00
  0.50000  0.06827  0.42325  0.42630  0.3190958E-01  0.3416579E-02  0.2257849E-04  0.3952258E-03  0.3126705E-01  0.3021353E-02  0.6199505E-03  0.0000000E+00  0.0000000E+00  0.0000000E+00
  0.50000  0.06818  0.42335  0.42640  0.3190240E-01  0.3417298E-02  0.2233613E-04  0.3936887E-03  0.3126183E-01  0.3023609E-02  0.6182368E-03  0.0000000E+00  0.0000000E+00  0.0000000E+00
  0.50000  0.06810  0.42345  0.42650  0.3189520E-01  0.3418033E-02  0.2209525E-04  0.3921523E-03  0.3125658E-01  0.3025881E-02  0.6165243E-03  0.0000000E+00  0.0000000E+00  0.0000000E+00
  0.50000  0.06801  0.42356  0.42660  0.3188797E-01  0.3418785E-02  0.2185584E-04  0.3906166E-03  0.3125130E-01  0.3028168E-02  0.6148129E-03  0.0000000E+00  0.0000000E+00  0.0000000E+00
  0.50000  0.06793  0.42366  0.42670  0.3188072E-01  0.3419553E-02  0.2161790E-04  0.3890818E-03  0.3124599E-01  0.3030472E-02  0.6131028E-03  0.0000000E+00  0.0000000E+00  0.0000000E+00
  0.50000  0.06784  0.42377  0.42680  0.3187344E-01  0.3420338E-02  0.2138142E-04  0.3875477E-03  0.3124066E-01  0.3032790E-02  0.6113939E-03  0.0000000E+00  0.0000000E+00  0.0000000E+00
  0.50000  0.06776  0.42387  0.42690  0.3186613E-01  0.3421138E-02  0.2114641E-04  0.3860144E-03  0.3123530E-01  0.3035123E-02  0.6096863E-03  0.0000000E+00  0.0000000E+00  0.0000000E+00
  0.50000  0.06767  0.42397  0.42700  0.3185880E-01  0.3421954E-02  0.2091285E-04  0.3844820E-03  0.3122991E-01  0.3037472E-02  0.6079798E-03  0.0000000E+00  0.0000000E+00  0.0000000E+00
  0.50000  0.06759  0.42408  0.42710  0.3185145E-01  0.3422786E-02  0.2068076E-04  0.3829503E-03  0.3122449E-01  0.3039835E-02  0.6062746E-03  0.0000000E+00  0.0000000E+00  0.0000000E+00
  0.50000  0.06750  0.42418  0.42720  0.3184407E-01  0.3423633E-02  0.2045012E-04  0.3814194E-03  0.3121905E-01  0.3042214E-02  0.6045706E-03  0.0000000E+00  0.0000000E+00  0.0000000E+00
  0.50000  0.06741  0.42428  0.42730  0.3183666E-01  0.3424496E-02  0.2022093E-04  0.3798893E-03  0.3121358E-01  0.3044607E-02  0.6028679E-03  0.0000000E+00  0.0000000E+00  0.0000000E+00
  0.50000  0.06733  0.42439  0.42740  0.3182924E-01  0.3425374E-02  0.1999319E-04  0.3783600E-03  0.3120808E-01  0.3047014E-02  0.6011664E-03  0.0000000E+00  0.0000000E+00  0.0000000E+00
  0.50000  0.06724  0.42449  0.42750  0.3182178E-01  0.3426268E-02  0.1976690E-04  0.3768316E-03  0.3120255E-01  0.3049437E-02  0.5994662E-03  0.0000000E+00  0.0000000E+00  0.0000000E+00
  0.50000  0.06716  0.42460  0.42760  0.3181431E-01  0.3427177E-02  0.1954204E-04  0.3753039E-03  0.3119700E-01  0.3051873E-02  0.5977673E-03  0.0000000E+00  0.0000000E+00  0.0000000E+00
  0.50000  0.06707  0.42470  0.42770  0.3180681E-01  0.3428102E-02  0.1931863E-04  0.3737771E-03  0.3119142E-01  0.3054325E-02  0.5960696E-03  0.0000000E+00  0.0000000E+00  0.0000000E+00
  0.50000  0.06699  0.42480  0.42780  0.3179929E-01  0.3429042E-02  0.1909666E-04  0.3722512E-03  0.3118582E-01  0.3056791E-02  0.5943732E-03  0.0000000E+00  0.0000000E+00  0.0000000E+00
  0.50000  0.06690  0.42491  0.42790  0.3179174E-01  0.3429998E-02  0.1887612E-04  0.3707260E-03  0.3118018E-01  0.3059272E-02  0.5926782E-03  0.0000000E+00  0.0000000E+00  0.0000000E+00
  0.50000  0.06682  0.42501  0.42800  0.3178417E-01  0.3430968E-02  0.1865701E-04  0.3692017E-03  0.3117453E-01  0.3061767E-02  0.5909844E-03  0.0000000E+00  0.0000000E+00  0.0000000E+00
  0.50000  0.06673  0.42512  0.42810  0.3177657E-01  0.3431955E-02  0.1843933E-04  0.3676783E-03  0.3116884E-01  0.3064277E-02  0.5892919E-03  0.0000000E+00  0.0000000E+00  0.0000000E+00
  0.50000  0.06664  0.42522  0.42820  0.3176896E-01  0.3432957E-02  0.1822307E-04  0.3661557E-03  0.3116313E-01  0.3066801E-02  0.5876007E-03  0.0000000E+00  0.0000000E+00  0.0000000E+00
  0.50000  0.06656  0.42532  0.42830  0.3176132E-01  0.3433974E-02  0.1800824E-04  0.3646340E-03  0.3115740E-01  0.3069340E-02  0.5859108E-03  0.0000000E+00  0.0000000E+00  0.0000000E+00
  0.50000  0.06647  0.42543  0.42840  0.3175365E-01  0.3435007E-02  0.1779483E-04  0.3631131E-03  0.3115163E-01  0.3071894E-02  0.5842223E-03  0.0000000E+00  0.0000000E+00  0.0000000E+00
  0.50000  0.06639  0.42553  0.42850  0.3174596E-01  0.3436056E-02  0.1758283E-04  0.3615932E-03  0.3114585E-01  0.3074463E-02  0.5825350E-03  0.0000000E+00  0.0000000E+00  0.0000000E+00
  0.50000  0.06630  0.42563  0.42860  0.3173825E-01  0.3437120E-02  0.1737225E-04  0.3600740E-03  0.3114003E-01  0.3077046E-02  0.5808491E-03  0.0000000E+00  0.0000000E+00  0.0000000E+00
  0.50000  0.06622  0.42574  0.42870  0.3173052E-01  0.3438200E-02  0.1716307E-04  0.3585558E-03  0.3113419E-01  0.3079644E-02  0.5791646E-03  0.0000000E+00  0.0000000E+00  0.0000000E+00
  0.50000  0.06613  0.42584  0.42880  0.3172277E-01  0.3439296E-02  0.1695531E-04  0.3570385E-03  0.3112833E-01  0.3082258E-02  0.5774814E-03  0.0000000E+00  0.0000000E+00  0.0000000E+00
  0.50000  0.06604  0.42595  0.42890  0.3171499E-01  0.3440408E-02  0.1674895E-04  0.3555221E-03  0.3112244E-01  0.3084886E-02  0.5757996E-03  0.0000000E+00  0.0000000E+00  0.0000000E+00
  0.50000  0.06596  0.42605  0.42900  0.3170719E-01  0.3441536E-02  0.1654399E-04  0.3540065E-03  0.3111652E-01  0.3087529E-02  0.5741191E-03  0.0000000E+00  0.0000000E+00  0.0000000E+00
  0.50000  0.06587  0.42615  0.42910  0.3169936E-01  0.3442679E-02  0.1634042E-04  0.3524919E-03  0.3111058E-01  0.3090187E-02  0.5724399E-03  0.0000000E+00  0.0000000E+00  0.0000000E+00
  0.50000  0.06579  0.42626  0.42920  0.3169132E-01  0.3446130E-02  0.1613826E-04  0.3509782E-03  0.3110442E-01  0.3095151E-02  0.5707622E-03  0.0000000E+00  0.0000000E+00  0.0000000E+00
  0.50000  0.06570  0.42636  0.42930  0.3168348E-01  0.3447226E-02  0.1593748E-04  0.3494654E-03  0.3109845E-01  0.3097761E-02  0.5690858E-03  0.0000000E+00  0.0000000E+00  0.0000000E+00
  0.50000  0.06562  0.42646  0.42940  0.3167561E-01  0.3448346E-02  0.1573810E-04  0.3479535E-03  0.3109246E-01  0.3100393E-02  0.5674109E-03  0.0000000E+00  0.0000000E+00  0.0000000E+00
  0.50000  0.06553  0.42657  0.42950  0.3166772E-01  0.3449489E-02  0.1554010E-04  0.3464426E-03  0.3108644E-01  0.3103046E-02  0.5657373E-03  0.0000000E+00  0.0000000E+00  0.0000000E+00
  0.50000  0.06544  0.42667  0.42960  0.3165981E-01  0.3450653E-02  0.1534348E-04  0.3449326E-03  0.3108040E-01  0.3105720E-02  0.5640651E-03  0.0000000E+00  0.0000000E+00  0.0000000E+00
  0.50000  0.06536  0.42678  0.42970  0.3165187E-01  0.3451838E-02  0.1514824E-04  0.3434235E-03  0.3107433E-01  0.3108415E-02  0.5623943E-03  0.0000000E+00  0.0000000E+00  0.0000000E+00
  0.50000  0.06527  0.42688  0.42980  0.3164391E-01  0.3453044E-02  0.1495438E-04  0.3419154E-03  0.3106823E-01  0.3111129E-02  0.5607249E-03  0.0000000E+00  0.0000000E+00  0.0000000E+00
  0.50000  0.06519  0.42698  0.42990  0.3163593E-01  0.3454271E-02  0.1476189E-04  0.3404083E-03  0.3106211E-01  0.3113862E-02  0.5590570E-03  0.0000000E+00  0.0000000E+00  0.0000000E+00
  0.50000  0.06510  0.42709  0.43000  0.3162793E-01  0.3455517E-02  0.1457078E-04  0.3389021E-03  0.3105596E-01  0.3116615E-02  0.5573905E-03  0.0000000E+00  0.0000000E+00  0.0000000E+00
  0.50000  0.06501  0.42719  0.43010  0.3161990E-01  0.3456783E-02  0.1438103E-04  0.3373969E-03  0.3104979E-01  0.3119386E-02  0.5557254E-03  0.0000000E+00  0.0000000E+00  0.0000000E+00
  0.50000  0.06493  0.42730  0.43020  0.3161185E-01  0.3458069E-02  0.1419264E-04  0.3358927E-03  0.3104359E-01  0.3122176E-02  0.5540617E-03  0.0000000E+00  0.0000000E+00  0.0000000E+00
  0.50000  0.06484  0.42740  0.43030  0.3160378E-01  0.3459374E-02  0.1400561E-04  0.3343895E-03  0.3103737E-01  0.3124985E-02  0.5523995E-03  0.0000000E+00  0.0000000E+00  0.0000000E+00
  0.50000  0.06476  0.42750  0.43040  0.3159568E-01  0.3460699E-02  0.1381995E-04  0.3328872E-03  0.3103112E-01  0.3127812E-02  0.5507388E-03  0.0000000E+00  0.0000000E+00  0.0000000E+00
  0.50000  0.06467  0.42761  0.43050  0.3158756E-01  0.3462043E-02  0.1363563E-04  0.3313860E-03  0.3102485E-01  0.3130657E-02  0.5490795E-03  0.0000000E+00  0.0000000E+00  0.0000000E+00
  0.50000  0.06458  0.42771  0.43060  0.3157943E-01  0.3463405E-02  0.1345267E-04  0.3298857E-03  0.3101855E-01  0.3133520E-02  0.5474216E-03  0.0000000E+00  0.0000000E+00  0.0000000E+00
  0.50000  0.06450  0.42781  0.43070  0.3157127E-01  0.3464787E-02  0.1327106E-04  0.3283865E-03  0.3101223E-01  0.3136401E-02  0.5457653E-03  0.0000000E+00  0.0000000E+00  0.0000000E+00
  0.50000  0.06441  0.42792  0.43080  0.3156309E-01  0.3466189E-02  0.1309079E-04  0.3268883E-03  0.3100588E-01  0.3139300E-02  0.5441104E-03  0.0000000E+00  0.0000000E+00  0.0000000E+00
  0.50000  0.06433  0.42802  0.43090  0.3155488E-01  0.3467609E-02  0.1291186E-04  0.3253911E-03  0.3099951E-01  0.3142218E-02  0.5424570E-03  0.0000000E+00  0.0000000E+00  0.0000000E+00
  0.50000  0.06424  0.42813  0.43100  0.3154666E-01  0.3469048E-02  0.1273427E-04  0.3238950E-03  0.3099312E-01  0.3145153E-02  0.5408051E-03  0.0000000E+00  0.0000000E+00  0.0000000E+00
  0.50000  0.06415  0.42823  0.43110  0.3153841E-01  0.3470506E-02  0.1255802E-04  0.3223998E-03  0.3098670E-01  0.3148106E-02  0.5391547E-03  0.0000000E+00  0.0000000E+00  0.0000000E+00
  0.50000  0.06407  0.42833  0.43120  0.3153015E-01  0.3471984E-02  0.1238310E-04  0.3209058E-03  0.3098026E-01  0.3151078E-02  0.5375058E-03  0.0000000E+00  0.0000000E+00  0.0000000E+00
  0.50000  0.06398  0.42844  0.43130  0.3152186E-01  0.3473480E-02  0.1220951E-04  0.3194128E-03  0.3097379E-01  0.3154067E-02  0.5358584E-03  0.0000000E+00  0.0000000E+00  0.0000000E+00
  0.50000  0.06389  0.42854  0.43140  0.3151355E-01  0.3474996E-02  0.1203724E-04  0.3179209E-03  0.3096730E-01  0.3157075E-02  0.5342125E-03  0.0000000E+00  0.0000000E+00  0.0000000E+00
  0.50000  0.06381  0.42865  0.43150  0.3150523E-01  0.3476531E-02  0.1186629E-04  0.3164300E-03  0.3096079E-01  0.3160101E-02  0.5325682E-03  0.0000000E+00  0.0000000E+00  0.0000000E+00
  0.50000  0.06372  0.42875  0.43160  0.3149688E-01  0.3478085E-02  0.1169666E-04  0.3149402E-03  0.3095425E-01  0.3163145E-02  0.5309254E-03  0.0000000E+00  0.0000000E+00  0.0000000E+00
  0.50000  0.06364  0.42885  0.43170  0.3148851E-01  0.3479659E-02  0.1152835E-04  0.3134515E-03  0.3094769E-01  0.3166208E-02  0.5292841E-03  0.0000000E+00  0.0000000E+00  0.0000000E+00
  0.50000  0.06355  0.42896  0.43180  0.3148012E-01  0.3481252E-02  0.1136135E-04  0.3119639E-03  0.3094111E-01  0.3169289E-02  0.5276444E-03  0.0000000E+00  0.0000000E+00  0.0000000E+00
  0.50000  0.06346  0.42906  0.43190  0.3147171E-01  0.3482865E-02  0.1119566E-04  0.3104774E-03  0.3093450E-01  0.3172388E-02  0.5260062E-03  0.0000000E+00  0.0000000E+00  0.0000000E+00
  0.50000  0.06338  0.42917  0.43200  0.3146328E-01  0.3484498E-02  0.1103127E-04  0.3089920E-03  0.3092788E-01  0.3175506E-02  0.5243695E-03  0.0000000E+00  0.0000000E+00  0.0000000E+00
  0.50000  0.06329  0.42927  0.43210  0.3145483E-01  0.3486150E-02  0.1086819E-04  0.3075077E-03  0.3092122E-01  0.3178642E-02  0.5227345E-03  0.0000000E+00  0.0000000E+00  0.0000000E+00
  0.50000  0.06320  0.42937  0.43220  0.3144636E-01  0.3487822E-02  0.1070640E-04  0.3060246E-03  0.3091455E-01  0.3181797E-02  0.5211010E-03  0.0000000E+00  0.0000000E+00  0.0000000E+00
  0.50000  0.06312  0.42948  0.43230  0.3143787E-01  0.3489514E-02  0.1054591E-04  0.3045426E-03  0.3090785E-01  0.3184971E-02  0.5194690E-03  0.0000000E+00  0.0000000E+00  0.0000000E+00
  0.50000  0.06303  0.42958  0.43240  0.3142936E-01  0.3491226E-02  0.1038671E-04  0.3030617E-03  0.3090113E-01  0.3188164E-02  0.5178387E-03  0.0000000E+00  0.0000000E+00  0.0000000E+00
  0.50000  0.06294  0.42968  0.43250  0.3142083E-01  0.3492958E-02  0.1022880E-04  0.3015820E-03  0.3089439E-01  0.3191376E-02  0.5162099E-03  0.0000000E+00  0.0000000E+00  0.0000000E+00
  0.50000  0.06286  0.42979  0.43260  0.3141228E-01  0.3494710E-02  0.1007217E-04  0.3001034E-03  0.3088762E-01  0.3194606E-02  0.5145828E-03  0.0000000E+00  0.0000000E+00  0.0000000E+00
  0.50000  0.06277  0.42989  0.43270  0.3140371E-01  0.3496482E-02  0.9916829E-05  0.2986260E-03  0.3088083E-01  0.3197856E-02  0.5129572E-03  0.0000000E+00  0.0000000E+00  0.0000000E+00
  0.50000  0.06268  0.43000  0.43280  0.3139512E-01  0.3498275E-02  0.9762762E-05  0.2971498E-03  0.3087402E-01  0.3201126E-02  0.5113333E-03  0.0000000E+00  0.0000000E+00  0.0000000E+00
  0.50000  0.06260  0.43010  0.43290  0.3138642E-01  0.3501842E-02  0.9609970E-05  0.2956748E-03  0.3086710E-01  0.3206168E-02  0.5097110E-03  0.0000000E+00  0.0000000E+00  0.0000000E+00
  0.50000  0.06251  0.43020  0.43300  0.3137781E-01  0.3503619E-02  0.9458449E-05  0.2942009E-03  0.3086026E-01  0.3209419E-02  0.5080903E-03  0.0000000E+00  0.0000000E+00  0.0000000E+00
  0.50000  0.06242  0.43031  0.43310  0.3136918E-01  0.3505422E-02  0.9308195E-05  0.2927283E-03  0.3085340E-01  0.3212694E-02  0.5064712E-03  0.0000000E+00  0.0000000E+00  0.0000000E+00
  0.50000  0.06234  0.43041  0.43320  0.3136054E-01  0.3507250E-02  0.9159205E-05  0.2912569E-03  0.3084652E-01  0.3215993E-02  0.5048537E-03  0.0000000E+00  0.0000000E+00  0.0000000E+00
  0.50000  0.06225  0.43052  0.43330  0.3135187E-01  0.3509103E-02  0.9011475E-05  0.2897867E-03  0.3083962E-01  0.3219316E-02  0.5032379E-03  0.0000000E+00  0.0000000E+00  0.0000000E+00
  0.50000  0.06216  0.43062  0.43340  0.3134318E-01  0.3510980E-02  0.8865003E-05  0.2883177E-03  0.3083269E-01  0.3222662E-02  0.5016238E-03  0.0000000E+00  0.0000000E+00  0.0000000E+00
  0.50000  0.06208  0.43072  0.43350  0.3133447E-01  0.3512882E-02  0.8719784E-05  0.2868499E-03  0.3082574E-01  0.3226032E-02  0.5000113E-03  0.0000000E+00  0.0000000E+00  0.0000000E+00
  0.50000  0.06199  0.43083  0.43360  0.3132574E-01  0.3514807E-02  0.8575815E-05  0.2853834E-03  0.3081877E-01  0.3229423E-02  0.4984004E-03  0.0000000E+00  0.0000000E+00  0.0000000E+00
  0.50000  0.06190  0.43093  0.43370  0.3131700E-01  0.3516756E-02  0.8433092E-05  0.2839182E-03  0.3081177E-01  0.3232838E-02  0.4967912E-03  0.0000000E+00  0.0000000E+00  0.0000000E+00
  0.50000  0.06182  0.43103  0.43380  0.3130823E-01  0.3518729E-02  0.8291612E-05  0.2824542E-03  0.3080476E-01  0.3236275E-02  0.4951837E-03  0.0000000E+00  0.0000000E+00  0.0000000E+00
  0.50000  0.06173  0.43114  0.43390  0.3129945E-01  0.3520726E-02  0.8151371E-05  0.2809915E-03  0.3079772E-01  0.3239734E-02  0.4935779E-03  0.0000000E+00  0.0000000E+00  0.0000000E+00
  0.50000  0.06164  0.43124  0.43400  0.3129064E-01  0.3522746E-02  0.8012366E-05  0.2795301E-03  0.3079066E-01  0.3243216E-02  0.4919738E-03  0.0000000E+00  0.0000000E+00  0.0000000E+00
  0.50000  0.06156  0.43135  0.43410  0.3128182E-01  0.3524791E-02  0.7874593E-05  0.2780700E-03  0.3078358E-01  0.3246721E-02  0.4903713E-03  0.0000000E+00  0.0000000E+00  0.0000000E+00
  0.50000  0.06147  0.43145  0.43420  0.3127298E-01  0.3526858E-02  0.7738047E-05  0.2766112E-03  0.3077647E-01  0.3250247E-02  0.4887706E-03  0.0000000E+00  0.0000000E+00  0.0000000E+00
  0.50000  0.06138  0.43155  0.43430  0.3126412E-01  0.3528950E-02  0.7602727E-05  0.2751537E-03  0.3076935E-01  0.3253796E-02  0.4871716E-03  0.0000000E+00  0.0000000E+00  0.0000000E+00
  0.50000  0.06130  0.43166  0.43440  0.3125525E-01  0.3531065E-02  0.7468628E-05  0.2736975E-03  0.3076220E-01  0.3257368E-02  0.4855742E-03  0.0000000E+00  0.0000000E+00  0.0000000E+00
  0.50000  0.06121  0.43176  0.43450  0.3124635E-01  0.3533204E-02  0.7335746E-05  0.2722427E-03  0.3075504E-01  0.3260961E-02  0.4839786E-03  0.0000000E+00  0.0000000E+00  0.0000000E+00
  0.50000  0.06112  0.43187  0.43460  0.3123744E-01  0.3535367E-02  0.7204077E-05  0.2707892E-03  0.3074785E-01  0.3264578E-02  0.4823848E-03  0.0000000E+00  0.0000000E+00  0.0000000E+00
  0.50000  0.06104  0.43197  0.43470  0.3122850E-01  0.3537554E-02  0.7073619E-05  0.2693370E-03  0.3074064E-01  0.3268217E-02  0.4807926E-03  0.0000000E+00  0.0000000E+00  0.0000000E+00
  0.50000  0.06095  0.43207  0.43480  0.3121955E-01  0.3539764E-02  0.6944367E-05  0.2678863E-03  0.3073341E-01  0.3271878E-02  0.4792022E-03  0.0000000E+00  0.0000000E+00  0.0000000E+00
  0.50000  0.06086  0.43218  0.43490  0.3121059E-01  0.3541999E-02  0.6816317E-05  0.2664369E-03  0.3072616E-01  0.3275562E-02  0.4776135E-03  0.0000000E+00  0.0000000E+00  0.0000000E+00
  0.50000  0.06077  0.43228  0.43500  0.3120160E-01  0.3544258E-02  0.6689467E-05  0.2649888E-03  0.3071889E-01  0.3279270E-02  0.4760266E-03  0.0000000E+00  0.0000000E+00  0.0000000E+00
  0.50000  0.06069  0.43239  0.43510  0.3119260E-01  0.3546542E-02  0.6563811E-05  0.2635422E-03  0.3071160E-01  0.3283000E-02  0.4744415E-03  0.0000000E+00  0.0000000E+00  0.0000000E+00
  0.50000  0.06060  0.43249  0.43520  0.3118358E-01  0.3548850E-02  0.6439347E-05  0.2620970E-03  0.3070428E-01  0.3286753E-02  0.4728581E-03  0.0000000E+00  0.0000000E+00  0.0000000E+00
  0.50000  0.06051  0.43259  0.43530  0.3117454E-01  0.3551182E-02  0.6316070E-05  0.2606532E-03  0.3069695E-01  0.3290529E-02  0.4712764E-03  0.0000000E+00  0.0000000E+00  0.0000000E+00
  0.50000  0.06043  0.43270  0.43540  0.3116549E-01  0.3553539E-02  0.6193978E-05  0.2592108E-03  0.3068960E-01  0.3294328E-02  0.4696966E-03  0.0000000E+00  0.0000000E+00  0.0000000E+00
  0.50000  0.06034  0.43280  0.43550  0.3115642E-01  0.3555921E-02  0.6073065E-05  0.2577699E-03  0.3068223E-01  0.3298151E-02  0.4681185E-03  0.0000000E+00  0.0000000E+00  0.0000000E+00
  0.50000  0.06025  0.43290  0.43560  0.3114733E-01  0.3558328E-02  0.5953328E-05  0.2563304E-03  0.3067483E-01  0.3301997E-02  0.4665423E-03  0.0000000E+00  0.0000000E+00  0.0000000E+00
  0.50000  0.06017  0.43301  0.43570  0.3113822E-01  0.3560759E-02  0.5834764E-05  0.2548923E-03  0.3066742E-01  0.3305867E-02  0.4649678E-03  0.0000000E+00  0.0000000E+00  0.0000000E+00
  0.50000  0.06008  0.43311  0.43580  0.3112910E-01  0.3563216E-02  0.5717368E-05  0.2534558E-03  0.3065999E-01  0.3309761E-02  0.4633951E-03  0.0000000E+00  0.0000000E+00  0.0000000E+00
  0.50000  0.05999  0.43322  0.43590  0.3111996E-01  0.3565699E-02  0.5601137E-05  0.2520207E-03  0.3065254E-01  0.3313678E-02  0.4618243E-03  0.0000000E+00  0.0000000E+00  0.0000000E+00
  0.50000  0.05990  0.43332  0.43600  0.3111081E-01  0.3568207E-02  0.5486066E-05  0.2505871E-03  0.3064507E-01  0.3317619E-02  0.4602552E-03  0.0000000E+00  0.0000000E+00  0.0000000E+00
  0.50000  0.05982  0.43342  0.43610  0.3110163E-01  0.3570740E-02  0.5372153E-05  0.2491550E-03  0.3063757E-01  0.3321585E-02  0.4586880E-03  0.0000000E+00  0.0000000E+00  0.0000000E+00
  0.50000  0.05973  0.43353  0.43620  0.3109245E-01  0.3573299E-02  0.5259392E-05  0.2477245E-03  0.3063006E-01  0.3325575E-02  0.4571226E-03  0.0000000E+00  0.0000000E+00  0.0000000E+00
  0.50000  0.05964  0.43363  0.43630  0.3108324E-01  0.3575885E-02  0.5147781E-05  0.2462954E-03  0.3062253E-01  0.3329589E-02  0.4555590E-03  0.0000000E+00  0.0000000E+00  0.0000000E+00
  0.50000  0.05956  0.43374  0.43640  0.3107402E-01  0.3578496E-02  0.5037315E-05  0.2448680E-03  0.3061499E-01  0.3333628E-02  0.4539973E-03  0.0000000E+00  0.0000000E+00  0.0000000E+00
  0.50000  0.05947  0.43384  0.43650  0.3106475E-01  0.3582505E-02  0.4927990E-05  0.2434420E-03  0.3060738E-01  0.3339063E-02  0.4524374E-03  0.0000000E+00  0.0000000E+00  0.0000000E+00
  0.50000  0.05938  0.43394  0.43660  0.3105551E-01  0.3585125E-02  0.4819803E-05  0.2420176E-03  0.3059981E-01  0.3343107E-02  0.4508794E-03  0.0000000E+00  0.0000000E+00  0.0000000E+00
  0.50000  0.05929  0.43405  0.43670  0.3104626E-01  0.3587775E-02  0.4712749E-05  0.2405948E-03  0.3059222E-01  0.3347180E-02  0.4493232E-03  0.0000000E+00  0.0000000E+00  0.0000000E+00
  0.50000  0.05921  0.43415  0.43680  0.3103698E-01  0.3590455E-02  0.4606824E-05  0.2391736E-03  0.3058461E-01  0.3351281E-02  0.4477690E-03  0.0000000E+00  0.0000000E+00  0.0000000E+00
  0.50000  0.05912  0.43426  0.43690  0.3102770E-01  0.3593165E-02  0.4502024E-05  0.2377540E-03  0.3057698E-01  0.3355411E-02  0.4462165E-03  0.0000000E+00  0.0000000E+00  0.0000000E+00
  0.50000  0.05903  0.43436  0.43700  0.3101839E-01  0.3595905E-02  0.4398346E-05  0.2363360E-03  0.3056933E-01  0.3359569E-02  0.4446660E-03  0.0000000E+00  0.0000000E+00  0.0000000E+00
  0.50000  0.05894  0.43446  0.43710  0.3100907E-01  0.3598674E-02  0.4295785E-05  0.2349196E-03  0.3056166E-01  0.3363755E-02  0.4431173E-03  0.0000000E+00  0.0000000E+00  0.0000000E+00
  0.50000  0.05886  0.43457  0.43720  0.3099973E-01  0.3601473E-02  0.4194338E-05  0.2335049E-03  0.3055397E-01  0.3367968E-02  0.4415706E-03  0.0000000E+00  0.0000000E+00  0.0000000E+00
  0.50000  0.05877  0.43467  0.43730  0.3099038E-01  0.3604301E-02  0.4094000E-05  0.2320918E-03  0.3054626E-01  0.3372209E-02  0.4400257E-03  0.0000000E+00  0.0000000E+00  0.0000000E+00
  0.50000  0.05868  0.43478  0.43740  0.3098101E-01  0.3607159E-02  0.3994767E-05  0.2306804E-03  0.3053853E-01  0.3376479E-02  0.4384828E-03  0.0000000E+00  0.0000000E+00  0.0000000E+00
  0.50000  0.05859  0.43488  0.43750  0.3097162E-01  0.3610046E-02  0.3896635E-05  0.2292707E-03  0.3053079E-01  0.3380775E-02  0.4369417E-03  0.0000000E+00  0.0000000E+00  0.0000000E+00
  0.50000  0.05851  0.43498  0.43760  0.3096222E-01  0.3612963E-02  0.3799600E-05  0.2278626E-03  0.3052302E-01  0.3385100E-02  0.4354026E-03  0.0000000E+00  0.0000000E+00  0.0000000E+00
  0.50000  0.05842  0.43509  0.43770  0.3095281E-01  0.3615909E-02  0.3703658E-05  0.2264563E-03  0.3051524E-01  0.3389453E-02  0.4338654E-03  0.0000000E+00  0.0000000E+00  0.0000000E+00
  0.50000  0.05833  0.43519  0.43780  0.3094338E-01  0.3618885E-02  0.3608805E-05  0.2250517E-03  0.3050744E-01  0.3393833E-02  0.4323301E-03  0.0000000E+00  0.0000000E+00  0.0000000E+00
  0.50000  0.05824  0.43529  0.43790  0.3093393E-01  0.3621891E-02  0.3515037E-05  0.2236488E-03  0.3049962E-01  0.3398242E-02  0.4307968E-03  0.0000000E+00  0.0000000E+00  0.0000000E+00
  0.50000  0.05816  0.43540  0.43800  0.3092447E-01  0.3624926E-02  0.3422349E-05  0.2222476E-03  0.3049178E-01  0.3402679E-02  0.4292654E-03  0.0000000E+00  0.0000000E+00  0.0000000E+00
  0.50000  0.05807  0.43550  0.43810  0.3091499E-01  0.3627992E-02  0.3330737E-05  0.2208482E-03  0.3048393E-01  0.3407144E-02  0.4277359E-03  0.0000000E+00  0.0000000E+00  0.0000000E+00
  0.50000  0.05798  0.43561  0.43820  0.3090550E-01  0.3631087E-02  0.3240197E-05  0.2194506E-03  0.3047605E-01  0.3411637E-02  0.4262085E-03  0.0000000E+00  0.0000000E+00  0.0000000E+00
  0.50000  0.05789  0.43571  0.43830  0.3089600E-01  0.3634213E-02  0.3150726E-05  0.2180548E-03  0.3046816E-01  0.3416159E-02  0.4246829E-03  0.0000000E+00  0.0000000E+00  0.0000000E+00
  0.50000  0.05781  0.43581  0.43840  0.3088648E-01  0.3637370E-02  0.3062318E-05  0.2166607E-03  0.3046026E-01  0.3420709E-02  0.4231594E-03  0.0000000E+00  0.0000000E+00  0.0000000E+00
  0.50000  0.05772  0.43592  0.43850  0.3087694E-01  0.3640557E-02  0.2974969E-05  0.2152685E-03  0.3045233E-01  0.3425288E-02  0.4216378E-03  0.0000000E+00  0.0000000E+00  0.0000000E+00
  0.50000  0.05763  0.43602  0.43860  0.3086740E-01  0.3643774E-02  0.2888676E-05  0.2138781E-03  0.3044439E-01  0.3429896E-02  0.4201182E-03  0.0000000E+00  0.0000000E+00  0.0000000E+00
  0.50000  0.05754  0.43613  0.43870  0.3085783E-01  0.3647023E-02  0.2803434E-05  0.2124896E-03  0.3043643E-01  0.3434533E-02  0.4186006E-03  0.0000000E+00  0.0000000E+00  0.0000000E+00
  0.50000  0.05745  0.43623  0.43880  0.3084826E-01  0.3650303E-02  0.2719238E-05  0.2111029E-03  0.3042845E-01  0.3439200E-02  0.4170850E-03  0.0000000E+00  0.0000000E+00  0.0000000E+00
  0.50000  0.05737  0.43633  0.43890  0.3083867E-01  0.3653614E-02  0.2636085E-05  0.2097181E-03  0.3042046E-01  0.3443896E-02  0.4155713E-03  0.0000000E+00  0.0000000E+00  0.0000000E+00
  0.50000  0.05728  0.43644  0.43900  0.3082906E-01  0.3656956E-02  0.2553970E-05  0.2083352E-03  0.3041245E-01  0.3448621E-02  0.4140597E-03  0.0000000E+00  0.0000000E+00  0.0000000E+00
  0.50000  0.05719  0.43654  0.43910  0.3081944E-01  0.3660330E-02  0.2472888E-05  0.2069541E-03  0.3040442E-01  0.3453376E-02  0.4125501E-03  0.0000000E+00  0.0000000E+00  0.0000000E+00
  0.50000  0.05710  0.43665  0.43920  0.3080981E-01  0.3663736E-02  0.2392836E-05  0.2055750E-03  0.3039637E-01  0.3458161E-02  0.4110425E-03  0.0000000E+00  0.0000000E+00  0.0000000E+00
  0.50000  0.05702  0.43675  0.43930  0.3080016E-01  0.3667174E-02  0.2313809E-05  0.2041979E-03  0.3038831E-01  0.3462976E-02  0.4095370E-03  0.0000000E+00  0.0000000E+00  0.0000000E+00
  0.50000  0.05693  0.43685  0.43940  0.3079050E-01  0.3670644E-02  0.2235803E-05  0.2028226E-03  0.3038024E-01  0.3467821E-02  0.4080335E-03  0.0000000E+00  0.0000000E+00  0.0000000E+00
  0.50000  0.05684  0.43696  0.43950  0.3078083E-01  0.3674146E-02  0.2158813E-05  0.2014494E-03  0.3037214E-01  0.3472697E-02  0.4065320E-03  0.0000000E+00  0.0000000E+00  0.0000000E+00
  0.50000  0.05675  0.43706  0.43960  0.3077115E-01  0.3677681E-02  0.2082834E-05  0.2000781E-03  0.3036403E-01  0.3477603E-02  0.4050325E-03  0.0000000E+00  0.0000000E+00  0.0000000E+00
  0.50000  0.05666  0.43717  0.43970  0.3076145E-01  0.3681249E-02  0.2007863E-05  0.1987088E-03  0.3035590E-01  0.3482540E-02  0.4035352E-03  0.0000000E+00  0.0000000E+00  0.0000000E+00
  0.50000  0.05658  0.43727  0.43980  0.3075173E-01  0.3684850E-02  0.1933896E-05  0.1973416E-03  0.3034776E-01  0.3487509E-02  0.4020398E-03  0.0000000E+00  0.0000000E+00  0.0000000E+00
  0.50000  0.05649  0.43737  0.43990  0.3074201E-01  0.3688484E-02  0.1860926E-05  0.1959763E-03  0.3033960E-01  0.3492508E-02  0.4005465E-03  0.0000000E+00  0.0000000E+00  0.0000000E+00
  0.50000  0.05640  0.43748  0.44000  0.3073227E-01  0.3692152E-02  0.1788951E-05  0.1946132E-03  0.3033143E-01  0.3497539E-02  0.3990553E-03  0.0000000E+00  0.0000000E+00  0.0000000E+00
  0.50000  0.05631  0.43758  0.44010  0.3072253E-01  0.3696910E-02  0.1717966E-05  0.1932520E-03  0.3032325E-01  0.3503658E-02  0.3975662E-03  0.0000000E+00  0.0000000E+00  0.0000000E+00
  0.50000  0.05622  0.43769  0.44020  0.3071278E-01  0.3700612E-02  0.1647965E-05  0.1918930E-03  0.3031505E-01  0.3508719E-02  0.3960792E-03  0.0000000E+00  0.0000000E+00  0.0000000E+00
  0.50000  0.05614  0.43779  0.44030  0.3070301E-01  0.3704350E-02  0.1578945E-05  0.1905360E-03  0.3030684E-01  0.3513814E-02  0.3945942E-03  0.0000000E+00  0.0000000E+00  0.0000000E+00
  0.50000  0.05605  0.43789  0.44040  0.3069323E-01  0.3708126E-02  0.1510901E-05  0.1891812E-03  0.3029861E-01  0.3518945E-02  0.3931114E-03  0.0000000E+00  0.0000000E+00  0.0000000E+00
  0.50000  0.05596  0.43800  0.44050  0.3068344E-01  0.3711938E-02  0.1443828E-05  0.1878285E-03  0.3029037E-01  0.3524109E-02  0.3916306E-03  0.0000000E+00  0.0000000E+00  0.0000000E+00
  0.50000  0.05587  0.43810  0.44060  0.3067364E-01  0.3715787E-02  0.1377722E-05  0.1864779E-03  0.3028211E-01  0.3529309E-02  0.3901519E-03  0.0000000E+00  0.0000000E+00  0.0000000E+00
  0.50000  0.05578  0.43820  0.44070  0.3066382E-01  0.3719673E-02  0.1312579E-05  0.1851295E-03  0.3027383E-01  0.3534543E-02  0.3886754E-03  0.0000000E+00  0.0000000E+00  0.0000000E+00
  0.50000  0.05570  0.43831  0.44080  0.3065399E-01  0.3723595E-02  0.1248393E-05  0.1837833E-03  0.3026554E-01  0.3539812E-02  0.3872010E-03  0.0000000E+00  0.0000000E+00  0.0000000E+00
  0.50000  0.05561  0.43841  0.44090  0.3064414E-01  0.3727555E-02  0.1185160E-05  0.1824393E-03  0.3025723E-01  0.3545115E-02  0.3857287E-03  0.0000000E+00  0.0000000E+00  0.0000000E+00
  0.50000  0.05552  0.43852  0.44100  0.3063429E-01  0.3731551E-02  0.1122876E-05  0.1810975E-03  0.3024891E-01  0.3550453E-02  0.3842585E-03  0.0000000E+00  0.0000000E+00  0.0000000E+00
  0.50000  0.05543  0.43862  0.44110  0.3062442E-01  0.3735584E-02  0.1061535E-05  0.1797580E-03  0.3024057E-01  0.3555826E-02  0.3827905E-03  0.0000000E+00  0.0000000E+00  0.0000000E+00
  0.50000  0.05534  0.43872  0.44120  0.3061454E-01  0.3739655E-02  0.1001133E-05  0.1784207E-03  0.3023222E-01  0.3561234E-02  0.3813246E-03  0.0000000E+00  0.0000000E+00  0.0000000E+00
  0.50000  0.05525  0.43883  0.44130  0.3060465E-01  0.3743763E-02  0.9416659E-06  0.1770856E-03  0.3022385E-01  0.3566678E-02  0.3798609E-03  0.0000000E+00  0.0000000E+00  0.0000000E+00
  0.50000  0.05517  0.43893  0.44140  0.3059475E-01  0.3747909E-02  0.8831281E-06  0.1757529E-03  0.3021547E-01  0.3572156E-02  0.3783993E-03  0.0000000E+00  0.0000000E+00  0.0000000E+00
  0.50000  0.05508  0.43904  0.44150  0.3058484E-01  0.3752092E-02  0.8255152E-06  0.1744225E-03  0.3020707E-01  0.3577670E-02  0.3769399E-03  0.0000000E+00  0.0000000E+00  0.0000000E+00
  0.50000  0.05499  0.43914  0.44160  0.3057491E-01  0.3756314E-02  0.7688224E-06  0.1730944E-03  0.3019866E-01  0.3583219E-02  0.3754826E-03  0.0000000E+00  0.0000000E+00  0.0000000E+00
  0.50000  0.05490  0.43924  0.44170  0.3056497E-01  0.3760573E-02  0.7130450E-06  0.1717686E-03  0.3019023E-01  0.3588804E-02  0.3740275E-03  0.0000000E+00  0.0000000E+00  0.0000000E+00
  0.50000  0.05481  0.43935  0.44180  0.3055502E-01  0.3764871E-02  0.6581782E-06  0.1704452E-03  0.3018179E-01  0.3594426E-02  0.3725746E-03  0.0000000E+00  0.0000000E+00  0.0000000E+00
  0.50000  0.05472  0.43945  0.44190  0.3054507E-01  0.3769207E-02  0.6042172E-06  0.1691243E-03  0.3017334E-01  0.3600083E-02  0.3711239E-03  0.0000000E+00  0.0000000E+00  0.0000000E+00
  0.50000  0.05464  0.43956  0.44200  0.3053509E-01  0.3773583E-02  0.5511571E-06  0.1678057E-03  0.3016487E-01  0.3605777E-02  0.3696754E-03  0.0000000E+00  0.0000000E+00  0.0000000E+00
  0.50000  0.05455  0.43966  0.44210  0.3052511E-01  0.3777997E-02  0.4989930E-06  0.1664895E-03  0.3015638E-01  0.3611507E-02  0.3682291E-03  0.0000000E+00  0.0000000E+00  0.0000000E+00
  0.50000  0.05446  0.43976  0.44220  0.3051512E-01  0.3782450E-02  0.4477203E-06  0.1651758E-03  0.3014789E-01  0.3617274E-02  0.3667850E-03  0.0000000E+00  0.0000000E+00  0.0000000E+00
  0.50000  0.05437  0.43987  0.44230  0.3050512E-01  0.3786943E-02  0.3973338E-06  0.1638646E-03  0.3013938E-01  0.3623079E-02  0.3653431E-03  0.0000000E+00  0.0000000E+00  0.0000000E+00
  0.50000  0.05428  0.43997  0.44240  0.3049510E-01  0.3791476E-02  0.3478289E-06  0.1625558E-03  0.3013085E-01  0.3628920E-02  0.3639034E-03  0.0000000E+00  0.0000000E+00  0.0000000E+00
  0.50000  0.05419  0.44008  0.44250  0.3048508E-01  0.3796049E-02  0.2992005E-06  0.1612496E-03  0.3012231E-01  0.3634799E-02  0.3624659E-03  0.0000000E+00  0.0000000E+00  0.0000000E+00
  0.50000  0.05411  0.44018  0.44260  0.3047504E-01  0.3800661E-02  0.2514437E-06  0.1599459E-03  0.3011376E-01  0.3640716E-02  0.3610307E-03  0.0000000E+00  0.0000000E+00  0.0000000E+00
  0.50000  0.05402  0.44028  0.44270  0.3046500E-01  0.3805315E-02  0.2045535E-06  0.1586447E-03  0.3010520E-01  0.3646670E-02  0.3595977E-03  0.0000000E+00  0.0000000E+00  0.0000000E+00
  0.50000  0.05393  0.44039  0.44280  0.3045494E-01  0.3810009E-02  0.1585250E-06  0.1573461E-03  0.3009662E-01  0.3652663E-02  0.3581670E-03  0.0000000E+00  0.0000000E+00  0.0000000E+00
  0.50000  0.05384  0.44049  0.44290  0.3044488E-01  0.3814744E-02  0.1133532E-06  0.1560501E-03  0.3008803E-01  0.3658694E-02  0.3567385E-03  0.0000000E+00  0.0000000E+00  0.0000000E+00
  0.50000  0.05375  0.44060  0.44300  0.3043480E-01  0.3819521E-02  0.6903310E-07  0.1547568E-03  0.3007942E-01  0.3664764E-02  0.3553122E-03  0.0000000E+00  0.0000000E+00  0.0000000E+00
  0.50000  0.05366  0.44070  0.44310  0.3042472E-01  0.3824339E-02  0.2555963E-07  0.1534660E-03  0.3007080E-01  0.3670873E-02  0.3538882E-03  0.0000000E+00  0.0000000E+00  0.0000000E+00
  0.50000  0.05357  0.44080  0.44320  0.3041464E-01  0.3829159E-02  0.0000000E+00  0.1521381E-03  0.3006217E-01  0.3677021E-02  0.3524665E-03  0.0000000E+00  0.0000000E+00  0.0000000E+00
  0.50000  0.05349  0.44091  0.44330  0.3040458E-01  0.3833963E-02  0.0000000E+00  0.1507550E-03  0.3005353E-01  0.3683208E-02  0.3510471E-03  0.0000000E+00  0.0000000E+00  0.0000000E+00
  0.50000  0.05340  0.44101  0.44340  0.3039450E-01  0.3838812E-02  0.0000000E+00  0.1493762E-03  0.3004487E-01  0.3689436E-02  0.3496299E-03  0.0000000E+00  0.0000000E+00  0.0000000E+00
  0.50000  0.05331  0.44112  0.44350  0.3038442E-01  0.3843704E-02  0.0000000E+00  0.1480017E-03  0.3003620E-01  0.3695703E-02  0.3482150E-03  0.0000000E+00  0.0000000E+00  0.0000000E+00
  0.50000  0.05322  0.44122  0.44360  0.3037432E-01  0.3848642E-02  0.0000000E+00  0.1466316E-03  0.3002752E-01  0.3702010E-02  0.3468024E-03  0.0000000E+00  0.0000000E+00  0.0000000E+00
  0.50000  0.05313  0.44132  0.44370  0.3036422E-01  0.3853624E-02  0.0000000E+00  0.1452659E-03  0.3001883E-01  0.3708358E-02  0.3453921E-03  0.0000000E+00  0.0000000E+00  0.0000000E+00
  0.50000  0.05304  0.44143  0.44380  0.3035411E-01  0.3858651E-02  0.0000000E+00  0.1439046E-03  0.3001012E-01  0.3714747E-02  0.3439841E-03  0.0000000E+00  0.0000000E+00  0.0000000E+00
  0.50000  0.05295  0.44153  0.44390  0.3034398E-01  0.3863724E-02  0.0000000E+00  0.1425477E-03  0.3000140E-01  0.3721176E-02  0.3425784E-03  0.0000000E+00  0.0000000E+00  0.0000000E+00
  0.50000  0.05286  0.44164  0.44400  0.3033385E-01  0.3868843E-02  0.0000000E+00  0.1411952E-03  0.2999267E-01  0.3727647E-02  0.3411750E-03  0.0000000E+00  0.0000000E+00  0.0000000E+00
  0.50000  0.05278  0.44174  0.44410  0.3032370E-01  0.3874007E-02  0.0000000E+00  0.1398472E-03  0.2998393E-01  0.3734160E-02  0.3397739E-03  0.0000000E+00  0.0000000E+00  0.0000000E+00
  0.50000  0.05269  0.44184  0.44420  0.3031355E-01  0.3879218E-02  0.0000000E+00  0.1385037E-03  0.2997518E-01  0.3740715E-02  0.3383752E-03  0.0000000E+00  0.0000000E+00  0.0000000E+00
  0.50000  0.05260  0.44195  0.44430  0.3030339E-01  0.3884476E-02  0.0000000E+00  0.1371647E-03  0.2996641E-01  0.3747311E-02  0.3369788E-03  0.0000000E+00  0.0000000E+00  0.0000000E+00
  0.50000  0.05251  0.44205  0.44440  0.3029322E-01  0.3889780E-02  0.0000000E+00  0.1358302E-03  0.2995763E-01  0.3753950E-02  0.3355847E-03  0.0000000E+00  0.0000000E+00  0.0000000E+00
  0.50000  0.05242  0.44216  0.44450  0.3028304E-01  0.3895132E-02  0.0000000E+00  0.1345002E-03  0.2994884E-01  0.3760632E-02  0.3341930E-03  0.0000000E+00  0.0000000E+00  0.0000000E+00
  0.50000  0.05233  0.44226  0.44460  0.3027285E-01  0.3900532E-02  0.0000000E+00  0.1331748E-03  0.2994004E-01  0.3767357E-02  0.3328036E-03  0.0000000E+00  0.0000000E+00  0.0000000E+00
  0.50000  0.05224  0.44236  0.44470  0.3026265E-01  0.3905979E-02  0.0000000E+00  0.1318540E-03  0.2993123E-01  0.3774125E-02  0.3314166E-03  0.0000000E+00  0.0000000E+00  0.0000000E+00
  0.50000  0.05215  0.44247  0.44480  0.3025244E-01  0.3911475E-02  0.0000000E+00  0.1305378E-03  0.2992241E-01  0.3780937E-02  0.3300320E-03  0.0000000E+00  0.0000000E+00  0.0000000E+00
  0.50000  0.05206  0.44257  0.44490  0.3024222E-01  0.3917019E-02  0.0000000E+00  0.1292262E-03  0.2991357E-01  0.3787792E-02  0.3286497E-03  0.0000000E+00  0.0000000E+00  0.0000000E+00
  0.50000  0.05197  0.44268  0.44500  0.3023199E-01  0.3922612E-02  0.0000000E+00  0.1279193E-03  0.2990472E-01  0.3794692E-02  0.3272698E-03  0.0000000E+00  0.0000000E+00  0.0000000E+00
  0.50000  0.05189  0.44278  0.44510  0.3022176E-01  0.3928254E-02  0.0000000E+00  0.1266170E-03  0.2989587E-01  0.3801637E-02  0.3258922E-03  0.0000000E+00  0.0000000E+00  0.0000000E+00
  0.50000  0.05180  0.44288  0.44520  0.3021152E-01  0.3933945E-02  0.0000000E+00  0.1253194E-03  0.2988700E-01  0.3808626E-02  0.3245171E-03  0.0000000E+00  0.0000000E+00  0.0000000E+00
  0.50000  0.05171  0.44299  0.44530  0.3020126E-01  0.3939687E-02  0.0000000E+00  0.1240265E-03  0.2987812E-01  0.3815660E-02  0.3231443E-03  0.0000000E+00  0.0000000E+00  0.0000000E+00
  0.50000  0.05162  0.44309  0.44540  0.3019101E-01  0.3945478E-02  0.0000000E+00  0.1227384E-03  0.2986923E-01  0.3822740E-02  0.3217740E-03  0.0000000E+00  0.0000000E+00  0.0000000E+00
  0.50000  0.05153  0.44320  0.44550  0.3018074E-01  0.3951320E-02  0.0000000E+00  0.1214550E-03  0.2986033E-01  0.3829865E-02  0.3204060E-03  0.0000000E+00  0.0000000E+00  0.0000000E+00
  0.50000  0.05144  0.44330  0.44560  0.3017046E-01  0.3957213E-02  0.0000000E+00  0.1201764E-03  0.2985142E-01  0.3837037E-02  0.3190405E-03  0.0000000E+00  0.0000000E+00  0.0000000E+00
  0.50000  0.05135  0.44340  0.44570  0.3016018E-01  0.3963157E-02  0.0000000E+00  0.1189026E-03  0.2984250E-01  0.3844255E-02  0.3176773E-03  0.0000000E+00  0.0000000E+00  0.0000000E+00
  0.50000  0.05126  0.44351  0.44580  0.3014989E-01  0.3969153E-02  0.0000000E+00  0.1176336E-03  0.2983357E-01  0.3851519E-02  0.3163166E-03  0.0000000E+00  0.0000000E+00  0.0000000E+00
  0.50000  0.05117  0.44361  0.44590  0.3013959E-01  0.3975200E-02  0.0000000E+00  0.1163694E-03  0.2982463E-01  0.3858831E-02  0.3149583E-03  0.0000000E+00  0.0000000E+00  0.0000000E+00
  0.50000  0.05108  0.44371  0.44600  0.3012928E-01  0.3981300E-02  0.0000000E+00  0.1151101E-03  0.2981568E-01  0.3866190E-02  0.3136025E-03  0.0000000E+00  0.0000000E+00  0.0000000E+00
  0.50000  0.05099  0.44382  0.44610  0.3011896E-01  0.3987452E-02  0.0000000E+00  0.1138557E-03  0.2980671E-01  0.3873597E-02  0.3122490E-03  0.0000000E+00  0.0000000E+00  0.0000000E+00
  0.50000  0.05091  0.44392  0.44620  0.3010864E-01  0.3993657E-02  0.0000000E+00  0.1126062E-03  0.2979774E-01  0.3881051E-02  0.3108981E-03  0.0000000E+00  0.0000000E+00  0.0000000E+00
  0.50000  0.05082  0.44403  0.44630  0.3009831E-01  0.3999916E-02  0.0000000E+00  0.1113616E-03  0.2978876E-01  0.3888554E-02  0.3095495E-03  0.0000000E+00  0.0000000E+00  0.0000000E+00
  0.50000  0.05073  0.44413  0.44640  0.3008797E-01  0.4006228E-02  0.0000000E+00  0.1101220E-03  0.2977977E-01  0.3896106E-02  0.3082035E-03  0.0000000E+00  0.0000000E+00  0.0000000E+00
  0.50000  0.05064  0.44423  0.44650  0.3007763E-01  0.4012594E-02  0.0000000E+00  0.1088874E-03  0.2977077E-01  0.3903706E-02  0.3068598E-03  0.0000000E+00  0.0000000E+00  0.0000000E+00
  0.50000  0.05055  0.44434  0.44660  0.3006728E-01  0.4019014E-02  0.0000000E+00  0.1076578E-03  0.2976176E-01  0.3911357E-02  0.3055187E-03  0.0000000E+00  0.0000000E+00  0.0000000E+00
  0.50000  0.05046  0.44444  0.44670  0.3005692E-01  0.4025489E-02  0.0000000E+00  0.1064332E-03  0.2975274E-01  0.3919056E-02  0.3041800E-03  0.0000000E+00  0.0000000E+00  0.0000000E+00
  0.50000  0.05037  0.44455  0.44680  0.3004656E-01  0.4032020E-02  0.0000000E+00  0.1052137E-03  0.2974371E-01  0.3926806E-02  0.3028438E-03  0.0000000E+00  0.0000000E+00  0.0000000E+00
  0.50000  0.05028  0.44465  0.44690  0.3003619E-01  0.4038605E-02  0.0000000E+00  0.1039992E-03  0.2973468E-01  0.3934606E-02  0.3015101E-03  0.0000000E+00  0.0000000E+00  0.0000000E+00
  0.50000  0.05019  0.44475  0.44700  0.3002581E-01  0.4045247E-02  0.0000000E+00  0.1027899E-03  0.2972563E-01  0.3942457E-02  0.3001789E-03  0.0000000E+00  0.0000000E+00  0.0000000E+00
  0.50000  0.05010  0.44486  0.44710  0.3001543E-01  0.4051945E-02  0.0000000E+00  0.1015857E-03  0.2971658E-01  0.3950359E-02  0.2988501E-03  0.0000000E+00  0.0000000E+00  0.0000000E+00
  0.50000  0.05001  0.44496  0.44720  0.3000503E-01  0.4058699E-02  0.0000000E+00  0.1003866E-03  0.2970751E-01  0.3958313E-02  0.2975239E-03  0.0000000E+00  0.0000000E+00  0.0000000E+00
  0.50000  0.04992  0.44507  0.44730  0.2999464E-01  0.4065510E-02  0.0000000E+00  0.9919271E-04  0.2969844E-01  0.3966318E-02  0.2962002E-03  0.0000000E+00  0.0000000E+00  0.0000000E+00
  0.50000  0.04983  0.44517  0.44740  0.2998424E-01  0.4072379E-02  0.0000000E+00  0.9800403E-04  0.2968936E-01  0.3974375E-02  0.2948790E-03  0.0000000E+00  0.0000000E+00  0.0000000E+00
  0.50000  0.04974  0.44527  0.44750  0.2997383E-01  0.4079306E-02  0.0000000E+00  0.9682058E-04  0.2968027E-01  0.3982485E-02  0.2935603E-03  0.0000000E+00  0.0000000E+00  0.0000000E+00
  0.50000  0.04965  0.44538  0.44760  0.2996341E-01  0.4086290E-02  0.0000000E+00  0.9564239E-04  0.2967117E-01  0.3990648E-02  0.2922441E-03  0.0000000E+00  0.0000000E+00  0.0000000E+00
  0.50000  0.04956  0.44548  0.44770  0.2995299E-01  0.4093334E-02  0.0000000E+00  0.9446949E-04  0.2966206E-01  0.3998864E-02  0.2909305E-03  0.0000000E+00  0.0000000E+00  0.0000000E+00
  0.50000  0.04948  0.44559  0.44780  0.2994256E-01  0.4100436E-02  0.0000000E+00  0.9330189E-04  0.2965295E-01  0.4007134E-02  0.2896194E-03  0.0000000E+00  0.0000000E+00  0.0000000E+00
  0.50000  0.04939  0.44569  0.44790  0.2993213E-01  0.4107597E-02  0.0000000E+00  0.9213964E-04  0.2964382E-01  0.4015458E-02  0.2883108E-03  0.0000000E+00  0.0000000E+00  0.0000000E+00
  0.50000  0.04930  0.44579  0.44800  0.2992170E-01  0.4114818E-02  0.0000000E+00  0.9098274E-04  0.2963469E-01  0.4023836E-02  0.2870048E-03  0.0000000E+00  0.0000000E+00  0.0000000E+00
  0.50000  0.04921  0.44590  0.44810  0.2991125E-01  0.4122100E-02  0.0000000E+00  0.8983124E-04  0.2962555E-01  0.4032269E-02  0.2857013E-03  0.0000000E+00  0.0000000E+00  0.0000000E+00
  0.50000  0.04912  0.44600  0.44820  0.2990081E-01  0.4129442E-02  0.0000000E+00  0.8868516E-04  0.2961640E-01  0.4040757E-02  0.2844004E-03  0.0000000E+00  0.0000000E+00  0.0000000E+00
  0.50000  0.04903  0.44611  0.44830  0.2989035E-01  0.4136845E-02  0.0000000E+00  0.8754452E-04  0.2960725E-01  0.4049300E-02  0.2831020E-03  0.0000000E+00  0.0000000E+00  0.0000000E+00
  0.50000  0.04894  0.44621  0.44840  0.2987989E-01  0.4144309E-02  0.0000000E+00  0.8640936E-04  0.2959809E-01  0.4057900E-02  0.2818062E-03  0.0000000E+00  0.0000000E+00  0.0000000E+00
  0.50000  0.04885  0.44631  0.44850  0.2986943E-01  0.4151835E-02  0.0000000E+00  0.8527970E-04  0.2958892E-01  0.4066555E-02  0.2805130E-03  0.0000000E+00  0.0000000E+00  0.0000000E+00
  0.50000  0.04876  0.44642  0.44860  0.2985896E-01  0.4159423E-02  0.0000000E+00  0.8415557E-04  0.2957974E-01  0.4075268E-02  0.2792224E-03  0.0000000E+00  0.0000000E+00  0.0000000E+00
  0.50000  0.04867  0.44652  0.44870  0.2984849E-01  0.4167074E-02  0.0000000E+00  0.8303701E-04  0.2957056E-01  0.4084037E-02  0.2779344E-03  0.0000000E+00  0.0000000E+00  0.0000000E+00
  0.50000  0.04858  0.44663  0.44880  0.2983801E-01  0.4174789E-02  0.0000000E+00  0.8192403E-04  0.2956136E-01  0.4092865E-02  0.2766489E-03  0.0000000E+00  0.0000000E+00  0.0000000E+00
  0.50000  0.04849  0.44673  0.44890  0.2982753E-01  0.4182566E-02  0.0000000E+00  0.8081667E-04  0.2955217E-01  0.4101749E-02  0.2753660E-03  0.0000000E+00  0.0000000E+00  0.0000000E+00
  0.50000  0.04840  0.44684  0.44900  0.2981705E-01  0.4190408E-02  0.0000000E+00  0.7971495E-04  0.2954296E-01  0.4110693E-02  0.2740858E-03  0.0000000E+00  0.0000000E+00  0.0000000E+00
  0.50000  0.04831  0.44694  0.44910  0.2980656E-01  0.4198314E-02  0.0000000E+00  0.7861891E-04  0.2953375E-01  0.4119695E-02  0.2728081E-03  0.0000000E+00  0.0000000E+00  0.0000000E+00
  0.50000  0.04822  0.44704  0.44920  0.2979606E-01  0.4206284E-02  0.0000000E+00  0.7752858E-04  0.2952453E-01  0.4128756E-02  0.2715331E-03  0.0000000E+00  0.0000000E+00  0.0000000E+00
  0.50000  0.04813  0.44715  0.44930  0.2978556E-01  0.4214320E-02  0.0000000E+00  0.7644399E-04  0.2951530E-01  0.4137876E-02  0.2702606E-03  0.0000000E+00  0.0000000E+00  0.0000000E+00
  0.50000  0.04804  0.44725  0.44940  0.2977506E-01  0.4222422E-02  0.0000000E+00  0.7536517E-04  0.2950607E-01  0.4147057E-02  0.2689908E-03  0.0000000E+00  0.0000000E+00  0.0000000E+00
  0.50000  0.04795  0.44736  0.44950  0.2976456E-01  0.4230590E-02  0.0000000E+00  0.7429214E-04  0.2949683E-01  0.4156298E-02  0.2677237E-03  0.0000000E+00  0.0000000E+00  0.0000000E+00
  0.50000  0.04786  0.44746  0.44960  0.2975405E-01  0.4238824E-02  0.0000000E+00  0.7322494E-04  0.2948759E-01  0.4165599E-02  0.2664591E-03  0.0000000E+00  0.0000000E+00  0.0000000E+00
  0.50000  0.04777  0.44756  0.44970  0.2974353E-01  0.4247126E-02  0.0000000E+00  0.7216360E-04  0.2947834E-01  0.4174962E-02  0.2651972E-03  0.0000000E+00  0.0000000E+00  0.0000000E+00
  0.50000  0.04768  0.44767  0.44980  0.2973302E-01  0.4255495E-02  0.0000000E+00  0.7110816E-04  0.2946908E-01  0.4184387E-02  0.2639380E-03  0.0000000E+00  0.0000000E+00  0.0000000E+00
  0.50000  0.04759  0.44777  0.44990  0.2972250E-01  0.4263932E-02  0.0000000E+00  0.7005863E-04  0.2945982E-01  0.4193874E-02  0.2626813E-03  0.0000000E+00  0.0000000E+00  0.0000000E+00
  0.50000  0.04750  0.44788  0.45000  0.2971197E-01  0.4272438E-02  0.0000000E+00  0.6901507E-04  0.2945055E-01  0.4203423E-02  0.2614274E-03  0.0000000E+00  0.0000000E+00  0.0000000E+00
  0.50000  0.04741  0.44798  0.45010  0.2970145E-01  0.4281012E-02  0.0000000E+00  0.6797749E-04  0.2944127E-01  0.4213035E-02  0.2601761E-03  0.0000000E+00  0.0000000E+00  0.0000000E+00
  0.50000  0.04732  0.44808  0.45020  0.2969092E-01  0.4289656E-02  0.0000000E+00  0.6694593E-04  0.2943199E-01  0.4222710E-02  0.2589275E-03  0.0000000E+00  0.0000000E+00  0.0000000E+00
  0.50000  0.04723  0.44819  0.45030  0.2968039E-01  0.4298370E-02  0.0000000E+00  0.6592043E-04  0.2942270E-01  0.4232450E-02  0.2576815E-03  0.0000000E+00  0.0000000E+00  0.0000000E+00
  0.50000  0.04714  0.44829  0.45040  0.2966985E-01  0.4307155E-02  0.0000000E+00  0.6490102E-04  0.2941341E-01  0.4242254E-02  0.2564382E-03  0.0000000E+00  0.0000000E+00  0.0000000E+00
  0.50000  0.04705  0.44840  0.45050  0.2965931E-01  0.4316010E-02  0.0000000E+00  0.6388772E-04  0.2940412E-01  0.4252122E-02  0.2551976E-03  0.0000000E+00  0.0000000E+00  0.0000000E+00
  0.50000  0.04696  0.44850  0.45060  0.2964877E-01  0.4324936E-02  0.0000000E+00  0.6288058E-04  0.2939481E-01  0.4262056E-02  0.2539597E-03  0.0000000E+00  0.0000000E+00  0.0000000E+00
  0.50000  0.04687  0.44860  0.45070  0.2963823E-01  0.4333935E-02  0.0000000E+00  0.6187963E-04  0.2938551E-01  0.4272055E-02  0.2527245E-03  0.0000000E+00  0.0000000E+00  0.0000000E+00
  0.50000  0.04678  0.44871  0.45080  0.2962769E-01  0.4343005E-02  0.0000000E+00  0.6088491E-04  0.2937619E-01  0.4282121E-02  0.2514920E-03  0.0000000E+00  0.0000000E+00  0.0000000E+00
  0.50000  0.04669  0.44881  0.45090  0.2961714E-01  0.4352149E-02  0.0000000E+00  0.5989644E-04  0.2936688E-01  0.4292253E-02  0.2502621E-03  0.0000000E+00  0.0000000E+00  0.0000000E+00
  0.50000  0.04660  0.44892  0.45100  0.2960659E-01  0.4361366E-02  0.0000000E+00  0.5891426E-04  0.2935756E-01  0.4302452E-02  0.2490350E-03  0.0000000E+00  0.0000000E+00  0.0000000E+00
  0.50000  0.04651  0.44902  0.45110  0.2959604E-01  0.4370657E-02  0.0000000E+00  0.5793842E-04  0.2934823E-01  0.4312718E-02  0.2478106E-03  0.0000000E+00  0.0000000E+00  0.0000000E+00
  0.50000  0.04642  0.44912  0.45120  0.2958549E-01  0.4380022E-02  0.0000000E+00  0.5696894E-04  0.2933890E-01  0.4323053E-02  0.2465889E-03  0.0000000E+00  0.0000000E+00  0.0000000E+00
  0.50000  0.04633  0.44923  0.45130  0.2957493E-01  0.4389462E-02  0.0000000E+00  0.5600586E-04  0.2932956E-01  0.4333456E-02  0.2453700E-03  0.0000000E+00  0.0000000E+00  0.0000000E+00
  0.50000  0.04624  0.44933  0.45140  0.2956438E-01  0.4398977E-02  0.0000000E+00  0.5504921E-04  0.2932022E-01  0.4343928E-02  0.2441537E-03  0.0000000E+00  0.0000000E+00  0.0000000E+00
  0.50000  0.04615  0.44944  0.45150  0.2955382E-01  0.4408569E-02  0.0000000E+00  0.5409904E-04  0.2931088E-01  0.4354470E-02  0.2429402E-03  0.0000000E+00  0.0000000E+00  0.0000000E+00
  0.50000  0.04606  0.44954  0.45160  0.2954326E-01  0.4418236E-02  0.0000000E+00  0.5315539E-04  0.2930153E-01  0.4365081E-02  0.2417295E-03  0.0000000E+00  0.0000000E+00  0.0000000E+00
  0.50000  0.04597  0.44964  0.45170  0.2953270E-01  0.4427981E-02  0.0000000E+00  0.5221828E-04  0.2929218E-01  0.4375763E-02  0.2405214E-03  0.0000000E+00  0.0000000E+00  0.0000000E+00
  0.50000  0.04588  0.44975  0.45180  0.2952214E-01  0.4437803E-02  0.0000000E+00  0.5128775E-04  0.2928282E-01  0.4386516E-02  0.2393162E-03  0.0000000E+00  0.0000000E+00  0.0000000E+00
  0.50000  0.04579  0.44985  0.45190  0.2951157E-01  0.4447704E-02  0.0000000E+00  0.5036385E-04  0.2927346E-01  0.4397340E-02  0.2381137E-03  0.0000000E+00  0.0000000E+00  0.0000000E+00
  0.50000  0.04570  0.44996  0.45200  0.2950101E-01  0.4457683E-02  0.0000000E+00  0.4944662E-04  0.2926410E-01  0.4408236E-02  0.2369139E-03  0.0000000E+00  0.0000000E+00  0.0000000E+00
  0.50000  0.04561  0.45006  0.45210  0.2949045E-01  0.4467741E-02  0.0000000E+00  0.4853608E-04  0.2925473E-01  0.4419205E-02  0.2357169E-03  0.0000000E+00  0.0000000E+00  0.0000000E+00
  0.50000  0.04552  0.45016  0.45220  0.2947988E-01  0.4477878E-02  0.0000000E+00  0.4763229E-04  0.2924536E-01  0.4430246E-02  0.2345227E-03  0.0000000E+00  0.0000000E+00  0.0000000E+00
  0.50000  0.04542  0.45027  0.45230  0.2946931E-01  0.4488096E-02  0.0000000E+00  0.4673528E-04  0.2923598E-01  0.4441361E-02  0.2333312E-03  0.0000000E+00  0.0000000E+00  0.0000000E+00
  0.50000  0.04533  0.45037  0.45240  0.2945875E-01  0.4498395E-02  0.0000000E+00  0.4584508E-04  0.2922661E-01  0.4452550E-02  0.2321426E-03  0.0000000E+00  0.0000000E+00  0.0000000E+00
  0.50000  0.04524  0.45048  0.45250  0.2944818E-01  0.4508775E-02  0.0000000E+00  0.4496175E-04  0.2921723E-01  0.4463813E-02  0.2309567E-03  0.0000000E+00  0.0000000E+00  0.0000000E+00
  0.50000  0.04515  0.45058  0.45260  0.2943762E-01  0.4519237E-02  0.0000000E+00  0.4408532E-04  0.2920784E-01  0.4475152E-02  0.2297736E-03  0.0000000E+00  0.0000000E+00  0.0000000E+00
  0.50000  0.04506  0.45068  0.45270  0.2942705E-01  0.4529781E-02  0.0000000E+00  0.4321584E-04  0.2919846E-01  0.4486565E-02  0.2285933E-03  0.0000000E+00  0.0000000E+00  0.0000000E+00
  0.50000  0.04497  0.45079  0.45280  0.2941648E-01  0.4540409E-02  0.0000000E+00  0.4235333E-04  0.2918907E-01  0.4498055E-02  0.2274158E-03  0.0000000E+00  0.0000000E+00  0.0000000E+00
  0.50000  0.04488  0.45089  0.45290  0.2940591E-01  0.4551120E-02  0.0000000E+00  0.4149786E-04  0.2917967E-01  0.4509622E-02  0.2262411E-03  0.0000000E+00  0.0000000E+00  0.0000000E+00
  0.50000  0.04479  0.45100  0.45300  0.2939535E-01  0.4561915E-02  0.0000000E+00  0.4064945E-04  0.2917028E-01  0.4521266E-02  0.2250692E-03  0.0000000E+00  0.0000000E+00  0.0000000E+00
  0.50000  0.04470  0.45110  0.45310  0.2938478E-01  0.4572795E-02  0.0000000E+00  0.3980815E-04  0.2916088E-01  0.4532987E-02  0.2239001E-03  0.0000000E+00  0.0000000E+00  0.0000000E+00
  0.50000  0.04461  0.45120  0.45320  0.2937422E-01  0.4583761E-02  0.0000000E+00  0.3897401E-04  0.2915148E-01  0.4544787E-02  0.2227338E-03  0.0000000E+00  0.0000000E+00  0.0000000E+00
  0.50000  0.04452  0.45131  0.45330  0.2936365E-01  0.4594812E-02  0.0000000E+00  0.3814706E-04  0.2914208E-01  0.4556665E-02  0.2215704E-03  0.0000000E+00  0.0000000E+00  0.0000000E+00
  0.50000  0.04443  0.45141  0.45340  0.2935309E-01  0.4605950E-02  0.0000000E+00  0.3732736E-04  0.2913268E-01  0.4568623E-02  0.2204098E-03  0.0000000E+00  0.0000000E+00  0.0000000E+00
  0.50000  0.04434  0.45152  0.45350  0.2934252E-01  0.4617176E-02  0.0000000E+00  0.3651494E-04  0.2912327E-01  0.4580661E-02  0.2192520E-03  0.0000000E+00  0.0000000E+00  0.0000000E+00
  0.50000  0.04425  0.45162  0.45360  0.2933196E-01  0.4628489E-02  0.0000000E+00  0.3570986E-04  0.2911386E-01  0.4592779E-02  0.2180971E-03  0.0000000E+00  0.0000000E+00  0.0000000E+00
  0.50000  0.04416  0.45172  0.45370  0.2932140E-01  0.4639891E-02  0.0000000E+00  0.3491215E-04  0.2910446E-01  0.4604978E-02  0.2169450E-03  0.0000000E+00  0.0000000E+00  0.0000000E+00
  0.50000  0.04407  0.45183  0.45380  0.2931084E-01  0.4651381E-02  0.0000000E+00  0.3412186E-04  0.2909504E-01  0.4617259E-02  0.2157957E-03  0.0000000E+00  0.0000000E+00  0.0000000E+00
  0.50000  0.04397  0.45193  0.45390  0.2930028E-01  0.4662962E-02  0.0000000E+00  0.3333904E-04  0.2908563E-01  0.4629623E-02  0.2146493E-03  0.0000000E+00  0.0000000E+00  0.0000000E+00
  0.50000  0.04388  0.45204  0.45400  0.2928972E-01  0.4674632E-02  0.0000000E+00  0.3256373E-04  0.2907622E-01  0.4642068E-02  0.2135058E-03  0.0000000E+00  0.0000000E+00  0.0000000E+00
  0.50000  0.04379  0.45214  0.45410  0.2927917E-01  0.4686394E-02  0.0000000E+00  0.3179599E-04  0.2906680E-01  0.4654598E-02  0.2123651E-03  0.0000000E+00  0.0000000E+00  0.0000000E+00
  0.50000  0.04370  0.45225  0.45420  0.2926861E-01  0.4698247E-02  0.0000000E+00  0.3103585E-04  0.2905739E-01  0.4667211E-02  0.2112273E-03  0.0000000E+00  0.0000000E+00  0.0000000E+00
  0.50000  0.04361  0.45235  0.45430  0.2925806E-01  0.4710192E-02  0.0000000E+00  0.3028338E-04  0.2904797E-01  0.4679909E-02  0.2100923E-03  0.0000000E+00  0.0000000E+00  0.0000000E+00
  0.50000  0.04352  0.45245  0.45440  0.2924751E-01  0.4722231E-02  0.0000000E+00  0.2953860E-04  0.2903855E-01  0.4692692E-02  0.2089602E-03  0.0000000E+00  0.0000000E+00  0.0000000E+00
  0.50000  0.04343  0.45256  0.45450  0.2923696E-01  0.4734363E-02  0.0000000E+00  0.2880158E-04  0.2902913E-01  0.4705561E-02  0.2078311E-03  0.0000000E+00  0.0000000E+00  0.0000000E+00
  0.50000  0.04334  0.45266  0.45460  0.2922642E-01  0.4746589E-02  0.0000000E+00  0.2807237E-04  0.2901971E-01  0.4718516E-02  0.2067047E-03  0.0000000E+00  0.0000000E+00  0.0000000E+00
  0.50000  0.04325  0.45277  0.45470  0.2921587E-01  0.4758909E-02  0.0000000E+00  0.2735101E-04  0.2901029E-01  0.4731558E-02  0.2055813E-03  0.0000000E+00  0.0000000E+00  0.0000000E+00
  0.50000  0.04316  0.45287  0.45480  0.2920533E-01  0.4771326E-02  0.0000000E+00  0.2663755E-04  0.2900087E-01  0.4744688E-02  0.2044608E-03  0.0000000E+00  0.0000000E+00  0.0000000E+00
  0.50000  0.04307  0.45297  0.45490  0.2919479E-01  0.4783838E-02  0.0000000E+00  0.2593205E-04  0.2899145E-01  0.4757906E-02  0.2033432E-03  0.0000000E+00  0.0000000E+00  0.0000000E+00
  0.50000  0.04297  0.45308  0.45500  0.2918425E-01  0.4796448E-02  0.0000000E+00  0.2523455E-04  0.2898203E-01  0.4771213E-02  0.2022285E-03  0.0000000E+00  0.0000000E+00  0.0000000E+00
  0.50000  0.04288  0.45318  0.45510  0.2917372E-01  0.4809155E-02  0.0000000E+00  0.2454511E-04  0.2897260E-01  0.4784609E-02  0.2011167E-03  0.0000000E+00  0.0000000E+00  0.0000000E+00
  0.50000  0.04279  0.45329  0.45520  0.2916319E-01  0.4821960E-02  0.0000000E+00  0.2386379E-04  0.2896318E-01  0.4798096E-02  0.2000077E-03  0.0000000E+00  0.0000000E+00  0.0000000E+00
  0.50000  0.04270  0.45339  0.45530  0.2915266E-01  0.4834864E-02  0.0000000E+00  0.2319062E-04  0.2895376E-01  0.4811673E-02  0.1989018E-03  0.0000000E+00  0.0000000E+00  0.0000000E+00
  0.50000  0.04261  0.45349  0.45540  0.2914214E-01  0.4847867E-02  0.0000000E+00  0.2252567E-04  0.2894434E-01  0.4825342E-02  0.1977987E-03  0.0000000E+00  0.0000000E+00  0.0000000E+00
  0.50000  0.04252  0.45360  0.45550  0.2913162E-01  0.4860971E-02  0.0000000E+00  0.2186900E-04  0.2893492E-01  0.4839102E-02  0.1966986E-03  0.0000000E+00  0.0000000E+00  0.0000000E+00
  0.50000  0.04243  0.45370  0.45560  0.2912110E-01  0.4874176E-02  0.0000000E+00  0.2122065E-04  0.2892550E-01  0.4852956E-02  0.1956013E-03  0.0000000E+00  0.0000000E+00  0.0000000E+00
  0.50000  0.04234  0.45381  0.45570  0.2911058E-01  0.4887483E-02  0.0000000E+00  0.2058068E-04  0.2891608E-01  0.4866902E-02  0.1945071E-03  0.0000000E+00  0.0000000E+00  0.0000000E+00
  0.50000  0.04225  0.45391  0.45580  0.2910007E-01  0.4900892E-02  0.0000000E+00  0.1994914E-04  0.2890666E-01  0.4880943E-02  0.1934157E-03  0.0000000E+00  0.0000000E+00  0.0000000E+00
  0.50000  0.04216  0.45401  0.45590  0.2908957E-01  0.4914405E-02  0.0000000E+00  0.1932610E-04  0.2889724E-01  0.4895079E-02  0.1923273E-03  0.0000000E+00  0.0000000E+00  0.0000000E+00
  0.50000  0.04206  0.45412  0.45600  0.2907906E-01  0.4928021E-02  0.0000000E+00  0.1871161E-04  0.2888782E-01  0.4909309E-02  0.1912419E-03  0.0000000E+00  0.0000000E+00  0.0000000E+00
  0.50000  0.04197  0.45422  0.45610  0.2906856E-01  0.4941742E-02  0.0000000E+00  0.1810573E-04  0.2887840E-01  0.4923636E-02  0.1901594E-03  0.0000000E+00  0.0000000E+00  0.0000000E+00
  0.50000  0.04188  0.45433  0.45620  0.2905807E-01  0.4955568E-02  0.0000000E+00  0.1750851E-04  0.2886899E-01  0.4938060E-02  0.1890799E-03  0.0000000E+00  0.0000000E+00  0.0000000E+00
  0.50000  0.04179  0.45443  0.45630  0.2904758E-01  0.4969501E-02  0.0000000E+00  0.1692002E-04  0.2885957E-01  0.4952581E-02  0.1880033E-03  0.0000000E+00  0.0000000E+00  0.0000000E+00
  0.50000  0.04170  0.45453  0.45640  0.2903709E-01  0.4983540E-02  0.0000000E+00  0.1634030E-04  0.2885016E-01  0.4967200E-02  0.1869297E-03  0.0000000E+00  0.0000000E+00  0.0000000E+00
  0.50000  0.04161  0.45464  0.45650  0.2902661E-01  0.4997687E-02  0.0000000E+00  0.1576944E-04  0.2884075E-01  0.4981918E-02  0.1858590E-03  0.0000000E+00  0.0000000E+00  0.0000000E+00
  0.50000  0.04152  0.45474  0.45660  0.2901613E-01  0.5011943E-02  0.0000000E+00  0.1520747E-04  0.2883134E-01  0.4996735E-02  0.1847913E-03  0.0000000E+00  0.0000000E+00  0.0000000E+00
  0.50000  0.04143  0.45485  0.45670  0.2900566E-01  0.5026307E-02  0.0000000E+00  0.1465447E-04  0.2882193E-01  0.5011653E-02  0.1837266E-03  0.0000000E+00  0.0000000E+00  0.0000000E+00
  0.50000  0.04133  0.45495  0.45680  0.2899519E-01  0.5040782E-02  0.0000000E+00  0.1411049E-04  0.2881253E-01  0.5026671E-02  0.1826649E-03  0.0000000E+00  0.0000000E+00  0.0000000E+00
  0.50000  0.04124  0.45506  0.45690  0.2898473E-01  0.5055367E-02  0.0000000E+00  0.1357561E-04  0.2880312E-01  0.5041792E-02  0.1816062E-03  0.0000000E+00  0.0000000E+00  0.0000000E+00
  0.50000  0.04115  0.45516  0.45700  0.2897427E-01  0.5070064E-02  0.0000000E+00  0.1304987E-04  0.2879372E-01  0.5057014E-02  0.1805505E-03  0.0000000E+00  0.0000000E+00  0.0000000E+00
  0.50000  0.04106  0.45526  0.45710  0.2896382E-01  0.5084873E-02  0.0000000E+00  0.1253336E-04  0.2878432E-01  0.5072340E-02  0.1794977E-03  0.0000000E+00  0.0000000E+00  0.0000000E+00
  0.50000  0.04097  0.45537  0.45720  0.2895337E-01  0.5099796E-02  0.0000000E+00  0.1202612E-04  0.2877492E-01  0.5087770E-02  0.1784480E-03  0.0000000E+00  0.0000000E+00  0.0000000E+00
  0.50000  0.04088  0.45547  0.45730  0.2894293E-01  0.5114832E-02  0.0000000E+00  0.1152822E-04  0.2876553E-01  0.5103304E-02  0.1774012E-03  0.0000000E+00  0.0000000E+00  0.0000000E+00
  0.50000  0.04079  0.45558  0.45740  0.2893249E-01  0.5129983E-02  0.0000000E+00  0.1103974E-04  0.2875614E-01  0.5118944E-02  0.1763575E-03  0.0000000E+00  0.0000000E+00  0.0000000E+00
  0.50000  0.04069  0.45568  0.45750  0.2892206E-01  0.5145250E-02  0.0000000E+00  0.1056074E-04  0.2874675E-01  0.5134689E-02  0.1753167E-03  0.0000000E+00  0.0000000E+00  0.0000000E+00
  0.50000  0.04060  0.45578  0.45760  0.2891164E-01  0.5160633E-02  0.0000000E+00  0.1009127E-04  0.2873736E-01  0.5150542E-02  0.1742790E-03  0.0000000E+00  0.0000000E+00  0.0000000E+00
  0.50000  0.04051  0.45589  0.45770  0.2890122E-01  0.5176134E-02  0.0000000E+00  0.9631426E-05  0.2872798E-01  0.5166502E-02  0.1732443E-03  0.0000000E+00  0.0000000E+00  0.0000000E+00
  0.50000  0.04042  0.45599  0.45780  0.2889081E-01  0.5191752E-02  0.0000000E+00  0.9181258E-05  0.2871860E-01  0.5182571E-02  0.1722126E-03  0.0000000E+00  0.0000000E+00  0.0000000E+00
  0.50000  0.04033  0.45610  0.45790  0.2888040E-01  0.5207490E-02  0.0000000E+00  0.8740841E-05  0.2870922E-01  0.5198749E-02  0.1711840E-03  0.0000000E+00  0.0000000E+00  0.0000000E+00
  0.50000  0.04024  0.45620  0.45800  0.2887000E-01  0.5223347E-02  0.0000000E+00  0.8310245E-05  0.2869985E-01  0.5215037E-02  0.1701584E-03  0.0000000E+00  0.0000000E+00  0.0000000E+00
  0.50000  0.04014  0.45630  0.45810  0.2885961E-01  0.5239325E-02  0.0000000E+00  0.7889541E-05  0.2869048E-01  0.5231435E-02  0.1691358E-03  0.0000000E+00  0.0000000E+00  0.0000000E+00
  0.50000  0.04005  0.45641  0.45820  0.2884922E-01  0.5255424E-02  0.0000000E+00  0.7478799E-05  0.2868111E-01  0.5247946E-02  0.1681162E-03  0.0000000E+00  0.0000000E+00  0.0000000E+00
  0.50000  0.03996  0.45651  0.45830  0.2883885E-01  0.5271646E-02  0.0000000E+00  0.7078094E-05  0.2867175E-01  0.5264568E-02  0.1670997E-03  0.0000000E+00  0.0000000E+00  0.0000000E+00
  0.50000  0.03987  0.45662  0.45840  0.2882847E-01  0.5287991E-02  0.0000000E+00  0.6687498E-05  0.2866239E-01  0.5281304E-02  0.1660862E-03  0.0000000E+00  0.0000000E+00  0.0000000E+00
  0.50000  0.03978  0.45672  0.45850  0.2881811E-01  0.5304461E-02  0.0000000E+00  0.6307085E-05  0.2865303E-01  0.5298154E-02  0.1650758E-03  0.0000000E+00  0.0000000E+00  0.0000000E+00
  0.50000  0.03969  0.45682  0.45860  0.2880775E-01  0.5321055E-02  0.0000000E+00  0.5936929E-05  0.2864368E-01  0.5315118E-02  0.1640685E-03  0.0000000E+00  0.0000000E+00  0.0000000E+00
  0.50000  0.03959  0.45693  0.45870  0.2879740E-01  0.5337775E-02  0.0000000E+00  0.5577108E-05  0.2863433E-01  0.5332198E-02  0.1630642E-03  0.0000000E+00  0.0000000E+00  0.0000000E+00
  0.50000  0.03950  0.45703  0.45880  0.2878705E-01  0.5354622E-02  0.0000000E+00  0.5227697E-05  0.2862499E-01  0.5349395E-02  0.1620629E-03  0.0000000E+00  0.0000000E+00  0.0000000E+00
  0.50000  0.03941  0.45714  0.45890  0.2877672E-01  0.5371597E-02  0.0000000E+00  0.4888774E-05  0.2861565E-01  0.5366709E-02  0.1610647E-03  0.0000000E+00  0.0000000E+00  0.0000000E+00
  0.50000  0.03932  0.45724  0.45900  0.2876639E-01  0.5388701E-02  0.0000000E+00  0.4560416E-05  0.2860632E-01  0.5384140E-02  0.1600696E-03  0.0000000E+00  0.0000000E+00  0.0000000E+00
  0.50000  0.03923  0.45735  0.45910  0.2875607E-01  0.5405934E-02  0.0000000E+00  0.4242704E-05  0.2859699E-01  0.5401691E-02  0.1590776E-03  0.0000000E+00  0.0000000E+00  0.0000000E+00
  0.50000  0.03914  0.45745  0.45920  0.2874576E-01  0.5423298E-02  0.0000000E+00  0.3935717E-05  0.2858767E-01  0.5419362E-02  0.1580886E-03  0.0000000E+00  0.0000000E+00  0.0000000E+00
  0.50000  0.03904  0.45755  0.45930  0.2873545E-01  0.5440793E-02  0.0000000E+00  0.3639535E-05  0.2857835E-01  0.5437154E-02  0.1571027E-03  0.0000000E+00  0.0000000E+00  0.0000000E+00
  0.50000  0.03895  0.45766  0.45940  0.2872516E-01  0.5458421E-02  0.0000000E+00  0.3354242E-05  0.2856904E-01  0.5455067E-02  0.1561199E-03  0.0000000E+00  0.0000000E+00  0.0000000E+00
  0.50000  0.03886  0.45776  0.45950  0.2871487E-01  0.5476182E-02  0.0000000E+00  0.3079919E-05  0.2855973E-01  0.5473102E-02  0.1551402E-03  0.0000000E+00  0.0000000E+00  0.0000000E+00
  0.50000  0.03877  0.45787  0.45960  0.2870459E-01  0.5494078E-02  0.0000000E+00  0.2816651E-05  0.2855042E-01  0.5491261E-02  0.1541635E-03  0.0000000E+00  0.0000000E+00  0.0000000E+00
  0.50000  0.03868  0.45797  0.45970  0.2869432E-01  0.5512109E-02  0.0000000E+00  0.2564521E-05  0.2854113E-01  0.5509544E-02  0.1531900E-03  0.0000000E+00  0.0000000E+00  0.0000000E+00
  0.50000  0.03858  0.45807  0.45980  0.2868405E-01  0.5530276E-02  0.0000000E+00  0.2323616E-05  0.2853184E-01  0.5527953E-02  0.1522195E-03  0.0000000E+00  0.0000000E+00  0.0000000E+00
  0.50000  0.03849  0.45818  0.45990  0.2867380E-01  0.5548581E-02  0.0000000E+00  0.2094022E-05  0.2852255E-01  0.5546487E-02  0.1512522E-03  0.0000000E+00  0.0000000E+00  0.0000000E+00
  0.50000  0.03840  0.45828  0.46000  0.2866356E-01  0.5567024E-02  0.0000000E+00  0.1875827E-05  0.2851327E-01  0.5565148E-02  0.1502879E-03  0.0000000E+00  0.0000000E+00  0.0000000E+00
  0.50000  0.03831  0.45839  0.46010  0.2865332E-01  0.5585606E-02  0.0000000E+00  0.1669119E-05  0.2850400E-01  0.5583937E-02  0.1493268E-03  0.0000000E+00  0.0000000E+00  0.0000000E+00
  0.50000  0.03822  0.45849  0.46020  0.2864310E-01  0.5604329E-02  0.0000000E+00  0.1473988E-05  0.2849473E-01  0.5602855E-02  0.1483687E-03  0.0000000E+00  0.0000000E+00  0.0000000E+00
  0.50000  0.03812  0.45859  0.46030  0.2863288E-01  0.5623193E-02  0.0000000E+00  0.1290524E-05  0.2848547E-01  0.5621902E-02  0.1474138E-03  0.0000000E+00  0.0000000E+00  0.0000000E+00
  0.50000  0.03803  0.45870  0.46040  0.2862267E-01  0.5642199E-02  0.0000000E+00  0.1118819E-05  0.2847621E-01  0.5641080E-02  0.1464620E-03  0.0000000E+00  0.0000000E+00  0.0000000E+00
  0.50000  0.03794  0.45880  0.46050  0.2861248E-01  0.5661349E-02  0.0000000E+00  0.9589666E-06  0.2846696E-01  0.5660390E-02  0.1455133E-03  0.0000000E+00  0.0000000E+00  0.0000000E+00
  0.50000  0.03785  0.45891  0.46060  0.2860229E-01  0.5680644E-02  0.0000000E+00  0.8110593E-06  0.2845772E-01  0.5679833E-02  0.1445678E-03  0.0000000E+00  0.0000000E+00  0.0000000E+00
  0.50000  0.03776  0.45901  0.46070  0.2859211E-01  0.5700084E-02  0.0000000E+00  0.6751926E-06  0.2844849E-01  0.5699409E-02  0.1436253E-03  0.0000000E+00  0.0000000E+00  0.0000000E+00
  0.50000  0.03766  0.45912  0.46080  0.2858194E-01  0.5719670E-02  0.0000000E+00  0.5514624E-06  0.2843926E-01  0.5719119E-02  0.1426860E-03  0.0000000E+00  0.0000000E+00  0.0000000E+00
  0.50000  0.03757  0.45922  0.46090  0.2857179E-01  0.5739405E-02  0.0000000E+00  0.4399659E-06  0.2843004E-01  0.5738965E-02  0.1417499E-03  0.0000000E+00  0.0000000E+00  0.0000000E+00
  0.50000  0.03748  0.45932  0.46100  0.2856164E-01  0.5759288E-02  0.0000000E+00  0.3408013E-06  0.2842082E-01  0.5758947E-02  0.1408168E-03  0.0000000E+00  0.0000000E+00  0.0000000E+00
  0.50000  0.03739  0.45943  0.46110  0.2855150E-01  0.5779321E-02  0.0000000E+00  0.2540680E-06  0.2841162E-01  0.5779067E-02  0.1398869E-03  0.0000000E+00  0.0000000E+00  0.0000000E+00
  0.50000  0.03729  0.45953  0.46120  0.2854138E-01  0.5799506E-02  0.0000000E+00  0.1798668E-06  0.2840242E-01  0.5799326E-02  0.1389601E-03  0.0000000E+00  0.0000000E+00  0.0000000E+00
  0.50000  0.03720  0.45964  0.46130  0.2853126E-01  0.5819842E-02  0.0000000E+00  0.1182993E-06  0.2839323E-01  0.5819724E-02  0.1380365E-03  0.0000000E+00  0.0000000E+00  0.0000000E+00
  0.50000  0.03711  0.45974  0.46140  0.2852116E-01  0.5840332E-02  0.0000000E+00  0.6946862E-07  0.2838404E-01  0.5840262E-02  0.1371161E-03  0.0000000E+00  0.0000000E+00  0.0000000E+00
  0.50000  0.03702  0.45984  0.46150  0.2851107E-01  0.5860976E-02  0.0000000E+00  0.3347896E-07  0.2837487E-01  0.5860942E-02  0.1361987E-03  0.0000000E+00  0.0000000E+00  0.0000000E+00
  0.50000  0.03693  0.45995  0.46160  0.2850098E-01  0.5881775E-02  0.0000000E+00  0.1043581E-07  0.2836570E-01  0.5881765E-02  0.1352846E-03  0.0000000E+00  0.0000000E+00  0.0000000E+00
  0.50000  0.03683  0.46005  0.46170  0.2849091E-01  0.5902731E-02  0.0000000E+00  0.4459242E-09  0.2835654E-01  0.5902731E-02  0.1343736E-03  0.0000000E+00  0.0000000E+00  0.0000000E+00
  0.50000  0.03674  0.46016  0.46180  0.2848085E-01  0.5923841E-02 -0.0000000E+00  0.0000000E+00  0.2834739E-01  0.5923841E-02  0.1334657E-03  0.0000000E+00  0.0000000E+00  0.0000000E+00
  0.50000  0.03665  0.46026  0.46190  0.2847081E-01  0.5945098E-02 -0.0000000E+00  0.0000000E+00  0.2833825E-01  0.5945098E-02  0.1325610E-03  0.0000000E+00  0.0000000E+00  0.0000000E+00
  0.50000  0.03656  0.46036  0.46200  0.2846077E-01  0.5966501E-02 -0.0000000E+00  0.0000000E+00  0.2832911E-01  0.5966501E-02  0.1316595E-03  0.0000000E+00  0.0000000E+00  0.0000000E+00
  0.50000  0.03646  0.46047  0.46210  0.2845075E-01  0.5988052E-02 -0.0000000E+00  0.0000000E+00  0.2831999E-01  0.5988052E-02  0.1307612E-03  0.0000000E+00  0.0000000E+00  0.0000000E+00
  0.50000  0.03637  0.46057  0.46220  0.2844073E-01  0.6009752E-02 -0.0000000E+00  0.0000000E+00  0.2831087E-01  0.6009752E-02  0.1298660E-03  0.0000000E+00  0.0000000E+00  0.0000000E+00
  0.50000  0.03628  0.46068  0.46230  0.2843073E-01  0.6031602E-02 -0.0000000E+00  0.0000000E+00  0.2830176E-01  0.6031602E-02  0.1289740E-03  0.0000000E+00  0.0000000E+00  0.0000000E+00
  0.50000  0.03619  0.46078  0.46240  0.2842075E-01  0.6053603E-02 -0.0000000E+00  0.0000000E+00  0.2829266E-01  0.6053603E-02  0.1280851E-03  0.0000000E+00  0.0000000E+00  0.0000000E+00
  0.50000  0.03609  0.46089  0.46250  0.2841077E-01  0.6075757E-02 -0.0000000E+00  0.0000000E+00  0.2828357E-01  0.6075757E-02  0.1271995E-03  0.0000000E+00  0.0000000E+00  0.0000000E+00
  0.50000  0.03600  0.46099  0.46260  0.2840081E-01  0.6098064E-02 -0.0000000E+00  0.0000000E+00  0.2827449E-01  0.6098064E-02  0.1263170E-03  0.0000000E+00  0.0000000E+00  0.0000000E+00
  0.50000  0.03591  0.46109  0.46270  0.2839086E-01  0.6120525E-02 -0.0000000E+00  0.0000000E+00  0.2826542E-01  0.6120525E-02  0.1254377E-03  0.0000000E+00  0.0000000E+00  0.0000000E+00
  0.50000  0.03582  0.46120  0.46280  0.2838092E-01  0.6143142E-02 -0.0000000E+00  0.0000000E+00  0.2825636E-01  0.6143142E-02  0.1245616E-03  0.0000000E+00  0.0000000E+00  0.0000000E+00
  0.50000  0.03572  0.46130  0.46290  0.2837100E-01  0.6165915E-02 -0.0000000E+00  0.0000000E+00  0.2824731E-01  0.6165915E-02  0.1236887E-03  0.0000000E+00  0.0000000E+00  0.0000000E+00
  0.50000  0.03563  0.46141  0.46300  0.2836109E-01  0.6188847E-02 -0.0000000E+00  0.0000000E+00  0.2823827E-01  0.6188847E-02  0.1228189E-03  0.0000000E+00  0.0000000E+00  0.0000000E+00
  0.50000  0.03554  0.46151  0.46310  0.2835119E-01  0.6211937E-02 -0.0000000E+00  0.0000000E+00  0.2822924E-01  0.6211937E-02  0.1219524E-03  0.0000000E+00  0.0000000E+00  0.0000000E+00
  0.50000  0.03545  0.46161  0.46320  0.2834131E-01  0.6235188E-02 -0.0000000E+00  0.0000000E+00  0.2822022E-01  0.6235188E-02  0.1210891E-03  0.0000000E+00  0.0000000E+00  0.0000000E+00
  0.50000  0.03535  0.46172  0.46330  0.2833144E-01  0.6258601E-02 -0.0000000E+00  0.0000000E+00  0.2821121E-01  0.6258601E-02  0.1202289E-03  0.0000000E+00  0.0000000E+00  0.0000000E+00
  0.50000  0.03526  0.46182  0.46340  0.2832158E-01  0.6282176E-02 -0.0000000E+00  0.0000000E+00  0.2820221E-01  0.6282176E-02  0.1193720E-03  0.0000000E+00  0.0000000E+00  0.0000000E+00
  0.50000  0.03517  0.46193  0.46350  0.2831173E-01  0.6305914E-02 -0.0000000E+00  0.0000000E+00  0.2819322E-01  0.6305914E-02  0.1185183E-03  0.0000000E+00  0.0000000E+00  0.0000000E+00
  0.50000  0.03508  0.46203  0.46360  0.2830191E-01  0.6329818E-02 -0.0000000E+00  0.0000000E+00  0.2818424E-01  0.6329818E-02  0.1176677E-03  0.0000000E+00  0.0000000E+00  0.0000000E+00
  0.50000  0.03498  0.46214  0.46370  0.2829209E-01  0.6353888E-02 -0.0000000E+00  0.0000000E+00  0.2817527E-01  0.6353888E-02  0.1168204E-03  0.0000000E+00  0.0000000E+00  0.0000000E+00
  0.50000  0.03489  0.46224  0.46380  0.2828229E-01  0.6378126E-02 -0.0000000E+00  0.0000000E+00  0.2816631E-01  0.6378126E-02  0.1159763E-03  0.0000000E+00  0.0000000E+00  0.0000000E+00
  0.50000  0.03480  0.46234  0.46390  0.2827250E-01  0.6402532E-02 -0.0000000E+00  0.0000000E+00  0.2815737E-01  0.6402532E-02  0.1151354E-03  0.0000000E+00  0.0000000E+00  0.0000000E+00
  0.50000  0.03470  0.46245  0.46400  0.2826273E-01  0.6427108E-02 -0.0000000E+00  0.0000000E+00  0.2814843E-01  0.6427108E-02  0.1142977E-03  0.0000000E+00  0.0000000E+00  0.0000000E+00
  0.50000  0.03461  0.46255  0.46410  0.2825297E-01  0.6451856E-02 -0.0000000E+00  0.0000000E+00  0.2813951E-01  0.6451856E-02  0.1134633E-03  0.0000000E+00  0.0000000E+00  0.0000000E+00
  0.50000  0.03452  0.46266  0.46420  0.2824323E-01  0.6476776E-02 -0.0000000E+00  0.0000000E+00  0.2813060E-01  0.6476776E-02  0.1126320E-03  0.0000000E+00  0.0000000E+00  0.0000000E+00
  0.50000  0.03443  0.46276  0.46430  0.2823350E-01  0.6501870E-02 -0.0000000E+00  0.0000000E+00  0.2812170E-01  0.6501870E-02  0.1118040E-03  0.0000000E+00  0.0000000E+00  0.0000000E+00
  0.50000  0.03433  0.46286  0.46440  0.2822379E-01  0.6527139E-02 -0.0000000E+00  0.0000000E+00  0.2811281E-01  0.6527139E-02  0.1109792E-03  0.0000000E+00  0.0000000E+00  0.0000000E+00
  0.50000  0.03424  0.46297  0.46450  0.2821410E-01  0.6552585E-02 -0.0000000E+00  0.0000000E+00  0.2810394E-01  0.6552585E-02  0.1101576E-03  0.0000000E+00  0.0000000E+00  0.0000000E+00
  0.50000  0.03415  0.46307  0.46460  0.2820441E-01  0.6578208E-02 -0.0000000E+00  0.0000000E+00  0.2809507E-01  0.6578208E-02  0.1093393E-03  0.0000000E+00  0.0000000E+00  0.0000000E+00
  0.50000  0.03405  0.46318  0.46470  0.2819475E-01  0.6604011E-02 -0.0000000E+00  0.0000000E+00  0.2808622E-01  0.6604011E-02  0.1085242E-03  0.0000000E+00  0.0000000E+00  0.0000000E+00
  0.50000  0.03396  0.46328  0.46480  0.2818510E-01  0.6629994E-02 -0.0000000E+00  0.0000000E+00  0.2807739E-01  0.6629994E-02  0.1077123E-03  0.0000000E+00  0.0000000E+00  0.0000000E+00
  0.50000  0.03387  0.46339  0.46490  0.2817546E-01  0.6656158E-02 -0.0000000E+00  0.0000000E+00  0.2806856E-01  0.6656158E-02  0.1069036E-03  0.0000000E+00  0.0000000E+00  0.0000000E+00
  0.50000  0.03377  0.46349  0.46500  0.2816585E-01  0.6682506E-02 -0.0000000E+00  0.0000000E+00  0.2805975E-01  0.6682506E-02  0.1060982E-03  0.0000000E+00  0.0000000E+00  0.0000000E+00
  0.50000  0.03368  0.46359  0.46510  0.2815624E-01  0.6709039E-02 -0.0000000E+00  0.0000000E+00  0.2805095E-01  0.6709039E-02  0.1052960E-03  0.0000000E+00  0.0000000E+00  0.0000000E+00
  0.50000  0.03359  0.46370  0.46520  0.2814666E-01  0.6735757E-02 -0.0000000E+00  0.0000000E+00  0.2804216E-01  0.6735757E-02  0.1044971E-03  0.0000000E+00  0.0000000E+00  0.0000000E+00
  0.50000  0.03350  0.46380  0.46530  0.2813709E-01  0.6762662E-02 -0.0000000E+00  0.0000000E+00  0.2803339E-01  0.6762662E-02  0.1037014E-03  0.0000000E+00  0.0000000E+00  0.0000000E+00
  0.50000  0.03340  0.46391  0.46540  0.2812754E-01  0.6789757E-02 -0.0000000E+00  0.0000000E+00  0.2802463E-01  0.6789757E-02  0.1029089E-03  0.0000000E+00  0.0000000E+00  0.0000000E+00
  0.50000  0.03331  0.46401  0.46550  0.2811800E-01  0.6817041E-02 -0.0000000E+00  0.0000000E+00  0.2801588E-01  0.6817041E-02  0.1021197E-03  0.0000000E+00  0.0000000E+00  0.0000000E+00
  0.50000  0.03322  0.46411  0.46560  0.2810848E-01  0.6844517E-02 -0.0000000E+00  0.0000000E+00  0.2800715E-01  0.6844517E-02  0.1013337E-03  0.0000000E+00  0.0000000E+00  0.0000000E+00
  0.50000  0.03312  0.46422  0.46570  0.2809898E-01  0.6872186E-02 -0.0000000E+00  0.0000000E+00  0.2799843E-01  0.6872186E-02  0.1005510E-03  0.0000000E+00  0.0000000E+00  0.0000000E+00
  0.50000  0.03303  0.46432  0.46580  0.2808949E-01  0.6900049E-02 -0.0000000E+00  0.0000000E+00  0.2798972E-01  0.6900049E-02  0.9977153E-04  0.0000000E+00  0.0000000E+00  0.0000000E+00
  0.50000  0.03294  0.46443  0.46590  0.2808003E-01  0.6928109E-02 -0.0000000E+00  0.0000000E+00  0.2798103E-01  0.6928109E-02  0.9899531E-04  0.0000000E+00  0.0000000E+00  0.0000000E+00
  0.50000  0.03284  0.46453  0.46600  0.2807058E-01  0.6956365E-02 -0.0000000E+00  0.0000000E+00  0.2797235E-01  0.6956365E-02  0.9822233E-04  0.0000000E+00  0.0000000E+00  0.0000000E+00
  0.50000  0.03275  0.46464  0.46610  0.2806114E-01  0.6984821E-02 -0.0000000E+00  0.0000000E+00  0.2796369E-01  0.6984821E-02  0.9745260E-04  0.0000000E+00  0.0000000E+00  0.0000000E+00
  0.50000  0.03266  0.46474  0.46620  0.2805173E-01  0.7013477E-02 -0.0000000E+00  0.0000000E+00  0.2795504E-01  0.7013477E-02  0.9668613E-04  0.0000000E+00  0.0000000E+00  0.0000000E+00
  0.50000  0.03256  0.46484  0.46630  0.2804233E-01  0.7042335E-02 -0.0000000E+00  0.0000000E+00  0.2794641E-01  0.7042335E-02  0.9592291E-04  0.0000000E+00  0.0000000E+00  0.0000000E+00
  0.50000  0.03247  0.46495  0.46640  0.2803295E-01  0.7071396E-02 -0.0000000E+00  0.0000000E+00  0.2793779E-01  0.7071396E-02  0.9516295E-04  0.0000000E+00  0.0000000E+00  0.0000000E+00
  0.50000  0.03238  0.46505  0.46650  0.2802359E-01  0.7100663E-02 -0.0000000E+00  0.0000000E+00  0.2792919E-01  0.7100663E-02  0.9440625E-04  0.0000000E+00  0.0000000E+00  0.0000000E+00
  0.50000  0.03228  0.46516  0.46660  0.2801425E-01  0.7130136E-02 -0.0000000E+00  0.0000000E+00  0.2792060E-01  0.7130136E-02  0.9365280E-04  0.0000000E+00  0.0000000E+00  0.0000000E+00
  0.50000  0.03219  0.46526  0.46670  0.2800493E-01  0.7159817E-02 -0.0000000E+00  0.0000000E+00  0.2791203E-01  0.7159817E-02  0.9290262E-04  0.0000000E+00  0.0000000E+00  0.0000000E+00
  0.50000  0.03210  0.46536  0.46680  0.2799562E-01  0.7189707E-02 -0.0000000E+00  0.0000000E+00  0.2790347E-01  0.7189707E-02  0.9215569E-04  0.0000000E+00  0.0000000E+00  0.0000000E+00
  0.50000  0.03200  0.46547  0.46690  0.2798634E-01  0.7219810E-02 -0.0000000E+00  0.0000000E+00  0.2789493E-01  0.7219810E-02  0.9141203E-04  0.0000000E+00  0.0000000E+00  0.0000000E+00
  0.50000  0.03191  0.46557  0.46700  0.2797707E-01  0.7250125E-02 -0.0000000E+00  0.0000000E+00  0.2788640E-01  0.7250125E-02  0.9067164E-04  0.0000000E+00  0.0000000E+00  0.0000000E+00
  0.50000  0.03182  0.46568  0.46710  0.2796783E-01  0.7280654E-02 -0.0000000E+00  0.0000000E+00  0.2787789E-01  0.7280654E-02  0.8993450E-04  0.0000000E+00  0.0000000E+00  0.0000000E+00
  0.50000  0.03172  0.46578  0.46720  0.2795860E-01  0.7311400E-02 -0.0000000E+00  0.0000000E+00  0.2786940E-01  0.7311400E-02  0.8920063E-04  0.0000000E+00  0.0000000E+00  0.0000000E+00
  0.50000  0.03163  0.46589  0.46730  0.2794939E-01  0.7342364E-02 -0.0000000E+00  0.0000000E+00  0.2786092E-01  0.7342364E-02  0.8847003E-04  0.0000000E+00  0.0000000E+00  0.0000000E+00
  0.50000  0.03154  0.46599  0.46740  0.2794020E-01  0.7373547E-02 -0.0000000E+00  0.0000000E+00  0.2785246E-01  0.7373547E-02  0.8774270E-04  0.0000000E+00  0.0000000E+00  0.0000000E+00
  0.50000  0.03144  0.46609  0.46750  0.2793103E-01  0.7404951E-02 -0.0000000E+00  0.0000000E+00  0.2784401E-01  0.7404951E-02  0.8701863E-04  0.0000000E+00  0.0000000E+00  0.0000000E+00
  0.50000  0.03135  0.46620  0.46760  0.2792188E-01  0.7436579E-02 -0.0000000E+00  0.0000000E+00  0.2783558E-01  0.7436579E-02  0.8629783E-04  0.0000000E+00  0.0000000E+00  0.0000000E+00
  0.50000  0.03126  0.46630  0.46770  0.2791275E-01  0.7468431E-02 -0.0000000E+00  0.0000000E+00  0.2782717E-01  0.7468431E-02  0.8558030E-04  0.0000000E+00  0.0000000E+00  0.0000000E+00
  0.50000  0.03116  0.46641  0.46780  0.2790365E-01  0.7500509E-02 -0.0000000E+00  0.0000000E+00  0.2781878E-01  0.7500509E-02  0.8486604E-04  0.0000000E+00  0.0000000E+00  0.0000000E+00
  0.50000  0.03107  0.46651  0.46790  0.2789456E-01  0.7532816E-02 -0.0000000E+00  0.0000000E+00  0.2781040E-01  0.7532816E-02  0.8415506E-04  0.0000000E+00  0.0000000E+00  0.0000000E+00
  0.50000  0.03098  0.46661  0.46800  0.2788549E-01  0.7565352E-02 -0.0000000E+00  0.0000000E+00  0.2780204E-01  0.7565352E-02  0.8344734E-04  0.0000000E+00  0.0000000E+00  0.0000000E+00
  0.50000  0.03088  0.46672  0.46810  0.2787644E-01  0.7598121E-02 -0.0000000E+00  0.0000000E+00  0.2779370E-01  0.7598121E-02  0.8274289E-04  0.0000000E+00  0.0000000E+00  0.0000000E+00
  0.50000  0.03079  0.46682  0.46820  0.2786742E-01  0.7631122E-02 -0.0000000E+00  0.0000000E+00  0.2778538E-01  0.7631122E-02  0.8204172E-04  0.0000000E+00  0.0000000E+00  0.0000000E+00
  0.50000  0.03070  0.46693  0.46830  0.2785841E-01  0.7664360E-02 -0.0000000E+00  0.0000000E+00  0.2777707E-01  0.7664360E-02  0.8134382E-04  0.0000000E+00  0.0000000E+00  0.0000000E+00
  0.50000  0.03060  0.46703  0.46840  0.2784943E-01  0.7697834E-02 -0.0000000E+00  0.0000000E+00  0.2776878E-01  0.7697834E-02  0.8064920E-04  0.0000000E+00  0.0000000E+00  0.0000000E+00
  0.50000  0.03051  0.46714  0.46850  0.2784047E-01  0.7731547E-02 -0.0000000E+00  0.0000000E+00  0.2776051E-01  0.7731547E-02  0.7995784E-04  0.0000000E+00  0.0000000E+00  0.0000000E+00
  0.50000  0.03041  0.46724  0.46860  0.2783153E-01  0.7765501E-02 -0.0000000E+00  0.0000000E+00  0.2775226E-01  0.7765501E-02  0.7926977E-04  0.0000000E+00  0.0000000E+00  0.0000000E+00
  0.50000  0.03032  0.46734  0.46870  0.2782261E-01  0.7799698E-02 -0.0000000E+00  0.0000000E+00  0.2774402E-01  0.7799698E-02  0.7858496E-04  0.0000000E+00  0.0000000E+00  0.0000000E+00
  0.50000  0.03023  0.46745  0.46880  0.2781371E-01  0.7834139E-02 -0.0000000E+00  0.0000000E+00  0.2773581E-01  0.7834139E-02  0.7790343E-04  0.0000000E+00  0.0000000E+00  0.0000000E+00
  0.50000  0.03013  0.46755  0.46890  0.2780484E-01  0.7868827E-02 -0.0000000E+00  0.0000000E+00  0.2772761E-01  0.7868827E-02  0.7722518E-04  0.0000000E+00  0.0000000E+00  0.0000000E+00
  0.50000  0.03004  0.46766  0.46900  0.2779598E-01  0.7903764E-02 -0.0000000E+00  0.0000000E+00  0.2771943E-01  0.7903764E-02  0.7655020E-04  0.0000000E+00  0.0000000E+00  0.0000000E+00
  0.50000  0.02995  0.46776  0.46910  0.2778715E-01  0.7938951E-02 -0.0000000E+00  0.0000000E+00  0.2771128E-01  0.7938951E-02  0.7587850E-04  0.0000000E+00  0.0000000E+00  0.0000000E+00
  0.50000  0.02985  0.46786  0.46920  0.2777835E-01  0.7974390E-02 -0.0000000E+00  0.0000000E+00  0.2770314E-01  0.7974390E-02  0.7521007E-04  0.0000000E+00  0.0000000E+00  0.0000000E+00
  0.50000  0.02976  0.46797  0.46930  0.2776956E-01  0.8010084E-02 -0.0000000E+00  0.0000000E+00  0.2769502E-01  0.8010084E-02  0.7454491E-04  0.0000000E+00  0.0000000E+00  0.0000000E+00
  0.50000  0.02966  0.46807  0.46940  0.2776080E-01  0.8046034E-02 -0.0000000E+00  0.0000000E+00  0.2768692E-01  0.8046034E-02  0.7388304E-04  0.0000000E+00  0.0000000E+00  0.0000000E+00
  0.50000  0.02957  0.46818  0.46950  0.2775206E-01  0.8082242E-02 -0.0000000E+00  0.0000000E+00  0.2767884E-01  0.8082242E-02  0.7322443E-04  0.0000000E+00  0.0000000E+00  0.0000000E+00
  0.50000  0.02948  0.46828  0.46960  0.2774335E-01  0.8118711E-02 -0.0000000E+00  0.0000000E+00  0.2767078E-01  0.8118711E-02  0.7256910E-04  0.0000000E+00  0.0000000E+00  0.0000000E+00
  0.50000  0.02938  0.46839  0.46970  0.2773465E-01  0.8155443E-02 -0.0000000E+00  0.0000000E+00  0.2766274E-01  0.8155443E-02  0.7191705E-04  0.0000000E+00  0.0000000E+00  0.0000000E+00
  0.50000  0.02929  0.46849  0.46980  0.2772599E-01  0.8192439E-02 -0.0000000E+00  0.0000000E+00  0.2765472E-01  0.8192439E-02  0.7126827E-04  0.0000000E+00  0.0000000E+00  0.0000000E+00
  0.50000  0.02919  0.46859  0.46990  0.2771734E-01  0.8229702E-02 -0.0000000E+00  0.0000000E+00  0.2764672E-01  0.8229702E-02  0.7062277E-04  0.0000000E+00  0.0000000E+00  0.0000000E+00
  0.50000  0.02910  0.46870  0.47000  0.2770872E-01  0.8267233E-02 -0.0000000E+00  0.0000000E+00  0.2763874E-01  0.8267233E-02  0.6998054E-04  0.0000000E+00  0.0000000E+00  0.0000000E+00
  0.50000  0.02901  0.46880  0.47010  0.2770012E-01  0.8305036E-02 -0.0000000E+00  0.0000000E+00  0.2763078E-01  0.8305036E-02  0.6934158E-04  0.0000000E+00  0.0000000E+00  0.0000000E+00
  0.50000  0.02891  0.46891  0.47020  0.2769155E-01  0.8343111E-02 -0.0000000E+00  0.0000000E+00  0.2762284E-01  0.8343111E-02  0.6870590E-04  0.0000000E+00  0.0000000E+00  0.0000000E+00
  0.50000  0.02882  0.46901  0.47030  0.2768300E-01  0.8381462E-02 -0.0000000E+00  0.0000000E+00  0.2761493E-01  0.8381462E-02  0.6807349E-04  0.0000000E+00  0.0000000E+00  0.0000000E+00
  0.50000  0.02872  0.46912  0.47040  0.2767448E-01  0.8420091E-02 -0.0000000E+00  0.0000000E+00  0.2760703E-01  0.8420091E-02  0.6744435E-04  0.0000000E+00  0.0000000E+00  0.0000000E+00
  0.50000  0.02863  0.46922  0.47050  0.2766598E-01  0.8458999E-02 -0.0000000E+00  0.0000000E+00  0.2759916E-01  0.8458999E-02  0.6681848E-04  0.0000000E+00  0.0000000E+00  0.0000000E+00
  0.50000  0.02854  0.46932  0.47060  0.2765750E-01  0.8498189E-02 -0.0000000E+00  0.0000000E+00  0.2759131E-01  0.8498189E-02  0.6619589E-04  0.0000000E+00  0.0000000E+00  0.0000000E+00
  0.50000  0.02844  0.46943  0.47070  0.2764905E-01  0.8537664E-02 -0.0000000E+00  0.0000000E+00  0.2758348E-01  0.8537664E-02  0.6557656E-04  0.0000000E+00  0.0000000E+00  0.0000000E+00
  0.50000  0.02835  0.46953  0.47080  0.2764063E-01  0.8577425E-02 -0.0000000E+00  0.0000000E+00  0.2757567E-01  0.8577425E-02  0.6496051E-04  0.0000000E+00  0.0000000E+00  0.0000000E+00
  0.50000  0.02825  0.46964  0.47090  0.2763223E-01  0.8617475E-02 -0.0000000E+00  0.0000000E+00  0.2756788E-01  0.8617475E-02  0.6434772E-04  0.0000000E+00  0.0000000E+00  0.0000000E+00
  0.50000  0.02816  0.46974  0.47100  0.2762386E-01  0.8657816E-02 -0.0000000E+00  0.0000000E+00  0.2756012E-01  0.8657816E-02  0.6373820E-04  0.0000000E+00  0.0000000E+00  0.0000000E+00
  0.50000  0.02806  0.46984  0.47110  0.2761551E-01  0.8698451E-02 -0.0000000E+00  0.0000000E+00  0.2755238E-01  0.8698451E-02  0.6313195E-04  0.0000000E+00  0.0000000E+00  0.0000000E+00
  0.50000  0.02797  0.46995  0.47120  0.2760719E-01  0.8739381E-02 -0.0000000E+00  0.0000000E+00  0.2754466E-01  0.8739381E-02  0.6252897E-04  0.0000000E+00  0.0000000E+00  0.0000000E+00
  0.50000  0.02788  0.47005  0.47130  0.2759889E-01  0.8780610E-02 -0.0000000E+00  0.0000000E+00  0.2753697E-01  0.8780610E-02  0.6192925E-04  0.0000000E+00  0.0000000E+00  0.0000000E+00
  0.50000  0.02778  0.47016  0.47140  0.2759063E-01  0.8822140E-02 -0.0000000E+00  0.0000000E+00  0.2752929E-01  0.8822140E-02  0.6133279E-04  0.0000000E+00  0.0000000E+00  0.0000000E+00
  0.50000  0.02769  0.47026  0.47150  0.2758238E-01  0.8863974E-02 -0.0000000E+00  0.0000000E+00  0.2752164E-01  0.8863974E-02  0.6073960E-04  0.0000000E+00  0.0000000E+00  0.0000000E+00
  0.50000  0.02759  0.47037  0.47160  0.2757417E-01  0.8906113E-02 -0.0000000E+00  0.0000000E+00  0.2751402E-01  0.8906113E-02  0.6014967E-04  0.0000000E+00  0.0000000E+00  0.0000000E+00
  0.50000  0.02750  0.47047  0.47170  0.2756598E-01  0.8948560E-02 -0.0000000E+00  0.0000000E+00  0.2750642E-01  0.8948560E-02  0.5956299E-04  0.0000000E+00  0.0000000E+00  0.0000000E+00
  0.50000  0.02740  0.47057  0.47180  0.2755782E-01  0.8991318E-02 -0.0000000E+00  0.0000000E+00  0.2749884E-01  0.8991318E-02  0.5897958E-04  0.0000000E+00  0.0000000E+00  0.0000000E+00
  0.50000  0.02731  0.47068  0.47190  0.2754968E-01  0.9034389E-02 -0.0000000E+00  0.0000000E+00  0.2749128E-01  0.9034389E-02  0.5839943E-04  0.0000000E+00  0.0000000E+00  0.0000000E+00
  0.50000  0.02722  0.47078  0.47200  0.2754157E-01  0.9077777E-02 -0.0000000E+00  0.0000000E+00  0.2748375E-01  0.9077777E-02  0.5782253E-04  0.0000000E+00  0.0000000E+00  0.0000000E+00
  0.50000  0.02712  0.47089  0.47210  0.2753351E-01  0.9121483E-02 -0.0000000E+00  0.0000000E+00  0.2747626E-01  0.9121483E-02  0.5724889E-04  0.0000000E+00  0.0000000E+00  0.0000000E+00
  0.50000  0.02703  0.47099  0.47220  0.2752547E-01  0.9165510E-02 -0.0000000E+00  0.0000000E+00  0.2746879E-01  0.9165510E-02  0.5667851E-04  0.0000000E+00  0.0000000E+00  0.0000000E+00
  0.50000  0.02693  0.47110  0.47230  0.2751745E-01  0.9209860E-02 -0.0000000E+00  0.0000000E+00  0.2746134E-01  0.9209860E-02  0.5611137E-04  0.0000000E+00  0.0000000E+00  0.0000000E+00
  0.50000  0.02684  0.47120  0.47240  0.2750945E-01  0.9254538E-02 -0.0000000E+00  0.0000000E+00  0.2745390E-01  0.9254538E-02  0.5554749E-04  0.0000000E+00  0.0000000E+00  0.0000000E+00
  0.50000  0.02674  0.47130  0.47250  0.2750148E-01  0.9299545E-02 -0.0000000E+00  0.0000000E+00  0.2744649E-01  0.9299545E-02  0.5498685E-04  0.0000000E+00  0.0000000E+00  0.0000000E+00
  0.50000  0.02665  0.47141  0.47260  0.2749354E-01  0.9344884E-02 -0.0000000E+00  0.0000000E+00  0.2743911E-01  0.9344884E-02  0.5442946E-04  0.0000000E+00  0.0000000E+00  0.0000000E+00
  0.50000  0.02655  0.47151  0.47270  0.2748563E-01  0.9390557E-02 -0.0000000E+00  0.0000000E+00  0.2743175E-01  0.9390557E-02  0.5387532E-04  0.0000000E+00  0.0000000E+00  0.0000000E+00
  0.50000  0.02646  0.47162  0.47280  0.2747774E-01  0.9436568E-02 -0.0000000E+00  0.0000000E+00  0.2742442E-01  0.9436568E-02  0.5332442E-04  0.0000000E+00  0.0000000E+00  0.0000000E+00
  0.50000  0.02637  0.47172  0.47290  0.2746989E-01  0.9482920E-02 -0.0000000E+00  0.0000000E+00  0.2741711E-01  0.9482920E-02  0.5277676E-04  0.0000000E+00  0.0000000E+00  0.0000000E+00
  0.50000  0.02627  0.47182  0.47300  0.2746206E-01  0.9529615E-02 -0.0000000E+00  0.0000000E+00  0.2740983E-01  0.9529615E-02  0.5223235E-04  0.0000000E+00  0.0000000E+00  0.0000000E+00
  0.50000  0.02618  0.47193  0.47310  0.2745426E-01  0.9576656E-02 -0.0000000E+00  0.0000000E+00  0.2740257E-01  0.9576656E-02  0.5169117E-04  0.0000000E+00  0.0000000E+00  0.0000000E+00
  0.50000  0.02608  0.47203  0.47320  0.2744649E-01  0.9624047E-02 -0.0000000E+00  0.0000000E+00  0.2739534E-01  0.9624047E-02  0.5115322E-04  0.0000000E+00  0.0000000E+00  0.0000000E+00
  0.50000  0.02599  0.47214  0.47330  0.2743876E-01  0.9671789E-02 -0.0000000E+00  0.0000000E+00  0.2738814E-01  0.9671789E-02  0.5061851E-04  0.0000000E+00  0.0000000E+00  0.0000000E+00
  0.50000  0.02589  0.47224  0.47340  0.2743105E-01  0.9719887E-02 -0.0000000E+00  0.0000000E+00  0.2738096E-01  0.9719887E-02  0.5008703E-04  0.0000000E+00  0.0000000E+00  0.0000000E+00
  0.50000  0.02580  0.47235  0.47350  0.2742374E-01  0.9768276E-02 -0.0000000E+00  0.0000000E+00  0.2737418E-01  0.9768276E-02  0.4955878E-04  0.0000000E+00  0.0000000E+00  0.0000000E+00
  0.50000  0.02570  0.47245  0.47360  0.2741610E-01  0.9817032E-02 -0.0000000E+00  0.0000000E+00  0.2736707E-01  0.9817032E-02  0.4903376E-04  0.0000000E+00  0.0000000E+00  0.0000000E+00
  0.50000  0.02561  0.47255  0.47370  0.2740849E-01  0.9866173E-02 -0.0000000E+00  0.0000000E+00  0.2735997E-01  0.9866173E-02  0.4851196E-04  0.0000000E+00  0.0000000E+00  0.0000000E+00
  0.50000  0.02551  0.47266  0.47380  0.2740090E-01  0.9915689E-02 -0.0000000E+00  0.0000000E+00  0.2735290E-01  0.9915689E-02  0.4799338E-04  0.0000000E+00  0.0000000E+00  0.0000000E+00
  0.50000  0.02542  0.47276  0.47390  0.2739334E-01  0.9965580E-02 -0.0000000E+00  0.0000000E+00  0.2734586E-01  0.9965580E-02  0.4747802E-04  0.0000000E+00  0.0000000E+00  0.0000000E+00
  0.50000  0.02532  0.47287  0.47400  0.2738581E-01  0.1001585E-01 -0.0000000E+00  0.0000000E+00  0.2733885E-01  0.1001585E-01  0.4696588E-04  0.0000000E+00  0.0000000E+00  0.0000000E+00
  0.50000  0.02523  0.47297  0.47410  0.2737831E-01  0.1006649E-01 -0.0000000E+00  0.0000000E+00  0.2733186E-01  0.1006649E-01  0.4645696E-04  0.0000000E+00  0.0000000E+00  0.0000000E+00
  0.50000  0.02513  0.47308  0.47420  0.2737085E-01  0.1011752E-01 -0.0000000E+00  0.0000000E+00  0.2732490E-01  0.1011752E-01  0.4595124E-04  0.0000000E+00  0.0000000E+00  0.0000000E+00
  0.50000  0.02504  0.47318  0.47430  0.2736342E-01  0.1016893E-01 -0.0000000E+00  0.0000000E+00  0.2731797E-01  0.1016893E-01  0.4544874E-04  0.0000000E+00  0.0000000E+00  0.0000000E+00
  0.50000  0.02494  0.47328  0.47440  0.2735601E-01  0.1022073E-01 -0.0000000E+00  0.0000000E+00  0.2731106E-01  0.1022073E-01  0.4494944E-04  0.0000000E+00  0.0000000E+00  0.0000000E+00
  0.50000  0.02485  0.47339  0.47450  0.2734864E-01  0.1027292E-01 -0.0000000E+00  0.0000000E+00  0.2730419E-01  0.1027292E-01  0.4445334E-04  0.0000000E+00  0.0000000E+00  0.0000000E+00
  0.50000  0.02475  0.47349  0.47460  0.2734130E-01  0.1032551E-01 -0.0000000E+00  0.0000000E+00  0.2729734E-01  0.1032551E-01  0.4396045E-04  0.0000000E+00  0.0000000E+00  0.0000000E+00
  0.50000  0.02466  0.47360  0.47470  0.2733400E-01  0.1037849E-01 -0.0000000E+00  0.0000000E+00  0.2729053E-01  0.1037849E-01  0.4347075E-04  0.0000000E+00  0.0000000E+00  0.0000000E+00
  0.50000  0.02456  0.47370  0.47480  0.2732672E-01  0.1043188E-01 -0.0000000E+00  0.0000000E+00  0.2728374E-01  0.1043188E-01  0.4298424E-04  0.0000000E+00  0.0000000E+00  0.0000000E+00
  0.50000  0.02447  0.47381  0.47490  0.2731948E-01  0.1048567E-01 -0.0000000E+00  0.0000000E+00  0.2727698E-01  0.1048567E-01  0.4250093E-04  0.0000000E+00  0.0000000E+00  0.0000000E+00
  0.50000  0.02437  0.47391  0.47500  0.2731228E-01  0.1053986E-01 -0.0000000E+00  0.0000000E+00  0.2727026E-01  0.1053986E-01  0.4202080E-04  0.0000000E+00  0.0000000E+00  0.0000000E+00
  0.50000  0.02428  0.47401  0.47510  0.2730510E-01  0.1059447E-01 -0.0000000E+00  0.0000000E+00  0.2726356E-01  0.1059447E-01  0.4154386E-04  0.0000000E+00  0.0000000E+00  0.0000000E+00
  0.50000  0.02418  0.47412  0.47520  0.2729796E-01  0.1064950E-01 -0.0000000E+00  0.0000000E+00  0.2725689E-01  0.1064950E-01  0.4107010E-04  0.0000000E+00  0.0000000E+00  0.0000000E+00
  0.50000  0.02409  0.47422  0.47530  0.2729085E-01  0.1070494E-01 -0.0000000E+00  0.0000000E+00  0.2725025E-01  0.1070494E-01  0.4059952E-04  0.0000000E+00  0.0000000E+00  0.0000000E+00
  0.50000  0.02399  0.47433  0.47540  0.2728378E-01  0.1076081E-01 -0.0000000E+00  0.0000000E+00  0.2724365E-01  0.1076081E-01  0.4013211E-04  0.0000000E+00  0.0000000E+00  0.0000000E+00
  0.50000  0.02390  0.47443  0.47550  0.2727674E-01  0.1081710E-01 -0.0000000E+00  0.0000000E+00  0.2723707E-01  0.1081710E-01  0.3966787E-04  0.0000000E+00  0.0000000E+00  0.0000000E+00
  0.50000  0.02380  0.47454  0.47560  0.2726973E-01  0.1087382E-01 -0.0000000E+00  0.0000000E+00  0.2723052E-01  0.1087382E-01  0.3920680E-04  0.0000000E+00  0.0000000E+00  0.0000000E+00
  0.50000  0.02371  0.47464  0.47570  0.2726279E-01  0.1093098E-01 -0.0000000E+00  0.0000000E+00  0.2722404E-01  0.1093098E-01  0.3874890E-04  0.0000000E+00  0.0000000E+00  0.0000000E+00
  0.50000  0.02361  0.47474  0.47580  0.2725586E-01  0.1098857E-01 -0.0000000E+00  0.0000000E+00  0.2721756E-01  0.1098857E-01  0.3829415E-04  0.0000000E+00  0.0000000E+00  0.0000000E+00
  0.50000  0.02352  0.47485  0.47590  0.2724895E-01  0.1104661E-01 -0.0000000E+00  0.0000000E+00  0.2721111E-01  0.1104661E-01  0.3784256E-04  0.0000000E+00  0.0000000E+00  0.0000000E+00
  0.50000  0.02342  0.47495  0.47600  0.2724208E-01  0.1110510E-01 -0.0000000E+00  0.0000000E+00  0.2720469E-01  0.1110510E-01  0.3739412E-04  0.0000000E+00  0.0000000E+00  0.0000000E+00
  0.50000  0.02333  0.47506  0.47610  0.2723524E-01  0.1116403E-01 -0.0000000E+00  0.0000000E+00  0.2719829E-01  0.1116403E-01  0.3694883E-04  0.0000000E+00  0.0000000E+00  0.0000000E+00
  0.50000  0.02323  0.47516  0.47620  0.2722844E-01  0.1122342E-01 -0.0000000E+00  0.0000000E+00  0.2719194E-01  0.1122342E-01  0.3650669E-04  0.0000000E+00  0.0000000E+00  0.0000000E+00
  0.50000  0.02314  0.47527  0.47630  0.2722168E-01  0.1128326E-01 -0.0000000E+00  0.0000000E+00  0.2718561E-01  0.1128326E-01  0.3606768E-04  0.0000000E+00  0.0000000E+00  0.0000000E+00
  0.50000  0.02304  0.47537  0.47640  0.2721495E-01  0.1134357E-01 -0.0000000E+00  0.0000000E+00  0.2717932E-01  0.1134357E-01  0.3563181E-04  0.0000000E+00  0.0000000E+00  0.0000000E+00
  0.50000  0.02295  0.47547  0.47650  0.2720825E-01  0.1140435E-01 -0.0000000E+00  0.0000000E+00  0.2717305E-01  0.1140435E-01  0.3519907E-04  0.0000000E+00  0.0000000E+00  0.0000000E+00
  0.50000  0.02285  0.47558  0.47660  0.2720160E-01  0.1146560E-01 -0.0000000E+00  0.0000000E+00  0.2716683E-01  0.1146560E-01  0.3476946E-04  0.0000000E+00  0.0000000E+00  0.0000000E+00
  0.50000  0.02276  0.47568  0.47670  0.2719497E-01  0.1152732E-01 -0.0000000E+00  0.0000000E+00  0.2716063E-01  0.1152732E-01  0.3434297E-04  0.0000000E+00  0.0000000E+00  0.0000000E+00
  0.50000  0.02266  0.47579  0.47680  0.2718839E-01  0.1158953E-01 -0.0000000E+00  0.0000000E+00  0.2715447E-01  0.1158953E-01  0.3391961E-04  0.0000000E+00  0.0000000E+00  0.0000000E+00
  0.50000  0.02257  0.47589  0.47690  0.2718184E-01  0.1165222E-01 -0.0000000E+00  0.0000000E+00  0.2714834E-01  0.1165222E-01  0.3349935E-04  0.0000000E+00  0.0000000E+00  0.0000000E+00
  0.50000  0.02247  0.47599  0.47700  0.2717580E-01  0.1171530E-01 -0.0000000E+00  0.0000000E+00  0.2714272E-01  0.1171530E-01  0.3308221E-04  0.0000000E+00  0.0000000E+00  0.0000000E+00
  0.50000  0.02238  0.47610  0.47710  0.2716934E-01  0.1177888E-01 -0.0000000E+00  0.0000000E+00  0.2713667E-01  0.1177888E-01  0.3266816E-04  0.0000000E+00  0.0000000E+00  0.0000000E+00
  0.50000  0.02228  0.47620  0.47720  0.2716290E-01  0.1184299E-01 -0.0000000E+00  0.0000000E+00  0.2713065E-01  0.1184299E-01  0.3225722E-04  0.0000000E+00  0.0000000E+00  0.0000000E+00
  0.50000  0.02218  0.47631  0.47730  0.2715650E-01  0.1190761E-01 -0.0000000E+00  0.0000000E+00  0.2712465E-01  0.1190761E-01  0.3184938E-04  0.0000000E+00  0.0000000E+00  0.0000000E+00
  0.50000  0.02209  0.47641  0.47740  0.2715014E-01  0.1197275E-01 -0.0000000E+00  0.0000000E+00  0.2711869E-01  0.1197275E-01  0.3144462E-04  0.0000000E+00  0.0000000E+00  0.0000000E+00
  0.50000  0.02199  0.47652  0.47750  0.2714381E-01  0.1203841E-01 -0.0000000E+00  0.0000000E+00  0.2711276E-01  0.1203841E-01  0.3104295E-04  0.0000000E+00  0.0000000E+00  0.0000000E+00
  0.50000  0.02190  0.47662  0.47760  0.2713752E-01  0.1210458E-01 -0.0000000E+00  0.0000000E+00  0.2710687E-01  0.1210458E-01  0.3064437E-04  0.0000000E+00  0.0000000E+00  0.0000000E+00
  0.50000  0.02180  0.47672  0.47770  0.2713127E-01  0.1217129E-01 -0.0000000E+00  0.0000000E+00  0.2710102E-01  0.1217129E-01  0.3024885E-04  0.0000000E+00  0.0000000E+00  0.0000000E+00
  0.50000  0.02171  0.47683  0.47780  0.2712505E-01  0.1223852E-01 -0.0000000E+00  0.0000000E+00  0.2709520E-01  0.1223852E-01  0.2985641E-04  0.0000000E+00  0.0000000E+00  0.0000000E+00
  0.50000  0.02161  0.47693  0.47790  0.2711888E-01  0.1230629E-01 -0.0000000E+00  0.0000000E+00  0.2708941E-01  0.1230629E-01  0.2946703E-04  0.0000000E+00  0.0000000E+00  0.0000000E+00
  0.50000  0.02152  0.47704  0.47800  0.2711274E-01  0.1237459E-01 -0.0000000E+00  0.0000000E+00  0.2708366E-01  0.1237459E-01  0.2908071E-04  0.0000000E+00  0.0000000E+00  0.0000000E+00
  0.50000  0.02142  0.47714  0.47810  0.2710665E-01  0.1244345E-01 -0.0000000E+00  0.0000000E+00  0.2707795E-01  0.1244345E-01  0.2869744E-04  0.0000000E+00  0.0000000E+00  0.0000000E+00
  0.50000  0.02132  0.47725  0.47820  0.2710059E-01  0.1251285E-01 -0.0000000E+00  0.0000000E+00  0.2707227E-01  0.1251285E-01  0.2831723E-04  0.0000000E+00  0.0000000E+00  0.0000000E+00
  0.50000  0.02123  0.47735  0.47830  0.2709457E-01  0.1258280E-01 -0.0000000E+00  0.0000000E+00  0.2706663E-01  0.1258280E-01  0.2794005E-04  0.0000000E+00  0.0000000E+00  0.0000000E+00
  0.50000  0.02113  0.47745  0.47840  0.2708859E-01  0.1265332E-01 -0.0000000E+00  0.0000000E+00  0.2706103E-01  0.1265332E-01  0.2756592E-04  0.0000000E+00  0.0000000E+00  0.0000000E+00
  0.50000  0.02104  0.47756  0.47850  0.2708265E-01  0.1272441E-01 -0.0000000E+00  0.0000000E+00  0.2705546E-01  0.1272441E-01  0.2719481E-04  0.0000000E+00  0.0000000E+00  0.0000000E+00
  0.50000  0.02094  0.47766  0.47860  0.2707676E-01  0.1279606E-01 -0.0000000E+00  0.0000000E+00  0.2704993E-01  0.1279606E-01  0.2682674E-04  0.0000000E+00  0.0000000E+00  0.0000000E+00
  0.50000  0.02085  0.47777  0.47870  0.2707090E-01  0.1286829E-01 -0.0000000E+00  0.0000000E+00  0.2704444E-01  0.1286829E-01  0.2646168E-04  0.0000000E+00  0.0000000E+00  0.0000000E+00
  0.50000  0.02075  0.47787  0.47880  0.2706508E-01  0.1294111E-01 -0.0000000E+00  0.0000000E+00  0.2703898E-01  0.1294111E-01  0.2609963E-04  0.0000000E+00  0.0000000E+00  0.0000000E+00
  0.50000  0.02065  0.47798  0.47890  0.2705931E-01  0.1301452E-01 -0.0000000E+00  0.0000000E+00  0.2703356E-01  0.1301452E-01  0.2574060E-04  0.0000000E+00  0.0000000E+00  0.0000000E+00
  0.50000  0.02056  0.47808  0.47900  0.2705357E-01  0.1308852E-01 -0.0000000E+00  0.0000000E+00  0.2702819E-01  0.1308852E-01  0.2538456E-04  0.0000000E+00  0.0000000E+00  0.0000000E+00
  0.50000  0.02046  0.47818  0.47910  0.2704788E-01  0.1316312E-01 -0.0000000E+00  0.0000000E+00  0.2702284E-01  0.1316312E-01  0.2503152E-04  0.0000000E+00  0.0000000E+00  0.0000000E+00
  0.50000  0.02037  0.47829  0.47920  0.2704226E-01  0.1323833E-01 -0.0000000E+00  0.0000000E+00  0.2701758E-01  0.1323833E-01  0.2468147E-04  0.0000000E+00  0.0000000E+00  0.0000000E+00
  0.50000  0.02027  0.47839  0.47930  0.2703665E-01  0.1331416E-01 -0.0000000E+00  0.0000000E+00  0.2701232E-01  0.1331416E-01  0.2433441E-04  0.0000000E+00  0.0000000E+00  0.0000000E+00
  0.50000  0.02018  0.47850  0.47940  0.2703108E-01  0.1339060E-01 -0.0000000E+00  0.0000000E+00  0.2700709E-01  0.1339060E-01  0.2399032E-04  0.0000000E+00  0.0000000E+00  0.0000000E+00
  0.50000  0.02008  0.47860  0.47950  0.2702555E-01  0.1346767E-01 -0.0000000E+00  0.0000000E+00  0.2700190E-01  0.1346767E-01  0.2364920E-04  0.0000000E+00  0.0000000E+00  0.0000000E+00
  0.50000  0.01998  0.47871  0.47960  0.2702006E-01  0.1354538E-01 -0.0000000E+00  0.0000000E+00  0.2699675E-01  0.1354538E-01  0.2331104E-04  0.0000000E+00  0.0000000E+00  0.0000000E+00
  0.50000  0.01989  0.47881  0.47970  0.2701461E-01  0.1362372E-01 -0.0000000E+00  0.0000000E+00  0.2699164E-01  0.1362372E-01  0.2297584E-04  0.0000000E+00  0.0000000E+00  0.0000000E+00
  0.50000  0.01979  0.47891  0.47980  0.2700921E-01  0.1370271E-01 -0.0000000E+00  0.0000000E+00  0.2698657E-01  0.1370271E-01  0.2264359E-04  0.0000000E+00  0.0000000E+00  0.0000000E+00
  0.50000  0.01970  0.47902  0.47990  0.2700385E-01  0.1378235E-01 -0.0000000E+00  0.0000000E+00  0.2698154E-01  0.1378235E-01  0.2231428E-04  0.0000000E+00  0.0000000E+00  0.0000000E+00
  0.50000  0.01960  0.47912  0.48000  0.2699853E-01  0.1386266E-01 -0.0000000E+00  0.0000000E+00  0.2697654E-01  0.1386266E-01  0.2198791E-04  0.0000000E+00  0.0000000E+00  0.0000000E+00
  0.50000  0.01950  0.47923  0.48010  0.2699326E-01  0.1394363E-01 -0.0000000E+00  0.0000000E+00  0.2697159E-01  0.1394363E-01  0.2166447E-04  0.0000000E+00  0.0000000E+00  0.0000000E+00
  0.50000  0.01941  0.47933  0.48020  0.2698803E-01  0.1402528E-01 -0.0000000E+00  0.0000000E+00  0.2696669E-01  0.1402528E-01  0.2134395E-04  0.0000000E+00  0.0000000E+00  0.0000000E+00
  0.50000  0.01931  0.47944  0.48030  0.2698284E-01  0.1410760E-01 -0.0000000E+00  0.0000000E+00  0.2696182E-01  0.1410760E-01  0.2102635E-04  0.0000000E+00  0.0000000E+00  0.0000000E+00
  0.50000  0.01922  0.47954  0.48040  0.2697770E-01  0.1419062E-01 -0.0000000E+00  0.0000000E+00  0.2695699E-01  0.1419062E-01  0.2071165E-04  0.0000000E+00  0.0000000E+00  0.0000000E+00
  0.50000  0.01912  0.47964  0.48050  0.2697321E-01  0.1427420E-01 -0.0000000E+00  0.0000000E+00  0.2695281E-01  0.1427420E-01  0.2039985E-04  0.0000000E+00  0.0000000E+00  0.0000000E+00
  0.50000  0.01902  0.47975  0.48060  0.2696817E-01  0.1435847E-01 -0.0000000E+00  0.0000000E+00  0.2694808E-01  0.1435847E-01  0.2009095E-04  0.0000000E+00  0.0000000E+00  0.0000000E+00
  0.50000  0.01893  0.47985  0.48070  0.2696316E-01  0.1444351E-01 -0.0000000E+00  0.0000000E+00  0.2694337E-01  0.1444351E-01  0.1978493E-04  0.0000000E+00  0.0000000E+00  0.0000000E+00
  0.50000  0.01883  0.47996  0.48080  0.2695819E-01  0.1452929E-01 -0.0000000E+00  0.0000000E+00  0.2693871E-01  0.1452929E-01  0.1948179E-04  0.0000000E+00  0.0000000E+00  0.0000000E+00
  0.50000  0.01874  0.48006  0.48090  0.2695327E-01  0.1461581E-01 -0.0000000E+00  0.0000000E+00  0.2693409E-01  0.1461581E-01  0.1918152E-04  0.0000000E+00  0.0000000E+00  0.0000000E+00
  0.50000  0.01864  0.48017  0.48100  0.2694839E-01  0.1470307E-01 -0.0000000E+00  0.0000000E+00  0.2692951E-01  0.1470307E-01  0.1888411E-04  0.0000000E+00  0.0000000E+00  0.0000000E+00
  0.50000  0.01854  0.48027  0.48110  0.2694356E-01  0.1479107E-01 -0.0000000E+00  0.0000000E+00  0.2692497E-01  0.1479107E-01  0.1858955E-04  0.0000000E+00  0.0000000E+00  0.0000000E+00
  0.50000  0.01845  0.48037  0.48120  0.2693877E-01  0.1487984E-01 -0.0000000E+00  0.0000000E+00  0.2692047E-01  0.1487984E-01  0.1829784E-04  0.0000000E+00  0.0000000E+00  0.0000000E+00
  0.50000  0.01835  0.48048  0.48130  0.2693403E-01  0.1496937E-01 -0.0000000E+00  0.0000000E+00  0.2691602E-01  0.1496937E-01  0.1800897E-04  0.0000000E+00  0.0000000E+00  0.0000000E+00
  0.50000  0.01825  0.48058  0.48140  0.2692934E-01  0.1505967E-01 -0.0000000E+00  0.0000000E+00  0.2691161E-01  0.1505967E-01  0.1772293E-04  0.0000000E+00  0.0000000E+00  0.0000000E+00
  0.50000  0.01816  0.48069  0.48150  0.2692469E-01  0.1515076E-01 -0.0000000E+00  0.0000000E+00  0.2690725E-01  0.1515076E-01  0.1743971E-04  0.0000000E+00  0.0000000E+00  0.0000000E+00
  0.50000  0.01806  0.48079  0.48160  0.2692009E-01  0.1524263E-01 -0.0000000E+00  0.0000000E+00  0.2690293E-01  0.1524263E-01  0.1715931E-04  0.0000000E+00  0.0000000E+00  0.0000000E+00
  0.50000  0.01797  0.48090  0.48170  0.2691553E-01  0.1533531E-01 -0.0000000E+00  0.0000000E+00  0.2689865E-01  0.1533531E-01  0.1688171E-04  0.0000000E+00  0.0000000E+00  0.0000000E+00
  0.50000  0.01787  0.48100  0.48180  0.2691103E-01  0.1542879E-01 -0.0000000E+00  0.0000000E+00  0.2689442E-01  0.1542879E-01  0.1660690E-04  0.0000000E+00  0.0000000E+00  0.0000000E+00
  0.50000  0.01777  0.48111  0.48190  0.2690657E-01  0.1552309E-01 -0.0000000E+00  0.0000000E+00  0.2689023E-01  0.1552309E-01  0.1633489E-04  0.0000000E+00  0.0000000E+00  0.0000000E+00
  0.50000  0.01768  0.48121  0.48200  0.2690215E-01  0.1561822E-01 -0.0000000E+00  0.0000000E+00  0.2688609E-01  0.1561822E-01  0.1606565E-04  0.0000000E+00  0.0000000E+00  0.0000000E+00
  0.50000  0.01758  0.48131  0.48210  0.2689779E-01  0.1571418E-01 -0.0000000E+00  0.0000000E+00  0.2688199E-01  0.1571418E-01  0.1579918E-04  0.0000000E+00  0.0000000E+00  0.0000000E+00
  0.50000  0.01748  0.48142  0.48220  0.2689347E-01  0.1581100E-01 -0.0000000E+00  0.0000000E+00  0.2687794E-01  0.1581100E-01  0.1553548E-04  0.0000000E+00  0.0000000E+00  0.0000000E+00
  0.50000  0.01739  0.48152  0.48230  0.2688920E-01  0.1590867E-01 -0.0000000E+00  0.0000000E+00  0.2687393E-01  0.1590867E-01  0.1527452E-04  0.0000000E+00  0.0000000E+00  0.0000000E+00
  0.50000  0.01729  0.48163  0.48240  0.2688498E-01  0.1600721E-01 -0.0000000E+00  0.0000000E+00  0.2686997E-01  0.1600721E-01  0.1501631E-04  0.0000000E+00  0.0000000E+00  0.0000000E+00
  0.50000  0.01719  0.48173  0.48250  0.2688081E-01  0.1610663E-01 -0.0000000E+00  0.0000000E+00  0.2686605E-01  0.1610663E-01  0.1476084E-04  0.0000000E+00  0.0000000E+00  0.0000000E+00
  0.50000  0.01710  0.48184  0.48260  0.2687669E-01  0.1620694E-01 -0.0000000E+00  0.0000000E+00  0.2686218E-01  0.1620694E-01  0.1450809E-04  0.0000000E+00  0.0000000E+00  0.0000000E+00
  0.50000  0.01700  0.48194  0.48270  0.2687266E-01  0.1630814E-01 -0.0000000E+00  0.0000000E+00  0.2685840E-01  0.1630814E-01  0.1425805E-04  0.0000000E+00  0.0000000E+00  0.0000000E+00
  0.50000  0.01690  0.48204  0.48280  0.2686863E-01  0.1641026E-01 -0.0000000E+00  0.0000000E+00  0.2685462E-01  0.1641026E-01  0.1401073E-04  0.0000000E+00  0.0000000E+00  0.0000000E+00
  0.50000  0.01681  0.48215  0.48290  0.2686465E-01  0.1651331E-01 -0.0000000E+00  0.0000000E+00  0.2685088E-01  0.1651331E-01  0.1376609E-04  0.0000000E+00  0.0000000E+00  0.0000000E+00
  0.50000  0.01671  0.48225  0.48300  0.2686072E-01  0.1661729E-01 -0.0000000E+00  0.0000000E+00  0.2684720E-01  0.1661729E-01  0.1352415E-04  0.0000000E+00  0.0000000E+00  0.0000000E+00
  0.50000  0.01661  0.48236  0.48310  0.2685684E-01  0.1672221E-01 -0.0000000E+00  0.0000000E+00  0.2684356E-01  0.1672221E-01  0.1328488E-04  0.0000000E+00  0.0000000E+00  0.0000000E+00
  0.50000  0.01652  0.48246  0.48320  0.2685301E-01  0.1682810E-01 -0.0000000E+00  0.0000000E+00  0.2683996E-01  0.1682810E-01  0.1304829E-04  0.0000000E+00  0.0000000E+00  0.0000000E+00
  0.50000  0.01642  0.48257  0.48330  0.2684923E-01  0.1693495E-01 -0.0000000E+00  0.0000000E+00  0.2683642E-01  0.1693495E-01  0.1281434E-04  0.0000000E+00  0.0000000E+00  0.0000000E+00
  0.50000  0.01632  0.48267  0.48340  0.2684550E-01  0.1704279E-01 -0.0000000E+00  0.0000000E+00  0.2683292E-01  0.1704279E-01  0.1258305E-04  0.0000000E+00  0.0000000E+00  0.0000000E+00
  0.50000  0.01623  0.48277  0.48350  0.2684183E-01  0.1715163E-01 -0.0000000E+00  0.0000000E+00  0.2682947E-01  0.1715163E-01  0.1235440E-04  0.0000000E+00  0.0000000E+00  0.0000000E+00
  0.50000  0.01613  0.48288  0.48360  0.2683820E-01  0.1726148E-01 -0.0000000E+00  0.0000000E+00  0.2682607E-01  0.1726148E-01  0.1212837E-04  0.0000000E+00  0.0000000E+00  0.0000000E+00
  0.50000  0.01603  0.48298  0.48370  0.2683463E-01  0.1737235E-01 -0.0000000E+00  0.0000000E+00  0.2682272E-01  0.1737235E-01  0.1190496E-04  0.0000000E+00  0.0000000E+00  0.0000000E+00
  0.50000  0.01594  0.48309  0.48380  0.2683110E-01  0.1748426E-01 -0.0000000E+00  0.0000000E+00  0.2681942E-01  0.1748426E-01  0.1168415E-04  0.0000000E+00  0.0000000E+00  0.0000000E+00
  0.50000  0.01584  0.48319  0.48390  0.2682763E-01  0.1759722E-01 -0.0000000E+00  0.0000000E+00  0.2681616E-01  0.1759722E-01  0.1146594E-04  0.0000000E+00  0.0000000E+00  0.0000000E+00
  0.50000  0.01574  0.48330  0.48400  0.2682498E-01  0.1771100E-01 -0.0000000E+00  0.0000000E+00  0.2681373E-01  0.1771100E-01  0.1125032E-04  0.0000000E+00  0.0000000E+00  0.0000000E+00
  0.50000  0.01565  0.48340  0.48410  0.2682163E-01  0.1782591E-01 -0.0000000E+00  0.0000000E+00  0.2681059E-01  0.1782591E-01  0.1103727E-04  0.0000000E+00  0.0000000E+00  0.0000000E+00
  0.50000  0.01555  0.48350  0.48420  0.2681831E-01  0.1794197E-01 -0.0000000E+00  0.0000000E+00  0.2680748E-01  0.1794197E-01  0.1082679E-04  0.0000000E+00  0.0000000E+00  0.0000000E+00
  0.50000  0.01545  0.48361  0.48430  0.2681504E-01  0.1805917E-01 -0.0000000E+00  0.0000000E+00  0.2680443E-01  0.1805917E-01  0.1061886E-04  0.0000000E+00  0.0000000E+00  0.0000000E+00
  0.50000  0.01536  0.48371  0.48440  0.2681183E-01  0.1817751E-01 -0.0000000E+00  0.0000000E+00  0.2680142E-01  0.1817751E-01  0.1041347E-04  0.0000000E+00  0.0000000E+00  0.0000000E+00
  0.50000  0.01526  0.48382  0.48450  0.2680867E-01  0.1829701E-01 -0.0000000E+00  0.0000000E+00  0.2679846E-01  0.1829701E-01  0.1021062E-04  0.0000000E+00  0.0000000E+00  0.0000000E+00
  0.50000  0.01516  0.48392  0.48460  0.2680556E-01  0.1841766E-01 -0.0000000E+00  0.0000000E+00  0.2679555E-01  0.1841766E-01  0.1001028E-04  0.0000000E+00  0.0000000E+00  0.0000000E+00
  0.50000  0.01507  0.48403  0.48470  0.2680250E-01  0.1853950E-01 -0.0000000E+00  0.0000000E+00  0.2679269E-01  0.1853950E-01  0.9812457E-05  0.0000000E+00  0.0000000E+00  0.0000000E+00
  0.50000  0.01497  0.48413  0.48480  0.2679950E-01  0.1866253E-01 -0.0000000E+00  0.0000000E+00  0.2678988E-01  0.1866253E-01  0.9617128E-05  0.0000000E+00  0.0000000E+00  0.0000000E+00
  0.50000  0.01487  0.48423  0.48490  0.2679655E-01  0.1878677E-01 -0.0000000E+00  0.0000000E+00  0.2678713E-01  0.1878677E-01  0.9424286E-05  0.0000000E+00  0.0000000E+00  0.0000000E+00
  0.50000  0.01477  0.48434  0.48500  0.2679366E-01  0.1891224E-01 -0.0000000E+00  0.0000000E+00  0.2678442E-01  0.1891224E-01  0.9233918E-05  0.0000000E+00  0.0000000E+00  0.0000000E+00
  0.50000  0.01468  0.48444  0.48510  0.2679082E-01  0.1903895E-01 -0.0000000E+00  0.0000000E+00  0.2678177E-01  0.1903895E-01  0.9046013E-05  0.0000000E+00  0.0000000E+00  0.0000000E+00
  0.50000  0.01458  0.48455  0.48520  0.2678803E-01  0.1916694E-01 -0.0000000E+00  0.0000000E+00  0.2677917E-01  0.1916694E-01  0.8860559E-05  0.0000000E+00  0.0000000E+00  0.0000000E+00
  0.50000  0.01448  0.48465  0.48530  0.2678530E-01  0.1929620E-01 -0.0000000E+00  0.0000000E+00  0.2677663E-01  0.1929620E-01  0.8677544E-05  0.0000000E+00  0.0000000E+00  0.0000000E+00
  0.50000  0.01439  0.48476  0.48540  0.2678263E-01  0.1942677E-01 -0.0000000E+00  0.0000000E+00  0.2677413E-01  0.1942677E-01  0.8496957E-05  0.0000000E+00  0.0000000E+00  0.0000000E+00
  0.50000  0.01429  0.48486  0.48550  0.2678001E-01  0.1955866E-01 -0.0000000E+00  0.0000000E+00  0.2677169E-01  0.1955866E-01  0.8318785E-05  0.0000000E+00  0.0000000E+00  0.0000000E+00
  0.50000  0.01419  0.48497  0.48560  0.2677744E-01  0.1969190E-01 -0.0000000E+00  0.0000000E+00  0.2676930E-01  0.1969190E-01  0.8143016E-05  0.0000000E+00  0.0000000E+00  0.0000000E+00
  0.50000  0.01410  0.48507  0.48570  0.2677493E-01  0.1982650E-01 -0.0000000E+00  0.0000000E+00  0.2676697E-01  0.1982650E-01  0.7969638E-05  0.0000000E+00  0.0000000E+00  0.0000000E+00
  0.50000  0.01400  0.48517  0.48580  0.2677248E-01  0.1996248E-01 -0.0000000E+00  0.0000000E+00  0.2676468E-01  0.1996248E-01  0.7798639E-05  0.0000000E+00  0.0000000E+00  0.0000000E+00
  0.50000  0.01390  0.48528  0.48590  0.2677008E-01  0.2009987E-01 -0.0000000E+00  0.0000000E+00  0.2676245E-01  0.2009987E-01  0.7630006E-05  0.0000000E+00  0.0000000E+00  0.0000000E+00
  0.50000  0.01380  0.48538  0.48600  0.2676774E-01  0.2023868E-01 -0.0000000E+00  0.0000000E+00  0.2676028E-01  0.2023868E-01  0.7463726E-05  0.0000000E+00  0.0000000E+00  0.0000000E+00
  0.50000  0.01371  0.48549  0.48610  0.2676549E-01  0.2037895E-01 -0.0000000E+00  0.0000000E+00  0.2675819E-01  0.2037895E-01  0.7299787E-05  0.0000000E+00  0.0000000E+00  0.0000000E+00
  0.50000  0.01361  0.48559  0.48620  0.2676327E-01  0.2052070E-01 -0.0000000E+00  0.0000000E+00  0.2675613E-01  0.2052070E-01  0.7138176E-05  0.0000000E+00  0.0000000E+00  0.0000000E+00
  0.50000  0.01351  0.48570  0.48630  0.2676109E-01  0.2066394E-01 -0.0000000E+00  0.0000000E+00  0.2675411E-01  0.2066394E-01  0.6978880E-05  0.0000000E+00  0.0000000E+00  0.0000000E+00
  0.50000  0.01342  0.48580  0.48640  0.2675897E-01  0.2080870E-01 -0.0000000E+00  0.0000000E+00  0.2675215E-01  0.2080870E-01  0.6821887E-05  0.0000000E+00  0.0000000E+00  0.0000000E+00
  0.50000  0.01332  0.48590  0.48650  0.2675691E-01  0.2095502E-01 -0.0000000E+00  0.0000000E+00  0.2675024E-01  0.2095502E-01  0.6667183E-05  0.0000000E+00  0.0000000E+00  0.0000000E+00
  0.50000  0.01322  0.48601  0.48660  0.2675490E-01  0.2110291E-01 -0.0000000E+00  0.0000000E+00  0.2674839E-01  0.2110291E-01  0.6514754E-05  0.0000000E+00  0.0000000E+00  0.0000000E+00
  0.50000  0.01312  0.48611  0.48670  0.2675295E-01  0.2125240E-01 -0.0000000E+00  0.0000000E+00  0.2674659E-01  0.2125240E-01  0.6364589E-05  0.0000000E+00  0.0000000E+00  0.0000000E+00
  0.50000  0.01303  0.48622  0.48680  0.2675106E-01  0.2140352E-01 -0.0000000E+00  0.0000000E+00  0.2674484E-01  0.2140352E-01  0.6216672E-05  0.0000000E+00  0.0000000E+00  0.0000000E+00
  0.50000  0.01293  0.48632  0.48690  0.2674923E-01  0.2155630E-01 -0.0000000E+00  0.0000000E+00  0.2674315E-01  0.2155630E-01  0.6070992E-05  0.0000000E+00  0.0000000E+00  0.0000000E+00
  0.50000  0.01283  0.48643  0.48700  0.2674745E-01  0.2171076E-01 -0.0000000E+00  0.0000000E+00  0.2674152E-01  0.2171076E-01  0.5927534E-05  0.0000000E+00  0.0000000E+00  0.0000000E+00
  0.50000  0.01273  0.48653  0.48710  0.2674573E-01  0.2186694E-01 -0.0000000E+00  0.0000000E+00  0.2673995E-01  0.2186694E-01  0.5786285E-05  0.0000000E+00  0.0000000E+00  0.0000000E+00
  0.50000  0.01264  0.48663  0.48720  0.2674407E-01  0.2202486E-01 -0.0000000E+00  0.0000000E+00  0.2673843E-01  0.2202486E-01  0.5647230E-05  0.0000000E+00  0.0000000E+00  0.0000000E+00
  0.50000  0.01254  0.48674  0.48730  0.2674247E-01  0.2218456E-01 -0.0000000E+00  0.0000000E+00  0.2673696E-01  0.2218456E-01  0.5510356E-05  0.0000000E+00  0.0000000E+00  0.0000000E+00
  0.50000  0.01244  0.48684  0.48740  0.2674093E-01  0.2234607E-01 -0.0000000E+00  0.0000000E+00  0.2673556E-01  0.2234607E-01  0.5375650E-05  0.0000000E+00  0.0000000E+00  0.0000000E+00
  0.50000  0.01234  0.48695  0.48750  0.2674043E-01  0.2250898E-01 -0.0000000E+00  0.0000000E+00  0.2673519E-01  0.2250898E-01  0.5243096E-05  0.0000000E+00  0.0000000E+00  0.0000000E+00
  0.50000  0.01225  0.48705  0.48760  0.2673901E-01  0.2267394E-01 -0.0000000E+00  0.0000000E+00  0.2673390E-01  0.2267394E-01  0.5112680E-05  0.0000000E+00  0.0000000E+00  0.0000000E+00
  0.50000  0.01215  0.48716  0.48770  0.2673765E-01  0.2284089E-01 -0.0000000E+00  0.0000000E+00  0.2673266E-01  0.2284089E-01  0.4984390E-05  0.0000000E+00  0.0000000E+00  0.0000000E+00
  0.50000  0.01205  0.48726  0.48780  0.2673633E-01  0.2300981E-01 -0.0000000E+00  0.0000000E+00  0.2673148E-01  0.2300981E-01  0.4858209E-05  0.0000000E+00  0.0000000E+00  0.0000000E+00
  0.50000  0.01195  0.48737  0.48790  0.2673508E-01  0.2318073E-01 -0.0000000E+00  0.0000000E+00  0.2673035E-01  0.2318073E-01  0.4734123E-05  0.0000000E+00  0.0000000E+00  0.0000000E+00
  0.50000  0.01186  0.48747  0.48800  0.2673389E-01  0.2335369E-01 -0.0000000E+00  0.0000000E+00  0.2672928E-01  0.2335369E-01  0.4612119E-05  0.0000000E+00  0.0000000E+00  0.0000000E+00
  0.50000  0.01176  0.48757  0.48810  0.2673275E-01  0.2352872E-01 -0.0000000E+00  0.0000000E+00  0.2672826E-01  0.2352872E-01  0.4492181E-05  0.0000000E+00  0.0000000E+00  0.0000000E+00
  0.50000  0.01166  0.48768  0.48820  0.2673168E-01  0.2370585E-01 -0.0000000E+00  0.0000000E+00  0.2672730E-01  0.2370585E-01  0.4374294E-05  0.0000000E+00  0.0000000E+00  0.0000000E+00
  0.50000  0.01156  0.48778  0.48830  0.2673066E-01  0.2388513E-01 -0.0000000E+00  0.0000000E+00  0.2672641E-01  0.2388513E-01  0.4258443E-05  0.0000000E+00  0.0000000E+00  0.0000000E+00
  0.50000  0.01147  0.48789  0.48840  0.2672971E-01  0.2406660E-01 -0.0000000E+00  0.0000000E+00  0.2672557E-01  0.2406660E-01  0.4144614E-05  0.0000000E+00  0.0000000E+00  0.0000000E+00
  0.50000  0.01137  0.48799  0.48850  0.2672882E-01  0.2425030E-01 -0.0000000E+00  0.0000000E+00  0.2672478E-01  0.2425030E-01  0.4032792E-05  0.0000000E+00  0.0000000E+00  0.0000000E+00
  0.50000  0.01127  0.48810  0.48860  0.2672798E-01  0.2443627E-01 -0.0000000E+00  0.0000000E+00  0.2672406E-01  0.2443627E-01  0.3922960E-05  0.0000000E+00  0.0000000E+00  0.0000000E+00
  0.50000  0.01117  0.48820  0.48870  0.2672721E-01  0.2462457E-01 -0.0000000E+00  0.0000000E+00  0.2672339E-01  0.2462457E-01  0.3815104E-05  0.0000000E+00  0.0000000E+00  0.0000000E+00
  0.50000  0.01107  0.48830  0.48880  0.2672650E-01  0.2481524E-01 -0.0000000E+00  0.0000000E+00  0.2672279E-01  0.2481524E-01  0.3709209E-05  0.0000000E+00  0.0000000E+00  0.0000000E+00
  0.50000  0.01098  0.48841  0.48890  0.2672584E-01  0.2500833E-01 -0.0000000E+00  0.0000000E+00  0.2672224E-01  0.2500833E-01  0.3605259E-05  0.0000000E+00  0.0000000E+00  0.0000000E+00
  0.50000  0.01088  0.48851  0.48900  0.2672525E-01  0.2520389E-01 -0.0000000E+00  0.0000000E+00  0.2672175E-01  0.2520389E-01  0.3503238E-05  0.0000000E+00  0.0000000E+00  0.0000000E+00
  0.50000  0.01078  0.48862  0.48910  0.2672472E-01  0.2540198E-01 -0.0000000E+00  0.0000000E+00  0.2672132E-01  0.2540198E-01  0.3403131E-05  0.0000000E+00  0.0000000E+00  0.0000000E+00
  0.50000  0.01068  0.48872  0.48920  0.2672425E-01  0.2560264E-01 -0.0000000E+00  0.0000000E+00  0.2672095E-01  0.2560264E-01  0.3304921E-05  0.0000000E+00  0.0000000E+00  0.0000000E+00
  0.50000  0.01059  0.48883  0.48930  0.2672384E-01  0.2580594E-01 -0.0000000E+00  0.0000000E+00  0.2672064E-01  0.2580594E-01  0.3208594E-05  0.0000000E+00  0.0000000E+00  0.0000000E+00
  0.50000  0.01049  0.48893  0.48940  0.2672350E-01  0.2601193E-01 -0.0000000E+00  0.0000000E+00  0.2672038E-01  0.2601193E-01  0.3114132E-05  0.0000000E+00  0.0000000E+00  0.0000000E+00
  0.50000  0.01039  0.48904  0.48950  0.2672321E-01  0.2622067E-01 -0.0000000E+00  0.0000000E+00  0.2672019E-01  0.2622067E-01  0.3021520E-05  0.0000000E+00  0.0000000E+00  0.0000000E+00
  0.50000  0.01029  0.48914  0.48960  0.2672302E-01  0.2643223E-01 -0.0000000E+00  0.0000000E+00  0.2672009E-01  0.2643223E-01  0.2930742E-05  0.0000000E+00  0.0000000E+00  0.0000000E+00
  0.50000  0.01019  0.48924  0.48970  0.2672285E-01  0.2664667E-01 -0.0000000E+00  0.0000000E+00  0.2672001E-01  0.2664667E-01  0.2841781E-05  0.0000000E+00  0.0000000E+00  0.0000000E+00
  0.50000  0.01010  0.48935  0.48980  0.2672274E-01  0.2686405E-01 -0.0000000E+00  0.0000000E+00  0.2671998E-01  0.2686405E-01  0.2754621E-05  0.0000000E+00  0.0000000E+00  0.0000000E+00
  0.50000  0.01000  0.48945  0.48990  0.2672269E-01  0.2708445E-01 -0.0000000E+00  0.0000000E+00  0.2672002E-01  0.2708445E-01  0.2669245E-05  0.0000000E+00  0.0000000E+00  0.0000000E+00
  0.50000  0.00990  0.48956  0.49000  0.2672269E-01  0.2730794E-01 -0.0000000E+00  0.0000000E+00  0.2672011E-01  0.2730794E-01  0.2585637E-05  0.0000000E+00  0.0000000E+00  0.0000000E+00
  0.50000  0.00980  0.48966  0.49010  0.2672276E-01  0.2753458E-01 -0.0000000E+00  0.0000000E+00  0.2672026E-01  0.2753458E-01  0.2503780E-05  0.0000000E+00  0.0000000E+00  0.0000000E+00
  0.50000  0.00970  0.48977  0.49020  0.2672290E-01  0.2776447E-01 -0.0000000E+00  0.0000000E+00  0.2672047E-01  0.2776447E-01  0.2423658E-05  0.0000000E+00  0.0000000E+00  0.0000000E+00
  0.50000  0.00961  0.48987  0.49030  0.2672309E-01  0.2799767E-01 -0.0000000E+00  0.0000000E+00  0.2672074E-01  0.2799767E-01  0.2345253E-05  0.0000000E+00  0.0000000E+00  0.0000000E+00
  0.50000  0.00951  0.48997  0.49040  0.2672334E-01  0.2823427E-01 -0.0000000E+00  0.0000000E+00  0.2672107E-01  0.2823427E-01  0.2268549E-05  0.0000000E+00  0.0000000E+00  0.0000000E+00
  0.50000  0.00941  0.49008  0.49050  0.2672366E-01  0.2847435E-01 -0.0000000E+00  0.0000000E+00  0.2672146E-01  0.2847435E-01  0.2193528E-05  0.0000000E+00  0.0000000E+00  0.0000000E+00
  0.50000  0.00931  0.49018  0.49060  0.2672403E-01  0.2871801E-01 -0.0000000E+00  0.0000000E+00  0.2672191E-01  0.2871801E-01  0.2120173E-05  0.0000000E+00  0.0000000E+00  0.0000000E+00
  0.50000  0.00921  0.49029  0.49070  0.2672447E-01  0.2896533E-01 -0.0000000E+00  0.0000000E+00  0.2672242E-01  0.2896533E-01  0.2048468E-05  0.0000000E+00  0.0000000E+00  0.0000000E+00
  0.50000  0.00912  0.49039  0.49080  0.2672497E-01  0.2921642E-01 -0.0000000E+00  0.0000000E+00  0.2672299E-01  0.2921642E-01  0.1978394E-05  0.0000000E+00  0.0000000E+00  0.0000000E+00
  0.50000  0.00902  0.49050  0.49090  0.2672552E-01  0.2947136E-01 -0.0000000E+00  0.0000000E+00  0.2672361E-01  0.2947136E-01  0.1909934E-05  0.0000000E+00  0.0000000E+00  0.0000000E+00
  0.50000  0.00892  0.49060  0.49100  0.2672738E-01  0.2972951E-01 -0.0000000E+00  0.0000000E+00  0.2672554E-01  0.2972951E-01  0.1843071E-05  0.0000000E+00  0.0000000E+00  0.0000000E+00
  0.50000  0.00882  0.49071  0.49110  0.2672806E-01  0.2999214E-01 -0.0000000E+00  0.0000000E+00  0.2672628E-01  0.2999214E-01  0.1777788E-05  0.0000000E+00  0.0000000E+00  0.0000000E+00
  0.50000  0.00872  0.49081  0.49120  0.2672879E-01  0.3025903E-01 -0.0000000E+00  0.0000000E+00  0.2672708E-01  0.3025903E-01  0.1714066E-05  0.0000000E+00  0.0000000E+00  0.0000000E+00
  0.50000  0.00862  0.49091  0.49130  0.2672958E-01  0.3053027E-01 -0.0000000E+00  0.0000000E+00  0.2672793E-01  0.3053027E-01  0.1651887E-05  0.0000000E+00  0.0000000E+00  0.0000000E+00
  0.50000  0.00853  0.49102  0.49140  0.2673043E-01  0.3080594E-01 -0.0000000E+00  0.0000000E+00  0.2672884E-01  0.3080594E-01  0.1591235E-05  0.0000000E+00  0.0000000E+00  0.0000000E+00
  0.50000  0.00843  0.49112  0.49150  0.2673133E-01  0.3108618E-01 -0.0000000E+00  0.0000000E+00  0.2672980E-01  0.3108618E-01  0.1532090E-05  0.0000000E+00  0.0000000E+00  0.0000000E+00
  0.50000  0.00833  0.49123  0.49160  0.2673230E-01  0.3137111E-01 -0.0000000E+00  0.0000000E+00  0.2673082E-01  0.3137111E-01  0.1474435E-05  0.0000000E+00  0.0000000E+00  0.0000000E+00
  0.50000  0.00823  0.49133  0.49170  0.2673332E-01  0.3166086E-01 -0.0000000E+00  0.0000000E+00  0.2673191E-01  0.3166086E-01  0.1418252E-05  0.0000000E+00  0.0000000E+00  0.0000000E+00
  0.50000  0.00813  0.49144  0.49180  0.2673441E-01  0.3195557E-01 -0.0000000E+00  0.0000000E+00  0.2673304E-01  0.3195557E-01  0.1363523E-05  0.0000000E+00  0.0000000E+00  0.0000000E+00
  0.50000  0.00803  0.49154  0.49190  0.2673555E-01  0.3225540E-01 -0.0000000E+00  0.0000000E+00  0.2673424E-01  0.3225540E-01  0.1310228E-05  0.0000000E+00  0.0000000E+00  0.0000000E+00
  0.50000  0.00794  0.49165  0.49200  0.2673675E-01  0.3256049E-01 -0.0000000E+00  0.0000000E+00  0.2673549E-01  0.3256049E-01  0.1258351E-05  0.0000000E+00  0.0000000E+00  0.0000000E+00
  0.50000  0.00784  0.49175  0.49210  0.2673800E-01  0.3287101E-01 -0.0000000E+00  0.0000000E+00  0.2673680E-01  0.3287101E-01  0.1207872E-05  0.0000000E+00  0.0000000E+00  0.0000000E+00
  0.50000  0.00774  0.49185  0.49220  0.2673932E-01  0.3318712E-01 -0.0000000E+00  0.0000000E+00  0.2673816E-01  0.3318712E-01  0.1158773E-05  0.0000000E+00  0.0000000E+00  0.0000000E+00
  0.50000  0.00764  0.49196  0.49230  0.2674069E-01  0.3350901E-01 -0.0000000E+00  0.0000000E+00  0.2673958E-01  0.3350901E-01  0.1111036E-05  0.0000000E+00  0.0000000E+00  0.0000000E+00
  0.50000  0.00754  0.49206  0.49240  0.2674212E-01  0.3383686E-01 -0.0000000E+00  0.0000000E+00  0.2674105E-01  0.3383686E-01  0.1064641E-05  0.0000000E+00  0.0000000E+00  0.0000000E+00
  0.50000  0.00744  0.49217  0.49250  0.2674360E-01  0.3417086E-01 -0.0000000E+00  0.0000000E+00  0.2674258E-01  0.3417086E-01  0.1019570E-05  0.0000000E+00  0.0000000E+00  0.0000000E+00
  0.50000  0.00735  0.49227  0.49260  0.2674514E-01  0.3451122E-01 -0.0000000E+00  0.0000000E+00  0.2674416E-01  0.3451122E-01  0.9758041E-06  0.0000000E+00  0.0000000E+00  0.0000000E+00
  0.50000  0.00725  0.49238  0.49270  0.2674673E-01  0.3485815E-01 -0.0000000E+00  0.0000000E+00  0.2674579E-01  0.3485815E-01  0.9333246E-06  0.0000000E+00  0.0000000E+00  0.0000000E+00
  0.50000  0.00715  0.49248  0.49280  0.2674837E-01  0.3521188E-01 -0.0000000E+00  0.0000000E+00  0.2674748E-01  0.3521188E-01  0.8921126E-06  0.0000000E+00  0.0000000E+00  0.0000000E+00
  0.50000  0.00705  0.49258  0.49290  0.2675007E-01  0.3557263E-01 -0.0000000E+00  0.0000000E+00  0.2674922E-01  0.3557263E-01  0.8521489E-06  0.0000000E+00  0.0000000E+00  0.0000000E+00
  0.50000  0.00695  0.49269  0.49300  0.2675183E-01  0.3594066E-01 -0.0000000E+00  0.0000000E+00  0.2675101E-01  0.3594066E-01  0.8134144E-06  0.0000000E+00  0.0000000E+00  0.0000000E+00
  0.50000  0.00685  0.49279  0.49310  0.2675366E-01  0.3631623E-01 -0.0000000E+00  0.0000000E+00  0.2675289E-01  0.3631623E-01  0.7758901E-06  0.0000000E+00  0.0000000E+00  0.0000000E+00
  0.50000  0.00675  0.49290  0.49320  0.2675550E-01  0.3669961E-01 -0.0000000E+00  0.0000000E+00  0.2675476E-01  0.3669961E-01  0.7395567E-06  0.0000000E+00  0.0000000E+00  0.0000000E+00
  0.50000  0.00666  0.49300  0.49330  0.2675740E-01  0.3709109E-01 -0.0000000E+00  0.0000000E+00  0.2675669E-01  0.3709109E-01  0.7043951E-06  0.0000000E+00  0.0000000E+00  0.0000000E+00
  0.50000  0.00656  0.49311  0.49340  0.2675934E-01  0.3749097E-01 -0.0000000E+00  0.0000000E+00  0.2675867E-01  0.3749097E-01  0.6703858E-06  0.0000000E+00  0.0000000E+00  0.0000000E+00
  0.50000  0.00646  0.49321  0.49350  0.2676133E-01  0.3789958E-01 -0.0000000E+00  0.0000000E+00  0.2676069E-01  0.3789958E-01  0.6375095E-06  0.0000000E+00  0.0000000E+00  0.0000000E+00
  0.50000  0.00636  0.49332  0.49360  0.2676337E-01  0.3831724E-01 -0.0000000E+00  0.0000000E+00  0.2676276E-01  0.3831724E-01  0.6057468E-06  0.0000000E+00  0.0000000E+00  0.0000000E+00
  0.50000  0.00626  0.49342  0.49370  0.2676545E-01  0.3874431E-01 -0.0000000E+00  0.0000000E+00  0.2676488E-01  0.3874431E-01  0.5750783E-06  0.0000000E+00  0.0000000E+00  0.0000000E+00
  0.50000  0.00616  0.49352  0.49380  0.2676758E-01  0.3918118E-01 -0.0000000E+00  0.0000000E+00  0.2676704E-01  0.3918118E-01  0.5454844E-06  0.0000000E+00  0.0000000E+00  0.0000000E+00
  0.50000  0.00606  0.49363  0.49390  0.2676976E-01  0.3962823E-01 -0.0000000E+00  0.0000000E+00  0.2676924E-01  0.3962823E-01  0.5169455E-06  0.0000000E+00  0.0000000E+00  0.0000000E+00
  0.50000  0.00596  0.49373  0.49400  0.2677198E-01  0.4008589E-01 -0.0000000E+00  0.0000000E+00  0.2677149E-01  0.4008589E-01  0.4894421E-06  0.0000000E+00  0.0000000E+00  0.0000000E+00
  0.50000  0.00587  0.49384  0.49410  0.2677424E-01  0.4055461E-01 -0.0000000E+00  0.0000000E+00  0.2677378E-01  0.4055461E-01  0.4629546E-06  0.0000000E+00  0.0000000E+00  0.0000000E+00
  0.50000  0.00577  0.49394  0.49420  0.2677654E-01  0.4103486E-01 -0.0000000E+00  0.0000000E+00  0.2677610E-01  0.4103486E-01  0.4374632E-06  0.0000000E+00  0.0000000E+00  0.0000000E+00
  0.50000  0.00567  0.49405  0.49430  0.2677888E-01  0.4152715E-01 -0.0000000E+00  0.0000000E+00  0.2677847E-01  0.4152715E-01  0.4129483E-06  0.0000000E+00  0.0000000E+00  0.0000000E+00
  0.50000  0.00557  0.49415  0.49440  0.2678279E-01  0.4203141E-01 -0.0000000E+00  0.0000000E+00  0.2678240E-01  0.4203141E-01  0.3893900E-06  0.0000000E+00  0.0000000E+00  0.0000000E+00
  0.50000  0.00547  0.49426  0.49450  0.2678523E-01  0.4254867E-01 -0.0000000E+00  0.0000000E+00  0.2678486E-01  0.4254867E-01  0.3667687E-06  0.0000000E+00  0.0000000E+00  0.0000000E+00
  0.50000  0.00537  0.49436  0.49460  0.2678767E-01  0.4307994E-01 -0.0000000E+00  0.0000000E+00  0.2678732E-01  0.4307994E-01  0.3450646E-06  0.0000000E+00  0.0000000E+00  0.0000000E+00
  0.50000  0.00527  0.49446  0.49470  0.2679013E-01  0.4362569E-01 -0.0000000E+00  0.0000000E+00  0.2678981E-01  0.4362569E-01  0.3242578E-06  0.0000000E+00  0.0000000E+00  0.0000000E+00
  0.50000  0.00517  0.49457  0.49480  0.2679263E-01  0.4418657E-01 -0.0000000E+00  0.0000000E+00  0.2679233E-01  0.4418657E-01  0.3043285E-06  0.0000000E+00  0.0000000E+00  0.0000000E+00
  0.50000  0.00507  0.49467  0.49490  0.2679515E-01  0.4476329E-01 -0.0000000E+00  0.0000000E+00  0.2679487E-01  0.4476329E-01  0.2852568E-06  0.0000000E+00  0.0000000E+00  0.0000000E+00
  0.50000  0.00497  0.49478  0.49500  0.2679770E-01  0.4535663E-01 -0.0000000E+00  0.0000000E+00  0.2679743E-01  0.4535663E-01  0.2670230E-06  0.0000000E+00  0.0000000E+00  0.0000000E+00
  0.50000  0.00488  0.49488  0.49510  0.2680027E-01  0.4596744E-01 -0.0000000E+00  0.0000000E+00  0.2680002E-01  0.4596744E-01  0.2496071E-06  0.0000000E+00  0.0000000E+00  0.0000000E+00
  0.50000  0.00478  0.49499  0.49520  0.2680286E-01  0.4659661E-01 -0.0000000E+00  0.0000000E+00  0.2680263E-01  0.4659661E-01  0.2329892E-06  0.0000000E+00  0.0000000E+00  0.0000000E+00
  0.50000  0.00468  0.49509  0.49530  0.2680547E-01  0.4724512E-01 -0.0000000E+00  0.0000000E+00  0.2680526E-01  0.4724512E-01  0.2171496E-06  0.0000000E+00  0.0000000E+00  0.0000000E+00
  0.50000  0.00458  0.49520  0.49540  0.2680810E-01  0.4791402E-01 -0.0000000E+00  0.0000000E+00  0.2680790E-01  0.4791402E-01  0.2020684E-06  0.0000000E+00  0.0000000E+00  0.0000000E+00
  0.50000  0.00448  0.49530  0.49550  0.2681074E-01  0.4860443E-01 -0.0000000E+00  0.0000000E+00  0.2681055E-01  0.4860443E-01  0.1877256E-06  0.0000000E+00  0.0000000E+00  0.0000000E+00
  0.50000  0.00438  0.49540  0.49560  0.2681338E-01  0.4931757E-01 -0.0000000E+00  0.0000000E+00  0.2681321E-01  0.4931757E-01  0.1741016E-06  0.0000000E+00  0.0000000E+00  0.0000000E+00
  0.50000  0.00428  0.49551  0.49570  0.2681604E-01  0.5005477E-01 -0.0000000E+00  0.0000000E+00  0.2681588E-01  0.5005477E-01  0.1611764E-06  0.0000000E+00  0.0000000E+00  0.0000000E+00
  0.50000  0.00418  0.49561  0.49580  0.2681870E-01  0.5081745E-01 -0.0000000E+00  0.0000000E+00  0.2681855E-01  0.5081745E-01  0.1489303E-06  0.0000000E+00  0.0000000E+00  0.0000000E+00
  0.50000  0.00408  0.49572  0.49590  0.2682135E-01  0.5160717E-01 -0.0000000E+00  0.0000000E+00  0.2682121E-01  0.5160717E-01  0.1373435E-06  0.0000000E+00  0.0000000E+00  0.0000000E+00
  0.50000  0.00398  0.49582  0.49600  0.2682400E-01  0.5242561E-01 -0.0000000E+00  0.0000000E+00  0.2682388E-01  0.5242561E-01  0.1263964E-06  0.0000000E+00  0.0000000E+00  0.0000000E+00
  0.50000  0.00388  0.49593  0.49610  0.2682664E-01  0.5327462E-01 -0.0000000E+00  0.0000000E+00  0.2682653E-01  0.5327462E-01  0.1160692E-06  0.0000000E+00  0.0000000E+00  0.0000000E+00
  0.50000  0.00379  0.49603  0.49620  0.2682927E-01  0.5415621E-01 -0.0000000E+00  0.0000000E+00  0.2682917E-01  0.5415621E-01  0.1063423E-06  0.0000000E+00  0.0000000E+00  0.0000000E+00
  0.50000  0.00369  0.49614  0.49630  0.2683188E-01  0.5507257E-01 -0.0000000E+00  0.0000000E+00  0.2683178E-01  0.5507257E-01  0.9719614E-07  0.0000000E+00  0.0000000E+00  0.0000000E+00
  0.50000  0.00359  0.49624  0.49640  0.2683447E-01  0.5602613E-01 -0.0000000E+00  0.0000000E+00  0.2683438E-01  0.5602613E-01  0.8861121E-07  0.0000000E+00  0.0000000E+00  0.0000000E+00
  0.50000  0.00349  0.49634  0.49650  0.2683705E-01  0.5701954E-01 -0.0000000E+00  0.0000000E+00  0.2683697E-01  0.5701954E-01  0.8056807E-07  0.0000000E+00  0.0000000E+00  0.0000000E+00
  0.50000  0.00339  0.49645  0.49660  0.2683956E-01  0.5805574E-01 -0.0000000E+00  0.0000000E+00  0.2683949E-01  0.5805574E-01  0.7304733E-07  0.0000000E+00  0.0000000E+00  0.0000000E+00
  0.50000  0.00329  0.49655  0.49670  0.2684202E-01  0.5913797E-01 -0.0000000E+00  0.0000000E+00  0.2684196E-01  0.5913797E-01  0.6602971E-07  0.0000000E+00  0.0000000E+00  0.0000000E+00
  0.50000  0.00319  0.49666  0.49680  0.2684444E-01  0.6026983E-01 -0.0000000E+00  0.0000000E+00  0.2684438E-01  0.6026983E-01  0.5949601E-07  0.0000000E+00  0.0000000E+00  0.0000000E+00
  0.50000  0.00309  0.49676  0.49690  0.2684681E-01  0.6145532E-01 -0.0000000E+00  0.0000000E+00  0.2684676E-01  0.6145532E-01  0.5342712E-07  0.0000000E+00  0.0000000E+00  0.0000000E+00
  0.50000  0.00299  0.49687  0.49700  0.2684912E-01  0.6269894E-01 -0.0000000E+00  0.0000000E+00  0.2684907E-01  0.6269894E-01  0.4780406E-07  0.0000000E+00  0.0000000E+00  0.0000000E+00
  0.50000  0.00289  0.49697  0.49710  0.2685137E-01  0.6400569E-01 -0.0000000E+00  0.0000000E+00  0.2685132E-01  0.6400569E-01  0.4260795E-07  0.0000000E+00  0.0000000E+00  0.0000000E+00
  0.50000  0.00279  0.49708  0.49720  0.2685353E-01  0.6538123E-01 -0.0000000E+00  0.0000000E+00  0.2685350E-01  0.6538123E-01  0.3782003E-07  0.0000000E+00  0.0000000E+00  0.0000000E+00
  0.50000  0.00269  0.49718  0.49730  0.2685562E-01  0.6683194E-01 -0.0000000E+00  0.0000000E+00  0.2685559E-01  0.6683194E-01  0.3342167E-07  0.0000000E+00  0.0000000E+00  0.0000000E+00
  0.50000  0.00259  0.49728  0.49740  0.2685762E-01  0.6836507E-01 -0.0000000E+00  0.0000000E+00  0.2685759E-01  0.6836507E-01  0.2939442E-07  0.0000000E+00  0.0000000E+00  0.0000000E+00
  0.50000  0.00249  0.49739  0.49750  0.2685951E-01  0.6998888E-01 -0.0000000E+00  0.0000000E+00  0.2685949E-01  0.6998888E-01  0.2571994E-07  0.0000000E+00  0.0000000E+00  0.0000000E+00
  0.50000  0.00239  0.49749  0.49760  0.2686130E-01  0.7171286E-01 -0.0000000E+00  0.0000000E+00  0.2686128E-01  0.7171286E-01  0.2238009E-07  0.0000000E+00  0.0000000E+00  0.0000000E+00
  0.50000  0.00229  0.49760  0.49770  0.2686297E-01  0.7354793E-01 -0.0000000E+00  0.0000000E+00  0.2686295E-01  0.7354793E-01  0.1935690E-07  0.0000000E+00  0.0000000E+00  0.0000000E+00
  0.50000  0.00220  0.49770  0.49780  0.2686450E-01  0.7550676E-01 -0.0000000E+00  0.0000000E+00  0.2686449E-01  0.7550676E-01  0.1663260E-07  0.0000000E+00  0.0000000E+00  0.0000000E+00
  0.50000  0.00210  0.49781  0.49790  0.2686785E-01  0.7760274E-01 -0.0000000E+00  0.0000000E+00  0.2686784E-01  0.7760274E-01  0.1418961E-07  0.0000000E+00  0.0000000E+00  0.0000000E+00
  0.50000  0.00200  0.49791  0.49800  0.2686910E-01  0.7985530E-01 -0.0000000E+00  0.0000000E+00  0.2686909E-01  0.7985530E-01  0.1201058E-07  0.0000000E+00  0.0000000E+00  0.0000000E+00
  0.50000  0.00190  0.49802  0.49810  0.2687018E-01  0.8228466E-01 -0.0000000E+00  0.0000000E+00  0.2687017E-01  0.8228466E-01  0.1007842E-07  0.0000000E+00  0.0000000E+00  0.0000000E+00
  0.50000  0.00180  0.49812  0.49820  0.2687107E-01  0.8491538E-01 -0.0000000E+00  0.0000000E+00  0.2687107E-01  0.8491538E-01  0.8376248E-08  0.0000000E+00  0.0000000E+00  0.0000000E+00
  0.50000  0.00170  0.49822  0.49830  0.2687179E-01  0.8777719E-01 -0.0000000E+00  0.0000000E+00  0.2687178E-01  0.8777719E-01  0.6887497E-08  0.0000000E+00  0.0000000E+00  0.0000000E+00
  0.50000  0.00160  0.49833  0.49840  0.2687231E-01  0.9090639E-01 -0.0000000E+00  0.0000000E+00  0.2687231E-01  0.9090639E-01  0.5595869E-08  0.0000000E+00  0.0000000E+00  0.0000000E+00
  0.50000  0.00150  0.49843  0.49850  0.2687264E-01  0.9434784E-01 -0.0000000E+00  0.0000000E+00  0.2687264E-01  0.9434784E-01  0.4485385E-08  0.0000000E+00  0.0000000E+00  0.0000000E+00
  0.50000  0.00140  0.49854  0.49860  0.2687276E-01  0.9815766E-01 -0.0000000E+00  0.0000000E+00  0.2687276E-01  0.9815766E-01  0.3540399E-08  0.0000000E+00  0.0000000E+00  0.0000000E+00
  0.50000  0.00130  0.49864  0.49870  0.2687269E-01  0.1024072E+00 -0.0000000E+00  0.0000000E+00  0.2687268E-01  0.1024072E+00  0.2745626E-08  0.0000000E+00  0.0000000E+00  0.0000000E+00
  0.50000  0.00120  0.49875  0.49880  0.2687241E-01  0.1071888E+00 -0.0000000E+00  0.0000000E+00  0.2687241E-01  0.1071888E+00  0.2086164E-08  0.0000000E+00  0.0000000E+00  0.0000000E+00
  0.50000  0.00110  0.49885  0.49890  0.2687195E-01  0.1126242E+00 -0.0000000E+00  0.0000000E+00  0.2687195E-01  0.1126242E+00  0.1547531E-08  0.0000000E+00  0.0000000E+00  0.0000000E+00
  0.50000  0.00100  0.49896  0.49900  0.2687134E-01  0.1188780E+00 -0.0000000E+00  0.0000000E+00  0.2687134E-01  0.1188780E+00  0.1115693E-08  0.0000000E+00  0.0000000E+00  0.0000000E+00
  0.50000  0.00090  0.49906  0.49910  0.2687062E-01  0.1261792E+00 -0.0000000E+00  0.0000000E+00  0.2687062E-01  0.1261792E+00  0.7771005E-09  0.0000000E+00  0.0000000E+00  0.0000000E+00
  0.50000  0.00080  0.49916  0.49920  0.2686989E-01  0.1348570E+00 -0.0000000E+00  0.0000000E+00  0.2686989E-01  0.1348570E+00  0.5187328E-09  0.0000000E+00  0.0000000E+00  0.0000000E+00
  0.50000  0.00070  0.49927  0.49930  0.2686927E-01  0.1454051E+00 -0.0000000E+00  0.0000000E+00  0.2686927E-01  0.1454051E+00  0.3281450E-09  0.0000000E+00  0.0000000E+00  0.0000000E+00
  0.50000  0.00060  0.49937  0.49940  0.2686901E-01  0.1586047E+00 -0.0000000E+00  0.0000000E+00  0.2686901E-01  0.1586047E+00  0.1935231E-09  0.0000000E+00  0.0000000E+00  0.0000000E+00
  0.50000  0.00050  0.49948  0.49950  0.2686949E-01  0.1757789E+00 -0.0000000E+00  0.0000000E+00  0.2686949E-01  0.1757789E+00  0.1037510E-09  0.0000000E+00  0.0000000E+00  0.0000000E+00
  0.50000  0.00040  0.49958  0.49960  0.2687142E-01  0.1993919E+00 -0.0000000E+00  0.0000000E+00  0.2687142E-01  0.1993919E+00  0.4849088E-10  0.0000000E+00  0.0000000E+00  0.0000000E+00
  0.50000  0.00030  0.49969  0.49970  0.2687624E-01  0.2347089E+00 -0.0000000E+00  0.0000000E+00  0.2687624E-01  0.2347089E+00  0.1828537E-10  0.0000000E+00  0.0000000E+00  0.0000000E+00
  0.50000  0.00020  0.49979  0.49980  0.2688734E-01  0.2957788E+00 -0.0000000E+00  0.0000000E+00  0.2688734E-01  0.2957788E+00  0.4693838E-11  0.0000000E+00  0.0000000E+00  0.0000000E+00
  0.50000  0.00010  0.49990  0.49990  0.2691657E-01  0.4410035E+00 -0.0000000E+00  0.0000000E+00  0.2691657E-01  0.4410035E+00  0.0000000E+00  0.0000000E+00  0.0000000E+00  0.0000000E+00
