qvcenter,Q2center,bin,nu,Ex,W2,RL,RLerr,RT,RTerr,Chi2,num_points
0.205,,Exbin,0.005935325271686054,0.0055328442274665,0.8495043615123621,0.003689213141587584,0.00023897971871806215,-3.918418862874701e-05,8.613924503287985e-06,611.099333154235,10
0.205,,Exbin,0.015933229562705264,0.0155328442274665,0.8684845285362742,0.04677364273667017,0.002967982466151439,0.008898496985247178,0.000682474159617514,440.52245132551707,6
0.205,,Exbin,0.025929218565977408,0.0255328442274665,0.8876609182875529,0.15722074077437717,0.009088084241473391,0.0352254525999436,0.0023204933441520787,18.111099292743187,4
0.205,,W2bin,0.03618052523812032,0.035790253864607394,0.907534672849,0.16398628573276738,0.010618463381211639,0.03574177803548663,0.003907206129602765,13.74071194203174,5
0.205,,W2bin,0.04638921256276507,0.04600702084251123,0.927534672849,0.15816222140182631,0.013315942343627525,0.04243687836748013,0.00589153586130664,8.510699239290304,3
0.205,,W2bin,0.056493139778088675,0.05612091204157449,0.947534672849,0.15035415212673212,0.01350134677670012,0.0356275233859866,0.005877153864630056,4.301409184004339,3
0.24,,Exbin,0.015064381843615138,0.0145144486142362,0.8512521636204389,0.06007562176128388,0.01216725881993737,0.11596447247961696,0.010288135471313782,184.8541863098861,3
0.24,,Exbin,0.025060537261992977,0.0245144486142362,0.8704115040137037,0.15148497855511894,0.010253080161314609,0.031576176596762394,0.003323984200280736,0.24543053052711208,3
0.24,,W2bin,0.03773169274947641,0.037193230580079534,0.894985160269,0.1290938854517298,0.008001153093757702,0.04615571175315218,0.005285419123303993,6.9304289681681475,5
0.24,,W2bin,0.04792432319095241,0.04739422949156533,0.914985160269,0.1290492281180828,0.006456358767996315,0.056294312009629595,0.0024656484292551726,6.337652457528026,8
0.24,,W2bin,0.05801268205560395,0.05749283236942474,0.934985160269,0.12925198455792397,0.006317403677493117,0.060922630999542406,0.0018575383585789503,5.941332870922011,9
0.24,,W2bin,0.06799990546302592,0.06749211892355834,0.954985160269,0.11583627094721309,0.0067475640128951886,0.059620984096008224,0.0023379682983516612,2.2036390460327677,6
0.24,,W2bin,0.07788897540992445,0.07739501751320163,0.974985160269,0.10822346764642421,0.009996577873305459,0.04978553761067702,0.005254152290534758,1.4884507372193942,4
0.24,,W2bin,0.0876827301701667,0.08720431535990811,0.994985160269,0.07734707928116841,0.006765330014892313,0.04861843288607168,0.001973716416050423,0.8022391424954866,4
0.24,,W2bin,0.09738387380956437,0.09692266789118943,1.014985160269,0.06202467766233228,0.005775437137647038,0.04115856242308799,0.0018055589699768444,6.0010186733122515,5
0.24,,W2bin,0.11651852455307476,0.11609655042338198,1.054985160269,0.028781475468454734,0.005281594295116156,0.03404782401385048,0.0019445421931225029,5.416948777589543,4
0.3,,Exbin,0.006755290814822956,0.0058930587633534,0.8030784704403856,0.04392739790160831,0.0035964179841414335,0.005172443022347403,0.00030896271051979933,139.5042768514731,3
0.3,,Exbin,0.016753037998306297,0.0158930587633534,0.8220747332547425,0.0073018106866905306,0.0003806665758948428,0.0012222975871433262,0.00014683362876840116,580.6773679834956,5
0.3,,Exbin,0.02674886998430992,0.0258930587633534,0.8412672095480144,0.08641292861564709,0.003582587544638313,0.03781780980131266,0.0012885763038182729,14.073054292646022,7
0.3,,W2bin,0.03368332233603999,0.03283152793566575,0.8546990925290001,0.07271159472486727,0.0032118796051743416,0.04412348878604269,0.0012465995925077323,21.871452801744383,7
0.3,,W2bin,0.04841234280206497,0.04757213873717781,0.8835479657004286,0.09863662859838322,0.005828001831058789,0.06297990290747542,0.0020736257635815443,13.158767149870144,6
0.3,,W2bin,0.05597411575521871,0.055141477749140175,0.8985273271875714,0.09017305831777105,0.004901736814500838,0.07353610636717449,0.0022150458242848926,1.6275177814367288,6
0.3,,W2bin,0.06309861353193014,0.0622741069848982,0.9127451083875412,0.08324017774029133,0.004244774789149361,0.07794443061680285,0.0019338418055401356,7.712277971283998,7
0.3,,W2bin,0.07343856830960782,0.0726275940585982,0.9335602974514864,0.08806440710604516,0.004508603184195235,0.08004575500646087,0.002633070575534775,5.308568113240481,6
0.3,,W2bin,0.08121337035198939,0.08041392125197917,0.9493524593334736,0.0867086141030348,0.007450854736102467,0.08128659983434199,0.002405673564522409,4.469835647729818,6
0.3,,W2bin,0.08838564041675767,0.08759785086876772,0.9640279639423854,0.08282377918008908,0.004335558320198264,0.08170400866310426,0.002243766512390744,6.93175437994027,7
0.3,,W2bin,0.09635625339210974,0.09558257813386642,0.9804576919747144,0.07884767256248393,0.005005508250565556,0.07661389812806198,0.0021518462241064797,1.002829104287945,6
0.3,,W2bin,0.10410070531664062,0.10334191042876063,0.9965429415355428,0.0684955366666381,0.004080834472050485,0.07081350571332001,0.002479542018849908,3.238952361784947,6
0.3,,W2bin,0.11345252017600538,0.11271322657820794,1.0161265697894892,0.0618538476281624,0.003727509517381645,0.06083316048061194,0.0019052614934118163,2.088353108118445,6
0.3,,W2bin,0.12380211603202784,0.12308635883305125,1.0380035520944455,0.050933193077555,0.003118924841126407,0.05162663914551944,0.0015201740105644278,11.304938944846919,7
0.3,,W2bin,0.13514158443694668,0.13445397215422944,1.062218870081943,0.041093478221613314,0.002419152151382939,0.044604882327449476,0.0020588560231233326,4.170179477060389,6
0.3,,W2bin,0.14951982290813237,0.1488714422407245,1.0932932255704435,0.02918635953940153,0.002364266905872086,0.03921183660296797,0.0014708304936514,5.932221549676818,6
0.38,,Exbin,0.010038014040709697,0.0086548746366796,0.7548937793509192,7.35564938071052e-07,8.108565677205575e-08,7.672081157806486e-07,4.974647387484805e-08,770.1212796533848,6
0.38,,Exbin,0.020035132295284086,0.0186548746366796,0.7739544764232758,-1.024382289783583,0.03302363493813375,1.2249140960168816,0.03948769635816284,539.0202200794515,5
0.38,,W2bin,0.03012296027606387,0.028747552604698925,0.793390735879,0.025977087489307316,0.0024080969532706657,0.028183860458204025,0.0006459840082028565,23.658541126232596,7
0.38,,W2bin,0.044458480315113014,0.04309332080936903,0.8213611624023334,0.04238621947878426,0.003722276383211889,0.0517977135997035,0.0013746703195673855,5.317480243795354,6
0.38,,W2bin,0.051261837845559155,0.04990292042000508,0.8347791953100372,0.04613723461297325,0.0042593776109898125,0.060150865443622484,0.0019203842637323266,2.024872936985496,6
0.38,,W2bin,0.05717208524984796,0.05581931071441479,0.8465109177480772,0.046952472310953834,0.0032958085574178644,0.06694751614098983,0.0017011925682667358,2.009706726253802,6
0.38,,W2bin,0.06194212517837905,0.06059479676670549,0.8560302966356004,0.050964219659843685,0.006098519676557279,0.07065871322103039,0.0021034529457372533,0.8601087098299635,6
0.38,,W2bin,0.06709940375711365,0.06575845433669487,0.866373670236357,0.04854205592372366,0.0033599109975560267,0.07750921445087171,0.0023835195590510214,0.3015449732935188,6
0.38,,W2bin,0.07140871054625098,0.070073482291789,0.8750571566116032,0.05340188591822628,0.0028841063654056853,0.07945836423714049,0.0021940190481744577,1.8145863992423568,6
0.38,,W2bin,0.0757135573163713,0.07438439975145696,0.8837687384183068,0.05227603764202792,0.0036023606130011713,0.08189910429359455,0.002744910626520719,2.082264960170634,6
0.38,,W2bin,0.080212925495177,0.0788904926367077,0.8929135804317672,0.055703165250211815,0.0043439231914145175,0.08695004356138915,0.0021319874747751984,0.2456958791024833,6
0.38,,W2bin,0.08470822991721294,0.0833929032581779,0.9020905967629336,0.05759218732470686,0.003445834486940939,0.0864007424503034,0.0031446297529348316,1.316702668090743,6
0.38,,W2bin,0.0893206933326155,0.08801306074623716,0.9115487985769652,0.05784902572099847,0.003856782276585255,0.08786659517137367,0.002479461583979527,1.673321470453424,6
0.38,,W2bin,0.09395086955765308,0.09265137079056723,0.9210861168845748,0.059092530211594996,0.0033355328928419705,0.09038255794093275,0.002386471331615388,1.0644313713305165,7
0.38,,W2bin,0.09821736469422004,0.09692572470059803,0.9299122761039572,0.05828822655900338,0.004099200046036339,0.09015512518458045,0.00295257111007059,0.05093299545781711,6
0.38,,W2bin,0.10281921797789895,0.10153644565946658,0.9394730063341412,0.060143666341262766,0.003324170012113444,0.08727836067483485,0.002514867202617009,0.7814868683376711,6
0.38,,W2bin,0.10752510462168086,0.10625182029222792,0.9492936756303,0.06226325922319745,0.004579724484437444,0.09223275807789212,0.0028708175944019156,1.2866853502767044,6
0.38,,W2bin,0.11177031983367736,0.11050595892141209,0.9581909735273304,0.06095186022184618,0.0049441091376701265,0.09104735269760449,0.003344447914517782,0.35988369295939177,6
0.38,,W2bin,0.11660835800488811,0.11535458784369503,0.9683746794662368,0.062312449678780205,0.0034303166710035545,0.08598850319136188,0.002475043816458325,1.9296294779004897,6
0.38,,W2bin,0.12012800266695367,0.11888221917506506,0.9758126824464126,0.06317153664335305,0.004164240274554033,0.08556052547983742,0.0023793006595180187,2.1239512634938302,6
0.38,,W2bin,0.12378224566302676,0.12254500554451613,0.983561344840352,0.05719552921381023,0.003937079216126517,0.08548584035485575,0.003537987288017318,0.8049565276443174,6
0.38,,W2bin,0.12846418554476735,0.1272382655918254,0.9935282230239716,0.0606835360613404,0.004224963547803466,0.08080159160092808,0.0023541536476189297,0.4994987778255942,6
0.38,,W2bin,0.13240090905004587,0.13118483267087586,1.0019426195205057,0.0549749471370283,0.004061830130699342,0.08432823879473669,0.0025696839858165292,3.167849012736641,6
0.38,,W2bin,0.13627113859934326,0.1350650291436804,1.0102451057982045,0.0538419776963823,0.004750106406603629,0.0808700076731007,0.0029197834291600556,0.6590235022973091,6
0.38,,W2bin,0.14050117183141853,0.13930628432587444,1.019353713810563,0.05309492200235395,0.003519361382510144,0.0743521385369932,0.003409039588728761,0.48765304194725795,6
0.38,,W2bin,0.14505201803628587,0.14386958660217877,1.0291930947033192,0.049325591344760715,0.003228384484216368,0.07551663709691128,0.00252602861047091,2.4085697945514255,7
0.38,,W2bin,0.15252625446717294,0.15136514218700206,1.04544301354614,0.04445587791697814,0.0033657865751665636,0.06691677376063233,0.0031778891793237322,4.446653994841375,6
0.38,,W2bin,0.15722511545819662,0.1560779542554372,1.0557161209724604,0.03683486340044907,0.0028925197874178827,0.07254219636754572,0.002439044312330996,0.858266307624801,6
0.38,,W2bin,0.16146286712641944,0.16032865095499294,1.0650189774442975,0.03536186663899199,0.005920718400759141,0.0635794706501523,0.001981115134365074,0.37290087397029315,6
0.38,,W2bin,0.16452335113753336,0.16339869790256814,1.0717597920822577,0.037276791936477816,0.0029042294323709233,0.05907977981623029,0.002385501806338266,4.630878731271203,6
0.38,,W2bin,0.16986446275781752,0.16875692874437095,1.0835686363673334,0.03148926298798845,0.004336713135665882,0.06477897504948005,0.004606865234860886,0.574741750331127,6
0.38,,W2bin,0.17438967779397851,0.1732970758605818,1.0936182345556666,0.02642004803902555,0.00296358029016472,0.06013186266273209,0.0017410368804559393,5.500846332099209,6
0.38,,W2bin,0.17759867306773047,0.1765168979136253,1.100769590754976,0.02995704083811256,0.003195937358639279,0.05728395046183199,0.002359183174230905,1.508446802021242,6
0.38,,W2bin,0.18219797016313166,0.18113205673660898,1.1110551949783094,0.029650611065515652,0.0036045664725588983,0.05048791230229109,0.004298798048302011,2.3977896400660557,6
0.38,,W2bin,0.18650560045092146,0.18545491063549321,1.1207269000323334,0.02284127826678663,0.0031089782706652937,0.05851983201355498,0.0019936905527539977,8.785488992828036,6
0.38,,W2bin,0.19005241666638806,0.18901452869403182,1.128718245895378,0.019914864983246083,0.0027329295152650275,0.05930590732848132,0.003033628469099281,3.4288386599492595,6
0.38,,W2bin,0.19562482702942197,0.19460753914249643,1.1413242821420448,0.021134083606263537,0.003055504030360846,0.055396811105719215,0.0028969484262625035,2.2562948677106074,7
0.38,,W2bin,0.20000585284274697,0.19900517870654513,1.151278746829,0.021360433344071575,0.0023408790561533664,0.05264497627103132,0.00211174921056225,6.930472232322274,6
0.38,,W2bin,0.20318250134252425,0.20219410383321398,1.1585206615451136,0.01394963559829576,0.003381426142191378,0.058425933547016404,0.0025072671036143884,3.528094150047856,6
0.38,,W2bin,0.20881348259519383,0.20784732222840607,1.171407398552614,0.021607262190907927,0.003719898875768858,0.053860308058951596,0.0040388579082447544,1.1068294076715919,6
0.38,,W2bin,0.21432453356175907,0.21338072529789234,1.1840810743726502,0.02236328038767802,0.0033628444813744354,0.05285845999573773,0.003082886118408959,5.430535638080352,6
0.38,,W2bin,0.22027531792074784,0.21935629903899412,1.1978342049569943,0.01562859521836173,0.0041978672227405926,0.061624116757920074,0.0040516643037779325,3.9933902274449014,6
0.38,,W2bin,0.22670432336979152,0.22581284889662717,1.212772163965844,0.020190923508941694,0.0036891518945014958,0.058120907077849115,0.0035481691681677613,3.1461712053763757,6
0.38,,W2bin,0.23349259225937147,0.23263106143055545,1.2286346032029558,0.017656233240995245,0.004993737346700404,0.06597403844654538,0.0049933368823057685,0.716831079367884,6
0.38,,W2bin,0.24188635602938124,0.24106307230867838,1.248376105623684,0.012829920104581154,0.005979787564634074,0.07530741450512528,0.005948223031244032,2.121070553612795,6
0.38,,W2bin,0.24964468475123225,0.2488579538634685,1.266748425744728,0.009717255447943258,0.006495254956206727,0.08581026953210981,0.0059247062237978935,5.409518983490757,6
0.38,,W2bin,0.2593875687960251,0.2586483752344485,1.289990838048818,0.012907664742123034,0.008031402116302825,0.08840096723784656,0.007379531225590506,0.26038495174767257,6
0.38,,W2bin,0.2726046244979393,0.2719328281426992,1.3218246215097724,0.010226501275382736,0.008994044076509526,0.10033205492986862,0.007583855891934086,1.0959407764740328,6
0.38,,W2bin,0.2926027347218382,0.292039280823802,1.3706550743270247,-0.01572771139715965,0.011150935725508187,0.13140874196433358,0.007912400195857792,6.0091246180349165,7
0.475,,Exbin,0.00969430436400387,0.0075325407610558,0.673017010143156,-0.039300870636761145,0.0023335295795066427,0.026174920604520816,0.0015541455728067446,209.98311447052407,6
0.475,,Exbin,0.019691488465362283,0.0175325407610558,0.6920709611607033,-1.7719211915562519e-06,3.430308007260302e-07,5.598589207988436e-06,2.7620006233116697e-07,1142.9818684440825,7
0.475,,Exbin,0.029686757692765298,0.0275325407610558,0.711321092512637,0.008422203014507556,0.0012612322832232536,0.0208910828123989,0.0005917938811993239,31.556722808056737,7
0.475,,W2bin,0.02461102210702415,0.022454163478469534,0.7015206400290002,141.99366279960964,3.585094740761117,0.00011575604416372225,4.077166547417899e-06,25.950923947181057,7
0.475,,W2bin,0.04194537818365762,0.03979957813739333,0.7352030689290001,0.010236457864339276,0.002858795624427458,0.02630476856448944,0.0007093797639177806,16.7533907043145,6
0.475,,W2bin,0.05393792965608879,0.05180315151105267,0.758857528929,0.014683524468077278,0.0021602683940075743,0.04164057057107221,0.001562038459351332,58.95364021471656,6
0.475,,W2bin,0.061926188926385906,0.05980028240336009,0.7747734175290002,0.012015270773940014,0.003578596718143877,0.048639853974670876,0.0016016385752241071,6.831119936415417,6
0.475,,W2bin,0.06851911018412327,0.0664014470964654,0.7880053531290001,0.015340712178083063,0.003031755885916548,0.0526505201450756,0.001367270838485176,1.8314894469089564,6
0.475,,W2bin,0.07477715824933362,0.0726680907516579,0.800645623129,0.022289814132444557,0.004517112018900478,0.05607310275100183,0.0018370473559793398,1.1012869175871403,6
0.475,,W2bin,0.07955135903556754,0.07744935388045042,0.8103414258461639,0.02055904385402514,0.006515945086775981,0.06183817640776223,0.0015806480490574999,2.435544289349921,6
0.475,,W2bin,0.08650427238080505,0.08441333403280224,0.8245434579882429,0.02173115572472376,0.003939457242047178,0.06751198221101429,0.002093707757728651,3.668225144669636,6
0.475,,W2bin,0.09356446708048882,0.09148571461306299,0.8390635584710789,0.02657046539698351,0.0035604270904832816,0.07272744810908566,0.0021336184272086616,6.593221232744901,6
0.475,,W2bin,0.09954270923213537,0.09747502233576699,0.8514364463290001,0.024861062435125984,0.00671949547933501,0.07857761989927985,0.0022357081048379403,2.895879008783673,6
0.475,,W2bin,0.10436603859341476,0.1023077789398337,0.861471164799,0.029679192432077898,0.004013796379452781,0.07802705184762257,0.002461351961444524,2.6524818175574785,6
0.475,,W2bin,0.1106158858210865,0.1085705049041707,0.874542894799,0.02552952088396262,0.007421199537966324,0.0876318420984808,0.002479602733197097,0.7396668120740382,6
0.475,,W2bin,0.116061106756013,0.11402755693195761,0.8859954086690001,0.03472480748411495,0.005518619183964675,0.08421858439465221,0.0027302363417862777,1.1756706009779119,6
0.475,,W2bin,0.12224203462657235,0.1202226031984967,0.8990671386690001,0.028918055760957448,0.005619901214691708,0.09056623330244924,0.00257507625746783,1.6150209288176682,6
0.475,,W2bin,0.12872202399448895,0.12671818047097072,0.912853381229,0.03560615866368907,0.005053348872616339,0.08840452027574118,0.003227739090214528,2.692409315857117,6
0.475,,W2bin,0.13501128490731185,0.13302334026305068,0.926314156229,0.038151199649076886,0.006238804679684326,0.0885208894896381,0.0026550895420241454,0.8330138465884492,6
0.475,,W2bin,0.14190015229040942,0.1399304924637918,0.941149038929,0.038339322195355754,0.006043420448723849,0.08998406383514454,0.0028635061611908437,1.9486603776322922,6
0.475,,W2bin,0.14765129705251556,0.14569759902932158,0.953606578929,0.031910615603994115,0.005351169029900827,0.09539984547204823,0.0030736991498530437,2.3757932547290173,6
0.475,,W2bin,0.1548443955961779,0.15291155386603741,0.969280640554971,0.02889923086421083,0.008806787675972191,0.09012089917348297,0.002720246408947352,0.6158916643338732,6
0.475,,W2bin,0.1616515317543249,0.1597393407099853,0.9842089755549708,0.030752910726761982,0.005759088359731258,0.0925033823353993,0.0035002795382472495,1.0065667876481166,6
0.475,,W2bin,0.16748668501785413,0.1655929030708869,0.997079481010784,0.03407254178894777,0.009810968410361004,0.0894134817199377,0.0026741835094865047,4.8676333455879535,6
0.475,,W2bin,0.1740617562890877,0.17218949991348537,1.0116636100487042,0.030043133998788652,0.0061701313605306745,0.08703957959875631,0.003739039219080256,1.0646441535977416,6
0.475,,W2bin,0.18033657289257976,0.17848563197250406,1.02566237656692,0.03527736463389644,0.0067289580704669475,0.08207848431735679,0.0021424276019728155,1.088640129228115,6
0.475,,W2bin,0.18742013958893156,0.18559416843709237,1.0415600445175857,0.028125355798992606,0.006707000996764738,0.08332485241381964,0.003097275900510451,3.4184402701730154,6
0.475,,W2bin,0.19377967290091058,0.19197693873742835,1.0559182542220962,0.03363633667333527,0.005175877938871761,0.07719740433429499,0.0026234261331062876,2.2128546951908303,6
0.475,,W2bin,0.20077964240629453,0.19900338168201717,1.071815922172762,0.032404857994765494,0.006511552154172835,0.07248446130574983,0.0028289277096860263,1.7579517782271672,6
0.475,,W2bin,0.210958957643126,0.20922287064020645,1.0951090924682516,0.018027514012449602,0.005791567786555667,0.07445090331117211,0.0024775647311088404,0.7523911335370543,6
0.475,,W2bin,0.22909676940856227,0.22743718822723882,1.137127178529,0.01628908397026998,0.005902363168443624,0.06741063981791075,0.0022254254930366368,9.163314058944543,6
0.475,,W2bin,0.2407466409737612,0.23913952557960627,1.1644623138018968,0.014092390706225187,0.0072597151311076255,0.06896799049012717,0.003273778979668022,6.549343937691357,6
0.475,,W2bin,0.2505239100107065,0.24896283513574233,1.187613093251004,0.010196922622253891,0.0032593422902391883,0.07438188262506029,0.002534498524566061,22.298864325955567,6
0.475,,W2bin,0.2588396169980417,0.25731914239456766,1.2074536177759,0.015391734341016892,0.003462452930320638,0.06970623870245997,0.0034137077462387195,1.5963490711391295,6
0.475,,W2bin,0.26860396432543354,0.2671328549498665,1.230927007019374,0.014926916047265752,0.004012601424657479,0.07340644072344278,0.003091504133524773,5.076001235237159,6
0.475,,W2bin,0.2798333869239126,0.2784213093945936,1.2581581698648288,0.015379132334562472,0.0044636267605600065,0.07817141320887155,0.0033637893891662707,8.180514866863058,6
0.475,,W2bin,0.29128975786475586,0.2899403963919585,1.2861995755279845,0.012133609319277055,0.005345843233158758,0.09105050181571755,0.005023936376764524,2.059555764580514,6
0.475,,W2bin,0.3020128170134565,0.3007244368647806,1.3126839078847372,0.019959694996957093,0.005933554613763181,0.09047268232604933,0.004924237490088657,6.05925613391158,6
0.475,,W2bin,0.3146869982160253,0.31347353770111797,1.3442837571295023,0.016758118091906218,0.01194945211138603,0.10486028269638421,0.01215060015734007,2.717254498302183,6
0.475,,W2bin,0.3264881462760477,0.3253472132854009,1.3739957571295025,-0.002707161891541038,0.012703769298716252,0.1294818172857977,0.011975517874548343,3.152212702924171,6
0.475,,W2bin,0.3372987379754281,0.3362265878158823,1.4014582587216542,0.00042651820421633473,0.012165971012369993,0.13581044792371436,0.010550503174293579,3.853847802479698,6
0.475,,W2bin,0.3477435934558094,0.34674002713030705,1.4282136786436848,0.012245225179713413,0.016577292356699597,0.13122517688797275,0.013935337260068228,5.389741790390502,6
0.475,,W2bin,0.35646710024761175,0.3555224176957778,1.450726927189196,0.00481638554635478,0.01783217017354527,0.13779420230364897,0.014151954403993335,4.592859079382838,6
0.475,,W2bin,0.36459293198938403,0.3637044112564138,1.4718346367385666,-0.008041682360743287,0.020677819893687065,0.15702214922636765,0.015451709256881701,6.129378935129816,6
0.475,,W2bin,0.3754622158041435,0.37465079729926776,1.5002752172439595,-0.0018639836721764454,0.02298846321781853,0.15149642995490487,0.015650306499798466,7.6400406770767315,6
0.475,,W2bin,0.38653828735244267,0.3858077678052475,1.5294999470964368,-0.022894852132757677,0.026609397115561605,0.16144116310698378,0.016390177876371575,18.687001964224613,6
0.57,,Exbin,0.010483811204636595,0.0073706279579388,0.5752394868071904,-1.0216774920233313e-08,5.796080750836361e-09,5.299610908238001e-08,3.967698946644211e-09,50.13646550577534,6
0.57,,Exbin,0.02048084405613082,0.0173706279579388,0.5943089334924077,0.011331712536732805,0.004568406815745826,0.026244274043985695,0.003385793718506007,47.768149433833955,4
0.57,,W2bin,0.029782689178292077,0.026676954586629678,0.6122318173504582,36.639735853064316,1.157629527470845,0.0010576026919380762,5.36777209847007e-05,5.538858307685646,7
0.57,,W2bin,0.04925029979240447,0.046159312855881394,0.6503022676328793,0.0031395647072150136,0.0006040723831172084,0.011525726583058924,0.00040809949881416747,64.67821073692376,6
0.57,,W2bin,0.061516833130948245,0.058438869903120354,0.6746797104320094,0.003470790706476967,0.0008406952856668944,0.016956248316424487,0.0006436732855305498,7.174190126222696,6
0.57,,W2bin,0.06968208933234721,0.06661439448611978,0.6910734621109802,0.0038177074841145527,0.001045824721339463,0.022211003157191513,0.0007557299810119777,6.176494521953145,6
0.57,,W2bin,0.07861884405763064,0.07556385277711934,0.7091690225109287,0.0057493690959086454,0.0009306127715944131,0.027204718233270482,0.000804929511795841,4.840455272684072,6
0.57,,W2bin,0.08683746104906642,0.08379550395649571,0.7259514573522298,0.006592497175590098,0.0018001414819620244,0.033642905476344735,0.0009606735281299377,6.163601295252533,6
0.57,,W2bin,0.09318958075576356,0.09015858486906199,0.73901505549934,0.009052491865130245,0.0016954623052834739,0.03615165740797197,0.0011821718411646422,2.1332336511507246,6
0.57,,W2bin,0.09968107996737385,0.09666208496065291,0.7524486721209176,0.008909861952852373,0.0014789008301898834,0.04305883960626561,0.001528670606966897,2.277712275076001,6
0.57,,W2bin,0.10534133864706041,0.10233346709137324,0.7642308878297411,0.007624517657931565,0.002491106683719998,0.04652740917390583,0.0013074307704746663,3.9690136534187994,6
0.57,,W2bin,0.11280672020619253,0.10981445873586788,0.7798685782287282,0.011182392799690593,0.0017273358047651393,0.04968193149350404,0.0019337428027848852,3.421311216454246,6
0.57,,W2bin,0.12021321342794755,0.11723749470430377,0.7954930640170346,0.012653934150485827,0.003123192855797114,0.054244479334516676,0.0015611700945799927,2.6366660084692963,6
0.57,,W2bin,0.12819017487517248,0.1252334492982894,0.8124437033648328,0.01754122359218156,0.0022070310090597754,0.05629836600060428,0.0022385712802156024,3.5729188870971003,6
0.57,,W2bin,0.1373114457926653,0.13437793285102906,0.831981900031115,0.011577246350540586,0.0031402235471339546,0.06652082330287593,0.001820125777333184,10.84634598219185,6
0.57,,W2bin,0.146302597980429,0.14339352750347614,0.8514042277346052,0.019150233048317,0.0027215832345535785,0.06809015879855523,0.0024444101330514697,2.9870053293606644,6
0.57,,W2bin,0.15763418378312577,0.15475812561260474,0.8761125554674619,0.015797915836328728,0.0028884933955302733,0.07768268267544322,0.0027869586735819684,1.444862749078355,6
0.57,,W2bin,0.16684937215274098,0.1640019754762706,0.8963954574325013,0.020160043499925534,0.002691538822275865,0.07504630223244393,0.002398045142694724,2.0103644697003022,6
0.57,,W2bin,0.17467342041364542,0.17185163630544897,0.9137497347115466,0.019997830018434356,0.0036419271082980737,0.08130708203239868,0.0025353279447139824,1.1002832615446663,6
0.57,,W2bin,0.18541600206152176,0.18263129634971131,0.9377769733540188,0.025928952350424795,0.0033816297677992805,0.07867269641884059,0.0030106491588919025,1.5766506385087498,6
0.57,,W2bin,0.19555065952320538,0.1928029620113891,0.9606560908945936,0.024872166103836725,0.0034468851130776503,0.07903228449626036,0.0025621021645441827,0.08291662554747417,6
0.57,,W2bin,0.2051728266557712,0.20246208809260124,0.9825683584965,0.025376142043752412,0.0034877921354966954,0.07881311090784783,0.003069794656200284,4.123217685347348,6
0.57,,W2bin,0.21785678408165998,0.2151974768133899,1.0117360776407058,0.02837504102595414,0.0033912696181593273,0.0731953452615256,0.0031320555368967258,4.213062017443983,6
0.57,,W2bin,0.23323374304053746,0.2306409226712925,1.047528048989448,0.022628893017604852,0.003293574435826124,0.07752877573613544,0.003414160862576901,2.3442583602204383,6
0.57,,W2bin,0.2482872212605126,0.24576387995765922,1.0830251586777968,0.022568279687975177,0.003543946314797472,0.06849114769059408,0.0031513090317386028,4.481174394174142,6
0.57,,W2bin,0.2630885630791514,0.2606377727361173,1.118369605243982,0.021074531369197874,0.00340351186754996,0.06900771889983132,0.0032129830615879266,2.031407160080271,6
0.57,,W2bin,0.2781015844359166,0.27572867300915954,1.1546671296616486,0.015298983224158371,0.00352119113877435,0.07056293973665521,0.003381062480567998,1.6217656707867463,6
0.57,,W2bin,0.29316656073824043,0.29087614103473847,1.1915433917511904,0.02101541804010374,0.003993466880521828,0.06275919852328381,0.0040435524103090235,5.281063505410825,6
0.57,,W2bin,0.31031636184182976,0.3081251454083633,1.234075394504588,0.016197728636398595,0.004957761567921418,0.06820106131642803,0.0045148460167339114,6.915192225955734,6
0.57,,W2bin,0.32682736271816826,0.3247369816151586,1.275578927749641,0.008854888936322598,0.004614472407411961,0.07840937766656579,0.004003711963071107,3.92863650528336,6
0.57,,W2bin,0.34075067257858505,0.33874938506226676,1.3110015550164116,0.012259209696077604,0.0053296584783152886,0.08336492823825663,0.004228415668587544,4.413179202056933,6
0.57,,W2bin,0.35522797696573194,0.3533232690795985,1.3482447774113029,-0.00041909803028771414,0.012181187931424501,0.09754941329217123,0.004141973304932646,3.138395681736324,6
0.57,,W2bin,0.3733236758267723,0.3715453360894871,1.3953858400398391,0.007180134726609873,0.013303756923936629,0.10186305946793194,0.005178425550526741,1.1830609648499057,6
0.57,,W2bin,0.3950247284536629,0.3934062123165477,1.4527828326996972,0.021797402704679184,0.02032527727194299,0.11045087669704007,0.007252036485390922,1.8116581722862901,6
0.57,,W2bin,0.41864773116926346,0.4172134561805776,1.5163338706769285,0.017203628707604245,0.009431601725899694,0.12303130891718346,0.006142526079965678,1.0938510415105236,6
0.57,,W2bin,0.44896993838126764,0.44778783205501416,1.5995429700886934,-0.009743771286918331,0.01312525327782641,0.14677178872630883,0.007017161656717621,2.937947336281909,7
0.649,,Exbin,0.02403127899239621,0.0199995118064282,0.5048285253670755,3.966393587335405e-05,4.620943844996056e-05,0.00022941543506452654,3.030897333106946e-05,13.31729250984618,4
0.649,,W2bin,0.04354374058087973,0.03952461202947827,0.5427631120848625,0.0017818236510807773,0.00017655755899251694,-0.00021951438639286725,2.178009933767789e-05,726.1323639126445,7
0.649,,W2bin,0.071389298405932,0.067400846137001,0.5982169568223492,0.0007812620706270896,0.00021738591475349933,0.006566970052940236,0.0001999487768495598,20.401362093788705,6
0.649,,W2bin,0.09462748899336593,0.0906760158153429,0.6456824201627345,0.001388837868960085,0.0005027352575892115,0.014209481251786126,0.00045648936717075173,12.59633662926146,6
0.649,,W2bin,0.11460821375647023,0.11069681330979579,0.6873578502812979,0.002492292932986165,0.0007422611110234174,0.02334475259066714,0.000737192379726247,9.740871081437128,6
0.649,,W2bin,0.13369030196140452,0.12982431678864645,0.7279043207519975,0.004857903905295578,0.0010996850186806189,0.031959616432020575,0.0011528514253400508,11.32343916979453,6
0.649,,W2bin,0.15280459544085667,0.14899110032659327,0.7692493192730014,0.008431952261836864,0.0014990136842579114,0.04330250343718702,0.001318326751310957,8.103849051595965,6
0.649,,W2bin,0.16879014080693666,0.16502592201695312,0.8043877977333194,0.01146009587833188,0.0018457373003174478,0.048835256009971795,0.002049493105195693,1.208000313726279,6
0.649,,W2bin,0.18368821554586112,0.17997433111215286,0.8375959691891464,0.011313236242537193,0.0019756995898402175,0.05760174971794646,0.0017399370860893357,2.764995863021332,6
0.649,,W2bin,0.20138745082296083,0.1977388948602218,0.8776249431699944,0.01298653353714514,0.0022113710730821477,0.06330230210163913,0.002325349601228909,5.137184822255435,6
0.649,,W2bin,0.22033658329794947,0.21676462571785515,0.921175166509848,0.014578816678440487,0.0030187342974905625,0.0648632576322233,0.0026230740714361703,1.035212608782492,6
0.649,,W2bin,0.23821175531625738,0.23471836421139608,0.962915379491554,0.015727990957373938,0.0027389610366894933,0.06722896105943654,0.002157643232363061,1.3382278377344718,6
0.649,,W2bin,0.25727355680636477,0.25387069656088623,1.008130569491554,0.014196813313502825,0.003290259765913913,0.06799162135716735,0.002478572884485898,3.3567720768617235,6
0.649,,W2bin,0.2773239574336269,0.27402384010834324,1.0564749629218912,0.017988105300967793,0.0030583843282560165,0.06493077380076943,0.0021776895962805237,4.159672969623374,6
0.649,,W2bin,0.3009922684879277,0.2978233513820426,1.1145774056804556,0.012459990479615655,0.0032930869727834824,0.06286589049783103,0.0029382116106899665,1.7095148929604,6
0.649,,W2bin,0.32372973816291817,0.3206969751976003,1.1714499111307028,0.010589750543342722,0.0034217426078826866,0.06304514609972599,0.0024803972716734854,1.6774001083239207,6
0.649,,W2bin,0.3459561638088092,0.34306607414100243,1.2280435451770733,0.011102747420626464,0.003675236776699495,0.065798066918737,0.002646100401069038,0.8236139534665167,6
0.649,,W2bin,0.3715040539510862,0.3687896574135087,1.2943149310567867,0.012278011758320448,0.007184458323269361,0.07142499716883445,0.006682222318144852,1.8865140123375974,6
0.756,,Exbin,0.02952194890895754,0.0240520067042381,0.3650910631336918,5.964392221643492e-05,2.0302275631802602e-05,3.0432300525234333e-05,1.7897120195600202e-05,2.2000881487929815,4
0.756,,W2bin,-0.014757807750016783,-0.020234016314568667,0.2813443103165235,0.001,inf,0.001999237868167232,inf,inf,7
0.756,,W2bin,0.03291902989411477,0.027451120877305384,0.3716779589298511,3.759572384966829e-07,8.996347107244265e-08,1.0637259060317085e-06,1.4518719472073878e-07,22.46968617175849,6
0.756,,W2bin,0.05664900854418509,0.05120147240263873,0.4183338030855955,0.00013641630954996437,2.4478239554782496e-05,0.00028320626889733884,2.9175506521080502e-05,39.05204047555837,6
0.756,,W2bin,0.0765681379120241,0.07114603680869014,0.4583665351985717,0.0002527929965155285,4.209595040270399e-05,0.0007488148199936833,5.800514116941369e-05,21.433695802026303,6
0.756,,W2bin,0.09297497645073605,0.08757953822237478,0.4919363889337378,0.0006291550503894163,7.127451231428685e-05,0.0012789550207266325,7.501071586250614e-05,1.4198461804211324,6
0.756,,W2bin,0.10913790121748523,0.10377377535280438,0.5255335959892243,0.0007121299620760006,0.00010433399814254916,0.0026618472536862545,0.00010991702401837259,27.95127519581483,6
0.756,,W2bin,0.12630817698964847,0.12098280103038349,0.5617970824006651,0.0011407997231481645,0.0001703285602296792,0.0049341812882948794,0.00019718593841190325,22.51216760073516,6
0.756,,W2bin,0.1434129927952782,0.13813183852764946,0.5985085870095066,0.0016197328597528351,0.0002925241690853115,0.008653961496796881,0.00029509539626294606,16.321673458625636,6
0.756,,W2bin,0.1614469184502355,0.15621846198556957,0.6378478990361925,0.001605470654354142,0.0003861963204290169,0.013613508473640224,0.00048404994280847345,9.663482690910719,6
0.756,,W2bin,0.17977546295482172,0.17460695348317706,0.6784963655156393,0.0027316963381604463,0.0005373233632528718,0.019500978872513938,0.0006827955306312085,6.84438527681484,7
0.756,,W2bin,0.19969056468398072,0.19459449169363063,0.7234250745482721,0.0036701303960531813,0.0008315357134497327,0.027261319474922604,0.001140848954610915,6.403002164059011,6
0.756,,W2bin,0.22098111300410606,0.21597088838016604,0.7723340985169369,0.0048672645541833134,0.0010398661097038027,0.035993685345798526,0.0012914358234072014,3.8774950621748596,6
0.756,,W2bin,0.24100347281250556,0.2360819116459787,0.8191569993291045,0.008121454584085573,0.0013874243101624237,0.04108877652952231,0.001807466540502797,1.0817584370170767,6
0.756,,W2bin,0.26301847792645117,0.25820327475869387,0.8715652149387175,0.012191574343334627,0.0016810431962857647,0.04241032342752663,0.0019239374149057455,3.0421776937686973,6
0.756,,W2bin,0.2832151019030288,0.27850564355234564,0.920497183090664,0.020192852415568098,0.0019094084919825012,0.03496485028645737,0.0022269384371764963,8.153355799864634,6
0.756,,W2bin,0.3227100802583479,0.31823000573655386,1.0185423286978312,0.0027078014936802778,0.002701079890726196,0.06117742825404445,0.0031716810495820615,1.7358322036142635,6
0.756,,W2bin,0.34399160449605126,0.33964752912553825,1.0726665159434146,0.008138730077140199,0.0032810045192894913,0.05423679601357065,0.003982504341387911,0.85285338977636,6
0.756,,W2bin,0.36312659501390077,0.35891221432935366,1.1221049059023451,0.006196479761803638,0.00399695731055181,0.05563365029147594,0.004409946797530719,8.308187743588967,6
0.756,,W2bin,0.3795263262087879,0.37542868682791103,1.1650590641563356,0.0026571065844518175,0.0029414842096374,0.060682464049387125,0.0032218160530461176,7.105144627040737,7
0.991,,W2bin,0.1980250271765266,0.1889874422341447,0.3090922065652665,-2.4418291336591125e-05,3.053726315152396e-05,0.0007098885981286977,4.9889996204772926e-05,8.161854962009535,6
0.991,,W2bin,0.3276472573021775,0.3192627976255876,0.6204730978480111,0.0005435698550094431,0.0004285269247535915,0.009063645271574175,0.000591472874563323,2.2480278670820777,6
0.991,,W2bin,0.34435071840926035,0.3360738498333583,0.6630426030259979,0.0016002283875046442,0.0005680405984130132,0.01092981363189667,0.000760975785654543,3.3287542194694177,6
0.991,,W2bin,0.3560423978336361,0.34784402040615253,0.6931713490692438,0.0016792489836249486,0.0006536575534167641,0.013028479477651888,0.0008709493403496316,1.6294377965267388,6
0.991,,W2bin,0.3682236389774015,0.3601098267296821,0.7248524676592465,0.0018658540945620916,0.0007447266486163428,0.015175865766793115,0.0009763303597035302,2.7508303449268503,6
0.991,,W2bin,0.38155717506508136,0.37353918842445394,0.7598706910123234,0.0027433492653684377,0.0008022118160189059,0.016623167756476463,0.001057747021616099,2.3902086427053613,6
0.991,,W2bin,0.39414070378351485,0.3862162785972297,0.7932452780301043,0.0025528354902780363,0.0009624557681526518,0.018924998903648745,0.0013191847829066075,7.1910094041065555,6
0.991,,W2bin,0.40606231140278937,0.39822932636498387,0.8251564294844349,0.0037227488678919464,0.001566486701908211,0.019476919446084297,0.002185817171547085,6.639780747226274,6
0.991,,W2bin,0.4165390947665649,0.4087887171998065,0.8534348121257678,0.003687781468453207,0.001142738301785438,0.021441778723727038,0.001404161978496531,1.2165658466370104,6
0.991,,W2bin,0.427196249540834,0.4195320604955798,0.8824252714416085,0.005999769888451486,0.0010850533197045101,0.02068942574000925,0.00134955783288787,0.4013571344956726,6
0.991,,W2bin,0.44706470548884514,0.4395670137133386,0.9370795582490984,0.00400582634800656,0.0012208362736599897,0.025656427382498456,0.0015210107283581261,1.9605699601321658,6
0.991,,W2bin,0.4697305670184043,0.4624320556024063,1.0003930447365503,0.005222618009762182,0.0014096807129731273,0.02699987586776404,0.0018110471176761948,1.2691599918159928,6
0.991,,W2bin,0.47707040626565755,0.4698385060346316,1.0211159576596742,0.0035976685985786004,0.002175455654183713,0.029290394993486388,0.002823726736198378,0.9842360092877407,6
0.991,,W2bin,0.4836277313420724,0.47645621423509804,1.0397206897911204,0.004663787822589637,0.0015350805345386489,0.02841743666599841,0.0018735147824414222,2.8804591689213166,6
0.991,,W2bin,0.49064816213025664,0.48354220633506745,1.0597346875836835,0.004376530370369702,0.0023026975360712857,0.029418276905188067,0.002873735204147596,1.4839877673645336,6
0.991,,W2bin,0.49741150087546837,0.4903695990758094,1.0791089860540424,0.004720409612221264,0.0015105642523476164,0.02902146868855491,0.0018844978450090473,3.939007539963992,6
0.991,,W2bin,0.5043256162197781,0.49735010283536035,1.0990097675192187,0.0050657082827429934,0.0023732781855955597,0.029543718841612738,0.002874979409159705,1.7631579671633077,6
0.991,,W2bin,0.5111111756105974,0.5042017073055531,1.1186334885104108,0.006314956778160662,0.0016532240064810126,0.02892848382044923,0.0019149534281535613,5.390827350190048,6
0.991,,W2bin,0.5179907207538624,0.5111491134118926,1.1386230243838835,0.005434946666297324,0.002444099005527135,0.030374002847882185,0.002951647570193721,5.061512261613204,6
0.991,,W2bin,0.5246950032825096,0.5179204010083062,1.158194378628413,0.006257021500603617,0.001707568435118662,0.030336073069220336,0.0019616208584451885,5.045169754593104,6
0.991,,W2bin,0.5307553671504169,0.5240420758808367,1.17596334349262,0.002778313756205387,0.002737724302031037,0.034248870478088986,0.003152895757366322,1.3582210511282007,6
0.991,,W2bin,0.545019406756588,0.5384531996142111,1.2180753639417512,0.007703184905896402,0.0017632945854134951,0.030797736877792498,0.0018209973846198615,2.2437349175697014,6
0.991,,W2bin,0.558350679116333,0.5519254640554208,1.2578014368917083,0.007722569616911221,0.0018500537146628412,0.03235811500490177,0.0018629463210966177,5.075700123811605,6
0.991,,W2bin,0.575168795308712,0.5689263095728258,1.3084250677872578,0.006013032178762265,0.0028556332200343534,0.03806707702900242,0.003259259278788249,2.293433933836019,6
0.991,,W2bin,0.5831759995118423,0.5770224176469511,1.3327260581155858,0.0033715803579832783,0.002280830821266554,0.042270242103597463,0.0021522422201965563,11.265896771431375,6
0.991,,W2bin,0.5913528554651867,0.5852913295691802,1.3576742577076044,0.0029389973808245547,0.0022604227946944953,0.043440493340677906,0.0024459775528077473,1.70080590417065,6
0.991,,W2bin,0.5987322693256875,0.5927549220512695,1.380304197934929,-0.001374833041802467,0.0033463130124706353,0.051196839655383325,0.0036957054899378504,5.738500429902491,6
0.991,,W2bin,0.6063024780155283,0.6004125705777357,1.4036324072868975,0.0007750321119123317,0.0025752638183026352,0.0484186133614138,0.0023054718085764284,5.1031935879908525,6
0.991,,W2bin,0.613886526682038,0.6080853205746769,1.427118196269808,-0.002395992793161625,0.004864190322740289,0.054860996492520436,0.0053047146071771665,2.5576621763284284,6
0.991,,W2bin,0.6209792125421586,0.6152619586929033,1.449186462317617,0.0005794411920552031,0.0029354649699093625,0.05188888243821831,0.0024244957327178344,4.070115124631159,6
0.991,,W2bin,0.6359122672990162,0.6303749205714299,1.4959782557812749,0.0022936415698637837,0.003245945156701573,0.05511081694261344,0.002569856185883849,5.46496538285167,6
0.991,,W2bin,0.648946391815317,0.6435695687785966,1.5371843977545852,0.003362201341017038,0.0031323603370808236,0.05632567629841109,0.0025055242065960656,1.473662843424987,6
0.991,,W2bin,0.6619863921646788,0.6567734242202798,1.5787491222112673,-2.5129132614718497e-06,0.003093496776105815,0.06206555706275059,0.0025316395837813913,0.44948592962389244,6
0.991,,W2bin,0.6695838760844196,0.6644678777825388,1.6031227339719492,0.003656713472607928,0.0050688885392113974,0.06084224879991195,0.0044280920316179155,0.30653682911840313,6
0.991,,W2bin,0.6791407371723731,0.6741482882225355,1.6339461971939029,0.005391366283474295,0.006240582038957463,0.06129927783495538,0.005762292908358724,3.0865503871744413,6
0.991,,W2bin,0.6865467050688404,0.6816512032712757,1.6579580739799933,0.005316168582010991,0.004636563001584214,0.06172501064128366,0.0037193669998140232,0.6853126262054654,6
0.991,,W2bin,0.6941382388764338,0.6893432046805084,1.6826854528100936,0.00828679855996514,0.00503991375715833,0.06042066251701629,0.004240858772347928,1.872185574000707,6
0.991,,W2bin,0.7049740875668723,0.7003243707078413,1.718179990797008,0.0059675263942869875,0.004726115863686735,0.06400631329694816,0.0035678314911937125,1.3766567472262026,6
0.991,,W2bin,0.71750088138167,0.7130219639764765,1.7595061462657204,0.010456983425909255,0.004819310207099226,0.06389638041492977,0.0036154941100142103,0.5289083910765401,6
0.991,,W2bin,0.7308904821837751,0.7265974545404986,1.8040257302558655,0.018302695496753153,0.004880438311857988,0.060899260632708244,0.0035099050567674508,2.354738376276151,6
0.991,,W2bin,0.7439368388255699,0.7398282415092635,1.84774894184155,0.02310987585507112,0.0070978520563838654,0.059022580989350884,0.005315672490126462,0.6742905001756402,6
0.991,,W2bin,0.7558981859026336,0.7519615478191862,1.888135007142736,0.02323152332567624,0.005577926667532854,0.0625845453944441,0.003559771181045107,5.333475741216861,6
0.991,,W2bin,0.7673931260916297,0.7636243265108783,1.9272159336964272,0.024668048306168287,0.006236388372872198,0.06449166750618415,0.003677438281962159,2.706602947673394,6
0.991,,W2bin,0.7789427227632159,0.7753451108829017,1.9667488385051943,0.02723169591341523,0.006198621090932565,0.06674210420792137,0.003581233805029546,2.2381499524105615,6
0.991,,W2bin,0.7909116791969178,0.7874941689189788,2.007998654769348,0.030946664657811124,0.006348232876283864,0.06865865644093831,0.0035283706992523148,1.774944467924493,6
0.991,,W2bin,0.808023938070315,0.8048686927303276,2.067471995913758,0.029486807372679565,0.008410293678978782,0.0764997869125509,0.0042840326395364595,2.1256989110810616,6
0.991,,W2bin,0.8302728168474666,0.827466955188629,2.1456733062886726,0.04574323848245359,0.011567189911045439,0.07799521005405022,0.005693262654532278,3.138418328148254,6
1.619,,W2bin,0.975529834706855,0.9595272918103589,1.0414802901319942,0.0010564995332589056,0.0007741680888334499,0.006119924892816566,0.0008633132556055102,0.723565450919879,6
1.619,,W2bin,0.9898595827986051,0.9741269934779836,1.0965342568496197,0.000830036559857587,0.000884269084424187,0.007060030207686963,0.000963064315838107,3.1010825695336446,6
1.619,,W2bin,1.0020860192427032,0.986586872077367,1.1438321235565048,0.0021099686268472953,0.0009411415799161398,0.006323987669031505,0.0009939801930328293,3.880176334814741,6
1.619,,W2bin,1.013228707650987,0.9979448063323227,1.1871979149647185,0.0017544702718930159,0.0010191387354726723,0.007494562387171456,0.0010689050863451,1.929325930991034,6
1.619,,W2bin,1.0234042629882456,1.0083190044594592,1.2270166841250556,0.0019081664560269844,0.0010888603780865047,0.007948022150732004,0.0011248985807422744,1.4080935142845443,6
1.619,,W2bin,1.0333479061312345,1.018458680703222,1.2661279974937507,0.0028589251253980973,0.0011333673731651617,0.007637165070473258,0.0011503904594293126,4.191044376944252,6
1.619,,W2bin,1.0427362474381683,1.028033847331855,1.3032366384355385,0.001977087963900816,0.0012247040504837262,0.009106614887014617,0.0012279623612905769,0.6973394480530989,6
1.619,,W2bin,1.051736921169892,1.037215218393721,1.338978486354599,0.0030214763809972827,0.001284115415427892,0.008753146398280143,0.0012652698250900307,3.6013097392781583,6
1.619,,W2bin,1.0617408831280368,1.0474218420317816,1.3788945327048894,0.002979763618849134,0.0013677865060481072,0.009626767963800546,0.001327484061275014,1.5306191224641879,6
1.619,,W2bin,1.0732780511479016,1.0591951137901638,1.4251766313742285,0.0016648170128978894,0.0015056132696011741,0.01195295648177582,0.0014537051296081883,0.39986468221555727,6
1.619,,W2bin,1.085811878419407,1.0719883329272488,1.4757585950461063,0.004571724769149165,0.0012254450727583839,0.010191934155152424,0.0010771585326034788,0.7443723871772674,6
1.619,,W2bin,1.0974189113650197,1.0838382632247892,1.522880557996967,0.004237113224602388,0.0016374906186868152,0.011759146067325556,0.0014984240260728198,1.1266733111764773,6
1.619,,W2bin,1.1074898904474004,1.0941220876933915,1.5639848039317032,0.003740921570115664,0.0016552601284353632,0.013108583610366816,0.001520951445510446,3.816126239157569,7
1.619,,W2bin,1.117507055788571,1.104352889890037,1.60507063777806,0.004620191849887854,0.0018524445971366266,0.013376884695936939,0.0016308383237424934,1.5802383346622904,6
1.619,,W2bin,1.1304701081152184,1.1175952616065647,1.6585370473742145,0.005199709291409289,0.001618482888597578,0.01415632347164532,0.0013040478992652454,2.1073674188941385,6
1.619,,W2bin,1.143163665474689,1.1305654531066078,1.711217592382393,0.004995483857493799,0.0021153013833870985,0.015913396804277804,0.001788494877860679,0.9111137606631083,6
1.619,,W2bin,1.1584566041596833,1.1461957773868667,1.7751140329596238,0.00590615446305538,0.002356582250031544,0.017212364263244715,0.0019400784807575271,0.7947501340457159,6
1.619,,W2bin,1.1657039841823593,1.1536046115111702,1.8055581499690967,0.007957997156141133,0.0023684851701715323,0.016719435505933803,0.0019368858693114967,0.819510748775159,7
1.619,,W2bin,1.3156588915453473,1.3071261063378352,2.4590479717251874,0.027443709555898414,0.007320606592320748,0.039703842417298615,0.0038513112095129053,0.8477354352239794,6
1.619,,W2bin,1.3215474354296202,1.3131635019705998,2.48562740038532,0.02357065220084289,0.0068924443573083975,0.043459277126905754,0.0036423699110917675,1.5014678519557105,6
1.619,,W2bin,1.329680256175663,1.3215029987619908,2.5224509721977943,0.02560296726843895,0.007239294972961725,0.045368574912221994,0.003970683700450686,1.312979304677487,6
1.619,,W2bin,1.3426669146161747,1.3348223107900796,2.5815258940892427,0.029170242965828617,0.008087436361846225,0.047824174715431336,0.003944868135398448,1.048177126989148,7
1.619,,W2bin,1.3479362983415317,1.340227591993629,2.6055919558232787,0.032007733651819796,0.010491508313837546,0.048712845506476934,0.004674121147962091,0.8256155204373581,6
1.619,,W2bin,1.356005100182673,1.348505519935793,2.642551000977816,0.03457067606668099,0.008590256271017211,0.05013024799497228,0.004012136674959695,0.26333289550724703,6
1.619,,W2bin,1.3681316621890156,1.3609487239380147,2.698341465767228,0.03750953326874492,0.009648165488112866,0.0540037475534815,0.004257006820094808,0.5920200147770313,6
1.619,,W2bin,1.374510000306632,1.3674947409964628,2.727804206507346,0.04680616379361566,0.01241999821047372,0.052569653941770864,0.0049687799129613,1.6292118904525754,6
1.619,,W2bin,1.3824494772335791,1.375644026959835,2.7645918163371617,0.03428478707451298,0.010457018582990281,0.06144199577094131,0.004377219916375384,1.568619723514624,6
1.619,,W2bin,1.3953866491750126,1.3889256661111684,2.824806358187644,0.048461544423672245,0.011857690479816088,0.06190071964841873,0.004594235252456071,0.6476429758444903,6
1.619,,W2bin,1.4009042236932334,1.3945911284701058,2.8505890838451844,0.05160667977466331,0.013969654271590658,0.06350111499189827,0.005081395802761274,0.5542973118100514,6
1.619,,W2bin,1.4085996094447597,1.402493748665194,2.886650044962056,0.05387267115912708,0.01286324491139237,0.06599489537384948,0.00464173371003919,1.513038748385447,6
1.619,,W2bin,1.4166823867758724,1.4107954151954345,2.924653873704699,0.059085542598386935,0.012950433876363437,0.0676465212823207,0.004649715929636945,2.5672760669741193,6
1.619,,W2bin,1.4244098971077297,1.4187333648282723,2.961109472285377,0.06465761139096143,0.014973513932172238,0.06837529899548091,0.00518697841310188,3.281017512637266,6
1.619,,W2bin,1.4324735410562086,1.4270178223573275,2.9992781619299773,0.076510797002998,0.01570358160392106,0.07091684035899426,0.004929037177939291,1.5254222414114613,6
1.619,,W2bin,1.440913895460918,1.4356906413403137,3.0393692835329613,0.07518287233853134,0.017173594896784643,0.07527577533574413,0.005125630294845001,0.44486229626014895,6
1.619,,W2bin,1.4493579189848362,1.4443685970817972,3.079620405292375,0.06584758240470291,0.01863845974588637,0.08370505240852415,0.005314691771906937,2.0996704933897203,6
1.619,,W2bin,1.4575577732324745,1.4527969272757029,3.1188440939677173,0.08884754858913123,0.019887452614364354,0.08239309581853999,0.00534555240786467,2.0178114102492697,6
1.619,,W2bin,1.4653838985609453,1.4608423173767868,3.156405485999623,0.05869694874492581,0.03394023588909361,0.09437361090086203,0.009471627747230347,1.3125031041698312,6
1.619,,W2bin,1.4744328831284856,1.4701462912860355,3.1999886784828067,0.10613238585732201,0.02368585794617434,0.08874203961606396,0.005371083290485807,1.8151858781874894,6
1.619,,W2bin,1.4840024607130613,1.4799872357032002,3.2462574075726742,0.09345522356027021,0.037262485802023855,0.09862940466271986,0.008860827670792062,0.9222278679326565,6
1.619,,W2bin,1.495363543451861,1.4916727667369136,3.3014258256243227,0.09336379283205365,0.03755489974991706,0.10655902874000162,0.008718749655591985,1.642895192059958,6
1.619,,W2bin,1.5074821465778183,1.504140178711555,3.3605572370118857,0.14453449947198324,0.03959073975064415,0.10581689719882974,0.0075936330974780844,1.4111577802861375,6
1.921,,W2bin,1.1332336610508884,1.1101714153710105,0.6008988467782007,0.00037501481677589015,0.00013122724260928039,0.0011320136083953082,8.227025821612654e-05,2.5772550326460655,6
1.921,,W2bin,1.1523351592789668,1.1296913829456026,0.6804014756437897,0.00033657545344291764,0.00014245467011953308,0.0014848228706264516,9.21595079217396e-05,1.2797910830554127,6
1.921,,W2bin,1.168495545211905,1.14621126739718,0.7482327030942872,0.0004672631471368335,0.00014853452196477655,0.0016959088705244807,0.0001210268794457161,0.750377907116377,6
1.921,,W2bin,1.18294821927906,1.1609896916868983,0.8093384611197407,0.0005235558503708837,0.00019095202316817163,0.002011306661256437,0.00011912757810789275,1.2647763653143511,6
1.921,,W2bin,1.1971815065318117,1.1755476979824522,0.8699249494670234,0.00039694581226261194,0.00019718985537746586,0.002415153159386796,0.00015303056227844908,3.175962301517644,6
1.921,,W2bin,1.2101384285176668,1.1888035968250081,0.9254306661853228,0.0005324067886025987,0.0001748221747177757,0.0026203562984673467,0.00012573822572884273,2.9255437839841023,6
1.921,,W2bin,1.2209545721861321,1.1998717842452986,0.9720227084888198,0.0006620550674982343,0.0002055611499371812,0.0028634832888501777,0.00015273129781578372,3.0556239653117134,6
1.921,,W2bin,1.2302514751482985,1.2093871211039253,1.0122573993172033,0.0008101030026910214,0.00021896570101767298,0.0029406175961906255,0.00015979318720192985,2.990823346491229,6
1.921,,W2bin,1.2390007165197292,1.2183434422870028,1.0502798366476354,0.0006785637222154071,0.00025823766588874993,0.003381951310761462,0.00021824124025794208,2.6483901055424868,6
1.921,,W2bin,1.2473637148718226,1.2269057504655918,1.0867668493956923,0.0012529662861034754,0.00025560999939289934,0.003248644306529557,0.0002169286602645118,2.417430802323663,6
1.921,,W2bin,1.2557204220662541,1.2354629568160587,1.1233661360699911,0.0005802737481708909,0.00029178353941030705,0.004018514754598331,0.00024113796236417982,2.1263611135153933,6
1.921,,W2bin,1.2640429890029998,1.2439865343610066,1.1599547154182623,0.001008540814473073,0.00032069981065275367,0.004013657791794364,0.0002530942477529337,1.7091169944902747,6
1.921,,W2bin,1.2725230362827027,1.252672761557658,1.197378114043309,0.0010898555997973936,0.0003197800651245505,0.0042810306170471876,0.0002552006095725346,0.2742567431541172,6
1.921,,W2bin,1.2791771006312858,1.2594895749887183,1.2268439487896987,0.0011764573560219557,0.00035358670270471004,0.004482051139499211,0.000309894247668916,2.381202085687849,6
1.921,,W2bin,1.28508441296106,1.265542083154966,1.253077185768897,0.001235003232546304,0.0004955889482941784,0.004660182453614497,0.0004375036405186327,1.196752909793924,6
1.921,,W2bin,1.2921190104978293,1.272750456721487,1.284407520492548,0.0018614641578576078,0.00038987497217048036,0.004502784294955033,0.00029007372045437,5.2373001400958294,6
1.921,,W2bin,1.2994008983707865,1.280213228719042,1.3169434754499123,0.0013267420812822328,0.00036440013421782297,0.005173444325914587,0.00028522949157053587,1.2358458093867355,6
1.921,,W2bin,1.3063269426104909,1.2873122610592684,1.3479879023670185,0.001688719451165778,0.00038231681374407674,0.005221653401475515,0.00029455338770109657,0.3957815466059022,6
1.921,,W2bin,1.319115364132149,1.300422508736576,1.405561226519219,0.002036572072980294,0.0004794207408258025,0.005736008868943325,0.0003384637812060432,1.370964838025703,6
1.921,,W2bin,1.3261226981361207,1.3076075149476067,1.437246877737369,0.0017583696687228547,0.00044553071717272195,0.006277916045403362,0.00033330690937571233,1.3787367365714056,6
1.921,,W2bin,1.3328379363774707,1.314493902536663,1.4677038853333515,0.001948679698516468,0.00045384216069820863,0.006525527190300624,0.00033058417004401845,0.5268852165548303,6
1.921,,W2bin,1.3457709299429905,1.327758951297085,1.5266156739094203,0.00204807950219393,0.0005746186885122868,0.0072713397375941385,0.0003846188145768403,0.4499959274985816,6
1.921,,W2bin,1.35283399314127,1.335004712715326,1.5589302540208334,0.0021410221054146217,0.0005371266894599608,0.007632125727532701,0.000385377684567174,3.2334518741899814,6
1.921,,W2bin,1.3591915383674498,1.341527524562454,1.5881023050559602,0.0017596803828999778,0.0006386894485623845,0.008488390978711175,0.0004924788144852234,0.45741405353000003,6
1.921,,W2bin,1.365298343356124,1.3477938076928602,1.6161999339315385,0.0029864540313940076,0.0008638667000244741,0.007927858861590146,0.0006482631935507318,1.4158795332031047,6
1.921,,W2bin,1.372094766460823,1.3547685587786822,1.6475582163011728,0.00287170655816305,0.0006032210661513045,0.008557321065125316,0.0004199313525162295,1.9136068113539664,7
1.921,,W2bin,1.379492397977998,1.362361299557449,1.6817954400641066,0.0031301160459146445,0.000683704864228275,0.009070850545090844,0.00045003126314581643,0.9134346283967051,6
1.921,,W2bin,1.388057403634448,1.3711535139439577,1.721572146874014,0.0030726392531670635,0.000777555564854449,0.009667193883622784,0.0005601552724926102,0.8562634969596297,6
1.921,,W2bin,1.396353212317568,1.3796707309407765,1.760238551240274,0.003492941961802121,0.000805299001676854,0.010266864372965184,0.0005121559901394707,0.5659437996740538,6
1.921,,W2bin,1.404323693517871,1.3878551804565153,1.7975182684808626,0.0030984297272116396,0.0008154879275582756,0.011272948981016023,0.0005266295700539656,0.15437334547513099,6
1.921,,W2bin,1.4114885356618094,1.3952134029018168,1.8311382744757445,0.003612674279696651,0.0008342642988869649,0.011580697257860937,0.0005404734939612687,1.3558685528165686,6
1.921,,W2bin,1.4166432014640953,1.4005078026954663,1.8553893159180836,0.004872941955054466,0.0019131464769849386,0.011223051730732623,0.0013582694789750713,1.8651015938777382,6
1.921,,W2bin,1.422281804985503,1.4062998422613433,1.8819779873401463,0.0033171661510294015,0.0011155414912069222,0.012947254160188975,0.0006220865339101892,0.9546623217452872,6
1.921,,W2bin,1.4297952706343042,1.4140187093475838,1.9175063343849448,0.0037671897995977433,0.000991288437729149,0.01357055588559063,0.000582043771987019,3.998284748404299,6
1.921,,W2bin,1.436947745976925,1.4213677229235997,1.9514325921191815,0.004321238724017707,0.001066775182233505,0.014083966459277493,0.0006372609257190917,1.6931047390922584,6
1.921,,W2bin,1.4417807362966655,1.4263340710811636,1.9744147876597171,0.0022602987730096944,0.0021475769798531205,0.015865931285389746,0.0013584364388651944,2.5099001065658237,6
1.921,,W2bin,1.4470306158370114,1.431729319164002,1.9994323397251212,0.004210840452138703,0.0012923116768823108,0.01532293941913645,0.0006945282109659818,3.0953116132477074,6
1.921,,W2bin,1.4546584070218822,1.4395692645214573,2.0358797187117266,0.004578773728626678,0.0012875293089663253,0.016032258468613333,0.0007064928447806587,5.095822486991426,6
1.921,,W2bin,1.4627794966565495,1.4479174545254483,2.0748120917006503,0.005543709583081211,0.0013524610042171701,0.016310733307363788,0.0007242301145404914,5.687188099205064,6
1.921,,W2bin,1.4711512410386147,1.4565246321218164,2.1150841733045054,0.005073101522094291,0.0014729281938089466,0.018022877912602632,0.0007763831199955511,5.533176949344691,6
1.921,,W2bin,1.479993538842114,1.4656170551945542,2.1577720528834177,0.008186170150790779,0.0016277830244815752,0.018097823349637446,0.0008224219654555728,0.848785839257675,6
1.921,,W2bin,1.4909555778377013,1.4768912622547827,2.2109104833833806,0.009349228807354462,0.0016571639026379827,0.01906512591613842,0.0007161659535556886,0.8299909195972953,6
1.921,,W2bin,1.5028307066884414,1.4891071608593531,2.2687463068080485,0.009315533873295537,0.0026205851759747868,0.021099178327555226,0.0009979488520973378,0.4325431287361413,6
1.921,,W2bin,1.5159583201077846,1.50261463156152,2.333010372598,0.010703186630593822,0.0026799989877423196,0.02262824756390638,0.0008993523787700181,0.9766409523657171,6
1.921,,W2bin,1.5282174517472629,1.5152314734216692,2.3933341485604176,0.012199316856953107,0.0024383359213171864,0.024575228734962366,0.0010253824126281131,1.026825013723318,6
1.921,,W2bin,1.5376227734008299,1.5249131868319192,2.4398188807440944,0.013627819428303206,0.002470546822953575,0.025797063307516473,0.0010818601657933105,0.8472117529465975,6
1.921,,W2bin,1.5473526240454354,1.5349307506810594,2.4880937429112606,0.012685115237820817,0.002458444105062012,0.02833716915361777,0.0011017638506767204,0.8861046278486051,6
1.921,,W2bin,1.5582040522912295,1.5461051980828366,2.5421566726167057,0.014784316250825724,0.003058529629424633,0.029526888795488666,0.0009712400187878751,1.8910096867776023,6
1.921,,W2bin,1.570300713469241,1.5585646066144965,2.60270107590886,0.014727683555126717,0.0030283870852800625,0.03257247641698685,0.0011929475311985628,1.0773288309207363,6
1.921,,W2bin,1.5831977680774743,1.5718515000396835,2.6675738342692075,0.016524760210324656,0.004049166220693085,0.034830447386426655,0.001288059815809821,0.7248388679965522,6
1.921,,W2bin,1.5940952657965193,1.5830808814967017,2.722648033613272,0.019768993531905872,0.0044558691527762885,0.03667069399933585,0.001936632473587587,0.659817637487736,6
1.921,,W2bin,1.6023710524141639,1.591610228458382,2.7646312010674645,0.024576888076289695,0.00424266953346831,0.03723203543869711,0.001906887058062789,0.4037581103829554,7
1.921,,W2bin,1.6123349747185962,1.6018811756018472,2.8153600406981,0.026070673187972085,0.005115598389735997,0.03984658706051767,0.0020232667227384933,1.7510806074498866,5
1.921,,W2bin,1.6238214338650914,1.6137239361996636,2.8740868880424832,0.0276467762742003,0.005657988943919552,0.04288049940666992,0.0017549606487633714,0.646436146887464,6
1.921,,W2bin,1.6332142285220788,1.623409968187212,2.922305566452163,0.03155847910255678,0.00587462839432311,0.04387628797497828,0.002208822696097348,2.307113102337716,7
1.921,,W2bin,1.640133830480063,1.6305466778395314,2.957940783466244,0.03176554699092661,0.005763602818198512,0.04593395226159177,0.0021782053539676537,0.737399159897584,6
1.921,,W2bin,1.6464904174611221,1.6371035164066956,2.9907609242453,0.03794470839299215,0.006704217666409316,0.045783882273817085,0.0026323753132076874,0.10563412208196749,6
1.921,,W2bin,1.6518846252146635,1.6426682654802378,3.018675523457667,0.034425447702250915,0.009398799283291475,0.04951751754802587,0.0036756859973349912,0.48502264385636734,6
1.921,,W2bin,1.6573865196584987,1.648344680453585,3.047207341993788,0.039918766185898666,0.007218727473138825,0.04939437964597166,0.002413340929854535,1.1092668319894559,6
1.921,,W2bin,1.664679275874572,1.6558696578570022,3.0851195504806137,0.042029438276226884,0.010237742046958069,0.051691398324057926,0.0037840657273037486,0.4692511251999661,6
1.921,,W2bin,1.6723703512100707,1.6638067425610166,3.1252177072173497,0.03623743029339574,0.011032922106600894,0.056939366552230156,0.003963301534929292,0.5456719398092428,6
1.921,,W2bin,1.680034503546369,1.6717171711318581,3.1652931831272197,0.040687679869611484,0.01204056648299635,0.058352341058255604,0.004208158316436976,0.7286874546713223,6
1.921,,W2bin,1.687579171493037,1.6795053757188092,3.2048586265346977,0.04646936342032935,0.01059038577512295,0.05949273227753567,0.0031970241546572563,1.2323003319506052,6
1.921,,W2bin,1.695065308814462,1.6872342389067412,3.2442296486698123,0.04609203962697557,0.010516911740481808,0.062432677742315965,0.003125620011483484,1.012605206284952,6
1.921,,W2bin,1.7026275058587554,1.6950427187136923,3.28411448184503,0.05181701441374548,0.011827558160224594,0.06400248407509641,0.003309007913045151,1.206327826527799,6
1.921,,W2bin,1.7101992416783416,1.702862146322436,3.3241642149407014,0.06043425192264663,0.012511807332339319,0.06526606264241964,0.0033521379459583315,0.1939257105500054,6
1.921,,W2bin,1.7177423898946533,1.7106531439977488,3.364176751357248,0.07180755665326402,0.01318835236777205,0.06586235903958937,0.003376097981242369,0.970630828543736,6
1.921,,W2bin,1.7252640575727138,1.7184230414618848,3.40418865706311,0.0767255308879967,0.014144739466327525,0.06891416730080945,0.003470068797245243,0.4748331886684835,6
1.921,,W2bin,1.7327644261807507,1.7261720169189847,3.444199932058289,0.07693354192864195,0.015313279499756097,0.07313800774608165,0.0036163428940620764,0.6281932072353978,6
1.921,,W2bin,1.7403924920684193,1.7340540284440862,3.485007818398147,0.07691720073392544,0.017945405918917887,0.07684419637504875,0.004627515092227119,0.6223991918875806,6
1.921,,W2bin,1.7481476498433333,1.7420685063772299,3.526614907904676,0.08686726849720268,0.018203126537007848,0.07933977500749434,0.0046075850007687175,1.5798649791444936,6
1.921,,W2bin,1.7573070113104747,1.7515356273448177,3.57591059737658,0.09022063676302582,0.01989714023026409,0.08448355211767745,0.004773104598984119,0.6428298353099968,6
1.921,,W2bin,1.7663833417081691,1.7609185138335792,3.624924926742217,0.10754858078542379,0.022273007176497023,0.08525394630780388,0.00491642131931331,0.8647693422604216,6
1.921,,W2bin,1.7722076168480076,1.766940337666987,3.656464174308756,0.09706455189948673,0.024404677664200364,0.09204745433781605,0.004668185508042662,2.130698015776247,6
1.921,,W2bin,1.7802222052244927,1.7752278292540313,3.6999751808285577,0.09437219827320646,0.023795710773892576,0.0989912830643082,0.004600327003093083,1.0139205461866707,6
1.921,,W2bin,1.7911085590124958,1.7864868444619977,3.759282694677483,0.09653354944483845,0.035070990851555434,0.10719123161088953,0.006150096478588663,0.6135408932197991,6
1.921,,W2bin,1.7998081826840338,1.795485906688011,3.8068475629683984,0.13454938294094,0.04549863690684893,0.10728734579099065,0.007999129907781935,1.2639166574715173,6
1.921,,W2bin,1.8107698595245911,1.8068269471187708,3.8669956435031407,0.13058707127033203,0.03953777494436602,0.11851683518260593,0.006007416668532796,1.0220453665589344,6
1.921,,W2bin,1.8216304090208877,1.8180656320821895,3.926825827125117,0.10810933147691777,0.052588948455244214,0.12939970508695386,0.007109557959445766,0.3499634116101995,6
1.921,,W2bin,1.8289871633345474,1.8256798136403478,3.9674878115783456,0.12822978726563725,0.05903866231477098,0.13151071483244137,0.00719469085938604,0.10248584482030251,6
1.921,,W2bin,1.8391514848395043,1.836201511695242,4.0238457689859874,0.15336315570922257,0.06142836258288242,0.13843252046553442,0.006899737120285839,0.7294819801083571,6
1.921,,W2bin,1.849926990845964,1.8473580462206438,4.083818188953434,0.23193994291875508,0.08069483256236896,0.14364091079065003,0.007552442502814911,0.6917937532114861,6
2.213,,W2bin,1.6307231109846647,1.6092703317540829,1.7023720182543327,0.0015511947316745268,0.0009574436142778629,0.006296051635934502,0.0005674550728232084,0.36230773328261845,6
2.213,,W2bin,1.643868699326469,1.6228285294931661,1.7700867554005857,0.001340092087527915,0.0010555086305934248,0.007171113313860447,0.0006164579849345811,1.4232531485712576,6
2.213,,W2bin,1.6570951256795015,1.6364734459557646,1.838566707793128,0.0025562666535731654,0.0010599923291087355,0.007355520697087637,0.0005328329107359296,4.439885222977205,6
2.213,,W2bin,1.6726196210334625,1.6524934216609082,1.9193912785669835,0.003410278252287642,0.0012138879269777678,0.00839627837900414,0.0005421975420041285,0.9353374153495934,6
2.213,,W2bin,1.6873100448375835,1.6676569601483044,1.9963173253385964,0.003762130279791071,0.0012241095120639094,0.00909908013578113,0.0006816554601402216,4.890919122744524,6
2.213,,W2bin,1.6991117014133628,1.679841693596042,2.0584290632492523,0.0032111042379010914,0.0011617100155711932,0.01078928928467794,0.0005886524097026939,0.776667929466297,6
2.213,,W2bin,1.7926079584863017,1.7764671664287157,2.5603418094230626,0.00769446485218123,0.002988768512981187,0.021042932406946487,0.0013598881659929148,1.7822139967627109,6
2.213,,W2bin,1.7999250496123613,1.784036223093408,2.6003595589009403,0.009580451972330694,0.003120938878297811,0.021570953423217413,0.0013879204889402413,0.7448854690453577,6
2.213,,W2bin,1.807280302477849,1.791645790029916,2.640693936747025,0.011437318023252084,0.003287827983433308,0.022260615929322047,0.001427056261590536,3.634580914089687,6
2.213,,W2bin,1.814614119021925,1.7992342120521396,2.681018490076835,0.011125836606083768,0.003536465740382907,0.023627334245064753,0.0014999075174368772,0.19556633457616918,6
2.213,,W2bin,1.8218593330523967,1.8067319680481873,2.720961495961266,0.013874091606586376,0.003693540817637041,0.02406404458387728,0.0015282431418464145,0.8565696766043995,6
2.213,,W2bin,1.8290860969433513,1.8142116332748432,2.760907371435122,0.01274882347023051,0.0039696951537658825,0.025873499017540835,0.001610336597778035,0.32418912929608906,6
2.213,,W2bin,1.836293907218971,1.8216726788643975,2.8008525226346466,0.01285982914564557,0.0041857961899959,0.027543063064659666,0.0016657418094517043,0.6016215053489606,6
2.213,,W2bin,1.8434835571817385,1.829115918298084,2.8408005434235983,0.017311633807222795,0.0043544115975192015,0.027155972820796452,0.0016812855731054958,1.3133908275787507,6
2.213,,W2bin,1.8506545429702754,1.8365408223295678,2.880747839938217,0.016167756466602227,0.004679389453864806,0.029227749584918992,0.0017721402117509858,0.7169420132290524,6
2.213,,W2bin,1.9125973981319664,1.9007180543740314,3.2300930269451182,0.028632838652549824,0.006973274350781303,0.04101399003252942,0.002156067683755563,0.1731378469346611,6
2.213,,W2bin,1.9254444782378504,1.914037758790158,3.303508795164954,0.03196266940831248,0.006554712350719526,0.044120757742949795,0.0017197319787316313,0.48176435193041334,6
2.213,,W2bin,1.9358596190199573,1.9248383788761676,3.363269311714518,0.034416107406104665,0.007401812670083395,0.04729019917180774,0.002255113212081311,0.06943080833590434,6
2.213,,W2bin,1.9462655299078735,1.9356315042085628,3.423193530523076,0.03464268851435891,0.0077441557155816495,0.050064958570101875,0.0018613299579802879,0.26878029929049363,6
2.213,,W2bin,1.956278253916476,1.9460187714417259,3.4810579615494435,0.04070956229855279,0.008144050908982646,0.05222961219654434,0.0023645588244472944,1.8521806772015452,7
2.213,,W2bin,1.9642946433274457,1.9543364130716578,3.527529924091442,0.035923715767983165,0.009828670718911832,0.05730473780466518,0.0026405097437587803,1.6300328587874788,5
2.213,,W2bin,1.9742221127211836,1.964638659671924,3.585258781624782,0.06806500068935244,0.017984382476007105,0.05246827687318721,0.004884575474411847,0.22991997888548124,6
2.213,,W2bin,2.0687554368436656,2.06283541613222,4.14485101998646,0.13529472930961275,0.05015148585403007,0.09178422639482899,0.008737982766987737,0.854993973229998,6
2.213,,W2bin,2.0852217977706142,2.079957414366658,4.244151792145969,0.20932184615834035,0.048455570361005784,0.09207213473795396,0.007498697501420776,0.5012277492020313,6
2.213,,W2bin,2.101597875929766,2.096990690285296,4.343445942326004,0.23582597965667204,0.07122624598015179,0.1065720443819334,0.009629734030360491,2.0208937511467933,6
2.5,,W2bin,1.775914931931601,1.74623789319308,1.1168161298431416,0.0004731518871113959,0.00024179627869375952,0.0015169323771933234,0.00016566699576843575,2.1315123982508117,6
2.5,,W2bin,1.787049028917402,1.7577522394103864,1.1773801613024657,-4.5748558684088895e-06,0.0003547664746736983,0.002033080564095902,0.00023197953729898316,1.1606383251245025,6
2.5,,W2bin,1.7998286556946619,1.770971242513905,1.2472006769178487,2.8422359646296803e-05,0.00030910171566031827,0.0023402741765139474,0.00020671428585990564,4.418356343912354,6
2.5,,W2bin,2.0815649618453573,2.063189265406379,2.8694213158023216,0.007355966014925021,0.004146149147572432,0.020863768247654218,0.0016592080776470814,3.226948832974936,6
2.5,,W2bin,2.1078447901375092,2.090524396954525,3.028833591392225,0.012027846437130292,0.004979351691886007,0.024011205447308982,0.001634306849023667,0.21831258643702378,7
2.5,,W2bin,2.1148913114824226,2.0978561321608917,3.071812312909938,0.01458738386839233,0.005838290067261592,0.024476706789512956,0.00198250376934474,1.1393998894236317,6
2.5,,W2bin,2.1218366699513362,2.105083541317103,3.114271192129676,0.013832680699327455,0.006051798395222924,0.026430519769271753,0.002054313464467407,1.3700207834119613,6
2.5,,W2bin,2.1284399590272507,2.1119558472055036,3.1547283730656765,0.011230305915863778,0.00644503929175047,0.02846600035177262,0.0021523678208707204,1.4761579174396262,6
2.5,,W2bin,2.137828128023794,2.121727927556374,3.2123981498292604,0.019305313054575026,0.004905606148342836,0.02729454316344704,0.0017620308086648162,0.501283483474398,6
2.5,,W2bin,2.1481908585251777,2.13251638409266,3.276259149982128,0.015295561192290382,0.0061051664052675005,0.03142973791985501,0.0021729112894580053,0.6120385869626155,6
2.5,,W2bin,2.1579572104233655,2.1426858456858175,3.336641515938317,0.02081017102727477,0.005770249663630893,0.03195969846136629,0.001943315517791219,1.4074414569596916,6
2.5,,W2bin,2.167634805580846,2.152764690728154,3.396663296768028,0.020570591810813582,0.0071259546052366875,0.03444622540393644,0.002366461044908964,0.9057275031131534,6
2.5,,W2bin,2.177316924481923,2.1628500437585463,3.456900577533276,0.02340601481172022,0.006737770936859213,0.03607920756020262,0.0021160878236953424,0.1114170789623303,6
2.5,,W2bin,2.1869479812207593,2.1728839909359277,3.5170061814624454,0.03534862753853647,0.008245250252881583,0.035254186246750197,0.0025319272292288297,0.5201305522799468,6
2.5,,W2bin,2.196571722062216,2.1829120923452865,3.577251431441333,0.03252185080927226,0.007922393847780823,0.03929187376736993,0.0022959749104353145,0.14981051808129092,6
2.5,,W2bin,2.205471577354303,2.1921874729106205,3.633129967644587,0.039297285846328564,0.010693321292218168,0.03986353427302547,0.0028917511004396615,0.4304096617330905,6
2.5,,W2bin,2.210640505528892,2.197575198658242,3.665656265302255,0.033658559316312356,0.014667563768649049,0.04313240573915788,0.0046639189131785575,0.6772720342450047,6
2.5,,W2bin,2.217290906897858,2.20450786088533,3.7075835705164746,0.02888436330605171,0.012415188956092752,0.0460370048524627,0.0029149776147237606,0.34101930091312577,6
2.5,,W2bin,2.2256714240719693,2.2132452770889905,3.760544318616105,0.03949954666024023,0.012200274988430713,0.04648296809102158,0.003235139372753681,0.6912021589626871,7
2.5,,W2bin,2.2337033933435184,2.2216205654332164,3.811434239928556,0.04675449813297053,0.014764173591734663,0.04805587759015414,0.003623005038589245,2.1403647174587164,5
2.5,,W2bin,2.2425614456890672,2.2308586810758593,3.8677077708820766,0.05905346398320903,0.013324862792223639,0.04755089365744036,0.002960233236933521,0.921834477337057,6
2.5,,W2bin,2.275136269012595,2.2648440955427307,4.075999130176063,0.05564957984638605,0.022101713944719572,0.06160301845325104,0.004591936954897719,0.16184935756577806,6
2.5,,W2bin,2.2852378113813323,2.275387198266492,4.141021951092336,0.06113200478606782,0.020615297219093002,0.06500488059716827,0.0043277907043770296,1.5685028362949618,6
2.5,,W2bin,2.300139424116807,2.2909437641874777,4.237315028674097,0.09089793560980934,0.022619045315800695,0.06745258541254189,0.004423161917545302,3.387429567016106,6
2.5,,W2bin,2.3183491018943285,2.3099595700379605,4.3555875145466345,0.12983712099193526,0.023807660005916113,0.07092082848712594,0.004056497438993525,0.1697580753354911,6
2.5,,W2bin,2.3369472178027735,2.3293875714826466,4.477067475104047,0.14077024332097768,0.025057691541391224,0.08026025734106701,0.003641030316962348,0.9250874768363924,7
2.783,,W2bin,2.24979465372039,2.2240726011428413,2.4186863646982344,0.0026119311818190026,0.0009021295813642263,0.008699682940511901,0.00037236489129314864,1.0835792403300801,6
2.783,,W2bin,2.268776207086786,2.243876273656526,2.5400756166759813,0.00361389868576603,0.0010761034491582292,0.01002744523784155,0.00042262108205179806,1.6298234385419046,6
2.783,,W2bin,2.287671202673041,2.263596499365577,2.6616269987598056,0.004635742745685435,0.0012746380759198176,0.011525683324101943,0.000489493590517908,0.5831548072997408,6
2.783,,W2bin,2.3064918710625033,2.2832459555846087,2.7834100684812637,0.0054336090354306175,0.0015068062695852906,0.013168251653630367,0.0005466374836362235,0.17105014256287196,6
2.783,,W2bin,2.323102977685799,2.300594191157044,2.8914842678260038,0.006824167343705961,0.0019331204343611091,0.014740088353484409,0.000705443432856007,2.0522885269924824,6
2.783,,W2bin,2.335243326234276,2.313276621525053,2.970820138122354,0.006636916633956999,0.0021479975704867234,0.016560027106918788,0.0007627998267375753,1.0258367069356218,6
2.783,,W2bin,2.3440984908277627,2.322528962417153,3.028873603798873,0.008623284257925707,0.002746228048031369,0.01727333194889934,0.0009854895866339857,2.6813880742950884,6
2.783,,W2bin,2.351356157588315,2.330113274609739,3.0765709944552087,0.008255917780479554,0.002774681059455814,0.01838175380481541,0.0010606061750233608,4.349415186011752,7
2.783,,W2bin,2.3586785126149623,2.3377662098084677,3.124800276534089,0.008108228125365683,0.003181783592453717,0.01952696996639827,0.0011368067431587595,1.6211326830294817,5
2.783,,W2bin,2.3676289608602903,2.3471221373394613,3.1838987748199123,0.010283858495999651,0.0032315403578389284,0.020635096414030406,0.0009745537792000065,0.9826297564189954,6
2.783,,W2bin,2.376857110665932,2.356769955021758,3.244998650643917,0.014959863489313078,0.0035352057116716912,0.02001732232814123,0.00123782496886054,0.1890583617086608,6
2.783,,W2bin,2.385989520344659,2.366319285822737,3.3056323041682245,0.012602341783322311,0.0036668451112397806,0.022452757422870277,0.0010408292142651417,2.2980396380658785,6
2.783,,W2bin,2.3951981511976057,2.375949936420174,3.3669409158666936,0.014348116794288181,0.004123778051851515,0.02355332685256102,0.0013700537920290272,0.7072258916382033,6
2.783,,W2bin,2.404244842865602,2.385412809368548,3.4273365298749203,0.014947981602728774,0.003861263508245815,0.025143437569288732,0.0010950915267277815,0.26211078476373834,7
2.783,,W2bin,2.4143587029742064,2.395993801944893,3.49505033578773,0.015632603346351963,0.004662406084280203,0.026934948558960083,0.0012044037500059796,0.8502077309860658,6
2.783,,W2bin,2.425790545202147,2.4079560116578023,3.5718345361580406,0.018490609370747486,0.0052644931772872425,0.02876597693256447,0.001316675093519725,1.8540356580856945,6
2.783,,W2bin,2.4376701595352595,2.4203894218045727,3.651903216412912,0.024265752470441743,0.005776792166589914,0.030170666410854967,0.0013678487027993127,0.10736018685302255,6
2.783,,W2bin,2.447433638860174,2.43061007386505,3.717920444421857,0.029441766677857723,0.007447573768892137,0.03122482334767358,0.001828951615428558,0.9945729835136298,6
2.783,,W2bin,2.455577253541303,2.4391364092795715,3.773130543462369,0.027515108132716373,0.007956510103967982,0.033864961710422185,0.0016247092234555102,0.5859838934037388,6
2.783,,W2bin,2.4638245458404584,2.447772590524263,3.829178711413672,0.02644721448483025,0.010093895097156502,0.03583757545200295,0.002139477221708951,2.0564652566324697,6
2.783,,W2bin,2.472742878196783,2.4571129211223806,3.889940321310574,0.03781393608275252,0.007754931334334057,0.035994480938210956,0.0016103326542030905,0.8610880284772775,6
2.783,,W2bin,2.5137273949417915,2.5000563500558424,4.171217726678286,0.042024946771695694,0.012584292800135045,0.04760288069240577,0.002341874925518152,0.5321790251468325,6
2.783,,W2bin,2.5259696071749955,2.512889941762418,4.255887841366611,0.04525400877676586,0.013992301146318043,0.051441789200464716,0.0024613646824865765,0.6911037506777193,6
2.783,,W2bin,2.5436977104188765,2.5314795219303363,4.379031028214936,0.06021493663511822,0.014498677641464452,0.05467695976588922,0.002847227224322452,0.5252284865527661,6
3.5,,W2bin,3.013211262401489,2.9828207794003636,3.364227876006642,0.003622368565252429,0.003231482566324004,0.011911893510264546,0.0012682708081503576,0.47457732212151316,7
3.5,,W2bin,3.2215303077423463,3.2035892513367084,5.0539635591041705,0.041277083740549836,0.033134823772074565,0.045371213509832364,0.006917981996558527,0.23751041281105267,6
3.5,,W2bin,3.356815209146436,3.347404523849836,6.197782724348739,0.021007066594060802,0.17084859530927252,0.11656364671741952,0.02030098398876478,1.2438134917937669,6
,0.026,Exbin,0.014973794986416968,0.0147245793638334,0.8824552376155809,-4.195659847690854,0.687209699850311,5.385612678476279,0.8141874835047276,293.99274198422916,4
,0.026,W2bin,0.043396993592105665,0.0431477779695221,0.9357926772662916,0.14958673930906585,0.0119193937210778,0.04221096847822487,0.0031109302390370723,0.4474635710485852,3
,0.04,Exbin,0.016933968545407165,0.0165505598952786,0.8721335934670096,0.003189809083285519,0.0002562013287415985,0.0014488824713665065,0.00010591866822859126,452.39834447934993,5
,0.04,Exbin,0.026933968545407163,0.0265505598952786,0.8908990534670096,0.1480858897847215,0.008618875478242919,0.03163933561760241,0.002412771870611785,12.005031041612664,3
,0.04,W2bin,0.03579898937729211,0.03541558072716355,0.907534672849,0.16532846747857072,0.011607524139775009,0.033688047178250184,0.005400873395079544,13.659865573129093,4
,0.04,W2bin,0.08908838382858719,0.08870497517845863,1.007534672849,0.07979541266291673,0.0084504504915513,0.03445536605270925,0.0025515778394746,0.020006041824630946,4
,0.056,Exbin,0.005051220724416191,0.0045144486142362,0.8338350705745203,1.4883207887592957,0.10363320362977751,-0.07767999258368616,0.015151425180589642,1203.1148566960348,11
,0.056,Exbin,0.015051220724416189,0.0145144486142362,0.8526005305745202,0.04225130459543843,0.013156821135314868,0.1378730853180408,0.01186529018876497,183.3128252986501,3
,0.056,Exbin,0.025051220724416193,0.0245144486142362,0.8713659905745202,0.15322257377393178,0.01030621070293416,0.0330054989150526,0.002844070168370628,0.706856942790646,4
,0.056,W2bin,0.04159160758504348,0.041054835474863494,0.902404787376283,0.14325474442968797,0.008941162068539244,0.04779838622961836,0.0034385763818464707,2.1621070256635098,6
,0.056,W2bin,0.052249486475302566,0.05171271436512258,0.9224047873762832,0.12544691718150347,0.006498063426740861,0.05958096445324909,0.0022484808211163157,5.528459773435733,7
,0.056,W2bin,0.0629073653655616,0.062370593255381614,0.9424047873762832,0.12378116583809826,0.006321048473443757,0.061412589548217565,0.0021310365499792663,5.7607943713126115,8
,0.056,W2bin,0.07356524425582063,0.07302847214564064,0.9624047873762832,0.11396505815450447,0.006279990628697665,0.058497245108450634,0.002156012369384215,4.061061898972667,8
,0.056,W2bin,0.09488100203633862,0.09434422992615862,1.0024047873762831,0.0712973919701812,0.006693426425075288,0.05136639347036364,0.0022593833202617063,1.1653405299850492,5
,0.056,W2bin,0.08422312314607965,0.08368635103589965,0.9824047873762832,0.09370426486199433,0.007765264597719673,0.05516253845198136,0.003411927639323528,0.004334451116332405,4
,0.056,W2bin,0.1268546387071157,0.1263178665969357,1.0624047873762832,0.0429858758208148,0.006330088089581334,0.03748759059150369,0.00215223386576236,0.49994465329481885,3
,0.056,W2bin,0.10553888092659765,0.10500210881641765,1.0224047873762832,0.05313483929745608,0.0069355782746651105,0.04866353273280785,0.0017833499723757295,6.195126845117776,4
,0.056,W2bin,0.11619675981685668,0.11565998770667668,1.0424047873762832,0.039459292295318776,0.006965645596267903,0.045878731257808406,0.002627183052224564,0.020006041824630887,4
,0.093,Exbin,0.016784483874902313,0.0158930587633534,0.8188530786065125,0.00795690986838329,0.00041289252182127384,0.0013033781983913064,0.0001582000867079778,580.7303440110602,5
,0.093,Exbin,0.026784483874902315,0.0258930587633534,0.8376185386065125,0.07749423825042422,0.004202692651930761,0.036199612338031546,0.0015707875467645916,6.093479617189515,5
,0.093,W2bin,0.05702898086749731,0.0561375557559484,0.8943737284599786,0.08461919571664349,0.004304541702813617,0.07292833678985731,0.002236016128583734,0.14836216537573846,6
,0.093,W2bin,0.07852129842764631,0.0776298733160974,0.934705051008206,0.08247665475984806,0.004452151316345539,0.0827537564357515,0.0023703919087945625,3.507956932997349,6
,0.093,W2bin,0.08639434937795328,0.08550292426640436,0.9494791932768007,0.08268193172140621,0.007627369100192566,0.08478499783746633,0.0026740544252934185,4.682979905389331,6
,0.093,W2bin,0.10449277325113032,0.10360134813958141,0.9834417182023156,0.07496240238267836,0.004398548208044874,0.07960288123154878,0.0023496111779177055,0.877088262936476,6
,0.093,W2bin,0.04746178468313594,0.046570359571587026,0.876420444729,0.10673285068223069,0.006149373818330319,0.06290481487454612,0.0017535145680791658,9.757196930832473,7
,0.093,W2bin,0.09436840695720243,0.09347698184565352,0.9644428791309104,0.07812272260057901,0.004505803674386792,0.08653950153591064,0.002901197266478461,6.222657805578276,6
,0.093,W2bin,0.11361188226211884,0.11272045715056993,1.00055414574045,0.06348790359680172,0.004370085318417783,0.07375208243654142,0.0023168995621996565,3.6441974772534858,6
,0.093,W2bin,0.12480158502637934,0.12391015991483043,1.021552137703912,0.05691203547246152,0.0028617182043045603,0.06359698709069941,0.002048462447824611,0.8659392888389362,6
,0.093,W2bin,0.06653519737378064,0.06564377226223173,0.9122125810199786,0.08334568125939494,0.00424422108336258,0.07800260253686159,0.002497224815797029,9.557838535181647,6
,0.093,W2bin,0.1381902186055989,0.13729879349405,1.0466765244924623,0.04261093635711572,0.0031341902874058225,0.06258324669775957,0.00218910830866908,0.4573217043171818,6
,0.093,W2bin,0.15071904978614964,0.14982762467460073,1.070187452529,0.03755994364970171,0.00318923833076019,0.05405264411761361,0.002030698297658462,3.800407510359967,6
,0.093,W2bin,0.15983133656196008,0.15893991145041117,1.087287077829,0.03271280593682066,0.0028940792020646765,0.05188561027001857,0.0018490664541295327,8.142671034344362,6
,0.093,W2bin,0.17317218621265978,0.17228076110111087,1.112321795877622,0.021495372381489027,0.0026764457277012746,0.054857309755258724,0.002535694381444789,0.1663820322982078,6
,0.093,W2bin,0.18850431874000234,0.18761289362845343,1.1410932478432765,0.025358239542835153,0.0034091921806293983,0.04660813628925216,0.0026254324729151337,7.361990002287757,6
,0.093,W2bin,0.20190375683071674,0.20101233171916782,1.1662379097946542,0.020369388050360124,0.004693327251533749,0.05280112882293574,0.003556953583972022,2.4423215666788973,6
,0.093,W2bin,0.2173810793873425,0.21648965427579359,1.195281817529,0.019040365043153526,0.005166753910707825,0.05857215644282433,0.004097032463926334,4.027583873530325,6
,0.093,W2bin,0.2561427635115136,0.25525133839996467,1.2680199008254769,0.010359331191139886,0.005972737631542908,0.08666942675618479,0.0057336461165666975,1.9961024145706237,6
,0.093,W2bin,0.23523918944699462,0.2343477643354457,1.228793382529,0.016611264626091492,0.004660977257766429,0.0671039815788248,0.0045865556211578465,1.067865685999474,6
,0.093,W2bin,0.28024102968777576,0.2793496045762268,1.3132414058254769,0.0006887725387199662,0.009248783091261585,0.11069602798805414,0.008676263179218944,1.650648109204918,6
,0.093,W2bin,0.30100593844565804,0.3001145133341091,1.352207712295446,0.00975241745629632,0.009863335979317255,0.1131269816729635,0.008864150765844386,2.7238563236269306,6
,0.093,W2bin,0.31808523044653103,0.3171938053349821,1.384257789382516,-0.017733318180352925,0.01726824251921979,0.14526870402316422,0.01524562230552372,5.306348559046155,6
,0.093,W2bin,0.33798442298195747,0.33709299787040853,1.4215995395381005,-0.025214847560025153,0.021037303882600458,0.16361121820151675,0.017424729034461253,5.807011030034045,6
,0.093,W2bin,0.39548389678027435,0.3945924716687254,1.5294999470964368,-0.018489479018699042,0.02382270709804648,0.1589394293430466,0.016193015535567075,18.679908468052272,6
,0.12,Exbin,0.011039234699746093,0.0098890087493604,0.7810718542478697,0.00014797283868470294,9.735657400479857e-06,3.9063619846842516e-05,3.476468190740293e-06,456.00873966009095,4
,0.12,Exbin,0.021039234699746095,0.0198890087493604,0.7998373142478697,0.05376570331557403,0.0082111936402364,0.12538381736490403,0.004107729858770536,327.9536652315093,5
,0.12,W2bin,0.05112585904204072,0.04997563309165503,0.8562962488109054,0.05883303053425588,0.004271456861283566,0.06654972194180699,0.0018299527614874026,1.2731513516238842,6
,0.12,W2bin,0.06562630665571786,0.06447608070533217,0.8835070057785608,0.0603694216790857,0.003319984094258518,0.07826909094690414,0.002274532670898303,1.8200971170157603,6
,0.12,W2bin,0.08261741109066655,0.08146718514028085,0.915391594841546,0.06584241093508798,0.0033852855940824348,0.08803458122813518,0.0022887114360345163,1.4323897654839663,6
,0.12,W2bin,0.03688422609790206,0.03573400014751637,0.8295711694761138,0.04297257403984986,0.0030971993725691965,0.04863575541094348,0.0012714689370269597,18.772693388362974,7
,0.12,W2bin,0.06021506910257389,0.0590648431521882,0.8733525695931587,0.06219549099600509,0.004177356248249852,0.07628787043949549,0.00256400137719322,3.51776456028475,6
,0.12,W2bin,0.07130159055035636,0.07015136459997066,0.8941569370699091,0.06415174495748543,0.0033827851578817634,0.0826174586046363,0.002619996180012676,0.7669928912553639,6
,0.12,W2bin,0.08847433158019827,0.08732410562981258,0.9263823755584948,0.06198581771607346,0.0037485557334251108,0.09056732819396311,0.003279987267042011,0.21267808661086987,6
,0.12,W2bin,0.10059121326923759,0.0994409873188519,0.9491202614245348,0.0684710582750808,0.004664420791599946,0.08948640398222539,0.002782003407082108,1.8429563429084428,6
,0.12,W2bin,0.07633190741948875,0.07518168146910306,0.903596558069412,0.06141691878558654,0.003959406576696855,0.08635499603993724,0.002849790787416141,3.477940372147011,6
,0.12,W2bin,0.09427624212102852,0.09312601617064283,0.9372699275762476,0.06528773431545605,0.0032723304238951503,0.08684127424010038,0.0025316880875576385,0.5625840686265183,6
,0.12,W2bin,0.11132444633118727,0.11017422038080157,0.9692616669940042,0.06570430260633675,0.0034558212529555887,0.08533000079054262,0.0021971518954450476,1.8779792217665143,6
,0.12,W2bin,0.12160965736922918,0.1204594314188435,0.9885623386265976,0.05824514196457572,0.003394926222500574,0.08191858277302146,0.002543317547159137,0.41619036277225707,6
,0.12,W2bin,0.13358108481442815,0.13243085886404246,1.011027272913176,0.055282314741674304,0.0035381861892993653,0.07906061443240996,0.0028930693611210123,0.6632150195500297,6
,0.12,W2bin,0.149072286285288,0.14792206033490232,1.040097225068512,0.046150097824770024,0.0037464884929240116,0.06895149322793913,0.002169574376939735,1.3182647284201217,6
,0.12,W2bin,0.10562708198129636,0.10447685603091067,0.9585703007126738,0.06492805444421974,0.004750141001703072,0.09002552165830335,0.0029702404915709045,0.21907689750816667,6
,0.12,W2bin,0.12801022907013107,0.12686000311974538,1.0005733058496382,0.05952265055086858,0.0032362897879982537,0.0800044931652099,0.0026671881233192693,2.529479050631361,6
,0.12,W2bin,0.1397487775913613,0.13859855164097562,1.0226012321229587,0.055494424503375904,0.003567991329249582,0.0717488848206066,0.0033247121556961344,1.8181360711930943,6
,0.12,W2bin,0.16769220736455753,0.16654198141417184,1.075038363490131,0.036348837032826695,0.0029457872852380633,0.05906853633292623,0.002719136306767191,4.5679729684012935,6
,0.12,W2bin,0.16260472255841946,0.16145449660803377,1.0654914642271118,0.038402922587988164,0.0034685973738215227,0.06353981024945829,0.001905320156248266,0.8709154159793027,7
,0.12,W2bin,0.18066224107809875,0.17951201512771306,1.099377228375142,0.029630674083215937,0.003271091426571958,0.05981812592189268,0.0024534809311554306,1.511060728650216,6
,0.12,W2bin,0.11636128330998628,0.11521105735960059,0.9787135232792216,0.06563300547222967,0.004584880469839196,0.08478136065213418,0.003324911061205995,1.6880652423531908,6
,0.12,W2bin,0.20065059244047545,0.19950036649008976,1.1368862891708045,0.02132145792509393,0.002823414681242859,0.06040127727987458,0.0031376062410196593,0.9404324263899594,6
,0.12,W2bin,0.15644965979168934,0.15529943384130365,1.0539412058124555,0.04628952904967985,0.00408088837893025,0.0597511141041747,0.0048348597458806025,4.3933610843960595,6
,0.12,W2bin,0.2086292224917017,0.20747899654131602,1.151858555478913,0.01615863132661467,0.002838810877973908,0.06172520771586418,0.0020734481108290845,3.9753845261574936,6
,0.12,W2bin,0.2244805671744492,0.2233303412240635,1.181604332937944,0.013534396683802517,0.0028745358505566625,0.06707838320468622,0.0026968424770559313,26.45569340019894,6
,0.12,W2bin,0.18751540674687614,0.18636518079649045,1.1122375089982235,0.02985246173818741,0.0030584543873143242,0.052725404193972966,0.002845052925478018,1.8163213083986243,6
,0.12,W2bin,0.2162762376753004,0.21512601172491472,1.1662085312336343,0.021243853046344408,0.003629909510241569,0.05658505519399501,0.004061425555694111,0.9082714038047478,6
,0.12,W2bin,0.24352005925559117,0.24236983330520548,1.2173328156448426,0.020356771084151373,0.0037526080308770667,0.0645623102162856,0.0040263841606242076,4.398130206654802,6
,0.12,W2bin,0.17511478140346576,0.17396455545308007,1.088967165112548,0.027893952945783913,0.0026530463257915743,0.06463861440698435,0.002159226099866474,5.4545694306423655,6
,0.12,W2bin,0.19371078913461906,0.19256056318423337,1.123863429036413,0.020249484421945838,0.002493467364953739,0.062495017127648926,0.0023200008195778466,9.363716569461364,6
,0.12,W2bin,0.23298398688950064,0.23183376093911495,1.197561391190545,0.01855000176480217,0.0038283171651014906,0.06245000382137016,0.004161602366405037,0.8127875270576499,6
,0.12,W2bin,0.2539355140089655,0.2527852880585798,1.2368778956004682,0.020811826166179933,0.003942095781584125,0.06763737122273202,0.004171022495049438,2.9372546172329415,6
,0.12,W2bin,0.2659695457857015,0.26481931983531576,1.259460309794975,0.016400936347119997,0.0058543069156192454,0.08084098445952882,0.006317226534946381,2.5664568950404205,6
,0.12,W2bin,0.27948279785442937,0.27833257190404365,1.284818548911538,0.019265016705750263,0.00517590300927395,0.08585709414392446,0.004293093263703252,6.268634653804802,6
,0.12,W2bin,0.29311814572915224,0.2919679197787665,1.3104059064244578,0.019967546070711367,0.005951585291080878,0.09207016050167685,0.00600313408772318,1.3376676495443696,6
,0.12,W2bin,0.30994341514270307,0.30879318919231735,1.341979298441379,0.01444840764955471,0.007712289803907605,0.10546880606455793,0.0068187922549120565,6.745681713390135,6
,0.12,W2bin,0.33669308146347227,0.33554285551308655,1.392176277776953,0.009390724879619321,0.012378022580365702,0.12194966281461701,0.0112536147411622,2.799110162761705,6
,0.12,W2bin,0.1450244783342357,0.14387425238385002,1.0325013272491967,0.04675328571283062,0.003841391860035305,0.07346354704685386,0.0022291775253667004,0.9108738663864805,6
,0.12,W2bin,0.372013655750103,0.37086342979971726,1.4584569601722328,0.006394631946348291,0.011523370336459586,0.13793747131476936,0.008562086601402676,1.238140398953636,6
,0.12,W2bin,0.4054005160736768,0.40425029012329106,1.521108939364994,0.013504417025406163,0.012527212916979863,0.13429312754243636,0.008440576963079073,1.5523485727926098,6
,0.12,W2bin,0.4471198006942742,0.4459695747438885,1.5993970960426376,-0.010253091108723331,0.013335770175043322,0.14753729704856253,0.007048306818845886,2.9354072647302303,7
,0.16,Exbin,0.010188509237193858,0.0086548746366796,0.7394754287840192,4.698345578657841e-07,3.5012754684544637e-08,2.0587708960032707e-07,1.56467407577963e-08,733.0058773554159,6
,0.16,Exbin,0.02018850923719386,0.0186548746366796,0.7582408887840192,0.01202958154831189,0.002250655896145418,0.028443488355219707,0.0015725933087310333,996.5836320208731,6
,0.16,W2bin,0.0546044034998343,0.053070768899320046,0.8228238974990001,0.03482462510991178,0.0037609464705131964,0.059147281791748205,0.0016761679211840515,0.3155671699886004,6
,0.16,W2bin,0.06874307763690421,0.06720944303638995,0.8493557698962221,0.04139810901527166,0.003221913189130256,0.07215820896311882,0.0023559032360693714,6.847989595854806,6
,0.16,W2bin,0.04781792302187107,0.04628428842135682,0.8100887547040001,0.03789218342207865,0.0035403900774057906,0.04955205075537782,0.0013859311093014585,0.9544543419403296,6
,0.16,W2bin,0.09091783513471717,0.08938420053420292,0.890967722379713,0.04989439047806572,0.00604225785387556,0.08682743860032902,0.0024540666372281496,1.2474448009276973,6
,0.16,W2bin,0.039583876495246716,0.03805024189473246,0.7946371876306493,0.0359021557033489,0.0031116898560418333,0.03995615042914902,0.0010091789393569446,15.886570891496113,6
,0.16,W2bin,0.06188549171574902,0.06035185711523477,0.836487194466222,0.03456996882697134,0.004190360024232235,0.06597246221412684,0.0017451570666137484,1.5128618844742578,6
,0.16,W2bin,0.0730775161165612,0.07154388151604694,0.8574895430874685,0.0404357237701804,0.00707275951110676,0.07600476246176287,0.0019267094652805929,2.185157799210845,6
,0.16,W2bin,0.07900477631416798,0.07747114171365373,0.8686123195022467,0.04253203466980052,0.003175751545847532,0.08231955446641788,0.0022025722460474535,3.352772127713257,7
,0.16,W2bin,0.09808678195776334,0.09655314735724908,0.904420580864713,0.051545837667288694,0.006099672027343509,0.08977602653202162,0.003043830485620003,1.3325251326735237,6
,0.16,W2bin,0.11631045802800398,0.11477682342748972,0.9386181472996188,0.05254128158636953,0.00660936234310451,0.09274315209062971,0.003295683389572483,5.496598115092368,6
,0.16,W2bin,0.08610951508237914,0.08457588048186489,0.8819446886187783,0.04477871553053103,0.003976965876542452,0.08663543946831301,0.0029896078551954223,0.7553201523719003,6
,0.16,W2bin,0.10816059776145576,0.1066269631609415,0.9233245596158688,0.05223315945124204,0.009212783935073935,0.09147964807146783,0.002754768593266653,1.2427114165191435,6
,0.16,W2bin,0.14297755158720585,0.1414439169866916,0.9886601750497648,0.046875488746355276,0.006557463644683717,0.08708316599895866,0.003067853158722234,1.8789171229220858,7
,0.16,W2bin,0.15878366323670334,0.1572500286361891,1.0183210706411827,0.035445504675463875,0.009036828566507775,0.08453394564680035,0.003113828956044321,1.3798173493834078,6
,0.16,W2bin,0.12391772327656776,0.1223840886760535,0.9528935304727502,0.04906144921264668,0.00690645843493273,0.09438862500348237,0.0026702728311036148,6.319284831862393,6
,0.16,W2bin,0.15119645845989577,0.1496628238593815,1.0040833318660836,0.03846255180008953,0.006803977014448745,0.09062510142544947,0.002641580220630015,0.9313723483235333,6
,0.16,W2bin,0.17776503330539226,0.176231398704878,1.0539404847181006,0.03430485904955838,0.006290345741897855,0.07629074095841659,0.0022883940843399205,3.2167008541971254,6
,0.16,W2bin,0.16898033068180493,0.16744669608129067,1.0374555861486183,0.03898258292214575,0.006362468456167657,0.07700488317909523,0.0027236127606863397,0.2692543849841989,6
,0.16,W2bin,0.18771952042714368,0.18618588582662943,1.0726205377084748,0.03072317014887698,0.005239226236350488,0.07314245749043832,0.0026243663156248066,5.464901135718669,6
,0.16,W2bin,0.22502285362983476,0.2234892190293205,1.142621958416652,0.016394821200708447,0.004742328672509289,0.06561105207268833,0.0021564900339058786,8.278570379905867,7
,0.16,W2bin,0.1326988050988844,0.13116517049837015,0.9693716344420912,0.03771155913749257,0.009491119719690968,0.09295038003553042,0.0028527475782170017,0.6399044574953631,6
,0.16,W2bin,0.26079538904349253,0.2592617544429783,1.2097507666570098,0.017368667624665143,0.006381508057345301,0.06962626903485031,0.0029972570403213714,1.5648415393504285,6
,0.16,W2bin,0.2405103940313799,0.23897675943086563,1.1716850404070098,0.01351360664187358,0.006789498091078997,0.06952837898830856,0.0028383264863772566,7.574072845194972,6
,0.16,W2bin,1.0214349148481403,1.019901280247626,2.6371258262476185,0.25772276377646697,0.06813067991069753,0.11363395911739445,0.00819699703897435,1.8797683339263143,6
,0.16,W2bin,0.024432197812709774,0.022898563212195515,0.7662043656056493,0.1388529413825862,0.004570904610903,0.011003737443820506,0.0003239762968334065,46.35021697320569,7
,0.16,W2bin,0.2000609393310747,0.19852730473056043,1.095779777986971,0.02101999473852448,0.0056985260243634095,0.07150536384047212,0.0023860861355179683,0.7628635919838856,6
,0.16,W2bin,0.2842565403406045,0.28272290574009024,1.253776696279,-0.011299684080762549,0.009271017287015317,0.08888367145327071,0.0051511054043617485,5.93021606400503,6
,0.16,W2bin,0.30938520818999776,0.3078515735894835,1.3009317974171075,0.0010528424316151217,0.01140718691823044,0.09189231555597087,0.006376516893750483,1.3786659500053684,6
,0.16,W2bin,0.34218996459882095,0.3406563299983067,1.3624914318370591,0.00462216991924284,0.011204383754149495,0.10165781327363241,0.004289169164537623,1.1730792334311158,6
,0.16,W2bin,0.3758897627182875,0.37435612811777325,1.4257306531989515,0.020053193020292032,0.017720854761117115,0.10742619812339496,0.007041333828942353,1.6864975171943706,6
,0.265,Exbin,0.00991071026504054,0.0073706279579388,0.6339541262340208,-6.775241322663836e-09,1.3037862344236992e-08,1.260922697027516e-07,9.014775509762443e-09,381.79137700039934,8
,0.265,Exbin,0.01991071026504054,0.0173706279579388,0.6527195862340208,2.6140475196569473e-06,1.186001650684525e-06,4.9893545964770965e-06,9.305740389553671e-07,1118.7311868256038,8
,0.265,Exbin,0.029910710265040538,0.0273706279579388,0.6714850462340208,0.004323784644696681,0.0008500826381562049,0.012285509985973149,0.00038663856520494873,5.8337254257996225,6
,0.265,W2bin,0.06880139895318313,0.06626131664608138,0.744465212529,0.010661024698265444,0.0022259805915665347,0.03832280792005547,0.0011122113939619309,5.150962686839366,6
,0.265,W2bin,0.09324996868715187,0.09070988638005012,0.7903440782690001,0.011938873681093368,0.002589607054431941,0.05542145897205457,0.0015856597775789846,2.2358928438496877,6
,0.265,W2bin,0.1195699362726313,0.11702985396552955,0.8397347081616612,0.02183879051350846,0.0028396814702822473,0.06980505054802394,0.0019214978468843444,1.5061334723146074,6
,0.265,W2bin,0.05609329958199585,0.05355321727489411,0.720617879486396,0.008208803041400203,0.0010646387981765111,0.028759757359103244,0.0009284909408186806,37.5634790378393,6
,0.265,W2bin,0.08172121064431004,0.07918112833720829,0.7687098334787374,0.010595550239095537,0.002222426346067129,0.04759757277432193,0.001514381551576003,1.587504956369474,6
,0.265,W2bin,0.10267733718760744,0.10013725488050569,0.808034968919056,0.019609195204051577,0.00259130346531154,0.06088463609206581,0.0019049299841033941,2.950212340900106,6
,0.265,W2bin,0.11421319564885642,0.11167311334175467,0.8296825379710789,0.012293219771949518,0.005690140900907139,0.06906941275002586,0.002021386546814892,2.581340786226348,6
,0.265,W2bin,0.13350787880785336,0.13096779650075163,0.865889898474362,0.021203741604388492,0.0029402055615844794,0.07785054951027574,0.0023637803217667216,1.615735308401626,6
,0.265,W2bin,0.15877498119788802,0.1562348988907863,0.913304778395972,0.023832191933889683,0.003793392984438339,0.08222318803374536,0.0025301752784973276,1.7381420176194953,6
,0.265,W2bin,0.048217792252833944,0.045677709945732205,0.7058391277098865,0.0066949485393188336,0.0011859074643778534,0.02108259086877196,0.0006230644180605598,53.3047999245156,6
,0.265,W2bin,0.06274819503492057,0.060208112727818834,0.7331060969290001,0.007414178718271785,0.0018222697155646488,0.032687222028401096,0.0010748123943457692,16.641823003832016,6
,0.265,W2bin,0.07484000051157816,0.07229991820447641,0.755796926129,0.011713167644369929,0.0015785320228634595,0.04216171737225367,0.0011268964606680097,0.6730695392619225,6
,0.265,W2bin,0.10951050477316092,0.10697042246605917,0.8208577222190561,0.01946502830836551,0.0036906331174506512,0.06340330564287364,0.0017531275181407121,3.4503294955605135,6
,0.265,W2bin,0.1272749363858773,0.12473485407877556,0.8541934953041725,0.019142177970903906,0.0044961685276093425,0.07565994893410295,0.0024243018175620404,1.965081947698124,6
,0.265,W2bin,0.14661996295321295,0.1440798806461112,0.890495327529,0.022013557489802816,0.0035527388848298944,0.08001185065312036,0.00258937068780189,1.7561583815452753,6
,0.265,W2bin,0.1784426044072949,0.17590252210019316,0.9502119780590916,0.023938425026660583,0.004581568734698297,0.0839952198552235,0.002465379575395719,0.016623416846926947,6
,0.265,W2bin,0.19240927227708862,0.1898691899699869,0.9764210727834816,0.026198847763806824,0.004377294376277288,0.08327101483352352,0.003245957152298138,4.700117143927194,6
,0.265,W2bin,0.15346351159919283,0.1509234292920911,0.903337561366419,0.025002265144962687,0.003478138210357764,0.08400138911937799,0.0023096703262317966,3.216254336252157,6
,0.265,W2bin,0.16492571707817155,0.16238563477106982,0.9248469172091746,0.026919272881117905,0.003680273055962662,0.08476030323353705,0.002402460942957011,0.6650633907562707,6
,0.265,W2bin,0.18522646163892664,0.1826863793318249,0.9629421982116813,0.028374480557222352,0.0036968843277158416,0.08082207063329609,0.002844691490122559,0.8212946283858474,6
,0.265,W2bin,0.20114357685439127,0.19860349454728954,0.9928113971008006,0.023989042188730405,0.00372891381464406,0.08087212958508357,0.002583644979107111,2.460354503024657,6
,0.265,W2bin,0.22164245270529434,0.2191023703981926,1.0312784805833093,0.02465383895166853,0.0034382732189028186,0.07822805502614659,0.003344854549865214,4.783631733220331,6
,0.265,W2bin,0.23973021565834846,0.23719013335124672,1.0652209998018112,0.022380019131155178,0.004557428278191376,0.07547479624248411,0.004048930784789475,3.895071368592025,6
,0.265,W2bin,0.08759398282255673,0.08505390051545499,0.7797303606187376,0.010841104492444107,0.002053503980894413,0.05446368729063921,0.001820885589449867,2.810321695312835,6
,0.265,W2bin,0.23044947146616004,0.2279093891590583,1.0478052564109368,0.02337488060419608,0.0036207134914293232,0.07756495825082896,0.0026882520412093366,2.1329641970975195,6
,0.265,W2bin,0.25553252457725795,0.2529924422701562,1.094874759394355,0.02236657697953607,0.0030917868748613435,0.06717599921861335,0.003070666451313674,3.3061953178341543,6
,0.265,W2bin,0.27318654018354355,0.2706464578764418,1.128003331764268,0.021222908588561826,0.0035435095941445216,0.06703942072604094,0.002857347771919964,1.7991529311592969,6
,0.265,W2bin,0.29695712122483564,0.2944170389177339,1.1726099205349805,0.015089830069959653,0.0032764145147471274,0.0650355729137958,0.0027603340696306616,1.511566747969387,6
,0.265,W2bin,0.3152482170730538,0.31270813476595205,1.2069340032845708,0.02101175617644494,0.00566271727244812,0.060648494844844796,0.005228044447347527,7.393984877768849,6
,0.265,W2bin,0.3336681801913228,0.3311280978842211,1.2414999113943062,0.012868055168618931,0.003597314323369757,0.07017446384949619,0.0030580964059696842,2.711340889147496,6
,0.265,W2bin,0.35240234582846736,0.3498622635213656,1.2766554349840271,0.006697047864528223,0.004177183143431886,0.07546571908147616,0.003303933156909962,0.6033360082618675,5
,0.265,W2bin,0.3721849283682473,0.36964484606114556,1.313778361118721,0.010101431262412029,0.0046096849962240964,0.0789198838774514,0.0042931881671128755,2.1067369914916934,6
,0.265,W2bin,1.796926220246916,1.7943861379398143,3.9873709334284695,0.14539939127779422,0.08626824372971564,0.14585565276084853,0.007741092228034961,0.10062137251361974,6
,0.265,W2bin,0.0352373310451705,0.032697248738068764,0.6814806951524905,0.000981048322504854,0.000566844812616818,0.010914928862814172,0.0003237612479765241,39.595374496167956,6
,0.265,W2bin,0.09759825498548935,0.0950581726783876,0.7985038375290001,0.01475092673198753,0.003239184734697479,0.05888962393084706,0.0018088242391967357,1.8999541363760564,6
,0.265,W2bin,0.018630701831982812,0.016090619524881073,0.650317591529,0.00020295164149302525,5.970852477747679e-06,2.1314678264514892e-05,9.941968752627045e-07,56.79442464344431,7
,0.265,W2bin,0.13937892631503396,0.13683884400793223,0.8769071891897717,0.022239605366860198,0.004099053541438292,0.07989264528705661,0.0028807619810699877,2.908875888693538,6
,0.265,W2bin,0.17079882570462604,0.1682587433975243,0.9358680757097132,0.033979862608788686,0.004192334799475703,0.0771723953762654,0.002897486587980408,3.5461937262464542,6
,0.265,W2bin,0.21003299157068359,0.20749290926358185,1.009492792729,0.025450980848261737,0.004483353685694518,0.08108195841245161,0.0027202421234525063,3.257539632355292,6
,0.265,W2bin,0.2844866104350793,0.28194652812797755,1.1492084333945063,0.016841133957361636,0.0040975711112610615,0.06670090670776761,0.002539394732294864,4.839526383385904,6
,0.265,W2bin,0.40176230410750563,0.3992222218004039,1.3692816672527233,0.00461985280781332,0.0061903262260627956,0.08865780324207546,0.0038566203727247307,1.6154158310509583,6
,0.38,Exbin,0.013591840519374664,0.0099494583431533,0.5258619364882705,-1.316536019943457e-05,2.9229507299312154e-06,1.0250261346335794e-05,1.9422860411354987e-06,18.76663335671541,5
,0.38,Exbin,0.023591840519374664,0.0199494583431533,0.5446273964882705,-0.00015396210033627371,6.841467791341408e-05,0.000621254118162793,4.789517812941066e-05,13.288812169815085,4
,0.38,W2bin,0.08631268756534613,0.08267030538912476,0.6623259511290001,0.0025265333884775514,0.000978476047347563,0.016817327297289457,0.0005066602380157429,12.471375282756137,6
,0.38,W2bin,0.05574399407208775,0.05210161189586639,0.604962391629,0.0009372558830291845,0.00045541776704980687,0.005547651119506041,0.00019638686688941775,16.477454243437926,6
,0.38,W2bin,0.12488379647953876,0.12124141430331739,0.7347064112774926,0.006310074458092379,0.001448378234451256,0.035451255062903385,0.0011790964455976557,6.283724072215531,6
,0.38,W2bin,0.1538273767382401,0.15018499456201873,0.7890203710376376,0.00925470826095359,0.0018088118956777438,0.048025937610788764,0.0017800906409177226,3.7083719041410954,6
,0.38,W2bin,0.18777509942369217,0.1841327172474708,0.8527248342521319,0.010857331865496662,0.002157523730588187,0.06206386479094387,0.0019526079755811283,6.147310772367898,7
,0.38,W2bin,0.22701557009527065,0.22337318791904928,0.9263613825289998,0.017252307193908214,0.0025511438283960497,0.06338978983067875,0.0027386686110662094,5.234488349681713,6
,0.38,W2bin,0.24590792057567692,0.24226553839945555,0.9618137472536042,0.015980447795131737,0.002419979828006565,0.06440554624465598,0.002045804825913559,2.5574151074126337,6
,0.38,W2bin,0.26599329990011944,0.26235091772389807,0.9995048854833696,0.014526466693167702,0.002506688707793215,0.06438276833686639,0.0024554177515217113,3.8494285269167605,6
,0.38,W2bin,0.2852701691401014,0.28162778696388,1.0356788173481808,0.014794570199243295,0.0026609700551633295,0.06116120528590338,0.0029972698499642274,0.5370818515114782,6
,0.38,W2bin,0.3077822532799118,0.30413987110369045,1.0779237787924054,0.01370970097460345,0.002711539384995957,0.06004432383200775,0.00265290010452535,2.949603935745907,6
,0.38,W2bin,0.3353219021937058,0.3316795200174844,1.1296031968029898,0.010658213384924113,0.0026801128477957677,0.060376483252278866,0.0029520961114564317,5.634730152363371,6
,0.38,W2bin,0.366471595679203,0.36282921350298164,1.1880570295144257,0.002066218724736993,0.004245112204794764,0.06765800074765264,0.0050063921468002665,2.104869376450969,6
,0.38,W2bin,0.8330196716170586,0.8293772894408372,2.063555955223305,0.03188533036082074,0.008117402064623826,0.06575306694087853,0.004491774587024089,0.3218102561616708,6
,0.38,W2bin,1.6342771652966506,1.6306347831204293,3.5671524999577686,0.1209372915613973,0.051229052956490176,0.11385949174453337,0.00957591167644014,0.6384822216597679,6
,0.38,W2bin,1.7195260722911951,1.7158836901149739,3.727125995382753,0.13097514180462652,0.04392560464950982,0.11742176095026495,0.006226909032764902,0.4337481337446366,6
,0.38,W2bin,1.783504405097524,1.7798620229213027,3.8471842798971383,0.17165585551451423,0.046463340639739274,0.11791843546303826,0.005946965836910084,1.092278446809356,6
,0.38,W2bin,1.8475969342140384,1.843954552037817,3.967456859040617,0.12373391244652818,0.047081760638760156,0.1269352489778902,0.006240093252698218,0.9255143042432722,6
,0.38,W2bin,0.026530402146957937,0.022888019970736573,0.5501417425562654,-0.00010723109509713118,8.091928783411499e-06,1.3438559044602719e-05,1.0007525477185981e-06,544.393591652987,7
,0.38,W2bin,0.07242003899717882,0.06877765682095746,0.636255757029,0.0011867065986508392,0.0005837287363591883,0.011698739759335967,0.00039071849243771855,13.407782666812487,6
,0.38,W2bin,0.10485674145397579,0.10121435927775443,0.6971247212774925,0.003850681185770818,0.0014892519012268323,0.026833450253662208,0.0007142735629480858,5.727525439608162,6
,0.38,W2bin,0.13899705559769798,0.1353546734214766,0.7611905912226378,0.0083754821316039,0.0016137172653134695,0.0412269673501694,0.0013324125882534577,7.521148552550268,6
,0.38,W2bin,0.1707444540592203,0.16710207188299894,0.8207660448160137,0.009180857205642589,0.0022534848716822486,0.05618388375114698,0.002036607913127746,7.608541716283565,5
,0.38,W2bin,0.207313646588529,0.20367126441230762,0.8893898167801177,0.008610031779700723,0.0031059419411142175,0.0647509563363795,0.0019714602065923578,1.0697740191167517,6
,0.5,W2bin,0.3506983973856494,0.34590578925904236,1.038457897349451,0.003989308092631136,0.0028636927373007393,0.054232586289293304,0.0035782412281442437,3.5069248724757047,6
,0.5,W2bin,0.3730327461218245,0.3682401379952175,1.0803693301329254,0.006854346514578555,0.0027797064743249954,0.04955702125290948,0.0034742415527155446,0.8967668264319653,6
,0.5,W2bin,0.3942413894335758,0.38944878130696875,1.120168324905019,0.004138387036429325,0.0030155047343995013,0.05155337270679637,0.00367381648220993,2.795157107223742,6
,0.5,W2bin,0.4975928190701742,0.4928002109435672,1.3141120367838592,0.00477203480268007,0.005323288143764532,0.054614033326030736,0.006035757450097829,12.709081152341646,6
,0.5,W2bin,0.5158549668906552,0.5110623587640482,1.3483817972277916,-0.003356377114283933,0.003947451828341272,0.0647094302997406,0.004136565297365881,14.863126214042655,6
,0.5,W2bin,0.5327309948844051,0.527938386757798,1.380050440055351,-0.0023668398008324146,0.004049996374271429,0.06510285254124182,0.004121840714083781,12.910070037761313,6
,0.5,W2bin,0.5541643958339204,0.5493717877073133,1.42027120287356,-0.0029253447420789073,0.0041230096756505715,0.06809141074281187,0.00414526213657767,2.549126682483539,6
,0.5,W2bin,0.5759671226772811,0.571174514550674,1.4611850227205612,0.0021644662063636613,0.0040295428776263315,0.06487440901271138,0.003995339681047839,1.2412527731749101,6
,0.5,W2bin,0.5935181747092364,0.5887255665826293,1.4941203792069189,-0.004815972380974995,0.004132008027386903,0.07233366488401008,0.004032028449862476,0.9200339350407484,6
,0.5,W2bin,0.6121595139058078,0.6073669057792007,1.529101709710888,0.0008473425605946916,0.004091855336745136,0.06700086366479498,0.0038779671064808844,1.1034080414923928,7
,0.5,W2bin,0.6378648107316522,0.6330722026050452,1.5773388816482392,-0.0023908290116287385,0.005082243557721801,0.07065481537585792,0.0047471463403508055,0.03750841352718802,5
,0.5,W2bin,0.6682523486957923,0.6634597405691852,1.6343624944646944,0.005088302566977118,0.004108058425066023,0.06384567082632352,0.003328780679734006,1.790867039925886,6
,0.5,W2bin,0.6985253697960466,0.6937327616694395,1.6911712111182922,0.008315497753421356,0.004676632324959827,0.06057354149609752,0.004119953688998494,1.2620122521164097,6
,0.5,W2bin,0.11397996640821424,0.10918735828160718,0.5942448725724688,0.0011132387763063323,0.00028172700830399444,0.007842474826168495,0.00024738297618502874,19.64584331789889,6
,0.5,W2bin,0.13835248847786202,0.13355988035125496,0.6399810313721781,0.0015334184466272984,0.0007147324855442342,0.01459794655945107,0.0004197192831231217,14.707514728807922,6
,0.5,W2bin,0.16200281448939924,0.15721020636279218,0.6843619560478242,0.0018152953356463334,0.0008825435707384774,0.021575931722415453,0.0007263543326108078,5.139777370583065,6
,0.5,W2bin,0.17938972366410705,0.1745971155375,0.7169892909119855,0.003252858473899143,0.0009618604170286994,0.027506210487426193,0.0009698145539872572,6.550548989249399,6
,0.5,W2bin,0.1975630566403352,0.19277044851372813,0.7510923862151945,0.00596713180331168,0.0010163717575171378,0.03126929346540556,0.0011361275346364291,6.7480590393975355,6
,0.5,W2bin,0.22134823461589034,0.21655562648928328,0.7957263668045106,0.005942272537310548,0.0015037127055839627,0.041518103279442324,0.0019261257951159014,3.467966180870209,6
,0.5,W2bin,0.2454518768863605,0.24065926875975344,0.8409579602925923,0.010008528796958238,0.0015454331754110385,0.042153384429234914,0.0016370125867112425,7.881924002415114,6
,0.5,W2bin,0.2676871331128684,0.26289452498626137,0.8826834414234208,0.015795921346682545,0.0015308777165923128,0.038742665156321,0.001804301595313686,16.820602915253378,6
,0.5,W2bin,1.3060612621992207,1.3012686540726137,2.831240259863899,0.05449249772441766,0.023611294114545156,0.08045608768330506,0.008427949279660642,0.36373273807199036,6
,0.5,W2bin,1.3391069083992957,1.3343143002726887,2.893251935058065,0.04353769386957794,0.027962526565095694,0.08680124618103756,0.010252330086083677,1.9053005968378622,6
,0.5,W2bin,1.3699682357349905,1.3651756276083835,2.9511646354245538,0.04215909692335999,0.02479746273355912,0.08801566350491417,0.00809198147905555,2.018902795302178,6
,0.5,W2bin,1.3995823961384775,1.3947897880118705,3.0067369696730752,0.07954234952418851,0.028592588877384785,0.07929840998353878,0.009683188632062899,0.1933152958878696,6
,0.5,W2bin,1.4325185116919978,1.4277259035653909,3.068543105570572,0.04922108759585251,0.02773351973704731,0.0913514930737644,0.00811728703200533,0.668138155938958,6
,0.5,W2bin,1.4731020554233296,1.4683094472967226,3.1446999922254277,0.06237016514923126,0.025270929173998986,0.08939585165492363,0.007202310213590243,1.1601240169960363,6
,0.5,W2bin,0.294335452498688,0.28954284437208094,0.932690238573603,0.016574809760925287,0.0027641818322729278,0.03831407298720928,0.003717068382506731,5.444968147071857,6
,0.5,W2bin,0.32396463090821,0.31917202278160295,0.9882907548012778,0.0053605124049938575,0.0029527414177267465,0.05376818680291225,0.003852074607369572,5.505355431987926,6
,0.5,W2bin,0.7355115305654589,0.7307189224388518,1.7605774431654897,0.01141372739039893,0.003809829684017248,0.05901247011266434,0.0029235301675326055,0.7612707566478544,6
,0.5,W2bin,0.7778984996908835,0.7731058915642764,1.8401185405299287,0.012787991153261126,0.005013629899532743,0.05867727717049585,0.003895551420581537,1.6744304524578937,6
,0.5,W2bin,0.8169711049339585,0.8121784968073514,1.9134400816084003,0.017206207598548042,0.0051969410423305116,0.05591420951008668,0.0037204123676299852,1.479955635081378,6
,0.5,W2bin,1.5147756197040319,1.5099830115774249,3.222902352582122,0.09582666793004255,0.01739892023069046,0.0830053323381086,0.0038780990322739186,1.3723155145317252,6
,0.5,W2bin,1.5558916616322322,1.5510990535056253,3.300058496598319,0.09945890581578543,0.016208534656797627,0.08483399392485722,0.0037483761911543934,2.1042981326555386,6
,0.5,W2bin,1.5900011427792575,1.5852085346526505,3.3640665070068447,0.12421735125326766,0.01901070208638292,0.08325695333219069,0.004312869187229241,2.6952868162792614,6
,0.5,W2bin,1.6471083477778896,1.6423157396512826,3.471230804118208,0.13244406130634415,0.017233378630787707,0.08494638956153118,0.0038699791833547927,0.5378779305858344,6
,0.5,W2bin,2.113422923685045,2.108630315558438,4.3462915562784765,0.17649598194994898,0.09054569992434029,0.10674035510010929,0.010504564047641062,0.9529003989675258,6
,0.8,W2bin,0.5092975678150363,0.501629394812465,1.0360765362220352,0.004003079836951035,0.0013934965365003252,0.02578878663701512,0.0016880640388515914,3.2855198676513715,6
,0.8,W2bin,0.527469537610789,0.5198013646082177,1.0701770734543756,0.0029923476177703577,0.0019467061741960218,0.027258401291272407,0.0024428200672274923,4.0658753928820275,6
,0.8,W2bin,0.5442455233574964,0.5365773503549252,1.1016579824034165,0.005128187691853083,0.0014350258142711496,0.02526366917280541,0.0015264712077477072,3.461438653323873,6
,0.8,W2bin,0.5597002046411023,0.552032031638531,1.130659402747442,0.0033499646479782765,0.0015161145742839375,0.026965387763873496,0.0015736808314430583,4.175687101035721,6
,0.8,W2bin,0.5752484398158128,0.5675802668132415,1.1598363812716042,0.005214981809458555,0.0014796178740492218,0.02601082219835619,0.0016726721994493301,5.03743792318264,6
,0.8,W2bin,0.5887469751847062,0.5810788021821349,1.1851670038239597,0.003685537909016927,0.0022251071263357032,0.028202922828077334,0.0025313315519325213,5.65085502332396,6
,0.8,W2bin,0.6007400329138114,0.5930718599112401,1.2076725283332812,0.005568663607112873,0.0015785396045910356,0.02616153593268052,0.0015375347696992062,1.1359547634510405,6
,0.8,W2bin,0.6509298728728268,0.6432616998702555,1.3018560717490115,0.0041932295394142725,0.002380775908896375,0.030208011178451163,0.002622797106664158,2.38906962027628,7
,0.8,W2bin,0.6740598383606132,0.666391665358042,1.3452605159652553,0.003502576694588171,0.0018158072088780728,0.030958535474065692,0.0018586875092684873,4.767295870261416,6
,0.8,W2bin,0.6949237542578061,0.6872555812552348,1.384412613886469,0.0027330556218341496,0.0019735257496692167,0.03319651257986001,0.0019327015211416346,4.537161114585107,6
,0.8,W2bin,0.7151897130158559,0.7075215400132846,1.4224426177300522,0.002829592378576106,0.001962751528554116,0.03352954684726559,0.001915987977715025,1.0539409181673172,6
,0.8,W2bin,0.7379077384464773,0.730239565443906,1.4650740374797833,0.0018405160093184418,0.002052645788255249,0.034974572528673954,0.001949393927183763,4.439474600014827,6
,0.8,W2bin,0.7608308539789312,0.75316268097636,1.5080903182397476,0.0028073569277612402,0.0021683716788627734,0.03537630643319384,0.0019758999852635423,1.7738975574423734,6
,0.8,W2bin,0.7821654190919917,0.7744972460894204,1.5481256110644006,0.003997236925738767,0.0021763643117637004,0.03528828691943564,0.0019633597088404074,1.6769242633917236,6
,0.8,W2bin,0.8064323641267157,0.7987641911241444,1.593663649701532,0.0017245935193499087,0.0023771623114712836,0.038283349480721006,0.0020652295452760314,0.704778665896297,6
,0.8,W2bin,0.48447368688386117,0.4768055138812899,0.9894933817561622,0.004357168995160819,0.0012492448234832168,0.02526594067771952,0.0014825863458577274,0.9289725725704842,6
,0.8,W2bin,0.6305734456955091,0.6229052726929378,1.2636562997551248,0.006441381041067391,0.0015409715202819104,0.02628126758107114,0.0015130689165263795,0.8483368212375779,6
,0.8,W2bin,0.27684076627513127,0.26917259327256,0.5998606551195325,0.0014048566312874007,0.0005947537685019432,0.007713330539349312,0.0008883682837824457,11.533428549252152,6
,0.8,W2bin,0.30009777457351294,0.29242960157094167,0.6435035010138275,0.0018022855009969371,0.0007515067540779006,0.010718390728766443,0.0011294134541728865,2.7969111683488355,6
,0.8,W2bin,0.32368840492070194,0.31602023191813067,0.6877724040293236,0.0027379463271217535,0.0009250638368839335,0.012940517061997081,0.0013679789388351684,3.296492571561669,6
,0.8,W2bin,0.3450292750479931,0.3373611020454218,0.7278195285032112,0.0025689759530617725,0.0008321553660262115,0.015922329200254243,0.001172888252816891,3.4212945453419024,6
,0.8,W2bin,0.3682496468656989,0.3605814738631276,0.7713936243562398,0.003645092559027449,0.001211395001034717,0.017795659234443508,0.0017496291869526434,2.3613675846762394,6
,0.8,W2bin,0.39843086316766946,0.3907626901650982,0.8280300650828375,0.003867991351223131,0.0012191519621090193,0.021002680559832378,0.0016687902838169225,0.6321091861618653,6
,0.8,W2bin,0.4278978556680871,0.4202296826655158,0.8833262319915262,0.0059526089468545365,0.0010037981082134046,0.020714284619283554,0.0013043443229139142,0.3753372945653005,6
,0.8,W2bin,0.4545074443773516,0.4468392713747803,0.9332603492455416,0.004135462775069237,0.001120819254614734,0.024439533960280427,0.0014101165007140597,0.4641626975700142,6
,0.8,W2bin,1.2603310532613814,1.25266288025881,2.4454254192024325,0.03126584662106958,0.00892443004451557,0.04341873854253583,0.004524495780790049,1.2676336930765826,6
,0.8,W2bin,1.2809340717167748,1.2732658987142034,2.4840879310728265,0.025247621218960434,0.008341458373300508,0.04772657081512791,0.004223369431902981,1.4696347642487344,6
,0.8,W2bin,1.3023187389622362,1.2946505659596648,2.524217242853628,0.025843089091448224,0.008647914089556768,0.049024154319236166,0.004260923673567794,1.192640215889049,6
,0.8,W2bin,1.323479839428687,1.3158116664261157,2.563927021289545,0.033043434878654104,0.009139155381280104,0.04719883178336062,0.004293890111423951,1.5253549263633979,6
,0.8,W2bin,1.3440591665670685,1.336390993564497,2.602545075313766,0.029958719194345312,0.008852076273747941,0.049611185949015826,0.004167685277433463,1.1679298982721904,6
,0.8,W2bin,0.20386373290227114,0.19619555989969983,0.4629158950518253,7.691754315065468e-05,0.00013218067002084176,0.0023519987646922844,0.0002059333112320481,8.83678627438199,6
,0.8,W2bin,1.364872616340325,1.3572044433377537,2.641602471231972,0.03444592726757993,0.009522312860039768,0.0488766642477582,0.004273444489735559,0.22471212966603674,6
,0.8,W2bin,1.3862261467431014,1.37855797374053,2.68167335329518,0.032144340052686945,0.00978603090841825,0.051305565664072114,0.004281961786533994,0.7334088309992434,6
,0.8,W2bin,1.4078313686850932,1.4001631956825218,2.7222165461095367,0.04383555720064182,0.010207892985167742,0.0473568538057439,0.004434398004351475,0.08137002815220719,6
,0.8,W2bin,1.4297353533764317,1.4220671803738603,2.763320380966129,0.03318877310299105,0.01065359730811872,0.053636753689910915,0.004562842226616447,0.34242726886082564,6
,0.8,W2bin,1.4545240821642174,1.446855909161646,2.8098375708179333,0.04045890150731928,0.009967821210465883,0.05248047607155266,0.004288238244483647,0.20418003706985166,6
,0.8,W2bin,1.4792138399909736,1.4715456669884022,2.8561690371087014,0.04036434823198738,0.007562205934919642,0.054719581997037144,0.0025387998273505696,0.7359686552208111,6
,0.8,W2bin,1.4977905172942811,1.4901223442917098,2.8910290265955143,0.040333408073288904,0.008599776550153452,0.05509721427274431,0.002709689014892316,0.6620306935964763,6
,0.8,W2bin,1.5157436256851111,1.5080754526825397,2.9247188603338925,0.04505750806891672,0.007984734848030582,0.05440807462444468,0.002512293165687672,1.95666374572543,6
,0.8,W2bin,1.5364536191874707,1.5287854461848993,2.963582115800772,0.0442808525489627,0.007953349333360343,0.055421804365464844,0.0024730256223918145,1.040324768150036,6
,0.8,W2bin,1.556833652664141,1.5491654796615697,3.001826186101283,0.04915005928296003,0.007957756324179978,0.055293353179672614,0.0024271289249406724,0.4825130978281362,6
,0.8,W2bin,1.5936579987460402,1.5859898257434688,3.0709287654438864,0.04828729136515431,0.011914151185421235,0.058080870035351485,0.004277231824555353,0.7786553763510091,6
,0.8,W2bin,1.6072835471269822,1.5996153741244108,3.0964977337559496,0.04731113844026364,0.010924950047271344,0.05940134444455257,0.003439588577071022,0.5472776039701984,6
,0.8,W2bin,1.622808922730836,1.6151407497282646,3.12563181524386,0.04973716998947287,0.010736357061112665,0.059744753747117234,0.0033344834911264473,0.7256060075588725,6
,0.8,W2bin,1.6434803205455633,1.6358121475429919,3.1644226441274945,0.0500473211381094,0.010465087436444177,0.06034285485636457,0.0032563811237683307,0.5982987274095906,6
,0.8,W2bin,1.5760701060683553,1.568401933065784,3.0379242757911475,0.050476638339045664,0.00847745387504093,0.05632601454384584,0.002725309436932976,0.585120144596799,6
,0.8,W2bin,1.6646622252774326,1.6569940522748612,3.204171462724465,0.038399338046134913,0.013412280648229498,0.06572280548164201,0.00444692392172197,0.6600860879090404,6
,0.8,W2bin,1.6859876374368816,1.6783194644343102,3.24418957961063,0.04076363586330446,0.013614412077420483,0.06592187123013096,0.004399297477993741,0.3855101061113976,6
,0.8,W2bin,1.707371136042766,1.6997029630401945,3.284316698385508,0.04566416753552629,0.013832899833550318,0.06545756100629277,0.004387086608488809,0.7513588642936989,7
,0.8,W2bin,1.7287519413734738,1.7210837683709024,3.3244387631056265,0.055911064299344365,0.014057960950968418,0.06365331805260484,0.004293915776134788,0.16470288370165237,6
,0.8,W2bin,1.7500751573935238,1.7424069843909524,3.364452758835188,0.054631226244568426,0.014384187955368628,0.06548464777343202,0.0042910045478897875,0.07527555947453422,6
,0.8,W2bin,1.7713997310179013,1.7637315580153299,3.4044693021717185,0.05984157162811202,0.014714844127685688,0.0656050848771483,0.004276721369332698,0.27558964336705283,6
,0.8,W2bin,1.792615100157269,1.7849469271546976,3.4442809182687224,0.06177547059092133,0.010625444894269786,0.06588889982519903,0.0026746142181577333,1.2446162000248477,6
,0.8,W2bin,1.8134635108584707,1.8057953378558993,3.4834039199764195,0.05571865528349855,0.010612783561516924,0.0679246670678011,0.002644654162580265,0.783948720038835,6
,0.8,W2bin,1.8330279625400343,1.825359789537463,3.520117513521651,0.0546695438002281,0.010559045164722905,0.07084574044354593,0.0026990396111261487,1.2119539022661474,6
,0.8,W2bin,1.853047496155543,1.8453793231529716,3.5576850892496994,0.0543223904004116,0.014972372744717244,0.07129307196683794,0.004081479636813131,0.287395086916053,6
,0.8,W2bin,1.8745959631336269,1.8669277901310555,3.598121778763555,0.07300414714100456,0.015092189440822497,0.06811578476951326,0.003989807955587113,0.36428471886595415,6
,0.8,W2bin,1.896152829429859,1.8884846564272877,3.6385742299842847,0.06539797589694056,0.01539508513086188,0.07050133227884291,0.003982887719225458,0.26402672014067086,6
,0.8,W2bin,1.9188594202902405,1.911191247287669,3.6811841922369695,0.05757448297573247,0.016956968783065386,0.07394039307019842,0.004088920577360286,0.7261773453382467,6
,0.8,W2bin,2.079521430268144,2.071853257265573,3.982673844412965,0.1034275205004591,0.022868512040923352,0.07111501749411245,0.004844007307871245,0.4891548199378888,6
,0.8,W2bin,2.1115793191015295,2.1039111460989584,4.042831947471699,0.10147668397950245,0.02784738966940437,0.07362698986876871,0.0057626653212538475,0.9514283613093307,6
,0.8,W2bin,2.1436281456932758,2.1359599726907046,4.1029730448171335,0.11841779388852747,0.023879967542290215,0.07110398557480795,0.00469665349886359,0.5454501062478522,6
,0.8,W2bin,2.175647092054302,2.167978919051731,4.163058070535132,0.08129473785097256,0.029101369033142352,0.08051394276375701,0.005660388743754525,1.6072209098939503,6
,0.8,W2bin,2.2096062732841033,2.201938100281532,4.226784036235191,0.12948567587457258,0.02478427278412602,0.07430150499023533,0.004814115154807285,1.4151820196701217,6
,0.8,W2bin,2.2523084320735647,2.2446402590709935,4.30691660150292,0.13445547915940884,0.02574677602079541,0.0756607406700715,0.004784261334718013,0.189496384574041,6
,0.8,W2bin,2.3054742620457973,2.297806089043226,4.406684727073992,0.14750988485470495,0.024561583536689652,0.07642706146882726,0.003968552764442312,0.25276240772811176,6
,0.8,W2bin,2.444985306136136,2.437317133133565,4.668483618817541,0.17135132426631952,0.04416288252350093,0.08062051557769163,0.005564703203199886,0.7071491790231297,7
,0.8,W2bin,0.10709045157605925,0.09942227857348795,0.2813163810722477,-3.494505812788977e-05,2.324315284369112e-05,0.00026385145991501715,4.184761401041188e-05,6.618890293989816,7
,0.8,W2bin,0.16308766813583914,0.15541949513326783,0.3863977338186364,0.0002503970039608809,4.754861651197418e-05,0.000514805785608249,7.690685812365238e-05,22.88577269745297,6
,1.25,W2bin,0.6242811975334457,0.612299677216928,0.8018486066355974,0.0008618937382066557,0.0004926636537933331,0.00910575695131413,0.0006149046907129607,5.152291051569387,6
,1.25,W2bin,0.6423174706607632,0.6303359503442455,0.8356945028275727,0.0013910129907168706,0.0004977693839244644,0.009070704715611395,0.0006206156794351863,4.49782362196676,6
,1.25,W2bin,0.49763046431066704,0.4856489439941494,0.564182679809325,0.000193187414700674,0.00018181556405884983,0.004449050465419572,0.0002392610658179619,2.830992416151525,6
,1.25,W2bin,0.539887170945168,0.5279056506286504,0.6434793336174713,0.0005960893487038246,0.00032384285518937837,0.0059233924901743494,0.0004335466893033414,7.312498552997821,6
,1.25,W2bin,0.5612169959951316,0.549235475678614,0.6835057314956804,0.0005457657692889388,0.00036236689581372624,0.007034450017130434,0.00048609282173909125,3.169027790968734,6
,1.25,W2bin,0.5823745023626066,0.5703929820460889,0.72320876543954,0.000641904833580961,0.0004006863285458026,0.007816090315474556,0.0005300918402855487,3.596325402873172,6
,1.25,W2bin,0.6037062489448483,0.5917247286283306,0.7632387691614593,0.001034242357716154,0.0004385174880157621,0.008286902893088885,0.0005692943477976106,1.5800504798706283,6
,1.25,W2bin,1.2851432362281654,1.2731617159116477,2.041986621900019,0.00881851655399694,0.0019535080263628603,0.021959524980700643,0.0010816898309362697,0.12789015461472467,6
,1.25,W2bin,1.3282047038230302,1.3162231835065126,2.1227934466692924,0.00989587544175758,0.002095686728670779,0.022897820103262936,0.0011045452193529095,0.9128947049462798,6
,1.25,W2bin,1.3712673795264119,1.3592858592098942,2.20360253850977,0.01043127036613782,0.002264355069935454,0.02435684362823365,0.0011377702426853486,0.11779099423608948,6
,1.25,W2bin,1.4143377878853498,1.4023562675688321,2.2844261410341016,0.00981480873674875,0.0024111318834546844,0.02605394796369142,0.0011657548598097156,0.45836818796718126,6
,1.25,W2bin,1.4574094043528045,1.4454278840362869,2.365252010629638,0.014334746507519668,0.0026322711795886975,0.025906703165461314,0.0011972543711295195,0.1697867102141454,6
,1.25,W2bin,1.4946779233912277,1.48269640307471,2.435188100957115,0.014948420742415498,0.0024309118086588487,0.027833079646479533,0.0009910666282505253,1.5764168123739504,7
,1.25,W2bin,1.5269640992349582,1.5149825789184406,2.495774595091964,0.012177069877841265,0.002961863187086229,0.030033542576613916,0.000971806403135664,0.5517162704993291,6
,1.25,W2bin,1.5557935616717715,1.5438120413552539,2.5498744075099165,0.016819598937804946,0.0031254877556392553,0.029530669779294038,0.001195209162482664,1.7769983863460503,6
,1.25,W2bin,1.5805639845015733,1.5685824641850556,2.5963572453894894,0.01456673313559492,0.003119921701008137,0.031409894270508255,0.0012576960167260919,0.7997542186320877,6
,1.25,W2bin,1.6036887891607314,1.5917072688442138,2.6397520050734142,0.014939864649248106,0.003271304908114627,0.03223642884402969,0.0011586539527710096,0.9825805195993002,6
,1.25,W2bin,1.6263489255713186,1.614367405254801,2.6822747934141558,0.016425253470779538,0.003074852722651942,0.03247659723765605,0.0013256444505254867,0.4117813981356859,7
,1.25,W2bin,1.6489929810395392,1.6370114607230215,2.724767405126823,0.02120463317730446,0.003535983763803358,0.0322684809645907,0.0013880494103999301,0.655992894643227,6
,1.25,W2bin,1.6691754438569413,1.6571939235404236,2.762640724996968,0.018665890657063002,0.005922619992682925,0.03369754808051001,0.0018486873690964408,0.27840862529735494,5
,1.25,W2bin,1.6883902454561102,1.6764087251395925,2.798698184078682,0.01970492882263903,0.0037847623340585496,0.034525993295090214,0.0013816700512597412,1.7828606401265987,6
,1.25,W2bin,1.1251494324324425,1.1131679121159248,1.74175088936237,0.0053947506046451476,0.0022681993259135143,0.01776520784126654,0.001928300927543697,0.37163988650709995,6
,1.25,W2bin,1.1573958456700209,1.1454143253535032,1.802262767137695,0.008223691199143313,0.002347679335199386,0.01683063212111406,0.0019410028813336198,0.43954498088086075,7
,1.25,W2bin,1.1905710540997227,1.178589533783205,1.8645175718156184,0.009404531106891363,0.0019959892979279927,0.01746984062406771,0.0015006151163798733,0.37481658479457575,6
,1.25,W2bin,1.2377789189064343,1.2257973985899167,1.9531053016871935,0.006739443227305693,0.0024074036011494447,0.02146138504128317,0.001541635980591717,2.6154986196529975,5
,1.25,W2bin,1.7098110887735916,1.697829568457074,2.838895381922728,0.024044493262715003,0.004658457443825459,0.033570914986241665,0.0019321855689870006,0.09210999326468981,6
,1.25,W2bin,1.7358937232296618,1.7239122029131442,2.887840645280729,0.021963408191776997,0.00492192737960225,0.03534276560198069,0.001962452638400597,0.5351450751937802,6
,1.25,W2bin,1.9177742761064283,1.9057927557899106,3.2291478692594136,0.026027331648710576,0.007234737606047456,0.041146777240099956,0.002213835048222509,0.05378345396805349,6
,1.25,W2bin,1.953475402362963,1.9414938820464454,3.296142674931609,0.02586751855279488,0.005584935568411486,0.04238392653962388,0.0015940584007008614,0.1564307893699397,6
,1.25,W2bin,1.985498405766569,1.9735168854500513,3.356235313876632,0.028841266909937838,0.007857716867085971,0.043685587328748984,0.0022331389825203146,0.2159622456856079,6
,1.25,W2bin,2.0192745771900076,2.00729305687349,3.4196178532566,0.02410691262587482,0.00744286426794641,0.04562440516747859,0.0021385858460047616,0.11340565001343425,6
,1.25,W2bin,2.0901486218194187,2.0781671015029013,3.552616258209743,0.038708109106090766,0.015011647280768894,0.044659139213248426,0.004385616657633052,0.10903873354859452,6
,1.25,W2bin,2.1226624844109643,2.110680964094447,3.6136300170004576,0.03958645056141528,0.015848093104640415,0.04611572385283002,0.004974588685877819,0.1858655553392064,6
,1.25,W2bin,2.163494966890968,2.1515134465744508,3.690254048668378,0.03166113704913593,0.012523616772625586,0.048813253728451786,0.00324723525520199,0.3548910296893739,6
,1.25,W2bin,2.199732046038665,2.1877505257221475,3.758254594594672,0.0362683401681832,0.015435375029404903,0.04924192116400645,0.0036613792115170614,0.3378391697409586,6
,1.25,W2bin,2.2230995709207098,2.2111180506041923,3.802104829941974,0.0456752740517931,0.012629546724933959,0.048593203205935215,0.0033335433745696787,2.2117275769771116,7
,1.25,W2bin,2.244634366860901,2.2326528465443833,3.8425158651243567,0.053059114041972874,0.014428048869553208,0.047154504092470004,0.003360223631816416,0.9720401355943153,6
,1.25,W2bin,2.271954953118704,2.2599734328021865,3.893784201984092,0.051066110053820765,0.018212864062512994,0.04878199058917383,0.00385979557551306,1.1171206904527717,5
,1.25,W2bin,2.301594704290867,2.2896131839743497,3.949404558487209,0.04671236621177122,0.01666459870149431,0.05090619695573377,0.003272708428258929,0.6169185642116494,6
,1.25,W2bin,2.3340354849996947,2.3220539646831773,4.010281175763238,0.045143963723084844,0.015639923289330053,0.05159189390754781,0.003321366545828689,2.151163229940549,6
,1.25,W2bin,2.3749955195557546,2.363013999239237,4.0871445647692735,0.04656005802151652,0.014990076008843304,0.05326557267650837,0.0028703685815728774,0.026494416994880116,6
,1.25,W2bin,2.42885184113018,2.4168703208136626,4.188208429594475,0.05402782444382749,0.012991089648684402,0.05349367642795346,0.002486531847045319,0.13550700876108931,6
,1.25,W2bin,2.486079686789372,2.4740981664728547,4.29559911445485,0.05920488539249609,0.015371461420323505,0.05485450802764292,0.002499332876729042,0.530319645277766,6
,1.25,W2bin,2.5643851979852057,2.5524036776686883,4.4425430082673465,0.06379361301116189,0.01929192115044295,0.05721617669029301,0.00407996024466545,1.9703456395199486,7
,1.75,W2bin,1.225184371687081,1.2084102432439563,1.429471054480905,0.001562247661482848,0.000978588068603794,0.008063634706260592,0.0008261225233201672,2.112654393276263,6
,1.75,W2bin,1.2489215352367578,1.232147406793633,1.474014933791397,0.002047177155638229,0.0012054813193800704,0.008022115129440215,0.001020797317107635,0.4645351223449752,6
,1.75,W2bin,1.2713226214982172,1.2545484930550925,1.5160516026109936,0.0020742149608290964,0.0012684269022725965,0.00847068176452146,0.001054399447614038,0.4933466141390833,6
,1.75,W2bin,1.292672788057662,1.2758986596145374,1.5561161722674537,0.0016717457255369921,0.0013205850126783967,0.009137830568329529,0.0010779245582105091,1.4678283333102975,6
,1.75,W2bin,1.3140247223299464,1.2972505938868217,1.5961840591183716,0.0021925082410018523,0.00137500598300242,0.00919229483608944,0.0011001703501757026,0.4577299621289943,6
,1.75,W2bin,1.3342347173813163,1.3174605889381916,1.6341090444920394,0.0025341126639736346,0.0007025295135405664,0.00931131502534592,0.0005116778269185412,1.2632854733187653,6
,1.75,W2bin,1.350880302196217,1.3341061737530924,1.6653452500941022,0.003214956210738621,0.0007348062490710943,0.009198613870068073,0.0005432284874375044,0.3708871593555304,6
,1.75,W2bin,1.3663951288683416,1.349621000425217,1.694459536026371,0.0036590295732586973,0.0015269045058036153,0.009135172441026702,0.0011639667994586154,0.804110712708468,6
,1.75,W2bin,1.400894470015857,1.3841203415727323,1.7591991366593764,0.003362066425723794,0.0007996141203621772,0.01021765595555329,0.000454870180223124,0.5866672806319633,6
,1.75,W2bin,1.4154631291343385,1.3986890006912138,1.7865378956535265,0.0030076377492877465,0.0008590176425436804,0.01075432520488462,0.0006065922680417558,0.9779574130261308,6
,1.75,W2bin,1.443636110485528,1.4268619820424033,1.8394057911161756,0.004207070616496776,0.0010197071265071217,0.0107388912515638,0.0005128070481339213,2.4355012079860066,6
,1.75,W2bin,1.4583241146772141,1.4415499862340895,1.8669685066300676,0.0031929670730875444,0.0009497921974375804,0.01160089205949915,0.0006463603128716872,2.9561332894221,6
,1.75,W2bin,1.4702863309024197,1.453512202459295,1.889416155638612,0.0037102412219338545,0.0010658234094218632,0.011648520971793117,0.0006527171856060995,1.464910254998774,6
,1.75,W2bin,1.4859330012663783,1.4691588728232536,1.918777852323417,0.003169134344660817,0.0009618036675090001,0.012142221261345053,0.0004964489056844355,2.4882342760167013,6
,1.75,W2bin,1.5138775850284811,1.4971034565853565,1.971217149203856,0.0019497574049871591,0.0015286372520307218,0.013631475178930588,0.0009788721870201509,5.267564369710679,6
,1.75,W2bin,1.5289271983370576,1.512153069893933,1.999458440859612,0.004299364672046023,0.0010805299232441558,0.012567098674662715,0.0005876056870901739,4.420816482000188,6
,1.75,W2bin,1.5626083307946173,1.5458342023514926,2.0626626352483157,0.004627225784622339,0.0011765077356887738,0.013285154791473434,0.0007256537265502096,4.341197177074849,6
,1.75,W2bin,1.5771328922843266,1.560358763841202,2.089918643013584,0.00340133432530928,0.0016516008162897264,0.014503619070297005,0.0009877609494118853,6.145992263325942,6
,1.75,W2bin,1.593666176531887,1.5768920480887623,2.1209441114352066,0.003686240635306897,0.0013536498975734285,0.014568849986874433,0.0007841355150214321,4.4885830792981825,6
,1.75,W2bin,1.5463908328885931,1.5296167044454685,2.032229754422758,0.004886550366836399,0.001042951366121676,0.01298744734654873,0.0005888833788311972,0.8864479096188541,6
,1.75,W2bin,1.6145422673855563,1.5977681389424316,2.160119056222296,0.00597347882473667,0.0013784320023833491,0.014431725857633065,0.0007916626620416363,0.9472009960684181,6
,1.75,W2bin,1.6358989080000854,1.6191247795569608,2.200195774740928,0.006697993122070761,0.001412829528434835,0.014460232724880886,0.000792914996009084,2.436918610053887,6
,1.75,W2bin,1.6595321561505134,1.6427580277073888,2.2445446520246213,0.00673468514805542,0.0014740239920801564,0.015083769499860228,0.0008087260266215679,0.33324091782574217,6
,1.75,W2bin,1.6832561290671135,1.6664820006239889,2.289063778505376,0.0060897167528426175,0.0016803568636756165,0.016357192436758004,0.0008528483079005024,0.6393073698542412,6
,1.75,W2bin,1.7091937627220801,1.6924196342789555,2.3377369411900686,0.006866403001008814,0.0015199781852334446,0.016543664521356718,0.0006557210987096875,1.736449809360483,6
,1.75,W2bin,1.735082409873328,1.7183082814302033,2.386318178447154,0.008035368326254034,0.0018829186131029615,0.01686410886953048,0.0009125291001295305,1.8628099020454072,6
,1.75,W2bin,1.8367137886553988,1.8199396602122742,2.577034135775134,0.008369815507173781,0.0029716622867211203,0.01979757890290287,0.0013119788207089512,1.9536939486098004,6
,1.75,W2bin,1.8643640489484692,1.8475899205053445,2.6289211211270542,0.009292880251307329,0.00309048263458794,0.02026519109583468,0.0013102308416636584,2.8293255172843677,6
,1.75,W2bin,1.910969066696859,1.8941949382537344,2.716377580762724,0.00852187627956423,0.005016558299895141,0.021977449995243148,0.002130460366628928,0.09228370583484925,6
,1.75,W2bin,1.9336471610103505,1.9168730325672259,2.7589340679343293,0.013038581912574836,0.005233138186756769,0.020686722985072296,0.0021861139666578397,0.5789354231329721,6
,1.75,W2bin,1.9612141871034114,1.9444400586602868,2.8106648604811584,0.009549954146808065,0.004500286458721644,0.023151065632961366,0.0019639091791765657,0.5424413893152034,6
,1.75,W2bin,1.9905603716846711,1.9737862432415465,2.865734325772383,0.011685111638070903,0.004978977644060944,0.02324294700012235,0.001887626803162881,1.2098623962427666,6
,1.75,W2bin,2.018096347461307,2.0013222190181823,2.9174068509721263,0.010893172732878686,0.005286144385280612,0.02439912259483875,0.001986869047136102,0.488515114254801,6
,1.75,W2bin,2.062905994659496,2.046131866216371,3.001494215183299,0.01574340606244434,0.005617638153089449,0.023892326233378648,0.0020109192937393106,1.1724922576451524,6
,1.75,W2bin,2.081267979496678,2.064493851053553,3.035951324381573,0.014167315962067432,0.004837084482982335,0.024880074252607926,0.001855818103150768,0.24386938813244036,6
,1.75,W2bin,2.1007081965522745,2.0839340681091496,3.0724317859363848,0.01590333475601562,0.00591880366076609,0.025081037157192034,0.00204371793773109,1.9493734391478668,6
,1.75,W2bin,2.122048934413825,2.1052748059707,3.1124786622075256,0.01421041921323284,0.006035690948740681,0.025957956992268074,0.0020512832580225865,2.4389326794581963,6
,1.75,W2bin,2.142816791805261,2.1260426633621363,3.151450501923996,0.008824594861712413,0.0062038132020166975,0.028777166298793476,0.0020106010273284918,1.1109149315739828,6
,1.75,W2bin,2.042572862184236,2.025798733741111,2.963338156769379,0.014089153830697835,0.004548472950856025,0.023821316970801372,0.0017645156989984253,2.5254199812162876,6
,1.75,W2bin,2.166614208900536,2.149840080457411,3.1961074497844657,0.017596419238124356,0.006685492528528636,0.025839720350111672,0.0021665187101761302,1.2919667293034598,6
,1.75,W2bin,1.4275290757839056,1.410754947340781,1.8091801995749848,0.0035236802860935117,0.0009397191669597355,0.01064454766279748,0.0006055369620249542,1.117689497525644,6
,1.75,W2bin,1.3831984277345846,1.36642429929146,1.725991699300624,0.0031491497799181417,0.0007895904385644384,0.009860485083174927,0.0004815748268627309,0.842832433972042,6
,1.75,W2bin,1.5016351127080818,1.4848609842649572,1.9482435867409,0.004209410924322074,0.0009293856198347498,0.012114267139335087,0.0005442426964895452,0.7491991809077674,6
,1.75,W2bin,2.1985025931789446,2.1817284647358197,3.2559474697485755,0.016673734025155568,0.0051243233653310025,0.027244121628580413,0.0016708477734760628,0.6075481576606615,6
,1.75,W2bin,2.2281357577519065,2.2113616293087817,3.3115554661953093,0.020780893121163935,0.006380396272653126,0.027185073384680753,0.0019942612593415654,1.5117408015039844,6
,1.75,W2bin,2.251455597897597,2.2346814694544723,3.355316218941345,0.012168359537870117,0.006637293009663641,0.03025167705415365,0.00207067287606269,0.7672179699723837,6
,1.75,W2bin,2.2754675088937946,2.2586933804506697,3.400375674473614,0.01855960845944938,0.0066118679581147095,0.029266368230549022,0.0021129055659658094,0.4974725051750718,6
,1.75,W2bin,2.304072085265639,2.2872979568225142,3.4540534778458944,0.016842327498648123,0.006198847412666416,0.030437100827911196,0.0019826815910690887,0.2407840937549212,6
,1.75,W2bin,2.3335057674387363,2.3167316389956114,3.50928713639309,0.018164924721293937,0.009471135933040515,0.030510716222947546,0.0023849979501711963,1.5169092162496698,6
,1.75,W2bin,2.358233456157931,2.341459327714806,3.5556897817483404,0.014868053441403586,0.007782585669444961,0.03226812321465698,0.0018979789206227718,0.6925107576984668,6
,1.75,W2bin,2.3851548068353594,2.3683806783922345,3.6062089346766673,0.026583822634227657,0.006668039246164733,0.03035155509123438,0.0016783664960943886,0.6436032601498631,6
,1.75,W2bin,2.406055727675988,2.3892815992328633,3.645430474076465,0.02277493228379906,0.011815648179322158,0.031657652758293124,0.002412598127929597,0.23845141832341377,6
,1.75,W2bin,2.4210355629936884,2.4042614345505635,3.6735408241225542,0.02509881995166806,0.005604504194995875,0.03187704625518503,0.001571519706619972,0.365827794270325,6
,1.75,W2bin,2.4429174678748806,2.4261433394317558,3.714603225199736,0.02903885049494072,0.008671928944823125,0.0314276864424245,0.001964083657998333,1.010746696481896,6
,1.75,W2bin,2.4708145498556666,2.4540404214125418,3.766953382802451,0.02425892715019307,0.007759789127852743,0.03365056758355739,0.0018476090606904167,0.19333922984668184,6
,1.75,W2bin,2.5027534179880067,2.485979289544882,3.8268881380407223,0.025925001149274214,0.008001164637649556,0.03350948828158848,0.0015970420119714953,1.916506980152987,6
,1.75,W2bin,2.545506550511897,2.528732422068772,3.907116357865898,0.033771914116795976,0.007111655163928464,0.03317458807478034,0.0014665413340921771,0.6592515964143689,6
,1.75,W2bin,2.596533502929152,2.579759374486027,4.002870781316689,0.03107268975838727,0.007207894488771179,0.03527648473663071,0.0014580760385972129,0.3504468909930426,6
,1.75,W2bin,3.5153015466503077,3.498527418207183,5.726981278689449,0.049401279666506016,0.0712501262484423,0.059159559204639285,0.01235405464208211,0.8618255213276873,7
,2.25,W2bin,1.6084631965464178,1.586896459976686,1.6487114001553944,0.0023017119906129377,0.0008425635716832801,0.005308482230271226,0.0005179720710668715,2.2789545689468933,6
,2.25,W2bin,1.1559522628770733,1.1343855263073415,0.7995538176219206,0.0005120767300364859,0.00015895716797755053,0.002083150332152833,0.0001461897090845632,0.19993573837945802,6
,2.25,W2bin,1.1859703487660147,1.1644036121962829,0.8558841366244703,0.0005635890539930308,0.00017700592121590265,0.002270180966041409,0.00013612775686888955,3.131562067824879,6
,2.25,W2bin,1.2144864058806215,1.1929196693108897,0.9093958295386568,0.00045250294109924007,0.0002067906013418932,0.0025139744887213594,0.00015850772234542008,3.353779229408783,6
,2.25,W2bin,1.2443104530334042,1.2227437164636723,0.9653620259270224,0.0006048390299954438,0.00022577818114673698,0.002696279401717538,0.000134102877811659,3.020819001542905,6
,2.25,W2bin,1.269607602074721,1.248040865504989,1.0128332897719092,0.0006539726142311356,0.00024557822665042866,0.002805824721008946,0.00014580123115762045,3.931045664953681,6
,2.25,W2bin,1.2976966852660226,1.2761299486962907,1.065543746478214,0.0008202390657012764,0.00028824091572561154,0.0029606419754216423,0.00019911071943002248,4.223126502971315,6
,2.25,W2bin,1.3298025739886628,1.308235837418931,1.1257919235371292,0.00029805533167177645,0.00030108182619962036,0.0035522089771861886,0.00018785864914772573,0.7255943444369087,6
,2.25,W2bin,1.362158936694878,1.3405922001251462,1.1865101265480271,0.0007803226352516342,0.0003375423887266167,0.0035892387277825333,0.00022081867846234928,0.861215383991774,6
,2.25,W2bin,1.3952603089803495,1.3736935724106176,1.2486263743048391,0.001372060532953031,0.00034551948610814676,0.003592052222064927,0.00020178741176951303,2.7721746666661544,6
,2.25,W2bin,1.4274630146644247,1.4058962780946929,1.3090562328454678,0.0012731825617258075,0.0003934291295778116,0.0038376947706732826,0.00023816355515914284,2.7107795818897755,6
,2.25,W2bin,1.460100640566454,1.4385339039967222,1.3703022391814168,0.0015462995789242613,0.00045693038303940307,0.004056080172091004,0.00022677245808254656,1.799147721982572,6
,2.25,W2bin,1.490237470932049,1.468670734362317,1.4268553876566528,0.0015980983387770204,0.000491474610077881,0.004421696991337315,0.00029034571170581214,2.4142506603773435,6
,2.25,W2bin,1.520736108992052,1.49916937242232,1.4840874849135992,0.0014382134915651382,0.0004347674173123178,0.004797881169257518,0.00022691396583453963,0.5599302002976482,6
,2.25,W2bin,1.5528138817539057,1.5312471451841738,1.544282901078765,0.0012519691944223716,0.0005648952836483692,0.005281519105870024,0.0002978613932247142,2.879384131747607,6
,2.25,W2bin,1.5805873030084374,1.5590205664387056,1.5964010036402714,0.0014780713190790987,0.0006052907019809564,0.005572602493207002,0.0003269728668069197,3.5615591573249126,6
,2.25,W2bin,1.6332904593648685,1.6117237227951366,1.6953009008883066,0.001300245353154565,0.0008216880644011413,0.00637184043201737,0.0004960927276251569,0.18296974192904758,6
,2.25,W2bin,2.0279932779631595,2.0064265413934277,2.435978896317655,0.004352973125923055,0.0026060052891452245,0.011843700636758962,0.0012410323528618632,0.2698350495937021,6
,2.25,W2bin,2.049404783933504,2.027838047363772,2.476158572200281,0.004025122508851593,0.0027658294070713662,0.012836714252921324,0.0012981375719876675,0.03524562942238105,6
,2.25,W2bin,2.0695916655916458,2.048024929021914,2.5140401842283406,0.003437855021743015,0.002592161430469304,0.01322817734779999,0.0011730979151355022,3.2838494015140745,6
,2.25,W2bin,2.089087041840704,2.067520305270972,2.5506241545470054,0.005135824938172167,0.002793452628585369,0.013009614364654214,0.0012596156817309009,2.457490748950283,6
,2.25,W2bin,2.109532229616247,2.0879654930465152,2.5889904898864504,0.003473333893020968,0.0029806679365138636,0.014070739045037965,0.0013347171547723692,1.8454123466351424,6
,2.25,W2bin,2.1507673941103076,2.1292006575405757,2.6663701728771216,0.005959424171903852,0.0028924711471775147,0.013722786357720793,0.0012129849646586824,0.8641029622358477,6
,2.25,W2bin,2.1728938023506927,2.151327065780961,2.707891395754983,0.006442845327002191,0.003063476936301378,0.014269059923758412,0.001266710864207438,1.0741450658361145,6
,2.25,W2bin,2.2164865140265166,2.194919777456785,2.7896951244794046,0.007616209179192093,0.002441613762825187,0.014797999883488056,0.0009333713449947376,0.8997020481951437,6
,2.25,W2bin,2.237829447151788,2.2162627105820563,2.8297461202639,0.007253979046636243,0.0025209291596972752,0.01549133074955643,0.0009490128059027299,4.125154091337194,6
,2.25,W2bin,2.2583940314128688,2.236827294843137,2.868336508600694,0.005796024684677237,0.002283043751617084,0.01585518978697962,0.0009292658588494983,2.3112635498817635,6
,2.25,W2bin,2.279139814966537,2.2575730783968053,2.907266925745196,0.00845146096116809,0.002683183431265989,0.01591082020923724,0.0009751769124740814,2.0477427922742106,6
,2.25,W2bin,2.194919263381461,2.1733525268117293,2.7492231865504277,0.007439484801444229,0.0023492620998932776,0.014341483036155556,0.0008851320758606656,0.7869718495745801,6
,2.25,W2bin,2.3037070374123587,2.282140300842627,2.953368448757012,0.008217590816871363,0.0026211481767323313,0.016378529467044524,0.0009779044569140246,1.930673227754816,6
,2.25,W2bin,2.331941559928733,2.3103748233590014,3.006351829047025,0.006446394330303695,0.0026879238461397386,0.017873049904564495,0.0010446467121885642,2.159715730675693,6
,2.25,W2bin,2.3611270833623594,2.3395603467926276,3.061119806304303,0.007990160663213513,0.002353960658267778,0.01762827931313723,0.0007975888849601163,3.2305528602828657,6
,2.25,W2bin,2.388837848414821,2.3672711118450893,3.11312033162044,0.008636986947390303,0.0029793840396943306,0.018240612388904853,0.0010352439235464612,1.1089788456711014,6
,2.25,W2bin,2.42290599971173,2.401339263141998,3.177050784664048,0.008379600636958001,0.0025365258571526553,0.019133111911212426,0.000889694543789543,1.9059546099557931,6
,2.25,W2bin,2.465629210438854,2.4440624738691223,3.2572228548611903,0.012792010430142338,0.0026093023513249058,0.018268925519383427,0.0008747428443552009,0.23914734173620378,6
,2.25,W2bin,2.5193952397723725,2.4978285032026406,3.358117282142886,0.010577247804518772,0.0026593048652588033,0.020046981352152035,0.0007655458872314911,0.7061504771678702,6
,2.25,W2bin,2.5835868221490736,2.562020085579342,3.4785757392855565,0.012885860432346803,0.002925152799860076,0.021089376619644225,0.0007973609505396762,0.17392652587084997,6
,2.75,W2bin,1.6529663256464835,1.6266069809501447,1.232223569055606,0.0003432003422962092,0.0004047225095874542,0.002600820791792702,0.00028317518959339186,2.5461791289226605,6
,2.75,W2bin,1.3245513544773047,1.2981920097809658,0.6159377685679681,0.0002378999812817677,8.39018409520279e-05,0.0009245981931849048,6.414777434854234e-05,2.2980532844915187,6
,2.75,W2bin,1.3497864670828728,1.323427122386534,0.6632926181874967,0.0002818185005675526,9.38411856607568e-05,0.0010000442153444125,7.237103034962189e-05,1.7721767649577764,6
,2.75,W2bin,1.3713437676102929,1.344984422913954,0.7037458842630246,0.00027425942012964023,8.881171854666049e-05,0.001083921580020541,7.19840933109337e-05,4.67984181292509,6
,2.75,W2bin,1.3892026856702422,1.3628433409739034,0.7372589655127504,0.0003807448380724796,0.00010098743335079777,0.0011180801322091373,8.252608234773451e-05,1.3180920140868972,6
,2.75,W2bin,1.406181960081259,1.3798226153849202,0.7691213549916465,0.0003363572243098823,0.00016453717229874951,0.0011812967401868021,0.00014127007582550203,2.3116074639751947,6
,2.75,W2bin,1.1906307129937919,1.164271368297453,0.3646295244746479,0.0001176124891598329,4.624107310016653e-05,0.0004571897980890968,4.071180021725163e-05,2.127551724327387,6
,2.75,W2bin,1.2314659950419466,1.2051066503456078,0.4412588096609849,0.00013488369386432792,4.788818146189603e-05,0.0006045966462409234,3.834264813501708e-05,2.019182137474261,6
,2.75,W2bin,1.2636104369162644,1.2372510922199256,0.5015793334824683,0.00012878880181406514,7.062918807446242e-05,0.0007552149350314691,5.637140231808727e-05,1.3310902214722224,6
,2.75,W2bin,1.2958550308014976,1.2694956861051587,0.5620877971594267,0.00025390269739235895,6.05071164505944e-05,0.0007593672856846841,4.5690352557490456e-05,3.024287199082034,6
,2.75,W2bin,1.4239504272167982,1.3975910825204594,0.8024647009209739,0.00021124674507409428,0.00011002002068457476,0.0013835749141781093,8.367463941212631e-05,3.4404768684872007,6
,2.75,W2bin,1.1174326812658475,1.0910733365695087,0.2272700508277009,8.74646972245468e-05,4.5187111168075714e-05,0.0002674778233297118,5.058256480415855e-05,5.032509221169767,7
,2.75,W2bin,2.014000964721919,1.9876416200255802,1.9097216768740588,0.001440601518317641,0.0006680997715060475,0.00516197434917261,0.00037149215641326115,1.5594961251290373,6
,2.75,W2bin,2.064547731510136,2.0381883868137973,2.0045750099034203,0.002068788033543781,0.0006824308667377289,0.005406850160219947,0.0003258685027693215,0.4492999119979304,6
,2.75,W2bin,2.114295614601956,2.087936269905617,2.097929200927842,0.002600860716941233,0.000694518342521146,0.0058968426322984465,0.0003387801710439709,0.847346275486317,6
,2.75,W2bin,2.174769177757715,2.1484098330613763,2.2114106239735296,0.002878693507598894,0.0007120601408361995,0.006645229878062917,0.0003149877229072109,0.17644206925805012,6
,2.75,W2bin,2.2596520684810932,2.2332927237847544,2.370697273028921,0.002578793642948584,0.0011496313827663099,0.007880123544954551,0.000354137347889235,0.7555180230706053,6
,2.75,W2bin,2.617557860222182,2.5911985155258432,3.042323954897496,0.0049750220866466915,0.0027152953150476155,0.012563379154515492,0.0008624543833984688,0.15425622177103934,6
,2.75,W2bin,3.364982633640774,3.338623288944435,4.44490092375706,0.00491089198543348,0.009405926624222377,0.02594437603312455,0.0028000199371857,1.0652555801499937,7
